time,Va_kV,Vb_kV,Vc_kV
1.97,-3.2643531536765095e-13,7.794228634060314,-7.794228634059987
1.9701001112347052,-0.28301118505872414,7.931879685077917,-7.648868500019216
1.9702002224694104,-0.5657424506001852,8.061685505747626,-7.495943055147484
1.9703003337041156,-0.8479141539663325,8.183517708270887,-7.33560355430462
1.9704004449388208,-1.1292472059512688,8.297255791363419,-7.168008585412239
1.970500556173526,-1.4094633468388806,8.402787259438584,-6.993323912599814
1.9706006674082313,-1.6882854216197711,8.50000773387303,-6.811722312253392
1.9707007786429365,-1.9654376541256506,8.588821056247669,-6.623383402122172
1.970800889877642,-2.2406459197858073,8.669139383453093,-6.428493463667461
1.9709010011123471,-2.5136380167601486,8.74088327457428,-6.227245257814328
1.9710011123470523,-2.78414393517038,8.803981769464308,-6.019837834294145
1.9711012235817575,-3.051896124153367,8.858372458927583,-5.806476334774456
1.9712013348164628,-3.3166297564970346,8.9040015464491,-5.587371789952326
1.971301446051168,-3.5780829905668226,8.94082390140169,-5.3627409108351465
1.9714015572858732,-3.835997229294564,8.968803103684955,-5.132805874390691
1.9715016685205784,-4.0901173759430325,8.987911479746447,-4.897794103803734
1.9716017797552836,-4.3401920864234125,8.998130129953717,-4.657938043530644
1.9717018909899888,-4.585974017886308,8.999448947286927,-4.413474929400978
1.971802002224694,-4.8272200733689425,8.991866627335806,-4.164646553967241
1.9719021134593993,-5.063691642233696,8.97539066958955,-3.9116990273562484
1.9720022246941045,-5.295154836169625,8.950037370019576,-3.6548825338503637
1.9721023359288097,-5.521380720531676,8.91583180496109,-3.3944510844298454
1.972202447163515,-5.742145540767708,8.872807806311409,-3.13066226554415
1.97230255839822,-5.9572309437352535,8.821007928066667,-2.8637769843318783
1.9724026696329255,-6.166424193663692,8.76048340423369,-2.594059210570481
1.9725027808676308,-6.369518382568548,8.691294098155367,-2.3217757155873184
1.972602892102336,-6.566312634901274,8.61350844330036,-2.047195808399599
1.9727030033370412,-6.756612306225324,8.527203375579047,-1.77059106935425
1.9728031145717464,-6.940229175739938,8.432464257245828,-1.4922350815064322
1.9729032258064516,-7.116981632439288,8.329384792471881,-1.2124031600331497
1.9730033370411568,-7.286694854744235,8.218066934662307,-0.9313720799186408
1.973103448275862,-7.449200983412023,8.098620785617376,-0.6494198022059354
1.9732035595105673,-7.6043392875601405,7.971164486634932,-0.366825199075385
1.9733036707452725,-7.751956323645402,7.835824101656593,-0.08386777801179725
1.9734037819799777,-7.891906087226758,7.692733492584649,0.19917259464149192
1.973503893214683,-8.02405015737902,7.54203418687857,0.48201597049982514
1.973604004449388,-8.148257833597615,7.383875237577757,0.7643825960192213
1.9737041156840933,-8.264406265075095,7.218413075872437,1.0459931892020125
1.9738042269187985,-8.372380572206328,7.04581135638592,1.3265692158197535
1.973904338153504,-8.472073960216479,6.866240795302989,1.605833164912828
1.9740044493882092,-8.563387824786345,6.679879001522957,1.8835088232627193
1.9741045606229144,-8.6462318495808,6.486910300989234,2.159321548590892
1.9742046718576196,-8.720524095579268,6.287525554374795,2.4329985412037907
1.9743047830923248,-8.786191082117593,6.081921968311446,2.7042691138054615
1.97440489432703,-8.843167859567965,5.870302900332521,2.9728649592347525
1.9745050055617352,-8.891398073578058,5.652877657738942,3.2385204158384227
1.9746051167964405,-8.930834020809392,5.429861290580867,3.5009727302278284
1.9747052280311457,-8.961436696120682,5.201474378951353,3.7599623171686285
1.974805339265851,-8.983175831145738,4.967942814822355,4.015233016322682
1.974905450500556,-8.996029924232072,4.729497578613845,4.266532345617524
1.9750055617352613,-8.999986261707019,4.486374510743412,4.5136117509629035
1.9751056729699665,-8.995040930452904,4.23881407835532,4.756226852096881
1.9752057842046717,-8.98119882177729,3.987061137487295,4.994137684289295
1.975305895439377,-8.958473626574976,3.731364690882192,5.227108935692084
1.9754060066740824,-8.926887821786911,3.4719776417117276,5.454910180074487
1.9755061179087876,-8.886472648168812,3.2091565434334073,5.677316104734712
1.9756062291434928,-8.837268079391091,2.943161346036793,5.894106733353607
1.975706340378198,-8.77932278250297,2.674255138939934,6.10506764356235
1.9758064516129032,-8.71269406979592,2.402703890767286,6.309990179027953
1.9759065628476085,-8.637447842117846,2.128776186289421,6.508671655827749
1.9760066740823137,-8.553658523693105,1.8527429607753356,6.700915562917102
1.9761067853170189,-8.46140898850934,1.574877232009984,6.886531756498698
1.976206896551724,-8.360790478351234,1.2954538302669656,7.0653366480836155
1.9763070077864293,-8.251902512552794,1.0147491264725208,7.237153386079629
1.9764071190211345,-8.13485278956811,0.7330407588618042,7.401812030705672
1.9765072302558397,-8.009757080446265,0.4506073583655127,7.559149722080128
1.976607341490545,-7.876739114328369,0.16772827303090965,7.709010841296843
1.9767074527252502,-7.735930456066965,-0.11531670828170903,7.85124716434807
1.9768075639599554,-7.587470376099658,-0.39824763262835056,7.985718008727416
1.9769076751946606,-7.431505712701815,-0.6807846598729411,8.112290372574176
1.977007786429366,-7.268190726748565,-0.9626483394775889,8.230839066225586
1.9771078976640712,-7.09768694914297,-1.2435598868932018,8.341246836035618
1.9772080088987765,-6.920163021048143,-1.5232414593016212,8.443404480349225
1.9773081201334817,-6.735794527086316,-1.801416430426248,8.537210957512038
1.9774082313681869,-6.544763821676884,-2.0778096641293424,8.622573485805715
1.977508342602892,-6.347259848668733,-2.3521477865505607,8.699407635218797
1.9776084538375973,-6.143477954465968,-2.6241594564864417,8.767637410951929
1.9777085650723025,-5.933619694809808,-2.8935756337753546,8.827195328584699
1.9778086763070077,-5.71789263543056,-3.160129845390758,8.87802248082087
1.977908787541713,-5.496510146743312,-3.423558449011007,8.92006859575389
1.9780088987764182,-5.269691192814653,-3.6836008937738973,8.95329208658814
1.9781090100111234,-5.037660114785061,-3.939999977987912,8.977660092772581
1.9782091212458286,-4.80064640898082,-4.192502103521278,8.993148512501723
1.9783092324805338,-4.558884499927409,-4.440857526627066,8.999742026554118
1.978409343715239,-4.3126135084798385,-4.684820604965043,8.997434113444545
1.9785094549499445,-4.0620770153200665,-4.924150040554245,8.986227055873995
1.9786095661846497,-3.807522820034688,-5.158609118437746,8.966131938472136
1.9787096774193549,-3.549202696019524,-5.387965940814159,8.937168636833407
1.97880978865406,-3.2873721414631243,-5.611993656396264,8.899365797859131
1.9789098998887653,-3.022290126632221,-5.830470684790744,8.85276081142273
1.9790100111234705,-2.754218837738069,-6.043180935651537,8.797399773389392
1.9791101223581757,-2.483423417606744,-6.249914022415868,8.733337440022417
1.979210233592881,-2.2101717034405333,-6.450465470386371,8.660637173826732
1.9793103448275862,-1.9347339618988137,-6.64463691897804,8.579370880876702
1.9794104560622914,-1.6573826217917302,-6.832236317906088,8.48961893969769
1.9795105672969966,-1.3783920046205016,-7.013078117143213,8.391470121763607
1.9796106785317018,-1.0980380532556178,-7.186983450440417,8.28502150369595
1.979710789766407,-0.8165980590114865,-7.353780312237527,8.17037837124895
1.9798109010011122,-0.5343503873772011,-7.513303727794052,8.04765411517121
1.9799110122358174,-0.25157420270009817,-7.6653959163569,7.9169701190569794
1.9800111234705229,0.031450807937100034,-7.809906447222114,7.778455639285017
1.980111234705228,0.31444471134086727,-7.946692388518322,7.632247677177479
1.9802113459399333,0.5971276050850899,-8.075618448578973,7.47849084349393
1.9803114571746385,0.8792198943588505,-8.196557109757324,7.317337215398541
1.9804115684093437,1.1604425684997477,-8.309388754547868,7.14894618604821
1.980511679644049,1.4405174769647449,-8.414001783900614,6.973484306935982
1.9806117908787542,1.7191676044340196,-8.510292727597745,6.7911251231638605
1.9807119021134594,1.996117344807209,-8.598166346596233,6.6020490017891795
1.9808120133481646,2.271092773795676,-8.677535727225191,6.406442953429693
1.9809121245828698,2.543821919851444,-8.748322367149372,6.204500447298126
1.981012235817575,2.814035033174611,-8.810456253015852,5.99642121984146
1.9811123470522802,3.0814648525084736,-8.863875929700502,5.782411077192268
1.9812124582869854,3.345846869488977,-8.908528561093558,5.562681691604844
1.9813125695216907,3.606919590255816,-8.944369982357003,5.337450392101468
1.9814126807563959,3.864424794097324,-8.971364743608213,5.106939949511192
1.981512791991101,4.118107788842792,-8.989486144981568,4.871378356139098
1.9816129032258065,4.367717662779772,-8.998716263037396,4.630998600257966
1.9817130144605117,4.613007532818335,-8.9990459684891,4.386038435671124
1.981813125695217,4.853734788679982,-8.990474935233035,4.136740146553431
1.9819132369299222,5.0896613328601426,-8.973011640670828,3.883350307811082
1.9820133481646274,5.320553816118611,-8.94667335732487,3.626119541206675
1.9821134593993326,5.546183868285649,-8.911486135754132,3.3653022674689166
1.9822135706340378,5.766328324134751,-8.86748477878822,3.10115645465392
1.982313681868743,5.980769444107674,-8.814712807105368,2.833943362998161
1.9824137931034482,6.1892951296808825,-8.753222416185992,2.563927286505592
1.9825139043381534,6.3916991331408735,-8.683074424688927,2.291375291548552
1.9826140155728587,6.587781261584828,-8.604338214295389,2.0165569527110767
1.9827141268075639,6.777347574920716,-8.51709166108726,1.7397440861670732
1.982814238042269,6.960210577694422,-8.421421058519455,1.4612104808255755
1.9829143492769743,7.136189404531484,-8.317421032071683,1.1812316275407557
1.9830144605116795,7.305109999031943,-8.205194445653907,0.9000844466225351
1.983114571746385,7.466805285920806,-8.084852299868695,0.6180470139484718
1.9832146829810902,7.621115336300186,-7.956513622222206,0.33539828592261667
1.9833147942157954,7.767887525832659,-7.820305349395454,0.05241782356340167
1.9834149054505006,7.906976685694474,-7.676362201697608,-0.23061448399624895
1.9835150166852058,8.038245246162301,-7.524826549814028,-0.5134186963476451
1.983615127919911,8.161563372678401,-7.365848273992217,-0.7957150986855472
1.9837152391546162,8.27680909426564,-7.199584615800736,-1.0772244784642577
1.9838153503893214,8.383868424169071,-7.026200022601286,-1.35766840156713
1.9839154616240267,8.482635472594154,-6.845865984902607,-1.6367694876908858
1.9840155728587319,8.573012551442883,-6.658760866738348,-1.9142516847038658
1.984115684093437,8.654910270931863,-6.465069729256733,-2.189840541674453
1.9842157953281423,8.728247628008193,-6.2649841476756425,-2.4632634803318685
1.9843159065628475,8.792952086465272,-6.058702021805802,-2.7342500646587835
1.9844160177975527,8.848959648688522,-5.846427380307856,-3.0025322683799764
1.984516129032258,8.89621491895296,-5.62837017889463,-3.2678447400576354
1.9846162402669631,8.934671158213385,-5.404746092671477,-3.5299250655412115
1.9847163515016686,8.964290330333965,-5.1757763028116734,-3.7885140275215923
1.9848164627363738,8.985043139707795,-4.941687277797084,-4.043355861910011
1.984916573971079,8.996909060233047,-4.70271054942132,-4.294198510811025
1.9850166852057842,8.999876355614814,-4.459082483784567,-4.540793871829544
1.9851167964404894,8.993942090972983,-4.211044047515684,-4.782898043456597
1.9852169076751947,8.979112135745137,-3.9588405694308935,-5.020271566313542
1.9853170189098999,8.955401157881406,-3.7027214978921537,-5.252679659988553
1.985417130144605,8.922832609336329,-3.4429401540765285,-5.479892455259103
1.9855172413793103,8.88143870287377,-3.17975348142974,-5.701685221443336
1.9856173526140155,8.831260380205121,-2.9134217915221132,-5.917838588682319
1.9857174638487207,8.772347271496034,-2.644208506588303,-6.128138764907046
1.985817575083426,8.704757646277237,-2.3723798989760274,-6.332377747300531
1.9859176863181311,8.628558355811958,-2.0982048277853678,-6.530353528025915
1.9860177975528364,8.543824766975913,-1.8219544729497565,-6.721870294025488
1.9861179087875416,8.45064068771176,-1.5439020670115067,-6.906738620699592
1.986218020022247,8.349098284138748,-1.2643226248810822,-7.084775659257014
1.9863181312569522,8.239297989392664,-0.9834926718235334,-7.255805317568487
1.9864182424916574,8.12134840428851,-0.7016899699509745,-7.419658434336901
1.9865183537263627,7.99536618990892,-0.4191932435019108,-7.576172946406385
1.9866184649610679,7.861475952214101,-0.13628190315369185,-7.7251940490597955
1.986718576195773,7.719810118800724,0.1467642303276676,-7.866574349127789
1.9868186874304783,7.570508807917128,0.4296652028596144,-8.000174010776151
1.9869187986651835,7.41371968987984,0.7121412039306905,-8.125860893809952
1.9870189098998887,7.2495978410121245,0.9939128433625158,-8.243510684374073
1.987119021134594,7.078305590266272,1.2747014276396944,-8.353007017905412
1.9872191323692991,6.900012358663873,1.554229235565964,-8.454241594229298
1.9873192436040044,6.714894491727253,1.8322197929484374,-8.547114284675166
1.9874193548387096,6.523135085062495,2.1083981460485486,-8.631533231110533
1.9875194660734148,6.324923803259265,2.3824911335391596,-8.707414936797932
1.98761957730812,6.1204566923037,2.6542276566738408,-8.774684348977063
1.9877196885428254,5.9099359856683265,2.923338947432007,-8.833274933099872
1.9878197997775306,5.693569904292949,3.1895588343439676,-8.883128738636472
1.9879199110122359,5.471572450636229,3.4526240057576842,-8.924196456393487
1.988020022246941,5.24416319700853,3.7122742702767626,-8.956437467284882
1.9881201334816463,5.011567068403915,3.968252814102843,-8.979819882506368
1.9882202447163515,4.774014120025713,4.220306455051422,-8.994320575076761
1.9883203559510567,4.531739309751195,4.46818589296083,-8.99992520271167
1.988420467185762,4.284982265734458,4.711645956275403,-8.996628222009527
1.9885205784204671,4.03398704939852,4.950445844535933,-8.984432893934137
1.9886206896551724,3.7790019140428575,5.1843493665470595,-8.963351280589622
1.9887208008898776,3.520279059295691,5.413125173994272,-8.933404233289687
1.9888209121245828,3.258074381676799,5.636546990258163,-8.894621371934708
1.988921023359288,2.9926472214889834,5.854393834225776,-8.847041055714527
1.9890211345939932,2.7242601063184244,6.066450238851227,-8.790710345169439
1.9891212458286984,2.4531784913673276,6.2725064642752315,-8.725684955642366
1.9892213570634039,2.1796704969053633,6.472358705268322,-8.652029202173516
1.989321468298109,1.9040066430755267,6.665809292812064,-8.569815935887442
1.9894215795328143,1.626459582326175,6.852666889610699,-8.479126471936748
1.9895216907675195,1.3473038297440787,7.032746679333402,-8.380050509077375
1.9896218020022247,1.0668154915301682,7.205870549417044,-8.27268604094713
1.98972191323693,0.7852719919176343,7.371867267227818,-8.15713925914539
1.9898220244716351,0.5029517987712473,7.5305726494277305,-8.03352444819894
1.9899221357063404,0.22013414816455443,7.681829724362386,-7.901963872526923
1.9900222469410456,-0.06290123180268771,7.8254888873163235,-7.762587655513641
1.9901223581757508,-0.34587439768396666,7.961408048487182,-7.6155336508032425
1.990222469410456,-0.628505467563128,8.08945277351914,-7.460947305956061
1.9903225806451612,-0.9105148978869854,8.209496416472607,-7.298981518585691
1.9904226918798664,-1.1916237599469213,8.321420245082958,-7.129796485136131
1.9905228031145716,-1.4715540157686753,8.425113558199229,-6.953559542430668
1.9906229143492769,-1.7500287931048555,8.520473795272688,-6.770445002167969
1.990723025583982,-2.026772659290672,8.607406637800013,-6.5806339785095
1.9908231368186875,-2.3015118936606656,8.685826102608942,-6.384314208948457
1.9909232480533927,-2.5739747582822483,8.755654626903324,-6.181679868621276
1.991023359288098,-2.843891766728044,8.816823144979223,-5.972931378251403
1.9911234705228031,-3.110995950611521,8.86927115653445,-5.758275205923173
1.9912235817575084,-3.375023123645824,8.912946786509574,-5.5379236628640145
1.9913236929922136,-3.635712142941059,8.947806836395475,-5.3120946934547
1.9914238042269188,-3.892805167291634,8.97381682695972,-5.081011659668389
1.991523915461624,-4.146047912207322,8.990951032349928,-4.844903120142929
1.9916240266963292,-4.395189901412474,8.999192505537854,-4.604002604125723
1.9917241379310344,-4.639984714593355,8.99853309508176,-4.3585483804887675
1.9918242491657396,-4.880190231119324,8.988973453188585,-4.108783222069642
1.9919243604004448,-5.115568869525566,8.970523035068839,-3.8549541655436728
1.99202447163515,-5.345887822492226,8.943200089584955,-3.5973122670931468
1.9921245828698553,-5.570919287114504,8.907031641201403,-3.3361123540873345
1.9922246941045605,-5.790440690214355,8.862053463255496,-3.071612773041592
1.992324805339266,-6.004234908480708,8.808310042575268,-2.8040751340950276
1.9924249165739711,-6.212090483222568,8.745854535478465,-2.5337640522563825
1.9925250278086764,-6.413801829519854,8.674748715196095,-2.260946885676742
1.9926251390433816,-6.6091694395572755,8.595062910775681,-1.9858934712189227
1.9927252502780868,-6.798000079958505,8.50687593751844,-1.708875857560468
1.992825361512792,-6.9801069829029965,8.410275019027285,-1.4301680361248323
1.9929254727474972,-7.155310030858981,8.305355700933509,-1.150045670075087
1.9930255839822024,-7.323435934728087,8.19222175639772,-0.8687858216702041
1.9931256952169076,-7.48431840524647,8.07098508346727,-0.5866666782213855
1.9932258064516128,-7.637798317452638,7.941765594403889,-0.30396727695184783
1.993325917686318,-7.783723868078749,7.804691097077843,-0.020967228999702152
1.9934260289210233,-7.921950725691122,7.659897168560012,0.2620535571304907
1.9935261401557285,-8.052342173448723,7.5075270210224865,0.5448151524256081
1.9936262513904337,-8.174769244324777,7.347731360092229,0.8270378842319097
1.993726362625139,-8.289110848663737,7.18066823579365,1.1084426128694393
1.9938264738598441,-8.395253893951153,7.0065028862210355,1.388751007729462
1.9939265850945496,-8.493093396667783,6.825407574109707,1.6676858225574134
1.9940266963292548,-8.582532586127622,6.637561416453417,1.9449711696735341
1.99412680756396,-8.663483000192283,6.44315020734192,2.2203327928496877
1.9942269187986652,-8.735864572764577,6.242366234201331,2.4934983385625644
1.9943270300333704,-8.799605712982286,6.035408087601679,2.7641976253799196
1.9944271412680756,-8.854643376024864,5.822480464841571,3.0321629111826023
1.9945272525027808,-8.900923125471389,5.6037939674810655,3.297129157989629
1.994627363737486,-8.938399187140716,5.379564893046919,3.558834294093099
1.9947274749721913,-8.967034494366949,5.150015021091612,3.817019473274638
1.9948275862068965,-8.986800724660108,4.915371393843039,4.071429330816367
1.9949276974416017,-8.997678327720012,4.67586609163677,4.32181223608254
1.995027808676307,-8.999656544772563,4.431736003373421,4.56792054139844
1.9951279199110121,-8.992733419211108,4.1832225922202895,4.809510826990117
1.9952280311457173,-8.976915798531639,3.9305716567797644,5.046344141751173
1.9953281423804226,-8.952219327560304,3.674033087983055,5.2781862395765495
1.995428253615128,-8.91866843297903,3.413860621921815,5.504807811056519
1.9955283648498332,-8.876296299166228,3.1503115888903626,5.725984710275171
1.9956284760845384,-8.825144835374797,2.883646658863787,5.94149817651032
1.9957285873192436,-8.765264634280003,2.6141295836726344,6.151135050606684
1.9958286985539488,-8.696714921940865,2.3420269361391224,6.354687985801064
1.995928809788654,-8.619563499219351,2.067607846408622,6.551955652810056
1.9960289210233593,-8.533886674722176,1.7911437357674023,6.742742938954106
1.9961290322580645,-8.439769189323917,1.51290804817948,6.926861141143778
1.9962291434927697,-8.337304132352584,1.2331759798327564,7.104128152519176
1.996329254727475,-8.226592849518447,0.9522242069521829,7.274368642565621
1.9964293659621801,-8.107744842672787,0.6703306121389142,7.43741423053324
1.9965294771968853,-7.9808776615054615,0.3877740095314647,7.593103651973373
1.9966295884315906,-7.846116787275913,0.10483386902924403,7.741282918246056
1.9967296996662958,-7.703595508706358,-0.1782099601161972,7.881805468821954
1.996829810901001,-7.553454790145243,-0.4610775261014689,8.014532316246124
1.9969299221357062,-7.395843132146934,-0.7434890514567204,8.139332183603075
1.9970300333704116,-7.230916424589066,-1.0251652097749422,8.256081634363444
1.9971301446051168,-7.058837792489566,-1.3058274019798115,8.364665194468827
1.997230255839822,-6.879777434662046,-1.5851980318843786,8.464975466545887
1.9973303670745273,-6.693912455374207,-1.8630007807577518,8.556913236131436
1.9974304783092325,-6.5014266891829,-2.13896088061822,8.640387569800613
1.9975305895439377,-6.302510519103153,-2.4128053860066587,8.71531590510932
1.997630700778643,-6.097360688306861,-2.6842634439472333,8.781624132253619
1.9977308120133481,-5.886180105531195,-2.9530665618386216,8.839246667369357
1.9978309232480533,-5.669177644381234,-3.2189488730203926,8.888126517401185
1.9979310344827585,-5.446567936744236,-3.4816473997275224,8.928215336471332
1.9980311457174638,-5.218571160496163,-3.7409023132030246,8.959473473698779
1.998131256952169,-4.985412821735497,-3.9964571906806974,8.981870012415806
1.9982313681868742,-4.74732353173403,-4.248059269014173,8.995382800747832
1.9983314794215794,-4.504538778851563,-4.495459694671445,8.999998473522657
1.9984315906562846,-4.2572986956131915,-4.73841376987715,8.995712465490008
1.99853170189099,-4.005847821206127,-4.976681194630921,8.982529015836736
1.9986318131256953,-3.750434859609343,-5.210026304385069,8.960461163994118
1.9987319243604005,-3.4913124336036434,-5.4382183031371305,8.929530736740501
1.9988320355951057,-3.228736834915076,-5.661031491698764,8.889768326613588
1.998932146829811,-2.962967770716465,-5.878245490935175,8.84121326165141
1.9990322580645161,-2.6942681067600844,-6.089645459734221,8.783913566494096
1.9991323692992213,-2.4229036073864636,-6.2950223074983604,8.717925914884635
1.9992324805339265,-2.1491426726564877,-6.4941729009563955,8.643315573612716
1.9993325917686318,-1.8732560728912286,-6.686900265071751,8.560156337962832
1.999432703003337,-1.5955166808516603,-6.87301377787146,8.468530458722997
1.9995328142380422,-1.3161992018547815,-7.052329358980191,8.36852856083487
1.9996329254727474,-1.0355799020612062,-7.224669651695066,8.260249553756191
1.9997330367074526,-0.7539363352350577,-7.389864198399704,8.143800533634703
1.9998331479421578,-0.47154706821414427,-7.5477496091647085,8.019296677378815
1.999933259176863,-0.18869140539437607,-7.698169723347921,7.886861128742283
2.0000333704115683,0.009435088753059373,-7.840975764053196,7.746624876522609
2.0001334816462735,0.03772998602757917,-7.976026485280187,7.598726625004426
2.0002335928809787,0.06598756548539093,-8.103188311626026,7.443312656772168
2.000333704115684,0.09417987823832233,-8.222335470404847,7.280536688021698
2.000433815350389,0.12227903995151235,-8.333350116042855,7.110559716527826
2.0005339265850943,0.15025725842394702,-8.436122446639954,6.933549862400602
2.0006340378197995,0.1780868610762415,-8.530550812568963,6.749682201806688
2.0007341490545048,0.20574032232172718,-8.61654181701776,6.559138593800648
2.0008342602892104,0.23319029079063863,-8.694010408363345,6.362107500457142
2.0009343715239156,0.2604096163830947,-8.762879964295754,6.158783800465011
2.001034482758621,0.2873713771224078,-8.823082367602757,5.9493685963789025
2.001134593993326,0.31404890578334876,-8.874558073543787,5.734069015710546
2.0012347052280313,0.34041581626737494,-8.917256168742773,5.5130980060692885
2.0013348164627365,0.3664460297012527,-8.951134421546795,5.286674124534556
2.0014349276974417,0.3921138002302784,-8.976159323795176,5.055021321492698
2.001535038932147,0.41739374048354233,-8.992306123962514,4.818368719127418
2.001635150166852,0.4422608466836743,-8.999558851639318,4.576950384802921
2.0017352614015573,0.466690523377212,-8.997910333328013,4.331005099556256
2.0018353726362625,0.4906586077619943,-8.987362199538172,4.080776121918612
2.0019354838709678,0.5141413935852982,-8.967924883173877,3.8265109473212977
2.002035595105673,0.537115654591813,-8.939617609214476,3.568461063296766
2.002135706340378,0.559558667495489,-8.902468375700177,3.3068817007457256
2.0022358175750834,0.5814482344552537,-8.856513926039057,3.042031581486973
2.0023359288097886,0.6027627050297115,-8.801799712666103,2.77417266236946
2.002436040044494,0.6234809975917035,-8.738379852086,2.503569876169453
2.002536151279199,0.6435826201790197,-8.666317071349372,2.230490869559678
2.0026362625139043,0.6630476907630323,-8.585682646009449,1.9552057383796442
2.0027363737486095,0.6818569569132946,-8.496556329625696,1.6779867604932825
2.0028364849833147,0.6999918148394607,-8.399026274882596,1.399108126488536
2.00293659621802,0.7174343277923141,-8.293188946397636,1.1188456684750556
2.003036707452725,0.7341672438040486,-8.1791490253133,0.8374765872733873
2.0031368186874303,0.7501740127522765,-8.057019305756427,0.5552791782342491
2.0032369299221355,0.7654388027288704,-7.926920583279567,0.27253255599146087
2.0033370411568407,0.7799465156993842,-7.788981535381488,-0.010483621611744171
2.003437152391546,0.7936828024357111,-7.643338594239134,-0.29348943011735734
2.003537263626251,0.806634076708979,-7.490135811761876,-0.5762049553272836
2.0036373748609564,0.8187875287269625,-7.329524717117459,-0.8583505701515266
2.0037374860956616,0.8301311378042742,-7.161664166854358,-1.139647211187735
2.0038375973303673,0.8406536842516161,-6.9867201877815095,-1.4198166547339948
2.0039377085650725,0.8503447604726873,-6.804865812759108,-1.6985817919670994
2.0040378197997777,0.8591947812584042,-6.616280909551061,-1.9756669030323109
2.004137931034483,0.8671949932672997,-6.421152002923183,-2.2507979297491354
2.004238042269188,0.8743374836832005,-6.219672090156705,-2.5237027466746165
2.0043381535038933,0.8806151880415403,-6.012040450161614,-2.7941114302531016
2.0044382647385985,0.8860218972168219,-5.798462446369545,-3.0617565257979833
2.0045383759733038,0.8905522635637331,-5.579149323619788,-3.326373312016848
2.004638487208009,0.8942018062065287,-5.354317999215951,-3.5877000628486373
2.004738598442714,0.8969669154708255,-5.124190848384638,-3.8454783063229176
2.0048387096774194,0.8988448564539502,-4.8889954843229955,-4.099453080215805
2.0049388209121246,0.8998337717298841,-4.648964533078651,-4.349373184219487
2.00503893214683,0.899932683186454,-4.404335403458128,-4.594991428405709
2.005139043381535,0.8991414929927299,-4.155350052218462,-4.836064877708135
2.0052391546162402,0.8974609836957977,-3.902254744747487,-5.072355092209789
2.0053392658509455,0.8948928174467459,-3.6452998114912765,-5.303628362975483
2.0054393770856507,0.8914395343567135,-3.3847394003612115,-5.529655943205229
2.005539488320356,0.887104549984456,-3.12083122535589,-5.750214274487977
2.005639599555061,0.8818921519581966,-2.8538363116699776,-5.965085207911299
2.0057397107897663,0.8758074957347136,-2.584018737512875,-6.174056219833577
2.0058398220244715,0.8688565995003522,-2.311645372923061,-6.3769206220797825
2.0059399332591767,0.8610463382184064,-2.0369856158055955,-6.573477766377796
2.006040044493882,0.8523844368294601,-1.7603111254850423,-6.763533242808893
2.006140155728587,0.8428794626106093,-1.4818955540058605,-6.9468990720995745
2.0062402669632924,0.8325408167020262,-1.202014275477783,-7.123393891541829
2.0063403781979976,0.8213787248082854,-0.9209441137029172,-7.292843134379295
2.006440489432703,0.8094042270844571,-0.6389630683790178,-7.455079202464922
2.006540600667408,0.7966291672166997,-0.3563500401397851,-7.60994163202659
2.0066407119021132,0.7830661807076462,-0.07338455469385591,-7.757277252381994
2.0067408231368185,0.7687286823793029,0.20965351363914841,-7.896940337431577
2.0068409343715237,0.7536308531043823,0.4924842187537178,-8.028792749796951
2.0069410456062293,0.7377876257806999,0.774827819639217,-8.15270407744564
2.0070411568409345,0.721214670561202,1.056405057069045,-8.268551762680502
2.0071412680756398,0.7039283793551105,1.3369374298071472,-8.376221223357703
2.007241379310345,0.6859458496148294,1.6161474700709038,-8.475605966218662
2.00734149054505,0.6672848674257119,1.8937590179607164,-8.566607692217314
2.0074416017797554,0.6479638899137536,2.169497494611156,-8.649136393748186
2.0075417130144606,0.6280020269906356,2.4430901737622523,-8.723110443668117
2.007641824249166,0.6074190224520137,2.7142664515144133,-8.788456676034077
2.007741935483871,0.5862352344499855,2.9827581139682855,-8.845110458467682
2.0078420467185762,0.5644716153568186,3.248299602515522,-8.893015756083267
2.0079421579532815,0.5421496910416803,3.510628276493388,-8.932125186909767
2.0080422691879867,0.5192915395801725,3.7694846729534914,-8.96240006875481
2.008142380422692,0.495919769416871,4.024612763296917,-8.983810457465239
2.008242491657397,0.472057497004521,4.275760206498436,-8.996335176543276
2.0083426028921023,0.447728323939437,4.52267859869829,-8.999961838092311
2.0084427141268075,0.4229563136184246,4.765123718885176,-8.994686855069093
2.0085428253615127,0.39776596743755344,5.002855770456484,-8.980515444831708
2.008642936596218,0.37218220055913487,5.235639618388302,-8.95746162397936
2.008743047830923,0.3462303172680097,5.46324502180866,-8.925548194488487
2.0088431590656284,0.3199359859444312,5.685446861716477,-8.884806721160539
2.0089432703003336,0.2933252136754382,5.902025363647119,-8.83527750040127
2.009043381535039,0.26642432053215015,6.112766315043457,-8.77700952036475
2.009143492769744,0.23925991353751833,6.317461277126129,-8.710060412501125
2.0092436040044492,0.21185886034928017,6.515907791060566,-8.634496394553203
2.0093437152391544,0.1842482626865938,6.707909578198223,-8.550392205064018
2.0094438264738597,0.15645542952359112,6.893276734216771,-8.45783102945256
2.009543937708565,0.12850785007953008,7.071825916944323,-8.356904417739523
2.00964404894327,0.1004331666290696,7.243380527704096,-8.247712193994712
2.0097441601779753,0.07225914716277189,7.407770885978732,-8.130362357606394
2.0098442714126805,0.044013657921643315,7.564834397242157,-8.004970976458557
2.0099443826473857,0.015724635836123605,7.714415713773135,-7.871662072134358
2.0100444938820914,-0.012579939106574888,7.856366888310983,-7.730567497245245
2.0101446051167966,-0.04087207153556911,7.990547520380284,-7.581826805024626
2.010244716351502,-0.06912377838728122,8.116824895164777,-7.425587111292019
2.010344827586207,-0.09730711658158321,8.235074114766418,-7.262002948950662
2.0104449388209122,-0.1253942106605403,8.34517822174304,-7.091236115137736
2.0105450500556175,-0.15335728035853774,8.447028314784728,-6.91345551119947
2.0106451612903227,-0.18116866807978094,8.540523656428308,-6.72883697563064
2.010745272525028,-0.20880086625344768,8.625571772693021,-6.5375631101587075
2.010845383759733,-0.23622654454046388,8.702088544543516,-6.339823099139061
2.0109454949944383,-0.26341857686597797,8.769998291092012,-6.135812522432438
2.0110456062291435,-0.2903500682483133,8.829233844450242,-5.925733161967336
2.0111457174638487,-0.31699438140092917,8.879736616165534,-5.70979280215649
2.011245828698554,-0.34332516307793914,8.921456655167528,-5.488205024388406
2.011345939933259,-0.36931637014023855,8.954352697175032,-5.261188995772936
2.0114460511679644,-0.3949422953133828,8.978392205508314,-5.028969252374796
2.0115461624026696,-0.42017759261469123,8.993551403271258,-4.791775477124675
2.011646273637375,-0.44499730242205754,8.99981529686802,-4.549842272647791
2.01174638487208,-0.4693768761606455,8.997177690832899,-4.303408929226811
2.0118464961067852,-0.49329220058391443,8.985641193958216,-4.052719188119456
2.0119466073414904,-0.5167196216227438,8.965217216714073,-3.7980210004870396
2.0120467185761957,-0.5396359677817915,8.935925959962226,-3.5395662821447327
2.012146829810901,-0.5620185730571831,8.89779639497647,-3.277610664405079
2.012246941045606,-0.5838452993555698,8.85086623478702,-3.0124132412317786
2.0123470522803113,-0.6050945583897346,8.79518189688056,-2.7442363129836873
2.0124471635150165,-0.6257453330316753,8.730798457288474,-2.4733451269722098
2.0125472747497217,-0.6457771980995243,8.65777959611409,-2.2000076151193504
2.012647385984427,-0.6651703405601289,8.57619753454667,-1.9244941289459017
2.012747497219132,-0.683905579125409,8.48613296342975,-1.6470771721761945
2.0128476084538374,-0.7019643832239131,8.38767496345288,-1.3680311312142988
2.0129477196885426,-0.7193288913294256,8.28092091704173,-1.087632003748035
2.013047830923248,-0.7359819286268486,8.165976412042312,-0.8061571257744017
2.0131479421579535,-0.7519070239999545,8.04295513728308,-0.5238848972841226
2.0132480533926587,-0.7670884263218593,7.91197877013316,-0.24109450691516787
2.013348164627364,-0.7815111200348868,7.7731768561480035,0.041934344200253416
2.013448275862069,-0.7951608400014227,7.626686680944538,0.3249217190690683
2.0135483870967743,-0.8080240856136923,7.472653134410847,0.6075877217254456
2.0136484983314795,-0.8200881341464903,7.311228567403313,0.8896527740609498
2.0137486095661847,-0.8313410533412928,7.142572641055626,1.1708378923566525
2.01384872080089,-0.841771713207817,6.966852168866481,1.4508649632110315
2.013948832035595,-0.8513697970327503,6.784240951703503,1.7294570186233345
2.0140489432703004,-0.8601258115834607,6.594919605906097,2.006338509927838
2.0141490545050056,-0.8680310964978007,6.399075384636912,2.281235580340417
2.014249165739711,-0.8750778328496096,6.196901992679745,2.5538763358156675
2.014349276974416,-0.8812590508824308,5.988599394845919,2.823991113977701
2.0144493882091212,-0.8865686369030309,5.774373618195958,3.0913127508336573
2.0145494994438264,-0.8910013393282611,5.554436548265624,3.355576845016291
2.0146496106785317,-0.8945527738793985,5.329005719489582,3.616522019303703
2.014749721913237,-0.8972194279184011,5.098304100049718,3.8738901791335927
2.014849833147942,-0.8989986639222767,4.862559871336177,4.127426767885888
2.0149499443826473,-0.8998887220917152,4.622006202265344,4.376881018651106
2.0150500556173525,-0.8998887220917156,4.376881018651297,4.622006202265156
2.0151501668520577,-0.8989986639222777,4.127426767886084,4.862559871335991
2.015250278086763,-0.8972194279184028,3.8738901791337916,5.0983041000495355
2.015350389321468,-0.8945527738794009,3.6165220193039045,5.329005719489405
2.0154505005561734,-0.8910013393282786,3.355576845017445,5.554436548264646
2.0155506117908786,-0.8865686369030347,3.0913127508338643,5.774373618195789
2.015650723025584,-0.881259050882456,2.823991113978882,5.988599394844991
2.015750834260289,-0.8750778328496147,2.553876335815879,6.196901992679585
2.015850945494994,-0.8680310964978065,2.2812355803406303,6.399075384636758
2.0159510567296994,-0.8601258115834671,2.006338509928053,6.594919605905947
2.0160511679644046,-0.8513697970327575,1.729457018623551,6.784240951703358
2.01615127919911,-0.8417717132078247,1.450864963211249,6.966852168866342
2.0162513904338155,-0.8313410533412621,1.1708378923558564,7.142572641056114
2.0163515016685207,-0.8200881341464572,0.8896527740601509,7.311228567403781
2.016451612903226,-0.8080240856136569,0.6075877217246446,7.472653134411295
2.016551724137931,-0.7951608400013852,0.324921719068266,7.626686680944966
2.0166518353726364,-0.7815111200348469,0.04193434419945059,7.7731768561484085
2.0167519466073416,-0.7670884263218172,-0.24109450691597042,7.911978770133543
2.016852057842047,-0.7519070239999103,-0.523884897284924,8.04295513728344
2.016952169076752,-0.7359819286269202,-0.8061571257731631,8.16597641204179
2.0170522803114572,-0.7193288913294388,-1.0876320037478162,8.280920917041643
2.0171523915461624,-0.7019643832239909,-1.3680311312130693,8.38767496345243
2.0172525027808677,-0.6839055791254233,-1.6470771721759778,8.486132963429677
2.017352614015573,-0.6651703405602126,-1.924494128944687,8.576197534546294
2.017452725250278,-0.6457771980995397,-2.200007615119137,8.657779596114029
2.0175528364849833,-0.6257453330316912,-2.473345126971998,8.73079845728842
2.0176529477196885,-0.6050945583897508,-2.7442363129834773,8.795181896880512
2.0177530589543937,-0.5838452993555865,-3.012413241231571,8.85086623478698
2.017853170189099,-0.5620185730572003,-3.277610664404874,8.897796394976437
2.017953281423804,-0.5396359677818091,-3.5395662821445306,8.9359259599622
2.0180533926585094,-0.5167196216228456,-3.798021000485912,8.965217216713965
2.0181535038932146,-0.4932922005839329,-4.052719188119259,8.985641193958202
2.01825361512792,-0.4693768761607516,-4.30340892922572,8.997177690832869
2.018353726362625,-0.4449973024220767,-4.5498422726476,8.999815296868022
2.01845383759733,-0.4201775926148012,-4.791775477123622,8.993551403271306
2.0185539488320354,-0.3949422953134026,-5.028969252374613,8.97839220550833
2.0186540600667406,-0.36931637014025864,-5.261188995772757,8.954352697175056
2.018754171301446,-0.3433251630779595,-5.488205024388231,8.921456655167558
2.018854282536151,-0.31699438140094977,-5.7097928021563185,8.87973661616557
2.0189543937708563,-0.2903500682483341,-5.92573316196717,8.829233844450284
2.0190545050055615,-0.26341857686599907,-6.1358125224322775,8.769998291092062
2.0191546162402667,-0.23622654454058384,-6.3398230991381785,8.702088544543832
2.019254727474972,-0.2088008662534691,-6.537563110158556,8.625571772693084
2.0193548387096776,-0.1811686680797023,-6.728836975631172,8.540523656428054
2.019454949944383,-0.15335728035845864,-6.9134555111999845,8.44702831478445
2.019555061179088,-0.12539421066046083,-7.091236115138231,8.34517822174274
2.019655172413793,-0.0973071165815034,-7.262002948951135,8.235074114766094
2.0197552836484984,-0.06912377838720117,-7.425587111292473,8.11682489516443
2.0198553948832036,-0.04087207153548891,-7.581826805025059,7.9905475203799154
2.019955506117909,-0.012579939106494612,-7.730567497245655,7.856366888310592
2.020055617352614,0.015724635836101574,-7.871662072134252,7.714415713773248
2.0201557285873193,0.04401365792162131,-8.004970976458456,7.564834397242277
2.0202558398220245,0.0722591471627499,-8.1303623576063,7.407770885978857
2.0203559510567297,0.1004331666290477,-8.247712193994623,7.243380527704225
2.020456062291435,0.12850785007950827,-8.356904417739441,7.0718259169444595
2.02055617352614,0.15645542952356942,-8.457831029452485,6.893276734216913
2.0206562847608454,0.1842482626864721,-8.55039220506363,6.707909578199053
2.0207563959955506,0.21185886034925877,-8.63449639455314,6.515907791060719
2.020856507230256,0.23925991353739842,-8.71006041250081,6.317461277127014
2.020956618464961,0.26642432053212906,-8.777009520364702,6.112766315043619
2.021056729699666,0.2933252136753206,-8.835277500401034,5.902025363648057
2.0211568409343714,0.3199359859444106,-8.884806721160503,5.685446861716647
2.0212569521690766,0.34623031726798925,-8.925548194488458,5.463245021808835
2.021357063403782,0.3721822005591148,-8.957461623979338,5.235639618388481
2.021457174638487,0.3977659674375337,-8.980515444831692,5.002855770456667
2.0215572858731923,0.4229563136184052,-8.994686855069084,4.765123718885363
2.0216573971078975,0.44772832393941797,-8.999961838092311,4.52267859869848
2.0217575083426027,0.4720574970044151,-8.996335176543313,4.27576020649953
2.021857619577308,0.4959197694168526,-8.983810457465253,4.024612763297114
2.021957730812013,0.5192915395800709,-8.962400068754924,3.7694846729546208
2.0220578420467183,0.5421496910416628,-8.932125186909795,3.5106282764935908
2.0221579532814236,0.5644716153567217,-8.893015756083459,3.2482996025166817
2.0222580645161288,0.5862352344499687,-8.845110458467722,2.9827581139684933
2.0223581757508344,0.607419022452073,-8.788456676033903,2.7142664515136476
2.0224582869855396,0.6280020269906932,-8.72311044366792,2.4430901737614796
2.022558398220245,0.6479638899138094,-8.649136393747964,2.169497494610377
2.02265850945495,0.6672848674257658,-8.566607692217067,1.8937590179599315
2.0227586206896553,0.6859458496148815,-8.475605966218392,1.616147470070114
2.0228587319243605,0.7039283793551606,-8.376221223357408,1.3369374298063534
2.0229588431590657,0.72121467056125,-8.268551762680184,1.0564050570682477
2.023058954393771,0.7377876257807459,-8.1527040774453,0.7748278196384171
2.023159065628476,0.7536308531043702,-8.028792749797052,0.4924842187539378
2.0232591768631814,0.7687286823792383,-7.896940337432173,0.20965351364039161
2.0233592880978866,0.7830661807076353,-7.757277252382106,-0.07338455469363556
2.023459399332592,0.7966291672166419,-7.609941632027255,-0.35635004013854255
2.023559510567297,0.8094042270844476,-7.455079202465045,-0.638963068378798
2.023659621802002,0.8213787248082346,-7.292843134380025,-0.9209441137016802
2.0237597330367074,0.8325408167020178,-7.123393891541964,-1.2020142754775647
2.0238598442714126,0.8428794626106016,-6.946899072099716,-1.481895554005643
2.023959955506118,0.8523844368294531,-6.763533242809038,-1.7603111254848263
2.024060066740823,0.8610463382184,-6.5734777663779465,-2.036985615805381
2.0241601779755283,0.8688565995003464,-6.376920622079939,-2.311645372922847
2.0242602892102335,0.8758074957347085,-6.174056219833737,-2.5840187375126638
2.0243604004449387,0.8818921519581717,-5.96508520791223,-2.8538363116687986
2.024460511679644,0.8871045499844522,-5.750214274488147,-3.120831225355683
2.024560622914349,0.8914395343566964,-5.52965594320621,-3.384739400360059
2.0246607341490543,0.8948928174467435,-5.303628362975661,-3.6452998114910753
2.0247608453837596,0.8974609836957884,-5.072355092210817,-3.902254744746366
2.0248609566184648,0.8991414929927289,-4.836064877708321,-4.1553500522182665
2.02496106785317,0.8999326831864538,-4.5949914284058995,-4.404335403457936
2.025061179087875,0.8998337717298845,-4.3493731842196794,-4.648964533078463
2.0251612903225804,0.8988448564539513,-4.099453080216001,-4.888995484322809
2.0252614015572856,0.8969669154708274,-3.845478306323117,-5.1241908483844565
2.025361512791991,0.8942018062065311,-3.58770006284884,-5.354317999215774
2.0254616240266965,0.8905522635637215,-3.326373312016102,-5.579149323620417
2.0255617352614017,0.8860218972168078,-3.0617565257972283,-5.7984624463701575
2.025661846496107,0.8806151880415237,-2.7941114302523378,-6.012040450162211
2.025761957730812,0.8743374836831814,-2.523702746673846,-6.219672090157286
2.0258620689655173,0.8671949932672781,-2.2507979297483582,-6.421152002923746
2.0259621802002226,0.8591947812583803,-1.9756669030315277,-6.616280909551604
2.0260622914349278,0.8503447604726609,-1.698581791966311,-6.804865812759634
2.026162402669633,0.8406536842515874,-1.4198166547332018,-6.986720187782015
2.026262513904338,0.8301311378043221,-1.1396472111889684,-7.161664166853604
2.0263626251390434,0.8187875287269717,-0.858350570151746,-7.329524717117331
2.0264627363737486,0.8066340767089888,-0.5762049553275034,-7.490135811761754
2.026562847608454,0.7936828024357215,-0.2934894301175776,-7.643338594239017
2.026662958843159,0.7799465156993952,-0.010483621611964528,-7.788981535381378
2.0267630700778643,0.765438802728882,0.2725325559912406,-7.926920583279463
2.0268631813125695,0.7501740127522886,0.5552791782340292,-8.057019305756329
2.0269632925472747,0.7341672438041206,0.837476587272149,-8.179149025312782
2.02706340378198,0.7174343277923274,1.118845668474837,-8.293188946397551
2.027163515016685,0.6999918148395389,1.399108126487308,-8.39902627488215
2.0272636262513903,0.6818569569133089,1.677986760493066,-8.496556329625623
2.0273637374860956,0.6630476907631163,1.9552057383784303,-8.585682646009076
2.0274638487208008,0.643582620179035,2.2304908695594645,-8.666317071349312
2.027563959955506,0.6234809975917194,2.5035698761692413,-8.738379852085949
2.027664071190211,0.6027627050297278,2.7741726623692498,-8.801799712666059
2.0277641824249164,0.5814482344552705,3.0420315814867656,-8.856513926039018
2.0278642936596216,0.5595586674955063,3.3068817007455205,-8.902468375700145
2.027964404894327,0.5371156545918307,3.5684610632965637,-8.939617609214451
2.028064516129032,0.5141413935854002,3.826510947320172,-8.967924883173772
2.0281646273637373,0.4906586077620127,4.080776121918416,-8.98736219953816
2.0282647385984425,0.4666905233773184,4.331005099555166,-8.997910333327985
2.0283648498331477,0.44226084668369353,4.576950384802731,-8.999558851639321
2.0284649610678533,0.4173937404834713,4.818368719128095,-8.992306123962482
2.0285650723025586,0.3921138002302062,5.055021321493363,-8.976159323795118
2.0286651835372638,0.3664460297011793,5.286674124535205,-8.951134421546712
2.028765294771969,0.3404158162673006,5.5130980060699235,-8.917256168742664
2.028865406006674,0.31404890578327355,5.734069015711164,-8.874558073543653
2.0289655172413794,0.2873713771223317,5.949368596379505,-8.823082367602597
2.0290656284760846,0.26040961638301785,6.158783800465597,-8.762879964295571
2.02916573971079,0.23319029079056108,6.36210750045771,-8.694010408363138
2.029265850945495,0.20574032232174863,6.559138593800497,-8.616541817017824
2.0293659621802003,0.17808686107626312,6.749682201806542,-8.530550812569034
2.0294660734149055,0.15025725842396875,6.933549862400461,-8.43612244664003
2.0295661846496107,0.12227903995153418,7.110559716527692,-8.333350116042938
2.029666295884316,0.09417987823834424,7.280536688021569,-8.222335470404937
2.029766407119021,0.06598756548551496,7.443312656771468,-8.103188311626567
2.0298665183537263,0.037729986027601185,7.598726625004308,-7.97602648528029
2.0299666295884315,0.00943508875318372,7.746624876521976,-7.840975764053805
2.0300667408231368,-0.018869140539415578,7.886861128742177,-7.698169723348037
2.030166852057842,-0.047154706821392424,8.019296677378716,-7.547749609164829
2.030266963292547,-0.07539363352348381,8.143800533634609,-7.38986419839983
2.0303670745272524,-0.10355799020609874,8.260249553756104,-7.224669651695197
2.0304671857619576,-0.13161992018545635,8.36852856083479,-7.0523293589803275
2.030567296996663,-0.15955166808514434,8.46853045872292,-6.873013777871602
2.030667408231368,-0.18732560728910133,8.560156337962765,-6.686900265071897
2.0307675194660733,-0.21491426726562737,8.643315573612655,-6.494172900956548
2.0308676307007785,-0.2422903607385266,8.717925914884326,-6.295022307499249
2.0309677419354837,-0.26942681067598745,8.783913566494046,-6.089645459734383
2.031067853170189,-0.29629677707152907,8.841213261651177,-5.878245490936116
2.031167964404894,-0.32287368349148704,8.889768326613552,-5.661031491698935
2.0312680756395993,-0.349131243360344,8.929530736740473,-5.438218303137306
2.0313681868743045,-0.37504348596091425,8.960461163994097,-5.210026304385248
2.0314682981090098,-0.400584782120593,8.982529015836722,-4.976681194631105
2.0315684093437154,-0.42572986956138986,8.995712465490033,-4.738413769876467
2.0316685205784206,-0.45045387788513724,8.999998473522657,-4.495459694671636
2.031768631813126,-0.47473235317347123,8.995382800747807,-4.248059269013465
2.031868743047831,-0.4985412821735314,8.98187001241582,-3.9964571906808946
2.0319688542825363,-0.5218571160496817,8.959473473698703,-3.740902313202294
2.0320689655172415,-0.544656793674406,8.92821533647136,-3.4816473997277257
2.0321690767519467,-0.5669177644381858,8.888126517401057,-3.218948873019643
2.032269187986652,-0.5886180105531029,8.8392466673694,-2.95306656183883
2.032369299221357,-0.60973606883067,8.781624132253668,-2.6842634439474433
2.0324694104560623,-0.6302510519102996,8.715315905109374,-2.412805386006871
2.0325695216907675,-0.6501426689182747,8.640387569800675,-2.1389608806184346
2.0326696329254728,-0.6693912455374745,8.556913236131187,-1.8630007807569664
2.032769744160178,-0.6879777434661903,8.464975466545962,-1.5851980318845953
2.032869855394883,-0.7058837792490065,8.36466519446853,-1.3058274019790173
2.0329699666295884,-0.7230916424588935,8.25608163436353,-1.0251652097751611
2.0330700778642936,-0.7395843132146808,8.13933218360317,-0.7434890514569399
2.033170189098999,-0.7553454790145123,8.014532316246223,-0.46107752610168895
2.033270300333704,-0.7703595508706245,7.881805468822061,-0.17820996011641752
2.0333704115684093,-0.7846116787275805,7.741282918246169,0.1048338690290237
2.0334705228031145,-0.7980877661504887,7.593103651974041,0.3877740095302223
2.0335706340378197,-0.8107744842672692,7.437414230533364,0.6703306121386944
2.033670745272525,-0.8226592849517943,7.274368642566354,0.9522242069509465
2.03377085650723,-0.83373041323525,7.104128152519311,1.2331759798325381
2.0338709677419353,-0.8439769189323485,6.926861141144571,1.5129080481782542
2.0339710789766405,-0.8533886674722104,6.742742938954253,1.7911437357671862
2.0340711902113457,-0.8619563499219289,6.551955652810208,2.0676078464084076
2.034171301446051,-0.8696714921940809,6.35468798580122,2.3420269361389097
2.034271412680756,-0.8765264634279953,6.151135050606845,2.6141295836724234
2.0343715239154614,-0.8825144835374752,5.941498176510485,2.8836466588635785
2.0344716351501666,-0.8876296299166191,5.725984710275342,3.1503115888901565
2.034571746384872,-0.8918668432978865,5.5048078110575025,3.4138606219206644
2.0346718576195775,-0.8952219327560282,5.278186239576728,3.674033087982854
2.0347719688542827,-0.8976915798531696,5.046344141750509,3.9305716567804865
2.034872080088988,-0.89927334192111,4.809510826990302,4.183222592220094
2.034972191323693,-0.8999656544772562,4.567920541398629,4.43173600337323
2.0350723025583983,-0.8997678327720018,4.3218122360827325,4.675866091636582
2.0351724137931035,-0.898680072466012,4.0714293308165646,4.915371393842854
2.0352725250278088,-0.8967034494366881,3.8170194732739104,5.150015021092271
2.035372636262514,-0.8938399187140741,3.5588342940933013,5.379564893046743
2.035472747497219,-0.8900923125471272,3.297129157988882,5.603793967481694
2.0355728587319244,-0.8854643376024903,3.0321629111828097,5.822480464841403
2.0356729699666296,-0.8799605712982118,2.764197625379156,6.035408087602274
2.035773081201335,-0.873586457276463,2.4934983385627763,6.242366234201172
2.03587319243604,-0.8663483000192067,2.2203327928489096,6.44315020734248
2.0359733036707452,-0.8582532586127688,1.9449711696737493,6.637561416453268
2.0360734149054505,-0.8493093396667857,1.6676858225576299,6.825407574109563
2.0361735261401557,-0.8395253893951233,1.38875100772968,7.006502886220898
2.036273637374861,-0.8289110848664222,1.1084426128706732,7.1806682357929015
2.036373748609566,-0.817476924432487,0.8270378842321292,7.3477313600921015
2.0364738598442713,-0.8052342173449278,0.5448151524268494,7.5075270210218
2.0365739710789765,-0.7921950725691226,0.262053557130711,7.659897168559897
2.0366740823136817,-0.7783723868078859,-0.020967228999481793,7.804691097077733
2.036774193548387,-0.7637798317452754,-0.30396727695162756,7.941765594403785
2.036874304783092,-0.7484318405246593,-0.5866666782211657,8.070985083467175
2.0369744160177974,-0.7323435934728215,-0.8687858216699849,8.192221756397629
2.0370745272525026,-0.7155310030859113,-1.1500456700748685,8.305355700933424
2.037174638487208,-0.6980106982903782,-1.4301680361236049,8.410275019026841
2.037274749721913,-0.6798000079958648,-1.7088758575602514,8.50687593751837
2.0373748609566182,-0.6609169439558119,-1.9858934712177096,8.595062910775313
2.0374749721913235,-0.6413801829520009,-2.2609468856765287,8.674748715196037
2.0375750834260287,-0.6212090483223468,-2.5337640522551887,8.74585453547817
2.037675194660734,-0.6004234908480872,-2.8040751340948185,8.808310042575222
2.0377753058954395,-0.5790440690214524,-3.0716127730413847,8.862053463255457
2.0378754171301448,-0.5570919287114677,-3.33611235408713,8.907031641201373
2.03797552836485,-0.5345887822492403,-3.5973122670929447,8.94320008958493
2.038075639599555,-0.5115568869524906,-3.854954165544398,8.970523035068904
2.0381757508342604,-0.48801902311195106,-4.108783222069446,8.988973453188574
2.0382758620689656,-0.4639984714592667,-4.35854838048947,8.998533095081775
2.038375973303671,-0.43951899014126666,-4.604002604125533,8.999192505537858
2.038476084538376,-0.414604791220661,-4.844903120143606,8.990951032349892
2.0385761957730812,-0.38928051672918323,-5.081011659668207,8.973816826959736
2.0386763070077865,-0.3635712142941261,-5.312094693454522,8.9478068363955
2.0387764182424917,-0.3375023123646029,-5.53792366286384,8.912946786509606
2.038876529477197,-0.3110995950611728,-5.758275205923003,8.86927115653449
2.038976640711902,-0.2843891766727282,-5.972931378252003,8.816823144979063
2.0390767519466073,-0.25739747582824596,-6.181679868621116,8.755654626903375
2.0391768631813125,-0.2301511893659889,-6.3843142089490215,8.685826102608731
2.0392769744160177,-0.20267726592908866,-6.58063397850935,8.607406637800077
2.039377085650723,-0.17500287931050718,-6.770445002167824,8.520473795272759
2.039477196885428,-0.14715540157688925,-6.953559542430528,8.425113558199307
2.0395773081201334,-0.11916237599471399,-7.129796485135996,8.321420245083043
2.0396774193548386,-0.09105148978872045,-7.298981518585562,8.209496416472696
2.039777530589544,-0.06285054675643685,-7.460947305955366,8.089452773519685
2.039877641824249,-0.03458743976841869,-7.615533650803125,7.961408048487285
2.0399777530589542,-0.006290123180393122,-7.762587655513012,7.825488887316938
2.0400778642936594,0.022013414816433416,-7.901963872526818,7.681829724362501
2.0401779755283647,0.05029517987700057,-8.033524448198378,7.530572649428412
2.04027808676307,0.07852719919174149,-8.157139259145298,7.371867267227944
2.040378197997775,0.10668154915299494,-8.272686040947043,7.205870549417177
2.0404783092324803,0.13473038297438608,-8.380050509077297,7.03274667933354
2.0405784204671855,0.1626459582325958,-8.479126471936674,6.852666889610842
2.0406785317018907,0.19040066430753114,-8.569815935887375,6.665809292812211
2.040778642936596,0.21796704969051497,-8.652029202173456,6.4723587052684755
2.0408787541713016,0.24531784913680998,-8.725684955642564,6.272506464274656
2.040978865406007,0.2724260106318214,-8.79071034516939,6.06645023885139
2.041078976640712,0.29926472214897404,-8.847041055714675,5.854393834225167
2.0411790878754172,0.3258074381676594,-8.894621371934674,5.636546990258335
2.0412791991101225,0.352027905929643,-8.933404233289785,5.41312517399363
2.0413793103448277,0.37790019140426573,-8.963351280589603,5.18434936654724
2.041479421579533,0.40339870493983226,-8.984432893934125,4.950445844536116
2.041579532814238,0.4284982265734264,-8.99662822200952,4.71164595627559
2.0416796440489433,0.45317393097510045,-8.999925202711673,4.468185892961022
2.0417797552836485,0.47740141200263936,-8.994320575076735,4.2203064550507134
2.0418798665183537,0.5011567068403733,-8.979819882506382,3.9682528141030406
2.041979977753059,0.5244163197009183,-8.956437467284804,3.712274270276031
2.042080088987764,0.5471572450636054,-8.924196456393515,3.4526240057578876
2.0421802002224694,0.5693569904293571,-8.883128738636342,3.1895588343432166
2.0422803114571746,0.590993598566816,-8.833274933099915,2.923338947432215
2.04238042269188,0.6120456692303539,-8.774684348977113,2.6542276566740517
2.042480533926585,0.6324923803259109,-8.707414936797987,2.382491133539372
2.0425806451612902,0.6523135085061638,-8.631533231110886,2.108398146049758
2.0426807563959954,0.6714894491727106,-8.547114284675235,1.8322197929486532
2.0427808676307007,0.6900012358663075,-8.454241594229725,1.5542292355671887
2.042880978865406,0.7078305590266135,-8.353007017905494,1.2747014276399125
2.042981090100111,0.7249597841011993,-8.243510684374163,0.9939128433627348
2.0430812013348163,0.7413719689879715,-8.125860893810046,0.7121412039309102
2.0431813125695215,0.7570508807917008,-8.000174010776252,0.42966520285983456
2.0432814238042267,0.7719810118800611,-7.866574349127895,0.14676423032788793
2.043381535038932,0.7861475952213994,-7.725194049059908,-0.1362819031534715
2.043481646273637,0.799536618990835,-7.576172946407056,-0.41919324350066856
2.0435817575083424,0.8121348404288414,-7.419658434337025,-0.7016899699507548
2.0436818687430476,0.8239297989392164,-7.255805317569223,-0.9834926718222973
2.043781979977753,0.8349098284138666,-7.08477565925715,-1.264322624880864
2.043882091212458,0.8450640687711332,-6.90673862070039,-1.5439020670102814
2.0439822024471637,0.8543824766975844,-6.721870294025634,-1.8219544729495407
2.044082313681869,0.8628558355811895,-6.530353528026067,-2.0982048277851537
2.044182424916574,0.8704757646277181,-6.332377747300688,-2.3723798989758147
2.0442825361512793,0.8772347271495985,-6.128138764907207,-2.644208506588093
2.0443826473859845,0.8831260380205276,-5.917838588681713,-2.9134217915228726
2.0444827586206897,0.8881438702873734,-5.7016852214435065,-3.179753481429534
2.044582869855395,0.8922832609336433,-5.479892455258466,-3.44294015407727
2.0446829810901,0.8955401157881384,-5.252679659988732,-3.7027214978919525
2.0447830923248054,0.8979112135745192,-5.020271566312876,-3.958840569431614
2.0448832035595106,0.8993942090972975,-4.782898043456783,-4.2110440475154896
2.044983314794216,0.8999876355614819,-4.540793871828851,-4.459082483785264
2.045083426028921,0.8996909060233053,-4.29419851081122,-4.7027105494211305
2.0451835372636262,0.8985043139707809,-4.043355861910208,-4.941687277796899
2.0452836484983314,0.8964290330333985,-3.788514027521792,-5.175776302811492
2.0453837597330367,0.8934671158213536,-3.529925065542356,-5.404746092670482
2.045483870967742,0.8896214918952995,-3.2678447400578405,-5.628370178894459
2.045583982202447,0.884895964868875,-3.0025322683811484,-5.846427380306911
2.0456840934371523,0.8792952086465319,-2.734250064658993,-6.058702021805639
2.0457842046718575,0.8728247628008248,-2.4632634803320808,-6.264984147675485
2.0458843159065627,0.8654910270931923,-2.189840541674667,-6.46506972925658
2.045984427141268,0.857301255144295,-1.9142516847040811,-6.6587608667382
2.046084538375973,0.8482635472594229,-1.6367694876911025,-6.845865984902464
2.0461846496106784,0.8383868424169152,-1.357668401567348,-7.026200022601149
2.0462847608453836,0.8276809094266129,-1.0772244784654925,-7.19958461579999
2.046384872080089,0.8161563372678494,-0.7957150986857668,-7.36584827399209
2.046484983314794,0.8038245246162861,-0.5134186963488867,-7.524826549813346
2.046585094549499,0.7906976685694579,-0.2306144839964692,-7.676362201697492
2.0466852057842044,0.776788752583277,0.05241782356318131,-7.820305349395345
2.0467853170189096,0.7621115336300303,0.3353982859223965,-7.956513622222103
2.0468854282536153,0.7466805285920357,0.6180470139492726,-8.084852299869047
2.0469855394883205,0.7305109999031474,0.9000844466233338,-8.205194445654236
2.0470856507230257,0.7136189404531619,1.1812316275405372,-8.317421032071598
2.047185761957731,0.6960210577693913,1.4612104808263675,-8.421421058519737
2.047285873192436,0.6777347574920861,1.739744086166857,-8.51709166108719
2.0473859844271414,0.658778126158428,2.016556952711859,-8.604338214295625
2.0474860956618466,0.6391699133141029,2.291375291548339,-8.683074424688868
2.047586206896552,0.6189295129680299,2.563927286506362,-8.753222416186178
2.047686318131257,0.5980769444107839,2.8339433629979522,-8.814712807105323
2.0477864293659622,0.5766328324134921,3.1011564546537125,-8.867484778788183
2.0478865406006674,0.5546183868285823,3.3653022674687123,-8.911486135754101
2.0479866518353727,0.5320553816118789,3.626119541206474,-8.946673357324848
2.048086763070078,0.5089661332859481,3.8833503078118063,-8.973011640670888
2.048186874304783,0.4853734788680168,4.136740146553235,-8.990474935233024
2.0482869855394883,0.46130075328176456,4.386038435671825,-8.99904596848911
2.0483870967741935,0.43677176627799646,4.630998600257777,-8.9987162630374
2.0484872080088987,0.4118107788842988,4.871378356138912,-8.989486144981578
2.048587319243604,0.3864424794097523,5.106939949511011,-8.971364743608232
2.048687430478309,0.3606919590256018,5.337450392101291,-8.944369982357026
2.0487875417130144,0.33458468694891813,5.56268169160467,-8.90852856109359
2.0488876529477196,0.30814648525096416,5.782411077191315,-8.863875929700717
2.048987764182425,0.281403503317482,5.996421219841296,-8.810456253015897
2.04908787541713,0.2543821919852637,6.204500447297225,-8.748322367149663
2.049187986651835,0.22710927737958894,6.406442953429537,-8.67753572722525
2.0492880978865404,0.19961173448084213,6.602049001788335,-8.598166346596601
2.0493882091212456,0.17191676044342358,6.791125123163717,-8.510292727597818
2.049488320355951,0.14405174769649626,6.973484306935842,-8.414001783900693
2.049588431590656,0.11604425684999664,7.148946186048076,-8.309388754547953
2.0496885428253613,0.08792198943590698,7.317337215398413,-8.196557109757414
2.0497886540600665,0.05971276050853098,7.478490843493807,-8.075618448579071
2.0498887652947717,0.031444471134108753,7.6322476771773635,-7.946692388518426
2.0499888765294774,0.0031450807936297216,7.77845563928542,-7.8099064472217155
2.0500889877641826,-0.025157420269987792,7.916970119056875,-7.665395916357016
2.050189098998888,-0.05343503873780025,8.04765411517157,-7.513303727793609
2.050289210233593,-0.08165980590112672,8.170378371248857,-7.353780312237653
2.050389321468298,-0.1098038053255399,8.285021503695864,-7.18698345044055
2.0504894327030034,-0.13783920046202838,8.391470121763527,-7.01307811714335
2.0505895439377086,-0.16573826217915136,8.489618939697616,-6.832236317906232
2.050689655172414,-0.1934733961899598,8.579370880876944,-6.644636918977498
2.050789766407119,-0.22101717034403198,8.660637173826672,-6.450465470386525
2.0508898776418243,-0.24834234176075154,8.733337440022611,-6.24991402241529
2.0509899888765295,-0.27542188377378596,8.797399773389344,-6.0431809356517
2.0510901001112347,-0.30222901266329777,8.852760811422874,-5.830470684790133
2.05119021134594,-0.3287372141462919,8.899365797859097,-5.611993656396435
2.051290322580645,-0.3549202696020261,8.937168636833501,-5.387965940813517
2.0513904338153504,-0.3807522820034488,8.966131938472117,-5.158609118437926
2.0514905450500556,-0.406207701531987,8.986227055873982,-4.92415004055443
2.051590656284761,-0.4312613508479645,8.99743411344454,-4.684820604965231
2.051690767519466,-0.45588844999263367,8.999742026554127,-4.440857526628148
2.051790878754171,-0.48006464089806333,8.993148512501731,-4.1925021035214725
2.0518909899888764,-0.5037660114784032,8.977660092772668,-3.93999997798903
2.0519911012235816,-0.5269691192814475,8.953292086588162,-3.6836008937740985
2.052091212458287,-0.5496510146743138,8.92006859575392,-3.423558449011211
2.052191323692992,-0.571789263543039,8.878022480820906,-3.1601298453909643
2.0522914349276973,-0.5933619694809643,8.827195328584743,-2.893575633775563
2.0523915461624025,-0.6143477954465808,8.767637410951979,-2.624159456486652
2.0524916573971077,-0.6347259848668576,8.699407635218854,-2.3521477865507734
2.052591768631813,-0.6544763821676031,8.622573485806072,-2.077809664130552
2.052691879866518,-0.6735794527086171,8.537210957512109,-1.801416430426464
2.0527919911012233,-0.6920163021047349,8.443404480349654,-1.523241459302847
2.0528921023359286,-0.7097686949142834,8.3412468360357,-1.2435598868934203
2.0529922135706338,-0.7268190726747832,8.230839066226089,-0.9626483394788252
2.0530923248053394,-0.7431505712701691,8.112290372574272,-0.6807846598731608
2.0531924360400446,-0.758747037609954,7.985718008727518,-0.3982476326285707
2.05329254727475,-0.7735930456066853,7.851247164348178,-0.11531670828192937
2.053392658509455,-0.7876739114328262,7.709010841296957,0.16772827303068932
2.0534927697441603,-0.8009757080446631,7.559149722079693,0.4506073583663145
2.0535928809788655,-0.8134852789568018,7.401812030705797,0.7330407588615846
2.0536929922135707,-0.8251902512553115,7.237153386079151,1.0147491264733184
2.053793103448276,-0.8360790478351152,7.0653366480837505,1.2954538302667475
2.053893214682981,-0.8461408988509616,6.88653175649818,1.5748772320107742
2.0539933259176864,-0.8553658523693037,6.700915562917249,1.85274296077512
2.0540934371523916,-0.8637447842117784,6.508671655827902,2.128776186289207
2.054193548387097,-0.8712694069795864,6.3099901790281105,2.4027038907670737
2.054293659621802,-0.8779322782502922,6.105067643562513,2.6742551389397233
2.054393770856507,-0.8837268079391242,5.894106733353,2.9431613460375514
2.0544938820912124,-0.8886472648168777,5.677316104734882,3.2091565434332012
2.0545939933259176,-0.8926887821787014,5.454910180073849,3.471977641712468
2.054694104560623,-0.8958473626574955,5.2271089356922635,3.7313646908819913
2.054794215795328,-0.8981198821777278,4.994137684289478,3.987061137487098
2.0548943270300333,-0.8995040930452896,4.756226852097067,4.238814078355126
2.0549944382647385,-0.8999986261707018,4.513611750963094,4.486374510743221
2.0550945494994437,-0.8996029924232078,4.266532345617718,4.729497578613657
2.055194660734149,-0.8983175831145814,4.015233016323794,4.967942814821318
2.055294771968854,-0.8961436696120701,3.7599623171688283,5.201474378951173
2.0553948832035593,-0.8930834020809546,3.5009727302289737,5.4298612905798755
2.0554949944382646,-0.8891398073578093,3.2385204158386283,5.65287765773877
2.0555951056729698,-0.8843167859568195,2.9728649592359258,5.870302900331579
2.055695216907675,-0.878619108211764,2.704269113805672,6.081921968311283
2.05579532814238,-0.8720524095579322,2.432998541204003,6.287525554374638
2.0558954393770854,-0.8646231849580862,2.1593215485911057,6.486910300989082
2.0559955506117906,-0.8563387824786414,1.883508823262935,6.679879001522809
2.056095661846496,-0.8472073960216554,1.6058331649130446,6.866240795302847
2.0561957730812015,-0.8372380572206408,1.3265692158199713,7.045811356385784
2.0562958843159067,-0.8264406265074777,1.045993189201215,7.218413075872917
2.056395995550612,-0.8148257833597708,0.7643825960194409,7.383875237577632
2.056496106785317,-0.8024050157378657,0.48201597049902345,7.5420341868790075
2.0565962180200223,-0.7891906087226863,0.19917259464171225,7.692733492584535
2.0566963292547276,-0.7751956323644994,-0.08386777801260005,7.835824101656989
2.0567964404894328,-0.7604339287560259,-0.3668251990751648,7.971164486634829
2.056896551724138,-0.7449200983412148,-0.6494198022057156,8.09862078561728
2.056996662958843,-0.7286694854744366,-0.9313720799184216,8.218066934662218
2.0570967741935484,-0.7116981632439423,-1.2124031600329315,8.3293847924718
2.0571968854282536,-0.6940229175739426,-1.492235081507224,8.432464257246108
2.057296996662959,-0.6756612306225469,-1.770591069354034,8.527203375578976
2.057397107897664,-0.6566312634900725,-2.0471958084003807,8.613508443300592
2.0574972191323693,-0.6369518382568704,-2.3217757155871057,8.69129409815531
2.0575973303670745,-0.6166424193663108,-2.5940592105712494,8.760483404233876
2.0576974416017797,-0.5957230943735419,-2.8637769843316696,8.821007928066622
2.057797552836485,-0.5742145540767878,-3.130662265543943,8.872807806311373
2.05789766407119,-0.552138072053185,-3.394451084429641,8.91583180496106
2.0579977753058953,-0.5295154836170631,-3.6548825338492277,8.950037370019444
2.0580978865406006,-0.5063691642233877,-3.91169902735605,8.975390669589533
2.0581979977753058,-0.48272200733699916,-4.164646553966139,8.991866627335753
2.058298109010011,-0.4585974017886497,-4.4134749294007865,8.999448947286925
2.058398220244716,-0.43401920864236054,-4.657938043530455,8.998130129953722
2.0584983314794214,-0.4090117375943229,-4.897794103803549,8.98791147974646
2.0585984427141266,-0.38359972292947636,-5.132805874390509,8.968803103684973
2.058698553948832,-0.35780829905670253,-5.36274091083497,8.940823901401714
2.058798665183537,-0.33166297564972397,-5.587371789952153,8.904001546449132
2.0588987764182423,-0.3051896124154537,-5.806476334773506,8.858372458927803
2.0589988876529475,-0.278414393517059,-6.019837834293981,8.803981769464354
2.0590989988876527,-0.25136380167613426,-6.227245257813431,8.740883274574577
2.059199110122358,-0.2240645919786021,-6.428493463667307,8.669139383453153
2.0592992213570636,-0.1965437654124867,-6.623383402122715,8.58882105624743
2.0593993325917688,-0.16882854216199877,-6.811722312253248,8.500007733873105
2.059499443826474,-0.14094633468390985,-6.993323912599674,8.402787259438664
2.059599555061179,-0.11292472059514873,-7.168008585412106,8.297255791363504
2.0596996662958844,-0.0847914153966552,-7.335603554304493,8.183517708270978
2.0597997775305896,-0.056574245059938404,-7.495943055147929,8.061685505747269
2.059899888765295,-0.02830111850589444,-7.6488685000191,7.931879685078021
2.06,4.763877918405799e-14,-7.794228634060389,7.7942286340599125
2.0601001112347053,0.0283011185058874,-7.9318796850779885,7.6488685000191365
2.0602002224694105,0.0565742450600335,-8.061685505747693,7.495943055147402
2.0603003337041157,0.0847914153966482,-8.18351770827095,7.335603554304534
2.060400444938821,0.11292472059524326,-8.297255791363874,7.16800858541153
2.060500556173526,0.14094633468390289,-8.402787259438638,6.9933239125997195
2.0606006674082313,0.16882854216199186,-8.500007733873082,6.811722312253293
2.0607007786429365,0.19654376541257967,-8.588821056247713,6.623383402122069
2.0608008898776418,0.22406459197849618,-8.66913938345286,6.428493463668072
2.060901001112347,0.2513638016760293,-8.740883274574317,6.227245257814221
2.061001112347052,0.27841439351695496,-8.803981769464126,6.019837834294794
2.0611012235817574,0.3051896124153508,-8.858372458927612,5.806476334774341
2.0612013348164626,0.33166297564962227,-8.904001546448974,5.58737178995301
2.061301446051168,0.35780829905669603,-8.940823901401707,5.362740910835026
2.061401557285873,0.38359972292937744,-8.968803103684882,5.132805874391408
2.0615016685205783,0.40901173759431664,-8.987911479746455,4.897794103803608
2.0616017797552835,0.4340192086422647,-8.998130129953699,4.657938043531391
2.0617018909899887,0.4585974017885556,-8.999448947286938,4.413474929401739
2.061802002224694,0.48272200733690684,-8.9918666273358,4.164646553967108
2.061902113459399,0.5063691642232974,-8.975390669589613,3.9116990273570345
2.0620022246941043,0.5295154836169748,-8.95003737001956,3.654882533850227
2.0621023359288095,0.5521380720530986,-8.915831804961208,3.394451084430654
2.0622024471635148,0.5742145540767823,-8.872807806311384,3.1306622655440095
2.06230255839822,0.5957230943734599,-8.82100792806684,2.8637769843327066
2.0624026696329256,0.6166424193663801,-8.760483404233657,2.5940592105703373
2.062502780867631,0.6369518382568654,-8.691294098155328,2.3217757155871737
2.062602892102336,0.6566312634901377,-8.613508443300317,2.047195808399453
2.0627030033370413,0.6756612306225424,-8.527203375578999,1.770591069354103
2.0628031145717465,0.6940229175740034,-8.432464257245776,1.4922350815062844
2.0629032258064517,0.711698163243938,-8.329384792471826,1.212403160033001
2.063003337041157,0.7286694854744925,-8.21806693466183,0.931372079917474
2.063103448275862,0.7449200983412108,-8.098620785617312,0.6494198022057858
2.0632035595105673,0.760433928756022,-7.971164486634862,0.3668251990752352
2.0633036707452725,0.7751956323645479,-7.83582410165652,0.08386777801164731
2.0634037819799778,0.789190608722683,-7.692733492584572,-0.19917259464164183
2.063503893214683,0.8024050157379089,-7.542034186878488,-0.4820159704999748
2.063604004449388,0.8148257833597679,-7.383875237577671,-0.7643825960193708
2.0637041156840934,0.8264406265075155,-7.218413075872348,-1.0459931892021612
2.0638042269187986,0.8372380572206383,-7.045811356385826,-1.3265692158199016
2.063904338153504,0.847207396021653,-6.866240795302892,-1.6058331649129756
2.064004449388209,0.8563387824786076,-6.679879001523543,-1.8835088232618655
2.0641045606229143,0.8646231849580843,-6.4869103009891305,-2.1593215485910373
2.0642046718576195,0.8720524095579052,-6.287525554375421,-2.4329985412029496
2.0643047830923247,0.8786191082117404,-6.0819219683120895,-2.704269113804629
2.06440489432703,0.8843167859567992,-5.870302900332408,-2.9728649592348937
2.064505005561735,0.8891398073577923,-5.652877657739621,-3.238520415837608
2.0646051167964403,0.8930834020809411,-5.429861290580747,-3.5009727302279665
2.0647052280311455,0.89614366961206,-5.201474378952065,-3.759962317167835
2.0648053392658507,0.8983175831145747,-4.967942814822229,-4.015233016322815
2.064905450500556,0.8996029924232046,-4.729497578614588,-4.266532345616755
2.065005561735261,0.8999986261707019,-4.486374510743282,-4.513611750963034
2.0651056729699664,0.8995040930452932,-4.23881407835609,-4.756226852096139
2.0652057842046716,0.8981198821777282,-3.987061137487161,-4.994137684289419
2.065305895439377,0.895847362657506,-3.7313646908829865,-5.2271089356913745
2.065406006674082,0.8926887821787154,-3.4719776417134773,-5.45491018007298
2.0655061179087877,0.888647264816879,-3.209156543433267,-5.677316104734827
2.065606229143493,0.8837268079391062,-2.943161346036651,-5.894106733353721
2.065706340378198,0.8779322782502937,-2.6742551389397904,-6.10506764356246
2.0658064516129033,0.8712694069795883,-2.4027038907671416,-6.309990179028061
2.0659065628476085,0.8637447842117802,-2.1287761862892753,-6.508671655827852
2.0660066740823138,0.855365852369306,-1.8527429607751889,-6.700915562917202
2.066106785317019,0.846140898850929,-1.5748772320098363,-6.886531756498794
2.066206896551724,0.8360790478351178,-1.2954538302668173,-7.065336648083708
2.0663070077864294,0.8251902512552735,-1.0147491264723718,-7.237153386079718
2.0664071190211346,0.8134852789568048,-0.7330407588616548,-7.4018120307057576
2.06650723025584,0.8009757080446198,-0.45060735836536286,-7.559149722080209
2.066607341490545,0.7876739114328296,-0.16772827303075968,-7.709010841296921
2.0667074527252502,0.7735930456066366,0.11531670828288208,-7.851247164348644
2.0668075639599555,0.7587470376099578,0.3982476326285004,-7.985718008727485
2.0669076751946607,0.7431505712701731,0.6807846598730907,-8.112290372574241
2.067007786429366,0.7268190726748477,0.962648339477738,-8.230839066225647
2.067107897664071,0.7097686949143507,1.2435598868923372,-8.341246836035289
2.0672080088987763,0.6920163021048048,1.523241459301769,-8.443404480349276
2.0673081201334815,0.6735794527086897,1.8014164304253926,-8.537210957511762
2.0674082313681867,0.6544763821676781,2.0778096641294885,-8.62257348580576
2.067508342602892,0.6347259848669352,2.352147786549718,-8.699407635218574
2.067608453837597,0.6143477954465858,2.624159456486585,-8.767637410951963
2.0677085650723024,0.5933619694810465,2.8935756337745278,-8.82719532858453
2.0678086763070076,0.5717892635430444,3.160129845390898,-8.878022480820896
2.067908787541713,0.5496510146744004,3.423558449010199,-8.920068595753774
2.068008898776418,0.5269691192815362,3.683600893773101,-8.953292086588052
2.0681090100111232,0.5037660114784938,3.939999977988047,-8.977660092772592
2.0682091212458285,0.48006464089815587,4.192502103520504,-8.993148512501689
2.0683092324805337,0.455888449992728,4.440857526627196,-8.99974202655412
2.068409343715239,0.4312613508480605,4.6848206049642975,-8.997434113444566
2.068509454949944,0.40620770153208463,4.9241500405535135,-8.986227055874043
2.0686095661846498,0.3807522820034552,5.158609118437869,-8.966131938472122
2.068709677419355,0.3549202696019386,5.38796594081428,-8.937168636833388
2.06880978865406,0.3287372141462985,5.611993656396381,-8.899365797859108
2.0689098998887654,0.30222901266320806,5.830470684790859,-8.852760811422703
2.0690100111234706,0.2754218837737926,6.043180935651648,-8.79739977338936
2.069110122358176,0.24834234176065997,6.249914022415975,-8.73333744002238
2.069210233592881,0.22101717034403878,6.450465470386475,-8.660637173826691
2.0693103448275862,0.19347339618986673,6.644636918978141,-8.579370880876656
2.0694104560622915,0.1657382621791583,6.832236317906187,-8.489618939697639
2.0695105672969967,0.13783920046193424,7.013078117143948,-8.391470121763183
2.069610678531702,0.1098038053255469,7.186983450440509,-8.28502150369589
2.069710789766407,0.08165980590113373,7.353780312237613,-8.170378371248887
2.0698109010011123,0.05343503873770514,7.513303727794134,-8.047654115171143
2.0699110122358175,0.025157420269994832,7.665395916356979,-7.9169701190569075
2.0700111234705227,-0.0031450807937249987,7.80990644722219,-7.778455639284941
2.070111234705228,-0.031444471133999466,7.946692388517913,-7.632247677177943
2.070211345939933,-0.059712760508523956,8.07561844857904,-7.478490843493846
2.0703114571746384,-0.08792198943579814,8.196557109756963,-7.31733721539905
2.0704115684093436,-0.11604425684998965,8.309388754547925,-7.14894618604812
2.070511679644049,-0.14405174769638832,8.414001783900304,-6.973484306936534
2.070611790878754,-0.17191676044331622,8.510292727597463,-6.791125123164434
2.0707119021134592,-0.1996117344807355,8.598166346596276,-6.602049001789078
2.0708120133481644,-0.22710927737948305,8.677535727224958,-6.406442953430306
2.0709121245828697,-0.25438219198515877,8.748322367149406,-6.2045004472980185
2.071012235817575,-0.2814035033173781,8.810456253015673,-5.996421219842111
2.07111234705228,-0.30814648525086147,8.863875929700527,-5.782411077192154
2.0712124582869853,-0.3345846869488166,8.908528561093433,-5.56268169160553
2.0713125695216905,-0.36069195902559537,8.944369982357019,-5.337450392101347
2.0714126807563957,-0.38644247940965354,8.971364743608145,-5.1069399495119105
2.0715127919911014,-0.41181077888438344,8.989486144981624,-4.87137835613811
2.0716129032258066,-0.4367717662779903,8.998716263037398,-4.630998600257836
2.071713014460512,-0.4613007532818464,8.999045968489096,-4.386038435670993
2.071813125695217,-0.48537347886801085,8.990474935233028,-4.136740146553298
2.0719132369299222,-0.5089661332860267,8.973011640670816,-3.8833503078109466
2.0720133481646275,-0.5320553816118732,8.946673357324855,-3.6261195412065383
2.0721134593993327,-0.5546183868286574,8.911486135753968,-3.365302267467829
2.072213570634038,-0.5766328324134866,8.867484778788196,-3.101156454653779
2.072313681868743,-0.5980769444107786,8.814712807105337,-2.833943362998019
2.0724137931034483,-0.6189295129680991,8.753222416185956,-2.5639272865054488
2.0725139043381535,-0.6391699133140979,8.683074424688888,-2.291375291548407
2.0726140155728587,-0.658778126158493,8.604338214295346,-2.0165569527109306
2.072714126807564,-0.6777347574920815,8.517091661087212,-1.739744086166926
2.072814238042269,-0.6960210577694518,8.421421058519401,-1.4612104808254276
2.0729143492769744,-0.7136189404531575,8.317421032071625,-1.181231627540607
2.0730144605116796,-0.730510999903203,8.205194445653845,-0.9000844466223857
2.073114571746385,-0.7466805285920318,8.084852299869079,-0.618047013949343
2.07321468298109,-0.7621115336300265,7.956513622222136,-0.3353982859224668
2.0733147942157952,-0.7767887525832218,7.820305349395886,-0.05241782356427488
2.0734149054505004,-0.7906976685694057,7.676362201698064,0.23061448399537599
2.0735150166852057,-0.8038245246162369,7.524826549813946,0.5134186963477949
2.073615127919911,-0.8161563372678033,7.365848273992719,0.7957150986846775
2.073715239154616,-0.8276809094265699,7.199584615800647,1.0772244784644067
2.0738153503893213,-0.8383868424168754,7.026200022601833,1.3576684015662668
2.0739154616240265,-0.8482635472594204,6.845865984902509,1.6367694876910335
2.0740155728587317,-0.8573012551442618,6.658760866738936,1.9142516847030124
2.074115684093437,-0.8654910270931904,6.465069729256629,2.1898405416745983
2.074215795328142,-0.872824762800798,6.26498414767627,2.4632634803310287
2.0743159065628474,-0.8792952086465304,6.058702021805692,2.7342500646589256
2.0744160177975526,-0.8848959648688551,5.846427380307742,3.0025322683801177
2.074516129032258,-0.8896214918952828,5.628370178895311,3.267844740056822
2.0746162402669635,-0.8934671158213527,5.404746092670539,3.5299250655422907
2.0747163515016687,-0.896429033033407,5.175776302810713,3.7885140275226563
2.074816462736374,-0.8985043139707805,4.941687277796958,4.043355861910145
2.074916573971079,-0.8996909060233051,4.702710549421192,4.2941985108111576
2.0750166852057843,-0.8999876355614814,4.459082483784437,4.540793871829674
2.0751167964404895,-0.8993942090972978,4.211044047515551,4.782898043456724
2.0752169076751947,-0.8979112135745126,3.958840569430759,5.020271566313667
2.0753170189099,-0.8955401157881392,3.702721497892017,5.252679659988675
2.075417130144605,-0.8922832609336309,3.44294015407639,5.479892455259222
2.0755172413793104,-0.8881438702873745,3.1797534814296,5.701685221443452
2.0756173526140156,-0.8831260380205093,2.9134217915219716,5.917838588682431
2.075717463848721,-0.8772347271496,2.6442085065881598,6.128138764907156
2.075817575083426,-0.870475764627694,2.3723798989748954,6.332377747301364
2.0759176863181312,-0.8628558355811915,2.098204827785222,6.530353528026019
2.0760177975528364,-0.8543824766975865,1.8219544729496098,6.721870294025587
2.0761179087875417,-0.8450640687711707,1.5439020670113588,6.906738620699689
2.076218020022247,-0.8349098284139074,1.2643226248819468,7.084775659256476
2.076318131256952,-0.8239297989392604,0.9834926718233844,7.2558053175685755
2.0764182424916573,-0.8121348404288886,0.7016899699518451,7.419658434336407
2.0765183537263625,-0.7995366189908851,0.41919324350176096,7.576172946406466
2.0766184649610677,-0.7861475952214527,0.13628190315456498,7.725194049059348
2.076718576195773,-0.7719810118800647,-0.14676423032781752,7.866574349127862
2.076818687430478,-0.75705088079176,-0.4296652028587422,8.000174010775751
2.0769187986651834,-0.7413719689879755,-0.71214120393084,8.125860893810016
2.0770189098998886,-0.7249597841012642,-0.9939128433616479,8.243510684373723
2.077119021134594,-0.7078305590266811,-1.2747014276388302,8.353007017905089
2.077219132369299,-0.6900012358663777,-1.5542292355661116,8.45424159422935
2.077319243604004,-0.6714894491727834,-1.8322197929475823,8.547114284674892
2.0774193548387094,-0.652313508506239,-2.1083981460486947,8.631533231110577
2.0775194660734146,-0.6324923803259888,-2.382491133538317,8.70741493679771
2.07761957730812,-0.612045669230359,-2.654227656673984,8.774684348977097
2.0777196885428255,-0.5909935985668213,-2.923338947432149,8.8332749330999
2.0778197997775307,-0.5693569904292833,-3.1895588343441075,8.883128738636497
2.077919911012236,-0.5471572450636111,-3.452624005757823,8.924196456393506
2.078020022246941,-0.5244163197008408,-3.712274270276899,8.956437467284896
2.0781201334816464,-0.501156706840379,-3.9682528141029776,8.979819882506376
2.0782202447163516,-0.47740141200255864,-4.2203064550515546,8.994320575076769
2.078320355951057,-0.4531739309751065,-4.46818589296096,8.999925202711673
2.078420467185762,-0.42849822657334263,-4.711645956276403,8.996628222009495
2.0785205784204672,-0.4033987049398386,-4.950445844536057,8.984432893934128
2.0786206896551724,-0.3779001914042721,-5.184349366547183,8.963351280589608
2.0787208008898777,-0.35202790592955535,-5.413125173994391,8.93340423328967
2.078820912124583,-0.32580743816766594,-5.63654699025828,8.894621371934685
2.078921023359288,-0.2992647221488842,-5.854393834225891,8.847041055714499
2.0790211345939933,-0.2724260106318282,-6.066450238851338,8.790710345169407
2.0791212458286985,-0.2453178491367183,-6.272506464275339,8.72568495564233
2.0792213570634037,-0.21796704969062106,-6.472358705267715,8.652029202173756
2.079321468298109,-0.190400664307538,-6.665809292812165,8.569815935887396
2.079421579532814,-0.1626459582327034,-6.852666889610132,8.47912647193704
2.0795216907675194,-0.13473038297439305,-7.032746679333496,8.380050509077321
2.0796218020022246,-0.10668154915310353,-7.205870549416521,8.272686040947473
2.07972191323693,-0.07852719919185043,-7.371867267227316,8.15713925914576
2.079822024471635,-0.050295179877109755,-7.530572649427813,8.03352444819887
2.07992213570634,-0.022013414816542738,-7.681829724361931,7.901963872527341
2.0800222469410454,0.006290123180283765,-7.825488887316397,7.762587655513565
2.0801223581757506,0.03458743976830941,-7.961408048486776,7.615533650803708
2.080222469410456,0.06285054675632774,-8.089452773519206,7.460947305955978
2.080322580645161,0.09105148978861166,-8.209496416472248,7.298981518586202
2.0804226918798663,0.119162375994707,-8.321420245083017,7.12979648513604
2.0805228031145715,0.14715540157678136,-8.425113558198921,6.953559542431223
2.0806229143492767,0.17500287931050026,-8.520473795272737,6.770445002167871
2.080723025583982,0.20267726592898214,-8.607406637799759,6.580633978510096
2.0808231368186876,0.23015118936608103,-8.685826102608981,6.38431420894835
2.080923248053393,0.25739747582823924,-8.755654626903357,6.181679868621167
2.081023359288098,0.28438917667281854,-8.816823144979253,5.972931378251289
2.081123470522803,0.3110995950611662,-8.869271156534477,5.758275205923058
2.0812235817575084,0.3375023123645964,-8.912946786509595,5.5379236628638955
2.0813236929922136,0.36357121429411965,-8.947806836395491,5.312094693454579
2.081423804226919,0.3892805167291769,-8.97381682695973,5.081011659668265
2.081523915461624,0.4146047912207456,-8.990951032349935,4.844903120142804
2.0816240266963293,0.4395189901412605,-8.999192505537856,4.604002604125594
2.0817241379310345,0.46399847145934836,-8.998533095081758,4.358548380488636
2.0818242491657397,0.48801902311194506,-8.988973453188578,4.108783222069508
2.081924360400445,0.5115568869525688,-8.970523035068826,3.854954165543537
2.08202447163515,0.5345887822492347,-8.943200089584938,3.5973122670930096
2.0821245828698554,0.5570919287115426,-8.907031641201236,3.3361123540862447
2.0822246941045606,0.579044069021447,-8.86205346325547,3.0716127730414513
2.082324805339266,0.6004234908480058,-8.808310042575446,2.8040751340958576
2.082424916573971,0.6212090483222676,-8.74585453547843,2.5337640522562386
2.082525027808676,0.6413801829519242,-8.674748715196328,2.2609468856775874
2.0826251390433814,0.6609169439557377,-8.595062910775638,1.9858934712187764
2.0827252502780866,0.6798000079957932,-8.506875937518727,1.7088758575613254
2.082825361512792,0.6980106982903092,-8.41027501902723,1.4301680361246845
2.082925472747497,0.715531003085845,-8.305355700933845,1.150045670075953
2.0830255839822023,0.7323435934728174,-8.192221756397657,0.8687858216700549
2.0831256952169075,0.7484318405245984,-8.070985083467658,0.5866666782222569
2.0832258064516127,0.7637798317452716,-7.941765594403818,0.30396727695169795
2.083325917686318,0.778372386807831,-7.804691097078277,0.02096722900057538
2.083426028921023,0.7921950725690707,-7.659897168560471,-0.26205355712961786
2.0835261401557283,0.805234217344879,-7.507527021022403,-0.5448151524257578
2.0836262513904336,0.8174769244324412,-7.347731360092734,-0.8270378842310402
2.0837263626251388,0.8289110848663795,-7.1806682357935605,-1.108442612869588
2.083826473859844,0.8395253893950839,-7.006502886221584,-1.3887510077285994
2.0839265850945496,0.8493093396667833,-6.825407574109609,-1.6676858225575606
2.084026696329255,0.8582532586127667,-6.637561416453316,-1.9449711696736804
2.08412680756396,0.8663483000192325,-6.443150207341815,-2.2203327928498333
2.0842269187986653,0.8735864572764613,-6.2423662342012225,-2.4934983385627083
2.0843270300333705,0.8799605712982318,-6.035408087601568,-2.764197625380062
2.0844271412680757,0.8854643376024892,-5.8224804648414565,-3.0321629111827435
2.084527252502781,0.8900923125471413,-5.603793967480948,-3.2971291579897684
2.084627363737486,0.8938399187140733,-5.3795648930467985,-3.558834294093237
2.0847274749721914,0.8967034494366962,-5.150015021091489,-3.8170194732747733
2.0848275862068966,0.8986800724660117,-4.915371393842912,-4.0714293308165015
2.084927697441602,0.8997678327720039,-4.6758660916357675,-4.321812236083568
2.085027808676307,0.8999656544772563,-4.431736003373291,-4.567920541398569
2.085127919911012,0.8992733419211102,-4.183222592220156,-4.809510826990244
2.0852280311457174,0.8976915798531628,-3.9305716567796294,-5.046344141751298
2.0853281423804226,0.8952219327560289,-3.6740330879829184,-5.278186239576671
2.085428253615128,0.8918668432979011,-3.4138606219216765,-5.504807811056637
2.085528364849833,0.8876296299166372,-3.1503115888911806,-5.725984710274497
2.0856284760845383,0.8825144835374766,-2.883646658863645,-5.941498176510432
2.0857285873192435,0.8765264634280202,-2.61412958367347,-6.151135050606047
2.0858286985539487,0.8696714921940828,-2.3420269361389776,-6.354687985801171
2.085928809788654,0.8619563499219604,-2.0676078464094716,-6.551955652809458
2.086028921023359,0.8533886674722452,-1.7911437357682578,-6.742742938953528
2.0861290322580643,0.8439769189323865,-1.5129080481793322,-6.926861141143873
2.0862291434927696,0.8337304132352913,-1.2331759798336213,-7.10412815251864
2.0863292547274748,0.8226592849518387,-0.9522242069520338,-7.27436864256571
2.08642936596218,0.8107744842673167,-0.670330612139785,-7.437414230532748
2.086529477196885,0.7980877661505392,-0.38777400953131486,-7.593103651973454
2.0866295884315904,0.784611678727634,-0.10483386903011721,-7.74128291824561
2.0867296996662956,0.7703595508706281,0.17820996011634713,-7.8818054688220265
2.086829810901001,0.7553454790145718,0.46107752610059677,-8.014532316245726
2.086929922135706,0.7395843132146848,0.7434890514568697,-8.13933218360314
2.0870300333704117,0.7230916424588976,1.0251652097750912,-8.256081634363504
2.087130144605117,0.7058837792489474,1.30582740197996,-8.364665194468882
2.087230255839822,0.6879777434661949,1.5851980318845262,-8.464975466545939
2.0873303670745273,0.6693912455374107,1.8630007807578985,-8.556913236131484
2.0874304783092326,0.6501426689182797,2.1389608806183658,-8.640387569800655
2.0875305895439378,0.6302510519102317,2.4128053860077885,-8.715315905109613
2.087630700778643,0.6097360688306752,2.6842634439473763,-8.78162413225365
2.087730812013348,0.5886180105531083,2.9530665618387633,-8.839246667369386
2.0878309232480534,0.5669177644381118,3.2189488730205325,-8.888126517401208
2.0879310344827586,0.5446567936744117,3.481647399727661,-8.928215336471352
2.088031145717464,0.521857116049604,3.740902313203161,-8.959473473698793
2.088131256952169,0.4985412821735372,3.996457190680832,-8.981870012415815
2.0882313681868743,0.4747323531733903,4.248059269014305,-8.995382800747837
2.0883314794215795,0.45045387788514335,4.495459694671575,-8.999998473522657
2.0884315906562847,0.42572986956130593,4.738413769877278,-8.995712465490005
2.08853170189099,0.40058478212069093,4.976681194630194,-8.982529015836791
2.088631813125695,0.3750434859609207,5.210026304385191,-8.960461163994104
2.0887319243604003,0.3491312433604448,5.438218303136435,-8.92953073674061
2.0888320355951056,0.32287368349158907,5.661031491698085,-8.889768326613723
2.0889321468298108,0.2962967770716323,5.878245490935289,-8.841213261651381
2.089032258064516,0.2694268106760918,6.089645459733577,-8.783913566494284
2.089132369299221,0.24229036073863194,6.295022307498467,-8.717925914884598
2.0892324805339264,0.21491426726573357,6.494172900955792,-8.64331557361296
2.0893325917686316,0.18732560728910821,6.68690026507185,-8.560156337962788
2.089432703003337,0.15955166808525198,6.873013777870896,-8.46853045872329
2.089532814238042,0.1316199201854633,7.052329358980284,-8.368528560834815
2.0896329254727473,0.10355799020620736,7.224669651694545,-8.260249553756537
2.0897330367074525,0.07539363352349084,7.389864198399789,-8.14380053363464
2.0898331479421577,0.04715470682150163,7.547749609164232,-8.019296677379213
2.089933259176863,0.018869140539524914,7.69816972334747,-7.886861128742704
2.090033370411568,-0.009435088753074368,7.840975764053269,-7.746624876522532
2.0901334816462738,-0.03772998602769638,7.97602648528073,-7.598726625003797
2.090233592880979,-0.06598756548550794,8.103188311626536,-7.443312656771509
2.090333704115684,-0.09417987823833723,8.222335470404909,-7.28053668802161
2.0904338153503894,-0.12227903995162855,8.333350116043297,-7.110559716527106
2.0905339265850946,-0.15025725842396181,8.436122446640006,-6.933549862400506
2.0906340378198,-0.17808686107635652,8.530550812569336,-6.7496822018059115
2.090734149054505,-0.2057403223217418,8.616541817017803,-6.559138593800545
2.0908342602892103,-0.23319029079065312,8.694010408363384,-6.362107500457035
2.0909343715239155,-0.2604096163830111,8.762879964295555,-6.158783800465648
2.0910344827586207,-0.287371377122422,8.823082367602787,-5.94936859637879
2.091134593993326,-0.31404890578326694,8.874558073543643,-5.734069015711218
2.091234705228031,-0.3404158162673888,8.917256168742792,-5.513098006069171
2.0913348164627363,-0.3664460297011729,8.951134421546705,-5.286674124535262
2.0914349276974415,-0.3921138002301998,8.976159323795112,-5.05502132149342
2.0915350389321468,-0.41739374048355565,8.992306123962521,-4.818368719127291
2.091635150166852,-0.4422608466835983,8.99955885163931,-4.5769503848036726
2.091735261401557,-0.4666905233772249,8.997910333328008,-4.3310050995561244
2.0918353726362624,-0.49065860776192105,8.987362199538218,-4.08077612191939
2.0919354838709676,-0.5141413935853105,8.967924883173865,-3.8265109473211623
2.092035595105673,-0.537115654591743,8.939617609214578,-3.5684610632975677
2.092135706340378,-0.5595586674955008,8.902468375700156,-3.3068817007455857
2.0922358175750833,-0.5814482344551871,8.856513926039211,-3.0420315814877945
2.0923359288097885,-0.6027627050297226,8.801799712666071,-2.774172662369317
2.0924360400444937,-0.6234809975916406,8.73837985208621,-2.5035698761702916
2.092536151279199,-0.6435826201789586,8.666317071349606,-2.230490869560524
2.092636262513904,-0.6630476907630424,8.585682646009404,-1.9552057383794978
2.0927363737486093,-0.6818569569132377,8.496556329625983,-1.6779867604941403
2.0928364849833145,-0.6999918148394702,8.399026274882543,-1.399108126488388
2.0929365962180198,-0.7174343277922614,8.293188946397976,-1.118845668475922
2.093036707452725,-0.7341672438040573,8.179149025313237,-0.8374765872732379
2.09313681868743,-0.7501740127522282,8.057019305756816,-0.5552791782351207
2.093236929922136,-0.765438802728932,7.926920583279012,-0.27253255599028825
2.093337041156841,-0.7799465156993916,7.788981535381413,0.010483621611894122
2.0934371523915463,-0.7936828024357665,7.643338594238515,0.2934894301185299
2.0935372636262515,-0.8066340767089857,7.490135811761793,0.5762049553274332
2.0936373748609567,-0.8187875287270112,7.329524717116778,0.8583505701526944
2.093737486095662,-0.8301311378043194,7.161664166853647,1.1396472111888987
2.093837597330367,-0.8406536842516213,6.9867201877814145,1.4198166547341429
2.0939377085650723,-0.8503447604726586,6.80486581275968,1.6985817919662418
2.0940378197997775,-0.8591947812583782,6.616280909551652,1.975666903031459
2.0941379310344828,-0.8671949932673036,6.421152002923078,2.250797929749281
2.094238042269188,-0.8743374836831799,6.219672090157337,2.5237027466737785
2.094338153503893,-0.8806151880415434,6.012040450161502,2.7941114302532437
2.0944382647385984,-0.8860218972168066,5.798462446370212,3.0617565257971617
2.0945383759733036,-0.8905522635637353,5.57914932361967,3.326373312016987
2.094638487208009,-0.8942018062065188,5.3543179992166525,3.5877000628478366
2.094738598442714,-0.8969669154708267,5.124190848384514,3.845478306323053
2.0948387096774193,-0.8988448564539457,4.888995484323727,4.099453080215027
2.0949388209121245,-0.8998337717298844,4.648964533078523,4.349373184219618
2.0950389321468297,-0.899932683186455,4.40433540345889,4.594991428404959
2.095139043381535,-0.8991414929927337,4.155350052219236,4.836064877707399
2.09523915461624,-0.8974609836957966,3.9022547447473515,5.072355092209913
2.0953392658509453,-0.8948928174467551,3.645299811492075,5.303628362974777
2.0954393770856505,-0.8914395343567115,3.3847394003610725,5.529655943205347
2.0955394883203557,-0.8871045499844706,3.1208312253567088,5.7502142744873055
2.095639599555061,-0.8818921519581936,2.853836311669836,5.965085207911412
2.095739710789766,-0.8758074957347337,2.5840187375137114,6.174056219832941
2.0958398220244714,-0.8688565995003483,2.3116453729229156,6.376920622079888
2.0959399332591766,-0.8610463382184318,2.036985615806446,6.5734777663772
2.096040044493882,-0.8523844368294553,1.760311125484895,6.763533242808992
2.0961401557285875,-0.8428794626106041,1.4818955540057126,6.94689907209967
2.0962402669632922,-0.8325408167020594,1.2020142754786483,7.123393891541295
2.096340378197998,-0.8213787248082375,0.9209441137017502,7.292843134379982
2.096440489432703,-0.809404227084406,0.6389630683778476,7.455079202465579
2.0965406006674083,-0.7966291672166452,0.35635004013861293,7.609941632027216
2.0966407119021135,-0.7830661807076388,0.07338455469370594,7.75727725238207
2.0967408231368188,-0.7687286823792419,-0.20965351364032123,7.896940337432139
2.096840934371524,-0.753630853104374,-0.49248421875386755,8.02879274979702
2.096941045606229,-0.7377876257806913,-0.7748278196393663,8.152704077445703
2.0970411568409344,-0.7212146705612542,-1.0564050570681778,8.268551762680158
2.0971412680756396,-0.7039283793551012,-1.3369374298072956,8.376221223357756
2.097241379310345,-0.6859458496148859,-1.6161474700700447,8.475605966218367
2.09734149054505,-0.6672848674257018,-1.893759017960863,8.56660769221736
2.0974416017797552,-0.6479638899138143,-2.169497494610308,8.649136393747945
2.0975417130144605,-0.6280020269906249,-2.443090173762397,8.723110443668155
2.0976418242491657,-0.6074190224520782,-2.71426645151358,8.788456676033888
2.097741935483871,-0.5862352344500517,-2.9827581139674613,8.845110458467522
2.097842046718576,-0.5644716153568069,-3.2482996025156616,8.89301575608329
2.0979421579532813,-0.5421496910417501,-3.5106282764925836,8.93212518690966
2.0980422691879865,-0.5192915395801603,-3.7694846729536273,8.962400068754825
2.0981423804226917,-0.49591976941694393,-4.024612763296136,8.983810457465186
2.098242491657397,-0.4720574970045083,-4.275760206498568,8.996335176543282
2.098342602892102,-0.4477283239395128,-4.522678598697535,8.999961838092313
2.0984427141268074,-0.4229563136184114,-4.765123718885304,8.994686855069087
2.0985428253615126,-0.39776596743763176,-5.002855770455757,8.980515444831765
2.098642936596218,-0.3721822005591212,-5.235639618388424,8.957461623979345
2.098743047830923,-0.3462303172680902,-5.463245021807967,8.925548194488599
2.0988431590656282,-0.3199359859445128,-5.685446861715799,8.884806721160677
2.0989432703003335,-0.29332521367542397,-5.9020253636472315,8.835277500401244
2.0990433815350387,-0.2664243205322335,-6.112766315042816,8.777009520364944
2.099143492769744,-0.23925991353750384,-6.3174612771262355,8.710060412501088
2.0992436040044495,-0.21185886034916618,-6.515907791061375,8.634496394552873
2.0993437152391543,-0.18424826268657912,-6.707909578198324,8.55039220506397
2.09944382647386,-0.15645542952357636,-6.893276734216869,8.45783102945251
2.099543937708565,-0.12850785007941395,-7.071825916945048,8.356904417739088
2.0996440489432704,-0.1004331666290547,-7.2433805277041845,8.247712193994653
2.0997441601779756,-0.07225914716265495,-7.4077708859793985,8.130362357605891
2.099844271412681,-0.04401365792162834,-7.564834397242238,8.004970976458488
2.099944382647386,-0.01572463583600631,-7.7144157137737395,7.871662072133789
2.1000444938820912,0.0559108404732781,-3.4917186170269146,3.4358077765536406
2.1001446051167965,0.1816536512692626,-3.5513544535023795,3.369700802233131
2.1002447163515017,0.307216792831974,-3.607477731184178,3.3002609383522277
2.100344827586207,0.43247607369599167,-3.6600329398962126,3.2275568662002545
2.100444938820912,0.5573076029353503,-3.7089680985523175,3.1516604956170107
2.1005450500556173,0.6815879127042297,-3.754234806570856,3.0726468938666796
2.1006451612903225,0.8051940803546472,-3.7957882917459354,2.990594211391351
2.1007452725250277,0.9280038500149456,-3.833587454530121,2.905583604515248
2.100845383759733,1.049895753513237,-3.8675949086860237,2.8176991551728685
2.100945494994438,1.1707492305150866,-3.8977770182630294,2.727027787748034
2.1010456062291434,1.2904447477703442,-3.924103930866787,2.6336591830965435
2.1011457174638486,1.4088639173370998,-3.9465496071846182,2.5376856898476285
2.101245828698554,1.5258896136797913,-3.965091846741133,2.4392022330614607
2.101345939933259,1.6414060895118174,-3.979712309855531,2.338306220343842
2.1014460511679642,1.7552990902817611,-3.990396535781478,2.2350974454998536
2.1015461624026694,1.8674559671764643,-3.9971339570094506,2.1296779898331324
2.1016462736373747,1.9777657885421407,-3.9999179097191173,2.022152121177131
2.10174638487208,2.0861194496029256,-3.998745640370176,1.9126261907674131
2.101846496106785,2.1924097803726283,-3.993618308425895,1.801208528053438
2.1019466073414903,2.2965316516566934,-3.984540985206249,1.688009333549735
2.1020467185761955,2.3983820790298735,-3.9715226488721465,1.5731405698424603
2.1021468298109007,2.4978603246986433,-3.954576175545088,1.4567158508466398
2.102246941045606,2.59486799713557,-3.9337183265720794,1.338850329436712
2.1023470522803116,2.689309148399206,-3.908969731946805,1.219660583547809
2.102447163515017,2.781090369029716,-3.8803548699059727,1.0992645008764736
2.102547274749722,2.8701208804426934,-3.8479020427172306,0.9777811622747613
2.1026473859844272,2.956312624712035,-3.811643348687251,0.8553307239754471
2.1027474972191325,3.0395803516688233,-3.7716146504130488,0.7320342987444628
2.1028476084538377,3.1198417032177175,-3.7278555393122024,0.6080138360947285
2.102947719688543,3.19701729479776,-3.6804092964627864,0.4833920016652758
2.103047830923248,3.2710307938974053,-3.6293228497963645,0.35829205589921476
2.1031479421579533,3.34180899555514,-3.574646727681543,0.23283773212666414
2.1032480533926585,3.4092818947638532,-3.5164350089480396,0.10715311418445245
2.1033481646273637,3.473382755710415,-3.4547452693993086,-0.01863748631083564
2.103448275862069,3.5340481777841326,-3.389638524864204,-0.1444096529196525
2.103548387096774,3.591218158282906,-3.3211791708494816,-0.2700389874331442
2.1036484983314794,3.6448361517622065,-3.249434918845878,-0.395401232916044
2.1037486095661846,3.6948491259611527,-3.1744767293582923,-0.5203723966025718
2.10384872080089,3.7412076142569877,-3.096378741718394,-0.644828872538302
2.103948832035595,3.7838657645898754,-3.0152182007573676,-0.7686475638322123
2.1040489432703002,3.8227813848154004,-2.9310753804026644,-0.8917060044124374
2.1041490545050054,3.8579159844345674,-2.8440335042833453,-1.013882480150921
2.1042491657397107,3.8892348126648404,-2.754178663413501,-1.1350561492510356
2.104349276974416,3.9167068928108173,-2.661599731042581,-1.2551071617679304
2.104449388209121,3.9403050529022923,-2.566388274754057,-1.3739167781479278
2.1045494994438263,3.9600059525700586,-2.4686384658957805,-1.491367486673969
2.1046496106785315,3.975790106130617,-2.3684469864401274,-1.6073431196901793
2.1047497219132367,3.9876419018595657,-2.265912933355375,-1.7217289685038792
2.104849833147942,3.9955496174323226,-2.1611377205941826,-1.8344118968378278
2.104949944382647,3.9995054315187355,-2.0542249787845406,-1.9452804527338827
2.1050500556173524,3.999505431518742,-1.9452804527342493,-2.0542249787841804
2.1051501668520576,3.995549617432342,-1.8344118968382006,-2.1611377205938296
2.105250278086763,3.9876419018595985,-1.7217289685042578,-2.2659129333550294
2.105350389321468,3.975790106130713,-1.6073431196909798,-2.3684469864394226
2.1054505005561737,3.9600059525700537,-1.4913674866739361,-2.468638465895808
2.105550611790879,3.9403050529022865,-1.3739167781478945,-2.5663882747540843
2.105650723025584,3.9167068928108097,-1.2551071617678968,-2.661599731042607
2.1057508342602893,3.8892348126649385,-1.135056149251438,-2.7541786634131973
2.1058509454949945,3.857915984434558,-1.0138824801508868,-2.84403350428337
2.1059510567296997,3.8227813848153898,-0.8917060044124029,-2.9310753804026883
2.106051167964405,3.783865764589864,-0.7686475638321776,-3.0152182007573907
2.10615127919911,3.7412076142569752,-0.6448288725382672,-3.096378741718416
2.1062513904338154,3.694849125961139,-0.5203723966025368,-3.1744767293583136
2.1063515016685206,3.644836151762192,-0.3954012329160088,-3.2494349188458984
2.106451612903226,3.5912181582828904,-0.27003898743310895,-3.321179170849501
2.106551724137931,3.5340481777841157,-0.1444096529196172,-3.389638524864223
2.1066518353726362,3.473382755710398,-0.018637486310800287,-3.4547452693993264
2.1067519466073414,3.4092818947638346,0.10715311418448778,-3.5164350089480565
2.1068520578420467,3.3418089955553705,0.23283773212624548,-3.5746467276813547
2.106952169076752,3.271030793897385,0.35829205589924995,-3.629322849796379
2.107052280311457,3.197017294797739,0.4833920016653109,-3.6804092964628
2.1071523915461623,3.1198417032176957,0.6080138360947634,-3.7278555393122152
2.1072525027808675,3.0395803516688003,0.7320342987444975,-3.7716146504130603
2.1073526140155727,2.956312624712011,0.8553307239754816,-3.811643348687262
2.107452725250278,2.870120880442669,0.9777811622747956,-3.8479020427172403
2.107552836484983,2.7810903690296906,1.0992645008765076,-3.880354869905981
2.1076529477196884,2.68930914839918,1.2196605835478427,-3.9089697319468124
2.1077530589543936,2.5948679971358892,1.3388503294363168,-3.9337183265720035
2.107853170189099,2.497860324698971,1.4567158508462492,-3.954576175545025
2.107953281423804,2.398382079030573,1.5731405698416567,-3.9715226488720425
2.108053392658509,2.2965316516570367,1.6880093335493547,-3.984540985206212
2.1081535038932144,2.1924097803733598,1.8012085280526575,-3.993618308425846
2.1082536151279196,2.0861194496032835,1.912626190767045,-3.9987456403701658
2.108353726362625,1.9777657885429005,2.0221521211763767,-3.999917909719123
2.10845383759733,1.8674559671768354,2.129677989832777,-3.9971339570094666
2.1085539488320357,1.7552990902817294,2.235097445499883,-3.9903965357814752
2.108654060066741,1.6414060895117852,2.3383062203438705,-3.9797123098555276
2.108754171301446,1.5258896136797586,2.4392022330614886,-3.965091846741128
2.1088542825361514,1.4088639173370667,2.537685689847656,-3.9465496071846125
2.1089543937708566,1.2904447477703107,2.63365918309657,-3.92410393086678
2.109054505005562,1.1707492305150526,2.72702778774806,-3.8977770182630214
2.109154616240267,1.049895753513203,2.817699155172894,-3.867594908686015
2.1092547274749722,0.9280038500149111,2.905583604515272,-3.833587454530111
2.1093548387096774,0.8051940803546127,2.9905942113913744,-3.7957882917459242
2.1094549499443827,0.681587912704643,3.0726468938664113,-3.754234806571001
2.109555061179088,0.5573076029353153,3.1516604956170324,-3.708968098552304
2.109655172413793,0.43247607369595653,3.2275568662002754,-3.660032939896198
2.1097552836484983,0.30721679283193876,3.3002609383522477,-3.6074777311841624
2.1098553948832035,0.1816536512692273,3.36970080223315,-3.551354453502363
2.1099555061179087,0.055910840473242754,3.4358077765536588,-3.4917186170268972
2.110055617352614,-0.06988727038228562,3.498516476503924,-3.4286292061216437
2.110155728587319,-0.1956162574294946,3.5577648784260103,-3.362148620996531
2.1102558398220244,-0.3211517651673905,3.6134943811581888,-3.2923426159908233
2.1103559510567296,-0.4463696294625004,3.6656498639976376,-3.2192802345351716
2.110456062291435,-0.5711460003529859,3.7141797412173854,-3.143033740864444
2.11055617352614,-0.6953574645488152,3.759036013089861,-3.0636785485411
2.110656284760845,-0.8188811674954967,3.800174313361634,-2.9812931458662013
2.1107563959955504,-0.9415949348852174,3.8375539531346194,-2.8959590182494757
2.1108565072302556,-1.0633773934996127,3.8711379611114887,-2.807760567611959
2.110956618464961,-1.1841080912535362,3.900893120162004,-2.7167850289085598
2.111056729699666,-1.3036676163348213,3.9267900001782503,-2.6231223838435307
2.1111568409343713,-1.4219377153081287,3.948802987182384,-2.526865271874366
2.1112569521690765,-1.5388014100800138,3.9669103086615456,-2.4281088985816517
2.1113570634037817,-1.6541431135957123,3.9810940551018903,-2.326950941506307
2.111457174638487,-1.767848744166876,3.991340197702979,-2.223491453536241
2.111557285873192,-1.8798058383036804,3.997638602252913,-2.1178327639493797
2.111657397107898,-1.9899036619534207,3.999983039152139,-2.0100793771988736
2.111757508342603,-2.0980333200200665,3.9983711895747907,-1.900337869554888
2.111857619577308,-2.2040878640753356,3.9928046477623034,-1.7887167836871396
2.1119577308120134,-2.3079623981340744,3.9832889194465855,-1.6753265213126913
2.1120578420467186,-2.409554182407806,3.969833416404289,-1.5602792339966713
2.112157953281424,-2.5087627349191695,3.9524514471481234,-1.44368871222915
2.112258064516129,-2.6054899308888007,3.93116020376342,-1.325670272874823
2.1123581757508343,-2.6996400997870404,3.9059807449039425,-1.206340645117113
2.1124582869855395,-2.791120119958358,3.876937974963616,-1.0858178550054758
2.1125583982202447,-2.879839510728088,3.844060619443521,-0.9642211087156582
2.11265850945495,-2.9657105218920314,3.807381196541038,-0.841670674649238
2.112758620689655,-3.048648220510627,3.7669359849859294,-0.7182877644755407
2.1128587319243604,-3.1285705749115826,3.7227649881589904,-0.594194413247652
2.1129588431590656,-3.205398535827818,3.6749118945245005,-0.4695133586969328
2.113058954393771,-3.2790561145808703,3.6234240344202977,-0.3443679198396831
2.113159065628476,-3.349470458241433,3.5683523332433094,-0.21888187500213765
2.113259176863181,-3.416571921685538,3.509751261080934,-0.09317933939566297
2.1133592880978864,-3.4802941364781876,3.4476787788366883,0.03261535764122771
2.1134593993325916,-3.5405740765184395,3.3821962809009665,0.15837779561719664
2.113559510567297,-3.597352120375153,3.3133685344291264,0.28398358594574535
2.113659621802002,-3.6505721102588478,3.241263615279972,0.40930849497859084
2.1137597330367073,-3.700181407564376,3.1659528406855544,0.5342285668785329
2.1138598442714125,-3.7461309449360307,3.087510698710942,0.658620246224796
2.1139599555061177,-3.788375274797444,3.006014774582051,0.7823605002150977
2.114060066740823,-3.826872614304019,2.9215456739457086,0.9053269403580119
2.114160177975528,-3.8615848866681053,2.8341869431469133,1.0273979435208904
2.1142602892102333,-3.8924777588208372,2.7440249865930544,1.1484527722274789
2.1143604004449386,-3.9195206753696654,2.651148981294275,1.2683716940750847
2.1144605116796438,-3.942686888819722,2.555650788661697,1.3870361001577174
2.1145606229143494,-3.961953486029834,2.457624863646793,1.5043286223827317
2.114660734149054,-3.9773014108743743,2.3571681613228295,1.6201332495512342
2.11476084538376,-3.988715483092432,2.254380040982155,1.734335442109966
2.114860956618465,-3.9961844133010205,2.1493621678703083,1.8468222454303997
2.1149610678531703,-3.999700814162023,2.0422184126243956,1.957482401537315
2.1150611790878755,-3.9992612076883742,1.9330547485420215,2.0662064591460405
2.1151612903225807,-3.9948660286842013,1.8219791467622029,2.1728868819216864
2.115261401557286,-3.986519624314783,1.7091014694768805,2.277418154837591
2.115361512791991,-3.974230249806746,1.5945333612656727,2.379696888540763
2.1154616240266964,-3.9580100602832626,1.4783881386741837,2.47962192160877
2.1155617352614016,-3.9378750987413564,1.3607806781320386,2.57709442060901
2.115661846496107,-3.9138452801846295,1.2418273023347415,2.6720179778495825
2.115761957730812,-3.8859443719252353,1.121645665188312,2.76429870673662
2.115862068965517,-3.8541999700768956,1.0003546354440906,2.853845334632504
2.1159621802002224,-3.8186434722595837,0.878074179125502,2.9405692931337835
2.1160622914349276,-3.7793100465451377,0.7549252408738505,3.024384805670992
2.116162402669633,-3.7362385966738603,0.6310296243262508,3.1052089723473175
2.116262513904338,-3.689471723574739,0.5065098716394755,3.1829618519349756
2.1163626251390433,-3.6390556832311463,0.3814891422900512,3.2575665409408106
2.1164627363737485,-3.5850403409288094,0.2560910912566017,3.3289492496719277
2.1165628476084537,-3.527479121936723,0.13043974671931127,3.3970393752171364
2.116662958843159,-3.466428958663945,0.0046593873830287,3.4617695712806458
2.116763070077864,-3.401950234350791,-0.12112558044016346,3.5230758147906887
2.1168631813125693,-3.334106723343468,-0.2467907458818573,3.580897469225065
2.1169632925472746,-3.2629655280182748,-0.372211816565466,3.635177344583486
2.1170634037819798,-3.188597012410578,-0.4972647415439869,3.6858617539543164
2.117163515016685,-3.1110747326201307,-0.6218258339944249,3.7329005666143127
2.11726362625139,-3.0304753640594044,-0.7457718935520925,3.77624725761126
2.1173637374860954,-2.946878625613805,-0.8689803281682563,3.8158589537818313
2.1174638487208006,-2.8603672007959826,-0.991329275359386,3.851696476155145
2.117563959955506,-2.771026655963149,-1.112697722741949,3.8837243787048816
2.1176640711902115,-2.6789453556876297,-1.23296562771973,3.9119109834071506
2.1177641824249163,-2.5842143753567073,-1.352014036216403,3.9362284115729085
2.117864293659622,-2.4869274110910866,-1.4697252003314045,3.956652611422297
2.117964404894327,-2.387180687074385,-1.5859826947989515,3.9731633818731495
2.1180645161290323,-2.285072860379129,-1.7006715321427708,3.985744392521721
2.1181646273637376,-2.180704923386286,-1.8136782764086494,3.994383199794765
2.1182647385984428,-2.074180103898747,-1.9248911553583086,3.9990712592568936
2.118364849833148,-1.9656037630381837,-2.034200171023885,3.9998039340619154
2.118464961067853,-1.8550832910379937,-2.1414972085010477,3.9965804995388967
2.1185650723025584,-1.7427280010234878,-2.2466761428856175,3.9894041439089696
2.1186651835372636,-1.6286490208940694,-2.3496329442379227,3.978281965131865
2.118765294771969,-1.5129591834105842,-2.450265780475215,3.963224963885681
2.118865406006674,-1.3957729145922644,-2.548475118093902,3.9442480326860574
2.1189655172413793,-1.2772061205440641,-2.644163820612822,3.9213699411567866
2.1190656284760845,-1.1573760728133489,-2.737237244651425,3.894613317464683
2.1191657397107897,-1.0364012924028687,-2.8276033335364854,3.864004625939273
2.119265850945495,-0.9144014325410402,-2.915172708355822,3.8295741408967907
2.1193659621802,-0.7914971603393275,-2.9998587563582064,3.791355916697472
2.1194660734149053,-0.6678100374397954,-3.0815777166224696,3.7493877540622127
2.1195661846496106,-0.5434623997849808,-3.160248762900958,3.7037111626858965
2.1196662958843158,-0.41857723661524926,-3.2357940835649135,3.65437132018013
2.119766407119021,-0.2932780688244444,-3.3081389585651344,3.601417027389556
2.119866518353726,-0.16768882678972635,-3.3772118333350396,3.5449006601247532
2.1199666295884314,-0.041933727791861,-3.4429443895653566,3.4848781173572143
2.1200667408231366,0.08386284684145899,-3.5052716127741137,3.4214087659326613
2.120166852057842,0.20957647476181065,-3.564131856612793,3.3545553818509988
2.120266963292547,0.3350828156595413,-3.6194669038374387,3.284384088177924
2.1203670745272523,0.46025773424939387,-3.671222023891628,3.2109642896422703
2.1204671857619575,0.5849774230460887,-3.719346027037541,3.134368603991498
2.1205672969966627,0.7091185248229294,-3.7637913149879876,3.0546727901651134
2.120667408231368,0.8325582546178485,-3.804513927983331,2.9719556733655477
2.1207675194660736,0.9551745211810724,-3.8414735882724362,2.8862990670914384
2.1208676307007783,1.076846047726849,-3.8746337399486057,2.7977876922218408
2.120967741935484,1.1974524918937748,-3.9039615851085787,2.7065090932148976
2.121067853170189,1.316874564762844,-3.9294281162895093,2.612553551526768
2.1211679644048944,1.4349941488511155,-3.9510081451615897,2.516013996310586
2.1212680756395996,1.5516944149353427,-3.9686803274402753,2.4169859125050537
2.121368186874305,1.666859937604124,-3.982427183997383,2.3155672463933894
2.12146829810901,1.7803768094253245,-3.992235118149687,2.2118583087245014
2.1215684093437153,1.8921327536058352,-3.99809442910667,2.105961675500982
2.1216685205784205,2.002017235045112,-3.999999321565625,1.9979820865206692
2.1217686318131257,2.1099215696595426,-3.997947911443482,1.8880263417841043
2.121868743047831,2.2157390318824173,-3.99194222774036,1.7762031958581157
2.121968854282536,2.3193649602204913,-3.9819882105327937,1.6626232503124838
2.1220689655172413,2.420696860775191,-3.9680957050983743,1.5473988443233722
2.1221690767519465,2.519634508613857,-3.950278452178309,1.4306439435646483
2.1222691879866518,2.616080046902386,-3.9285540743864726,1.312474027484291
2.122369299221357,2.709938083691916,-3.902944058779393,1.1930059750876891
2.122469410456062,2.801115786267721,-3.8734737356042634,1.072357949336761
2.1225695216907674,2.889522972970156,-3.8401722532447256,0.950649280274795
2.1226696329254726,2.9750722023885157,-3.8030725493917594,0.8280003470034759
2.122769744160178,3.0576788598497777,-3.7622113184648494,0.7045324586153102
2.122869855394883,3.1372612411064544,-3.7176289753194904,0.5803677342132806
2.1229699666295883,3.2137406331506773,-3.669369615272654,0.4556289821222276
2.1230700778642935,3.2870413920650265,-3.617480970490463,0.33043957842569344
2.1231701890989987,3.3570910178423135,-3.5620143627760688,0.20492334493401743
2.123270300333704,3.4238202260914634,-3.503024652809992,0.07920442671879581
2.123370411568409,3.4871630165668344,-3.440570185887384,-0.046592830679178014
2.1234705228031143,3.547056738446647,-3.3747127342106493,-0.17234400423572094
2.1235706340378195,3.6034421522988054,-3.305517435792825,-0.29792471650569935
2.1236707452725248,3.6562634886746683,-3.2330527300294514,-0.42321075864493135
2.12377085650723,3.7054685032676318,-3.1573902900088213,-0.5480782132585214
2.1238709677419356,3.7510085285883967,-3.078604951619477,-0.672403576968627
2.123971078976641,3.792838522098734,-2.996774639535179,-0.7960638825632591
2.124071190211346,3.830917110764278,-2.911980290137513,-0.9189368206264663
2.1241713014460513,3.86520663197371,-2.824305771467162,-1.0409008605062464
2.1242714126807565,3.8956731707912087,-2.7338378002693284,-1.161835370521576
2.1243715239154617,3.922286593499903,-2.6406658562268324,-1.2816207372727646
2.124471635150167,3.945020577407282,-2.544882093455305,-1.4001384839516688
2.124571746384872,3.963852636879565,-2.4465812493584775,-1.5172713875207777
2.1246718576195773,3.978764145582354,-2.345860550922936,-1.632903594659107
2.1247719688542825,3.989740354902948,-2.242819618556103,-1.7469207363465338
2.1248720800889878,3.9967704085382505,-2.1375603675515737,-1.859210040986365
2.124972191323693,3.99984735323225,-2.0301869072882224,-1.9696604459437155
2.125072302558398,3.99896814565335,-1.9208054382593327,-2.078162707393705
2.1251724137931034,3.994133655404494,-1.8095241470295247,-2.1846095083746575
2.1252725250278086,3.9853486641630913,-1.6964530992332005,-2.2888955649295797
2.125372636262514,3.972621860951433,-1.5817041307080728,-2.39091773024305
2.125472747497219,3.9559658335428445,-1.4653907368843087,-2.490575096658227
2.1255728587319243,3.9353970560110567,-1.3476279605256305,-2.5877690954851187
2.1256729699666295,3.910935872436578,-1.2285322779466608,-2.682403594489612
2.1257730812013347,3.882606476784264,-1.1082214838056141,-2.7743849929783466
2.12587319243604,3.8504368889743565,-0.9868145745998915,-2.8636223143741644
2.125973303670745,3.814458927167978,-0.8644316309664897,-2.9500272962011906
2.1260734149054503,3.774708176296803,-0.7411936989144366,-3.0335144773820715
2.1261735261401555,3.7312239528673548,-0.6172226701024635,-3.1140012827645998
2.1262736373748607,3.6840492660729613,-0.49264116127578866,-3.191408104796885
2.126373748609566,3.63323077525566,-0.3675723929924438,-3.2656583822629326
2.126473859844271,3.578818743755205,-0.24214006774519986,-3.3366786760097256
2.1265739710789764,3.5208669891962847,-0.11646824761403726,-3.4043987415819723
2.1266740823136816,3.4594328302572372,0.009318768444280777,-3.468751598701248
2.126774193548387,3.394577029979207,0.13509656753366883,-3.529673597512611
2.126874304783092,3.3263637356651152,0.26074074587614016,-3.5871044815409956
2.1269744160177977,3.2548604154347234,0.3861270318533929,-3.6409874472878623
2.127074527252503,3.180137791492623,0.5111314089226808,-3.691269200415056
2.127174638487208,3.1022697701791295,0.6356302382776724,-3.7379000084565597
2.1272747497219133,3.021333368870169,0.7595003811384015,-3.7808337500083344
2.1273748609566185,2.937408639803255,0.8826193205417129,-3.820027960344738
2.1274749721913238,2.850578590897416,1.0048652825234063,-3.8554438734205996
2.127575083426029,2.760929103654497,1.126117356558362,-3.8870464602126433
2.127675194660734,2.668548848213671,1.2462556151533162,-3.914804463366779
2.1277753058954394,2.5735291956508486,1.3651612324629003,-3.938690428113548
2.1278754171301446,2.475964127606828,1.4827166018161417,-3.958680729422776
2.12797552836485,2.3759501433299035,1.59880545204137,-3.9747555953710876
2.128075639599555,2.2735861642336106,1.7133129624638261,-3.986899126697259
2.1281757508342602,2.1689734360530593,1.8261258764753687,-3.995099312528259
2.1282758620689655,2.0622154287081846,1.937132613550536,-3.9993480422585597
2.1283759733036707,1.953417733961127,2.0462233796114053,-3.99964111357238
2.128476084538376,1.84268796098106,2.1532902756190535,-3.99597823659997
2.128576195773081,1.730135629907831,2.2582274042966604,-3.9883630342043563
2.1286763070077863,1.6158720635293882,2.3609309748687304,-3.9768030383979927
2.1287764182424915,1.5000102771763726,2.4612994057169564,-3.9613096828932117
2.1288765294771967,1.3826648669384831,2.5592334248547197,-3.9418982917930947
2.128976640711902,1.2639518963236045,2.6546361681117108,-3.9185880644352165
2.129076751946607,1.143988781458807,2.7474132749427667,-3.891402056401484
2.1291768631813124,1.022894174960326,2.837472981754847,-3.8603671567150935
2.1292769744160176,0.9007878485736625,2.9247262126708673,-3.82551406124446
2.129377085650723,0.7777905747137459,3.0090866676298886,-3.7868772423435737
2.129477196885428,0.654024007008331,3.0904709077469437,-3.7444949147552236
2.1295773081201332,0.5296105599768913,3.168798437837984,-3.6984089978148336
2.1296774193548385,0.4046732879502548,3.243991786037801,-3.648665073988024
2.1297775305895437,0.27933576336187504,3.3159765804246444,-3.5953123437864973
2.129877641824249,0.15372195452669307,3.38468162257896,-3.5384035771056412
2.129977753058954,0.027956103023902786,3.4500389580058166,-3.4779950610297172
2.1300778642936598,-0.09783739918466974,3.511983943345502,-3.41414654416084
2.130177975528365,-0.22353413278718978,3.570455310310625,-3.346921177523453
2.13027808676307,-0.3490097741855841,3.625395226286827,-3.27638545210127
2.1303781979977754,-0.474140218458273,3.6767493515322243,-3.2026091330739885
2.1304783092324806,-0.5988017021084485,3.7244668929232665,-3.125665190814865
2.130578420467186,-0.7228709254787165,3.7685006541942516,-3.045629728715592
2.130678531701891,-0.8462251747002034,3.808807082616631,-2.962581907916494
2.1307786429365962,-0.9687424430694612,3.8453463120772344,-2.876603869007849
2.1308787541713015,-1.090301551718782,3.878082202507711,-2.7877806507890144
2.1309788654060067,-1.2107822694748254,3.9069823756308546,-2.696200106156124
2.131078976640712,-1.330065431772852,3.9320182469842284,-2.60195281521148
2.131179087875417,-1.4480330585229928,3.9531650541931986,-2.505131995670319
2.1312791991101223,-1.5645684707980563,3.9704018814620796,-2.4058334106641457
2.1313793103448275,-1.6795564062408288,3.9837116802620103,-2.304155274021313
2.1314794215795327,-1.7928831330659807,3.9930812861929477,-2.2001981531271073
2.131579532814238,-1.9044365625482205,3.9985014320042205,-2.094064869456149
2.131679644048943,-2.014106359889393,3.9999667567607426,-1.9858603968715074
2.1317797552836484,-2.1217840533447347,3.997475811145229,-1.8756917578006598
2.1318798665183536,-2.227363141512825,3.991031058891721,-1.7636679173790695
2.131979977753059,-2.330739198670432,3.98063887434884,-1.6498996756785895
2.132080088987764,-2.4318099780605213,3.966309536174887,-1.5344995581145553
2.1321802002224692,-2.530475513019064,3.9480572171717703,-1.4175817041529035
2.1322803114571744,-2.626638215852566,3.9258999702666157,-1.2992617544142548
2.1323804226918797,-2.7202029743568437,3.8998597106565804,-1.1796567362999493
2.132480533926585,-2.811077245892661,3.869962194132537,-1.058884948240095
2.13258064516129,-2.8991711489163294,3.836236991604819,-0.9370658426887164
2.1326807563959953,-2.9843975518784553,3.7987174598557814,-0.8143199079775592
2.1327808676307005,-3.066672159405854,3.7574407085465213,-0.6907685491409071
2.1328809788654057,-3.145913595673598,3.712447563513698,-0.5665339678403454
2.132981090100111,-3.2220434848942587,3.6637825263884896,-0.44173904149448256
2.133081201334816,-3.2949865288352087,3.6114937305824095,-0.31650720174745806
2.133181312569522,-3.36467058129673,3.555632893678095,-0.1909623123816279
2.133281423804227,-3.4310267194669724,3.4962552662790323,-0.065228546812328
2.1333815350389322,-3.493989312095362,3.433419577359692,0.060569734735397555
2.1334816462736375,-3.55349608440395,3.3671879761806327,0.1863081082230402
2.1335817575083427,-3.6094881796839644,3.297625970816161,0.311862208867522
2.133681868743048,-3.661910217507838,3.2248023633637906,0.4371078541437615
2.133781979977753,-3.7107103485062685,3.148789181891745,0.5619211666142336
2.1338820912124583,-3.75584030564966,3.069661609199839,0.6861786964495277
2.1339822024471635,-3.7972554519891415,2.9874979084560955,0.8097575435327492
2.1340823136818687,-3.8349148248053053,2.9023793457893174,0.9325354790156886
2.134182424916574,-3.8687811761230932,2.8143901099116926,1.054391066211099
2.134282536151279,-3.898821009553786,2.7236172288475986,1.1752037807058828
2.1343826473859844,-3.925004613424492,2.6301504838588317,1.294854129565354
2.1344827586206896,-3.947306090166115,2.534082320641507,1.4132237695242997
2.134582869855395,-3.965703381927253,2.4355077578929594,1.5301956240339838
2.1346829810901,-3.980178292391733,2.334524293328271,1.645653999063151
2.1347830923248052,-3.990716504775614,2.231231807250489,1.7594846975248135
2.1348832035595104,-3.9973075959879916,2.125732463758514,1.8715751322291652
2.1349833147942157,-3.999945046939917,2.018130609702047,1.9818144372375581
2.135083426028921,-3.998626248992478,1.9085326714719941,2.0900935775201717
2.135183537263626,-3.9933525065368,1.7970470497378106,2.1963054567986777
2.1352836484983313,-3.9841290357040275,1.6837840122322596,2.300345023471457
2.1353837597330365,-3.970964959206008,1.5688555846854302,2.4021093745202675
2.1354838709677417,-3.9538732973125006,1.4523754400260687,2.501497857286123
2.135583982202447,-3.9328709549727656,1.3344587859471142,2.598412169025344
2.135684093437152,-3.90797870509578,1.2152222509599222,2.692756454135553
2.1357842046718574,-3.879221168003649,1.0947837690364162,2.78443739896693
2.1358843159065626,-3.846626787080961,0.973262462966895,2.8733643241137656
2.135984427141268,-3.8102278006412913,0.8507785265350821,2.9594492741059115
2.1360845383759735,-3.770060210041857,0.7274531056404245,3.0426071044011382
2.136184649610678,-3.7261637440753197,0.6034081784747606,3.122755565600268
2.136284760845384,-3.67858181967363,0.4787664348730345,3.199815384800308
2.136384872080089,-3.627361498968,0.3536511549709326,3.2737103439967843
2.1364849833147943,-3.5725534427388146,0.22818608726565132,3.344367355472884
2.1365850945494995,-3.51421186030867,0.10249532622058637,3.4117165340878093
2.1366852057842047,-3.452394455925412,-0.023296810473046412,3.475691266398189
2.13678531701891,-3.387162371688988,-0.14906590485446503,3.5362282765431883
2.136885428253615,-3.318580127075677,-0.2746875617552988,3.593267688830717
2.1369855394883204,-3.246715555125326,-0.40003753183220664,3.646753086957279
2.1370856507230256,-3.171639735347345,-0.5249918344625271,3.696631569809625
2.137185761957731,-3.093426923419763,-0.6494268803668916,3.742853803786413
2.137285873192436,-3.012154477742561,-0.7732195938520018,3.7853740715943274
2.1373859844271412,-2.9279027829266115,-0.8962475345382258,3.8241503174646088
2.1374860956618464,-2.840755170284855,-1.018389018465993,3.859144188750626
2.1375862068965517,-2.7507978354137483,-1.1395232384468998,3.8903210738604335
2.137686318131257,-2.658119752937107,-1.259530383554277,3.9176501364911767
2.137786429365962,-2.562812588504358,-1.3782917576239349,3.9411043461280926
2.1378865406006673,-2.464970608127338,-1.495689896652401,3.9606605047795465
2.1379866518353725,-2.36469058494163,-1.6116086849807159,3.9762992699221615
2.1380867630700777,-2.2620717034934223,-1.7259334701382305,3.9880051736314766
2.138186874304783,-2.157215461635574,-1.8385511762459417,3.995766637881347
2.138286985539488,-2.0502255701415093,-1.9493504158538055,3.9995759859951545
2.1383870967741934,-1.9412078501243704,-2.0582216001146243,3.999429450238843
2.1384872080088986,-1.8302701283750062,-2.1650570471725232,3.9953271755473865
2.138587319243604,-1.71752213070995,-2.269751088671615,3.987273219381431
2.138687430478309,-1.6030753734474745,-2.372200174266928,3.975275547714277
2.138787541713014,-1.4870430531066632,-2.472302974046215,3.959346027152762
2.1388876529477194,-1.369539934448667,-2.5699604787517467,3.939500413200307
2.1389877641824246,-1.2506822369669555,-2.665076097706953,3.9157583346738107
2.13908787541713,-1.1305875199344413,-2.7575557543543705,3.8881432742887236
2.1391879866518355,-1.0093745661314417,-2.8473079793020637,3.8566825454334266
2.1392880978865403,-0.8871632643592333,-2.9342440007948607,3.8214072651540247
2.139388209121246,-0.7640744908595949,-3.018277832517251,3.782352323376786
2.139488320355951,-0.6402299897616909,-3.0993263586384816,3.739556348400123
2.1395884315906564,-0.5157522526665855,-3.177309416021408,3.693061668687953
2.1396885428253616,-0.390764397492401,-3.2521498735107097,3.64291427100308
2.139788654060067,-0.26539004670451566,-3.323773708219507,3.589163754924002
2.139888765294772,-0.13975320503996227,-3.392110078745771,3.531863283785722
2.1399888765294772,-0.01397813686096464,-3.4570913952377693,3.471069532098733
2.1400889877641824,0.11181075675556792,-3.5186533862475313,3.406842629491972
2.1401890989988877,0.23748906105650258,-3.576735162298302,3.3392461012418178
2.140289210233593,0.36293247067128775,-3.6312792761104404,3.268346805439181
2.140389321468298,0.48801691255802127,-3.68223177942041,3.194214866862427
2.1404894327030033,0.6126186687197427,-3.7295422763392048,3.11692360761951
2.1405895439377085,0.7366144985740716,-3.7731639731989626,3.0365494746249486
2.1406896551724137,0.8598817608438867,-3.8130537248340803,2.953171963990261
2.140789766407119,0.9822985348624288,-3.8491720772563167,2.8668735423939644
2.140889877641824,1.1037437411585227,-3.8814833066766226,2.777739565518186
2.1409899888765294,1.2240972612168899,-3.909955454839723,2.6858581936229284
2.1410901001112346,1.3432400562809579,-3.934560360632319,2.591320304351466
2.14119021134594,1.4610542850946928,-3.955273687937387,2.494219402842808
2.141290322580645,1.5774234204530928,-3.9720749497037326,2.394651529250763
2.14139043381535,1.6922323644594206,-3.984947528209796,2.2927151637505077
2.1414905450500554,1.805367562364446,-3.9938786914995514,2.188511129135246
2.1415906562847606,1.9167171148795017,-3.9988596059753414,2.0821424910959894
2.141690767519466,2.0261708888562073,-3.9998853451351675,1.9737144562791187
2.141790878754171,2.1336206262132866,-3.996954894445229,1.863334268232109
2.1418909899888763,2.23896005101518,-3.990071152343403,1.7511111013283978
2.1419911012235815,2.3420849745838965,-3.979240927372556,1.6371559527888424
2.1420912124582867,2.4428933985525583,-3.9644749314461776,1.5215815328938098
2.142191323692992,2.54128561574654,-3.9457877692538004,1.4045021535074587
2.1422914349276976,2.6371643088046777,-3.9231979238153394,1.2860336150108678
2.1423915461624023,2.730434646428964,-3.8967277382009673,1.1662930917722167
2.142491657397108,2.8210043771864037,-3.8664033934304682,1.045399016244285
2.142591768631813,2.9087839207452606,-3.832254882580327,0.9234709618352938
2.1426918798665184,2.993686456483088,-3.7943159811163274,0.8006295246334731
2.1427919911012236,3.0756280093547104,-3.752624213488555,0.6769962041340847
2.142892102335929,3.154527532952691,-3.707220816015671,0.552693283063226
2.142992213570634,3.2303069896660106,-3.6581506961002734,0.427843706434515
2.1430923248053393,3.3028914278671992,-3.6054623878109555,0.302570959944014
2.1431924360400445,3.3722090560442757,-3.549208003878866,0.17699894783485373
2.1432925472747497,3.4381913138072915,-3.4894431841549354,0.05125187034791224
2.143392658509455,3.5007729397014815,-3.426227040576391,-0.07454589912481743
2.14349276974416,3.5598920357538817,-3.359622098702296,-0.20026993705130772
2.1435928809788654,3.615490128696925,-3.2896942358692054,-0.32579589282743737
2.1436929922135706,3.6675122278012293,-3.216512616035409,-0.4509996117655337
2.143793103448276,3.7159068792672034,-3.1401496213705147,-0.5757572578963982
2.143893214682981,3.7606262171152522,-3.060680780666108,-0.6999454364488509
2.143993325917686,3.8016260105302595,-2.978184694629844,-0.8234413159001185
2.1440934371523914,3.8388657076079222,-2.892742958145688,-0.9461227494619345
2.1441935483870966,3.8723084754647314,-2.8044400795683257,-1.0678683958961033
2.144293659621802,3.9019212366679796,-2.7133633971388456,-1.1885578395288294
2.144393770856507,3.92767470195159,-2.619602992601627,-1.308071709349656
2.1444938820912123,3.9495433991861337,-2.5232516021043403,-1.426291797081485
2.1445939933259175,3.967505698571957,-2.4244045244775747,-1.5431011740940723
2.1446941045606227,3.9815438340333196,-2.323159526974285,-1.6583843070587234
2.144794215795328,3.9916439207898757,-2.219616748573424,-1.77202717221614
2.144894327030033,3.997795969090178,-2.1138786009319737,-1.8839173681578922
2.1449944382647383,3.9999938940920075,-2.0060496670950445,-1.9939442269966507
2.1450945494994436,3.998235521880935,-1.896236598052661,-2.101998923827962
2.1451946607341488,3.9925225916203577,-1.7845480072549602,-2.2079745843650858
2.145294771968854,3.9828607538314587,-1.6710943631864985,-2.311766390644649
2.1453948832035596,3.969259564804178,-1.5559878801012859,-2.4132716847025826
2.1454949944382644,3.951732477145879,-1.4393424070397525,-2.512390070105818
2.14559510567297,3.9302968264746565,-1.321273315215475,-2.609023511258875
2.1456952169076753,3.9049738142744927,-1.2018973839135683,-2.7030764303606194
2.1457953281423805,3.875788486924014,-1.0813326849790548,-2.7944558019446566
2.1458954393770857,3.8427697109248093,-0.9596984660404267,-2.8830712448840825
2.145995550611791,3.8059501443493566,-0.8371150325607944,-2.9688351117882648
2.146095661846496,3.7653662045406677,-0.7137036288501766,-3.051662575690197
2.1461957730812014,3.7210580320917126,-0.5895863181421436,-3.1314717139492783
2.1462958843159066,3.673069451144499,-0.4648858618675922,-3.20818358927662
2.146395995550612,3.6214479260433974,-0.3397255982307962,-3.2817223278123184
2.146496106785317,3.5662445143906902,-0.21422932022217572,-3.352015194168236
2.146596218020022,3.5075138165452406,-0.08852115317402769,-3.4189926633709393
2.1466963292547274,3.4453139216201945,0.037274568005211936,-3.4825884896251376
2.1467964404894326,3.3797063500269893,0.16303342181079658,-3.5427397718375215
2.146896551724138,3.310755992627583,0.2886310232026067,-3.5993870158299317
2.146996662958843,3.238531046553279,0.4139431466300236,-3.6524741931830498
2.1470967741935483,3.1631029477508137,0.5388458489035911,-3.701948796654158
2.1471968854282535,3.0845463003288813,0.6632155917806057,-3.747761892109246
2.1472969966629587,3.002938802766831,0.7869293641574138,-3.7898681669240104
2.147397107897664,2.918361171067254,0.9098648037331246,-3.828225974800151
2.147497219132369,2.8308970589193767,1.031900318038778,-3.8627973769579333
2.1475973303670743,2.7406329749616636,1.1529152046979616,-3.8935481796594114
2.1476974416017796,2.6476581972156916,1.2727897708141385,-3.9204479680296234
2.1477975528364848,2.552064684786022,1.3914054513524998,-3.9434701361383224
2.14789766407119,2.453946986903351,1.5086449264128146,-3.9625919133159737
2.147997775305895,2.3534021494091153,1.6243922372663842,-3.9777943866753156
2.1480978865406004,2.250529618770933,1.7385329010467838,-3.989062519817541
2.1481979977753056,2.1454311437199403,1.8509540239850097,-3.996385167704782
2.148298109010011,2.038210674616555,1.9615444130666777,-3.9997550876830736
2.148398220244716,1.928974260632655,2.0701946860135925,-3.999168946646097
2.1484983314794217,1.817829944863598,2.1767973794683,-3.994627324331756
2.148598442714127,1.7048876574638676,2.281247055285099,-3.9861347127488336
2.148698553948832,1.5902591069186165,2.3834404048155955,-3.973699511734088
2.1487986651835373,1.4740576695538439,2.4832763510902542,-3.957334020643983
2.1488987764182426,1.356398277401526,2.580656148788623,-3.937054426190043
2.1489988876529478,1.2373973045197664,2.675483481908824,-3.9128807864284934
2.149098998887653,1.1171724518934294,2.767664559028568,-3.88483701092191
2.149199110122358,0.9958426310155043,2.8571082060747233,-3.85295083709015
2.1492992213570634,0.8735278462780974,2.9437259564987217,-3.817253802776751
2.1493993325917686,0.7503490762759313,3.0274321387789676,-3.77778121505484
2.149499443826474,0.6264281541506446,3.108143961155453,-3.7345721153060487
2.149599555061179,0.5018876470899349,3.185781593516257,-3.6876692406061524
2.1496996662958843,0.376850735096179,3.260268246357591,-3.6371189814537406
2.1497997775305895,0.25144108915566915,3.331530246732198,-3.582971335887848
2.1498998887652947,0.12578274891501978,3.399497111119635,-3.5252798600346447
2.15,1.763738983026824e-13,3.4641016151377566,-3.464101615137933
