decision,trip_ms,conv_trip,sprt_dec,f_int,k_ibr,Br,phi_deg
TRIP,20.0,False,TRIP,0.8513980749209289,0.38697802427798167,0.15270442919272204,259.4622192001662
TRIP,20.0,False,TRIP,0.7547308023069362,0.21943921987602616,0.46404939039243304,256.04559413088134
TRIP,60.0,False,TRIP,0.7837640781825037,0.42929895995569123,0.5368030642119692,72.97021118999672
TRIP,160.0,True,TRIP,0.9046629439205575,0.34868401452968195,0.11664530011993207,13.195942260565365
TRIP,20.0,True,TRIP,0.9111219611988693,0.047088673943824766,0.03070079839254118,109.36782785054493
TRIP,100.0,False,TRIP,0.8698759519911878,0.48781117581837796,0.30771116271093707,56.56906974922229
TRIP,20.0,False,TRIP,0.6887122944572712,0.3805698509951765,0.541816860194706,142.48385251764986
TRIP,160.0,False,TRIP,0.8878415724963948,0.3930321526384769,0.45554588490189984,352.56460289493754
TRIP,40.0,False,TRIP,0.8041771911843626,0.06405681633777294,0.49131720429021386,65.18569352587954
TRIP,20.0,False,TRIP,0.8195676635521616,0.22519296894778357,0.28198753799535786,114.79461963226882
TRIP,20.0,True,TRIP,0.8623471264076142,0.18539901211629062,0.1644618816771489,261.04115387504606
TRIP,20.0,False,CTALARM,0.7499050908277052,0.4633824944243009,0.3722451902992266,183.30580183029178
TRIP,160.0,False,TRIP,0.9037193657532645,0.32193256004033227,0.1430559856244378,15.814131686418573
TRIP,60.0,False,TRIP,0.7897353406347445,0.411380806635415,0.508360087889546,58.2084065380758
TRIP,180.0,False,TRIP,0.907180674941642,0.22170709941366556,0.1378765191716339,336.6898397183505
TRIP,140.0,False,TRIP,0.9007516683819617,0.11361936089238844,0.203884286700039,37.13939738605025
TRIP,20.0,False,CTALARM,0.7897521648971898,0.2772923935079174,0.35458134482610376,228.63340339549407
TRIP,100.0,False,TRIP,0.8869007601477079,0.03190862805208766,0.34069695390044646,285.23723358272815
TRIP,40.0,False,TRIP,0.7795354950933825,0.41381558599629104,0.4205945634849206,95.5580625809726
TRIP,20.0,False,TRIP,0.795113657420149,0.3158321995610324,0.30621122034994186,261.0280811299284
TRIP,60.0,False,TRIP,0.7644105231805907,0.3790438700426869,0.6436313159570639,61.16226445086489
TRIP,20.0,False,TRIP,0.7193828888895245,0.17726298406493418,0.5879538659380317,102.51009894016453
TRIP,20.0,False,TRIP,0.6188616920484085,0.48534901219745163,0.6153794158656468,112.25593111831469
TRIP,160.0,False,TRIP,0.8873558458768669,0.44656056066109884,0.4406615999824062,358.7165966031205
TRIP,40.0,False,TRIP,0.7717814228247637,0.38919174853688093,0.44450554110256446,77.24602627846463
TRIP,80.0,False,TRIP,0.8583214109374006,0.09731935392598379,0.42643907860116403,46.514687268090604
TRIP,180.0,False,TRIP,0.9023228324033142,0.2333605018635171,0.3044189080950193,333.2489174933077
TRIP,100.0,False,TRIP,0.893232619886446,0.02190188289361439,0.22547420074708382,58.29504977532699
TRIP,180.0,False,TRIP,0.9020834533748395,0.07714474603377391,0.4144020212142092,316.54077106658593
TRIP,20.0,True,CTALARM,0.9101670277021693,0.3415244766212273,0.017872285996915215,234.1643859528084
TRIP,20.0,True,CTALARM,0.8981908808267713,0.37238107795390857,0.005219501996662123,207.67013930538675
TRIP,40.0,False,TRIP,0.7039438658380079,0.483754866217105,0.5961492784077239,270.4819361567677
TRIP,20.0,True,TRIP,0.9074830104446568,0.16291267906907597,0.03249683134433553,261.35962457329805
TRIP,100.0,False,TRIP,0.8738582259777373,0.18522985301743444,0.36735660523339264,39.789428190592936
TRIP,160.0,False,TRIP,0.8926435010159968,0.23477790563790396,0.43049143406475154,359.8077997464081
TRIP,180.0,True,TRIP,0.9076140195517631,0.09473567954214285,0.13871986073570491,339.0803015215423
TRIP,180.0,False,TRIP,0.8965946311873672,0.06496075266773582,0.6270115867856038,322.7731066302898
TRIP,20.0,True,CTALARM,0.8762676956585955,0.23785246311296687,0.13306704022386248,224.02408821926645
TRIP,20.0,False,CTALARM,0.7350784803392693,0.11345467452544206,0.6191604911566723,188.2048792796331
TRIP,20.0,False,CTALARM,0.710044435309205,0.3349069973412552,0.5340931885331246,193.06029019740058
TRIP,160.0,False,TRIP,0.9031988464599993,0.21857595943616537,0.16852006746693576,5.377299922163679
TRIP,20.0,True,CTALARM,0.8787729732059203,0.4163390980289187,0.10552091639326548,179.80902070035944
TRIP,20.0,False,CTALARM,0.8321655622943085,0.35013255100112456,0.22136289713036456,224.55704435757116
TRIP,20.0,False,CTALARM,0.8316144212650787,0.15618332069102053,0.27856539638919225,237.13423515898145
TRIP,20.0,False,TRIP,0.8427992782028172,0.41612990069760053,0.1720492735492464,119.57020741847268
TRIP,20.0,False,CTALARM,0.6173464453648554,0.40238217874840093,0.6992240841280962,169.66164610567782
TRIP,20.0,True,CTALARM,0.8687369386426798,0.19373918951508723,0.1607566353677067,229.0718183985268
TRIP,20.0,False,CTALARM,0.737359285440518,0.14416405196512205,0.5814443788879998,154.1899836990654
TRIP,160.0,True,TRIP,0.9049212655110913,0.34124775198748775,0.11138242296333094,346.3686716340691
TRIP,20.0,False,TRIP,0.715413151464895,0.0698762418046549,0.6861712376931632,253.95915954672012
TRIP,160.0,False,TRIP,0.9043568906550958,0.09995410123755416,0.15786642079815938,0.45854865032057823
TRIP,160.0,False,TRIP,0.9007670120802497,0.003681134875502756,0.29518198834851456,8.380613333611082
TRIP,20.0,False,TRIP,0.7477742304473567,0.3934621887510692,0.39099484673753454,248.50807324861478
TRIP,20.0,True,CTALARM,0.8907101276698777,0.33242542829601607,0.08420000060926532,148.55223511638098
TRIP,180.0,False,TRIP,0.8937162531993671,0.35258268931316755,0.5717740472353708,302.20954171641586
TRIP,80.0,False,TRIP,0.8788264204414814,0.39036451551098394,0.19227987287658088,62.28554741505433
TRIP,160.0,False,TRIP,0.8946066296236581,0.22945788776916998,0.3844889311211646,4.97768905882507
TRIP,20.0,False,CTALARM,0.7756959916712703,0.28437059797644687,0.38474366748527283,139.70964604093643
TRIP,20.0,False,TRIP,0.7911069669719302,0.06989849906382872,0.4218484566280495,264.9830775506816
TRIP,180.0,True,TRIP,0.9098771618227587,0.05726503676798672,0.03884019056702028,349.82198401592467
TRIP,160.0,True,TRIP,0.9062043637759265,0.3342014808952358,0.11803313328209751,318.11539656637996
TRIP,20.0,True,CTALARM,0.8861146591369321,0.23554810307156626,0.11283457004635493,174.26686029737
TRIP,120.0,False,TRIP,0.8966459255018818,0.2826180532405944,0.2114358815910963,292.61422195069196
TRIP,160.0,True,TRIP,0.905705688341941,0.3824994287080128,0.10143990980083789,25.31896483234106
TRIP,20.0,False,CTALARM,0.670786890885009,0.3173591600002954,0.6453449245420028,206.018045130558
TRIP,180.0,False,TRIP,0.9001318969287628,0.2767897003289979,0.3590681153579105,332.74742868520923
TRIP,20.0,False,CTALARM,0.7572272926110832,0.2796035803727068,0.4365026033918791,142.6986530966664
TRIP,180.0,False,TRIP,0.9041791671588163,0.1519750490313061,0.25024172277868456,345.63622667872164
TRIP,20.0,True,TRIP,0.8578893439269872,0.015408917283969703,0.19337229872373807,79.4466348224779
TRIP,100.0,False,TRIP,0.8736974571818831,0.21835869461618118,0.3522240191625491,38.028171432021665
TRIP,20.0,True,CTALARM,0.8631670084092538,0.1072923364097646,0.20602608238438352,188.91444098941238
TRIP,180.0,False,TRIP,0.9048100238267592,0.20426432186231808,0.24055214801083497,326.60887391324076
TRIP,20.0,False,TRIP,0.7736139559624037,0.42670153663408306,0.31692561198959995,112.06051874810791
TRIP,100.0,False,TRIP,0.8826216017611839,0.11696974293267037,0.35401358102904884,288.0577149836229
TRIP,40.0,False,TRIP,0.7660644477485243,0.02915137084453301,0.689019808247287,60.91101571690114
TRIP,20.0,True,TRIP,0.8661311969283155,0.14069194601099827,0.15632581171335835,268.4053425603382
TRIP,20.0,False,CTALARM,0.8164107584202476,0.1467968788833418,0.341583315417853,200.52969889947516
TRIP,100.0,True,TRIP,0.8998654688273858,0.33095825736344753,0.10465821764253724,63.006111141974
TRIP,20.0,False,TRIP,0.8251101181170531,0.27851607617063917,0.2449994628955808,258.5114097975391
TRIP,20.0,False,TRIP,0.696324127704731,0.39194910455320675,0.502117503094483,256.95220084431384
TRIP,20.0,True,CTALARM,0.8770450828874036,0.33215677016369377,0.12212350063240218,185.55668249163853
TRIP,20.0,False,TRIP,0.7711432396564935,0.20319343072003526,0.4069459152850302,81.16834955136287
TRIP,120.0,False,TRIP,0.8842266134060164,0.40701019233301733,0.29169071649760503,47.62580120819876
TRIP,180.0,True,TRIP,0.9100354475641287,0.08348645995385195,0.036105681083131086,344.61181744552414
TRIP,20.0,False,CTALARM,0.7411714183050971,0.011356036566930239,0.6531526690349112,236.09251377329588
TRIP,120.0,False,TRIP,0.8962575212746828,0.045023930387820876,0.28952219820502045,291.32693408641825
TRIP,20.0,False,TRIP,0.6870815653944101,0.36117967529822514,0.5487485750258163,250.90939045808696
TRIP,140.0,False,TRIP,0.8972183566600951,0.2309386151256937,0.2914194421122602,298.610519469224
TRIP,40.0,False,TRIP,0.7645940544410083,0.0806358895168009,0.6561522251051491,58.49669510961243
TRIP,20.0,False,CTALARM,0.8522318747564168,0.25052238755168177,0.2033292341002282,178.902080836936
TRIP,20.0,False,CTALARM,0.8359281550178215,0.07615605135658421,0.2885614547813878,240.1649173808256
TRIP,80.0,False,TRIP,0.8229557667330856,0.348160187538868,0.5312049681815004,37.22036396227847
TRIP,100.0,False,TRIP,0.8866234071094978,0.22307813778701535,0.24056712069659983,53.98450175822699
TRIP,20.0,False,CTALARM,0.8371904420473715,0.19051061304824124,0.25504994993462554,228.23373393034075
TRIP,180.0,False,TRIP,0.8938792946861712,0.15075604457393826,0.6963762213899564,312.7340895313752
TRIP,20.0,False,CTALARM,0.7677509756225193,0.31514129655944423,0.38893016798324637,237.74982441897515
TRIP,160.0,False,TRIP,0.892000323584727,0.1809063052766952,0.4825663175691036,13.033732844187224
TRIP,180.0,False,TRIP,0.9000739725557547,0.0438249596580505,0.45042356390752686,349.35585015251627
TRIP,60.0,False,TRIP,0.8180836295818914,0.05900295106025766,0.5795469030096005,50.22248432624822
TRIP,80.0,False,TRIP,0.8045508489465787,0.48094883227475727,0.6032775696092201,83.7224040788963
TRIP,160.0,False,TRIP,0.8896836486855315,0.4542903453538035,0.3942792927292167,350.9882214857007
TRIP,40.0,False,TRIP,0.8516351466459922,0.3498535669053748,0.20618925247647954,277.57187879521496
TRIP,180.0,True,TRIP,0.9107651863426968,0.1329349807297598,0.01596017330247862,337.16760493626236
TRIP,160.0,False,TRIP,0.8912857980433482,0.48458818867386194,0.43008227574502406,290.3830894108907
TRIP,20.0,False,CTALARM,0.6704695089364261,0.3893754519828973,0.5778281832859337,234.624411001152
TRIP,20.0,False,TRIP,0.7843849331202768,0.3584450945794978,0.31537786385816163,102.43907959068216
TRIP,20.0,True,TRIP,0.8800168601422933,0.22468075107189434,0.115294298343605,117.67731901182914
TRIP,180.0,False,TRIP,0.905718189352222,0.1361207809225795,0.20165745105494864,341.0175862959731
TRIP,160.0,False,TRIP,0.9007490614729632,0.04819548107674965,0.3569922506583052,309.82522181603207
TRIP,20.0,False,TRIP,0.6458139784440653,0.45130119827192083,0.5856768532843666,129.41656143923754
TRIP,20.0,True,CTALARM,0.8804783869278199,0.22788814491680554,0.12022720224789443,134.37627034345337
TRIP,20.0,False,TRIP,0.786558271899782,0.10118168239761516,0.4285049129966599,107.1699804993185
TRIP,20.0,False,TRIP,0.747607936676288,0.15297831207532625,0.5273580297653818,117.40685134500143
TRIP,180.0,False,TRIP,0.8919265001248379,0.289609784470948,0.6552332642343762,309.8402878639628
TRIP,160.0,True,TRIP,0.906981576872669,0.08838639146961585,0.08169258417520159,3.782468372344865
TRIP,20.0,False,CTALARM,0.6289756224297984,0.42830714204618775,0.6484741439151901,156.9789435994289
TRIP,160.0,False,TRIP,0.8901741047801695,0.37925976491760505,0.4210272746221356,339.4222842700468
TRIP,20.0,False,CTALARM,0.7019805503999338,0.3597314779754684,0.5366911112026002,195.34908786581119
TRIP,20.0,True,CTALARM,0.9068491729019137,0.21604651988755186,0.03764229669798882,162.16048445180527
TRIP,20.0,False,TRIP,0.7779977268721247,0.3136544203512216,0.35430370894841656,112.45312969185171
TRIP,140.0,False,TRIP,0.8844501061822646,0.2920489844563678,0.43584077185655556,26.60854675028538
TRIP,40.0,False,TRIP,0.8509771219914275,0.32492330077741,0.21478368791098812,80.81513208990464
TRIP,140.0,False,TRIP,0.8968855226344278,0.042222160569944545,0.3021551456708768,32.56502757727365
TRIP,100.0,False,TRIP,0.871753299179501,0.20790370108530482,0.3880086946957186,45.61179469755417
TRIP,60.0,False,TRIP,0.8517371755434812,0.02080708693094624,0.3867835578410859,58.86595588545713
TRIP,20.0,True,TRIP,0.9091730999849826,0.24699540962225947,0.02930306778478665,108.73059555034024
TRIP,160.0,False,TRIP,0.8985213799672792,0.16493060616639266,0.30763723660522463,3.966004798392766
TRIP,180.0,True,TRIP,0.907327954599816,0.07226209443302345,0.1496727083545616,342.0517988135692
TRIP,60.0,False,TRIP,0.8081368541603953,0.05170148386127582,0.6416865546597448,44.574873363710836
TRIP,20.0,False,TRIP,0.6575333683053827,0.293822286088856,0.6836059930863339,137.93359404945133
TRIP,160.0,False,TRIP,0.904589190067299,0.08529648426844305,0.20975282744644835,316.629921497321
TRIP,140.0,False,TRIP,0.9020667073244042,0.4625600591883986,0.12262977807574112,38.36446926867441
TRIP,20.0,True,CTALARM,0.8673420071709941,0.2905305698501975,0.15365290566384016,174.0975306314835
TRIP,160.0,False,TRIP,0.9004186942503,0.17343490226741853,0.3344265787470676,304.1220951149025
TRIP,20.0,False,CTALARM,0.690803014001109,0.2954577457407084,0.6121539193792248,200.50654465229044
TRIP,40.0,False,TRIP,0.8414116431010265,0.011401935514848749,0.3500253504563477,75.72369435219362
TRIP,20.0,True,TRIP,0.8986201434550465,0.47927960662072266,0.03877444320070835,264.78343130852926
TRIP,20.0,True,CTALARM,0.9108441881918113,0.24115171847145012,0.027919921899200804,245.28278263230283
TRIP,20.0,False,CTALARM,0.8524468650531967,0.3913676136251431,0.15917366193599397,130.38692635689273
TRIP,160.0,False,TRIP,0.8912984537856853,0.041364999961219284,0.5899398943266001,16.66625816929505
TRIP,160.0,False,TRIP,0.8922964406445759,0.24332916541908017,0.4350363902746008,2.8312883625938046
TRIP,140.0,False,TRIP,0.8915547586029721,0.24535349717726046,0.39407049765040403,297.14143792578176
TRIP,20.0,False,TRIP,0.812677971275109,0.4689132274874914,0.22327871480784947,115.76065016126468
TRIP,60.0,False,TRIP,0.776575268737586,0.2858640261880377,0.6505977835323311,49.59716349812566
TRIP,20.0,False,CTALARM,0.8433784377808339,0.2367447005284769,0.2318247714734927,186.67844141867357
TRIP,180.0,False,TRIP,0.8960242025086964,0.1334878315459468,0.5844610888570627,331.49998646103245
TRIP,160.0,False,TRIP,0.8868458871969569,0.1657844986712761,0.6271324625831188,3.0531112280631767
TRIP,140.0,False,TRIP,0.8904049869183605,0.2603362012357689,0.33833450925129566,20.21167464350921
TRIP,20.0,False,CTALARM,0.7034876477452738,0.21945573015252334,0.6260024886365197,150.13617573062604
TRIP,20.0,True,CTALARM,0.8673870319072066,0.010806039940165213,0.19376230117373294,243.34772643182282
TRIP,20.0,False,CTALARM,0.7193452684196213,0.4131459620971789,0.460903398328293,171.39616515613807
TRIP,160.0,True,TRIP,0.9082228106578679,0.44808038591988336,0.061574623967070384,323.11743784754566
TRIP,160.0,False,TRIP,0.8991330038568232,0.07012454449930539,0.3317539498646757,15.87043999349213
TRIP,20.0,True,TRIP,0.8637361021051886,0.2770180717695247,0.15213226151084352,122.45071307174769
TRIP,20.0,True,CTALARM,0.9098453433347192,0.054287870567721774,0.04393429455142201,126.48524017993947
TRIP,20.0,True,CTALARM,0.9048404261160162,0.33612004651990585,0.002607855654334512,122.44580135508302
TRIP,20.0,True,CTALARM,0.8537094321486093,0.14061689191950416,0.22732648150856585,175.56692836442062
TRIP,100.0,False,TRIP,0.8675631196930065,0.3297113173459509,0.41267141617573394,284.6077362700598
TRIP,20.0,False,TRIP,0.7841642184889824,0.3634973071434413,0.3186612433558101,114.43774190501425
TRIP,20.0,False,TRIP,0.8236148726235816,0.3843237459588285,0.21123850896364724,268.01395438759295
TRIP,40.0,False,TRIP,0.7590497084791278,0.05387047297794828,0.6938400215433758,52.727569660465704
TRIP,20.0,False,CTALARM,0.6175954710129417,0.45800592256880396,0.6576675279857744,201.86094802822208
TRIP,20.0,True,CTALARM,0.8962180928352171,0.11510699544744041,0.0879573147862478,135.03168923959623
TRIP,20.0,False,CTALARM,0.8451034873822811,0.01870627808808989,0.2905751986679463,194.1158888264054
TRIP,80.0,False,TRIP,0.8413155948087848,0.2774262346957417,0.45419285379552754,38.789910134009794
TRIP,180.0,False,TRIP,0.8965956815554081,0.18546114193121938,0.5134435582709557,343.24662483392706
TRIP,160.0,False,TRIP,0.8982864708430028,0.4148948715662066,0.25646050843664325,326.23708204864005
TRIP,160.0,False,TRIP,0.8877522675440547,0.4041257360321509,0.5223972689147434,297.50266954462643
TRIP,160.0,True,TRIP,0.90805286784961,0.15856944641135767,0.08690500903747479,321.40181641969866
TRIP,100.0,False,TRIP,0.8796418095430666,0.4764496975348725,0.23226883768039328,52.807633265335
TRIP,20.0,False,CTALARM,0.7653333178615773,0.1454589190700593,0.5015032230291335,181.33983828707974
TRIP,20.0,False,TRIP,0.7569270010668324,0.25752856461585727,0.4379779531822625,114.44729715234841
TRIP,180.0,False,TRIP,0.8967797255847362,0.12798254528380137,0.5860471504031584,319.4589388694971
TRIP,80.0,True,TRIP,0.9060264939035518,0.46802178502448166,0.032799915867008554,68.19756569980792
TRIP,40.0,True,TRIP,0.8865277744206523,0.08230390879100907,0.12207420247613396,79.18032785111004
TRIP,20.0,True,CTALARM,0.9110758882260168,0.022455309696164494,0.03394620759037652,247.2172042878039
TRIP,140.0,True,TRIP,0.9027267042034317,0.21754853000151897,0.13447995697444792,32.00387727156054
TRIP,20.0,True,TRIP,0.9157381498582104,0.4961877820279185,0.0029979674430545052,263.6521836899903
TRIP,40.0,False,TRIP,0.7975976441352776,0.445838633127457,0.3529472111752064,96.52582379308404
TRIP,20.0,False,CTALARM,0.763525987822695,0.3743040097284746,0.3698200768977788,237.93673149617305
TRIP,160.0,False,TRIP,0.8882264532216481,0.44539624543926243,0.4605242469841963,314.29360308983775
TRIP,20.0,False,CTALARM,0.7987835319401749,0.4467233198489316,0.2694387130407304,219.4600943645966
TRIP,40.0,True,TRIP,0.9114481158188169,0.25942918019322453,0.002245383479628804,76.56614398299925
TRIP,140.0,False,TRIP,0.8859702324086267,0.1579645259153965,0.471723808085346,17.699589194117976
TRIP,160.0,True,TRIP,0.9083422299464159,0.386006216055494,0.038003761423538805,16.06102981022371
TRIP,80.0,False,TRIP,0.812464523220681,0.33083063158388054,0.6063193015724208,31.97227752504285
TRIP,20.0,True,CTALARM,0.9009969376470656,0.18682886443685504,0.015857791395556153,208.73444848909773
TRIP,20.0,False,TRIP,0.8137067810535998,0.047233334030757634,0.3713325862796427,125.35842745463444
TRIP,40.0,False,TRIP,0.7203338095687639,0.373394805674513,0.6264425176698645,87.51851186252334
TRIP,20.0,False,TRIP,0.7840052745235759,0.13123025796143234,0.40074270305214604,78.95036080698884
TRIP,160.0,False,TRIP,0.888017438437429,0.4684065752668896,0.425891722580751,341.48935148511566
TRIP,80.0,False,TRIP,0.8504206152579408,0.12048528750284238,0.47712759383618397,42.773967321146785
TRIP,20.0,True,TRIP,0.8946944174555227,0.06137896620574301,0.0856861934113269,109.73318787815569
TRIP,20.0,False,CTALARM,0.7134450826219811,0.41555633606245307,0.4724489705673916,169.73181432690953
TRIP,160.0,False,TRIP,0.8893785644536245,0.07664215831224702,0.6162484174089706,0.1618293867319487
TRIP,180.0,False,TRIP,0.8943095591681787,0.08963415407886954,0.6819545829847214,331.5431474912608
TRIP,120.0,False,TRIP,0.8845890696139945,0.29969139576042175,0.31013639955084293,35.675492673637386
TRIP,20.0,False,CTALARM,0.808783955203398,0.43728102041873224,0.24115339617428277,245.6894162470221
TRIP,20.0,False,CTALARM,0.7636492689247549,0.09821733285728662,0.5273167309174219,226.3915717784958
TRIP,120.0,False,TRIP,0.8881134199476893,0.15516183645004739,0.38001200166672017,291.2629878377054
TRIP,20.0,False,CTALARM,0.8439513579517253,0.3887024191205888,0.18011325811852133,234.4995830023749
TRIP,60.0,False,TRIP,0.8841478272456559,0.4859132130304837,0.12051051947879207,276.9794701977526
TRIP,20.0,True,CTALARM,0.8815883794627899,0.25037059310117116,0.11916121041492057,151.6494991638699
TRIP,20.0,False,CTALARM,0.8310928947622498,0.07194875127562539,0.32142392562430644,175.93361803858437
TRIP,20.0,True,TRIP,0.8866620689731919,0.006968143854100772,0.11908708393095507,252.59835677919096
TRIP,20.0,True,CTALARM,0.8991189937511784,0.11482801499942763,0.01380326080804004,204.6336195798184
TRIP,20.0,True,CTALARM,0.9033378125365921,0.06591110889326052,0.036462142478782995,184.15387809601916
TRIP,40.0,False,TRIP,0.7180701694052499,0.33882933680642874,0.650919180767076,74.00102617963776
TRIP,20.0,True,TRIP,0.9020578719516388,0.06091625231426556,0.05107293881209502,92.91897389029513
TRIP,20.0,True,CTALARM,0.9040872774996132,0.2531649658103165,0.051226483406671686,129.05900678138167
TRIP,160.0,False,TRIP,0.8953747772490523,0.34713121782144324,0.3158319118734727,3.342378752461146
TRIP,20.0,True,CTALARM,0.8586897977866467,0.2905583046104512,0.17157019763452278,150.2508418488853
TRIP,160.0,False,TRIP,0.8869065333833858,0.09988782583002881,0.6738856965207484,0.9966512750086132
TRIP,20.0,False,CTALARM,0.645376863505407,0.40206226309113136,0.6376900876484629,203.40555693168122
TRIP,20.0,False,TRIP,0.7998570918198709,0.35770356480790083,0.28332027406988697,253.4503568300456
TRIP,20.0,False,CTALARM,0.7927165746598775,0.3694920019577709,0.31411206359138144,202.3735073814455
TRIP,20.0,False,CTALARM,0.8427622007333948,0.06552887577865663,0.2625795571528991,249.66719035375533
TRIP,160.0,True,TRIP,0.908825749667556,0.061876901825172304,0.026506281650189756,0.004740680234691652
TRIP,140.0,False,TRIP,0.895128633579773,0.4637812755032538,0.20499278747829605,21.39911038235144
TRIP,20.0,True,TRIP,0.8904204492060626,0.19878909691247032,0.08587142872838888,251.4464787151999
TRIP,100.0,True,TRIP,0.9064724919412157,0.15047434589046987,0.07165923101058591,289.0440532644374
TRIP,20.0,False,TRIP,0.7750264869551531,0.24429202267576666,0.39260310105547147,258.372565520182
TRIP,20.0,True,CTALARM,0.8938955934734973,0.3314321063817912,0.06913540039949356,238.6844073192786
TRIP,20.0,True,TRIP,0.884223969968468,0.47781162852348497,0.07205192665668451,254.65775897216162
TRIP,20.0,False,TRIP,0.8077863079843706,0.1432231134410275,0.33635960037354395,266.2523732866197
TRIP,20.0,False,TRIP,0.7690250453397418,0.46240421465601356,0.3095976555858471,260.7758994123249
TRIP,20.0,True,TRIP,0.8903487386806489,0.012429745693128158,0.09634434959265856,265.6830519678023
TRIP,140.0,True,TRIP,0.909188382014962,0.27759902116341234,0.0031143173662041,26.647094669465098
TRIP,160.0,False,TRIP,0.9043874322366017,0.31698755584054256,0.13508210923749067,22.777758538064894
TRIP,20.0,True,CTALARM,0.8745642507737182,0.05294870187537665,0.16512457792742852,130.00317956259804
TRIP,20.0,False,CTALARM,0.7612492104759125,0.07016979853195632,0.5601739105262072,189.93481723756642
TRIP,20.0,False,TRIP,0.6874727404998099,0.20955715965815191,0.6408068453690504,274.54285941182195
TRIP,20.0,False,TRIP,0.7821425067661385,0.48311595607159086,0.28416107824157877,120.49481476476451
TRIP,20.0,False,TRIP,0.8064268608924249,0.2980212766171864,0.28351870855068445,99.04214758810853
TRIP,140.0,False,TRIP,0.8795710676047576,0.4665116108001056,0.4987368986319067,281.3213909226706
TRIP,40.0,False,TRIP,0.7743913096574585,0.40218045780648537,0.4388454109932822,89.7612665234382
TRIP,120.0,True,TRIP,0.9031375041567139,0.23369080077764576,0.1288981306853864,295.5028956532068
TRIP,100.0,True,TRIP,0.9026582024549092,0.3923817246260937,0.07538238560710295,63.76807789921389
TRIP,20.0,False,CTALARM,0.8368141838779811,0.008918391988493868,0.30632832345853556,129.41046823409164
TRIP,20.0,False,CTALARM,0.8083762469262609,0.05457199838286747,0.39537985421393407,144.38721939350052
TRIP,20.0,True,TRIP,0.8753503509048,0.41471430744136817,0.09709532221116647,107.82376103075143
TRIP,160.0,False,TRIP,0.8999137002355354,0.39840854416258087,0.20529144538591118,1.208488999324553
TRIP,20.0,False,TRIP,0.8470816266681671,0.11632037098321685,0.2141600975014024,84.78333281564923
TRIP,20.0,False,TRIP,0.8528203770599022,0.26538479529952674,0.1829087407169148,121.55528119639453
TRIP,20.0,False,TRIP,0.7926204871136928,0.30300791035000546,0.3225328864042537,112.9049620295986
TRIP,120.0,False,TRIP,0.8719065348008663,0.4338694768880056,0.4571445090238169,282.79997873179457
TRIP,140.0,False,TRIP,0.8882186825610117,0.30155357866936283,0.3565729185311946,17.052394513130285
TRIP,20.0,True,CTALARM,0.8750264546342988,0.20628578463684016,0.14101959357314092,140.02153187588667
TRIP,160.0,True,TRIP,0.9072084568702371,0.18709202170359135,0.07205733293317983,13.50556400859885
TRIP,180.0,False,TRIP,0.8946057153121578,0.21294104318675494,0.5753093240290902,335.03312380644337
TRIP,100.0,False,TRIP,0.8764390368710031,0.3259655127899871,0.33551327790244995,284.4753973311947
TRIP,160.0,True,TRIP,0.9078778026253462,0.43374531587616244,0.04349742889371404,353.57817572568484
TRIP,180.0,False,TRIP,0.9063255314722207,0.22694844103814987,0.18068504975469057,327.6577914105667
TRIP,20.0,False,TRIP,0.741402835695337,0.12391978147567906,0.5628236448689083,113.69259796179038
TRIP,20.0,False,CTALARM,0.755760342027123,0.11833118149879057,0.5262084273414849,248.9700284390089
TRIP,20.0,False,TRIP,0.6544375937128166,0.3730071401217232,0.6130716430281644,110.35947149222703
TRIP,180.0,False,TRIP,0.8966319674133345,0.4082843817119552,0.42146147820118446,319.75602765466465
TRIP,20.0,False,CTALARM,0.8382218319831308,0.05263903992706248,0.2960341540506385,147.8710331882429
TRIP,20.0,False,CTALARM,0.8376684995262597,0.03327942847758908,0.29864449828811546,135.31951508552356
TRIP,180.0,False,TRIP,0.9072281310596602,0.2972168318782259,0.1358000311450606,329.064747924
TRIP,160.0,False,TRIP,0.8980551809125258,0.07308662209634914,0.45555927306251726,301.22650354314754
TRIP,160.0,False,TRIP,0.8897485119681581,0.41233209522817066,0.4095481292649978,347.9088792111486
TRIP,160.0,True,TRIP,0.9064152894859238,0.15516733696203722,0.10840508800018511,23.935710806800866
TRIP,20.0,False,TRIP,0.7288010128195644,0.07193596648557132,0.6199640440317623,87.60199609398956
TRIP,20.0,False,TRIP,0.795783580408933,0.4604852362437251,0.25792774231741794,108.30878923213643
TRIP,20.0,True,CTALARM,0.9055443077349525,0.08276586136763908,0.03481713586474794,152.76674194371435
TRIP,20.0,False,CTALARM,0.852622999847225,0.14236004116896778,0.22951664454584866,170.32681654147297
TRIP,20.0,False,TRIP,0.7350366900846961,0.07680669759602932,0.608899700298103,104.93007410402568
TRIP,80.0,False,TRIP,0.8419481992690477,0.057745031832677485,0.6418696101032492,284.56215233221025
TRIP,20.0,False,TRIP,0.816336330504622,0.010574008168220017,0.34327889208174345,80.36789201462032
TRIP,20.0,False,CTALARM,0.7299710089123002,0.027697704582130056,0.6694379580513925,250.7462327876807
TRIP,160.0,False,TRIP,0.8920105867828281,0.08732073546792635,0.6126692664483832,306.63659361315507
TRIP,20.0,False,CTALARM,0.7624299228486837,0.026690966313587694,0.5776615019694578,217.33136609745108
TRIP,20.0,False,TRIP,0.6868958948433479,0.2955719080554856,0.6017970452775442,127.4972133214155
TRIP,60.0,False,TRIP,0.8534678233572539,0.3403572633997532,0.2673127885181764,67.64084719079447
TRIP,60.0,False,TRIP,0.8116124983587795,0.19681522841601412,0.5295282585288805,48.36462998533056
TRIP,20.0,False,TRIP,0.782644461322039,0.1589955484760247,0.40413730215330446,267.9029060936622
TRIP,20.0,False,CTALARM,0.7414158453803588,0.25226311851111505,0.5037788012182146,168.88751913006575
TRIP,160.0,False,TRIP,0.9040110418224121,0.4375024711173043,0.12445027530654222,16.67503842025235
TRIP,140.0,False,TRIP,0.8740819275768332,0.425565813411103,0.5119757382424593,354.1822224993433
TRIP,20.0,False,CTALARM,0.7332158948821019,0.02173753100639597,0.6703147039359202,241.66914587603642
TRIP,140.0,False,TRIP,0.9025022191069195,0.09074920479826204,0.2118643256670007,303.9057185137118
TRIP,20.0,False,CTALARM,0.7092387989235118,0.11837243555219801,0.6903129267689389,157.74792167412411
TRIP,180.0,False,TRIP,0.9040486371920476,0.12469378791610591,0.26486321036375976,343.95790349088895
TRIP,60.0,True,TRIP,0.8837733755974261,0.28561632587138636,0.139806447914723,71.82900753268582
TRIP,80.0,True,TRIP,0.9009551163139977,0.20813121285159614,0.07860036086016686,66.6490042579738
TRIP,160.0,False,TRIP,0.894078952459933,0.024627059963796993,0.5494733393017244,320.5205045173292
TRIP,180.0,False,TRIP,0.9011397526274616,0.1868070692297858,0.3883777802635978,321.01814304206215
TRIP,20.0,False,CTALARM,0.8468357179170005,0.2618764743588186,0.21499190556342018,179.6470147796552
TRIP,100.0,False,TRIP,0.874728745500621,0.050835951451857986,0.4259152588556305,45.28308792743231
TRIP,20.0,False,TRIP,0.8135731842673267,0.41672927689427985,0.2324708314887033,109.8779249531779
TRIP,20.0,False,TRIP,0.8257775309214468,0.025980933232552128,0.3138504301299211,271.4948416924084
TRIP,180.0,False,TRIP,0.8896553668872386,0.46242093450903105,0.6038648880271638,304.5570868804692
TRIP,20.0,False,TRIP,0.7851085326116692,0.04955657078993775,0.4677165338014153,125.15570918813415
TRIP,100.0,False,TRIP,0.8398762589301402,0.4217874757988764,0.5336812877933015,22.04412545407242
TRIP,20.0,False,CTALARM,0.7293912782161391,0.45132657196380854,0.40844548602870334,239.661605366201
TRIP,20.0,False,TRIP,0.570514179828508,0.48978534029329635,0.6939786342199347,266.21893491778565
TRIP,20.0,False,CTALARM,0.849876627963199,0.4010129401367968,0.16898704640362486,152.64528331092933
TRIP,20.0,False,CTALARM,0.8453624699705526,0.38973877038566446,0.18360381250317032,209.91514018243296
TRIP,160.0,True,TRIP,0.9069223425995669,0.32124163799777383,0.064791257116833,355.45373910867
TRIP,40.0,False,TRIP,0.7924838593499376,0.3894981772890645,0.3878136514494973,88.19949576947738
TRIP,20.0,False,CTALARM,0.799675397402442,0.06727610420657354,0.4293514654858575,206.27196976773033
TRIP,20.0,False,CTALARM,0.7356365290998861,0.26803401797381865,0.5081731010291738,219.9457488825513
TRIP,20.0,False,CTALARM,0.8399396802429147,0.25711143509520723,0.2348121481644827,197.67859056880673
TRIP,140.0,True,TRIP,0.9107281834105799,0.4287860720612788,0.008579761305519039,312.8866408597665
TRIP,20.0,False,CTALARM,0.7676331642765062,0.23139968279675793,0.44256067596182397,217.8027114919619
TRIP,20.0,False,CTALARM,0.6896016101881384,0.19254474805017674,0.6990868447642679,182.8404080608644
TRIP,120.0,False,TRIP,0.8932540279217989,0.31978163561855505,0.2061845476529947,44.28540959802233
TRIP,20.0,True,TRIP,0.8786637991664469,0.13323165875042303,0.1287541167283138,253.15531174563318
TRIP,140.0,False,TRIP,0.9024896934497517,0.06988420547697843,0.19723687047844723,47.55865013809213
TRIP,180.0,False,TRIP,0.9019496786355458,0.2389386370118729,0.29779083234393305,9.56516161112052
TRIP,20.0,True,CTALARM,0.8655973178312089,0.2084446842974425,0.17563905026679527,175.8712187028464
TRIP,20.0,False,CTALARM,0.8504323334205763,0.11628497026443685,0.2428720177572709,206.08029797318363
TRIP,160.0,False,TRIP,0.8930612474502863,0.183755905057564,0.4467447170055538,359.6594620945968
TRIP,20.0,False,TRIP,0.8373348401954811,0.1831962249131237,0.2415195907898303,256.4376460039031
TRIP,160.0,False,TRIP,0.902506432867719,0.16374778220627273,0.27724126134855825,305.4925152819278
TRIP,20.0,True,CTALARM,0.9122549407062989,0.18973203986346449,0.02802188395948476,124.69969405107192
TRIP,20.0,False,CTALARM,0.6635096913261831,0.3428716727279727,0.6425597511360087,183.2092857287883
TRIP,180.0,False,TRIP,0.9031768659450873,0.14843823728564265,0.28482017194039755,350.736836638268
TRIP,20.0,False,CTALARM,0.8136882738686966,0.4744289633576702,0.229700461224356,150.25987877139946
TRIP,100.0,True,TRIP,0.9049451955925574,0.45817400976908895,0.06053893737176915,290.6245529288582
TRIP,20.0,False,CTALARM,0.7667668229093496,0.2404552141500393,0.4439282507766285,189.3560823880186
TRIP,20.0,False,TRIP,0.7114071678530551,0.1641806025023444,0.6046774651846284,80.62626655082308
TRIP,20.0,True,CTALARM,0.9065094921737618,0.26771739491500157,0.028807240036680212,208.9507093959178
TRIP,40.0,True,TRIP,0.879428483506102,0.4242802443868123,0.10169072715622485,78.50233021331574
TRIP,160.0,True,TRIP,0.9052181175320602,0.326293670280051,0.10247288022034512,1.0897163552668054
TRIP,40.0,False,TRIP,0.7788738217456109,0.4021959139735387,0.421592398743455,84.92256557040358
TRIP,40.0,False,TRIP,0.7356776149102779,0.2663611380328701,0.6448613519028581,69.53177964783254
TRIP,20.0,False,TRIP,0.8000307422535574,0.31645881463381037,0.3064378569458567,133.53162379179614
TRIP,160.0,False,TRIP,0.9027465415146962,0.14407780709123086,0.24066451373569545,319.8948853713437
TRIP,20.0,False,TRIP,0.6944807884602642,0.3674465811551454,0.5360884799176838,139.6271064955233
TRIP,160.0,False,TRIP,0.8950893123434261,0.10120229656285917,0.5197983432289559,304.2675458967568
TRIP,20.0,True,CTALARM,0.8547507165530028,0.3473990644092491,0.17272929749404672,200.02068724736927
TRIP,180.0,False,TRIP,0.9067603447598757,0.43035953416294703,0.11257845361552023,2.7412935201240973
TRIP,40.0,False,TRIP,0.8560839061600245,0.06605141865077196,0.25046702269074944,67.94521664515744
TRIP,180.0,False,TRIP,0.8935741426243132,0.3071898702709599,0.5429223745586418,335.2600962748931
TRIP,20.0,False,CTALARM,0.7849485542039323,0.0475478741149673,0.48654437294048475,217.50244063117867
TRIP,180.0,False,TRIP,0.8950437120246385,0.36285781413571344,0.4660975944493436,334.63686908601863
TRIP,20.0,False,TRIP,0.7511153384413127,0.042246609411760117,0.5805999921142426,111.64320730924304
TRIP,20.0,False,TRIP,0.825049405594627,0.467969911350313,0.19399121863897562,257.96245618178745
TRIP,40.0,False,TRIP,0.8628242436801961,0.06870396501890108,0.23777860782865703,277.92905756301354
TRIP,180.0,True,TRIP,0.9101189540637775,0.4794401229545402,0.02963761542642319,351.251856985052
TRIP,140.0,False,TRIP,0.8687243391693708,0.4004420880425483,0.6081220430624733,6.543533940825852
TRIP,180.0,False,TRIP,0.8979003469629986,0.29684100223317705,0.40770081444552464,342.8053974443686
TRIP,20.0,False,CTALARM,0.8319196461837617,0.39131205231477345,0.20868560431858532,140.97247833749944
TRIP,140.0,True,TRIP,0.9092748779610229,0.39755741949154294,0.048591572014555884,301.6772660681521
TRIP,20.0,False,CTALARM,0.6845949431075693,0.47301353140866514,0.5063866522137217,196.09665055959022
TRIP,20.0,False,CTALARM,0.7617514164815434,0.1266916769195936,0.5241162636843427,203.27383549201156
TRIP,20.0,False,TRIP,0.7402283478080043,0.2950379476791546,0.46632505648051575,129.37603974712204
TRIP,120.0,True,TRIP,0.9037046268727225,0.04752459878220061,0.14264667966271066,298.2501325361511
TRIP,20.0,False,TRIP,0.661841247173829,0.30808285001206065,0.6392512409560234,95.04488550162002
TRIP,20.0,False,CTALARM,0.7678314284284609,0.0856456520463944,0.5272106133146134,177.20689902429834
TRIP,20.0,False,CTALARM,0.7516830004590609,0.2824753057362209,0.46042942650877916,201.66281955629114
TRIP,20.0,False,TRIP,0.7395911200018603,0.28621525701692485,0.4556607463952512,267.3075936338958
TRIP,20.0,False,CTALARM,0.699881144879384,0.23299257649061367,0.6330503900641488,169.78872133495332
TRIP,20.0,False,CTALARM,0.6797957769830177,0.2613158877565614,0.6498149931679866,244.90184358221777
TRIP,20.0,False,CTALARM,0.7461795364291596,0.38196169500329397,0.4169461926071679,174.70587468527114
TRIP,20.0,False,CTALARM,0.7930409923254973,0.3996223582560333,0.29166858767378384,237.35542930509408
TRIP,20.0,False,CTALARM,0.8287705198671991,0.24607660778771456,0.2546137856915913,242.69165143493333
TRIP,20.0,False,TRIP,0.6940134660217031,0.29979672076130615,0.5733551887565057,255.39896179052775
TRIP,140.0,False,TRIP,0.8811413467640845,0.4656181178450509,0.45122373788403347,296.38792578971737
TRIP,20.0,True,CTALARM,0.9090301502598997,0.059866794250561406,0.05408622117755754,194.66012194557024
TRIP,60.0,True,TRIP,0.895804218787787,0.05855178295005525,0.09953020911051903,69.58013899316158
TRIP,20.0,False,CTALARM,0.7396875155299881,0.043854505955384204,0.6301301265733924,244.67070298285992
TRIP,100.0,False,TRIP,0.8378093534490318,0.3289316425202639,0.6191487036731506,27.762510057178275
TRIP,40.0,False,TRIP,0.7448537101138888,0.20930415039518974,0.6662827140882281,78.82380808602625
TRIP,120.0,False,TRIP,0.8877795963977525,0.3871607080709216,0.2994956771298266,285.1767103193277
TRIP,20.0,False,CTALARM,0.7009573320918492,0.3356157066542963,0.548842635348495,156.62525195882375
TRIP,20.0,False,CTALARM,0.7354997135060058,0.16681887916411908,0.579757519120025,179.29590035443815
TRIP,160.0,False,TRIP,0.8987050146853615,0.4491832736807679,0.22098783408673514,355.4628906540708
TRIP,20.0,True,TRIP,0.8700582960169299,0.38126607353532616,0.10173639785899956,84.66209490561045
TRIP,160.0,False,TRIP,0.8852036958557922,0.13526747045508786,0.697918453147421,7.03898983293644
TRIP,140.0,True,TRIP,0.9093359270055447,0.182096008886027,0.02115344262594493,40.09413942642388
TRIP,20.0,False,TRIP,0.7771393869735695,0.15721999010213145,0.4181351430980101,88.02066947789865
TRIP,20.0,False,TRIP,0.7808869801253455,0.07880582431249983,0.4551485919271962,261.33120878272894
TRIP,40.0,False,TRIP,0.8100244378203694,0.07389168627109582,0.47725253937875384,279.2959315145143
TRIP,20.0,False,CTALARM,0.8402458926181369,0.468063731687872,0.17893942077836278,203.57602344508098
TRIP,20.0,False,TRIP,0.7362932821478589,0.21895201859937663,0.5051054710091956,91.81670353133809
TRIP,20.0,True,CTALARM,0.8751959399905943,0.19165991138870492,0.15147969429688585,187.8270820296565
TRIP,140.0,False,TRIP,0.8720899939084944,0.36484285433868896,0.5803267790261777,5.384720136216319
TRIP,20.0,True,CTALARM,0.8628794737954455,0.27649653262644996,0.15338167185924417,245.44833938704664
TRIP,20.0,False,CTALARM,0.6919932471247788,0.4680699934192311,0.4876942203532542,221.14711994730044
TRIP,140.0,False,TRIP,0.8731165922537152,0.3901507469546961,0.5483894400837831,7.846754177355688
TRIP,120.0,True,TRIP,0.9030382274997207,0.23968478206227017,0.13226202532353212,294.12418810780645
TRIP,20.0,True,TRIP,0.8574045406818215,0.1881797367404131,0.16659054134282192,274.8335526583638
TRIP,20.0,False,TRIP,0.6508441060552612,0.493315772462161,0.5453726171140568,110.96054840459271
TRIP,20.0,True,CTALARM,0.8980405521591343,0.35888011800182174,0.06019928014446699,228.73559422763014
TRIP,20.0,True,CTALARM,0.8602250040476436,0.47559733000192056,0.1335326667266649,216.53746684739033
TRIP,100.0,False,TRIP,0.8839547075093265,0.05923928860852068,0.31887163433294063,51.5449005216733
TRIP,60.0,False,TRIP,0.7563104751582925,0.4252668395953913,0.6511273501213394,69.5733484011717
TRIP,20.0,False,CTALARM,0.7634837249044888,0.3185369419956038,0.3933144844251073,245.95420904212662
TRIP,160.0,False,TRIP,0.9014677012824168,0.06096083916755629,0.27137449374575784,336.07859265720305
TRIP,20.0,False,CTALARM,0.6631603782939546,0.29412899998461034,0.6848591555557336,207.46235545155113
TRIP,20.0,False,CTALARM,0.7927782983388291,0.3430481825527244,0.32459791435490193,204.41273240143616
TRIP,20.0,False,CTALARM,0.8390354401187067,0.006151342944301419,0.3036144815812374,232.80541009338185
TRIP,20.0,False,CTALARM,0.8228729325786672,0.22715898092087328,0.28815102182140645,158.60818806412638
TRIP,140.0,False,TRIP,0.8946745431847315,0.4126997555981606,0.21852605082475737,19.50193566048375
TRIP,20.0,False,CTALARM,0.8502188599574768,0.14767951267204493,0.22798636681630904,142.741384820891
TRIP,180.0,False,TRIP,0.8976113430103523,0.22927404089927556,0.4814859419506486,324.0907956424403
TRIP,100.0,True,TRIP,0.9099506121707166,0.2211570635339466,0.02858491813931679,289.78084814095746
TRIP,180.0,False,TRIP,0.8984875709603318,0.1509636957212458,0.4772717079524232,333.87248468774357
TRIP,120.0,False,TRIP,0.8980942100225049,0.4592209477577771,0.14084314868811096,55.019370647667806
TRIP,20.0,False,CTALARM,0.8089663405718197,0.39064701771575794,0.268945602243145,182.14479253397863
TRIP,20.0,True,CTALARM,0.8956623500759607,0.05529420549805525,0.10257728079223238,210.50213573265972
TRIP,80.0,False,TRIP,0.8418127008580538,0.49851732891878653,0.38692573085072884,75.5731835974708
TRIP,60.0,False,TRIP,0.7885306877354703,0.4396000121538726,0.5105453114664977,72.34928613682922
TRIP,60.0,False,TRIP,0.8716641148527791,0.14195421893201948,0.24825890323945524,281.53185575140884
TRIP,20.0,True,CTALARM,0.8695038155026411,0.4184482898304691,0.11439160427818405,241.86669013879438
TRIP,20.0,True,CTALARM,0.8768629146871831,0.05320976593569143,0.15855390735182287,232.98751325345765
TRIP,80.0,False,TRIP,0.810269777748521,0.4995523652371193,0.5726790429679007,96.11548487388538
TRIP,20.0,False,CTALARM,0.8504624248215231,0.33284236805326844,0.18735411454189668,182.43699272899445
TRIP,140.0,False,TRIP,0.8761812075368339,0.3250625077793985,0.542291815107859,8.30518325615802
TRIP,120.0,False,TRIP,0.896607990035888,0.04522036349206637,0.23183958476434774,46.78057893615404
TRIP,20.0,True,CTALARM,0.8644363250410851,0.44851669944831263,0.13211278804007376,186.57031059388484
TRIP,20.0,False,TRIP,0.7761176946602736,0.014499751602234712,0.5091159917392016,111.4820192274886
TRIP,180.0,False,TRIP,0.9023532609421298,0.12041402902057352,0.3279815206326447,347.64111248274594
TRIP,20.0,True,CTALARM,0.8993078715435234,0.0715109375833175,0.021894075892364483,169.73450037612383
TRIP,60.0,False,TRIP,0.7500303669059478,0.3883839703461093,0.671959693541079,30.083096288466237
TRIP,160.0,True,TRIP,0.9062483273460291,0.09910211360644894,0.10342741155047519,6.423245011912471
TRIP,20.0,False,TRIP,0.7999480762559992,0.45531911356544263,0.24738488351716395,261.0928345851617
TRIP,80.0,False,TRIP,0.8692941759175096,0.3281345196637451,0.2693562444969951,61.74242569811301
TRIP,40.0,False,TRIP,0.8399410152371741,0.018081355247348108,0.34260092948088927,67.61245284182125
TRIP,20.0,False,CTALARM,0.7724263659799873,0.0027149170643502307,0.5498108156339194,152.57060015064158
TRIP,20.0,True,TRIP,0.9157378558392458,0.025828958507199462,0.004263195772588734,95.06181209524728
TRIP,20.0,False,CTALARM,0.670742158442724,0.30296258882386384,0.6527304359352523,221.96774870862822
TRIP,20.0,False,CTALARM,0.7264964106780318,0.40074090542970764,0.4521926221421078,174.84930260055495
TRIP,60.0,False,TRIP,0.7959172591910992,0.11927641031369424,0.6654542154042549,40.12221653180283
TRIP,120.0,False,TRIP,0.8616976490997272,0.4247044214615365,0.57217267619154,282.50670524740144
TRIP,20.0,False,CTALARM,0.7400790390413501,0.028615970076630193,0.6494867526582517,153.30918758912932
TRIP,20.0,False,CTALARM,0.7389797727937384,0.4004819268208381,0.42070038565497464,219.9003550521482
TRIP,140.0,False,TRIP,0.8913747408539812,0.4638977150861402,0.25011628801402236,1.419239711765421
TRIP,20.0,False,CTALARM,0.7892929968041696,0.3860541995521903,0.3100398441795226,225.50401203715333
TRIP,20.0,False,TRIP,0.7246940474060284,0.3490603919893186,0.460622617268879,101.8259485311364
TRIP,20.0,False,CTALARM,0.7912050828263504,0.41899010932769154,0.2988523018364354,177.97346755559767
TRIP,20.0,False,TRIP,0.7737002904275768,0.02007564977353321,0.5121709484274524,107.1794173756643
TRIP,160.0,True,TRIP,0.9075135833763357,0.10089105535952769,0.06429361125602069,358.6538680712074
TRIP,20.0,False,TRIP,0.7410287871185686,0.06246183965282154,0.5809906542894221,83.10323329618447
TRIP,180.0,False,TRIP,0.9072570278873779,0.25226549509649326,0.1429320477494029,328.62945653613235
TRIP,180.0,False,TRIP,0.8881076824462426,0.37259406416442226,0.6607633266673058,330.4679874587701
TRIP,20.0,True,CTALARM,0.8818608307696207,0.31500592228819935,0.10888205995608753,151.5602350563724
TRIP,20.0,True,TRIP,0.8781181131508399,0.4255655498809675,0.09041493727167847,109.44112158840825
TRIP,20.0,False,TRIP,0.7523726902958224,0.07760649622054544,0.568313277411175,137.1727968835648
TRIP,160.0,False,TRIP,0.8829098978220631,0.3673105459675808,0.57309127939211,356.1620714610473
TRIP,20.0,False,CTALARM,0.7675423524654675,0.09652074543445205,0.517131593916873,222.7666418415382
TRIP,20.0,False,CTALARM,0.7136743048675029,0.13537937565890013,0.6723713247332932,196.12088561542987
TRIP,160.0,False,TRIP,0.9012661974750896,0.35495234864065195,0.18937774007979122,12.930437282193829
TRIP,160.0,False,TRIP,0.8816846872792088,0.4901023924493409,0.5786541172932013,305.22349094292923
TRIP,140.0,False,TRIP,0.8953005072071403,0.3057718029885348,0.24642837103039458,30.16996409059164
TRIP,160.0,False,TRIP,0.8982599175184939,0.027250157495647798,0.37617903789853846,16.910052132377285
TRIP,20.0,False,TRIP,0.7935616443960423,0.3081544849637664,0.31192002079093006,98.94891100247712
TRIP,20.0,True,CTALARM,0.8938166900886539,0.021175275790083548,0.004095015871525065,171.28389782070656
TRIP,160.0,False,TRIP,0.8907165408390103,0.4420728556834086,0.40212353547741037,322.30402560158416
TRIP,120.0,False,TRIP,0.8699220311347369,0.35478914255031035,0.523254121434767,284.4283676698219
TRIP,60.0,True,TRIP,0.8922213422036326,0.08656392321125161,0.12218666850268987,71.14757202210347
TRIP,20.0,False,TRIP,0.7331532629052948,0.04586050291209903,0.6521591033251262,133.94863023381956
TRIP,40.0,False,TRIP,0.8309426527937062,0.09176661444015949,0.37127967759295266,280.8864952627978
TRIP,20.0,True,CTALARM,0.865112968209419,0.49001358977709625,0.12477220220576545,189.75328108887504
TRIP,40.0,False,TRIP,0.7915387746902829,0.2292803212292449,0.45216329964181967,62.81709912866853
TRIP,20.0,True,CTALARM,0.8649736296933217,0.392040474170704,0.13434589596074079,142.5798729642
TRIP,20.0,True,CTALARM,0.906077477604684,0.31820417105388843,0.04447334380673548,225.33688962349447
TRIP,160.0,False,TRIP,0.8895024401314265,0.2862065749793187,0.47972066969346955,350.36124293118047
TRIP,20.0,True,CTALARM,0.899102351226695,0.07256512733252485,0.07748641831384613,238.25233974830726
TRIP,160.0,True,TRIP,0.9063551362163486,0.47301222677904753,0.07435221386350471,5.830258403302899
TRIP,20.0,False,TRIP,0.7509040879970513,0.15067131625735897,0.5179604942272693,253.80297958771015
TRIP,20.0,True,TRIP,0.9016178538500171,0.2890086079037711,0.03864156324564981,90.31133068460298
TRIP,160.0,False,TRIP,0.886063566679356,0.34988797229453306,0.5668384253335682,310.37720911697335
TRIP,20.0,False,TRIP,0.697811984855346,0.32461657762265445,0.5573041310534793,138.20036696140988
TRIP,80.0,True,TRIP,0.8948612033363805,0.4702972048477592,0.09897539965443619,71.86141359154809
TRIP,20.0,False,CTALARM,0.8180748110348823,0.074219494960029,0.36286645309387816,168.4609871436844
TRIP,20.0,True,TRIP,0.8917965225041093,0.25417636922347103,0.06763784367825965,91.87127075340197
TRIP,20.0,False,TRIP,0.7599632245281153,0.20201719537038298,0.442799853850191,84.8957358592262
TRIP,20.0,True,CTALARM,0.9097771744543117,0.23708436474130906,0.04405100907938259,206.3742482784575
TRIP,20.0,False,TRIP,0.7168208026348326,0.05960876309887231,0.6611365994259231,276.2446575063166
TRIP,140.0,True,TRIP,0.9060735947874274,0.06704730493638267,0.14541151475870714,300.5835746975552
TRIP,20.0,False,CTALARM,0.7702140381565297,0.13903777289062869,0.4780262591640515,143.16115336934078
TRIP,160.0,True,TRIP,0.9070984939720353,0.15235230188041565,0.08980399706397703,24.049354894898144
TRIP,20.0,True,CTALARM,0.8752855853274214,0.213951606840675,0.14671751382874354,174.2309994475992
TRIP,20.0,False,CTALARM,0.8009937056475578,0.30549377351831414,0.31566475421835943,156.1613317302189
TRIP,40.0,False,TRIP,0.7947982033261076,0.3173145587091315,0.40116729893906133,70.91242137109418
TRIP,180.0,False,TRIP,0.8918333790029943,0.20590544829278512,0.699204268274178,322.61216441188327
TRIP,160.0,True,TRIP,0.909088309680301,0.20439155471434856,0.018148359663660893,350.693371087448
TRIP,160.0,True,TRIP,0.910054967253819,0.10881426334848099,0.00022009375086087246,18.628987691909312
TRIP,100.0,False,TRIP,0.8872161778321298,0.2941531242045041,0.24525696630046356,286.4686967486757
TRIP,20.0,False,CTALARM,0.839380253769989,0.15852045565861894,0.2563094574616939,232.45796085895392
TRIP,20.0,False,TRIP,0.7410688833366725,0.01802991713868185,0.6186860652690421,94.11705293972688
TRIP,20.0,False,CTALARM,0.7027673542053926,0.2092000220784302,0.6388077833881113,228.65620258181266
TRIP,60.0,False,TRIP,0.7900717121930483,0.23706633754508516,0.6163674834515231,46.31154900605082
TRIP,160.0,True,TRIP,0.9069303336960538,0.11279643410210549,0.10022512534023344,24.98634298709902
TRIP,160.0,False,TRIP,0.8975355814397695,0.28622896656105784,0.2884733846267514,357.65606701881376
TRIP,20.0,False,CTALARM,0.7252695475061921,0.28288595021596047,0.5221196136065163,229.09314904511766
TRIP,20.0,False,TRIP,0.824172138694057,0.3510010905551857,0.21882774744896896,91.16014483196406
TRIP,20.0,False,CTALARM,0.7388490755234419,0.323974241100605,0.46426661995738583,162.01222412535574
TRIP,160.0,False,TRIP,0.9026981494512696,0.3262165282605158,0.1660000042337644,342.03174562722256
TRIP,20.0,False,CTALARM,0.8514139577602066,0.15810707591202156,0.22639348057256561,157.9410246192515
TRIP,180.0,False,TRIP,0.8899915700885933,0.39371611099297693,0.6023007545439387,324.1600315208439
TRIP,160.0,False,TRIP,0.9046137061437882,0.2745721917998397,0.17535632526229655,312.7713112722462
TRIP,20.0,False,TRIP,0.6829011695597361,0.21570909758994505,0.675026860819404,123.89627379270358
TRIP,20.0,False,CTALARM,0.8348026528590855,0.31300624047052855,0.21438169265579282,250.5632414677569
TRIP,20.0,True,CTALARM,0.9093932339579637,0.18032866722512714,0.016469676876294147,237.77946136173327
TRIP,40.0,False,TRIP,0.8661996732130114,0.2563696223033791,0.17843063266179932,277.63627342314305
TRIP,20.0,True,CTALARM,0.8716452156638925,0.36835284424111014,0.11984345957039802,131.73449913629477
TRIP,140.0,False,TRIP,0.8848476594688913,0.44320144336185385,0.3547788763522848,18.80513945932778
TRIP,100.0,True,TRIP,0.9013008522218002,0.4605285986475958,0.07890124642950201,61.57412680050396
TRIP,20.0,False,CTALARM,0.7645977234037963,0.2518164625915496,0.43823421407178675,221.9593275625533
TRIP,40.0,False,TRIP,0.7476247161681132,0.26013755737028454,0.6124293493895462,279.03606728304726
TRIP,40.0,False,TRIP,0.8337708449747467,0.39993520538191824,0.25376321726261497,272.1775084328146
TRIP,20.0,True,CTALARM,0.8871115842922664,0.15722534587210063,0.1179449035137831,210.12537064141102
TRIP,140.0,False,TRIP,0.8911190405211048,0.4186911811725343,0.28001749704908907,30.512932457361295
TRIP,160.0,False,TRIP,0.8876161835823293,0.2470708232587117,0.5501767750154388,6.223905786892492
TRIP,60.0,False,TRIP,0.8499119799667093,0.057928362167634195,0.4140413718557169,281.57103263594615
TRIP,20.0,True,CTALARM,0.9061756907837023,0.03602957353647185,0.07080024932932218,197.77551630835057
TRIP,100.0,False,TRIP,0.8671561602866489,0.42099660551973156,0.3760310080289233,281.7763569833428
TRIP,60.0,False,TRIP,0.8599686639243836,0.02778395845343895,0.3276597670189152,58.60384613257999
TRIP,20.0,False,CTALARM,0.8509843052661641,0.14030571806682796,0.228978579214813,146.67234147761167
TRIP,180.0,True,TRIP,0.9093584082604665,0.1670650202507729,0.0771124172373263,330.9009433480703
TRIP,40.0,False,TRIP,0.7579151766026406,0.0864972225957969,0.6867783549341924,61.775276848979644
TRIP,160.0,True,TRIP,0.9057879918238007,0.15694668490099462,0.12323032392527893,22.14968537251596
TRIP,20.0,True,CTALARM,0.8648367414633306,0.37134628336254283,0.1349200235535218,235.24825816142942
TRIP,20.0,True,CTALARM,0.8969597211224104,0.007341421780035384,0.10190788447156508,214.03308262383229
TRIP,160.0,False,TRIP,0.8903817678883548,0.4135867122603432,0.39913512708925664,342.73098210878396
TRIP,160.0,False,TRIP,0.8953740061551951,0.4282740117872791,0.31056870213789023,326.32863157975527
TRIP,20.0,True,TRIP,0.8565815209980702,0.1861307865957741,0.17469002741858916,269.79494047940557
TRIP,160.0,False,TRIP,0.8998497663372336,0.0768064495303174,0.3005963681150697,6.896605636170787
TRIP,20.0,False,CTALARM,0.742682071217643,0.30042020397254043,0.4714652957432025,172.93930862636165
TRIP,160.0,False,TRIP,0.9047139394192758,0.05983627793244717,0.1971903720490411,322.596697153334
TRIP,20.0,False,CTALARM,0.7090849908770832,0.18245968053912626,0.6406720432212663,156.11439172121183
TRIP,160.0,False,TRIP,0.89901993899577,0.4792145904504862,0.21444236602439407,346.37245906067807
TRIP,20.0,True,CTALARM,0.8539144412339441,0.49773223629181856,0.13872532157599726,234.8956730318337
TRIP,60.0,False,TRIP,0.7529869586104756,0.3860524456772928,0.6681974928109701,39.40456591540589
TRIP,20.0,False,CTALARM,0.742230557801097,0.1554807549603831,0.5673924270827255,183.33794706720604
TRIP,20.0,False,CTALARM,0.8206066697196949,0.34383252458304625,0.24019633739042587,250.42216883225313
TRIP,100.0,False,TRIP,0.8387906691113701,0.35270318274200635,0.5890022958007132,23.532830006263445
TRIP,20.0,False,TRIP,0.7967347577473167,0.19392084758182487,0.36316997440766,124.07383154547628
TRIP,20.0,False,TRIP,0.8208423515765888,0.3204443172930797,0.24272674878274395,258.1491826994351
TRIP,40.0,False,TRIP,0.7885373628638025,0.005363822487838121,0.58772811267745,56.54569043053228
TRIP,20.0,False,TRIP,0.7584469555478772,0.10452882930112073,0.5265155468051083,125.40236337738813
TRIP,20.0,False,CTALARM,0.8428481279599642,0.2625441514836306,0.20851238985017406,248.36771608820422
TRIP,40.0,False,TRIP,0.8206993925309838,0.08187565212914794,0.42467496068058164,279.19472467108096
TRIP,20.0,False,CTALARM,0.8490806331878515,0.08295343393826682,0.25857315646385803,186.6642457771514
TRIP,160.0,True,TRIP,0.9101871346657575,0.41815214527511896,0.0007363807922716958,344.46870997200347
TRIP,140.0,False,TRIP,0.8608537450383609,0.49456650134180274,0.6732710189801955,333.1191091676387
TRIP,20.0,False,CTALARM,0.7804147990480083,0.2779847140142242,0.3847403532509857,170.43733940680264
TRIP,80.0,False,TRIP,0.8381947110875089,0.4195348654408567,0.4189028211660482,57.698787640076056
TRIP,100.0,False,TRIP,0.8581291065704674,0.4951608321631363,0.4199239979741064,278.25536299822505
TRIP,20.0,False,TRIP,0.7996958633748872,0.07079794428438735,0.38544902257358193,87.53024714153185
TRIP,140.0,False,TRIP,0.9014178361990857,0.22412280662717554,0.2030334913415154,303.4156715996778
TRIP,20.0,False,CTALARM,0.6946711006577467,0.19628635792095994,0.6801032874356393,211.3719628158354
TRIP,20.0,False,CTALARM,0.7982815947615566,0.04002464182309251,0.43516788876069945,141.87348230318878
TRIP,20.0,False,CTALARM,0.7251732827677022,0.37766508639737223,0.469644952387773,200.2980090897159
TRIP,20.0,False,CTALARM,0.8151368140398685,0.2168895136612965,0.31835493012193483,191.8111566448538
TRIP,180.0,False,TRIP,0.9053893264515782,0.23466346709520064,0.2015029803435478,332.90382452397034
TRIP,40.0,True,TRIP,0.902586234457335,0.07533648690662009,0.04504428752245054,77.17069791416262
TRIP,160.0,False,TRIP,0.9021593780429863,0.09046332611543406,0.24516113759752034,334.1370429186035
TRIP,160.0,False,TRIP,0.9038811634425641,0.4535518110781075,0.12326820048787447,11.28277492554798
TRIP,20.0,False,TRIP,0.7810127058787677,0.02232454448713944,0.46346178777990826,276.91318135190755
TRIP,180.0,False,TRIP,0.8955415202878999,0.11642614247185312,0.6153027193619035,331.0805270561635
TRIP,20.0,True,CTALARM,0.855500884567621,0.14602966515726418,0.2119284007719566,141.85878875515064
TRIP,140.0,False,TRIP,0.8967847138487265,0.2450987712007932,0.23301783778983257,26.304187318296215
TRIP,140.0,False,TRIP,0.8868586575969073,0.29322258650739796,0.46925515268030815,289.68031133773565
TRIP,140.0,True,TRIP,0.9064616004674136,0.2466449879253333,0.10449000396886543,303.4313480490246
TRIP,20.0,False,TRIP,0.7323128235231962,0.04205766727844101,0.6506061986743894,121.05265967584326
TRIP,20.0,False,CTALARM,0.8468820548457727,0.12183372702785678,0.25469274671783815,186.6935828469262
TRIP,100.0,True,TRIP,0.9037249059415905,0.4217941923812706,0.07083961214874225,291.4088644836538
TRIP,60.0,True,TRIP,0.8855060099259026,0.31879435023922953,0.12227880344444905,69.13547181004303
TRIP,20.0,False,CTALARM,0.6626051723271958,0.3245745250671372,0.6529222532052206,226.43127230085722
TRIP,20.0,True,CTALARM,0.8545961611277164,0.33510162767567747,0.17298350185831396,155.02703742569489
TRIP,60.0,False,TRIP,0.805047714609969,0.38145150951976453,0.46358816268190045,62.789670811534876
TRIP,120.0,True,TRIP,0.9056096030872718,0.029054240860723668,0.10931565647678558,299.31847461034545
TRIP,20.0,True,TRIP,0.8749083562920594,0.1833041924663062,0.13587118464414438,116.88509959197361
TRIP,200.0,False,TRIP,0.8975325463310885,0.26976371763083934,0.6154667532299842,336.39340163580584
TRIP,20.0,True,CTALARM,0.8917014854937931,0.169228241648663,0.10362325407179326,204.8161931351287
TRIP,20.0,True,CTALARM,0.89976273466832,0.42223943664359326,0.013125410715395414,185.22359329850582
TRIP,20.0,False,CTALARM,0.7975586417704879,0.24128625429364697,0.35086323266839337,152.39013991896925
TRIP,20.0,False,TRIP,0.6610286347551633,0.3843137947296896,0.6039087692840542,144.24152034826994
TRIP,120.0,False,TRIP,0.8917292144303876,0.4260077584405845,0.2281937317909373,294.4678589413574
TRIP,20.0,True,CTALARM,0.8882762165469615,0.25239574145174903,0.08971358945199735,243.90030581500537
TRIP,100.0,False,TRIP,0.8249790315158264,0.45477612193567496,0.6875615806959464,278.5284472044321
TRIP,20.0,False,CTALARM,0.7410301760930624,0.2935619702684903,0.4737170406425893,151.5902974600351
TRIP,40.0,False,TRIP,0.7194092258510587,0.42513714941686087,0.5954834423637094,94.11740089298476
TRIP,120.0,False,TRIP,0.8732985097303066,0.17029539779576214,0.5264967906302466,31.271478670145505
TRIP,40.0,False,TRIP,0.7829061156217595,0.2494084792657426,0.48876959179243307,279.5961563942561
TRIP,20.0,False,CTALARM,0.8239213277367785,0.26570552050228885,0.2691948469916442,149.4995149863735
TRIP,20.0,True,CTALARM,0.8607220047444729,0.05248985794803529,0.22703799524254756,183.3204931548059
TRIP,20.0,False,CTALARM,0.7537531524245681,0.19927625335077032,0.5018710171261318,168.96356467093634
TRIP,20.0,False,CTALARM,0.6876139935716445,0.45866883627583804,0.5016991057240611,155.20962829292645
TRIP,20.0,False,CTALARM,0.6555555573800798,0.3154161201823712,0.6654118688343653,246.2038477444259
TRIP,20.0,False,CTALARM,0.8049738477904786,0.08875329121848374,0.3980618724938256,219.1442816730991
TRIP,180.0,False,TRIP,0.9051594391973532,0.16942781780480248,0.20623477405137147,349.93936751194997
TRIP,100.0,False,TRIP,0.8806994936378802,0.09580150483134992,0.3426701595313342,50.0054067537234
TRIP,20.0,False,CTALARM,0.8065698313470943,0.01241156589928627,0.4295996717081434,206.46695276377804
TRIP,120.0,False,TRIP,0.8798214064429248,0.46373022925201335,0.2987108597038387,22.76645882483303
TRIP,140.0,False,TRIP,0.8844970586641328,0.22410366412843574,0.5537931863516837,290.85063073495195
TRIP,20.0,False,CTALARM,0.7919410995945873,0.15376753621039307,0.4092292485510864,221.87207997039351
TRIP,20.0,True,CTALARM,0.897515571530235,0.2992385957788683,0.0066050093393553826,154.21637375731365
TRIP,120.0,False,TRIP,0.8912564708398413,0.0036572281465078182,0.3988879217624059,288.80483567182057
TRIP,20.0,False,CTALARM,0.7837492033704594,0.13901105330040692,0.44352265015930264,163.80093905696816
TRIP,40.0,False,TRIP,0.7200526126247706,0.3515167328494463,0.6406828760808494,82.00299431284098
TRIP,20.0,False,CTALARM,0.8107908361151663,0.3168848865346315,0.289605171564932,170.10027399972128
TRIP,100.0,False,TRIP,0.8534917885942284,0.49090297377126774,0.4021273614899508,25.499446789442107
TRIP,180.0,False,TRIP,0.9010404872218184,0.310178854829022,0.33249821550006176,323.2299994701795
TRIP,20.0,False,TRIP,0.7821124499788865,0.2387529368138664,0.37215949992821973,263.145014904406
TRIP,20.0,True,TRIP,0.8945290906732742,0.3807162815920038,0.047112849468297524,273.71368303740996
TRIP,180.0,False,TRIP,0.8881847764344256,0.45166393598202653,0.628098567273171,314.8175894466392
TRIP,120.0,False,TRIP,0.8597343869964486,0.3603479733591758,0.6372886378821379,284.9661319734301
TRIP,20.0,False,CTALARM,0.7390727229882422,0.4816056117746898,0.3836417268898429,155.46693249123834
TRIP,100.0,False,TRIP,0.8617268299532219,0.3910025853690886,0.38958886100466183,42.709104549161864
TRIP,20.0,True,CTALARM,0.9047396163586939,0.43340071913096323,0.04028922516076817,134.41132079314298
TRIP,180.0,False,TRIP,0.9010812401658868,0.057052035591818595,0.4185653591838297,336.2704971767
TRIP,160.0,False,TRIP,0.8960674729423257,0.36620675149689386,0.30040625291541373,341.67257684329667
TRIP,20.0,False,TRIP,0.7357799121078016,0.2200443497636843,0.4963305411641061,276.43351158856643
TRIP,60.0,True,TRIP,0.9055377869051807,0.2765519012056376,0.03298744161690067,73.5950099056995
TRIP,40.0,False,TRIP,0.7648454094033088,0.3270512047411784,0.4976213779106428,70.00194904709782
TRIP,160.0,False,TRIP,0.9012411068837014,0.4849075583527847,0.2008256766826197,316.71774391705935
TRIP,100.0,False,TRIP,0.849054063584386,0.4922890407158123,0.45619373131717555,51.08973228400492
TRIP,20.0,False,CTALARM,0.785119559322047,0.14411412274395263,0.43898818271848605,210.28949183969613
TRIP,20.0,True,CTALARM,0.8555629248388964,0.3668767487189581,0.15878903924256277,136.1706056204644
TRIP,20.0,False,TRIP,0.7857098298607732,0.3749917689676343,0.3083166416513867,108.72396286602356
TRIP,20.0,False,CTALARM,0.7266495226685663,0.1732464306565244,0.5849432813373271,243.85752924371297
TRIP,180.0,False,TRIP,0.9005957155197146,0.06193488743211051,0.42391415051634174,345.4448675946976
TRIP,40.0,True,TRIP,0.9034003523533369,0.02047348014285988,0.04811681138488802,279.9481457665075
TRIP,20.0,False,CTALARM,0.7911023531425636,0.3886715637645893,0.31003618192458077,175.01853351655942
TRIP,20.0,False,CTALARM,0.8461549378710994,0.24484987090845295,0.21824002114454188,158.6561429527979
TRIP,160.0,False,TRIP,0.8870668639099899,0.4927700847474631,0.4491519752381429,326.75910779605925
TRIP,20.0,False,CTALARM,0.7726932789820364,0.23248672809682652,0.4301947589066826,208.11855545055144
TRIP,20.0,True,CTALARM,0.8984499479215247,0.4889584895369201,0.007278671057098373,178.79004830383028
TRIP,20.0,False,CTALARM,0.7735607008337271,0.20578800109702994,0.425386856592924,245.8209130313123
TRIP,40.0,False,TRIP,0.7500672652636204,0.3968410752799863,0.5143947577894556,85.37537416662951
TRIP,160.0,False,TRIP,0.8931959189452532,0.04240963615591603,0.5381110226811028,22.944775526956683
TRIP,140.0,True,TRIP,0.9092941026623386,0.27773085506888195,0.041283039272972805,307.8401185747239
TRIP,20.0,False,CTALARM,0.8306005555910533,0.4010298934928621,0.21256089197690825,218.61421225180447
TRIP,100.0,False,TRIP,0.8728134169725522,0.46235083360994433,0.2948914923860667,59.35575644102477
TRIP,20.0,True,TRIP,0.8623656497513085,0.4112915453087158,0.12584019545643826,107.29725354026898
TRIP,160.0,False,TRIP,0.9005712310279593,0.018485363600587112,0.29451370981550684,356.37606453223106
TRIP,20.0,True,CTALARM,0.9066696156111991,0.1863511706533671,0.04979067507791463,228.3925076869159
TRIP,20.0,True,CTALARM,0.9010839968683245,0.024349236156925635,0.07925209810493611,229.00037074816407
TRIP,160.0,False,TRIP,0.8953839468107099,0.054641145557279,0.46808633399039357,25.97891875513993
TRIP,160.0,False,TRIP,0.9016013713737292,0.33765281433374206,0.18380072281210846,348.83702432781547
TRIP,160.0,False,TRIP,0.888143608166015,0.3566290981558491,0.4979840932357007,321.40184024113944
TRIP,20.0,True,CTALARM,0.9089433692394755,0.38686034137581315,0.033675969611667585,197.20167921475937
TRIP,20.0,False,TRIP,0.7367011794603017,0.4327282740278314,0.393892137130452,111.38000992231447
TRIP,20.0,False,TRIP,0.8024821582345353,0.36971573423825493,0.2740140645107882,251.29988221899302
TRIP,160.0,False,TRIP,0.8858536194250901,0.40043579605331603,0.5578799743408257,300.0147820098729
TRIP,60.0,False,TRIP,0.8316610084218375,0.024481854911639622,0.5487661061438933,283.0037075363713
TRIP,180.0,False,TRIP,0.9039951454963321,0.11726757522064929,0.2628917497202557,351.7370539372364
TRIP,20.0,False,CTALARM,0.7517316123166,0.3109488866876229,0.4358998098614,229.2679435200993
TRIP,20.0,False,TRIP,0.846915238608646,0.4290626523124116,0.15928420817364167,115.64115536119151
TRIP,20.0,False,CTALARM,0.8144487341277844,0.0022500624698295613,0.40628478532629414,179.2539407046721
TRIP,120.0,True,TRIP,0.908480342395066,0.2573146710581749,0.05688528576326571,293.87418046222194
TRIP,20.0,False,TRIP,0.7910460110531022,0.3386436996821986,0.304222998883027,95.52333139753587
TRIP,20.0,True,TRIP,0.8778756756570916,0.014803644564306606,0.1279093770766764,83.30697177983691
TRIP,20.0,False,TRIP,0.7032955883614032,0.20067777877669396,0.6183668274640659,260.94044891752947
TRIP,20.0,False,CTALARM,0.7794868102274516,0.4478174406918484,0.31143057257678225,159.99387354554787
TRIP,140.0,False,TRIP,0.8881714587969711,0.33580640442792936,0.41354162404627437,293.96534226830016
TRIP,120.0,False,TRIP,0.8948470573146216,0.11882918168029866,0.2522673022310073,51.72609101723601
TRIP,20.0,False,TRIP,0.8281186204873863,0.42639056481595633,0.20211872466786202,120.85072673378642
TRIP,20.0,True,TRIP,0.8699240386828472,0.17401571170475716,0.1420438481430735,96.51596637243642
TRIP,20.0,False,TRIP,0.6254939166922855,0.4266723355720297,0.6383101078669137,251.23253330385847
TRIP,20.0,False,TRIP,0.7307600528477278,0.14947182555945276,0.5596260476988668,273.35851679759384
TRIP,20.0,True,CTALARM,0.8900541630186506,0.2951601254415745,0.0932828011017216,164.16097051916026
TRIP,20.0,False,CTALARM,0.7470747452682096,0.19847003387391704,0.5227074134042587,172.09057550361683
TRIP,120.0,False,TRIP,0.8913623313329431,0.1374125253775335,0.2929715439256572,47.53147780408661
TRIP,20.0,True,TRIP,0.9144634412333217,0.4432787810859346,0.010777658472398899,252.65811377269887
TRIP,160.0,False,TRIP,0.8972788111063549,0.09379684096974567,0.3698571242633554,357.23434809572905
TRIP,40.0,True,TRIP,0.894190603624362,0.04240579561788155,0.09103250805940627,280.05186269945136
TRIP,20.0,True,TRIP,0.8635787195488255,0.17096346927283018,0.14695401916551626,80.3204363475461
TRIP,20.0,False,CTALARM,0.720135555836065,0.3588195738207838,0.48722867299686506,224.3241862539248
TRIP,20.0,False,TRIP,0.8382802327012416,0.40371580298814086,0.17999942599883725,106.18445183913106
TRIP,80.0,False,TRIP,0.7886712852123106,0.4993716850333824,0.6243217412892715,10.863559049861866
TRIP,40.0,False,TRIP,0.8010933430487147,0.14818102850558246,0.4600188308969189,64.73622803610009
TRIP,80.0,False,TRIP,0.8299452881897404,0.2039709755656411,0.5825984394375663,36.93368601498289
TRIP,40.0,False,TRIP,0.8182649379947817,0.06841063901481315,0.4306326768311288,70.5357192845499
TRIP,140.0,False,TRIP,0.8795221764685035,0.2874359648115168,0.6081947137154111,286.41759172164126
TRIP,20.0,False,TRIP,0.7931940217759914,0.4987900186314586,0.2531792725155051,105.41956825095542
TRIP,20.0,False,TRIP,0.752347704420832,0.35044050506032925,0.38439840381990575,272.53438234024026
TRIP,180.0,False,TRIP,0.8994281705186531,0.2976064202066859,0.36112328031103347,341.5905197433975
TRIP,20.0,False,CTALARM,0.7110373009343545,0.196184546460897,0.6326534956545793,206.7383214243989
TRIP,20.0,True,CTALARM,0.8715099337459628,0.4576493801427774,0.11544078602602946,174.74721912361966
TRIP,20.0,False,TRIP,0.7660375053433686,0.24845829806517472,0.4046425342306847,270.04578321249494
TRIP,120.0,False,TRIP,0.8774068561978174,0.06718345665653075,0.5281018359588862,34.952450361512405
TRIP,20.0,False,CTALARM,0.8377675183730254,0.18268923159956674,0.25903483237356223,154.15635149455866
TRIP,20.0,False,CTALARM,0.7537473705683392,0.03358333442388345,0.6073070672311834,179.57685417554183
TRIP,140.0,False,TRIP,0.900731488900105,0.10098951884439078,0.2611103369544138,299.17847174341597
TRIP,120.0,True,TRIP,0.9060223190672937,0.008834390499956102,0.12131613192714126,293.1183576832678
TRIP,160.0,False,TRIP,0.8965395279054422,0.2266399582500817,0.4088338487835222,305.37552954599323
TRIP,20.0,False,TRIP,0.8021076292110869,0.3172701324758986,0.2943976070261187,251.23425403237266
TRIP,20.0,True,CTALARM,0.8965558515738187,0.17164623118945388,0.010633073277403182,191.00009058654155
TRIP,120.0,True,TRIP,0.9086327142419938,0.21019088575263856,0.04888701474545225,298.03655568361756
TRIP,160.0,False,TRIP,0.904882794211909,0.47960463642228796,0.136694026144613,314.38166949189707
TRIP,20.0,False,CTALARM,0.6956009798474336,0.37598156078745776,0.5385309716627066,172.97445335717293
TRIP,160.0,False,TRIP,0.8838229249035097,0.2704283184724756,0.6244276612236238,354.8382868399578
TRIP,180.0,False,TRIP,0.9022897864526787,0.14227043755591262,0.3819486118099557,314.9345249925043
TRIP,20.0,True,CTALARM,0.8916611835916873,0.4484983993864976,0.07389582375988642,183.76907955170685
TRIP,140.0,False,TRIP,0.8919254596113004,0.11754855844032974,0.37409326656929215,24.943534324958296
TRIP,20.0,False,TRIP,0.7137452113842744,0.16267136525833853,0.5989238224178615,80.81713831388267
TRIP,120.0,False,TRIP,0.8649521306331505,0.45453240721147425,0.5246343403858127,279.50348857546254
TRIP,120.0,False,TRIP,0.8940336861113211,0.2647710276425362,0.20376871458816245,40.01553251952651
TRIP,20.0,True,CTALARM,0.8892630081866125,0.37115897470898834,0.08672342650185047,169.12802387493474
TRIP,20.0,False,CTALARM,0.6823740648082441,0.29537239708188306,0.63047718983357,217.7467891577019
TRIP,180.0,False,TRIP,0.8923668678655426,0.3267196045047476,0.5978621226425477,316.2048582133855
TRIP,140.0,True,TRIP,0.9101181574043647,0.14969164575741278,0.03760075560165805,304.96099064165276
TRIP,20.0,False,TRIP,0.730629353307104,0.12068603081333146,0.5765721428771949,275.1400515815038
TRIP,20.0,True,CTALARM,0.9026922627527174,0.16124617358433263,0.06804884644945763,146.76992734003164
TRIP,120.0,True,TRIP,0.9079207772247363,0.07772078204171123,0.044298543381425914,51.209731563226946
TRIP,20.0,False,CTALARM,0.6752257008576513,0.4371571826454037,0.5310206280023816,241.07375144082522
TRIP,40.0,False,TRIP,0.8216819413842107,0.14162346662505704,0.37541743534747063,65.26390409585017
TRIP,20.0,False,CTALARM,0.8161837377000121,0.2807446972071923,0.2901836168632232,202.07321402710167
TRIP,160.0,False,TRIP,0.8791068920427701,0.39598721257068703,0.6327035371832153,353.044145686804
TRIP,20.0,False,CTALARM,0.6707404018676606,0.3919120546878568,0.5875125004474275,198.11151929061884
TRIP,20.0,True,CTALARM,0.9087346980647388,0.21919312929209644,0.04033643008293962,232.40047221376108
TRIP,20.0,False,CTALARM,0.765812594053698,0.23812865429336283,0.43126106935882064,243.92716988982258
TRIP,160.0,False,TRIP,0.8841799379140319,0.4973508744675124,0.5405871822452207,298.93980876318176
TRIP,20.0,False,CTALARM,0.7672552511037487,0.33729873848951203,0.38534340584246646,156.59304411853756
TRIP,20.0,False,CTALARM,0.6213604239736744,0.40731922155894135,0.6881038493533318,179.10356437889916
TRIP,80.0,False,TRIP,0.8259104383217709,0.45127698460961596,0.48023325325328375,63.34992501285238
TRIP,20.0,True,CTALARM,0.892194991731896,0.3937949181146696,0.0729001088879177,221.28475958550072
TRIP,20.0,True,TRIP,0.8769288606267972,0.09258967247678379,0.1388086083999674,106.47288227678011
TRIP,20.0,False,CTALARM,0.7075148995485777,0.2810853668687861,0.5783719348396233,182.74490959993184
TRIP,20.0,False,TRIP,0.707892391565287,0.05094707865727244,0.69772967120101,275.9605896635632
TRIP,160.0,True,TRIP,0.9067607037734206,0.3264610632819992,0.06883748681067278,6.325165685515177
TRIP,20.0,True,CTALARM,0.8915460678900898,0.4776747140939055,0.07023052249153387,203.00958957037435
TRIP,40.0,False,TRIP,0.7654508022219175,0.25636603215005566,0.5343709379002983,62.4402062318483
TRIP,20.0,True,TRIP,0.9025872486654887,0.2164862464338836,0.04504799720157769,100.57800232218732
TRIP,160.0,True,TRIP,0.9083755255438487,0.01792137570908159,0.047992081245393226,12.496780831319253
TRIP,80.0,False,TRIP,0.797253054031879,0.47988726116461017,0.6221715381067637,61.0065936669248
TRIP,180.0,False,TRIP,0.8972673083600902,0.05150134206507939,0.5603148686229156,355.1865815833747
TRIP,160.0,False,TRIP,0.8905142870474362,0.020539546652423468,0.6170942399050675,359.4681940317523
TRIP,20.0,False,TRIP,0.7745212870120826,0.12303330575246924,0.45535938149292754,259.14525116027306
TRIP,20.0,True,CTALARM,0.86046374021067,0.03276521695919121,0.2257754953572009,220.26846771762968
TRIP,40.0,False,TRIP,0.7483851297459158,0.22755892120588117,0.6344192332329538,279.72250311573544
TRIP,180.0,False,TRIP,0.9055375499819058,0.2580439006285562,0.20910646748210224,322.7595379866582
TRIP,20.0,True,CTALARM,0.8638226779633029,0.15628497451429196,0.19285758761839453,186.94982144354694
TRIP,160.0,False,TRIP,0.8905177236490641,0.02548024128744303,0.6204802934349398,12.702239790372438
TRIP,20.0,False,TRIP,0.7795691513952915,0.05580018412461335,0.47657581474524546,255.38249540881895
TRIP,160.0,False,TRIP,0.8861142888431007,0.19225218899496405,0.6269704592964699,354.4569007460721
TRIP,20.0,True,TRIP,0.8858036780958773,0.030264225413268064,0.10913090247778068,92.89906414990608
TRIP,20.0,False,CTALARM,0.6499985971008679,0.3490948628049567,0.6666077584359419,166.847603565996
TRIP,20.0,False,TRIP,0.7896680774468369,0.10351027076240599,0.4289195096902289,130.0587843784612
TRIP,20.0,False,CTALARM,0.7711045046966853,0.15103578439181925,0.4676245308653993,140.56829792275082
TRIP,20.0,False,TRIP,0.6972452065487619,0.19706288858904875,0.6398424062285161,259.7039977951285
TRIP,20.0,False,CTALARM,0.8302428825697279,0.20830481653457394,0.26652708228624006,136.225580312178
TRIP,180.0,False,TRIP,0.8996060149579979,0.0008303538374002661,0.5037024962871035,338.7902851651416
TRIP,80.0,False,TRIP,0.8636646800365249,0.05603518549934877,0.44823843478713876,284.27704335488176
TRIP,140.0,False,TRIP,0.8713370125037875,0.43138228187043903,0.5514269032061722,9.952929031570243
TRIP,120.0,False,TRIP,0.8776037691813902,0.000616531255954067,0.6278599542833151,294.6775975321409
TRIP,40.0,False,TRIP,0.7860286563545031,0.25408367790643754,0.4760425988010662,278.2286720779171
TRIP,20.0,True,CTALARM,0.9091827357269864,0.24475100325360405,0.047347688152145045,185.93774221724408
TRIP,20.0,True,CTALARM,0.8844088464624738,0.1665470805053189,0.12819824209484615,178.8542628287089
TRIP,160.0,False,TRIP,0.8871526725566947,0.21566351007322482,0.6677847275869588,300.7896852481032
TRIP,20.0,False,CTALARM,0.6284128132399359,0.39029056876329216,0.6780553313640583,152.92270409869258
TRIP,60.0,False,TRIP,0.748283843247185,0.4206018531074782,0.6771893195888536,57.40644358558744
TRIP,20.0,True,CTALARM,0.9123906657935081,0.13017427170762502,0.025759580280082583,112.64357982565176
TRIP,20.0,False,TRIP,0.8285277780288381,0.16124522048386492,0.2677137175645928,95.47286520869616
TRIP,20.0,False,CTALARM,0.754405001712751,0.12124142651416636,0.5317708927915972,245.1812506745221
TRIP,40.0,False,TRIP,0.7708493294195562,0.23993170027553257,0.5270200625604816,64.39440601470429
TRIP,20.0,True,CTALARM,0.8981820462854712,0.34162917882940647,0.060136233464970955,232.11807711581054
TRIP,20.0,False,CTALARM,0.7933045217224138,0.11412643773171027,0.42664222096266324,167.74810101495427
TRIP,140.0,True,TRIP,0.9073465577821196,0.16536787102743333,0.1000087329786002,302.27793458824146
TRIP,20.0,False,CTALARM,0.7619443229949019,0.46519230879457524,0.34524653300745534,174.59954755828846
TRIP,180.0,False,TRIP,0.9073606665056912,0.024284644923479037,0.16777999058878504,334.72941644497786
TRIP,160.0,True,TRIP,0.9095362143040278,0.2303848026197831,0.03721282021430937,324.1688860388116
TRIP,100.0,True,TRIP,0.9057508322473722,0.3557790207983889,0.05601359786862669,66.70352847744822
TRIP,20.0,False,CTALARM,0.7307065035707809,0.07522700577873703,0.6376250648109357,247.0198868466781
TRIP,20.0,False,TRIP,0.7631254502509448,0.023687010002740927,0.5212521749410738,77.26490968347908
TRIP,140.0,False,TRIP,0.8842298565147027,0.06910268581926537,0.6522767872410653,296.3895502429648
TRIP,20.0,False,CTALARM,0.7675375837159966,0.45941159676534143,0.3289929526334869,228.86033563316488
TRIP,20.0,False,TRIP,0.8383553169930211,0.004629890910561707,0.289304749266963,105.8823699413944
TRIP,20.0,False,TRIP,0.8389341955014917,0.09416098740567591,0.2508851047514669,89.68450621806231
TRIP,20.0,False,CTALARM,0.8039944740986873,0.015641756450822275,0.431414967236463,154.6479558163548
TRIP,100.0,False,TRIP,0.8932545729307769,0.05531473378110163,0.2460915708799335,288.26026972600715
TRIP,120.0,False,TRIP,0.8721272532480296,0.31007464331414814,0.5223912637874043,286.6181792542026
TRIP,160.0,False,TRIP,0.890464524747226,0.12081945436954289,0.5609221283511034,12.015441199776768
TRIP,20.0,False,TRIP,0.6824386692571494,0.2846060252153384,0.6130912154005667,108.82339756952403
TRIP,20.0,True,CTALARM,0.8591252706849533,0.2950976913830631,0.16996065117169407,152.22634684909835
TRIP,40.0,False,CTALARM,0.8033555264063068,0.4247176665448895,0.36891543450466274,210.80952483992755
TRIP,120.0,True,TRIP,0.9022755327528684,0.0023706964559369603,0.15641123171088717,53.829723173291654
TRIP,20.0,True,CTALARM,0.9095238309170904,0.42668472967118337,0.026289076394238796,120.70188739041292
TRIP,180.0,False,TRIP,0.8959812501491852,0.309559543213487,0.49547771291888637,318.81492740446515
TRIP,20.0,False,CTALARM,0.8110057702606265,0.0813717430524788,0.38428689175458725,171.55710482891382
TRIP,20.0,False,TRIP,0.6917816906614047,0.386468694067642,0.5067490956871585,267.89156137563816
TRIP,20.0,True,CTALARM,0.8982377225914883,0.42774577089529286,0.06133603798457597,174.52026233868236
TRIP,20.0,False,CTALARM,0.7062581622794118,0.12713174187707865,0.6968683253433593,167.3937275041669
TRIP,20.0,False,CTALARM,0.595661712883272,0.45939684045134044,0.6960439968629224,223.89318903006148
TRIP,20.0,False,TRIP,0.799723978847695,0.2272287151493289,0.3254998778524589,93.3712243882623
TRIP,20.0,False,TRIP,0.6757531076605474,0.30171222716666074,0.6062411006286852,89.92875575024999
TRIP,160.0,False,TRIP,0.9011992133792119,0.4923247668088218,0.17049798906388974,356.16738776097924
TRIP,180.0,False,TRIP,0.8982257597798047,0.18076803931959967,0.5162963128563078,312.83712335492004
TRIP,20.0,False,TRIP,0.6372408288610029,0.4065796729100564,0.6154580997694961,265.59176272187204
TRIP,60.0,False,TRIP,0.8090178820652044,0.15919955891422982,0.5702663862565449,49.372034059991975
TRIP,120.0,False,TRIP,0.8567805258088446,0.3996067611207455,0.5682418547688102,10.880896026515998
TRIP,60.0,False,TRIP,0.8436636262690065,0.30036695943132125,0.3241186424622055,63.14850151095347
TRIP,180.0,False,TRIP,0.8964628420405406,0.10817784761270072,0.573992963445141,337.5831472227072
TRIP,120.0,False,TRIP,0.8788221259750153,0.2070130468946182,0.4834933691149103,293.8643172896356
TRIP,20.0,True,CTALARM,0.8964187427965218,0.15881781718178084,0.09271597870094306,188.3073644958875
TRIP,180.0,True,TRIP,0.9089397576054545,0.03905419654018194,0.07992908284516409,348.7610128926158
TRIP,60.0,False,TRIP,0.8283155915724874,0.014917385049848741,0.5403454951542479,52.76955704482836
TRIP,20.0,False,CTALARM,0.7811680925930605,0.17323932770359046,0.43782486214104666,201.29415840217328
TRIP,40.0,False,TRIP,0.8358323969572358,0.00951707390874329,0.3635632820339642,65.95996550353554
TRIP,20.0,False,TRIP,0.7268409490434855,0.08274387879088752,0.6350832535941797,110.31429772955012
TRIP,160.0,False,TRIP,0.8886909741050901,0.3625916604254344,0.46171324980985295,338.4486068267612
TRIP,160.0,False,TRIP,0.8991754145540234,0.35404561784179395,0.2773027215618101,312.5802659575261
TRIP,120.0,False,TRIP,0.884273392508497,0.36929019322869133,0.28975226572332863,36.647562827010994
TRIP,20.0,False,TRIP,0.7755666597640006,0.15857658556498938,0.4236710525723094,89.83577000193785
TRIP,20.0,False,CTALARM,0.6782460518845055,0.44500972855884774,0.5321926992804439,214.0226890495382
TRIP,140.0,False,TRIP,0.8863727104216487,0.2969152740142238,0.3950473148643869,22.08700344269678
TRIP,20.0,False,CTALARM,0.8219829652234981,0.06301317087331326,0.3561326175534258,198.03047304651744
TRIP,20.0,False,CTALARM,0.7754168368980927,0.07185933072776707,0.5088304918579273,210.41691688584382
TRIP,20.0,False,TRIP,0.7120218262695575,0.34654771346485075,0.4936851849349254,104.74818527896542
TRIP,20.0,False,TRIP,0.7416642004237068,0.08647196822103903,0.5812427884294926,105.52427284504442
TRIP,20.0,True,TRIP,0.8973559582008588,0.25364635079102166,0.04378625039410608,82.46853675722548
TRIP,140.0,False,TRIP,0.8712532719400207,0.49588723796435535,0.5284664924573852,336.8434932705754
TRIP,20.0,False,CTALARM,0.8239274618522276,0.002003802366669749,0.359632315666183,139.9936106516679
TRIP,20.0,True,CTALARM,0.9101846901447317,0.008289900948778461,0.05228518402320631,210.69686272100054
TRIP,40.0,False,TRIP,0.7500005509129267,0.49654229096525326,0.4753070197186638,108.56684673126523
TRIP,20.0,False,TRIP,0.7249346865928799,0.29231941706708275,0.5015781358013599,252.95904158936554
TRIP,120.0,False,TRIP,0.8872358532495526,0.06345498775925656,0.3665390186812791,36.51885758111131
TRIP,80.0,False,TRIP,0.8069825322666062,0.4486510998770468,0.5556592843548339,25.79095551407903
TRIP,20.0,False,TRIP,0.8176321614815463,0.4401901500638461,0.21017367604051104,267.94215380947907
TRIP,20.0,True,TRIP,0.8648622013523587,0.2681002065556876,0.14133505297200527,261.600464993526
TRIP,20.0,False,TRIP,0.8190895752891862,0.3108960149303783,0.24551376622029492,95.4004810106384
TRIP,20.0,False,TRIP,0.8301031961115947,0.13659359575043817,0.28703535930718427,127.8168165808878
TRIP,180.0,False,TRIP,0.8995223503336984,0.025259848186002576,0.48715352168151815,344.613780479816
TRIP,60.0,False,TRIP,0.7841456275415022,0.2972838044454322,0.5918639565147593,37.55890619831315
TRIP,40.0,False,TRIP,0.791111606545848,0.1473775966013815,0.5046427330550736,65.93294395680157
TRIP,20.0,True,CTALARM,0.8758739189793626,0.33181052333017597,0.12179129134872105,154.81381139036395
TRIP,20.0,False,TRIP,0.8010224485098848,0.4181225884213006,0.2563519593601802,101.55560617998904
TRIP,20.0,True,CTALARM,0.8920120650167702,0.009080271957182029,0.11088959941344459,233.64307750759457
TRIP,20.0,False,CTALARM,0.732924057257903,0.2978568873428637,0.4807069396906359,248.6166202608064
TRIP,20.0,True,CTALARM,0.8726214732152654,0.11564026984342612,0.17372031475182587,189.49971020043427
TRIP,20.0,False,CTALARM,0.7549527562027951,0.4369442489519007,0.36777085299629275,220.03102850499715
TRIP,20.0,False,CTALARM,0.749855858318545,0.12683225328091424,0.554280890236279,156.03149952732414
TRIP,20.0,False,TRIP,0.7269436642782893,0.30538506661770914,0.46965749244513055,273.7394113410598
TRIP,160.0,False,TRIP,0.9012683364787571,0.27677042004480573,0.2088617934655929,15.155459224657104
TRIP,20.0,False,TRIP,0.8395962023632346,0.19808325002962446,0.23300672543143858,112.6408811961171
TRIP,20.0,False,CTALARM,0.7327876059269307,0.33881038179989703,0.45735500062212225,246.39481490216187
TRIP,20.0,False,TRIP,0.7567535277953793,0.36288481735771694,0.3846274245379609,118.67223883513769
TRIP,160.0,True,TRIP,0.9077400534659729,0.2834688976596934,0.06747544122903107,28.272700959461798
TRIP,20.0,False,TRIP,0.6556084901293979,0.37921111859237705,0.6117941124914823,124.2048342480391
TRIP,20.0,False,TRIP,0.7414991521837091,0.4917085379964688,0.35882927363754,256.1381178439188
TRIP,120.0,False,TRIP,0.886568552335683,0.20963619395040256,0.33135270923822574,43.91455149119439
TRIP,20.0,True,TRIP,0.8666595621284408,0.25729152594276544,0.13890753564258362,260.86729111619564
TRIP,40.0,False,TRIP,0.8603435699363738,0.006234938970606618,0.2638956732793761,279.1640578887272
TRIP,20.0,False,CTALARM,0.820642297722482,0.3980142781551892,0.23297740362056937,228.7082679921716
TRIP,20.0,False,TRIP,0.8445729653451527,0.2601150335229969,0.18951497798059877,87.92425748093193
TRIP,120.0,False,TRIP,0.8856232724904822,0.2039807151802826,0.39718460225274116,289.90632859022213
TRIP,20.0,False,TRIP,0.8172599621875773,0.0470359815446979,0.32359275219619743,77.19930064024753
TRIP,160.0,False,TRIP,0.8789910258147096,0.44482821083769863,0.622438379720267,326.09554278168616
TRIP,20.0,False,TRIP,0.6923478289440721,0.19750362002027821,0.6589407839330126,254.39245169114955
TRIP,160.0,False,TRIP,0.9032518544196719,0.3412907991046102,0.15363140045966361,19.6991735929415
TRIP,80.0,True,TRIP,0.9045349685733494,0.07468707818407538,0.07007380013704735,287.7433627181987
TRIP,20.0,False,CTALARM,0.6621274958448164,0.48077481477051626,0.5497362860414245,182.31607452956666
TRIP,20.0,False,CTALARM,0.7149122332820639,0.08922088091091546,0.6964029825470263,162.9536026726985
TRIP,20.0,False,CTALARM,0.7390674900852143,0.09977099644974519,0.6045200488979079,151.38402937145526
TRIP,20.0,True,CTALARM,0.9063968170490958,0.4294914302788569,0.016588181483114306,218.38682391873007
TRIP,20.0,False,TRIP,0.8342137701516744,0.4562913720709656,0.17588448549452618,260.84826028186603
TRIP,160.0,True,TRIP,0.9100747511340054,0.1060737037616507,0.03033959392888474,322.55158166084186
TRIP,20.0,False,TRIP,0.7088316671614059,0.23490044408741395,0.5745455639288165,98.2601326610011
TRIP,20.0,False,CTALARM,0.7514028072591163,0.3667474522814149,0.4069848834046214,227.07945824775254
TRIP,20.0,False,TRIP,0.7529609507660768,0.4391828669054008,0.35960297881693765,247.08334012852677
TRIP,20.0,False,CTALARM,0.7897407391018472,0.1895263475186526,0.38811491739756926,242.92697032328132
TRIP,20.0,True,CTALARM,0.861291801526581,0.2585097434247146,0.17671588108761377,177.48023320186917
TRIP,20.0,False,CTALARM,0.742876588406937,0.37085820525986746,0.42114685839720395,140.7681173533324
TRIP,20.0,True,TRIP,0.9056303855265757,0.3655679883263977,0.021466884924820993,274.456374144153
TRIP,20.0,False,TRIP,0.7189883611636816,0.39148006501304244,0.4522082067795877,108.00352945468849
TRIP,40.0,False,TRIP,0.7693048282414673,0.2849669093207632,0.5141036811251816,74.89913846336752
TRIP,20.0,False,CTALARM,0.7900034820252544,0.052307548402387605,0.471118384598279,196.49850975364458
TRIP,20.0,False,TRIP,0.8068567792151493,0.45198664543902,0.23248226281855416,96.3399087583837
TRIP,120.0,False,TRIP,0.8540319900137386,0.4327862696605141,0.5783840405892798,11.96393859523405
TRIP,120.0,False,TRIP,0.8632023479242544,0.3990487179091665,0.5008807979822374,18.567267617629952
TRIP,20.0,True,CTALARM,0.894097011468793,0.049931238580364745,0.08980812604699451,250.20378949927488
TRIP,180.0,True,TRIP,0.9073391628329832,0.1021986835407146,0.13660095437682052,350.3325045571463
TRIP,20.0,False,CTALARM,0.7351156369273144,0.37180018255382596,0.445975889224767,163.687818105387
TRIP,120.0,False,TRIP,0.8994960285976359,0.011570047290973218,0.20259129348921828,52.9420052105043
TRIP,100.0,True,TRIP,0.9010539981895996,0.4896123168536398,0.08360305901236587,294.5099557905671
TRIP,20.0,True,TRIP,0.8801705602368236,0.18857234017784036,0.10847829520492454,94.11692291053913
TRIP,160.0,False,TRIP,0.9044450393620178,0.3596562668454118,0.11593202637828044,358.425526177397
TRIP,40.0,False,CTALARM,0.8126191904655513,0.44378554424402167,0.33445363477286755,202.77509969774164
TRIP,20.0,False,TRIP,0.7666358519643897,0.19731494407504113,0.42516981740064813,83.74771748163623
TRIP,20.0,True,CTALARM,0.8863041253923187,0.15956624429983302,0.12348159239809046,178.5617170287638
TRIP,20.0,False,TRIP,0.7237819299168229,0.30437056444912336,0.49874762725425476,120.7372578586735
TRIP,60.0,False,TRIP,0.8739593772929697,0.29049468687402535,0.19670882525106992,280.6099144657012
TRIP,140.0,False,TRIP,0.8990616767485291,0.20456998881239857,0.2180906968757726,38.093718890900085
TRIP,160.0,False,TRIP,0.9055836185849552,0.3008873779338542,0.15644903475187527,308.52097813171736
TRIP,80.0,False,TRIP,0.8150015665400004,0.4676906847832474,0.5496442951602336,276.24128193508847
TRIP,160.0,False,TRIP,0.885470427954803,0.23382012831329824,0.6718696830558138,310.0909694045355
TRIP,180.0,False,TRIP,0.9032275358280186,0.09837109037531566,0.3447498940746649,322.1977485749993
TRIP,20.0,True,TRIP,0.9036002231079364,0.18860299144150194,0.029421449002394538,82.72001625950925
TRIP,20.0,True,CTALARM,0.8642693051419348,0.1970534912965593,0.1823985214978331,187.56209060230347
TRIP,140.0,True,TRIP,0.9069564957541344,0.06555434651310993,0.11063520378319223,305.9719992598958
TRIP,20.0,False,TRIP,0.7449277675913062,0.08143575027727745,0.5899335993964124,135.85966996180014
TRIP,160.0,True,TRIP,0.9076075342622208,0.3422810366968386,0.05939779120324361,21.746727646427686
TRIP,20.0,False,TRIP,0.6918578931674169,0.16973887710445135,0.6765333684818686,104.98836835386595
TRIP,60.0,False,TRIP,0.8116553861924659,0.4774491959279038,0.4119596436372382,87.09131213093191
TRIP,160.0,False,TRIP,0.8992922884327021,0.12179837267930371,0.36241785095191426,313.2225427280776
TRIP,20.0,False,CTALARM,0.7539667402367183,0.04946225255241116,0.5931454356934307,166.9846857872934
TRIP,20.0,True,CTALARM,0.9124081268527596,0.37675228150012896,0.01928333490401931,246.07592548067277
TRIP,160.0,False,TRIP,0.8823012270650443,0.440518025958935,0.5440069245849067,346.36289388897075
TRIP,20.0,True,TRIP,0.8933815680579918,0.13905667843574393,0.08162283189796159,107.70762685867335
TRIP,20.0,False,TRIP,0.7313750656299243,0.10104405082273898,0.5885446692583024,274.0318407098625
TRIP,160.0,False,TRIP,0.897357607987584,0.09288306743554359,0.3704233534665033,8.195083746739712
TRIP,140.0,True,TRIP,0.9078303943307818,0.26100615068325617,0.04279058165206425,37.48182311215014
TRIP,40.0,False,TRIP,0.7554750308399387,0.23420832062338548,0.583271527160927,58.271432401180114
TRIP,20.0,True,CTALARM,0.9134305462783378,0.1297199199272671,0.019119881949876148,112.47060127410303
TRIP,20.0,True,CTALARM,0.8974820396255984,0.022586558494713194,0.09685948502552244,145.07539744657623
TRIP,20.0,False,CTALARM,0.7246544847344432,0.24074567016314036,0.5584771666786402,171.72572066361158
TRIP,60.0,False,TRIP,0.83361900850906,0.4796661738178042,0.3254097867005237,88.3192846620231
TRIP,100.0,False,TRIP,0.837905656696567,0.3262596003763316,0.6169720930483836,23.837515059648936
TRIP,20.0,False,CTALARM,0.7589711030031685,0.2477532783143092,0.44480049095375845,243.9083130624876
TRIP,160.0,False,TRIP,0.8957293596122352,0.05534603701480806,0.4364701280592856,8.518087272335206
TRIP,120.0,False,TRIP,0.9000887237355488,0.12621814527479364,0.2045645742924104,291.40942854914096
TRIP,180.0,True,TRIP,0.9087947040678485,0.14738697478727136,0.09357636648621348,334.4957370544325
TRIP,20.0,False,TRIP,0.624449889808653,0.38240177630361716,0.6728206736276778,255.7328089174684
TRIP,20.0,True,CTALARM,0.8907960185968267,0.43835539863230966,0.0733583824003766,214.5457862189395
TRIP,20.0,False,CTALARM,0.7481457881154476,0.4508209267832192,0.3703074200514973,236.5266705583078
TRIP,20.0,False,CTALARM,0.8288276958139554,0.49228430412537705,0.19079801358434617,234.79993678233396
TRIP,160.0,False,TRIP,0.9009495706664715,0.49118334155226623,0.1848984645070183,335.41384898394017
TRIP,140.0,False,TRIP,0.8794680099542835,0.4764995663839907,0.4162103535119691,347.15011362982824
TRIP,20.0,False,CTALARM,0.764793790991108,0.03591107025144219,0.5585538820252082,153.61619108695982
TRIP,20.0,False,CTALARM,0.764368500101348,0.0688967679639026,0.5440256379818951,222.14850341343052
TRIP,120.0,False,TRIP,0.8735520031570686,0.15223326323801645,0.6081611824354874,289.010539344302
TRIP,160.0,False,TRIP,0.9011679277819474,0.27644912703223073,0.20503191653865696,0.37373658196950377
TRIP,20.0,False,CTALARM,0.8323877544735545,0.04848894435273965,0.32602596720055166,189.72573005797764
TRIP,20.0,True,CTALARM,0.9065210950452174,0.42289847890107124,0.006534201254017468,235.03548233437115
TRIP,20.0,False,TRIP,0.7106677091847533,0.30837808953865453,0.5228003361954559,258.19396190552936
TRIP,20.0,False,CTALARM,0.8429703058068976,0.2711822011511025,0.21164017849959813,132.76418738266122
TRIP,20.0,False,TRIP,0.7999232383612584,0.08265566168364558,0.39304547328913053,106.4319914201732
TRIP,80.0,True,TRIP,0.8969326827560808,0.12662773720009868,0.11851019741361547,65.57132396444706
TRIP,20.0,False,CTALARM,0.7554207889658239,0.08015601249112903,0.57357965499403,200.81359765896642
TRIP,160.0,False,TRIP,0.8818723230809961,0.4259665788973993,0.5720905534947944,330.94923561076376
TRIP,180.0,False,TRIP,0.8922773120679777,0.2921139300306091,0.6142170403270688,322.55213426065734
TRIP,20.0,True,CTALARM,0.9092446739198711,0.3675647137598167,0.03215589797470598,129.58773377676926
TRIP,20.0,False,TRIP,0.6889839160715359,0.14801643145501286,0.6947210968425096,92.82785037775295
TRIP,80.0,False,TRIP,0.891145084806669,0.18562631854413858,0.17344559010778615,283.9657761614797
TRIP,20.0,False,TRIP,0.8430233351597067,0.2024274822132669,0.2166035802331446,260.99280656790773
TRIP,20.0,False,CTALARM,0.8511860190654698,0.38000748587201744,0.17453501043331227,181.9223392094972
TRIP,20.0,False,CTALARM,0.8418123831430684,0.38617649383728403,0.18727288885657264,140.0508934339887
TRIP,100.0,False,TRIP,0.8759326487415394,0.10340676375701585,0.3868629492725526,44.567245348262986
TRIP,100.0,False,TRIP,0.8921237312909235,0.4707694283690495,0.1678673810126457,282.64989207320514
TRIP,20.0,False,CTALARM,0.8438266206185869,0.0603276687218432,0.2756399179802833,222.28719968941107
TRIP,20.0,False,TRIP,0.7071356663210299,0.44806104121181517,0.45892460771025073,135.677404705686
TRIP,180.0,False,TRIP,0.8973906514907389,0.05019782282490465,0.5852183425044087,330.7636713840478
TRIP,20.0,False,CTALARM,0.7688093610943181,0.13226990557565554,0.48491905018681564,237.48217430827037
TRIP,160.0,False,TRIP,0.8896645038810174,0.4232392680339785,0.4160259913511262,334.5259920637486
TRIP,20.0,True,CTALARM,0.8953117621615838,0.08974603617304372,0.10340999377874809,170.78848572227182
TRIP,20.0,False,CTALARM,0.7276399306104839,0.2067839656549849,0.5712809210788978,163.66241666301477
TRIP,180.0,True,TRIP,0.9104209602973761,0.2249296499720631,0.026092421595127077,337.4061445130687
TRIP,180.0,False,TRIP,0.9061029793476563,0.12262948651160482,0.18493416426471143,345.52491416767197
TRIP,160.0,True,TRIP,0.9081720416655916,0.3551226006679933,0.03994124185237283,345.87623479639905
TRIP,140.0,False,TRIP,0.8815103162166011,0.4256673247011019,0.46720028290912374,294.8030618066794
TRIP,20.0,False,CTALARM,0.8065000978803405,0.4372875699277859,0.2578597578154601,166.4662121367619
TRIP,40.0,False,TRIP,0.8024330699463008,0.16966107286828047,0.45643393824340667,75.70774593686117
TRIP,20.0,False,CTALARM,0.8324520848538485,0.2654251971439072,0.24292167151251318,138.0387172600182
TRIP,180.0,False,TRIP,0.9028442952309795,0.12420320193282575,0.3190185115596459,337.7870969464039
TRIP,20.0,False,TRIP,0.8213600481201011,0.12239825077507271,0.32057270711632657,130.87954622890797
TRIP,20.0,True,TRIP,0.906005217673487,0.08062703142596206,0.03190645756728122,272.4182736564735
TRIP,160.0,False,TRIP,0.8949986846402086,0.47000950540375735,0.30115856844220246,332.2815663927988
TRIP,160.0,False,TRIP,0.8870724071700322,0.44399441430278996,0.4487450541806418,349.34117863731467
TRIP,160.0,False,TRIP,0.8917723952234264,0.3886793566638461,0.3822365722528036,341.1626928751282
TRIP,20.0,True,CTALARM,0.9067604721579338,0.2588307606438645,0.052698636394801074,199.82073518001934
TRIP,20.0,False,CTALARM,0.7567500238826932,0.24530395775593594,0.4676391899807242,177.07682687431333
TRIP,160.0,False,TRIP,0.9008391788962656,0.264872833091249,0.21620392844068265,355.55058315647506
TRIP,40.0,True,TRIP,0.9099966338044022,0.26828400678854464,0.010104361945315464,78.54451364891045
TRIP,80.0,True,TRIP,0.8970336692916762,0.21728154234884517,0.10891688995897164,67.51089420651454
TRIP,180.0,False,TRIP,0.902370889510776,0.06587741644603373,0.34829176012159163,346.74562718850063
TRIP,20.0,True,CTALARM,0.85661893300377,0.06283192643426799,0.21728116132104805,248.11013585670105
TRIP,20.0,False,CTALARM,0.6935793371459875,0.47612485792284165,0.48606810962748553,193.06944352733683
TRIP,140.0,False,TRIP,0.9021302719470501,0.24101537979317528,0.1684574328960351,47.537925422870046
TRIP,20.0,False,CTALARM,0.6674049125843852,0.4766027624525945,0.540957317932618,184.76648964587852
TRIP,180.0,False,TRIP,0.9060959647547595,0.08178843885505499,0.20053402697578593,339.9196152677598
TRIP,20.0,False,CTALARM,0.7613218222763803,0.2772082760199668,0.43460459530909096,217.0408764055218
TRIP,20.0,False,CTALARM,0.7513529278925009,0.10385862667576962,0.5594514661758261,145.6663040782325
TRIP,20.0,False,CTALARM,0.8414747163015687,0.12659230306330077,0.2698892900506242,198.3970805274462
TRIP,160.0,True,TRIP,0.9103676621758495,0.015027289380589393,0.03276345927082932,319.0122313264024
TRIP,160.0,False,TRIP,0.8985428547798411,0.05947665537010566,0.3748118647412166,328.6255180087179
TRIP,20.0,False,TRIP,0.5944245976966769,0.45842420381459786,0.6967863430811502,144.0317396350423
TRIP,20.0,False,CTALARM,0.7039712764726597,0.16076649574116586,0.6782943064638395,218.90196087635593
TRIP,20.0,True,TRIP,0.8570928817086947,0.3040646059572958,0.15471553576091773,100.51294056581906
TRIP,20.0,False,CTALARM,0.7362308321998292,0.2325070659946365,0.5289875565969766,162.39070661705153
TRIP,40.0,False,TRIP,0.8529687847234726,0.20022562262263915,0.24146628227404615,79.15774924193144
TRIP,20.0,True,CTALARM,0.884785671545432,0.26594304567303406,0.11219073612816403,191.33001427160707
TRIP,20.0,False,CTALARM,0.7848415560854918,0.09361947230767076,0.46614029042174526,208.16644858727832
TRIP,20.0,False,TRIP,0.748210620491385,0.49430194925978826,0.35060811066873826,121.62122500707834
TRIP,20.0,False,TRIP,0.7465812629382982,0.4091539343519315,0.3774613903589741,97.96258822991334
TRIP,60.0,False,TRIP,0.778749993063208,0.37080731636575764,0.5791748635648559,54.36921838732269
TRIP,120.0,False,TRIP,0.8935302479582801,0.23437964850697623,0.23558057312119612,50.23571983421752
TRIP,20.0,False,TRIP,0.7791299233357063,0.07643856106316799,0.46696633168896406,256.1260016570823
TRIP,60.0,False,TRIP,0.8505267080769532,0.4603329291367839,0.25633402687383766,79.7896812861732
TRIP,140.0,True,TRIP,0.9091447196016503,0.17069353369086382,0.02990672760630043,42.47172759836178
TRIP,160.0,False,TRIP,0.9014344278576139,0.025053344848466885,0.2646105751354442,359.593808315144
TRIP,20.0,False,TRIP,0.6928952429578417,0.17120183840531433,0.6650241242428943,93.56994068006053
TRIP,180.0,False,TRIP,0.8996972129273354,0.39722851524794217,0.3382837374618919,322.5773935541276
TRIP,20.0,True,CTALARM,0.8946404861787386,0.3113543724941041,0.07576130578580771,219.30694335069026
TRIP,20.0,False,TRIP,0.7098210862689067,0.3754192923724298,0.4814787805633581,257.4252600504534
TRIP,20.0,False,CTALARM,0.6313871645306863,0.3968176919311887,0.6743655448029648,201.93080813986873
TRIP,40.0,False,TRIP,0.7670566476208155,0.1059773055402713,0.63556167258098,65.0920302215888
TRIP,160.0,False,TRIP,0.8918550340657349,0.4618916580465901,0.40037258646569707,304.9385657229369
TRIP,140.0,False,TRIP,0.8989849475600259,0.2189948014601863,0.2633965210439718,298.0701959352423
TRIP,20.0,False,TRIP,0.7579856942347215,0.3195068246320823,0.40647436795646824,125.88676752609628
TRIP,20.0,False,TRIP,0.754303914552271,0.0011543862933710014,0.5711517435394746,274.986250708127
TRIP,20.0,False,CTALARM,0.6327132366072901,0.496684249205589,0.6028661394129179,195.49449300399402
TRIP,180.0,False,TRIP,0.8964214747215389,0.14044819298207756,0.5731907194597088,327.25769060162327
TRIP,100.0,False,TRIP,0.8878968889116134,0.031031553270077616,0.3188334649092164,289.01677366942846
TRIP,160.0,True,TRIP,0.9066774653139205,0.22913102076825698,0.08320059269916097,14.758477128731084
TRIP,180.0,False,TRIP,0.9026128428596762,0.06451502859102087,0.39842139871714344,316.53934998885296
TRIP,180.0,True,TRIP,0.9081353615900197,0.07616335507878785,0.10950017962335565,348.68391047225634
TRIP,20.0,True,TRIP,0.9000115928800193,0.3161414065151051,0.04267083372849919,267.1762329450373
TRIP,120.0,False,TRIP,0.8856303685862321,0.19646369578511663,0.3490674834002026,43.168871104944486
TRIP,160.0,False,TRIP,0.8902155479011271,0.46092622507749753,0.4587614150326395,290.6553203413633
TRIP,20.0,False,CTALARM,0.7279697515626977,0.15957824730403503,0.5979031144844751,233.0960553444909
TRIP,20.0,False,TRIP,0.6876135601803106,0.36309006419195056,0.5479848877680125,121.97747430791289
TRIP,180.0,False,TRIP,0.8944446542126462,0.2305497150774538,0.6000683589295838,318.25099842936004
TRIP,20.0,False,CTALARM,0.711957702063208,0.3299756505646394,0.5320481395746234,203.60400784314223
TRIP,180.0,False,TRIP,0.897166720031233,0.2998476783579952,0.49226757783429753,307.0540551669848
TRIP,20.0,True,CTALARM,0.9076990895075536,0.2363919863794991,0.007096298398489741,241.2409494903274
TRIP,40.0,False,TRIP,0.7653646856510116,0.47503054731221855,0.43827161826644734,103.86579733377415
TRIP,160.0,True,TRIP,0.906677115044563,0.17135682137747793,0.08433726289738237,351.0067305099731
TRIP,20.0,True,CTALARM,0.9073476871667909,0.08861775062463628,0.04106699263277874,205.56199725824106
TRIP,20.0,True,CTALARM,0.8817693496215441,0.33904703043991413,0.10948850647395877,186.0318870575252
TRIP,20.0,False,CTALARM,0.6613414903589587,0.4230037806539544,0.5763045130092251,145.26346617117179
TRIP,60.0,False,TRIP,0.8299509374342634,0.02012686996996188,0.5206945751700149,49.08391310796745
TRIP,20.0,False,CTALARM,0.6850168855808727,0.22481634421134028,0.6641406836436486,247.0366368130182
TRIP,20.0,False,CTALARM,0.6058488360501086,0.44624384484366314,0.6852833810552873,155.08771128209304
TRIP,180.0,False,TRIP,0.8890535202541701,0.37480930946143376,0.6252987904617874,336.46050372803114
TRIP,160.0,True,TRIP,0.905514875911029,0.4959038582488141,0.09304823568389942,347.4349807028034
TRIP,20.0,False,TRIP,0.6797665859998311,0.2657069057986219,0.6148679186474862,276.35070792598236
TRIP,40.0,False,TRIP,0.7424185857380752,0.32999785940057563,0.5870459943520517,87.29811493291267
TRIP,20.0,False,TRIP,0.7195998027182605,0.15124014056896407,0.6097601019017881,257.75268508942787
TRIP,160.0,False,TRIP,0.9046915550803678,0.47376779983299616,0.10617993198154399,7.351830347419979
TRIP,120.0,True,TRIP,0.9065881376208299,0.18316774427826815,0.08175427944132227,297.5041810110214
TRIP,20.0,False,CTALARM,0.6524806642133649,0.3692553563433143,0.6466662157088571,177.70268415259048
TRIP,180.0,True,TRIP,0.907716511936421,0.20157010205954096,0.12167865439415315,337.2262739586671
TRIP,20.0,False,CTALARM,0.8245251531599962,0.28090946503149966,0.25803521172982086,135.99361487734743
TRIP,20.0,False,TRIP,0.7809695439317563,0.3598912675107731,0.3191893946458422,94.74249761418395
TRIP,160.0,True,TRIP,0.9061806555390194,0.25446707587567713,0.0871097694806951,358.22028195217416
TRIP,20.0,True,CTALARM,0.9014263713684758,0.45354316345475426,0.014444001622783186,191.04403374434708
TRIP,180.0,False,TRIP,0.8926779835513349,0.20965049396390512,0.6958633288369812,310.7457152677577
TRIP,180.0,False,TRIP,0.8911867715922079,0.3235358990716626,0.6136600713844728,327.98057904756314
TRIP,20.0,False,CTALARM,0.7155526337656809,0.17118121665002706,0.6386365505454461,186.6487366013124
TRIP,20.0,True,CTALARM,0.8571464094369348,0.20407833411550652,0.19919414849048295,164.05701318690757
TRIP,20.0,True,CTALARM,0.8721413000309681,0.2200250541167762,0.15407110092180734,199.03894371804606
TRIP,160.0,False,TRIP,0.9029384479951968,0.06290350915614262,0.2981065907227986,305.18622103730905
TRIP,180.0,False,TRIP,0.9032787193118467,0.045861839529503345,0.3173235582846048,347.2776833762879
TRIP,20.0,True,CTALARM,0.9069188329982377,0.33374496157337896,0.003919607204968444,118.19595937309782
TRIP,20.0,False,TRIP,0.6931384162190444,0.32775886917152613,0.545477178791883,265.9069375631448
TRIP,20.0,False,TRIP,0.6317999701661643,0.33145485710504763,0.6976669266994121,102.7348118243854
TRIP,20.0,False,CTALARM,0.8220985208538086,0.009883222671345837,0.37008360907146254,219.94309487934194
TRIP,120.0,False,TRIP,0.8953233014693825,0.16327342133588996,0.27178108650871585,289.7242517585774
TRIP,160.0,False,TRIP,0.9020730289680722,0.09890492362959846,0.2749263252548423,319.1350768780656
TRIP,20.0,True,CTALARM,0.8965309108026941,0.3890757112720062,0.06725399252047047,161.53782634052882
TRIP,20.0,False,CTALARM,0.8367925063789486,0.43031520069806506,0.18631327285480823,133.11204572372094
TRIP,20.0,False,TRIP,0.8046114011031739,0.12334018861307366,0.3514929520442418,91.24258032391963
TRIP,100.0,False,TRIP,0.8753582051092835,0.3339245794239932,0.30229360079428813,48.03018135054752
TRIP,20.0,False,TRIP,0.8095064997917097,0.06468140172913722,0.3815243220201771,131.37032471172267
TRIP,160.0,False,TRIP,0.8907893857363164,0.13757626280085666,0.5943459540461846,313.912009709225
TRIP,20.0,True,CTALARM,0.8784175371900207,0.06932724811670976,0.1576696118897284,150.77142583582975
TRIP,20.0,True,CTALARM,0.9129238032543668,0.1417603832996146,0.019364926634418366,114.22553969203993
TRIP,20.0,True,TRIP,0.9063237276451901,0.33736827367463895,0.02675781169791852,266.0876080511093
TRIP,40.0,True,TRIP,0.8807168977772006,0.45516345509262623,0.09391816371480086,77.61040978533795
TRIP,20.0,False,TRIP,0.7926910166731582,0.10126120396209298,0.39933808936308174,92.26324889556568
TRIP,180.0,False,TRIP,0.8935800235918943,0.2710395174753596,0.5657293670265473,336.92711340178886
TRIP,80.0,False,TRIP,0.8074917996248466,0.35069555062171615,0.6207641574964421,29.372289342198016
TRIP,20.0,False,CTALARM,0.7099238579656284,0.47646123424278286,0.44457924138247984,149.26722488763238
TRIP,20.0,False,CTALARM,0.8154626065368396,0.3050302414435869,0.28220027671562536,207.63042926212955
TRIP,20.0,True,TRIP,0.8793491842016244,0.12755346551369035,0.10816029570930319,82.89385762125801
TRIP,20.0,False,TRIP,0.8056893140384946,0.31273907845696813,0.2809928376104353,101.16449432449909
TRIP,20.0,False,TRIP,0.8356619266336186,0.16024558083900808,0.23269059373544845,79.8643313095192
TRIP,20.0,False,TRIP,0.6236697769478363,0.4880641953458539,0.6090181165999964,124.26680594183098
TRIP,180.0,False,TRIP,0.9021741686757622,0.19983806758181843,0.34070356418742503,323.4620718282414
TRIP,20.0,True,CTALARM,0.8600042460737949,0.3427138603805071,0.15833712996817018,155.37144476579942
TRIP,20.0,True,CTALARM,0.8685791922223365,0.01161379117337924,0.2021607467710459,150.41844594843542
TRIP,20.0,True,CTALARM,0.891175137722634,0.20003072306737768,0.0955291151798823,139.16911686278016
TRIP,160.0,False,TRIP,0.8772770576663751,0.4375538066612558,0.6430098143483918,347.0816616975267
TRIP,140.0,True,TRIP,0.9085951975324994,0.3051137222166229,0.03524209236552797,42.227797039133634
TRIP,140.0,True,TRIP,0.9104721155054232,0.22197144319798817,0.008992373989125956,313.8751515381719
TRIP,20.0,True,TRIP,0.8591048165749358,0.46796874971786295,0.12809225346880812,117.77798438207117
TRIP,160.0,False,TRIP,0.881521061253826,0.42699218807361455,0.567611812537438,344.3441730139272
TRIP,20.0,False,TRIP,0.7988296795735125,0.16110783691146913,0.36642675064175684,113.48180864771717
TRIP,120.0,False,TRIP,0.8751810551839294,0.2722742010206698,0.4380903011638904,29.83477077227537
TRIP,20.0,False,CTALARM,0.8357827781428637,0.24491212804623136,0.25041217279101435,187.21507836690571
TRIP,40.0,True,TRIP,0.9001247654151838,0.31610125005743117,0.048074589884419025,82.03160855156773
TRIP,20.0,False,TRIP,0.7144337174058271,0.1670556334793778,0.5993107137445176,271.07633357041533
TRIP,20.0,True,CTALARM,0.8802844388299836,0.12210250038294412,0.1343259904877852,236.6300225980636
TRIP,20.0,True,TRIP,0.9094478060380717,0.45633591762776804,0.02314144038158028,247.12889685205562
TRIP,80.0,False,TRIP,0.8404334341324324,0.46193724974925315,0.40089289515323556,69.65621589982919
TRIP,20.0,True,TRIP,0.8925833115340365,0.4216614428809895,0.058302454269220746,255.10689535865058
TRIP,20.0,True,TRIP,0.8871000653921335,0.48910221538228066,0.06703329630188394,112.07916971292144
TRIP,160.0,False,TRIP,0.8833492790600015,0.37249576288984426,0.5602639220377675,359.5226501016256
TRIP,20.0,False,TRIP,0.7665262265841166,0.3823336142809998,0.3441267125225968,263.4363587066423
TRIP,20.0,False,CTALARM,0.8522468684286042,0.38129504598132036,0.1690559165730001,212.5481426670646
TRIP,160.0,False,TRIP,0.9022197762970074,0.24030381547115326,0.2440384963516631,312.1624005175973
TRIP,20.0,False,CTALARM,0.74493663681651,0.22822609725713583,0.51046868519022,212.15221189899376
TRIP,20.0,True,CTALARM,0.9083695600476986,0.12011313807450158,0.04644790132962129,198.98995203919202
TRIP,20.0,True,TRIP,0.8817608912660091,0.32240959717964524,0.08153643115324694,85.43361700993664
TRIP,20.0,False,CTALARM,0.7824012513037899,0.14466006805116727,0.4313834244933987,244.120318317153
TRIP,20.0,False,TRIP,0.7877941213951745,0.1289042048511772,0.4248802141269751,134.8719941698061
TRIP,140.0,False,TRIP,0.8697417684838127,0.2929806870480274,0.6807235291747602,15.509746012366925
TRIP,120.0,False,TRIP,0.894415448357917,0.2049911941125216,0.2621846368788147,293.7822466931848
TRIP,160.0,True,TRIP,0.9085141443448641,0.1094283043973161,0.0455543390242611,18.674339993547072
TRIP,20.0,False,CTALARM,0.7528203708934352,0.40802800837641556,0.3762762043947395,242.0280442225893
TRIP,80.0,False,TRIP,0.83227206891843,0.430284959647188,0.4468427682332532,56.41952093456947
TRIP,20.0,True,CTALARM,0.8963647537906153,0.08384975983889048,0.09772195005037435,155.72502596551098
TRIP,160.0,False,TRIP,0.9003924685958516,0.0037535163999999344,0.3870033814746377,309.2729970768194
TRIP,140.0,True,TRIP,0.9030865762112577,0.16806498426468686,0.1384369851607852,33.991037681092784
TRIP,20.0,False,CTALARM,0.659995777411117,0.39875541784037627,0.5913110405167478,240.17424427894352
TRIP,20.0,False,CTALARM,0.6609128199403449,0.4195869331171622,0.5846130470486808,220.5427472949907
TRIP,160.0,False,TRIP,0.9021057329558744,0.06916453505802461,0.30074036719890923,312.3107086882654
TRIP,60.0,False,TRIP,0.7556456252171981,0.3871679505915256,0.6767202333589628,62.184553676664024
TRIP,120.0,False,TRIP,0.8731228647109216,0.057852083654714725,0.6858417121148191,287.92350166888974
TRIP,20.0,True,CTALARM,0.8952554890336406,0.1950312950782646,0.09047576226333365,162.04363082687817
TRIP,20.0,False,CTALARM,0.797922244120874,0.49930475750595793,0.25739966338272735,154.3118084975684
TRIP,20.0,False,TRIP,0.7934362891047417,0.0962954116154549,0.4202250290326512,130.24236630235498
TRIP,20.0,True,CTALARM,0.9064880775707327,0.07698179128881322,0.05938646670701106,138.80669263053045
TRIP,20.0,False,CTALARM,0.8334221487966191,0.21140016627339675,0.2678588526698959,187.18546551308103
TRIP,140.0,False,TRIP,0.8996177958381135,0.3098342629849307,0.18282045881161352,38.44793625244768
TRIP,20.0,False,CTALARM,0.6077302298398577,0.4664503912066266,0.6664351546766928,153.02371315426484
TRIP,20.0,False,CTALARM,0.7814960092216908,0.4904105727665171,0.2881100759820293,234.71323742142823
TRIP,20.0,False,CTALARM,0.7743643083484997,0.03482031829569732,0.5338696009832588,179.34924723779324
TRIP,80.0,False,TRIP,0.8796491125221388,0.06899875867395266,0.2706937544585216,59.69860878586421
TRIP,20.0,True,CTALARM,0.8819924950262903,0.39536898694799694,0.09226844929318483,130.69861264498755
TRIP,20.0,False,CTALARM,0.7326730170625136,0.13531607613543023,0.6042060711125932,159.46620279333473
TRIP,20.0,True,CTALARM,0.9057647334774368,0.4424245297531803,0.0002918418321727012,240.79493326786854
TRIP,160.0,True,TRIP,0.9093020020101038,0.3317266286145434,0.039158611782115015,324.2758761134992
TRIP,20.0,False,CTALARM,0.8521038688966773,0.05592240119033859,0.2550690841279303,198.13518453161464
TRIP,20.0,False,CTALARM,0.7033515514837385,0.41626464246200356,0.48082877886311554,243.4925261222511
TRIP,140.0,False,TRIP,0.8987042003484531,0.08817819000403793,0.239193006703543,27.7882651581856
TRIP,180.0,True,TRIP,0.9096316726728482,0.2117476973398269,0.04641897233468247,343.60813056513354
TRIP,20.0,False,TRIP,0.8354326539002574,0.276092464279665,0.22248802361390416,113.47512852798825
TRIP,20.0,True,CTALARM,0.8592508228246,0.25038307454013914,0.1714866012931136,127.54502988765171
TRIP,40.0,True,TRIP,0.912199239221836,0.3430814578075752,0.0037938598727385695,80.22340103094454
TRIP,120.0,False,TRIP,0.8780790228056443,0.3263433674346276,0.37436133922628123,30.48122583559771
TRIP,100.0,True,TRIP,0.9030342521796706,0.49602100276402744,0.08165214032093024,284.4168444510664
TRIP,40.0,False,TRIP,0.8436457135552213,0.4997109546120939,0.20124740215766626,86.57642941422222
TRIP,20.0,False,TRIP,0.7504692650075212,0.25822970131782047,0.4488328811556901,101.76758472431271
TRIP,40.0,False,TRIP,0.8026556163403067,0.047599543480431994,0.5075809821760839,65.44665957825815
TRIP,160.0,False,TRIP,0.9012925456721657,0.3639216494843592,0.18441893879921575,350.95870090759684
TRIP,100.0,False,TRIP,0.883620753333279,0.4883320391082946,0.2304355697456638,281.1725270205136
TRIP,180.0,False,TRIP,0.906597560369738,0.15916319381451016,0.17283646668922564,334.7638739930522
TRIP,160.0,False,TRIP,0.8856464567109168,0.2306044429187869,0.6698220202213343,310.2204121392637
TRIP,180.0,True,TRIP,0.9078662213592434,0.21238846240772796,0.13336380889118196,326.2668478362942
TRIP,20.0,True,CTALARM,0.8903681245254893,0.02570957727846468,0.1282264225435734,172.45225866570948
TRIP,60.0,False,TRIP,0.8428504719263205,0.3361322156117224,0.31152470708207236,61.39491744855617
TRIP,20.0,True,TRIP,0.8765387710759026,0.1766688475342339,0.1325144514403984,117.67692036871597
TRIP,20.0,True,TRIP,0.8704576260412022,0.3937319373157511,0.10969591939992569,105.28254611341329
TRIP,20.0,True,TRIP,0.8882114563040846,0.41606003764099303,0.06711567639075983,258.1681815364883
TRIP,140.0,False,TRIP,0.8790240698950137,0.4106153932989227,0.44811987367577455,9.242167070643275
TRIP,60.0,False,TRIP,0.8291701526650092,0.20833299901994007,0.4284575784313272,51.13519737047175
TRIP,20.0,False,CTALARM,0.7715910951671272,0.16077284112044976,0.45511402431457637,245.83864329174992
TRIP,80.0,False,TRIP,0.8197134827107359,0.3744103898335274,0.5413100056065774,44.43924736815892
TRIP,140.0,False,TRIP,0.8940905531890124,0.4006947169213615,0.22845060895480304,17.385066277344077
TRIP,60.0,False,TRIP,0.7823575683204932,0.24562872319568307,0.642896613528345,39.317459260028706
TRIP,20.0,False,TRIP,0.6786554728070098,0.4465155097681515,0.5132432277481291,248.64269509551468
TRIP,60.0,False,TRIP,0.819351455758375,0.07195434803927914,0.5632960120068308,50.15709338569203
TRIP,80.0,False,TRIP,0.8207225583909178,0.43953438982948007,0.5046735146786978,52.669570009133295
TRIP,20.0,False,TRIP,0.8404820155454908,0.048047616485940636,0.2509189518027933,82.90807083327574
TRIP,20.0,True,TRIP,0.8563767403311189,0.07676276102730695,0.19812274164384444,270.3278535107481
TRIP,40.0,False,TRIP,0.8309120931596873,0.2669200066369802,0.29576194870530986,72.12704841387936
TRIP,160.0,True,TRIP,0.9077321125567136,0.03375924009370751,0.06792125237335091,12.735142820714591
TRIP,180.0,False,TRIP,0.9043134938785844,0.02640355070005518,0.315896351096163,326.1108080073386
TRIP,160.0,True,TRIP,0.9107541946568368,0.00025937208285276014,0.030198688166667886,315.4746327447322
TRIP,100.0,True,TRIP,0.9117935942827999,0.21815832984713157,0.002762172019036146,66.53484032273006
TRIP,40.0,False,TRIP,0.7104752277195445,0.3873119406461149,0.6520492576322849,95.52333231844378
TRIP,40.0,False,TRIP,0.8117179477591489,0.017419175139957832,0.482535802411525,67.88072571971074
TRIP,20.0,False,TRIP,0.7584048501474907,0.3261288032329277,0.3932928629461782,259.03243402622275
TRIP,40.0,False,TRIP,0.8383291960359431,0.41156365870809325,0.23877142759614048,90.00319830812354
TRIP,160.0,False,TRIP,0.8970221560333195,0.08400042428893556,0.3993766102795519,335.32191265626074
TRIP,160.0,False,TRIP,0.8928434323696101,0.07343186741070212,0.6241030434368322,297.9507687780848
TRIP,20.0,False,CTALARM,0.7168511457586623,0.43040048681026805,0.4566660937607052,211.82440592508237
TRIP,140.0,False,TRIP,0.8806416016147692,0.41156230497504737,0.4217373985674529,3.21776089693675
TRIP,180.0,False,TRIP,0.9022313322957245,0.26947088313209344,0.3221431520801746,318.12098631000003
TRIP,20.0,False,TRIP,0.8082818373758103,0.40959993964699015,0.24198792145560058,261.9941927517195
TRIP,80.0,False,TRIP,0.859840448701236,0.04637803871224738,0.4889829797451982,283.6466627547623
TRIP,120.0,False,TRIP,0.8606273653356982,0.1972407589693772,0.6866866587110699,25.857073645916774
TRIP,20.0,False,TRIP,0.791676416718412,0.36889877805318644,0.29733038546441304,255.0816612786752
TRIP,120.0,False,TRIP,0.8958682706782627,0.12872597966198168,0.27454364280994054,289.6522105046917
TRIP,160.0,False,TRIP,0.8958555614061062,0.3761644572167764,0.2996794306555297,344.38872821653973
TRIP,20.0,False,CTALARM,0.8168933362295325,0.25208930219540693,0.297880777634805,208.9693702016768
TRIP,20.0,False,CTALARM,0.6311139657835431,0.37513299397411654,0.6934373413579465,182.89506671973777
TRIP,20.0,False,CTALARM,0.7473757585900789,0.2323398189286648,0.4947447802565384,153.14284439348825
TRIP,20.0,False,CTALARM,0.8347618317318619,0.1839521701109088,0.25142911444741417,252.46356514727177
TRIP,180.0,False,TRIP,0.9047685491177785,0.10959460823931616,0.2600516616787058,331.49566969726095
TRIP,20.0,False,CTALARM,0.8327029329849878,0.10418967071750751,0.301557847320839,215.91181753777283
TRIP,40.0,True,TRIP,0.9059313788215447,0.375745405285698,0.025698531306314786,81.82211094300233
TRIP,160.0,False,TRIP,0.8977959566895057,0.05945517401698025,0.369471481414875,6.326622111303628
TRIP,20.0,False,CTALARM,0.7617575605596099,0.042991175055472564,0.5679666660659353,222.88072257630992
TRIP,160.0,False,TRIP,0.8965860009756108,0.08814568251106508,0.4623974552452574,311.25523968685894
TRIP,160.0,True,TRIP,0.905675741392596,0.08767325572696094,0.1388945927330791,23.751099926427376
TRIP,20.0,False,CTALARM,0.694279768090343,0.4115538114034499,0.509623968964859,143.1256352260845
TRIP,200.0,False,TRIP,0.9010899772419417,0.1992533117371062,0.5036210244324212,338.416893389125
TRIP,20.0,False,CTALARM,0.8360195356738347,0.4951942286802412,0.18377745095429793,180.6037185084499
TRIP,20.0,False,TRIP,0.7822193730313367,0.06860562889530619,0.43601225979985453,79.4369627238935
TRIP,20.0,False,TRIP,0.7480382875012475,0.32676991284682166,0.4276643231853553,127.31630823678543
TRIP,20.0,False,CTALARM,0.7151912780328673,0.2243647536006253,0.5878513366993271,146.93024383013025
TRIP,140.0,True,TRIP,0.9057726535969107,0.19645908834853698,0.09525061828340887,42.22422519004517
TRIP,20.0,True,CTALARM,0.8587634474224617,0.43754209952704115,0.1363869531580659,237.88520778542804
TRIP,20.0,False,CTALARM,0.759834389759201,0.4877978229141998,0.34017865263746366,213.1791584732915
TRIP,20.0,True,CTALARM,0.9082181408337802,0.43642947938708937,0.03090160422461492,233.18023603160785
TRIP,20.0,False,CTALARM,0.8363127253552702,0.09615033951756652,0.29091593832119456,219.88496472486764
TRIP,160.0,False,TRIP,0.8908735244096335,0.11039896060446702,0.5517533293998063,6.001944583802281
TRIP,100.0,True,TRIP,0.8999331127247117,0.32803693954753166,0.10410007578879875,62.80662584387507
TRIP,60.0,False,TRIP,0.8546113261462069,0.14454179081909585,0.32196411585556733,59.60592070050979
TRIP,60.0,False,TRIP,0.7501449306309611,0.36736256539028994,0.6928384633677112,35.2625350672762
TRIP,20.0,False,TRIP,0.780595453697635,0.2832103254048223,0.35414400939740504,264.7712783513795
TRIP,100.0,False,TRIP,0.8722420922843452,0.27545438424520147,0.34882667688546337,43.24939721225701
TRIP,20.0,False,CTALARM,0.7451459613992225,0.4142734624193929,0.39115550860691767,240.5498664421239
TRIP,80.0,True,TRIP,0.8902990245357113,0.3552663858713389,0.13020305923291883,64.22051147532315
TRIP,140.0,True,TRIP,0.9063691709472934,0.013288882498645849,0.10301471788016098,42.59166416925348
TRIP,40.0,False,TRIP,0.8099550683403505,0.024729568573007843,0.4741482403805759,58.51081750178856
TRIP,20.0,False,CTALARM,0.8186503919295421,0.30077922622800785,0.2770367669340391,183.02524435368719
TRIP,20.0,False,CTALARM,0.8495755440920543,0.24309603781113776,0.202934639750833,232.37370354879204
TRIP,100.0,True,TRIP,0.9103250732203333,0.1300923276714957,0.021974133943928307,292.29294962074925
TRIP,60.0,False,TRIP,0.7983429293398501,0.20932804365740082,0.5922353480249377,46.28239396726701
TRIP,20.0,True,CTALARM,0.9089922644105546,0.37895515936643026,0.02263020609138292,221.82722905889884
TRIP,80.0,False,TRIP,0.824614620422177,0.413305742328965,0.5249881868583235,278.582255788049
TRIP,20.0,False,TRIP,0.8174534217467821,0.2806115339450221,0.26739199129900665,112.46586174283837
TRIP,140.0,False,TRIP,0.8883209115350382,0.1926847404285515,0.4190814673532551,28.697608572277563
TRIP,120.0,False,TRIP,0.9001870140799779,0.1353483807475535,0.17337460048311362,56.14054670394499
TRIP,140.0,True,TRIP,0.9038372464630943,0.26095923538462673,0.10877976636245118,32.96111312176442
TRIP,180.0,False,TRIP,0.9020277900128355,0.1573748092821905,0.37337160058446317,319.39629516816404
TRIP,20.0,False,TRIP,0.7363083643868049,0.28204756852361146,0.4869323864679005,135.61260060968445
TRIP,20.0,True,CTALARM,0.8705893319620984,0.33832619125481883,0.1368453064616026,188.40549784888296
TRIP,40.0,False,TRIP,0.8510592552577381,0.03303960545969742,0.3054512632027949,276.72773464955327
TRIP,20.0,False,CTALARM,0.836757652470147,0.0005337325113736191,0.3112584792039769,133.73943196346056
TRIP,20.0,True,CTALARM,0.8763064390339983,0.10613856942037148,0.15118540435562394,233.6769556659406
TRIP,120.0,False,TRIP,0.8714288463054461,0.4472557488593905,0.39553461237649173,27.604747158637583
TRIP,20.0,True,CTALARM,0.885498786025508,0.3231453816142796,0.10215498074719045,173.12603312469616
TRIP,120.0,False,TRIP,0.887113020553816,0.08598017596851143,0.356824421323006,34.74682782131075
TRIP,20.0,True,TRIP,0.8787330005123,0.4451319809118094,0.07940205795619965,89.3822906448821
TRIP,20.0,False,TRIP,0.7957284258404844,0.23497797014367,0.3398796861985962,105.6026979343687
TRIP,20.0,False,TRIP,0.8396632773872359,0.23804587833933033,0.21811933841288977,258.3301693993008
TRIP,20.0,False,CTALARM,0.7693593596285936,0.46777097192132755,0.31657240445707446,242.6775070641314
TRIP,20.0,False,TRIP,0.8292410477180898,0.02974334609167001,0.3036245516102219,268.9488320151837
TRIP,140.0,False,TRIP,0.879976267823074,0.10758913731435926,0.6355531859730149,22.231817005440657
TRIP,160.0,False,TRIP,0.8951078936870644,0.2928856625773612,0.3429549199695239,357.80911638229685
TRIP,140.0,False,TRIP,0.8829874857755822,0.09774325479100204,0.572949232713812,19.591210335516813
TRIP,140.0,False,TRIP,0.90328183910296,0.3397635046044789,0.15795667503820066,297.26920491809545
TRIP,20.0,False,TRIP,0.8403169229594375,0.1070461446683601,0.24645795624398117,266.4968160529928
TRIP,20.0,True,CTALARM,0.909927230674392,0.04957848529940717,0.05256256644323365,213.03424457705515
TRIP,20.0,False,CTALARM,0.834811584668485,0.10349257982041987,0.2945234563750455,157.98857945219538
TRIP,20.0,False,TRIP,0.7493634282439505,0.21136701713603112,0.46808992095245167,272.56764717726577
TRIP,20.0,False,TRIP,0.7375514819522759,0.08806914958653994,0.5867169238765773,266.3488091767846
TRIP,80.0,False,TRIP,0.8637718398742924,0.06734601246167365,0.39614043825940864,49.38420077632963
TRIP,140.0,False,TRIP,0.8838779583908382,0.43014094310947043,0.4480508687151549,285.3476902659133
TRIP,160.0,True,TRIP,0.9060622620377305,0.16019860179865392,0.1240869543318637,28.28051907658749
TRIP,20.0,True,CTALARM,0.9012740949043878,0.1803793432591268,0.026044226763407563,180.1966111662725
TRIP,20.0,False,CTALARM,0.7667256220705851,0.027635204750613818,0.5541817016241212,232.22945756418994
TRIP,120.0,True,TRIP,0.9045006581938689,0.17868481175102707,0.11692674520890046,295.80798865508194
TRIP,20.0,True,CTALARM,0.9062510150814707,0.13240358866078983,0.0638186748729267,166.71967851349936
TRIP,40.0,False,TRIP,0.7275862007640319,0.30524253367089427,0.6562936246346167,85.26890792345228
TRIP,20.0,False,CTALARM,0.7198876602021465,0.10269514883620334,0.6744649548414235,176.63746156437836
TRIP,40.0,False,TRIP,0.7699682256761917,0.44418272653142027,0.4313801041217462,90.07491975736323
TRIP,20.0,False,CTALARM,0.8002996208916382,0.46483331045977755,0.26504609088110537,190.3411373242134
TRIP,20.0,False,CTALARM,0.7566981802039743,0.0499155285883951,0.5832676786748363,166.50294591834643
TRIP,40.0,True,TRIP,0.882590049056708,0.053701478144288606,0.1433039715347887,280.981614150142
TRIP,20.0,False,TRIP,0.8261980188870279,0.057663219055493986,0.3005746292007773,86.43244083931042
TRIP,40.0,False,TRIP,0.8394581894189004,0.309784628155156,0.2499121093004212,71.99466630852223
TRIP,20.0,False,CTALARM,0.7388426608783585,0.060984482104811444,0.6388899935191771,170.70672224410558
TRIP,100.0,False,TRIP,0.8253875756470506,0.42619115896513315,0.6438441907535916,18.181571468706238
TRIP,40.0,False,TRIP,0.7717649770625925,0.37713575746894623,0.45562014842656645,82.56262623678211
TRIP,20.0,True,CTALARM,0.8874682423095789,0.40990442911901204,0.07751809819088429,127.33376910756908
TRIP,20.0,False,CTALARM,0.8010185788265592,0.26303026344301045,0.3375349527608117,175.5466965219277
TRIP,20.0,False,TRIP,0.8322906180952315,0.4983386057595767,0.1717298563568397,96.99721604113105
TRIP,20.0,False,CTALARM,0.7526806136005241,0.022087551472080635,0.6194409642291373,201.82913809502628
TRIP,140.0,True,TRIP,0.9057399893148621,0.20063248209305667,0.09688195931134132,316.2292799202618
TRIP,20.0,True,CTALARM,0.905970131515508,0.1619683344688181,0.03801719310249515,195.74188608873675
TRIP,40.0,False,TRIP,0.746256497805192,0.4743227493563205,0.4931003234850547,103.26222782511545
TRIP,140.0,False,TRIP,0.8910574854242804,0.28843047924879645,0.317300252477707,22.31314992083336
TRIP,60.0,False,TRIP,0.770735428226423,0.4030954827223626,0.5868554213221591,49.19986970939651
TRIP,20.0,True,CTALARM,0.9096944839518876,0.08517059682925943,0.05224074181851823,202.03825267698863
TRIP,20.0,False,TRIP,0.6450774166702509,0.48931707195021945,0.5607532928254897,246.13518171757673
TRIP,160.0,True,TRIP,0.9090068780234892,0.2493197734381576,0.026134326990910825,17.880459679465403
TRIP,100.0,True,TRIP,0.9101586771451864,0.2468360381353229,0.019649008339769878,66.7979386968534
TRIP,20.0,False,TRIP,0.7619725686717249,0.4854423642728689,0.32292102621172075,114.8692574435654
TRIP,20.0,True,TRIP,0.867670495595136,0.19036618060857252,0.15490390277645627,115.11831919698085
TRIP,180.0,False,TRIP,0.8991043734117733,0.19876251227749647,0.4156030949045714,345.02652510406597
TRIP,60.0,True,TRIP,0.908331831478899,0.2923763514024683,0.018071895948029302,73.35741525927213
TRIP,160.0,True,TRIP,0.9094275614515415,0.06402630527389347,0.024772679654084973,22.507325812479202
TRIP,20.0,False,TRIP,0.7536967322287175,0.16054281320592745,0.5090039473203583,127.08533855243488
TRIP,120.0,True,TRIP,0.9012260313060635,0.09660416122256527,0.14711561374461815,48.39910957068461
TRIP,80.0,False,TRIP,0.8568951281092756,0.0516417395535248,0.45949198656251344,45.56950744888408
TRIP,20.0,False,CTALARM,0.682098005047216,0.43307230316551004,0.5249455130505309,146.6822380021662
TRIP,20.0,True,TRIP,0.9039400995556574,0.294665583063738,0.041531816007477206,110.30081012998151
TRIP,100.0,False,TRIP,0.8574858959642073,0.1793363957639556,0.5388277681249675,33.02163941592943
TRIP,20.0,True,CTALARM,0.8601246600051924,0.2043346886833564,0.18789485257290023,217.54923459388175
TRIP,20.0,False,CTALARM,0.8311271828128235,0.21575950184367731,0.27268217073982376,180.61191576732602
TRIP,160.0,True,TRIP,0.9079136531257385,0.3165745910723547,0.06064743460672168,27.755880822469937
TRIP,180.0,False,TRIP,0.8898465350051682,0.46338469574449664,0.5870409883553969,310.58801064509197
TRIP,40.0,False,TRIP,0.7822720923934791,0.46638980982849126,0.3925101504280347,102.49670095643978
TRIP,180.0,False,TRIP,0.9008900838782696,0.1957459897653317,0.35326569449302053,346.0970825809846
TRIP,180.0,False,TRIP,0.8927194132275709,0.16463122979888478,0.6779883676319289,335.3539077202772
TRIP,20.0,False,CTALARM,0.8421576502149124,0.22552325009262753,0.23415403195846954,156.274785438751
TRIP,40.0,False,TRIP,0.7410325479593758,0.2839671152142463,0.6235455005336872,82.28409855780058
TRIP,140.0,False,TRIP,0.8856512720128489,0.23090895572487413,0.503781516745223,300.5469765108801
TRIP,20.0,False,TRIP,0.6573826418120841,0.32937670490835047,0.6499696950965672,130.06290298408086
TRIP,40.0,False,TRIP,0.7328600451734613,0.27719951168988183,0.6354614369337218,58.87825008166737
TRIP,20.0,False,CTALARM,0.7005558485556302,0.16035777334703805,0.6937208635182487,198.57877769481883
TRIP,20.0,True,CTALARM,0.8960872417773442,0.1728654028813163,0.0921737264260103,176.18487937245567
TRIP,160.0,False,TRIP,0.8916077224172692,0.18929639377986546,0.5572114744641165,306.0064363730243
TRIP,20.0,False,TRIP,0.7534615824043243,0.047319884124694345,0.5631460484632522,262.54129674215955
TRIP,180.0,False,TRIP,0.9011845204379317,0.08303131620698656,0.4510614697249407,315.4102152612313
TRIP,20.0,False,TRIP,0.8341830262968553,0.36155690107269306,0.1952026707667414,264.49304845945477
TRIP,20.0,False,CTALARM,0.6937417288601483,0.19454835576104001,0.6756037901398205,231.1829858332069
TRIP,20.0,True,CTALARM,0.8826061950463576,0.10726948628007182,0.14309549652314668,180.06377481972459
TRIP,160.0,False,TRIP,0.8950415764683187,0.28133620528742864,0.3497027648509073,355.5191842187211
TRIP,160.0,False,TRIP,0.8926846991493785,0.3777697712367136,0.36504097897343035,345.29933664006205
TRIP,140.0,True,TRIP,0.9065274648022762,0.1287111811726857,0.11328054138522718,305.5870733528699
TRIP,100.0,False,TRIP,0.8518077565499782,0.41339494096187224,0.5057701756332686,279.11491696279
TRIP,20.0,True,CTALARM,0.8955653304627145,0.4637524298125248,0.062207014926167835,207.92143804266436
TRIP,20.0,False,TRIP,0.7254007430651844,0.29869726453692036,0.48516844519269764,93.51120978943445
TRIP,180.0,False,TRIP,0.8923751148464569,0.3344738294957898,0.5940308474034458,315.15804975166736
TRIP,160.0,False,TRIP,0.9020722918994736,0.02628799516152769,0.24457749755767966,3.893808556424778
TRIP,60.0,False,TRIP,0.7898092152613053,0.47275994551095324,0.49659456601944013,81.87838804581595
TRIP,20.0,True,CTALARM,0.8870991162196928,0.1962423671324719,0.10974180570349486,145.34368023040912
TRIP,20.0,False,CTALARM,0.6459505013882324,0.46195020027271494,0.592164301017015,211.0165758842659
TRIP,20.0,False,CTALARM,0.6720114325819198,0.2894887623751213,0.6664221889872572,201.91655532972814
TRIP,100.0,True,TRIP,0.903398973447557,0.0023093994216638047,0.10688558544984383,63.29369749870249
TRIP,100.0,False,TRIP,0.8702981590380054,0.019270999661717858,0.48430163178063246,37.72735193287144
TRIP,40.0,False,TRIP,0.8079596658801622,0.340209402834961,0.35408176758956805,80.03841393070068
TRIP,20.0,False,TRIP,0.779050241006228,0.28133400691596655,0.372049532282665,125.53516400273409
TRIP,160.0,False,TRIP,0.8944799349589828,0.013266218603037172,0.4945428030204817,5.059327651231036
TRIP,20.0,False,TRIP,0.7733393408741364,0.37172998061119267,0.34211834953550607,249.28409539794808
TRIP,40.0,False,TRIP,0.7764090596675977,0.42607266853459086,0.4202284744124017,89.18187686549692
TRIP,20.0,True,CTALARM,0.8629270422199307,0.24820874121965414,0.16163071358796402,126.50559715741046
TRIP,20.0,False,TRIP,0.8256685176371135,0.23287872017862749,0.2649546175420412,120.56460861020382
TRIP,20.0,False,CTALARM,0.7597406609187654,0.0027365544173137413,0.6056682450500513,184.25872831626785
TRIP,140.0,True,TRIP,0.9065369374996007,0.39332485624679964,0.07693175815386992,309.52789995405993
TRIP,60.0,False,TRIP,0.8353997904466353,0.16535803337305272,0.4183026826535479,53.78038326199483
TRIP,20.0,True,TRIP,0.8613058049936722,0.4393818098912698,0.12900094356442315,122.6617607632572
TRIP,20.0,False,CTALARM,0.7195187900169875,0.18653029377902652,0.5925777185463603,249.1303707834421
TRIP,140.0,False,TRIP,0.8858904881382195,0.2825389553153528,0.40533076769748483,15.923308780957242
TRIP,140.0,False,TRIP,0.8993147908684396,0.13517089409966376,0.2821341478691898,298.79230865840054
TRIP,180.0,False,TRIP,0.9065542738763743,0.08029415629245934,0.17487727155627253,346.25705057907356
TRIP,20.0,False,CTALARM,0.7918133778931231,0.387453951690664,0.3057912894327441,218.7493929295167
TRIP,180.0,False,TRIP,0.8906586282545681,0.2482952394231408,0.6703286281452195,344.34301357105966
TRIP,20.0,False,CTALARM,0.7905871034130599,0.26824396187612537,0.35644650282053436,148.70225859542919
TRIP,20.0,False,CTALARM,0.7647089120605061,0.48270797674086774,0.3286426721899021,149.41142303584928
TRIP,100.0,False,TRIP,0.8391070668015818,0.48178995611107683,0.5223916694502163,38.24960738883748
TRIP,140.0,False,TRIP,0.8910298327028854,0.42782106085120175,0.26533294958233467,12.760896599917091
TRIP,20.0,False,TRIP,0.8235523586030188,0.09380464638251679,0.2991967649165558,88.0215545284322
TRIP,20.0,False,CTALARM,0.834722021641602,0.29713634715078996,0.2358634121001333,172.12631655641317
TRIP,20.0,True,CTALARM,0.8773703402803625,0.4390737123277687,0.10564382873057397,182.76566071064005
TRIP,20.0,False,TRIP,0.7411270203963385,0.18723196822446886,0.49966644994185544,78.327137426916
TRIP,20.0,False,CTALARM,0.7483832539113616,0.050553082967792484,0.6111216397185366,220.61004287811392
TRIP,60.0,False,TRIP,0.7628768099531648,0.4054814511199609,0.6339148544699359,65.23411494181964
TRIP,20.0,False,TRIP,0.6955192698567194,0.24088177568108582,0.6165620566264457,117.43601049687605
TRIP,40.0,False,TRIP,0.8231922618354609,0.2821963401795893,0.316248661706595,70.45542546815788
TRIP,20.0,False,TRIP,0.8220563771499227,0.4910721481589222,0.19884633454223738,250.7988959964495
TRIP,20.0,False,CTALARM,0.7523507013611217,0.30360571524703606,0.4465466247205764,185.96610296003226
TRIP,20.0,False,TRIP,0.6809021042073347,0.2124896928330507,0.6682934383342222,264.99639566614155
TRIP,160.0,False,TRIP,0.89121335643843,0.1849921839235989,0.5089354537180235,20.609341052993887
TRIP,20.0,False,CTALARM,0.8042414716264763,0.2088096463270228,0.3463939931131096,153.1303488846509
TRIP,180.0,False,TRIP,0.8991509541824163,0.05919954158933438,0.48216600215941374,348.1050884333114
TRIP,100.0,False,TRIP,0.8405802620868201,0.3973752792087859,0.5407765387180778,19.3030252942909
TRIP,20.0,False,CTALARM,0.6333147956925855,0.41885842909352056,0.6434884829296494,150.61632829054636
TRIP,160.0,False,TRIP,0.8910085033054187,0.14219856728670444,0.5342510277805078,14.5433587880234
TRIP,100.0,False,TRIP,0.882767361654882,0.15189830920497205,0.3032333889451339,52.79519554948799
TRIP,20.0,False,CTALARM,0.8371964035290991,0.4371671281674066,0.19152456292583886,166.50952256629853
TRIP,80.0,False,TRIP,0.8724786293065713,0.011985177763977728,0.3499171653107139,56.70482316625893
TRIP,20.0,False,CTALARM,0.8416507300326588,0.26022872188361384,0.22972456122383023,186.7519529869835
TRIP,180.0,False,TRIP,0.8918244102309603,0.23183785734075052,0.6599352148814698,332.183405797225
TRIP,40.0,False,TRIP,0.8046128445372929,0.3450633847892299,0.3555760904149735,72.14672095107362
TRIP,140.0,False,TRIP,0.8955855098252744,0.08169585007472724,0.3304394351748058,38.58714349639121
TRIP,140.0,False,TRIP,0.8981552854634267,0.3341653703975769,0.24373735270840402,297.0995623138627
TRIP,20.0,False,CTALARM,0.7740756628162975,0.18836700393743822,0.4475848932041202,165.69714506895187
TRIP,180.0,False,TRIP,0.900373800266856,0.309357389084821,0.36403589503466344,317.7399955838896
TRIP,20.0,True,TRIP,0.8945227077436297,0.02004750493638796,0.09033424602877957,110.2043860795394
TRIP,20.0,False,CTALARM,0.7079901922285334,0.2308635985922547,0.6084454675813462,225.91152186735226
TRIP,180.0,False,TRIP,0.9036848107975466,0.26112544699118606,0.25130898250065886,332.3928795485991
TRIP,60.0,False,TRIP,0.8604575324387902,0.1071632014274933,0.30280490097070795,61.81048780124613
TRIP,100.0,True,TRIP,0.901281070195453,0.06981182708956035,0.14396693966450536,288.26228134994517
TRIP,20.0,False,CTALARM,0.806414053476884,0.0942371515061507,0.38737874533252237,227.34602994424583
TRIP,140.0,False,TRIP,0.8891483191543379,0.17207053903167402,0.49143854370000806,292.6608280657392
TRIP,40.0,False,TRIP,0.7785067455761815,0.048405074652485724,0.6168157244381577,61.44960418311894
TRIP,20.0,True,CTALARM,0.9078277586625659,0.4736598978648022,0.03612536548058386,156.27112932132442
TRIP,60.0,False,TRIP,0.7832053774004627,0.20249703074790865,0.6813323367895648,46.38140225170296
TRIP,160.0,False,TRIP,0.8858643046841019,0.4044848012533745,0.49267241941424966,345.6295588747313
TRIP,140.0,False,TRIP,0.8954550878847318,0.4872085615544233,0.19900907908806217,22.569020265648412
TRIP,160.0,True,TRIP,0.9057598646808511,0.040367640001369554,0.14313232850977622,23.574023277979784
TRIP,180.0,False,TRIP,0.9050181821921461,0.325834733967497,0.20726154305821853,323.33622918541283
TRIP,40.0,False,TRIP,0.7136909320347401,0.435704543370607,0.6130080261665096,108.27437332956299
TRIP,20.0,False,CTALARM,0.8440465119481418,0.31711721698336415,0.20397312123716527,214.92721182497405
TRIP,20.0,False,TRIP,0.8041192606339909,0.21451306067870635,0.323974794190065,103.49119040663044
TRIP,20.0,False,CTALARM,0.7504129526842493,0.21553817881896914,0.49401663796956274,233.55301522591137
TRIP,40.0,False,TRIP,0.786100093710305,0.017949443003679455,0.6103929046067198,69.2889729372098
TRIP,20.0,False,CTALARM,0.7534554253063876,0.26730037564463766,0.4609998136422729,165.19300489852895
TRIP,20.0,False,CTALARM,0.6693038434075151,0.4967714983934237,0.5271764375740958,192.057182920942
TRIP,20.0,True,TRIP,0.8620400864660606,0.47935376298596705,0.1213287574071689,120.11144050336681
TRIP,20.0,False,TRIP,0.741116553190998,0.02019961442108159,0.6141854793837971,90.61222005682274
TRIP,120.0,False,TRIP,0.8944396535996555,0.3528985018147441,0.19300342853267743,50.474400361638054
TRIP,20.0,True,TRIP,0.890266948243386,0.1508824333484654,0.08986471483956099,254.21196107085115
TRIP,80.0,False,TRIP,0.7892980478033879,0.45149457670306836,0.6833710032384684,60.58177775799236
TRIP,20.0,True,TRIP,0.8790994535332015,0.022557372854639268,0.14114794781791268,105.16550082773207
TRIP,20.0,True,TRIP,0.8753163863167808,0.4679370510055403,0.09565637905458352,121.28715526194627
TRIP,20.0,False,CTALARM,0.727399021732474,0.41873787189388845,0.43821463007125055,163.57204691268123
TRIP,20.0,False,CTALARM,0.8542223945733389,0.05875219112630076,0.22320420464726667,252.92473183802412
TRIP,20.0,True,CTALARM,0.8991396479183539,0.029912168658649596,0.09334444362634531,154.06024847533396
TRIP,180.0,False,TRIP,0.8969243175970049,0.41735383216346794,0.4207847820511132,313.59370371677403
TRIP,20.0,False,CTALARM,0.7624743583813668,0.07787883548728969,0.5312896590555648,244.72283278326643
TRIP,160.0,False,TRIP,0.8899754929992694,0.26744907648793526,0.5552388619450096,301.8552178068648
TRIP,20.0,True,TRIP,0.8668083140480913,0.45787242893935476,0.10885882070859065,257.8874260791386
TRIP,60.0,False,TRIP,0.8297287512985895,0.28372405677466167,0.3898069475579595,53.50744794135586
TRIP,180.0,False,TRIP,0.8945866341915937,0.19861665073641205,0.5695748594770225,352.05382867107244
TRIP,60.0,True,TRIP,0.8920494381877846,0.2225080274269961,0.11276090799692966,283.1710556766116
TRIP,20.0,True,CTALARM,0.8846065718519162,0.03155858535193551,0.14537757623947242,206.1798367082445
TRIP,120.0,True,TRIP,0.9120018255449216,0.4843761606807994,0.0016879782021743338,59.48313866572542
TRIP,40.0,False,TRIP,0.8212979219562504,0.1553270925405414,0.36724390947670166,62.16503348843081
TRIP,20.0,True,CTALARM,0.8830780230841353,0.09468174583642691,0.13627718780336562,221.159222949651
TRIP,20.0,False,CTALARM,0.7610423829172797,0.14302365092019764,0.5069698030088293,149.83096788072407
TRIP,20.0,False,TRIP,0.5927416695282139,0.48218659744573944,0.673549698932324,243.30942018545247
TRIP,20.0,True,CTALARM,0.8809876904045957,0.0471430267440035,0.14612884229934917,134.07398096389295
TRIP,20.0,False,CTALARM,0.7181495607371389,0.43365152025059067,0.4543679082344728,184.62426172437418
TRIP,80.0,False,TRIP,0.8882206245148888,0.3539219472007239,0.14828412302095795,67.66489366702633
TRIP,120.0,True,TRIP,0.9102897532774064,0.41500958957951406,0.012604801285792798,55.87241194577757
TRIP,80.0,False,TRIP,0.808276556723134,0.48794877018394817,0.5309879359502093,27.232114931456618
TRIP,140.0,False,TRIP,0.8927436999546238,0.4210773277584359,0.30380327365562493,295.0701497634788
TRIP,20.0,False,CTALARM,0.6109912315169613,0.47169117563892643,0.6627508030602571,199.93905056867806
TRIP,180.0,False,TRIP,0.9019261177420953,0.06346762839545989,0.37400011750038387,340.9707743663984
TRIP,20.0,True,TRIP,0.8670327538582719,0.397894282583485,0.11023800828297878,269.8150612893581
TRIP,40.0,False,TRIP,0.8279111835579401,0.2728378470405239,0.31484210925809447,276.75473768981783
TRIP,20.0,True,CTALARM,0.8733339460278458,0.27174779753993034,0.14202425636421154,183.26103631092556
TRIP,160.0,False,TRIP,0.8820368425913192,0.4494607881602568,0.6146204908806021,293.5634171492342
TRIP,140.0,False,TRIP,0.8746579953500729,0.48590190932335564,0.4836322266212673,339.14284031297404
TRIP,20.0,False,TRIP,0.8178673926604467,0.3524191615215905,0.2388671632582925,259.8264908407576
TRIP,120.0,False,TRIP,0.8822140827979771,0.24146919473589196,0.3694742259649983,38.01201871932048
TRIP,20.0,False,CTALARM,0.7564983399633278,0.22820192895092267,0.4686361317491199,234.36714933126225
TRIP,60.0,False,TRIP,0.807689997152883,0.1931707286115909,0.5480004016517976,43.3559564067931
TRIP,160.0,True,TRIP,0.9084386667384745,0.18079951478633133,0.05610304690937918,27.80007207072042
TRIP,20.0,True,TRIP,0.9135893567930737,0.1957534208422157,0.01576318939667275,249.44414584173768
TRIP,120.0,True,TRIP,0.9070250689686493,0.04487661762559764,0.08011688801892286,300.52275549265386
TRIP,80.0,False,TRIP,0.8794614343645916,0.03871804263021911,0.27649741712079406,57.182936662571976
TRIP,140.0,False,TRIP,0.888380241897427,0.38993492193615586,0.3266946270574644,26.6934988677761
TRIP,160.0,True,TRIP,0.9076451897522243,0.22303644646011306,0.09552314114969386,319.1482419091358
TRIP,100.0,False,TRIP,0.8719183892620286,0.46534224427231025,0.2878071965297237,47.595361316712804
TRIP,160.0,False,TRIP,0.896530697916474,0.3061105042969762,0.30913595045328135,12.63099374774538
TRIP,20.0,True,TRIP,0.8970358552004387,0.017587991092209876,0.07636297457424068,259.57957275593606
TRIP,160.0,False,TRIP,0.8913842462005421,0.07876167065873974,0.6416619721370138,305.1775994743235
TRIP,20.0,False,CTALARM,0.7981003135295377,0.10290989650650378,0.4194021493113953,185.21040292712146
TRIP,40.0,False,CTALARM,0.8293896041275216,0.4878680121948303,0.27197487131939746,194.3730878737636
TRIP,20.0,False,TRIP,0.8107003047764803,0.10935211307581744,0.35483502843054465,121.2697845818563
TRIP,20.0,False,TRIP,0.8327004836589065,0.25787783814402565,0.2199382405281647,85.84675159184373
TRIP,40.0,False,TRIP,0.7060394511122541,0.46808846582009805,0.598031722151215,271.88354526321103
TRIP,140.0,False,TRIP,0.8830320528533697,0.4885963649571787,0.40251052909795254,305.74238692357534
TRIP,20.0,False,TRIP,0.8113901578289883,0.11818021769177228,0.3464270700754804,115.64811293947082
TRIP,20.0,False,TRIP,0.7354269093823527,0.024558821875020065,0.6376197821669183,98.57490655523449
TRIP,20.0,False,TRIP,0.7400996469752724,0.07680091626887925,0.5865857887638474,96.40501903621804
TRIP,140.0,False,TRIP,0.8848563311842134,0.031664239351279044,0.5689613239980945,18.214350488048204
TRIP,20.0,True,TRIP,0.8698816280219204,0.0975621205461682,0.1579264429622909,101.18700894253718
TRIP,160.0,True,TRIP,0.9053148908371342,0.2842848573518677,0.10718617802784974,9.234330108841803
TRIP,140.0,False,TRIP,0.8807300244259455,0.4562243981478209,0.48306756379892335,283.8267440886142
TRIP,20.0,False,TRIP,0.7921478622511908,0.26860944184717,0.3280495794389771,92.13365845114559
TRIP,20.0,False,CTALARM,0.7300494944022667,0.31299477834954037,0.4785988990697905,248.45586816649092
TRIP,20.0,False,CTALARM,0.7640851837599044,0.10093362580477055,0.5324390624777814,195.5478187946002
TRIP,140.0,False,TRIP,0.8988481536282176,0.40029181033692507,0.20671945514132564,301.4869067917915
TRIP,160.0,False,TRIP,0.9012722557919437,0.3088944542527916,0.19925530318596607,345.7363419205278
TRIP,20.0,False,TRIP,0.763565038690379,0.4320684145963624,0.34358209638072856,132.2249810864994
TRIP,120.0,False,TRIP,0.8906172925050062,0.47442155350289206,0.19148451946854814,31.802695160269376
TRIP,20.0,False,TRIP,0.758157363400071,0.17395038787829614,0.46710669321133963,269.8724751789322
TRIP,160.0,False,TRIP,0.893111890387177,0.045289529267719675,0.5227113121165017,7.668837431706015
TRIP,20.0,False,TRIP,0.8091945487142742,0.11296447895839123,0.33042726223727104,80.26680041504866
TRIP,160.0,False,TRIP,0.8904441737740706,0.2189207828379186,0.5066598359190503,19.17024065032987
TRIP,160.0,False,TRIP,0.8924996014711782,0.47284682591223665,0.3573062983495433,323.33341378313355
TRIP,160.0,False,TRIP,0.8910017066853688,0.18915491118670763,0.49901020537690643,1.9069494125660214
TRIP,20.0,True,CTALARM,0.8579831617119575,0.385386606832685,0.15747777345700772,177.38717940548347
TRIP,20.0,False,CTALARM,0.7302198198762653,0.2702383460853775,0.5171901321531294,152.63968577723284
TRIP,20.0,False,CTALARM,0.7714279977093125,0.09140438521548827,0.5005868164199124,234.98807923733023
TRIP,20.0,True,TRIP,0.8572398026890717,0.1603670594767258,0.18662399493442433,104.30787188492994
TRIP,180.0,False,TRIP,0.8995000934718033,0.32659594251140933,0.3891796937281225,314.530344169005
TRIP,20.0,False,TRIP,0.6689841880225613,0.33642669734244673,0.5987181675120811,264.3644669693016
TRIP,20.0,True,CTALARM,0.8640262249532306,0.21737987340452308,0.17466585288070727,155.62599335720384
TRIP,20.0,False,TRIP,0.7607449005304525,0.11432280133105732,0.5151858488102734,128.88944982451488
TRIP,160.0,False,TRIP,0.8826458759714246,0.36095338975633817,0.6677767020028209,293.7197690991304
TRIP,20.0,False,TRIP,0.7298558221528879,0.08443652080635738,0.6063693438302954,272.5417074728775
TRIP,20.0,False,CTALARM,0.7889293229702693,0.4683348459325633,0.2810640578761933,143.6400208886571
TRIP,20.0,False,TRIP,0.7911958042034688,0.09395178951823835,0.4250454130916969,122.89387053964579
TRIP,160.0,False,TRIP,0.887608358872208,0.05365618141626022,0.6942390939768927,13.999676278515171
TRIP,120.0,False,TRIP,0.879054012321611,0.2488238511826894,0.3979061879630029,29.414608358452426
TRIP,160.0,True,TRIP,0.906840758337975,0.259774799054847,0.0805193217012566,19.41064399952449
TRIP,160.0,True,TRIP,0.9085128279598358,0.2540964573891224,0.03180152834513263,8.789575085289654
TRIP,60.0,False,TRIP,0.8062423545753503,0.21833374466941974,0.5532201568208198,55.03405757068113
TRIP,160.0,False,TRIP,0.8966298413864948,0.49740744641480417,0.2965398277812923,308.57105436500694
TRIP,100.0,False,TRIP,0.8959468812760927,0.24314030633529093,0.1727690234404361,287.3373518721114
TRIP,160.0,False,TRIP,0.9030058347824332,0.2389732903699155,0.24337042146266288,304.40658521815095
TRIP,20.0,False,CTALARM,0.7404680181555295,0.21088303135728065,0.5301610065825165,224.5681301131699
TRIP,20.0,False,CTALARM,0.8315959090174403,0.03341287735073145,0.3256731349436804,224.66271644664118
TRIP,60.0,False,TRIP,0.7823983078879837,0.296478315574808,0.6079496447681135,44.615428759085994
TRIP,20.0,False,CTALARM,0.7595482861301566,0.11398388611159121,0.5144479121443895,251.62752731125923
TRIP,20.0,False,TRIP,0.6423941204957958,0.31880449011452494,0.6818099053117975,100.80950791337027
TRIP,20.0,False,CTALARM,0.751407450637936,0.025416730974238577,0.6219526367528903,186.9311987230324
TRIP,160.0,False,TRIP,0.9010065337550762,0.49069355062650083,0.1781830482502064,343.7001373683087
TRIP,180.0,False,TRIP,0.8988446951927246,0.2345025395063361,0.4613414629617873,313.4215419546338
TRIP,20.0,True,TRIP,0.9075045274039742,0.4483776857953492,0.014380124169700713,83.94966262648516
TRIP,20.0,False,TRIP,0.663836241761547,0.2377805866164674,0.6937747071007188,265.1942216521056
TRIP,160.0,False,TRIP,0.9054350277700524,0.030165409287110867,0.18270427616181759,37.47266998531599
TRIP,140.0,False,TRIP,0.8778676271937507,0.41110677304690346,0.4653565655365088,9.627294867851734
TRIP,160.0,False,TRIP,0.8834846433479189,0.32409186483356717,0.5944075348396957,10.142738921469668
TRIP,100.0,True,TRIP,0.8978186039456474,0.3908785237869726,0.11232526390958,61.28873431848445
TRIP,20.0,False,CTALARM,0.7119752231259737,0.21408493175443666,0.5935155399673354,250.18142475376547
TRIP,20.0,True,CTALARM,0.9043641052802598,0.31896837212332246,0.008571966053575696,130.7901216448867
TRIP,140.0,False,TRIP,0.8878548251704357,0.42811450189830375,0.30938399665978517,5.739278028009043
TRIP,160.0,False,TRIP,0.8952567804087161,0.31553272143594374,0.3304263357717969,355.6881472956631
TRIP,20.0,False,CTALARM,0.8395192230869237,0.17383681741795165,0.26186349928111513,192.01622516351753
TRIP,20.0,False,CTALARM,0.7562803203668249,0.3312647971830999,0.4104693224103498,141.79687744007433
TRIP,20.0,False,CTALARM,0.6668756312763546,0.33592709430703366,0.6403896440918424,186.7859622175793
TRIP,20.0,False,CTALARM,0.8156775688722698,0.4802934812533125,0.22889238001020235,187.18952754907795
TRIP,20.0,False,CTALARM,0.7891346353492873,0.1854561607708346,0.4054819210164969,169.28516775347774
TRIP,20.0,False,CTALARM,0.7116579374387364,0.2125408837570656,0.614223768020326,220.66160560738948
TRIP,180.0,False,TRIP,0.8922844878826816,0.4060614805935296,0.5410967765709647,318.82558315259035
TRIP,20.0,True,TRIP,0.9093653549809815,0.2528811573713706,0.028513285363847195,108.61692914775115
TRIP,20.0,False,CTALARM,0.6470292504733245,0.3682865465578665,0.6599535348893636,175.3087042245464
TRIP,160.0,True,TRIP,0.9084216782734202,0.22985473222679603,0.03265283298102891,1.3118386308367302
TRIP,160.0,False,TRIP,0.8981280321011298,0.10774757090635023,0.4121309320620307,309.5331412745529
TRIP,20.0,False,TRIP,0.7454317440427829,0.3726019213905054,0.4027475342206153,110.12540000872185
TRIP,20.0,False,TRIP,0.753324246273471,0.06557758459235496,0.5504731614916212,97.6668833982128
TRIP,160.0,True,TRIP,0.9061803739108418,0.09929183176565404,0.10391013629428436,359.11338091597247
TRIP,20.0,True,CTALARM,0.875780462379745,0.3134124913921043,0.12555927444389264,210.38145794826767
TRIP,80.0,False,TRIP,0.8221741057807311,0.3736349000960349,0.5264748529168523,44.2955686107565
TRIP,20.0,True,TRIP,0.8679939124516354,0.4473439434339075,0.10465332668813755,95.58898916168556
TRIP,20.0,False,TRIP,0.8166043412903894,0.13629324870794585,0.32861158894594766,127.16157177587209
TRIP,180.0,False,TRIP,0.8983785004457808,0.055362129300277174,0.5121536631476523,354.98161723343543
TRIP,20.0,False,CTALARM,0.7049952347366688,0.47802332976131456,0.4558693501478768,155.02380404934885
TRIP,20.0,True,TRIP,0.8693790825142395,0.07721154401107122,0.14742293027916661,82.84823578541126
TRIP,20.0,True,CTALARM,0.8610988789140488,0.09883349112731976,0.2127721810802599,205.10314826861418
TRIP,20.0,False,TRIP,0.7045403135925807,0.14566472677923287,0.6782824322687286,145.71347690052374
TRIP,140.0,False,TRIP,0.8916241051045259,0.2646956770131437,0.3140694341084187,19.785739731073356
TRIP,140.0,True,TRIP,0.9095061047067887,0.441412783017039,0.031120233505466374,309.9310604835572
TRIP,160.0,False,TRIP,0.9025860071809152,0.38027301136493347,0.15370942962643283,5.647509821989409
TRIP,180.0,False,TRIP,0.9036567404462024,0.35407877692131756,0.23970456276328636,323.4541088683716
TRIP,80.0,False,TRIP,0.8328346311563787,0.08759028392800183,0.6996425830062101,285.0691332966488
TRIP,140.0,False,TRIP,0.8988620268521368,0.17884131576298712,0.21188408323384303,27.296355651268
TRIP,20.0,True,TRIP,0.9116683778078859,0.23920246304333898,0.01847709414778148,260.4999880126994
TRIP,40.0,False,TRIP,0.8363534861440954,0.07371297674279292,0.35904510428873515,277.5390055701548
TRIP,20.0,True,CTALARM,0.9062363247490857,0.13671485106333625,0.05852376948178394,216.8305464343264
TRIP,20.0,True,CTALARM,0.8634780719191545,0.15416660197642212,0.19184731908700528,207.9614880562044
TRIP,140.0,False,TRIP,0.8785242302948595,0.06363809916451962,0.6946682232657574,17.88732944927066
TRIP,140.0,False,TRIP,0.8814381697222065,0.2751198459541288,0.49324696325110806,21.41869385620172
TRIP,20.0,True,TRIP,0.9032191437940719,0.35251409826209645,0.035466640498009246,261.82391394085084
TRIP,120.0,False,TRIP,0.8910334659124465,0.034965815738430606,0.31408070301425717,38.00346441080754
TRIP,20.0,True,TRIP,0.8715140420745456,0.24056155088157488,0.1201462588401945,87.06387625433192
TRIP,20.0,True,CTALARM,0.8888334465770268,0.3911055976338975,0.08606125948148488,179.58117377640914
TRIP,60.0,False,TRIP,0.8169205925195282,0.37399506447622344,0.41094578934416137,59.09892250056537
TRIP,100.0,False,TRIP,0.8701564323374456,0.40753654810937706,0.35395912274815095,284.3422417980092
TRIP,140.0,False,TRIP,0.8863115388684398,0.22412031658530351,0.5200066090208557,290.6560885604719
TRIP,160.0,False,TRIP,0.8818924838394501,0.41027854131993036,0.6246143597623017,303.1715560539211
TRIP,180.0,False,TRIP,0.9065580613953943,0.12037653560713474,0.17267730020216335,17.844523478893784
TRIP,20.0,False,CTALARM,0.7074995040148688,0.18040528070875766,0.6460943906587779,154.03433804410477
TRIP,160.0,False,TRIP,0.9005418649526626,0.08817778820890065,0.3625942407878668,304.8903621771609
TRIP,20.0,True,CTALARM,0.857498679256609,0.2337422697142859,0.181184442729582,130.75898051041162
TRIP,20.0,False,CTALARM,0.716970817605123,0.19603001120772162,0.5920500866718265,250.4953361962881
TRIP,20.0,True,CTALARM,0.9041102343349985,0.1204635582071561,0.02487094262031575,212.12852550840344
TRIP,20.0,False,TRIP,0.7520132636404508,0.3758903546153908,0.39165656423107237,124.9951020145843
TRIP,20.0,False,TRIP,0.7509911597917283,0.1569233860558233,0.5051350745209766,99.50573847255255
TRIP,20.0,True,CTALARM,0.8602573321205259,0.13640216507291786,0.19598438100930027,234.98751315578642
TRIP,60.0,False,TRIP,0.8131859337231861,0.06544516542524753,0.6044443422942525,48.10468932104292
TRIP,160.0,False,TRIP,0.9056565337981897,0.21941085090097434,0.1681991943505894,309.6441068715931
TRIP,20.0,False,CTALARM,0.7363559445572563,0.151482314418651,0.5879119979122174,207.51963878905323
TRIP,140.0,True,TRIP,0.9076508619877335,0.1846364206704843,0.05498147468272006,40.141261845302104
TRIP,20.0,True,TRIP,0.8846091777198027,0.11799863131027633,0.1119493143079019,253.2699522696109
TRIP,20.0,False,CTALARM,0.8094196670743368,0.3815777449099502,0.26668920873133567,155.20051795767083
TRIP,80.0,False,TRIP,0.8054108567313272,0.4650016736773587,0.5978388589587255,73.46930953074325
TRIP,160.0,True,TRIP,0.9058245086526906,0.24896592639444382,0.1012097555887477,345.9849454529518
TRIP,20.0,False,TRIP,0.6701511625174178,0.3214992116704163,0.612806767855969,259.0732026051932
TRIP,20.0,False,CTALARM,0.8510338604463983,0.433586138303353,0.16081206862895558,213.4777043980786
TRIP,160.0,False,TRIP,0.8957676678719132,0.4994148186668293,0.3167558790161701,305.5921851813702
TRIP,20.0,False,CTALARM,0.8295772339633805,0.30675824236491606,0.2469140829822364,195.79312435757495
TRIP,20.0,True,CTALARM,0.8868594823787695,0.44488973326993436,0.08268835863016648,158.9294204398454
TRIP,60.0,False,TRIP,0.7486538869742484,0.454304123277821,0.661016817663398,68.20086954985499
TRIP,100.0,False,TRIP,0.8732974103053159,0.39572574390381116,0.3067248035265494,55.220553042544324
TRIP,20.0,False,CTALARM,0.7522080406109849,0.2304656955365551,0.4832318829493361,155.50895389386537
TRIP,20.0,False,CTALARM,0.8100560094437782,0.040577000211949654,0.40268737366482177,164.15084844990568
TRIP,20.0,False,TRIP,0.8192086774046924,0.007902777720066922,0.35120114179654516,263.9925018830618
TRIP,20.0,False,CTALARM,0.7695256835907872,0.2386003166414623,0.43160433648979424,159.1506036132755
TRIP,20.0,False,CTALARM,0.6979264598280708,0.24715726676730887,0.6288396143417002,213.5373122035504
TRIP,160.0,False,TRIP,0.8944825205887599,0.20368119393148615,0.48951866298587665,299.7066686674486
TRIP,160.0,False,TRIP,0.8940078967016952,0.28408367564568227,0.37273605561865475,357.60049038379503
TRIP,20.0,False,TRIP,0.7480637729481172,0.27608135165221354,0.4516301724661834,116.10911345446169
TRIP,160.0,False,TRIP,0.8899045877950488,0.4183065205163465,0.42447599635631506,324.70360694221273
TRIP,120.0,False,TRIP,0.8954732045256703,0.054328551631131206,0.30318484524041917,290.1783138672956
TRIP,160.0,False,TRIP,0.8953778691011595,0.11258883305277273,0.4373348070913152,24.48240851503911
TRIP,20.0,False,TRIP,0.7829906174410419,0.3965024894798152,0.3104988601149145,120.29721510740086
TRIP,60.0,False,TRIP,0.7873689613237512,0.4239184336118273,0.5303300645103386,78.85546554037802
TRIP,20.0,False,TRIP,0.5872210539367908,0.4974121068104339,0.6782387384655998,239.1783380722793
TRIP,20.0,False,CTALARM,0.6184634009806602,0.4364560081935421,0.6719057502480604,199.90768903836775
TRIP,20.0,False,CTALARM,0.6599574341422821,0.4449495035361655,0.5745150504974863,178.14637893223932
TRIP,20.0,False,TRIP,0.7746373757053264,0.15717397131495242,0.4212312279416396,274.8829549707279
TRIP,20.0,False,TRIP,0.7388380149528184,0.2008308170046882,0.5245323916495184,119.99113049231403
TRIP,20.0,True,CTALARM,0.8841159587656542,0.13404255241027552,0.12463380668028806,137.79082639917561
TRIP,160.0,False,TRIP,0.8975138918651442,0.3031496990963578,0.3353129201197458,311.6282213611617
TRIP,160.0,False,TRIP,0.9008058854102766,0.4694026771035192,0.18011333549395503,349.9950633336024
TRIP,40.0,True,TRIP,0.9127658011022026,0.17232044325580886,0.0024464867765429665,279.4886426764196
TRIP,40.0,False,TRIP,0.7264972796650517,0.2785008909407251,0.6767163022704532,78.14555091980145
TRIP,60.0,False,TRIP,0.8026158588819199,0.14814981522674253,0.6046939932962889,40.554587578985036
TRIP,40.0,False,TRIP,0.8335359130370513,0.08489998688635375,0.3595890329289487,75.31385319568872
TRIP,20.0,True,CTALARM,0.8708236984774531,0.09759276490932783,0.17790660168330474,152.1940914082427
TRIP,20.0,False,TRIP,0.7752804273085673,0.02897267226906497,0.48508264713946564,85.21092998914976
TRIP,160.0,False,TRIP,0.8952342442325453,0.4746467615046287,0.3043607591849492,324.37481330592425
TRIP,20.0,False,CTALARM,0.728256369194136,0.2014398042538148,0.5623446733958896,241.46024463627847
TRIP,20.0,False,CTALARM,0.6086953797136072,0.4170604460010541,0.6996626771266645,150.02252812188507
TRIP,20.0,False,TRIP,0.8163311453623112,0.34066473634484556,0.24435782524290903,98.57222383016189
TRIP,20.0,True,CTALARM,0.8713398104349266,0.0959605807055427,0.1710821304346334,137.03796185074717
TRIP,20.0,True,CTALARM,0.8699362423996031,0.08773112328954391,0.18716774215633075,171.37821433202288
TRIP,20.0,True,TRIP,0.8896037514650951,0.4059941007552724,0.06534237197647037,256.9760467832623
TRIP,140.0,False,TRIP,0.8967608878715829,0.13235585530976868,0.2758323375501087,32.162960962396404
TRIP,140.0,True,TRIP,0.9113210714444069,0.4566425918509879,0.012197536901836514,305.57985832402045
TRIP,140.0,True,TRIP,0.9074478361882419,0.07002770234474531,0.08007689018089292,45.921611206864796
TRIP,20.0,False,TRIP,0.8383233906598873,0.33885430722723475,0.1901870230908692,94.48202951007765
TRIP,160.0,False,TRIP,0.9044400594563502,0.40723693801546695,0.1119039431366365,357.6923624781302
TRIP,40.0,False,TRIP,0.7940227414715079,0.1176281942078225,0.5125113696505076,68.47510825593041
TRIP,140.0,True,TRIP,0.9065658259739995,0.13810368172828302,0.07392335360753022,36.411187603084436
TRIP,20.0,False,CTALARM,0.6296761862689624,0.48225944306960083,0.6061958735171672,229.8259086907674
TRIP,20.0,True,CTALARM,0.8749371443864051,0.13229880267307914,0.154780152597667,141.52646874644097
TRIP,160.0,True,TRIP,0.907915417503783,0.2149785249500239,0.07601343188009738,33.06075633666313
TRIP,160.0,True,TRIP,0.909427735103808,0.21625779662118305,0.0070746511018809684,1.3472742056562126
TRIP,120.0,False,TRIP,0.8764308615144629,0.12651737496484178,0.5006435030255024,28.49816749733201
TRIP,20.0,False,CTALARM,0.8482335019640632,0.38789554321854525,0.1796317221569794,188.1848083578864
TRIP,40.0,False,TRIP,0.8016814074856438,0.3859246716145776,0.35664902359644235,83.12146024713923
TRIP,40.0,True,TRIP,0.8940000608183851,0.18915900711189282,0.07813123267050902,279.91876835482196
TRIP,160.0,False,TRIP,0.8778344196712377,0.41756289554036685,0.6897071462653744,308.7031079058275
TRIP,120.0,True,TRIP,0.9052778696421843,0.10653746719950119,0.0877693173489687,52.13988637750596
TRIP,20.0,False,TRIP,0.8412617087931616,0.002152887833839323,0.28834814864931474,121.32715346440925
TRIP,60.0,False,TRIP,0.7882083652248398,0.2855836810278705,0.5961546516341261,52.76668516855109
TRIP,20.0,False,TRIP,0.8336095209816096,0.49703888622618925,0.17142086393628475,103.20937328950099
TRIP,20.0,True,TRIP,0.8620001336698685,0.019322154913442302,0.18688024974232137,86.11359075020567
TRIP,60.0,False,TRIP,0.8215549355730397,0.10399903685423029,0.565949661123513,283.2713643373871
TRIP,20.0,False,TRIP,0.8505957320525195,0.2594573212435421,0.1913377600344089,124.37268408506384
TRIP,20.0,True,CTALARM,0.8943374141691496,0.4049703682224353,0.002009917766369085,178.4033275479035
TRIP,20.0,False,CTALARM,0.8351679749692293,0.04452100253752661,0.29953960434296484,242.60223797027334
TRIP,120.0,True,TRIP,0.9117646168569443,0.19761732687944716,0.008774646774932492,296.0123936947872
TRIP,20.0,False,TRIP,0.6436048137946949,0.37353790031494316,0.6368545986805567,108.43527251608265
TRIP,40.0,False,TRIP,0.8019448726800442,0.18577160420318078,0.4492692569254546,75.3194403734469
TRIP,180.0,False,TRIP,0.9004975508769084,0.09441821023781949,0.4081099863548695,352.24321455211236
TRIP,20.0,True,TRIP,0.8773973444037122,0.09774791369829366,0.14111265760365416,115.25311607309891
TRIP,20.0,False,CTALARM,0.7523493470910612,0.20502439345749712,0.4899623298000454,241.5845157051152
TRIP,20.0,False,CTALARM,0.7500228350134083,0.23970853740294557,0.474078250574842,244.02277464400953
TRIP,20.0,True,CTALARM,0.9068850071108967,0.430907208908007,0.042324501747755455,185.05060041583477
TRIP,40.0,False,TRIP,0.7345614394359599,0.32112620928399677,0.6165925715674008,82.24108037444051
TRIP,80.0,False,TRIP,0.8451215726484209,0.34520097725775073,0.4055893540508638,50.92467154350344
TRIP,20.0,False,CTALARM,0.6567900577203273,0.4914935857679535,0.5547268167270271,175.32581216919522
TRIP,20.0,True,CTALARM,0.8630220099540363,0.20592172015048688,0.18403985049019095,183.9346332160957
TRIP,40.0,True,TRIP,0.8924063441929331,0.20167720162456415,0.0854334598274179,278.41203243892716
TRIP,20.0,False,TRIP,0.6827013415723912,0.46167348386290613,0.4917147012307492,255.54003982278965
TRIP,180.0,False,TRIP,0.8971206848330201,0.12293779350252931,0.5557178803786135,328.334860380912
TRIP,160.0,False,TRIP,0.897287365896709,0.3649076231514333,0.27022347353350396,349.5098022795474
TRIP,20.0,True,TRIP,0.910879239204945,0.3772865691090673,0.016584592721417865,262.0264774318347
TRIP,140.0,False,TRIP,0.8848058476187971,0.04889399872272154,0.5727778172577052,27.544049578891222
TRIP,20.0,True,CTALARM,0.8727777030642699,0.234115702846792,0.14426573443130847,145.84259131815693
TRIP,20.0,False,CTALARM,0.8522881138335383,0.10028123566077701,0.23732235932824172,219.16885314264584
TRIP,20.0,False,CTALARM,0.7925832680326039,0.09268763640124283,0.4397617054439911,212.47022572198472
TRIP,100.0,True,TRIP,0.9050032019739828,0.2319140552314381,0.0699683034479119,65.31976289901534
TRIP,20.0,True,CTALARM,0.9092724188550679,0.14471485375403248,0.0503970362969242,209.8601026023137
TRIP,20.0,True,CTALARM,0.910881151620941,0.39803022381293546,0.01799264010269198,125.88498283731988
TRIP,20.0,False,TRIP,0.6173454546161128,0.4538024456952412,0.6416479021676188,122.01366414373774
TRIP,140.0,False,TRIP,0.8982369281385271,0.4013603026441828,0.21796792098805895,300.24252190844504
TRIP,20.0,False,CTALARM,0.7773839632261341,0.13301543631083262,0.46246117058199226,151.8959371205592
TRIP,20.0,False,CTALARM,0.7068601142684152,0.13706719684430418,0.6924646743124195,189.86254346320294
TRIP,20.0,False,CTALARM,0.7789840389283296,0.1273641750587337,0.4686155554933604,202.63422997241236
TRIP,20.0,False,CTALARM,0.8179420604346048,0.06751904802811803,0.367566357099326,202.67884074658184
TRIP,60.0,False,TRIP,0.8219610568032245,0.4718991840518556,0.36464395346206696,76.72374496201395
TRIP,20.0,False,CTALARM,0.8345963905472495,0.20102389907853468,0.2638420039188862,215.80321073364254
TRIP,20.0,False,TRIP,0.7897594204041932,0.11234473727293687,0.4198457591685597,120.46449921988305
TRIP,20.0,False,CTALARM,0.6169166526854805,0.42333552525412177,0.671153972681993,235.80730605462105
TRIP,60.0,False,TRIP,0.8082362903710619,0.19959765132889523,0.551630823588817,52.451135627661756
TRIP,160.0,False,TRIP,0.9004974249463568,0.01755840555483329,0.2969586319232662,357.881614068121
TRIP,40.0,False,TRIP,0.8632452874249061,0.08097078512481559,0.23271138032277325,277.9355849232224
TRIP,20.0,False,CTALARM,0.6767755098650263,0.319625170178085,0.6184720707361849,150.2105160543507
TRIP,20.0,True,TRIP,0.877628511428963,0.391452637085862,0.09505007793861565,108.48666631114186
TRIP,20.0,False,TRIP,0.7392428525635475,0.10546719424435647,0.5947096798750112,139.6087325344245
TRIP,20.0,False,TRIP,0.8329903287836034,0.4586977946330711,0.17855373293963264,259.634978198595
TRIP,20.0,False,CTALARM,0.6936872848657758,0.4254985600260822,0.5009404650431424,235.94680785044346
TRIP,20.0,False,TRIP,0.6599463264547489,0.42419037703054047,0.564354406542381,252.75330432021147
TRIP,180.0,False,TRIP,0.9034961476287644,0.11383057339960706,0.3338975620844308,320.03971036255416
TRIP,20.0,True,CTALARM,0.8881953872821149,0.025267994325028853,0.13459878329959202,164.26628147174736
TRIP,20.0,False,CTALARM,0.6483420062675018,0.43371176974129183,0.5913374204236628,241.0276134411593
TRIP,20.0,False,CTALARM,0.8418374785007198,0.1529001143692837,0.25725584153732034,158.9428637855526
TRIP,20.0,False,CTALARM,0.8349629709278981,0.30945819058676294,0.22447618233776348,229.71530812315555
TRIP,20.0,False,CTALARM,0.7720859781539559,0.37998344185036503,0.3570113276474077,170.93650930666098
TRIP,40.0,False,TRIP,0.8481597367599776,0.06414662925556008,0.30456036877274234,279.5989058416415
TRIP,140.0,False,TRIP,0.8775864382204452,0.39041917725952396,0.4781365519271069,1.8936443821438953
TRIP,40.0,True,TRIP,0.8795828569303163,0.4692557294805329,0.09603846586086576,77.65594408432146
TRIP,20.0,False,TRIP,0.7886212997908641,0.3641874828732045,0.30498275783351103,106.71754505876804
TRIP,180.0,False,TRIP,0.8928142219557,0.22061137424027905,0.6241912678576428,340.34202225040184
TRIP,20.0,True,CTALARM,0.9056165485919853,0.43833906937585143,0.025243896607807813,182.53663666809044
TRIP,20.0,False,TRIP,0.8026201635982632,0.2637288150362795,0.32013683320732844,131.16667679933084
TRIP,20.0,False,CTALARM,0.7255701193431954,0.37238546390837707,0.4623723764696471,145.55236162092186
TRIP,20.0,False,CTALARM,0.6478957748001195,0.41025297192930205,0.6213977609293897,162.65602203571305
TRIP,180.0,False,TRIP,0.8979283090018616,0.374676430849503,0.415650358853223,312.4189404410296
TRIP,180.0,False,TRIP,0.8954983114475592,0.14392743802407698,0.57713898986753,346.4409116448496
TRIP,140.0,True,TRIP,0.9052655837918313,0.05892195045291554,0.1558837132715005,303.899270306483
TRIP,140.0,False,TRIP,0.9006703357232779,0.11916926468103006,0.24696660535950166,302.99643483082144
TRIP,40.0,False,TRIP,0.7356410214260027,0.2514374684901766,0.6594925917496298,71.64543994396604
TRIP,20.0,False,TRIP,0.6867819653782734,0.2526384611465479,0.6201825791648804,96.72410583441192
TRIP,20.0,False,CTALARM,0.7753994964543165,0.2913221746572688,0.39056708788209316,214.57770500091567
TRIP,20.0,False,CTALARM,0.8086453896804907,0.19755091877394543,0.33284183645639165,236.20946883887194
TRIP,60.0,False,TRIP,0.8398001302655644,0.39344569072501384,0.3157471740181209,72.97393444058928
TRIP,20.0,True,TRIP,0.8971665451355837,0.4565768751736039,0.041152763096911224,268.66147418874624
TRIP,40.0,False,TRIP,0.7687250427629297,0.12336252673973563,0.6246639727695967,71.98687905105125
TRIP,40.0,False,TRIP,0.7397362651063308,0.368261608850944,0.5727046558907348,94.6838327721891
TRIP,20.0,False,TRIP,0.7874356353270181,0.33898592627252233,0.31937580130950693,110.44639367337983
TRIP,140.0,False,TRIP,0.9011842795629028,0.2615452496396575,0.19560798090363138,304.55690993651416
TRIP,20.0,False,TRIP,0.8441509513403549,0.09426511693708012,0.24004442449857136,263.550202873518
TRIP,20.0,True,CTALARM,0.8883547937011071,0.39761612929135476,0.08621241011102262,191.0467568607053
TRIP,160.0,False,TRIP,0.8868374586842206,0.48031314281441634,0.5052528189140058,295.10974732856226
TRIP,140.0,False,TRIP,0.8890374699304522,0.3609181661168067,0.38966889958840034,292.65416904093246
TRIP,20.0,False,CTALARM,0.8456432875030612,0.458929998312867,0.16387239597742645,140.33991454154042
TRIP,140.0,False,TRIP,0.8833466341714582,0.49209263247399987,0.43610390045438274,281.3174234954712
TRIP,40.0,False,TRIP,0.745596458793703,0.1760253371196191,0.6854611499784823,74.24739792059671
TRIP,20.0,True,CTALARM,0.8924767906814248,0.31911177646316846,0.08567659483332543,181.16238598398334
TRIP,120.0,False,TRIP,0.8863736470969351,0.23696636881903899,0.3209395074377294,42.56702293992133
TRIP,20.0,False,CTALARM,0.7552848424352255,0.49331437343161505,0.34591117464548865,153.64601481285288
TRIP,20.0,True,CTALARM,0.8930257509599488,0.04690391200386246,0.11675804967666169,187.33167711618862
TRIP,140.0,False,TRIP,0.8903910050853304,0.2061874571486123,0.37210614769812034,28.770608849785297
TRIP,20.0,False,CTALARM,0.7298047005095143,0.4377695222636181,0.424184080983663,166.54059422342996
TRIP,20.0,True,CTALARM,0.8873616740901968,0.14202565526325772,0.1101411771729467,234.6013954656479
TRIP,20.0,True,CTALARM,0.8767256645129262,0.39389642531943636,0.10830672930621348,221.07176450810562
TRIP,140.0,False,TRIP,0.8786805562599037,0.19139158139012785,0.5994441009436292,19.56739964078052
TRIP,140.0,False,TRIP,0.8948025899817416,0.48998926994507913,0.2179712056690314,34.32228692695239
TRIP,20.0,False,TRIP,0.7152962899953684,0.44176491821185376,0.4412333709550416,126.48824854385077
TRIP,140.0,False,TRIP,0.8909311057976398,0.15066017883130767,0.4387411529726499,303.36686024979804
TRIP,180.0,False,TRIP,0.8914752238231908,0.38509655676892757,0.5874196129078445,313.1121791402505
TRIP,20.0,False,TRIP,0.7465999570983203,0.16842827191663434,0.5179262418620664,111.46063309485336
TRIP,20.0,False,TRIP,0.6858577995441761,0.30318142010776755,0.5884035034067945,258.8011506869243
TRIP,20.0,False,CTALARM,0.7496126124586683,0.329240384196646,0.43765035275546593,207.86061324659153
TRIP,160.0,False,TRIP,0.8943396093682476,0.4147977045428525,0.31462001235979575,354.0320131533957
TRIP,140.0,False,TRIP,0.8984971358902004,0.01222542044100744,0.27549656491915225,34.07180842428902
TRIP,20.0,False,CTALARM,0.8444837255409585,0.11007894557614983,0.26532083666300504,197.23706720649176
TRIP,40.0,False,CTALARM,0.8358439243815765,0.35595890529428936,0.29287516853641044,213.31355359365136
TRIP,20.0,True,TRIP,0.8853666219366108,0.28176161848476866,0.09051647650763922,110.7606855424018
TRIP,160.0,False,TRIP,0.8980923015308739,0.24780253910057154,0.2967708597022169,16.90316909692948
TRIP,160.0,False,TRIP,0.9015621952256481,0.027604978353990228,0.27261143504183477,18.75763284761737
TRIP,20.0,True,CTALARM,0.9015198315978974,0.1741379417307281,0.02420016432276203,163.30249951222973
TRIP,20.0,False,TRIP,0.831137240005388,0.43255011595532417,0.192591528728438,249.2905641998109
TRIP,20.0,False,CTALARM,0.7721611775375714,0.015446418518016092,0.5263348823181517,252.06328288912587
TRIP,40.0,False,TRIP,0.8083909906612776,0.19821811768240605,0.4045618999867377,65.1491458998567
TRIP,160.0,False,TRIP,0.882560499902925,0.4725741438353863,0.5643172477292211,308.8699707620831
TRIP,20.0,False,CTALARM,0.8151621163843515,0.025440367272507314,0.3798816310665354,135.77847334910817
TRIP,160.0,False,TRIP,0.8816108685810158,0.3748528755223184,0.5978586358326872,347.1724447100704
TRIP,60.0,False,TRIP,0.8130771395685825,0.12880630809101823,0.5572469697212017,42.537468393229254
TRIP,140.0,True,TRIP,0.9078947917218148,0.43330441607683623,0.06879919909957298,301.12369150877345
TRIP,180.0,False,TRIP,0.8874461219689773,0.3730339894796825,0.6839044576111947,327.00173516836117
TRIP,120.0,True,TRIP,0.9116216453971642,0.44285258542918143,0.01032321283093015,296.1631894117433
TRIP,120.0,False,TRIP,0.8870836292064377,0.107962395215633,0.41778662655073295,291.18281083188623
TRIP,20.0,False,TRIP,0.7137994679431897,0.26564637740930247,0.5547580565217336,130.07160554578022
TRIP,20.0,False,TRIP,0.8165582784315333,0.38963497178740036,0.23232589789563238,256.8035184195503
TRIP,20.0,False,CTALARM,0.7948228866277841,0.12284987149749049,0.4189988546080105,208.56476376406815
TRIP,20.0,False,CTALARM,0.8459912495478521,0.11537315263360848,0.2534857715932138,152.81248731523863
TRIP,160.0,True,TRIP,0.9083816341186577,0.013591066748792513,0.04243048250525133,357.5202105793247
TRIP,20.0,True,TRIP,0.913963849371807,0.47925764698772616,0.005923063362531632,104.56369853224317
TRIP,20.0,True,CTALARM,0.8972102766573434,0.3550084400273117,0.06640342107783181,148.7318479876023
TRIP,160.0,True,TRIP,0.9079540592826684,0.3177801770050924,0.06888671588403275,325.0299734417223
TRIP,20.0,False,TRIP,0.7336897265143651,0.37199736134749545,0.42762284417562496,104.04298047465869
TRIP,60.0,False,TRIP,0.8360112789732617,0.2658064593477197,0.36810566167375924,54.965211166273605
TRIP,20.0,False,TRIP,0.8039499747152735,0.23806691054520518,0.31882431012119944,111.59990988101463
TRIP,20.0,False,TRIP,0.7403539312323835,0.22476612056176043,0.4843450329216923,273.35220375664477
TRIP,140.0,True,TRIP,0.9107587193008573,0.32021960605182065,0.011778295908713876,309.5474434928158
TRIP,140.0,False,TRIP,0.9018977218676245,0.1007674876961916,0.18968843699101162,41.20019554405
TRIP,20.0,False,CTALARM,0.671356492163277,0.44402934750743484,0.5441749119013395,223.81656518693757
TRIP,20.0,False,CTALARM,0.6443206271682018,0.40587618560963257,0.6369839745619829,204.22328601410746
TRIP,20.0,False,CTALARM,0.8195428161470448,0.17478180572601693,0.3068356173663071,240.76720278481145
TRIP,20.0,True,CTALARM,0.8996041179612543,0.2893046484062622,0.05703878609692645,241.58029360564655
TRIP,180.0,False,TRIP,0.8971764380554882,0.07051364997500731,0.5591101174599415,345.4082892959502
TRIP,20.0,False,TRIP,0.619115636449823,0.486173123966799,0.6196193032909135,124.75051503362614
TRIP,20.0,False,TRIP,0.7818441838202448,0.45144634381514176,0.2895621894856036,107.91609182488037
TRIP,20.0,False,CTALARM,0.8445473470335184,0.4609487532496002,0.1703486777441939,209.24110289585707
TRIP,20.0,True,CTALARM,0.9049251669371305,0.1660815238517258,0.030780167756061703,154.59064532591822
TRIP,20.0,False,CTALARM,0.8016592601387049,0.08456735369142787,0.41375797532639913,170.55153803252819
TRIP,140.0,False,TRIP,0.880134271239838,0.10588608173315517,0.6369086433937494,24.939717661617404
TRIP,60.0,False,TRIP,0.8358568124859548,0.04500069552254493,0.4745216178642279,53.36718370329348
TRIP,180.0,False,TRIP,0.9058075665344439,0.06005531505069217,0.22207401852631403,336.73497717343025
TRIP,140.0,False,TRIP,0.8901520725232265,0.035652267092422696,0.45002182700297677,24.584922601243825
TRIP,20.0,False,CTALARM,0.6413595467101305,0.49491153460243675,0.5824478852136178,212.4524133650235
TRIP,20.0,False,TRIP,0.8190794833708583,0.037028841684536795,0.3330810415446205,271.64701044644045
TRIP,160.0,False,TRIP,0.8910192483866651,0.06627104047570681,0.5738239429984869,4.270870238697899
TRIP,40.0,False,TRIP,0.8240003350681058,0.4136272977953682,0.2743367736664479,80.18933325601853
TRIP,20.0,False,CTALARM,0.8287931332605073,0.29012010837147156,0.24395397501703944,135.74593110577925
TRIP,20.0,False,CTALARM,0.7492560605126155,0.3872086022846662,0.4080920381149878,182.45428094472067
TRIP,20.0,False,TRIP,0.791035530434306,0.3154560038863275,0.3252804923861369,122.97430611203775
TRIP,20.0,False,CTALARM,0.6051879560428587,0.441087535164474,0.6839783443227582,233.639732933658
TRIP,40.0,False,TRIP,0.8090292597540618,0.3192337638823703,0.3614725964697223,81.50310621025656
TRIP,180.0,False,TRIP,0.9025641379590201,0.26106254645157545,0.2696204202412151,9.17385711444684
TRIP,180.0,False,TRIP,0.9012489915544578,0.35637484688064985,0.27645348018997534,0.5655782945714938
TRIP,20.0,False,TRIP,0.7848123258042132,0.22369637589605473,0.38355796542918164,124.38432430186832
TRIP,20.0,False,CTALARM,0.8394281480857806,0.17303191145236735,0.24843842660573676,130.19860770992898
TRIP,180.0,False,TRIP,0.8959965455693538,0.23382622622510624,0.5060346213754552,341.4974822591558
TRIP,160.0,False,TRIP,0.9011349104116152,0.08485705254928033,0.2664640493911486,16.12105650728507
TRIP,20.0,False,CTALARM,0.8079454537630584,0.3982858649013457,0.26890107056767015,190.82342164866517
TRIP,20.0,False,CTALARM,0.7897051911942339,0.13035189066797231,0.43188127456376324,208.01279313498466
TRIP,20.0,True,TRIP,0.9071704235128969,0.07676577316852373,0.042592810887206976,251.73900428317904
TRIP,20.0,False,CTALARM,0.7799184563745067,0.1231761208916134,0.4587484426806023,229.9444560506378
TRIP,140.0,False,TRIP,0.8849762760213155,0.4210350758861199,0.353480552011081,2.930217740619425
TRIP,20.0,False,CTALARM,0.8195440868487981,0.16510064779886569,0.3171182800006491,227.4687624272442
TRIP,20.0,False,TRIP,0.7109428976576853,0.3430249347529501,0.5034770934955659,116.05965829190356
TRIP,80.0,False,TRIP,0.822082126844977,0.42820481532786964,0.5307790474034026,278.23282608520867
TRIP,40.0,False,TRIP,0.7867099952500403,0.03887233346252106,0.5923826043887215,67.81153900885167
TRIP,20.0,False,TRIP,0.8040596027433704,0.38251220258902147,0.26236218457221305,257.83403471178457
TRIP,20.0,False,CTALARM,0.8497390746002499,0.15383273318951501,0.22892638457736675,225.17832012806196
TRIP,20.0,False,CTALARM,0.7687732694478062,0.10831118209202134,0.5000394710461636,234.82471871789096
TRIP,60.0,False,TRIP,0.8220296321316657,0.3444507262264861,0.4072634013983121,63.34116735151953
TRIP,20.0,False,CTALARM,0.7123230286466165,0.4548983113666169,0.4422610824462716,240.90264047968643
TRIP,20.0,False,TRIP,0.7903010642514996,0.1475096043561977,0.3888660349740847,265.3122271110894
TRIP,20.0,False,CTALARM,0.7203202675475209,0.2844169026921595,0.5408851162426981,176.18769404561002
TRIP,20.0,True,CTALARM,0.878761122685473,0.14491705692474577,0.1330286219445072,122.53164587551628
TRIP,60.0,False,TRIP,0.8320293338656453,0.27714279286321397,0.3889984929189777,59.95974574374331
TRIP,20.0,True,TRIP,0.8748743582672308,0.31093101532717027,0.11067125226054085,104.3857890398666
TRIP,40.0,False,TRIP,0.8333375381049198,0.3051676943950899,0.2850763575036943,274.9782104829075
TRIP,20.0,False,CTALARM,0.7396371690175627,0.31177318482137295,0.46479567639125235,147.38426083665206
TRIP,20.0,False,CTALARM,0.8174288935699543,0.06753989610876204,0.3451501258199193,252.97676711757273
TRIP,20.0,False,TRIP,0.8054960485242798,0.3467702347933598,0.26571407567052685,266.43287699945523
TRIP,20.0,False,CTALARM,0.6677041257945626,0.33737517819011165,0.6194790009909242,242.70128068474426
TRIP,20.0,False,CTALARM,0.6987616752517491,0.34129406110844157,0.5409780001482348,242.47383252586144
TRIP,20.0,False,CTALARM,0.8197019136841619,0.037035276369353165,0.36840354950026244,219.89095355737857
TRIP,20.0,False,CTALARM,0.6926615865419855,0.2234194212070763,0.6650372089728415,186.63191233693686
TRIP,40.0,False,TRIP,0.836298130668624,0.20451756602286486,0.29705570260449565,71.21400727329711
TRIP,160.0,False,TRIP,0.895226612616738,0.04335574182159957,0.5516510493116742,303.40921929186607
TRIP,180.0,True,TRIP,0.9078556860635234,0.11118396394840535,0.11755536786099254,347.1351020955343
TRIP,20.0,True,CTALARM,0.8556779983882702,0.22048131589901837,0.20005473397741785,167.93426361605987
TRIP,160.0,False,TRIP,0.899238670174399,0.37145315492904113,0.23665990693376837,335.9659521184761
TRIP,160.0,True,TRIP,0.9071331097716272,0.1185310384923316,0.07407452689316629,359.27803358038204
TRIP,20.0,False,CTALARM,0.7682261260570482,0.41487495506245575,0.3512633705532475,175.03052853089542
TRIP,20.0,True,TRIP,0.867276614244253,0.2728991428697317,0.13458209388854697,260.7679345499885
TRIP,20.0,False,CTALARM,0.7316552330576545,0.38021084259230875,0.443930122614761,231.7645217701881
TRIP,20.0,True,TRIP,0.8664532813217433,0.23627799166842856,0.13306465170111278,85.41533376026901
TRIP,160.0,True,TRIP,0.9065440467992097,0.24959711271111168,0.08645438013749274,16.95219975155476
TRIP,20.0,False,CTALARM,0.6583299383497052,0.3098596946898201,0.6783607093192472,163.20791202280446
TRIP,140.0,False,TRIP,0.8821150662498178,0.4639853040829121,0.46076821406777435,283.393799062658
TRIP,20.0,False,TRIP,0.6797147620013727,0.24590629070645498,0.6555156402959419,117.04847856829089
TRIP,80.0,False,TRIP,0.8652471133170205,0.2643287690541455,0.34292145439526234,282.3979396295464
TRIP,20.0,True,CTALARM,0.9122734467186715,0.30099848176376476,0.02338172414436197,235.728605506664
TRIP,20.0,False,TRIP,0.7479099631279975,0.3687575686488629,0.40205981930201073,250.3948866543314
TRIP,20.0,False,TRIP,0.8057470552507623,0.03592516774311716,0.3908302207849959,102.86671981586039
TRIP,20.0,True,CTALARM,0.8968299565574327,0.25784371926098604,0.01048292415561578,169.2170578234969
TRIP,40.0,False,TRIP,0.7510955087348354,0.24079579460302175,0.6028694310812821,65.41336800907817
TRIP,40.0,False,TRIP,0.7662304458392155,0.4608424921187852,0.43397947643149726,88.7689901087015
TRIP,120.0,False,TRIP,0.8703519176764555,0.24675329021817055,0.5212838185633022,32.346015513269464
TRIP,100.0,False,TRIP,0.8746989023213436,0.2341602673471655,0.3457447743102602,45.638426266634895
TRIP,80.0,False,TRIP,0.834445722960012,0.481099994267351,0.43288170653578406,75.78485254650116
TRIP,20.0,True,CTALARM,0.8619351194909903,0.22528823180044077,0.18022892525996692,208.8843160953013
TRIP,20.0,False,CTALARM,0.7185742538593931,0.09044221516104517,0.681630437438053,158.83600303715033
TRIP,20.0,False,TRIP,0.8298895894084197,0.10845806140289416,0.28050400528336555,96.09822452360233
TRIP,140.0,True,TRIP,0.9064592143495619,0.047593769168487066,0.11362863493634036,310.00048088316805
TRIP,20.0,True,CTALARM,0.9036283711537083,0.0002840646294722249,0.03914079286223912,189.053168883115
TRIP,180.0,False,TRIP,0.8984530759469411,0.21597283050024096,0.44532035315975976,332.3194105088857
TRIP,20.0,False,CTALARM,0.6257665658200171,0.3846212906491107,0.688365895823519,228.58738641992437
TRIP,160.0,False,TRIP,0.8804410271847664,0.36673322139991793,0.6270561477923972,5.683534750337991
TRIP,180.0,False,TRIP,0.9001583539883881,0.016074543901425098,0.4914731972404895,328.85124876565027
TRIP,180.0,False,TRIP,0.8909247842260404,0.28499145179701646,0.6934185502950025,308.6868008450975
TRIP,20.0,False,CTALARM,0.7732425010380464,0.077141562706738,0.5059797834294745,228.6976402011237
TRIP,20.0,False,CTALARM,0.812628822985029,0.47053814238234865,0.23747578638097716,192.51848006309447
TRIP,20.0,False,CTALARM,0.7990350817562277,0.08368249982208964,0.42085269314212115,163.05338639469062
TRIP,20.0,True,CTALARM,0.9045011092603323,0.31331960884874077,0.05583664973989307,173.5829444760594
TRIP,40.0,True,TRIP,0.877214838086629,0.16311918108202839,0.15517774315577856,276.9194307032459
TRIP,20.0,False,CTALARM,0.8097791122988303,0.3207806629821761,0.29227816514994454,184.73097684912688
TRIP,80.0,True,TRIP,0.8921242692731257,0.20612929823203757,0.14127294549413166,63.36889153287863
TRIP,100.0,False,TRIP,0.826950073040938,0.37982152615319736,0.6674507103797194,20.943924182277378
TRIP,60.0,False,TRIP,0.7923657131728705,0.11533956266392892,0.6969182687212545,45.42705946314449
TRIP,40.0,False,TRIP,0.8275417984480222,0.45289592645713006,0.25965514408516577,90.518799181459
TRIP,20.0,False,TRIP,0.7397185391579185,0.25010482465667605,0.49646029025403904,132.3842837182944
TRIP,180.0,False,TRIP,0.90192932178004,0.3780465738564264,0.2854395114642684,321.26976438307514
TRIP,20.0,True,TRIP,0.8700564867537859,0.42486509570061354,0.09765644307034448,86.07140359188048
TRIP,20.0,False,TRIP,0.8032842500627139,0.49941430547740245,0.235848793391476,115.05548088091253
TRIP,20.0,True,TRIP,0.8616737718407106,0.11197283279697912,0.16336018910096423,80.28523422963859
TRIP,20.0,True,CTALARM,0.852771001587143,0.14344620678172743,0.2296547542851938,196.467054734208
TRIP,20.0,True,CTALARM,0.8770679117936506,0.12521654336594412,0.15051518187840154,222.15121066601526
TRIP,20.0,True,CTALARM,0.901748889773002,0.13143566607989132,0.07864158334077248,191.56591148297784
TRIP,160.0,False,TRIP,0.9035557444181684,0.2912223707696887,0.15219990055368904,342.66839443809846
TRIP,100.0,False,TRIP,0.8206155734670596,0.4967612615729215,0.63402992228089,358.3360863554847
TRIP,120.0,True,TRIP,0.9061705561191735,0.4951390435463772,0.059655173043570105,301.46255633000277
TRIP,100.0,False,TRIP,0.8893980909462817,0.26338661568115385,0.22732965062866414,289.9066121605088
TRIP,20.0,False,TRIP,0.7736530807900485,0.3195136051323369,0.36991492615184474,131.77899962985907
TRIP,40.0,False,CTALARM,0.8423002898753739,0.429985271850803,0.24815885932484974,208.72206221831942
TRIP,20.0,False,TRIP,0.7477364662356252,0.4664667292267526,0.36232496651322105,126.53007082159866
TRIP,40.0,True,TRIP,0.9056084932853756,0.10193031366477195,0.03039404216404777,282.3681046225462
TRIP,40.0,False,TRIP,0.7855361759023948,0.26427086447122644,0.4539987433550644,61.859210073060964
TRIP,40.0,False,TRIP,0.783734174748494,0.4164185273307561,0.39443516108924215,78.0018171460715
TRIP,160.0,False,TRIP,0.8928452841685586,0.15160103831729582,0.47667638609828406,13.929865513311185
TRIP,20.0,False,CTALARM,0.7855591284449455,0.21990452124023335,0.39708047107906586,219.21828240167724
TRIP,20.0,False,TRIP,0.7693726503406877,0.492810550756004,0.3065325076979642,247.87377316402453
TRIP,140.0,False,TRIP,0.8914802441254843,0.4925233483604355,0.2450990796058577,1.210423043296367
TRIP,20.0,False,CTALARM,0.8517308063493026,0.4530534053825908,0.15850463306984333,183.8828750379302
TRIP,20.0,False,TRIP,0.7672502128458208,0.3992241724140288,0.3500474087646288,135.6748338563186
TRIP,60.0,True,TRIP,0.909239115946654,0.13456525036140288,0.01823671666425488,285.25708145475636
TRIP,160.0,False,TRIP,0.9016048608791668,0.16042503703359373,0.22976857966952802,14.000668559511622
TRIP,160.0,False,TRIP,0.8903321803584336,0.27364142060243735,0.47451060549517055,17.483647974508276
TRIP,20.0,True,CTALARM,0.8952451746482304,0.2803886872810061,0.07610192778045148,223.27527554131677
TRIP,20.0,True,CTALARM,0.9090484600979432,0.2527514096785335,0.044023869623670005,212.98998764871502
TRIP,140.0,False,TRIP,0.8854891075477591,0.31833513995815305,0.45652502370395565,299.1924082792837
TRIP,20.0,False,CTALARM,0.8294907129776776,0.2041615113164944,0.27844230479964516,213.21608009665002
TRIP,160.0,False,TRIP,0.8835162376746014,0.37458707865776647,0.5612775255845667,341.7734982929405
TRIP,20.0,False,TRIP,0.7010045641559324,0.16677496323917768,0.6561179127799267,113.17847120439195
TRIP,20.0,False,TRIP,0.7018320193661678,0.16533849847317628,0.6699283176128038,143.25170630572808
TRIP,180.0,False,TRIP,0.9035257163729791,0.063612980945914,0.29791499772592545,351.96287994104995
TRIP,140.0,False,TRIP,0.9019373533065572,0.09435610501445962,0.1850290569925226,38.708727613840125
TRIP,140.0,False,TRIP,0.8853981994154234,0.4252604394606788,0.4260296171197346,286.52574715066066
TRIP,160.0,False,TRIP,0.8925533672221533,0.22314116929022076,0.43973504814976544,4.164737277758506
TRIP,20.0,False,CTALARM,0.7910599960856086,0.1139338932764169,0.43564145525312764,175.14476978520682
TRIP,100.0,False,TRIP,0.8836331060635729,0.3796705500111937,0.2252450296032168,55.22484145272281
TRIP,20.0,True,CTALARM,0.9080706232742104,0.2769905629084297,0.04462621549211212,215.5902133421034
TRIP,100.0,True,TRIP,0.9019312294905149,0.010578005711646743,0.14700338717791925,287.3411890948181
TRIP,160.0,True,TRIP,0.9059525709585194,0.15818072866835758,0.10809359961556361,11.89522884624742
TRIP,100.0,True,TRIP,0.9035386352952364,0.08850070556067052,0.08673024204831714,58.958181573028284
TRIP,20.0,False,TRIP,0.6572559244665328,0.3279364304914203,0.6483983247501011,123.33973721828488
TRIP,20.0,True,TRIP,0.9139235015187294,0.13751552031512643,0.009693352181777547,92.08762770804263
TRIP,20.0,False,CTALARM,0.8027355340242992,0.032473389604971814,0.4213004174654252,137.95916033025185
TRIP,200.0,False,TRIP,0.9000284237353834,0.02746749459883463,0.6632316570180957,342.67258793428266
TRIP,120.0,False,TRIP,0.8894263123784942,0.29086364897935746,0.2520371892458895,36.43420587848658
TRIP,20.0,False,CTALARM,0.8218671007222021,0.010861727852044811,0.36896866242072374,152.38155911967795
TRIP,20.0,False,CTALARM,0.70411411091909,0.42439605656804436,0.4870485644326117,164.5528937787298
TRIP,20.0,False,TRIP,0.8514670294223121,0.07769855962863781,0.22201878626076718,100.92313865849857
TRIP,20.0,False,TRIP,0.7856759404307221,0.3032831675977149,0.3343563913950744,100.2623607675251
TRIP,20.0,False,TRIP,0.7152597049821201,0.22234401400537285,0.5719719952329263,257.31077822975544
TRIP,20.0,False,CTALARM,0.7413213464374915,0.22142576061595126,0.5217489656961845,222.42378335435376
TRIP,140.0,False,TRIP,0.8894073532779941,0.03589857118002293,0.5659145880449884,292.6195271039351
TRIP,20.0,False,TRIP,0.6174062319268907,0.4013761251061078,0.6911381145393591,145.8263600920988
TRIP,20.0,False,CTALARM,0.8036793388406236,0.4465262423766263,0.2592292324553253,218.4159697126823
TRIP,160.0,False,TRIP,0.8951344947171131,0.005508333692114231,0.5229638840550411,321.69173064573044
TRIP,160.0,False,TRIP,0.8983790785451476,0.08930208784855886,0.421949196971388,306.47824981789876
TRIP,140.0,False,TRIP,0.8771833665671609,0.4519520943977394,0.4666233370548374,331.2084212999852
TRIP,20.0,False,TRIP,0.7194058709756466,0.2747468064000291,0.5179117333830541,96.83100811016097
TRIP,180.0,False,TRIP,0.89780491039335,0.07501978912410506,0.5248119218624203,354.7516264315633
TRIP,120.0,False,TRIP,0.8742822348060478,0.10139522630457942,0.6200216045063737,293.90036956971
TRIP,100.0,False,TRIP,0.8861322714572382,0.3299931221185571,0.24452517266523877,286.13081017486917
TRIP,20.0,False,CTALARM,0.7284110543227706,0.3624084111234365,0.4574369492783374,240.32829634511734
TRIP,160.0,False,TRIP,0.9013345507118194,0.2997134042899676,0.19620330211779907,353.97647041394356
TRIP,20.0,False,CTALARM,0.7247655515159657,0.4765741899562629,0.4161980935818826,158.96276209673294
TRIP,20.0,False,TRIP,0.7224355651401978,0.24703180183088852,0.5258225981203495,266.95414971446786
TRIP,20.0,False,CTALARM,0.7399950321291182,0.15013595607126334,0.5537007603131482,251.57206367586772
TRIP,20.0,False,TRIP,0.8105822425879331,0.23861645498789824,0.2940871520923859,263.55200632094363
TRIP,20.0,False,TRIP,0.7947622685082162,0.17983314683330548,0.3561041562409518,270.5273331009324
TRIP,40.0,False,TRIP,0.8572996625682784,0.11220794633734316,0.23369489581912098,68.67212080363682
TRIP,20.0,True,CTALARM,0.8888467977378556,0.022981624670070033,0.11832544257774134,125.65852909286482
TRIP,20.0,True,CTALARM,0.8629411764389987,0.1761062467825621,0.18236218363477252,141.21143849732576
TRIP,20.0,False,TRIP,0.6434511658271566,0.35570467385487115,0.638495903429877,269.27993303278635
TRIP,20.0,True,TRIP,0.8584304256058639,0.009218901437596905,0.21627867968652115,257.84927125894956
TRIP,160.0,False,TRIP,0.8865393668676869,0.21958925660296735,0.6823315334819271,300.0118338848589
TRIP,100.0,False,TRIP,0.8952215280237633,0.3220047007249342,0.1690346596507672,283.866896840521
TRIP,20.0,False,CTALARM,0.7278271212636356,0.3052020545871536,0.5061497612367313,214.57219658018786
TRIP,80.0,False,TRIP,0.8422283600559312,0.38832421794435795,0.40173230550028494,50.38145513547931
TRIP,20.0,False,CTALARM,0.7066772580856615,0.40525985782989876,0.487809034667359,228.76389332365144
TRIP,160.0,False,TRIP,0.890519006081786,0.3558529104596939,0.4507705626264267,319.3413421094925
TRIP,20.0,False,CTALARM,0.7800830767803439,0.051398848072374714,0.4947240085183124,231.54277082030325
TRIP,180.0,False,TRIP,0.8930026422093198,0.23751122200218033,0.6338829339048212,322.42551428798697
TRIP,160.0,False,TRIP,0.8927228408587212,0.3017029787438043,0.394428647243737,359.6590865292838
TRIP,20.0,True,CTALARM,0.9081070388700856,0.1227830194047258,0.04749414803279664,129.31280388847185
TRIP,20.0,True,TRIP,0.8647206126697968,0.021275908823388257,0.18957780411282968,260.38428996522634
TRIP,20.0,False,CTALARM,0.7733990952992655,0.11179516043802346,0.4957532862861347,194.38510773618194
TRIP,20.0,False,CTALARM,0.8026996474827696,0.22744720086631942,0.34585223958297134,163.7898482549396
TRIP,20.0,False,TRIP,0.7801673376785312,0.20696515952730044,0.38398638783378075,86.35214832928601
TRIP,20.0,False,TRIP,0.7878686447812444,0.08833349066358082,0.417606318766204,88.52925455853517
TRIP,80.0,False,TRIP,0.8661131631376988,0.4122077713417464,0.26784049108919894,66.59002323358956
TRIP,20.0,False,CTALARM,0.6665163731977741,0.4628433343683623,0.5417268675614986,227.33406233961892
TRIP,60.0,False,TRIP,0.8258628176815928,0.10067415952635761,0.5064744187275839,51.1391147915171
TRIP,20.0,False,CTALARM,0.6869582831793446,0.46478645778361083,0.5000095885351797,155.29912913413827
TRIP,20.0,False,CTALARM,0.7877913694348961,0.008930479587590412,0.5007171218244613,188.39996613798988
TRIP,20.0,False,CTALARM,0.6299542388595207,0.4624812363534727,0.6232506011579735,157.76441178802912
TRIP,160.0,False,TRIP,0.8904769766561855,0.47596439504045396,0.41677494561029205,307.77462485060994
TRIP,20.0,False,CTALARM,0.7374370321067871,0.006025931507962601,0.6769505396478708,159.5409695257897
TRIP,160.0,True,TRIP,0.9068159018352013,0.38150964838837403,0.08343487907344653,29.81955346714894
TRIP,140.0,False,TRIP,0.8772731607643193,0.4851007862849217,0.442371283615705,357.19183482215306
TRIP,160.0,False,TRIP,0.8867809333783525,0.45295110940888916,0.5018485821550568,304.19409278167655
TRIP,20.0,False,CTALARM,0.7592357202540241,0.4853550805981065,0.3340542876680516,237.61565474615992
TRIP,20.0,False,TRIP,0.8382127555834078,0.27516175284881966,0.2017458705198555,272.2765034910987
TRIP,100.0,False,TRIP,0.8784790867324229,0.03907806994269414,0.38502621689776934,46.148651911743876
TRIP,60.0,False,TRIP,0.8538688422414951,0.4248945989025181,0.2553233762034919,275.7293258771429
TRIP,40.0,False,TRIP,0.7302223598088211,0.3069141279045058,0.6363868497474715,74.78961901635425
TRIP,20.0,False,CTALARM,0.8282162970654792,0.3073683720941445,0.24975468877327842,176.03140664663127
TRIP,80.0,True,TRIP,0.8946025714644161,0.2086268049293431,0.12299489489149035,64.07380415674209
TRIP,20.0,False,TRIP,0.758549117559917,0.28592098826055456,0.403472398115817,271.36258715958905
TRIP,20.0,False,TRIP,0.8320793917493617,0.07678988954305727,0.2771948139662585,88.53619698448088
TRIP,20.0,True,TRIP,0.8877802093607061,0.36988501328307516,0.06712870136058871,91.15503065700938
TRIP,120.0,False,TRIP,0.8864577253580648,0.037508653675771164,0.39538964569853585,39.32004576250766
TRIP,20.0,False,TRIP,0.7571691011451875,0.364890383521896,0.376492487815991,259.4183245069938
TRIP,20.0,True,TRIP,0.863452895078866,0.424489211312427,0.12123796064323657,106.50406708111603
TRIP,20.0,False,CTALARM,0.776677970642885,0.2362343387822441,0.41834671827189,186.58080475270825
TRIP,20.0,False,TRIP,0.7735201706925692,0.2549151830285247,0.3971512817002423,119.60768065213414
TRIP,40.0,False,TRIP,0.7847016509685489,0.15610713646103913,0.5415288361291136,278.892453176004
TRIP,60.0,False,TRIP,0.8502869858394936,0.4847292918627938,0.253098950889844,81.53411633784046
TRIP,160.0,False,TRIP,0.9021168761380131,0.36656223727977266,0.17413166656454748,338.700420016701
TRIP,20.0,False,TRIP,0.6934577771912285,0.18449427665017248,0.6658539208795429,115.68239096029475
TRIP,120.0,False,TRIP,0.8851650969964464,0.08740369311650253,0.3928522659479517,37.38658366467023
TRIP,20.0,True,TRIP,0.9092894548059596,0.10978979610104567,0.018997971218926213,86.50988381337568
TRIP,120.0,False,TRIP,0.8667150048680439,0.23196114305502502,0.5744981788782202,26.61873446418307
TRIP,20.0,True,CTALARM,0.8597354936065115,0.47128420015716893,0.13773064264325852,168.74594315727293
TRIP,40.0,False,TRIP,0.7460227996359331,0.36707317288045904,0.5502254223520904,90.09043946044882
TRIP,160.0,False,TRIP,0.8945148263719714,0.10762187408957491,0.4936136990091753,318.9765760001555
TRIP,20.0,False,CTALARM,0.6181390370832764,0.42978056670944903,0.67816960698421,186.1663032792527
TRIP,20.0,False,TRIP,0.6817769131807244,0.18910026150484055,0.6759055111161683,84.01264154254307
TRIP,20.0,False,CTALARM,0.8378204242928586,0.4258610913762593,0.19208743725903193,162.45731876577892
TRIP,40.0,False,TRIP,0.7887598853387152,0.12084979899056547,0.5365147068563929,70.55793797055276
TRIP,60.0,False,TRIP,0.8641927630149439,0.3093303059681588,0.22179856004594675,64.34257533297064
TRIP,40.0,False,TRIP,0.76702437580621,0.46333524404064097,0.44043855718071595,108.23632924803984
TRIP,100.0,False,TRIP,0.8714905417014394,0.12894700457389707,0.41842225946821515,38.98852731682083
TRIP,80.0,True,TRIP,0.9056162394916795,0.34646329529292746,0.03818046093481526,67.91311328792064
TRIP,160.0,True,TRIP,0.9106510973227475,0.4936563099785719,0.0036272248847503017,337.69687427835186
TRIP,20.0,True,CTALARM,0.9097561874387001,0.07529914362150175,0.040434810216366655,240.0489484910863
TRIP,180.0,True,TRIP,0.9092932756801609,0.0442011453503372,0.08955943327221877,331.59695884461564
TRIP,20.0,False,TRIP,0.8421463636590265,0.3370975962224081,0.18035674394344156,92.46489892840215
TRIP,180.0,False,TRIP,0.8954820222494771,0.1698679738745152,0.6348686562697936,308.52480088833255
TRIP,20.0,False,TRIP,0.8181446613721746,0.03562223868329556,0.36304287274268043,130.4182104674342
TRIP,60.0,False,TRIP,0.8022120421134629,0.23765280894180207,0.557824217188552,51.910193204094824
TRIP,140.0,False,TRIP,0.8762266214072647,0.37688533982197786,0.5868182264750457,289.6945560015109
TRIP,160.0,False,TRIP,0.8919784627550907,0.14256120020759439,0.5144601690133788,21.47404747059005
TRIP,20.0,False,CTALARM,0.8334379355602113,0.16752343875256737,0.27396958709440034,145.74702201658786
TRIP,160.0,False,TRIP,0.8832926309361449,0.42284970032348607,0.6047015756886879,294.95328066419165
TRIP,20.0,False,CTALARM,0.7331138103438889,0.26003595613074404,0.5194348273246444,222.18657316074334
TRIP,20.0,False,CTALARM,0.6916287942909667,0.421365984403236,0.5202060103835366,186.50365034388955
TRIP,20.0,False,TRIP,0.6969375511256173,0.22319474607185474,0.6311020290158985,127.30821174128907
TRIP,100.0,False,TRIP,0.8519273719743932,0.4764875807800517,0.4190644307203786,27.02009893968728
TRIP,160.0,False,TRIP,0.8933121128765331,0.32539729485886837,0.3700021009735236,356.74991497292353
TRIP,40.0,False,TRIP,0.7762857319116991,0.05794943265962471,0.6231137903179527,62.91854162101743
TRIP,40.0,False,TRIP,0.8089740804732252,0.44254649411340036,0.31812320971493774,91.91105099137577
TRIP,20.0,False,TRIP,0.7053369277241036,0.2446325954153989,0.56809948722019,84.9296744980624
TRIP,160.0,True,TRIP,0.9095692106083112,0.07081948398645249,0.03769245231136541,326.8589064068531
TRIP,20.0,True,TRIP,0.914313489059261,0.07634506692071036,0.0009029611194254938,274.92782138047096
TRIP,20.0,False,CTALARM,0.7732088737178163,0.3437669675549359,0.36980474272304975,164.63872779816117
TRIP,180.0,True,TRIP,0.9097480096132632,0.02368625336474489,0.05152832567146615,343.95229222266926
TRIP,140.0,False,TRIP,0.8763007786812214,0.14329688245690664,0.6835801094171445,19.002017083119025
TRIP,140.0,True,TRIP,0.910002139594695,0.06989379523493405,0.003850821827859141,321.72133723979476
TRIP,140.0,False,TRIP,0.8827743445233176,0.22053871480864212,0.5027047455490524,21.7538408477373
TRIP,20.0,True,CTALARM,0.8647444680697651,0.20717688599718065,0.17036928705035448,140.80705053644294
TRIP,120.0,False,TRIP,0.8569830782758661,0.26093821734442796,0.6772864036904394,19.441756215536294
TRIP,160.0,False,TRIP,0.9002519283709703,0.1398181645512651,0.26707915543952726,359.6288370327667
TRIP,160.0,True,TRIP,0.9100634644014214,0.016021794689088598,0.019098398384705603,329.1802209002166
TRIP,20.0,True,CTALARM,0.9036085108092118,0.3071930532675929,0.01885503578614791,210.5276238886432
TRIP,20.0,False,TRIP,0.7797381087484445,0.18685900144117568,0.387361360207282,78.42404663936838
TRIP,20.0,False,TRIP,0.6360724482758033,0.3256674993700232,0.6906983853218968,99.63998107108893
TRIP,20.0,False,CTALARM,0.7255652858810203,0.05433348540213423,0.6858414745320035,161.8356117805633
TRIP,20.0,False,TRIP,0.8548051173552643,0.006888677647025165,0.23609108060248604,116.20086569724447
TRIP,160.0,False,TRIP,0.8980369863538938,0.12414712394264638,0.3378925544322279,7.673005956578658
TRIP,20.0,True,CTALARM,0.8973795813092812,0.2282736614970261,0.07031906405847127,236.25216292216845
TRIP,20.0,False,CTALARM,0.7999198740987681,0.19703598708423364,0.3655237991942122,220.83404547358845
TRIP,180.0,False,TRIP,0.89639975283171,0.4051512776367332,0.41979111933379115,325.5518531587827
TRIP,20.0,True,CTALARM,0.8668420477964353,0.18891882209641198,0.17574316592792472,171.66745443796214
TRIP,20.0,False,TRIP,0.7604651691302218,0.26522058980153945,0.4284801051406216,124.09522624741962
TRIP,20.0,False,CTALARM,0.6834818662237301,0.2967577962210961,0.6297849261873777,184.1461858503961
TRIP,80.0,True,TRIP,0.9118800455033627,0.010915695822905802,0.0006687333964363717,70.09019672250227
TRIP,20.0,True,CTALARM,0.8649182782750444,0.2575666884230945,0.16025364201556114,225.1945266569231
TRIP,40.0,True,TRIP,0.8786955533407629,0.17241562969941893,0.1469436943267567,277.2118378044582
TRIP,120.0,True,TRIP,0.9050795960302942,0.2106400638416273,0.0867203421236789,55.24621681524917
TRIP,20.0,True,TRIP,0.8867947306123739,0.05014369924762513,0.11627084891597131,114.6179583487185
TRIP,180.0,False,TRIP,0.8968189338228607,0.3914102828243226,0.4381387817557713,312.4083525719035
TRIP,20.0,True,CTALARM,0.8916489989665244,0.47120212540426126,0.07188607310544984,181.99142950817588
TRIP,20.0,False,CTALARM,0.783014718048515,0.011134410314800003,0.5169721263145052,191.46119280391682
TRIP,20.0,False,TRIP,0.6732880792773323,0.30068638140567394,0.6209158133908683,260.06695093920655
TRIP,20.0,False,CTALARM,0.6472626317267907,0.38192203364417904,0.6486114069248583,208.04141347967754
TRIP,140.0,False,TRIP,0.8872430321695904,0.1424037943249447,0.46212307002379055,25.0487165065749
TRIP,120.0,False,TRIP,0.9012503316563302,0.3937777924316084,0.1381774874435312,289.42621627069286
TRIP,180.0,True,TRIP,0.909489333805075,0.31617752538315064,0.059707602877935514,332.2209734094484
TRIP,140.0,False,TRIP,0.8980218132891471,0.464581316135535,0.16241746766489973,19.179803876692397
TRIP,80.0,False,TRIP,0.783984946844511,0.4905024056768864,0.6733700300495298,43.64991232471836
TRIP,20.0,False,CTALARM,0.7294930410042926,0.021173056999352402,0.6736416412254984,252.71107279469297
TRIP,20.0,False,CTALARM,0.8307661062537962,0.2224688805135031,0.2673432187428394,217.61061570522918
TRIP,20.0,False,CTALARM,0.8371291199997143,0.2734938937891091,0.2280540787682854,137.7061196298285
TRIP,20.0,False,CTALARM,0.8206561020418642,0.07337161660382624,0.35700740758134575,194.1295136185337
TRIP,20.0,False,TRIP,0.8519015967591734,0.16814291521368085,0.2041816640271805,253.20188448038115
TRIP,20.0,False,CTALARM,0.5937049967671606,0.49382372387823087,0.6857637161588943,181.61152627713454
TRIP,140.0,True,TRIP,0.9050822778895303,0.008115228171235722,0.1548549730172042,50.46779686883372
TRIP,140.0,False,TRIP,0.8961546928586491,0.22625396576219203,0.25839987752793797,32.196970487984466
TRIP,20.0,False,CTALARM,0.7885354878447264,0.4213273108590981,0.3005596129901248,157.9891446678174
TRIP,180.0,True,TRIP,0.9090210213327627,0.16195063135964421,0.0875448161568135,332.23851282558013
TRIP,20.0,False,CTALARM,0.8297600566083685,0.23989925137757667,0.2679773787390909,200.80050289505778
TRIP,20.0,False,TRIP,0.6288564035622646,0.48902287289399,0.5997115040713813,128.95922484642568
TRIP,160.0,True,TRIP,0.9068913934203979,0.23743841823785194,0.09825270101973091,327.1342210275728
TRIP,20.0,False,CTALARM,0.80244360255155,0.06546065607324952,0.40881536557833104,139.9075762244177
TRIP,20.0,False,CTALARM,0.8462222417291659,0.02586074583319553,0.28464599664201173,183.29273313637506
TRIP,120.0,False,TRIP,0.8985267090081323,0.47270828621997424,0.11937570828221832,41.93975902633963
TRIP,20.0,True,TRIP,0.9147257312289484,0.13290470663753284,0.008635315114444075,265.4643403869772
TRIP,20.0,False,CTALARM,0.8494567629936772,0.25203195328227546,0.19134031244293015,252.1090645717376
TRIP,60.0,True,TRIP,0.9055597522511178,0.0453508830449843,0.04328027248860134,285.9278374293584
TRIP,20.0,False,TRIP,0.8280424511709832,0.21182756027530253,0.2637379299077146,117.06887283399483
TRIP,20.0,False,CTALARM,0.6554700741426043,0.46505275962506204,0.567146898989542,156.97915886382907
TRIP,40.0,False,TRIP,0.7739770307004266,0.2512064968154692,0.5037796826143287,60.6030161497914
TRIP,140.0,False,TRIP,0.861368509790879,0.48556757590116395,0.6631685981912369,347.2217553947398
TRIP,160.0,False,TRIP,0.9002930665049361,0.12941781861869983,0.2989107921359484,30.98784506683775
TRIP,20.0,False,CTALARM,0.7417353550156692,0.2522726198519686,0.4954609790142969,233.64478932293062
TRIP,20.0,False,TRIP,0.7036820284090586,0.4297653959046626,0.4657392054714141,253.89266204346703
TRIP,100.0,True,TRIP,0.8956398056204115,0.2241261772768719,0.1519324122107817,56.78513051435267
TRIP,20.0,False,CTALARM,0.8544800365953683,0.1397436867850948,0.21250775366286095,131.51635409897634
TRIP,120.0,False,TRIP,0.8736269021161972,0.42773768170894083,0.37088067337843217,15.525564034493978
TRIP,20.0,False,CTALARM,0.7369119848724675,0.1949447344363045,0.5576601233041453,200.37897273119077
TRIP,160.0,False,TRIP,0.8964073775428754,0.26536164553011704,0.3232689141240528,358.1777314165047
TRIP,20.0,False,CTALARM,0.8469978834940971,0.4882635332075728,0.15941907532286909,154.7585844559772
TRIP,160.0,False,TRIP,0.8863468625234655,0.09324164737793195,0.6954259831962588,356.4029593342571
TRIP,140.0,True,TRIP,0.9070299652773612,0.15070031836009284,0.08090516444756791,45.4411525712265
TRIP,20.0,False,TRIP,0.735320958648362,0.015534800034919971,0.6691222352439294,141.28356357640646
TRIP,180.0,False,TRIP,0.8957300756018558,0.19591885495502637,0.566332401901342,324.7073892174499
TRIP,160.0,False,TRIP,0.8917559181909762,0.10009171529242977,0.5872254635154962,315.61037339668997
TRIP,20.0,False,TRIP,0.6898843680584157,0.3400174677039457,0.5564423081640495,116.49296803312231
TRIP,20.0,True,CTALARM,0.8770283119499065,0.09066072938292619,0.14571965891323538,244.2998101565994
TRIP,160.0,False,TRIP,0.8913747954903921,0.33740637620293484,0.4428076641766692,319.01766176080463
TRIP,20.0,False,TRIP,0.7430794938459111,0.13173771409465884,0.5297248687156522,276.075887815162
TRIP,20.0,False,CTALARM,0.7501664449060982,0.1776089170605999,0.5219800544711559,226.2514308958503
TRIP,120.0,False,TRIP,0.8983855933894072,0.17443032602319875,0.1900957593808543,54.92722124160812
TRIP,160.0,False,TRIP,0.9046803718191305,0.3583758750818047,0.126783571434577,26.280969325402847
TRIP,20.0,False,CTALARM,0.842472752474784,0.23325463156917153,0.22968608874018442,221.26398473396196
TRIP,20.0,False,CTALARM,0.8138878875908945,0.18064944942634154,0.3358911362641742,180.0992396480789
TRIP,40.0,False,TRIP,0.7817726329516883,0.42631135951972493,0.40164652294457354,85.69319750333437
TRIP,20.0,False,TRIP,0.6919105041801606,0.28597531282060135,0.5858652536234122,105.39712618524888
TRIP,20.0,False,TRIP,0.7566867788798369,0.1069154106389989,0.5383239593932312,141.15138379250763
TRIP,20.0,False,CTALARM,0.7052974591939412,0.4500456390718413,0.47330536796656125,178.38750676410203
TRIP,20.0,True,CTALARM,0.862504008440381,0.1713251480168203,0.1844425050599324,140.4932288718285
TRIP,20.0,False,CTALARM,0.8290069681511896,0.019489688768660196,0.3352163492544603,139.42500195094797
TRIP,140.0,False,TRIP,0.8978917204613176,0.24730011198722646,0.23480511188957273,41.663812072087055
TRIP,160.0,True,TRIP,0.9066756673403868,0.0619690272204389,0.1644497256853739,311.6125505719236
TRIP,20.0,True,CTALARM,0.9003561204391428,0.11923322185787127,0.007171752268435616,219.29546944011395
TRIP,120.0,False,TRIP,0.8904800331252638,0.3735554363437055,0.23762337939948341,52.59678645672427
TRIP,20.0,True,CTALARM,0.8723395042358482,0.06537590668815929,0.17928138740023503,152.59478503605686
TRIP,20.0,False,CTALARM,0.7460710761506144,0.40347211217701784,0.40033162887677165,150.01772833063637
TRIP,20.0,True,CTALARM,0.9035138250419161,0.46845364406547685,0.043611239198598536,216.22351625608417
TRIP,20.0,False,CTALARM,0.8507266227516896,0.30326605020397235,0.18936371769714075,219.19306242575936
TRIP,20.0,True,CTALARM,0.9097073761139933,0.35517959601141463,0.03133864299189074,232.27996931271446
TRIP,20.0,False,TRIP,0.7304953514621864,0.3567933049537087,0.4489925331594052,251.24510064377068
TRIP,120.0,False,TRIP,0.8705826828217578,0.49640397863522245,0.3977326909980374,37.207456606445916
TRIP,20.0,False,TRIP,0.8406688815024033,0.17076913110081143,0.23623601615213125,109.77199220621233
TRIP,160.0,True,TRIP,0.9063219363043118,0.08142827562135124,0.10313422030488066,6.245214902162051
TRIP,20.0,False,CTALARM,0.6777460718521174,0.25958361745716074,0.6705438829381146,163.67094434893787
TRIP,20.0,False,CTALARM,0.7718279937237948,0.2666249049158541,0.40907471317202937,154.59482801890343
TRIP,20.0,False,TRIP,0.7722307045683869,0.08895624414807224,0.4753793566004475,264.3576948646123
TRIP,60.0,False,TRIP,0.8326377153040314,0.30655470949706976,0.37194412728861626,60.16210077883001
TRIP,20.0,False,CTALARM,0.7679009508868806,0.007062366738411985,0.5645732733523435,227.33800456518392
TRIP,40.0,False,TRIP,0.7028929114634954,0.4638342012271108,0.6274660346836849,110.40991125485479
TRIP,20.0,False,CTALARM,0.8380418840341721,0.13228713891063082,0.26789738051834083,137.4899309314917
TRIP,20.0,False,TRIP,0.7819358114050623,0.019780104195095904,0.4830177185614274,258.94327045372347
TRIP,160.0,True,TRIP,0.9052364614004228,0.05412472073742852,0.16092123918247786,25.75729748648712
TRIP,20.0,False,TRIP,0.7774939936150158,0.12012447413982086,0.4562985330134269,123.4018400152185
TRIP,20.0,False,CTALARM,0.8342938924824828,0.1369530843030226,0.2794089409835868,140.87636285027466
TRIP,20.0,True,TRIP,0.9128507164527726,0.016404999748864335,0.004747119580913472,257.66975226660077
TRIP,40.0,False,TRIP,0.7556872477886007,0.13967740609686458,0.6688695078958344,71.72078942545224
TRIP,180.0,False,TRIP,0.8956706331072264,0.09647086824674106,0.6079090818771031,341.0686777285667
TRIP,160.0,False,TRIP,0.9020693888360442,0.1893104637172593,0.20358558524221987,359.1943030058969
TRIP,160.0,False,TRIP,0.8873646770061367,0.1925838686779846,0.6984301199630023,294.80765069521993
TRIP,20.0,False,TRIP,0.8452726089064906,0.16950387030143954,0.22198937218957387,107.89650052687013
TRIP,20.0,False,CTALARM,0.8164626295608792,0.163961941765352,0.32119093052135234,238.99199546622765
TRIP,140.0,False,TRIP,0.8840915046223937,0.04486563887062561,0.5958813183220919,29.9332914112559
TRIP,160.0,False,TRIP,0.9052525002222864,0.012602473563081085,0.2132174459296286,313.6605536543438
TRIP,20.0,False,CTALARM,0.8301412585267893,0.1010571500782333,0.31537819907125003,185.75743365369854
TRIP,60.0,False,TRIP,0.805094255286426,0.37832471370830767,0.4659110169862788,63.518099875122864
TRIP,20.0,True,TRIP,0.875694655505574,0.49540488277556105,0.09132728834069975,117.86996144221293
TRIP,140.0,False,TRIP,0.893271227064759,0.4642630875286645,0.2956452580842024,288.2673880156709
TRIP,160.0,False,TRIP,0.9030917265225791,0.2521096777688843,0.21658695615313853,313.2816362737367
TRIP,20.0,False,CTALARM,0.7505007987960652,0.2659119278889671,0.4737420141053726,187.09681929639245
TRIP,20.0,True,CTALARM,0.8955825294548007,0.15729078451792128,0.09517857304226024,172.91214011184235
TRIP,20.0,False,TRIP,0.8441171960651959,0.3869697193188281,0.16291203537065616,270.26450875917334
TRIP,160.0,False,TRIP,0.8895956823184802,0.3823783439663243,0.4979633426267379,297.42826410667976
TRIP,40.0,True,TRIP,0.8787166259962742,0.4221361787912223,0.10935705880688035,275.3448524624954
TRIP,20.0,False,CTALARM,0.784347244894534,0.4477522885984422,0.2954134835679228,138.39409808431475
TRIP,20.0,False,CTALARM,0.7487808640065972,0.21717462411264787,0.4990165054648331,231.09327417935498
TRIP,160.0,False,TRIP,0.8866218370655176,0.3834377840535988,0.5358278691010037,308.64956697753394
TRIP,120.0,True,TRIP,0.905316164131462,0.4031993643979393,0.06641682507016791,54.633828257071045
TRIP,20.0,False,TRIP,0.7281934464282902,0.15422981124887508,0.5963969265936346,139.72920664138672
TRIP,80.0,False,TRIP,0.813767977606052,0.464621122003075,0.5067806107909765,20.382798195095294
TRIP,20.0,True,CTALARM,0.8557679417684725,0.04717075131982773,0.2375062120853196,147.19582284746397
TRIP,140.0,False,TRIP,0.8763318746463767,0.4971345895816414,0.534661996631168,278.0215502107136
TRIP,60.0,False,TRIP,0.7959778238851541,0.3850453590794347,0.5098092057384613,70.93023963321149
TRIP,20.0,False,CTALARM,0.8053185361027955,0.04663545266216362,0.42062385855586987,195.07937440477812
TRIP,140.0,False,TRIP,0.885311097906479,0.3281148240525003,0.390936821384091,13.17086403185777
TRIP,180.0,False,TRIP,0.8999435035531382,0.01708970546413008,0.5142924422297098,323.1539966633969
TRIP,160.0,False,TRIP,0.8799966321480688,0.38509347472209143,0.6994819311938182,295.20169016416247
TRIP,20.0,False,CTALARM,0.7480493368820688,0.39961146082952764,0.4049865745211197,188.78730904334373
TRIP,20.0,False,TRIP,0.6968938957616915,0.30120512654572384,0.5661025102335735,254.08331854990195
TRIP,80.0,False,TRIP,0.8164894571532288,0.42843019595828524,0.520991602120908,37.40981935278921
TRIP,160.0,False,TRIP,0.8935113591143702,0.04894164010742985,0.5990658814236779,304.2754187030534
TRIP,20.0,False,TRIP,0.7039224149914083,0.1379619210204066,0.6681674029688969,257.4941511858377
TRIP,140.0,True,TRIP,0.9037591524636917,0.20708876079633526,0.13515824522257064,43.18826282102898
TRIP,180.0,True,TRIP,0.9080706072039171,0.02122897641404914,0.1158217454765814,353.0481426427599
TRIP,160.0,False,TRIP,0.8937402954300834,0.22410804378558308,0.4104462798904306,8.110959914320803
TRIP,20.0,False,CTALARM,0.8243913305282093,0.13260672805628299,0.3145065440205531,226.26391053339847
TRIP,40.0,False,TRIP,0.8088992409695103,0.1963675060508765,0.39950588504341844,61.831798826694026
TRIP,20.0,False,TRIP,0.7219085881826961,0.21255131599615323,0.558629914139856,258.9327537190332
TRIP,60.0,False,TRIP,0.744985648961241,0.43970586674384254,0.6522001360344725,25.346251428760432
TRIP,140.0,False,TRIP,0.8957265796438871,0.13517048526381953,0.29219107763899066,29.196317823521802
TRIP,20.0,False,CTALARM,0.6916879235881151,0.446871564358136,0.5025528518805371,167.86502660272762
TRIP,160.0,False,TRIP,0.9043921705903164,0.21298548240642462,0.13775943148898656,357.84340754468866
TRIP,20.0,False,TRIP,0.7934262088758184,0.163903860346993,0.37418636454816645,99.54584631743444
TRIP,20.0,True,CTALARM,0.9040883437484817,0.251256024667573,0.015263344446363946,220.51013787234814
TRIP,20.0,False,CTALARM,0.804357915525497,0.20887164318141982,0.35262539699316786,186.69566677472477
TRIP,160.0,False,TRIP,0.8994858051711614,0.12868615652757304,0.3817355213878499,303.16305947415754
TRIP,20.0,False,TRIP,0.7278101914515103,0.25133966239803346,0.5148117350448319,103.89225877385766
TRIP,20.0,False,CTALARM,0.791334110259506,0.07590086653941563,0.4546393531448941,199.77997705613504
TRIP,180.0,False,TRIP,0.9040650668541219,0.17596497151148305,0.25087771401406106,342.2244654378651
TRIP,20.0,True,CTALARM,0.9061898689169817,0.2828951096870453,0.004011630499184926,119.73089100098072
TRIP,20.0,True,CTALARM,0.8979216634908559,0.20670412219492929,0.08084011153606424,158.18600927166517
TRIP,180.0,False,TRIP,0.8868359421157296,0.41195618052539823,0.6811424574622166,319.9727932213217
TRIP,20.0,False,TRIP,0.7150262025094606,0.12836088076758312,0.645633210820714,119.69958860440482
TRIP,20.0,False,CTALARM,0.8119918648091949,0.48488578941550503,0.22756521415680173,137.0425552681736
TRIP,20.0,False,TRIP,0.8394148575463625,0.39236101042567567,0.18119705794672136,109.48277119597138
TRIP,140.0,False,TRIP,0.891815231144652,0.4837965129987361,0.3054914055830262,291.43129511702625
TRIP,160.0,False,TRIP,0.8863659606122753,0.41906827741515207,0.4829580207284509,334.93930935760073
TRIP,20.0,False,CTALARM,0.8498883387084358,0.07105196292582133,0.24977937086058155,227.19559704008603
TRIP,20.0,True,CTALARM,0.9064601607045683,0.2632300453175069,0.047105693411808876,224.5068472534749
TRIP,20.0,False,CTALARM,0.838552007173848,0.08498926059789286,0.28195656471107744,140.40130309674305
TRIP,160.0,False,TRIP,0.9009728912393808,0.40911367631362866,0.18241229613700233,4.494149845738802
TRIP,80.0,False,TRIP,0.8773929904505487,0.29208107459164795,0.22745100784784825,62.61753557648638
TRIP,120.0,True,TRIP,0.9035784461454849,0.1317246571784529,0.11407007205111308,53.07780765248441
TRIP,100.0,False,TRIP,0.8485160514554682,0.46479948600358567,0.46118804861195317,41.717521012693226
TRIP,20.0,False,CTALARM,0.8151171571895515,0.05759302665713034,0.36864165327165743,235.4570337792223
TRIP,120.0,False,TRIP,0.8958624468619715,0.281931201735657,0.18960418210674798,49.08562285456715
TRIP,100.0,False,TRIP,0.8621850227390924,0.3605202773333627,0.38770373691436893,30.828222913218926
TRIP,20.0,False,CTALARM,0.8250300268406092,0.02942426866621589,0.3448954930170666,137.72934236226894
TRIP,20.0,False,TRIP,0.6959254530853051,0.2989280166031018,0.5571823995962195,89.64815866844347
TRIP,60.0,False,TRIP,0.7514192711996264,0.40795060773154707,0.6691889885381411,52.50979642891761
TRIP,120.0,True,TRIP,0.9055359213521985,0.03376365720902669,0.09146935628505916,52.606035201084474
TRIP,20.0,False,TRIP,0.6852500267612762,0.25612148555331354,0.6187394352355879,92.23405444179568
TRIP,20.0,False,CTALARM,0.7711197138416285,0.12927858907437,0.49335785679943145,193.2659148153749
TRIP,20.0,False,TRIP,0.714427313449491,0.3314622257684604,0.4847874817085333,272.91441603285045
TRIP,160.0,False,TRIP,0.9039657198845268,0.059338683539422454,0.26201062799973057,306.9995915707702
TRIP,40.0,False,TRIP,0.8321741673085623,0.46852571533525345,0.2407357368254447,270.51042590598604
TRIP,20.0,True,CTALARM,0.9029313355299631,0.4473642908573659,0.00394763937576188,226.15677349350148
TRIP,180.0,False,TRIP,0.8943567384703199,0.09298720993785459,0.6875434122461154,326.74484790701393
TRIP,20.0,False,CTALARM,0.7875844950094162,0.1616329421825523,0.42455408266113415,187.10524898433022
TRIP,20.0,False,CTALARM,0.8150084273209488,0.2938174873265215,0.2816300367467478,228.0084627073289
TRIP,20.0,False,CTALARM,0.7637211494732681,0.3590311683171252,0.380638175324525,148.18339811947263
TRIP,20.0,True,CTALARM,0.9113463213236107,0.2213280075801291,0.02836892386738372,117.85831231706858
TRIP,20.0,True,CTALARM,0.8849059361955344,0.07814566098048753,0.12155566870416819,119.41624060605123
TRIP,60.0,False,TRIP,0.84110065324601,0.05207574690143579,0.4363519474743818,53.39422141642539
TRIP,120.0,False,TRIP,0.8782924828922168,0.49988266845717194,0.359983210778534,286.7751542425865
TRIP,140.0,False,TRIP,0.879893364285796,0.22767606072174362,0.5509523760493431,19.932510360075764
TRIP,20.0,False,CTALARM,0.7074143934556119,0.4362658745742491,0.4611198833117359,242.8866877552272
TRIP,180.0,False,TRIP,0.9001131004227272,0.24118800231455723,0.421004973185571,311.20566942133286
TRIP,20.0,False,CTALARM,0.6572095737062272,0.46117881927300164,0.5706859930137194,179.07420491473218
TRIP,180.0,True,TRIP,0.9101711440147965,0.0438796913857753,0.04778417388633044,25.272281462958077
TRIP,20.0,False,CTALARM,0.7832820891551555,0.05700959566727548,0.48362075750189965,154.23028618928072
TRIP,20.0,False,TRIP,0.6812786357009308,0.46481609386211215,0.5009134993023108,123.56157703764595
TRIP,160.0,False,TRIP,0.9000645548545994,0.47374652252239247,0.19261448477600768,354.79415494779505
TRIP,20.0,True,CTALARM,0.8756088553905095,0.15735872373268167,0.1369547455411761,248.85547258281997
TRIP,20.0,True,TRIP,0.8681401670009998,0.17758244349693592,0.1496967328191994,259.6895297384112
TRIP,20.0,True,CTALARM,0.8775155928193401,0.226225117417379,0.13869860440239595,185.69769082640315
TRIP,20.0,False,TRIP,0.7912976844750483,0.2080808400336454,0.3666475336325162,255.38913159915472
TRIP,20.0,True,TRIP,0.8894067839681254,0.09502260797979833,0.09493841795607993,260.12555161998057
TRIP,100.0,False,TRIP,0.8474563854849911,0.4491876919696873,0.46150010299354527,23.889197068597745
TRIP,40.0,True,TRIP,0.8965454924772368,0.12665380035282187,0.07355478126413867,80.13834881181734
TRIP,160.0,True,TRIP,0.9089767229764539,0.3526362047388258,0.01882274821717934,4.668319954398981
TRIP,20.0,True,CTALARM,0.8630239475316663,0.03357783886748644,0.22350316971210976,183.53066613428587
TRIP,140.0,True,TRIP,0.9051729101886508,0.019375665764214733,0.13430180661312874,315.28794774096957
TRIP,20.0,False,CTALARM,0.6475172474514813,0.3268652362884603,0.6920634387870576,219.43963249031822
TRIP,20.0,True,CTALARM,0.8563951884615579,0.16950792878663018,0.21209741043205216,180.0747100107754
TRIP,180.0,False,TRIP,0.90620858545825,0.32772969636000066,0.1554448602178596,333.3477051398304
TRIP,100.0,True,TRIP,0.9003526440480442,0.04701060108441518,0.13773887644945018,61.998663967831405
TRIP,140.0,False,TRIP,0.8912988385596894,0.47492568995793166,0.2616970333624432,26.857550936766856
TRIP,180.0,False,TRIP,0.8965234661826205,0.3742572334465477,0.42409422673210445,330.2300651074984
TRIP,160.0,False,TRIP,0.8831380081224701,0.4381336165128996,0.5473616925323976,325.0014317707728
TRIP,20.0,False,CTALARM,0.8454571503182664,0.06823527702225546,0.25520337342014787,245.8700950366618
TRIP,20.0,False,TRIP,0.7701390746139265,0.1600804844464347,0.43817968602995255,88.55249835457872
TRIP,180.0,False,TRIP,0.9014068535073725,0.18417208210317204,0.33744192879557117,349.1150488935735
TRIP,20.0,False,TRIP,0.687840959253278,0.2685863241634093,0.5925467423773788,275.5246866493776
TRIP,20.0,False,CTALARM,0.7927860370391688,0.14843424275370715,0.3983292440109046,242.6020500904809
TRIP,20.0,True,TRIP,0.8546199671378931,0.03031537109470256,0.20292417031537008,80.2480766455612
TRIP,20.0,False,CTALARM,0.7609557734912303,0.18443919036873535,0.49251108002477906,184.71210178792163
TRIP,140.0,False,TRIP,0.8860359034491732,0.12727465731364107,0.574045141616097,296.1274468669199
TRIP,160.0,False,TRIP,0.8999066372600082,0.19296064573160743,0.3258084597347755,309.693680903623
TRIP,20.0,False,CTALARM,0.7165218338017636,0.09847977131001312,0.6910380672176232,202.1148416884565
TRIP,20.0,False,CTALARM,0.7324702510428678,0.13094818728236773,0.6153678154339194,188.2057837389351
TRIP,20.0,True,TRIP,0.8651140832710801,0.3134761702161344,0.13786826876584402,251.1661781907506
TRIP,20.0,False,CTALARM,0.7394985853125947,0.19407691728903254,0.5507291105093661,190.16958395249023
TRIP,20.0,False,CTALARM,0.7842026386157157,0.17269169658474604,0.42066587104483627,150.36517370363794
TRIP,140.0,False,TRIP,0.8889229520538101,0.26695281636118645,0.37436790846548423,30.750844112779923
TRIP,100.0,False,TRIP,0.8659280760663031,0.3859302704219629,0.3597570106056978,45.37788325760884
TRIP,20.0,False,TRIP,0.7084801265238017,0.1894339781739786,0.5973877999477003,273.6991685522403
TRIP,160.0,False,TRIP,0.8915763124801785,0.2937597462779203,0.42761095223241397,8.879063264736505
TRIP,120.0,False,TRIP,0.8716388233350264,0.4831013126840881,0.37639418953761355,18.829809287139113
TRIP,160.0,True,TRIP,0.9095082853043974,0.26099005705902534,0.03420193473063435,325.6716881111103
TRIP,20.0,False,TRIP,0.7701809660472326,0.4548987882587722,0.31381200883099014,253.43896084368654
TRIP,160.0,False,TRIP,0.8789211228045304,0.39683631212821346,0.6356290934318554,1.516579889092604
TRIP,20.0,False,TRIP,0.7771867001704906,0.029359340825074853,0.49821571054123326,112.33561476775418
TRIP,20.0,True,TRIP,0.9020504788983252,0.21454943573462842,0.03566778463930739,274.7946458143961
TRIP,20.0,False,CTALARM,0.6671814367252583,0.34915920393429406,0.6187945975057296,150.33628799181201
TRIP,20.0,False,CTALARM,0.6442811862549385,0.49335595622409995,0.5786670549639378,168.7672162289202
TRIP,20.0,False,CTALARM,0.7894063089481068,0.2291881455807563,0.38267894809866954,165.16766197657995
TRIP,60.0,True,TRIP,0.9094042219852232,0.04639272706336972,0.015683825627597035,72.76838517325463
TRIP,20.0,False,TRIP,0.7672545378913644,0.2810045873564339,0.39370073262366045,259.70091764337394
TRIP,140.0,True,TRIP,0.9084511415726412,0.06328189606198015,0.03821233494849827,37.08227898769307
TRIP,20.0,False,CTALARM,0.8302861145147986,0.3757597801396967,0.22426527174623628,182.6103979968016
TRIP,40.0,False,TRIP,0.7906059494708382,0.25383849873088893,0.4402367332319172,61.184097885370235
TRIP,120.0,False,TRIP,0.853232525830914,0.36171568418864325,0.639039158717522,16.75181144777616
TRIP,100.0,False,TRIP,0.8782468388633791,0.43468091343926185,0.2504569460816351,51.567798400980585
TRIP,180.0,False,TRIP,0.8927733216924767,0.3144740085813886,0.6020166480184173,312.960577072227
TRIP,40.0,False,TRIP,0.7254129392495381,0.3062196646265908,0.6428527072803614,63.413159320966024
TRIP,20.0,True,TRIP,0.9120429581185137,0.37728514771981564,0.014730716320120017,100.21291524444618
TRIP,120.0,False,TRIP,0.895394931307516,0.4212275007263337,0.16759948642677205,49.714123759346236
TRIP,20.0,False,TRIP,0.6840130099960169,0.43452689313850135,0.4969036094592491,264.7962365967931
TRIP,20.0,False,CTALARM,0.7765489132483515,0.018215097841441652,0.5297901301556839,160.36170021234054
TRIP,180.0,False,TRIP,0.9024870410997943,0.27809514839889465,0.2746917951519378,339.70861391222553
TRIP,20.0,False,CTALARM,0.7803531851067929,0.10813465489877572,0.45972822894099846,239.15684960924486
TRIP,20.0,False,CTALARM,0.7307861628736152,0.4301729453908917,0.42851103215342456,191.3001193752378
TRIP,20.0,False,CTALARM,0.714502721698864,0.3241988426016806,0.5178424731207419,236.38713538614044
TRIP,160.0,False,TRIP,0.890619493322163,0.21011123951621907,0.5030608994215853,14.553137955479096
TRIP,180.0,True,TRIP,0.9094899604278546,0.09405211406067565,0.06010955859325294,342.2376936463286
TRIP,180.0,True,TRIP,0.9079055399874008,0.16951181295991324,0.11077512665804265,344.3146597502093
TRIP,20.0,True,TRIP,0.8791058051197995,0.35188884727011227,0.0929090030815212,99.41035267999067
TRIP,20.0,False,CTALARM,0.7248902118604137,0.1021797726058194,0.6527360488899733,226.1863737875281
TRIP,40.0,False,TRIP,0.7772291677230906,0.046791472669186374,0.6394798538470925,72.68948789035485
TRIP,20.0,False,CTALARM,0.6680427242333795,0.4440143791137755,0.5581885887178789,197.08984605616521
TRIP,40.0,True,TRIP,0.8884311470424151,0.3821051747900584,0.08170299247317152,277.4841260847816
TRIP,180.0,False,TRIP,0.9009396775197438,0.09989746532906629,0.4019900289437101,338.3358209299412
TRIP,20.0,True,CTALARM,0.8792808104141921,0.14615577171499583,0.13106143826289599,122.11809237564188
TRIP,20.0,False,TRIP,0.7937911279882683,0.48603508856544286,0.25786875629116174,249.66189469539415
TRIP,20.0,False,TRIP,0.8400506876034013,0.3540922433795587,0.18696389364618904,257.9137611649846
TRIP,40.0,False,TRIP,0.7479159529443689,0.30526100210691237,0.5802516870412261,79.61356841930684
TRIP,20.0,True,CTALARM,0.8909439374589028,0.15381424271206517,0.10111597966349124,226.45156733762119
TRIP,20.0,False,CTALARM,0.7765138770288175,0.14956257208326112,0.452325418027053,235.95166410759958
TRIP,20.0,False,TRIP,0.7174591205794286,0.019761809345115233,0.6887262646433168,275.06739828457233
TRIP,160.0,False,TRIP,0.8873302315808294,0.3642409334509657,0.48093820827754336,359.9810126836321
TRIP,160.0,True,TRIP,0.9081963614508347,0.021587612528442268,0.05546344230487179,14.483652993533003
TRIP,40.0,False,TRIP,0.7840339256867879,0.002428668888639518,0.6354946513737674,72.82981572392092
TRIP,80.0,False,TRIP,0.8366814062886216,0.3647475439304896,0.4501557743827173,52.228235491106645
TRIP,100.0,False,TRIP,0.8686086599273157,0.4744368785745627,0.31941768572364243,55.5962588714529
TRIP,20.0,False,CTALARM,0.7267760351923547,0.37825152386365524,0.461784734978783,163.5295178239074
TRIP,180.0,False,TRIP,0.8940098768888143,0.23582009531218934,0.6153310313308459,316.2731603806575
TRIP,20.0,False,CTALARM,0.8043898608137761,0.2430226247804365,0.3339890595406745,161.54037686439182
TRIP,20.0,False,CTALARM,0.7911985039301928,0.21806821132455267,0.37192503796856047,240.65294322038878
TRIP,20.0,False,CTALARM,0.8184874833880376,0.16232183355516683,0.31671317945256744,135.53969131087888
TRIP,20.0,True,CTALARM,0.9019367141576877,0.2608571070929201,0.05081399842656565,115.07879351200145
TRIP,160.0,False,TRIP,0.8917520970009127,0.21557547857055753,0.5509490888491508,300.32466653845523
TRIP,20.0,True,CTALARM,0.887970042395727,0.29908394002038735,0.08848822054928725,235.99710364263106
TRIP,20.0,False,TRIP,0.791453442827866,0.44906004025054724,0.27619900720181717,126.32230370971297
TRIP,160.0,False,TRIP,0.8965829077261934,0.49750470866190516,0.2707759919254104,329.09769404897935
TRIP,20.0,True,CTALARM,0.8704836702812526,0.03937164494145856,0.19602855446071654,179.4641634423521
TRIP,40.0,False,TRIP,0.8401032973447954,0.1923417363306707,0.28175498812609284,67.77890902774386
TRIP,20.0,False,CTALARM,0.7953889749192441,0.09035309788340473,0.43260637726769996,173.95987048836523
TRIP,20.0,False,CTALARM,0.8486285281895874,0.17606023696276685,0.21797111854539822,242.89179765605127
TRIP,20.0,True,CTALARM,0.8842000597782735,0.1437365092742115,0.1207583563887935,132.16053213221844
TRIP,160.0,False,TRIP,0.8924384057609706,0.08726856581339415,0.6085572573550866,303.76250505914163
TRIP,20.0,False,CTALARM,0.6347689540266993,0.38203802671064524,0.6795828548999948,191.93183301819633
TRIP,20.0,False,CTALARM,0.80892867120491,0.24814437141461793,0.32100867671342437,168.39532077640786
TRIP,160.0,False,TRIP,0.9005392372591756,0.45962279110861287,0.22891379864121006,309.1361123749387
TRIP,20.0,True,CTALARM,0.9023919814773123,0.016296221623507245,0.03323745444476053,166.65041032781508
TRIP,20.0,True,CTALARM,0.9031366384352372,0.03348900656599496,0.025796078427037194,149.18765106629394
TRIP,120.0,False,TRIP,0.8899549892284908,0.20163679146517205,0.2750173969517814,37.33790232005855
TRIP,20.0,False,TRIP,0.734033362190436,0.04013866020201856,0.651169412810676,130.49707638850748
TRIP,20.0,False,CTALARM,0.7608387508074201,0.13136479820741676,0.5114959803810951,142.93738820270943
TRIP,100.0,False,TRIP,0.8794997229612961,0.4930148715383118,0.2444885932095425,65.02403492081632
TRIP,20.0,False,CTALARM,0.7186355504583521,0.10447980374230703,0.6776324976274426,211.6163526167404
TRIP,100.0,False,TRIP,0.8844339432567591,0.09905887070604535,0.3001305322790115,51.78314539812517
TRIP,40.0,False,TRIP,0.8597374858050585,0.28682033439785454,0.19375492078225198,80.52832389740075
TRIP,20.0,False,CTALARM,0.8175414459643439,0.24899914539657836,0.29844727130705,201.99311486105063
TRIP,20.0,True,TRIP,0.8601143503307145,0.2902191486014224,0.14808025888868293,96.83408330090533
TRIP,20.0,False,CTALARM,0.7143169252673495,0.18836763910427334,0.619947139140557,230.2805916462072
TRIP,20.0,False,TRIP,0.8060431923350055,0.41338117994747353,0.2528213172923832,248.5847278514536
TRIP,20.0,False,TRIP,0.7816977542619726,0.06929027572123142,0.46057827514602495,108.46454781839411
TRIP,140.0,False,TRIP,0.8955740912731419,0.21419632292073282,0.27233303917901447,31.45956533881918
TRIP,20.0,False,CTALARM,0.6669311007004286,0.34488092422204353,0.6312119925747737,176.2026601784106
TRIP,100.0,False,TRIP,0.8507464378111853,0.43411822014144985,0.44966652620094105,33.44343123305417
TRIP,20.0,False,CTALARM,0.8114926370298462,0.18478580317837884,0.3417763231969096,185.48484534859253
TRIP,20.0,True,TRIP,0.8826297949580987,0.2838727995468764,0.09250007842693694,261.43842316642565
TRIP,20.0,False,CTALARM,0.7452149369709327,0.03456997250363075,0.631341663996543,223.3187249294892
TRIP,20.0,False,CTALARM,0.8101924904259947,0.08515954405591447,0.3827718077902396,161.3763508363263
TRIP,180.0,False,TRIP,0.9063426059179784,0.03456908123305724,0.19953708107299226,340.50907724311713
TRIP,60.0,False,TRIP,0.7684097729981758,0.36394044599926095,0.6145488242716929,36.62900390958137
TRIP,160.0,True,TRIP,0.9102083470738896,0.14402998436107034,0.03810829917608546,316.80054248829526
TRIP,100.0,False,TRIP,0.8875181734607961,0.3618726450959189,0.21985384213070014,288.04639415083307
TRIP,20.0,False,CTALARM,0.8173762016157061,0.03319913952163728,0.37577988084150327,151.10588893125043
TRIP,100.0,False,TRIP,0.8804611074905127,0.43127390020416273,0.23787003523030512,55.03218188425719
TRIP,80.0,False,TRIP,0.8525693723736285,0.4177650990555458,0.3337139787652005,56.11204287995085
TRIP,180.0,False,TRIP,0.9069987379740215,0.04446437152514132,0.18502137663168872,331.85007386740705
TRIP,20.0,True,TRIP,0.8886708537513224,0.01187825322859326,0.091058163653028,84.13367914017363
TRIP,160.0,True,TRIP,0.9109341722828287,0.028144406490995588,0.0257978970317962,314.68165487561834
TRIP,20.0,True,CTALARM,0.875946228345708,0.426815086573367,0.11035259543849933,181.186279174904
TRIP,20.0,False,CTALARM,0.7177780780978924,0.11735174452594788,0.6670625598173682,166.22446922185196
TRIP,20.0,False,CTALARM,0.7730901019139624,0.27413665892909433,0.40278219333571685,223.02405633017545
TRIP,40.0,False,TRIP,0.8259527629714544,0.21312210159002837,0.342272087694566,77.41406984156386
TRIP,20.0,False,CTALARM,0.8059174522930735,0.39776276311430103,0.269026687513996,154.21344266148984
TRIP,180.0,False,TRIP,0.8962293096318665,0.2444491507353353,0.4958941021883697,337.8543979697747
TRIP,20.0,True,TRIP,0.8783888901855781,0.25033042033063485,0.09888163313426533,85.77249443234994
TRIP,160.0,False,TRIP,0.9006614624731083,0.4945459697499512,0.1932909073568644,331.77008119671063
TRIP,160.0,False,TRIP,0.8945880545052175,0.07506477837462855,0.4591314837646269,357.9154907793043
TRIP,120.0,False,TRIP,0.8774436609596654,0.4153519693729657,0.3353450552096595,18.686587707178838
TRIP,20.0,False,CTALARM,0.7746529835602624,0.025874872801942395,0.539064777271362,191.29648413289377
TRIP,40.0,False,TRIP,0.7439053697717907,0.23882438478648538,0.6279768907696572,61.85494788972789
TRIP,20.0,False,CTALARM,0.6567356950211491,0.44316741196651177,0.5763608139594593,223.8171321444038
TRIP,160.0,False,TRIP,0.9040084365637054,0.33260698280206064,0.1289453999825124,356.2353515573552
TRIP,160.0,True,TRIP,0.9082561129946792,0.34260730968306646,0.06402916486888496,322.8771223505541
TRIP,180.0,True,TRIP,0.9082514945860253,0.13165864112824277,0.11860842038153395,332.9454461782872
TRIP,40.0,False,TRIP,0.7741165734315847,0.20928739568072713,0.5484714841201613,76.80593279235576
TRIP,20.0,False,CTALARM,0.7123431390977291,0.18329053174952525,0.6396817626448973,195.23505560014854
TRIP,20.0,False,TRIP,0.6709185270093656,0.2607216050789971,0.6478142073927002,84.53916590218223
TRIP,180.0,False,TRIP,0.9056908052500702,0.23111396507183407,0.2087510525593119,323.79289472795443
TRIP,40.0,False,TRIP,0.7697647896776503,0.16344917593849467,0.5882389646094908,68.81543750672874
TRIP,60.0,False,TRIP,0.8440866407656467,0.15274030618558504,0.37536487451546763,55.425208467311926
TRIP,160.0,False,TRIP,0.889686283411218,0.12542644582756107,0.5759542938437451,4.378547417046756
TRIP,40.0,False,TRIP,0.8154138554249005,0.1825236234423792,0.3838553896660007,65.5012296311838
TRIP,60.0,True,TRIP,0.8947995030146008,0.07497073896703033,0.10212525384538272,68.31462486763182
TRIP,160.0,True,TRIP,0.9080213021556676,0.4360521510017869,0.055453685751168186,27.896467509220194
TRIP,180.0,False,TRIP,0.8909390741425806,0.30105969591671367,0.6700534044465377,312.3867972287372
TRIP,40.0,False,TRIP,0.8489505359334782,0.06689321279692773,0.2980617895021052,280.79921113060465
TRIP,20.0,False,TRIP,0.8135855000391663,0.3469296671045007,0.24536445142812247,91.61333904501244
TRIP,100.0,False,TRIP,0.8829802108282309,0.4238332339989866,0.24941215933781727,281.97277319203295
TRIP,20.0,False,CTALARM,0.8418861783093297,0.11876783602612945,0.2652540880328304,151.97923684684739
TRIP,40.0,False,TRIP,0.7696895694193273,0.07530029716863196,0.6614977795260366,279.18731136534643
TRIP,20.0,True,CTALARM,0.9089531415946326,0.004308628566876027,0.0438932111822231,116.28275466066248
TRIP,20.0,True,CTALARM,0.9025908933760515,0.023625169428242554,0.0833429011676094,203.27552153563576
TRIP,20.0,False,TRIP,0.682952056141483,0.3811256741517558,0.5527560608372944,137.37979510350067
TRIP,100.0,False,TRIP,0.8610541057085305,0.4935931660208469,0.3845866439380971,67.56329412844889
TRIP,20.0,True,CTALARM,0.9001707847290676,0.0224401612381383,0.08997573057266639,210.82783824072027
TRIP,20.0,True,TRIP,0.9060272049468487,0.3740354795399463,0.024122095744835457,270.2990879920264
TRIP,20.0,True,TRIP,0.8706393169109667,0.03593108292048003,0.15696404379545917,271.1185648538936
TRIP,20.0,False,CTALARM,0.8511480915479309,0.2960664124518334,0.18256751639718974,128.26419059492767
TRIP,20.0,True,CTALARM,0.8976753340916771,0.3780376412141189,0.009949120702249391,186.73623662609808
TRIP,20.0,True,TRIP,0.863176274429614,0.17960219863386884,0.15126337683603536,274.9602954906311
TRIP,140.0,False,TRIP,0.8877036016510067,0.005467360555331868,0.5168232558666798,19.619134028132702
TRIP,100.0,False,TRIP,0.8424812664440187,0.29759467606271295,0.5988035827459026,25.87979998830971
TRIP,20.0,False,TRIP,0.6143709524201217,0.4956223140700139,0.6287650808388024,135.44018638994785
TRIP,20.0,False,TRIP,0.8257694342556944,0.12880871141924788,0.27293982285048035,80.44977637042804
TRIP,20.0,False,CTALARM,0.8549194882841191,0.0947456385936079,0.22358960813249035,134.87256703807932
TRIP,120.0,False,TRIP,0.8673123374798122,0.06196294637675748,0.6999025937455212,33.75110874946448
TRIP,20.0,False,CTALARM,0.7227438205001862,0.27762780995002806,0.5385383156451121,213.1228910431035
TRIP,20.0,False,CTALARM,0.7752350814833405,0.2982225496801367,0.37614645663528806,241.82658215796758
TRIP,100.0,False,TRIP,0.8920571105536707,0.3961354185852012,0.17834000288257762,285.06258284180626
TRIP,20.0,False,CTALARM,0.825994716346929,0.37653663681025484,0.22491381701957328,234.18825770711769
TRIP,20.0,False,CTALARM,0.7545455268963432,0.4462707473975436,0.360755044180571,142.6973022021873
TRIP,160.0,False,TRIP,0.8918084683305455,0.4028863491711507,0.37945804385352544,336.57416093442873
TRIP,20.0,True,TRIP,0.9151663198498606,0.12363354153972222,0.009575050991574473,261.4795257700766
TRIP,20.0,False,CTALARM,0.6738669825407706,0.27793870243788055,0.6715800596900321,189.9652484976392
TRIP,40.0,False,TRIP,0.8172849661474832,0.14870597954679,0.4029243731460944,74.4661470008132
TRIP,20.0,False,CTALARM,0.7873757166123405,0.16489268977575122,0.4124107710863933,233.63099522503765
TRIP,20.0,True,CTALARM,0.8543561356604114,0.4659721846149982,0.14802979362767343,213.01938903094418
TRIP,20.0,False,CTALARM,0.7001373614717135,0.34094795253353677,0.5354910251608734,245.99879961751674
TRIP,140.0,False,TRIP,0.8776366333378728,0.4872952066255529,0.5160851640642898,281.2049155109884
TRIP,160.0,True,TRIP,0.9080922974568162,0.20845626835937225,0.06661058138333484,329.41786283216067
TRIP,180.0,False,TRIP,0.8981108778816388,0.2687187866769883,0.41649606058194416,341.6603728889325
TRIP,20.0,False,CTALARM,0.7574401847403879,0.24355770995821086,0.46073562173091587,226.86678076521463
TRIP,180.0,False,TRIP,0.8967453859747011,0.05364352876186346,0.5848977222017141,347.7441728712036
TRIP,180.0,True,TRIP,0.9078784576268953,0.11835099726330167,0.14426382524239745,328.1120636402043
TRIP,180.0,False,TRIP,0.8918099668235153,0.2638181803022411,0.614344357764484,0.941168525479581
TRIP,20.0,False,CTALARM,0.8316383685804001,0.03368715256650312,0.32303675019531697,229.5422878485628
TRIP,100.0,True,TRIP,0.9031893193111867,0.46573096465444463,0.06756653351395135,64.24898754026289
TRIP,20.0,True,TRIP,0.8975956126495941,0.061921840971685405,0.07393485505761316,106.26935560505943
TRIP,20.0,True,TRIP,0.876837589766373,0.09899037320845355,0.13846311757121868,107.10007190481198
TRIP,20.0,False,CTALARM,0.8405612861838867,0.3826606119693183,0.19792549418971594,173.92667026935868
TRIP,160.0,False,TRIP,0.8986057165828613,0.048467270894656855,0.34748406312185975,3.9118240776119118
TRIP,60.0,False,TRIP,0.7864166478908767,0.4501390498077047,0.5241258384211919,84.88670688887635
TRIP,160.0,False,TRIP,0.9038663307297559,0.3628504853612678,0.1307081314136026,10.483544505541186
TRIP,20.0,False,CTALARM,0.7254498802407534,0.03431042855442945,0.6948562561496755,234.20108365892563
TRIP,160.0,True,TRIP,0.906205505187605,0.34592353064282644,0.1130653522392188,320.14352832941995
TRIP,160.0,False,TRIP,0.8913166122371757,0.3158142710856589,0.4195645774055032,359.20391753949554
TRIP,20.0,False,CTALARM,0.6458179670255948,0.3786747163699593,0.6502583051099379,161.4804810415551
TRIP,40.0,False,TRIP,0.7259960877428303,0.41409892624466793,0.5827551960137789,93.650799705895
TRIP,180.0,False,TRIP,0.8972869280233028,0.3591752815865775,0.45352244116421186,307.11729482304924
TRIP,80.0,False,TRIP,0.8335208263972222,0.29308814763548596,0.500845097753629,40.73706631457021
TRIP,160.0,True,TRIP,0.9063697551851644,0.16123165929088884,0.093943938693755,350.7260331802107
TRIP,20.0,True,TRIP,0.9142833841103568,0.34863683091496456,0.006764137632173761,257.3414836985528
TRIP,20.0,False,CTALARM,0.7798560881984433,0.47848579231538974,0.3039041490522609,181.4164795322691
TRIP,140.0,True,TRIP,0.9063882275626627,0.29376089026443714,0.06266324843681213,34.794193436724
TRIP,160.0,False,TRIP,0.8986042017610577,0.33217243421712694,0.25042679333897705,6.550536855517706
TRIP,20.0,True,CTALARM,0.8714715219263588,0.21856402109990036,0.1566199554988163,196.0315910934981
TRIP,20.0,False,CTALARM,0.6477787008004079,0.3780604048715372,0.6414427056665198,148.9861826784077
TRIP,160.0,False,TRIP,0.8796104981050944,0.49883369616931794,0.6160391993056402,303.35921797033325
TRIP,20.0,False,CTALARM,0.7523356271238706,0.08019466203386805,0.5732599939717058,231.22997268963726
TRIP,20.0,False,CTALARM,0.7715089781244844,0.10120263975188115,0.49976100888979125,155.48268473845022
TRIP,40.0,True,TRIP,0.8844954427899064,0.26971887933219474,0.1078503503728189,81.3625416364298
TRIP,20.0,True,CTALARM,0.9049880209898709,0.24068769863082912,0.0338571983394061,172.9519951723222
TRIP,60.0,False,TRIP,0.8171751185536337,0.2857848922533594,0.4577215004982847,58.67794036301637
TRIP,20.0,False,CTALARM,0.7951331677257841,0.02453702386213652,0.44958069602256945,240.12455849034671
TRIP,20.0,False,CTALARM,0.836031880778492,0.20213822816522448,0.2585969993281367,218.0624660876736
TRIP,140.0,False,TRIP,0.8946315280562619,0.2914891310327804,0.33088066650491793,291.625692525433
TRIP,20.0,False,CTALARM,0.7932587720585755,0.29259567565248135,0.34240457176659256,161.83053800721945
TRIP,20.0,False,TRIP,0.8496224695264312,0.3286669808841868,0.16794969292255446,100.31347188991045
TRIP,140.0,False,TRIP,0.8986754152694509,0.3601080145013319,0.2199166283353101,301.10232932487196
TRIP,20.0,False,CTALARM,0.802740675575832,0.3207736016704283,0.29287268826445106,248.7589493255585
TRIP,20.0,False,TRIP,0.731884129857527,0.3951215776947175,0.4222253209381128,254.415299061366
TRIP,20.0,False,CTALARM,0.6635091167978417,0.3123803173422958,0.6690734442121746,190.1104457062844
TRIP,180.0,False,TRIP,0.9007298922751253,0.26875383126860225,0.37693922666332796,315.3523013592743
TRIP,40.0,False,TRIP,0.7684941970270857,0.30309821444390544,0.511814736680241,82.0020626897529
TRIP,20.0,False,CTALARM,0.7592854830187893,0.050596683376666174,0.5649007716768872,144.6091291270514
TRIP,80.0,True,TRIP,0.9030991750983626,0.13657827036276,0.0794556849159875,286.6437257993365
TRIP,60.0,False,TRIP,0.8173735463668322,0.2636998903290656,0.4571872672877586,47.86592470872522
TRIP,140.0,False,TRIP,0.8906019791563702,0.43649360770085355,0.33747750417809713,290.9194174858373
TRIP,20.0,False,TRIP,0.7562575683026646,0.33952577814399654,0.4007016595735245,126.9342794631025
TRIP,120.0,True,TRIP,0.9082523554949344,0.04520403923594879,0.026891855038331212,45.1813316509321
TRIP,100.0,False,TRIP,0.8390625254099627,0.2961374752222022,0.6343510155831696,28.493814792682457
TRIP,160.0,False,TRIP,0.8899193021829856,0.11086899381854948,0.666948904702815,303.4903387513443
TRIP,40.0,True,TRIP,0.912399431392385,0.36700827989436147,0.002437346579228228,280.3015964252288
TRIP,20.0,False,TRIP,0.8510530512598632,0.4137204262543736,0.1489541144290576,103.69488434022591
TRIP,140.0,True,TRIP,0.9033593162691838,0.2967281362949867,0.12613592159626497,41.89038812549215
TRIP,20.0,False,TRIP,0.7007181057461306,0.29568130487585487,0.5469131620958959,89.0043933735785
TRIP,40.0,False,TRIP,0.8118477677765913,0.169295721605407,0.41865604137827417,76.67554884972327
TRIP,20.0,True,TRIP,0.873480650182199,0.2231250105806547,0.1241335643077122,263.9000346091914
TRIP,60.0,False,TRIP,0.7764341918895978,0.4320541769076727,0.5697796687232023,77.6027103684903
TRIP,40.0,False,TRIP,0.8370708240658002,0.36166016548357827,0.24743241026402388,77.79546783634504
TRIP,160.0,False,TRIP,0.8966909415337183,0.25987682984792154,0.32259981340517163,11.616527699587946
TRIP,20.0,False,CTALARM,0.834081729525381,0.18411619312418548,0.2711146237244518,214.8694877914265
TRIP,20.0,False,CTALARM,0.8173282852749768,0.025189869144277177,0.3649661445088606,248.03263737219862
TRIP,20.0,False,CTALARM,0.8231554000090742,0.07150370066319256,0.33609972818010775,235.25656882131022
TRIP,20.0,True,CTALARM,0.8675315650331907,0.09651259476968532,0.19220880186370984,204.69569621618825
TRIP,180.0,False,TRIP,0.9025337248596231,0.18669177162933737,0.29718922624568817,347.78698158270066
TRIP,20.0,False,CTALARM,0.6228420306830056,0.4720718235381373,0.6358360048980101,170.18586438375175
TRIP,160.0,False,TRIP,0.8979090835620688,0.25257669742937433,0.35202589553547153,309.6491429236445
TRIP,20.0,False,CTALARM,0.7238124318135968,0.11742008162961554,0.6414704872956628,232.56356773584196
TRIP,140.0,False,TRIP,0.8929949751833512,0.052875068730757036,0.3850889334725752,30.29829864762096
TRIP,140.0,False,TRIP,0.8870586502434643,0.16915276230148202,0.5381721052849111,291.6318459513921
TRIP,20.0,False,CTALARM,0.8337485249730077,0.4078653177755284,0.20551391676179903,210.37987500833458
TRIP,20.0,False,CTALARM,0.7349938825516925,0.19167139670525396,0.5532894430310855,235.26923735715647
TRIP,80.0,False,TRIP,0.8806962620490345,0.38625290301120674,0.1850251290894899,64.88187682458668
TRIP,20.0,True,CTALARM,0.9011396734754724,0.4013524880634394,0.013684980150081105,157.49643389124867
TRIP,140.0,True,TRIP,0.9057325862286303,0.05541038484935207,0.11251026022438512,317.0096907747423
TRIP,40.0,True,TRIP,0.9081249735300703,0.30432987631339187,0.015157012522425782,77.5552295110735
TRIP,100.0,False,TRIP,0.8178323782005799,0.4795480316855554,0.662943849324,0.044966353389717106
TRIP,20.0,False,TRIP,0.672268942418156,0.20106903745177696,0.6999839142923859,92.70313636229102
TRIP,20.0,False,CTALARM,0.7756820481263849,0.025472044501511137,0.5335611845336644,175.51528170350832
TRIP,120.0,True,TRIP,0.905467913206724,0.4616513451289393,0.07568971462611133,295.66009558869166
TRIP,20.0,False,CTALARM,0.6308598945432502,0.4418331407862415,0.6292618222328547,231.58472420640632
TRIP,180.0,False,TRIP,0.8954578764855107,0.2610707236045009,0.520643328286273,330.8628488245833
TRIP,20.0,False,CTALARM,0.8378989432639528,0.2761265601720048,0.2325711607814615,164.00319538604165
TRIP,20.0,False,CTALARM,0.814883486140298,0.10587055138806245,0.3515945382662525,140.69348026453343
TRIP,40.0,False,TRIP,0.7636827021456106,0.40972537777231866,0.4632315388833782,83.31055797445677
TRIP,40.0,True,TRIP,0.9082725571399609,0.2493000191960632,0.016835332971289863,78.50249443407749
TRIP,20.0,False,TRIP,0.8180530158937043,0.016938897571278255,0.3510786384699266,264.99956292290176
TRIP,100.0,False,TRIP,0.8488882551968674,0.3415074782244989,0.5126768032784895,28.929284296311284
TRIP,40.0,False,TRIP,0.8697116063683965,0.47524813490135304,0.13175776032743297,87.3768905398831
TRIP,160.0,False,TRIP,0.8960943404016326,0.41457524517287514,0.3106534014355331,318.9222934344467
TRIP,20.0,False,CTALARM,0.8071642953153757,0.1385990701052699,0.3727710904294533,207.69149451587504
TRIP,160.0,False,TRIP,0.8939299110095962,0.026662542466670325,0.5148957603714626,16.771539264599614
TRIP,20.0,False,TRIP,0.5919319078928403,0.4701757062690903,0.6751175975551752,253.53181739872278
TRIP,20.0,False,CTALARM,0.6445258594586541,0.4685313624398507,0.593792883603004,182.4056523911219
TRIP,160.0,False,TRIP,0.8944151499489857,0.2662076598564347,0.4350628941609651,307.6278218992856
TRIP,20.0,False,CTALARM,0.7568881280785067,0.32115870583576756,0.4085484723843665,245.67619411485467
TRIP,160.0,False,TRIP,0.893049982642228,0.23130003035540414,0.4222306851508695,1.6007716720039067
TRIP,40.0,False,TRIP,0.81537302315943,0.20988268354937933,0.38162504986184165,74.06607138297143
TRIP,20.0,True,TRIP,0.9048906616052081,0.05972421796435018,0.04155401618124649,92.8669322033802
TRIP,20.0,False,CTALARM,0.7777640031920423,0.04837644918054801,0.4888074762117435,252.803624098194
TRIP,20.0,False,CTALARM,0.7706741529553174,0.11636607333809373,0.5014357600907221,183.35310396123393
TRIP,20.0,False,TRIP,0.750938792542988,0.41832037320327214,0.3587362535869192,269.0810989528187
TRIP,20.0,False,CTALARM,0.7461486269246509,0.07291615036784,0.6092713237817801,184.6321915620465
TRIP,20.0,False,TRIP,0.7731956807858423,0.11334932595735536,0.4707057619296749,117.85845985077634
TRIP,120.0,False,TRIP,0.8897748387049076,0.27430702966110376,0.25386526049991187,37.31783281512817
TRIP,60.0,True,TRIP,0.9095957169661669,0.1075656090391372,0.013786047519043975,72.94395552074505
TRIP,20.0,True,CTALARM,0.9093626406223316,0.08160334235889355,0.04141315254837605,144.28082892444542
TRIP,20.0,False,CTALARM,0.832822403583129,0.2816581208489811,0.2462587831492504,198.52355094544032
TRIP,180.0,False,TRIP,0.9021160826242576,0.18404663549830774,0.323473727639078,337.9094651486241
TRIP,20.0,True,TRIP,0.8683022306328846,0.3130796429202346,0.11680978365589752,86.29926374394043
TRIP,20.0,True,CTALARM,0.8589159396393211,0.45610267020433815,0.13252981449584245,239.79057820080615
TRIP,100.0,True,TRIP,0.8969009267728009,0.07549656571753383,0.1611479511455354,54.9165281375886
TRIP,20.0,False,TRIP,0.6571777142305335,0.45671682990653195,0.5463593377033908,256.9511238920403
TRIP,120.0,False,TRIP,0.8564690951540083,0.4512449837114593,0.5399014886662399,4.082715771832448
TRIP,20.0,False,CTALARM,0.8015015048644147,0.4145437916679514,0.26805728978964516,236.13118197466164
TRIP,100.0,True,TRIP,0.8976043476372307,0.3156429586530426,0.12065506710907707,58.758356417228775
TRIP,100.0,True,TRIP,0.9034175048226428,0.3100733287327737,0.07763586954442846,64.9168006970964
TRIP,20.0,True,CTALARM,0.9017510940512008,0.3196063299682508,0.06099051843302125,201.2067479932478
TRIP,20.0,False,CTALARM,0.8091805136416609,0.34524777560890657,0.27389547562956046,135.14815652713645
TRIP,20.0,True,CTALARM,0.9016877814665821,0.008241100298078508,0.03187970332478358,169.66985419830104
TRIP,20.0,False,TRIP,0.8058861056687263,0.47904628958032486,0.2335445259884345,111.19999772025284
TRIP,180.0,False,TRIP,0.8894315336752526,0.2928018807327899,0.6730732697787961,343.24813783019704
TRIP,20.0,False,TRIP,0.7615129905778222,0.3907329197012108,0.35525323092702704,104.63619602947998
TRIP,20.0,False,CTALARM,0.7323320037155561,0.18864091953068157,0.5758512597846323,195.13707290477998
TRIP,140.0,True,TRIP,0.9078920999305194,0.0061986069578979786,0.09048616212677935,307.5679999947043
TRIP,20.0,False,CTALARM,0.8529839738880556,0.254867329938222,0.18765514768679337,239.10509241389562
TRIP,20.0,False,TRIP,0.6745976579970508,0.25359505965796447,0.6625825111808061,116.19970091341943
TRIP,20.0,False,CTALARM,0.8321940740082819,0.2184946441557259,0.2684863278538165,198.87720601205498
TRIP,120.0,False,TRIP,0.8780337731870739,0.16985852708103838,0.4538842899138256,29.87680544378187
TRIP,20.0,False,CTALARM,0.7127874490825067,0.12491304390486102,0.6832887454138126,196.4471049747692
TRIP,20.0,False,CTALARM,0.7812512499853564,0.2637724372485914,0.3855514294315148,155.3000718072751
TRIP,20.0,False,TRIP,0.8419341996252994,0.18763906984674705,0.21374216446011512,272.8561345464399
TRIP,140.0,False,TRIP,0.8853519210480327,0.48496594152490435,0.37236391916644357,305.24502352828216
TRIP,60.0,True,TRIP,0.9055315514957429,0.08646365388346572,0.038246039531601515,71.86194779307806
TRIP,160.0,True,TRIP,0.907765361054377,0.1598327838135435,0.07865891186488382,29.3529259658747
TRIP,20.0,True,CTALARM,0.8994234422407454,0.1469802354622855,0.005019773536588945,140.60051324814083
TRIP,20.0,False,CTALARM,0.6954003072797568,0.2716545881179785,0.6189470290955029,192.29414695219694
TRIP,20.0,False,TRIP,0.7501185150681438,0.24964012848707395,0.4698963002297169,135.64870139340812
TRIP,20.0,False,CTALARM,0.8402567782643149,0.32187023271213655,0.20883083559292367,226.28202155930882
TRIP,20.0,False,CTALARM,0.8516831421241605,0.47500088528710394,0.1548129934451132,182.03446069886704
TRIP,180.0,False,TRIP,0.8984485292367254,0.1426105427469337,0.4781536208104459,337.1853724794323
TRIP,20.0,False,TRIP,0.6573347449817473,0.34638578462749825,0.6436724453496977,147.3808043950535
TRIP,140.0,False,TRIP,0.9008869746932833,0.012520101502591807,0.20939736373647747,29.697902261489666
TRIP,20.0,False,TRIP,0.8476646799413555,0.13119423636681227,0.22509137657074724,108.69660761093175
TRIP,20.0,False,CTALARM,0.7125888847783799,0.2318598639982964,0.597968507635641,218.12179045076803
TRIP,20.0,False,TRIP,0.7391609752660033,0.01549739424056723,0.6253630711186265,92.169035498551
TRIP,20.0,False,TRIP,0.6617794703150075,0.30883473027681946,0.6398255967808449,96.83584265002817
TRIP,20.0,False,TRIP,0.8367185650405349,0.3391553042008541,0.20520794560468633,122.2460942480463
TRIP,20.0,True,TRIP,0.8802506484423309,0.37336585741902334,0.08421879731744422,268.61104076725985
TRIP,180.0,False,TRIP,0.9017167700696371,0.25828725242150613,0.3079983003989794,338.4479643458261
TRIP,20.0,False,TRIP,0.8405912182170412,0.3019723324893133,0.20703540559882672,126.13558818520079
TRIP,40.0,False,TRIP,0.7566906944519884,0.19803262563924362,0.618706666768285,70.37569431377707
TRIP,20.0,True,CTALARM,0.9025279098302077,0.02062651625328127,0.02564445926248141,151.42930278015712
TRIP,20.0,False,TRIP,0.7923202269715806,0.04997592788725652,0.4437163287453906,126.6622894726654
TRIP,160.0,False,TRIP,0.8814419034104759,0.32749796210073207,0.6343269560236797,356.40896908434337
TRIP,20.0,False,CTALARM,0.5924500792515875,0.49777764979288813,0.6836692567642462,166.9925730664773
TRIP,20.0,False,CTALARM,0.7948331749074145,0.00790161958164809,0.4550914195086302,244.54200701227106
TRIP,180.0,False,TRIP,0.8906376652811382,0.2787917484131914,0.664946069915666,328.96370399214715
TRIP,20.0,True,CTALARM,0.9008613219177527,0.37550437644127893,0.0529616238375471,226.46216785099804
TRIP,40.0,False,TRIP,0.8339321781980218,0.41338741400693935,0.25149484219736784,89.77625097114739
TRIP,20.0,True,CTALARM,0.9003560292069267,0.27260245061132005,0.006100288128713582,218.6676343199809
TRIP,20.0,False,TRIP,0.6519611446322601,0.30995799009205255,0.6868286405335728,144.6754809834418
TRIP,20.0,False,CTALARM,0.6623091002769271,0.3483624726372767,0.6319085351366894,152.04595299797055
TRIP,160.0,True,TRIP,0.9090915587798487,0.4294831248467153,0.019636789373740946,352.5568492933458
TRIP,20.0,True,TRIP,0.9147508593924497,0.06114476860140933,0.012692855321836182,100.29276489414694
TRIP,20.0,False,CTALARM,0.8037198002184336,0.4630910981374317,0.2568786458744563,168.8166527321919
TRIP,120.0,True,TRIP,0.9013287085406666,0.013008701775785003,0.18097657675363124,57.55213645171211
TRIP,60.0,False,TRIP,0.7701923014994051,0.41809987547888766,0.5928525940697515,64.27591152677596
TRIP,20.0,True,CTALARM,0.8927493763408446,0.03837021327984863,0.11233908229030361,217.25439267090022
TRIP,20.0,False,TRIP,0.7445332093296193,0.09731410580246114,0.5534546238906001,270.3656549349773
TRIP,20.0,False,CTALARM,0.8167572713195377,0.0019470731905663063,0.38812178999346425,229.12555450206426
TRIP,20.0,False,TRIP,0.826859641504494,0.22262835276802034,0.26417423998349143,118.5422392450695
TRIP,180.0,True,TRIP,0.9083701479629596,0.16717961335869613,0.10200383321336512,21.46254212340712
TRIP,20.0,False,CTALARM,0.7164602052672288,0.08299645574351366,0.6983839141717697,169.29499037352915
TRIP,20.0,False,CTALARM,0.7734646016740703,0.22554508040195315,0.43259028464507565,181.53707511382703
TRIP,40.0,False,TRIP,0.8369978359262557,0.20118544158609192,0.30756756279759595,277.43457886553466
TRIP,20.0,False,CTALARM,0.8106000786664035,0.38383051634937077,0.25978928958691216,230.5042424251037
TRIP,180.0,False,TRIP,0.8881534354541338,0.4465651530350162,0.6340097614415987,313.65310593635525
TRIP,80.0,False,TRIP,0.8255818586267392,0.32628362588354093,0.5748342657335327,281.873836330233
TRIP,20.0,False,TRIP,0.7545063046669935,0.06220519436326194,0.5678300518577566,131.71600217194086
TRIP,20.0,False,CTALARM,0.7849902816683456,0.14769539735492532,0.43133893107367494,227.59971246889137
TRIP,20.0,False,TRIP,0.6158393987396429,0.4566591484161399,0.6215696078870612,269.0231506038456
TRIP,180.0,False,TRIP,0.9059353805340984,0.04436724650394458,0.2094948604854493,344.47693290218814
TRIP,20.0,False,CTALARM,0.7541776949014087,0.20342791969541324,0.4925942946143025,152.0467785440085
TRIP,20.0,False,CTALARM,0.7867488603757186,0.47125230961674064,0.28311341967432474,233.38151723200897
TRIP,20.0,False,CTALARM,0.7207640397475159,0.47533242073474286,0.41999916599178444,141.3589807013883
TRIP,20.0,False,TRIP,0.6719625962303588,0.2056015885244462,0.698707100428885,265.6181443931233
TRIP,180.0,False,TRIP,0.8883456215624724,0.3336984440493987,0.6891673464727228,328.3175416718006
TRIP,160.0,False,TRIP,0.896425124384384,0.22837279917699949,0.35883331152721376,330.921365659047
TRIP,80.0,False,TRIP,0.8442759655283207,0.37673026971817086,0.4017044165153772,56.55150625950361
TRIP,40.0,False,TRIP,0.783988449552368,0.015790665346499255,0.6281252383961107,73.47477514351638
TRIP,20.0,False,TRIP,0.7073402463819508,0.07207857446067922,0.6899449987596984,271.7746022843275
TRIP,20.0,False,CTALARM,0.7103708576555037,0.3070994017717996,0.5450254618382558,227.1635589392647
TRIP,160.0,True,TRIP,0.9093020758677447,0.1162761312215318,0.04562912057104149,325.8386232677837
TRIP,20.0,False,TRIP,0.8274421466666442,0.3330261496345743,0.22584781404070475,112.96820138959275
TRIP,160.0,False,TRIP,0.8894123703773889,0.17561146373064918,0.6275936379442155,305.28749201265464
TRIP,20.0,False,TRIP,0.6687471011770257,0.4433227790639107,0.5378467540953363,246.15930851418958
TRIP,60.0,False,TRIP,0.7900891115524604,0.4096296927799932,0.5195631497170989,70.3642716563758
TRIP,80.0,False,TRIP,0.843067527165501,0.2464189000343911,0.4675462613276987,45.537972838430136
TRIP,20.0,False,TRIP,0.7922120855262309,0.3864475435474289,0.29068469474266845,252.98049672309875
TRIP,80.0,False,TRIP,0.8754208619282278,0.1355689431175452,0.2822689242412912,57.04614458073648
TRIP,120.0,False,TRIP,0.8722345401363568,0.2471298884059313,0.5662527413135607,285.9584543075333
TRIP,20.0,True,CTALARM,0.8635337573905638,0.09874102593163908,0.20564620423554963,200.55421444583422
TRIP,20.0,False,CTALARM,0.7067846538218581,0.43044308426049693,0.4793823108906814,171.67214248660432
TRIP,40.0,False,TRIP,0.7518924688396584,0.41153380828420744,0.5083459663967695,99.19045293171106
TRIP,140.0,False,TRIP,0.8676686353696663,0.4510748342045006,0.5911891925530701,354.1844141729495
TRIP,20.0,False,TRIP,0.8134450221410424,0.4387384906121297,0.223919913494911,259.98015992778954
TRIP,120.0,False,TRIP,0.86413807582846,0.4797981310297474,0.5193224867867414,280.1029129793557
TRIP,20.0,True,TRIP,0.8904165913187889,0.11416811581596298,0.0745429283050808,276.73593395952173
TRIP,20.0,True,CTALARM,0.8789675897695138,0.46591214539765774,0.0966432102663333,210.24560778357477
TRIP,180.0,False,TRIP,0.9019043301805058,0.28560659567599883,0.29213522812138104,338.291583105196
TRIP,20.0,True,CTALARM,0.9093087972622558,0.21124754195907608,0.038658043448673095,210.17574121776366
TRIP,20.0,False,CTALARM,0.6761130619060949,0.2801869479839365,0.6633888250257368,187.2164106374938
TRIP,20.0,False,TRIP,0.7053569606418499,0.17130117832513891,0.6313270673565523,98.53575927223221
TRIP,20.0,True,TRIP,0.9075786884077949,0.14427650348047605,0.0342535868680902,101.42493114300244
TRIP,20.0,False,TRIP,0.7312401908343871,0.12065716898876439,0.586818205324595,265.2782061535357
TRIP,20.0,False,TRIP,0.8180725424698007,0.04121399472856341,0.3562119218630177,120.51627179025797
TRIP,20.0,False,TRIP,0.7365578178320729,0.24828244857359372,0.49137402186148493,262.33586825280406
TRIP,160.0,False,TRIP,0.8783273139998197,0.4438808378569437,0.6208518185087311,342.974433173337
TRIP,20.0,False,CTALARM,0.7645085203494044,0.31507598463719233,0.403882140954389,158.1506772403532
TRIP,140.0,True,TRIP,0.9055069641075689,0.26048781637788676,0.08142897019924061,35.03723143667111
TRIP,20.0,True,CTALARM,0.905309975866243,0.21429645912545825,0.0018050273406103766,239.95673327859703
TRIP,160.0,False,TRIP,0.8959869073302378,0.23220081315859598,0.34784507257601255,3.4282914103748263
TRIP,60.0,False,TRIP,0.8054857229707144,0.10463867378597547,0.664462492487052,283.32126765802684
TRIP,20.0,False,CTALARM,0.7473158088187805,0.4114679385965486,0.4008353101292371,189.23512213393863
TRIP,20.0,False,CTALARM,0.8467242541146598,0.09919148164076402,0.2610573966617604,176.30359344311577
TRIP,20.0,True,CTALARM,0.9044345188740646,0.3583113783636565,0.021645411956639347,204.9991778079674
TRIP,20.0,False,CTALARM,0.6519379360585047,0.3799925057480763,0.6404855920947402,185.90707581649772
TRIP,20.0,False,TRIP,0.8321250129746678,0.28743452101386713,0.22900966260062952,116.55981784656817
TRIP,40.0,False,TRIP,0.7533922656798939,0.43146318747741425,0.49334418092056725,101.34320748452708
TRIP,20.0,False,CTALARM,0.7673308167500386,0.14552517622532501,0.4859660414780254,149.50708582460226
TRIP,180.0,False,TRIP,0.9053806576713894,0.4408086106214316,0.1777182129581235,322.16734148960404
TRIP,140.0,True,TRIP,0.9085683979535704,0.3647052297996521,0.044644254522507726,48.73336552362348
TRIP,20.0,False,TRIP,0.800314967533584,0.39937491388088037,0.26950026507029046,116.91525480716999
TRIP,60.0,False,TRIP,0.8640350861309651,0.3322898547636571,0.2219917096860399,69.22815406178557
TRIP,20.0,False,CTALARM,0.701618690169,0.4231715084949847,0.49017947921062804,153.7693116254575
TRIP,100.0,False,TRIP,0.8326093305371176,0.49654943135881796,0.5738477469618873,48.05943088434162
TRIP,20.0,True,TRIP,0.8600750347949644,0.21008142726231932,0.15571179217417225,273.8864210048036
TRIP,120.0,False,TRIP,0.876081211202684,0.4069578418547852,0.3697617488435096,37.248261330446894
TRIP,20.0,True,CTALARM,0.9095901587697508,0.3722898797590168,0.02842584317171316,239.49435370221747
TRIP,20.0,True,TRIP,0.8638602392138592,0.226435082856009,0.1499790760534233,96.37571695284845
TRIP,20.0,False,CTALARM,0.6734071499551955,0.463474499866256,0.5332331237254581,169.98839886875857
TRIP,40.0,False,TRIP,0.773063350022399,0.19721296478629735,0.5553788243423506,71.99566621831491
TRIP,20.0,False,TRIP,0.7079175855291799,0.2827329581381188,0.5434831244162622,262.88052461125886
TRIP,180.0,True,TRIP,0.9086292894708942,0.052971178495480775,0.09967154749178908,341.37935613659675
TRIP,20.0,False,TRIP,0.791669085518306,0.11288759703313311,0.3857243092278921,79.82830346147853
TRIP,140.0,False,TRIP,0.8891412081772927,0.42034808526688033,0.29589589011036804,343.1351547766182
TRIP,20.0,False,TRIP,0.6801374637419848,0.19827636141442367,0.6940404077565633,117.09856836411623
TRIP,20.0,False,CTALARM,0.7702123814127004,0.1970420447076291,0.45784890834083525,200.8249801386846
TRIP,20.0,False,CTALARM,0.713429049419807,0.12299050909531012,0.6546414639770103,252.5723823908074
TRIP,60.0,True,TRIP,0.8922983743728647,0.2458051671487272,0.10174521350590632,71.73670178346971
TRIP,20.0,False,CTALARM,0.7850475042384901,0.4029084806753112,0.31561129117016035,160.11501747574596
TRIP,80.0,False,TRIP,0.8096855909960043,0.4475820588868698,0.540125320074108,24.417893039058033
TRIP,20.0,False,CTALARM,0.8464098025084414,0.03505721602209194,0.25750040962128184,250.9393593700872
TRIP,20.0,False,CTALARM,0.7541596375297629,0.28741036562005773,0.44275594730755263,149.98180310081224
TRIP,180.0,False,TRIP,0.9014005887100746,0.23363668394616727,0.35819152066156246,320.9920317502527
TRIP,20.0,False,TRIP,0.64101496703419,0.3071409252357892,0.6943505864525946,98.63707988632966
TRIP,180.0,True,TRIP,0.9078300981586527,0.22363784345413457,0.12171077804584401,332.4964767566137
TRIP,40.0,False,TRIP,0.7419608969604494,0.19932241042670756,0.6547440867310894,50.77434408582421
TRIP,20.0,False,CTALARM,0.8241682858369,0.23594035621474468,0.2810996676623077,218.507927764998
TRIP,20.0,False,TRIP,0.7922668964039912,0.29099956437820707,0.3275950764641061,110.8109447539844
TRIP,40.0,False,TRIP,0.8109123523124879,0.2504916055158884,0.37002131858298526,65.44137994318345
TRIP,160.0,False,TRIP,0.9035528652542526,0.23607222551032309,0.1857565846035059,33.81738181889958
TRIP,20.0,False,CTALARM,0.6206494687679129,0.40891765497904037,0.674560209827555,236.03132117832837
TRIP,40.0,False,TRIP,0.7160389588470768,0.37282399561892887,0.6380410436643525,83.94045597332837
TRIP,20.0,False,CTALARM,0.7016800071935112,0.1706892470905964,0.6810335701479538,206.21318834557715
TRIP,160.0,False,TRIP,0.8757584056763709,0.40028855875766023,0.697843700546666,352.5907402207
TRIP,20.0,False,TRIP,0.7037775366380663,0.4268253345022501,0.4688600666266804,113.74625530063136
TRIP,160.0,False,TRIP,0.8994641523591794,0.07674610268709525,0.31617984706402125,12.579939978022372
TRIP,60.0,False,TRIP,0.7871605351955395,0.2913412308653794,0.5955137310474133,51.416141182711385
TRIP,140.0,True,TRIP,0.9098651590633009,0.1426559967996069,0.016663414485436987,42.955923388021475
TRIP,20.0,False,CTALARM,0.6775645324306924,0.3695861609633613,0.5840828312994524,166.7820697938849
TRIP,20.0,False,TRIP,0.8064429280301681,0.11939266467934162,0.34810021694770465,268.0742050778258
TRIP,20.0,False,TRIP,0.7245267226347325,0.3357017620865159,0.4712540189583924,106.71997888146902
TRIP,100.0,False,TRIP,0.8870408945824514,0.12756232802881695,0.2618322429397553,52.50339750378356
TRIP,20.0,False,CTALARM,0.8284609429829182,0.2555718817149716,0.2580362077067711,230.6760358784137
TRIP,20.0,True,TRIP,0.9088681162503665,0.47432323395809606,0.0222020069676214,108.42487518572729
TRIP,20.0,False,CTALARM,0.8253913803031965,0.19065376922821725,0.2966526013003093,207.06132575240375
TRIP,160.0,False,TRIP,0.8959755836182045,0.43786924298160385,0.285847936793531,336.1631614821907
TRIP,20.0,False,TRIP,0.8411082879543832,0.4934722906019473,0.15735377130764988,104.88490377354942
TRIP,20.0,False,CTALARM,0.8463271551542999,0.43742542440258164,0.1731262914778372,184.49698121505668
TRIP,100.0,False,TRIP,0.8787281489412571,0.08293301486167143,0.40889770630975814,290.45228890723786
TRIP,20.0,False,TRIP,0.8201457100030454,0.4098291097675815,0.22244000977765213,249.01852049914615
TRIP,20.0,False,TRIP,0.7507757245763729,0.016074697550280626,0.5811763363121027,270.5321429205069
TRIP,40.0,True,TRIP,0.8944921278477935,0.19665094184965393,0.07796957479994654,278.1249749481961
TRIP,20.0,False,CTALARM,0.7406049823316864,0.4353666866589319,0.4043514626025305,194.3697673202555
TRIP,20.0,True,CTALARM,0.8802736333591376,0.3443761063799599,0.11203130899737163,192.98235884481542
TRIP,20.0,False,TRIP,0.7794001336442725,0.26637021366893904,0.3697684388444611,258.80024896144107
TRIP,20.0,False,CTALARM,0.787637185346919,0.19393201254131026,0.38678212086522307,251.15337724088005
TRIP,20.0,False,CTALARM,0.7206116589214671,0.406148473235143,0.4496083805680104,241.22075905068664
TRIP,20.0,False,CTALARM,0.7974228721973782,0.35477920197411045,0.2991974630910256,137.5684891713589
TRIP,140.0,False,TRIP,0.8937091640531606,0.23420265980783667,0.35663227959047805,298.27535241775564
TRIP,40.0,True,TRIP,0.8721342514920458,0.4462421686048299,0.1266668312569053,85.03304017352015
TRIP,80.0,False,TRIP,0.8711120070230758,0.1149740089093162,0.32411074481543073,56.06350788697641
TRIP,20.0,False,TRIP,0.8426902257838865,0.08519575457931244,0.26112127236600335,124.25839888165255
TRIP,20.0,False,TRIP,0.7268769293143064,0.3214018821667908,0.4662917732580868,91.37924654578416
TRIP,20.0,False,CTALARM,0.7733728362200363,0.48599717135088516,0.30437520644754024,238.7457043931363
TRIP,20.0,False,TRIP,0.7403112189426415,0.12362828665338516,0.5455391556861541,83.16642641398592
TRIP,20.0,False,CTALARM,0.8288174900152431,0.12483518946691324,0.2981944690015845,236.33634180631282
TRIP,20.0,True,CTALARM,0.877892421980654,0.06974942398109496,0.16503982108177107,184.76020614268384
TRIP,100.0,False,TRIP,0.8862873296271057,0.4302817776368161,0.19158210327100922,54.88202450709346
TRIP,20.0,True,TRIP,0.9072742793089634,0.11319877020566704,0.0316996575641456,93.02265508356824
TRIP,20.0,False,CTALARM,0.7884994371390082,0.2515892633624439,0.37794316742063705,187.82164234916021
TRIP,20.0,False,TRIP,0.6265134832657316,0.4954362390011023,0.5816166187302252,263.91790941253134
TRIP,20.0,False,CTALARM,0.7739136536715097,0.006070450461021781,0.5383781947722991,143.37059190288335
TRIP,20.0,False,TRIP,0.7965870866139606,0.27824304525539706,0.30645262643692994,83.8197511840944
TRIP,20.0,True,TRIP,0.8682682745671211,0.2561445213524729,0.13728424860115854,106.22815527376396
TRIP,80.0,False,TRIP,0.804433367267636,0.40372368820507737,0.604439110308217,34.24218813842287
TRIP,160.0,True,TRIP,0.9083185743229445,0.17764076977638849,0.03974672383154788,9.053820392483903
TRIP,160.0,False,TRIP,0.8991073664688024,0.20517067944952078,0.27945590764174577,350.32655231886747
TRIP,100.0,False,TRIP,0.8577748714387385,0.08396899029943183,0.5996305996687658,34.70757637172954
TRIP,100.0,False,TRIP,0.8765453040164715,0.37040761581789333,0.2752236811829375,44.95944423983401
TRIP,160.0,True,TRIP,0.9079871381443961,0.39235445459407414,0.08251282952987193,313.54707062867135
TRIP,20.0,True,CTALARM,0.8670647042528351,0.06833166038941513,0.18616465024205728,238.86188485893288
TRIP,20.0,False,CTALARM,0.7810949055431867,0.19672853699416087,0.42002060922006385,156.98611124831746
TRIP,20.0,True,CTALARM,0.8727439079412975,0.4464524976813415,0.1064251353861996,233.64842606130583
TRIP,180.0,False,TRIP,0.9007205137785177,0.0013536368378935792,0.458454728789649,336.5945364709477
TRIP,120.0,False,TRIP,0.8888759458676132,0.14937953531131615,0.306713351839472,35.77583211685414
TRIP,20.0,False,TRIP,0.8257497083275874,0.27752114252627386,0.2340726505743653,87.7359697831196
TRIP,160.0,False,TRIP,0.9060313638340798,0.16704692982997665,0.1686478363662147,309.7081452494667
TRIP,40.0,False,TRIP,0.7788126777716893,0.1360225945888347,0.5763309900996966,281.0301643083985
TRIP,160.0,False,TRIP,0.8987708215271631,0.2300187424516063,0.2776717632243811,357.9324197605887
TRIP,20.0,False,TRIP,0.7618820428297969,0.09076155405484687,0.5169354859243593,113.0071734259893
TRIP,180.0,False,TRIP,0.9015723048913328,0.2648126204797419,0.3082486348461691,340.15910296987624
TRIP,20.0,True,CTALARM,0.8950603094487248,0.35334796065661295,0.06430703082074558,123.7279792662015
TRIP,20.0,False,TRIP,0.7996955728247084,0.2876474763142511,0.30835418261708225,257.43354882677755
TRIP,180.0,False,TRIP,0.9037406228464996,0.04655466542926545,0.3553814458150347,317.7874611437711
TRIP,80.0,False,TRIP,0.8555706166640601,0.4222043070827866,0.3204895354453638,61.48155429301023
TRIP,40.0,False,TRIP,0.7865724753027257,0.08748891874374409,0.5713691982237907,74.0299158126721
TRIP,20.0,False,CTALARM,0.6516765691359935,0.3824060003055643,0.6375959443301205,209.1451132916448
TRIP,160.0,False,TRIP,0.8922992501529844,0.1802825553879252,0.5507450726477238,303.77691721278507
TRIP,120.0,False,TRIP,0.8724835110898769,0.39138067402805116,0.40794733154767177,28.421832679960204
TRIP,140.0,False,TRIP,0.894432435325625,0.10313645170267288,0.37901497238842347,306.3170915121253
TRIP,20.0,False,TRIP,0.7833226195013466,0.0933310518477149,0.4512312210865613,123.52339063623475
TRIP,20.0,False,CTALARM,0.8507149269245207,0.24851292310874112,0.20148120750756215,146.24158103010066
TRIP,20.0,False,TRIP,0.7607708177620429,0.016468007349180247,0.5682927923040795,122.34999444752019
TRIP,180.0,False,TRIP,0.8961616024952772,0.11264866939116669,0.5997937243225626,328.1327656587675
TRIP,120.0,False,TRIP,0.8943482402235378,0.36200612609217414,0.18705201422728135,47.085957569822064
TRIP,20.0,False,CTALARM,0.6419649319887886,0.41869173915271274,0.6319727456980543,206.7388132234836
TRIP,40.0,False,TRIP,0.7820153993337291,0.04039268196890522,0.5941129067941672,53.31890902528502
TRIP,160.0,False,TRIP,0.8954427747143122,0.4410388547190522,0.29714073723775714,334.2940668341429
TRIP,140.0,False,TRIP,0.8722339413946589,0.3987586020265895,0.6363001414649219,287.255272872823
TRIP,40.0,True,TRIP,0.8866024458827272,0.4348421478534827,0.08430729566805568,84.17493873398803
TRIP,20.0,True,TRIP,0.9114366275393567,0.34921427728941995,0.01959059144623025,107.20017651173528
TRIP,20.0,False,CTALARM,0.8232433454524365,0.33707653364698237,0.24350677791583802,137.3455180665639
TRIP,20.0,False,CTALARM,0.7764784169214763,0.2625466166724319,0.3958049891791415,145.95036310635714
TRIP,140.0,False,TRIP,0.8985305058396258,0.3263936122456575,0.24600983017300632,294.24342910753984
TRIP,20.0,False,CTALARM,0.6161487927741915,0.4595548322833026,0.6594474135699516,203.23200791130853
TRIP,20.0,True,CTALARM,0.8736123273033322,0.05026100070835421,0.17829716033860155,154.06175336102208
TRIP,20.0,False,TRIP,0.853918907234367,0.1578822389230456,0.19684937551487525,259.00007649708704
TRIP,20.0,False,CTALARM,0.7986785043264794,0.036227486797935915,0.4443793287813985,164.83135548377035
TRIP,140.0,True,TRIP,0.9112380435485729,0.47240258597201923,0.0027047176391957416,46.166406078524574
TRIP,80.0,False,TRIP,0.8382447743158307,0.222632732999694,0.5092899366482194,38.69610633703021
TRIP,20.0,False,TRIP,0.8116474040129327,0.3376722353380942,0.26422863816521003,117.34440472626183
TRIP,20.0,False,CTALARM,0.6164988517207686,0.4205600322521607,0.6844235073503072,217.03328554146196
TRIP,100.0,False,TRIP,0.8448311173384965,0.4955001240382443,0.48399231512082397,48.54287795336439
TRIP,20.0,True,CTALARM,0.9047191771274766,0.08089122889613287,0.03655046855764016,198.04830145106664
TRIP,20.0,True,TRIP,0.8888373627505957,0.39975630285911434,0.06483946611938153,97.05947213114406
TRIP,20.0,True,TRIP,0.8910888443261813,0.4437114490683682,0.06171767484691098,250.34882961898504
TRIP,160.0,False,TRIP,0.8890238800199091,0.02443768842543781,0.6668355819243605,10.17457242349343
TRIP,20.0,False,CTALARM,0.7203494770908787,0.3770452800927867,0.4788360788523114,168.84843533300628
TRIP,160.0,False,TRIP,0.8990450880595704,0.17736266059827516,0.299324205102255,18.815093645123735
TRIP,20.0,True,TRIP,0.864326551559383,0.324298395735216,0.14033788291602173,118.98279909911538
TRIP,160.0,False,TRIP,0.8848235001628738,0.2570240980194324,0.6115478225050622,5.607051943276482
TRIP,20.0,True,CTALARM,0.8817694339483079,0.12987112604331846,0.1410891493699383,168.8755538080553
TRIP,20.0,False,TRIP,0.765439500478589,0.06761068100199302,0.4946754515330722,276.1257126520842
TRIP,100.0,False,TRIP,0.864525096025219,0.058473616544604146,0.5343270530817421,36.07921358854004
TRIP,20.0,True,TRIP,0.8571320073915706,0.05166142885424585,0.2062592621987858,264.68016911784974
TRIP,20.0,False,CTALARM,0.7850464139491291,0.31889502006728887,0.3534403160194496,210.31029615323922
TRIP,20.0,True,CTALARM,0.8746358842495371,0.17570542569976905,0.1560924976228757,181.65789832896724
TRIP,20.0,False,CTALARM,0.8434241873787783,0.10831671910293622,0.26525076021884864,215.81397442088698
TRIP,20.0,False,TRIP,0.6393607043447671,0.3459425463529515,0.6755940787960061,120.9229674225104
TRIP,20.0,False,TRIP,0.717363406164597,0.3434247828832334,0.4851966242581011,255.72223935658417
TRIP,60.0,False,TRIP,0.796707604429156,0.26958414617849885,0.5926299443333605,280.679703091478
TRIP,100.0,False,TRIP,0.864721614197522,0.46747890843292544,0.37841970002671865,280.1605916112759
TRIP,20.0,True,TRIP,0.8601756555322839,0.19270711572071064,0.1673278195059493,97.00552418172784
TRIP,20.0,False,CTALARM,0.6967598200361989,0.4179314856346465,0.49901589966703547,235.4065234883469
TRIP,80.0,False,TRIP,0.8707904659163883,0.037569703966098156,0.3503975725533965,53.31446126829951
TRIP,20.0,True,CTALARM,0.8737438066531578,0.3699155470192522,0.12379420767494108,178.35106089465614
TRIP,140.0,False,TRIP,0.888296821776345,0.494223706915965,0.28870092273274717,0.9465336214263287
TRIP,60.0,False,TRIP,0.8058851249645224,0.4232991081439084,0.4443881533114141,69.6912332430028
TRIP,20.0,False,CTALARM,0.7266034960226565,0.2898323596550297,0.5147322996775667,227.42428169973803
TRIP,160.0,False,TRIP,0.9043097585235965,0.3133830321635803,0.1702545571232462,314.7701418731266
TRIP,160.0,False,TRIP,0.8874268901428028,0.1766447747184734,0.6131981375445318,17.65018749096875
TRIP,20.0,False,CTALARM,0.8174979890186568,0.33974260912905196,0.2656857749522746,201.07900518275883
TRIP,20.0,False,CTALARM,0.8409158115394844,0.3851976915906635,0.18979570252492386,229.239007237811
TRIP,160.0,False,TRIP,0.9035530579351297,0.49911424055892695,0.13658403881760733,335.66075322578865
TRIP,20.0,False,CTALARM,0.7182444884596096,0.2462314585002165,0.5629199340820815,235.85176607218435
TRIP,140.0,False,TRIP,0.8996957643145522,0.030652032886721137,0.2479152024762437,37.091772889465815
TRIP,80.0,False,TRIP,0.858983326827454,0.2979289753654926,0.33837931952155426,52.827927316012975
TRIP,20.0,True,CTALARM,0.8778953457889636,0.059512074991084296,0.15597387649471295,228.87508639931917
TRIP,20.0,False,TRIP,0.7595684407755378,0.12238252177805503,0.48026374981825204,77.62308363476376
TRIP,180.0,False,TRIP,0.8963693388007226,0.16438995565286862,0.5467233852866956,334.18997095582375
TRIP,180.0,False,TRIP,0.9031924354315249,0.3655149365742053,0.2375976742673391,331.447392282919
TRIP,180.0,False,TRIP,0.8943816821734528,0.09190406193925027,0.6615555697599814,341.5161096565968
TRIP,20.0,True,TRIP,0.9129199675500492,0.08287647342117627,0.021427426692165262,105.46293881238961
TRIP,20.0,True,TRIP,0.8924764158345783,0.022482121249413733,0.09306017229182824,258.1019668657139
TRIP,20.0,False,CTALARM,0.7310888921468222,0.43661996817694043,0.41215092209234355,238.68500649654584
TRIP,140.0,False,TRIP,0.8785985406849066,0.34675271217803033,0.49098480343386575,12.817361281597952
TRIP,20.0,True,TRIP,0.8677333547435738,0.019973232808813246,0.1754780926563413,95.60342748466068
TRIP,40.0,False,TRIP,0.8331691854632403,0.01414615281905729,0.3878497678239439,74.43602268460863
TRIP,20.0,False,CTALARM,0.8379021908356944,0.27933714823752803,0.2228703729299689,133.49109662580238
TRIP,180.0,False,TRIP,0.9006698938278745,0.14126720064335552,0.38786247193511314,343.099337956281
TRIP,160.0,False,TRIP,0.8928395384611854,0.2983631752159644,0.4615293744349767,304.41659002500177
TRIP,20.0,False,TRIP,0.6769633998444946,0.21730208784048266,0.6809656374983402,105.63285289257969
TRIP,20.0,False,CTALARM,0.7753293733502566,0.4616562811551273,0.31898780201482857,190.81135119575632
TRIP,40.0,False,TRIP,0.8044037490449092,0.14390450748068395,0.4537512281899664,69.21580377119828
TRIP,20.0,False,TRIP,0.7499527213497134,0.33957268421944675,0.4046274735439523,99.87623722653777
TRIP,160.0,False,TRIP,0.9033455558586899,0.027027155809299597,0.22228842572130106,23.40116964535843
TRIP,20.0,False,CTALARM,0.8372418536301088,0.4779302670944627,0.17714489218840423,231.33834033006116
TRIP,20.0,False,CTALARM,0.583765732995157,0.4903787339541761,0.6915095052213065,236.49147881867842
TRIP,140.0,False,TRIP,0.9032063373333472,0.3695373145082062,0.14479665319106072,301.8605834892397
TRIP,160.0,False,TRIP,0.8898965049353134,0.23260623578178657,0.5531926869519657,313.7586528338115
TRIP,120.0,True,TRIP,0.9050963082590852,0.10999671966363067,0.10261117371453271,57.62138370974021
TRIP,20.0,False,TRIP,0.6605191289732216,0.40625817012398235,0.5630458885528755,267.4947406186754
TRIP,140.0,False,TRIP,0.9031607702091133,0.36817704857351113,0.13000991009268362,48.49474781783964
TRIP,20.0,False,TRIP,0.7116488836784264,0.11097701978047453,0.6770096508113168,134.53740422849194
TRIP,20.0,False,CTALARM,0.7568394930818424,0.22560764707863284,0.4801913596021621,185.59316576131963
TRIP,160.0,True,TRIP,0.907567059904124,0.23139946890839252,0.06308277057308022,17.809169071347366
TRIP,80.0,False,TRIP,0.8272090126000289,0.41320527498635456,0.48522398362130753,56.434936156363555
TRIP,20.0,False,TRIP,0.7414978560811778,0.34192234216703826,0.4225345339470863,97.60179599641374
TRIP,120.0,False,TRIP,0.8909899817635808,0.32158377177002756,0.23628237268577093,45.915238668308156
TRIP,180.0,False,TRIP,0.9051944305962348,0.3249137112816392,0.18251519842970024,336.2746579942799
TRIP,20.0,False,TRIP,0.7566207691676722,0.13523503969123946,0.5031325472237065,103.79490771136187
TRIP,20.0,False,CTALARM,0.7516110114849336,0.185855629914767,0.5189529610649061,180.42179922320892
TRIP,160.0,False,TRIP,0.9025604903461335,0.02283114271835307,0.22904409426677558,358.752325653247
TRIP,20.0,False,CTALARM,0.6587868566491761,0.3934705679060619,0.6133589775876526,203.99136369524783
TRIP,20.0,True,CTALARM,0.8585638604000181,0.21649910758490692,0.18817905322194386,148.1384789971505
TRIP,180.0,True,TRIP,0.9098714924087009,0.21911917854378676,0.04890509818236771,334.72526613274266
TRIP,20.0,False,TRIP,0.7795423096046509,0.12267813246681336,0.419907491379305,80.09919193197908
TRIP,100.0,True,TRIP,0.9054021846632242,0.10471364072971445,0.07494940098213129,64.62026670193485
TRIP,20.0,False,CTALARM,0.8517538881207084,0.2939109647845146,0.19366484498653969,192.7311728546821
TRIP,20.0,False,CTALARM,0.8140839110651542,0.11627650760183789,0.3550304751339065,153.82862561930045
TRIP,100.0,False,TRIP,0.8975739621195791,0.032104425782732204,0.20045173565010832,286.9149878335674
TRIP,160.0,False,TRIP,0.9029301035200088,0.38375370799044917,0.15049743969403107,15.123614869572211
TRIP,20.0,False,CTALARM,0.7584942207319179,0.18823471720318297,0.4922297904339581,222.38129678803918
TRIP,20.0,False,TRIP,0.7884098522153121,0.19011779194965223,0.3828995389816069,255.84449144323554
TRIP,180.0,False,TRIP,0.8937469954539041,0.21565914075789566,0.5878328737751963,349.8900338966281
TRIP,80.0,False,TRIP,0.8402372977204416,0.4075224117040469,0.4068677162588343,52.47475208634077
TRIP,20.0,False,TRIP,0.803371136221874,0.16041844796990856,0.3384130482416448,88.64755873540835
TRIP,160.0,False,TRIP,0.9017313769247625,0.379018105628918,0.18287944612755172,335.6795633649272
TRIP,20.0,False,CTALARM,0.6586617224008389,0.4697724203897716,0.5544461125639081,227.0263843739882
TRIP,180.0,False,TRIP,0.9063634053869267,0.3304340979623997,0.13780970599505704,13.697651784784188
TRIP,160.0,False,TRIP,0.9039802182595732,0.21584054058851232,0.1695598876812122,27.84384081208043
TRIP,120.0,False,TRIP,0.8633440190951309,0.37389486157333235,0.5891120177271489,282.75860182596057
TRIP,20.0,False,CTALARM,0.7423850640224927,0.22894868487569275,0.5188347680104478,204.29081944430968
TRIP,20.0,False,CTALARM,0.7780599238532322,0.2072136355540704,0.42901144228566435,203.5495733827946
TRIP,160.0,True,TRIP,0.9104696193837449,0.2626415817863416,0.027244371550601398,316.7516315920627
TRIP,20.0,True,TRIP,0.8858992579386769,0.1588611674046469,0.08908033279930853,86.79525097364217
TRIP,60.0,False,TRIP,0.855161477663677,0.0521251081400006,0.3499702221313267,57.75515345592719
TRIP,20.0,False,CTALARM,0.7444109503031098,0.2074260027630826,0.5224372464380237,220.97014114394898
TRIP,160.0,False,TRIP,0.9009330759092049,0.061928440564650966,0.3248706049342763,317.672315155398
TRIP,20.0,True,TRIP,0.913429835340215,0.20522073677772334,0.01210511709034816,95.49023208034254
TRIP,20.0,True,CTALARM,0.8720198840144999,0.27846686060672515,0.1289889990667752,245.26597132488672
TRIP,100.0,False,TRIP,0.8566924337286863,0.4653555906028234,0.41213668973415263,54.856451468978705
TRIP,40.0,False,TRIP,0.8091881445404694,0.018111165522651795,0.4859519417815939,61.88713049849361
TRIP,160.0,True,TRIP,0.9099983574202505,0.3107292032509721,0.023399818898333067,324.5436208305855
TRIP,140.0,True,TRIP,0.909025069671179,0.22886759332503864,0.03033222742235023,42.467398166295126
TRIP,160.0,False,TRIP,0.9041619547143928,0.010130564102069584,0.18291708081945407,8.764393195870085
TRIP,40.0,True,TRIP,0.9002169360286103,0.12477408796936018,0.05845118677059545,278.9785613198823
TRIP,20.0,False,TRIP,0.8106813816031663,0.05924262617740078,0.37936236253535527,130.50343746906492
TRIP,20.0,True,CTALARM,0.897791560441804,0.10839707286572237,0.08659138736967632,142.7970787927671
TRIP,100.0,False,TRIP,0.8731244182376517,0.1372851217304591,0.4537535344309957,287.94871616695036
TRIP,40.0,False,TRIP,0.7732356518595662,0.20065316769109814,0.5440577235153109,64.77688496784535
TRIP,20.0,False,CTALARM,0.6707293033225128,0.26451969674444514,0.6793616646264746,234.11769894757285
TRIP,20.0,False,TRIP,0.7351229443864604,0.0004949969631930506,0.6638848731464,112.87019838154842
TRIP,140.0,False,TRIP,0.901673488996289,0.0809346803143704,0.19135560516469471,37.53664583286389
TRIP,20.0,True,CTALARM,0.9133706313363505,0.04678319280440035,0.020586721836220977,247.49857762923165
TRIP,20.0,False,TRIP,0.832665067526412,0.27483669963137186,0.23058855127823755,114.719088438337
TRIP,180.0,False,TRIP,0.8991243691184578,0.1645374352006349,0.4959360830988572,311.9774775408255
TRIP,160.0,True,TRIP,0.9088425420431582,0.27419886801735904,0.0418608464907775,330.8528340834843
TRIP,160.0,False,TRIP,0.9039571726517961,0.11091165108733891,0.25179886037000004,305.658634291543
TRIP,20.0,True,TRIP,0.862202302007745,0.012114677043792432,0.20862418328283486,116.0466290767663
TRIP,40.0,False,TRIP,0.8617352371608458,0.4706834506351234,0.15354194507328367,85.16974476947621
TRIP,160.0,False,TRIP,0.8952560728671678,0.05415406059449701,0.49429152831122064,321.40823126680795
TRIP,20.0,False,CTALARM,0.7898156550603288,0.0634293739808584,0.4613679035170618,163.06091419552607
TRIP,20.0,False,TRIP,0.8075055014066592,0.07327341325507025,0.37484586582404034,254.78630048088567
TRIP,160.0,False,TRIP,0.8791590018698154,0.49063826199663635,0.6375422477771182,297.77911250782836
TRIP,20.0,True,TRIP,0.8896245259709183,0.30883012008499805,0.07219719691119071,99.9671957524161
TRIP,140.0,True,TRIP,0.9046212487793602,0.3051449758519253,0.10478245713469157,42.87507405652446
TRIP,20.0,False,CTALARM,0.7923597093990565,0.4933491007592648,0.26841477545358916,224.9379228035829
TRIP,20.0,False,CTALARM,0.7937487227448596,0.044219384637327386,0.4591174363040304,212.46921207476103
TRIP,40.0,False,TRIP,0.7729583440312613,0.48725044627114455,0.40885550457178843,97.2720261570873
TRIP,20.0,True,CTALARM,0.9095266063443294,0.10200657327702045,0.051829881227552374,210.4944196987232
TRIP,120.0,False,TRIP,0.8604265508632533,0.3115357517810177,0.6708973626225272,284.52861161220346
TRIP,20.0,False,TRIP,0.847308220251122,0.21004178265139584,0.21354537152297404,126.00395364388586
TRIP,20.0,False,TRIP,0.8287895371691635,0.1919759067385891,0.25128082964816567,87.23437881320599
TRIP,20.0,False,TRIP,0.7066894302647433,0.4656216642397313,0.43654085933039644,261.0004368994402
TRIP,60.0,False,TRIP,0.8095480602144018,0.07461386422012822,0.6616158622218142,282.9139260054461
TRIP,160.0,False,TRIP,0.8854626992253358,0.4985345055381218,0.46388176737229037,343.5441976328113
TRIP,40.0,False,TRIP,0.7411621888399555,0.18956253054577427,0.6683413306833929,53.13089625028961
TRIP,160.0,False,TRIP,0.9055107888544207,0.3243874519442772,0.13131378317433526,320.1350766797501
TRIP,80.0,False,TRIP,0.8352884717080851,0.4839533657416801,0.43316695028105445,275.43557202836485
TRIP,20.0,False,CTALARM,0.7546189117469918,0.02880052518948739,0.5802152243133993,252.68396685511962
TRIP,20.0,False,TRIP,0.7492078544274824,0.4614321814625953,0.356317127778393,112.69930650853614
TRIP,160.0,False,TRIP,0.8991261034009146,0.28390569267717164,0.2535215730805383,7.989462427735483
TRIP,20.0,False,CTALARM,0.6411732275837216,0.35219843948872614,0.689330971022314,182.71817788299924
TRIP,20.0,True,TRIP,0.8892522214765791,0.07459209194317418,0.09869113827766235,102.87697553485783
TRIP,20.0,False,TRIP,0.8102445365146034,0.2666937154155161,0.2876506692700596,104.33556681360884
TRIP,180.0,False,TRIP,0.8906440691581266,0.33675685736262184,0.6113616267924621,333.76988778935527
TRIP,40.0,False,TRIP,0.743574569344648,0.2281236536938409,0.6303365225541446,55.068801139155305
TRIP,180.0,False,TRIP,0.8942149236383725,0.07749258905302836,0.6862674710918418,336.32365665259937
TRIP,20.0,False,CTALARM,0.7328529376003861,0.12205953754278831,0.619393314585067,181.37041560386638
TRIP,120.0,True,TRIP,0.9084551811783643,0.42719639549674926,0.035669917771188775,301.7805393819372
TRIP,20.0,False,TRIP,0.7337311380486897,0.01723549641638139,0.6508365497392418,102.09152571908774
TRIP,20.0,False,CTALARM,0.7985306892882789,0.3544310392204062,0.2997170339847497,228.21143907050464
TRIP,20.0,False,CTALARM,0.7027552862095146,0.4996950182572634,0.45613343121960737,200.37182246043005
TRIP,160.0,False,TRIP,0.9020073912595195,0.0037414980533833075,0.2759931084169833,332.69979219042017
TRIP,40.0,False,TRIP,0.7851476204593109,0.08052284140996996,0.569567653629484,64.54743366327158
TRIP,40.0,False,TRIP,0.7920181157717192,0.33707215044656724,0.40314349342593625,73.64516030729266
TRIP,200.0,False,TRIP,0.9012982186439605,0.02999541729267413,0.591881249787803,341.62718380327607
TRIP,140.0,False,TRIP,0.9022410351673102,0.29489499192792945,0.13564003006453706,35.267263482997805
TRIP,20.0,True,CTALARM,0.8702339576411032,0.34200005178052806,0.12948816632843158,228.4856888558387
TRIP,140.0,False,TRIP,0.8914211133264657,0.2940731740570351,0.3082637611093509,21.803080757491124
TRIP,140.0,True,TRIP,0.909230046872412,0.1825923515105336,0.003326081473736375,27.716690923417197
TRIP,20.0,False,CTALARM,0.7250442266265656,0.34864114799331947,0.4849970684273806,214.97354744461987
TRIP,20.0,False,CTALARM,0.8460131251055014,0.29714721400691024,0.20723760946560768,198.49246637546113
TRIP,20.0,False,CTALARM,0.8065236484264466,0.10381858604695987,0.3901095423501149,206.28943155129338
TRIP,20.0,True,CTALARM,0.907908660869693,0.2815677717925549,0.049002492322592815,170.51475475797943
TRIP,20.0,True,TRIP,0.860772910647195,0.44095360856946375,0.11945105156788575,267.2493626093777
TRIP,160.0,False,TRIP,0.8901758307897938,0.333416642845225,0.43600141901535294,357.1878730913635
TRIP,20.0,False,TRIP,0.8404048881285715,0.23589575369692356,0.21396383897773014,99.28124870052802
TRIP,20.0,True,TRIP,0.8712617642275193,0.16079205143472558,0.15030535980994358,116.43828023338143
TRIP,20.0,True,TRIP,0.8744879102308015,0.04294310471878643,0.16019255056543752,116.29783524355729
TRIP,20.0,True,TRIP,0.8668738228153878,0.12231356637951435,0.1503735553078468,274.7768206701069
TRIP,20.0,False,TRIP,0.8000954803000387,0.005593376543438444,0.4359956646013837,125.28558040454213
TRIP,20.0,True,CTALARM,0.8632644477802123,0.4933129587624822,0.11738385012861997,243.62534432975423
TRIP,20.0,False,CTALARM,0.8469317680809618,0.11124112606436998,0.25389445142592326,160.5195205242944
TRIP,20.0,False,CTALARM,0.7106206584222285,0.40743797134268633,0.4815208059154165,218.8096801282845
TRIP,140.0,False,TRIP,0.8966273428360274,0.0843224409024893,0.3595697401433554,298.4455342097637
TRIP,20.0,False,CTALARM,0.7927585316220067,0.14180057480278696,0.41809660954283867,185.06112751951406
TRIP,20.0,True,CTALARM,0.8653610362879653,0.20913865961418338,0.17563488562462395,171.062352304814
TRIP,20.0,False,TRIP,0.6999017283365128,0.16220283207080255,0.6529004112156439,96.1108500979091
TRIP,20.0,False,CTALARM,0.7986520098536608,0.39917540637993054,0.2897154738214349,185.72564945512218
TRIP,40.0,False,TRIP,0.8466565042893477,0.47884670400771157,0.20087475562863416,94.46841824745741
TRIP,160.0,False,TRIP,0.8804610181225471,0.43764724182542425,0.6330283288409306,303.68527405846515
TRIP,20.0,False,CTALARM,0.7859274192627042,0.07678893347387827,0.4587027306850709,139.99104967017018
TRIP,80.0,False,TRIP,0.8369418444758647,0.38834433817464514,0.4297621041969153,46.4787474605834
TRIP,20.0,False,TRIP,0.7278275015605128,0.07397345665235572,0.6207142565163176,86.3883100534896
TRIP,20.0,True,CTALARM,0.9066387216095595,0.4566905532810507,0.040978200389969084,192.44932828821223
TRIP,180.0,False,TRIP,0.893527948610409,0.2589392878342892,0.5863756584053061,329.86350569871087
TRIP,20.0,False,TRIP,0.7606572781297917,0.16819054402835337,0.4745050550135706,108.20213948692067
TRIP,20.0,False,TRIP,0.8412215013565364,0.0785127486670964,0.25199495634609054,95.17903347575216
TRIP,20.0,True,CTALARM,0.874865351896877,0.005904544089502306,0.17944593976669893,146.36154053164873
TRIP,180.0,True,TRIP,0.908935922221752,0.12397349583044237,0.07336412991709035,348.39161218517273
TRIP,180.0,False,TRIP,0.8876306549807029,0.45701003164065596,0.6587519191726829,304.2790828060874
TRIP,120.0,True,TRIP,0.9023204746340712,0.39863109613611375,0.09933847233067533,53.88046238688896
TRIP,20.0,False,CTALARM,0.8358920320535514,0.48489685387535975,0.181606975011619,220.95118335609507
TRIP,80.0,False,TRIP,0.8598505129866757,0.05038076056068652,0.4837750256986289,285.07111320385246
TRIP,40.0,False,TRIP,0.7734668106984413,0.29608937175283473,0.4971067065201948,276.4837228932855
TRIP,20.0,True,CTALARM,0.8911629874724796,0.1285752370153883,0.11253809322181577,175.9843770316617
TRIP,20.0,False,TRIP,0.700672770268357,0.2714708528862037,0.5698918125359393,263.4592988426552
TRIP,20.0,False,CTALARM,0.8090432320808605,0.16022744278172757,0.3572010884234537,210.09117981347413
TRIP,40.0,False,TRIP,0.7730175624750358,0.14173277512167876,0.5939196746805763,72.52019382679296
TRIP,160.0,True,TRIP,0.9075935038034327,0.28692265101229875,0.06109977289328116,20.17931062914311
TRIP,20.0,True,CTALARM,0.9091926933273478,0.09165908093477015,0.02998099936558277,133.0198848181214
TRIP,140.0,False,TRIP,0.8853736120062361,0.23456671848605842,0.44589326704604476,22.298040701114353
TRIP,20.0,True,CTALARM,0.8818521036119804,0.3254061325220174,0.10501665797687178,142.20482541152117
TRIP,140.0,False,TRIP,0.8966353572764363,0.06409103659140203,0.3674643320133099,298.39644056547354
TRIP,120.0,True,TRIP,0.9106447121350745,0.465297135438452,0.009876131499156103,303.9458934252893
TRIP,140.0,False,TRIP,0.878906620189162,0.2528623497270624,0.5459504823837401,12.266611682406428
TRIP,80.0,False,TRIP,0.7982711969287022,0.4097639859421711,0.6296711191249511,25.03276830341789
TRIP,20.0,False,CTALARM,0.6846100382238987,0.32695271531053166,0.5872179333750016,241.15215153284808
TRIP,20.0,False,CTALARM,0.6475717523683377,0.35500047061127277,0.6708469692052927,179.99953017919194
TRIP,60.0,False,TRIP,0.7690158329359383,0.358065470496419,0.6321670282611527,53.769021382940714
TRIP,120.0,False,TRIP,0.8843996281107578,0.4375499485307363,0.3108126128032557,289.99066238355357
TRIP,40.0,False,TRIP,0.8332852615103178,0.30680271752346205,0.2788437459105526,77.93861857431189
TRIP,120.0,False,TRIP,0.8677838825677052,0.1391085758606948,0.62732856758008,28.133731690455875
TRIP,20.0,False,TRIP,0.7251846659439345,0.04975482143272858,0.6488571567500588,269.8225697160031
TRIP,20.0,False,CTALARM,0.6602714435730175,0.30312530972507074,0.6809851638226259,218.92535086750706
TRIP,20.0,False,CTALARM,0.7696709159562963,0.03317640188529053,0.5378220643899478,141.9993859432765
TRIP,20.0,True,CTALARM,0.8759801570535412,0.1206467258447651,0.14139218095896622,249.38143336207244
TRIP,180.0,False,TRIP,0.8960177503756216,0.030353592300955856,0.6614678952775057,328.09704792883304
TRIP,160.0,False,TRIP,0.8822727010660286,0.27444379450328354,0.6629990267713537,12.305679395993181
TRIP,20.0,False,CTALARM,0.7849511756725825,0.08016906247143402,0.46629195473908,225.96459756312075
TRIP,40.0,False,TRIP,0.7419798628105059,0.30520365971673663,0.6000961864446392,78.54022692560153
TRIP,20.0,False,CTALARM,0.7534008664630688,0.3954325654316338,0.3928234948147666,170.68959357889818
TRIP,20.0,False,CTALARM,0.6285965037095654,0.4109403603859312,0.6608888617882058,152.63320639801304
TRIP,20.0,True,CTALARM,0.9029260782755653,0.15477175406881372,0.06575547761446382,140.3926804204307
TRIP,40.0,False,TRIP,0.7445724734943271,0.274477266347248,0.6047745875393394,68.52819608908631
TRIP,100.0,True,TRIP,0.9088289909710824,0.2815053800431795,0.03885254032599754,288.9539771201936
TRIP,20.0,False,CTALARM,0.837586312045402,0.2364435910770833,0.23737493655261435,136.6274105739721
TRIP,160.0,True,TRIP,0.9071845847576514,0.3275569457123824,0.09472794983068333,319.39065393713275
TRIP,20.0,False,TRIP,0.8182461564195327,0.10504356191176678,0.3353945647240385,127.6805782607367
TRIP,140.0,False,TRIP,0.9008642563832212,0.48962161979339713,0.16257231059472896,302.2968040844952
TRIP,20.0,False,CTALARM,0.7344620257842995,0.04903991354546622,0.666450665533798,196.00787934888763
TRIP,20.0,False,CTALARM,0.7460397604540492,0.4146105706015596,0.39152493355738666,138.82508454952517
TRIP,20.0,False,TRIP,0.6739105532938492,0.2970479934755939,0.6284115154126073,253.45159725527856
TRIP,60.0,False,TRIP,0.8809300500871126,0.12242737359685796,0.19464092833580565,283.19566485723203
TRIP,20.0,True,CTALARM,0.9010366055533979,0.3728375003301499,0.018184291962592566,173.76868449881346
TRIP,20.0,False,CTALARM,0.7681847986842667,0.04224044783853598,0.5429585025787451,153.15135421807324
TRIP,20.0,False,CTALARM,0.7128106113233296,0.38720891722439155,0.49166436198038027,207.87082933403596
TRIP,20.0,False,CTALARM,0.778399085739027,0.29499261112150676,0.3818441519719355,210.65881626205856
TRIP,20.0,False,CTALARM,0.7578746322430374,0.055375159198200796,0.5707399108104488,153.17251770768746
TRIP,20.0,False,TRIP,0.7437948688022162,0.03975278154618511,0.5880590608536927,272.7586362393496
TRIP,20.0,False,CTALARM,0.7464483254202015,0.37541816671823125,0.41153231561272163,143.89972119137084
TRIP,20.0,False,CTALARM,0.7074954160917013,0.14646795325191858,0.6761494542977559,163.07940343769738
TRIP,20.0,False,CTALARM,0.6908764760536487,0.44465092538360673,0.503798363332129,217.91456074062447
TRIP,160.0,False,TRIP,0.8872357313387231,0.381036510515088,0.4738127633138401,355.26560469503926
TRIP,20.0,False,TRIP,0.8105955549978259,0.34909512235885803,0.2529952547910517,93.84699996507707
TRIP,20.0,True,TRIP,0.9134287803455674,0.13930302631672548,0.001581005020005366,83.50300796814895
TRIP,80.0,False,TRIP,0.8841593553992687,0.35447225951080896,0.1686598717259246,63.67941594467377
TRIP,20.0,False,TRIP,0.6610930987276366,0.474073842257417,0.5347443547702408,248.19991715092806
TRIP,20.0,False,CTALARM,0.7819020109812622,0.04577991718528446,0.4969098781060219,161.6740694706268
TRIP,20.0,False,CTALARM,0.8472740741819759,0.16308132100178302,0.23171550138106592,139.89828242673892
TRIP,40.0,False,TRIP,0.812407282750639,0.11733613273079707,0.43790808217690713,73.47253469359272
TRIP,160.0,True,TRIP,0.9060693817533085,0.19662506720033335,0.13670123563119602,320.8098158652018
TRIP,20.0,False,CTALARM,0.8466220459688378,0.3711663274269732,0.1845394034883308,159.5422926800589
TRIP,20.0,False,CTALARM,0.6879533629788683,0.23712129071269328,0.6631856657317475,218.76959213507843
TRIP,120.0,False,TRIP,0.8871341521575661,0.28536530306012314,0.28922640105491615,40.51064818531023
TRIP,140.0,False,TRIP,0.901993773676212,0.15707744403917118,0.17149131600919815,38.869998006564394
TRIP,140.0,False,TRIP,0.8942070805284004,0.07064463354355027,0.340975772787294,24.247634999038485
TRIP,20.0,False,CTALARM,0.8362525551243687,0.13346682446886426,0.2709111158511563,132.2445891017857
TRIP,20.0,False,CTALARM,0.6926098961212956,0.4298401506209935,0.5106703261443739,170.23917678908816
TRIP,20.0,False,TRIP,0.6487800145450151,0.3012084810767052,0.6734812745436167,88.04813380172526
TRIP,20.0,False,TRIP,0.7802220587392942,0.18899433659861686,0.41421619712038427,125.88390211583146
TRIP,160.0,False,TRIP,0.8898058361210176,0.3949529908677938,0.4138030308558405,2.253612248557104
TRIP,20.0,False,CTALARM,0.8490165914974181,0.03222871622745438,0.25538370110643815,126.39184749410214
TRIP,100.0,False,TRIP,0.8741022529854315,0.12694554396119284,0.3952416523827067,42.90168053910511
TRIP,120.0,False,TRIP,0.896002679125194,0.11505157702866964,0.22353020647099672,46.21841221460024
TRIP,160.0,True,TRIP,0.9103445041817368,0.49268228108411105,0.0007644520186393499,1.622195121601191
TRIP,20.0,False,TRIP,0.6654131104668997,0.3530492911963801,0.6062673210149395,250.69700378343848
TRIP,180.0,False,TRIP,0.9014799631723294,0.3088929681942771,0.30061085986519365,335.26215865777823
TRIP,20.0,False,CTALARM,0.8294164984099195,0.002492482647236449,0.3444619395377977,223.75640190677657
TRIP,160.0,True,TRIP,0.9089885398447212,0.09215500104492869,0.05845064079814973,34.632738694047475
TRIP,160.0,False,TRIP,0.8839236647944047,0.31777064648653913,0.5859773593837744,356.2738017813015
TRIP,160.0,True,TRIP,0.9052983157700867,0.18985966324083287,0.11923594926431326,351.2106615155448
TRIP,20.0,False,CTALARM,0.7893592561759439,0.4621401918395304,0.28743481114902114,168.56443283669594
TRIP,80.0,False,TRIP,0.8102977763497764,0.38236210957087896,0.5881858829447169,38.83291862626653
TRIP,20.0,False,TRIP,0.8042337830247863,0.22369203640205998,0.32044805814946364,259.4661514729936
TRIP,160.0,False,TRIP,0.8790679564705607,0.3747574887691352,0.6518066348265246,346.1285536140374
TRIP,100.0,False,TRIP,0.895101713483262,0.4877021619131108,0.14652001239448276,280.33185748992935
TRIP,20.0,False,CTALARM,0.7463592481638541,0.2304904123507353,0.5006629809683399,224.71302764555315
TRIP,20.0,False,CTALARM,0.6523975894532776,0.3212629439442667,0.6845989664932092,219.89948485358775
TRIP,140.0,False,TRIP,0.8819751403080658,0.4593323075306476,0.3847295460542176,352.05052111402637
TRIP,140.0,False,TRIP,0.8867294961645467,0.12433733101808664,0.48452872905079497,26.322961255117004
TRIP,100.0,False,TRIP,0.8751542161480804,0.44327895683313917,0.2752586617207059,53.84016705262541
TRIP,140.0,False,TRIP,0.8899603627645185,0.04877235338649133,0.5259361378078282,299.0921201062852
TRIP,60.0,False,TRIP,0.7736480599086377,0.32422408529382324,0.6362118395666103,52.24070891511324
TRIP,20.0,False,TRIP,0.706580655077636,0.3914190775278922,0.4921388969353704,137.98673529445065
TRIP,20.0,False,TRIP,0.6571696600613383,0.30730310962621304,0.6551500979666854,101.33973217971013
TRIP,20.0,False,TRIP,0.7630859977954844,0.24776740207627151,0.41205685639461676,87.64009791854156
TRIP,160.0,False,TRIP,0.892272524514046,0.308673549962843,0.403996208315674,9.259902399033603
TRIP,20.0,True,CTALARM,0.8626438671397333,0.07583185438972229,0.21323917167640874,203.850454872532
TRIP,20.0,False,CTALARM,0.7699170771560512,0.10778535516510918,0.49673924381465007,144.44622750004592
TRIP,20.0,False,CTALARM,0.7310271901168203,0.13494967197817098,0.6173667652293087,198.57247654932405
TRIP,20.0,False,TRIP,0.7415056777352941,0.29888967031501906,0.4524213582902518,109.62295433910131
TRIP,180.0,False,TRIP,0.9063596252187789,0.22095053687253524,0.16312745441900806,338.92590781953453
TRIP,20.0,False,CTALARM,0.8064223052237027,0.12223792124291977,0.38087638030518056,212.88498920694988
TRIP,160.0,False,TRIP,0.8830516647386508,0.44140466607229006,0.5291561918659905,346.0345367516161
TRIP,20.0,False,TRIP,0.6974108282366211,0.1869609201466117,0.657554320410927,126.00214353311712
TRIP,160.0,True,TRIP,0.9054266837950721,0.22301585961494558,0.10961723466438776,0.8242334446759525
TRIP,40.0,True,TRIP,0.890372072650634,0.20485053827449728,0.0892479636765924,281.25560338647864
TRIP,120.0,False,TRIP,0.8944068443696371,0.09097147763837632,0.2890604711630342,297.8563876418312
TRIP,160.0,True,TRIP,0.9062046925925287,0.36581350771511667,0.08792781862382759,21.133222992120967
TRIP,20.0,False,CTALARM,0.6826496634709723,0.224229131134429,0.6863002387535828,225.13292224643484
TRIP,20.0,False,CTALARM,0.8398520962753376,0.008128554946359223,0.2970130570977914,237.96643213444327
TRIP,100.0,False,TRIP,0.8607144031671502,0.4820068511798985,0.3735273633475334,52.46419213712351
TRIP,20.0,True,CTALARM,0.8551651945545817,0.40788180579770683,0.1589614469049399,198.90883902692923
TRIP,40.0,False,TRIP,0.8191556459453393,0.36177967704590164,0.3143882864758505,87.55159704477973
TRIP,120.0,False,TRIP,0.8433807777561895,0.4345459352592645,0.6892857544028538,5.92261315362582
TRIP,160.0,False,TRIP,0.8944274572477396,0.45340362680277513,0.3420810059568786,312.0879925354024
TRIP,20.0,True,CTALARM,0.8945451760910778,0.16874485319221932,0.006176748063140346,177.01026164152708
TRIP,60.0,False,TRIP,0.8785102354095468,0.3054793392083493,0.16976927117544138,281.411676327856
TRIP,20.0,False,TRIP,0.6465541949774722,0.3044039046027971,0.6849183813349529,260.24149160247913
TRIP,160.0,False,TRIP,0.8853671848246399,0.13364983440529848,0.6923472593875127,357.73389396523044
TRIP,20.0,True,CTALARM,0.8800568307852401,0.1109761257235336,0.14734516284019394,157.66322540442954
TRIP,20.0,False,CTALARM,0.798811958031684,0.05695362740951104,0.4306848614906974,153.91821843258393
TRIP,20.0,True,TRIP,0.8966179863975102,0.3296570979582264,0.053835831353790116,101.43200413842128
TRIP,20.0,False,CTALARM,0.7476614542270466,0.39045949551538994,0.4042091497112404,225.05299682515727
TRIP,20.0,True,CTALARM,0.8883797465693639,0.3804764897585019,0.08814449104050619,175.00050019990232
TRIP,20.0,False,TRIP,0.7285681827748978,0.15813768859248717,0.5730630665498605,262.35400397100074
TRIP,20.0,False,TRIP,0.7185761169765321,0.10262992523260112,0.6577024913215711,128.34421143891382
TRIP,120.0,True,TRIP,0.9014436226690784,0.22680708922731097,0.12109076563463783,47.104106979357326
TRIP,160.0,False,TRIP,0.8986288846512261,0.2734067301202553,0.32389851801637676,310.4767627630035
TRIP,120.0,True,TRIP,0.9055369616105726,0.45954356398427787,0.0714300989322439,298.09689910728645
TRIP,20.0,False,TRIP,0.8112467516490298,0.43741157713702705,0.23739800495108246,126.36006736166792
TRIP,20.0,True,TRIP,0.8985721811212475,0.45802916565091384,0.04556842833236854,248.5266183043197
TRIP,20.0,False,CTALARM,0.8418656354610495,0.4251311925679898,0.18518256961219892,177.26504625922024
TRIP,40.0,False,TRIP,0.6683154355056917,0.4822906022181556,0.693156566962511,273.94995496719605
TRIP,20.0,True,CTALARM,0.9091775498809532,0.23274999858452872,0.031222287124981294,140.44765271922446
TRIP,20.0,False,CTALARM,0.7575930409999599,0.023736748716547185,0.6012778307330694,192.83012474084265
TRIP,160.0,True,TRIP,0.9084377169918854,0.04178101607423912,0.0542168044278734,20.813797463309008
TRIP,40.0,False,TRIP,0.8165882816590011,0.19513807088617158,0.3702978517821521,62.967593371709285
TRIP,60.0,False,TRIP,0.860993572377908,0.12884354563649864,0.316483854699142,281.43561879903706
TRIP,20.0,False,TRIP,0.7256173696858101,0.08497029568053366,0.6520882620144514,137.3635735822359
TRIP,160.0,False,TRIP,0.9030398553083677,0.4766018872543243,0.1393349035995627,12.637952722652464
TRIP,100.0,True,TRIP,0.9004505865086092,0.09770979420531123,0.12577741076574459,60.3490628563008
TRIP,20.0,False,CTALARM,0.670944033660365,0.4796896361576155,0.5240998619974826,148.1752915508212
TRIP,20.0,False,TRIP,0.6964827457103425,0.38041942016060354,0.5080036311702477,258.4487185260379
TRIP,20.0,False,TRIP,0.7250952152711758,0.32047283606261173,0.4894272393449591,130.85461505060314
TRIP,20.0,True,TRIP,0.9094122131924249,0.33800948004468917,0.018288981320666507,268.2668715763929
TRIP,160.0,False,TRIP,0.9056306077492711,0.165737161829562,0.18197178070743605,308.90181142623004
TRIP,20.0,False,TRIP,0.6831869331410465,0.3232135190291411,0.5879266244980095,122.80918111405654
TRIP,100.0,False,TRIP,0.8778079218957577,0.09334605914063265,0.42060068501974085,288.1352055075931
TRIP,100.0,False,TRIP,0.8540133485856745,0.46885271626798974,0.4215364445125271,45.67703973486823
TRIP,20.0,True,CTALARM,0.85754076897455,0.15089666998029677,0.20714162378336817,149.50206902579743
TRIP,140.0,False,TRIP,0.9014474575624102,0.12759325614677108,0.1821211619898635,35.122462661373326
TRIP,120.0,False,TRIP,0.8517746587259589,0.35558139909707875,0.6625884216127783,18.91007596611926
TRIP,120.0,False,TRIP,0.8664358629796947,0.32822435903309094,0.5094286951972485,23.229855894760885
TRIP,140.0,True,TRIP,0.9055250978783917,0.22564945917165263,0.08880628246128627,37.71072974938912
TRIP,180.0,False,TRIP,0.8919173701193757,0.31622311734539316,0.6563948595006346,300.86133242990354
TRIP,20.0,False,CTALARM,0.8048299468606408,0.07974653588042807,0.40765910627263835,195.7237645081284
TRIP,160.0,False,TRIP,0.8995997828428911,0.3366641537009775,0.23335365686996165,341.05974759972383
TRIP,20.0,False,CTALARM,0.8381915516139392,0.13530534759759694,0.2779976124797189,193.68010847250488
TRIP,20.0,False,CTALARM,0.7628044630251181,0.13641798833822866,0.5077831572468328,226.33607963173924
TRIP,40.0,False,TRIP,0.8519520118433825,0.08108996747189229,0.2633908561802585,66.4142260105775
TRIP,20.0,False,CTALARM,0.7932376706459996,0.1661885675180823,0.40512135938302485,194.609167428135
TRIP,20.0,False,TRIP,0.7583196575719016,0.16562553015566406,0.49734964765388334,138.70891756919767
TRIP,180.0,False,TRIP,0.907244810417185,0.22708950585113463,0.13676249811417515,335.31672317053324
TRIP,180.0,False,TRIP,0.8945270504214786,0.09520975233317475,0.6609690403697845,336.2116376814451
TRIP,40.0,False,TRIP,0.855638244688186,0.09650376807938316,0.24932094000478686,71.45950050080675
TRIP,20.0,False,CTALARM,0.8143912644112515,0.2708692858316142,0.29356232995383996,223.24711101781173
TRIP,20.0,False,CTALARM,0.780078553179872,0.06443870233523757,0.4889600575074744,229.74328906955208
TRIP,20.0,False,CTALARM,0.751145844748861,0.34444850399441757,0.4261495625714348,202.51262860488643
TRIP,100.0,False,TRIP,0.868675724374611,0.4719735629312983,0.3080838858574254,44.75869487825375
TRIP,20.0,False,CTALARM,0.7641212277988114,0.21339781083218912,0.45481942821055393,235.44551478271026
TRIP,160.0,False,TRIP,0.8817115774084743,0.4505526565753384,0.6319798153004311,287.67070257271206
TRIP,20.0,False,TRIP,0.7579117336746781,0.04915829556293222,0.560198531651793,124.28137218712683
TRIP,20.0,False,CTALARM,0.7646145954839045,0.021478813687822285,0.5769813069683415,185.2386126998966
TRIP,120.0,False,TRIP,0.8942884581758173,0.36068443875691997,0.18088588599711905,41.878060685740046
TRIP,160.0,False,TRIP,0.896446984107994,0.38051078649074827,0.29358234450834625,335.04793613532996
TRIP,100.0,False,TRIP,0.8599210602423175,0.42152912048287566,0.38767339915784144,39.433627142035206
TRIP,40.0,True,TRIP,0.9052060564921142,0.02840883919999071,0.03093357341303805,75.01575840056894
TRIP,20.0,False,TRIP,0.6814174975981269,0.3884535274784152,0.5388545262641271,107.45225128801258
TRIP,140.0,False,TRIP,0.9014600548983186,0.1882693663982909,0.22642439709056222,297.2844861055279
TRIP,20.0,True,CTALARM,0.855472416096392,0.1516688163410993,0.19781725462870997,252.23613138084778
TRIP,160.0,False,TRIP,0.9036575481320747,0.08651196067164846,0.18150440654930244,2.525197681116911
TRIP,100.0,False,TRIP,0.8857714926762763,0.4980078775512635,0.1983654857940451,66.0821569773878
TRIP,20.0,False,TRIP,0.8481077193847952,0.03183179465943181,0.23661038251048255,270.05442450908464
TRIP,20.0,False,CTALARM,0.7328895180380421,0.4135040073039997,0.4233771906533114,145.38041676029246
TRIP,160.0,False,TRIP,0.8918360386519584,0.31974721774526377,0.4084957253300442,9.436871688213596
TRIP,160.0,False,TRIP,0.9015991752410721,0.36754022213093357,0.17899822752131275,347.0100761952089
TRIP,100.0,False,TRIP,0.8935152955721144,0.3558585599608982,0.14449699360124524,54.44384865860235
TRIP,20.0,False,CTALARM,0.6631162124026877,0.42921724253659127,0.5784507330499498,183.76799041685794
TRIP,20.0,True,TRIP,0.8964403725279466,0.09189603492805415,0.06490633637345657,89.39379515214362
TRIP,20.0,False,TRIP,0.8173548931566583,0.0004123084173426883,0.3589759888406492,265.48895528112945
TRIP,60.0,False,TRIP,0.8393926886853891,0.2992642445216331,0.3643926119324932,279.6213956570237
TRIP,20.0,False,CTALARM,0.7888716043189763,0.17692931966166697,0.4018957647681351,142.99934526896152
TRIP,20.0,False,CTALARM,0.7409199841162395,0.061893665558568844,0.619955081134995,237.04186372525146
TRIP,180.0,False,TRIP,0.9006563413697277,0.09306937705211943,0.4367397580663373,327.2664904367348
TRIP,140.0,False,TRIP,0.8798611780061567,0.16587465622961145,0.6815436363736163,293.33128265733825
TRIP,20.0,False,CTALARM,0.7496385619519808,0.035116685443351614,0.6099471583441092,149.36317835216929
TRIP,20.0,True,CTALARM,0.8832111803556087,0.02845660106422543,0.15031818164104807,158.93137940278964
TRIP,160.0,False,TRIP,0.9028833581724447,0.4580131274162221,0.1688283171577108,319.2761786497274
TRIP,160.0,False,TRIP,0.9011831011142166,0.1560513746768481,0.2413418951406194,12.374208153483458
TRIP,140.0,False,TRIP,0.8894830404935964,0.49111534873679247,0.2740600905560919,8.212166032977489
TRIP,80.0,False,TRIP,0.8424530400585551,0.48218350416519995,0.38709658421538684,74.08632296340795
TRIP,120.0,True,TRIP,0.9023344584706834,0.0712856411635569,0.16275884302743718,297.9437920867237
TRIP,100.0,False,TRIP,0.8923180294252511,0.35746215144809546,0.15564162677963594,55.15674754219229
TRIP,20.0,False,TRIP,0.8133115645611163,0.3004024445635346,0.2669729701576557,102.70054258140695
TRIP,20.0,False,CTALARM,0.730195663228437,0.3453235365525768,0.47041617924892637,226.46472845046327
TRIP,40.0,False,TRIP,0.8082819770327292,0.04809550000723739,0.48168792916733183,66.32741162209707
TRIP,20.0,False,TRIP,0.7093186385702097,0.09428003931727902,0.6832817180282027,109.12188284768644
TRIP,20.0,True,CTALARM,0.8858266883881256,0.03831933072544075,0.14169080374526982,168.0885817643492
TRIP,40.0,False,TRIP,0.8360852259533245,0.3020671026085356,0.2750014062998865,82.11934215645773
TRIP,100.0,False,TRIP,0.8152132787761448,0.49329553792454556,0.6752742485573423,357.2689262320559
TRIP,60.0,False,TRIP,0.8057831753267395,0.3359922688289707,0.48300611986588643,58.840566235656425
TRIP,160.0,False,TRIP,0.893385274991149,0.3553807675109648,0.4145949673754134,305.9773577712911
TRIP,20.0,False,CTALARM,0.7415365864220582,0.49229252077164054,0.3777522359809428,169.2359393395389
TRIP,140.0,True,TRIP,0.9078920171331248,0.3390057770858981,0.05285726609537958,46.484524699267844
TRIP,60.0,False,TRIP,0.8132691733520453,0.020090786314235165,0.6253616661711372,42.655016578529015
TRIP,20.0,False,CTALARM,0.7255203658687761,0.4335028004282988,0.4378536507905753,180.10658017830792
TRIP,20.0,False,TRIP,0.7863471524102091,0.18233914518939814,0.4001671855496238,127.26726172891568
TRIP,20.0,False,TRIP,0.8089194450364128,0.002181810757357683,0.3776502403252898,84.45682768067772
TRIP,180.0,False,TRIP,0.90258610009972,0.2536170887804103,0.27433994512477816,345.2180893796696
TRIP,20.0,False,CTALARM,0.8404325224091024,0.46850750043813183,0.17826528395262492,166.81670662794872
TRIP,180.0,False,TRIP,0.8974397711907128,0.1286653435974916,0.528725389734139,334.37195329403795
TRIP,60.0,False,TRIP,0.8409033663083029,0.24575658652641996,0.35669726243316346,59.03990138333478
TRIP,100.0,True,TRIP,0.910003640955748,0.08688844389119538,0.023757672602454215,66.04778420280441
TRIP,20.0,False,CTALARM,0.8462126906328314,0.02884633583322005,0.2793661498405143,214.56996873928256
TRIP,20.0,False,TRIP,0.7285137707969729,0.04027247335655659,0.6500225467559827,97.15523134205614
TRIP,60.0,False,TRIP,0.8527488736970872,0.3635054529806777,0.261726193078604,66.57762802005375
TRIP,120.0,False,TRIP,0.8823367817655297,0.4320372353710745,0.2892631055479016,34.08673874879198
TRIP,140.0,False,TRIP,0.8901843142900472,0.07164941962624555,0.4367727861385249,27.45744131057898
TRIP,20.0,False,TRIP,0.732295450223703,0.14415928390523436,0.5611723626711176,271.1406187488335
TRIP,20.0,False,TRIP,0.7738832817380834,0.09751473382241366,0.4679227823932985,101.57873269313396
TRIP,180.0,False,TRIP,0.8970122997599085,0.013427888463213966,0.5950383117860625,352.2308951907485
TRIP,80.0,True,TRIP,0.8997283541576203,0.2767156849434918,0.0797794109284888,65.92360589248493
TRIP,20.0,False,TRIP,0.6510421706041425,0.3499610850688238,0.6472147873230542,127.60079400858524
TRIP,20.0,False,TRIP,0.6670494808228346,0.32393874044253523,0.6327453526879702,134.96710301364004
TRIP,20.0,False,CTALARM,0.8026954084607711,0.1940267736511238,0.36340401060991145,180.05500538525877
TRIP,180.0,False,TRIP,0.8988405894202749,0.27750512296995267,0.4373195664510407,313.42891283260326
TRIP,140.0,True,TRIP,0.9060627862198901,0.04704965331811234,0.1489691351409812,300.5172755871074
TRIP,160.0,False,TRIP,0.899376045241724,0.07715185936134222,0.31356320658697223,3.5842791109663175
TRIP,20.0,True,CTALARM,0.8564223021634881,0.4658973097764917,0.14189235264386862,147.33182410497454
TRIP,120.0,True,TRIP,0.9108347235956624,0.3807538739099484,0.015383675258713658,298.05722317460953
TRIP,140.0,False,TRIP,0.8605240992828476,0.46136954791258367,0.6866321476889368,0.07121081761567005
TRIP,20.0,False,CTALARM,0.840447788877867,0.4583401422496836,0.18140256099714355,192.1102459985678
TRIP,20.0,False,TRIP,0.7474515614510089,0.3246963085538703,0.41517581622848465,93.41122367995268
TRIP,20.0,False,CTALARM,0.8239875383644625,0.4641193240560826,0.2101752684765041,148.59667772715622
TRIP,20.0,False,CTALARM,0.8345556108573406,0.2083520515412316,0.2594351341473044,151.3096919563709
TRIP,20.0,False,CTALARM,0.8467695491912941,0.0018081223924704681,0.27843309100759234,141.0315986583052
TRIP,160.0,False,TRIP,0.9038393325697286,0.03128555792307969,0.23453271192733038,321.1020439960547
TRIP,20.0,False,CTALARM,0.7969084890686624,0.054743662850407604,0.446179831537955,193.12689922903246
TRIP,180.0,False,TRIP,0.8956196078318007,0.04767672659143013,0.6726553893420242,325.3488205780745
TRIP,20.0,False,TRIP,0.8170872137891025,0.17585119542513172,0.3000442550043631,261.62726663568634
TRIP,20.0,False,TRIP,0.636352884089274,0.3506354035546788,0.6813287068379855,126.40322555064203
TRIP,20.0,False,CTALARM,0.7213508986941105,0.3953244033002475,0.46745806614134816,177.68292535762376
TRIP,20.0,False,CTALARM,0.758026995468332,0.29510663717231234,0.4249953365147063,140.349073753905
TRIP,140.0,True,TRIP,0.9054118734881225,0.07321808727848977,0.1659726962592461,298.2867401521158
TRIP,80.0,True,TRIP,0.9044175887153318,0.3739508010740876,0.04404449412956657,67.53521230954694
TRIP,180.0,False,TRIP,0.8946360658230257,0.17740095956879948,0.5963543392042802,337.10842161415854
TRIP,20.0,False,CTALARM,0.8147586438601252,0.006496674335898123,0.40178674476098825,208.9528179306898
TRIP,20.0,False,CTALARM,0.8320429222370155,0.14029431026637468,0.29008970369741727,220.23286342851023
TRIP,20.0,False,CTALARM,0.7399018667793723,0.16530027707048894,0.5683771254619384,186.04850409070966
TRIP,20.0,True,CTALARM,0.8570749761623883,0.13712276760905145,0.21740626780412314,199.61873173617033
TRIP,20.0,False,CTALARM,0.6766892676038092,0.4059350765937928,0.548532079175141,240.36314991221778
TRIP,20.0,False,CTALARM,0.8232831437947957,0.37996319879704515,0.22957468478405788,235.81269183630948
TRIP,40.0,False,TRIP,0.7185527923308577,0.34777601520632073,0.6446168304829145,77.09295199318713
TRIP,20.0,True,CTALARM,0.8702216858271778,0.06950253925613264,0.1875768121197618,209.67845791430665
TRIP,20.0,True,CTALARM,0.8793104003126377,0.403916954853141,0.0962878823021998,127.6655186478393
TRIP,20.0,False,CTALARM,0.723939698067029,0.33858798083166186,0.48866769584458825,229.33091008903637
TRIP,20.0,True,CTALARM,0.8916863287684496,0.09741884324069594,0.11399307714533953,197.22044889645076
TRIP,40.0,False,TRIP,0.7151855246183505,0.3240469651407582,0.6645541352022899,64.68477613649733
TRIP,20.0,False,TRIP,0.7492712182988013,0.24175582050184052,0.45888857867220617,264.50421031405295
TRIP,20.0,True,CTALARM,0.8691734288175504,0.21967503092811252,0.1616024628991682,164.5248410926165
TRIP,20.0,True,CTALARM,0.8837660532873223,0.05606158173619441,0.1461732539998001,198.5189588230093
TRIP,20.0,False,CTALARM,0.6823979270870335,0.2591521379225827,0.6467125273842951,242.15143137293268
TRIP,20.0,False,CTALARM,0.7996459461580422,0.04996590448618182,0.42550053899492357,235.03383861016934
TRIP,20.0,False,TRIP,0.7256101819470027,0.08212669362713332,0.6256152046706916,269.614375232416
TRIP,40.0,True,TRIP,0.8949534915600208,0.06627315713738136,0.07715764339207765,74.43062231152227
TRIP,80.0,False,TRIP,0.7894230486121143,0.4770541395350038,0.6477745369054233,39.74084414544849
TRIP,20.0,False,CTALARM,0.8050078913901401,0.14243234522194503,0.3640345183958618,240.90464688276398
TRIP,20.0,False,TRIP,0.7559502009077217,0.17760216179800387,0.46789534143194533,84.95458079964557
TRIP,140.0,False,TRIP,0.8978302250230917,0.16104030314801804,0.2610128300788964,41.257752677937596
TRIP,140.0,True,TRIP,0.9085641026013032,0.4491252225890719,0.04139822540407834,47.24549741138688
TRIP,20.0,False,TRIP,0.6619897668926225,0.28148295566744425,0.6705807089392803,112.60804460382506
TRIP,120.0,False,TRIP,0.8410037644079317,0.45957994946665587,0.6962188303759373,357.0433372977282
TRIP,80.0,False,TRIP,0.8780656052628533,0.14996245291394777,0.25518279413231004,56.6137176073506
TRIP,20.0,False,TRIP,0.7239247858281503,0.05741733721597447,0.6607075508263857,107.47316242744841
TRIP,180.0,True,TRIP,0.9077800666834568,0.2781092263620873,0.11740840367309495,331.46429467757144
TRIP,180.0,True,TRIP,0.9079004860596489,0.17276849589500876,0.10827911476100287,346.79090273068897
TRIP,40.0,True,TRIP,0.8977309037607581,0.40095341674537416,0.051178288006420034,82.38361001454649
TRIP,160.0,False,TRIP,0.8977588104699121,0.4397117044558293,0.2738885853089055,316.9629709382367
TRIP,140.0,True,TRIP,0.9094569469522819,0.2362867554535359,0.03661157512711942,50.01046002828491
TRIP,60.0,False,TRIP,0.8448854035468809,0.48567951204275417,0.2762600327290277,274.15310806818565
TRIP,160.0,True,TRIP,0.9057125955949313,0.27650650317220293,0.09687330005476774,4.682937833053753
TRIP,20.0,False,CTALARM,0.7605894325179494,0.13546019669315623,0.51136945690107,146.38306652674564
TRIP,20.0,False,TRIP,0.7008681207820815,0.24448775767213726,0.5833538545354856,89.04067441825974
TRIP,20.0,False,CTALARM,0.7839787600267611,0.0186551462014638,0.48147079945740157,253.44288509728418
TRIP,180.0,False,TRIP,0.9058191810808071,0.4020005801315338,0.1403459067053091,5.780207287866488
TRIP,20.0,False,CTALARM,0.7701132227637894,0.050717525427210475,0.5367937350355689,167.3646141785519
TRIP,20.0,True,CTALARM,0.8631068016121495,0.15437424425150248,0.17465013792329248,250.82244890817668
TRIP,140.0,False,TRIP,0.8787669218849342,0.2826582735024717,0.5316420178779692,16.813754370065848
TRIP,180.0,False,TRIP,0.9026336211285595,0.021487562823449435,0.3971783024274736,323.06406556679
TRIP,20.0,False,CTALARM,0.8485784374011569,0.03965844959072412,0.2566987614038468,130.0310666627216
TRIP,100.0,True,TRIP,0.9042623991531689,0.3480581788065064,0.05844466461124038,59.49569960720732
TRIP,20.0,False,TRIP,0.7457053819084604,0.03588854653038437,0.579256656864918,81.1672185709659
TRIP,20.0,False,TRIP,0.6819983893442758,0.23854143312368825,0.6577570445587577,122.00613436096675
TRIP,40.0,False,TRIP,0.7988830345834004,0.1693478167103752,0.46614244600044624,71.41503665602517
TRIP,20.0,False,CTALARM,0.7175415447101652,0.11403970397820823,0.6751790966854071,183.80835140947306
TRIP,20.0,False,CTALARM,0.7259680593558115,0.09438944893183271,0.6538779933300938,227.85542513976816
TRIP,20.0,True,CTALARM,0.866307259524511,0.3817056468662897,0.13622588056262752,156.0348391979969
TRIP,20.0,False,CTALARM,0.6785480033537029,0.4757710965751413,0.5118486440187494,153.73157396224403
TRIP,60.0,False,TRIP,0.8755003865539254,0.07008987110166587,0.24451337360638617,281.4118269727329
TRIP,40.0,False,TRIP,0.7993571452773542,0.4798406095870635,0.34126215239593816,108.36601666483864
TRIP,20.0,True,CTALARM,0.8814156939181541,0.29738125173755187,0.10987580180419203,224.19678020660712
TRIP,180.0,False,TRIP,0.8893447076807501,0.32083020268162854,0.6823455996403567,321.4517706156501
TRIP,40.0,False,TRIP,0.7589428744448614,0.35496318907129093,0.5082961681534859,79.74517143456438
TRIP,20.0,False,CTALARM,0.8464336476438323,0.3520594451772905,0.18683581674167768,223.1642628088046
TRIP,160.0,False,TRIP,0.8974147119543977,0.4099055540928441,0.26003018311762344,341.26984081972233
TRIP,20.0,False,CTALARM,0.8197976127061738,0.24173432567384873,0.2957380487801491,190.7262917839636
TRIP,160.0,False,TRIP,0.8881680118346887,0.26667929375735056,0.5232736069006881,351.68318053096687
TRIP,20.0,False,TRIP,0.704680683569789,0.16191350123170795,0.6479880867387091,111.6165759065267
TRIP,20.0,True,CTALARM,0.8608246394943448,0.05262879689155853,0.22500809308920014,203.14580135983132
TRIP,20.0,False,TRIP,0.7841407319191381,0.33232009546310953,0.3307500617962937,111.97287043234302
TRIP,160.0,False,TRIP,0.8968465730200132,0.01680498459312546,0.4152453009842908,1.33899302426423
TRIP,160.0,False,TRIP,0.8999818788133384,0.13781752554168414,0.2753407946802209,359.030916160437
TRIP,20.0,False,TRIP,0.8118053581255589,0.04711493222305013,0.3529269263559796,86.42162449341956
TRIP,180.0,True,TRIP,0.9089436395619662,0.09536357866135903,0.0739953403140714,350.3167146852234
TRIP,20.0,True,CTALARM,0.8756578466741968,0.3193654564486904,0.11737207140411625,235.09181759296573
TRIP,180.0,False,TRIP,0.902563339942107,0.3142383151024591,0.2807708800541014,325.41609922148615
TRIP,180.0,False,TRIP,0.8923615149084853,0.21052745649785604,0.6404573082393867,348.19298893930784
TRIP,20.0,True,CTALARM,0.8556510922612751,0.04508598824474558,0.2445506320212435,204.41851428311386
TRIP,160.0,False,TRIP,0.9029297949864927,0.21668695822970419,0.17485496602350953,359.88888394845293
TRIP,20.0,False,TRIP,0.737088644171592,0.1763724359291467,0.5200035545944931,276.2387673391332
TRIP,20.0,False,CTALARM,0.6488574588876275,0.3602295764279749,0.6643911162536265,188.57324019368642
TRIP,20.0,False,CTALARM,0.7991061439222262,0.28951330409952586,0.3213865319444832,235.77958230871891
TRIP,80.0,True,TRIP,0.9111093919429458,0.24578288366849949,0.006023468897028172,69.93768863757575
TRIP,180.0,False,TRIP,0.8962956459247369,0.2434910411524976,0.48170453203293256,3.9717437185259596
TRIP,40.0,False,TRIP,0.8143354595338387,0.4831484436302094,0.2905425611313014,92.44416513857117
TRIP,20.0,False,CTALARM,0.7217578044806583,0.37814711085172525,0.4715518756313506,156.5895102191665
TRIP,20.0,False,TRIP,0.8418325656180861,0.2484897802300639,0.19440156108044246,82.09893127023145
TRIP,20.0,True,CTALARM,0.8933015818254421,0.2396113064444888,0.001685700671873691,185.05292327503128
TRIP,20.0,True,CTALARM,0.855152801894045,0.013239550652481724,0.24114735312192262,236.85989120087993
TRIP,20.0,False,CTALARM,0.6853199834313028,0.47125463165990333,0.493354639829059,236.08578567601356
TRIP,180.0,False,TRIP,0.9045173839099269,0.15958698588366482,0.27517929810643244,321.75519499192626
TRIP,180.0,False,TRIP,0.9068442378277953,0.12796954094037188,0.15342189775725817,347.87487473395555
TRIP,160.0,False,TRIP,0.8941425710978051,0.49970446269383567,0.32480480489387104,320.65020480955985
TRIP,20.0,False,CTALARM,0.7037433072818864,0.3593448357522622,0.5266439663088698,223.2629853648934
TRIP,40.0,True,TRIP,0.8942421536934068,0.02368188664964399,0.08360316075461421,74.07509565280647
TRIP,180.0,False,TRIP,0.8996769718297922,0.030942738512788226,0.48422642355265344,339.6424173011737
TRIP,40.0,False,TRIP,0.8138270353688359,0.012750781980098935,0.4671408166627631,62.94974211623035
TRIP,100.0,False,TRIP,0.8823407672076813,0.29980944975643453,0.25951651577954993,54.513857703767464
TRIP,20.0,False,TRIP,0.7241468326370876,0.035782250030975904,0.6792353339656461,114.3249580459566
TRIP,20.0,False,CTALARM,0.6290761962713236,0.4666941784224653,0.626293709636246,206.49800208178377
TRIP,20.0,False,TRIP,0.8144851955623403,0.46845327001133896,0.22131303656144888,245.33014751488952
TRIP,160.0,True,TRIP,0.9088483837002629,0.2730270333740399,0.021763765375690157,4.785363844428958
TRIP,60.0,False,TRIP,0.8692257716063293,0.3083194656979754,0.21581336472155366,280.08801781911006
TRIP,80.0,True,TRIP,0.8930677489920434,0.1459472007626249,0.14330535977873027,63.007037671407176
TRIP,20.0,False,TRIP,0.8091171893576323,0.03198627120413666,0.3830763398333149,106.73454654468762
TRIP,20.0,False,TRIP,0.6440677409915476,0.36873022259590776,0.6431210948275082,115.95122128643456
TRIP,20.0,False,TRIP,0.7424799615879987,0.05089299437450873,0.6092362570262649,119.6805596035473
TRIP,20.0,False,TRIP,0.8526170947458837,0.04277882050919657,0.2140804089653787,273.73233679540965
TRIP,160.0,False,TRIP,0.8991486358242621,0.1556115546021119,0.3000182734889459,14.739970392784642
TRIP,80.0,True,TRIP,0.9094411008658848,0.00623282991894103,0.025579539355696523,70.74641462123503
TRIP,180.0,False,TRIP,0.8997408763102914,0.217017807878158,0.3809144553544046,8.034923214881339
TRIP,40.0,True,TRIP,0.8997354371532001,0.35384045504003836,0.044357586035510196,280.18780441623585
TRIP,160.0,False,TRIP,0.8777375326898519,0.4006744657109695,0.6570243163603697,354.14004181144446
TRIP,20.0,False,CTALARM,0.685503122982065,0.30215365189946064,0.6068536843965906,237.43697733596315
TRIP,20.0,True,CTALARM,0.8569528628988254,0.4234371015569563,0.1499313385062521,212.45010513077204
TRIP,180.0,False,TRIP,0.897662943912052,0.20325110188355516,0.48955807590343176,326.903836819861
TRIP,40.0,False,TRIP,0.7847257921689571,0.4243860425302383,0.39761426770333314,91.7834350908538
TRIP,140.0,False,TRIP,0.8786365329979076,0.25323665524918965,0.5609503987613281,23.926429849681877
TRIP,20.0,False,CTALARM,0.8235405631532622,0.11151806399914765,0.33295647472606393,183.58916578999765
TRIP,20.0,False,TRIP,0.8519167023236587,0.472072823330233,0.13424037946604458,93.72553314257834
TRIP,20.0,False,CTALARM,0.7824636878035707,0.13748543691855825,0.44789038008598214,162.38938128512473
TRIP,20.0,True,CTALARM,0.9089218829101363,0.013100742093896556,0.0561962288971615,164.26794620945137
TRIP,20.0,False,TRIP,0.7909047094049875,0.12133702147751346,0.40921159381789546,114.77945666450499
TRIP,20.0,True,CTALARM,0.8764603257468974,0.18334378062871387,0.1488933638251203,175.07684936989926
TRIP,20.0,False,TRIP,0.7620940555986345,0.17567484164463204,0.4794555059864921,136.85467699796462
TRIP,60.0,False,TRIP,0.792326577593746,0.26233375472178583,0.5796302132096759,40.701361241475624
TRIP,140.0,True,TRIP,0.9061386343008377,0.44156344101796174,0.07666731049745072,312.0212546660808
TRIP,20.0,False,CTALARM,0.8291795728631184,0.14616911355484957,0.2801879865040146,252.45853719488136
TRIP,140.0,False,TRIP,0.8805146480747106,0.2603853039795844,0.5134651114431977,14.871191399942596
TRIP,140.0,True,TRIP,0.9049192881422623,0.17006947684423968,0.11459214306320094,41.68311309767028
TRIP,100.0,False,TRIP,0.8588223986327952,0.4108865296866002,0.39656656902499915,34.745209456328645
TRIP,140.0,False,TRIP,0.8882208427704349,0.07880075664423919,0.4702872873130061,22.22767692317796
TRIP,160.0,False,TRIP,0.9022294868376374,0.05175513415502925,0.24835552506756756,21.26043930259717
TRIP,40.0,False,TRIP,0.7519187268693803,0.2514976266188009,0.5823875919418207,56.56043985703211
TRIP,160.0,False,TRIP,0.8965077833189495,0.33594379288274595,0.35746072953269964,305.23298707077413
TRIP,160.0,False,TRIP,0.8919763905096019,0.39776260054538326,0.43889638795835695,298.1639866313433
TRIP,60.0,True,TRIP,0.8932820822957366,0.2948124264526582,0.09861095769334509,281.9327311002187
TRIP,20.0,True,CTALARM,0.906233921389087,0.3869248806595003,0.016212122172868337,221.29434235388618
TRIP,20.0,True,TRIP,0.9061651819578447,0.1963550292804619,0.0355239995774904,260.4576791569084
TRIP,20.0,False,TRIP,0.7377539788692379,0.016433835133234487,0.6327441037387511,265.8532359025102
TRIP,180.0,False,TRIP,0.897098712324275,0.05804965395077827,0.6178496689737758,320.1526333107602
TRIP,20.0,False,TRIP,0.7571920870999643,0.01936130061449809,0.5653140074132897,263.6434906688756
TRIP,20.0,True,TRIP,0.8710697529552234,0.16447182523824633,0.13972846386440255,265.1253508875476
TRIP,120.0,False,TRIP,0.886310635744076,0.24774567063434116,0.36782105636465223,289.46922217685415
TRIP,20.0,False,CTALARM,0.7407978596567955,0.1781587418284697,0.5572819703838613,200.28774813394747
TRIP,40.0,False,TRIP,0.7822098675972651,0.2802997375331961,0.47226842687904164,76.69036441533932
TRIP,160.0,True,TRIP,0.9074672905797201,0.24030457424639384,0.08086483557315632,30.43529192486099
TRIP,20.0,False,CTALARM,0.6672696605855912,0.33897140093197015,0.6268788398686966,150.85568173748356
TRIP,140.0,True,TRIP,0.9031003465623332,0.3334810817817031,0.11247767494457357,33.00684180698252
TRIP,100.0,True,TRIP,0.9002919836787415,0.15903207355433974,0.12025698538933481,60.94945135955922
TRIP,160.0,False,TRIP,0.8866011509901967,0.17310722768054576,0.6307060404194957,8.582404234476599
TRIP,20.0,False,TRIP,0.7869905109533577,0.29257391082065165,0.33923185736616124,108.07426477314355
TRIP,160.0,False,TRIP,0.8986374204510961,0.2982162339454209,0.2610242781695268,349.1992160647266
TRIP,20.0,False,TRIP,0.7958057451555902,0.15734995681856656,0.38755971960863955,136.41525815918783
TRIP,20.0,False,TRIP,0.6853805772848826,0.1651589428877126,0.6869781329824779,86.72133817838927
TRIP,20.0,True,CTALARM,0.8898811727115219,0.34702250659307354,0.08374131866873001,145.24181176976336
TRIP,20.0,False,TRIP,0.7039921299636787,0.3237054114380348,0.5298641941544456,108.48186727440387
TRIP,20.0,False,CTALARM,0.8523651357322868,0.06752540233988735,0.23402810357088924,242.59565625420984
TRIP,20.0,True,CTALARM,0.8946661826495897,0.22052093983769672,0.0819344895933366,228.40803401726902
TRIP,160.0,False,TRIP,0.8949896042232596,0.44635303935529513,0.29535334874705704,9.843446797378629
TRIP,20.0,False,CTALARM,0.818985416279252,0.018152838052237608,0.38412701440768965,184.07633609044265
TRIP,160.0,False,TRIP,0.9029353621063095,0.42758197324210684,0.14417314640970283,13.031887563157367
TRIP,20.0,False,CTALARM,0.8362042455436283,0.08158907853207181,0.28368862136762174,243.85077590913897
TRIP,180.0,False,TRIP,0.8976499531856428,0.25362431623085796,0.44497321783060334,336.890999025813
TRIP,180.0,False,TRIP,0.9000167463063874,0.21216821446150574,0.4035136138041555,326.69563634187085
TRIP,40.0,False,TRIP,0.8100279946106761,0.005064668670729411,0.5062124158383954,74.05636035273356
TRIP,20.0,False,TRIP,0.6338106506548937,0.457698468544816,0.5854831730561808,267.3522531797016
TRIP,100.0,False,TRIP,0.8854866555912592,0.2274626136671528,0.2863982322385616,285.5037495746035
TRIP,160.0,False,TRIP,0.8966296887536427,0.4771341383803075,0.2960770928235592,311.17231191937833
TRIP,20.0,False,TRIP,0.8037826036624465,0.14337195048960893,0.3476844941186072,93.45552148818757
TRIP,20.0,False,CTALARM,0.7430735960544064,0.4331378867079862,0.39644736486691246,162.30054454997762
TRIP,40.0,True,TRIP,0.887389323315266,0.46119478699781524,0.07582587196652416,79.74159445317254
TRIP,160.0,False,TRIP,0.9006634834237219,0.2784162081853903,0.21884474793634182,8.751404596028895
TRIP,20.0,True,CTALARM,0.8854338082537748,0.10133889393385875,0.12032425676391698,237.24454603138457
TRIP,20.0,False,CTALARM,0.8136503320605077,0.34262371605286,0.2700969336408921,155.3269024415324
TRIP,20.0,False,TRIP,0.6550717804287177,0.27448903326473006,0.6813478508018255,89.32207700288423
TRIP,160.0,False,TRIP,0.8912676909981996,0.47226483292631294,0.4079116696766858,304.9574210278603
TRIP,20.0,False,CTALARM,0.8207867381990275,0.21963603090524592,0.3005670639443824,178.44503039251302
TRIP,160.0,False,TRIP,0.8957755428771198,0.134256823819911,0.39615582665659616,358.0767637965326
TRIP,100.0,False,TRIP,0.8753147135128609,0.06914350074705355,0.46835358879902544,285.60881769802813
TRIP,160.0,False,TRIP,0.8979658006287131,0.34931678434333974,0.30446742430328066,312.9160319049312
TRIP,120.0,False,TRIP,0.8844770387139976,0.4870548094902911,0.313396862977021,278.3996095671618
TRIP,100.0,False,TRIP,0.870030862320151,0.014171885285699237,0.490980790567196,38.132963622223784
TRIP,160.0,True,TRIP,0.9084240468139207,0.3702226773890634,0.042603808243990876,23.410440235321445
TRIP,160.0,False,TRIP,0.8911622702590765,0.4634651812798333,0.3780563978018409,329.42835814120684
TRIP,80.0,False,TRIP,0.8666070151623747,0.03739076711367467,0.383129468552391,49.75098769432875
TRIP,20.0,False,TRIP,0.7683130603895889,0.055085022553066576,0.5297265827898666,140.8414142427337
TRIP,20.0,False,CTALARM,0.6422597196347957,0.3459785492248543,0.6878513266356606,219.56796416013512
TRIP,40.0,False,TRIP,0.7497911444755675,0.32398168794789417,0.5570283507507656,76.28340596471843
TRIP,20.0,False,TRIP,0.8114978053538431,0.03441370765812285,0.3526520288553276,81.10261573479964
TRIP,20.0,True,CTALARM,0.8724032645973783,0.41721137607557823,0.11861722572502496,167.84688322489552
TRIP,20.0,False,TRIP,0.7683510925390084,0.2617119239224462,0.4117826801432194,129.92223292557378
TRIP,20.0,False,TRIP,0.6447460041856015,0.4535986866683063,0.5840092206988801,243.56724012712957
TRIP,60.0,False,TRIP,0.7452344359477014,0.4389954404963522,0.6526898445517327,27.0274303874259
TRIP,20.0,False,CTALARM,0.6699198145057932,0.4062538845250829,0.5777172656458703,175.95312101201506
TRIP,100.0,True,TRIP,0.8980221167580411,0.25794944812221066,0.13227802445379444,62.733570377586105
TRIP,20.0,False,CTALARM,0.7685874666022201,0.12585532087471613,0.49880310504453196,218.42100324026933
TRIP,60.0,False,TRIP,0.7868674607076384,0.2529877519555663,0.6161084632400903,41.83678503372352
TRIP,40.0,False,TRIP,0.8105159774892028,0.05040568890089003,0.4767118766388826,71.14747195058892
TRIP,140.0,False,TRIP,0.8849528391481388,0.3294230742367131,0.4800264286497506,289.4000338235928
TRIP,20.0,False,TRIP,0.8098907562743151,0.06698860961450381,0.35011360037575506,84.66011641368496
TRIP,20.0,False,TRIP,0.7508517197896336,0.25558648125036154,0.4458833554878535,265.3435219657772
TRIP,20.0,True,TRIP,0.8590740831917345,0.02719098708340889,0.20606650345611477,98.30257188774875
TRIP,20.0,True,TRIP,0.8941561559376603,0.14975624513732294,0.06216706075002164,84.6099018841792
TRIP,20.0,False,TRIP,0.7367181908422586,0.11604023033489391,0.5794004333217803,107.69572183725626
TRIP,180.0,False,TRIP,0.8906688939827548,0.31001577135583525,0.6602010151740609,317.13551439218946
TRIP,20.0,False,TRIP,0.6596902776497806,0.39339335601125436,0.5997756347638609,142.97963736122207
TRIP,20.0,False,TRIP,0.848538361721031,0.02865147727026307,0.23373948764656208,87.75379075823052
TRIP,20.0,True,CTALARM,0.8963443118456238,0.4251418425776921,0.0654711059155498,193.19021053088872
TRIP,20.0,False,CTALARM,0.8330085792080909,0.43038384747730224,0.19609687134198456,138.83090824264883
TRIP,80.0,False,TRIP,0.8387971680810706,0.1711345371440114,0.58998476306693,284.47110711779874
TRIP,160.0,False,TRIP,0.8892370427314197,0.32950203298516106,0.4590701553432512,356.56042259269
TRIP,20.0,False,CTALARM,0.6950240038100224,0.20130651585172477,0.676685970872056,189.5667993597001
TRIP,20.0,True,CTALARM,0.8542322704754373,0.07709544109481575,0.23987671290597237,162.62960315502576
TRIP,20.0,False,TRIP,0.7765441963775153,0.2643312092815552,0.38603048420414965,123.49274339299883
TRIP,180.0,False,TRIP,0.8976131222724009,0.043179837250798325,0.5530267551467595,350.40194361724963
TRIP,20.0,False,CTALARM,0.8502355668836892,0.43923607769799394,0.16379435991226862,173.98197936168552
TRIP,80.0,False,TRIP,0.7901605194524127,0.4621448797048043,0.674862982261766,64.0788695769778
TRIP,160.0,False,TRIP,0.8895043141006774,0.4108065685057018,0.4146783707442704,348.9177259384834
TRIP,160.0,True,TRIP,0.9096964418911031,0.2812640603779893,0.005528294323757232,345.9175653597685
TRIP,20.0,True,CTALARM,0.9011636073844096,0.2787992955627275,0.017607292939608676,156.86101884062754
TRIP,20.0,False,TRIP,0.6186746528979892,0.4923036883004649,0.6175512114811166,125.34696469186457
TRIP,20.0,False,CTALARM,0.7791001113796148,0.12395084491559144,0.45169706943275423,244.95748080790872
TRIP,140.0,False,TRIP,0.8899512729673833,0.03797418295260374,0.5341507633447035,298.41268708281956
TRIP,20.0,False,CTALARM,0.7184707319631475,0.2809704618005889,0.5488112006698356,179.47156762206987
TRIP,20.0,False,TRIP,0.8233227175279504,0.16439279890505165,0.2943218433755435,119.09267677909203
TRIP,20.0,False,TRIP,0.7338928147382847,0.16116938640402212,0.5590278722996113,108.50184391068484
TRIP,20.0,False,TRIP,0.7374731134059933,0.003542677084974022,0.6562727113687766,117.57554179719051
TRIP,140.0,True,TRIP,0.9037280448817939,0.2981197047739665,0.12051977543873514,42.49185844406762
TRIP,40.0,False,TRIP,0.7893272203767887,0.13201685113780703,0.5348954796794144,280.30335708787516
TRIP,140.0,False,TRIP,0.9004904451838796,0.0939292740963405,0.2154544053308955,37.78555086688912
TRIP,20.0,True,CTALARM,0.8608005521822991,0.02021596569650186,0.22504510213769768,143.393218176187
TRIP,140.0,False,TRIP,0.8979899457229478,0.18218078823780565,0.2889283957254703,300.5796013707114
TRIP,20.0,False,TRIP,0.6434792172375021,0.4394844361932287,0.6046036639356598,145.47812244908397
TRIP,20.0,True,TRIP,0.914340943135151,0.16833540379868617,0.015439247117034415,106.11424725334285
TRIP,160.0,False,TRIP,0.8963543376705878,0.33953710505979684,0.30374834476718476,341.3713405691762
TRIP,80.0,False,TRIP,0.8301096408233128,0.37827348170095365,0.47603335469848934,45.55575127188382
TRIP,140.0,True,TRIP,0.906682416677782,0.16405040459509979,0.07729082079776538,318.54740500241076
TRIP,100.0,False,TRIP,0.8381104498634949,0.41082036750602063,0.5545775179121915,22.347647545249657
TRIP,20.0,False,CTALARM,0.6512975272596688,0.34593982983347454,0.659331818528147,148.87058862692518
TRIP,20.0,True,CTALARM,0.8994547076774784,0.27962111435047576,0.06365437475388501,227.41957997923214
TRIP,20.0,True,CTALARM,0.8938145449200523,0.0004962320253144581,0.10706369648161468,133.2138182910051
TRIP,20.0,False,CTALARM,0.7362873603317855,0.017545382961404066,0.681868057462342,192.45831154612503
TRIP,80.0,False,TRIP,0.8875729009062383,0.4954329220530317,0.1384989485500191,73.4405999713856
TRIP,20.0,True,CTALARM,0.9015251999717342,0.3911419617517797,0.05525777299224313,204.85242628806122
TRIP,80.0,False,TRIP,0.7882200881378882,0.4687826293864735,0.6665347754771301,48.44113808372573
TRIP,160.0,False,TRIP,0.8821799291498215,0.45115160245901376,0.6248358968666282,286.5946737922475
TRIP,20.0,False,CTALARM,0.7984654097351955,0.010221491571375418,0.45900783091319175,210.16436883916674
TRIP,20.0,False,CTALARM,0.7564975083937161,0.39592364489553694,0.38600164910128726,173.4955613347869
TRIP,140.0,False,TRIP,0.8750754945464616,0.2255728720055773,0.6434628874119392,19.680046499909274
TRIP,20.0,False,CTALARM,0.7253617335507092,0.39477910200032784,0.4588640525779959,179.91876093002003
TRIP,20.0,False,CTALARM,0.7992696763110462,0.0033578920816925706,0.46087766152054893,202.8849949300465
TRIP,20.0,False,TRIP,0.7247198234774836,0.14409965060028213,0.590579894941367,95.64030482657924
TRIP,20.0,False,CTALARM,0.7242321525708664,0.3756618878956511,0.4572719741046946,243.9325227269599
TRIP,120.0,False,TRIP,0.8771235924333385,0.3965103943007949,0.35257382092637424,27.63545353686741
TRIP,40.0,False,TRIP,0.8338588229286907,0.309857300607312,0.2728050485289135,75.12806932145847
TRIP,20.0,False,TRIP,0.8018445423572665,0.15062809472313188,0.3521937249538685,265.51746623672466
TRIP,80.0,False,TRIP,0.8636292410810893,0.15518129564393146,0.3657350543610361,52.9999988133687
TRIP,40.0,False,TRIP,0.8269029662120566,0.4833819818210163,0.25258231678277626,88.39757506414179
TRIP,20.0,False,CTALARM,0.8125662186217741,0.21960608961710226,0.3136828862862422,234.30792524557833
TRIP,20.0,False,TRIP,0.717037253975078,0.22356277512191852,0.5613103530044649,262.38301337200045
TRIP,160.0,False,TRIP,0.8979487350586365,0.27616637512034975,0.29155935807312144,18.536131664435523
TRIP,120.0,True,TRIP,0.9086246819293613,0.20475116843219437,0.01789183664480055,45.572188770797425
TRIP,20.0,False,CTALARM,0.8507230227437597,0.2763357822987071,0.1981135252416944,160.60248210357457
TRIP,20.0,True,CTALARM,0.8685429531089152,0.21616771138377894,0.1622193048641887,213.40618013959067
TRIP,20.0,False,CTALARM,0.6762817387177298,0.41335745980109334,0.5555074082823779,163.3612443644199
TRIP,20.0,False,CTALARM,0.774444209905874,0.454525509899142,0.3145051409302661,232.94519741223286
TRIP,40.0,False,TRIP,0.8475380461182536,0.46605512990768083,0.1962173801245932,272.1574463479052
TRIP,180.0,False,TRIP,0.8931061748741026,0.2821481029146933,0.5674934186891372,341.83578510284485
TRIP,20.0,True,CTALARM,0.9071615812636508,0.22107427873224766,0.013451763189628407,125.95705672660097
TRIP,100.0,True,TRIP,0.8968491499433469,0.35262002939591897,0.12197558991185231,58.717716661607795
TRIP,40.0,False,TRIP,0.7264192239646408,0.4191617956479533,0.5788683735770599,95.0702415437534
TRIP,60.0,False,TRIP,0.8307719849632154,0.2814911210331886,0.3854562093622818,53.33920021864478
TRIP,20.0,False,TRIP,0.6975747679026217,0.34999051091113065,0.5415548422056362,141.9284311102498
TRIP,180.0,False,TRIP,0.8916836128923978,0.374864675360624,0.5867232103334543,314.1242157245636
TRIP,20.0,False,TRIP,0.6495622236324768,0.33819688835864337,0.6593744420119777,124.94156289996836
TRIP,120.0,True,TRIP,0.9072175009985204,0.37306677786465475,0.04439721951233659,53.57617280013483
TRIP,20.0,False,CTALARM,0.7551865037412238,0.10432266627799919,0.5594643203089303,188.14783752826895
TRIP,160.0,False,TRIP,0.8896840542618935,0.24918727351089875,0.49613630375388434,357.09977399765046
TRIP,60.0,True,TRIP,0.8813740596640571,0.2941342773025436,0.14491792047359142,67.7452387207534
TRIP,40.0,False,TRIP,0.781990449260368,0.0012389654285115403,0.6521915864380862,280.0349826324199
TRIP,140.0,False,TRIP,0.8938525995511782,0.427981254406841,0.2829413162144744,296.40921968674894
TRIP,20.0,False,TRIP,0.679293860941373,0.30501225422245604,0.6213273692183628,144.48180366036067
TRIP,20.0,False,CTALARM,0.8001287392506515,0.06456816584910163,0.42357959326544775,223.03851791922895
TRIP,20.0,False,CTALARM,0.7599136829062433,0.40817853628791356,0.36872356257866956,155.6544422704279
TRIP,20.0,True,TRIP,0.8698514014728078,0.3585284832202723,0.11166675372718558,94.43769715438987
TRIP,20.0,False,CTALARM,0.6487605667599566,0.3791497717318185,0.640029337001119,153.4027680260497
TRIP,140.0,False,TRIP,0.8901572436044537,0.1960212309309281,0.3896633351535723,34.304449186825764
TRIP,20.0,True,TRIP,0.9124902782891262,0.42710125334749605,0.00426468384777221,254.5042009179214
TRIP,100.0,True,TRIP,0.9098763403547752,0.20701379106618112,0.012799178749198246,298.5094913865495
TRIP,20.0,False,TRIP,0.7091889945511398,0.2852545764727957,0.5443428235126332,110.6639760133738
TRIP,20.0,True,CTALARM,0.8948481531637421,0.00032115184993686263,0.11335544736487273,203.9316567767937
TRIP,40.0,False,TRIP,0.7923024147778532,0.3224365573389311,0.4191169049397016,83.57347153419711
TRIP,80.0,False,TRIP,0.8318476406018729,0.35908789606396835,0.47675737335378615,45.885762062212216
TRIP,20.0,False,CTALARM,0.8474133122902039,0.28355468274439616,0.19555591506394776,238.90268344037753
TRIP,80.0,False,TRIP,0.8528922811838106,0.24827940852180802,0.3985196658879887,48.27873474284846
TRIP,80.0,False,TRIP,0.8855916352858638,0.40496823685585415,0.1681811221923523,281.51246491422023
TRIP,20.0,False,TRIP,0.6419442424710461,0.3406863585826209,0.6624207991575654,97.83163755033267
TRIP,140.0,False,TRIP,0.8845195661930056,0.1390370198600115,0.6021191094444169,294.66482148095787
TRIP,20.0,False,CTALARM,0.8245833733123589,0.4795366690399929,0.2016299540482284,132.6616467805537
TRIP,20.0,False,TRIP,0.767005989862844,0.3536335970976704,0.37017014366523776,132.78333335147454
TRIP,40.0,False,TRIP,0.7907620173265509,0.4939694644562123,0.350443000007734,270.2061938420943
TRIP,20.0,False,CTALARM,0.6027007002127718,0.4856306581344342,0.6720162805650518,183.69567886876962
TRIP,80.0,False,TRIP,0.8635230300483687,0.45945486140504493,0.27582014612869776,72.35187350755461
TRIP,160.0,False,TRIP,0.8938480004786654,0.3776857706126538,0.3935592882350967,306.1470772992366
TRIP,20.0,False,TRIP,0.6641610077734796,0.3047146842484837,0.6500946164212059,122.45515532487343
TRIP,140.0,True,TRIP,0.905028367276318,0.08608533184146211,0.1139677358235907,36.99963390182453
TRIP,20.0,False,CTALARM,0.7792044408441643,0.27167570871187885,0.3853399222948366,149.76037617223594
TRIP,20.0,True,CTALARM,0.8936021159628812,0.38268826119716365,0.07397104425328073,206.62623474108443
TRIP,20.0,False,CTALARM,0.7653524955763802,0.2604285793527839,0.43224925227295036,219.5587202180751
TRIP,160.0,False,TRIP,0.900191649537945,0.4341195642028289,0.2559782423709033,300.81882430937526
TRIP,20.0,False,CTALARM,0.7301623122051026,0.054827949595849135,0.6773452512257204,194.90645656565084
TRIP,20.0,False,TRIP,0.8131078647034128,0.19047017402431704,0.2907864268039684,80.53577390424603
TRIP,20.0,True,TRIP,0.8819796305962437,0.25298220929682863,0.09533134627919476,94.1998790649269
TRIP,80.0,False,TRIP,0.8285503402888582,0.21616264793455403,0.5837999726498828,36.302611785984965
TRIP,20.0,False,TRIP,0.7480626298243601,0.05429327391077654,0.5746066839960399,264.9327441250542
TRIP,120.0,False,TRIP,0.8799122610933139,0.07676414702231527,0.48640173367994904,38.138956739912864
TRIP,20.0,False,CTALARM,0.688643610097694,0.41880864642774357,0.5241682613189595,218.0925476189264
TRIP,20.0,True,CTALARM,0.8582158010662011,0.2421921296007255,0.1853006523825848,214.90106185678076
TRIP,60.0,False,TRIP,0.8464991201852671,0.02436121337636382,0.4494374502959469,282.7812805111288
TRIP,160.0,True,TRIP,0.9096397751628348,0.008245629488824957,0.02661390984377554,26.866691886751596
TRIP,40.0,True,TRIP,0.8752021056784653,0.2367377009971633,0.13782310072302417,73.04808366402169
TRIP,180.0,False,TRIP,0.8953936445451609,0.08218936296222185,0.6525956132871606,327.44245572832983
TRIP,20.0,False,CTALARM,0.7114971015924099,0.3525629729996109,0.517464707957861,206.0052586063244
TRIP,20.0,True,CTALARM,0.8545389293199027,0.39766173126387566,0.16147077869248047,164.76847671962827
TRIP,20.0,True,TRIP,0.8922243943306092,0.1141483542285528,0.07796816266350166,269.1634555664214
TRIP,180.0,False,TRIP,0.8904200561446717,0.29608847244089037,0.6642436114079511,324.91096239209696
TRIP,20.0,True,TRIP,0.8938162083497234,0.077222321742693,0.07853136624209292,94.68346930183762
TRIP,180.0,False,TRIP,0.9069779520903261,0.1517913257971935,0.17994903363307374,324.5312263720836
TRIP,140.0,False,TRIP,0.9018496499785335,0.44439774709071667,0.12784379509962,39.13006537467131
TRIP,160.0,True,TRIP,0.9095690110946275,0.2720490457411554,0.005224674288237574,351.96589718275607
TRIP,100.0,False,TRIP,0.8830838969169414,0.44294434757210005,0.2198943418686308,59.34665703585966
TRIP,20.0,False,TRIP,0.7027478220215844,0.11262390208975348,0.6819252101191338,95.84509269682582
TRIP,140.0,False,TRIP,0.8982526992360538,0.16501217162433301,0.2393323140665495,34.77381843299084
TRIP,100.0,False,TRIP,0.8778392633733463,0.23547606922840852,0.35301341562744154,289.3235424791761
TRIP,160.0,False,TRIP,0.8888866045107048,0.24004003759727144,0.522155048745247,354.3235423350044
TRIP,40.0,False,TRIP,0.7813020125275938,0.4988239835918502,0.38575607145545127,106.91154308511652
TRIP,20.0,False,TRIP,0.7671382875127881,0.05722265948556504,0.5205140551886146,117.22030574464578
TRIP,40.0,False,TRIP,0.7642853968348322,0.4259825178007954,0.46314510773336065,100.43276521680092
TRIP,80.0,False,TRIP,0.8356352883609558,0.4318410197109351,0.4259941160993103,55.738116077373036
TRIP,100.0,False,TRIP,0.8664347544394829,0.2765993157688937,0.4547542350482216,283.47991802592935
TRIP,140.0,False,TRIP,0.8814749826612613,0.17201858412957688,0.5594150534547757,21.859142403284082
TRIP,180.0,False,TRIP,0.8956073112553712,0.2596130521441481,0.4971339763607729,348.3986869707418
TRIP,180.0,False,TRIP,0.8964972085243176,0.1462338524032819,0.554242444493634,333.8335888232574
TRIP,140.0,True,TRIP,0.90415854039241,0.39955372421996976,0.10191834679847193,42.638070702328704
TRIP,20.0,False,CTALARM,0.7540190112555006,0.24913957935516506,0.47437161289737817,190.62858643577366
TRIP,140.0,False,TRIP,0.8725625920156195,0.4629210894387253,0.5159153386278732,357.4264891119613
TRIP,160.0,False,TRIP,0.9033024848025948,0.3113456721780219,0.20997650274778415,306.94292965743347
TRIP,20.0,False,TRIP,0.6909939570666763,0.2571596665573417,0.6122041294902976,257.4481413450814
TRIP,160.0,False,TRIP,0.9000425393385107,0.3555346769888261,0.21329812231189027,8.085940358724697
TRIP,160.0,False,TRIP,0.90346865845097,0.25196648221511714,0.1706824835635481,24.61588033256691
TRIP,140.0,False,TRIP,0.8718602103688309,0.4522531752097236,0.6069677708363578,285.8461554393693
TRIP,20.0,True,CTALARM,0.8707982917089371,0.09222298044342064,0.17291388668149868,135.52014750874875
TRIP,20.0,False,CTALARM,0.7794929823543557,0.48667434187295283,0.29085172370226003,240.63547588525716
TRIP,20.0,False,TRIP,0.8005235104246071,0.406095275925596,0.25754598102577325,266.1053857355369
TRIP,20.0,False,CTALARM,0.6364690011172949,0.4303666809324348,0.6286432757907906,151.98630390903207
TRIP,80.0,False,TRIP,0.8648424790965298,0.24145391618553558,0.31866501680157494,51.61743025228063
TRIP,20.0,False,TRIP,0.7024166942129761,0.4186007746687987,0.4860162533073509,139.21002110851626
TRIP,160.0,False,TRIP,0.8918200097299283,0.15338704178860257,0.5558272332506803,313.57743923469764
TRIP,20.0,False,TRIP,0.7290827857569686,0.3809740892820876,0.43953250652302334,119.19088045151236
TRIP,140.0,False,TRIP,0.880059975437657,0.07022507919451132,0.6605861488274403,22.5537993340463
TRIP,180.0,False,TRIP,0.8957687717417292,0.15352595798125435,0.5617552704792056,345.2873101865214
TRIP,20.0,False,CTALARM,0.8219570940601807,0.22286633167986641,0.2801446393724042,245.04368723059264
TRIP,20.0,False,CTALARM,0.7094690700148719,0.16115985907171093,0.6655682902803782,194.7084306975237
TRIP,140.0,False,TRIP,0.8940750523173011,0.1935085578120918,0.3672023832899339,298.4786448052456
TRIP,20.0,True,CTALARM,0.9039874186204673,0.410052372391849,0.015804126061427125,148.01784411495453
TRIP,160.0,False,TRIP,0.9033657605491047,0.12833794607108379,0.18200929575702773,354.64168584381434
TRIP,180.0,False,TRIP,0.897550525669898,0.3726405860772861,0.43521071092608654,308.72630498321655
TRIP,20.0,True,TRIP,0.8868838327150803,0.03685603455582592,0.1097704316271057,100.99610699615667
TRIP,20.0,False,TRIP,0.7443882674963166,0.3828695537575304,0.4088476314252425,133.57727538395037
TRIP,20.0,False,TRIP,0.8051375553224511,0.3960116214148865,0.2531186156152708,99.26746711144045
TRIP,20.0,False,CTALARM,0.7938432377483889,0.200849387751241,0.3740698360407918,237.36270342536594
TRIP,20.0,True,CTALARM,0.9021966949846272,0.3612389115837352,0.0013123935112770101,230.15949518426567
TRIP,20.0,False,CTALARM,0.6477617547146558,0.45756920187254957,0.5938949482680889,188.10211446457814
TRIP,160.0,False,TRIP,0.8976702021446806,0.40035648677726343,0.2533478414428698,347.7025348462192
TRIP,20.0,True,CTALARM,0.8930213087600194,0.19522325519847994,0.09811090399456712,170.0191037439683
TRIP,80.0,False,TRIP,0.8716734979474394,0.2421067571400322,0.30654109990355594,282.1400619107635
TRIP,20.0,False,CTALARM,0.7734796859570411,0.3896787723929027,0.34032410544218383,236.91424218360112
TRIP,20.0,False,CTALARM,0.7830929263168808,0.14629729492456178,0.4461818973473322,186.54657845208058
TRIP,140.0,False,TRIP,0.8848367918356929,0.40194137015443676,0.3671937082465958,15.15423859610339
TRIP,20.0,True,CTALARM,0.9122024918317241,0.16403557128047058,0.030466507446943843,236.69820857524738
TRIP,20.0,False,CTALARM,0.652687430355283,0.40299529119276906,0.6100586254544352,231.33423033944112
TRIP,100.0,False,TRIP,0.8833310284705261,0.04340022167536167,0.31955625225087286,44.95463805331732
TRIP,80.0,True,TRIP,0.9069654845626353,0.022198648455295067,0.053891440773106244,286.52939112983967
TRIP,20.0,False,CTALARM,0.661158848096326,0.49883772368491114,0.5409797655704295,168.11787004021517
TRIP,20.0,False,TRIP,0.7055100616992412,0.4347285616173445,0.4621080931481477,116.69256518573114
TRIP,160.0,False,TRIP,0.8902670282435267,0.44142375173310194,0.4546064409384552,296.6253789045477
TRIP,20.0,False,TRIP,0.7764708964854949,0.47563997380330875,0.29883980121489273,123.61354541921654
TRIP,20.0,False,CTALARM,0.8234143457331891,0.21915815470724392,0.28734794383469187,223.86628486217748
TRIP,20.0,False,CTALARM,0.804217147446537,0.1434177773400761,0.37543704547113993,222.4493285243372
TRIP,160.0,True,TRIP,0.9089288721319961,0.0650124975089515,0.03541608902937229,19.010153726376107
TRIP,20.0,False,CTALARM,0.8482783075644746,0.25060456676923226,0.2092704349525446,152.22010700689773
TRIP,20.0,False,TRIP,0.6961638962821974,0.11002416023830391,0.6915259214936614,80.20034997550432
TRIP,80.0,False,TRIP,0.8291262439355878,0.46777542836965985,0.46353474238965303,71.84543828438012
TRIP,20.0,False,CTALARM,0.8417546265489431,0.002001581221389548,0.29325391579212545,235.78627990579554
TRIP,160.0,True,TRIP,0.9046134949247022,0.07159836887156079,0.1556541720583171,4.107598302871334
TRIP,180.0,False,TRIP,0.8972553932843694,0.1232379265417134,0.5216465533301634,348.8684321572187
TRIP,20.0,True,CTALARM,0.8683294955606006,0.09947835579659753,0.18220321679433396,142.3407621617356
TRIP,20.0,True,TRIP,0.8840531034316965,0.11288921828985515,0.11365907269240674,107.56927024016584
TRIP,180.0,True,TRIP,0.9078947991198534,0.3280238025305892,0.10816043016400108,331.1907839774846
TRIP,20.0,False,CTALARM,0.7585655232987348,0.1637560391565746,0.5104842954153127,175.20197115846418
TRIP,20.0,False,CTALARM,0.7482873881459142,0.30751219095168664,0.4499671780021022,221.1570905347
TRIP,20.0,True,TRIP,0.8970337584734365,0.4451289668231456,0.04886426955986142,250.50626950930615
TRIP,160.0,True,TRIP,0.9083900959043236,0.301278382762851,0.08052997075354175,313.70805845440685
TRIP,80.0,False,TRIP,0.8382622717092891,0.34726639564319073,0.4436928071475039,46.707116334140196
TRIP,140.0,False,TRIP,0.8895848589887457,0.18275164911067865,0.3997812713105113,29.395144473128507
TRIP,160.0,False,TRIP,0.8938122412127293,0.07986923381135458,0.4801993422602694,357.7358823605061
TRIP,160.0,True,TRIP,0.9051968512892402,0.16029203122495306,0.12462723585428337,3.198168585385379
TRIP,20.0,False,TRIP,0.6696045188098334,0.48214132435205403,0.5086115343520169,254.95011130140932
TRIP,20.0,False,CTALARM,0.667453154813376,0.31090569222656855,0.6552675271313848,219.98353030510359
TRIP,20.0,False,CTALARM,0.7923655459881016,0.1387555597170076,0.42073522017480885,198.9183678153001
TRIP,60.0,True,TRIP,0.8874970171431332,0.22545763358105192,0.1372910137499487,282.8980653048336
TRIP,140.0,False,TRIP,0.876794066296203,0.4177565187154972,0.4756806986988745,357.2902611487651
TRIP,160.0,False,TRIP,0.899307325114206,0.33422178535288677,0.24015717848224505,16.878895737813863
TRIP,20.0,True,CTALARM,0.9110031201585457,0.2803264203645841,0.03450142247000499,221.2309773515449
TRIP,20.0,False,TRIP,0.8192508788598896,0.44258143831692054,0.21163708674674891,258.03996067405825
TRIP,20.0,False,TRIP,0.6578772311126948,0.33621978610839515,0.6339095713650923,110.13815022228668
TRIP,180.0,False,TRIP,0.9024911628808395,0.3213648653955477,0.2877975241231826,321.4300985715352
TRIP,20.0,False,CTALARM,0.741451458335254,0.09488406860538406,0.6052657366217646,164.51742292189627
TRIP,60.0,False,TRIP,0.8545320748941109,0.05319434150620389,0.3560615404659541,59.21224630270081
TRIP,140.0,False,TRIP,0.8859127516686538,0.4825710585286995,0.36188459227172,307.586813767308
TRIP,160.0,True,TRIP,0.9100152938914355,0.29942918505017635,0.003651424745426035,339.4532233528718
TRIP,100.0,False,TRIP,0.8649335859065121,0.20784170457321455,0.4459728513022804,35.8253706127477
TRIP,20.0,True,TRIP,0.8866945083173068,0.2945104104551088,0.07546969152129417,270.60511217563914
TRIP,20.0,False,TRIP,0.81559515394465,0.03090598053585769,0.335123890277438,77.40511889947908
TRIP,160.0,False,TRIP,0.9009501088826504,0.4110636369520534,0.18222179896066923,2.4199983608478126
TRIP,20.0,False,TRIP,0.8312525112312431,0.10832276778216798,0.2746680760805204,93.82097623873977
TRIP,160.0,False,TRIP,0.8940210165655508,0.4022730031589735,0.37595414896676055,307.7675406794689
TRIP,140.0,True,TRIP,0.9109430677576179,0.2671892216318053,0.010124880221380982,50.826195642143645
TRIP,140.0,False,TRIP,0.9016605104717422,0.13828600682845138,0.19920850829013595,47.040797879445805
TRIP,20.0,False,TRIP,0.7208840293333197,0.01510497412103523,0.6927283540043054,266.05717423205624
TRIP,20.0,True,CTALARM,0.9067603414550882,0.40791667766330286,0.040179388074391725,146.2894698832697
TRIP,120.0,False,TRIP,0.8973448958734074,0.08823007073465333,0.22357544171015784,53.45498611245672
TRIP,20.0,False,TRIP,0.8495316218558892,0.025902557819936722,0.22499503247525374,82.80013553358184
TRIP,120.0,False,TRIP,0.890898657615282,0.3779388654129404,0.26557014465293377,286.0566929948176
TRIP,20.0,False,CTALARM,0.7650704619780787,0.1750216111864894,0.4793466429096417,224.37676442088707
TRIP,20.0,False,TRIP,0.8549288362473595,0.194667002795825,0.1734206590780752,273.93435812393943
TRIP,120.0,False,TRIP,0.8884229612300889,0.12353379364035949,0.32218854089523696,35.19836603569357
TRIP,20.0,False,CTALARM,0.7190460893063597,0.42958923934844856,0.4514044967967144,164.9175418258965
TRIP,100.0,False,TRIP,0.8931742951530542,0.14866476305326604,0.22562544083001201,286.95825028127956
TRIP,20.0,False,TRIP,0.7100734090550336,0.10509628487551192,0.6641408063522782,95.68539031263516
TRIP,40.0,False,TRIP,0.7458916420911146,0.15462486316807805,0.6857708444598769,60.90802861537029
TRIP,20.0,True,CTALARM,0.8982435344729196,0.10157478758369848,0.08377149738125779,137.44220177418916
TRIP,20.0,False,TRIP,0.8419147376590674,0.15882761040260374,0.24067391908056707,120.01679058196106
TRIP,60.0,True,TRIP,0.8884727076417964,0.04146811143408652,0.1455804488645327,66.7702003975933
TRIP,180.0,True,TRIP,0.907727795616335,0.07926501455972917,0.1307527168899806,343.42017312825305
TRIP,20.0,False,CTALARM,0.8070332543280947,0.20852644169807394,0.34368588683679563,173.91542563995847
TRIP,20.0,False,CTALARM,0.7421823122007705,0.4397334277949382,0.39467897569441523,218.90748819957287
TRIP,120.0,False,TRIP,0.8926933552806622,0.028645373361142923,0.29795642841831943,43.59848714985422
TRIP,20.0,True,CTALARM,0.8660074691668874,0.10633735338001532,0.19078841116815248,219.61263172734462
TRIP,20.0,False,CTALARM,0.8341989907652761,0.45417283777079814,0.19503510197754775,199.91616955504693
TRIP,180.0,False,TRIP,0.8846457959890593,0.4450073370799608,0.6944897094385115,335.4945579982917
TRIP,20.0,False,CTALARM,0.6585731435783502,0.3397254166479706,0.6465741617931753,148.43404838593574
TRIP,40.0,True,TRIP,0.9005981169978782,0.12023677704761898,0.05312918869255002,281.54235617143814
TRIP,20.0,False,TRIP,0.7579345427651581,0.20990528052789287,0.4595854563972879,109.50515224636392
TRIP,20.0,False,CTALARM,0.8276217810509781,0.10561049721898252,0.31981432523939096,208.418528278037
TRIP,180.0,False,TRIP,0.899558414975203,0.06429425456260163,0.48216986803941336,333.7093430079113
TRIP,20.0,False,CTALARM,0.7827915473735132,0.18999919725694575,0.41787249387838743,225.02567187320267
TRIP,20.0,False,TRIP,0.6782367954128055,0.2879108025351751,0.6224766800576922,256.017126155943
TRIP,160.0,True,TRIP,0.9099489677362935,0.17996633773240261,0.04689182000217751,315.35442907293253
TRIP,180.0,False,TRIP,0.9034364697600701,0.30541227523298486,0.24471853844039385,333.1527707911678
TRIP,40.0,False,TRIP,0.7501423440835121,0.14812736768965273,0.6898458880429092,74.97895507310415
TRIP,60.0,True,TRIP,0.8891371187926792,0.17292526388039514,0.12759974429343174,70.50169138650668
TRIP,20.0,True,CTALARM,0.8869253817563972,0.3953367958223048,0.08913340765465305,198.1714056871629
TRIP,160.0,False,TRIP,0.8839299698463373,0.439157365446929,0.5102804042004028,358.38589547029
TRIP,20.0,False,CTALARM,0.7481843794878629,0.16101704076552603,0.5442046120122244,176.45483639188078
TRIP,20.0,False,TRIP,0.7390703702058083,0.2857579006726381,0.4705914833722621,119.1257867172338
TRIP,20.0,False,CTALARM,0.7535461660456337,0.13908114194613402,0.5433370801319477,193.41405897591187
TRIP,140.0,False,TRIP,0.888749001447889,0.02666732085371376,0.4856051004652205,23.18247868165267
TRIP,100.0,True,TRIP,0.9005921847131781,0.368928590680204,0.09503947760242373,63.794437311569055
TRIP,60.0,False,TRIP,0.8404054990716899,0.08550174161807517,0.42575532823495493,53.61135024474358
TRIP,160.0,False,TRIP,0.8888532971238904,0.21285626187345857,0.5438136777916727,10.049596225578675
TRIP,20.0,False,TRIP,0.6963683330810075,0.2435227466895784,0.6058616244271274,259.9964290963022
TRIP,20.0,True,TRIP,0.8683380498028805,0.09223579208955296,0.17236466987859536,117.17083651025648
TRIP,100.0,True,TRIP,0.9039505836947048,0.04727767533169813,0.08920153265697699,60.673072047152324
TRIP,20.0,False,CTALARM,0.745052207644538,0.1740065073355353,0.5467633105078057,184.40775738922443
TRIP,20.0,False,TRIP,0.8332946520023039,0.4761429537751592,0.17958384152496576,116.43998614994334
TRIP,20.0,True,CTALARM,0.9066603033093972,0.3075677949942107,0.02235063482462113,141.48639748730847
TRIP,20.0,False,TRIP,0.7217188272306252,0.19070511420145125,0.5776494945545129,113.59145414225199
TRIP,160.0,False,TRIP,0.8987072113152891,0.019455410387107464,0.354193793667602,1.4340651691795747
TRIP,20.0,False,CTALARM,0.8312119852524692,0.3001366406955409,0.22864319269989536,247.79839119081302
TRIP,140.0,True,TRIP,0.9100169972278307,0.04612882046768629,0.008000373662084415,39.848572344261484
TRIP,40.0,True,TRIP,0.906149581073023,0.27127203552376317,0.02472921129556338,78.891262942669
TRIP,60.0,False,TRIP,0.78659022445519,0.37597525413587146,0.5548362893922062,68.51413568297934
TRIP,20.0,False,TRIP,0.8004353492684466,0.21179267414739317,0.3427941194754051,119.2922263795347
TRIP,100.0,True,TRIP,0.9012095534077664,0.1497057474082622,0.10480543450752211,57.671164618688195
TRIP,20.0,False,TRIP,0.8507143453836842,0.0236921169087993,0.2509539390743127,124.90276470766347
TRIP,20.0,True,TRIP,0.8830267803743785,0.012388937580798398,0.11571360327626602,87.57516449078429
TRIP,180.0,True,TRIP,0.9088983717401268,0.2150132848227606,0.07901708722627063,22.037440742067965
TRIP,140.0,False,TRIP,0.897908433862319,0.44167263535148393,0.19341547447190052,313.4026717811385
TRIP,20.0,False,TRIP,0.7978434144797353,0.12203138939659519,0.38465598322367817,110.00919855553612
TRIP,140.0,False,TRIP,0.9015892866326535,0.28702775289091065,0.14700462546855883,34.301572695497
TRIP,20.0,False,CTALARM,0.827728179398876,0.3421529098398809,0.24056975689933693,187.74949642276425
TRIP,100.0,False,TRIP,0.8824199126592036,0.030414933750680717,0.3345516187695217,44.37918661276917
TRIP,40.0,False,TRIP,0.8500182417074095,0.07655018790168855,0.2940208174282063,278.3135525244649
TRIP,180.0,True,TRIP,0.9087285168104717,0.16563839670978353,0.09003945938490274,22.168059566342244
TRIP,20.0,True,CTALARM,0.9045237131009649,0.33504658707428525,0.02720594487512172,167.26894197992326
TRIP,180.0,True,TRIP,0.9103731622018344,0.21951755611404844,0.024821108864257244,339.7774788416802
TRIP,100.0,False,TRIP,0.8820347695695469,0.36709753410912266,0.24512531261950712,57.22885931702886
TRIP,60.0,False,TRIP,0.7911210945661735,0.43379893278659626,0.503161454976126,72.49272368597927
TRIP,20.0,True,CTALARM,0.8852168932631487,0.37918613829927145,0.09187870911048945,216.16736810227766
TRIP,120.0,False,TRIP,0.8535004461111477,0.49612360365662456,0.5508860814550979,352.7474657743222
TRIP,20.0,False,TRIP,0.706693121164338,0.3771805343658248,0.5009720165196857,138.90086938281374
TRIP,20.0,True,CTALARM,0.9043512722821518,0.42608959750372527,0.0027604436199278326,233.51223339979438
TRIP,120.0,True,TRIP,0.9095994657443154,0.4161831792325005,0.018723511087291575,54.834142601388216
TRIP,20.0,True,CTALARM,0.8652792565858984,0.3651328811400233,0.13652325087663614,230.9029679751488
TRIP,20.0,True,TRIP,0.8991519125727712,0.4009009083279453,0.03928463773540952,90.95834338376154
TRIP,20.0,False,CTALARM,0.7471133523715218,0.4673416139337051,0.3719401736892141,220.78353869687902
TRIP,160.0,True,TRIP,0.9096752856458439,0.2376036892631463,0.02773908302089104,31.9180349100994
TRIP,20.0,False,CTALARM,0.7033813309573502,0.3191435119562718,0.5618520865967783,188.98884781391848
TRIP,20.0,False,TRIP,0.7857026173867852,0.25746986078638634,0.3450734482620673,85.46579808236655
TRIP,20.0,False,TRIP,0.6871628190246424,0.4255184935960365,0.5095680566707342,245.41513319858882
TRIP,20.0,False,TRIP,0.7292726705947081,0.21567980143575366,0.5254917856550888,269.16112334459353
TRIP,160.0,False,TRIP,0.8951513643063241,0.40986338557236646,0.35473475776916286,305.331311001383
TRIP,140.0,False,TRIP,0.8660405020663077,0.3996772875285694,0.6477540133774262,357.2623328108695
TRIP,20.0,False,CTALARM,0.5925459819395873,0.48094305068429527,0.6931685416987156,165.36772067516353
TRIP,20.0,False,CTALARM,0.8426290900678094,0.12446034962870939,0.2514502802101821,241.41399019463674
TRIP,160.0,True,TRIP,0.9058066828122989,0.35480975494295613,0.08810489817446347,6.632537850763809
TRIP,180.0,False,TRIP,0.902770420192598,0.3784597488237431,0.25426672505350684,325.831331990236
TRIP,20.0,False,CTALARM,0.8493195759322542,0.46813924640233284,0.15634772790998908,221.66753239028844
TRIP,20.0,False,CTALARM,0.74931698540697,0.45345120902776553,0.37170396694322505,151.68419253836535
TRIP,20.0,False,CTALARM,0.8235591770095607,0.28676293085422416,0.26487132087668097,156.35258739383426
TRIP,20.0,False,TRIP,0.7836346735793159,0.2895765929319899,0.3363145900007536,272.87843268974245
TRIP,160.0,False,TRIP,0.8953852145921188,0.0836456142021147,0.534231303253201,300.0492012729219
TRIP,120.0,False,TRIP,0.8946435607882361,0.48748135121188557,0.19181468217929648,290.84532347334664
TRIP,20.0,False,CTALARM,0.808051333813034,0.12750873135171342,0.3762323072478078,183.81047509692854
TRIP,20.0,False,CTALARM,0.8231973892424781,0.36236810922564605,0.23461287453008187,133.6127895244914
TRIP,160.0,False,TRIP,0.8834175834655495,0.39789750240265626,0.5494726048844629,340.3941701095928
TRIP,20.0,False,CTALARM,0.76647942465822,0.22060775230569052,0.4476756426853874,228.31182891727556
TRIP,20.0,True,CTALARM,0.8953211705170535,0.105596860014529,0.005953311357427515,195.71522723791617
TRIP,20.0,False,CTALARM,0.7853424827599208,0.09448019210984338,0.4620359387736528,215.39481553018535
TRIP,20.0,True,CTALARM,0.8689881003586586,0.42824800045079586,0.11911340564660762,226.75194294706176
TRIP,20.0,False,TRIP,0.7308522550297071,0.2553782433742574,0.5071316531421275,256.70623827848544
TRIP,20.0,False,CTALARM,0.812145688785539,0.04506849101913335,0.39713706679182065,199.14649021481972
TRIP,160.0,False,TRIP,0.8987136681651773,0.35850973638144434,0.28103787440622224,315.1279276046923
TRIP,160.0,False,TRIP,0.8952807995112925,0.1250855264025148,0.4858465004450809,309.4971171385378
TRIP,20.0,False,CTALARM,0.6483876418610746,0.4381973753754396,0.599615300108146,159.21278807502148
TRIP,40.0,False,TRIP,0.7790219193773416,0.15478589301498763,0.5451205997034512,60.673000365193154
TRIP,20.0,False,CTALARM,0.8094565503591942,0.10013541504507156,0.38176549360033524,207.5960569575963
TRIP,20.0,False,CTALARM,0.7794588906275818,0.04242922177746716,0.5058860241816708,223.46622796722556
TRIP,20.0,False,CTALARM,0.8200958426877433,0.25576556831882374,0.2897401880749275,188.4166466233447
TRIP,180.0,False,TRIP,0.8958093879540411,0.22536879390914366,0.55231828509419,320.6080127786278
TRIP,80.0,False,TRIP,0.8115702326222252,0.37565607230157144,0.5803363241359727,33.48729252877172
TRIP,20.0,True,TRIP,0.8842647314160648,0.2323012935965182,0.09610568581347911,103.47066174067217
TRIP,160.0,False,TRIP,0.905887190526131,0.17190798446218553,0.16662195171576238,311.6843446761427
TRIP,180.0,False,TRIP,0.9061832303788044,0.13082745781647204,0.18899211614441086,338.188792687994
TRIP,20.0,True,CTALARM,0.8882629244513844,0.13907337273498555,0.11625720328746408,153.3330268929247
TRIP,80.0,False,TRIP,0.8629069725643169,0.463923950913907,0.2747745048281945,69.35183346273764
TRIP,20.0,True,CTALARM,0.8846493984410544,0.08253930104390617,0.13512324801472858,151.31861874357654
TRIP,20.0,False,CTALARM,0.7218236022061831,0.4940882122785751,0.4168775176486266,164.21992035268894
TRIP,20.0,True,CTALARM,0.9033812282907406,0.16345972759611238,0.07113081002833115,187.04497613851808
TRIP,20.0,True,TRIP,0.8631137616438007,0.04419511770874873,0.18894340711872948,98.76710886586241
TRIP,20.0,False,TRIP,0.7720333784158593,0.12434519039393249,0.4658644521624497,112.54586656205609
TRIP,20.0,False,CTALARM,0.8434923730806768,0.02920718977730935,0.27898158619334446,236.01154728459312
TRIP,20.0,False,CTALARM,0.7945754675491131,0.39501488458195794,0.29502391929738536,223.84589435879016
TRIP,20.0,False,CTALARM,0.7166488704688389,0.25627645627055273,0.5585476770708724,238.35690544152044
TRIP,20.0,False,TRIP,0.693404214339004,0.16849330943340046,0.6891580873036905,135.8225939511292
TRIP,20.0,False,TRIP,0.7592474600013639,0.33102480231578124,0.395547448277949,121.12446185996117
TRIP,20.0,True,CTALARM,0.9004392648698041,0.3153232629751601,0.05534702002452543,126.55392227025803
TRIP,160.0,True,TRIP,0.9067159905900147,0.4699360446137951,0.07203208195654515,342.42353477628063
TRIP,20.0,False,TRIP,0.5960560918243365,0.4806302583741898,0.6779505054205912,142.2882371319562
TRIP,20.0,False,CTALARM,0.7306512589093891,0.34034188783270264,0.4754644389239301,218.2076626816532
TRIP,20.0,False,CTALARM,0.6922266666558154,0.40890796362208426,0.5267283828336735,188.22354737995389
TRIP,180.0,False,TRIP,0.8952328698818135,0.3962125501675893,0.473034630379879,315.43985375801714
TRIP,20.0,True,CTALARM,0.877264967383675,0.2456517663499499,0.1257323211866073,132.88204828061245
TRIP,20.0,False,CTALARM,0.7940412530660532,0.35222914401670846,0.31385351257733335,156.29199996822138
TRIP,160.0,False,TRIP,0.8950816882187953,0.039129503841785096,0.5586563063335559,303.40594396159577
TRIP,60.0,False,TRIP,0.7720803451987164,0.37901054157515346,0.6064540740594513,57.9447410507661
TRIP,20.0,False,CTALARM,0.844439498846707,0.4809165035961838,0.16613486032246041,213.946037235108
TRIP,20.0,False,CTALARM,0.8034564713388024,0.04248737656286922,0.4171732535836744,143.96695475176944
TRIP,160.0,False,TRIP,0.9045205920718501,0.41805789229592727,0.10997133191691735,354.88496121308197
TRIP,20.0,False,TRIP,0.5926660880290385,0.46649001332463563,0.6707938111852261,259.6982820482231
TRIP,160.0,False,TRIP,0.9036582788623605,0.11309444490103104,0.1765430022947413,3.800254610206153
TRIP,160.0,False,TRIP,0.8920085123120065,0.2624055938046019,0.5086445900227277,302.2106041607918
TRIP,20.0,False,TRIP,0.841967209411501,0.46392911273149423,0.16177906095879804,253.14467622527218
TRIP,40.0,False,CTALARM,0.7749320172600019,0.48011300226148396,0.43123776001497915,201.94592960975157
TRIP,20.0,False,TRIP,0.7770559585541889,0.06394119217615818,0.4614850149158595,85.00625131835415
TRIP,100.0,False,TRIP,0.8888865770619796,0.17450211277772532,0.22989967241832687,53.7539941467685
TRIP,20.0,False,CTALARM,0.6869770599529581,0.3490723205754283,0.5731837057982357,226.2238426290305
TRIP,20.0,False,CTALARM,0.7329786123425451,0.11077924969296515,0.6197596287732153,158.378498212955
TRIP,180.0,False,TRIP,0.8964954094323947,0.1623853143172404,0.5985489511777965,310.1833124032067
TRIP,20.0,False,TRIP,0.8520408122951333,0.011645530002346638,0.23155875362530212,94.45448529996166
TRIP,20.0,False,CTALARM,0.7687170662408663,0.07676084046559944,0.5210381813088578,229.50719310464962
TRIP,20.0,False,TRIP,0.7648725429980967,0.2811647472088719,0.3916435284084569,89.58349319724636
TRIP,20.0,False,CTALARM,0.7566800374547439,0.3265450331520914,0.41483982714440815,229.07414847358382
TRIP,140.0,False,TRIP,0.8889793770310109,0.32445591554791847,0.33419755968092324,17.404071197656798
TRIP,20.0,False,CTALARM,0.7391667203815926,0.38918023538910834,0.42018280357821014,141.01467365317842
TRIP,100.0,True,TRIP,0.902264517548,0.20764070686939573,0.09495791062502498,62.166821711670494
TRIP,20.0,False,CTALARM,0.8338879138391535,0.13674535812057775,0.2861930631822187,218.13623864045084
TRIP,20.0,True,TRIP,0.8858777702282452,0.007790350021262493,0.12437023339156218,114.02209914398344
TRIP,40.0,False,TRIP,0.8702451532451219,0.10331491302619344,0.196073871679998,277.7517423636298
TRIP,140.0,True,TRIP,0.9061800098242847,0.15619390610101863,0.08947017514549363,41.25396975480657
TRIP,20.0,True,CTALARM,0.881363494298953,0.08910342824023276,0.14874692365541403,200.23670409092725
TRIP,20.0,False,CTALARM,0.7738485073304124,0.010072235748301128,0.5473504790514011,213.72403065899573
TRIP,160.0,False,TRIP,0.897065748893317,0.07872380433259579,0.38488552352436917,7.957475899223758
TRIP,160.0,True,TRIP,0.9092266704067474,0.33304977678378617,0.016550182958564495,12.954855906179503
TRIP,20.0,False,TRIP,0.6980285870942586,0.3147927082362979,0.5519671386614808,110.96646203808662
TRIP,20.0,False,CTALARM,0.6218805272338959,0.4678418196990212,0.6366278771506434,219.26715818828836
TRIP,180.0,False,TRIP,0.8884544554451886,0.39908414569865464,0.6163004930478463,346.54679825839435
TRIP,80.0,False,TRIP,0.8222996606941072,0.2838780584205956,0.5761118180113252,32.68206359591869
TRIP,20.0,False,TRIP,0.7134145590281806,0.06877817374660566,0.6945515099606558,253.13859835589005
TRIP,20.0,False,CTALARM,0.7634203155529354,0.28203590946257845,0.41048136887655307,249.37780396419967
TRIP,20.0,False,CTALARM,0.730622033517254,0.030797530457090383,0.6738113399604334,241.01072766125165
TRIP,20.0,False,CTALARM,0.6951874305519806,0.2154424487054264,0.6641909627509992,185.81304295159265
TRIP,180.0,False,TRIP,0.9046516947847605,0.19512931447359771,0.2192671113524075,348.05734221965173
TRIP,20.0,False,CTALARM,0.7159858711925264,0.21390690468147083,0.6044036292391095,180.6390498559253
TRIP,160.0,False,TRIP,0.8933137838133723,0.1399129591973936,0.554730865891144,301.7869485117148
TRIP,20.0,False,TRIP,0.6902088248441582,0.34291522381191186,0.5430591441807598,94.50741703487898
TRIP,140.0,False,TRIP,0.8713609174609109,0.42047223364938974,0.6273965399043453,290.2710597504678
TRIP,160.0,False,TRIP,0.8969883943335228,0.38425849629948877,0.2689330069442154,358.756464218016
TRIP,180.0,False,TRIP,0.9024672940044534,0.31387604789544016,0.2800384761211673,327.6309555985536
TRIP,20.0,False,TRIP,0.7498171139001275,0.26917239966650663,0.44803661644254544,109.46581875070034
TRIP,160.0,False,TRIP,0.8966927966252649,0.015542090004015185,0.5164631764700395,304.6166913054238
TRIP,60.0,False,TRIP,0.7681234103953994,0.3614669993459606,0.6158159718603301,34.29256429033913
TRIP,20.0,False,CTALARM,0.690382461441174,0.2724914697892487,0.6130917244614973,243.97472146069896
TRIP,20.0,False,TRIP,0.7592513759450379,0.13537052533194344,0.5049377370703819,123.17264387520716
TRIP,20.0,False,CTALARM,0.7025927437536654,0.16392101942672083,0.6698249444750659,237.1212322544153
TRIP,20.0,True,CTALARM,0.8645071136043048,0.4678033932348707,0.1250400332623696,148.40964272860754
TRIP,160.0,False,TRIP,0.8806465279291318,0.3121811225586135,0.6652378930260603,3.2519339371160783
TRIP,20.0,True,TRIP,0.8975770871149492,0.23795621732876415,0.0449340374235351,83.25955945726236
TRIP,140.0,False,TRIP,0.8860133989905015,0.31046086985420385,0.38893531683434274,15.259043828993759
TRIP,20.0,True,CTALARM,0.9037829399889306,0.2068711624928285,0.06313786990568557,153.81717220794647
TRIP,140.0,False,TRIP,0.8909726620162062,0.2350911366015081,0.39760068263869547,302.42566322214594
TRIP,20.0,False,TRIP,0.8284111898350212,0.1451546283538352,0.2730767987190036,265.6788332310282
TRIP,60.0,True,TRIP,0.9021226928738005,0.21992665029582226,0.0571266020516708,284.00838704786366
TRIP,120.0,False,TRIP,0.8754432009101181,0.3427961162189552,0.4536817635169318,290.5918735697025
TRIP,20.0,False,TRIP,0.7779842311972021,0.019970962543234605,0.5118385997359892,133.8983236956512
TRIP,20.0,True,CTALARM,0.8726912051284442,0.3975137036480774,0.12192978953398691,182.16926261762347
TRIP,20.0,False,CTALARM,0.7710490624082624,0.14148977043065641,0.48610570351613824,183.0424212307444
TRIP,140.0,True,TRIP,0.9029191731641034,0.34127989671624986,0.12533328440341304,40.755066096986056
TRIP,20.0,True,CTALARM,0.8865169002119506,0.32136265734003,0.09617751452069355,215.3311639661787
TRIP,20.0,True,TRIP,0.8766950579824256,0.32631402457065267,0.103154286567322,259.26472044012075
TRIP,20.0,False,CTALARM,0.7611177154086008,0.30406445812790145,0.41935492826803444,219.94841488078592
TRIP,20.0,False,TRIP,0.6470006494260134,0.47955091903476743,0.5451535656886222,268.5477364954282
TRIP,80.0,False,TRIP,0.848869674706719,0.2541720813476954,0.4178255910316695,42.80085652494842
TRIP,20.0,False,TRIP,0.6689216460893544,0.3661595577576757,0.5665460171127715,274.1072206803038
TRIP,40.0,False,TRIP,0.786670128987808,0.3527246656172888,0.41403413874925843,74.93043721265151
TRIP,160.0,False,TRIP,0.8923541774319494,0.11813378863916518,0.5581248731439407,315.6576562222318
TRIP,20.0,False,TRIP,0.6931089426703038,0.1416529195934128,0.6835657507933104,88.1752724462864
TRIP,20.0,False,CTALARM,0.8311041361021397,0.21200854907848393,0.2736718655777572,177.11725812855846
TRIP,20.0,True,CTALARM,0.8931644234236159,0.13884896523160462,0.10495952384882629,175.41586679638831
TRIP,20.0,True,TRIP,0.8855874153211536,0.18337154946497985,0.09477776819347035,96.78611534112487
TRIP,20.0,False,TRIP,0.7783656615474377,0.19548030696415297,0.4182343176596186,130.215450391054
TRIP,40.0,False,TRIP,0.8010271079097313,0.301932280469172,0.38297214609873936,66.81482966721312
TRIP,20.0,True,CTALARM,0.886115473795946,0.10994502136753082,0.12896476497942153,205.23625108507778
TRIP,180.0,False,TRIP,0.8889747191944224,0.40214593293834366,0.6174734738673714,328.69008912005285
TRIP,20.0,False,TRIP,0.6821090449423426,0.2187681783857523,0.6697238579179319,113.97872605019414
TRIP,20.0,False,CTALARM,0.852643039114822,0.35312205584162343,0.17725095017231118,182.90253951772476
TRIP,160.0,True,TRIP,0.9075412251035649,0.04072124062040894,0.1448180516307469,310.2770202871138
TRIP,20.0,True,CTALARM,0.8722529641068404,0.23498269706218344,0.14974529661528305,162.8996569003701
TRIP,120.0,False,TRIP,0.8965821013845661,0.014109766088664155,0.2711950707839516,299.25371824485103
TRIP,20.0,False,CTALARM,0.6811513236401632,0.3379549959077824,0.5972590227092623,160.7006394611531
TRIP,20.0,False,CTALARM,0.7864431046833731,0.17185503849853478,0.4171724269587825,158.4872880159144
TRIP,120.0,True,TRIP,0.9071853340997506,0.4746264070529143,0.047287402212868944,56.606386384563116
TRIP,120.0,False,TRIP,0.8879943092236937,0.1620621073007097,0.33108535962044705,44.992376793581045
TRIP,20.0,True,CTALARM,0.9004370271676059,0.2819029490088634,0.0632321781196648,220.1388279460156
TRIP,120.0,False,TRIP,0.8939472399966495,0.12869378784730734,0.28434987980590803,297.8400688843394
TRIP,100.0,False,TRIP,0.8786033600493941,0.31005631447367016,0.2824640996123219,48.74633526606971
TRIP,180.0,False,TRIP,0.898155938020377,0.2335211750666173,0.45384686599675195,327.63382059851557
TRIP,20.0,False,TRIP,0.7914606940515623,0.18531413075281644,0.3846177768741707,129.1967286711611
TRIP,20.0,False,CTALARM,0.7364713939786425,0.10184467454008994,0.6123283476373601,153.09259434749583
TRIP,140.0,True,TRIP,0.9096523322201322,0.05576067198572765,0.011392627865830639,322.00322472652647
TRIP,180.0,False,TRIP,0.8987585694915606,0.059939566978336634,0.5417991754662543,322.6667221157063
TRIP,20.0,True,CTALARM,0.90325416456173,0.4995200087527766,0.015860838669089217,188.9491956881659
TRIP,20.0,False,TRIP,0.8436377528498251,0.20615536342861734,0.21300287993345618,99.63538000320271
TRIP,40.0,False,TRIP,0.784984812589285,0.0009648539366697295,0.6157641967256944,61.89821004174331
TRIP,40.0,False,TRIP,0.7484095033876239,0.47646439531300716,0.48328992017398514,97.76881707499675
TRIP,40.0,True,TRIP,0.8885421609774797,0.009989962114906326,0.1203976748563003,281.025863145045
TRIP,20.0,False,TRIP,0.8001600922799333,0.20929306277726684,0.34354918087836006,116.85268879691384
TRIP,20.0,False,TRIP,0.706491281756155,0.35873879298532796,0.5053329266845901,250.0421259718831
TRIP,60.0,False,TRIP,0.7498056941220821,0.4572996221858808,0.6561403249376705,70.27229602065496
TRIP,20.0,False,CTALARM,0.7404140386518574,0.3564431457160505,0.44402483945274257,172.26130776800386
TRIP,20.0,True,CTALARM,0.9083418909532301,0.2318128774500059,0.0172727880030491,126.75823778117599
TRIP,20.0,False,CTALARM,0.7565160144924374,0.4872210194920517,0.3497913017873985,181.30043639528304
TRIP,20.0,True,CTALARM,0.89590754292148,0.019659691516635214,0.1070731474195794,205.18030473126356
TRIP,160.0,True,TRIP,0.9085928709378078,0.493446101269004,0.03344568533244493,356.7365872684003
TRIP,160.0,False,TRIP,0.890093927196404,0.42469577585421947,0.41895744427710896,323.9622169881128
TRIP,20.0,False,TRIP,0.6584977328554429,0.46446500856317957,0.5438453317572971,250.51193190870868
TRIP,120.0,True,TRIP,0.9095373628649721,0.12738621204876832,0.02524238884748301,55.347649390950735
TRIP,180.0,False,TRIP,0.8979719401080161,0.07122903614213488,0.5485124896758635,330.8502802821186
TRIP,160.0,False,TRIP,0.8890099066781252,0.33165763968635004,0.4944715158680561,321.3309854548799
TRIP,180.0,False,TRIP,0.8960252319873822,0.25792971899306,0.5263908217178529,319.21323482672597
TRIP,20.0,True,CTALARM,0.8628712752358569,0.2615839803721897,0.17130986090099032,172.44607116710011
TRIP,100.0,False,TRIP,0.8756712931572604,0.4623095892416088,0.27551681884540036,61.45441598198046
TRIP,20.0,True,TRIP,0.8823866661302799,0.3100404533266311,0.08382557904505328,271.58515738881175
TRIP,20.0,True,CTALARM,0.8692657876554862,0.15553191755229495,0.16722366516412654,139.86541403655247
TRIP,20.0,False,TRIP,0.8484954061930816,0.20003327820893801,0.21195277003420104,124.0445842892046
TRIP,20.0,True,CTALARM,0.8577151815387575,0.06674791754592563,0.22360564767575028,140.68152452133984
TRIP,20.0,True,CTALARM,0.8889288194268281,0.09615702013784466,0.12252792166776826,201.26540068769245
TRIP,20.0,True,CTALARM,0.8820860584609923,0.07167503510476925,0.13209825864980035,120.06677906789724
TRIP,20.0,False,TRIP,0.6374642085582132,0.40514567060567724,0.6310292798545121,248.37141995932262
TRIP,20.0,False,CTALARM,0.6946019362225639,0.3524367339860594,0.5487255303709241,233.18056646771853
TRIP,20.0,False,CTALARM,0.8368323762724816,0.2651725088054259,0.24113439244400614,183.19054097768412
TRIP,140.0,False,TRIP,0.8756095589246438,0.18718391681378538,0.6633504776366724,19.4303634067783
TRIP,160.0,False,TRIP,0.9027741337739572,0.33424714516217524,0.16724589895462671,337.155365653622
TRIP,20.0,False,CTALARM,0.7968882113723377,0.4064526738478805,0.28477431741503545,148.21066192334047
TRIP,20.0,False,CTALARM,0.6618438840948895,0.4406166078358545,0.5694677180041994,161.80314994291942
TRIP,20.0,False,CTALARM,0.8089064718561931,0.2735081141031668,0.3100204591425386,164.17170440753964
TRIP,20.0,False,CTALARM,0.8486434396850682,0.40994256090985043,0.16423772603570216,131.41006496584887
TRIP,20.0,False,CTALARM,0.8263656886919003,0.2556529767063475,0.25797482733504185,242.8516478224835
TRIP,160.0,False,TRIP,0.8958131844477064,0.23726504459394543,0.35050475066227704,5.010370496585739
TRIP,180.0,False,TRIP,0.8960910534744518,0.4327159278110501,0.43445106856223614,314.46299855184435
TRIP,120.0,False,TRIP,0.889490309938847,0.193186968132332,0.28392454970706626,36.8780490970417
TRIP,160.0,False,TRIP,0.8982666140840012,0.19795633952035113,0.30191303178398193,359.89692303773427
TRIP,20.0,True,CTALARM,0.864002075573843,0.15245567264245807,0.18476052896099762,226.10974650361956
TRIP,140.0,False,TRIP,0.8886318805928068,0.25935086414730835,0.37474310889218815,23.848730677686234
TRIP,20.0,True,CTALARM,0.8684215805936073,0.27242501684473036,0.15361936363868245,202.47734139366275
TRIP,20.0,False,TRIP,0.6724971056285947,0.3302305726552285,0.607268352675653,119.2708052876213
TRIP,180.0,False,TRIP,0.8957896594290551,0.21525115505478526,0.523156949186411,343.0955603254441
TRIP,20.0,False,TRIP,0.8255886011044247,0.10891864594179967,0.2871952918899288,271.9695617214785
TRIP,20.0,False,CTALARM,0.6869171990384961,0.4334210312069379,0.5230594929229934,182.5252807134371
TRIP,20.0,True,CTALARM,0.8962736914837988,0.1730004336190072,0.0048971592665611125,154.71986382269083
TRIP,160.0,False,TRIP,0.8975519970813619,0.46147170992008735,0.24114245584967758,358.5127916842331
TRIP,20.0,False,CTALARM,0.8272589521013078,0.10367666651322788,0.30821080370275195,240.2582705858739
TRIP,20.0,False,CTALARM,0.8019196538359208,0.28002873811811524,0.3288589552819881,185.01470726084673
TRIP,20.0,False,CTALARM,0.7267334396347969,0.2683075467647261,0.5241120343972372,143.2598822713063
TRIP,20.0,False,TRIP,0.6146179746984389,0.41432392396349765,0.6739651992931996,116.84982867860225
TRIP,20.0,False,TRIP,0.840541882431421,0.06942569337541488,0.2659979913099621,253.95099256858657
TRIP,20.0,False,CTALARM,0.8097234376065092,0.4549685864587307,0.24541989466951228,211.6387853661698
TRIP,160.0,False,TRIP,0.8949692799307368,0.2657140860860351,0.42736065860627725,305.3465407094157
TRIP,20.0,False,CTALARM,0.8503875333899008,0.2930546919571832,0.19687752993410523,199.28186038921476
TRIP,20.0,True,CTALARM,0.8892192731044,0.25508314664888354,0.09894523367063246,209.6393004474518
TRIP,20.0,False,CTALARM,0.7375492578395537,0.018012453418133234,0.6730786093445391,171.84833814354496
TRIP,20.0,False,TRIP,0.703731633368222,0.24854533090329906,0.5666709697663154,274.54354066478396
TRIP,20.0,False,CTALARM,0.7108924000369838,0.13177483133849527,0.6709496871168894,149.39718339546656
TRIP,140.0,False,TRIP,0.9041895195067424,0.17134409018891572,0.15248301507874165,306.69825770276935
TRIP,20.0,True,CTALARM,0.910532008700347,0.32455079959356997,0.012466450478769408,117.73611401572799
TRIP,20.0,False,CTALARM,0.8082585306154304,0.24884856473705297,0.30608310301667446,249.34501669714757
TRIP,180.0,False,TRIP,0.8963357549334975,0.04660910633373022,0.6535262740941068,321.4695236758748
TRIP,40.0,True,TRIP,0.8942192221091925,0.03652063738087946,0.09682773721023123,276.8665909306036
TRIP,20.0,True,CTALARM,0.8970937630734118,0.09282884780868517,0.08202986598421885,123.33893130574246
TRIP,20.0,True,TRIP,0.9047329103848868,0.09544257328611183,0.04826694897208944,254.28204106227824
TRIP,40.0,False,TRIP,0.7595403136885456,0.30415037848568244,0.5355125992523823,74.51453325959051
TRIP,140.0,False,TRIP,0.8843338963535169,0.0889072320227714,0.5501485736834772,20.939428602651375
TRIP,140.0,False,TRIP,0.8808773677865056,0.4408597116373853,0.4867632389644248,284.8974262721463
TRIP,80.0,True,TRIP,0.9073543699496531,0.10488033030670657,0.03730429158563526,290.88328148339957
TRIP,160.0,False,TRIP,0.8936416711188767,0.045565722713191315,0.5063018350706426,8.255138009615099
TRIP,160.0,False,TRIP,0.8943277376607315,0.43787300817982344,0.314040165923181,341.2062049931905
TRIP,20.0,True,CTALARM,0.8903228123309872,0.1476637880383665,0.11052609535562347,160.5239376858609
TRIP,180.0,False,TRIP,0.9057645040476666,0.2127113149168679,0.20658820733922145,325.89797307674013
TRIP,120.0,False,TRIP,0.8802158542107892,0.47951319200622117,0.3508027879530726,283.74282923216646
TRIP,160.0,False,TRIP,0.8991852570256527,0.4721846095788869,0.23075603058877672,324.23527001113644
TRIP,180.0,False,TRIP,0.8900387208206377,0.3574584446324589,0.6788244587191146,300.01522792214473
TRIP,180.0,False,TRIP,0.9029504607914723,0.034469475866277355,0.3323192191950395,350.6383330512567
TRIP,20.0,False,CTALARM,0.8229822989067115,0.29667006270569873,0.26050535717650053,226.47636045928326
TRIP,80.0,False,TRIP,0.8274861051021523,0.4945389675211289,0.4712158002776256,81.81318493890076
TRIP,20.0,False,TRIP,0.7039855071802094,0.47345811421199024,0.4553815397991403,140.24272706387552
TRIP,20.0,True,TRIP,0.915881439195989,0.053001246259971435,0.001707496283687193,270.67652950286924
TRIP,60.0,False,TRIP,0.830566582843673,0.19798365154518432,0.43293158881052,56.508940369102156
TRIP,180.0,False,TRIP,0.9066656218424034,0.15776837295141966,0.17063828233832357,334.74324102444706
TRIP,40.0,False,TRIP,0.8554200108567339,0.06486405345245277,0.2626635491115451,73.90040890641532
TRIP,160.0,False,TRIP,0.8890448219499745,0.34739915562438045,0.494444223514391,315.3509057446597
TRIP,20.0,False,CTALARM,0.8019235043909003,0.13692418218011837,0.390170354707487,174.14062014189162
TRIP,140.0,False,TRIP,0.89943468379807,0.1724329015626489,0.25805860090856786,302.6232534136827
TRIP,180.0,True,TRIP,0.9081240543763837,0.04517943835070898,0.11718724628598683,344.98645109200044
TRIP,20.0,False,CTALARM,0.7951763810024268,0.2489837793893328,0.3538375310734272,151.97308274726092
TRIP,20.0,False,CTALARM,0.8530975519603543,0.07908393182602824,0.22355621645504223,250.7776347304453
TRIP,20.0,False,TRIP,0.6864320014106919,0.21604521178974456,0.6390494658856525,81.61833722736664
TRIP,100.0,False,TRIP,0.8824208999825675,0.07167111105165075,0.37404264820233546,288.28285800427386
TRIP,160.0,False,TRIP,0.8814862015705638,0.4769249449750729,0.6061747959192887,295.1732337419187
TRIP,20.0,False,TRIP,0.8373579923734306,0.0724912665985713,0.2731267199384579,106.28845345180657
TRIP,160.0,False,TRIP,0.8860849506777521,0.2609435769253166,0.5792060146515723,8.690674489448348
TRIP,20.0,True,CTALARM,0.9067362082297163,0.09848991265949375,0.03957583152045504,155.23389064073686
TRIP,80.0,False,TRIP,0.887593329609702,0.03818090173630462,0.20868331789761047,61.200192328276316
TRIP,120.0,True,TRIP,0.9091938537764861,0.10115430942104908,0.054723153131289566,294.6783888967943
TRIP,20.0,True,TRIP,0.911058310363253,0.027387053695218044,0.022155126500411737,93.99502008617624
TRIP,180.0,False,TRIP,0.895289053136018,0.06969869156049441,0.6432035717261831,339.72940531674976
TRIP,180.0,False,TRIP,0.8956821585398711,0.24674207888160848,0.5018081210797759,349.8512259876801
TRIP,180.0,False,TRIP,0.897077164048951,0.3259077605287871,0.4375770451279294,327.18093266536613
TRIP,20.0,False,CTALARM,0.8181687989078152,0.04366990753589173,0.37274496658828304,215.86121197422273
TRIP,20.0,False,TRIP,0.7751071180330869,0.22050931195213425,0.39868782535178937,96.27408143492974
TRIP,140.0,False,TRIP,0.8881003960880147,0.290623511426676,0.4470832669705174,290.6130293398929
TRIP,20.0,False,CTALARM,0.7386248565688902,0.11711283810553075,0.5786058563180723,252.57433723488518
TRIP,180.0,False,TRIP,0.8990901761787148,0.1860392057580127,0.41782198905686974,351.7806049380944
TRIP,20.0,False,TRIP,0.7723437750869853,0.03591743486680432,0.5240065341776177,135.81072263384584
TRIP,160.0,False,TRIP,0.9034679625783593,0.11006554011654746,0.19668463628081442,21.156479700379247
TRIP,160.0,False,TRIP,0.8826283006918839,0.23337646295947,0.6837332164715304,359.41907838202064
TRIP,120.0,True,TRIP,0.9098203373056359,0.49522108946266113,0.022328045905920246,301.77491019799515
TRIP,80.0,False,TRIP,0.8642407712504169,0.4981325314695667,0.2706036166941208,79.73628778747768
TRIP,20.0,False,TRIP,0.6111377715311377,0.48981084056214397,0.6174346860525927,261.2260317238754
TRIP,160.0,True,TRIP,0.9048378224519932,0.2115431931501638,0.1263660738803331,0.24846302332015124
TRIP,20.0,True,CTALARM,0.8978743903708176,0.04034018920733251,0.09893666505356057,200.81126083808897
TRIP,20.0,False,CTALARM,0.8381429738118744,0.16178671862466676,0.25580153682993945,130.62176676058624
TRIP,20.0,False,CTALARM,0.8292366241598492,0.11885718768548864,0.29973629036177923,137.2798948455457
TRIP,20.0,False,TRIP,0.7317035861913246,0.007063287454927292,0.6533758424632093,88.02713022194729
TRIP,20.0,False,TRIP,0.7464602363029568,0.0476168051441877,0.5852836742961747,98.94427762800387
TRIP,20.0,False,CTALARM,0.8102990526879663,0.22659596752453304,0.3248627463833599,163.6807189882144
TRIP,20.0,False,TRIP,0.686792004012003,0.1698312319021485,0.6810825706171221,89.3322127719992
TRIP,20.0,False,CTALARM,0.7898345062127714,0.09017686081724152,0.44959488291134503,167.91838087299766
TRIP,20.0,False,CTALARM,0.6708982174546074,0.35804998532937354,0.6115611123873238,207.845179405364
TRIP,20.0,True,TRIP,0.8612354404778152,0.17855779794830928,0.1722398863407778,256.00011222690364
TRIP,20.0,False,CTALARM,0.7642954792810601,0.42593392787327217,0.3422748520099879,243.77243424581445
TRIP,20.0,True,TRIP,0.9089014889334804,0.12048858013155866,0.020802049349503304,87.1161383176284
TRIP,160.0,True,TRIP,0.9096839071856168,0.26919674504331237,0.00621613528651419,14.108252554120714
TRIP,160.0,False,TRIP,0.8966101747808363,0.09206960857459123,0.4938172546576251,299.765471793527
TRIP,160.0,True,TRIP,0.908475979922631,0.247650308192921,0.08280553572592049,314.03262346725353
TRIP,180.0,False,TRIP,0.9013067018623802,0.0762332544891931,0.3834657659775723,352.4002271039777
TRIP,180.0,False,TRIP,0.8988093779205848,0.08078931218576096,0.48720523754701395,345.49616060502757
TRIP,20.0,True,CTALARM,0.9096492522928316,0.30611168852100784,0.02256421036074748,228.17304960947425
TRIP,180.0,False,TRIP,0.903715528563229,0.13189302108788337,0.31411897940197736,321.9378134189682
TRIP,20.0,False,CTALARM,0.7809649999717045,0.08618361328212365,0.4789063558900878,161.28303095569993
TRIP,140.0,False,TRIP,0.8704778013261836,0.46488412506753657,0.622811691498395,283.44083030101547
TRIP,180.0,False,TRIP,0.9060683204139687,0.021501625370025534,0.2094610704211595,343.9204352124184
TRIP,140.0,False,TRIP,0.8754923773257856,0.2825740563479436,0.6819515707790311,286.66028059475906
TRIP,20.0,False,CTALARM,0.7009196851936569,0.27413192091663263,0.5911790497617881,149.67553174264813
TRIP,20.0,False,TRIP,0.7787828785955225,0.1253044372015299,0.455444550457298,135.9933289440354
TRIP,20.0,False,TRIP,0.8205588015263725,0.2263858725564089,0.2743478550722918,104.95539150743608
TRIP,20.0,False,TRIP,0.7781935387185817,0.043868891541317734,0.49777726333964895,132.1428687529779
TRIP,160.0,False,TRIP,0.887002267207187,0.3606350729619428,0.5713352883492473,295.40759824519307
TRIP,20.0,False,CTALARM,0.8538505215468846,0.1108485741884116,0.2123099124205901,252.54011563868764
TRIP,20.0,False,TRIP,0.7010556351732391,0.09669267991327796,0.6949810454349205,89.9565046350208
TRIP,20.0,False,TRIP,0.7100048383071768,0.15743923913875152,0.6360335588282472,256.15264628979
TRIP,20.0,False,CTALARM,0.762604863861344,0.451184960131571,0.3398510082400458,136.58236777439714
TRIP,20.0,False,CTALARM,0.7041042871874634,0.3982333241417713,0.5059809410427767,200.79810253319235
TRIP,20.0,False,TRIP,0.7454599315516399,0.4734461455668788,0.3668062262331473,133.33293819696462
TRIP,20.0,False,CTALARM,0.7130010089296395,0.3259811730165427,0.5326513865379183,187.78656703890243
TRIP,20.0,False,TRIP,0.6794563960274405,0.3314607555160438,0.578887542714587,262.7294022333161
TRIP,20.0,True,TRIP,0.9119816956094264,0.24001549971310848,0.016255788609929767,263.20703422337965
TRIP,20.0,True,TRIP,0.8897242010976096,0.45259316168348773,0.05539242079045447,271.1457285483942
TRIP,20.0,False,CTALARM,0.8367173176640232,0.2554385746351645,0.2355271911137089,140.77396637647058
TRIP,20.0,False,CTALARM,0.7051668461663215,0.17753003539751233,0.6423295428426447,248.57835944880742
TRIP,20.0,False,TRIP,0.8019322837200826,0.3201875049588326,0.27879150820037274,85.93618732094974
TRIP,20.0,False,CTALARM,0.6928811929388174,0.27306974670048173,0.6212585506413469,171.8742313511516
TRIP,20.0,False,CTALARM,0.8309052382678584,0.06200990765494774,0.32370373884222703,209.91849004917955
TRIP,20.0,False,CTALARM,0.8514326706059395,0.19636270695621477,0.20219704421810136,247.13358741792916
TRIP,180.0,False,TRIP,0.8945195778992974,0.15666270554724,0.6304516281437466,328.3185570315302
TRIP,20.0,False,TRIP,0.738996260419863,0.4234168875055659,0.39246953824307423,109.71670915432473
TRIP,160.0,False,TRIP,0.9032491462826749,0.18942127848655438,0.2523390065210289,304.30292927218545
TRIP,20.0,True,TRIP,0.9062657415336652,0.4107776163194463,0.031084902539471757,112.00473072335905
TRIP,20.0,True,CTALARM,0.8989771295315606,0.22119479695047278,0.07765319271375672,198.6873908527177
TRIP,140.0,True,TRIP,0.9066220986618216,0.376750281722805,0.09751722934907135,298.11594507292773
TRIP,20.0,False,TRIP,0.8424421830528562,0.06764096425559496,0.2553854032874244,260.33385789708854
TRIP,160.0,False,TRIP,0.8900322044512083,0.4623251098292312,0.42513306902104075,310.6330807958387
TRIP,120.0,False,TRIP,0.8970898194256686,0.24027994539945913,0.21531308009535088,293.35722930589446
TRIP,20.0,True,TRIP,0.9037033037569594,0.1298991228131532,0.04586934363536013,99.48501429643335
TRIP,160.0,False,TRIP,0.9032839849069907,0.12074480318240344,0.18536611612213363,357.457201816252
TRIP,180.0,False,TRIP,0.9036509558300733,0.13253864428748596,0.2860771556297271,337.3194355945462
TRIP,20.0,False,CTALARM,0.690542894704721,0.18336208645898383,0.6945889500706304,154.8628636457843
TRIP,140.0,False,TRIP,0.8918130675473492,0.3587597663378084,0.27509083332565704,16.995411247995445
TRIP,20.0,True,TRIP,0.8893814916572524,0.4748015214503968,0.06243679312321077,109.25880234808683
TRIP,160.0,False,TRIP,0.8947309966090446,0.3345187150618161,0.4067803701317534,301.0149110147137
TRIP,180.0,False,TRIP,0.8908937288755322,0.2735831354720504,0.6437480508384027,342.3133510195801
TRIP,140.0,False,TRIP,0.8835319121088302,0.22429890400856733,0.550686989203225,299.4019035335578
TRIP,20.0,False,TRIP,0.6595488131242477,0.4140972335188082,0.5853528164310656,142.8275651776546
TRIP,80.0,False,TRIP,0.792495470573235,0.42482860122303495,0.6497622572716313,20.353139887079244
TRIP,20.0,False,CTALARM,0.7832441459183853,0.1465188372164093,0.4455804523698766,186.32982384343464
TRIP,20.0,False,TRIP,0.5870556625890477,0.47671012432671506,0.696445911457449,135.49770319073667
TRIP,140.0,True,TRIP,0.9096119157483676,0.19755768160319104,0.023297098915755564,44.270059384110525
TRIP,80.0,False,TRIP,0.808785032867669,0.4000390345957639,0.5843877733004935,38.10720470007797
TRIP,80.0,False,TRIP,0.7999787545663739,0.4834099390411167,0.5999074686655831,55.09327811619449
TRIP,40.0,False,TRIP,0.7176522544242114,0.3518290504278056,0.6416902735333755,74.09652241847029
TRIP,20.0,False,TRIP,0.8140596024970899,0.08077536322559686,0.3347186203450943,271.36310737156987
TRIP,20.0,False,TRIP,0.708890151581318,0.2930684775869654,0.55142914653442,137.41324938025483
TRIP,20.0,True,CTALARM,0.8857476986500942,0.05938856154778921,0.13655627938482584,157.29772687026434
TRIP,20.0,False,CTALARM,0.7402748864455516,0.39457101993446314,0.42219115762475,215.41728059392247
TRIP,180.0,False,TRIP,0.9042445058312427,0.14065758693694147,0.25105160665442294,345.6480518755259
TRIP,20.0,False,TRIP,0.7390435721143898,0.3476074115300093,0.4173215554633828,272.3288576041219
TRIP,20.0,False,CTALARM,0.6998662581142132,0.45504483706509946,0.4728923550108102,232.45654099723237
TRIP,20.0,False,TRIP,0.8424349262611476,0.0905049253350862,0.2429480667223252,267.7795680988145
TRIP,20.0,True,TRIP,0.8665539627186445,0.19642891930058337,0.15136680951201037,258.9453076026915
TRIP,20.0,False,CTALARM,0.8296828866212171,0.32355939403678313,0.2251815362015343,248.48973395793962
TRIP,20.0,False,CTALARM,0.7651140666346932,0.20982929640475056,0.4647700715752098,178.70656301994842
TRIP,20.0,False,CTALARM,0.7837390364877788,0.08740947081235761,0.47381196357096733,204.0649488503923
TRIP,20.0,False,CTALARM,0.7807133892187631,0.0145358070843985,0.5189218552168692,166.13692792162084
TRIP,20.0,True,CTALARM,0.8938322835596145,0.20329907185098145,0.08857562600089419,142.1850589369193
TRIP,20.0,False,TRIP,0.6839522602300088,0.3246045132909602,0.572962173178123,97.47650583225106
TRIP,20.0,False,TRIP,0.7359121371265076,0.2869921040762443,0.4817034610786688,127.87675245446047
TRIP,20.0,True,CTALARM,0.9011434979197933,0.07812061988032121,0.02135355368344742,154.27066223147557
TRIP,20.0,False,CTALARM,0.8426737309493453,0.22534672193369332,0.23491849460453554,208.57658579441494
TRIP,20.0,False,CTALARM,0.8164283770965504,0.1847355230906264,0.32669787913453396,179.955034993085
TRIP,140.0,False,TRIP,0.8983596839119393,0.13710120114669994,0.25243224327077035,38.861623539813294
TRIP,20.0,True,CTALARM,0.886756723080107,0.3646356219301946,0.08219182174588918,122.39051596461375
TRIP,20.0,True,CTALARM,0.8760535678452763,0.15482601501359217,0.1451423991535049,135.4296486965868
TRIP,20.0,True,TRIP,0.9129334226750406,0.2700709761665146,0.017192976437092777,254.49334744071325
TRIP,20.0,True,CTALARM,0.8900998285630919,0.46161176763480827,0.06515401294679397,119.8411503679636
TRIP,160.0,False,TRIP,0.9020213007536785,0.2696379911267912,0.18641008240718132,2.8640936104696335
TRIP,100.0,False,TRIP,0.8447423883954477,0.3085114550802804,0.5739791859450114,30.361184398815
TRIP,20.0,False,CTALARM,0.8211945872993627,0.0366229930837757,0.36864625695604014,178.91943046928276
TRIP,40.0,False,TRIP,0.8445360449751848,0.08906707187086815,0.2971485234837742,67.85838153805342
TRIP,20.0,False,CTALARM,0.7921407491897197,0.050475599649056735,0.4635140607709843,178.06406806052377
TRIP,40.0,False,CTALARM,0.8066212811550345,0.38240647417792006,0.3790573922275036,206.71393395100407
TRIP,140.0,True,TRIP,0.9032491549725746,0.4179605404584212,0.09205974872893835,336.03764492496765
TRIP,20.0,True,CTALARM,0.8752014160730769,0.09322764659728883,0.1558363546769327,236.00877276557515
TRIP,160.0,False,TRIP,0.9045167395616267,0.10963587546154552,0.15576565269342532,11.174660148035777
TRIP,20.0,False,TRIP,0.7845048728721886,0.16160364474639144,0.4199667588286395,137.06298658254403
TRIP,100.0,False,TRIP,0.8789784562020992,0.2955388084769177,0.32313705633254247,285.64450948135385
TRIP,20.0,False,TRIP,0.8083674678182238,0.31089809690000975,0.27130954379259753,93.80248415637412
TRIP,180.0,False,TRIP,0.8981140484292793,0.3433769792707288,0.3896474210172516,332.99030574008674
TRIP,20.0,False,CTALARM,0.6099366968364801,0.4525963781067313,0.67908105004779,190.44385508290958
TRIP,140.0,False,TRIP,0.8992941305786486,0.14752007024826908,0.21993541923911372,33.28116905599409
TRIP,20.0,False,TRIP,0.765786616515122,0.32937949460338783,0.36413680354346206,87.00139446490093
TRIP,160.0,False,TRIP,0.8967335936257689,0.2798614228888461,0.3362590109508809,326.2677116719185
TRIP,160.0,False,TRIP,0.8916837567074904,0.15291862020628355,0.5016501222220913,356.9255104229315
TRIP,180.0,False,TRIP,0.8930194222256671,0.4537075932968367,0.5112031875880412,310.68572132424725
TRIP,20.0,False,TRIP,0.7713662523981744,0.04774170597960875,0.5103495049891283,115.44360647469165
TRIP,40.0,False,TRIP,0.8713572857506041,0.35600051341602573,0.14106370595712137,276.77484450363545
TRIP,40.0,False,TRIP,0.8169235473356096,0.363936856511301,0.3143651954528314,80.00195169465205
TRIP,20.0,False,TRIP,0.6540824588532786,0.4576632638449808,0.5678222837203962,138.42802348132597
TRIP,20.0,False,CTALARM,0.8208878009419016,0.2592902961756768,0.2670711193784506,250.98052629625107
TRIP,180.0,False,TRIP,0.8920972011840824,0.16081116910962295,0.6889785821029502,348.80448210644226
TRIP,20.0,False,CTALARM,0.8101374144812103,0.41387033493001024,0.2553507192545394,158.11137964130657
TRIP,20.0,False,CTALARM,0.7752499475918929,0.3854051409161963,0.34836677913937775,178.50111157200118
TRIP,40.0,False,TRIP,0.8250779091105449,0.2501578072097352,0.3321679163617828,79.26067042237959
TRIP,20.0,False,CTALARM,0.7917972360480174,0.38392868781690553,0.30356466172846974,145.16018738977144
TRIP,140.0,False,TRIP,0.881183263194608,0.1339378010386304,0.591941957823735,22.686698770431978
TRIP,160.0,True,TRIP,0.9076278919977777,0.29475316520173395,0.10869266628360946,309.090922425662
TRIP,140.0,False,TRIP,0.8818033748584312,0.43259172739393775,0.3973652944897881,8.400452117112142
TRIP,20.0,False,CTALARM,0.7790851978873997,0.15899225230825625,0.4330211041487965,246.0688504536066
TRIP,20.0,False,TRIP,0.6992147594999484,0.2417749912153716,0.5958549156485595,98.35981252350012
TRIP,20.0,False,CTALARM,0.7213093052179713,0.4755224270864447,0.42644011194827586,171.3993955319382
TRIP,40.0,False,TRIP,0.7021572277659938,0.39910592098586833,0.6720142434514464,101.3610384359127
TRIP,20.0,False,TRIP,0.6392650127536144,0.44351951016527635,0.6105173985826502,144.0254404896856
TRIP,20.0,False,CTALARM,0.8434501719673687,0.19262353044522318,0.244117963846912,196.84003911085654
TRIP,20.0,False,CTALARM,0.627162983426289,0.4982526298172794,0.6019345117035841,230.72162811559008
TRIP,180.0,False,TRIP,0.8945331027304301,0.07628280234190649,0.6709344698654189,338.5030115156819
TRIP,20.0,False,TRIP,0.8541297178485767,0.2593852916081545,0.18003802664721041,119.59232463923324
TRIP,20.0,False,CTALARM,0.7722270967258382,0.2396366911481247,0.4271461646650859,210.54870467055068
TRIP,160.0,False,TRIP,0.9014927395747828,0.39921609540006725,0.19726273863949487,324.6199729949679
TRIP,40.0,False,TRIP,0.7629748006874694,0.454308886257506,0.45469709535755226,104.4834508621233
TRIP,140.0,True,TRIP,0.9071743143859178,0.3655696884540299,0.06554996318291532,311.41799320517316
TRIP,160.0,False,TRIP,0.8874268635759345,0.3134081180651514,0.5139316153083402,344.7198347003457
TRIP,160.0,False,TRIP,0.9012771703012035,0.21371459542425186,0.29387388001674,305.09773402568896
TRIP,20.0,False,CTALARM,0.7754193534695898,0.2551629585378671,0.4111150250735057,205.1497804829749
TRIP,20.0,True,TRIP,0.9117684773351235,0.2546501566124109,0.018103681766448696,259.96159439758617
TRIP,20.0,False,CTALARM,0.7908411435470803,0.010184236842188832,0.48680901864722975,173.18371267837574
TRIP,20.0,False,CTALARM,0.7985246009722529,0.25152290241383884,0.3471939478946704,215.01208960190462
TRIP,160.0,False,TRIP,0.8879499707932821,0.42798540008706243,0.43767570538148937,350.810664112178
TRIP,20.0,False,TRIP,0.8226359601920709,0.3546370055711241,0.2209675806633218,90.40340021599619
TRIP,100.0,True,TRIP,0.9012675179054286,0.3978543110625024,0.10207412139499007,285.31696411463184
TRIP,20.0,False,CTALARM,0.8225675242524353,0.1952424948842605,0.3048002593972994,182.2439339117292
TRIP,40.0,False,TRIP,0.7301426190916634,0.26448661845647903,0.6607853849004542,63.674371235474155
TRIP,20.0,True,CTALARM,0.8785067256134172,0.01674178449855024,0.15945581865766373,231.67273705359986
TRIP,100.0,False,TRIP,0.869174532781211,0.1914989710846718,0.4730873084246761,285.2736863526276
TRIP,20.0,True,CTALARM,0.9074212390026685,0.237208022446322,0.03489048082417897,204.75209495641298
TRIP,140.0,False,TRIP,0.888707437648506,0.12760444979954083,0.5026698496868499,301.4758083569973
TRIP,20.0,True,CTALARM,0.8761403909637132,0.015620489495324907,0.16690603076104513,131.71270107131545
TRIP,180.0,False,TRIP,0.900808950350106,0.34520405438947604,0.3160619421605327,328.9565876354793
TRIP,20.0,False,CTALARM,0.8326695391296557,0.2175438754244216,0.25742717041634183,233.3952359950778
TRIP,80.0,True,TRIP,0.9017343523813561,0.2078390965561171,0.07898824032214884,289.1373569753627
TRIP,20.0,False,TRIP,0.8410042754576477,0.12499337701425445,0.24190736675824298,98.27464494899087
TRIP,20.0,False,CTALARM,0.8337208876300761,0.26891519949900855,0.24508747080522988,160.60619228505
TRIP,180.0,False,TRIP,0.9009880613269619,0.21901339063536573,0.3654739473208261,327.4622682264523
TRIP,140.0,False,TRIP,0.8725322894451122,0.23699223651454548,0.6806460730579911,18.322398180677357
TRIP,20.0,False,CTALARM,0.7969451292743408,0.290435674218191,0.3290122657574412,145.433416882745
TRIP,40.0,False,TRIP,0.7838764221902861,0.0031623236198676796,0.6400983089428437,280.9147168993809
TRIP,20.0,False,TRIP,0.7617333968695481,0.4538479517692113,0.32309036099378874,267.7732884640807
TRIP,140.0,True,TRIP,0.9085384596866629,0.03554369847254063,0.07528031061245762,306.58421907697186
TRIP,20.0,True,TRIP,0.859524129727032,0.22546237365799726,0.16110702669315813,266.1805204843476
TRIP,180.0,False,TRIP,0.9037807087052854,0.10368643761969071,0.28526237324032017,340.9531737008423
TRIP,20.0,False,CTALARM,0.8420851590426228,0.26189118468493766,0.2277581410791293,179.37343992601652
TRIP,20.0,False,CTALARM,0.7312029871673835,0.14011505439856892,0.6060805012727442,224.74434126718475
TRIP,160.0,False,TRIP,0.8886514698312409,0.43000324903130194,0.4750519215375859,305.17407308168157
TRIP,20.0,False,CTALARM,0.7803749830528974,0.19817991698121012,0.40481591634307135,252.60874194828497
TRIP,100.0,False,TRIP,0.8698868089325342,0.31937777788421867,0.34386068586568336,36.740418794520906
TRIP,20.0,False,CTALARM,0.8348390029015319,0.12443986407393948,0.27808943280234677,132.11872293412497
TRIP,20.0,False,CTALARM,0.8075390236119887,0.009703075247008752,0.4285347078824079,198.93268739947393
TRIP,20.0,True,TRIP,0.8854735906311976,0.20207726780663804,0.08722501581106669,271.69831579016477
TRIP,20.0,True,CTALARM,0.8839296229168624,0.2682432447791451,0.11377323175183394,195.6843247746864
TRIP,40.0,False,TRIP,0.8582167961793556,0.22977357563087514,0.21218144737768996,279.9177268981651
TRIP,140.0,False,TRIP,0.9040861983486961,0.48100718190943,0.11982923152275209,301.53941152664686
TRIP,20.0,False,TRIP,0.7166172356857087,0.3534195869230142,0.47396910331737163,95.44617730626517
TRIP,20.0,True,CTALARM,0.9091358496403981,0.4978349003126976,0.017337824984371707,221.79534233836085
TRIP,20.0,True,CTALARM,0.8900920170109671,0.14753004515698598,0.11212424416672506,200.55973589308186
TRIP,40.0,False,TRIP,0.7121283691675926,0.3945266398035733,0.6318256766491623,81.83421095575241
TRIP,20.0,False,CTALARM,0.6630950267051828,0.27777923377330693,0.6982802037554607,176.3561121252593
TRIP,20.0,False,CTALARM,0.7928187254497392,0.3058801772242497,0.3413133344796651,197.48458244473827
TRIP,140.0,False,TRIP,0.8883102584173275,0.49292660022116386,0.34675905111523075,294.24235507411123
TRIP,20.0,False,CTALARM,0.7076036646603762,0.3269935998755585,0.5413791335662067,165.9561748712209
TRIP,160.0,True,TRIP,0.9096553646988315,0.44940844616845893,0.025332704334402545,29.1297536913418
TRIP,20.0,False,CTALARM,0.8001412767938426,0.3628751173596235,0.29891503733068464,175.42654496359458
TRIP,140.0,True,TRIP,0.9092688009690347,0.06369306086237503,0.06987951727047187,301.66233997551575
TRIP,20.0,False,CTALARM,0.8096610438611549,0.34971185516115627,0.2806484678595401,205.65196283791641
TRIP,20.0,False,TRIP,0.668304873008063,0.24215779434274098,0.6886752887902123,114.79148197279845
TRIP,160.0,False,TRIP,0.8832464276990282,0.4593989964911712,0.5275432965623528,331.549541274333
TRIP,60.0,False,TRIP,0.7482732622709254,0.4034172235952276,0.6895321129796526,56.034498465382235
TRIP,20.0,False,TRIP,0.7675412486729988,0.05206734380361261,0.5222340379694211,117.67595489758881
TRIP,20.0,False,CTALARM,0.7993178314213134,0.06695782182677923,0.42567705026461183,157.3684886266488
TRIP,20.0,False,TRIP,0.7647591293798274,0.03480550089930279,0.5279545830490704,265.6720396533155
TRIP,140.0,False,TRIP,0.8873865136059726,0.2466224373723087,0.46136417107968924,300.86884516527397
TRIP,160.0,False,TRIP,0.899895660380275,0.04038587960367651,0.32484622093133586,21.0817714482718
TRIP,100.0,False,TRIP,0.8898398725060479,0.361839168287347,0.204782433803647,285.13289536689405
TRIP,20.0,False,TRIP,0.7796128576208151,0.27617929072521635,0.3641246415340484,259.39022949023877
TRIP,160.0,False,TRIP,0.9023183444941355,0.4179425087765712,0.18094543173100136,322.0748297322539
TRIP,180.0,False,TRIP,0.9027954492200453,0.13989789433565814,0.3406734425095017,324.15947669719515
TRIP,40.0,True,TRIP,0.8857490775738536,0.25957039208057037,0.10229478414476018,279.9092011177614
TRIP,40.0,False,TRIP,0.825965654850007,0.05873984295527218,0.39577656927902855,68.47296633492734
TRIP,20.0,False,TRIP,0.8395282239038643,0.4423050013251402,0.17169858356847334,112.99374239617825
TRIP,180.0,False,TRIP,0.9060463355280325,0.08750248114491915,0.20552567275909875,337.0750915854593
TRIP,20.0,False,CTALARM,0.8241246120170233,0.0511811256752025,0.34931969924767187,215.3423879473888
TRIP,20.0,True,CTALARM,0.8916910395905008,0.10252529926159165,0.11376837711510651,193.95386438014359
TRIP,180.0,False,TRIP,0.8868205974102633,0.4031157443614907,0.6736659185451433,329.65539841583944
TRIP,160.0,False,TRIP,0.9016710983216053,0.0529072638423414,0.31286102077501327,314.71148667587926
TRIP,20.0,False,TRIP,0.8200545322898745,0.30721374741908297,0.24659546073872574,261.8986151938971
TRIP,160.0,True,TRIP,0.9106530936335658,0.37309065030756283,0.020437623564806648,317.61082949743565
TRIP,60.0,False,TRIP,0.7727321988360492,0.37554058024143555,0.5902780541785629,40.98059179037423
TRIP,20.0,False,TRIP,0.7798697241444932,0.09503044330406557,0.438083740714469,272.71582797596693
TRIP,180.0,False,TRIP,0.903997779366744,0.030811999188806005,0.2914836083889081,347.6304727908725
TRIP,160.0,False,TRIP,0.9033343032585018,0.2244031918861088,0.171872959536933,17.631645221305583
TRIP,20.0,False,TRIP,0.7511757399504996,0.10124267262227304,0.5215961930727696,80.2964346446283
TRIP,120.0,False,TRIP,0.8582624366134544,0.349635404506969,0.661832203019167,285.8286199915508
TRIP,20.0,False,CTALARM,0.8375059714749125,0.1783463998277105,0.26656679395641414,187.21697919503484
TRIP,160.0,True,TRIP,0.9070431785568892,0.22467697051656604,0.09441324786546189,31.182607634854076
TRIP,20.0,True,TRIP,0.8952743749824776,0.05674246655085591,0.07643632309091615,96.46489049616763
TRIP,20.0,True,CTALARM,0.9075137240159594,0.28377514327409586,0.004453380633720139,116.66145597215316
TRIP,20.0,False,TRIP,0.7607753703860883,0.09276209481595366,0.5207688085402054,115.58257986454154
TRIP,180.0,False,TRIP,0.8890128157304192,0.33949283045746853,0.6869767701311693,315.96218980877944
TRIP,20.0,False,CTALARM,0.7242740348320658,0.03558441127394685,0.6949724269274977,238.3331246488949
TRIP,20.0,False,TRIP,0.6445673186886743,0.4879472961406617,0.5489380780400478,264.5702202128443
TRIP,160.0,True,TRIP,0.9046723725348184,0.34226348929290584,0.1135286448072305,4.8852319998785765
TRIP,20.0,False,CTALARM,0.7169750977286562,0.09086478390596309,0.684396619139185,153.90432106575545
TRIP,20.0,True,TRIP,0.8563799169989632,0.007047322730927896,0.22946941010136562,114.41542610358968
TRIP,160.0,False,TRIP,0.90394587155672,0.16723144610260937,0.23353372664478053,306.69314480646256
TRIP,180.0,False,TRIP,0.8990727609218757,0.0764066320261037,0.4811358670247072,343.3930754111466
TRIP,20.0,True,CTALARM,0.9057787431476619,0.10920566655977298,0.03433443095211597,152.40270585132188
TRIP,140.0,False,TRIP,0.8691975516612233,0.4363751292189447,0.5780388109352914,350.3018212456675
TRIP,160.0,False,TRIP,0.8796331484276342,0.30160233002542475,0.6981080935414208,5.169313455756521
TRIP,20.0,False,TRIP,0.755174257798444,0.08822882651444974,0.5425488446629422,117.25898551509809
TRIP,40.0,False,TRIP,0.7618897166719235,0.2783297003437244,0.5471735438451332,278.97522405478196
TRIP,20.0,False,TRIP,0.8357038025795083,0.12789032671249662,0.27321956939658565,129.6358669710119
TRIP,160.0,True,TRIP,0.908616367252906,0.4881004321790446,0.04614497231095984,331.54643893604987
TRIP,20.0,False,TRIP,0.7551518551078281,0.01637861513184763,0.5548672039640963,78.64736129932697
TRIP,120.0,False,TRIP,0.8780402349877454,0.36615921108390753,0.41801066083336036,286.44002183811983
TRIP,40.0,False,TRIP,0.7102827734666817,0.38649851309571365,0.636537082385459,72.61281086490878
TRIP,60.0,True,TRIP,0.8992750068857669,0.03358138197885013,0.08117403011678276,70.95777036222157
TRIP,20.0,True,CTALARM,0.8613649876968916,0.08593468211567579,0.2135861441658758,160.46976901797876
TRIP,180.0,False,TRIP,0.9039524811713766,0.19215332955197878,0.2524593076063705,340.1786117989197
TRIP,20.0,False,CTALARM,0.7062243130935411,0.4340774132645339,0.47829579598128397,210.76378628484537
TRIP,20.0,False,CTALARM,0.7181146235028071,0.2684999692092497,0.5514216141722085,228.61184215448887
TRIP,160.0,False,TRIP,0.87974358611251,0.32765342500364525,0.6727142860090941,3.5037620887018317
TRIP,140.0,False,TRIP,0.8957767211832949,0.3915064177284213,0.2067850108269081,20.38147366743546
TRIP,120.0,False,TRIP,0.8769006257488957,0.41406139416876,0.3455454859949731,24.096249237968447
TRIP,120.0,True,TRIP,0.911050674772035,0.23814227154184053,0.020272651056908883,295.07118287804354
TRIP,20.0,False,TRIP,0.848863380356316,0.25439656938674066,0.17709151467622153,85.26676383300081
TRIP,20.0,False,TRIP,0.809793775499525,0.3590029285438897,0.2618024556837482,118.38174646994722
TRIP,20.0,False,CTALARM,0.7935256249693532,0.1316711793678132,0.41566434456781376,219.583000306433
TRIP,40.0,False,CTALARM,0.8158706315768045,0.4272448681827622,0.32959184551942183,210.2235543551949
TRIP,20.0,False,CTALARM,0.8534464757705907,0.010393412237920785,0.2551325418438981,147.79061912463854
TRIP,160.0,False,TRIP,0.8949653519322719,0.09788580110486234,0.43685457657053905,1.5480741725418579
TRIP,20.0,False,CTALARM,0.6692297437844232,0.4000999715182516,0.5800309739819002,161.85692701829365
TRIP,20.0,True,TRIP,0.860644814736353,0.17012910594633612,0.16917679308935243,265.9977416592083
TRIP,20.0,False,TRIP,0.8422635018667282,0.07491641634615298,0.2400131154822886,84.68615351716394
TRIP,20.0,False,TRIP,0.7687107111470535,0.09337737785570166,0.4934465547809139,255.0088836985745
TRIP,160.0,False,TRIP,0.8873244450551083,0.26537820096803477,0.5445584191309711,5.4550151342201625
TRIP,160.0,False,TRIP,0.8819053254776321,0.4230907646724939,0.577777810214253,326.8828095532314
TRIP,180.0,True,TRIP,0.9075441401916202,0.0353253578855553,0.14653185322792006,342.01411475608467
TRIP,160.0,False,TRIP,0.8980320287287097,0.015240454562324701,0.37748687287109095,0.8861340328413547
TRIP,20.0,False,CTALARM,0.7004993144708853,0.23258406791842157,0.6300077689676991,164.81462897034444
TRIP,20.0,False,CTALARM,0.7915427078152337,0.47809370752681735,0.27436531856404417,148.97589848592085
TRIP,160.0,False,TRIP,0.902193169761186,0.1395049017070632,0.30091816315508896,303.07800813102233
TRIP,20.0,False,CTALARM,0.5962482593678343,0.47958526953352415,0.6893760607304801,194.65977287637673
TRIP,20.0,True,CTALARM,0.8873117346094006,0.44384058829500067,0.0791368522227538,220.0915691769783
TRIP,40.0,False,TRIP,0.7964368381009335,0.14156753819375556,0.49392139262314516,72.90216111111206
TRIP,80.0,False,TRIP,0.8046052744702501,0.40847403212807337,0.5951288889286243,27.74328047894912
TRIP,20.0,True,CTALARM,0.8766719861361579,0.3429336512844094,0.10555546164381219,249.23919498574506
TRIP,20.0,False,CTALARM,0.7409729077516645,0.2559111944523786,0.5001172652050662,223.4433571089942
TRIP,140.0,False,TRIP,0.895511399883894,0.21145807152143736,0.32881675540730954,299.6383442339801
TRIP,160.0,False,TRIP,0.8832668697709782,0.40775137796272837,0.5970236192722502,304.08604107914
TRIP,20.0,False,CTALARM,0.6448286820709304,0.3965397163475106,0.6352166217851343,227.17269863025717
TRIP,20.0,False,CTALARM,0.6652079178872935,0.3784681679712796,0.6107394322082014,193.81009786210373
TRIP,140.0,True,TRIP,0.9070406351745314,0.49912797560764793,0.045069596305308934,329.0429768442664
TRIP,120.0,False,TRIP,0.8749130562828893,0.23925623047069194,0.5297986937704819,288.4550889068342
TRIP,180.0,False,TRIP,0.8885640196549128,0.4034614889099579,0.6450693024900805,317.6729981883281
TRIP,140.0,False,TRIP,0.879144514352531,0.43123918349173923,0.43494390846965164,358.5027233786374
TRIP,20.0,False,CTALARM,0.794004693039712,0.10580129072684197,0.4206132423349431,145.2620835959445
TRIP,20.0,True,TRIP,0.9099022942887416,0.02103322102653049,0.0315037711786777,258.0964784246703
TRIP,20.0,False,CTALARM,0.713704277665884,0.20237420109428983,0.5992231155441569,247.7044134833682
TRIP,100.0,True,TRIP,0.9075390119490347,0.428368342218388,0.032482492580413067,62.69137679980798
TRIP,20.0,False,CTALARM,0.8530220782181412,0.14455164059725512,0.21945672446927175,229.15749588949555
TRIP,20.0,False,CTALARM,0.655411637113597,0.35000507703371203,0.6481041457010508,154.11213931640535
TRIP,20.0,False,CTALARM,0.7415487107103711,0.003674069532131341,0.6648215999106585,162.228812440936
TRIP,40.0,False,TRIP,0.7404607086020285,0.17768221616011887,0.6943303783331458,64.8496763474605
TRIP,20.0,False,TRIP,0.7833247337730089,0.3077583473790756,0.3334815999290203,268.10616460894875
TRIP,20.0,True,CTALARM,0.8833481723503684,0.06487859503616844,0.12420068246670757,251.25875628417208
TRIP,20.0,False,CTALARM,0.7670113549289796,0.44830345607371697,0.3415611407803587,191.6244500407789
TRIP,120.0,True,TRIP,0.9069983977550801,0.07813698855853962,0.07161904755813446,56.418908841295725
TRIP,20.0,False,CTALARM,0.6404263073068656,0.45489677250199734,0.6107752762789789,200.47132272856564
TRIP,140.0,False,TRIP,0.8920946964525678,0.10819465434148734,0.3923760632865534,36.04803197292733
TRIP,20.0,False,TRIP,0.7811911399335358,0.4971393369579204,0.2831541294167287,122.17392941121233
TRIP,20.0,True,CTALARM,0.9017204778517963,0.30237435664779544,0.05567149173656308,134.04882340537665
TRIP,160.0,False,TRIP,0.9024336468901857,0.04217244721915564,0.2836684737716413,318.033141314632
TRIP,20.0,False,CTALARM,0.7511519735473136,0.032638617239329926,0.6063341258730762,149.60234715997865
TRIP,20.0,False,CTALARM,0.7849650301403162,0.03746084812973438,0.4923841527340489,215.4491527052869
TRIP,160.0,True,TRIP,0.9092873371764618,0.29494637364547593,0.057718862257676605,314.9204356454342
TRIP,20.0,True,CTALARM,0.875201041934029,0.4047896011636926,0.11193503980832308,153.27339795202667
TRIP,160.0,False,TRIP,0.9009912226146097,0.20148137088525286,0.2746159434952532,318.13326722546356
TRIP,140.0,True,TRIP,0.9075966749129851,0.2224178796409309,0.07096255788014305,49.1260725095903
TRIP,20.0,False,TRIP,0.6676163405233702,0.294643851832314,0.6538288343952896,131.34353657758555
TRIP,120.0,False,TRIP,0.8744227478628761,0.26652030239317787,0.4566044312416131,34.10180966392724
TRIP,20.0,True,CTALARM,0.8986719892298586,0.3440308665506351,0.06637610091276153,201.93466654126252
TRIP,180.0,False,TRIP,0.8945072591800294,0.23589286008151328,0.5516402236663225,344.6215417468089
TRIP,20.0,False,CTALARM,0.8142163158473095,0.35693034253203376,0.25788415000036,236.50266071565548
TRIP,20.0,False,CTALARM,0.8391718594736632,0.49865537127331705,0.17140945118725456,225.3872222455495
TRIP,20.0,False,TRIP,0.7834508241593942,0.17514892112438246,0.39898945935778374,100.13710760752979
TRIP,180.0,True,TRIP,0.9110504445295211,0.006107731457675403,0.009360493184378914,335.19843310432384
TRIP,20.0,False,CTALARM,0.8304126552830509,0.06281252277582738,0.32577836207297844,169.75252251925005
TRIP,20.0,False,TRIP,0.6907953438507846,0.2767570924934769,0.5906634951666186,96.12073909649489
TRIP,160.0,False,TRIP,0.8858321178730065,0.17212889357232602,0.6496403171898978,355.5719929558827
TRIP,20.0,False,CTALARM,0.809562342489645,0.46999129685249624,0.23978829309150781,152.32461616610604
TRIP,20.0,False,TRIP,0.7431357326166299,0.3137230450536915,0.44970561171553103,133.7396336674359
TRIP,160.0,False,TRIP,0.9034095842611644,0.26017759298273396,0.15877640685818348,12.586056227580391
TRIP,60.0,False,TRIP,0.8196023445466487,0.39901975063600936,0.3921491496892963,64.18619033208573
TRIP,120.0,False,TRIP,0.9017667723284177,0.12929493552454757,0.1778194083072323,291.3088878260209
TRIP,20.0,False,CTALARM,0.7474205066441181,0.40986927014117985,0.399949556039217,173.7702376567741
TRIP,180.0,True,TRIP,0.9082110738433574,0.0015305524320464725,0.12020548210526165,343.7549016930697
TRIP,80.0,False,TRIP,0.8068038988684526,0.30983868106785883,0.6588627897325203,30.19888916048927
TRIP,20.0,False,CTALARM,0.6289822769781339,0.4673785755228895,0.6208422334851041,221.73963926343544
TRIP,20.0,False,TRIP,0.8138570972374961,0.393929976016935,0.23584277461418787,259.1942931155935
TRIP,20.0,False,CTALARM,0.6766036459199767,0.4268170960736797,0.5436640222474598,223.62592552725727
TRIP,20.0,True,CTALARM,0.9037546833059941,0.19847734758575025,0.06685289151253618,190.75592164530798
TRIP,20.0,False,CTALARM,0.6943704926624543,0.41211947305006313,0.5182526360937967,208.18739532193592
TRIP,20.0,False,CTALARM,0.8456612910353853,0.2754158325151333,0.1977213907288929,248.23785289551125
TRIP,160.0,True,TRIP,0.9079923295815456,0.30927011825159945,0.09494923807310361,310.77487570951047
TRIP,20.0,False,TRIP,0.7853128735901903,0.029457669667901754,0.47473385253252953,121.08407194248689
TRIP,20.0,False,CTALARM,0.8251265571577213,0.10077584858719607,0.3288647724735725,165.47546895900035
TRIP,20.0,False,CTALARM,0.7838169346192728,0.2754822077567763,0.37109772121131074,228.92745118218153
TRIP,20.0,False,TRIP,0.815840579474684,0.029400528911748824,0.3643708488965446,113.1177428375211
TRIP,100.0,True,TRIP,0.9069106365254747,0.3707234032938566,0.041613587474213676,64.36183174081033
TRIP,160.0,True,TRIP,0.9083383757911301,0.4200285042609508,0.03596617436487391,347.82075244012793
TRIP,80.0,False,TRIP,0.8370692922308236,0.46018118064740243,0.4208172527636678,70.10239996664542
TRIP,20.0,False,TRIP,0.7858772278012428,0.05088422958990296,0.4367052496487916,83.78391434481027
TRIP,20.0,True,CTALARM,0.9078308335176992,0.46986012401140004,0.033022189560580215,222.72699617373328
TRIP,140.0,False,TRIP,0.8982236612961922,0.033810003814647493,0.2649075323214724,27.852591571741
TRIP,160.0,False,TRIP,0.892844969084064,0.23702810796390766,0.4289958956922992,12.257155373474369
TRIP,120.0,False,TRIP,0.8662101020832955,0.4201255103139059,0.4596764590271534,23.044897369925494
TRIP,60.0,False,TRIP,0.8189744417406228,0.03515556928222768,0.579793031493586,44.374912482876596
TRIP,20.0,False,CTALARM,0.8431603084043354,0.009115536494491816,0.2945125985178166,154.5108703683074
TRIP,140.0,False,TRIP,0.896781779916371,0.012473859353325345,0.3837804468028781,298.53383164721686
TRIP,20.0,False,TRIP,0.7710141422837635,0.2556351197180168,0.404992262926172,123.10988151438984
TRIP,20.0,False,CTALARM,0.8273659042863669,0.4057983722983315,0.2184316983102233,153.9113092730711
TRIP,20.0,True,CTALARM,0.9083002333551846,0.06371333553629982,0.03767778170912812,216.0903934209121
TRIP,20.0,True,TRIP,0.909708424245946,0.062305127039770314,0.002958148343573252,108.77199322455404
TRIP,20.0,False,CTALARM,0.7011689870366775,0.2842734275248958,0.5852877912829674,155.71363635647296
TRIP,20.0,True,CTALARM,0.8801203080821854,0.11714780040596184,0.14016227576567045,139.07220727116987
TRIP,20.0,False,TRIP,0.7328168938930189,0.36510686757243693,0.44117826491139484,123.07807499400715
TRIP,20.0,False,CTALARM,0.728347493185861,0.47481769408837493,0.4039332350507437,139.8215410135335
TRIP,160.0,False,TRIP,0.8965126084204273,0.38301670330020654,0.2797431537183632,4.002375748342799
TRIP,180.0,False,TRIP,0.8899401296097706,0.43858768318945823,0.5834453160904436,319.0538405237705
TRIP,160.0,False,TRIP,0.8897619930391715,0.25979302878583516,0.4888811169853653,351.8448470815287
TRIP,140.0,True,TRIP,0.9104510574479462,0.41615965210876665,0.015919024407421056,310.4986289098098
TRIP,160.0,False,TRIP,0.8914916117171792,0.09145159199334119,0.5436858513496793,2.067218659526997
TRIP,20.0,False,TRIP,0.8134937072261318,0.03417394519781369,0.35489917260123355,270.3187968100639
TRIP,20.0,False,CTALARM,0.8279814809005284,0.32797655506234297,0.24291350235799278,206.31606213121688
TRIP,140.0,False,TRIP,0.8885468800524472,0.025976251879027967,0.5088192595581745,33.902967962790115
TRIP,160.0,False,TRIP,0.8858165332972754,0.44624070956984024,0.4802459407523885,335.8292885566551
TRIP,60.0,False,TRIP,0.866848880278604,0.3457770735537093,0.21741176650826433,279.43816652014925
TRIP,80.0,False,TRIP,0.7841307981452998,0.476100362704456,0.688127210048517,52.30666312131372
TRIP,180.0,False,TRIP,0.8985855939924836,0.15694332815661782,0.4540959406982273,347.0549146896586
TRIP,80.0,False,TRIP,0.8492610645953667,0.24307915460081042,0.4240457987177255,45.43155101183043
TRIP,20.0,True,CTALARM,0.9052595123401387,0.3708451825225595,0.048916254437240445,163.68475626334205
TRIP,100.0,False,TRIP,0.8936585975640883,0.12138949273041028,0.1955231462413162,57.23126375730227
TRIP,80.0,False,TRIP,0.8644877466627703,0.27092441005583345,0.312881801628509,54.0686862208456
TRIP,160.0,False,TRIP,0.8901278883195635,0.32973363750273904,0.4414379930167734,348.41006581485965
TRIP,20.0,False,CTALARM,0.7512130061443772,0.4894043272235206,0.3589345415112644,205.96420130124247
TRIP,40.0,False,TRIP,0.7505640733407457,0.3723516471211924,0.5341230534299738,93.3029703694809
TRIP,40.0,True,TRIP,0.8743134452913116,0.059065425139537,0.1837973987275313,279.50377351195203
TRIP,160.0,False,TRIP,0.8921087104570818,0.23766672569165515,0.491509896697739,315.0879837489027
TRIP,180.0,False,TRIP,0.8931576978322712,0.29438539149478604,0.5716179328238137,330.3374172436003
TRIP,180.0,False,TRIP,0.8980327311909245,0.07331157143217637,0.5355349829080672,335.8745895480739
TRIP,180.0,False,TRIP,0.896035717080939,0.2159830284905392,0.5395926092116233,326.0094587119063
TRIP,20.0,False,CTALARM,0.7248507176609831,0.1420029081679115,0.6219549400835157,230.0156625335654
TRIP,20.0,True,CTALARM,0.9048557587203447,0.05941377113101298,0.05892497973634265,123.28799393054055
TRIP,180.0,False,TRIP,0.8964469867422509,0.25602096673172725,0.4880340999618721,333.2043638779976
TRIP,60.0,False,TRIP,0.799041158555603,0.08281654050617271,0.6780747407815226,44.09875008013897
TRIP,60.0,False,TRIP,0.8278958059542351,0.2952687042928617,0.4015554549121767,60.76793341829431
TRIP,20.0,True,CTALARM,0.8797946783699031,0.08484846612093272,0.1521214183890748,156.1779145784498
TRIP,20.0,False,TRIP,0.6197741632296028,0.36179746180141054,0.699127664041949,102.11937919674538
TRIP,20.0,True,CTALARM,0.8871383694836112,0.0976208115148352,0.12227410497503524,221.6638131205937
TRIP,160.0,False,TRIP,0.899052172227578,0.44814255038807477,0.2348903881624015,325.90869226726437
TRIP,20.0,True,CTALARM,0.8931314764344621,0.013104678274404424,0.12044353189201745,176.77127749408115
TRIP,20.0,False,CTALARM,0.8061587874615452,0.260998693522868,0.3251590081250478,199.39341363067163
TRIP,20.0,False,CTALARM,0.8286048002916233,0.16005238294327345,0.29321320672767076,152.32814243319328
TRIP,20.0,False,TRIP,0.8122378339873215,0.1125382628872954,0.34386862755740094,254.7248975913379
TRIP,60.0,False,TRIP,0.7820016658170974,0.23580138958257402,0.6495883800388007,36.24796074463698
TRIP,140.0,False,TRIP,0.886636189589181,0.42100976816213037,0.33482707008395757,17.49235893356216
TRIP,20.0,False,CTALARM,0.7527345741424436,0.45763860276332435,0.3602384283495509,230.88185079593862
TRIP,20.0,False,CTALARM,0.7262163707874707,0.15162430907392288,0.6206774741429276,192.55627625549468
TRIP,20.0,False,CTALARM,0.7525778645279041,0.07712181104753563,0.5724305958103826,146.64889044697597
TRIP,20.0,False,TRIP,0.8500528069631159,0.3600702237831536,0.16780542185781094,120.23735107650192
TRIP,160.0,True,TRIP,0.9097291650865408,0.29099936272799415,0.009048168660195144,18.650679855525194
TRIP,20.0,False,CTALARM,0.7861603318695403,0.10050807433877995,0.44064971454143576,245.00021846903923
TRIP,20.0,False,CTALARM,0.6690085539138477,0.3801478940437183,0.591394876686264,151.72831289545823
TRIP,20.0,False,CTALARM,0.7820480150328626,0.25946521762107055,0.38699507882728,160.296494227062
TRIP,160.0,False,TRIP,0.9046435659306497,0.32669759975370377,0.1478238440089916,321.640146508281
TRIP,20.0,False,TRIP,0.7409443898105033,0.17966951698169437,0.5189485634727148,265.51723770845234
TRIP,40.0,False,TRIP,0.7933928581469085,0.219548780651188,0.4686774978278889,78.99953352958494
TRIP,20.0,False,CTALARM,0.8029833254810548,0.0901710491874711,0.39552277618598697,236.57993874784174
TRIP,60.0,False,TRIP,0.7704541789341731,0.3782579338226705,0.6043353218146885,47.61191466131677
TRIP,40.0,False,TRIP,0.7914332174997424,0.07850566207589593,0.5489696470573229,69.86299242677153
TRIP,20.0,False,TRIP,0.7123862830091641,0.38915129737553067,0.4675664639959462,257.0937266636764
TRIP,80.0,False,TRIP,0.8299253232727231,0.399003927442293,0.4653310683162528,45.32055056996312
TRIP,20.0,False,TRIP,0.7171811223320343,0.37330048202756083,0.4635418440087924,100.86982249355205
TRIP,180.0,False,TRIP,0.9034120466983935,0.009711394029370213,0.36761532144159476,323.30169647407416
TRIP,20.0,False,TRIP,0.8125291497479357,0.13656660630333678,0.32474515125069287,265.79357218135647
TRIP,180.0,False,TRIP,0.8965252303297431,0.23416887139590686,0.49672032164910374,334.6054263507672
TRIP,160.0,False,TRIP,0.8931380070967105,0.2977721893583979,0.42734613702916174,317.46000310603324
TRIP,20.0,False,TRIP,0.755868927108599,0.4596110496845251,0.34298639361038014,112.52859191111251
TRIP,20.0,True,CTALARM,0.8936325545705731,0.18780298606435114,0.08866294773772912,227.65587641317316
TRIP,20.0,False,TRIP,0.6946898819532837,0.43751165938697706,0.4913501520572158,136.3304441238384
TRIP,20.0,False,CTALARM,0.7840871370444952,0.08171464406841827,0.45219899940457575,250.95755938539946
TRIP,20.0,False,TRIP,0.8405112569033373,0.18564024375431348,0.2395738981814525,125.44452779432866
TRIP,160.0,False,TRIP,0.9019009081547662,0.0261410054106615,0.2494262163505537,0.47425387682131337
TRIP,140.0,False,TRIP,0.8990844116959212,0.3712446455278111,0.1727056688946766,33.81775746184277
TRIP,20.0,False,TRIP,0.7091471302616823,0.07532637871645648,0.6733406794555131,277.5644374401986
TRIP,120.0,False,TRIP,0.8700570864503194,0.1285100078242289,0.6021409540081057,30.241888118013964
TRIP,20.0,False,CTALARM,0.7545505996655268,0.3876166260966074,0.39273432058855173,215.79216596648726
TRIP,160.0,False,TRIP,0.9006603172485688,0.267358358711355,0.28115720259095994,308.8002644493092
TRIP,20.0,False,TRIP,0.7721011948514631,0.006986359709231282,0.5157776845874963,266.7964452631606
TRIP,20.0,False,CTALARM,0.8223636632722122,0.0011176023736985674,0.36940972328819804,148.83796613503466
TRIP,40.0,False,TRIP,0.7293978122168641,0.25533031586994853,0.6830957237405797,75.09751750553508
TRIP,180.0,True,TRIP,0.9103707786324806,0.15247775687459741,0.03858582974550819,332.11349558705797
TRIP,20.0,True,CTALARM,0.9019482051414288,0.09015572299758856,0.024000013837432586,203.90388544262154
TRIP,20.0,False,CTALARM,0.7669802824058761,0.30679696885805546,0.3980277125813613,145.9512213361401
TRIP,180.0,True,TRIP,0.907443460973332,0.11421823585871355,0.14229545588223472,339.14077164838017
TRIP,40.0,False,TRIP,0.7936217963418398,0.29610357484247396,0.4230129144851347,77.40638779388792
TRIP,20.0,False,CTALARM,0.73940289383114,0.18963297529313644,0.5469961199830241,159.22147408330375
TRIP,140.0,True,TRIP,0.9059519993179143,0.09337310883489486,0.09667683282941097,39.11245529886229
TRIP,100.0,False,TRIP,0.883539771399497,0.06905236893437433,0.30842575693266955,44.956893923833746
TRIP,20.0,False,CTALARM,0.7725548023585409,0.11843030156364404,0.4820669584145486,143.49465215886065
TRIP,20.0,False,CTALARM,0.7561844372308135,0.01491605400649254,0.5837044994710798,251.8777281546357
TRIP,20.0,False,TRIP,0.8074218708906677,0.15406348101813422,0.3474408630254501,122.00181989550602
TRIP,20.0,False,TRIP,0.8522500422142993,0.4509773450908971,0.1443075108342151,248.25527013708077
TRIP,140.0,False,TRIP,0.8863559730083612,0.41568106294151413,0.41005947890994304,289.86856893086133
TRIP,160.0,False,TRIP,0.8997364676579114,0.18600187835982945,0.31816194810749965,315.9280492752011
TRIP,140.0,False,TRIP,0.8780382699962327,0.2879168092909019,0.5403477989031401,16.099021459345295
TRIP,40.0,False,TRIP,0.8053616937632558,0.28368027950702923,0.3889032449420636,278.54339579031296
TRIP,100.0,False,TRIP,0.885882725488677,0.41436876959685615,0.19559599147930154,52.971164000646525
TRIP,20.0,False,CTALARM,0.7545874258395397,0.1181450507584828,0.5280750438048317,251.3744255877603
TRIP,20.0,False,TRIP,0.8050170368024729,0.14819374439650618,0.36242290907337177,133.7984876160006
TRIP,20.0,True,TRIP,0.8789591883287297,0.15089271687280575,0.12428258659482924,254.80558717015023
TRIP,20.0,False,TRIP,0.7996954184658824,0.020434994885837166,0.3941506261993961,76.97672802287887
TRIP,20.0,False,CTALARM,0.7073042006167058,0.1573439316445961,0.663824041892111,232.1966588043583
TRIP,80.0,False,TRIP,0.8214167587320691,0.4389568882940035,0.49386138265641527,45.1850713422986
TRIP,100.0,False,TRIP,0.8844125285750702,0.4559938237857405,0.20916235302058522,61.1083971564505
TRIP,20.0,False,CTALARM,0.7802530691333642,0.05481767288427519,0.49761122270500063,221.2062930592415
TRIP,20.0,False,TRIP,0.8504915717067452,0.2290292708092157,0.19782441770152523,121.23773699412985
TRIP,20.0,False,TRIP,0.7899809403338756,0.19067445079381956,0.37988218627888326,253.36010632097106
TRIP,20.0,False,CTALARM,0.7866744982358078,0.24467959831169395,0.3686170346512869,246.65739674496749
TRIP,20.0,True,CTALARM,0.8587127038415882,0.2773597620293386,0.17317361523826255,223.7882364918282
TRIP,20.0,False,TRIP,0.8495857471954573,0.010129380008873035,0.2435168399158726,262.9945948443544
TRIP,140.0,False,TRIP,0.8697064250542629,0.4211211239605804,0.6595270183502319,285.81668663891895
TRIP,160.0,False,TRIP,0.9018430024614134,0.48683203658666924,0.1754189754908035,328.11238168985665
TRIP,100.0,False,TRIP,0.8446224552997883,0.32670240600182116,0.5607189305416901,28.985698613433662
TRIP,20.0,False,CTALARM,0.7377159460171614,0.3302261192466846,0.467159406008498,205.75764532024192
TRIP,20.0,False,TRIP,0.7752724703849162,0.2639899289153542,0.3728403927680351,269.55966010334436
TRIP,40.0,True,TRIP,0.8896506474234638,0.16713670585719087,0.09626040862561441,78.09892440115583
TRIP,20.0,True,TRIP,0.874404297958027,0.07448891208976055,0.14319952689446447,94.90361147170054
TRIP,20.0,True,TRIP,0.8687769433292426,0.2920316713480253,0.12528433651328275,96.10716396075149
TRIP,20.0,False,CTALARM,0.8106399203306437,0.022470701754603528,0.41075598128162666,206.03986973082655
TRIP,20.0,False,TRIP,0.6150732951790787,0.41225128384593696,0.6813682377029346,131.8214046476375
TRIP,20.0,False,CTALARM,0.708556557398132,0.21045584973530773,0.6140674839424963,239.79410644377566
TRIP,20.0,True,CTALARM,0.9043595407739287,0.2073771120809874,0.017676318050704076,219.68628550845708
TRIP,20.0,True,CTALARM,0.8594369689951066,0.16358542923795288,0.19160863712364257,236.56025991709748
TRIP,20.0,True,TRIP,0.8624341393084936,0.4846769443492932,0.11008022125591549,90.8343420513215
TRIP,20.0,False,TRIP,0.704024968094586,0.08745847638535942,0.6829744893285312,276.25369529627886
TRIP,20.0,True,CTALARM,0.8729109374193658,0.07565391073760558,0.16492716421847053,239.05279827672982
TRIP,120.0,True,TRIP,0.901562141996025,0.08276575077251508,0.14091922952715574,47.033860547322334
TRIP,40.0,False,TRIP,0.7835176121912311,0.329263741425382,0.43461270550758146,72.06222686726389
TRIP,40.0,False,TRIP,0.7805641983237344,0.4959476593647992,0.3893306085023505,108.34745267032743
TRIP,180.0,False,TRIP,0.907102920942618,0.11773758520087735,0.1580960386468644,336.9749428219432
TRIP,20.0,False,TRIP,0.6980384428147953,0.4528086985337439,0.4692554051760695,117.485950897524
TRIP,160.0,True,TRIP,0.9073522502817495,0.1393082796040862,0.06790504790628239,7.156469759514925
TRIP,140.0,True,TRIP,0.9107514991087093,0.3239499600626501,0.013558346221624516,50.98526555718596
TRIP,160.0,True,TRIP,0.9080477289256987,0.02024947596668386,0.05769035349444278,11.581856514292621
TRIP,20.0,False,CTALARM,0.8307474555684474,0.2478269872880945,0.25540775818304084,145.02212789155797
TRIP,140.0,False,TRIP,0.8731008674651687,0.3272849831394909,0.6825114295123721,286.9752243490934
TRIP,20.0,False,CTALARM,0.782116725696039,0.2681598886113143,0.3830728991665547,162.1568810120412
TRIP,140.0,False,TRIP,0.8876733649624435,0.11891769244089556,0.528308272110827,302.0378885255328
TRIP,140.0,False,TRIP,0.8941103401335029,0.41424847413395777,0.22504702656209152,17.110555689865464
TRIP,20.0,False,CTALARM,0.6822890379793652,0.48506825561912015,0.5035373458383304,169.10023109211502
TRIP,80.0,False,TRIP,0.8217576685140551,0.22959804784603266,0.6763268386856502,283.3471339665915
TRIP,20.0,False,CTALARM,0.8213679744965261,0.31795963259462684,0.25043262319743725,242.8999983554222
TRIP,180.0,False,TRIP,0.8875787035758202,0.3952066341727863,0.6993416043145174,307.0171933705681
TRIP,20.0,False,TRIP,0.7761815878732025,0.12074453031089699,0.44688696572216624,98.58050060744704
TRIP,20.0,False,CTALARM,0.6866968644115025,0.4322251909643927,0.5240139887253067,180.3062866636975
TRIP,20.0,True,CTALARM,0.864759526756592,0.14010045265499876,0.17651706719370497,243.67628820320212
TRIP,60.0,False,TRIP,0.8067872764673107,0.3879154017576194,0.4501635384240691,60.656384217163534
TRIP,120.0,False,TRIP,0.8916613602790547,0.05604961621321103,0.35770437602367117,293.6904172837333
TRIP,20.0,False,TRIP,0.7021742253302067,0.14419335170708486,0.6694818518342052,112.12921828475021
TRIP,80.0,False,TRIP,0.8161222278556117,0.26680996696993386,0.6332725334526608,33.59062940965011
TRIP,40.0,False,TRIP,0.8395324050885586,0.26246104785215757,0.27767081924755405,275.6524646455058
TRIP,20.0,False,TRIP,0.613676497675979,0.4252155922431831,0.6628088260767633,253.80647270351287
TRIP,160.0,False,TRIP,0.8782525269775341,0.4980636288193036,0.6193687869250067,318.1247111823981
TRIP,180.0,False,TRIP,0.9020516451823798,0.05360542293007031,0.41326869525839743,321.1469083573647
TRIP,20.0,True,TRIP,0.8999993445889161,0.13569406641251852,0.0574825361526782,100.2692824493679
TRIP,20.0,True,CTALARM,0.8855389209377983,0.1787991051115379,0.1125531684616764,230.89059907841516
TRIP,160.0,True,TRIP,0.9075643685711958,0.23945920390500253,0.05381197127166015,359.6842786219171
TRIP,20.0,True,TRIP,0.8878834981905391,0.24695487157719953,0.07559518025434271,87.77035744598595
TRIP,20.0,False,CTALARM,0.614948210391346,0.4280975315742083,0.6838666620751543,170.2356006811025
TRIP,160.0,False,TRIP,0.9037753429374293,0.3852796513925499,0.14851710945130658,327.65989127058305
TRIP,120.0,False,TRIP,0.8819399258539125,0.009425789518976657,0.48359820763846406,37.10867094957467
TRIP,180.0,False,TRIP,0.8981767078490588,0.22751088029159394,0.4455697803779387,334.1699631202302
TRIP,20.0,False,CTALARM,0.7524825255736903,0.3090369191220444,0.4418014053971026,175.73601404223945
TRIP,160.0,False,TRIP,0.9054894831828251,0.2301977935465117,0.14469279971722085,321.4946838859206
TRIP,20.0,False,CTALARM,0.805215834157091,0.06532262801285116,0.40554261606922665,223.69370789767683
TRIP,20.0,False,CTALARM,0.7714599072901602,0.1987370418453241,0.4378768447094661,241.71679692830818
TRIP,40.0,False,TRIP,0.8130298185329138,0.20582784756486805,0.3992837216515777,278.2748705140776
TRIP,160.0,True,TRIP,0.9059525449014351,0.09385796122487938,0.13031372709297503,24.16899311430049
TRIP,20.0,False,CTALARM,0.706628894294789,0.3781535572354767,0.5061424179522962,225.9966020542702
TRIP,180.0,True,TRIP,0.909992451619461,0.1607003400712384,0.05127021334155772,332.61740811786916
TRIP,180.0,False,TRIP,0.8977021598191869,0.2944936452843081,0.4138400082737353,344.2045406255845
TRIP,160.0,False,TRIP,0.8973751648365536,0.2578650904793838,0.3053815326809193,348.59571984120697
TRIP,20.0,False,CTALARM,0.8415643591910746,0.43871353960819437,0.17520061519315155,232.4998365364573
TRIP,20.0,False,CTALARM,0.7587104563607354,0.06100746593141909,0.5651722923182971,227.98326532495142
TRIP,20.0,True,CTALARM,0.8904218215876447,0.05713150412673007,0.12312479667052871,198.88742403982573
TRIP,20.0,False,CTALARM,0.7147595615531089,0.1501598345615079,0.6530872319285657,218.71920929460813
TRIP,20.0,False,CTALARM,0.7091760983623228,0.21560748406291752,0.6191955198248309,220.36245493793783
TRIP,160.0,False,TRIP,0.9009442268303871,0.14927112437606976,0.25241128301345805,15.266976667807919
TRIP,140.0,False,TRIP,0.8962028138263848,0.3815935411976219,0.21360705160101529,31.993662936031512
TRIP,20.0,True,CTALARM,0.8940586133539593,0.12263292155464983,0.09624067839323149,222.98996583512977
TRIP,20.0,False,TRIP,0.7336038741961306,0.04238737138612236,0.641429471153769,113.11791481385471
TRIP,20.0,False,TRIP,0.7655013873910337,0.20689990494207378,0.43927230117629035,108.51317460356427
TRIP,80.0,True,TRIP,0.9083476996571674,0.386689644069242,0.02224850750038221,69.63863015338913
TRIP,120.0,False,TRIP,0.880683667503021,0.42528097179337065,0.3576995901931273,288.38518899627195
TRIP,160.0,True,TRIP,0.9071883769480592,0.3666724241816754,0.06005926348057083,347.15826133942676
TRIP,20.0,False,CTALARM,0.772153974540737,0.278943339249872,0.40162547946698923,225.9928811507889
TRIP,160.0,False,TRIP,0.89356701916864,0.36209585087458834,0.3562732028245687,340.35116241831196
TRIP,160.0,True,TRIP,0.9088918818966187,0.3406947676519307,0.057992231851905406,318.1982963437395
TRIP,20.0,False,TRIP,0.7320026028043333,0.11718331624753042,0.571102415181741,78.45371223589123
TRIP,120.0,False,TRIP,0.8972527218384501,0.27537944610159687,0.18362202401639435,55.269324423673694
TRIP,40.0,False,TRIP,0.7928330423746697,0.385304666319216,0.37903905491668927,76.1712427903008
TRIP,120.0,False,TRIP,0.8793088462400426,0.1585603309375691,0.447327213641374,34.635378191606954
TRIP,20.0,False,CTALARM,0.6560616334327397,0.3269865733584657,0.6736131735026165,209.8365001153051
TRIP,20.0,False,TRIP,0.7920176824345799,0.24074021375939925,0.34566818501589214,101.75401542152264
TRIP,180.0,False,TRIP,0.892055995324321,0.25157942547251,0.6421210406015464,328.6500101105147
TRIP,20.0,True,CTALARM,0.8530925612146604,0.045027518891079865,0.2484001389433892,220.82679836180486
TRIP,20.0,False,TRIP,0.6763210300153959,0.3331085826526899,0.6002060411549964,129.45980007674328
TRIP,160.0,False,TRIP,0.9016863148007748,0.43284351767726004,0.1650783588659917,354.47062750717737
TRIP,180.0,False,TRIP,0.8988055811396383,0.0707156440129314,0.4952358337047924,343.1500185210733
TRIP,40.0,True,TRIP,0.8979418547721021,0.18305283110822468,0.06202839562849755,280.3014847113121
TRIP,80.0,False,TRIP,0.8390863927585698,0.024333727420417506,0.6902352496785614,285.0061231582685
TRIP,180.0,False,TRIP,0.895310787697949,0.014815942988195552,0.6677554799036576,351.81724734881635
TRIP,20.0,False,CTALARM,0.773313589964772,0.4948292483358719,0.30954954696216436,216.16424015038572
TRIP,180.0,False,TRIP,0.901251343784699,0.24673575415319232,0.36675465259317747,316.80714575946763
TRIP,160.0,False,TRIP,0.8948476989096923,0.1777595093176232,0.4184424036226155,23.337980027996643
TRIP,20.0,True,CTALARM,0.8649703007939747,0.13743853831250946,0.192526291782769,199.46250700355603
TRIP,20.0,False,CTALARM,0.6971190926856636,0.49000632247247955,0.4721300046436138,180.90588220859686
TRIP,160.0,False,TRIP,0.892897815149716,0.12612539276084184,0.4889933626231612,13.580590399505642
TRIP,100.0,False,TRIP,0.8644473125677671,0.36285419786887163,0.3675535446276929,31.302714716687902
TRIP,160.0,True,TRIP,0.9061012762264127,0.1418790479029669,0.10341848473965239,7.8620126460743345
TRIP,20.0,False,TRIP,0.7331297401819974,0.03524475267845956,0.64343016072412,105.8454016151207
TRIP,160.0,True,TRIP,0.9065454825371757,0.34163830725897065,0.08053155764193069,19.264042625859506
TRIP,20.0,False,CTALARM,0.8030421579504381,0.0008154238149324367,0.44042051809735794,152.33748651388856
TRIP,120.0,True,TRIP,0.9069962758230578,0.33787425578028474,0.07216201762682857,292.5887080942503
TRIP,20.0,True,CTALARM,0.8923208954871786,0.12518829949491156,0.10227049639304582,220.97873103713377
TRIP,20.0,True,CTALARM,0.9120026021009209,0.3730521160357506,0.014376819820180296,242.56436842678846
TRIP,160.0,False,TRIP,0.8978345839372158,0.3848750836753247,0.2543548586997317,11.34240735946892
TRIP,160.0,False,TRIP,0.892045374128398,0.36205361940876896,0.44770779509542646,302.2294896921122
TRIP,80.0,False,TRIP,0.8700864530093742,0.012241720733805195,0.36508095381301037,52.628536577876666
TRIP,20.0,False,TRIP,0.7204704831627329,0.3518683098218842,0.47217740587393997,108.95431537169532
TRIP,20.0,False,CTALARM,0.6960570538645874,0.4950728070278816,0.47251320260966695,186.04580217601912
TRIP,180.0,True,TRIP,0.9087359430934968,0.12131268426281144,0.09812162079596705,334.797635164737
TRIP,160.0,True,TRIP,0.9082739208278889,0.13711928611266927,0.04013618239520089,359.33370061444657
TRIP,120.0,False,TRIP,0.8751457196821983,0.40676327479026975,0.4377506983042689,281.75784610370755
TRIP,20.0,False,TRIP,0.7796775105008769,0.08019840252804028,0.45725701348266984,262.5531205418889
TRIP,20.0,False,CTALARM,0.7691822916481275,0.3302918377522758,0.3896926145991931,189.96563905633144
TRIP,20.0,False,CTALARM,0.8476896430471751,0.3775131887502892,0.1720337264268495,239.6258416796983
TRIP,60.0,False,TRIP,0.8238723075910297,0.01858033090967859,0.5675356518875777,51.99270315420734
TRIP,20.0,True,TRIP,0.8976292286145302,0.2768810471326131,0.05298021084737996,96.91060340694575
TRIP,160.0,False,TRIP,0.8909816255506416,0.28793862926794145,0.4426182525249515,354.47143085895044
TRIP,160.0,True,TRIP,0.9067203922258759,0.1517214486958971,0.0842880751155605,352.6614083323938
TRIP,20.0,False,TRIP,0.7064756224910518,0.4381723346987586,0.4581134015032607,116.27006207861268
TRIP,20.0,False,TRIP,0.8264930458821144,0.08137485964992819,0.2924080514764475,86.77748612576136
TRIP,20.0,False,TRIP,0.7425120502290566,0.18209735475293026,0.50267213880637,82.62650693427065
TRIP,20.0,True,CTALARM,0.909415883656173,0.4243343435736647,0.03653454173385427,174.55117806151185
TRIP,20.0,False,TRIP,0.7933873889157231,0.09532137830299625,0.38855809193625757,80.555968724798
TRIP,20.0,True,CTALARM,0.8771393197879727,0.4106870681638375,0.10141452921605573,233.45878771824997
TRIP,140.0,False,TRIP,0.8890511506829836,0.039534588683977856,0.4776671421273316,26.935132087416683
TRIP,140.0,True,TRIP,0.9056457471060239,0.24461453359499502,0.08396894191817768,37.32380007092162
TRIP,20.0,True,TRIP,0.9035128522933453,0.037665331222851706,0.05150832606634807,99.69633897688821
TRIP,60.0,False,TRIP,0.8061484033577109,0.33895179253075713,0.4991859587285288,279.87956401623416
TRIP,20.0,True,CTALARM,0.9012680158132883,0.3953007445278001,0.044472354197797624,116.38423405512431
TRIP,20.0,True,CTALARM,0.8543363968661579,0.4249292741234014,0.15717157255206124,169.4940416221866
TRIP,20.0,False,CTALARM,0.6396293364600936,0.4906311253719944,0.5773146379879704,236.38393656330535
TRIP,120.0,False,TRIP,0.8674520657509236,0.3360078611497934,0.5667818154657583,283.8743719102706
TRIP,20.0,False,TRIP,0.6573067766809613,0.38453095692001016,0.5978880304465432,110.55924764087496
TRIP,20.0,False,TRIP,0.8332314932374439,0.2528791391606647,0.2282699227120996,263.14898801911994
TRIP,40.0,False,TRIP,0.7915751069410524,0.4563684505905631,0.3696336201251465,102.98426556647973
TRIP,20.0,False,CTALARM,0.7067246489994629,0.3218791910997313,0.5413431468243063,232.00783501197807
TRIP,20.0,True,CTALARM,0.881058564146397,0.4417757031256717,0.09588986050775633,162.31685068608894
TRIP,180.0,False,TRIP,0.8982071012496112,0.11772600850694043,0.5070736154510027,333.5860149662169
TRIP,160.0,True,TRIP,0.9070008628992805,0.24836889035903215,0.06824044457625822,353.5536190396058
TRIP,40.0,False,TRIP,0.7150200246068776,0.364909460531902,0.6392754260388074,278.6843187685052
TRIP,180.0,False,TRIP,0.9001925761271026,0.10136087728134163,0.44611712775813805,329.5671608316354
TRIP,100.0,False,TRIP,0.8800301794732839,0.10566989663098914,0.3453137188828291,49.141527128708795
TRIP,20.0,False,CTALARM,0.7565191925052651,0.4890213702028187,0.33931047826701494,235.60702471724923
TRIP,60.0,True,TRIP,0.8882843548090099,0.21730518036860302,0.12695343349143726,71.41245896606696
TRIP,20.0,False,TRIP,0.8440844473669473,0.09090772646188583,0.2421421607182576,99.70866179008138
TRIP,20.0,False,CTALARM,0.7592872243270565,0.165731940990753,0.5089865657220044,188.21636683762614
TRIP,20.0,False,TRIP,0.7852297912492032,0.1986880741329628,0.3786605345980719,267.11541685583967
TRIP,20.0,False,TRIP,0.7703749634224301,0.31154262873511057,0.370514342870184,259.73786671037203
TRIP,160.0,False,TRIP,0.9050478008589509,0.46150732952387624,0.13667212618190555,313.00536310453555
TRIP,20.0,False,CTALARM,0.6908415633454454,0.4932950379610455,0.4832536183675788,201.33894676557136
TRIP,180.0,False,TRIP,0.9022310248184772,0.32584937945555625,0.2744237307429452,333.48335522024666
TRIP,160.0,False,TRIP,0.9055381144546049,0.34996118039886237,0.1279273369069739,319.63989444731754
TRIP,180.0,False,TRIP,0.8952005206001289,0.16091458484829452,0.6606493261174304,305.6606962129766
TRIP,40.0,False,TRIP,0.7963133062153335,0.42857929772437453,0.35475912280592353,82.62723880956574
TRIP,20.0,False,CTALARM,0.8126153220853177,0.10889916761015744,0.3696256532586558,191.32127754739076
TRIP,20.0,False,TRIP,0.7150476743674332,0.05319032465548379,0.6869603371503642,265.0451749356877
TRIP,140.0,False,TRIP,0.8907520362572656,0.4866279950488254,0.25648429601934536,351.39690282405235
TRIP,120.0,False,TRIP,0.8462186406344296,0.4320693384102661,0.6601144791937147,4.193018545359699
TRIP,20.0,False,TRIP,0.76134597520857,0.15182256726906668,0.48644775279483593,117.76123222023554
TRIP,20.0,False,TRIP,0.7385361149535943,0.3375853581905246,0.4431669429213599,123.24609093090547
TRIP,20.0,True,TRIP,0.8595791076355096,0.23350917870659976,0.1640928113597364,103.87244512146843
TRIP,120.0,True,TRIP,0.9102411400450519,0.16156410307273544,0.03622897067145307,294.2727479146603
TRIP,160.0,False,TRIP,0.8991226879972318,0.14338710538014743,0.30644868679959714,16.225717191625467
TRIP,20.0,True,CTALARM,0.9032828713738306,0.06801372261045324,0.007119673397007564,129.3965100030468
TRIP,20.0,True,TRIP,0.9002895344509613,0.2746590411379196,0.04970175753926841,256.20645897937266
TRIP,20.0,False,CTALARM,0.7761960675481276,0.2232983450587539,0.41672872898606106,146.42629887851405
TRIP,60.0,False,TRIP,0.8094970780019015,0.25609321014997216,0.5071302831511192,51.862890129209774
TRIP,20.0,True,CTALARM,0.8883713513563706,0.10767858373970224,0.11756383234699384,219.9068901932715
TRIP,20.0,False,CTALARM,0.6825836453029375,0.46930533538662383,0.5127502888716416,188.13968510170278
TRIP,160.0,False,TRIP,0.8803996784341539,0.31929559816527076,0.6648080786163262,353.46198100171273
TRIP,20.0,False,TRIP,0.6668498159226002,0.4498003286916684,0.5202232565083377,269.4694388836353
TRIP,180.0,False,TRIP,0.8974899869929893,0.05463558301637772,0.549300653702523,355.02335562444625
TRIP,40.0,False,TRIP,0.7689602398734694,0.3114254829280874,0.49049880618786024,67.08695080176061
TRIP,40.0,False,TRIP,0.8629708091371234,0.4247309093220806,0.15731620831832582,274.17420334004487
TRIP,20.0,False,CTALARM,0.8432383183824558,0.16546038990723333,0.2526229595090852,198.58975909197
TRIP,20.0,False,TRIP,0.71499622363313,0.0975715845679932,0.6644868739388721,256.5034197124383
TRIP,20.0,False,CTALARM,0.7790672537858184,0.13251065290280983,0.4628474052790831,168.31852650284017
TRIP,20.0,False,TRIP,0.7334256223923541,0.1364668633748995,0.5523173137538505,76.4606950966501
TRIP,140.0,False,TRIP,0.8731772253904945,0.22359948246176758,0.6780862331912741,16.46519884744482
TRIP,140.0,False,TRIP,0.9043856936670731,0.16298180138966578,0.162005844358866,301.7837726376102
TRIP,120.0,False,TRIP,0.8983146714904422,0.13563703635399565,0.22518066712858742,293.33100549119735
TRIP,60.0,False,TRIP,0.813871370706197,0.32425614920256896,0.4513611569841497,58.514304163081086
TRIP,20.0,True,CTALARM,0.9067976495005189,0.02651618583594223,0.017050231648805123,232.2651238357826
TRIP,20.0,False,TRIP,0.7830571945306777,0.17018188906986498,0.39985335413359396,265.5841321915781
TRIP,20.0,False,CTALARM,0.6940988249199448,0.3448759829702374,0.5660818656601491,200.74499833722862
TRIP,20.0,False,TRIP,0.7900126244472631,0.08792487464050297,0.4273103616768876,114.20240511459791
TRIP,160.0,False,TRIP,0.9044517457178607,0.11046393110645619,0.2067752987272776,317.1405247868858
TRIP,20.0,False,CTALARM,0.7686890970684355,0.10033331270645873,0.5068728583352432,231.27862951491502
TRIP,20.0,True,TRIP,0.8902979207111347,0.00046305336570245936,0.1022221372759619,259.27830432498615
TRIP,20.0,False,CTALARM,0.6982113186378,0.23688387591578636,0.6263414284949617,234.7612306208395
TRIP,20.0,True,TRIP,0.8985941834653092,0.019479394708061593,0.07064052172831878,259.66392177063165
TRIP,40.0,False,TRIP,0.7656501233186785,0.13646990588745006,0.6044437936337044,52.22417217639986
TRIP,160.0,False,TRIP,0.8921989467771505,0.4974017122959858,0.34846659941536273,332.1339833920728
TRIP,20.0,False,TRIP,0.7748179830892208,0.4591981056951499,0.30005290244146127,102.89188726506057
TRIP,140.0,False,TRIP,0.8962853178168071,0.1075379040781671,0.3504632324028019,301.1584402907848
TRIP,160.0,True,TRIP,0.9061301808514721,0.15500121595696637,0.14014441216504483,321.6183134748891
TRIP,20.0,False,CTALARM,0.808464341160692,0.23185229113427575,0.32037990569116953,234.44049839761482
TRIP,20.0,False,CTALARM,0.656358653524014,0.42220677332962175,0.594803871129061,215.38827435194827
TRIP,80.0,False,TRIP,0.8127896672986632,0.40132297069654554,0.5606686695531593,39.25735602176917
TRIP,20.0,True,CTALARM,0.8922388968083836,0.06312071828314109,0.11413397414393049,157.03964138866618
TRIP,20.0,False,CTALARM,0.78687140458404,0.06222442417417606,0.4713946846903432,220.19197847333103
TRIP,120.0,False,TRIP,0.8663686858958787,0.20836612694702233,0.5997860854757977,29.47293809379819
TRIP,80.0,False,TRIP,0.8070424115129606,0.43504769480688604,0.5738373120331665,40.12632413191583
TRIP,160.0,False,TRIP,0.8948035016959903,0.44104249954775115,0.297942710308027,357.65325183859517
TRIP,20.0,True,CTALARM,0.9118373763496893,0.05368292484326509,0.03366498824228108,119.60429434653405
TRIP,20.0,False,TRIP,0.6698354771189957,0.2871486439827758,0.6518185960816244,125.903695424819
TRIP,20.0,False,TRIP,0.8325644395391717,0.07783759856255645,0.2771195810936434,90.55049421596112
TRIP,20.0,False,CTALARM,0.8189652761294917,0.3430646550013914,0.2526836460794406,232.56711701793972
TRIP,20.0,False,CTALARM,0.6755194912917735,0.45821662396445323,0.5316604611351691,170.30731925044685
TRIP,80.0,False,TRIP,0.888312005196702,0.2273846462377968,0.18478055084441578,284.5551446544615
TRIP,20.0,False,CTALARM,0.7591214168981562,0.04154138734602575,0.5843235462171044,184.49813946808325
TRIP,160.0,True,TRIP,0.9075154712540635,0.28962709794727276,0.05323609257352094,5.549752902137657
TRIP,20.0,False,CTALARM,0.7474013479422308,0.20425833506792734,0.5184978405013476,173.76746051764644
TRIP,100.0,False,TRIP,0.8233820121886433,0.4054493761669801,0.6760526433090721,19.867424614118843
TRIP,160.0,False,TRIP,0.887805169273571,0.17017223196319387,0.6970381578119215,297.64309697331385
TRIP,80.0,False,TRIP,0.7941670431863479,0.4374486002362946,0.6466630520449164,40.916910594492236
TRIP,20.0,False,TRIP,0.715364725678474,0.13685020381739244,0.6095336837844165,78.10344538769368
TRIP,20.0,True,CTALARM,0.8677622229925956,0.07875881794434297,0.19521615712041113,165.5874874061384
TRIP,40.0,False,TRIP,0.7509717130060314,0.15324018865928996,0.6766538538408348,70.26625994414923
TRIP,20.0,False,CTALARM,0.7452814402373271,0.017457895911373256,0.6495276156700469,194.11918567093136
TRIP,20.0,False,CTALARM,0.8059749588749576,0.14062298343712065,0.3740607549176306,165.8514328008139
TRIP,160.0,False,TRIP,0.8974557474421244,0.33005881694101535,0.2814543580755757,342.90813993022397
TRIP,160.0,True,TRIP,0.908255435369706,0.07114148927829617,0.07648707749073175,31.814482796860915
TRIP,20.0,False,CTALARM,0.8057296808803182,0.055682486393293984,0.4134438544775873,207.62353737667814
TRIP,20.0,False,TRIP,0.7728152061283896,0.0661926456271752,0.4903821639655383,259.34385947183415
TRIP,120.0,False,TRIP,0.8936676131322018,0.03877583713073318,0.2827976082270703,45.94572326010828
TRIP,20.0,False,CTALARM,0.7919321052206968,0.4373177059214698,0.28422069244137227,229.12636599266455
TRIP,160.0,False,TRIP,0.8910808607602233,0.4720575577482641,0.40131797350001264,311.12605950113743
TRIP,60.0,True,TRIP,0.9098979206248048,0.023280575864393138,0.01944886713501326,283.5200316341362
TRIP,180.0,False,TRIP,0.887281803929405,0.38003589077177014,0.6705061274707242,336.6614485544609
TRIP,20.0,False,TRIP,0.8313336763609828,0.36857587335859887,0.20293399496769654,259.41085082674016
TRIP,20.0,True,CTALARM,0.8750174479134265,0.4984547123050202,0.09862360323821606,141.8352586820343
TRIP,160.0,True,TRIP,0.9103863684486805,0.1739353308605341,0.0038418772942132805,331.3624984526919
TRIP,20.0,False,TRIP,0.7181331053843045,0.1427544958452081,0.5998240789699993,81.12843634132827
TRIP,20.0,False,CTALARM,0.7126222793802204,0.22654106040491362,0.6042451630597684,210.13282026900512
TRIP,40.0,True,TRIP,0.892611924728154,0.42828758857459526,0.06671462316239707,275.636860234081
TRIP,160.0,True,TRIP,0.9069099746094168,0.3642968212689494,0.10656891202216069,314.02122011837247
TRIP,160.0,False,TRIP,0.898156195098297,0.23581190698375137,0.31353156188043757,329.95516719380765
TRIP,160.0,True,TRIP,0.9061871245229536,0.1222814216429366,0.12999292114642091,30.591233813650728
TRIP,20.0,False,TRIP,0.6972165594066135,0.36350787063418555,0.5150747957857298,261.38130100351026
TRIP,60.0,True,TRIP,0.9025292771483698,0.42726343402109807,0.040627821994005636,73.47754563876556
TRIP,60.0,False,TRIP,0.8442905735212973,0.19997561553374543,0.3847965326701062,280.4829989352661
TRIP,20.0,False,TRIP,0.8100578941554495,0.3342927229104921,0.2679540955797329,252.24830349609917
TRIP,40.0,False,TRIP,0.8278521332268063,0.20010601058829908,0.3254625385845761,65.28684909611171
TRIP,140.0,False,TRIP,0.89658618859075,0.2392467190707424,0.2973299823869212,299.8188620710302
TRIP,20.0,True,CTALARM,0.8864695272636067,0.2624551899774568,0.10721142777425756,166.24396944668217
TRIP,20.0,True,CTALARM,0.8591336369430527,0.38786290701113896,0.15419703971599358,195.7882146843757
TRIP,160.0,True,TRIP,0.9080124172406793,0.48875299206446554,0.04536538923729861,349.705351275648
TRIP,20.0,True,CTALARM,0.8938928793640791,0.22218308131911618,0.08069990270934986,236.3852115069476
TRIP,20.0,False,CTALARM,0.6999953207589147,0.17115750312380296,0.6845263756932404,211.88273220891986
TRIP,160.0,False,TRIP,0.9024291503184979,0.18679550323619565,0.19585076817407635,6.034598050956359
TRIP,40.0,False,TRIP,0.8647774535248851,0.06694453468759082,0.21491787753769495,71.71734063381824
TRIP,160.0,True,TRIP,0.9066216292021102,0.14846936890886137,0.08897443130248472,9.563551577977591
TRIP,20.0,False,TRIP,0.7674654726317994,0.043223706634403114,0.528614943147726,119.99247325781381
TRIP,20.0,False,TRIP,0.6933540779841707,0.21394713158962358,0.6468999671310973,124.02300708983658
TRIP,20.0,False,CTALARM,0.7610362729328702,0.08367863465552444,0.5528253759466557,190.91882534106384
TRIP,20.0,False,CTALARM,0.7775473325657583,0.17320337298720434,0.4288310806039202,248.31664091730622
TRIP,60.0,False,TRIP,0.7791545032079747,0.39678887469580315,0.5692630409274033,64.56426188267274
TRIP,20.0,False,CTALARM,0.836471601662748,0.12296382529456801,0.2829611630530009,216.59559149150726
TRIP,180.0,False,TRIP,0.8919176149979295,0.3059473106710345,0.6016481485564812,330.1114588304065
TRIP,80.0,False,TRIP,0.812601779362894,0.4505907096243064,0.5589631947467274,66.60282821731484
TRIP,20.0,True,CTALARM,0.9042499581562349,0.28346459351477343,0.0012072509794233133,237.271690895531
TRIP,160.0,False,TRIP,0.898505768315903,0.09689630638620633,0.3414558944422619,16.41209085068666
TRIP,20.0,True,CTALARM,0.8651047628977224,0.17238309698297716,0.18523160325545832,191.21314834480472
TRIP,20.0,True,TRIP,0.8935746329878306,0.295184603592033,0.06036304145738683,266.9541325580807
TRIP,140.0,False,TRIP,0.8763541089710872,0.25330556987992675,0.5923372299234423,12.255041228451482
TRIP,20.0,True,CTALARM,0.906090756313065,0.07430991813845189,0.005564779010785614,120.11954081131236
TRIP,160.0,False,TRIP,0.8915995569368482,0.22339817234528447,0.5111144514387522,316.06451474111617
TRIP,40.0,False,TRIP,0.7248183086790352,0.2715333474551242,0.6917344846980302,81.17272648801391
TRIP,20.0,False,TRIP,0.8103347445581728,0.13366635722878623,0.337413836694365,260.2348395824507
TRIP,20.0,False,CTALARM,0.8227695656687286,0.30622275766992596,0.2598683709590042,220.40577861389812
TRIP,60.0,False,TRIP,0.8453814851611474,0.035080049742604924,0.42408306813229935,58.927559745418165
TRIP,20.0,False,TRIP,0.7278738374273845,0.1683035167827584,0.5632884793533705,267.0147050334593
TRIP,20.0,False,CTALARM,0.8518380743198974,0.4021384163887872,0.16817639564269518,191.54915749159116
TRIP,140.0,False,TRIP,0.902197593227609,0.1296424004540777,0.17549100040747534,40.329288261461954
TRIP,180.0,False,TRIP,0.8972745161374439,0.3025884250015391,0.4250246098607927,341.7737051754972
TRIP,20.0,False,CTALARM,0.6996661306090546,0.20501485685515597,0.6579158745980137,177.10633049167228
TRIP,20.0,False,TRIP,0.8476333655058534,0.1582300712076234,0.20890798303113442,268.2291005290811
TRIP,60.0,False,TRIP,0.8485114911435471,0.45806584395501343,0.26372826426030915,78.37209558926479
TRIP,40.0,False,TRIP,0.7371169045334708,0.17163085904019176,0.6953333110222026,49.38595538556677
TRIP,20.0,True,TRIP,0.8782739864875423,0.11833795074350917,0.12335551564456104,266.87043940677074
TRIP,20.0,True,CTALARM,0.895680068286264,0.45465065782013525,0.053877717862712844,242.57670428101756
TRIP,20.0,False,TRIP,0.7388243863044235,0.37297217796790744,0.41282866721642425,98.6787675734013
TRIP,20.0,True,TRIP,0.9098497343787785,0.3408998568490987,0.016986891895143096,268.66203678565756
TRIP,20.0,True,CTALARM,0.8911203072768579,0.024767471033437904,0.12630326189237587,181.79721396666093
TRIP,20.0,False,TRIP,0.7924107110236486,0.0656024803578879,0.4355464264833276,125.49501239306625
TRIP,100.0,False,TRIP,0.8630109686464275,0.3191699819048314,0.46165868048393305,283.28105429267777
TRIP,20.0,False,CTALARM,0.8149476093113235,0.1047164182631301,0.3572976747533338,222.04178911519486
TRIP,20.0,False,CTALARM,0.8433239895827755,0.11281899281517954,0.2686236323605683,182.61661174991875
TRIP,60.0,False,TRIP,0.8215383063074816,0.38956925767180534,0.4033383090952938,278.3185548303467
TRIP,20.0,False,CTALARM,0.7823415075905089,0.14296247441847132,0.45037002712326707,196.13820953016335
TRIP,180.0,False,TRIP,0.8978288725379178,0.035793651075958,0.5624374324041554,337.8723958560919
TRIP,140.0,False,TRIP,0.8900513119161259,0.01821597365493055,0.5549255797468932,294.50004940349186
TRIP,20.0,False,TRIP,0.756670384956272,0.2215889936226439,0.46536053586046344,128.9475261864709
TRIP,20.0,False,CTALARM,0.6797721873775827,0.308564288842323,0.6259628082599259,167.37093019665306
TRIP,160.0,False,TRIP,0.8803255307236105,0.43444261669590145,0.5866176775167932,344.6399047303398
TRIP,160.0,True,TRIP,0.9081208791507189,0.05540219751631964,0.09327220575255812,322.27358212581
TRIP,40.0,False,TRIP,0.7617659299044818,0.09833641314414815,0.6696756089264383,68.82679354835213
TRIP,20.0,False,TRIP,0.6820892845184664,0.26490030545373555,0.6242196116225442,98.74937981640556
TRIP,20.0,False,CTALARM,0.8467738536712489,0.18205418112098753,0.22464902565557185,131.19138697030994
TRIP,160.0,True,TRIP,0.9110172201193836,0.24126872562274732,0.014129093024927618,316.7456530118054
TRIP,160.0,False,TRIP,0.888596208222209,0.4620623244921077,0.4227831627308012,333.8702322822951
TRIP,100.0,False,TRIP,0.8810567231094649,0.2724458269323436,0.3068923038064716,288.8424866889357
TRIP,20.0,False,TRIP,0.7335649270838168,0.20756030530603797,0.5246966638102923,99.25504058169436
TRIP,160.0,False,TRIP,0.8919702368724224,0.4947199533498724,0.3672198351560358,319.34333038868334
TRIP,160.0,True,TRIP,0.9081615242929145,0.032607834949768155,0.05354330467566275,11.83720533865145
TRIP,20.0,False,CTALARM,0.8428055003353533,0.46605672418558597,0.1712811941783431,152.2092531205865
TRIP,20.0,False,TRIP,0.6954353453693036,0.2508309210327415,0.6177666292885706,135.94630763942553
TRIP,20.0,True,CTALARM,0.9029359653236554,0.25187816888356906,0.026382787000535066,192.68625812564656
TRIP,20.0,False,CTALARM,0.6829076230650859,0.4609821671016046,0.515668768578801,201.8306006045384
TRIP,20.0,False,TRIP,0.837316195298722,0.25366198979653476,0.2043604555660026,81.14561526364521
TRIP,40.0,False,TRIP,0.8306472468908108,0.2192035452650744,0.3168478621297479,73.64005300287222
TRIP,120.0,False,TRIP,0.8895140232453517,0.1362442960585995,0.37170380233812594,289.28397304517586
TRIP,140.0,False,TRIP,0.8989763627458376,0.3294083834087104,0.17505695011504072,27.430847222343683
TRIP,20.0,False,CTALARM,0.7523734118551135,0.2848225454898808,0.4563723100983639,177.58297579033635
TRIP,40.0,False,TRIP,0.8015814804217509,0.10717271847389154,0.4854095526685133,68.99270637516442
TRIP,20.0,True,TRIP,0.895705712720216,0.3547064575306624,0.059541635769542564,115.04420104355196
TRIP,20.0,False,TRIP,0.81190995626158,0.32204342866832025,0.2617489530959944,99.82599090192294
TRIP,20.0,False,TRIP,0.7394688128109819,0.1986669421032704,0.5210641108444041,255.06800134099342
TRIP,20.0,False,CTALARM,0.7861382614607505,0.002200460951775285,0.5051462918887922,164.1674171860378
TRIP,20.0,False,TRIP,0.7830566199365342,0.22329057508809386,0.38122234073366734,107.79906040059734
TRIP,140.0,False,TRIP,0.8902181751626895,0.003029058565125864,0.5443723459076099,299.2867192728738
TRIP,160.0,True,TRIP,0.9083189956891421,0.037499244649519925,0.07535142512789028,30.886250864688726
TRIP,20.0,True,TRIP,0.8848817473347457,0.21530495124041704,0.08274788749117104,275.8898323705105
TRIP,20.0,False,TRIP,0.7819765434241633,0.04095994209266385,0.46024251020744134,89.39259284410721
TRIP,180.0,False,TRIP,0.8986282172234414,0.13783271689358312,0.48533370752659016,330.48692014564176
TRIP,160.0,False,TRIP,0.8843177467183522,0.3277456842794842,0.5701687987247491,2.001270733037588
TRIP,20.0,True,CTALARM,0.885072299149806,0.15430767130470951,0.12672581444127992,200.39880144936217
TRIP,20.0,False,CTALARM,0.7461655990716491,0.4988242970607552,0.3617401616017736,224.01539424993376
TRIP,20.0,False,CTALARM,0.7079316595097023,0.45815101695749055,0.46258190799490767,207.82811975288413
TRIP,120.0,False,TRIP,0.9005947538464291,0.29265495229276184,0.15658970168031053,293.40550519164447
TRIP,100.0,False,TRIP,0.8606373651072685,0.4834735693174652,0.3618495059157935,40.37904291017204
TRIP,20.0,False,CTALARM,0.7181167712707079,0.43400864721626103,0.4469115170734172,149.6001615453303
TRIP,160.0,True,TRIP,0.9066423028930646,0.15944925942024352,0.1501146580343762,310.94523828719053
TRIP,180.0,False,TRIP,0.9028549609246983,0.3747981229926547,0.26289438717509894,319.94470387043674
TRIP,20.0,True,CTALARM,0.881962043603663,0.06841589200197368,0.15143716709499558,179.4039851659556
TRIP,20.0,False,CTALARM,0.6681411977454874,0.34227571218937053,0.632060033100019,200.86808179322873
TRIP,20.0,False,TRIP,0.8534087778275227,0.24554091324729022,0.16575921735099422,275.0070385763642
TRIP,40.0,True,TRIP,0.8959285351189546,0.008412969626412359,0.08458423819005788,280.65974194751095
TRIP,160.0,True,TRIP,0.9104586078691823,0.13711491119518537,0.024608718069000578,319.70926782210995
TRIP,120.0,True,TRIP,0.9086108993971347,0.4776911087021243,0.031467430687945115,303.7886637058955
TRIP,20.0,True,CTALARM,0.8811264651750175,0.15791574254424035,0.13411036447677183,149.19239263114596
TRIP,20.0,False,CTALARM,0.794273429850377,0.09072722765072033,0.4257459579148666,233.9111975297964
TRIP,20.0,True,CTALARM,0.8963215283746524,0.09376572328610416,0.012354912157785856,173.96469283022427
TRIP,120.0,False,TRIP,0.8949936726906951,0.2396066323209745,0.200720747330003,42.46612791124742
TRIP,120.0,True,TRIP,0.9088560309055974,0.42132462033526746,0.04071682392630953,295.8051312018226
TRIP,20.0,False,CTALARM,0.8034213145851448,0.37900088256667325,0.28256113920941733,216.63487069218243
TRIP,160.0,True,TRIP,0.9088539325600425,0.21842600376888716,0.03400371648090032,20.881873370128524
TRIP,20.0,False,CTALARM,0.7905881297593014,0.10436344171848028,0.4252792436345796,243.6725804432301
TRIP,20.0,False,TRIP,0.7809869783124205,0.023032450051095554,0.48189698586331065,101.91637292295664
TRIP,120.0,False,TRIP,0.8711183408575521,0.23131515974136552,0.5119362847506345,24.935475138005067
TRIP,20.0,True,CTALARM,0.8545402673428024,0.40738767425909583,0.15704037905237855,218.37200928611207
TRIP,20.0,False,TRIP,0.655863807086851,0.36484099679715687,0.6079501133732202,263.5951154865277
TRIP,20.0,False,CTALARM,0.7601932814124985,0.20430038381362514,0.4832017171316485,186.22234595573713
TRIP,160.0,True,TRIP,0.9080502129341829,0.29735133595880014,0.03965515350987427,2.0333784852332837
TRIP,20.0,False,CTALARM,0.8177868272313247,0.21812326047310882,0.30853669609099893,207.67778529933722
TRIP,160.0,False,TRIP,0.8869038026612254,0.2895080548950889,0.5374295453607368,2.379267114465584
TRIP,180.0,False,TRIP,0.9046896004619827,0.2587526221967746,0.21762574870416082,333.50698846696247
TRIP,20.0,False,TRIP,0.8063984164578397,0.3404833000625795,0.2670911417350853,96.22985678101873
TRIP,180.0,False,TRIP,0.8991288050056315,0.253854421766562,0.44072267910757995,313.56237725892873
TRIP,140.0,True,TRIP,0.9063467335848874,0.4703054990837793,0.038836616081128456,4.359343902073398
TRIP,80.0,False,TRIP,0.8162519844015471,0.2140140907908431,0.676854528355542,34.997943777181305
TRIP,20.0,True,CTALARM,0.8922562936783794,0.007958151519855461,0.1221367074268095,162.50698965695653
TRIP,20.0,True,TRIP,0.909483065180892,0.11818676770449227,0.018670399752382227,273.0986564589609
TRIP,180.0,True,TRIP,0.9110096346050548,0.250303429053328,0.003726087428294178,339.3222121802292
TRIP,20.0,False,CTALARM,0.8218663888875152,0.270285925944331,0.279688062499577,187.59413346063474
TRIP,20.0,False,TRIP,0.6861853803218574,0.27619239465602674,0.6189773558327644,127.96585691997461
TRIP,120.0,False,TRIP,0.8590172178104365,0.3572760491350411,0.5738334554525503,16.03963437018518
TRIP,20.0,False,CTALARM,0.7233208541165317,0.13732407130876395,0.6384320587747865,210.1354098259362
TRIP,20.0,False,TRIP,0.7703638204548855,0.3324518395207386,0.37364762353022923,136.81575521947215
TRIP,180.0,False,TRIP,0.9008777579413461,0.3520161365596064,0.314122363712615,327.2880544830147
TRIP,20.0,False,CTALARM,0.8328867352535889,0.20564037631041315,0.2701026832747561,172.82132022240026
TRIP,20.0,True,TRIP,0.9030372546740495,0.20108454957316102,0.0324926530539141,275.5609139267193
TRIP,160.0,False,TRIP,0.8912843376563868,0.08946239282822488,0.6366648794136075,305.35579015736243
TRIP,140.0,False,TRIP,0.8921583213544438,0.20699368812768687,0.34732326459930923,35.379940203991545
TRIP,20.0,False,CTALARM,0.785237827993425,0.3934081458535062,0.3185472017360571,158.70467079224812
TRIP,160.0,False,TRIP,0.8926984184121588,0.45448650277494196,0.36061724090988206,321.7382751644323
TRIP,20.0,False,CTALARM,0.708523882637399,0.2968065956589827,0.5559081626799403,152.80390739508894
TRIP,20.0,True,CTALARM,0.8753013836992334,0.1496851716771494,0.15712976018779473,203.45553970825875
TRIP,160.0,False,TRIP,0.8891945677877983,0.3411448593298657,0.49693047529644624,314.31742102758517
TRIP,40.0,False,TRIP,0.7602953917934591,0.37007310434800195,0.497538818597823,83.73369120832537
TRIP,180.0,False,TRIP,0.8956780913255197,0.16610638939033118,0.5946869475807279,322.0493986164468
TRIP,20.0,True,CTALARM,0.900782481759566,0.41327393074477337,0.006078518924709009,142.93023162826154
TRIP,20.0,True,CTALARM,0.8912030240634783,0.03684791606917004,0.11927688026459243,213.49199831726344
TRIP,20.0,False,TRIP,0.8288817904128453,0.005376858800012763,0.3297327964313288,118.09421354370716
TRIP,20.0,False,CTALARM,0.7525240731367282,0.06148538631602629,0.5953782712230349,189.7628593534524
TRIP,140.0,False,TRIP,0.8788927823718822,0.07800417391375486,0.6755818031395888,17.742889088100906
TRIP,120.0,False,TRIP,0.8694518535010047,0.43946451647386064,0.41640803027558093,23.49359108595481
TRIP,20.0,True,CTALARM,0.8730377384149549,0.21249085111064042,0.14849378279611408,149.3001942975308
TRIP,20.0,True,CTALARM,0.8800781107941229,0.13746584598519085,0.12920928707725196,120.58269243608825
TRIP,20.0,False,CTALARM,0.7686528675121346,0.21453755799340968,0.44761076779038717,221.68505169903895
TRIP,160.0,False,TRIP,0.9043490694114582,0.19742044635031614,0.14704840294158322,13.647660135770243
TRIP,60.0,False,TRIP,0.8434208738658124,0.1507308339940085,0.3871611967446203,60.360721105280874
TRIP,20.0,False,TRIP,0.7363600402511555,0.06894979120598266,0.5843683504007314,75.45308188528517
TRIP,20.0,False,CTALARM,0.8149486975240517,0.3279577309869403,0.272873753923463,158.57703667072815
TRIP,20.0,False,TRIP,0.8366266585375775,0.06830220138982768,0.2649305328193504,88.86051445642299
TRIP,140.0,True,TRIP,0.9098621215219785,0.3877122263363372,0.025298235823751635,49.55856689078304
TRIP,20.0,True,CTALARM,0.8707744987575741,0.1008440066402268,0.17785920489718843,215.12652256167763
TRIP,20.0,False,TRIP,0.7055803587698031,0.36568565356665583,0.48873402173349206,267.7939120091599
TRIP,20.0,False,CTALARM,0.8081783007135824,0.4027930528477335,0.2522738715925375,246.69650404699982
TRIP,20.0,True,TRIP,0.8854258566986279,0.06266300488722537,0.11080924210294536,99.42483428190762
TRIP,140.0,True,TRIP,0.9084482043212374,0.04337288414400203,0.07403741363222897,307.60014109210704
TRIP,20.0,True,CTALARM,0.8919572910528019,0.47478638532682993,0.06653736470549623,220.2559845938648
TRIP,20.0,False,CTALARM,0.7605158958921477,0.23152340337629035,0.4613934031825266,221.28001236267258
TRIP,40.0,False,TRIP,0.7887694297409997,0.3151177474864942,0.42883503515548405,76.62544261792462
TRIP,20.0,False,TRIP,0.8129178153357943,0.011630220060883878,0.3629647039214594,87.19663944101528
TRIP,20.0,False,CTALARM,0.8141623953142781,0.13935509027816995,0.35022851371139757,170.9100782777177
TRIP,20.0,True,TRIP,0.8751306071593831,0.2526988272796931,0.1071957968815101,85.61557117461042
TRIP,20.0,False,TRIP,0.7563580060707434,0.44310915669470197,0.3504229573320611,247.70798513473554
TRIP,20.0,True,TRIP,0.9068574297436517,0.13571970878218814,0.04195644362026593,111.07962441207297
TRIP,60.0,False,TRIP,0.7604327762439809,0.3875956599293598,0.6481009210218814,54.6898154260857
TRIP,120.0,True,TRIP,0.907798570984327,0.3311064641293509,0.040619287801824784,54.58098735845009
TRIP,100.0,False,TRIP,0.8849199670429639,0.057635383902872483,0.29647113642574296,45.802000336017834
TRIP,20.0,True,CTALARM,0.8941513686781158,0.14668758639599827,0.0003997394822205624,158.3100284278948
TRIP,160.0,False,TRIP,0.8906915003413673,0.11893201821930988,0.5503053071482711,1.0944130851441036
TRIP,20.0,True,CTALARM,0.8855097544611027,0.22126379378664274,0.11631913197494102,195.2540237889111
TRIP,20.0,False,TRIP,0.6580347997170042,0.3176671215237921,0.6474412124751746,107.38905225103815
TRIP,20.0,True,CTALARM,0.9047390828723985,0.21670987775425332,0.030784423502395162,198.89237914567727
TRIP,180.0,False,TRIP,0.8962458462851983,0.12226828787590299,0.5745511341950987,336.75314883897
TRIP,180.0,False,TRIP,0.8968444205857958,0.3479393841141377,0.4596464689709117,312.85713966605414
TRIP,20.0,True,CTALARM,0.8584529221093364,0.2922355473557449,0.17481500322012336,207.514742377844
TRIP,20.0,True,CTALARM,0.8725075105151409,0.25965695370784597,0.1416937264614164,150.50531254994104
TRIP,20.0,False,CTALARM,0.8248281287032648,0.2772097987229892,0.2503745533639156,251.41056158970233
TRIP,180.0,False,TRIP,0.8964907775605642,0.11095032314691178,0.5798820182227484,332.33015974482765
TRIP,20.0,False,CTALARM,0.6797479161733448,0.3402155305462281,0.6033695838348189,176.2369444582379
TRIP,140.0,True,TRIP,0.9038179834743304,0.19375026776938414,0.12269976566702803,35.750780670714704
TRIP,20.0,False,TRIP,0.8297748663671889,0.1817339098650098,0.24741362777903148,275.79175215263643
TRIP,160.0,False,TRIP,0.9042445168648805,0.07486710413338526,0.1662439687315777,3.772495401978291
TRIP,20.0,True,TRIP,0.8806464797596182,0.2984186672752232,0.08584999334652853,275.26985267064254
TRIP,100.0,False,TRIP,0.8583734676718472,0.3013322052732533,0.4525145712702496,30.569977399165186
TRIP,140.0,False,TRIP,0.8983565223515272,0.17015032183326417,0.2421097162648747,38.38196677186329
TRIP,100.0,False,TRIP,0.8945124860960777,0.42992502843276703,0.15776883134343386,281.4144732041494
TRIP,20.0,False,TRIP,0.6427383319858724,0.42272894935771416,0.6061984414513834,248.2278137623459
TRIP,20.0,False,CTALARM,0.7743035708107757,0.05452715324121565,0.5238225516324965,202.28512656118963
TRIP,140.0,False,TRIP,0.8796594267420373,0.3475191939049591,0.5416328040874397,295.41066937566967
TRIP,140.0,True,TRIP,0.9103555552691754,0.19691737809251114,0.027437123828296103,306.4926638677548
TRIP,20.0,False,CTALARM,0.6123940696254756,0.4998574255314464,0.6405913144617463,164.70441203626322
TRIP,160.0,False,TRIP,0.8959015634588757,0.1125118148423262,0.40231686458196464,358.66752733963347
TRIP,20.0,False,TRIP,0.8085421590483277,0.1402621027072447,0.3526619632791631,128.72877827007864
TRIP,120.0,True,TRIP,0.9115409961020975,0.22105314727786374,0.007409742219446813,61.74279598348737
TRIP,160.0,False,TRIP,0.8905549509099819,0.13435757434033158,0.6283635473038732,304.551519523161
TRIP,20.0,False,CTALARM,0.766527038749788,0.3459966831932571,0.38072332934020037,149.6053006413589
TRIP,180.0,False,TRIP,0.8951432715107491,0.24045405609074028,0.5776074236383747,314.81987444230117
TRIP,140.0,False,TRIP,0.8879953825234798,0.11043941742477009,0.4588576725168056,22.019884016545454
TRIP,60.0,False,TRIP,0.7976802411746526,0.2531870347432813,0.5576855294576163,39.97876014239098
TRIP,120.0,False,TRIP,0.8623073519488336,0.4443938831825192,0.4850522239904616,14.498158040626482
TRIP,20.0,False,CTALARM,0.642846100943808,0.3961978234250264,0.6446747316350786,216.72394570886763
TRIP,140.0,False,TRIP,0.9040263470504739,0.24941446221341051,0.15783893043768477,299.47110520193985
TRIP,20.0,True,CTALARM,0.8789830061434526,0.14424630157097384,0.14147007331303502,144.95788209912183
TRIP,140.0,False,TRIP,0.8873994567652451,0.08994323235126389,0.4987790933615853,32.65036188156854
TRIP,20.0,False,TRIP,0.7591830459818156,0.4391914385934477,0.3509763604084283,134.44877787514324
TRIP,20.0,False,TRIP,0.7447560916281308,0.35508347024934817,0.419412819234409,125.29660764230277
TRIP,20.0,False,CTALARM,0.733899715367569,0.2860816515737292,0.49597972843385885,231.6498929150813
TRIP,20.0,False,CTALARM,0.7447067864312574,0.4397173229768342,0.3831997379000018,234.77458636668018
TRIP,120.0,False,TRIP,0.8764637977486243,0.060845143687044745,0.5513854133663373,37.0885382104871
TRIP,20.0,False,CTALARM,0.8328252251449748,0.34124464300103413,0.2232071491550967,151.26363990918986
TRIP,20.0,False,CTALARM,0.738368401615755,0.10835615620661598,0.6012933105197844,231.30522965475555
TRIP,20.0,True,TRIP,0.8949004075863259,0.0602887205079935,0.07537344704792051,93.1900353084125
TRIP,20.0,False,CTALARM,0.7647016961510672,0.23280425500346658,0.44380278387283073,146.54890315025193
TRIP,20.0,False,CTALARM,0.7134621346205378,0.19369646488217684,0.6230927552687583,220.9301753922068
TRIP,20.0,False,CTALARM,0.8389499372611751,0.47058680466259273,0.17688588953119325,145.03345244816467
TRIP,160.0,False,TRIP,0.901544706408841,0.1619897733759082,0.22878427244673905,11.109949763604439
TRIP,40.0,False,TRIP,0.8442697467055809,0.4074511295260012,0.2138092449449172,80.1417583546221
TRIP,80.0,False,TRIP,0.8500103975466418,0.37441350023417236,0.39498459824252363,279.38912920758855
TRIP,20.0,False,TRIP,0.7966668846833891,0.33396193502926813,0.28901027089560394,89.46146835001105
TRIP,100.0,True,TRIP,0.9023095562486678,0.4602002364800298,0.07557149949643166,294.37612058326107
TRIP,20.0,False,CTALARM,0.7107248460813795,0.20396229719067105,0.623901055229522,168.0868172526566
TRIP,20.0,True,CTALARM,0.8775083432581483,0.19483559299143283,0.14327364041107188,170.25160939102008
TRIP,40.0,False,TRIP,0.8325884398447416,0.08047371179075469,0.37385600769197075,277.385837519296
TRIP,20.0,False,TRIP,0.7895798934769319,0.13788103774753457,0.41636342715608304,137.98566468572224
TRIP,20.0,True,TRIP,0.9016821691380416,0.43988822803043537,0.028526290553279186,85.85301317485354
TRIP,140.0,True,TRIP,0.9066306068292166,0.237191066455684,0.06699862935803606,37.811655618275935
TRIP,20.0,False,CTALARM,0.6962232900815615,0.17067666109535523,0.6801827973006861,241.8875554207565
TRIP,20.0,False,CTALARM,0.7824167843487355,0.10805602754108556,0.46515863810456765,169.179314325438
TRIP,80.0,True,TRIP,0.9083741131696625,0.2424801251218075,0.023495623932498842,291.3864770520456
TRIP,20.0,False,CTALARM,0.6925213011426594,0.3583326852322644,0.5559394544570991,164.7628950867503
TRIP,20.0,False,CTALARM,0.8097823302750249,0.1433460127285377,0.35597996649423985,149.3318430413427
TRIP,20.0,True,TRIP,0.8967062786473385,0.3788582604063271,0.05263970045493292,107.58675026690543
TRIP,40.0,False,TRIP,0.7736882109585361,0.3148938873624592,0.4765264686334538,71.79403425852881
TRIP,160.0,False,TRIP,0.8963572261270418,0.3937812812698521,0.34954626410792794,298.95730007344724
TRIP,140.0,True,TRIP,0.9032000470240011,0.12545481443745615,0.14344386077764626,34.27609354083589
TRIP,180.0,False,TRIP,0.8915472747021317,0.3155140723665227,0.6143915904621736,324.7659804065925
TRIP,160.0,False,TRIP,0.9030835566908346,0.07686763974442096,0.2039659008101779,9.687294445446177
TRIP,20.0,True,CTALARM,0.8597530437902806,0.18189849108231837,0.19918964481731544,188.01084068359506
TRIP,160.0,False,TRIP,0.9014156416156378,0.36218004742140064,0.1909415072545951,20.998282374390342
TRIP,60.0,False,TRIP,0.8011262170766918,0.31583419278996794,0.5372190439623358,280.65856367146785
TRIP,20.0,False,TRIP,0.7595209980282225,0.09393036266876098,0.49428306926637244,76.1387486612808
TRIP,20.0,False,CTALARM,0.6386173959028016,0.42917133604626456,0.6322019798292502,203.7321274451528
TRIP,180.0,True,TRIP,0.9077508899638322,0.026675491172590937,0.1605374537089958,329.92059693273995
TRIP,20.0,False,CTALARM,0.7095779395773966,0.29760784425832476,0.5504552168799658,233.73321682047344
TRIP,100.0,False,TRIP,0.858373508451796,0.49191025011580314,0.40113190356966716,64.19518739060956
TRIP,100.0,False,TRIP,0.8910916196646794,0.2657523659213743,0.21607572675686748,286.80399675176426
TRIP,20.0,True,CTALARM,0.9058728687259896,0.40033590997971036,0.024817892685425447,158.93265845100575
TRIP,160.0,False,TRIP,0.8851545325339949,0.29759048659455106,0.573263284895777,4.743625803392404
TRIP,20.0,False,CTALARM,0.8524318844049232,0.3915441574614963,0.16874996005934942,175.2353892388206
TRIP,140.0,False,TRIP,0.8868872479113833,0.3277970676776436,0.4422201253504436,292.4944838148025
TRIP,20.0,False,CTALARM,0.7658253762057661,0.34556600726876435,0.3842075552418688,154.7847471001007
TRIP,20.0,True,TRIP,0.9144105960511882,0.11390557554319203,0.0031146770527487153,273.03409817279726
TRIP,20.0,False,TRIP,0.6194548357271572,0.37091045678645884,0.6960405409578336,253.9893184323859
TRIP,20.0,False,CTALARM,0.7474578748841182,0.11895494333216539,0.5700305490600901,164.4884342417825
TRIP,20.0,False,TRIP,0.7528876877774325,0.49032013757129406,0.3405298894456774,116.38173060916105
TRIP,20.0,False,TRIP,0.7687387354135664,0.11389359548060235,0.47623895916966813,261.55440056237626
TRIP,20.0,False,TRIP,0.8179682571407619,0.11834200179882814,0.3336159656135408,132.81063038581155
TRIP,80.0,False,TRIP,0.8203632989680947,0.42933656024193206,0.5212103898951115,61.23135842231461
TRIP,20.0,True,TRIP,0.8912403419435606,0.12149293098140956,0.09402998207322585,115.51070215007258
TRIP,160.0,False,TRIP,0.9000504675183219,0.18045139674564148,0.3124456966638212,315.6621094540974
TRIP,20.0,False,TRIP,0.8187993635529096,0.3573200805895135,0.234876023951002,102.02008036945881
TRIP,20.0,False,TRIP,0.817068601692588,0.07937429009738162,0.3217586704458244,84.585792544105
TRIP,120.0,False,TRIP,0.8912557644901302,0.07953587741375112,0.31533085700225494,48.03122546300238
TRIP,180.0,True,TRIP,0.9081094533528987,0.24317921163330947,0.10016576484543602,19.864024044380642
TRIP,180.0,False,TRIP,0.893018370199316,0.12184837711636343,0.6835419994963203,351.60924751186735
TRIP,20.0,True,CTALARM,0.8966005368011858,0.11782897778451679,0.010844499951689634,193.23965781381978
TRIP,20.0,True,TRIP,0.9155333041598979,0.00461946070925634,0.00705106137217919,262.6720058234511
TRIP,40.0,False,TRIP,0.8495933197533059,0.18522479559897398,0.26140892297356044,278.27044087273384
TRIP,20.0,False,TRIP,0.7786836028513247,0.15912527730920162,0.4342634445427722,126.8341180993701
TRIP,100.0,True,TRIP,0.9034589235391726,0.015577905413335202,0.12575725877044977,287.60612765803955
TRIP,160.0,False,TRIP,0.8936305569169194,0.31061658910683176,0.37323580273291274,346.13432799121756
TRIP,20.0,False,TRIP,0.7129231447044395,0.313327591001677,0.5059403775744352,267.0342660865923
TRIP,20.0,True,TRIP,0.9002707877128733,0.035400235886829445,0.06584242632810577,256.22392559860043
TRIP,20.0,False,CTALARM,0.6991983312667664,0.15852078145472653,0.6890956856111533,155.60416316952723
TRIP,160.0,False,TRIP,0.9010012681732996,0.4364027659976989,0.235690453417506,302.8752452911661
TRIP,100.0,False,TRIP,0.8594498609768599,0.2910835341222892,0.44969078965107423,31.981455044405877
TRIP,20.0,True,TRIP,0.8893647033230745,0.20598736200599393,0.07750390073060298,269.88613640710145
TRIP,20.0,False,TRIP,0.7433123708272136,0.23255096423204796,0.49664047210492845,130.3176751714286
TRIP,20.0,False,CTALARM,0.7463079157410699,0.10413999721790257,0.5883194429437402,203.75060968720487
TRIP,140.0,True,TRIP,0.9055447777181121,0.405940750353964,0.07369959963143564,321.4669571629298
TRIP,20.0,True,CTALARM,0.8827473644980665,0.4570023527254838,0.08810420805904635,217.80704158361107
TRIP,140.0,False,TRIP,0.8953290223499579,0.4553320211250218,0.19673319007105938,9.209350930487808
TRIP,20.0,True,TRIP,0.9151188293238347,0.11196719584614984,0.008355070762730498,260.1377443883146
TRIP,180.0,False,TRIP,0.8926266669633057,0.15537013388822846,0.6902359060360609,334.4488222333101
TRIP,20.0,False,CTALARM,0.7982362324752312,0.0803113874047684,0.41886885246685474,231.12430031180133
TRIP,160.0,False,TRIP,0.8968405939693935,0.15360056681615658,0.4253126149744818,310.1112278854465
TRIP,160.0,False,TRIP,0.8889232620656997,0.16640268606130015,0.6712735187561452,297.10647192309636
TRIP,160.0,False,TRIP,0.8864778638202038,0.31655286853231773,0.582420478023599,310.0652218742265
TRIP,20.0,False,TRIP,0.7465817302930373,0.09482319077406232,0.5699700516778445,123.87614496921894
TRIP,20.0,False,CTALARM,0.8133589147119098,0.4596984621838718,0.23765165893113793,170.69886975912522
TRIP,140.0,False,TRIP,0.9017558584240751,0.051549735042654976,0.2344043754252518,305.29206181070333
TRIP,180.0,False,TRIP,0.9069537129744193,0.003439005517166527,0.20421657186885278,327.74348697532383
TRIP,120.0,False,TRIP,0.8888026024990496,0.4274725643152666,0.24268703324342392,52.86293973350872
TRIP,60.0,False,TRIP,0.8539423649380948,0.35188490388302485,0.2586561329518954,65.35165665293422
TRIP,20.0,True,CTALARM,0.8892987470315217,0.17767993517799924,0.09800258228641534,124.85865601977636
TRIP,40.0,False,TRIP,0.8435876772578562,0.297749852955059,0.24916350389146547,277.3072181445689
TRIP,160.0,False,TRIP,0.9009853282015903,0.11177205041961669,0.3127229246713093,314.99321661284216
TRIP,20.0,True,CTALARM,0.8607322880398076,0.08419482432268799,0.21654313712266096,208.88645090520433
TRIP,140.0,True,TRIP,0.9043175562497976,0.2355745675693614,0.11574287771028345,40.77654314156315
TRIP,20.0,False,TRIP,0.8315173205780974,0.17659391486048043,0.2613872787249483,109.34936278817976
TRIP,160.0,False,TRIP,0.8976620047753333,0.30761502526764606,0.3366354412515051,308.52828233194737
