decision,trip_ms,conv_trip,sprt_dec,f_int,k_ibr,Br,phi_deg
RESTRAIN,300.0,False,RESTRAIN,0.1942886225537488,0.0,0.12402982472043093,104.91111198676059
RESTRAIN,300.0,False,RESTRAIN,0.19564300702850967,0.0,0.1309849164388335,43.501135502811984
RESTRAIN,300.0,False,RESTRAIN,0.18549492161534098,0.0,0.2747868216363476,38.65423856965374
RESTRAIN,300.0,False,RESTRAIN,0.2024512052276889,0.0,0.6899261121720505,3.363657067989667
RESTRAIN,300.0,False,RESTRAIN,0.21791797075318564,0.0,0.3718985770587721,352.20828636082274
RESTRAIN,300.0,False,RESTRAIN,0.273982361564141,0.0,0.7736101335794924,235.82912478649888
RESTRAIN,300.0,False,RESTRAIN,0.11345592410158312,0.0,0.8542378462249479,115.64536291409084
RESTRAIN,300.0,False,RESTRAIN,0.20668475127239416,0.0,0.0678781342186852,208.46829496321757
RESTRAIN,300.0,False,RESTRAIN,0.2492101702871381,0.0,0.6397405874709482,222.86662197530268
RESTRAIN,300.0,False,RESTRAIN,0.19818066833304238,0.0,0.07673929808394067,65.8544254599604
RESTRAIN,300.0,False,RESTRAIN,0.20128202644061066,0.0,0.06455534499226141,103.99254535928063
RESTRAIN,300.0,False,RESTRAIN,0.21096186545588924,0.0,0.24819232639835231,197.01999142336172
RESTRAIN,300.0,False,RESTRAIN,0.22178430357201706,0.0,0.09144230243944383,302.3260197867925
RESTRAIN,300.0,False,RESTRAIN,0.15073784033066062,0.0,0.5966746422720046,46.65191946557118
RESTRAIN,300.0,False,RESTRAIN,0.2740416848976982,0.0,0.6445076075904606,309.00086828502384
RESTRAIN,300.0,False,RESTRAIN,0.24126703270031946,0.0,0.5753378450303297,219.234999136675
RESTRAIN,300.0,False,RESTRAIN,0.19742361973325195,0.0,0.5178211809941722,176.27736390731943
RESTRAIN,300.0,False,RESTRAIN,0.13550373004265126,0.0,0.70311519296238,51.81854395857589
RESTRAIN,300.0,False,RESTRAIN,0.2215949060243586,0.0,0.6953205682696187,197.965388513695
RESTRAIN,300.0,False,RESTRAIN,0.13115084987618986,0.0,0.7832304217965408,127.30737879468039
RESTRAIN,300.0,False,RESTRAIN,0.13364731159165533,0.0,0.6238762226402779,68.02817964755414
RESTRAIN,300.0,False,RESTRAIN,0.24041351506491004,0.0,0.3202869275735955,316.7904406683206
RESTRAIN,300.0,False,RESTRAIN,0.18985441936268554,0.0,0.47221248596141024,165.8061542745905
RESTRAIN,300.0,False,RESTRAIN,0.18026655321027518,0.0,0.4415400211653755,28.712171601694383
RESTRAIN,300.0,False,RESTRAIN,0.19800385530597298,0.0,0.09708017007844363,108.76992917475495
RESTRAIN,300.0,False,RESTRAIN,0.12250508512368552,0.0,0.7305687836565657,65.3417568515699
RESTRAIN,300.0,False,RESTRAIN,0.24717290356371002,0.0,0.8215684702463586,338.12825958040617
RESTRAIN,300.0,False,RESTRAIN,0.09751282596481758,0.0,0.8859680016643396,87.502309636631
RESTRAIN,300.0,False,RESTRAIN,0.20511098693186103,0.0,0.22317089417174996,182.3028147222207
RESTRAIN,300.0,False,RESTRAIN,0.2178272521728537,0.0,0.08607617523438575,268.3880968033118
RESTRAIN,300.0,False,RESTRAIN,0.19624242612956122,0.0,0.09993766656425233,57.06391547024222
RESTRAIN,300.0,False,RESTRAIN,0.16887102178940772,0.0,0.7238672760051658,157.4955344183031
RESTRAIN,300.0,False,RESTRAIN,0.25542967795999927,0.0,0.568567516461513,235.18130498753519
RESTRAIN,300.0,False,RESTRAIN,0.26906882498793017,0.0,0.6805081297304074,317.50334077240166
RESTRAIN,300.0,False,RESTRAIN,0.27730730043328644,0.0,0.8146767631398135,235.47714198208186
RESTRAIN,300.0,False,RESTRAIN,0.19543777491464875,0.0,0.20364233300463144,28.830185316207842
RESTRAIN,300.0,False,RESTRAIN,0.1731149361850649,0.0,0.3276767821271903,115.7621267203913
RESTRAIN,300.0,False,RESTRAIN,0.13749627471469816,0.0,0.7131339872500446,126.3355926713876
RESTRAIN,300.0,False,RESTRAIN,0.19063035063665423,0.0,0.2334527070047104,139.77844172272017
RESTRAIN,300.0,False,RESTRAIN,0.23282992270057679,0.0,0.45543677120845366,338.98267412111875
RESTRAIN,300.0,False,RESTRAIN,0.19777511119479485,0.0,0.3991056059904213,12.853206777500352
RESTRAIN,300.0,False,RESTRAIN,0.14646150115822454,0.0,0.5357746446843594,108.78250117851591
RESTRAIN,300.0,False,RESTRAIN,0.19001357976399325,0.0,0.8893825826575767,177.28413168005437
RESTRAIN,300.0,False,RESTRAIN,0.20183174688200944,0.0,0.09334350580515886,31.102568727994417
RESTRAIN,300.0,False,RESTRAIN,0.19758862572582558,0.0,0.4361781451570412,174.07366586307407
RESTRAIN,300.0,False,RESTRAIN,0.13591398529221121,0.0,0.8630881309664054,38.56641019579838
RESTRAIN,300.0,False,RESTRAIN,0.2452293708504265,0.0,0.3130891898652119,301.60159729166537
RESTRAIN,300.0,False,RESTRAIN,0.12624204295007635,0.0,0.6665375798265422,97.23038107256143
RESTRAIN,300.0,False,RESTRAIN,0.20882978057612556,0.0,0.8363433822786532,188.28402570188007
RESTRAIN,300.0,False,RESTRAIN,0.21917360974272304,0.0,0.21654668098138147,222.59442757341526
RESTRAIN,300.0,False,RESTRAIN,0.20079475118207435,0.0,0.07324222850596306,110.06122214056144
RESTRAIN,300.0,False,RESTRAIN,0.20300009177000333,0.0,0.06812372584316762,126.47329192181857
RESTRAIN,300.0,False,RESTRAIN,0.20536257899955979,0.0,0.06569426178195084,183.78577940919408
RESTRAIN,300.0,False,RESTRAIN,0.24696953301115732,0.0,0.31546876749657915,289.9564915842689
RESTRAIN,300.0,False,RESTRAIN,0.20322570095828174,0.0,0.1135931674375419,162.96907572569816
RESTRAIN,300.0,False,RESTRAIN,0.20085493012547417,0.0,0.36452324974578354,176.72253276077092
RESTRAIN,300.0,False,RESTRAIN,0.2420345216580425,0.0,0.6787148199697893,214.51137714315342
RESTRAIN,300.0,False,RESTRAIN,0.19264249811452538,0.0,0.26840357771669354,153.0761183386381
RESTRAIN,300.0,False,RESTRAIN,0.2566635127276943,0.0,0.43147636372780235,261.38820825947727
RESTRAIN,300.0,False,RESTRAIN,0.21041416142965585,0.0,0.1146319172192851,1.7667386258843143
RESTRAIN,300.0,False,RESTRAIN,0.1923906399537847,0.0,0.6284607407471476,173.88710442477011
RESTRAIN,300.0,False,RESTRAIN,0.2300443618947281,0.0,0.2859073076190476,332.28582482791455
RESTRAIN,300.0,False,RESTRAIN,0.21193925368730104,0.0,0.1217031887952275,221.72535653543923
RESTRAIN,300.0,False,RESTRAIN,0.18726829813824453,0.0,0.8592035011635801,175.10390728017236
RESTRAIN,300.0,True,RESTRAIN,0.291607130855125,0.0,0.6926602067206553,277.9289407697279
RESTRAIN,300.0,False,RESTRAIN,0.1623539037348859,0.0,0.5870949328295797,141.48026731148107
RESTRAIN,300.0,False,RESTRAIN,0.18515778743330413,0.0,0.6506996793092358,168.2084213004415
RESTRAIN,300.0,False,RESTRAIN,0.16139476781460294,0.0,0.382943088179073,70.25749970669366
RESTRAIN,300.0,False,RESTRAIN,0.18290864954421393,0.0,0.26849798915892015,44.71349432686012
RESTRAIN,300.0,False,RESTRAIN,0.20000514238680545,0.0,0.44998799522113164,9.188180701687813
RESTRAIN,300.0,True,RESTRAIN,0.29370501980796526,0.0,0.7427322151045551,263.3432053879559
RESTRAIN,300.0,False,RESTRAIN,0.17668182327790227,0.0,0.8674134186867476,168.54844110441084
RESTRAIN,300.0,False,RESTRAIN,0.2370996196708698,0.0,0.5447531738336605,338.1671698549122
RESTRAIN,300.0,False,RESTRAIN,0.16845393929487795,0.0,0.3387236678106326,63.653777888747996
RESTRAIN,300.0,False,RESTRAIN,0.12734016146088967,0.0,0.6463853922918302,87.83403468624347
RESTRAIN,300.0,False,RESTRAIN,0.25560517797911897,0.0,0.6273610117254186,229.94134075246515
RESTRAIN,300.0,False,RESTRAIN,0.1993389250419617,0.0,0.22271784489644494,19.655166827047683
RESTRAIN,300.0,False,RESTRAIN,0.2035021634560863,0.0,0.3919626236893128,181.2287714468926
RESTRAIN,300.0,False,RESTRAIN,0.19638709690615352,0.0,0.1206122558167121,44.489346268131456
RESTRAIN,300.0,False,RESTRAIN,0.16772315226081402,0.0,0.36205050419948703,58.103083532335596
RESTRAIN,300.0,False,RESTRAIN,0.204036954788272,0.0,0.6864739243721006,184.35595440342317
RESTRAIN,300.0,False,RESTRAIN,0.21547224403003018,0.0,0.2825124692500486,204.8654913524701
RESTRAIN,300.0,False,RESTRAIN,0.13773388071478454,0.0,0.5697294383528784,76.33250817048828
RESTRAIN,300.0,False,RESTRAIN,0.17236462978618894,0.0,0.29488470720265586,97.64590171252001
RESTRAIN,300.0,False,RESTRAIN,0.19288415723193542,0.0,0.1323933052847592,102.27873154816706
RESTRAIN,300.0,False,RESTRAIN,0.13995176459076109,0.0,0.6672487997124035,51.05153807907417
RESTRAIN,300.0,False,RESTRAIN,0.22517368812238348,0.0,0.5303810193336218,347.6595067828938
RESTRAIN,300.0,True,RESTRAIN,0.28440806109859584,0.0,0.742911896459398,249.19197510917485
RESTRAIN,300.0,False,RESTRAIN,0.15606825538110158,0.0,0.6110586965475301,39.903059313786386
RESTRAIN,300.0,False,RESTRAIN,0.13723399397811775,0.0,0.7354729398065726,128.5776654918545
RESTRAIN,300.0,False,RESTRAIN,0.19134687409246764,0.0,0.13945327167105628,62.13700641600241
RESTRAIN,300.0,False,RESTRAIN,0.13883810965629406,0.0,0.5531253058801981,84.37900799697056
RESTRAIN,300.0,False,RESTRAIN,0.22821952533893186,0.0,0.33064073099502267,338.21199940681703
RESTRAIN,300.0,False,RESTRAIN,0.14113678037925215,0.0,0.6718558224885923,49.231063186324114
RESTRAIN,300.0,False,RESTRAIN,0.25705876072515155,0.0,0.5220774405447108,316.7322226860209
RESTRAIN,300.0,False,RESTRAIN,0.21753740412146927,0.0,0.048762088513024215,303.0606125467604
RESTRAIN,300.0,False,RESTRAIN,0.2644456203453659,0.0,0.4801913785800032,267.7205706857222
RESTRAIN,300.0,False,RESTRAIN,0.19724489968665504,0.0,0.669862200598853,178.81992861151866
RESTRAIN,300.0,False,RESTRAIN,0.1789994810734158,0.0,0.23650955147802222,93.0123557174446
RESTRAIN,300.0,False,RESTRAIN,0.27484314341839033,0.0,0.5890738561551808,299.1527516494218
RESTRAIN,300.0,False,RESTRAIN,0.2915718637515967,0.0,0.7568331928902714,300.26698763015366
RESTRAIN,300.0,False,RESTRAIN,0.2053815358516793,0.0,0.05865078936901979,189.1137583246049
RESTRAIN,300.0,False,RESTRAIN,0.18850640566226085,0.0,0.520220133897416,17.140819109820548
RESTRAIN,300.0,False,RESTRAIN,0.1123116099928293,0.0,0.7988408081053816,69.4660249930793
RESTRAIN,300.0,False,RESTRAIN,0.20397885613798783,0.0,0.11377790059441142,20.190045422166243
RESTRAIN,300.0,False,RESTRAIN,0.17902469445710445,0.0,0.24232290746871674,64.74168647176707
RESTRAIN,300.0,False,RESTRAIN,0.20352632517364333,0.0,0.5633316355080012,183.0316610787877
RESTRAIN,300.0,False,RESTRAIN,0.2640154442127908,0.0,0.5266655011275585,307.5024441989386
RESTRAIN,300.0,False,RESTRAIN,0.26825172575731315,0.0,0.7140565099684024,235.16525968964115
RESTRAIN,300.0,False,RESTRAIN,0.2378347502587389,0.0,0.5661475875830253,216.32506902840996
RESTRAIN,300.0,True,RESTRAIN,0.26942062089396224,0.0,0.5182605137718487,269.2632751542342
RESTRAIN,300.0,False,RESTRAIN,0.23772441150481638,0.0,0.4066662482298221,230.36813084106637
RESTRAIN,300.0,False,RESTRAIN,0.20479014490003977,0.0,0.07042435363642238,159.63381520364425
RESTRAIN,300.0,False,RESTRAIN,0.2707315610488058,0.0,0.5319794797855324,293.53084029471717
RESTRAIN,300.0,False,RESTRAIN,0.19310005559697507,0.0,0.14096324794542672,111.66640936323364
RESTRAIN,300.0,False,RESTRAIN,0.257333323371553,0.0,0.8962645418973055,334.1213666214943
RESTRAIN,300.0,False,RESTRAIN,0.20123216663556287,0.0,0.0706500738510453,41.828609706227866
RESTRAIN,300.0,False,RESTRAIN,0.20917044603000445,0.0,0.06814467336858647,229.56476143114426
RESTRAIN,300.0,False,RESTRAIN,0.19814537320563852,0.0,0.7085964888582309,180.18588709444919
RESTRAIN,300.0,False,RESTRAIN,0.2032746958663516,0.0,0.09104873084116294,153.27419640359955
RESTRAIN,300.0,False,RESTRAIN,0.18765658263253915,0.0,0.36456865085914136,154.6978967261689
RESTRAIN,300.0,False,RESTRAIN,0.17716086692547617,0.0,0.8347491250662328,15.194708654057013
RESTRAIN,300.0,True,RESTRAIN,0.29239355438710146,0.0,0.7090942210286713,270.5449697506122
RESTRAIN,300.0,False,RESTRAIN,0.1890920227052072,0.0,0.20955797585184918,126.84494885834339
RESTRAIN,300.0,False,RESTRAIN,0.20145396379258118,0.0,0.2259268794379942,171.58908851041573
RESTRAIN,300.0,False,RESTRAIN,0.26612334558551554,0.0,0.5330432294003996,305.1338713093889
RESTRAIN,300.0,False,RESTRAIN,0.22389136590969616,0.0,0.4377952251201649,207.75906038893214
RESTRAIN,300.0,False,RESTRAIN,0.2232539617467898,0.0,0.10507172503939831,306.5171742565799
RESTRAIN,300.0,False,RESTRAIN,0.19324231490267474,0.0,0.14278260618027452,49.34858204259355
RESTRAIN,300.0,False,RESTRAIN,0.12096209603353336,0.0,0.7226066986444295,101.45431789002188
RESTRAIN,300.0,False,RESTRAIN,0.1692160161403552,0.0,0.310311686132223,82.05566919520628
RESTRAIN,300.0,False,RESTRAIN,0.270151499201188,0.0,0.7191110266895603,319.0803410607314
RESTRAIN,300.0,False,RESTRAIN,0.22997138893229863,0.0,0.1708445654570949,281.3605902529741
RESTRAIN,300.0,False,RESTRAIN,0.26912859698995284,0.0,0.5394892756957763,300.2763084843233
RESTRAIN,300.0,False,RESTRAIN,0.22211261447819797,0.0,0.45459785523239943,204.72608164323964
RESTRAIN,300.0,False,RESTRAIN,0.1712121293836475,0.0,0.29374692911965233,79.4696082403992
RESTRAIN,300.0,False,RESTRAIN,0.16121480590455795,0.0,0.5477193348409972,135.71941476135302
RESTRAIN,300.0,False,RESTRAIN,0.207251701964417,0.0,0.1120813584211649,198.1083143451965
RESTRAIN,300.0,False,RESTRAIN,0.1946779095670087,0.0,0.7708215625839617,6.832287793807339
RESTRAIN,300.0,False,RESTRAIN,0.2591599015791092,0.0,0.6690450107865341,230.27121638710915
RESTRAIN,300.0,False,RESTRAIN,0.23799911217466774,0.0,0.2582759933648345,307.75301888551786
RESTRAIN,300.0,False,RESTRAIN,0.15189913087398454,0.0,0.5221365949631069,117.2287171488694
RESTRAIN,300.0,False,RESTRAIN,0.2871860341545588,0.0,0.8119520138790189,244.72423514805018
RESTRAIN,300.0,False,RESTRAIN,0.1989259442255351,0.0,0.38007431166813543,174.08278400945133
RESTRAIN,300.0,False,RESTRAIN,0.20966112781174562,0.0,0.32700744896283224,1.4318971082964316
RESTRAIN,300.0,False,RESTRAIN,0.12162930536391692,0.0,0.7190524071521629,102.23718944972794
RESTRAIN,300.0,False,RESTRAIN,0.2046883345206636,0.0,0.0010674187819816883,190.02969137731205
RESTRAIN,300.0,True,RESTRAIN,0.2778683652390266,0.0,0.6177359124843314,260.96705221485655
RESTRAIN,300.0,False,RESTRAIN,0.1951344956749298,0.0,0.19422545509445996,144.73215625467532
RESTRAIN,300.0,False,RESTRAIN,0.1339837087285315,0.0,0.6248222948515987,67.04834238649039
RESTRAIN,300.0,False,RESTRAIN,0.18942824314605267,0.0,0.394110904048523,21.977899493878873
RESTRAIN,300.0,False,RESTRAIN,0.2080066876104455,0.0,0.01826570254580039,257.28915603622346
RESTRAIN,300.0,False,RESTRAIN,0.13451508312943783,0.0,0.7868338657450379,131.41488254875478
RESTRAIN,300.0,False,RESTRAIN,0.24697340232757492,0.0,0.49188578166150637,232.95751340259855
RESTRAIN,300.0,False,RESTRAIN,0.17272615937592906,0.0,0.2822411186766713,79.83066189268386
RESTRAIN,300.0,True,RESTRAIN,0.28346161690296956,0.0,0.6330416741281187,271.6867933755299
RESTRAIN,300.0,False,RESTRAIN,0.16363515291939157,0.0,0.4463464514714015,123.97901965194497
RESTRAIN,300.0,False,RESTRAIN,0.20780027413028068,0.0,0.03145373549380678,18.852724851692592
RESTRAIN,300.0,False,RESTRAIN,0.20385627557940122,0.0,0.5852307608796756,183.6840598973456
RESTRAIN,300.0,True,RESTRAIN,0.3088255254204839,0.0,0.8725784534216209,263.32079301932515
RESTRAIN,300.0,False,RESTRAIN,0.22367863317712444,0.0,0.1997814873385223,335.698976860513
RESTRAIN,300.0,False,RESTRAIN,0.22583720868806145,0.0,0.7766334851033729,349.50880113533265
RESTRAIN,300.0,False,RESTRAIN,0.18490993413747325,0.0,0.5588954221407159,164.31105857967165
RESTRAIN,300.0,False,RESTRAIN,0.20808797654762012,0.0,0.07010854739969073,220.27440854715675
RESTRAIN,300.0,False,RESTRAIN,0.22431392547490692,0.0,0.6569774810023811,200.59953387758932
RESTRAIN,300.0,False,RESTRAIN,0.21105418931663322,0.0,0.3973411389425902,192.0749716938852
RESTRAIN,300.0,False,RESTRAIN,0.14539359678396924,0.0,0.7143605779467144,41.23408147454466
RESTRAIN,300.0,False,RESTRAIN,0.26075810750163797,0.0,0.5721710052402699,241.5114162909292
RESTRAIN,300.0,False,RESTRAIN,0.21217068380455517,0.0,0.0025061981638873298,347.4972894083586
RESTRAIN,300.0,False,RESTRAIN,0.19678372580996772,0.0,0.1136674858164715,45.64903989658062
RESTRAIN,300.0,False,RESTRAIN,0.1732042141768244,0.0,0.31719565801247357,112.26762285010169
RESTRAIN,300.0,False,RESTRAIN,0.18189140444462126,0.0,0.4336688857806114,27.7379695999298
RESTRAIN,300.0,False,RESTRAIN,0.1452921457424613,0.0,0.8389145585317059,145.00184307641342
RESTRAIN,300.0,False,RESTRAIN,0.18845679162336826,0.0,0.7397749871157294,173.4019617760185
RESTRAIN,300.0,False,RESTRAIN,0.138919000713282,0.0,0.721453912438421,128.88651282094327
RESTRAIN,300.0,False,RESTRAIN,0.19424320293876318,0.0,0.485618755566992,171.56957190444408
RESTRAIN,300.0,False,RESTRAIN,0.22051797506978932,0.0,0.08357733465601468,289.0680719940776
RESTRAIN,300.0,False,RESTRAIN,0.12507665577904925,0.0,0.6712267605162815,77.01249357564281
RESTRAIN,300.0,False,RESTRAIN,0.2177617613504682,0.0,0.07789348994349578,272.86981026153984
RESTRAIN,300.0,False,RESTRAIN,0.22000870104328318,0.0,0.08230294339614712,285.58367910981553
RESTRAIN,300.0,False,RESTRAIN,0.21497379609899792,0.0,0.2295773658253992,209.20792718533747
RESTRAIN,300.0,False,RESTRAIN,0.11450149113301633,0.0,0.8303073615874957,113.51562751868971
RESTRAIN,300.0,False,RESTRAIN,0.2435921208201438,0.0,0.6749269066279402,337.1402996469358
RESTRAIN,300.0,False,RESTRAIN,0.20326720971374246,0.0,0.0689872960975315,131.0052801927967
RESTRAIN,300.0,False,RESTRAIN,0.17224099412560867,0.0,0.8270194090332366,17.971626569529725
RESTRAIN,300.0,False,RESTRAIN,0.13798113542348978,0.0,0.7050376620972848,48.99162671413831
RESTRAIN,300.0,False,RESTRAIN,0.2552762398815598,0.0,0.5432785094474148,320.97240203198925
RESTRAIN,300.0,False,RESTRAIN,0.1949482191471439,0.0,0.1142658250231125,53.991533231423126
RESTRAIN,300.0,False,RESTRAIN,0.19513593370284665,0.0,0.2881105636962074,161.06189097627416
RESTRAIN,300.0,False,RESTRAIN,0.2341236003518673,0.0,0.2706136413417565,249.1097618957274
RESTRAIN,300.0,False,RESTRAIN,0.22838345659112624,0.0,0.576042426264992,206.5120923325216
RESTRAIN,300.0,False,RESTRAIN,0.25193418905180465,0.0,0.5290826593101068,235.2138120773209
RESTRAIN,300.0,False,RESTRAIN,0.18464444464488328,0.0,0.249516894399759,125.57327922942338
RESTRAIN,300.0,False,RESTRAIN,0.2308617176531942,0.0,0.2799893159031055,238.4050098379121
RESTRAIN,300.0,False,RESTRAIN,0.20634036404906697,0.0,0.46659754379023416,3.2708070062831185
RESTRAIN,300.0,False,RESTRAIN,0.11415038157665591,0.0,0.7608659372406822,94.77008512689336
RESTRAIN,300.0,False,RESTRAIN,0.19700914203170872,0.0,0.11360253171653543,44.4959436622141
RESTRAIN,300.0,False,RESTRAIN,0.17993636979329508,0.0,0.6531642641950951,163.89467181113835
RESTRAIN,300.0,False,RESTRAIN,0.11464452507116829,0.0,0.8961068011319593,52.496309649812616
RESTRAIN,300.0,False,RESTRAIN,0.22027818402373034,0.0,0.674759592064071,197.05358580177474
RESTRAIN,300.0,False,RESTRAIN,0.16117186563372154,0.0,0.3974140036190323,65.03941485334514
RESTRAIN,300.0,False,RESTRAIN,0.16379368281029372,0.0,0.6585071127662007,149.13528296535642
RESTRAIN,300.0,False,RESTRAIN,0.16071721750290113,0.0,0.7746178242688722,26.719745037454953
RESTRAIN,300.0,False,RESTRAIN,0.17157369495674013,0.0,0.6916500897610258,158.39289743850784
RESTRAIN,300.0,False,RESTRAIN,0.21242595758606742,0.0,0.011481751761203264,290.873980526424
RESTRAIN,300.0,False,RESTRAIN,0.1962476969902225,0.0,0.11834416354901735,114.08445325884368
RESTRAIN,300.0,False,RESTRAIN,0.21643513262797098,0.0,0.09642834966436599,254.27402506976728
RESTRAIN,300.0,False,RESTRAIN,0.20686141345785702,0.0,0.028643351046883158,153.3549935670138
RESTRAIN,300.0,False,RESTRAIN,0.12766382251979935,0.0,0.6430707013127678,84.31625938847296
RESTRAIN,300.0,False,RESTRAIN,0.18126465060917452,0.0,0.2406361005925463,109.25229589265209
RESTRAIN,300.0,False,RESTRAIN,0.13306719953904678,0.0,0.6497609459097934,108.92817595238304
RESTRAIN,300.0,True,RESTRAIN,0.278468222761472,0.0,0.5994885957114366,267.25640688408026
RESTRAIN,300.0,False,RESTRAIN,0.15046502316002242,0.0,0.4712500386915273,72.3369459943751
RESTRAIN,300.0,False,RESTRAIN,0.21297997684231496,0.0,0.0537428012198767,351.99775079984505
RESTRAIN,300.0,False,RESTRAIN,0.23398097822226704,0.0,0.27477560042636867,247.4943343848353
RESTRAIN,300.0,False,RESTRAIN,0.20739285223427883,0.0,0.024403274364141903,144.4155957522691
RESTRAIN,300.0,False,RESTRAIN,0.20770546243156884,0.0,0.8190182170988914,359.2814435263528
RESTRAIN,300.0,False,RESTRAIN,0.17331323181110347,0.0,0.277770254549246,77.82175732866764
RESTRAIN,300.0,False,RESTRAIN,0.21894646236515047,0.0,0.08545459794814007,274.64803728950255
RESTRAIN,300.0,False,RESTRAIN,0.20834699514704125,0.0,0.0022663047169560247,97.53728313004758
RESTRAIN,300.0,False,RESTRAIN,0.2164774945303628,0.0,0.5503613986915658,195.68320247262233
RESTRAIN,300.0,False,RESTRAIN,0.18350694174970272,0.0,0.5588721446780777,19.591692687291253
RESTRAIN,300.0,False,RESTRAIN,0.3014481939301459,0.0,0.8954327633793006,304.7252890688557
RESTRAIN,300.0,False,RESTRAIN,0.18565151143843805,0.0,0.2597482688199979,131.81468475757842
RESTRAIN,300.0,False,RESTRAIN,0.20537332246945628,0.0,0.041872676899913155,210.41510070987934
RESTRAIN,300.0,False,RESTRAIN,0.24954527730887055,0.0,0.7014441195909364,333.82217941243675
RESTRAIN,300.0,False,RESTRAIN,0.20311674829940363,0.0,0.2741237610775213,10.888821138294746
RESTRAIN,300.0,False,RESTRAIN,0.2197270104124791,0.0,0.2975931365204496,348.4862772607325
RESTRAIN,300.0,False,RESTRAIN,0.20989603391076017,0.0,0.8169609049487649,189.06456560472517
RESTRAIN,300.0,True,RESTRAIN,0.2708619838080091,0.0,0.5178332492440412,281.0687666141232
RESTRAIN,300.0,False,RESTRAIN,0.19713448792586064,0.0,0.36031468353668533,170.29611561810566
RESTRAIN,300.0,True,RESTRAIN,0.306289808773596,0.0,0.8555019371232641,293.7267999601118
RESTRAIN,300.0,False,RESTRAIN,0.23359501874664057,0.0,0.23876204531330014,317.0011779413225
RESTRAIN,300.0,False,RESTRAIN,0.20792985426761057,0.0,0.019330120673165297,137.4026601143654
RESTRAIN,300.0,False,RESTRAIN,0.23051474306154285,0.0,0.20778775508327266,260.1476030240873
RESTRAIN,300.0,False,RESTRAIN,0.21122889590213156,0.0,0.03971336916236795,359.50248285818714
RESTRAIN,300.0,False,RESTRAIN,0.2521494493062144,0.0,0.36697260986910674,272.5674032139978
RESTRAIN,300.0,False,RESTRAIN,0.23427236388643846,0.0,0.7479599027043036,344.4767379160427
RESTRAIN,300.0,True,RESTRAIN,0.31038490490545834,0.0,0.8776616162884572,265.1822028123759
RESTRAIN,300.0,False,RESTRAIN,0.1406782593636311,0.0,0.6302888279667135,118.75929748611698
RESTRAIN,300.0,False,RESTRAIN,0.30139368509774034,0.0,0.8335034183093523,297.77460294907394
RESTRAIN,300.0,False,RESTRAIN,0.2399241004148731,0.0,0.367678827995561,239.8826752990399
RESTRAIN,300.0,False,RESTRAIN,0.20264202637462259,0.0,0.27243853462672574,11.904470442440012
RESTRAIN,300.0,False,RESTRAIN,0.1914275175237532,0.0,0.13880270571488748,62.07625624016308
RESTRAIN,300.0,False,RESTRAIN,0.15247302560532106,0.0,0.4507926294353902,94.05828282964907
RESTRAIN,300.0,False,RESTRAIN,0.24244737888010937,0.0,0.29424425010946886,267.682970581896
RESTRAIN,300.0,False,RESTRAIN,0.22185836885948163,0.0,0.09678392704903759,286.96775734675253
RESTRAIN,300.0,False,RESTRAIN,0.30199924395360356,0.0,0.8387235467644231,297.67875721577406
RESTRAIN,300.0,False,RESTRAIN,0.20284053763842058,0.0,0.11133342549919503,24.197305512932278
RESTRAIN,300.0,False,RESTRAIN,0.16907074011656775,0.0,0.665765470799081,25.976405329959306
RESTRAIN,300.0,False,RESTRAIN,0.20194622445722632,0.0,0.061267564216517,107.79955840384439
RESTRAIN,300.0,False,RESTRAIN,0.25358253092598815,0.0,0.47440482028786257,245.2476231978872
RESTRAIN,300.0,False,RESTRAIN,0.27461271610577354,0.0,0.6073222786736555,303.18656719920847
RESTRAIN,300.0,False,RESTRAIN,0.23235228894646098,0.0,0.2110810334585069,312.9752401575112
RESTRAIN,300.0,False,RESTRAIN,0.19910273493282948,0.0,0.0680846837040217,74.70551332301002
RESTRAIN,300.0,True,RESTRAIN,0.272619533720726,0.0,0.5340281430784745,276.2695012260292
RESTRAIN,300.0,False,RESTRAIN,0.24932407640147092,0.0,0.5426162070475281,230.67897578986654
RESTRAIN,300.0,False,RESTRAIN,0.22896544108115613,0.0,0.2807842490208165,333.6228069010026
RESTRAIN,300.0,False,RESTRAIN,0.24957378046960388,0.0,0.33857401517484054,278.22997578831934
RESTRAIN,300.0,False,RESTRAIN,0.20527134510846956,0.0,0.041045188815802804,190.30366230228046
RESTRAIN,300.0,False,RESTRAIN,0.2413078901649086,0.0,0.26620972917402547,281.94994181714975
RESTRAIN,300.0,False,RESTRAIN,0.11717080927727941,0.0,0.7943422275406513,110.97997008607393
RESTRAIN,300.0,False,RESTRAIN,0.2281307760772009,0.0,0.15416505903711009,283.01228618491297
RESTRAIN,300.0,False,RESTRAIN,0.2595162478750691,0.0,0.42124670495514155,281.2206509144878
RESTRAIN,300.0,False,RESTRAIN,0.27144310765219937,0.0,0.6091435990485178,307.8750925443105
RESTRAIN,300.0,False,RESTRAIN,0.11789463391284094,0.0,0.7225940324028238,87.26257933526153
RESTRAIN,300.0,False,RESTRAIN,0.22000338405726994,0.0,0.07303425234912395,305.6403023538833
RESTRAIN,300.0,False,RESTRAIN,0.14753485580364734,0.0,0.5326525116863244,60.85807865797386
RESTRAIN,300.0,True,RESTRAIN,0.2763849947219562,0.0,0.5645611565633869,277.8838591164703
RESTRAIN,300.0,False,RESTRAIN,0.22266795140492546,0.0,0.17764322255686166,334.7702960986362
RESTRAIN,300.0,False,RESTRAIN,0.2088181323673769,0.0,0.02776366535214151,12.887321261027033
RESTRAIN,300.0,False,RESTRAIN,0.26050546062077107,0.0,0.7599302085819658,225.36455294723902
RESTRAIN,300.0,False,RESTRAIN,0.24115373423526365,0.0,0.39606284886637616,237.45302012021875
RESTRAIN,300.0,False,RESTRAIN,0.21737928093356151,0.0,0.0547013414052734,293.4514449250856
RESTRAIN,300.0,False,RESTRAIN,0.16673835239349732,0.0,0.5202258378527707,37.01642366503211
RESTRAIN,300.0,False,RESTRAIN,0.23610930457829638,0.0,0.3392216643960301,327.3950446123397
RESTRAIN,300.0,False,RESTRAIN,0.21177558348646908,0.0,0.07218117915634571,357.7633631133227
RESTRAIN,300.0,False,RESTRAIN,0.23018490658509627,0.0,0.25840010908685607,241.95789821748644
RESTRAIN,300.0,False,RESTRAIN,0.1917930485000816,0.0,0.2941480109773943,154.7758739411893
RESTRAIN,300.0,False,RESTRAIN,0.24542850479121048,0.0,0.5174144831961366,228.60554189784037
RESTRAIN,300.0,False,RESTRAIN,0.1928789031031526,0.0,0.36300018420765695,19.694201890934572
RESTRAIN,300.0,False,RESTRAIN,0.2196572603120176,0.0,0.09629296005125573,271.09229984002883
RESTRAIN,300.0,False,RESTRAIN,0.17574396578633988,0.0,0.5718018769590629,25.18797269496379
RESTRAIN,300.0,False,RESTRAIN,0.1363909247802808,0.0,0.6559192694311307,116.13275945001692
RESTRAIN,300.0,False,RESTRAIN,0.16182902676410948,0.0,0.456572675022591,50.18354022998305
RESTRAIN,300.0,False,RESTRAIN,0.21324906321967196,0.0,0.057015669046594046,261.37485167637413
RESTRAIN,300.0,False,RESTRAIN,0.20863055763226013,0.0,0.09290231456163625,213.9941736353983
RESTRAIN,300.0,True,RESTRAIN,0.29789399457262156,0.0,0.8501812913518101,251.71337183584
RESTRAIN,300.0,False,RESTRAIN,0.2000024863297981,0.0,0.1704288217843268,23.243807072580157
RESTRAIN,300.0,False,RESTRAIN,0.18450594222964112,0.0,0.276745100873806,133.34628123798836
RESTRAIN,300.0,False,RESTRAIN,0.16397428382511425,0.0,0.6187623442136604,146.22107983794027
RESTRAIN,300.0,False,RESTRAIN,0.24688543079818526,0.0,0.7126520543811038,216.86347095681668
RESTRAIN,300.0,False,RESTRAIN,0.14212410590720959,0.0,0.8199170282570497,36.83905225708955
RESTRAIN,300.0,False,RESTRAIN,0.23517235159046945,0.0,0.3556671792983385,233.00531253211147
RESTRAIN,300.0,False,RESTRAIN,0.13687376463232537,0.0,0.8930628037744266,142.09148679666103
RESTRAIN,300.0,False,RESTRAIN,0.2199899199227442,0.0,0.09350147889979366,326.1311868713835
RESTRAIN,300.0,False,RESTRAIN,0.1730153110221223,0.0,0.7438808304132276,161.93129034201863
RESTRAIN,300.0,False,RESTRAIN,0.18885366548272475,0.0,0.24489553760036287,36.74576651195063
RESTRAIN,300.0,False,RESTRAIN,0.13954535469044382,0.0,0.8433818293326406,37.22472762382521
RESTRAIN,300.0,False,RESTRAIN,0.11073858214200816,0.0,0.7822766788148582,91.54640630455846
RESTRAIN,300.0,False,RESTRAIN,0.12220075974302969,0.0,0.6860435462368084,86.33218659488782
RESTRAIN,300.0,True,RESTRAIN,0.2736003676360985,0.0,0.5433727094947037,286.80703338463366
RESTRAIN,300.0,False,RESTRAIN,0.22878927123042125,0.0,0.19301070491882097,260.05987789819
RESTRAIN,300.0,False,RESTRAIN,0.18313883707011203,0.0,0.41573282447943966,27.602179096524182
RESTRAIN,300.0,False,RESTRAIN,0.21585158509474212,0.0,0.031307242272460754,306.5162579843709
RESTRAIN,300.0,False,RESTRAIN,0.15979306877876653,0.0,0.6384632164171533,34.60681611663668
RESTRAIN,300.0,False,RESTRAIN,0.2221634630415854,0.0,0.10429134070788458,282.8260128458692
RESTRAIN,300.0,False,RESTRAIN,0.18820177092899826,0.0,0.23245941019217373,40.182154596773756
RESTRAIN,300.0,False,RESTRAIN,0.1903960229822742,0.0,0.22054463248663186,135.48900384617622
RESTRAIN,300.0,True,RESTRAIN,0.2922823694273341,0.0,0.7091537902417715,270.33502403980395
RESTRAIN,300.0,False,RESTRAIN,0.1633407344829716,0.0,0.3605830290978274,91.30859669420443
RESTRAIN,300.0,False,RESTRAIN,0.16660777936890248,0.0,0.48108687983812676,40.79877896428644
RESTRAIN,300.0,False,RESTRAIN,0.23219201388813904,0.0,0.1877567005270167,283.3902959400588
RESTRAIN,300.0,False,RESTRAIN,0.23711669665995427,0.0,0.30069190268131846,248.75120582160048
RESTRAIN,300.0,False,RESTRAIN,0.249245606488528,0.0,0.46070904876618674,320.85645581695223
RESTRAIN,300.0,False,RESTRAIN,0.21856938629308087,0.0,0.17478350055223552,230.95891057682138
RESTRAIN,300.0,False,RESTRAIN,0.1710158467062287,0.0,0.6208312512927036,26.622259180716394
RESTRAIN,300.0,False,RESTRAIN,0.23742943328352006,0.0,0.40434064045968365,229.9084801285652
RESTRAIN,300.0,True,RESTRAIN,0.3080609892921611,0.0,0.885285375071274,296.1025458589812
RESTRAIN,300.0,False,RESTRAIN,0.1938118283454302,0.0,0.22187735691744861,30.12427621921177
RESTRAIN,300.0,False,RESTRAIN,0.17253145401320646,0.0,0.35645364010664776,48.84958891273561
RESTRAIN,300.0,False,RESTRAIN,0.28859429060569686,0.0,0.8321965944169255,243.9242125150985
RESTRAIN,300.0,True,RESTRAIN,0.3033208742271629,0.0,0.7973976494598463,284.8789719810032
RESTRAIN,300.0,False,RESTRAIN,0.1665151545708219,0.0,0.4357528175963587,127.13438857453329
RESTRAIN,300.0,False,RESTRAIN,0.22007198044514098,0.0,0.11123420704952702,264.69417642723556
RESTRAIN,300.0,False,RESTRAIN,0.1663037164319644,0.0,0.36790324130896435,60.252563715717464
RESTRAIN,300.0,False,RESTRAIN,0.18225770076212588,0.0,0.5285975596223732,159.84191307230108
RESTRAIN,300.0,False,RESTRAIN,0.23507223844305014,0.0,0.22880622389658253,269.27066117442905
RESTRAIN,300.0,False,RESTRAIN,0.1865483921619805,0.0,0.1720195903072601,71.63501535207249
RESTRAIN,300.0,False,RESTRAIN,0.1612702602439856,0.0,0.47829389628136865,125.60268438265493
RESTRAIN,300.0,False,RESTRAIN,0.2158734644164122,0.0,0.15842159290017693,226.46369952024241
RESTRAIN,300.0,False,RESTRAIN,0.12822849548824233,0.0,0.787081264045882,124.55827498342725
RESTRAIN,300.0,False,RESTRAIN,0.21912048156888164,0.0,0.06681678557197655,314.6969776373143
RESTRAIN,300.0,False,RESTRAIN,0.2371014483824343,0.0,0.8886606079314955,344.4214014681444
RESTRAIN,300.0,False,RESTRAIN,0.24502549211815827,0.0,0.4841487090115172,231.22422414597946
RESTRAIN,300.0,True,RESTRAIN,0.3142176473349506,0.0,0.8852060884843851,281.66408610945547
RESTRAIN,300.0,False,RESTRAIN,0.25828550029364705,0.0,0.6763644455397319,326.41073931090585
RESTRAIN,300.0,False,RESTRAIN,0.220699968167127,0.0,0.13760827657744537,252.66936153590092
RESTRAIN,300.0,False,RESTRAIN,0.23365778740108922,0.0,0.20469377502224315,278.3931038761181
RESTRAIN,300.0,False,RESTRAIN,0.20207597594230653,0.0,0.09625221346292301,28.878912454151212
RESTRAIN,300.0,True,RESTRAIN,0.28324751484080646,0.0,0.656176762985994,296.554566693256
RESTRAIN,300.0,False,RESTRAIN,0.19001921248529885,0.0,0.15179262558457096,98.84325937210549
RESTRAIN,300.0,False,RESTRAIN,0.17106111600126384,0.0,0.6431217253810774,25.489628689465484
RESTRAIN,300.0,False,RESTRAIN,0.24367226888222882,0.0,0.773548641566292,212.20974784854744
RESTRAIN,300.0,False,RESTRAIN,0.16173362764995647,0.0,0.3705429995370525,81.64330908784748
RESTRAIN,300.0,False,RESTRAIN,0.16993124662026438,0.0,0.5949337589109532,28.74486988515081
RESTRAIN,300.0,False,RESTRAIN,0.2555364224453496,0.0,0.8056762035778721,219.44211675395803
RESTRAIN,300.0,False,RESTRAIN,0.15562381201368491,0.0,0.6778130490827939,35.47883703848629
RESTRAIN,300.0,False,RESTRAIN,0.22308982254574106,0.0,0.11768455759605433,319.401910670421
RESTRAIN,300.0,False,RESTRAIN,0.2185394445549016,0.0,0.26326101054384315,348.93809393168954
RESTRAIN,300.0,False,RESTRAIN,0.2641197029332114,0.0,0.48207385496785493,265.7492389265908
RESTRAIN,300.0,False,RESTRAIN,0.18045259391988255,0.0,0.23784222217070103,103.55876704729313
RESTRAIN,300.0,False,RESTRAIN,0.22039526268922016,0.0,0.455331423116946,202.51477898306433
RESTRAIN,300.0,False,RESTRAIN,0.18350160478989386,0.0,0.8575476776479238,11.298847375187574
RESTRAIN,300.0,False,RESTRAIN,0.23364951656459554,0.0,0.40785035951605836,223.70382608529238
RESTRAIN,300.0,False,RESTRAIN,0.17931084340633485,0.0,0.23550286421906008,94.98267439083008
RESTRAIN,300.0,False,RESTRAIN,0.20235910866637596,0.0,0.13192081090110688,163.80874148385828
RESTRAIN,300.0,False,RESTRAIN,0.11370849683175088,0.0,0.8109877527238408,64.39250500603858
RESTRAIN,300.0,False,RESTRAIN,0.21395494554050232,0.0,0.2068138701911548,355.15859944261956
RESTRAIN,300.0,False,RESTRAIN,0.18620305375041613,0.0,0.1742580885772066,74.67284120243453
RESTRAIN,300.0,False,RESTRAIN,0.17631305359769078,0.0,0.4960235537735534,150.096639017857
RESTRAIN,300.0,False,RESTRAIN,0.15640091743358953,0.0,0.4155399467022111,91.65626274476796
RESTRAIN,300.0,False,RESTRAIN,0.21214065706197305,0.0,0.3470984022709178,194.97153929100924
RESTRAIN,300.0,False,RESTRAIN,0.24894698488704947,0.0,0.5207865143683179,325.92318021545753
RESTRAIN,300.0,False,RESTRAIN,0.15092234256274906,0.0,0.5124652980162081,58.81984700704051
RESTRAIN,300.0,False,RESTRAIN,0.20081332329294488,0.0,0.06156226634940626,50.69263714419109
RESTRAIN,300.0,False,RESTRAIN,0.18651083191513596,0.0,0.3734267959354281,26.663449346420848
RESTRAIN,300.0,False,RESTRAIN,0.23772203990131424,0.0,0.6488879544429861,212.16647064154756
RESTRAIN,300.0,False,RESTRAIN,0.22500889891450593,0.0,0.3435112322253132,216.74771276053505
RESTRAIN,300.0,True,RESTRAIN,0.3096385951170698,0.0,0.8978934128691932,295.70053547497315
RESTRAIN,300.0,False,RESTRAIN,0.23463958012901787,0.0,0.21184655487381684,300.9460791902464
RESTRAIN,300.0,False,RESTRAIN,0.1729512199126646,0.0,0.4467278576112282,36.69928284150931
RESTRAIN,300.0,False,RESTRAIN,0.2523024316530439,0.0,0.6065363524701413,327.78912619615613
RESTRAIN,300.0,False,RESTRAIN,0.2649036909332728,0.0,0.4930764169210659,298.57791833379844
RESTRAIN,300.0,False,RESTRAIN,0.20671169090050046,0.0,0.035165809733303466,233.00894625012063
RESTRAIN,300.0,False,RESTRAIN,0.16262806312372924,0.0,0.46229956829816876,124.94163964333431
RESTRAIN,300.0,True,RESTRAIN,0.31069529432343235,0.0,0.8697844522470062,268.41096641571653
RESTRAIN,300.0,False,RESTRAIN,0.230354514640289,0.0,0.3659974948488053,223.44253882716635
RESTRAIN,300.0,False,RESTRAIN,0.19952104771716273,0.0,0.10456099084762929,127.09672109769745
RESTRAIN,300.0,False,RESTRAIN,0.21038105380335514,0.0,0.019132565998535977,4.772057356677335
RESTRAIN,300.0,False,RESTRAIN,0.2245100089957014,0.0,0.3710383371531726,213.28595158777517
RESTRAIN,300.0,False,RESTRAIN,0.21143257266532078,0.0,0.1667671367536544,207.53676161533642
RESTRAIN,300.0,False,RESTRAIN,0.12693802692896472,0.0,0.7512288719892279,55.648071601134596
RESTRAIN,300.0,False,RESTRAIN,0.26910801168631815,0.0,0.8570317262578074,326.27741630362317
RESTRAIN,300.0,False,RESTRAIN,0.11512015431238165,0.0,0.8464770654048294,57.339505959860546
RESTRAIN,300.0,False,RESTRAIN,0.16842660365154682,0.0,0.3370765807215444,103.35461341923876
RESTRAIN,300.0,False,RESTRAIN,0.17274646018160655,0.0,0.40928135472620064,133.91569602848438
RESTRAIN,300.0,False,RESTRAIN,0.2342672669544943,0.0,0.28357175524374956,245.86763587661954
RESTRAIN,300.0,False,RESTRAIN,0.20088687775081993,0.0,0.11614721093133232,29.390445309206285
RESTRAIN,300.0,False,RESTRAIN,0.2610482427167534,0.0,0.5031349220996351,252.85479748176448
RESTRAIN,300.0,False,RESTRAIN,0.19790757032616468,0.0,0.16758472727364018,149.21199515819313
RESTRAIN,300.0,False,RESTRAIN,0.20086407997610056,0.0,0.053467377792256736,65.86065188916653
RESTRAIN,300.0,False,RESTRAIN,0.14216345143336118,0.0,0.7644899932331422,40.3489681874412
RESTRAIN,300.0,False,RESTRAIN,0.15874309379710094,0.0,0.7186643928767658,148.44096092255504
RESTRAIN,300.0,False,RESTRAIN,0.16638517194618307,0.0,0.8336541802281889,160.55379900974566
RESTRAIN,300.0,False,RESTRAIN,0.1784302561921719,0.0,0.29466519068597496,49.42855201342076
RESTRAIN,300.0,False,RESTRAIN,0.1875062076794809,0.0,0.783648490821637,173.6876973429571
RESTRAIN,300.0,False,RESTRAIN,0.20361286884541985,0.0,0.3586067370215461,180.87789711600155
RESTRAIN,300.0,False,RESTRAIN,0.21284055586511197,0.0,0.0655014848867524,353.1637864041859
RESTRAIN,300.0,False,RESTRAIN,0.2527187348400447,0.0,0.4120569943835673,256.78954913404056
RESTRAIN,300.0,False,RESTRAIN,0.20463539615438497,0.0,0.4984075377373974,4.380819895014079
RESTRAIN,300.0,False,RESTRAIN,0.19715924099987214,0.0,0.38888326697366515,171.6725519203458
RESTRAIN,300.0,False,RESTRAIN,0.19494388710071364,0.0,0.7068922796522483,7.77233944674347
RESTRAIN,300.0,False,RESTRAIN,0.20559550180740194,0.0,0.31664499872439034,184.03667072572463
RESTRAIN,300.0,False,RESTRAIN,0.12127428250428529,0.0,0.8289549150913643,121.65735746289896
RESTRAIN,300.0,False,RESTRAIN,0.21825400113233873,0.0,0.06674703568918183,325.26244334145605
RESTRAIN,300.0,False,RESTRAIN,0.1961804670362678,0.0,0.6483666046374581,177.58403834588813
RESTRAIN,300.0,False,RESTRAIN,0.29436323193568126,0.0,0.8360801813991162,305.96553432553657
RESTRAIN,300.0,False,RESTRAIN,0.22855383005253493,0.0,0.49784598739852215,210.19407282764033
RESTRAIN,300.0,False,RESTRAIN,0.14652108571877265,0.0,0.7908104672680527,142.7447467435237
RESTRAIN,300.0,False,RESTRAIN,0.1301917586884821,0.0,0.622648067872271,82.6945091295041
RESTRAIN,300.0,False,RESTRAIN,0.20551054248542389,0.0,0.013076401306685016,65.93655455941585
RESTRAIN,300.0,True,RESTRAIN,0.2805866207005957,0.0,0.6041201799725897,286.0366666325476
RESTRAIN,300.0,False,RESTRAIN,0.2617501985828019,0.0,0.5909054935737909,317.8751605492409
RESTRAIN,300.0,False,RESTRAIN,0.20953124300878267,0.0,2.4718350293706503e-05,116.67062520993908
RESTRAIN,300.0,False,RESTRAIN,0.20155165012417353,0.0,0.36824465493559366,178.06050872575648
RESTRAIN,300.0,False,RESTRAIN,0.20487946457911577,0.0,0.03491947535571673,103.50057942617116
RESTRAIN,300.0,False,RESTRAIN,0.19719806882523017,0.0,0.26369891774764104,163.9059844203188
RESTRAIN,300.0,False,RESTRAIN,0.29082511383856013,0.0,0.8879242310454224,313.0168943201588
RESTRAIN,300.0,False,RESTRAIN,0.1230743296637774,0.0,0.8462557648897859,49.67083980056914
RESTRAIN,300.0,False,RESTRAIN,0.1352094378498666,0.0,0.6163733446583016,104.9349696582086
RESTRAIN,300.0,False,RESTRAIN,0.24079115852351818,0.0,0.33016687787848503,250.29776536180296
RESTRAIN,300.0,False,RESTRAIN,0.16837189766338134,0.0,0.356806736989518,111.82528101047762
RESTRAIN,300.0,False,RESTRAIN,0.20590331797134898,0.0,0.034393218588536466,29.216222073961294
RESTRAIN,300.0,False,RESTRAIN,0.1825748451081196,0.0,0.3044564263673456,134.78590122624965
RESTRAIN,300.0,False,RESTRAIN,0.27562655565428085,0.0,0.7059460782521249,243.5011200939547
RESTRAIN,300.0,False,RESTRAIN,0.2166283986920321,0.0,0.46741765830707727,354.24177645648194
RESTRAIN,300.0,False,RESTRAIN,0.2467082742183313,0.0,0.42900999845299265,321.17147819160897
RESTRAIN,300.0,False,RESTRAIN,0.20687746929747763,0.0,0.0819881285915042,202.2760208208098
RESTRAIN,300.0,True,RESTRAIN,0.3075434525181915,0.0,0.8271004294254451,279.83992806317883
RESTRAIN,300.0,False,RESTRAIN,0.21474965400984158,0.0,0.25476589746408224,205.6997431594156
RESTRAIN,300.0,False,RESTRAIN,0.20185716196547143,0.0,0.3446125288732769,177.8029509612404
RESTRAIN,300.0,False,RESTRAIN,0.17361471489085,0.0,0.29763886742603857,61.427737311177495
RESTRAIN,300.0,False,RESTRAIN,0.17381981265466273,0.0,0.2958606922545085,105.18102628547405
RESTRAIN,300.0,False,RESTRAIN,0.1844111831476889,0.0,0.539391559275954,162.75848059730913
RESTRAIN,300.0,False,RESTRAIN,0.21624045799438685,0.0,0.5643291089284096,354.81731254936324
RESTRAIN,300.0,False,RESTRAIN,0.23886568173775202,0.0,0.5387058950083405,219.08245928345798
RESTRAIN,300.0,False,RESTRAIN,0.21541064199320759,0.0,0.06164831432706757,340.1563431953131
RESTRAIN,300.0,False,RESTRAIN,0.09985825882711552,0.0,0.8725837341969264,93.12585205940788
RESTRAIN,300.0,False,RESTRAIN,0.1720171043151606,0.0,0.6425889264591469,24.829652635420775
RESTRAIN,300.0,False,RESTRAIN,0.22109812088350678,0.0,0.794455815218285,352.215027580349
RESTRAIN,300.0,False,RESTRAIN,0.19399285212171913,0.0,0.14370239307931368,118.66474410560478
RESTRAIN,300.0,False,RESTRAIN,0.21575491242395872,0.0,0.8388972631474159,192.7102028902725
RESTRAIN,300.0,False,RESTRAIN,0.17053565423555395,0.0,0.6495125998775756,25.611460085589343
RESTRAIN,300.0,False,RESTRAIN,0.25553342519929234,0.0,0.45064416282267705,309.74095566346335
RESTRAIN,300.0,False,RESTRAIN,0.2109594596650619,0.0,0.020819261142589553,0.24483214608324033
RESTRAIN,300.0,False,RESTRAIN,0.2293847014142928,0.0,0.22786719306930464,326.1642817210643
RESTRAIN,300.0,False,RESTRAIN,0.12340445098332187,0.0,0.7548672315251181,59.5335110678369
RESTRAIN,300.0,False,RESTRAIN,0.16748824896944692,0.0,0.3412635297030527,66.05218030998789
RESTRAIN,300.0,False,RESTRAIN,0.2779559313034874,0.0,0.6104490546437215,297.28780256050067
RESTRAIN,300.0,False,RESTRAIN,0.15408572358372563,0.0,0.6577137269773257,139.04295230131282
RESTRAIN,300.0,False,RESTRAIN,0.12136943568186953,0.0,0.6980847371329125,92.16641717830838
RESTRAIN,300.0,False,RESTRAIN,0.2238212899230514,0.0,0.3441170546702465,214.7187729848749
RESTRAIN,300.0,False,RESTRAIN,0.10616987584594428,0.0,0.8188500403953317,91.58813217891874
RESTRAIN,300.0,False,RESTRAIN,0.17730389931569845,0.0,0.26297996317627526,103.15706552520041
RESTRAIN,300.0,False,RESTRAIN,0.17874101102391748,0.0,0.7524581384897512,16.398120225956024
RESTRAIN,300.0,False,RESTRAIN,0.21217638075425416,0.0,0.38225976336406303,194.18806067737492
RESTRAIN,300.0,False,RESTRAIN,0.18743229475598477,0.0,0.21080596763398107,46.59087805580553
RESTRAIN,300.0,False,RESTRAIN,0.24486487995091322,0.0,0.3091044163613095,301.36369605632393
RESTRAIN,300.0,True,RESTRAIN,0.2935450670855617,0.0,0.7196070949256135,270.36724866554334
RESTRAIN,300.0,False,RESTRAIN,0.14189054821103297,0.0,0.5533835106978725,102.76533889173369
RESTRAIN,300.0,False,RESTRAIN,0.20678714840334822,0.0,0.12301083827795127,192.16028784541766
RESTRAIN,300.0,False,RESTRAIN,0.20888735241302503,0.0,0.1115705337613755,207.8556809448881
RESTRAIN,300.0,False,RESTRAIN,0.26400069370772683,0.0,0.6184807261250435,239.9226102301585
RESTRAIN,300.0,False,RESTRAIN,0.19528795187801706,0.0,0.2155430462959153,150.8114744706237
RESTRAIN,300.0,False,RESTRAIN,0.22096565218513475,0.0,0.1877935364258431,234.91158173127533
RESTRAIN,300.0,False,RESTRAIN,0.13145224063536431,0.0,0.6745515902304966,60.98027939505287
RESTRAIN,300.0,False,RESTRAIN,0.19879256828924086,0.0,0.2903883056063134,169.56674336363557
RESTRAIN,300.0,False,RESTRAIN,0.20333191055390154,0.0,0.06147473393530548,33.84225617603279
RESTRAIN,300.0,False,RESTRAIN,0.23002792202292477,0.0,0.38235138442529026,338.7851296795906
RESTRAIN,300.0,False,RESTRAIN,0.17080522645647545,0.0,0.5122608338202101,144.50737258312105
RESTRAIN,300.0,False,RESTRAIN,0.2420015251361859,0.0,0.5413402773055345,222.27894005903798
RESTRAIN,300.0,False,RESTRAIN,0.2053085003329217,0.0,0.05265486729732168,176.33388317554449
RESTRAIN,300.0,False,RESTRAIN,0.20077668491036404,0.0,0.4082033786939232,9.654323163078512
RESTRAIN,300.0,False,RESTRAIN,0.19269159502353006,0.0,0.3236057939617279,22.576859235204726
RESTRAIN,300.0,False,RESTRAIN,0.15835649253377237,0.0,0.4040412776103818,95.24024912816321
RESTRAIN,300.0,False,RESTRAIN,0.2079404727766473,0.0,0.03752757221195576,242.9766213703298
RESTRAIN,300.0,False,RESTRAIN,0.22636606217613564,0.0,0.26604621944904444,230.91648237926992
RESTRAIN,300.0,False,RESTRAIN,0.13915903467095259,0.0,0.5791126848767013,67.66019684720227
RESTRAIN,300.0,False,RESTRAIN,0.2046437718124955,0.0,0.11332472530736908,175.90075670816717
RESTRAIN,300.0,False,RESTRAIN,0.12799179433988706,0.0,0.8632983499407915,132.1420381425665
RESTRAIN,300.0,False,RESTRAIN,0.23670611642558437,0.0,0.8945196750975837,204.67593851599102
RESTRAIN,300.0,False,RESTRAIN,0.1749731510723903,0.0,0.32439807018544964,120.48707566137217
RESTRAIN,300.0,False,RESTRAIN,0.25854256430504785,0.0,0.6128598926938295,322.6313163038078
RESTRAIN,300.0,False,RESTRAIN,0.1900962932224396,0.0,0.5718091705804866,170.07069325393638
RESTRAIN,300.0,False,RESTRAIN,0.1999733439852961,0.0,0.15044833409390454,153.56802132245502
RESTRAIN,300.0,False,RESTRAIN,0.2442470874175504,0.0,0.34937469852646863,253.19746590040893
RESTRAIN,300.0,True,RESTRAIN,0.31385032703846416,0.0,0.8825816633123785,281.04758655067684
RESTRAIN,300.0,False,RESTRAIN,0.20253505730462074,0.0,0.11490684050443423,157.51897566928452
RESTRAIN,300.0,False,RESTRAIN,0.16478750301060696,0.0,0.517659094706363,39.22567094818603
RESTRAIN,300.0,False,RESTRAIN,0.171607231440443,0.0,0.539262669710059,30.632045304850948
RESTRAIN,300.0,False,RESTRAIN,0.1932220637362677,0.0,0.15077288486781035,117.6747435247913
RESTRAIN,300.0,False,RESTRAIN,0.26342863730161403,0.0,0.4817233317093328,263.72961940247853
RESTRAIN,300.0,False,RESTRAIN,0.2781185148754387,0.0,0.8257158841297358,235.3099621803628
RESTRAIN,300.0,False,RESTRAIN,0.19656475907121085,0.0,0.10409059059898698,103.58472757764696
RESTRAIN,300.0,False,RESTRAIN,0.21038049510276136,0.0,0.17076869504606534,1.5816152274510298
RESTRAIN,300.0,False,RESTRAIN,0.22350524355185675,0.0,0.23006572311556475,231.3621359246135
RESTRAIN,300.0,False,RESTRAIN,0.227898229891348,0.0,0.6758816261405822,203.18412383871637
RESTRAIN,300.0,True,RESTRAIN,0.2710660366777111,0.0,0.5195262760893671,278.09610893470506
RESTRAIN,300.0,False,RESTRAIN,0.252412421613014,0.0,0.45319232458283104,247.01969920812644
RESTRAIN,300.0,False,RESTRAIN,0.11919724416727595,0.0,0.7128577892113585,88.88409861654037
RESTRAIN,300.0,True,RESTRAIN,0.3100624874661726,0.0,0.88044043043747,263.84377321223377
RESTRAIN,300.0,False,RESTRAIN,0.20349941998769805,0.0,0.17636224621420735,175.09719137038962
RESTRAIN,300.0,False,RESTRAIN,0.23454486038758904,0.0,0.7308453769455183,206.9196307277038
RESTRAIN,300.0,False,RESTRAIN,0.17741951937470601,0.0,0.33307953364204296,128.51754752423923
RESTRAIN,300.0,False,RESTRAIN,0.22553163471879378,0.0,0.13139210138301896,284.61216030521405
RESTRAIN,300.0,False,RESTRAIN,0.17961796114307704,0.0,0.23086809083501708,70.59153822037034
RESTRAIN,300.0,False,RESTRAIN,0.16366784152730773,0.0,0.35936683478232234,73.63417828109051
RESTRAIN,300.0,False,RESTRAIN,0.10706155259493144,0.0,0.8092448029478411,85.47339084059134
RESTRAIN,300.0,False,RESTRAIN,0.26053125652990716,0.0,0.43056857807640214,284.2387874463345
RESTRAIN,300.0,True,RESTRAIN,0.2710920764223612,0.0,0.5528727563406948,262.1173962822781
RESTRAIN,300.0,False,RESTRAIN,0.20482955682668258,0.0,0.029911018745473684,97.05154225033199
RESTRAIN,300.0,False,RESTRAIN,0.20113230935182802,0.0,0.057606040543789816,51.79846042539738
RESTRAIN,300.0,False,RESTRAIN,0.18623606044736618,0.0,0.8444993705604404,10.148291701146572
RESTRAIN,300.0,False,RESTRAIN,0.28291617491511967,0.0,0.7544860315550683,246.17682828900107
RESTRAIN,300.0,False,RESTRAIN,0.21308730196440318,0.0,0.44067658561177464,193.9943111467364
RESTRAIN,300.0,False,RESTRAIN,0.22548039570864353,0.0,0.1803584328789353,252.83316838425867
RESTRAIN,300.0,False,RESTRAIN,0.20984443227858085,0.0,0.03615805904442672,254.97183583116436
RESTRAIN,300.0,False,RESTRAIN,0.3002112002984384,0.0,0.8778139666866205,304.11937333277984
RESTRAIN,300.0,False,RESTRAIN,0.20843805884251854,0.0,0.005105059092421926,149.7478784225085
RESTRAIN,300.0,False,RESTRAIN,0.2352540203776421,0.0,0.21388300679597091,297.81869768695714
RESTRAIN,300.0,False,RESTRAIN,0.17453598641763635,0.0,0.6155126756137904,156.87629714293996
RESTRAIN,300.0,True,RESTRAIN,0.2999359176306414,0.0,0.8441084305890638,254.81570800462563
RESTRAIN,300.0,False,RESTRAIN,0.2072119675969526,0.0,0.10535337823601246,198.41110189092558
RESTRAIN,300.0,False,RESTRAIN,0.252280482597519,0.0,0.696501899071865,331.712893402764
RESTRAIN,300.0,False,RESTRAIN,0.18240798143847803,0.0,0.29859131770629216,133.2462432874088
RESTRAIN,300.0,False,RESTRAIN,0.26970845056575465,0.0,0.6117465838318363,248.3377664693849
RESTRAIN,300.0,False,RESTRAIN,0.20858918373532576,0.0,0.08696990735827632,215.31418885991604
RESTRAIN,300.0,False,RESTRAIN,0.20772830029862543,0.0,0.7783351442079495,359.52576076692117
RESTRAIN,300.0,False,RESTRAIN,0.16852023911603753,0.0,0.6365015405643605,27.814238776556486
RESTRAIN,300.0,False,RESTRAIN,0.25262674499905646,0.0,0.8600416555073676,215.31919135575984
RESTRAIN,300.0,False,RESTRAIN,0.15156432347107007,0.0,0.4521772418046517,83.6795312731243
RESTRAIN,300.0,False,RESTRAIN,0.27695009250905356,0.0,0.7989221971959786,318.3069377161241
RESTRAIN,300.0,False,RESTRAIN,0.2669468937575623,0.0,0.48635876456768495,286.0196424485033
RESTRAIN,300.0,False,RESTRAIN,0.24794604001376153,0.0,0.46151026732743516,238.2621704349837
RESTRAIN,300.0,False,RESTRAIN,0.2047309982705524,0.0,0.0851493790943413,172.92549909086821
RESTRAIN,300.0,False,RESTRAIN,0.2798934604513432,0.0,0.7327525292866023,245.26501142767074
RESTRAIN,300.0,False,RESTRAIN,0.21549427788225317,0.0,0.3709822669458887,199.56154730427994
RESTRAIN,300.0,False,RESTRAIN,0.1439079969009116,0.0,0.540022539906256,103.42766350998475
RESTRAIN,300.0,False,RESTRAIN,0.27618701366053056,0.0,0.5856224658739331,294.9919756432968
RESTRAIN,300.0,False,RESTRAIN,0.20417545313697727,0.0,0.6973301719558596,184.52738355793576
RESTRAIN,300.0,False,RESTRAIN,0.14396375495864566,0.0,0.5178098815708773,92.56288169047112
RESTRAIN,300.0,False,RESTRAIN,0.2575504002504895,0.0,0.5579194934078957,239.1662293527825
RESTRAIN,300.0,False,RESTRAIN,0.20242917117880266,0.0,0.46867919814037856,6.711040018499834
RESTRAIN,300.0,True,RESTRAIN,0.2695604557143432,0.0,0.5525565506968644,259.23217858559445
RESTRAIN,300.0,False,RESTRAIN,0.19508088710697125,0.0,0.39980611200683924,169.32059780532978
RESTRAIN,300.0,False,RESTRAIN,0.25947788692365803,0.0,0.698770363492304,228.35311767747172
RESTRAIN,300.0,False,RESTRAIN,0.12868231095355653,0.0,0.7294565231611715,56.59834999378467
RESTRAIN,300.0,False,RESTRAIN,0.2595236696923934,0.0,0.4653968163469623,258.57074391646506
RESTRAIN,300.0,False,RESTRAIN,0.22179518697132783,0.0,0.1319652353772877,260.37939051627166
RESTRAIN,300.0,False,RESTRAIN,0.24724285861695317,0.0,0.33614817517496576,266.972602970604
RESTRAIN,300.0,False,RESTRAIN,0.18087159188504043,0.0,0.7559448026831255,168.19194978726964
RESTRAIN,300.0,False,RESTRAIN,0.27200255663976625,0.0,0.8250741019439043,230.58230127214654
RESTRAIN,300.0,False,RESTRAIN,0.21091178834228141,0.0,0.2403477015638969,197.73187837373447
RESTRAIN,300.0,False,RESTRAIN,0.10240516921569631,0.0,0.8469923402290739,83.90874462925231
RESTRAIN,300.0,False,RESTRAIN,0.2056929056433462,0.0,0.24904191847128856,8.28823256090999
RESTRAIN,300.0,False,RESTRAIN,0.15109846540058258,0.0,0.8269891584718853,148.8876617606178
RESTRAIN,300.0,True,RESTRAIN,0.3048701759731628,0.0,0.8418919734337599,293.3701379121062
RESTRAIN,300.0,False,RESTRAIN,0.15903489163737317,0.0,0.4543487179364225,116.00547811771348
RESTRAIN,300.0,True,RESTRAIN,0.30947592715136063,0.0,0.8554969388150296,269.6406611987546
RESTRAIN,300.0,False,RESTRAIN,0.2449593758364521,0.0,0.4943451292777184,230.27958269391362
RESTRAIN,300.0,False,RESTRAIN,0.17605495730673038,0.0,0.3410012592252527,127.17504146021
RESTRAIN,300.0,False,RESTRAIN,0.20706751956370373,0.0,0.7291435547274194,0.20720317135265898
RESTRAIN,300.0,False,RESTRAIN,0.20309682216236669,0.0,0.09766989136078884,155.16222871603142
RESTRAIN,300.0,False,RESTRAIN,0.19422214888414435,0.0,0.19498956151439353,141.42607326288748
RESTRAIN,300.0,False,RESTRAIN,0.18824461052904617,0.0,0.19192509497323154,49.94734987622175
RESTRAIN,300.0,False,RESTRAIN,0.27355090602988164,0.0,0.559866175719966,294.741950786932
RESTRAIN,300.0,False,RESTRAIN,0.23241048084801796,0.0,0.6379855426464529,343.9737542593837
RESTRAIN,300.0,False,RESTRAIN,0.13905073747360142,0.0,0.7536828721746085,43.64746607451719
RESTRAIN,300.0,False,RESTRAIN,0.10698899372500881,0.0,0.8098757681366847,83.13882105642726
RESTRAIN,300.0,False,RESTRAIN,0.2655687153734685,0.0,0.7875427648369,227.69886568184015
RESTRAIN,300.0,False,RESTRAIN,0.23417098213685905,0.0,0.6137951372231908,342.31032451262666
RESTRAIN,300.0,False,RESTRAIN,0.2505965049395459,0.0,0.8233440097140872,336.23974948373956
RESTRAIN,300.0,False,RESTRAIN,0.2262848501752599,0.0,0.24799008750841164,335.28391788585884
RESTRAIN,300.0,False,RESTRAIN,0.17390934779642853,0.0,0.6527483336045534,158.45219267347085
RESTRAIN,300.0,False,RESTRAIN,0.21244313392552916,0.0,0.06900068854325711,354.9250063846339
RESTRAIN,300.0,False,RESTRAIN,0.19912148092324267,0.0,0.11270558226592442,131.27878375185725
RESTRAIN,300.0,False,RESTRAIN,0.19452621761778388,0.0,0.20350992964767575,31.211771011830493
RESTRAIN,300.0,False,RESTRAIN,0.21575133085426368,0.0,0.09240906813919536,253.59810002188303
RESTRAIN,300.0,False,RESTRAIN,0.2285832911414808,0.0,0.8690992619448082,200.2263983973953
RESTRAIN,300.0,False,RESTRAIN,0.25908676960788946,0.0,0.41961980652064956,287.8007278298658
RESTRAIN,300.0,False,RESTRAIN,0.26207397043216696,0.0,0.8160339244300194,223.59881376637213
RESTRAIN,300.0,False,RESTRAIN,0.2589340695990475,0.0,0.4289687531778763,295.4328821235747
RESTRAIN,300.0,False,RESTRAIN,0.14430611132366233,0.0,0.6297085700115607,123.80087926330829
RESTRAIN,300.0,False,RESTRAIN,0.17423197964928971,0.0,0.2895433163464796,103.6572979763475
RESTRAIN,300.0,True,RESTRAIN,0.310360710958553,0.0,0.8555989076138408,272.6086715387969
RESTRAIN,300.0,False,RESTRAIN,0.20564937544855555,0.0,0.031405015615664465,179.1787414420498
RESTRAIN,300.0,False,RESTRAIN,0.1347424614124948,0.0,0.6276641230988745,64.58233088860538
RESTRAIN,300.0,False,RESTRAIN,0.13168708409905883,0.0,0.8553419936895442,135.00691030899634
RESTRAIN,300.0,True,RESTRAIN,0.2922558838570385,0.0,0.7093337667843149,288.2367415247618
RESTRAIN,300.0,False,RESTRAIN,0.25324875230185384,0.0,0.7448366511371866,332.6119853120185
RESTRAIN,300.0,False,RESTRAIN,0.24051084924233068,0.0,0.2692467179643301,273.716017731451
RESTRAIN,300.0,False,RESTRAIN,0.2528070807360798,0.0,0.4066631911039855,258.52509191898224
RESTRAIN,300.0,False,RESTRAIN,0.2251658284571223,0.0,0.12256283734805866,292.1932619447064
RESTRAIN,300.0,False,RESTRAIN,0.16638996513786886,0.0,0.33876500883989813,72.19089985479187
RESTRAIN,300.0,False,RESTRAIN,0.2035244946061242,0.0,0.007591741318458789,208.6492177915208
RESTRAIN,300.0,False,RESTRAIN,0.24243075936953662,0.0,0.7008926451615454,213.90686451513236
RESTRAIN,300.0,False,RESTRAIN,0.24388072043715525,0.0,0.8577111125270945,340.5358553698299
RESTRAIN,300.0,False,RESTRAIN,0.20028129785239024,0.0,0.630764415639292,5.509636308897292
RESTRAIN,300.0,False,RESTRAIN,0.22552893524391138,0.0,0.7292678342876493,349.38828220197826
RESTRAIN,300.0,False,RESTRAIN,0.26021123546024794,0.0,0.462122752927766,261.38661418459816
RESTRAIN,300.0,False,RESTRAIN,0.20731844172498126,0.0,0.1725016232695033,8.077832704108982
RESTRAIN,300.0,False,RESTRAIN,0.20721230880238273,0.0,0.6487339154479678,186.7725189387868
RESTRAIN,300.0,False,RESTRAIN,0.19363736929653608,0.0,0.26935542440615723,25.122347106088224
RESTRAIN,300.0,False,RESTRAIN,0.2295911755338168,0.0,0.4135725042766275,217.22211361164685
RESTRAIN,300.0,False,RESTRAIN,0.17056004028602567,0.0,0.8106010602348519,162.57859490963793
RESTRAIN,300.0,False,RESTRAIN,0.24921424721847374,0.0,0.3356434192374264,278.0734553798337
RESTRAIN,300.0,False,RESTRAIN,0.21614823281959905,0.0,0.26043256589093733,208.5943976494988
RESTRAIN,300.0,False,RESTRAIN,0.21335864265911775,0.0,0.028525053362831777,283.0969289383495
RESTRAIN,300.0,False,RESTRAIN,0.15102871471933477,0.0,0.6313111860677958,132.76299664043094
RESTRAIN,300.0,False,RESTRAIN,0.2317984215130079,0.0,0.1936979270219138,308.47932640711025
RESTRAIN,300.0,False,RESTRAIN,0.26554048972979094,0.0,0.5754749681458927,311.8702348080625
RESTRAIN,300.0,False,RESTRAIN,0.23423425222822603,0.0,0.32994375651092456,235.95794130975247
RESTRAIN,300.0,False,RESTRAIN,0.12060029739430189,0.0,0.7089081161756638,94.93824139416252
RESTRAIN,300.0,False,RESTRAIN,0.21232773275897543,0.0,0.8009050327766748,356.91510469728235
RESTRAIN,300.0,False,RESTRAIN,0.23526540157998466,0.0,0.21213291471693094,294.3841063347964
RESTRAIN,300.0,False,RESTRAIN,0.2824072615178118,0.0,0.7130799905489029,306.5946166297559
RESTRAIN,300.0,False,RESTRAIN,0.20954490794349723,0.0,0.13753240860638266,4.1584465262643056
RESTRAIN,300.0,False,RESTRAIN,0.22572011077152265,0.0,0.12683461081187627,297.4120315535154
RESTRAIN,300.0,False,RESTRAIN,0.16007385109413574,0.0,0.38560108720441677,78.39380664866613
RESTRAIN,300.0,False,RESTRAIN,0.20516647661261045,0.0,0.2920585512315317,182.9722460524474
RESTRAIN,300.0,True,RESTRAIN,0.3036354454403887,0.0,0.8884419939211489,253.54279915322013
RESTRAIN,300.0,False,RESTRAIN,0.15735295620274758,0.0,0.7235810854974056,147.70520778777833
RESTRAIN,300.0,False,RESTRAIN,0.10805545023364538,0.0,0.8012131976537467,87.70441616021488
RESTRAIN,300.0,False,RESTRAIN,0.20489670719526654,0.0,0.12239789117865967,180.065480008954
RESTRAIN,300.0,False,RESTRAIN,0.13321326333306738,0.0,0.6425648610842739,107.915838142038
RESTRAIN,300.0,False,RESTRAIN,0.24127845709891405,0.0,0.5438558753134113,221.51544546140184
RESTRAIN,300.0,False,RESTRAIN,0.19999961793868304,0.0,0.08931532577903824,39.49447290192512
RESTRAIN,300.0,False,RESTRAIN,0.1574577805570645,0.0,0.7142972347641642,146.99429703363597
RESTRAIN,300.0,False,RESTRAIN,0.2446287412331889,0.0,0.768403620915309,212.9769406844341
RESTRAIN,300.0,False,RESTRAIN,0.2126713286779216,0.0,0.8226836964939355,356.5877240711155
RESTRAIN,300.0,False,RESTRAIN,0.19268380409982977,0.0,0.8458384827206037,178.36479723268076
RESTRAIN,300.0,False,RESTRAIN,0.20295177852339463,0.0,0.09702951222603626,153.31894071903494
RESTRAIN,300.0,False,RESTRAIN,0.21378681804889865,0.0,0.7939550591605128,356.1165231268775
RESTRAIN,300.0,False,RESTRAIN,0.25704898523861297,0.0,0.8508240172551753,333.1385962378884
RESTRAIN,300.0,False,RESTRAIN,0.2663028566307284,0.0,0.6217147755172403,242.2680324555133
RESTRAIN,300.0,False,RESTRAIN,0.20834297386265577,0.0,0.16546620233513193,196.11838812902187
RESTRAIN,300.0,False,RESTRAIN,0.164183517756751,0.0,0.3607539040663879,97.52232153918443
RESTRAIN,300.0,False,RESTRAIN,0.20942362693825145,0.0,0.08109922030975157,224.58700133956157
RESTRAIN,300.0,False,RESTRAIN,0.21251531141812718,0.0,0.0038218009316496548,300.2304312142419
RESTRAIN,300.0,False,RESTRAIN,0.218957242291283,0.0,0.8280558760342167,353.3711928954248
RESTRAIN,300.0,False,RESTRAIN,0.10838131526650385,0.0,0.8751045686144117,61.54949135474052
RESTRAIN,300.0,False,RESTRAIN,0.10699200437841028,0.0,0.8273636014015138,98.66036124385448
RESTRAIN,300.0,False,RESTRAIN,0.23228527336749816,0.0,0.22856632470306593,318.39331031571913
RESTRAIN,300.0,False,RESTRAIN,0.2654458598006524,0.0,0.5589998374498958,309.94743736023696
RESTRAIN,300.0,False,RESTRAIN,0.25749049576642724,0.0,0.44972786253537883,257.99717755128796
RESTRAIN,300.0,False,RESTRAIN,0.172382403210401,0.0,0.44644281442296807,37.34326415230123
RESTRAIN,300.0,False,RESTRAIN,0.24864776786305476,0.0,0.3855004397379056,254.25192874649926
RESTRAIN,300.0,False,RESTRAIN,0.17794109301868177,0.0,0.8470624100569967,168.86127459217312
RESTRAIN,300.0,False,RESTRAIN,0.14412478369820603,0.0,0.7118004562491415,133.65041758356963
RESTRAIN,300.0,False,RESTRAIN,0.11305984930723456,0.0,0.7621817106625058,90.24710599002314
RESTRAIN,300.0,False,RESTRAIN,0.20608057637963195,0.0,0.031149607889626164,114.47303616701308
RESTRAIN,300.0,False,RESTRAIN,0.2111545738335766,0.0,0.37075515040609613,192.88546530927283
RESTRAIN,300.0,False,RESTRAIN,0.14840227342600298,0.0,0.5381804385475385,58.30194106047459
RESTRAIN,300.0,False,RESTRAIN,0.20350818239521584,0.0,0.5928493594817419,183.34996505789888
RESTRAIN,300.0,False,RESTRAIN,0.17466137340727594,0.0,0.805391794877298,17.353190521554467
RESTRAIN,300.0,False,RESTRAIN,0.19880410064397114,0.0,0.15030262885472265,147.82931577199392
RESTRAIN,300.0,False,RESTRAIN,0.21493861500202083,0.0,0.08103304230009262,345.6095264589446
RESTRAIN,300.0,True,RESTRAIN,0.3020338123825336,0.0,0.8038789778238263,266.03104978080864
RESTRAIN,300.0,False,RESTRAIN,0.1834333669475121,0.0,0.45595731763349046,24.696747140959417
RESTRAIN,300.0,False,RESTRAIN,0.25618668688786517,0.0,0.48529400681487206,247.62104460051071
RESTRAIN,300.0,False,RESTRAIN,0.11144646554691418,0.0,0.8010005928124971,70.6007394648791
RESTRAIN,300.0,False,RESTRAIN,0.18707541062969646,0.0,0.6748289750761143,170.6991743079222
RESTRAIN,300.0,False,RESTRAIN,0.1305817724970857,0.0,0.6576790403089919,105.90066405126782
RESTRAIN,300.0,False,RESTRAIN,0.22167397389818067,0.0,0.16742561507622286,336.2979690344354
RESTRAIN,300.0,False,RESTRAIN,0.1834754689983975,0.0,0.5592692633187788,19.59845940774298
RESTRAIN,300.0,False,RESTRAIN,0.2473840381711756,0.0,0.40506410436009266,317.14489409914523
RESTRAIN,300.0,False,RESTRAIN,0.2659255095138051,0.0,0.5499373488521814,252.49632070860432
RESTRAIN,300.0,False,RESTRAIN,0.16042735948542797,0.0,0.5181094598749014,130.60410079622008
RESTRAIN,300.0,False,RESTRAIN,0.2151638898732846,0.0,0.023651977419137795,316.6713175826481
RESTRAIN,300.0,False,RESTRAIN,0.18718162708812613,0.0,0.30948786492354685,146.26903188362763
RESTRAIN,300.0,False,RESTRAIN,0.2503326331396415,0.0,0.41202288635693235,251.4132149507756
RESTRAIN,300.0,False,RESTRAIN,0.263013695029525,0.0,0.4501997294666576,283.6315681783869
RESTRAIN,300.0,False,RESTRAIN,0.19821674670497758,0.0,0.08952234267939001,103.10074082213565
RESTRAIN,300.0,False,RESTRAIN,0.1597057359536277,0.0,0.8086850112264636,26.012074502915983
RESTRAIN,300.0,False,RESTRAIN,0.2407389342023457,0.0,0.30088412343455834,312.5253059685992
RESTRAIN,300.0,False,RESTRAIN,0.1529642136944328,0.0,0.44047977787239356,83.26341074917306
RESTRAIN,300.0,False,RESTRAIN,0.24271057336370794,0.0,0.597354672903023,335.4505201810656
RESTRAIN,300.0,False,RESTRAIN,0.13551272944134973,0.0,0.6471734724753759,113.4142869007637
RESTRAIN,300.0,False,RESTRAIN,0.18631303996041326,0.0,0.3402247640156175,149.36250316257906
RESTRAIN,300.0,False,RESTRAIN,0.2019501062589193,0.0,0.1162015436673537,154.91166883012062
RESTRAIN,300.0,False,RESTRAIN,0.20164830119002886,0.0,0.18658590230990443,168.44011031499144
RESTRAIN,300.0,False,RESTRAIN,0.21697221330881777,0.0,0.14854667169566224,346.59448465536536
RESTRAIN,300.0,False,RESTRAIN,0.18046427333468362,0.0,0.21972402406765587,88.2312584434737
RESTRAIN,300.0,False,RESTRAIN,0.23907932543388455,0.0,0.543281698199519,218.9786391027208
RESTRAIN,300.0,False,RESTRAIN,0.15161266841116405,0.0,0.48218293841488064,105.88721573894144
RESTRAIN,300.0,False,RESTRAIN,0.19283331887846134,0.0,0.15176740304235795,47.13486450953879
RESTRAIN,300.0,False,RESTRAIN,0.13516087710531666,0.0,0.613364853944305,103.95794373680238
RESTRAIN,300.0,False,RESTRAIN,0.2057982893019782,0.0,0.05733422933828597,198.86547893559901
RESTRAIN,300.0,False,RESTRAIN,0.25514897945709514,0.0,0.8186463196357567,218.51638612479076
RESTRAIN,300.0,False,RESTRAIN,0.14533198207037934,0.0,0.5095717486016554,94.93967918461118
RESTRAIN,300.0,False,RESTRAIN,0.21551695829402473,0.0,0.5313755923895968,355.4332006662506
RESTRAIN,300.0,False,RESTRAIN,0.18554598574551495,0.0,0.25730445727476964,130.58730642312338
RESTRAIN,300.0,False,RESTRAIN,0.26125447475207375,0.0,0.46047330271787185,299.53365584789674
RESTRAIN,300.0,False,RESTRAIN,0.19839834687900315,0.0,0.38363156163725215,12.612197253437394
RESTRAIN,300.0,True,RESTRAIN,0.2970904521086867,0.0,0.8556718014768925,250.27850690399907
RESTRAIN,300.0,False,RESTRAIN,0.2013458084096974,0.0,0.06859931166755753,109.2465263352723
RESTRAIN,300.0,False,RESTRAIN,0.2121707705338176,0.0,0.4128620720772018,193.28010563799825
RESTRAIN,300.0,False,RESTRAIN,0.28647109462596787,0.0,0.7123656154307416,301.17723645215113
RESTRAIN,300.0,False,RESTRAIN,0.2631324331153285,0.0,0.4901193817598306,260.94402928027205
RESTRAIN,300.0,False,RESTRAIN,0.16042529550053897,0.0,0.5086961655873706,129.4680879033576
RESTRAIN,300.0,True,RESTRAIN,0.302944525277521,0.0,0.8200940531910669,263.69260689241486
RESTRAIN,300.0,False,RESTRAIN,0.18644038189399736,0.0,0.33812350631367977,149.03909869531006
RESTRAIN,300.0,False,RESTRAIN,0.20849245852135734,0.0,0.0018579199778262945,22.85509918206261
RESTRAIN,300.0,False,RESTRAIN,0.28377621746333204,0.0,0.8331042722862095,239.6105711212775
RESTRAIN,300.0,False,RESTRAIN,0.21453641731786444,0.0,0.02975377347539291,337.25383131813936
RESTRAIN,300.0,False,RESTRAIN,0.15968981333170873,0.0,0.7176637115163769,30.114814734648867
RESTRAIN,300.0,False,RESTRAIN,0.21821471053787245,0.0,0.12563479658904064,247.54510860785692
RESTRAIN,300.0,False,RESTRAIN,0.21414577876585084,0.0,0.018615768967948764,302.3042398189742
RESTRAIN,300.0,False,RESTRAIN,0.22242817618445965,0.0,0.3192032135630469,214.78773516267515
RESTRAIN,300.0,False,RESTRAIN,0.18901877633234332,0.0,0.7776507840803625,174.7448094942558
RESTRAIN,300.0,False,RESTRAIN,0.20381365572180454,0.0,0.03324408216169561,85.39629583933272
RESTRAIN,300.0,False,RESTRAIN,0.17906331623322502,0.0,0.23641209671893568,69.7865515800495
RESTRAIN,300.0,False,RESTRAIN,0.19014075855221968,0.0,0.25114430530701,142.66676117160057
RESTRAIN,300.0,False,RESTRAIN,0.21079002420777027,0.0,0.08532623925926064,230.86367696163094
RESTRAIN,300.0,False,RESTRAIN,0.19991943371021037,0.0,0.08330223918844303,113.28195809627752
RESTRAIN,300.0,False,RESTRAIN,0.18962316293140913,0.0,0.8173625536403555,175.8261237115867
RESTRAIN,300.0,False,RESTRAIN,0.24072610702713015,0.0,0.6257660894736539,215.99615635306495
RESTRAIN,300.0,False,RESTRAIN,0.17300645699420336,0.0,0.280023781701351,75.59266582910763
RESTRAIN,300.0,False,RESTRAIN,0.23284227230714882,0.0,0.2144887033139133,266.90229388497187
RESTRAIN,300.0,False,RESTRAIN,0.20628673972129719,0.0,0.03859309159805997,226.31355892473454
RESTRAIN,300.0,False,RESTRAIN,0.2217097742821864,0.0,0.3229085081067995,213.06021303297803
RESTRAIN,300.0,False,RESTRAIN,0.20053824738665083,0.0,0.27102110955794567,172.12005269481804
RESTRAIN,300.0,False,RESTRAIN,0.1306547435758718,0.0,0.825371827720036,131.3300635138451
RESTRAIN,300.0,False,RESTRAIN,0.20976341838374468,0.0,0.1984577086055651,197.57286974382245
RESTRAIN,300.0,False,RESTRAIN,0.25224096975186283,0.0,0.36463251979957667,275.663362139464
RESTRAIN,300.0,True,RESTRAIN,0.2739035463693259,0.0,0.6138126775108013,254.16373046462024
RESTRAIN,300.0,False,RESTRAIN,0.24137542230657982,0.0,0.289062337339219,265.5761325475662
RESTRAIN,300.0,False,RESTRAIN,0.12143491961417063,0.0,0.7036073639012501,75.39029593185224
RESTRAIN,300.0,True,RESTRAIN,0.28682395102823155,0.0,0.653630782414567,280.68646807475153
RESTRAIN,300.0,False,RESTRAIN,0.2061853967623567,0.0,0.0319220550378146,120.7484000119215
RESTRAIN,300.0,False,RESTRAIN,0.11195551315660113,0.0,0.7702475650295432,83.90949794331141
RESTRAIN,300.0,False,RESTRAIN,0.1781349341389995,0.0,0.32751006452424647,43.758404345292426
RESTRAIN,300.0,False,RESTRAIN,0.2212120471079423,0.0,0.08627016877846183,298.9178634920276
RESTRAIN,300.0,False,RESTRAIN,0.2500775787092161,0.0,0.6285110387242306,224.35104220670152
RESTRAIN,300.0,False,RESTRAIN,0.2812661439847156,0.0,0.6724319835280482,302.87013449852145
RESTRAIN,300.0,False,RESTRAIN,0.20613061961096724,0.0,0.06390872806469104,202.10968978130614
RESTRAIN,300.0,False,RESTRAIN,0.2432025878127686,0.0,0.3185285897049975,309.7009597606014
RESTRAIN,300.0,False,RESTRAIN,0.2274935358325645,0.0,0.805932439719063,200.3656430155544
RESTRAIN,300.0,False,RESTRAIN,0.25593597356255415,0.0,0.6024941724195673,232.50404575413214
RESTRAIN,300.0,False,RESTRAIN,0.1867241872003802,0.0,0.480529529593072,20.28979943307708
RESTRAIN,300.0,False,RESTRAIN,0.2488230851977472,0.0,0.45370168951292633,241.07712104607762
RESTRAIN,300.0,False,RESTRAIN,0.2357731217749387,0.0,0.5475746993183057,215.17619254454914
RESTRAIN,300.0,False,RESTRAIN,0.1347094753991771,0.0,0.587718841692367,87.14743355183256
RESTRAIN,300.0,False,RESTRAIN,0.20222647945932093,0.0,0.061952920895398424,40.58417604268408
RESTRAIN,300.0,False,RESTRAIN,0.1792966542986465,0.0,0.30073346101028997,124.98653029720701
RESTRAIN,300.0,False,RESTRAIN,0.18540414935220728,0.0,0.4739867569952478,21.665775140111702
RESTRAIN,300.0,False,RESTRAIN,0.24297744534281607,0.0,0.6573073257144891,216.29853176995846
RESTRAIN,300.0,False,RESTRAIN,0.21941882202664142,0.0,0.6684972540217539,196.53945180155776
RESTRAIN,300.0,False,RESTRAIN,0.24601544821195298,0.0,0.5449583989926385,330.41360197196076
RESTRAIN,300.0,False,RESTRAIN,0.2070400836159556,0.0,0.527872347591103,186.32217917095173
RESTRAIN,300.0,False,RESTRAIN,0.24529522377253843,0.0,0.330975766646043,262.7030298267678
RESTRAIN,300.0,False,RESTRAIN,0.2755934355757227,0.0,0.7512300598686182,239.03462728422065
RESTRAIN,300.0,True,RESTRAIN,0.2952197572061107,0.0,0.8247602067854876,251.8789979408762
RESTRAIN,300.0,False,RESTRAIN,0.1221810782961017,0.0,0.7616856696959696,112.91478177325988
RESTRAIN,300.0,False,RESTRAIN,0.15490659656591665,0.0,0.7847288944790133,149.5260323067755
RESTRAIN,300.0,False,RESTRAIN,0.13355284692074587,0.0,0.8179290705605666,43.117073725741086
RESTRAIN,300.0,False,RESTRAIN,0.22002424317115887,0.0,0.18185727195686047,234.16999789972954
RESTRAIN,300.0,False,RESTRAIN,0.15514626298295897,0.0,0.4624889145147721,108.87761977290113
RESTRAIN,300.0,False,RESTRAIN,0.21685336862014326,0.0,0.48108626795969617,197.56530387577038
RESTRAIN,300.0,False,RESTRAIN,0.23875995159118402,0.0,0.4368824136958252,331.7485438486649
RESTRAIN,300.0,False,RESTRAIN,0.2836143398635519,0.0,0.7636396676122701,245.84909364948038
RESTRAIN,300.0,False,RESTRAIN,0.1725155761115017,0.0,0.2925350399133485,96.3598222047776
RESTRAIN,300.0,False,RESTRAIN,0.20574406198143358,0.0,0.14518233565723968,185.2729833445081
RESTRAIN,300.0,False,RESTRAIN,0.21902039700885023,0.0,0.24687055214972373,216.78367973930713
RESTRAIN,300.0,False,RESTRAIN,0.2254780413954679,0.0,0.1288148856121174,306.0552512072694
RESTRAIN,300.0,False,RESTRAIN,0.2528776865016905,0.0,0.36431104057399916,285.7540334590892
RESTRAIN,300.0,False,RESTRAIN,0.19745705738683328,0.0,0.10512998995211546,113.48484422976327
RESTRAIN,300.0,False,RESTRAIN,0.21805502015066736,0.0,0.07881818698687505,331.07098320516207
RESTRAIN,300.0,False,RESTRAIN,0.1654508157918546,0.0,0.4059047245609902,53.05967369088284
RESTRAIN,300.0,False,RESTRAIN,0.14245801625507115,0.0,0.541026673420816,99.39176400480778
RESTRAIN,300.0,False,RESTRAIN,0.19352533536420335,0.0,0.5468776912613771,12.19118617879355
RESTRAIN,300.0,False,RESTRAIN,0.19994489877936517,0.0,0.08305798792611079,112.05488166072107
RESTRAIN,300.0,False,RESTRAIN,0.14768658740039242,0.0,0.8744174553911931,149.05746196263271
RESTRAIN,300.0,False,RESTRAIN,0.1943169950902317,0.0,0.10957165982756478,86.87097419929755
RESTRAIN,300.0,False,RESTRAIN,0.2026552168729091,0.0,0.5944171178370178,4.540377691724182
RESTRAIN,300.0,False,RESTRAIN,0.19942055078787524,0.0,0.7997764471169309,3.7851375639284646
RESTRAIN,300.0,False,RESTRAIN,0.2555878233388923,0.0,0.7962894378848162,332.62776833440626
RESTRAIN,300.0,False,RESTRAIN,0.2610405461889096,0.0,0.46091606960352793,264.5302772700521
RESTRAIN,300.0,False,RESTRAIN,0.232643668358553,0.0,0.2497075211472013,251.422300951806
RESTRAIN,300.0,True,RESTRAIN,0.2974927987767586,0.0,0.7450825312482071,282.86420390898314
RESTRAIN,300.0,False,RESTRAIN,0.26445271547266,0.0,0.5513308165874665,249.90819385018136
RESTRAIN,300.0,False,RESTRAIN,0.1718234262876439,0.0,0.7119419351828457,22.124676601786053
RESTRAIN,300.0,False,RESTRAIN,0.23331714270653203,0.0,0.35999283044934166,333.2631361895673
RESTRAIN,300.0,False,RESTRAIN,0.1586021389965061,0.0,0.8220857940891414,154.37184167561566
RESTRAIN,300.0,False,RESTRAIN,0.17013209782100114,0.0,0.8366334022095752,163.23365099969828
RESTRAIN,300.0,False,RESTRAIN,0.26596174903922,0.0,0.6636123861403912,319.1650305812823
RESTRAIN,300.0,False,RESTRAIN,0.10438006708323255,0.0,0.8483101479588498,73.62106348706175
RESTRAIN,300.0,False,RESTRAIN,0.16288165625614803,0.0,0.40814838680586546,112.6150416441084
RESTRAIN,300.0,False,RESTRAIN,0.22984375945374558,0.0,0.17501725808048268,307.8042458597296
RESTRAIN,300.0,False,RESTRAIN,0.20755283218666842,0.0,0.590313641951817,187.0781369392242
RESTRAIN,300.0,False,RESTRAIN,0.17074199955467706,0.0,0.5880285804981651,151.25393875317556
RESTRAIN,300.0,False,RESTRAIN,0.22752842318612032,0.0,0.4421898231123007,343.6423965260417
RESTRAIN,300.0,False,RESTRAIN,0.23232637912037934,0.0,0.2345567056761025,319.93822547369604
RESTRAIN,300.0,False,RESTRAIN,0.25807322676787126,0.0,0.5619086574553877,319.46021646459656
RESTRAIN,300.0,False,RESTRAIN,0.18755321239732736,0.0,0.16270176485716475,76.39278615675548
RESTRAIN,300.0,False,RESTRAIN,0.28114249148506465,0.0,0.6779690580912148,303.8028955867613
RESTRAIN,300.0,False,RESTRAIN,0.27862682746586487,0.0,0.8161308293183885,236.40996293364162
RESTRAIN,300.0,False,RESTRAIN,0.22111252052309005,0.0,0.14995908527428684,248.94990704896432
RESTRAIN,300.0,False,RESTRAIN,0.1782180398151032,0.0,0.7382441748224347,17.219059479780874
RESTRAIN,300.0,False,RESTRAIN,0.20982836229050994,0.0,0.17862481532267252,200.0644315449876
RESTRAIN,300.0,False,RESTRAIN,0.15201982629472388,0.0,0.4503818571196181,78.68208662220528
RESTRAIN,300.0,False,RESTRAIN,0.2555190098315425,0.0,0.836321505285741,333.76169961745484
RESTRAIN,300.0,False,RESTRAIN,0.20656196696718676,0.0,0.07443964580736184,202.18777669165593
RESTRAIN,300.0,False,RESTRAIN,0.2091380218785952,0.0,0.08079004804903725,222.26035696465823
RESTRAIN,300.0,False,RESTRAIN,0.10038742679378121,0.0,0.8628511351875517,87.58257984528205
RESTRAIN,300.0,False,RESTRAIN,0.20006678902879294,0.0,0.14296441984156086,151.69540226343977
RESTRAIN,300.0,False,RESTRAIN,0.20893544919351503,0.0,0.3078428658562159,190.5845643263581
RESTRAIN,300.0,False,RESTRAIN,0.2579301945867334,0.0,0.4130946001869641,292.33446450790143
RESTRAIN,300.0,False,RESTRAIN,0.2034974040912304,0.0,0.006026381225353594,220.17122360570326
RESTRAIN,300.0,False,RESTRAIN,0.19329774463417793,0.0,0.16927235280159436,40.69321877331862
RESTRAIN,300.0,False,RESTRAIN,0.17347361961935304,0.0,0.7455648784106907,162.28122158403306
RESTRAIN,300.0,False,RESTRAIN,0.1535527190927085,0.0,0.46696845549087307,106.38818086791369
RESTRAIN,300.0,False,RESTRAIN,0.2116420185928516,0.0,0.3545081911340881,194.00969717368724
RESTRAIN,300.0,False,RESTRAIN,0.18738934310072553,0.0,0.6137727099559459,169.1406375332778
RESTRAIN,300.0,False,RESTRAIN,0.20498374792214424,0.0,0.2922922478218984,8.038118382811454
RESTRAIN,300.0,False,RESTRAIN,0.15939363848157884,0.0,0.3946846024826848,74.7060911643349
RESTRAIN,300.0,False,RESTRAIN,0.28688049117911707,0.0,0.8943537172656776,237.62840576371175
RESTRAIN,300.0,False,RESTRAIN,0.21908749776622916,0.0,0.6968575345541297,195.95850679949936
RESTRAIN,300.0,False,RESTRAIN,0.18710082450370324,0.0,0.4985759746235912,19.181279851073114
RESTRAIN,300.0,False,RESTRAIN,0.23162632221128598,0.0,0.474070914194711,215.16022879602153
RESTRAIN,300.0,False,RESTRAIN,0.1987817164489829,0.0,0.7598447630979575,181.17220516013677
RESTRAIN,300.0,False,RESTRAIN,0.15054685192813866,0.0,0.5407802544357517,54.07256084385595
RESTRAIN,300.0,False,RESTRAIN,0.21046057465636014,0.0,0.30535078926723497,0.7053359659812575
RESTRAIN,300.0,False,RESTRAIN,0.16954662994715042,0.0,0.3760125358193383,120.74984987990565
RESTRAIN,300.0,False,RESTRAIN,0.22904832304760137,0.0,0.1650507256673993,280.6895751661106
RESTRAIN,300.0,False,RESTRAIN,0.12340807559646927,0.0,0.8635685221417871,47.890855385665205
RESTRAIN,300.0,False,RESTRAIN,0.23637278906524029,0.0,0.5869856799814718,339.99540400877964
RESTRAIN,300.0,False,RESTRAIN,0.21259920819864708,0.0,0.35871337868225145,195.28325892968738
RESTRAIN,300.0,False,RESTRAIN,0.24707120569322827,0.0,0.32389912900222023,273.02216613274794
RESTRAIN,300.0,False,RESTRAIN,0.2222065528671523,0.0,0.8162930827035327,351.66748550807733
RESTRAIN,300.0,False,RESTRAIN,0.16831724135248427,0.0,0.32428399830641447,94.55454004390253
RESTRAIN,300.0,False,RESTRAIN,0.23651452622149183,0.0,0.6807283150074026,209.82864151076424
RESTRAIN,300.0,False,RESTRAIN,0.1303125419689063,0.0,0.7518836917907661,122.63656770765861
RESTRAIN,300.0,False,RESTRAIN,0.15169916848279363,0.0,0.818820305239366,30.436506705246472
RESTRAIN,300.0,False,RESTRAIN,0.24957736875981884,0.0,0.3357466689140937,285.66061103827786
RESTRAIN,300.0,False,RESTRAIN,0.20100676026899267,0.0,0.6887942129753388,4.351128972465355
RESTRAIN,300.0,False,RESTRAIN,0.23998430779813862,0.0,0.29419359015239743,312.7805861216224
RESTRAIN,300.0,True,RESTRAIN,0.30894625029962774,0.0,0.8496172127976783,286.03890799118125
RESTRAIN,300.0,False,RESTRAIN,0.20419592456278024,0.0,0.010044145516099223,229.82421701546934
RESTRAIN,300.0,False,RESTRAIN,0.23164909947294332,0.0,0.5131714045795939,212.81036906911675
RESTRAIN,300.0,False,RESTRAIN,0.2590070213612582,0.0,0.45895674320453633,304.43778306970836
RESTRAIN,300.0,False,RESTRAIN,0.17068585018784632,0.0,0.7898602297427482,20.053801869828693
RESTRAIN,300.0,False,RESTRAIN,0.23011532462834983,0.0,0.19468102675083276,265.1005175579538
RESTRAIN,300.0,False,RESTRAIN,0.1978366287961728,0.0,0.07855911115881742,64.95097925430248
RESTRAIN,300.0,False,RESTRAIN,0.1939593660961939,0.0,0.7617956062813702,7.327499806340714
RESTRAIN,300.0,False,RESTRAIN,0.17350912771523264,0.0,0.31509170588159086,112.42444038926352
RESTRAIN,300.0,False,RESTRAIN,0.17772285576858027,0.0,0.29242732277933786,117.7808304322648
RESTRAIN,300.0,False,RESTRAIN,0.1959525896286789,0.0,0.09477942071813435,69.34243598922224
RESTRAIN,300.0,True,RESTRAIN,0.2988694003480513,0.0,0.8280530211018314,255.90121386530456
RESTRAIN,300.0,False,RESTRAIN,0.22258702483988568,0.0,0.5696620466470407,201.20794352967755
RESTRAIN,300.0,False,RESTRAIN,0.24900639056520324,0.0,0.6229653988673572,331.2219856717898
RESTRAIN,300.0,True,RESTRAIN,0.30497114332612474,0.0,0.808144198227341,274.2092061164942
RESTRAIN,300.0,True,RESTRAIN,0.2937702213014871,0.0,0.7594690743474947,297.40676955130937
RESTRAIN,300.0,False,RESTRAIN,0.24243757751947792,0.0,0.406632483712784,324.90155386091277
RESTRAIN,300.0,False,RESTRAIN,0.22747230446856093,0.0,0.14379483738657156,290.28918977175823
RESTRAIN,300.0,False,RESTRAIN,0.1540089291212854,0.0,0.6050825123869944,42.52891623672208
RESTRAIN,300.0,False,RESTRAIN,0.1385945323372384,0.0,0.5856437077818093,66.77247369441544
RESTRAIN,300.0,False,RESTRAIN,0.20615819758062282,0.0,0.04237162652957273,144.6521596193021
RESTRAIN,300.0,False,RESTRAIN,0.12164058279004186,0.0,0.8094612112354429,119.54414730242264
RESTRAIN,300.0,False,RESTRAIN,0.2380663033896988,0.0,0.30171531733442714,318.75321723630515
RESTRAIN,300.0,False,RESTRAIN,0.20853740320589897,0.0,0.3859017727428265,188.71198883225907
RESTRAIN,300.0,False,RESTRAIN,0.25327833929068233,0.0,0.46240325598726784,315.3370579968113
RESTRAIN,300.0,False,RESTRAIN,0.14008974743201097,0.0,0.820817312767668,139.37812890273884
RESTRAIN,300.0,False,RESTRAIN,0.22422108892495374,0.0,0.15344088350684063,326.3430057464169
RESTRAIN,300.0,False,RESTRAIN,0.18974725216244004,0.0,0.33182081486540754,25.821924081585305
RESTRAIN,300.0,False,RESTRAIN,0.1866481636503906,0.0,0.4512064555524867,160.39715721645013
RESTRAIN,300.0,False,RESTRAIN,0.27426009338301793,0.0,0.8927088538077256,324.40584556229123
RESTRAIN,300.0,False,RESTRAIN,0.19034124496455618,0.0,0.3957759424116542,161.86539955970662
RESTRAIN,300.0,False,RESTRAIN,0.24905274442826064,0.0,0.35868403096467544,263.76909467041986
RESTRAIN,300.0,False,RESTRAIN,0.12769643665971087,0.0,0.8415241295522986,129.91560188348114
RESTRAIN,300.0,False,RESTRAIN,0.2757808215091393,0.0,0.5953453751638598,298.51566179018613
RESTRAIN,300.0,False,RESTRAIN,0.21524738533752963,0.0,0.1472168354268836,227.30893796512973
RESTRAIN,300.0,False,RESTRAIN,0.22921753975204184,0.0,0.15822167538978327,292.26908618440785
RESTRAIN,300.0,False,RESTRAIN,0.21424274435748358,0.0,0.5800074172051365,193.135344223893
RESTRAIN,300.0,False,RESTRAIN,0.23855957035531772,0.0,0.42034981153506606,229.5411927151856
RESTRAIN,300.0,False,RESTRAIN,0.2047275379233403,0.0,0.0080712510511319,190.31578709341508
RESTRAIN,300.0,False,RESTRAIN,0.21990075954633426,0.0,0.40373287290922416,204.23232511895284
RESTRAIN,300.0,True,RESTRAIN,0.2940818028332167,0.0,0.8457257792995945,248.10006368754952
RESTRAIN,300.0,False,RESTRAIN,0.14670914192649265,0.0,0.6726409968421864,43.50512504082585
RESTRAIN,300.0,True,RESTRAIN,0.26889337064157426,0.0,0.5027422582227844,276.68779045669356
RESTRAIN,300.0,False,RESTRAIN,0.19246748393407986,0.0,0.1756765038944271,127.87473722415365
RESTRAIN,300.0,False,RESTRAIN,0.20751092353707756,0.0,0.3020760549967565,4.528421849775279
RESTRAIN,300.0,False,RESTRAIN,0.2793825863819389,0.0,0.8969753548233669,231.7229484674027
RESTRAIN,300.0,False,RESTRAIN,0.2441120100780908,0.0,0.5931482967498141,220.91036955824478
RESTRAIN,300.0,False,RESTRAIN,0.23542294273639963,0.0,0.2486588193579851,261.29564972018136
RESTRAIN,300.0,False,RESTRAIN,0.2092796587293202,0.0,0.6641917535469931,359.3948854596734
RESTRAIN,300.0,False,RESTRAIN,0.20459031969171682,0.0,0.0822283841884205,166.12164251436835
RESTRAIN,300.0,False,RESTRAIN,0.2189293079786785,0.0,0.3335241348480213,350.3960426665641
RESTRAIN,300.0,False,RESTRAIN,0.21348399413054941,0.0,0.20621773949246172,208.0012526155925
RESTRAIN,300.0,False,RESTRAIN,0.13027308229186352,0.0,0.8064072763502166,128.83573003011853
RESTRAIN,300.0,False,RESTRAIN,0.2717006194924807,0.0,0.6616309624766236,244.0043387654471
RESTRAIN,300.0,False,RESTRAIN,0.1537307010640424,0.0,0.44774987607204136,70.72373484124599
RESTRAIN,300.0,False,RESTRAIN,0.22170481871839165,0.0,0.36702010791366657,347.8651603601746
RESTRAIN,300.0,False,RESTRAIN,0.1674914600681675,0.0,0.7727284786909489,158.78075437749493
RESTRAIN,300.0,False,RESTRAIN,0.20924008862853505,0.0,0.17588852155402476,3.8273228277250837
RESTRAIN,300.0,False,RESTRAIN,0.20985377732736965,0.0,0.0672865252361829,235.917182134773
RESTRAIN,300.0,False,RESTRAIN,0.13810702376383466,0.0,0.7665937041498406,43.31890385555597
RESTRAIN,300.0,False,RESTRAIN,0.15299584753918316,0.0,0.7708465075248452,32.00971441938747
RESTRAIN,300.0,False,RESTRAIN,0.20615651813506108,0.0,0.21876878821338372,8.479606080180716
RESTRAIN,300.0,False,RESTRAIN,0.22820623497140924,0.0,0.1757554435503436,317.8683868415862
RESTRAIN,300.0,False,RESTRAIN,0.18997040913591645,0.0,0.6491764553048004,12.124050832141705
RESTRAIN,300.0,False,RESTRAIN,0.207164589336836,0.0,0.12904665477433144,193.3928173461253
RESTRAIN,300.0,False,RESTRAIN,0.19646394620578433,0.0,0.559755897300767,176.19711274269136
RESTRAIN,300.0,False,RESTRAIN,0.2536003435053704,0.0,0.6311111534295736,327.97366387282284
RESTRAIN,300.0,False,RESTRAIN,0.24936697068197444,0.0,0.5597819562000076,328.01135216762486
RESTRAIN,300.0,False,RESTRAIN,0.23597743217114353,0.0,0.384235536307799,331.5174632701494
RESTRAIN,300.0,False,RESTRAIN,0.15236304846766835,0.0,0.7345599456536697,144.00102625266666
RESTRAIN,300.0,False,RESTRAIN,0.1808319359458711,0.0,0.836985122533084,170.46058737562385
RESTRAIN,300.0,False,RESTRAIN,0.280593667688387,0.0,0.6351378134942146,297.24070930269374
RESTRAIN,300.0,False,RESTRAIN,0.17378869068186853,0.0,0.37705612763035345,43.25692374901437
RESTRAIN,300.0,False,RESTRAIN,0.12901331534549176,0.0,0.8961311859466259,41.19058637674946
RESTRAIN,300.0,False,RESTRAIN,0.23694110741560281,0.0,0.4044742565635509,331.8220786487403
RESTRAIN,300.0,False,RESTRAIN,0.2075040136633678,0.0,0.10463708310668128,10.596199657339934
RESTRAIN,300.0,False,RESTRAIN,0.19587973328522024,0.0,0.16432400361506402,137.83457507307003
RESTRAIN,300.0,False,RESTRAIN,0.16970512300267726,0.0,0.31314999339320276,70.1806404356351
RESTRAIN,300.0,False,RESTRAIN,0.19813360769116384,0.0,0.15400499904452264,30.23514820344651
RESTRAIN,300.0,False,RESTRAIN,0.22333920644281147,0.0,0.7004631947419296,350.5925161076967
RESTRAIN,300.0,False,RESTRAIN,0.20543124753734576,0.0,0.012695128943792178,59.74282139798768
RESTRAIN,300.0,False,RESTRAIN,0.18826985634888582,0.0,0.3652949702628458,155.51094812182492
RESTRAIN,300.0,False,RESTRAIN,0.10990171840774776,0.0,0.7903863869773062,92.22210157272528
RESTRAIN,300.0,False,RESTRAIN,0.20481921850691986,0.0,0.10596306130393328,176.82105473967644
RESTRAIN,300.0,True,RESTRAIN,0.2707314186219153,0.0,0.5184754368797894,276.0819134242459
RESTRAIN,300.0,False,RESTRAIN,0.28191794572956896,0.0,0.8404640859370143,237.49810053283417
RESTRAIN,300.0,False,RESTRAIN,0.20640583105346266,0.0,0.06443669108316256,205.8299169088629
RESTRAIN,300.0,False,RESTRAIN,0.20542809963617503,0.0,0.31475318349254056,183.84525385553073
RESTRAIN,300.0,False,RESTRAIN,0.20385832539149562,0.0,0.03389559000063458,47.4667363826818
RESTRAIN,300.0,False,RESTRAIN,0.16319927171426307,0.0,0.6139748924413981,144.90131740723336
RESTRAIN,300.0,False,RESTRAIN,0.23944524246513177,0.0,0.37574938249854195,325.8957427807634
RESTRAIN,300.0,True,RESTRAIN,0.3048878452756192,0.0,0.8525892464510219,295.38829641409563
RESTRAIN,300.0,False,RESTRAIN,0.17518107685105266,0.0,0.6221609413129875,23.30630944996138
RESTRAIN,300.0,False,RESTRAIN,0.26819034402127284,0.0,0.5417465153146669,302.559631606012
RESTRAIN,300.0,False,RESTRAIN,0.29967054196878196,0.0,0.8192900907591352,298.0939110656645
RESTRAIN,300.0,False,RESTRAIN,0.2243051266606777,0.0,0.11669604937652009,288.7058936993062
RESTRAIN,300.0,True,RESTRAIN,0.2898889358609169,0.0,0.7051004815350795,293.3325451939429
RESTRAIN,300.0,False,RESTRAIN,0.21792180650860038,0.0,0.6568242553051016,353.8922466517345
RESTRAIN,300.0,False,RESTRAIN,0.18067812420584062,0.0,0.6059258696855566,19.873989128475582
RESTRAIN,300.0,False,RESTRAIN,0.16066543613429052,0.0,0.5742691013366066,138.16970114471007
RESTRAIN,300.0,False,RESTRAIN,0.2151825946852668,0.0,0.11193569996294721,348.6375518449912
RESTRAIN,300.0,False,RESTRAIN,0.2239184698301364,0.0,0.7326390372237451,198.96081727568827
RESTRAIN,300.0,False,RESTRAIN,0.26384939920740547,0.0,0.5716386584344505,245.62697483059617
RESTRAIN,300.0,False,RESTRAIN,0.14283250697592265,0.0,0.69432568111808,130.2678778979203
RESTRAIN,300.0,False,RESTRAIN,0.1109485283838676,0.0,0.7884810784149817,76.28373368034482
RESTRAIN,300.0,False,RESTRAIN,0.21915728914397858,0.0,0.48818338580654025,352.23335725313166
RESTRAIN,300.0,False,RESTRAIN,0.12608948965331845,0.0,0.8611967132259861,130.1947858122726
RESTRAIN,300.0,False,RESTRAIN,0.2073677865024639,0.0,0.09828124236183068,201.912164824397
RESTRAIN,300.0,False,RESTRAIN,0.20758597954390923,0.0,0.003634078860976675,87.77331728433677
RESTRAIN,300.0,False,RESTRAIN,0.2199919550370263,0.0,0.2969492527242524,348.10244604296906
RESTRAIN,300.0,False,RESTRAIN,0.18417365255806173,0.0,0.19489508530201058,93.02896727360387
RESTRAIN,300.0,False,RESTRAIN,0.24469536686208015,0.0,0.4982489003470248,329.0203179338717
RESTRAIN,300.0,False,RESTRAIN,0.17899612857789882,0.0,0.2522658567857949,105.0515314957628
RESTRAIN,300.0,False,RESTRAIN,0.23638172664511525,0.0,0.6193238727403372,340.8932138669983
RESTRAIN,300.0,False,RESTRAIN,0.12933179919875004,0.0,0.8507956540227942,132.2394895384471
RESTRAIN,300.0,False,RESTRAIN,0.27374953690029835,0.0,0.6923308178946112,313.94175868742036
RESTRAIN,300.0,False,RESTRAIN,0.22639441304995223,0.0,0.3782266664693302,215.93694387369825
RESTRAIN,300.0,False,RESTRAIN,0.13023584801796462,0.0,0.886952643993537,40.97661114222304
RESTRAIN,300.0,False,RESTRAIN,0.12642914854252174,0.0,0.694064147190088,106.42366394207191
RESTRAIN,300.0,True,RESTRAIN,0.29550945040054544,0.0,0.7297934240104884,273.9195360720558
RESTRAIN,300.0,False,RESTRAIN,0.22229208065480754,0.0,0.18427414183838103,240.31356809698877
RESTRAIN,300.0,False,RESTRAIN,0.14871013297732127,0.0,0.6182095192572984,128.19527223371895
RESTRAIN,300.0,False,RESTRAIN,0.1994379068413491,0.0,0.06357183526430753,70.32435777169107
RESTRAIN,300.0,False,RESTRAIN,0.23490834219788292,0.0,0.21177847210059803,298.3797742390719
RESTRAIN,300.0,False,RESTRAIN,0.2043057645798868,0.0,0.014794016054891312,224.05824342994083
RESTRAIN,300.0,False,RESTRAIN,0.2701922137505004,0.0,0.6347125284506734,245.50730720733517
RESTRAIN,300.0,False,RESTRAIN,0.20613329838418704,0.0,0.018851599682760446,172.46405077985662
RESTRAIN,300.0,False,RESTRAIN,0.16901340193380765,0.0,0.4042590986581297,126.12270986537443
RESTRAIN,300.0,False,RESTRAIN,0.15942379532060014,0.0,0.5839806181596572,137.6098263273748
RESTRAIN,300.0,False,RESTRAIN,0.20301627785268594,0.0,0.2744959999751655,11.20022272134368
RESTRAIN,300.0,False,RESTRAIN,0.22717314813789946,0.0,0.3305523989483706,339.75469358856446
RESTRAIN,300.0,False,RESTRAIN,0.13580647895319964,0.0,0.781343107954737,131.95665572973664
RESTRAIN,300.0,False,RESTRAIN,0.1868894901414695,0.0,0.8112717375692037,173.86887337621778
RESTRAIN,300.0,False,RESTRAIN,0.1334396563531548,0.0,0.7728300522244456,128.57618769274418
RESTRAIN,300.0,False,RESTRAIN,0.1425588280477733,0.0,0.6749409880491,127.86697688824997
RESTRAIN,300.0,False,RESTRAIN,0.23095487329337028,0.0,0.24977641730908814,246.82119725967902
RESTRAIN,300.0,False,RESTRAIN,0.21073750247919487,0.0,0.06720942256821268,241.3281780160148
RESTRAIN,300.0,False,RESTRAIN,0.26083602502356884,0.0,0.43982584033305716,291.68100603581934
RESTRAIN,300.0,False,RESTRAIN,0.15842533764493572,0.0,0.8319536597193816,25.844975789287297
RESTRAIN,300.0,False,RESTRAIN,0.2310807555417107,0.0,0.20103627879475397,314.661127984171
RESTRAIN,300.0,False,RESTRAIN,0.21916068001184075,0.0,0.18859445079316092,344.4055925523228
RESTRAIN,300.0,False,RESTRAIN,0.2142958837118225,0.0,0.7016839221890465,356.07821938893454
RESTRAIN,300.0,False,RESTRAIN,0.1572289477871821,0.0,0.5327893678223445,46.36511721815457
RESTRAIN,300.0,False,RESTRAIN,0.200013824796219,0.0,0.3638698886508871,175.2110516067406
RESTRAIN,300.0,False,RESTRAIN,0.2458008513128941,0.0,0.7764032477428082,338.0554464573506
RESTRAIN,300.0,True,RESTRAIN,0.27092528731920873,0.0,0.524275437308155,273.2171400509593
RESTRAIN,300.0,False,RESTRAIN,0.1656313296888665,0.0,0.8282407956050559,21.672450503969422
RESTRAIN,300.0,False,RESTRAIN,0.2429651886772316,0.0,0.3313352214578624,313.3095898788172
RESTRAIN,300.0,False,RESTRAIN,0.25408133593884685,0.0,0.3996679519715697,301.87641128689665
RESTRAIN,300.0,False,RESTRAIN,0.21741350564667328,0.0,0.0668731601872816,280.8604910157806
RESTRAIN,300.0,False,RESTRAIN,0.18662892463842795,0.0,0.33092047993206264,148.26132920714772
RESTRAIN,300.0,False,RESTRAIN,0.21655928956183335,0.0,0.1617428440740654,227.62608352938702
RESTRAIN,300.0,False,RESTRAIN,0.20945914552948353,0.0,0.029548896164716267,257.7322800675471
RESTRAIN,300.0,False,RESTRAIN,0.1918388192399798,0.0,0.2301857154165468,142.79389539951538
RESTRAIN,300.0,False,RESTRAIN,0.2619166249889985,0.0,0.44156397522523305,282.2400816137756
RESTRAIN,300.0,False,RESTRAIN,0.18141328475755159,0.0,0.22262198352820498,98.38356819546456
RESTRAIN,300.0,False,RESTRAIN,0.19564582181814438,0.0,0.09817974517535573,66.1082965831221
RESTRAIN,300.0,False,RESTRAIN,0.25178273843822774,0.0,0.40638063387234724,309.2037692798761
RESTRAIN,300.0,False,RESTRAIN,0.1957666799451666,0.0,0.13306258878930213,122.15561472344109
RESTRAIN,300.0,False,RESTRAIN,0.20554321632000205,0.0,0.07739389136834776,20.437832561239983
RESTRAIN,300.0,False,RESTRAIN,0.30303643971550565,0.0,0.8641643897768895,299.7710326448907
RESTRAIN,300.0,False,RESTRAIN,0.26016964494119776,0.0,0.42836064429454496,287.64562600599186
RESTRAIN,300.0,True,RESTRAIN,0.2936700436460725,0.0,0.7220946099675017,288.8605651686934
RESTRAIN,300.0,False,RESTRAIN,0.1937434610757861,0.0,0.15370565208058948,122.71810281735559
RESTRAIN,300.0,False,RESTRAIN,0.2296759414731614,0.0,0.4153948947796431,217.16967233783066
RESTRAIN,300.0,False,RESTRAIN,0.20972787313643448,0.0,0.08093216267055416,5.009588363484814
RESTRAIN,300.0,False,RESTRAIN,0.2099833884154102,0.0,0.3706206659432532,0.8227105615429542
RESTRAIN,300.0,False,RESTRAIN,0.11585600779013139,0.0,0.7437597962969328,93.33588635003687
RESTRAIN,300.0,False,RESTRAIN,0.2100077843295164,0.0,0.803472865293954,189.11078215017193
RESTRAIN,300.0,False,RESTRAIN,0.23180046980969427,0.0,0.4671054872940469,216.1135477010012
RESTRAIN,300.0,False,RESTRAIN,0.18256845545130485,0.0,0.25776205217819337,48.02413569048104
RESTRAIN,300.0,False,RESTRAIN,0.27255739821171465,0.0,0.6601222774921063,312.35868856671397
RESTRAIN,300.0,False,RESTRAIN,0.22889575020473896,0.0,0.5750355453016537,345.4387844512963
RESTRAIN,300.0,False,RESTRAIN,0.16996401513159487,0.0,0.4234288899430748,42.916375448117975
RESTRAIN,300.0,False,RESTRAIN,0.25859006918977323,0.0,0.42782718272388415,296.58882297098165
RESTRAIN,300.0,False,RESTRAIN,0.2342825969782869,0.0,0.44389277795191323,221.12564258206183
RESTRAIN,300.0,False,RESTRAIN,0.20406534971731927,0.0,0.3053180436819436,180.86339371375362
RESTRAIN,300.0,False,RESTRAIN,0.19840511227888324,0.0,0.46707370966231604,176.062863079079
RESTRAIN,300.0,False,RESTRAIN,0.21393974348668177,0.0,0.051636516676940684,269.94065785958907
RESTRAIN,300.0,False,RESTRAIN,0.14478893754762323,0.0,0.5131654423167802,75.20946783315313
RESTRAIN,300.0,False,RESTRAIN,0.23307504957659964,0.0,0.44658414631412685,219.22517171310272
RESTRAIN,300.0,False,RESTRAIN,0.16146399422264446,0.0,0.378506394110888,94.08727371597683
RESTRAIN,300.0,False,RESTRAIN,0.1887091880382421,0.0,0.29159430817426346,30.658306023680204
RESTRAIN,300.0,False,RESTRAIN,0.22014407695118843,0.0,0.5596023067237587,199.03669906268172
RESTRAIN,300.0,False,RESTRAIN,0.1547348514141137,0.0,0.43647776839399216,96.69881762556233
RESTRAIN,300.0,False,RESTRAIN,0.21836140489188116,0.0,0.09075566149281655,267.35538481124587
RESTRAIN,300.0,False,RESTRAIN,0.23395146526561628,0.0,0.3370074193716954,234.14861099523532
RESTRAIN,300.0,False,RESTRAIN,0.1990206262932751,0.0,0.06885485256863803,80.75607046128243
RESTRAIN,300.0,False,RESTRAIN,0.2453253922440055,0.0,0.34125247170436396,310.1624837374085
RESTRAIN,300.0,False,RESTRAIN,0.1608254378570787,0.0,0.4795487090387266,124.91949202582207
RESTRAIN,300.0,False,RESTRAIN,0.245268626073479,0.0,0.3519260668627972,255.25917069670103
RESTRAIN,300.0,False,RESTRAIN,0.17065045553365232,0.0,0.30746701871299076,96.23643404557724
RESTRAIN,300.0,False,RESTRAIN,0.17700016253340733,0.0,0.25303436288317804,70.77587194787394
RESTRAIN,300.0,False,RESTRAIN,0.2455559707491387,0.0,0.3435952530984142,309.6982793697809
RESTRAIN,300.0,False,RESTRAIN,0.21721539112382238,0.0,0.062379629328430754,330.71951550763924
RESTRAIN,300.0,False,RESTRAIN,0.11909449232085623,0.0,0.8945106773793121,126.73829572417034
RESTRAIN,300.0,False,RESTRAIN,0.15243044867027544,0.0,0.4998052231750807,113.38932366182972
RESTRAIN,300.0,False,RESTRAIN,0.2687068556715033,0.0,0.5725581751464697,252.92358306870827
RESTRAIN,300.0,False,RESTRAIN,0.18728731531050857,0.0,0.16482658702958342,81.85107877647523
RESTRAIN,300.0,False,RESTRAIN,0.2884500802408171,0.0,0.8310642855020536,311.1141993552589
RESTRAIN,300.0,False,RESTRAIN,0.2059589601045505,0.0,0.5140476278063708,3.0653559521475726
RESTRAIN,300.0,False,RESTRAIN,0.16980777095206268,0.0,0.37293654850589936,51.16441734632419
RESTRAIN,300.0,False,RESTRAIN,0.14958840163195763,0.0,0.6418926244709152,43.45295506471636
RESTRAIN,300.0,False,RESTRAIN,0.17877979804372812,0.0,0.27391534950576646,114.41650218931225
RESTRAIN,300.0,False,RESTRAIN,0.28853487442821457,0.0,0.8411766191595285,311.81080821263816
RESTRAIN,300.0,False,RESTRAIN,0.21626841069031444,0.0,0.15238271197613842,230.40341791870182
RESTRAIN,300.0,False,RESTRAIN,0.14558325100901048,0.0,0.7497994587606871,38.69013365306848
RESTRAIN,300.0,False,RESTRAIN,0.15140229382299064,0.0,0.8699474842798146,28.41020978390212
RESTRAIN,300.0,False,RESTRAIN,0.15578605155828817,0.0,0.4425683315493319,103.83569791973623
RESTRAIN,300.0,False,RESTRAIN,0.25949398182112315,0.0,0.7889939095443651,223.13967451417406
RESTRAIN,300.0,False,RESTRAIN,0.20698048751298248,0.0,0.06440655940742636,213.7530167057584
RESTRAIN,300.0,False,RESTRAIN,0.15943843749706177,0.0,0.5585300242932766,41.120224368042905
RESTRAIN,300.0,False,RESTRAIN,0.24673706563458497,0.0,0.320609368676749,273.887678175414
RESTRAIN,300.0,False,RESTRAIN,0.2299427859507961,0.0,0.32788023711127157,227.61542265734155
RESTRAIN,300.0,False,RESTRAIN,0.21665673685244347,0.0,0.4053269945655709,353.9002389410507
RESTRAIN,300.0,False,RESTRAIN,0.21950386048951676,0.0,0.5370987394722441,198.9342824905611
RESTRAIN,300.0,False,RESTRAIN,0.1487789838682948,0.0,0.554412155408958,117.83656579540951
RESTRAIN,300.0,False,RESTRAIN,0.18529773398736848,0.0,0.25044535802118373,42.966525568907336
RESTRAIN,300.0,False,RESTRAIN,0.23424680219504057,0.0,0.34555136557442373,330.876179705387
RESTRAIN,300.0,False,RESTRAIN,0.20302088892531622,0.0,0.22457363020214127,13.561091594065484
RESTRAIN,300.0,False,RESTRAIN,0.1518524321346998,0.0,0.5692862678126858,125.5420714683354
RESTRAIN,300.0,False,RESTRAIN,0.20605117888609736,0.0,0.0918313500503444,191.06598922243626
RESTRAIN,300.0,False,RESTRAIN,0.21943852920500173,0.0,0.38121703403276147,205.12489827455659
RESTRAIN,300.0,False,RESTRAIN,0.24452781466137608,0.0,0.8806386394808283,209.63649776520344
RESTRAIN,300.0,True,RESTRAIN,0.30759798885417544,0.0,0.8899004872990118,258.1633326109331
RESTRAIN,300.0,False,RESTRAIN,0.1637441601137246,0.0,0.4661669280744309,46.19590214209562
RESTRAIN,300.0,False,RESTRAIN,0.23177781244206253,0.0,0.22271400879240014,258.96467888507493
RESTRAIN,300.0,False,RESTRAIN,0.25446192948388324,0.0,0.5251463385772414,320.22623688522674
RESTRAIN,300.0,False,RESTRAIN,0.1983737857603758,0.0,0.43961470707374506,10.960870417010526
RESTRAIN,300.0,False,RESTRAIN,0.20854565909842748,0.0,0.03823803950107192,12.890742529102956
RESTRAIN,300.0,False,RESTRAIN,0.2115984462663144,0.0,0.8901852240891307,356.89682261306217
RESTRAIN,300.0,False,RESTRAIN,0.1758308269039296,0.0,0.2944505256203716,112.29930508534667
RESTRAIN,300.0,False,RESTRAIN,0.19311421430009013,0.0,0.3593516735324037,163.8226881562815
RESTRAIN,300.0,False,RESTRAIN,0.1560058426832467,0.0,0.46220492454255363,111.62252981493648
RESTRAIN,300.0,False,RESTRAIN,0.22713874879032458,0.0,0.7923329529049612,200.3351923046514
RESTRAIN,300.0,True,RESTRAIN,0.2869286927383886,0.0,0.7192076368121717,256.1333592082305
RESTRAIN,300.0,False,RESTRAIN,0.23039637839311056,0.0,0.18499513154633754,273.58195370702936
RESTRAIN,300.0,False,RESTRAIN,0.14571759385800076,0.0,0.6448016773833394,127.93997244152905
RESTRAIN,300.0,False,RESTRAIN,0.11053902876946298,0.0,0.7871082402398636,93.80768233339963
RESTRAIN,300.0,False,RESTRAIN,0.21934851615739148,0.0,0.6428375244633765,196.78751927400594
RESTRAIN,300.0,False,RESTRAIN,0.19910830281463543,0.0,0.12526589124954357,138.33181533945137
RESTRAIN,300.0,False,RESTRAIN,0.23946448394168474,0.0,0.48500865235341944,223.96016727247004
RESTRAIN,300.0,False,RESTRAIN,0.2535476418844149,0.0,0.7547021414928718,220.1594125574059
RESTRAIN,300.0,False,RESTRAIN,0.2269893033591257,0.0,0.1760553738219411,322.00309956545874
RESTRAIN,300.0,False,RESTRAIN,0.2083276421909558,0.0,0.4846835647668557,1.388342143617578
RESTRAIN,300.0,False,RESTRAIN,0.16036797735767971,0.0,0.6025954396141826,36.665349983989024
RESTRAIN,300.0,True,RESTRAIN,0.27726748305269366,0.0,0.5718329830866995,283.2295322943936
RESTRAIN,300.0,False,RESTRAIN,0.20837208198974022,0.0,0.0959436347252553,210.0815832356241
RESTRAIN,300.0,False,RESTRAIN,0.1965477404048086,0.0,0.24971023857151406,22.502171436930503
RESTRAIN,300.0,False,RESTRAIN,0.2340993256924686,0.0,0.49691957400604514,339.32058038893143
RESTRAIN,300.0,False,RESTRAIN,0.2205503860928475,0.0,0.18788688248072208,234.14557724281303
RESTRAIN,300.0,False,RESTRAIN,0.201096577267603,0.0,0.30034084505475267,174.9583922949845
RESTRAIN,300.0,False,RESTRAIN,0.2537455389985571,0.0,0.37356871041095585,280.65096136106484
RESTRAIN,300.0,False,RESTRAIN,0.20380498406358705,0.0,0.01226160117206052,214.56543685785752
RESTRAIN,300.0,False,RESTRAIN,0.1683872352935749,0.0,0.4593806528828805,134.38687280397858
RESTRAIN,300.0,False,RESTRAIN,0.10262464809089855,0.0,0.8952809068607093,106.78859705377745
RESTRAIN,300.0,False,RESTRAIN,0.19263151838457926,0.0,0.3674410573458602,163.23474767130443
RESTRAIN,300.0,False,RESTRAIN,0.20055010290080277,0.0,0.2468685524673083,171.0886542144513
RESTRAIN,300.0,False,RESTRAIN,0.23174296001897665,0.0,0.22769584802318685,256.3314890592863
RESTRAIN,300.0,False,RESTRAIN,0.19389293216567383,0.0,0.4636569881368513,170.28101725065207
RESTRAIN,300.0,False,RESTRAIN,0.20379337333285097,0.0,0.4104093943655827,6.603178527465023
RESTRAIN,300.0,False,RESTRAIN,0.28524677742418103,0.0,0.7757866359500049,246.47435737465338
RESTRAIN,300.0,False,RESTRAIN,0.1757546350832654,0.0,0.5753202676625409,25.058909714281278
RESTRAIN,300.0,False,RESTRAIN,0.2489893076004399,0.0,0.3587869352320553,304.67908802757654
RESTRAIN,300.0,False,RESTRAIN,0.24470513345050493,0.0,0.3471721799314453,254.9793683976295
RESTRAIN,300.0,False,RESTRAIN,0.23271789023825162,0.0,0.49247153160464896,215.22246249551927
RESTRAIN,300.0,False,RESTRAIN,0.198597416077548,0.0,0.2280312572063408,163.49727460231438
RESTRAIN,300.0,False,RESTRAIN,0.16426301284619438,0.0,0.3805610460568096,61.95979898776322
RESTRAIN,300.0,False,RESTRAIN,0.22732937999159486,0.0,0.2565360981857323,235.79858999452682
RESTRAIN,300.0,False,RESTRAIN,0.16909964818557544,0.0,0.463919582473663,39.41788189222768
RESTRAIN,300.0,False,RESTRAIN,0.2345642660487237,0.0,0.4919421365090158,217.63648029210887
RESTRAIN,300.0,False,RESTRAIN,0.11846118581271436,0.0,0.7621283343652209,66.00184516156106
RESTRAIN,300.0,False,RESTRAIN,0.21697977796946322,0.0,0.22605944241904966,214.8733823617802
RESTRAIN,300.0,False,RESTRAIN,0.1213899052074019,0.0,0.814252437532085,54.41736197393093
RESTRAIN,300.0,False,RESTRAIN,0.17246894273631797,0.0,0.4817415125812059,34.013601520331626
RESTRAIN,300.0,False,RESTRAIN,0.18642425223890302,0.0,0.6541501330997785,169.5134537540304
RESTRAIN,300.0,False,RESTRAIN,0.26750347441966305,0.0,0.5505044206393506,255.51135919120367
RESTRAIN,300.0,False,RESTRAIN,0.11488814562321292,0.0,0.7461349775321361,85.84346111252235
RESTRAIN,300.0,False,RESTRAIN,0.19901420375738088,0.0,0.5968257079890182,179.17413152244384
RESTRAIN,300.0,False,RESTRAIN,0.21176354695315136,0.0,0.009966178672075476,287.59717627786006
RESTRAIN,300.0,False,RESTRAIN,0.21383199365424133,0.0,0.3512477611528699,197.79697276796753
RESTRAIN,300.0,False,RESTRAIN,0.25130612891057236,0.0,0.8445278038841266,214.96660027150085
RESTRAIN,300.0,False,RESTRAIN,0.15722378556781358,0.0,0.4063073365287841,79.25734296571947
RESTRAIN,300.0,False,RESTRAIN,0.13836034435129285,0.0,0.745546175746471,44.81967471290556
RESTRAIN,300.0,False,RESTRAIN,0.12551679592897969,0.0,0.7820638211442972,53.655281143040035
RESTRAIN,300.0,False,RESTRAIN,0.21849558614919584,0.0,0.2993201645077911,350.20947956863347
RESTRAIN,300.0,False,RESTRAIN,0.1541820986243736,0.0,0.7719522381318509,31.182574852144327
RESTRAIN,300.0,False,RESTRAIN,0.1715944959470448,0.0,0.33969149607852145,54.54250899507909
RESTRAIN,300.0,False,RESTRAIN,0.20444008551567283,0.0,0.022824386108976438,74.04984887870982
RESTRAIN,300.0,True,RESTRAIN,0.28346947224818864,0.0,0.6249667331190584,283.66041910958955
RESTRAIN,300.0,False,RESTRAIN,0.15151216806770784,0.0,0.7382603535515923,143.26327978166566
RESTRAIN,300.0,False,RESTRAIN,0.2577699408104859,0.0,0.4064467639805668,284.7226506929776
RESTRAIN,300.0,False,RESTRAIN,0.19905840995367763,0.0,0.1560684261540587,150.8140116434159
RESTRAIN,300.0,True,RESTRAIN,0.27471059235769,0.0,0.5537563039760438,286.10448146296505
RESTRAIN,300.0,False,RESTRAIN,0.2622791195329661,0.0,0.6644311235007828,322.37002588935076
RESTRAIN,300.0,False,RESTRAIN,0.1802795859970333,0.0,0.5893352570624137,161.02641970407856
RESTRAIN,300.0,False,RESTRAIN,0.21491349925381997,0.0,0.32021337611535494,355.09221173668334
RESTRAIN,300.0,False,RESTRAIN,0.23012053520708198,0.0,0.3314964591997471,335.84803848543373
RESTRAIN,300.0,False,RESTRAIN,0.20314632749790618,0.0,0.49418768149141284,5.52894674217606
RESTRAIN,300.0,False,RESTRAIN,0.21050100574411734,0.0,0.17405430788614137,203.09106022369699
RESTRAIN,300.0,False,RESTRAIN,0.27397299855684776,0.0,0.7615588076472184,236.56400076850443
RESTRAIN,300.0,False,RESTRAIN,0.2220460156293117,0.0,0.09208714116776714,303.53915121501444
RESTRAIN,300.0,False,RESTRAIN,0.24823954093799394,0.0,0.4378947115411527,242.40960083765708
RESTRAIN,300.0,True,RESTRAIN,0.2863629196955534,0.0,0.773495122013521,247.77039495470387
RESTRAIN,300.0,False,RESTRAIN,0.15167430342181298,0.0,0.476476197329788,104.27227906066071
RESTRAIN,300.0,True,RESTRAIN,0.2868004676887126,0.0,0.6848545085968897,295.3951664194657
RESTRAIN,300.0,False,RESTRAIN,0.19808787618909707,0.0,0.21561978564661607,22.78390816311992
RESTRAIN,300.0,False,RESTRAIN,0.24132965133676976,0.0,0.4009612232462264,236.6623448304226
RESTRAIN,300.0,False,RESTRAIN,0.12987133559174546,0.0,0.6417541052245894,72.72862254645082
RESTRAIN,300.0,True,RESTRAIN,0.30399403114302825,0.0,0.7994972059490006,275.6073537871361
RESTRAIN,300.0,True,RESTRAIN,0.27778640023130374,0.0,0.5787410609758635,284.4868901346891
RESTRAIN,300.0,False,RESTRAIN,0.1821006458945249,0.0,0.21848985454791614,62.922592778377165
RESTRAIN,300.0,False,RESTRAIN,0.22576681080782068,0.0,0.1316635333447581,285.6790707436833
RESTRAIN,300.0,False,RESTRAIN,0.2908338503089898,0.0,0.7573858396553009,301.4983945557072
RESTRAIN,300.0,False,RESTRAIN,0.18721426165580568,0.0,0.49863229976303336,19.091432631463423
RESTRAIN,300.0,False,RESTRAIN,0.1991358139283378,0.0,0.16548485604082372,154.8024129787341
RESTRAIN,300.0,False,RESTRAIN,0.15539194021412128,0.0,0.43710906209158945,69.37027292416013
RESTRAIN,300.0,False,RESTRAIN,0.1967824473487827,0.0,0.11369038417999282,45.50608289708539
RESTRAIN,300.0,False,RESTRAIN,0.2217747481074398,0.0,0.0946544838458198,289.2798216961494
RESTRAIN,300.0,False,RESTRAIN,0.11003210038870004,0.0,0.8279792320576702,105.54435396018336
RESTRAIN,300.0,False,RESTRAIN,0.24590073658741585,0.0,0.4901644548811326,231.83869752974124
RESTRAIN,300.0,False,RESTRAIN,0.21037955473145398,0.0,0.2240213658098679,1.325321329234188
RESTRAIN,300.0,False,RESTRAIN,0.15645361672417846,0.0,0.7931401103337015,28.603477782379393
RESTRAIN,300.0,False,RESTRAIN,0.26139761165016373,0.0,0.8989958141990917,219.68674243710183
RESTRAIN,300.0,False,RESTRAIN,0.13558871064754474,0.0,0.7957818187010847,133.29813655104587
RESTRAIN,300.0,False,RESTRAIN,0.26914146967899055,0.0,0.6728321745597262,316.6938399200658
RESTRAIN,300.0,False,RESTRAIN,0.14975840261736728,0.0,0.8658602175909367,29.60615673458474
RESTRAIN,300.0,False,RESTRAIN,0.21686950822834694,0.0,0.17764850764314077,224.55275367772634
RESTRAIN,300.0,True,RESTRAIN,0.2925743411712499,0.0,0.7899242606208158,253.0375205494346
RESTRAIN,300.0,False,RESTRAIN,0.22545877991608243,0.0,0.3228655266398738,220.03905484242367
RESTRAIN,300.0,False,RESTRAIN,0.20746644314898666,0.0,0.029014113577145017,245.05534464343043
RESTRAIN,300.0,False,RESTRAIN,0.20446076246781542,0.0,0.02914014824458716,89.75894478078882
RESTRAIN,300.0,False,RESTRAIN,0.2291424175424862,0.0,0.16905091563169294,276.18352915470217
RESTRAIN,300.0,False,RESTRAIN,0.22401855442493668,0.0,0.701539975199425,199.67701154451774
RESTRAIN,300.0,True,RESTRAIN,0.3047211239583121,0.0,0.8070045991780438,283.69561358894356
RESTRAIN,300.0,False,RESTRAIN,0.19704644528165882,0.0,0.1151660669020273,43.835316302070375
RESTRAIN,300.0,False,RESTRAIN,0.13601816387012433,0.0,0.7608443474508721,45.73045660479045
RESTRAIN,300.0,False,RESTRAIN,0.15528842830584788,0.0,0.679925192267069,142.3871087415181
RESTRAIN,300.0,False,RESTRAIN,0.20551390466175223,0.0,0.04700169032752001,140.3505588701948
RESTRAIN,300.0,False,RESTRAIN,0.1453248193891863,0.0,0.6582505962351276,46.24821735610346
RESTRAIN,300.0,False,RESTRAIN,0.20589704690864186,0.0,0.03454130791980902,29.233637640983957
RESTRAIN,300.0,False,RESTRAIN,0.19336814601395713,0.0,0.23632472816272676,29.079138133233986
RESTRAIN,300.0,False,RESTRAIN,0.18848386143714135,0.0,0.4778184599644026,18.856381230151396
RESTRAIN,300.0,False,RESTRAIN,0.18387668769131604,0.0,0.8183330432933053,11.932645596374112
RESTRAIN,300.0,False,RESTRAIN,0.2219539253986973,0.0,0.09481660890258421,290.792742051409
RESTRAIN,300.0,False,RESTRAIN,0.22849348399815783,0.0,0.31347482435113233,336.594072638025
RESTRAIN,300.0,False,RESTRAIN,0.1771449867068995,0.0,0.5192251637407639,153.2430656212359
RESTRAIN,300.0,False,RESTRAIN,0.12908283246542507,0.0,0.6661847284113817,67.22656119267033
RESTRAIN,300.0,False,RESTRAIN,0.11894223829394068,0.0,0.8238497775370487,118.21271855398001
RESTRAIN,300.0,False,RESTRAIN,0.25843875130914873,0.0,0.42196510589905845,294.6657973562082
RESTRAIN,300.0,False,RESTRAIN,0.25076164469170237,0.0,0.7568095129598916,334.5305265284431
RESTRAIN,300.0,False,RESTRAIN,0.13866046645706953,0.0,0.5553195267306364,85.92696164565703
RESTRAIN,300.0,False,RESTRAIN,0.20544571545139334,0.0,0.18364857421545758,11.019286523109923
RESTRAIN,300.0,False,RESTRAIN,0.14907814981053447,0.0,0.5216288540670767,111.10277293849364
RESTRAIN,300.0,False,RESTRAIN,0.18602474972862437,0.0,0.2824358476269907,138.7313478141799
RESTRAIN,300.0,False,RESTRAIN,0.2070564866940381,0.0,0.6332781739558838,1.0828563179428885
RESTRAIN,300.0,False,RESTRAIN,0.2311686245198541,0.0,0.25608678959460823,245.31307669862207
RESTRAIN,300.0,False,RESTRAIN,0.1857203669376406,0.0,0.23655974128252605,44.82087891575372
RESTRAIN,300.0,False,RESTRAIN,0.15107807392732597,0.0,0.8508269578443809,29.462828902925224
RESTRAIN,300.0,True,RESTRAIN,0.2997990986417213,0.0,0.8178295017896051,258.88871934833713
RESTRAIN,300.0,False,RESTRAIN,0.2574612778451729,0.0,0.406570698945922,277.4816872045531
RESTRAIN,300.0,False,RESTRAIN,0.12682023274861787,0.0,0.6889207256121933,66.25013543251345
RESTRAIN,300.0,True,RESTRAIN,0.3142282038043377,0.0,0.8838562641894164,276.65648250831555
RESTRAIN,300.0,False,RESTRAIN,0.19985652478768268,0.0,0.07976260754241153,107.09598003584448
RESTRAIN,300.0,False,RESTRAIN,0.14624609471076389,0.0,0.5455487246139452,110.92380221794234
RESTRAIN,300.0,False,RESTRAIN,0.186949553525111,0.0,0.22814778298181862,44.07564608592026
RESTRAIN,300.0,False,RESTRAIN,0.11836261995768649,0.0,0.7200135352452881,81.5450383923567
RESTRAIN,300.0,False,RESTRAIN,0.20685027668512268,0.0,0.09126977681421215,13.956830782811686
RESTRAIN,300.0,False,RESTRAIN,0.27459046015573285,0.0,0.7099294153228528,241.9065059220212
RESTRAIN,300.0,False,RESTRAIN,0.230778791302926,0.0,0.1805483949149615,306.4932385473789
RESTRAIN,300.0,False,RESTRAIN,0.1930146208685828,0.0,0.41041742310992696,17.40380351444708
RESTRAIN,300.0,False,RESTRAIN,0.11696339439428416,0.0,0.7324387028306579,91.94673354349966
RESTRAIN,300.0,False,RESTRAIN,0.2035782602805849,0.0,0.060717138458487765,124.63457392166967
RESTRAIN,300.0,False,RESTRAIN,0.14109045675044418,0.0,0.835352797560553,141.31659217317258
RESTRAIN,300.0,False,RESTRAIN,0.23321517722944196,0.0,0.19561352563962744,296.7143918671776
RESTRAIN,300.0,False,RESTRAIN,0.1933759057774429,0.0,0.4506552835517941,15.435758875404355
RESTRAIN,300.0,False,RESTRAIN,0.24866580599595467,0.0,0.6611122489166313,221.08081587060465
RESTRAIN,300.0,False,RESTRAIN,0.20656669607667832,0.0,0.11114738568712516,191.61628632578368
RESTRAIN,300.0,False,RESTRAIN,0.26930835207142767,0.0,0.5478710705252513,301.85072091475166
RESTRAIN,300.0,False,RESTRAIN,0.15532852696361987,0.0,0.4640106935181225,110.11095690246935
RESTRAIN,300.0,False,RESTRAIN,0.16650417033457676,0.0,0.5272508058919553,36.655181177304605
RESTRAIN,300.0,False,RESTRAIN,0.15048973749224726,0.0,0.5962457823125948,47.00808236053464
RESTRAIN,300.0,False,RESTRAIN,0.23344961427435484,0.0,0.37856523416109567,227.0080978932216
RESTRAIN,300.0,False,RESTRAIN,0.21111782226424425,0.0,0.26889228892582473,196.47228807353855
RESTRAIN,300.0,False,RESTRAIN,0.21290372360335064,0.0,0.16546812531138186,213.22202898822272
RESTRAIN,300.0,False,RESTRAIN,0.12354968352446905,0.0,0.8451593893868734,49.35289753567811
RESTRAIN,300.0,False,RESTRAIN,0.19699409551764524,0.0,0.36123821017249247,15.29639347576278
RESTRAIN,300.0,False,RESTRAIN,0.21398071787945827,0.0,0.25400190377476217,203.93760997404954
RESTRAIN,300.0,False,RESTRAIN,0.2051157860828543,0.0,0.04729199527438057,29.1822418601709
RESTRAIN,300.0,False,RESTRAIN,0.24701938039457372,0.0,0.6760857807394078,334.67056540201463
RESTRAIN,300.0,False,RESTRAIN,0.2654073549531747,0.0,0.4749710662727538,289.19435783318386
RESTRAIN,300.0,False,RESTRAIN,0.18708282974828938,0.0,0.1718677867826269,64.78302868927258
RESTRAIN,300.0,False,RESTRAIN,0.24961515288851854,0.0,0.8040364569177012,215.22405392944123
RESTRAIN,300.0,False,RESTRAIN,0.12614814135921748,0.0,0.8404025531892259,47.528839353469785
RESTRAIN,300.0,False,RESTRAIN,0.24814133141392292,0.0,0.7926086800544884,337.02153917156755
RESTRAIN,300.0,False,RESTRAIN,0.23059730921138433,0.0,0.5048739344235027,212.20262943142248
RESTRAIN,300.0,False,RESTRAIN,0.17175663033521005,0.0,0.3359517790969143,114.391848782893
RESTRAIN,300.0,False,RESTRAIN,0.21950016922175564,0.0,0.14569716292474705,244.94413634741096
RESTRAIN,300.0,False,RESTRAIN,0.21010672167678157,0.0,0.33951898130019487,0.9138386991941605
RESTRAIN,300.0,False,RESTRAIN,0.1426509060140333,0.0,0.5509535669263443,103.62879860706136
RESTRAIN,300.0,False,RESTRAIN,0.18237378188568354,0.0,0.2038980328593524,84.30090964259679
RESTRAIN,300.0,False,RESTRAIN,0.1670327023043231,0.0,0.4175664497072928,124.62372982044516
RESTRAIN,300.0,False,RESTRAIN,0.17322447107795003,0.0,0.5157835827795936,30.710281167721813
RESTRAIN,300.0,False,RESTRAIN,0.22626981488647402,0.0,0.6582910400087978,348.47627860996397
RESTRAIN,300.0,False,RESTRAIN,0.20474987446663717,0.0,0.08221600470236715,168.4395378666113
RESTRAIN,300.0,False,RESTRAIN,0.28705020077673604,0.0,0.7802966342977475,308.3069329445878
RESTRAIN,300.0,False,RESTRAIN,0.18901323600043185,0.0,0.4104669670868491,21.42480247002929
RESTRAIN,300.0,False,RESTRAIN,0.26551886127397883,0.0,0.5237379446018919,304.1366650132875
RESTRAIN,300.0,False,RESTRAIN,0.27967143856004273,0.0,0.8462851033051842,235.0925070305436
RESTRAIN,300.0,False,RESTRAIN,0.2200320568806745,0.0,0.1511808420446537,244.35835280493947
RESTRAIN,300.0,True,RESTRAIN,0.301467057685046,0.0,0.7960374193896804,290.2833777900828
RESTRAIN,300.0,False,RESTRAIN,0.21052003017696175,0.0,0.7239873820822904,189.38631616078825
RESTRAIN,300.0,False,RESTRAIN,0.27420578547751717,0.0,0.8946246297073918,228.24409340619016
RESTRAIN,300.0,False,RESTRAIN,0.2392008637102072,0.0,0.3537380561087749,323.9224710092033
RESTRAIN,300.0,False,RESTRAIN,0.19665128537195797,0.0,0.11416239581469172,45.037661651431364
RESTRAIN,300.0,False,RESTRAIN,0.20823323124746573,0.0,0.012758538436799494,20.0397757028505
RESTRAIN,300.0,False,RESTRAIN,0.2182275678459027,0.0,0.7133362992373231,353.76925166772077
RESTRAIN,300.0,False,RESTRAIN,0.2238228271858388,0.0,0.12293657320878597,317.3391697588106
RESTRAIN,300.0,False,RESTRAIN,0.20608495994789355,0.0,0.2754109059305654,185.03495027237238
RESTRAIN,300.0,True,RESTRAIN,0.3145655248699841,0.0,0.8885835337976056,281.077434879772
RESTRAIN,300.0,False,RESTRAIN,0.24667608562469,0.0,0.3978854540795303,317.4915132485518
RESTRAIN,300.0,False,RESTRAIN,0.2008620790934692,0.0,0.20808513288597083,168.06829434389877
RESTRAIN,300.0,False,RESTRAIN,0.15591940178822872,0.0,0.6779102021434319,35.26518885666664
RESTRAIN,300.0,False,RESTRAIN,0.2014101331356516,0.0,0.2443983158341812,173.03206842647668
RESTRAIN,300.0,False,RESTRAIN,0.16184693519597426,0.0,0.47791968781647265,126.49423971991327
RESTRAIN,300.0,False,RESTRAIN,0.20775398698564618,0.0,0.14159878869830445,8.331150646797777
RESTRAIN,300.0,False,RESTRAIN,0.225235272878054,0.0,0.41474963194408787,345.2569665179956
RESTRAIN,300.0,False,RESTRAIN,0.2172097924555435,0.0,0.09775593903787688,257.68233457503675
RESTRAIN,300.0,True,RESTRAIN,0.2917263539347211,0.0,0.695785243300088,282.89464889544547
RESTRAIN,300.0,False,RESTRAIN,0.22301146430502694,0.0,0.3286251184264196,214.83363379317805
RESTRAIN,300.0,False,RESTRAIN,0.17317630730437217,0.0,0.2869233228369175,96.90155546871675
RESTRAIN,300.0,False,RESTRAIN,0.24628849007335463,0.0,0.8944072246683125,210.4928246375122
RESTRAIN,300.0,False,RESTRAIN,0.2808210169598492,0.0,0.746732273736738,244.89770863609297
RESTRAIN,300.0,False,RESTRAIN,0.23290841966358522,0.0,0.49853272988739245,215.04242064997936
RESTRAIN,300.0,False,RESTRAIN,0.1273711978009645,0.0,0.8497910130699368,45.77194291963826
RESTRAIN,300.0,False,RESTRAIN,0.2328074762501806,0.0,0.19025885831982464,292.87871081702826
RESTRAIN,300.0,False,RESTRAIN,0.1481226991746718,0.0,0.5161368884112086,107.11885231569833
RESTRAIN,300.0,False,RESTRAIN,0.14281382804465748,0.0,0.8361515284704268,142.82340386654425
RESTRAIN,300.0,False,RESTRAIN,0.21814043143249273,0.0,0.512735876898769,198.25675757851792
RESTRAIN,300.0,False,RESTRAIN,0.2168719714466153,0.0,0.2771908044898632,351.9488478277765
RESTRAIN,300.0,False,RESTRAIN,0.1255974588101808,0.0,0.7304904111942204,112.50882835085085
RESTRAIN,300.0,False,RESTRAIN,0.20546717129544267,0.0,0.12492911417047446,15.075303368192685
RESTRAIN,300.0,False,RESTRAIN,0.2152940404008774,0.0,0.13680026834207767,350.08418169893775
RESTRAIN,300.0,False,RESTRAIN,0.2319921519406456,0.0,0.6580124009576106,344.69252016646544
RESTRAIN,300.0,False,RESTRAIN,0.1997432165860198,0.0,0.06239866456174225,71.38077755042684
RESTRAIN,300.0,False,RESTRAIN,0.2168748423885205,0.0,0.045567704478084524,298.45579104196906
RESTRAIN,300.0,False,RESTRAIN,0.23378667823985944,0.0,0.3411672493293712,331.0621686264747
RESTRAIN,300.0,False,RESTRAIN,0.2065802627591009,0.0,0.35811584778127614,4.677167064492345
RESTRAIN,300.0,False,RESTRAIN,0.25841365424728635,0.0,0.4226852850024272,271.70991979282894
RESTRAIN,300.0,False,RESTRAIN,0.13005002773743446,0.0,0.6666589389986666,64.75886174437264
RESTRAIN,300.0,False,RESTRAIN,0.26734945310642566,0.0,0.5119676606631202,297.7850356009543
RESTRAIN,300.0,False,RESTRAIN,0.19705156884580044,0.0,0.6421937195363367,7.54062689537085
RESTRAIN,300.0,False,RESTRAIN,0.2097802319025237,0.0,0.044905092025666504,248.84692909895483
RESTRAIN,300.0,False,RESTRAIN,0.24328534810232538,0.0,0.2841329278147906,294.039157337601
RESTRAIN,300.0,False,RESTRAIN,0.17994868772986017,0.0,0.8697662212669668,12.829960664894028
RESTRAIN,300.0,False,RESTRAIN,0.2542885324099833,0.0,0.3849887271169222,272.5427337051015
RESTRAIN,300.0,False,RESTRAIN,0.1898642067516898,0.0,0.2002425040791617,42.754906487430155
RESTRAIN,300.0,False,RESTRAIN,0.1496404828950143,0.0,0.8928775741739556,28.470876368234205
RESTRAIN,300.0,False,RESTRAIN,0.23521731155807724,0.0,0.3701863260210629,331.43933668538807
RESTRAIN,300.0,False,RESTRAIN,0.23799024005690772,0.0,0.43090366887984843,332.290902133517
RESTRAIN,300.0,False,RESTRAIN,0.2312529145215939,0.0,0.20141747273625982,266.81058737883797
RESTRAIN,300.0,False,RESTRAIN,0.25903587589690036,0.0,0.5907177664949227,320.4739281487146
RESTRAIN,300.0,False,RESTRAIN,0.20811323600115583,0.0,0.18650706591494992,6.0146891980576545
RESTRAIN,300.0,False,RESTRAIN,0.20483926141911724,0.0,0.5489312126981156,184.20426459605844
RESTRAIN,300.0,False,RESTRAIN,0.27299239308156387,0.0,0.6816953204733497,313.789767894585
RESTRAIN,300.0,False,RESTRAIN,0.25807632814821224,0.0,0.5871580492151133,321.39920468606084
RESTRAIN,300.0,False,RESTRAIN,0.20229950876708447,0.0,0.08134404249549924,132.129655793016
RESTRAIN,300.0,False,RESTRAIN,0.201591589384445,0.0,0.07179668674447691,116.85949756157608
RESTRAIN,300.0,True,RESTRAIN,0.2880415456741615,0.0,0.75811639268127,251.9922048814033
RESTRAIN,300.0,False,RESTRAIN,0.16647210035961613,0.0,0.814103191590855,21.66074964210852
RESTRAIN,300.0,False,RESTRAIN,0.22403337817159674,0.0,0.12209433158013665,280.9872417429119
RESTRAIN,300.0,False,RESTRAIN,0.16588243987257412,0.0,0.3379141685327351,89.88560437648687
RESTRAIN,300.0,False,RESTRAIN,0.20846629507515846,0.0,0.5886601751959576,187.76609903519645
RESTRAIN,300.0,False,RESTRAIN,0.11797906844838024,0.0,0.7519328564065024,69.31822233271812
RESTRAIN,300.0,True,RESTRAIN,0.30289838004599123,0.0,0.8180866881256287,264.36884681699837
RESTRAIN,300.0,False,RESTRAIN,0.23180288249880365,0.0,0.6288144798598237,344.3289927184685
RESTRAIN,300.0,False,RESTRAIN,0.2073543631473499,0.0,0.13272706646911853,194.70010579136448
RESTRAIN,300.0,False,RESTRAIN,0.23639081944920315,0.0,0.6915158648242101,342.25804435887176
RESTRAIN,300.0,False,RESTRAIN,0.15031579029972064,0.0,0.7731224404488316,144.74494382522875
RESTRAIN,300.0,False,RESTRAIN,0.1708508333989256,0.0,0.31617537326579476,103.10454701716368
RESTRAIN,300.0,False,RESTRAIN,0.2587085261255898,0.0,0.44473741063234,301.8997419278836
RESTRAIN,300.0,False,RESTRAIN,0.2052730046788347,0.0,0.14974434820132018,13.655457014158007
RESTRAIN,300.0,False,RESTRAIN,0.1755465087643352,0.0,0.2740675496800648,101.22313665968487
RESTRAIN,300.0,True,RESTRAIN,0.2879085617283287,0.0,0.782819653598505,248.57631404908253
RESTRAIN,300.0,False,RESTRAIN,0.1976555820476238,0.0,0.07996250770354357,68.0082142520631
RESTRAIN,300.0,False,RESTRAIN,0.26589850746901755,0.0,0.6861808106108597,320.5631256276085
RESTRAIN,300.0,False,RESTRAIN,0.2049080281925374,0.0,0.08787336665761081,173.58400912317288
RESTRAIN,300.0,False,RESTRAIN,0.17517413445350427,0.0,0.2633583739563467,88.52516129389629
RESTRAIN,300.0,False,RESTRAIN,0.16185007833595189,0.0,0.5241711652313562,133.65177822255734
RESTRAIN,300.0,False,RESTRAIN,0.20857593091519,0.0,0.0029820485226451534,102.14903705696531
RESTRAIN,300.0,False,RESTRAIN,0.2720969209696953,0.0,0.6078352431661681,252.33088838773284
RESTRAIN,300.0,False,RESTRAIN,0.18396088475574046,0.0,0.2845756513395596,39.565726826382644
RESTRAIN,300.0,False,RESTRAIN,0.2780766764596674,0.0,0.6737132790253332,307.3223719167106
RESTRAIN,300.0,False,RESTRAIN,0.1154725617229655,0.0,0.8777130792119667,53.5751049300185
RESTRAIN,300.0,False,RESTRAIN,0.16345380140679633,0.0,0.37484018194680874,101.68818726050533
RESTRAIN,300.0,False,RESTRAIN,0.20532949805110035,0.0,0.026996305071244266,225.61372860016533
RESTRAIN,300.0,False,RESTRAIN,0.13325057847540123,0.0,0.7640024191473688,127.51438233763987
RESTRAIN,300.0,False,RESTRAIN,0.20533529423536123,0.0,0.24712051413597094,183.61924668287313
RESTRAIN,300.0,False,RESTRAIN,0.20927190504960147,0.0,0.13375483572038746,204.87755213230358
RESTRAIN,300.0,False,RESTRAIN,0.10995940122631609,0.0,0.7912907838533575,93.24786136122084
RESTRAIN,300.0,False,RESTRAIN,0.20827179765626047,0.0,0.20927673287028967,192.45664277223497
RESTRAIN,300.0,False,RESTRAIN,0.2370935351318162,0.0,0.5447567625735792,338.1710388698326
RESTRAIN,300.0,False,RESTRAIN,0.21068353213675983,0.0,0.22858528077698906,0.8913164338096369
RESTRAIN,300.0,False,RESTRAIN,0.2402503153499711,0.0,0.6412123754850069,214.64222894097895
RESTRAIN,300.0,False,RESTRAIN,0.14382556530515755,0.0,0.5838719329434994,115.2741863247457
RESTRAIN,300.0,False,RESTRAIN,0.2560803342955955,0.0,0.458251392003746,310.3399060827881
RESTRAIN,300.0,False,RESTRAIN,0.17051145145622937,0.0,0.49952241333856917,34.77313035149858
RESTRAIN,300.0,False,RESTRAIN,0.19903098811310005,0.0,0.20451917763635535,21.824809507029975
RESTRAIN,300.0,False,RESTRAIN,0.20752402829615268,0.0,0.01973412367744737,145.76265950243675
RESTRAIN,300.0,False,RESTRAIN,0.276182318192709,0.0,0.720638014053771,242.5472056492209
RESTRAIN,300.0,False,RESTRAIN,0.2022415552118172,0.0,0.800371156354359,2.322745186361961
RESTRAIN,300.0,True,RESTRAIN,0.29001848945657127,0.0,0.7000823620954104,292.04417308014433
RESTRAIN,300.0,False,RESTRAIN,0.14170322070925945,0.0,0.6371324429425895,121.14489901682813
RESTRAIN,300.0,False,RESTRAIN,0.23831611360810112,0.0,0.42473171537726384,331.2912030215858
RESTRAIN,300.0,False,RESTRAIN,0.24917184194390118,0.0,0.5255127926840449,326.07561819365515
RESTRAIN,300.0,True,RESTRAIN,0.28291827401444536,0.0,0.622464484895077,274.97125398583245
RESTRAIN,300.0,False,RESTRAIN,0.2100856824856714,0.0,0.02360535016731671,265.3220339055283
RESTRAIN,300.0,False,RESTRAIN,0.22691560658894872,0.0,0.3813034807701613,216.29239007885687
RESTRAIN,300.0,False,RESTRAIN,0.23390437124889307,0.0,0.20221785644404341,286.0155258486036
RESTRAIN,300.0,False,RESTRAIN,0.16955688443946582,0.0,0.32800418293172373,64.10990756177718
RESTRAIN,300.0,True,RESTRAIN,0.28636683030572163,0.0,0.6743085405739639,294.15900002681724
RESTRAIN,300.0,False,RESTRAIN,0.21635440931807093,0.0,0.32704771482699535,203.47487019028821
RESTRAIN,300.0,True,RESTRAIN,0.28834458181373623,0.0,0.6651852719198373,281.5112772631108
RESTRAIN,300.0,False,RESTRAIN,0.19112261702577138,0.0,0.8746483389349853,177.76749865163143
RESTRAIN,300.0,False,RESTRAIN,0.2679619757081112,0.0,0.8310445112798824,227.14513269782287
RESTRAIN,300.0,False,RESTRAIN,0.13144120938102166,0.0,0.744952370196425,122.97482511927953
RESTRAIN,300.0,False,RESTRAIN,0.16016515603328785,0.0,0.7676917284418601,152.78817026327258
RESTRAIN,300.0,False,RESTRAIN,0.1763651817995595,0.0,0.35453908759981934,131.31836161978637
RESTRAIN,300.0,True,RESTRAIN,0.2850560046832785,0.0,0.6584241479649953,266.6128617206696
RESTRAIN,300.0,False,RESTRAIN,0.13488723210654974,0.0,0.600312291449169,72.19761345091567
RESTRAIN,300.0,False,RESTRAIN,0.25511244959430246,0.0,0.8846029336611119,334.9876401233402
RESTRAIN,300.0,False,RESTRAIN,0.2675132549470406,0.0,0.5174086571351713,298.54241591878304
RESTRAIN,300.0,False,RESTRAIN,0.2495401515436224,0.0,0.38678948048966094,310.2245248911433
RESTRAIN,300.0,False,RESTRAIN,0.2590431273932239,0.0,0.7535401561431486,329.0331083240318
RESTRAIN,300.0,False,RESTRAIN,0.17112861979492588,0.0,0.6746160138968003,156.96699535723386
RESTRAIN,300.0,False,RESTRAIN,0.22236749125981037,0.0,0.11237553774092457,321.0893865417488
RESTRAIN,300.0,False,RESTRAIN,0.18185000634551374,0.0,0.5366521702085795,159.87778112701682
RESTRAIN,300.0,False,RESTRAIN,0.16609511499990814,0.0,0.5330760070284739,36.577980361673696
RESTRAIN,300.0,False,RESTRAIN,0.18523337778495097,0.0,0.5684623691808102,17.8507245927452
RESTRAIN,300.0,False,RESTRAIN,0.16251597636776005,0.0,0.8473482806699607,22.890014908484844
RESTRAIN,300.0,False,RESTRAIN,0.14353838547507136,0.0,0.5418320593409685,67.68238175398669
RESTRAIN,300.0,False,RESTRAIN,0.1330905939402819,0.0,0.7830169698103225,129.52982166090635
RESTRAIN,300.0,False,RESTRAIN,0.21692990495374243,0.0,0.32254273337387895,352.5308536811543
RESTRAIN,300.0,False,RESTRAIN,0.20153525706586994,0.0,0.0516410591813547,86.83190467394554
RESTRAIN,300.0,False,RESTRAIN,0.23533776335565837,0.0,0.33770046527460995,328.67705249449097
RESTRAIN,300.0,False,RESTRAIN,0.2653107626221233,0.0,0.4794024669984765,291.7560431685525
RESTRAIN,300.0,False,RESTRAIN,0.2826018749269047,0.0,0.7499892400331313,310.0042167129717
RESTRAIN,300.0,True,RESTRAIN,0.27674191929369574,0.0,0.56866392778041,282.51428110820683
RESTRAIN,300.0,False,RESTRAIN,0.22007737336918998,0.0,0.39798186212122244,350.31368684991844
RESTRAIN,300.0,False,RESTRAIN,0.17040529289488549,0.0,0.41568534697372467,43.13300706795278
RESTRAIN,300.0,False,RESTRAIN,0.18165757661009363,0.0,0.8969915507701054,172.43209541889493
RESTRAIN,300.0,False,RESTRAIN,0.19671348156052293,0.0,0.12720945428124428,123.4208066599701
RESTRAIN,300.0,False,RESTRAIN,0.1865060697357318,0.0,0.18496447005848296,102.32549463597971
RESTRAIN,300.0,False,RESTRAIN,0.18147204886130364,0.0,0.5627533443191566,160.85668378512605
RESTRAIN,300.0,False,RESTRAIN,0.19136237184452898,0.0,0.6312649370870754,173.1346617805722
RESTRAIN,300.0,False,RESTRAIN,0.21523440362640722,0.0,0.35548128226463716,354.940621552413
RESTRAIN,300.0,False,RESTRAIN,0.2048088048788952,0.0,0.028918626987980534,95.28540429826627
RESTRAIN,300.0,False,RESTRAIN,0.2438117142181404,0.0,0.46981075041698533,328.2052396596384
RESTRAIN,300.0,False,RESTRAIN,0.19264946028836205,0.0,0.1299241328319022,60.11049948616589
RESTRAIN,300.0,False,RESTRAIN,0.20871770559159264,0.0,0.050443480384104025,239.41666885724885
RESTRAIN,300.0,False,RESTRAIN,0.17316315464855303,0.0,0.3102836699604672,109.94984118924141
RESTRAIN,300.0,False,RESTRAIN,0.21629649597333211,0.0,0.12208744616070565,345.7367302874933
RESTRAIN,300.0,False,RESTRAIN,0.235627665102767,0.0,0.39509726651727717,228.4606847261277
RESTRAIN,300.0,False,RESTRAIN,0.17180524695262178,0.0,0.6855250172952615,23.11758892915181
RESTRAIN,300.0,False,RESTRAIN,0.2157613988356516,0.0,0.04234143299197448,332.4743699985088
RESTRAIN,300.0,False,RESTRAIN,0.15547680759017157,0.0,0.44990235870166273,105.77427107558651
RESTRAIN,300.0,False,RESTRAIN,0.23743400746902765,0.0,0.44728237140823207,333.86340391206704
RESTRAIN,300.0,False,RESTRAIN,0.21048836987255992,0.0,0.001597831637150715,4.8547067495961915
RESTRAIN,300.0,False,RESTRAIN,0.12561062931365052,0.0,0.6644259667915505,78.72871899196258
RESTRAIN,300.0,False,RESTRAIN,0.19900612221910596,0.0,0.0807623179939194,100.22338223551574
RESTRAIN,300.0,True,RESTRAIN,0.29306238830730114,0.0,0.8388497983929871,247.6749664147241
RESTRAIN,300.0,True,RESTRAIN,0.2772479630760126,0.0,0.575428067645898,287.2622695286606
RESTRAIN,300.0,False,RESTRAIN,0.22385607797355245,0.0,0.2590345185903146,226.832475215819
RESTRAIN,300.0,False,RESTRAIN,0.1644251928578192,0.0,0.8327529119827957,22.328274229442705
RESTRAIN,300.0,False,RESTRAIN,0.18884601564477677,0.0,0.36041446903357294,156.10979373730308
RESTRAIN,300.0,False,RESTRAIN,0.20340699225819248,0.0,0.2342345241549435,177.83420927051958
RESTRAIN,300.0,False,RESTRAIN,0.17636095694288834,0.0,0.3460506807817839,129.1399739557772
RESTRAIN,300.0,False,RESTRAIN,0.1731772423591268,0.0,0.5504282469443879,151.03649871939
RESTRAIN,300.0,False,RESTRAIN,0.19158123460975307,0.0,0.6512372883081973,173.74167449448657
RESTRAIN,300.0,False,RESTRAIN,0.22135430122433608,0.0,0.5956398248169762,199.4406502685709
RESTRAIN,300.0,False,RESTRAIN,0.2678154406659551,0.0,0.8291130259494449,227.14225881108098
RESTRAIN,300.0,False,RESTRAIN,0.10210001282218328,0.0,0.8605541248567856,75.64404906530174
RESTRAIN,300.0,False,RESTRAIN,0.22644627609778534,0.0,0.1773565283001006,324.6071462307391
RESTRAIN,300.0,False,RESTRAIN,0.29992542561097135,0.0,0.821288161235946,298.0378048359496
RESTRAIN,300.0,False,RESTRAIN,0.22134262330720766,0.0,0.09601367917895669,283.18087645668754
RESTRAIN,300.0,True,RESTRAIN,0.3088065679006452,0.0,0.8612026038225857,290.10751094122634
RESTRAIN,300.0,False,RESTRAIN,0.20746815511550776,0.0,0.23341036237334348,189.16476377144042
RESTRAIN,300.0,False,RESTRAIN,0.22158681398255364,0.0,0.23921023781955472,343.10054280048024
RESTRAIN,300.0,False,RESTRAIN,0.17432270496144275,0.0,0.37939099594589754,131.741884934686
RESTRAIN,300.0,False,RESTRAIN,0.19849189407960388,0.0,0.16356805963642043,151.19379319745417
RESTRAIN,300.0,True,RESTRAIN,0.29418250933110446,0.0,0.7449467870933228,293.8603385653756
RESTRAIN,300.0,False,RESTRAIN,0.22341595669741732,0.0,0.11226373212944261,312.8413979516841
RESTRAIN,300.0,False,RESTRAIN,0.19031009935157528,0.0,0.3953599232959353,161.63544444627206
RESTRAIN,300.0,False,RESTRAIN,0.2934012497947396,0.0,0.8164404096864862,305.2842306463305
RESTRAIN,300.0,False,RESTRAIN,0.24938474362538265,0.0,0.5718501887348284,227.9644951464422
RESTRAIN,300.0,False,RESTRAIN,0.1643388348346584,0.0,0.5464483601202923,139.68752485331783
RESTRAIN,300.0,False,RESTRAIN,0.27168395710876436,0.0,0.8951798015359852,325.97879899299966
RESTRAIN,300.0,False,RESTRAIN,0.20556033696787857,0.0,0.02029417415762468,181.14536903962545
RESTRAIN,300.0,False,RESTRAIN,0.24154900715981553,0.0,0.28781431659467493,305.6916812885472
RESTRAIN,300.0,False,RESTRAIN,0.22407198470374112,0.0,0.11251639610652599,292.47041795167115
RESTRAIN,300.0,False,RESTRAIN,0.19563640707227026,0.0,0.16611955107332801,34.7874819719882
RESTRAIN,300.0,False,RESTRAIN,0.23076609704476136,0.0,0.19440404867474564,313.6053862901368
RESTRAIN,300.0,False,RESTRAIN,0.14545426574505327,0.0,0.5642010995105725,58.472092908588714
RESTRAIN,300.0,False,RESTRAIN,0.23891597609906823,0.0,0.24489632141434578,292.98967711123095
RESTRAIN,300.0,True,RESTRAIN,0.2793743067899599,0.0,0.5977660577731873,272.00470281204167
RESTRAIN,300.0,True,RESTRAIN,0.28543473977181466,0.0,0.6642626854819528,265.3832839001269
RESTRAIN,300.0,False,RESTRAIN,0.23471528163480193,0.0,0.3617215219730329,331.515567539824
RESTRAIN,300.0,False,RESTRAIN,0.23282759965236255,0.0,0.48269454695813774,216.20136989767934
RESTRAIN,300.0,False,RESTRAIN,0.19729746351294675,0.0,0.11888295669227575,121.89757144176164
RESTRAIN,300.0,False,RESTRAIN,0.24089592952619343,0.0,0.6773754284728919,213.54928332069642
RESTRAIN,300.0,False,RESTRAIN,0.24613701603935934,0.0,0.3772064553736592,250.60641239395974
RESTRAIN,300.0,False,RESTRAIN,0.13794603863068544,0.0,0.7511716841732026,131.26311518410023
RESTRAIN,300.0,False,RESTRAIN,0.14920311461381097,0.0,0.47359756772648415,91.54656610471888
RESTRAIN,300.0,False,RESTRAIN,0.19497176313597242,0.0,0.6270881790551861,176.2887338611458
RESTRAIN,300.0,False,RESTRAIN,0.2374834918489277,0.0,0.3227244241069279,323.3904809749393
RESTRAIN,300.0,False,RESTRAIN,0.22995675180541308,0.0,0.3345926662189922,226.96729592266118
RESTRAIN,300.0,False,RESTRAIN,0.24279261475986302,0.0,0.39285759740784953,323.01202475249414
RESTRAIN,300.0,False,RESTRAIN,0.19081757923892284,0.0,0.5724307851181744,171.04163879874687
RESTRAIN,300.0,False,RESTRAIN,0.23091244693865076,0.0,0.45588022331453204,340.91662905270147
RESTRAIN,300.0,True,RESTRAIN,0.29478650546319807,0.0,0.7238488043022118,284.96097418851457
RESTRAIN,300.0,False,RESTRAIN,0.20480529544396875,0.0,0.049317644034626976,127.64997961236575
RESTRAIN,300.0,False,RESTRAIN,0.16887909852067318,0.0,0.8104884527303966,161.3590552321103
RESTRAIN,300.0,False,RESTRAIN,0.20768621009276955,0.0,0.833432999650016,359.19682914884936
RESTRAIN,300.0,False,RESTRAIN,0.22072911190548028,0.0,0.21966811997145833,343.3321220329563
RESTRAIN,300.0,False,RESTRAIN,0.20274807607760426,0.0,0.09069871521761909,147.68664284895996
RESTRAIN,300.0,False,RESTRAIN,0.26668828695644164,0.0,0.514670604108414,300.08136455463534
RESTRAIN,300.0,False,RESTRAIN,0.2171814250833315,0.0,0.05775315352405313,327.5025399888669
RESTRAIN,300.0,False,RESTRAIN,0.18248527727679975,0.0,0.20674408276327044,90.62924916378705
RESTRAIN,300.0,False,RESTRAIN,0.20709921606316295,0.0,0.456809426113425,186.33818551009222
RESTRAIN,300.0,True,RESTRAIN,0.27423463213069454,0.0,0.5524302885855952,272.55072375666634
RESTRAIN,300.0,False,RESTRAIN,0.1979583713346429,0.0,0.1748743434629949,27.67017664344681
RESTRAIN,300.0,True,RESTRAIN,0.30636691388797266,0.0,0.83946416583701,290.0462883558125
RESTRAIN,300.0,False,RESTRAIN,0.18741876317008155,0.0,0.16319078732148257,75.97661873951964
RESTRAIN,300.0,False,RESTRAIN,0.2036698531656721,0.0,0.138290217426098,172.43050648538437
RESTRAIN,300.0,False,RESTRAIN,0.1966879492286422,0.0,0.14608798607331772,135.07338559731994
RESTRAIN,300.0,True,RESTRAIN,0.30592967775175983,0.0,0.8365722854222563,266.4609280855315
RESTRAIN,300.0,False,RESTRAIN,0.10938015707311766,0.0,0.7908939177956166,83.93924498750535
RESTRAIN,300.0,False,RESTRAIN,0.20621165573132683,0.0,0.029736777830094197,167.88884774162116
RESTRAIN,300.0,False,RESTRAIN,0.12747916582897312,0.0,0.6539537894106017,95.60846861932231
RESTRAIN,300.0,False,RESTRAIN,0.20600141615894296,0.0,0.0661398491805715,19.728799808361288
RESTRAIN,300.0,False,RESTRAIN,0.2195055347418019,0.0,0.06777948948236544,303.6642957534134
RESTRAIN,300.0,False,RESTRAIN,0.19904563619851012,0.0,0.0684181819236682,80.82719480430339
RESTRAIN,300.0,False,RESTRAIN,0.11491747267241814,0.0,0.7466588804840477,83.67017637424907
RESTRAIN,300.0,False,RESTRAIN,0.19465226678303127,0.0,0.38469206932975425,16.833187631693306
RESTRAIN,300.0,False,RESTRAIN,0.20219230587789772,0.0,0.5013265393384747,180.97083883648844
RESTRAIN,300.0,False,RESTRAIN,0.2051748551458802,0.0,0.027732300125446318,96.82703892919899
RESTRAIN,300.0,False,RESTRAIN,0.23240035181450658,0.0,0.8108025292232225,203.58051991845664
RESTRAIN,300.0,True,RESTRAIN,0.3084417294785452,0.0,0.8838203960935533,260.47054342465657
RESTRAIN,300.0,False,RESTRAIN,0.2016426367085623,0.0,0.211660711321579,16.534668487827897
RESTRAIN,300.0,False,RESTRAIN,0.13602286003967534,0.0,0.590863664653338,72.17631327308848
RESTRAIN,300.0,False,RESTRAIN,0.15959404892239426,0.0,0.6109226599341294,140.72088978258384
RESTRAIN,300.0,False,RESTRAIN,0.2843071535667512,0.0,0.8696522183881124,316.7148797343008
RESTRAIN,300.0,False,RESTRAIN,0.17140538816666362,0.0,0.43538953397099484,39.5010767750818
RESTRAIN,300.0,False,RESTRAIN,0.23296202135231425,0.0,0.21412313590676274,267.7788440420099
RESTRAIN,300.0,False,RESTRAIN,0.22430186146591946,0.0,0.3242543708548637,343.28965950975083
RESTRAIN,300.0,False,RESTRAIN,0.17240093067255358,0.0,0.5756505392064573,27.960115898877135
RESTRAIN,300.0,False,RESTRAIN,0.16401650703655735,0.0,0.42523840625973713,119.88336945145328
RESTRAIN,300.0,False,RESTRAIN,0.2174700905116006,0.0,0.07146668707915793,277.0444332144093
RESTRAIN,300.0,False,RESTRAIN,0.246108715192213,0.0,0.7266296084573446,336.6654289905436
RESTRAIN,300.0,False,RESTRAIN,0.11107471941044833,0.0,0.777841888244629,88.8223743679089
RESTRAIN,300.0,False,RESTRAIN,0.2404069052409319,0.0,0.43049895063200616,231.07688387402192
RESTRAIN,300.0,False,RESTRAIN,0.2620254103836607,0.0,0.47112334441434994,263.36289156543074
RESTRAIN,300.0,False,RESTRAIN,0.17680600905559085,0.0,0.44241595166627135,145.44858720820568
RESTRAIN,300.0,False,RESTRAIN,0.25106501038848705,0.0,0.4767715765126059,241.0301087691864
RESTRAIN,300.0,False,RESTRAIN,0.2067013020104983,0.0,0.09236010465054818,197.68586285985708
RESTRAIN,300.0,False,RESTRAIN,0.23163101270458175,0.0,0.39026959859240345,337.38367164715703
RESTRAIN,300.0,False,RESTRAIN,0.21244930708720822,0.0,0.40308777170999766,193.93959754438535
RESTRAIN,300.0,False,RESTRAIN,0.20458870610481528,0.0,0.8979429015217422,185.9810236145484
RESTRAIN,300.0,False,RESTRAIN,0.20839803959397996,0.0,0.04378785619024159,240.94634555068262
RESTRAIN,300.0,False,RESTRAIN,0.17768280184385854,0.0,0.28092503284907905,54.82711231750429
RESTRAIN,300.0,False,RESTRAIN,0.2108628767644518,0.0,0.44639574141763105,191.14499066605057
RESTRAIN,300.0,False,RESTRAIN,0.17517920119315167,0.0,0.7625118108620672,18.24715471923578
RESTRAIN,300.0,False,RESTRAIN,0.23559071904403217,0.0,0.4151134035151337,225.72863020037417
RESTRAIN,300.0,False,RESTRAIN,0.20915201106634218,0.0,0.26190580311041733,192.47892197974843
RESTRAIN,300.0,False,RESTRAIN,0.2622869997520143,0.0,0.48174139080592826,302.1840532792994
RESTRAIN,300.0,False,RESTRAIN,0.24167099214370213,0.0,0.26732412386852483,287.1731382019809
RESTRAIN,300.0,False,RESTRAIN,0.18088203861177365,0.0,0.49348932521177485,155.71622740544257
RESTRAIN,300.0,False,RESTRAIN,0.26184832327966734,0.0,0.6208742329643093,237.23761379659283
RESTRAIN,300.0,False,RESTRAIN,0.1534482890036848,0.0,0.477704119137767,109.19338890359492
RESTRAIN,300.0,False,RESTRAIN,0.16410362999014994,0.0,0.5486716945438972,139.6216009679645
RESTRAIN,300.0,False,RESTRAIN,0.20611275664596174,0.0,0.0348456975227776,28.08882627846213
RESTRAIN,300.0,False,RESTRAIN,0.16149106341145658,0.0,0.5929200714799198,36.253356614605615
RESTRAIN,300.0,True,RESTRAIN,0.3075660545174794,0.0,0.8727078552143434,294.74827181140137
RESTRAIN,300.0,False,RESTRAIN,0.2212009504627056,0.0,0.4424802786962282,349.8997842046517
RESTRAIN,300.0,False,RESTRAIN,0.1924962666401091,0.0,0.7224374090645714,176.11968496706302
RESTRAIN,300.0,False,RESTRAIN,0.1612177560211101,0.0,0.4940148062517645,46.06711357934461
RESTRAIN,300.0,False,RESTRAIN,0.16362760630907858,0.0,0.6335988512527275,31.801816031188682
RESTRAIN,300.0,False,RESTRAIN,0.19912250287499966,0.0,0.27892093911335014,16.346417999074205
RESTRAIN,300.0,False,RESTRAIN,0.28498523130211595,0.0,0.8701777330077136,316.3607839781243
RESTRAIN,300.0,False,RESTRAIN,0.19896639763535984,0.0,0.1936304841724178,159.19151870410587
RESTRAIN,300.0,False,RESTRAIN,0.2254721745285142,0.0,0.14318786058602714,316.9326553796294
RESTRAIN,300.0,False,RESTRAIN,0.20592733381764183,0.0,0.040971952850906004,130.61802948777557
RESTRAIN,300.0,False,RESTRAIN,0.22940800981815723,0.0,0.4870715061854553,211.70210914853715
RESTRAIN,300.0,False,RESTRAIN,0.26010943398750397,0.0,0.5570108193941657,242.58185891340452
RESTRAIN,300.0,False,RESTRAIN,0.1841899202672116,0.0,0.5845697757257914,18.01222198891662
RESTRAIN,300.0,False,RESTRAIN,0.22072726171217816,0.0,0.15500833629610017,245.3740108794802
RESTRAIN,300.0,True,RESTRAIN,0.27818792818687377,0.0,0.5862933824037017,287.8977397133311
RESTRAIN,300.0,False,RESTRAIN,0.2078032789474078,0.0,0.14859590816328733,7.948713716674951
RESTRAIN,300.0,False,RESTRAIN,0.17505229191884475,0.0,0.6794938404640798,21.175854436453783
RESTRAIN,300.0,False,RESTRAIN,0.20729596270860495,0.0,0.24772013408136367,187.95185164234437
RESTRAIN,300.0,False,RESTRAIN,0.22031653454391553,0.0,0.3798413256667485,349.6978245411402
RESTRAIN,300.0,False,RESTRAIN,0.21890537256821252,0.0,0.33050433994244066,350.368172594173
RESTRAIN,300.0,False,RESTRAIN,0.18023331054064595,0.0,0.3309507408418853,39.44831626824835
RESTRAIN,300.0,True,RESTRAIN,0.28586436997144193,0.0,0.6488491341411913,273.9169490563306
RESTRAIN,300.0,True,RESTRAIN,0.3148064039961932,0.0,0.8979956280891961,285.59481312472957
RESTRAIN,300.0,False,RESTRAIN,0.2541375752673496,0.0,0.47459677639168524,315.7039031300442
RESTRAIN,300.0,False,RESTRAIN,0.19663624531786628,0.0,0.36093500429734315,15.666533977508923
RESTRAIN,300.0,False,RESTRAIN,0.21793659759782158,0.0,0.2643292015036579,350.0760827541083
RESTRAIN,300.0,False,RESTRAIN,0.273443413169277,0.0,0.5620304061820784,295.81509925925025
RESTRAIN,300.0,False,RESTRAIN,0.23022605256106243,0.0,0.4060648936779467,218.76704536824894
RESTRAIN,300.0,False,RESTRAIN,0.169928906684639,0.0,0.6955522815779243,24.05813723814954
RESTRAIN,300.0,False,RESTRAIN,0.13966302429969768,0.0,0.5460202251135937,86.45697341034341
RESTRAIN,300.0,False,RESTRAIN,0.1719937017718235,0.0,0.37072924943137264,124.78730818741259
RESTRAIN,300.0,False,RESTRAIN,0.29372175983716875,0.0,0.8577101279544013,308.65949018098144
RESTRAIN,300.0,False,RESTRAIN,0.20979633355717098,0.0,0.010138117975839368,274.0033400502105
RESTRAIN,300.0,False,RESTRAIN,0.23934522445245643,0.0,0.6205392221533469,338.6594154701672
RESTRAIN,300.0,False,RESTRAIN,0.18608318792437684,0.0,0.3697123112883212,152.11348307874843
RESTRAIN,300.0,False,RESTRAIN,0.22036219606103447,0.0,0.1094596490353901,330.0473466146467
RESTRAIN,300.0,False,RESTRAIN,0.21977237883020873,0.0,0.08342590669168791,322.4550268373448
RESTRAIN,300.0,False,RESTRAIN,0.19986881491939523,0.0,0.584387088182487,6.655163701150548
RESTRAIN,300.0,False,RESTRAIN,0.19128278347694716,0.0,0.13299583539935697,86.13148728825266
RESTRAIN,300.0,True,RESTRAIN,0.2992227695298102,0.0,0.7704684408060216,287.9578732915012
RESTRAIN,300.0,False,RESTRAIN,0.23103923659894765,0.0,0.2798351876743645,239.43309044262784
RESTRAIN,300.0,False,RESTRAIN,0.16936369642452687,0.0,0.3094585746587227,80.23966490172828
RESTRAIN,300.0,True,RESTRAIN,0.27994378117371466,0.0,0.5941119920028556,281.32914752545804
RESTRAIN,300.0,False,RESTRAIN,0.18719750540405233,0.0,0.19814749417053334,113.96011957023313
RESTRAIN,300.0,False,RESTRAIN,0.20351807336996586,0.0,0.006335288714445587,216.77218630593782
RESTRAIN,300.0,False,RESTRAIN,0.23270691207397132,0.0,0.40124640612001267,336.4767878775827
RESTRAIN,300.0,False,RESTRAIN,0.14854655913865722,0.0,0.47509180052027,86.26254536739421
RESTRAIN,300.0,False,RESTRAIN,0.19085426390614169,0.0,0.40130597739737667,19.93229811847215
RESTRAIN,300.0,False,RESTRAIN,0.24272532893525345,0.0,0.4121925344961009,237.64996578123439
RESTRAIN,300.0,True,RESTRAIN,0.2764957260441374,0.0,0.5991650083727141,262.23170327176024
RESTRAIN,300.0,False,RESTRAIN,0.12205386256922168,0.0,0.7611199083864195,112.52837440551997
RESTRAIN,300.0,False,RESTRAIN,0.19716053972017522,0.0,0.3289550062838166,168.62794320947327
RESTRAIN,300.0,False,RESTRAIN,0.19845788176240808,0.0,0.711084197557305,180.3924533621893
RESTRAIN,300.0,False,RESTRAIN,0.2177276256568157,0.0,0.05641538962082139,293.7409755158948
RESTRAIN,300.0,False,RESTRAIN,0.2515930998740319,0.0,0.43223477030333995,249.5084963037175
RESTRAIN,300.0,False,RESTRAIN,0.16715855711956817,0.0,0.33853672893127645,98.27420601304203
RESTRAIN,300.0,False,RESTRAIN,0.15721639890543093,0.0,0.41934652049201704,98.28437468279746
RESTRAIN,300.0,False,RESTRAIN,0.20038099170185208,0.0,0.08233007075621568,116.98742927508182
RESTRAIN,300.0,False,RESTRAIN,0.19425961914294376,0.0,0.12494639231568175,52.54301787968019
RESTRAIN,300.0,False,RESTRAIN,0.18172952717683477,0.0,0.26413196420998625,48.340261823380196
RESTRAIN,300.0,False,RESTRAIN,0.23906378211951884,0.0,0.24617846368063145,294.2681530305786
RESTRAIN,300.0,False,RESTRAIN,0.24922874470820244,0.0,0.34658692428706595,299.4138806487043
RESTRAIN,300.0,False,RESTRAIN,0.15710220537427377,0.0,0.4115329894078958,93.62877259595992
RESTRAIN,300.0,False,RESTRAIN,0.23254154074432276,0.0,0.19905526442708144,306.1428422339491
RESTRAIN,300.0,False,RESTRAIN,0.22652218614934538,0.0,0.5572983928099723,205.46457813824
RESTRAIN,300.0,False,RESTRAIN,0.2442439067359239,0.0,0.33823940553700704,256.37680662591566
RESTRAIN,300.0,False,RESTRAIN,0.21782060319413465,0.0,0.05412175260812067,316.9599120629072
RESTRAIN,300.0,False,RESTRAIN,0.1841426427172752,0.0,0.21932704000296824,111.00391114720779
RESTRAIN,300.0,False,RESTRAIN,0.25205767527335365,0.0,0.5041325644676692,238.40138010706573
RESTRAIN,300.0,False,RESTRAIN,0.14621098480771333,0.0,0.5461894421491609,111.07199072832769
RESTRAIN,300.0,False,RESTRAIN,0.26273394742772416,0.0,0.719694782856238,325.0493637224625
RESTRAIN,300.0,False,RESTRAIN,0.18313511479580047,0.0,0.22093079402416405,107.85088294119771
RESTRAIN,300.0,False,RESTRAIN,0.24174638134655058,0.0,0.5059934514547172,225.1202284320031
RESTRAIN,300.0,False,RESTRAIN,0.1564859638104027,0.0,0.42849469719100436,68.7695591816947
RESTRAIN,300.0,False,RESTRAIN,0.13849509899790258,0.0,0.7636636567366308,133.1206430749894
RESTRAIN,300.0,False,RESTRAIN,0.14348988175555633,0.0,0.6569925618480948,126.503535997502
RESTRAIN,300.0,False,RESTRAIN,0.22197755162511235,0.0,0.11878691196742978,270.11688997102596
RESTRAIN,300.0,False,RESTRAIN,0.10459477797921135,0.0,0.8628967360758926,103.17429224747363
RESTRAIN,300.0,False,RESTRAIN,0.1747559579367588,0.0,0.319693175218843,117.86711756110336
RESTRAIN,300.0,False,RESTRAIN,0.19885629545014416,0.0,0.8591322499130017,3.3893049960852073
RESTRAIN,300.0,False,RESTRAIN,0.18042334213746658,0.0,0.256698943022907,113.70129942600579
RESTRAIN,300.0,False,RESTRAIN,0.15682331994706555,0.0,0.42204494251826963,97.97308880840586
RESTRAIN,300.0,False,RESTRAIN,0.21569483073015316,0.0,0.49541743292649315,196.0586616648226
RESTRAIN,300.0,False,RESTRAIN,0.20508861798930833,0.0,0.0572325325737992,144.64096633608352
RESTRAIN,300.0,False,RESTRAIN,0.21913549605490246,0.0,0.6440990720885553,352.96967946020584
RESTRAIN,300.0,False,RESTRAIN,0.20667870595547944,0.0,0.094239328017283,196.60760543734753
RESTRAIN,300.0,False,RESTRAIN,0.2001607078845784,0.0,0.1477464994004404,26.189522209450548
RESTRAIN,300.0,False,RESTRAIN,0.24074005882897764,0.0,0.26121798337981184,291.4146982198967
RESTRAIN,300.0,False,RESTRAIN,0.16826105409615522,0.0,0.8646716649791493,19.17534674740051
RESTRAIN,300.0,False,RESTRAIN,0.30280661898095806,0.0,0.8758046533216859,301.4026777841735
RESTRAIN,300.0,False,RESTRAIN,0.17722604196979153,0.0,0.440384798025634,145.96962682542446
RESTRAIN,300.0,False,RESTRAIN,0.184699890144702,0.0,0.47998899563814185,22.20368999499935
RESTRAIN,300.0,False,RESTRAIN,0.21554966530661612,0.0,0.19065880561690532,351.8516034712483
RESTRAIN,300.0,False,RESTRAIN,0.2016267894511118,0.0,0.3762374809850184,178.35319301984705
RESTRAIN,300.0,False,RESTRAIN,0.2971008786357493,0.0,0.8859764469179463,307.7326976872221
RESTRAIN,300.0,False,RESTRAIN,0.16240045938123093,0.0,0.711712866617186,151.40087619918225
RESTRAIN,300.0,False,RESTRAIN,0.18380392471537765,0.0,0.6276590929113494,166.17868467338062
RESTRAIN,300.0,False,RESTRAIN,0.18614454618107512,0.0,0.2505734227877694,130.45107781950117
RESTRAIN,300.0,False,RESTRAIN,0.14573875732240926,0.0,0.6867533241788164,132.8119139704206
RESTRAIN,300.0,True,RESTRAIN,0.3115384018993683,0.0,0.8698985164834498,285.64388451192104
RESTRAIN,300.0,False,RESTRAIN,0.1826228096864274,0.0,0.8891579293911093,11.08240751150612
RESTRAIN,300.0,False,RESTRAIN,0.19697939473513548,0.0,0.5398129366410283,176.35103046204776
RESTRAIN,300.0,False,RESTRAIN,0.19055108493749673,0.0,0.1446588430057942,95.600565635245
RESTRAIN,300.0,False,RESTRAIN,0.2289193620394271,0.0,0.8676630511767307,200.41875887291906
RESTRAIN,300.0,False,RESTRAIN,0.14745496697540306,0.0,0.48724087430313395,77.47621123202264
RESTRAIN,300.0,False,RESTRAIN,0.2062708641978046,0.0,0.034506518813425556,125.55023356712816
RESTRAIN,300.0,False,RESTRAIN,0.20589271631545747,0.0,0.0733473230155488,191.97290142212293
RESTRAIN,300.0,True,RESTRAIN,0.2689384239391899,0.0,0.5195321417013322,267.0510549158485
RESTRAIN,300.0,False,RESTRAIN,0.24086267339910905,0.0,0.7517644534038381,340.54876624735317
RESTRAIN,300.0,False,RESTRAIN,0.10232518871009766,0.0,0.8473692851418024,87.52660859737999
RESTRAIN,300.0,False,RESTRAIN,0.18562050564920474,0.0,0.8499924998370357,173.84889565315507
RESTRAIN,300.0,False,RESTRAIN,0.15686423052564125,0.0,0.5207530084564179,125.51307199462119
RESTRAIN,300.0,False,RESTRAIN,0.2582384924296415,0.0,0.8832682898338416,218.17326914218214
RESTRAIN,300.0,False,RESTRAIN,0.1973440503048478,0.0,0.13463648470911357,131.93293026755978
RESTRAIN,300.0,False,RESTRAIN,0.20150697317886757,0.0,0.08520088560344229,34.90888221684593
RESTRAIN,300.0,False,RESTRAIN,0.20494913830725092,0.0,0.027250098493990526,221.18284600411025
RESTRAIN,300.0,False,RESTRAIN,0.18702160702270076,0.0,0.6967188968051765,12.802734005629933
RESTRAIN,300.0,False,RESTRAIN,0.1770566772500768,0.0,0.8249372510666039,15.495283413172242
RESTRAIN,300.0,False,RESTRAIN,0.27373131503910275,0.0,0.7558503371792465,318.3195401973959
RESTRAIN,300.0,False,RESTRAIN,0.286951828002329,0.0,0.8456725714734137,313.30106603952186
RESTRAIN,300.0,False,RESTRAIN,0.22168296974378687,0.0,0.49326106484159765,202.57710198828667
RESTRAIN,300.0,False,RESTRAIN,0.19761623508278048,0.0,0.6867372981134482,6.481009734683552
RESTRAIN,300.0,False,RESTRAIN,0.17851700346461397,0.0,0.3030388859658798,123.51800495879513
RESTRAIN,300.0,False,RESTRAIN,0.13860551778695862,0.0,0.689921004489052,124.65634681838316
RESTRAIN,300.0,True,RESTRAIN,0.2841739322496851,0.0,0.6777413988808872,259.520521107355
RESTRAIN,300.0,False,RESTRAIN,0.2555693196161086,0.0,0.3920425896786825,292.28713083238915
RESTRAIN,300.0,False,RESTRAIN,0.20581898623579897,0.0,0.03938908462130482,127.5262498643622
RESTRAIN,300.0,False,RESTRAIN,0.1941514771421865,0.0,0.23963666284224067,151.82620238091917
RESTRAIN,300.0,False,RESTRAIN,0.10879034168353541,0.0,0.7966665339326161,80.87751522743783
RESTRAIN,300.0,True,RESTRAIN,0.2682478827551875,0.0,0.528539992914462,262.0506147580466
RESTRAIN,300.0,False,RESTRAIN,0.17294159079843197,0.0,0.36458392318598076,125.69501770141653
RESTRAIN,300.0,True,RESTRAIN,0.3000350918539243,0.0,0.8526557965105986,253.97292695214563
RESTRAIN,300.0,False,RESTRAIN,0.24258748901931004,0.0,0.3297977068609338,254.48406150343146
RESTRAIN,300.0,False,RESTRAIN,0.1756011342188244,0.0,0.29527463643004614,56.236928612479616
RESTRAIN,300.0,False,RESTRAIN,0.2684902891787776,0.0,0.6934464193938071,318.772353648998
RESTRAIN,300.0,False,RESTRAIN,0.24670720245622313,0.0,0.31977416690210464,296.82821159174756
RESTRAIN,300.0,False,RESTRAIN,0.22379777614423724,0.0,0.4016098998115491,209.88415951678962
RESTRAIN,300.0,False,RESTRAIN,0.16328986979335935,0.0,0.6502122290605304,31.076931894002712
RESTRAIN,300.0,False,RESTRAIN,0.16418307108932328,0.0,0.38710816321779534,60.21177540939674
RESTRAIN,300.0,False,RESTRAIN,0.18745778250878398,0.0,0.2900591473643259,33.18426594950435
RESTRAIN,300.0,False,RESTRAIN,0.20675149566215212,0.0,0.013849952627534856,166.90138198242326
RESTRAIN,300.0,False,RESTRAIN,0.1125182696889313,0.0,0.7745126984349369,95.58456102893912
RESTRAIN,300.0,False,RESTRAIN,0.2627305403016499,0.0,0.47403341371136426,299.08680324535965
RESTRAIN,300.0,False,RESTRAIN,0.1655133293748431,0.0,0.7661986853471368,156.94430358035942
RESTRAIN,300.0,False,RESTRAIN,0.18360892091695424,0.0,0.5560579134435408,162.7552706367213
RESTRAIN,300.0,False,RESTRAIN,0.22417061301922903,0.0,0.18059974355734768,331.8931761847536
RESTRAIN,300.0,False,RESTRAIN,0.2191104949801218,0.0,0.3268448559102628,207.99774509130816
RESTRAIN,300.0,False,RESTRAIN,0.17870683039050073,0.0,0.37553235843861005,139.44465922285013
RESTRAIN,300.0,False,RESTRAIN,0.21767535251112935,0.0,0.665753387954635,354.044689813608
RESTRAIN,300.0,False,RESTRAIN,0.18970428532784667,0.0,0.4933558732123427,166.47688156049284
RESTRAIN,300.0,False,RESTRAIN,0.23036822752707742,0.0,0.572853155945251,208.6848861420187
RESTRAIN,300.0,False,RESTRAIN,0.15094565218981915,0.0,0.6777721524586009,137.52034407611225
RESTRAIN,300.0,False,RESTRAIN,0.22849189457447494,0.0,0.24647519228019887,240.91468747626908
RESTRAIN,300.0,True,RESTRAIN,0.30350567885820545,0.0,0.7937926184368651,279.2907874842733
RESTRAIN,300.0,False,RESTRAIN,0.23538710894839754,0.0,0.4079492549683845,226.31120192063875
RESTRAIN,300.0,False,RESTRAIN,0.13392851949630413,0.0,0.5950097025783679,89.43152309123076
RESTRAIN,300.0,False,RESTRAIN,0.22191811923094096,0.0,0.1963820688397199,339.2269545825686
RESTRAIN,300.0,False,RESTRAIN,0.20579031997443675,0.0,0.21003512398973118,184.2184030562591
RESTRAIN,300.0,False,RESTRAIN,0.2833868642720063,0.0,0.6614904631828579,297.36820474481874
RESTRAIN,300.0,False,RESTRAIN,0.20835081678961465,0.0,0.3153654690681009,3.1769003836505005
RESTRAIN,300.0,False,RESTRAIN,0.20613695395095644,0.0,0.7883619909742461,186.3949908625321
RESTRAIN,300.0,False,RESTRAIN,0.24089495664710292,0.0,0.5982723806718447,336.80864216094653
RESTRAIN,300.0,False,RESTRAIN,0.26815437964465194,0.0,0.598886026305617,247.7556411333086
RESTRAIN,300.0,False,RESTRAIN,0.17831544966826596,0.0,0.3422405739553566,41.10571464378589
RESTRAIN,300.0,True,RESTRAIN,0.29675286705405235,0.0,0.8124032877894108,255.59028014242847
RESTRAIN,300.0,False,RESTRAIN,0.19500068169355167,0.0,0.850175518295714,5.407442270900673
RESTRAIN,300.0,False,RESTRAIN,0.18852495858985618,0.0,0.23214532467210125,132.7250899252752
RESTRAIN,300.0,False,RESTRAIN,0.15017866307523353,0.0,0.46310631373947037,85.21312798206891
RESTRAIN,300.0,False,RESTRAIN,0.10649707203620717,0.0,0.8162386627186734,90.6794530423502
RESTRAIN,300.0,False,RESTRAIN,0.20657810079556838,0.0,0.09115249058401995,14.933063328910023
RESTRAIN,300.0,False,RESTRAIN,0.22273486178672453,0.0,0.26782109870450954,222.1676175607049
RESTRAIN,300.0,True,RESTRAIN,0.309045674283152,0.0,0.8589838666908567,267.085362866082
RESTRAIN,300.0,False,RESTRAIN,0.156911628185619,0.0,0.43647622940925535,105.06024601301662
RESTRAIN,300.0,False,RESTRAIN,0.24612270996777386,0.0,0.8563834601177912,211.26621057521174
RESTRAIN,300.0,False,RESTRAIN,0.20270439390191342,0.0,0.3421514508120481,179.0617557947468
RESTRAIN,300.0,False,RESTRAIN,0.21295222513801149,0.0,0.4747496755150165,357.5334007275164
RESTRAIN,300.0,False,RESTRAIN,0.25742907073439436,0.0,0.40871059929987213,292.4395531835509
RESTRAIN,300.0,False,RESTRAIN,0.2295761888285458,0.0,0.4114927543836944,340.57367575126284
RESTRAIN,300.0,True,RESTRAIN,0.301165197535713,0.0,0.8259416347051391,296.7586671171003
RESTRAIN,300.0,False,RESTRAIN,0.2619073027370492,0.0,0.6251785456498271,236.76179760949853
RESTRAIN,300.0,False,RESTRAIN,0.15748669106869728,0.0,0.8511583286486955,25.61978717147877
RESTRAIN,300.0,False,RESTRAIN,0.2416100944706685,0.0,0.29657880549980914,308.84194671961814
RESTRAIN,300.0,True,RESTRAIN,0.3151561942272263,0.0,0.8945044996593199,273.96693272172416
RESTRAIN,300.0,False,RESTRAIN,0.13148568141495653,0.0,0.6368980059477601,101.57809525766747
RESTRAIN,300.0,False,RESTRAIN,0.1939747648446447,0.0,0.11817918593156108,96.97821909748822
RESTRAIN,300.0,False,RESTRAIN,0.2084503040496971,0.0,0.371648795251319,188.73035312412222
RESTRAIN,300.0,False,RESTRAIN,0.1818402213922906,0.0,0.2238010191680526,101.88049151980455
RESTRAIN,300.0,False,RESTRAIN,0.21710755587954222,0.0,0.2119134130515151,349.42515134589615
RESTRAIN,300.0,False,RESTRAIN,0.10766051348450856,0.0,0.8365975538918599,69.6849090991353
RESTRAIN,300.0,False,RESTRAIN,0.11531738951433834,0.0,0.8639545447083462,55.21622093842354
RESTRAIN,300.0,False,RESTRAIN,0.20890478395276146,0.0,0.012750030097872489,15.668627850026176
RESTRAIN,300.0,False,RESTRAIN,0.20795616031209885,0.0,0.12423306487529007,198.93276628324278
RESTRAIN,300.0,False,RESTRAIN,0.23680926856515427,0.0,0.2500606664741317,266.51835422084304
RESTRAIN,300.0,False,RESTRAIN,0.24172078862598279,0.0,0.7629618068578935,211.08298332673783
RESTRAIN,300.0,False,RESTRAIN,0.14040402521470619,0.0,0.5499951737194719,74.9794128595637
RESTRAIN,300.0,False,RESTRAIN,0.24192830020433775,0.0,0.5088849480376677,332.434089421799
RESTRAIN,300.0,False,RESTRAIN,0.16254212983496297,0.0,0.5384469213934417,136.54690831368293
RESTRAIN,300.0,False,RESTRAIN,0.12087163356174746,0.0,0.8555283180263468,50.68848270640442
RESTRAIN,300.0,False,RESTRAIN,0.17779441724171463,0.0,0.24821139487053806,68.78001898695784
RESTRAIN,300.0,False,RESTRAIN,0.20273693844026108,0.0,0.11098989823028714,157.75606816827727
RESTRAIN,300.0,False,RESTRAIN,0.21661409515522567,0.0,0.5470338313505994,195.97532245041563
RESTRAIN,300.0,False,RESTRAIN,0.2550861490530302,0.0,0.871982170248656,216.5215582204208
RESTRAIN,300.0,False,RESTRAIN,0.17024471552464704,0.0,0.6390038370086352,26.365392366686763
RESTRAIN,300.0,False,RESTRAIN,0.28480114829548464,0.0,0.8029047250867598,312.2980456543493
RESTRAIN,300.0,False,RESTRAIN,0.12321501697941906,0.0,0.8065708606103815,121.11493549202896
RESTRAIN,300.0,False,RESTRAIN,0.18379115091329046,0.0,0.19733138180208845,93.38286527485258
RESTRAIN,300.0,False,RESTRAIN,0.26990513084282797,0.0,0.6170386101310678,247.52444769018388
RESTRAIN,300.0,False,RESTRAIN,0.25581823754137756,0.0,0.7759988027855526,220.88191111894469
RESTRAIN,300.0,False,RESTRAIN,0.21206862698879392,0.0,0.09120679855921245,357.41543822581605
RESTRAIN,300.0,False,RESTRAIN,0.1676851737170143,0.0,0.5863304636857357,147.72716794410894
RESTRAIN,300.0,False,RESTRAIN,0.17871651622489848,0.0,0.2448028480155835,65.96928707550992
RESTRAIN,300.0,False,RESTRAIN,0.22441131018561855,0.0,0.7395034587757204,350.19526006579366
RESTRAIN,300.0,False,RESTRAIN,0.20265828701055977,0.0,0.20088685353995503,173.52603601862276
RESTRAIN,300.0,False,RESTRAIN,0.23603417510752023,0.0,0.33607844918229146,238.1494706434577
RESTRAIN,300.0,False,RESTRAIN,0.18711370067827704,0.0,0.6090683322119156,15.233443704708769
RESTRAIN,300.0,False,RESTRAIN,0.15631486723479693,0.0,0.5002435434337908,120.91894904205138
RESTRAIN,300.0,False,RESTRAIN,0.21287222961411945,0.0,0.10797841668268601,355.40094018127695
RESTRAIN,300.0,False,RESTRAIN,0.2180875384113088,0.0,0.20276562626758562,347.1760331919701
RESTRAIN,300.0,False,RESTRAIN,0.21716642109286832,0.0,0.7972560567979459,354.29450698421846
RESTRAIN,300.0,True,RESTRAIN,0.30809490859569755,0.0,0.8899016322327608,296.61514449987965
RESTRAIN,300.0,False,RESTRAIN,0.19952655067415703,0.0,0.6245748360736162,180.1831147481031
RESTRAIN,300.0,False,RESTRAIN,0.2038436783037746,0.0,0.008788205340776501,205.92694897966447
RESTRAIN,300.0,False,RESTRAIN,0.16729122103010652,0.0,0.669060592063479,26.947002735132315
RESTRAIN,300.0,True,RESTRAIN,0.2778332667264565,0.0,0.5785430263840861,285.57889654418705
RESTRAIN,300.0,False,RESTRAIN,0.25189841921680844,0.0,0.37063831989948587,269.665591225767
RESTRAIN,300.0,False,RESTRAIN,0.22881657115946252,0.0,0.20524123126222413,254.98702540976527
RESTRAIN,300.0,False,RESTRAIN,0.1971414325948293,0.0,0.1491280686653001,137.72380637056813
RESTRAIN,300.0,False,RESTRAIN,0.19920132869883322,0.0,0.07518317596931116,95.70562965584128
RESTRAIN,300.0,True,RESTRAIN,0.2760594460582553,0.0,0.5753433379562443,291.5707083485256
RESTRAIN,300.0,False,RESTRAIN,0.2179320157458925,0.0,0.30354711622231045,350.833504858885
RESTRAIN,300.0,False,RESTRAIN,0.18005128673059956,0.0,0.46621193319505805,152.45422169724839
RESTRAIN,300.0,False,RESTRAIN,0.18733721906214063,0.0,0.4726875311856958,19.98538550310439
RESTRAIN,300.0,False,RESTRAIN,0.25230829912254726,0.0,0.5465722354117252,324.2616988860094
RESTRAIN,300.0,False,RESTRAIN,0.2616187729976174,0.0,0.5350914098279165,248.19969338493613
RESTRAIN,300.0,False,RESTRAIN,0.25068696859043427,0.0,0.4671690690171016,241.71193543413037
RESTRAIN,300.0,False,RESTRAIN,0.21902006620778236,0.0,0.13960598806686195,339.9328446673763
RESTRAIN,300.0,False,RESTRAIN,0.20647809757161173,0.0,0.024338847397146125,241.37870788214576
RESTRAIN,300.0,False,RESTRAIN,0.24045881533437263,0.0,0.5185663209462974,222.30341709154345
RESTRAIN,300.0,False,RESTRAIN,0.24852896376975597,0.0,0.38089799902022636,255.639927124863
RESTRAIN,300.0,False,RESTRAIN,0.19922490511429714,0.0,0.36910679251163186,174.219868516441
RESTRAIN,300.0,False,RESTRAIN,0.16237133284252547,0.0,0.38705909132583965,103.3150083749193
RESTRAIN,300.0,False,RESTRAIN,0.19552832117061825,0.0,0.10218781810783606,90.64357038497786
RESTRAIN,300.0,False,RESTRAIN,0.22538949815607978,0.0,0.16134116573753612,261.4482531645188
RESTRAIN,300.0,False,RESTRAIN,0.13369982799570412,0.0,0.5959389925705366,87.33926909902114
RESTRAIN,300.0,False,RESTRAIN,0.23680712340966503,0.0,0.46240332626137737,335.21602832396496
RESTRAIN,300.0,False,RESTRAIN,0.16845530387983787,0.0,0.5486960977310533,145.07960756616143
RESTRAIN,300.0,False,RESTRAIN,0.2129082489733798,0.0,0.11640656045346755,228.0847748674705
RESTRAIN,300.0,False,RESTRAIN,0.18144516327218285,0.0,0.7327256594008801,15.407782393887173
RESTRAIN,300.0,False,RESTRAIN,0.19312059079586252,0.0,0.3353757529942614,161.61826676947442
RESTRAIN,300.0,False,RESTRAIN,0.16703447325129372,0.0,0.5517647890265145,143.8419739018848
RESTRAIN,300.0,False,RESTRAIN,0.2579957534405978,0.0,0.41908789771203786,271.6768823860941
RESTRAIN,300.0,False,RESTRAIN,0.18986862341683586,0.0,0.42149076359278737,19.951160763272103
RESTRAIN,300.0,False,RESTRAIN,0.15625808870031543,0.0,0.7007224234906129,144.84686686073383
RESTRAIN,300.0,False,RESTRAIN,0.22258933518375268,0.0,0.09931397985588628,308.9281038737051
RESTRAIN,300.0,False,RESTRAIN,0.2107861228210951,0.0,0.06731119781827709,240.65954308697786
RESTRAIN,300.0,False,RESTRAIN,0.22036420486001185,0.0,0.09095247310967776,279.8729826516172
RESTRAIN,300.0,True,RESTRAIN,0.31549089758523696,0.0,0.8957701246516507,274.77624834785337
RESTRAIN,300.0,False,RESTRAIN,0.2825177253811685,0.0,0.8344333163309798,238.30052918166956
RESTRAIN,300.0,False,RESTRAIN,0.15810961709068683,0.0,0.6304981283223579,140.8668673807613
RESTRAIN,300.0,False,RESTRAIN,0.1787633552930682,0.0,0.4027912307427475,143.7815759713238
RESTRAIN,300.0,False,RESTRAIN,0.20606285263451396,0.0,0.07656408962119945,18.425556515548486
RESTRAIN,300.0,False,RESTRAIN,0.11888934090868186,0.0,0.7388061226005579,70.19972456078655
RESTRAIN,300.0,False,RESTRAIN,0.20989557296071815,0.0,0.1704983395649716,200.91153022434776
RESTRAIN,300.0,False,RESTRAIN,0.2321212713874391,0.0,0.24555784380277515,322.22858825576714
RESTRAIN,300.0,False,RESTRAIN,0.2540232389700592,0.0,0.7567127478400045,220.4022902169257
RESTRAIN,300.0,False,RESTRAIN,0.19066036730106073,0.0,0.23160096638724012,139.33723825375543
RESTRAIN,300.0,False,RESTRAIN,0.29253769326665724,0.0,0.7601188401072128,299.496327231292
RESTRAIN,300.0,False,RESTRAIN,0.17463195725252356,0.0,0.7073447068746335,161.55716975883644
RESTRAIN,300.0,False,RESTRAIN,0.11457447507954222,0.0,0.7535612166936827,93.5573011707947
RESTRAIN,300.0,False,RESTRAIN,0.16900108366741617,0.0,0.6068620817790938,28.826222775959035
RESTRAIN,300.0,False,RESTRAIN,0.2462725679507095,0.0,0.3169132394404462,298.2782483094808
RESTRAIN,300.0,False,RESTRAIN,0.24455705305037323,0.0,0.5878510874717252,221.75189755898606
RESTRAIN,300.0,False,RESTRAIN,0.23820119728737243,0.0,0.7461969444871731,209.09536062691672
RESTRAIN,300.0,True,RESTRAIN,0.28372571286685044,0.0,0.6744776011202218,259.44125489932105
RESTRAIN,300.0,False,RESTRAIN,0.2514613364153462,0.0,0.7758252544488601,217.81453065379975
RESTRAIN,300.0,False,RESTRAIN,0.11935691664145931,0.0,0.8851778793307242,126.18960382308724
RESTRAIN,300.0,False,RESTRAIN,0.24748083620693007,0.0,0.6211307406331893,222.32930542837983
RESTRAIN,300.0,False,RESTRAIN,0.12312102485195986,0.0,0.8353144848642572,50.41513899551005
RESTRAIN,300.0,False,RESTRAIN,0.18018689689667444,0.0,0.24460002459984867,106.622872033076
RESTRAIN,300.0,False,RESTRAIN,0.21737344135847525,0.0,0.8761344667625766,193.43286320086412
RESTRAIN,300.0,False,RESTRAIN,0.1607620476837418,0.0,0.8192921099078858,24.893642428154802
RESTRAIN,300.0,False,RESTRAIN,0.21582640801312702,0.0,0.0371186800399678,295.8420824754748
RESTRAIN,300.0,False,RESTRAIN,0.18912970794345818,0.0,0.5314030084355184,16.070053700541056
RESTRAIN,300.0,False,RESTRAIN,0.168827618298254,0.0,0.45267452540588893,134.05189584640874
RESTRAIN,300.0,False,RESTRAIN,0.17569185658263597,0.0,0.7340447273537628,163.58219909444634
RESTRAIN,300.0,False,RESTRAIN,0.21626279220190114,0.0,0.11370612032954254,245.05445881494188
RESTRAIN,300.0,False,RESTRAIN,0.15649160276719887,0.0,0.47487534607229115,55.7529839339662
RESTRAIN,300.0,False,RESTRAIN,0.2613836698968922,0.0,0.4511374166014921,295.6924913358211
RESTRAIN,300.0,False,RESTRAIN,0.1875791099865982,0.0,0.3559851263389815,153.39996654244666
RESTRAIN,300.0,False,RESTRAIN,0.09683367354035877,0.0,0.8929644798012863,90.41399123176897
RESTRAIN,300.0,False,RESTRAIN,0.1710083937224387,0.0,0.4855917564703835,35.40088826190049
RESTRAIN,300.0,False,RESTRAIN,0.23399255409753061,0.0,0.37191996371618113,333.1127453401443
RESTRAIN,300.0,False,RESTRAIN,0.151026288191079,0.0,0.7707630453518218,145.21828158859867
RESTRAIN,300.0,False,RESTRAIN,0.19903018529094385,0.0,0.12514896032562564,137.2803593264032
RESTRAIN,300.0,False,RESTRAIN,0.17711677866811026,0.0,0.258806070472924,64.88777271410792
RESTRAIN,300.0,False,RESTRAIN,0.20498856266758603,0.0,0.25100272848222743,182.2817873669315
RESTRAIN,300.0,False,RESTRAIN,0.1145036980467673,0.0,0.8403306167798461,115.1581422166964
RESTRAIN,300.0,False,RESTRAIN,0.1191517688394802,0.0,0.7922967443985235,59.73233843083686
RESTRAIN,300.0,True,RESTRAIN,0.27315252505650023,0.0,0.5460159152691205,271.0332695658548
RESTRAIN,300.0,False,RESTRAIN,0.2349507671610317,0.0,0.2876664853312281,323.37565780612135
RESTRAIN,300.0,False,RESTRAIN,0.1678307791736483,0.0,0.4212933947218118,126.82592444614147
RESTRAIN,300.0,False,RESTRAIN,0.14691894362684033,0.0,0.5140318850103156,103.13824995662182
RESTRAIN,300.0,False,RESTRAIN,0.1659399599074004,0.0,0.48607815550660016,134.41867254382709
RESTRAIN,300.0,False,RESTRAIN,0.2263636762821719,0.0,0.23034181018707456,332.9405303320177
RESTRAIN,300.0,False,RESTRAIN,0.20950896499097604,0.0,0.1174388436182822,210.09821000236786
RESTRAIN,300.0,False,RESTRAIN,0.11640077829178386,0.0,0.8168727216577117,59.7282465557232
RESTRAIN,300.0,False,RESTRAIN,0.24954032729853293,0.0,0.5767626086518316,227.6946926196595
RESTRAIN,300.0,False,RESTRAIN,0.19969974411142577,0.0,0.1305831450842468,144.45259641804296
RESTRAIN,300.0,False,RESTRAIN,0.19239703560386,0.0,0.8908591324983388,6.26721621680403
RESTRAIN,300.0,False,RESTRAIN,0.220420228917665,0.0,0.3701495845299435,349.1748249217156
RESTRAIN,300.0,False,RESTRAIN,0.1500850477844904,0.0,0.6596731062844724,41.362595061885514
RESTRAIN,300.0,False,RESTRAIN,0.19852124707836216,0.0,0.1590432490293446,148.85877558124128
RESTRAIN,300.0,False,RESTRAIN,0.28113268327236507,0.0,0.8394891268345659,236.74987529432278
RESTRAIN,300.0,False,RESTRAIN,0.20709568900693687,0.0,0.07128657625408114,210.96840985447477
RESTRAIN,300.0,False,RESTRAIN,0.20257687895267507,0.0,0.8602394788352566,1.5185697880651627
RESTRAIN,300.0,False,RESTRAIN,0.24581979599548598,0.0,0.6544103325509723,218.83876740364943
RESTRAIN,300.0,False,RESTRAIN,0.23055201504991996,0.0,0.2045201187047221,261.81771836343677
RESTRAIN,300.0,False,RESTRAIN,0.22901112722996697,0.0,0.16281516637125468,305.7560382709005
RESTRAIN,300.0,False,RESTRAIN,0.11930337602060503,0.0,0.7533908227985315,66.2194651256024
RESTRAIN,300.0,False,RESTRAIN,0.208638275567124,0.0,0.03593155621594768,13.2320625490158
RESTRAIN,300.0,False,RESTRAIN,0.21737335477212139,0.0,0.10285210599912663,339.9767746133295
RESTRAIN,300.0,False,RESTRAIN,0.26663586261907046,0.0,0.6055704715717304,244.9544426967174
RESTRAIN,300.0,False,RESTRAIN,0.2047340185128158,0.0,0.06963029340941279,163.78676747983013
RESTRAIN,300.0,False,RESTRAIN,0.2627944389527819,0.0,0.48712085555336865,261.0182842468996
RESTRAIN,300.0,False,RESTRAIN,0.15177403332257422,0.0,0.5166475365219638,56.54888666018571
RESTRAIN,300.0,False,RESTRAIN,0.2130451976773432,0.0,0.01608434390076262,345.02331342446405
RESTRAIN,300.0,False,RESTRAIN,0.23493677334213015,0.0,0.3394468627190282,235.52794999153227
RESTRAIN,300.0,False,RESTRAIN,0.21552382953289329,0.0,0.025677573689448296,315.7028234995399
RESTRAIN,300.0,False,RESTRAIN,0.22896564791582752,0.0,0.8701968132556065,200.4150127855477
RESTRAIN,300.0,False,RESTRAIN,0.2330719727299364,0.0,0.19378954339653773,288.28970345519
RESTRAIN,300.0,False,RESTRAIN,0.14147485540531435,0.0,0.6207390254447418,117.96295366850038
RESTRAIN,300.0,False,RESTRAIN,0.14884432297983896,0.0,0.6063890625522783,47.90737981629831
RESTRAIN,300.0,False,RESTRAIN,0.14025832342626943,0.0,0.695008694716737,127.37544209783235
RESTRAIN,300.0,False,RESTRAIN,0.23623648254077023,0.0,0.3017948203635576,322.89286197392556
RESTRAIN,300.0,False,RESTRAIN,0.22348019724460744,0.0,0.1659582061458159,251.31294983802164
RESTRAIN,300.0,False,RESTRAIN,0.1884707985086197,0.0,0.4774519909727942,164.24696779687804
RESTRAIN,300.0,False,RESTRAIN,0.12982319575214973,0.0,0.624903035832671,84.67626100669679
RESTRAIN,300.0,False,RESTRAIN,0.24313641228379423,0.0,0.6797712049880908,215.29607845043725
RESTRAIN,300.0,False,RESTRAIN,0.20579646072311186,0.0,0.04402386199345505,213.44515790983849
RESTRAIN,300.0,False,RESTRAIN,0.21265915313283512,0.0,0.6773937720580304,191.13129738282254
RESTRAIN,300.0,False,RESTRAIN,0.21927067951008217,0.0,0.10118902889658417,265.6093479086809
RESTRAIN,300.0,False,RESTRAIN,0.14914293203939077,0.0,0.47218123904174586,87.41278274487163
RESTRAIN,300.0,False,RESTRAIN,0.20482108422329248,0.0,0.49986995019828234,183.95611044940796
RESTRAIN,300.0,False,RESTRAIN,0.1962579065310711,0.0,0.1143451735982129,111.02621425472577
RESTRAIN,300.0,False,RESTRAIN,0.10190242225579682,0.0,0.867598133186251,74.01619786316105
RESTRAIN,300.0,False,RESTRAIN,0.14773509636713789,0.0,0.5742147764788258,119.80131587291761
RESTRAIN,300.0,False,RESTRAIN,0.23409537144792525,0.0,0.20150229945926054,289.0612050931717
RESTRAIN,300.0,False,RESTRAIN,0.2034191026315617,0.0,0.04580790996176667,40.99955774701682
RESTRAIN,300.0,False,RESTRAIN,0.12307793955780633,0.0,0.6975210821083778,99.17325254464095
RESTRAIN,300.0,False,RESTRAIN,0.21422974605421685,0.0,0.757184077679684,191.8890260630415
RESTRAIN,300.0,False,RESTRAIN,0.20323455494053633,0.0,0.08156705867859977,144.34858881211778
RESTRAIN,300.0,False,RESTRAIN,0.23717081703693554,0.0,0.23168762564212117,297.9631833628347
RESTRAIN,300.0,True,RESTRAIN,0.27798261268775715,0.0,0.5781400919899778,280.5269663334758
RESTRAIN,300.0,False,RESTRAIN,0.2430562883283447,0.0,0.3770794221949474,244.05080996883703
RESTRAIN,300.0,False,RESTRAIN,0.1715545798397412,0.0,0.3082610596870834,101.69922406945182
RESTRAIN,300.0,False,RESTRAIN,0.20333644141001406,0.0,0.38200615629441964,7.638783248821439
RESTRAIN,300.0,False,RESTRAIN,0.15760230225151084,0.0,0.45477409277495845,113.00583940120521
RESTRAIN,300.0,False,RESTRAIN,0.21369000202469224,0.0,0.16619633025565048,216.3444018999336
RESTRAIN,300.0,False,RESTRAIN,0.1807888651936599,0.0,0.3492568792462014,36.52110403224798
RESTRAIN,300.0,False,RESTRAIN,0.2186926653307547,0.0,0.06284289574456005,296.48960835987805
RESTRAIN,300.0,False,RESTRAIN,0.21162045389342332,0.0,0.005450076593691622,355.1747673026644
RESTRAIN,300.0,True,RESTRAIN,0.31057955992170894,0.0,0.8776739984971837,265.521849048039
RESTRAIN,300.0,False,RESTRAIN,0.20556841973286977,0.0,0.04932707461187739,149.2605177197064
RESTRAIN,300.0,False,RESTRAIN,0.2151558309430831,0.0,0.0391301053085929,286.99861878902925
RESTRAIN,300.0,False,RESTRAIN,0.11016684982673441,0.0,0.8009657781203932,98.13477243608783
RESTRAIN,300.0,False,RESTRAIN,0.238691781747695,0.0,0.8784331292467692,343.47961881566613
RESTRAIN,300.0,False,RESTRAIN,0.1379123848877053,0.0,0.7600813433598995,131.97931149722464
RESTRAIN,300.0,False,RESTRAIN,0.2181603359752078,0.0,0.12559540745172543,248.3616907903132
RESTRAIN,300.0,False,RESTRAIN,0.1998248750984125,0.0,0.5755785028664173,6.8098151249287975
RESTRAIN,300.0,False,RESTRAIN,0.2526489510531663,0.0,0.6272320717260848,227.05877777338682
RESTRAIN,300.0,False,RESTRAIN,0.12650440480737635,0.0,0.6944962549235185,106.57021576930727
RESTRAIN,300.0,False,RESTRAIN,0.19985849451032545,0.0,0.10159998172672764,36.7651722212145
RESTRAIN,300.0,False,RESTRAIN,0.1893320297281489,0.0,0.3516774579301125,156.07523250169194
RESTRAIN,300.0,False,RESTRAIN,0.18778734557756394,0.0,0.24848723140230092,38.10755510162987
RESTRAIN,300.0,False,RESTRAIN,0.13818033896993376,0.0,0.5890644113419612,66.6225064921043
RESTRAIN,300.0,False,RESTRAIN,0.23689795991958063,0.0,0.3092413637676032,322.2490403043272
RESTRAIN,300.0,False,RESTRAIN,0.18521988516684695,0.0,0.45794034297974395,22.84229921808683
RESTRAIN,300.0,False,RESTRAIN,0.24581485002156966,0.0,0.5637937125513574,224.99846225455929
RESTRAIN,300.0,False,RESTRAIN,0.16844901857461714,0.0,0.7792295401062362,21.703617595893043
RESTRAIN,300.0,True,RESTRAIN,0.30089282920897953,0.0,0.8288251491760334,258.49794409454023
RESTRAIN,300.0,False,RESTRAIN,0.22057142958067544,0.0,0.6241030561966568,352.0405738238034
RESTRAIN,300.0,False,RESTRAIN,0.2005758597385615,0.0,0.14075218176618623,154.63074938929512
RESTRAIN,300.0,False,RESTRAIN,0.22793450958814,0.0,0.8000254292959741,348.5343887707816
RESTRAIN,300.0,False,RESTRAIN,0.21935585699168825,0.0,0.1840640162021889,230.93561907457652
RESTRAIN,300.0,False,RESTRAIN,0.20591672520169335,0.0,0.047869461798768775,214.3685819359797
RESTRAIN,300.0,False,RESTRAIN,0.16285578341121787,0.0,0.3935440361873648,61.62041917444684
RESTRAIN,300.0,False,RESTRAIN,0.23360363403083095,0.0,0.6161744211132723,342.8491746558807
RESTRAIN,300.0,False,RESTRAIN,0.2258411564939944,0.0,0.13442791246883146,310.1577200653996
RESTRAIN,300.0,False,RESTRAIN,0.18171325619406764,0.0,0.2694291478788314,47.432405806938995
RESTRAIN,300.0,False,RESTRAIN,0.20840683647289293,0.0,0.0720539465553748,10.309679145302546
RESTRAIN,300.0,False,RESTRAIN,0.1556538153600482,0.0,0.5563857631921088,129.25901405200904
RESTRAIN,300.0,False,RESTRAIN,0.13796705234871676,0.0,0.6374140312852672,57.39459046789712
RESTRAIN,300.0,False,RESTRAIN,0.15990747195232746,0.0,0.46771807120126346,121.01506759918308
RESTRAIN,300.0,False,RESTRAIN,0.2250990266420514,0.0,0.3999888793771713,345.0464671398142
RESTRAIN,300.0,False,RESTRAIN,0.28352728818282846,0.0,0.7629315261691436,310.2849898003238
RESTRAIN,300.0,False,RESTRAIN,0.1890924820920219,0.0,0.37726717529825843,158.4435412897122
RESTRAIN,300.0,False,RESTRAIN,0.1600051788320883,0.0,0.3975926746872031,99.29911183379879
RESTRAIN,300.0,False,RESTRAIN,0.2276243653643546,0.0,0.5195952879467616,208.01066771004417
RESTRAIN,300.0,False,RESTRAIN,0.241532875649069,0.0,0.6334644815230835,337.49900154217505
RESTRAIN,300.0,True,RESTRAIN,0.2918856102903955,0.0,0.6993274936694741,284.6348243798281
RESTRAIN,300.0,False,RESTRAIN,0.21654187258001856,0.0,0.03673797204468101,312.3911353483618
RESTRAIN,300.0,True,RESTRAIN,0.29986906140541536,0.0,0.766040918887799,274.0001287894152
RESTRAIN,300.0,False,RESTRAIN,0.20341191003973524,0.0,0.4061896595003663,181.31547738212325
RESTRAIN,300.0,False,RESTRAIN,0.12482162139117048,0.0,0.815285220410871,50.942728009874905
RESTRAIN,300.0,False,RESTRAIN,0.2651089039085245,0.0,0.48270888544923507,294.69958832171346
RESTRAIN,300.0,False,RESTRAIN,0.242276662277364,0.0,0.4282497947576594,234.34908582122813
RESTRAIN,300.0,False,RESTRAIN,0.23022564944274715,0.0,0.17584780161057345,278.1637258583945
RESTRAIN,300.0,False,RESTRAIN,0.2565905752884956,0.0,0.42264371238085535,264.24352072246216
RESTRAIN,300.0,False,RESTRAIN,0.15270415050692487,0.0,0.44363669642886455,88.60048684388359
RESTRAIN,300.0,False,RESTRAIN,0.11137102180770053,0.0,0.8050304580425431,102.84063919757665
RESTRAIN,300.0,False,RESTRAIN,0.288704083503747,0.0,0.7983775565448886,308.2957915391722
RESTRAIN,300.0,False,RESTRAIN,0.17801785798247105,0.0,0.4377731999930118,146.61899736648664
RESTRAIN,300.0,False,RESTRAIN,0.11754131678715252,0.0,0.7808106280136423,63.98069271485708
RESTRAIN,300.0,False,RESTRAIN,0.26865471956647213,0.0,0.7689516620941552,231.37563140711478
RESTRAIN,300.0,False,RESTRAIN,0.10797982131444672,0.0,0.8535465666011359,107.39418596814633
RESTRAIN,300.0,False,RESTRAIN,0.23169121152967076,0.0,0.3254429825560089,231.36414554423735
RESTRAIN,300.0,False,RESTRAIN,0.21387725681734082,0.0,0.19100532082788088,212.4228681678641
RESTRAIN,300.0,False,RESTRAIN,0.28440159520498753,0.0,0.8495320395079186,238.72946846201162
RESTRAIN,300.0,False,RESTRAIN,0.21268072812875027,0.0,0.5263752126466887,357.63616294485087
RESTRAIN,300.0,False,RESTRAIN,0.15749588936498726,0.0,0.4199918398115189,99.83136034784191
RESTRAIN,300.0,False,RESTRAIN,0.21867383701887266,0.0,0.37031246072303386,351.2291184859046
RESTRAIN,300.0,False,RESTRAIN,0.21785161407809062,0.0,0.07627687108038943,274.84650515291753
RESTRAIN,300.0,False,RESTRAIN,0.23074451036527766,0.0,0.18368501737787046,307.9437836348635
RESTRAIN,300.0,False,RESTRAIN,0.24110634377137263,0.0,0.26242438782231353,288.8988195800383
RESTRAIN,300.0,False,RESTRAIN,0.20000581699681363,0.0,0.49618522413078664,8.266411014915978
RESTRAIN,300.0,False,RESTRAIN,0.2028448864859429,0.0,0.46504052246543226,181.32805914705045
RESTRAIN,300.0,False,RESTRAIN,0.16823348538011684,0.0,0.4885797796943035,38.0755978400816
RESTRAIN,300.0,False,RESTRAIN,0.2112438091967218,0.0,0.06881534940216848,242.4524227144799
RESTRAIN,300.0,False,RESTRAIN,0.20817523169216068,0.0,0.008795875693556532,21.47187881754507
RESTRAIN,300.0,False,RESTRAIN,0.19820509990646562,0.0,0.41683677147963016,11.951456356383158
RESTRAIN,300.0,False,RESTRAIN,0.2256502283204379,0.0,0.17413427870338097,326.42296697264794
RESTRAIN,300.0,False,RESTRAIN,0.25998198287541663,0.0,0.8025121209025705,330.14074356128725
RESTRAIN,300.0,False,RESTRAIN,0.23271882104647246,0.0,0.38782131289350463,224.55743669996508
RESTRAIN,300.0,False,RESTRAIN,0.1957985762808857,0.0,0.31679309895507846,165.5737052272237
RESTRAIN,300.0,False,RESTRAIN,0.26475659856283484,0.0,0.489604979258399,298.257890881146
RESTRAIN,300.0,False,RESTRAIN,0.22654112222483336,0.0,0.5657416665462072,347.11948788046226
RESTRAIN,300.0,False,RESTRAIN,0.2058185232449975,0.0,0.07377062646053771,19.544925629064814
RESTRAIN,300.0,False,RESTRAIN,0.15431373244047364,0.0,0.6672043727265468,37.26978845159377
RESTRAIN,300.0,False,RESTRAIN,0.2220645030665357,0.0,0.12382098612396202,325.8316847160363
RESTRAIN,300.0,False,RESTRAIN,0.1812852566914439,0.0,0.348059386373052,35.782759282583086
RESTRAIN,300.0,False,RESTRAIN,0.24245931206946092,0.0,0.3211808582167207,257.10098048397
RESTRAIN,300.0,False,RESTRAIN,0.21916175867402343,0.0,0.5122456686694846,199.26371894748397
RESTRAIN,300.0,False,RESTRAIN,0.20850159719851968,0.0,0.6205209396034936,187.7890691197005
RESTRAIN,300.0,False,RESTRAIN,0.15262879564464005,0.0,0.7207365924025937,35.15115105235029
RESTRAIN,300.0,False,RESTRAIN,0.2620168961181416,0.0,0.474430978096632,262.33482202380554
RESTRAIN,300.0,False,RESTRAIN,0.21219693339733892,0.0,0.1398526261229655,216.72376213335
RESTRAIN,300.0,False,RESTRAIN,0.24531205366573183,0.0,0.6263584093215204,334.3831246385989
RESTRAIN,300.0,False,RESTRAIN,0.19698286700961143,0.0,0.4309195635210921,173.15740204502046
RESTRAIN,300.0,False,RESTRAIN,0.24720006443178322,0.0,0.5300399923000613,328.4698163818073
RESTRAIN,300.0,False,RESTRAIN,0.1606518613178507,0.0,0.39933670229205664,66.20167141737035
RESTRAIN,300.0,False,RESTRAIN,0.1619446895295642,0.0,0.374664591408183,73.40070141529081
RESTRAIN,300.0,False,RESTRAIN,0.23564270614309502,0.0,0.6312230091708861,341.6322490529493
RESTRAIN,300.0,False,RESTRAIN,0.17163817002530313,0.0,0.4716977173823661,35.777172051203216
RESTRAIN,300.0,False,RESTRAIN,0.11054571058061324,0.0,0.7810177552898623,85.15419749292512
RESTRAIN,300.0,False,RESTRAIN,0.13987325201587442,0.0,0.6691013755798939,50.88711620012148
RESTRAIN,300.0,False,RESTRAIN,0.2538620886655769,0.0,0.4286806407696508,255.50302808008652
RESTRAIN,300.0,False,RESTRAIN,0.23234140473188214,0.0,0.19278748793648542,280.88658630056057
RESTRAIN,300.0,False,RESTRAIN,0.2145411166599429,0.0,0.015817159182551544,324.5311451763463
RESTRAIN,300.0,False,RESTRAIN,0.18819741758437714,0.0,0.18485985204057712,52.85012266005202
RESTRAIN,300.0,False,RESTRAIN,0.18148208855475356,0.0,0.2531429656865179,115.82580214757604
RESTRAIN,300.0,False,RESTRAIN,0.19762875056882823,0.0,0.10630188036428782,114.19033542080597
RESTRAIN,300.0,False,RESTRAIN,0.22263408390620043,0.0,0.6021819328517118,350.4499876494303
RESTRAIN,300.0,False,RESTRAIN,0.21849381520704136,0.0,0.2934699479249127,209.84683158850152
RESTRAIN,300.0,False,RESTRAIN,0.2068983295580875,0.0,0.02722102676856644,121.49932515910916
RESTRAIN,300.0,False,RESTRAIN,0.16281106563480063,0.0,0.39318968898365814,107.54505316536515
RESTRAIN,300.0,False,RESTRAIN,0.12980337429307376,0.0,0.705882461055599,114.84538738566025
RESTRAIN,300.0,False,RESTRAIN,0.24058280544630528,0.0,0.30577306727364045,256.38521050342894
RESTRAIN,300.0,False,RESTRAIN,0.2234791324840113,0.0,0.8120985046591864,197.74185569614147
RESTRAIN,300.0,False,RESTRAIN,0.25998324358198577,0.0,0.767514063167257,224.49977981981635
RESTRAIN,300.0,False,RESTRAIN,0.18055213815734328,0.0,0.80044052242287,169.38181937521333
RESTRAIN,300.0,False,RESTRAIN,0.1954727953752835,0.0,0.6010109134679809,9.452148612443603
RESTRAIN,300.0,False,RESTRAIN,0.2810866523907827,0.0,0.7259357840566449,247.35884495398545
RESTRAIN,300.0,False,RESTRAIN,0.24698144816070366,0.0,0.3500775961613135,260.68561978260874
RESTRAIN,300.0,False,RESTRAIN,0.13496243362714744,0.0,0.6238971276141925,64.88954080199846
RESTRAIN,300.0,False,RESTRAIN,0.22169564172462652,0.0,0.20151056787754448,233.77435127286807
RESTRAIN,300.0,False,RESTRAIN,0.22940836151102417,0.0,0.18424688051895835,315.9169750183974
RESTRAIN,300.0,False,RESTRAIN,0.2546350384294359,0.0,0.8492535128078786,216.99668462516192
RESTRAIN,300.0,False,RESTRAIN,0.2526230142418544,0.0,0.4939353706667977,240.67473455981727
RESTRAIN,300.0,False,RESTRAIN,0.2124286108763047,0.0,0.0645098084811316,252.25644308329305
RESTRAIN,300.0,False,RESTRAIN,0.18997768060191644,0.0,0.17757091925386007,116.76065777017837
RESTRAIN,300.0,False,RESTRAIN,0.16306214646066963,0.0,0.41520547931650237,55.54629296396043
RESTRAIN,300.0,False,RESTRAIN,0.18332579899888313,0.0,0.7613032991455468,170.15450606587186
RESTRAIN,300.0,False,RESTRAIN,0.1074844236429221,0.0,0.8063578583860982,83.44659618716531
RESTRAIN,300.0,False,RESTRAIN,0.21566029048293167,0.0,0.10211196003865157,247.31763053080633
RESTRAIN,300.0,False,RESTRAIN,0.2122517065261268,0.0,0.05582574170652941,257.37258995159254
RESTRAIN,300.0,False,RESTRAIN,0.2102366234514178,0.0,0.10951936735040665,2.945632577620474
RESTRAIN,300.0,False,RESTRAIN,0.2322519667542311,0.0,0.604255673329049,343.5124421666855
RESTRAIN,300.0,False,RESTRAIN,0.23962757126887857,0.0,0.4795465668481943,333.00060682044744
RESTRAIN,300.0,False,RESTRAIN,0.14356214349342333,0.0,0.664102006142383,47.498007683425676
RESTRAIN,300.0,False,RESTRAIN,0.19320528707367646,0.0,0.5340238628872115,172.00603500529422
RESTRAIN,300.0,False,RESTRAIN,0.19679554726835824,0.0,0.08629676869000855,75.24827298152994
RESTRAIN,300.0,False,RESTRAIN,0.21902273127093697,0.0,0.23186876716551466,347.0104292407198
RESTRAIN,300.0,False,RESTRAIN,0.21556882505501807,0.0,0.29839637322607987,203.77175928059935
RESTRAIN,300.0,True,RESTRAIN,0.2749623239996305,0.0,0.6369267966854176,252.05738978735607
RESTRAIN,300.0,False,RESTRAIN,0.21987964780684222,0.0,0.5371668155615255,352.0387686977025
RESTRAIN,300.0,False,RESTRAIN,0.28875049963706745,0.0,0.8521412103106396,242.2804247615876
RESTRAIN,300.0,False,RESTRAIN,0.22501642963671775,0.0,0.1309704134770474,313.4790220786272
RESTRAIN,300.0,False,RESTRAIN,0.10247734101588446,0.0,0.8447636882591666,86.59873014398185
RESTRAIN,300.0,False,RESTRAIN,0.18301395995738234,0.0,0.1981353769920896,82.5809130575765
RESTRAIN,300.0,False,RESTRAIN,0.19301308832902742,0.0,0.3091203077735416,158.83076729260026
RESTRAIN,300.0,False,RESTRAIN,0.21595329903613425,0.0,0.03112132401979404,317.3316653931309
RESTRAIN,300.0,False,RESTRAIN,0.20120381103811524,0.0,0.26687464445570436,14.083277447078807
RESTRAIN,300.0,False,RESTRAIN,0.19951978735926656,0.0,0.17973604548479397,158.89815032378434
RESTRAIN,300.0,False,RESTRAIN,0.23307180338507616,0.0,0.19552604478061258,296.96685120013615
RESTRAIN,300.0,False,RESTRAIN,0.148206651667658,0.0,0.5149834512591935,63.88293355114143
RESTRAIN,300.0,False,RESTRAIN,0.2520216039514994,0.0,0.7027084817394005,221.66115856985127
RESTRAIN,300.0,False,RESTRAIN,0.16962998628910053,0.0,0.6704615808127542,25.186347998535158
RESTRAIN,300.0,False,RESTRAIN,0.20065023705318208,0.0,0.7462330002743934,3.733772580353407
RESTRAIN,300.0,False,RESTRAIN,0.13523578592182173,0.0,0.6582023697360633,114.80481873187469
RESTRAIN,300.0,True,RESTRAIN,0.3107929998210376,0.0,0.8788550305187254,290.0316431599062
RESTRAIN,300.0,False,RESTRAIN,0.20888174396627568,0.0,0.016626044265901054,14.88099498228908
RESTRAIN,300.0,False,RESTRAIN,0.12433302532532797,0.0,0.8891064752990485,131.3277285092723
RESTRAIN,300.0,False,RESTRAIN,0.2497371930485719,0.0,0.36884578104432675,262.3070283190114
RESTRAIN,300.0,False,RESTRAIN,0.17014455827383967,0.0,0.43002374187597286,132.88808720768938
RESTRAIN,300.0,False,RESTRAIN,0.1939039895281507,0.0,0.5196150231595591,172.37037517975224
RESTRAIN,300.0,False,RESTRAIN,0.20550781020871078,0.0,0.0076709431582548835,180.125758121036
RESTRAIN,300.0,False,RESTRAIN,0.22479741944481746,0.0,0.16353898483169313,326.86755602269915
RESTRAIN,300.0,False,RESTRAIN,0.24813551919220234,0.0,0.4013735299911201,315.32100110801235
RESTRAIN,300.0,False,RESTRAIN,0.17177179843828316,0.0,0.6925655931652777,22.905099445453207
RESTRAIN,300.0,True,RESTRAIN,0.2886480093925582,0.0,0.7830792815107693,249.19573440622767
RESTRAIN,300.0,False,RESTRAIN,0.2076009021504578,0.0,0.13296022222475354,195.451001312915
RESTRAIN,300.0,False,RESTRAIN,0.18644921263154313,0.0,0.2366879015474621,127.62720840174396
RESTRAIN,300.0,False,RESTRAIN,0.19801678905444964,0.0,0.546633347628561,177.31731665057774
RESTRAIN,300.0,False,RESTRAIN,0.24085879428315315,0.0,0.3248847465154034,316.7299574563366
RESTRAIN,300.0,False,RESTRAIN,0.24120085888642906,0.0,0.2681218115242963,278.30089680621376
RESTRAIN,300.0,False,RESTRAIN,0.21784052169589918,0.0,0.34498879818419964,204.50613401072658
RESTRAIN,300.0,False,RESTRAIN,0.1350277211202764,0.0,0.6314362060570988,63.21734142687537
RESTRAIN,300.0,False,RESTRAIN,0.21641363995547258,0.0,0.17874007570180084,222.7163957888517
RESTRAIN,300.0,False,RESTRAIN,0.20548226133272396,0.0,0.055715406031599836,179.2886727309367
RESTRAIN,300.0,False,RESTRAIN,0.2077144747667684,0.0,0.0031112095821093644,160.87768061698364
RESTRAIN,300.0,False,RESTRAIN,0.23268026931452035,0.0,0.4740029257351504,339.7787432399996
RESTRAIN,300.0,False,RESTRAIN,0.21284363976594012,0.0,0.22501563356077683,357.34694811211386
RESTRAIN,300.0,False,RESTRAIN,0.2307953479601741,0.0,0.5054747757130759,342.48936483132456
RESTRAIN,300.0,True,RESTRAIN,0.300737186290835,0.0,0.7928923674416446,265.9951355172521
RESTRAIN,300.0,False,RESTRAIN,0.21951282721693122,0.0,0.26429216249926335,215.59230227198265
RESTRAIN,300.0,False,RESTRAIN,0.19099206205941877,0.0,0.16521341637056905,114.99599242891624
RESTRAIN,300.0,False,RESTRAIN,0.21285794271141556,0.0,0.001417776442916252,340.9850726698446
RESTRAIN,300.0,False,RESTRAIN,0.16880183738782795,0.0,0.8832176309616171,164.0232929305001
RESTRAIN,300.0,False,RESTRAIN,0.15121543110814428,0.0,0.4651440424752674,72.58682283602087
RESTRAIN,300.0,False,RESTRAIN,0.14641114718638382,0.0,0.7218850219630041,39.86654208329787
RESTRAIN,300.0,False,RESTRAIN,0.2926812719684063,0.0,0.7722895152636853,300.8824008152952
RESTRAIN,300.0,False,RESTRAIN,0.11083722366728976,0.0,0.8956930348662125,118.13929377002232
RESTRAIN,300.0,True,RESTRAIN,0.30103008217381433,0.0,0.7736696634455791,275.8399210213305
RESTRAIN,300.0,False,RESTRAIN,0.22412373235919303,0.0,0.26465290881239123,225.86101749715868
RESTRAIN,300.0,False,RESTRAIN,0.14732128966828373,0.0,0.5079299496160934,102.0681662241122
RESTRAIN,300.0,False,RESTRAIN,0.29702596220449606,0.0,0.866461961412302,306.24096673321867
RESTRAIN,300.0,False,RESTRAIN,0.2700952357973534,0.0,0.5700402225404037,304.15492445480965
RESTRAIN,300.0,False,RESTRAIN,0.12903327522364283,0.0,0.6921573884270433,61.856366662697
RESTRAIN,300.0,False,RESTRAIN,0.1330215707415875,0.0,0.8159956732478362,43.82871120929809
RESTRAIN,300.0,False,RESTRAIN,0.23684127055277926,0.0,0.5522877041528398,216.18370682887542
RESTRAIN,300.0,False,RESTRAIN,0.13023127130666834,0.0,0.6232199002962039,84.02695460310707
RESTRAIN,300.0,False,RESTRAIN,0.1525098142362482,0.0,0.5294462964170117,119.58762556560482
RESTRAIN,300.0,False,RESTRAIN,0.22789925639772968,0.0,0.3047737597812429,337.21780912263154
RESTRAIN,300.0,False,RESTRAIN,0.18149280988871108,0.0,0.22391566545172611,63.19968941252982
RESTRAIN,300.0,False,RESTRAIN,0.18928868197433202,0.0,0.5701808741419762,169.37742291676375
RESTRAIN,300.0,False,RESTRAIN,0.10352629847966777,0.0,0.8830113731277971,106.16548432114473
RESTRAIN,300.0,False,RESTRAIN,0.1249877531640925,0.0,0.8245237405532313,125.25503487524448
RESTRAIN,300.0,False,RESTRAIN,0.19244176135602187,0.0,0.1888733472804693,133.23314132304304
RESTRAIN,300.0,False,RESTRAIN,0.11394756449407628,0.0,0.7584814012834888,93.59882540303136
RESTRAIN,300.0,False,RESTRAIN,0.21102350826970695,0.0,0.01899693794628988,274.8569474122784
RESTRAIN,300.0,False,RESTRAIN,0.2710815057319844,0.0,0.5305039524786902,292.2736040044507
RESTRAIN,300.0,False,RESTRAIN,0.21821537960187243,0.0,0.8373025111800243,194.22621787032043
RESTRAIN,300.0,False,RESTRAIN,0.2734624413199055,0.0,0.8634018851894925,323.74923795989025
RESTRAIN,300.0,False,RESTRAIN,0.1540511015841045,0.0,0.5427521216841154,49.19430714048926
RESTRAIN,300.0,False,RESTRAIN,0.20280169229093536,0.0,0.5677328450663276,182.37465634986444
RESTRAIN,300.0,False,RESTRAIN,0.24994251983811788,0.0,0.35091591759310675,298.2346629584388
RESTRAIN,300.0,False,RESTRAIN,0.25071590405156485,0.0,0.6512746031559958,223.52884117040333
RESTRAIN,300.0,False,RESTRAIN,0.2141930759762628,0.0,0.2211377381056211,354.6011804903951
RESTRAIN,300.0,False,RESTRAIN,0.2048953163921,0.0,0.030484069752883935,214.4678677979551
RESTRAIN,300.0,False,RESTRAIN,0.23218429317624967,0.0,0.7517734740982965,345.6103199145206
RESTRAIN,300.0,False,RESTRAIN,0.2035785570466735,0.0,0.054326006783686,35.53424815187954
RESTRAIN,300.0,False,RESTRAIN,0.18741929878691632,0.0,0.5982369946309064,15.344944500489222
RESTRAIN,300.0,False,RESTRAIN,0.1713656253213881,0.0,0.3932377879596352,128.34505558694997
RESTRAIN,300.0,False,RESTRAIN,0.21646436223561383,0.0,0.03893123161734435,302.88001054278135
RESTRAIN,300.0,False,RESTRAIN,0.20340295057692503,0.0,0.14383426600119942,18.18339036755154
RESTRAIN,300.0,False,RESTRAIN,0.19700059873185172,0.0,0.09064717892473795,90.8264976378181
RESTRAIN,300.0,False,RESTRAIN,0.21389458232486314,0.0,0.19296484468282984,354.606637032517
RESTRAIN,300.0,False,RESTRAIN,0.2518051764576934,0.0,0.5717492571406187,230.74744080684124
RESTRAIN,300.0,False,RESTRAIN,0.1684926286389853,0.0,0.5135590860026769,141.5194356540579
RESTRAIN,300.0,False,RESTRAIN,0.18444901221698806,0.0,0.3896424211708242,28.030211196088235
RESTRAIN,300.0,True,RESTRAIN,0.29845855938660215,0.0,0.7587481353431217,271.8871508522117
RESTRAIN,300.0,False,RESTRAIN,0.24927267610195292,0.0,0.6777701241688113,333.1101761414649
RESTRAIN,300.0,True,RESTRAIN,0.2800973843793516,0.0,0.6144363138911854,266.955690164184
RESTRAIN,300.0,False,RESTRAIN,0.16051609076561002,0.0,0.5389775114937385,41.90809372652383
RESTRAIN,300.0,False,RESTRAIN,0.21283375429793772,0.0,0.6264988309847986,191.47041511044912
RESTRAIN,300.0,False,RESTRAIN,0.19449718220969725,0.0,0.20393448681993906,144.99757164583423
RESTRAIN,300.0,False,RESTRAIN,0.23008657601059435,0.0,0.23383955087014516,325.455789876861
RESTRAIN,300.0,False,RESTRAIN,0.24071010862404396,0.0,0.26830377693563034,274.4300933989644
RESTRAIN,300.0,True,RESTRAIN,0.2874246442838191,0.0,0.6669564541451726,288.7097085845791
RESTRAIN,300.0,False,RESTRAIN,0.18290016475156634,0.0,0.38904721606538734,148.94585877622643
RESTRAIN,300.0,False,RESTRAIN,0.18766199616080648,0.0,0.8635534345061636,8.954882654573737
RESTRAIN,300.0,False,RESTRAIN,0.21273183102997706,0.0,0.03618167902635796,273.3834908848007
RESTRAIN,300.0,False,RESTRAIN,0.23147886392405181,0.0,0.3448501179372291,227.99511226652666
RESTRAIN,300.0,False,RESTRAIN,0.19320187412549839,0.0,0.13925414545254652,50.93373418177967
RESTRAIN,300.0,True,RESTRAIN,0.2959050561796598,0.0,0.7346886171344843,272.43887264470317
RESTRAIN,300.0,False,RESTRAIN,0.1622703055755914,0.0,0.4316478819294129,53.74819948251998
RESTRAIN,300.0,True,RESTRAIN,0.2730570578640227,0.0,0.558015250563735,266.2864615829312
RESTRAIN,300.0,False,RESTRAIN,0.2669911624532282,0.0,0.5381546421132913,256.9010620686443
RESTRAIN,300.0,False,RESTRAIN,0.21052405427235898,0.0,0.07115958336657789,2.706244667023263
RESTRAIN,300.0,True,RESTRAIN,0.29293708522416173,0.0,0.705364364446214,278.91949667066206
RESTRAIN,300.0,False,RESTRAIN,0.1552548079464242,0.0,0.7397791086946962,146.7573683939049
RESTRAIN,300.0,False,RESTRAIN,0.2030054789551281,0.0,0.5466953660412548,182.3699270456783
RESTRAIN,300.0,False,RESTRAIN,0.2192865311519393,0.0,0.2528526090690215,347.2891420695486
RESTRAIN,300.0,False,RESTRAIN,0.25060608211400026,0.0,0.6516826429076342,331.145739641082
RESTRAIN,300.0,False,RESTRAIN,0.15539906781795454,0.0,0.6305992095832372,137.76050965931
RESTRAIN,300.0,True,RESTRAIN,0.29771117669348146,0.0,0.8212850159440982,255.44638728245948
RESTRAIN,300.0,False,RESTRAIN,0.20569335408854872,0.0,0.10560018446151533,184.71086363085018
RESTRAIN,300.0,True,RESTRAIN,0.30104273333651543,0.0,0.8188233462105309,295.9917899845955
RESTRAIN,300.0,False,RESTRAIN,0.11928908368095537,0.0,0.7983648311862414,115.07652364822471
RESTRAIN,300.0,False,RESTRAIN,0.1994535096935487,0.0,0.2677746637019375,169.53751425449272
RESTRAIN,300.0,False,RESTRAIN,0.15264360483670414,0.0,0.6445779896198894,40.467474856680255
RESTRAIN,300.0,False,RESTRAIN,0.22662257393391627,0.0,0.23733734069222323,333.6050334067958
RESTRAIN,300.0,False,RESTRAIN,0.22893792785995304,0.0,0.21158623872947585,324.2588094044924
RESTRAIN,300.0,False,RESTRAIN,0.1379886061625788,0.0,0.5773814423974876,99.3824573147131
RESTRAIN,300.0,False,RESTRAIN,0.20567766358572426,0.0,0.04503000081180426,209.87038416263226
RESTRAIN,300.0,False,RESTRAIN,0.2021821407238099,0.0,0.08682953211823247,136.2103879493653
RESTRAIN,300.0,False,RESTRAIN,0.1436002639322459,0.0,0.5941292606870744,56.086295583230694
RESTRAIN,300.0,False,RESTRAIN,0.17398195651712312,0.0,0.8566822719680033,16.208289718111168
RESTRAIN,300.0,False,RESTRAIN,0.21515772842541359,0.0,0.0306348996899371,296.21960814260103
RESTRAIN,300.0,False,RESTRAIN,0.2065248277741788,0.0,0.02062659625380826,104.08979481516226
RESTRAIN,300.0,False,RESTRAIN,0.2054044618331401,0.0,0.06729451902701677,185.55906904764362
RESTRAIN,300.0,False,RESTRAIN,0.21350584534275652,0.0,0.0014980088685504157,324.9658583818237
RESTRAIN,300.0,False,RESTRAIN,0.19204863720797716,0.0,0.8354812095872808,7.158814781203717
RESTRAIN,300.0,False,RESTRAIN,0.21528576290592993,0.0,0.4266377629636603,197.06230344503595
RESTRAIN,300.0,False,RESTRAIN,0.23203520019563872,0.0,0.6229021931459076,343.9775036042082
RESTRAIN,300.0,False,RESTRAIN,0.25362788546328674,0.0,0.37474819154981004,291.3424113403355
RESTRAIN,300.0,False,RESTRAIN,0.0967367783859161,0.0,0.8975205103734362,78.95203507438241
RESTRAIN,300.0,False,RESTRAIN,0.15519935384094574,0.0,0.4319382475915841,72.3153198954567
RESTRAIN,300.0,True,RESTRAIN,0.30947128781242805,0.0,0.8453392977530854,274.4951457507675
RESTRAIN,300.0,False,RESTRAIN,0.17070341756369767,0.0,0.5846494059901346,28.70300285526937
RESTRAIN,300.0,False,RESTRAIN,0.2528275078895117,0.0,0.8529643686880704,215.7704473089914
RESTRAIN,300.0,False,RESTRAIN,0.15226922731836823,0.0,0.44562758232015226,84.27688747115852
RESTRAIN,300.0,False,RESTRAIN,0.29358159223714864,0.0,0.7909920849906131,302.1325933624036
RESTRAIN,300.0,False,RESTRAIN,0.1836597768531647,0.0,0.3004980543502684,136.58980718080502
RESTRAIN,300.0,False,RESTRAIN,0.1684985262369868,0.0,0.5950785388085443,149.39007495024205
RESTRAIN,300.0,True,RESTRAIN,0.27497813399954474,0.0,0.5554663144697587,285.98953159864755
RESTRAIN,300.0,False,RESTRAIN,0.1779459976075669,0.0,0.43815253925891456,31.7115648761568
RESTRAIN,300.0,False,RESTRAIN,0.2311553537338945,0.0,0.4513343418786994,216.3460722304193
RESTRAIN,300.0,False,RESTRAIN,0.21712936985046416,0.0,0.15310901754484554,346.54312534767394
RESTRAIN,300.0,False,RESTRAIN,0.2756651856248472,0.0,0.8154244021508508,234.13526694337173
RESTRAIN,300.0,False,RESTRAIN,0.18196870509176988,0.0,0.4087888291685756,29.445127473583344
RESTRAIN,300.0,False,RESTRAIN,0.22283754877658568,0.0,0.1363222353155925,327.07178171373806
RESTRAIN,300.0,False,RESTRAIN,0.1474564756768445,0.0,0.633895654863978,46.42092247163595
RESTRAIN,300.0,False,RESTRAIN,0.1488246541644047,0.0,0.6544449883758985,132.78481887266543
RESTRAIN,300.0,False,RESTRAIN,0.2023311339446784,0.0,0.04060549248943226,65.4042927524537
RESTRAIN,300.0,False,RESTRAIN,0.2409881218673806,0.0,0.29953819693708456,259.8669910543417
RESTRAIN,300.0,False,RESTRAIN,0.14322009823055648,0.0,0.5258346096059802,95.36101479746628
RESTRAIN,300.0,False,RESTRAIN,0.11658159401595292,0.0,0.7394243117583023,93.99927060302065
RESTRAIN,300.0,False,RESTRAIN,0.19042151683972286,0.0,0.2795446543889063,148.88140694818603
RESTRAIN,300.0,False,RESTRAIN,0.17641555156500865,0.0,0.26968945569387626,102.99406187901619
RESTRAIN,300.0,True,RESTRAIN,0.28785259066280244,0.0,0.662911168940953,282.4407063493775
RESTRAIN,300.0,False,RESTRAIN,0.20736835676632248,0.0,0.19728396522755387,189.6059630351774
RESTRAIN,300.0,False,RESTRAIN,0.22707690503231248,0.0,0.8063988288567884,200.1314841352872
RESTRAIN,300.0,False,RESTRAIN,0.129399794078486,0.0,0.7113739964849038,58.18543174285975
RESTRAIN,300.0,False,RESTRAIN,0.2620495686991411,0.0,0.803749779196747,328.85623661676044
RESTRAIN,300.0,False,RESTRAIN,0.17764807573388552,0.0,0.31837114697514735,125.59881142356873
RESTRAIN,300.0,False,RESTRAIN,0.19678619041622525,0.0,0.1491623408308503,135.8568165568589
RESTRAIN,300.0,False,RESTRAIN,0.14235388349481015,0.0,0.5265519735472671,87.26013289170659
RESTRAIN,300.0,False,RESTRAIN,0.21781981402324524,0.0,0.17097206976615653,345.66753018232623
RESTRAIN,300.0,False,RESTRAIN,0.21925247364703782,0.0,0.23950184369021346,218.53898609867696
RESTRAIN,300.0,False,RESTRAIN,0.19118867527259864,0.0,0.36051084235561376,21.94423101901943
RESTRAIN,300.0,False,RESTRAIN,0.1578525052036559,0.0,0.41645562978634837,69.34027899621096
RESTRAIN,300.0,False,RESTRAIN,0.20028398567971462,0.0,0.2901719812926132,172.96070290530767
RESTRAIN,300.0,False,RESTRAIN,0.17711309863841362,0.0,0.2562479442975708,67.62681817233435
RESTRAIN,300.0,False,RESTRAIN,0.21758441886984736,0.0,0.22205426043560098,217.81281181228945
RESTRAIN,300.0,False,RESTRAIN,0.1373921429544419,0.0,0.6211223120507269,110.84299944466052
RESTRAIN,300.0,False,RESTRAIN,0.1820106398654565,0.0,0.2752905815347394,125.8611541512986
RESTRAIN,300.0,True,RESTRAIN,0.28348852787256673,0.0,0.6249580321357522,283.1964284652272
RESTRAIN,300.0,False,RESTRAIN,0.2095959791538664,0.0,0.6685962689078198,188.7741857780613
RESTRAIN,300.0,False,RESTRAIN,0.15254576399526076,0.0,0.6428068857432697,40.69021900818517
RESTRAIN,300.0,False,RESTRAIN,0.1337783243836197,0.0,0.8229935996477208,133.88208284887347
RESTRAIN,300.0,False,RESTRAIN,0.27492867206389204,0.0,0.8590370970199077,322.68310958354044
RESTRAIN,300.0,False,RESTRAIN,0.22606983932834324,0.0,0.1321745450704077,304.6171836661995
RESTRAIN,300.0,False,RESTRAIN,0.24274881781855162,0.0,0.2885284092145196,273.54318670862114
RESTRAIN,300.0,False,RESTRAIN,0.28432494483245596,0.0,0.7089000269740455,303.66975569458907
RESTRAIN,300.0,False,RESTRAIN,0.15686766520964235,0.0,0.7036228331922708,32.94321845751467
RESTRAIN,300.0,False,RESTRAIN,0.20155151779716018,0.0,0.06384873821384048,43.982690896775594
RESTRAIN,300.0,False,RESTRAIN,0.1921960617049563,0.0,0.8658333821149479,6.709301733592539
RESTRAIN,300.0,False,RESTRAIN,0.13566817957053146,0.0,0.7705841156717416,45.009847541006636
RESTRAIN,300.0,True,RESTRAIN,0.29967357296622,0.0,0.8092837549417138,296.4770910705973
RESTRAIN,300.0,False,RESTRAIN,0.20422962874337658,0.0,0.18394631552812327,13.654390926236385
RESTRAIN,300.0,False,RESTRAIN,0.19192027267420042,0.0,0.4508279687747827,167.46445249674628
RESTRAIN,300.0,False,RESTRAIN,0.1586901594671728,0.0,0.39648798959981685,88.9618757697788
RESTRAIN,300.0,False,RESTRAIN,0.24682483196491112,0.0,0.324268826540623,299.6995905905927
RESTRAIN,300.0,False,RESTRAIN,0.23445597659271034,0.0,0.20461963206725123,289.03152512009973
RESTRAIN,300.0,False,RESTRAIN,0.2238180135709379,0.0,0.12564590752263194,275.758100958599
RESTRAIN,300.0,False,RESTRAIN,0.13993391587746284,0.0,0.7834575840933461,136.17230198391812
RESTRAIN,300.0,False,RESTRAIN,0.2394181214357629,0.0,0.47739208286777124,333.21268136553255
RESTRAIN,300.0,False,RESTRAIN,0.2536007735684369,0.0,0.5407439589063593,322.5090359296566
RESTRAIN,300.0,False,RESTRAIN,0.22496243383476033,0.0,0.23544104564488313,234.2933664024712
RESTRAIN,300.0,False,RESTRAIN,0.2594457107423387,0.0,0.8415477731326374,220.53325748293082
RESTRAIN,300.0,False,RESTRAIN,0.11945333829586458,0.0,0.8427389840413522,121.30043373479258
RESTRAIN,300.0,True,RESTRAIN,0.27811146375346185,0.0,0.6043050815441767,264.9199064418459
RESTRAIN,300.0,False,RESTRAIN,0.22672651760617935,0.0,0.2884976848321545,337.85622061560326
RESTRAIN,300.0,False,RESTRAIN,0.18584761463115895,0.0,0.20955975367024368,113.83745491646903
RESTRAIN,300.0,False,RESTRAIN,0.1441588181720429,0.0,0.5357441905036914,102.93465363770325
RESTRAIN,300.0,False,RESTRAIN,0.11555287680647586,0.0,0.7495911834843858,94.88978230786958
RESTRAIN,300.0,False,RESTRAIN,0.21779544743540213,0.0,0.8702854201970814,353.936534071312
RESTRAIN,300.0,False,RESTRAIN,0.20556700340719036,0.0,0.061371364301398924,194.51434994753328
RESTRAIN,300.0,False,RESTRAIN,0.21992756775052125,0.0,0.30077685522643083,348.3247521062832
RESTRAIN,300.0,False,RESTRAIN,0.2287889085263668,0.0,0.3520344433611607,222.25660262118248
RESTRAIN,300.0,False,RESTRAIN,0.16956162608341196,0.0,0.33212283684871985,105.64602292897717
RESTRAIN,300.0,False,RESTRAIN,0.23433286188743296,0.0,0.6009985763615822,211.1025259525486
RESTRAIN,300.0,False,RESTRAIN,0.15454715072534464,0.0,0.4924858369865419,55.96070635939004
RESTRAIN,300.0,False,RESTRAIN,0.16927767572268082,0.0,0.8022367503645342,161.3161105606843
RESTRAIN,300.0,False,RESTRAIN,0.19870820597844252,0.0,0.20029608327899115,159.43522114894168
RESTRAIN,300.0,False,RESTRAIN,0.22027640302804785,0.0,0.3593986099347226,207.55395469959134
RESTRAIN,300.0,False,RESTRAIN,0.16922514788881304,0.0,0.487043745760211,139.4070463397673
RESTRAIN,300.0,False,RESTRAIN,0.17589477024379607,0.0,0.7351170775367928,163.84914426791224
RESTRAIN,300.0,False,RESTRAIN,0.27606503550726935,0.0,0.7409156864280796,315.4158700786177
RESTRAIN,300.0,False,RESTRAIN,0.11761160162414108,0.0,0.7734350061075879,64.94085232423468
RESTRAIN,300.0,False,RESTRAIN,0.24005945784707805,0.0,0.4672212549951586,332.15366044644196
RESTRAIN,300.0,False,RESTRAIN,0.20903771857172715,0.0,0.2174394761125813,193.87496778589247
RESTRAIN,300.0,False,RESTRAIN,0.2539909113118962,0.0,0.6536299652163594,226.39438029971518
RESTRAIN,300.0,False,RESTRAIN,0.1376418732956619,0.0,0.8592061724804884,37.53542026169806
RESTRAIN,300.0,False,RESTRAIN,0.18086667053658734,0.0,0.2567696981251218,52.292850588508315
RESTRAIN,300.0,False,RESTRAIN,0.22796968841407783,0.0,0.1785433373366853,263.7254435087976
RESTRAIN,300.0,False,RESTRAIN,0.21478486589814016,0.0,0.02022825564091716,324.2377219612589
RESTRAIN,300.0,False,RESTRAIN,0.20733696277277947,0.0,0.5998210781442788,186.7879568588364
RESTRAIN,300.0,False,RESTRAIN,0.15262612930575825,0.0,0.4905135751964972,60.30945515173
RESTRAIN,300.0,False,RESTRAIN,0.22468735546842344,0.0,0.12124292696478255,286.8895197014872
RESTRAIN,300.0,False,RESTRAIN,0.22470591952985253,0.0,0.17956414644034205,330.31125002678095
RESTRAIN,300.0,False,RESTRAIN,0.2627663882555584,0.0,0.5960003240104157,241.26400354280185
RESTRAIN,300.0,False,RESTRAIN,0.16164267173903646,0.0,0.392415740810019,65.83082521473264
RESTRAIN,300.0,False,RESTRAIN,0.19506213096650882,0.0,0.2099078202714643,148.48923109889145
RESTRAIN,300.0,False,RESTRAIN,0.23682934133658073,0.0,0.5452408983273536,338.34093824256064
RESTRAIN,300.0,False,RESTRAIN,0.2015145933758261,0.0,0.04739919495054628,68.96893883109325
RESTRAIN,300.0,False,RESTRAIN,0.20519312004957257,0.0,0.014582532581815655,61.471187284669604
RESTRAIN,300.0,False,RESTRAIN,0.23141352660589343,0.0,0.23478996159473123,252.64458625070964
RESTRAIN,300.0,False,RESTRAIN,0.21061715649776802,0.0,0.26056687558035474,195.5179908099812
RESTRAIN,300.0,False,RESTRAIN,0.19575861382896598,0.0,0.09393158129302577,73.7040124015382
RESTRAIN,300.0,False,RESTRAIN,0.21071127635633402,0.0,0.10337969805479606,221.9469076107968
RESTRAIN,300.0,False,RESTRAIN,0.22061119492985137,0.0,0.15102272655850243,337.2028963461659
RESTRAIN,300.0,False,RESTRAIN,0.2754600881827133,0.0,0.6521479027326054,307.870816969052
RESTRAIN,300.0,False,RESTRAIN,0.20357807165215602,0.0,0.7255491998142167,2.3515145038247187
RESTRAIN,300.0,False,RESTRAIN,0.2276408239902319,0.0,0.163444460113772,315.64083328825404
RESTRAIN,300.0,False,RESTRAIN,0.2487104303726877,0.0,0.5910930705510324,225.68472806299255
RESTRAIN,300.0,False,RESTRAIN,0.18265080992449534,0.0,0.2102872522376674,96.16525638182439
RESTRAIN,300.0,False,RESTRAIN,0.14902390554517553,0.0,0.7920527377485176,33.6311184741898
RESTRAIN,300.0,False,RESTRAIN,0.21770431846948235,0.0,0.24203500569751554,349.63429457124073
RESTRAIN,300.0,False,RESTRAIN,0.2073380857730217,0.0,0.11679427158603242,10.453563653648331
RESTRAIN,300.0,False,RESTRAIN,0.16094696772974126,0.0,0.3952313814886229,66.46298127415764
RESTRAIN,300.0,False,RESTRAIN,0.21808708629305218,0.0,0.1387915788162474,241.6491273659861
RESTRAIN,300.0,False,RESTRAIN,0.22975041752631153,0.0,0.1785301650279733,272.86154239587825
RESTRAIN,300.0,False,RESTRAIN,0.1708716402840068,0.0,0.30515654630779454,95.99885610085529
RESTRAIN,300.0,True,RESTRAIN,0.2772357101305226,0.0,0.5946484678427835,265.3453789153412
RESTRAIN,300.0,False,RESTRAIN,0.22120144226586502,0.0,0.10516869791999503,275.46230529321264
RESTRAIN,300.0,False,RESTRAIN,0.24033054195420744,0.0,0.25569811227468603,288.98168220811766
RESTRAIN,300.0,True,RESTRAIN,0.30011580489705203,0.0,0.772528165292969,271.4118717095876
RESTRAIN,300.0,False,RESTRAIN,0.203494712850549,0.0,0.24639243052225981,11.758521572818466
RESTRAIN,300.0,False,RESTRAIN,0.22544721034839543,0.0,0.151602148843749,321.23078899950923
RESTRAIN,300.0,False,RESTRAIN,0.22128012638204142,0.0,0.4802547955350748,202.60063825010343
RESTRAIN,300.0,False,RESTRAIN,0.20673402697624854,0.0,0.02998429180307829,155.17720789550526
RESTRAIN,300.0,False,RESTRAIN,0.19262312341703636,0.0,0.7235560499121672,8.796078922373987
RESTRAIN,300.0,False,RESTRAIN,0.21460678505123088,0.0,0.20021546830149597,212.68820880856998
RESTRAIN,300.0,False,RESTRAIN,0.19398441637399533,0.0,0.11957220399490304,58.5934599881837
RESTRAIN,300.0,False,RESTRAIN,0.2213387447098002,0.0,0.7273824868675624,197.1627959535796
RESTRAIN,300.0,False,RESTRAIN,0.11766138118142389,0.0,0.7584794214307894,68.11723478644237
RESTRAIN,300.0,False,RESTRAIN,0.2746014405163598,0.0,0.661258360282096,247.6496497193315
RESTRAIN,300.0,False,RESTRAIN,0.19359376182189492,0.0,0.21113718272884227,31.98443990522207
RESTRAIN,300.0,False,RESTRAIN,0.23225272680342746,0.0,0.4742900138729251,216.1374956934417
RESTRAIN,300.0,False,RESTRAIN,0.2774347692066268,0.0,0.8721594067322124,231.76848308746952
RESTRAIN,300.0,False,RESTRAIN,0.17564074195068113,0.0,0.429989489024725,142.28827039674925
RESTRAIN,300.0,False,RESTRAIN,0.26253579532128113,0.0,0.8546757539949429,330.17592840515266
RESTRAIN,300.0,False,RESTRAIN,0.21050462337859033,0.0,0.6087315451470187,189.55785121984655
RESTRAIN,300.0,True,RESTRAIN,0.29828242530584725,0.0,0.7604962745204079,270.18650627715647
RESTRAIN,300.0,False,RESTRAIN,0.19997712860072925,0.0,0.17316000861610895,160.0254400427478
RESTRAIN,300.0,True,RESTRAIN,0.30757212346677365,0.0,0.8340613574123454,285.01716357085286
RESTRAIN,300.0,False,RESTRAIN,0.26851038050323206,0.0,0.7680100269384234,323.0640233914004
RESTRAIN,300.0,False,RESTRAIN,0.15989565123562122,0.0,0.7065446904979039,148.67596210606928
RESTRAIN,300.0,False,RESTRAIN,0.22898939706500065,0.0,0.8471007768210423,348.24998653951457
RESTRAIN,300.0,False,RESTRAIN,0.131977072701552,0.0,0.7099909704360905,55.12634505596555
RESTRAIN,300.0,False,RESTRAIN,0.26495275664432993,0.0,0.5190724006494203,304.6208048566221
RESTRAIN,300.0,False,RESTRAIN,0.2100480496523035,0.0,0.5838211840697275,189.30052607321068
RESTRAIN,300.0,False,RESTRAIN,0.13379683917954321,0.0,0.7388048423866614,49.82841321512757
RESTRAIN,300.0,False,RESTRAIN,0.25399091061813517,0.0,0.6742421264861698,225.1196432252003
RESTRAIN,300.0,False,RESTRAIN,0.1565251674155138,0.0,0.5326123871036904,47.27351353415642
RESTRAIN,300.0,False,RESTRAIN,0.25625423130207703,0.0,0.5382714077946217,319.4946585844292
RESTRAIN,300.0,True,RESTRAIN,0.29937792438761357,0.0,0.7922539083409726,293.7554998584483
RESTRAIN,300.0,False,RESTRAIN,0.2044106778298891,0.0,0.008920452824128977,235.55333769180663
RESTRAIN,300.0,False,RESTRAIN,0.1274054431601892,0.0,0.6461582242175734,83.8747325664212
RESTRAIN,300.0,False,RESTRAIN,0.22614426033113777,0.0,0.5090948857375411,346.60911603572106
RESTRAIN,300.0,False,RESTRAIN,0.2858193291539416,0.0,0.7544645936301283,307.13894478869315
RESTRAIN,300.0,False,RESTRAIN,0.22699024363457765,0.0,0.18489326677808518,257.4759798563075
RESTRAIN,300.0,False,RESTRAIN,0.16520902280412675,0.0,0.47280920916563385,131.53259643300416
RESTRAIN,300.0,False,RESTRAIN,0.2043689887519432,0.0,0.11487988136416705,174.30018400938263
RESTRAIN,300.0,False,RESTRAIN,0.14682510219906597,0.0,0.5934372058607289,121.70270119697834
RESTRAIN,300.0,False,RESTRAIN,0.28050945779741,0.0,0.6873910729361778,305.7790913602195
RESTRAIN,300.0,False,RESTRAIN,0.1444879304945893,0.0,0.5611792246072755,111.19784868117159
RESTRAIN,300.0,False,RESTRAIN,0.14567579573651734,0.0,0.49929415177202713,85.79203743385119
RESTRAIN,300.0,False,RESTRAIN,0.1694458261017293,0.0,0.30904106365727735,77.16461855415605
RESTRAIN,300.0,False,RESTRAIN,0.1657103262827031,0.0,0.5758058553094008,144.41854149211858
RESTRAIN,300.0,False,RESTRAIN,0.2626216841865793,0.0,0.8095548926110667,224.26857344377103
RESTRAIN,300.0,False,RESTRAIN,0.28108033210598793,0.0,0.6492764537103474,299.39358228261585
RESTRAIN,300.0,False,RESTRAIN,0.2142609714880207,0.0,0.020657736880514043,332.8947293101572
RESTRAIN,300.0,False,RESTRAIN,0.17904408862711574,0.0,0.4578492830057911,28.831435755745755
RESTRAIN,300.0,False,RESTRAIN,0.18218365144597548,0.0,0.6627752500240406,16.98796860019902
RESTRAIN,300.0,False,RESTRAIN,0.1666703495958577,0.0,0.4537467251111446,130.58460273909964
RESTRAIN,300.0,False,RESTRAIN,0.2712071903425819,0.0,0.5322150409700089,291.6372000249095
RESTRAIN,300.0,False,RESTRAIN,0.2664458572582157,0.0,0.8204259680478856,326.66506113925146
RESTRAIN,300.0,False,RESTRAIN,0.119168477025684,0.0,0.7865550579906523,60.64231591637773
RESTRAIN,300.0,False,RESTRAIN,0.20008918257956088,0.0,0.07318296721903499,102.8734994048129
RESTRAIN,300.0,False,RESTRAIN,0.24616598444932647,0.0,0.45949788652914025,324.70623757537476
RESTRAIN,300.0,False,RESTRAIN,0.22849245229045823,0.0,0.5600846842301695,207.29388790008164
RESTRAIN,300.0,False,RESTRAIN,0.1531675861536239,0.0,0.7668282357557186,146.7706737951187
RESTRAIN,300.0,False,RESTRAIN,0.17822773950582937,0.0,0.2389505526026448,87.67254961681591
RESTRAIN,300.0,False,RESTRAIN,0.19693337089430674,0.0,0.12586854579063303,40.64225781941373
RESTRAIN,300.0,False,RESTRAIN,0.16333217917824916,0.0,0.5374391433113266,39.04177503301078
RESTRAIN,300.0,False,RESTRAIN,0.24661992065209448,0.0,0.4208509155445548,242.66673265086052
RESTRAIN,300.0,False,RESTRAIN,0.23290075506772734,0.0,0.23193468127653585,259.3491487918551
RESTRAIN,300.0,False,RESTRAIN,0.1287719157065651,0.0,0.8486353273187458,131.64642573495158
RESTRAIN,300.0,False,RESTRAIN,0.22202639996492923,0.0,0.28580038238391486,218.16009526334324
RESTRAIN,300.0,False,RESTRAIN,0.20158533771673326,0.0,0.049757336795267705,56.172458011137984
RESTRAIN,300.0,False,RESTRAIN,0.20939504897000338,0.0,0.052919306914701515,7.543288283460798
RESTRAIN,300.0,False,RESTRAIN,0.19389537788266775,0.0,0.18097401748682643,35.93730324461184
RESTRAIN,300.0,False,RESTRAIN,0.19915434453313652,0.0,0.1050622423855104,38.10975865727706
RESTRAIN,300.0,False,RESTRAIN,0.21549318186161992,0.0,0.35521983637604,354.51741861005434
RESTRAIN,300.0,False,RESTRAIN,0.19881484447375852,0.0,0.0724182446843333,84.96491089540098
RESTRAIN,300.0,False,RESTRAIN,0.1583803368729595,0.0,0.5050486817949115,48.284860293597134
RESTRAIN,300.0,False,RESTRAIN,0.25311988510276806,0.0,0.36755210205403704,286.3392888667684
RESTRAIN,300.0,False,RESTRAIN,0.15941165612910002,0.0,0.5381326429048475,131.99764360676772
RESTRAIN,300.0,False,RESTRAIN,0.09913516119832078,0.0,0.8903128922316229,74.25391681780347
RESTRAIN,300.0,False,RESTRAIN,0.0971928659548491,0.0,0.8927114346025734,79.33440526511181
RESTRAIN,300.0,False,RESTRAIN,0.170063572958164,0.0,0.37532613746742116,50.05378593659445
RESTRAIN,300.0,False,RESTRAIN,0.1874369958781653,0.0,0.3303485403210543,28.765933994137228
RESTRAIN,300.0,False,RESTRAIN,0.26729420377057933,0.0,0.613397593844914,244.84899673565207
RESTRAIN,300.0,False,RESTRAIN,0.1914823538252617,0.0,0.330911652827837,158.39399958090235
RESTRAIN,300.0,False,RESTRAIN,0.13439799895919535,0.0,0.700453418384624,53.43827912064524
RESTRAIN,300.0,True,RESTRAIN,0.27358449482341807,0.0,0.5414813927670231,285.2803339427076
RESTRAIN,300.0,False,RESTRAIN,0.20768488642739136,0.0,0.17953850062490048,6.885032264130908
RESTRAIN,300.0,False,RESTRAIN,0.1873876862826469,0.0,0.3733504378912462,155.02963184455976
RESTRAIN,300.0,False,RESTRAIN,0.1343247500595499,0.0,0.7772922438308741,45.82998872459879
RESTRAIN,300.0,False,RESTRAIN,0.19789289170014202,0.0,0.49801795490681533,9.997641658087808
RESTRAIN,300.0,False,RESTRAIN,0.22090315485998713,0.0,0.638926852564228,198.23842688780667
RESTRAIN,300.0,False,RESTRAIN,0.13881455697903167,0.0,0.6388656328155794,55.95588591547824
RESTRAIN,300.0,False,RESTRAIN,0.18475526741972148,0.0,0.4339397448702634,24.666272250926603
RESTRAIN,300.0,False,RESTRAIN,0.20071191512653563,0.0,0.26594223972834724,172.35793472986072
RESTRAIN,300.0,False,RESTRAIN,0.2672082804393473,0.0,0.5367049558270618,303.70900216157935
RESTRAIN,300.0,False,RESTRAIN,0.2046169807272944,0.0,0.1017522565486118,174.82638591999788
RESTRAIN,300.0,False,RESTRAIN,0.17392582623747688,0.0,0.5376335578093187,28.67553891327781
RESTRAIN,300.0,False,RESTRAIN,0.19849713850088435,0.0,0.09246477201466634,109.56843861566868
RESTRAIN,300.0,False,RESTRAIN,0.16769405630852308,0.0,0.8116182272116513,160.59330170958157
RESTRAIN,300.0,False,RESTRAIN,0.1273070284401343,0.0,0.6694843448322081,101.21607198356165
RESTRAIN,300.0,False,RESTRAIN,0.19263767945308385,0.0,0.16308898001659725,121.51312082728111
RESTRAIN,300.0,False,RESTRAIN,0.19795909516108645,0.0,0.7061943292477829,180.06057743908406
RESTRAIN,300.0,False,RESTRAIN,0.23975876303486,0.0,0.6532675313585041,339.2891990409185
RESTRAIN,300.0,True,RESTRAIN,0.2856320078175415,0.0,0.655600279424334,289.74596915626665
RESTRAIN,300.0,False,RESTRAIN,0.1706793282377046,0.0,0.30175360514064575,73.57551445604935
RESTRAIN,300.0,False,RESTRAIN,0.26520135185509475,0.0,0.47046680380397576,282.6929965626393
RESTRAIN,300.0,False,RESTRAIN,0.16759809611526044,0.0,0.5271973245826496,142.0360352240141
RESTRAIN,300.0,False,RESTRAIN,0.24935878595895822,0.0,0.33928045750665065,293.6578301218383
RESTRAIN,300.0,False,RESTRAIN,0.23935070732695163,0.0,0.504358992162487,222.15856747163016
RESTRAIN,300.0,False,RESTRAIN,0.22706019908675423,0.0,0.2196147654598485,244.43435287142245
RESTRAIN,300.0,False,RESTRAIN,0.13366683829109915,0.0,0.7873962191573998,130.3567970730544
RESTRAIN,300.0,True,RESTRAIN,0.30365664641308365,0.0,0.8643028762896712,256.74897844072217
RESTRAIN,300.0,False,RESTRAIN,0.21529481645821313,0.0,0.2940596557452204,203.64852781423667
RESTRAIN,300.0,False,RESTRAIN,0.2258397463325177,0.0,0.30815782878612713,222.68589532657938
RESTRAIN,300.0,False,RESTRAIN,0.20952826446779294,0.0,0.19458911071195092,196.9362278923858
RESTRAIN,300.0,False,RESTRAIN,0.17128070633267345,0.0,0.7783013945961119,20.08464577265443
RESTRAIN,300.0,False,RESTRAIN,0.20313507404370834,0.0,0.14702561532324582,170.7291658334202
RESTRAIN,300.0,False,RESTRAIN,0.17713280779392693,0.0,0.7189729645714207,18.452038198496425
RESTRAIN,300.0,False,RESTRAIN,0.12337345251945597,0.0,0.7490957745104271,60.66047123713099
RESTRAIN,300.0,False,RESTRAIN,0.19964879406620895,0.0,0.28459706989877803,171.21323076079327
RESTRAIN,300.0,False,RESTRAIN,0.15775896821569768,0.0,0.6991124346086938,146.22278313008175
RESTRAIN,300.0,False,RESTRAIN,0.1932964529573281,0.0,0.40767479301723386,17.25729490982127
RESTRAIN,300.0,False,RESTRAIN,0.17658368864654994,0.0,0.31360734692928505,49.40094235019649
RESTRAIN,300.0,False,RESTRAIN,0.17767481032222598,0.0,0.8040405791359125,167.5057790532876
RESTRAIN,300.0,False,RESTRAIN,0.2221679988049543,0.0,0.40817528431850525,348.35743814373876
RESTRAIN,300.0,False,RESTRAIN,0.20553631628720015,0.0,0.04970672064852295,175.1025134926097
RESTRAIN,300.0,True,RESTRAIN,0.27718913558554203,0.0,0.5710692608150919,278.1192634497518
RESTRAIN,300.0,False,RESTRAIN,0.17860473294321044,0.0,0.5922020929108648,159.50094607920798
RESTRAIN,300.0,False,RESTRAIN,0.13956301454424702,0.0,0.57118543734293,69.02093323527099
RESTRAIN,300.0,False,RESTRAIN,0.20457375677763034,0.0,0.32428695579985195,7.625560455251521
RESTRAIN,300.0,False,RESTRAIN,0.15484577073604788,0.0,0.6107533392312895,135.17749527618983
RESTRAIN,300.0,False,RESTRAIN,0.22921574649377086,0.0,0.2619848877146275,331.0168327067575
RESTRAIN,300.0,False,RESTRAIN,0.16329462583122656,0.0,0.41792595834703444,116.93685854601273
RESTRAIN,300.0,False,RESTRAIN,0.1919379539365249,0.0,0.1950360479786647,132.6698569218313
RESTRAIN,300.0,False,RESTRAIN,0.2643023097212205,0.0,0.5519271925283842,249.37903370170582
RESTRAIN,300.0,True,RESTRAIN,0.2930461419703354,0.0,0.7294506881589083,265.28862156146926
RESTRAIN,300.0,False,RESTRAIN,0.20914794447388063,0.0,0.08789990665852566,219.01842720093646
RESTRAIN,300.0,False,RESTRAIN,0.2071911269161245,0.0,0.024311108683676353,121.76186928703679
RESTRAIN,300.0,False,RESTRAIN,0.23912385429507588,0.0,0.6850209632087835,340.2921170551809
RESTRAIN,300.0,False,RESTRAIN,0.18102146726164914,0.0,0.29059183425839874,126.90374094544464
RESTRAIN,300.0,False,RESTRAIN,0.1743300247273103,0.0,0.29144293073057737,105.12353115006644
RESTRAIN,300.0,False,RESTRAIN,0.26448382171852136,0.0,0.5082655779787834,303.5374753793279
RESTRAIN,300.0,False,RESTRAIN,0.23415582030500093,0.0,0.43806380823188895,336.67997468234256
RESTRAIN,300.0,False,RESTRAIN,0.21646921289579202,0.0,0.1094040271781995,344.3627758961609
RESTRAIN,300.0,False,RESTRAIN,0.21384952892765352,0.0,0.6843916182587537,191.95856423902822
RESTRAIN,300.0,False,RESTRAIN,0.22756234074654025,0.0,0.15864432934770864,313.0169007350081
RESTRAIN,300.0,False,RESTRAIN,0.12054166458222271,0.0,0.7434254014351306,66.1356646504393
RESTRAIN,300.0,False,RESTRAIN,0.2667094597921369,0.0,0.6879128782898434,320.0396739959709
RESTRAIN,300.0,False,RESTRAIN,0.22641443387153937,0.0,0.15050394461040448,272.949051426572
RESTRAIN,300.0,False,RESTRAIN,0.15644900166002818,0.0,0.6823923034868586,143.7074025593782
RESTRAIN,300.0,False,RESTRAIN,0.13366643857935845,0.0,0.5948455759746785,88.2664025757168
RESTRAIN,300.0,True,RESTRAIN,0.31367655124902505,0.0,0.8836381105387529,273.4739253803786
RESTRAIN,300.0,False,RESTRAIN,0.17105241884780253,0.0,0.6406460042083345,155.01059809522417
RESTRAIN,300.0,False,RESTRAIN,0.21755757827832434,0.0,0.3511957078381308,352.30156525311753
RESTRAIN,300.0,False,RESTRAIN,0.26682474634472797,0.0,0.5580518787929145,307.65609915657836
RESTRAIN,300.0,True,RESTRAIN,0.27978958980484026,0.0,0.5956850018597599,284.5551609131341
RESTRAIN,300.0,False,RESTRAIN,0.13729594507013387,0.0,0.6710852998677371,120.16518037341146
RESTRAIN,300.0,False,RESTRAIN,0.253562080726923,0.0,0.4217632618338433,256.19462291025684
RESTRAIN,300.0,True,RESTRAIN,0.2969770096064148,0.0,0.7449249877808999,272.1329482358759
RESTRAIN,300.0,False,RESTRAIN,0.19121064403855725,0.0,0.2582475966955215,147.40132906394626
RESTRAIN,300.0,False,RESTRAIN,0.14227101030985256,0.0,0.8670062752089147,34.05023381429081
RESTRAIN,300.0,False,RESTRAIN,0.2398142045117594,0.0,0.2793875733454626,264.7021514799578
RESTRAIN,300.0,False,RESTRAIN,0.205039293389099,0.0,0.03379154094611675,106.00772971426564
RESTRAIN,300.0,False,RESTRAIN,0.19007891132399735,0.0,0.18012142705806367,47.79431500088498
RESTRAIN,300.0,False,RESTRAIN,0.17684931113922853,0.0,0.8346963793458795,15.365837244513658
RESTRAIN,300.0,False,RESTRAIN,0.13129707632677312,0.0,0.711046242184269,117.81286613116578
RESTRAIN,300.0,False,RESTRAIN,0.20488643544112872,0.0,0.39543379011162005,183.57954622377548
RESTRAIN,300.0,False,RESTRAIN,0.18054836601444169,0.0,0.8146397660522471,13.822658823227275
RESTRAIN,300.0,False,RESTRAIN,0.21232597525470365,0.0,0.22196974534311717,202.8245209806586
RESTRAIN,300.0,False,RESTRAIN,0.229463692520665,0.0,0.21020241945668527,322.3392626973032
RESTRAIN,300.0,False,RESTRAIN,0.21039672316946856,0.0,0.11606247253777856,215.2525535574873
RESTRAIN,300.0,False,RESTRAIN,0.20864991855686044,0.0,0.3981890684910191,188.8513781853758
RESTRAIN,300.0,False,RESTRAIN,0.15025162505951206,0.0,0.46271304564996335,83.61553932153089
RESTRAIN,300.0,False,RESTRAIN,0.2017052580835198,0.0,0.13062706720021913,158.12961331327625
RESTRAIN,300.0,False,RESTRAIN,0.2095999487454303,0.0,0.10314494629479458,216.2038142331553
RESTRAIN,300.0,False,RESTRAIN,0.2455344054924311,0.0,0.35140669698517707,311.43621773092235
RESTRAIN,300.0,False,RESTRAIN,0.23111960531967946,0.0,0.20935698388699722,317.4619583830146
RESTRAIN,300.0,False,RESTRAIN,0.1854218229240947,0.0,0.5168375990033542,162.69428400467459
RESTRAIN,300.0,False,RESTRAIN,0.15225255516796654,0.0,0.4719016712602814,66.1191303894182
RESTRAIN,300.0,False,RESTRAIN,0.22214751300251667,0.0,0.14623515440650428,254.6543012186252
RESTRAIN,300.0,False,RESTRAIN,0.21305736885854543,0.0,0.011949308713118112,342.2051405269645
RESTRAIN,300.0,False,RESTRAIN,0.22997145498577898,0.0,0.580310696822567,344.84512351899986
RESTRAIN,300.0,False,RESTRAIN,0.2104172846655723,0.0,0.6955969482712847,358.43496161530726
RESTRAIN,300.0,False,RESTRAIN,0.15350552166925324,0.0,0.43944543711968914,90.80426389134725
RESTRAIN,300.0,False,RESTRAIN,0.26653245725388897,0.0,0.5179508484627242,301.29251451592927
RESTRAIN,300.0,False,RESTRAIN,0.1692574647569376,0.0,0.8655402869074758,18.6134697878232
RESTRAIN,300.0,False,RESTRAIN,0.19899496797157057,0.0,0.6909334983151793,5.413635512963784
RESTRAIN,300.0,False,RESTRAIN,0.2345676089459524,0.0,0.3004288834330907,242.5560500491199
RESTRAIN,300.0,False,RESTRAIN,0.13838447983617885,0.0,0.7652715064762196,43.15740639752223
RESTRAIN,300.0,False,RESTRAIN,0.1689142017532813,0.0,0.49364301476852485,139.8095469283341
RESTRAIN,300.0,False,RESTRAIN,0.2050100157339264,0.0,0.4697409953276415,4.482884476478564
RESTRAIN,300.0,False,RESTRAIN,0.1651239523868573,0.0,0.6226847305958028,31.244886718638604
RESTRAIN,300.0,False,RESTRAIN,0.16027092958721345,0.0,0.3865364810730671,75.11627215158629
RESTRAIN,300.0,False,RESTRAIN,0.22593495717979295,0.0,0.7926952825555772,199.60814330092253
RESTRAIN,300.0,False,RESTRAIN,0.19357730112311988,0.0,0.15055598723030822,119.4986787436442
RESTRAIN,300.0,False,RESTRAIN,0.21809825951895268,0.0,0.37972196297494293,202.9884511391864
RESTRAIN,300.0,False,RESTRAIN,0.20879851873408295,0.0,0.058377270966024464,233.63033825247598
RESTRAIN,300.0,False,RESTRAIN,0.20682158083239233,0.0,0.6348548603369479,1.2115871924730648
RESTRAIN,300.0,False,RESTRAIN,0.2373227513443883,0.0,0.24326570311319373,305.17166323702884
RESTRAIN,300.0,False,RESTRAIN,0.19115712523556194,0.0,0.382882205271179,20.788403494489117
RESTRAIN,300.0,False,RESTRAIN,0.28200458475607293,0.0,0.7977259855555965,314.2996592451727
RESTRAIN,300.0,False,RESTRAIN,0.21528355919454112,0.0,0.1676569848395821,351.3815977778916
RESTRAIN,300.0,False,RESTRAIN,0.21350036114904347,0.0,0.00202637550207152,325.267298254361
RESTRAIN,300.0,False,RESTRAIN,0.21551212873315573,0.0,0.5203078203094842,195.18272578541945
RESTRAIN,300.0,False,RESTRAIN,0.25582432985523995,0.0,0.3937907163307445,277.07957984217273
RESTRAIN,300.0,False,RESTRAIN,0.20142198914119047,0.0,0.049464654411576936,62.165569497407375
RESTRAIN,300.0,False,RESTRAIN,0.2260720886625035,0.0,0.2666211064770362,337.35328938819595
RESTRAIN,300.0,False,RESTRAIN,0.2062942921708859,0.0,0.21519542000758493,8.398461780241426
RESTRAIN,300.0,False,RESTRAIN,0.21114417385099837,0.0,0.23455631872936866,198.53250118711208
RESTRAIN,300.0,False,RESTRAIN,0.17994888828684308,0.0,0.7106961449163177,166.02802496428475
RESTRAIN,300.0,False,RESTRAIN,0.24246076239367442,0.0,0.2742748238224719,286.88240229103707
RESTRAIN,300.0,False,RESTRAIN,0.2597014083361807,0.0,0.4406638529291941,268.21193549417006
RESTRAIN,300.0,False,RESTRAIN,0.18366457890911903,0.0,0.23896807591512248,118.86442845347803
RESTRAIN,300.0,False,RESTRAIN,0.11286086805952833,0.0,0.8554861569510411,58.87027604208037
RESTRAIN,300.0,True,RESTRAIN,0.2913710721001157,0.0,0.6967924365472505,285.93844557732695
RESTRAIN,300.0,False,RESTRAIN,0.21835359869437143,0.0,0.38095435188808097,351.8919098437152
RESTRAIN,300.0,False,RESTRAIN,0.15785522628158333,0.0,0.6542850369864373,35.23315847558726
RESTRAIN,300.0,False,RESTRAIN,0.24025360404983376,0.0,0.2833426958356897,263.83934982832864
RESTRAIN,300.0,False,RESTRAIN,0.20548803126472304,0.0,0.07400689940384132,185.64733775086293
RESTRAIN,300.0,False,RESTRAIN,0.16514301650547514,0.0,0.387469983364318,112.31502643426867
RESTRAIN,300.0,False,RESTRAIN,0.20330518271708442,0.0,0.5081268194369023,5.201002631331932
RESTRAIN,300.0,False,RESTRAIN,0.24286408367826473,0.0,0.31441920227012693,260.66416046334047
RESTRAIN,300.0,False,RESTRAIN,0.1728998713759352,0.0,0.3613845493799099,47.530904371145716
RESTRAIN,300.0,False,RESTRAIN,0.27590143864604644,0.0,0.6429859414585496,306.2936629048906
RESTRAIN,300.0,False,RESTRAIN,0.10852156768346799,0.0,0.8059026438535474,95.25265574410801
RESTRAIN,300.0,False,RESTRAIN,0.24678242060343447,0.0,0.8046954386594563,213.24387985230274
RESTRAIN,300.0,False,RESTRAIN,0.14607868380495026,0.0,0.5181226324261713,102.32687587245614
RESTRAIN,300.0,False,RESTRAIN,0.2679796595861408,0.0,0.5665413215601234,252.81349837168662
RESTRAIN,300.0,False,RESTRAIN,0.16563277122793152,0.0,0.4795301388130688,42.17416462936645
RESTRAIN,300.0,False,RESTRAIN,0.17527049735144606,0.0,0.3341121468944536,123.48666320628423
RESTRAIN,300.0,False,RESTRAIN,0.20273150879313562,0.0,0.6643437264335323,183.22533477907623
RESTRAIN,300.0,False,RESTRAIN,0.2085639180739638,0.0,0.10012075535970193,210.7645436624785
RESTRAIN,300.0,False,RESTRAIN,0.23982695281189703,0.0,0.8046127538012172,208.64802080203705
RESTRAIN,300.0,False,RESTRAIN,0.1924210704911925,0.0,0.25534752221158125,28.58252827012516
RESTRAIN,300.0,False,RESTRAIN,0.20457254172187855,0.0,0.19693993629340273,12.159473304651552
RESTRAIN,300.0,False,RESTRAIN,0.17720186467606736,0.0,0.24659478661033427,85.38897127233164
RESTRAIN,300.0,False,RESTRAIN,0.18456427659219454,0.0,0.7305452411648807,13.57427832964165
RESTRAIN,300.0,False,RESTRAIN,0.17758183674471573,0.0,0.24200506029419513,79.41719740596423
RESTRAIN,300.0,False,RESTRAIN,0.18190959045638855,0.0,0.5485847256140511,21.33316084667633
RESTRAIN,300.0,False,RESTRAIN,0.2087093237439347,0.0,0.30884199116679595,189.84453475786697
RESTRAIN,300.0,False,RESTRAIN,0.16013345639551835,0.0,0.5907633432412527,37.63769879804495
RESTRAIN,300.0,False,RESTRAIN,0.17308016549911287,0.0,0.5324638872261747,149.4872829263808
RESTRAIN,300.0,True,RESTRAIN,0.3157885809968456,0.0,0.8979898703593578,277.0422868373001
RESTRAIN,300.0,False,RESTRAIN,0.24258142861954357,0.0,0.279860391067868,278.06193835207347
RESTRAIN,300.0,False,RESTRAIN,0.21553019764322212,0.0,0.3148266363190624,202.3869185781171
RESTRAIN,300.0,False,RESTRAIN,0.20555976508835316,0.0,0.17889079594144564,11.081179006142081
RESTRAIN,300.0,False,RESTRAIN,0.2121776522757386,0.0,0.4175173549291693,193.21092867962864
RESTRAIN,300.0,False,RESTRAIN,0.11435648468917392,0.0,0.7536241906567454,90.95762232128753
RESTRAIN,300.0,False,RESTRAIN,0.21165320094858486,0.0,0.18989823206430093,204.62633906516837
RESTRAIN,300.0,False,RESTRAIN,0.2683629446289765,0.0,0.8652688449483117,327.0280145723433
RESTRAIN,300.0,False,RESTRAIN,0.2037973219077468,0.0,0.011841554515167918,215.59263035575339
RESTRAIN,300.0,False,RESTRAIN,0.24307164550466687,0.0,0.7246338571322147,338.6105056909398
RESTRAIN,300.0,False,RESTRAIN,0.1315142320409316,0.0,0.6224631676176253,75.1003904872269
RESTRAIN,300.0,False,RESTRAIN,0.1079547362969363,0.0,0.8147281265990487,96.59620704649451
RESTRAIN,300.0,False,RESTRAIN,0.15849349301242355,0.0,0.4696312603316955,53.54643703794486
RESTRAIN,300.0,False,RESTRAIN,0.16958900853270564,0.0,0.6128679297657499,28.199662842087303
RESTRAIN,300.0,False,RESTRAIN,0.21024120687251602,0.0,0.044481655830467474,3.780323153012133
RESTRAIN,300.0,False,RESTRAIN,0.23258681150558225,0.0,0.3549196753008261,334.05633421614186
RESTRAIN,300.0,False,RESTRAIN,0.17666189341334537,0.0,0.6936296010507631,162.6237704012404
RESTRAIN,300.0,False,RESTRAIN,0.21774671047005045,0.0,0.09808351771777223,337.9884914304943
RESTRAIN,300.0,False,RESTRAIN,0.2775289812644741,0.0,0.7041576626630797,311.0407167444181
RESTRAIN,300.0,False,RESTRAIN,0.24045222911837238,0.0,0.27744598692056965,267.80812439888837
RESTRAIN,300.0,False,RESTRAIN,0.23301459228397048,0.0,0.31769019716334207,330.42378135862543
RESTRAIN,300.0,False,RESTRAIN,0.13625625120373652,0.0,0.5826373721436284,95.04356049252733
RESTRAIN,300.0,False,RESTRAIN,0.21974801215795514,0.0,0.07034757526747219,308.2955951306115
RESTRAIN,300.0,False,RESTRAIN,0.26203645417223276,0.0,0.5621634909474266,244.7927484728894
RESTRAIN,300.0,False,RESTRAIN,0.2512921807979549,0.0,0.8223515325648478,215.83485527418642
RESTRAIN,300.0,False,RESTRAIN,0.20941587159050978,0.0,0.08438785000319411,222.71953103902405
RESTRAIN,300.0,False,RESTRAIN,0.22936850719727597,0.0,0.22769756557360293,326.21679510958904
RESTRAIN,300.0,False,RESTRAIN,0.21378372351150743,0.0,0.01231333992649838,334.41014516136295
RESTRAIN,300.0,False,RESTRAIN,0.1538640931137336,0.0,0.46619099742687214,63.70686472835149
RESTRAIN,300.0,False,RESTRAIN,0.16528135863910387,0.0,0.657864179920721,29.075476266354702
RESTRAIN,300.0,False,RESTRAIN,0.10612702818671804,0.0,0.8337583888131567,98.15127214745765
RESTRAIN,300.0,False,RESTRAIN,0.24858461788277275,0.0,0.3312266447023082,291.66518668440665
RESTRAIN,300.0,False,RESTRAIN,0.19796427719676035,0.0,0.13387612247163838,34.94226710808107
RESTRAIN,300.0,False,RESTRAIN,0.20643300624941274,0.0,0.026176109123545722,238.2338927859291
RESTRAIN,300.0,False,RESTRAIN,0.18728520593879283,0.0,0.29250559372836865,143.7164757440637
RESTRAIN,300.0,False,RESTRAIN,0.2430979165519993,0.0,0.46100503123977105,328.4377133112497
RESTRAIN,300.0,True,RESTRAIN,0.3004000296556867,0.0,0.8106960626232237,295.20700952024305
RESTRAIN,300.0,False,RESTRAIN,0.20539752319877524,0.0,0.1948063785572083,182.8059859227967
RESTRAIN,300.0,False,RESTRAIN,0.14806274179958867,0.0,0.7031692112916743,137.04009648194724
RESTRAIN,300.0,False,RESTRAIN,0.257857664009675,0.0,0.4328278634032755,300.4599993671775
RESTRAIN,300.0,False,RESTRAIN,0.11052912459434294,0.0,0.7807815143376216,87.96465709337713
RESTRAIN,300.0,False,RESTRAIN,0.2198264405481527,0.0,0.7767586346900662,195.607528487797
RESTRAIN,300.0,False,RESTRAIN,0.25009062169268625,0.0,0.7719251333535806,335.3990228897024
RESTRAIN,300.0,False,RESTRAIN,0.2263993187508445,0.0,0.36121070247358805,217.33159971818188
RESTRAIN,300.0,False,RESTRAIN,0.22959935060245673,0.0,0.31158850873365723,334.8310245077922
RESTRAIN,300.0,False,RESTRAIN,0.19928533489567168,0.0,0.18655977078387428,159.1233466096616
RESTRAIN,300.0,False,RESTRAIN,0.21961689837683662,0.0,0.20558612267549428,226.54692969948042
RESTRAIN,300.0,False,RESTRAIN,0.23699017447742565,0.0,0.5546063389333615,338.5425009288139
RESTRAIN,300.0,True,RESTRAIN,0.3091285883756445,0.0,0.8657470605408887,265.41990875296307
RESTRAIN,300.0,False,RESTRAIN,0.25047267891422853,0.0,0.5453629704545486,326.014899430878
RESTRAIN,300.0,False,RESTRAIN,0.2518143586076148,0.0,0.3710857344123603,299.53503808587675
RESTRAIN,300.0,False,RESTRAIN,0.19518960680354902,0.0,0.21817980549128135,28.00892288215133
RESTRAIN,300.0,False,RESTRAIN,0.13542463167723984,0.0,0.5867725439000111,93.04831048736744
RESTRAIN,300.0,False,RESTRAIN,0.2299470534026622,0.0,0.18985084974542776,266.9337657688709
RESTRAIN,300.0,False,RESTRAIN,0.21995802347502258,0.0,0.08403845860498958,320.4145643302431
RESTRAIN,300.0,False,RESTRAIN,0.22057455442980844,0.0,0.08418599055366935,288.83143445431983
RESTRAIN,300.0,False,RESTRAIN,0.12167172476349575,0.0,0.7654134341721532,112.73719560549316
RESTRAIN,300.0,False,RESTRAIN,0.2288822159059909,0.0,0.3440300553239907,223.57605640612027
RESTRAIN,300.0,False,RESTRAIN,0.2833219705916423,0.0,0.8463060909220571,238.10047266997532
RESTRAIN,300.0,False,RESTRAIN,0.18486264518468276,0.0,0.44706760162946824,157.43268871739994
RESTRAIN,300.0,False,RESTRAIN,0.23590987919708628,0.0,0.6223554754456735,211.57138481324031
RESTRAIN,300.0,False,RESTRAIN,0.2160911562609913,0.0,0.7442565431829434,354.95867605565815
RESTRAIN,300.0,False,RESTRAIN,0.22050730660576923,0.0,0.787040255697871,196.08673681110818
RESTRAIN,300.0,False,RESTRAIN,0.1896759154168618,0.0,0.14629452800362489,69.96937909422137
RESTRAIN,300.0,False,RESTRAIN,0.20491293092023677,0.0,0.19500607566918496,181.47782635447987
RESTRAIN,300.0,False,RESTRAIN,0.19158072231026746,0.0,0.13508251129344753,63.27042838915326
RESTRAIN,300.0,False,RESTRAIN,0.24738211299795132,0.0,0.4009955314768792,247.75491757648842
RESTRAIN,300.0,False,RESTRAIN,0.2236913868486038,0.0,0.139531088628066,324.6847717234533
RESTRAIN,300.0,False,RESTRAIN,0.2634706562662318,0.0,0.5857788375128021,243.31212712866497
RESTRAIN,300.0,False,RESTRAIN,0.24158145919838103,0.0,0.3265442400054036,315.94751158501094
RESTRAIN,300.0,True,RESTRAIN,0.30753905620913136,0.0,0.8676643680532662,261.9684499982251
RESTRAIN,300.0,False,RESTRAIN,0.16819206524568786,0.0,0.7349284676052704,157.48443259117053
RESTRAIN,300.0,False,RESTRAIN,0.21580414000291526,0.0,0.6518521004743184,193.75052067719008
RESTRAIN,300.0,False,RESTRAIN,0.21309289516758,0.0,0.619841410676757,191.72155419029494
RESTRAIN,300.0,False,RESTRAIN,0.20665010216434898,0.0,0.03564469635061936,141.2977841970088
RESTRAIN,300.0,False,RESTRAIN,0.2025327594983255,0.0,0.0753170357850858,33.45184916383149
RESTRAIN,300.0,False,RESTRAIN,0.24838190230809098,0.0,0.3888998894571799,252.653636150731
RESTRAIN,300.0,False,RESTRAIN,0.17445706473484046,0.0,0.8232301180465489,16.97820018369242
RESTRAIN,300.0,False,RESTRAIN,0.1969932534461578,0.0,0.08462536374817113,73.45717379717858
RESTRAIN,300.0,False,RESTRAIN,0.19221625490554528,0.0,0.3781255258150896,163.39532712459766
RESTRAIN,300.0,False,RESTRAIN,0.21557039081346285,0.0,0.7145234219422757,355.3506686874235
RESTRAIN,300.0,False,RESTRAIN,0.17608789429471117,0.0,0.28781352020656287,110.47135850749875
RESTRAIN,300.0,True,RESTRAIN,0.30738510675199304,0.0,0.8364441499246346,286.0937381875751
RESTRAIN,300.0,False,RESTRAIN,0.15270011960817542,0.0,0.8412298490694217,151.00936515829707
RESTRAIN,300.0,False,RESTRAIN,0.20125898600714753,0.0,0.05127658698015987,79.75999067475496
RESTRAIN,300.0,False,RESTRAIN,0.19672571285970974,0.0,0.554762733518515,9.569479344869336
RESTRAIN,300.0,False,RESTRAIN,0.1991336308245525,0.0,0.13101489365174349,31.841170906661628
RESTRAIN,300.0,False,RESTRAIN,0.18304240724020915,0.0,0.3969096521652796,150.0244125575337
RESTRAIN,300.0,False,RESTRAIN,0.1464551865714977,0.0,0.8080239907482666,144.06644327634558
RESTRAIN,300.0,False,RESTRAIN,0.20838930358297514,0.0,0.06603035140711364,225.48838033633737
RESTRAIN,300.0,False,RESTRAIN,0.16365479728426224,0.0,0.8436245253829535,22.398782762242874
RESTRAIN,300.0,False,RESTRAIN,0.1001738851644185,0.0,0.8950141995797419,102.21591208223802
RESTRAIN,300.0,False,RESTRAIN,0.19688269443994744,0.0,0.6032210830651673,8.432664666077262
RESTRAIN,300.0,False,RESTRAIN,0.2419625175234471,0.0,0.3206444913207456,313.8883350128117
RESTRAIN,300.0,False,RESTRAIN,0.19229908176755106,0.0,0.22591139479901526,143.11593075717605
RESTRAIN,300.0,False,RESTRAIN,0.22339464232541262,0.0,0.3893469201681955,210.34288870413002
RESTRAIN,300.0,False,RESTRAIN,0.2240210037877296,0.0,0.16184395474094013,255.80068430066368
RESTRAIN,300.0,False,RESTRAIN,0.20642498325914882,0.0,0.018050847683207673,96.46891882072568
RESTRAIN,300.0,False,RESTRAIN,0.20139972051224642,0.0,0.05646476350635934,48.58162743070863
RESTRAIN,300.0,False,RESTRAIN,0.2316298971579558,0.0,0.5972090417989586,208.89762530956364
RESTRAIN,300.0,False,RESTRAIN,0.21474412995756176,0.0,0.018679963814541244,325.20885298542146
RESTRAIN,300.0,False,RESTRAIN,0.2347032084279297,0.0,0.2713155786593626,321.3286687765081
RESTRAIN,300.0,False,RESTRAIN,0.13888375791782148,0.0,0.6087504495466726,110.96627123514429
RESTRAIN,300.0,False,RESTRAIN,0.1890931037880088,0.0,0.15730009752621635,95.81765984069226
RESTRAIN,300.0,False,RESTRAIN,0.18026738484092875,0.0,0.29904931486788755,127.28057073116604
RESTRAIN,300.0,False,RESTRAIN,0.20439873853922996,0.0,0.028297441106823296,88.28890645837933
RESTRAIN,300.0,False,RESTRAIN,0.21520143765544297,0.0,0.10118024741790695,347.22487350649254
RESTRAIN,300.0,False,RESTRAIN,0.20408822048788144,0.0,0.20333270516524793,12.480152560587028
RESTRAIN,300.0,False,RESTRAIN,0.19369835465820318,0.0,0.1135592049676464,68.87735379517719
RESTRAIN,300.0,False,RESTRAIN,0.19976684288347712,0.0,0.42485394839479634,10.187582430918805
RESTRAIN,300.0,False,RESTRAIN,0.22407137714440062,0.0,0.11425272819231444,307.43301397503154
RESTRAIN,300.0,False,RESTRAIN,0.19939520042135683,0.0,0.27466382947004886,169.74258204207908
RESTRAIN,300.0,False,RESTRAIN,0.12687673147622835,0.0,0.6512114832250915,82.09873740175149
RESTRAIN,300.0,False,RESTRAIN,0.16279852830760722,0.0,0.5884674655478713,142.34181980664613
RESTRAIN,300.0,False,RESTRAIN,0.17999854119985859,0.0,0.34469917407732725,38.19025255086154
RESTRAIN,300.0,False,RESTRAIN,0.1378293266921835,0.0,0.8379792515926846,38.76101852794767
RESTRAIN,300.0,False,RESTRAIN,0.23913294641819205,0.0,0.7085002940830075,340.87872525152784
RESTRAIN,300.0,False,RESTRAIN,0.26438209794383905,0.0,0.5464589018911077,250.5874200010988
RESTRAIN,300.0,False,RESTRAIN,0.23650870255190215,0.0,0.3931008318840508,229.9292015764825
RESTRAIN,300.0,False,RESTRAIN,0.20554707019401264,0.0,0.05403256117712623,170.19252174571704
RESTRAIN,300.0,False,RESTRAIN,0.200366479934441,0.0,0.37156745909383143,176.3348574087815
RESTRAIN,300.0,False,RESTRAIN,0.2676247576908092,0.0,0.4907396253930243,277.93607873675
RESTRAIN,300.0,False,RESTRAIN,0.16739461900661212,0.0,0.8919157628965025,18.860830809094097
RESTRAIN,300.0,False,RESTRAIN,0.2868852392724144,0.0,0.8564456762316562,240.27898733909157
RESTRAIN,300.0,False,RESTRAIN,0.20695936767494638,0.0,0.1009904219729879,198.18095597401074
RESTRAIN,300.0,False,RESTRAIN,0.10657379991997262,0.0,0.8813395274254775,110.41192110657587
RESTRAIN,300.0,False,RESTRAIN,0.12391709531612805,0.0,0.6791558668708105,77.64177552818416
RESTRAIN,300.0,False,RESTRAIN,0.27026725744042024,0.0,0.6137420910096503,310.2319100401869
RESTRAIN,300.0,False,RESTRAIN,0.25178717587727506,0.0,0.8132048697857414,335.3606670788795
RESTRAIN,300.0,False,RESTRAIN,0.18636286806853952,0.0,0.29254992971620003,34.495756346409266
RESTRAIN,300.0,False,RESTRAIN,0.16671168823789762,0.0,0.3593725411469069,61.138569710336036
RESTRAIN,300.0,False,RESTRAIN,0.2799185354468664,0.0,0.7838522563754634,240.15938457533804
RESTRAIN,300.0,False,RESTRAIN,0.220415259368538,0.0,0.09359217065692323,278.6448364515255
RESTRAIN,300.0,False,RESTRAIN,0.1955449188881505,0.0,0.6382438624978619,176.88231409180025
RESTRAIN,300.0,False,RESTRAIN,0.2509679004349632,0.0,0.7288399714433742,333.6812915933198
RESTRAIN,300.0,False,RESTRAIN,0.28192068568866147,0.0,0.7965566577394851,314.2914101823594
RESTRAIN,300.0,False,RESTRAIN,0.18916929976717534,0.0,0.19725551219032736,45.45144945955713
RESTRAIN,300.0,False,RESTRAIN,0.14550535905665207,0.0,0.6113218420870017,51.28074429004933
RESTRAIN,300.0,False,RESTRAIN,0.20287063411202777,0.0,0.07714616902905407,30.9225687995492
RESTRAIN,300.0,False,RESTRAIN,0.2789815017703565,0.0,0.7748660984237644,315.1515530748153
RESTRAIN,300.0,False,RESTRAIN,0.2183066924117708,0.0,0.43361943586083024,200.746900501146
RESTRAIN,300.0,False,RESTRAIN,0.23695475960107337,0.0,0.5617484855382178,338.90127962194816
RESTRAIN,300.0,True,RESTRAIN,0.2959516001077772,0.0,0.7662378662558903,262.52420751773576
RESTRAIN,300.0,False,RESTRAIN,0.26027236791552755,0.0,0.45542136553433693,263.5200723005243
RESTRAIN,300.0,False,RESTRAIN,0.1651625906970714,0.0,0.4577926714128584,45.05396023057028
RESTRAIN,300.0,False,RESTRAIN,0.1729492833254812,0.0,0.4181905100517058,39.42757025481423
RESTRAIN,300.0,False,RESTRAIN,0.2404700634924949,0.0,0.5406238112581504,335.14448116562244
RESTRAIN,300.0,False,RESTRAIN,0.1917385777249857,0.0,0.6455909203267908,173.73645352896347
RESTRAIN,300.0,False,RESTRAIN,0.2112732797291581,0.0,0.7246514116729921,357.813789676554
RESTRAIN,300.0,False,RESTRAIN,0.20666602136632328,0.0,0.026823140001913628,116.29242188391562
RESTRAIN,300.0,False,RESTRAIN,0.2267356965046935,0.0,0.31326954259039735,223.70988690004575
RESTRAIN,300.0,False,RESTRAIN,0.22071244802692602,0.0,0.3892747715424485,206.21092647731686
RESTRAIN,300.0,False,RESTRAIN,0.20390425995582218,0.0,0.0888240561525253,24.508056226606815
RESTRAIN,300.0,False,RESTRAIN,0.20714291481674074,0.0,0.676459190595283,186.78797023031254
RESTRAIN,300.0,False,RESTRAIN,0.23949535559032376,0.0,0.4705881460484827,332.7776427706872
RESTRAIN,300.0,False,RESTRAIN,0.20745938503444838,0.0,0.0016945041122429561,163.39318568673482
RESTRAIN,300.0,False,RESTRAIN,0.1902954126468821,0.0,0.5682347489272666,170.14649493597423
RESTRAIN,300.0,False,RESTRAIN,0.23894165629542075,0.0,0.3051197972918853,252.30511509760854
RESTRAIN,300.0,True,RESTRAIN,0.2869425220434474,0.0,0.6541689107822827,281.0551867017586
RESTRAIN,300.0,False,RESTRAIN,0.22957594256089586,0.0,0.1617256247809889,298.0658781085373
RESTRAIN,300.0,False,RESTRAIN,0.20761911425921842,0.0,0.0010885472507621396,162.70815950788773
RESTRAIN,300.0,False,RESTRAIN,0.20438856825721463,0.0,0.07814152815556671,159.8449873854721
RESTRAIN,300.0,False,RESTRAIN,0.19608649611033668,0.0,0.39636006843688437,170.40825333750624
RESTRAIN,300.0,False,RESTRAIN,0.22583587864434873,0.0,0.6732087703874876,348.83570049699426
RESTRAIN,300.0,False,RESTRAIN,0.24130846243966197,0.0,0.5435226314754782,334.5058190764961
RESTRAIN,300.0,False,RESTRAIN,0.20420689146103432,0.0,0.01346994046122001,224.18959888651557
RESTRAIN,300.0,False,RESTRAIN,0.14433431108907935,0.0,0.532447463143469,102.35861770865445
RESTRAIN,300.0,False,RESTRAIN,0.24469231351548437,0.0,0.43395617046426355,324.1497295605935
RESTRAIN,300.0,False,RESTRAIN,0.12635142898052476,0.0,0.7168905202914746,61.5346648136682
RESTRAIN,300.0,False,RESTRAIN,0.18912698693552865,0.0,0.23099948497634773,38.4301988740649
RESTRAIN,300.0,False,RESTRAIN,0.16468892782340627,0.0,0.6470381747532886,149.24350336986666
RESTRAIN,300.0,False,RESTRAIN,0.26409146336115763,0.0,0.5685990781933293,246.70927593382274
RESTRAIN,300.0,False,RESTRAIN,0.18440181392086197,0.0,0.5606920127568653,18.93224228319911
RESTRAIN,300.0,False,RESTRAIN,0.16784541331398184,0.0,0.3649998955759558,112.6401957666112
RESTRAIN,300.0,False,RESTRAIN,0.21118229005019784,0.0,0.01156347821007635,282.293162048619
RESTRAIN,300.0,False,RESTRAIN,0.21980133427339954,0.0,0.16887806260974844,237.31897298111048
RESTRAIN,300.0,False,RESTRAIN,0.15609661272909692,0.0,0.7598245677561902,30.408143977556847
RESTRAIN,300.0,False,RESTRAIN,0.14034493652217794,0.0,0.5551597897998712,72.65215067646912
RESTRAIN,300.0,False,RESTRAIN,0.2666736260182794,0.0,0.5203266901508693,261.06135227473277
RESTRAIN,300.0,False,RESTRAIN,0.16632482255682757,0.0,0.47312198927745297,41.99210669942278
RESTRAIN,300.0,False,RESTRAIN,0.21012186087731966,0.0,0.06923836913766,3.493585946305937
RESTRAIN,300.0,False,RESTRAIN,0.21310557579552214,0.0,0.31290237747069466,357.3651423022636
RESTRAIN,300.0,False,RESTRAIN,0.2418205706665798,0.0,0.5572348354441252,221.01617564443822
RESTRAIN,300.0,False,RESTRAIN,0.20218190276105752,0.0,0.11299508226873548,154.4231378222275
RESTRAIN,300.0,False,RESTRAIN,0.2504833812805126,0.0,0.828894694618006,214.94810681935667
RESTRAIN,300.0,False,RESTRAIN,0.210512281866424,0.0,0.06538323039892073,241.26606213864568
RESTRAIN,300.0,False,RESTRAIN,0.19769774438676124,0.0,0.6118074346891388,178.38051453338846
RESTRAIN,300.0,False,RESTRAIN,0.2293832243349947,0.0,0.2711177864458992,236.90449445675446
RESTRAIN,300.0,True,RESTRAIN,0.2926879630754645,0.0,0.7773071533032008,255.08517641086118
RESTRAIN,300.0,False,RESTRAIN,0.12123716120851002,0.0,0.7441533112900192,64.60442693998954
RESTRAIN,300.0,False,RESTRAIN,0.19063891683255885,0.0,0.29989020066000843,152.5353271793324
RESTRAIN,300.0,False,RESTRAIN,0.16071824241434496,0.0,0.41590195487102577,109.65935791953602
RESTRAIN,300.0,True,RESTRAIN,0.3103639485900682,0.0,0.8632002583975867,287.0455807343951
RESTRAIN,300.0,True,RESTRAIN,0.2740246231063024,0.0,0.5471115267189582,277.1663251079213
RESTRAIN,300.0,False,RESTRAIN,0.21170720614061478,0.0,0.0054020972128820625,291.81804935867814
RESTRAIN,300.0,False,RESTRAIN,0.17032566747751798,0.0,0.6995170270262199,157.49253995183383
RESTRAIN,300.0,False,RESTRAIN,0.21834822671014398,0.0,0.32518257899467223,207.11882635025293
RESTRAIN,300.0,False,RESTRAIN,0.2332093164479454,0.0,0.24825666216487421,254.01927490075934
RESTRAIN,300.0,False,RESTRAIN,0.125735519960121,0.0,0.7489268147365736,115.960335634244
RESTRAIN,300.0,False,RESTRAIN,0.22178133312171033,0.0,0.8707744501724463,351.96699136656196
RESTRAIN,300.0,False,RESTRAIN,0.20481318653034775,0.0,0.055836067461724995,136.30456963746494
RESTRAIN,300.0,False,RESTRAIN,0.2112402722920087,0.0,0.3513206022915339,193.32550065461248
RESTRAIN,300.0,False,RESTRAIN,0.23935676632376734,0.0,0.2517436149296082,297.6455283023366
RESTRAIN,300.0,True,RESTRAIN,0.30370207836387064,0.0,0.8079785381382364,268.9513986951214
RESTRAIN,300.0,False,RESTRAIN,0.19753353392069195,0.0,0.780925467122719,180.56773714979664
RESTRAIN,300.0,False,RESTRAIN,0.14996902550713032,0.0,0.8110054214572289,146.99760587986174
RESTRAIN,300.0,False,RESTRAIN,0.20660718073641493,0.0,0.038393663641117286,229.3471699665312
RESTRAIN,300.0,False,RESTRAIN,0.20587067512566748,0.0,0.04509877132067371,156.8565623627998
RESTRAIN,300.0,False,RESTRAIN,0.23111000846801244,0.0,0.49626034622203263,213.1230213553377
RESTRAIN,300.0,False,RESTRAIN,0.22788433813265696,0.0,0.1502113453376969,287.9928002335775
RESTRAIN,300.0,False,RESTRAIN,0.19825896619790806,0.0,0.10139271944863225,43.84148790247119
RESTRAIN,300.0,False,RESTRAIN,0.23087558396768948,0.0,0.23432251936889362,251.04564901664315
RESTRAIN,300.0,False,RESTRAIN,0.17983248621233683,0.0,0.63846054433032,19.38006918727833
RESTRAIN,300.0,True,RESTRAIN,0.2778866058617261,0.0,0.6044886671585397,264.2437073788464
RESTRAIN,300.0,False,RESTRAIN,0.12112571615462009,0.0,0.7066729114681309,75.29559331924544
RESTRAIN,300.0,False,RESTRAIN,0.2054547858487631,0.0,0.056477501960955794,177.61496289333508
RESTRAIN,300.0,False,RESTRAIN,0.12330976422499473,0.0,0.6897719430159933,96.11721512176315
RESTRAIN,300.0,False,RESTRAIN,0.16040788921963445,0.0,0.44155576956053705,115.88715933899044
RESTRAIN,300.0,False,RESTRAIN,0.22560435398123224,0.0,0.28169569215161533,226.34069864215624
RESTRAIN,300.0,False,RESTRAIN,0.17702045344097783,0.0,0.5492561535100257,155.22270000785397
RESTRAIN,300.0,False,RESTRAIN,0.1919064753225891,0.0,0.719577124563329,175.5251350909237
RESTRAIN,300.0,False,RESTRAIN,0.2113114165244141,0.0,0.0934874753365011,359.61873303640147
RESTRAIN,300.0,False,RESTRAIN,0.14146535656246184,0.0,0.7265631845686,43.780848278558594
RESTRAIN,300.0,False,RESTRAIN,0.16614751428217533,0.0,0.5124958952721637,138.3372519158945
RESTRAIN,300.0,False,RESTRAIN,0.21147224676150522,0.0,0.5580486253978402,190.87549187070508
RESTRAIN,300.0,True,RESTRAIN,0.29970290206036265,0.0,0.7910569457036452,292.9342625891928
RESTRAIN,300.0,False,RESTRAIN,0.13126439324879424,0.0,0.6389888323327724,101.66126354223225
RESTRAIN,300.0,False,RESTRAIN,0.16767265386471508,0.0,0.5251717477686516,141.7848987200701
RESTRAIN,300.0,False,RESTRAIN,0.24508745739090865,0.0,0.3024203852426574,295.65423845637724
RESTRAIN,300.0,False,RESTRAIN,0.2107253681849085,0.0,0.4592791453889232,190.9335694710739
RESTRAIN,300.0,False,RESTRAIN,0.28463233422710366,0.0,0.7529099297041084,308.1836628411314
RESTRAIN,300.0,False,RESTRAIN,0.15892029158571297,0.0,0.8960465024315837,23.165258418557553
RESTRAIN,300.0,False,RESTRAIN,0.12684530421473938,0.0,0.6805369038609388,103.34868079925772
RESTRAIN,300.0,False,RESTRAIN,0.22591734766934035,0.0,0.7111463085302199,200.79117367175613
RESTRAIN,300.0,False,RESTRAIN,0.15039393559549785,0.0,0.6294762458979746,43.91501560166517
RESTRAIN,300.0,False,RESTRAIN,0.1900417673214636,0.0,0.6902554407512886,173.44336763768146
RESTRAIN,300.0,False,RESTRAIN,0.20746833074019955,0.0,0.21886168740723858,6.348944105043244
RESTRAIN,300.0,False,RESTRAIN,0.20373350044323313,0.0,0.3814496757696852,181.6782983071638
RESTRAIN,300.0,False,RESTRAIN,0.2424558118060618,0.0,0.5003963858390924,331.3136211758104
RESTRAIN,300.0,False,RESTRAIN,0.2317040585867438,0.0,0.4945177173035986,341.3945183899596
RESTRAIN,300.0,False,RESTRAIN,0.14898957967643067,0.0,0.5375410129623133,114.88046238515749
RESTRAIN,300.0,False,RESTRAIN,0.2029143529566676,0.0,0.8761813136367684,1.2442911543313606
RESTRAIN,300.0,False,RESTRAIN,0.26098813085661343,0.0,0.769743482329297,328.3735677147396
RESTRAIN,300.0,False,RESTRAIN,0.23149322670383765,0.0,0.7450498726257956,204.18836694096535
RESTRAIN,300.0,False,RESTRAIN,0.23811987852168415,0.0,0.7473331297134744,209.02381459307267
RESTRAIN,300.0,True,RESTRAIN,0.2908046598286349,0.0,0.7139998818280919,293.42449415801804
RESTRAIN,300.0,False,RESTRAIN,0.160421135826189,0.0,0.6112831587647151,141.60666362825725
RESTRAIN,300.0,False,RESTRAIN,0.19429251407523362,0.0,0.2308882655143527,151.24207877589654
RESTRAIN,300.0,False,RESTRAIN,0.28782222709277694,0.0,0.7701899290699525,306.53530813316286
RESTRAIN,300.0,False,RESTRAIN,0.20288409681866193,0.0,0.2517577491353174,176.95395126943563
RESTRAIN,300.0,True,RESTRAIN,0.28373294339484345,0.0,0.6523997194987284,264.8909653482091
RESTRAIN,300.0,False,RESTRAIN,0.22035190727693177,0.0,0.0998853413779513,325.8125535850697
RESTRAIN,300.0,False,RESTRAIN,0.17031615837740743,0.0,0.4925506433151695,141.69309253967108
RESTRAIN,300.0,False,RESTRAIN,0.23641113757162746,0.0,0.2869205272068041,320.01574997887474
RESTRAIN,300.0,False,RESTRAIN,0.13993489744295895,0.0,0.6340115210261681,117.86356888453868
RESTRAIN,300.0,False,RESTRAIN,0.2510677615706288,0.0,0.7697581072541758,334.6477170046458
RESTRAIN,300.0,False,RESTRAIN,0.20758964392899526,0.0,0.013974449077915474,109.93327852272785
RESTRAIN,300.0,False,RESTRAIN,0.19495239398441244,0.0,0.1028897248645249,84.32102235800869
RESTRAIN,300.0,True,RESTRAIN,0.301911826395884,0.0,0.8329651415601178,259.49570854322485
RESTRAIN,300.0,False,RESTRAIN,0.22619713166945432,0.0,0.2153438965905652,331.9194755938871
RESTRAIN,300.0,True,RESTRAIN,0.2873477376853826,0.0,0.6577104723706818,276.53322300491743
RESTRAIN,300.0,True,RESTRAIN,0.29350211660537007,0.0,0.7312920349845573,266.443878208817
RESTRAIN,300.0,False,RESTRAIN,0.22357479115170686,0.0,0.6664952977773516,350.2891398631621
RESTRAIN,300.0,False,RESTRAIN,0.20483022406221696,0.0,0.028896594621327133,200.67949684374597
RESTRAIN,300.0,False,RESTRAIN,0.2654559716001441,0.0,0.6618812766130966,319.54292728918546
RESTRAIN,300.0,False,RESTRAIN,0.17925708725375888,0.0,0.8654141159905696,13.35404529154359
RESTRAIN,300.0,False,RESTRAIN,0.1757034136537703,0.0,0.33191385374139454,47.57642118967079
RESTRAIN,300.0,False,RESTRAIN,0.12995466076946927,0.0,0.6392296057799587,97.73700819794621
RESTRAIN,300.0,False,RESTRAIN,0.2233245133852535,0.0,0.24882273376067932,340.6049769644383
RESTRAIN,300.0,False,RESTRAIN,0.09977097312658145,0.0,0.897709824103968,70.89465140645035
RESTRAIN,300.0,False,RESTRAIN,0.19393665388263925,0.0,0.18750603599336096,137.9098003504432
RESTRAIN,300.0,False,RESTRAIN,0.2017911950203244,0.0,0.2750093816887189,12.790213084075361
RESTRAIN,300.0,False,RESTRAIN,0.19918722978759817,0.0,0.15111502918130257,28.147930528177135
RESTRAIN,300.0,False,RESTRAIN,0.24388153641051014,0.0,0.8596595470185631,209.75335404962686
RESTRAIN,300.0,False,RESTRAIN,0.16899311660956629,0.0,0.5142837394695138,35.18562775002389
RESTRAIN,300.0,False,RESTRAIN,0.2299320218914368,0.0,0.22228646409973016,323.7132658237229
RESTRAIN,300.0,False,RESTRAIN,0.22333526267720671,0.0,0.12105509918529826,318.8882427205042
RESTRAIN,300.0,False,RESTRAIN,0.26074326237088585,0.0,0.7873261337808385,223.99729751186217
RESTRAIN,300.0,False,RESTRAIN,0.20503871909753635,0.0,0.05639362693798377,142.66333442034198
RESTRAIN,300.0,False,RESTRAIN,0.2592060216361748,0.0,0.5789367142806139,319.6158757699077
RESTRAIN,300.0,False,RESTRAIN,0.1962792999878047,0.0,0.5491158425492643,175.61424649669016
RESTRAIN,300.0,False,RESTRAIN,0.12495998949162701,0.0,0.6946154617067594,68.62127226320861
RESTRAIN,300.0,False,RESTRAIN,0.14638606367372542,0.0,0.6136616004189249,124.43712485887471
RESTRAIN,300.0,False,RESTRAIN,0.1374522688366211,0.0,0.7528276529615245,130.73156668162684
RESTRAIN,300.0,False,RESTRAIN,0.2048593768806074,0.0,0.034228277043229574,208.7312515107536
RESTRAIN,300.0,False,RESTRAIN,0.18042146643655776,0.0,0.3872622034777508,144.43429053509277
RESTRAIN,300.0,False,RESTRAIN,0.21970893830014937,0.0,0.07286948854955727,294.58063030781824
RESTRAIN,300.0,False,RESTRAIN,0.23161243616984695,0.0,0.3646955855353007,225.5440085524265
RESTRAIN,300.0,False,RESTRAIN,0.1453563828463892,0.0,0.5047431742569728,90.76480264288189
RESTRAIN,300.0,False,RESTRAIN,0.16930586904096456,0.0,0.5343973797399632,144.74912406773396
RESTRAIN,300.0,True,RESTRAIN,0.30247788693290256,0.0,0.8322914604813328,260.36891903534274
RESTRAIN,300.0,False,RESTRAIN,0.10454842703303469,0.0,0.8295499035837416,87.20864949750612
RESTRAIN,300.0,False,RESTRAIN,0.18835652622151822,0.0,0.2788079373226345,32.988182355676685
RESTRAIN,300.0,True,RESTRAIN,0.27672773415428986,0.0,0.6291618501689987,256.0122807889669
RESTRAIN,300.0,False,RESTRAIN,0.16244280510216624,0.0,0.6414366442506875,146.39673897422477
RESTRAIN,300.0,False,RESTRAIN,0.127433313711656,0.0,0.8614367895138468,44.74032128695945
RESTRAIN,300.0,False,RESTRAIN,0.2049408739333426,0.0,0.07554079313490802,172.6089973019826
RESTRAIN,300.0,False,RESTRAIN,0.22258145862402723,0.0,0.5554364036579711,201.71300354343614
RESTRAIN,300.0,False,RESTRAIN,0.2021179846144734,0.0,0.36653721222274926,9.272643081759355
RESTRAIN,300.0,False,RESTRAIN,0.2468312060388863,0.0,0.3125954084289041,284.8032423209571
RESTRAIN,300.0,False,RESTRAIN,0.19741828565994501,0.0,0.5557447027679796,176.9439687188491
RESTRAIN,300.0,False,RESTRAIN,0.20488834385063648,0.0,0.2515832883486456,9.19779561720182
RESTRAIN,300.0,False,RESTRAIN,0.2160804509494173,0.0,0.03227991721734821,310.24305205358723
RESTRAIN,300.0,False,RESTRAIN,0.23824084091519393,0.0,0.700013391132823,210.69242372175762
RESTRAIN,300.0,False,RESTRAIN,0.21478584272377443,0.0,0.07811782960588197,346.77087295009085
RESTRAIN,300.0,False,RESTRAIN,0.17295895211625645,0.0,0.29537843279476056,101.23856643847249
RESTRAIN,300.0,False,RESTRAIN,0.1723013990985537,0.0,0.5354333126516545,148.53932663267068
RESTRAIN,300.0,False,RESTRAIN,0.25761247699066836,0.0,0.5613623384897611,238.65763347171819
RESTRAIN,300.0,False,RESTRAIN,0.25053093808984916,0.0,0.5996385672082912,329.0333512578193
RESTRAIN,300.0,True,RESTRAIN,0.3146423824328942,0.0,0.8950531830199415,284.8196339692041
RESTRAIN,300.0,False,RESTRAIN,0.2348025049732786,0.0,0.36124840617024023,231.48691459842053
RESTRAIN,300.0,False,RESTRAIN,0.22478591053116093,0.0,0.12374498789621695,286.3862549530561
RESTRAIN,300.0,False,RESTRAIN,0.19869255059423818,0.0,0.12415416582330051,34.14317375171147
RESTRAIN,300.0,False,RESTRAIN,0.25958280795590793,0.0,0.4592237706841475,260.704526055283
RESTRAIN,300.0,False,RESTRAIN,0.22008774825631194,0.0,0.3453655116098537,208.3061253340302
RESTRAIN,300.0,False,RESTRAIN,0.10766932373129068,0.0,0.8218473168514994,98.73094236711978
RESTRAIN,300.0,False,RESTRAIN,0.15057987592055988,0.0,0.45983862260602754,85.87770080226154
RESTRAIN,300.0,False,RESTRAIN,0.1601034792134587,0.0,0.4067586551645133,103.77721500612303
RESTRAIN,300.0,False,RESTRAIN,0.13630504912403363,0.0,0.7761212759901128,44.23418521222138
RESTRAIN,300.0,False,RESTRAIN,0.12063353178754821,0.0,0.716497508657368,98.3717633597969
RESTRAIN,300.0,False,RESTRAIN,0.17093759895379568,0.0,0.642491030373367,25.651054182029203
RESTRAIN,300.0,False,RESTRAIN,0.25176858108543165,0.0,0.4746190737711316,242.18601249904313
RESTRAIN,300.0,False,RESTRAIN,0.20588147576024762,0.0,0.2112049161932888,184.42620660681214
RESTRAIN,300.0,False,RESTRAIN,0.1597192927375688,0.0,0.5107271143979458,45.96516304481973
RESTRAIN,300.0,False,RESTRAIN,0.21666623536219032,0.0,0.10418865355993458,250.99034849533007
RESTRAIN,300.0,False,RESTRAIN,0.15177015764831803,0.0,0.4831311749408121,64.08419845838625
RESTRAIN,300.0,False,RESTRAIN,0.19413818879091338,0.0,0.7662970369925343,178.1588643667419
RESTRAIN,300.0,False,RESTRAIN,0.2404776038928237,0.0,0.4635116202846609,331.23809916367856
RESTRAIN,300.0,False,RESTRAIN,0.21589688674709828,0.0,0.06162865535004899,273.93087325500994
RESTRAIN,300.0,False,RESTRAIN,0.20467724703435974,0.0,0.028186138684162056,210.2898519545825
RESTRAIN,300.0,False,RESTRAIN,0.24131589257666552,0.0,0.7744399514238448,210.57093496376416
RESTRAIN,300.0,False,RESTRAIN,0.19852330365451176,0.0,0.2018551282543318,23.10931136775933
RESTRAIN,300.0,False,RESTRAIN,0.18058038301409796,0.0,0.47312911501538846,153.7237423883742
RESTRAIN,300.0,False,RESTRAIN,0.12811182203883253,0.0,0.6991100635146171,110.56383413537407
RESTRAIN,300.0,False,RESTRAIN,0.20099935732663254,0.0,0.22788995815665347,170.86886737128847
RESTRAIN,300.0,False,RESTRAIN,0.23533535939795225,0.0,0.663701563848843,342.5126989869363
RESTRAIN,300.0,False,RESTRAIN,0.21800229915654,0.0,0.0677632958376089,283.1460633185461
RESTRAIN,300.0,False,RESTRAIN,0.2476194395568485,0.0,0.6737519603447989,219.59162642819442
RESTRAIN,300.0,False,RESTRAIN,0.21184887921404083,0.0,0.05759095598292041,253.68828596580968
RESTRAIN,300.0,False,RESTRAIN,0.2359306648674968,0.0,0.24942560875276204,263.0158659359383
RESTRAIN,300.0,False,RESTRAIN,0.19880598241786784,0.0,0.2310338018699523,164.29432310237976
RESTRAIN,300.0,False,RESTRAIN,0.2851626274324349,0.0,0.8022734562112095,311.88862432250374
RESTRAIN,300.0,False,RESTRAIN,0.23780473784537604,0.0,0.48103200601816376,222.2301409747675
RESTRAIN,300.0,True,RESTRAIN,0.29666266253061324,0.0,0.7587680557728271,265.6921907411419
RESTRAIN,300.0,False,RESTRAIN,0.20461233225265973,0.0,0.5240516547409433,3.977543231426357
RESTRAIN,300.0,False,RESTRAIN,0.21647906989268195,0.0,0.7262145792963869,193.65029266472314
RESTRAIN,300.0,False,RESTRAIN,0.16276250979814144,0.0,0.4962076017169958,131.10642741460433
RESTRAIN,300.0,False,RESTRAIN,0.19067398427239401,0.0,0.404922183499853,19.945190703864228
RESTRAIN,300.0,False,RESTRAIN,0.2551934636309525,0.0,0.5921793806197766,232.60802203753823
RESTRAIN,300.0,False,RESTRAIN,0.22728740649286983,0.0,0.2578040260974277,334.35369359488135
RESTRAIN,300.0,True,RESTRAIN,0.30378240927603195,0.0,0.8268634380586108,263.79206285882225
RESTRAIN,300.0,False,RESTRAIN,0.1544132653515684,0.0,0.8173230512988602,28.760837669769913
RESTRAIN,300.0,False,RESTRAIN,0.20606019875477655,0.0,0.06545958667390255,20.408654946549596
RESTRAIN,300.0,False,RESTRAIN,0.1237167782748746,0.0,0.825109119160473,124.21157385800446
RESTRAIN,300.0,False,RESTRAIN,0.18752415415559376,0.0,0.16367848105588267,85.8772038341114
RESTRAIN,300.0,False,RESTRAIN,0.1944865389340037,0.0,0.6131457248565733,9.92596082729448
RESTRAIN,300.0,False,RESTRAIN,0.18247689043645,0.0,0.7407939426585318,14.42593183948711
RESTRAIN,300.0,False,RESTRAIN,0.18741446306698528,0.0,0.2171147293104777,124.25273227535409
RESTRAIN,300.0,False,RESTRAIN,0.19742364607659757,0.0,0.10138978825383975,48.073967932367886
RESTRAIN,300.0,False,RESTRAIN,0.1259647200609889,0.0,0.6805608555342719,70.07988773975666
RESTRAIN,300.0,False,RESTRAIN,0.24904841680140277,0.0,0.39818596052934824,313.0267281681335
RESTRAIN,300.0,False,RESTRAIN,0.2127584024815985,0.0,0.43801510351753725,357.7240485785796
RESTRAIN,300.0,True,RESTRAIN,0.2891170172789279,0.0,0.6856750206717169,289.648523327753
RESTRAIN,300.0,False,RESTRAIN,0.17941911243933106,0.0,0.22841639055122695,83.79606517416255
RESTRAIN,300.0,False,RESTRAIN,0.19698242940012134,0.0,0.08743664463438335,63.30307131207345
RESTRAIN,300.0,False,RESTRAIN,0.24153070131953758,0.0,0.8619657516547106,208.25124031441283
RESTRAIN,300.0,True,RESTRAIN,0.2840595234900456,0.0,0.629693232012236,282.2084173331734
RESTRAIN,300.0,False,RESTRAIN,0.25836481356644936,0.0,0.5869211204326634,236.67948013248483
RESTRAIN,300.0,False,RESTRAIN,0.24530162858148952,0.0,0.29964797678068306,289.35063744159936
RESTRAIN,300.0,False,RESTRAIN,0.18654004662611445,0.0,0.8961354186418243,175.3189708877516
RESTRAIN,300.0,False,RESTRAIN,0.21368939378562002,0.0,0.20028971913747495,355.59648302762537
RESTRAIN,300.0,False,RESTRAIN,0.2289368569732434,0.0,0.16028895868044765,283.27251304553073
RESTRAIN,300.0,False,RESTRAIN,0.19748727876280803,0.0,0.2864555504215071,18.338902038513154
RESTRAIN,300.0,False,RESTRAIN,0.14631116209225004,0.0,0.6650590863364333,131.0597455805624
RESTRAIN,300.0,False,RESTRAIN,0.21137939679308249,0.0,0.21330931883960597,201.4635298624322
RESTRAIN,300.0,False,RESTRAIN,0.17269990787201317,0.0,0.2814853245562794,80.71117136685872
RESTRAIN,300.0,False,RESTRAIN,0.1740951913530845,0.0,0.47666455682263564,145.20632933572193
RESTRAIN,300.0,False,RESTRAIN,0.249012262298556,0.0,0.5849518351813447,226.65985208444772
RESTRAIN,300.0,False,RESTRAIN,0.20824125220168244,0.0,0.1342945136432977,198.7804673154652
RESTRAIN,300.0,False,RESTRAIN,0.2681113119652222,0.0,0.589175287841689,310.12195108929427
RESTRAIN,300.0,False,RESTRAIN,0.16599469220488527,0.0,0.3429496632492336,94.50406766020338
RESTRAIN,300.0,False,RESTRAIN,0.23183932086271009,0.0,0.31153971492742294,331.61157446815116
RESTRAIN,300.0,False,RESTRAIN,0.20175970676223653,0.0,0.07111622537374754,115.97196529204453
RESTRAIN,300.0,False,RESTRAIN,0.26137847868891617,0.0,0.8765651540544347,331.3424706806295
RESTRAIN,300.0,False,RESTRAIN,0.13034059618022764,0.0,0.6238084919464891,89.38338017586742
RESTRAIN,300.0,False,RESTRAIN,0.20550318125801026,0.0,0.08989309460404028,182.71550061110426
RESTRAIN,300.0,False,RESTRAIN,0.23020476233924947,0.0,0.3296131278218854,335.60640923312013
RESTRAIN,300.0,False,RESTRAIN,0.20007171733241436,0.0,0.07206111869417366,99.8995067008997
RESTRAIN,300.0,False,RESTRAIN,0.2613586644345893,0.0,0.4873788861916028,305.5508334538717
RESTRAIN,300.0,False,RESTRAIN,0.19984048377038355,0.0,0.6301317729905684,180.44312481280184
RESTRAIN,300.0,False,RESTRAIN,0.20545808874976423,0.0,0.05089690819166847,151.12629511519208
RESTRAIN,300.0,False,RESTRAIN,0.28279257468052277,0.0,0.8299514689653478,238.92804430454188
RESTRAIN,300.0,False,RESTRAIN,0.16686883555372845,0.0,0.3367216297695419,71.47839968760738
RESTRAIN,300.0,False,RESTRAIN,0.22381471915220774,0.0,0.21131390385562382,237.17879988876862
RESTRAIN,300.0,False,RESTRAIN,0.19370952595363677,0.0,0.1168704172901416,63.5854900162649
RESTRAIN,300.0,False,RESTRAIN,0.2206226397754204,0.0,0.13106424500443456,255.91192276788257
RESTRAIN,300.0,False,RESTRAIN,0.25363618337685945,0.0,0.7648168990340041,219.8338978493065
RESTRAIN,300.0,False,RESTRAIN,0.164099983422335,0.0,0.43204479691716763,50.34948017087973
RESTRAIN,300.0,False,RESTRAIN,0.15123624651457024,0.0,0.7186039589855647,36.246264131774815
RESTRAIN,300.0,False,RESTRAIN,0.21697052095970515,0.0,0.2043702987828394,218.64716535726083
RESTRAIN,300.0,False,RESTRAIN,0.18185914370814638,0.0,0.28615744696810763,43.734899333621954
RESTRAIN,300.0,False,RESTRAIN,0.2316081631503346,0.0,0.37135329251310223,225.03380544721026
RESTRAIN,300.0,False,RESTRAIN,0.21080360231104667,0.0,0.40906631505186175,359.64780382244817
RESTRAIN,300.0,False,RESTRAIN,0.19937792032738566,0.0,0.08791136853508644,44.27132016876508
RESTRAIN,300.0,False,RESTRAIN,0.20579822899456757,0.0,0.04050236996366655,170.57191791280522
RESTRAIN,300.0,False,RESTRAIN,0.25968406093669005,0.0,0.8963060512300596,332.7852342617725
RESTRAIN,300.0,False,RESTRAIN,0.2404028173477719,0.0,0.5998886964601233,337.3567989421141
RESTRAIN,300.0,False,RESTRAIN,0.208595565713261,0.0,0.04929264591789715,10.767984913359383
RESTRAIN,300.0,True,RESTRAIN,0.28996975420439675,0.0,0.6953086241717481,290.88279228377485
RESTRAIN,300.0,False,RESTRAIN,0.16739832135056054,0.0,0.32500256831672014,85.8764934254676
RESTRAIN,300.0,True,RESTRAIN,0.2928024315461033,0.0,0.7168143735911365,268.7646221569368
RESTRAIN,300.0,False,RESTRAIN,0.12403996749523605,0.0,0.8548218650572658,127.8011314485506
RESTRAIN,300.0,False,RESTRAIN,0.20449747889431769,0.0,0.023915889292928795,80.96002934050348
RESTRAIN,300.0,False,RESTRAIN,0.1779716477387724,0.0,0.8678634697132172,169.4598248470983
RESTRAIN,300.0,False,RESTRAIN,0.1899995762256823,0.0,0.14918474085477695,63.330726394914755
RESTRAIN,300.0,False,RESTRAIN,0.1926530555594791,0.0,0.2675093108406917,152.71035941210275
RESTRAIN,300.0,False,RESTRAIN,0.16457958645990034,0.0,0.5642508122558728,142.13486526157632
RESTRAIN,300.0,False,RESTRAIN,0.22882216805915412,0.0,0.6443356944081399,346.6303563928523
RESTRAIN,300.0,False,RESTRAIN,0.20803547689165347,0.0,0.1532082047818111,195.16445057472887
RESTRAIN,300.0,False,RESTRAIN,0.21872139911905508,0.0,0.12314353300170955,250.94525048238933
RESTRAIN,300.0,False,RESTRAIN,0.17759598901174412,0.0,0.257891483758266,62.97806195150204
RESTRAIN,300.0,False,RESTRAIN,0.21180190278265365,0.0,0.2930393854291487,359.0287742571963
RESTRAIN,300.0,False,RESTRAIN,0.20341931062287322,0.0,0.28639989790748593,179.16504000412354
RESTRAIN,300.0,False,RESTRAIN,0.19922770983647853,0.0,0.15418062915338956,27.083097054098406
RESTRAIN,300.0,False,RESTRAIN,0.2594603310262874,0.0,0.8737268336642371,219.3428982765715
RESTRAIN,300.0,False,RESTRAIN,0.12826516907855856,0.0,0.718264859375322,114.53266948368177
RESTRAIN,300.0,False,RESTRAIN,0.10360496939297881,0.0,0.8820185869625853,105.81567293261963
RESTRAIN,300.0,False,RESTRAIN,0.19907816184751714,0.0,0.09329192393189915,114.12668403790718
RESTRAIN,300.0,False,RESTRAIN,0.20482412452729837,0.0,0.06802011327101974,162.1500116462904
RESTRAIN,300.0,False,RESTRAIN,0.15086092756781966,0.0,0.4823770951013376,103.36515108563144
RESTRAIN,300.0,True,RESTRAIN,0.275080535718243,0.0,0.5530210898746759,280.3239515407442
RESTRAIN,300.0,False,RESTRAIN,0.14135112997703014,0.0,0.5716413807888174,64.42532359260431
RESTRAIN,300.0,False,RESTRAIN,0.19867049512851476,0.0,0.0839313507359223,51.098139660243554
RESTRAIN,300.0,False,RESTRAIN,0.14601193931210765,0.0,0.759416249804292,37.60997561758886
RESTRAIN,300.0,False,RESTRAIN,0.17834497756429313,0.0,0.44074224968233994,147.72984664513547
RESTRAIN,300.0,False,RESTRAIN,0.17965015233797643,0.0,0.3313250495149143,40.63513014165459
RESTRAIN,300.0,False,RESTRAIN,0.1999972326597922,0.0,0.4539942672878791,9.021065967943972
RESTRAIN,300.0,False,RESTRAIN,0.2047362012732722,0.0,0.03641412993536641,105.98594163207916
RESTRAIN,300.0,False,RESTRAIN,0.21484615442503452,0.0,0.1935689146903574,352.8107283506461
RESTRAIN,300.0,False,RESTRAIN,0.19687590856217774,0.0,0.8986410261375882,3.9301591389910717
RESTRAIN,300.0,False,RESTRAIN,0.18283712879427294,0.0,0.49730322383037656,22.99269664256694
RESTRAIN,300.0,False,RESTRAIN,0.20704254410283596,0.0,0.07068681823920704,209.92868905222994
RESTRAIN,300.0,False,RESTRAIN,0.20369611958869838,0.0,0.26355185766804057,179.23641110368004
RESTRAIN,300.0,False,RESTRAIN,0.19450518016739304,0.0,0.16629726326008246,37.552217161295516
RESTRAIN,300.0,False,RESTRAIN,0.27390513210733347,0.0,0.8322305104736413,322.10094681985936
RESTRAIN,300.0,False,RESTRAIN,0.2768088363105784,0.0,0.7255893525912631,242.79538213322238
RESTRAIN,300.0,False,RESTRAIN,0.19954965204659103,0.0,0.49221321178323374,178.08647873437803
RESTRAIN,300.0,False,RESTRAIN,0.22098361929221166,0.0,0.8566035009502303,195.74349697579777
RESTRAIN,300.0,False,RESTRAIN,0.2495158065833153,0.0,0.3355825083907642,286.62207056845347
RESTRAIN,300.0,False,RESTRAIN,0.1477232707551973,0.0,0.7784709301828443,35.30885820343433
RESTRAIN,300.0,False,RESTRAIN,0.2342496142285151,0.0,0.420787808140281,335.9400978437862
RESTRAIN,300.0,False,RESTRAIN,0.14198080970891735,0.0,0.7637687711738482,40.54844741834211
RESTRAIN,300.0,False,RESTRAIN,0.17407045518942055,0.0,0.8106194406752564,165.07727734193585
RESTRAIN,300.0,False,RESTRAIN,0.15619090106323652,0.0,0.41666802446731993,89.12956572667727
RESTRAIN,300.0,False,RESTRAIN,0.21947745835576304,0.0,0.16020125761852796,239.47647058169028
RESTRAIN,300.0,False,RESTRAIN,0.23031432462992396,0.0,0.17313646935127192,302.33879757851423
RESTRAIN,300.0,False,RESTRAIN,0.2220772706191807,0.0,0.25997666773893496,222.00176925706447
RESTRAIN,300.0,False,RESTRAIN,0.18274230461056795,0.0,0.2006471108161585,80.63202411274654
RESTRAIN,300.0,False,RESTRAIN,0.250919178765848,0.0,0.3494282801975949,280.57639816040904
RESTRAIN,300.0,False,RESTRAIN,0.23250641912046777,0.0,0.456013013787494,339.3582322176166
RESTRAIN,300.0,False,RESTRAIN,0.19840215889967494,0.0,0.07840225142961357,57.95562106926316
RESTRAIN,300.0,False,RESTRAIN,0.10625047945458077,0.0,0.8186788968250689,91.26384437350687
RESTRAIN,300.0,False,RESTRAIN,0.20446833998239144,0.0,0.00218865028081634,190.65526341619085
RESTRAIN,300.0,False,RESTRAIN,0.2219339030411943,0.0,0.1244613112339855,266.31808203723665
RESTRAIN,300.0,False,RESTRAIN,0.20638449075681708,0.0,0.007569248434632992,45.71508769342077
RESTRAIN,300.0,False,RESTRAIN,0.1686695408690284,0.0,0.8878754307470617,18.234298272188298
RESTRAIN,300.0,False,RESTRAIN,0.21852889217742244,0.0,0.36958525376647333,204.10516226573202
RESTRAIN,300.0,False,RESTRAIN,0.23111918185856895,0.0,0.17642312214586703,287.0015274554394
RESTRAIN,300.0,False,RESTRAIN,0.1966685171087652,0.0,0.10680438631994929,107.14644234820045
RESTRAIN,300.0,False,RESTRAIN,0.22047700098165668,0.0,0.3333706985953292,209.87447584296442
RESTRAIN,300.0,True,RESTRAIN,0.31119400972643685,0.0,0.8783091997676716,289.2425880496708
RESTRAIN,300.0,False,RESTRAIN,0.19749774407282206,0.0,0.49385261774413447,10.375973049707351
RESTRAIN,300.0,False,RESTRAIN,0.17589280249786454,0.0,0.3187957715692054,121.01905823660387
RESTRAIN,300.0,False,RESTRAIN,0.1710155573229889,0.0,0.3280867650838338,109.15097730917007
RESTRAIN,300.0,False,RESTRAIN,0.21874704573072967,0.0,0.10560289508972562,260.3007936401048
RESTRAIN,300.0,False,RESTRAIN,0.24928587771979693,0.0,0.46530649524627943,239.83884425246467
RESTRAIN,300.0,False,RESTRAIN,0.25340725338729475,0.0,0.381772981529782,297.6506282917642
RESTRAIN,300.0,False,RESTRAIN,0.22045054178549384,0.0,0.6559660697058849,197.5119221529011
RESTRAIN,300.0,False,RESTRAIN,0.18630114236608142,0.0,0.17275288017357238,82.04040319950299
RESTRAIN,300.0,False,RESTRAIN,0.20186563753580045,0.0,0.12360380252588425,155.91734667699902
RESTRAIN,300.0,False,RESTRAIN,0.16841645363614,0.0,0.5233145905929419,142.5781456211303
RESTRAIN,300.0,False,RESTRAIN,0.2691493911151238,0.0,0.6678067176663303,240.38932081798515
RESTRAIN,300.0,False,RESTRAIN,0.22802054631002255,0.0,0.4477502346328845,343.41230587782184
RESTRAIN,300.0,False,RESTRAIN,0.17844553836415,0.0,0.7110297677433014,164.77311643710695
RESTRAIN,300.0,False,RESTRAIN,0.26596229343230005,0.0,0.7569778413309838,229.98373456831166
RESTRAIN,300.0,False,RESTRAIN,0.11244862945498513,0.0,0.8249666963890452,63.97017171455523
RESTRAIN,300.0,False,RESTRAIN,0.21886406325539687,0.0,0.34036115402998873,206.78211771713367
RESTRAIN,300.0,True,RESTRAIN,0.30142157284809845,0.0,0.8139107009755678,262.22872124037866
RESTRAIN,300.0,True,RESTRAIN,0.28479016064797447,0.0,0.6381484899425274,274.9483718980884
RESTRAIN,300.0,False,RESTRAIN,0.2220918339666268,0.0,0.5624212188951567,350.50517450685936
RESTRAIN,300.0,False,RESTRAIN,0.21534602369128997,0.0,0.4983968411158406,355.52279968300724
RESTRAIN,300.0,False,RESTRAIN,0.20508676551911853,0.0,0.017747752585688125,185.56620394810355
RESTRAIN,300.0,False,RESTRAIN,0.2604746867099562,0.0,0.5042974340962806,309.81505484366136
RESTRAIN,300.0,True,RESTRAIN,0.2897545241396512,0.0,0.7010921000872515,265.3658574807664
RESTRAIN,300.0,False,RESTRAIN,0.20942928222718427,0.0,0.8895308609330753,188.8556028243231
RESTRAIN,300.0,False,RESTRAIN,0.1999153677703872,0.0,0.38980320140195823,10.824637143697569
RESTRAIN,300.0,False,RESTRAIN,0.22229938315607478,0.0,0.8911420517048328,351.72601699504395
RESTRAIN,300.0,False,RESTRAIN,0.21655135707937856,0.0,0.1539797724119072,347.4815409122146
RESTRAIN,300.0,False,RESTRAIN,0.20583099009759398,0.0,0.8623799804741898,186.5313195271689
RESTRAIN,300.0,False,RESTRAIN,0.15479950186265024,0.0,0.530689595195621,123.99716461990373
RESTRAIN,300.0,False,RESTRAIN,0.15709231918045652,0.0,0.5963126329972002,40.24250777002467
RESTRAIN,300.0,False,RESTRAIN,0.18525095049915374,0.0,0.5163121473260788,19.84785317214182
RESTRAIN,300.0,True,RESTRAIN,0.31191079176052217,0.0,0.8845617549939774,289.22613206155586
RESTRAIN,300.0,False,RESTRAIN,0.2062069541214192,0.0,0.039867588798934,147.3983032975087
RESTRAIN,300.0,False,RESTRAIN,0.21756918717277174,0.0,0.3694184721690042,202.61910543760206
RESTRAIN,300.0,False,RESTRAIN,0.11646539103892317,0.0,0.7877090993558701,108.53165225650179
RESTRAIN,300.0,False,RESTRAIN,0.21385952403199382,0.0,0.1503835398875112,221.03840687328005
RESTRAIN,300.0,True,RESTRAIN,0.2695466330705859,0.0,0.5126346113249762,273.156892968582
RESTRAIN,300.0,False,RESTRAIN,0.2496272586567797,0.0,0.47121986693258455,321.44132044047467
RESTRAIN,300.0,False,RESTRAIN,0.19574878417680774,0.0,0.7266870688287236,178.59035714679194
RESTRAIN,300.0,False,RESTRAIN,0.11141026742072924,0.0,0.8264276520267344,108.06656887567378
RESTRAIN,300.0,False,RESTRAIN,0.19446453202881997,0.0,0.23295150485722307,27.650131831207517
RESTRAIN,300.0,False,RESTRAIN,0.2732599080381739,0.0,0.6238296501169669,307.4447780858346
RESTRAIN,300.0,False,RESTRAIN,0.26099475140729134,0.0,0.4929191884504731,307.2843801531975
RESTRAIN,300.0,False,RESTRAIN,0.15024474950259437,0.0,0.5965077131194713,127.21822129238548
RESTRAIN,300.0,False,RESTRAIN,0.1854644343054016,0.0,0.18034003672020377,74.61373429194508
RESTRAIN,300.0,False,RESTRAIN,0.22903248344535598,0.0,0.2454060509107953,242.42048304960386
RESTRAIN,300.0,False,RESTRAIN,0.26732588292427684,0.0,0.4948617854187526,272.39743084028555
RESTRAIN,300.0,False,RESTRAIN,0.20678484255733676,0.0,0.0026510217368925673,259.8559106767609
RESTRAIN,300.0,False,RESTRAIN,0.17078137278479322,0.0,0.644782746593075,25.661712443981695
RESTRAIN,300.0,False,RESTRAIN,0.2136026914095951,0.0,0.1454113769391202,354.32236687239293
RESTRAIN,300.0,False,RESTRAIN,0.22111462727582765,0.0,0.8381716682912935,196.02730384448165
RESTRAIN,300.0,False,RESTRAIN,0.25322625195863013,0.0,0.7745464681676619,219.00444791497975
RESTRAIN,300.0,False,RESTRAIN,0.18753361467426988,0.0,0.5610160317498111,16.316681574750852
RESTRAIN,300.0,False,RESTRAIN,0.19865055256466901,0.0,0.8019519034894826,4.249221932639764
RESTRAIN,300.0,False,RESTRAIN,0.12393746997460575,0.0,0.8885205511570536,45.48002996069076
RESTRAIN,300.0,False,RESTRAIN,0.15224913612748192,0.0,0.6974608457682944,140.75248815189363
RESTRAIN,300.0,False,RESTRAIN,0.2353666356650027,0.0,0.5639692240738258,340.11871994435876
RESTRAIN,300.0,False,RESTRAIN,0.25383504603728013,0.0,0.4043535745589808,262.0877756220208
RESTRAIN,300.0,False,RESTRAIN,0.2078898557125155,0.0,0.7322060702772428,359.7223319433118
RESTRAIN,300.0,False,RESTRAIN,0.26930179182260494,0.0,0.6339922145517628,244.75482962842148
RESTRAIN,300.0,False,RESTRAIN,0.1750994488338551,0.0,0.4253759913370118,35.91333723835503
RESTRAIN,300.0,False,RESTRAIN,0.25361152609600124,0.0,0.4500312096523113,250.01867978232644
RESTRAIN,300.0,False,RESTRAIN,0.22121059278356692,0.0,0.20604236381324922,230.87883505896954
RESTRAIN,300.0,False,RESTRAIN,0.2694670859700268,0.0,0.7097310650688339,319.07123988943374
RESTRAIN,300.0,False,RESTRAIN,0.22038768254069163,0.0,0.7904977047961063,195.92787554107937
RESTRAIN,300.0,False,RESTRAIN,0.2061442390536502,0.0,0.014835219957620082,88.40643995605869
RESTRAIN,300.0,False,RESTRAIN,0.21887054398530326,0.0,0.10070901300694302,263.7781524092325
RESTRAIN,300.0,True,RESTRAIN,0.3143499241661658,0.0,0.8921121686396141,271.2253799017417
RESTRAIN,300.0,False,RESTRAIN,0.2058380818482225,0.0,0.16029677552633642,185.11410557728917
RESTRAIN,300.0,False,RESTRAIN,0.15830196852262024,0.0,0.6628756274761138,34.13750152165174
RESTRAIN,300.0,False,RESTRAIN,0.17985198633080923,0.0,0.43275845134247437,148.95918658221132
RESTRAIN,300.0,False,RESTRAIN,0.26083346882544245,0.0,0.4692160872700434,302.3722688557879
RESTRAIN,300.0,False,RESTRAIN,0.1979664355255908,0.0,0.09753978082269511,109.3069338272856
RESTRAIN,300.0,False,RESTRAIN,0.2214988197481138,0.0,0.12406296697318213,263.3951645564181
RESTRAIN,300.0,False,RESTRAIN,0.14346240443590252,0.0,0.5201194655429862,91.26340646673107
RESTRAIN,300.0,False,RESTRAIN,0.1726447484221597,0.0,0.33986677965714585,118.33509635687022
RESTRAIN,300.0,False,RESTRAIN,0.13312134764230565,0.0,0.7177158798755684,121.33686225475628
RESTRAIN,300.0,False,RESTRAIN,0.1210536281312724,0.0,0.8747802862774924,48.79254884832569
RESTRAIN,300.0,False,RESTRAIN,0.13573346006129783,0.0,0.7310851701108622,126.41921016753004
RESTRAIN,300.0,False,RESTRAIN,0.248739151561145,0.0,0.36532441540247945,260.50184182739576
RESTRAIN,300.0,False,RESTRAIN,0.17685798528549568,0.0,0.43396254245980054,144.4716949394441
RESTRAIN,300.0,False,RESTRAIN,0.19252962979515242,0.0,0.14101921434361944,107.9049389956095
RESTRAIN,300.0,True,RESTRAIN,0.27401239765019925,0.0,0.6261224897955813,252.25552298738634
RESTRAIN,300.0,False,RESTRAIN,0.2063494523539,0.0,0.40262259411478774,185.5723627444273
RESTRAIN,300.0,False,RESTRAIN,0.16512327966502516,0.0,0.7716453509044114,156.91146624619054
RESTRAIN,300.0,True,RESTRAIN,0.27859861251509443,0.0,0.586826663059743,286.6161444635964
RESTRAIN,300.0,False,RESTRAIN,0.19671818483096382,0.0,0.15348891703813286,137.5001615151225
RESTRAIN,300.0,False,RESTRAIN,0.2131230644810198,0.0,0.36988465807899185,195.96521097572747
RESTRAIN,300.0,False,RESTRAIN,0.19243164137372892,0.0,0.6092540937314315,11.438943753090228
RESTRAIN,300.0,False,RESTRAIN,0.12774974337817457,0.0,0.772130056865327,122.18981781411547
RESTRAIN,300.0,False,RESTRAIN,0.16856666961349676,0.0,0.315725844221019,85.2852004510622
RESTRAIN,300.0,False,RESTRAIN,0.2615811510708087,0.0,0.6025448331246892,318.8699120921616
RESTRAIN,300.0,False,RESTRAIN,0.20775695134660666,0.0,0.15623354566434106,7.578958848941411
RESTRAIN,300.0,True,RESTRAIN,0.2941420676499814,0.0,0.8142414441716823,252.01634078787984
RESTRAIN,300.0,True,RESTRAIN,0.26996628125713606,0.0,0.5176528229687714,272.231594973202
RESTRAIN,300.0,False,RESTRAIN,0.1347695732393811,0.0,0.6917401997596402,119.700453276831
RESTRAIN,300.0,False,RESTRAIN,0.1639581673623477,0.0,0.35716630303976543,92.55532404384402
RESTRAIN,300.0,False,RESTRAIN,0.11328250411458052,0.0,0.8464870663699884,59.34048906334976
RESTRAIN,300.0,False,RESTRAIN,0.12950168942030937,0.0,0.6480961361977926,99.75748071450765
RESTRAIN,300.0,False,RESTRAIN,0.22241007395304624,0.0,0.13829169317323892,329.01847416879644
RESTRAIN,300.0,False,RESTRAIN,0.19136737676458837,0.0,0.4951669858794674,15.601319020831038
RESTRAIN,300.0,False,RESTRAIN,0.19834130362657565,0.0,0.24457677464493335,164.41752914977738
RESTRAIN,300.0,False,RESTRAIN,0.11546960785299742,0.0,0.7500236049998035,95.17719866665428
RESTRAIN,300.0,True,RESTRAIN,0.28127485881838354,0.0,0.7045419618225791,250.5135383181142
RESTRAIN,300.0,False,RESTRAIN,0.1619425115333003,0.0,0.44509068015862735,120.20491484815011
RESTRAIN,300.0,False,RESTRAIN,0.18202415161329188,0.0,0.27173396222992635,124.54606847516423
RESTRAIN,300.0,False,RESTRAIN,0.17048326314775208,0.0,0.7674182691882634,20.986049453675708
RESTRAIN,300.0,False,RESTRAIN,0.2614706372614386,0.0,0.7654358956128641,327.778749586715
RESTRAIN,300.0,False,RESTRAIN,0.2082396677805035,0.0,0.45471230169618104,187.77143585692997
RESTRAIN,300.0,False,RESTRAIN,0.17182612911633077,0.0,0.6455312191756518,24.835221427764154
RESTRAIN,300.0,False,RESTRAIN,0.23866606051631,0.0,0.2569505815579893,270.62055450925635
RESTRAIN,300.0,False,RESTRAIN,0.2466330028515552,0.0,0.31396490438553026,280.8121087288346
RESTRAIN,300.0,False,RESTRAIN,0.1735442191189316,0.0,0.8496504106381366,166.01034764216988
RESTRAIN,300.0,False,RESTRAIN,0.22002892637001092,0.0,0.6626491538389986,352.4861750538148
RESTRAIN,300.0,False,RESTRAIN,0.1995783491844484,0.0,0.06490847968218194,81.36002960177095
RESTRAIN,300.0,False,RESTRAIN,0.2545340132121431,0.0,0.41196007850195876,303.9170382817961
RESTRAIN,300.0,False,RESTRAIN,0.2487247402958528,0.0,0.35617039232821673,304.7152509808505
RESTRAIN,300.0,False,RESTRAIN,0.20682662175591737,0.0,0.20789033165580814,187.64153734600535
RESTRAIN,300.0,False,RESTRAIN,0.2189958379439565,0.0,0.8954476206505736,194.43883767913618
RESTRAIN,300.0,False,RESTRAIN,0.1972990111179943,0.0,0.12221190070398577,40.42038544004485
RESTRAIN,300.0,False,RESTRAIN,0.18020647526957434,0.0,0.28284028336406325,47.95662381346231
RESTRAIN,300.0,False,RESTRAIN,0.1598624502883067,0.0,0.7638467341153916,152.2023160287088
RESTRAIN,300.0,False,RESTRAIN,0.22086049901584182,0.0,0.11904720119195762,330.5168235665327
RESTRAIN,300.0,False,RESTRAIN,0.1657932755953292,0.0,0.3385250032835979,77.2290396125784
RESTRAIN,300.0,False,RESTRAIN,0.19080797567373764,0.0,0.5707733044801031,171.0011560260605
RESTRAIN,300.0,False,RESTRAIN,0.19323053655701838,0.0,0.303206183039107,23.127842402371172
RESTRAIN,300.0,False,RESTRAIN,0.16579447130481706,0.0,0.36793864759879347,107.72408017476735
RESTRAIN,300.0,False,RESTRAIN,0.16480091665872854,0.0,0.4951020788639313,133.9218813155495
RESTRAIN,300.0,False,RESTRAIN,0.23224764010554466,0.0,0.8574182050766059,346.6369415214366
RESTRAIN,300.0,False,RESTRAIN,0.1140856359669814,0.0,0.783816217403441,69.49417971147973
RESTRAIN,300.0,False,RESTRAIN,0.19992002586467783,0.0,0.10076661069774705,36.25857349757563
RESTRAIN,300.0,False,RESTRAIN,0.18618794634035563,0.0,0.5124865647854806,19.35101779884675
RESTRAIN,300.0,False,RESTRAIN,0.20867857921288524,0.0,0.5879670682372192,187.93565653289127
RESTRAIN,300.0,False,RESTRAIN,0.20699432447032262,0.0,0.2931856473556577,187.00274580322525
RESTRAIN,300.0,False,RESTRAIN,0.1787738803247788,0.0,0.23777731856387915,70.5059104826497
RESTRAIN,300.0,False,RESTRAIN,0.14105361483601087,0.0,0.5379598440897676,89.10648392508814
RESTRAIN,300.0,False,RESTRAIN,0.16757507888081036,0.0,0.3734803238936367,114.7862708529654
RESTRAIN,300.0,False,RESTRAIN,0.19981721533794494,0.0,0.8145584010231154,3.4019895843109538
RESTRAIN,300.0,False,RESTRAIN,0.22801758941767236,0.0,0.14719899671823794,294.1400716312018
RESTRAIN,300.0,False,RESTRAIN,0.2137108042228123,0.0,0.036975476357682224,278.19792402967414
RESTRAIN,300.0,False,RESTRAIN,0.11813699783993414,0.0,0.8096546693540387,115.29142173747161
RESTRAIN,300.0,False,RESTRAIN,0.23709652006905768,0.0,0.8065123855204086,206.74735807111136
RESTRAIN,300.0,False,RESTRAIN,0.16874350018961348,0.0,0.37509316100509354,118.14476254469955
RESTRAIN,300.0,False,RESTRAIN,0.19280819485381462,0.0,0.6785002198684057,9.645032882842726
RESTRAIN,300.0,False,RESTRAIN,0.2431960055141963,0.0,0.7611436266607177,212.32401351608965
RESTRAIN,300.0,False,RESTRAIN,0.2328772344858454,0.0,0.22940122233531712,259.7831841078508
RESTRAIN,300.0,False,RESTRAIN,0.14628159512567773,0.0,0.5889996545807415,120.18591221837087
RESTRAIN,300.0,False,RESTRAIN,0.12520725415650102,0.0,0.6634349297076191,86.89387294683888
RESTRAIN,300.0,False,RESTRAIN,0.16859031063262142,0.0,0.3217430149335002,95.12242058371076
RESTRAIN,300.0,False,RESTRAIN,0.12245491628377436,0.0,0.8513953119399477,125.67460681728215
RESTRAIN,300.0,False,RESTRAIN,0.17621796213205154,0.0,0.8704373462081386,168.32140095073328
RESTRAIN,300.0,False,RESTRAIN,0.2602224575336445,0.0,0.4380550880236132,271.7708074834496
RESTRAIN,300.0,False,RESTRAIN,0.19895524027809675,0.0,0.06839990261709522,71.64319209687945
RESTRAIN,300.0,True,RESTRAIN,0.29758438373095963,0.0,0.8270717691030863,254.28510902485073
RESTRAIN,300.0,False,RESTRAIN,0.22443824243965038,0.0,0.4706769813444,347.2371455394228
RESTRAIN,300.0,False,RESTRAIN,0.19249662393791878,0.0,0.12494441917555256,64.89862489119781
RESTRAIN,300.0,False,RESTRAIN,0.2022730722124435,0.0,0.6588875396608366,182.73571633778928
RESTRAIN,300.0,False,RESTRAIN,0.15013036079817266,0.0,0.6184382506249195,130.05947178787474
RESTRAIN,300.0,False,RESTRAIN,0.21101930263951385,0.0,0.12587247581095942,216.16382585938254
RESTRAIN,300.0,False,RESTRAIN,0.2343262415522196,0.0,0.2473698900632163,317.1047438645803
RESTRAIN,300.0,False,RESTRAIN,0.2744525961099783,0.0,0.7778351818915701,319.0833652548505
RESTRAIN,300.0,False,RESTRAIN,0.16269230615154429,0.0,0.8726267076628589,159.49805945500032
RESTRAIN,300.0,False,RESTRAIN,0.25190095644486,0.0,0.3647268630232041,272.6460269120925
RESTRAIN,300.0,False,RESTRAIN,0.20561227908111956,0.0,0.12112760225274784,184.06968739780848
RESTRAIN,300.0,False,RESTRAIN,0.24694561475329124,0.0,0.3167820854977076,277.9225420274895
RESTRAIN,300.0,False,RESTRAIN,0.25069690947615164,0.0,0.4568555677130178,318.3700287564338
RESTRAIN,300.0,False,RESTRAIN,0.2365274247077267,0.0,0.2703815342299728,256.2505250925497
RESTRAIN,300.0,False,RESTRAIN,0.1811693035837989,0.0,0.5501702292649255,21.872409555453235
RESTRAIN,300.0,False,RESTRAIN,0.207051520185369,0.0,0.007131180035832896,88.30595227771505
RESTRAIN,300.0,True,RESTRAIN,0.2962964044147155,0.0,0.7348287757270063,282.8804444498874
RESTRAIN,300.0,False,RESTRAIN,0.19445509402418393,0.0,0.7601905523336557,7.072005427286268
RESTRAIN,300.0,False,RESTRAIN,0.20666973504141273,0.0,0.7051545885141232,186.45803896039774
RESTRAIN,300.0,False,RESTRAIN,0.2218406181335174,0.0,0.27309120200712683,219.7510537274691
RESTRAIN,300.0,False,RESTRAIN,0.2742064033739763,0.0,0.569134689739507,295.1985944044723
RESTRAIN,300.0,False,RESTRAIN,0.24859553768727927,0.0,0.328693594833176,290.38200456629625
RESTRAIN,300.0,False,RESTRAIN,0.18824842591983848,0.0,0.3503471539244951,26.344893981881285
RESTRAIN,300.0,False,RESTRAIN,0.26970876659307186,0.0,0.6381902378986546,244.6903062430099
RESTRAIN,300.0,True,RESTRAIN,0.29881109006296624,0.0,0.7591865759476353,284.5081725614262
RESTRAIN,300.0,False,RESTRAIN,0.14651925586973946,0.0,0.7478924730708711,37.95833330062493
RESTRAIN,300.0,False,RESTRAIN,0.2027065856341681,0.0,0.20797881923461084,174.7488510954011
RESTRAIN,300.0,False,RESTRAIN,0.2561686829342833,0.0,0.5922258632134839,233.76897257738935
RESTRAIN,300.0,False,RESTRAIN,0.18497091013560985,0.0,0.24036254702759066,123.26355604884517
RESTRAIN,300.0,False,RESTRAIN,0.15767167155441708,0.0,0.5655966212986976,133.3916254445251
RESTRAIN,300.0,False,RESTRAIN,0.1819691116034563,0.0,0.33048435894908584,37.03581680818543
RESTRAIN,300.0,True,RESTRAIN,0.2936695406643026,0.0,0.7109628386161778,278.7716007460489
RESTRAIN,300.0,False,RESTRAIN,0.10276116368576804,0.0,0.8437214471260954,85.36283572396339
RESTRAIN,300.0,False,RESTRAIN,0.1944049669353617,0.0,0.2609830023603909,156.57179844494436
RESTRAIN,300.0,False,RESTRAIN,0.20538619284178428,0.0,0.7819328934189073,185.89737128836373
RESTRAIN,300.0,False,RESTRAIN,0.16175720727622833,0.0,0.666000492331798,31.409947654719986
RESTRAIN,300.0,False,RESTRAIN,0.17943399065939114,0.0,0.5094208678508643,155.20734412392142
RESTRAIN,300.0,False,RESTRAIN,0.15749314098189637,0.0,0.472472944674939,54.851049991641176
RESTRAIN,300.0,False,RESTRAIN,0.17207960442367143,0.0,0.28737487768499825,83.70831385293403
RESTRAIN,300.0,False,RESTRAIN,0.1920022031892702,0.0,0.1829565570130778,128.2632159163354
RESTRAIN,300.0,False,RESTRAIN,0.2050409935421419,0.0,0.07504758932997167,176.30297042616522
RESTRAIN,300.0,False,RESTRAIN,0.17241396085354588,0.0,0.6412040823531863,156.3137826200547
RESTRAIN,300.0,False,RESTRAIN,0.19735369506172362,0.0,0.20019709735792832,25.76861498912773
RESTRAIN,300.0,False,RESTRAIN,0.16478148377078283,0.0,0.4458489931130322,126.13299797680021
RESTRAIN,300.0,False,RESTRAIN,0.1805235159010059,0.0,0.8008334205023216,14.11945305254369
RESTRAIN,300.0,False,RESTRAIN,0.13280722825353497,0.0,0.6039957485429116,90.28330189440277
RESTRAIN,300.0,False,RESTRAIN,0.19794459462845992,0.0,0.15231131442760548,30.639577398315723
RESTRAIN,300.0,False,RESTRAIN,0.13358653836171985,0.0,0.6610084491083653,60.25952072332434
RESTRAIN,300.0,False,RESTRAIN,0.20486573173448008,0.0,0.19335049285933645,180.89658116712283
RESTRAIN,300.0,False,RESTRAIN,0.24955314060255374,0.0,0.7019184963516125,333.8317416601649
RESTRAIN,300.0,False,RESTRAIN,0.19866306100856734,0.0,0.06994099547377018,70.11529968868298
RESTRAIN,300.0,False,RESTRAIN,0.22175280007177,0.0,0.1275382349379545,263.0903390367477
RESTRAIN,300.0,False,RESTRAIN,0.17582676576666612,0.0,0.8407713395391018,15.732653761035973
RESTRAIN,300.0,False,RESTRAIN,0.1829200968520902,0.0,0.25225611538412557,120.9057110236366
RESTRAIN,300.0,False,RESTRAIN,0.19935404110157273,0.0,0.1355722227156453,144.4985911152198
RESTRAIN,300.0,False,RESTRAIN,0.19190852202415642,0.0,0.19341705455013306,39.006636938527265
RESTRAIN,300.0,False,RESTRAIN,0.23053765851917163,0.0,0.32498975965945864,229.2383779208958
RESTRAIN,300.0,False,RESTRAIN,0.1295947623441629,0.0,0.7538542952930984,52.44239414143144
RESTRAIN,300.0,False,RESTRAIN,0.22652209464531647,0.0,0.13726912820576412,288.24400218380714
RESTRAIN,300.0,False,RESTRAIN,0.20397172853750423,0.0,0.014175643109105907,212.9491214808337
RESTRAIN,300.0,True,RESTRAIN,0.2994092269594306,0.0,0.7784923305961345,266.86548793459264
RESTRAIN,300.0,False,RESTRAIN,0.177389826930208,0.0,0.26969281709196313,59.12392610984105
RESTRAIN,300.0,False,RESTRAIN,0.20178960150795822,0.0,0.06922542747517772,114.15599909976069
RESTRAIN,300.0,False,RESTRAIN,0.2082886733344883,0.0,0.024990042555735982,253.97100228253035
RESTRAIN,300.0,False,RESTRAIN,0.17149116039525603,0.0,0.8096195802245036,163.20425990250493
RESTRAIN,300.0,False,RESTRAIN,0.241258215601882,0.0,0.470826352958586,227.64294458110572
RESTRAIN,300.0,False,RESTRAIN,0.17150879751966897,0.0,0.5494492276055352,148.84503203676692
RESTRAIN,300.0,False,RESTRAIN,0.2594984870397359,0.0,0.5544504705797425,241.9962179395461
RESTRAIN,300.0,False,RESTRAIN,0.24360028703841108,0.0,0.4699744535185072,230.94998035663363
RESTRAIN,300.0,False,RESTRAIN,0.12729668027912922,0.0,0.6923351517524178,107.82204480419405
RESTRAIN,300.0,False,RESTRAIN,0.2794632292730046,0.0,0.8154774020002741,317.40488615006547
RESTRAIN,300.0,True,RESTRAIN,0.27453398855215705,0.0,0.5769696028222044,263.65985038124023
RESTRAIN,300.0,False,RESTRAIN,0.165200854142308,0.0,0.759495726155097,24.559548514242366
RESTRAIN,300.0,False,RESTRAIN,0.20934192966595866,0.0,0.008654235775209296,13.57343397118106
RESTRAIN,300.0,False,RESTRAIN,0.2553632838686284,0.0,0.43216939254682757,257.8042489522996
RESTRAIN,300.0,False,RESTRAIN,0.24682550208854526,0.0,0.5436428162631189,227.53141044223847
RESTRAIN,300.0,False,RESTRAIN,0.22370750149491936,0.0,0.18110839294927145,332.80417216573534
RESTRAIN,300.0,False,RESTRAIN,0.2189139706809372,0.0,0.14426721352021118,243.16882078099428
RESTRAIN,300.0,False,RESTRAIN,0.1924537158788201,0.0,0.1226193501802985,74.94925548313189
RESTRAIN,300.0,False,RESTRAIN,0.20095905298845496,0.0,0.2563380775964868,15.134839072899346
RESTRAIN,300.0,False,RESTRAIN,0.21383447135625377,0.0,0.7410699612746843,191.66645163043353
RESTRAIN,300.0,False,RESTRAIN,0.2056628282778329,0.0,0.024883883437596323,178.6668172608551
RESTRAIN,300.0,False,RESTRAIN,0.2379738204859787,0.0,0.5421849986592319,337.4565303298223
RESTRAIN,300.0,False,RESTRAIN,0.21267197409826388,0.0,0.06133847943403144,255.0135851423679
RESTRAIN,300.0,False,RESTRAIN,0.2515688079045256,0.0,0.5338766750857726,324.0185139509401
RESTRAIN,300.0,False,RESTRAIN,0.23540942635099948,0.0,0.22698705555718598,272.3639985738611
RESTRAIN,300.0,False,RESTRAIN,0.21732072464323748,0.0,0.14160821085397823,237.823491036986
RESTRAIN,300.0,False,RESTRAIN,0.21933955454723786,0.0,0.4192494961209522,202.7275478214126
RESTRAIN,300.0,False,RESTRAIN,0.21359158596599515,0.0,0.20799570607307633,208.81277347672986
RESTRAIN,300.0,False,RESTRAIN,0.2048258199503148,0.0,0.3404403793739972,182.68448941048197
RESTRAIN,300.0,False,RESTRAIN,0.2713948816833034,0.0,0.5697456083123137,302.0290456186605
RESTRAIN,300.0,False,RESTRAIN,0.10274484673925144,0.0,0.8426069823286044,84.46750260833451
RESTRAIN,300.0,False,RESTRAIN,0.24743779857528447,0.0,0.5560392681076217,329.46868658429236
RESTRAIN,300.0,False,RESTRAIN,0.21936366950710862,0.0,0.45636139588459773,201.41745749177673
RESTRAIN,300.0,False,RESTRAIN,0.1818446781783858,0.0,0.5013000770644832,157.47560331976567
RESTRAIN,300.0,False,RESTRAIN,0.15543589164270788,0.0,0.42488368513678754,75.96957585502798
RESTRAIN,300.0,False,RESTRAIN,0.14668727273128845,0.0,0.5065295810650959,99.3827140598299
RESTRAIN,300.0,False,RESTRAIN,0.22932988735151072,0.0,0.5131596629504778,210.29564624977672
RESTRAIN,300.0,False,RESTRAIN,0.1607142976113144,0.0,0.4429755455420832,54.620754352367605
RESTRAIN,300.0,False,RESTRAIN,0.205803647341274,0.0,0.7095348063524802,1.1917195729169006
RESTRAIN,300.0,False,RESTRAIN,0.16462178562809215,0.0,0.35167078447319894,93.32128534779844
RESTRAIN,300.0,False,RESTRAIN,0.19791481475285122,0.0,0.09769261635986116,109.47754643846562
RESTRAIN,300.0,False,RESTRAIN,0.23761011175728775,0.0,0.5787469499176425,338.8733619433493
RESTRAIN,300.0,False,RESTRAIN,0.23755374131148121,0.0,0.7164867250044539,209.45671227830707
RESTRAIN,300.0,False,RESTRAIN,0.15732390634896698,0.0,0.7020159924164564,146.0754400217576
RESTRAIN,300.0,False,RESTRAIN,0.21493412188749117,0.0,0.22691847289421307,353.8800058070317
RESTRAIN,300.0,False,RESTRAIN,0.15539901305092718,0.0,0.58231887012399,132.26559902004487
RESTRAIN,300.0,False,RESTRAIN,0.23625869629630902,0.0,0.8987288774007192,344.93002034714704
RESTRAIN,300.0,False,RESTRAIN,0.21735377522638588,0.0,0.09410856619832174,338.9276568459898
RESTRAIN,300.0,False,RESTRAIN,0.2548170065726445,0.0,0.47047977516479655,248.36275127692943
RESTRAIN,300.0,False,RESTRAIN,0.2077948581619552,0.0,0.2748487001820606,189.08447030338337
RESTRAIN,300.0,True,RESTRAIN,0.28966414819090436,0.0,0.7121009166806932,295.8281778678193
RESTRAIN,300.0,False,RESTRAIN,0.1772945886956555,0.0,0.29225492823344545,116.60769956816317
RESTRAIN,300.0,False,RESTRAIN,0.14803716323411598,0.0,0.6602250840941509,132.42907101163723
RESTRAIN,300.0,False,RESTRAIN,0.18982022300725587,0.0,0.14440886828433883,74.47842766406659
RESTRAIN,300.0,False,RESTRAIN,0.20068595867387662,0.0,0.060270717139685494,91.94445104547971
RESTRAIN,300.0,False,RESTRAIN,0.1979786928627546,0.0,0.09369209776758641,49.124706398544255
RESTRAIN,300.0,False,RESTRAIN,0.23607337894061453,0.0,0.23426263254172144,306.24515360391325
RESTRAIN,300.0,False,RESTRAIN,0.20624286405481618,0.0,0.7645628541171874,0.4493290046535048
RESTRAIN,300.0,False,RESTRAIN,0.20059635435420498,0.0,0.13539040368842836,152.81129649289258
RESTRAIN,300.0,False,RESTRAIN,0.2068372431037827,0.0,0.030051430195919316,131.1183097249639
RESTRAIN,300.0,False,RESTRAIN,0.14496446843302901,0.0,0.7681147476037573,139.56279040613686
RESTRAIN,300.0,False,RESTRAIN,0.24710867045545148,0.0,0.33739403104551435,303.75424111802795
RESTRAIN,300.0,False,RESTRAIN,0.2699676269262722,0.0,0.5298605786810292,295.58230709301387
RESTRAIN,300.0,False,RESTRAIN,0.2112762394680786,0.0,0.07541868549840341,238.82292320108124
RESTRAIN,300.0,True,RESTRAIN,0.29104280324751985,0.0,0.8166100892395385,248.0793780146741
RESTRAIN,300.0,False,RESTRAIN,0.26298488441231893,0.0,0.4539987920919764,289.27191688411614
RESTRAIN,300.0,False,RESTRAIN,0.20269782212838172,0.0,0.08061263051540961,138.61619050753526
RESTRAIN,300.0,False,RESTRAIN,0.18221699472954156,0.0,0.5704301237032852,162.19265481292285
RESTRAIN,300.0,False,RESTRAIN,0.16684909404545956,0.0,0.3290091436341624,88.10348224522775
RESTRAIN,300.0,False,RESTRAIN,0.16829021015109846,0.0,0.31806634737324374,85.69911192881605
RESTRAIN,300.0,False,RESTRAIN,0.23117368353794887,0.0,0.3673967314108564,336.46242018165213
RESTRAIN,300.0,False,RESTRAIN,0.2629952371664378,0.0,0.4573109932456044,273.8336310512059
RESTRAIN,300.0,False,RESTRAIN,0.18384456886466793,0.0,0.5573933690140848,163.07585393741618
RESTRAIN,300.0,False,RESTRAIN,0.20557538455862667,0.0,0.1317715952487865,14.037787158312284
RESTRAIN,300.0,True,RESTRAIN,0.2879044408600798,0.0,0.6789296669168035,267.40832513730066
RESTRAIN,300.0,False,RESTRAIN,0.21377437636503105,0.0,0.024429116765556792,341.46569228284426
RESTRAIN,300.0,False,RESTRAIN,0.246480977339812,0.0,0.6292555719201998,333.6259588845223
RESTRAIN,300.0,False,RESTRAIN,0.2247350305449265,0.0,0.16496773166131473,257.09849603937556
RESTRAIN,300.0,False,RESTRAIN,0.23934139064896254,0.0,0.40214164531463603,233.1857431466715
RESTRAIN,300.0,False,RESTRAIN,0.1620991271202008,0.0,0.5053959731331913,43.50240480875753
RESTRAIN,300.0,False,RESTRAIN,0.16838585115827354,0.0,0.582641841781473,30.83869894506725
RESTRAIN,300.0,False,RESTRAIN,0.12019337694126242,0.0,0.7119318554072931,95.47307051388015
RESTRAIN,300.0,False,RESTRAIN,0.2209946993400418,0.0,0.46457686015119554,202.94748283684535
RESTRAIN,300.0,False,RESTRAIN,0.261602322309493,0.0,0.7921144366374376,328.7570066399516
RESTRAIN,300.0,False,RESTRAIN,0.2878359583660177,0.0,0.8595459862879772,313.59481484529454
RESTRAIN,300.0,False,RESTRAIN,0.10670260906415263,0.0,0.8784421739270616,110.18257315232891
RESTRAIN,300.0,False,RESTRAIN,0.18306159128841126,0.0,0.28760532478400536,131.84714784024874
RESTRAIN,300.0,False,RESTRAIN,0.20596815002854962,0.0,0.028956762405247784,111.72384140220593
RESTRAIN,300.0,False,RESTRAIN,0.21201394873096324,0.0,0.6442170930935657,190.8616621799251
RESTRAIN,300.0,False,RESTRAIN,0.23690978246579486,0.0,0.22670792831571498,291.2130426356499
RESTRAIN,300.0,True,RESTRAIN,0.2913429355764231,0.0,0.690917862409987,281.92238265779497
RESTRAIN,300.0,False,RESTRAIN,0.2136676560683609,0.0,0.00450049097001235,319.07034538020207
RESTRAIN,300.0,False,RESTRAIN,0.20847526622490198,0.0,0.699464882203592,187.8191817055915
RESTRAIN,300.0,False,RESTRAIN,0.20980211398192716,0.0,0.06312966017280143,236.93583864956628
RESTRAIN,300.0,False,RESTRAIN,0.2370023963212644,0.0,0.791412328873979,343.40590080409106
RESTRAIN,300.0,False,RESTRAIN,0.2633776436291638,0.0,0.5861810434059418,243.1989964368139
RESTRAIN,300.0,False,RESTRAIN,0.19092930630624472,0.0,0.14554093692006906,60.14173725532586
RESTRAIN,300.0,False,RESTRAIN,0.15948557424484922,0.0,0.4570397474184453,117.6673283797585
RESTRAIN,300.0,False,RESTRAIN,0.1808922960112449,0.0,0.4546812329091415,27.250010849112392
RESTRAIN,300.0,False,RESTRAIN,0.14038320006358762,0.0,0.7911347228720181,39.77870938373112
RESTRAIN,300.0,False,RESTRAIN,0.19908325783296155,0.0,0.47910305440398565,177.06056428643333
RESTRAIN,300.0,False,RESTRAIN,0.26570677522850017,0.0,0.495429229871874,265.8851305180612
RESTRAIN,300.0,False,RESTRAIN,0.17333995529497803,0.0,0.2870998857684847,68.01933823476377
RESTRAIN,300.0,False,RESTRAIN,0.13559154424846398,0.0,0.6556538586097183,115.2055418417596
RESTRAIN,300.0,False,RESTRAIN,0.20495072285375904,0.0,0.045268381941664694,121.15843793644319
RESTRAIN,300.0,False,RESTRAIN,0.3011588212037789,0.0,0.8711577769000808,302.44416169886364
RESTRAIN,300.0,False,RESTRAIN,0.1435625132461893,0.0,0.5456258089014056,66.25282954594384
RESTRAIN,300.0,False,RESTRAIN,0.18547346825151334,0.0,0.7610987609207216,12.25368020041489
RESTRAIN,300.0,False,RESTRAIN,0.2555440669501474,0.0,0.7029601924817831,224.58291183938553
RESTRAIN,300.0,False,RESTRAIN,0.20738558455613154,0.0,0.1963371994867495,189.66656002564315
RESTRAIN,300.0,False,RESTRAIN,0.210492848312687,0.0,0.26016845603110794,0.975441830433752
RESTRAIN,300.0,False,RESTRAIN,0.238484907639947,0.0,0.2502101084798612,275.2891773091771
RESTRAIN,300.0,False,RESTRAIN,0.19659081452393845,0.0,0.2029662545106587,152.59072743303307
RESTRAIN,300.0,False,RESTRAIN,0.20445705787935498,0.0,0.014316562964506275,197.21581108146958
RESTRAIN,300.0,False,RESTRAIN,0.27740400591318515,0.0,0.7442563057667144,241.4927770265087
RESTRAIN,300.0,False,RESTRAIN,0.1885480505525241,0.0,0.4840672321866344,18.484328963467696
RESTRAIN,300.0,False,RESTRAIN,0.14707142619830615,0.0,0.5320656495665584,62.11582711404431
RESTRAIN,300.0,False,RESTRAIN,0.19189083271782348,0.0,0.44253305376249413,166.73108488601986
RESTRAIN,300.0,False,RESTRAIN,0.19444236231336098,0.0,0.11192723050912953,61.884189706410396
RESTRAIN,300.0,False,RESTRAIN,0.17346244336173744,0.0,0.3924925997898266,41.96974133630187
RESTRAIN,300.0,False,RESTRAIN,0.18033873868793138,0.0,0.26426989066083334,116.98711853136778
RESTRAIN,300.0,False,RESTRAIN,0.15891788733578405,0.0,0.8028526919826933,153.59811078846963
RESTRAIN,300.0,False,RESTRAIN,0.27489107041792293,0.0,0.6310873087739411,305.9535524704165
RESTRAIN,300.0,False,RESTRAIN,0.2117748591122517,0.0,0.14639165138015384,214.177627772976
RESTRAIN,300.0,False,RESTRAIN,0.24521766889130836,0.0,0.6317255984551364,334.5829074703085
RESTRAIN,300.0,False,RESTRAIN,0.18811103623551462,0.0,0.4935309828371818,164.59076078675932
RESTRAIN,300.0,False,RESTRAIN,0.205060191554019,0.0,0.07350958688380461,170.0704034637441
RESTRAIN,300.0,False,RESTRAIN,0.2023059835428801,0.0,0.062595993815619,112.12174529637637
RESTRAIN,300.0,False,RESTRAIN,0.1998585181457796,0.0,0.13269359841695538,29.362041065904947
RESTRAIN,300.0,False,RESTRAIN,0.12476195677539137,0.0,0.7294476835840717,61.922884050637805
RESTRAIN,300.0,False,RESTRAIN,0.1662953990586541,0.0,0.7469541389356434,24.374875465306616
RESTRAIN,300.0,False,RESTRAIN,0.266085596522576,0.0,0.5473626390282041,253.2416891760075
RESTRAIN,300.0,False,RESTRAIN,0.20828028036113166,0.0,0.014063686273360942,125.64025728104494
RESTRAIN,300.0,False,RESTRAIN,0.20264865877459937,0.0,0.28540947232992375,11.346178487941575
RESTRAIN,300.0,False,RESTRAIN,0.2510731954166414,0.0,0.36081783351506796,270.7917046119625
RESTRAIN,300.0,False,RESTRAIN,0.17624915184604217,0.0,0.255946758321933,91.74299701560817
RESTRAIN,300.0,False,RESTRAIN,0.25317091675335945,0.0,0.5230148524747648,321.6677034489539
RESTRAIN,300.0,False,RESTRAIN,0.21795914430549146,0.0,0.055990138329933506,296.3100575089687
RESTRAIN,300.0,False,RESTRAIN,0.2072165946853758,0.0,0.017972948005707267,109.35337536647036
RESTRAIN,300.0,False,RESTRAIN,0.14184678669532802,0.0,0.529080134022407,84.85797999046898
RESTRAIN,300.0,False,RESTRAIN,0.2127799409639296,0.0,0.23807732506990104,357.5088343583756
RESTRAIN,300.0,True,RESTRAIN,0.279635202079605,0.0,0.617876306379839,295.0726158259821
RESTRAIN,300.0,False,RESTRAIN,0.24978644583787235,0.0,0.6998335536277331,333.5848972956404
RESTRAIN,300.0,False,RESTRAIN,0.20140067995636057,0.0,0.5499514503328322,6.133357924438578
RESTRAIN,300.0,False,RESTRAIN,0.25430055166288823,0.0,0.8907259247944099,215.39886724360443
RESTRAIN,300.0,False,RESTRAIN,0.1370211326491546,0.0,0.5786341503926105,95.99117973314752
RESTRAIN,300.0,False,RESTRAIN,0.14668671873585304,0.0,0.6954752990667036,134.90289731371342
RESTRAIN,300.0,False,RESTRAIN,0.16663322371770173,0.0,0.5769156003230442,32.78714821024748
RESTRAIN,300.0,True,RESTRAIN,0.2939637987012814,0.0,0.7248975376098075,269.41161821470723
RESTRAIN,300.0,False,RESTRAIN,0.20860370207566192,0.0,0.3515417115885089,189.23185725245614
RESTRAIN,300.0,False,RESTRAIN,0.2560477019769498,0.0,0.39092188448947013,285.12828310717543
RESTRAIN,300.0,False,RESTRAIN,0.18142292058174614,0.0,0.30166873949584017,41.93504281142063
RESTRAIN,300.0,False,RESTRAIN,0.21100496532944024,0.0,0.5188301399908454,359.0183274311542
RESTRAIN,300.0,False,RESTRAIN,0.1757165522749231,0.0,0.33717865954642456,125.480228001039
RESTRAIN,300.0,False,RESTRAIN,0.24087306875170889,0.0,0.8890757632569362,342.51964762533373
RESTRAIN,300.0,False,RESTRAIN,0.25939228493330113,0.0,0.5427033615963669,243.5242354613338
RESTRAIN,300.0,False,RESTRAIN,0.18288906571674135,0.0,0.3021307698816662,39.180228417815705
RESTRAIN,300.0,False,RESTRAIN,0.26384908111845917,0.0,0.4573494278934047,281.5160777738286
RESTRAIN,300.0,False,RESTRAIN,0.22694452700850432,0.0,0.7025516070115876,201.8388341891832
RESTRAIN,300.0,False,RESTRAIN,0.12171425490511778,0.0,0.7255055278216725,67.93311396141195
RESTRAIN,300.0,False,RESTRAIN,0.1399396626853211,0.0,0.5733913597280589,67.40522561695518
RESTRAIN,300.0,False,RESTRAIN,0.2127143720463358,0.0,0.002097467842398071,343.1357057910522
RESTRAIN,300.0,False,RESTRAIN,0.20777445251421756,0.0,0.7817517873469889,359.4826726057002
RESTRAIN,300.0,False,RESTRAIN,0.23857992976630693,0.0,0.8188218127041036,207.40165939672303
RESTRAIN,300.0,False,RESTRAIN,0.11509688665305051,0.0,0.7844841973273932,67.37521417023225
RESTRAIN,300.0,False,RESTRAIN,0.1460112445102305,0.0,0.604004406885494,122.4931582692798
RESTRAIN,300.0,False,RESTRAIN,0.20445592810302093,0.0,0.0243895066792024,76.30495504164548
RESTRAIN,300.0,False,RESTRAIN,0.25756414067158984,0.0,0.8557022317096131,218.69678792544732
RESTRAIN,300.0,False,RESTRAIN,0.20460724974321087,0.0,0.06102676855312046,144.1000474049765
RESTRAIN,300.0,False,RESTRAIN,0.19808396688651686,0.0,0.13453581986127156,136.10451184303656
RESTRAIN,300.0,True,RESTRAIN,0.27580291919516065,0.0,0.5651109907960608,288.5105013191298
RESTRAIN,300.0,False,RESTRAIN,0.22372191317021906,0.0,0.4156284323568184,346.8845866774831
RESTRAIN,300.0,False,RESTRAIN,0.12597293841254265,0.0,0.6792822628875888,70.9292920223615
RESTRAIN,300.0,False,RESTRAIN,0.17022995696701004,0.0,0.5698298515428747,149.19256281713703
RESTRAIN,300.0,False,RESTRAIN,0.2044240619373433,0.0,0.003770978972220007,193.1507684694343
RESTRAIN,300.0,False,RESTRAIN,0.13583306937895612,0.0,0.578533452168943,88.51413360507175
RESTRAIN,300.0,False,RESTRAIN,0.15029704854857462,0.0,0.7723979400876262,144.68402124515046
RESTRAIN,300.0,False,RESTRAIN,0.17190035115424918,0.0,0.7669317617527797,20.086830004574484
RESTRAIN,300.0,False,RESTRAIN,0.2049622490584605,0.0,0.14166724473377537,14.839715439083347
RESTRAIN,300.0,False,RESTRAIN,0.246807771865876,0.0,0.3126254208568218,283.08980128297895
RESTRAIN,300.0,False,RESTRAIN,0.1984493377891242,0.0,0.10757646468225938,122.07369672440113
RESTRAIN,300.0,True,RESTRAIN,0.2812435374466207,0.0,0.6763341014314975,254.67286985637844
RESTRAIN,300.0,False,RESTRAIN,0.17092345601908365,0.0,0.5648044484092933,29.84903215464545
RESTRAIN,300.0,False,RESTRAIN,0.24736562793843597,0.0,0.43599027399259727,241.44007505547637
RESTRAIN,300.0,False,RESTRAIN,0.22853315638451044,0.0,0.2697830699751305,235.21321635372658
RESTRAIN,300.0,True,RESTRAIN,0.2892958902049131,0.0,0.7083883480943254,295.7237647760852
RESTRAIN,300.0,False,RESTRAIN,0.12085827782129765,0.0,0.7122900779251063,73.65869333416873
RESTRAIN,300.0,False,RESTRAIN,0.21661648613721873,0.0,0.44206209690768405,198.40221539026558
RESTRAIN,300.0,False,RESTRAIN,0.22167201199787312,0.0,0.11197864516228039,324.425859299536
RESTRAIN,300.0,False,RESTRAIN,0.15567834649649082,0.0,0.4188231236090238,79.15792634335953
RESTRAIN,300.0,False,RESTRAIN,0.13233058184972024,0.0,0.80646013193882,44.9512900039357
RESTRAIN,300.0,False,RESTRAIN,0.1553394416225875,0.0,0.5256768525967733,124.1154372503681
RESTRAIN,300.0,False,RESTRAIN,0.22786211340288676,0.0,0.6786007041870808,347.5245843675901
RESTRAIN,300.0,False,RESTRAIN,0.17873839720157103,0.0,0.2652011707890498,56.660645977846784
RESTRAIN,300.0,False,RESTRAIN,0.1801397799151696,0.0,0.30884714805894603,42.96043850284658
RESTRAIN,300.0,False,RESTRAIN,0.2115643926254731,0.0,0.10540872361043488,359.18899067371916
RESTRAIN,300.0,False,RESTRAIN,0.1852063364341131,0.0,0.3085245687320139,141.53628997712815
RESTRAIN,300.0,False,RESTRAIN,0.19117963542169247,0.0,0.15265215174312063,53.72956847517169
RESTRAIN,300.0,False,RESTRAIN,0.22007502730666517,0.0,0.4850818507278093,201.10302734572193
RESTRAIN,300.0,False,RESTRAIN,0.20629010424851846,0.0,0.35442494214195114,4.988688553861711
RESTRAIN,300.0,False,RESTRAIN,0.16172993808845093,0.0,0.7521765188768186,153.20698667264168
RESTRAIN,300.0,False,RESTRAIN,0.19948112569319665,0.0,0.34445530849214895,13.03874495965073
RESTRAIN,300.0,False,RESTRAIN,0.2112073314988594,0.0,0.1911045257852425,203.5218858344025
RESTRAIN,300.0,False,RESTRAIN,0.20892002080155325,0.0,0.07581138175222119,224.91722187321574
RESTRAIN,300.0,False,RESTRAIN,0.21041216849774336,0.0,0.2273142257083268,1.2699687899563772
RESTRAIN,300.0,False,RESTRAIN,0.20475970772874086,0.0,0.6276269820464359,184.57387254988578
RESTRAIN,300.0,False,RESTRAIN,0.23523854957459034,0.0,0.5636077804039744,340.1834273898999
RESTRAIN,300.0,False,RESTRAIN,0.16626956044782926,0.0,0.5579513461711815,143.31210288065805
RESTRAIN,300.0,False,RESTRAIN,0.23611571505769746,0.0,0.772353650572605,343.6210219843353
RESTRAIN,300.0,False,RESTRAIN,0.21904326191093537,0.0,0.22752846177193617,346.8496003681365
RESTRAIN,300.0,False,RESTRAIN,0.15494025480191875,0.0,0.423713335304189,86.48994928466486
RESTRAIN,300.0,False,RESTRAIN,0.21081781270593647,0.0,0.15136598571000454,207.85638857016835
RESTRAIN,300.0,False,RESTRAIN,0.23313896173065352,0.0,0.19691536169067378,298.9124737549452
RESTRAIN,300.0,False,RESTRAIN,0.24324053483736818,0.0,0.3338266193541438,255.29662858524992
RESTRAIN,300.0,True,RESTRAIN,0.28420662567758004,0.0,0.6363719099915043,273.6464850709174
RESTRAIN,300.0,False,RESTRAIN,0.11518876581138293,0.0,0.7503384569567961,93.93437592531923
RESTRAIN,300.0,False,RESTRAIN,0.23046912039936995,0.0,0.27649259740403115,330.55687240389307
RESTRAIN,300.0,False,RESTRAIN,0.16315764945903277,0.0,0.3579878677379526,84.83189162147823
RESTRAIN,300.0,False,RESTRAIN,0.27179060977270997,0.0,0.7988945959814076,232.13074283311124
RESTRAIN,300.0,False,RESTRAIN,0.26942780928995347,0.0,0.7022160878461182,318.4962107215584
RESTRAIN,300.0,False,RESTRAIN,0.14924650246295112,0.0,0.6213015341774193,129.41790326635962
RESTRAIN,300.0,False,RESTRAIN,0.21499058698463946,0.0,0.3664290579314454,198.76799859714353
RESTRAIN,300.0,False,RESTRAIN,0.2376495378176976,0.0,0.30695313079476855,248.58453134074747
RESTRAIN,300.0,False,RESTRAIN,0.24663285872761465,0.0,0.6510867138228081,334.2555688016723
RESTRAIN,300.0,False,RESTRAIN,0.2042929437353589,0.0,0.08399382606766746,161.29318732955045
RESTRAIN,300.0,False,RESTRAIN,0.23414186270088266,0.0,0.48911967071035717,217.15336645085793
RESTRAIN,300.0,False,RESTRAIN,0.20154756252463857,0.0,0.05472470913578449,51.04587722842905
RESTRAIN,300.0,False,RESTRAIN,0.1785094491946465,0.0,0.5610038385711208,23.480204250834632
RESTRAIN,300.0,False,RESTRAIN,0.20024767359635964,0.0,0.5115702879978882,7.71643388806055
RESTRAIN,300.0,False,RESTRAIN,0.205512028091705,0.0,0.053813439495704156,171.57020985983024
RESTRAIN,300.0,False,RESTRAIN,0.21363197382350096,0.0,0.3778785970224278,196.45887881005774
RESTRAIN,300.0,False,RESTRAIN,0.19657609003313903,0.0,0.17320492851670502,31.08861642915231
RESTRAIN,300.0,False,RESTRAIN,0.12397291417005885,0.0,0.7183099929491998,65.19479992779809
RESTRAIN,300.0,False,RESTRAIN,0.10681930235408643,0.0,0.8219544969210534,95.86834431538048
RESTRAIN,300.0,False,RESTRAIN,0.2357652709194734,0.0,0.28321006530676934,320.8588953006571
RESTRAIN,300.0,False,RESTRAIN,0.2055214006740933,0.0,0.02638705149547599,35.73371106946727
RESTRAIN,300.0,False,RESTRAIN,0.1904135588019613,0.0,0.8078891040235106,176.2886044625161
RESTRAIN,300.0,True,RESTRAIN,0.29909309847282706,0.0,0.760070071339354,284.0642374746436
RESTRAIN,300.0,False,RESTRAIN,0.27630285129597365,0.0,0.717163863021761,313.2623916706032
RESTRAIN,300.0,False,RESTRAIN,0.23965374430851583,0.0,0.32074094717823765,249.52875746663224
RESTRAIN,300.0,False,RESTRAIN,0.19957400302013295,0.0,0.07173591323159598,95.59869559115099
RESTRAIN,300.0,False,RESTRAIN,0.12735596555062068,0.0,0.8773839012066421,43.710641177817664
RESTRAIN,300.0,False,RESTRAIN,0.1594450518495827,0.0,0.4440695330112063,56.843353243426236
RESTRAIN,300.0,False,RESTRAIN,0.24717229141227837,0.0,0.3209501042052947,277.2990654373219
RESTRAIN,300.0,False,RESTRAIN,0.1260460351668724,0.0,0.6994895201945321,106.75195676918999
RESTRAIN,300.0,False,RESTRAIN,0.14568905911284435,0.0,0.6036309910261346,121.63392404393525
RESTRAIN,300.0,False,RESTRAIN,0.2025586367838309,0.0,0.03767902119002148,63.18858235073464
RESTRAIN,300.0,False,RESTRAIN,0.15873975816205455,0.0,0.8625579110763874,156.4722718626575
RESTRAIN,300.0,False,RESTRAIN,0.1559635817217251,0.0,0.5004573537364961,120.43512261931956
RESTRAIN,300.0,False,RESTRAIN,0.19343073981017578,0.0,0.16941471196809574,128.52607017463703
RESTRAIN,300.0,False,RESTRAIN,0.2093173211796776,0.0,0.014372693802255377,12.164485050876937
RESTRAIN,300.0,False,RESTRAIN,0.1895984046085768,0.0,0.4970138104469232,166.5249726126897
RESTRAIN,300.0,False,RESTRAIN,0.16242688049098475,0.0,0.5346362230795011,40.28083573070413
RESTRAIN,300.0,False,RESTRAIN,0.20615524227620097,0.0,0.08966218726939935,192.84369242363442
RESTRAIN,300.0,False,RESTRAIN,0.2523657962268767,0.0,0.49043525208179267,240.90612005083472
RESTRAIN,300.0,False,RESTRAIN,0.21401524375019687,0.0,0.3885511957644061,196.59835334999173
RESTRAIN,300.0,False,RESTRAIN,0.16682292378480512,0.0,0.3938642404435375,52.72926941766773
RESTRAIN,300.0,False,RESTRAIN,0.2637439524173716,0.0,0.8777354709746549,221.93828001465354
RESTRAIN,300.0,False,RESTRAIN,0.19126080342732033,0.0,0.2662971441588208,148.607406314185
RESTRAIN,300.0,False,RESTRAIN,0.13173766698792722,0.0,0.7957445102786285,129.38149571790908
RESTRAIN,300.0,False,RESTRAIN,0.1750623422557892,0.0,0.31006727366230885,53.559502526752965
RESTRAIN,300.0,False,RESTRAIN,0.2121146694065782,0.0,0.16155153328985708,357.95910719841675
RESTRAIN,300.0,False,RESTRAIN,0.1987722054124419,0.0,0.13703938993755924,141.36202869152635
RESTRAIN,300.0,False,RESTRAIN,0.17115999939935755,0.0,0.8465742491468706,164.2934154167563
RESTRAIN,300.0,False,RESTRAIN,0.2060857049292567,0.0,0.020962753836684913,33.97765231776625
RESTRAIN,300.0,False,RESTRAIN,0.22429135161077762,0.0,0.19724457485352512,243.17032077760066
RESTRAIN,300.0,False,RESTRAIN,0.1717886984716368,0.0,0.3064265785872039,101.75707707737332
RESTRAIN,300.0,True,RESTRAIN,0.27698904491584886,0.0,0.5911199208524758,266.4594384874894
RESTRAIN,300.0,False,RESTRAIN,0.1906729631623899,0.0,0.33822063722441165,24.165761365669866
RESTRAIN,300.0,False,RESTRAIN,0.20706643676883363,0.0,0.01837221620183619,106.86144229817032
RESTRAIN,300.0,False,RESTRAIN,0.26278632836759885,0.0,0.4652637254001387,268.43569971276446
RESTRAIN,300.0,False,RESTRAIN,0.1458200021439201,0.0,0.7960191202776306,142.56265220684816
RESTRAIN,300.0,False,RESTRAIN,0.1838260737561812,0.0,0.7979139302739596,12.342817715160583
RESTRAIN,300.0,True,RESTRAIN,0.314389652434908,0.0,0.8924357209314593,284.235251184767
RESTRAIN,300.0,False,RESTRAIN,0.22047603786624337,0.0,0.30815327678507304,347.6150957412034
RESTRAIN,300.0,False,RESTRAIN,0.20007918295561067,0.0,0.11021652043789071,135.54501381107747
RESTRAIN,300.0,False,RESTRAIN,0.20793023562665414,0.0,0.06258467971573813,223.77419458406783
RESTRAIN,300.0,False,RESTRAIN,0.13814993960922317,0.0,0.7803825227670197,134.15436913322992
RESTRAIN,300.0,False,RESTRAIN,0.2234572492641672,0.0,0.673392410860331,199.7937053426187
RESTRAIN,300.0,True,RESTRAIN,0.27387580718462734,0.0,0.5648163215449195,265.8828880978733
RESTRAIN,300.0,False,RESTRAIN,0.23953700255226962,0.0,0.4470843147685516,227.84851110146366
RESTRAIN,300.0,False,RESTRAIN,0.16254495923948453,0.0,0.41160659566108326,113.29582554931632
RESTRAIN,300.0,False,RESTRAIN,0.15404941835690766,0.0,0.44455670371568956,70.26787778679866
RESTRAIN,300.0,False,RESTRAIN,0.21220100510210693,0.0,0.32746017435635333,195.96031862300308
RESTRAIN,300.0,False,RESTRAIN,0.24405184544793834,0.0,0.4272094454657708,237.41924634974515
RESTRAIN,300.0,False,RESTRAIN,0.21215386658968294,0.0,0.1892965350247564,206.81865990442017
RESTRAIN,300.0,False,RESTRAIN,0.1973888196586141,0.0,0.10599115678385662,46.130689230510356
RESTRAIN,300.0,False,RESTRAIN,0.19100075670292338,0.0,0.19016564834778488,127.81665282635802
RESTRAIN,300.0,True,RESTRAIN,0.3110142718708587,0.0,0.8738675843646456,268.0735193865431
RESTRAIN,300.0,False,RESTRAIN,0.11484583063000542,0.0,0.8916178436263066,52.82949580197105
RESTRAIN,300.0,False,RESTRAIN,0.2681739845879165,0.0,0.6763603216682751,318.01734282398456
RESTRAIN,300.0,False,RESTRAIN,0.18061657199480396,0.0,0.7534720870945855,167.95177731092608
RESTRAIN,300.0,False,RESTRAIN,0.22115405280753775,0.0,0.09320972508442113,284.81847718842334
RESTRAIN,300.0,False,RESTRAIN,0.1981927608090348,0.0,0.11072394692087406,122.6900245029619
RESTRAIN,300.0,False,RESTRAIN,0.20171859476998866,0.0,0.0833891771461328,129.3176162210976
RESTRAIN,300.0,False,RESTRAIN,0.21386619790433636,0.0,0.056876101116727196,348.13021910500294
RESTRAIN,300.0,False,RESTRAIN,0.22927476476194286,0.0,0.6726074373710653,204.2460252359939
RESTRAIN,300.0,False,RESTRAIN,0.20370348291868878,0.0,0.050762764835221075,36.68643271122946
RESTRAIN,300.0,False,RESTRAIN,0.2358407866272787,0.0,0.8541365073771294,344.75970224753075
RESTRAIN,300.0,False,RESTRAIN,0.15664278206524052,0.0,0.5886333405675748,134.9462208879162
RESTRAIN,300.0,False,RESTRAIN,0.2230250804481727,0.0,0.15378864010820975,255.68055559567546
RESTRAIN,300.0,False,RESTRAIN,0.13779068961372987,0.0,0.7357703212209004,46.282204914889306
RESTRAIN,300.0,False,RESTRAIN,0.28370695018898107,0.0,0.7413243858295753,307.9161834123776
RESTRAIN,300.0,False,RESTRAIN,0.22758991691510033,0.0,0.5074999042917981,345.2661955131945
RESTRAIN,300.0,False,RESTRAIN,0.20277360198982053,0.0,0.08188558862874133,137.8254047866326
RESTRAIN,300.0,False,RESTRAIN,0.17037849758156798,0.0,0.3607003180265386,52.098051764478484
RESTRAIN,300.0,False,RESTRAIN,0.22006593472926161,0.0,0.4936835813501935,200.75280737219987
RESTRAIN,300.0,False,RESTRAIN,0.13399426919827961,0.0,0.6694161606728095,58.24339177579599
RESTRAIN,300.0,False,RESTRAIN,0.19527044101705138,0.0,0.26865336134686124,159.17026451716472
RESTRAIN,300.0,False,RESTRAIN,0.2608541078298663,0.0,0.7858414336205909,224.15666659237624
RESTRAIN,300.0,False,RESTRAIN,0.18479684261780238,0.0,0.2256641739080683,50.147563646616646
RESTRAIN,300.0,False,RESTRAIN,0.2435693152979982,0.0,0.8983786417169304,341.28672194111607
RESTRAIN,300.0,False,RESTRAIN,0.21708174029740257,0.0,0.10354977287783065,254.01204329145824
RESTRAIN,300.0,False,RESTRAIN,0.13709605443137762,0.0,0.7496546396626624,130.0608960457031
RESTRAIN,300.0,False,RESTRAIN,0.20117470049398234,0.0,0.11899519302461578,149.64759309040403
RESTRAIN,300.0,False,RESTRAIN,0.2806104026287487,0.0,0.6833817470031844,305.3225418947758
RESTRAIN,300.0,False,RESTRAIN,0.18436288721229666,0.0,0.7760711056849565,171.3615209062671
RESTRAIN,300.0,False,RESTRAIN,0.21448660279739729,0.0,0.2816266773804189,355.34902654027815
RESTRAIN,300.0,False,RESTRAIN,0.20439543819486627,0.0,0.09120053445197662,22.38273877942962
RESTRAIN,300.0,False,RESTRAIN,0.09774182850231461,0.0,0.899918242670647,97.68129011918691
RESTRAIN,300.0,False,RESTRAIN,0.20590751584587808,0.0,0.8739470183334659,186.64093630360702
RESTRAIN,300.0,False,RESTRAIN,0.14042557126145716,0.0,0.6811389828512283,48.90414355659545
RESTRAIN,300.0,False,RESTRAIN,0.1757874896287822,0.0,0.3478413256717129,128.24204920653253
RESTRAIN,300.0,False,RESTRAIN,0.2058467332895877,0.0,0.12096057962067942,187.19193529037656
RESTRAIN,300.0,False,RESTRAIN,0.1616853137468438,0.0,0.3762452626300574,93.95677880994863
RESTRAIN,300.0,False,RESTRAIN,0.13547291897614921,0.0,0.6483083197817866,59.258631271937084
RESTRAIN,300.0,False,RESTRAIN,0.1917164225318273,0.0,0.13712757237961049,96.60438847322892
RESTRAIN,300.0,False,RESTRAIN,0.20708564306933763,0.0,0.015120337798692951,29.725845654779413
RESTRAIN,300.0,False,RESTRAIN,0.10994038982170107,0.0,0.8136317329223528,70.5365347520424
RESTRAIN,300.0,False,RESTRAIN,0.1766674328782314,0.0,0.6299908694216676,21.96547640287628
RESTRAIN,300.0,False,RESTRAIN,0.2337434358427095,0.0,0.624456115850962,342.91123907208606
RESTRAIN,300.0,False,RESTRAIN,0.11393992402251107,0.0,0.8524671814398282,57.965076814876504
RESTRAIN,300.0,False,RESTRAIN,0.20957349170392037,0.0,0.46863480510499533,0.45652335901307683
RESTRAIN,300.0,False,RESTRAIN,0.22215811293598775,0.0,0.28626925877522386,344.6579075406548
RESTRAIN,300.0,True,RESTRAIN,0.30598891842744147,0.0,0.8184830807864374,273.0895163167226
RESTRAIN,300.0,False,RESTRAIN,0.09885631195891331,0.0,0.8872304139487565,96.127574753451
RESTRAIN,300.0,False,RESTRAIN,0.21481269755487298,0.0,0.018413928195999987,316.4104921917532
RESTRAIN,300.0,False,RESTRAIN,0.23995512440213174,0.0,0.29760559016697913,313.78500662778526
RESTRAIN,300.0,False,RESTRAIN,0.24595007454846474,0.0,0.3261650447676172,266.75788278616653
RESTRAIN,300.0,False,RESTRAIN,0.20909566234914723,0.0,0.10010502680248087,213.2002933572265
RESTRAIN,300.0,False,RESTRAIN,0.21376351984223463,0.0,0.1994159276288395,210.49773442878157
RESTRAIN,300.0,False,RESTRAIN,0.21271203217806678,0.0,0.022011837105762024,348.8049084818711
RESTRAIN,300.0,False,RESTRAIN,0.1850386867002397,0.0,0.6267745412911347,167.45322451036358
RESTRAIN,300.0,False,RESTRAIN,0.2220896099513162,0.0,0.09621463518974613,291.0827740543818
RESTRAIN,300.0,False,RESTRAIN,0.13891235819530334,0.0,0.798864821236155,40.496822210108824
RESTRAIN,300.0,False,RESTRAIN,0.26308458801663914,0.0,0.5255779097385483,252.29798388452483
RESTRAIN,300.0,False,RESTRAIN,0.21385780424046574,0.0,0.3205431417112351,356.2434511277235
RESTRAIN,300.0,False,RESTRAIN,0.2012062409252846,0.0,0.7279983409867076,3.5921042480981047
RESTRAIN,300.0,False,RESTRAIN,0.1355690048193401,0.0,0.585603374779501,92.84465653446856
RESTRAIN,300.0,True,RESTRAIN,0.28950619097413455,0.0,0.6777205242437305,282.580538269406
RESTRAIN,300.0,True,RESTRAIN,0.29959003186703825,0.0,0.7899987318453646,264.1721301715683
RESTRAIN,300.0,True,RESTRAIN,0.29222069822119556,0.0,0.7268985295416911,264.31047190148234
RESTRAIN,300.0,False,RESTRAIN,0.2183480355627171,0.0,0.7012283249217991,353.686952004417
RESTRAIN,300.0,False,RESTRAIN,0.1584289395417967,0.0,0.6568591017367473,34.50787974464602
RESTRAIN,300.0,False,RESTRAIN,0.23855177288006402,0.0,0.3397395674281123,243.03380359736013
RESTRAIN,300.0,False,RESTRAIN,0.25312703877328624,0.0,0.586648026840245,230.82723712429356
RESTRAIN,300.0,False,RESTRAIN,0.1454698765117629,0.0,0.5091289949926207,74.07418501118224
RESTRAIN,300.0,False,RESTRAIN,0.10121453920857282,0.0,0.8671012978538902,76.65310002447879
RESTRAIN,300.0,False,RESTRAIN,0.24397535299197592,0.0,0.45084198010051046,234.07639573554485
RESTRAIN,300.0,False,RESTRAIN,0.2221110134244212,0.0,0.1996360381599632,235.62700880399944
RESTRAIN,300.0,False,RESTRAIN,0.22843717218767157,0.0,0.4119555191127125,216.02566537587734
RESTRAIN,300.0,False,RESTRAIN,0.19425643343314947,0.0,0.3731851001929516,166.28138797502413
RESTRAIN,300.0,False,RESTRAIN,0.24938651556320834,0.0,0.42166472539707156,247.39238333441278
RESTRAIN,300.0,False,RESTRAIN,0.15124466057538954,0.0,0.5229273871004075,115.88023174862681
RESTRAIN,300.0,False,RESTRAIN,0.10147597007927445,0.0,0.8532202545836542,84.88893937451806
RESTRAIN,300.0,False,RESTRAIN,0.2181989940279272,0.0,0.25297229569414675,214.352068059224
RESTRAIN,300.0,False,RESTRAIN,0.26385842714587915,0.0,0.8722159338471001,222.22107686926185
RESTRAIN,300.0,True,RESTRAIN,0.29010878247462524,0.0,0.701624360794284,292.4132859294044
RESTRAIN,300.0,False,RESTRAIN,0.19830253060464464,0.0,0.16462883409026705,149.7868706329283
RESTRAIN,300.0,False,RESTRAIN,0.23880591591296096,0.0,0.25239654588637933,275.08413905192685
RESTRAIN,300.0,False,RESTRAIN,0.2604043560525945,0.0,0.8183927247785687,330.3761778339538
RESTRAIN,300.0,False,RESTRAIN,0.16386744225988314,0.0,0.721208773439447,153.23837776518403
RESTRAIN,300.0,False,RESTRAIN,0.20749035057526588,0.0,0.12902471941394286,195.32850041399936
RESTRAIN,300.0,False,RESTRAIN,0.2475365829925984,0.0,0.5261117278293027,327.6943853352935
RESTRAIN,300.0,False,RESTRAIN,0.17981373633864084,0.0,0.24929393184404522,108.09004213533535
RESTRAIN,300.0,True,RESTRAIN,0.2718618589395292,0.0,0.5667753087678119,260.15642451284486
RESTRAIN,300.0,False,RESTRAIN,0.21103530681410787,0.0,0.15622380671848538,207.79937193961106
RESTRAIN,300.0,False,RESTRAIN,0.18790682661511826,0.0,0.31672162400571996,149.03966416769214
RESTRAIN,300.0,False,RESTRAIN,0.24563398345561283,0.0,0.3496756253442815,311.11105229928
RESTRAIN,300.0,False,RESTRAIN,0.1553544834772419,0.0,0.48393788265744353,56.42215194794048
RESTRAIN,300.0,False,RESTRAIN,0.20359955562109544,0.0,0.21538527813591216,12.744221424090018
RESTRAIN,300.0,False,RESTRAIN,0.12773554620943517,0.0,0.6549717171942155,74.57125230741237
RESTRAIN,300.0,False,RESTRAIN,0.2750248384486067,0.0,0.7283400418998746,315.4569072414312
RESTRAIN,300.0,False,RESTRAIN,0.14994450172126217,0.0,0.5759907217893863,123.69607146694985
RESTRAIN,300.0,False,RESTRAIN,0.2888937675748129,0.0,0.8127733548397457,246.228667582701
RESTRAIN,300.0,False,RESTRAIN,0.11921616814939229,0.0,0.7114456735141007,83.10219687365623
RESTRAIN,300.0,False,RESTRAIN,0.2055726227224004,0.0,0.03961298247574987,176.72160375526857
RESTRAIN,300.0,False,RESTRAIN,0.2057625960863686,0.0,0.07624910840816217,188.2283669674739
RESTRAIN,300.0,False,RESTRAIN,0.1338155810001742,0.0,0.5939717618256114,88.33493360187201
RESTRAIN,300.0,False,RESTRAIN,0.15524327936263904,0.0,0.6496879323176021,139.4651550744013
RESTRAIN,300.0,False,RESTRAIN,0.10033000973837836,0.0,0.8711144467910664,94.23774620103798
RESTRAIN,300.0,False,RESTRAIN,0.20717907290909765,0.0,0.0029992884524689734,36.24301999249373
RESTRAIN,300.0,False,RESTRAIN,0.19684781101413606,0.0,0.21326445843354838,155.39505078654508
RESTRAIN,300.0,False,RESTRAIN,0.22975576899546202,0.0,0.7485758581081983,202.90578293362347
RESTRAIN,300.0,False,RESTRAIN,0.1498078151127824,0.0,0.8023802159245806,32.42114902237017
RESTRAIN,300.0,False,RESTRAIN,0.16920242639868444,0.0,0.4179889775758574,128.84152570394173
RESTRAIN,300.0,False,RESTRAIN,0.19206581505310538,0.0,0.4353799183652297,166.57155406070694
RESTRAIN,300.0,False,RESTRAIN,0.24946877625865826,0.0,0.7682574075736178,335.70943547166553
RESTRAIN,300.0,False,RESTRAIN,0.2311983972703967,0.0,0.4139718120730207,219.71595982153568
RESTRAIN,300.0,False,RESTRAIN,0.2417390387778412,0.0,0.7086854818836438,339.2156129823351
RESTRAIN,300.0,False,RESTRAIN,0.2094398877556265,0.0,0.8538571213077496,188.77785491339986
RESTRAIN,300.0,False,RESTRAIN,0.23800664329623877,0.0,0.23566161149177411,289.17285810880753
RESTRAIN,300.0,False,RESTRAIN,0.18971159659278125,0.0,0.2469599200010474,34.650640376101045
RESTRAIN,300.0,False,RESTRAIN,0.23274940627739527,0.0,0.8447424355983758,203.19045301105126
RESTRAIN,300.0,False,RESTRAIN,0.171915846915507,0.0,0.3818693630570627,127.05667658657201
RESTRAIN,300.0,False,RESTRAIN,0.2084628067747396,0.0,0.014154422714734915,262.2348671935554
RESTRAIN,300.0,False,RESTRAIN,0.25213543032869357,0.0,0.45224075970419453,315.934248297369
RESTRAIN,300.0,False,RESTRAIN,0.2687014236439633,0.0,0.5550841335649394,256.4132769742327
RESTRAIN,300.0,False,RESTRAIN,0.19311659026881356,0.0,0.22026398949006235,31.782071654072972
RESTRAIN,300.0,False,RESTRAIN,0.2510246714158313,0.0,0.6546693467609711,223.5798374354521
RESTRAIN,300.0,False,RESTRAIN,0.2324194035057423,0.0,0.20964838090005744,267.8767304849149
RESTRAIN,300.0,False,RESTRAIN,0.20731153362937438,0.0,0.10768439155665763,10.742934808816823
RESTRAIN,300.0,False,RESTRAIN,0.18181460861211074,0.0,0.2244291079639952,61.102092875512454
RESTRAIN,300.0,False,RESTRAIN,0.2538582800409619,0.0,0.48051886281622247,244.90329626559839
RESTRAIN,300.0,False,RESTRAIN,0.12130289793245286,0.0,0.7702093581045617,113.36948530974217
RESTRAIN,300.0,False,RESTRAIN,0.184722590988447,0.0,0.4763989751095411,22.386176394965048
RESTRAIN,300.0,False,RESTRAIN,0.27192949188442006,0.0,0.7640869692230415,320.19114894986393
RESTRAIN,300.0,False,RESTRAIN,0.2149771288409511,0.0,0.05776775023230633,342.78311727395067
RESTRAIN,300.0,False,RESTRAIN,0.1797524548749344,0.0,0.3353277733414834,134.45011957976317
RESTRAIN,300.0,False,RESTRAIN,0.21313260154355462,0.0,0.39166064559714975,357.43557502890565
RESTRAIN,300.0,False,RESTRAIN,0.2816376042743578,0.0,0.7215531550965485,308.36853128754365
RESTRAIN,300.0,False,RESTRAIN,0.22087762074128303,0.0,0.5495821323978222,200.10873278274465
RESTRAIN,300.0,True,RESTRAIN,0.2916909923505573,0.0,0.7065329690528596,269.00509061760306
RESTRAIN,300.0,False,RESTRAIN,0.2279696534960094,0.0,0.3047010706167782,337.04730024125604
RESTRAIN,300.0,True,RESTRAIN,0.3043318047292147,0.0,0.8406294952948373,261.83538236540255
RESTRAIN,300.0,False,RESTRAIN,0.1316666534627029,0.0,0.7322908713589856,121.49416669427451
RESTRAIN,300.0,False,RESTRAIN,0.10930596296876116,0.0,0.8239369934460687,69.48858878804643
RESTRAIN,300.0,False,RESTRAIN,0.19556596259599657,0.0,0.23651646160669867,155.43083900849112
RESTRAIN,300.0,False,RESTRAIN,0.2063558896962494,0.0,0.005912304988624118,67.20002515280586
RESTRAIN,300.0,False,RESTRAIN,0.1991453365780873,0.0,0.5539330532577345,7.748468054145761
RESTRAIN,300.0,False,RESTRAIN,0.1898479726359774,0.0,0.44332102927114175,164.14025036463389
RESTRAIN,300.0,False,RESTRAIN,0.13278532161832812,0.0,0.7010587443002698,118.53196898554458
RESTRAIN,300.0,False,RESTRAIN,0.20127036800524944,0.0,0.08774450910238445,34.300941660710855
RESTRAIN,300.0,False,RESTRAIN,0.26070504726962074,0.0,0.5359019577820563,313.72597098647935
RESTRAIN,300.0,False,RESTRAIN,0.19127430816701962,0.0,0.1790085406961697,44.260705815965466
RESTRAIN,300.0,False,RESTRAIN,0.23995259837438943,0.0,0.46313898315388236,226.943366259926
RESTRAIN,300.0,False,RESTRAIN,0.20963170798432984,0.0,0.14248920286084904,204.95367385545347
RESTRAIN,300.0,False,RESTRAIN,0.22068426980913491,0.0,0.8211082951330106,352.4366383109593
RESTRAIN,300.0,False,RESTRAIN,0.18770888747799674,0.0,0.16494942024906273,91.38202741018755
RESTRAIN,300.0,False,RESTRAIN,0.1432472021433473,0.0,0.5175690080038597,84.78080102153017
RESTRAIN,300.0,False,RESTRAIN,0.20360699247459524,0.0,0.005048694763819373,225.79176839543535
RESTRAIN,300.0,False,RESTRAIN,0.20886017788924216,0.0,0.14079466338797436,200.97186253534102
RESTRAIN,300.0,False,RESTRAIN,0.26200483099286964,0.0,0.4494007758122433,292.2511887333909
RESTRAIN,300.0,False,RESTRAIN,0.2028158895550537,0.0,0.03686548847310377,62.30368538066347
RESTRAIN,300.0,False,RESTRAIN,0.15167735856939457,0.0,0.4885043909817479,108.22239184024488
RESTRAIN,300.0,False,RESTRAIN,0.21018484548698113,0.0,0.165900625120361,1.8011521221213078
RESTRAIN,300.0,True,RESTRAIN,0.2816449185437442,0.0,0.6538853082886835,259.76975039151665
RESTRAIN,300.0,False,RESTRAIN,0.12275677099531013,0.0,0.7814623401761903,117.1679640243338
RESTRAIN,300.0,False,RESTRAIN,0.12275498720142053,0.0,0.6826913932206857,84.99210341063906
RESTRAIN,300.0,False,RESTRAIN,0.20669297217296012,0.0,0.05705131342791697,217.77550922379925
RESTRAIN,300.0,False,RESTRAIN,0.15255524129204356,0.0,0.44671157858986477,90.61343315887707
RESTRAIN,300.0,False,RESTRAIN,0.20455837579763347,0.0,0.10005918731236445,20.42999178354975
RESTRAIN,300.0,False,RESTRAIN,0.1619744809303958,0.0,0.36815180981156137,85.05177374235458
RESTRAIN,300.0,False,RESTRAIN,0.2868561813256423,0.0,0.7555923238548216,305.8994735732927
RESTRAIN,300.0,False,RESTRAIN,0.20523212867585983,0.0,0.03704428868102986,214.33155373244855
RESTRAIN,300.0,False,RESTRAIN,0.20073388919909785,0.0,0.2264868039612791,169.61883069261995
RESTRAIN,300.0,False,RESTRAIN,0.19309897476094995,0.0,0.7439130240459584,176.90812858611068
RESTRAIN,300.0,False,RESTRAIN,0.21176599021115006,0.0,0.3653348029360912,358.90685423810754
RESTRAIN,300.0,False,RESTRAIN,0.20465314779617116,0.0,0.21182003561563703,11.33673173579336
RESTRAIN,300.0,False,RESTRAIN,0.11367736933500572,0.0,0.85446939606045,58.03762879584879
RESTRAIN,300.0,False,RESTRAIN,0.22607717180771925,0.0,0.1401572837336657,311.58251383225735
RESTRAIN,300.0,False,RESTRAIN,0.2145996273819366,0.0,0.7097471260284987,192.5395576756625
RESTRAIN,300.0,False,RESTRAIN,0.21188003165426972,0.0,0.16026984435855837,358.2223025787152
RESTRAIN,300.0,False,RESTRAIN,0.29437415765186215,0.0,0.8667468840774237,246.21230462934523
RESTRAIN,300.0,True,RESTRAIN,0.2881494412737188,0.0,0.7074640774165004,260.4330653240295
RESTRAIN,300.0,False,RESTRAIN,0.2155805093811035,0.0,0.24878564886766993,208.71601450067976
RESTRAIN,300.0,False,RESTRAIN,0.19260274259753363,0.0,0.8852527924530542,6.246392577009012
RESTRAIN,300.0,False,RESTRAIN,0.22061285069052583,0.0,0.1030136770709605,326.8836016828413
RESTRAIN,300.0,False,RESTRAIN,0.20899698495080754,0.0,0.7736371944570459,188.28118563581214
RESTRAIN,300.0,False,RESTRAIN,0.20376565714626294,0.0,0.6294864483216684,3.2591241756717926
RESTRAIN,300.0,False,RESTRAIN,0.18809544906356157,0.0,0.15649592438469634,75.56171127032253
RESTRAIN,300.0,False,RESTRAIN,0.1600914453668556,0.0,0.4917342563631876,126.13677646231848
RESTRAIN,300.0,False,RESTRAIN,0.20768606179036508,0.0,0.010732330433878523,103.02744234933525
RESTRAIN,300.0,False,RESTRAIN,0.19737119795178082,0.0,0.5158149133979931,9.994534281225587
RESTRAIN,300.0,False,RESTRAIN,0.1448380178080969,0.0,0.5239832016906868,100.88521204842051
RESTRAIN,300.0,False,RESTRAIN,0.24113586700535017,0.0,0.3676735937393779,322.67022503337944
RESTRAIN,300.0,False,RESTRAIN,0.24197818589714448,0.0,0.7419742069412825,211.98143665625747
RESTRAIN,300.0,False,RESTRAIN,0.11700794542802395,0.0,0.8376723225266376,117.70818183423046
RESTRAIN,300.0,False,RESTRAIN,0.1749121735927115,0.0,0.4803856803818204,31.71984792155689
RESTRAIN,300.0,True,RESTRAIN,0.28016241128174124,0.0,0.606558204325041,270.4660678318567
RESTRAIN,300.0,False,RESTRAIN,0.22132607941101645,0.0,0.13127028731653284,258.6082672690597
RESTRAIN,300.0,False,RESTRAIN,0.20334954148893725,0.0,0.8982882237921441,0.8524749079653393
RESTRAIN,300.0,False,RESTRAIN,0.2112609303579468,0.0,0.7721245196619392,357.6278177746059
RESTRAIN,300.0,False,RESTRAIN,0.10268451998058348,0.0,0.8541249782823402,95.63612511804192
RESTRAIN,300.0,False,RESTRAIN,0.12162912938828341,0.0,0.700257808205432,94.46438331441655
RESTRAIN,300.0,False,RESTRAIN,0.17513640438629274,0.0,0.29062296950974165,108.37199785902737
RESTRAIN,300.0,False,RESTRAIN,0.2186107652281294,0.0,0.19951330492887676,346.21815053849974
RESTRAIN,300.0,False,RESTRAIN,0.25987523009813507,0.0,0.45994284415565956,302.798587057871
RESTRAIN,300.0,False,RESTRAIN,0.20967544142404648,0.0,0.07433939365707953,229.42390814041542
RESTRAIN,300.0,False,RESTRAIN,0.19940791466888885,0.0,0.4966366380815584,177.93500529068356
RESTRAIN,300.0,False,RESTRAIN,0.17324056391651788,0.0,0.3329280035406084,117.72845692064163
RESTRAIN,300.0,False,RESTRAIN,0.13917891095002854,0.0,0.655140588945281,120.62365165996133
RESTRAIN,300.0,False,RESTRAIN,0.147333051159513,0.0,0.5631229935077053,117.23859708131273
RESTRAIN,300.0,False,RESTRAIN,0.2340809283165226,0.0,0.2218681045412897,310.535888819872
RESTRAIN,300.0,False,RESTRAIN,0.2725400797528299,0.0,0.6600976867037142,245.27291079820785
RESTRAIN,300.0,False,RESTRAIN,0.1894353036346368,0.0,0.28000162956664293,146.449863945897
RESTRAIN,300.0,False,RESTRAIN,0.2125942251222821,0.0,0.22373302415721014,357.6779816928169
RESTRAIN,300.0,False,RESTRAIN,0.16405839373835296,0.0,0.3766982104634312,63.893959666648655
RESTRAIN,300.0,False,RESTRAIN,0.1999255216325957,0.0,0.1420680739819987,27.603911817321865
RESTRAIN,300.0,False,RESTRAIN,0.18289940088743906,0.0,0.2926440588313743,132.5311204603914
RESTRAIN,300.0,False,RESTRAIN,0.21526320799727527,0.0,0.2338637493552112,353.4639303513674
RESTRAIN,300.0,False,RESTRAIN,0.20970621704603132,0.0,0.019556924522065124,8.646792482293716
RESTRAIN,300.0,False,RESTRAIN,0.19114969259679448,0.0,0.27078865937550933,29.160364323653233
RESTRAIN,300.0,False,RESTRAIN,0.16595992134128268,0.0,0.4201500677313925,122.9219270542064
RESTRAIN,300.0,False,RESTRAIN,0.21527816547844392,0.0,0.7467645403307182,355.47316677499975
RESTRAIN,300.0,False,RESTRAIN,0.19309200631793466,0.0,0.16242886963760697,123.64166937660967
RESTRAIN,300.0,False,RESTRAIN,0.23469166606005232,0.0,0.2946501395962945,244.1082301813001
RESTRAIN,300.0,False,RESTRAIN,0.21546124849573622,0.0,0.026436443415647326,311.0508495152461
RESTRAIN,300.0,False,RESTRAIN,0.21082327349782304,0.0,0.06759739092656362,241.40094371805054
RESTRAIN,300.0,False,RESTRAIN,0.18561212622580148,0.0,0.32050341208543254,32.33457142600571
RESTRAIN,300.0,False,RESTRAIN,0.1606093920492555,0.0,0.449935535320816,53.472349719963454
RESTRAIN,300.0,False,RESTRAIN,0.124629968605805,0.0,0.673435786778844,93.18549175696155
RESTRAIN,300.0,True,RESTRAIN,0.29013333312134115,0.0,0.686862072724599,286.5498410760418
RESTRAIN,300.0,True,RESTRAIN,0.30513310263201177,0.0,0.8225808508085194,288.6801754805985
RESTRAIN,300.0,False,RESTRAIN,0.11506512079666376,0.0,0.8170165001357237,61.29021138377353
RESTRAIN,300.0,False,RESTRAIN,0.2017453657323336,0.0,0.09134971364385104,136.47853115767487
RESTRAIN,300.0,False,RESTRAIN,0.19691356903540858,0.0,0.10084724988389368,50.330400675311274
RESTRAIN,300.0,False,RESTRAIN,0.19444422427178876,0.0,0.44711217157813365,170.31263265985885
RESTRAIN,300.0,False,RESTRAIN,0.15945231054773945,0.0,0.5305263158524826,131.14458684790242
RESTRAIN,300.0,False,RESTRAIN,0.21329338102410555,0.0,0.5381012272003495,357.1563428812757
RESTRAIN,300.0,False,RESTRAIN,0.17370082580144885,0.0,0.43764858947685736,139.93548136158202
RESTRAIN,300.0,False,RESTRAIN,0.1692392163417371,0.0,0.8830793685953454,18.01085582402773
RESTRAIN,300.0,False,RESTRAIN,0.20778781453070394,0.0,0.4580601250169715,187.37571534035413
RESTRAIN,300.0,False,RESTRAIN,0.26778964298244756,0.0,0.8417798698705877,326.58563484890243
RESTRAIN,300.0,False,RESTRAIN,0.12625425308903182,0.0,0.8893722308073979,133.0158130068838
RESTRAIN,300.0,False,RESTRAIN,0.2559774396824027,0.0,0.39961971233677646,294.65887603605074
RESTRAIN,300.0,False,RESTRAIN,0.20124890735892187,0.0,0.12038780548910083,150.02349311556364
RESTRAIN,300.0,False,RESTRAIN,0.21585362075541215,0.0,0.29332624497704785,204.6102878958418
RESTRAIN,300.0,False,RESTRAIN,0.20390945123821846,0.0,0.3226858575351061,180.84340835539922
RESTRAIN,300.0,False,RESTRAIN,0.28156261161850826,0.0,0.7994951687366736,314.69915384926816
RESTRAIN,300.0,False,RESTRAIN,0.23559167291063532,0.0,0.8655275221368012,204.4973445661261
RESTRAIN,300.0,False,RESTRAIN,0.1964947663343526,0.0,0.15268870747928345,136.46502750485948
RESTRAIN,300.0,False,RESTRAIN,0.21113762696125615,0.0,0.018066269362161425,276.11829729933237
RESTRAIN,300.0,False,RESTRAIN,0.17608730407655837,0.0,0.7475967566663886,18.122042100150942
RESTRAIN,300.0,False,RESTRAIN,0.14691447608688102,0.0,0.5027815077365827,98.10879514521855
RESTRAIN,300.0,False,RESTRAIN,0.12725495194873004,0.0,0.6760550217236321,103.1157162202009
RESTRAIN,300.0,False,RESTRAIN,0.21610884190143387,0.0,0.2985039996525067,204.81548145127468
RESTRAIN,300.0,False,RESTRAIN,0.22733892227093033,0.0,0.142667796001261,300.3019966632877
RESTRAIN,300.0,False,RESTRAIN,0.21154699358433227,0.0,0.23819434034242215,199.3738577579939
RESTRAIN,300.0,False,RESTRAIN,0.20590379897864863,0.0,0.04363140302823825,164.999073991107
RESTRAIN,300.0,False,RESTRAIN,0.19050006088397875,0.0,0.34726178242419437,23.511682298652843
RESTRAIN,300.0,False,RESTRAIN,0.21421731763174823,0.0,0.08930419059367666,349.21877326672245
RESTRAIN,300.0,False,RESTRAIN,0.1594732502743007,0.0,0.41739437748289426,106.39512869804884
RESTRAIN,300.0,False,RESTRAIN,0.1388157113602847,0.0,0.7193020159819558,46.67999508200425
RESTRAIN,300.0,False,RESTRAIN,0.21676442761824422,0.0,0.042867280096353565,299.83267599813513
RESTRAIN,300.0,False,RESTRAIN,0.27446328534267417,0.0,0.8070412218196166,320.5242368481509
RESTRAIN,300.0,False,RESTRAIN,0.19618683739252607,0.0,0.1108371357801713,107.49335280484291
RESTRAIN,300.0,False,RESTRAIN,0.21913740152406747,0.0,0.5903827391912008,197.48849268421276
RESTRAIN,300.0,False,RESTRAIN,0.2354284978267308,0.0,0.2164821706907262,282.0434320487527
RESTRAIN,300.0,False,RESTRAIN,0.19330913904511582,0.0,0.7604264147362739,7.812703222626509
RESTRAIN,300.0,False,RESTRAIN,0.21167942304668397,0.0,0.009316819428116041,355.2921340086351
RESTRAIN,300.0,False,RESTRAIN,0.16761377754983353,0.0,0.3792484735130233,116.62279067907056
RESTRAIN,300.0,False,RESTRAIN,0.18310037597619822,0.0,0.8657118871967694,172.71632296482574
RESTRAIN,300.0,False,RESTRAIN,0.20506833516455192,0.0,0.10160521656414709,18.204526292777313
RESTRAIN,300.0,False,RESTRAIN,0.18128645317890268,0.0,0.6845799130158603,16.897809477171318
RESTRAIN,300.0,False,RESTRAIN,0.1520902409283862,0.0,0.653956119207179,40.195346879081754
RESTRAIN,300.0,False,RESTRAIN,0.17754861318179194,0.0,0.2872573042148914,115.6035030860245
RESTRAIN,300.0,False,RESTRAIN,0.21659209831125148,0.0,0.05440913639034345,331.75123311854475
RESTRAIN,300.0,False,RESTRAIN,0.20499523922906993,0.0,0.7497858375197382,185.55647450971367
RESTRAIN,300.0,False,RESTRAIN,0.11916588119126637,0.0,0.8143908058263025,117.26801961537902
RESTRAIN,300.0,False,RESTRAIN,0.20302660101023617,0.0,0.1150476217979932,162.41119526566428
RESTRAIN,300.0,False,RESTRAIN,0.11381081722504072,0.0,0.7630450205593282,95.4173268663312
RESTRAIN,300.0,False,RESTRAIN,0.25889601170525567,0.0,0.749901022585528,224.64693641994901
RESTRAIN,300.0,False,RESTRAIN,0.2034976904000183,0.0,0.5193205904843538,182.58248642415
RESTRAIN,300.0,False,RESTRAIN,0.1472429087862679,0.0,0.7051785729274063,136.2771307871218
RESTRAIN,300.0,False,RESTRAIN,0.20848343023433757,0.0,0.035530992889118075,247.00467186761972
RESTRAIN,300.0,False,RESTRAIN,0.17366525459310866,0.0,0.446559288092485,141.00622920991466
RESTRAIN,300.0,True,RESTRAIN,0.3097854293844491,0.0,0.8702926495878758,290.3563323564676
RESTRAIN,300.0,False,RESTRAIN,0.24424241051392492,0.0,0.6976939186618883,215.42962418798467
RESTRAIN,300.0,False,RESTRAIN,0.17821037404626006,0.0,0.2413209578482768,72.77283589978003
RESTRAIN,300.0,False,RESTRAIN,0.14560390704883763,0.0,0.5611780796097291,58.748380482624505
RESTRAIN,300.0,False,RESTRAIN,0.18447057348399465,0.0,0.19129483478501683,92.14426193342932
RESTRAIN,300.0,False,RESTRAIN,0.22583693294441565,0.0,0.19991301163024258,330.56651112939477
RESTRAIN,300.0,False,RESTRAIN,0.23054864392435515,0.0,0.17041127332071257,296.428685813537
RESTRAIN,300.0,False,RESTRAIN,0.21607238325129818,0.0,0.17098343583712264,349.9980822725267
RESTRAIN,300.0,False,RESTRAIN,0.26077961101813696,0.0,0.44936195390018246,267.9562788035702
RESTRAIN,300.0,False,RESTRAIN,0.23121481242186348,0.0,0.27881857893241097,329.198851423326
RESTRAIN,300.0,False,RESTRAIN,0.14007163137864398,0.0,0.7001634742934562,127.92724284868774
RESTRAIN,300.0,False,RESTRAIN,0.2605574555770396,0.0,0.8047005683550654,223.1597959914094
RESTRAIN,300.0,False,RESTRAIN,0.17424932932808979,0.0,0.43883185421896387,140.94139057239138
RESTRAIN,300.0,False,RESTRAIN,0.22903153503691187,0.0,0.17218342799191833,311.3522220771161
RESTRAIN,300.0,False,RESTRAIN,0.2073727471319008,0.0,0.8981991755714913,358.9105571060684
RESTRAIN,300.0,False,RESTRAIN,0.21264360513366976,0.0,0.042329014405519005,268.38723855145463
RESTRAIN,300.0,False,RESTRAIN,0.26822246007453976,0.0,0.4946796386948233,281.3529733425896
RESTRAIN,300.0,False,RESTRAIN,0.2301452429173797,0.0,0.19768425876774395,317.1399042680342
RESTRAIN,300.0,False,RESTRAIN,0.143699038221897,0.0,0.8438918318306877,34.318647057933276
RESTRAIN,300.0,False,RESTRAIN,0.2006143100726352,0.0,0.2924669136266128,173.44648194933603
RESTRAIN,300.0,True,RESTRAIN,0.30786773256768674,0.0,0.8622388058055132,263.6989363885337
RESTRAIN,300.0,False,RESTRAIN,0.257081923456693,0.0,0.8755211279939759,217.8139741049248
RESTRAIN,300.0,False,RESTRAIN,0.2187617846728035,0.0,0.8486773552490877,194.51740239076096
RESTRAIN,300.0,False,RESTRAIN,0.1489789564356473,0.0,0.7134523176072853,138.8935453506506
RESTRAIN,300.0,False,RESTRAIN,0.12506334571834476,0.0,0.6670940422683714,79.3620431768362
RESTRAIN,300.0,False,RESTRAIN,0.2594085280804901,0.0,0.8574940980007135,332.0657638146519
RESTRAIN,300.0,False,RESTRAIN,0.23065044376649035,0.0,0.20130295139573803,264.2860029120445
RESTRAIN,300.0,False,RESTRAIN,0.25283343295972727,0.0,0.7289120974886668,220.87242128291643
RESTRAIN,300.0,False,RESTRAIN,0.20122145353815712,0.0,0.10213907854619172,30.733506195265203
RESTRAIN,300.0,False,RESTRAIN,0.18036694860932978,0.0,0.3256901693777764,40.20186843760165
RESTRAIN,300.0,False,RESTRAIN,0.18856747234886273,0.0,0.3616486798477778,155.64532269152497
RESTRAIN,300.0,False,RESTRAIN,0.12344645517189368,0.0,0.8957937806679596,45.26182557670671
RESTRAIN,300.0,False,RESTRAIN,0.17721811424071188,0.0,0.2888789987261539,53.610315597956976
RESTRAIN,300.0,False,RESTRAIN,0.17600621005495787,0.0,0.49926021660321845,29.27470471151116
RESTRAIN,300.0,False,RESTRAIN,0.1410776523215499,0.0,0.5701416554600819,105.85973940302735
RESTRAIN,300.0,False,RESTRAIN,0.2030497803388185,0.0,0.6100550373234342,4.000210273866505
RESTRAIN,300.0,False,RESTRAIN,0.21970811275099034,0.0,0.10813525502907315,263.6167860572962
RESTRAIN,300.0,False,RESTRAIN,0.23366006615948987,0.0,0.5032136945282976,215.76321599705832
RESTRAIN,300.0,False,RESTRAIN,0.20320045643359064,0.0,0.5712495049807341,182.75582172664096
RESTRAIN,300.0,False,RESTRAIN,0.21536800630589192,0.0,0.8130136695080866,355.279016912954
RESTRAIN,300.0,False,RESTRAIN,0.18465111628599462,0.0,0.8615640405060042,173.48009718352577
RESTRAIN,300.0,False,RESTRAIN,0.2323204611419346,0.0,0.21152448320699066,313.0758676011999
RESTRAIN,300.0,False,RESTRAIN,0.1847329436962164,0.0,0.18946697345534755,68.17359318992655
RESTRAIN,300.0,False,RESTRAIN,0.13213049733808824,0.0,0.6153716796328262,95.33035796937996
RESTRAIN,300.0,False,RESTRAIN,0.1615642804828641,0.0,0.4405352326701933,118.27043549073267
RESTRAIN,300.0,False,RESTRAIN,0.21361180411959935,0.0,0.6692101839994082,356.5227885149553
RESTRAIN,300.0,False,RESTRAIN,0.2630496029044528,0.0,0.7636247502720764,326.739809638542
RESTRAIN,300.0,False,RESTRAIN,0.2073554415609684,0.0,0.009616186919405101,161.49490640523666
RESTRAIN,300.0,False,RESTRAIN,0.2919598693591242,0.0,0.7908574510933863,304.00410849577713
RESTRAIN,300.0,False,RESTRAIN,0.17810084853407193,0.0,0.23889133257809164,83.95276341971586
RESTRAIN,300.0,False,RESTRAIN,0.25014455706855765,0.0,0.8724572345984893,213.33936709069758
RESTRAIN,300.0,False,RESTRAIN,0.16494227440859954,0.0,0.3872358068204492,58.269079172960346
RESTRAIN,300.0,False,RESTRAIN,0.23608618409034698,0.0,0.767202730642455,207.07461958171305
RESTRAIN,300.0,False,RESTRAIN,0.18539321506706874,0.0,0.17994193370227618,80.01279364008948
RESTRAIN,300.0,False,RESTRAIN,0.2278773804535804,0.0,0.4726412869302091,210.8718541598216
RESTRAIN,300.0,False,RESTRAIN,0.20531385959142523,0.0,0.05695924432537968,154.32268126482245
RESTRAIN,300.0,False,RESTRAIN,0.22504915981360418,0.0,0.6613586026434384,201.1569224077151
RESTRAIN,300.0,False,RESTRAIN,0.11440971168056868,0.0,0.8478898536968813,58.02976284827142
RESTRAIN,300.0,False,RESTRAIN,0.20044175281510956,0.0,0.7588107351883898,182.33558041461993
RESTRAIN,300.0,False,RESTRAIN,0.13998654868821714,0.0,0.6123177670149909,113.8927423782717
RESTRAIN,300.0,False,RESTRAIN,0.1961947690109226,0.0,0.10704428767514844,51.81887276174266
RESTRAIN,300.0,False,RESTRAIN,0.19469098269238738,0.0,0.8855638101964797,180.1418852132199
RESTRAIN,300.0,False,RESTRAIN,0.17674870229299178,0.0,0.30956620554166464,49.83450432789662
RESTRAIN,300.0,False,RESTRAIN,0.17457006792393104,0.0,0.5694955719256551,153.82969828784647
RESTRAIN,300.0,False,RESTRAIN,0.1824559936886201,0.0,0.24568207877336243,116.33161679238871
RESTRAIN,300.0,False,RESTRAIN,0.2192489661328032,0.0,0.7445899277632508,195.48543800400702
RESTRAIN,300.0,False,RESTRAIN,0.19985331969667108,0.0,0.340578284863074,174.16867697265306
RESTRAIN,300.0,False,RESTRAIN,0.17317284904563313,0.0,0.351609752633825,48.44783855875343
RESTRAIN,300.0,False,RESTRAIN,0.2083160305712597,0.0,0.0040320247490107765,100.44508983397962
RESTRAIN,300.0,False,RESTRAIN,0.22042044970870234,0.0,0.5178017421139659,200.42669203853288
RESTRAIN,300.0,False,RESTRAIN,0.23619964875234856,0.0,0.22565840963044478,300.21107523679797
RESTRAIN,300.0,False,RESTRAIN,0.16626417085827383,0.0,0.8296646187197108,21.318463642782977
RESTRAIN,300.0,False,RESTRAIN,0.15701501253411887,0.0,0.7048349090715116,32.711651173454186
RESTRAIN,300.0,True,RESTRAIN,0.3096760183219551,0.0,0.8568648187009311,286.8933844233861
RESTRAIN,300.0,False,RESTRAIN,0.1728462810105017,0.0,0.35077076234411525,122.33855404698328
RESTRAIN,300.0,False,RESTRAIN,0.13425959259791698,0.0,0.5955570535554157,92.46913662312544
RESTRAIN,300.0,False,RESTRAIN,0.15705762988016958,0.0,0.40662177509344155,82.66652314475724
RESTRAIN,300.0,False,RESTRAIN,0.22628358399394677,0.0,0.8184037102794046,349.4547640143116
RESTRAIN,300.0,False,RESTRAIN,0.20549561253640025,0.0,0.29183505762968376,183.8683736638091
RESTRAIN,300.0,False,RESTRAIN,0.17494539483315374,0.0,0.2956731283334216,57.92196132832566
RESTRAIN,300.0,False,RESTRAIN,0.18564821995079717,0.0,0.32934916943245096,146.16271312250674
RESTRAIN,300.0,False,RESTRAIN,0.15270142536297404,0.0,0.44801029616516547,93.83238068382846
RESTRAIN,300.0,False,RESTRAIN,0.11768320652880837,0.0,0.798947341525556,60.729641287507384
RESTRAIN,300.0,False,RESTRAIN,0.21521283933452406,0.0,0.18672074288496537,352.29006549840466
RESTRAIN,300.0,False,RESTRAIN,0.1794239414471026,0.0,0.5861771131555418,160.23572864170717
RESTRAIN,300.0,False,RESTRAIN,0.23448158918146988,0.0,0.27536157073877954,248.848685552529
RESTRAIN,300.0,False,RESTRAIN,0.21903577969920962,0.0,0.07439511550577362,323.482690506274
RESTRAIN,300.0,False,RESTRAIN,0.10303442851379652,0.0,0.8582912821198506,74.02419374604422
RESTRAIN,300.0,False,RESTRAIN,0.1407986309879744,0.0,0.7072011976276028,46.086485128080824
RESTRAIN,300.0,False,RESTRAIN,0.10179052661686672,0.0,0.8568169428733075,93.69269626527249
RESTRAIN,300.0,False,RESTRAIN,0.24678689152830147,0.0,0.3602427028275236,256.5233717562687
RESTRAIN,300.0,False,RESTRAIN,0.15062395161224407,0.0,0.6812822209075247,137.51489978608447
RESTRAIN,300.0,False,RESTRAIN,0.19578682441366635,0.0,0.586030339766279,176.0718938902453
RESTRAIN,300.0,False,RESTRAIN,0.19950092006154618,0.0,0.5571154843353026,7.292179220404207
RESTRAIN,300.0,False,RESTRAIN,0.21075821631762082,0.0,0.036243322101294766,1.530510156154512
RESTRAIN,300.0,False,RESTRAIN,0.20466165038639328,0.0,0.06455620808233863,146.54777449146863
RESTRAIN,300.0,False,RESTRAIN,0.18864973711523436,0.0,0.17573651398093193,54.13053035978311
RESTRAIN,300.0,True,RESTRAIN,0.2890553558408837,0.0,0.6746885628470848,284.7960701644337
RESTRAIN,300.0,False,RESTRAIN,0.2368551898920973,0.0,0.7185080116975052,342.4626368182493
RESTRAIN,300.0,False,RESTRAIN,0.24460757720843962,0.0,0.5824987772607063,333.2518443629306
RESTRAIN,300.0,False,RESTRAIN,0.20172094110705785,0.0,0.17286183054135104,167.59720809654556
RESTRAIN,300.0,False,RESTRAIN,0.12445852415869796,0.0,0.6998555371328918,103.26801650607446
RESTRAIN,300.0,False,RESTRAIN,0.20462646072923452,0.0,0.10212164006913076,174.17114808864278
RESTRAIN,300.0,False,RESTRAIN,0.14245320028973385,0.0,0.8046210586496451,37.451426246734655
RESTRAIN,300.0,False,RESTRAIN,0.22773616898409887,0.0,0.34629670246264593,339.8150840614444
RESTRAIN,300.0,False,RESTRAIN,0.26893432363958414,0.0,0.6543789256628728,241.66868395375775
RESTRAIN,300.0,False,RESTRAIN,0.19063636644007342,0.0,0.1525455508157109,103.15740615214258
RESTRAIN,300.0,False,RESTRAIN,0.2421384580731184,0.0,0.2828542744954682,273.33085628262705
RESTRAIN,300.0,False,RESTRAIN,0.15223274351818528,0.0,0.4457458476496653,88.20134228871218
RESTRAIN,300.0,False,RESTRAIN,0.2611883722385888,0.0,0.4467194889401473,270.5242324763152
RESTRAIN,300.0,False,RESTRAIN,0.20290941288875575,0.0,0.0874797770823688,144.6559606561656
RESTRAIN,300.0,False,RESTRAIN,0.2588068999647889,0.0,0.4934870251918909,311.0134185615852
RESTRAIN,300.0,False,RESTRAIN,0.2119608579513096,0.0,0.06760612432052193,356.32442655326633
RESTRAIN,300.0,False,RESTRAIN,0.11563939712432003,0.0,0.8313119836490925,115.27393444227641
RESTRAIN,300.0,False,RESTRAIN,0.2150452493222491,0.0,0.37959071692774665,198.4225932703604
RESTRAIN,300.0,False,RESTRAIN,0.15867731473720426,0.0,0.3951711134575612,85.6554428622467
RESTRAIN,300.0,False,RESTRAIN,0.2704757162009457,0.0,0.5192941743770343,288.1309410763257
RESTRAIN,300.0,False,RESTRAIN,0.19436102894878138,0.0,0.7035072479487549,177.10154100161898
RESTRAIN,300.0,False,RESTRAIN,0.21257669446030059,0.0,0.06258135477251638,354.16634785029373
RESTRAIN,300.0,False,RESTRAIN,0.263550203184748,0.0,0.632680240870969,319.2818301446724
RESTRAIN,300.0,False,RESTRAIN,0.10789396514401584,0.0,0.8194777604253148,98.16925679045518
RESTRAIN,300.0,False,RESTRAIN,0.17237211127493646,0.0,0.3952770589256097,43.019567710282196
RESTRAIN,300.0,False,RESTRAIN,0.20381615303972178,0.0,0.011938822889780187,223.14744819002493
RESTRAIN,300.0,False,RESTRAIN,0.18457947500810368,0.0,0.22263167081994775,114.49805318399159
RESTRAIN,300.0,False,RESTRAIN,0.10272098900610671,0.0,0.8469413882714301,91.33274407664507
RESTRAIN,300.0,False,RESTRAIN,0.20680286247931745,0.0,0.10621759371529464,196.24297535209618
RESTRAIN,300.0,False,RESTRAIN,0.20459210976998887,0.0,0.012252222497327492,193.75284096189213
RESTRAIN,300.0,False,RESTRAIN,0.21731213788861614,0.0,0.8422740316505904,193.53646791366194
RESTRAIN,300.0,False,RESTRAIN,0.11628879899371669,0.0,0.7767231554146887,105.92588304723698
RESTRAIN,300.0,False,RESTRAIN,0.16290693344122142,0.0,0.414352843167425,55.93250116291037
RESTRAIN,300.0,False,RESTRAIN,0.20642375167230098,0.0,0.0048555018130115755,66.11849057191691
RESTRAIN,300.0,False,RESTRAIN,0.2664702219981071,0.0,0.525393478559999,259.251688054073
RESTRAIN,300.0,False,RESTRAIN,0.18212272745958968,0.0,0.7350856932320959,168.4968705378664
RESTRAIN,300.0,False,RESTRAIN,0.19949524737416058,0.0,0.2574637060811642,168.97254874861574
RESTRAIN,300.0,False,RESTRAIN,0.21501088964468051,0.0,0.1554619131012538,351.6291128045424
RESTRAIN,300.0,False,RESTRAIN,0.2600507100794225,0.0,0.8141928494602803,330.4610175710668
RESTRAIN,300.0,False,RESTRAIN,0.17095520276900988,0.0,0.691133679461491,23.38353671305771
RESTRAIN,300.0,False,RESTRAIN,0.25740528330687007,0.0,0.40327310794720683,287.1604854841688
RESTRAIN,300.0,False,RESTRAIN,0.10655534537130384,0.0,0.8145132973892936,89.25107373703553
RESTRAIN,300.0,True,RESTRAIN,0.2695680024341677,0.0,0.5473403810637087,260.02773667299783
RESTRAIN,300.0,False,RESTRAIN,0.11069188649711215,0.0,0.8496797346204621,62.40419973792447
RESTRAIN,300.0,False,RESTRAIN,0.19743752270694148,0.0,0.09284490537957014,52.333931541927555
RESTRAIN,300.0,False,RESTRAIN,0.23099973565049148,0.0,0.3927734374769117,338.1128350798879
RESTRAIN,300.0,False,RESTRAIN,0.22355449585164022,0.0,0.6112950781863515,200.98976461462138
RESTRAIN,300.0,False,RESTRAIN,0.17268409674713803,0.0,0.36710765168279574,125.87089839448998
RESTRAIN,300.0,False,RESTRAIN,0.23820911575571424,0.0,0.31478933814943405,320.8027781460386
RESTRAIN,300.0,False,RESTRAIN,0.1336378635303489,0.0,0.6258814905570531,104.33913834568564
RESTRAIN,300.0,False,RESTRAIN,0.18013213873689782,0.0,0.5451187064293667,23.001546618791476
RESTRAIN,300.0,False,RESTRAIN,0.18954474895568696,0.0,0.25428523824448035,142.12870659800703
RESTRAIN,300.0,False,RESTRAIN,0.2504373294027299,0.0,0.3996017253028007,254.6216988152578
RESTRAIN,300.0,False,RESTRAIN,0.26432173722483165,0.0,0.6362111027905591,238.3349087252201
RESTRAIN,300.0,False,RESTRAIN,0.19075952029547838,0.0,0.5642152590839613,170.53539068960353
RESTRAIN,300.0,False,RESTRAIN,0.20491127316005808,0.0,0.4077236796296073,183.66002854545576
RESTRAIN,300.0,False,RESTRAIN,0.20802501304384302,0.0,0.23400430667295277,190.60859885432444
RESTRAIN,300.0,False,RESTRAIN,0.20047662829031987,0.0,0.10312978541467525,134.82688556804686
RESTRAIN,300.0,False,RESTRAIN,0.15731484910205618,0.0,0.7561576307746948,29.867164900650636
RESTRAIN,300.0,False,RESTRAIN,0.12754654113570818,0.0,0.7382822157045986,56.81254806333013
RESTRAIN,300.0,True,RESTRAIN,0.2702861714923539,0.0,0.5519724263557346,260.7381943372025
RESTRAIN,300.0,False,RESTRAIN,0.2691791101476668,0.0,0.5142079345056545,291.61962087470545
RESTRAIN,300.0,False,RESTRAIN,0.19987888592180236,0.0,0.1226968032550698,142.38509947933755
RESTRAIN,300.0,False,RESTRAIN,0.16582910729558786,0.0,0.40205838457898674,118.53799718669184
RESTRAIN,300.0,False,RESTRAIN,0.2321087026092563,0.0,0.4354787593291645,218.76746824478755
RESTRAIN,300.0,False,RESTRAIN,0.20243792636071067,0.0,0.41527346206131616,7.837963426290089
RESTRAIN,300.0,False,RESTRAIN,0.21281327591475718,0.0,0.2178824328418779,205.0295424656263
RESTRAIN,300.0,False,RESTRAIN,0.2038542797867513,0.0,0.11143052233972986,168.85330754173492
RESTRAIN,300.0,False,RESTRAIN,0.16413604499114276,0.0,0.838240311609967,159.0944395048394
RESTRAIN,300.0,False,RESTRAIN,0.20924266057236363,0.0,0.5007101839779984,0.519482757636589
RESTRAIN,300.0,False,RESTRAIN,0.2435704697254012,0.0,0.7763124572875306,339.43208623595336
RESTRAIN,300.0,False,RESTRAIN,0.1386218525104932,0.0,0.6047865806597974,62.419403934852696
RESTRAIN,300.0,False,RESTRAIN,0.14408392703433326,0.0,0.738277876095242,40.67819282254347
RESTRAIN,300.0,False,RESTRAIN,0.19350698907553698,0.0,0.19439783470755553,138.90031307221784
RESTRAIN,300.0,False,RESTRAIN,0.22089176190161242,0.0,0.09543077473355359,280.3575075792619
RESTRAIN,300.0,True,RESTRAIN,0.2744501791707772,0.0,0.5524832587564291,275.3999684144242
RESTRAIN,300.0,False,RESTRAIN,0.20519218636286962,0.0,0.494411859576136,184.251390889642
RESTRAIN,300.0,False,RESTRAIN,0.20652903668348976,0.0,0.08681681740622971,197.70940358933734
RESTRAIN,300.0,False,RESTRAIN,0.1847243865497189,0.0,0.5501658254758481,163.87536769185851
RESTRAIN,300.0,False,RESTRAIN,0.20679093294180584,0.0,0.16370921366536537,9.106138376833535
RESTRAIN,300.0,False,RESTRAIN,0.1969903468625751,0.0,0.0973503367591878,100.02944204521934
RESTRAIN,300.0,False,RESTRAIN,0.13492521296337245,0.0,0.886705703073155,140.02090816382184
RESTRAIN,300.0,False,RESTRAIN,0.2190450835365152,0.0,0.5001447210032204,199.6026925856629
RESTRAIN,300.0,False,RESTRAIN,0.23185108160600987,0.0,0.2967905489200442,237.24851252653443
RESTRAIN,300.0,False,RESTRAIN,0.21260872601126057,0.0,0.0882502374690846,355.5493682314016
RESTRAIN,300.0,False,RESTRAIN,0.20001596463356852,0.0,0.8250502065608624,182.65307952242375
RESTRAIN,300.0,False,RESTRAIN,0.28793660522040254,0.0,0.8483212554520375,241.88605390975985
RESTRAIN,300.0,False,RESTRAIN,0.21962833147956307,0.0,0.2312598092776863,345.8317027307324
RESTRAIN,300.0,False,RESTRAIN,0.16103857297020296,0.0,0.39152257377633287,100.32774486735451
RESTRAIN,300.0,False,RESTRAIN,0.18292996567429698,0.0,0.5809928188574879,163.34379013115534
RESTRAIN,300.0,False,RESTRAIN,0.21787203963253388,0.0,0.10004111016681859,259.5522148216189
RESTRAIN,300.0,False,RESTRAIN,0.22190152015480558,0.0,0.483261540174687,203.46027471949944
RESTRAIN,300.0,False,RESTRAIN,0.22886605054771336,0.0,0.19677779282910662,321.5407032016461
RESTRAIN,300.0,False,RESTRAIN,0.21186239158668485,0.0,0.20273746918939117,203.78871947034986
RESTRAIN,300.0,False,RESTRAIN,0.24412431130755508,0.0,0.5427555019335669,332.049714787515
RESTRAIN,300.0,False,RESTRAIN,0.17831693690021333,0.0,0.27906738993729374,53.48117781042295
RESTRAIN,300.0,False,RESTRAIN,0.2677019441828816,0.0,0.4953176519783853,289.2699003206974
RESTRAIN,300.0,False,RESTRAIN,0.1785345529465059,0.0,0.23607827806748458,76.77697843453781
RESTRAIN,300.0,False,RESTRAIN,0.19140864718642492,0.0,0.438920479654234,17.683339858016186
RESTRAIN,300.0,False,RESTRAIN,0.13570189581069536,0.0,0.8390084421837696,40.19427122411094
RESTRAIN,300.0,False,RESTRAIN,0.22469224510090902,0.0,0.4362528187322536,209.05377126195134
RESTRAIN,300.0,False,RESTRAIN,0.1549306147446955,0.0,0.45121618346904613,104.7021129153507
RESTRAIN,300.0,False,RESTRAIN,0.1621891220459778,0.0,0.44355609405437274,51.825054130004666
RESTRAIN,300.0,False,RESTRAIN,0.2626790172680873,0.0,0.7709061710558671,226.47254544076478
RESTRAIN,300.0,False,RESTRAIN,0.1947849182405208,0.0,0.6135651768377949,175.66480453267158
RESTRAIN,300.0,False,RESTRAIN,0.20711055882472662,0.0,0.027562766056323785,136.99298748234798
RESTRAIN,300.0,False,RESTRAIN,0.20649301996468372,0.0,0.10615870615965067,192.85569714495674
RESTRAIN,300.0,False,RESTRAIN,0.261837089493425,0.0,0.5200989896840446,310.1095859013976
RESTRAIN,300.0,True,RESTRAIN,0.2855376742430371,0.0,0.6841627937342235,260.88865182738294
RESTRAIN,300.0,False,RESTRAIN,0.20481992700300866,0.0,0.10530635937069144,178.2666471047992
RESTRAIN,300.0,False,RESTRAIN,0.26146899108819044,0.0,0.45250614230623704,296.13096710271003
RESTRAIN,300.0,False,RESTRAIN,0.26687257430680367,0.0,0.5782457185974808,310.5191986965211
RESTRAIN,300.0,False,RESTRAIN,0.1779124851863536,0.0,0.36072206477033864,135.46251914361727
RESTRAIN,300.0,False,RESTRAIN,0.14186742382144202,0.0,0.6241564504904338,53.9230314499603
RESTRAIN,300.0,False,RESTRAIN,0.18091979983476836,0.0,0.30836372224679315,41.41597736349763
RESTRAIN,300.0,False,RESTRAIN,0.2502569825411264,0.0,0.5607168479586884,229.98788949177896
RESTRAIN,300.0,False,RESTRAIN,0.24422719926047654,0.0,0.6891392948841234,337.06619305757675
RESTRAIN,300.0,False,RESTRAIN,0.17844251847742076,0.0,0.8602351996857802,13.876682821630215
RESTRAIN,300.0,False,RESTRAIN,0.1992138478944886,0.0,0.5750056448304781,179.01212743354492
RESTRAIN,300.0,False,RESTRAIN,0.16948257702717084,0.0,0.3164214885653346,69.92917406480501
RESTRAIN,300.0,False,RESTRAIN,0.2128167428240333,0.0,0.6491165734023391,191.34476433276296
RESTRAIN,300.0,False,RESTRAIN,0.2818437173791283,0.0,0.7240315905073758,308.39821738273014
RESTRAIN,300.0,False,RESTRAIN,0.25396989976511986,0.0,0.373172656564696,283.2977159919354
RESTRAIN,300.0,False,RESTRAIN,0.21936080832593663,0.0,0.3263103181904444,349.66432663879993
RESTRAIN,300.0,False,RESTRAIN,0.2039332550231273,0.0,0.13722119534990243,174.43063694728863
RESTRAIN,300.0,False,RESTRAIN,0.262205690479811,0.0,0.6092096819065403,238.82339783021104
RESTRAIN,300.0,False,RESTRAIN,0.2429802144006058,0.0,0.40038228583673546,323.464242590132
RESTRAIN,300.0,False,RESTRAIN,0.21838806333310612,0.0,0.11961780855841718,251.14231877368232
RESTRAIN,300.0,False,RESTRAIN,0.22535583595285436,0.0,0.5053115278279079,347.1109616589364
RESTRAIN,300.0,False,RESTRAIN,0.0968043543423821,0.0,0.8908909012272107,88.39770451175679
RESTRAIN,300.0,False,RESTRAIN,0.20236812047443065,0.0,0.04619670117962934,48.58954875781664
RESTRAIN,300.0,False,RESTRAIN,0.15895662820282042,0.0,0.4639665364010095,53.685176674054446
RESTRAIN,300.0,False,RESTRAIN,0.2942556244250676,0.0,0.8422430425798367,306.8678902301714
RESTRAIN,300.0,False,RESTRAIN,0.1686444395313622,0.0,0.8632146299320017,19.021785373233957
RESTRAIN,300.0,False,RESTRAIN,0.24589691204523056,0.0,0.30754985762990045,291.57062930828573
RESTRAIN,300.0,False,RESTRAIN,0.20226078436538375,0.0,0.15444549731690488,167.07794331748408
RESTRAIN,300.0,False,RESTRAIN,0.24549520247892453,0.0,0.37865414394073826,248.84339425593862
RESTRAIN,300.0,False,RESTRAIN,0.24160115869712429,0.0,0.28667608862760036,268.39857255482946
RESTRAIN,300.0,False,RESTRAIN,0.18222227106451705,0.0,0.43432726712926417,152.7832213019913
RESTRAIN,300.0,False,RESTRAIN,0.1521552171874837,0.0,0.5363641145358199,52.59017297482327
RESTRAIN,300.0,False,RESTRAIN,0.2519335213570989,0.0,0.691416255645186,222.11275198297776
RESTRAIN,300.0,False,RESTRAIN,0.23035673341263685,0.0,0.5707416512537304,344.34880837220936
RESTRAIN,300.0,False,RESTRAIN,0.18934141616596734,0.0,0.8028489209928237,9.196911463040657
RESTRAIN,300.0,False,RESTRAIN,0.12555494471269357,0.0,0.66213922554767,81.70640478803587
RESTRAIN,300.0,False,RESTRAIN,0.25396330925381316,0.0,0.4667826904879027,314.7863559830026
RESTRAIN,300.0,False,RESTRAIN,0.20254509013985011,0.0,0.10736931732562004,25.11759708137758
RESTRAIN,300.0,False,RESTRAIN,0.20122808075461052,0.0,0.7233774803641537,3.6478299383099477
RESTRAIN,300.0,False,RESTRAIN,0.26764074351647626,0.0,0.642749371081264,316.0092888008175
RESTRAIN,300.0,False,RESTRAIN,0.2450771646893064,0.0,0.3025522842627221,276.5217549476733
RESTRAIN,300.0,False,RESTRAIN,0.1822454076235579,0.0,0.20876154177358794,91.39672371915796
RESTRAIN,300.0,False,RESTRAIN,0.226013187134527,0.0,0.5922715918983595,347.9254268869549
RESTRAIN,300.0,False,RESTRAIN,0.21460289204824268,0.0,0.07580313025154604,256.4724587608997
RESTRAIN,300.0,False,RESTRAIN,0.14409187215669328,0.0,0.7085258545890168,42.876510442721845
RESTRAIN,300.0,False,RESTRAIN,0.20017956883503984,0.0,0.20419622640165622,165.78821427781077
RESTRAIN,300.0,False,RESTRAIN,0.26201894117094593,0.0,0.5341276959092653,311.4229955224231
RESTRAIN,300.0,False,RESTRAIN,0.23102964119948866,0.0,0.2732057815003122,240.3859080878531
RESTRAIN,300.0,False,RESTRAIN,0.2257786158974684,0.0,0.4295160985150595,210.88942730174847
RESTRAIN,300.0,False,RESTRAIN,0.16047350846169905,0.0,0.7205665162776886,150.11993786669416
RESTRAIN,300.0,False,RESTRAIN,0.17595283803566608,0.0,0.25832519790356273,89.29589745650689
RESTRAIN,300.0,False,RESTRAIN,0.20521765860749974,0.0,0.02978162126159123,220.8954556026546
RESTRAIN,300.0,False,RESTRAIN,0.19957730306121468,0.0,0.06965330324919793,55.38223613830753
RESTRAIN,300.0,False,RESTRAIN,0.21860470938694443,0.0,0.06702753168430674,291.5689101518356
RESTRAIN,300.0,False,RESTRAIN,0.1568581158528346,0.0,0.413117848607901,75.44715004476852
RESTRAIN,300.0,False,RESTRAIN,0.20051836164917203,0.0,0.07495283474124714,43.403022552940406
RESTRAIN,300.0,False,RESTRAIN,0.1873347557832432,0.0,0.3714022996562437,25.930522988765023
RESTRAIN,300.0,True,RESTRAIN,0.28135931376984336,0.0,0.6280697728597724,293.36775373721446
RESTRAIN,300.0,False,RESTRAIN,0.17967580072989686,0.0,0.7918817896302615,168.40765510940815
RESTRAIN,300.0,False,RESTRAIN,0.1943886145981042,0.0,0.19928859475727556,143.5182806686086
RESTRAIN,300.0,False,RESTRAIN,0.2079182010226408,0.0,0.7890011134201748,187.62798791198838
RESTRAIN,300.0,False,RESTRAIN,0.24743482497089542,0.0,0.8802756563827998,211.43223694958863
RESTRAIN,300.0,False,RESTRAIN,0.2601735645925375,0.0,0.5631369990586109,317.05995930806466
RESTRAIN,300.0,False,RESTRAIN,0.14071224815683425,0.0,0.6634985150690615,123.76707276218231
RESTRAIN,300.0,False,RESTRAIN,0.1562417850695833,0.0,0.43473372289415463,67.35652421228427
RESTRAIN,300.0,False,RESTRAIN,0.2192746016545073,0.0,0.06736317879259869,312.85956927658145
RESTRAIN,300.0,False,RESTRAIN,0.18368417796922865,0.0,0.8639465085270116,173.0081346554076
RESTRAIN,300.0,False,RESTRAIN,0.24157152267577786,0.0,0.8507399462420004,208.62098227417468
RESTRAIN,300.0,False,RESTRAIN,0.17592171707123516,0.0,0.2904975183258252,56.936894928232896
RESTRAIN,300.0,False,RESTRAIN,0.2298041247056518,0.0,0.17616694393114038,310.3701072497252
RESTRAIN,300.0,False,RESTRAIN,0.21591305261383031,0.0,0.05893620883111811,337.8136340493109
RESTRAIN,300.0,False,RESTRAIN,0.1875064834549619,0.0,0.44803693191618027,161.12804342753392
RESTRAIN,300.0,False,RESTRAIN,0.19197032766582456,0.0,0.8322920411181843,7.2536456475978595
RESTRAIN,300.0,False,RESTRAIN,0.20929643811065934,0.0,0.03684723359225183,9.74011857454836
RESTRAIN,300.0,False,RESTRAIN,0.1447582086602489,0.0,0.550393052339745,108.82831902486492
RESTRAIN,300.0,False,RESTRAIN,0.19313854164135047,0.0,0.7520058024256322,177.05729573384585
RESTRAIN,300.0,False,RESTRAIN,0.1897979305581996,0.0,0.3417322519669266,155.81116119382912
RESTRAIN,300.0,False,RESTRAIN,0.22566294164955214,0.0,0.5507790983617702,204.79514938192602
RESTRAIN,300.0,False,RESTRAIN,0.158717103491679,0.0,0.3994319103811631,92.65897154830898
RESTRAIN,300.0,False,RESTRAIN,0.20002745687630552,0.0,0.058859623848609675,75.50733341149427
RESTRAIN,300.0,False,RESTRAIN,0.22042980667026146,0.0,0.4540148708618158,350.68637533449254
RESTRAIN,300.0,False,RESTRAIN,0.1990379283538496,0.0,0.08015208085916228,101.01261809635294
RESTRAIN,300.0,False,RESTRAIN,0.23646281115291956,0.0,0.6164725222994313,340.74903200402406
RESTRAIN,300.0,False,RESTRAIN,0.21581108804267723,0.0,0.2790877884371246,205.74554898627056
RESTRAIN,300.0,False,RESTRAIN,0.16634044849375396,0.0,0.7222526805280061,25.196555112717828
RESTRAIN,300.0,False,RESTRAIN,0.23354295349747056,0.0,0.5283324660252239,214.20407996710716
RESTRAIN,300.0,False,RESTRAIN,0.21604026792016373,0.0,0.8415276651994222,354.7965482464287
RESTRAIN,300.0,False,RESTRAIN,0.2806715456805212,0.0,0.6639681269313488,302.28297151895964
RESTRAIN,300.0,False,RESTRAIN,0.1328879866349142,0.0,0.6523681698727606,109.27621699805779
RESTRAIN,300.0,False,RESTRAIN,0.18774592291701675,0.0,0.2741515209762714,34.38219958700407
RESTRAIN,300.0,False,RESTRAIN,0.19280312974479885,0.0,0.39772510845450565,165.75824501238108
RESTRAIN,300.0,False,RESTRAIN,0.15609478467644877,0.0,0.6710118066239287,35.530630280333355
RESTRAIN,300.0,False,RESTRAIN,0.13221216407424496,0.0,0.6498075250137377,107.16159279291364
RESTRAIN,300.0,False,RESTRAIN,0.25011263796356964,0.0,0.62306094376196,330.5205984887655
RESTRAIN,300.0,False,RESTRAIN,0.20431513736996287,0.0,0.007155966507436895,235.27927602798079
RESTRAIN,300.0,False,RESTRAIN,0.21169819285661617,0.0,0.01558933760749317,282.0374482965493
RESTRAIN,300.0,False,RESTRAIN,0.2056004015494095,0.0,0.060720166298138166,194.61059003737404
RESTRAIN,300.0,False,RESTRAIN,0.20378303183358237,0.0,0.028425131200700473,60.52575843032685
RESTRAIN,300.0,False,RESTRAIN,0.1341685548947691,0.0,0.6955641527928361,54.14259364140249
RESTRAIN,300.0,False,RESTRAIN,0.26744191298756126,0.0,0.4922051675290069,275.67447806754876
RESTRAIN,300.0,False,RESTRAIN,0.18222053110997916,0.0,0.4544059976077994,154.55128486609973
RESTRAIN,300.0,False,RESTRAIN,0.20511915399064062,0.0,0.07703947282429223,179.99973812287533
RESTRAIN,300.0,False,RESTRAIN,0.12686663632591966,0.0,0.6971609517003178,64.4087617275466
RESTRAIN,300.0,False,RESTRAIN,0.20188644073280648,0.0,0.08355991062051564,130.20208241557762
RESTRAIN,300.0,False,RESTRAIN,0.1882899082299344,0.0,0.19963234527693413,47.602303289218
RESTRAIN,300.0,False,RESTRAIN,0.11788166225625474,0.0,0.7370182896431628,73.62870449368768
RESTRAIN,300.0,False,RESTRAIN,0.26204824572562435,0.0,0.6233194403601986,319.99912629165965
RESTRAIN,300.0,False,RESTRAIN,0.21572591995679247,0.0,0.0833519263557454,258.0076333048132
RESTRAIN,300.0,False,RESTRAIN,0.21942283537918972,0.0,0.0665046147361824,306.6965341374063
RESTRAIN,300.0,False,RESTRAIN,0.245420914020684,0.0,0.3658473067646091,314.70243765352836
RESTRAIN,300.0,False,RESTRAIN,0.23255087427891274,0.0,0.5430543766587292,212.25468366721668
RESTRAIN,300.0,False,RESTRAIN,0.18340792084450852,0.0,0.22208469782335688,109.51473724877677
RESTRAIN,300.0,False,RESTRAIN,0.19841165304634623,0.0,0.5266564477384806,177.31750326478632
RESTRAIN,300.0,False,RESTRAIN,0.20527503424742866,0.0,0.3234627342763769,6.789568704470188
RESTRAIN,300.0,False,RESTRAIN,0.2704676455359154,0.0,0.5297680677225725,294.24299836566917
RESTRAIN,300.0,True,RESTRAIN,0.28577935977432234,0.0,0.6529606606981287,288.947417783321
RESTRAIN,300.0,False,RESTRAIN,0.20140667518821231,0.0,0.7588459108629189,182.99909055878138
RESTRAIN,300.0,False,RESTRAIN,0.19444243489102409,0.0,0.1762620654363454,135.91729117443685
RESTRAIN,300.0,False,RESTRAIN,0.19838769543049184,0.0,0.07660841905194732,62.136509481453814
RESTRAIN,300.0,False,RESTRAIN,0.20201018715680885,0.0,0.106542152078286,27.21038603965788
RESTRAIN,300.0,False,RESTRAIN,0.19307282769351353,0.0,0.14884190386919846,116.98921809942858
RESTRAIN,300.0,False,RESTRAIN,0.22715722012545003,0.0,0.2919191178171353,337.4908492232875
RESTRAIN,300.0,False,RESTRAIN,0.20705863445632,0.0,0.025771995399148574,24.75200348093075
RESTRAIN,300.0,False,RESTRAIN,0.23888374530212497,0.0,0.74928479547659,341.69006785553444
RESTRAIN,300.0,False,RESTRAIN,0.2119441412901315,0.0,0.7641496114250313,190.32467204662456
RESTRAIN,300.0,False,RESTRAIN,0.17493848572617798,0.0,0.6418396825563781,158.71627379594963
RESTRAIN,300.0,False,RESTRAIN,0.17848803727886953,0.0,0.3208340518069054,44.26499114094837
RESTRAIN,300.0,False,RESTRAIN,0.1712955682520152,0.0,0.6360739457816508,25.69541166101938
RESTRAIN,300.0,False,RESTRAIN,0.21608220376058118,0.0,0.5171459549744601,196.00622723813396
RESTRAIN,300.0,False,RESTRAIN,0.23874829349909732,0.0,0.5961109703547139,215.50082545134012
RESTRAIN,300.0,False,RESTRAIN,0.20414893939419387,0.0,0.07909534984821298,156.27474915394347
RESTRAIN,300.0,False,RESTRAIN,0.11394279299875543,0.0,0.7872451036338689,103.4388874222095
RESTRAIN,300.0,False,RESTRAIN,0.2071401476136877,0.0,0.3138120383144802,4.763696219950959
RESTRAIN,300.0,False,RESTRAIN,0.17864825888291413,0.0,0.2423027609620917,96.00371272238874
RESTRAIN,300.0,False,RESTRAIN,0.2458987025286311,0.0,0.35173286422140776,257.3359885974885
RESTRAIN,300.0,False,RESTRAIN,0.21791062743644796,0.0,0.22256826794634388,218.16529581453818
RESTRAIN,300.0,False,RESTRAIN,0.11033103083751272,0.0,0.8947523775118964,56.91437113738362
RESTRAIN,300.0,True,RESTRAIN,0.27816826280764073,0.0,0.5815932138562064,285.6377608576104
RESTRAIN,300.0,False,RESTRAIN,0.1231505138403105,0.0,0.8067702245532788,53.455705296279774
RESTRAIN,300.0,True,RESTRAIN,0.30957663890710363,0.0,0.855923642105601,286.3664388457255
RESTRAIN,300.0,False,RESTRAIN,0.20534200240757772,0.0,0.5231165386068714,184.54382116474548
RESTRAIN,300.0,True,RESTRAIN,0.2883302748984581,0.0,0.7204666318940238,258.09721799495725
RESTRAIN,300.0,False,RESTRAIN,0.15302604762413663,0.0,0.8147604541189634,29.88746303619258
RESTRAIN,300.0,False,RESTRAIN,0.22338305169592332,0.0,0.13500795896978166,266.75558255295493
RESTRAIN,300.0,False,RESTRAIN,0.23432602091025012,0.0,0.24224266954803286,259.7250894029769
RESTRAIN,300.0,False,RESTRAIN,0.16584307662124764,0.0,0.36145303922379396,63.091190226188694
RESTRAIN,300.0,False,RESTRAIN,0.15205660599228144,0.0,0.5605580888142027,49.51427119827727
RESTRAIN,300.0,True,RESTRAIN,0.2900013305189416,0.0,0.6914673993235501,269.5305700984763
RESTRAIN,300.0,False,RESTRAIN,0.1887061010911365,0.0,0.3105038289142207,149.8163635480298
RESTRAIN,300.0,False,RESTRAIN,0.269883073885267,0.0,0.7584199649275432,233.16702622290651
RESTRAIN,300.0,False,RESTRAIN,0.2044650967841325,0.0,0.588924989362629,3.2583345890408744
RESTRAIN,300.0,False,RESTRAIN,0.16820637446721864,0.0,0.33481987992103807,66.11359096491687
RESTRAIN,300.0,True,RESTRAIN,0.28031612864409705,0.0,0.6126424311537295,268.5327882431552
RESTRAIN,300.0,False,RESTRAIN,0.11512480614372711,0.0,0.7668310746766471,71.5917758085971
RESTRAIN,300.0,False,RESTRAIN,0.1891777072659634,0.0,0.3023562609220259,28.901523529330934
RESTRAIN,300.0,False,RESTRAIN,0.16732798956880546,0.0,0.3482837772821906,63.03572590491159
RESTRAIN,300.0,False,RESTRAIN,0.27818924526739486,0.0,0.622650526770683,299.66455830856484
RESTRAIN,300.0,False,RESTRAIN,0.17030659054685726,0.0,0.3868399587916119,124.75101480077797
RESTRAIN,300.0,False,RESTRAIN,0.2069706132703204,0.0,0.1599011542224714,190.8271917768598
RESTRAIN,300.0,False,RESTRAIN,0.23753647865835048,0.0,0.7687493749904766,207.89852421228153
RESTRAIN,300.0,False,RESTRAIN,0.19357991486226722,0.0,0.18138999846273476,134.149926432849
RESTRAIN,300.0,False,RESTRAIN,0.1920244346016181,0.0,0.2217085101514782,33.7312793536355
RESTRAIN,300.0,False,RESTRAIN,0.11116031064555643,0.0,0.7810338993978732,92.44954912588838
RESTRAIN,300.0,False,RESTRAIN,0.145003321034343,0.0,0.5777603473993426,56.812109725505806
RESTRAIN,300.0,False,RESTRAIN,0.23923281425473442,0.0,0.388447297585229,327.42723260903284
RESTRAIN,300.0,False,RESTRAIN,0.24777875367036695,0.0,0.34362842106084357,266.43153580681593
RESTRAIN,300.0,False,RESTRAIN,0.22996932174266826,0.0,0.16491273883564342,296.2987447283088
RESTRAIN,300.0,False,RESTRAIN,0.21824686923528236,0.0,0.06112458079275745,292.409644519498
RESTRAIN,300.0,False,RESTRAIN,0.204858180725064,0.0,0.8184797565495692,0.782916762605157
RESTRAIN,300.0,False,RESTRAIN,0.2126728010627016,0.0,0.040257414916349224,269.64265355756845
RESTRAIN,300.0,False,RESTRAIN,0.20549667889129342,0.0,0.0555111246489718,173.54006110639708
RESTRAIN,300.0,True,RESTRAIN,0.28958742044612007,0.0,0.6768914425426675,278.868875379479
RESTRAIN,300.0,False,RESTRAIN,0.23326700085024143,0.0,0.8043695151988934,345.54359620434946
RESTRAIN,300.0,False,RESTRAIN,0.14716952487766577,0.0,0.6387413610501715,128.7779775008965
RESTRAIN,300.0,False,RESTRAIN,0.2173155597627947,0.0,0.21786883844836277,217.72275950631928
RESTRAIN,300.0,False,RESTRAIN,0.18086710501285275,0.0,0.2435851468441723,109.65692525004125
RESTRAIN,300.0,False,RESTRAIN,0.2767213672522054,0.0,0.8652401058138357,321.7704600529461
RESTRAIN,300.0,False,RESTRAIN,0.12972869195833092,0.0,0.6300742561814989,91.44826766103715
RESTRAIN,300.0,False,RESTRAIN,0.13432353107655304,0.0,0.7450240899459952,126.45031728073815
RESTRAIN,300.0,False,RESTRAIN,0.24564799563774964,0.0,0.4017309126226115,319.6604016733138
RESTRAIN,300.0,False,RESTRAIN,0.15280646240801699,0.0,0.6988709029526015,36.306095521767055
RESTRAIN,300.0,False,RESTRAIN,0.19102245682079455,0.0,0.8826943530487233,177.84550499067674
RESTRAIN,300.0,False,RESTRAIN,0.21948254349442886,0.0,0.3210481047530045,209.26280091006825
RESTRAIN,300.0,False,RESTRAIN,0.2174713856735211,0.0,0.28847062374303667,208.44653909284563
RESTRAIN,300.0,False,RESTRAIN,0.2035980418220099,0.0,0.03865291574246398,43.22656106791058
RESTRAIN,300.0,False,RESTRAIN,0.18616015865325497,0.0,0.6633202778660718,14.216634476802623
RESTRAIN,300.0,False,RESTRAIN,0.19502743138732714,0.0,0.2166029263986929,149.9911157410609
RESTRAIN,300.0,False,RESTRAIN,0.19857951566261256,0.0,0.22852010586236776,163.38925633589471
RESTRAIN,300.0,False,RESTRAIN,0.23669617001413934,0.0,0.5688064797641044,339.35910280531766
RESTRAIN,300.0,True,RESTRAIN,0.2873956500278523,0.0,0.6649455843778385,272.038857324828
RESTRAIN,300.0,False,RESTRAIN,0.22561385341842477,0.0,0.36672857227745975,215.50880726699057
RESTRAIN,300.0,False,RESTRAIN,0.103378861671235,0.0,0.8500875543168176,75.64089811924023
RESTRAIN,300.0,False,RESTRAIN,0.22413892176255434,0.0,0.14554055926308448,324.52154341930424
RESTRAIN,300.0,False,RESTRAIN,0.15080893892713143,0.0,0.4746149917955108,69.67004229762651
RESTRAIN,300.0,False,RESTRAIN,0.23413826516574354,0.0,0.5555966660828221,341.05508030670046
RESTRAIN,300.0,False,RESTRAIN,0.23467863754996932,0.0,0.5556431836430774,340.53675423956315
RESTRAIN,300.0,False,RESTRAIN,0.22032724100668455,0.0,0.5911662877120354,352.0411770271114
RESTRAIN,300.0,False,RESTRAIN,0.13967988749863824,0.0,0.5704949499477813,101.88673827852065
RESTRAIN,300.0,False,RESTRAIN,0.13681786544340158,0.0,0.7125323230042532,49.49481447764192
RESTRAIN,300.0,False,RESTRAIN,0.25978609233471306,0.0,0.7326738813291629,226.35998803000334
RESTRAIN,300.0,False,RESTRAIN,0.15175556095200526,0.0,0.8797057304364572,152.21997069920124
RESTRAIN,300.0,False,RESTRAIN,0.13840564205931638,0.0,0.8457285464667528,139.85977983748052
RESTRAIN,300.0,False,RESTRAIN,0.2188553923675034,0.0,0.467934762677916,200.2710265048574
RESTRAIN,300.0,False,RESTRAIN,0.2721589033327487,0.0,0.6353528119257097,248.2070961273001
RESTRAIN,300.0,False,RESTRAIN,0.17073327693924423,0.0,0.36218579621695035,119.56482839880323
RESTRAIN,300.0,False,RESTRAIN,0.14677541079781864,0.0,0.5855829456139372,120.6413869316698
RESTRAIN,300.0,False,RESTRAIN,0.20338110605688187,0.0,0.006699984281691574,219.72955094945237
RESTRAIN,300.0,False,RESTRAIN,0.1898846534325297,0.0,0.3308334219416992,25.671619577897257
RESTRAIN,300.0,True,RESTRAIN,0.29506991456369225,0.0,0.8230816522391027,251.98074783513295
RESTRAIN,300.0,True,RESTRAIN,0.2807806412802798,0.0,0.6075031248119547,287.6441545923445
RESTRAIN,300.0,False,RESTRAIN,0.2144362090808769,0.0,0.015551796116399863,316.71079932933424
RESTRAIN,300.0,False,RESTRAIN,0.26416471993089197,0.0,0.47041808580380456,271.37985438829963
RESTRAIN,300.0,False,RESTRAIN,0.20471386692510196,0.0,0.3292995244579743,182.42767290761822
RESTRAIN,300.0,False,RESTRAIN,0.27595260308350156,0.0,0.7278978953171491,314.57317477500055
RESTRAIN,300.0,False,RESTRAIN,0.20482365709593753,0.0,0.10335999506362467,176.7556203072579
RESTRAIN,300.0,True,RESTRAIN,0.2739748933770312,0.0,0.5436567247637949,283.3508950962863
RESTRAIN,300.0,False,RESTRAIN,0.17480044448889387,0.0,0.640863167832569,22.900215934457016
RESTRAIN,300.0,False,RESTRAIN,0.265849991526647,0.0,0.5359093925253978,255.25310760748832
RESTRAIN,300.0,False,RESTRAIN,0.1920326801223089,0.0,0.2469915624724518,30.276331690262758
RESTRAIN,300.0,False,RESTRAIN,0.19113582496467563,0.0,0.7138713327254967,9.973182188377052
RESTRAIN,300.0,False,RESTRAIN,0.1990386512558221,0.0,0.7142349355805298,180.80727947455466
RESTRAIN,300.0,False,RESTRAIN,0.17867947716322852,0.0,0.32483667464248484,43.00118803279459
RESTRAIN,300.0,False,RESTRAIN,0.18305263462812116,0.0,0.2400042683294734,117.04248102363402
RESTRAIN,300.0,True,RESTRAIN,0.2802332238266858,0.0,0.5975055667515359,278.72708187051757
RESTRAIN,300.0,False,RESTRAIN,0.2134416493329907,0.0,0.33103749292724327,198.1020701664175
RESTRAIN,300.0,False,RESTRAIN,0.2434905649597825,0.0,0.31081437920265215,264.0161026697808
RESTRAIN,300.0,False,RESTRAIN,0.2577139345821444,0.0,0.4055026431669974,282.0789638989051
RESTRAIN,300.0,False,RESTRAIN,0.1971601719605266,0.0,0.41228150831883165,172.8916057545222
RESTRAIN,300.0,False,RESTRAIN,0.2162604803782685,0.0,0.7466601256810936,354.8308745665061
RESTRAIN,300.0,False,RESTRAIN,0.10376963131467687,0.0,0.857537144144122,72.75441100740952
RESTRAIN,300.0,False,RESTRAIN,0.1643429078796207,0.0,0.6421166109825321,30.56726286867464
RESTRAIN,300.0,False,RESTRAIN,0.20066479611841848,0.0,0.07941097460517961,114.65464065321648
RESTRAIN,300.0,False,RESTRAIN,0.24497786305546765,0.0,0.3040064961791316,274.5035416547357
RESTRAIN,300.0,False,RESTRAIN,0.19532382355752842,0.0,0.17065230065124717,34.6464324632112
RESTRAIN,300.0,False,RESTRAIN,0.18704866445398904,0.0,0.5969385430676943,168.0267515772786
RESTRAIN,300.0,False,RESTRAIN,0.2261064191082075,0.0,0.5383266890121186,205.6834872027234
RESTRAIN,300.0,True,RESTRAIN,0.3111200454833525,0.0,0.8842087132248225,290.8668047347927
RESTRAIN,300.0,False,RESTRAIN,0.25341252023545846,0.0,0.40292676051777765,304.5219316406411
RESTRAIN,300.0,False,RESTRAIN,0.19607165483009714,0.0,0.09491274155902188,86.01641750827939
RESTRAIN,300.0,False,RESTRAIN,0.1425464364618112,0.0,0.5385540831417066,98.6741447163718
RESTRAIN,300.0,False,RESTRAIN,0.23918838278279597,0.0,0.3302496025286468,246.2271497750694
RESTRAIN,300.0,False,RESTRAIN,0.22820381575125792,0.0,0.16018554147728237,309.52044557536095
RESTRAIN,300.0,False,RESTRAIN,0.16993227917724518,0.0,0.33388978034950245,60.609062480557185
RESTRAIN,300.0,False,RESTRAIN,0.23127374913017684,0.0,0.21436530201428247,260.15021938103615
RESTRAIN,300.0,False,RESTRAIN,0.1858308010534092,0.0,0.17749127133450437,85.56167325897079
RESTRAIN,300.0,False,RESTRAIN,0.1567973728618166,0.0,0.4352762523655506,65.04001981852345
RESTRAIN,300.0,False,RESTRAIN,0.13204276378825186,0.0,0.7290096775881714,121.51970069924812
RESTRAIN,300.0,True,RESTRAIN,0.3028621997513016,0.0,0.7970982064488952,286.07616707152
RESTRAIN,300.0,False,RESTRAIN,0.23532231817620153,0.0,0.2342841617492262,267.3184139581941
RESTRAIN,300.0,False,RESTRAIN,0.19715379117969034,0.0,0.4035671529350645,172.3322091185804
RESTRAIN,300.0,True,RESTRAIN,0.291916723357978,0.0,0.7586023516575485,257.1074477017327
RESTRAIN,300.0,False,RESTRAIN,0.1424945502888919,0.0,0.8898096162772184,146.1043137402179
RESTRAIN,300.0,False,RESTRAIN,0.11381940442004335,0.0,0.7649388721061942,75.78336618295647
RESTRAIN,300.0,False,RESTRAIN,0.25811013971850183,0.0,0.44463235859740147,303.48512764477374
RESTRAIN,300.0,False,RESTRAIN,0.17228563130360652,0.0,0.7831223479923739,19.36450936278699
RESTRAIN,300.0,False,RESTRAIN,0.25814681286393526,0.0,0.635964549759757,324.36770348492973
RESTRAIN,300.0,False,RESTRAIN,0.22211133888779577,0.0,0.10216389122405328,283.9955404660846
RESTRAIN,300.0,False,RESTRAIN,0.21529638674693918,0.0,0.07572737564589449,260.48903569956354
RESTRAIN,300.0,False,RESTRAIN,0.2354315580831594,0.0,0.8426377334470306,204.88454096242984
RESTRAIN,300.0,True,RESTRAIN,0.30468979769855975,0.0,0.8319981185685481,291.60484907884677
RESTRAIN,300.0,False,RESTRAIN,0.20014774523426193,0.0,0.4125290695103766,10.159138859776405
RESTRAIN,300.0,False,RESTRAIN,0.23580521223274675,0.0,0.5956423192821351,212.76473244333852
RESTRAIN,300.0,False,RESTRAIN,0.17435499939697552,0.0,0.2743127770559778,93.97449301042926
RESTRAIN,300.0,False,RESTRAIN,0.2560430994882775,0.0,0.6312588098473735,230.13670302229886
RESTRAIN,300.0,False,RESTRAIN,0.2447202939170804,0.0,0.4015658983355501,242.90069234361204
RESTRAIN,300.0,False,RESTRAIN,0.16880385647631257,0.0,0.31363437843569164,77.30693095312269
RESTRAIN,300.0,False,RESTRAIN,0.16487102470884085,0.0,0.3965439240679702,55.73033866383988
RESTRAIN,300.0,False,RESTRAIN,0.22535532724628093,0.0,0.40999869130241995,211.4846746120418
RESTRAIN,300.0,False,RESTRAIN,0.24715185676635587,0.0,0.8484836464857783,338.60763974467295
RESTRAIN,300.0,False,RESTRAIN,0.2796288638125032,0.0,0.7964823796460592,238.84027485031027
RESTRAIN,300.0,False,RESTRAIN,0.20327011536634942,0.0,0.17499058828109976,174.297263338259
RESTRAIN,300.0,False,RESTRAIN,0.22548744296097245,0.0,0.25062113823357457,336.77614333119544
RESTRAIN,300.0,False,RESTRAIN,0.2415206752367497,0.0,0.2694373374021331,294.8098736988168
RESTRAIN,300.0,False,RESTRAIN,0.20830381762626127,0.0,0.010413428057214647,263.8076751210775
RESTRAIN,300.0,False,RESTRAIN,0.18318390199935053,0.0,0.4773872482217041,157.46120317514982
RESTRAIN,300.0,False,RESTRAIN,0.19976714078998337,0.0,0.4344224597701372,176.90182987419408
RESTRAIN,300.0,False,RESTRAIN,0.19451304682873416,0.0,0.11214246053774589,95.26313291488677
RESTRAIN,300.0,True,RESTRAIN,0.31004879878886704,0.0,0.8912137915171235,294.07787045957804
RESTRAIN,300.0,False,RESTRAIN,0.12574879005408013,0.0,0.6851567352113614,102.4791477554598
RESTRAIN,300.0,False,RESTRAIN,0.2238269277943692,0.0,0.16477808266097493,253.35020187299307
RESTRAIN,300.0,False,RESTRAIN,0.2677300944615074,0.0,0.6347982402350315,314.9856327759965
RESTRAIN,300.0,False,RESTRAIN,0.21334829832048385,0.0,0.30657023178210363,198.77946098361124
RESTRAIN,300.0,False,RESTRAIN,0.14615803978128816,0.0,0.5695628260702259,56.3432181422914
RESTRAIN,300.0,False,RESTRAIN,0.20087278270687703,0.0,0.42344180994783925,8.956763550516452
RESTRAIN,300.0,False,RESTRAIN,0.21691552895226807,0.0,0.1249720861130189,242.36605433595193
RESTRAIN,300.0,False,RESTRAIN,0.15619737868356154,0.0,0.4140780350671125,80.86855125510601
RESTRAIN,300.0,False,RESTRAIN,0.17779328975279918,0.0,0.8655184464775033,14.06412306131183
RESTRAIN,300.0,False,RESTRAIN,0.13957594467459478,0.0,0.673317488606517,123.58163472377176
RESTRAIN,300.0,False,RESTRAIN,0.23106744349385466,0.0,0.5639240123739502,209.5641704518584
RESTRAIN,300.0,False,RESTRAIN,0.22383272237469032,0.0,0.7591741858886587,198.55174341929987
RESTRAIN,300.0,False,RESTRAIN,0.12406215012900479,0.0,0.7458490227957663,60.26780392869975
RESTRAIN,300.0,False,RESTRAIN,0.252429509703998,0.0,0.7993835266711239,217.43490243221947
RESTRAIN,300.0,False,RESTRAIN,0.20236595980966476,0.0,0.09797382185605377,147.87840609313716
RESTRAIN,300.0,False,RESTRAIN,0.20417525109398338,0.0,0.11650552401873167,171.94648471046327
RESTRAIN,300.0,False,RESTRAIN,0.2749073641999773,0.0,0.719004909349187,314.79325339517897
RESTRAIN,300.0,False,RESTRAIN,0.14984042613892778,0.0,0.8958079687887642,28.270682070266417
RESTRAIN,300.0,False,RESTRAIN,0.21049631669005586,0.0,0.5062890173671681,190.03355301104355
RESTRAIN,300.0,False,RESTRAIN,0.10851549552691242,0.0,0.8678394444611556,62.50467792783639
RESTRAIN,300.0,False,RESTRAIN,0.13791729568765232,0.0,0.5965330454493756,65.79830318376901
RESTRAIN,300.0,False,RESTRAIN,0.2083380605748314,0.0,0.0767870812145881,219.7667949723653
RESTRAIN,300.0,False,RESTRAIN,0.2854566411253101,0.0,0.8336276704564899,241.09526527786923
RESTRAIN,300.0,False,RESTRAIN,0.25103424001123475,0.0,0.7552912230293336,218.24107729767198
RESTRAIN,300.0,False,RESTRAIN,0.24051772516975922,0.0,0.48226321200384803,332.45774990561335
RESTRAIN,300.0,True,RESTRAIN,0.2881261490946606,0.0,0.6695159839825382,286.07826868581907
RESTRAIN,300.0,False,RESTRAIN,0.16929715144106772,0.0,0.3163984937112826,71.49966613548315
RESTRAIN,300.0,False,RESTRAIN,0.24875448446716608,0.0,0.554202254251272,228.91104363662836
RESTRAIN,300.0,False,RESTRAIN,0.23065499567208492,0.0,0.37191543964153884,223.32243995170387
RESTRAIN,300.0,False,RESTRAIN,0.24528163807471892,0.0,0.47441989690490394,232.7489328301166
RESTRAIN,300.0,False,RESTRAIN,0.17483804441502193,0.0,0.5728977090315683,154.4688917490102
RESTRAIN,300.0,False,RESTRAIN,0.21489332498145086,0.0,0.04848250949366353,341.14347345674423
RESTRAIN,300.0,False,RESTRAIN,0.20448252102369646,0.0,0.08642109192560635,166.943078169077
RESTRAIN,300.0,False,RESTRAIN,0.21877699527230543,0.0,0.07417121372292236,284.1674749907393
RESTRAIN,300.0,False,RESTRAIN,0.19430535877303579,0.0,0.5354365185125196,173.27099007635138
RESTRAIN,300.0,False,RESTRAIN,0.25380297448263534,0.0,0.37161695603721256,283.4734900700063
RESTRAIN,300.0,False,RESTRAIN,0.17418299014983896,0.0,0.45005431311772554,142.4306928993126
RESTRAIN,300.0,False,RESTRAIN,0.20984385454106347,0.0,0.4502532978837,0.29352617466647857
RESTRAIN,300.0,False,RESTRAIN,0.20535583225018483,0.0,0.03642356890694126,179.94933037124028
RESTRAIN,300.0,False,RESTRAIN,0.2213002474676392,0.0,0.7164529843519628,197.2792067925221
RESTRAIN,300.0,False,RESTRAIN,0.15250133522767106,0.0,0.6306192006621614,41.62094062648494
RESTRAIN,300.0,False,RESTRAIN,0.26349337274457196,0.0,0.6191109271241945,239.46632500749118
RESTRAIN,300.0,False,RESTRAIN,0.2158178397064192,0.0,0.030825827715763834,307.3446465822804
RESTRAIN,300.0,False,RESTRAIN,0.26595833074708264,0.0,0.5865462912145188,312.60259326036015
RESTRAIN,300.0,False,RESTRAIN,0.17001128462457749,0.0,0.450411998407587,135.68246431827185
RESTRAIN,300.0,False,RESTRAIN,0.1601469517884393,0.0,0.6845108809628536,147.6033245796998
RESTRAIN,300.0,False,RESTRAIN,0.22139029269758137,0.0,0.0871843435827046,309.01876029919146
RESTRAIN,300.0,False,RESTRAIN,0.20919410495255797,0.0,0.672037736199279,359.3984390637074
RESTRAIN,300.0,False,RESTRAIN,0.16867944585945405,0.0,0.8655193641111815,18.93808937933386
RESTRAIN,300.0,False,RESTRAIN,0.16852514513805028,0.0,0.765887792761401,22.240948738055934
RESTRAIN,300.0,False,RESTRAIN,0.17077155922023923,0.0,0.8047535038715047,19.533346323694907
RESTRAIN,300.0,False,RESTRAIN,0.2051100304299761,0.0,0.06822081050140907,166.49324162094038
RESTRAIN,300.0,False,RESTRAIN,0.26596791428575106,0.0,0.476679114565146,282.4382079302139
RESTRAIN,300.0,False,RESTRAIN,0.19200811123976935,0.0,0.22199621455276336,33.725488104137305
RESTRAIN,300.0,False,RESTRAIN,0.25687839371767063,0.0,0.49043156806469895,248.02111441358022
RESTRAIN,300.0,False,RESTRAIN,0.1354987928737058,0.0,0.6359262535068005,61.6178665923904
RESTRAIN,300.0,False,RESTRAIN,0.18956907907506726,0.0,0.6721418076221084,11.866155180256403
RESTRAIN,300.0,False,RESTRAIN,0.25266642005749107,0.0,0.8924363714458011,214.41087016640057
RESTRAIN,300.0,False,RESTRAIN,0.2502741779952765,0.0,0.8618638425810888,213.78961435412555
RESTRAIN,300.0,False,RESTRAIN,0.1820077356047145,0.0,0.2224383300290693,101.98613238586601
RESTRAIN,300.0,False,RESTRAIN,0.1172340714916178,0.0,0.8240537632415513,116.00518406549719
RESTRAIN,300.0,False,RESTRAIN,0.1299548664774256,0.0,0.7956128883564574,127.43605588941486
RESTRAIN,300.0,False,RESTRAIN,0.24618669781510216,0.0,0.6510925753437677,334.52329881164553
RESTRAIN,300.0,False,RESTRAIN,0.23462089814347475,0.0,0.23189186384154598,311.87509233667197
RESTRAIN,300.0,False,RESTRAIN,0.20713459061687156,0.0,0.16942506557374606,189.9030905267572
RESTRAIN,300.0,False,RESTRAIN,0.22322063899799394,0.0,0.3920466196087965,346.8444712516749
RESTRAIN,300.0,False,RESTRAIN,0.2051213294778339,0.0,0.03515197312296248,209.41919168810955
RESTRAIN,300.0,False,RESTRAIN,0.18809633336984555,0.0,0.25552485273090514,36.55160919094541
RESTRAIN,300.0,False,RESTRAIN,0.2053430483255222,0.0,0.06604619954873746,175.37801465908487
RESTRAIN,300.0,False,RESTRAIN,0.24905927457429777,0.0,0.47205678209620633,322.0273590733045
RESTRAIN,300.0,False,RESTRAIN,0.2569340534767851,0.0,0.5548925229544396,238.55665307128754
RESTRAIN,300.0,False,RESTRAIN,0.21658082528812939,0.0,0.10017483149903911,342.9599625074861
RESTRAIN,300.0,False,RESTRAIN,0.21313069815344243,0.0,0.7865393566426963,191.11811643739546
RESTRAIN,300.0,False,RESTRAIN,0.21926229552418752,0.0,0.08711965068062648,328.2650167637639
RESTRAIN,300.0,False,RESTRAIN,0.2514208158784168,0.0,0.35658918731276695,275.9717183672358
RESTRAIN,300.0,False,RESTRAIN,0.26127819919110984,0.0,0.4508834704594442,296.17760321798494
RESTRAIN,300.0,False,RESTRAIN,0.21357975537185436,0.0,0.523909745920379,356.9239605379622
RESTRAIN,300.0,False,RESTRAIN,0.17573824442047004,0.0,0.2871948710826904,108.80712872779469
RESTRAIN,300.0,False,RESTRAIN,0.25286971650739065,0.0,0.6417755891541315,226.10054731355328
RESTRAIN,300.0,False,RESTRAIN,0.17010856364784954,0.0,0.3072238283603721,92.32297210332717
RESTRAIN,300.0,False,RESTRAIN,0.23522103220880042,0.0,0.22742129517041318,307.40321348213104
RESTRAIN,300.0,False,RESTRAIN,0.22473087132397107,0.0,0.4078588096822356,210.9151316648701
RESTRAIN,300.0,False,RESTRAIN,0.19532418761276849,0.0,0.10208924814194553,63.300593857271224
RESTRAIN,300.0,False,RESTRAIN,0.15162339057252416,0.0,0.8695423567133864,151.6484212124645
RESTRAIN,300.0,False,RESTRAIN,0.14984575015676938,0.0,0.4950878373381774,65.42748896265026
RESTRAIN,300.0,False,RESTRAIN,0.20284810349715154,0.0,0.12964838343890647,164.8624915920536
RESTRAIN,300.0,False,RESTRAIN,0.16294847125387735,0.0,0.7164612884017499,27.931250238755446
RESTRAIN,300.0,False,RESTRAIN,0.22739772116947055,0.0,0.648341533617152,347.501125552997
RESTRAIN,300.0,False,RESTRAIN,0.22637185876933508,0.0,0.3874559180430676,214.78225643569357
RESTRAIN,300.0,False,RESTRAIN,0.2120876344252821,0.0,0.8853315355088988,356.6383651942185
RESTRAIN,300.0,False,RESTRAIN,0.1560550794054144,0.0,0.4505535286817598,62.55605744026469
RESTRAIN,300.0,False,RESTRAIN,0.1935828140670518,0.0,0.19147637512252255,138.38958007966022
RESTRAIN,300.0,False,RESTRAIN,0.24784564398688524,0.0,0.7121299501784776,335.24608470784983
RESTRAIN,300.0,True,RESTRAIN,0.2941150791655853,0.0,0.8358681197901061,249.1073348401186
RESTRAIN,300.0,False,RESTRAIN,0.19541246580324856,0.0,0.2361357730041773,25.213619760484562
RESTRAIN,300.0,False,RESTRAIN,0.2138217158832042,0.0,0.006048814036504058,317.94658449333286
RESTRAIN,300.0,False,RESTRAIN,0.14259546640572363,0.0,0.5483520653764887,67.98068699267985
RESTRAIN,300.0,False,RESTRAIN,0.12662646130291388,0.0,0.6595020352964904,94.25194649534473
RESTRAIN,300.0,False,RESTRAIN,0.2344521996857417,0.0,0.23476932725924277,263.43171225375977
RESTRAIN,300.0,True,RESTRAIN,0.30318697773546655,0.0,0.8672904497789314,255.84885297273146
RESTRAIN,300.0,False,RESTRAIN,0.2181982683782988,0.0,0.15087352856165745,237.81409055313532
RESTRAIN,300.0,False,RESTRAIN,0.20420089965608457,0.0,0.7210410150378604,1.9462041700688104
RESTRAIN,300.0,False,RESTRAIN,0.10969044533930361,0.0,0.7886791258724906,89.77731562953389
RESTRAIN,300.0,False,RESTRAIN,0.19387683546753254,0.0,0.15379584945445632,124.16258080185835
RESTRAIN,300.0,False,RESTRAIN,0.17515183424017366,0.0,0.4512094531005523,144.1201850334789
RESTRAIN,300.0,False,RESTRAIN,0.20680046453962297,0.0,0.02524213356827634,26.61654496529264
RESTRAIN,300.0,False,RESTRAIN,0.2624572416696328,0.0,0.5777002134101464,243.13611160197928
RESTRAIN,300.0,False,RESTRAIN,0.2515634524228053,0.0,0.4918313604112623,320.8499289343439
RESTRAIN,300.0,False,RESTRAIN,0.21387592898062624,0.0,0.7004446905325318,356.2819739645942
RESTRAIN,300.0,False,RESTRAIN,0.2629181028418567,0.0,0.45114989204342015,287.27294230504185
RESTRAIN,300.0,False,RESTRAIN,0.16888432133521392,0.0,0.3184958357948965,72.93595020972646
RESTRAIN,300.0,False,RESTRAIN,0.20561301813964705,0.0,0.12300459853721267,184.06288319537617
RESTRAIN,300.0,False,RESTRAIN,0.2162201802595337,0.0,0.04596625557923705,329.6646579768778
RESTRAIN,300.0,False,RESTRAIN,0.18303359230667338,0.0,0.4759488241583723,23.974506392043523
RESTRAIN,300.0,False,RESTRAIN,0.10502516183290644,0.0,0.8269956572229654,82.19860259175299
RESTRAIN,300.0,False,RESTRAIN,0.12295814188486764,0.0,0.6894043460786745,95.30467777799306
RESTRAIN,300.0,False,RESTRAIN,0.22707824011758349,0.0,0.3538086084837957,219.44721470592202
RESTRAIN,300.0,False,RESTRAIN,0.24074271519471835,0.0,0.8853533026931066,342.54716202786204
RESTRAIN,300.0,False,RESTRAIN,0.2034387424983235,0.0,0.1656000685911629,173.73235789652577
RESTRAIN,300.0,False,RESTRAIN,0.23391650135214315,0.0,0.8978660598709659,203.00307645682003
RESTRAIN,300.0,False,RESTRAIN,0.22094572135759694,0.0,0.20712220084664232,230.3502873447107
RESTRAIN,300.0,False,RESTRAIN,0.22788444174756306,0.0,0.15139674145484514,306.55207704235124
RESTRAIN,300.0,False,RESTRAIN,0.11551615185568709,0.0,0.7724990708518942,103.07899259947408
RESTRAIN,300.0,False,RESTRAIN,0.2358626916819231,0.0,0.42196816618356225,225.4496287618097
RESTRAIN,300.0,False,RESTRAIN,0.2549755675456249,0.0,0.8026718406728073,333.10808506866954
RESTRAIN,300.0,False,RESTRAIN,0.24221493870550692,0.0,0.6732362219095444,338.01630634792957
RESTRAIN,300.0,False,RESTRAIN,0.1978240430148862,0.0,0.14105703032528433,137.7513897078181
RESTRAIN,300.0,False,RESTRAIN,0.1983517248644333,0.0,0.10973185104424792,40.24592448603775
RESTRAIN,300.0,False,RESTRAIN,0.23590387425776882,0.0,0.40208990903701997,332.7809817996351
RESTRAIN,300.0,False,RESTRAIN,0.24258954601023286,0.0,0.5053903546124004,331.54756376587557
RESTRAIN,300.0,False,RESTRAIN,0.1794677660241013,0.0,0.3808927124665093,35.00782787985003
RESTRAIN,300.0,False,RESTRAIN,0.19621985381646,0.0,0.19078988357810878,29.283617176925357
RESTRAIN,300.0,False,RESTRAIN,0.18409407582891812,0.0,0.1957773669132202,66.6497976812337
RESTRAIN,300.0,False,RESTRAIN,0.24404947538895438,0.0,0.4589181151016777,232.86560881985557
RESTRAIN,300.0,False,RESTRAIN,0.2078529160166841,0.0,0.012869424037290257,108.94366428065608
RESTRAIN,300.0,False,RESTRAIN,0.15850576761935387,0.0,0.39505335799720515,86.47178770638426
RESTRAIN,300.0,False,RESTRAIN,0.21400229531889237,0.0,0.02990256168387746,287.86688150840024
RESTRAIN,300.0,False,RESTRAIN,0.10995296220998729,0.0,0.7858214262191682,87.79951952918525
RESTRAIN,300.0,False,RESTRAIN,0.22810418605236005,0.0,0.5581004363991918,345.7502035910253
RESTRAIN,300.0,False,RESTRAIN,0.20107639553574674,0.0,0.1441695334933907,157.83774383477103
RESTRAIN,300.0,False,RESTRAIN,0.16476081558359035,0.0,0.6917100770648466,152.13383283656
RESTRAIN,300.0,False,RESTRAIN,0.23162318152636774,0.0,0.4433547026430579,339.70862660455737
RESTRAIN,300.0,False,RESTRAIN,0.16634447395345286,0.0,0.4596359888852591,43.246790427897594
RESTRAIN,300.0,False,RESTRAIN,0.18762188442274863,0.0,0.2305145539553989,41.379396045451855
RESTRAIN,300.0,False,RESTRAIN,0.1891818481804276,0.0,0.35438078689197344,156.08625307299792
RESTRAIN,300.0,False,RESTRAIN,0.2433560929320967,0.0,0.7903385338044335,211.3440658270394
RESTRAIN,300.0,False,RESTRAIN,0.2054935202465843,0.0,0.13248039355205946,182.90348412961592
RESTRAIN,300.0,False,RESTRAIN,0.23065890896090158,0.0,0.5613363886609122,343.76860707593704
RESTRAIN,300.0,False,RESTRAIN,0.21259020834814701,0.0,0.19520938783003858,357.5386178070119
RESTRAIN,300.0,False,RESTRAIN,0.19595338323796274,0.0,0.40032393312329323,14.711283271356063
RESTRAIN,300.0,False,RESTRAIN,0.15401701668238788,0.0,0.47971911530484734,59.573191082516594
RESTRAIN,300.0,False,RESTRAIN,0.20748945290362952,0.0,0.10961075776073241,199.3066895419373
RESTRAIN,300.0,False,RESTRAIN,0.21541311394532636,0.0,0.0706593080584851,342.04675153780755
RESTRAIN,300.0,False,RESTRAIN,0.15556776664594485,0.0,0.4356533226887303,100.76696378316483
RESTRAIN,300.0,False,RESTRAIN,0.1756513570742816,0.0,0.3684092735436655,132.14652074005153
RESTRAIN,300.0,False,RESTRAIN,0.10463566800796187,0.0,0.8288958361012251,83.18156285804287
RESTRAIN,300.0,False,RESTRAIN,0.22614074575869425,0.0,0.6281965752377968,348.2730613032153
RESTRAIN,300.0,False,RESTRAIN,0.1212400979444036,0.0,0.8071312996113353,55.38838591766829
RESTRAIN,300.0,False,RESTRAIN,0.23255556145647815,0.0,0.8354740815382119,203.2428072487435
RESTRAIN,300.0,False,RESTRAIN,0.20989043299227916,0.0,0.017158976113835555,8.263467919160234
RESTRAIN,300.0,False,RESTRAIN,0.2509051812593106,0.0,0.7918750286530255,216.60219139403875
RESTRAIN,300.0,False,RESTRAIN,0.13868771181526596,0.0,0.8626283629497348,141.28301696955987
RESTRAIN,300.0,False,RESTRAIN,0.219462388472196,0.0,0.4073786702208369,203.63420942563735
RESTRAIN,300.0,False,RESTRAIN,0.1713110019179055,0.0,0.5723888641308797,28.89134773900893
RESTRAIN,300.0,False,RESTRAIN,0.18610016067287616,0.0,0.3113795914012131,32.785149280114545
RESTRAIN,300.0,False,RESTRAIN,0.20165934796137497,0.0,0.08879181839312282,33.207223168428456
RESTRAIN,300.0,False,RESTRAIN,0.23713338781586746,0.0,0.23634430996615333,300.6667142043744
RESTRAIN,300.0,False,RESTRAIN,0.2148926658868352,0.0,0.07248973688663259,260.7037245641103
RESTRAIN,300.0,False,RESTRAIN,0.16638524394405274,0.0,0.4381117441801951,46.214788118758136
RESTRAIN,300.0,False,RESTRAIN,0.14265073096016434,0.0,0.588228274171946,113.77669645523929
RESTRAIN,300.0,False,RESTRAIN,0.20794973079715817,0.0,0.00470352105925318,157.11563109661284
RESTRAIN,300.0,False,RESTRAIN,0.19236426779688975,0.0,0.20597724037392495,35.508839506517866
RESTRAIN,300.0,False,RESTRAIN,0.21912316678092691,0.0,0.06639167166946484,302.39058179721235
RESTRAIN,300.0,False,RESTRAIN,0.12580453761606025,0.0,0.8691683730066173,130.65708003203895
RESTRAIN,300.0,False,RESTRAIN,0.2751745148530508,0.0,0.7228001318491087,241.376626691774
RESTRAIN,300.0,False,RESTRAIN,0.20586630911591142,0.0,0.02789011480557061,231.11121935341174
RESTRAIN,300.0,False,RESTRAIN,0.25770250440240294,0.0,0.732589075856097,329.14847733027574
RESTRAIN,300.0,True,RESTRAIN,0.29553557697597466,0.0,0.7445360947358176,267.09659431981294
RESTRAIN,300.0,False,RESTRAIN,0.18659574170786053,0.0,0.7247157831767655,12.394590337426203
RESTRAIN,300.0,False,RESTRAIN,0.12246409522555157,0.0,0.790577348896879,55.82498167480553
RESTRAIN,300.0,False,RESTRAIN,0.187898226013394,0.0,0.4215833700963154,160.15737268413721
RESTRAIN,300.0,False,RESTRAIN,0.19263786156090013,0.0,0.21547208967075046,33.48715391656977
RESTRAIN,300.0,False,RESTRAIN,0.1452588825022264,0.0,0.7834031871013825,141.0588245482189
RESTRAIN,300.0,False,RESTRAIN,0.22158940173305763,0.0,0.7511821586934557,351.86980455320366
RESTRAIN,300.0,False,RESTRAIN,0.17721759737976606,0.0,0.2472384309968679,73.96850177888916
RESTRAIN,300.0,False,RESTRAIN,0.2634442257700901,0.0,0.5226473485749349,253.70301812199665
RESTRAIN,300.0,False,RESTRAIN,0.14593883839885324,0.0,0.5012446882801693,93.57800550014744
RESTRAIN,300.0,False,RESTRAIN,0.1970386271049207,0.0,0.43877561830323625,12.298199899678082
RESTRAIN,300.0,False,RESTRAIN,0.16608414268111404,0.0,0.547751201151629,35.42684244702049
RESTRAIN,300.0,False,RESTRAIN,0.20162811440851802,0.0,0.07557270369846539,37.40216796318351
RESTRAIN,300.0,False,RESTRAIN,0.16091630711490146,0.0,0.40917942015840036,107.64508622755234
RESTRAIN,300.0,False,RESTRAIN,0.22023311511359256,0.0,0.25188472722156535,345.7981605568958
RESTRAIN,300.0,False,RESTRAIN,0.2031666955945255,0.0,0.0021353958184497147,223.43791583883058
RESTRAIN,300.0,False,RESTRAIN,0.16508411115874888,0.0,0.4672573320254298,44.27886110911952
RESTRAIN,300.0,False,RESTRAIN,0.19017122237030948,0.0,0.32823338519398304,25.29223670034799
RESTRAIN,300.0,False,RESTRAIN,0.2205946833344269,0.0,0.38811413778314235,349.47889860691083
RESTRAIN,300.0,False,RESTRAIN,0.19572901129491427,0.0,0.10021556896906451,61.690290954448244
RESTRAIN,300.0,False,RESTRAIN,0.15245414128602996,0.0,0.4550584789683031,97.3651431878505
RESTRAIN,300.0,False,RESTRAIN,0.23767920341559723,0.0,0.2431133106637532,303.00676661082036
RESTRAIN,300.0,False,RESTRAIN,0.20360794926705894,0.0,0.0005238667705356748,199.76187436677978
RESTRAIN,300.0,False,RESTRAIN,0.12060192815003623,0.0,0.7020099001952235,81.6023443698196
RESTRAIN,300.0,False,RESTRAIN,0.25823742660347826,0.0,0.5650547870667482,239.2048115392321
RESTRAIN,300.0,False,RESTRAIN,0.16651974335890307,0.0,0.4751244025856831,133.75039273071252
RESTRAIN,300.0,False,RESTRAIN,0.23065479730937977,0.0,0.5598512685513293,209.36515622847998
RESTRAIN,300.0,False,RESTRAIN,0.1863451067005394,0.0,0.29129991766406094,34.83833495738664
RESTRAIN,300.0,False,RESTRAIN,0.22266796445507941,0.0,0.1107330329391877,316.87186045985834
RESTRAIN,300.0,False,RESTRAIN,0.22217927059175302,0.0,0.3212343174491647,214.37148382677788
RESTRAIN,300.0,False,RESTRAIN,0.20506936720517766,0.0,0.7099906713589261,1.5606095746633741
RESTRAIN,300.0,False,RESTRAIN,0.22199476729828516,0.0,0.5474394281011136,201.2674759999474
RESTRAIN,300.0,False,RESTRAIN,0.14114574857941564,0.0,0.7121184739088489,130.3460328441027
RESTRAIN,300.0,False,RESTRAIN,0.2668432649883852,0.0,0.8120533602801836,325.9888129263569
RESTRAIN,300.0,False,RESTRAIN,0.18507270199838732,0.0,0.22469163835090222,49.877920520785814
RESTRAIN,300.0,False,RESTRAIN,0.1205800769865275,0.0,0.8229851574330416,120.13697034160889
RESTRAIN,300.0,True,RESTRAIN,0.2797390318814943,0.0,0.5963391282331423,275.2352369563927
RESTRAIN,300.0,False,RESTRAIN,0.14492893504981785,0.0,0.5047003758523196,81.084083325609
RESTRAIN,300.0,False,RESTRAIN,0.15777128972817522,0.0,0.4528885680286068,112.73575186552087
RESTRAIN,300.0,False,RESTRAIN,0.2593521628511316,0.0,0.4218481882495212,277.64705566278525
RESTRAIN,300.0,False,RESTRAIN,0.213543009932619,0.0,0.0665081379191103,256.4392330988092
RESTRAIN,300.0,False,RESTRAIN,0.20490620773790658,0.0,0.04917638600908032,129.48570670089765
RESTRAIN,300.0,False,RESTRAIN,0.19804129893385503,0.0,0.2978777407349606,168.2691635337955
RESTRAIN,300.0,False,RESTRAIN,0.20976673034466442,0.0,0.18319959725263169,198.84650165975003
RESTRAIN,300.0,False,RESTRAIN,0.21978974288395114,0.0,0.07795038987744811,319.66489488658124
RESTRAIN,300.0,False,RESTRAIN,0.20600016398577747,0.0,0.021993541179758803,238.14216225259628
RESTRAIN,300.0,False,RESTRAIN,0.25046086652636335,0.0,0.8805491103312242,213.29958283831178
RESTRAIN,300.0,False,RESTRAIN,0.23282510729571948,0.0,0.19088457720946106,291.9377045829194
RESTRAIN,300.0,False,RESTRAIN,0.10531873700153516,0.0,0.886220898690063,109.55781325640213
RESTRAIN,300.0,False,RESTRAIN,0.18427971230927698,0.0,0.49005150894183136,159.83073628194813
RESTRAIN,300.0,False,RESTRAIN,0.2230723731879184,0.0,0.1726492598602408,247.19545555368128
RESTRAIN,300.0,False,RESTRAIN,0.19981836633632832,0.0,0.13077099981380705,145.39571695205916
RESTRAIN,300.0,False,RESTRAIN,0.20271924998712176,0.0,0.18072410750181217,172.46870204621922
RESTRAIN,300.0,False,RESTRAIN,0.1714909029564744,0.0,0.3274001090830548,57.7381668523642
RESTRAIN,300.0,False,RESTRAIN,0.21568071002928424,0.0,0.1844923718152481,219.60803191848035
RESTRAIN,300.0,False,RESTRAIN,0.2654794426844366,0.0,0.7452193250670139,230.48451536268695
RESTRAIN,300.0,False,RESTRAIN,0.24497702073766492,0.0,0.3303288484755696,308.2268389037606
RESTRAIN,300.0,False,RESTRAIN,0.17612645338921928,0.0,0.47425069961457456,30.747872518594246
RESTRAIN,300.0,False,RESTRAIN,0.24611467127230502,0.0,0.4511077902323332,323.8486183519711
RESTRAIN,300.0,False,RESTRAIN,0.16752506157398295,0.0,0.5935834650997099,30.934435287447663
RESTRAIN,300.0,True,RESTRAIN,0.3139096984988732,0.0,0.897661314303834,268.3073506942806
RESTRAIN,300.0,False,RESTRAIN,0.22509730987516585,0.0,0.39920661722306516,212.04591526720708
RESTRAIN,300.0,False,RESTRAIN,0.1885075639603725,0.0,0.29038509430392795,146.18282078595465
RESTRAIN,300.0,False,RESTRAIN,0.259543992413778,0.0,0.8766688433512405,332.4518121056095
RESTRAIN,300.0,False,RESTRAIN,0.16869846501490715,0.0,0.8978603875121117,164.3648683822115
RESTRAIN,300.0,False,RESTRAIN,0.19302901223385915,0.0,0.7028394653383018,8.909046946433792
RESTRAIN,300.0,False,RESTRAIN,0.207761643502949,0.0,0.717902904257231,187.41187718345594
RESTRAIN,300.0,False,RESTRAIN,0.21044260481254629,0.0,0.36659174529321337,191.68499328026232
RESTRAIN,300.0,False,RESTRAIN,0.2649965961722992,0.0,0.48501205032017397,267.97483437553433
RESTRAIN,300.0,False,RESTRAIN,0.1792063141827802,0.0,0.3166298975360163,128.96954580887495
RESTRAIN,300.0,False,RESTRAIN,0.17512336337639256,0.0,0.5569669835622459,26.616947140863246
RESTRAIN,300.0,False,RESTRAIN,0.13386669720322542,0.0,0.7431656266744465,125.80813575697032
RESTRAIN,300.0,False,RESTRAIN,0.22470361394470328,0.0,0.33665940862281846,216.94005552720648
RESTRAIN,300.0,False,RESTRAIN,0.21544873952565224,0.0,0.4816739803754501,196.11098311570123
RESTRAIN,300.0,False,RESTRAIN,0.2822900341759187,0.0,0.6974729541958166,304.9174632030274
RESTRAIN,300.0,False,RESTRAIN,0.18533027101819166,0.0,0.18797650281370742,97.2728650912225
RESTRAIN,300.0,False,RESTRAIN,0.2256996896350486,0.0,0.5493304266748422,204.93478221399704
RESTRAIN,300.0,False,RESTRAIN,0.22223837287944004,0.0,0.6981821676567856,351.2119317000132
RESTRAIN,300.0,False,RESTRAIN,0.20414569135893768,0.0,0.046933069670883176,112.91879958666394
RESTRAIN,300.0,False,RESTRAIN,0.19647506458532504,0.0,0.22833998823119328,156.9960385965579
RESTRAIN,300.0,False,RESTRAIN,0.21134314064111848,0.0,0.02273185087480375,357.9207391547013
RESTRAIN,300.0,False,RESTRAIN,0.20620189550467916,0.0,0.005771609495833241,51.98682436524451
RESTRAIN,300.0,False,RESTRAIN,0.2225402344783617,0.0,0.42985543549754196,206.49193587140186
RESTRAIN,300.0,False,RESTRAIN,0.1514341191947327,0.0,0.6306070466245776,133.3256713916223
RESTRAIN,300.0,False,RESTRAIN,0.1964295495919982,0.0,0.34473545535149636,16.611259887030805
RESTRAIN,300.0,True,RESTRAIN,0.27513721686263026,0.0,0.5589787665785437,273.88182014937894
RESTRAIN,300.0,False,RESTRAIN,0.18653223103144168,0.0,0.1723380010326446,71.57944446608612
RESTRAIN,300.0,False,RESTRAIN,0.27004850262386226,0.0,0.7527821622023358,321.14007521953994
RESTRAIN,300.0,False,RESTRAIN,0.18801173921259995,0.0,0.3263315998141838,150.4255352696454
RESTRAIN,300.0,False,RESTRAIN,0.14208498179260542,0.0,0.6364867364764472,52.06511892167859
RESTRAIN,300.0,False,RESTRAIN,0.1934685410376854,0.0,0.11694787591776898,88.56528733155278
RESTRAIN,300.0,False,RESTRAIN,0.2898572974159298,0.0,0.7362972539815543,299.83396993313727
RESTRAIN,300.0,False,RESTRAIN,0.1678319609783263,0.0,0.466254079692602,134.59660652946303
RESTRAIN,300.0,False,RESTRAIN,0.09959932044465691,0.0,0.873241287185423,92.25615988154792
RESTRAIN,300.0,False,RESTRAIN,0.16261262830555767,0.0,0.36483376948028473,89.62063861354343
RESTRAIN,300.0,False,RESTRAIN,0.24112966644853517,0.0,0.7856996119060551,209.94839218437477
RESTRAIN,300.0,False,RESTRAIN,0.16222534717757897,0.0,0.3708895294953477,92.45677152386457
RESTRAIN,300.0,False,RESTRAIN,0.21789484910713752,0.0,0.09710309785446618,336.7198796816948
RESTRAIN,300.0,False,RESTRAIN,0.18298955187928267,0.0,0.6188709631639315,17.77231794741324
RESTRAIN,300.0,False,RESTRAIN,0.18945569675114715,0.0,0.1646694318720279,56.107769726129256
RESTRAIN,300.0,False,RESTRAIN,0.16539080010385865,0.0,0.7198670569516058,154.424458946697
RESTRAIN,300.0,False,RESTRAIN,0.1706918590894515,0.0,0.30137780960007704,74.97945765993083
RESTRAIN,300.0,True,RESTRAIN,0.2901864385909788,0.0,0.6807821345670636,280.30385053628964
RESTRAIN,300.0,False,RESTRAIN,0.24010724608701584,0.0,0.43329626596904797,329.95528521565166
RESTRAIN,300.0,False,RESTRAIN,0.2326844083609787,0.0,0.4833045068161567,216.06670681659293
RESTRAIN,300.0,False,RESTRAIN,0.2767627712980901,0.0,0.6611685308556732,307.44694381978246
RESTRAIN,300.0,True,RESTRAIN,0.2795840238956866,0.0,0.598550193690129,288.21108354477093
RESTRAIN,300.0,False,RESTRAIN,0.14258568643349046,0.0,0.5977937139751288,57.10567220336642
RESTRAIN,300.0,False,RESTRAIN,0.17101420823730162,0.0,0.593050618372855,28.133479340652944
RESTRAIN,300.0,False,RESTRAIN,0.2445136653427994,0.0,0.5267429818082694,226.45178875099552
RESTRAIN,300.0,False,RESTRAIN,0.2183466142112439,0.0,0.7264599708765743,353.70859237677405
RESTRAIN,300.0,False,RESTRAIN,0.2410834877843715,0.0,0.27001808011629647,299.48675926637736
RESTRAIN,300.0,False,RESTRAIN,0.21504637572668495,0.0,0.16340757215564325,221.86795466961794
RESTRAIN,300.0,False,RESTRAIN,0.15163297370664275,0.0,0.6616440467868077,39.93960186796465
RESTRAIN,300.0,False,RESTRAIN,0.26700034716740395,0.0,0.48584585019512944,280.69650839491896
RESTRAIN,300.0,False,RESTRAIN,0.28839630954977413,0.0,0.810550463882946,245.8689503148803
RESTRAIN,300.0,False,RESTRAIN,0.25235186313993385,0.0,0.86857686147921,336.197043244918
RESTRAIN,300.0,True,RESTRAIN,0.29314652327683854,0.0,0.7804206053668061,255.3865241894277
RESTRAIN,300.0,False,RESTRAIN,0.16869476846687648,0.0,0.4928030513696156,37.27029516083014
RESTRAIN,300.0,False,RESTRAIN,0.24773406883076476,0.0,0.6787124958521363,219.31042614489658
RESTRAIN,300.0,False,RESTRAIN,0.18740300118065212,0.0,0.3008997872443914,145.35432765240165
RESTRAIN,300.0,False,RESTRAIN,0.2078667257091843,0.0,0.013285303733101272,151.6976635407507
RESTRAIN,300.0,False,RESTRAIN,0.25933658436698503,0.0,0.7024228236885572,227.86323127083602
RESTRAIN,300.0,False,RESTRAIN,0.26301888159866094,0.0,0.7033481155095235,323.88080378984074
RESTRAIN,300.0,False,RESTRAIN,0.20923697361413596,0.0,0.007234627967742236,273.5210761661344
RESTRAIN,300.0,False,RESTRAIN,0.19243912923227402,0.0,0.7772374842706492,8.029179025278964
RESTRAIN,300.0,False,RESTRAIN,0.12512749581867189,0.0,0.7932947079882633,52.91962208447793
RESTRAIN,300.0,False,RESTRAIN,0.18260555279481072,0.0,0.28858088921020963,130.74764770267393
RESTRAIN,300.0,False,RESTRAIN,0.20617600973614936,0.0,0.015521619333491554,246.4882929025692
RESTRAIN,300.0,False,RESTRAIN,0.26629155864137755,0.0,0.7884183976810004,228.31008645865654
RESTRAIN,300.0,False,RESTRAIN,0.20541742896415538,0.0,0.0634662535147505,181.32738842549384
RESTRAIN,300.0,False,RESTRAIN,0.19672210675814172,0.0,0.20898396265071065,154.84789302418469
RESTRAIN,300.0,False,RESTRAIN,0.2672814398918797,0.0,0.4883169923828727,284.24300584634625
RESTRAIN,300.0,False,RESTRAIN,0.15229911581648548,0.0,0.7348811026070164,34.45091422542655
RESTRAIN,300.0,False,RESTRAIN,0.24282139696822758,0.0,0.7036357598830004,214.21407315521185
RESTRAIN,300.0,True,RESTRAIN,0.28064286423315477,0.0,0.6130587297964748,291.057503195122
RESTRAIN,300.0,False,RESTRAIN,0.1169477426230886,0.0,0.7458076609798568,98.06632156583863
RESTRAIN,300.0,False,RESTRAIN,0.13285898887695102,0.0,0.6168882619847738,72.8104866036083
RESTRAIN,300.0,False,RESTRAIN,0.26171353630837635,0.0,0.5739200143192716,242.4454892713426
RESTRAIN,300.0,False,RESTRAIN,0.18977332638204558,0.0,0.15092822762821254,63.227084739480574
RESTRAIN,300.0,False,RESTRAIN,0.19972053479313912,0.0,0.39592951929080045,175.7600180139051
RESTRAIN,300.0,False,RESTRAIN,0.23673379080212664,0.0,0.40624405488593285,332.21776357230027
RESTRAIN,300.0,False,RESTRAIN,0.20783256198734246,0.0,0.01664853577732206,21.847437329174433
RESTRAIN,300.0,False,RESTRAIN,0.2378787736069421,0.0,0.36496712651253294,327.293991002741
RESTRAIN,300.0,False,RESTRAIN,0.18289275347947265,0.0,0.20437994831057169,68.53097185509903
RESTRAIN,300.0,False,RESTRAIN,0.20504739481030843,0.0,0.08070098431155467,173.64498076672368
RESTRAIN,300.0,False,RESTRAIN,0.16029330997779534,0.0,0.49168884876707586,47.60262695241556
RESTRAIN,300.0,False,RESTRAIN,0.22967276047040386,0.0,0.21331056112671876,255.55276327127493
RESTRAIN,300.0,False,RESTRAIN,0.21168844416859522,0.0,0.17134044444353605,359.19851432557755
RESTRAIN,300.0,False,RESTRAIN,0.12606660916385426,0.0,0.7081155920508997,108.7556909024949
RESTRAIN,300.0,False,RESTRAIN,0.2519823457787903,0.0,0.7290838972744258,332.88998991025875
RESTRAIN,300.0,True,RESTRAIN,0.27600180535795105,0.0,0.5947712272012556,262.78720595588663
RESTRAIN,300.0,False,RESTRAIN,0.2170093247903463,0.0,0.17070191285843375,347.55234789956336
RESTRAIN,300.0,False,RESTRAIN,0.26083636155181655,0.0,0.5694241349957591,241.84632987493003
RESTRAIN,300.0,False,RESTRAIN,0.27094723801906806,0.0,0.6419901776091532,245.5220417426676
RESTRAIN,300.0,False,RESTRAIN,0.22219476428209484,0.0,0.20997888917776772,339.7477295302742
RESTRAIN,300.0,False,RESTRAIN,0.22070471139464198,0.0,0.11964915904336636,261.8692379996742
RESTRAIN,300.0,False,RESTRAIN,0.2520364372861522,0.0,0.39017465655074285,305.0827667931746
RESTRAIN,300.0,False,RESTRAIN,0.1626056332260053,0.0,0.38187621939593436,102.44612496497237
RESTRAIN,300.0,False,RESTRAIN,0.1916029360378667,0.0,0.13797271392479168,60.79736214893841
RESTRAIN,300.0,False,RESTRAIN,0.21800554124215832,0.0,0.17254344674154343,230.41997343770302
RESTRAIN,300.0,False,RESTRAIN,0.15224992256963665,0.0,0.44965548462526106,90.93870305266283
RESTRAIN,300.0,False,RESTRAIN,0.1810316940093447,0.0,0.4746804198207049,154.74217558618304
RESTRAIN,300.0,False,RESTRAIN,0.2596463220169173,0.0,0.48407274754394514,308.0090523152579
RESTRAIN,300.0,False,RESTRAIN,0.2718924807462555,0.0,0.8838302201201546,227.18886125702448
RESTRAIN,300.0,False,RESTRAIN,0.21444757851766472,0.0,0.035647188819164226,339.79591800995314
RESTRAIN,300.0,False,RESTRAIN,0.1391001697773936,0.0,0.7076614330336961,127.69682821456772
RESTRAIN,300.0,False,RESTRAIN,0.17024707763370417,0.0,0.3166272037030076,101.02391460996556
RESTRAIN,300.0,False,RESTRAIN,0.12433193308900226,0.0,0.6776166686840728,76.93697911527848
RESTRAIN,300.0,False,RESTRAIN,0.22162490427570036,0.0,0.6618961116271823,351.49276010767994
RESTRAIN,300.0,False,RESTRAIN,0.1758763279451815,0.0,0.5578608228515245,154.669631564293
RESTRAIN,300.0,False,RESTRAIN,0.2461222943474184,0.0,0.5680387583193768,331.2282898973066
RESTRAIN,300.0,False,RESTRAIN,0.1478257424895466,0.0,0.5972369014910851,124.16751475290025
RESTRAIN,300.0,False,RESTRAIN,0.12787818651968708,0.0,0.6728416431244955,103.58172361871135
RESTRAIN,300.0,False,RESTRAIN,0.2231932655865274,0.0,0.11845801780672147,277.50051293965936
RESTRAIN,300.0,False,RESTRAIN,0.22697120168290708,0.0,0.3247549637635455,222.5027833653668
RESTRAIN,300.0,False,RESTRAIN,0.20970391321718107,0.0,0.7578077686945593,188.8786581362666
RESTRAIN,300.0,False,RESTRAIN,0.18289866688018652,0.0,0.4930957518553899,158.4793255338244
RESTRAIN,300.0,False,RESTRAIN,0.20344477511215686,0.0,0.1232421436455355,167.91631861968082
RESTRAIN,300.0,False,RESTRAIN,0.3024869728069294,0.0,0.8654838482582762,300.40167652542084
RESTRAIN,300.0,False,RESTRAIN,0.11272052641940444,0.0,0.889052831010351,55.12073938249918
RESTRAIN,300.0,False,RESTRAIN,0.1896864554143154,0.0,0.46140949106654644,18.37502550889659
RESTRAIN,300.0,False,RESTRAIN,0.20747408705969594,0.0,0.47987466302168,2.1416388789455443
RESTRAIN,300.0,False,RESTRAIN,0.20301371690415837,0.0,0.262821607804423,178.20102647967846
RESTRAIN,300.0,False,RESTRAIN,0.26320742350212234,0.0,0.4645456438835011,294.48141315981337
RESTRAIN,300.0,False,RESTRAIN,0.2897292132544069,0.0,0.8719063190783952,241.54921194996217
RESTRAIN,300.0,False,RESTRAIN,0.21316610202613395,0.0,0.22911192394880703,356.56163046666177
RESTRAIN,300.0,False,RESTRAIN,0.22176447478172379,0.0,0.2741551773144794,219.58755516316532
RESTRAIN,300.0,False,RESTRAIN,0.20111115714333017,0.0,0.8077509289569065,183.27335000121334
RESTRAIN,300.0,False,RESTRAIN,0.22077942873003975,0.0,0.34595575811376084,209.38430070186462
RESTRAIN,300.0,False,RESTRAIN,0.2837072103638769,0.0,0.8752745719224269,317.5822557318951
RESTRAIN,300.0,False,RESTRAIN,0.20655206901842005,0.0,0.31462973624884333,5.269931116995932
RESTRAIN,300.0,False,RESTRAIN,0.20694975589692943,0.0,0.0041690917288432555,167.9400226878473
RESTRAIN,300.0,False,RESTRAIN,0.14755576715497631,0.0,0.8583532237644989,148.02121652273746
RESTRAIN,300.0,False,RESTRAIN,0.22061056648462485,0.0,0.21328952699472217,343.19435441778506
RESTRAIN,300.0,False,RESTRAIN,0.13389968272563635,0.0,0.6247084338864018,67.41335982414691
RESTRAIN,300.0,False,RESTRAIN,0.20914521233675898,0.0,0.04264518397637853,9.196731398632071
RESTRAIN,300.0,False,RESTRAIN,0.2566106475547639,0.0,0.6734276231670127,227.40538199679685
RESTRAIN,300.0,False,RESTRAIN,0.21838769496742294,0.0,0.19806210063726762,225.00681760968513
RESTRAIN,300.0,False,RESTRAIN,0.1281947069952063,0.0,0.7202261799514872,114.9617782079941
RESTRAIN,300.0,False,RESTRAIN,0.2185932330098701,0.0,0.8699399935911858,194.3100722149211
RESTRAIN,300.0,False,RESTRAIN,0.2056441770984444,0.0,0.040703783712387254,214.80306414271507
RESTRAIN,300.0,False,RESTRAIN,0.1770162555344914,0.0,0.3311928656924248,127.09414000523701
RESTRAIN,300.0,False,RESTRAIN,0.16706944540550472,0.0,0.6442006623755697,151.38423633454235
RESTRAIN,300.0,False,RESTRAIN,0.11630149542333246,0.0,0.8967917306810329,51.04709116814616
RESTRAIN,300.0,False,RESTRAIN,0.24800887085404033,0.0,0.3267402462180641,277.56899992982045
RESTRAIN,300.0,False,RESTRAIN,0.1342218297023704,0.0,0.8954818176582303,140.10534650712233
RESTRAIN,300.0,False,RESTRAIN,0.2730065886010241,0.0,0.8092665347669901,232.3801411604487
RESTRAIN,300.0,False,RESTRAIN,0.1692583378108884,0.0,0.6473806511029347,153.5867370570568
RESTRAIN,300.0,False,RESTRAIN,0.16965212563709675,0.0,0.34370714169100924,58.41205157726459
RESTRAIN,300.0,False,RESTRAIN,0.25839106126131317,0.0,0.4832235440097305,252.23029641793568
RESTRAIN,300.0,False,RESTRAIN,0.1657835909953228,0.0,0.6483120924832706,150.24119014687474
RESTRAIN,300.0,False,RESTRAIN,0.13489965900028733,0.0,0.617155969171392,66.7278062945511
RESTRAIN,300.0,False,RESTRAIN,0.2264501971527657,0.0,0.2595600270436487,336.05900842786536
RESTRAIN,300.0,False,RESTRAIN,0.2516910474529245,0.0,0.5014958156682547,321.59501585981315
RESTRAIN,300.0,True,RESTRAIN,0.2939789339222668,0.0,0.7515222931850883,261.77696871231745
RESTRAIN,300.0,False,RESTRAIN,0.22308135528948525,0.0,0.4275680369016004,207.3821826889477
RESTRAIN,300.0,False,RESTRAIN,0.24194324820613722,0.0,0.5096185132359264,225.06811656311513
RESTRAIN,300.0,False,RESTRAIN,0.18140762953452771,0.0,0.2947811892968895,129.67454503103076
RESTRAIN,300.0,False,RESTRAIN,0.1906749503438857,0.0,0.14409239338624621,94.6620198318634
RESTRAIN,300.0,False,RESTRAIN,0.20668811570581924,0.0,0.059381664845410354,213.14304522204688
RESTRAIN,300.0,False,RESTRAIN,0.2503283331072944,0.0,0.365450023842415,266.4028412804158
RESTRAIN,300.0,False,RESTRAIN,0.19830494554709843,0.0,0.5685928461563713,178.25151400555924
RESTRAIN,300.0,False,RESTRAIN,0.263598362116246,0.0,0.6840127017220143,322.39711986124706
RESTRAIN,300.0,False,RESTRAIN,0.2034135280935846,0.0,0.07564890791892623,139.82628717587852
RESTRAIN,300.0,False,RESTRAIN,0.18457107766759984,0.0,0.2866390021501552,135.52996833885112
RESTRAIN,300.0,False,RESTRAIN,0.16338866444756883,0.0,0.7271147800279023,153.18756149243114
RESTRAIN,300.0,False,RESTRAIN,0.21672913610981015,0.0,0.10102981681226532,253.51149566145952
RESTRAIN,300.0,False,RESTRAIN,0.18496432622400738,0.0,0.8939524839477966,9.884228991072348
RESTRAIN,300.0,False,RESTRAIN,0.15307021010594812,0.0,0.5694197861457062,127.37141232605563
RESTRAIN,300.0,True,RESTRAIN,0.30766690905668226,0.0,0.846015838487406,267.4508164111596
RESTRAIN,300.0,False,RESTRAIN,0.22302412230425728,0.0,0.6572531009219148,199.71556776448844
RESTRAIN,300.0,False,RESTRAIN,0.1087671471999705,0.0,0.8674899723438227,111.55634586448198
RESTRAIN,300.0,False,RESTRAIN,0.2591923353487533,0.0,0.598799534228992,236.41875390995187
RESTRAIN,300.0,False,RESTRAIN,0.2310736588824951,0.0,0.24126883635898752,324.4074191015701
RESTRAIN,300.0,False,RESTRAIN,0.2001088871691078,0.0,0.7202445559293623,181.84552068375618
RESTRAIN,300.0,False,RESTRAIN,0.23129829448855144,0.0,0.20346279458633962,266.12469267802686
RESTRAIN,300.0,False,RESTRAIN,0.14627755592147929,0.0,0.508505198348621,71.42961876436175
RESTRAIN,300.0,False,RESTRAIN,0.1978661467058116,0.0,0.3357369587107889,170.27813443247265
RESTRAIN,300.0,False,RESTRAIN,0.1227685553687089,0.0,0.71919760180938,104.86551743872533
RESTRAIN,300.0,False,RESTRAIN,0.21232095316049193,0.0,0.6835408391444957,357.40409217930903
RESTRAIN,300.0,False,RESTRAIN,0.11165928885448007,0.0,0.7775048717555894,78.7440527136084
RESTRAIN,300.0,False,RESTRAIN,0.2220895155592011,0.0,0.22225255193331026,341.06785512933106
RESTRAIN,300.0,False,RESTRAIN,0.14330982753828214,0.0,0.8978007091750044,147.13948539190758
RESTRAIN,300.0,False,RESTRAIN,0.1969414698316735,0.0,0.7248336628448095,179.40551573113518
RESTRAIN,300.0,False,RESTRAIN,0.20825847799432118,0.0,0.34803287245584374,188.60106242701207
RESTRAIN,300.0,False,RESTRAIN,0.19370221643460384,0.0,0.11489736921280555,87.05131638094183
RESTRAIN,300.0,False,RESTRAIN,0.1686752769212645,0.0,0.314482984605027,86.01720725788934
RESTRAIN,300.0,False,RESTRAIN,0.2012823321836622,0.0,0.09556420617913912,135.3721640023577
RESTRAIN,300.0,True,RESTRAIN,0.2731553943982469,0.0,0.5538349653213612,268.272307151469
RESTRAIN,300.0,False,RESTRAIN,0.21653454913605008,0.0,0.10163015586946587,252.27780812596347
RESTRAIN,300.0,False,RESTRAIN,0.2114952198232709,0.0,0.38746136682936644,359.13797018915363
RESTRAIN,300.0,False,RESTRAIN,0.1660283322058368,0.0,0.6008107082447589,31.815843945984888
RESTRAIN,300.0,False,RESTRAIN,0.2570175516797072,0.0,0.4077635965900033,273.3466959279414
RESTRAIN,300.0,False,RESTRAIN,0.11237438257694099,0.0,0.7934855693267415,70.17630153598485
RESTRAIN,300.0,False,RESTRAIN,0.205643864893154,0.0,0.21689330245104077,183.96731883371265
RESTRAIN,300.0,False,RESTRAIN,0.15089013210932445,0.0,0.4715028061211162,70.697461158342
RESTRAIN,300.0,False,RESTRAIN,0.24922838454874074,0.0,0.8218626907896205,336.9960704427113
RESTRAIN,300.0,False,RESTRAIN,0.2048817122935771,0.0,0.3178798300283553,182.58969893184417
RESTRAIN,300.0,False,RESTRAIN,0.1940433276820176,0.0,0.4254385413476125,169.02298587356916
RESTRAIN,300.0,False,RESTRAIN,0.11168470434996436,0.0,0.8395602551493447,110.66444140571346
RESTRAIN,300.0,False,RESTRAIN,0.18771862712606868,0.0,0.44938225305157337,161.62326900263935
RESTRAIN,300.0,False,RESTRAIN,0.1414962697798986,0.0,0.7778169536714773,39.851205439257726
RESTRAIN,300.0,False,RESTRAIN,0.2923701645942093,0.0,0.8464143082546829,246.30818665060335
RESTRAIN,300.0,False,RESTRAIN,0.21352603742196818,0.0,0.23049209023167236,205.44025716397292
RESTRAIN,300.0,False,RESTRAIN,0.15264586045215855,0.0,0.7072566928494245,35.84281474784711
RESTRAIN,300.0,False,RESTRAIN,0.1613407954302809,0.0,0.5883794752291182,36.85571353688821
RESTRAIN,300.0,False,RESTRAIN,0.1027612888695254,0.0,0.8880472565536182,105.46640655144208
RESTRAIN,300.0,False,RESTRAIN,0.19184268286894002,0.0,0.5270137622539998,170.31862116352968
RESTRAIN,300.0,False,RESTRAIN,0.11938387621242774,0.0,0.7134993954142876,80.16026974577903
RESTRAIN,300.0,False,RESTRAIN,0.17778500469742742,0.0,0.3111237160276303,47.28023549308738
RESTRAIN,300.0,False,RESTRAIN,0.16699073726623181,0.0,0.5457523313157591,34.682967155658474
RESTRAIN,300.0,False,RESTRAIN,0.1272884788753481,0.0,0.7007223094463334,109.83865593145478
RESTRAIN,300.0,False,RESTRAIN,0.2700447310798707,0.0,0.870222006248377,226.66032859368127
RESTRAIN,300.0,False,RESTRAIN,0.22776799243211687,0.0,0.226656810872504,244.21151084503956
RESTRAIN,300.0,False,RESTRAIN,0.20037453265677896,0.0,0.07100530289009245,101.83229925041339
RESTRAIN,300.0,False,RESTRAIN,0.16087773141067552,0.0,0.8786742399062402,158.60923431417822
RESTRAIN,300.0,False,RESTRAIN,0.2455753963205939,0.0,0.542377491640446,226.2455565138512
RESTRAIN,300.0,False,RESTRAIN,0.20803676442886132,0.0,0.015525772847566833,129.61600808476896
RESTRAIN,300.0,False,RESTRAIN,0.21886913995376212,0.0,0.4679905801194739,352.29917611980306
RESTRAIN,300.0,True,RESTRAIN,0.2950733213001028,0.0,0.8424389604206878,249.38233442132557
RESTRAIN,300.0,False,RESTRAIN,0.24238756392991678,0.0,0.8859822194085035,208.2317560133741
RESTRAIN,300.0,False,RESTRAIN,0.2033765162446094,0.0,0.29314004800681887,179.2456720397961
RESTRAIN,300.0,False,RESTRAIN,0.1943550441031172,0.0,0.7037181877692549,177.100798702124
RESTRAIN,300.0,False,RESTRAIN,0.15973264879973859,0.0,0.4128287015710833,105.02215860513263
RESTRAIN,300.0,False,RESTRAIN,0.18662834134681006,0.0,0.3582088119584019,27.80682557122677
RESTRAIN,300.0,False,RESTRAIN,0.2831370854136698,0.0,0.6823740964941618,301.6490186507089
RESTRAIN,300.0,False,RESTRAIN,0.23042746040521023,0.0,0.24297083074495845,325.94790203238665
RESTRAIN,300.0,False,RESTRAIN,0.21922105695830085,0.0,0.3837395571613,350.8234430404757
RESTRAIN,300.0,False,RESTRAIN,0.19322106705447173,0.0,0.22187862281020124,145.43067829761426
RESTRAIN,300.0,False,RESTRAIN,0.21835471080098245,0.0,0.12837385606791132,340.706303702886
RESTRAIN,300.0,False,RESTRAIN,0.24325289213933377,0.0,0.3413690046466823,252.85032017144803
RESTRAIN,300.0,False,RESTRAIN,0.15256314540332383,0.0,0.8633055501076446,151.96393451352543
RESTRAIN,300.0,False,RESTRAIN,0.23627385108245558,0.0,0.3769930962157477,330.6697745482195
RESTRAIN,300.0,False,RESTRAIN,0.22532459040438457,0.0,0.6149021593190318,348.6701647738256
RESTRAIN,300.0,False,RESTRAIN,0.2090647223504759,0.0,0.2565655345007753,192.21544905110355
RESTRAIN,300.0,True,RESTRAIN,0.30160336031192314,0.0,0.7788213453780349,280.6722814547282
RESTRAIN,300.0,True,RESTRAIN,0.27619837634708966,0.0,0.5624103140792052,279.5755369521139
RESTRAIN,300.0,False,RESTRAIN,0.2582002575587069,0.0,0.8554086139129029,219.18028167813046
RESTRAIN,300.0,False,RESTRAIN,0.19095665475057966,0.0,0.29335688637029156,152.1992668882286
RESTRAIN,300.0,False,RESTRAIN,0.16033093301128343,0.0,0.48423021466313193,48.36345184061625
RESTRAIN,300.0,False,RESTRAIN,0.21165227079508442,0.0,0.1719410937612116,359.2629241172743
RESTRAIN,300.0,False,RESTRAIN,0.20169712672683726,0.0,0.12229581184694839,25.799327824330433
RESTRAIN,300.0,False,RESTRAIN,0.1559205450724882,0.0,0.5268236703443862,48.54952592577572
RESTRAIN,300.0,False,RESTRAIN,0.14411018895455785,0.0,0.723075071415012,134.9235606859832
RESTRAIN,300.0,False,RESTRAIN,0.19586226837314313,0.0,0.17981504585547306,143.47791338105256
RESTRAIN,300.0,False,RESTRAIN,0.13040536192845453,0.0,0.6326248415493091,96.17537730676412
RESTRAIN,300.0,False,RESTRAIN,0.17028737839797659,0.0,0.6043994083029716,28.108493236564122
RESTRAIN,300.0,False,RESTRAIN,0.24501880642011298,0.0,0.4342939480660104,323.78911423860524
RESTRAIN,300.0,False,RESTRAIN,0.204528843686414,0.0,0.6902205759404362,184.77306911620533
RESTRAIN,300.0,False,RESTRAIN,0.22329676630268314,0.0,0.5345158013020844,349.1432252145836
RESTRAIN,300.0,False,RESTRAIN,0.2840386998554759,0.0,0.8518499013218929,316.0677434917823
RESTRAIN,300.0,False,RESTRAIN,0.19559492507158904,0.0,0.6873350357751792,177.84477351514644
RESTRAIN,300.0,False,RESTRAIN,0.1425324052166036,0.0,0.7979339536209556,139.75998492968566
RESTRAIN,300.0,False,RESTRAIN,0.16760360121897544,0.0,0.32523131507473907,91.81738038438819
RESTRAIN,300.0,False,RESTRAIN,0.2118456584471432,0.0,0.7298992629858442,357.4976784749695
RESTRAIN,300.0,False,RESTRAIN,0.2580561028546333,0.0,0.8928217700239448,217.82066371615468
RESTRAIN,300.0,False,RESTRAIN,0.22767512078155683,0.0,0.1471183534306911,302.6584573801179
RESTRAIN,300.0,False,RESTRAIN,0.2162178490021226,0.0,0.4600615008029344,354.48119836600654
RESTRAIN,300.0,False,RESTRAIN,0.11148227949666445,0.0,0.7761023847778726,80.62060849753306
RESTRAIN,300.0,False,RESTRAIN,0.23329431207092666,0.0,0.35696373019819283,332.9427332933107
RESTRAIN,300.0,False,RESTRAIN,0.26359119340973935,0.0,0.457409856441667,286.0120071371034
RESTRAIN,300.0,False,RESTRAIN,0.17875420292127342,0.0,0.672864623050999,163.67307626187713
RESTRAIN,300.0,False,RESTRAIN,0.23893991783743562,0.0,0.7422277138620114,341.56531768331376
RESTRAIN,300.0,False,RESTRAIN,0.21322780178581446,0.0,0.17957743494643327,212.3623031087402
RESTRAIN,300.0,False,RESTRAIN,0.18176060312590214,0.0,0.35199898655448775,141.72679342287972
RESTRAIN,300.0,False,RESTRAIN,0.1685062637539544,0.0,0.35505468556937425,57.56592092394165
RESTRAIN,300.0,False,RESTRAIN,0.22281455153248364,0.0,0.13754182671747367,262.04261228197555
RESTRAIN,300.0,False,RESTRAIN,0.2190401419663831,0.0,0.08203648997452083,278.6510558257019
RESTRAIN,300.0,False,RESTRAIN,0.12589259914099704,0.0,0.6702247911165765,74.48815257433694
RESTRAIN,300.0,False,RESTRAIN,0.13913318801798025,0.0,0.7667931807510638,133.86296075263056
RESTRAIN,300.0,False,RESTRAIN,0.16729542173557221,0.0,0.8567267853281405,19.815126676027464
RESTRAIN,300.0,False,RESTRAIN,0.22911154132956224,0.0,0.860665493853431,200.61152753944694
RESTRAIN,300.0,False,RESTRAIN,0.25531699242439454,0.0,0.8952157474332086,216.02350764138103
RESTRAIN,300.0,False,RESTRAIN,0.22024312892207487,0.0,0.0746938382729195,305.37193744070544
RESTRAIN,300.0,False,RESTRAIN,0.20227801330152717,0.0,0.35711764678687696,9.414003397465112
RESTRAIN,300.0,False,RESTRAIN,0.2006245137555175,0.0,0.07394047614671424,43.07300570466139
RESTRAIN,300.0,False,RESTRAIN,0.19249432211111528,0.0,0.6101009793158053,11.364412628010946
RESTRAIN,300.0,False,RESTRAIN,0.2453220678672492,0.0,0.875152406218471,340.0014941104102
RESTRAIN,300.0,False,RESTRAIN,0.20539655650739808,0.0,0.03301528338986154,184.6394337188739
RESTRAIN,300.0,False,RESTRAIN,0.148936042595452,0.0,0.4736967187984887,88.55996832125594
RESTRAIN,300.0,False,RESTRAIN,0.20193821905496045,0.0,0.4799369978642487,6.87670390775021
RESTRAIN,300.0,False,RESTRAIN,0.19704255301306428,0.0,0.1469474250306789,34.74714806509548
RESTRAIN,300.0,True,RESTRAIN,0.2921834221426701,0.0,0.7501217434200461,259.2568245977252
RESTRAIN,300.0,False,RESTRAIN,0.19863461509668867,0.0,0.3552505133212458,172.902035692915
RESTRAIN,300.0,False,RESTRAIN,0.2513944517566805,0.0,0.37841812131032637,264.39270480214793
RESTRAIN,300.0,False,RESTRAIN,0.10111401046434343,0.0,0.865762492745532,95.46877929322696
RESTRAIN,300.0,False,RESTRAIN,0.19707667655929206,0.0,0.22264532226212674,158.23782332419194
RESTRAIN,300.0,False,RESTRAIN,0.22968172500023454,0.0,0.3469212169336469,224.59050341818198
RESTRAIN,300.0,False,RESTRAIN,0.12260376103838144,0.0,0.6931353160819846,76.43430293074866
RESTRAIN,300.0,False,RESTRAIN,0.1570047717164228,0.0,0.43198427984050236,103.5082605016082
RESTRAIN,300.0,False,RESTRAIN,0.15266953631184987,0.0,0.5430779884646229,50.97869084656747
RESTRAIN,300.0,False,RESTRAIN,0.2545247232672455,0.0,0.4300318238478746,256.24639624912436
RESTRAIN,300.0,False,RESTRAIN,0.2164810279795667,0.0,0.2549929703117752,209.62489688272802
RESTRAIN,300.0,False,RESTRAIN,0.20119695107138857,0.0,0.14645444107528513,160.08209454223717
RESTRAIN,300.0,False,RESTRAIN,0.23219052955967245,0.0,0.7651207382730129,204.241290753026
RESTRAIN,300.0,False,RESTRAIN,0.17920449165539842,0.0,0.24769141488390692,61.12395775785545
RESTRAIN,300.0,True,RESTRAIN,0.31164120939212336,0.0,0.8976306422648188,292.63898448691106
RESTRAIN,300.0,False,RESTRAIN,0.20925624721950697,0.0,0.009057874017837786,271.9685276907227
RESTRAIN,300.0,False,RESTRAIN,0.11506970593942367,0.0,0.7937525553907274,65.5212179757912
RESTRAIN,300.0,False,RESTRAIN,0.2801020136459128,0.0,0.8526314717735203,318.8562712910331
RESTRAIN,300.0,False,RESTRAIN,0.20524938726717978,0.0,0.05283445068328559,141.83125597218336
RESTRAIN,300.0,False,RESTRAIN,0.18716442562357916,0.0,0.5648160078537086,166.90937081395128
RESTRAIN,300.0,False,RESTRAIN,0.21300678730531353,0.0,0.7044112028773519,191.2536817788215
RESTRAIN,300.0,True,RESTRAIN,0.27499679059734794,0.0,0.5538270840279815,285.4429009876284
RESTRAIN,300.0,False,RESTRAIN,0.11972485037917502,0.0,0.7921069753979657,59.043419744298035
RESTRAIN,300.0,False,RESTRAIN,0.19357912276401068,0.0,0.11923224159527084,95.40664571017909
RESTRAIN,300.0,False,RESTRAIN,0.2501825845037906,0.0,0.8538812457180268,337.10994147472746
RESTRAIN,300.0,False,RESTRAIN,0.23589020511879166,0.0,0.4954575099434916,337.6080641628828
RESTRAIN,300.0,False,RESTRAIN,0.24634606845805707,0.0,0.3099357190447277,291.2298081202891
RESTRAIN,300.0,False,RESTRAIN,0.15442837634311846,0.0,0.4726660736101646,60.636016448718024
RESTRAIN,300.0,False,RESTRAIN,0.22108646602681759,0.0,0.30538355803275447,214.19176336001348
RESTRAIN,300.0,False,RESTRAIN,0.18888855738639887,0.0,0.40989878234315225,160.54940218381057
RESTRAIN,300.0,False,RESTRAIN,0.19936499305875,0.0,0.14081532203766198,29.06734447152472
RESTRAIN,300.0,False,RESTRAIN,0.16091296702866598,0.0,0.7601826549674229,27.197138644953633
RESTRAIN,300.0,False,RESTRAIN,0.2468895918491324,0.0,0.35065736114143703,308.46124492430215
RESTRAIN,300.0,False,RESTRAIN,0.1783194316980098,0.0,0.42031042309592404,32.57974793518335
RESTRAIN,300.0,False,RESTRAIN,0.10779370062381755,0.0,0.8186183258964753,97.70041319163283
RESTRAIN,300.0,False,RESTRAIN,0.12126507915406781,0.0,0.8163018237810686,54.260860376038686
RESTRAIN,300.0,False,RESTRAIN,0.23387869754001167,0.0,0.7092739200406222,207.03738211164423
RESTRAIN,300.0,False,RESTRAIN,0.21156829396641152,0.0,0.027013987177420817,273.6078216562118
RESTRAIN,300.0,False,RESTRAIN,0.10731558472308189,0.0,0.8157390051840097,95.46578764435652
RESTRAIN,300.0,False,RESTRAIN,0.2299023693168546,0.0,0.16986223856521057,281.53674038707084
RESTRAIN,300.0,False,RESTRAIN,0.16207879801317915,0.0,0.39446273793381115,62.988483878399606
RESTRAIN,300.0,False,RESTRAIN,0.12921525895217312,0.0,0.8126917776676884,128.42496453754228
RESTRAIN,300.0,False,RESTRAIN,0.19740460195171272,0.0,0.08553943275264256,87.43725069612218
RESTRAIN,300.0,False,RESTRAIN,0.20291115049142538,0.0,0.11979273700621287,163.56278601911822
RESTRAIN,300.0,False,RESTRAIN,0.21822971338991914,0.0,0.5184519100047542,353.16308553469435
RESTRAIN,300.0,False,RESTRAIN,0.25677516182679505,0.0,0.4209436836870275,265.24700080186636
RESTRAIN,300.0,False,RESTRAIN,0.1647019546196571,0.0,0.35070905440160305,74.07388889352468
RESTRAIN,300.0,False,RESTRAIN,0.22811306040749224,0.0,0.7286973297046682,347.91631911709305
RESTRAIN,300.0,False,RESTRAIN,0.2872305034293158,0.0,0.8052117245729262,245.28240668955064
RESTRAIN,300.0,False,RESTRAIN,0.16755883012776407,0.0,0.8922856151729711,163.50279591723256
RESTRAIN,300.0,False,RESTRAIN,0.2204396740646356,0.0,0.11066513155363056,329.8509698800721
RESTRAIN,300.0,True,RESTRAIN,0.28128631739424115,0.0,0.6086213534899777,274.6190608195862
RESTRAIN,300.0,True,RESTRAIN,0.2980377939155474,0.0,0.7842085195651047,262.5096229958092
RESTRAIN,300.0,False,RESTRAIN,0.18114674142565346,0.0,0.2164659419293122,72.33567280087452
RESTRAIN,300.0,False,RESTRAIN,0.1670835516388871,0.0,0.4320321152153018,46.06719272097689
RESTRAIN,300.0,False,RESTRAIN,0.2135346228226438,0.0,0.006451186458271518,311.62275755593737
RESTRAIN,300.0,False,RESTRAIN,0.21689352237074255,0.0,0.12115136396988506,244.85594893607137
RESTRAIN,300.0,False,RESTRAIN,0.22420081047252272,0.0,0.11300784776950212,294.2072072946341
RESTRAIN,300.0,True,RESTRAIN,0.2846596741932015,0.0,0.636806477429673,275.67147451814867
RESTRAIN,300.0,False,RESTRAIN,0.2524579871071627,0.0,0.5600243013566096,325.11869694518447
RESTRAIN,300.0,False,RESTRAIN,0.20646464635858508,0.0,0.03482751762933304,135.1875298117605
RESTRAIN,300.0,False,RESTRAIN,0.15546017953820623,0.0,0.5361250944465145,126.0704111147273
RESTRAIN,300.0,False,RESTRAIN,0.2002898566683151,0.0,0.06132851349823263,85.27052409266186
RESTRAIN,300.0,False,RESTRAIN,0.19308214950554103,0.0,0.1819799955512316,37.954561433846294
RESTRAIN,300.0,False,RESTRAIN,0.18685467058299354,0.0,0.8112264331737101,173.8427774762337
RESTRAIN,300.0,False,RESTRAIN,0.20210154299613126,0.0,0.402537209015453,179.35965108344425
RESTRAIN,300.0,False,RESTRAIN,0.14644014518399662,0.0,0.7032116616047235,41.20583615508621
RESTRAIN,300.0,False,RESTRAIN,0.22146587368230486,0.0,0.2828805018550383,217.26895201906476
RESTRAIN,300.0,False,RESTRAIN,0.20043803356850998,0.0,0.09969693931006948,130.81207169475687
RESTRAIN,300.0,False,RESTRAIN,0.17342893938392367,0.0,0.7993725015122282,164.2468925579212
RESTRAIN,300.0,False,RESTRAIN,0.2053715652963618,0.0,0.14744436517438106,183.60890787715778
RESTRAIN,300.0,False,RESTRAIN,0.1732076030508295,0.0,0.31467738761265984,111.79404444589142
RESTRAIN,300.0,False,RESTRAIN,0.2704416444054013,0.0,0.6311110464118902,246.6198948584783
RESTRAIN,300.0,False,RESTRAIN,0.20409118918442304,0.0,0.5326233013804398,183.54629581526945
RESTRAIN,300.0,False,RESTRAIN,0.16403000404737544,0.0,0.8351910460942752,158.91541119015056
RESTRAIN,300.0,False,RESTRAIN,0.14431508328768217,0.0,0.8889034867878156,147.45400019218172
RESTRAIN,300.0,False,RESTRAIN,0.2078026851585687,0.0,0.13196782458355147,8.536709009442722
RESTRAIN,300.0,False,RESTRAIN,0.2334318857702543,0.0,0.20392813752108166,277.6426037627406
RESTRAIN,300.0,False,RESTRAIN,0.22571174186741916,0.0,0.5752467308005537,347.93635790085665
RESTRAIN,300.0,False,RESTRAIN,0.19467795817964628,0.0,0.13205850003313782,47.150208261470205
RESTRAIN,300.0,False,RESTRAIN,0.15029618223753838,0.0,0.48799726643229946,104.19924991713441
RESTRAIN,300.0,False,RESTRAIN,0.2466377875557566,0.0,0.33554622587114896,304.89079410506105
RESTRAIN,300.0,True,RESTRAIN,0.29515231986442325,0.0,0.7993169762093254,255.12711360610697
RESTRAIN,300.0,False,RESTRAIN,0.11443551858198064,0.0,0.8262853268728834,112.46275129746272
RESTRAIN,300.0,False,RESTRAIN,0.2245106046194837,0.0,0.23294708532580102,233.83208686603496
RESTRAIN,300.0,False,RESTRAIN,0.21885947562990749,0.0,0.08610129936546074,330.20629878846336
RESTRAIN,300.0,False,RESTRAIN,0.09733130871099704,0.0,0.8919718199649154,79.08244319088656
RESTRAIN,300.0,False,RESTRAIN,0.21830998601436158,0.0,0.1349058919424652,244.66924574773697
RESTRAIN,300.0,False,RESTRAIN,0.2289832277356627,0.0,0.156091327365291,292.31124475779893
RESTRAIN,300.0,False,RESTRAIN,0.191220730963917,0.0,0.22695595113408631,34.30966583295672
RESTRAIN,300.0,False,RESTRAIN,0.2283807332868102,0.0,0.30676867480918096,336.4229428509469
RESTRAIN,300.0,False,RESTRAIN,0.21682671062810732,0.0,0.13300123585547108,345.359023734812
RESTRAIN,300.0,False,RESTRAIN,0.24104361862016,0.0,0.29000793726088053,263.9042612303431
RESTRAIN,300.0,False,RESTRAIN,0.20512155516117148,0.0,0.019821629122617958,185.61810256209614
RESTRAIN,300.0,False,RESTRAIN,0.24797112744636574,0.0,0.7208853280121733,217.4251100048389
RESTRAIN,300.0,False,RESTRAIN,0.2248781054039254,0.0,0.23719687248594945,233.43706379398492
RESTRAIN,300.0,False,RESTRAIN,0.12878485021288044,0.0,0.7360058486291833,55.48743396871548
RESTRAIN,300.0,False,RESTRAIN,0.1396128805700655,0.0,0.5822295865682283,106.158464927854
RESTRAIN,300.0,False,RESTRAIN,0.17430939241106325,0.0,0.43249148708635055,36.31623922916774
RESTRAIN,300.0,False,RESTRAIN,0.12803221751308735,0.0,0.8750635570925877,133.36621329605998
RESTRAIN,300.0,False,RESTRAIN,0.24874773898071123,0.0,0.34800318817002573,268.23753441449776
RESTRAIN,300.0,False,RESTRAIN,0.22657188317768273,0.0,0.1605493727958924,318.78447895090784
RESTRAIN,300.0,False,RESTRAIN,0.16227681083398593,0.0,0.519695366735515,133.659670507154
RESTRAIN,300.0,False,RESTRAIN,0.2123025817190901,0.0,0.12613475591878967,221.79882490309112
RESTRAIN,300.0,False,RESTRAIN,0.2178386388245397,0.0,0.24913440142881532,214.14123654970555
RESTRAIN,300.0,False,RESTRAIN,0.18113295850555466,0.0,0.81696522585633,170.11453544376036
RESTRAIN,300.0,True,RESTRAIN,0.2912602031385223,0.0,0.802942738086022,249.9151242409405
RESTRAIN,300.0,False,RESTRAIN,0.163302502986708,0.0,0.41915269241293307,54.291604629908136
RESTRAIN,300.0,False,RESTRAIN,0.18261495384075432,0.0,0.4304436813404018,26.945171551808862
RESTRAIN,300.0,False,RESTRAIN,0.15787476886244411,0.0,0.5101053149495397,125.2923171569939
RESTRAIN,300.0,False,RESTRAIN,0.2140570122191613,0.0,0.0757626152523547,348.952899021671
RESTRAIN,300.0,False,RESTRAIN,0.2211732048624543,0.0,0.2278404478212679,343.1225312416604
RESTRAIN,300.0,False,RESTRAIN,0.24545671773722555,0.0,0.5219867840048652,227.90668095870546
RESTRAIN,300.0,False,RESTRAIN,0.21747940565152402,0.0,0.28904955602330107,208.33474135519995
RESTRAIN,300.0,False,RESTRAIN,0.21910887516351985,0.0,0.19205169220021542,227.95711029059817
RESTRAIN,300.0,False,RESTRAIN,0.17428205390962792,0.0,0.5826247392951525,154.57532635906455
RESTRAIN,300.0,False,RESTRAIN,0.14766510203434036,0.0,0.509792213651813,103.81956433710666
RESTRAIN,300.0,False,RESTRAIN,0.20938430274955178,0.0,0.29436553621671235,1.9996210802188807
RESTRAIN,300.0,False,RESTRAIN,0.1923886836268085,0.0,0.8436521470837184,6.9141798518995445
RESTRAIN,300.0,False,RESTRAIN,0.22440578690814983,0.0,0.6999207125837168,349.9795040066394
RESTRAIN,300.0,True,RESTRAIN,0.2710818546890762,0.0,0.5365274849826169,268.04880331706437
RESTRAIN,300.0,False,RESTRAIN,0.22491360441464026,0.0,0.1885189878133637,248.4551447663125
RESTRAIN,300.0,False,RESTRAIN,0.2715797759682479,0.0,0.5832869619216429,303.99715886409564
RESTRAIN,300.0,False,RESTRAIN,0.24328011136135563,0.0,0.61896466402642,218.4959468350462
RESTRAIN,300.0,False,RESTRAIN,0.25526072027465396,0.0,0.5231398558344955,240.35010959979456
RESTRAIN,300.0,True,RESTRAIN,0.27723170202012715,0.0,0.5741642607534289,284.44029844678664
RESTRAIN,300.0,False,RESTRAIN,0.19378567793230916,0.0,0.14600565846220254,45.05879618418628
RESTRAIN,300.0,False,RESTRAIN,0.17182767253139453,0.0,0.3014938806903726,67.54846541656376
RESTRAIN,300.0,False,RESTRAIN,0.22700492644309256,0.0,0.8016704242867487,200.147606055077
RESTRAIN,300.0,False,RESTRAIN,0.19873982414475244,0.0,0.12340079717155424,34.87844889135329
RESTRAIN,300.0,False,RESTRAIN,0.2536367965619023,0.0,0.5307220109041945,237.39246531761256
RESTRAIN,300.0,False,RESTRAIN,0.2974038049000761,0.0,0.8078897964661058,299.59234812982896
RESTRAIN,300.0,False,RESTRAIN,0.2136734235295621,0.0,0.012740211167578853,301.5329721332751
RESTRAIN,300.0,False,RESTRAIN,0.11224040789660239,0.0,0.8704093760459074,116.39293685247164
RESTRAIN,300.0,False,RESTRAIN,0.11125816742360461,0.0,0.795007801150621,72.9675415734182
RESTRAIN,300.0,False,RESTRAIN,0.23094922570290133,0.0,0.6435589432907352,345.1390319815141
RESTRAIN,300.0,False,RESTRAIN,0.25350660394065005,0.0,0.6382211944696361,328.4596846625469
RESTRAIN,300.0,False,RESTRAIN,0.11992769582291063,0.0,0.7809508642097827,112.86343816057385
RESTRAIN,300.0,False,RESTRAIN,0.22535230417079755,0.0,0.1538932389987561,321.89709035383356
RESTRAIN,300.0,False,RESTRAIN,0.2654020187028082,0.0,0.629941006212627,317.16345401542173
RESTRAIN,300.0,False,RESTRAIN,0.1772303554534983,0.0,0.3090989624991632,121.69174221376551
RESTRAIN,300.0,False,RESTRAIN,0.13396889430914294,0.0,0.788074929299162,130.74806015418196
RESTRAIN,300.0,False,RESTRAIN,0.23741909884142431,0.0,0.47999795305653575,335.48261372964924
RESTRAIN,300.0,True,RESTRAIN,0.2889931746693327,0.0,0.6892350247060859,267.0745217968867
RESTRAIN,300.0,False,RESTRAIN,0.21426983518070686,0.0,0.15032321865064507,222.31009562449862
RESTRAIN,300.0,False,RESTRAIN,0.22087254658306543,0.0,0.2178357274163179,343.0427377173434
RESTRAIN,300.0,False,RESTRAIN,0.2814384514603322,0.0,0.7543513287308988,311.36227711562424
RESTRAIN,300.0,False,RESTRAIN,0.18728372763817014,0.0,0.355711026992301,26.911058776115656
RESTRAIN,300.0,False,RESTRAIN,0.2012293481670423,0.0,0.4750422008235512,179.56577478467443
RESTRAIN,300.0,False,RESTRAIN,0.2614322601855932,0.0,0.652982500801684,322.45685448841243
RESTRAIN,300.0,False,RESTRAIN,0.19482841564871822,0.0,0.15271799747893783,40.018695464396444
RESTRAIN,300.0,False,RESTRAIN,0.19312356374882766,0.0,0.2722715092538863,26.001465838966517
RESTRAIN,300.0,False,RESTRAIN,0.24105137426713852,0.0,0.29308380701597864,309.2602890614346
RESTRAIN,300.0,True,RESTRAIN,0.3072961983691711,0.0,0.8250107984189753,279.8577576535111
RESTRAIN,300.0,False,RESTRAIN,0.19331781815093874,0.0,0.1238298452213425,60.19372168088055
RESTRAIN,300.0,False,RESTRAIN,0.1684873277196326,0.0,0.3341864396175987,65.19485888875552
RESTRAIN,300.0,False,RESTRAIN,0.3029843587029778,0.0,0.8633850538030167,299.73886246927947
RESTRAIN,300.0,False,RESTRAIN,0.11566616744073466,0.0,0.7513830045023078,75.29751606473202
RESTRAIN,300.0,False,RESTRAIN,0.1457829567478789,0.0,0.603418032759366,51.83335630502481
RESTRAIN,300.0,False,RESTRAIN,0.24668726552887932,0.0,0.4940387850395875,326.72071006875086
RESTRAIN,300.0,True,RESTRAIN,0.2968134183761094,0.0,0.7548575433910836,289.8188126721205
RESTRAIN,300.0,False,RESTRAIN,0.14463980881412797,0.0,0.8517567712525039,145.3627785894228
RESTRAIN,300.0,False,RESTRAIN,0.26559014965066663,0.0,0.8316643446776368,225.37471591489694
RESTRAIN,300.0,False,RESTRAIN,0.17505136606038119,0.0,0.575211816705477,154.94290596137625
RESTRAIN,300.0,False,RESTRAIN,0.1281914338324599,0.0,0.6550899444977759,98.8068090527419
RESTRAIN,300.0,False,RESTRAIN,0.215759707970669,0.0,0.6977756316301996,355.24881547885315
RESTRAIN,300.0,False,RESTRAIN,0.22020149530564148,0.0,0.7284126317476792,196.43027592831484
RESTRAIN,300.0,False,RESTRAIN,0.2578304168707235,0.0,0.659764314173521,229.52308594639015
RESTRAIN,300.0,False,RESTRAIN,0.19795592886253832,0.0,0.16195417303199247,146.97669629105766
RESTRAIN,300.0,False,RESTRAIN,0.1987094488396155,0.0,0.6836222695365635,180.26678821538366
RESTRAIN,300.0,False,RESTRAIN,0.16676360437728366,0.0,0.3513397090443456,103.57863277994959
RESTRAIN,300.0,False,RESTRAIN,0.1983969490049995,0.0,0.17981861740451788,154.5410439337739
RESTRAIN,300.0,False,RESTRAIN,0.21060259545721804,0.0,0.09227910943462359,226.01183037746912
RESTRAIN,300.0,False,RESTRAIN,0.23578797581410604,0.0,0.21628252335829926,292.36459162915224
RESTRAIN,300.0,False,RESTRAIN,0.2634249030447179,0.0,0.45697487828792743,288.83935905753816
RESTRAIN,300.0,False,RESTRAIN,0.20871881991083352,0.0,0.22219097935080664,4.110975641590784
RESTRAIN,300.0,False,RESTRAIN,0.21362498247164863,0.0,0.5993190428995011,192.56254929511505
RESTRAIN,300.0,False,RESTRAIN,0.13002375607359729,0.0,0.8679537489025415,134.39393507823965
RESTRAIN,300.0,False,RESTRAIN,0.20581207076280594,0.0,0.03964201902724919,218.53583047626577
RESTRAIN,300.0,False,RESTRAIN,0.22337136252463952,0.0,0.11758822718267013,317.4024498170382
RESTRAIN,300.0,False,RESTRAIN,0.23562744558555304,0.0,0.22255316545212336,279.01359755658785
RESTRAIN,300.0,False,RESTRAIN,0.13062437775554547,0.0,0.7239255421771893,119.06362492981717
RESTRAIN,300.0,False,RESTRAIN,0.2360970952393434,0.0,0.24414339047246558,266.0982847226419
RESTRAIN,300.0,False,RESTRAIN,0.19450643095051534,0.0,0.1723752067837684,36.49630064195965
RESTRAIN,300.0,False,RESTRAIN,0.1944870454981128,0.0,0.13757966239899688,46.13650093802671
RESTRAIN,300.0,False,RESTRAIN,0.19082641125910105,0.0,0.13492603964574362,81.20044219811602
RESTRAIN,300.0,False,RESTRAIN,0.15935528473146277,0.0,0.6478369160694359,143.90864852927598
RESTRAIN,300.0,False,RESTRAIN,0.20368885243360935,0.0,0.6373100538418218,183.8447093243993
RESTRAIN,300.0,False,RESTRAIN,0.18816537913012432,0.0,0.28001844641021545,143.2248208594668
RESTRAIN,300.0,False,RESTRAIN,0.23497369477686358,0.0,0.4044979766866871,226.0070610841704
RESTRAIN,300.0,False,RESTRAIN,0.1555185117157889,0.0,0.5653720323430222,44.70346321644581
RESTRAIN,300.0,False,RESTRAIN,0.20771377802614477,0.0,0.8775530211606464,187.73279633204433
RESTRAIN,300.0,False,RESTRAIN,0.12643955021851971,0.0,0.6688319898504859,98.06592568865429
RESTRAIN,300.0,False,RESTRAIN,0.14074775179702537,0.0,0.722726179849894,131.27351600128935
RESTRAIN,300.0,False,RESTRAIN,0.2000233275575405,0.0,0.8799564768397456,183.1984241321098
RESTRAIN,300.0,False,RESTRAIN,0.17455123928772176,0.0,0.3429874118367195,47.756370124513865
RESTRAIN,300.0,False,RESTRAIN,0.20449733206985454,0.0,0.06218978893963017,139.76404011444453
RESTRAIN,300.0,True,RESTRAIN,0.28861821928074005,0.0,0.672209458412591,273.86449577915545
RESTRAIN,300.0,False,RESTRAIN,0.19556317139566093,0.0,0.10898669397690261,99.92498283368303
RESTRAIN,300.0,False,RESTRAIN,0.2557204768526161,0.0,0.394735861348466,275.24441129650353
RESTRAIN,300.0,False,RESTRAIN,0.12505695480251844,0.0,0.6645363524972678,83.1269322675566
RESTRAIN,300.0,True,RESTRAIN,0.2679682563871092,0.0,0.5025189663356094,271.50216240933116
RESTRAIN,300.0,False,RESTRAIN,0.16778274918884817,0.0,0.3304308430865905,69.98400717077514
RESTRAIN,300.0,False,RESTRAIN,0.22951449094026533,0.0,0.4629174120693012,342.4371641154545
RESTRAIN,300.0,False,RESTRAIN,0.18377358648610298,0.0,0.22070300090881037,55.35563857385041
RESTRAIN,300.0,False,RESTRAIN,0.2110240997094055,0.0,0.0667247987623899,359.9439858527684
RESTRAIN,300.0,False,RESTRAIN,0.16155659289211943,0.0,0.3712385625550031,82.4363755070617
RESTRAIN,300.0,False,RESTRAIN,0.21160178983312872,0.0,0.05248313181711063,255.6731797472816
RESTRAIN,300.0,False,RESTRAIN,0.10593901793095384,0.0,0.881691095349926,109.83912698939507
RESTRAIN,300.0,False,RESTRAIN,0.1822586905811926,0.0,0.4028725096873151,29.587092728400982
RESTRAIN,300.0,False,RESTRAIN,0.18998392770915884,0.0,0.7941313517830818,8.961187748878716
RESTRAIN,300.0,False,RESTRAIN,0.11835718687153696,0.0,0.8566089872908559,53.02315083348239
RESTRAIN,300.0,False,RESTRAIN,0.18063872303281525,0.0,0.4044333961351918,146.90706576056243
RESTRAIN,300.0,False,RESTRAIN,0.221803840977152,0.0,0.37832235667890457,208.87665094755297
RESTRAIN,300.0,False,RESTRAIN,0.18472654937731658,0.0,0.8040826298029969,172.2666548272719
RESTRAIN,300.0,False,RESTRAIN,0.20562414717361055,0.0,0.031213750721838043,226.9651172478211
RESTRAIN,300.0,False,RESTRAIN,0.17537118491948545,0.0,0.43848313458672544,34.49714759513137
RESTRAIN,300.0,False,RESTRAIN,0.229045754796383,0.0,0.24175315938013284,243.51358426678505
RESTRAIN,300.0,True,RESTRAIN,0.2894965507563352,0.0,0.6774825888734233,282.66610020210913
RESTRAIN,300.0,False,RESTRAIN,0.1140206586165241,0.0,0.7530504795053654,83.03502857701781
RESTRAIN,300.0,True,RESTRAIN,0.2755109245434537,0.0,0.558001682401476,285.08938819786664
RESTRAIN,300.0,False,RESTRAIN,0.1622975890938413,0.0,0.366240956822892,90.00197946878748
RESTRAIN,300.0,False,RESTRAIN,0.18380193044621618,0.0,0.4994999813804891,159.86714573169988
RESTRAIN,300.0,False,RESTRAIN,0.2699170236773428,0.0,0.5167284322580753,290.0908140365763
RESTRAIN,300.0,False,RESTRAIN,0.2650775099068079,0.0,0.5716208060654169,247.3994600079416
RESTRAIN,300.0,False,RESTRAIN,0.19782079208287906,0.0,0.8299737226199696,181.34350475067924
RESTRAIN,300.0,False,RESTRAIN,0.1892207728804305,0.0,0.22421092496116787,133.07980239766684
RESTRAIN,300.0,False,RESTRAIN,0.2107942867872844,0.0,0.18141446018236976,202.91877105805088
RESTRAIN,300.0,False,RESTRAIN,0.2062617868979253,0.0,0.17120293527149133,187.118090695126
RESTRAIN,300.0,False,RESTRAIN,0.22397206077590692,0.0,0.6275271454570291,349.71909082302574
RESTRAIN,300.0,True,RESTRAIN,0.29956626821523924,0.0,0.8143999657088344,297.41468066355395
RESTRAIN,300.0,False,RESTRAIN,0.18208610900058264,0.0,0.29411045605590946,41.91505078183843
RESTRAIN,300.0,False,RESTRAIN,0.18341132279312145,0.0,0.3786067175378098,148.45759340448834
RESTRAIN,300.0,False,RESTRAIN,0.24704771234879508,0.0,0.8713687514734286,211.43062933843325
RESTRAIN,300.0,False,RESTRAIN,0.2200581930850226,0.0,0.13075262601121973,253.93046926120837
RESTRAIN,300.0,False,RESTRAIN,0.1163820013550112,0.0,0.7915993576552341,63.85025205281553
RESTRAIN,300.0,False,RESTRAIN,0.3033936989163293,0.0,0.8633566836489318,299.0744761733496
RESTRAIN,300.0,False,RESTRAIN,0.2591467671749601,0.0,0.7195543500256038,226.7981160477149
RESTRAIN,300.0,False,RESTRAIN,0.1925599494376029,0.0,0.3027652726989635,24.27732257472906
RESTRAIN,300.0,False,RESTRAIN,0.17987315790001213,0.0,0.5882229986401222,21.275258661563335
