case_id,filename,filepath,family,fault_type,scr,noise_std,fs_Hz,f0_Hz,t_start_s,t_end_s,t_event_s,base_mag_pu,voltage_dip_depth,tau_decay_s,f_transient_Hz,K_base,tau1_s,tau2_s,f1_Hz,gate_time_s,K1,K2,tau_rise_s,tau_fall_s,f_ctrl_Hz,K
1,case_00001_induction_machine_like_3ph_scr2.0_n0.002_r1.csv,/root/phd_thesis/Z_Synthetic_Family_Library_v2/waveforms/case_00001_induction_machine_like_3ph_scr2.0_n0.002_r1.csv,induction_machine_like,3ph,2.0,0.002,10000,50.0,5.98,6.04,5.999821868145667,1.0351102751801642,0.675,0.01,846.6666666666666,0.33,,,,,,,,,,
2,case_00002_induction_machine_like_3ph_scr2.0_n0.002_r2.csv,/root/phd_thesis/Z_Synthetic_Family_Library_v2/waveforms/case_00002_induction_machine_like_3ph_scr2.0_n0.002_r2.csv,induction_machine_like,3ph,2.0,0.002,10000,50.0,5.98,6.04,6.00035685772265,1.0492108471990738,0.675,0.01,846.6666666666666,0.33,,,,,,,,,,
3,case_00003_induction_machine_like_3ph_scr2.0_n0.002_r3.csv,/root/phd_thesis/Z_Synthetic_Family_Library_v2/waveforms/case_00003_induction_machine_like_3ph_scr2.0_n0.002_r3.csv,induction_machine_like,3ph,2.0,0.002,10000,50.0,5.98,6.04,6.000334990483682,1.005016366992254,0.675,0.01,846.6666666666666,0.33,,,,,,,,,,
4,case_00004_induction_machine_like_3ph_scr2.0_n0.002_r4.csv,/root/phd_thesis/Z_Synthetic_Family_Library_v2/waveforms/case_00004_induction_machine_like_3ph_scr2.0_n0.002_r4.csv,induction_machine_like,3ph,2.0,0.002,10000,50.0,5.98,6.04,5.998343037452704,1.0177476291798933,0.675,0.01,846.6666666666666,0.33,,,,,,,,,,
5,case_00005_induction_machine_like_3ph_scr2.0_n0.002_r5.csv,/root/phd_thesis/Z_Synthetic_Family_Library_v2/waveforms/case_00005_induction_machine_like_3ph_scr2.0_n0.002_r5.csv,induction_machine_like,3ph,2.0,0.002,10000,50.0,5.98,6.04,5.998632885896995,1.042819168472366,0.675,0.01,846.6666666666666,0.33,,,,,,,,,,
6,case_00006_induction_machine_like_3ph_scr2.0_n0.002_r6.csv,/root/phd_thesis/Z_Synthetic_Family_Library_v2/waveforms/case_00006_induction_machine_like_3ph_scr2.0_n0.002_r6.csv,induction_machine_like,3ph,2.0,0.002,10000,50.0,5.98,6.04,5.999844005414363,1.0387893873474028,0.675,0.01,846.6666666666666,0.33,,,,,,,,,,
7,case_00007_induction_machine_like_3ph_scr2.0_n0.005_r1.csv,/root/phd_thesis/Z_Synthetic_Family_Library_v2/waveforms/case_00007_induction_machine_like_3ph_scr2.0_n0.005_r1.csv,induction_machine_like,3ph,2.0,0.005,10000,50.0,5.98,6.04,6.0002374291085765,1.0338364907830544,0.675,0.01,846.6666666666666,0.33,,,,,,,,,,
8,case_00008_induction_machine_like_3ph_scr2.0_n0.005_r2.csv,/root/phd_thesis/Z_Synthetic_Family_Library_v2/waveforms/case_00008_induction_machine_like_3ph_scr2.0_n0.005_r2.csv,induction_machine_like,3ph,2.0,0.005,10000,50.0,5.98,6.04,5.997712905358686,1.072752123237838,0.675,0.01,846.6666666666666,0.33,,,,,,,,,,
9,case_00009_induction_machine_like_3ph_scr2.0_n0.005_r3.csv,/root/phd_thesis/Z_Synthetic_Family_Library_v2/waveforms/case_00009_induction_machine_like_3ph_scr2.0_n0.005_r3.csv,induction_machine_like,3ph,2.0,0.005,10000,50.0,5.98,6.04,5.999505836143497,1.0645672167154523,0.675,0.01,846.6666666666666,0.33,,,,,,,,,,
10,case_00010_induction_machine_like_3ph_scr2.0_n0.005_r4.csv,/root/phd_thesis/Z_Synthetic_Family_Library_v2/waveforms/case_00010_induction_machine_like_3ph_scr2.0_n0.005_r4.csv,induction_machine_like,3ph,2.0,0.005,10000,50.0,5.98,6.04,6.000078785992705,1.0398201447358615,0.675,0.01,846.6666666666666,0.33,,,,,,,,,,
11,case_00011_induction_machine_like_3ph_scr2.0_n0.005_r5.csv,/root/phd_thesis/Z_Synthetic_Family_Library_v2/waveforms/case_00011_induction_machine_like_3ph_scr2.0_n0.005_r5.csv,induction_machine_like,3ph,2.0,0.005,10000,50.0,5.98,6.04,5.999120260518355,1.0204748275721844,0.675,0.01,846.6666666666666,0.33,,,,,,,,,,
12,case_00012_induction_machine_like_3ph_scr2.0_n0.005_r6.csv,/root/phd_thesis/Z_Synthetic_Family_Library_v2/waveforms/case_00012_induction_machine_like_3ph_scr2.0_n0.005_r6.csv,induction_machine_like,3ph,2.0,0.005,10000,50.0,5.98,6.04,5.998308762852086,1.0115107689834217,0.675,0.01,846.6666666666666,0.33,,,,,,,,,,
13,case_00013_induction_machine_like_3ph_scr2.0_n0.010_r1.csv,/root/phd_thesis/Z_Synthetic_Family_Library_v2/waveforms/case_00013_induction_machine_like_3ph_scr2.0_n0.010_r1.csv,induction_machine_like,3ph,2.0,0.01,10000,50.0,5.98,6.04,5.999700134188915,1.0626842141997568,0.675,0.01,846.6666666666666,0.33,,,,,,,,,,
14,case_00014_induction_machine_like_3ph_scr2.0_n0.010_r2.csv,/root/phd_thesis/Z_Synthetic_Family_Library_v2/waveforms/case_00014_induction_machine_like_3ph_scr2.0_n0.010_r2.csv,induction_machine_like,3ph,2.0,0.01,10000,50.0,5.98,6.04,5.998054255806665,1.0449620715020096,0.675,0.01,846.6666666666666,0.33,,,,,,,,,,
15,case_00015_induction_machine_like_3ph_scr2.0_n0.010_r3.csv,/root/phd_thesis/Z_Synthetic_Family_Library_v2/waveforms/case_00015_induction_machine_like_3ph_scr2.0_n0.010_r3.csv,induction_machine_like,3ph,2.0,0.01,10000,50.0,5.98,6.04,5.998904472133213,1.0327416983924222,0.675,0.01,846.6666666666666,0.33,,,,,,,,,,
16,case_00016_induction_machine_like_3ph_scr2.0_n0.010_r4.csv,/root/phd_thesis/Z_Synthetic_Family_Library_v2/waveforms/case_00016_induction_machine_like_3ph_scr2.0_n0.010_r4.csv,induction_machine_like,3ph,2.0,0.01,10000,50.0,5.98,6.04,5.9988824304245165,1.0683939888307996,0.675,0.01,846.6666666666666,0.33,,,,,,,,,,
17,case_00017_induction_machine_like_3ph_scr2.0_n0.010_r5.csv,/root/phd_thesis/Z_Synthetic_Family_Library_v2/waveforms/case_00017_induction_machine_like_3ph_scr2.0_n0.010_r5.csv,induction_machine_like,3ph,2.0,0.01,10000,50.0,5.98,6.04,5.999090482253584,1.0056768266860607,0.675,0.01,846.6666666666666,0.33,,,,,,,,,,
18,case_00018_induction_machine_like_3ph_scr2.0_n0.010_r6.csv,/root/phd_thesis/Z_Synthetic_Family_Library_v2/waveforms/case_00018_induction_machine_like_3ph_scr2.0_n0.010_r6.csv,induction_machine_like,3ph,2.0,0.01,10000,50.0,5.98,6.04,6.000021884490196,1.0077064494980328,0.675,0.01,846.6666666666666,0.33,,,,,,,,,,
19,case_00019_induction_machine_like_3ph_scr3.0_n0.002_r1.csv,/root/phd_thesis/Z_Synthetic_Family_Library_v2/waveforms/case_00019_induction_machine_like_3ph_scr3.0_n0.002_r1.csv,induction_machine_like,3ph,3.0,0.002,10000,50.0,5.98,6.04,5.998208913930552,1.0512950147974993,0.45,0.008,920.0,0.28,,,,,,,,,,
20,case_00020_induction_machine_like_3ph_scr3.0_n0.002_r2.csv,/root/phd_thesis/Z_Synthetic_Family_Library_v2/waveforms/case_00020_induction_machine_like_3ph_scr3.0_n0.002_r2.csv,induction_machine_like,3ph,3.0,0.002,10000,50.0,5.98,6.04,5.997924911017445,1.0552778531733669,0.45,0.008,920.0,0.28,,,,,,,,,,
21,case_00021_induction_machine_like_3ph_scr3.0_n0.002_r3.csv,/root/phd_thesis/Z_Synthetic_Family_Library_v2/waveforms/case_00021_induction_machine_like_3ph_scr3.0_n0.002_r3.csv,induction_machine_like,3ph,3.0,0.002,10000,50.0,5.98,6.04,5.997774412097951,1.0133433975783506,0.45,0.008,920.0,0.28,,,,,,,,,,
22,case_00022_induction_machine_like_3ph_scr3.0_n0.002_r4.csv,/root/phd_thesis/Z_Synthetic_Family_Library_v2/waveforms/case_00022_induction_machine_like_3ph_scr3.0_n0.002_r4.csv,induction_machine_like,3ph,3.0,0.002,10000,50.0,5.98,6.04,5.998655483001981,1.0431454867921783,0.45,0.008,920.0,0.28,,,,,,,,,,
23,case_00023_induction_machine_like_3ph_scr3.0_n0.002_r5.csv,/root/phd_thesis/Z_Synthetic_Family_Library_v2/waveforms/case_00023_induction_machine_like_3ph_scr3.0_n0.002_r5.csv,induction_machine_like,3ph,3.0,0.002,10000,50.0,5.98,6.04,5.998871051809814,1.0016415835528494,0.45,0.008,920.0,0.28,,,,,,,,,,
24,case_00024_induction_machine_like_3ph_scr3.0_n0.002_r6.csv,/root/phd_thesis/Z_Synthetic_Family_Library_v2/waveforms/case_00024_induction_machine_like_3ph_scr3.0_n0.002_r6.csv,induction_machine_like,3ph,3.0,0.002,10000,50.0,5.98,6.04,5.998437179311715,1.00229386329594,0.45,0.008,920.0,0.28,,,,,,,,,,
25,case_00025_induction_machine_like_3ph_scr3.0_n0.005_r1.csv,/root/phd_thesis/Z_Synthetic_Family_Library_v2/waveforms/case_00025_induction_machine_like_3ph_scr3.0_n0.005_r1.csv,induction_machine_like,3ph,3.0,0.005,10000,50.0,5.98,6.04,6.00022993258505,1.0088185424427658,0.45,0.008,920.0,0.28,,,,,,,,,,
26,case_00026_induction_machine_like_3ph_scr3.0_n0.005_r2.csv,/root/phd_thesis/Z_Synthetic_Family_Library_v2/waveforms/case_00026_induction_machine_like_3ph_scr3.0_n0.005_r2.csv,induction_machine_like,3ph,3.0,0.005,10000,50.0,5.98,6.04,6.000406013301035,1.046031830153858,0.45,0.008,920.0,0.28,,,,,,,,,,
27,case_00027_induction_machine_like_3ph_scr3.0_n0.005_r3.csv,/root/phd_thesis/Z_Synthetic_Family_Library_v2/waveforms/case_00027_induction_machine_like_3ph_scr3.0_n0.005_r3.csv,induction_machine_like,3ph,3.0,0.005,10000,50.0,5.98,6.04,5.997580362234945,1.0498268753060866,0.45,0.008,920.0,0.28,,,,,,,,,,
28,case_00028_induction_machine_like_3ph_scr3.0_n0.005_r4.csv,/root/phd_thesis/Z_Synthetic_Family_Library_v2/waveforms/case_00028_induction_machine_like_3ph_scr3.0_n0.005_r4.csv,induction_machine_like,3ph,3.0,0.005,10000,50.0,5.98,6.04,5.998656159901258,1.0300651993969787,0.45,0.008,920.0,0.28,,,,,,,,,,
29,case_00029_induction_machine_like_3ph_scr3.0_n0.005_r5.csv,/root/phd_thesis/Z_Synthetic_Family_Library_v2/waveforms/case_00029_induction_machine_like_3ph_scr3.0_n0.005_r5.csv,induction_machine_like,3ph,3.0,0.005,10000,50.0,5.98,6.04,5.9989251983479495,1.0628951419154544,0.45,0.008,920.0,0.28,,,,,,,,,,
30,case_00030_induction_machine_like_3ph_scr3.0_n0.005_r6.csv,/root/phd_thesis/Z_Synthetic_Family_Library_v2/waveforms/case_00030_induction_machine_like_3ph_scr3.0_n0.005_r6.csv,induction_machine_like,3ph,3.0,0.005,10000,50.0,5.98,6.04,5.998032247327522,1.0202336474780405,0.45,0.008,920.0,0.28,,,,,,,,,,
31,case_00031_induction_machine_like_3ph_scr3.0_n0.010_r1.csv,/root/phd_thesis/Z_Synthetic_Family_Library_v2/waveforms/case_00031_induction_machine_like_3ph_scr3.0_n0.010_r1.csv,induction_machine_like,3ph,3.0,0.01,10000,50.0,5.98,6.04,5.999686590921048,1.0256985903988105,0.45,0.008,920.0,0.28,,,,,,,,,,
32,case_00032_induction_machine_like_3ph_scr3.0_n0.010_r2.csv,/root/phd_thesis/Z_Synthetic_Family_Library_v2/waveforms/case_00032_induction_machine_like_3ph_scr3.0_n0.010_r2.csv,induction_machine_like,3ph,3.0,0.01,10000,50.0,5.98,6.04,5.998262456225327,1.070010072140616,0.45,0.008,920.0,0.28,,,,,,,,,,
33,case_00033_induction_machine_like_3ph_scr3.0_n0.010_r3.csv,/root/phd_thesis/Z_Synthetic_Family_Library_v2/waveforms/case_00033_induction_machine_like_3ph_scr3.0_n0.010_r3.csv,induction_machine_like,3ph,3.0,0.01,10000,50.0,5.98,6.04,5.99999069317454,1.072096811055271,0.45,0.008,920.0,0.28,,,,,,,,,,
34,case_00034_induction_machine_like_3ph_scr3.0_n0.010_r4.csv,/root/phd_thesis/Z_Synthetic_Family_Library_v2/waveforms/case_00034_induction_machine_like_3ph_scr3.0_n0.010_r4.csv,induction_machine_like,3ph,3.0,0.01,10000,50.0,5.98,6.04,5.999584288581856,1.0771124712906,0.45,0.008,920.0,0.28,,,,,,,,,,
35,case_00035_induction_machine_like_3ph_scr3.0_n0.010_r5.csv,/root/phd_thesis/Z_Synthetic_Family_Library_v2/waveforms/case_00035_induction_machine_like_3ph_scr3.0_n0.010_r5.csv,induction_machine_like,3ph,3.0,0.01,10000,50.0,5.98,6.04,5.9979561514606585,1.0614839374024188,0.45,0.008,920.0,0.28,,,,,,,,,,
36,case_00036_induction_machine_like_3ph_scr3.0_n0.010_r6.csv,/root/phd_thesis/Z_Synthetic_Family_Library_v2/waveforms/case_00036_induction_machine_like_3ph_scr3.0_n0.010_r6.csv,induction_machine_like,3ph,3.0,0.01,10000,50.0,5.98,6.04,5.99806436501923,1.0003963821458184,0.45,0.008,920.0,0.28,,,,,,,,,,
37,case_00037_induction_machine_like_3ph_scr5.0_n0.002_r1.csv,/root/phd_thesis/Z_Synthetic_Family_Library_v2/waveforms/case_00037_induction_machine_like_3ph_scr5.0_n0.002_r1.csv,induction_machine_like,3ph,5.0,0.002,10000,50.0,5.98,6.04,5.999202061960427,1.0594036409051981,0.27,0.0063999999999999994,1066.6666666666667,0.24,,,,,,,,,,
38,case_00038_induction_machine_like_3ph_scr5.0_n0.002_r2.csv,/root/phd_thesis/Z_Synthetic_Family_Library_v2/waveforms/case_00038_induction_machine_like_3ph_scr5.0_n0.002_r2.csv,induction_machine_like,3ph,5.0,0.002,10000,50.0,5.98,6.04,5.999806650002853,1.0710942805731627,0.27,0.0063999999999999994,1066.6666666666667,0.24,,,,,,,,,,
39,case_00039_induction_machine_like_3ph_scr5.0_n0.002_r3.csv,/root/phd_thesis/Z_Synthetic_Family_Library_v2/waveforms/case_00039_induction_machine_like_3ph_scr5.0_n0.002_r3.csv,induction_machine_like,3ph,5.0,0.002,10000,50.0,5.98,6.04,5.99894188290093,1.0399682225905655,0.27,0.0063999999999999994,1066.6666666666667,0.24,,,,,,,,,,
40,case_00040_induction_machine_like_3ph_scr5.0_n0.002_r4.csv,/root/phd_thesis/Z_Synthetic_Family_Library_v2/waveforms/case_00040_induction_machine_like_3ph_scr5.0_n0.002_r4.csv,induction_machine_like,3ph,5.0,0.002,10000,50.0,5.98,6.04,5.999218059027384,1.0648449474561261,0.27,0.0063999999999999994,1066.6666666666667,0.24,,,,,,,,,,
41,case_00041_induction_machine_like_3ph_scr5.0_n0.002_r5.csv,/root/phd_thesis/Z_Synthetic_Family_Library_v2/waveforms/case_00041_induction_machine_like_3ph_scr5.0_n0.002_r5.csv,induction_machine_like,3ph,5.0,0.002,10000,50.0,5.98,6.04,5.998054632077456,1.001905220456287,0.27,0.0063999999999999994,1066.6666666666667,0.24,,,,,,,,,,
42,case_00042_induction_machine_like_3ph_scr5.0_n0.002_r6.csv,/root/phd_thesis/Z_Synthetic_Family_Library_v2/waveforms/case_00042_induction_machine_like_3ph_scr5.0_n0.002_r6.csv,induction_machine_like,3ph,5.0,0.002,10000,50.0,5.98,6.04,6.000281872298172,1.0386340090748558,0.27,0.0063999999999999994,1066.6666666666667,0.24,,,,,,,,,,
43,case_00043_induction_machine_like_3ph_scr5.0_n0.005_r1.csv,/root/phd_thesis/Z_Synthetic_Family_Library_v2/waveforms/case_00043_induction_machine_like_3ph_scr5.0_n0.005_r1.csv,induction_machine_like,3ph,5.0,0.005,10000,50.0,5.98,6.04,5.997544598251581,1.0523499334009456,0.27,0.0063999999999999994,1066.6666666666667,0.24,,,,,,,,,,
44,case_00044_induction_machine_like_3ph_scr5.0_n0.005_r2.csv,/root/phd_thesis/Z_Synthetic_Family_Library_v2/waveforms/case_00044_induction_machine_like_3ph_scr5.0_n0.005_r2.csv,induction_machine_like,3ph,5.0,0.005,10000,50.0,5.98,6.04,5.998384007597884,1.0329262864567752,0.27,0.0063999999999999994,1066.6666666666667,0.24,,,,,,,,,,
45,case_00045_induction_machine_like_3ph_scr5.0_n0.005_r3.csv,/root/phd_thesis/Z_Synthetic_Family_Library_v2/waveforms/case_00045_induction_machine_like_3ph_scr5.0_n0.005_r3.csv,induction_machine_like,3ph,5.0,0.005,10000,50.0,5.98,6.04,5.9977508349341795,1.0071671481745426,0.27,0.0063999999999999994,1066.6666666666667,0.24,,,,,,,,,,
46,case_00046_induction_machine_like_3ph_scr5.0_n0.005_r4.csv,/root/phd_thesis/Z_Synthetic_Family_Library_v2/waveforms/case_00046_induction_machine_like_3ph_scr5.0_n0.005_r4.csv,induction_machine_like,3ph,5.0,0.005,10000,50.0,5.98,6.04,5.998317071677406,1.0332365261251448,0.27,0.0063999999999999994,1066.6666666666667,0.24,,,,,,,,,,
47,case_00047_induction_machine_like_3ph_scr5.0_n0.005_r5.csv,/root/phd_thesis/Z_Synthetic_Family_Library_v2/waveforms/case_00047_induction_machine_like_3ph_scr5.0_n0.005_r5.csv,induction_machine_like,3ph,5.0,0.005,10000,50.0,5.98,6.04,5.999557458087976,1.0552580958971483,0.27,0.0063999999999999994,1066.6666666666667,0.24,,,,,,,,,,
48,case_00048_induction_machine_like_3ph_scr5.0_n0.005_r6.csv,/root/phd_thesis/Z_Synthetic_Family_Library_v2/waveforms/case_00048_induction_machine_like_3ph_scr5.0_n0.005_r6.csv,induction_machine_like,3ph,5.0,0.005,10000,50.0,5.98,6.04,5.999885223461498,1.0347754468776562,0.27,0.0063999999999999994,1066.6666666666667,0.24,,,,,,,,,,
49,case_00049_induction_machine_like_3ph_scr5.0_n0.010_r1.csv,/root/phd_thesis/Z_Synthetic_Family_Library_v2/waveforms/case_00049_induction_machine_like_3ph_scr5.0_n0.010_r1.csv,induction_machine_like,3ph,5.0,0.01,10000,50.0,5.98,6.04,6.000247193966334,1.0206191869727792,0.27,0.0063999999999999994,1066.6666666666667,0.24,,,,,,,,,,
50,case_00050_induction_machine_like_3ph_scr5.0_n0.010_r2.csv,/root/phd_thesis/Z_Synthetic_Family_Library_v2/waveforms/case_00050_induction_machine_like_3ph_scr5.0_n0.010_r2.csv,induction_machine_like,3ph,5.0,0.01,10000,50.0,5.98,6.04,5.997587818937338,1.0041696608349902,0.27,0.0063999999999999994,1066.6666666666667,0.24,,,,,,,,,,
51,case_00051_induction_machine_like_3ph_scr5.0_n0.010_r3.csv,/root/phd_thesis/Z_Synthetic_Family_Library_v2/waveforms/case_00051_induction_machine_like_3ph_scr5.0_n0.010_r3.csv,induction_machine_like,3ph,5.0,0.01,10000,50.0,5.98,6.04,5.999433363743285,1.0158522255242368,0.27,0.0063999999999999994,1066.6666666666667,0.24,,,,,,,,,,
52,case_00052_induction_machine_like_3ph_scr5.0_n0.010_r4.csv,/root/phd_thesis/Z_Synthetic_Family_Library_v2/waveforms/case_00052_induction_machine_like_3ph_scr5.0_n0.010_r4.csv,induction_machine_like,3ph,5.0,0.01,10000,50.0,5.98,6.04,5.999315872184586,1.0608761722987854,0.27,0.0063999999999999994,1066.6666666666667,0.24,,,,,,,,,,
53,case_00053_induction_machine_like_3ph_scr5.0_n0.010_r5.csv,/root/phd_thesis/Z_Synthetic_Family_Library_v2/waveforms/case_00053_induction_machine_like_3ph_scr5.0_n0.010_r5.csv,induction_machine_like,3ph,5.0,0.01,10000,50.0,5.98,6.04,5.9980114397763105,1.0074720132900044,0.27,0.0063999999999999994,1066.6666666666667,0.24,,,,,,,,,,
54,case_00054_induction_machine_like_3ph_scr5.0_n0.010_r6.csv,/root/phd_thesis/Z_Synthetic_Family_Library_v2/waveforms/case_00054_induction_machine_like_3ph_scr5.0_n0.010_r6.csv,induction_machine_like,3ph,5.0,0.01,10000,50.0,5.98,6.04,5.998609619145069,1.0477886432864747,0.27,0.0063999999999999994,1066.6666666666667,0.24,,,,,,,,,,
55,case_00055_induction_machine_like_3ph_scr8.0_n0.002_r1.csv,/root/phd_thesis/Z_Synthetic_Family_Library_v2/waveforms/case_00055_induction_machine_like_3ph_scr8.0_n0.002_r1.csv,induction_machine_like,3ph,8.0,0.002,10000,50.0,5.98,6.04,5.997797013292817,1.0084033739883,0.18000000000000002,0.0055,1286.6666666666665,0.2175,,,,,,,,,,
56,case_00056_induction_machine_like_3ph_scr8.0_n0.002_r2.csv,/root/phd_thesis/Z_Synthetic_Family_Library_v2/waveforms/case_00056_induction_machine_like_3ph_scr8.0_n0.002_r2.csv,induction_machine_like,3ph,8.0,0.002,10000,50.0,5.98,6.04,5.9978812886379025,1.0640471612887792,0.18000000000000002,0.0055,1286.6666666666665,0.2175,,,,,,,,,,
57,case_00057_induction_machine_like_3ph_scr8.0_n0.002_r3.csv,/root/phd_thesis/Z_Synthetic_Family_Library_v2/waveforms/case_00057_induction_machine_like_3ph_scr8.0_n0.002_r3.csv,induction_machine_like,3ph,8.0,0.002,10000,50.0,5.98,6.04,5.9981485901804055,1.0491461653403542,0.18000000000000002,0.0055,1286.6666666666665,0.2175,,,,,,,,,,
58,case_00058_induction_machine_like_3ph_scr8.0_n0.002_r4.csv,/root/phd_thesis/Z_Synthetic_Family_Library_v2/waveforms/case_00058_induction_machine_like_3ph_scr8.0_n0.002_r4.csv,induction_machine_like,3ph,8.0,0.002,10000,50.0,5.98,6.04,5.9996321707482005,1.062803406045965,0.18000000000000002,0.0055,1286.6666666666665,0.2175,,,,,,,,,,
59,case_00059_induction_machine_like_3ph_scr8.0_n0.002_r5.csv,/root/phd_thesis/Z_Synthetic_Family_Library_v2/waveforms/case_00059_induction_machine_like_3ph_scr8.0_n0.002_r5.csv,induction_machine_like,3ph,8.0,0.002,10000,50.0,5.98,6.04,5.999460072494219,1.0600702380129525,0.18000000000000002,0.0055,1286.6666666666665,0.2175,,,,,,,,,,
60,case_00060_induction_machine_like_3ph_scr8.0_n0.002_r6.csv,/root/phd_thesis/Z_Synthetic_Family_Library_v2/waveforms/case_00060_induction_machine_like_3ph_scr8.0_n0.002_r6.csv,induction_machine_like,3ph,8.0,0.002,10000,50.0,5.98,6.04,5.997929549284145,1.0117492599703286,0.18000000000000002,0.0055,1286.6666666666665,0.2175,,,,,,,,,,
61,case_00061_induction_machine_like_3ph_scr8.0_n0.005_r1.csv,/root/phd_thesis/Z_Synthetic_Family_Library_v2/waveforms/case_00061_induction_machine_like_3ph_scr8.0_n0.005_r1.csv,induction_machine_like,3ph,8.0,0.005,10000,50.0,5.98,6.04,5.999106577479319,1.0260488515075548,0.18000000000000002,0.0055,1286.6666666666665,0.2175,,,,,,,,,,
62,case_00062_induction_machine_like_3ph_scr8.0_n0.005_r2.csv,/root/phd_thesis/Z_Synthetic_Family_Library_v2/waveforms/case_00062_induction_machine_like_3ph_scr8.0_n0.005_r2.csv,induction_machine_like,3ph,8.0,0.005,10000,50.0,5.98,6.04,5.999933407809011,1.0777293237319794,0.18000000000000002,0.0055,1286.6666666666665,0.2175,,,,,,,,,,
63,case_00063_induction_machine_like_3ph_scr8.0_n0.005_r3.csv,/root/phd_thesis/Z_Synthetic_Family_Library_v2/waveforms/case_00063_induction_machine_like_3ph_scr8.0_n0.005_r3.csv,induction_machine_like,3ph,8.0,0.005,10000,50.0,5.98,6.04,6.000320256102922,1.0238728997874975,0.18000000000000002,0.0055,1286.6666666666665,0.2175,,,,,,,,,,
64,case_00064_induction_machine_like_3ph_scr8.0_n0.005_r4.csv,/root/phd_thesis/Z_Synthetic_Family_Library_v2/waveforms/case_00064_induction_machine_like_3ph_scr8.0_n0.005_r4.csv,induction_machine_like,3ph,8.0,0.005,10000,50.0,5.98,6.04,5.9991497068298845,1.065445139095135,0.18000000000000002,0.0055,1286.6666666666665,0.2175,,,,,,,,,,
65,case_00065_induction_machine_like_3ph_scr8.0_n0.005_r5.csv,/root/phd_thesis/Z_Synthetic_Family_Library_v2/waveforms/case_00065_induction_machine_like_3ph_scr8.0_n0.005_r5.csv,induction_machine_like,3ph,8.0,0.005,10000,50.0,5.98,6.04,6.000073894898748,1.0520188225025116,0.18000000000000002,0.0055,1286.6666666666665,0.2175,,,,,,,,,,
66,case_00066_induction_machine_like_3ph_scr8.0_n0.005_r6.csv,/root/phd_thesis/Z_Synthetic_Family_Library_v2/waveforms/case_00066_induction_machine_like_3ph_scr8.0_n0.005_r6.csv,induction_machine_like,3ph,8.0,0.005,10000,50.0,5.98,6.04,5.9986802211859604,1.0388951612726498,0.18000000000000002,0.0055,1286.6666666666665,0.2175,,,,,,,,,,
67,case_00067_induction_machine_like_3ph_scr8.0_n0.010_r1.csv,/root/phd_thesis/Z_Synthetic_Family_Library_v2/waveforms/case_00067_induction_machine_like_3ph_scr8.0_n0.010_r1.csv,induction_machine_like,3ph,8.0,0.01,10000,50.0,5.98,6.04,5.9994857994036295,1.0380144908705005,0.18000000000000002,0.0055,1286.6666666666665,0.2175,,,,,,,,,,
68,case_00068_induction_machine_like_3ph_scr8.0_n0.010_r2.csv,/root/phd_thesis/Z_Synthetic_Family_Library_v2/waveforms/case_00068_induction_machine_like_3ph_scr8.0_n0.010_r2.csv,induction_machine_like,3ph,8.0,0.01,10000,50.0,5.98,6.04,6.000017771203786,1.0124348274847728,0.18000000000000002,0.0055,1286.6666666666665,0.2175,,,,,,,,,,
69,case_00069_induction_machine_like_3ph_scr8.0_n0.010_r3.csv,/root/phd_thesis/Z_Synthetic_Family_Library_v2/waveforms/case_00069_induction_machine_like_3ph_scr8.0_n0.010_r3.csv,induction_machine_like,3ph,8.0,0.01,10000,50.0,5.98,6.04,5.998850613399072,1.0483553792304752,0.18000000000000002,0.0055,1286.6666666666665,0.2175,,,,,,,,,,
70,case_00070_induction_machine_like_3ph_scr8.0_n0.010_r4.csv,/root/phd_thesis/Z_Synthetic_Family_Library_v2/waveforms/case_00070_induction_machine_like_3ph_scr8.0_n0.010_r4.csv,induction_machine_like,3ph,8.0,0.01,10000,50.0,5.98,6.04,6.000242992477366,1.065806381019995,0.18000000000000002,0.0055,1286.6666666666665,0.2175,,,,,,,,,,
71,case_00071_induction_machine_like_3ph_scr8.0_n0.010_r5.csv,/root/phd_thesis/Z_Synthetic_Family_Library_v2/waveforms/case_00071_induction_machine_like_3ph_scr8.0_n0.010_r5.csv,induction_machine_like,3ph,8.0,0.01,10000,50.0,5.98,6.04,5.997743733178015,1.0203354497516814,0.18000000000000002,0.0055,1286.6666666666665,0.2175,,,,,,,,,,
72,case_00072_induction_machine_like_3ph_scr8.0_n0.010_r6.csv,/root/phd_thesis/Z_Synthetic_Family_Library_v2/waveforms/case_00072_induction_machine_like_3ph_scr8.0_n0.010_r6.csv,induction_machine_like,3ph,8.0,0.01,10000,50.0,5.98,6.04,5.997666987042682,1.0046749800910222,0.18000000000000002,0.0055,1286.6666666666665,0.2175,,,,,,,,,,
73,case_00073_induction_machine_like_slg_a_scr2.0_n0.002_r1.csv,/root/phd_thesis/Z_Synthetic_Family_Library_v2/waveforms/case_00073_induction_machine_like_slg_a_scr2.0_n0.002_r1.csv,induction_machine_like,slg_a,2.0,0.002,10000,50.0,5.98,6.04,5.997553670706023,1.078528566167356,0.5249999999999999,0.01,846.6666666666666,0.33,,,,,,,,,,
74,case_00074_induction_machine_like_slg_a_scr2.0_n0.002_r2.csv,/root/phd_thesis/Z_Synthetic_Family_Library_v2/waveforms/case_00074_induction_machine_like_slg_a_scr2.0_n0.002_r2.csv,induction_machine_like,slg_a,2.0,0.002,10000,50.0,5.98,6.04,5.997626215131514,1.0483282443129425,0.5249999999999999,0.01,846.6666666666666,0.33,,,,,,,,,,
75,case_00075_induction_machine_like_slg_a_scr2.0_n0.002_r3.csv,/root/phd_thesis/Z_Synthetic_Family_Library_v2/waveforms/case_00075_induction_machine_like_slg_a_scr2.0_n0.002_r3.csv,induction_machine_like,slg_a,2.0,0.002,10000,50.0,5.98,6.04,5.998410278919095,1.0156999217208136,0.5249999999999999,0.01,846.6666666666666,0.33,,,,,,,,,,
76,case_00076_induction_machine_like_slg_a_scr2.0_n0.002_r4.csv,/root/phd_thesis/Z_Synthetic_Family_Library_v2/waveforms/case_00076_induction_machine_like_slg_a_scr2.0_n0.002_r4.csv,induction_machine_like,slg_a,2.0,0.002,10000,50.0,5.98,6.04,5.9982796790458766,1.0785866507292134,0.5249999999999999,0.01,846.6666666666666,0.33,,,,,,,,,,
77,case_00077_induction_machine_like_slg_a_scr2.0_n0.002_r5.csv,/root/phd_thesis/Z_Synthetic_Family_Library_v2/waveforms/case_00077_induction_machine_like_slg_a_scr2.0_n0.002_r5.csv,induction_machine_like,slg_a,2.0,0.002,10000,50.0,5.98,6.04,5.9981040365631655,1.0036304946792565,0.5249999999999999,0.01,846.6666666666666,0.33,,,,,,,,,,
78,case_00078_induction_machine_like_slg_a_scr2.0_n0.002_r6.csv,/root/phd_thesis/Z_Synthetic_Family_Library_v2/waveforms/case_00078_induction_machine_like_slg_a_scr2.0_n0.002_r6.csv,induction_machine_like,slg_a,2.0,0.002,10000,50.0,5.98,6.04,5.997765344459969,1.0457305911962742,0.5249999999999999,0.01,846.6666666666666,0.33,,,,,,,,,,
79,case_00079_induction_machine_like_slg_a_scr2.0_n0.005_r1.csv,/root/phd_thesis/Z_Synthetic_Family_Library_v2/waveforms/case_00079_induction_machine_like_slg_a_scr2.0_n0.005_r1.csv,induction_machine_like,slg_a,2.0,0.005,10000,50.0,5.98,6.04,5.99957450013643,1.0390077720847197,0.5249999999999999,0.01,846.6666666666666,0.33,,,,,,,,,,
80,case_00080_induction_machine_like_slg_a_scr2.0_n0.005_r2.csv,/root/phd_thesis/Z_Synthetic_Family_Library_v2/waveforms/case_00080_induction_machine_like_slg_a_scr2.0_n0.005_r2.csv,induction_machine_like,slg_a,2.0,0.005,10000,50.0,5.98,6.04,5.998482337833481,1.065722900627675,0.5249999999999999,0.01,846.6666666666666,0.33,,,,,,,,,,
81,case_00081_induction_machine_like_slg_a_scr2.0_n0.005_r3.csv,/root/phd_thesis/Z_Synthetic_Family_Library_v2/waveforms/case_00081_induction_machine_like_slg_a_scr2.0_n0.005_r3.csv,induction_machine_like,slg_a,2.0,0.005,10000,50.0,5.98,6.04,5.9983054169583365,1.0569077938634368,0.5249999999999999,0.01,846.6666666666666,0.33,,,,,,,,,,
82,case_00082_induction_machine_like_slg_a_scr2.0_n0.005_r4.csv,/root/phd_thesis/Z_Synthetic_Family_Library_v2/waveforms/case_00082_induction_machine_like_slg_a_scr2.0_n0.005_r4.csv,induction_machine_like,slg_a,2.0,0.005,10000,50.0,5.98,6.04,5.998665076138095,1.0652276525929527,0.5249999999999999,0.01,846.6666666666666,0.33,,,,,,,,,,
83,case_00083_induction_machine_like_slg_a_scr2.0_n0.005_r5.csv,/root/phd_thesis/Z_Synthetic_Family_Library_v2/waveforms/case_00083_induction_machine_like_slg_a_scr2.0_n0.005_r5.csv,induction_machine_like,slg_a,2.0,0.005,10000,50.0,5.98,6.04,5.997721005049985,1.0241990209573273,0.5249999999999999,0.01,846.6666666666666,0.33,,,,,,,,,,
84,case_00084_induction_machine_like_slg_a_scr2.0_n0.005_r6.csv,/root/phd_thesis/Z_Synthetic_Family_Library_v2/waveforms/case_00084_induction_machine_like_slg_a_scr2.0_n0.005_r6.csv,induction_machine_like,slg_a,2.0,0.005,10000,50.0,5.98,6.04,5.9980519338256375,1.046941811515848,0.5249999999999999,0.01,846.6666666666666,0.33,,,,,,,,,,
85,case_00085_induction_machine_like_slg_a_scr2.0_n0.010_r1.csv,/root/phd_thesis/Z_Synthetic_Family_Library_v2/waveforms/case_00085_induction_machine_like_slg_a_scr2.0_n0.010_r1.csv,induction_machine_like,slg_a,2.0,0.01,10000,50.0,5.98,6.04,5.998161916575345,1.0657321858763111,0.5249999999999999,0.01,846.6666666666666,0.33,,,,,,,,,,
86,case_00086_induction_machine_like_slg_a_scr2.0_n0.010_r2.csv,/root/phd_thesis/Z_Synthetic_Family_Library_v2/waveforms/case_00086_induction_machine_like_slg_a_scr2.0_n0.010_r2.csv,induction_machine_like,slg_a,2.0,0.01,10000,50.0,5.98,6.04,6.000213140376228,1.012203812624978,0.5249999999999999,0.01,846.6666666666666,0.33,,,,,,,,,,
87,case_00087_induction_machine_like_slg_a_scr2.0_n0.010_r3.csv,/root/phd_thesis/Z_Synthetic_Family_Library_v2/waveforms/case_00087_induction_machine_like_slg_a_scr2.0_n0.010_r3.csv,induction_machine_like,slg_a,2.0,0.01,10000,50.0,5.98,6.04,5.99922775972416,1.0062975056819083,0.5249999999999999,0.01,846.6666666666666,0.33,,,,,,,,,,
88,case_00088_induction_machine_like_slg_a_scr2.0_n0.010_r4.csv,/root/phd_thesis/Z_Synthetic_Family_Library_v2/waveforms/case_00088_induction_machine_like_slg_a_scr2.0_n0.010_r4.csv,induction_machine_like,slg_a,2.0,0.01,10000,50.0,5.98,6.04,5.999410989634432,1.0760738913984909,0.5249999999999999,0.01,846.6666666666666,0.33,,,,,,,,,,
89,case_00089_induction_machine_like_slg_a_scr2.0_n0.010_r5.csv,/root/phd_thesis/Z_Synthetic_Family_Library_v2/waveforms/case_00089_induction_machine_like_slg_a_scr2.0_n0.010_r5.csv,induction_machine_like,slg_a,2.0,0.01,10000,50.0,5.98,6.04,6.000378326270214,1.0772473876769824,0.5249999999999999,0.01,846.6666666666666,0.33,,,,,,,,,,
90,case_00090_induction_machine_like_slg_a_scr2.0_n0.010_r6.csv,/root/phd_thesis/Z_Synthetic_Family_Library_v2/waveforms/case_00090_induction_machine_like_slg_a_scr2.0_n0.010_r6.csv,induction_machine_like,slg_a,2.0,0.01,10000,50.0,5.98,6.04,5.997897281747956,1.0688265975673032,0.5249999999999999,0.01,846.6666666666666,0.33,,,,,,,,,,
91,case_00091_induction_machine_like_slg_a_scr3.0_n0.002_r1.csv,/root/phd_thesis/Z_Synthetic_Family_Library_v2/waveforms/case_00091_induction_machine_like_slg_a_scr3.0_n0.002_r1.csv,induction_machine_like,slg_a,3.0,0.002,10000,50.0,5.98,6.04,5.999492256917221,1.0451961286331817,0.35,0.008,920.0,0.28,,,,,,,,,,
92,case_00092_induction_machine_like_slg_a_scr3.0_n0.002_r2.csv,/root/phd_thesis/Z_Synthetic_Family_Library_v2/waveforms/case_00092_induction_machine_like_slg_a_scr3.0_n0.002_r2.csv,induction_machine_like,slg_a,3.0,0.002,10000,50.0,5.98,6.04,6.000087303646154,1.0638141541347856,0.35,0.008,920.0,0.28,,,,,,,,,,
93,case_00093_induction_machine_like_slg_a_scr3.0_n0.002_r3.csv,/root/phd_thesis/Z_Synthetic_Family_Library_v2/waveforms/case_00093_induction_machine_like_slg_a_scr3.0_n0.002_r3.csv,induction_machine_like,slg_a,3.0,0.002,10000,50.0,5.98,6.04,5.997979753108355,1.0445763399557428,0.35,0.008,920.0,0.28,,,,,,,,,,
94,case_00094_induction_machine_like_slg_a_scr3.0_n0.002_r4.csv,/root/phd_thesis/Z_Synthetic_Family_Library_v2/waveforms/case_00094_induction_machine_like_slg_a_scr3.0_n0.002_r4.csv,induction_machine_like,slg_a,3.0,0.002,10000,50.0,5.98,6.04,6.000492059722246,1.020069528859845,0.35,0.008,920.0,0.28,,,,,,,,,,
95,case_00095_induction_machine_like_slg_a_scr3.0_n0.002_r5.csv,/root/phd_thesis/Z_Synthetic_Family_Library_v2/waveforms/case_00095_induction_machine_like_slg_a_scr3.0_n0.002_r5.csv,induction_machine_like,slg_a,3.0,0.002,10000,50.0,5.98,6.04,5.998087069117309,1.0620484524474938,0.35,0.008,920.0,0.28,,,,,,,,,,
96,case_00096_induction_machine_like_slg_a_scr3.0_n0.002_r6.csv,/root/phd_thesis/Z_Synthetic_Family_Library_v2/waveforms/case_00096_induction_machine_like_slg_a_scr3.0_n0.002_r6.csv,induction_machine_like,slg_a,3.0,0.002,10000,50.0,5.98,6.04,5.998917790672554,1.0296426734691428,0.35,0.008,920.0,0.28,,,,,,,,,,
97,case_00097_induction_machine_like_slg_a_scr3.0_n0.005_r1.csv,/root/phd_thesis/Z_Synthetic_Family_Library_v2/waveforms/case_00097_induction_machine_like_slg_a_scr3.0_n0.005_r1.csv,induction_machine_like,slg_a,3.0,0.005,10000,50.0,5.98,6.04,5.998565268030112,1.062120619857166,0.35,0.008,920.0,0.28,,,,,,,,,,
98,case_00098_induction_machine_like_slg_a_scr3.0_n0.005_r2.csv,/root/phd_thesis/Z_Synthetic_Family_Library_v2/waveforms/case_00098_induction_machine_like_slg_a_scr3.0_n0.005_r2.csv,induction_machine_like,slg_a,3.0,0.005,10000,50.0,5.98,6.04,5.998075137928048,1.0771137278261453,0.35,0.008,920.0,0.28,,,,,,,,,,
99,case_00099_induction_machine_like_slg_a_scr3.0_n0.005_r3.csv,/root/phd_thesis/Z_Synthetic_Family_Library_v2/waveforms/case_00099_induction_machine_like_slg_a_scr3.0_n0.005_r3.csv,induction_machine_like,slg_a,3.0,0.005,10000,50.0,5.98,6.04,5.999694498094831,1.063884409423391,0.35,0.008,920.0,0.28,,,,,,,,,,
100,case_00100_induction_machine_like_slg_a_scr3.0_n0.005_r4.csv,/root/phd_thesis/Z_Synthetic_Family_Library_v2/waveforms/case_00100_induction_machine_like_slg_a_scr3.0_n0.005_r4.csv,induction_machine_like,slg_a,3.0,0.005,10000,50.0,5.98,6.04,5.998612803750679,1.063284309552249,0.35,0.008,920.0,0.28,,,,,,,,,,
101,case_00101_induction_machine_like_slg_a_scr3.0_n0.005_r5.csv,/root/phd_thesis/Z_Synthetic_Family_Library_v2/waveforms/case_00101_induction_machine_like_slg_a_scr3.0_n0.005_r5.csv,induction_machine_like,slg_a,3.0,0.005,10000,50.0,5.98,6.04,5.999520787190255,1.0262876156068548,0.35,0.008,920.0,0.28,,,,,,,,,,
102,case_00102_induction_machine_like_slg_a_scr3.0_n0.005_r6.csv,/root/phd_thesis/Z_Synthetic_Family_Library_v2/waveforms/case_00102_induction_machine_like_slg_a_scr3.0_n0.005_r6.csv,induction_machine_like,slg_a,3.0,0.005,10000,50.0,5.98,6.04,6.000464213809574,1.079442021977431,0.35,0.008,920.0,0.28,,,,,,,,,,
103,case_00103_induction_machine_like_slg_a_scr3.0_n0.010_r1.csv,/root/phd_thesis/Z_Synthetic_Family_Library_v2/waveforms/case_00103_induction_machine_like_slg_a_scr3.0_n0.010_r1.csv,induction_machine_like,slg_a,3.0,0.01,10000,50.0,5.98,6.04,5.998792821579728,1.0462676412745695,0.35,0.008,920.0,0.28,,,,,,,,,,
104,case_00104_induction_machine_like_slg_a_scr3.0_n0.010_r2.csv,/root/phd_thesis/Z_Synthetic_Family_Library_v2/waveforms/case_00104_induction_machine_like_slg_a_scr3.0_n0.010_r2.csv,induction_machine_like,slg_a,3.0,0.01,10000,50.0,5.98,6.04,5.9999625333531235,1.0513160831481887,0.35,0.008,920.0,0.28,,,,,,,,,,
105,case_00105_induction_machine_like_slg_a_scr3.0_n0.010_r3.csv,/root/phd_thesis/Z_Synthetic_Family_Library_v2/waveforms/case_00105_induction_machine_like_slg_a_scr3.0_n0.010_r3.csv,induction_machine_like,slg_a,3.0,0.01,10000,50.0,5.98,6.04,5.997731360619486,1.0677808185997129,0.35,0.008,920.0,0.28,,,,,,,,,,
106,case_00106_induction_machine_like_slg_a_scr3.0_n0.010_r4.csv,/root/phd_thesis/Z_Synthetic_Family_Library_v2/waveforms/case_00106_induction_machine_like_slg_a_scr3.0_n0.010_r4.csv,induction_machine_like,slg_a,3.0,0.01,10000,50.0,5.98,6.04,5.99852380133177,1.0460220929875208,0.35,0.008,920.0,0.28,,,,,,,,,,
107,case_00107_induction_machine_like_slg_a_scr3.0_n0.010_r5.csv,/root/phd_thesis/Z_Synthetic_Family_Library_v2/waveforms/case_00107_induction_machine_like_slg_a_scr3.0_n0.010_r5.csv,induction_machine_like,slg_a,3.0,0.01,10000,50.0,5.98,6.04,5.999628189225627,1.0080577619976872,0.35,0.008,920.0,0.28,,,,,,,,,,
108,case_00108_induction_machine_like_slg_a_scr3.0_n0.010_r6.csv,/root/phd_thesis/Z_Synthetic_Family_Library_v2/waveforms/case_00108_induction_machine_like_slg_a_scr3.0_n0.010_r6.csv,induction_machine_like,slg_a,3.0,0.01,10000,50.0,5.98,6.04,5.9988567463425735,1.0792796225658807,0.35,0.008,920.0,0.28,,,,,,,,,,
109,case_00109_induction_machine_like_slg_a_scr5.0_n0.002_r1.csv,/root/phd_thesis/Z_Synthetic_Family_Library_v2/waveforms/case_00109_induction_machine_like_slg_a_scr5.0_n0.002_r1.csv,induction_machine_like,slg_a,5.0,0.002,10000,50.0,5.98,6.04,5.9988747347700855,1.0521140429360396,0.21,0.0063999999999999994,1066.6666666666667,0.24,,,,,,,,,,
110,case_00110_induction_machine_like_slg_a_scr5.0_n0.002_r2.csv,/root/phd_thesis/Z_Synthetic_Family_Library_v2/waveforms/case_00110_induction_machine_like_slg_a_scr5.0_n0.002_r2.csv,induction_machine_like,slg_a,5.0,0.002,10000,50.0,5.98,6.04,5.9988048761798805,1.0028042566343351,0.21,0.0063999999999999994,1066.6666666666667,0.24,,,,,,,,,,
111,case_00111_induction_machine_like_slg_a_scr5.0_n0.002_r3.csv,/root/phd_thesis/Z_Synthetic_Family_Library_v2/waveforms/case_00111_induction_machine_like_slg_a_scr5.0_n0.002_r3.csv,induction_machine_like,slg_a,5.0,0.002,10000,50.0,5.98,6.04,5.99801170190178,1.066579943427393,0.21,0.0063999999999999994,1066.6666666666667,0.24,,,,,,,,,,
112,case_00112_induction_machine_like_slg_a_scr5.0_n0.002_r4.csv,/root/phd_thesis/Z_Synthetic_Family_Library_v2/waveforms/case_00112_induction_machine_like_slg_a_scr5.0_n0.002_r4.csv,induction_machine_like,slg_a,5.0,0.002,10000,50.0,5.98,6.04,6.000308076218677,1.0336811850130718,0.21,0.0063999999999999994,1066.6666666666667,0.24,,,,,,,,,,
113,case_00113_induction_machine_like_slg_a_scr5.0_n0.002_r5.csv,/root/phd_thesis/Z_Synthetic_Family_Library_v2/waveforms/case_00113_induction_machine_like_slg_a_scr5.0_n0.002_r5.csv,induction_machine_like,slg_a,5.0,0.002,10000,50.0,5.98,6.04,5.99971927943551,1.057885500817863,0.21,0.0063999999999999994,1066.6666666666667,0.24,,,,,,,,,,
114,case_00114_induction_machine_like_slg_a_scr5.0_n0.002_r6.csv,/root/phd_thesis/Z_Synthetic_Family_Library_v2/waveforms/case_00114_induction_machine_like_slg_a_scr5.0_n0.002_r6.csv,induction_machine_like,slg_a,5.0,0.002,10000,50.0,5.98,6.04,5.999651401673421,1.0095121116986214,0.21,0.0063999999999999994,1066.6666666666667,0.24,,,,,,,,,,
115,case_00115_induction_machine_like_slg_a_scr5.0_n0.005_r1.csv,/root/phd_thesis/Z_Synthetic_Family_Library_v2/waveforms/case_00115_induction_machine_like_slg_a_scr5.0_n0.005_r1.csv,induction_machine_like,slg_a,5.0,0.005,10000,50.0,5.98,6.04,6.000113846993299,1.0050226183705064,0.21,0.0063999999999999994,1066.6666666666667,0.24,,,,,,,,,,
116,case_00116_induction_machine_like_slg_a_scr5.0_n0.005_r2.csv,/root/phd_thesis/Z_Synthetic_Family_Library_v2/waveforms/case_00116_induction_machine_like_slg_a_scr5.0_n0.005_r2.csv,induction_machine_like,slg_a,5.0,0.005,10000,50.0,5.98,6.04,5.998274852511045,1.0097316865555248,0.21,0.0063999999999999994,1066.6666666666667,0.24,,,,,,,,,,
117,case_00117_induction_machine_like_slg_a_scr5.0_n0.005_r3.csv,/root/phd_thesis/Z_Synthetic_Family_Library_v2/waveforms/case_00117_induction_machine_like_slg_a_scr5.0_n0.005_r3.csv,induction_machine_like,slg_a,5.0,0.005,10000,50.0,5.98,6.04,5.998459934406393,1.0030886171574347,0.21,0.0063999999999999994,1066.6666666666667,0.24,,,,,,,,,,
118,case_00118_induction_machine_like_slg_a_scr5.0_n0.005_r4.csv,/root/phd_thesis/Z_Synthetic_Family_Library_v2/waveforms/case_00118_induction_machine_like_slg_a_scr5.0_n0.005_r4.csv,induction_machine_like,slg_a,5.0,0.005,10000,50.0,5.98,6.04,5.998568374945764,1.0009323893286224,0.21,0.0063999999999999994,1066.6666666666667,0.24,,,,,,,,,,
119,case_00119_induction_machine_like_slg_a_scr5.0_n0.005_r5.csv,/root/phd_thesis/Z_Synthetic_Family_Library_v2/waveforms/case_00119_induction_machine_like_slg_a_scr5.0_n0.005_r5.csv,induction_machine_like,slg_a,5.0,0.005,10000,50.0,5.98,6.04,5.999296172782174,1.0702262139301288,0.21,0.0063999999999999994,1066.6666666666667,0.24,,,,,,,,,,
120,case_00120_induction_machine_like_slg_a_scr5.0_n0.005_r6.csv,/root/phd_thesis/Z_Synthetic_Family_Library_v2/waveforms/case_00120_induction_machine_like_slg_a_scr5.0_n0.005_r6.csv,induction_machine_like,slg_a,5.0,0.005,10000,50.0,5.98,6.04,6.000399745569135,1.0397886331506574,0.21,0.0063999999999999994,1066.6666666666667,0.24,,,,,,,,,,
121,case_00121_induction_machine_like_slg_a_scr5.0_n0.010_r1.csv,/root/phd_thesis/Z_Synthetic_Family_Library_v2/waveforms/case_00121_induction_machine_like_slg_a_scr5.0_n0.010_r1.csv,induction_machine_like,slg_a,5.0,0.01,10000,50.0,5.98,6.04,5.998381499039687,1.0303167625638407,0.21,0.0063999999999999994,1066.6666666666667,0.24,,,,,,,,,,
122,case_00122_induction_machine_like_slg_a_scr5.0_n0.010_r2.csv,/root/phd_thesis/Z_Synthetic_Family_Library_v2/waveforms/case_00122_induction_machine_like_slg_a_scr5.0_n0.010_r2.csv,induction_machine_like,slg_a,5.0,0.01,10000,50.0,5.98,6.04,6.000264196529572,1.0642007715810657,0.21,0.0063999999999999994,1066.6666666666667,0.24,,,,,,,,,,
123,case_00123_induction_machine_like_slg_a_scr5.0_n0.010_r3.csv,/root/phd_thesis/Z_Synthetic_Family_Library_v2/waveforms/case_00123_induction_machine_like_slg_a_scr5.0_n0.010_r3.csv,induction_machine_like,slg_a,5.0,0.01,10000,50.0,5.98,6.04,5.998026041541796,1.053455688357958,0.21,0.0063999999999999994,1066.6666666666667,0.24,,,,,,,,,,
124,case_00124_induction_machine_like_slg_a_scr5.0_n0.010_r4.csv,/root/phd_thesis/Z_Synthetic_Family_Library_v2/waveforms/case_00124_induction_machine_like_slg_a_scr5.0_n0.010_r4.csv,induction_machine_like,slg_a,5.0,0.01,10000,50.0,5.98,6.04,5.997629179169583,1.0538141703667272,0.21,0.0063999999999999994,1066.6666666666667,0.24,,,,,,,,,,
125,case_00125_induction_machine_like_slg_a_scr5.0_n0.010_r5.csv,/root/phd_thesis/Z_Synthetic_Family_Library_v2/waveforms/case_00125_induction_machine_like_slg_a_scr5.0_n0.010_r5.csv,induction_machine_like,slg_a,5.0,0.01,10000,50.0,5.98,6.04,5.998732270023409,1.04288404099702,0.21,0.0063999999999999994,1066.6666666666667,0.24,,,,,,,,,,
126,case_00126_induction_machine_like_slg_a_scr5.0_n0.010_r6.csv,/root/phd_thesis/Z_Synthetic_Family_Library_v2/waveforms/case_00126_induction_machine_like_slg_a_scr5.0_n0.010_r6.csv,induction_machine_like,slg_a,5.0,0.01,10000,50.0,5.98,6.04,5.998535913528705,1.0771204720024097,0.21,0.0063999999999999994,1066.6666666666667,0.24,,,,,,,,,,
127,case_00127_induction_machine_like_slg_a_scr8.0_n0.002_r1.csv,/root/phd_thesis/Z_Synthetic_Family_Library_v2/waveforms/case_00127_induction_machine_like_slg_a_scr8.0_n0.002_r1.csv,induction_machine_like,slg_a,8.0,0.002,10000,50.0,5.98,6.04,5.998513886063432,1.039418438731973,0.13999999999999999,0.0055,1286.6666666666665,0.2175,,,,,,,,,,
128,case_00128_induction_machine_like_slg_a_scr8.0_n0.002_r2.csv,/root/phd_thesis/Z_Synthetic_Family_Library_v2/waveforms/case_00128_induction_machine_like_slg_a_scr8.0_n0.002_r2.csv,induction_machine_like,slg_a,8.0,0.002,10000,50.0,5.98,6.04,5.9987327504056465,1.0280649939678135,0.13999999999999999,0.0055,1286.6666666666665,0.2175,,,,,,,,,,
129,case_00129_induction_machine_like_slg_a_scr8.0_n0.002_r3.csv,/root/phd_thesis/Z_Synthetic_Family_Library_v2/waveforms/case_00129_induction_machine_like_slg_a_scr8.0_n0.002_r3.csv,induction_machine_like,slg_a,8.0,0.002,10000,50.0,5.98,6.04,5.998500944076674,1.0383398219113005,0.13999999999999999,0.0055,1286.6666666666665,0.2175,,,,,,,,,,
130,case_00130_induction_machine_like_slg_a_scr8.0_n0.002_r4.csv,/root/phd_thesis/Z_Synthetic_Family_Library_v2/waveforms/case_00130_induction_machine_like_slg_a_scr8.0_n0.002_r4.csv,induction_machine_like,slg_a,8.0,0.002,10000,50.0,5.98,6.04,5.997810528512507,1.0531182096013028,0.13999999999999999,0.0055,1286.6666666666665,0.2175,,,,,,,,,,
131,case_00131_induction_machine_like_slg_a_scr8.0_n0.002_r5.csv,/root/phd_thesis/Z_Synthetic_Family_Library_v2/waveforms/case_00131_induction_machine_like_slg_a_scr8.0_n0.002_r5.csv,induction_machine_like,slg_a,8.0,0.002,10000,50.0,5.98,6.04,5.999607027172247,1.0633480795012833,0.13999999999999999,0.0055,1286.6666666666665,0.2175,,,,,,,,,,
132,case_00132_induction_machine_like_slg_a_scr8.0_n0.002_r6.csv,/root/phd_thesis/Z_Synthetic_Family_Library_v2/waveforms/case_00132_induction_machine_like_slg_a_scr8.0_n0.002_r6.csv,induction_machine_like,slg_a,8.0,0.002,10000,50.0,5.98,6.04,5.998431716160916,1.0798540331912219,0.13999999999999999,0.0055,1286.6666666666665,0.2175,,,,,,,,,,
133,case_00133_induction_machine_like_slg_a_scr8.0_n0.005_r1.csv,/root/phd_thesis/Z_Synthetic_Family_Library_v2/waveforms/case_00133_induction_machine_like_slg_a_scr8.0_n0.005_r1.csv,induction_machine_like,slg_a,8.0,0.005,10000,50.0,5.98,6.04,5.998035906581372,1.0371406005653279,0.13999999999999999,0.0055,1286.6666666666665,0.2175,,,,,,,,,,
134,case_00134_induction_machine_like_slg_a_scr8.0_n0.005_r2.csv,/root/phd_thesis/Z_Synthetic_Family_Library_v2/waveforms/case_00134_induction_machine_like_slg_a_scr8.0_n0.005_r2.csv,induction_machine_like,slg_a,8.0,0.005,10000,50.0,5.98,6.04,6.000478154144669,1.06564886857731,0.13999999999999999,0.0055,1286.6666666666665,0.2175,,,,,,,,,,
135,case_00135_induction_machine_like_slg_a_scr8.0_n0.005_r3.csv,/root/phd_thesis/Z_Synthetic_Family_Library_v2/waveforms/case_00135_induction_machine_like_slg_a_scr8.0_n0.005_r3.csv,induction_machine_like,slg_a,8.0,0.005,10000,50.0,5.98,6.04,5.997766882264064,1.078760270103287,0.13999999999999999,0.0055,1286.6666666666665,0.2175,,,,,,,,,,
136,case_00136_induction_machine_like_slg_a_scr8.0_n0.005_r4.csv,/root/phd_thesis/Z_Synthetic_Family_Library_v2/waveforms/case_00136_induction_machine_like_slg_a_scr8.0_n0.005_r4.csv,induction_machine_like,slg_a,8.0,0.005,10000,50.0,5.98,6.04,5.99869454661384,1.0619035428676118,0.13999999999999999,0.0055,1286.6666666666665,0.2175,,,,,,,,,,
137,case_00137_induction_machine_like_slg_a_scr8.0_n0.005_r5.csv,/root/phd_thesis/Z_Synthetic_Family_Library_v2/waveforms/case_00137_induction_machine_like_slg_a_scr8.0_n0.005_r5.csv,induction_machine_like,slg_a,8.0,0.005,10000,50.0,5.98,6.04,5.998767286077499,1.071477262938274,0.13999999999999999,0.0055,1286.6666666666665,0.2175,,,,,,,,,,
138,case_00138_induction_machine_like_slg_a_scr8.0_n0.005_r6.csv,/root/phd_thesis/Z_Synthetic_Family_Library_v2/waveforms/case_00138_induction_machine_like_slg_a_scr8.0_n0.005_r6.csv,induction_machine_like,slg_a,8.0,0.005,10000,50.0,5.98,6.04,5.998555611568781,1.0090947366619598,0.13999999999999999,0.0055,1286.6666666666665,0.2175,,,,,,,,,,
139,case_00139_induction_machine_like_slg_a_scr8.0_n0.010_r1.csv,/root/phd_thesis/Z_Synthetic_Family_Library_v2/waveforms/case_00139_induction_machine_like_slg_a_scr8.0_n0.010_r1.csv,induction_machine_like,slg_a,8.0,0.01,10000,50.0,5.98,6.04,5.999764109832214,1.0181531953350145,0.13999999999999999,0.0055,1286.6666666666665,0.2175,,,,,,,,,,
140,case_00140_induction_machine_like_slg_a_scr8.0_n0.010_r2.csv,/root/phd_thesis/Z_Synthetic_Family_Library_v2/waveforms/case_00140_induction_machine_like_slg_a_scr8.0_n0.010_r2.csv,induction_machine_like,slg_a,8.0,0.01,10000,50.0,5.98,6.04,5.99802165256837,1.0111845986996937,0.13999999999999999,0.0055,1286.6666666666665,0.2175,,,,,,,,,,
141,case_00141_induction_machine_like_slg_a_scr8.0_n0.010_r3.csv,/root/phd_thesis/Z_Synthetic_Family_Library_v2/waveforms/case_00141_induction_machine_like_slg_a_scr8.0_n0.010_r3.csv,induction_machine_like,slg_a,8.0,0.01,10000,50.0,5.98,6.04,5.997682963150893,1.020246738627037,0.13999999999999999,0.0055,1286.6666666666665,0.2175,,,,,,,,,,
142,case_00142_induction_machine_like_slg_a_scr8.0_n0.010_r4.csv,/root/phd_thesis/Z_Synthetic_Family_Library_v2/waveforms/case_00142_induction_machine_like_slg_a_scr8.0_n0.010_r4.csv,induction_machine_like,slg_a,8.0,0.01,10000,50.0,5.98,6.04,5.998926226018442,1.031912528888424,0.13999999999999999,0.0055,1286.6666666666665,0.2175,,,,,,,,,,
143,case_00143_induction_machine_like_slg_a_scr8.0_n0.010_r5.csv,/root/phd_thesis/Z_Synthetic_Family_Library_v2/waveforms/case_00143_induction_machine_like_slg_a_scr8.0_n0.010_r5.csv,induction_machine_like,slg_a,8.0,0.01,10000,50.0,5.98,6.04,5.997761973940731,1.0133763530219944,0.13999999999999999,0.0055,1286.6666666666665,0.2175,,,,,,,,,,
144,case_00144_induction_machine_like_slg_a_scr8.0_n0.010_r6.csv,/root/phd_thesis/Z_Synthetic_Family_Library_v2/waveforms/case_00144_induction_machine_like_slg_a_scr8.0_n0.010_r6.csv,induction_machine_like,slg_a,8.0,0.01,10000,50.0,5.98,6.04,5.999942270480832,1.0597476689656509,0.13999999999999999,0.0055,1286.6666666666665,0.2175,,,,,,,,,,
145,case_00145_induction_machine_like_slg_b_scr2.0_n0.002_r1.csv,/root/phd_thesis/Z_Synthetic_Family_Library_v2/waveforms/case_00145_induction_machine_like_slg_b_scr2.0_n0.002_r1.csv,induction_machine_like,slg_b,2.0,0.002,10000,50.0,5.98,6.04,5.9985699117643625,1.0601438886841552,0.5249999999999999,0.01,846.6666666666666,0.33,,,,,,,,,,
146,case_00146_induction_machine_like_slg_b_scr2.0_n0.002_r2.csv,/root/phd_thesis/Z_Synthetic_Family_Library_v2/waveforms/case_00146_induction_machine_like_slg_b_scr2.0_n0.002_r2.csv,induction_machine_like,slg_b,2.0,0.002,10000,50.0,5.98,6.04,5.997772081278483,1.009905345423015,0.5249999999999999,0.01,846.6666666666666,0.33,,,,,,,,,,
147,case_00147_induction_machine_like_slg_b_scr2.0_n0.002_r3.csv,/root/phd_thesis/Z_Synthetic_Family_Library_v2/waveforms/case_00147_induction_machine_like_slg_b_scr2.0_n0.002_r3.csv,induction_machine_like,slg_b,2.0,0.002,10000,50.0,5.98,6.04,5.997708052750584,1.0279676084923286,0.5249999999999999,0.01,846.6666666666666,0.33,,,,,,,,,,
148,case_00148_induction_machine_like_slg_b_scr2.0_n0.002_r4.csv,/root/phd_thesis/Z_Synthetic_Family_Library_v2/waveforms/case_00148_induction_machine_like_slg_b_scr2.0_n0.002_r4.csv,induction_machine_like,slg_b,2.0,0.002,10000,50.0,5.98,6.04,5.999774075548743,1.0481514721056668,0.5249999999999999,0.01,846.6666666666666,0.33,,,,,,,,,,
149,case_00149_induction_machine_like_slg_b_scr2.0_n0.002_r5.csv,/root/phd_thesis/Z_Synthetic_Family_Library_v2/waveforms/case_00149_induction_machine_like_slg_b_scr2.0_n0.002_r5.csv,induction_machine_like,slg_b,2.0,0.002,10000,50.0,5.98,6.04,5.997613890929057,1.007403079373373,0.5249999999999999,0.01,846.6666666666666,0.33,,,,,,,,,,
150,case_00150_induction_machine_like_slg_b_scr2.0_n0.002_r6.csv,/root/phd_thesis/Z_Synthetic_Family_Library_v2/waveforms/case_00150_induction_machine_like_slg_b_scr2.0_n0.002_r6.csv,induction_machine_like,slg_b,2.0,0.002,10000,50.0,5.98,6.04,6.000391176022352,1.0172087142974662,0.5249999999999999,0.01,846.6666666666666,0.33,,,,,,,,,,
151,case_00151_induction_machine_like_slg_b_scr2.0_n0.005_r1.csv,/root/phd_thesis/Z_Synthetic_Family_Library_v2/waveforms/case_00151_induction_machine_like_slg_b_scr2.0_n0.005_r1.csv,induction_machine_like,slg_b,2.0,0.005,10000,50.0,5.98,6.04,5.999649015082801,1.0313580719144255,0.5249999999999999,0.01,846.6666666666666,0.33,,,,,,,,,,
152,case_00152_induction_machine_like_slg_b_scr2.0_n0.005_r2.csv,/root/phd_thesis/Z_Synthetic_Family_Library_v2/waveforms/case_00152_induction_machine_like_slg_b_scr2.0_n0.005_r2.csv,induction_machine_like,slg_b,2.0,0.005,10000,50.0,5.98,6.04,5.998733306266334,1.0588825839713203,0.5249999999999999,0.01,846.6666666666666,0.33,,,,,,,,,,
153,case_00153_induction_machine_like_slg_b_scr2.0_n0.005_r3.csv,/root/phd_thesis/Z_Synthetic_Family_Library_v2/waveforms/case_00153_induction_machine_like_slg_b_scr2.0_n0.005_r3.csv,induction_machine_like,slg_b,2.0,0.005,10000,50.0,5.98,6.04,5.999640809108783,1.0224421764939249,0.5249999999999999,0.01,846.6666666666666,0.33,,,,,,,,,,
154,case_00154_induction_machine_like_slg_b_scr2.0_n0.005_r4.csv,/root/phd_thesis/Z_Synthetic_Family_Library_v2/waveforms/case_00154_induction_machine_like_slg_b_scr2.0_n0.005_r4.csv,induction_machine_like,slg_b,2.0,0.005,10000,50.0,5.98,6.04,5.998938127732636,1.0526421252464588,0.5249999999999999,0.01,846.6666666666666,0.33,,,,,,,,,,
155,case_00155_induction_machine_like_slg_b_scr2.0_n0.005_r5.csv,/root/phd_thesis/Z_Synthetic_Family_Library_v2/waveforms/case_00155_induction_machine_like_slg_b_scr2.0_n0.005_r5.csv,induction_machine_like,slg_b,2.0,0.005,10000,50.0,5.98,6.04,5.998906763235647,1.0258749016394184,0.5249999999999999,0.01,846.6666666666666,0.33,,,,,,,,,,
156,case_00156_induction_machine_like_slg_b_scr2.0_n0.005_r6.csv,/root/phd_thesis/Z_Synthetic_Family_Library_v2/waveforms/case_00156_induction_machine_like_slg_b_scr2.0_n0.005_r6.csv,induction_machine_like,slg_b,2.0,0.005,10000,50.0,5.98,6.04,5.999216520097401,1.0276440563555345,0.5249999999999999,0.01,846.6666666666666,0.33,,,,,,,,,,
157,case_00157_induction_machine_like_slg_b_scr2.0_n0.010_r1.csv,/root/phd_thesis/Z_Synthetic_Family_Library_v2/waveforms/case_00157_induction_machine_like_slg_b_scr2.0_n0.010_r1.csv,induction_machine_like,slg_b,2.0,0.01,10000,50.0,5.98,6.04,5.997909381758364,1.0708477074245097,0.5249999999999999,0.01,846.6666666666666,0.33,,,,,,,,,,
158,case_00158_induction_machine_like_slg_b_scr2.0_n0.010_r2.csv,/root/phd_thesis/Z_Synthetic_Family_Library_v2/waveforms/case_00158_induction_machine_like_slg_b_scr2.0_n0.010_r2.csv,induction_machine_like,slg_b,2.0,0.01,10000,50.0,5.98,6.04,5.997530697438391,1.0569328668777862,0.5249999999999999,0.01,846.6666666666666,0.33,,,,,,,,,,
159,case_00159_induction_machine_like_slg_b_scr2.0_n0.010_r3.csv,/root/phd_thesis/Z_Synthetic_Family_Library_v2/waveforms/case_00159_induction_machine_like_slg_b_scr2.0_n0.010_r3.csv,induction_machine_like,slg_b,2.0,0.01,10000,50.0,5.98,6.04,5.999421109121449,1.0031120110245897,0.5249999999999999,0.01,846.6666666666666,0.33,,,,,,,,,,
160,case_00160_induction_machine_like_slg_b_scr2.0_n0.010_r4.csv,/root/phd_thesis/Z_Synthetic_Family_Library_v2/waveforms/case_00160_induction_machine_like_slg_b_scr2.0_n0.010_r4.csv,induction_machine_like,slg_b,2.0,0.01,10000,50.0,5.98,6.04,6.000022812034246,1.0590831702443473,0.5249999999999999,0.01,846.6666666666666,0.33,,,,,,,,,,
161,case_00161_induction_machine_like_slg_b_scr2.0_n0.010_r5.csv,/root/phd_thesis/Z_Synthetic_Family_Library_v2/waveforms/case_00161_induction_machine_like_slg_b_scr2.0_n0.010_r5.csv,induction_machine_like,slg_b,2.0,0.01,10000,50.0,5.98,6.04,5.999649614609984,1.0610905743065542,0.5249999999999999,0.01,846.6666666666666,0.33,,,,,,,,,,
162,case_00162_induction_machine_like_slg_b_scr2.0_n0.010_r6.csv,/root/phd_thesis/Z_Synthetic_Family_Library_v2/waveforms/case_00162_induction_machine_like_slg_b_scr2.0_n0.010_r6.csv,induction_machine_like,slg_b,2.0,0.01,10000,50.0,5.98,6.04,5.997626820191926,1.025982101031923,0.5249999999999999,0.01,846.6666666666666,0.33,,,,,,,,,,
163,case_00163_induction_machine_like_slg_b_scr3.0_n0.002_r1.csv,/root/phd_thesis/Z_Synthetic_Family_Library_v2/waveforms/case_00163_induction_machine_like_slg_b_scr3.0_n0.002_r1.csv,induction_machine_like,slg_b,3.0,0.002,10000,50.0,5.98,6.04,5.998484037341874,1.068500626571083,0.35,0.008,920.0,0.28,,,,,,,,,,
164,case_00164_induction_machine_like_slg_b_scr3.0_n0.002_r2.csv,/root/phd_thesis/Z_Synthetic_Family_Library_v2/waveforms/case_00164_induction_machine_like_slg_b_scr3.0_n0.002_r2.csv,induction_machine_like,slg_b,3.0,0.002,10000,50.0,5.98,6.04,5.999787649017165,1.0411204118917194,0.35,0.008,920.0,0.28,,,,,,,,,,
165,case_00165_induction_machine_like_slg_b_scr3.0_n0.002_r3.csv,/root/phd_thesis/Z_Synthetic_Family_Library_v2/waveforms/case_00165_induction_machine_like_slg_b_scr3.0_n0.002_r3.csv,induction_machine_like,slg_b,3.0,0.002,10000,50.0,5.98,6.04,5.997879437196892,1.0417102091446804,0.35,0.008,920.0,0.28,,,,,,,,,,
166,case_00166_induction_machine_like_slg_b_scr3.0_n0.002_r4.csv,/root/phd_thesis/Z_Synthetic_Family_Library_v2/waveforms/case_00166_induction_machine_like_slg_b_scr3.0_n0.002_r4.csv,induction_machine_like,slg_b,3.0,0.002,10000,50.0,5.98,6.04,5.998004022287132,1.0243041089597498,0.35,0.008,920.0,0.28,,,,,,,,,,
167,case_00167_induction_machine_like_slg_b_scr3.0_n0.002_r5.csv,/root/phd_thesis/Z_Synthetic_Family_Library_v2/waveforms/case_00167_induction_machine_like_slg_b_scr3.0_n0.002_r5.csv,induction_machine_like,slg_b,3.0,0.002,10000,50.0,5.98,6.04,5.999898100135244,1.0606811467483577,0.35,0.008,920.0,0.28,,,,,,,,,,
168,case_00168_induction_machine_like_slg_b_scr3.0_n0.002_r6.csv,/root/phd_thesis/Z_Synthetic_Family_Library_v2/waveforms/case_00168_induction_machine_like_slg_b_scr3.0_n0.002_r6.csv,induction_machine_like,slg_b,3.0,0.002,10000,50.0,5.98,6.04,5.999333200228778,1.0514919093062587,0.35,0.008,920.0,0.28,,,,,,,,,,
169,case_00169_induction_machine_like_slg_b_scr3.0_n0.005_r1.csv,/root/phd_thesis/Z_Synthetic_Family_Library_v2/waveforms/case_00169_induction_machine_like_slg_b_scr3.0_n0.005_r1.csv,induction_machine_like,slg_b,3.0,0.005,10000,50.0,5.98,6.04,5.998091574552414,1.0185832907344115,0.35,0.008,920.0,0.28,,,,,,,,,,
170,case_00170_induction_machine_like_slg_b_scr3.0_n0.005_r2.csv,/root/phd_thesis/Z_Synthetic_Family_Library_v2/waveforms/case_00170_induction_machine_like_slg_b_scr3.0_n0.005_r2.csv,induction_machine_like,slg_b,3.0,0.005,10000,50.0,5.98,6.04,5.998948512922329,1.0246794711237392,0.35,0.008,920.0,0.28,,,,,,,,,,
171,case_00171_induction_machine_like_slg_b_scr3.0_n0.005_r3.csv,/root/phd_thesis/Z_Synthetic_Family_Library_v2/waveforms/case_00171_induction_machine_like_slg_b_scr3.0_n0.005_r3.csv,induction_machine_like,slg_b,3.0,0.005,10000,50.0,5.98,6.04,5.99810747453694,1.0794319148449336,0.35,0.008,920.0,0.28,,,,,,,,,,
172,case_00172_induction_machine_like_slg_b_scr3.0_n0.005_r4.csv,/root/phd_thesis/Z_Synthetic_Family_Library_v2/waveforms/case_00172_induction_machine_like_slg_b_scr3.0_n0.005_r4.csv,induction_machine_like,slg_b,3.0,0.005,10000,50.0,5.98,6.04,5.9992787739941695,1.0481980969640332,0.35,0.008,920.0,0.28,,,,,,,,,,
173,case_00173_induction_machine_like_slg_b_scr3.0_n0.005_r5.csv,/root/phd_thesis/Z_Synthetic_Family_Library_v2/waveforms/case_00173_induction_machine_like_slg_b_scr3.0_n0.005_r5.csv,induction_machine_like,slg_b,3.0,0.005,10000,50.0,5.98,6.04,5.998031861364883,1.032534520588767,0.35,0.008,920.0,0.28,,,,,,,,,,
174,case_00174_induction_machine_like_slg_b_scr3.0_n0.005_r6.csv,/root/phd_thesis/Z_Synthetic_Family_Library_v2/waveforms/case_00174_induction_machine_like_slg_b_scr3.0_n0.005_r6.csv,induction_machine_like,slg_b,3.0,0.005,10000,50.0,5.98,6.04,5.999926614830704,1.0226599332007917,0.35,0.008,920.0,0.28,,,,,,,,,,
175,case_00175_induction_machine_like_slg_b_scr3.0_n0.010_r1.csv,/root/phd_thesis/Z_Synthetic_Family_Library_v2/waveforms/case_00175_induction_machine_like_slg_b_scr3.0_n0.010_r1.csv,induction_machine_like,slg_b,3.0,0.01,10000,50.0,5.98,6.04,5.999783691807103,1.0604052914002375,0.35,0.008,920.0,0.28,,,,,,,,,,
176,case_00176_induction_machine_like_slg_b_scr3.0_n0.010_r2.csv,/root/phd_thesis/Z_Synthetic_Family_Library_v2/waveforms/case_00176_induction_machine_like_slg_b_scr3.0_n0.010_r2.csv,induction_machine_like,slg_b,3.0,0.01,10000,50.0,5.98,6.04,5.998768190041053,1.0454215510985065,0.35,0.008,920.0,0.28,,,,,,,,,,
177,case_00177_induction_machine_like_slg_b_scr3.0_n0.010_r3.csv,/root/phd_thesis/Z_Synthetic_Family_Library_v2/waveforms/case_00177_induction_machine_like_slg_b_scr3.0_n0.010_r3.csv,induction_machine_like,slg_b,3.0,0.01,10000,50.0,5.98,6.04,5.999558427341621,1.0104025227505204,0.35,0.008,920.0,0.28,,,,,,,,,,
178,case_00178_induction_machine_like_slg_b_scr3.0_n0.010_r4.csv,/root/phd_thesis/Z_Synthetic_Family_Library_v2/waveforms/case_00178_induction_machine_like_slg_b_scr3.0_n0.010_r4.csv,induction_machine_like,slg_b,3.0,0.01,10000,50.0,5.98,6.04,6.000091217955263,1.0619355957813776,0.35,0.008,920.0,0.28,,,,,,,,,,
179,case_00179_induction_machine_like_slg_b_scr3.0_n0.010_r5.csv,/root/phd_thesis/Z_Synthetic_Family_Library_v2/waveforms/case_00179_induction_machine_like_slg_b_scr3.0_n0.010_r5.csv,induction_machine_like,slg_b,3.0,0.01,10000,50.0,5.98,6.04,5.998442292907964,1.0413761757197149,0.35,0.008,920.0,0.28,,,,,,,,,,
180,case_00180_induction_machine_like_slg_b_scr3.0_n0.010_r6.csv,/root/phd_thesis/Z_Synthetic_Family_Library_v2/waveforms/case_00180_induction_machine_like_slg_b_scr3.0_n0.010_r6.csv,induction_machine_like,slg_b,3.0,0.01,10000,50.0,5.98,6.04,5.997982221589857,1.0401014002047297,0.35,0.008,920.0,0.28,,,,,,,,,,
181,case_00181_induction_machine_like_slg_b_scr5.0_n0.002_r1.csv,/root/phd_thesis/Z_Synthetic_Family_Library_v2/waveforms/case_00181_induction_machine_like_slg_b_scr5.0_n0.002_r1.csv,induction_machine_like,slg_b,5.0,0.002,10000,50.0,5.98,6.04,5.998084980384474,1.0479668537137143,0.21,0.0063999999999999994,1066.6666666666667,0.24,,,,,,,,,,
182,case_00182_induction_machine_like_slg_b_scr5.0_n0.002_r2.csv,/root/phd_thesis/Z_Synthetic_Family_Library_v2/waveforms/case_00182_induction_machine_like_slg_b_scr5.0_n0.002_r2.csv,induction_machine_like,slg_b,5.0,0.002,10000,50.0,5.98,6.04,5.999675628922035,1.0062371967952417,0.21,0.0063999999999999994,1066.6666666666667,0.24,,,,,,,,,,
183,case_00183_induction_machine_like_slg_b_scr5.0_n0.002_r3.csv,/root/phd_thesis/Z_Synthetic_Family_Library_v2/waveforms/case_00183_induction_machine_like_slg_b_scr5.0_n0.002_r3.csv,induction_machine_like,slg_b,5.0,0.002,10000,50.0,5.98,6.04,5.999747169744758,1.0351367729894798,0.21,0.0063999999999999994,1066.6666666666667,0.24,,,,,,,,,,
184,case_00184_induction_machine_like_slg_b_scr5.0_n0.002_r4.csv,/root/phd_thesis/Z_Synthetic_Family_Library_v2/waveforms/case_00184_induction_machine_like_slg_b_scr5.0_n0.002_r4.csv,induction_machine_like,slg_b,5.0,0.002,10000,50.0,5.98,6.04,5.999719334848641,1.0020022321499256,0.21,0.0063999999999999994,1066.6666666666667,0.24,,,,,,,,,,
185,case_00185_induction_machine_like_slg_b_scr5.0_n0.002_r5.csv,/root/phd_thesis/Z_Synthetic_Family_Library_v2/waveforms/case_00185_induction_machine_like_slg_b_scr5.0_n0.002_r5.csv,induction_machine_like,slg_b,5.0,0.002,10000,50.0,5.98,6.04,5.999460542364646,1.0444665040319756,0.21,0.0063999999999999994,1066.6666666666667,0.24,,,,,,,,,,
186,case_00186_induction_machine_like_slg_b_scr5.0_n0.002_r6.csv,/root/phd_thesis/Z_Synthetic_Family_Library_v2/waveforms/case_00186_induction_machine_like_slg_b_scr5.0_n0.002_r6.csv,induction_machine_like,slg_b,5.0,0.002,10000,50.0,5.98,6.04,5.997659767707089,1.0697084877830645,0.21,0.0063999999999999994,1066.6666666666667,0.24,,,,,,,,,,
187,case_00187_induction_machine_like_slg_b_scr5.0_n0.005_r1.csv,/root/phd_thesis/Z_Synthetic_Family_Library_v2/waveforms/case_00187_induction_machine_like_slg_b_scr5.0_n0.005_r1.csv,induction_machine_like,slg_b,5.0,0.005,10000,50.0,5.98,6.04,5.999849297940038,1.0060750800059388,0.21,0.0063999999999999994,1066.6666666666667,0.24,,,,,,,,,,
188,case_00188_induction_machine_like_slg_b_scr5.0_n0.005_r2.csv,/root/phd_thesis/Z_Synthetic_Family_Library_v2/waveforms/case_00188_induction_machine_like_slg_b_scr5.0_n0.005_r2.csv,induction_machine_like,slg_b,5.0,0.005,10000,50.0,5.98,6.04,5.998239123181825,1.0227424613736975,0.21,0.0063999999999999994,1066.6666666666667,0.24,,,,,,,,,,
189,case_00189_induction_machine_like_slg_b_scr5.0_n0.005_r3.csv,/root/phd_thesis/Z_Synthetic_Family_Library_v2/waveforms/case_00189_induction_machine_like_slg_b_scr5.0_n0.005_r3.csv,induction_machine_like,slg_b,5.0,0.005,10000,50.0,5.98,6.04,5.997935290452272,1.0615564104249644,0.21,0.0063999999999999994,1066.6666666666667,0.24,,,,,,,,,,
190,case_00190_induction_machine_like_slg_b_scr5.0_n0.005_r4.csv,/root/phd_thesis/Z_Synthetic_Family_Library_v2/waveforms/case_00190_induction_machine_like_slg_b_scr5.0_n0.005_r4.csv,induction_machine_like,slg_b,5.0,0.005,10000,50.0,5.98,6.04,5.998250028785905,1.053381721608575,0.21,0.0063999999999999994,1066.6666666666667,0.24,,,,,,,,,,
191,case_00191_induction_machine_like_slg_b_scr5.0_n0.005_r5.csv,/root/phd_thesis/Z_Synthetic_Family_Library_v2/waveforms/case_00191_induction_machine_like_slg_b_scr5.0_n0.005_r5.csv,induction_machine_like,slg_b,5.0,0.005,10000,50.0,5.98,6.04,6.000076482817986,1.0527824430556636,0.21,0.0063999999999999994,1066.6666666666667,0.24,,,,,,,,,,
192,case_00192_induction_machine_like_slg_b_scr5.0_n0.005_r6.csv,/root/phd_thesis/Z_Synthetic_Family_Library_v2/waveforms/case_00192_induction_machine_like_slg_b_scr5.0_n0.005_r6.csv,induction_machine_like,slg_b,5.0,0.005,10000,50.0,5.98,6.04,5.999385922951782,1.0056126539171537,0.21,0.0063999999999999994,1066.6666666666667,0.24,,,,,,,,,,
193,case_00193_induction_machine_like_slg_b_scr5.0_n0.010_r1.csv,/root/phd_thesis/Z_Synthetic_Family_Library_v2/waveforms/case_00193_induction_machine_like_slg_b_scr5.0_n0.010_r1.csv,induction_machine_like,slg_b,5.0,0.01,10000,50.0,5.98,6.04,5.9993881185078966,1.0182175734209764,0.21,0.0063999999999999994,1066.6666666666667,0.24,,,,,,,,,,
194,case_00194_induction_machine_like_slg_b_scr5.0_n0.010_r2.csv,/root/phd_thesis/Z_Synthetic_Family_Library_v2/waveforms/case_00194_induction_machine_like_slg_b_scr5.0_n0.010_r2.csv,induction_machine_like,slg_b,5.0,0.01,10000,50.0,5.98,6.04,5.998475284603793,1.0455355122855157,0.21,0.0063999999999999994,1066.6666666666667,0.24,,,,,,,,,,
195,case_00195_induction_machine_like_slg_b_scr5.0_n0.010_r3.csv,/root/phd_thesis/Z_Synthetic_Family_Library_v2/waveforms/case_00195_induction_machine_like_slg_b_scr5.0_n0.010_r3.csv,induction_machine_like,slg_b,5.0,0.01,10000,50.0,5.98,6.04,5.998243595578496,1.058626179792508,0.21,0.0063999999999999994,1066.6666666666667,0.24,,,,,,,,,,
196,case_00196_induction_machine_like_slg_b_scr5.0_n0.010_r4.csv,/root/phd_thesis/Z_Synthetic_Family_Library_v2/waveforms/case_00196_induction_machine_like_slg_b_scr5.0_n0.010_r4.csv,induction_machine_like,slg_b,5.0,0.01,10000,50.0,5.98,6.04,5.997515859250179,1.0318233852214096,0.21,0.0063999999999999994,1066.6666666666667,0.24,,,,,,,,,,
197,case_00197_induction_machine_like_slg_b_scr5.0_n0.010_r5.csv,/root/phd_thesis/Z_Synthetic_Family_Library_v2/waveforms/case_00197_induction_machine_like_slg_b_scr5.0_n0.010_r5.csv,induction_machine_like,slg_b,5.0,0.01,10000,50.0,5.98,6.04,5.998181136443361,1.0551141053956394,0.21,0.0063999999999999994,1066.6666666666667,0.24,,,,,,,,,,
198,case_00198_induction_machine_like_slg_b_scr5.0_n0.010_r6.csv,/root/phd_thesis/Z_Synthetic_Family_Library_v2/waveforms/case_00198_induction_machine_like_slg_b_scr5.0_n0.010_r6.csv,induction_machine_like,slg_b,5.0,0.01,10000,50.0,5.98,6.04,5.99986243772513,1.0299703036201837,0.21,0.0063999999999999994,1066.6666666666667,0.24,,,,,,,,,,
199,case_00199_induction_machine_like_slg_b_scr8.0_n0.002_r1.csv,/root/phd_thesis/Z_Synthetic_Family_Library_v2/waveforms/case_00199_induction_machine_like_slg_b_scr8.0_n0.002_r1.csv,induction_machine_like,slg_b,8.0,0.002,10000,50.0,5.98,6.04,5.999739057476802,1.0077974916346748,0.13999999999999999,0.0055,1286.6666666666665,0.2175,,,,,,,,,,
200,case_00200_induction_machine_like_slg_b_scr8.0_n0.002_r2.csv,/root/phd_thesis/Z_Synthetic_Family_Library_v2/waveforms/case_00200_induction_machine_like_slg_b_scr8.0_n0.002_r2.csv,induction_machine_like,slg_b,8.0,0.002,10000,50.0,5.98,6.04,6.000151386536059,1.0612159741778577,0.13999999999999999,0.0055,1286.6666666666665,0.2175,,,,,,,,,,
201,case_00201_induction_machine_like_slg_b_scr8.0_n0.002_r3.csv,/root/phd_thesis/Z_Synthetic_Family_Library_v2/waveforms/case_00201_induction_machine_like_slg_b_scr8.0_n0.002_r3.csv,induction_machine_like,slg_b,8.0,0.002,10000,50.0,5.98,6.04,5.9984437906462835,1.0780422181693219,0.13999999999999999,0.0055,1286.6666666666665,0.2175,,,,,,,,,,
202,case_00202_induction_machine_like_slg_b_scr8.0_n0.002_r4.csv,/root/phd_thesis/Z_Synthetic_Family_Library_v2/waveforms/case_00202_induction_machine_like_slg_b_scr8.0_n0.002_r4.csv,induction_machine_like,slg_b,8.0,0.002,10000,50.0,5.98,6.04,5.999420912770769,1.0239020220547785,0.13999999999999999,0.0055,1286.6666666666665,0.2175,,,,,,,,,,
203,case_00203_induction_machine_like_slg_b_scr8.0_n0.002_r5.csv,/root/phd_thesis/Z_Synthetic_Family_Library_v2/waveforms/case_00203_induction_machine_like_slg_b_scr8.0_n0.002_r5.csv,induction_machine_like,slg_b,8.0,0.002,10000,50.0,5.98,6.04,5.999642669553194,1.0273980163799665,0.13999999999999999,0.0055,1286.6666666666665,0.2175,,,,,,,,,,
204,case_00204_induction_machine_like_slg_b_scr8.0_n0.002_r6.csv,/root/phd_thesis/Z_Synthetic_Family_Library_v2/waveforms/case_00204_induction_machine_like_slg_b_scr8.0_n0.002_r6.csv,induction_machine_like,slg_b,8.0,0.002,10000,50.0,5.98,6.04,5.999278212807253,1.023207607287963,0.13999999999999999,0.0055,1286.6666666666665,0.2175,,,,,,,,,,
205,case_00205_induction_machine_like_slg_b_scr8.0_n0.005_r1.csv,/root/phd_thesis/Z_Synthetic_Family_Library_v2/waveforms/case_00205_induction_machine_like_slg_b_scr8.0_n0.005_r1.csv,induction_machine_like,slg_b,8.0,0.005,10000,50.0,5.98,6.04,5.9988981381374415,1.0616508223942327,0.13999999999999999,0.0055,1286.6666666666665,0.2175,,,,,,,,,,
206,case_00206_induction_machine_like_slg_b_scr8.0_n0.005_r2.csv,/root/phd_thesis/Z_Synthetic_Family_Library_v2/waveforms/case_00206_induction_machine_like_slg_b_scr8.0_n0.005_r2.csv,induction_machine_like,slg_b,8.0,0.005,10000,50.0,5.98,6.04,6.000225831036731,1.0086549030343008,0.13999999999999999,0.0055,1286.6666666666665,0.2175,,,,,,,,,,
207,case_00207_induction_machine_like_slg_b_scr8.0_n0.005_r3.csv,/root/phd_thesis/Z_Synthetic_Family_Library_v2/waveforms/case_00207_induction_machine_like_slg_b_scr8.0_n0.005_r3.csv,induction_machine_like,slg_b,8.0,0.005,10000,50.0,5.98,6.04,5.999472433578745,1.014102569848031,0.13999999999999999,0.0055,1286.6666666666665,0.2175,,,,,,,,,,
208,case_00208_induction_machine_like_slg_b_scr8.0_n0.005_r4.csv,/root/phd_thesis/Z_Synthetic_Family_Library_v2/waveforms/case_00208_induction_machine_like_slg_b_scr8.0_n0.005_r4.csv,induction_machine_like,slg_b,8.0,0.005,10000,50.0,5.98,6.04,5.997729486166802,1.0658408838139184,0.13999999999999999,0.0055,1286.6666666666665,0.2175,,,,,,,,,,
209,case_00209_induction_machine_like_slg_b_scr8.0_n0.005_r5.csv,/root/phd_thesis/Z_Synthetic_Family_Library_v2/waveforms/case_00209_induction_machine_like_slg_b_scr8.0_n0.005_r5.csv,induction_machine_like,slg_b,8.0,0.005,10000,50.0,5.98,6.04,5.997960567594993,1.032014567407758,0.13999999999999999,0.0055,1286.6666666666665,0.2175,,,,,,,,,,
210,case_00210_induction_machine_like_slg_b_scr8.0_n0.005_r6.csv,/root/phd_thesis/Z_Synthetic_Family_Library_v2/waveforms/case_00210_induction_machine_like_slg_b_scr8.0_n0.005_r6.csv,induction_machine_like,slg_b,8.0,0.005,10000,50.0,5.98,6.04,6.000367939887566,1.0004339071144919,0.13999999999999999,0.0055,1286.6666666666665,0.2175,,,,,,,,,,
211,case_00211_induction_machine_like_slg_b_scr8.0_n0.010_r1.csv,/root/phd_thesis/Z_Synthetic_Family_Library_v2/waveforms/case_00211_induction_machine_like_slg_b_scr8.0_n0.010_r1.csv,induction_machine_like,slg_b,8.0,0.01,10000,50.0,5.98,6.04,5.9978812958866365,1.0534220184912149,0.13999999999999999,0.0055,1286.6666666666665,0.2175,,,,,,,,,,
212,case_00212_induction_machine_like_slg_b_scr8.0_n0.010_r2.csv,/root/phd_thesis/Z_Synthetic_Family_Library_v2/waveforms/case_00212_induction_machine_like_slg_b_scr8.0_n0.010_r2.csv,induction_machine_like,slg_b,8.0,0.01,10000,50.0,5.98,6.04,5.998734809183933,1.0139746868215855,0.13999999999999999,0.0055,1286.6666666666665,0.2175,,,,,,,,,,
213,case_00213_induction_machine_like_slg_b_scr8.0_n0.010_r3.csv,/root/phd_thesis/Z_Synthetic_Family_Library_v2/waveforms/case_00213_induction_machine_like_slg_b_scr8.0_n0.010_r3.csv,induction_machine_like,slg_b,8.0,0.01,10000,50.0,5.98,6.04,5.999702118284351,1.0544614662793,0.13999999999999999,0.0055,1286.6666666666665,0.2175,,,,,,,,,,
214,case_00214_induction_machine_like_slg_b_scr8.0_n0.010_r4.csv,/root/phd_thesis/Z_Synthetic_Family_Library_v2/waveforms/case_00214_induction_machine_like_slg_b_scr8.0_n0.010_r4.csv,induction_machine_like,slg_b,8.0,0.01,10000,50.0,5.98,6.04,5.9981518178081235,1.0747767015555694,0.13999999999999999,0.0055,1286.6666666666665,0.2175,,,,,,,,,,
215,case_00215_induction_machine_like_slg_b_scr8.0_n0.010_r5.csv,/root/phd_thesis/Z_Synthetic_Family_Library_v2/waveforms/case_00215_induction_machine_like_slg_b_scr8.0_n0.010_r5.csv,induction_machine_like,slg_b,8.0,0.01,10000,50.0,5.98,6.04,5.999781134040174,1.0695770276110421,0.13999999999999999,0.0055,1286.6666666666665,0.2175,,,,,,,,,,
216,case_00216_induction_machine_like_slg_b_scr8.0_n0.010_r6.csv,/root/phd_thesis/Z_Synthetic_Family_Library_v2/waveforms/case_00216_induction_machine_like_slg_b_scr8.0_n0.010_r6.csv,induction_machine_like,slg_b,8.0,0.01,10000,50.0,5.98,6.04,6.000085391334728,1.0256874763682016,0.13999999999999999,0.0055,1286.6666666666665,0.2175,,,,,,,,,,
217,case_00217_induction_machine_like_slg_c_scr2.0_n0.002_r1.csv,/root/phd_thesis/Z_Synthetic_Family_Library_v2/waveforms/case_00217_induction_machine_like_slg_c_scr2.0_n0.002_r1.csv,induction_machine_like,slg_c,2.0,0.002,10000,50.0,5.98,6.04,5.998450049139618,1.0503370178858684,0.5249999999999999,0.01,846.6666666666666,0.33,,,,,,,,,,
218,case_00218_induction_machine_like_slg_c_scr2.0_n0.002_r2.csv,/root/phd_thesis/Z_Synthetic_Family_Library_v2/waveforms/case_00218_induction_machine_like_slg_c_scr2.0_n0.002_r2.csv,induction_machine_like,slg_c,2.0,0.002,10000,50.0,5.98,6.04,6.000416064596069,1.0401030639030737,0.5249999999999999,0.01,846.6666666666666,0.33,,,,,,,,,,
219,case_00219_induction_machine_like_slg_c_scr2.0_n0.002_r3.csv,/root/phd_thesis/Z_Synthetic_Family_Library_v2/waveforms/case_00219_induction_machine_like_slg_c_scr2.0_n0.002_r3.csv,induction_machine_like,slg_c,2.0,0.002,10000,50.0,5.98,6.04,6.000013860066288,1.0109639278262033,0.5249999999999999,0.01,846.6666666666666,0.33,,,,,,,,,,
220,case_00220_induction_machine_like_slg_c_scr2.0_n0.002_r4.csv,/root/phd_thesis/Z_Synthetic_Family_Library_v2/waveforms/case_00220_induction_machine_like_slg_c_scr2.0_n0.002_r4.csv,induction_machine_like,slg_c,2.0,0.002,10000,50.0,5.98,6.04,5.9981290453483505,1.0198626895004326,0.5249999999999999,0.01,846.6666666666666,0.33,,,,,,,,,,
221,case_00221_induction_machine_like_slg_c_scr2.0_n0.002_r5.csv,/root/phd_thesis/Z_Synthetic_Family_Library_v2/waveforms/case_00221_induction_machine_like_slg_c_scr2.0_n0.002_r5.csv,induction_machine_like,slg_c,2.0,0.002,10000,50.0,5.98,6.04,5.999936918345914,1.0022072273650846,0.5249999999999999,0.01,846.6666666666666,0.33,,,,,,,,,,
222,case_00222_induction_machine_like_slg_c_scr2.0_n0.002_r6.csv,/root/phd_thesis/Z_Synthetic_Family_Library_v2/waveforms/case_00222_induction_machine_like_slg_c_scr2.0_n0.002_r6.csv,induction_machine_like,slg_c,2.0,0.002,10000,50.0,5.98,6.04,5.999719841498673,1.0362434779664687,0.5249999999999999,0.01,846.6666666666666,0.33,,,,,,,,,,
223,case_00223_induction_machine_like_slg_c_scr2.0_n0.005_r1.csv,/root/phd_thesis/Z_Synthetic_Family_Library_v2/waveforms/case_00223_induction_machine_like_slg_c_scr2.0_n0.005_r1.csv,induction_machine_like,slg_c,2.0,0.005,10000,50.0,5.98,6.04,5.999261975925482,1.042310315172029,0.5249999999999999,0.01,846.6666666666666,0.33,,,,,,,,,,
224,case_00224_induction_machine_like_slg_c_scr2.0_n0.005_r2.csv,/root/phd_thesis/Z_Synthetic_Family_Library_v2/waveforms/case_00224_induction_machine_like_slg_c_scr2.0_n0.005_r2.csv,induction_machine_like,slg_c,2.0,0.005,10000,50.0,5.98,6.04,6.0000857063746516,1.0334305896087457,0.5249999999999999,0.01,846.6666666666666,0.33,,,,,,,,,,
225,case_00225_induction_machine_like_slg_c_scr2.0_n0.005_r3.csv,/root/phd_thesis/Z_Synthetic_Family_Library_v2/waveforms/case_00225_induction_machine_like_slg_c_scr2.0_n0.005_r3.csv,induction_machine_like,slg_c,2.0,0.005,10000,50.0,5.98,6.04,5.9983389801612965,1.0336267113469257,0.5249999999999999,0.01,846.6666666666666,0.33,,,,,,,,,,
226,case_00226_induction_machine_like_slg_c_scr2.0_n0.005_r4.csv,/root/phd_thesis/Z_Synthetic_Family_Library_v2/waveforms/case_00226_induction_machine_like_slg_c_scr2.0_n0.005_r4.csv,induction_machine_like,slg_c,2.0,0.005,10000,50.0,5.98,6.04,5.998518174538084,1.012190335430487,0.5249999999999999,0.01,846.6666666666666,0.33,,,,,,,,,,
227,case_00227_induction_machine_like_slg_c_scr2.0_n0.005_r5.csv,/root/phd_thesis/Z_Synthetic_Family_Library_v2/waveforms/case_00227_induction_machine_like_slg_c_scr2.0_n0.005_r5.csv,induction_machine_like,slg_c,2.0,0.005,10000,50.0,5.98,6.04,5.999414690839634,1.0744268359232856,0.5249999999999999,0.01,846.6666666666666,0.33,,,,,,,,,,
228,case_00228_induction_machine_like_slg_c_scr2.0_n0.005_r6.csv,/root/phd_thesis/Z_Synthetic_Family_Library_v2/waveforms/case_00228_induction_machine_like_slg_c_scr2.0_n0.005_r6.csv,induction_machine_like,slg_c,2.0,0.005,10000,50.0,5.98,6.04,5.997668502050481,1.024914395816855,0.5249999999999999,0.01,846.6666666666666,0.33,,,,,,,,,,
229,case_00229_induction_machine_like_slg_c_scr2.0_n0.010_r1.csv,/root/phd_thesis/Z_Synthetic_Family_Library_v2/waveforms/case_00229_induction_machine_like_slg_c_scr2.0_n0.010_r1.csv,induction_machine_like,slg_c,2.0,0.01,10000,50.0,5.98,6.04,5.99922973595057,1.0798415937893668,0.5249999999999999,0.01,846.6666666666666,0.33,,,,,,,,,,
230,case_00230_induction_machine_like_slg_c_scr2.0_n0.010_r2.csv,/root/phd_thesis/Z_Synthetic_Family_Library_v2/waveforms/case_00230_induction_machine_like_slg_c_scr2.0_n0.010_r2.csv,induction_machine_like,slg_c,2.0,0.01,10000,50.0,5.98,6.04,6.000359894027591,1.0419303019889723,0.5249999999999999,0.01,846.6666666666666,0.33,,,,,,,,,,
231,case_00231_induction_machine_like_slg_c_scr2.0_n0.010_r3.csv,/root/phd_thesis/Z_Synthetic_Family_Library_v2/waveforms/case_00231_induction_machine_like_slg_c_scr2.0_n0.010_r3.csv,induction_machine_like,slg_c,2.0,0.01,10000,50.0,5.98,6.04,5.998046981335338,1.0310982629071492,0.5249999999999999,0.01,846.6666666666666,0.33,,,,,,,,,,
232,case_00232_induction_machine_like_slg_c_scr2.0_n0.010_r4.csv,/root/phd_thesis/Z_Synthetic_Family_Library_v2/waveforms/case_00232_induction_machine_like_slg_c_scr2.0_n0.010_r4.csv,induction_machine_like,slg_c,2.0,0.01,10000,50.0,5.98,6.04,5.9975388102929985,1.0325468831485405,0.5249999999999999,0.01,846.6666666666666,0.33,,,,,,,,,,
233,case_00233_induction_machine_like_slg_c_scr2.0_n0.010_r5.csv,/root/phd_thesis/Z_Synthetic_Family_Library_v2/waveforms/case_00233_induction_machine_like_slg_c_scr2.0_n0.010_r5.csv,induction_machine_like,slg_c,2.0,0.01,10000,50.0,5.98,6.04,5.99851964841429,1.0402731269513135,0.5249999999999999,0.01,846.6666666666666,0.33,,,,,,,,,,
234,case_00234_induction_machine_like_slg_c_scr2.0_n0.010_r6.csv,/root/phd_thesis/Z_Synthetic_Family_Library_v2/waveforms/case_00234_induction_machine_like_slg_c_scr2.0_n0.010_r6.csv,induction_machine_like,slg_c,2.0,0.01,10000,50.0,5.98,6.04,5.997843944354009,1.076099686645113,0.5249999999999999,0.01,846.6666666666666,0.33,,,,,,,,,,
235,case_00235_induction_machine_like_slg_c_scr3.0_n0.002_r1.csv,/root/phd_thesis/Z_Synthetic_Family_Library_v2/waveforms/case_00235_induction_machine_like_slg_c_scr3.0_n0.002_r1.csv,induction_machine_like,slg_c,3.0,0.002,10000,50.0,5.98,6.04,6.000298967342848,1.0447597756086857,0.35,0.008,920.0,0.28,,,,,,,,,,
236,case_00236_induction_machine_like_slg_c_scr3.0_n0.002_r2.csv,/root/phd_thesis/Z_Synthetic_Family_Library_v2/waveforms/case_00236_induction_machine_like_slg_c_scr3.0_n0.002_r2.csv,induction_machine_like,slg_c,3.0,0.002,10000,50.0,5.98,6.04,5.998667514499426,1.0030378491017136,0.35,0.008,920.0,0.28,,,,,,,,,,
237,case_00237_induction_machine_like_slg_c_scr3.0_n0.002_r3.csv,/root/phd_thesis/Z_Synthetic_Family_Library_v2/waveforms/case_00237_induction_machine_like_slg_c_scr3.0_n0.002_r3.csv,induction_machine_like,slg_c,3.0,0.002,10000,50.0,5.98,6.04,5.9986240290363915,1.000853791260882,0.35,0.008,920.0,0.28,,,,,,,,,,
238,case_00238_induction_machine_like_slg_c_scr3.0_n0.002_r4.csv,/root/phd_thesis/Z_Synthetic_Family_Library_v2/waveforms/case_00238_induction_machine_like_slg_c_scr3.0_n0.002_r4.csv,induction_machine_like,slg_c,3.0,0.002,10000,50.0,5.98,6.04,5.999438516153536,1.0570662301007783,0.35,0.008,920.0,0.28,,,,,,,,,,
239,case_00239_induction_machine_like_slg_c_scr3.0_n0.002_r5.csv,/root/phd_thesis/Z_Synthetic_Family_Library_v2/waveforms/case_00239_induction_machine_like_slg_c_scr3.0_n0.002_r5.csv,induction_machine_like,slg_c,3.0,0.002,10000,50.0,5.98,6.04,6.000176394423597,1.0288792905146726,0.35,0.008,920.0,0.28,,,,,,,,,,
240,case_00240_induction_machine_like_slg_c_scr3.0_n0.002_r6.csv,/root/phd_thesis/Z_Synthetic_Family_Library_v2/waveforms/case_00240_induction_machine_like_slg_c_scr3.0_n0.002_r6.csv,induction_machine_like,slg_c,3.0,0.002,10000,50.0,5.98,6.04,5.998786852084788,1.067178859981736,0.35,0.008,920.0,0.28,,,,,,,,,,
241,case_00241_induction_machine_like_slg_c_scr3.0_n0.005_r1.csv,/root/phd_thesis/Z_Synthetic_Family_Library_v2/waveforms/case_00241_induction_machine_like_slg_c_scr3.0_n0.005_r1.csv,induction_machine_like,slg_c,3.0,0.005,10000,50.0,5.98,6.04,5.998787018670558,1.0593057158886412,0.35,0.008,920.0,0.28,,,,,,,,,,
242,case_00242_induction_machine_like_slg_c_scr3.0_n0.005_r2.csv,/root/phd_thesis/Z_Synthetic_Family_Library_v2/waveforms/case_00242_induction_machine_like_slg_c_scr3.0_n0.005_r2.csv,induction_machine_like,slg_c,3.0,0.005,10000,50.0,5.98,6.04,5.9979187237560545,1.0075789488080473,0.35,0.008,920.0,0.28,,,,,,,,,,
243,case_00243_induction_machine_like_slg_c_scr3.0_n0.005_r3.csv,/root/phd_thesis/Z_Synthetic_Family_Library_v2/waveforms/case_00243_induction_machine_like_slg_c_scr3.0_n0.005_r3.csv,induction_machine_like,slg_c,3.0,0.005,10000,50.0,5.98,6.04,6.000155792035978,1.0754876869791543,0.35,0.008,920.0,0.28,,,,,,,,,,
244,case_00244_induction_machine_like_slg_c_scr3.0_n0.005_r4.csv,/root/phd_thesis/Z_Synthetic_Family_Library_v2/waveforms/case_00244_induction_machine_like_slg_c_scr3.0_n0.005_r4.csv,induction_machine_like,slg_c,3.0,0.005,10000,50.0,5.98,6.04,5.99915555492644,1.0653019113892874,0.35,0.008,920.0,0.28,,,,,,,,,,
245,case_00245_induction_machine_like_slg_c_scr3.0_n0.005_r5.csv,/root/phd_thesis/Z_Synthetic_Family_Library_v2/waveforms/case_00245_induction_machine_like_slg_c_scr3.0_n0.005_r5.csv,induction_machine_like,slg_c,3.0,0.005,10000,50.0,5.98,6.04,6.000402022229505,1.0328529910602493,0.35,0.008,920.0,0.28,,,,,,,,,,
246,case_00246_induction_machine_like_slg_c_scr3.0_n0.005_r6.csv,/root/phd_thesis/Z_Synthetic_Family_Library_v2/waveforms/case_00246_induction_machine_like_slg_c_scr3.0_n0.005_r6.csv,induction_machine_like,slg_c,3.0,0.005,10000,50.0,5.98,6.04,5.99863149615331,1.0785203485222155,0.35,0.008,920.0,0.28,,,,,,,,,,
247,case_00247_induction_machine_like_slg_c_scr3.0_n0.010_r1.csv,/root/phd_thesis/Z_Synthetic_Family_Library_v2/waveforms/case_00247_induction_machine_like_slg_c_scr3.0_n0.010_r1.csv,induction_machine_like,slg_c,3.0,0.01,10000,50.0,5.98,6.04,5.997781820551296,1.0305306974227495,0.35,0.008,920.0,0.28,,,,,,,,,,
248,case_00248_induction_machine_like_slg_c_scr3.0_n0.010_r2.csv,/root/phd_thesis/Z_Synthetic_Family_Library_v2/waveforms/case_00248_induction_machine_like_slg_c_scr3.0_n0.010_r2.csv,induction_machine_like,slg_c,3.0,0.01,10000,50.0,5.98,6.04,5.9975840357787975,1.000758265820827,0.35,0.008,920.0,0.28,,,,,,,,,,
249,case_00249_induction_machine_like_slg_c_scr3.0_n0.010_r3.csv,/root/phd_thesis/Z_Synthetic_Family_Library_v2/waveforms/case_00249_induction_machine_like_slg_c_scr3.0_n0.010_r3.csv,induction_machine_like,slg_c,3.0,0.01,10000,50.0,5.98,6.04,5.999653336385572,1.0467556297699356,0.35,0.008,920.0,0.28,,,,,,,,,,
250,case_00250_induction_machine_like_slg_c_scr3.0_n0.010_r4.csv,/root/phd_thesis/Z_Synthetic_Family_Library_v2/waveforms/case_00250_induction_machine_like_slg_c_scr3.0_n0.010_r4.csv,induction_machine_like,slg_c,3.0,0.01,10000,50.0,5.98,6.04,5.999255472524364,1.0376695835039462,0.35,0.008,920.0,0.28,,,,,,,,,,
251,case_00251_induction_machine_like_slg_c_scr3.0_n0.010_r5.csv,/root/phd_thesis/Z_Synthetic_Family_Library_v2/waveforms/case_00251_induction_machine_like_slg_c_scr3.0_n0.010_r5.csv,induction_machine_like,slg_c,3.0,0.01,10000,50.0,5.98,6.04,5.99965066869632,1.0305853549960011,0.35,0.008,920.0,0.28,,,,,,,,,,
252,case_00252_induction_machine_like_slg_c_scr3.0_n0.010_r6.csv,/root/phd_thesis/Z_Synthetic_Family_Library_v2/waveforms/case_00252_induction_machine_like_slg_c_scr3.0_n0.010_r6.csv,induction_machine_like,slg_c,3.0,0.01,10000,50.0,5.98,6.04,5.9988607984450395,1.0566739891868633,0.35,0.008,920.0,0.28,,,,,,,,,,
253,case_00253_induction_machine_like_slg_c_scr5.0_n0.002_r1.csv,/root/phd_thesis/Z_Synthetic_Family_Library_v2/waveforms/case_00253_induction_machine_like_slg_c_scr5.0_n0.002_r1.csv,induction_machine_like,slg_c,5.0,0.002,10000,50.0,5.98,6.04,5.999448558229773,1.0416497770024278,0.21,0.0063999999999999994,1066.6666666666667,0.24,,,,,,,,,,
254,case_00254_induction_machine_like_slg_c_scr5.0_n0.002_r2.csv,/root/phd_thesis/Z_Synthetic_Family_Library_v2/waveforms/case_00254_induction_machine_like_slg_c_scr5.0_n0.002_r2.csv,induction_machine_like,slg_c,5.0,0.002,10000,50.0,5.98,6.04,5.998403153793185,1.0102403241566495,0.21,0.0063999999999999994,1066.6666666666667,0.24,,,,,,,,,,
255,case_00255_induction_machine_like_slg_c_scr5.0_n0.002_r3.csv,/root/phd_thesis/Z_Synthetic_Family_Library_v2/waveforms/case_00255_induction_machine_like_slg_c_scr5.0_n0.002_r3.csv,induction_machine_like,slg_c,5.0,0.002,10000,50.0,5.98,6.04,6.000302729965405,1.048436999336556,0.21,0.0063999999999999994,1066.6666666666667,0.24,,,,,,,,,,
256,case_00256_induction_machine_like_slg_c_scr5.0_n0.002_r4.csv,/root/phd_thesis/Z_Synthetic_Family_Library_v2/waveforms/case_00256_induction_machine_like_slg_c_scr5.0_n0.002_r4.csv,induction_machine_like,slg_c,5.0,0.002,10000,50.0,5.98,6.04,5.998966127358,1.0210872867613565,0.21,0.0063999999999999994,1066.6666666666667,0.24,,,,,,,,,,
257,case_00257_induction_machine_like_slg_c_scr5.0_n0.002_r5.csv,/root/phd_thesis/Z_Synthetic_Family_Library_v2/waveforms/case_00257_induction_machine_like_slg_c_scr5.0_n0.002_r5.csv,induction_machine_like,slg_c,5.0,0.002,10000,50.0,5.98,6.04,5.997661961041124,1.07882022973589,0.21,0.0063999999999999994,1066.6666666666667,0.24,,,,,,,,,,
258,case_00258_induction_machine_like_slg_c_scr5.0_n0.002_r6.csv,/root/phd_thesis/Z_Synthetic_Family_Library_v2/waveforms/case_00258_induction_machine_like_slg_c_scr5.0_n0.002_r6.csv,induction_machine_like,slg_c,5.0,0.002,10000,50.0,5.98,6.04,5.999544930769858,1.0772751518070904,0.21,0.0063999999999999994,1066.6666666666667,0.24,,,,,,,,,,
259,case_00259_induction_machine_like_slg_c_scr5.0_n0.005_r1.csv,/root/phd_thesis/Z_Synthetic_Family_Library_v2/waveforms/case_00259_induction_machine_like_slg_c_scr5.0_n0.005_r1.csv,induction_machine_like,slg_c,5.0,0.005,10000,50.0,5.98,6.04,5.999818394083543,1.0605675988402894,0.21,0.0063999999999999994,1066.6666666666667,0.24,,,,,,,,,,
260,case_00260_induction_machine_like_slg_c_scr5.0_n0.005_r2.csv,/root/phd_thesis/Z_Synthetic_Family_Library_v2/waveforms/case_00260_induction_machine_like_slg_c_scr5.0_n0.005_r2.csv,induction_machine_like,slg_c,5.0,0.005,10000,50.0,5.98,6.04,6.000138470000536,1.030525744932109,0.21,0.0063999999999999994,1066.6666666666667,0.24,,,,,,,,,,
261,case_00261_induction_machine_like_slg_c_scr5.0_n0.005_r3.csv,/root/phd_thesis/Z_Synthetic_Family_Library_v2/waveforms/case_00261_induction_machine_like_slg_c_scr5.0_n0.005_r3.csv,induction_machine_like,slg_c,5.0,0.005,10000,50.0,5.98,6.04,6.0002158714177805,1.0232550614821134,0.21,0.0063999999999999994,1066.6666666666667,0.24,,,,,,,,,,
262,case_00262_induction_machine_like_slg_c_scr5.0_n0.005_r4.csv,/root/phd_thesis/Z_Synthetic_Family_Library_v2/waveforms/case_00262_induction_machine_like_slg_c_scr5.0_n0.005_r4.csv,induction_machine_like,slg_c,5.0,0.005,10000,50.0,5.98,6.04,5.997853132752052,1.0167312272759224,0.21,0.0063999999999999994,1066.6666666666667,0.24,,,,,,,,,,
263,case_00263_induction_machine_like_slg_c_scr5.0_n0.005_r5.csv,/root/phd_thesis/Z_Synthetic_Family_Library_v2/waveforms/case_00263_induction_machine_like_slg_c_scr5.0_n0.005_r5.csv,induction_machine_like,slg_c,5.0,0.005,10000,50.0,5.98,6.04,5.999443587571116,1.0607230009672939,0.21,0.0063999999999999994,1066.6666666666667,0.24,,,,,,,,,,
264,case_00264_induction_machine_like_slg_c_scr5.0_n0.005_r6.csv,/root/phd_thesis/Z_Synthetic_Family_Library_v2/waveforms/case_00264_induction_machine_like_slg_c_scr5.0_n0.005_r6.csv,induction_machine_like,slg_c,5.0,0.005,10000,50.0,5.98,6.04,5.999112159417175,1.0500601057710455,0.21,0.0063999999999999994,1066.6666666666667,0.24,,,,,,,,,,
265,case_00265_induction_machine_like_slg_c_scr5.0_n0.010_r1.csv,/root/phd_thesis/Z_Synthetic_Family_Library_v2/waveforms/case_00265_induction_machine_like_slg_c_scr5.0_n0.010_r1.csv,induction_machine_like,slg_c,5.0,0.01,10000,50.0,5.98,6.04,5.9995913433477925,1.023560165228361,0.21,0.0063999999999999994,1066.6666666666667,0.24,,,,,,,,,,
266,case_00266_induction_machine_like_slg_c_scr5.0_n0.010_r2.csv,/root/phd_thesis/Z_Synthetic_Family_Library_v2/waveforms/case_00266_induction_machine_like_slg_c_scr5.0_n0.010_r2.csv,induction_machine_like,slg_c,5.0,0.01,10000,50.0,5.98,6.04,6.000485160164648,1.0224404853631377,0.21,0.0063999999999999994,1066.6666666666667,0.24,,,,,,,,,,
267,case_00267_induction_machine_like_slg_c_scr5.0_n0.010_r3.csv,/root/phd_thesis/Z_Synthetic_Family_Library_v2/waveforms/case_00267_induction_machine_like_slg_c_scr5.0_n0.010_r3.csv,induction_machine_like,slg_c,5.0,0.01,10000,50.0,5.98,6.04,5.999716903356278,1.018387798015288,0.21,0.0063999999999999994,1066.6666666666667,0.24,,,,,,,,,,
268,case_00268_induction_machine_like_slg_c_scr5.0_n0.010_r4.csv,/root/phd_thesis/Z_Synthetic_Family_Library_v2/waveforms/case_00268_induction_machine_like_slg_c_scr5.0_n0.010_r4.csv,induction_machine_like,slg_c,5.0,0.01,10000,50.0,5.98,6.04,6.000171970377437,1.0188150393915123,0.21,0.0063999999999999994,1066.6666666666667,0.24,,,,,,,,,,
269,case_00269_induction_machine_like_slg_c_scr5.0_n0.010_r5.csv,/root/phd_thesis/Z_Synthetic_Family_Library_v2/waveforms/case_00269_induction_machine_like_slg_c_scr5.0_n0.010_r5.csv,induction_machine_like,slg_c,5.0,0.01,10000,50.0,5.98,6.04,5.999474968451596,1.0144896470327338,0.21,0.0063999999999999994,1066.6666666666667,0.24,,,,,,,,,,
270,case_00270_induction_machine_like_slg_c_scr5.0_n0.010_r6.csv,/root/phd_thesis/Z_Synthetic_Family_Library_v2/waveforms/case_00270_induction_machine_like_slg_c_scr5.0_n0.010_r6.csv,induction_machine_like,slg_c,5.0,0.01,10000,50.0,5.98,6.04,6.000320792872702,1.070147716173504,0.21,0.0063999999999999994,1066.6666666666667,0.24,,,,,,,,,,
271,case_00271_induction_machine_like_slg_c_scr8.0_n0.002_r1.csv,/root/phd_thesis/Z_Synthetic_Family_Library_v2/waveforms/case_00271_induction_machine_like_slg_c_scr8.0_n0.002_r1.csv,induction_machine_like,slg_c,8.0,0.002,10000,50.0,5.98,6.04,5.998212857953631,1.0786335926476214,0.13999999999999999,0.0055,1286.6666666666665,0.2175,,,,,,,,,,
272,case_00272_induction_machine_like_slg_c_scr8.0_n0.002_r2.csv,/root/phd_thesis/Z_Synthetic_Family_Library_v2/waveforms/case_00272_induction_machine_like_slg_c_scr8.0_n0.002_r2.csv,induction_machine_like,slg_c,8.0,0.002,10000,50.0,5.98,6.04,5.998944431610792,1.0696826094262784,0.13999999999999999,0.0055,1286.6666666666665,0.2175,,,,,,,,,,
273,case_00273_induction_machine_like_slg_c_scr8.0_n0.002_r3.csv,/root/phd_thesis/Z_Synthetic_Family_Library_v2/waveforms/case_00273_induction_machine_like_slg_c_scr8.0_n0.002_r3.csv,induction_machine_like,slg_c,8.0,0.002,10000,50.0,5.98,6.04,5.999249601838653,1.0530549297311995,0.13999999999999999,0.0055,1286.6666666666665,0.2175,,,,,,,,,,
274,case_00274_induction_machine_like_slg_c_scr8.0_n0.002_r4.csv,/root/phd_thesis/Z_Synthetic_Family_Library_v2/waveforms/case_00274_induction_machine_like_slg_c_scr8.0_n0.002_r4.csv,induction_machine_like,slg_c,8.0,0.002,10000,50.0,5.98,6.04,5.998385651660459,1.0300430733890729,0.13999999999999999,0.0055,1286.6666666666665,0.2175,,,,,,,,,,
275,case_00275_induction_machine_like_slg_c_scr8.0_n0.002_r5.csv,/root/phd_thesis/Z_Synthetic_Family_Library_v2/waveforms/case_00275_induction_machine_like_slg_c_scr8.0_n0.002_r5.csv,induction_machine_like,slg_c,8.0,0.002,10000,50.0,5.98,6.04,5.997661254999186,1.0536458624418368,0.13999999999999999,0.0055,1286.6666666666665,0.2175,,,,,,,,,,
276,case_00276_induction_machine_like_slg_c_scr8.0_n0.002_r6.csv,/root/phd_thesis/Z_Synthetic_Family_Library_v2/waveforms/case_00276_induction_machine_like_slg_c_scr8.0_n0.002_r6.csv,induction_machine_like,slg_c,8.0,0.002,10000,50.0,5.98,6.04,5.998311223479651,1.0445384767844952,0.13999999999999999,0.0055,1286.6666666666665,0.2175,,,,,,,,,,
277,case_00277_induction_machine_like_slg_c_scr8.0_n0.005_r1.csv,/root/phd_thesis/Z_Synthetic_Family_Library_v2/waveforms/case_00277_induction_machine_like_slg_c_scr8.0_n0.005_r1.csv,induction_machine_like,slg_c,8.0,0.005,10000,50.0,5.98,6.04,5.99784698718697,1.0129433806505848,0.13999999999999999,0.0055,1286.6666666666665,0.2175,,,,,,,,,,
278,case_00278_induction_machine_like_slg_c_scr8.0_n0.005_r2.csv,/root/phd_thesis/Z_Synthetic_Family_Library_v2/waveforms/case_00278_induction_machine_like_slg_c_scr8.0_n0.005_r2.csv,induction_machine_like,slg_c,8.0,0.005,10000,50.0,5.98,6.04,5.9984685319781725,1.0227000388575482,0.13999999999999999,0.0055,1286.6666666666665,0.2175,,,,,,,,,,
279,case_00279_induction_machine_like_slg_c_scr8.0_n0.005_r3.csv,/root/phd_thesis/Z_Synthetic_Family_Library_v2/waveforms/case_00279_induction_machine_like_slg_c_scr8.0_n0.005_r3.csv,induction_machine_like,slg_c,8.0,0.005,10000,50.0,5.98,6.04,6.000155626511517,1.0471964580146873,0.13999999999999999,0.0055,1286.6666666666665,0.2175,,,,,,,,,,
280,case_00280_induction_machine_like_slg_c_scr8.0_n0.005_r4.csv,/root/phd_thesis/Z_Synthetic_Family_Library_v2/waveforms/case_00280_induction_machine_like_slg_c_scr8.0_n0.005_r4.csv,induction_machine_like,slg_c,8.0,0.005,10000,50.0,5.98,6.04,6.000014016950588,1.077621885265261,0.13999999999999999,0.0055,1286.6666666666665,0.2175,,,,,,,,,,
281,case_00281_induction_machine_like_slg_c_scr8.0_n0.005_r5.csv,/root/phd_thesis/Z_Synthetic_Family_Library_v2/waveforms/case_00281_induction_machine_like_slg_c_scr8.0_n0.005_r5.csv,induction_machine_like,slg_c,8.0,0.005,10000,50.0,5.98,6.04,5.9997873900021474,1.0114397261703436,0.13999999999999999,0.0055,1286.6666666666665,0.2175,,,,,,,,,,
282,case_00282_induction_machine_like_slg_c_scr8.0_n0.005_r6.csv,/root/phd_thesis/Z_Synthetic_Family_Library_v2/waveforms/case_00282_induction_machine_like_slg_c_scr8.0_n0.005_r6.csv,induction_machine_like,slg_c,8.0,0.005,10000,50.0,5.98,6.04,5.998019976862454,1.0488205704684035,0.13999999999999999,0.0055,1286.6666666666665,0.2175,,,,,,,,,,
283,case_00283_induction_machine_like_slg_c_scr8.0_n0.010_r1.csv,/root/phd_thesis/Z_Synthetic_Family_Library_v2/waveforms/case_00283_induction_machine_like_slg_c_scr8.0_n0.010_r1.csv,induction_machine_like,slg_c,8.0,0.01,10000,50.0,5.98,6.04,6.000071503353105,1.0655816439470445,0.13999999999999999,0.0055,1286.6666666666665,0.2175,,,,,,,,,,
284,case_00284_induction_machine_like_slg_c_scr8.0_n0.010_r2.csv,/root/phd_thesis/Z_Synthetic_Family_Library_v2/waveforms/case_00284_induction_machine_like_slg_c_scr8.0_n0.010_r2.csv,induction_machine_like,slg_c,8.0,0.01,10000,50.0,5.98,6.04,5.99904760947277,1.0457618537915625,0.13999999999999999,0.0055,1286.6666666666665,0.2175,,,,,,,,,,
285,case_00285_induction_machine_like_slg_c_scr8.0_n0.010_r3.csv,/root/phd_thesis/Z_Synthetic_Family_Library_v2/waveforms/case_00285_induction_machine_like_slg_c_scr8.0_n0.010_r3.csv,induction_machine_like,slg_c,8.0,0.01,10000,50.0,5.98,6.04,5.997933470219379,1.0246646470046872,0.13999999999999999,0.0055,1286.6666666666665,0.2175,,,,,,,,,,
286,case_00286_induction_machine_like_slg_c_scr8.0_n0.010_r4.csv,/root/phd_thesis/Z_Synthetic_Family_Library_v2/waveforms/case_00286_induction_machine_like_slg_c_scr8.0_n0.010_r4.csv,induction_machine_like,slg_c,8.0,0.01,10000,50.0,5.98,6.04,5.999003713944592,1.0298119744845555,0.13999999999999999,0.0055,1286.6666666666665,0.2175,,,,,,,,,,
287,case_00287_induction_machine_like_slg_c_scr8.0_n0.010_r5.csv,/root/phd_thesis/Z_Synthetic_Family_Library_v2/waveforms/case_00287_induction_machine_like_slg_c_scr8.0_n0.010_r5.csv,induction_machine_like,slg_c,8.0,0.01,10000,50.0,5.98,6.04,5.9981047063608415,1.0391855246531625,0.13999999999999999,0.0055,1286.6666666666665,0.2175,,,,,,,,,,
288,case_00288_induction_machine_like_slg_c_scr8.0_n0.010_r6.csv,/root/phd_thesis/Z_Synthetic_Family_Library_v2/waveforms/case_00288_induction_machine_like_slg_c_scr8.0_n0.010_r6.csv,induction_machine_like,slg_c,8.0,0.01,10000,50.0,5.98,6.04,5.998318008535298,1.0300430951951496,0.13999999999999999,0.0055,1286.6666666666665,0.2175,,,,,,,,,,
289,case_00289_induction_machine_like_ll_ab_scr2.0_n0.002_r1.csv,/root/phd_thesis/Z_Synthetic_Family_Library_v2/waveforms/case_00289_induction_machine_like_ll_ab_scr2.0_n0.002_r1.csv,induction_machine_like,ll_ab,2.0,0.002,10000,50.0,5.98,6.04,5.999794756487488,1.0280778371703103,0.44999999999999996,0.01,846.6666666666666,0.33,,,,,,,,,,
290,case_00290_induction_machine_like_ll_ab_scr2.0_n0.002_r2.csv,/root/phd_thesis/Z_Synthetic_Family_Library_v2/waveforms/case_00290_induction_machine_like_ll_ab_scr2.0_n0.002_r2.csv,induction_machine_like,ll_ab,2.0,0.002,10000,50.0,5.98,6.04,5.997826960846385,1.0738947613677954,0.44999999999999996,0.01,846.6666666666666,0.33,,,,,,,,,,
291,case_00291_induction_machine_like_ll_ab_scr2.0_n0.002_r3.csv,/root/phd_thesis/Z_Synthetic_Family_Library_v2/waveforms/case_00291_induction_machine_like_ll_ab_scr2.0_n0.002_r3.csv,induction_machine_like,ll_ab,2.0,0.002,10000,50.0,5.98,6.04,6.0002586566193115,1.0596437934182752,0.44999999999999996,0.01,846.6666666666666,0.33,,,,,,,,,,
292,case_00292_induction_machine_like_ll_ab_scr2.0_n0.002_r4.csv,/root/phd_thesis/Z_Synthetic_Family_Library_v2/waveforms/case_00292_induction_machine_like_ll_ab_scr2.0_n0.002_r4.csv,induction_machine_like,ll_ab,2.0,0.002,10000,50.0,5.98,6.04,6.000245933837039,1.0156313804667667,0.44999999999999996,0.01,846.6666666666666,0.33,,,,,,,,,,
293,case_00293_induction_machine_like_ll_ab_scr2.0_n0.002_r5.csv,/root/phd_thesis/Z_Synthetic_Family_Library_v2/waveforms/case_00293_induction_machine_like_ll_ab_scr2.0_n0.002_r5.csv,induction_machine_like,ll_ab,2.0,0.002,10000,50.0,5.98,6.04,5.997820024454446,1.0070421632676623,0.44999999999999996,0.01,846.6666666666666,0.33,,,,,,,,,,
294,case_00294_induction_machine_like_ll_ab_scr2.0_n0.002_r6.csv,/root/phd_thesis/Z_Synthetic_Family_Library_v2/waveforms/case_00294_induction_machine_like_ll_ab_scr2.0_n0.002_r6.csv,induction_machine_like,ll_ab,2.0,0.002,10000,50.0,5.98,6.04,5.997720347468324,1.0721844828839908,0.44999999999999996,0.01,846.6666666666666,0.33,,,,,,,,,,
295,case_00295_induction_machine_like_ll_ab_scr2.0_n0.005_r1.csv,/root/phd_thesis/Z_Synthetic_Family_Library_v2/waveforms/case_00295_induction_machine_like_ll_ab_scr2.0_n0.005_r1.csv,induction_machine_like,ll_ab,2.0,0.005,10000,50.0,5.98,6.04,6.000109406424496,1.0333495964230068,0.44999999999999996,0.01,846.6666666666666,0.33,,,,,,,,,,
296,case_00296_induction_machine_like_ll_ab_scr2.0_n0.005_r2.csv,/root/phd_thesis/Z_Synthetic_Family_Library_v2/waveforms/case_00296_induction_machine_like_ll_ab_scr2.0_n0.005_r2.csv,induction_machine_like,ll_ab,2.0,0.005,10000,50.0,5.98,6.04,6.000363615668129,1.0491616522783738,0.44999999999999996,0.01,846.6666666666666,0.33,,,,,,,,,,
297,case_00297_induction_machine_like_ll_ab_scr2.0_n0.005_r3.csv,/root/phd_thesis/Z_Synthetic_Family_Library_v2/waveforms/case_00297_induction_machine_like_ll_ab_scr2.0_n0.005_r3.csv,induction_machine_like,ll_ab,2.0,0.005,10000,50.0,5.98,6.04,5.999390133111137,1.0507134369844338,0.44999999999999996,0.01,846.6666666666666,0.33,,,,,,,,,,
298,case_00298_induction_machine_like_ll_ab_scr2.0_n0.005_r4.csv,/root/phd_thesis/Z_Synthetic_Family_Library_v2/waveforms/case_00298_induction_machine_like_ll_ab_scr2.0_n0.005_r4.csv,induction_machine_like,ll_ab,2.0,0.005,10000,50.0,5.98,6.04,5.999576273910197,1.0331163509197128,0.44999999999999996,0.01,846.6666666666666,0.33,,,,,,,,,,
299,case_00299_induction_machine_like_ll_ab_scr2.0_n0.005_r5.csv,/root/phd_thesis/Z_Synthetic_Family_Library_v2/waveforms/case_00299_induction_machine_like_ll_ab_scr2.0_n0.005_r5.csv,induction_machine_like,ll_ab,2.0,0.005,10000,50.0,5.98,6.04,5.999382519093906,1.0165413660482372,0.44999999999999996,0.01,846.6666666666666,0.33,,,,,,,,,,
300,case_00300_induction_machine_like_ll_ab_scr2.0_n0.005_r6.csv,/root/phd_thesis/Z_Synthetic_Family_Library_v2/waveforms/case_00300_induction_machine_like_ll_ab_scr2.0_n0.005_r6.csv,induction_machine_like,ll_ab,2.0,0.005,10000,50.0,5.98,6.04,5.998299295255258,1.05927907533478,0.44999999999999996,0.01,846.6666666666666,0.33,,,,,,,,,,
301,case_00301_induction_machine_like_ll_ab_scr2.0_n0.010_r1.csv,/root/phd_thesis/Z_Synthetic_Family_Library_v2/waveforms/case_00301_induction_machine_like_ll_ab_scr2.0_n0.010_r1.csv,induction_machine_like,ll_ab,2.0,0.01,10000,50.0,5.98,6.04,5.998330550134538,1.0666574528767696,0.44999999999999996,0.01,846.6666666666666,0.33,,,,,,,,,,
302,case_00302_induction_machine_like_ll_ab_scr2.0_n0.010_r2.csv,/root/phd_thesis/Z_Synthetic_Family_Library_v2/waveforms/case_00302_induction_machine_like_ll_ab_scr2.0_n0.010_r2.csv,induction_machine_like,ll_ab,2.0,0.01,10000,50.0,5.98,6.04,5.999208680665899,1.0723286280929711,0.44999999999999996,0.01,846.6666666666666,0.33,,,,,,,,,,
303,case_00303_induction_machine_like_ll_ab_scr2.0_n0.010_r3.csv,/root/phd_thesis/Z_Synthetic_Family_Library_v2/waveforms/case_00303_induction_machine_like_ll_ab_scr2.0_n0.010_r3.csv,induction_machine_like,ll_ab,2.0,0.01,10000,50.0,5.98,6.04,5.999757368895422,1.0482852471317214,0.44999999999999996,0.01,846.6666666666666,0.33,,,,,,,,,,
304,case_00304_induction_machine_like_ll_ab_scr2.0_n0.010_r4.csv,/root/phd_thesis/Z_Synthetic_Family_Library_v2/waveforms/case_00304_induction_machine_like_ll_ab_scr2.0_n0.010_r4.csv,induction_machine_like,ll_ab,2.0,0.01,10000,50.0,5.98,6.04,5.9979068335901395,1.050151984554219,0.44999999999999996,0.01,846.6666666666666,0.33,,,,,,,,,,
305,case_00305_induction_machine_like_ll_ab_scr2.0_n0.010_r5.csv,/root/phd_thesis/Z_Synthetic_Family_Library_v2/waveforms/case_00305_induction_machine_like_ll_ab_scr2.0_n0.010_r5.csv,induction_machine_like,ll_ab,2.0,0.01,10000,50.0,5.98,6.04,5.99888815230583,1.020597514538852,0.44999999999999996,0.01,846.6666666666666,0.33,,,,,,,,,,
306,case_00306_induction_machine_like_ll_ab_scr2.0_n0.010_r6.csv,/root/phd_thesis/Z_Synthetic_Family_Library_v2/waveforms/case_00306_induction_machine_like_ll_ab_scr2.0_n0.010_r6.csv,induction_machine_like,ll_ab,2.0,0.01,10000,50.0,5.98,6.04,6.000447255713701,1.0382643199259511,0.44999999999999996,0.01,846.6666666666666,0.33,,,,,,,,,,
307,case_00307_induction_machine_like_ll_ab_scr3.0_n0.002_r1.csv,/root/phd_thesis/Z_Synthetic_Family_Library_v2/waveforms/case_00307_induction_machine_like_ll_ab_scr3.0_n0.002_r1.csv,induction_machine_like,ll_ab,3.0,0.002,10000,50.0,5.98,6.04,5.997542454038156,1.010181982752618,0.3,0.008,920.0,0.28,,,,,,,,,,
308,case_00308_induction_machine_like_ll_ab_scr3.0_n0.002_r2.csv,/root/phd_thesis/Z_Synthetic_Family_Library_v2/waveforms/case_00308_induction_machine_like_ll_ab_scr3.0_n0.002_r2.csv,induction_machine_like,ll_ab,3.0,0.002,10000,50.0,5.98,6.04,5.99909329621757,1.05137958404201,0.3,0.008,920.0,0.28,,,,,,,,,,
309,case_00309_induction_machine_like_ll_ab_scr3.0_n0.002_r3.csv,/root/phd_thesis/Z_Synthetic_Family_Library_v2/waveforms/case_00309_induction_machine_like_ll_ab_scr3.0_n0.002_r3.csv,induction_machine_like,ll_ab,3.0,0.002,10000,50.0,5.98,6.04,5.998580171671871,1.0012847315089641,0.3,0.008,920.0,0.28,,,,,,,,,,
310,case_00310_induction_machine_like_ll_ab_scr3.0_n0.002_r4.csv,/root/phd_thesis/Z_Synthetic_Family_Library_v2/waveforms/case_00310_induction_machine_like_ll_ab_scr3.0_n0.002_r4.csv,induction_machine_like,ll_ab,3.0,0.002,10000,50.0,5.98,6.04,5.998401862947547,1.0328488598679755,0.3,0.008,920.0,0.28,,,,,,,,,,
311,case_00311_induction_machine_like_ll_ab_scr3.0_n0.002_r5.csv,/root/phd_thesis/Z_Synthetic_Family_Library_v2/waveforms/case_00311_induction_machine_like_ll_ab_scr3.0_n0.002_r5.csv,induction_machine_like,ll_ab,3.0,0.002,10000,50.0,5.98,6.04,5.998647027756227,1.024391987292971,0.3,0.008,920.0,0.28,,,,,,,,,,
312,case_00312_induction_machine_like_ll_ab_scr3.0_n0.002_r6.csv,/root/phd_thesis/Z_Synthetic_Family_Library_v2/waveforms/case_00312_induction_machine_like_ll_ab_scr3.0_n0.002_r6.csv,induction_machine_like,ll_ab,3.0,0.002,10000,50.0,5.98,6.04,5.998610294813647,1.0006240658730665,0.3,0.008,920.0,0.28,,,,,,,,,,
313,case_00313_induction_machine_like_ll_ab_scr3.0_n0.005_r1.csv,/root/phd_thesis/Z_Synthetic_Family_Library_v2/waveforms/case_00313_induction_machine_like_ll_ab_scr3.0_n0.005_r1.csv,induction_machine_like,ll_ab,3.0,0.005,10000,50.0,5.98,6.04,5.99986412748038,1.0050785367153232,0.3,0.008,920.0,0.28,,,,,,,,,,
314,case_00314_induction_machine_like_ll_ab_scr3.0_n0.005_r2.csv,/root/phd_thesis/Z_Synthetic_Family_Library_v2/waveforms/case_00314_induction_machine_like_ll_ab_scr3.0_n0.005_r2.csv,induction_machine_like,ll_ab,3.0,0.005,10000,50.0,5.98,6.04,6.000104302047385,1.042433816447157,0.3,0.008,920.0,0.28,,,,,,,,,,
315,case_00315_induction_machine_like_ll_ab_scr3.0_n0.005_r3.csv,/root/phd_thesis/Z_Synthetic_Family_Library_v2/waveforms/case_00315_induction_machine_like_ll_ab_scr3.0_n0.005_r3.csv,induction_machine_like,ll_ab,3.0,0.005,10000,50.0,5.98,6.04,5.99969589978787,1.0541669724860203,0.3,0.008,920.0,0.28,,,,,,,,,,
316,case_00316_induction_machine_like_ll_ab_scr3.0_n0.005_r4.csv,/root/phd_thesis/Z_Synthetic_Family_Library_v2/waveforms/case_00316_induction_machine_like_ll_ab_scr3.0_n0.005_r4.csv,induction_machine_like,ll_ab,3.0,0.005,10000,50.0,5.98,6.04,5.99953531514992,1.0118366807795256,0.3,0.008,920.0,0.28,,,,,,,,,,
317,case_00317_induction_machine_like_ll_ab_scr3.0_n0.005_r5.csv,/root/phd_thesis/Z_Synthetic_Family_Library_v2/waveforms/case_00317_induction_machine_like_ll_ab_scr3.0_n0.005_r5.csv,induction_machine_like,ll_ab,3.0,0.005,10000,50.0,5.98,6.04,5.9995855733590835,1.05198464968687,0.3,0.008,920.0,0.28,,,,,,,,,,
318,case_00318_induction_machine_like_ll_ab_scr3.0_n0.005_r6.csv,/root/phd_thesis/Z_Synthetic_Family_Library_v2/waveforms/case_00318_induction_machine_like_ll_ab_scr3.0_n0.005_r6.csv,induction_machine_like,ll_ab,3.0,0.005,10000,50.0,5.98,6.04,5.999214694462854,1.072703800639971,0.3,0.008,920.0,0.28,,,,,,,,,,
319,case_00319_induction_machine_like_ll_ab_scr3.0_n0.010_r1.csv,/root/phd_thesis/Z_Synthetic_Family_Library_v2/waveforms/case_00319_induction_machine_like_ll_ab_scr3.0_n0.010_r1.csv,induction_machine_like,ll_ab,3.0,0.01,10000,50.0,5.98,6.04,6.000170232133587,1.0642210434203625,0.3,0.008,920.0,0.28,,,,,,,,,,
320,case_00320_induction_machine_like_ll_ab_scr3.0_n0.010_r2.csv,/root/phd_thesis/Z_Synthetic_Family_Library_v2/waveforms/case_00320_induction_machine_like_ll_ab_scr3.0_n0.010_r2.csv,induction_machine_like,ll_ab,3.0,0.01,10000,50.0,5.98,6.04,5.999342623325373,1.0506164185400613,0.3,0.008,920.0,0.28,,,,,,,,,,
321,case_00321_induction_machine_like_ll_ab_scr3.0_n0.010_r3.csv,/root/phd_thesis/Z_Synthetic_Family_Library_v2/waveforms/case_00321_induction_machine_like_ll_ab_scr3.0_n0.010_r3.csv,induction_machine_like,ll_ab,3.0,0.01,10000,50.0,5.98,6.04,5.997672664006615,1.0053683618386695,0.3,0.008,920.0,0.28,,,,,,,,,,
322,case_00322_induction_machine_like_ll_ab_scr3.0_n0.010_r4.csv,/root/phd_thesis/Z_Synthetic_Family_Library_v2/waveforms/case_00322_induction_machine_like_ll_ab_scr3.0_n0.010_r4.csv,induction_machine_like,ll_ab,3.0,0.01,10000,50.0,5.98,6.04,5.9988060130229846,1.0514156549851772,0.3,0.008,920.0,0.28,,,,,,,,,,
323,case_00323_induction_machine_like_ll_ab_scr3.0_n0.010_r5.csv,/root/phd_thesis/Z_Synthetic_Family_Library_v2/waveforms/case_00323_induction_machine_like_ll_ab_scr3.0_n0.010_r5.csv,induction_machine_like,ll_ab,3.0,0.01,10000,50.0,5.98,6.04,5.997786140018399,1.0584520823164938,0.3,0.008,920.0,0.28,,,,,,,,,,
324,case_00324_induction_machine_like_ll_ab_scr3.0_n0.010_r6.csv,/root/phd_thesis/Z_Synthetic_Family_Library_v2/waveforms/case_00324_induction_machine_like_ll_ab_scr3.0_n0.010_r6.csv,induction_machine_like,ll_ab,3.0,0.01,10000,50.0,5.98,6.04,5.998983916253001,1.0517689753680952,0.3,0.008,920.0,0.28,,,,,,,,,,
325,case_00325_induction_machine_like_ll_ab_scr5.0_n0.002_r1.csv,/root/phd_thesis/Z_Synthetic_Family_Library_v2/waveforms/case_00325_induction_machine_like_ll_ab_scr5.0_n0.002_r1.csv,induction_machine_like,ll_ab,5.0,0.002,10000,50.0,5.98,6.04,5.9996229827016565,1.002665422801979,0.18,0.0063999999999999994,1066.6666666666667,0.24,,,,,,,,,,
326,case_00326_induction_machine_like_ll_ab_scr5.0_n0.002_r2.csv,/root/phd_thesis/Z_Synthetic_Family_Library_v2/waveforms/case_00326_induction_machine_like_ll_ab_scr5.0_n0.002_r2.csv,induction_machine_like,ll_ab,5.0,0.002,10000,50.0,5.98,6.04,6.000311936886217,1.0214029037249224,0.18,0.0063999999999999994,1066.6666666666667,0.24,,,,,,,,,,
327,case_00327_induction_machine_like_ll_ab_scr5.0_n0.002_r3.csv,/root/phd_thesis/Z_Synthetic_Family_Library_v2/waveforms/case_00327_induction_machine_like_ll_ab_scr5.0_n0.002_r3.csv,induction_machine_like,ll_ab,5.0,0.002,10000,50.0,5.98,6.04,6.00046673298631,1.016353642642538,0.18,0.0063999999999999994,1066.6666666666667,0.24,,,,,,,,,,
328,case_00328_induction_machine_like_ll_ab_scr5.0_n0.002_r4.csv,/root/phd_thesis/Z_Synthetic_Family_Library_v2/waveforms/case_00328_induction_machine_like_ll_ab_scr5.0_n0.002_r4.csv,induction_machine_like,ll_ab,5.0,0.002,10000,50.0,5.98,6.04,5.998040534325203,1.0655987545426102,0.18,0.0063999999999999994,1066.6666666666667,0.24,,,,,,,,,,
329,case_00329_induction_machine_like_ll_ab_scr5.0_n0.002_r5.csv,/root/phd_thesis/Z_Synthetic_Family_Library_v2/waveforms/case_00329_induction_machine_like_ll_ab_scr5.0_n0.002_r5.csv,induction_machine_like,ll_ab,5.0,0.002,10000,50.0,5.98,6.04,5.99869105062112,1.01194626220277,0.18,0.0063999999999999994,1066.6666666666667,0.24,,,,,,,,,,
330,case_00330_induction_machine_like_ll_ab_scr5.0_n0.002_r6.csv,/root/phd_thesis/Z_Synthetic_Family_Library_v2/waveforms/case_00330_induction_machine_like_ll_ab_scr5.0_n0.002_r6.csv,induction_machine_like,ll_ab,5.0,0.002,10000,50.0,5.98,6.04,5.99983348643191,1.002143554089159,0.18,0.0063999999999999994,1066.6666666666667,0.24,,,,,,,,,,
331,case_00331_induction_machine_like_ll_ab_scr5.0_n0.005_r1.csv,/root/phd_thesis/Z_Synthetic_Family_Library_v2/waveforms/case_00331_induction_machine_like_ll_ab_scr5.0_n0.005_r1.csv,induction_machine_like,ll_ab,5.0,0.005,10000,50.0,5.98,6.04,5.997696438458369,1.0628640893702042,0.18,0.0063999999999999994,1066.6666666666667,0.24,,,,,,,,,,
332,case_00332_induction_machine_like_ll_ab_scr5.0_n0.005_r2.csv,/root/phd_thesis/Z_Synthetic_Family_Library_v2/waveforms/case_00332_induction_machine_like_ll_ab_scr5.0_n0.005_r2.csv,induction_machine_like,ll_ab,5.0,0.005,10000,50.0,5.98,6.04,6.000019382614256,1.0183752242380681,0.18,0.0063999999999999994,1066.6666666666667,0.24,,,,,,,,,,
333,case_00333_induction_machine_like_ll_ab_scr5.0_n0.005_r3.csv,/root/phd_thesis/Z_Synthetic_Family_Library_v2/waveforms/case_00333_induction_machine_like_ll_ab_scr5.0_n0.005_r3.csv,induction_machine_like,ll_ab,5.0,0.005,10000,50.0,5.98,6.04,5.997629912177288,1.023743154595696,0.18,0.0063999999999999994,1066.6666666666667,0.24,,,,,,,,,,
334,case_00334_induction_machine_like_ll_ab_scr5.0_n0.005_r4.csv,/root/phd_thesis/Z_Synthetic_Family_Library_v2/waveforms/case_00334_induction_machine_like_ll_ab_scr5.0_n0.005_r4.csv,induction_machine_like,ll_ab,5.0,0.005,10000,50.0,5.98,6.04,5.997909294752822,1.0521900938474908,0.18,0.0063999999999999994,1066.6666666666667,0.24,,,,,,,,,,
335,case_00335_induction_machine_like_ll_ab_scr5.0_n0.005_r5.csv,/root/phd_thesis/Z_Synthetic_Family_Library_v2/waveforms/case_00335_induction_machine_like_ll_ab_scr5.0_n0.005_r5.csv,induction_machine_like,ll_ab,5.0,0.005,10000,50.0,5.98,6.04,5.999750501734805,1.0383305969734828,0.18,0.0063999999999999994,1066.6666666666667,0.24,,,,,,,,,,
336,case_00336_induction_machine_like_ll_ab_scr5.0_n0.005_r6.csv,/root/phd_thesis/Z_Synthetic_Family_Library_v2/waveforms/case_00336_induction_machine_like_ll_ab_scr5.0_n0.005_r6.csv,induction_machine_like,ll_ab,5.0,0.005,10000,50.0,5.98,6.04,5.9989915769275175,1.0266879785789833,0.18,0.0063999999999999994,1066.6666666666667,0.24,,,,,,,,,,
337,case_00337_induction_machine_like_ll_ab_scr5.0_n0.010_r1.csv,/root/phd_thesis/Z_Synthetic_Family_Library_v2/waveforms/case_00337_induction_machine_like_ll_ab_scr5.0_n0.010_r1.csv,induction_machine_like,ll_ab,5.0,0.01,10000,50.0,5.98,6.04,5.999202297093657,1.0270498767940819,0.18,0.0063999999999999994,1066.6666666666667,0.24,,,,,,,,,,
338,case_00338_induction_machine_like_ll_ab_scr5.0_n0.010_r2.csv,/root/phd_thesis/Z_Synthetic_Family_Library_v2/waveforms/case_00338_induction_machine_like_ll_ab_scr5.0_n0.010_r2.csv,induction_machine_like,ll_ab,5.0,0.01,10000,50.0,5.98,6.04,5.999803854875759,1.0080611001034927,0.18,0.0063999999999999994,1066.6666666666667,0.24,,,,,,,,,,
339,case_00339_induction_machine_like_ll_ab_scr5.0_n0.010_r3.csv,/root/phd_thesis/Z_Synthetic_Family_Library_v2/waveforms/case_00339_induction_machine_like_ll_ab_scr5.0_n0.010_r3.csv,induction_machine_like,ll_ab,5.0,0.01,10000,50.0,5.98,6.04,6.0004032890295065,1.0248160003129594,0.18,0.0063999999999999994,1066.6666666666667,0.24,,,,,,,,,,
340,case_00340_induction_machine_like_ll_ab_scr5.0_n0.010_r4.csv,/root/phd_thesis/Z_Synthetic_Family_Library_v2/waveforms/case_00340_induction_machine_like_ll_ab_scr5.0_n0.010_r4.csv,induction_machine_like,ll_ab,5.0,0.01,10000,50.0,5.98,6.04,5.997949477390923,1.050258947285843,0.18,0.0063999999999999994,1066.6666666666667,0.24,,,,,,,,,,
341,case_00341_induction_machine_like_ll_ab_scr5.0_n0.010_r5.csv,/root/phd_thesis/Z_Synthetic_Family_Library_v2/waveforms/case_00341_induction_machine_like_ll_ab_scr5.0_n0.010_r5.csv,induction_machine_like,ll_ab,5.0,0.01,10000,50.0,5.98,6.04,6.000001893982591,1.0145251172922751,0.18,0.0063999999999999994,1066.6666666666667,0.24,,,,,,,,,,
342,case_00342_induction_machine_like_ll_ab_scr5.0_n0.010_r6.csv,/root/phd_thesis/Z_Synthetic_Family_Library_v2/waveforms/case_00342_induction_machine_like_ll_ab_scr5.0_n0.010_r6.csv,induction_machine_like,ll_ab,5.0,0.01,10000,50.0,5.98,6.04,5.998632275655974,1.0637806474839009,0.18,0.0063999999999999994,1066.6666666666667,0.24,,,,,,,,,,
343,case_00343_induction_machine_like_ll_ab_scr8.0_n0.002_r1.csv,/root/phd_thesis/Z_Synthetic_Family_Library_v2/waveforms/case_00343_induction_machine_like_ll_ab_scr8.0_n0.002_r1.csv,induction_machine_like,ll_ab,8.0,0.002,10000,50.0,5.98,6.04,5.999064816794018,1.0414802782984998,0.12,0.0055,1286.6666666666665,0.2175,,,,,,,,,,
344,case_00344_induction_machine_like_ll_ab_scr8.0_n0.002_r2.csv,/root/phd_thesis/Z_Synthetic_Family_Library_v2/waveforms/case_00344_induction_machine_like_ll_ab_scr8.0_n0.002_r2.csv,induction_machine_like,ll_ab,8.0,0.002,10000,50.0,5.98,6.04,5.997559586432755,1.0146746686129946,0.12,0.0055,1286.6666666666665,0.2175,,,,,,,,,,
345,case_00345_induction_machine_like_ll_ab_scr8.0_n0.002_r3.csv,/root/phd_thesis/Z_Synthetic_Family_Library_v2/waveforms/case_00345_induction_machine_like_ll_ab_scr8.0_n0.002_r3.csv,induction_machine_like,ll_ab,8.0,0.002,10000,50.0,5.98,6.04,5.999623400930386,1.0689326155652483,0.12,0.0055,1286.6666666666665,0.2175,,,,,,,,,,
346,case_00346_induction_machine_like_ll_ab_scr8.0_n0.002_r4.csv,/root/phd_thesis/Z_Synthetic_Family_Library_v2/waveforms/case_00346_induction_machine_like_ll_ab_scr8.0_n0.002_r4.csv,induction_machine_like,ll_ab,8.0,0.002,10000,50.0,5.98,6.04,5.997843093337573,1.0385029784456479,0.12,0.0055,1286.6666666666665,0.2175,,,,,,,,,,
347,case_00347_induction_machine_like_ll_ab_scr8.0_n0.002_r5.csv,/root/phd_thesis/Z_Synthetic_Family_Library_v2/waveforms/case_00347_induction_machine_like_ll_ab_scr8.0_n0.002_r5.csv,induction_machine_like,ll_ab,8.0,0.002,10000,50.0,5.98,6.04,5.998086997911518,1.013148107829081,0.12,0.0055,1286.6666666666665,0.2175,,,,,,,,,,
348,case_00348_induction_machine_like_ll_ab_scr8.0_n0.002_r6.csv,/root/phd_thesis/Z_Synthetic_Family_Library_v2/waveforms/case_00348_induction_machine_like_ll_ab_scr8.0_n0.002_r6.csv,induction_machine_like,ll_ab,8.0,0.002,10000,50.0,5.98,6.04,6.000138907899754,1.0006738442811272,0.12,0.0055,1286.6666666666665,0.2175,,,,,,,,,,
349,case_00349_induction_machine_like_ll_ab_scr8.0_n0.005_r1.csv,/root/phd_thesis/Z_Synthetic_Family_Library_v2/waveforms/case_00349_induction_machine_like_ll_ab_scr8.0_n0.005_r1.csv,induction_machine_like,ll_ab,8.0,0.005,10000,50.0,5.98,6.04,6.0004849402805664,1.04323603767584,0.12,0.0055,1286.6666666666665,0.2175,,,,,,,,,,
350,case_00350_induction_machine_like_ll_ab_scr8.0_n0.005_r2.csv,/root/phd_thesis/Z_Synthetic_Family_Library_v2/waveforms/case_00350_induction_machine_like_ll_ab_scr8.0_n0.005_r2.csv,induction_machine_like,ll_ab,8.0,0.005,10000,50.0,5.98,6.04,6.000173952168937,1.048965481530966,0.12,0.0055,1286.6666666666665,0.2175,,,,,,,,,,
351,case_00351_induction_machine_like_ll_ab_scr8.0_n0.005_r3.csv,/root/phd_thesis/Z_Synthetic_Family_Library_v2/waveforms/case_00351_induction_machine_like_ll_ab_scr8.0_n0.005_r3.csv,induction_machine_like,ll_ab,8.0,0.005,10000,50.0,5.98,6.04,5.998925929535318,1.0577978630058753,0.12,0.0055,1286.6666666666665,0.2175,,,,,,,,,,
352,case_00352_induction_machine_like_ll_ab_scr8.0_n0.005_r4.csv,/root/phd_thesis/Z_Synthetic_Family_Library_v2/waveforms/case_00352_induction_machine_like_ll_ab_scr8.0_n0.005_r4.csv,induction_machine_like,ll_ab,8.0,0.005,10000,50.0,5.98,6.04,5.997595281307668,1.0796363699649378,0.12,0.0055,1286.6666666666665,0.2175,,,,,,,,,,
353,case_00353_induction_machine_like_ll_ab_scr8.0_n0.005_r5.csv,/root/phd_thesis/Z_Synthetic_Family_Library_v2/waveforms/case_00353_induction_machine_like_ll_ab_scr8.0_n0.005_r5.csv,induction_machine_like,ll_ab,8.0,0.005,10000,50.0,5.98,6.04,5.998697524892033,1.0745069090633095,0.12,0.0055,1286.6666666666665,0.2175,,,,,,,,,,
354,case_00354_induction_machine_like_ll_ab_scr8.0_n0.005_r6.csv,/root/phd_thesis/Z_Synthetic_Family_Library_v2/waveforms/case_00354_induction_machine_like_ll_ab_scr8.0_n0.005_r6.csv,induction_machine_like,ll_ab,8.0,0.005,10000,50.0,5.98,6.04,5.998809400241848,1.0499280333900112,0.12,0.0055,1286.6666666666665,0.2175,,,,,,,,,,
355,case_00355_induction_machine_like_ll_ab_scr8.0_n0.010_r1.csv,/root/phd_thesis/Z_Synthetic_Family_Library_v2/waveforms/case_00355_induction_machine_like_ll_ab_scr8.0_n0.010_r1.csv,induction_machine_like,ll_ab,8.0,0.01,10000,50.0,5.98,6.04,5.9993364645955145,1.0425256545046717,0.12,0.0055,1286.6666666666665,0.2175,,,,,,,,,,
356,case_00356_induction_machine_like_ll_ab_scr8.0_n0.010_r2.csv,/root/phd_thesis/Z_Synthetic_Family_Library_v2/waveforms/case_00356_induction_machine_like_ll_ab_scr8.0_n0.010_r2.csv,induction_machine_like,ll_ab,8.0,0.01,10000,50.0,5.98,6.04,5.998472395965139,1.0499690182118806,0.12,0.0055,1286.6666666666665,0.2175,,,,,,,,,,
357,case_00357_induction_machine_like_ll_ab_scr8.0_n0.010_r3.csv,/root/phd_thesis/Z_Synthetic_Family_Library_v2/waveforms/case_00357_induction_machine_like_ll_ab_scr8.0_n0.010_r3.csv,induction_machine_like,ll_ab,8.0,0.01,10000,50.0,5.98,6.04,5.9977098268416595,1.0347137619148024,0.12,0.0055,1286.6666666666665,0.2175,,,,,,,,,,
358,case_00358_induction_machine_like_ll_ab_scr8.0_n0.010_r4.csv,/root/phd_thesis/Z_Synthetic_Family_Library_v2/waveforms/case_00358_induction_machine_like_ll_ab_scr8.0_n0.010_r4.csv,induction_machine_like,ll_ab,8.0,0.01,10000,50.0,5.98,6.04,5.998265603568051,1.0765733837131148,0.12,0.0055,1286.6666666666665,0.2175,,,,,,,,,,
359,case_00359_induction_machine_like_ll_ab_scr8.0_n0.010_r5.csv,/root/phd_thesis/Z_Synthetic_Family_Library_v2/waveforms/case_00359_induction_machine_like_ll_ab_scr8.0_n0.010_r5.csv,induction_machine_like,ll_ab,8.0,0.01,10000,50.0,5.98,6.04,5.998945423399095,1.009869064003105,0.12,0.0055,1286.6666666666665,0.2175,,,,,,,,,,
360,case_00360_induction_machine_like_ll_ab_scr8.0_n0.010_r6.csv,/root/phd_thesis/Z_Synthetic_Family_Library_v2/waveforms/case_00360_induction_machine_like_ll_ab_scr8.0_n0.010_r6.csv,induction_machine_like,ll_ab,8.0,0.01,10000,50.0,5.98,6.04,5.999194879627609,1.0656843433917347,0.12,0.0055,1286.6666666666665,0.2175,,,,,,,,,,
361,case_00361_induction_machine_like_ll_bc_scr2.0_n0.002_r1.csv,/root/phd_thesis/Z_Synthetic_Family_Library_v2/waveforms/case_00361_induction_machine_like_ll_bc_scr2.0_n0.002_r1.csv,induction_machine_like,ll_bc,2.0,0.002,10000,50.0,5.98,6.04,5.997904821659788,1.022354092406375,0.44999999999999996,0.01,846.6666666666666,0.33,,,,,,,,,,
362,case_00362_induction_machine_like_ll_bc_scr2.0_n0.002_r2.csv,/root/phd_thesis/Z_Synthetic_Family_Library_v2/waveforms/case_00362_induction_machine_like_ll_bc_scr2.0_n0.002_r2.csv,induction_machine_like,ll_bc,2.0,0.002,10000,50.0,5.98,6.04,5.998165663053261,1.008782165345838,0.44999999999999996,0.01,846.6666666666666,0.33,,,,,,,,,,
363,case_00363_induction_machine_like_ll_bc_scr2.0_n0.002_r3.csv,/root/phd_thesis/Z_Synthetic_Family_Library_v2/waveforms/case_00363_induction_machine_like_ll_bc_scr2.0_n0.002_r3.csv,induction_machine_like,ll_bc,2.0,0.002,10000,50.0,5.98,6.04,5.999050143401876,1.0668396302005712,0.44999999999999996,0.01,846.6666666666666,0.33,,,,,,,,,,
364,case_00364_induction_machine_like_ll_bc_scr2.0_n0.002_r4.csv,/root/phd_thesis/Z_Synthetic_Family_Library_v2/waveforms/case_00364_induction_machine_like_ll_bc_scr2.0_n0.002_r4.csv,induction_machine_like,ll_bc,2.0,0.002,10000,50.0,5.98,6.04,5.998474556844398,1.0477752342228128,0.44999999999999996,0.01,846.6666666666666,0.33,,,,,,,,,,
365,case_00365_induction_machine_like_ll_bc_scr2.0_n0.002_r5.csv,/root/phd_thesis/Z_Synthetic_Family_Library_v2/waveforms/case_00365_induction_machine_like_ll_bc_scr2.0_n0.002_r5.csv,induction_machine_like,ll_bc,2.0,0.002,10000,50.0,5.98,6.04,6.000403619485752,1.0305676726915707,0.44999999999999996,0.01,846.6666666666666,0.33,,,,,,,,,,
366,case_00366_induction_machine_like_ll_bc_scr2.0_n0.002_r6.csv,/root/phd_thesis/Z_Synthetic_Family_Library_v2/waveforms/case_00366_induction_machine_like_ll_bc_scr2.0_n0.002_r6.csv,induction_machine_like,ll_bc,2.0,0.002,10000,50.0,5.98,6.04,6.000119754525877,1.070568482951653,0.44999999999999996,0.01,846.6666666666666,0.33,,,,,,,,,,
367,case_00367_induction_machine_like_ll_bc_scr2.0_n0.005_r1.csv,/root/phd_thesis/Z_Synthetic_Family_Library_v2/waveforms/case_00367_induction_machine_like_ll_bc_scr2.0_n0.005_r1.csv,induction_machine_like,ll_bc,2.0,0.005,10000,50.0,5.98,6.04,5.997832347776126,1.03026244505568,0.44999999999999996,0.01,846.6666666666666,0.33,,,,,,,,,,
368,case_00368_induction_machine_like_ll_bc_scr2.0_n0.005_r2.csv,/root/phd_thesis/Z_Synthetic_Family_Library_v2/waveforms/case_00368_induction_machine_like_ll_bc_scr2.0_n0.005_r2.csv,induction_machine_like,ll_bc,2.0,0.005,10000,50.0,5.98,6.04,5.997603195114478,1.036403685130813,0.44999999999999996,0.01,846.6666666666666,0.33,,,,,,,,,,
369,case_00369_induction_machine_like_ll_bc_scr2.0_n0.005_r3.csv,/root/phd_thesis/Z_Synthetic_Family_Library_v2/waveforms/case_00369_induction_machine_like_ll_bc_scr2.0_n0.005_r3.csv,induction_machine_like,ll_bc,2.0,0.005,10000,50.0,5.98,6.04,5.999285965639475,1.068402149640097,0.44999999999999996,0.01,846.6666666666666,0.33,,,,,,,,,,
370,case_00370_induction_machine_like_ll_bc_scr2.0_n0.005_r4.csv,/root/phd_thesis/Z_Synthetic_Family_Library_v2/waveforms/case_00370_induction_machine_like_ll_bc_scr2.0_n0.005_r4.csv,induction_machine_like,ll_bc,2.0,0.005,10000,50.0,5.98,6.04,5.998315303961972,1.0076492723761357,0.44999999999999996,0.01,846.6666666666666,0.33,,,,,,,,,,
371,case_00371_induction_machine_like_ll_bc_scr2.0_n0.005_r5.csv,/root/phd_thesis/Z_Synthetic_Family_Library_v2/waveforms/case_00371_induction_machine_like_ll_bc_scr2.0_n0.005_r5.csv,induction_machine_like,ll_bc,2.0,0.005,10000,50.0,5.98,6.04,5.997659277101087,1.007720770730787,0.44999999999999996,0.01,846.6666666666666,0.33,,,,,,,,,,
372,case_00372_induction_machine_like_ll_bc_scr2.0_n0.005_r6.csv,/root/phd_thesis/Z_Synthetic_Family_Library_v2/waveforms/case_00372_induction_machine_like_ll_bc_scr2.0_n0.005_r6.csv,induction_machine_like,ll_bc,2.0,0.005,10000,50.0,5.98,6.04,6.000004492532831,1.0734583169700616,0.44999999999999996,0.01,846.6666666666666,0.33,,,,,,,,,,
373,case_00373_induction_machine_like_ll_bc_scr2.0_n0.010_r1.csv,/root/phd_thesis/Z_Synthetic_Family_Library_v2/waveforms/case_00373_induction_machine_like_ll_bc_scr2.0_n0.010_r1.csv,induction_machine_like,ll_bc,2.0,0.01,10000,50.0,5.98,6.04,5.998228642727343,1.0293676534464884,0.44999999999999996,0.01,846.6666666666666,0.33,,,,,,,,,,
374,case_00374_induction_machine_like_ll_bc_scr2.0_n0.010_r2.csv,/root/phd_thesis/Z_Synthetic_Family_Library_v2/waveforms/case_00374_induction_machine_like_ll_bc_scr2.0_n0.010_r2.csv,induction_machine_like,ll_bc,2.0,0.01,10000,50.0,5.98,6.04,6.000237787857826,1.04227480898429,0.44999999999999996,0.01,846.6666666666666,0.33,,,,,,,,,,
375,case_00375_induction_machine_like_ll_bc_scr2.0_n0.010_r3.csv,/root/phd_thesis/Z_Synthetic_Family_Library_v2/waveforms/case_00375_induction_machine_like_ll_bc_scr2.0_n0.010_r3.csv,induction_machine_like,ll_bc,2.0,0.01,10000,50.0,5.98,6.04,5.999614026717154,1.019029358650493,0.44999999999999996,0.01,846.6666666666666,0.33,,,,,,,,,,
376,case_00376_induction_machine_like_ll_bc_scr2.0_n0.010_r4.csv,/root/phd_thesis/Z_Synthetic_Family_Library_v2/waveforms/case_00376_induction_machine_like_ll_bc_scr2.0_n0.010_r4.csv,induction_machine_like,ll_bc,2.0,0.01,10000,50.0,5.98,6.04,5.999420478998237,1.0406060860438981,0.44999999999999996,0.01,846.6666666666666,0.33,,,,,,,,,,
377,case_00377_induction_machine_like_ll_bc_scr2.0_n0.010_r5.csv,/root/phd_thesis/Z_Synthetic_Family_Library_v2/waveforms/case_00377_induction_machine_like_ll_bc_scr2.0_n0.010_r5.csv,induction_machine_like,ll_bc,2.0,0.01,10000,50.0,5.98,6.04,5.9987390574275326,1.0070957092439576,0.44999999999999996,0.01,846.6666666666666,0.33,,,,,,,,,,
378,case_00378_induction_machine_like_ll_bc_scr2.0_n0.010_r6.csv,/root/phd_thesis/Z_Synthetic_Family_Library_v2/waveforms/case_00378_induction_machine_like_ll_bc_scr2.0_n0.010_r6.csv,induction_machine_like,ll_bc,2.0,0.01,10000,50.0,5.98,6.04,5.9994536681507435,1.0135830376450068,0.44999999999999996,0.01,846.6666666666666,0.33,,,,,,,,,,
379,case_00379_induction_machine_like_ll_bc_scr3.0_n0.002_r1.csv,/root/phd_thesis/Z_Synthetic_Family_Library_v2/waveforms/case_00379_induction_machine_like_ll_bc_scr3.0_n0.002_r1.csv,induction_machine_like,ll_bc,3.0,0.002,10000,50.0,5.98,6.04,5.998930940795972,1.0402282670353702,0.3,0.008,920.0,0.28,,,,,,,,,,
380,case_00380_induction_machine_like_ll_bc_scr3.0_n0.002_r2.csv,/root/phd_thesis/Z_Synthetic_Family_Library_v2/waveforms/case_00380_induction_machine_like_ll_bc_scr3.0_n0.002_r2.csv,induction_machine_like,ll_bc,3.0,0.002,10000,50.0,5.98,6.04,5.997834957926058,1.0760726027155076,0.3,0.008,920.0,0.28,,,,,,,,,,
381,case_00381_induction_machine_like_ll_bc_scr3.0_n0.002_r3.csv,/root/phd_thesis/Z_Synthetic_Family_Library_v2/waveforms/case_00381_induction_machine_like_ll_bc_scr3.0_n0.002_r3.csv,induction_machine_like,ll_bc,3.0,0.002,10000,50.0,5.98,6.04,5.997841732565606,1.045412460232432,0.3,0.008,920.0,0.28,,,,,,,,,,
382,case_00382_induction_machine_like_ll_bc_scr3.0_n0.002_r4.csv,/root/phd_thesis/Z_Synthetic_Family_Library_v2/waveforms/case_00382_induction_machine_like_ll_bc_scr3.0_n0.002_r4.csv,induction_machine_like,ll_bc,3.0,0.002,10000,50.0,5.98,6.04,5.997602331817862,1.0638697108472406,0.3,0.008,920.0,0.28,,,,,,,,,,
383,case_00383_induction_machine_like_ll_bc_scr3.0_n0.002_r5.csv,/root/phd_thesis/Z_Synthetic_Family_Library_v2/waveforms/case_00383_induction_machine_like_ll_bc_scr3.0_n0.002_r5.csv,induction_machine_like,ll_bc,3.0,0.002,10000,50.0,5.98,6.04,5.997710360883372,1.023714714169734,0.3,0.008,920.0,0.28,,,,,,,,,,
384,case_00384_induction_machine_like_ll_bc_scr3.0_n0.002_r6.csv,/root/phd_thesis/Z_Synthetic_Family_Library_v2/waveforms/case_00384_induction_machine_like_ll_bc_scr3.0_n0.002_r6.csv,induction_machine_like,ll_bc,3.0,0.002,10000,50.0,5.98,6.04,5.999002507472816,1.0530634732757949,0.3,0.008,920.0,0.28,,,,,,,,,,
385,case_00385_induction_machine_like_ll_bc_scr3.0_n0.005_r1.csv,/root/phd_thesis/Z_Synthetic_Family_Library_v2/waveforms/case_00385_induction_machine_like_ll_bc_scr3.0_n0.005_r1.csv,induction_machine_like,ll_bc,3.0,0.005,10000,50.0,5.98,6.04,5.998403476506113,1.036411359670091,0.3,0.008,920.0,0.28,,,,,,,,,,
386,case_00386_induction_machine_like_ll_bc_scr3.0_n0.005_r2.csv,/root/phd_thesis/Z_Synthetic_Family_Library_v2/waveforms/case_00386_induction_machine_like_ll_bc_scr3.0_n0.005_r2.csv,induction_machine_like,ll_bc,3.0,0.005,10000,50.0,5.98,6.04,5.999455131062497,1.011157762732691,0.3,0.008,920.0,0.28,,,,,,,,,,
387,case_00387_induction_machine_like_ll_bc_scr3.0_n0.005_r3.csv,/root/phd_thesis/Z_Synthetic_Family_Library_v2/waveforms/case_00387_induction_machine_like_ll_bc_scr3.0_n0.005_r3.csv,induction_machine_like,ll_bc,3.0,0.005,10000,50.0,5.98,6.04,6.000403250412198,1.019981428954826,0.3,0.008,920.0,0.28,,,,,,,,,,
388,case_00388_induction_machine_like_ll_bc_scr3.0_n0.005_r4.csv,/root/phd_thesis/Z_Synthetic_Family_Library_v2/waveforms/case_00388_induction_machine_like_ll_bc_scr3.0_n0.005_r4.csv,induction_machine_like,ll_bc,3.0,0.005,10000,50.0,5.98,6.04,5.999897368519041,1.037994950703203,0.3,0.008,920.0,0.28,,,,,,,,,,
389,case_00389_induction_machine_like_ll_bc_scr3.0_n0.005_r5.csv,/root/phd_thesis/Z_Synthetic_Family_Library_v2/waveforms/case_00389_induction_machine_like_ll_bc_scr3.0_n0.005_r5.csv,induction_machine_like,ll_bc,3.0,0.005,10000,50.0,5.98,6.04,5.9984593181544605,1.0716201549955284,0.3,0.008,920.0,0.28,,,,,,,,,,
390,case_00390_induction_machine_like_ll_bc_scr3.0_n0.005_r6.csv,/root/phd_thesis/Z_Synthetic_Family_Library_v2/waveforms/case_00390_induction_machine_like_ll_bc_scr3.0_n0.005_r6.csv,induction_machine_like,ll_bc,3.0,0.005,10000,50.0,5.98,6.04,6.000164071051949,1.0241362087325259,0.3,0.008,920.0,0.28,,,,,,,,,,
391,case_00391_induction_machine_like_ll_bc_scr3.0_n0.010_r1.csv,/root/phd_thesis/Z_Synthetic_Family_Library_v2/waveforms/case_00391_induction_machine_like_ll_bc_scr3.0_n0.010_r1.csv,induction_machine_like,ll_bc,3.0,0.01,10000,50.0,5.98,6.04,6.000196526068108,1.0749849977516164,0.3,0.008,920.0,0.28,,,,,,,,,,
392,case_00392_induction_machine_like_ll_bc_scr3.0_n0.010_r2.csv,/root/phd_thesis/Z_Synthetic_Family_Library_v2/waveforms/case_00392_induction_machine_like_ll_bc_scr3.0_n0.010_r2.csv,induction_machine_like,ll_bc,3.0,0.01,10000,50.0,5.98,6.04,5.999249742924777,1.0573000170976394,0.3,0.008,920.0,0.28,,,,,,,,,,
393,case_00393_induction_machine_like_ll_bc_scr3.0_n0.010_r3.csv,/root/phd_thesis/Z_Synthetic_Family_Library_v2/waveforms/case_00393_induction_machine_like_ll_bc_scr3.0_n0.010_r3.csv,induction_machine_like,ll_bc,3.0,0.01,10000,50.0,5.98,6.04,5.997822331324423,1.0670610799230817,0.3,0.008,920.0,0.28,,,,,,,,,,
394,case_00394_induction_machine_like_ll_bc_scr3.0_n0.010_r4.csv,/root/phd_thesis/Z_Synthetic_Family_Library_v2/waveforms/case_00394_induction_machine_like_ll_bc_scr3.0_n0.010_r4.csv,induction_machine_like,ll_bc,3.0,0.01,10000,50.0,5.98,6.04,5.998488253806845,1.0416495500488265,0.3,0.008,920.0,0.28,,,,,,,,,,
395,case_00395_induction_machine_like_ll_bc_scr3.0_n0.010_r5.csv,/root/phd_thesis/Z_Synthetic_Family_Library_v2/waveforms/case_00395_induction_machine_like_ll_bc_scr3.0_n0.010_r5.csv,induction_machine_like,ll_bc,3.0,0.01,10000,50.0,5.98,6.04,5.999032073046866,1.0480250091657455,0.3,0.008,920.0,0.28,,,,,,,,,,
396,case_00396_induction_machine_like_ll_bc_scr3.0_n0.010_r6.csv,/root/phd_thesis/Z_Synthetic_Family_Library_v2/waveforms/case_00396_induction_machine_like_ll_bc_scr3.0_n0.010_r6.csv,induction_machine_like,ll_bc,3.0,0.01,10000,50.0,5.98,6.04,5.998990249902706,1.0285702129409897,0.3,0.008,920.0,0.28,,,,,,,,,,
397,case_00397_induction_machine_like_ll_bc_scr5.0_n0.002_r1.csv,/root/phd_thesis/Z_Synthetic_Family_Library_v2/waveforms/case_00397_induction_machine_like_ll_bc_scr5.0_n0.002_r1.csv,induction_machine_like,ll_bc,5.0,0.002,10000,50.0,5.98,6.04,5.999954807057296,1.0613936537638746,0.18,0.0063999999999999994,1066.6666666666667,0.24,,,,,,,,,,
398,case_00398_induction_machine_like_ll_bc_scr5.0_n0.002_r2.csv,/root/phd_thesis/Z_Synthetic_Family_Library_v2/waveforms/case_00398_induction_machine_like_ll_bc_scr5.0_n0.002_r2.csv,induction_machine_like,ll_bc,5.0,0.002,10000,50.0,5.98,6.04,5.999821734928728,1.0779233051220987,0.18,0.0063999999999999994,1066.6666666666667,0.24,,,,,,,,,,
399,case_00399_induction_machine_like_ll_bc_scr5.0_n0.002_r3.csv,/root/phd_thesis/Z_Synthetic_Family_Library_v2/waveforms/case_00399_induction_machine_like_ll_bc_scr5.0_n0.002_r3.csv,induction_machine_like,ll_bc,5.0,0.002,10000,50.0,5.98,6.04,5.998543411660558,1.0451960863587737,0.18,0.0063999999999999994,1066.6666666666667,0.24,,,,,,,,,,
400,case_00400_induction_machine_like_ll_bc_scr5.0_n0.002_r4.csv,/root/phd_thesis/Z_Synthetic_Family_Library_v2/waveforms/case_00400_induction_machine_like_ll_bc_scr5.0_n0.002_r4.csv,induction_machine_like,ll_bc,5.0,0.002,10000,50.0,5.98,6.04,5.998263999518945,1.0247449160776523,0.18,0.0063999999999999994,1066.6666666666667,0.24,,,,,,,,,,
401,case_00401_induction_machine_like_ll_bc_scr5.0_n0.002_r5.csv,/root/phd_thesis/Z_Synthetic_Family_Library_v2/waveforms/case_00401_induction_machine_like_ll_bc_scr5.0_n0.002_r5.csv,induction_machine_like,ll_bc,5.0,0.002,10000,50.0,5.98,6.04,5.998747631244634,1.0763074070495917,0.18,0.0063999999999999994,1066.6666666666667,0.24,,,,,,,,,,
402,case_00402_induction_machine_like_ll_bc_scr5.0_n0.002_r6.csv,/root/phd_thesis/Z_Synthetic_Family_Library_v2/waveforms/case_00402_induction_machine_like_ll_bc_scr5.0_n0.002_r6.csv,induction_machine_like,ll_bc,5.0,0.002,10000,50.0,5.98,6.04,5.999132286287019,1.054120741631116,0.18,0.0063999999999999994,1066.6666666666667,0.24,,,,,,,,,,
403,case_00403_induction_machine_like_ll_bc_scr5.0_n0.005_r1.csv,/root/phd_thesis/Z_Synthetic_Family_Library_v2/waveforms/case_00403_induction_machine_like_ll_bc_scr5.0_n0.005_r1.csv,induction_machine_like,ll_bc,5.0,0.005,10000,50.0,5.98,6.04,5.99945791717771,1.0263965457904454,0.18,0.0063999999999999994,1066.6666666666667,0.24,,,,,,,,,,
404,case_00404_induction_machine_like_ll_bc_scr5.0_n0.005_r2.csv,/root/phd_thesis/Z_Synthetic_Family_Library_v2/waveforms/case_00404_induction_machine_like_ll_bc_scr5.0_n0.005_r2.csv,induction_machine_like,ll_bc,5.0,0.005,10000,50.0,5.98,6.04,6.0002640888903755,1.0169315585104863,0.18,0.0063999999999999994,1066.6666666666667,0.24,,,,,,,,,,
405,case_00405_induction_machine_like_ll_bc_scr5.0_n0.005_r3.csv,/root/phd_thesis/Z_Synthetic_Family_Library_v2/waveforms/case_00405_induction_machine_like_ll_bc_scr5.0_n0.005_r3.csv,induction_machine_like,ll_bc,5.0,0.005,10000,50.0,5.98,6.04,5.999993850767438,1.0798582538772121,0.18,0.0063999999999999994,1066.6666666666667,0.24,,,,,,,,,,
406,case_00406_induction_machine_like_ll_bc_scr5.0_n0.005_r4.csv,/root/phd_thesis/Z_Synthetic_Family_Library_v2/waveforms/case_00406_induction_machine_like_ll_bc_scr5.0_n0.005_r4.csv,induction_machine_like,ll_bc,5.0,0.005,10000,50.0,5.98,6.04,6.000403374200377,1.047410760399603,0.18,0.0063999999999999994,1066.6666666666667,0.24,,,,,,,,,,
407,case_00407_induction_machine_like_ll_bc_scr5.0_n0.005_r5.csv,/root/phd_thesis/Z_Synthetic_Family_Library_v2/waveforms/case_00407_induction_machine_like_ll_bc_scr5.0_n0.005_r5.csv,induction_machine_like,ll_bc,5.0,0.005,10000,50.0,5.98,6.04,5.998009869172299,1.0343282397389273,0.18,0.0063999999999999994,1066.6666666666667,0.24,,,,,,,,,,
408,case_00408_induction_machine_like_ll_bc_scr5.0_n0.005_r6.csv,/root/phd_thesis/Z_Synthetic_Family_Library_v2/waveforms/case_00408_induction_machine_like_ll_bc_scr5.0_n0.005_r6.csv,induction_machine_like,ll_bc,5.0,0.005,10000,50.0,5.98,6.04,6.000191997930255,1.0698964924481422,0.18,0.0063999999999999994,1066.6666666666667,0.24,,,,,,,,,,
409,case_00409_induction_machine_like_ll_bc_scr5.0_n0.010_r1.csv,/root/phd_thesis/Z_Synthetic_Family_Library_v2/waveforms/case_00409_induction_machine_like_ll_bc_scr5.0_n0.010_r1.csv,induction_machine_like,ll_bc,5.0,0.01,10000,50.0,5.98,6.04,5.997952555975827,1.0444736442934996,0.18,0.0063999999999999994,1066.6666666666667,0.24,,,,,,,,,,
410,case_00410_induction_machine_like_ll_bc_scr5.0_n0.010_r2.csv,/root/phd_thesis/Z_Synthetic_Family_Library_v2/waveforms/case_00410_induction_machine_like_ll_bc_scr5.0_n0.010_r2.csv,induction_machine_like,ll_bc,5.0,0.01,10000,50.0,5.98,6.04,5.9992908399767,1.0501503518029538,0.18,0.0063999999999999994,1066.6666666666667,0.24,,,,,,,,,,
411,case_00411_induction_machine_like_ll_bc_scr5.0_n0.010_r3.csv,/root/phd_thesis/Z_Synthetic_Family_Library_v2/waveforms/case_00411_induction_machine_like_ll_bc_scr5.0_n0.010_r3.csv,induction_machine_like,ll_bc,5.0,0.01,10000,50.0,5.98,6.04,6.000160830539502,1.0633312834000306,0.18,0.0063999999999999994,1066.6666666666667,0.24,,,,,,,,,,
412,case_00412_induction_machine_like_ll_bc_scr5.0_n0.010_r4.csv,/root/phd_thesis/Z_Synthetic_Family_Library_v2/waveforms/case_00412_induction_machine_like_ll_bc_scr5.0_n0.010_r4.csv,induction_machine_like,ll_bc,5.0,0.01,10000,50.0,5.98,6.04,5.9995703639841595,1.0063347854440992,0.18,0.0063999999999999994,1066.6666666666667,0.24,,,,,,,,,,
413,case_00413_induction_machine_like_ll_bc_scr5.0_n0.010_r5.csv,/root/phd_thesis/Z_Synthetic_Family_Library_v2/waveforms/case_00413_induction_machine_like_ll_bc_scr5.0_n0.010_r5.csv,induction_machine_like,ll_bc,5.0,0.01,10000,50.0,5.98,6.04,5.99964411886874,1.0027580768943545,0.18,0.0063999999999999994,1066.6666666666667,0.24,,,,,,,,,,
414,case_00414_induction_machine_like_ll_bc_scr5.0_n0.010_r6.csv,/root/phd_thesis/Z_Synthetic_Family_Library_v2/waveforms/case_00414_induction_machine_like_ll_bc_scr5.0_n0.010_r6.csv,induction_machine_like,ll_bc,5.0,0.01,10000,50.0,5.98,6.04,5.998862667984766,1.0512805136500103,0.18,0.0063999999999999994,1066.6666666666667,0.24,,,,,,,,,,
415,case_00415_induction_machine_like_ll_bc_scr8.0_n0.002_r1.csv,/root/phd_thesis/Z_Synthetic_Family_Library_v2/waveforms/case_00415_induction_machine_like_ll_bc_scr8.0_n0.002_r1.csv,induction_machine_like,ll_bc,8.0,0.002,10000,50.0,5.98,6.04,5.999093519485441,1.0156674031285238,0.12,0.0055,1286.6666666666665,0.2175,,,,,,,,,,
416,case_00416_induction_machine_like_ll_bc_scr8.0_n0.002_r2.csv,/root/phd_thesis/Z_Synthetic_Family_Library_v2/waveforms/case_00416_induction_machine_like_ll_bc_scr8.0_n0.002_r2.csv,induction_machine_like,ll_bc,8.0,0.002,10000,50.0,5.98,6.04,5.998035551153851,1.0648799065402148,0.12,0.0055,1286.6666666666665,0.2175,,,,,,,,,,
417,case_00417_induction_machine_like_ll_bc_scr8.0_n0.002_r3.csv,/root/phd_thesis/Z_Synthetic_Family_Library_v2/waveforms/case_00417_induction_machine_like_ll_bc_scr8.0_n0.002_r3.csv,induction_machine_like,ll_bc,8.0,0.002,10000,50.0,5.98,6.04,5.998289513759263,1.0462952381416373,0.12,0.0055,1286.6666666666665,0.2175,,,,,,,,,,
418,case_00418_induction_machine_like_ll_bc_scr8.0_n0.002_r4.csv,/root/phd_thesis/Z_Synthetic_Family_Library_v2/waveforms/case_00418_induction_machine_like_ll_bc_scr8.0_n0.002_r4.csv,induction_machine_like,ll_bc,8.0,0.002,10000,50.0,5.98,6.04,5.997859748363533,1.0468118042293495,0.12,0.0055,1286.6666666666665,0.2175,,,,,,,,,,
419,case_00419_induction_machine_like_ll_bc_scr8.0_n0.002_r5.csv,/root/phd_thesis/Z_Synthetic_Family_Library_v2/waveforms/case_00419_induction_machine_like_ll_bc_scr8.0_n0.002_r5.csv,induction_machine_like,ll_bc,8.0,0.002,10000,50.0,5.98,6.04,5.998979353461558,1.0287931784401323,0.12,0.0055,1286.6666666666665,0.2175,,,,,,,,,,
420,case_00420_induction_machine_like_ll_bc_scr8.0_n0.002_r6.csv,/root/phd_thesis/Z_Synthetic_Family_Library_v2/waveforms/case_00420_induction_machine_like_ll_bc_scr8.0_n0.002_r6.csv,induction_machine_like,ll_bc,8.0,0.002,10000,50.0,5.98,6.04,5.99990027243024,1.025165916833365,0.12,0.0055,1286.6666666666665,0.2175,,,,,,,,,,
421,case_00421_induction_machine_like_ll_bc_scr8.0_n0.005_r1.csv,/root/phd_thesis/Z_Synthetic_Family_Library_v2/waveforms/case_00421_induction_machine_like_ll_bc_scr8.0_n0.005_r1.csv,induction_machine_like,ll_bc,8.0,0.005,10000,50.0,5.98,6.04,5.997705423796086,1.012035165929548,0.12,0.0055,1286.6666666666665,0.2175,,,,,,,,,,
422,case_00422_induction_machine_like_ll_bc_scr8.0_n0.005_r2.csv,/root/phd_thesis/Z_Synthetic_Family_Library_v2/waveforms/case_00422_induction_machine_like_ll_bc_scr8.0_n0.005_r2.csv,induction_machine_like,ll_bc,8.0,0.005,10000,50.0,5.98,6.04,5.997753687938473,1.0396645468725632,0.12,0.0055,1286.6666666666665,0.2175,,,,,,,,,,
423,case_00423_induction_machine_like_ll_bc_scr8.0_n0.005_r3.csv,/root/phd_thesis/Z_Synthetic_Family_Library_v2/waveforms/case_00423_induction_machine_like_ll_bc_scr8.0_n0.005_r3.csv,induction_machine_like,ll_bc,8.0,0.005,10000,50.0,5.98,6.04,5.9992704944773925,1.0317396063667836,0.12,0.0055,1286.6666666666665,0.2175,,,,,,,,,,
424,case_00424_induction_machine_like_ll_bc_scr8.0_n0.005_r4.csv,/root/phd_thesis/Z_Synthetic_Family_Library_v2/waveforms/case_00424_induction_machine_like_ll_bc_scr8.0_n0.005_r4.csv,induction_machine_like,ll_bc,8.0,0.005,10000,50.0,5.98,6.04,5.99988070490195,1.0457338076713494,0.12,0.0055,1286.6666666666665,0.2175,,,,,,,,,,
425,case_00425_induction_machine_like_ll_bc_scr8.0_n0.005_r5.csv,/root/phd_thesis/Z_Synthetic_Family_Library_v2/waveforms/case_00425_induction_machine_like_ll_bc_scr8.0_n0.005_r5.csv,induction_machine_like,ll_bc,8.0,0.005,10000,50.0,5.98,6.04,5.999721557033826,1.0161546358157691,0.12,0.0055,1286.6666666666665,0.2175,,,,,,,,,,
426,case_00426_induction_machine_like_ll_bc_scr8.0_n0.005_r6.csv,/root/phd_thesis/Z_Synthetic_Family_Library_v2/waveforms/case_00426_induction_machine_like_ll_bc_scr8.0_n0.005_r6.csv,induction_machine_like,ll_bc,8.0,0.005,10000,50.0,5.98,6.04,5.9994217758951995,1.0163897753775915,0.12,0.0055,1286.6666666666665,0.2175,,,,,,,,,,
427,case_00427_induction_machine_like_ll_bc_scr8.0_n0.010_r1.csv,/root/phd_thesis/Z_Synthetic_Family_Library_v2/waveforms/case_00427_induction_machine_like_ll_bc_scr8.0_n0.010_r1.csv,induction_machine_like,ll_bc,8.0,0.01,10000,50.0,5.98,6.04,5.9992375672148395,1.0335651709672515,0.12,0.0055,1286.6666666666665,0.2175,,,,,,,,,,
428,case_00428_induction_machine_like_ll_bc_scr8.0_n0.010_r2.csv,/root/phd_thesis/Z_Synthetic_Family_Library_v2/waveforms/case_00428_induction_machine_like_ll_bc_scr8.0_n0.010_r2.csv,induction_machine_like,ll_bc,8.0,0.01,10000,50.0,5.98,6.04,5.999364129783597,1.0013473438847758,0.12,0.0055,1286.6666666666665,0.2175,,,,,,,,,,
429,case_00429_induction_machine_like_ll_bc_scr8.0_n0.010_r3.csv,/root/phd_thesis/Z_Synthetic_Family_Library_v2/waveforms/case_00429_induction_machine_like_ll_bc_scr8.0_n0.010_r3.csv,induction_machine_like,ll_bc,8.0,0.01,10000,50.0,5.98,6.04,5.99859239783253,1.0084536446071701,0.12,0.0055,1286.6666666666665,0.2175,,,,,,,,,,
430,case_00430_induction_machine_like_ll_bc_scr8.0_n0.010_r4.csv,/root/phd_thesis/Z_Synthetic_Family_Library_v2/waveforms/case_00430_induction_machine_like_ll_bc_scr8.0_n0.010_r4.csv,induction_machine_like,ll_bc,8.0,0.01,10000,50.0,5.98,6.04,5.998505276136214,1.0432429487618107,0.12,0.0055,1286.6666666666665,0.2175,,,,,,,,,,
431,case_00431_induction_machine_like_ll_bc_scr8.0_n0.010_r5.csv,/root/phd_thesis/Z_Synthetic_Family_Library_v2/waveforms/case_00431_induction_machine_like_ll_bc_scr8.0_n0.010_r5.csv,induction_machine_like,ll_bc,8.0,0.01,10000,50.0,5.98,6.04,5.999027810299323,1.0421922831531925,0.12,0.0055,1286.6666666666665,0.2175,,,,,,,,,,
432,case_00432_induction_machine_like_ll_bc_scr8.0_n0.010_r6.csv,/root/phd_thesis/Z_Synthetic_Family_Library_v2/waveforms/case_00432_induction_machine_like_ll_bc_scr8.0_n0.010_r6.csv,induction_machine_like,ll_bc,8.0,0.01,10000,50.0,5.98,6.04,5.997573264018244,1.0707268235170169,0.12,0.0055,1286.6666666666665,0.2175,,,,,,,,,,
433,case_00433_induction_machine_like_ll_ca_scr2.0_n0.002_r1.csv,/root/phd_thesis/Z_Synthetic_Family_Library_v2/waveforms/case_00433_induction_machine_like_ll_ca_scr2.0_n0.002_r1.csv,induction_machine_like,ll_ca,2.0,0.002,10000,50.0,5.98,6.04,5.9984087918757805,1.0207964296451377,0.44999999999999996,0.01,846.6666666666666,0.33,,,,,,,,,,
434,case_00434_induction_machine_like_ll_ca_scr2.0_n0.002_r2.csv,/root/phd_thesis/Z_Synthetic_Family_Library_v2/waveforms/case_00434_induction_machine_like_ll_ca_scr2.0_n0.002_r2.csv,induction_machine_like,ll_ca,2.0,0.002,10000,50.0,5.98,6.04,5.998591629679829,1.066127290006546,0.44999999999999996,0.01,846.6666666666666,0.33,,,,,,,,,,
435,case_00435_induction_machine_like_ll_ca_scr2.0_n0.002_r3.csv,/root/phd_thesis/Z_Synthetic_Family_Library_v2/waveforms/case_00435_induction_machine_like_ll_ca_scr2.0_n0.002_r3.csv,induction_machine_like,ll_ca,2.0,0.002,10000,50.0,5.98,6.04,5.9988872641910485,1.0485952846843136,0.44999999999999996,0.01,846.6666666666666,0.33,,,,,,,,,,
436,case_00436_induction_machine_like_ll_ca_scr2.0_n0.002_r4.csv,/root/phd_thesis/Z_Synthetic_Family_Library_v2/waveforms/case_00436_induction_machine_like_ll_ca_scr2.0_n0.002_r4.csv,induction_machine_like,ll_ca,2.0,0.002,10000,50.0,5.98,6.04,5.99824828787358,1.0250184283686878,0.44999999999999996,0.01,846.6666666666666,0.33,,,,,,,,,,
437,case_00437_induction_machine_like_ll_ca_scr2.0_n0.002_r5.csv,/root/phd_thesis/Z_Synthetic_Family_Library_v2/waveforms/case_00437_induction_machine_like_ll_ca_scr2.0_n0.002_r5.csv,induction_machine_like,ll_ca,2.0,0.002,10000,50.0,5.98,6.04,5.998511095984175,1.0682259126333276,0.44999999999999996,0.01,846.6666666666666,0.33,,,,,,,,,,
438,case_00438_induction_machine_like_ll_ca_scr2.0_n0.002_r6.csv,/root/phd_thesis/Z_Synthetic_Family_Library_v2/waveforms/case_00438_induction_machine_like_ll_ca_scr2.0_n0.002_r6.csv,induction_machine_like,ll_ca,2.0,0.002,10000,50.0,5.98,6.04,5.999354074097353,1.0596235786366384,0.44999999999999996,0.01,846.6666666666666,0.33,,,,,,,,,,
439,case_00439_induction_machine_like_ll_ca_scr2.0_n0.005_r1.csv,/root/phd_thesis/Z_Synthetic_Family_Library_v2/waveforms/case_00439_induction_machine_like_ll_ca_scr2.0_n0.005_r1.csv,induction_machine_like,ll_ca,2.0,0.005,10000,50.0,5.98,6.04,5.997600990138324,1.0698455971904608,0.44999999999999996,0.01,846.6666666666666,0.33,,,,,,,,,,
440,case_00440_induction_machine_like_ll_ca_scr2.0_n0.005_r2.csv,/root/phd_thesis/Z_Synthetic_Family_Library_v2/waveforms/case_00440_induction_machine_like_ll_ca_scr2.0_n0.005_r2.csv,induction_machine_like,ll_ca,2.0,0.005,10000,50.0,5.98,6.04,6.0002723995231015,1.0168480424415225,0.44999999999999996,0.01,846.6666666666666,0.33,,,,,,,,,,
441,case_00441_induction_machine_like_ll_ca_scr2.0_n0.005_r3.csv,/root/phd_thesis/Z_Synthetic_Family_Library_v2/waveforms/case_00441_induction_machine_like_ll_ca_scr2.0_n0.005_r3.csv,induction_machine_like,ll_ca,2.0,0.005,10000,50.0,5.98,6.04,5.998874511399172,1.0105914856459748,0.44999999999999996,0.01,846.6666666666666,0.33,,,,,,,,,,
442,case_00442_induction_machine_like_ll_ca_scr2.0_n0.005_r4.csv,/root/phd_thesis/Z_Synthetic_Family_Library_v2/waveforms/case_00442_induction_machine_like_ll_ca_scr2.0_n0.005_r4.csv,induction_machine_like,ll_ca,2.0,0.005,10000,50.0,5.98,6.04,5.998198476415102,1.0306878108386508,0.44999999999999996,0.01,846.6666666666666,0.33,,,,,,,,,,
443,case_00443_induction_machine_like_ll_ca_scr2.0_n0.005_r5.csv,/root/phd_thesis/Z_Synthetic_Family_Library_v2/waveforms/case_00443_induction_machine_like_ll_ca_scr2.0_n0.005_r5.csv,induction_machine_like,ll_ca,2.0,0.005,10000,50.0,5.98,6.04,5.997738728924835,1.0295276608721027,0.44999999999999996,0.01,846.6666666666666,0.33,,,,,,,,,,
444,case_00444_induction_machine_like_ll_ca_scr2.0_n0.005_r6.csv,/root/phd_thesis/Z_Synthetic_Family_Library_v2/waveforms/case_00444_induction_machine_like_ll_ca_scr2.0_n0.005_r6.csv,induction_machine_like,ll_ca,2.0,0.005,10000,50.0,5.98,6.04,6.0002477925473485,1.0514492479220374,0.44999999999999996,0.01,846.6666666666666,0.33,,,,,,,,,,
445,case_00445_induction_machine_like_ll_ca_scr2.0_n0.010_r1.csv,/root/phd_thesis/Z_Synthetic_Family_Library_v2/waveforms/case_00445_induction_machine_like_ll_ca_scr2.0_n0.010_r1.csv,induction_machine_like,ll_ca,2.0,0.01,10000,50.0,5.98,6.04,5.997718432585536,1.0112886698645174,0.44999999999999996,0.01,846.6666666666666,0.33,,,,,,,,,,
446,case_00446_induction_machine_like_ll_ca_scr2.0_n0.010_r2.csv,/root/phd_thesis/Z_Synthetic_Family_Library_v2/waveforms/case_00446_induction_machine_like_ll_ca_scr2.0_n0.010_r2.csv,induction_machine_like,ll_ca,2.0,0.01,10000,50.0,5.98,6.04,5.998288722998321,1.058181445980451,0.44999999999999996,0.01,846.6666666666666,0.33,,,,,,,,,,
447,case_00447_induction_machine_like_ll_ca_scr2.0_n0.010_r3.csv,/root/phd_thesis/Z_Synthetic_Family_Library_v2/waveforms/case_00447_induction_machine_like_ll_ca_scr2.0_n0.010_r3.csv,induction_machine_like,ll_ca,2.0,0.01,10000,50.0,5.98,6.04,5.998806970927146,1.0564113315464958,0.44999999999999996,0.01,846.6666666666666,0.33,,,,,,,,,,
448,case_00448_induction_machine_like_ll_ca_scr2.0_n0.010_r4.csv,/root/phd_thesis/Z_Synthetic_Family_Library_v2/waveforms/case_00448_induction_machine_like_ll_ca_scr2.0_n0.010_r4.csv,induction_machine_like,ll_ca,2.0,0.01,10000,50.0,5.98,6.04,5.999859535613956,1.046437106036494,0.44999999999999996,0.01,846.6666666666666,0.33,,,,,,,,,,
449,case_00449_induction_machine_like_ll_ca_scr2.0_n0.010_r5.csv,/root/phd_thesis/Z_Synthetic_Family_Library_v2/waveforms/case_00449_induction_machine_like_ll_ca_scr2.0_n0.010_r5.csv,induction_machine_like,ll_ca,2.0,0.01,10000,50.0,5.98,6.04,5.997868256368947,1.0751351957216388,0.44999999999999996,0.01,846.6666666666666,0.33,,,,,,,,,,
450,case_00450_induction_machine_like_ll_ca_scr2.0_n0.010_r6.csv,/root/phd_thesis/Z_Synthetic_Family_Library_v2/waveforms/case_00450_induction_machine_like_ll_ca_scr2.0_n0.010_r6.csv,induction_machine_like,ll_ca,2.0,0.01,10000,50.0,5.98,6.04,6.000172929405327,1.0311822547208374,0.44999999999999996,0.01,846.6666666666666,0.33,,,,,,,,,,
451,case_00451_induction_machine_like_ll_ca_scr3.0_n0.002_r1.csv,/root/phd_thesis/Z_Synthetic_Family_Library_v2/waveforms/case_00451_induction_machine_like_ll_ca_scr3.0_n0.002_r1.csv,induction_machine_like,ll_ca,3.0,0.002,10000,50.0,5.98,6.04,5.999552933417662,1.0075849360997564,0.3,0.008,920.0,0.28,,,,,,,,,,
452,case_00452_induction_machine_like_ll_ca_scr3.0_n0.002_r2.csv,/root/phd_thesis/Z_Synthetic_Family_Library_v2/waveforms/case_00452_induction_machine_like_ll_ca_scr3.0_n0.002_r2.csv,induction_machine_like,ll_ca,3.0,0.002,10000,50.0,5.98,6.04,5.999158382553635,1.014278795884666,0.3,0.008,920.0,0.28,,,,,,,,,,
453,case_00453_induction_machine_like_ll_ca_scr3.0_n0.002_r3.csv,/root/phd_thesis/Z_Synthetic_Family_Library_v2/waveforms/case_00453_induction_machine_like_ll_ca_scr3.0_n0.002_r3.csv,induction_machine_like,ll_ca,3.0,0.002,10000,50.0,5.98,6.04,5.999657402422686,1.000539750079443,0.3,0.008,920.0,0.28,,,,,,,,,,
454,case_00454_induction_machine_like_ll_ca_scr3.0_n0.002_r4.csv,/root/phd_thesis/Z_Synthetic_Family_Library_v2/waveforms/case_00454_induction_machine_like_ll_ca_scr3.0_n0.002_r4.csv,induction_machine_like,ll_ca,3.0,0.002,10000,50.0,5.98,6.04,5.998108294162847,1.0307830478262108,0.3,0.008,920.0,0.28,,,,,,,,,,
455,case_00455_induction_machine_like_ll_ca_scr3.0_n0.002_r5.csv,/root/phd_thesis/Z_Synthetic_Family_Library_v2/waveforms/case_00455_induction_machine_like_ll_ca_scr3.0_n0.002_r5.csv,induction_machine_like,ll_ca,3.0,0.002,10000,50.0,5.98,6.04,5.998205632821496,1.0748884470296263,0.3,0.008,920.0,0.28,,,,,,,,,,
456,case_00456_induction_machine_like_ll_ca_scr3.0_n0.002_r6.csv,/root/phd_thesis/Z_Synthetic_Family_Library_v2/waveforms/case_00456_induction_machine_like_ll_ca_scr3.0_n0.002_r6.csv,induction_machine_like,ll_ca,3.0,0.002,10000,50.0,5.98,6.04,5.999805782886269,1.0286338107130506,0.3,0.008,920.0,0.28,,,,,,,,,,
457,case_00457_induction_machine_like_ll_ca_scr3.0_n0.005_r1.csv,/root/phd_thesis/Z_Synthetic_Family_Library_v2/waveforms/case_00457_induction_machine_like_ll_ca_scr3.0_n0.005_r1.csv,induction_machine_like,ll_ca,3.0,0.005,10000,50.0,5.98,6.04,5.997767784550979,1.0401961863044624,0.3,0.008,920.0,0.28,,,,,,,,,,
458,case_00458_induction_machine_like_ll_ca_scr3.0_n0.005_r2.csv,/root/phd_thesis/Z_Synthetic_Family_Library_v2/waveforms/case_00458_induction_machine_like_ll_ca_scr3.0_n0.005_r2.csv,induction_machine_like,ll_ca,3.0,0.005,10000,50.0,5.98,6.04,6.00029644332434,1.0204229807293779,0.3,0.008,920.0,0.28,,,,,,,,,,
459,case_00459_induction_machine_like_ll_ca_scr3.0_n0.005_r3.csv,/root/phd_thesis/Z_Synthetic_Family_Library_v2/waveforms/case_00459_induction_machine_like_ll_ca_scr3.0_n0.005_r3.csv,induction_machine_like,ll_ca,3.0,0.005,10000,50.0,5.98,6.04,6.000076536202919,1.00518418988398,0.3,0.008,920.0,0.28,,,,,,,,,,
460,case_00460_induction_machine_like_ll_ca_scr3.0_n0.005_r4.csv,/root/phd_thesis/Z_Synthetic_Family_Library_v2/waveforms/case_00460_induction_machine_like_ll_ca_scr3.0_n0.005_r4.csv,induction_machine_like,ll_ca,3.0,0.005,10000,50.0,5.98,6.04,5.999526266880702,1.0317858637189878,0.3,0.008,920.0,0.28,,,,,,,,,,
461,case_00461_induction_machine_like_ll_ca_scr3.0_n0.005_r5.csv,/root/phd_thesis/Z_Synthetic_Family_Library_v2/waveforms/case_00461_induction_machine_like_ll_ca_scr3.0_n0.005_r5.csv,induction_machine_like,ll_ca,3.0,0.005,10000,50.0,5.98,6.04,5.999907004196866,1.0070458759640966,0.3,0.008,920.0,0.28,,,,,,,,,,
462,case_00462_induction_machine_like_ll_ca_scr3.0_n0.005_r6.csv,/root/phd_thesis/Z_Synthetic_Family_Library_v2/waveforms/case_00462_induction_machine_like_ll_ca_scr3.0_n0.005_r6.csv,induction_machine_like,ll_ca,3.0,0.005,10000,50.0,5.98,6.04,5.998905313137308,1.032021154681917,0.3,0.008,920.0,0.28,,,,,,,,,,
463,case_00463_induction_machine_like_ll_ca_scr3.0_n0.010_r1.csv,/root/phd_thesis/Z_Synthetic_Family_Library_v2/waveforms/case_00463_induction_machine_like_ll_ca_scr3.0_n0.010_r1.csv,induction_machine_like,ll_ca,3.0,0.01,10000,50.0,5.98,6.04,5.998526080231123,1.0155744471074521,0.3,0.008,920.0,0.28,,,,,,,,,,
464,case_00464_induction_machine_like_ll_ca_scr3.0_n0.010_r2.csv,/root/phd_thesis/Z_Synthetic_Family_Library_v2/waveforms/case_00464_induction_machine_like_ll_ca_scr3.0_n0.010_r2.csv,induction_machine_like,ll_ca,3.0,0.01,10000,50.0,5.98,6.04,5.998858024527618,1.0622486153830977,0.3,0.008,920.0,0.28,,,,,,,,,,
465,case_00465_induction_machine_like_ll_ca_scr3.0_n0.010_r3.csv,/root/phd_thesis/Z_Synthetic_Family_Library_v2/waveforms/case_00465_induction_machine_like_ll_ca_scr3.0_n0.010_r3.csv,induction_machine_like,ll_ca,3.0,0.01,10000,50.0,5.98,6.04,5.999068039240046,1.004818877113451,0.3,0.008,920.0,0.28,,,,,,,,,,
466,case_00466_induction_machine_like_ll_ca_scr3.0_n0.010_r4.csv,/root/phd_thesis/Z_Synthetic_Family_Library_v2/waveforms/case_00466_induction_machine_like_ll_ca_scr3.0_n0.010_r4.csv,induction_machine_like,ll_ca,3.0,0.01,10000,50.0,5.98,6.04,5.999645591191445,1.0474200439056676,0.3,0.008,920.0,0.28,,,,,,,,,,
467,case_00467_induction_machine_like_ll_ca_scr3.0_n0.010_r5.csv,/root/phd_thesis/Z_Synthetic_Family_Library_v2/waveforms/case_00467_induction_machine_like_ll_ca_scr3.0_n0.010_r5.csv,induction_machine_like,ll_ca,3.0,0.01,10000,50.0,5.98,6.04,5.998383447710374,1.0224252476832967,0.3,0.008,920.0,0.28,,,,,,,,,,
468,case_00468_induction_machine_like_ll_ca_scr3.0_n0.010_r6.csv,/root/phd_thesis/Z_Synthetic_Family_Library_v2/waveforms/case_00468_induction_machine_like_ll_ca_scr3.0_n0.010_r6.csv,induction_machine_like,ll_ca,3.0,0.01,10000,50.0,5.98,6.04,5.999093374620913,1.0326531940351173,0.3,0.008,920.0,0.28,,,,,,,,,,
469,case_00469_induction_machine_like_ll_ca_scr5.0_n0.002_r1.csv,/root/phd_thesis/Z_Synthetic_Family_Library_v2/waveforms/case_00469_induction_machine_like_ll_ca_scr5.0_n0.002_r1.csv,induction_machine_like,ll_ca,5.0,0.002,10000,50.0,5.98,6.04,5.999316955776932,1.0679416273610476,0.18,0.0063999999999999994,1066.6666666666667,0.24,,,,,,,,,,
470,case_00470_induction_machine_like_ll_ca_scr5.0_n0.002_r2.csv,/root/phd_thesis/Z_Synthetic_Family_Library_v2/waveforms/case_00470_induction_machine_like_ll_ca_scr5.0_n0.002_r2.csv,induction_machine_like,ll_ca,5.0,0.002,10000,50.0,5.98,6.04,5.999937059323207,1.0273915950895,0.18,0.0063999999999999994,1066.6666666666667,0.24,,,,,,,,,,
471,case_00471_induction_machine_like_ll_ca_scr5.0_n0.002_r3.csv,/root/phd_thesis/Z_Synthetic_Family_Library_v2/waveforms/case_00471_induction_machine_like_ll_ca_scr5.0_n0.002_r3.csv,induction_machine_like,ll_ca,5.0,0.002,10000,50.0,5.98,6.04,5.998930526537626,1.0071462581704327,0.18,0.0063999999999999994,1066.6666666666667,0.24,,,,,,,,,,
472,case_00472_induction_machine_like_ll_ca_scr5.0_n0.002_r4.csv,/root/phd_thesis/Z_Synthetic_Family_Library_v2/waveforms/case_00472_induction_machine_like_ll_ca_scr5.0_n0.002_r4.csv,induction_machine_like,ll_ca,5.0,0.002,10000,50.0,5.98,6.04,5.997930072266627,1.0209355152547603,0.18,0.0063999999999999994,1066.6666666666667,0.24,,,,,,,,,,
473,case_00473_induction_machine_like_ll_ca_scr5.0_n0.002_r5.csv,/root/phd_thesis/Z_Synthetic_Family_Library_v2/waveforms/case_00473_induction_machine_like_ll_ca_scr5.0_n0.002_r5.csv,induction_machine_like,ll_ca,5.0,0.002,10000,50.0,5.98,6.04,5.999120276760956,1.0391812024885279,0.18,0.0063999999999999994,1066.6666666666667,0.24,,,,,,,,,,
474,case_00474_induction_machine_like_ll_ca_scr5.0_n0.002_r6.csv,/root/phd_thesis/Z_Synthetic_Family_Library_v2/waveforms/case_00474_induction_machine_like_ll_ca_scr5.0_n0.002_r6.csv,induction_machine_like,ll_ca,5.0,0.002,10000,50.0,5.98,6.04,5.997570955609336,1.0120003856777764,0.18,0.0063999999999999994,1066.6666666666667,0.24,,,,,,,,,,
475,case_00475_induction_machine_like_ll_ca_scr5.0_n0.005_r1.csv,/root/phd_thesis/Z_Synthetic_Family_Library_v2/waveforms/case_00475_induction_machine_like_ll_ca_scr5.0_n0.005_r1.csv,induction_machine_like,ll_ca,5.0,0.005,10000,50.0,5.98,6.04,5.999284342718125,1.0535072444871136,0.18,0.0063999999999999994,1066.6666666666667,0.24,,,,,,,,,,
476,case_00476_induction_machine_like_ll_ca_scr5.0_n0.005_r2.csv,/root/phd_thesis/Z_Synthetic_Family_Library_v2/waveforms/case_00476_induction_machine_like_ll_ca_scr5.0_n0.005_r2.csv,induction_machine_like,ll_ca,5.0,0.005,10000,50.0,5.98,6.04,5.999748531652803,1.05325506819167,0.18,0.0063999999999999994,1066.6666666666667,0.24,,,,,,,,,,
477,case_00477_induction_machine_like_ll_ca_scr5.0_n0.005_r3.csv,/root/phd_thesis/Z_Synthetic_Family_Library_v2/waveforms/case_00477_induction_machine_like_ll_ca_scr5.0_n0.005_r3.csv,induction_machine_like,ll_ca,5.0,0.005,10000,50.0,5.98,6.04,6.000168596969938,1.060090991409266,0.18,0.0063999999999999994,1066.6666666666667,0.24,,,,,,,,,,
478,case_00478_induction_machine_like_ll_ca_scr5.0_n0.005_r4.csv,/root/phd_thesis/Z_Synthetic_Family_Library_v2/waveforms/case_00478_induction_machine_like_ll_ca_scr5.0_n0.005_r4.csv,induction_machine_like,ll_ca,5.0,0.005,10000,50.0,5.98,6.04,5.999473350350393,1.0430420265872014,0.18,0.0063999999999999994,1066.6666666666667,0.24,,,,,,,,,,
479,case_00479_induction_machine_like_ll_ca_scr5.0_n0.005_r5.csv,/root/phd_thesis/Z_Synthetic_Family_Library_v2/waveforms/case_00479_induction_machine_like_ll_ca_scr5.0_n0.005_r5.csv,induction_machine_like,ll_ca,5.0,0.005,10000,50.0,5.98,6.04,5.999951005442943,1.0017603504289279,0.18,0.0063999999999999994,1066.6666666666667,0.24,,,,,,,,,,
480,case_00480_induction_machine_like_ll_ca_scr5.0_n0.005_r6.csv,/root/phd_thesis/Z_Synthetic_Family_Library_v2/waveforms/case_00480_induction_machine_like_ll_ca_scr5.0_n0.005_r6.csv,induction_machine_like,ll_ca,5.0,0.005,10000,50.0,5.98,6.04,5.998185948206351,1.003759439977668,0.18,0.0063999999999999994,1066.6666666666667,0.24,,,,,,,,,,
481,case_00481_induction_machine_like_ll_ca_scr5.0_n0.010_r1.csv,/root/phd_thesis/Z_Synthetic_Family_Library_v2/waveforms/case_00481_induction_machine_like_ll_ca_scr5.0_n0.010_r1.csv,induction_machine_like,ll_ca,5.0,0.01,10000,50.0,5.98,6.04,5.998211015618963,1.0713037362658369,0.18,0.0063999999999999994,1066.6666666666667,0.24,,,,,,,,,,
482,case_00482_induction_machine_like_ll_ca_scr5.0_n0.010_r2.csv,/root/phd_thesis/Z_Synthetic_Family_Library_v2/waveforms/case_00482_induction_machine_like_ll_ca_scr5.0_n0.010_r2.csv,induction_machine_like,ll_ca,5.0,0.01,10000,50.0,5.98,6.04,5.999020629175517,1.0768775424876167,0.18,0.0063999999999999994,1066.6666666666667,0.24,,,,,,,,,,
483,case_00483_induction_machine_like_ll_ca_scr5.0_n0.010_r3.csv,/root/phd_thesis/Z_Synthetic_Family_Library_v2/waveforms/case_00483_induction_machine_like_ll_ca_scr5.0_n0.010_r3.csv,induction_machine_like,ll_ca,5.0,0.01,10000,50.0,5.98,6.04,5.997911578163344,1.0679963643509558,0.18,0.0063999999999999994,1066.6666666666667,0.24,,,,,,,,,,
484,case_00484_induction_machine_like_ll_ca_scr5.0_n0.010_r4.csv,/root/phd_thesis/Z_Synthetic_Family_Library_v2/waveforms/case_00484_induction_machine_like_ll_ca_scr5.0_n0.010_r4.csv,induction_machine_like,ll_ca,5.0,0.01,10000,50.0,5.98,6.04,5.997862697179991,1.032330409509939,0.18,0.0063999999999999994,1066.6666666666667,0.24,,,,,,,,,,
485,case_00485_induction_machine_like_ll_ca_scr5.0_n0.010_r5.csv,/root/phd_thesis/Z_Synthetic_Family_Library_v2/waveforms/case_00485_induction_machine_like_ll_ca_scr5.0_n0.010_r5.csv,induction_machine_like,ll_ca,5.0,0.01,10000,50.0,5.98,6.04,5.9995212112031835,1.0260491963880087,0.18,0.0063999999999999994,1066.6666666666667,0.24,,,,,,,,,,
486,case_00486_induction_machine_like_ll_ca_scr5.0_n0.010_r6.csv,/root/phd_thesis/Z_Synthetic_Family_Library_v2/waveforms/case_00486_induction_machine_like_ll_ca_scr5.0_n0.010_r6.csv,induction_machine_like,ll_ca,5.0,0.01,10000,50.0,5.98,6.04,5.998900083645511,1.0325236053858071,0.18,0.0063999999999999994,1066.6666666666667,0.24,,,,,,,,,,
487,case_00487_induction_machine_like_ll_ca_scr8.0_n0.002_r1.csv,/root/phd_thesis/Z_Synthetic_Family_Library_v2/waveforms/case_00487_induction_machine_like_ll_ca_scr8.0_n0.002_r1.csv,induction_machine_like,ll_ca,8.0,0.002,10000,50.0,5.98,6.04,5.999447442323278,1.021303720004745,0.12,0.0055,1286.6666666666665,0.2175,,,,,,,,,,
488,case_00488_induction_machine_like_ll_ca_scr8.0_n0.002_r2.csv,/root/phd_thesis/Z_Synthetic_Family_Library_v2/waveforms/case_00488_induction_machine_like_ll_ca_scr8.0_n0.002_r2.csv,induction_machine_like,ll_ca,8.0,0.002,10000,50.0,5.98,6.04,5.998602580858628,1.0095473064284544,0.12,0.0055,1286.6666666666665,0.2175,,,,,,,,,,
489,case_00489_induction_machine_like_ll_ca_scr8.0_n0.002_r3.csv,/root/phd_thesis/Z_Synthetic_Family_Library_v2/waveforms/case_00489_induction_machine_like_ll_ca_scr8.0_n0.002_r3.csv,induction_machine_like,ll_ca,8.0,0.002,10000,50.0,5.98,6.04,6.000459799840713,1.0089499551113374,0.12,0.0055,1286.6666666666665,0.2175,,,,,,,,,,
490,case_00490_induction_machine_like_ll_ca_scr8.0_n0.002_r4.csv,/root/phd_thesis/Z_Synthetic_Family_Library_v2/waveforms/case_00490_induction_machine_like_ll_ca_scr8.0_n0.002_r4.csv,induction_machine_like,ll_ca,8.0,0.002,10000,50.0,5.98,6.04,5.999211299120078,1.0681802914144927,0.12,0.0055,1286.6666666666665,0.2175,,,,,,,,,,
491,case_00491_induction_machine_like_ll_ca_scr8.0_n0.002_r5.csv,/root/phd_thesis/Z_Synthetic_Family_Library_v2/waveforms/case_00491_induction_machine_like_ll_ca_scr8.0_n0.002_r5.csv,induction_machine_like,ll_ca,8.0,0.002,10000,50.0,5.98,6.04,5.998216959337911,1.0762742028360217,0.12,0.0055,1286.6666666666665,0.2175,,,,,,,,,,
492,case_00492_induction_machine_like_ll_ca_scr8.0_n0.002_r6.csv,/root/phd_thesis/Z_Synthetic_Family_Library_v2/waveforms/case_00492_induction_machine_like_ll_ca_scr8.0_n0.002_r6.csv,induction_machine_like,ll_ca,8.0,0.002,10000,50.0,5.98,6.04,5.999387396166073,1.0661143681059453,0.12,0.0055,1286.6666666666665,0.2175,,,,,,,,,,
493,case_00493_induction_machine_like_ll_ca_scr8.0_n0.005_r1.csv,/root/phd_thesis/Z_Synthetic_Family_Library_v2/waveforms/case_00493_induction_machine_like_ll_ca_scr8.0_n0.005_r1.csv,induction_machine_like,ll_ca,8.0,0.005,10000,50.0,5.98,6.04,5.998638314147261,1.0351799426393031,0.12,0.0055,1286.6666666666665,0.2175,,,,,,,,,,
494,case_00494_induction_machine_like_ll_ca_scr8.0_n0.005_r2.csv,/root/phd_thesis/Z_Synthetic_Family_Library_v2/waveforms/case_00494_induction_machine_like_ll_ca_scr8.0_n0.005_r2.csv,induction_machine_like,ll_ca,8.0,0.005,10000,50.0,5.98,6.04,5.998249942986711,1.029443844107677,0.12,0.0055,1286.6666666666665,0.2175,,,,,,,,,,
495,case_00495_induction_machine_like_ll_ca_scr8.0_n0.005_r3.csv,/root/phd_thesis/Z_Synthetic_Family_Library_v2/waveforms/case_00495_induction_machine_like_ll_ca_scr8.0_n0.005_r3.csv,induction_machine_like,ll_ca,8.0,0.005,10000,50.0,5.98,6.04,5.998520781187167,1.0175503860235884,0.12,0.0055,1286.6666666666665,0.2175,,,,,,,,,,
496,case_00496_induction_machine_like_ll_ca_scr8.0_n0.005_r4.csv,/root/phd_thesis/Z_Synthetic_Family_Library_v2/waveforms/case_00496_induction_machine_like_ll_ca_scr8.0_n0.005_r4.csv,induction_machine_like,ll_ca,8.0,0.005,10000,50.0,5.98,6.04,5.9977283939433725,1.0614809737811008,0.12,0.0055,1286.6666666666665,0.2175,,,,,,,,,,
497,case_00497_induction_machine_like_ll_ca_scr8.0_n0.005_r5.csv,/root/phd_thesis/Z_Synthetic_Family_Library_v2/waveforms/case_00497_induction_machine_like_ll_ca_scr8.0_n0.005_r5.csv,induction_machine_like,ll_ca,8.0,0.005,10000,50.0,5.98,6.04,5.998621711200816,1.053890198456554,0.12,0.0055,1286.6666666666665,0.2175,,,,,,,,,,
498,case_00498_induction_machine_like_ll_ca_scr8.0_n0.005_r6.csv,/root/phd_thesis/Z_Synthetic_Family_Library_v2/waveforms/case_00498_induction_machine_like_ll_ca_scr8.0_n0.005_r6.csv,induction_machine_like,ll_ca,8.0,0.005,10000,50.0,5.98,6.04,5.998330960402817,1.0775582218960196,0.12,0.0055,1286.6666666666665,0.2175,,,,,,,,,,
499,case_00499_induction_machine_like_ll_ca_scr8.0_n0.010_r1.csv,/root/phd_thesis/Z_Synthetic_Family_Library_v2/waveforms/case_00499_induction_machine_like_ll_ca_scr8.0_n0.010_r1.csv,induction_machine_like,ll_ca,8.0,0.01,10000,50.0,5.98,6.04,5.999114176361341,1.0785768923897299,0.12,0.0055,1286.6666666666665,0.2175,,,,,,,,,,
500,case_00500_induction_machine_like_ll_ca_scr8.0_n0.010_r2.csv,/root/phd_thesis/Z_Synthetic_Family_Library_v2/waveforms/case_00500_induction_machine_like_ll_ca_scr8.0_n0.010_r2.csv,induction_machine_like,ll_ca,8.0,0.01,10000,50.0,5.98,6.04,5.99894299465056,1.0040521194922365,0.12,0.0055,1286.6666666666665,0.2175,,,,,,,,,,
501,case_00501_induction_machine_like_ll_ca_scr8.0_n0.010_r3.csv,/root/phd_thesis/Z_Synthetic_Family_Library_v2/waveforms/case_00501_induction_machine_like_ll_ca_scr8.0_n0.010_r3.csv,induction_machine_like,ll_ca,8.0,0.01,10000,50.0,5.98,6.04,5.9987239475156295,1.0402796363710072,0.12,0.0055,1286.6666666666665,0.2175,,,,,,,,,,
502,case_00502_induction_machine_like_ll_ca_scr8.0_n0.010_r4.csv,/root/phd_thesis/Z_Synthetic_Family_Library_v2/waveforms/case_00502_induction_machine_like_ll_ca_scr8.0_n0.010_r4.csv,induction_machine_like,ll_ca,8.0,0.01,10000,50.0,5.98,6.04,5.999608406501491,1.0361843820750831,0.12,0.0055,1286.6666666666665,0.2175,,,,,,,,,,
503,case_00503_induction_machine_like_ll_ca_scr8.0_n0.010_r5.csv,/root/phd_thesis/Z_Synthetic_Family_Library_v2/waveforms/case_00503_induction_machine_like_ll_ca_scr8.0_n0.010_r5.csv,induction_machine_like,ll_ca,8.0,0.01,10000,50.0,5.98,6.04,5.997939414771238,1.0638804533287507,0.12,0.0055,1286.6666666666665,0.2175,,,,,,,,,,
504,case_00504_induction_machine_like_ll_ca_scr8.0_n0.010_r6.csv,/root/phd_thesis/Z_Synthetic_Family_Library_v2/waveforms/case_00504_induction_machine_like_ll_ca_scr8.0_n0.010_r6.csv,induction_machine_like,ll_ca,8.0,0.01,10000,50.0,5.98,6.04,5.997838065316427,1.0201440426020445,0.12,0.0055,1286.6666666666665,0.2175,,,,,,,,,,
505,case_00505_dfig_like_3ph_scr2.0_n0.002_r1.csv,/root/phd_thesis/Z_Synthetic_Family_Library_v2/waveforms/case_00505_dfig_like_3ph_scr2.0_n0.002_r1.csv,dfig_like,3ph,2.0,0.002,10000,50.0,5.98,6.04,5.9978749950995915,1.0553830979259424,0.675,,,,0.0036,0.014,1416.6666666666667,0.004492035186611836,0.45,0.17500000000000002,,,,
506,case_00506_dfig_like_3ph_scr2.0_n0.002_r2.csv,/root/phd_thesis/Z_Synthetic_Family_Library_v2/waveforms/case_00506_dfig_like_3ph_scr2.0_n0.002_r2.csv,dfig_like,3ph,2.0,0.002,10000,50.0,5.98,6.04,5.99955375120041,1.009431039878158,0.675,,,,0.0036,0.014,1416.6666666666667,0.004876009313047693,0.45,0.17500000000000002,,,,
507,case_00507_dfig_like_3ph_scr2.0_n0.002_r3.csv,/root/phd_thesis/Z_Synthetic_Family_Library_v2/waveforms/case_00507_dfig_like_3ph_scr2.0_n0.002_r3.csv,dfig_like,3ph,2.0,0.002,10000,50.0,5.98,6.04,5.9980121686975965,1.0157462981877348,0.675,,,,0.0036,0.014,1416.6666666666667,0.004417526017858796,0.45,0.17500000000000002,,,,
508,case_00508_dfig_like_3ph_scr2.0_n0.002_r4.csv,/root/phd_thesis/Z_Synthetic_Family_Library_v2/waveforms/case_00508_dfig_like_3ph_scr2.0_n0.002_r4.csv,dfig_like,3ph,2.0,0.002,10000,50.0,5.98,6.04,6.0000578924343175,1.0096403082814243,0.675,,,,0.0036,0.014,1416.6666666666667,0.004488143244932726,0.45,0.17500000000000002,,,,
509,case_00509_dfig_like_3ph_scr2.0_n0.002_r5.csv,/root/phd_thesis/Z_Synthetic_Family_Library_v2/waveforms/case_00509_dfig_like_3ph_scr2.0_n0.002_r5.csv,dfig_like,3ph,2.0,0.002,10000,50.0,5.98,6.04,5.997878780712951,1.0568282323781015,0.675,,,,0.0036,0.014,1416.6666666666667,0.004381352220668074,0.45,0.17500000000000002,,,,
510,case_00510_dfig_like_3ph_scr2.0_n0.002_r6.csv,/root/phd_thesis/Z_Synthetic_Family_Library_v2/waveforms/case_00510_dfig_like_3ph_scr2.0_n0.002_r6.csv,dfig_like,3ph,2.0,0.002,10000,50.0,5.98,6.04,5.998414254116562,1.040577292439026,0.675,,,,0.0036,0.014,1416.6666666666667,0.004345037387548415,0.45,0.17500000000000002,,,,
511,case_00511_dfig_like_3ph_scr2.0_n0.005_r1.csv,/root/phd_thesis/Z_Synthetic_Family_Library_v2/waveforms/case_00511_dfig_like_3ph_scr2.0_n0.005_r1.csv,dfig_like,3ph,2.0,0.005,10000,50.0,5.98,6.04,5.998807040158332,1.0762688658094786,0.675,,,,0.0036,0.014,1416.6666666666667,0.0043867334618576375,0.45,0.17500000000000002,,,,
512,case_00512_dfig_like_3ph_scr2.0_n0.005_r2.csv,/root/phd_thesis/Z_Synthetic_Family_Library_v2/waveforms/case_00512_dfig_like_3ph_scr2.0_n0.005_r2.csv,dfig_like,3ph,2.0,0.005,10000,50.0,5.98,6.04,5.998111525592555,1.0464305814402404,0.675,,,,0.0036,0.014,1416.6666666666667,0.004369868489371966,0.45,0.17500000000000002,,,,
513,case_00513_dfig_like_3ph_scr2.0_n0.005_r3.csv,/root/phd_thesis/Z_Synthetic_Family_Library_v2/waveforms/case_00513_dfig_like_3ph_scr2.0_n0.005_r3.csv,dfig_like,3ph,2.0,0.005,10000,50.0,5.98,6.04,5.99887277833007,1.0637210771964176,0.675,,,,0.0036,0.014,1416.6666666666667,0.004369658601073553,0.45,0.17500000000000002,,,,
514,case_00514_dfig_like_3ph_scr2.0_n0.005_r4.csv,/root/phd_thesis/Z_Synthetic_Family_Library_v2/waveforms/case_00514_dfig_like_3ph_scr2.0_n0.005_r4.csv,dfig_like,3ph,2.0,0.005,10000,50.0,5.98,6.04,5.997593765998683,1.0038160102738507,0.675,,,,0.0036,0.014,1416.6666666666667,0.004328680274214899,0.45,0.17500000000000002,,,,
515,case_00515_dfig_like_3ph_scr2.0_n0.005_r5.csv,/root/phd_thesis/Z_Synthetic_Family_Library_v2/waveforms/case_00515_dfig_like_3ph_scr2.0_n0.005_r5.csv,dfig_like,3ph,2.0,0.005,10000,50.0,5.98,6.04,6.000210564449026,1.0720244193890849,0.675,,,,0.0036,0.014,1416.6666666666667,0.004457856347433283,0.45,0.17500000000000002,,,,
516,case_00516_dfig_like_3ph_scr2.0_n0.005_r6.csv,/root/phd_thesis/Z_Synthetic_Family_Library_v2/waveforms/case_00516_dfig_like_3ph_scr2.0_n0.005_r6.csv,dfig_like,3ph,2.0,0.005,10000,50.0,5.98,6.04,6.000345989946087,1.0163708507136395,0.675,,,,0.0036,0.014,1416.6666666666667,0.004621436460367356,0.45,0.17500000000000002,,,,
517,case_00517_dfig_like_3ph_scr2.0_n0.010_r1.csv,/root/phd_thesis/Z_Synthetic_Family_Library_v2/waveforms/case_00517_dfig_like_3ph_scr2.0_n0.010_r1.csv,dfig_like,3ph,2.0,0.01,10000,50.0,5.98,6.04,5.999235405926455,1.0368628264270867,0.675,,,,0.0036,0.014,1416.6666666666667,0.004715286764397523,0.45,0.17500000000000002,,,,
518,case_00518_dfig_like_3ph_scr2.0_n0.010_r2.csv,/root/phd_thesis/Z_Synthetic_Family_Library_v2/waveforms/case_00518_dfig_like_3ph_scr2.0_n0.010_r2.csv,dfig_like,3ph,2.0,0.01,10000,50.0,5.98,6.04,5.998786089559582,1.0505775659418317,0.675,,,,0.0036,0.014,1416.6666666666667,0.004633774306687621,0.45,0.17500000000000002,,,,
519,case_00519_dfig_like_3ph_scr2.0_n0.010_r3.csv,/root/phd_thesis/Z_Synthetic_Family_Library_v2/waveforms/case_00519_dfig_like_3ph_scr2.0_n0.010_r3.csv,dfig_like,3ph,2.0,0.01,10000,50.0,5.98,6.04,6.000408123313255,1.075205883966584,0.675,,,,0.0036,0.014,1416.6666666666667,0.004840163508274393,0.45,0.17500000000000002,,,,
520,case_00520_dfig_like_3ph_scr2.0_n0.010_r4.csv,/root/phd_thesis/Z_Synthetic_Family_Library_v2/waveforms/case_00520_dfig_like_3ph_scr2.0_n0.010_r4.csv,dfig_like,3ph,2.0,0.01,10000,50.0,5.98,6.04,5.999896055401647,1.0369930456627972,0.675,,,,0.0036,0.014,1416.6666666666667,0.00468169415411044,0.45,0.17500000000000002,,,,
521,case_00521_dfig_like_3ph_scr2.0_n0.010_r5.csv,/root/phd_thesis/Z_Synthetic_Family_Library_v2/waveforms/case_00521_dfig_like_3ph_scr2.0_n0.010_r5.csv,dfig_like,3ph,2.0,0.01,10000,50.0,5.98,6.04,5.998568681701618,1.046824011383588,0.675,,,,0.0036,0.014,1416.6666666666667,0.004425970110068151,0.45,0.17500000000000002,,,,
522,case_00522_dfig_like_3ph_scr2.0_n0.010_r6.csv,/root/phd_thesis/Z_Synthetic_Family_Library_v2/waveforms/case_00522_dfig_like_3ph_scr2.0_n0.010_r6.csv,dfig_like,3ph,2.0,0.01,10000,50.0,5.98,6.04,5.9986667514971375,1.0552905421822205,0.675,,,,0.0036,0.014,1416.6666666666667,0.00436048763043022,0.45,0.17500000000000002,,,,
523,case_00523_dfig_like_3ph_scr3.0_n0.002_r1.csv,/root/phd_thesis/Z_Synthetic_Family_Library_v2/waveforms/case_00523_dfig_like_3ph_scr3.0_n0.002_r1.csv,dfig_like,3ph,3.0,0.002,10000,50.0,5.98,6.04,6.000300015475016,1.0226653913349513,0.45,,,,0.003,0.012,1500.0,0.003852268176328059,0.38,0.15000000000000002,,,,
524,case_00524_dfig_like_3ph_scr3.0_n0.002_r2.csv,/root/phd_thesis/Z_Synthetic_Family_Library_v2/waveforms/case_00524_dfig_like_3ph_scr3.0_n0.002_r2.csv,dfig_like,3ph,3.0,0.002,10000,50.0,5.98,6.04,5.997879969352547,1.0654504387196415,0.45,,,,0.003,0.012,1500.0,0.004070246432399081,0.38,0.15000000000000002,,,,
525,case_00525_dfig_like_3ph_scr3.0_n0.002_r3.csv,/root/phd_thesis/Z_Synthetic_Family_Library_v2/waveforms/case_00525_dfig_like_3ph_scr3.0_n0.002_r3.csv,dfig_like,3ph,3.0,0.002,10000,50.0,5.98,6.04,5.998231395452351,1.0165263432290563,0.45,,,,0.003,0.012,1500.0,0.004126773728962705,0.38,0.15000000000000002,,,,
526,case_00526_dfig_like_3ph_scr3.0_n0.002_r4.csv,/root/phd_thesis/Z_Synthetic_Family_Library_v2/waveforms/case_00526_dfig_like_3ph_scr3.0_n0.002_r4.csv,dfig_like,3ph,3.0,0.002,10000,50.0,5.98,6.04,5.999266581761909,1.0178977225846442,0.45,,,,0.003,0.012,1500.0,0.0037900861545966916,0.38,0.15000000000000002,,,,
527,case_00527_dfig_like_3ph_scr3.0_n0.002_r5.csv,/root/phd_thesis/Z_Synthetic_Family_Library_v2/waveforms/case_00527_dfig_like_3ph_scr3.0_n0.002_r5.csv,dfig_like,3ph,3.0,0.002,10000,50.0,5.98,6.04,5.99818710297198,1.0576042985675131,0.45,,,,0.003,0.012,1500.0,0.004116686024162002,0.38,0.15000000000000002,,,,
528,case_00528_dfig_like_3ph_scr3.0_n0.002_r6.csv,/root/phd_thesis/Z_Synthetic_Family_Library_v2/waveforms/case_00528_dfig_like_3ph_scr3.0_n0.002_r6.csv,dfig_like,3ph,3.0,0.002,10000,50.0,5.98,6.04,5.997904678382285,1.0591329898557271,0.45,,,,0.003,0.012,1500.0,0.003961111563407452,0.38,0.15000000000000002,,,,
529,case_00529_dfig_like_3ph_scr3.0_n0.005_r1.csv,/root/phd_thesis/Z_Synthetic_Family_Library_v2/waveforms/case_00529_dfig_like_3ph_scr3.0_n0.005_r1.csv,dfig_like,3ph,3.0,0.005,10000,50.0,5.98,6.04,5.999462130743002,1.0318660746892283,0.45,,,,0.003,0.012,1500.0,0.003963978132993186,0.38,0.15000000000000002,,,,
530,case_00530_dfig_like_3ph_scr3.0_n0.005_r2.csv,/root/phd_thesis/Z_Synthetic_Family_Library_v2/waveforms/case_00530_dfig_like_3ph_scr3.0_n0.005_r2.csv,dfig_like,3ph,3.0,0.005,10000,50.0,5.98,6.04,6.000307931801186,1.012625603538799,0.45,,,,0.003,0.012,1500.0,0.0040588614215609446,0.38,0.15000000000000002,,,,
531,case_00531_dfig_like_3ph_scr3.0_n0.005_r3.csv,/root/phd_thesis/Z_Synthetic_Family_Library_v2/waveforms/case_00531_dfig_like_3ph_scr3.0_n0.005_r3.csv,dfig_like,3ph,3.0,0.005,10000,50.0,5.98,6.04,5.99886452107203,1.0251630659301132,0.45,,,,0.003,0.012,1500.0,0.004124927880251637,0.38,0.15000000000000002,,,,
532,case_00532_dfig_like_3ph_scr3.0_n0.005_r4.csv,/root/phd_thesis/Z_Synthetic_Family_Library_v2/waveforms/case_00532_dfig_like_3ph_scr3.0_n0.005_r4.csv,dfig_like,3ph,3.0,0.005,10000,50.0,5.98,6.04,5.999284292207851,1.011432953425444,0.45,,,,0.003,0.012,1500.0,0.0042871861893205585,0.38,0.15000000000000002,,,,
533,case_00533_dfig_like_3ph_scr3.0_n0.005_r5.csv,/root/phd_thesis/Z_Synthetic_Family_Library_v2/waveforms/case_00533_dfig_like_3ph_scr3.0_n0.005_r5.csv,dfig_like,3ph,3.0,0.005,10000,50.0,5.98,6.04,5.999291668093811,1.0115955260053378,0.45,,,,0.003,0.012,1500.0,0.0037943937346633576,0.38,0.15000000000000002,,,,
534,case_00534_dfig_like_3ph_scr3.0_n0.005_r6.csv,/root/phd_thesis/Z_Synthetic_Family_Library_v2/waveforms/case_00534_dfig_like_3ph_scr3.0_n0.005_r6.csv,dfig_like,3ph,3.0,0.005,10000,50.0,5.98,6.04,5.998720640734111,1.0095102888577279,0.45,,,,0.003,0.012,1500.0,0.004009886158006453,0.38,0.15000000000000002,,,,
535,case_00535_dfig_like_3ph_scr3.0_n0.010_r1.csv,/root/phd_thesis/Z_Synthetic_Family_Library_v2/waveforms/case_00535_dfig_like_3ph_scr3.0_n0.010_r1.csv,dfig_like,3ph,3.0,0.01,10000,50.0,5.98,6.04,5.9987662002531374,1.0496532970564951,0.45,,,,0.003,0.012,1500.0,0.004241375087649578,0.38,0.15000000000000002,,,,
536,case_00536_dfig_like_3ph_scr3.0_n0.010_r2.csv,/root/phd_thesis/Z_Synthetic_Family_Library_v2/waveforms/case_00536_dfig_like_3ph_scr3.0_n0.010_r2.csv,dfig_like,3ph,3.0,0.01,10000,50.0,5.98,6.04,5.998222166607461,1.0401580651100317,0.45,,,,0.003,0.012,1500.0,0.004255246078935719,0.38,0.15000000000000002,,,,
537,case_00537_dfig_like_3ph_scr3.0_n0.010_r3.csv,/root/phd_thesis/Z_Synthetic_Family_Library_v2/waveforms/case_00537_dfig_like_3ph_scr3.0_n0.010_r3.csv,dfig_like,3ph,3.0,0.01,10000,50.0,5.98,6.04,5.9994912666670865,1.071514504638884,0.45,,,,0.003,0.012,1500.0,0.0039130668686240344,0.38,0.15000000000000002,,,,
538,case_00538_dfig_like_3ph_scr3.0_n0.010_r4.csv,/root/phd_thesis/Z_Synthetic_Family_Library_v2/waveforms/case_00538_dfig_like_3ph_scr3.0_n0.010_r4.csv,dfig_like,3ph,3.0,0.01,10000,50.0,5.98,6.04,5.997641931923875,1.0231596179400997,0.45,,,,0.003,0.012,1500.0,0.004262503063078574,0.38,0.15000000000000002,,,,
539,case_00539_dfig_like_3ph_scr3.0_n0.010_r5.csv,/root/phd_thesis/Z_Synthetic_Family_Library_v2/waveforms/case_00539_dfig_like_3ph_scr3.0_n0.010_r5.csv,dfig_like,3ph,3.0,0.01,10000,50.0,5.98,6.04,6.000397177387918,1.0253696769215073,0.45,,,,0.003,0.012,1500.0,0.0040986037220594835,0.38,0.15000000000000002,,,,
540,case_00540_dfig_like_3ph_scr3.0_n0.010_r6.csv,/root/phd_thesis/Z_Synthetic_Family_Library_v2/waveforms/case_00540_dfig_like_3ph_scr3.0_n0.010_r6.csv,dfig_like,3ph,3.0,0.01,10000,50.0,5.98,6.04,5.999080174859288,1.0635414485189274,0.45,,,,0.003,0.012,1500.0,0.004168409609411024,0.38,0.15000000000000002,,,,
541,case_00541_dfig_like_3ph_scr5.0_n0.002_r1.csv,/root/phd_thesis/Z_Synthetic_Family_Library_v2/waveforms/case_00541_dfig_like_3ph_scr5.0_n0.002_r1.csv,dfig_like,3ph,5.0,0.002,10000,50.0,5.98,6.04,5.997732178762072,1.0335551367719007,0.27,,,,0.0025199999999999997,0.0104,1666.6666666666667,0.0037719445781125424,0.324,0.13,,,,
542,case_00542_dfig_like_3ph_scr5.0_n0.002_r2.csv,/root/phd_thesis/Z_Synthetic_Family_Library_v2/waveforms/case_00542_dfig_like_3ph_scr5.0_n0.002_r2.csv,dfig_like,3ph,5.0,0.002,10000,50.0,5.98,6.04,5.998805559663451,1.0441633623831361,0.27,,,,0.0025199999999999997,0.0104,1666.6666666666667,0.0035448029694989365,0.324,0.13,,,,
543,case_00543_dfig_like_3ph_scr5.0_n0.002_r3.csv,/root/phd_thesis/Z_Synthetic_Family_Library_v2/waveforms/case_00543_dfig_like_3ph_scr5.0_n0.002_r3.csv,dfig_like,3ph,5.0,0.002,10000,50.0,5.98,6.04,5.998980582739486,1.0175116086336249,0.27,,,,0.0025199999999999997,0.0104,1666.6666666666667,0.0033423465005929906,0.324,0.13,,,,
544,case_00544_dfig_like_3ph_scr5.0_n0.002_r4.csv,/root/phd_thesis/Z_Synthetic_Family_Library_v2/waveforms/case_00544_dfig_like_3ph_scr5.0_n0.002_r4.csv,dfig_like,3ph,5.0,0.002,10000,50.0,5.98,6.04,5.999554943467228,1.0490520730750252,0.27,,,,0.0025199999999999997,0.0104,1666.6666666666667,0.003473080197141707,0.324,0.13,,,,
545,case_00545_dfig_like_3ph_scr5.0_n0.002_r5.csv,/root/phd_thesis/Z_Synthetic_Family_Library_v2/waveforms/case_00545_dfig_like_3ph_scr5.0_n0.002_r5.csv,dfig_like,3ph,5.0,0.002,10000,50.0,5.98,6.04,5.997893794970051,1.0783401024273562,0.27,,,,0.0025199999999999997,0.0104,1666.6666666666667,0.0032467583709762764,0.324,0.13,,,,
546,case_00546_dfig_like_3ph_scr5.0_n0.002_r6.csv,/root/phd_thesis/Z_Synthetic_Family_Library_v2/waveforms/case_00546_dfig_like_3ph_scr5.0_n0.002_r6.csv,dfig_like,3ph,5.0,0.002,10000,50.0,5.98,6.04,5.997766224886013,1.0193801934984124,0.27,,,,0.0025199999999999997,0.0104,1666.6666666666667,0.00345590608014353,0.324,0.13,,,,
547,case_00547_dfig_like_3ph_scr5.0_n0.005_r1.csv,/root/phd_thesis/Z_Synthetic_Family_Library_v2/waveforms/case_00547_dfig_like_3ph_scr5.0_n0.005_r1.csv,dfig_like,3ph,5.0,0.005,10000,50.0,5.98,6.04,6.000483960454523,1.0025924157782053,0.27,,,,0.0025199999999999997,0.0104,1666.6666666666667,0.003607815813578731,0.324,0.13,,,,
548,case_00548_dfig_like_3ph_scr5.0_n0.005_r2.csv,/root/phd_thesis/Z_Synthetic_Family_Library_v2/waveforms/case_00548_dfig_like_3ph_scr5.0_n0.005_r2.csv,dfig_like,3ph,5.0,0.005,10000,50.0,5.98,6.04,5.999818838573291,1.0768487743588682,0.27,,,,0.0025199999999999997,0.0104,1666.6666666666667,0.0036142554028301918,0.324,0.13,,,,
549,case_00549_dfig_like_3ph_scr5.0_n0.005_r3.csv,/root/phd_thesis/Z_Synthetic_Family_Library_v2/waveforms/case_00549_dfig_like_3ph_scr5.0_n0.005_r3.csv,dfig_like,3ph,5.0,0.005,10000,50.0,5.98,6.04,5.998655534026348,1.04759735083687,0.27,,,,0.0025199999999999997,0.0104,1666.6666666666667,0.0035367415594075875,0.324,0.13,,,,
550,case_00550_dfig_like_3ph_scr5.0_n0.005_r4.csv,/root/phd_thesis/Z_Synthetic_Family_Library_v2/waveforms/case_00550_dfig_like_3ph_scr5.0_n0.005_r4.csv,dfig_like,3ph,5.0,0.005,10000,50.0,5.98,6.04,5.99781591695207,1.0290985096866414,0.27,,,,0.0025199999999999997,0.0104,1666.6666666666667,0.0034772206245770147,0.324,0.13,,,,
551,case_00551_dfig_like_3ph_scr5.0_n0.005_r5.csv,/root/phd_thesis/Z_Synthetic_Family_Library_v2/waveforms/case_00551_dfig_like_3ph_scr5.0_n0.005_r5.csv,dfig_like,3ph,5.0,0.005,10000,50.0,5.98,6.04,5.999982236299447,1.0550934184039817,0.27,,,,0.0025199999999999997,0.0104,1666.6666666666667,0.0034047844568908694,0.324,0.13,,,,
552,case_00552_dfig_like_3ph_scr5.0_n0.005_r6.csv,/root/phd_thesis/Z_Synthetic_Family_Library_v2/waveforms/case_00552_dfig_like_3ph_scr5.0_n0.005_r6.csv,dfig_like,3ph,5.0,0.005,10000,50.0,5.98,6.04,5.999725130795911,1.0060615125348014,0.27,,,,0.0025199999999999997,0.0104,1666.6666666666667,0.003631765446472819,0.324,0.13,,,,
553,case_00553_dfig_like_3ph_scr5.0_n0.010_r1.csv,/root/phd_thesis/Z_Synthetic_Family_Library_v2/waveforms/case_00553_dfig_like_3ph_scr5.0_n0.010_r1.csv,dfig_like,3ph,5.0,0.01,10000,50.0,5.98,6.04,5.998772074417586,1.0192267852922292,0.27,,,,0.0025199999999999997,0.0104,1666.6666666666667,0.0037051579960219066,0.324,0.13,,,,
554,case_00554_dfig_like_3ph_scr5.0_n0.010_r2.csv,/root/phd_thesis/Z_Synthetic_Family_Library_v2/waveforms/case_00554_dfig_like_3ph_scr5.0_n0.010_r2.csv,dfig_like,3ph,5.0,0.01,10000,50.0,5.98,6.04,5.997653135629058,1.0528425671224249,0.27,,,,0.0025199999999999997,0.0104,1666.6666666666667,0.003790904502342533,0.324,0.13,,,,
555,case_00555_dfig_like_3ph_scr5.0_n0.010_r3.csv,/root/phd_thesis/Z_Synthetic_Family_Library_v2/waveforms/case_00555_dfig_like_3ph_scr5.0_n0.010_r3.csv,dfig_like,3ph,5.0,0.01,10000,50.0,5.98,6.04,5.998461417186044,1.028775575681918,0.27,,,,0.0025199999999999997,0.0104,1666.6666666666667,0.0037171358200592153,0.324,0.13,,,,
556,case_00556_dfig_like_3ph_scr5.0_n0.010_r4.csv,/root/phd_thesis/Z_Synthetic_Family_Library_v2/waveforms/case_00556_dfig_like_3ph_scr5.0_n0.010_r4.csv,dfig_like,3ph,5.0,0.01,10000,50.0,5.98,6.04,5.999826507614799,1.0246639314985968,0.27,,,,0.0025199999999999997,0.0104,1666.6666666666667,0.0034943862414436493,0.324,0.13,,,,
557,case_00557_dfig_like_3ph_scr5.0_n0.010_r5.csv,/root/phd_thesis/Z_Synthetic_Family_Library_v2/waveforms/case_00557_dfig_like_3ph_scr5.0_n0.010_r5.csv,dfig_like,3ph,5.0,0.01,10000,50.0,5.98,6.04,5.999949572703634,1.0689670071638464,0.27,,,,0.0025199999999999997,0.0104,1666.6666666666667,0.0036229429969847475,0.324,0.13,,,,
558,case_00558_dfig_like_3ph_scr5.0_n0.010_r6.csv,/root/phd_thesis/Z_Synthetic_Family_Library_v2/waveforms/case_00558_dfig_like_3ph_scr5.0_n0.010_r6.csv,dfig_like,3ph,5.0,0.01,10000,50.0,5.98,6.04,5.999934929925271,1.0088696138762834,0.27,,,,0.0025199999999999997,0.0104,1666.6666666666667,0.003815091094281421,0.324,0.13,,,,
559,case_00559_dfig_like_3ph_scr8.0_n0.002_r1.csv,/root/phd_thesis/Z_Synthetic_Family_Library_v2/waveforms/case_00559_dfig_like_3ph_scr8.0_n0.002_r1.csv,dfig_like,3ph,8.0,0.002,10000,50.0,5.98,6.04,5.999790843133229,1.0197422493175645,0.18000000000000002,,,,0.00225,0.0095,1916.6666666666665,0.0033279284329691774,0.2925,0.11875000000000001,,,,
560,case_00560_dfig_like_3ph_scr8.0_n0.002_r2.csv,/root/phd_thesis/Z_Synthetic_Family_Library_v2/waveforms/case_00560_dfig_like_3ph_scr8.0_n0.002_r2.csv,dfig_like,3ph,8.0,0.002,10000,50.0,5.98,6.04,5.998952536006277,1.0445369424889568,0.18000000000000002,,,,0.00225,0.0095,1916.6666666666665,0.0034378743180260418,0.2925,0.11875000000000001,,,,
561,case_00561_dfig_like_3ph_scr8.0_n0.002_r3.csv,/root/phd_thesis/Z_Synthetic_Family_Library_v2/waveforms/case_00561_dfig_like_3ph_scr8.0_n0.002_r3.csv,dfig_like,3ph,8.0,0.002,10000,50.0,5.98,6.04,5.998162233513523,1.03537865260223,0.18000000000000002,,,,0.00225,0.0095,1916.6666666666665,0.003139697935112819,0.2925,0.11875000000000001,,,,
562,case_00562_dfig_like_3ph_scr8.0_n0.002_r4.csv,/root/phd_thesis/Z_Synthetic_Family_Library_v2/waveforms/case_00562_dfig_like_3ph_scr8.0_n0.002_r4.csv,dfig_like,3ph,8.0,0.002,10000,50.0,5.98,6.04,5.9988012840193745,1.0498925076644066,0.18000000000000002,,,,0.00225,0.0095,1916.6666666666665,0.0033650362388052127,0.2925,0.11875000000000001,,,,
563,case_00563_dfig_like_3ph_scr8.0_n0.002_r5.csv,/root/phd_thesis/Z_Synthetic_Family_Library_v2/waveforms/case_00563_dfig_like_3ph_scr8.0_n0.002_r5.csv,dfig_like,3ph,8.0,0.002,10000,50.0,5.98,6.04,5.998918289983872,1.046679994569259,0.18000000000000002,,,,0.00225,0.0095,1916.6666666666665,0.00342126370747639,0.2925,0.11875000000000001,,,,
564,case_00564_dfig_like_3ph_scr8.0_n0.002_r6.csv,/root/phd_thesis/Z_Synthetic_Family_Library_v2/waveforms/case_00564_dfig_like_3ph_scr8.0_n0.002_r6.csv,dfig_like,3ph,8.0,0.002,10000,50.0,5.98,6.04,5.998569198602022,1.0370248598872502,0.18000000000000002,,,,0.00225,0.0095,1916.6666666666665,0.0033616238124658158,0.2925,0.11875000000000001,,,,
565,case_00565_dfig_like_3ph_scr8.0_n0.005_r1.csv,/root/phd_thesis/Z_Synthetic_Family_Library_v2/waveforms/case_00565_dfig_like_3ph_scr8.0_n0.005_r1.csv,dfig_like,3ph,8.0,0.005,10000,50.0,5.98,6.04,5.998844526740684,1.0188578691663999,0.18000000000000002,,,,0.00225,0.0095,1916.6666666666665,0.0034338082814670016,0.2925,0.11875000000000001,,,,
566,case_00566_dfig_like_3ph_scr8.0_n0.005_r2.csv,/root/phd_thesis/Z_Synthetic_Family_Library_v2/waveforms/case_00566_dfig_like_3ph_scr8.0_n0.005_r2.csv,dfig_like,3ph,8.0,0.005,10000,50.0,5.98,6.04,5.999392068585647,1.0271196636578592,0.18000000000000002,,,,0.00225,0.0095,1916.6666666666665,0.0030058962199008108,0.2925,0.11875000000000001,,,,
567,case_00567_dfig_like_3ph_scr8.0_n0.005_r3.csv,/root/phd_thesis/Z_Synthetic_Family_Library_v2/waveforms/case_00567_dfig_like_3ph_scr8.0_n0.005_r3.csv,dfig_like,3ph,8.0,0.005,10000,50.0,5.98,6.04,5.999852059507016,1.0746660721516574,0.18000000000000002,,,,0.00225,0.0095,1916.6666666666665,0.003297525391313037,0.2925,0.11875000000000001,,,,
568,case_00568_dfig_like_3ph_scr8.0_n0.005_r4.csv,/root/phd_thesis/Z_Synthetic_Family_Library_v2/waveforms/case_00568_dfig_like_3ph_scr8.0_n0.005_r4.csv,dfig_like,3ph,8.0,0.005,10000,50.0,5.98,6.04,5.999456856286656,1.0548840704083802,0.18000000000000002,,,,0.00225,0.0095,1916.6666666666665,0.003121435906836936,0.2925,0.11875000000000001,,,,
569,case_00569_dfig_like_3ph_scr8.0_n0.005_r5.csv,/root/phd_thesis/Z_Synthetic_Family_Library_v2/waveforms/case_00569_dfig_like_3ph_scr8.0_n0.005_r5.csv,dfig_like,3ph,8.0,0.005,10000,50.0,5.98,6.04,5.999352514777916,1.0303549835162304,0.18000000000000002,,,,0.00225,0.0095,1916.6666666666665,0.00301214724041953,0.2925,0.11875000000000001,,,,
570,case_00570_dfig_like_3ph_scr8.0_n0.005_r6.csv,/root/phd_thesis/Z_Synthetic_Family_Library_v2/waveforms/case_00570_dfig_like_3ph_scr8.0_n0.005_r6.csv,dfig_like,3ph,8.0,0.005,10000,50.0,5.98,6.04,5.99852282129412,1.0109145213962134,0.18000000000000002,,,,0.00225,0.0095,1916.6666666666665,0.0031987864365358052,0.2925,0.11875000000000001,,,,
571,case_00571_dfig_like_3ph_scr8.0_n0.010_r1.csv,/root/phd_thesis/Z_Synthetic_Family_Library_v2/waveforms/case_00571_dfig_like_3ph_scr8.0_n0.010_r1.csv,dfig_like,3ph,8.0,0.01,10000,50.0,5.98,6.04,5.9978575389924265,1.0610442605587342,0.18000000000000002,,,,0.00225,0.0095,1916.6666666666665,0.0032891147727996217,0.2925,0.11875000000000001,,,,
572,case_00572_dfig_like_3ph_scr8.0_n0.010_r2.csv,/root/phd_thesis/Z_Synthetic_Family_Library_v2/waveforms/case_00572_dfig_like_3ph_scr8.0_n0.010_r2.csv,dfig_like,3ph,8.0,0.01,10000,50.0,5.98,6.04,5.999141652847972,1.0098978244617998,0.18000000000000002,,,,0.00225,0.0095,1916.6666666666665,0.0033662148068474866,0.2925,0.11875000000000001,,,,
573,case_00573_dfig_like_3ph_scr8.0_n0.010_r3.csv,/root/phd_thesis/Z_Synthetic_Family_Library_v2/waveforms/case_00573_dfig_like_3ph_scr8.0_n0.010_r3.csv,dfig_like,3ph,8.0,0.01,10000,50.0,5.98,6.04,5.998583474489678,1.0341856584478974,0.18000000000000002,,,,0.00225,0.0095,1916.6666666666665,0.0033678314836556745,0.2925,0.11875000000000001,,,,
574,case_00574_dfig_like_3ph_scr8.0_n0.010_r4.csv,/root/phd_thesis/Z_Synthetic_Family_Library_v2/waveforms/case_00574_dfig_like_3ph_scr8.0_n0.010_r4.csv,dfig_like,3ph,8.0,0.01,10000,50.0,5.98,6.04,6.000209403374841,1.0318020965755461,0.18000000000000002,,,,0.00225,0.0095,1916.6666666666665,0.002951048103706524,0.2925,0.11875000000000001,,,,
575,case_00575_dfig_like_3ph_scr8.0_n0.010_r5.csv,/root/phd_thesis/Z_Synthetic_Family_Library_v2/waveforms/case_00575_dfig_like_3ph_scr8.0_n0.010_r5.csv,dfig_like,3ph,8.0,0.01,10000,50.0,5.98,6.04,5.998813114060752,1.040327203135241,0.18000000000000002,,,,0.00225,0.0095,1916.6666666666665,0.0029917460190712094,0.2925,0.11875000000000001,,,,
576,case_00576_dfig_like_3ph_scr8.0_n0.010_r6.csv,/root/phd_thesis/Z_Synthetic_Family_Library_v2/waveforms/case_00576_dfig_like_3ph_scr8.0_n0.010_r6.csv,dfig_like,3ph,8.0,0.01,10000,50.0,5.98,6.04,5.999961478556969,1.055260654877408,0.18000000000000002,,,,0.00225,0.0095,1916.6666666666665,0.00304912908032513,0.2925,0.11875000000000001,,,,
577,case_00577_dfig_like_slg_a_scr2.0_n0.002_r1.csv,/root/phd_thesis/Z_Synthetic_Family_Library_v2/waveforms/case_00577_dfig_like_slg_a_scr2.0_n0.002_r1.csv,dfig_like,slg_a,2.0,0.002,10000,50.0,5.98,6.04,5.998577974851803,1.059884456381627,0.5249999999999999,,,,0.0036,0.014,1416.6666666666667,0.004641439318582811,0.45,0.17500000000000002,,,,
578,case_00578_dfig_like_slg_a_scr2.0_n0.002_r2.csv,/root/phd_thesis/Z_Synthetic_Family_Library_v2/waveforms/case_00578_dfig_like_slg_a_scr2.0_n0.002_r2.csv,dfig_like,slg_a,2.0,0.002,10000,50.0,5.98,6.04,5.999221222804714,1.0470734671270945,0.5249999999999999,,,,0.0036,0.014,1416.6666666666667,0.0046924390627005996,0.45,0.17500000000000002,,,,
579,case_00579_dfig_like_slg_a_scr2.0_n0.002_r3.csv,/root/phd_thesis/Z_Synthetic_Family_Library_v2/waveforms/case_00579_dfig_like_slg_a_scr2.0_n0.002_r3.csv,dfig_like,slg_a,2.0,0.002,10000,50.0,5.98,6.04,5.999596129691125,1.0549997781149116,0.5249999999999999,,,,0.0036,0.014,1416.6666666666667,0.00431363055977538,0.45,0.17500000000000002,,,,
580,case_00580_dfig_like_slg_a_scr2.0_n0.002_r4.csv,/root/phd_thesis/Z_Synthetic_Family_Library_v2/waveforms/case_00580_dfig_like_slg_a_scr2.0_n0.002_r4.csv,dfig_like,slg_a,2.0,0.002,10000,50.0,5.98,6.04,5.998138169571984,1.0030989581483907,0.5249999999999999,,,,0.0036,0.014,1416.6666666666667,0.004760453180374191,0.45,0.17500000000000002,,,,
581,case_00581_dfig_like_slg_a_scr2.0_n0.002_r5.csv,/root/phd_thesis/Z_Synthetic_Family_Library_v2/waveforms/case_00581_dfig_like_slg_a_scr2.0_n0.002_r5.csv,dfig_like,slg_a,2.0,0.002,10000,50.0,5.98,6.04,5.999534941279736,1.0068147321184853,0.5249999999999999,,,,0.0036,0.014,1416.6666666666667,0.004641040461782092,0.45,0.17500000000000002,,,,
582,case_00582_dfig_like_slg_a_scr2.0_n0.002_r6.csv,/root/phd_thesis/Z_Synthetic_Family_Library_v2/waveforms/case_00582_dfig_like_slg_a_scr2.0_n0.002_r6.csv,dfig_like,slg_a,2.0,0.002,10000,50.0,5.98,6.04,5.99847934022077,1.032084123223759,0.5249999999999999,,,,0.0036,0.014,1416.6666666666667,0.0047509760926242135,0.45,0.17500000000000002,,,,
583,case_00583_dfig_like_slg_a_scr2.0_n0.005_r1.csv,/root/phd_thesis/Z_Synthetic_Family_Library_v2/waveforms/case_00583_dfig_like_slg_a_scr2.0_n0.005_r1.csv,dfig_like,slg_a,2.0,0.005,10000,50.0,5.98,6.04,6.000064583466298,1.062181607211473,0.5249999999999999,,,,0.0036,0.014,1416.6666666666667,0.004652030690022277,0.45,0.17500000000000002,,,,
584,case_00584_dfig_like_slg_a_scr2.0_n0.005_r2.csv,/root/phd_thesis/Z_Synthetic_Family_Library_v2/waveforms/case_00584_dfig_like_slg_a_scr2.0_n0.005_r2.csv,dfig_like,slg_a,2.0,0.005,10000,50.0,5.98,6.04,5.999388551380817,1.0049145742175813,0.5249999999999999,,,,0.0036,0.014,1416.6666666666667,0.004795030457427649,0.45,0.17500000000000002,,,,
585,case_00585_dfig_like_slg_a_scr2.0_n0.005_r3.csv,/root/phd_thesis/Z_Synthetic_Family_Library_v2/waveforms/case_00585_dfig_like_slg_a_scr2.0_n0.005_r3.csv,dfig_like,slg_a,2.0,0.005,10000,50.0,5.98,6.04,5.99820331107195,1.0483524115982292,0.5249999999999999,,,,0.0036,0.014,1416.6666666666667,0.004416877638558309,0.45,0.17500000000000002,,,,
586,case_00586_dfig_like_slg_a_scr2.0_n0.005_r4.csv,/root/phd_thesis/Z_Synthetic_Family_Library_v2/waveforms/case_00586_dfig_like_slg_a_scr2.0_n0.005_r4.csv,dfig_like,slg_a,2.0,0.005,10000,50.0,5.98,6.04,5.997984913070776,1.0522694620107536,0.5249999999999999,,,,0.0036,0.014,1416.6666666666667,0.004349759164270922,0.45,0.17500000000000002,,,,
587,case_00587_dfig_like_slg_a_scr2.0_n0.005_r5.csv,/root/phd_thesis/Z_Synthetic_Family_Library_v2/waveforms/case_00587_dfig_like_slg_a_scr2.0_n0.005_r5.csv,dfig_like,slg_a,2.0,0.005,10000,50.0,5.98,6.04,5.999950354354558,1.036573302995333,0.5249999999999999,,,,0.0036,0.014,1416.6666666666667,0.004534516731564302,0.45,0.17500000000000002,,,,
588,case_00588_dfig_like_slg_a_scr2.0_n0.005_r6.csv,/root/phd_thesis/Z_Synthetic_Family_Library_v2/waveforms/case_00588_dfig_like_slg_a_scr2.0_n0.005_r6.csv,dfig_like,slg_a,2.0,0.005,10000,50.0,5.98,6.04,5.999610628727913,1.073583355644714,0.5249999999999999,,,,0.0036,0.014,1416.6666666666667,0.0047007000594637026,0.45,0.17500000000000002,,,,
589,case_00589_dfig_like_slg_a_scr2.0_n0.010_r1.csv,/root/phd_thesis/Z_Synthetic_Family_Library_v2/waveforms/case_00589_dfig_like_slg_a_scr2.0_n0.010_r1.csv,dfig_like,slg_a,2.0,0.01,10000,50.0,5.98,6.04,5.999243718498987,1.076509304236573,0.5249999999999999,,,,0.0036,0.014,1416.6666666666667,0.004687059578988379,0.45,0.17500000000000002,,,,
590,case_00590_dfig_like_slg_a_scr2.0_n0.010_r2.csv,/root/phd_thesis/Z_Synthetic_Family_Library_v2/waveforms/case_00590_dfig_like_slg_a_scr2.0_n0.010_r2.csv,dfig_like,slg_a,2.0,0.01,10000,50.0,5.98,6.04,5.999039649157722,1.0377055840893012,0.5249999999999999,,,,0.0036,0.014,1416.6666666666667,0.004506580176724586,0.45,0.17500000000000002,,,,
591,case_00591_dfig_like_slg_a_scr2.0_n0.010_r3.csv,/root/phd_thesis/Z_Synthetic_Family_Library_v2/waveforms/case_00591_dfig_like_slg_a_scr2.0_n0.010_r3.csv,dfig_like,slg_a,2.0,0.01,10000,50.0,5.98,6.04,5.999176566866611,1.0161344879460068,0.5249999999999999,,,,0.0036,0.014,1416.6666666666667,0.004541103052701972,0.45,0.17500000000000002,,,,
592,case_00592_dfig_like_slg_a_scr2.0_n0.010_r4.csv,/root/phd_thesis/Z_Synthetic_Family_Library_v2/waveforms/case_00592_dfig_like_slg_a_scr2.0_n0.010_r4.csv,dfig_like,slg_a,2.0,0.01,10000,50.0,5.98,6.04,5.999096909550788,1.059741647133954,0.5249999999999999,,,,0.0036,0.014,1416.6666666666667,0.004610773273452663,0.45,0.17500000000000002,,,,
593,case_00593_dfig_like_slg_a_scr2.0_n0.010_r5.csv,/root/phd_thesis/Z_Synthetic_Family_Library_v2/waveforms/case_00593_dfig_like_slg_a_scr2.0_n0.010_r5.csv,dfig_like,slg_a,2.0,0.01,10000,50.0,5.98,6.04,5.99956943476571,1.0298254692064595,0.5249999999999999,,,,0.0036,0.014,1416.6666666666667,0.004412409269326809,0.45,0.17500000000000002,,,,
594,case_00594_dfig_like_slg_a_scr2.0_n0.010_r6.csv,/root/phd_thesis/Z_Synthetic_Family_Library_v2/waveforms/case_00594_dfig_like_slg_a_scr2.0_n0.010_r6.csv,dfig_like,slg_a,2.0,0.01,10000,50.0,5.98,6.04,5.997966994434261,1.0673721993552894,0.5249999999999999,,,,0.0036,0.014,1416.6666666666667,0.004818079770250805,0.45,0.17500000000000002,,,,
595,case_00595_dfig_like_slg_a_scr3.0_n0.002_r1.csv,/root/phd_thesis/Z_Synthetic_Family_Library_v2/waveforms/case_00595_dfig_like_slg_a_scr3.0_n0.002_r1.csv,dfig_like,slg_a,3.0,0.002,10000,50.0,5.98,6.04,5.997927514641323,1.0510123461168575,0.35,,,,0.003,0.012,1500.0,0.004018370023430475,0.38,0.15000000000000002,,,,
596,case_00596_dfig_like_slg_a_scr3.0_n0.002_r2.csv,/root/phd_thesis/Z_Synthetic_Family_Library_v2/waveforms/case_00596_dfig_like_slg_a_scr3.0_n0.002_r2.csv,dfig_like,slg_a,3.0,0.002,10000,50.0,5.98,6.04,5.9982662106556965,1.0561426406924426,0.35,,,,0.003,0.012,1500.0,0.003902474389911683,0.38,0.15000000000000002,,,,
597,case_00597_dfig_like_slg_a_scr3.0_n0.002_r3.csv,/root/phd_thesis/Z_Synthetic_Family_Library_v2/waveforms/case_00597_dfig_like_slg_a_scr3.0_n0.002_r3.csv,dfig_like,slg_a,3.0,0.002,10000,50.0,5.98,6.04,6.0000301135405225,1.0285876087965369,0.35,,,,0.003,0.012,1500.0,0.003968866036972797,0.38,0.15000000000000002,,,,
598,case_00598_dfig_like_slg_a_scr3.0_n0.002_r4.csv,/root/phd_thesis/Z_Synthetic_Family_Library_v2/waveforms/case_00598_dfig_like_slg_a_scr3.0_n0.002_r4.csv,dfig_like,slg_a,3.0,0.002,10000,50.0,5.98,6.04,5.999313205581316,1.0017693123717601,0.35,,,,0.003,0.012,1500.0,0.0038399149452544297,0.38,0.15000000000000002,,,,
599,case_00599_dfig_like_slg_a_scr3.0_n0.002_r5.csv,/root/phd_thesis/Z_Synthetic_Family_Library_v2/waveforms/case_00599_dfig_like_slg_a_scr3.0_n0.002_r5.csv,dfig_like,slg_a,3.0,0.002,10000,50.0,5.98,6.04,5.999911904723186,1.0379797021487147,0.35,,,,0.003,0.012,1500.0,0.003838115999427516,0.38,0.15000000000000002,,,,
600,case_00600_dfig_like_slg_a_scr3.0_n0.002_r6.csv,/root/phd_thesis/Z_Synthetic_Family_Library_v2/waveforms/case_00600_dfig_like_slg_a_scr3.0_n0.002_r6.csv,dfig_like,slg_a,3.0,0.002,10000,50.0,5.98,6.04,5.998561841412814,1.0787944665828069,0.35,,,,0.003,0.012,1500.0,0.00416172062902657,0.38,0.15000000000000002,,,,
601,case_00601_dfig_like_slg_a_scr3.0_n0.005_r1.csv,/root/phd_thesis/Z_Synthetic_Family_Library_v2/waveforms/case_00601_dfig_like_slg_a_scr3.0_n0.005_r1.csv,dfig_like,slg_a,3.0,0.005,10000,50.0,5.98,6.04,6.000249745708813,1.0571776277005507,0.35,,,,0.003,0.012,1500.0,0.004083924507856346,0.38,0.15000000000000002,,,,
602,case_00602_dfig_like_slg_a_scr3.0_n0.005_r2.csv,/root/phd_thesis/Z_Synthetic_Family_Library_v2/waveforms/case_00602_dfig_like_slg_a_scr3.0_n0.005_r2.csv,dfig_like,slg_a,3.0,0.005,10000,50.0,5.98,6.04,6.000058264682474,1.0715516018065343,0.35,,,,0.003,0.012,1500.0,0.003970604000259878,0.38,0.15000000000000002,,,,
603,case_00603_dfig_like_slg_a_scr3.0_n0.005_r3.csv,/root/phd_thesis/Z_Synthetic_Family_Library_v2/waveforms/case_00603_dfig_like_slg_a_scr3.0_n0.005_r3.csv,dfig_like,slg_a,3.0,0.005,10000,50.0,5.98,6.04,5.998076658819254,1.0161146879945921,0.35,,,,0.003,0.012,1500.0,0.004116727469335259,0.38,0.15000000000000002,,,,
604,case_00604_dfig_like_slg_a_scr3.0_n0.005_r4.csv,/root/phd_thesis/Z_Synthetic_Family_Library_v2/waveforms/case_00604_dfig_like_slg_a_scr3.0_n0.005_r4.csv,dfig_like,slg_a,3.0,0.005,10000,50.0,5.98,6.04,6.000200863412638,1.0759267885021122,0.35,,,,0.003,0.012,1500.0,0.0037769675579687806,0.38,0.15000000000000002,,,,
605,case_00605_dfig_like_slg_a_scr3.0_n0.005_r5.csv,/root/phd_thesis/Z_Synthetic_Family_Library_v2/waveforms/case_00605_dfig_like_slg_a_scr3.0_n0.005_r5.csv,dfig_like,slg_a,3.0,0.005,10000,50.0,5.98,6.04,5.997638734342534,1.0410225431155997,0.35,,,,0.003,0.012,1500.0,0.0038356350912337545,0.38,0.15000000000000002,,,,
606,case_00606_dfig_like_slg_a_scr3.0_n0.005_r6.csv,/root/phd_thesis/Z_Synthetic_Family_Library_v2/waveforms/case_00606_dfig_like_slg_a_scr3.0_n0.005_r6.csv,dfig_like,slg_a,3.0,0.005,10000,50.0,5.98,6.04,6.0000181873763125,1.0364198802923263,0.35,,,,0.003,0.012,1500.0,0.003788786332380519,0.38,0.15000000000000002,,,,
607,case_00607_dfig_like_slg_a_scr3.0_n0.010_r1.csv,/root/phd_thesis/Z_Synthetic_Family_Library_v2/waveforms/case_00607_dfig_like_slg_a_scr3.0_n0.010_r1.csv,dfig_like,slg_a,3.0,0.01,10000,50.0,5.98,6.04,5.998280951809406,1.0407766625301498,0.35,,,,0.003,0.012,1500.0,0.003878321593878427,0.38,0.15000000000000002,,,,
608,case_00608_dfig_like_slg_a_scr3.0_n0.010_r2.csv,/root/phd_thesis/Z_Synthetic_Family_Library_v2/waveforms/case_00608_dfig_like_slg_a_scr3.0_n0.010_r2.csv,dfig_like,slg_a,3.0,0.01,10000,50.0,5.98,6.04,5.9995168673270225,1.0192510230317493,0.35,,,,0.003,0.012,1500.0,0.004069661932855409,0.38,0.15000000000000002,,,,
609,case_00609_dfig_like_slg_a_scr3.0_n0.010_r3.csv,/root/phd_thesis/Z_Synthetic_Family_Library_v2/waveforms/case_00609_dfig_like_slg_a_scr3.0_n0.010_r3.csv,dfig_like,slg_a,3.0,0.01,10000,50.0,5.98,6.04,5.997863229789095,1.0249700439188016,0.35,,,,0.003,0.012,1500.0,0.004114322614020163,0.38,0.15000000000000002,,,,
610,case_00610_dfig_like_slg_a_scr3.0_n0.010_r4.csv,/root/phd_thesis/Z_Synthetic_Family_Library_v2/waveforms/case_00610_dfig_like_slg_a_scr3.0_n0.010_r4.csv,dfig_like,slg_a,3.0,0.01,10000,50.0,5.98,6.04,6.0002529852781725,1.0666709674680541,0.35,,,,0.003,0.012,1500.0,0.004200617081539328,0.38,0.15000000000000002,,,,
611,case_00611_dfig_like_slg_a_scr3.0_n0.010_r5.csv,/root/phd_thesis/Z_Synthetic_Family_Library_v2/waveforms/case_00611_dfig_like_slg_a_scr3.0_n0.010_r5.csv,dfig_like,slg_a,3.0,0.01,10000,50.0,5.98,6.04,5.998644242511191,1.0355919830235742,0.35,,,,0.003,0.012,1500.0,0.0042919902380873275,0.38,0.15000000000000002,,,,
612,case_00612_dfig_like_slg_a_scr3.0_n0.010_r6.csv,/root/phd_thesis/Z_Synthetic_Family_Library_v2/waveforms/case_00612_dfig_like_slg_a_scr3.0_n0.010_r6.csv,dfig_like,slg_a,3.0,0.01,10000,50.0,5.98,6.04,5.998588535932281,1.031640191460693,0.35,,,,0.003,0.012,1500.0,0.003730127183186633,0.38,0.15000000000000002,,,,
613,case_00613_dfig_like_slg_a_scr5.0_n0.002_r1.csv,/root/phd_thesis/Z_Synthetic_Family_Library_v2/waveforms/case_00613_dfig_like_slg_a_scr5.0_n0.002_r1.csv,dfig_like,slg_a,5.0,0.002,10000,50.0,5.98,6.04,5.998384236823209,1.0187984850870389,0.21,,,,0.0025199999999999997,0.0104,1666.6666666666667,0.003589141075404303,0.324,0.13,,,,
614,case_00614_dfig_like_slg_a_scr5.0_n0.002_r2.csv,/root/phd_thesis/Z_Synthetic_Family_Library_v2/waveforms/case_00614_dfig_like_slg_a_scr5.0_n0.002_r2.csv,dfig_like,slg_a,5.0,0.002,10000,50.0,5.98,6.04,5.998542696942784,1.0618078786579228,0.21,,,,0.0025199999999999997,0.0104,1666.6666666666667,0.0034514471078326073,0.324,0.13,,,,
615,case_00615_dfig_like_slg_a_scr5.0_n0.002_r3.csv,/root/phd_thesis/Z_Synthetic_Family_Library_v2/waveforms/case_00615_dfig_like_slg_a_scr5.0_n0.002_r3.csv,dfig_like,slg_a,5.0,0.002,10000,50.0,5.98,6.04,6.00011300441636,1.0157729207641126,0.21,,,,0.0025199999999999997,0.0104,1666.6666666666667,0.003236739731109061,0.324,0.13,,,,
616,case_00616_dfig_like_slg_a_scr5.0_n0.002_r4.csv,/root/phd_thesis/Z_Synthetic_Family_Library_v2/waveforms/case_00616_dfig_like_slg_a_scr5.0_n0.002_r4.csv,dfig_like,slg_a,5.0,0.002,10000,50.0,5.98,6.04,5.999802799317291,1.065222605683226,0.21,,,,0.0025199999999999997,0.0104,1666.6666666666667,0.0033604246234033015,0.324,0.13,,,,
617,case_00617_dfig_like_slg_a_scr5.0_n0.002_r5.csv,/root/phd_thesis/Z_Synthetic_Family_Library_v2/waveforms/case_00617_dfig_like_slg_a_scr5.0_n0.002_r5.csv,dfig_like,slg_a,5.0,0.002,10000,50.0,5.98,6.04,6.0002169520467294,1.0317237530291443,0.21,,,,0.0025199999999999997,0.0104,1666.6666666666667,0.003365940780963646,0.324,0.13,,,,
618,case_00618_dfig_like_slg_a_scr5.0_n0.002_r6.csv,/root/phd_thesis/Z_Synthetic_Family_Library_v2/waveforms/case_00618_dfig_like_slg_a_scr5.0_n0.002_r6.csv,dfig_like,slg_a,5.0,0.002,10000,50.0,5.98,6.04,5.998589104856627,1.0636966836116657,0.21,,,,0.0025199999999999997,0.0104,1666.6666666666667,0.003222252344294727,0.324,0.13,,,,
619,case_00619_dfig_like_slg_a_scr5.0_n0.005_r1.csv,/root/phd_thesis/Z_Synthetic_Family_Library_v2/waveforms/case_00619_dfig_like_slg_a_scr5.0_n0.005_r1.csv,dfig_like,slg_a,5.0,0.005,10000,50.0,5.98,6.04,5.99780932340066,1.005892957235998,0.21,,,,0.0025199999999999997,0.0104,1666.6666666666667,0.0034021505788747893,0.324,0.13,,,,
620,case_00620_dfig_like_slg_a_scr5.0_n0.005_r2.csv,/root/phd_thesis/Z_Synthetic_Family_Library_v2/waveforms/case_00620_dfig_like_slg_a_scr5.0_n0.005_r2.csv,dfig_like,slg_a,5.0,0.005,10000,50.0,5.98,6.04,5.999402188465363,1.055789857969765,0.21,,,,0.0025199999999999997,0.0104,1666.6666666666667,0.003340204790204336,0.324,0.13,,,,
621,case_00621_dfig_like_slg_a_scr5.0_n0.005_r3.csv,/root/phd_thesis/Z_Synthetic_Family_Library_v2/waveforms/case_00621_dfig_like_slg_a_scr5.0_n0.005_r3.csv,dfig_like,slg_a,5.0,0.005,10000,50.0,5.98,6.04,5.998640053144645,1.0349155052421855,0.21,,,,0.0025199999999999997,0.0104,1666.6666666666667,0.003339074540304631,0.324,0.13,,,,
622,case_00622_dfig_like_slg_a_scr5.0_n0.005_r4.csv,/root/phd_thesis/Z_Synthetic_Family_Library_v2/waveforms/case_00622_dfig_like_slg_a_scr5.0_n0.005_r4.csv,dfig_like,slg_a,5.0,0.005,10000,50.0,5.98,6.04,6.0002379456663135,1.0675252837732043,0.21,,,,0.0025199999999999997,0.0104,1666.6666666666667,0.003331372790332721,0.324,0.13,,,,
623,case_00623_dfig_like_slg_a_scr5.0_n0.005_r5.csv,/root/phd_thesis/Z_Synthetic_Family_Library_v2/waveforms/case_00623_dfig_like_slg_a_scr5.0_n0.005_r5.csv,dfig_like,slg_a,5.0,0.005,10000,50.0,5.98,6.04,5.999254646082235,1.0339609663699254,0.21,,,,0.0025199999999999997,0.0104,1666.6666666666667,0.003562566662547497,0.324,0.13,,,,
624,case_00624_dfig_like_slg_a_scr5.0_n0.005_r6.csv,/root/phd_thesis/Z_Synthetic_Family_Library_v2/waveforms/case_00624_dfig_like_slg_a_scr5.0_n0.005_r6.csv,dfig_like,slg_a,5.0,0.005,10000,50.0,5.98,6.04,6.000104378532545,1.056415033379801,0.21,,,,0.0025199999999999997,0.0104,1666.6666666666667,0.003457574365898332,0.324,0.13,,,,
625,case_00625_dfig_like_slg_a_scr5.0_n0.010_r1.csv,/root/phd_thesis/Z_Synthetic_Family_Library_v2/waveforms/case_00625_dfig_like_slg_a_scr5.0_n0.010_r1.csv,dfig_like,slg_a,5.0,0.01,10000,50.0,5.98,6.04,5.998371219804919,1.0021588748831778,0.21,,,,0.0025199999999999997,0.0104,1666.6666666666667,0.003367464291977885,0.324,0.13,,,,
626,case_00626_dfig_like_slg_a_scr5.0_n0.010_r2.csv,/root/phd_thesis/Z_Synthetic_Family_Library_v2/waveforms/case_00626_dfig_like_slg_a_scr5.0_n0.010_r2.csv,dfig_like,slg_a,5.0,0.01,10000,50.0,5.98,6.04,5.99788868841902,1.0649269324478945,0.21,,,,0.0025199999999999997,0.0104,1666.6666666666667,0.0036493408449389114,0.324,0.13,,,,
627,case_00627_dfig_like_slg_a_scr5.0_n0.010_r3.csv,/root/phd_thesis/Z_Synthetic_Family_Library_v2/waveforms/case_00627_dfig_like_slg_a_scr5.0_n0.010_r3.csv,dfig_like,slg_a,5.0,0.01,10000,50.0,5.98,6.04,5.999638026369986,1.0280113332836258,0.21,,,,0.0025199999999999997,0.0104,1666.6666666666667,0.0033043016427420687,0.324,0.13,,,,
628,case_00628_dfig_like_slg_a_scr5.0_n0.010_r4.csv,/root/phd_thesis/Z_Synthetic_Family_Library_v2/waveforms/case_00628_dfig_like_slg_a_scr5.0_n0.010_r4.csv,dfig_like,slg_a,5.0,0.01,10000,50.0,5.98,6.04,6.000283016294501,1.0068290242654012,0.21,,,,0.0025199999999999997,0.0104,1666.6666666666667,0.0032827400016147198,0.324,0.13,,,,
629,case_00629_dfig_like_slg_a_scr5.0_n0.010_r5.csv,/root/phd_thesis/Z_Synthetic_Family_Library_v2/waveforms/case_00629_dfig_like_slg_a_scr5.0_n0.010_r5.csv,dfig_like,slg_a,5.0,0.01,10000,50.0,5.98,6.04,5.999451537408119,1.033871794454839,0.21,,,,0.0025199999999999997,0.0104,1666.6666666666667,0.0034153050054015867,0.324,0.13,,,,
630,case_00630_dfig_like_slg_a_scr5.0_n0.010_r6.csv,/root/phd_thesis/Z_Synthetic_Family_Library_v2/waveforms/case_00630_dfig_like_slg_a_scr5.0_n0.010_r6.csv,dfig_like,slg_a,5.0,0.01,10000,50.0,5.98,6.04,5.998342728517047,1.0615737414768163,0.21,,,,0.0025199999999999997,0.0104,1666.6666666666667,0.003637201581020136,0.324,0.13,,,,
631,case_00631_dfig_like_slg_a_scr8.0_n0.002_r1.csv,/root/phd_thesis/Z_Synthetic_Family_Library_v2/waveforms/case_00631_dfig_like_slg_a_scr8.0_n0.002_r1.csv,dfig_like,slg_a,8.0,0.002,10000,50.0,5.98,6.04,5.998674171007235,1.0698087195778014,0.13999999999999999,,,,0.00225,0.0095,1916.6666666666665,0.0032006207492008883,0.2925,0.11875000000000001,,,,
632,case_00632_dfig_like_slg_a_scr8.0_n0.002_r2.csv,/root/phd_thesis/Z_Synthetic_Family_Library_v2/waveforms/case_00632_dfig_like_slg_a_scr8.0_n0.002_r2.csv,dfig_like,slg_a,8.0,0.002,10000,50.0,5.98,6.04,5.998306626813425,1.0100546000712987,0.13999999999999999,,,,0.00225,0.0095,1916.6666666666665,0.003502743717460448,0.2925,0.11875000000000001,,,,
633,case_00633_dfig_like_slg_a_scr8.0_n0.002_r3.csv,/root/phd_thesis/Z_Synthetic_Family_Library_v2/waveforms/case_00633_dfig_like_slg_a_scr8.0_n0.002_r3.csv,dfig_like,slg_a,8.0,0.002,10000,50.0,5.98,6.04,5.999149612303712,1.0620416013717575,0.13999999999999999,,,,0.00225,0.0095,1916.6666666666665,0.003484844530917178,0.2925,0.11875000000000001,,,,
634,case_00634_dfig_like_slg_a_scr8.0_n0.002_r4.csv,/root/phd_thesis/Z_Synthetic_Family_Library_v2/waveforms/case_00634_dfig_like_slg_a_scr8.0_n0.002_r4.csv,dfig_like,slg_a,8.0,0.002,10000,50.0,5.98,6.04,5.999107743557888,1.0532272046603894,0.13999999999999999,,,,0.00225,0.0095,1916.6666666666665,0.0030134956304970224,0.2925,0.11875000000000001,,,,
635,case_00635_dfig_like_slg_a_scr8.0_n0.002_r5.csv,/root/phd_thesis/Z_Synthetic_Family_Library_v2/waveforms/case_00635_dfig_like_slg_a_scr8.0_n0.002_r5.csv,dfig_like,slg_a,8.0,0.002,10000,50.0,5.98,6.04,6.000326779970764,1.068872853007994,0.13999999999999999,,,,0.00225,0.0095,1916.6666666666665,0.0033373310998740377,0.2925,0.11875000000000001,,,,
636,case_00636_dfig_like_slg_a_scr8.0_n0.002_r6.csv,/root/phd_thesis/Z_Synthetic_Family_Library_v2/waveforms/case_00636_dfig_like_slg_a_scr8.0_n0.002_r6.csv,dfig_like,slg_a,8.0,0.002,10000,50.0,5.98,6.04,6.000493645768626,1.0139980295798725,0.13999999999999999,,,,0.00225,0.0095,1916.6666666666665,0.0032937522329433873,0.2925,0.11875000000000001,,,,
637,case_00637_dfig_like_slg_a_scr8.0_n0.005_r1.csv,/root/phd_thesis/Z_Synthetic_Family_Library_v2/waveforms/case_00637_dfig_like_slg_a_scr8.0_n0.005_r1.csv,dfig_like,slg_a,8.0,0.005,10000,50.0,5.98,6.04,5.997716380133185,1.019473966782814,0.13999999999999999,,,,0.00225,0.0095,1916.6666666666665,0.0031978082234123467,0.2925,0.11875000000000001,,,,
638,case_00638_dfig_like_slg_a_scr8.0_n0.005_r2.csv,/root/phd_thesis/Z_Synthetic_Family_Library_v2/waveforms/case_00638_dfig_like_slg_a_scr8.0_n0.005_r2.csv,dfig_like,slg_a,8.0,0.005,10000,50.0,5.98,6.04,5.9998285393972095,1.0343700139457732,0.13999999999999999,,,,0.00225,0.0095,1916.6666666666665,0.0032190909775687664,0.2925,0.11875000000000001,,,,
639,case_00639_dfig_like_slg_a_scr8.0_n0.005_r3.csv,/root/phd_thesis/Z_Synthetic_Family_Library_v2/waveforms/case_00639_dfig_like_slg_a_scr8.0_n0.005_r3.csv,dfig_like,slg_a,8.0,0.005,10000,50.0,5.98,6.04,5.999586368740366,1.0634339378281932,0.13999999999999999,,,,0.00225,0.0095,1916.6666666666665,0.002968370050953549,0.2925,0.11875000000000001,,,,
640,case_00640_dfig_like_slg_a_scr8.0_n0.005_r4.csv,/root/phd_thesis/Z_Synthetic_Family_Library_v2/waveforms/case_00640_dfig_like_slg_a_scr8.0_n0.005_r4.csv,dfig_like,slg_a,8.0,0.005,10000,50.0,5.98,6.04,5.999062966486774,1.0055355310073897,0.13999999999999999,,,,0.00225,0.0095,1916.6666666666665,0.003377444382216395,0.2925,0.11875000000000001,,,,
641,case_00641_dfig_like_slg_a_scr8.0_n0.005_r5.csv,/root/phd_thesis/Z_Synthetic_Family_Library_v2/waveforms/case_00641_dfig_like_slg_a_scr8.0_n0.005_r5.csv,dfig_like,slg_a,8.0,0.005,10000,50.0,5.98,6.04,5.9980687352947974,1.0698793902214154,0.13999999999999999,,,,0.00225,0.0095,1916.6666666666665,0.0032384244595982403,0.2925,0.11875000000000001,,,,
642,case_00642_dfig_like_slg_a_scr8.0_n0.005_r6.csv,/root/phd_thesis/Z_Synthetic_Family_Library_v2/waveforms/case_00642_dfig_like_slg_a_scr8.0_n0.005_r6.csv,dfig_like,slg_a,8.0,0.005,10000,50.0,5.98,6.04,5.9979923172688645,1.0744764623647713,0.13999999999999999,,,,0.00225,0.0095,1916.6666666666665,0.0034435663180510424,0.2925,0.11875000000000001,,,,
643,case_00643_dfig_like_slg_a_scr8.0_n0.010_r1.csv,/root/phd_thesis/Z_Synthetic_Family_Library_v2/waveforms/case_00643_dfig_like_slg_a_scr8.0_n0.010_r1.csv,dfig_like,slg_a,8.0,0.01,10000,50.0,5.98,6.04,6.00003897176965,1.0117135681889877,0.13999999999999999,,,,0.00225,0.0095,1916.6666666666665,0.003115181924547992,0.2925,0.11875000000000001,,,,
644,case_00644_dfig_like_slg_a_scr8.0_n0.010_r2.csv,/root/phd_thesis/Z_Synthetic_Family_Library_v2/waveforms/case_00644_dfig_like_slg_a_scr8.0_n0.010_r2.csv,dfig_like,slg_a,8.0,0.01,10000,50.0,5.98,6.04,5.99778489572244,1.00885655617257,0.13999999999999999,,,,0.00225,0.0095,1916.6666666666665,0.003450603056403465,0.2925,0.11875000000000001,,,,
645,case_00645_dfig_like_slg_a_scr8.0_n0.010_r3.csv,/root/phd_thesis/Z_Synthetic_Family_Library_v2/waveforms/case_00645_dfig_like_slg_a_scr8.0_n0.010_r3.csv,dfig_like,slg_a,8.0,0.01,10000,50.0,5.98,6.04,5.997531357037963,1.0444574270565827,0.13999999999999999,,,,0.00225,0.0095,1916.6666666666665,0.0031618798412727804,0.2925,0.11875000000000001,,,,
646,case_00646_dfig_like_slg_a_scr8.0_n0.010_r4.csv,/root/phd_thesis/Z_Synthetic_Family_Library_v2/waveforms/case_00646_dfig_like_slg_a_scr8.0_n0.010_r4.csv,dfig_like,slg_a,8.0,0.01,10000,50.0,5.98,6.04,5.998991694670815,1.0696358664990477,0.13999999999999999,,,,0.00225,0.0095,1916.6666666666665,0.0034533637429757236,0.2925,0.11875000000000001,,,,
647,case_00647_dfig_like_slg_a_scr8.0_n0.010_r5.csv,/root/phd_thesis/Z_Synthetic_Family_Library_v2/waveforms/case_00647_dfig_like_slg_a_scr8.0_n0.010_r5.csv,dfig_like,slg_a,8.0,0.01,10000,50.0,5.98,6.04,5.999038302762593,1.0349782653786492,0.13999999999999999,,,,0.00225,0.0095,1916.6666666666665,0.003514503759514778,0.2925,0.11875000000000001,,,,
648,case_00648_dfig_like_slg_a_scr8.0_n0.010_r6.csv,/root/phd_thesis/Z_Synthetic_Family_Library_v2/waveforms/case_00648_dfig_like_slg_a_scr8.0_n0.010_r6.csv,dfig_like,slg_a,8.0,0.01,10000,50.0,5.98,6.04,5.99934954036655,1.0086269703425308,0.13999999999999999,,,,0.00225,0.0095,1916.6666666666665,0.0033132989036928815,0.2925,0.11875000000000001,,,,
649,case_00649_dfig_like_slg_b_scr2.0_n0.002_r1.csv,/root/phd_thesis/Z_Synthetic_Family_Library_v2/waveforms/case_00649_dfig_like_slg_b_scr2.0_n0.002_r1.csv,dfig_like,slg_b,2.0,0.002,10000,50.0,5.98,6.04,6.00041002152549,1.0055392659803895,0.5249999999999999,,,,0.0036,0.014,1416.6666666666667,0.004489044490705491,0.45,0.17500000000000002,,,,
650,case_00650_dfig_like_slg_b_scr2.0_n0.002_r2.csv,/root/phd_thesis/Z_Synthetic_Family_Library_v2/waveforms/case_00650_dfig_like_slg_b_scr2.0_n0.002_r2.csv,dfig_like,slg_b,2.0,0.002,10000,50.0,5.98,6.04,5.998585906117323,1.07072415998457,0.5249999999999999,,,,0.0036,0.014,1416.6666666666667,0.004571682538573002,0.45,0.17500000000000002,,,,
651,case_00651_dfig_like_slg_b_scr2.0_n0.002_r3.csv,/root/phd_thesis/Z_Synthetic_Family_Library_v2/waveforms/case_00651_dfig_like_slg_b_scr2.0_n0.002_r3.csv,dfig_like,slg_b,2.0,0.002,10000,50.0,5.98,6.04,5.997951418998683,1.0097030277077643,0.5249999999999999,,,,0.0036,0.014,1416.6666666666667,0.004438142897568609,0.45,0.17500000000000002,,,,
652,case_00652_dfig_like_slg_b_scr2.0_n0.002_r4.csv,/root/phd_thesis/Z_Synthetic_Family_Library_v2/waveforms/case_00652_dfig_like_slg_b_scr2.0_n0.002_r4.csv,dfig_like,slg_b,2.0,0.002,10000,50.0,5.98,6.04,5.998725921156117,1.0073311132505047,0.5249999999999999,,,,0.0036,0.014,1416.6666666666667,0.00472591711904575,0.45,0.17500000000000002,,,,
653,case_00653_dfig_like_slg_b_scr2.0_n0.002_r5.csv,/root/phd_thesis/Z_Synthetic_Family_Library_v2/waveforms/case_00653_dfig_like_slg_b_scr2.0_n0.002_r5.csv,dfig_like,slg_b,2.0,0.002,10000,50.0,5.98,6.04,5.998045942599556,1.0665143789616875,0.5249999999999999,,,,0.0036,0.014,1416.6666666666667,0.0043388619327622766,0.45,0.17500000000000002,,,,
654,case_00654_dfig_like_slg_b_scr2.0_n0.002_r6.csv,/root/phd_thesis/Z_Synthetic_Family_Library_v2/waveforms/case_00654_dfig_like_slg_b_scr2.0_n0.002_r6.csv,dfig_like,slg_b,2.0,0.002,10000,50.0,5.98,6.04,5.999486904228554,1.0402098361745955,0.5249999999999999,,,,0.0036,0.014,1416.6666666666667,0.0045582846234669345,0.45,0.17500000000000002,,,,
655,case_00655_dfig_like_slg_b_scr2.0_n0.005_r1.csv,/root/phd_thesis/Z_Synthetic_Family_Library_v2/waveforms/case_00655_dfig_like_slg_b_scr2.0_n0.005_r1.csv,dfig_like,slg_b,2.0,0.005,10000,50.0,5.98,6.04,5.999475874511952,1.0057818634841276,0.5249999999999999,,,,0.0036,0.014,1416.6666666666667,0.004606653322416158,0.45,0.17500000000000002,,,,
656,case_00656_dfig_like_slg_b_scr2.0_n0.005_r2.csv,/root/phd_thesis/Z_Synthetic_Family_Library_v2/waveforms/case_00656_dfig_like_slg_b_scr2.0_n0.005_r2.csv,dfig_like,slg_b,2.0,0.005,10000,50.0,5.98,6.04,5.9989933090352885,1.0467454285158846,0.5249999999999999,,,,0.0036,0.014,1416.6666666666667,0.004471666610095248,0.45,0.17500000000000002,,,,
657,case_00657_dfig_like_slg_b_scr2.0_n0.005_r3.csv,/root/phd_thesis/Z_Synthetic_Family_Library_v2/waveforms/case_00657_dfig_like_slg_b_scr2.0_n0.005_r3.csv,dfig_like,slg_b,2.0,0.005,10000,50.0,5.98,6.04,5.998815097285197,1.068963564204405,0.5249999999999999,,,,0.0036,0.014,1416.6666666666667,0.0043789780071461885,0.45,0.17500000000000002,,,,
658,case_00658_dfig_like_slg_b_scr2.0_n0.005_r4.csv,/root/phd_thesis/Z_Synthetic_Family_Library_v2/waveforms/case_00658_dfig_like_slg_b_scr2.0_n0.005_r4.csv,dfig_like,slg_b,2.0,0.005,10000,50.0,5.98,6.04,5.9979375269873225,1.025778590372125,0.5249999999999999,,,,0.0036,0.014,1416.6666666666667,0.004636454549295283,0.45,0.17500000000000002,,,,
659,case_00659_dfig_like_slg_b_scr2.0_n0.005_r5.csv,/root/phd_thesis/Z_Synthetic_Family_Library_v2/waveforms/case_00659_dfig_like_slg_b_scr2.0_n0.005_r5.csv,dfig_like,slg_b,2.0,0.005,10000,50.0,5.98,6.04,5.9977481487693325,1.030802095881526,0.5249999999999999,,,,0.0036,0.014,1416.6666666666667,0.0046487098393605646,0.45,0.17500000000000002,,,,
660,case_00660_dfig_like_slg_b_scr2.0_n0.005_r6.csv,/root/phd_thesis/Z_Synthetic_Family_Library_v2/waveforms/case_00660_dfig_like_slg_b_scr2.0_n0.005_r6.csv,dfig_like,slg_b,2.0,0.005,10000,50.0,5.98,6.04,5.998300775619733,1.0093454629723762,0.5249999999999999,,,,0.0036,0.014,1416.6666666666667,0.004674937511099559,0.45,0.17500000000000002,,,,
661,case_00661_dfig_like_slg_b_scr2.0_n0.010_r1.csv,/root/phd_thesis/Z_Synthetic_Family_Library_v2/waveforms/case_00661_dfig_like_slg_b_scr2.0_n0.010_r1.csv,dfig_like,slg_b,2.0,0.01,10000,50.0,5.98,6.04,5.997597745302969,1.0251087069038936,0.5249999999999999,,,,0.0036,0.014,1416.6666666666667,0.00470424926175694,0.45,0.17500000000000002,,,,
662,case_00662_dfig_like_slg_b_scr2.0_n0.010_r2.csv,/root/phd_thesis/Z_Synthetic_Family_Library_v2/waveforms/case_00662_dfig_like_slg_b_scr2.0_n0.010_r2.csv,dfig_like,slg_b,2.0,0.01,10000,50.0,5.98,6.04,5.9996915864844755,1.06840980668594,0.5249999999999999,,,,0.0036,0.014,1416.6666666666667,0.004466283535328377,0.45,0.17500000000000002,,,,
663,case_00663_dfig_like_slg_b_scr2.0_n0.010_r3.csv,/root/phd_thesis/Z_Synthetic_Family_Library_v2/waveforms/case_00663_dfig_like_slg_b_scr2.0_n0.010_r3.csv,dfig_like,slg_b,2.0,0.01,10000,50.0,5.98,6.04,5.998096664431945,1.0018468809528795,0.5249999999999999,,,,0.0036,0.014,1416.6666666666667,0.004579634372224965,0.45,0.17500000000000002,,,,
664,case_00664_dfig_like_slg_b_scr2.0_n0.010_r4.csv,/root/phd_thesis/Z_Synthetic_Family_Library_v2/waveforms/case_00664_dfig_like_slg_b_scr2.0_n0.010_r4.csv,dfig_like,slg_b,2.0,0.01,10000,50.0,5.98,6.04,6.00038139572096,1.0419242618773776,0.5249999999999999,,,,0.0036,0.014,1416.6666666666667,0.004745878990178934,0.45,0.17500000000000002,,,,
665,case_00665_dfig_like_slg_b_scr2.0_n0.010_r5.csv,/root/phd_thesis/Z_Synthetic_Family_Library_v2/waveforms/case_00665_dfig_like_slg_b_scr2.0_n0.010_r5.csv,dfig_like,slg_b,2.0,0.01,10000,50.0,5.98,6.04,5.99801739167491,1.015068045473492,0.5249999999999999,,,,0.0036,0.014,1416.6666666666667,0.004564905321086458,0.45,0.17500000000000002,,,,
666,case_00666_dfig_like_slg_b_scr2.0_n0.010_r6.csv,/root/phd_thesis/Z_Synthetic_Family_Library_v2/waveforms/case_00666_dfig_like_slg_b_scr2.0_n0.010_r6.csv,dfig_like,slg_b,2.0,0.01,10000,50.0,5.98,6.04,5.9992468921162505,1.0315299796383592,0.5249999999999999,,,,0.0036,0.014,1416.6666666666667,0.004404152511045855,0.45,0.17500000000000002,,,,
667,case_00667_dfig_like_slg_b_scr3.0_n0.002_r1.csv,/root/phd_thesis/Z_Synthetic_Family_Library_v2/waveforms/case_00667_dfig_like_slg_b_scr3.0_n0.002_r1.csv,dfig_like,slg_b,3.0,0.002,10000,50.0,5.98,6.04,5.999801928033465,1.0634073407002087,0.35,,,,0.003,0.012,1500.0,0.004102503060330141,0.38,0.15000000000000002,,,,
668,case_00668_dfig_like_slg_b_scr3.0_n0.002_r2.csv,/root/phd_thesis/Z_Synthetic_Family_Library_v2/waveforms/case_00668_dfig_like_slg_b_scr3.0_n0.002_r2.csv,dfig_like,slg_b,3.0,0.002,10000,50.0,5.98,6.04,5.9982679972567,1.0759270435354862,0.35,,,,0.003,0.012,1500.0,0.004073952525043736,0.38,0.15000000000000002,,,,
669,case_00669_dfig_like_slg_b_scr3.0_n0.002_r3.csv,/root/phd_thesis/Z_Synthetic_Family_Library_v2/waveforms/case_00669_dfig_like_slg_b_scr3.0_n0.002_r3.csv,dfig_like,slg_b,3.0,0.002,10000,50.0,5.98,6.04,5.998580588043427,1.0759047303921179,0.35,,,,0.003,0.012,1500.0,0.004169895089294935,0.38,0.15000000000000002,,,,
670,case_00670_dfig_like_slg_b_scr3.0_n0.002_r4.csv,/root/phd_thesis/Z_Synthetic_Family_Library_v2/waveforms/case_00670_dfig_like_slg_b_scr3.0_n0.002_r4.csv,dfig_like,slg_b,3.0,0.002,10000,50.0,5.98,6.04,5.998943762262392,1.0192873632798887,0.35,,,,0.003,0.012,1500.0,0.003868854748932339,0.38,0.15000000000000002,,,,
671,case_00671_dfig_like_slg_b_scr3.0_n0.002_r5.csv,/root/phd_thesis/Z_Synthetic_Family_Library_v2/waveforms/case_00671_dfig_like_slg_b_scr3.0_n0.002_r5.csv,dfig_like,slg_b,3.0,0.002,10000,50.0,5.98,6.04,6.000415207711846,1.0568785345515768,0.35,,,,0.003,0.012,1500.0,0.003846345446871846,0.38,0.15000000000000002,,,,
672,case_00672_dfig_like_slg_b_scr3.0_n0.002_r6.csv,/root/phd_thesis/Z_Synthetic_Family_Library_v2/waveforms/case_00672_dfig_like_slg_b_scr3.0_n0.002_r6.csv,dfig_like,slg_b,3.0,0.002,10000,50.0,5.98,6.04,5.998201589665079,1.0453952790721337,0.35,,,,0.003,0.012,1500.0,0.003771766632409162,0.38,0.15000000000000002,,,,
673,case_00673_dfig_like_slg_b_scr3.0_n0.005_r1.csv,/root/phd_thesis/Z_Synthetic_Family_Library_v2/waveforms/case_00673_dfig_like_slg_b_scr3.0_n0.005_r1.csv,dfig_like,slg_b,3.0,0.005,10000,50.0,5.98,6.04,5.998979007051515,1.0097798594102878,0.35,,,,0.003,0.012,1500.0,0.0037454607270512824,0.38,0.15000000000000002,,,,
674,case_00674_dfig_like_slg_b_scr3.0_n0.005_r2.csv,/root/phd_thesis/Z_Synthetic_Family_Library_v2/waveforms/case_00674_dfig_like_slg_b_scr3.0_n0.005_r2.csv,dfig_like,slg_b,3.0,0.005,10000,50.0,5.98,6.04,5.997605810771011,1.0783216673629674,0.35,,,,0.003,0.012,1500.0,0.003739499889973687,0.38,0.15000000000000002,,,,
675,case_00675_dfig_like_slg_b_scr3.0_n0.005_r3.csv,/root/phd_thesis/Z_Synthetic_Family_Library_v2/waveforms/case_00675_dfig_like_slg_b_scr3.0_n0.005_r3.csv,dfig_like,slg_b,3.0,0.005,10000,50.0,5.98,6.04,5.999893976690618,1.0099811194016481,0.35,,,,0.003,0.012,1500.0,0.004124509966844294,0.38,0.15000000000000002,,,,
676,case_00676_dfig_like_slg_b_scr3.0_n0.005_r4.csv,/root/phd_thesis/Z_Synthetic_Family_Library_v2/waveforms/case_00676_dfig_like_slg_b_scr3.0_n0.005_r4.csv,dfig_like,slg_b,3.0,0.005,10000,50.0,5.98,6.04,5.998826603298026,1.0196474352753524,0.35,,,,0.003,0.012,1500.0,0.004166325868248049,0.38,0.15000000000000002,,,,
677,case_00677_dfig_like_slg_b_scr3.0_n0.005_r5.csv,/root/phd_thesis/Z_Synthetic_Family_Library_v2/waveforms/case_00677_dfig_like_slg_b_scr3.0_n0.005_r5.csv,dfig_like,slg_b,3.0,0.005,10000,50.0,5.98,6.04,5.998744967565009,1.0662177081684958,0.35,,,,0.003,0.012,1500.0,0.003763362758298422,0.38,0.15000000000000002,,,,
678,case_00678_dfig_like_slg_b_scr3.0_n0.005_r6.csv,/root/phd_thesis/Z_Synthetic_Family_Library_v2/waveforms/case_00678_dfig_like_slg_b_scr3.0_n0.005_r6.csv,dfig_like,slg_b,3.0,0.005,10000,50.0,5.98,6.04,5.998329100993531,1.0538409585311777,0.35,,,,0.003,0.012,1500.0,0.004097045350278366,0.38,0.15000000000000002,,,,
679,case_00679_dfig_like_slg_b_scr3.0_n0.010_r1.csv,/root/phd_thesis/Z_Synthetic_Family_Library_v2/waveforms/case_00679_dfig_like_slg_b_scr3.0_n0.010_r1.csv,dfig_like,slg_b,3.0,0.01,10000,50.0,5.98,6.04,5.998336860549947,1.0171630183782567,0.35,,,,0.003,0.012,1500.0,0.003719932367493458,0.38,0.15000000000000002,,,,
680,case_00680_dfig_like_slg_b_scr3.0_n0.010_r2.csv,/root/phd_thesis/Z_Synthetic_Family_Library_v2/waveforms/case_00680_dfig_like_slg_b_scr3.0_n0.010_r2.csv,dfig_like,slg_b,3.0,0.01,10000,50.0,5.98,6.04,5.999827076974158,1.0359061731830876,0.35,,,,0.003,0.012,1500.0,0.004006033539883394,0.38,0.15000000000000002,,,,
681,case_00681_dfig_like_slg_b_scr3.0_n0.010_r3.csv,/root/phd_thesis/Z_Synthetic_Family_Library_v2/waveforms/case_00681_dfig_like_slg_b_scr3.0_n0.010_r3.csv,dfig_like,slg_b,3.0,0.01,10000,50.0,5.98,6.04,5.9994357171495665,1.0396227489918,0.35,,,,0.003,0.012,1500.0,0.003756020234730817,0.38,0.15000000000000002,,,,
682,case_00682_dfig_like_slg_b_scr3.0_n0.010_r4.csv,/root/phd_thesis/Z_Synthetic_Family_Library_v2/waveforms/case_00682_dfig_like_slg_b_scr3.0_n0.010_r4.csv,dfig_like,slg_b,3.0,0.01,10000,50.0,5.98,6.04,6.000085203491832,1.0668554876990657,0.35,,,,0.003,0.012,1500.0,0.004097801751522884,0.38,0.15000000000000002,,,,
683,case_00683_dfig_like_slg_b_scr3.0_n0.010_r5.csv,/root/phd_thesis/Z_Synthetic_Family_Library_v2/waveforms/case_00683_dfig_like_slg_b_scr3.0_n0.010_r5.csv,dfig_like,slg_b,3.0,0.01,10000,50.0,5.98,6.04,5.999028518888075,1.0000773542136097,0.35,,,,0.003,0.012,1500.0,0.004241914315470557,0.38,0.15000000000000002,,,,
684,case_00684_dfig_like_slg_b_scr3.0_n0.010_r6.csv,/root/phd_thesis/Z_Synthetic_Family_Library_v2/waveforms/case_00684_dfig_like_slg_b_scr3.0_n0.010_r6.csv,dfig_like,slg_b,3.0,0.01,10000,50.0,5.98,6.04,5.999152947104691,1.0053381067347076,0.35,,,,0.003,0.012,1500.0,0.003933215801140595,0.38,0.15000000000000002,,,,
685,case_00685_dfig_like_slg_b_scr5.0_n0.002_r1.csv,/root/phd_thesis/Z_Synthetic_Family_Library_v2/waveforms/case_00685_dfig_like_slg_b_scr5.0_n0.002_r1.csv,dfig_like,slg_b,5.0,0.002,10000,50.0,5.98,6.04,5.999277485705949,1.0227181437610198,0.21,,,,0.0025199999999999997,0.0104,1666.6666666666667,0.0034290484657742435,0.324,0.13,,,,
686,case_00686_dfig_like_slg_b_scr5.0_n0.002_r2.csv,/root/phd_thesis/Z_Synthetic_Family_Library_v2/waveforms/case_00686_dfig_like_slg_b_scr5.0_n0.002_r2.csv,dfig_like,slg_b,5.0,0.002,10000,50.0,5.98,6.04,6.000396658280653,1.0207621625027332,0.21,,,,0.0025199999999999997,0.0104,1666.6666666666667,0.0034187284496660147,0.324,0.13,,,,
687,case_00687_dfig_like_slg_b_scr5.0_n0.002_r3.csv,/root/phd_thesis/Z_Synthetic_Family_Library_v2/waveforms/case_00687_dfig_like_slg_b_scr5.0_n0.002_r3.csv,dfig_like,slg_b,5.0,0.002,10000,50.0,5.98,6.04,5.997606191339909,1.0390063488663415,0.21,,,,0.0025199999999999997,0.0104,1666.6666666666667,0.003472929531780712,0.324,0.13,,,,
688,case_00688_dfig_like_slg_b_scr5.0_n0.002_r4.csv,/root/phd_thesis/Z_Synthetic_Family_Library_v2/waveforms/case_00688_dfig_like_slg_b_scr5.0_n0.002_r4.csv,dfig_like,slg_b,5.0,0.002,10000,50.0,5.98,6.04,6.000284884168644,1.065796761748269,0.21,,,,0.0025199999999999997,0.0104,1666.6666666666667,0.0035390515847991658,0.324,0.13,,,,
689,case_00689_dfig_like_slg_b_scr5.0_n0.002_r5.csv,/root/phd_thesis/Z_Synthetic_Family_Library_v2/waveforms/case_00689_dfig_like_slg_b_scr5.0_n0.002_r5.csv,dfig_like,slg_b,5.0,0.002,10000,50.0,5.98,6.04,6.0000360251676685,1.0650491560812196,0.21,,,,0.0025199999999999997,0.0104,1666.6666666666667,0.003395168326419905,0.324,0.13,,,,
690,case_00690_dfig_like_slg_b_scr5.0_n0.002_r6.csv,/root/phd_thesis/Z_Synthetic_Family_Library_v2/waveforms/case_00690_dfig_like_slg_b_scr5.0_n0.002_r6.csv,dfig_like,slg_b,5.0,0.002,10000,50.0,5.98,6.04,5.998025104895016,1.0272522839393494,0.21,,,,0.0025199999999999997,0.0104,1666.6666666666667,0.00358619635058907,0.324,0.13,,,,
691,case_00691_dfig_like_slg_b_scr5.0_n0.005_r1.csv,/root/phd_thesis/Z_Synthetic_Family_Library_v2/waveforms/case_00691_dfig_like_slg_b_scr5.0_n0.005_r1.csv,dfig_like,slg_b,5.0,0.005,10000,50.0,5.98,6.04,5.999616288093816,1.0685880919426853,0.21,,,,0.0025199999999999997,0.0104,1666.6666666666667,0.003713227294846661,0.324,0.13,,,,
692,case_00692_dfig_like_slg_b_scr5.0_n0.005_r2.csv,/root/phd_thesis/Z_Synthetic_Family_Library_v2/waveforms/case_00692_dfig_like_slg_b_scr5.0_n0.005_r2.csv,dfig_like,slg_b,5.0,0.005,10000,50.0,5.98,6.04,5.998962761297133,1.0062168994750924,0.21,,,,0.0025199999999999997,0.0104,1666.6666666666667,0.0037089279282991323,0.324,0.13,,,,
693,case_00693_dfig_like_slg_b_scr5.0_n0.005_r3.csv,/root/phd_thesis/Z_Synthetic_Family_Library_v2/waveforms/case_00693_dfig_like_slg_b_scr5.0_n0.005_r3.csv,dfig_like,slg_b,5.0,0.005,10000,50.0,5.98,6.04,5.999927505568588,1.0239090520572742,0.21,,,,0.0025199999999999997,0.0104,1666.6666666666667,0.0036528901362864515,0.324,0.13,,,,
694,case_00694_dfig_like_slg_b_scr5.0_n0.005_r4.csv,/root/phd_thesis/Z_Synthetic_Family_Library_v2/waveforms/case_00694_dfig_like_slg_b_scr5.0_n0.005_r4.csv,dfig_like,slg_b,5.0,0.005,10000,50.0,5.98,6.04,5.997600941149658,1.0150142837690777,0.21,,,,0.0025199999999999997,0.0104,1666.6666666666667,0.003274389562318621,0.324,0.13,,,,
695,case_00695_dfig_like_slg_b_scr5.0_n0.005_r5.csv,/root/phd_thesis/Z_Synthetic_Family_Library_v2/waveforms/case_00695_dfig_like_slg_b_scr5.0_n0.005_r5.csv,dfig_like,slg_b,5.0,0.005,10000,50.0,5.98,6.04,5.998553929265267,1.0559819424359287,0.21,,,,0.0025199999999999997,0.0104,1666.6666666666667,0.003281066263262836,0.324,0.13,,,,
696,case_00696_dfig_like_slg_b_scr5.0_n0.005_r6.csv,/root/phd_thesis/Z_Synthetic_Family_Library_v2/waveforms/case_00696_dfig_like_slg_b_scr5.0_n0.005_r6.csv,dfig_like,slg_b,5.0,0.005,10000,50.0,5.98,6.04,5.9982938956526,1.0329010359037165,0.21,,,,0.0025199999999999997,0.0104,1666.6666666666667,0.0034361629082652265,0.324,0.13,,,,
697,case_00697_dfig_like_slg_b_scr5.0_n0.010_r1.csv,/root/phd_thesis/Z_Synthetic_Family_Library_v2/waveforms/case_00697_dfig_like_slg_b_scr5.0_n0.010_r1.csv,dfig_like,slg_b,5.0,0.01,10000,50.0,5.98,6.04,5.998724093724621,1.041359988434289,0.21,,,,0.0025199999999999997,0.0104,1666.6666666666667,0.003657361316284257,0.324,0.13,,,,
698,case_00698_dfig_like_slg_b_scr5.0_n0.010_r2.csv,/root/phd_thesis/Z_Synthetic_Family_Library_v2/waveforms/case_00698_dfig_like_slg_b_scr5.0_n0.010_r2.csv,dfig_like,slg_b,5.0,0.01,10000,50.0,5.98,6.04,5.999389401978461,1.0694991818077058,0.21,,,,0.0025199999999999997,0.0104,1666.6666666666667,0.003724656586452474,0.324,0.13,,,,
699,case_00699_dfig_like_slg_b_scr5.0_n0.010_r3.csv,/root/phd_thesis/Z_Synthetic_Family_Library_v2/waveforms/case_00699_dfig_like_slg_b_scr5.0_n0.010_r3.csv,dfig_like,slg_b,5.0,0.01,10000,50.0,5.98,6.04,5.9975289568344206,1.0777003662397509,0.21,,,,0.0025199999999999997,0.0104,1666.6666666666667,0.0037492623564547548,0.324,0.13,,,,
700,case_00700_dfig_like_slg_b_scr5.0_n0.010_r4.csv,/root/phd_thesis/Z_Synthetic_Family_Library_v2/waveforms/case_00700_dfig_like_slg_b_scr5.0_n0.010_r4.csv,dfig_like,slg_b,5.0,0.01,10000,50.0,5.98,6.04,5.998867864040321,1.0299072195140522,0.21,,,,0.0025199999999999997,0.0104,1666.6666666666667,0.003426574047180017,0.324,0.13,,,,
701,case_00701_dfig_like_slg_b_scr5.0_n0.010_r5.csv,/root/phd_thesis/Z_Synthetic_Family_Library_v2/waveforms/case_00701_dfig_like_slg_b_scr5.0_n0.010_r5.csv,dfig_like,slg_b,5.0,0.01,10000,50.0,5.98,6.04,5.999428639709428,1.0186092143298922,0.21,,,,0.0025199999999999997,0.0104,1666.6666666666667,0.003465741294306538,0.324,0.13,,,,
702,case_00702_dfig_like_slg_b_scr5.0_n0.010_r6.csv,/root/phd_thesis/Z_Synthetic_Family_Library_v2/waveforms/case_00702_dfig_like_slg_b_scr5.0_n0.010_r6.csv,dfig_like,slg_b,5.0,0.01,10000,50.0,5.98,6.04,5.9992173291621524,1.0269758921480667,0.21,,,,0.0025199999999999997,0.0104,1666.6666666666667,0.0033328978983778886,0.324,0.13,,,,
703,case_00703_dfig_like_slg_b_scr8.0_n0.002_r1.csv,/root/phd_thesis/Z_Synthetic_Family_Library_v2/waveforms/case_00703_dfig_like_slg_b_scr8.0_n0.002_r1.csv,dfig_like,slg_b,8.0,0.002,10000,50.0,5.98,6.04,6.000471317200628,1.0457215076330924,0.13999999999999999,,,,0.00225,0.0095,1916.6666666666665,0.003483859746971529,0.2925,0.11875000000000001,,,,
704,case_00704_dfig_like_slg_b_scr8.0_n0.002_r2.csv,/root/phd_thesis/Z_Synthetic_Family_Library_v2/waveforms/case_00704_dfig_like_slg_b_scr8.0_n0.002_r2.csv,dfig_like,slg_b,8.0,0.002,10000,50.0,5.98,6.04,5.998064099970963,1.0621776720892575,0.13999999999999999,,,,0.00225,0.0095,1916.6666666666665,0.0035158407806792887,0.2925,0.11875000000000001,,,,
705,case_00705_dfig_like_slg_b_scr8.0_n0.002_r3.csv,/root/phd_thesis/Z_Synthetic_Family_Library_v2/waveforms/case_00705_dfig_like_slg_b_scr8.0_n0.002_r3.csv,dfig_like,slg_b,8.0,0.002,10000,50.0,5.98,6.04,5.999947837484845,1.0204132105177277,0.13999999999999999,,,,0.00225,0.0095,1916.6666666666665,0.003211962582445666,0.2925,0.11875000000000001,,,,
706,case_00706_dfig_like_slg_b_scr8.0_n0.002_r4.csv,/root/phd_thesis/Z_Synthetic_Family_Library_v2/waveforms/case_00706_dfig_like_slg_b_scr8.0_n0.002_r4.csv,dfig_like,slg_b,8.0,0.002,10000,50.0,5.98,6.04,5.9999857747857535,1.0716516744865803,0.13999999999999999,,,,0.00225,0.0095,1916.6666666666665,0.002967515083832002,0.2925,0.11875000000000001,,,,
707,case_00707_dfig_like_slg_b_scr8.0_n0.002_r5.csv,/root/phd_thesis/Z_Synthetic_Family_Library_v2/waveforms/case_00707_dfig_like_slg_b_scr8.0_n0.002_r5.csv,dfig_like,slg_b,8.0,0.002,10000,50.0,5.98,6.04,5.998797070288292,1.063184327964688,0.13999999999999999,,,,0.00225,0.0095,1916.6666666666665,0.003182888111880253,0.2925,0.11875000000000001,,,,
708,case_00708_dfig_like_slg_b_scr8.0_n0.002_r6.csv,/root/phd_thesis/Z_Synthetic_Family_Library_v2/waveforms/case_00708_dfig_like_slg_b_scr8.0_n0.002_r6.csv,dfig_like,slg_b,8.0,0.002,10000,50.0,5.98,6.04,6.000192508434339,1.0519507060762496,0.13999999999999999,,,,0.00225,0.0095,1916.6666666666665,0.003146759778904548,0.2925,0.11875000000000001,,,,
709,case_00709_dfig_like_slg_b_scr8.0_n0.005_r1.csv,/root/phd_thesis/Z_Synthetic_Family_Library_v2/waveforms/case_00709_dfig_like_slg_b_scr8.0_n0.005_r1.csv,dfig_like,slg_b,8.0,0.005,10000,50.0,5.98,6.04,5.997619112649857,1.0747747729126749,0.13999999999999999,,,,0.00225,0.0095,1916.6666666666665,0.003247901834687427,0.2925,0.11875000000000001,,,,
710,case_00710_dfig_like_slg_b_scr8.0_n0.005_r2.csv,/root/phd_thesis/Z_Synthetic_Family_Library_v2/waveforms/case_00710_dfig_like_slg_b_scr8.0_n0.005_r2.csv,dfig_like,slg_b,8.0,0.005,10000,50.0,5.98,6.04,5.997775067778958,1.035795980322362,0.13999999999999999,,,,0.00225,0.0095,1916.6666666666665,0.0031384432235512703,0.2925,0.11875000000000001,,,,
711,case_00711_dfig_like_slg_b_scr8.0_n0.005_r3.csv,/root/phd_thesis/Z_Synthetic_Family_Library_v2/waveforms/case_00711_dfig_like_slg_b_scr8.0_n0.005_r3.csv,dfig_like,slg_b,8.0,0.005,10000,50.0,5.98,6.04,5.998989103165948,1.0426691607525163,0.13999999999999999,,,,0.00225,0.0095,1916.6666666666665,0.0031108061197905627,0.2925,0.11875000000000001,,,,
712,case_00712_dfig_like_slg_b_scr8.0_n0.005_r4.csv,/root/phd_thesis/Z_Synthetic_Family_Library_v2/waveforms/case_00712_dfig_like_slg_b_scr8.0_n0.005_r4.csv,dfig_like,slg_b,8.0,0.005,10000,50.0,5.98,6.04,6.000325501293716,1.0569644299879406,0.13999999999999999,,,,0.00225,0.0095,1916.6666666666665,0.003298059776406978,0.2925,0.11875000000000001,,,,
713,case_00713_dfig_like_slg_b_scr8.0_n0.005_r5.csv,/root/phd_thesis/Z_Synthetic_Family_Library_v2/waveforms/case_00713_dfig_like_slg_b_scr8.0_n0.005_r5.csv,dfig_like,slg_b,8.0,0.005,10000,50.0,5.98,6.04,5.998260247894391,1.077166607227641,0.13999999999999999,,,,0.00225,0.0095,1916.6666666666665,0.003495705511508336,0.2925,0.11875000000000001,,,,
714,case_00714_dfig_like_slg_b_scr8.0_n0.005_r6.csv,/root/phd_thesis/Z_Synthetic_Family_Library_v2/waveforms/case_00714_dfig_like_slg_b_scr8.0_n0.005_r6.csv,dfig_like,slg_b,8.0,0.005,10000,50.0,5.98,6.04,5.998853705328441,1.07506908482787,0.13999999999999999,,,,0.00225,0.0095,1916.6666666666665,0.0034970791946303034,0.2925,0.11875000000000001,,,,
715,case_00715_dfig_like_slg_b_scr8.0_n0.010_r1.csv,/root/phd_thesis/Z_Synthetic_Family_Library_v2/waveforms/case_00715_dfig_like_slg_b_scr8.0_n0.010_r1.csv,dfig_like,slg_b,8.0,0.01,10000,50.0,5.98,6.04,5.998734040858047,1.045630208351553,0.13999999999999999,,,,0.00225,0.0095,1916.6666666666665,0.0033718423170623693,0.2925,0.11875000000000001,,,,
716,case_00716_dfig_like_slg_b_scr8.0_n0.010_r2.csv,/root/phd_thesis/Z_Synthetic_Family_Library_v2/waveforms/case_00716_dfig_like_slg_b_scr8.0_n0.010_r2.csv,dfig_like,slg_b,8.0,0.01,10000,50.0,5.98,6.04,5.9995980225057,1.0465325801646115,0.13999999999999999,,,,0.00225,0.0095,1916.6666666666665,0.003548794664802636,0.2925,0.11875000000000001,,,,
717,case_00717_dfig_like_slg_b_scr8.0_n0.010_r3.csv,/root/phd_thesis/Z_Synthetic_Family_Library_v2/waveforms/case_00717_dfig_like_slg_b_scr8.0_n0.010_r3.csv,dfig_like,slg_b,8.0,0.01,10000,50.0,5.98,6.04,5.998480028632392,1.0100548081926848,0.13999999999999999,,,,0.00225,0.0095,1916.6666666666665,0.0029897744442874876,0.2925,0.11875000000000001,,,,
718,case_00718_dfig_like_slg_b_scr8.0_n0.010_r4.csv,/root/phd_thesis/Z_Synthetic_Family_Library_v2/waveforms/case_00718_dfig_like_slg_b_scr8.0_n0.010_r4.csv,dfig_like,slg_b,8.0,0.01,10000,50.0,5.98,6.04,5.998647016497723,1.0004901873367595,0.13999999999999999,,,,0.00225,0.0095,1916.6666666666665,0.0031045782056837896,0.2925,0.11875000000000001,,,,
719,case_00719_dfig_like_slg_b_scr8.0_n0.010_r5.csv,/root/phd_thesis/Z_Synthetic_Family_Library_v2/waveforms/case_00719_dfig_like_slg_b_scr8.0_n0.010_r5.csv,dfig_like,slg_b,8.0,0.01,10000,50.0,5.98,6.04,5.998499858803001,1.0797490161146632,0.13999999999999999,,,,0.00225,0.0095,1916.6666666666665,0.0034884254856148173,0.2925,0.11875000000000001,,,,
720,case_00720_dfig_like_slg_b_scr8.0_n0.010_r6.csv,/root/phd_thesis/Z_Synthetic_Family_Library_v2/waveforms/case_00720_dfig_like_slg_b_scr8.0_n0.010_r6.csv,dfig_like,slg_b,8.0,0.01,10000,50.0,5.98,6.04,5.997604126696691,1.06302635093641,0.13999999999999999,,,,0.00225,0.0095,1916.6666666666665,0.0029779103839163686,0.2925,0.11875000000000001,,,,
721,case_00721_dfig_like_slg_c_scr2.0_n0.002_r1.csv,/root/phd_thesis/Z_Synthetic_Family_Library_v2/waveforms/case_00721_dfig_like_slg_c_scr2.0_n0.002_r1.csv,dfig_like,slg_c,2.0,0.002,10000,50.0,5.98,6.04,5.9984472411271,1.0610880346365221,0.5249999999999999,,,,0.0036,0.014,1416.6666666666667,0.004303737582760365,0.45,0.17500000000000002,,,,
722,case_00722_dfig_like_slg_c_scr2.0_n0.002_r2.csv,/root/phd_thesis/Z_Synthetic_Family_Library_v2/waveforms/case_00722_dfig_like_slg_c_scr2.0_n0.002_r2.csv,dfig_like,slg_c,2.0,0.002,10000,50.0,5.98,6.04,5.99763044622279,1.0001201443041314,0.5249999999999999,,,,0.0036,0.014,1416.6666666666667,0.004311695992914008,0.45,0.17500000000000002,,,,
723,case_00723_dfig_like_slg_c_scr2.0_n0.002_r3.csv,/root/phd_thesis/Z_Synthetic_Family_Library_v2/waveforms/case_00723_dfig_like_slg_c_scr2.0_n0.002_r3.csv,dfig_like,slg_c,2.0,0.002,10000,50.0,5.98,6.04,5.997778971057279,1.0436720567069038,0.5249999999999999,,,,0.0036,0.014,1416.6666666666667,0.004393593208875649,0.45,0.17500000000000002,,,,
724,case_00724_dfig_like_slg_c_scr2.0_n0.002_r4.csv,/root/phd_thesis/Z_Synthetic_Family_Library_v2/waveforms/case_00724_dfig_like_slg_c_scr2.0_n0.002_r4.csv,dfig_like,slg_c,2.0,0.002,10000,50.0,5.98,6.04,5.9989481710900465,1.0066134941121714,0.5249999999999999,,,,0.0036,0.014,1416.6666666666667,0.004882942790418952,0.45,0.17500000000000002,,,,
725,case_00725_dfig_like_slg_c_scr2.0_n0.002_r5.csv,/root/phd_thesis/Z_Synthetic_Family_Library_v2/waveforms/case_00725_dfig_like_slg_c_scr2.0_n0.002_r5.csv,dfig_like,slg_c,2.0,0.002,10000,50.0,5.98,6.04,5.99757087288856,1.002382625098692,0.5249999999999999,,,,0.0036,0.014,1416.6666666666667,0.0048055957961284064,0.45,0.17500000000000002,,,,
726,case_00726_dfig_like_slg_c_scr2.0_n0.002_r6.csv,/root/phd_thesis/Z_Synthetic_Family_Library_v2/waveforms/case_00726_dfig_like_slg_c_scr2.0_n0.002_r6.csv,dfig_like,slg_c,2.0,0.002,10000,50.0,5.98,6.04,5.998342257409882,1.0760622629263477,0.5249999999999999,,,,0.0036,0.014,1416.6666666666667,0.00483943462565893,0.45,0.17500000000000002,,,,
727,case_00727_dfig_like_slg_c_scr2.0_n0.005_r1.csv,/root/phd_thesis/Z_Synthetic_Family_Library_v2/waveforms/case_00727_dfig_like_slg_c_scr2.0_n0.005_r1.csv,dfig_like,slg_c,2.0,0.005,10000,50.0,5.98,6.04,5.998362210720555,1.0359757922195396,0.5249999999999999,,,,0.0036,0.014,1416.6666666666667,0.004790405315847774,0.45,0.17500000000000002,,,,
728,case_00728_dfig_like_slg_c_scr2.0_n0.005_r2.csv,/root/phd_thesis/Z_Synthetic_Family_Library_v2/waveforms/case_00728_dfig_like_slg_c_scr2.0_n0.005_r2.csv,dfig_like,slg_c,2.0,0.005,10000,50.0,5.98,6.04,5.998939449402475,1.0293581122243676,0.5249999999999999,,,,0.0036,0.014,1416.6666666666667,0.004565795181037088,0.45,0.17500000000000002,,,,
729,case_00729_dfig_like_slg_c_scr2.0_n0.005_r3.csv,/root/phd_thesis/Z_Synthetic_Family_Library_v2/waveforms/case_00729_dfig_like_slg_c_scr2.0_n0.005_r3.csv,dfig_like,slg_c,2.0,0.005,10000,50.0,5.98,6.04,5.999901934280343,1.0268610374063023,0.5249999999999999,,,,0.0036,0.014,1416.6666666666667,0.004810768974440728,0.45,0.17500000000000002,,,,
730,case_00730_dfig_like_slg_c_scr2.0_n0.005_r4.csv,/root/phd_thesis/Z_Synthetic_Family_Library_v2/waveforms/case_00730_dfig_like_slg_c_scr2.0_n0.005_r4.csv,dfig_like,slg_c,2.0,0.005,10000,50.0,5.98,6.04,5.999893036162859,1.0185489715879905,0.5249999999999999,,,,0.0036,0.014,1416.6666666666667,0.004576392455217987,0.45,0.17500000000000002,,,,
731,case_00731_dfig_like_slg_c_scr2.0_n0.005_r5.csv,/root/phd_thesis/Z_Synthetic_Family_Library_v2/waveforms/case_00731_dfig_like_slg_c_scr2.0_n0.005_r5.csv,dfig_like,slg_c,2.0,0.005,10000,50.0,5.98,6.04,5.998518757126016,1.0383803150319326,0.5249999999999999,,,,0.0036,0.014,1416.6666666666667,0.004867334857709905,0.45,0.17500000000000002,,,,
732,case_00732_dfig_like_slg_c_scr2.0_n0.005_r6.csv,/root/phd_thesis/Z_Synthetic_Family_Library_v2/waveforms/case_00732_dfig_like_slg_c_scr2.0_n0.005_r6.csv,dfig_like,slg_c,2.0,0.005,10000,50.0,5.98,6.04,5.999285590894663,1.0258754301729684,0.5249999999999999,,,,0.0036,0.014,1416.6666666666667,0.00448488189438465,0.45,0.17500000000000002,,,,
733,case_00733_dfig_like_slg_c_scr2.0_n0.010_r1.csv,/root/phd_thesis/Z_Synthetic_Family_Library_v2/waveforms/case_00733_dfig_like_slg_c_scr2.0_n0.010_r1.csv,dfig_like,slg_c,2.0,0.01,10000,50.0,5.98,6.04,5.999438331329749,1.0146183810667542,0.5249999999999999,,,,0.0036,0.014,1416.6666666666667,0.00465210787414234,0.45,0.17500000000000002,,,,
734,case_00734_dfig_like_slg_c_scr2.0_n0.010_r2.csv,/root/phd_thesis/Z_Synthetic_Family_Library_v2/waveforms/case_00734_dfig_like_slg_c_scr2.0_n0.010_r2.csv,dfig_like,slg_c,2.0,0.01,10000,50.0,5.98,6.04,6.0002431184649545,1.0796313511397433,0.5249999999999999,,,,0.0036,0.014,1416.6666666666667,0.004610202263165336,0.45,0.17500000000000002,,,,
735,case_00735_dfig_like_slg_c_scr2.0_n0.010_r3.csv,/root/phd_thesis/Z_Synthetic_Family_Library_v2/waveforms/case_00735_dfig_like_slg_c_scr2.0_n0.010_r3.csv,dfig_like,slg_c,2.0,0.01,10000,50.0,5.98,6.04,5.999383666875359,1.0726150275658426,0.5249999999999999,,,,0.0036,0.014,1416.6666666666667,0.004356253835676642,0.45,0.17500000000000002,,,,
736,case_00736_dfig_like_slg_c_scr2.0_n0.010_r4.csv,/root/phd_thesis/Z_Synthetic_Family_Library_v2/waveforms/case_00736_dfig_like_slg_c_scr2.0_n0.010_r4.csv,dfig_like,slg_c,2.0,0.01,10000,50.0,5.98,6.04,5.999141057599536,1.0567722585306318,0.5249999999999999,,,,0.0036,0.014,1416.6666666666667,0.004784969283465786,0.45,0.17500000000000002,,,,
737,case_00737_dfig_like_slg_c_scr2.0_n0.010_r5.csv,/root/phd_thesis/Z_Synthetic_Family_Library_v2/waveforms/case_00737_dfig_like_slg_c_scr2.0_n0.010_r5.csv,dfig_like,slg_c,2.0,0.01,10000,50.0,5.98,6.04,6.000150044000454,1.0235459430852856,0.5249999999999999,,,,0.0036,0.014,1416.6666666666667,0.004324179663506134,0.45,0.17500000000000002,,,,
738,case_00738_dfig_like_slg_c_scr2.0_n0.010_r6.csv,/root/phd_thesis/Z_Synthetic_Family_Library_v2/waveforms/case_00738_dfig_like_slg_c_scr2.0_n0.010_r6.csv,dfig_like,slg_c,2.0,0.01,10000,50.0,5.98,6.04,5.998669570823674,1.0237084488018766,0.5249999999999999,,,,0.0036,0.014,1416.6666666666667,0.00476324334793493,0.45,0.17500000000000002,,,,
739,case_00739_dfig_like_slg_c_scr3.0_n0.002_r1.csv,/root/phd_thesis/Z_Synthetic_Family_Library_v2/waveforms/case_00739_dfig_like_slg_c_scr3.0_n0.002_r1.csv,dfig_like,slg_c,3.0,0.002,10000,50.0,5.98,6.04,5.998853618994706,1.030650018866592,0.35,,,,0.003,0.012,1500.0,0.003798002745872342,0.38,0.15000000000000002,,,,
740,case_00740_dfig_like_slg_c_scr3.0_n0.002_r2.csv,/root/phd_thesis/Z_Synthetic_Family_Library_v2/waveforms/case_00740_dfig_like_slg_c_scr3.0_n0.002_r2.csv,dfig_like,slg_c,3.0,0.002,10000,50.0,5.98,6.04,5.999292737525841,1.0557929014758676,0.35,,,,0.003,0.012,1500.0,0.0039516185732886375,0.38,0.15000000000000002,,,,
741,case_00741_dfig_like_slg_c_scr3.0_n0.002_r3.csv,/root/phd_thesis/Z_Synthetic_Family_Library_v2/waveforms/case_00741_dfig_like_slg_c_scr3.0_n0.002_r3.csv,dfig_like,slg_c,3.0,0.002,10000,50.0,5.98,6.04,5.9996834228463385,1.0301364779952435,0.35,,,,0.003,0.012,1500.0,0.004057970439742719,0.38,0.15000000000000002,,,,
742,case_00742_dfig_like_slg_c_scr3.0_n0.002_r4.csv,/root/phd_thesis/Z_Synthetic_Family_Library_v2/waveforms/case_00742_dfig_like_slg_c_scr3.0_n0.002_r4.csv,dfig_like,slg_c,3.0,0.002,10000,50.0,5.98,6.04,5.997588649373836,1.0337554298083764,0.35,,,,0.003,0.012,1500.0,0.003983135337723748,0.38,0.15000000000000002,,,,
743,case_00743_dfig_like_slg_c_scr3.0_n0.002_r5.csv,/root/phd_thesis/Z_Synthetic_Family_Library_v2/waveforms/case_00743_dfig_like_slg_c_scr3.0_n0.002_r5.csv,dfig_like,slg_c,3.0,0.002,10000,50.0,5.98,6.04,5.998250765951136,1.0394562363971982,0.35,,,,0.003,0.012,1500.0,0.004128652140788551,0.38,0.15000000000000002,,,,
744,case_00744_dfig_like_slg_c_scr3.0_n0.002_r6.csv,/root/phd_thesis/Z_Synthetic_Family_Library_v2/waveforms/case_00744_dfig_like_slg_c_scr3.0_n0.002_r6.csv,dfig_like,slg_c,3.0,0.002,10000,50.0,5.98,6.04,5.998423641917621,1.073531027328588,0.35,,,,0.003,0.012,1500.0,0.0042713801315428755,0.38,0.15000000000000002,,,,
745,case_00745_dfig_like_slg_c_scr3.0_n0.005_r1.csv,/root/phd_thesis/Z_Synthetic_Family_Library_v2/waveforms/case_00745_dfig_like_slg_c_scr3.0_n0.005_r1.csv,dfig_like,slg_c,3.0,0.005,10000,50.0,5.98,6.04,5.999877871117004,1.0711288211196264,0.35,,,,0.003,0.012,1500.0,0.004043965140340209,0.38,0.15000000000000002,,,,
746,case_00746_dfig_like_slg_c_scr3.0_n0.005_r2.csv,/root/phd_thesis/Z_Synthetic_Family_Library_v2/waveforms/case_00746_dfig_like_slg_c_scr3.0_n0.005_r2.csv,dfig_like,slg_c,3.0,0.005,10000,50.0,5.98,6.04,5.9993828142614785,1.0007608969020854,0.35,,,,0.003,0.012,1500.0,0.003987463611721548,0.38,0.15000000000000002,,,,
747,case_00747_dfig_like_slg_c_scr3.0_n0.005_r3.csv,/root/phd_thesis/Z_Synthetic_Family_Library_v2/waveforms/case_00747_dfig_like_slg_c_scr3.0_n0.005_r3.csv,dfig_like,slg_c,3.0,0.005,10000,50.0,5.98,6.04,5.997762795443425,1.0035552334051392,0.35,,,,0.003,0.012,1500.0,0.003798376768459754,0.38,0.15000000000000002,,,,
748,case_00748_dfig_like_slg_c_scr3.0_n0.005_r4.csv,/root/phd_thesis/Z_Synthetic_Family_Library_v2/waveforms/case_00748_dfig_like_slg_c_scr3.0_n0.005_r4.csv,dfig_like,slg_c,3.0,0.005,10000,50.0,5.98,6.04,5.997952500102266,1.0078854564426103,0.35,,,,0.003,0.012,1500.0,0.003990517375171471,0.38,0.15000000000000002,,,,
749,case_00749_dfig_like_slg_c_scr3.0_n0.005_r5.csv,/root/phd_thesis/Z_Synthetic_Family_Library_v2/waveforms/case_00749_dfig_like_slg_c_scr3.0_n0.005_r5.csv,dfig_like,slg_c,3.0,0.005,10000,50.0,5.98,6.04,5.998922764020648,1.0681725840958445,0.35,,,,0.003,0.012,1500.0,0.0037132844950573105,0.38,0.15000000000000002,,,,
750,case_00750_dfig_like_slg_c_scr3.0_n0.005_r6.csv,/root/phd_thesis/Z_Synthetic_Family_Library_v2/waveforms/case_00750_dfig_like_slg_c_scr3.0_n0.005_r6.csv,dfig_like,slg_c,3.0,0.005,10000,50.0,5.98,6.04,6.0000950722754745,1.0219830265700265,0.35,,,,0.003,0.012,1500.0,0.004179721401707495,0.38,0.15000000000000002,,,,
751,case_00751_dfig_like_slg_c_scr3.0_n0.010_r1.csv,/root/phd_thesis/Z_Synthetic_Family_Library_v2/waveforms/case_00751_dfig_like_slg_c_scr3.0_n0.010_r1.csv,dfig_like,slg_c,3.0,0.01,10000,50.0,5.98,6.04,5.999541658929834,1.0725665276686036,0.35,,,,0.003,0.012,1500.0,0.003820255304256591,0.38,0.15000000000000002,,,,
752,case_00752_dfig_like_slg_c_scr3.0_n0.010_r2.csv,/root/phd_thesis/Z_Synthetic_Family_Library_v2/waveforms/case_00752_dfig_like_slg_c_scr3.0_n0.010_r2.csv,dfig_like,slg_c,3.0,0.01,10000,50.0,5.98,6.04,5.999976720293059,1.0732050268270041,0.35,,,,0.003,0.012,1500.0,0.004190999760373877,0.38,0.15000000000000002,,,,
753,case_00753_dfig_like_slg_c_scr3.0_n0.010_r3.csv,/root/phd_thesis/Z_Synthetic_Family_Library_v2/waveforms/case_00753_dfig_like_slg_c_scr3.0_n0.010_r3.csv,dfig_like,slg_c,3.0,0.01,10000,50.0,5.98,6.04,5.997874525906668,1.049557202082892,0.35,,,,0.003,0.012,1500.0,0.004248363476253391,0.38,0.15000000000000002,,,,
754,case_00754_dfig_like_slg_c_scr3.0_n0.010_r4.csv,/root/phd_thesis/Z_Synthetic_Family_Library_v2/waveforms/case_00754_dfig_like_slg_c_scr3.0_n0.010_r4.csv,dfig_like,slg_c,3.0,0.01,10000,50.0,5.98,6.04,5.99926013554549,1.0194808800103834,0.35,,,,0.003,0.012,1500.0,0.0042893348311951,0.38,0.15000000000000002,,,,
755,case_00755_dfig_like_slg_c_scr3.0_n0.010_r5.csv,/root/phd_thesis/Z_Synthetic_Family_Library_v2/waveforms/case_00755_dfig_like_slg_c_scr3.0_n0.010_r5.csv,dfig_like,slg_c,3.0,0.01,10000,50.0,5.98,6.04,5.9983936617691205,1.0268260993552407,0.35,,,,0.003,0.012,1500.0,0.004263089545115877,0.38,0.15000000000000002,,,,
756,case_00756_dfig_like_slg_c_scr3.0_n0.010_r6.csv,/root/phd_thesis/Z_Synthetic_Family_Library_v2/waveforms/case_00756_dfig_like_slg_c_scr3.0_n0.010_r6.csv,dfig_like,slg_c,3.0,0.01,10000,50.0,5.98,6.04,5.999107129960996,1.0590468153148658,0.35,,,,0.003,0.012,1500.0,0.004136257522240663,0.38,0.15000000000000002,,,,
757,case_00757_dfig_like_slg_c_scr5.0_n0.002_r1.csv,/root/phd_thesis/Z_Synthetic_Family_Library_v2/waveforms/case_00757_dfig_like_slg_c_scr5.0_n0.002_r1.csv,dfig_like,slg_c,5.0,0.002,10000,50.0,5.98,6.04,5.997521712934451,1.0577863457571535,0.21,,,,0.0025199999999999997,0.0104,1666.6666666666667,0.003245669999589082,0.324,0.13,,,,
758,case_00758_dfig_like_slg_c_scr5.0_n0.002_r2.csv,/root/phd_thesis/Z_Synthetic_Family_Library_v2/waveforms/case_00758_dfig_like_slg_c_scr5.0_n0.002_r2.csv,dfig_like,slg_c,5.0,0.002,10000,50.0,5.98,6.04,5.998936620367709,1.0525981974670908,0.21,,,,0.0025199999999999997,0.0104,1666.6666666666667,0.0038043967935325754,0.324,0.13,,,,
759,case_00759_dfig_like_slg_c_scr5.0_n0.002_r3.csv,/root/phd_thesis/Z_Synthetic_Family_Library_v2/waveforms/case_00759_dfig_like_slg_c_scr5.0_n0.002_r3.csv,dfig_like,slg_c,5.0,0.002,10000,50.0,5.98,6.04,5.997710280208974,1.0608331826929165,0.21,,,,0.0025199999999999997,0.0104,1666.6666666666667,0.0036498992148996123,0.324,0.13,,,,
760,case_00760_dfig_like_slg_c_scr5.0_n0.002_r4.csv,/root/phd_thesis/Z_Synthetic_Family_Library_v2/waveforms/case_00760_dfig_like_slg_c_scr5.0_n0.002_r4.csv,dfig_like,slg_c,5.0,0.002,10000,50.0,5.98,6.04,5.998607134725072,1.0335615125266469,0.21,,,,0.0025199999999999997,0.0104,1666.6666666666667,0.0035228809359166818,0.324,0.13,,,,
761,case_00761_dfig_like_slg_c_scr5.0_n0.002_r5.csv,/root/phd_thesis/Z_Synthetic_Family_Library_v2/waveforms/case_00761_dfig_like_slg_c_scr5.0_n0.002_r5.csv,dfig_like,slg_c,5.0,0.002,10000,50.0,5.98,6.04,6.000008169119065,1.0636996612628304,0.21,,,,0.0025199999999999997,0.0104,1666.6666666666667,0.0037770319129035554,0.324,0.13,,,,
762,case_00762_dfig_like_slg_c_scr5.0_n0.002_r6.csv,/root/phd_thesis/Z_Synthetic_Family_Library_v2/waveforms/case_00762_dfig_like_slg_c_scr5.0_n0.002_r6.csv,dfig_like,slg_c,5.0,0.002,10000,50.0,5.98,6.04,5.9990391337912365,1.034096957940938,0.21,,,,0.0025199999999999997,0.0104,1666.6666666666667,0.003602578206605271,0.324,0.13,,,,
763,case_00763_dfig_like_slg_c_scr5.0_n0.005_r1.csv,/root/phd_thesis/Z_Synthetic_Family_Library_v2/waveforms/case_00763_dfig_like_slg_c_scr5.0_n0.005_r1.csv,dfig_like,slg_c,5.0,0.005,10000,50.0,5.98,6.04,5.997966142345974,1.0017248276013213,0.21,,,,0.0025199999999999997,0.0104,1666.6666666666667,0.0036606564513953386,0.324,0.13,,,,
764,case_00764_dfig_like_slg_c_scr5.0_n0.005_r2.csv,/root/phd_thesis/Z_Synthetic_Family_Library_v2/waveforms/case_00764_dfig_like_slg_c_scr5.0_n0.005_r2.csv,dfig_like,slg_c,5.0,0.005,10000,50.0,5.98,6.04,5.997620936560643,1.0195151858739708,0.21,,,,0.0025199999999999997,0.0104,1666.6666666666667,0.0036307322124876943,0.324,0.13,,,,
765,case_00765_dfig_like_slg_c_scr5.0_n0.005_r3.csv,/root/phd_thesis/Z_Synthetic_Family_Library_v2/waveforms/case_00765_dfig_like_slg_c_scr5.0_n0.005_r3.csv,dfig_like,slg_c,5.0,0.005,10000,50.0,5.98,6.04,6.000244126711982,1.0328549820340889,0.21,,,,0.0025199999999999997,0.0104,1666.6666666666667,0.0034797611558587626,0.324,0.13,,,,
766,case_00766_dfig_like_slg_c_scr5.0_n0.005_r4.csv,/root/phd_thesis/Z_Synthetic_Family_Library_v2/waveforms/case_00766_dfig_like_slg_c_scr5.0_n0.005_r4.csv,dfig_like,slg_c,5.0,0.005,10000,50.0,5.98,6.04,5.998508242296501,1.0615762980629708,0.21,,,,0.0025199999999999997,0.0104,1666.6666666666667,0.003453084086495512,0.324,0.13,,,,
767,case_00767_dfig_like_slg_c_scr5.0_n0.005_r5.csv,/root/phd_thesis/Z_Synthetic_Family_Library_v2/waveforms/case_00767_dfig_like_slg_c_scr5.0_n0.005_r5.csv,dfig_like,slg_c,5.0,0.005,10000,50.0,5.98,6.04,5.999722251209406,1.0608256727572294,0.21,,,,0.0025199999999999997,0.0104,1666.6666666666667,0.0033135317155736413,0.324,0.13,,,,
768,case_00768_dfig_like_slg_c_scr5.0_n0.005_r6.csv,/root/phd_thesis/Z_Synthetic_Family_Library_v2/waveforms/case_00768_dfig_like_slg_c_scr5.0_n0.005_r6.csv,dfig_like,slg_c,5.0,0.005,10000,50.0,5.98,6.04,5.998729780203323,1.0011753602735836,0.21,,,,0.0025199999999999997,0.0104,1666.6666666666667,0.0036959956425186317,0.324,0.13,,,,
769,case_00769_dfig_like_slg_c_scr5.0_n0.010_r1.csv,/root/phd_thesis/Z_Synthetic_Family_Library_v2/waveforms/case_00769_dfig_like_slg_c_scr5.0_n0.010_r1.csv,dfig_like,slg_c,5.0,0.01,10000,50.0,5.98,6.04,5.99827917983927,1.0505506360207653,0.21,,,,0.0025199999999999997,0.0104,1666.6666666666667,0.0036995425024156326,0.324,0.13,,,,
770,case_00770_dfig_like_slg_c_scr5.0_n0.010_r2.csv,/root/phd_thesis/Z_Synthetic_Family_Library_v2/waveforms/case_00770_dfig_like_slg_c_scr5.0_n0.010_r2.csv,dfig_like,slg_c,5.0,0.01,10000,50.0,5.98,6.04,5.999131150318203,1.0152976980931827,0.21,,,,0.0025199999999999997,0.0104,1666.6666666666667,0.00351875349371383,0.324,0.13,,,,
771,case_00771_dfig_like_slg_c_scr5.0_n0.010_r3.csv,/root/phd_thesis/Z_Synthetic_Family_Library_v2/waveforms/case_00771_dfig_like_slg_c_scr5.0_n0.010_r3.csv,dfig_like,slg_c,5.0,0.01,10000,50.0,5.98,6.04,5.999952096783091,1.0388450921824817,0.21,,,,0.0025199999999999997,0.0104,1666.6666666666667,0.003284777480198108,0.324,0.13,,,,
772,case_00772_dfig_like_slg_c_scr5.0_n0.010_r4.csv,/root/phd_thesis/Z_Synthetic_Family_Library_v2/waveforms/case_00772_dfig_like_slg_c_scr5.0_n0.010_r4.csv,dfig_like,slg_c,5.0,0.01,10000,50.0,5.98,6.04,6.000122189590071,1.0090564985333266,0.21,,,,0.0025199999999999997,0.0104,1666.6666666666667,0.0037884967527566783,0.324,0.13,,,,
773,case_00773_dfig_like_slg_c_scr5.0_n0.010_r5.csv,/root/phd_thesis/Z_Synthetic_Family_Library_v2/waveforms/case_00773_dfig_like_slg_c_scr5.0_n0.010_r5.csv,dfig_like,slg_c,5.0,0.01,10000,50.0,5.98,6.04,6.000474387495599,1.027327859380688,0.21,,,,0.0025199999999999997,0.0104,1666.6666666666667,0.0036568805980011325,0.324,0.13,,,,
774,case_00774_dfig_like_slg_c_scr5.0_n0.010_r6.csv,/root/phd_thesis/Z_Synthetic_Family_Library_v2/waveforms/case_00774_dfig_like_slg_c_scr5.0_n0.010_r6.csv,dfig_like,slg_c,5.0,0.01,10000,50.0,5.98,6.04,5.999144184061193,1.0353768317113956,0.21,,,,0.0025199999999999997,0.0104,1666.6666666666667,0.00381364494388321,0.324,0.13,,,,
775,case_00775_dfig_like_slg_c_scr8.0_n0.002_r1.csv,/root/phd_thesis/Z_Synthetic_Family_Library_v2/waveforms/case_00775_dfig_like_slg_c_scr8.0_n0.002_r1.csv,dfig_like,slg_c,8.0,0.002,10000,50.0,5.98,6.04,6.0003716403377085,1.071919595818586,0.13999999999999999,,,,0.00225,0.0095,1916.6666666666665,0.00299354405425551,0.2925,0.11875000000000001,,,,
776,case_00776_dfig_like_slg_c_scr8.0_n0.002_r2.csv,/root/phd_thesis/Z_Synthetic_Family_Library_v2/waveforms/case_00776_dfig_like_slg_c_scr8.0_n0.002_r2.csv,dfig_like,slg_c,8.0,0.002,10000,50.0,5.98,6.04,5.998923368634329,1.0719807232048968,0.13999999999999999,,,,0.00225,0.0095,1916.6666666666665,0.003426391066496789,0.2925,0.11875000000000001,,,,
777,case_00777_dfig_like_slg_c_scr8.0_n0.002_r3.csv,/root/phd_thesis/Z_Synthetic_Family_Library_v2/waveforms/case_00777_dfig_like_slg_c_scr8.0_n0.002_r3.csv,dfig_like,slg_c,8.0,0.002,10000,50.0,5.98,6.04,5.999944559315663,1.0345401870253919,0.13999999999999999,,,,0.00225,0.0095,1916.6666666666665,0.003028345857498272,0.2925,0.11875000000000001,,,,
778,case_00778_dfig_like_slg_c_scr8.0_n0.002_r4.csv,/root/phd_thesis/Z_Synthetic_Family_Library_v2/waveforms/case_00778_dfig_like_slg_c_scr8.0_n0.002_r4.csv,dfig_like,slg_c,8.0,0.002,10000,50.0,5.98,6.04,6.000242157786652,1.0361757324655618,0.13999999999999999,,,,0.00225,0.0095,1916.6666666666665,0.0032890191970759873,0.2925,0.11875000000000001,,,,
779,case_00779_dfig_like_slg_c_scr8.0_n0.002_r5.csv,/root/phd_thesis/Z_Synthetic_Family_Library_v2/waveforms/case_00779_dfig_like_slg_c_scr8.0_n0.002_r5.csv,dfig_like,slg_c,8.0,0.002,10000,50.0,5.98,6.04,5.99963622011549,1.0735027539273916,0.13999999999999999,,,,0.00225,0.0095,1916.6666666666665,0.0034039193724411743,0.2925,0.11875000000000001,,,,
780,case_00780_dfig_like_slg_c_scr8.0_n0.002_r6.csv,/root/phd_thesis/Z_Synthetic_Family_Library_v2/waveforms/case_00780_dfig_like_slg_c_scr8.0_n0.002_r6.csv,dfig_like,slg_c,8.0,0.002,10000,50.0,5.98,6.04,5.997864351627898,1.0035783268355765,0.13999999999999999,,,,0.00225,0.0095,1916.6666666666665,0.0034457546345021822,0.2925,0.11875000000000001,,,,
781,case_00781_dfig_like_slg_c_scr8.0_n0.005_r1.csv,/root/phd_thesis/Z_Synthetic_Family_Library_v2/waveforms/case_00781_dfig_like_slg_c_scr8.0_n0.005_r1.csv,dfig_like,slg_c,8.0,0.005,10000,50.0,5.98,6.04,5.999752316021862,1.012459753470378,0.13999999999999999,,,,0.00225,0.0095,1916.6666666666665,0.0031327261856960963,0.2925,0.11875000000000001,,,,
782,case_00782_dfig_like_slg_c_scr8.0_n0.005_r2.csv,/root/phd_thesis/Z_Synthetic_Family_Library_v2/waveforms/case_00782_dfig_like_slg_c_scr8.0_n0.005_r2.csv,dfig_like,slg_c,8.0,0.005,10000,50.0,5.98,6.04,5.998055787652744,1.079302174645754,0.13999999999999999,,,,0.00225,0.0095,1916.6666666666665,0.002952236138113986,0.2925,0.11875000000000001,,,,
783,case_00783_dfig_like_slg_c_scr8.0_n0.005_r3.csv,/root/phd_thesis/Z_Synthetic_Family_Library_v2/waveforms/case_00783_dfig_like_slg_c_scr8.0_n0.005_r3.csv,dfig_like,slg_c,8.0,0.005,10000,50.0,5.98,6.04,5.999010573578796,1.0147842378038543,0.13999999999999999,,,,0.00225,0.0095,1916.6666666666665,0.003189675626092855,0.2925,0.11875000000000001,,,,
784,case_00784_dfig_like_slg_c_scr8.0_n0.005_r4.csv,/root/phd_thesis/Z_Synthetic_Family_Library_v2/waveforms/case_00784_dfig_like_slg_c_scr8.0_n0.005_r4.csv,dfig_like,slg_c,8.0,0.005,10000,50.0,5.98,6.04,6.000047931007557,1.0035699063463612,0.13999999999999999,,,,0.00225,0.0095,1916.6666666666665,0.003540120093011828,0.2925,0.11875000000000001,,,,
785,case_00785_dfig_like_slg_c_scr8.0_n0.005_r5.csv,/root/phd_thesis/Z_Synthetic_Family_Library_v2/waveforms/case_00785_dfig_like_slg_c_scr8.0_n0.005_r5.csv,dfig_like,slg_c,8.0,0.005,10000,50.0,5.98,6.04,5.999207682111762,1.0076631545546473,0.13999999999999999,,,,0.00225,0.0095,1916.6666666666665,0.0030101315582162923,0.2925,0.11875000000000001,,,,
786,case_00786_dfig_like_slg_c_scr8.0_n0.005_r6.csv,/root/phd_thesis/Z_Synthetic_Family_Library_v2/waveforms/case_00786_dfig_like_slg_c_scr8.0_n0.005_r6.csv,dfig_like,slg_c,8.0,0.005,10000,50.0,5.98,6.04,5.998784084001002,1.0088675944332344,0.13999999999999999,,,,0.00225,0.0095,1916.6666666666665,0.003106146669132747,0.2925,0.11875000000000001,,,,
787,case_00787_dfig_like_slg_c_scr8.0_n0.010_r1.csv,/root/phd_thesis/Z_Synthetic_Family_Library_v2/waveforms/case_00787_dfig_like_slg_c_scr8.0_n0.010_r1.csv,dfig_like,slg_c,8.0,0.01,10000,50.0,5.98,6.04,5.9982952223862345,1.0635312326297413,0.13999999999999999,,,,0.00225,0.0095,1916.6666666666665,0.0030899678685100186,0.2925,0.11875000000000001,,,,
788,case_00788_dfig_like_slg_c_scr8.0_n0.010_r2.csv,/root/phd_thesis/Z_Synthetic_Family_Library_v2/waveforms/case_00788_dfig_like_slg_c_scr8.0_n0.010_r2.csv,dfig_like,slg_c,8.0,0.01,10000,50.0,5.98,6.04,6.000165352964739,1.0484985056174752,0.13999999999999999,,,,0.00225,0.0095,1916.6666666666665,0.003150504734367788,0.2925,0.11875000000000001,,,,
789,case_00789_dfig_like_slg_c_scr8.0_n0.010_r3.csv,/root/phd_thesis/Z_Synthetic_Family_Library_v2/waveforms/case_00789_dfig_like_slg_c_scr8.0_n0.010_r3.csv,dfig_like,slg_c,8.0,0.01,10000,50.0,5.98,6.04,6.000184149996148,1.077385914084458,0.13999999999999999,,,,0.00225,0.0095,1916.6666666666665,0.0033504994853725723,0.2925,0.11875000000000001,,,,
790,case_00790_dfig_like_slg_c_scr8.0_n0.010_r4.csv,/root/phd_thesis/Z_Synthetic_Family_Library_v2/waveforms/case_00790_dfig_like_slg_c_scr8.0_n0.010_r4.csv,dfig_like,slg_c,8.0,0.01,10000,50.0,5.98,6.04,6.000243913499849,1.010480018750788,0.13999999999999999,,,,0.00225,0.0095,1916.6666666666665,0.0030839642211649273,0.2925,0.11875000000000001,,,,
791,case_00791_dfig_like_slg_c_scr8.0_n0.010_r5.csv,/root/phd_thesis/Z_Synthetic_Family_Library_v2/waveforms/case_00791_dfig_like_slg_c_scr8.0_n0.010_r5.csv,dfig_like,slg_c,8.0,0.01,10000,50.0,5.98,6.04,6.000478746946414,1.0369574429459294,0.13999999999999999,,,,0.00225,0.0095,1916.6666666666665,0.0033819080016505854,0.2925,0.11875000000000001,,,,
792,case_00792_dfig_like_slg_c_scr8.0_n0.010_r6.csv,/root/phd_thesis/Z_Synthetic_Family_Library_v2/waveforms/case_00792_dfig_like_slg_c_scr8.0_n0.010_r6.csv,dfig_like,slg_c,8.0,0.01,10000,50.0,5.98,6.04,5.9976321340989545,1.0116207428632933,0.13999999999999999,,,,0.00225,0.0095,1916.6666666666665,0.002990878808742365,0.2925,0.11875000000000001,,,,
793,case_00793_dfig_like_ll_ab_scr2.0_n0.002_r1.csv,/root/phd_thesis/Z_Synthetic_Family_Library_v2/waveforms/case_00793_dfig_like_ll_ab_scr2.0_n0.002_r1.csv,dfig_like,ll_ab,2.0,0.002,10000,50.0,5.98,6.04,5.99989436464622,1.0152809046741165,0.44999999999999996,,,,0.0036,0.014,1416.6666666666667,0.004707187635816772,0.45,0.17500000000000002,,,,
794,case_00794_dfig_like_ll_ab_scr2.0_n0.002_r2.csv,/root/phd_thesis/Z_Synthetic_Family_Library_v2/waveforms/case_00794_dfig_like_ll_ab_scr2.0_n0.002_r2.csv,dfig_like,ll_ab,2.0,0.002,10000,50.0,5.98,6.04,5.998797906564982,1.016441973065343,0.44999999999999996,,,,0.0036,0.014,1416.6666666666667,0.004458809026278998,0.45,0.17500000000000002,,,,
795,case_00795_dfig_like_ll_ab_scr2.0_n0.002_r3.csv,/root/phd_thesis/Z_Synthetic_Family_Library_v2/waveforms/case_00795_dfig_like_ll_ab_scr2.0_n0.002_r3.csv,dfig_like,ll_ab,2.0,0.002,10000,50.0,5.98,6.04,5.999595929097282,1.0024240225064203,0.44999999999999996,,,,0.0036,0.014,1416.6666666666667,0.00442649827445869,0.45,0.17500000000000002,,,,
796,case_00796_dfig_like_ll_ab_scr2.0_n0.002_r4.csv,/root/phd_thesis/Z_Synthetic_Family_Library_v2/waveforms/case_00796_dfig_like_ll_ab_scr2.0_n0.002_r4.csv,dfig_like,ll_ab,2.0,0.002,10000,50.0,5.98,6.04,6.0004496440040755,1.047561131172088,0.44999999999999996,,,,0.0036,0.014,1416.6666666666667,0.004795225098302054,0.45,0.17500000000000002,,,,
797,case_00797_dfig_like_ll_ab_scr2.0_n0.002_r5.csv,/root/phd_thesis/Z_Synthetic_Family_Library_v2/waveforms/case_00797_dfig_like_ll_ab_scr2.0_n0.002_r5.csv,dfig_like,ll_ab,2.0,0.002,10000,50.0,5.98,6.04,5.997719474830603,1.0059365997665226,0.44999999999999996,,,,0.0036,0.014,1416.6666666666667,0.004807707840498185,0.45,0.17500000000000002,,,,
798,case_00798_dfig_like_ll_ab_scr2.0_n0.002_r6.csv,/root/phd_thesis/Z_Synthetic_Family_Library_v2/waveforms/case_00798_dfig_like_ll_ab_scr2.0_n0.002_r6.csv,dfig_like,ll_ab,2.0,0.002,10000,50.0,5.98,6.04,6.000096037864957,1.0451674398608868,0.44999999999999996,,,,0.0036,0.014,1416.6666666666667,0.004740700843174272,0.45,0.17500000000000002,,,,
799,case_00799_dfig_like_ll_ab_scr2.0_n0.005_r1.csv,/root/phd_thesis/Z_Synthetic_Family_Library_v2/waveforms/case_00799_dfig_like_ll_ab_scr2.0_n0.005_r1.csv,dfig_like,ll_ab,2.0,0.005,10000,50.0,5.98,6.04,5.998469064315254,1.0136342925463364,0.44999999999999996,,,,0.0036,0.014,1416.6666666666667,0.0048751736679784035,0.45,0.17500000000000002,,,,
800,case_00800_dfig_like_ll_ab_scr2.0_n0.005_r2.csv,/root/phd_thesis/Z_Synthetic_Family_Library_v2/waveforms/case_00800_dfig_like_ll_ab_scr2.0_n0.005_r2.csv,dfig_like,ll_ab,2.0,0.005,10000,50.0,5.98,6.04,6.000428075384668,1.0325561826013794,0.44999999999999996,,,,0.0036,0.014,1416.6666666666667,0.0043656292015568365,0.45,0.17500000000000002,,,,
801,case_00801_dfig_like_ll_ab_scr2.0_n0.005_r3.csv,/root/phd_thesis/Z_Synthetic_Family_Library_v2/waveforms/case_00801_dfig_like_ll_ab_scr2.0_n0.005_r3.csv,dfig_like,ll_ab,2.0,0.005,10000,50.0,5.98,6.04,5.9979029044394485,1.0541521063127344,0.44999999999999996,,,,0.0036,0.014,1416.6666666666667,0.004738266023878136,0.45,0.17500000000000002,,,,
802,case_00802_dfig_like_ll_ab_scr2.0_n0.005_r4.csv,/root/phd_thesis/Z_Synthetic_Family_Library_v2/waveforms/case_00802_dfig_like_ll_ab_scr2.0_n0.005_r4.csv,dfig_like,ll_ab,2.0,0.005,10000,50.0,5.98,6.04,5.9978167982438455,1.0163587258017042,0.44999999999999996,,,,0.0036,0.014,1416.6666666666667,0.004800500633908345,0.45,0.17500000000000002,,,,
803,case_00803_dfig_like_ll_ab_scr2.0_n0.005_r5.csv,/root/phd_thesis/Z_Synthetic_Family_Library_v2/waveforms/case_00803_dfig_like_ll_ab_scr2.0_n0.005_r5.csv,dfig_like,ll_ab,2.0,0.005,10000,50.0,5.98,6.04,5.99835973947099,1.0003514975247354,0.44999999999999996,,,,0.0036,0.014,1416.6666666666667,0.0047318530707379835,0.45,0.17500000000000002,,,,
804,case_00804_dfig_like_ll_ab_scr2.0_n0.005_r6.csv,/root/phd_thesis/Z_Synthetic_Family_Library_v2/waveforms/case_00804_dfig_like_ll_ab_scr2.0_n0.005_r6.csv,dfig_like,ll_ab,2.0,0.005,10000,50.0,5.98,6.04,5.998520427896377,1.007285855539899,0.44999999999999996,,,,0.0036,0.014,1416.6666666666667,0.004745414526257824,0.45,0.17500000000000002,,,,
805,case_00805_dfig_like_ll_ab_scr2.0_n0.010_r1.csv,/root/phd_thesis/Z_Synthetic_Family_Library_v2/waveforms/case_00805_dfig_like_ll_ab_scr2.0_n0.010_r1.csv,dfig_like,ll_ab,2.0,0.01,10000,50.0,5.98,6.04,5.998896200921321,1.0276018498604154,0.44999999999999996,,,,0.0036,0.014,1416.6666666666667,0.0046304899147712976,0.45,0.17500000000000002,,,,
806,case_00806_dfig_like_ll_ab_scr2.0_n0.010_r2.csv,/root/phd_thesis/Z_Synthetic_Family_Library_v2/waveforms/case_00806_dfig_like_ll_ab_scr2.0_n0.010_r2.csv,dfig_like,ll_ab,2.0,0.01,10000,50.0,5.98,6.04,5.999242294485646,1.0068907583160644,0.44999999999999996,,,,0.0036,0.014,1416.6666666666667,0.004540569148833859,0.45,0.17500000000000002,,,,
807,case_00807_dfig_like_ll_ab_scr2.0_n0.010_r3.csv,/root/phd_thesis/Z_Synthetic_Family_Library_v2/waveforms/case_00807_dfig_like_ll_ab_scr2.0_n0.010_r3.csv,dfig_like,ll_ab,2.0,0.01,10000,50.0,5.98,6.04,5.999164537531364,1.067061992151885,0.44999999999999996,,,,0.0036,0.014,1416.6666666666667,0.004771883033647992,0.45,0.17500000000000002,,,,
808,case_00808_dfig_like_ll_ab_scr2.0_n0.010_r4.csv,/root/phd_thesis/Z_Synthetic_Family_Library_v2/waveforms/case_00808_dfig_like_ll_ab_scr2.0_n0.010_r4.csv,dfig_like,ll_ab,2.0,0.01,10000,50.0,5.98,6.04,5.99764062245358,1.0710050809086638,0.44999999999999996,,,,0.0036,0.014,1416.6666666666667,0.004489464166963375,0.45,0.17500000000000002,,,,
809,case_00809_dfig_like_ll_ab_scr2.0_n0.010_r5.csv,/root/phd_thesis/Z_Synthetic_Family_Library_v2/waveforms/case_00809_dfig_like_ll_ab_scr2.0_n0.010_r5.csv,dfig_like,ll_ab,2.0,0.01,10000,50.0,5.98,6.04,5.9975911244031055,1.0447223680938769,0.44999999999999996,,,,0.0036,0.014,1416.6666666666667,0.004440246093510275,0.45,0.17500000000000002,,,,
810,case_00810_dfig_like_ll_ab_scr2.0_n0.010_r6.csv,/root/phd_thesis/Z_Synthetic_Family_Library_v2/waveforms/case_00810_dfig_like_ll_ab_scr2.0_n0.010_r6.csv,dfig_like,ll_ab,2.0,0.01,10000,50.0,5.98,6.04,5.998591713637001,1.0487879344919955,0.44999999999999996,,,,0.0036,0.014,1416.6666666666667,0.004548200784112883,0.45,0.17500000000000002,,,,
811,case_00811_dfig_like_ll_ab_scr3.0_n0.002_r1.csv,/root/phd_thesis/Z_Synthetic_Family_Library_v2/waveforms/case_00811_dfig_like_ll_ab_scr3.0_n0.002_r1.csv,dfig_like,ll_ab,3.0,0.002,10000,50.0,5.98,6.04,6.000377827795388,1.0258242277126774,0.3,,,,0.003,0.012,1500.0,0.0038930541083952983,0.38,0.15000000000000002,,,,
812,case_00812_dfig_like_ll_ab_scr3.0_n0.002_r2.csv,/root/phd_thesis/Z_Synthetic_Family_Library_v2/waveforms/case_00812_dfig_like_ll_ab_scr3.0_n0.002_r2.csv,dfig_like,ll_ab,3.0,0.002,10000,50.0,5.98,6.04,5.998016206278449,1.0468399485785098,0.3,,,,0.003,0.012,1500.0,0.00414651700461918,0.38,0.15000000000000002,,,,
813,case_00813_dfig_like_ll_ab_scr3.0_n0.002_r3.csv,/root/phd_thesis/Z_Synthetic_Family_Library_v2/waveforms/case_00813_dfig_like_ll_ab_scr3.0_n0.002_r3.csv,dfig_like,ll_ab,3.0,0.002,10000,50.0,5.98,6.04,5.997993670138797,1.068726573741161,0.3,,,,0.003,0.012,1500.0,0.003836104522267317,0.38,0.15000000000000002,,,,
814,case_00814_dfig_like_ll_ab_scr3.0_n0.002_r4.csv,/root/phd_thesis/Z_Synthetic_Family_Library_v2/waveforms/case_00814_dfig_like_ll_ab_scr3.0_n0.002_r4.csv,dfig_like,ll_ab,3.0,0.002,10000,50.0,5.98,6.04,6.000236520539618,1.0480606000866906,0.3,,,,0.003,0.012,1500.0,0.003880758680716522,0.38,0.15000000000000002,,,,
815,case_00815_dfig_like_ll_ab_scr3.0_n0.002_r5.csv,/root/phd_thesis/Z_Synthetic_Family_Library_v2/waveforms/case_00815_dfig_like_ll_ab_scr3.0_n0.002_r5.csv,dfig_like,ll_ab,3.0,0.002,10000,50.0,5.98,6.04,5.997529392516472,1.015411351552802,0.3,,,,0.003,0.012,1500.0,0.004280177860345754,0.38,0.15000000000000002,,,,
816,case_00816_dfig_like_ll_ab_scr3.0_n0.002_r6.csv,/root/phd_thesis/Z_Synthetic_Family_Library_v2/waveforms/case_00816_dfig_like_ll_ab_scr3.0_n0.002_r6.csv,dfig_like,ll_ab,3.0,0.002,10000,50.0,5.98,6.04,6.000042854768907,1.036288187918758,0.3,,,,0.003,0.012,1500.0,0.0038441869619328622,0.38,0.15000000000000002,,,,
817,case_00817_dfig_like_ll_ab_scr3.0_n0.005_r1.csv,/root/phd_thesis/Z_Synthetic_Family_Library_v2/waveforms/case_00817_dfig_like_ll_ab_scr3.0_n0.005_r1.csv,dfig_like,ll_ab,3.0,0.005,10000,50.0,5.98,6.04,6.00042852582385,1.054373238862326,0.3,,,,0.003,0.012,1500.0,0.00393074485252778,0.38,0.15000000000000002,,,,
818,case_00818_dfig_like_ll_ab_scr3.0_n0.005_r2.csv,/root/phd_thesis/Z_Synthetic_Family_Library_v2/waveforms/case_00818_dfig_like_ll_ab_scr3.0_n0.005_r2.csv,dfig_like,ll_ab,3.0,0.005,10000,50.0,5.98,6.04,5.998100395926814,1.0110004848588547,0.3,,,,0.003,0.012,1500.0,0.0038909423111475314,0.38,0.15000000000000002,,,,
819,case_00819_dfig_like_ll_ab_scr3.0_n0.005_r3.csv,/root/phd_thesis/Z_Synthetic_Family_Library_v2/waveforms/case_00819_dfig_like_ll_ab_scr3.0_n0.005_r3.csv,dfig_like,ll_ab,3.0,0.005,10000,50.0,5.98,6.04,5.999789183646391,1.0033717316726904,0.3,,,,0.003,0.012,1500.0,0.004078343641127982,0.38,0.15000000000000002,,,,
820,case_00820_dfig_like_ll_ab_scr3.0_n0.005_r4.csv,/root/phd_thesis/Z_Synthetic_Family_Library_v2/waveforms/case_00820_dfig_like_ll_ab_scr3.0_n0.005_r4.csv,dfig_like,ll_ab,3.0,0.005,10000,50.0,5.98,6.04,5.9981379551456655,1.0294951141481623,0.3,,,,0.003,0.012,1500.0,0.004162866376519045,0.38,0.15000000000000002,,,,
821,case_00821_dfig_like_ll_ab_scr3.0_n0.005_r5.csv,/root/phd_thesis/Z_Synthetic_Family_Library_v2/waveforms/case_00821_dfig_like_ll_ab_scr3.0_n0.005_r5.csv,dfig_like,ll_ab,3.0,0.005,10000,50.0,5.98,6.04,6.000041980997902,1.0662123290211596,0.3,,,,0.003,0.012,1500.0,0.003772132681766097,0.38,0.15000000000000002,,,,
822,case_00822_dfig_like_ll_ab_scr3.0_n0.005_r6.csv,/root/phd_thesis/Z_Synthetic_Family_Library_v2/waveforms/case_00822_dfig_like_ll_ab_scr3.0_n0.005_r6.csv,dfig_like,ll_ab,3.0,0.005,10000,50.0,5.98,6.04,5.998665125746753,1.0189127773837967,0.3,,,,0.003,0.012,1500.0,0.003928967469381249,0.38,0.15000000000000002,,,,
823,case_00823_dfig_like_ll_ab_scr3.0_n0.010_r1.csv,/root/phd_thesis/Z_Synthetic_Family_Library_v2/waveforms/case_00823_dfig_like_ll_ab_scr3.0_n0.010_r1.csv,dfig_like,ll_ab,3.0,0.01,10000,50.0,5.98,6.04,5.9990778580269,1.04111998327448,0.3,,,,0.003,0.012,1500.0,0.0038447912771063914,0.38,0.15000000000000002,,,,
824,case_00824_dfig_like_ll_ab_scr3.0_n0.010_r2.csv,/root/phd_thesis/Z_Synthetic_Family_Library_v2/waveforms/case_00824_dfig_like_ll_ab_scr3.0_n0.010_r2.csv,dfig_like,ll_ab,3.0,0.01,10000,50.0,5.98,6.04,5.997849054307192,1.0033157771001389,0.3,,,,0.003,0.012,1500.0,0.0038322708754569873,0.38,0.15000000000000002,,,,
825,case_00825_dfig_like_ll_ab_scr3.0_n0.010_r3.csv,/root/phd_thesis/Z_Synthetic_Family_Library_v2/waveforms/case_00825_dfig_like_ll_ab_scr3.0_n0.010_r3.csv,dfig_like,ll_ab,3.0,0.01,10000,50.0,5.98,6.04,5.999683335565441,1.0417794092739385,0.3,,,,0.003,0.012,1500.0,0.004236272680299205,0.38,0.15000000000000002,,,,
826,case_00826_dfig_like_ll_ab_scr3.0_n0.010_r4.csv,/root/phd_thesis/Z_Synthetic_Family_Library_v2/waveforms/case_00826_dfig_like_ll_ab_scr3.0_n0.010_r4.csv,dfig_like,ll_ab,3.0,0.01,10000,50.0,5.98,6.04,5.997718566146673,1.040886911511822,0.3,,,,0.003,0.012,1500.0,0.0038381076850883726,0.38,0.15000000000000002,,,,
827,case_00827_dfig_like_ll_ab_scr3.0_n0.010_r5.csv,/root/phd_thesis/Z_Synthetic_Family_Library_v2/waveforms/case_00827_dfig_like_ll_ab_scr3.0_n0.010_r5.csv,dfig_like,ll_ab,3.0,0.01,10000,50.0,5.98,6.04,6.00027156933896,1.0337589142507102,0.3,,,,0.003,0.012,1500.0,0.0038418504722660335,0.38,0.15000000000000002,,,,
828,case_00828_dfig_like_ll_ab_scr3.0_n0.010_r6.csv,/root/phd_thesis/Z_Synthetic_Family_Library_v2/waveforms/case_00828_dfig_like_ll_ab_scr3.0_n0.010_r6.csv,dfig_like,ll_ab,3.0,0.01,10000,50.0,5.98,6.04,6.0000122614241915,1.0510704416126813,0.3,,,,0.003,0.012,1500.0,0.0037832637364006555,0.38,0.15000000000000002,,,,
829,case_00829_dfig_like_ll_ab_scr5.0_n0.002_r1.csv,/root/phd_thesis/Z_Synthetic_Family_Library_v2/waveforms/case_00829_dfig_like_ll_ab_scr5.0_n0.002_r1.csv,dfig_like,ll_ab,5.0,0.002,10000,50.0,5.98,6.04,6.000350104681738,1.011201720925195,0.18,,,,0.0025199999999999997,0.0104,1666.6666666666667,0.0036602021479546177,0.324,0.13,,,,
830,case_00830_dfig_like_ll_ab_scr5.0_n0.002_r2.csv,/root/phd_thesis/Z_Synthetic_Family_Library_v2/waveforms/case_00830_dfig_like_ll_ab_scr5.0_n0.002_r2.csv,dfig_like,ll_ab,5.0,0.002,10000,50.0,5.98,6.04,5.998827345974125,1.0353240834401998,0.18,,,,0.0025199999999999997,0.0104,1666.6666666666667,0.00362471088758248,0.324,0.13,,,,
831,case_00831_dfig_like_ll_ab_scr5.0_n0.002_r3.csv,/root/phd_thesis/Z_Synthetic_Family_Library_v2/waveforms/case_00831_dfig_like_ll_ab_scr5.0_n0.002_r3.csv,dfig_like,ll_ab,5.0,0.002,10000,50.0,5.98,6.04,5.999253611251544,1.0009829821499756,0.18,,,,0.0025199999999999997,0.0104,1666.6666666666667,0.0034503922019556445,0.324,0.13,,,,
832,case_00832_dfig_like_ll_ab_scr5.0_n0.002_r4.csv,/root/phd_thesis/Z_Synthetic_Family_Library_v2/waveforms/case_00832_dfig_like_ll_ab_scr5.0_n0.002_r4.csv,dfig_like,ll_ab,5.0,0.002,10000,50.0,5.98,6.04,5.99930249791707,1.0040725618395385,0.18,,,,0.0025199999999999997,0.0104,1666.6666666666667,0.003502259033333201,0.324,0.13,,,,
833,case_00833_dfig_like_ll_ab_scr5.0_n0.002_r5.csv,/root/phd_thesis/Z_Synthetic_Family_Library_v2/waveforms/case_00833_dfig_like_ll_ab_scr5.0_n0.002_r5.csv,dfig_like,ll_ab,5.0,0.002,10000,50.0,5.98,6.04,5.999605329491976,1.0114952122098146,0.18,,,,0.0025199999999999997,0.0104,1666.6666666666667,0.0035140999885955844,0.324,0.13,,,,
834,case_00834_dfig_like_ll_ab_scr5.0_n0.002_r6.csv,/root/phd_thesis/Z_Synthetic_Family_Library_v2/waveforms/case_00834_dfig_like_ll_ab_scr5.0_n0.002_r6.csv,dfig_like,ll_ab,5.0,0.002,10000,50.0,5.98,6.04,5.998756783621349,1.0524640634365439,0.18,,,,0.0025199999999999997,0.0104,1666.6666666666667,0.0037392446818327557,0.324,0.13,,,,
835,case_00835_dfig_like_ll_ab_scr5.0_n0.005_r1.csv,/root/phd_thesis/Z_Synthetic_Family_Library_v2/waveforms/case_00835_dfig_like_ll_ab_scr5.0_n0.005_r1.csv,dfig_like,ll_ab,5.0,0.005,10000,50.0,5.98,6.04,5.998155637092152,1.0436638217748961,0.18,,,,0.0025199999999999997,0.0104,1666.6666666666667,0.0032317663599017365,0.324,0.13,,,,
836,case_00836_dfig_like_ll_ab_scr5.0_n0.005_r2.csv,/root/phd_thesis/Z_Synthetic_Family_Library_v2/waveforms/case_00836_dfig_like_ll_ab_scr5.0_n0.005_r2.csv,dfig_like,ll_ab,5.0,0.005,10000,50.0,5.98,6.04,5.998051796162229,1.0112466632561345,0.18,,,,0.0025199999999999997,0.0104,1666.6666666666667,0.0034696575197118045,0.324,0.13,,,,
837,case_00837_dfig_like_ll_ab_scr5.0_n0.005_r3.csv,/root/phd_thesis/Z_Synthetic_Family_Library_v2/waveforms/case_00837_dfig_like_ll_ab_scr5.0_n0.005_r3.csv,dfig_like,ll_ab,5.0,0.005,10000,50.0,5.98,6.04,6.0003701350906455,1.0745997538204934,0.18,,,,0.0025199999999999997,0.0104,1666.6666666666667,0.003786624384765241,0.324,0.13,,,,
838,case_00838_dfig_like_ll_ab_scr5.0_n0.005_r4.csv,/root/phd_thesis/Z_Synthetic_Family_Library_v2/waveforms/case_00838_dfig_like_ll_ab_scr5.0_n0.005_r4.csv,dfig_like,ll_ab,5.0,0.005,10000,50.0,5.98,6.04,5.999828723555531,1.0399998128869408,0.18,,,,0.0025199999999999997,0.0104,1666.6666666666667,0.0036694998433694052,0.324,0.13,,,,
839,case_00839_dfig_like_ll_ab_scr5.0_n0.005_r5.csv,/root/phd_thesis/Z_Synthetic_Family_Library_v2/waveforms/case_00839_dfig_like_ll_ab_scr5.0_n0.005_r5.csv,dfig_like,ll_ab,5.0,0.005,10000,50.0,5.98,6.04,5.998511750835705,1.016484668275639,0.18,,,,0.0025199999999999997,0.0104,1666.6666666666667,0.003284048470920688,0.324,0.13,,,,
840,case_00840_dfig_like_ll_ab_scr5.0_n0.005_r6.csv,/root/phd_thesis/Z_Synthetic_Family_Library_v2/waveforms/case_00840_dfig_like_ll_ab_scr5.0_n0.005_r6.csv,dfig_like,ll_ab,5.0,0.005,10000,50.0,5.98,6.04,5.998467542216335,1.0161579237214817,0.18,,,,0.0025199999999999997,0.0104,1666.6666666666667,0.003593086899746311,0.324,0.13,,,,
841,case_00841_dfig_like_ll_ab_scr5.0_n0.010_r1.csv,/root/phd_thesis/Z_Synthetic_Family_Library_v2/waveforms/case_00841_dfig_like_ll_ab_scr5.0_n0.010_r1.csv,dfig_like,ll_ab,5.0,0.01,10000,50.0,5.98,6.04,5.997937867034551,1.015209532917108,0.18,,,,0.0025199999999999997,0.0104,1666.6666666666667,0.0032759559241085914,0.324,0.13,,,,
842,case_00842_dfig_like_ll_ab_scr5.0_n0.010_r2.csv,/root/phd_thesis/Z_Synthetic_Family_Library_v2/waveforms/case_00842_dfig_like_ll_ab_scr5.0_n0.010_r2.csv,dfig_like,ll_ab,5.0,0.01,10000,50.0,5.98,6.04,5.997980375416441,1.0110187854138584,0.18,,,,0.0025199999999999997,0.0104,1666.6666666666667,0.0034980497614678385,0.324,0.13,,,,
843,case_00843_dfig_like_ll_ab_scr5.0_n0.010_r3.csv,/root/phd_thesis/Z_Synthetic_Family_Library_v2/waveforms/case_00843_dfig_like_ll_ab_scr5.0_n0.010_r3.csv,dfig_like,ll_ab,5.0,0.01,10000,50.0,5.98,6.04,5.997772324542506,1.0589033507429846,0.18,,,,0.0025199999999999997,0.0104,1666.6666666666667,0.0032528278340300905,0.324,0.13,,,,
844,case_00844_dfig_like_ll_ab_scr5.0_n0.010_r4.csv,/root/phd_thesis/Z_Synthetic_Family_Library_v2/waveforms/case_00844_dfig_like_ll_ab_scr5.0_n0.010_r4.csv,dfig_like,ll_ab,5.0,0.01,10000,50.0,5.98,6.04,5.998241093417386,1.0353820795492263,0.18,,,,0.0025199999999999997,0.0104,1666.6666666666667,0.00325465390628298,0.324,0.13,,,,
845,case_00845_dfig_like_ll_ab_scr5.0_n0.010_r5.csv,/root/phd_thesis/Z_Synthetic_Family_Library_v2/waveforms/case_00845_dfig_like_ll_ab_scr5.0_n0.010_r5.csv,dfig_like,ll_ab,5.0,0.01,10000,50.0,5.98,6.04,5.999852694762618,1.0143027035346657,0.18,,,,0.0025199999999999997,0.0104,1666.6666666666667,0.0036618242493184692,0.324,0.13,,,,
846,case_00846_dfig_like_ll_ab_scr5.0_n0.010_r6.csv,/root/phd_thesis/Z_Synthetic_Family_Library_v2/waveforms/case_00846_dfig_like_ll_ab_scr5.0_n0.010_r6.csv,dfig_like,ll_ab,5.0,0.01,10000,50.0,5.98,6.04,5.99907575304194,1.057400737729473,0.18,,,,0.0025199999999999997,0.0104,1666.6666666666667,0.003647773807193508,0.324,0.13,,,,
847,case_00847_dfig_like_ll_ab_scr8.0_n0.002_r1.csv,/root/phd_thesis/Z_Synthetic_Family_Library_v2/waveforms/case_00847_dfig_like_ll_ab_scr8.0_n0.002_r1.csv,dfig_like,ll_ab,8.0,0.002,10000,50.0,5.98,6.04,5.997920297630068,1.0405429534141113,0.12,,,,0.00225,0.0095,1916.6666666666665,0.0032672925863376496,0.2925,0.11875000000000001,,,,
848,case_00848_dfig_like_ll_ab_scr8.0_n0.002_r2.csv,/root/phd_thesis/Z_Synthetic_Family_Library_v2/waveforms/case_00848_dfig_like_ll_ab_scr8.0_n0.002_r2.csv,dfig_like,ll_ab,8.0,0.002,10000,50.0,5.98,6.04,6.000141899244492,1.0291843985544031,0.12,,,,0.00225,0.0095,1916.6666666666665,0.003069481271068538,0.2925,0.11875000000000001,,,,
849,case_00849_dfig_like_ll_ab_scr8.0_n0.002_r3.csv,/root/phd_thesis/Z_Synthetic_Family_Library_v2/waveforms/case_00849_dfig_like_ll_ab_scr8.0_n0.002_r3.csv,dfig_like,ll_ab,8.0,0.002,10000,50.0,5.98,6.04,6.000179409931508,1.03029913038606,0.12,,,,0.00225,0.0095,1916.6666666666665,0.0030705115170385675,0.2925,0.11875000000000001,,,,
850,case_00850_dfig_like_ll_ab_scr8.0_n0.002_r4.csv,/root/phd_thesis/Z_Synthetic_Family_Library_v2/waveforms/case_00850_dfig_like_ll_ab_scr8.0_n0.002_r4.csv,dfig_like,ll_ab,8.0,0.002,10000,50.0,5.98,6.04,5.998321963778119,1.0320649305401985,0.12,,,,0.00225,0.0095,1916.6666666666665,0.0032916491813275253,0.2925,0.11875000000000001,,,,
851,case_00851_dfig_like_ll_ab_scr8.0_n0.002_r5.csv,/root/phd_thesis/Z_Synthetic_Family_Library_v2/waveforms/case_00851_dfig_like_ll_ab_scr8.0_n0.002_r5.csv,dfig_like,ll_ab,8.0,0.002,10000,50.0,5.98,6.04,5.999219144928669,1.0017407259922133,0.12,,,,0.00225,0.0095,1916.6666666666665,0.003406313411425713,0.2925,0.11875000000000001,,,,
852,case_00852_dfig_like_ll_ab_scr8.0_n0.002_r6.csv,/root/phd_thesis/Z_Synthetic_Family_Library_v2/waveforms/case_00852_dfig_like_ll_ab_scr8.0_n0.002_r6.csv,dfig_like,ll_ab,8.0,0.002,10000,50.0,5.98,6.04,5.999290820943162,1.0186227170939475,0.12,,,,0.00225,0.0095,1916.6666666666665,0.003525914431939491,0.2925,0.11875000000000001,,,,
853,case_00853_dfig_like_ll_ab_scr8.0_n0.005_r1.csv,/root/phd_thesis/Z_Synthetic_Family_Library_v2/waveforms/case_00853_dfig_like_ll_ab_scr8.0_n0.005_r1.csv,dfig_like,ll_ab,8.0,0.005,10000,50.0,5.98,6.04,5.999575058654464,1.06584671878894,0.12,,,,0.00225,0.0095,1916.6666666666665,0.003186529895771991,0.2925,0.11875000000000001,,,,
854,case_00854_dfig_like_ll_ab_scr8.0_n0.005_r2.csv,/root/phd_thesis/Z_Synthetic_Family_Library_v2/waveforms/case_00854_dfig_like_ll_ab_scr8.0_n0.005_r2.csv,dfig_like,ll_ab,8.0,0.005,10000,50.0,5.98,6.04,5.998535502016851,1.01748742570469,0.12,,,,0.00225,0.0095,1916.6666666666665,0.003416828723145133,0.2925,0.11875000000000001,,,,
855,case_00855_dfig_like_ll_ab_scr8.0_n0.005_r3.csv,/root/phd_thesis/Z_Synthetic_Family_Library_v2/waveforms/case_00855_dfig_like_ll_ab_scr8.0_n0.005_r3.csv,dfig_like,ll_ab,8.0,0.005,10000,50.0,5.98,6.04,5.99912609285699,1.0639973337265631,0.12,,,,0.00225,0.0095,1916.6666666666665,0.0030294386155566813,0.2925,0.11875000000000001,,,,
856,case_00856_dfig_like_ll_ab_scr8.0_n0.005_r4.csv,/root/phd_thesis/Z_Synthetic_Family_Library_v2/waveforms/case_00856_dfig_like_ll_ab_scr8.0_n0.005_r4.csv,dfig_like,ll_ab,8.0,0.005,10000,50.0,5.98,6.04,5.997748800330638,1.043870109452265,0.12,,,,0.00225,0.0095,1916.6666666666665,0.0035142854605440033,0.2925,0.11875000000000001,,,,
857,case_00857_dfig_like_ll_ab_scr8.0_n0.005_r5.csv,/root/phd_thesis/Z_Synthetic_Family_Library_v2/waveforms/case_00857_dfig_like_ll_ab_scr8.0_n0.005_r5.csv,dfig_like,ll_ab,8.0,0.005,10000,50.0,5.98,6.04,5.998986115762211,1.0056510216143053,0.12,,,,0.00225,0.0095,1916.6666666666665,0.0032597544456325132,0.2925,0.11875000000000001,,,,
858,case_00858_dfig_like_ll_ab_scr8.0_n0.005_r6.csv,/root/phd_thesis/Z_Synthetic_Family_Library_v2/waveforms/case_00858_dfig_like_ll_ab_scr8.0_n0.005_r6.csv,dfig_like,ll_ab,8.0,0.005,10000,50.0,5.98,6.04,5.998859425242254,1.0156107691957825,0.12,,,,0.00225,0.0095,1916.6666666666665,0.003039784660139356,0.2925,0.11875000000000001,,,,
859,case_00859_dfig_like_ll_ab_scr8.0_n0.010_r1.csv,/root/phd_thesis/Z_Synthetic_Family_Library_v2/waveforms/case_00859_dfig_like_ll_ab_scr8.0_n0.010_r1.csv,dfig_like,ll_ab,8.0,0.01,10000,50.0,5.98,6.04,5.999564433867184,1.0227824606282128,0.12,,,,0.00225,0.0095,1916.6666666666665,0.0033215975861070825,0.2925,0.11875000000000001,,,,
860,case_00860_dfig_like_ll_ab_scr8.0_n0.010_r2.csv,/root/phd_thesis/Z_Synthetic_Family_Library_v2/waveforms/case_00860_dfig_like_ll_ab_scr8.0_n0.010_r2.csv,dfig_like,ll_ab,8.0,0.01,10000,50.0,5.98,6.04,6.00034166573257,1.0770171890192337,0.12,,,,0.00225,0.0095,1916.6666666666665,0.003464752327276748,0.2925,0.11875000000000001,,,,
861,case_00861_dfig_like_ll_ab_scr8.0_n0.010_r3.csv,/root/phd_thesis/Z_Synthetic_Family_Library_v2/waveforms/case_00861_dfig_like_ll_ab_scr8.0_n0.010_r3.csv,dfig_like,ll_ab,8.0,0.01,10000,50.0,5.98,6.04,5.999947693979774,1.0464592959488814,0.12,,,,0.00225,0.0095,1916.6666666666665,0.0034375683703928256,0.2925,0.11875000000000001,,,,
862,case_00862_dfig_like_ll_ab_scr8.0_n0.010_r4.csv,/root/phd_thesis/Z_Synthetic_Family_Library_v2/waveforms/case_00862_dfig_like_ll_ab_scr8.0_n0.010_r4.csv,dfig_like,ll_ab,8.0,0.01,10000,50.0,5.98,6.04,5.998506040790883,1.0550689274240606,0.12,,,,0.00225,0.0095,1916.6666666666665,0.0034180507940405735,0.2925,0.11875000000000001,,,,
863,case_00863_dfig_like_ll_ab_scr8.0_n0.010_r5.csv,/root/phd_thesis/Z_Synthetic_Family_Library_v2/waveforms/case_00863_dfig_like_ll_ab_scr8.0_n0.010_r5.csv,dfig_like,ll_ab,8.0,0.01,10000,50.0,5.98,6.04,5.999609443544911,1.0668959658484216,0.12,,,,0.00225,0.0095,1916.6666666666665,0.003299493305598261,0.2925,0.11875000000000001,,,,
864,case_00864_dfig_like_ll_ab_scr8.0_n0.010_r6.csv,/root/phd_thesis/Z_Synthetic_Family_Library_v2/waveforms/case_00864_dfig_like_ll_ab_scr8.0_n0.010_r6.csv,dfig_like,ll_ab,8.0,0.01,10000,50.0,5.98,6.04,5.9987071654285415,1.0001106151659303,0.12,,,,0.00225,0.0095,1916.6666666666665,0.0035485466000163743,0.2925,0.11875000000000001,,,,
865,case_00865_dfig_like_ll_bc_scr2.0_n0.002_r1.csv,/root/phd_thesis/Z_Synthetic_Family_Library_v2/waveforms/case_00865_dfig_like_ll_bc_scr2.0_n0.002_r1.csv,dfig_like,ll_bc,2.0,0.002,10000,50.0,5.98,6.04,5.9986177116963955,1.0294081987824126,0.44999999999999996,,,,0.0036,0.014,1416.6666666666667,0.004597153451322038,0.45,0.17500000000000002,,,,
866,case_00866_dfig_like_ll_bc_scr2.0_n0.002_r2.csv,/root/phd_thesis/Z_Synthetic_Family_Library_v2/waveforms/case_00866_dfig_like_ll_bc_scr2.0_n0.002_r2.csv,dfig_like,ll_bc,2.0,0.002,10000,50.0,5.98,6.04,5.998745669121613,1.0100808548385756,0.44999999999999996,,,,0.0036,0.014,1416.6666666666667,0.004749689677722674,0.45,0.17500000000000002,,,,
867,case_00867_dfig_like_ll_bc_scr2.0_n0.002_r3.csv,/root/phd_thesis/Z_Synthetic_Family_Library_v2/waveforms/case_00867_dfig_like_ll_bc_scr2.0_n0.002_r3.csv,dfig_like,ll_bc,2.0,0.002,10000,50.0,5.98,6.04,6.000399278646539,1.0503438989866034,0.44999999999999996,,,,0.0036,0.014,1416.6666666666667,0.0046015896519022974,0.45,0.17500000000000002,,,,
868,case_00868_dfig_like_ll_bc_scr2.0_n0.002_r4.csv,/root/phd_thesis/Z_Synthetic_Family_Library_v2/waveforms/case_00868_dfig_like_ll_bc_scr2.0_n0.002_r4.csv,dfig_like,ll_bc,2.0,0.002,10000,50.0,5.98,6.04,5.998983251004937,1.0771554133339822,0.44999999999999996,,,,0.0036,0.014,1416.6666666666667,0.004788101819297828,0.45,0.17500000000000002,,,,
869,case_00869_dfig_like_ll_bc_scr2.0_n0.002_r5.csv,/root/phd_thesis/Z_Synthetic_Family_Library_v2/waveforms/case_00869_dfig_like_ll_bc_scr2.0_n0.002_r5.csv,dfig_like,ll_bc,2.0,0.002,10000,50.0,5.98,6.04,5.998356771716432,1.001546192492968,0.44999999999999996,,,,0.0036,0.014,1416.6666666666667,0.0043916545169493055,0.45,0.17500000000000002,,,,
870,case_00870_dfig_like_ll_bc_scr2.0_n0.002_r6.csv,/root/phd_thesis/Z_Synthetic_Family_Library_v2/waveforms/case_00870_dfig_like_ll_bc_scr2.0_n0.002_r6.csv,dfig_like,ll_bc,2.0,0.002,10000,50.0,5.98,6.04,5.999047531851095,1.0437362098619474,0.44999999999999996,,,,0.0036,0.014,1416.6666666666667,0.004513979760731024,0.45,0.17500000000000002,,,,
871,case_00871_dfig_like_ll_bc_scr2.0_n0.005_r1.csv,/root/phd_thesis/Z_Synthetic_Family_Library_v2/waveforms/case_00871_dfig_like_ll_bc_scr2.0_n0.005_r1.csv,dfig_like,ll_bc,2.0,0.005,10000,50.0,5.98,6.04,5.998469765173831,1.032590846769886,0.44999999999999996,,,,0.0036,0.014,1416.6666666666667,0.004419577967413433,0.45,0.17500000000000002,,,,
872,case_00872_dfig_like_ll_bc_scr2.0_n0.005_r2.csv,/root/phd_thesis/Z_Synthetic_Family_Library_v2/waveforms/case_00872_dfig_like_ll_bc_scr2.0_n0.005_r2.csv,dfig_like,ll_bc,2.0,0.005,10000,50.0,5.98,6.04,5.999644758750869,1.0573522142442489,0.44999999999999996,,,,0.0036,0.014,1416.6666666666667,0.004879652800962787,0.45,0.17500000000000002,,,,
873,case_00873_dfig_like_ll_bc_scr2.0_n0.005_r3.csv,/root/phd_thesis/Z_Synthetic_Family_Library_v2/waveforms/case_00873_dfig_like_ll_bc_scr2.0_n0.005_r3.csv,dfig_like,ll_bc,2.0,0.005,10000,50.0,5.98,6.04,5.999895477331875,1.0531785331441526,0.44999999999999996,,,,0.0036,0.014,1416.6666666666667,0.004441535976120046,0.45,0.17500000000000002,,,,
874,case_00874_dfig_like_ll_bc_scr2.0_n0.005_r4.csv,/root/phd_thesis/Z_Synthetic_Family_Library_v2/waveforms/case_00874_dfig_like_ll_bc_scr2.0_n0.005_r4.csv,dfig_like,ll_bc,2.0,0.005,10000,50.0,5.98,6.04,5.997792172412169,1.0665992572454448,0.44999999999999996,,,,0.0036,0.014,1416.6666666666667,0.004696404459676355,0.45,0.17500000000000002,,,,
875,case_00875_dfig_like_ll_bc_scr2.0_n0.005_r5.csv,/root/phd_thesis/Z_Synthetic_Family_Library_v2/waveforms/case_00875_dfig_like_ll_bc_scr2.0_n0.005_r5.csv,dfig_like,ll_bc,2.0,0.005,10000,50.0,5.98,6.04,5.999746867453837,1.0598538532274668,0.44999999999999996,,,,0.0036,0.014,1416.6666666666667,0.004334074625971001,0.45,0.17500000000000002,,,,
876,case_00876_dfig_like_ll_bc_scr2.0_n0.005_r6.csv,/root/phd_thesis/Z_Synthetic_Family_Library_v2/waveforms/case_00876_dfig_like_ll_bc_scr2.0_n0.005_r6.csv,dfig_like,ll_bc,2.0,0.005,10000,50.0,5.98,6.04,5.999701710599014,1.0644040871869467,0.44999999999999996,,,,0.0036,0.014,1416.6666666666667,0.004874822374605755,0.45,0.17500000000000002,,,,
877,case_00877_dfig_like_ll_bc_scr2.0_n0.010_r1.csv,/root/phd_thesis/Z_Synthetic_Family_Library_v2/waveforms/case_00877_dfig_like_ll_bc_scr2.0_n0.010_r1.csv,dfig_like,ll_bc,2.0,0.01,10000,50.0,5.98,6.04,5.9976960730857085,1.060957994386346,0.44999999999999996,,,,0.0036,0.014,1416.6666666666667,0.004313789522632942,0.45,0.17500000000000002,,,,
878,case_00878_dfig_like_ll_bc_scr2.0_n0.010_r2.csv,/root/phd_thesis/Z_Synthetic_Family_Library_v2/waveforms/case_00878_dfig_like_ll_bc_scr2.0_n0.010_r2.csv,dfig_like,ll_bc,2.0,0.01,10000,50.0,5.98,6.04,5.998346016241198,1.0611289598382576,0.44999999999999996,,,,0.0036,0.014,1416.6666666666667,0.004432152659181739,0.45,0.17500000000000002,,,,
879,case_00879_dfig_like_ll_bc_scr2.0_n0.010_r3.csv,/root/phd_thesis/Z_Synthetic_Family_Library_v2/waveforms/case_00879_dfig_like_ll_bc_scr2.0_n0.010_r3.csv,dfig_like,ll_bc,2.0,0.01,10000,50.0,5.98,6.04,5.998948304763432,1.0355329440788632,0.44999999999999996,,,,0.0036,0.014,1416.6666666666667,0.004386784066062062,0.45,0.17500000000000002,,,,
880,case_00880_dfig_like_ll_bc_scr2.0_n0.010_r4.csv,/root/phd_thesis/Z_Synthetic_Family_Library_v2/waveforms/case_00880_dfig_like_ll_bc_scr2.0_n0.010_r4.csv,dfig_like,ll_bc,2.0,0.01,10000,50.0,5.98,6.04,5.999123688300407,1.035414030700007,0.44999999999999996,,,,0.0036,0.014,1416.6666666666667,0.004786288725063248,0.45,0.17500000000000002,,,,
881,case_00881_dfig_like_ll_bc_scr2.0_n0.010_r5.csv,/root/phd_thesis/Z_Synthetic_Family_Library_v2/waveforms/case_00881_dfig_like_ll_bc_scr2.0_n0.010_r5.csv,dfig_like,ll_bc,2.0,0.01,10000,50.0,5.98,6.04,5.997582875348229,1.0540458549363398,0.44999999999999996,,,,0.0036,0.014,1416.6666666666667,0.004892095414331768,0.45,0.17500000000000002,,,,
882,case_00882_dfig_like_ll_bc_scr2.0_n0.010_r6.csv,/root/phd_thesis/Z_Synthetic_Family_Library_v2/waveforms/case_00882_dfig_like_ll_bc_scr2.0_n0.010_r6.csv,dfig_like,ll_bc,2.0,0.01,10000,50.0,5.98,6.04,5.998168732138311,1.0661601226132609,0.44999999999999996,,,,0.0036,0.014,1416.6666666666667,0.004821052819740647,0.45,0.17500000000000002,,,,
883,case_00883_dfig_like_ll_bc_scr3.0_n0.002_r1.csv,/root/phd_thesis/Z_Synthetic_Family_Library_v2/waveforms/case_00883_dfig_like_ll_bc_scr3.0_n0.002_r1.csv,dfig_like,ll_bc,3.0,0.002,10000,50.0,5.98,6.04,5.9987060684481,1.0359118245255816,0.3,,,,0.003,0.012,1500.0,0.0037795382747878065,0.38,0.15000000000000002,,,,
884,case_00884_dfig_like_ll_bc_scr3.0_n0.002_r2.csv,/root/phd_thesis/Z_Synthetic_Family_Library_v2/waveforms/case_00884_dfig_like_ll_bc_scr3.0_n0.002_r2.csv,dfig_like,ll_bc,3.0,0.002,10000,50.0,5.98,6.04,5.9975591187198125,1.0279440356815874,0.3,,,,0.003,0.012,1500.0,0.004139037684666441,0.38,0.15000000000000002,,,,
885,case_00885_dfig_like_ll_bc_scr3.0_n0.002_r3.csv,/root/phd_thesis/Z_Synthetic_Family_Library_v2/waveforms/case_00885_dfig_like_ll_bc_scr3.0_n0.002_r3.csv,dfig_like,ll_bc,3.0,0.002,10000,50.0,5.98,6.04,5.998478616977668,1.008313649431351,0.3,,,,0.003,0.012,1500.0,0.004159790802569225,0.38,0.15000000000000002,,,,
886,case_00886_dfig_like_ll_bc_scr3.0_n0.002_r4.csv,/root/phd_thesis/Z_Synthetic_Family_Library_v2/waveforms/case_00886_dfig_like_ll_bc_scr3.0_n0.002_r4.csv,dfig_like,ll_bc,3.0,0.002,10000,50.0,5.98,6.04,6.000042799399389,1.0253902073958552,0.3,,,,0.003,0.012,1500.0,0.004298894719056634,0.38,0.15000000000000002,,,,
887,case_00887_dfig_like_ll_bc_scr3.0_n0.002_r5.csv,/root/phd_thesis/Z_Synthetic_Family_Library_v2/waveforms/case_00887_dfig_like_ll_bc_scr3.0_n0.002_r5.csv,dfig_like,ll_bc,3.0,0.002,10000,50.0,5.98,6.04,5.997763973183046,1.0076608897387038,0.3,,,,0.003,0.012,1500.0,0.004147360877940404,0.38,0.15000000000000002,,,,
888,case_00888_dfig_like_ll_bc_scr3.0_n0.002_r6.csv,/root/phd_thesis/Z_Synthetic_Family_Library_v2/waveforms/case_00888_dfig_like_ll_bc_scr3.0_n0.002_r6.csv,dfig_like,ll_bc,3.0,0.002,10000,50.0,5.98,6.04,6.0000057238549624,1.0515795953490352,0.3,,,,0.003,0.012,1500.0,0.0038941339546605096,0.38,0.15000000000000002,,,,
889,case_00889_dfig_like_ll_bc_scr3.0_n0.005_r1.csv,/root/phd_thesis/Z_Synthetic_Family_Library_v2/waveforms/case_00889_dfig_like_ll_bc_scr3.0_n0.005_r1.csv,dfig_like,ll_bc,3.0,0.005,10000,50.0,5.98,6.04,5.999178740016346,1.0269498283539562,0.3,,,,0.003,0.012,1500.0,0.003768603611599001,0.38,0.15000000000000002,,,,
890,case_00890_dfig_like_ll_bc_scr3.0_n0.005_r2.csv,/root/phd_thesis/Z_Synthetic_Family_Library_v2/waveforms/case_00890_dfig_like_ll_bc_scr3.0_n0.005_r2.csv,dfig_like,ll_bc,3.0,0.005,10000,50.0,5.98,6.04,6.000179256700321,1.0593508114895516,0.3,,,,0.003,0.012,1500.0,0.004125246269426805,0.38,0.15000000000000002,,,,
891,case_00891_dfig_like_ll_bc_scr3.0_n0.005_r3.csv,/root/phd_thesis/Z_Synthetic_Family_Library_v2/waveforms/case_00891_dfig_like_ll_bc_scr3.0_n0.005_r3.csv,dfig_like,ll_bc,3.0,0.005,10000,50.0,5.98,6.04,5.9992301991414445,1.031182246963832,0.3,,,,0.003,0.012,1500.0,0.004137272303497181,0.38,0.15000000000000002,,,,
892,case_00892_dfig_like_ll_bc_scr3.0_n0.005_r4.csv,/root/phd_thesis/Z_Synthetic_Family_Library_v2/waveforms/case_00892_dfig_like_ll_bc_scr3.0_n0.005_r4.csv,dfig_like,ll_bc,3.0,0.005,10000,50.0,5.98,6.04,5.998103525528577,1.040664922304382,0.3,,,,0.003,0.012,1500.0,0.0040029854721787585,0.38,0.15000000000000002,,,,
893,case_00893_dfig_like_ll_bc_scr3.0_n0.005_r5.csv,/root/phd_thesis/Z_Synthetic_Family_Library_v2/waveforms/case_00893_dfig_like_ll_bc_scr3.0_n0.005_r5.csv,dfig_like,ll_bc,3.0,0.005,10000,50.0,5.98,6.04,5.997737499166885,1.0571093620944552,0.3,,,,0.003,0.012,1500.0,0.0038611991528264243,0.38,0.15000000000000002,,,,
894,case_00894_dfig_like_ll_bc_scr3.0_n0.005_r6.csv,/root/phd_thesis/Z_Synthetic_Family_Library_v2/waveforms/case_00894_dfig_like_ll_bc_scr3.0_n0.005_r6.csv,dfig_like,ll_bc,3.0,0.005,10000,50.0,5.98,6.04,5.999959640452534,1.0095709570348956,0.3,,,,0.003,0.012,1500.0,0.003918281308753114,0.38,0.15000000000000002,,,,
895,case_00895_dfig_like_ll_bc_scr3.0_n0.010_r1.csv,/root/phd_thesis/Z_Synthetic_Family_Library_v2/waveforms/case_00895_dfig_like_ll_bc_scr3.0_n0.010_r1.csv,dfig_like,ll_bc,3.0,0.01,10000,50.0,5.98,6.04,5.997822392806691,1.0225671378058778,0.3,,,,0.003,0.012,1500.0,0.004286833022218864,0.38,0.15000000000000002,,,,
896,case_00896_dfig_like_ll_bc_scr3.0_n0.010_r2.csv,/root/phd_thesis/Z_Synthetic_Family_Library_v2/waveforms/case_00896_dfig_like_ll_bc_scr3.0_n0.010_r2.csv,dfig_like,ll_bc,3.0,0.01,10000,50.0,5.98,6.04,5.998431710104322,1.0190806141006474,0.3,,,,0.003,0.012,1500.0,0.004233493963225677,0.38,0.15000000000000002,,,,
897,case_00897_dfig_like_ll_bc_scr3.0_n0.010_r3.csv,/root/phd_thesis/Z_Synthetic_Family_Library_v2/waveforms/case_00897_dfig_like_ll_bc_scr3.0_n0.010_r3.csv,dfig_like,ll_bc,3.0,0.01,10000,50.0,5.98,6.04,5.997690234450521,1.0737241960411574,0.3,,,,0.003,0.012,1500.0,0.003702292350920464,0.38,0.15000000000000002,,,,
898,case_00898_dfig_like_ll_bc_scr3.0_n0.010_r4.csv,/root/phd_thesis/Z_Synthetic_Family_Library_v2/waveforms/case_00898_dfig_like_ll_bc_scr3.0_n0.010_r4.csv,dfig_like,ll_bc,3.0,0.01,10000,50.0,5.98,6.04,5.99983651699561,1.0078699790867645,0.3,,,,0.003,0.012,1500.0,0.004068782852358574,0.38,0.15000000000000002,,,,
899,case_00899_dfig_like_ll_bc_scr3.0_n0.010_r5.csv,/root/phd_thesis/Z_Synthetic_Family_Library_v2/waveforms/case_00899_dfig_like_ll_bc_scr3.0_n0.010_r5.csv,dfig_like,ll_bc,3.0,0.01,10000,50.0,5.98,6.04,5.999359459148238,1.067002033654753,0.3,,,,0.003,0.012,1500.0,0.004151278603670093,0.38,0.15000000000000002,,,,
900,case_00900_dfig_like_ll_bc_scr3.0_n0.010_r6.csv,/root/phd_thesis/Z_Synthetic_Family_Library_v2/waveforms/case_00900_dfig_like_ll_bc_scr3.0_n0.010_r6.csv,dfig_like,ll_bc,3.0,0.01,10000,50.0,5.98,6.04,5.998624079024529,1.0045048391970082,0.3,,,,0.003,0.012,1500.0,0.003912978829124202,0.38,0.15000000000000002,,,,
901,case_00901_dfig_like_ll_bc_scr5.0_n0.002_r1.csv,/root/phd_thesis/Z_Synthetic_Family_Library_v2/waveforms/case_00901_dfig_like_ll_bc_scr5.0_n0.002_r1.csv,dfig_like,ll_bc,5.0,0.002,10000,50.0,5.98,6.04,5.998524592991216,1.02817462298617,0.18,,,,0.0025199999999999997,0.0104,1666.6666666666667,0.0032621480998681293,0.324,0.13,,,,
902,case_00902_dfig_like_ll_bc_scr5.0_n0.002_r2.csv,/root/phd_thesis/Z_Synthetic_Family_Library_v2/waveforms/case_00902_dfig_like_ll_bc_scr5.0_n0.002_r2.csv,dfig_like,ll_bc,5.0,0.002,10000,50.0,5.98,6.04,5.999410801168052,1.0495968848013968,0.18,,,,0.0025199999999999997,0.0104,1666.6666666666667,0.0033751937924066657,0.324,0.13,,,,
903,case_00903_dfig_like_ll_bc_scr5.0_n0.002_r3.csv,/root/phd_thesis/Z_Synthetic_Family_Library_v2/waveforms/case_00903_dfig_like_ll_bc_scr5.0_n0.002_r3.csv,dfig_like,ll_bc,5.0,0.002,10000,50.0,5.98,6.04,6.000375599036564,1.0182554220670688,0.18,,,,0.0025199999999999997,0.0104,1666.6666666666667,0.0035494871591175295,0.324,0.13,,,,
904,case_00904_dfig_like_ll_bc_scr5.0_n0.002_r4.csv,/root/phd_thesis/Z_Synthetic_Family_Library_v2/waveforms/case_00904_dfig_like_ll_bc_scr5.0_n0.002_r4.csv,dfig_like,ll_bc,5.0,0.002,10000,50.0,5.98,6.04,5.998180196423094,1.0463558736802356,0.18,,,,0.0025199999999999997,0.0104,1666.6666666666667,0.00370247428866704,0.324,0.13,,,,
905,case_00905_dfig_like_ll_bc_scr5.0_n0.002_r5.csv,/root/phd_thesis/Z_Synthetic_Family_Library_v2/waveforms/case_00905_dfig_like_ll_bc_scr5.0_n0.002_r5.csv,dfig_like,ll_bc,5.0,0.002,10000,50.0,5.98,6.04,6.000292290239794,1.027385293754336,0.18,,,,0.0025199999999999997,0.0104,1666.6666666666667,0.003690676934413403,0.324,0.13,,,,
906,case_00906_dfig_like_ll_bc_scr5.0_n0.002_r6.csv,/root/phd_thesis/Z_Synthetic_Family_Library_v2/waveforms/case_00906_dfig_like_ll_bc_scr5.0_n0.002_r6.csv,dfig_like,ll_bc,5.0,0.002,10000,50.0,5.98,6.04,5.999123213528162,1.0753401196356218,0.18,,,,0.0025199999999999997,0.0104,1666.6666666666667,0.0035924034708972917,0.324,0.13,,,,
907,case_00907_dfig_like_ll_bc_scr5.0_n0.005_r1.csv,/root/phd_thesis/Z_Synthetic_Family_Library_v2/waveforms/case_00907_dfig_like_ll_bc_scr5.0_n0.005_r1.csv,dfig_like,ll_bc,5.0,0.005,10000,50.0,5.98,6.04,5.997896044635133,1.0671000800871975,0.18,,,,0.0025199999999999997,0.0104,1666.6666666666667,0.0034353213405015114,0.324,0.13,,,,
908,case_00908_dfig_like_ll_bc_scr5.0_n0.005_r2.csv,/root/phd_thesis/Z_Synthetic_Family_Library_v2/waveforms/case_00908_dfig_like_ll_bc_scr5.0_n0.005_r2.csv,dfig_like,ll_bc,5.0,0.005,10000,50.0,5.98,6.04,5.99999803441371,1.06042716815047,0.18,,,,0.0025199999999999997,0.0104,1666.6666666666667,0.0034850796919284844,0.324,0.13,,,,
909,case_00909_dfig_like_ll_bc_scr5.0_n0.005_r3.csv,/root/phd_thesis/Z_Synthetic_Family_Library_v2/waveforms/case_00909_dfig_like_ll_bc_scr5.0_n0.005_r3.csv,dfig_like,ll_bc,5.0,0.005,10000,50.0,5.98,6.04,5.99814242112237,1.0723724397606724,0.18,,,,0.0025199999999999997,0.0104,1666.6666666666667,0.0033430236858190622,0.324,0.13,,,,
910,case_00910_dfig_like_ll_bc_scr5.0_n0.005_r4.csv,/root/phd_thesis/Z_Synthetic_Family_Library_v2/waveforms/case_00910_dfig_like_ll_bc_scr5.0_n0.005_r4.csv,dfig_like,ll_bc,5.0,0.005,10000,50.0,5.98,6.04,5.998639374428364,1.0002635738958843,0.18,,,,0.0025199999999999997,0.0104,1666.6666666666667,0.00358848239785546,0.324,0.13,,,,
911,case_00911_dfig_like_ll_bc_scr5.0_n0.005_r5.csv,/root/phd_thesis/Z_Synthetic_Family_Library_v2/waveforms/case_00911_dfig_like_ll_bc_scr5.0_n0.005_r5.csv,dfig_like,ll_bc,5.0,0.005,10000,50.0,5.98,6.04,5.999076348146777,1.0016567608453466,0.18,,,,0.0025199999999999997,0.0104,1666.6666666666667,0.00325668304215426,0.324,0.13,,,,
912,case_00912_dfig_like_ll_bc_scr5.0_n0.005_r6.csv,/root/phd_thesis/Z_Synthetic_Family_Library_v2/waveforms/case_00912_dfig_like_ll_bc_scr5.0_n0.005_r6.csv,dfig_like,ll_bc,5.0,0.005,10000,50.0,5.98,6.04,5.998921591891926,1.07286782648172,0.18,,,,0.0025199999999999997,0.0104,1666.6666666666667,0.003731940751550417,0.324,0.13,,,,
913,case_00913_dfig_like_ll_bc_scr5.0_n0.010_r1.csv,/root/phd_thesis/Z_Synthetic_Family_Library_v2/waveforms/case_00913_dfig_like_ll_bc_scr5.0_n0.010_r1.csv,dfig_like,ll_bc,5.0,0.01,10000,50.0,5.98,6.04,5.999107368038904,1.0271367722343951,0.18,,,,0.0025199999999999997,0.0104,1666.6666666666667,0.00345101822107083,0.324,0.13,,,,
914,case_00914_dfig_like_ll_bc_scr5.0_n0.010_r2.csv,/root/phd_thesis/Z_Synthetic_Family_Library_v2/waveforms/case_00914_dfig_like_ll_bc_scr5.0_n0.010_r2.csv,dfig_like,ll_bc,5.0,0.01,10000,50.0,5.98,6.04,5.999180733899277,1.0311336636245085,0.18,,,,0.0025199999999999997,0.0104,1666.6666666666667,0.003657038343438651,0.324,0.13,,,,
915,case_00915_dfig_like_ll_bc_scr5.0_n0.010_r3.csv,/root/phd_thesis/Z_Synthetic_Family_Library_v2/waveforms/case_00915_dfig_like_ll_bc_scr5.0_n0.010_r3.csv,dfig_like,ll_bc,5.0,0.01,10000,50.0,5.98,6.04,5.9980872616527146,1.0395483297257333,0.18,,,,0.0025199999999999997,0.0104,1666.6666666666667,0.0035093474530943324,0.324,0.13,,,,
916,case_00916_dfig_like_ll_bc_scr5.0_n0.010_r4.csv,/root/phd_thesis/Z_Synthetic_Family_Library_v2/waveforms/case_00916_dfig_like_ll_bc_scr5.0_n0.010_r4.csv,dfig_like,ll_bc,5.0,0.01,10000,50.0,5.98,6.04,5.998417745852323,1.0722652741934244,0.18,,,,0.0025199999999999997,0.0104,1666.6666666666667,0.0034272624255570986,0.324,0.13,,,,
917,case_00917_dfig_like_ll_bc_scr5.0_n0.010_r5.csv,/root/phd_thesis/Z_Synthetic_Family_Library_v2/waveforms/case_00917_dfig_like_ll_bc_scr5.0_n0.010_r5.csv,dfig_like,ll_bc,5.0,0.01,10000,50.0,5.98,6.04,5.997857245027642,1.0231659726051974,0.18,,,,0.0025199999999999997,0.0104,1666.6666666666667,0.003761137700594403,0.324,0.13,,,,
918,case_00918_dfig_like_ll_bc_scr5.0_n0.010_r6.csv,/root/phd_thesis/Z_Synthetic_Family_Library_v2/waveforms/case_00918_dfig_like_ll_bc_scr5.0_n0.010_r6.csv,dfig_like,ll_bc,5.0,0.01,10000,50.0,5.98,6.04,5.998531749505846,1.0339408253234448,0.18,,,,0.0025199999999999997,0.0104,1666.6666666666667,0.003424502079825857,0.324,0.13,,,,
919,case_00919_dfig_like_ll_bc_scr8.0_n0.002_r1.csv,/root/phd_thesis/Z_Synthetic_Family_Library_v2/waveforms/case_00919_dfig_like_ll_bc_scr8.0_n0.002_r1.csv,dfig_like,ll_bc,8.0,0.002,10000,50.0,5.98,6.04,6.000026657556824,1.018913457245817,0.12,,,,0.00225,0.0095,1916.6666666666665,0.003236912089317986,0.2925,0.11875000000000001,,,,
920,case_00920_dfig_like_ll_bc_scr8.0_n0.002_r2.csv,/root/phd_thesis/Z_Synthetic_Family_Library_v2/waveforms/case_00920_dfig_like_ll_bc_scr8.0_n0.002_r2.csv,dfig_like,ll_bc,8.0,0.002,10000,50.0,5.98,6.04,6.000369464020003,1.0506992574805616,0.12,,,,0.00225,0.0095,1916.6666666666665,0.003439312153630027,0.2925,0.11875000000000001,,,,
921,case_00921_dfig_like_ll_bc_scr8.0_n0.002_r3.csv,/root/phd_thesis/Z_Synthetic_Family_Library_v2/waveforms/case_00921_dfig_like_ll_bc_scr8.0_n0.002_r3.csv,dfig_like,ll_bc,8.0,0.002,10000,50.0,5.98,6.04,5.997854258772377,1.007333388267909,0.12,,,,0.00225,0.0095,1916.6666666666665,0.002987696122398471,0.2925,0.11875000000000001,,,,
922,case_00922_dfig_like_ll_bc_scr8.0_n0.002_r4.csv,/root/phd_thesis/Z_Synthetic_Family_Library_v2/waveforms/case_00922_dfig_like_ll_bc_scr8.0_n0.002_r4.csv,dfig_like,ll_bc,8.0,0.002,10000,50.0,5.98,6.04,5.9980469459509465,1.0598365972895407,0.12,,,,0.00225,0.0095,1916.6666666666665,0.003462170590481643,0.2925,0.11875000000000001,,,,
923,case_00923_dfig_like_ll_bc_scr8.0_n0.002_r5.csv,/root/phd_thesis/Z_Synthetic_Family_Library_v2/waveforms/case_00923_dfig_like_ll_bc_scr8.0_n0.002_r5.csv,dfig_like,ll_bc,8.0,0.002,10000,50.0,5.98,6.04,5.998954555975329,1.047278894224897,0.12,,,,0.00225,0.0095,1916.6666666666665,0.003220066722812105,0.2925,0.11875000000000001,,,,
924,case_00924_dfig_like_ll_bc_scr8.0_n0.002_r6.csv,/root/phd_thesis/Z_Synthetic_Family_Library_v2/waveforms/case_00924_dfig_like_ll_bc_scr8.0_n0.002_r6.csv,dfig_like,ll_bc,8.0,0.002,10000,50.0,5.98,6.04,5.998993652318916,1.0008734127589285,0.12,,,,0.00225,0.0095,1916.6666666666665,0.003036929101043809,0.2925,0.11875000000000001,,,,
925,case_00925_dfig_like_ll_bc_scr8.0_n0.005_r1.csv,/root/phd_thesis/Z_Synthetic_Family_Library_v2/waveforms/case_00925_dfig_like_ll_bc_scr8.0_n0.005_r1.csv,dfig_like,ll_bc,8.0,0.005,10000,50.0,5.98,6.04,5.999033748454249,1.0264850494244697,0.12,,,,0.00225,0.0095,1916.6666666666665,0.0033914272995582513,0.2925,0.11875000000000001,,,,
926,case_00926_dfig_like_ll_bc_scr8.0_n0.005_r2.csv,/root/phd_thesis/Z_Synthetic_Family_Library_v2/waveforms/case_00926_dfig_like_ll_bc_scr8.0_n0.005_r2.csv,dfig_like,ll_bc,8.0,0.005,10000,50.0,5.98,6.04,5.9995482977649885,1.0399544444084239,0.12,,,,0.00225,0.0095,1916.6666666666665,0.0031363550526039134,0.2925,0.11875000000000001,,,,
927,case_00927_dfig_like_ll_bc_scr8.0_n0.005_r3.csv,/root/phd_thesis/Z_Synthetic_Family_Library_v2/waveforms/case_00927_dfig_like_ll_bc_scr8.0_n0.005_r3.csv,dfig_like,ll_bc,8.0,0.005,10000,50.0,5.98,6.04,5.997722377067677,1.0141233244249386,0.12,,,,0.00225,0.0095,1916.6666666666665,0.003036533305015781,0.2925,0.11875000000000001,,,,
928,case_00928_dfig_like_ll_bc_scr8.0_n0.005_r4.csv,/root/phd_thesis/Z_Synthetic_Family_Library_v2/waveforms/case_00928_dfig_like_ll_bc_scr8.0_n0.005_r4.csv,dfig_like,ll_bc,8.0,0.005,10000,50.0,5.98,6.04,5.998305778966401,1.0313498981369882,0.12,,,,0.00225,0.0095,1916.6666666666665,0.00349151490604632,0.2925,0.11875000000000001,,,,
929,case_00929_dfig_like_ll_bc_scr8.0_n0.005_r5.csv,/root/phd_thesis/Z_Synthetic_Family_Library_v2/waveforms/case_00929_dfig_like_ll_bc_scr8.0_n0.005_r5.csv,dfig_like,ll_bc,8.0,0.005,10000,50.0,5.98,6.04,5.997941059545933,1.0313096128292245,0.12,,,,0.00225,0.0095,1916.6666666666665,0.0032590520214174626,0.2925,0.11875000000000001,,,,
930,case_00930_dfig_like_ll_bc_scr8.0_n0.005_r6.csv,/root/phd_thesis/Z_Synthetic_Family_Library_v2/waveforms/case_00930_dfig_like_ll_bc_scr8.0_n0.005_r6.csv,dfig_like,ll_bc,8.0,0.005,10000,50.0,5.98,6.04,6.000175586716468,1.0778902004448996,0.12,,,,0.00225,0.0095,1916.6666666666665,0.0033636964149410626,0.2925,0.11875000000000001,,,,
931,case_00931_dfig_like_ll_bc_scr8.0_n0.010_r1.csv,/root/phd_thesis/Z_Synthetic_Family_Library_v2/waveforms/case_00931_dfig_like_ll_bc_scr8.0_n0.010_r1.csv,dfig_like,ll_bc,8.0,0.01,10000,50.0,5.98,6.04,5.998868098807667,1.0082876133014937,0.12,,,,0.00225,0.0095,1916.6666666666665,0.0034490986809843755,0.2925,0.11875000000000001,,,,
932,case_00932_dfig_like_ll_bc_scr8.0_n0.010_r2.csv,/root/phd_thesis/Z_Synthetic_Family_Library_v2/waveforms/case_00932_dfig_like_ll_bc_scr8.0_n0.010_r2.csv,dfig_like,ll_bc,8.0,0.01,10000,50.0,5.98,6.04,5.99928516895697,1.025777052823284,0.12,,,,0.00225,0.0095,1916.6666666666665,0.003364081734656935,0.2925,0.11875000000000001,,,,
933,case_00933_dfig_like_ll_bc_scr8.0_n0.010_r3.csv,/root/phd_thesis/Z_Synthetic_Family_Library_v2/waveforms/case_00933_dfig_like_ll_bc_scr8.0_n0.010_r3.csv,dfig_like,ll_bc,8.0,0.01,10000,50.0,5.98,6.04,6.000021445982754,1.0263307645164892,0.12,,,,0.00225,0.0095,1916.6666666666665,0.003230966665096625,0.2925,0.11875000000000001,,,,
934,case_00934_dfig_like_ll_bc_scr8.0_n0.010_r4.csv,/root/phd_thesis/Z_Synthetic_Family_Library_v2/waveforms/case_00934_dfig_like_ll_bc_scr8.0_n0.010_r4.csv,dfig_like,ll_bc,8.0,0.01,10000,50.0,5.98,6.04,5.998786626684036,1.0663365002177032,0.12,,,,0.00225,0.0095,1916.6666666666665,0.0032227128865329763,0.2925,0.11875000000000001,,,,
935,case_00935_dfig_like_ll_bc_scr8.0_n0.010_r5.csv,/root/phd_thesis/Z_Synthetic_Family_Library_v2/waveforms/case_00935_dfig_like_ll_bc_scr8.0_n0.010_r5.csv,dfig_like,ll_bc,8.0,0.01,10000,50.0,5.98,6.04,5.998194023447574,1.0628885062692788,0.12,,,,0.00225,0.0095,1916.6666666666665,0.0030324775316226287,0.2925,0.11875000000000001,,,,
936,case_00936_dfig_like_ll_bc_scr8.0_n0.010_r6.csv,/root/phd_thesis/Z_Synthetic_Family_Library_v2/waveforms/case_00936_dfig_like_ll_bc_scr8.0_n0.010_r6.csv,dfig_like,ll_bc,8.0,0.01,10000,50.0,5.98,6.04,5.998504365143432,1.017164097037281,0.12,,,,0.00225,0.0095,1916.6666666666665,0.0030810867794051626,0.2925,0.11875000000000001,,,,
937,case_00937_dfig_like_ll_ca_scr2.0_n0.002_r1.csv,/root/phd_thesis/Z_Synthetic_Family_Library_v2/waveforms/case_00937_dfig_like_ll_ca_scr2.0_n0.002_r1.csv,dfig_like,ll_ca,2.0,0.002,10000,50.0,5.98,6.04,5.999390892281039,1.0310112524728445,0.44999999999999996,,,,0.0036,0.014,1416.6666666666667,0.0047139090725112015,0.45,0.17500000000000002,,,,
938,case_00938_dfig_like_ll_ca_scr2.0_n0.002_r2.csv,/root/phd_thesis/Z_Synthetic_Family_Library_v2/waveforms/case_00938_dfig_like_ll_ca_scr2.0_n0.002_r2.csv,dfig_like,ll_ca,2.0,0.002,10000,50.0,5.98,6.04,5.9991562080810645,1.000856428230286,0.44999999999999996,,,,0.0036,0.014,1416.6666666666667,0.004433025477249711,0.45,0.17500000000000002,,,,
939,case_00939_dfig_like_ll_ca_scr2.0_n0.002_r3.csv,/root/phd_thesis/Z_Synthetic_Family_Library_v2/waveforms/case_00939_dfig_like_ll_ca_scr2.0_n0.002_r3.csv,dfig_like,ll_ca,2.0,0.002,10000,50.0,5.98,6.04,5.997991188988096,1.0008422635209695,0.44999999999999996,,,,0.0036,0.014,1416.6666666666667,0.0045182200449793335,0.45,0.17500000000000002,,,,
940,case_00940_dfig_like_ll_ca_scr2.0_n0.002_r4.csv,/root/phd_thesis/Z_Synthetic_Family_Library_v2/waveforms/case_00940_dfig_like_ll_ca_scr2.0_n0.002_r4.csv,dfig_like,ll_ca,2.0,0.002,10000,50.0,5.98,6.04,5.998150558337218,1.0529005647701233,0.44999999999999996,,,,0.0036,0.014,1416.6666666666667,0.004611381739334921,0.45,0.17500000000000002,,,,
941,case_00941_dfig_like_ll_ca_scr2.0_n0.002_r5.csv,/root/phd_thesis/Z_Synthetic_Family_Library_v2/waveforms/case_00941_dfig_like_ll_ca_scr2.0_n0.002_r5.csv,dfig_like,ll_ca,2.0,0.002,10000,50.0,5.98,6.04,5.998538479703816,1.054792043379174,0.44999999999999996,,,,0.0036,0.014,1416.6666666666667,0.004556924448342168,0.45,0.17500000000000002,,,,
942,case_00942_dfig_like_ll_ca_scr2.0_n0.002_r6.csv,/root/phd_thesis/Z_Synthetic_Family_Library_v2/waveforms/case_00942_dfig_like_ll_ca_scr2.0_n0.002_r6.csv,dfig_like,ll_ca,2.0,0.002,10000,50.0,5.98,6.04,5.999559492483603,1.0085302915906742,0.44999999999999996,,,,0.0036,0.014,1416.6666666666667,0.004628427653442965,0.45,0.17500000000000002,,,,
943,case_00943_dfig_like_ll_ca_scr2.0_n0.005_r1.csv,/root/phd_thesis/Z_Synthetic_Family_Library_v2/waveforms/case_00943_dfig_like_ll_ca_scr2.0_n0.005_r1.csv,dfig_like,ll_ca,2.0,0.005,10000,50.0,5.98,6.04,5.998047980925535,1.0164874583174834,0.44999999999999996,,,,0.0036,0.014,1416.6666666666667,0.004405741912116281,0.45,0.17500000000000002,,,,
944,case_00944_dfig_like_ll_ca_scr2.0_n0.005_r2.csv,/root/phd_thesis/Z_Synthetic_Family_Library_v2/waveforms/case_00944_dfig_like_ll_ca_scr2.0_n0.005_r2.csv,dfig_like,ll_ca,2.0,0.005,10000,50.0,5.98,6.04,5.998446073534354,1.0721474006135814,0.44999999999999996,,,,0.0036,0.014,1416.6666666666667,0.004456960740332741,0.45,0.17500000000000002,,,,
945,case_00945_dfig_like_ll_ca_scr2.0_n0.005_r3.csv,/root/phd_thesis/Z_Synthetic_Family_Library_v2/waveforms/case_00945_dfig_like_ll_ca_scr2.0_n0.005_r3.csv,dfig_like,ll_ca,2.0,0.005,10000,50.0,5.98,6.04,6.000190270061973,1.0799952644170296,0.44999999999999996,,,,0.0036,0.014,1416.6666666666667,0.004601435549623142,0.45,0.17500000000000002,,,,
946,case_00946_dfig_like_ll_ca_scr2.0_n0.005_r4.csv,/root/phd_thesis/Z_Synthetic_Family_Library_v2/waveforms/case_00946_dfig_like_ll_ca_scr2.0_n0.005_r4.csv,dfig_like,ll_ca,2.0,0.005,10000,50.0,5.98,6.04,5.999459232182544,1.0379285367580595,0.44999999999999996,,,,0.0036,0.014,1416.6666666666667,0.004848774989664689,0.45,0.17500000000000002,,,,
947,case_00947_dfig_like_ll_ca_scr2.0_n0.005_r5.csv,/root/phd_thesis/Z_Synthetic_Family_Library_v2/waveforms/case_00947_dfig_like_ll_ca_scr2.0_n0.005_r5.csv,dfig_like,ll_ca,2.0,0.005,10000,50.0,5.98,6.04,6.000203784521725,1.0017606737752816,0.44999999999999996,,,,0.0036,0.014,1416.6666666666667,0.004569306697419639,0.45,0.17500000000000002,,,,
948,case_00948_dfig_like_ll_ca_scr2.0_n0.005_r6.csv,/root/phd_thesis/Z_Synthetic_Family_Library_v2/waveforms/case_00948_dfig_like_ll_ca_scr2.0_n0.005_r6.csv,dfig_like,ll_ca,2.0,0.005,10000,50.0,5.98,6.04,5.999579549325241,1.052405594298,0.44999999999999996,,,,0.0036,0.014,1416.6666666666667,0.004642692713676302,0.45,0.17500000000000002,,,,
949,case_00949_dfig_like_ll_ca_scr2.0_n0.010_r1.csv,/root/phd_thesis/Z_Synthetic_Family_Library_v2/waveforms/case_00949_dfig_like_ll_ca_scr2.0_n0.010_r1.csv,dfig_like,ll_ca,2.0,0.01,10000,50.0,5.98,6.04,5.998981063013967,1.052178478615962,0.44999999999999996,,,,0.0036,0.014,1416.6666666666667,0.00480174024507032,0.45,0.17500000000000002,,,,
950,case_00950_dfig_like_ll_ca_scr2.0_n0.010_r2.csv,/root/phd_thesis/Z_Synthetic_Family_Library_v2/waveforms/case_00950_dfig_like_ll_ca_scr2.0_n0.010_r2.csv,dfig_like,ll_ca,2.0,0.01,10000,50.0,5.98,6.04,5.998996513104519,1.0293238378810465,0.44999999999999996,,,,0.0036,0.014,1416.6666666666667,0.004547746561792289,0.45,0.17500000000000002,,,,
951,case_00951_dfig_like_ll_ca_scr2.0_n0.010_r3.csv,/root/phd_thesis/Z_Synthetic_Family_Library_v2/waveforms/case_00951_dfig_like_ll_ca_scr2.0_n0.010_r3.csv,dfig_like,ll_ca,2.0,0.01,10000,50.0,5.98,6.04,5.997681101804624,1.044772671815249,0.44999999999999996,,,,0.0036,0.014,1416.6666666666667,0.004300040221501425,0.45,0.17500000000000002,,,,
952,case_00952_dfig_like_ll_ca_scr2.0_n0.010_r4.csv,/root/phd_thesis/Z_Synthetic_Family_Library_v2/waveforms/case_00952_dfig_like_ll_ca_scr2.0_n0.010_r4.csv,dfig_like,ll_ca,2.0,0.01,10000,50.0,5.98,6.04,6.000111953026645,1.0371058336873962,0.44999999999999996,,,,0.0036,0.014,1416.6666666666667,0.004676854170102053,0.45,0.17500000000000002,,,,
953,case_00953_dfig_like_ll_ca_scr2.0_n0.010_r5.csv,/root/phd_thesis/Z_Synthetic_Family_Library_v2/waveforms/case_00953_dfig_like_ll_ca_scr2.0_n0.010_r5.csv,dfig_like,ll_ca,2.0,0.01,10000,50.0,5.98,6.04,6.000032621314369,1.0249935383017756,0.44999999999999996,,,,0.0036,0.014,1416.6666666666667,0.004658454916061608,0.45,0.17500000000000002,,,,
954,case_00954_dfig_like_ll_ca_scr2.0_n0.010_r6.csv,/root/phd_thesis/Z_Synthetic_Family_Library_v2/waveforms/case_00954_dfig_like_ll_ca_scr2.0_n0.010_r6.csv,dfig_like,ll_ca,2.0,0.01,10000,50.0,5.98,6.04,5.997916442735316,1.0584134375987047,0.44999999999999996,,,,0.0036,0.014,1416.6666666666667,0.004560040973522247,0.45,0.17500000000000002,,,,
955,case_00955_dfig_like_ll_ca_scr3.0_n0.002_r1.csv,/root/phd_thesis/Z_Synthetic_Family_Library_v2/waveforms/case_00955_dfig_like_ll_ca_scr3.0_n0.002_r1.csv,dfig_like,ll_ca,3.0,0.002,10000,50.0,5.98,6.04,5.999851950185431,1.0339464298590904,0.3,,,,0.003,0.012,1500.0,0.0038739645324523957,0.38,0.15000000000000002,,,,
956,case_00956_dfig_like_ll_ca_scr3.0_n0.002_r2.csv,/root/phd_thesis/Z_Synthetic_Family_Library_v2/waveforms/case_00956_dfig_like_ll_ca_scr3.0_n0.002_r2.csv,dfig_like,ll_ca,3.0,0.002,10000,50.0,5.98,6.04,5.997866355906818,1.0777180954452055,0.3,,,,0.003,0.012,1500.0,0.0038324002512418274,0.38,0.15000000000000002,,,,
957,case_00957_dfig_like_ll_ca_scr3.0_n0.002_r3.csv,/root/phd_thesis/Z_Synthetic_Family_Library_v2/waveforms/case_00957_dfig_like_ll_ca_scr3.0_n0.002_r3.csv,dfig_like,ll_ca,3.0,0.002,10000,50.0,5.98,6.04,5.998076843006341,1.0352008735430116,0.3,,,,0.003,0.012,1500.0,0.004008740715424249,0.38,0.15000000000000002,,,,
958,case_00958_dfig_like_ll_ca_scr3.0_n0.002_r4.csv,/root/phd_thesis/Z_Synthetic_Family_Library_v2/waveforms/case_00958_dfig_like_ll_ca_scr3.0_n0.002_r4.csv,dfig_like,ll_ca,3.0,0.002,10000,50.0,5.98,6.04,5.999665510221314,1.010759718925414,0.3,,,,0.003,0.012,1500.0,0.004197745849636716,0.38,0.15000000000000002,,,,
959,case_00959_dfig_like_ll_ca_scr3.0_n0.002_r5.csv,/root/phd_thesis/Z_Synthetic_Family_Library_v2/waveforms/case_00959_dfig_like_ll_ca_scr3.0_n0.002_r5.csv,dfig_like,ll_ca,3.0,0.002,10000,50.0,5.98,6.04,5.9996751609125765,1.0416025051851003,0.3,,,,0.003,0.012,1500.0,0.004020725492439442,0.38,0.15000000000000002,,,,
960,case_00960_dfig_like_ll_ca_scr3.0_n0.002_r6.csv,/root/phd_thesis/Z_Synthetic_Family_Library_v2/waveforms/case_00960_dfig_like_ll_ca_scr3.0_n0.002_r6.csv,dfig_like,ll_ca,3.0,0.002,10000,50.0,5.98,6.04,5.999812746325196,1.0052203198638816,0.3,,,,0.003,0.012,1500.0,0.004249185588843794,0.38,0.15000000000000002,,,,
961,case_00961_dfig_like_ll_ca_scr3.0_n0.005_r1.csv,/root/phd_thesis/Z_Synthetic_Family_Library_v2/waveforms/case_00961_dfig_like_ll_ca_scr3.0_n0.005_r1.csv,dfig_like,ll_ca,3.0,0.005,10000,50.0,5.98,6.04,5.997606206617797,1.0183510562763558,0.3,,,,0.003,0.012,1500.0,0.004058485900232724,0.38,0.15000000000000002,,,,
962,case_00962_dfig_like_ll_ca_scr3.0_n0.005_r2.csv,/root/phd_thesis/Z_Synthetic_Family_Library_v2/waveforms/case_00962_dfig_like_ll_ca_scr3.0_n0.005_r2.csv,dfig_like,ll_ca,3.0,0.005,10000,50.0,5.98,6.04,5.998684573929605,1.0667572767597864,0.3,,,,0.003,0.012,1500.0,0.004254114434641037,0.38,0.15000000000000002,,,,
963,case_00963_dfig_like_ll_ca_scr3.0_n0.005_r3.csv,/root/phd_thesis/Z_Synthetic_Family_Library_v2/waveforms/case_00963_dfig_like_ll_ca_scr3.0_n0.005_r3.csv,dfig_like,ll_ca,3.0,0.005,10000,50.0,5.98,6.04,6.000407257906539,1.0042862259325163,0.3,,,,0.003,0.012,1500.0,0.004072315271468982,0.38,0.15000000000000002,,,,
964,case_00964_dfig_like_ll_ca_scr3.0_n0.005_r4.csv,/root/phd_thesis/Z_Synthetic_Family_Library_v2/waveforms/case_00964_dfig_like_ll_ca_scr3.0_n0.005_r4.csv,dfig_like,ll_ca,3.0,0.005,10000,50.0,5.98,6.04,5.998616054274633,1.0519100642529577,0.3,,,,0.003,0.012,1500.0,0.003895196135413161,0.38,0.15000000000000002,,,,
965,case_00965_dfig_like_ll_ca_scr3.0_n0.005_r5.csv,/root/phd_thesis/Z_Synthetic_Family_Library_v2/waveforms/case_00965_dfig_like_ll_ca_scr3.0_n0.005_r5.csv,dfig_like,ll_ca,3.0,0.005,10000,50.0,5.98,6.04,5.999113894181352,1.0717020721723751,0.3,,,,0.003,0.012,1500.0,0.004147898203479098,0.38,0.15000000000000002,,,,
966,case_00966_dfig_like_ll_ca_scr3.0_n0.005_r6.csv,/root/phd_thesis/Z_Synthetic_Family_Library_v2/waveforms/case_00966_dfig_like_ll_ca_scr3.0_n0.005_r6.csv,dfig_like,ll_ca,3.0,0.005,10000,50.0,5.98,6.04,5.9975054413682045,1.0169266126607122,0.3,,,,0.003,0.012,1500.0,0.003947411297619964,0.38,0.15000000000000002,,,,
967,case_00967_dfig_like_ll_ca_scr3.0_n0.010_r1.csv,/root/phd_thesis/Z_Synthetic_Family_Library_v2/waveforms/case_00967_dfig_like_ll_ca_scr3.0_n0.010_r1.csv,dfig_like,ll_ca,3.0,0.01,10000,50.0,5.98,6.04,5.997862026393531,1.0735799730595292,0.3,,,,0.003,0.012,1500.0,0.003775654285395112,0.38,0.15000000000000002,,,,
968,case_00968_dfig_like_ll_ca_scr3.0_n0.010_r2.csv,/root/phd_thesis/Z_Synthetic_Family_Library_v2/waveforms/case_00968_dfig_like_ll_ca_scr3.0_n0.010_r2.csv,dfig_like,ll_ca,3.0,0.01,10000,50.0,5.98,6.04,5.997759396875592,1.059286076491114,0.3,,,,0.003,0.012,1500.0,0.003979362728391374,0.38,0.15000000000000002,,,,
969,case_00969_dfig_like_ll_ca_scr3.0_n0.010_r3.csv,/root/phd_thesis/Z_Synthetic_Family_Library_v2/waveforms/case_00969_dfig_like_ll_ca_scr3.0_n0.010_r3.csv,dfig_like,ll_ca,3.0,0.01,10000,50.0,5.98,6.04,5.997704366742918,1.0101644867839834,0.3,,,,0.003,0.012,1500.0,0.003779043680087753,0.38,0.15000000000000002,,,,
970,case_00970_dfig_like_ll_ca_scr3.0_n0.010_r4.csv,/root/phd_thesis/Z_Synthetic_Family_Library_v2/waveforms/case_00970_dfig_like_ll_ca_scr3.0_n0.010_r4.csv,dfig_like,ll_ca,3.0,0.01,10000,50.0,5.98,6.04,6.000479251218045,1.0719438542983115,0.3,,,,0.003,0.012,1500.0,0.00391306285262612,0.38,0.15000000000000002,,,,
971,case_00971_dfig_like_ll_ca_scr3.0_n0.010_r5.csv,/root/phd_thesis/Z_Synthetic_Family_Library_v2/waveforms/case_00971_dfig_like_ll_ca_scr3.0_n0.010_r5.csv,dfig_like,ll_ca,3.0,0.01,10000,50.0,5.98,6.04,6.000368048702113,1.0094456335245934,0.3,,,,0.003,0.012,1500.0,0.004110985822258539,0.38,0.15000000000000002,,,,
972,case_00972_dfig_like_ll_ca_scr3.0_n0.010_r6.csv,/root/phd_thesis/Z_Synthetic_Family_Library_v2/waveforms/case_00972_dfig_like_ll_ca_scr3.0_n0.010_r6.csv,dfig_like,ll_ca,3.0,0.01,10000,50.0,5.98,6.04,5.998592085235143,1.0177034365316395,0.3,,,,0.003,0.012,1500.0,0.004213367967113529,0.38,0.15000000000000002,,,,
973,case_00973_dfig_like_ll_ca_scr5.0_n0.002_r1.csv,/root/phd_thesis/Z_Synthetic_Family_Library_v2/waveforms/case_00973_dfig_like_ll_ca_scr5.0_n0.002_r1.csv,dfig_like,ll_ca,5.0,0.002,10000,50.0,5.98,6.04,5.99940502003312,1.0647304483149882,0.18,,,,0.0025199999999999997,0.0104,1666.6666666666667,0.0036157104686857836,0.324,0.13,,,,
974,case_00974_dfig_like_ll_ca_scr5.0_n0.002_r2.csv,/root/phd_thesis/Z_Synthetic_Family_Library_v2/waveforms/case_00974_dfig_like_ll_ca_scr5.0_n0.002_r2.csv,dfig_like,ll_ca,5.0,0.002,10000,50.0,5.98,6.04,5.998719427681194,1.0756774778971254,0.18,,,,0.0025199999999999997,0.0104,1666.6666666666667,0.0033963992400133226,0.324,0.13,,,,
975,case_00975_dfig_like_ll_ca_scr5.0_n0.002_r3.csv,/root/phd_thesis/Z_Synthetic_Family_Library_v2/waveforms/case_00975_dfig_like_ll_ca_scr5.0_n0.002_r3.csv,dfig_like,ll_ca,5.0,0.002,10000,50.0,5.98,6.04,5.998139437972711,1.071358326032697,0.18,,,,0.0025199999999999997,0.0104,1666.6666666666667,0.003675713857222568,0.324,0.13,,,,
976,case_00976_dfig_like_ll_ca_scr5.0_n0.002_r4.csv,/root/phd_thesis/Z_Synthetic_Family_Library_v2/waveforms/case_00976_dfig_like_ll_ca_scr5.0_n0.002_r4.csv,dfig_like,ll_ca,5.0,0.002,10000,50.0,5.98,6.04,5.998402085456629,1.0745728648160544,0.18,,,,0.0025199999999999997,0.0104,1666.6666666666667,0.0038045104916111985,0.324,0.13,,,,
977,case_00977_dfig_like_ll_ca_scr5.0_n0.002_r5.csv,/root/phd_thesis/Z_Synthetic_Family_Library_v2/waveforms/case_00977_dfig_like_ll_ca_scr5.0_n0.002_r5.csv,dfig_like,ll_ca,5.0,0.002,10000,50.0,5.98,6.04,5.998398071656245,1.0207616793374656,0.18,,,,0.0025199999999999997,0.0104,1666.6666666666667,0.003416813549211033,0.324,0.13,,,,
978,case_00978_dfig_like_ll_ca_scr5.0_n0.002_r6.csv,/root/phd_thesis/Z_Synthetic_Family_Library_v2/waveforms/case_00978_dfig_like_ll_ca_scr5.0_n0.002_r6.csv,dfig_like,ll_ca,5.0,0.002,10000,50.0,5.98,6.04,5.997764819268446,1.0603275971445696,0.18,,,,0.0025199999999999997,0.0104,1666.6666666666667,0.003259789289552626,0.324,0.13,,,,
979,case_00979_dfig_like_ll_ca_scr5.0_n0.005_r1.csv,/root/phd_thesis/Z_Synthetic_Family_Library_v2/waveforms/case_00979_dfig_like_ll_ca_scr5.0_n0.005_r1.csv,dfig_like,ll_ca,5.0,0.005,10000,50.0,5.98,6.04,5.999052674406198,1.0138349839484642,0.18,,,,0.0025199999999999997,0.0104,1666.6666666666667,0.003319786641643173,0.324,0.13,,,,
980,case_00980_dfig_like_ll_ca_scr5.0_n0.005_r2.csv,/root/phd_thesis/Z_Synthetic_Family_Library_v2/waveforms/case_00980_dfig_like_ll_ca_scr5.0_n0.005_r2.csv,dfig_like,ll_ca,5.0,0.005,10000,50.0,5.98,6.04,5.998908627740911,1.019011077808094,0.18,,,,0.0025199999999999997,0.0104,1666.6666666666667,0.003590793229252819,0.324,0.13,,,,
981,case_00981_dfig_like_ll_ca_scr5.0_n0.005_r3.csv,/root/phd_thesis/Z_Synthetic_Family_Library_v2/waveforms/case_00981_dfig_like_ll_ca_scr5.0_n0.005_r3.csv,dfig_like,ll_ca,5.0,0.005,10000,50.0,5.98,6.04,5.997568655197823,1.0455374231369516,0.18,,,,0.0025199999999999997,0.0104,1666.6666666666667,0.0034688142632733833,0.324,0.13,,,,
982,case_00982_dfig_like_ll_ca_scr5.0_n0.005_r4.csv,/root/phd_thesis/Z_Synthetic_Family_Library_v2/waveforms/case_00982_dfig_like_ll_ca_scr5.0_n0.005_r4.csv,dfig_like,ll_ca,5.0,0.005,10000,50.0,5.98,6.04,5.998959442499485,1.0311062241322924,0.18,,,,0.0025199999999999997,0.0104,1666.6666666666667,0.003595905243005584,0.324,0.13,,,,
983,case_00983_dfig_like_ll_ca_scr5.0_n0.005_r5.csv,/root/phd_thesis/Z_Synthetic_Family_Library_v2/waveforms/case_00983_dfig_like_ll_ca_scr5.0_n0.005_r5.csv,dfig_like,ll_ca,5.0,0.005,10000,50.0,5.98,6.04,5.998024786125072,1.0599228393278384,0.18,,,,0.0025199999999999997,0.0104,1666.6666666666667,0.0034787955529077194,0.324,0.13,,,,
984,case_00984_dfig_like_ll_ca_scr5.0_n0.005_r6.csv,/root/phd_thesis/Z_Synthetic_Family_Library_v2/waveforms/case_00984_dfig_like_ll_ca_scr5.0_n0.005_r6.csv,dfig_like,ll_ca,5.0,0.005,10000,50.0,5.98,6.04,5.999765429379969,1.0459648148966647,0.18,,,,0.0025199999999999997,0.0104,1666.6666666666667,0.0037455888014687085,0.324,0.13,,,,
985,case_00985_dfig_like_ll_ca_scr5.0_n0.010_r1.csv,/root/phd_thesis/Z_Synthetic_Family_Library_v2/waveforms/case_00985_dfig_like_ll_ca_scr5.0_n0.010_r1.csv,dfig_like,ll_ca,5.0,0.01,10000,50.0,5.98,6.04,5.9982578562256865,1.028977124073548,0.18,,,,0.0025199999999999997,0.0104,1666.6666666666667,0.003221131783317632,0.324,0.13,,,,
986,case_00986_dfig_like_ll_ca_scr5.0_n0.010_r2.csv,/root/phd_thesis/Z_Synthetic_Family_Library_v2/waveforms/case_00986_dfig_like_ll_ca_scr5.0_n0.010_r2.csv,dfig_like,ll_ca,5.0,0.01,10000,50.0,5.98,6.04,6.0000668547871,1.0483359033554382,0.18,,,,0.0025199999999999997,0.0104,1666.6666666666667,0.003438366998441177,0.324,0.13,,,,
987,case_00987_dfig_like_ll_ca_scr5.0_n0.010_r3.csv,/root/phd_thesis/Z_Synthetic_Family_Library_v2/waveforms/case_00987_dfig_like_ll_ca_scr5.0_n0.010_r3.csv,dfig_like,ll_ca,5.0,0.01,10000,50.0,5.98,6.04,6.000250249969791,1.0726877176793286,0.18,,,,0.0025199999999999997,0.0104,1666.6666666666667,0.003664617771134316,0.324,0.13,,,,
988,case_00988_dfig_like_ll_ca_scr5.0_n0.010_r4.csv,/root/phd_thesis/Z_Synthetic_Family_Library_v2/waveforms/case_00988_dfig_like_ll_ca_scr5.0_n0.010_r4.csv,dfig_like,ll_ca,5.0,0.01,10000,50.0,5.98,6.04,5.997719225746049,1.029247767085402,0.18,,,,0.0025199999999999997,0.0104,1666.6666666666667,0.0032564852833529842,0.324,0.13,,,,
989,case_00989_dfig_like_ll_ca_scr5.0_n0.010_r5.csv,/root/phd_thesis/Z_Synthetic_Family_Library_v2/waveforms/case_00989_dfig_like_ll_ca_scr5.0_n0.010_r5.csv,dfig_like,ll_ca,5.0,0.01,10000,50.0,5.98,6.04,6.000292337751142,1.0750240356430572,0.18,,,,0.0025199999999999997,0.0104,1666.6666666666667,0.0032602199368999014,0.324,0.13,,,,
990,case_00990_dfig_like_ll_ca_scr5.0_n0.010_r6.csv,/root/phd_thesis/Z_Synthetic_Family_Library_v2/waveforms/case_00990_dfig_like_ll_ca_scr5.0_n0.010_r6.csv,dfig_like,ll_ca,5.0,0.01,10000,50.0,5.98,6.04,5.997771783024736,1.056998844988638,0.18,,,,0.0025199999999999997,0.0104,1666.6666666666667,0.0034900122743783553,0.324,0.13,,,,
991,case_00991_dfig_like_ll_ca_scr8.0_n0.002_r1.csv,/root/phd_thesis/Z_Synthetic_Family_Library_v2/waveforms/case_00991_dfig_like_ll_ca_scr8.0_n0.002_r1.csv,dfig_like,ll_ca,8.0,0.002,10000,50.0,5.98,6.04,5.999575424120935,1.0686544145088859,0.12,,,,0.00225,0.0095,1916.6666666666665,0.00319289001619683,0.2925,0.11875000000000001,,,,
992,case_00992_dfig_like_ll_ca_scr8.0_n0.002_r2.csv,/root/phd_thesis/Z_Synthetic_Family_Library_v2/waveforms/case_00992_dfig_like_ll_ca_scr8.0_n0.002_r2.csv,dfig_like,ll_ca,8.0,0.002,10000,50.0,5.98,6.04,6.000421279679221,1.0089023434098532,0.12,,,,0.00225,0.0095,1916.6666666666665,0.0033227920579791017,0.2925,0.11875000000000001,,,,
993,case_00993_dfig_like_ll_ca_scr8.0_n0.002_r3.csv,/root/phd_thesis/Z_Synthetic_Family_Library_v2/waveforms/case_00993_dfig_like_ll_ca_scr8.0_n0.002_r3.csv,dfig_like,ll_ca,8.0,0.002,10000,50.0,5.98,6.04,5.999942729641432,1.0737435736063465,0.12,,,,0.00225,0.0095,1916.6666666666665,0.003518309163529847,0.2925,0.11875000000000001,,,,
994,case_00994_dfig_like_ll_ca_scr8.0_n0.002_r4.csv,/root/phd_thesis/Z_Synthetic_Family_Library_v2/waveforms/case_00994_dfig_like_ll_ca_scr8.0_n0.002_r4.csv,dfig_like,ll_ca,8.0,0.002,10000,50.0,5.98,6.04,5.997539808571278,1.0541186487415215,0.12,,,,0.00225,0.0095,1916.6666666666665,0.0030205015855939285,0.2925,0.11875000000000001,,,,
995,case_00995_dfig_like_ll_ca_scr8.0_n0.002_r5.csv,/root/phd_thesis/Z_Synthetic_Family_Library_v2/waveforms/case_00995_dfig_like_ll_ca_scr8.0_n0.002_r5.csv,dfig_like,ll_ca,8.0,0.002,10000,50.0,5.98,6.04,5.997992890335114,1.0451888928187247,0.12,,,,0.00225,0.0095,1916.6666666666665,0.003331044148052495,0.2925,0.11875000000000001,,,,
996,case_00996_dfig_like_ll_ca_scr8.0_n0.002_r6.csv,/root/phd_thesis/Z_Synthetic_Family_Library_v2/waveforms/case_00996_dfig_like_ll_ca_scr8.0_n0.002_r6.csv,dfig_like,ll_ca,8.0,0.002,10000,50.0,5.98,6.04,5.99800472957636,1.0734610230630652,0.12,,,,0.00225,0.0095,1916.6666666666665,0.003391693684559237,0.2925,0.11875000000000001,,,,
997,case_00997_dfig_like_ll_ca_scr8.0_n0.005_r1.csv,/root/phd_thesis/Z_Synthetic_Family_Library_v2/waveforms/case_00997_dfig_like_ll_ca_scr8.0_n0.005_r1.csv,dfig_like,ll_ca,8.0,0.005,10000,50.0,5.98,6.04,6.0000609247026215,1.0327058519567902,0.12,,,,0.00225,0.0095,1916.6666666666665,0.003313327000561983,0.2925,0.11875000000000001,,,,
998,case_00998_dfig_like_ll_ca_scr8.0_n0.005_r2.csv,/root/phd_thesis/Z_Synthetic_Family_Library_v2/waveforms/case_00998_dfig_like_ll_ca_scr8.0_n0.005_r2.csv,dfig_like,ll_ca,8.0,0.005,10000,50.0,5.98,6.04,5.999421046999627,1.0682622903604226,0.12,,,,0.00225,0.0095,1916.6666666666665,0.0030194028881481306,0.2925,0.11875000000000001,,,,
999,case_00999_dfig_like_ll_ca_scr8.0_n0.005_r3.csv,/root/phd_thesis/Z_Synthetic_Family_Library_v2/waveforms/case_00999_dfig_like_ll_ca_scr8.0_n0.005_r3.csv,dfig_like,ll_ca,8.0,0.005,10000,50.0,5.98,6.04,5.9997673957305375,1.0132257831162068,0.12,,,,0.00225,0.0095,1916.6666666666665,0.0034856730128023173,0.2925,0.11875000000000001,,,,
1000,case_01000_dfig_like_ll_ca_scr8.0_n0.005_r4.csv,/root/phd_thesis/Z_Synthetic_Family_Library_v2/waveforms/case_01000_dfig_like_ll_ca_scr8.0_n0.005_r4.csv,dfig_like,ll_ca,8.0,0.005,10000,50.0,5.98,6.04,5.999561258250641,1.0001402713906227,0.12,,,,0.00225,0.0095,1916.6666666666665,0.0034855507988042706,0.2925,0.11875000000000001,,,,
1001,case_01001_dfig_like_ll_ca_scr8.0_n0.005_r5.csv,/root/phd_thesis/Z_Synthetic_Family_Library_v2/waveforms/case_01001_dfig_like_ll_ca_scr8.0_n0.005_r5.csv,dfig_like,ll_ca,8.0,0.005,10000,50.0,5.98,6.04,6.000008127193065,1.0718067962842088,0.12,,,,0.00225,0.0095,1916.6666666666665,0.003299195506499807,0.2925,0.11875000000000001,,,,
1002,case_01002_dfig_like_ll_ca_scr8.0_n0.005_r6.csv,/root/phd_thesis/Z_Synthetic_Family_Library_v2/waveforms/case_01002_dfig_like_ll_ca_scr8.0_n0.005_r6.csv,dfig_like,ll_ca,8.0,0.005,10000,50.0,5.98,6.04,5.998885640450662,1.0451271131043323,0.12,,,,0.00225,0.0095,1916.6666666666665,0.0032248760335161658,0.2925,0.11875000000000001,,,,
1003,case_01003_dfig_like_ll_ca_scr8.0_n0.010_r1.csv,/root/phd_thesis/Z_Synthetic_Family_Library_v2/waveforms/case_01003_dfig_like_ll_ca_scr8.0_n0.010_r1.csv,dfig_like,ll_ca,8.0,0.01,10000,50.0,5.98,6.04,6.000045644115701,1.0133546640896607,0.12,,,,0.00225,0.0095,1916.6666666666665,0.003360828308369309,0.2925,0.11875000000000001,,,,
1004,case_01004_dfig_like_ll_ca_scr8.0_n0.010_r2.csv,/root/phd_thesis/Z_Synthetic_Family_Library_v2/waveforms/case_01004_dfig_like_ll_ca_scr8.0_n0.010_r2.csv,dfig_like,ll_ca,8.0,0.01,10000,50.0,5.98,6.04,5.999369386770606,1.0014881708891126,0.12,,,,0.00225,0.0095,1916.6666666666665,0.0031831839654267963,0.2925,0.11875000000000001,,,,
1005,case_01005_dfig_like_ll_ca_scr8.0_n0.010_r3.csv,/root/phd_thesis/Z_Synthetic_Family_Library_v2/waveforms/case_01005_dfig_like_ll_ca_scr8.0_n0.010_r3.csv,dfig_like,ll_ca,8.0,0.01,10000,50.0,5.98,6.04,6.000292289620341,1.0155599775166446,0.12,,,,0.00225,0.0095,1916.6666666666665,0.0029740337679693392,0.2925,0.11875000000000001,,,,
1006,case_01006_dfig_like_ll_ca_scr8.0_n0.010_r4.csv,/root/phd_thesis/Z_Synthetic_Family_Library_v2/waveforms/case_01006_dfig_like_ll_ca_scr8.0_n0.010_r4.csv,dfig_like,ll_ca,8.0,0.01,10000,50.0,5.98,6.04,5.99948716770311,1.0534421313536844,0.12,,,,0.00225,0.0095,1916.6666666666665,0.0032695331330023095,0.2925,0.11875000000000001,,,,
1007,case_01007_dfig_like_ll_ca_scr8.0_n0.010_r5.csv,/root/phd_thesis/Z_Synthetic_Family_Library_v2/waveforms/case_01007_dfig_like_ll_ca_scr8.0_n0.010_r5.csv,dfig_like,ll_ca,8.0,0.01,10000,50.0,5.98,6.04,5.999757289158834,1.068042454941064,0.12,,,,0.00225,0.0095,1916.6666666666665,0.0031499568683084293,0.2925,0.11875000000000001,,,,
1008,case_01008_dfig_like_ll_ca_scr8.0_n0.010_r6.csv,/root/phd_thesis/Z_Synthetic_Family_Library_v2/waveforms/case_01008_dfig_like_ll_ca_scr8.0_n0.010_r6.csv,dfig_like,ll_ca,8.0,0.01,10000,50.0,5.98,6.04,5.999273399138469,1.056587104788534,0.12,,,,0.00225,0.0095,1916.6666666666665,0.003342867413561921,0.2925,0.11875000000000001,,,,
1009,case_01009_full_converter_pmsg_like_3ph_scr2.0_n0.002_r1.csv,/root/phd_thesis/Z_Synthetic_Family_Library_v2/waveforms/case_01009_full_converter_pmsg_like_3ph_scr2.0_n0.002_r1.csv,full_converter_pmsg_like,3ph,2.0,0.002,10000,50.0,5.98,6.04,6.000202415205438,1.0231014341749556,0.675,,,,,,,,,,0.00195,0.011,500.0,0.185
1010,case_01010_full_converter_pmsg_like_3ph_scr2.0_n0.002_r2.csv,/root/phd_thesis/Z_Synthetic_Family_Library_v2/waveforms/case_01010_full_converter_pmsg_like_3ph_scr2.0_n0.002_r2.csv,full_converter_pmsg_like,3ph,2.0,0.002,10000,50.0,5.98,6.04,5.99769092756831,1.0018869596161448,0.675,,,,,,,,,,0.00195,0.011,500.0,0.185
1011,case_01011_full_converter_pmsg_like_3ph_scr2.0_n0.002_r3.csv,/root/phd_thesis/Z_Synthetic_Family_Library_v2/waveforms/case_01011_full_converter_pmsg_like_3ph_scr2.0_n0.002_r3.csv,full_converter_pmsg_like,3ph,2.0,0.002,10000,50.0,5.98,6.04,5.998984998619342,1.0239493750320596,0.675,,,,,,,,,,0.00195,0.011,500.0,0.185
1012,case_01012_full_converter_pmsg_like_3ph_scr2.0_n0.002_r4.csv,/root/phd_thesis/Z_Synthetic_Family_Library_v2/waveforms/case_01012_full_converter_pmsg_like_3ph_scr2.0_n0.002_r4.csv,full_converter_pmsg_like,3ph,2.0,0.002,10000,50.0,5.98,6.04,5.998443297613927,1.025845452125516,0.675,,,,,,,,,,0.00195,0.011,500.0,0.185
1013,case_01013_full_converter_pmsg_like_3ph_scr2.0_n0.002_r5.csv,/root/phd_thesis/Z_Synthetic_Family_Library_v2/waveforms/case_01013_full_converter_pmsg_like_3ph_scr2.0_n0.002_r5.csv,full_converter_pmsg_like,3ph,2.0,0.002,10000,50.0,5.98,6.04,5.998362588730031,1.0135405608751795,0.675,,,,,,,,,,0.00195,0.011,500.0,0.185
1014,case_01014_full_converter_pmsg_like_3ph_scr2.0_n0.002_r6.csv,/root/phd_thesis/Z_Synthetic_Family_Library_v2/waveforms/case_01014_full_converter_pmsg_like_3ph_scr2.0_n0.002_r6.csv,full_converter_pmsg_like,3ph,2.0,0.002,10000,50.0,5.98,6.04,5.9994687534423905,1.059985006752015,0.675,,,,,,,,,,0.00195,0.011,500.0,0.185
1015,case_01015_full_converter_pmsg_like_3ph_scr2.0_n0.005_r1.csv,/root/phd_thesis/Z_Synthetic_Family_Library_v2/waveforms/case_01015_full_converter_pmsg_like_3ph_scr2.0_n0.005_r1.csv,full_converter_pmsg_like,3ph,2.0,0.005,10000,50.0,5.98,6.04,5.998006546492303,1.0622682377458499,0.675,,,,,,,,,,0.00195,0.011,500.0,0.185
1016,case_01016_full_converter_pmsg_like_3ph_scr2.0_n0.005_r2.csv,/root/phd_thesis/Z_Synthetic_Family_Library_v2/waveforms/case_01016_full_converter_pmsg_like_3ph_scr2.0_n0.005_r2.csv,full_converter_pmsg_like,3ph,2.0,0.005,10000,50.0,5.98,6.04,6.000190824811118,1.0155932209918817,0.675,,,,,,,,,,0.00195,0.011,500.0,0.185
1017,case_01017_full_converter_pmsg_like_3ph_scr2.0_n0.005_r3.csv,/root/phd_thesis/Z_Synthetic_Family_Library_v2/waveforms/case_01017_full_converter_pmsg_like_3ph_scr2.0_n0.005_r3.csv,full_converter_pmsg_like,3ph,2.0,0.005,10000,50.0,5.98,6.04,5.99889428921659,1.0750172653821966,0.675,,,,,,,,,,0.00195,0.011,500.0,0.185
1018,case_01018_full_converter_pmsg_like_3ph_scr2.0_n0.005_r4.csv,/root/phd_thesis/Z_Synthetic_Family_Library_v2/waveforms/case_01018_full_converter_pmsg_like_3ph_scr2.0_n0.005_r4.csv,full_converter_pmsg_like,3ph,2.0,0.005,10000,50.0,5.98,6.04,5.999500331437635,1.06966285022726,0.675,,,,,,,,,,0.00195,0.011,500.0,0.185
1019,case_01019_full_converter_pmsg_like_3ph_scr2.0_n0.005_r5.csv,/root/phd_thesis/Z_Synthetic_Family_Library_v2/waveforms/case_01019_full_converter_pmsg_like_3ph_scr2.0_n0.005_r5.csv,full_converter_pmsg_like,3ph,2.0,0.005,10000,50.0,5.98,6.04,5.999477826503533,1.0102908706658325,0.675,,,,,,,,,,0.00195,0.011,500.0,0.185
1020,case_01020_full_converter_pmsg_like_3ph_scr2.0_n0.005_r6.csv,/root/phd_thesis/Z_Synthetic_Family_Library_v2/waveforms/case_01020_full_converter_pmsg_like_3ph_scr2.0_n0.005_r6.csv,full_converter_pmsg_like,3ph,2.0,0.005,10000,50.0,5.98,6.04,5.999058677568872,1.0710182592229947,0.675,,,,,,,,,,0.00195,0.011,500.0,0.185
1021,case_01021_full_converter_pmsg_like_3ph_scr2.0_n0.010_r1.csv,/root/phd_thesis/Z_Synthetic_Family_Library_v2/waveforms/case_01021_full_converter_pmsg_like_3ph_scr2.0_n0.010_r1.csv,full_converter_pmsg_like,3ph,2.0,0.01,10000,50.0,5.98,6.04,5.999224389359729,1.0002211324724144,0.675,,,,,,,,,,0.00195,0.011,500.0,0.185
1022,case_01022_full_converter_pmsg_like_3ph_scr2.0_n0.010_r2.csv,/root/phd_thesis/Z_Synthetic_Family_Library_v2/waveforms/case_01022_full_converter_pmsg_like_3ph_scr2.0_n0.010_r2.csv,full_converter_pmsg_like,3ph,2.0,0.01,10000,50.0,5.98,6.04,5.999842256158498,1.0450255842025988,0.675,,,,,,,,,,0.00195,0.011,500.0,0.185
1023,case_01023_full_converter_pmsg_like_3ph_scr2.0_n0.010_r3.csv,/root/phd_thesis/Z_Synthetic_Family_Library_v2/waveforms/case_01023_full_converter_pmsg_like_3ph_scr2.0_n0.010_r3.csv,full_converter_pmsg_like,3ph,2.0,0.01,10000,50.0,5.98,6.04,5.9984682670878104,1.0341391922340755,0.675,,,,,,,,,,0.00195,0.011,500.0,0.185
1024,case_01024_full_converter_pmsg_like_3ph_scr2.0_n0.010_r4.csv,/root/phd_thesis/Z_Synthetic_Family_Library_v2/waveforms/case_01024_full_converter_pmsg_like_3ph_scr2.0_n0.010_r4.csv,full_converter_pmsg_like,3ph,2.0,0.01,10000,50.0,5.98,6.04,6.000117023755968,1.005392135332085,0.675,,,,,,,,,,0.00195,0.011,500.0,0.185
1025,case_01025_full_converter_pmsg_like_3ph_scr2.0_n0.010_r5.csv,/root/phd_thesis/Z_Synthetic_Family_Library_v2/waveforms/case_01025_full_converter_pmsg_like_3ph_scr2.0_n0.010_r5.csv,full_converter_pmsg_like,3ph,2.0,0.01,10000,50.0,5.98,6.04,5.999833532513792,1.046782780854106,0.675,,,,,,,,,,0.00195,0.011,500.0,0.185
1026,case_01026_full_converter_pmsg_like_3ph_scr2.0_n0.010_r6.csv,/root/phd_thesis/Z_Synthetic_Family_Library_v2/waveforms/case_01026_full_converter_pmsg_like_3ph_scr2.0_n0.010_r6.csv,full_converter_pmsg_like,3ph,2.0,0.01,10000,50.0,5.98,6.04,5.997827474990288,1.0766410955421157,0.675,,,,,,,,,,0.00195,0.011,500.0,0.185
1027,case_01027_full_converter_pmsg_like_3ph_scr3.0_n0.002_r1.csv,/root/phd_thesis/Z_Synthetic_Family_Library_v2/waveforms/case_01027_full_converter_pmsg_like_3ph_scr3.0_n0.002_r1.csv,full_converter_pmsg_like,3ph,3.0,0.002,10000,50.0,5.98,6.04,5.997745070774318,1.0236241460051105,0.45,,,,,,,,,,0.0017,0.0095,540.0,0.16
1028,case_01028_full_converter_pmsg_like_3ph_scr3.0_n0.002_r2.csv,/root/phd_thesis/Z_Synthetic_Family_Library_v2/waveforms/case_01028_full_converter_pmsg_like_3ph_scr3.0_n0.002_r2.csv,full_converter_pmsg_like,3ph,3.0,0.002,10000,50.0,5.98,6.04,6.000011218132142,1.0510225120340118,0.45,,,,,,,,,,0.0017,0.0095,540.0,0.16
1029,case_01029_full_converter_pmsg_like_3ph_scr3.0_n0.002_r3.csv,/root/phd_thesis/Z_Synthetic_Family_Library_v2/waveforms/case_01029_full_converter_pmsg_like_3ph_scr3.0_n0.002_r3.csv,full_converter_pmsg_like,3ph,3.0,0.002,10000,50.0,5.98,6.04,5.999587112552756,1.0186652343483829,0.45,,,,,,,,,,0.0017,0.0095,540.0,0.16
1030,case_01030_full_converter_pmsg_like_3ph_scr3.0_n0.002_r4.csv,/root/phd_thesis/Z_Synthetic_Family_Library_v2/waveforms/case_01030_full_converter_pmsg_like_3ph_scr3.0_n0.002_r4.csv,full_converter_pmsg_like,3ph,3.0,0.002,10000,50.0,5.98,6.04,5.999958596546584,1.0792284007232409,0.45,,,,,,,,,,0.0017,0.0095,540.0,0.16
1031,case_01031_full_converter_pmsg_like_3ph_scr3.0_n0.002_r5.csv,/root/phd_thesis/Z_Synthetic_Family_Library_v2/waveforms/case_01031_full_converter_pmsg_like_3ph_scr3.0_n0.002_r5.csv,full_converter_pmsg_like,3ph,3.0,0.002,10000,50.0,5.98,6.04,6.000445506145843,1.0598752175956343,0.45,,,,,,,,,,0.0017,0.0095,540.0,0.16
1032,case_01032_full_converter_pmsg_like_3ph_scr3.0_n0.002_r6.csv,/root/phd_thesis/Z_Synthetic_Family_Library_v2/waveforms/case_01032_full_converter_pmsg_like_3ph_scr3.0_n0.002_r6.csv,full_converter_pmsg_like,3ph,3.0,0.002,10000,50.0,5.98,6.04,5.99778079239305,1.0482990682907998,0.45,,,,,,,,,,0.0017,0.0095,540.0,0.16
1033,case_01033_full_converter_pmsg_like_3ph_scr3.0_n0.005_r1.csv,/root/phd_thesis/Z_Synthetic_Family_Library_v2/waveforms/case_01033_full_converter_pmsg_like_3ph_scr3.0_n0.005_r1.csv,full_converter_pmsg_like,3ph,3.0,0.005,10000,50.0,5.98,6.04,5.998069059511253,1.0719617680867695,0.45,,,,,,,,,,0.0017,0.0095,540.0,0.16
1034,case_01034_full_converter_pmsg_like_3ph_scr3.0_n0.005_r2.csv,/root/phd_thesis/Z_Synthetic_Family_Library_v2/waveforms/case_01034_full_converter_pmsg_like_3ph_scr3.0_n0.005_r2.csv,full_converter_pmsg_like,3ph,3.0,0.005,10000,50.0,5.98,6.04,5.999723311452014,1.0424109399558972,0.45,,,,,,,,,,0.0017,0.0095,540.0,0.16
1035,case_01035_full_converter_pmsg_like_3ph_scr3.0_n0.005_r3.csv,/root/phd_thesis/Z_Synthetic_Family_Library_v2/waveforms/case_01035_full_converter_pmsg_like_3ph_scr3.0_n0.005_r3.csv,full_converter_pmsg_like,3ph,3.0,0.005,10000,50.0,5.98,6.04,5.9979914618251655,1.024075355341899,0.45,,,,,,,,,,0.0017,0.0095,540.0,0.16
1036,case_01036_full_converter_pmsg_like_3ph_scr3.0_n0.005_r4.csv,/root/phd_thesis/Z_Synthetic_Family_Library_v2/waveforms/case_01036_full_converter_pmsg_like_3ph_scr3.0_n0.005_r4.csv,full_converter_pmsg_like,3ph,3.0,0.005,10000,50.0,5.98,6.04,6.000070197310186,1.0697591474601147,0.45,,,,,,,,,,0.0017,0.0095,540.0,0.16
1037,case_01037_full_converter_pmsg_like_3ph_scr3.0_n0.005_r5.csv,/root/phd_thesis/Z_Synthetic_Family_Library_v2/waveforms/case_01037_full_converter_pmsg_like_3ph_scr3.0_n0.005_r5.csv,full_converter_pmsg_like,3ph,3.0,0.005,10000,50.0,5.98,6.04,5.99998878744979,1.0125496517144186,0.45,,,,,,,,,,0.0017,0.0095,540.0,0.16
1038,case_01038_full_converter_pmsg_like_3ph_scr3.0_n0.005_r6.csv,/root/phd_thesis/Z_Synthetic_Family_Library_v2/waveforms/case_01038_full_converter_pmsg_like_3ph_scr3.0_n0.005_r6.csv,full_converter_pmsg_like,3ph,3.0,0.005,10000,50.0,5.98,6.04,5.998407006146271,1.0283065858564098,0.45,,,,,,,,,,0.0017,0.0095,540.0,0.16
1039,case_01039_full_converter_pmsg_like_3ph_scr3.0_n0.010_r1.csv,/root/phd_thesis/Z_Synthetic_Family_Library_v2/waveforms/case_01039_full_converter_pmsg_like_3ph_scr3.0_n0.010_r1.csv,full_converter_pmsg_like,3ph,3.0,0.01,10000,50.0,5.98,6.04,5.997955605566596,1.0383283982733993,0.45,,,,,,,,,,0.0017,0.0095,540.0,0.16
1040,case_01040_full_converter_pmsg_like_3ph_scr3.0_n0.010_r2.csv,/root/phd_thesis/Z_Synthetic_Family_Library_v2/waveforms/case_01040_full_converter_pmsg_like_3ph_scr3.0_n0.010_r2.csv,full_converter_pmsg_like,3ph,3.0,0.01,10000,50.0,5.98,6.04,5.9988262061462745,1.0162769312359934,0.45,,,,,,,,,,0.0017,0.0095,540.0,0.16
1041,case_01041_full_converter_pmsg_like_3ph_scr3.0_n0.010_r3.csv,/root/phd_thesis/Z_Synthetic_Family_Library_v2/waveforms/case_01041_full_converter_pmsg_like_3ph_scr3.0_n0.010_r3.csv,full_converter_pmsg_like,3ph,3.0,0.01,10000,50.0,5.98,6.04,5.997754821856143,1.066292321133115,0.45,,,,,,,,,,0.0017,0.0095,540.0,0.16
1042,case_01042_full_converter_pmsg_like_3ph_scr3.0_n0.010_r4.csv,/root/phd_thesis/Z_Synthetic_Family_Library_v2/waveforms/case_01042_full_converter_pmsg_like_3ph_scr3.0_n0.010_r4.csv,full_converter_pmsg_like,3ph,3.0,0.01,10000,50.0,5.98,6.04,5.998522657615477,1.0304498801862536,0.45,,,,,,,,,,0.0017,0.0095,540.0,0.16
1043,case_01043_full_converter_pmsg_like_3ph_scr3.0_n0.010_r5.csv,/root/phd_thesis/Z_Synthetic_Family_Library_v2/waveforms/case_01043_full_converter_pmsg_like_3ph_scr3.0_n0.010_r5.csv,full_converter_pmsg_like,3ph,3.0,0.01,10000,50.0,5.98,6.04,5.999896535868919,1.0261591412258173,0.45,,,,,,,,,,0.0017,0.0095,540.0,0.16
1044,case_01044_full_converter_pmsg_like_3ph_scr3.0_n0.010_r6.csv,/root/phd_thesis/Z_Synthetic_Family_Library_v2/waveforms/case_01044_full_converter_pmsg_like_3ph_scr3.0_n0.010_r6.csv,full_converter_pmsg_like,3ph,3.0,0.01,10000,50.0,5.98,6.04,5.9994981230224,1.0080012217609697,0.45,,,,,,,,,,0.0017,0.0095,540.0,0.16
1045,case_01045_full_converter_pmsg_like_3ph_scr5.0_n0.002_r1.csv,/root/phd_thesis/Z_Synthetic_Family_Library_v2/waveforms/case_01045_full_converter_pmsg_like_3ph_scr5.0_n0.002_r1.csv,full_converter_pmsg_like,3ph,5.0,0.002,10000,50.0,5.98,6.04,5.999711288103386,1.0489699296373174,0.27,,,,,,,,,,0.0014999999999999998,0.0083,620.0,0.14
1046,case_01046_full_converter_pmsg_like_3ph_scr5.0_n0.002_r2.csv,/root/phd_thesis/Z_Synthetic_Family_Library_v2/waveforms/case_01046_full_converter_pmsg_like_3ph_scr5.0_n0.002_r2.csv,full_converter_pmsg_like,3ph,5.0,0.002,10000,50.0,5.98,6.04,5.998395095000949,1.0196654896148318,0.27,,,,,,,,,,0.0014999999999999998,0.0083,620.0,0.14
1047,case_01047_full_converter_pmsg_like_3ph_scr5.0_n0.002_r3.csv,/root/phd_thesis/Z_Synthetic_Family_Library_v2/waveforms/case_01047_full_converter_pmsg_like_3ph_scr5.0_n0.002_r3.csv,full_converter_pmsg_like,3ph,5.0,0.002,10000,50.0,5.98,6.04,5.997973641286451,1.0264366418878395,0.27,,,,,,,,,,0.0014999999999999998,0.0083,620.0,0.14
1048,case_01048_full_converter_pmsg_like_3ph_scr5.0_n0.002_r4.csv,/root/phd_thesis/Z_Synthetic_Family_Library_v2/waveforms/case_01048_full_converter_pmsg_like_3ph_scr5.0_n0.002_r4.csv,full_converter_pmsg_like,3ph,5.0,0.002,10000,50.0,5.98,6.04,5.998981537725393,1.0017714189358766,0.27,,,,,,,,,,0.0014999999999999998,0.0083,620.0,0.14
1049,case_01049_full_converter_pmsg_like_3ph_scr5.0_n0.002_r5.csv,/root/phd_thesis/Z_Synthetic_Family_Library_v2/waveforms/case_01049_full_converter_pmsg_like_3ph_scr5.0_n0.002_r5.csv,full_converter_pmsg_like,3ph,5.0,0.002,10000,50.0,5.98,6.04,6.0002068632689705,1.0302677766542063,0.27,,,,,,,,,,0.0014999999999999998,0.0083,620.0,0.14
1050,case_01050_full_converter_pmsg_like_3ph_scr5.0_n0.002_r6.csv,/root/phd_thesis/Z_Synthetic_Family_Library_v2/waveforms/case_01050_full_converter_pmsg_like_3ph_scr5.0_n0.002_r6.csv,full_converter_pmsg_like,3ph,5.0,0.002,10000,50.0,5.98,6.04,5.997739405658564,1.0578137274419177,0.27,,,,,,,,,,0.0014999999999999998,0.0083,620.0,0.14
1051,case_01051_full_converter_pmsg_like_3ph_scr5.0_n0.005_r1.csv,/root/phd_thesis/Z_Synthetic_Family_Library_v2/waveforms/case_01051_full_converter_pmsg_like_3ph_scr5.0_n0.005_r1.csv,full_converter_pmsg_like,3ph,5.0,0.005,10000,50.0,5.98,6.04,5.998823232477338,1.0380212670341176,0.27,,,,,,,,,,0.0014999999999999998,0.0083,620.0,0.14
1052,case_01052_full_converter_pmsg_like_3ph_scr5.0_n0.005_r2.csv,/root/phd_thesis/Z_Synthetic_Family_Library_v2/waveforms/case_01052_full_converter_pmsg_like_3ph_scr5.0_n0.005_r2.csv,full_converter_pmsg_like,3ph,5.0,0.005,10000,50.0,5.98,6.04,5.997966073835515,1.0031732660276176,0.27,,,,,,,,,,0.0014999999999999998,0.0083,620.0,0.14
1053,case_01053_full_converter_pmsg_like_3ph_scr5.0_n0.005_r3.csv,/root/phd_thesis/Z_Synthetic_Family_Library_v2/waveforms/case_01053_full_converter_pmsg_like_3ph_scr5.0_n0.005_r3.csv,full_converter_pmsg_like,3ph,5.0,0.005,10000,50.0,5.98,6.04,5.99868713635416,1.0279829541271048,0.27,,,,,,,,,,0.0014999999999999998,0.0083,620.0,0.14
1054,case_01054_full_converter_pmsg_like_3ph_scr5.0_n0.005_r4.csv,/root/phd_thesis/Z_Synthetic_Family_Library_v2/waveforms/case_01054_full_converter_pmsg_like_3ph_scr5.0_n0.005_r4.csv,full_converter_pmsg_like,3ph,5.0,0.005,10000,50.0,5.98,6.04,5.9980815462373664,1.0260069246089487,0.27,,,,,,,,,,0.0014999999999999998,0.0083,620.0,0.14
1055,case_01055_full_converter_pmsg_like_3ph_scr5.0_n0.005_r5.csv,/root/phd_thesis/Z_Synthetic_Family_Library_v2/waveforms/case_01055_full_converter_pmsg_like_3ph_scr5.0_n0.005_r5.csv,full_converter_pmsg_like,3ph,5.0,0.005,10000,50.0,5.98,6.04,5.99772901597805,1.0016594940366272,0.27,,,,,,,,,,0.0014999999999999998,0.0083,620.0,0.14
1056,case_01056_full_converter_pmsg_like_3ph_scr5.0_n0.005_r6.csv,/root/phd_thesis/Z_Synthetic_Family_Library_v2/waveforms/case_01056_full_converter_pmsg_like_3ph_scr5.0_n0.005_r6.csv,full_converter_pmsg_like,3ph,5.0,0.005,10000,50.0,5.98,6.04,5.998488214832853,1.0713725678377588,0.27,,,,,,,,,,0.0014999999999999998,0.0083,620.0,0.14
1057,case_01057_full_converter_pmsg_like_3ph_scr5.0_n0.010_r1.csv,/root/phd_thesis/Z_Synthetic_Family_Library_v2/waveforms/case_01057_full_converter_pmsg_like_3ph_scr5.0_n0.010_r1.csv,full_converter_pmsg_like,3ph,5.0,0.01,10000,50.0,5.98,6.04,5.997872396480362,1.0774608148584115,0.27,,,,,,,,,,0.0014999999999999998,0.0083,620.0,0.14
1058,case_01058_full_converter_pmsg_like_3ph_scr5.0_n0.010_r2.csv,/root/phd_thesis/Z_Synthetic_Family_Library_v2/waveforms/case_01058_full_converter_pmsg_like_3ph_scr5.0_n0.010_r2.csv,full_converter_pmsg_like,3ph,5.0,0.01,10000,50.0,5.98,6.04,5.99808230224624,1.0592201152162755,0.27,,,,,,,,,,0.0014999999999999998,0.0083,620.0,0.14
1059,case_01059_full_converter_pmsg_like_3ph_scr5.0_n0.010_r3.csv,/root/phd_thesis/Z_Synthetic_Family_Library_v2/waveforms/case_01059_full_converter_pmsg_like_3ph_scr5.0_n0.010_r3.csv,full_converter_pmsg_like,3ph,5.0,0.01,10000,50.0,5.98,6.04,5.999026421770248,1.0530740104244114,0.27,,,,,,,,,,0.0014999999999999998,0.0083,620.0,0.14
1060,case_01060_full_converter_pmsg_like_3ph_scr5.0_n0.010_r4.csv,/root/phd_thesis/Z_Synthetic_Family_Library_v2/waveforms/case_01060_full_converter_pmsg_like_3ph_scr5.0_n0.010_r4.csv,full_converter_pmsg_like,3ph,5.0,0.01,10000,50.0,5.98,6.04,5.998295136211097,1.048614370663182,0.27,,,,,,,,,,0.0014999999999999998,0.0083,620.0,0.14
1061,case_01061_full_converter_pmsg_like_3ph_scr5.0_n0.010_r5.csv,/root/phd_thesis/Z_Synthetic_Family_Library_v2/waveforms/case_01061_full_converter_pmsg_like_3ph_scr5.0_n0.010_r5.csv,full_converter_pmsg_like,3ph,5.0,0.01,10000,50.0,5.98,6.04,5.999834872496614,1.0000995797285694,0.27,,,,,,,,,,0.0014999999999999998,0.0083,620.0,0.14
1062,case_01062_full_converter_pmsg_like_3ph_scr5.0_n0.010_r6.csv,/root/phd_thesis/Z_Synthetic_Family_Library_v2/waveforms/case_01062_full_converter_pmsg_like_3ph_scr5.0_n0.010_r6.csv,full_converter_pmsg_like,3ph,5.0,0.01,10000,50.0,5.98,6.04,5.998486574354883,1.010114670458431,0.27,,,,,,,,,,0.0014999999999999998,0.0083,620.0,0.14
1063,case_01063_full_converter_pmsg_like_3ph_scr8.0_n0.002_r1.csv,/root/phd_thesis/Z_Synthetic_Family_Library_v2/waveforms/case_01063_full_converter_pmsg_like_3ph_scr8.0_n0.002_r1.csv,full_converter_pmsg_like,3ph,8.0,0.002,10000,50.0,5.98,6.04,5.9979559598706995,1.019185060162761,0.18000000000000002,,,,,,,,,,0.0013874999999999998,0.007625,740.0,0.12875
1064,case_01064_full_converter_pmsg_like_3ph_scr8.0_n0.002_r2.csv,/root/phd_thesis/Z_Synthetic_Family_Library_v2/waveforms/case_01064_full_converter_pmsg_like_3ph_scr8.0_n0.002_r2.csv,full_converter_pmsg_like,3ph,8.0,0.002,10000,50.0,5.98,6.04,6.000053368048904,1.03307074465775,0.18000000000000002,,,,,,,,,,0.0013874999999999998,0.007625,740.0,0.12875
1065,case_01065_full_converter_pmsg_like_3ph_scr8.0_n0.002_r3.csv,/root/phd_thesis/Z_Synthetic_Family_Library_v2/waveforms/case_01065_full_converter_pmsg_like_3ph_scr8.0_n0.002_r3.csv,full_converter_pmsg_like,3ph,8.0,0.002,10000,50.0,5.98,6.04,6.000352768953051,1.0220988005615914,0.18000000000000002,,,,,,,,,,0.0013874999999999998,0.007625,740.0,0.12875
1066,case_01066_full_converter_pmsg_like_3ph_scr8.0_n0.002_r4.csv,/root/phd_thesis/Z_Synthetic_Family_Library_v2/waveforms/case_01066_full_converter_pmsg_like_3ph_scr8.0_n0.002_r4.csv,full_converter_pmsg_like,3ph,8.0,0.002,10000,50.0,5.98,6.04,5.998101450224264,1.0370172104288824,0.18000000000000002,,,,,,,,,,0.0013874999999999998,0.007625,740.0,0.12875
1067,case_01067_full_converter_pmsg_like_3ph_scr8.0_n0.002_r5.csv,/root/phd_thesis/Z_Synthetic_Family_Library_v2/waveforms/case_01067_full_converter_pmsg_like_3ph_scr8.0_n0.002_r5.csv,full_converter_pmsg_like,3ph,8.0,0.002,10000,50.0,5.98,6.04,5.999288523747736,1.0430616143520637,0.18000000000000002,,,,,,,,,,0.0013874999999999998,0.007625,740.0,0.12875
1068,case_01068_full_converter_pmsg_like_3ph_scr8.0_n0.002_r6.csv,/root/phd_thesis/Z_Synthetic_Family_Library_v2/waveforms/case_01068_full_converter_pmsg_like_3ph_scr8.0_n0.002_r6.csv,full_converter_pmsg_like,3ph,8.0,0.002,10000,50.0,5.98,6.04,5.998873429121615,1.0788949227704503,0.18000000000000002,,,,,,,,,,0.0013874999999999998,0.007625,740.0,0.12875
1069,case_01069_full_converter_pmsg_like_3ph_scr8.0_n0.005_r1.csv,/root/phd_thesis/Z_Synthetic_Family_Library_v2/waveforms/case_01069_full_converter_pmsg_like_3ph_scr8.0_n0.005_r1.csv,full_converter_pmsg_like,3ph,8.0,0.005,10000,50.0,5.98,6.04,6.000020168716919,1.0094508608233659,0.18000000000000002,,,,,,,,,,0.0013874999999999998,0.007625,740.0,0.12875
1070,case_01070_full_converter_pmsg_like_3ph_scr8.0_n0.005_r2.csv,/root/phd_thesis/Z_Synthetic_Family_Library_v2/waveforms/case_01070_full_converter_pmsg_like_3ph_scr8.0_n0.005_r2.csv,full_converter_pmsg_like,3ph,8.0,0.005,10000,50.0,5.98,6.04,5.998447667475884,1.0517121959876858,0.18000000000000002,,,,,,,,,,0.0013874999999999998,0.007625,740.0,0.12875
1071,case_01071_full_converter_pmsg_like_3ph_scr8.0_n0.005_r3.csv,/root/phd_thesis/Z_Synthetic_Family_Library_v2/waveforms/case_01071_full_converter_pmsg_like_3ph_scr8.0_n0.005_r3.csv,full_converter_pmsg_like,3ph,8.0,0.005,10000,50.0,5.98,6.04,5.998218902516729,1.0651523341826017,0.18000000000000002,,,,,,,,,,0.0013874999999999998,0.007625,740.0,0.12875
1072,case_01072_full_converter_pmsg_like_3ph_scr8.0_n0.005_r4.csv,/root/phd_thesis/Z_Synthetic_Family_Library_v2/waveforms/case_01072_full_converter_pmsg_like_3ph_scr8.0_n0.005_r4.csv,full_converter_pmsg_like,3ph,8.0,0.005,10000,50.0,5.98,6.04,5.998732422918333,1.0673513475691399,0.18000000000000002,,,,,,,,,,0.0013874999999999998,0.007625,740.0,0.12875
1073,case_01073_full_converter_pmsg_like_3ph_scr8.0_n0.005_r5.csv,/root/phd_thesis/Z_Synthetic_Family_Library_v2/waveforms/case_01073_full_converter_pmsg_like_3ph_scr8.0_n0.005_r5.csv,full_converter_pmsg_like,3ph,8.0,0.005,10000,50.0,5.98,6.04,5.997890214834212,1.0308198845812269,0.18000000000000002,,,,,,,,,,0.0013874999999999998,0.007625,740.0,0.12875
1074,case_01074_full_converter_pmsg_like_3ph_scr8.0_n0.005_r6.csv,/root/phd_thesis/Z_Synthetic_Family_Library_v2/waveforms/case_01074_full_converter_pmsg_like_3ph_scr8.0_n0.005_r6.csv,full_converter_pmsg_like,3ph,8.0,0.005,10000,50.0,5.98,6.04,5.998716934865825,1.0714162072947497,0.18000000000000002,,,,,,,,,,0.0013874999999999998,0.007625,740.0,0.12875
1075,case_01075_full_converter_pmsg_like_3ph_scr8.0_n0.010_r1.csv,/root/phd_thesis/Z_Synthetic_Family_Library_v2/waveforms/case_01075_full_converter_pmsg_like_3ph_scr8.0_n0.010_r1.csv,full_converter_pmsg_like,3ph,8.0,0.01,10000,50.0,5.98,6.04,5.999822421543336,1.0219337506019919,0.18000000000000002,,,,,,,,,,0.0013874999999999998,0.007625,740.0,0.12875
1076,case_01076_full_converter_pmsg_like_3ph_scr8.0_n0.010_r2.csv,/root/phd_thesis/Z_Synthetic_Family_Library_v2/waveforms/case_01076_full_converter_pmsg_like_3ph_scr8.0_n0.010_r2.csv,full_converter_pmsg_like,3ph,8.0,0.01,10000,50.0,5.98,6.04,5.999548516125324,1.0576336299310622,0.18000000000000002,,,,,,,,,,0.0013874999999999998,0.007625,740.0,0.12875
1077,case_01077_full_converter_pmsg_like_3ph_scr8.0_n0.010_r3.csv,/root/phd_thesis/Z_Synthetic_Family_Library_v2/waveforms/case_01077_full_converter_pmsg_like_3ph_scr8.0_n0.010_r3.csv,full_converter_pmsg_like,3ph,8.0,0.01,10000,50.0,5.98,6.04,5.9981807661169135,1.0432538056111775,0.18000000000000002,,,,,,,,,,0.0013874999999999998,0.007625,740.0,0.12875
1078,case_01078_full_converter_pmsg_like_3ph_scr8.0_n0.010_r4.csv,/root/phd_thesis/Z_Synthetic_Family_Library_v2/waveforms/case_01078_full_converter_pmsg_like_3ph_scr8.0_n0.010_r4.csv,full_converter_pmsg_like,3ph,8.0,0.01,10000,50.0,5.98,6.04,5.999450678514413,1.0289821867933002,0.18000000000000002,,,,,,,,,,0.0013874999999999998,0.007625,740.0,0.12875
1079,case_01079_full_converter_pmsg_like_3ph_scr8.0_n0.010_r5.csv,/root/phd_thesis/Z_Synthetic_Family_Library_v2/waveforms/case_01079_full_converter_pmsg_like_3ph_scr8.0_n0.010_r5.csv,full_converter_pmsg_like,3ph,8.0,0.01,10000,50.0,5.98,6.04,5.999560343594497,1.011324261219206,0.18000000000000002,,,,,,,,,,0.0013874999999999998,0.007625,740.0,0.12875
1080,case_01080_full_converter_pmsg_like_3ph_scr8.0_n0.010_r6.csv,/root/phd_thesis/Z_Synthetic_Family_Library_v2/waveforms/case_01080_full_converter_pmsg_like_3ph_scr8.0_n0.010_r6.csv,full_converter_pmsg_like,3ph,8.0,0.01,10000,50.0,5.98,6.04,5.99782204275233,1.023595548919367,0.18000000000000002,,,,,,,,,,0.0013874999999999998,0.007625,740.0,0.12875
1081,case_01081_full_converter_pmsg_like_slg_a_scr2.0_n0.002_r1.csv,/root/phd_thesis/Z_Synthetic_Family_Library_v2/waveforms/case_01081_full_converter_pmsg_like_slg_a_scr2.0_n0.002_r1.csv,full_converter_pmsg_like,slg_a,2.0,0.002,10000,50.0,5.98,6.04,6.000424225636563,1.013332813935687,0.5249999999999999,,,,,,,,,,0.00195,0.011,500.0,0.185
1082,case_01082_full_converter_pmsg_like_slg_a_scr2.0_n0.002_r2.csv,/root/phd_thesis/Z_Synthetic_Family_Library_v2/waveforms/case_01082_full_converter_pmsg_like_slg_a_scr2.0_n0.002_r2.csv,full_converter_pmsg_like,slg_a,2.0,0.002,10000,50.0,5.98,6.04,6.000361164339245,1.0668062009543695,0.5249999999999999,,,,,,,,,,0.00195,0.011,500.0,0.185
1083,case_01083_full_converter_pmsg_like_slg_a_scr2.0_n0.002_r3.csv,/root/phd_thesis/Z_Synthetic_Family_Library_v2/waveforms/case_01083_full_converter_pmsg_like_slg_a_scr2.0_n0.002_r3.csv,full_converter_pmsg_like,slg_a,2.0,0.002,10000,50.0,5.98,6.04,5.9989196415630115,1.017255291157979,0.5249999999999999,,,,,,,,,,0.00195,0.011,500.0,0.185
1084,case_01084_full_converter_pmsg_like_slg_a_scr2.0_n0.002_r4.csv,/root/phd_thesis/Z_Synthetic_Family_Library_v2/waveforms/case_01084_full_converter_pmsg_like_slg_a_scr2.0_n0.002_r4.csv,full_converter_pmsg_like,slg_a,2.0,0.002,10000,50.0,5.98,6.04,5.9993507869046905,1.0445664802585353,0.5249999999999999,,,,,,,,,,0.00195,0.011,500.0,0.185
1085,case_01085_full_converter_pmsg_like_slg_a_scr2.0_n0.002_r5.csv,/root/phd_thesis/Z_Synthetic_Family_Library_v2/waveforms/case_01085_full_converter_pmsg_like_slg_a_scr2.0_n0.002_r5.csv,full_converter_pmsg_like,slg_a,2.0,0.002,10000,50.0,5.98,6.04,5.998982934562075,1.0467647320972655,0.5249999999999999,,,,,,,,,,0.00195,0.011,500.0,0.185
1086,case_01086_full_converter_pmsg_like_slg_a_scr2.0_n0.002_r6.csv,/root/phd_thesis/Z_Synthetic_Family_Library_v2/waveforms/case_01086_full_converter_pmsg_like_slg_a_scr2.0_n0.002_r6.csv,full_converter_pmsg_like,slg_a,2.0,0.002,10000,50.0,5.98,6.04,5.9993796049852275,1.0110847839333073,0.5249999999999999,,,,,,,,,,0.00195,0.011,500.0,0.185
1087,case_01087_full_converter_pmsg_like_slg_a_scr2.0_n0.005_r1.csv,/root/phd_thesis/Z_Synthetic_Family_Library_v2/waveforms/case_01087_full_converter_pmsg_like_slg_a_scr2.0_n0.005_r1.csv,full_converter_pmsg_like,slg_a,2.0,0.005,10000,50.0,5.98,6.04,5.999226219517688,1.0647483962328683,0.5249999999999999,,,,,,,,,,0.00195,0.011,500.0,0.185
1088,case_01088_full_converter_pmsg_like_slg_a_scr2.0_n0.005_r2.csv,/root/phd_thesis/Z_Synthetic_Family_Library_v2/waveforms/case_01088_full_converter_pmsg_like_slg_a_scr2.0_n0.005_r2.csv,full_converter_pmsg_like,slg_a,2.0,0.005,10000,50.0,5.98,6.04,5.999361675823938,1.0201276659859186,0.5249999999999999,,,,,,,,,,0.00195,0.011,500.0,0.185
1089,case_01089_full_converter_pmsg_like_slg_a_scr2.0_n0.005_r3.csv,/root/phd_thesis/Z_Synthetic_Family_Library_v2/waveforms/case_01089_full_converter_pmsg_like_slg_a_scr2.0_n0.005_r3.csv,full_converter_pmsg_like,slg_a,2.0,0.005,10000,50.0,5.98,6.04,5.99904808081576,1.0318600890223795,0.5249999999999999,,,,,,,,,,0.00195,0.011,500.0,0.185
1090,case_01090_full_converter_pmsg_like_slg_a_scr2.0_n0.005_r4.csv,/root/phd_thesis/Z_Synthetic_Family_Library_v2/waveforms/case_01090_full_converter_pmsg_like_slg_a_scr2.0_n0.005_r4.csv,full_converter_pmsg_like,slg_a,2.0,0.005,10000,50.0,5.98,6.04,5.998214648911681,1.01284551949402,0.5249999999999999,,,,,,,,,,0.00195,0.011,500.0,0.185
1091,case_01091_full_converter_pmsg_like_slg_a_scr2.0_n0.005_r5.csv,/root/phd_thesis/Z_Synthetic_Family_Library_v2/waveforms/case_01091_full_converter_pmsg_like_slg_a_scr2.0_n0.005_r5.csv,full_converter_pmsg_like,slg_a,2.0,0.005,10000,50.0,5.98,6.04,5.999846030801376,1.0782424623519848,0.5249999999999999,,,,,,,,,,0.00195,0.011,500.0,0.185
1092,case_01092_full_converter_pmsg_like_slg_a_scr2.0_n0.005_r6.csv,/root/phd_thesis/Z_Synthetic_Family_Library_v2/waveforms/case_01092_full_converter_pmsg_like_slg_a_scr2.0_n0.005_r6.csv,full_converter_pmsg_like,slg_a,2.0,0.005,10000,50.0,5.98,6.04,5.99781437029095,1.062653810228014,0.5249999999999999,,,,,,,,,,0.00195,0.011,500.0,0.185
1093,case_01093_full_converter_pmsg_like_slg_a_scr2.0_n0.010_r1.csv,/root/phd_thesis/Z_Synthetic_Family_Library_v2/waveforms/case_01093_full_converter_pmsg_like_slg_a_scr2.0_n0.010_r1.csv,full_converter_pmsg_like,slg_a,2.0,0.01,10000,50.0,5.98,6.04,6.000062702840016,1.0439332955695488,0.5249999999999999,,,,,,,,,,0.00195,0.011,500.0,0.185
1094,case_01094_full_converter_pmsg_like_slg_a_scr2.0_n0.010_r2.csv,/root/phd_thesis/Z_Synthetic_Family_Library_v2/waveforms/case_01094_full_converter_pmsg_like_slg_a_scr2.0_n0.010_r2.csv,full_converter_pmsg_like,slg_a,2.0,0.01,10000,50.0,5.98,6.04,5.998169366374904,1.0466296902807362,0.5249999999999999,,,,,,,,,,0.00195,0.011,500.0,0.185
1095,case_01095_full_converter_pmsg_like_slg_a_scr2.0_n0.010_r3.csv,/root/phd_thesis/Z_Synthetic_Family_Library_v2/waveforms/case_01095_full_converter_pmsg_like_slg_a_scr2.0_n0.010_r3.csv,full_converter_pmsg_like,slg_a,2.0,0.01,10000,50.0,5.98,6.04,5.99985230728081,1.0152403908785352,0.5249999999999999,,,,,,,,,,0.00195,0.011,500.0,0.185
1096,case_01096_full_converter_pmsg_like_slg_a_scr2.0_n0.010_r4.csv,/root/phd_thesis/Z_Synthetic_Family_Library_v2/waveforms/case_01096_full_converter_pmsg_like_slg_a_scr2.0_n0.010_r4.csv,full_converter_pmsg_like,slg_a,2.0,0.01,10000,50.0,5.98,6.04,6.0002223261210075,1.026121421035616,0.5249999999999999,,,,,,,,,,0.00195,0.011,500.0,0.185
1097,case_01097_full_converter_pmsg_like_slg_a_scr2.0_n0.010_r5.csv,/root/phd_thesis/Z_Synthetic_Family_Library_v2/waveforms/case_01097_full_converter_pmsg_like_slg_a_scr2.0_n0.010_r5.csv,full_converter_pmsg_like,slg_a,2.0,0.01,10000,50.0,5.98,6.04,6.000128698353533,1.076643243376261,0.5249999999999999,,,,,,,,,,0.00195,0.011,500.0,0.185
1098,case_01098_full_converter_pmsg_like_slg_a_scr2.0_n0.010_r6.csv,/root/phd_thesis/Z_Synthetic_Family_Library_v2/waveforms/case_01098_full_converter_pmsg_like_slg_a_scr2.0_n0.010_r6.csv,full_converter_pmsg_like,slg_a,2.0,0.01,10000,50.0,5.98,6.04,6.000029160501488,1.069944265269831,0.5249999999999999,,,,,,,,,,0.00195,0.011,500.0,0.185
1099,case_01099_full_converter_pmsg_like_slg_a_scr3.0_n0.002_r1.csv,/root/phd_thesis/Z_Synthetic_Family_Library_v2/waveforms/case_01099_full_converter_pmsg_like_slg_a_scr3.0_n0.002_r1.csv,full_converter_pmsg_like,slg_a,3.0,0.002,10000,50.0,5.98,6.04,5.997825837596861,1.0244240799342914,0.35,,,,,,,,,,0.0017,0.0095,540.0,0.16
1100,case_01100_full_converter_pmsg_like_slg_a_scr3.0_n0.002_r2.csv,/root/phd_thesis/Z_Synthetic_Family_Library_v2/waveforms/case_01100_full_converter_pmsg_like_slg_a_scr3.0_n0.002_r2.csv,full_converter_pmsg_like,slg_a,3.0,0.002,10000,50.0,5.98,6.04,5.999880180719859,1.04686628486129,0.35,,,,,,,,,,0.0017,0.0095,540.0,0.16
1101,case_01101_full_converter_pmsg_like_slg_a_scr3.0_n0.002_r3.csv,/root/phd_thesis/Z_Synthetic_Family_Library_v2/waveforms/case_01101_full_converter_pmsg_like_slg_a_scr3.0_n0.002_r3.csv,full_converter_pmsg_like,slg_a,3.0,0.002,10000,50.0,5.98,6.04,5.998098536367755,1.0760604486135867,0.35,,,,,,,,,,0.0017,0.0095,540.0,0.16
1102,case_01102_full_converter_pmsg_like_slg_a_scr3.0_n0.002_r4.csv,/root/phd_thesis/Z_Synthetic_Family_Library_v2/waveforms/case_01102_full_converter_pmsg_like_slg_a_scr3.0_n0.002_r4.csv,full_converter_pmsg_like,slg_a,3.0,0.002,10000,50.0,5.98,6.04,5.999577291039271,1.017815381437629,0.35,,,,,,,,,,0.0017,0.0095,540.0,0.16
1103,case_01103_full_converter_pmsg_like_slg_a_scr3.0_n0.002_r5.csv,/root/phd_thesis/Z_Synthetic_Family_Library_v2/waveforms/case_01103_full_converter_pmsg_like_slg_a_scr3.0_n0.002_r5.csv,full_converter_pmsg_like,slg_a,3.0,0.002,10000,50.0,5.98,6.04,5.999707461506605,1.0414516919935948,0.35,,,,,,,,,,0.0017,0.0095,540.0,0.16
1104,case_01104_full_converter_pmsg_like_slg_a_scr3.0_n0.002_r6.csv,/root/phd_thesis/Z_Synthetic_Family_Library_v2/waveforms/case_01104_full_converter_pmsg_like_slg_a_scr3.0_n0.002_r6.csv,full_converter_pmsg_like,slg_a,3.0,0.002,10000,50.0,5.98,6.04,6.000379876531771,1.0543355388852043,0.35,,,,,,,,,,0.0017,0.0095,540.0,0.16
1105,case_01105_full_converter_pmsg_like_slg_a_scr3.0_n0.005_r1.csv,/root/phd_thesis/Z_Synthetic_Family_Library_v2/waveforms/case_01105_full_converter_pmsg_like_slg_a_scr3.0_n0.005_r1.csv,full_converter_pmsg_like,slg_a,3.0,0.005,10000,50.0,5.98,6.04,5.998430167600398,1.0618933283736922,0.35,,,,,,,,,,0.0017,0.0095,540.0,0.16
1106,case_01106_full_converter_pmsg_like_slg_a_scr3.0_n0.005_r2.csv,/root/phd_thesis/Z_Synthetic_Family_Library_v2/waveforms/case_01106_full_converter_pmsg_like_slg_a_scr3.0_n0.005_r2.csv,full_converter_pmsg_like,slg_a,3.0,0.005,10000,50.0,5.98,6.04,5.999797470880868,1.0337824756796579,0.35,,,,,,,,,,0.0017,0.0095,540.0,0.16
1107,case_01107_full_converter_pmsg_like_slg_a_scr3.0_n0.005_r3.csv,/root/phd_thesis/Z_Synthetic_Family_Library_v2/waveforms/case_01107_full_converter_pmsg_like_slg_a_scr3.0_n0.005_r3.csv,full_converter_pmsg_like,slg_a,3.0,0.005,10000,50.0,5.98,6.04,5.998913924122647,1.0685164737088182,0.35,,,,,,,,,,0.0017,0.0095,540.0,0.16
1108,case_01108_full_converter_pmsg_like_slg_a_scr3.0_n0.005_r4.csv,/root/phd_thesis/Z_Synthetic_Family_Library_v2/waveforms/case_01108_full_converter_pmsg_like_slg_a_scr3.0_n0.005_r4.csv,full_converter_pmsg_like,slg_a,3.0,0.005,10000,50.0,5.98,6.04,6.000164241297774,1.0356543430771954,0.35,,,,,,,,,,0.0017,0.0095,540.0,0.16
1109,case_01109_full_converter_pmsg_like_slg_a_scr3.0_n0.005_r5.csv,/root/phd_thesis/Z_Synthetic_Family_Library_v2/waveforms/case_01109_full_converter_pmsg_like_slg_a_scr3.0_n0.005_r5.csv,full_converter_pmsg_like,slg_a,3.0,0.005,10000,50.0,5.98,6.04,5.997895250988805,1.0646608617537134,0.35,,,,,,,,,,0.0017,0.0095,540.0,0.16
1110,case_01110_full_converter_pmsg_like_slg_a_scr3.0_n0.005_r6.csv,/root/phd_thesis/Z_Synthetic_Family_Library_v2/waveforms/case_01110_full_converter_pmsg_like_slg_a_scr3.0_n0.005_r6.csv,full_converter_pmsg_like,slg_a,3.0,0.005,10000,50.0,5.98,6.04,5.998777539522532,1.0460052235967114,0.35,,,,,,,,,,0.0017,0.0095,540.0,0.16
1111,case_01111_full_converter_pmsg_like_slg_a_scr3.0_n0.010_r1.csv,/root/phd_thesis/Z_Synthetic_Family_Library_v2/waveforms/case_01111_full_converter_pmsg_like_slg_a_scr3.0_n0.010_r1.csv,full_converter_pmsg_like,slg_a,3.0,0.01,10000,50.0,5.98,6.04,5.99816471958957,1.0004278464258938,0.35,,,,,,,,,,0.0017,0.0095,540.0,0.16
1112,case_01112_full_converter_pmsg_like_slg_a_scr3.0_n0.010_r2.csv,/root/phd_thesis/Z_Synthetic_Family_Library_v2/waveforms/case_01112_full_converter_pmsg_like_slg_a_scr3.0_n0.010_r2.csv,full_converter_pmsg_like,slg_a,3.0,0.01,10000,50.0,5.98,6.04,5.999166201371651,1.069225289038165,0.35,,,,,,,,,,0.0017,0.0095,540.0,0.16
1113,case_01113_full_converter_pmsg_like_slg_a_scr3.0_n0.010_r3.csv,/root/phd_thesis/Z_Synthetic_Family_Library_v2/waveforms/case_01113_full_converter_pmsg_like_slg_a_scr3.0_n0.010_r3.csv,full_converter_pmsg_like,slg_a,3.0,0.01,10000,50.0,5.98,6.04,5.99992658366673,1.0185722781144562,0.35,,,,,,,,,,0.0017,0.0095,540.0,0.16
1114,case_01114_full_converter_pmsg_like_slg_a_scr3.0_n0.010_r4.csv,/root/phd_thesis/Z_Synthetic_Family_Library_v2/waveforms/case_01114_full_converter_pmsg_like_slg_a_scr3.0_n0.010_r4.csv,full_converter_pmsg_like,slg_a,3.0,0.01,10000,50.0,5.98,6.04,5.998184055789682,1.04716192546308,0.35,,,,,,,,,,0.0017,0.0095,540.0,0.16
1115,case_01115_full_converter_pmsg_like_slg_a_scr3.0_n0.010_r5.csv,/root/phd_thesis/Z_Synthetic_Family_Library_v2/waveforms/case_01115_full_converter_pmsg_like_slg_a_scr3.0_n0.010_r5.csv,full_converter_pmsg_like,slg_a,3.0,0.01,10000,50.0,5.98,6.04,5.997580076600808,1.010377915831949,0.35,,,,,,,,,,0.0017,0.0095,540.0,0.16
1116,case_01116_full_converter_pmsg_like_slg_a_scr3.0_n0.010_r6.csv,/root/phd_thesis/Z_Synthetic_Family_Library_v2/waveforms/case_01116_full_converter_pmsg_like_slg_a_scr3.0_n0.010_r6.csv,full_converter_pmsg_like,slg_a,3.0,0.01,10000,50.0,5.98,6.04,5.999760162012974,1.0455080350555725,0.35,,,,,,,,,,0.0017,0.0095,540.0,0.16
1117,case_01117_full_converter_pmsg_like_slg_a_scr5.0_n0.002_r1.csv,/root/phd_thesis/Z_Synthetic_Family_Library_v2/waveforms/case_01117_full_converter_pmsg_like_slg_a_scr5.0_n0.002_r1.csv,full_converter_pmsg_like,slg_a,5.0,0.002,10000,50.0,5.98,6.04,6.00001824445545,1.0051287740755246,0.21,,,,,,,,,,0.0014999999999999998,0.0083,620.0,0.14
1118,case_01118_full_converter_pmsg_like_slg_a_scr5.0_n0.002_r2.csv,/root/phd_thesis/Z_Synthetic_Family_Library_v2/waveforms/case_01118_full_converter_pmsg_like_slg_a_scr5.0_n0.002_r2.csv,full_converter_pmsg_like,slg_a,5.0,0.002,10000,50.0,5.98,6.04,5.9997910282177145,1.0250727090987195,0.21,,,,,,,,,,0.0014999999999999998,0.0083,620.0,0.14
1119,case_01119_full_converter_pmsg_like_slg_a_scr5.0_n0.002_r3.csv,/root/phd_thesis/Z_Synthetic_Family_Library_v2/waveforms/case_01119_full_converter_pmsg_like_slg_a_scr5.0_n0.002_r3.csv,full_converter_pmsg_like,slg_a,5.0,0.002,10000,50.0,5.98,6.04,5.997523439077474,1.0212875944915447,0.21,,,,,,,,,,0.0014999999999999998,0.0083,620.0,0.14
1120,case_01120_full_converter_pmsg_like_slg_a_scr5.0_n0.002_r4.csv,/root/phd_thesis/Z_Synthetic_Family_Library_v2/waveforms/case_01120_full_converter_pmsg_like_slg_a_scr5.0_n0.002_r4.csv,full_converter_pmsg_like,slg_a,5.0,0.002,10000,50.0,5.98,6.04,5.999579073905959,1.0082574697966604,0.21,,,,,,,,,,0.0014999999999999998,0.0083,620.0,0.14
1121,case_01121_full_converter_pmsg_like_slg_a_scr5.0_n0.002_r5.csv,/root/phd_thesis/Z_Synthetic_Family_Library_v2/waveforms/case_01121_full_converter_pmsg_like_slg_a_scr5.0_n0.002_r5.csv,full_converter_pmsg_like,slg_a,5.0,0.002,10000,50.0,5.98,6.04,5.999624355505288,1.0223885278218174,0.21,,,,,,,,,,0.0014999999999999998,0.0083,620.0,0.14
1122,case_01122_full_converter_pmsg_like_slg_a_scr5.0_n0.002_r6.csv,/root/phd_thesis/Z_Synthetic_Family_Library_v2/waveforms/case_01122_full_converter_pmsg_like_slg_a_scr5.0_n0.002_r6.csv,full_converter_pmsg_like,slg_a,5.0,0.002,10000,50.0,5.98,6.04,5.997637331077458,1.0691753741901062,0.21,,,,,,,,,,0.0014999999999999998,0.0083,620.0,0.14
1123,case_01123_full_converter_pmsg_like_slg_a_scr5.0_n0.005_r1.csv,/root/phd_thesis/Z_Synthetic_Family_Library_v2/waveforms/case_01123_full_converter_pmsg_like_slg_a_scr5.0_n0.005_r1.csv,full_converter_pmsg_like,slg_a,5.0,0.005,10000,50.0,5.98,6.04,6.000406079345706,1.027095697098249,0.21,,,,,,,,,,0.0014999999999999998,0.0083,620.0,0.14
1124,case_01124_full_converter_pmsg_like_slg_a_scr5.0_n0.005_r2.csv,/root/phd_thesis/Z_Synthetic_Family_Library_v2/waveforms/case_01124_full_converter_pmsg_like_slg_a_scr5.0_n0.005_r2.csv,full_converter_pmsg_like,slg_a,5.0,0.005,10000,50.0,5.98,6.04,5.9989321879517545,1.019862463557749,0.21,,,,,,,,,,0.0014999999999999998,0.0083,620.0,0.14
1125,case_01125_full_converter_pmsg_like_slg_a_scr5.0_n0.005_r3.csv,/root/phd_thesis/Z_Synthetic_Family_Library_v2/waveforms/case_01125_full_converter_pmsg_like_slg_a_scr5.0_n0.005_r3.csv,full_converter_pmsg_like,slg_a,5.0,0.005,10000,50.0,5.98,6.04,5.9975575524873195,1.0674208001380747,0.21,,,,,,,,,,0.0014999999999999998,0.0083,620.0,0.14
1126,case_01126_full_converter_pmsg_like_slg_a_scr5.0_n0.005_r4.csv,/root/phd_thesis/Z_Synthetic_Family_Library_v2/waveforms/case_01126_full_converter_pmsg_like_slg_a_scr5.0_n0.005_r4.csv,full_converter_pmsg_like,slg_a,5.0,0.005,10000,50.0,5.98,6.04,5.998530411661374,1.0552818362063163,0.21,,,,,,,,,,0.0014999999999999998,0.0083,620.0,0.14
1127,case_01127_full_converter_pmsg_like_slg_a_scr5.0_n0.005_r5.csv,/root/phd_thesis/Z_Synthetic_Family_Library_v2/waveforms/case_01127_full_converter_pmsg_like_slg_a_scr5.0_n0.005_r5.csv,full_converter_pmsg_like,slg_a,5.0,0.005,10000,50.0,5.98,6.04,5.999531816157037,1.0104668049167775,0.21,,,,,,,,,,0.0014999999999999998,0.0083,620.0,0.14
1128,case_01128_full_converter_pmsg_like_slg_a_scr5.0_n0.005_r6.csv,/root/phd_thesis/Z_Synthetic_Family_Library_v2/waveforms/case_01128_full_converter_pmsg_like_slg_a_scr5.0_n0.005_r6.csv,full_converter_pmsg_like,slg_a,5.0,0.005,10000,50.0,5.98,6.04,5.997843225102638,1.0585299003344713,0.21,,,,,,,,,,0.0014999999999999998,0.0083,620.0,0.14
1129,case_01129_full_converter_pmsg_like_slg_a_scr5.0_n0.010_r1.csv,/root/phd_thesis/Z_Synthetic_Family_Library_v2/waveforms/case_01129_full_converter_pmsg_like_slg_a_scr5.0_n0.010_r1.csv,full_converter_pmsg_like,slg_a,5.0,0.01,10000,50.0,5.98,6.04,5.998877231993569,1.0406107159595261,0.21,,,,,,,,,,0.0014999999999999998,0.0083,620.0,0.14
1130,case_01130_full_converter_pmsg_like_slg_a_scr5.0_n0.010_r2.csv,/root/phd_thesis/Z_Synthetic_Family_Library_v2/waveforms/case_01130_full_converter_pmsg_like_slg_a_scr5.0_n0.010_r2.csv,full_converter_pmsg_like,slg_a,5.0,0.01,10000,50.0,5.98,6.04,5.999889586142673,1.0783979827018377,0.21,,,,,,,,,,0.0014999999999999998,0.0083,620.0,0.14
1131,case_01131_full_converter_pmsg_like_slg_a_scr5.0_n0.010_r3.csv,/root/phd_thesis/Z_Synthetic_Family_Library_v2/waveforms/case_01131_full_converter_pmsg_like_slg_a_scr5.0_n0.010_r3.csv,full_converter_pmsg_like,slg_a,5.0,0.01,10000,50.0,5.98,6.04,6.000113140226689,1.0766841146060246,0.21,,,,,,,,,,0.0014999999999999998,0.0083,620.0,0.14
1132,case_01132_full_converter_pmsg_like_slg_a_scr5.0_n0.010_r4.csv,/root/phd_thesis/Z_Synthetic_Family_Library_v2/waveforms/case_01132_full_converter_pmsg_like_slg_a_scr5.0_n0.010_r4.csv,full_converter_pmsg_like,slg_a,5.0,0.01,10000,50.0,5.98,6.04,5.998602138609431,1.0075972209654476,0.21,,,,,,,,,,0.0014999999999999998,0.0083,620.0,0.14
1133,case_01133_full_converter_pmsg_like_slg_a_scr5.0_n0.010_r5.csv,/root/phd_thesis/Z_Synthetic_Family_Library_v2/waveforms/case_01133_full_converter_pmsg_like_slg_a_scr5.0_n0.010_r5.csv,full_converter_pmsg_like,slg_a,5.0,0.01,10000,50.0,5.98,6.04,5.999535397099491,1.0155570576330628,0.21,,,,,,,,,,0.0014999999999999998,0.0083,620.0,0.14
1134,case_01134_full_converter_pmsg_like_slg_a_scr5.0_n0.010_r6.csv,/root/phd_thesis/Z_Synthetic_Family_Library_v2/waveforms/case_01134_full_converter_pmsg_like_slg_a_scr5.0_n0.010_r6.csv,full_converter_pmsg_like,slg_a,5.0,0.01,10000,50.0,5.98,6.04,6.000450666739408,1.0463082086945954,0.21,,,,,,,,,,0.0014999999999999998,0.0083,620.0,0.14
1135,case_01135_full_converter_pmsg_like_slg_a_scr8.0_n0.002_r1.csv,/root/phd_thesis/Z_Synthetic_Family_Library_v2/waveforms/case_01135_full_converter_pmsg_like_slg_a_scr8.0_n0.002_r1.csv,full_converter_pmsg_like,slg_a,8.0,0.002,10000,50.0,5.98,6.04,5.998938512680656,1.0407838711755755,0.13999999999999999,,,,,,,,,,0.0013874999999999998,0.007625,740.0,0.12875
1136,case_01136_full_converter_pmsg_like_slg_a_scr8.0_n0.002_r2.csv,/root/phd_thesis/Z_Synthetic_Family_Library_v2/waveforms/case_01136_full_converter_pmsg_like_slg_a_scr8.0_n0.002_r2.csv,full_converter_pmsg_like,slg_a,8.0,0.002,10000,50.0,5.98,6.04,5.997952952881781,1.047871769453829,0.13999999999999999,,,,,,,,,,0.0013874999999999998,0.007625,740.0,0.12875
1137,case_01137_full_converter_pmsg_like_slg_a_scr8.0_n0.002_r3.csv,/root/phd_thesis/Z_Synthetic_Family_Library_v2/waveforms/case_01137_full_converter_pmsg_like_slg_a_scr8.0_n0.002_r3.csv,full_converter_pmsg_like,slg_a,8.0,0.002,10000,50.0,5.98,6.04,5.997822835471306,1.0260755016298024,0.13999999999999999,,,,,,,,,,0.0013874999999999998,0.007625,740.0,0.12875
1138,case_01138_full_converter_pmsg_like_slg_a_scr8.0_n0.002_r4.csv,/root/phd_thesis/Z_Synthetic_Family_Library_v2/waveforms/case_01138_full_converter_pmsg_like_slg_a_scr8.0_n0.002_r4.csv,full_converter_pmsg_like,slg_a,8.0,0.002,10000,50.0,5.98,6.04,6.000290176038791,1.0282163205122077,0.13999999999999999,,,,,,,,,,0.0013874999999999998,0.007625,740.0,0.12875
1139,case_01139_full_converter_pmsg_like_slg_a_scr8.0_n0.002_r5.csv,/root/phd_thesis/Z_Synthetic_Family_Library_v2/waveforms/case_01139_full_converter_pmsg_like_slg_a_scr8.0_n0.002_r5.csv,full_converter_pmsg_like,slg_a,8.0,0.002,10000,50.0,5.98,6.04,5.99821867047854,1.0347493671619152,0.13999999999999999,,,,,,,,,,0.0013874999999999998,0.007625,740.0,0.12875
1140,case_01140_full_converter_pmsg_like_slg_a_scr8.0_n0.002_r6.csv,/root/phd_thesis/Z_Synthetic_Family_Library_v2/waveforms/case_01140_full_converter_pmsg_like_slg_a_scr8.0_n0.002_r6.csv,full_converter_pmsg_like,slg_a,8.0,0.002,10000,50.0,5.98,6.04,5.998023817119996,1.0134309257286416,0.13999999999999999,,,,,,,,,,0.0013874999999999998,0.007625,740.0,0.12875
1141,case_01141_full_converter_pmsg_like_slg_a_scr8.0_n0.005_r1.csv,/root/phd_thesis/Z_Synthetic_Family_Library_v2/waveforms/case_01141_full_converter_pmsg_like_slg_a_scr8.0_n0.005_r1.csv,full_converter_pmsg_like,slg_a,8.0,0.005,10000,50.0,5.98,6.04,5.997547232302314,1.040235620506059,0.13999999999999999,,,,,,,,,,0.0013874999999999998,0.007625,740.0,0.12875
1142,case_01142_full_converter_pmsg_like_slg_a_scr8.0_n0.005_r2.csv,/root/phd_thesis/Z_Synthetic_Family_Library_v2/waveforms/case_01142_full_converter_pmsg_like_slg_a_scr8.0_n0.005_r2.csv,full_converter_pmsg_like,slg_a,8.0,0.005,10000,50.0,5.98,6.04,5.997993131253962,1.0165091337362786,0.13999999999999999,,,,,,,,,,0.0013874999999999998,0.007625,740.0,0.12875
1143,case_01143_full_converter_pmsg_like_slg_a_scr8.0_n0.005_r3.csv,/root/phd_thesis/Z_Synthetic_Family_Library_v2/waveforms/case_01143_full_converter_pmsg_like_slg_a_scr8.0_n0.005_r3.csv,full_converter_pmsg_like,slg_a,8.0,0.005,10000,50.0,5.98,6.04,5.999936976323474,1.0594129709974591,0.13999999999999999,,,,,,,,,,0.0013874999999999998,0.007625,740.0,0.12875
1144,case_01144_full_converter_pmsg_like_slg_a_scr8.0_n0.005_r4.csv,/root/phd_thesis/Z_Synthetic_Family_Library_v2/waveforms/case_01144_full_converter_pmsg_like_slg_a_scr8.0_n0.005_r4.csv,full_converter_pmsg_like,slg_a,8.0,0.005,10000,50.0,5.98,6.04,5.997955653362102,1.0413044617271718,0.13999999999999999,,,,,,,,,,0.0013874999999999998,0.007625,740.0,0.12875
1145,case_01145_full_converter_pmsg_like_slg_a_scr8.0_n0.005_r5.csv,/root/phd_thesis/Z_Synthetic_Family_Library_v2/waveforms/case_01145_full_converter_pmsg_like_slg_a_scr8.0_n0.005_r5.csv,full_converter_pmsg_like,slg_a,8.0,0.005,10000,50.0,5.98,6.04,5.998091985692674,1.0641863161299916,0.13999999999999999,,,,,,,,,,0.0013874999999999998,0.007625,740.0,0.12875
1146,case_01146_full_converter_pmsg_like_slg_a_scr8.0_n0.005_r6.csv,/root/phd_thesis/Z_Synthetic_Family_Library_v2/waveforms/case_01146_full_converter_pmsg_like_slg_a_scr8.0_n0.005_r6.csv,full_converter_pmsg_like,slg_a,8.0,0.005,10000,50.0,5.98,6.04,5.998657034432709,1.0328734619116837,0.13999999999999999,,,,,,,,,,0.0013874999999999998,0.007625,740.0,0.12875
1147,case_01147_full_converter_pmsg_like_slg_a_scr8.0_n0.010_r1.csv,/root/phd_thesis/Z_Synthetic_Family_Library_v2/waveforms/case_01147_full_converter_pmsg_like_slg_a_scr8.0_n0.010_r1.csv,full_converter_pmsg_like,slg_a,8.0,0.01,10000,50.0,5.98,6.04,6.000454601046531,1.0468315354539357,0.13999999999999999,,,,,,,,,,0.0013874999999999998,0.007625,740.0,0.12875
1148,case_01148_full_converter_pmsg_like_slg_a_scr8.0_n0.010_r2.csv,/root/phd_thesis/Z_Synthetic_Family_Library_v2/waveforms/case_01148_full_converter_pmsg_like_slg_a_scr8.0_n0.010_r2.csv,full_converter_pmsg_like,slg_a,8.0,0.01,10000,50.0,5.98,6.04,5.997638739153758,1.0350241616830933,0.13999999999999999,,,,,,,,,,0.0013874999999999998,0.007625,740.0,0.12875
1149,case_01149_full_converter_pmsg_like_slg_a_scr8.0_n0.010_r3.csv,/root/phd_thesis/Z_Synthetic_Family_Library_v2/waveforms/case_01149_full_converter_pmsg_like_slg_a_scr8.0_n0.010_r3.csv,full_converter_pmsg_like,slg_a,8.0,0.01,10000,50.0,5.98,6.04,5.998313160264729,1.0217582336992237,0.13999999999999999,,,,,,,,,,0.0013874999999999998,0.007625,740.0,0.12875
1150,case_01150_full_converter_pmsg_like_slg_a_scr8.0_n0.010_r4.csv,/root/phd_thesis/Z_Synthetic_Family_Library_v2/waveforms/case_01150_full_converter_pmsg_like_slg_a_scr8.0_n0.010_r4.csv,full_converter_pmsg_like,slg_a,8.0,0.01,10000,50.0,5.98,6.04,5.999383450121633,1.0510565302213954,0.13999999999999999,,,,,,,,,,0.0013874999999999998,0.007625,740.0,0.12875
1151,case_01151_full_converter_pmsg_like_slg_a_scr8.0_n0.010_r5.csv,/root/phd_thesis/Z_Synthetic_Family_Library_v2/waveforms/case_01151_full_converter_pmsg_like_slg_a_scr8.0_n0.010_r5.csv,full_converter_pmsg_like,slg_a,8.0,0.01,10000,50.0,5.98,6.04,5.999009014516256,1.0561868744624965,0.13999999999999999,,,,,,,,,,0.0013874999999999998,0.007625,740.0,0.12875
1152,case_01152_full_converter_pmsg_like_slg_a_scr8.0_n0.010_r6.csv,/root/phd_thesis/Z_Synthetic_Family_Library_v2/waveforms/case_01152_full_converter_pmsg_like_slg_a_scr8.0_n0.010_r6.csv,full_converter_pmsg_like,slg_a,8.0,0.01,10000,50.0,5.98,6.04,5.998896338829042,1.0410145598841853,0.13999999999999999,,,,,,,,,,0.0013874999999999998,0.007625,740.0,0.12875
1153,case_01153_full_converter_pmsg_like_slg_b_scr2.0_n0.002_r1.csv,/root/phd_thesis/Z_Synthetic_Family_Library_v2/waveforms/case_01153_full_converter_pmsg_like_slg_b_scr2.0_n0.002_r1.csv,full_converter_pmsg_like,slg_b,2.0,0.002,10000,50.0,5.98,6.04,6.000249018372604,1.015097551779324,0.5249999999999999,,,,,,,,,,0.00195,0.011,500.0,0.185
1154,case_01154_full_converter_pmsg_like_slg_b_scr2.0_n0.002_r2.csv,/root/phd_thesis/Z_Synthetic_Family_Library_v2/waveforms/case_01154_full_converter_pmsg_like_slg_b_scr2.0_n0.002_r2.csv,full_converter_pmsg_like,slg_b,2.0,0.002,10000,50.0,5.98,6.04,5.998454887546584,1.0601865675281006,0.5249999999999999,,,,,,,,,,0.00195,0.011,500.0,0.185
1155,case_01155_full_converter_pmsg_like_slg_b_scr2.0_n0.002_r3.csv,/root/phd_thesis/Z_Synthetic_Family_Library_v2/waveforms/case_01155_full_converter_pmsg_like_slg_b_scr2.0_n0.002_r3.csv,full_converter_pmsg_like,slg_b,2.0,0.002,10000,50.0,5.98,6.04,6.000326807833159,1.033232486073349,0.5249999999999999,,,,,,,,,,0.00195,0.011,500.0,0.185
1156,case_01156_full_converter_pmsg_like_slg_b_scr2.0_n0.002_r4.csv,/root/phd_thesis/Z_Synthetic_Family_Library_v2/waveforms/case_01156_full_converter_pmsg_like_slg_b_scr2.0_n0.002_r4.csv,full_converter_pmsg_like,slg_b,2.0,0.002,10000,50.0,5.98,6.04,5.999112195854608,1.0435579061861968,0.5249999999999999,,,,,,,,,,0.00195,0.011,500.0,0.185
1157,case_01157_full_converter_pmsg_like_slg_b_scr2.0_n0.002_r5.csv,/root/phd_thesis/Z_Synthetic_Family_Library_v2/waveforms/case_01157_full_converter_pmsg_like_slg_b_scr2.0_n0.002_r5.csv,full_converter_pmsg_like,slg_b,2.0,0.002,10000,50.0,5.98,6.04,5.999425295634032,1.0585227964190551,0.5249999999999999,,,,,,,,,,0.00195,0.011,500.0,0.185
1158,case_01158_full_converter_pmsg_like_slg_b_scr2.0_n0.002_r6.csv,/root/phd_thesis/Z_Synthetic_Family_Library_v2/waveforms/case_01158_full_converter_pmsg_like_slg_b_scr2.0_n0.002_r6.csv,full_converter_pmsg_like,slg_b,2.0,0.002,10000,50.0,5.98,6.04,6.000354607638491,1.039450537501261,0.5249999999999999,,,,,,,,,,0.00195,0.011,500.0,0.185
1159,case_01159_full_converter_pmsg_like_slg_b_scr2.0_n0.005_r1.csv,/root/phd_thesis/Z_Synthetic_Family_Library_v2/waveforms/case_01159_full_converter_pmsg_like_slg_b_scr2.0_n0.005_r1.csv,full_converter_pmsg_like,slg_b,2.0,0.005,10000,50.0,5.98,6.04,6.000371061545611,1.0083193284570307,0.5249999999999999,,,,,,,,,,0.00195,0.011,500.0,0.185
1160,case_01160_full_converter_pmsg_like_slg_b_scr2.0_n0.005_r2.csv,/root/phd_thesis/Z_Synthetic_Family_Library_v2/waveforms/case_01160_full_converter_pmsg_like_slg_b_scr2.0_n0.005_r2.csv,full_converter_pmsg_like,slg_b,2.0,0.005,10000,50.0,5.98,6.04,5.999032699647594,1.073234339519274,0.5249999999999999,,,,,,,,,,0.00195,0.011,500.0,0.185
1161,case_01161_full_converter_pmsg_like_slg_b_scr2.0_n0.005_r3.csv,/root/phd_thesis/Z_Synthetic_Family_Library_v2/waveforms/case_01161_full_converter_pmsg_like_slg_b_scr2.0_n0.005_r3.csv,full_converter_pmsg_like,slg_b,2.0,0.005,10000,50.0,5.98,6.04,6.000092292930029,1.0399188951405727,0.5249999999999999,,,,,,,,,,0.00195,0.011,500.0,0.185
1162,case_01162_full_converter_pmsg_like_slg_b_scr2.0_n0.005_r4.csv,/root/phd_thesis/Z_Synthetic_Family_Library_v2/waveforms/case_01162_full_converter_pmsg_like_slg_b_scr2.0_n0.005_r4.csv,full_converter_pmsg_like,slg_b,2.0,0.005,10000,50.0,5.98,6.04,5.9979209235725,1.0104338947698046,0.5249999999999999,,,,,,,,,,0.00195,0.011,500.0,0.185
1163,case_01163_full_converter_pmsg_like_slg_b_scr2.0_n0.005_r5.csv,/root/phd_thesis/Z_Synthetic_Family_Library_v2/waveforms/case_01163_full_converter_pmsg_like_slg_b_scr2.0_n0.005_r5.csv,full_converter_pmsg_like,slg_b,2.0,0.005,10000,50.0,5.98,6.04,5.998048919663557,1.0762238099746981,0.5249999999999999,,,,,,,,,,0.00195,0.011,500.0,0.185
1164,case_01164_full_converter_pmsg_like_slg_b_scr2.0_n0.005_r6.csv,/root/phd_thesis/Z_Synthetic_Family_Library_v2/waveforms/case_01164_full_converter_pmsg_like_slg_b_scr2.0_n0.005_r6.csv,full_converter_pmsg_like,slg_b,2.0,0.005,10000,50.0,5.98,6.04,6.000169436348023,1.056389555118678,0.5249999999999999,,,,,,,,,,0.00195,0.011,500.0,0.185
1165,case_01165_full_converter_pmsg_like_slg_b_scr2.0_n0.010_r1.csv,/root/phd_thesis/Z_Synthetic_Family_Library_v2/waveforms/case_01165_full_converter_pmsg_like_slg_b_scr2.0_n0.010_r1.csv,full_converter_pmsg_like,slg_b,2.0,0.01,10000,50.0,5.98,6.04,5.999869684622165,1.0164067200051312,0.5249999999999999,,,,,,,,,,0.00195,0.011,500.0,0.185
1166,case_01166_full_converter_pmsg_like_slg_b_scr2.0_n0.010_r2.csv,/root/phd_thesis/Z_Synthetic_Family_Library_v2/waveforms/case_01166_full_converter_pmsg_like_slg_b_scr2.0_n0.010_r2.csv,full_converter_pmsg_like,slg_b,2.0,0.01,10000,50.0,5.98,6.04,5.999482365659698,1.0086149612020614,0.5249999999999999,,,,,,,,,,0.00195,0.011,500.0,0.185
1167,case_01167_full_converter_pmsg_like_slg_b_scr2.0_n0.010_r3.csv,/root/phd_thesis/Z_Synthetic_Family_Library_v2/waveforms/case_01167_full_converter_pmsg_like_slg_b_scr2.0_n0.010_r3.csv,full_converter_pmsg_like,slg_b,2.0,0.01,10000,50.0,5.98,6.04,5.999964497399539,1.0321241351096004,0.5249999999999999,,,,,,,,,,0.00195,0.011,500.0,0.185
1168,case_01168_full_converter_pmsg_like_slg_b_scr2.0_n0.010_r4.csv,/root/phd_thesis/Z_Synthetic_Family_Library_v2/waveforms/case_01168_full_converter_pmsg_like_slg_b_scr2.0_n0.010_r4.csv,full_converter_pmsg_like,slg_b,2.0,0.01,10000,50.0,5.98,6.04,5.997818271162819,1.0361525989304043,0.5249999999999999,,,,,,,,,,0.00195,0.011,500.0,0.185
1169,case_01169_full_converter_pmsg_like_slg_b_scr2.0_n0.010_r5.csv,/root/phd_thesis/Z_Synthetic_Family_Library_v2/waveforms/case_01169_full_converter_pmsg_like_slg_b_scr2.0_n0.010_r5.csv,full_converter_pmsg_like,slg_b,2.0,0.01,10000,50.0,5.98,6.04,5.9979758941643135,1.0412583280565542,0.5249999999999999,,,,,,,,,,0.00195,0.011,500.0,0.185
1170,case_01170_full_converter_pmsg_like_slg_b_scr2.0_n0.010_r6.csv,/root/phd_thesis/Z_Synthetic_Family_Library_v2/waveforms/case_01170_full_converter_pmsg_like_slg_b_scr2.0_n0.010_r6.csv,full_converter_pmsg_like,slg_b,2.0,0.01,10000,50.0,5.98,6.04,5.99874921508896,1.0271562039022948,0.5249999999999999,,,,,,,,,,0.00195,0.011,500.0,0.185
1171,case_01171_full_converter_pmsg_like_slg_b_scr3.0_n0.002_r1.csv,/root/phd_thesis/Z_Synthetic_Family_Library_v2/waveforms/case_01171_full_converter_pmsg_like_slg_b_scr3.0_n0.002_r1.csv,full_converter_pmsg_like,slg_b,3.0,0.002,10000,50.0,5.98,6.04,5.9976527800121255,1.03023500837161,0.35,,,,,,,,,,0.0017,0.0095,540.0,0.16
1172,case_01172_full_converter_pmsg_like_slg_b_scr3.0_n0.002_r2.csv,/root/phd_thesis/Z_Synthetic_Family_Library_v2/waveforms/case_01172_full_converter_pmsg_like_slg_b_scr3.0_n0.002_r2.csv,full_converter_pmsg_like,slg_b,3.0,0.002,10000,50.0,5.98,6.04,5.998388348018368,1.0755857408065315,0.35,,,,,,,,,,0.0017,0.0095,540.0,0.16
1173,case_01173_full_converter_pmsg_like_slg_b_scr3.0_n0.002_r3.csv,/root/phd_thesis/Z_Synthetic_Family_Library_v2/waveforms/case_01173_full_converter_pmsg_like_slg_b_scr3.0_n0.002_r3.csv,full_converter_pmsg_like,slg_b,3.0,0.002,10000,50.0,5.98,6.04,5.998595620892712,1.06449065019421,0.35,,,,,,,,,,0.0017,0.0095,540.0,0.16
1174,case_01174_full_converter_pmsg_like_slg_b_scr3.0_n0.002_r4.csv,/root/phd_thesis/Z_Synthetic_Family_Library_v2/waveforms/case_01174_full_converter_pmsg_like_slg_b_scr3.0_n0.002_r4.csv,full_converter_pmsg_like,slg_b,3.0,0.002,10000,50.0,5.98,6.04,5.998154998820497,1.0028316744353796,0.35,,,,,,,,,,0.0017,0.0095,540.0,0.16
1175,case_01175_full_converter_pmsg_like_slg_b_scr3.0_n0.002_r5.csv,/root/phd_thesis/Z_Synthetic_Family_Library_v2/waveforms/case_01175_full_converter_pmsg_like_slg_b_scr3.0_n0.002_r5.csv,full_converter_pmsg_like,slg_b,3.0,0.002,10000,50.0,5.98,6.04,6.000294129032861,1.0667419229505142,0.35,,,,,,,,,,0.0017,0.0095,540.0,0.16
1176,case_01176_full_converter_pmsg_like_slg_b_scr3.0_n0.002_r6.csv,/root/phd_thesis/Z_Synthetic_Family_Library_v2/waveforms/case_01176_full_converter_pmsg_like_slg_b_scr3.0_n0.002_r6.csv,full_converter_pmsg_like,slg_b,3.0,0.002,10000,50.0,5.98,6.04,5.998786898773598,1.030635171006828,0.35,,,,,,,,,,0.0017,0.0095,540.0,0.16
1177,case_01177_full_converter_pmsg_like_slg_b_scr3.0_n0.005_r1.csv,/root/phd_thesis/Z_Synthetic_Family_Library_v2/waveforms/case_01177_full_converter_pmsg_like_slg_b_scr3.0_n0.005_r1.csv,full_converter_pmsg_like,slg_b,3.0,0.005,10000,50.0,5.98,6.04,5.998340166309572,1.0399338555904203,0.35,,,,,,,,,,0.0017,0.0095,540.0,0.16
1178,case_01178_full_converter_pmsg_like_slg_b_scr3.0_n0.005_r2.csv,/root/phd_thesis/Z_Synthetic_Family_Library_v2/waveforms/case_01178_full_converter_pmsg_like_slg_b_scr3.0_n0.005_r2.csv,full_converter_pmsg_like,slg_b,3.0,0.005,10000,50.0,5.98,6.04,5.999609915120578,1.0223738754501241,0.35,,,,,,,,,,0.0017,0.0095,540.0,0.16
1179,case_01179_full_converter_pmsg_like_slg_b_scr3.0_n0.005_r3.csv,/root/phd_thesis/Z_Synthetic_Family_Library_v2/waveforms/case_01179_full_converter_pmsg_like_slg_b_scr3.0_n0.005_r3.csv,full_converter_pmsg_like,slg_b,3.0,0.005,10000,50.0,5.98,6.04,5.9994653350979,1.0748364900384384,0.35,,,,,,,,,,0.0017,0.0095,540.0,0.16
1180,case_01180_full_converter_pmsg_like_slg_b_scr3.0_n0.005_r4.csv,/root/phd_thesis/Z_Synthetic_Family_Library_v2/waveforms/case_01180_full_converter_pmsg_like_slg_b_scr3.0_n0.005_r4.csv,full_converter_pmsg_like,slg_b,3.0,0.005,10000,50.0,5.98,6.04,5.999630434877384,1.0032932005226085,0.35,,,,,,,,,,0.0017,0.0095,540.0,0.16
1181,case_01181_full_converter_pmsg_like_slg_b_scr3.0_n0.005_r5.csv,/root/phd_thesis/Z_Synthetic_Family_Library_v2/waveforms/case_01181_full_converter_pmsg_like_slg_b_scr3.0_n0.005_r5.csv,full_converter_pmsg_like,slg_b,3.0,0.005,10000,50.0,5.98,6.04,5.997718207881218,1.0508800117938988,0.35,,,,,,,,,,0.0017,0.0095,540.0,0.16
1182,case_01182_full_converter_pmsg_like_slg_b_scr3.0_n0.005_r6.csv,/root/phd_thesis/Z_Synthetic_Family_Library_v2/waveforms/case_01182_full_converter_pmsg_like_slg_b_scr3.0_n0.005_r6.csv,full_converter_pmsg_like,slg_b,3.0,0.005,10000,50.0,5.98,6.04,5.998661585048626,1.0414244024626331,0.35,,,,,,,,,,0.0017,0.0095,540.0,0.16
1183,case_01183_full_converter_pmsg_like_slg_b_scr3.0_n0.010_r1.csv,/root/phd_thesis/Z_Synthetic_Family_Library_v2/waveforms/case_01183_full_converter_pmsg_like_slg_b_scr3.0_n0.010_r1.csv,full_converter_pmsg_like,slg_b,3.0,0.01,10000,50.0,5.98,6.04,5.999347678497404,1.0058333378101398,0.35,,,,,,,,,,0.0017,0.0095,540.0,0.16
1184,case_01184_full_converter_pmsg_like_slg_b_scr3.0_n0.010_r2.csv,/root/phd_thesis/Z_Synthetic_Family_Library_v2/waveforms/case_01184_full_converter_pmsg_like_slg_b_scr3.0_n0.010_r2.csv,full_converter_pmsg_like,slg_b,3.0,0.01,10000,50.0,5.98,6.04,5.998586036563822,1.0066209371560575,0.35,,,,,,,,,,0.0017,0.0095,540.0,0.16
1185,case_01185_full_converter_pmsg_like_slg_b_scr3.0_n0.010_r3.csv,/root/phd_thesis/Z_Synthetic_Family_Library_v2/waveforms/case_01185_full_converter_pmsg_like_slg_b_scr3.0_n0.010_r3.csv,full_converter_pmsg_like,slg_b,3.0,0.01,10000,50.0,5.98,6.04,5.9993895510221344,1.0668320074612645,0.35,,,,,,,,,,0.0017,0.0095,540.0,0.16
1186,case_01186_full_converter_pmsg_like_slg_b_scr3.0_n0.010_r4.csv,/root/phd_thesis/Z_Synthetic_Family_Library_v2/waveforms/case_01186_full_converter_pmsg_like_slg_b_scr3.0_n0.010_r4.csv,full_converter_pmsg_like,slg_b,3.0,0.01,10000,50.0,5.98,6.04,5.9994161539676325,1.015982690040645,0.35,,,,,,,,,,0.0017,0.0095,540.0,0.16
1187,case_01187_full_converter_pmsg_like_slg_b_scr3.0_n0.010_r5.csv,/root/phd_thesis/Z_Synthetic_Family_Library_v2/waveforms/case_01187_full_converter_pmsg_like_slg_b_scr3.0_n0.010_r5.csv,full_converter_pmsg_like,slg_b,3.0,0.01,10000,50.0,5.98,6.04,5.999046734405467,1.0426358795954822,0.35,,,,,,,,,,0.0017,0.0095,540.0,0.16
1188,case_01188_full_converter_pmsg_like_slg_b_scr3.0_n0.010_r6.csv,/root/phd_thesis/Z_Synthetic_Family_Library_v2/waveforms/case_01188_full_converter_pmsg_like_slg_b_scr3.0_n0.010_r6.csv,full_converter_pmsg_like,slg_b,3.0,0.01,10000,50.0,5.98,6.04,6.000132335477828,1.0311273194687287,0.35,,,,,,,,,,0.0017,0.0095,540.0,0.16
1189,case_01189_full_converter_pmsg_like_slg_b_scr5.0_n0.002_r1.csv,/root/phd_thesis/Z_Synthetic_Family_Library_v2/waveforms/case_01189_full_converter_pmsg_like_slg_b_scr5.0_n0.002_r1.csv,full_converter_pmsg_like,slg_b,5.0,0.002,10000,50.0,5.98,6.04,5.999399073358872,1.036342391508188,0.21,,,,,,,,,,0.0014999999999999998,0.0083,620.0,0.14
1190,case_01190_full_converter_pmsg_like_slg_b_scr5.0_n0.002_r2.csv,/root/phd_thesis/Z_Synthetic_Family_Library_v2/waveforms/case_01190_full_converter_pmsg_like_slg_b_scr5.0_n0.002_r2.csv,full_converter_pmsg_like,slg_b,5.0,0.002,10000,50.0,5.98,6.04,6.000018560029782,1.0257759926819856,0.21,,,,,,,,,,0.0014999999999999998,0.0083,620.0,0.14
1191,case_01191_full_converter_pmsg_like_slg_b_scr5.0_n0.002_r3.csv,/root/phd_thesis/Z_Synthetic_Family_Library_v2/waveforms/case_01191_full_converter_pmsg_like_slg_b_scr5.0_n0.002_r3.csv,full_converter_pmsg_like,slg_b,5.0,0.002,10000,50.0,5.98,6.04,5.9997195926083355,1.061468901439455,0.21,,,,,,,,,,0.0014999999999999998,0.0083,620.0,0.14
1192,case_01192_full_converter_pmsg_like_slg_b_scr5.0_n0.002_r4.csv,/root/phd_thesis/Z_Synthetic_Family_Library_v2/waveforms/case_01192_full_converter_pmsg_like_slg_b_scr5.0_n0.002_r4.csv,full_converter_pmsg_like,slg_b,5.0,0.002,10000,50.0,5.98,6.04,5.998275066464075,1.018437349479091,0.21,,,,,,,,,,0.0014999999999999998,0.0083,620.0,0.14
1193,case_01193_full_converter_pmsg_like_slg_b_scr5.0_n0.002_r5.csv,/root/phd_thesis/Z_Synthetic_Family_Library_v2/waveforms/case_01193_full_converter_pmsg_like_slg_b_scr5.0_n0.002_r5.csv,full_converter_pmsg_like,slg_b,5.0,0.002,10000,50.0,5.98,6.04,5.999881000246017,1.0046494664567014,0.21,,,,,,,,,,0.0014999999999999998,0.0083,620.0,0.14
1194,case_01194_full_converter_pmsg_like_slg_b_scr5.0_n0.002_r6.csv,/root/phd_thesis/Z_Synthetic_Family_Library_v2/waveforms/case_01194_full_converter_pmsg_like_slg_b_scr5.0_n0.002_r6.csv,full_converter_pmsg_like,slg_b,5.0,0.002,10000,50.0,5.98,6.04,5.997964306372626,1.0648251524449113,0.21,,,,,,,,,,0.0014999999999999998,0.0083,620.0,0.14
1195,case_01195_full_converter_pmsg_like_slg_b_scr5.0_n0.005_r1.csv,/root/phd_thesis/Z_Synthetic_Family_Library_v2/waveforms/case_01195_full_converter_pmsg_like_slg_b_scr5.0_n0.005_r1.csv,full_converter_pmsg_like,slg_b,5.0,0.005,10000,50.0,5.98,6.04,5.9982382093903315,1.0248856133397288,0.21,,,,,,,,,,0.0014999999999999998,0.0083,620.0,0.14
1196,case_01196_full_converter_pmsg_like_slg_b_scr5.0_n0.005_r2.csv,/root/phd_thesis/Z_Synthetic_Family_Library_v2/waveforms/case_01196_full_converter_pmsg_like_slg_b_scr5.0_n0.005_r2.csv,full_converter_pmsg_like,slg_b,5.0,0.005,10000,50.0,5.98,6.04,5.998605904473967,1.0197722778279859,0.21,,,,,,,,,,0.0014999999999999998,0.0083,620.0,0.14
1197,case_01197_full_converter_pmsg_like_slg_b_scr5.0_n0.005_r3.csv,/root/phd_thesis/Z_Synthetic_Family_Library_v2/waveforms/case_01197_full_converter_pmsg_like_slg_b_scr5.0_n0.005_r3.csv,full_converter_pmsg_like,slg_b,5.0,0.005,10000,50.0,5.98,6.04,5.997900853911429,1.075824313997103,0.21,,,,,,,,,,0.0014999999999999998,0.0083,620.0,0.14
1198,case_01198_full_converter_pmsg_like_slg_b_scr5.0_n0.005_r4.csv,/root/phd_thesis/Z_Synthetic_Family_Library_v2/waveforms/case_01198_full_converter_pmsg_like_slg_b_scr5.0_n0.005_r4.csv,full_converter_pmsg_like,slg_b,5.0,0.005,10000,50.0,5.98,6.04,5.998132967201583,1.0759602728130226,0.21,,,,,,,,,,0.0014999999999999998,0.0083,620.0,0.14
1199,case_01199_full_converter_pmsg_like_slg_b_scr5.0_n0.005_r5.csv,/root/phd_thesis/Z_Synthetic_Family_Library_v2/waveforms/case_01199_full_converter_pmsg_like_slg_b_scr5.0_n0.005_r5.csv,full_converter_pmsg_like,slg_b,5.0,0.005,10000,50.0,5.98,6.04,6.000431078752904,1.0181460083196634,0.21,,,,,,,,,,0.0014999999999999998,0.0083,620.0,0.14
1200,case_01200_full_converter_pmsg_like_slg_b_scr5.0_n0.005_r6.csv,/root/phd_thesis/Z_Synthetic_Family_Library_v2/waveforms/case_01200_full_converter_pmsg_like_slg_b_scr5.0_n0.005_r6.csv,full_converter_pmsg_like,slg_b,5.0,0.005,10000,50.0,5.98,6.04,6.000350539104399,1.032282109661594,0.21,,,,,,,,,,0.0014999999999999998,0.0083,620.0,0.14
1201,case_01201_full_converter_pmsg_like_slg_b_scr5.0_n0.010_r1.csv,/root/phd_thesis/Z_Synthetic_Family_Library_v2/waveforms/case_01201_full_converter_pmsg_like_slg_b_scr5.0_n0.010_r1.csv,full_converter_pmsg_like,slg_b,5.0,0.01,10000,50.0,5.98,6.04,5.999749358665694,1.0625867145026726,0.21,,,,,,,,,,0.0014999999999999998,0.0083,620.0,0.14
1202,case_01202_full_converter_pmsg_like_slg_b_scr5.0_n0.010_r2.csv,/root/phd_thesis/Z_Synthetic_Family_Library_v2/waveforms/case_01202_full_converter_pmsg_like_slg_b_scr5.0_n0.010_r2.csv,full_converter_pmsg_like,slg_b,5.0,0.01,10000,50.0,5.98,6.04,5.998307348094399,1.033676036539386,0.21,,,,,,,,,,0.0014999999999999998,0.0083,620.0,0.14
1203,case_01203_full_converter_pmsg_like_slg_b_scr5.0_n0.010_r3.csv,/root/phd_thesis/Z_Synthetic_Family_Library_v2/waveforms/case_01203_full_converter_pmsg_like_slg_b_scr5.0_n0.010_r3.csv,full_converter_pmsg_like,slg_b,5.0,0.01,10000,50.0,5.98,6.04,5.99786261352522,1.008820910994725,0.21,,,,,,,,,,0.0014999999999999998,0.0083,620.0,0.14
1204,case_01204_full_converter_pmsg_like_slg_b_scr5.0_n0.010_r4.csv,/root/phd_thesis/Z_Synthetic_Family_Library_v2/waveforms/case_01204_full_converter_pmsg_like_slg_b_scr5.0_n0.010_r4.csv,full_converter_pmsg_like,slg_b,5.0,0.01,10000,50.0,5.98,6.04,5.998172587226233,1.0669333071212899,0.21,,,,,,,,,,0.0014999999999999998,0.0083,620.0,0.14
1205,case_01205_full_converter_pmsg_like_slg_b_scr5.0_n0.010_r5.csv,/root/phd_thesis/Z_Synthetic_Family_Library_v2/waveforms/case_01205_full_converter_pmsg_like_slg_b_scr5.0_n0.010_r5.csv,full_converter_pmsg_like,slg_b,5.0,0.01,10000,50.0,5.98,6.04,5.999456963009729,1.0007654444402125,0.21,,,,,,,,,,0.0014999999999999998,0.0083,620.0,0.14
1206,case_01206_full_converter_pmsg_like_slg_b_scr5.0_n0.010_r6.csv,/root/phd_thesis/Z_Synthetic_Family_Library_v2/waveforms/case_01206_full_converter_pmsg_like_slg_b_scr5.0_n0.010_r6.csv,full_converter_pmsg_like,slg_b,5.0,0.01,10000,50.0,5.98,6.04,5.997857171053597,1.0558454737532508,0.21,,,,,,,,,,0.0014999999999999998,0.0083,620.0,0.14
1207,case_01207_full_converter_pmsg_like_slg_b_scr8.0_n0.002_r1.csv,/root/phd_thesis/Z_Synthetic_Family_Library_v2/waveforms/case_01207_full_converter_pmsg_like_slg_b_scr8.0_n0.002_r1.csv,full_converter_pmsg_like,slg_b,8.0,0.002,10000,50.0,5.98,6.04,5.9975961716992625,1.003299684709736,0.13999999999999999,,,,,,,,,,0.0013874999999999998,0.007625,740.0,0.12875
1208,case_01208_full_converter_pmsg_like_slg_b_scr8.0_n0.002_r2.csv,/root/phd_thesis/Z_Synthetic_Family_Library_v2/waveforms/case_01208_full_converter_pmsg_like_slg_b_scr8.0_n0.002_r2.csv,full_converter_pmsg_like,slg_b,8.0,0.002,10000,50.0,5.98,6.04,5.9999595311053975,1.0440662675254144,0.13999999999999999,,,,,,,,,,0.0013874999999999998,0.007625,740.0,0.12875
1209,case_01209_full_converter_pmsg_like_slg_b_scr8.0_n0.002_r3.csv,/root/phd_thesis/Z_Synthetic_Family_Library_v2/waveforms/case_01209_full_converter_pmsg_like_slg_b_scr8.0_n0.002_r3.csv,full_converter_pmsg_like,slg_b,8.0,0.002,10000,50.0,5.98,6.04,6.0000523380936475,1.032318198077557,0.13999999999999999,,,,,,,,,,0.0013874999999999998,0.007625,740.0,0.12875
1210,case_01210_full_converter_pmsg_like_slg_b_scr8.0_n0.002_r4.csv,/root/phd_thesis/Z_Synthetic_Family_Library_v2/waveforms/case_01210_full_converter_pmsg_like_slg_b_scr8.0_n0.002_r4.csv,full_converter_pmsg_like,slg_b,8.0,0.002,10000,50.0,5.98,6.04,5.999245314134884,1.039560731552973,0.13999999999999999,,,,,,,,,,0.0013874999999999998,0.007625,740.0,0.12875
1211,case_01211_full_converter_pmsg_like_slg_b_scr8.0_n0.002_r5.csv,/root/phd_thesis/Z_Synthetic_Family_Library_v2/waveforms/case_01211_full_converter_pmsg_like_slg_b_scr8.0_n0.002_r5.csv,full_converter_pmsg_like,slg_b,8.0,0.002,10000,50.0,5.98,6.04,5.999631358173662,1.0018021324269388,0.13999999999999999,,,,,,,,,,0.0013874999999999998,0.007625,740.0,0.12875
1212,case_01212_full_converter_pmsg_like_slg_b_scr8.0_n0.002_r6.csv,/root/phd_thesis/Z_Synthetic_Family_Library_v2/waveforms/case_01212_full_converter_pmsg_like_slg_b_scr8.0_n0.002_r6.csv,full_converter_pmsg_like,slg_b,8.0,0.002,10000,50.0,5.98,6.04,6.000474808247491,1.029146256400439,0.13999999999999999,,,,,,,,,,0.0013874999999999998,0.007625,740.0,0.12875
1213,case_01213_full_converter_pmsg_like_slg_b_scr8.0_n0.005_r1.csv,/root/phd_thesis/Z_Synthetic_Family_Library_v2/waveforms/case_01213_full_converter_pmsg_like_slg_b_scr8.0_n0.005_r1.csv,full_converter_pmsg_like,slg_b,8.0,0.005,10000,50.0,5.98,6.04,5.9986591619682015,1.0213636882033699,0.13999999999999999,,,,,,,,,,0.0013874999999999998,0.007625,740.0,0.12875
1214,case_01214_full_converter_pmsg_like_slg_b_scr8.0_n0.005_r2.csv,/root/phd_thesis/Z_Synthetic_Family_Library_v2/waveforms/case_01214_full_converter_pmsg_like_slg_b_scr8.0_n0.005_r2.csv,full_converter_pmsg_like,slg_b,8.0,0.005,10000,50.0,5.98,6.04,5.999554342637689,1.04523750002382,0.13999999999999999,,,,,,,,,,0.0013874999999999998,0.007625,740.0,0.12875
1215,case_01215_full_converter_pmsg_like_slg_b_scr8.0_n0.005_r3.csv,/root/phd_thesis/Z_Synthetic_Family_Library_v2/waveforms/case_01215_full_converter_pmsg_like_slg_b_scr8.0_n0.005_r3.csv,full_converter_pmsg_like,slg_b,8.0,0.005,10000,50.0,5.98,6.04,5.999270689869214,1.0605122263471638,0.13999999999999999,,,,,,,,,,0.0013874999999999998,0.007625,740.0,0.12875
1216,case_01216_full_converter_pmsg_like_slg_b_scr8.0_n0.005_r4.csv,/root/phd_thesis/Z_Synthetic_Family_Library_v2/waveforms/case_01216_full_converter_pmsg_like_slg_b_scr8.0_n0.005_r4.csv,full_converter_pmsg_like,slg_b,8.0,0.005,10000,50.0,5.98,6.04,5.999062704208701,1.032709758386967,0.13999999999999999,,,,,,,,,,0.0013874999999999998,0.007625,740.0,0.12875
1217,case_01217_full_converter_pmsg_like_slg_b_scr8.0_n0.005_r5.csv,/root/phd_thesis/Z_Synthetic_Family_Library_v2/waveforms/case_01217_full_converter_pmsg_like_slg_b_scr8.0_n0.005_r5.csv,full_converter_pmsg_like,slg_b,8.0,0.005,10000,50.0,5.98,6.04,5.999873446012401,1.0612696779707067,0.13999999999999999,,,,,,,,,,0.0013874999999999998,0.007625,740.0,0.12875
1218,case_01218_full_converter_pmsg_like_slg_b_scr8.0_n0.005_r6.csv,/root/phd_thesis/Z_Synthetic_Family_Library_v2/waveforms/case_01218_full_converter_pmsg_like_slg_b_scr8.0_n0.005_r6.csv,full_converter_pmsg_like,slg_b,8.0,0.005,10000,50.0,5.98,6.04,5.998656080244906,1.0433111423055326,0.13999999999999999,,,,,,,,,,0.0013874999999999998,0.007625,740.0,0.12875
1219,case_01219_full_converter_pmsg_like_slg_b_scr8.0_n0.010_r1.csv,/root/phd_thesis/Z_Synthetic_Family_Library_v2/waveforms/case_01219_full_converter_pmsg_like_slg_b_scr8.0_n0.010_r1.csv,full_converter_pmsg_like,slg_b,8.0,0.01,10000,50.0,5.98,6.04,5.99928721018226,1.0265078775342331,0.13999999999999999,,,,,,,,,,0.0013874999999999998,0.007625,740.0,0.12875
1220,case_01220_full_converter_pmsg_like_slg_b_scr8.0_n0.010_r2.csv,/root/phd_thesis/Z_Synthetic_Family_Library_v2/waveforms/case_01220_full_converter_pmsg_like_slg_b_scr8.0_n0.010_r2.csv,full_converter_pmsg_like,slg_b,8.0,0.01,10000,50.0,5.98,6.04,5.999535806422422,1.0021107068689659,0.13999999999999999,,,,,,,,,,0.0013874999999999998,0.007625,740.0,0.12875
1221,case_01221_full_converter_pmsg_like_slg_b_scr8.0_n0.010_r3.csv,/root/phd_thesis/Z_Synthetic_Family_Library_v2/waveforms/case_01221_full_converter_pmsg_like_slg_b_scr8.0_n0.010_r3.csv,full_converter_pmsg_like,slg_b,8.0,0.01,10000,50.0,5.98,6.04,5.999102335196662,1.0343039020330769,0.13999999999999999,,,,,,,,,,0.0013874999999999998,0.007625,740.0,0.12875
1222,case_01222_full_converter_pmsg_like_slg_b_scr8.0_n0.010_r4.csv,/root/phd_thesis/Z_Synthetic_Family_Library_v2/waveforms/case_01222_full_converter_pmsg_like_slg_b_scr8.0_n0.010_r4.csv,full_converter_pmsg_like,slg_b,8.0,0.01,10000,50.0,5.98,6.04,5.998294850833447,1.0144257044463998,0.13999999999999999,,,,,,,,,,0.0013874999999999998,0.007625,740.0,0.12875
1223,case_01223_full_converter_pmsg_like_slg_b_scr8.0_n0.010_r5.csv,/root/phd_thesis/Z_Synthetic_Family_Library_v2/waveforms/case_01223_full_converter_pmsg_like_slg_b_scr8.0_n0.010_r5.csv,full_converter_pmsg_like,slg_b,8.0,0.01,10000,50.0,5.98,6.04,5.9991680181995,1.0681529319146092,0.13999999999999999,,,,,,,,,,0.0013874999999999998,0.007625,740.0,0.12875
1224,case_01224_full_converter_pmsg_like_slg_b_scr8.0_n0.010_r6.csv,/root/phd_thesis/Z_Synthetic_Family_Library_v2/waveforms/case_01224_full_converter_pmsg_like_slg_b_scr8.0_n0.010_r6.csv,full_converter_pmsg_like,slg_b,8.0,0.01,10000,50.0,5.98,6.04,5.999031507828845,1.0555479990050995,0.13999999999999999,,,,,,,,,,0.0013874999999999998,0.007625,740.0,0.12875
1225,case_01225_full_converter_pmsg_like_slg_c_scr2.0_n0.002_r1.csv,/root/phd_thesis/Z_Synthetic_Family_Library_v2/waveforms/case_01225_full_converter_pmsg_like_slg_c_scr2.0_n0.002_r1.csv,full_converter_pmsg_like,slg_c,2.0,0.002,10000,50.0,5.98,6.04,5.999336312502893,1.0190242058189425,0.5249999999999999,,,,,,,,,,0.00195,0.011,500.0,0.185
1226,case_01226_full_converter_pmsg_like_slg_c_scr2.0_n0.002_r2.csv,/root/phd_thesis/Z_Synthetic_Family_Library_v2/waveforms/case_01226_full_converter_pmsg_like_slg_c_scr2.0_n0.002_r2.csv,full_converter_pmsg_like,slg_c,2.0,0.002,10000,50.0,5.98,6.04,5.99970932402346,1.0589376303302918,0.5249999999999999,,,,,,,,,,0.00195,0.011,500.0,0.185
1227,case_01227_full_converter_pmsg_like_slg_c_scr2.0_n0.002_r3.csv,/root/phd_thesis/Z_Synthetic_Family_Library_v2/waveforms/case_01227_full_converter_pmsg_like_slg_c_scr2.0_n0.002_r3.csv,full_converter_pmsg_like,slg_c,2.0,0.002,10000,50.0,5.98,6.04,5.999585793679542,1.0252835521214134,0.5249999999999999,,,,,,,,,,0.00195,0.011,500.0,0.185
1228,case_01228_full_converter_pmsg_like_slg_c_scr2.0_n0.002_r4.csv,/root/phd_thesis/Z_Synthetic_Family_Library_v2/waveforms/case_01228_full_converter_pmsg_like_slg_c_scr2.0_n0.002_r4.csv,full_converter_pmsg_like,slg_c,2.0,0.002,10000,50.0,5.98,6.04,5.998187391907428,1.0468752497565341,0.5249999999999999,,,,,,,,,,0.00195,0.011,500.0,0.185
1229,case_01229_full_converter_pmsg_like_slg_c_scr2.0_n0.002_r5.csv,/root/phd_thesis/Z_Synthetic_Family_Library_v2/waveforms/case_01229_full_converter_pmsg_like_slg_c_scr2.0_n0.002_r5.csv,full_converter_pmsg_like,slg_c,2.0,0.002,10000,50.0,5.98,6.04,5.997617854024389,1.0156656711932135,0.5249999999999999,,,,,,,,,,0.00195,0.011,500.0,0.185
1230,case_01230_full_converter_pmsg_like_slg_c_scr2.0_n0.002_r6.csv,/root/phd_thesis/Z_Synthetic_Family_Library_v2/waveforms/case_01230_full_converter_pmsg_like_slg_c_scr2.0_n0.002_r6.csv,full_converter_pmsg_like,slg_c,2.0,0.002,10000,50.0,5.98,6.04,5.997610693503467,1.0640062346725534,0.5249999999999999,,,,,,,,,,0.00195,0.011,500.0,0.185
1231,case_01231_full_converter_pmsg_like_slg_c_scr2.0_n0.005_r1.csv,/root/phd_thesis/Z_Synthetic_Family_Library_v2/waveforms/case_01231_full_converter_pmsg_like_slg_c_scr2.0_n0.005_r1.csv,full_converter_pmsg_like,slg_c,2.0,0.005,10000,50.0,5.98,6.04,5.998614071389753,1.0618220639020461,0.5249999999999999,,,,,,,,,,0.00195,0.011,500.0,0.185
1232,case_01232_full_converter_pmsg_like_slg_c_scr2.0_n0.005_r2.csv,/root/phd_thesis/Z_Synthetic_Family_Library_v2/waveforms/case_01232_full_converter_pmsg_like_slg_c_scr2.0_n0.005_r2.csv,full_converter_pmsg_like,slg_c,2.0,0.005,10000,50.0,5.98,6.04,5.998162724206033,1.0587025080635917,0.5249999999999999,,,,,,,,,,0.00195,0.011,500.0,0.185
1233,case_01233_full_converter_pmsg_like_slg_c_scr2.0_n0.005_r3.csv,/root/phd_thesis/Z_Synthetic_Family_Library_v2/waveforms/case_01233_full_converter_pmsg_like_slg_c_scr2.0_n0.005_r3.csv,full_converter_pmsg_like,slg_c,2.0,0.005,10000,50.0,5.98,6.04,5.999089665073543,1.0663184574294986,0.5249999999999999,,,,,,,,,,0.00195,0.011,500.0,0.185
1234,case_01234_full_converter_pmsg_like_slg_c_scr2.0_n0.005_r4.csv,/root/phd_thesis/Z_Synthetic_Family_Library_v2/waveforms/case_01234_full_converter_pmsg_like_slg_c_scr2.0_n0.005_r4.csv,full_converter_pmsg_like,slg_c,2.0,0.005,10000,50.0,5.98,6.04,5.998012594198633,1.0310101163903826,0.5249999999999999,,,,,,,,,,0.00195,0.011,500.0,0.185
1235,case_01235_full_converter_pmsg_like_slg_c_scr2.0_n0.005_r5.csv,/root/phd_thesis/Z_Synthetic_Family_Library_v2/waveforms/case_01235_full_converter_pmsg_like_slg_c_scr2.0_n0.005_r5.csv,full_converter_pmsg_like,slg_c,2.0,0.005,10000,50.0,5.98,6.04,6.000090799024833,1.0685103889500762,0.5249999999999999,,,,,,,,,,0.00195,0.011,500.0,0.185
1236,case_01236_full_converter_pmsg_like_slg_c_scr2.0_n0.005_r6.csv,/root/phd_thesis/Z_Synthetic_Family_Library_v2/waveforms/case_01236_full_converter_pmsg_like_slg_c_scr2.0_n0.005_r6.csv,full_converter_pmsg_like,slg_c,2.0,0.005,10000,50.0,5.98,6.04,5.998262398192396,1.0054042246159773,0.5249999999999999,,,,,,,,,,0.00195,0.011,500.0,0.185
1237,case_01237_full_converter_pmsg_like_slg_c_scr2.0_n0.010_r1.csv,/root/phd_thesis/Z_Synthetic_Family_Library_v2/waveforms/case_01237_full_converter_pmsg_like_slg_c_scr2.0_n0.010_r1.csv,full_converter_pmsg_like,slg_c,2.0,0.01,10000,50.0,5.98,6.04,5.9977232103735245,1.015949837618834,0.5249999999999999,,,,,,,,,,0.00195,0.011,500.0,0.185
1238,case_01238_full_converter_pmsg_like_slg_c_scr2.0_n0.010_r2.csv,/root/phd_thesis/Z_Synthetic_Family_Library_v2/waveforms/case_01238_full_converter_pmsg_like_slg_c_scr2.0_n0.010_r2.csv,full_converter_pmsg_like,slg_c,2.0,0.01,10000,50.0,5.98,6.04,5.999584783162016,1.02639664680588,0.5249999999999999,,,,,,,,,,0.00195,0.011,500.0,0.185
1239,case_01239_full_converter_pmsg_like_slg_c_scr2.0_n0.010_r3.csv,/root/phd_thesis/Z_Synthetic_Family_Library_v2/waveforms/case_01239_full_converter_pmsg_like_slg_c_scr2.0_n0.010_r3.csv,full_converter_pmsg_like,slg_c,2.0,0.01,10000,50.0,5.98,6.04,5.997702909077902,1.0422327151254211,0.5249999999999999,,,,,,,,,,0.00195,0.011,500.0,0.185
1240,case_01240_full_converter_pmsg_like_slg_c_scr2.0_n0.010_r4.csv,/root/phd_thesis/Z_Synthetic_Family_Library_v2/waveforms/case_01240_full_converter_pmsg_like_slg_c_scr2.0_n0.010_r4.csv,full_converter_pmsg_like,slg_c,2.0,0.01,10000,50.0,5.98,6.04,6.000158876796862,1.0246150666079874,0.5249999999999999,,,,,,,,,,0.00195,0.011,500.0,0.185
1241,case_01241_full_converter_pmsg_like_slg_c_scr2.0_n0.010_r5.csv,/root/phd_thesis/Z_Synthetic_Family_Library_v2/waveforms/case_01241_full_converter_pmsg_like_slg_c_scr2.0_n0.010_r5.csv,full_converter_pmsg_like,slg_c,2.0,0.01,10000,50.0,5.98,6.04,5.997887589575767,1.0042652193583166,0.5249999999999999,,,,,,,,,,0.00195,0.011,500.0,0.185
1242,case_01242_full_converter_pmsg_like_slg_c_scr2.0_n0.010_r6.csv,/root/phd_thesis/Z_Synthetic_Family_Library_v2/waveforms/case_01242_full_converter_pmsg_like_slg_c_scr2.0_n0.010_r6.csv,full_converter_pmsg_like,slg_c,2.0,0.01,10000,50.0,5.98,6.04,5.997819048226467,1.0742594838673336,0.5249999999999999,,,,,,,,,,0.00195,0.011,500.0,0.185
1243,case_01243_full_converter_pmsg_like_slg_c_scr3.0_n0.002_r1.csv,/root/phd_thesis/Z_Synthetic_Family_Library_v2/waveforms/case_01243_full_converter_pmsg_like_slg_c_scr3.0_n0.002_r1.csv,full_converter_pmsg_like,slg_c,3.0,0.002,10000,50.0,5.98,6.04,5.998465335676462,1.0044605569051182,0.35,,,,,,,,,,0.0017,0.0095,540.0,0.16
1244,case_01244_full_converter_pmsg_like_slg_c_scr3.0_n0.002_r2.csv,/root/phd_thesis/Z_Synthetic_Family_Library_v2/waveforms/case_01244_full_converter_pmsg_like_slg_c_scr3.0_n0.002_r2.csv,full_converter_pmsg_like,slg_c,3.0,0.002,10000,50.0,5.98,6.04,5.999193371742943,1.030991118932509,0.35,,,,,,,,,,0.0017,0.0095,540.0,0.16
1245,case_01245_full_converter_pmsg_like_slg_c_scr3.0_n0.002_r3.csv,/root/phd_thesis/Z_Synthetic_Family_Library_v2/waveforms/case_01245_full_converter_pmsg_like_slg_c_scr3.0_n0.002_r3.csv,full_converter_pmsg_like,slg_c,3.0,0.002,10000,50.0,5.98,6.04,5.998341021140558,1.0037178440613481,0.35,,,,,,,,,,0.0017,0.0095,540.0,0.16
1246,case_01246_full_converter_pmsg_like_slg_c_scr3.0_n0.002_r4.csv,/root/phd_thesis/Z_Synthetic_Family_Library_v2/waveforms/case_01246_full_converter_pmsg_like_slg_c_scr3.0_n0.002_r4.csv,full_converter_pmsg_like,slg_c,3.0,0.002,10000,50.0,5.98,6.04,5.998615124148772,1.0149561694507845,0.35,,,,,,,,,,0.0017,0.0095,540.0,0.16
1247,case_01247_full_converter_pmsg_like_slg_c_scr3.0_n0.002_r5.csv,/root/phd_thesis/Z_Synthetic_Family_Library_v2/waveforms/case_01247_full_converter_pmsg_like_slg_c_scr3.0_n0.002_r5.csv,full_converter_pmsg_like,slg_c,3.0,0.002,10000,50.0,5.98,6.04,5.999943242324633,1.0283312320028488,0.35,,,,,,,,,,0.0017,0.0095,540.0,0.16
1248,case_01248_full_converter_pmsg_like_slg_c_scr3.0_n0.002_r6.csv,/root/phd_thesis/Z_Synthetic_Family_Library_v2/waveforms/case_01248_full_converter_pmsg_like_slg_c_scr3.0_n0.002_r6.csv,full_converter_pmsg_like,slg_c,3.0,0.002,10000,50.0,5.98,6.04,5.997628202153959,1.0377605765612452,0.35,,,,,,,,,,0.0017,0.0095,540.0,0.16
1249,case_01249_full_converter_pmsg_like_slg_c_scr3.0_n0.005_r1.csv,/root/phd_thesis/Z_Synthetic_Family_Library_v2/waveforms/case_01249_full_converter_pmsg_like_slg_c_scr3.0_n0.005_r1.csv,full_converter_pmsg_like,slg_c,3.0,0.005,10000,50.0,5.98,6.04,5.998179298134389,1.0212523899219255,0.35,,,,,,,,,,0.0017,0.0095,540.0,0.16
1250,case_01250_full_converter_pmsg_like_slg_c_scr3.0_n0.005_r2.csv,/root/phd_thesis/Z_Synthetic_Family_Library_v2/waveforms/case_01250_full_converter_pmsg_like_slg_c_scr3.0_n0.005_r2.csv,full_converter_pmsg_like,slg_c,3.0,0.005,10000,50.0,5.98,6.04,5.99912359177968,1.0528734068154983,0.35,,,,,,,,,,0.0017,0.0095,540.0,0.16
1251,case_01251_full_converter_pmsg_like_slg_c_scr3.0_n0.005_r3.csv,/root/phd_thesis/Z_Synthetic_Family_Library_v2/waveforms/case_01251_full_converter_pmsg_like_slg_c_scr3.0_n0.005_r3.csv,full_converter_pmsg_like,slg_c,3.0,0.005,10000,50.0,5.98,6.04,5.998740704720595,1.0520616423552682,0.35,,,,,,,,,,0.0017,0.0095,540.0,0.16
1252,case_01252_full_converter_pmsg_like_slg_c_scr3.0_n0.005_r4.csv,/root/phd_thesis/Z_Synthetic_Family_Library_v2/waveforms/case_01252_full_converter_pmsg_like_slg_c_scr3.0_n0.005_r4.csv,full_converter_pmsg_like,slg_c,3.0,0.005,10000,50.0,5.98,6.04,5.998048154419591,1.0129982142716645,0.35,,,,,,,,,,0.0017,0.0095,540.0,0.16
1253,case_01253_full_converter_pmsg_like_slg_c_scr3.0_n0.005_r5.csv,/root/phd_thesis/Z_Synthetic_Family_Library_v2/waveforms/case_01253_full_converter_pmsg_like_slg_c_scr3.0_n0.005_r5.csv,full_converter_pmsg_like,slg_c,3.0,0.005,10000,50.0,5.98,6.04,5.9980701167161,1.0722143765048122,0.35,,,,,,,,,,0.0017,0.0095,540.0,0.16
1254,case_01254_full_converter_pmsg_like_slg_c_scr3.0_n0.005_r6.csv,/root/phd_thesis/Z_Synthetic_Family_Library_v2/waveforms/case_01254_full_converter_pmsg_like_slg_c_scr3.0_n0.005_r6.csv,full_converter_pmsg_like,slg_c,3.0,0.005,10000,50.0,5.98,6.04,5.997839496650262,1.0100364859732425,0.35,,,,,,,,,,0.0017,0.0095,540.0,0.16
1255,case_01255_full_converter_pmsg_like_slg_c_scr3.0_n0.010_r1.csv,/root/phd_thesis/Z_Synthetic_Family_Library_v2/waveforms/case_01255_full_converter_pmsg_like_slg_c_scr3.0_n0.010_r1.csv,full_converter_pmsg_like,slg_c,3.0,0.01,10000,50.0,5.98,6.04,5.999229639042149,1.0206833837168912,0.35,,,,,,,,,,0.0017,0.0095,540.0,0.16
1256,case_01256_full_converter_pmsg_like_slg_c_scr3.0_n0.010_r2.csv,/root/phd_thesis/Z_Synthetic_Family_Library_v2/waveforms/case_01256_full_converter_pmsg_like_slg_c_scr3.0_n0.010_r2.csv,full_converter_pmsg_like,slg_c,3.0,0.01,10000,50.0,5.98,6.04,5.9999921715400175,1.0152328609368066,0.35,,,,,,,,,,0.0017,0.0095,540.0,0.16
1257,case_01257_full_converter_pmsg_like_slg_c_scr3.0_n0.010_r3.csv,/root/phd_thesis/Z_Synthetic_Family_Library_v2/waveforms/case_01257_full_converter_pmsg_like_slg_c_scr3.0_n0.010_r3.csv,full_converter_pmsg_like,slg_c,3.0,0.01,10000,50.0,5.98,6.04,5.999715467815278,1.0197682882793282,0.35,,,,,,,,,,0.0017,0.0095,540.0,0.16
1258,case_01258_full_converter_pmsg_like_slg_c_scr3.0_n0.010_r4.csv,/root/phd_thesis/Z_Synthetic_Family_Library_v2/waveforms/case_01258_full_converter_pmsg_like_slg_c_scr3.0_n0.010_r4.csv,full_converter_pmsg_like,slg_c,3.0,0.01,10000,50.0,5.98,6.04,5.998511218114526,1.0391937395066673,0.35,,,,,,,,,,0.0017,0.0095,540.0,0.16
1259,case_01259_full_converter_pmsg_like_slg_c_scr3.0_n0.010_r5.csv,/root/phd_thesis/Z_Synthetic_Family_Library_v2/waveforms/case_01259_full_converter_pmsg_like_slg_c_scr3.0_n0.010_r5.csv,full_converter_pmsg_like,slg_c,3.0,0.01,10000,50.0,5.98,6.04,5.9981688487417175,1.0181193361874472,0.35,,,,,,,,,,0.0017,0.0095,540.0,0.16
1260,case_01260_full_converter_pmsg_like_slg_c_scr3.0_n0.010_r6.csv,/root/phd_thesis/Z_Synthetic_Family_Library_v2/waveforms/case_01260_full_converter_pmsg_like_slg_c_scr3.0_n0.010_r6.csv,full_converter_pmsg_like,slg_c,3.0,0.01,10000,50.0,5.98,6.04,5.997955650592614,1.0418245292268928,0.35,,,,,,,,,,0.0017,0.0095,540.0,0.16
1261,case_01261_full_converter_pmsg_like_slg_c_scr5.0_n0.002_r1.csv,/root/phd_thesis/Z_Synthetic_Family_Library_v2/waveforms/case_01261_full_converter_pmsg_like_slg_c_scr5.0_n0.002_r1.csv,full_converter_pmsg_like,slg_c,5.0,0.002,10000,50.0,5.98,6.04,5.999610349593384,1.006921969453495,0.21,,,,,,,,,,0.0014999999999999998,0.0083,620.0,0.14
1262,case_01262_full_converter_pmsg_like_slg_c_scr5.0_n0.002_r2.csv,/root/phd_thesis/Z_Synthetic_Family_Library_v2/waveforms/case_01262_full_converter_pmsg_like_slg_c_scr5.0_n0.002_r2.csv,full_converter_pmsg_like,slg_c,5.0,0.002,10000,50.0,5.98,6.04,5.99972223997938,1.0060352174683138,0.21,,,,,,,,,,0.0014999999999999998,0.0083,620.0,0.14
1263,case_01263_full_converter_pmsg_like_slg_c_scr5.0_n0.002_r3.csv,/root/phd_thesis/Z_Synthetic_Family_Library_v2/waveforms/case_01263_full_converter_pmsg_like_slg_c_scr5.0_n0.002_r3.csv,full_converter_pmsg_like,slg_c,5.0,0.002,10000,50.0,5.98,6.04,5.998461110167343,1.0614406072764955,0.21,,,,,,,,,,0.0014999999999999998,0.0083,620.0,0.14
1264,case_01264_full_converter_pmsg_like_slg_c_scr5.0_n0.002_r4.csv,/root/phd_thesis/Z_Synthetic_Family_Library_v2/waveforms/case_01264_full_converter_pmsg_like_slg_c_scr5.0_n0.002_r4.csv,full_converter_pmsg_like,slg_c,5.0,0.002,10000,50.0,5.98,6.04,5.999141305302614,1.044574478950485,0.21,,,,,,,,,,0.0014999999999999998,0.0083,620.0,0.14
1265,case_01265_full_converter_pmsg_like_slg_c_scr5.0_n0.002_r5.csv,/root/phd_thesis/Z_Synthetic_Family_Library_v2/waveforms/case_01265_full_converter_pmsg_like_slg_c_scr5.0_n0.002_r5.csv,full_converter_pmsg_like,slg_c,5.0,0.002,10000,50.0,5.98,6.04,6.000484572263732,1.0386719118498182,0.21,,,,,,,,,,0.0014999999999999998,0.0083,620.0,0.14
1266,case_01266_full_converter_pmsg_like_slg_c_scr5.0_n0.002_r6.csv,/root/phd_thesis/Z_Synthetic_Family_Library_v2/waveforms/case_01266_full_converter_pmsg_like_slg_c_scr5.0_n0.002_r6.csv,full_converter_pmsg_like,slg_c,5.0,0.002,10000,50.0,5.98,6.04,5.999709720479308,1.064323417602941,0.21,,,,,,,,,,0.0014999999999999998,0.0083,620.0,0.14
1267,case_01267_full_converter_pmsg_like_slg_c_scr5.0_n0.005_r1.csv,/root/phd_thesis/Z_Synthetic_Family_Library_v2/waveforms/case_01267_full_converter_pmsg_like_slg_c_scr5.0_n0.005_r1.csv,full_converter_pmsg_like,slg_c,5.0,0.005,10000,50.0,5.98,6.04,5.998656676488235,1.0257686765182448,0.21,,,,,,,,,,0.0014999999999999998,0.0083,620.0,0.14
1268,case_01268_full_converter_pmsg_like_slg_c_scr5.0_n0.005_r2.csv,/root/phd_thesis/Z_Synthetic_Family_Library_v2/waveforms/case_01268_full_converter_pmsg_like_slg_c_scr5.0_n0.005_r2.csv,full_converter_pmsg_like,slg_c,5.0,0.005,10000,50.0,5.98,6.04,5.9992797832471565,1.0595298141610172,0.21,,,,,,,,,,0.0014999999999999998,0.0083,620.0,0.14
1269,case_01269_full_converter_pmsg_like_slg_c_scr5.0_n0.005_r3.csv,/root/phd_thesis/Z_Synthetic_Family_Library_v2/waveforms/case_01269_full_converter_pmsg_like_slg_c_scr5.0_n0.005_r3.csv,full_converter_pmsg_like,slg_c,5.0,0.005,10000,50.0,5.98,6.04,5.998191978382306,1.0287847975812061,0.21,,,,,,,,,,0.0014999999999999998,0.0083,620.0,0.14
1270,case_01270_full_converter_pmsg_like_slg_c_scr5.0_n0.005_r4.csv,/root/phd_thesis/Z_Synthetic_Family_Library_v2/waveforms/case_01270_full_converter_pmsg_like_slg_c_scr5.0_n0.005_r4.csv,full_converter_pmsg_like,slg_c,5.0,0.005,10000,50.0,5.98,6.04,6.000466915829462,1.0439656444852532,0.21,,,,,,,,,,0.0014999999999999998,0.0083,620.0,0.14
1271,case_01271_full_converter_pmsg_like_slg_c_scr5.0_n0.005_r5.csv,/root/phd_thesis/Z_Synthetic_Family_Library_v2/waveforms/case_01271_full_converter_pmsg_like_slg_c_scr5.0_n0.005_r5.csv,full_converter_pmsg_like,slg_c,5.0,0.005,10000,50.0,5.98,6.04,5.999474838127216,1.0251757424419135,0.21,,,,,,,,,,0.0014999999999999998,0.0083,620.0,0.14
1272,case_01272_full_converter_pmsg_like_slg_c_scr5.0_n0.005_r6.csv,/root/phd_thesis/Z_Synthetic_Family_Library_v2/waveforms/case_01272_full_converter_pmsg_like_slg_c_scr5.0_n0.005_r6.csv,full_converter_pmsg_like,slg_c,5.0,0.005,10000,50.0,5.98,6.04,5.999944812175732,1.0114955514256683,0.21,,,,,,,,,,0.0014999999999999998,0.0083,620.0,0.14
1273,case_01273_full_converter_pmsg_like_slg_c_scr5.0_n0.010_r1.csv,/root/phd_thesis/Z_Synthetic_Family_Library_v2/waveforms/case_01273_full_converter_pmsg_like_slg_c_scr5.0_n0.010_r1.csv,full_converter_pmsg_like,slg_c,5.0,0.01,10000,50.0,5.98,6.04,5.999388840922008,1.034373249182364,0.21,,,,,,,,,,0.0014999999999999998,0.0083,620.0,0.14
1274,case_01274_full_converter_pmsg_like_slg_c_scr5.0_n0.010_r2.csv,/root/phd_thesis/Z_Synthetic_Family_Library_v2/waveforms/case_01274_full_converter_pmsg_like_slg_c_scr5.0_n0.010_r2.csv,full_converter_pmsg_like,slg_c,5.0,0.01,10000,50.0,5.98,6.04,5.998235736767328,1.0525193892286377,0.21,,,,,,,,,,0.0014999999999999998,0.0083,620.0,0.14
1275,case_01275_full_converter_pmsg_like_slg_c_scr5.0_n0.010_r3.csv,/root/phd_thesis/Z_Synthetic_Family_Library_v2/waveforms/case_01275_full_converter_pmsg_like_slg_c_scr5.0_n0.010_r3.csv,full_converter_pmsg_like,slg_c,5.0,0.01,10000,50.0,5.98,6.04,5.999364258621131,1.0104655874427155,0.21,,,,,,,,,,0.0014999999999999998,0.0083,620.0,0.14
1276,case_01276_full_converter_pmsg_like_slg_c_scr5.0_n0.010_r4.csv,/root/phd_thesis/Z_Synthetic_Family_Library_v2/waveforms/case_01276_full_converter_pmsg_like_slg_c_scr5.0_n0.010_r4.csv,full_converter_pmsg_like,slg_c,5.0,0.01,10000,50.0,5.98,6.04,5.999811450246599,1.0795107728060873,0.21,,,,,,,,,,0.0014999999999999998,0.0083,620.0,0.14
1277,case_01277_full_converter_pmsg_like_slg_c_scr5.0_n0.010_r5.csv,/root/phd_thesis/Z_Synthetic_Family_Library_v2/waveforms/case_01277_full_converter_pmsg_like_slg_c_scr5.0_n0.010_r5.csv,full_converter_pmsg_like,slg_c,5.0,0.01,10000,50.0,5.98,6.04,5.99996485985456,1.0084180796969635,0.21,,,,,,,,,,0.0014999999999999998,0.0083,620.0,0.14
1278,case_01278_full_converter_pmsg_like_slg_c_scr5.0_n0.010_r6.csv,/root/phd_thesis/Z_Synthetic_Family_Library_v2/waveforms/case_01278_full_converter_pmsg_like_slg_c_scr5.0_n0.010_r6.csv,full_converter_pmsg_like,slg_c,5.0,0.01,10000,50.0,5.98,6.04,5.997783248406944,1.0622237580554166,0.21,,,,,,,,,,0.0014999999999999998,0.0083,620.0,0.14
1279,case_01279_full_converter_pmsg_like_slg_c_scr8.0_n0.002_r1.csv,/root/phd_thesis/Z_Synthetic_Family_Library_v2/waveforms/case_01279_full_converter_pmsg_like_slg_c_scr8.0_n0.002_r1.csv,full_converter_pmsg_like,slg_c,8.0,0.002,10000,50.0,5.98,6.04,5.999054435009565,1.0107510088417941,0.13999999999999999,,,,,,,,,,0.0013874999999999998,0.007625,740.0,0.12875
1280,case_01280_full_converter_pmsg_like_slg_c_scr8.0_n0.002_r2.csv,/root/phd_thesis/Z_Synthetic_Family_Library_v2/waveforms/case_01280_full_converter_pmsg_like_slg_c_scr8.0_n0.002_r2.csv,full_converter_pmsg_like,slg_c,8.0,0.002,10000,50.0,5.98,6.04,5.997581620142973,1.0327275723072828,0.13999999999999999,,,,,,,,,,0.0013874999999999998,0.007625,740.0,0.12875
1281,case_01281_full_converter_pmsg_like_slg_c_scr8.0_n0.002_r3.csv,/root/phd_thesis/Z_Synthetic_Family_Library_v2/waveforms/case_01281_full_converter_pmsg_like_slg_c_scr8.0_n0.002_r3.csv,full_converter_pmsg_like,slg_c,8.0,0.002,10000,50.0,5.98,6.04,5.999586355106556,1.0170657859536987,0.13999999999999999,,,,,,,,,,0.0013874999999999998,0.007625,740.0,0.12875
1282,case_01282_full_converter_pmsg_like_slg_c_scr8.0_n0.002_r4.csv,/root/phd_thesis/Z_Synthetic_Family_Library_v2/waveforms/case_01282_full_converter_pmsg_like_slg_c_scr8.0_n0.002_r4.csv,full_converter_pmsg_like,slg_c,8.0,0.002,10000,50.0,5.98,6.04,5.999407254852741,1.0469890978305512,0.13999999999999999,,,,,,,,,,0.0013874999999999998,0.007625,740.0,0.12875
1283,case_01283_full_converter_pmsg_like_slg_c_scr8.0_n0.002_r5.csv,/root/phd_thesis/Z_Synthetic_Family_Library_v2/waveforms/case_01283_full_converter_pmsg_like_slg_c_scr8.0_n0.002_r5.csv,full_converter_pmsg_like,slg_c,8.0,0.002,10000,50.0,5.98,6.04,5.997773598293407,1.0067500684428605,0.13999999999999999,,,,,,,,,,0.0013874999999999998,0.007625,740.0,0.12875
1284,case_01284_full_converter_pmsg_like_slg_c_scr8.0_n0.002_r6.csv,/root/phd_thesis/Z_Synthetic_Family_Library_v2/waveforms/case_01284_full_converter_pmsg_like_slg_c_scr8.0_n0.002_r6.csv,full_converter_pmsg_like,slg_c,8.0,0.002,10000,50.0,5.98,6.04,5.997619994786924,1.011574555007785,0.13999999999999999,,,,,,,,,,0.0013874999999999998,0.007625,740.0,0.12875
1285,case_01285_full_converter_pmsg_like_slg_c_scr8.0_n0.005_r1.csv,/root/phd_thesis/Z_Synthetic_Family_Library_v2/waveforms/case_01285_full_converter_pmsg_like_slg_c_scr8.0_n0.005_r1.csv,full_converter_pmsg_like,slg_c,8.0,0.005,10000,50.0,5.98,6.04,5.998313364439133,1.0227746777976359,0.13999999999999999,,,,,,,,,,0.0013874999999999998,0.007625,740.0,0.12875
1286,case_01286_full_converter_pmsg_like_slg_c_scr8.0_n0.005_r2.csv,/root/phd_thesis/Z_Synthetic_Family_Library_v2/waveforms/case_01286_full_converter_pmsg_like_slg_c_scr8.0_n0.005_r2.csv,full_converter_pmsg_like,slg_c,8.0,0.005,10000,50.0,5.98,6.04,5.998478456520205,1.0436153057022246,0.13999999999999999,,,,,,,,,,0.0013874999999999998,0.007625,740.0,0.12875
1287,case_01287_full_converter_pmsg_like_slg_c_scr8.0_n0.005_r3.csv,/root/phd_thesis/Z_Synthetic_Family_Library_v2/waveforms/case_01287_full_converter_pmsg_like_slg_c_scr8.0_n0.005_r3.csv,full_converter_pmsg_like,slg_c,8.0,0.005,10000,50.0,5.98,6.04,5.997528863170391,1.018959285037415,0.13999999999999999,,,,,,,,,,0.0013874999999999998,0.007625,740.0,0.12875
1288,case_01288_full_converter_pmsg_like_slg_c_scr8.0_n0.005_r4.csv,/root/phd_thesis/Z_Synthetic_Family_Library_v2/waveforms/case_01288_full_converter_pmsg_like_slg_c_scr8.0_n0.005_r4.csv,full_converter_pmsg_like,slg_c,8.0,0.005,10000,50.0,5.98,6.04,5.998998238043987,1.0033750785532254,0.13999999999999999,,,,,,,,,,0.0013874999999999998,0.007625,740.0,0.12875
1289,case_01289_full_converter_pmsg_like_slg_c_scr8.0_n0.005_r5.csv,/root/phd_thesis/Z_Synthetic_Family_Library_v2/waveforms/case_01289_full_converter_pmsg_like_slg_c_scr8.0_n0.005_r5.csv,full_converter_pmsg_like,slg_c,8.0,0.005,10000,50.0,5.98,6.04,5.998164973221706,1.0545017093238094,0.13999999999999999,,,,,,,,,,0.0013874999999999998,0.007625,740.0,0.12875
1290,case_01290_full_converter_pmsg_like_slg_c_scr8.0_n0.005_r6.csv,/root/phd_thesis/Z_Synthetic_Family_Library_v2/waveforms/case_01290_full_converter_pmsg_like_slg_c_scr8.0_n0.005_r6.csv,full_converter_pmsg_like,slg_c,8.0,0.005,10000,50.0,5.98,6.04,5.9985844702576605,1.0351950760408688,0.13999999999999999,,,,,,,,,,0.0013874999999999998,0.007625,740.0,0.12875
1291,case_01291_full_converter_pmsg_like_slg_c_scr8.0_n0.010_r1.csv,/root/phd_thesis/Z_Synthetic_Family_Library_v2/waveforms/case_01291_full_converter_pmsg_like_slg_c_scr8.0_n0.010_r1.csv,full_converter_pmsg_like,slg_c,8.0,0.01,10000,50.0,5.98,6.04,5.9977786576900325,1.0459662726093353,0.13999999999999999,,,,,,,,,,0.0013874999999999998,0.007625,740.0,0.12875
1292,case_01292_full_converter_pmsg_like_slg_c_scr8.0_n0.010_r2.csv,/root/phd_thesis/Z_Synthetic_Family_Library_v2/waveforms/case_01292_full_converter_pmsg_like_slg_c_scr8.0_n0.010_r2.csv,full_converter_pmsg_like,slg_c,8.0,0.01,10000,50.0,5.98,6.04,5.99907613112625,1.0098696962850289,0.13999999999999999,,,,,,,,,,0.0013874999999999998,0.007625,740.0,0.12875
1293,case_01293_full_converter_pmsg_like_slg_c_scr8.0_n0.010_r3.csv,/root/phd_thesis/Z_Synthetic_Family_Library_v2/waveforms/case_01293_full_converter_pmsg_like_slg_c_scr8.0_n0.010_r3.csv,full_converter_pmsg_like,slg_c,8.0,0.01,10000,50.0,5.98,6.04,5.999855641031159,1.0177391867549606,0.13999999999999999,,,,,,,,,,0.0013874999999999998,0.007625,740.0,0.12875
1294,case_01294_full_converter_pmsg_like_slg_c_scr8.0_n0.010_r4.csv,/root/phd_thesis/Z_Synthetic_Family_Library_v2/waveforms/case_01294_full_converter_pmsg_like_slg_c_scr8.0_n0.010_r4.csv,full_converter_pmsg_like,slg_c,8.0,0.01,10000,50.0,5.98,6.04,5.998548539026972,1.05363708740488,0.13999999999999999,,,,,,,,,,0.0013874999999999998,0.007625,740.0,0.12875
1295,case_01295_full_converter_pmsg_like_slg_c_scr8.0_n0.010_r5.csv,/root/phd_thesis/Z_Synthetic_Family_Library_v2/waveforms/case_01295_full_converter_pmsg_like_slg_c_scr8.0_n0.010_r5.csv,full_converter_pmsg_like,slg_c,8.0,0.01,10000,50.0,5.98,6.04,5.999959772415904,1.0092107961535335,0.13999999999999999,,,,,,,,,,0.0013874999999999998,0.007625,740.0,0.12875
1296,case_01296_full_converter_pmsg_like_slg_c_scr8.0_n0.010_r6.csv,/root/phd_thesis/Z_Synthetic_Family_Library_v2/waveforms/case_01296_full_converter_pmsg_like_slg_c_scr8.0_n0.010_r6.csv,full_converter_pmsg_like,slg_c,8.0,0.01,10000,50.0,5.98,6.04,5.997705435144625,1.022407447308563,0.13999999999999999,,,,,,,,,,0.0013874999999999998,0.007625,740.0,0.12875
1297,case_01297_full_converter_pmsg_like_ll_ab_scr2.0_n0.002_r1.csv,/root/phd_thesis/Z_Synthetic_Family_Library_v2/waveforms/case_01297_full_converter_pmsg_like_ll_ab_scr2.0_n0.002_r1.csv,full_converter_pmsg_like,ll_ab,2.0,0.002,10000,50.0,5.98,6.04,5.9983663926103645,1.0601431651234547,0.44999999999999996,,,,,,,,,,0.00195,0.011,500.0,0.185
1298,case_01298_full_converter_pmsg_like_ll_ab_scr2.0_n0.002_r2.csv,/root/phd_thesis/Z_Synthetic_Family_Library_v2/waveforms/case_01298_full_converter_pmsg_like_ll_ab_scr2.0_n0.002_r2.csv,full_converter_pmsg_like,ll_ab,2.0,0.002,10000,50.0,5.98,6.04,6.000476338622156,1.0132344872888068,0.44999999999999996,,,,,,,,,,0.00195,0.011,500.0,0.185
1299,case_01299_full_converter_pmsg_like_ll_ab_scr2.0_n0.002_r3.csv,/root/phd_thesis/Z_Synthetic_Family_Library_v2/waveforms/case_01299_full_converter_pmsg_like_ll_ab_scr2.0_n0.002_r3.csv,full_converter_pmsg_like,ll_ab,2.0,0.002,10000,50.0,5.98,6.04,5.998329381091116,1.0653170167496333,0.44999999999999996,,,,,,,,,,0.00195,0.011,500.0,0.185
1300,case_01300_full_converter_pmsg_like_ll_ab_scr2.0_n0.002_r4.csv,/root/phd_thesis/Z_Synthetic_Family_Library_v2/waveforms/case_01300_full_converter_pmsg_like_ll_ab_scr2.0_n0.002_r4.csv,full_converter_pmsg_like,ll_ab,2.0,0.002,10000,50.0,5.98,6.04,5.998267947210128,1.0386296123106602,0.44999999999999996,,,,,,,,,,0.00195,0.011,500.0,0.185
1301,case_01301_full_converter_pmsg_like_ll_ab_scr2.0_n0.002_r5.csv,/root/phd_thesis/Z_Synthetic_Family_Library_v2/waveforms/case_01301_full_converter_pmsg_like_ll_ab_scr2.0_n0.002_r5.csv,full_converter_pmsg_like,ll_ab,2.0,0.002,10000,50.0,5.98,6.04,5.9990398281391215,1.0255876704330071,0.44999999999999996,,,,,,,,,,0.00195,0.011,500.0,0.185
1302,case_01302_full_converter_pmsg_like_ll_ab_scr2.0_n0.002_r6.csv,/root/phd_thesis/Z_Synthetic_Family_Library_v2/waveforms/case_01302_full_converter_pmsg_like_ll_ab_scr2.0_n0.002_r6.csv,full_converter_pmsg_like,ll_ab,2.0,0.002,10000,50.0,5.98,6.04,5.999976155550668,1.0530779055039254,0.44999999999999996,,,,,,,,,,0.00195,0.011,500.0,0.185
1303,case_01303_full_converter_pmsg_like_ll_ab_scr2.0_n0.005_r1.csv,/root/phd_thesis/Z_Synthetic_Family_Library_v2/waveforms/case_01303_full_converter_pmsg_like_ll_ab_scr2.0_n0.005_r1.csv,full_converter_pmsg_like,ll_ab,2.0,0.005,10000,50.0,5.98,6.04,5.998524702837965,1.0098236320342773,0.44999999999999996,,,,,,,,,,0.00195,0.011,500.0,0.185
1304,case_01304_full_converter_pmsg_like_ll_ab_scr2.0_n0.005_r2.csv,/root/phd_thesis/Z_Synthetic_Family_Library_v2/waveforms/case_01304_full_converter_pmsg_like_ll_ab_scr2.0_n0.005_r2.csv,full_converter_pmsg_like,ll_ab,2.0,0.005,10000,50.0,5.98,6.04,5.998992497850851,1.051355273684395,0.44999999999999996,,,,,,,,,,0.00195,0.011,500.0,0.185
1305,case_01305_full_converter_pmsg_like_ll_ab_scr2.0_n0.005_r3.csv,/root/phd_thesis/Z_Synthetic_Family_Library_v2/waveforms/case_01305_full_converter_pmsg_like_ll_ab_scr2.0_n0.005_r3.csv,full_converter_pmsg_like,ll_ab,2.0,0.005,10000,50.0,5.98,6.04,5.9998325817991045,1.0267746511762104,0.44999999999999996,,,,,,,,,,0.00195,0.011,500.0,0.185
1306,case_01306_full_converter_pmsg_like_ll_ab_scr2.0_n0.005_r4.csv,/root/phd_thesis/Z_Synthetic_Family_Library_v2/waveforms/case_01306_full_converter_pmsg_like_ll_ab_scr2.0_n0.005_r4.csv,full_converter_pmsg_like,ll_ab,2.0,0.005,10000,50.0,5.98,6.04,5.998795614941799,1.0495505327770889,0.44999999999999996,,,,,,,,,,0.00195,0.011,500.0,0.185
1307,case_01307_full_converter_pmsg_like_ll_ab_scr2.0_n0.005_r5.csv,/root/phd_thesis/Z_Synthetic_Family_Library_v2/waveforms/case_01307_full_converter_pmsg_like_ll_ab_scr2.0_n0.005_r5.csv,full_converter_pmsg_like,ll_ab,2.0,0.005,10000,50.0,5.98,6.04,5.9984946247893625,1.0140493636002994,0.44999999999999996,,,,,,,,,,0.00195,0.011,500.0,0.185
1308,case_01308_full_converter_pmsg_like_ll_ab_scr2.0_n0.005_r6.csv,/root/phd_thesis/Z_Synthetic_Family_Library_v2/waveforms/case_01308_full_converter_pmsg_like_ll_ab_scr2.0_n0.005_r6.csv,full_converter_pmsg_like,ll_ab,2.0,0.005,10000,50.0,5.98,6.04,5.998961188625831,1.0116008452731207,0.44999999999999996,,,,,,,,,,0.00195,0.011,500.0,0.185
1309,case_01309_full_converter_pmsg_like_ll_ab_scr2.0_n0.010_r1.csv,/root/phd_thesis/Z_Synthetic_Family_Library_v2/waveforms/case_01309_full_converter_pmsg_like_ll_ab_scr2.0_n0.010_r1.csv,full_converter_pmsg_like,ll_ab,2.0,0.01,10000,50.0,5.98,6.04,6.0004744501397145,1.0560415424510226,0.44999999999999996,,,,,,,,,,0.00195,0.011,500.0,0.185
1310,case_01310_full_converter_pmsg_like_ll_ab_scr2.0_n0.010_r2.csv,/root/phd_thesis/Z_Synthetic_Family_Library_v2/waveforms/case_01310_full_converter_pmsg_like_ll_ab_scr2.0_n0.010_r2.csv,full_converter_pmsg_like,ll_ab,2.0,0.01,10000,50.0,5.98,6.04,5.998736197472644,1.0607580453815275,0.44999999999999996,,,,,,,,,,0.00195,0.011,500.0,0.185
1311,case_01311_full_converter_pmsg_like_ll_ab_scr2.0_n0.010_r3.csv,/root/phd_thesis/Z_Synthetic_Family_Library_v2/waveforms/case_01311_full_converter_pmsg_like_ll_ab_scr2.0_n0.010_r3.csv,full_converter_pmsg_like,ll_ab,2.0,0.01,10000,50.0,5.98,6.04,6.000332543787871,1.0190810048239642,0.44999999999999996,,,,,,,,,,0.00195,0.011,500.0,0.185
1312,case_01312_full_converter_pmsg_like_ll_ab_scr2.0_n0.010_r4.csv,/root/phd_thesis/Z_Synthetic_Family_Library_v2/waveforms/case_01312_full_converter_pmsg_like_ll_ab_scr2.0_n0.010_r4.csv,full_converter_pmsg_like,ll_ab,2.0,0.01,10000,50.0,5.98,6.04,6.000022377765892,1.0408624706242005,0.44999999999999996,,,,,,,,,,0.00195,0.011,500.0,0.185
1313,case_01313_full_converter_pmsg_like_ll_ab_scr2.0_n0.010_r5.csv,/root/phd_thesis/Z_Synthetic_Family_Library_v2/waveforms/case_01313_full_converter_pmsg_like_ll_ab_scr2.0_n0.010_r5.csv,full_converter_pmsg_like,ll_ab,2.0,0.01,10000,50.0,5.98,6.04,5.998445717853838,1.033326323432941,0.44999999999999996,,,,,,,,,,0.00195,0.011,500.0,0.185
1314,case_01314_full_converter_pmsg_like_ll_ab_scr2.0_n0.010_r6.csv,/root/phd_thesis/Z_Synthetic_Family_Library_v2/waveforms/case_01314_full_converter_pmsg_like_ll_ab_scr2.0_n0.010_r6.csv,full_converter_pmsg_like,ll_ab,2.0,0.01,10000,50.0,5.98,6.04,5.9988706887959085,1.0318191872437545,0.44999999999999996,,,,,,,,,,0.00195,0.011,500.0,0.185
1315,case_01315_full_converter_pmsg_like_ll_ab_scr3.0_n0.002_r1.csv,/root/phd_thesis/Z_Synthetic_Family_Library_v2/waveforms/case_01315_full_converter_pmsg_like_ll_ab_scr3.0_n0.002_r1.csv,full_converter_pmsg_like,ll_ab,3.0,0.002,10000,50.0,5.98,6.04,5.999695494571863,1.0450936036533096,0.3,,,,,,,,,,0.0017,0.0095,540.0,0.16
1316,case_01316_full_converter_pmsg_like_ll_ab_scr3.0_n0.002_r2.csv,/root/phd_thesis/Z_Synthetic_Family_Library_v2/waveforms/case_01316_full_converter_pmsg_like_ll_ab_scr3.0_n0.002_r2.csv,full_converter_pmsg_like,ll_ab,3.0,0.002,10000,50.0,5.98,6.04,5.997642709571576,1.001569794591061,0.3,,,,,,,,,,0.0017,0.0095,540.0,0.16
1317,case_01317_full_converter_pmsg_like_ll_ab_scr3.0_n0.002_r3.csv,/root/phd_thesis/Z_Synthetic_Family_Library_v2/waveforms/case_01317_full_converter_pmsg_like_ll_ab_scr3.0_n0.002_r3.csv,full_converter_pmsg_like,ll_ab,3.0,0.002,10000,50.0,5.98,6.04,5.9999058756411525,1.0651465786946825,0.3,,,,,,,,,,0.0017,0.0095,540.0,0.16
1318,case_01318_full_converter_pmsg_like_ll_ab_scr3.0_n0.002_r4.csv,/root/phd_thesis/Z_Synthetic_Family_Library_v2/waveforms/case_01318_full_converter_pmsg_like_ll_ab_scr3.0_n0.002_r4.csv,full_converter_pmsg_like,ll_ab,3.0,0.002,10000,50.0,5.98,6.04,5.99939590376902,1.0503400426643774,0.3,,,,,,,,,,0.0017,0.0095,540.0,0.16
1319,case_01319_full_converter_pmsg_like_ll_ab_scr3.0_n0.002_r5.csv,/root/phd_thesis/Z_Synthetic_Family_Library_v2/waveforms/case_01319_full_converter_pmsg_like_ll_ab_scr3.0_n0.002_r5.csv,full_converter_pmsg_like,ll_ab,3.0,0.002,10000,50.0,5.98,6.04,5.997864903687024,1.0312324798295156,0.3,,,,,,,,,,0.0017,0.0095,540.0,0.16
1320,case_01320_full_converter_pmsg_like_ll_ab_scr3.0_n0.002_r6.csv,/root/phd_thesis/Z_Synthetic_Family_Library_v2/waveforms/case_01320_full_converter_pmsg_like_ll_ab_scr3.0_n0.002_r6.csv,full_converter_pmsg_like,ll_ab,3.0,0.002,10000,50.0,5.98,6.04,5.997704074291953,1.0083567269843472,0.3,,,,,,,,,,0.0017,0.0095,540.0,0.16
1321,case_01321_full_converter_pmsg_like_ll_ab_scr3.0_n0.005_r1.csv,/root/phd_thesis/Z_Synthetic_Family_Library_v2/waveforms/case_01321_full_converter_pmsg_like_ll_ab_scr3.0_n0.005_r1.csv,full_converter_pmsg_like,ll_ab,3.0,0.005,10000,50.0,5.98,6.04,5.9984860772989474,1.0514163557303282,0.3,,,,,,,,,,0.0017,0.0095,540.0,0.16
1322,case_01322_full_converter_pmsg_like_ll_ab_scr3.0_n0.005_r2.csv,/root/phd_thesis/Z_Synthetic_Family_Library_v2/waveforms/case_01322_full_converter_pmsg_like_ll_ab_scr3.0_n0.005_r2.csv,full_converter_pmsg_like,ll_ab,3.0,0.005,10000,50.0,5.98,6.04,6.000176917101135,1.030049399588073,0.3,,,,,,,,,,0.0017,0.0095,540.0,0.16
1323,case_01323_full_converter_pmsg_like_ll_ab_scr3.0_n0.005_r3.csv,/root/phd_thesis/Z_Synthetic_Family_Library_v2/waveforms/case_01323_full_converter_pmsg_like_ll_ab_scr3.0_n0.005_r3.csv,full_converter_pmsg_like,ll_ab,3.0,0.005,10000,50.0,5.98,6.04,5.99822620491736,1.0355518002927326,0.3,,,,,,,,,,0.0017,0.0095,540.0,0.16
1324,case_01324_full_converter_pmsg_like_ll_ab_scr3.0_n0.005_r4.csv,/root/phd_thesis/Z_Synthetic_Family_Library_v2/waveforms/case_01324_full_converter_pmsg_like_ll_ab_scr3.0_n0.005_r4.csv,full_converter_pmsg_like,ll_ab,3.0,0.005,10000,50.0,5.98,6.04,6.000274603992569,1.0308065374398854,0.3,,,,,,,,,,0.0017,0.0095,540.0,0.16
1325,case_01325_full_converter_pmsg_like_ll_ab_scr3.0_n0.005_r5.csv,/root/phd_thesis/Z_Synthetic_Family_Library_v2/waveforms/case_01325_full_converter_pmsg_like_ll_ab_scr3.0_n0.005_r5.csv,full_converter_pmsg_like,ll_ab,3.0,0.005,10000,50.0,5.98,6.04,6.000417352924698,1.018190134444776,0.3,,,,,,,,,,0.0017,0.0095,540.0,0.16
1326,case_01326_full_converter_pmsg_like_ll_ab_scr3.0_n0.005_r6.csv,/root/phd_thesis/Z_Synthetic_Family_Library_v2/waveforms/case_01326_full_converter_pmsg_like_ll_ab_scr3.0_n0.005_r6.csv,full_converter_pmsg_like,ll_ab,3.0,0.005,10000,50.0,5.98,6.04,5.998163031796174,1.033218671650652,0.3,,,,,,,,,,0.0017,0.0095,540.0,0.16
1327,case_01327_full_converter_pmsg_like_ll_ab_scr3.0_n0.010_r1.csv,/root/phd_thesis/Z_Synthetic_Family_Library_v2/waveforms/case_01327_full_converter_pmsg_like_ll_ab_scr3.0_n0.010_r1.csv,full_converter_pmsg_like,ll_ab,3.0,0.01,10000,50.0,5.98,6.04,5.998880918948996,1.0104929197788624,0.3,,,,,,,,,,0.0017,0.0095,540.0,0.16
1328,case_01328_full_converter_pmsg_like_ll_ab_scr3.0_n0.010_r2.csv,/root/phd_thesis/Z_Synthetic_Family_Library_v2/waveforms/case_01328_full_converter_pmsg_like_ll_ab_scr3.0_n0.010_r2.csv,full_converter_pmsg_like,ll_ab,3.0,0.01,10000,50.0,5.98,6.04,5.999120517826337,1.0022698456059584,0.3,,,,,,,,,,0.0017,0.0095,540.0,0.16
1329,case_01329_full_converter_pmsg_like_ll_ab_scr3.0_n0.010_r3.csv,/root/phd_thesis/Z_Synthetic_Family_Library_v2/waveforms/case_01329_full_converter_pmsg_like_ll_ab_scr3.0_n0.010_r3.csv,full_converter_pmsg_like,ll_ab,3.0,0.01,10000,50.0,5.98,6.04,5.99843168276533,1.0533399688172742,0.3,,,,,,,,,,0.0017,0.0095,540.0,0.16
1330,case_01330_full_converter_pmsg_like_ll_ab_scr3.0_n0.010_r4.csv,/root/phd_thesis/Z_Synthetic_Family_Library_v2/waveforms/case_01330_full_converter_pmsg_like_ll_ab_scr3.0_n0.010_r4.csv,full_converter_pmsg_like,ll_ab,3.0,0.01,10000,50.0,5.98,6.04,6.0004461307621435,1.018468384927227,0.3,,,,,,,,,,0.0017,0.0095,540.0,0.16
1331,case_01331_full_converter_pmsg_like_ll_ab_scr3.0_n0.010_r5.csv,/root/phd_thesis/Z_Synthetic_Family_Library_v2/waveforms/case_01331_full_converter_pmsg_like_ll_ab_scr3.0_n0.010_r5.csv,full_converter_pmsg_like,ll_ab,3.0,0.01,10000,50.0,5.98,6.04,5.997726926657761,1.0610355754546354,0.3,,,,,,,,,,0.0017,0.0095,540.0,0.16
1332,case_01332_full_converter_pmsg_like_ll_ab_scr3.0_n0.010_r6.csv,/root/phd_thesis/Z_Synthetic_Family_Library_v2/waveforms/case_01332_full_converter_pmsg_like_ll_ab_scr3.0_n0.010_r6.csv,full_converter_pmsg_like,ll_ab,3.0,0.01,10000,50.0,5.98,6.04,5.998038635183611,1.0368072928130887,0.3,,,,,,,,,,0.0017,0.0095,540.0,0.16
1333,case_01333_full_converter_pmsg_like_ll_ab_scr5.0_n0.002_r1.csv,/root/phd_thesis/Z_Synthetic_Family_Library_v2/waveforms/case_01333_full_converter_pmsg_like_ll_ab_scr5.0_n0.002_r1.csv,full_converter_pmsg_like,ll_ab,5.0,0.002,10000,50.0,5.98,6.04,5.999191988404847,1.0022961442770224,0.18,,,,,,,,,,0.0014999999999999998,0.0083,620.0,0.14
1334,case_01334_full_converter_pmsg_like_ll_ab_scr5.0_n0.002_r2.csv,/root/phd_thesis/Z_Synthetic_Family_Library_v2/waveforms/case_01334_full_converter_pmsg_like_ll_ab_scr5.0_n0.002_r2.csv,full_converter_pmsg_like,ll_ab,5.0,0.002,10000,50.0,5.98,6.04,5.998145677390376,1.0733362353456646,0.18,,,,,,,,,,0.0014999999999999998,0.0083,620.0,0.14
1335,case_01335_full_converter_pmsg_like_ll_ab_scr5.0_n0.002_r3.csv,/root/phd_thesis/Z_Synthetic_Family_Library_v2/waveforms/case_01335_full_converter_pmsg_like_ll_ab_scr5.0_n0.002_r3.csv,full_converter_pmsg_like,ll_ab,5.0,0.002,10000,50.0,5.98,6.04,5.998338694409774,1.07915823142279,0.18,,,,,,,,,,0.0014999999999999998,0.0083,620.0,0.14
1336,case_01336_full_converter_pmsg_like_ll_ab_scr5.0_n0.002_r4.csv,/root/phd_thesis/Z_Synthetic_Family_Library_v2/waveforms/case_01336_full_converter_pmsg_like_ll_ab_scr5.0_n0.002_r4.csv,full_converter_pmsg_like,ll_ab,5.0,0.002,10000,50.0,5.98,6.04,5.999189947291228,1.0533648504075483,0.18,,,,,,,,,,0.0014999999999999998,0.0083,620.0,0.14
1337,case_01337_full_converter_pmsg_like_ll_ab_scr5.0_n0.002_r5.csv,/root/phd_thesis/Z_Synthetic_Family_Library_v2/waveforms/case_01337_full_converter_pmsg_like_ll_ab_scr5.0_n0.002_r5.csv,full_converter_pmsg_like,ll_ab,5.0,0.002,10000,50.0,5.98,6.04,5.997547738215613,1.0652263274153018,0.18,,,,,,,,,,0.0014999999999999998,0.0083,620.0,0.14
1338,case_01338_full_converter_pmsg_like_ll_ab_scr5.0_n0.002_r6.csv,/root/phd_thesis/Z_Synthetic_Family_Library_v2/waveforms/case_01338_full_converter_pmsg_like_ll_ab_scr5.0_n0.002_r6.csv,full_converter_pmsg_like,ll_ab,5.0,0.002,10000,50.0,5.98,6.04,5.999066341260282,1.0334137702682804,0.18,,,,,,,,,,0.0014999999999999998,0.0083,620.0,0.14
1339,case_01339_full_converter_pmsg_like_ll_ab_scr5.0_n0.005_r1.csv,/root/phd_thesis/Z_Synthetic_Family_Library_v2/waveforms/case_01339_full_converter_pmsg_like_ll_ab_scr5.0_n0.005_r1.csv,full_converter_pmsg_like,ll_ab,5.0,0.005,10000,50.0,5.98,6.04,5.998939120834702,1.048787576688756,0.18,,,,,,,,,,0.0014999999999999998,0.0083,620.0,0.14
1340,case_01340_full_converter_pmsg_like_ll_ab_scr5.0_n0.005_r2.csv,/root/phd_thesis/Z_Synthetic_Family_Library_v2/waveforms/case_01340_full_converter_pmsg_like_ll_ab_scr5.0_n0.005_r2.csv,full_converter_pmsg_like,ll_ab,5.0,0.005,10000,50.0,5.98,6.04,5.997866484515407,1.049743074853446,0.18,,,,,,,,,,0.0014999999999999998,0.0083,620.0,0.14
1341,case_01341_full_converter_pmsg_like_ll_ab_scr5.0_n0.005_r3.csv,/root/phd_thesis/Z_Synthetic_Family_Library_v2/waveforms/case_01341_full_converter_pmsg_like_ll_ab_scr5.0_n0.005_r3.csv,full_converter_pmsg_like,ll_ab,5.0,0.005,10000,50.0,5.98,6.04,5.997670960239607,1.0396074223447769,0.18,,,,,,,,,,0.0014999999999999998,0.0083,620.0,0.14
1342,case_01342_full_converter_pmsg_like_ll_ab_scr5.0_n0.005_r4.csv,/root/phd_thesis/Z_Synthetic_Family_Library_v2/waveforms/case_01342_full_converter_pmsg_like_ll_ab_scr5.0_n0.005_r4.csv,full_converter_pmsg_like,ll_ab,5.0,0.005,10000,50.0,5.98,6.04,5.99971217020821,1.0329317668245344,0.18,,,,,,,,,,0.0014999999999999998,0.0083,620.0,0.14
1343,case_01343_full_converter_pmsg_like_ll_ab_scr5.0_n0.005_r5.csv,/root/phd_thesis/Z_Synthetic_Family_Library_v2/waveforms/case_01343_full_converter_pmsg_like_ll_ab_scr5.0_n0.005_r5.csv,full_converter_pmsg_like,ll_ab,5.0,0.005,10000,50.0,5.98,6.04,6.000278848547263,1.011103492037444,0.18,,,,,,,,,,0.0014999999999999998,0.0083,620.0,0.14
1344,case_01344_full_converter_pmsg_like_ll_ab_scr5.0_n0.005_r6.csv,/root/phd_thesis/Z_Synthetic_Family_Library_v2/waveforms/case_01344_full_converter_pmsg_like_ll_ab_scr5.0_n0.005_r6.csv,full_converter_pmsg_like,ll_ab,5.0,0.005,10000,50.0,5.98,6.04,5.998393457623508,1.0145966754517675,0.18,,,,,,,,,,0.0014999999999999998,0.0083,620.0,0.14
1345,case_01345_full_converter_pmsg_like_ll_ab_scr5.0_n0.010_r1.csv,/root/phd_thesis/Z_Synthetic_Family_Library_v2/waveforms/case_01345_full_converter_pmsg_like_ll_ab_scr5.0_n0.010_r1.csv,full_converter_pmsg_like,ll_ab,5.0,0.01,10000,50.0,5.98,6.04,5.998522081907427,1.0085990137471221,0.18,,,,,,,,,,0.0014999999999999998,0.0083,620.0,0.14
1346,case_01346_full_converter_pmsg_like_ll_ab_scr5.0_n0.010_r2.csv,/root/phd_thesis/Z_Synthetic_Family_Library_v2/waveforms/case_01346_full_converter_pmsg_like_ll_ab_scr5.0_n0.010_r2.csv,full_converter_pmsg_like,ll_ab,5.0,0.01,10000,50.0,5.98,6.04,5.997674414660226,1.0769901233219148,0.18,,,,,,,,,,0.0014999999999999998,0.0083,620.0,0.14
1347,case_01347_full_converter_pmsg_like_ll_ab_scr5.0_n0.010_r3.csv,/root/phd_thesis/Z_Synthetic_Family_Library_v2/waveforms/case_01347_full_converter_pmsg_like_ll_ab_scr5.0_n0.010_r3.csv,full_converter_pmsg_like,ll_ab,5.0,0.01,10000,50.0,5.98,6.04,5.997721423572057,1.0117228465161412,0.18,,,,,,,,,,0.0014999999999999998,0.0083,620.0,0.14
1348,case_01348_full_converter_pmsg_like_ll_ab_scr5.0_n0.010_r4.csv,/root/phd_thesis/Z_Synthetic_Family_Library_v2/waveforms/case_01348_full_converter_pmsg_like_ll_ab_scr5.0_n0.010_r4.csv,full_converter_pmsg_like,ll_ab,5.0,0.01,10000,50.0,5.98,6.04,5.999077196179676,1.0089003033667252,0.18,,,,,,,,,,0.0014999999999999998,0.0083,620.0,0.14
1349,case_01349_full_converter_pmsg_like_ll_ab_scr5.0_n0.010_r5.csv,/root/phd_thesis/Z_Synthetic_Family_Library_v2/waveforms/case_01349_full_converter_pmsg_like_ll_ab_scr5.0_n0.010_r5.csv,full_converter_pmsg_like,ll_ab,5.0,0.01,10000,50.0,5.98,6.04,5.998238056075844,1.0465988796097572,0.18,,,,,,,,,,0.0014999999999999998,0.0083,620.0,0.14
1350,case_01350_full_converter_pmsg_like_ll_ab_scr5.0_n0.010_r6.csv,/root/phd_thesis/Z_Synthetic_Family_Library_v2/waveforms/case_01350_full_converter_pmsg_like_ll_ab_scr5.0_n0.010_r6.csv,full_converter_pmsg_like,ll_ab,5.0,0.01,10000,50.0,5.98,6.04,5.999576957908459,1.0519385487048318,0.18,,,,,,,,,,0.0014999999999999998,0.0083,620.0,0.14
1351,case_01351_full_converter_pmsg_like_ll_ab_scr8.0_n0.002_r1.csv,/root/phd_thesis/Z_Synthetic_Family_Library_v2/waveforms/case_01351_full_converter_pmsg_like_ll_ab_scr8.0_n0.002_r1.csv,full_converter_pmsg_like,ll_ab,8.0,0.002,10000,50.0,5.98,6.04,5.999090184866746,1.0653876791096777,0.12,,,,,,,,,,0.0013874999999999998,0.007625,740.0,0.12875
1352,case_01352_full_converter_pmsg_like_ll_ab_scr8.0_n0.002_r2.csv,/root/phd_thesis/Z_Synthetic_Family_Library_v2/waveforms/case_01352_full_converter_pmsg_like_ll_ab_scr8.0_n0.002_r2.csv,full_converter_pmsg_like,ll_ab,8.0,0.002,10000,50.0,5.98,6.04,5.999192961723762,1.0085507786884416,0.12,,,,,,,,,,0.0013874999999999998,0.007625,740.0,0.12875
1353,case_01353_full_converter_pmsg_like_ll_ab_scr8.0_n0.002_r3.csv,/root/phd_thesis/Z_Synthetic_Family_Library_v2/waveforms/case_01353_full_converter_pmsg_like_ll_ab_scr8.0_n0.002_r3.csv,full_converter_pmsg_like,ll_ab,8.0,0.002,10000,50.0,5.98,6.04,5.999077326408525,1.035631275068823,0.12,,,,,,,,,,0.0013874999999999998,0.007625,740.0,0.12875
1354,case_01354_full_converter_pmsg_like_ll_ab_scr8.0_n0.002_r4.csv,/root/phd_thesis/Z_Synthetic_Family_Library_v2/waveforms/case_01354_full_converter_pmsg_like_ll_ab_scr8.0_n0.002_r4.csv,full_converter_pmsg_like,ll_ab,8.0,0.002,10000,50.0,5.98,6.04,5.9999693223144925,1.0798759726784628,0.12,,,,,,,,,,0.0013874999999999998,0.007625,740.0,0.12875
1355,case_01355_full_converter_pmsg_like_ll_ab_scr8.0_n0.002_r5.csv,/root/phd_thesis/Z_Synthetic_Family_Library_v2/waveforms/case_01355_full_converter_pmsg_like_ll_ab_scr8.0_n0.002_r5.csv,full_converter_pmsg_like,ll_ab,8.0,0.002,10000,50.0,5.98,6.04,5.998896571260945,1.019289019320595,0.12,,,,,,,,,,0.0013874999999999998,0.007625,740.0,0.12875
1356,case_01356_full_converter_pmsg_like_ll_ab_scr8.0_n0.002_r6.csv,/root/phd_thesis/Z_Synthetic_Family_Library_v2/waveforms/case_01356_full_converter_pmsg_like_ll_ab_scr8.0_n0.002_r6.csv,full_converter_pmsg_like,ll_ab,8.0,0.002,10000,50.0,5.98,6.04,5.998505427917307,1.004028891948765,0.12,,,,,,,,,,0.0013874999999999998,0.007625,740.0,0.12875
1357,case_01357_full_converter_pmsg_like_ll_ab_scr8.0_n0.005_r1.csv,/root/phd_thesis/Z_Synthetic_Family_Library_v2/waveforms/case_01357_full_converter_pmsg_like_ll_ab_scr8.0_n0.005_r1.csv,full_converter_pmsg_like,ll_ab,8.0,0.005,10000,50.0,5.98,6.04,5.999945291154472,1.0577526089962994,0.12,,,,,,,,,,0.0013874999999999998,0.007625,740.0,0.12875
1358,case_01358_full_converter_pmsg_like_ll_ab_scr8.0_n0.005_r2.csv,/root/phd_thesis/Z_Synthetic_Family_Library_v2/waveforms/case_01358_full_converter_pmsg_like_ll_ab_scr8.0_n0.005_r2.csv,full_converter_pmsg_like,ll_ab,8.0,0.005,10000,50.0,5.98,6.04,5.9986441100133385,1.0696592636981352,0.12,,,,,,,,,,0.0013874999999999998,0.007625,740.0,0.12875
1359,case_01359_full_converter_pmsg_like_ll_ab_scr8.0_n0.005_r3.csv,/root/phd_thesis/Z_Synthetic_Family_Library_v2/waveforms/case_01359_full_converter_pmsg_like_ll_ab_scr8.0_n0.005_r3.csv,full_converter_pmsg_like,ll_ab,8.0,0.005,10000,50.0,5.98,6.04,6.000009880523278,1.0326983471217832,0.12,,,,,,,,,,0.0013874999999999998,0.007625,740.0,0.12875
1360,case_01360_full_converter_pmsg_like_ll_ab_scr8.0_n0.005_r4.csv,/root/phd_thesis/Z_Synthetic_Family_Library_v2/waveforms/case_01360_full_converter_pmsg_like_ll_ab_scr8.0_n0.005_r4.csv,full_converter_pmsg_like,ll_ab,8.0,0.005,10000,50.0,5.98,6.04,5.999997590288096,1.0754851026663825,0.12,,,,,,,,,,0.0013874999999999998,0.007625,740.0,0.12875
1361,case_01361_full_converter_pmsg_like_ll_ab_scr8.0_n0.005_r5.csv,/root/phd_thesis/Z_Synthetic_Family_Library_v2/waveforms/case_01361_full_converter_pmsg_like_ll_ab_scr8.0_n0.005_r5.csv,full_converter_pmsg_like,ll_ab,8.0,0.005,10000,50.0,5.98,6.04,5.998845178126099,1.058653362876946,0.12,,,,,,,,,,0.0013874999999999998,0.007625,740.0,0.12875
1362,case_01362_full_converter_pmsg_like_ll_ab_scr8.0_n0.005_r6.csv,/root/phd_thesis/Z_Synthetic_Family_Library_v2/waveforms/case_01362_full_converter_pmsg_like_ll_ab_scr8.0_n0.005_r6.csv,full_converter_pmsg_like,ll_ab,8.0,0.005,10000,50.0,5.98,6.04,5.998174336802277,1.0632373429838202,0.12,,,,,,,,,,0.0013874999999999998,0.007625,740.0,0.12875
1363,case_01363_full_converter_pmsg_like_ll_ab_scr8.0_n0.010_r1.csv,/root/phd_thesis/Z_Synthetic_Family_Library_v2/waveforms/case_01363_full_converter_pmsg_like_ll_ab_scr8.0_n0.010_r1.csv,full_converter_pmsg_like,ll_ab,8.0,0.01,10000,50.0,5.98,6.04,5.998925290476574,1.0147958315583077,0.12,,,,,,,,,,0.0013874999999999998,0.007625,740.0,0.12875
1364,case_01364_full_converter_pmsg_like_ll_ab_scr8.0_n0.010_r2.csv,/root/phd_thesis/Z_Synthetic_Family_Library_v2/waveforms/case_01364_full_converter_pmsg_like_ll_ab_scr8.0_n0.010_r2.csv,full_converter_pmsg_like,ll_ab,8.0,0.01,10000,50.0,5.98,6.04,5.997541977848681,1.0462111265415543,0.12,,,,,,,,,,0.0013874999999999998,0.007625,740.0,0.12875
1365,case_01365_full_converter_pmsg_like_ll_ab_scr8.0_n0.010_r3.csv,/root/phd_thesis/Z_Synthetic_Family_Library_v2/waveforms/case_01365_full_converter_pmsg_like_ll_ab_scr8.0_n0.010_r3.csv,full_converter_pmsg_like,ll_ab,8.0,0.01,10000,50.0,5.98,6.04,6.000176862060079,1.0758252050166712,0.12,,,,,,,,,,0.0013874999999999998,0.007625,740.0,0.12875
1366,case_01366_full_converter_pmsg_like_ll_ab_scr8.0_n0.010_r4.csv,/root/phd_thesis/Z_Synthetic_Family_Library_v2/waveforms/case_01366_full_converter_pmsg_like_ll_ab_scr8.0_n0.010_r4.csv,full_converter_pmsg_like,ll_ab,8.0,0.01,10000,50.0,5.98,6.04,5.999690151863837,1.0555971954742545,0.12,,,,,,,,,,0.0013874999999999998,0.007625,740.0,0.12875
1367,case_01367_full_converter_pmsg_like_ll_ab_scr8.0_n0.010_r5.csv,/root/phd_thesis/Z_Synthetic_Family_Library_v2/waveforms/case_01367_full_converter_pmsg_like_ll_ab_scr8.0_n0.010_r5.csv,full_converter_pmsg_like,ll_ab,8.0,0.01,10000,50.0,5.98,6.04,5.999889452740873,1.0643192012552727,0.12,,,,,,,,,,0.0013874999999999998,0.007625,740.0,0.12875
1368,case_01368_full_converter_pmsg_like_ll_ab_scr8.0_n0.010_r6.csv,/root/phd_thesis/Z_Synthetic_Family_Library_v2/waveforms/case_01368_full_converter_pmsg_like_ll_ab_scr8.0_n0.010_r6.csv,full_converter_pmsg_like,ll_ab,8.0,0.01,10000,50.0,5.98,6.04,5.9994346824463305,1.048544688542139,0.12,,,,,,,,,,0.0013874999999999998,0.007625,740.0,0.12875
1369,case_01369_full_converter_pmsg_like_ll_bc_scr2.0_n0.002_r1.csv,/root/phd_thesis/Z_Synthetic_Family_Library_v2/waveforms/case_01369_full_converter_pmsg_like_ll_bc_scr2.0_n0.002_r1.csv,full_converter_pmsg_like,ll_bc,2.0,0.002,10000,50.0,5.98,6.04,5.9988498478480405,1.0007678256283337,0.44999999999999996,,,,,,,,,,0.00195,0.011,500.0,0.185
1370,case_01370_full_converter_pmsg_like_ll_bc_scr2.0_n0.002_r2.csv,/root/phd_thesis/Z_Synthetic_Family_Library_v2/waveforms/case_01370_full_converter_pmsg_like_ll_bc_scr2.0_n0.002_r2.csv,full_converter_pmsg_like,ll_bc,2.0,0.002,10000,50.0,5.98,6.04,5.997511040181994,1.0340000781907597,0.44999999999999996,,,,,,,,,,0.00195,0.011,500.0,0.185
1371,case_01371_full_converter_pmsg_like_ll_bc_scr2.0_n0.002_r3.csv,/root/phd_thesis/Z_Synthetic_Family_Library_v2/waveforms/case_01371_full_converter_pmsg_like_ll_bc_scr2.0_n0.002_r3.csv,full_converter_pmsg_like,ll_bc,2.0,0.002,10000,50.0,5.98,6.04,5.998834729946737,1.0517869191236124,0.44999999999999996,,,,,,,,,,0.00195,0.011,500.0,0.185
1372,case_01372_full_converter_pmsg_like_ll_bc_scr2.0_n0.002_r4.csv,/root/phd_thesis/Z_Synthetic_Family_Library_v2/waveforms/case_01372_full_converter_pmsg_like_ll_bc_scr2.0_n0.002_r4.csv,full_converter_pmsg_like,ll_bc,2.0,0.002,10000,50.0,5.98,6.04,5.99868103490316,1.0286344479605807,0.44999999999999996,,,,,,,,,,0.00195,0.011,500.0,0.185
1373,case_01373_full_converter_pmsg_like_ll_bc_scr2.0_n0.002_r5.csv,/root/phd_thesis/Z_Synthetic_Family_Library_v2/waveforms/case_01373_full_converter_pmsg_like_ll_bc_scr2.0_n0.002_r5.csv,full_converter_pmsg_like,ll_bc,2.0,0.002,10000,50.0,5.98,6.04,6.000113481430174,1.027922563770709,0.44999999999999996,,,,,,,,,,0.00195,0.011,500.0,0.185
1374,case_01374_full_converter_pmsg_like_ll_bc_scr2.0_n0.002_r6.csv,/root/phd_thesis/Z_Synthetic_Family_Library_v2/waveforms/case_01374_full_converter_pmsg_like_ll_bc_scr2.0_n0.002_r6.csv,full_converter_pmsg_like,ll_bc,2.0,0.002,10000,50.0,5.98,6.04,5.99846245314201,1.0114622170898386,0.44999999999999996,,,,,,,,,,0.00195,0.011,500.0,0.185
1375,case_01375_full_converter_pmsg_like_ll_bc_scr2.0_n0.005_r1.csv,/root/phd_thesis/Z_Synthetic_Family_Library_v2/waveforms/case_01375_full_converter_pmsg_like_ll_bc_scr2.0_n0.005_r1.csv,full_converter_pmsg_like,ll_bc,2.0,0.005,10000,50.0,5.98,6.04,5.997664280498286,1.0735196952536177,0.44999999999999996,,,,,,,,,,0.00195,0.011,500.0,0.185
1376,case_01376_full_converter_pmsg_like_ll_bc_scr2.0_n0.005_r2.csv,/root/phd_thesis/Z_Synthetic_Family_Library_v2/waveforms/case_01376_full_converter_pmsg_like_ll_bc_scr2.0_n0.005_r2.csv,full_converter_pmsg_like,ll_bc,2.0,0.005,10000,50.0,5.98,6.04,5.999920103708817,1.071430124119196,0.44999999999999996,,,,,,,,,,0.00195,0.011,500.0,0.185
1377,case_01377_full_converter_pmsg_like_ll_bc_scr2.0_n0.005_r3.csv,/root/phd_thesis/Z_Synthetic_Family_Library_v2/waveforms/case_01377_full_converter_pmsg_like_ll_bc_scr2.0_n0.005_r3.csv,full_converter_pmsg_like,ll_bc,2.0,0.005,10000,50.0,5.98,6.04,5.997709424070751,1.0376957267784557,0.44999999999999996,,,,,,,,,,0.00195,0.011,500.0,0.185
1378,case_01378_full_converter_pmsg_like_ll_bc_scr2.0_n0.005_r4.csv,/root/phd_thesis/Z_Synthetic_Family_Library_v2/waveforms/case_01378_full_converter_pmsg_like_ll_bc_scr2.0_n0.005_r4.csv,full_converter_pmsg_like,ll_bc,2.0,0.005,10000,50.0,5.98,6.04,5.999532794514953,1.0066725665220062,0.44999999999999996,,,,,,,,,,0.00195,0.011,500.0,0.185
1379,case_01379_full_converter_pmsg_like_ll_bc_scr2.0_n0.005_r5.csv,/root/phd_thesis/Z_Synthetic_Family_Library_v2/waveforms/case_01379_full_converter_pmsg_like_ll_bc_scr2.0_n0.005_r5.csv,full_converter_pmsg_like,ll_bc,2.0,0.005,10000,50.0,5.98,6.04,5.9986341727636185,1.008807124415368,0.44999999999999996,,,,,,,,,,0.00195,0.011,500.0,0.185
1380,case_01380_full_converter_pmsg_like_ll_bc_scr2.0_n0.005_r6.csv,/root/phd_thesis/Z_Synthetic_Family_Library_v2/waveforms/case_01380_full_converter_pmsg_like_ll_bc_scr2.0_n0.005_r6.csv,full_converter_pmsg_like,ll_bc,2.0,0.005,10000,50.0,5.98,6.04,5.997979803451374,1.032356758907198,0.44999999999999996,,,,,,,,,,0.00195,0.011,500.0,0.185
1381,case_01381_full_converter_pmsg_like_ll_bc_scr2.0_n0.010_r1.csv,/root/phd_thesis/Z_Synthetic_Family_Library_v2/waveforms/case_01381_full_converter_pmsg_like_ll_bc_scr2.0_n0.010_r1.csv,full_converter_pmsg_like,ll_bc,2.0,0.01,10000,50.0,5.98,6.04,6.000274435303883,1.0698235109518153,0.44999999999999996,,,,,,,,,,0.00195,0.011,500.0,0.185
1382,case_01382_full_converter_pmsg_like_ll_bc_scr2.0_n0.010_r2.csv,/root/phd_thesis/Z_Synthetic_Family_Library_v2/waveforms/case_01382_full_converter_pmsg_like_ll_bc_scr2.0_n0.010_r2.csv,full_converter_pmsg_like,ll_bc,2.0,0.01,10000,50.0,5.98,6.04,5.998769692139619,1.0660083808640712,0.44999999999999996,,,,,,,,,,0.00195,0.011,500.0,0.185
1383,case_01383_full_converter_pmsg_like_ll_bc_scr2.0_n0.010_r3.csv,/root/phd_thesis/Z_Synthetic_Family_Library_v2/waveforms/case_01383_full_converter_pmsg_like_ll_bc_scr2.0_n0.010_r3.csv,full_converter_pmsg_like,ll_bc,2.0,0.01,10000,50.0,5.98,6.04,5.999703595188602,1.0153014679253758,0.44999999999999996,,,,,,,,,,0.00195,0.011,500.0,0.185
1384,case_01384_full_converter_pmsg_like_ll_bc_scr2.0_n0.010_r4.csv,/root/phd_thesis/Z_Synthetic_Family_Library_v2/waveforms/case_01384_full_converter_pmsg_like_ll_bc_scr2.0_n0.010_r4.csv,full_converter_pmsg_like,ll_bc,2.0,0.01,10000,50.0,5.98,6.04,5.9998315606787695,1.0255420431130273,0.44999999999999996,,,,,,,,,,0.00195,0.011,500.0,0.185
1385,case_01385_full_converter_pmsg_like_ll_bc_scr2.0_n0.010_r5.csv,/root/phd_thesis/Z_Synthetic_Family_Library_v2/waveforms/case_01385_full_converter_pmsg_like_ll_bc_scr2.0_n0.010_r5.csv,full_converter_pmsg_like,ll_bc,2.0,0.01,10000,50.0,5.98,6.04,5.999229204568833,1.010355878542943,0.44999999999999996,,,,,,,,,,0.00195,0.011,500.0,0.185
1386,case_01386_full_converter_pmsg_like_ll_bc_scr2.0_n0.010_r6.csv,/root/phd_thesis/Z_Synthetic_Family_Library_v2/waveforms/case_01386_full_converter_pmsg_like_ll_bc_scr2.0_n0.010_r6.csv,full_converter_pmsg_like,ll_bc,2.0,0.01,10000,50.0,5.98,6.04,5.997510015068975,1.0682526461232627,0.44999999999999996,,,,,,,,,,0.00195,0.011,500.0,0.185
1387,case_01387_full_converter_pmsg_like_ll_bc_scr3.0_n0.002_r1.csv,/root/phd_thesis/Z_Synthetic_Family_Library_v2/waveforms/case_01387_full_converter_pmsg_like_ll_bc_scr3.0_n0.002_r1.csv,full_converter_pmsg_like,ll_bc,3.0,0.002,10000,50.0,5.98,6.04,5.999587221302282,1.0463571537230207,0.3,,,,,,,,,,0.0017,0.0095,540.0,0.16
1388,case_01388_full_converter_pmsg_like_ll_bc_scr3.0_n0.002_r2.csv,/root/phd_thesis/Z_Synthetic_Family_Library_v2/waveforms/case_01388_full_converter_pmsg_like_ll_bc_scr3.0_n0.002_r2.csv,full_converter_pmsg_like,ll_bc,3.0,0.002,10000,50.0,5.98,6.04,5.999997022057631,1.0250979873484503,0.3,,,,,,,,,,0.0017,0.0095,540.0,0.16
1389,case_01389_full_converter_pmsg_like_ll_bc_scr3.0_n0.002_r3.csv,/root/phd_thesis/Z_Synthetic_Family_Library_v2/waveforms/case_01389_full_converter_pmsg_like_ll_bc_scr3.0_n0.002_r3.csv,full_converter_pmsg_like,ll_bc,3.0,0.002,10000,50.0,5.98,6.04,6.000221563722238,1.0190209317963996,0.3,,,,,,,,,,0.0017,0.0095,540.0,0.16
1390,case_01390_full_converter_pmsg_like_ll_bc_scr3.0_n0.002_r4.csv,/root/phd_thesis/Z_Synthetic_Family_Library_v2/waveforms/case_01390_full_converter_pmsg_like_ll_bc_scr3.0_n0.002_r4.csv,full_converter_pmsg_like,ll_bc,3.0,0.002,10000,50.0,5.98,6.04,5.999530531228568,1.0799628421076883,0.3,,,,,,,,,,0.0017,0.0095,540.0,0.16
1391,case_01391_full_converter_pmsg_like_ll_bc_scr3.0_n0.002_r5.csv,/root/phd_thesis/Z_Synthetic_Family_Library_v2/waveforms/case_01391_full_converter_pmsg_like_ll_bc_scr3.0_n0.002_r5.csv,full_converter_pmsg_like,ll_bc,3.0,0.002,10000,50.0,5.98,6.04,5.9980252753564605,1.033390663010435,0.3,,,,,,,,,,0.0017,0.0095,540.0,0.16
1392,case_01392_full_converter_pmsg_like_ll_bc_scr3.0_n0.002_r6.csv,/root/phd_thesis/Z_Synthetic_Family_Library_v2/waveforms/case_01392_full_converter_pmsg_like_ll_bc_scr3.0_n0.002_r6.csv,full_converter_pmsg_like,ll_bc,3.0,0.002,10000,50.0,5.98,6.04,5.998366138420654,1.0698085061744282,0.3,,,,,,,,,,0.0017,0.0095,540.0,0.16
1393,case_01393_full_converter_pmsg_like_ll_bc_scr3.0_n0.005_r1.csv,/root/phd_thesis/Z_Synthetic_Family_Library_v2/waveforms/case_01393_full_converter_pmsg_like_ll_bc_scr3.0_n0.005_r1.csv,full_converter_pmsg_like,ll_bc,3.0,0.005,10000,50.0,5.98,6.04,5.999399809556045,1.003294191827844,0.3,,,,,,,,,,0.0017,0.0095,540.0,0.16
1394,case_01394_full_converter_pmsg_like_ll_bc_scr3.0_n0.005_r2.csv,/root/phd_thesis/Z_Synthetic_Family_Library_v2/waveforms/case_01394_full_converter_pmsg_like_ll_bc_scr3.0_n0.005_r2.csv,full_converter_pmsg_like,ll_bc,3.0,0.005,10000,50.0,5.98,6.04,6.000493806926958,1.07736110358106,0.3,,,,,,,,,,0.0017,0.0095,540.0,0.16
1395,case_01395_full_converter_pmsg_like_ll_bc_scr3.0_n0.005_r3.csv,/root/phd_thesis/Z_Synthetic_Family_Library_v2/waveforms/case_01395_full_converter_pmsg_like_ll_bc_scr3.0_n0.005_r3.csv,full_converter_pmsg_like,ll_bc,3.0,0.005,10000,50.0,5.98,6.04,5.998123266758825,1.0147277682478855,0.3,,,,,,,,,,0.0017,0.0095,540.0,0.16
1396,case_01396_full_converter_pmsg_like_ll_bc_scr3.0_n0.005_r4.csv,/root/phd_thesis/Z_Synthetic_Family_Library_v2/waveforms/case_01396_full_converter_pmsg_like_ll_bc_scr3.0_n0.005_r4.csv,full_converter_pmsg_like,ll_bc,3.0,0.005,10000,50.0,5.98,6.04,6.000210166986268,1.0477280899025392,0.3,,,,,,,,,,0.0017,0.0095,540.0,0.16
1397,case_01397_full_converter_pmsg_like_ll_bc_scr3.0_n0.005_r5.csv,/root/phd_thesis/Z_Synthetic_Family_Library_v2/waveforms/case_01397_full_converter_pmsg_like_ll_bc_scr3.0_n0.005_r5.csv,full_converter_pmsg_like,ll_bc,3.0,0.005,10000,50.0,5.98,6.04,5.997873651913285,1.0592507279475083,0.3,,,,,,,,,,0.0017,0.0095,540.0,0.16
1398,case_01398_full_converter_pmsg_like_ll_bc_scr3.0_n0.005_r6.csv,/root/phd_thesis/Z_Synthetic_Family_Library_v2/waveforms/case_01398_full_converter_pmsg_like_ll_bc_scr3.0_n0.005_r6.csv,full_converter_pmsg_like,ll_bc,3.0,0.005,10000,50.0,5.98,6.04,5.999889104522242,1.070775581133527,0.3,,,,,,,,,,0.0017,0.0095,540.0,0.16
1399,case_01399_full_converter_pmsg_like_ll_bc_scr3.0_n0.010_r1.csv,/root/phd_thesis/Z_Synthetic_Family_Library_v2/waveforms/case_01399_full_converter_pmsg_like_ll_bc_scr3.0_n0.010_r1.csv,full_converter_pmsg_like,ll_bc,3.0,0.01,10000,50.0,5.98,6.04,5.999428158235368,1.0651716634887993,0.3,,,,,,,,,,0.0017,0.0095,540.0,0.16
1400,case_01400_full_converter_pmsg_like_ll_bc_scr3.0_n0.010_r2.csv,/root/phd_thesis/Z_Synthetic_Family_Library_v2/waveforms/case_01400_full_converter_pmsg_like_ll_bc_scr3.0_n0.010_r2.csv,full_converter_pmsg_like,ll_bc,3.0,0.01,10000,50.0,5.98,6.04,6.000317500159251,1.0733529087458697,0.3,,,,,,,,,,0.0017,0.0095,540.0,0.16
1401,case_01401_full_converter_pmsg_like_ll_bc_scr3.0_n0.010_r3.csv,/root/phd_thesis/Z_Synthetic_Family_Library_v2/waveforms/case_01401_full_converter_pmsg_like_ll_bc_scr3.0_n0.010_r3.csv,full_converter_pmsg_like,ll_bc,3.0,0.01,10000,50.0,5.98,6.04,5.99971676829061,1.0650838519822854,0.3,,,,,,,,,,0.0017,0.0095,540.0,0.16
1402,case_01402_full_converter_pmsg_like_ll_bc_scr3.0_n0.010_r4.csv,/root/phd_thesis/Z_Synthetic_Family_Library_v2/waveforms/case_01402_full_converter_pmsg_like_ll_bc_scr3.0_n0.010_r4.csv,full_converter_pmsg_like,ll_bc,3.0,0.01,10000,50.0,5.98,6.04,5.998875463472419,1.011198988097156,0.3,,,,,,,,,,0.0017,0.0095,540.0,0.16
1403,case_01403_full_converter_pmsg_like_ll_bc_scr3.0_n0.010_r5.csv,/root/phd_thesis/Z_Synthetic_Family_Library_v2/waveforms/case_01403_full_converter_pmsg_like_ll_bc_scr3.0_n0.010_r5.csv,full_converter_pmsg_like,ll_bc,3.0,0.01,10000,50.0,5.98,6.04,5.998608639613528,1.0305132354174678,0.3,,,,,,,,,,0.0017,0.0095,540.0,0.16
1404,case_01404_full_converter_pmsg_like_ll_bc_scr3.0_n0.010_r6.csv,/root/phd_thesis/Z_Synthetic_Family_Library_v2/waveforms/case_01404_full_converter_pmsg_like_ll_bc_scr3.0_n0.010_r6.csv,full_converter_pmsg_like,ll_bc,3.0,0.01,10000,50.0,5.98,6.04,5.998428856473285,1.051326205136205,0.3,,,,,,,,,,0.0017,0.0095,540.0,0.16
1405,case_01405_full_converter_pmsg_like_ll_bc_scr5.0_n0.002_r1.csv,/root/phd_thesis/Z_Synthetic_Family_Library_v2/waveforms/case_01405_full_converter_pmsg_like_ll_bc_scr5.0_n0.002_r1.csv,full_converter_pmsg_like,ll_bc,5.0,0.002,10000,50.0,5.98,6.04,5.997832620438576,1.0235621277878737,0.18,,,,,,,,,,0.0014999999999999998,0.0083,620.0,0.14
1406,case_01406_full_converter_pmsg_like_ll_bc_scr5.0_n0.002_r2.csv,/root/phd_thesis/Z_Synthetic_Family_Library_v2/waveforms/case_01406_full_converter_pmsg_like_ll_bc_scr5.0_n0.002_r2.csv,full_converter_pmsg_like,ll_bc,5.0,0.002,10000,50.0,5.98,6.04,5.998577938422233,1.0045298456518528,0.18,,,,,,,,,,0.0014999999999999998,0.0083,620.0,0.14
1407,case_01407_full_converter_pmsg_like_ll_bc_scr5.0_n0.002_r3.csv,/root/phd_thesis/Z_Synthetic_Family_Library_v2/waveforms/case_01407_full_converter_pmsg_like_ll_bc_scr5.0_n0.002_r3.csv,full_converter_pmsg_like,ll_bc,5.0,0.002,10000,50.0,5.98,6.04,5.9976021312417815,1.0072019003177843,0.18,,,,,,,,,,0.0014999999999999998,0.0083,620.0,0.14
1408,case_01408_full_converter_pmsg_like_ll_bc_scr5.0_n0.002_r4.csv,/root/phd_thesis/Z_Synthetic_Family_Library_v2/waveforms/case_01408_full_converter_pmsg_like_ll_bc_scr5.0_n0.002_r4.csv,full_converter_pmsg_like,ll_bc,5.0,0.002,10000,50.0,5.98,6.04,5.999356710619596,1.0582545228067493,0.18,,,,,,,,,,0.0014999999999999998,0.0083,620.0,0.14
1409,case_01409_full_converter_pmsg_like_ll_bc_scr5.0_n0.002_r5.csv,/root/phd_thesis/Z_Synthetic_Family_Library_v2/waveforms/case_01409_full_converter_pmsg_like_ll_bc_scr5.0_n0.002_r5.csv,full_converter_pmsg_like,ll_bc,5.0,0.002,10000,50.0,5.98,6.04,5.9983193856395225,1.0665979901719798,0.18,,,,,,,,,,0.0014999999999999998,0.0083,620.0,0.14
1410,case_01410_full_converter_pmsg_like_ll_bc_scr5.0_n0.002_r6.csv,/root/phd_thesis/Z_Synthetic_Family_Library_v2/waveforms/case_01410_full_converter_pmsg_like_ll_bc_scr5.0_n0.002_r6.csv,full_converter_pmsg_like,ll_bc,5.0,0.002,10000,50.0,5.98,6.04,5.998018972879247,1.0241270937179878,0.18,,,,,,,,,,0.0014999999999999998,0.0083,620.0,0.14
1411,case_01411_full_converter_pmsg_like_ll_bc_scr5.0_n0.005_r1.csv,/root/phd_thesis/Z_Synthetic_Family_Library_v2/waveforms/case_01411_full_converter_pmsg_like_ll_bc_scr5.0_n0.005_r1.csv,full_converter_pmsg_like,ll_bc,5.0,0.005,10000,50.0,5.98,6.04,5.998698248334974,1.014659525085877,0.18,,,,,,,,,,0.0014999999999999998,0.0083,620.0,0.14
1412,case_01412_full_converter_pmsg_like_ll_bc_scr5.0_n0.005_r2.csv,/root/phd_thesis/Z_Synthetic_Family_Library_v2/waveforms/case_01412_full_converter_pmsg_like_ll_bc_scr5.0_n0.005_r2.csv,full_converter_pmsg_like,ll_bc,5.0,0.005,10000,50.0,5.98,6.04,6.000133081416114,1.0742213478397762,0.18,,,,,,,,,,0.0014999999999999998,0.0083,620.0,0.14
1413,case_01413_full_converter_pmsg_like_ll_bc_scr5.0_n0.005_r3.csv,/root/phd_thesis/Z_Synthetic_Family_Library_v2/waveforms/case_01413_full_converter_pmsg_like_ll_bc_scr5.0_n0.005_r3.csv,full_converter_pmsg_like,ll_bc,5.0,0.005,10000,50.0,5.98,6.04,5.997629103498168,1.0353746775496666,0.18,,,,,,,,,,0.0014999999999999998,0.0083,620.0,0.14
1414,case_01414_full_converter_pmsg_like_ll_bc_scr5.0_n0.005_r4.csv,/root/phd_thesis/Z_Synthetic_Family_Library_v2/waveforms/case_01414_full_converter_pmsg_like_ll_bc_scr5.0_n0.005_r4.csv,full_converter_pmsg_like,ll_bc,5.0,0.005,10000,50.0,5.98,6.04,5.997943555529318,1.0008244912099098,0.18,,,,,,,,,,0.0014999999999999998,0.0083,620.0,0.14
1415,case_01415_full_converter_pmsg_like_ll_bc_scr5.0_n0.005_r5.csv,/root/phd_thesis/Z_Synthetic_Family_Library_v2/waveforms/case_01415_full_converter_pmsg_like_ll_bc_scr5.0_n0.005_r5.csv,full_converter_pmsg_like,ll_bc,5.0,0.005,10000,50.0,5.98,6.04,5.999090430563454,1.0222510682839676,0.18,,,,,,,,,,0.0014999999999999998,0.0083,620.0,0.14
1416,case_01416_full_converter_pmsg_like_ll_bc_scr5.0_n0.005_r6.csv,/root/phd_thesis/Z_Synthetic_Family_Library_v2/waveforms/case_01416_full_converter_pmsg_like_ll_bc_scr5.0_n0.005_r6.csv,full_converter_pmsg_like,ll_bc,5.0,0.005,10000,50.0,5.98,6.04,5.999205544337632,1.0288105145750919,0.18,,,,,,,,,,0.0014999999999999998,0.0083,620.0,0.14
1417,case_01417_full_converter_pmsg_like_ll_bc_scr5.0_n0.010_r1.csv,/root/phd_thesis/Z_Synthetic_Family_Library_v2/waveforms/case_01417_full_converter_pmsg_like_ll_bc_scr5.0_n0.010_r1.csv,full_converter_pmsg_like,ll_bc,5.0,0.01,10000,50.0,5.98,6.04,5.998975575747395,1.0302727778869454,0.18,,,,,,,,,,0.0014999999999999998,0.0083,620.0,0.14
1418,case_01418_full_converter_pmsg_like_ll_bc_scr5.0_n0.010_r2.csv,/root/phd_thesis/Z_Synthetic_Family_Library_v2/waveforms/case_01418_full_converter_pmsg_like_ll_bc_scr5.0_n0.010_r2.csv,full_converter_pmsg_like,ll_bc,5.0,0.01,10000,50.0,5.98,6.04,5.999945274046978,1.0546733727906867,0.18,,,,,,,,,,0.0014999999999999998,0.0083,620.0,0.14
1419,case_01419_full_converter_pmsg_like_ll_bc_scr5.0_n0.010_r3.csv,/root/phd_thesis/Z_Synthetic_Family_Library_v2/waveforms/case_01419_full_converter_pmsg_like_ll_bc_scr5.0_n0.010_r3.csv,full_converter_pmsg_like,ll_bc,5.0,0.01,10000,50.0,5.98,6.04,5.99833093037823,1.0770442234922528,0.18,,,,,,,,,,0.0014999999999999998,0.0083,620.0,0.14
1420,case_01420_full_converter_pmsg_like_ll_bc_scr5.0_n0.010_r4.csv,/root/phd_thesis/Z_Synthetic_Family_Library_v2/waveforms/case_01420_full_converter_pmsg_like_ll_bc_scr5.0_n0.010_r4.csv,full_converter_pmsg_like,ll_bc,5.0,0.01,10000,50.0,5.98,6.04,5.997718839316854,1.0382644298551258,0.18,,,,,,,,,,0.0014999999999999998,0.0083,620.0,0.14
1421,case_01421_full_converter_pmsg_like_ll_bc_scr5.0_n0.010_r5.csv,/root/phd_thesis/Z_Synthetic_Family_Library_v2/waveforms/case_01421_full_converter_pmsg_like_ll_bc_scr5.0_n0.010_r5.csv,full_converter_pmsg_like,ll_bc,5.0,0.01,10000,50.0,5.98,6.04,5.999378132670011,1.047144983734387,0.18,,,,,,,,,,0.0014999999999999998,0.0083,620.0,0.14
1422,case_01422_full_converter_pmsg_like_ll_bc_scr5.0_n0.010_r6.csv,/root/phd_thesis/Z_Synthetic_Family_Library_v2/waveforms/case_01422_full_converter_pmsg_like_ll_bc_scr5.0_n0.010_r6.csv,full_converter_pmsg_like,ll_bc,5.0,0.01,10000,50.0,5.98,6.04,5.998149598407423,1.0528628704533824,0.18,,,,,,,,,,0.0014999999999999998,0.0083,620.0,0.14
1423,case_01423_full_converter_pmsg_like_ll_bc_scr8.0_n0.002_r1.csv,/root/phd_thesis/Z_Synthetic_Family_Library_v2/waveforms/case_01423_full_converter_pmsg_like_ll_bc_scr8.0_n0.002_r1.csv,full_converter_pmsg_like,ll_bc,8.0,0.002,10000,50.0,5.98,6.04,5.997603290174657,1.0323927202346554,0.12,,,,,,,,,,0.0013874999999999998,0.007625,740.0,0.12875
1424,case_01424_full_converter_pmsg_like_ll_bc_scr8.0_n0.002_r2.csv,/root/phd_thesis/Z_Synthetic_Family_Library_v2/waveforms/case_01424_full_converter_pmsg_like_ll_bc_scr8.0_n0.002_r2.csv,full_converter_pmsg_like,ll_bc,8.0,0.002,10000,50.0,5.98,6.04,5.99856856313839,1.0073797689893405,0.12,,,,,,,,,,0.0013874999999999998,0.007625,740.0,0.12875
1425,case_01425_full_converter_pmsg_like_ll_bc_scr8.0_n0.002_r3.csv,/root/phd_thesis/Z_Synthetic_Family_Library_v2/waveforms/case_01425_full_converter_pmsg_like_ll_bc_scr8.0_n0.002_r3.csv,full_converter_pmsg_like,ll_bc,8.0,0.002,10000,50.0,5.98,6.04,6.000041320475276,1.0160057849226958,0.12,,,,,,,,,,0.0013874999999999998,0.007625,740.0,0.12875
1426,case_01426_full_converter_pmsg_like_ll_bc_scr8.0_n0.002_r4.csv,/root/phd_thesis/Z_Synthetic_Family_Library_v2/waveforms/case_01426_full_converter_pmsg_like_ll_bc_scr8.0_n0.002_r4.csv,full_converter_pmsg_like,ll_bc,8.0,0.002,10000,50.0,5.98,6.04,5.9995930534305115,1.0653306114837036,0.12,,,,,,,,,,0.0013874999999999998,0.007625,740.0,0.12875
1427,case_01427_full_converter_pmsg_like_ll_bc_scr8.0_n0.002_r5.csv,/root/phd_thesis/Z_Synthetic_Family_Library_v2/waveforms/case_01427_full_converter_pmsg_like_ll_bc_scr8.0_n0.002_r5.csv,full_converter_pmsg_like,ll_bc,8.0,0.002,10000,50.0,5.98,6.04,5.999019400647233,1.048592955786302,0.12,,,,,,,,,,0.0013874999999999998,0.007625,740.0,0.12875
1428,case_01428_full_converter_pmsg_like_ll_bc_scr8.0_n0.002_r6.csv,/root/phd_thesis/Z_Synthetic_Family_Library_v2/waveforms/case_01428_full_converter_pmsg_like_ll_bc_scr8.0_n0.002_r6.csv,full_converter_pmsg_like,ll_bc,8.0,0.002,10000,50.0,5.98,6.04,5.9999157290732,1.0471970192964506,0.12,,,,,,,,,,0.0013874999999999998,0.007625,740.0,0.12875
1429,case_01429_full_converter_pmsg_like_ll_bc_scr8.0_n0.005_r1.csv,/root/phd_thesis/Z_Synthetic_Family_Library_v2/waveforms/case_01429_full_converter_pmsg_like_ll_bc_scr8.0_n0.005_r1.csv,full_converter_pmsg_like,ll_bc,8.0,0.005,10000,50.0,5.98,6.04,5.998905749174048,1.0486658214099864,0.12,,,,,,,,,,0.0013874999999999998,0.007625,740.0,0.12875
1430,case_01430_full_converter_pmsg_like_ll_bc_scr8.0_n0.005_r2.csv,/root/phd_thesis/Z_Synthetic_Family_Library_v2/waveforms/case_01430_full_converter_pmsg_like_ll_bc_scr8.0_n0.005_r2.csv,full_converter_pmsg_like,ll_bc,8.0,0.005,10000,50.0,5.98,6.04,5.998914976404468,1.0041922359226978,0.12,,,,,,,,,,0.0013874999999999998,0.007625,740.0,0.12875
1431,case_01431_full_converter_pmsg_like_ll_bc_scr8.0_n0.005_r3.csv,/root/phd_thesis/Z_Synthetic_Family_Library_v2/waveforms/case_01431_full_converter_pmsg_like_ll_bc_scr8.0_n0.005_r3.csv,full_converter_pmsg_like,ll_bc,8.0,0.005,10000,50.0,5.98,6.04,5.997899511471161,1.0586551117358196,0.12,,,,,,,,,,0.0013874999999999998,0.007625,740.0,0.12875
1432,case_01432_full_converter_pmsg_like_ll_bc_scr8.0_n0.005_r4.csv,/root/phd_thesis/Z_Synthetic_Family_Library_v2/waveforms/case_01432_full_converter_pmsg_like_ll_bc_scr8.0_n0.005_r4.csv,full_converter_pmsg_like,ll_bc,8.0,0.005,10000,50.0,5.98,6.04,5.999725047230635,1.0750381261296096,0.12,,,,,,,,,,0.0013874999999999998,0.007625,740.0,0.12875
1433,case_01433_full_converter_pmsg_like_ll_bc_scr8.0_n0.005_r5.csv,/root/phd_thesis/Z_Synthetic_Family_Library_v2/waveforms/case_01433_full_converter_pmsg_like_ll_bc_scr8.0_n0.005_r5.csv,full_converter_pmsg_like,ll_bc,8.0,0.005,10000,50.0,5.98,6.04,5.997539343977198,1.0085233016164763,0.12,,,,,,,,,,0.0013874999999999998,0.007625,740.0,0.12875
1434,case_01434_full_converter_pmsg_like_ll_bc_scr8.0_n0.005_r6.csv,/root/phd_thesis/Z_Synthetic_Family_Library_v2/waveforms/case_01434_full_converter_pmsg_like_ll_bc_scr8.0_n0.005_r6.csv,full_converter_pmsg_like,ll_bc,8.0,0.005,10000,50.0,5.98,6.04,5.997987796962803,1.0726173040735851,0.12,,,,,,,,,,0.0013874999999999998,0.007625,740.0,0.12875
1435,case_01435_full_converter_pmsg_like_ll_bc_scr8.0_n0.010_r1.csv,/root/phd_thesis/Z_Synthetic_Family_Library_v2/waveforms/case_01435_full_converter_pmsg_like_ll_bc_scr8.0_n0.010_r1.csv,full_converter_pmsg_like,ll_bc,8.0,0.01,10000,50.0,5.98,6.04,5.999702966173838,1.006173458534506,0.12,,,,,,,,,,0.0013874999999999998,0.007625,740.0,0.12875
1436,case_01436_full_converter_pmsg_like_ll_bc_scr8.0_n0.010_r2.csv,/root/phd_thesis/Z_Synthetic_Family_Library_v2/waveforms/case_01436_full_converter_pmsg_like_ll_bc_scr8.0_n0.010_r2.csv,full_converter_pmsg_like,ll_bc,8.0,0.01,10000,50.0,5.98,6.04,5.998328658584222,1.0165063313411429,0.12,,,,,,,,,,0.0013874999999999998,0.007625,740.0,0.12875
1437,case_01437_full_converter_pmsg_like_ll_bc_scr8.0_n0.010_r3.csv,/root/phd_thesis/Z_Synthetic_Family_Library_v2/waveforms/case_01437_full_converter_pmsg_like_ll_bc_scr8.0_n0.010_r3.csv,full_converter_pmsg_like,ll_bc,8.0,0.01,10000,50.0,5.98,6.04,5.999754336945836,1.0313174242812586,0.12,,,,,,,,,,0.0013874999999999998,0.007625,740.0,0.12875
1438,case_01438_full_converter_pmsg_like_ll_bc_scr8.0_n0.010_r4.csv,/root/phd_thesis/Z_Synthetic_Family_Library_v2/waveforms/case_01438_full_converter_pmsg_like_ll_bc_scr8.0_n0.010_r4.csv,full_converter_pmsg_like,ll_bc,8.0,0.01,10000,50.0,5.98,6.04,5.998047373441372,1.0727573629183211,0.12,,,,,,,,,,0.0013874999999999998,0.007625,740.0,0.12875
1439,case_01439_full_converter_pmsg_like_ll_bc_scr8.0_n0.010_r5.csv,/root/phd_thesis/Z_Synthetic_Family_Library_v2/waveforms/case_01439_full_converter_pmsg_like_ll_bc_scr8.0_n0.010_r5.csv,full_converter_pmsg_like,ll_bc,8.0,0.01,10000,50.0,5.98,6.04,5.997872409214293,1.0389068441899239,0.12,,,,,,,,,,0.0013874999999999998,0.007625,740.0,0.12875
1440,case_01440_full_converter_pmsg_like_ll_bc_scr8.0_n0.010_r6.csv,/root/phd_thesis/Z_Synthetic_Family_Library_v2/waveforms/case_01440_full_converter_pmsg_like_ll_bc_scr8.0_n0.010_r6.csv,full_converter_pmsg_like,ll_bc,8.0,0.01,10000,50.0,5.98,6.04,5.997595608990419,1.014267416383318,0.12,,,,,,,,,,0.0013874999999999998,0.007625,740.0,0.12875
1441,case_01441_full_converter_pmsg_like_ll_ca_scr2.0_n0.002_r1.csv,/root/phd_thesis/Z_Synthetic_Family_Library_v2/waveforms/case_01441_full_converter_pmsg_like_ll_ca_scr2.0_n0.002_r1.csv,full_converter_pmsg_like,ll_ca,2.0,0.002,10000,50.0,5.98,6.04,5.998648052917371,1.0218745505873705,0.44999999999999996,,,,,,,,,,0.00195,0.011,500.0,0.185
1442,case_01442_full_converter_pmsg_like_ll_ca_scr2.0_n0.002_r2.csv,/root/phd_thesis/Z_Synthetic_Family_Library_v2/waveforms/case_01442_full_converter_pmsg_like_ll_ca_scr2.0_n0.002_r2.csv,full_converter_pmsg_like,ll_ca,2.0,0.002,10000,50.0,5.98,6.04,5.999492441338067,1.0411098331983368,0.44999999999999996,,,,,,,,,,0.00195,0.011,500.0,0.185
1443,case_01443_full_converter_pmsg_like_ll_ca_scr2.0_n0.002_r3.csv,/root/phd_thesis/Z_Synthetic_Family_Library_v2/waveforms/case_01443_full_converter_pmsg_like_ll_ca_scr2.0_n0.002_r3.csv,full_converter_pmsg_like,ll_ca,2.0,0.002,10000,50.0,5.98,6.04,5.998214418674502,1.072957303535261,0.44999999999999996,,,,,,,,,,0.00195,0.011,500.0,0.185
1444,case_01444_full_converter_pmsg_like_ll_ca_scr2.0_n0.002_r4.csv,/root/phd_thesis/Z_Synthetic_Family_Library_v2/waveforms/case_01444_full_converter_pmsg_like_ll_ca_scr2.0_n0.002_r4.csv,full_converter_pmsg_like,ll_ca,2.0,0.002,10000,50.0,5.98,6.04,6.000374642798747,1.0424680695475528,0.44999999999999996,,,,,,,,,,0.00195,0.011,500.0,0.185
1445,case_01445_full_converter_pmsg_like_ll_ca_scr2.0_n0.002_r5.csv,/root/phd_thesis/Z_Synthetic_Family_Library_v2/waveforms/case_01445_full_converter_pmsg_like_ll_ca_scr2.0_n0.002_r5.csv,full_converter_pmsg_like,ll_ca,2.0,0.002,10000,50.0,5.98,6.04,5.998829317625019,1.053301600406931,0.44999999999999996,,,,,,,,,,0.00195,0.011,500.0,0.185
1446,case_01446_full_converter_pmsg_like_ll_ca_scr2.0_n0.002_r6.csv,/root/phd_thesis/Z_Synthetic_Family_Library_v2/waveforms/case_01446_full_converter_pmsg_like_ll_ca_scr2.0_n0.002_r6.csv,full_converter_pmsg_like,ll_ca,2.0,0.002,10000,50.0,5.98,6.04,5.998767464931958,1.0049464843206697,0.44999999999999996,,,,,,,,,,0.00195,0.011,500.0,0.185
1447,case_01447_full_converter_pmsg_like_ll_ca_scr2.0_n0.005_r1.csv,/root/phd_thesis/Z_Synthetic_Family_Library_v2/waveforms/case_01447_full_converter_pmsg_like_ll_ca_scr2.0_n0.005_r1.csv,full_converter_pmsg_like,ll_ca,2.0,0.005,10000,50.0,5.98,6.04,5.997559151343968,1.0674558577317594,0.44999999999999996,,,,,,,,,,0.00195,0.011,500.0,0.185
1448,case_01448_full_converter_pmsg_like_ll_ca_scr2.0_n0.005_r2.csv,/root/phd_thesis/Z_Synthetic_Family_Library_v2/waveforms/case_01448_full_converter_pmsg_like_ll_ca_scr2.0_n0.005_r2.csv,full_converter_pmsg_like,ll_ca,2.0,0.005,10000,50.0,5.98,6.04,5.998514411601972,1.0567871036189378,0.44999999999999996,,,,,,,,,,0.00195,0.011,500.0,0.185
1449,case_01449_full_converter_pmsg_like_ll_ca_scr2.0_n0.005_r3.csv,/root/phd_thesis/Z_Synthetic_Family_Library_v2/waveforms/case_01449_full_converter_pmsg_like_ll_ca_scr2.0_n0.005_r3.csv,full_converter_pmsg_like,ll_ca,2.0,0.005,10000,50.0,5.98,6.04,5.99769698106016,1.004356614623409,0.44999999999999996,,,,,,,,,,0.00195,0.011,500.0,0.185
1450,case_01450_full_converter_pmsg_like_ll_ca_scr2.0_n0.005_r4.csv,/root/phd_thesis/Z_Synthetic_Family_Library_v2/waveforms/case_01450_full_converter_pmsg_like_ll_ca_scr2.0_n0.005_r4.csv,full_converter_pmsg_like,ll_ca,2.0,0.005,10000,50.0,5.98,6.04,5.997839151028136,1.0162726964292126,0.44999999999999996,,,,,,,,,,0.00195,0.011,500.0,0.185
1451,case_01451_full_converter_pmsg_like_ll_ca_scr2.0_n0.005_r5.csv,/root/phd_thesis/Z_Synthetic_Family_Library_v2/waveforms/case_01451_full_converter_pmsg_like_ll_ca_scr2.0_n0.005_r5.csv,full_converter_pmsg_like,ll_ca,2.0,0.005,10000,50.0,5.98,6.04,5.998182367660371,1.0697321231645636,0.44999999999999996,,,,,,,,,,0.00195,0.011,500.0,0.185
1452,case_01452_full_converter_pmsg_like_ll_ca_scr2.0_n0.005_r6.csv,/root/phd_thesis/Z_Synthetic_Family_Library_v2/waveforms/case_01452_full_converter_pmsg_like_ll_ca_scr2.0_n0.005_r6.csv,full_converter_pmsg_like,ll_ca,2.0,0.005,10000,50.0,5.98,6.04,5.999737816393911,1.0026374915532914,0.44999999999999996,,,,,,,,,,0.00195,0.011,500.0,0.185
1453,case_01453_full_converter_pmsg_like_ll_ca_scr2.0_n0.010_r1.csv,/root/phd_thesis/Z_Synthetic_Family_Library_v2/waveforms/case_01453_full_converter_pmsg_like_ll_ca_scr2.0_n0.010_r1.csv,full_converter_pmsg_like,ll_ca,2.0,0.01,10000,50.0,5.98,6.04,5.998181700651514,1.0451585453834933,0.44999999999999996,,,,,,,,,,0.00195,0.011,500.0,0.185
1454,case_01454_full_converter_pmsg_like_ll_ca_scr2.0_n0.010_r2.csv,/root/phd_thesis/Z_Synthetic_Family_Library_v2/waveforms/case_01454_full_converter_pmsg_like_ll_ca_scr2.0_n0.010_r2.csv,full_converter_pmsg_like,ll_ca,2.0,0.01,10000,50.0,5.98,6.04,5.9990584119381065,1.0265253437600728,0.44999999999999996,,,,,,,,,,0.00195,0.011,500.0,0.185
1455,case_01455_full_converter_pmsg_like_ll_ca_scr2.0_n0.010_r3.csv,/root/phd_thesis/Z_Synthetic_Family_Library_v2/waveforms/case_01455_full_converter_pmsg_like_ll_ca_scr2.0_n0.010_r3.csv,full_converter_pmsg_like,ll_ca,2.0,0.01,10000,50.0,5.98,6.04,5.998290973606502,1.078071467124423,0.44999999999999996,,,,,,,,,,0.00195,0.011,500.0,0.185
1456,case_01456_full_converter_pmsg_like_ll_ca_scr2.0_n0.010_r4.csv,/root/phd_thesis/Z_Synthetic_Family_Library_v2/waveforms/case_01456_full_converter_pmsg_like_ll_ca_scr2.0_n0.010_r4.csv,full_converter_pmsg_like,ll_ca,2.0,0.01,10000,50.0,5.98,6.04,5.998076136925736,1.071972548869169,0.44999999999999996,,,,,,,,,,0.00195,0.011,500.0,0.185
1457,case_01457_full_converter_pmsg_like_ll_ca_scr2.0_n0.010_r5.csv,/root/phd_thesis/Z_Synthetic_Family_Library_v2/waveforms/case_01457_full_converter_pmsg_like_ll_ca_scr2.0_n0.010_r5.csv,full_converter_pmsg_like,ll_ca,2.0,0.01,10000,50.0,5.98,6.04,5.9992297487791015,1.0744542861606623,0.44999999999999996,,,,,,,,,,0.00195,0.011,500.0,0.185
1458,case_01458_full_converter_pmsg_like_ll_ca_scr2.0_n0.010_r6.csv,/root/phd_thesis/Z_Synthetic_Family_Library_v2/waveforms/case_01458_full_converter_pmsg_like_ll_ca_scr2.0_n0.010_r6.csv,full_converter_pmsg_like,ll_ca,2.0,0.01,10000,50.0,5.98,6.04,5.999340535946358,1.050380185251871,0.44999999999999996,,,,,,,,,,0.00195,0.011,500.0,0.185
1459,case_01459_full_converter_pmsg_like_ll_ca_scr3.0_n0.002_r1.csv,/root/phd_thesis/Z_Synthetic_Family_Library_v2/waveforms/case_01459_full_converter_pmsg_like_ll_ca_scr3.0_n0.002_r1.csv,full_converter_pmsg_like,ll_ca,3.0,0.002,10000,50.0,5.98,6.04,5.998653370584217,1.0427406373378942,0.3,,,,,,,,,,0.0017,0.0095,540.0,0.16
1460,case_01460_full_converter_pmsg_like_ll_ca_scr3.0_n0.002_r2.csv,/root/phd_thesis/Z_Synthetic_Family_Library_v2/waveforms/case_01460_full_converter_pmsg_like_ll_ca_scr3.0_n0.002_r2.csv,full_converter_pmsg_like,ll_ca,3.0,0.002,10000,50.0,5.98,6.04,5.999168600194381,1.0788804657255258,0.3,,,,,,,,,,0.0017,0.0095,540.0,0.16
1461,case_01461_full_converter_pmsg_like_ll_ca_scr3.0_n0.002_r3.csv,/root/phd_thesis/Z_Synthetic_Family_Library_v2/waveforms/case_01461_full_converter_pmsg_like_ll_ca_scr3.0_n0.002_r3.csv,full_converter_pmsg_like,ll_ca,3.0,0.002,10000,50.0,5.98,6.04,5.997980550178839,1.0503630576207321,0.3,,,,,,,,,,0.0017,0.0095,540.0,0.16
1462,case_01462_full_converter_pmsg_like_ll_ca_scr3.0_n0.002_r4.csv,/root/phd_thesis/Z_Synthetic_Family_Library_v2/waveforms/case_01462_full_converter_pmsg_like_ll_ca_scr3.0_n0.002_r4.csv,full_converter_pmsg_like,ll_ca,3.0,0.002,10000,50.0,5.98,6.04,5.99837994002013,1.0222718212475805,0.3,,,,,,,,,,0.0017,0.0095,540.0,0.16
1463,case_01463_full_converter_pmsg_like_ll_ca_scr3.0_n0.002_r5.csv,/root/phd_thesis/Z_Synthetic_Family_Library_v2/waveforms/case_01463_full_converter_pmsg_like_ll_ca_scr3.0_n0.002_r5.csv,full_converter_pmsg_like,ll_ca,3.0,0.002,10000,50.0,5.98,6.04,5.997586713855836,1.0233508351076814,0.3,,,,,,,,,,0.0017,0.0095,540.0,0.16
1464,case_01464_full_converter_pmsg_like_ll_ca_scr3.0_n0.002_r6.csv,/root/phd_thesis/Z_Synthetic_Family_Library_v2/waveforms/case_01464_full_converter_pmsg_like_ll_ca_scr3.0_n0.002_r6.csv,full_converter_pmsg_like,ll_ca,3.0,0.002,10000,50.0,5.98,6.04,5.998058160965505,1.052617884217997,0.3,,,,,,,,,,0.0017,0.0095,540.0,0.16
1465,case_01465_full_converter_pmsg_like_ll_ca_scr3.0_n0.005_r1.csv,/root/phd_thesis/Z_Synthetic_Family_Library_v2/waveforms/case_01465_full_converter_pmsg_like_ll_ca_scr3.0_n0.005_r1.csv,full_converter_pmsg_like,ll_ca,3.0,0.005,10000,50.0,5.98,6.04,5.997595618780744,1.0156889967239526,0.3,,,,,,,,,,0.0017,0.0095,540.0,0.16
1466,case_01466_full_converter_pmsg_like_ll_ca_scr3.0_n0.005_r2.csv,/root/phd_thesis/Z_Synthetic_Family_Library_v2/waveforms/case_01466_full_converter_pmsg_like_ll_ca_scr3.0_n0.005_r2.csv,full_converter_pmsg_like,ll_ca,3.0,0.005,10000,50.0,5.98,6.04,5.999262473871479,1.0458467797152495,0.3,,,,,,,,,,0.0017,0.0095,540.0,0.16
1467,case_01467_full_converter_pmsg_like_ll_ca_scr3.0_n0.005_r3.csv,/root/phd_thesis/Z_Synthetic_Family_Library_v2/waveforms/case_01467_full_converter_pmsg_like_ll_ca_scr3.0_n0.005_r3.csv,full_converter_pmsg_like,ll_ca,3.0,0.005,10000,50.0,5.98,6.04,5.997907480050026,1.0404087960821338,0.3,,,,,,,,,,0.0017,0.0095,540.0,0.16
1468,case_01468_full_converter_pmsg_like_ll_ca_scr3.0_n0.005_r4.csv,/root/phd_thesis/Z_Synthetic_Family_Library_v2/waveforms/case_01468_full_converter_pmsg_like_ll_ca_scr3.0_n0.005_r4.csv,full_converter_pmsg_like,ll_ca,3.0,0.005,10000,50.0,5.98,6.04,5.999172965880252,1.0527754048897129,0.3,,,,,,,,,,0.0017,0.0095,540.0,0.16
1469,case_01469_full_converter_pmsg_like_ll_ca_scr3.0_n0.005_r5.csv,/root/phd_thesis/Z_Synthetic_Family_Library_v2/waveforms/case_01469_full_converter_pmsg_like_ll_ca_scr3.0_n0.005_r5.csv,full_converter_pmsg_like,ll_ca,3.0,0.005,10000,50.0,5.98,6.04,5.998109200010431,1.0187399532562498,0.3,,,,,,,,,,0.0017,0.0095,540.0,0.16
1470,case_01470_full_converter_pmsg_like_ll_ca_scr3.0_n0.005_r6.csv,/root/phd_thesis/Z_Synthetic_Family_Library_v2/waveforms/case_01470_full_converter_pmsg_like_ll_ca_scr3.0_n0.005_r6.csv,full_converter_pmsg_like,ll_ca,3.0,0.005,10000,50.0,5.98,6.04,5.99893742250123,1.0730216705848015,0.3,,,,,,,,,,0.0017,0.0095,540.0,0.16
1471,case_01471_full_converter_pmsg_like_ll_ca_scr3.0_n0.010_r1.csv,/root/phd_thesis/Z_Synthetic_Family_Library_v2/waveforms/case_01471_full_converter_pmsg_like_ll_ca_scr3.0_n0.010_r1.csv,full_converter_pmsg_like,ll_ca,3.0,0.01,10000,50.0,5.98,6.04,5.999664626256593,1.014430445384873,0.3,,,,,,,,,,0.0017,0.0095,540.0,0.16
1472,case_01472_full_converter_pmsg_like_ll_ca_scr3.0_n0.010_r2.csv,/root/phd_thesis/Z_Synthetic_Family_Library_v2/waveforms/case_01472_full_converter_pmsg_like_ll_ca_scr3.0_n0.010_r2.csv,full_converter_pmsg_like,ll_ca,3.0,0.01,10000,50.0,5.98,6.04,6.000132125885823,1.0238235801264517,0.3,,,,,,,,,,0.0017,0.0095,540.0,0.16
1473,case_01473_full_converter_pmsg_like_ll_ca_scr3.0_n0.010_r3.csv,/root/phd_thesis/Z_Synthetic_Family_Library_v2/waveforms/case_01473_full_converter_pmsg_like_ll_ca_scr3.0_n0.010_r3.csv,full_converter_pmsg_like,ll_ca,3.0,0.01,10000,50.0,5.98,6.04,5.998880183363779,1.0587564593633143,0.3,,,,,,,,,,0.0017,0.0095,540.0,0.16
1474,case_01474_full_converter_pmsg_like_ll_ca_scr3.0_n0.010_r4.csv,/root/phd_thesis/Z_Synthetic_Family_Library_v2/waveforms/case_01474_full_converter_pmsg_like_ll_ca_scr3.0_n0.010_r4.csv,full_converter_pmsg_like,ll_ca,3.0,0.01,10000,50.0,5.98,6.04,5.998870301631145,1.002328559189532,0.3,,,,,,,,,,0.0017,0.0095,540.0,0.16
1475,case_01475_full_converter_pmsg_like_ll_ca_scr3.0_n0.010_r5.csv,/root/phd_thesis/Z_Synthetic_Family_Library_v2/waveforms/case_01475_full_converter_pmsg_like_ll_ca_scr3.0_n0.010_r5.csv,full_converter_pmsg_like,ll_ca,3.0,0.01,10000,50.0,5.98,6.04,5.998699530630922,1.0129704201299146,0.3,,,,,,,,,,0.0017,0.0095,540.0,0.16
1476,case_01476_full_converter_pmsg_like_ll_ca_scr3.0_n0.010_r6.csv,/root/phd_thesis/Z_Synthetic_Family_Library_v2/waveforms/case_01476_full_converter_pmsg_like_ll_ca_scr3.0_n0.010_r6.csv,full_converter_pmsg_like,ll_ca,3.0,0.01,10000,50.0,5.98,6.04,5.999151449005463,1.0527409649075468,0.3,,,,,,,,,,0.0017,0.0095,540.0,0.16
1477,case_01477_full_converter_pmsg_like_ll_ca_scr5.0_n0.002_r1.csv,/root/phd_thesis/Z_Synthetic_Family_Library_v2/waveforms/case_01477_full_converter_pmsg_like_ll_ca_scr5.0_n0.002_r1.csv,full_converter_pmsg_like,ll_ca,5.0,0.002,10000,50.0,5.98,6.04,5.999918598378443,1.0426581768783298,0.18,,,,,,,,,,0.0014999999999999998,0.0083,620.0,0.14
1478,case_01478_full_converter_pmsg_like_ll_ca_scr5.0_n0.002_r2.csv,/root/phd_thesis/Z_Synthetic_Family_Library_v2/waveforms/case_01478_full_converter_pmsg_like_ll_ca_scr5.0_n0.002_r2.csv,full_converter_pmsg_like,ll_ca,5.0,0.002,10000,50.0,5.98,6.04,5.998101533109715,1.0244425008715201,0.18,,,,,,,,,,0.0014999999999999998,0.0083,620.0,0.14
1479,case_01479_full_converter_pmsg_like_ll_ca_scr5.0_n0.002_r3.csv,/root/phd_thesis/Z_Synthetic_Family_Library_v2/waveforms/case_01479_full_converter_pmsg_like_ll_ca_scr5.0_n0.002_r3.csv,full_converter_pmsg_like,ll_ca,5.0,0.002,10000,50.0,5.98,6.04,5.998086484337499,1.0038933935864214,0.18,,,,,,,,,,0.0014999999999999998,0.0083,620.0,0.14
1480,case_01480_full_converter_pmsg_like_ll_ca_scr5.0_n0.002_r4.csv,/root/phd_thesis/Z_Synthetic_Family_Library_v2/waveforms/case_01480_full_converter_pmsg_like_ll_ca_scr5.0_n0.002_r4.csv,full_converter_pmsg_like,ll_ca,5.0,0.002,10000,50.0,5.98,6.04,5.999816766615815,1.0166782582569016,0.18,,,,,,,,,,0.0014999999999999998,0.0083,620.0,0.14
1481,case_01481_full_converter_pmsg_like_ll_ca_scr5.0_n0.002_r5.csv,/root/phd_thesis/Z_Synthetic_Family_Library_v2/waveforms/case_01481_full_converter_pmsg_like_ll_ca_scr5.0_n0.002_r5.csv,full_converter_pmsg_like,ll_ca,5.0,0.002,10000,50.0,5.98,6.04,5.999288052867252,1.0414977042981972,0.18,,,,,,,,,,0.0014999999999999998,0.0083,620.0,0.14
1482,case_01482_full_converter_pmsg_like_ll_ca_scr5.0_n0.002_r6.csv,/root/phd_thesis/Z_Synthetic_Family_Library_v2/waveforms/case_01482_full_converter_pmsg_like_ll_ca_scr5.0_n0.002_r6.csv,full_converter_pmsg_like,ll_ca,5.0,0.002,10000,50.0,5.98,6.04,5.998097084993178,1.0149322266210894,0.18,,,,,,,,,,0.0014999999999999998,0.0083,620.0,0.14
1483,case_01483_full_converter_pmsg_like_ll_ca_scr5.0_n0.005_r1.csv,/root/phd_thesis/Z_Synthetic_Family_Library_v2/waveforms/case_01483_full_converter_pmsg_like_ll_ca_scr5.0_n0.005_r1.csv,full_converter_pmsg_like,ll_ca,5.0,0.005,10000,50.0,5.98,6.04,5.999933215804398,1.0194190358967405,0.18,,,,,,,,,,0.0014999999999999998,0.0083,620.0,0.14
1484,case_01484_full_converter_pmsg_like_ll_ca_scr5.0_n0.005_r2.csv,/root/phd_thesis/Z_Synthetic_Family_Library_v2/waveforms/case_01484_full_converter_pmsg_like_ll_ca_scr5.0_n0.005_r2.csv,full_converter_pmsg_like,ll_ca,5.0,0.005,10000,50.0,5.98,6.04,5.998274892308034,1.0436013345965915,0.18,,,,,,,,,,0.0014999999999999998,0.0083,620.0,0.14
1485,case_01485_full_converter_pmsg_like_ll_ca_scr5.0_n0.005_r3.csv,/root/phd_thesis/Z_Synthetic_Family_Library_v2/waveforms/case_01485_full_converter_pmsg_like_ll_ca_scr5.0_n0.005_r3.csv,full_converter_pmsg_like,ll_ca,5.0,0.005,10000,50.0,5.98,6.04,5.999957987023919,1.0393516929000695,0.18,,,,,,,,,,0.0014999999999999998,0.0083,620.0,0.14
1486,case_01486_full_converter_pmsg_like_ll_ca_scr5.0_n0.005_r4.csv,/root/phd_thesis/Z_Synthetic_Family_Library_v2/waveforms/case_01486_full_converter_pmsg_like_ll_ca_scr5.0_n0.005_r4.csv,full_converter_pmsg_like,ll_ca,5.0,0.005,10000,50.0,5.98,6.04,5.9982283157461325,1.0576246504981912,0.18,,,,,,,,,,0.0014999999999999998,0.0083,620.0,0.14
1487,case_01487_full_converter_pmsg_like_ll_ca_scr5.0_n0.005_r5.csv,/root/phd_thesis/Z_Synthetic_Family_Library_v2/waveforms/case_01487_full_converter_pmsg_like_ll_ca_scr5.0_n0.005_r5.csv,full_converter_pmsg_like,ll_ca,5.0,0.005,10000,50.0,5.98,6.04,5.9998617833451835,1.0376508980982153,0.18,,,,,,,,,,0.0014999999999999998,0.0083,620.0,0.14
1488,case_01488_full_converter_pmsg_like_ll_ca_scr5.0_n0.005_r6.csv,/root/phd_thesis/Z_Synthetic_Family_Library_v2/waveforms/case_01488_full_converter_pmsg_like_ll_ca_scr5.0_n0.005_r6.csv,full_converter_pmsg_like,ll_ca,5.0,0.005,10000,50.0,5.98,6.04,5.998552736288819,1.0385256904828304,0.18,,,,,,,,,,0.0014999999999999998,0.0083,620.0,0.14
1489,case_01489_full_converter_pmsg_like_ll_ca_scr5.0_n0.010_r1.csv,/root/phd_thesis/Z_Synthetic_Family_Library_v2/waveforms/case_01489_full_converter_pmsg_like_ll_ca_scr5.0_n0.010_r1.csv,full_converter_pmsg_like,ll_ca,5.0,0.01,10000,50.0,5.98,6.04,5.998763002367506,1.0621209362032964,0.18,,,,,,,,,,0.0014999999999999998,0.0083,620.0,0.14
1490,case_01490_full_converter_pmsg_like_ll_ca_scr5.0_n0.010_r2.csv,/root/phd_thesis/Z_Synthetic_Family_Library_v2/waveforms/case_01490_full_converter_pmsg_like_ll_ca_scr5.0_n0.010_r2.csv,full_converter_pmsg_like,ll_ca,5.0,0.01,10000,50.0,5.98,6.04,5.998316992443761,1.0299627370907978,0.18,,,,,,,,,,0.0014999999999999998,0.0083,620.0,0.14
1491,case_01491_full_converter_pmsg_like_ll_ca_scr5.0_n0.010_r3.csv,/root/phd_thesis/Z_Synthetic_Family_Library_v2/waveforms/case_01491_full_converter_pmsg_like_ll_ca_scr5.0_n0.010_r3.csv,full_converter_pmsg_like,ll_ca,5.0,0.01,10000,50.0,5.98,6.04,5.9977813426225985,1.0102001514640007,0.18,,,,,,,,,,0.0014999999999999998,0.0083,620.0,0.14
1492,case_01492_full_converter_pmsg_like_ll_ca_scr5.0_n0.010_r4.csv,/root/phd_thesis/Z_Synthetic_Family_Library_v2/waveforms/case_01492_full_converter_pmsg_like_ll_ca_scr5.0_n0.010_r4.csv,full_converter_pmsg_like,ll_ca,5.0,0.01,10000,50.0,5.98,6.04,5.997587163201876,1.013693145192455,0.18,,,,,,,,,,0.0014999999999999998,0.0083,620.0,0.14
1493,case_01493_full_converter_pmsg_like_ll_ca_scr5.0_n0.010_r5.csv,/root/phd_thesis/Z_Synthetic_Family_Library_v2/waveforms/case_01493_full_converter_pmsg_like_ll_ca_scr5.0_n0.010_r5.csv,full_converter_pmsg_like,ll_ca,5.0,0.01,10000,50.0,5.98,6.04,5.999750891874167,1.0269209175141178,0.18,,,,,,,,,,0.0014999999999999998,0.0083,620.0,0.14
1494,case_01494_full_converter_pmsg_like_ll_ca_scr5.0_n0.010_r6.csv,/root/phd_thesis/Z_Synthetic_Family_Library_v2/waveforms/case_01494_full_converter_pmsg_like_ll_ca_scr5.0_n0.010_r6.csv,full_converter_pmsg_like,ll_ca,5.0,0.01,10000,50.0,5.98,6.04,5.997718696527517,1.0439456834291125,0.18,,,,,,,,,,0.0014999999999999998,0.0083,620.0,0.14
1495,case_01495_full_converter_pmsg_like_ll_ca_scr8.0_n0.002_r1.csv,/root/phd_thesis/Z_Synthetic_Family_Library_v2/waveforms/case_01495_full_converter_pmsg_like_ll_ca_scr8.0_n0.002_r1.csv,full_converter_pmsg_like,ll_ca,8.0,0.002,10000,50.0,5.98,6.04,5.999339563641962,1.0144976865002824,0.12,,,,,,,,,,0.0013874999999999998,0.007625,740.0,0.12875
1496,case_01496_full_converter_pmsg_like_ll_ca_scr8.0_n0.002_r2.csv,/root/phd_thesis/Z_Synthetic_Family_Library_v2/waveforms/case_01496_full_converter_pmsg_like_ll_ca_scr8.0_n0.002_r2.csv,full_converter_pmsg_like,ll_ca,8.0,0.002,10000,50.0,5.98,6.04,5.999151918021367,1.0595360965033824,0.12,,,,,,,,,,0.0013874999999999998,0.007625,740.0,0.12875
1497,case_01497_full_converter_pmsg_like_ll_ca_scr8.0_n0.002_r3.csv,/root/phd_thesis/Z_Synthetic_Family_Library_v2/waveforms/case_01497_full_converter_pmsg_like_ll_ca_scr8.0_n0.002_r3.csv,full_converter_pmsg_like,ll_ca,8.0,0.002,10000,50.0,5.98,6.04,5.998731979188807,1.0234098462952288,0.12,,,,,,,,,,0.0013874999999999998,0.007625,740.0,0.12875
1498,case_01498_full_converter_pmsg_like_ll_ca_scr8.0_n0.002_r4.csv,/root/phd_thesis/Z_Synthetic_Family_Library_v2/waveforms/case_01498_full_converter_pmsg_like_ll_ca_scr8.0_n0.002_r4.csv,full_converter_pmsg_like,ll_ca,8.0,0.002,10000,50.0,5.98,6.04,5.998635259814417,1.0553727572788962,0.12,,,,,,,,,,0.0013874999999999998,0.007625,740.0,0.12875
1499,case_01499_full_converter_pmsg_like_ll_ca_scr8.0_n0.002_r5.csv,/root/phd_thesis/Z_Synthetic_Family_Library_v2/waveforms/case_01499_full_converter_pmsg_like_ll_ca_scr8.0_n0.002_r5.csv,full_converter_pmsg_like,ll_ca,8.0,0.002,10000,50.0,5.98,6.04,5.998449383159828,1.0305681200601824,0.12,,,,,,,,,,0.0013874999999999998,0.007625,740.0,0.12875
1500,case_01500_full_converter_pmsg_like_ll_ca_scr8.0_n0.002_r6.csv,/root/phd_thesis/Z_Synthetic_Family_Library_v2/waveforms/case_01500_full_converter_pmsg_like_ll_ca_scr8.0_n0.002_r6.csv,full_converter_pmsg_like,ll_ca,8.0,0.002,10000,50.0,5.98,6.04,5.99986164790118,1.0366415525839234,0.12,,,,,,,,,,0.0013874999999999998,0.007625,740.0,0.12875
1501,case_01501_full_converter_pmsg_like_ll_ca_scr8.0_n0.005_r1.csv,/root/phd_thesis/Z_Synthetic_Family_Library_v2/waveforms/case_01501_full_converter_pmsg_like_ll_ca_scr8.0_n0.005_r1.csv,full_converter_pmsg_like,ll_ca,8.0,0.005,10000,50.0,5.98,6.04,5.99907721023187,1.0480711132397713,0.12,,,,,,,,,,0.0013874999999999998,0.007625,740.0,0.12875
1502,case_01502_full_converter_pmsg_like_ll_ca_scr8.0_n0.005_r2.csv,/root/phd_thesis/Z_Synthetic_Family_Library_v2/waveforms/case_01502_full_converter_pmsg_like_ll_ca_scr8.0_n0.005_r2.csv,full_converter_pmsg_like,ll_ca,8.0,0.005,10000,50.0,5.98,6.04,5.999494135163014,1.0706750188151521,0.12,,,,,,,,,,0.0013874999999999998,0.007625,740.0,0.12875
1503,case_01503_full_converter_pmsg_like_ll_ca_scr8.0_n0.005_r3.csv,/root/phd_thesis/Z_Synthetic_Family_Library_v2/waveforms/case_01503_full_converter_pmsg_like_ll_ca_scr8.0_n0.005_r3.csv,full_converter_pmsg_like,ll_ca,8.0,0.005,10000,50.0,5.98,6.04,5.997691286953738,1.000239142141418,0.12,,,,,,,,,,0.0013874999999999998,0.007625,740.0,0.12875
1504,case_01504_full_converter_pmsg_like_ll_ca_scr8.0_n0.005_r4.csv,/root/phd_thesis/Z_Synthetic_Family_Library_v2/waveforms/case_01504_full_converter_pmsg_like_ll_ca_scr8.0_n0.005_r4.csv,full_converter_pmsg_like,ll_ca,8.0,0.005,10000,50.0,5.98,6.04,6.00011918038933,1.0217491391800393,0.12,,,,,,,,,,0.0013874999999999998,0.007625,740.0,0.12875
1505,case_01505_full_converter_pmsg_like_ll_ca_scr8.0_n0.005_r5.csv,/root/phd_thesis/Z_Synthetic_Family_Library_v2/waveforms/case_01505_full_converter_pmsg_like_ll_ca_scr8.0_n0.005_r5.csv,full_converter_pmsg_like,ll_ca,8.0,0.005,10000,50.0,5.98,6.04,5.99877274835828,1.0625966925856147,0.12,,,,,,,,,,0.0013874999999999998,0.007625,740.0,0.12875
1506,case_01506_full_converter_pmsg_like_ll_ca_scr8.0_n0.005_r6.csv,/root/phd_thesis/Z_Synthetic_Family_Library_v2/waveforms/case_01506_full_converter_pmsg_like_ll_ca_scr8.0_n0.005_r6.csv,full_converter_pmsg_like,ll_ca,8.0,0.005,10000,50.0,5.98,6.04,5.998771190248775,1.072735813061769,0.12,,,,,,,,,,0.0013874999999999998,0.007625,740.0,0.12875
1507,case_01507_full_converter_pmsg_like_ll_ca_scr8.0_n0.010_r1.csv,/root/phd_thesis/Z_Synthetic_Family_Library_v2/waveforms/case_01507_full_converter_pmsg_like_ll_ca_scr8.0_n0.010_r1.csv,full_converter_pmsg_like,ll_ca,8.0,0.01,10000,50.0,5.98,6.04,5.999280227494428,1.0440009098644103,0.12,,,,,,,,,,0.0013874999999999998,0.007625,740.0,0.12875
1508,case_01508_full_converter_pmsg_like_ll_ca_scr8.0_n0.010_r2.csv,/root/phd_thesis/Z_Synthetic_Family_Library_v2/waveforms/case_01508_full_converter_pmsg_like_ll_ca_scr8.0_n0.010_r2.csv,full_converter_pmsg_like,ll_ca,8.0,0.01,10000,50.0,5.98,6.04,6.000347558626235,1.0339904933836448,0.12,,,,,,,,,,0.0013874999999999998,0.007625,740.0,0.12875
1509,case_01509_full_converter_pmsg_like_ll_ca_scr8.0_n0.010_r3.csv,/root/phd_thesis/Z_Synthetic_Family_Library_v2/waveforms/case_01509_full_converter_pmsg_like_ll_ca_scr8.0_n0.010_r3.csv,full_converter_pmsg_like,ll_ca,8.0,0.01,10000,50.0,5.98,6.04,5.997839357084665,1.056971261102033,0.12,,,,,,,,,,0.0013874999999999998,0.007625,740.0,0.12875
1510,case_01510_full_converter_pmsg_like_ll_ca_scr8.0_n0.010_r4.csv,/root/phd_thesis/Z_Synthetic_Family_Library_v2/waveforms/case_01510_full_converter_pmsg_like_ll_ca_scr8.0_n0.010_r4.csv,full_converter_pmsg_like,ll_ca,8.0,0.01,10000,50.0,5.98,6.04,5.998361388209909,1.0642376504874702,0.12,,,,,,,,,,0.0013874999999999998,0.007625,740.0,0.12875
1511,case_01511_full_converter_pmsg_like_ll_ca_scr8.0_n0.010_r5.csv,/root/phd_thesis/Z_Synthetic_Family_Library_v2/waveforms/case_01511_full_converter_pmsg_like_ll_ca_scr8.0_n0.010_r5.csv,full_converter_pmsg_like,ll_ca,8.0,0.01,10000,50.0,5.98,6.04,6.000195410141087,1.0632730316347556,0.12,,,,,,,,,,0.0013874999999999998,0.007625,740.0,0.12875
1512,case_01512_full_converter_pmsg_like_ll_ca_scr8.0_n0.010_r6.csv,/root/phd_thesis/Z_Synthetic_Family_Library_v2/waveforms/case_01512_full_converter_pmsg_like_ll_ca_scr8.0_n0.010_r6.csv,full_converter_pmsg_like,ll_ca,8.0,0.01,10000,50.0,5.98,6.04,5.999998806160224,1.0701628747279315,0.12,,,,,,,,,,0.0013874999999999998,0.007625,740.0,0.12875
1513,case_01513_grid_following_inverter_like_3ph_scr2.0_n0.002_r1.csv,/root/phd_thesis/Z_Synthetic_Family_Library_v2/waveforms/case_01513_grid_following_inverter_like_3ph_scr2.0_n0.002_r1.csv,grid_following_inverter_like,3ph,2.0,0.002,10000,50.0,5.98,6.04,5.99986191630956,1.0432409268560185,0.675,,,,,,,,,,0.00125,0.00575,,0.14
1514,case_01514_grid_following_inverter_like_3ph_scr2.0_n0.002_r2.csv,/root/phd_thesis/Z_Synthetic_Family_Library_v2/waveforms/case_01514_grid_following_inverter_like_3ph_scr2.0_n0.002_r2.csv,grid_following_inverter_like,3ph,2.0,0.002,10000,50.0,5.98,6.04,5.998842369523417,1.0702716192282014,0.675,,,,,,,,,,0.00125,0.00575,,0.14
1515,case_01515_grid_following_inverter_like_3ph_scr2.0_n0.002_r3.csv,/root/phd_thesis/Z_Synthetic_Family_Library_v2/waveforms/case_01515_grid_following_inverter_like_3ph_scr2.0_n0.002_r3.csv,grid_following_inverter_like,3ph,2.0,0.002,10000,50.0,5.98,6.04,5.997662884572807,1.0749145568450378,0.675,,,,,,,,,,0.00125,0.00575,,0.14
1516,case_01516_grid_following_inverter_like_3ph_scr2.0_n0.002_r4.csv,/root/phd_thesis/Z_Synthetic_Family_Library_v2/waveforms/case_01516_grid_following_inverter_like_3ph_scr2.0_n0.002_r4.csv,grid_following_inverter_like,3ph,2.0,0.002,10000,50.0,5.98,6.04,6.000322584270382,1.0592509469061266,0.675,,,,,,,,,,0.00125,0.00575,,0.14
1517,case_01517_grid_following_inverter_like_3ph_scr2.0_n0.002_r5.csv,/root/phd_thesis/Z_Synthetic_Family_Library_v2/waveforms/case_01517_grid_following_inverter_like_3ph_scr2.0_n0.002_r5.csv,grid_following_inverter_like,3ph,2.0,0.002,10000,50.0,5.98,6.04,6.000230934543737,1.0184519876025822,0.675,,,,,,,,,,0.00125,0.00575,,0.14
1518,case_01518_grid_following_inverter_like_3ph_scr2.0_n0.002_r6.csv,/root/phd_thesis/Z_Synthetic_Family_Library_v2/waveforms/case_01518_grid_following_inverter_like_3ph_scr2.0_n0.002_r6.csv,grid_following_inverter_like,3ph,2.0,0.002,10000,50.0,5.98,6.04,5.999702025501706,1.0141770091376539,0.675,,,,,,,,,,0.00125,0.00575,,0.14
1519,case_01519_grid_following_inverter_like_3ph_scr2.0_n0.005_r1.csv,/root/phd_thesis/Z_Synthetic_Family_Library_v2/waveforms/case_01519_grid_following_inverter_like_3ph_scr2.0_n0.005_r1.csv,grid_following_inverter_like,3ph,2.0,0.005,10000,50.0,5.98,6.04,5.998212770194553,1.0676848992991208,0.675,,,,,,,,,,0.00125,0.00575,,0.14
1520,case_01520_grid_following_inverter_like_3ph_scr2.0_n0.005_r2.csv,/root/phd_thesis/Z_Synthetic_Family_Library_v2/waveforms/case_01520_grid_following_inverter_like_3ph_scr2.0_n0.005_r2.csv,grid_following_inverter_like,3ph,2.0,0.005,10000,50.0,5.98,6.04,5.99769848268784,1.0335373021007954,0.675,,,,,,,,,,0.00125,0.00575,,0.14
1521,case_01521_grid_following_inverter_like_3ph_scr2.0_n0.005_r3.csv,/root/phd_thesis/Z_Synthetic_Family_Library_v2/waveforms/case_01521_grid_following_inverter_like_3ph_scr2.0_n0.005_r3.csv,grid_following_inverter_like,3ph,2.0,0.005,10000,50.0,5.98,6.04,5.999191231841595,1.0007151542247839,0.675,,,,,,,,,,0.00125,0.00575,,0.14
1522,case_01522_grid_following_inverter_like_3ph_scr2.0_n0.005_r4.csv,/root/phd_thesis/Z_Synthetic_Family_Library_v2/waveforms/case_01522_grid_following_inverter_like_3ph_scr2.0_n0.005_r4.csv,grid_following_inverter_like,3ph,2.0,0.005,10000,50.0,5.98,6.04,5.998562227097323,1.066555211162596,0.675,,,,,,,,,,0.00125,0.00575,,0.14
1523,case_01523_grid_following_inverter_like_3ph_scr2.0_n0.005_r5.csv,/root/phd_thesis/Z_Synthetic_Family_Library_v2/waveforms/case_01523_grid_following_inverter_like_3ph_scr2.0_n0.005_r5.csv,grid_following_inverter_like,3ph,2.0,0.005,10000,50.0,5.98,6.04,5.997774949666934,1.0077567058301171,0.675,,,,,,,,,,0.00125,0.00575,,0.14
1524,case_01524_grid_following_inverter_like_3ph_scr2.0_n0.005_r6.csv,/root/phd_thesis/Z_Synthetic_Family_Library_v2/waveforms/case_01524_grid_following_inverter_like_3ph_scr2.0_n0.005_r6.csv,grid_following_inverter_like,3ph,2.0,0.005,10000,50.0,5.98,6.04,6.0001397535228005,1.0312114707225468,0.675,,,,,,,,,,0.00125,0.00575,,0.14
1525,case_01525_grid_following_inverter_like_3ph_scr2.0_n0.010_r1.csv,/root/phd_thesis/Z_Synthetic_Family_Library_v2/waveforms/case_01525_grid_following_inverter_like_3ph_scr2.0_n0.010_r1.csv,grid_following_inverter_like,3ph,2.0,0.01,10000,50.0,5.98,6.04,6.00008029457623,1.0706647386113366,0.675,,,,,,,,,,0.00125,0.00575,,0.14
1526,case_01526_grid_following_inverter_like_3ph_scr2.0_n0.010_r2.csv,/root/phd_thesis/Z_Synthetic_Family_Library_v2/waveforms/case_01526_grid_following_inverter_like_3ph_scr2.0_n0.010_r2.csv,grid_following_inverter_like,3ph,2.0,0.01,10000,50.0,5.98,6.04,5.9976889194467695,1.0460460662269284,0.675,,,,,,,,,,0.00125,0.00575,,0.14
1527,case_01527_grid_following_inverter_like_3ph_scr2.0_n0.010_r3.csv,/root/phd_thesis/Z_Synthetic_Family_Library_v2/waveforms/case_01527_grid_following_inverter_like_3ph_scr2.0_n0.010_r3.csv,grid_following_inverter_like,3ph,2.0,0.01,10000,50.0,5.98,6.04,5.999715876329359,1.0568452712542773,0.675,,,,,,,,,,0.00125,0.00575,,0.14
1528,case_01528_grid_following_inverter_like_3ph_scr2.0_n0.010_r4.csv,/root/phd_thesis/Z_Synthetic_Family_Library_v2/waveforms/case_01528_grid_following_inverter_like_3ph_scr2.0_n0.010_r4.csv,grid_following_inverter_like,3ph,2.0,0.01,10000,50.0,5.98,6.04,5.9996548502019404,1.0746007809344111,0.675,,,,,,,,,,0.00125,0.00575,,0.14
1529,case_01529_grid_following_inverter_like_3ph_scr2.0_n0.010_r5.csv,/root/phd_thesis/Z_Synthetic_Family_Library_v2/waveforms/case_01529_grid_following_inverter_like_3ph_scr2.0_n0.010_r5.csv,grid_following_inverter_like,3ph,2.0,0.01,10000,50.0,5.98,6.04,5.998439276617519,1.039115248343372,0.675,,,,,,,,,,0.00125,0.00575,,0.14
1530,case_01530_grid_following_inverter_like_3ph_scr2.0_n0.010_r6.csv,/root/phd_thesis/Z_Synthetic_Family_Library_v2/waveforms/case_01530_grid_following_inverter_like_3ph_scr2.0_n0.010_r6.csv,grid_following_inverter_like,3ph,2.0,0.01,10000,50.0,5.98,6.04,5.999874612877135,1.0740538515836995,0.675,,,,,,,,,,0.00125,0.00575,,0.14
1531,case_01531_grid_following_inverter_like_3ph_scr3.0_n0.002_r1.csv,/root/phd_thesis/Z_Synthetic_Family_Library_v2/waveforms/case_01531_grid_following_inverter_like_3ph_scr3.0_n0.002_r1.csv,grid_following_inverter_like,3ph,3.0,0.002,10000,50.0,5.98,6.04,5.998043579945228,1.0259655144248159,0.45,,,,,,,,,,0.0011,0.005,,0.12
1532,case_01532_grid_following_inverter_like_3ph_scr3.0_n0.002_r2.csv,/root/phd_thesis/Z_Synthetic_Family_Library_v2/waveforms/case_01532_grid_following_inverter_like_3ph_scr3.0_n0.002_r2.csv,grid_following_inverter_like,3ph,3.0,0.002,10000,50.0,5.98,6.04,5.997951915411351,1.0146428709014903,0.45,,,,,,,,,,0.0011,0.005,,0.12
1533,case_01533_grid_following_inverter_like_3ph_scr3.0_n0.002_r3.csv,/root/phd_thesis/Z_Synthetic_Family_Library_v2/waveforms/case_01533_grid_following_inverter_like_3ph_scr3.0_n0.002_r3.csv,grid_following_inverter_like,3ph,3.0,0.002,10000,50.0,5.98,6.04,6.000373211306453,1.0091789207229542,0.45,,,,,,,,,,0.0011,0.005,,0.12
1534,case_01534_grid_following_inverter_like_3ph_scr3.0_n0.002_r4.csv,/root/phd_thesis/Z_Synthetic_Family_Library_v2/waveforms/case_01534_grid_following_inverter_like_3ph_scr3.0_n0.002_r4.csv,grid_following_inverter_like,3ph,3.0,0.002,10000,50.0,5.98,6.04,5.998057123039501,1.0099335473630118,0.45,,,,,,,,,,0.0011,0.005,,0.12
1535,case_01535_grid_following_inverter_like_3ph_scr3.0_n0.002_r5.csv,/root/phd_thesis/Z_Synthetic_Family_Library_v2/waveforms/case_01535_grid_following_inverter_like_3ph_scr3.0_n0.002_r5.csv,grid_following_inverter_like,3ph,3.0,0.002,10000,50.0,5.98,6.04,5.999667378848347,1.00741302664258,0.45,,,,,,,,,,0.0011,0.005,,0.12
1536,case_01536_grid_following_inverter_like_3ph_scr3.0_n0.002_r6.csv,/root/phd_thesis/Z_Synthetic_Family_Library_v2/waveforms/case_01536_grid_following_inverter_like_3ph_scr3.0_n0.002_r6.csv,grid_following_inverter_like,3ph,3.0,0.002,10000,50.0,5.98,6.04,5.9999617887779655,1.057138853408979,0.45,,,,,,,,,,0.0011,0.005,,0.12
1537,case_01537_grid_following_inverter_like_3ph_scr3.0_n0.005_r1.csv,/root/phd_thesis/Z_Synthetic_Family_Library_v2/waveforms/case_01537_grid_following_inverter_like_3ph_scr3.0_n0.005_r1.csv,grid_following_inverter_like,3ph,3.0,0.005,10000,50.0,5.98,6.04,5.999297411799188,1.0090750409600353,0.45,,,,,,,,,,0.0011,0.005,,0.12
1538,case_01538_grid_following_inverter_like_3ph_scr3.0_n0.005_r2.csv,/root/phd_thesis/Z_Synthetic_Family_Library_v2/waveforms/case_01538_grid_following_inverter_like_3ph_scr3.0_n0.005_r2.csv,grid_following_inverter_like,3ph,3.0,0.005,10000,50.0,5.98,6.04,5.999926369327091,1.0125538544225732,0.45,,,,,,,,,,0.0011,0.005,,0.12
1539,case_01539_grid_following_inverter_like_3ph_scr3.0_n0.005_r3.csv,/root/phd_thesis/Z_Synthetic_Family_Library_v2/waveforms/case_01539_grid_following_inverter_like_3ph_scr3.0_n0.005_r3.csv,grid_following_inverter_like,3ph,3.0,0.005,10000,50.0,5.98,6.04,5.999464068578913,1.018905932963107,0.45,,,,,,,,,,0.0011,0.005,,0.12
1540,case_01540_grid_following_inverter_like_3ph_scr3.0_n0.005_r4.csv,/root/phd_thesis/Z_Synthetic_Family_Library_v2/waveforms/case_01540_grid_following_inverter_like_3ph_scr3.0_n0.005_r4.csv,grid_following_inverter_like,3ph,3.0,0.005,10000,50.0,5.98,6.04,5.997709282812476,1.0212257819303265,0.45,,,,,,,,,,0.0011,0.005,,0.12
1541,case_01541_grid_following_inverter_like_3ph_scr3.0_n0.005_r5.csv,/root/phd_thesis/Z_Synthetic_Family_Library_v2/waveforms/case_01541_grid_following_inverter_like_3ph_scr3.0_n0.005_r5.csv,grid_following_inverter_like,3ph,3.0,0.005,10000,50.0,5.98,6.04,5.997602606832549,1.07537191872763,0.45,,,,,,,,,,0.0011,0.005,,0.12
1542,case_01542_grid_following_inverter_like_3ph_scr3.0_n0.005_r6.csv,/root/phd_thesis/Z_Synthetic_Family_Library_v2/waveforms/case_01542_grid_following_inverter_like_3ph_scr3.0_n0.005_r6.csv,grid_following_inverter_like,3ph,3.0,0.005,10000,50.0,5.98,6.04,5.9975179830459835,1.0009599005800818,0.45,,,,,,,,,,0.0011,0.005,,0.12
1543,case_01543_grid_following_inverter_like_3ph_scr3.0_n0.010_r1.csv,/root/phd_thesis/Z_Synthetic_Family_Library_v2/waveforms/case_01543_grid_following_inverter_like_3ph_scr3.0_n0.010_r1.csv,grid_following_inverter_like,3ph,3.0,0.01,10000,50.0,5.98,6.04,5.9995826671657,1.0540590447230307,0.45,,,,,,,,,,0.0011,0.005,,0.12
1544,case_01544_grid_following_inverter_like_3ph_scr3.0_n0.010_r2.csv,/root/phd_thesis/Z_Synthetic_Family_Library_v2/waveforms/case_01544_grid_following_inverter_like_3ph_scr3.0_n0.010_r2.csv,grid_following_inverter_like,3ph,3.0,0.01,10000,50.0,5.98,6.04,5.999860230132782,1.0659416255659928,0.45,,,,,,,,,,0.0011,0.005,,0.12
1545,case_01545_grid_following_inverter_like_3ph_scr3.0_n0.010_r3.csv,/root/phd_thesis/Z_Synthetic_Family_Library_v2/waveforms/case_01545_grid_following_inverter_like_3ph_scr3.0_n0.010_r3.csv,grid_following_inverter_like,3ph,3.0,0.01,10000,50.0,5.98,6.04,5.997857324800437,1.0698791387936166,0.45,,,,,,,,,,0.0011,0.005,,0.12
1546,case_01546_grid_following_inverter_like_3ph_scr3.0_n0.010_r4.csv,/root/phd_thesis/Z_Synthetic_Family_Library_v2/waveforms/case_01546_grid_following_inverter_like_3ph_scr3.0_n0.010_r4.csv,grid_following_inverter_like,3ph,3.0,0.01,10000,50.0,5.98,6.04,5.998368988427016,1.0451057715590757,0.45,,,,,,,,,,0.0011,0.005,,0.12
1547,case_01547_grid_following_inverter_like_3ph_scr3.0_n0.010_r5.csv,/root/phd_thesis/Z_Synthetic_Family_Library_v2/waveforms/case_01547_grid_following_inverter_like_3ph_scr3.0_n0.010_r5.csv,grid_following_inverter_like,3ph,3.0,0.01,10000,50.0,5.98,6.04,5.9993715615666225,1.0072967842977778,0.45,,,,,,,,,,0.0011,0.005,,0.12
1548,case_01548_grid_following_inverter_like_3ph_scr3.0_n0.010_r6.csv,/root/phd_thesis/Z_Synthetic_Family_Library_v2/waveforms/case_01548_grid_following_inverter_like_3ph_scr3.0_n0.010_r6.csv,grid_following_inverter_like,3ph,3.0,0.01,10000,50.0,5.98,6.04,6.000035246884921,1.0009572553552948,0.45,,,,,,,,,,0.0011,0.005,,0.12
1549,case_01549_grid_following_inverter_like_3ph_scr5.0_n0.002_r1.csv,/root/phd_thesis/Z_Synthetic_Family_Library_v2/waveforms/case_01549_grid_following_inverter_like_3ph_scr5.0_n0.002_r1.csv,grid_following_inverter_like,3ph,5.0,0.002,10000,50.0,5.98,6.04,5.997774162768465,1.045113051304232,0.27,,,,,,,,,,0.00098,0.0044,,0.10400000000000001
1550,case_01550_grid_following_inverter_like_3ph_scr5.0_n0.002_r2.csv,/root/phd_thesis/Z_Synthetic_Family_Library_v2/waveforms/case_01550_grid_following_inverter_like_3ph_scr5.0_n0.002_r2.csv,grid_following_inverter_like,3ph,5.0,0.002,10000,50.0,5.98,6.04,5.999497668225006,1.0441892160231578,0.27,,,,,,,,,,0.00098,0.0044,,0.10400000000000001
1551,case_01551_grid_following_inverter_like_3ph_scr5.0_n0.002_r3.csv,/root/phd_thesis/Z_Synthetic_Family_Library_v2/waveforms/case_01551_grid_following_inverter_like_3ph_scr5.0_n0.002_r3.csv,grid_following_inverter_like,3ph,5.0,0.002,10000,50.0,5.98,6.04,5.999758944721434,1.0307230707850439,0.27,,,,,,,,,,0.00098,0.0044,,0.10400000000000001
1552,case_01552_grid_following_inverter_like_3ph_scr5.0_n0.002_r4.csv,/root/phd_thesis/Z_Synthetic_Family_Library_v2/waveforms/case_01552_grid_following_inverter_like_3ph_scr5.0_n0.002_r4.csv,grid_following_inverter_like,3ph,5.0,0.002,10000,50.0,5.98,6.04,6.000480520175343,1.0697497754384655,0.27,,,,,,,,,,0.00098,0.0044,,0.10400000000000001
1553,case_01553_grid_following_inverter_like_3ph_scr5.0_n0.002_r5.csv,/root/phd_thesis/Z_Synthetic_Family_Library_v2/waveforms/case_01553_grid_following_inverter_like_3ph_scr5.0_n0.002_r5.csv,grid_following_inverter_like,3ph,5.0,0.002,10000,50.0,5.98,6.04,5.9978907056852755,1.0575126816682534,0.27,,,,,,,,,,0.00098,0.0044,,0.10400000000000001
1554,case_01554_grid_following_inverter_like_3ph_scr5.0_n0.002_r6.csv,/root/phd_thesis/Z_Synthetic_Family_Library_v2/waveforms/case_01554_grid_following_inverter_like_3ph_scr5.0_n0.002_r6.csv,grid_following_inverter_like,3ph,5.0,0.002,10000,50.0,5.98,6.04,5.99894777417235,1.0292295416133972,0.27,,,,,,,,,,0.00098,0.0044,,0.10400000000000001
1555,case_01555_grid_following_inverter_like_3ph_scr5.0_n0.005_r1.csv,/root/phd_thesis/Z_Synthetic_Family_Library_v2/waveforms/case_01555_grid_following_inverter_like_3ph_scr5.0_n0.005_r1.csv,grid_following_inverter_like,3ph,5.0,0.005,10000,50.0,5.98,6.04,6.000144605691453,1.0283436676052018,0.27,,,,,,,,,,0.00098,0.0044,,0.10400000000000001
1556,case_01556_grid_following_inverter_like_3ph_scr5.0_n0.005_r2.csv,/root/phd_thesis/Z_Synthetic_Family_Library_v2/waveforms/case_01556_grid_following_inverter_like_3ph_scr5.0_n0.005_r2.csv,grid_following_inverter_like,3ph,5.0,0.005,10000,50.0,5.98,6.04,5.9993584389746335,1.0249957619096566,0.27,,,,,,,,,,0.00098,0.0044,,0.10400000000000001
1557,case_01557_grid_following_inverter_like_3ph_scr5.0_n0.005_r3.csv,/root/phd_thesis/Z_Synthetic_Family_Library_v2/waveforms/case_01557_grid_following_inverter_like_3ph_scr5.0_n0.005_r3.csv,grid_following_inverter_like,3ph,5.0,0.005,10000,50.0,5.98,6.04,5.998531777447004,1.068059206304829,0.27,,,,,,,,,,0.00098,0.0044,,0.10400000000000001
1558,case_01558_grid_following_inverter_like_3ph_scr5.0_n0.005_r4.csv,/root/phd_thesis/Z_Synthetic_Family_Library_v2/waveforms/case_01558_grid_following_inverter_like_3ph_scr5.0_n0.005_r4.csv,grid_following_inverter_like,3ph,5.0,0.005,10000,50.0,5.98,6.04,6.000104781128837,1.0005245604737838,0.27,,,,,,,,,,0.00098,0.0044,,0.10400000000000001
1559,case_01559_grid_following_inverter_like_3ph_scr5.0_n0.005_r5.csv,/root/phd_thesis/Z_Synthetic_Family_Library_v2/waveforms/case_01559_grid_following_inverter_like_3ph_scr5.0_n0.005_r5.csv,grid_following_inverter_like,3ph,5.0,0.005,10000,50.0,5.98,6.04,5.9975686612624575,1.0466361028325502,0.27,,,,,,,,,,0.00098,0.0044,,0.10400000000000001
1560,case_01560_grid_following_inverter_like_3ph_scr5.0_n0.005_r6.csv,/root/phd_thesis/Z_Synthetic_Family_Library_v2/waveforms/case_01560_grid_following_inverter_like_3ph_scr5.0_n0.005_r6.csv,grid_following_inverter_like,3ph,5.0,0.005,10000,50.0,5.98,6.04,6.0004032751469385,1.0587053240493565,0.27,,,,,,,,,,0.00098,0.0044,,0.10400000000000001
1561,case_01561_grid_following_inverter_like_3ph_scr5.0_n0.010_r1.csv,/root/phd_thesis/Z_Synthetic_Family_Library_v2/waveforms/case_01561_grid_following_inverter_like_3ph_scr5.0_n0.010_r1.csv,grid_following_inverter_like,3ph,5.0,0.01,10000,50.0,5.98,6.04,5.99762801563405,1.057620620403731,0.27,,,,,,,,,,0.00098,0.0044,,0.10400000000000001
1562,case_01562_grid_following_inverter_like_3ph_scr5.0_n0.010_r2.csv,/root/phd_thesis/Z_Synthetic_Family_Library_v2/waveforms/case_01562_grid_following_inverter_like_3ph_scr5.0_n0.010_r2.csv,grid_following_inverter_like,3ph,5.0,0.01,10000,50.0,5.98,6.04,5.999235922509034,1.0549788113030487,0.27,,,,,,,,,,0.00098,0.0044,,0.10400000000000001
1563,case_01563_grid_following_inverter_like_3ph_scr5.0_n0.010_r3.csv,/root/phd_thesis/Z_Synthetic_Family_Library_v2/waveforms/case_01563_grid_following_inverter_like_3ph_scr5.0_n0.010_r3.csv,grid_following_inverter_like,3ph,5.0,0.01,10000,50.0,5.98,6.04,5.998553688795096,1.0043611929779552,0.27,,,,,,,,,,0.00098,0.0044,,0.10400000000000001
1564,case_01564_grid_following_inverter_like_3ph_scr5.0_n0.010_r4.csv,/root/phd_thesis/Z_Synthetic_Family_Library_v2/waveforms/case_01564_grid_following_inverter_like_3ph_scr5.0_n0.010_r4.csv,grid_following_inverter_like,3ph,5.0,0.01,10000,50.0,5.98,6.04,5.999041780792914,1.0351766918048242,0.27,,,,,,,,,,0.00098,0.0044,,0.10400000000000001
1565,case_01565_grid_following_inverter_like_3ph_scr5.0_n0.010_r5.csv,/root/phd_thesis/Z_Synthetic_Family_Library_v2/waveforms/case_01565_grid_following_inverter_like_3ph_scr5.0_n0.010_r5.csv,grid_following_inverter_like,3ph,5.0,0.01,10000,50.0,5.98,6.04,5.9987307529810785,1.066300356303572,0.27,,,,,,,,,,0.00098,0.0044,,0.10400000000000001
1566,case_01566_grid_following_inverter_like_3ph_scr5.0_n0.010_r6.csv,/root/phd_thesis/Z_Synthetic_Family_Library_v2/waveforms/case_01566_grid_following_inverter_like_3ph_scr5.0_n0.010_r6.csv,grid_following_inverter_like,3ph,5.0,0.01,10000,50.0,5.98,6.04,5.998138300941898,1.0733696161276578,0.27,,,,,,,,,,0.00098,0.0044,,0.10400000000000001
1567,case_01567_grid_following_inverter_like_3ph_scr8.0_n0.002_r1.csv,/root/phd_thesis/Z_Synthetic_Family_Library_v2/waveforms/case_01567_grid_following_inverter_like_3ph_scr8.0_n0.002_r1.csv,grid_following_inverter_like,3ph,8.0,0.002,10000,50.0,5.98,6.04,5.99967283736056,1.0143258678972114,0.18000000000000002,,,,,,,,,,0.0009125,0.0040625,,0.095
1568,case_01568_grid_following_inverter_like_3ph_scr8.0_n0.002_r2.csv,/root/phd_thesis/Z_Synthetic_Family_Library_v2/waveforms/case_01568_grid_following_inverter_like_3ph_scr8.0_n0.002_r2.csv,grid_following_inverter_like,3ph,8.0,0.002,10000,50.0,5.98,6.04,5.999554400917809,1.0063235264853543,0.18000000000000002,,,,,,,,,,0.0009125,0.0040625,,0.095
1569,case_01569_grid_following_inverter_like_3ph_scr8.0_n0.002_r3.csv,/root/phd_thesis/Z_Synthetic_Family_Library_v2/waveforms/case_01569_grid_following_inverter_like_3ph_scr8.0_n0.002_r3.csv,grid_following_inverter_like,3ph,8.0,0.002,10000,50.0,5.98,6.04,5.998808862296142,1.0043767699824855,0.18000000000000002,,,,,,,,,,0.0009125,0.0040625,,0.095
1570,case_01570_grid_following_inverter_like_3ph_scr8.0_n0.002_r4.csv,/root/phd_thesis/Z_Synthetic_Family_Library_v2/waveforms/case_01570_grid_following_inverter_like_3ph_scr8.0_n0.002_r4.csv,grid_following_inverter_like,3ph,8.0,0.002,10000,50.0,5.98,6.04,5.997564732717714,1.005196287316538,0.18000000000000002,,,,,,,,,,0.0009125,0.0040625,,0.095
1571,case_01571_grid_following_inverter_like_3ph_scr8.0_n0.002_r5.csv,/root/phd_thesis/Z_Synthetic_Family_Library_v2/waveforms/case_01571_grid_following_inverter_like_3ph_scr8.0_n0.002_r5.csv,grid_following_inverter_like,3ph,8.0,0.002,10000,50.0,5.98,6.04,5.997537014601934,1.0566806292886803,0.18000000000000002,,,,,,,,,,0.0009125,0.0040625,,0.095
1572,case_01572_grid_following_inverter_like_3ph_scr8.0_n0.002_r6.csv,/root/phd_thesis/Z_Synthetic_Family_Library_v2/waveforms/case_01572_grid_following_inverter_like_3ph_scr8.0_n0.002_r6.csv,grid_following_inverter_like,3ph,8.0,0.002,10000,50.0,5.98,6.04,6.0002469833902286,1.0105506464871734,0.18000000000000002,,,,,,,,,,0.0009125,0.0040625,,0.095
1573,case_01573_grid_following_inverter_like_3ph_scr8.0_n0.005_r1.csv,/root/phd_thesis/Z_Synthetic_Family_Library_v2/waveforms/case_01573_grid_following_inverter_like_3ph_scr8.0_n0.005_r1.csv,grid_following_inverter_like,3ph,8.0,0.005,10000,50.0,5.98,6.04,5.999531477286872,1.0302233998133925,0.18000000000000002,,,,,,,,,,0.0009125,0.0040625,,0.095
1574,case_01574_grid_following_inverter_like_3ph_scr8.0_n0.005_r2.csv,/root/phd_thesis/Z_Synthetic_Family_Library_v2/waveforms/case_01574_grid_following_inverter_like_3ph_scr8.0_n0.005_r2.csv,grid_following_inverter_like,3ph,8.0,0.005,10000,50.0,5.98,6.04,5.999294501617757,1.0791275318195679,0.18000000000000002,,,,,,,,,,0.0009125,0.0040625,,0.095
1575,case_01575_grid_following_inverter_like_3ph_scr8.0_n0.005_r3.csv,/root/phd_thesis/Z_Synthetic_Family_Library_v2/waveforms/case_01575_grid_following_inverter_like_3ph_scr8.0_n0.005_r3.csv,grid_following_inverter_like,3ph,8.0,0.005,10000,50.0,5.98,6.04,5.999945407428051,1.0609373961214679,0.18000000000000002,,,,,,,,,,0.0009125,0.0040625,,0.095
1576,case_01576_grid_following_inverter_like_3ph_scr8.0_n0.005_r4.csv,/root/phd_thesis/Z_Synthetic_Family_Library_v2/waveforms/case_01576_grid_following_inverter_like_3ph_scr8.0_n0.005_r4.csv,grid_following_inverter_like,3ph,8.0,0.005,10000,50.0,5.98,6.04,5.997771539966646,1.0489321005872683,0.18000000000000002,,,,,,,,,,0.0009125,0.0040625,,0.095
1577,case_01577_grid_following_inverter_like_3ph_scr8.0_n0.005_r5.csv,/root/phd_thesis/Z_Synthetic_Family_Library_v2/waveforms/case_01577_grid_following_inverter_like_3ph_scr8.0_n0.005_r5.csv,grid_following_inverter_like,3ph,8.0,0.005,10000,50.0,5.98,6.04,5.998937382402168,1.04782045773833,0.18000000000000002,,,,,,,,,,0.0009125,0.0040625,,0.095
1578,case_01578_grid_following_inverter_like_3ph_scr8.0_n0.005_r6.csv,/root/phd_thesis/Z_Synthetic_Family_Library_v2/waveforms/case_01578_grid_following_inverter_like_3ph_scr8.0_n0.005_r6.csv,grid_following_inverter_like,3ph,8.0,0.005,10000,50.0,5.98,6.04,5.998650499318031,1.0724541421187241,0.18000000000000002,,,,,,,,,,0.0009125,0.0040625,,0.095
1579,case_01579_grid_following_inverter_like_3ph_scr8.0_n0.010_r1.csv,/root/phd_thesis/Z_Synthetic_Family_Library_v2/waveforms/case_01579_grid_following_inverter_like_3ph_scr8.0_n0.010_r1.csv,grid_following_inverter_like,3ph,8.0,0.01,10000,50.0,5.98,6.04,5.999998209391923,1.0573281847058522,0.18000000000000002,,,,,,,,,,0.0009125,0.0040625,,0.095
1580,case_01580_grid_following_inverter_like_3ph_scr8.0_n0.010_r2.csv,/root/phd_thesis/Z_Synthetic_Family_Library_v2/waveforms/case_01580_grid_following_inverter_like_3ph_scr8.0_n0.010_r2.csv,grid_following_inverter_like,3ph,8.0,0.01,10000,50.0,5.98,6.04,5.9988543712074085,1.0572174300914878,0.18000000000000002,,,,,,,,,,0.0009125,0.0040625,,0.095
1581,case_01581_grid_following_inverter_like_3ph_scr8.0_n0.010_r3.csv,/root/phd_thesis/Z_Synthetic_Family_Library_v2/waveforms/case_01581_grid_following_inverter_like_3ph_scr8.0_n0.010_r3.csv,grid_following_inverter_like,3ph,8.0,0.01,10000,50.0,5.98,6.04,5.9996181896429714,1.0641476810083883,0.18000000000000002,,,,,,,,,,0.0009125,0.0040625,,0.095
1582,case_01582_grid_following_inverter_like_3ph_scr8.0_n0.010_r4.csv,/root/phd_thesis/Z_Synthetic_Family_Library_v2/waveforms/case_01582_grid_following_inverter_like_3ph_scr8.0_n0.010_r4.csv,grid_following_inverter_like,3ph,8.0,0.01,10000,50.0,5.98,6.04,5.999705947374073,1.0000529941977103,0.18000000000000002,,,,,,,,,,0.0009125,0.0040625,,0.095
1583,case_01583_grid_following_inverter_like_3ph_scr8.0_n0.010_r5.csv,/root/phd_thesis/Z_Synthetic_Family_Library_v2/waveforms/case_01583_grid_following_inverter_like_3ph_scr8.0_n0.010_r5.csv,grid_following_inverter_like,3ph,8.0,0.01,10000,50.0,5.98,6.04,5.999575038978552,1.0145489362109388,0.18000000000000002,,,,,,,,,,0.0009125,0.0040625,,0.095
1584,case_01584_grid_following_inverter_like_3ph_scr8.0_n0.010_r6.csv,/root/phd_thesis/Z_Synthetic_Family_Library_v2/waveforms/case_01584_grid_following_inverter_like_3ph_scr8.0_n0.010_r6.csv,grid_following_inverter_like,3ph,8.0,0.01,10000,50.0,5.98,6.04,5.999553533394501,1.0463195348518408,0.18000000000000002,,,,,,,,,,0.0009125,0.0040625,,0.095
1585,case_01585_grid_following_inverter_like_slg_a_scr2.0_n0.002_r1.csv,/root/phd_thesis/Z_Synthetic_Family_Library_v2/waveforms/case_01585_grid_following_inverter_like_slg_a_scr2.0_n0.002_r1.csv,grid_following_inverter_like,slg_a,2.0,0.002,10000,50.0,5.98,6.04,5.997504838848921,1.048372651810019,0.5249999999999999,,,,,,,,,,0.00125,0.00575,,0.14
1586,case_01586_grid_following_inverter_like_slg_a_scr2.0_n0.002_r2.csv,/root/phd_thesis/Z_Synthetic_Family_Library_v2/waveforms/case_01586_grid_following_inverter_like_slg_a_scr2.0_n0.002_r2.csv,grid_following_inverter_like,slg_a,2.0,0.002,10000,50.0,5.98,6.04,5.998775472161687,1.0312645915496783,0.5249999999999999,,,,,,,,,,0.00125,0.00575,,0.14
1587,case_01587_grid_following_inverter_like_slg_a_scr2.0_n0.002_r3.csv,/root/phd_thesis/Z_Synthetic_Family_Library_v2/waveforms/case_01587_grid_following_inverter_like_slg_a_scr2.0_n0.002_r3.csv,grid_following_inverter_like,slg_a,2.0,0.002,10000,50.0,5.98,6.04,5.998807934903155,1.0338440165031018,0.5249999999999999,,,,,,,,,,0.00125,0.00575,,0.14
1588,case_01588_grid_following_inverter_like_slg_a_scr2.0_n0.002_r4.csv,/root/phd_thesis/Z_Synthetic_Family_Library_v2/waveforms/case_01588_grid_following_inverter_like_slg_a_scr2.0_n0.002_r4.csv,grid_following_inverter_like,slg_a,2.0,0.002,10000,50.0,5.98,6.04,6.0002825727687945,1.036225893648118,0.5249999999999999,,,,,,,,,,0.00125,0.00575,,0.14
1589,case_01589_grid_following_inverter_like_slg_a_scr2.0_n0.002_r5.csv,/root/phd_thesis/Z_Synthetic_Family_Library_v2/waveforms/case_01589_grid_following_inverter_like_slg_a_scr2.0_n0.002_r5.csv,grid_following_inverter_like,slg_a,2.0,0.002,10000,50.0,5.98,6.04,5.999311659165001,1.0585607790897127,0.5249999999999999,,,,,,,,,,0.00125,0.00575,,0.14
1590,case_01590_grid_following_inverter_like_slg_a_scr2.0_n0.002_r6.csv,/root/phd_thesis/Z_Synthetic_Family_Library_v2/waveforms/case_01590_grid_following_inverter_like_slg_a_scr2.0_n0.002_r6.csv,grid_following_inverter_like,slg_a,2.0,0.002,10000,50.0,5.98,6.04,5.9996213803210265,1.0196670545486217,0.5249999999999999,,,,,,,,,,0.00125,0.00575,,0.14
1591,case_01591_grid_following_inverter_like_slg_a_scr2.0_n0.005_r1.csv,/root/phd_thesis/Z_Synthetic_Family_Library_v2/waveforms/case_01591_grid_following_inverter_like_slg_a_scr2.0_n0.005_r1.csv,grid_following_inverter_like,slg_a,2.0,0.005,10000,50.0,5.98,6.04,6.000072180873543,1.0703189056031939,0.5249999999999999,,,,,,,,,,0.00125,0.00575,,0.14
1592,case_01592_grid_following_inverter_like_slg_a_scr2.0_n0.005_r2.csv,/root/phd_thesis/Z_Synthetic_Family_Library_v2/waveforms/case_01592_grid_following_inverter_like_slg_a_scr2.0_n0.005_r2.csv,grid_following_inverter_like,slg_a,2.0,0.005,10000,50.0,5.98,6.04,5.9993112319246515,1.0437398615753148,0.5249999999999999,,,,,,,,,,0.00125,0.00575,,0.14
1593,case_01593_grid_following_inverter_like_slg_a_scr2.0_n0.005_r3.csv,/root/phd_thesis/Z_Synthetic_Family_Library_v2/waveforms/case_01593_grid_following_inverter_like_slg_a_scr2.0_n0.005_r3.csv,grid_following_inverter_like,slg_a,2.0,0.005,10000,50.0,5.98,6.04,5.998110769572386,1.0624327087859626,0.5249999999999999,,,,,,,,,,0.00125,0.00575,,0.14
1594,case_01594_grid_following_inverter_like_slg_a_scr2.0_n0.005_r4.csv,/root/phd_thesis/Z_Synthetic_Family_Library_v2/waveforms/case_01594_grid_following_inverter_like_slg_a_scr2.0_n0.005_r4.csv,grid_following_inverter_like,slg_a,2.0,0.005,10000,50.0,5.98,6.04,5.998097848215303,1.012911188356083,0.5249999999999999,,,,,,,,,,0.00125,0.00575,,0.14
1595,case_01595_grid_following_inverter_like_slg_a_scr2.0_n0.005_r5.csv,/root/phd_thesis/Z_Synthetic_Family_Library_v2/waveforms/case_01595_grid_following_inverter_like_slg_a_scr2.0_n0.005_r5.csv,grid_following_inverter_like,slg_a,2.0,0.005,10000,50.0,5.98,6.04,5.999295336137324,1.0112671614468196,0.5249999999999999,,,,,,,,,,0.00125,0.00575,,0.14
1596,case_01596_grid_following_inverter_like_slg_a_scr2.0_n0.005_r6.csv,/root/phd_thesis/Z_Synthetic_Family_Library_v2/waveforms/case_01596_grid_following_inverter_like_slg_a_scr2.0_n0.005_r6.csv,grid_following_inverter_like,slg_a,2.0,0.005,10000,50.0,5.98,6.04,6.00042732579076,1.0531612551260998,0.5249999999999999,,,,,,,,,,0.00125,0.00575,,0.14
1597,case_01597_grid_following_inverter_like_slg_a_scr2.0_n0.010_r1.csv,/root/phd_thesis/Z_Synthetic_Family_Library_v2/waveforms/case_01597_grid_following_inverter_like_slg_a_scr2.0_n0.010_r1.csv,grid_following_inverter_like,slg_a,2.0,0.01,10000,50.0,5.98,6.04,5.997716651485082,1.055456690797646,0.5249999999999999,,,,,,,,,,0.00125,0.00575,,0.14
1598,case_01598_grid_following_inverter_like_slg_a_scr2.0_n0.010_r2.csv,/root/phd_thesis/Z_Synthetic_Family_Library_v2/waveforms/case_01598_grid_following_inverter_like_slg_a_scr2.0_n0.010_r2.csv,grid_following_inverter_like,slg_a,2.0,0.01,10000,50.0,5.98,6.04,5.999805503934678,1.0587065867931926,0.5249999999999999,,,,,,,,,,0.00125,0.00575,,0.14
1599,case_01599_grid_following_inverter_like_slg_a_scr2.0_n0.010_r3.csv,/root/phd_thesis/Z_Synthetic_Family_Library_v2/waveforms/case_01599_grid_following_inverter_like_slg_a_scr2.0_n0.010_r3.csv,grid_following_inverter_like,slg_a,2.0,0.01,10000,50.0,5.98,6.04,5.999973581168942,1.056214549144285,0.5249999999999999,,,,,,,,,,0.00125,0.00575,,0.14
1600,case_01600_grid_following_inverter_like_slg_a_scr2.0_n0.010_r4.csv,/root/phd_thesis/Z_Synthetic_Family_Library_v2/waveforms/case_01600_grid_following_inverter_like_slg_a_scr2.0_n0.010_r4.csv,grid_following_inverter_like,slg_a,2.0,0.01,10000,50.0,5.98,6.04,6.00044175375988,1.0713517336309153,0.5249999999999999,,,,,,,,,,0.00125,0.00575,,0.14
1601,case_01601_grid_following_inverter_like_slg_a_scr2.0_n0.010_r5.csv,/root/phd_thesis/Z_Synthetic_Family_Library_v2/waveforms/case_01601_grid_following_inverter_like_slg_a_scr2.0_n0.010_r5.csv,grid_following_inverter_like,slg_a,2.0,0.01,10000,50.0,5.98,6.04,5.999832807461838,1.0020950871102858,0.5249999999999999,,,,,,,,,,0.00125,0.00575,,0.14
1602,case_01602_grid_following_inverter_like_slg_a_scr2.0_n0.010_r6.csv,/root/phd_thesis/Z_Synthetic_Family_Library_v2/waveforms/case_01602_grid_following_inverter_like_slg_a_scr2.0_n0.010_r6.csv,grid_following_inverter_like,slg_a,2.0,0.01,10000,50.0,5.98,6.04,5.999651033350391,1.0169999347946361,0.5249999999999999,,,,,,,,,,0.00125,0.00575,,0.14
1603,case_01603_grid_following_inverter_like_slg_a_scr3.0_n0.002_r1.csv,/root/phd_thesis/Z_Synthetic_Family_Library_v2/waveforms/case_01603_grid_following_inverter_like_slg_a_scr3.0_n0.002_r1.csv,grid_following_inverter_like,slg_a,3.0,0.002,10000,50.0,5.98,6.04,5.998694704697848,1.0381251275681072,0.35,,,,,,,,,,0.0011,0.005,,0.12
1604,case_01604_grid_following_inverter_like_slg_a_scr3.0_n0.002_r2.csv,/root/phd_thesis/Z_Synthetic_Family_Library_v2/waveforms/case_01604_grid_following_inverter_like_slg_a_scr3.0_n0.002_r2.csv,grid_following_inverter_like,slg_a,3.0,0.002,10000,50.0,5.98,6.04,5.998627400397256,1.0116110175338633,0.35,,,,,,,,,,0.0011,0.005,,0.12
1605,case_01605_grid_following_inverter_like_slg_a_scr3.0_n0.002_r3.csv,/root/phd_thesis/Z_Synthetic_Family_Library_v2/waveforms/case_01605_grid_following_inverter_like_slg_a_scr3.0_n0.002_r3.csv,grid_following_inverter_like,slg_a,3.0,0.002,10000,50.0,5.98,6.04,5.99971061068263,1.033374487430404,0.35,,,,,,,,,,0.0011,0.005,,0.12
1606,case_01606_grid_following_inverter_like_slg_a_scr3.0_n0.002_r4.csv,/root/phd_thesis/Z_Synthetic_Family_Library_v2/waveforms/case_01606_grid_following_inverter_like_slg_a_scr3.0_n0.002_r4.csv,grid_following_inverter_like,slg_a,3.0,0.002,10000,50.0,5.98,6.04,6.000331810084427,1.037320295951957,0.35,,,,,,,,,,0.0011,0.005,,0.12
1607,case_01607_grid_following_inverter_like_slg_a_scr3.0_n0.002_r5.csv,/root/phd_thesis/Z_Synthetic_Family_Library_v2/waveforms/case_01607_grid_following_inverter_like_slg_a_scr3.0_n0.002_r5.csv,grid_following_inverter_like,slg_a,3.0,0.002,10000,50.0,5.98,6.04,5.998137431979679,1.0134729678550503,0.35,,,,,,,,,,0.0011,0.005,,0.12
1608,case_01608_grid_following_inverter_like_slg_a_scr3.0_n0.002_r6.csv,/root/phd_thesis/Z_Synthetic_Family_Library_v2/waveforms/case_01608_grid_following_inverter_like_slg_a_scr3.0_n0.002_r6.csv,grid_following_inverter_like,slg_a,3.0,0.002,10000,50.0,5.98,6.04,5.998467845639403,1.044090960827128,0.35,,,,,,,,,,0.0011,0.005,,0.12
1609,case_01609_grid_following_inverter_like_slg_a_scr3.0_n0.005_r1.csv,/root/phd_thesis/Z_Synthetic_Family_Library_v2/waveforms/case_01609_grid_following_inverter_like_slg_a_scr3.0_n0.005_r1.csv,grid_following_inverter_like,slg_a,3.0,0.005,10000,50.0,5.98,6.04,5.999321416376155,1.0290563534296706,0.35,,,,,,,,,,0.0011,0.005,,0.12
1610,case_01610_grid_following_inverter_like_slg_a_scr3.0_n0.005_r2.csv,/root/phd_thesis/Z_Synthetic_Family_Library_v2/waveforms/case_01610_grid_following_inverter_like_slg_a_scr3.0_n0.005_r2.csv,grid_following_inverter_like,slg_a,3.0,0.005,10000,50.0,5.98,6.04,6.000429092885096,1.0312414578494142,0.35,,,,,,,,,,0.0011,0.005,,0.12
1611,case_01611_grid_following_inverter_like_slg_a_scr3.0_n0.005_r3.csv,/root/phd_thesis/Z_Synthetic_Family_Library_v2/waveforms/case_01611_grid_following_inverter_like_slg_a_scr3.0_n0.005_r3.csv,grid_following_inverter_like,slg_a,3.0,0.005,10000,50.0,5.98,6.04,5.999527216608118,1.068301680891659,0.35,,,,,,,,,,0.0011,0.005,,0.12
1612,case_01612_grid_following_inverter_like_slg_a_scr3.0_n0.005_r4.csv,/root/phd_thesis/Z_Synthetic_Family_Library_v2/waveforms/case_01612_grid_following_inverter_like_slg_a_scr3.0_n0.005_r4.csv,grid_following_inverter_like,slg_a,3.0,0.005,10000,50.0,5.98,6.04,5.9988257744115145,1.0565218368427831,0.35,,,,,,,,,,0.0011,0.005,,0.12
1613,case_01613_grid_following_inverter_like_slg_a_scr3.0_n0.005_r5.csv,/root/phd_thesis/Z_Synthetic_Family_Library_v2/waveforms/case_01613_grid_following_inverter_like_slg_a_scr3.0_n0.005_r5.csv,grid_following_inverter_like,slg_a,3.0,0.005,10000,50.0,5.98,6.04,5.999134181468537,1.073370135443533,0.35,,,,,,,,,,0.0011,0.005,,0.12
1614,case_01614_grid_following_inverter_like_slg_a_scr3.0_n0.005_r6.csv,/root/phd_thesis/Z_Synthetic_Family_Library_v2/waveforms/case_01614_grid_following_inverter_like_slg_a_scr3.0_n0.005_r6.csv,grid_following_inverter_like,slg_a,3.0,0.005,10000,50.0,5.98,6.04,5.998670990627737,1.0465112984819283,0.35,,,,,,,,,,0.0011,0.005,,0.12
1615,case_01615_grid_following_inverter_like_slg_a_scr3.0_n0.010_r1.csv,/root/phd_thesis/Z_Synthetic_Family_Library_v2/waveforms/case_01615_grid_following_inverter_like_slg_a_scr3.0_n0.010_r1.csv,grid_following_inverter_like,slg_a,3.0,0.01,10000,50.0,5.98,6.04,5.999774022345466,1.0766790803881805,0.35,,,,,,,,,,0.0011,0.005,,0.12
1616,case_01616_grid_following_inverter_like_slg_a_scr3.0_n0.010_r2.csv,/root/phd_thesis/Z_Synthetic_Family_Library_v2/waveforms/case_01616_grid_following_inverter_like_slg_a_scr3.0_n0.010_r2.csv,grid_following_inverter_like,slg_a,3.0,0.01,10000,50.0,5.98,6.04,5.99968223893603,1.0497758827516632,0.35,,,,,,,,,,0.0011,0.005,,0.12
1617,case_01617_grid_following_inverter_like_slg_a_scr3.0_n0.010_r3.csv,/root/phd_thesis/Z_Synthetic_Family_Library_v2/waveforms/case_01617_grid_following_inverter_like_slg_a_scr3.0_n0.010_r3.csv,grid_following_inverter_like,slg_a,3.0,0.01,10000,50.0,5.98,6.04,5.9980570319932145,1.0087377515668015,0.35,,,,,,,,,,0.0011,0.005,,0.12
1618,case_01618_grid_following_inverter_like_slg_a_scr3.0_n0.010_r4.csv,/root/phd_thesis/Z_Synthetic_Family_Library_v2/waveforms/case_01618_grid_following_inverter_like_slg_a_scr3.0_n0.010_r4.csv,grid_following_inverter_like,slg_a,3.0,0.01,10000,50.0,5.98,6.04,6.000140136133348,1.0155460413808233,0.35,,,,,,,,,,0.0011,0.005,,0.12
1619,case_01619_grid_following_inverter_like_slg_a_scr3.0_n0.010_r5.csv,/root/phd_thesis/Z_Synthetic_Family_Library_v2/waveforms/case_01619_grid_following_inverter_like_slg_a_scr3.0_n0.010_r5.csv,grid_following_inverter_like,slg_a,3.0,0.01,10000,50.0,5.98,6.04,5.998950708267614,1.076125566620884,0.35,,,,,,,,,,0.0011,0.005,,0.12
1620,case_01620_grid_following_inverter_like_slg_a_scr3.0_n0.010_r6.csv,/root/phd_thesis/Z_Synthetic_Family_Library_v2/waveforms/case_01620_grid_following_inverter_like_slg_a_scr3.0_n0.010_r6.csv,grid_following_inverter_like,slg_a,3.0,0.01,10000,50.0,5.98,6.04,6.000374602337075,1.0706022032017641,0.35,,,,,,,,,,0.0011,0.005,,0.12
1621,case_01621_grid_following_inverter_like_slg_a_scr5.0_n0.002_r1.csv,/root/phd_thesis/Z_Synthetic_Family_Library_v2/waveforms/case_01621_grid_following_inverter_like_slg_a_scr5.0_n0.002_r1.csv,grid_following_inverter_like,slg_a,5.0,0.002,10000,50.0,5.98,6.04,5.999829152458045,1.0333434076623775,0.21,,,,,,,,,,0.00098,0.0044,,0.10400000000000001
1622,case_01622_grid_following_inverter_like_slg_a_scr5.0_n0.002_r2.csv,/root/phd_thesis/Z_Synthetic_Family_Library_v2/waveforms/case_01622_grid_following_inverter_like_slg_a_scr5.0_n0.002_r2.csv,grid_following_inverter_like,slg_a,5.0,0.002,10000,50.0,5.98,6.04,5.999799720370633,1.0509561619503334,0.21,,,,,,,,,,0.00098,0.0044,,0.10400000000000001
1623,case_01623_grid_following_inverter_like_slg_a_scr5.0_n0.002_r3.csv,/root/phd_thesis/Z_Synthetic_Family_Library_v2/waveforms/case_01623_grid_following_inverter_like_slg_a_scr5.0_n0.002_r3.csv,grid_following_inverter_like,slg_a,5.0,0.002,10000,50.0,5.98,6.04,5.999602589310832,1.0487365530773702,0.21,,,,,,,,,,0.00098,0.0044,,0.10400000000000001
1624,case_01624_grid_following_inverter_like_slg_a_scr5.0_n0.002_r4.csv,/root/phd_thesis/Z_Synthetic_Family_Library_v2/waveforms/case_01624_grid_following_inverter_like_slg_a_scr5.0_n0.002_r4.csv,grid_following_inverter_like,slg_a,5.0,0.002,10000,50.0,5.98,6.04,5.9979836446947665,1.0378561738721268,0.21,,,,,,,,,,0.00098,0.0044,,0.10400000000000001
1625,case_01625_grid_following_inverter_like_slg_a_scr5.0_n0.002_r5.csv,/root/phd_thesis/Z_Synthetic_Family_Library_v2/waveforms/case_01625_grid_following_inverter_like_slg_a_scr5.0_n0.002_r5.csv,grid_following_inverter_like,slg_a,5.0,0.002,10000,50.0,5.98,6.04,5.998708413089814,1.004268926918787,0.21,,,,,,,,,,0.00098,0.0044,,0.10400000000000001
1626,case_01626_grid_following_inverter_like_slg_a_scr5.0_n0.002_r6.csv,/root/phd_thesis/Z_Synthetic_Family_Library_v2/waveforms/case_01626_grid_following_inverter_like_slg_a_scr5.0_n0.002_r6.csv,grid_following_inverter_like,slg_a,5.0,0.002,10000,50.0,5.98,6.04,5.999324940932086,1.0354542743957311,0.21,,,,,,,,,,0.00098,0.0044,,0.10400000000000001
1627,case_01627_grid_following_inverter_like_slg_a_scr5.0_n0.005_r1.csv,/root/phd_thesis/Z_Synthetic_Family_Library_v2/waveforms/case_01627_grid_following_inverter_like_slg_a_scr5.0_n0.005_r1.csv,grid_following_inverter_like,slg_a,5.0,0.005,10000,50.0,5.98,6.04,5.997994762925196,1.0116652789398257,0.21,,,,,,,,,,0.00098,0.0044,,0.10400000000000001
1628,case_01628_grid_following_inverter_like_slg_a_scr5.0_n0.005_r2.csv,/root/phd_thesis/Z_Synthetic_Family_Library_v2/waveforms/case_01628_grid_following_inverter_like_slg_a_scr5.0_n0.005_r2.csv,grid_following_inverter_like,slg_a,5.0,0.005,10000,50.0,5.98,6.04,5.999115089472996,1.0235846381172526,0.21,,,,,,,,,,0.00098,0.0044,,0.10400000000000001
1629,case_01629_grid_following_inverter_like_slg_a_scr5.0_n0.005_r3.csv,/root/phd_thesis/Z_Synthetic_Family_Library_v2/waveforms/case_01629_grid_following_inverter_like_slg_a_scr5.0_n0.005_r3.csv,grid_following_inverter_like,slg_a,5.0,0.005,10000,50.0,5.98,6.04,5.9987300895334945,1.0770659614812887,0.21,,,,,,,,,,0.00098,0.0044,,0.10400000000000001
1630,case_01630_grid_following_inverter_like_slg_a_scr5.0_n0.005_r4.csv,/root/phd_thesis/Z_Synthetic_Family_Library_v2/waveforms/case_01630_grid_following_inverter_like_slg_a_scr5.0_n0.005_r4.csv,grid_following_inverter_like,slg_a,5.0,0.005,10000,50.0,5.98,6.04,5.99940180204863,1.0001421989076895,0.21,,,,,,,,,,0.00098,0.0044,,0.10400000000000001
1631,case_01631_grid_following_inverter_like_slg_a_scr5.0_n0.005_r5.csv,/root/phd_thesis/Z_Synthetic_Family_Library_v2/waveforms/case_01631_grid_following_inverter_like_slg_a_scr5.0_n0.005_r5.csv,grid_following_inverter_like,slg_a,5.0,0.005,10000,50.0,5.98,6.04,5.998809928199278,1.0757493730246406,0.21,,,,,,,,,,0.00098,0.0044,,0.10400000000000001
1632,case_01632_grid_following_inverter_like_slg_a_scr5.0_n0.005_r6.csv,/root/phd_thesis/Z_Synthetic_Family_Library_v2/waveforms/case_01632_grid_following_inverter_like_slg_a_scr5.0_n0.005_r6.csv,grid_following_inverter_like,slg_a,5.0,0.005,10000,50.0,5.98,6.04,5.998920170569117,1.0411185084581942,0.21,,,,,,,,,,0.00098,0.0044,,0.10400000000000001
1633,case_01633_grid_following_inverter_like_slg_a_scr5.0_n0.010_r1.csv,/root/phd_thesis/Z_Synthetic_Family_Library_v2/waveforms/case_01633_grid_following_inverter_like_slg_a_scr5.0_n0.010_r1.csv,grid_following_inverter_like,slg_a,5.0,0.01,10000,50.0,5.98,6.04,5.998863212361054,1.0201749270925071,0.21,,,,,,,,,,0.00098,0.0044,,0.10400000000000001
1634,case_01634_grid_following_inverter_like_slg_a_scr5.0_n0.010_r2.csv,/root/phd_thesis/Z_Synthetic_Family_Library_v2/waveforms/case_01634_grid_following_inverter_like_slg_a_scr5.0_n0.010_r2.csv,grid_following_inverter_like,slg_a,5.0,0.01,10000,50.0,5.98,6.04,5.998668174207653,1.0550982350842477,0.21,,,,,,,,,,0.00098,0.0044,,0.10400000000000001
1635,case_01635_grid_following_inverter_like_slg_a_scr5.0_n0.010_r3.csv,/root/phd_thesis/Z_Synthetic_Family_Library_v2/waveforms/case_01635_grid_following_inverter_like_slg_a_scr5.0_n0.010_r3.csv,grid_following_inverter_like,slg_a,5.0,0.01,10000,50.0,5.98,6.04,5.999615311521636,1.0348093487366121,0.21,,,,,,,,,,0.00098,0.0044,,0.10400000000000001
1636,case_01636_grid_following_inverter_like_slg_a_scr5.0_n0.010_r4.csv,/root/phd_thesis/Z_Synthetic_Family_Library_v2/waveforms/case_01636_grid_following_inverter_like_slg_a_scr5.0_n0.010_r4.csv,grid_following_inverter_like,slg_a,5.0,0.01,10000,50.0,5.98,6.04,5.998082107485539,1.0434532355743775,0.21,,,,,,,,,,0.00098,0.0044,,0.10400000000000001
1637,case_01637_grid_following_inverter_like_slg_a_scr5.0_n0.010_r5.csv,/root/phd_thesis/Z_Synthetic_Family_Library_v2/waveforms/case_01637_grid_following_inverter_like_slg_a_scr5.0_n0.010_r5.csv,grid_following_inverter_like,slg_a,5.0,0.01,10000,50.0,5.98,6.04,5.999605089180418,1.059113100317033,0.21,,,,,,,,,,0.00098,0.0044,,0.10400000000000001
1638,case_01638_grid_following_inverter_like_slg_a_scr5.0_n0.010_r6.csv,/root/phd_thesis/Z_Synthetic_Family_Library_v2/waveforms/case_01638_grid_following_inverter_like_slg_a_scr5.0_n0.010_r6.csv,grid_following_inverter_like,slg_a,5.0,0.01,10000,50.0,5.98,6.04,6.000224217647422,1.0525002021802858,0.21,,,,,,,,,,0.00098,0.0044,,0.10400000000000001
1639,case_01639_grid_following_inverter_like_slg_a_scr8.0_n0.002_r1.csv,/root/phd_thesis/Z_Synthetic_Family_Library_v2/waveforms/case_01639_grid_following_inverter_like_slg_a_scr8.0_n0.002_r1.csv,grid_following_inverter_like,slg_a,8.0,0.002,10000,50.0,5.98,6.04,5.9985755994506755,1.001565150311959,0.13999999999999999,,,,,,,,,,0.0009125,0.0040625,,0.095
1640,case_01640_grid_following_inverter_like_slg_a_scr8.0_n0.002_r2.csv,/root/phd_thesis/Z_Synthetic_Family_Library_v2/waveforms/case_01640_grid_following_inverter_like_slg_a_scr8.0_n0.002_r2.csv,grid_following_inverter_like,slg_a,8.0,0.002,10000,50.0,5.98,6.04,5.999597742671629,1.0089367553123123,0.13999999999999999,,,,,,,,,,0.0009125,0.0040625,,0.095
1641,case_01641_grid_following_inverter_like_slg_a_scr8.0_n0.002_r3.csv,/root/phd_thesis/Z_Synthetic_Family_Library_v2/waveforms/case_01641_grid_following_inverter_like_slg_a_scr8.0_n0.002_r3.csv,grid_following_inverter_like,slg_a,8.0,0.002,10000,50.0,5.98,6.04,5.9983840440177625,1.0796759656228248,0.13999999999999999,,,,,,,,,,0.0009125,0.0040625,,0.095
1642,case_01642_grid_following_inverter_like_slg_a_scr8.0_n0.002_r4.csv,/root/phd_thesis/Z_Synthetic_Family_Library_v2/waveforms/case_01642_grid_following_inverter_like_slg_a_scr8.0_n0.002_r4.csv,grid_following_inverter_like,slg_a,8.0,0.002,10000,50.0,5.98,6.04,5.998102422844906,1.0296688942595251,0.13999999999999999,,,,,,,,,,0.0009125,0.0040625,,0.095
1643,case_01643_grid_following_inverter_like_slg_a_scr8.0_n0.002_r5.csv,/root/phd_thesis/Z_Synthetic_Family_Library_v2/waveforms/case_01643_grid_following_inverter_like_slg_a_scr8.0_n0.002_r5.csv,grid_following_inverter_like,slg_a,8.0,0.002,10000,50.0,5.98,6.04,6.000474627500716,1.0664577051442448,0.13999999999999999,,,,,,,,,,0.0009125,0.0040625,,0.095
1644,case_01644_grid_following_inverter_like_slg_a_scr8.0_n0.002_r6.csv,/root/phd_thesis/Z_Synthetic_Family_Library_v2/waveforms/case_01644_grid_following_inverter_like_slg_a_scr8.0_n0.002_r6.csv,grid_following_inverter_like,slg_a,8.0,0.002,10000,50.0,5.98,6.04,5.99851974170839,1.0031241551190315,0.13999999999999999,,,,,,,,,,0.0009125,0.0040625,,0.095
1645,case_01645_grid_following_inverter_like_slg_a_scr8.0_n0.005_r1.csv,/root/phd_thesis/Z_Synthetic_Family_Library_v2/waveforms/case_01645_grid_following_inverter_like_slg_a_scr8.0_n0.005_r1.csv,grid_following_inverter_like,slg_a,8.0,0.005,10000,50.0,5.98,6.04,5.9976346773178175,1.0260509459579,0.13999999999999999,,,,,,,,,,0.0009125,0.0040625,,0.095
1646,case_01646_grid_following_inverter_like_slg_a_scr8.0_n0.005_r2.csv,/root/phd_thesis/Z_Synthetic_Family_Library_v2/waveforms/case_01646_grid_following_inverter_like_slg_a_scr8.0_n0.005_r2.csv,grid_following_inverter_like,slg_a,8.0,0.005,10000,50.0,5.98,6.04,5.999261619743594,1.0383305197766013,0.13999999999999999,,,,,,,,,,0.0009125,0.0040625,,0.095
1647,case_01647_grid_following_inverter_like_slg_a_scr8.0_n0.005_r3.csv,/root/phd_thesis/Z_Synthetic_Family_Library_v2/waveforms/case_01647_grid_following_inverter_like_slg_a_scr8.0_n0.005_r3.csv,grid_following_inverter_like,slg_a,8.0,0.005,10000,50.0,5.98,6.04,5.999403864953282,1.04567230959634,0.13999999999999999,,,,,,,,,,0.0009125,0.0040625,,0.095
1648,case_01648_grid_following_inverter_like_slg_a_scr8.0_n0.005_r4.csv,/root/phd_thesis/Z_Synthetic_Family_Library_v2/waveforms/case_01648_grid_following_inverter_like_slg_a_scr8.0_n0.005_r4.csv,grid_following_inverter_like,slg_a,8.0,0.005,10000,50.0,5.98,6.04,5.998261365699365,1.003804098647861,0.13999999999999999,,,,,,,,,,0.0009125,0.0040625,,0.095
1649,case_01649_grid_following_inverter_like_slg_a_scr8.0_n0.005_r5.csv,/root/phd_thesis/Z_Synthetic_Family_Library_v2/waveforms/case_01649_grid_following_inverter_like_slg_a_scr8.0_n0.005_r5.csv,grid_following_inverter_like,slg_a,8.0,0.005,10000,50.0,5.98,6.04,5.997590886713099,1.0440432512056794,0.13999999999999999,,,,,,,,,,0.0009125,0.0040625,,0.095
1650,case_01650_grid_following_inverter_like_slg_a_scr8.0_n0.005_r6.csv,/root/phd_thesis/Z_Synthetic_Family_Library_v2/waveforms/case_01650_grid_following_inverter_like_slg_a_scr8.0_n0.005_r6.csv,grid_following_inverter_like,slg_a,8.0,0.005,10000,50.0,5.98,6.04,5.9991546044903545,1.0066629600634758,0.13999999999999999,,,,,,,,,,0.0009125,0.0040625,,0.095
1651,case_01651_grid_following_inverter_like_slg_a_scr8.0_n0.010_r1.csv,/root/phd_thesis/Z_Synthetic_Family_Library_v2/waveforms/case_01651_grid_following_inverter_like_slg_a_scr8.0_n0.010_r1.csv,grid_following_inverter_like,slg_a,8.0,0.01,10000,50.0,5.98,6.04,5.999114796390874,1.0227777035287828,0.13999999999999999,,,,,,,,,,0.0009125,0.0040625,,0.095
1652,case_01652_grid_following_inverter_like_slg_a_scr8.0_n0.010_r2.csv,/root/phd_thesis/Z_Synthetic_Family_Library_v2/waveforms/case_01652_grid_following_inverter_like_slg_a_scr8.0_n0.010_r2.csv,grid_following_inverter_like,slg_a,8.0,0.01,10000,50.0,5.98,6.04,6.000330839676972,1.05551353806536,0.13999999999999999,,,,,,,,,,0.0009125,0.0040625,,0.095
1653,case_01653_grid_following_inverter_like_slg_a_scr8.0_n0.010_r3.csv,/root/phd_thesis/Z_Synthetic_Family_Library_v2/waveforms/case_01653_grid_following_inverter_like_slg_a_scr8.0_n0.010_r3.csv,grid_following_inverter_like,slg_a,8.0,0.01,10000,50.0,5.98,6.04,5.998447135165702,1.0701724049920582,0.13999999999999999,,,,,,,,,,0.0009125,0.0040625,,0.095
1654,case_01654_grid_following_inverter_like_slg_a_scr8.0_n0.010_r4.csv,/root/phd_thesis/Z_Synthetic_Family_Library_v2/waveforms/case_01654_grid_following_inverter_like_slg_a_scr8.0_n0.010_r4.csv,grid_following_inverter_like,slg_a,8.0,0.01,10000,50.0,5.98,6.04,5.999596124085651,1.078057070026687,0.13999999999999999,,,,,,,,,,0.0009125,0.0040625,,0.095
1655,case_01655_grid_following_inverter_like_slg_a_scr8.0_n0.010_r5.csv,/root/phd_thesis/Z_Synthetic_Family_Library_v2/waveforms/case_01655_grid_following_inverter_like_slg_a_scr8.0_n0.010_r5.csv,grid_following_inverter_like,slg_a,8.0,0.01,10000,50.0,5.98,6.04,5.997770210170902,1.0484697654777664,0.13999999999999999,,,,,,,,,,0.0009125,0.0040625,,0.095
1656,case_01656_grid_following_inverter_like_slg_a_scr8.0_n0.010_r6.csv,/root/phd_thesis/Z_Synthetic_Family_Library_v2/waveforms/case_01656_grid_following_inverter_like_slg_a_scr8.0_n0.010_r6.csv,grid_following_inverter_like,slg_a,8.0,0.01,10000,50.0,5.98,6.04,5.998754695176328,1.0132274369831178,0.13999999999999999,,,,,,,,,,0.0009125,0.0040625,,0.095
1657,case_01657_grid_following_inverter_like_slg_b_scr2.0_n0.002_r1.csv,/root/phd_thesis/Z_Synthetic_Family_Library_v2/waveforms/case_01657_grid_following_inverter_like_slg_b_scr2.0_n0.002_r1.csv,grid_following_inverter_like,slg_b,2.0,0.002,10000,50.0,5.98,6.04,6.000046402729255,1.020889882940564,0.5249999999999999,,,,,,,,,,0.00125,0.00575,,0.14
1658,case_01658_grid_following_inverter_like_slg_b_scr2.0_n0.002_r2.csv,/root/phd_thesis/Z_Synthetic_Family_Library_v2/waveforms/case_01658_grid_following_inverter_like_slg_b_scr2.0_n0.002_r2.csv,grid_following_inverter_like,slg_b,2.0,0.002,10000,50.0,5.98,6.04,5.998455020461807,1.068429863051378,0.5249999999999999,,,,,,,,,,0.00125,0.00575,,0.14
1659,case_01659_grid_following_inverter_like_slg_b_scr2.0_n0.002_r3.csv,/root/phd_thesis/Z_Synthetic_Family_Library_v2/waveforms/case_01659_grid_following_inverter_like_slg_b_scr2.0_n0.002_r3.csv,grid_following_inverter_like,slg_b,2.0,0.002,10000,50.0,5.98,6.04,5.999397308109422,1.033278569781486,0.5249999999999999,,,,,,,,,,0.00125,0.00575,,0.14
1660,case_01660_grid_following_inverter_like_slg_b_scr2.0_n0.002_r4.csv,/root/phd_thesis/Z_Synthetic_Family_Library_v2/waveforms/case_01660_grid_following_inverter_like_slg_b_scr2.0_n0.002_r4.csv,grid_following_inverter_like,slg_b,2.0,0.002,10000,50.0,5.98,6.04,5.9979055051394585,1.0536239755922843,0.5249999999999999,,,,,,,,,,0.00125,0.00575,,0.14
1661,case_01661_grid_following_inverter_like_slg_b_scr2.0_n0.002_r5.csv,/root/phd_thesis/Z_Synthetic_Family_Library_v2/waveforms/case_01661_grid_following_inverter_like_slg_b_scr2.0_n0.002_r5.csv,grid_following_inverter_like,slg_b,2.0,0.002,10000,50.0,5.98,6.04,5.9979577934541215,1.0215456127302989,0.5249999999999999,,,,,,,,,,0.00125,0.00575,,0.14
1662,case_01662_grid_following_inverter_like_slg_b_scr2.0_n0.002_r6.csv,/root/phd_thesis/Z_Synthetic_Family_Library_v2/waveforms/case_01662_grid_following_inverter_like_slg_b_scr2.0_n0.002_r6.csv,grid_following_inverter_like,slg_b,2.0,0.002,10000,50.0,5.98,6.04,5.998393668444183,1.0126548605636887,0.5249999999999999,,,,,,,,,,0.00125,0.00575,,0.14
1663,case_01663_grid_following_inverter_like_slg_b_scr2.0_n0.005_r1.csv,/root/phd_thesis/Z_Synthetic_Family_Library_v2/waveforms/case_01663_grid_following_inverter_like_slg_b_scr2.0_n0.005_r1.csv,grid_following_inverter_like,slg_b,2.0,0.005,10000,50.0,5.98,6.04,5.998935066824331,1.0757151859106902,0.5249999999999999,,,,,,,,,,0.00125,0.00575,,0.14
1664,case_01664_grid_following_inverter_like_slg_b_scr2.0_n0.005_r2.csv,/root/phd_thesis/Z_Synthetic_Family_Library_v2/waveforms/case_01664_grid_following_inverter_like_slg_b_scr2.0_n0.005_r2.csv,grid_following_inverter_like,slg_b,2.0,0.005,10000,50.0,5.98,6.04,5.99756354332128,1.0570885125946643,0.5249999999999999,,,,,,,,,,0.00125,0.00575,,0.14
1665,case_01665_grid_following_inverter_like_slg_b_scr2.0_n0.005_r3.csv,/root/phd_thesis/Z_Synthetic_Family_Library_v2/waveforms/case_01665_grid_following_inverter_like_slg_b_scr2.0_n0.005_r3.csv,grid_following_inverter_like,slg_b,2.0,0.005,10000,50.0,5.98,6.04,5.999839722947386,1.0589676982365785,0.5249999999999999,,,,,,,,,,0.00125,0.00575,,0.14
1666,case_01666_grid_following_inverter_like_slg_b_scr2.0_n0.005_r4.csv,/root/phd_thesis/Z_Synthetic_Family_Library_v2/waveforms/case_01666_grid_following_inverter_like_slg_b_scr2.0_n0.005_r4.csv,grid_following_inverter_like,slg_b,2.0,0.005,10000,50.0,5.98,6.04,5.997827020763739,1.0531122399214403,0.5249999999999999,,,,,,,,,,0.00125,0.00575,,0.14
1667,case_01667_grid_following_inverter_like_slg_b_scr2.0_n0.005_r5.csv,/root/phd_thesis/Z_Synthetic_Family_Library_v2/waveforms/case_01667_grid_following_inverter_like_slg_b_scr2.0_n0.005_r5.csv,grid_following_inverter_like,slg_b,2.0,0.005,10000,50.0,5.98,6.04,5.999541580612267,1.072638657564716,0.5249999999999999,,,,,,,,,,0.00125,0.00575,,0.14
1668,case_01668_grid_following_inverter_like_slg_b_scr2.0_n0.005_r6.csv,/root/phd_thesis/Z_Synthetic_Family_Library_v2/waveforms/case_01668_grid_following_inverter_like_slg_b_scr2.0_n0.005_r6.csv,grid_following_inverter_like,slg_b,2.0,0.005,10000,50.0,5.98,6.04,6.000422110564985,1.059734352672044,0.5249999999999999,,,,,,,,,,0.00125,0.00575,,0.14
1669,case_01669_grid_following_inverter_like_slg_b_scr2.0_n0.010_r1.csv,/root/phd_thesis/Z_Synthetic_Family_Library_v2/waveforms/case_01669_grid_following_inverter_like_slg_b_scr2.0_n0.010_r1.csv,grid_following_inverter_like,slg_b,2.0,0.01,10000,50.0,5.98,6.04,5.9994163918463395,1.0338303611195991,0.5249999999999999,,,,,,,,,,0.00125,0.00575,,0.14
1670,case_01670_grid_following_inverter_like_slg_b_scr2.0_n0.010_r2.csv,/root/phd_thesis/Z_Synthetic_Family_Library_v2/waveforms/case_01670_grid_following_inverter_like_slg_b_scr2.0_n0.010_r2.csv,grid_following_inverter_like,slg_b,2.0,0.01,10000,50.0,5.98,6.04,5.998555085625228,1.068001137410556,0.5249999999999999,,,,,,,,,,0.00125,0.00575,,0.14
1671,case_01671_grid_following_inverter_like_slg_b_scr2.0_n0.010_r3.csv,/root/phd_thesis/Z_Synthetic_Family_Library_v2/waveforms/case_01671_grid_following_inverter_like_slg_b_scr2.0_n0.010_r3.csv,grid_following_inverter_like,slg_b,2.0,0.01,10000,50.0,5.98,6.04,5.998402953382201,1.06949907693896,0.5249999999999999,,,,,,,,,,0.00125,0.00575,,0.14
1672,case_01672_grid_following_inverter_like_slg_b_scr2.0_n0.010_r4.csv,/root/phd_thesis/Z_Synthetic_Family_Library_v2/waveforms/case_01672_grid_following_inverter_like_slg_b_scr2.0_n0.010_r4.csv,grid_following_inverter_like,slg_b,2.0,0.01,10000,50.0,5.98,6.04,5.998918875599694,1.0209385753695246,0.5249999999999999,,,,,,,,,,0.00125,0.00575,,0.14
1673,case_01673_grid_following_inverter_like_slg_b_scr2.0_n0.010_r5.csv,/root/phd_thesis/Z_Synthetic_Family_Library_v2/waveforms/case_01673_grid_following_inverter_like_slg_b_scr2.0_n0.010_r5.csv,grid_following_inverter_like,slg_b,2.0,0.01,10000,50.0,5.98,6.04,5.998566290481861,1.003583133297257,0.5249999999999999,,,,,,,,,,0.00125,0.00575,,0.14
1674,case_01674_grid_following_inverter_like_slg_b_scr2.0_n0.010_r6.csv,/root/phd_thesis/Z_Synthetic_Family_Library_v2/waveforms/case_01674_grid_following_inverter_like_slg_b_scr2.0_n0.010_r6.csv,grid_following_inverter_like,slg_b,2.0,0.01,10000,50.0,5.98,6.04,5.998173255401275,1.0270763135580347,0.5249999999999999,,,,,,,,,,0.00125,0.00575,,0.14
1675,case_01675_grid_following_inverter_like_slg_b_scr3.0_n0.002_r1.csv,/root/phd_thesis/Z_Synthetic_Family_Library_v2/waveforms/case_01675_grid_following_inverter_like_slg_b_scr3.0_n0.002_r1.csv,grid_following_inverter_like,slg_b,3.0,0.002,10000,50.0,5.98,6.04,5.999175009050943,1.013792487703877,0.35,,,,,,,,,,0.0011,0.005,,0.12
1676,case_01676_grid_following_inverter_like_slg_b_scr3.0_n0.002_r2.csv,/root/phd_thesis/Z_Synthetic_Family_Library_v2/waveforms/case_01676_grid_following_inverter_like_slg_b_scr3.0_n0.002_r2.csv,grid_following_inverter_like,slg_b,3.0,0.002,10000,50.0,5.98,6.04,5.99783659804313,1.047383434818994,0.35,,,,,,,,,,0.0011,0.005,,0.12
1677,case_01677_grid_following_inverter_like_slg_b_scr3.0_n0.002_r3.csv,/root/phd_thesis/Z_Synthetic_Family_Library_v2/waveforms/case_01677_grid_following_inverter_like_slg_b_scr3.0_n0.002_r3.csv,grid_following_inverter_like,slg_b,3.0,0.002,10000,50.0,5.98,6.04,5.99805625287463,1.0026881040588944,0.35,,,,,,,,,,0.0011,0.005,,0.12
1678,case_01678_grid_following_inverter_like_slg_b_scr3.0_n0.002_r4.csv,/root/phd_thesis/Z_Synthetic_Family_Library_v2/waveforms/case_01678_grid_following_inverter_like_slg_b_scr3.0_n0.002_r4.csv,grid_following_inverter_like,slg_b,3.0,0.002,10000,50.0,5.98,6.04,5.998231607657294,1.039449331097297,0.35,,,,,,,,,,0.0011,0.005,,0.12
1679,case_01679_grid_following_inverter_like_slg_b_scr3.0_n0.002_r5.csv,/root/phd_thesis/Z_Synthetic_Family_Library_v2/waveforms/case_01679_grid_following_inverter_like_slg_b_scr3.0_n0.002_r5.csv,grid_following_inverter_like,slg_b,3.0,0.002,10000,50.0,5.98,6.04,5.99804782433899,1.0033511517520761,0.35,,,,,,,,,,0.0011,0.005,,0.12
1680,case_01680_grid_following_inverter_like_slg_b_scr3.0_n0.002_r6.csv,/root/phd_thesis/Z_Synthetic_Family_Library_v2/waveforms/case_01680_grid_following_inverter_like_slg_b_scr3.0_n0.002_r6.csv,grid_following_inverter_like,slg_b,3.0,0.002,10000,50.0,5.98,6.04,5.997717472262394,1.041592085430543,0.35,,,,,,,,,,0.0011,0.005,,0.12
1681,case_01681_grid_following_inverter_like_slg_b_scr3.0_n0.005_r1.csv,/root/phd_thesis/Z_Synthetic_Family_Library_v2/waveforms/case_01681_grid_following_inverter_like_slg_b_scr3.0_n0.005_r1.csv,grid_following_inverter_like,slg_b,3.0,0.005,10000,50.0,5.98,6.04,5.9999013692678105,1.0020691206976864,0.35,,,,,,,,,,0.0011,0.005,,0.12
1682,case_01682_grid_following_inverter_like_slg_b_scr3.0_n0.005_r2.csv,/root/phd_thesis/Z_Synthetic_Family_Library_v2/waveforms/case_01682_grid_following_inverter_like_slg_b_scr3.0_n0.005_r2.csv,grid_following_inverter_like,slg_b,3.0,0.005,10000,50.0,5.98,6.04,5.998728854745553,1.017112362591235,0.35,,,,,,,,,,0.0011,0.005,,0.12
1683,case_01683_grid_following_inverter_like_slg_b_scr3.0_n0.005_r3.csv,/root/phd_thesis/Z_Synthetic_Family_Library_v2/waveforms/case_01683_grid_following_inverter_like_slg_b_scr3.0_n0.005_r3.csv,grid_following_inverter_like,slg_b,3.0,0.005,10000,50.0,5.98,6.04,5.999217008404789,1.0158593639193674,0.35,,,,,,,,,,0.0011,0.005,,0.12
1684,case_01684_grid_following_inverter_like_slg_b_scr3.0_n0.005_r4.csv,/root/phd_thesis/Z_Synthetic_Family_Library_v2/waveforms/case_01684_grid_following_inverter_like_slg_b_scr3.0_n0.005_r4.csv,grid_following_inverter_like,slg_b,3.0,0.005,10000,50.0,5.98,6.04,5.9995012576336615,1.0311862016150997,0.35,,,,,,,,,,0.0011,0.005,,0.12
1685,case_01685_grid_following_inverter_like_slg_b_scr3.0_n0.005_r5.csv,/root/phd_thesis/Z_Synthetic_Family_Library_v2/waveforms/case_01685_grid_following_inverter_like_slg_b_scr3.0_n0.005_r5.csv,grid_following_inverter_like,slg_b,3.0,0.005,10000,50.0,5.98,6.04,6.000252980765359,1.0207330076834524,0.35,,,,,,,,,,0.0011,0.005,,0.12
1686,case_01686_grid_following_inverter_like_slg_b_scr3.0_n0.005_r6.csv,/root/phd_thesis/Z_Synthetic_Family_Library_v2/waveforms/case_01686_grid_following_inverter_like_slg_b_scr3.0_n0.005_r6.csv,grid_following_inverter_like,slg_b,3.0,0.005,10000,50.0,5.98,6.04,5.998820844620214,1.0326526746253963,0.35,,,,,,,,,,0.0011,0.005,,0.12
1687,case_01687_grid_following_inverter_like_slg_b_scr3.0_n0.010_r1.csv,/root/phd_thesis/Z_Synthetic_Family_Library_v2/waveforms/case_01687_grid_following_inverter_like_slg_b_scr3.0_n0.010_r1.csv,grid_following_inverter_like,slg_b,3.0,0.01,10000,50.0,5.98,6.04,5.999662897010373,1.0364548129624518,0.35,,,,,,,,,,0.0011,0.005,,0.12
1688,case_01688_grid_following_inverter_like_slg_b_scr3.0_n0.010_r2.csv,/root/phd_thesis/Z_Synthetic_Family_Library_v2/waveforms/case_01688_grid_following_inverter_like_slg_b_scr3.0_n0.010_r2.csv,grid_following_inverter_like,slg_b,3.0,0.01,10000,50.0,5.98,6.04,5.998572195765918,1.026128197957269,0.35,,,,,,,,,,0.0011,0.005,,0.12
1689,case_01689_grid_following_inverter_like_slg_b_scr3.0_n0.010_r3.csv,/root/phd_thesis/Z_Synthetic_Family_Library_v2/waveforms/case_01689_grid_following_inverter_like_slg_b_scr3.0_n0.010_r3.csv,grid_following_inverter_like,slg_b,3.0,0.01,10000,50.0,5.98,6.04,5.999708039455723,1.059283636647818,0.35,,,,,,,,,,0.0011,0.005,,0.12
1690,case_01690_grid_following_inverter_like_slg_b_scr3.0_n0.010_r4.csv,/root/phd_thesis/Z_Synthetic_Family_Library_v2/waveforms/case_01690_grid_following_inverter_like_slg_b_scr3.0_n0.010_r4.csv,grid_following_inverter_like,slg_b,3.0,0.01,10000,50.0,5.98,6.04,5.999111701466835,1.0207090988600975,0.35,,,,,,,,,,0.0011,0.005,,0.12
1691,case_01691_grid_following_inverter_like_slg_b_scr3.0_n0.010_r5.csv,/root/phd_thesis/Z_Synthetic_Family_Library_v2/waveforms/case_01691_grid_following_inverter_like_slg_b_scr3.0_n0.010_r5.csv,grid_following_inverter_like,slg_b,3.0,0.01,10000,50.0,5.98,6.04,5.998296717917915,1.0619888672635711,0.35,,,,,,,,,,0.0011,0.005,,0.12
1692,case_01692_grid_following_inverter_like_slg_b_scr3.0_n0.010_r6.csv,/root/phd_thesis/Z_Synthetic_Family_Library_v2/waveforms/case_01692_grid_following_inverter_like_slg_b_scr3.0_n0.010_r6.csv,grid_following_inverter_like,slg_b,3.0,0.01,10000,50.0,5.98,6.04,6.000134244399814,1.0330094525915015,0.35,,,,,,,,,,0.0011,0.005,,0.12
1693,case_01693_grid_following_inverter_like_slg_b_scr5.0_n0.002_r1.csv,/root/phd_thesis/Z_Synthetic_Family_Library_v2/waveforms/case_01693_grid_following_inverter_like_slg_b_scr5.0_n0.002_r1.csv,grid_following_inverter_like,slg_b,5.0,0.002,10000,50.0,5.98,6.04,5.999952782900063,1.0191910312611978,0.21,,,,,,,,,,0.00098,0.0044,,0.10400000000000001
1694,case_01694_grid_following_inverter_like_slg_b_scr5.0_n0.002_r2.csv,/root/phd_thesis/Z_Synthetic_Family_Library_v2/waveforms/case_01694_grid_following_inverter_like_slg_b_scr5.0_n0.002_r2.csv,grid_following_inverter_like,slg_b,5.0,0.002,10000,50.0,5.98,6.04,5.998092988208435,1.0626647105288596,0.21,,,,,,,,,,0.00098,0.0044,,0.10400000000000001
1695,case_01695_grid_following_inverter_like_slg_b_scr5.0_n0.002_r3.csv,/root/phd_thesis/Z_Synthetic_Family_Library_v2/waveforms/case_01695_grid_following_inverter_like_slg_b_scr5.0_n0.002_r3.csv,grid_following_inverter_like,slg_b,5.0,0.002,10000,50.0,5.98,6.04,5.997805950903501,1.0709974283108803,0.21,,,,,,,,,,0.00098,0.0044,,0.10400000000000001
1696,case_01696_grid_following_inverter_like_slg_b_scr5.0_n0.002_r4.csv,/root/phd_thesis/Z_Synthetic_Family_Library_v2/waveforms/case_01696_grid_following_inverter_like_slg_b_scr5.0_n0.002_r4.csv,grid_following_inverter_like,slg_b,5.0,0.002,10000,50.0,5.98,6.04,6.000295352209443,1.0584612012161905,0.21,,,,,,,,,,0.00098,0.0044,,0.10400000000000001
1697,case_01697_grid_following_inverter_like_slg_b_scr5.0_n0.002_r5.csv,/root/phd_thesis/Z_Synthetic_Family_Library_v2/waveforms/case_01697_grid_following_inverter_like_slg_b_scr5.0_n0.002_r5.csv,grid_following_inverter_like,slg_b,5.0,0.002,10000,50.0,5.98,6.04,5.997592959069939,1.038092964832374,0.21,,,,,,,,,,0.00098,0.0044,,0.10400000000000001
1698,case_01698_grid_following_inverter_like_slg_b_scr5.0_n0.002_r6.csv,/root/phd_thesis/Z_Synthetic_Family_Library_v2/waveforms/case_01698_grid_following_inverter_like_slg_b_scr5.0_n0.002_r6.csv,grid_following_inverter_like,slg_b,5.0,0.002,10000,50.0,5.98,6.04,5.999665071372452,1.027998886200316,0.21,,,,,,,,,,0.00098,0.0044,,0.10400000000000001
1699,case_01699_grid_following_inverter_like_slg_b_scr5.0_n0.005_r1.csv,/root/phd_thesis/Z_Synthetic_Family_Library_v2/waveforms/case_01699_grid_following_inverter_like_slg_b_scr5.0_n0.005_r1.csv,grid_following_inverter_like,slg_b,5.0,0.005,10000,50.0,5.98,6.04,5.999834752545234,1.0745536841283327,0.21,,,,,,,,,,0.00098,0.0044,,0.10400000000000001
1700,case_01700_grid_following_inverter_like_slg_b_scr5.0_n0.005_r2.csv,/root/phd_thesis/Z_Synthetic_Family_Library_v2/waveforms/case_01700_grid_following_inverter_like_slg_b_scr5.0_n0.005_r2.csv,grid_following_inverter_like,slg_b,5.0,0.005,10000,50.0,5.98,6.04,5.999320929388925,1.050031227894159,0.21,,,,,,,,,,0.00098,0.0044,,0.10400000000000001
1701,case_01701_grid_following_inverter_like_slg_b_scr5.0_n0.005_r3.csv,/root/phd_thesis/Z_Synthetic_Family_Library_v2/waveforms/case_01701_grid_following_inverter_like_slg_b_scr5.0_n0.005_r3.csv,grid_following_inverter_like,slg_b,5.0,0.005,10000,50.0,5.98,6.04,5.999654623392434,1.0101422508267224,0.21,,,,,,,,,,0.00098,0.0044,,0.10400000000000001
1702,case_01702_grid_following_inverter_like_slg_b_scr5.0_n0.005_r4.csv,/root/phd_thesis/Z_Synthetic_Family_Library_v2/waveforms/case_01702_grid_following_inverter_like_slg_b_scr5.0_n0.005_r4.csv,grid_following_inverter_like,slg_b,5.0,0.005,10000,50.0,5.98,6.04,5.9987379200568585,1.0569698850740021,0.21,,,,,,,,,,0.00098,0.0044,,0.10400000000000001
1703,case_01703_grid_following_inverter_like_slg_b_scr5.0_n0.005_r5.csv,/root/phd_thesis/Z_Synthetic_Family_Library_v2/waveforms/case_01703_grid_following_inverter_like_slg_b_scr5.0_n0.005_r5.csv,grid_following_inverter_like,slg_b,5.0,0.005,10000,50.0,5.98,6.04,5.997645064709798,1.072574033868816,0.21,,,,,,,,,,0.00098,0.0044,,0.10400000000000001
1704,case_01704_grid_following_inverter_like_slg_b_scr5.0_n0.005_r6.csv,/root/phd_thesis/Z_Synthetic_Family_Library_v2/waveforms/case_01704_grid_following_inverter_like_slg_b_scr5.0_n0.005_r6.csv,grid_following_inverter_like,slg_b,5.0,0.005,10000,50.0,5.98,6.04,5.998410559811711,1.0563215784266589,0.21,,,,,,,,,,0.00098,0.0044,,0.10400000000000001
1705,case_01705_grid_following_inverter_like_slg_b_scr5.0_n0.010_r1.csv,/root/phd_thesis/Z_Synthetic_Family_Library_v2/waveforms/case_01705_grid_following_inverter_like_slg_b_scr5.0_n0.010_r1.csv,grid_following_inverter_like,slg_b,5.0,0.01,10000,50.0,5.98,6.04,5.997915144357028,1.063295255327325,0.21,,,,,,,,,,0.00098,0.0044,,0.10400000000000001
1706,case_01706_grid_following_inverter_like_slg_b_scr5.0_n0.010_r2.csv,/root/phd_thesis/Z_Synthetic_Family_Library_v2/waveforms/case_01706_grid_following_inverter_like_slg_b_scr5.0_n0.010_r2.csv,grid_following_inverter_like,slg_b,5.0,0.01,10000,50.0,5.98,6.04,5.998788035010014,1.0642016203473443,0.21,,,,,,,,,,0.00098,0.0044,,0.10400000000000001
1707,case_01707_grid_following_inverter_like_slg_b_scr5.0_n0.010_r3.csv,/root/phd_thesis/Z_Synthetic_Family_Library_v2/waveforms/case_01707_grid_following_inverter_like_slg_b_scr5.0_n0.010_r3.csv,grid_following_inverter_like,slg_b,5.0,0.01,10000,50.0,5.98,6.04,5.9996592945675085,1.0046726262437211,0.21,,,,,,,,,,0.00098,0.0044,,0.10400000000000001
1708,case_01708_grid_following_inverter_like_slg_b_scr5.0_n0.010_r4.csv,/root/phd_thesis/Z_Synthetic_Family_Library_v2/waveforms/case_01708_grid_following_inverter_like_slg_b_scr5.0_n0.010_r4.csv,grid_following_inverter_like,slg_b,5.0,0.01,10000,50.0,5.98,6.04,5.999698405446716,1.0350180979756602,0.21,,,,,,,,,,0.00098,0.0044,,0.10400000000000001
1709,case_01709_grid_following_inverter_like_slg_b_scr5.0_n0.010_r5.csv,/root/phd_thesis/Z_Synthetic_Family_Library_v2/waveforms/case_01709_grid_following_inverter_like_slg_b_scr5.0_n0.010_r5.csv,grid_following_inverter_like,slg_b,5.0,0.01,10000,50.0,5.98,6.04,5.999802859484023,1.0304897263288344,0.21,,,,,,,,,,0.00098,0.0044,,0.10400000000000001
1710,case_01710_grid_following_inverter_like_slg_b_scr5.0_n0.010_r6.csv,/root/phd_thesis/Z_Synthetic_Family_Library_v2/waveforms/case_01710_grid_following_inverter_like_slg_b_scr5.0_n0.010_r6.csv,grid_following_inverter_like,slg_b,5.0,0.01,10000,50.0,5.98,6.04,5.999033627018701,1.0732641439304165,0.21,,,,,,,,,,0.00098,0.0044,,0.10400000000000001
1711,case_01711_grid_following_inverter_like_slg_b_scr8.0_n0.002_r1.csv,/root/phd_thesis/Z_Synthetic_Family_Library_v2/waveforms/case_01711_grid_following_inverter_like_slg_b_scr8.0_n0.002_r1.csv,grid_following_inverter_like,slg_b,8.0,0.002,10000,50.0,5.98,6.04,5.998649918004385,1.0658037915142187,0.13999999999999999,,,,,,,,,,0.0009125,0.0040625,,0.095
1712,case_01712_grid_following_inverter_like_slg_b_scr8.0_n0.002_r2.csv,/root/phd_thesis/Z_Synthetic_Family_Library_v2/waveforms/case_01712_grid_following_inverter_like_slg_b_scr8.0_n0.002_r2.csv,grid_following_inverter_like,slg_b,8.0,0.002,10000,50.0,5.98,6.04,6.00029158686202,1.034611951892336,0.13999999999999999,,,,,,,,,,0.0009125,0.0040625,,0.095
1713,case_01713_grid_following_inverter_like_slg_b_scr8.0_n0.002_r3.csv,/root/phd_thesis/Z_Synthetic_Family_Library_v2/waveforms/case_01713_grid_following_inverter_like_slg_b_scr8.0_n0.002_r3.csv,grid_following_inverter_like,slg_b,8.0,0.002,10000,50.0,5.98,6.04,5.99972100879013,1.0663738891584345,0.13999999999999999,,,,,,,,,,0.0009125,0.0040625,,0.095
1714,case_01714_grid_following_inverter_like_slg_b_scr8.0_n0.002_r4.csv,/root/phd_thesis/Z_Synthetic_Family_Library_v2/waveforms/case_01714_grid_following_inverter_like_slg_b_scr8.0_n0.002_r4.csv,grid_following_inverter_like,slg_b,8.0,0.002,10000,50.0,5.98,6.04,5.999219618573114,1.035004160611092,0.13999999999999999,,,,,,,,,,0.0009125,0.0040625,,0.095
1715,case_01715_grid_following_inverter_like_slg_b_scr8.0_n0.002_r5.csv,/root/phd_thesis/Z_Synthetic_Family_Library_v2/waveforms/case_01715_grid_following_inverter_like_slg_b_scr8.0_n0.002_r5.csv,grid_following_inverter_like,slg_b,8.0,0.002,10000,50.0,5.98,6.04,5.998610338171744,1.010996692455088,0.13999999999999999,,,,,,,,,,0.0009125,0.0040625,,0.095
1716,case_01716_grid_following_inverter_like_slg_b_scr8.0_n0.002_r6.csv,/root/phd_thesis/Z_Synthetic_Family_Library_v2/waveforms/case_01716_grid_following_inverter_like_slg_b_scr8.0_n0.002_r6.csv,grid_following_inverter_like,slg_b,8.0,0.002,10000,50.0,5.98,6.04,5.9978763030042686,1.053195798100057,0.13999999999999999,,,,,,,,,,0.0009125,0.0040625,,0.095
1717,case_01717_grid_following_inverter_like_slg_b_scr8.0_n0.005_r1.csv,/root/phd_thesis/Z_Synthetic_Family_Library_v2/waveforms/case_01717_grid_following_inverter_like_slg_b_scr8.0_n0.005_r1.csv,grid_following_inverter_like,slg_b,8.0,0.005,10000,50.0,5.98,6.04,6.000279765643034,1.0692548893916216,0.13999999999999999,,,,,,,,,,0.0009125,0.0040625,,0.095
1718,case_01718_grid_following_inverter_like_slg_b_scr8.0_n0.005_r2.csv,/root/phd_thesis/Z_Synthetic_Family_Library_v2/waveforms/case_01718_grid_following_inverter_like_slg_b_scr8.0_n0.005_r2.csv,grid_following_inverter_like,slg_b,8.0,0.005,10000,50.0,5.98,6.04,5.99958623482261,1.0141876957134477,0.13999999999999999,,,,,,,,,,0.0009125,0.0040625,,0.095
1719,case_01719_grid_following_inverter_like_slg_b_scr8.0_n0.005_r3.csv,/root/phd_thesis/Z_Synthetic_Family_Library_v2/waveforms/case_01719_grid_following_inverter_like_slg_b_scr8.0_n0.005_r3.csv,grid_following_inverter_like,slg_b,8.0,0.005,10000,50.0,5.98,6.04,5.998621905978834,1.0419933174636695,0.13999999999999999,,,,,,,,,,0.0009125,0.0040625,,0.095
1720,case_01720_grid_following_inverter_like_slg_b_scr8.0_n0.005_r4.csv,/root/phd_thesis/Z_Synthetic_Family_Library_v2/waveforms/case_01720_grid_following_inverter_like_slg_b_scr8.0_n0.005_r4.csv,grid_following_inverter_like,slg_b,8.0,0.005,10000,50.0,5.98,6.04,5.998743678978285,1.0608459915673725,0.13999999999999999,,,,,,,,,,0.0009125,0.0040625,,0.095
1721,case_01721_grid_following_inverter_like_slg_b_scr8.0_n0.005_r5.csv,/root/phd_thesis/Z_Synthetic_Family_Library_v2/waveforms/case_01721_grid_following_inverter_like_slg_b_scr8.0_n0.005_r5.csv,grid_following_inverter_like,slg_b,8.0,0.005,10000,50.0,5.98,6.04,5.9985540022271735,1.0238221274872144,0.13999999999999999,,,,,,,,,,0.0009125,0.0040625,,0.095
1722,case_01722_grid_following_inverter_like_slg_b_scr8.0_n0.005_r6.csv,/root/phd_thesis/Z_Synthetic_Family_Library_v2/waveforms/case_01722_grid_following_inverter_like_slg_b_scr8.0_n0.005_r6.csv,grid_following_inverter_like,slg_b,8.0,0.005,10000,50.0,5.98,6.04,5.999184895742089,1.011304841479294,0.13999999999999999,,,,,,,,,,0.0009125,0.0040625,,0.095
1723,case_01723_grid_following_inverter_like_slg_b_scr8.0_n0.010_r1.csv,/root/phd_thesis/Z_Synthetic_Family_Library_v2/waveforms/case_01723_grid_following_inverter_like_slg_b_scr8.0_n0.010_r1.csv,grid_following_inverter_like,slg_b,8.0,0.01,10000,50.0,5.98,6.04,5.997820868016832,1.0549804130723224,0.13999999999999999,,,,,,,,,,0.0009125,0.0040625,,0.095
1724,case_01724_grid_following_inverter_like_slg_b_scr8.0_n0.010_r2.csv,/root/phd_thesis/Z_Synthetic_Family_Library_v2/waveforms/case_01724_grid_following_inverter_like_slg_b_scr8.0_n0.010_r2.csv,grid_following_inverter_like,slg_b,8.0,0.01,10000,50.0,5.98,6.04,5.999279367279107,1.0717091504231229,0.13999999999999999,,,,,,,,,,0.0009125,0.0040625,,0.095
1725,case_01725_grid_following_inverter_like_slg_b_scr8.0_n0.010_r3.csv,/root/phd_thesis/Z_Synthetic_Family_Library_v2/waveforms/case_01725_grid_following_inverter_like_slg_b_scr8.0_n0.010_r3.csv,grid_following_inverter_like,slg_b,8.0,0.01,10000,50.0,5.98,6.04,5.9991750392782235,1.0556706926521522,0.13999999999999999,,,,,,,,,,0.0009125,0.0040625,,0.095
1726,case_01726_grid_following_inverter_like_slg_b_scr8.0_n0.010_r4.csv,/root/phd_thesis/Z_Synthetic_Family_Library_v2/waveforms/case_01726_grid_following_inverter_like_slg_b_scr8.0_n0.010_r4.csv,grid_following_inverter_like,slg_b,8.0,0.01,10000,50.0,5.98,6.04,6.000485834517331,1.058333619727333,0.13999999999999999,,,,,,,,,,0.0009125,0.0040625,,0.095
1727,case_01727_grid_following_inverter_like_slg_b_scr8.0_n0.010_r5.csv,/root/phd_thesis/Z_Synthetic_Family_Library_v2/waveforms/case_01727_grid_following_inverter_like_slg_b_scr8.0_n0.010_r5.csv,grid_following_inverter_like,slg_b,8.0,0.01,10000,50.0,5.98,6.04,5.998634823972101,1.0377624246089217,0.13999999999999999,,,,,,,,,,0.0009125,0.0040625,,0.095
1728,case_01728_grid_following_inverter_like_slg_b_scr8.0_n0.010_r6.csv,/root/phd_thesis/Z_Synthetic_Family_Library_v2/waveforms/case_01728_grid_following_inverter_like_slg_b_scr8.0_n0.010_r6.csv,grid_following_inverter_like,slg_b,8.0,0.01,10000,50.0,5.98,6.04,5.999125039558617,1.0590680104760781,0.13999999999999999,,,,,,,,,,0.0009125,0.0040625,,0.095
1729,case_01729_grid_following_inverter_like_slg_c_scr2.0_n0.002_r1.csv,/root/phd_thesis/Z_Synthetic_Family_Library_v2/waveforms/case_01729_grid_following_inverter_like_slg_c_scr2.0_n0.002_r1.csv,grid_following_inverter_like,slg_c,2.0,0.002,10000,50.0,5.98,6.04,5.998412340772653,1.0690955587046718,0.5249999999999999,,,,,,,,,,0.00125,0.00575,,0.14
1730,case_01730_grid_following_inverter_like_slg_c_scr2.0_n0.002_r2.csv,/root/phd_thesis/Z_Synthetic_Family_Library_v2/waveforms/case_01730_grid_following_inverter_like_slg_c_scr2.0_n0.002_r2.csv,grid_following_inverter_like,slg_c,2.0,0.002,10000,50.0,5.98,6.04,5.99987714075139,1.0459513209722624,0.5249999999999999,,,,,,,,,,0.00125,0.00575,,0.14
1731,case_01731_grid_following_inverter_like_slg_c_scr2.0_n0.002_r3.csv,/root/phd_thesis/Z_Synthetic_Family_Library_v2/waveforms/case_01731_grid_following_inverter_like_slg_c_scr2.0_n0.002_r3.csv,grid_following_inverter_like,slg_c,2.0,0.002,10000,50.0,5.98,6.04,5.99953353001038,1.0457539765932595,0.5249999999999999,,,,,,,,,,0.00125,0.00575,,0.14
1732,case_01732_grid_following_inverter_like_slg_c_scr2.0_n0.002_r4.csv,/root/phd_thesis/Z_Synthetic_Family_Library_v2/waveforms/case_01732_grid_following_inverter_like_slg_c_scr2.0_n0.002_r4.csv,grid_following_inverter_like,slg_c,2.0,0.002,10000,50.0,5.98,6.04,5.999699472979971,1.045460052307306,0.5249999999999999,,,,,,,,,,0.00125,0.00575,,0.14
1733,case_01733_grid_following_inverter_like_slg_c_scr2.0_n0.002_r5.csv,/root/phd_thesis/Z_Synthetic_Family_Library_v2/waveforms/case_01733_grid_following_inverter_like_slg_c_scr2.0_n0.002_r5.csv,grid_following_inverter_like,slg_c,2.0,0.002,10000,50.0,5.98,6.04,5.997808707328041,1.0481008051597245,0.5249999999999999,,,,,,,,,,0.00125,0.00575,,0.14
1734,case_01734_grid_following_inverter_like_slg_c_scr2.0_n0.002_r6.csv,/root/phd_thesis/Z_Synthetic_Family_Library_v2/waveforms/case_01734_grid_following_inverter_like_slg_c_scr2.0_n0.002_r6.csv,grid_following_inverter_like,slg_c,2.0,0.002,10000,50.0,5.98,6.04,6.000134542545178,1.0408249552882185,0.5249999999999999,,,,,,,,,,0.00125,0.00575,,0.14
1735,case_01735_grid_following_inverter_like_slg_c_scr2.0_n0.005_r1.csv,/root/phd_thesis/Z_Synthetic_Family_Library_v2/waveforms/case_01735_grid_following_inverter_like_slg_c_scr2.0_n0.005_r1.csv,grid_following_inverter_like,slg_c,2.0,0.005,10000,50.0,5.98,6.04,5.998258480724413,1.0597535454406084,0.5249999999999999,,,,,,,,,,0.00125,0.00575,,0.14
1736,case_01736_grid_following_inverter_like_slg_c_scr2.0_n0.005_r2.csv,/root/phd_thesis/Z_Synthetic_Family_Library_v2/waveforms/case_01736_grid_following_inverter_like_slg_c_scr2.0_n0.005_r2.csv,grid_following_inverter_like,slg_c,2.0,0.005,10000,50.0,5.98,6.04,5.998254726559526,1.0532701612399855,0.5249999999999999,,,,,,,,,,0.00125,0.00575,,0.14
1737,case_01737_grid_following_inverter_like_slg_c_scr2.0_n0.005_r3.csv,/root/phd_thesis/Z_Synthetic_Family_Library_v2/waveforms/case_01737_grid_following_inverter_like_slg_c_scr2.0_n0.005_r3.csv,grid_following_inverter_like,slg_c,2.0,0.005,10000,50.0,5.98,6.04,5.999694195915441,1.0097238208260264,0.5249999999999999,,,,,,,,,,0.00125,0.00575,,0.14
1738,case_01738_grid_following_inverter_like_slg_c_scr2.0_n0.005_r4.csv,/root/phd_thesis/Z_Synthetic_Family_Library_v2/waveforms/case_01738_grid_following_inverter_like_slg_c_scr2.0_n0.005_r4.csv,grid_following_inverter_like,slg_c,2.0,0.005,10000,50.0,5.98,6.04,5.999393635021163,1.0277010843126109,0.5249999999999999,,,,,,,,,,0.00125,0.00575,,0.14
1739,case_01739_grid_following_inverter_like_slg_c_scr2.0_n0.005_r5.csv,/root/phd_thesis/Z_Synthetic_Family_Library_v2/waveforms/case_01739_grid_following_inverter_like_slg_c_scr2.0_n0.005_r5.csv,grid_following_inverter_like,slg_c,2.0,0.005,10000,50.0,5.98,6.04,6.000419199668464,1.075535947558819,0.5249999999999999,,,,,,,,,,0.00125,0.00575,,0.14
1740,case_01740_grid_following_inverter_like_slg_c_scr2.0_n0.005_r6.csv,/root/phd_thesis/Z_Synthetic_Family_Library_v2/waveforms/case_01740_grid_following_inverter_like_slg_c_scr2.0_n0.005_r6.csv,grid_following_inverter_like,slg_c,2.0,0.005,10000,50.0,5.98,6.04,5.997505361483569,1.0566974544078322,0.5249999999999999,,,,,,,,,,0.00125,0.00575,,0.14
1741,case_01741_grid_following_inverter_like_slg_c_scr2.0_n0.010_r1.csv,/root/phd_thesis/Z_Synthetic_Family_Library_v2/waveforms/case_01741_grid_following_inverter_like_slg_c_scr2.0_n0.010_r1.csv,grid_following_inverter_like,slg_c,2.0,0.01,10000,50.0,5.98,6.04,6.000269803477118,1.0487032019500562,0.5249999999999999,,,,,,,,,,0.00125,0.00575,,0.14
1742,case_01742_grid_following_inverter_like_slg_c_scr2.0_n0.010_r2.csv,/root/phd_thesis/Z_Synthetic_Family_Library_v2/waveforms/case_01742_grid_following_inverter_like_slg_c_scr2.0_n0.010_r2.csv,grid_following_inverter_like,slg_c,2.0,0.01,10000,50.0,5.98,6.04,5.997798988671299,1.0658675330785852,0.5249999999999999,,,,,,,,,,0.00125,0.00575,,0.14
1743,case_01743_grid_following_inverter_like_slg_c_scr2.0_n0.010_r3.csv,/root/phd_thesis/Z_Synthetic_Family_Library_v2/waveforms/case_01743_grid_following_inverter_like_slg_c_scr2.0_n0.010_r3.csv,grid_following_inverter_like,slg_c,2.0,0.01,10000,50.0,5.98,6.04,6.000337717337126,1.0704621344686738,0.5249999999999999,,,,,,,,,,0.00125,0.00575,,0.14
1744,case_01744_grid_following_inverter_like_slg_c_scr2.0_n0.010_r4.csv,/root/phd_thesis/Z_Synthetic_Family_Library_v2/waveforms/case_01744_grid_following_inverter_like_slg_c_scr2.0_n0.010_r4.csv,grid_following_inverter_like,slg_c,2.0,0.01,10000,50.0,5.98,6.04,5.999723079971384,1.065523045597403,0.5249999999999999,,,,,,,,,,0.00125,0.00575,,0.14
1745,case_01745_grid_following_inverter_like_slg_c_scr2.0_n0.010_r5.csv,/root/phd_thesis/Z_Synthetic_Family_Library_v2/waveforms/case_01745_grid_following_inverter_like_slg_c_scr2.0_n0.010_r5.csv,grid_following_inverter_like,slg_c,2.0,0.01,10000,50.0,5.98,6.04,5.999888081412397,1.0395040495628876,0.5249999999999999,,,,,,,,,,0.00125,0.00575,,0.14
1746,case_01746_grid_following_inverter_like_slg_c_scr2.0_n0.010_r6.csv,/root/phd_thesis/Z_Synthetic_Family_Library_v2/waveforms/case_01746_grid_following_inverter_like_slg_c_scr2.0_n0.010_r6.csv,grid_following_inverter_like,slg_c,2.0,0.01,10000,50.0,5.98,6.04,5.999765348174463,1.0400743372903092,0.5249999999999999,,,,,,,,,,0.00125,0.00575,,0.14
1747,case_01747_grid_following_inverter_like_slg_c_scr3.0_n0.002_r1.csv,/root/phd_thesis/Z_Synthetic_Family_Library_v2/waveforms/case_01747_grid_following_inverter_like_slg_c_scr3.0_n0.002_r1.csv,grid_following_inverter_like,slg_c,3.0,0.002,10000,50.0,5.98,6.04,5.999546129432562,1.0536085727964546,0.35,,,,,,,,,,0.0011,0.005,,0.12
1748,case_01748_grid_following_inverter_like_slg_c_scr3.0_n0.002_r2.csv,/root/phd_thesis/Z_Synthetic_Family_Library_v2/waveforms/case_01748_grid_following_inverter_like_slg_c_scr3.0_n0.002_r2.csv,grid_following_inverter_like,slg_c,3.0,0.002,10000,50.0,5.98,6.04,5.998635869536729,1.0413038996879302,0.35,,,,,,,,,,0.0011,0.005,,0.12
1749,case_01749_grid_following_inverter_like_slg_c_scr3.0_n0.002_r3.csv,/root/phd_thesis/Z_Synthetic_Family_Library_v2/waveforms/case_01749_grid_following_inverter_like_slg_c_scr3.0_n0.002_r3.csv,grid_following_inverter_like,slg_c,3.0,0.002,10000,50.0,5.98,6.04,5.9989578870957985,1.0222674218007715,0.35,,,,,,,,,,0.0011,0.005,,0.12
1750,case_01750_grid_following_inverter_like_slg_c_scr3.0_n0.002_r4.csv,/root/phd_thesis/Z_Synthetic_Family_Library_v2/waveforms/case_01750_grid_following_inverter_like_slg_c_scr3.0_n0.002_r4.csv,grid_following_inverter_like,slg_c,3.0,0.002,10000,50.0,5.98,6.04,5.998139000954995,1.067699033059963,0.35,,,,,,,,,,0.0011,0.005,,0.12
1751,case_01751_grid_following_inverter_like_slg_c_scr3.0_n0.002_r5.csv,/root/phd_thesis/Z_Synthetic_Family_Library_v2/waveforms/case_01751_grid_following_inverter_like_slg_c_scr3.0_n0.002_r5.csv,grid_following_inverter_like,slg_c,3.0,0.002,10000,50.0,5.98,6.04,5.999557331704572,1.0179649965926743,0.35,,,,,,,,,,0.0011,0.005,,0.12
1752,case_01752_grid_following_inverter_like_slg_c_scr3.0_n0.002_r6.csv,/root/phd_thesis/Z_Synthetic_Family_Library_v2/waveforms/case_01752_grid_following_inverter_like_slg_c_scr3.0_n0.002_r6.csv,grid_following_inverter_like,slg_c,3.0,0.002,10000,50.0,5.98,6.04,5.9977253316860155,1.0688855264729678,0.35,,,,,,,,,,0.0011,0.005,,0.12
1753,case_01753_grid_following_inverter_like_slg_c_scr3.0_n0.005_r1.csv,/root/phd_thesis/Z_Synthetic_Family_Library_v2/waveforms/case_01753_grid_following_inverter_like_slg_c_scr3.0_n0.005_r1.csv,grid_following_inverter_like,slg_c,3.0,0.005,10000,50.0,5.98,6.04,6.000186919751364,1.0725615027434232,0.35,,,,,,,,,,0.0011,0.005,,0.12
1754,case_01754_grid_following_inverter_like_slg_c_scr3.0_n0.005_r2.csv,/root/phd_thesis/Z_Synthetic_Family_Library_v2/waveforms/case_01754_grid_following_inverter_like_slg_c_scr3.0_n0.005_r2.csv,grid_following_inverter_like,slg_c,3.0,0.005,10000,50.0,5.98,6.04,5.999195636479887,1.0155451498110384,0.35,,,,,,,,,,0.0011,0.005,,0.12
1755,case_01755_grid_following_inverter_like_slg_c_scr3.0_n0.005_r3.csv,/root/phd_thesis/Z_Synthetic_Family_Library_v2/waveforms/case_01755_grid_following_inverter_like_slg_c_scr3.0_n0.005_r3.csv,grid_following_inverter_like,slg_c,3.0,0.005,10000,50.0,5.98,6.04,5.998300670938192,1.06126526973283,0.35,,,,,,,,,,0.0011,0.005,,0.12
1756,case_01756_grid_following_inverter_like_slg_c_scr3.0_n0.005_r4.csv,/root/phd_thesis/Z_Synthetic_Family_Library_v2/waveforms/case_01756_grid_following_inverter_like_slg_c_scr3.0_n0.005_r4.csv,grid_following_inverter_like,slg_c,3.0,0.005,10000,50.0,5.98,6.04,5.999421005347619,1.0574370884072637,0.35,,,,,,,,,,0.0011,0.005,,0.12
1757,case_01757_grid_following_inverter_like_slg_c_scr3.0_n0.005_r5.csv,/root/phd_thesis/Z_Synthetic_Family_Library_v2/waveforms/case_01757_grid_following_inverter_like_slg_c_scr3.0_n0.005_r5.csv,grid_following_inverter_like,slg_c,3.0,0.005,10000,50.0,5.98,6.04,5.998237313958602,1.0600114082571765,0.35,,,,,,,,,,0.0011,0.005,,0.12
1758,case_01758_grid_following_inverter_like_slg_c_scr3.0_n0.005_r6.csv,/root/phd_thesis/Z_Synthetic_Family_Library_v2/waveforms/case_01758_grid_following_inverter_like_slg_c_scr3.0_n0.005_r6.csv,grid_following_inverter_like,slg_c,3.0,0.005,10000,50.0,5.98,6.04,5.998483967736538,1.0382068321642115,0.35,,,,,,,,,,0.0011,0.005,,0.12
1759,case_01759_grid_following_inverter_like_slg_c_scr3.0_n0.010_r1.csv,/root/phd_thesis/Z_Synthetic_Family_Library_v2/waveforms/case_01759_grid_following_inverter_like_slg_c_scr3.0_n0.010_r1.csv,grid_following_inverter_like,slg_c,3.0,0.01,10000,50.0,5.98,6.04,5.998158760680896,1.0208935481546721,0.35,,,,,,,,,,0.0011,0.005,,0.12
1760,case_01760_grid_following_inverter_like_slg_c_scr3.0_n0.010_r2.csv,/root/phd_thesis/Z_Synthetic_Family_Library_v2/waveforms/case_01760_grid_following_inverter_like_slg_c_scr3.0_n0.010_r2.csv,grid_following_inverter_like,slg_c,3.0,0.01,10000,50.0,5.98,6.04,5.999549542989689,1.0375889224397323,0.35,,,,,,,,,,0.0011,0.005,,0.12
1761,case_01761_grid_following_inverter_like_slg_c_scr3.0_n0.010_r3.csv,/root/phd_thesis/Z_Synthetic_Family_Library_v2/waveforms/case_01761_grid_following_inverter_like_slg_c_scr3.0_n0.010_r3.csv,grid_following_inverter_like,slg_c,3.0,0.01,10000,50.0,5.98,6.04,5.9984429756679525,1.0666850945584987,0.35,,,,,,,,,,0.0011,0.005,,0.12
1762,case_01762_grid_following_inverter_like_slg_c_scr3.0_n0.010_r4.csv,/root/phd_thesis/Z_Synthetic_Family_Library_v2/waveforms/case_01762_grid_following_inverter_like_slg_c_scr3.0_n0.010_r4.csv,grid_following_inverter_like,slg_c,3.0,0.01,10000,50.0,5.98,6.04,5.998875860142734,1.0405085262132503,0.35,,,,,,,,,,0.0011,0.005,,0.12
1763,case_01763_grid_following_inverter_like_slg_c_scr3.0_n0.010_r5.csv,/root/phd_thesis/Z_Synthetic_Family_Library_v2/waveforms/case_01763_grid_following_inverter_like_slg_c_scr3.0_n0.010_r5.csv,grid_following_inverter_like,slg_c,3.0,0.01,10000,50.0,5.98,6.04,5.999155658295991,1.0232948218284088,0.35,,,,,,,,,,0.0011,0.005,,0.12
1764,case_01764_grid_following_inverter_like_slg_c_scr3.0_n0.010_r6.csv,/root/phd_thesis/Z_Synthetic_Family_Library_v2/waveforms/case_01764_grid_following_inverter_like_slg_c_scr3.0_n0.010_r6.csv,grid_following_inverter_like,slg_c,3.0,0.01,10000,50.0,5.98,6.04,5.999685211744292,1.0526645515830255,0.35,,,,,,,,,,0.0011,0.005,,0.12
1765,case_01765_grid_following_inverter_like_slg_c_scr5.0_n0.002_r1.csv,/root/phd_thesis/Z_Synthetic_Family_Library_v2/waveforms/case_01765_grid_following_inverter_like_slg_c_scr5.0_n0.002_r1.csv,grid_following_inverter_like,slg_c,5.0,0.002,10000,50.0,5.98,6.04,5.998791912653121,1.0248592972987731,0.21,,,,,,,,,,0.00098,0.0044,,0.10400000000000001
1766,case_01766_grid_following_inverter_like_slg_c_scr5.0_n0.002_r2.csv,/root/phd_thesis/Z_Synthetic_Family_Library_v2/waveforms/case_01766_grid_following_inverter_like_slg_c_scr5.0_n0.002_r2.csv,grid_following_inverter_like,slg_c,5.0,0.002,10000,50.0,5.98,6.04,5.99850521779226,1.0167965726420383,0.21,,,,,,,,,,0.00098,0.0044,,0.10400000000000001
1767,case_01767_grid_following_inverter_like_slg_c_scr5.0_n0.002_r3.csv,/root/phd_thesis/Z_Synthetic_Family_Library_v2/waveforms/case_01767_grid_following_inverter_like_slg_c_scr5.0_n0.002_r3.csv,grid_following_inverter_like,slg_c,5.0,0.002,10000,50.0,5.98,6.04,5.999011971443596,1.0210430059933764,0.21,,,,,,,,,,0.00098,0.0044,,0.10400000000000001
1768,case_01768_grid_following_inverter_like_slg_c_scr5.0_n0.002_r4.csv,/root/phd_thesis/Z_Synthetic_Family_Library_v2/waveforms/case_01768_grid_following_inverter_like_slg_c_scr5.0_n0.002_r4.csv,grid_following_inverter_like,slg_c,5.0,0.002,10000,50.0,5.98,6.04,5.99955644208539,1.0004886503788948,0.21,,,,,,,,,,0.00098,0.0044,,0.10400000000000001
1769,case_01769_grid_following_inverter_like_slg_c_scr5.0_n0.002_r5.csv,/root/phd_thesis/Z_Synthetic_Family_Library_v2/waveforms/case_01769_grid_following_inverter_like_slg_c_scr5.0_n0.002_r5.csv,grid_following_inverter_like,slg_c,5.0,0.002,10000,50.0,5.98,6.04,5.999213400377238,1.0237250257674004,0.21,,,,,,,,,,0.00098,0.0044,,0.10400000000000001
1770,case_01770_grid_following_inverter_like_slg_c_scr5.0_n0.002_r6.csv,/root/phd_thesis/Z_Synthetic_Family_Library_v2/waveforms/case_01770_grid_following_inverter_like_slg_c_scr5.0_n0.002_r6.csv,grid_following_inverter_like,slg_c,5.0,0.002,10000,50.0,5.98,6.04,5.999523721531365,1.0532674728775944,0.21,,,,,,,,,,0.00098,0.0044,,0.10400000000000001
1771,case_01771_grid_following_inverter_like_slg_c_scr5.0_n0.005_r1.csv,/root/phd_thesis/Z_Synthetic_Family_Library_v2/waveforms/case_01771_grid_following_inverter_like_slg_c_scr5.0_n0.005_r1.csv,grid_following_inverter_like,slg_c,5.0,0.005,10000,50.0,5.98,6.04,5.998793754846574,1.0425963389782422,0.21,,,,,,,,,,0.00098,0.0044,,0.10400000000000001
1772,case_01772_grid_following_inverter_like_slg_c_scr5.0_n0.005_r2.csv,/root/phd_thesis/Z_Synthetic_Family_Library_v2/waveforms/case_01772_grid_following_inverter_like_slg_c_scr5.0_n0.005_r2.csv,grid_following_inverter_like,slg_c,5.0,0.005,10000,50.0,5.98,6.04,5.997903271388483,1.018401984945452,0.21,,,,,,,,,,0.00098,0.0044,,0.10400000000000001
1773,case_01773_grid_following_inverter_like_slg_c_scr5.0_n0.005_r3.csv,/root/phd_thesis/Z_Synthetic_Family_Library_v2/waveforms/case_01773_grid_following_inverter_like_slg_c_scr5.0_n0.005_r3.csv,grid_following_inverter_like,slg_c,5.0,0.005,10000,50.0,5.98,6.04,5.9989187394602945,1.0104555082301816,0.21,,,,,,,,,,0.00098,0.0044,,0.10400000000000001
1774,case_01774_grid_following_inverter_like_slg_c_scr5.0_n0.005_r4.csv,/root/phd_thesis/Z_Synthetic_Family_Library_v2/waveforms/case_01774_grid_following_inverter_like_slg_c_scr5.0_n0.005_r4.csv,grid_following_inverter_like,slg_c,5.0,0.005,10000,50.0,5.98,6.04,5.999364090943598,1.0160885084271765,0.21,,,,,,,,,,0.00098,0.0044,,0.10400000000000001
1775,case_01775_grid_following_inverter_like_slg_c_scr5.0_n0.005_r5.csv,/root/phd_thesis/Z_Synthetic_Family_Library_v2/waveforms/case_01775_grid_following_inverter_like_slg_c_scr5.0_n0.005_r5.csv,grid_following_inverter_like,slg_c,5.0,0.005,10000,50.0,5.98,6.04,6.000007184698385,1.0265034436903466,0.21,,,,,,,,,,0.00098,0.0044,,0.10400000000000001
1776,case_01776_grid_following_inverter_like_slg_c_scr5.0_n0.005_r6.csv,/root/phd_thesis/Z_Synthetic_Family_Library_v2/waveforms/case_01776_grid_following_inverter_like_slg_c_scr5.0_n0.005_r6.csv,grid_following_inverter_like,slg_c,5.0,0.005,10000,50.0,5.98,6.04,5.999163402303587,1.068769110137276,0.21,,,,,,,,,,0.00098,0.0044,,0.10400000000000001
1777,case_01777_grid_following_inverter_like_slg_c_scr5.0_n0.010_r1.csv,/root/phd_thesis/Z_Synthetic_Family_Library_v2/waveforms/case_01777_grid_following_inverter_like_slg_c_scr5.0_n0.010_r1.csv,grid_following_inverter_like,slg_c,5.0,0.01,10000,50.0,5.98,6.04,5.999524722335122,1.0145208707273963,0.21,,,,,,,,,,0.00098,0.0044,,0.10400000000000001
1778,case_01778_grid_following_inverter_like_slg_c_scr5.0_n0.010_r2.csv,/root/phd_thesis/Z_Synthetic_Family_Library_v2/waveforms/case_01778_grid_following_inverter_like_slg_c_scr5.0_n0.010_r2.csv,grid_following_inverter_like,slg_c,5.0,0.01,10000,50.0,5.98,6.04,5.997755110948125,1.0171553022756157,0.21,,,,,,,,,,0.00098,0.0044,,0.10400000000000001
1779,case_01779_grid_following_inverter_like_slg_c_scr5.0_n0.010_r3.csv,/root/phd_thesis/Z_Synthetic_Family_Library_v2/waveforms/case_01779_grid_following_inverter_like_slg_c_scr5.0_n0.010_r3.csv,grid_following_inverter_like,slg_c,5.0,0.01,10000,50.0,5.98,6.04,5.999666787569286,1.0233997139793096,0.21,,,,,,,,,,0.00098,0.0044,,0.10400000000000001
1780,case_01780_grid_following_inverter_like_slg_c_scr5.0_n0.010_r4.csv,/root/phd_thesis/Z_Synthetic_Family_Library_v2/waveforms/case_01780_grid_following_inverter_like_slg_c_scr5.0_n0.010_r4.csv,grid_following_inverter_like,slg_c,5.0,0.01,10000,50.0,5.98,6.04,5.997668086213101,1.0198090115509681,0.21,,,,,,,,,,0.00098,0.0044,,0.10400000000000001
1781,case_01781_grid_following_inverter_like_slg_c_scr5.0_n0.010_r5.csv,/root/phd_thesis/Z_Synthetic_Family_Library_v2/waveforms/case_01781_grid_following_inverter_like_slg_c_scr5.0_n0.010_r5.csv,grid_following_inverter_like,slg_c,5.0,0.01,10000,50.0,5.98,6.04,5.99844075278732,1.0400238544875098,0.21,,,,,,,,,,0.00098,0.0044,,0.10400000000000001
1782,case_01782_grid_following_inverter_like_slg_c_scr5.0_n0.010_r6.csv,/root/phd_thesis/Z_Synthetic_Family_Library_v2/waveforms/case_01782_grid_following_inverter_like_slg_c_scr5.0_n0.010_r6.csv,grid_following_inverter_like,slg_c,5.0,0.01,10000,50.0,5.98,6.04,5.999895130945514,1.0039505329095608,0.21,,,,,,,,,,0.00098,0.0044,,0.10400000000000001
1783,case_01783_grid_following_inverter_like_slg_c_scr8.0_n0.002_r1.csv,/root/phd_thesis/Z_Synthetic_Family_Library_v2/waveforms/case_01783_grid_following_inverter_like_slg_c_scr8.0_n0.002_r1.csv,grid_following_inverter_like,slg_c,8.0,0.002,10000,50.0,5.98,6.04,5.997503393463454,1.009022848234958,0.13999999999999999,,,,,,,,,,0.0009125,0.0040625,,0.095
1784,case_01784_grid_following_inverter_like_slg_c_scr8.0_n0.002_r2.csv,/root/phd_thesis/Z_Synthetic_Family_Library_v2/waveforms/case_01784_grid_following_inverter_like_slg_c_scr8.0_n0.002_r2.csv,grid_following_inverter_like,slg_c,8.0,0.002,10000,50.0,5.98,6.04,5.998575935466738,1.020639342342724,0.13999999999999999,,,,,,,,,,0.0009125,0.0040625,,0.095
1785,case_01785_grid_following_inverter_like_slg_c_scr8.0_n0.002_r3.csv,/root/phd_thesis/Z_Synthetic_Family_Library_v2/waveforms/case_01785_grid_following_inverter_like_slg_c_scr8.0_n0.002_r3.csv,grid_following_inverter_like,slg_c,8.0,0.002,10000,50.0,5.98,6.04,5.998433803845976,1.0778384717657605,0.13999999999999999,,,,,,,,,,0.0009125,0.0040625,,0.095
1786,case_01786_grid_following_inverter_like_slg_c_scr8.0_n0.002_r4.csv,/root/phd_thesis/Z_Synthetic_Family_Library_v2/waveforms/case_01786_grid_following_inverter_like_slg_c_scr8.0_n0.002_r4.csv,grid_following_inverter_like,slg_c,8.0,0.002,10000,50.0,5.98,6.04,5.999157299342505,1.0341946274706377,0.13999999999999999,,,,,,,,,,0.0009125,0.0040625,,0.095
1787,case_01787_grid_following_inverter_like_slg_c_scr8.0_n0.002_r5.csv,/root/phd_thesis/Z_Synthetic_Family_Library_v2/waveforms/case_01787_grid_following_inverter_like_slg_c_scr8.0_n0.002_r5.csv,grid_following_inverter_like,slg_c,8.0,0.002,10000,50.0,5.98,6.04,5.998743224277158,1.0184450700427394,0.13999999999999999,,,,,,,,,,0.0009125,0.0040625,,0.095
1788,case_01788_grid_following_inverter_like_slg_c_scr8.0_n0.002_r6.csv,/root/phd_thesis/Z_Synthetic_Family_Library_v2/waveforms/case_01788_grid_following_inverter_like_slg_c_scr8.0_n0.002_r6.csv,grid_following_inverter_like,slg_c,8.0,0.002,10000,50.0,5.98,6.04,5.9993312658288005,1.0577932603142652,0.13999999999999999,,,,,,,,,,0.0009125,0.0040625,,0.095
1789,case_01789_grid_following_inverter_like_slg_c_scr8.0_n0.005_r1.csv,/root/phd_thesis/Z_Synthetic_Family_Library_v2/waveforms/case_01789_grid_following_inverter_like_slg_c_scr8.0_n0.005_r1.csv,grid_following_inverter_like,slg_c,8.0,0.005,10000,50.0,5.98,6.04,5.998295524927325,1.0419779524388535,0.13999999999999999,,,,,,,,,,0.0009125,0.0040625,,0.095
1790,case_01790_grid_following_inverter_like_slg_c_scr8.0_n0.005_r2.csv,/root/phd_thesis/Z_Synthetic_Family_Library_v2/waveforms/case_01790_grid_following_inverter_like_slg_c_scr8.0_n0.005_r2.csv,grid_following_inverter_like,slg_c,8.0,0.005,10000,50.0,5.98,6.04,6.000287344558265,1.0563617036751844,0.13999999999999999,,,,,,,,,,0.0009125,0.0040625,,0.095
1791,case_01791_grid_following_inverter_like_slg_c_scr8.0_n0.005_r3.csv,/root/phd_thesis/Z_Synthetic_Family_Library_v2/waveforms/case_01791_grid_following_inverter_like_slg_c_scr8.0_n0.005_r3.csv,grid_following_inverter_like,slg_c,8.0,0.005,10000,50.0,5.98,6.04,5.997853844058076,1.0416050335007474,0.13999999999999999,,,,,,,,,,0.0009125,0.0040625,,0.095
1792,case_01792_grid_following_inverter_like_slg_c_scr8.0_n0.005_r4.csv,/root/phd_thesis/Z_Synthetic_Family_Library_v2/waveforms/case_01792_grid_following_inverter_like_slg_c_scr8.0_n0.005_r4.csv,grid_following_inverter_like,slg_c,8.0,0.005,10000,50.0,5.98,6.04,5.9999419596844925,1.0415620329283237,0.13999999999999999,,,,,,,,,,0.0009125,0.0040625,,0.095
1793,case_01793_grid_following_inverter_like_slg_c_scr8.0_n0.005_r5.csv,/root/phd_thesis/Z_Synthetic_Family_Library_v2/waveforms/case_01793_grid_following_inverter_like_slg_c_scr8.0_n0.005_r5.csv,grid_following_inverter_like,slg_c,8.0,0.005,10000,50.0,5.98,6.04,5.99866566164912,1.0394520938664604,0.13999999999999999,,,,,,,,,,0.0009125,0.0040625,,0.095
1794,case_01794_grid_following_inverter_like_slg_c_scr8.0_n0.005_r6.csv,/root/phd_thesis/Z_Synthetic_Family_Library_v2/waveforms/case_01794_grid_following_inverter_like_slg_c_scr8.0_n0.005_r6.csv,grid_following_inverter_like,slg_c,8.0,0.005,10000,50.0,5.98,6.04,5.999421847007543,1.0654351228904524,0.13999999999999999,,,,,,,,,,0.0009125,0.0040625,,0.095
1795,case_01795_grid_following_inverter_like_slg_c_scr8.0_n0.010_r1.csv,/root/phd_thesis/Z_Synthetic_Family_Library_v2/waveforms/case_01795_grid_following_inverter_like_slg_c_scr8.0_n0.010_r1.csv,grid_following_inverter_like,slg_c,8.0,0.01,10000,50.0,5.98,6.04,5.997790188323102,1.024650764100202,0.13999999999999999,,,,,,,,,,0.0009125,0.0040625,,0.095
1796,case_01796_grid_following_inverter_like_slg_c_scr8.0_n0.010_r2.csv,/root/phd_thesis/Z_Synthetic_Family_Library_v2/waveforms/case_01796_grid_following_inverter_like_slg_c_scr8.0_n0.010_r2.csv,grid_following_inverter_like,slg_c,8.0,0.01,10000,50.0,5.98,6.04,5.999147030230814,1.0348479503017902,0.13999999999999999,,,,,,,,,,0.0009125,0.0040625,,0.095
1797,case_01797_grid_following_inverter_like_slg_c_scr8.0_n0.010_r3.csv,/root/phd_thesis/Z_Synthetic_Family_Library_v2/waveforms/case_01797_grid_following_inverter_like_slg_c_scr8.0_n0.010_r3.csv,grid_following_inverter_like,slg_c,8.0,0.01,10000,50.0,5.98,6.04,5.999818805150034,1.0271292107987244,0.13999999999999999,,,,,,,,,,0.0009125,0.0040625,,0.095
1798,case_01798_grid_following_inverter_like_slg_c_scr8.0_n0.010_r4.csv,/root/phd_thesis/Z_Synthetic_Family_Library_v2/waveforms/case_01798_grid_following_inverter_like_slg_c_scr8.0_n0.010_r4.csv,grid_following_inverter_like,slg_c,8.0,0.01,10000,50.0,5.98,6.04,5.998224940491137,1.0212222951065146,0.13999999999999999,,,,,,,,,,0.0009125,0.0040625,,0.095
1799,case_01799_grid_following_inverter_like_slg_c_scr8.0_n0.010_r5.csv,/root/phd_thesis/Z_Synthetic_Family_Library_v2/waveforms/case_01799_grid_following_inverter_like_slg_c_scr8.0_n0.010_r5.csv,grid_following_inverter_like,slg_c,8.0,0.01,10000,50.0,5.98,6.04,5.999666216591028,1.0656619223942543,0.13999999999999999,,,,,,,,,,0.0009125,0.0040625,,0.095
1800,case_01800_grid_following_inverter_like_slg_c_scr8.0_n0.010_r6.csv,/root/phd_thesis/Z_Synthetic_Family_Library_v2/waveforms/case_01800_grid_following_inverter_like_slg_c_scr8.0_n0.010_r6.csv,grid_following_inverter_like,slg_c,8.0,0.01,10000,50.0,5.98,6.04,5.9994912513536685,1.016951528913261,0.13999999999999999,,,,,,,,,,0.0009125,0.0040625,,0.095
1801,case_01801_grid_following_inverter_like_ll_ab_scr2.0_n0.002_r1.csv,/root/phd_thesis/Z_Synthetic_Family_Library_v2/waveforms/case_01801_grid_following_inverter_like_ll_ab_scr2.0_n0.002_r1.csv,grid_following_inverter_like,ll_ab,2.0,0.002,10000,50.0,5.98,6.04,5.997736126577772,1.0413698486461134,0.44999999999999996,,,,,,,,,,0.00125,0.00575,,0.14
1802,case_01802_grid_following_inverter_like_ll_ab_scr2.0_n0.002_r2.csv,/root/phd_thesis/Z_Synthetic_Family_Library_v2/waveforms/case_01802_grid_following_inverter_like_ll_ab_scr2.0_n0.002_r2.csv,grid_following_inverter_like,ll_ab,2.0,0.002,10000,50.0,5.98,6.04,5.998235044661999,1.0013918108739157,0.44999999999999996,,,,,,,,,,0.00125,0.00575,,0.14
1803,case_01803_grid_following_inverter_like_ll_ab_scr2.0_n0.002_r3.csv,/root/phd_thesis/Z_Synthetic_Family_Library_v2/waveforms/case_01803_grid_following_inverter_like_ll_ab_scr2.0_n0.002_r3.csv,grid_following_inverter_like,ll_ab,2.0,0.002,10000,50.0,5.98,6.04,5.998051265873741,1.0704931954418844,0.44999999999999996,,,,,,,,,,0.00125,0.00575,,0.14
1804,case_01804_grid_following_inverter_like_ll_ab_scr2.0_n0.002_r4.csv,/root/phd_thesis/Z_Synthetic_Family_Library_v2/waveforms/case_01804_grid_following_inverter_like_ll_ab_scr2.0_n0.002_r4.csv,grid_following_inverter_like,ll_ab,2.0,0.002,10000,50.0,5.98,6.04,5.999903578076923,1.013500913124907,0.44999999999999996,,,,,,,,,,0.00125,0.00575,,0.14
1805,case_01805_grid_following_inverter_like_ll_ab_scr2.0_n0.002_r5.csv,/root/phd_thesis/Z_Synthetic_Family_Library_v2/waveforms/case_01805_grid_following_inverter_like_ll_ab_scr2.0_n0.002_r5.csv,grid_following_inverter_like,ll_ab,2.0,0.002,10000,50.0,5.98,6.04,5.99946219384183,1.0152001738520657,0.44999999999999996,,,,,,,,,,0.00125,0.00575,,0.14
1806,case_01806_grid_following_inverter_like_ll_ab_scr2.0_n0.002_r6.csv,/root/phd_thesis/Z_Synthetic_Family_Library_v2/waveforms/case_01806_grid_following_inverter_like_ll_ab_scr2.0_n0.002_r6.csv,grid_following_inverter_like,ll_ab,2.0,0.002,10000,50.0,5.98,6.04,5.998159672492936,1.0100768570904084,0.44999999999999996,,,,,,,,,,0.00125,0.00575,,0.14
1807,case_01807_grid_following_inverter_like_ll_ab_scr2.0_n0.005_r1.csv,/root/phd_thesis/Z_Synthetic_Family_Library_v2/waveforms/case_01807_grid_following_inverter_like_ll_ab_scr2.0_n0.005_r1.csv,grid_following_inverter_like,ll_ab,2.0,0.005,10000,50.0,5.98,6.04,5.9991541923167295,1.0610639285159975,0.44999999999999996,,,,,,,,,,0.00125,0.00575,,0.14
1808,case_01808_grid_following_inverter_like_ll_ab_scr2.0_n0.005_r2.csv,/root/phd_thesis/Z_Synthetic_Family_Library_v2/waveforms/case_01808_grid_following_inverter_like_ll_ab_scr2.0_n0.005_r2.csv,grid_following_inverter_like,ll_ab,2.0,0.005,10000,50.0,5.98,6.04,6.0000492619440395,1.0699301742142386,0.44999999999999996,,,,,,,,,,0.00125,0.00575,,0.14
1809,case_01809_grid_following_inverter_like_ll_ab_scr2.0_n0.005_r3.csv,/root/phd_thesis/Z_Synthetic_Family_Library_v2/waveforms/case_01809_grid_following_inverter_like_ll_ab_scr2.0_n0.005_r3.csv,grid_following_inverter_like,ll_ab,2.0,0.005,10000,50.0,5.98,6.04,5.997848824300323,1.02670625674945,0.44999999999999996,,,,,,,,,,0.00125,0.00575,,0.14
1810,case_01810_grid_following_inverter_like_ll_ab_scr2.0_n0.005_r4.csv,/root/phd_thesis/Z_Synthetic_Family_Library_v2/waveforms/case_01810_grid_following_inverter_like_ll_ab_scr2.0_n0.005_r4.csv,grid_following_inverter_like,ll_ab,2.0,0.005,10000,50.0,5.98,6.04,5.998733845389823,1.0607955814296626,0.44999999999999996,,,,,,,,,,0.00125,0.00575,,0.14
1811,case_01811_grid_following_inverter_like_ll_ab_scr2.0_n0.005_r5.csv,/root/phd_thesis/Z_Synthetic_Family_Library_v2/waveforms/case_01811_grid_following_inverter_like_ll_ab_scr2.0_n0.005_r5.csv,grid_following_inverter_like,ll_ab,2.0,0.005,10000,50.0,5.98,6.04,5.99877572695112,1.0427224554541148,0.44999999999999996,,,,,,,,,,0.00125,0.00575,,0.14
1812,case_01812_grid_following_inverter_like_ll_ab_scr2.0_n0.005_r6.csv,/root/phd_thesis/Z_Synthetic_Family_Library_v2/waveforms/case_01812_grid_following_inverter_like_ll_ab_scr2.0_n0.005_r6.csv,grid_following_inverter_like,ll_ab,2.0,0.005,10000,50.0,5.98,6.04,5.999138965384375,1.045312623158724,0.44999999999999996,,,,,,,,,,0.00125,0.00575,,0.14
1813,case_01813_grid_following_inverter_like_ll_ab_scr2.0_n0.010_r1.csv,/root/phd_thesis/Z_Synthetic_Family_Library_v2/waveforms/case_01813_grid_following_inverter_like_ll_ab_scr2.0_n0.010_r1.csv,grid_following_inverter_like,ll_ab,2.0,0.01,10000,50.0,5.98,6.04,5.997887502081953,1.0645129771534094,0.44999999999999996,,,,,,,,,,0.00125,0.00575,,0.14
1814,case_01814_grid_following_inverter_like_ll_ab_scr2.0_n0.010_r2.csv,/root/phd_thesis/Z_Synthetic_Family_Library_v2/waveforms/case_01814_grid_following_inverter_like_ll_ab_scr2.0_n0.010_r2.csv,grid_following_inverter_like,ll_ab,2.0,0.01,10000,50.0,5.98,6.04,5.997707172619959,1.0793577373364318,0.44999999999999996,,,,,,,,,,0.00125,0.00575,,0.14
1815,case_01815_grid_following_inverter_like_ll_ab_scr2.0_n0.010_r3.csv,/root/phd_thesis/Z_Synthetic_Family_Library_v2/waveforms/case_01815_grid_following_inverter_like_ll_ab_scr2.0_n0.010_r3.csv,grid_following_inverter_like,ll_ab,2.0,0.01,10000,50.0,5.98,6.04,5.999381940814684,1.0500723741392006,0.44999999999999996,,,,,,,,,,0.00125,0.00575,,0.14
1816,case_01816_grid_following_inverter_like_ll_ab_scr2.0_n0.010_r4.csv,/root/phd_thesis/Z_Synthetic_Family_Library_v2/waveforms/case_01816_grid_following_inverter_like_ll_ab_scr2.0_n0.010_r4.csv,grid_following_inverter_like,ll_ab,2.0,0.01,10000,50.0,5.98,6.04,5.999353671114242,1.0359076823484958,0.44999999999999996,,,,,,,,,,0.00125,0.00575,,0.14
1817,case_01817_grid_following_inverter_like_ll_ab_scr2.0_n0.010_r5.csv,/root/phd_thesis/Z_Synthetic_Family_Library_v2/waveforms/case_01817_grid_following_inverter_like_ll_ab_scr2.0_n0.010_r5.csv,grid_following_inverter_like,ll_ab,2.0,0.01,10000,50.0,5.98,6.04,5.998825644169766,1.0557289924952775,0.44999999999999996,,,,,,,,,,0.00125,0.00575,,0.14
1818,case_01818_grid_following_inverter_like_ll_ab_scr2.0_n0.010_r6.csv,/root/phd_thesis/Z_Synthetic_Family_Library_v2/waveforms/case_01818_grid_following_inverter_like_ll_ab_scr2.0_n0.010_r6.csv,grid_following_inverter_like,ll_ab,2.0,0.01,10000,50.0,5.98,6.04,6.000185890600155,1.0575087177815041,0.44999999999999996,,,,,,,,,,0.00125,0.00575,,0.14
1819,case_01819_grid_following_inverter_like_ll_ab_scr3.0_n0.002_r1.csv,/root/phd_thesis/Z_Synthetic_Family_Library_v2/waveforms/case_01819_grid_following_inverter_like_ll_ab_scr3.0_n0.002_r1.csv,grid_following_inverter_like,ll_ab,3.0,0.002,10000,50.0,5.98,6.04,6.0003081988169304,1.0779874957000566,0.3,,,,,,,,,,0.0011,0.005,,0.12
1820,case_01820_grid_following_inverter_like_ll_ab_scr3.0_n0.002_r2.csv,/root/phd_thesis/Z_Synthetic_Family_Library_v2/waveforms/case_01820_grid_following_inverter_like_ll_ab_scr3.0_n0.002_r2.csv,grid_following_inverter_like,ll_ab,3.0,0.002,10000,50.0,5.98,6.04,5.997938876260896,1.0172616213431527,0.3,,,,,,,,,,0.0011,0.005,,0.12
1821,case_01821_grid_following_inverter_like_ll_ab_scr3.0_n0.002_r3.csv,/root/phd_thesis/Z_Synthetic_Family_Library_v2/waveforms/case_01821_grid_following_inverter_like_ll_ab_scr3.0_n0.002_r3.csv,grid_following_inverter_like,ll_ab,3.0,0.002,10000,50.0,5.98,6.04,6.000363402998799,1.0613849085072506,0.3,,,,,,,,,,0.0011,0.005,,0.12
1822,case_01822_grid_following_inverter_like_ll_ab_scr3.0_n0.002_r4.csv,/root/phd_thesis/Z_Synthetic_Family_Library_v2/waveforms/case_01822_grid_following_inverter_like_ll_ab_scr3.0_n0.002_r4.csv,grid_following_inverter_like,ll_ab,3.0,0.002,10000,50.0,5.98,6.04,5.999411619738265,1.0080454542189188,0.3,,,,,,,,,,0.0011,0.005,,0.12
1823,case_01823_grid_following_inverter_like_ll_ab_scr3.0_n0.002_r5.csv,/root/phd_thesis/Z_Synthetic_Family_Library_v2/waveforms/case_01823_grid_following_inverter_like_ll_ab_scr3.0_n0.002_r5.csv,grid_following_inverter_like,ll_ab,3.0,0.002,10000,50.0,5.98,6.04,5.9987805932266856,1.046158353847783,0.3,,,,,,,,,,0.0011,0.005,,0.12
1824,case_01824_grid_following_inverter_like_ll_ab_scr3.0_n0.002_r6.csv,/root/phd_thesis/Z_Synthetic_Family_Library_v2/waveforms/case_01824_grid_following_inverter_like_ll_ab_scr3.0_n0.002_r6.csv,grid_following_inverter_like,ll_ab,3.0,0.002,10000,50.0,5.98,6.04,6.000172385361348,1.0393433949351072,0.3,,,,,,,,,,0.0011,0.005,,0.12
1825,case_01825_grid_following_inverter_like_ll_ab_scr3.0_n0.005_r1.csv,/root/phd_thesis/Z_Synthetic_Family_Library_v2/waveforms/case_01825_grid_following_inverter_like_ll_ab_scr3.0_n0.005_r1.csv,grid_following_inverter_like,ll_ab,3.0,0.005,10000,50.0,5.98,6.04,5.999878528563348,1.0347638272559248,0.3,,,,,,,,,,0.0011,0.005,,0.12
1826,case_01826_grid_following_inverter_like_ll_ab_scr3.0_n0.005_r2.csv,/root/phd_thesis/Z_Synthetic_Family_Library_v2/waveforms/case_01826_grid_following_inverter_like_ll_ab_scr3.0_n0.005_r2.csv,grid_following_inverter_like,ll_ab,3.0,0.005,10000,50.0,5.98,6.04,5.998002925738521,1.0355648143842673,0.3,,,,,,,,,,0.0011,0.005,,0.12
1827,case_01827_grid_following_inverter_like_ll_ab_scr3.0_n0.005_r3.csv,/root/phd_thesis/Z_Synthetic_Family_Library_v2/waveforms/case_01827_grid_following_inverter_like_ll_ab_scr3.0_n0.005_r3.csv,grid_following_inverter_like,ll_ab,3.0,0.005,10000,50.0,5.98,6.04,5.9983925549021775,1.063591706177527,0.3,,,,,,,,,,0.0011,0.005,,0.12
1828,case_01828_grid_following_inverter_like_ll_ab_scr3.0_n0.005_r4.csv,/root/phd_thesis/Z_Synthetic_Family_Library_v2/waveforms/case_01828_grid_following_inverter_like_ll_ab_scr3.0_n0.005_r4.csv,grid_following_inverter_like,ll_ab,3.0,0.005,10000,50.0,5.98,6.04,5.999455559830899,1.020154496333141,0.3,,,,,,,,,,0.0011,0.005,,0.12
1829,case_01829_grid_following_inverter_like_ll_ab_scr3.0_n0.005_r5.csv,/root/phd_thesis/Z_Synthetic_Family_Library_v2/waveforms/case_01829_grid_following_inverter_like_ll_ab_scr3.0_n0.005_r5.csv,grid_following_inverter_like,ll_ab,3.0,0.005,10000,50.0,5.98,6.04,5.99761730241108,1.0638102753411827,0.3,,,,,,,,,,0.0011,0.005,,0.12
1830,case_01830_grid_following_inverter_like_ll_ab_scr3.0_n0.005_r6.csv,/root/phd_thesis/Z_Synthetic_Family_Library_v2/waveforms/case_01830_grid_following_inverter_like_ll_ab_scr3.0_n0.005_r6.csv,grid_following_inverter_like,ll_ab,3.0,0.005,10000,50.0,5.98,6.04,6.000178175016417,1.0339396958894436,0.3,,,,,,,,,,0.0011,0.005,,0.12
1831,case_01831_grid_following_inverter_like_ll_ab_scr3.0_n0.010_r1.csv,/root/phd_thesis/Z_Synthetic_Family_Library_v2/waveforms/case_01831_grid_following_inverter_like_ll_ab_scr3.0_n0.010_r1.csv,grid_following_inverter_like,ll_ab,3.0,0.01,10000,50.0,5.98,6.04,5.9976797440404965,1.0576113564618894,0.3,,,,,,,,,,0.0011,0.005,,0.12
1832,case_01832_grid_following_inverter_like_ll_ab_scr3.0_n0.010_r2.csv,/root/phd_thesis/Z_Synthetic_Family_Library_v2/waveforms/case_01832_grid_following_inverter_like_ll_ab_scr3.0_n0.010_r2.csv,grid_following_inverter_like,ll_ab,3.0,0.01,10000,50.0,5.98,6.04,5.999786553599659,1.0638405290288564,0.3,,,,,,,,,,0.0011,0.005,,0.12
1833,case_01833_grid_following_inverter_like_ll_ab_scr3.0_n0.010_r3.csv,/root/phd_thesis/Z_Synthetic_Family_Library_v2/waveforms/case_01833_grid_following_inverter_like_ll_ab_scr3.0_n0.010_r3.csv,grid_following_inverter_like,ll_ab,3.0,0.01,10000,50.0,5.98,6.04,5.9989615144004,1.0480979884593216,0.3,,,,,,,,,,0.0011,0.005,,0.12
1834,case_01834_grid_following_inverter_like_ll_ab_scr3.0_n0.010_r4.csv,/root/phd_thesis/Z_Synthetic_Family_Library_v2/waveforms/case_01834_grid_following_inverter_like_ll_ab_scr3.0_n0.010_r4.csv,grid_following_inverter_like,ll_ab,3.0,0.01,10000,50.0,5.98,6.04,6.0001171876075725,1.0720427747528107,0.3,,,,,,,,,,0.0011,0.005,,0.12
1835,case_01835_grid_following_inverter_like_ll_ab_scr3.0_n0.010_r5.csv,/root/phd_thesis/Z_Synthetic_Family_Library_v2/waveforms/case_01835_grid_following_inverter_like_ll_ab_scr3.0_n0.010_r5.csv,grid_following_inverter_like,ll_ab,3.0,0.01,10000,50.0,5.98,6.04,5.998147404001343,1.0280751385162723,0.3,,,,,,,,,,0.0011,0.005,,0.12
1836,case_01836_grid_following_inverter_like_ll_ab_scr3.0_n0.010_r6.csv,/root/phd_thesis/Z_Synthetic_Family_Library_v2/waveforms/case_01836_grid_following_inverter_like_ll_ab_scr3.0_n0.010_r6.csv,grid_following_inverter_like,ll_ab,3.0,0.01,10000,50.0,5.98,6.04,6.0001876640865,1.0219869650606361,0.3,,,,,,,,,,0.0011,0.005,,0.12
1837,case_01837_grid_following_inverter_like_ll_ab_scr5.0_n0.002_r1.csv,/root/phd_thesis/Z_Synthetic_Family_Library_v2/waveforms/case_01837_grid_following_inverter_like_ll_ab_scr5.0_n0.002_r1.csv,grid_following_inverter_like,ll_ab,5.0,0.002,10000,50.0,5.98,6.04,5.9987792940136355,1.0223003746782018,0.18,,,,,,,,,,0.00098,0.0044,,0.10400000000000001
1838,case_01838_grid_following_inverter_like_ll_ab_scr5.0_n0.002_r2.csv,/root/phd_thesis/Z_Synthetic_Family_Library_v2/waveforms/case_01838_grid_following_inverter_like_ll_ab_scr5.0_n0.002_r2.csv,grid_following_inverter_like,ll_ab,5.0,0.002,10000,50.0,5.98,6.04,5.998759596936006,1.0473443126039201,0.18,,,,,,,,,,0.00098,0.0044,,0.10400000000000001
1839,case_01839_grid_following_inverter_like_ll_ab_scr5.0_n0.002_r3.csv,/root/phd_thesis/Z_Synthetic_Family_Library_v2/waveforms/case_01839_grid_following_inverter_like_ll_ab_scr5.0_n0.002_r3.csv,grid_following_inverter_like,ll_ab,5.0,0.002,10000,50.0,5.98,6.04,6.000078937896622,1.0734495357379843,0.18,,,,,,,,,,0.00098,0.0044,,0.10400000000000001
1840,case_01840_grid_following_inverter_like_ll_ab_scr5.0_n0.002_r4.csv,/root/phd_thesis/Z_Synthetic_Family_Library_v2/waveforms/case_01840_grid_following_inverter_like_ll_ab_scr5.0_n0.002_r4.csv,grid_following_inverter_like,ll_ab,5.0,0.002,10000,50.0,5.98,6.04,5.99938823184792,1.0633520480424208,0.18,,,,,,,,,,0.00098,0.0044,,0.10400000000000001
1841,case_01841_grid_following_inverter_like_ll_ab_scr5.0_n0.002_r5.csv,/root/phd_thesis/Z_Synthetic_Family_Library_v2/waveforms/case_01841_grid_following_inverter_like_ll_ab_scr5.0_n0.002_r5.csv,grid_following_inverter_like,ll_ab,5.0,0.002,10000,50.0,5.98,6.04,5.999199951955607,1.0665118347659859,0.18,,,,,,,,,,0.00098,0.0044,,0.10400000000000001
1842,case_01842_grid_following_inverter_like_ll_ab_scr5.0_n0.002_r6.csv,/root/phd_thesis/Z_Synthetic_Family_Library_v2/waveforms/case_01842_grid_following_inverter_like_ll_ab_scr5.0_n0.002_r6.csv,grid_following_inverter_like,ll_ab,5.0,0.002,10000,50.0,5.98,6.04,5.999690873558579,1.0433639309536689,0.18,,,,,,,,,,0.00098,0.0044,,0.10400000000000001
1843,case_01843_grid_following_inverter_like_ll_ab_scr5.0_n0.005_r1.csv,/root/phd_thesis/Z_Synthetic_Family_Library_v2/waveforms/case_01843_grid_following_inverter_like_ll_ab_scr5.0_n0.005_r1.csv,grid_following_inverter_like,ll_ab,5.0,0.005,10000,50.0,5.98,6.04,6.000438953968496,1.0132214783756208,0.18,,,,,,,,,,0.00098,0.0044,,0.10400000000000001
1844,case_01844_grid_following_inverter_like_ll_ab_scr5.0_n0.005_r2.csv,/root/phd_thesis/Z_Synthetic_Family_Library_v2/waveforms/case_01844_grid_following_inverter_like_ll_ab_scr5.0_n0.005_r2.csv,grid_following_inverter_like,ll_ab,5.0,0.005,10000,50.0,5.98,6.04,5.997888731764463,1.003483750207351,0.18,,,,,,,,,,0.00098,0.0044,,0.10400000000000001
1845,case_01845_grid_following_inverter_like_ll_ab_scr5.0_n0.005_r3.csv,/root/phd_thesis/Z_Synthetic_Family_Library_v2/waveforms/case_01845_grid_following_inverter_like_ll_ab_scr5.0_n0.005_r3.csv,grid_following_inverter_like,ll_ab,5.0,0.005,10000,50.0,5.98,6.04,6.000423567102073,1.0696663550064984,0.18,,,,,,,,,,0.00098,0.0044,,0.10400000000000001
1846,case_01846_grid_following_inverter_like_ll_ab_scr5.0_n0.005_r4.csv,/root/phd_thesis/Z_Synthetic_Family_Library_v2/waveforms/case_01846_grid_following_inverter_like_ll_ab_scr5.0_n0.005_r4.csv,grid_following_inverter_like,ll_ab,5.0,0.005,10000,50.0,5.98,6.04,5.998168616834864,1.0103561531202259,0.18,,,,,,,,,,0.00098,0.0044,,0.10400000000000001
1847,case_01847_grid_following_inverter_like_ll_ab_scr5.0_n0.005_r5.csv,/root/phd_thesis/Z_Synthetic_Family_Library_v2/waveforms/case_01847_grid_following_inverter_like_ll_ab_scr5.0_n0.005_r5.csv,grid_following_inverter_like,ll_ab,5.0,0.005,10000,50.0,5.98,6.04,6.000414196530565,1.0139647612645448,0.18,,,,,,,,,,0.00098,0.0044,,0.10400000000000001
1848,case_01848_grid_following_inverter_like_ll_ab_scr5.0_n0.005_r6.csv,/root/phd_thesis/Z_Synthetic_Family_Library_v2/waveforms/case_01848_grid_following_inverter_like_ll_ab_scr5.0_n0.005_r6.csv,grid_following_inverter_like,ll_ab,5.0,0.005,10000,50.0,5.98,6.04,6.000219246153325,1.078936609648542,0.18,,,,,,,,,,0.00098,0.0044,,0.10400000000000001
1849,case_01849_grid_following_inverter_like_ll_ab_scr5.0_n0.010_r1.csv,/root/phd_thesis/Z_Synthetic_Family_Library_v2/waveforms/case_01849_grid_following_inverter_like_ll_ab_scr5.0_n0.010_r1.csv,grid_following_inverter_like,ll_ab,5.0,0.01,10000,50.0,5.98,6.04,5.998397012455556,1.0244616280236674,0.18,,,,,,,,,,0.00098,0.0044,,0.10400000000000001
1850,case_01850_grid_following_inverter_like_ll_ab_scr5.0_n0.010_r2.csv,/root/phd_thesis/Z_Synthetic_Family_Library_v2/waveforms/case_01850_grid_following_inverter_like_ll_ab_scr5.0_n0.010_r2.csv,grid_following_inverter_like,ll_ab,5.0,0.01,10000,50.0,5.98,6.04,5.997756248477068,1.0500510204606162,0.18,,,,,,,,,,0.00098,0.0044,,0.10400000000000001
1851,case_01851_grid_following_inverter_like_ll_ab_scr5.0_n0.010_r3.csv,/root/phd_thesis/Z_Synthetic_Family_Library_v2/waveforms/case_01851_grid_following_inverter_like_ll_ab_scr5.0_n0.010_r3.csv,grid_following_inverter_like,ll_ab,5.0,0.01,10000,50.0,5.98,6.04,5.99862410922551,1.079114205282016,0.18,,,,,,,,,,0.00098,0.0044,,0.10400000000000001
1852,case_01852_grid_following_inverter_like_ll_ab_scr5.0_n0.010_r4.csv,/root/phd_thesis/Z_Synthetic_Family_Library_v2/waveforms/case_01852_grid_following_inverter_like_ll_ab_scr5.0_n0.010_r4.csv,grid_following_inverter_like,ll_ab,5.0,0.01,10000,50.0,5.98,6.04,6.0002553033853925,1.0610396346993907,0.18,,,,,,,,,,0.00098,0.0044,,0.10400000000000001
1853,case_01853_grid_following_inverter_like_ll_ab_scr5.0_n0.010_r5.csv,/root/phd_thesis/Z_Synthetic_Family_Library_v2/waveforms/case_01853_grid_following_inverter_like_ll_ab_scr5.0_n0.010_r5.csv,grid_following_inverter_like,ll_ab,5.0,0.01,10000,50.0,5.98,6.04,5.998325180107938,1.0411408723694076,0.18,,,,,,,,,,0.00098,0.0044,,0.10400000000000001
1854,case_01854_grid_following_inverter_like_ll_ab_scr5.0_n0.010_r6.csv,/root/phd_thesis/Z_Synthetic_Family_Library_v2/waveforms/case_01854_grid_following_inverter_like_ll_ab_scr5.0_n0.010_r6.csv,grid_following_inverter_like,ll_ab,5.0,0.01,10000,50.0,5.98,6.04,5.998054471277831,1.0672907656679966,0.18,,,,,,,,,,0.00098,0.0044,,0.10400000000000001
1855,case_01855_grid_following_inverter_like_ll_ab_scr8.0_n0.002_r1.csv,/root/phd_thesis/Z_Synthetic_Family_Library_v2/waveforms/case_01855_grid_following_inverter_like_ll_ab_scr8.0_n0.002_r1.csv,grid_following_inverter_like,ll_ab,8.0,0.002,10000,50.0,5.98,6.04,5.998394825612289,1.0337649297031148,0.12,,,,,,,,,,0.0009125,0.0040625,,0.095
1856,case_01856_grid_following_inverter_like_ll_ab_scr8.0_n0.002_r2.csv,/root/phd_thesis/Z_Synthetic_Family_Library_v2/waveforms/case_01856_grid_following_inverter_like_ll_ab_scr8.0_n0.002_r2.csv,grid_following_inverter_like,ll_ab,8.0,0.002,10000,50.0,5.98,6.04,6.000367066030087,1.0195888010794862,0.12,,,,,,,,,,0.0009125,0.0040625,,0.095
1857,case_01857_grid_following_inverter_like_ll_ab_scr8.0_n0.002_r3.csv,/root/phd_thesis/Z_Synthetic_Family_Library_v2/waveforms/case_01857_grid_following_inverter_like_ll_ab_scr8.0_n0.002_r3.csv,grid_following_inverter_like,ll_ab,8.0,0.002,10000,50.0,5.98,6.04,5.997604855781726,1.014637431029789,0.12,,,,,,,,,,0.0009125,0.0040625,,0.095
1858,case_01858_grid_following_inverter_like_ll_ab_scr8.0_n0.002_r4.csv,/root/phd_thesis/Z_Synthetic_Family_Library_v2/waveforms/case_01858_grid_following_inverter_like_ll_ab_scr8.0_n0.002_r4.csv,grid_following_inverter_like,ll_ab,8.0,0.002,10000,50.0,5.98,6.04,5.999104988177261,1.066235975482436,0.12,,,,,,,,,,0.0009125,0.0040625,,0.095
1859,case_01859_grid_following_inverter_like_ll_ab_scr8.0_n0.002_r5.csv,/root/phd_thesis/Z_Synthetic_Family_Library_v2/waveforms/case_01859_grid_following_inverter_like_ll_ab_scr8.0_n0.002_r5.csv,grid_following_inverter_like,ll_ab,8.0,0.002,10000,50.0,5.98,6.04,5.998700436444489,1.0015507432808202,0.12,,,,,,,,,,0.0009125,0.0040625,,0.095
1860,case_01860_grid_following_inverter_like_ll_ab_scr8.0_n0.002_r6.csv,/root/phd_thesis/Z_Synthetic_Family_Library_v2/waveforms/case_01860_grid_following_inverter_like_ll_ab_scr8.0_n0.002_r6.csv,grid_following_inverter_like,ll_ab,8.0,0.002,10000,50.0,5.98,6.04,6.000495989913373,1.0077308516055692,0.12,,,,,,,,,,0.0009125,0.0040625,,0.095
1861,case_01861_grid_following_inverter_like_ll_ab_scr8.0_n0.005_r1.csv,/root/phd_thesis/Z_Synthetic_Family_Library_v2/waveforms/case_01861_grid_following_inverter_like_ll_ab_scr8.0_n0.005_r1.csv,grid_following_inverter_like,ll_ab,8.0,0.005,10000,50.0,5.98,6.04,5.9983589086788776,1.0320162719632333,0.12,,,,,,,,,,0.0009125,0.0040625,,0.095
1862,case_01862_grid_following_inverter_like_ll_ab_scr8.0_n0.005_r2.csv,/root/phd_thesis/Z_Synthetic_Family_Library_v2/waveforms/case_01862_grid_following_inverter_like_ll_ab_scr8.0_n0.005_r2.csv,grid_following_inverter_like,ll_ab,8.0,0.005,10000,50.0,5.98,6.04,5.999881908863027,1.0592494873766733,0.12,,,,,,,,,,0.0009125,0.0040625,,0.095
1863,case_01863_grid_following_inverter_like_ll_ab_scr8.0_n0.005_r3.csv,/root/phd_thesis/Z_Synthetic_Family_Library_v2/waveforms/case_01863_grid_following_inverter_like_ll_ab_scr8.0_n0.005_r3.csv,grid_following_inverter_like,ll_ab,8.0,0.005,10000,50.0,5.98,6.04,5.998239207204129,1.0263014416930527,0.12,,,,,,,,,,0.0009125,0.0040625,,0.095
1864,case_01864_grid_following_inverter_like_ll_ab_scr8.0_n0.005_r4.csv,/root/phd_thesis/Z_Synthetic_Family_Library_v2/waveforms/case_01864_grid_following_inverter_like_ll_ab_scr8.0_n0.005_r4.csv,grid_following_inverter_like,ll_ab,8.0,0.005,10000,50.0,5.98,6.04,5.997631326872818,1.0549679595105297,0.12,,,,,,,,,,0.0009125,0.0040625,,0.095
1865,case_01865_grid_following_inverter_like_ll_ab_scr8.0_n0.005_r5.csv,/root/phd_thesis/Z_Synthetic_Family_Library_v2/waveforms/case_01865_grid_following_inverter_like_ll_ab_scr8.0_n0.005_r5.csv,grid_following_inverter_like,ll_ab,8.0,0.005,10000,50.0,5.98,6.04,5.998410877270654,1.0661760455129348,0.12,,,,,,,,,,0.0009125,0.0040625,,0.095
1866,case_01866_grid_following_inverter_like_ll_ab_scr8.0_n0.005_r6.csv,/root/phd_thesis/Z_Synthetic_Family_Library_v2/waveforms/case_01866_grid_following_inverter_like_ll_ab_scr8.0_n0.005_r6.csv,grid_following_inverter_like,ll_ab,8.0,0.005,10000,50.0,5.98,6.04,5.9991480694772275,1.0232787396307288,0.12,,,,,,,,,,0.0009125,0.0040625,,0.095
1867,case_01867_grid_following_inverter_like_ll_ab_scr8.0_n0.010_r1.csv,/root/phd_thesis/Z_Synthetic_Family_Library_v2/waveforms/case_01867_grid_following_inverter_like_ll_ab_scr8.0_n0.010_r1.csv,grid_following_inverter_like,ll_ab,8.0,0.01,10000,50.0,5.98,6.04,5.997942268938524,1.0209306615291671,0.12,,,,,,,,,,0.0009125,0.0040625,,0.095
1868,case_01868_grid_following_inverter_like_ll_ab_scr8.0_n0.010_r2.csv,/root/phd_thesis/Z_Synthetic_Family_Library_v2/waveforms/case_01868_grid_following_inverter_like_ll_ab_scr8.0_n0.010_r2.csv,grid_following_inverter_like,ll_ab,8.0,0.01,10000,50.0,5.98,6.04,5.998341856561233,1.0050118955880558,0.12,,,,,,,,,,0.0009125,0.0040625,,0.095
1869,case_01869_grid_following_inverter_like_ll_ab_scr8.0_n0.010_r3.csv,/root/phd_thesis/Z_Synthetic_Family_Library_v2/waveforms/case_01869_grid_following_inverter_like_ll_ab_scr8.0_n0.010_r3.csv,grid_following_inverter_like,ll_ab,8.0,0.01,10000,50.0,5.98,6.04,5.998540665104373,1.0141779740221686,0.12,,,,,,,,,,0.0009125,0.0040625,,0.095
1870,case_01870_grid_following_inverter_like_ll_ab_scr8.0_n0.010_r4.csv,/root/phd_thesis/Z_Synthetic_Family_Library_v2/waveforms/case_01870_grid_following_inverter_like_ll_ab_scr8.0_n0.010_r4.csv,grid_following_inverter_like,ll_ab,8.0,0.01,10000,50.0,5.98,6.04,5.999554413028534,1.0773540515641298,0.12,,,,,,,,,,0.0009125,0.0040625,,0.095
1871,case_01871_grid_following_inverter_like_ll_ab_scr8.0_n0.010_r5.csv,/root/phd_thesis/Z_Synthetic_Family_Library_v2/waveforms/case_01871_grid_following_inverter_like_ll_ab_scr8.0_n0.010_r5.csv,grid_following_inverter_like,ll_ab,8.0,0.01,10000,50.0,5.98,6.04,5.999080758746336,1.076909659078474,0.12,,,,,,,,,,0.0009125,0.0040625,,0.095
1872,case_01872_grid_following_inverter_like_ll_ab_scr8.0_n0.010_r6.csv,/root/phd_thesis/Z_Synthetic_Family_Library_v2/waveforms/case_01872_grid_following_inverter_like_ll_ab_scr8.0_n0.010_r6.csv,grid_following_inverter_like,ll_ab,8.0,0.01,10000,50.0,5.98,6.04,5.9980472989341695,1.0481668750591706,0.12,,,,,,,,,,0.0009125,0.0040625,,0.095
1873,case_01873_grid_following_inverter_like_ll_bc_scr2.0_n0.002_r1.csv,/root/phd_thesis/Z_Synthetic_Family_Library_v2/waveforms/case_01873_grid_following_inverter_like_ll_bc_scr2.0_n0.002_r1.csv,grid_following_inverter_like,ll_bc,2.0,0.002,10000,50.0,5.98,6.04,5.998492567462593,1.0111136022369778,0.44999999999999996,,,,,,,,,,0.00125,0.00575,,0.14
1874,case_01874_grid_following_inverter_like_ll_bc_scr2.0_n0.002_r2.csv,/root/phd_thesis/Z_Synthetic_Family_Library_v2/waveforms/case_01874_grid_following_inverter_like_ll_bc_scr2.0_n0.002_r2.csv,grid_following_inverter_like,ll_bc,2.0,0.002,10000,50.0,5.98,6.04,5.998878772453819,1.0264838215681231,0.44999999999999996,,,,,,,,,,0.00125,0.00575,,0.14
1875,case_01875_grid_following_inverter_like_ll_bc_scr2.0_n0.002_r3.csv,/root/phd_thesis/Z_Synthetic_Family_Library_v2/waveforms/case_01875_grid_following_inverter_like_ll_bc_scr2.0_n0.002_r3.csv,grid_following_inverter_like,ll_bc,2.0,0.002,10000,50.0,5.98,6.04,5.999307708859704,1.0430343216765328,0.44999999999999996,,,,,,,,,,0.00125,0.00575,,0.14
1876,case_01876_grid_following_inverter_like_ll_bc_scr2.0_n0.002_r4.csv,/root/phd_thesis/Z_Synthetic_Family_Library_v2/waveforms/case_01876_grid_following_inverter_like_ll_bc_scr2.0_n0.002_r4.csv,grid_following_inverter_like,ll_bc,2.0,0.002,10000,50.0,5.98,6.04,6.000046274917424,1.0311875833306605,0.44999999999999996,,,,,,,,,,0.00125,0.00575,,0.14
1877,case_01877_grid_following_inverter_like_ll_bc_scr2.0_n0.002_r5.csv,/root/phd_thesis/Z_Synthetic_Family_Library_v2/waveforms/case_01877_grid_following_inverter_like_ll_bc_scr2.0_n0.002_r5.csv,grid_following_inverter_like,ll_bc,2.0,0.002,10000,50.0,5.98,6.04,5.999857973389887,1.019265492587397,0.44999999999999996,,,,,,,,,,0.00125,0.00575,,0.14
1878,case_01878_grid_following_inverter_like_ll_bc_scr2.0_n0.002_r6.csv,/root/phd_thesis/Z_Synthetic_Family_Library_v2/waveforms/case_01878_grid_following_inverter_like_ll_bc_scr2.0_n0.002_r6.csv,grid_following_inverter_like,ll_bc,2.0,0.002,10000,50.0,5.98,6.04,6.000328574864013,1.0767366680608303,0.44999999999999996,,,,,,,,,,0.00125,0.00575,,0.14
1879,case_01879_grid_following_inverter_like_ll_bc_scr2.0_n0.005_r1.csv,/root/phd_thesis/Z_Synthetic_Family_Library_v2/waveforms/case_01879_grid_following_inverter_like_ll_bc_scr2.0_n0.005_r1.csv,grid_following_inverter_like,ll_bc,2.0,0.005,10000,50.0,5.98,6.04,5.9978871623529795,1.0701351769157883,0.44999999999999996,,,,,,,,,,0.00125,0.00575,,0.14
1880,case_01880_grid_following_inverter_like_ll_bc_scr2.0_n0.005_r2.csv,/root/phd_thesis/Z_Synthetic_Family_Library_v2/waveforms/case_01880_grid_following_inverter_like_ll_bc_scr2.0_n0.005_r2.csv,grid_following_inverter_like,ll_bc,2.0,0.005,10000,50.0,5.98,6.04,5.997683344399648,1.013417770078969,0.44999999999999996,,,,,,,,,,0.00125,0.00575,,0.14
1881,case_01881_grid_following_inverter_like_ll_bc_scr2.0_n0.005_r3.csv,/root/phd_thesis/Z_Synthetic_Family_Library_v2/waveforms/case_01881_grid_following_inverter_like_ll_bc_scr2.0_n0.005_r3.csv,grid_following_inverter_like,ll_bc,2.0,0.005,10000,50.0,5.98,6.04,5.998854492942798,1.0771588150880174,0.44999999999999996,,,,,,,,,,0.00125,0.00575,,0.14
1882,case_01882_grid_following_inverter_like_ll_bc_scr2.0_n0.005_r4.csv,/root/phd_thesis/Z_Synthetic_Family_Library_v2/waveforms/case_01882_grid_following_inverter_like_ll_bc_scr2.0_n0.005_r4.csv,grid_following_inverter_like,ll_bc,2.0,0.005,10000,50.0,5.98,6.04,5.998731229954647,1.010510613029986,0.44999999999999996,,,,,,,,,,0.00125,0.00575,,0.14
1883,case_01883_grid_following_inverter_like_ll_bc_scr2.0_n0.005_r5.csv,/root/phd_thesis/Z_Synthetic_Family_Library_v2/waveforms/case_01883_grid_following_inverter_like_ll_bc_scr2.0_n0.005_r5.csv,grid_following_inverter_like,ll_bc,2.0,0.005,10000,50.0,5.98,6.04,6.000156507702606,1.0506992379371716,0.44999999999999996,,,,,,,,,,0.00125,0.00575,,0.14
1884,case_01884_grid_following_inverter_like_ll_bc_scr2.0_n0.005_r6.csv,/root/phd_thesis/Z_Synthetic_Family_Library_v2/waveforms/case_01884_grid_following_inverter_like_ll_bc_scr2.0_n0.005_r6.csv,grid_following_inverter_like,ll_bc,2.0,0.005,10000,50.0,5.98,6.04,5.999040272517858,1.003739901803957,0.44999999999999996,,,,,,,,,,0.00125,0.00575,,0.14
1885,case_01885_grid_following_inverter_like_ll_bc_scr2.0_n0.010_r1.csv,/root/phd_thesis/Z_Synthetic_Family_Library_v2/waveforms/case_01885_grid_following_inverter_like_ll_bc_scr2.0_n0.010_r1.csv,grid_following_inverter_like,ll_bc,2.0,0.01,10000,50.0,5.98,6.04,6.000448975770813,1.0747552160148035,0.44999999999999996,,,,,,,,,,0.00125,0.00575,,0.14
1886,case_01886_grid_following_inverter_like_ll_bc_scr2.0_n0.010_r2.csv,/root/phd_thesis/Z_Synthetic_Family_Library_v2/waveforms/case_01886_grid_following_inverter_like_ll_bc_scr2.0_n0.010_r2.csv,grid_following_inverter_like,ll_bc,2.0,0.01,10000,50.0,5.98,6.04,5.9988028055707865,1.0539945518278335,0.44999999999999996,,,,,,,,,,0.00125,0.00575,,0.14
1887,case_01887_grid_following_inverter_like_ll_bc_scr2.0_n0.010_r3.csv,/root/phd_thesis/Z_Synthetic_Family_Library_v2/waveforms/case_01887_grid_following_inverter_like_ll_bc_scr2.0_n0.010_r3.csv,grid_following_inverter_like,ll_bc,2.0,0.01,10000,50.0,5.98,6.04,5.998499686997759,1.0395267561449262,0.44999999999999996,,,,,,,,,,0.00125,0.00575,,0.14
1888,case_01888_grid_following_inverter_like_ll_bc_scr2.0_n0.010_r4.csv,/root/phd_thesis/Z_Synthetic_Family_Library_v2/waveforms/case_01888_grid_following_inverter_like_ll_bc_scr2.0_n0.010_r4.csv,grid_following_inverter_like,ll_bc,2.0,0.01,10000,50.0,5.98,6.04,5.9995312927966395,1.0020627897761858,0.44999999999999996,,,,,,,,,,0.00125,0.00575,,0.14
1889,case_01889_grid_following_inverter_like_ll_bc_scr2.0_n0.010_r5.csv,/root/phd_thesis/Z_Synthetic_Family_Library_v2/waveforms/case_01889_grid_following_inverter_like_ll_bc_scr2.0_n0.010_r5.csv,grid_following_inverter_like,ll_bc,2.0,0.01,10000,50.0,5.98,6.04,5.999312041426753,1.051810194857925,0.44999999999999996,,,,,,,,,,0.00125,0.00575,,0.14
1890,case_01890_grid_following_inverter_like_ll_bc_scr2.0_n0.010_r6.csv,/root/phd_thesis/Z_Synthetic_Family_Library_v2/waveforms/case_01890_grid_following_inverter_like_ll_bc_scr2.0_n0.010_r6.csv,grid_following_inverter_like,ll_bc,2.0,0.01,10000,50.0,5.98,6.04,5.998472470945197,1.0109521459220507,0.44999999999999996,,,,,,,,,,0.00125,0.00575,,0.14
1891,case_01891_grid_following_inverter_like_ll_bc_scr3.0_n0.002_r1.csv,/root/phd_thesis/Z_Synthetic_Family_Library_v2/waveforms/case_01891_grid_following_inverter_like_ll_bc_scr3.0_n0.002_r1.csv,grid_following_inverter_like,ll_bc,3.0,0.002,10000,50.0,5.98,6.04,5.9985047600510235,1.0564775868609266,0.3,,,,,,,,,,0.0011,0.005,,0.12
1892,case_01892_grid_following_inverter_like_ll_bc_scr3.0_n0.002_r2.csv,/root/phd_thesis/Z_Synthetic_Family_Library_v2/waveforms/case_01892_grid_following_inverter_like_ll_bc_scr3.0_n0.002_r2.csv,grid_following_inverter_like,ll_bc,3.0,0.002,10000,50.0,5.98,6.04,5.998223853272914,1.0338478629520504,0.3,,,,,,,,,,0.0011,0.005,,0.12
1893,case_01893_grid_following_inverter_like_ll_bc_scr3.0_n0.002_r3.csv,/root/phd_thesis/Z_Synthetic_Family_Library_v2/waveforms/case_01893_grid_following_inverter_like_ll_bc_scr3.0_n0.002_r3.csv,grid_following_inverter_like,ll_bc,3.0,0.002,10000,50.0,5.98,6.04,5.999748118557789,1.0649748882780083,0.3,,,,,,,,,,0.0011,0.005,,0.12
1894,case_01894_grid_following_inverter_like_ll_bc_scr3.0_n0.002_r4.csv,/root/phd_thesis/Z_Synthetic_Family_Library_v2/waveforms/case_01894_grid_following_inverter_like_ll_bc_scr3.0_n0.002_r4.csv,grid_following_inverter_like,ll_bc,3.0,0.002,10000,50.0,5.98,6.04,5.998629903687542,1.0078122698406762,0.3,,,,,,,,,,0.0011,0.005,,0.12
1895,case_01895_grid_following_inverter_like_ll_bc_scr3.0_n0.002_r5.csv,/root/phd_thesis/Z_Synthetic_Family_Library_v2/waveforms/case_01895_grid_following_inverter_like_ll_bc_scr3.0_n0.002_r5.csv,grid_following_inverter_like,ll_bc,3.0,0.002,10000,50.0,5.98,6.04,5.999212223176842,1.0010003648265604,0.3,,,,,,,,,,0.0011,0.005,,0.12
1896,case_01896_grid_following_inverter_like_ll_bc_scr3.0_n0.002_r6.csv,/root/phd_thesis/Z_Synthetic_Family_Library_v2/waveforms/case_01896_grid_following_inverter_like_ll_bc_scr3.0_n0.002_r6.csv,grid_following_inverter_like,ll_bc,3.0,0.002,10000,50.0,5.98,6.04,5.998103538051787,1.033524718118687,0.3,,,,,,,,,,0.0011,0.005,,0.12
1897,case_01897_grid_following_inverter_like_ll_bc_scr3.0_n0.005_r1.csv,/root/phd_thesis/Z_Synthetic_Family_Library_v2/waveforms/case_01897_grid_following_inverter_like_ll_bc_scr3.0_n0.005_r1.csv,grid_following_inverter_like,ll_bc,3.0,0.005,10000,50.0,5.98,6.04,5.997948467322711,1.0472912504193186,0.3,,,,,,,,,,0.0011,0.005,,0.12
1898,case_01898_grid_following_inverter_like_ll_bc_scr3.0_n0.005_r2.csv,/root/phd_thesis/Z_Synthetic_Family_Library_v2/waveforms/case_01898_grid_following_inverter_like_ll_bc_scr3.0_n0.005_r2.csv,grid_following_inverter_like,ll_bc,3.0,0.005,10000,50.0,5.98,6.04,6.000208854074747,1.0151320105526918,0.3,,,,,,,,,,0.0011,0.005,,0.12
1899,case_01899_grid_following_inverter_like_ll_bc_scr3.0_n0.005_r3.csv,/root/phd_thesis/Z_Synthetic_Family_Library_v2/waveforms/case_01899_grid_following_inverter_like_ll_bc_scr3.0_n0.005_r3.csv,grid_following_inverter_like,ll_bc,3.0,0.005,10000,50.0,5.98,6.04,5.998786959554018,1.0644348604031209,0.3,,,,,,,,,,0.0011,0.005,,0.12
1900,case_01900_grid_following_inverter_like_ll_bc_scr3.0_n0.005_r4.csv,/root/phd_thesis/Z_Synthetic_Family_Library_v2/waveforms/case_01900_grid_following_inverter_like_ll_bc_scr3.0_n0.005_r4.csv,grid_following_inverter_like,ll_bc,3.0,0.005,10000,50.0,5.98,6.04,5.998699331278666,1.0642614642624513,0.3,,,,,,,,,,0.0011,0.005,,0.12
1901,case_01901_grid_following_inverter_like_ll_bc_scr3.0_n0.005_r5.csv,/root/phd_thesis/Z_Synthetic_Family_Library_v2/waveforms/case_01901_grid_following_inverter_like_ll_bc_scr3.0_n0.005_r5.csv,grid_following_inverter_like,ll_bc,3.0,0.005,10000,50.0,5.98,6.04,5.9983883388898525,1.0168104876561042,0.3,,,,,,,,,,0.0011,0.005,,0.12
1902,case_01902_grid_following_inverter_like_ll_bc_scr3.0_n0.005_r6.csv,/root/phd_thesis/Z_Synthetic_Family_Library_v2/waveforms/case_01902_grid_following_inverter_like_ll_bc_scr3.0_n0.005_r6.csv,grid_following_inverter_like,ll_bc,3.0,0.005,10000,50.0,5.98,6.04,6.000195289751682,1.055985311959271,0.3,,,,,,,,,,0.0011,0.005,,0.12
1903,case_01903_grid_following_inverter_like_ll_bc_scr3.0_n0.010_r1.csv,/root/phd_thesis/Z_Synthetic_Family_Library_v2/waveforms/case_01903_grid_following_inverter_like_ll_bc_scr3.0_n0.010_r1.csv,grid_following_inverter_like,ll_bc,3.0,0.01,10000,50.0,5.98,6.04,6.000158904003792,1.0228855767371476,0.3,,,,,,,,,,0.0011,0.005,,0.12
1904,case_01904_grid_following_inverter_like_ll_bc_scr3.0_n0.010_r2.csv,/root/phd_thesis/Z_Synthetic_Family_Library_v2/waveforms/case_01904_grid_following_inverter_like_ll_bc_scr3.0_n0.010_r2.csv,grid_following_inverter_like,ll_bc,3.0,0.01,10000,50.0,5.98,6.04,5.99875669240222,1.0281731872028759,0.3,,,,,,,,,,0.0011,0.005,,0.12
1905,case_01905_grid_following_inverter_like_ll_bc_scr3.0_n0.010_r3.csv,/root/phd_thesis/Z_Synthetic_Family_Library_v2/waveforms/case_01905_grid_following_inverter_like_ll_bc_scr3.0_n0.010_r3.csv,grid_following_inverter_like,ll_bc,3.0,0.01,10000,50.0,5.98,6.04,5.999742432064143,1.0439371399480613,0.3,,,,,,,,,,0.0011,0.005,,0.12
1906,case_01906_grid_following_inverter_like_ll_bc_scr3.0_n0.010_r4.csv,/root/phd_thesis/Z_Synthetic_Family_Library_v2/waveforms/case_01906_grid_following_inverter_like_ll_bc_scr3.0_n0.010_r4.csv,grid_following_inverter_like,ll_bc,3.0,0.01,10000,50.0,5.98,6.04,5.999862464213205,1.012977816856441,0.3,,,,,,,,,,0.0011,0.005,,0.12
1907,case_01907_grid_following_inverter_like_ll_bc_scr3.0_n0.010_r5.csv,/root/phd_thesis/Z_Synthetic_Family_Library_v2/waveforms/case_01907_grid_following_inverter_like_ll_bc_scr3.0_n0.010_r5.csv,grid_following_inverter_like,ll_bc,3.0,0.01,10000,50.0,5.98,6.04,6.000249889964793,1.0049829913537984,0.3,,,,,,,,,,0.0011,0.005,,0.12
1908,case_01908_grid_following_inverter_like_ll_bc_scr3.0_n0.010_r6.csv,/root/phd_thesis/Z_Synthetic_Family_Library_v2/waveforms/case_01908_grid_following_inverter_like_ll_bc_scr3.0_n0.010_r6.csv,grid_following_inverter_like,ll_bc,3.0,0.01,10000,50.0,5.98,6.04,5.998191719758979,1.073697622454786,0.3,,,,,,,,,,0.0011,0.005,,0.12
1909,case_01909_grid_following_inverter_like_ll_bc_scr5.0_n0.002_r1.csv,/root/phd_thesis/Z_Synthetic_Family_Library_v2/waveforms/case_01909_grid_following_inverter_like_ll_bc_scr5.0_n0.002_r1.csv,grid_following_inverter_like,ll_bc,5.0,0.002,10000,50.0,5.98,6.04,6.000079086794828,1.0498345534886937,0.18,,,,,,,,,,0.00098,0.0044,,0.10400000000000001
1910,case_01910_grid_following_inverter_like_ll_bc_scr5.0_n0.002_r2.csv,/root/phd_thesis/Z_Synthetic_Family_Library_v2/waveforms/case_01910_grid_following_inverter_like_ll_bc_scr5.0_n0.002_r2.csv,grid_following_inverter_like,ll_bc,5.0,0.002,10000,50.0,5.98,6.04,5.999851185963585,1.0773026812244388,0.18,,,,,,,,,,0.00098,0.0044,,0.10400000000000001
1911,case_01911_grid_following_inverter_like_ll_bc_scr5.0_n0.002_r3.csv,/root/phd_thesis/Z_Synthetic_Family_Library_v2/waveforms/case_01911_grid_following_inverter_like_ll_bc_scr5.0_n0.002_r3.csv,grid_following_inverter_like,ll_bc,5.0,0.002,10000,50.0,5.98,6.04,5.999078549679832,1.0460133828523528,0.18,,,,,,,,,,0.00098,0.0044,,0.10400000000000001
1912,case_01912_grid_following_inverter_like_ll_bc_scr5.0_n0.002_r4.csv,/root/phd_thesis/Z_Synthetic_Family_Library_v2/waveforms/case_01912_grid_following_inverter_like_ll_bc_scr5.0_n0.002_r4.csv,grid_following_inverter_like,ll_bc,5.0,0.002,10000,50.0,5.98,6.04,6.000369789947307,1.0329315750524426,0.18,,,,,,,,,,0.00098,0.0044,,0.10400000000000001
1913,case_01913_grid_following_inverter_like_ll_bc_scr5.0_n0.002_r5.csv,/root/phd_thesis/Z_Synthetic_Family_Library_v2/waveforms/case_01913_grid_following_inverter_like_ll_bc_scr5.0_n0.002_r5.csv,grid_following_inverter_like,ll_bc,5.0,0.002,10000,50.0,5.98,6.04,5.9993920866315635,1.0746078567099413,0.18,,,,,,,,,,0.00098,0.0044,,0.10400000000000001
1914,case_01914_grid_following_inverter_like_ll_bc_scr5.0_n0.002_r6.csv,/root/phd_thesis/Z_Synthetic_Family_Library_v2/waveforms/case_01914_grid_following_inverter_like_ll_bc_scr5.0_n0.002_r6.csv,grid_following_inverter_like,ll_bc,5.0,0.002,10000,50.0,5.98,6.04,6.000242043478706,1.0191101192014729,0.18,,,,,,,,,,0.00098,0.0044,,0.10400000000000001
1915,case_01915_grid_following_inverter_like_ll_bc_scr5.0_n0.005_r1.csv,/root/phd_thesis/Z_Synthetic_Family_Library_v2/waveforms/case_01915_grid_following_inverter_like_ll_bc_scr5.0_n0.005_r1.csv,grid_following_inverter_like,ll_bc,5.0,0.005,10000,50.0,5.98,6.04,5.99776370382577,1.0267399101362027,0.18,,,,,,,,,,0.00098,0.0044,,0.10400000000000001
1916,case_01916_grid_following_inverter_like_ll_bc_scr5.0_n0.005_r2.csv,/root/phd_thesis/Z_Synthetic_Family_Library_v2/waveforms/case_01916_grid_following_inverter_like_ll_bc_scr5.0_n0.005_r2.csv,grid_following_inverter_like,ll_bc,5.0,0.005,10000,50.0,5.98,6.04,5.998009230687655,1.0414860504626693,0.18,,,,,,,,,,0.00098,0.0044,,0.10400000000000001
1917,case_01917_grid_following_inverter_like_ll_bc_scr5.0_n0.005_r3.csv,/root/phd_thesis/Z_Synthetic_Family_Library_v2/waveforms/case_01917_grid_following_inverter_like_ll_bc_scr5.0_n0.005_r3.csv,grid_following_inverter_like,ll_bc,5.0,0.005,10000,50.0,5.98,6.04,5.997603593928454,1.0369437968969943,0.18,,,,,,,,,,0.00098,0.0044,,0.10400000000000001
1918,case_01918_grid_following_inverter_like_ll_bc_scr5.0_n0.005_r4.csv,/root/phd_thesis/Z_Synthetic_Family_Library_v2/waveforms/case_01918_grid_following_inverter_like_ll_bc_scr5.0_n0.005_r4.csv,grid_following_inverter_like,ll_bc,5.0,0.005,10000,50.0,5.98,6.04,5.9977049061694405,1.0661605331888915,0.18,,,,,,,,,,0.00098,0.0044,,0.10400000000000001
1919,case_01919_grid_following_inverter_like_ll_bc_scr5.0_n0.005_r5.csv,/root/phd_thesis/Z_Synthetic_Family_Library_v2/waveforms/case_01919_grid_following_inverter_like_ll_bc_scr5.0_n0.005_r5.csv,grid_following_inverter_like,ll_bc,5.0,0.005,10000,50.0,5.98,6.04,6.000196407207313,1.0420407241004934,0.18,,,,,,,,,,0.00098,0.0044,,0.10400000000000001
1920,case_01920_grid_following_inverter_like_ll_bc_scr5.0_n0.005_r6.csv,/root/phd_thesis/Z_Synthetic_Family_Library_v2/waveforms/case_01920_grid_following_inverter_like_ll_bc_scr5.0_n0.005_r6.csv,grid_following_inverter_like,ll_bc,5.0,0.005,10000,50.0,5.98,6.04,5.99845679807946,1.0376350641929835,0.18,,,,,,,,,,0.00098,0.0044,,0.10400000000000001
1921,case_01921_grid_following_inverter_like_ll_bc_scr5.0_n0.010_r1.csv,/root/phd_thesis/Z_Synthetic_Family_Library_v2/waveforms/case_01921_grid_following_inverter_like_ll_bc_scr5.0_n0.010_r1.csv,grid_following_inverter_like,ll_bc,5.0,0.01,10000,50.0,5.98,6.04,5.9980570142171965,1.0199981366551707,0.18,,,,,,,,,,0.00098,0.0044,,0.10400000000000001
1922,case_01922_grid_following_inverter_like_ll_bc_scr5.0_n0.010_r2.csv,/root/phd_thesis/Z_Synthetic_Family_Library_v2/waveforms/case_01922_grid_following_inverter_like_ll_bc_scr5.0_n0.010_r2.csv,grid_following_inverter_like,ll_bc,5.0,0.01,10000,50.0,5.98,6.04,5.999723085067926,1.0661505822096318,0.18,,,,,,,,,,0.00098,0.0044,,0.10400000000000001
1923,case_01923_grid_following_inverter_like_ll_bc_scr5.0_n0.010_r3.csv,/root/phd_thesis/Z_Synthetic_Family_Library_v2/waveforms/case_01923_grid_following_inverter_like_ll_bc_scr5.0_n0.010_r3.csv,grid_following_inverter_like,ll_bc,5.0,0.01,10000,50.0,5.98,6.04,5.99918091881731,1.0286702233726035,0.18,,,,,,,,,,0.00098,0.0044,,0.10400000000000001
1924,case_01924_grid_following_inverter_like_ll_bc_scr5.0_n0.010_r4.csv,/root/phd_thesis/Z_Synthetic_Family_Library_v2/waveforms/case_01924_grid_following_inverter_like_ll_bc_scr5.0_n0.010_r4.csv,grid_following_inverter_like,ll_bc,5.0,0.01,10000,50.0,5.98,6.04,5.999355312504654,1.0110695968395957,0.18,,,,,,,,,,0.00098,0.0044,,0.10400000000000001
1925,case_01925_grid_following_inverter_like_ll_bc_scr5.0_n0.010_r5.csv,/root/phd_thesis/Z_Synthetic_Family_Library_v2/waveforms/case_01925_grid_following_inverter_like_ll_bc_scr5.0_n0.010_r5.csv,grid_following_inverter_like,ll_bc,5.0,0.01,10000,50.0,5.98,6.04,6.00001034597953,1.005621177883281,0.18,,,,,,,,,,0.00098,0.0044,,0.10400000000000001
1926,case_01926_grid_following_inverter_like_ll_bc_scr5.0_n0.010_r6.csv,/root/phd_thesis/Z_Synthetic_Family_Library_v2/waveforms/case_01926_grid_following_inverter_like_ll_bc_scr5.0_n0.010_r6.csv,grid_following_inverter_like,ll_bc,5.0,0.01,10000,50.0,5.98,6.04,6.000490170050464,1.002327584619068,0.18,,,,,,,,,,0.00098,0.0044,,0.10400000000000001
1927,case_01927_grid_following_inverter_like_ll_bc_scr8.0_n0.002_r1.csv,/root/phd_thesis/Z_Synthetic_Family_Library_v2/waveforms/case_01927_grid_following_inverter_like_ll_bc_scr8.0_n0.002_r1.csv,grid_following_inverter_like,ll_bc,8.0,0.002,10000,50.0,5.98,6.04,6.000441022360332,1.0764257764013874,0.12,,,,,,,,,,0.0009125,0.0040625,,0.095
1928,case_01928_grid_following_inverter_like_ll_bc_scr8.0_n0.002_r2.csv,/root/phd_thesis/Z_Synthetic_Family_Library_v2/waveforms/case_01928_grid_following_inverter_like_ll_bc_scr8.0_n0.002_r2.csv,grid_following_inverter_like,ll_bc,8.0,0.002,10000,50.0,5.98,6.04,5.998010198411182,1.0781901778124425,0.12,,,,,,,,,,0.0009125,0.0040625,,0.095
1929,case_01929_grid_following_inverter_like_ll_bc_scr8.0_n0.002_r3.csv,/root/phd_thesis/Z_Synthetic_Family_Library_v2/waveforms/case_01929_grid_following_inverter_like_ll_bc_scr8.0_n0.002_r3.csv,grid_following_inverter_like,ll_bc,8.0,0.002,10000,50.0,5.98,6.04,6.000469014462,1.0564699630635712,0.12,,,,,,,,,,0.0009125,0.0040625,,0.095
1930,case_01930_grid_following_inverter_like_ll_bc_scr8.0_n0.002_r4.csv,/root/phd_thesis/Z_Synthetic_Family_Library_v2/waveforms/case_01930_grid_following_inverter_like_ll_bc_scr8.0_n0.002_r4.csv,grid_following_inverter_like,ll_bc,8.0,0.002,10000,50.0,5.98,6.04,6.000308413925112,1.0498594828533687,0.12,,,,,,,,,,0.0009125,0.0040625,,0.095
1931,case_01931_grid_following_inverter_like_ll_bc_scr8.0_n0.002_r5.csv,/root/phd_thesis/Z_Synthetic_Family_Library_v2/waveforms/case_01931_grid_following_inverter_like_ll_bc_scr8.0_n0.002_r5.csv,grid_following_inverter_like,ll_bc,8.0,0.002,10000,50.0,5.98,6.04,5.999913442036131,1.0152455633505504,0.12,,,,,,,,,,0.0009125,0.0040625,,0.095
1932,case_01932_grid_following_inverter_like_ll_bc_scr8.0_n0.002_r6.csv,/root/phd_thesis/Z_Synthetic_Family_Library_v2/waveforms/case_01932_grid_following_inverter_like_ll_bc_scr8.0_n0.002_r6.csv,grid_following_inverter_like,ll_bc,8.0,0.002,10000,50.0,5.98,6.04,5.9999387115748934,1.041486225171893,0.12,,,,,,,,,,0.0009125,0.0040625,,0.095
1933,case_01933_grid_following_inverter_like_ll_bc_scr8.0_n0.005_r1.csv,/root/phd_thesis/Z_Synthetic_Family_Library_v2/waveforms/case_01933_grid_following_inverter_like_ll_bc_scr8.0_n0.005_r1.csv,grid_following_inverter_like,ll_bc,8.0,0.005,10000,50.0,5.98,6.04,5.998649593856192,1.0365226336074558,0.12,,,,,,,,,,0.0009125,0.0040625,,0.095
1934,case_01934_grid_following_inverter_like_ll_bc_scr8.0_n0.005_r2.csv,/root/phd_thesis/Z_Synthetic_Family_Library_v2/waveforms/case_01934_grid_following_inverter_like_ll_bc_scr8.0_n0.005_r2.csv,grid_following_inverter_like,ll_bc,8.0,0.005,10000,50.0,5.98,6.04,5.999249679622379,1.0697560690128487,0.12,,,,,,,,,,0.0009125,0.0040625,,0.095
1935,case_01935_grid_following_inverter_like_ll_bc_scr8.0_n0.005_r3.csv,/root/phd_thesis/Z_Synthetic_Family_Library_v2/waveforms/case_01935_grid_following_inverter_like_ll_bc_scr8.0_n0.005_r3.csv,grid_following_inverter_like,ll_bc,8.0,0.005,10000,50.0,5.98,6.04,5.9998521793257105,1.025738405531627,0.12,,,,,,,,,,0.0009125,0.0040625,,0.095
1936,case_01936_grid_following_inverter_like_ll_bc_scr8.0_n0.005_r4.csv,/root/phd_thesis/Z_Synthetic_Family_Library_v2/waveforms/case_01936_grid_following_inverter_like_ll_bc_scr8.0_n0.005_r4.csv,grid_following_inverter_like,ll_bc,8.0,0.005,10000,50.0,5.98,6.04,5.998152216706343,1.0127774900247486,0.12,,,,,,,,,,0.0009125,0.0040625,,0.095
1937,case_01937_grid_following_inverter_like_ll_bc_scr8.0_n0.005_r5.csv,/root/phd_thesis/Z_Synthetic_Family_Library_v2/waveforms/case_01937_grid_following_inverter_like_ll_bc_scr8.0_n0.005_r5.csv,grid_following_inverter_like,ll_bc,8.0,0.005,10000,50.0,5.98,6.04,6.000353442917255,1.0337134243528785,0.12,,,,,,,,,,0.0009125,0.0040625,,0.095
1938,case_01938_grid_following_inverter_like_ll_bc_scr8.0_n0.005_r6.csv,/root/phd_thesis/Z_Synthetic_Family_Library_v2/waveforms/case_01938_grid_following_inverter_like_ll_bc_scr8.0_n0.005_r6.csv,grid_following_inverter_like,ll_bc,8.0,0.005,10000,50.0,5.98,6.04,5.999617570255824,1.0580633042051542,0.12,,,,,,,,,,0.0009125,0.0040625,,0.095
1939,case_01939_grid_following_inverter_like_ll_bc_scr8.0_n0.010_r1.csv,/root/phd_thesis/Z_Synthetic_Family_Library_v2/waveforms/case_01939_grid_following_inverter_like_ll_bc_scr8.0_n0.010_r1.csv,grid_following_inverter_like,ll_bc,8.0,0.01,10000,50.0,5.98,6.04,5.997860415236265,1.0179241769602334,0.12,,,,,,,,,,0.0009125,0.0040625,,0.095
1940,case_01940_grid_following_inverter_like_ll_bc_scr8.0_n0.010_r2.csv,/root/phd_thesis/Z_Synthetic_Family_Library_v2/waveforms/case_01940_grid_following_inverter_like_ll_bc_scr8.0_n0.010_r2.csv,grid_following_inverter_like,ll_bc,8.0,0.01,10000,50.0,5.98,6.04,5.998608580240907,1.0090089062327672,0.12,,,,,,,,,,0.0009125,0.0040625,,0.095
1941,case_01941_grid_following_inverter_like_ll_bc_scr8.0_n0.010_r3.csv,/root/phd_thesis/Z_Synthetic_Family_Library_v2/waveforms/case_01941_grid_following_inverter_like_ll_bc_scr8.0_n0.010_r3.csv,grid_following_inverter_like,ll_bc,8.0,0.01,10000,50.0,5.98,6.04,5.999276136677461,1.0669821077366997,0.12,,,,,,,,,,0.0009125,0.0040625,,0.095
1942,case_01942_grid_following_inverter_like_ll_bc_scr8.0_n0.010_r4.csv,/root/phd_thesis/Z_Synthetic_Family_Library_v2/waveforms/case_01942_grid_following_inverter_like_ll_bc_scr8.0_n0.010_r4.csv,grid_following_inverter_like,ll_bc,8.0,0.01,10000,50.0,5.98,6.04,6.000340282108806,1.065470389005228,0.12,,,,,,,,,,0.0009125,0.0040625,,0.095
1943,case_01943_grid_following_inverter_like_ll_bc_scr8.0_n0.010_r5.csv,/root/phd_thesis/Z_Synthetic_Family_Library_v2/waveforms/case_01943_grid_following_inverter_like_ll_bc_scr8.0_n0.010_r5.csv,grid_following_inverter_like,ll_bc,8.0,0.01,10000,50.0,5.98,6.04,5.997855172842667,1.0453189461099812,0.12,,,,,,,,,,0.0009125,0.0040625,,0.095
1944,case_01944_grid_following_inverter_like_ll_bc_scr8.0_n0.010_r6.csv,/root/phd_thesis/Z_Synthetic_Family_Library_v2/waveforms/case_01944_grid_following_inverter_like_ll_bc_scr8.0_n0.010_r6.csv,grid_following_inverter_like,ll_bc,8.0,0.01,10000,50.0,5.98,6.04,5.998592316768485,1.0517095496973523,0.12,,,,,,,,,,0.0009125,0.0040625,,0.095
1945,case_01945_grid_following_inverter_like_ll_ca_scr2.0_n0.002_r1.csv,/root/phd_thesis/Z_Synthetic_Family_Library_v2/waveforms/case_01945_grid_following_inverter_like_ll_ca_scr2.0_n0.002_r1.csv,grid_following_inverter_like,ll_ca,2.0,0.002,10000,50.0,5.98,6.04,5.998693190532403,1.0597111989630281,0.44999999999999996,,,,,,,,,,0.00125,0.00575,,0.14
1946,case_01946_grid_following_inverter_like_ll_ca_scr2.0_n0.002_r2.csv,/root/phd_thesis/Z_Synthetic_Family_Library_v2/waveforms/case_01946_grid_following_inverter_like_ll_ca_scr2.0_n0.002_r2.csv,grid_following_inverter_like,ll_ca,2.0,0.002,10000,50.0,5.98,6.04,5.99757596716324,1.0104163466170515,0.44999999999999996,,,,,,,,,,0.00125,0.00575,,0.14
1947,case_01947_grid_following_inverter_like_ll_ca_scr2.0_n0.002_r3.csv,/root/phd_thesis/Z_Synthetic_Family_Library_v2/waveforms/case_01947_grid_following_inverter_like_ll_ca_scr2.0_n0.002_r3.csv,grid_following_inverter_like,ll_ca,2.0,0.002,10000,50.0,5.98,6.04,5.999530514782593,1.0034382802215904,0.44999999999999996,,,,,,,,,,0.00125,0.00575,,0.14
1948,case_01948_grid_following_inverter_like_ll_ca_scr2.0_n0.002_r4.csv,/root/phd_thesis/Z_Synthetic_Family_Library_v2/waveforms/case_01948_grid_following_inverter_like_ll_ca_scr2.0_n0.002_r4.csv,grid_following_inverter_like,ll_ca,2.0,0.002,10000,50.0,5.98,6.04,5.998596704537269,1.0150448279454787,0.44999999999999996,,,,,,,,,,0.00125,0.00575,,0.14
1949,case_01949_grid_following_inverter_like_ll_ca_scr2.0_n0.002_r5.csv,/root/phd_thesis/Z_Synthetic_Family_Library_v2/waveforms/case_01949_grid_following_inverter_like_ll_ca_scr2.0_n0.002_r5.csv,grid_following_inverter_like,ll_ca,2.0,0.002,10000,50.0,5.98,6.04,6.000140928489981,1.0532471290184036,0.44999999999999996,,,,,,,,,,0.00125,0.00575,,0.14
1950,case_01950_grid_following_inverter_like_ll_ca_scr2.0_n0.002_r6.csv,/root/phd_thesis/Z_Synthetic_Family_Library_v2/waveforms/case_01950_grid_following_inverter_like_ll_ca_scr2.0_n0.002_r6.csv,grid_following_inverter_like,ll_ca,2.0,0.002,10000,50.0,5.98,6.04,6.000003107592025,1.0256264654446914,0.44999999999999996,,,,,,,,,,0.00125,0.00575,,0.14
1951,case_01951_grid_following_inverter_like_ll_ca_scr2.0_n0.005_r1.csv,/root/phd_thesis/Z_Synthetic_Family_Library_v2/waveforms/case_01951_grid_following_inverter_like_ll_ca_scr2.0_n0.005_r1.csv,grid_following_inverter_like,ll_ca,2.0,0.005,10000,50.0,5.98,6.04,5.9992205857469525,1.0385257512965484,0.44999999999999996,,,,,,,,,,0.00125,0.00575,,0.14
1952,case_01952_grid_following_inverter_like_ll_ca_scr2.0_n0.005_r2.csv,/root/phd_thesis/Z_Synthetic_Family_Library_v2/waveforms/case_01952_grid_following_inverter_like_ll_ca_scr2.0_n0.005_r2.csv,grid_following_inverter_like,ll_ca,2.0,0.005,10000,50.0,5.98,6.04,5.99851674634811,1.079814655811798,0.44999999999999996,,,,,,,,,,0.00125,0.00575,,0.14
1953,case_01953_grid_following_inverter_like_ll_ca_scr2.0_n0.005_r3.csv,/root/phd_thesis/Z_Synthetic_Family_Library_v2/waveforms/case_01953_grid_following_inverter_like_ll_ca_scr2.0_n0.005_r3.csv,grid_following_inverter_like,ll_ca,2.0,0.005,10000,50.0,5.98,6.04,6.000099039709591,1.0664885280847756,0.44999999999999996,,,,,,,,,,0.00125,0.00575,,0.14
1954,case_01954_grid_following_inverter_like_ll_ca_scr2.0_n0.005_r4.csv,/root/phd_thesis/Z_Synthetic_Family_Library_v2/waveforms/case_01954_grid_following_inverter_like_ll_ca_scr2.0_n0.005_r4.csv,grid_following_inverter_like,ll_ca,2.0,0.005,10000,50.0,5.98,6.04,6.000447866249138,1.0333076487822725,0.44999999999999996,,,,,,,,,,0.00125,0.00575,,0.14
1955,case_01955_grid_following_inverter_like_ll_ca_scr2.0_n0.005_r5.csv,/root/phd_thesis/Z_Synthetic_Family_Library_v2/waveforms/case_01955_grid_following_inverter_like_ll_ca_scr2.0_n0.005_r5.csv,grid_following_inverter_like,ll_ca,2.0,0.005,10000,50.0,5.98,6.04,5.9990705145353465,1.0159594705349086,0.44999999999999996,,,,,,,,,,0.00125,0.00575,,0.14
1956,case_01956_grid_following_inverter_like_ll_ca_scr2.0_n0.005_r6.csv,/root/phd_thesis/Z_Synthetic_Family_Library_v2/waveforms/case_01956_grid_following_inverter_like_ll_ca_scr2.0_n0.005_r6.csv,grid_following_inverter_like,ll_ca,2.0,0.005,10000,50.0,5.98,6.04,5.997629273965764,1.0013846714506869,0.44999999999999996,,,,,,,,,,0.00125,0.00575,,0.14
1957,case_01957_grid_following_inverter_like_ll_ca_scr2.0_n0.010_r1.csv,/root/phd_thesis/Z_Synthetic_Family_Library_v2/waveforms/case_01957_grid_following_inverter_like_ll_ca_scr2.0_n0.010_r1.csv,grid_following_inverter_like,ll_ca,2.0,0.01,10000,50.0,5.98,6.04,5.998418840230959,1.0597444615039533,0.44999999999999996,,,,,,,,,,0.00125,0.00575,,0.14
1958,case_01958_grid_following_inverter_like_ll_ca_scr2.0_n0.010_r2.csv,/root/phd_thesis/Z_Synthetic_Family_Library_v2/waveforms/case_01958_grid_following_inverter_like_ll_ca_scr2.0_n0.010_r2.csv,grid_following_inverter_like,ll_ca,2.0,0.01,10000,50.0,5.98,6.04,6.000332485404896,1.0031556794337495,0.44999999999999996,,,,,,,,,,0.00125,0.00575,,0.14
1959,case_01959_grid_following_inverter_like_ll_ca_scr2.0_n0.010_r3.csv,/root/phd_thesis/Z_Synthetic_Family_Library_v2/waveforms/case_01959_grid_following_inverter_like_ll_ca_scr2.0_n0.010_r3.csv,grid_following_inverter_like,ll_ca,2.0,0.01,10000,50.0,5.98,6.04,5.998902937751707,1.0687422456796143,0.44999999999999996,,,,,,,,,,0.00125,0.00575,,0.14
1960,case_01960_grid_following_inverter_like_ll_ca_scr2.0_n0.010_r4.csv,/root/phd_thesis/Z_Synthetic_Family_Library_v2/waveforms/case_01960_grid_following_inverter_like_ll_ca_scr2.0_n0.010_r4.csv,grid_following_inverter_like,ll_ca,2.0,0.01,10000,50.0,5.98,6.04,5.998654953323626,1.048608983325522,0.44999999999999996,,,,,,,,,,0.00125,0.00575,,0.14
1961,case_01961_grid_following_inverter_like_ll_ca_scr2.0_n0.010_r5.csv,/root/phd_thesis/Z_Synthetic_Family_Library_v2/waveforms/case_01961_grid_following_inverter_like_ll_ca_scr2.0_n0.010_r5.csv,grid_following_inverter_like,ll_ca,2.0,0.01,10000,50.0,5.98,6.04,5.99914618424186,1.0057358092548256,0.44999999999999996,,,,,,,,,,0.00125,0.00575,,0.14
1962,case_01962_grid_following_inverter_like_ll_ca_scr2.0_n0.010_r6.csv,/root/phd_thesis/Z_Synthetic_Family_Library_v2/waveforms/case_01962_grid_following_inverter_like_ll_ca_scr2.0_n0.010_r6.csv,grid_following_inverter_like,ll_ca,2.0,0.01,10000,50.0,5.98,6.04,5.999537940567806,1.0485686361233586,0.44999999999999996,,,,,,,,,,0.00125,0.00575,,0.14
1963,case_01963_grid_following_inverter_like_ll_ca_scr3.0_n0.002_r1.csv,/root/phd_thesis/Z_Synthetic_Family_Library_v2/waveforms/case_01963_grid_following_inverter_like_ll_ca_scr3.0_n0.002_r1.csv,grid_following_inverter_like,ll_ca,3.0,0.002,10000,50.0,5.98,6.04,5.998944547113659,1.0014480819562868,0.3,,,,,,,,,,0.0011,0.005,,0.12
1964,case_01964_grid_following_inverter_like_ll_ca_scr3.0_n0.002_r2.csv,/root/phd_thesis/Z_Synthetic_Family_Library_v2/waveforms/case_01964_grid_following_inverter_like_ll_ca_scr3.0_n0.002_r2.csv,grid_following_inverter_like,ll_ca,3.0,0.002,10000,50.0,5.98,6.04,5.998004645627895,1.0073139865199905,0.3,,,,,,,,,,0.0011,0.005,,0.12
1965,case_01965_grid_following_inverter_like_ll_ca_scr3.0_n0.002_r3.csv,/root/phd_thesis/Z_Synthetic_Family_Library_v2/waveforms/case_01965_grid_following_inverter_like_ll_ca_scr3.0_n0.002_r3.csv,grid_following_inverter_like,ll_ca,3.0,0.002,10000,50.0,5.98,6.04,5.999661008732201,1.0299577072091188,0.3,,,,,,,,,,0.0011,0.005,,0.12
1966,case_01966_grid_following_inverter_like_ll_ca_scr3.0_n0.002_r4.csv,/root/phd_thesis/Z_Synthetic_Family_Library_v2/waveforms/case_01966_grid_following_inverter_like_ll_ca_scr3.0_n0.002_r4.csv,grid_following_inverter_like,ll_ca,3.0,0.002,10000,50.0,5.98,6.04,5.998026466066861,1.0340866714507848,0.3,,,,,,,,,,0.0011,0.005,,0.12
1967,case_01967_grid_following_inverter_like_ll_ca_scr3.0_n0.002_r5.csv,/root/phd_thesis/Z_Synthetic_Family_Library_v2/waveforms/case_01967_grid_following_inverter_like_ll_ca_scr3.0_n0.002_r5.csv,grid_following_inverter_like,ll_ca,3.0,0.002,10000,50.0,5.98,6.04,5.998777143205178,1.0239686940307502,0.3,,,,,,,,,,0.0011,0.005,,0.12
1968,case_01968_grid_following_inverter_like_ll_ca_scr3.0_n0.002_r6.csv,/root/phd_thesis/Z_Synthetic_Family_Library_v2/waveforms/case_01968_grid_following_inverter_like_ll_ca_scr3.0_n0.002_r6.csv,grid_following_inverter_like,ll_ca,3.0,0.002,10000,50.0,5.98,6.04,5.999643533680925,1.0673802554921712,0.3,,,,,,,,,,0.0011,0.005,,0.12
1969,case_01969_grid_following_inverter_like_ll_ca_scr3.0_n0.005_r1.csv,/root/phd_thesis/Z_Synthetic_Family_Library_v2/waveforms/case_01969_grid_following_inverter_like_ll_ca_scr3.0_n0.005_r1.csv,grid_following_inverter_like,ll_ca,3.0,0.005,10000,50.0,5.98,6.04,6.000329531790052,1.044926388147237,0.3,,,,,,,,,,0.0011,0.005,,0.12
1970,case_01970_grid_following_inverter_like_ll_ca_scr3.0_n0.005_r2.csv,/root/phd_thesis/Z_Synthetic_Family_Library_v2/waveforms/case_01970_grid_following_inverter_like_ll_ca_scr3.0_n0.005_r2.csv,grid_following_inverter_like,ll_ca,3.0,0.005,10000,50.0,5.98,6.04,5.99990525608479,1.0320642847366626,0.3,,,,,,,,,,0.0011,0.005,,0.12
1971,case_01971_grid_following_inverter_like_ll_ca_scr3.0_n0.005_r3.csv,/root/phd_thesis/Z_Synthetic_Family_Library_v2/waveforms/case_01971_grid_following_inverter_like_ll_ca_scr3.0_n0.005_r3.csv,grid_following_inverter_like,ll_ca,3.0,0.005,10000,50.0,5.98,6.04,5.9994174309586805,1.013492603238354,0.3,,,,,,,,,,0.0011,0.005,,0.12
1972,case_01972_grid_following_inverter_like_ll_ca_scr3.0_n0.005_r4.csv,/root/phd_thesis/Z_Synthetic_Family_Library_v2/waveforms/case_01972_grid_following_inverter_like_ll_ca_scr3.0_n0.005_r4.csv,grid_following_inverter_like,ll_ca,3.0,0.005,10000,50.0,5.98,6.04,5.999510145698197,1.0468395705600113,0.3,,,,,,,,,,0.0011,0.005,,0.12
1973,case_01973_grid_following_inverter_like_ll_ca_scr3.0_n0.005_r5.csv,/root/phd_thesis/Z_Synthetic_Family_Library_v2/waveforms/case_01973_grid_following_inverter_like_ll_ca_scr3.0_n0.005_r5.csv,grid_following_inverter_like,ll_ca,3.0,0.005,10000,50.0,5.98,6.04,6.000476190395896,1.010769674620692,0.3,,,,,,,,,,0.0011,0.005,,0.12
1974,case_01974_grid_following_inverter_like_ll_ca_scr3.0_n0.005_r6.csv,/root/phd_thesis/Z_Synthetic_Family_Library_v2/waveforms/case_01974_grid_following_inverter_like_ll_ca_scr3.0_n0.005_r6.csv,grid_following_inverter_like,ll_ca,3.0,0.005,10000,50.0,5.98,6.04,5.997936951818534,1.0007211537206295,0.3,,,,,,,,,,0.0011,0.005,,0.12
1975,case_01975_grid_following_inverter_like_ll_ca_scr3.0_n0.010_r1.csv,/root/phd_thesis/Z_Synthetic_Family_Library_v2/waveforms/case_01975_grid_following_inverter_like_ll_ca_scr3.0_n0.010_r1.csv,grid_following_inverter_like,ll_ca,3.0,0.01,10000,50.0,5.98,6.04,6.000199355324519,1.055538335745585,0.3,,,,,,,,,,0.0011,0.005,,0.12
1976,case_01976_grid_following_inverter_like_ll_ca_scr3.0_n0.010_r2.csv,/root/phd_thesis/Z_Synthetic_Family_Library_v2/waveforms/case_01976_grid_following_inverter_like_ll_ca_scr3.0_n0.010_r2.csv,grid_following_inverter_like,ll_ca,3.0,0.01,10000,50.0,5.98,6.04,5.99789623664085,1.010835152836665,0.3,,,,,,,,,,0.0011,0.005,,0.12
1977,case_01977_grid_following_inverter_like_ll_ca_scr3.0_n0.010_r3.csv,/root/phd_thesis/Z_Synthetic_Family_Library_v2/waveforms/case_01977_grid_following_inverter_like_ll_ca_scr3.0_n0.010_r3.csv,grid_following_inverter_like,ll_ca,3.0,0.01,10000,50.0,5.98,6.04,5.99914843068313,1.0524919872353513,0.3,,,,,,,,,,0.0011,0.005,,0.12
1978,case_01978_grid_following_inverter_like_ll_ca_scr3.0_n0.010_r4.csv,/root/phd_thesis/Z_Synthetic_Family_Library_v2/waveforms/case_01978_grid_following_inverter_like_ll_ca_scr3.0_n0.010_r4.csv,grid_following_inverter_like,ll_ca,3.0,0.01,10000,50.0,5.98,6.04,5.999085241852238,1.022117628091703,0.3,,,,,,,,,,0.0011,0.005,,0.12
1979,case_01979_grid_following_inverter_like_ll_ca_scr3.0_n0.010_r5.csv,/root/phd_thesis/Z_Synthetic_Family_Library_v2/waveforms/case_01979_grid_following_inverter_like_ll_ca_scr3.0_n0.010_r5.csv,grid_following_inverter_like,ll_ca,3.0,0.01,10000,50.0,5.98,6.04,5.998544195926768,1.0558544157714085,0.3,,,,,,,,,,0.0011,0.005,,0.12
1980,case_01980_grid_following_inverter_like_ll_ca_scr3.0_n0.010_r6.csv,/root/phd_thesis/Z_Synthetic_Family_Library_v2/waveforms/case_01980_grid_following_inverter_like_ll_ca_scr3.0_n0.010_r6.csv,grid_following_inverter_like,ll_ca,3.0,0.01,10000,50.0,5.98,6.04,5.999804352291444,1.0675965978772086,0.3,,,,,,,,,,0.0011,0.005,,0.12
1981,case_01981_grid_following_inverter_like_ll_ca_scr5.0_n0.002_r1.csv,/root/phd_thesis/Z_Synthetic_Family_Library_v2/waveforms/case_01981_grid_following_inverter_like_ll_ca_scr5.0_n0.002_r1.csv,grid_following_inverter_like,ll_ca,5.0,0.002,10000,50.0,5.98,6.04,5.99798412584948,1.0418718615841818,0.18,,,,,,,,,,0.00098,0.0044,,0.10400000000000001
1982,case_01982_grid_following_inverter_like_ll_ca_scr5.0_n0.002_r2.csv,/root/phd_thesis/Z_Synthetic_Family_Library_v2/waveforms/case_01982_grid_following_inverter_like_ll_ca_scr5.0_n0.002_r2.csv,grid_following_inverter_like,ll_ca,5.0,0.002,10000,50.0,5.98,6.04,5.999638628818428,1.046862432241575,0.18,,,,,,,,,,0.00098,0.0044,,0.10400000000000001
1983,case_01983_grid_following_inverter_like_ll_ca_scr5.0_n0.002_r3.csv,/root/phd_thesis/Z_Synthetic_Family_Library_v2/waveforms/case_01983_grid_following_inverter_like_ll_ca_scr5.0_n0.002_r3.csv,grid_following_inverter_like,ll_ca,5.0,0.002,10000,50.0,5.98,6.04,5.997674009843683,1.0543777314500165,0.18,,,,,,,,,,0.00098,0.0044,,0.10400000000000001
1984,case_01984_grid_following_inverter_like_ll_ca_scr5.0_n0.002_r4.csv,/root/phd_thesis/Z_Synthetic_Family_Library_v2/waveforms/case_01984_grid_following_inverter_like_ll_ca_scr5.0_n0.002_r4.csv,grid_following_inverter_like,ll_ca,5.0,0.002,10000,50.0,5.98,6.04,5.998478620539087,1.022285108323421,0.18,,,,,,,,,,0.00098,0.0044,,0.10400000000000001
1985,case_01985_grid_following_inverter_like_ll_ca_scr5.0_n0.002_r5.csv,/root/phd_thesis/Z_Synthetic_Family_Library_v2/waveforms/case_01985_grid_following_inverter_like_ll_ca_scr5.0_n0.002_r5.csv,grid_following_inverter_like,ll_ca,5.0,0.002,10000,50.0,5.98,6.04,5.998276152237635,1.049430048606703,0.18,,,,,,,,,,0.00098,0.0044,,0.10400000000000001
1986,case_01986_grid_following_inverter_like_ll_ca_scr5.0_n0.002_r6.csv,/root/phd_thesis/Z_Synthetic_Family_Library_v2/waveforms/case_01986_grid_following_inverter_like_ll_ca_scr5.0_n0.002_r6.csv,grid_following_inverter_like,ll_ca,5.0,0.002,10000,50.0,5.98,6.04,5.9976181680214715,1.0027208468234434,0.18,,,,,,,,,,0.00098,0.0044,,0.10400000000000001
1987,case_01987_grid_following_inverter_like_ll_ca_scr5.0_n0.005_r1.csv,/root/phd_thesis/Z_Synthetic_Family_Library_v2/waveforms/case_01987_grid_following_inverter_like_ll_ca_scr5.0_n0.005_r1.csv,grid_following_inverter_like,ll_ca,5.0,0.005,10000,50.0,5.98,6.04,5.998136734499215,1.0436919882957076,0.18,,,,,,,,,,0.00098,0.0044,,0.10400000000000001
1988,case_01988_grid_following_inverter_like_ll_ca_scr5.0_n0.005_r2.csv,/root/phd_thesis/Z_Synthetic_Family_Library_v2/waveforms/case_01988_grid_following_inverter_like_ll_ca_scr5.0_n0.005_r2.csv,grid_following_inverter_like,ll_ca,5.0,0.005,10000,50.0,5.98,6.04,5.999139826417534,1.015032389879855,0.18,,,,,,,,,,0.00098,0.0044,,0.10400000000000001
1989,case_01989_grid_following_inverter_like_ll_ca_scr5.0_n0.005_r3.csv,/root/phd_thesis/Z_Synthetic_Family_Library_v2/waveforms/case_01989_grid_following_inverter_like_ll_ca_scr5.0_n0.005_r3.csv,grid_following_inverter_like,ll_ca,5.0,0.005,10000,50.0,5.98,6.04,5.999343870214448,1.0381789661764842,0.18,,,,,,,,,,0.00098,0.0044,,0.10400000000000001
1990,case_01990_grid_following_inverter_like_ll_ca_scr5.0_n0.005_r4.csv,/root/phd_thesis/Z_Synthetic_Family_Library_v2/waveforms/case_01990_grid_following_inverter_like_ll_ca_scr5.0_n0.005_r4.csv,grid_following_inverter_like,ll_ca,5.0,0.005,10000,50.0,5.98,6.04,5.999538887658881,1.068398188316738,0.18,,,,,,,,,,0.00098,0.0044,,0.10400000000000001
1991,case_01991_grid_following_inverter_like_ll_ca_scr5.0_n0.005_r5.csv,/root/phd_thesis/Z_Synthetic_Family_Library_v2/waveforms/case_01991_grid_following_inverter_like_ll_ca_scr5.0_n0.005_r5.csv,grid_following_inverter_like,ll_ca,5.0,0.005,10000,50.0,5.98,6.04,5.998241379473954,1.0743496422831038,0.18,,,,,,,,,,0.00098,0.0044,,0.10400000000000001
1992,case_01992_grid_following_inverter_like_ll_ca_scr5.0_n0.005_r6.csv,/root/phd_thesis/Z_Synthetic_Family_Library_v2/waveforms/case_01992_grid_following_inverter_like_ll_ca_scr5.0_n0.005_r6.csv,grid_following_inverter_like,ll_ca,5.0,0.005,10000,50.0,5.98,6.04,5.998453703554203,1.0410281157979209,0.18,,,,,,,,,,0.00098,0.0044,,0.10400000000000001
1993,case_01993_grid_following_inverter_like_ll_ca_scr5.0_n0.010_r1.csv,/root/phd_thesis/Z_Synthetic_Family_Library_v2/waveforms/case_01993_grid_following_inverter_like_ll_ca_scr5.0_n0.010_r1.csv,grid_following_inverter_like,ll_ca,5.0,0.01,10000,50.0,5.98,6.04,5.999400442536215,1.0417723658585853,0.18,,,,,,,,,,0.00098,0.0044,,0.10400000000000001
1994,case_01994_grid_following_inverter_like_ll_ca_scr5.0_n0.010_r2.csv,/root/phd_thesis/Z_Synthetic_Family_Library_v2/waveforms/case_01994_grid_following_inverter_like_ll_ca_scr5.0_n0.010_r2.csv,grid_following_inverter_like,ll_ca,5.0,0.01,10000,50.0,5.98,6.04,5.998197480461251,1.0361223577407026,0.18,,,,,,,,,,0.00098,0.0044,,0.10400000000000001
1995,case_01995_grid_following_inverter_like_ll_ca_scr5.0_n0.010_r3.csv,/root/phd_thesis/Z_Synthetic_Family_Library_v2/waveforms/case_01995_grid_following_inverter_like_ll_ca_scr5.0_n0.010_r3.csv,grid_following_inverter_like,ll_ca,5.0,0.01,10000,50.0,5.98,6.04,5.999065351944562,1.0529121868439058,0.18,,,,,,,,,,0.00098,0.0044,,0.10400000000000001
1996,case_01996_grid_following_inverter_like_ll_ca_scr5.0_n0.010_r4.csv,/root/phd_thesis/Z_Synthetic_Family_Library_v2/waveforms/case_01996_grid_following_inverter_like_ll_ca_scr5.0_n0.010_r4.csv,grid_following_inverter_like,ll_ca,5.0,0.01,10000,50.0,5.98,6.04,5.998288864569937,1.0372684352530945,0.18,,,,,,,,,,0.00098,0.0044,,0.10400000000000001
1997,case_01997_grid_following_inverter_like_ll_ca_scr5.0_n0.010_r5.csv,/root/phd_thesis/Z_Synthetic_Family_Library_v2/waveforms/case_01997_grid_following_inverter_like_ll_ca_scr5.0_n0.010_r5.csv,grid_following_inverter_like,ll_ca,5.0,0.01,10000,50.0,5.98,6.04,5.999250181262507,1.0248870784238955,0.18,,,,,,,,,,0.00098,0.0044,,0.10400000000000001
1998,case_01998_grid_following_inverter_like_ll_ca_scr5.0_n0.010_r6.csv,/root/phd_thesis/Z_Synthetic_Family_Library_v2/waveforms/case_01998_grid_following_inverter_like_ll_ca_scr5.0_n0.010_r6.csv,grid_following_inverter_like,ll_ca,5.0,0.01,10000,50.0,5.98,6.04,5.999979466343721,1.0383454738435633,0.18,,,,,,,,,,0.00098,0.0044,,0.10400000000000001
1999,case_01999_grid_following_inverter_like_ll_ca_scr8.0_n0.002_r1.csv,/root/phd_thesis/Z_Synthetic_Family_Library_v2/waveforms/case_01999_grid_following_inverter_like_ll_ca_scr8.0_n0.002_r1.csv,grid_following_inverter_like,ll_ca,8.0,0.002,10000,50.0,5.98,6.04,5.999186633723971,1.073000288453656,0.12,,,,,,,,,,0.0009125,0.0040625,,0.095
2000,case_02000_grid_following_inverter_like_ll_ca_scr8.0_n0.002_r2.csv,/root/phd_thesis/Z_Synthetic_Family_Library_v2/waveforms/case_02000_grid_following_inverter_like_ll_ca_scr8.0_n0.002_r2.csv,grid_following_inverter_like,ll_ca,8.0,0.002,10000,50.0,5.98,6.04,5.997667950205517,1.0171974893705837,0.12,,,,,,,,,,0.0009125,0.0040625,,0.095
2001,case_02001_grid_following_inverter_like_ll_ca_scr8.0_n0.002_r3.csv,/root/phd_thesis/Z_Synthetic_Family_Library_v2/waveforms/case_02001_grid_following_inverter_like_ll_ca_scr8.0_n0.002_r3.csv,grid_following_inverter_like,ll_ca,8.0,0.002,10000,50.0,5.98,6.04,5.997902992916928,1.0057934956069365,0.12,,,,,,,,,,0.0009125,0.0040625,,0.095
2002,case_02002_grid_following_inverter_like_ll_ca_scr8.0_n0.002_r4.csv,/root/phd_thesis/Z_Synthetic_Family_Library_v2/waveforms/case_02002_grid_following_inverter_like_ll_ca_scr8.0_n0.002_r4.csv,grid_following_inverter_like,ll_ca,8.0,0.002,10000,50.0,5.98,6.04,5.998462409602175,1.0563278346329263,0.12,,,,,,,,,,0.0009125,0.0040625,,0.095
2003,case_02003_grid_following_inverter_like_ll_ca_scr8.0_n0.002_r5.csv,/root/phd_thesis/Z_Synthetic_Family_Library_v2/waveforms/case_02003_grid_following_inverter_like_ll_ca_scr8.0_n0.002_r5.csv,grid_following_inverter_like,ll_ca,8.0,0.002,10000,50.0,5.98,6.04,5.9989155580811815,1.063749975962242,0.12,,,,,,,,,,0.0009125,0.0040625,,0.095
2004,case_02004_grid_following_inverter_like_ll_ca_scr8.0_n0.002_r6.csv,/root/phd_thesis/Z_Synthetic_Family_Library_v2/waveforms/case_02004_grid_following_inverter_like_ll_ca_scr8.0_n0.002_r6.csv,grid_following_inverter_like,ll_ca,8.0,0.002,10000,50.0,5.98,6.04,5.997755316440341,1.049622798853587,0.12,,,,,,,,,,0.0009125,0.0040625,,0.095
2005,case_02005_grid_following_inverter_like_ll_ca_scr8.0_n0.005_r1.csv,/root/phd_thesis/Z_Synthetic_Family_Library_v2/waveforms/case_02005_grid_following_inverter_like_ll_ca_scr8.0_n0.005_r1.csv,grid_following_inverter_like,ll_ca,8.0,0.005,10000,50.0,5.98,6.04,5.998239887978536,1.0724054615995378,0.12,,,,,,,,,,0.0009125,0.0040625,,0.095
2006,case_02006_grid_following_inverter_like_ll_ca_scr8.0_n0.005_r2.csv,/root/phd_thesis/Z_Synthetic_Family_Library_v2/waveforms/case_02006_grid_following_inverter_like_ll_ca_scr8.0_n0.005_r2.csv,grid_following_inverter_like,ll_ca,8.0,0.005,10000,50.0,5.98,6.04,5.99781822998428,1.053683388196144,0.12,,,,,,,,,,0.0009125,0.0040625,,0.095
2007,case_02007_grid_following_inverter_like_ll_ca_scr8.0_n0.005_r3.csv,/root/phd_thesis/Z_Synthetic_Family_Library_v2/waveforms/case_02007_grid_following_inverter_like_ll_ca_scr8.0_n0.005_r3.csv,grid_following_inverter_like,ll_ca,8.0,0.005,10000,50.0,5.98,6.04,5.998138112536884,1.0468017135245795,0.12,,,,,,,,,,0.0009125,0.0040625,,0.095
2008,case_02008_grid_following_inverter_like_ll_ca_scr8.0_n0.005_r4.csv,/root/phd_thesis/Z_Synthetic_Family_Library_v2/waveforms/case_02008_grid_following_inverter_like_ll_ca_scr8.0_n0.005_r4.csv,grid_following_inverter_like,ll_ca,8.0,0.005,10000,50.0,5.98,6.04,5.998617243817141,1.0041963560705804,0.12,,,,,,,,,,0.0009125,0.0040625,,0.095
2009,case_02009_grid_following_inverter_like_ll_ca_scr8.0_n0.005_r5.csv,/root/phd_thesis/Z_Synthetic_Family_Library_v2/waveforms/case_02009_grid_following_inverter_like_ll_ca_scr8.0_n0.005_r5.csv,grid_following_inverter_like,ll_ca,8.0,0.005,10000,50.0,5.98,6.04,6.00034073348085,1.0042581143192029,0.12,,,,,,,,,,0.0009125,0.0040625,,0.095
2010,case_02010_grid_following_inverter_like_ll_ca_scr8.0_n0.005_r6.csv,/root/phd_thesis/Z_Synthetic_Family_Library_v2/waveforms/case_02010_grid_following_inverter_like_ll_ca_scr8.0_n0.005_r6.csv,grid_following_inverter_like,ll_ca,8.0,0.005,10000,50.0,5.98,6.04,5.998136422580815,1.0606037638378,0.12,,,,,,,,,,0.0009125,0.0040625,,0.095
2011,case_02011_grid_following_inverter_like_ll_ca_scr8.0_n0.010_r1.csv,/root/phd_thesis/Z_Synthetic_Family_Library_v2/waveforms/case_02011_grid_following_inverter_like_ll_ca_scr8.0_n0.010_r1.csv,grid_following_inverter_like,ll_ca,8.0,0.01,10000,50.0,5.98,6.04,5.997679128706963,1.0366656057214612,0.12,,,,,,,,,,0.0009125,0.0040625,,0.095
2012,case_02012_grid_following_inverter_like_ll_ca_scr8.0_n0.010_r2.csv,/root/phd_thesis/Z_Synthetic_Family_Library_v2/waveforms/case_02012_grid_following_inverter_like_ll_ca_scr8.0_n0.010_r2.csv,grid_following_inverter_like,ll_ca,8.0,0.01,10000,50.0,5.98,6.04,6.0003743174749715,1.058978095269376,0.12,,,,,,,,,,0.0009125,0.0040625,,0.095
2013,case_02013_grid_following_inverter_like_ll_ca_scr8.0_n0.010_r3.csv,/root/phd_thesis/Z_Synthetic_Family_Library_v2/waveforms/case_02013_grid_following_inverter_like_ll_ca_scr8.0_n0.010_r3.csv,grid_following_inverter_like,ll_ca,8.0,0.01,10000,50.0,5.98,6.04,5.99876470405654,1.0637458944661422,0.12,,,,,,,,,,0.0009125,0.0040625,,0.095
2014,case_02014_grid_following_inverter_like_ll_ca_scr8.0_n0.010_r4.csv,/root/phd_thesis/Z_Synthetic_Family_Library_v2/waveforms/case_02014_grid_following_inverter_like_ll_ca_scr8.0_n0.010_r4.csv,grid_following_inverter_like,ll_ca,8.0,0.01,10000,50.0,5.98,6.04,5.999393401054103,1.0542844617070066,0.12,,,,,,,,,,0.0009125,0.0040625,,0.095
2015,case_02015_grid_following_inverter_like_ll_ca_scr8.0_n0.010_r5.csv,/root/phd_thesis/Z_Synthetic_Family_Library_v2/waveforms/case_02015_grid_following_inverter_like_ll_ca_scr8.0_n0.010_r5.csv,grid_following_inverter_like,ll_ca,8.0,0.01,10000,50.0,5.98,6.04,5.999810235213558,1.033251542103943,0.12,,,,,,,,,,0.0009125,0.0040625,,0.095
2016,case_02016_grid_following_inverter_like_ll_ca_scr8.0_n0.010_r6.csv,/root/phd_thesis/Z_Synthetic_Family_Library_v2/waveforms/case_02016_grid_following_inverter_like_ll_ca_scr8.0_n0.010_r6.csv,grid_following_inverter_like,ll_ca,8.0,0.01,10000,50.0,5.98,6.04,5.998668849955031,1.0756793871994197,0.12,,,,,,,,,,0.0009125,0.0040625,,0.095
