dataset,cell,alpha,Rx,snrV,snrI,n_trials,loc_mean_pct,loc_p95_pct,Rx_mean_pct,Rx_p95_pct
pscad,0,0.1,100.0,20.0,20.0,1,33.67231895507902,33.67231895507902,7.214937315583825,7.214937315583825
pscad,1,0.1,100.0,20.0,30.0,1,13.22187323364815,13.22187323364815,7.6321992654695805,7.6321992654695805
pscad,2,0.1,100.0,20.0,40.0,1,73.53144889872564,73.53144889872564,7.427643003494666,7.427643003494666
pscad,3,0.1,100.0,20.0,inf,1,52.61043248670852,52.61043248670852,7.511560999029257,7.511560999029257
pscad,4,0.1,100.0,30.0,20.0,1,32.7013561872635,32.7013561872635,7.5980554887224665,7.5980554887224665
pscad,5,0.1,100.0,30.0,30.0,1,33.04508727293906,33.04508727293906,7.397303694626133,7.397303694626133
pscad,6,0.1,100.0,30.0,40.0,1,52.99870253399508,52.99870253399508,7.550296389840128,7.550296389840128
pscad,7,0.1,100.0,30.0,inf,1,53.23923380365644,53.23923380365644,7.471256579984911,7.471256579984911
pscad,8,0.1,100.0,40.0,20.0,1,43.803691769768754,43.803691769768754,7.3172118936270465,7.3172118936270465
pscad,9,0.1,100.0,40.0,30.0,1,43.66857624268993,43.66857624268993,7.521516620325173,7.521516620325173
pscad,10,0.1,100.0,40.0,40.0,1,43.65451135054873,43.65451135054873,7.5001367750532495,7.5001367750532495
pscad,11,0.1,100.0,40.0,inf,1,44.01120958032633,44.01120958032633,7.490895312166316,7.490895312166316
pscad,12,0.1,100.0,inf,20.0,1,83.7851092322456,83.7851092322456,7.635719300479309,7.635719300479309
pscad,13,0.1,100.0,inf,30.0,1,43.39180609055007,43.39180609055007,7.5282679834422765,7.5282679834422765
pscad,14,0.1,100.0,inf,40.0,1,43.52767319127462,43.52767319127462,7.489970255716016,7.489970255716016
pscad,15,0.1,100.0,inf,inf,1,52.3330454447016,52.3330454447016,7.502025013453236,7.502025013453236
pscad,16,0.1,500.0,20.0,20.0,1,90.97439730045569,90.97439730045569,0.9841283203044782,0.9841283203044782
pscad,17,0.1,500.0,20.0,30.0,1,20.92645285329839,20.92645285329839,1.1736865734136814,1.1736865734136814
pscad,18,0.1,500.0,20.0,40.0,1,183.1802508311943,183.1802508311943,0.8578090456953305,0.8578090456953305
pscad,19,0.1,500.0,20.0,inf,1,21.81173950544905,21.81173950544905,1.0917151601140744,1.0917151601140744
pscad,20,0.1,500.0,30.0,20.0,1,253.50259125873254,253.50259125873254,0.8814247211688098,0.8814247211688098
pscad,21,0.1,500.0,30.0,30.0,1,10.096564665427477,10.096564665427477,0.9981695770384249,0.9981695770384249
pscad,22,0.1,500.0,30.0,40.0,1,20.615632328411987,20.615632328411987,0.9656686524804741,0.9656686524804741
pscad,23,0.1,500.0,30.0,inf,1,30.238470328317526,30.238470328317526,0.9381493527977909,0.9381493527977909
pscad,24,0.1,500.0,40.0,20.0,1,31.194127406606267,31.194127406606267,1.141523129425184,1.141523129425184
pscad,25,0.1,500.0,40.0,30.0,1,9.282528094777808,9.282528094777808,0.9287583271312088,0.9287583271312088
pscad,26,0.1,500.0,40.0,40.0,1,19.942504368692813,19.942504368692813,0.9615965599324113,0.9615965599324113
pscad,27,0.1,500.0,40.0,inf,1,19.26718081005757,19.26718081005757,0.9706569661160642,0.9706569661160642
pscad,28,0.1,500.0,inf,20.0,1,112.25977179085447,112.25977179085447,1.2008009398256376,1.2008009398256376
pscad,29,0.1,500.0,inf,30.0,1,9.747070397377252,9.747070397377252,1.0400102964561255,1.0400102964561255
pscad,30,0.1,500.0,inf,40.0,1,9.676266600730578,9.676266600730578,0.9482718526725875,0.9482718526725875
pscad,31,0.1,500.0,inf,inf,1,9.57188846664407,9.57188846664407,0.9571200463195282,0.9571200463195282
pscad,32,0.1,1000.0,20.0,20.0,1,250.80322628230198,250.80322628230198,12.403997640726335,12.403997640726335
pscad,33,0.1,1000.0,20.0,30.0,1,99.89999999999999,99.89999999999999,11.0242530236559,11.0242530236559
pscad,34,0.1,1000.0,20.0,40.0,1,99.89999999999999,99.89999999999999,11.1395189876259,11.1395189876259
pscad,35,0.1,1000.0,20.0,inf,1,99.89999999999999,99.89999999999999,11.021976224951526,11.021976224951526
pscad,36,0.1,1000.0,30.0,20.0,1,99.89999999999999,99.89999999999999,10.962725765079574,10.962725765079574
pscad,37,0.1,1000.0,30.0,30.0,1,99.89999999999999,99.89999999999999,11.065976832294906,11.065976832294906
pscad,38,0.1,1000.0,30.0,40.0,1,99.89999999999999,99.89999999999999,11.066773674388662,11.066773674388662
pscad,39,0.1,1000.0,30.0,inf,1,99.89999999999999,99.89999999999999,11.122724818659458,11.122724818659458
pscad,40,0.1,1000.0,40.0,20.0,1,99.89999999999999,99.89999999999999,11.107192119020464,11.107192119020464
pscad,41,0.1,1000.0,40.0,30.0,1,99.89999999999999,99.89999999999999,11.027309297525369,11.027309297525369
pscad,42,0.1,1000.0,40.0,40.0,1,99.89999999999999,99.89999999999999,11.038849288034806,11.038849288034806
pscad,43,0.1,1000.0,40.0,inf,1,99.89999999999999,99.89999999999999,11.04431687396211,11.04431687396211
pscad,44,0.1,1000.0,inf,20.0,1,399.0299013857634,399.0299013857634,12.387204787213774,12.387204787213774
pscad,45,0.1,1000.0,inf,30.0,1,99.89999999999999,99.89999999999999,11.110843502062414,11.110843502062414
pscad,46,0.1,1000.0,inf,40.0,1,99.89999999999999,99.89999999999999,11.02628920441955,11.02628920441955
pscad,47,0.1,1000.0,inf,inf,1,438.9595938787585,438.9595938787585,12.1391488414376,12.1391488414376
pscad,48,0.1,2000.0,20.0,20.0,1,476.17688948129256,476.17688948129256,1.0495272423897177,1.0495272423897177
pscad,49,0.1,2000.0,20.0,30.0,1,99.89999999999999,99.89999999999999,0.9877623265621651,0.9877623265621651
pscad,50,0.1,2000.0,20.0,40.0,1,393.62985996839757,393.62985996839757,1.206083426412772,1.206083426412772
pscad,51,0.1,2000.0,20.0,inf,1,98.03520755007068,98.03520755007068,0.9003926372186584,0.9003926372186584
pscad,52,0.1,2000.0,30.0,20.0,1,366.320481728563,366.320481728563,1.1004144109260778,1.1004144109260778
pscad,53,0.1,2000.0,30.0,30.0,1,211.9992563495004,211.9992563495004,1.079862881198244,1.079862881198244
pscad,54,0.1,2000.0,30.0,40.0,1,383.3670195899504,383.3670195899504,0.9237805791755591,0.9237805791755591
pscad,55,0.1,2000.0,30.0,inf,1,271.7996494462962,271.7996494462962,1.003953308793814,1.003953308793814
pscad,56,0.1,2000.0,40.0,20.0,1,76.99907251147053,76.99907251147053,0.812370093645552,0.812370093645552
pscad,57,0.1,2000.0,40.0,30.0,1,59.651114021942305,59.651114021942305,1.00009646037156,1.00009646037156
pscad,58,0.1,2000.0,40.0,40.0,1,190.33235814125408,190.33235814125408,0.9825205925162777,0.9825205925162777
pscad,59,0.1,2000.0,40.0,inf,1,262.1014545844422,262.1014545844422,1.033494482295066,1.033494482295066
pscad,60,0.1,2000.0,inf,20.0,1,29.507171906320696,29.507171906320696,1.0928682726360648,1.0928682726360648
pscad,61,0.1,2000.0,inf,30.0,1,313.1531778556486,313.1531778556486,1.0775689886013993,1.0775689886013993
pscad,62,0.1,2000.0,inf,40.0,1,242.00058369651873,242.00058369651873,1.0067796961344926,1.0067796961344926
pscad,63,0.1,2000.0,inf,inf,1,242.49596315259154,242.49596315259154,1.0219024436677047,1.0219024436677047
pscad,64,0.1,5000.0,20.0,20.0,1,99.89999999999999,99.89999999999999,5.224304704113965,5.224304704113965
pscad,65,0.1,5000.0,20.0,30.0,1,99.89999999999999,99.89999999999999,4.553454273684692,4.553454273684692
pscad,66,0.1,5000.0,20.0,40.0,1,99.89999999999999,99.89999999999999,4.633799791487982,4.633799791487982
pscad,67,0.1,5000.0,20.0,inf,1,99.89999999999999,99.89999999999999,4.391465006925028,4.391465006925028
pscad,68,0.1,5000.0,30.0,20.0,1,99.89999999999999,99.89999999999999,4.869030466160184,4.869030466160184
pscad,69,0.1,5000.0,30.0,30.0,1,99.89999999999999,99.89999999999999,4.713677396884978,4.713677396884978
pscad,70,0.1,5000.0,30.0,40.0,1,99.89999999999999,99.89999999999999,4.918551120263346,4.918551120263346
pscad,71,0.1,5000.0,30.0,inf,1,99.89999999999999,99.89999999999999,4.854407284552381,4.854407284552381
pscad,72,0.1,5000.0,40.0,20.0,1,99.89999999999999,99.89999999999999,5.094147080437997,5.094147080437997
pscad,73,0.1,5000.0,40.0,30.0,1,99.89999999999999,99.89999999999999,4.743528150523489,4.743528150523489
pscad,74,0.1,5000.0,40.0,40.0,1,99.89999999999999,99.89999999999999,4.709764007891717,4.709764007891717
pscad,75,0.1,5000.0,40.0,inf,1,99.89999999999999,99.89999999999999,4.730046932013993,4.730046932013993
pscad,76,0.1,5000.0,inf,20.0,1,99.89999999999999,99.89999999999999,4.397677371090667,4.397677371090667
pscad,77,0.1,5000.0,inf,30.0,1,99.89999999999999,99.89999999999999,4.750715663915562,4.750715663915562
pscad,78,0.1,5000.0,inf,40.0,1,99.89999999999999,99.89999999999999,4.7360749155642585,4.7360749155642585
pscad,79,0.1,5000.0,inf,inf,1,99.89999999999999,99.89999999999999,4.748004692307913,4.748004692307913
pscad,80,0.2,100.0,20.0,20.0,1,47.30076268098357,47.30076268098357,7.517119952481863,7.517119952481863
pscad,81,0.2,100.0,20.0,30.0,1,11.937214611898312,11.937214611898312,7.6671173817661895,7.6671173817661895
pscad,82,0.2,100.0,20.0,40.0,1,16.964821752185234,16.964821752185234,7.485765930355442,7.485765930355442
pscad,83,0.2,100.0,20.0,inf,1,52.18257702725914,52.18257702725914,7.494939418367367,7.494939418367367
pscad,84,0.2,100.0,30.0,20.0,1,22.23993294744135,22.23993294744135,7.465368322449166,7.465368322449166
pscad,85,0.2,100.0,30.0,30.0,1,22.06134344002475,22.06134344002475,7.401168288505346,7.401168288505346
pscad,86,0.2,100.0,30.0,40.0,1,27.054570462050815,27.054570462050815,7.504043137230923,7.504043137230923
pscad,87,0.2,100.0,30.0,inf,1,22.320177164063796,22.320177164063796,7.5055348473452455,7.5055348473452455
pscad,88,0.2,100.0,40.0,20.0,1,21.945245492789034,21.945245492789034,7.4558330843062075,7.4558330843062075
pscad,89,0.2,100.0,40.0,30.0,1,22.01657609365322,22.01657609365322,7.498070423333117,7.498070423333117
pscad,90,0.2,100.0,40.0,40.0,1,26.89701087316107,26.89701087316107,7.530139948262644,7.530139948262644
pscad,91,0.2,100.0,40.0,inf,1,26.938161559175303,26.938161559175303,7.4967521128184424,7.4967521128184424
pscad,92,0.2,100.0,inf,20.0,1,21.82902293717183,21.82902293717183,7.752159204458407,7.752159204458407
pscad,93,0.2,100.0,inf,30.0,1,27.071205125534455,27.071205125534455,7.550695259140171,7.550695259140171
pscad,94,0.2,100.0,inf,40.0,1,26.965752126109656,26.965752126109656,7.495116762901957,7.495116762901957
pscad,95,0.2,100.0,inf,inf,1,26.7901760023089,26.7901760023089,7.502237768436076,7.502237768436076
pscad,96,0.2,500.0,20.0,20.0,1,99.95,99.95,0.7234086475608024,0.7234086475608024
pscad,97,0.2,500.0,20.0,30.0,1,41.28456827431373,41.28456827431373,0.9603384670749847,0.9603384670749847
pscad,98,0.2,500.0,20.0,40.0,1,14.201219034118763,14.201219034118763,1.3101390004258406,1.3101390004258406
pscad,99,0.2,500.0,20.0,inf,1,99.95,99.95,1.0853181225159574,1.0853181225159574
pscad,100,0.2,500.0,30.0,20.0,1,49.89179647781654,49.89179647781654,0.8705703412018237,0.8705703412018237
pscad,101,0.2,500.0,30.0,30.0,1,82.19200001861847,82.19200001861847,0.8760981333489213,0.8760981333489213
pscad,102,0.2,500.0,30.0,40.0,1,0.543813669573262,0.543813669573262,0.9088718901331732,0.9088718901331732
pscad,103,0.2,500.0,30.0,inf,1,10.873499342685887,10.873499342685887,0.973740233753108,0.973740233753108
pscad,104,0.2,500.0,40.0,20.0,1,95.99793807542132,95.99793807542132,0.7926123190428485,0.7926123190428485
pscad,105,0.2,500.0,40.0,30.0,1,31.528235497642054,31.528235497642054,0.9958561945164434,0.9958561945164434
pscad,106,0.2,500.0,40.0,40.0,1,19.007168312145495,19.007168312145495,0.991552483723342,0.991552483723342
pscad,107,0.2,500.0,40.0,inf,1,4.0795411775096095,4.0795411775096095,0.9643560146612572,0.9643560146612572
pscad,108,0.2,500.0,inf,20.0,1,4.023608391620775,4.023608391620775,1.0232625302873544,1.0232625302873544
pscad,109,0.2,500.0,inf,30.0,1,1.10185806206807,1.10185806206807,0.9612081228011448,0.9612081228011448
pscad,110,0.2,500.0,inf,40.0,1,6.03331459936117,6.03331459936117,0.9569633749291938,0.9569633749291938
pscad,111,0.2,500.0,inf,inf,1,3.881860428558842,3.881860428558842,0.9566967842139775,0.9566967842139775
pscad,112,0.2,1000.0,20.0,20.0,1,99.95,99.95,10.961309605496899,10.961309605496899
pscad,113,0.2,1000.0,20.0,30.0,1,99.95,99.95,11.06095330829704,11.06095330829704
pscad,114,0.2,1000.0,20.0,40.0,1,141.57612415593255,141.57612415593255,12.386118473952774,12.386118473952774
pscad,115,0.2,1000.0,20.0,inf,1,99.95,99.95,11.225643031417315,11.225643031417315
pscad,116,0.2,1000.0,30.0,20.0,1,233.7242369201271,233.7242369201271,12.44568952908128,12.44568952908128
pscad,117,0.2,1000.0,30.0,30.0,1,99.95,99.95,11.117523062303997,11.117523062303997
pscad,118,0.2,1000.0,30.0,40.0,1,99.95,99.95,11.032087513520299,11.032087513520299
pscad,119,0.2,1000.0,30.0,inf,1,99.95,99.95,11.08889937242957,11.08889937242957
pscad,120,0.2,1000.0,40.0,20.0,1,99.95,99.95,11.132704621066694,11.132704621066694
pscad,121,0.2,1000.0,40.0,30.0,1,99.95,99.95,11.013937042675046,11.013937042675046
pscad,122,0.2,1000.0,40.0,40.0,1,99.95,99.95,11.06890670947589,11.06890670947589
pscad,123,0.2,1000.0,40.0,inf,1,99.95,99.95,11.043754648734113,11.043754648734113
pscad,124,0.2,1000.0,inf,20.0,1,99.95,99.95,11.009709894844512,11.009709894844512
pscad,125,0.2,1000.0,inf,30.0,1,99.95,99.95,11.076010904802445,11.076010904802445
pscad,126,0.2,1000.0,inf,40.0,1,99.95,99.95,11.064336463181325,11.064336463181325
pscad,127,0.2,1000.0,inf,inf,1,182.47906296667668,182.47906296667668,12.114449049242761,12.114449049242761
pscad,128,0.2,2000.0,20.0,20.0,1,80.84321375073486,80.84321375073486,1.011872298862329,1.011872298862329
pscad,129,0.2,2000.0,20.0,30.0,1,95.52213388316612,95.52213388316612,0.8270660100564214,0.8270660100564214
pscad,130,0.2,2000.0,20.0,40.0,1,188.75795492316394,188.75795492316394,1.063059699172777,1.063059699172777
pscad,131,0.2,2000.0,20.0,inf,1,99.95,99.95,1.1147196237452477,1.1147196237452477
pscad,132,0.2,2000.0,30.0,20.0,1,99.95,99.95,1.120757388888285,1.120757388888285
pscad,133,0.2,2000.0,30.0,30.0,1,26.278447258912234,26.278447258912234,1.0971114264369022,1.0971114264369022
pscad,134,0.2,2000.0,30.0,40.0,1,85.85261203265586,85.85261203265586,1.0191934473979245,1.0191934473979245
pscad,135,0.2,2000.0,30.0,inf,1,91.33592833769654,91.33592833769654,1.022012344870268,1.022012344870268
pscad,136,0.2,2000.0,40.0,20.0,1,208.3705385877653,208.3705385877653,1.0650898092634407,1.0650898092634407
pscad,137,0.2,2000.0,40.0,30.0,1,212.62623866454595,212.62623866454595,0.9577746290464575,0.9577746290464575
pscad,138,0.2,2000.0,40.0,40.0,1,106.58193524911383,106.58193524911383,1.0122701724674243,1.0122701724674243
pscad,139,0.2,2000.0,40.0,inf,1,117.32056136441976,117.32056136441976,0.998279365201995,0.998279365201995
pscad,140,0.2,2000.0,inf,20.0,1,259.08081949640837,259.08081949640837,0.9309454697657429,0.9309454697657429
pscad,141,0.2,2000.0,inf,30.0,1,152.28828620899878,152.28828620899878,1.052773222874123,1.052773222874123
pscad,142,0.2,2000.0,inf,40.0,1,132.40802661950738,132.40802661950738,0.9841578018239489,0.9841578018239489
pscad,143,0.2,2000.0,inf,inf,1,112.08836640598186,112.08836640598186,1.0093495065639104,1.0093495065639104
pscad,144,0.2,5000.0,20.0,20.0,1,99.95,99.95,5.476792945357338,5.476792945357338
pscad,145,0.2,5000.0,20.0,30.0,1,99.95,99.95,4.464748322792056,4.464748322792056
pscad,146,0.2,5000.0,20.0,40.0,1,99.95,99.95,4.855053934328098,4.855053934328098
pscad,147,0.2,5000.0,20.0,inf,1,99.95,99.95,4.842717720198416,4.842717720198416
pscad,148,0.2,5000.0,30.0,20.0,1,99.95,99.95,4.879027107323509,4.879027107323509
pscad,149,0.2,5000.0,30.0,30.0,1,99.95,99.95,4.594515531490251,4.594515531490251
pscad,150,0.2,5000.0,30.0,40.0,1,99.95,99.95,4.6424260841276555,4.6424260841276555
pscad,151,0.2,5000.0,30.0,inf,1,99.95,99.95,4.89677116225419,4.89677116225419
pscad,152,0.2,5000.0,40.0,20.0,1,99.95,99.95,4.622303884250577,4.622303884250577
pscad,153,0.2,5000.0,40.0,30.0,1,99.95,99.95,4.803196293023466,4.803196293023466
pscad,154,0.2,5000.0,40.0,40.0,1,99.95,99.95,4.818149509257965,4.818149509257965
pscad,155,0.2,5000.0,40.0,inf,1,99.95,99.95,4.7301965538390505,4.7301965538390505
pscad,156,0.2,5000.0,inf,20.0,1,99.95,99.95,4.847391567163777,4.847391567163777
pscad,157,0.2,5000.0,inf,30.0,1,99.95,99.95,4.645439205761631,4.645439205761631
pscad,158,0.2,5000.0,inf,40.0,1,99.95,99.95,4.729772816685727,4.729772816685727
pscad,159,0.2,5000.0,inf,inf,1,99.95,99.95,4.775351537534443,4.775351537534443
pscad,160,0.3,100.0,20.0,20.0,1,5.149266632265189,5.149266632265189,7.520332548629199,7.520332548629199
pscad,161,0.3,100.0,20.0,30.0,1,8.672716015258171,8.672716015258171,7.431058343728737,7.431058343728737
pscad,162,0.3,100.0,20.0,40.0,1,15.117878183122382,15.117878183122382,7.493608348576415,7.493608348576415
pscad,163,0.3,100.0,20.0,inf,1,14.994469378053767,14.994469378053767,7.658019428109526,7.658019428109526
pscad,164,0.3,100.0,30.0,20.0,1,15.288906673966336,15.288906673966336,7.492304973316976,7.492304973316976
pscad,165,0.3,100.0,30.0,30.0,1,21.736537765514598,21.736537765514598,7.494209333943261,7.494209333943261
pscad,166,0.3,100.0,30.0,40.0,1,18.255301905284814,18.255301905284814,7.513419000571332,7.513419000571332
pscad,167,0.3,100.0,30.0,inf,1,15.066032573663106,15.066032573663106,7.547913608380852,7.547913608380852
pscad,168,0.3,100.0,40.0,20.0,1,5.040923246934467,5.040923246934467,7.482176319904213,7.482176319904213
pscad,169,0.3,100.0,40.0,30.0,1,15.154014264491165,15.154014264491165,7.534536189146252,7.534536189146252
pscad,170,0.3,100.0,40.0,40.0,1,15.23940455639189,15.23940455639189,7.508759182014643,7.508759182014643
pscad,171,0.3,100.0,40.0,inf,1,18.403710184080083,18.403710184080083,7.508657505134281,7.508657505134281
pscad,172,0.3,100.0,inf,20.0,1,18.355775866104615,18.355775866104615,7.391819264416326,7.391819264416326
pscad,173,0.3,100.0,inf,30.0,1,21.72391438259604,21.72391438259604,7.44714953018476,7.44714953018476
pscad,174,0.3,100.0,inf,40.0,1,18.25488028319646,18.25488028319646,7.505298884767882,7.505298884767882
pscad,175,0.3,100.0,inf,inf,1,18.27359536128531,18.27359536128531,7.5023851202083165,7.5023851202083165
pscad,176,0.3,500.0,20.0,20.0,1,2.0933152377302644,2.0933152377302644,0.7758740581539882,0.7758740581539882
pscad,177,0.3,500.0,20.0,30.0,1,99.96666666666667,99.96666666666667,0.9352710775138007,0.9352710775138007
pscad,178,0.3,500.0,20.0,40.0,1,41.69104918721213,41.69104918721213,1.0741402920638279,1.0741402920638279
pscad,179,0.3,500.0,20.0,inf,1,31.66532887537238,31.66532887537238,0.9954182023650787,0.9954182023650787
pscad,180,0.3,500.0,30.0,20.0,1,19.245304343881692,19.245304343881692,0.7721047900332565,0.7721047900332565
pscad,181,0.3,500.0,30.0,30.0,1,14.822475001396143,14.822475001396143,0.8749021861184701,0.8749021861184701
pscad,182,0.3,500.0,30.0,40.0,1,11.199337619456221,11.199337619456221,0.9626595096042365,0.9626595096042365
pscad,183,0.3,500.0,30.0,inf,1,24.44136877284466,24.44136877284466,0.9787234828476358,0.9787234828476358
pscad,184,0.3,500.0,40.0,20.0,1,44.7218376226741,44.7218376226741,0.9111886045070946,0.9111886045070946
pscad,185,0.3,500.0,40.0,30.0,1,2.1029575379580097,2.1029575379580097,0.908449276952308,0.908449276952308
pscad,186,0.3,500.0,40.0,40.0,1,2.1944870355673127,2.1944870355673127,0.9484926295170453,0.9484926295170453
pscad,187,0.3,500.0,40.0,inf,1,1.3124527357487592,1.3124527357487592,0.9368455483244134,0.9368455483244134
pscad,188,0.3,500.0,inf,20.0,1,22.585334680779177,22.585334680779177,1.1797599521143638,1.1797599521143638
pscad,189,0.3,500.0,inf,30.0,1,8.896796646712373,8.896796646712373,0.969128169842645,0.969128169842645
pscad,190,0.3,500.0,inf,40.0,1,8.021352595789198,8.021352595789198,0.9558300590385898,0.9558300590385898
pscad,191,0.3,500.0,inf,inf,1,0.827850659736192,0.827850659736192,0.9563246858486423,0.9563246858486423
pscad,192,0.3,1000.0,20.0,20.0,1,99.96666666666667,99.96666666666667,11.181956552063912,11.181956552063912
pscad,193,0.3,1000.0,20.0,30.0,1,85.58488954030187,85.58488954030187,12.325960693956654,12.325960693956654
pscad,194,0.3,1000.0,20.0,40.0,1,99.96666666666667,99.96666666666667,11.071174030822215,11.071174030822215
pscad,195,0.3,1000.0,20.0,inf,1,99.96666666666667,99.96666666666667,11.045811031507604,11.045811031507604
pscad,196,0.3,1000.0,30.0,20.0,1,99.96666666666667,99.96666666666667,11.104772699965578,11.104772699965578
pscad,197,0.3,1000.0,30.0,30.0,1,99.96666666666667,99.96666666666667,11.062363657791172,11.062363657791172
pscad,198,0.3,1000.0,30.0,40.0,1,99.96666666666667,99.96666666666667,11.032011999150882,11.032011999150882
pscad,199,0.3,1000.0,30.0,inf,1,99.96666666666667,99.96666666666667,11.030952099872854,11.030952099872854
pscad,200,0.3,1000.0,40.0,20.0,1,99.96666666666667,99.96666666666667,11.07730212780208,11.07730212780208
pscad,201,0.3,1000.0,40.0,30.0,1,99.96666666666667,99.96666666666667,11.136870382347933,11.136870382347933
pscad,202,0.3,1000.0,40.0,40.0,1,99.96666666666667,99.96666666666667,11.074894718163659,11.074894718163659
pscad,203,0.3,1000.0,40.0,inf,1,99.96666666666667,99.96666666666667,11.080714222880795,11.080714222880795
pscad,204,0.3,1000.0,inf,20.0,1,99.96666666666667,99.96666666666667,11.150654889794897,11.150654889794897
pscad,205,0.3,1000.0,inf,30.0,1,99.96666666666667,99.96666666666667,11.135083598332097,11.135083598332097
pscad,206,0.3,1000.0,inf,40.0,1,99.96666666666667,99.96666666666667,11.068100955593229,11.068100955593229
pscad,207,0.3,1000.0,inf,inf,1,98.09439045270854,98.09439045270854,12.094925606837093,12.094925606837093
pscad,208,0.3,2000.0,20.0,20.0,1,99.96666666666667,99.96666666666667,1.0655451548345696,1.0655451548345696
pscad,209,0.3,2000.0,20.0,30.0,1,62.24764002314145,62.24764002314145,1.11989508422065,1.11989508422065
pscad,210,0.3,2000.0,20.0,40.0,1,23.3816827043076,23.3816827043076,0.9667693469204778,0.9667693469204778
pscad,211,0.3,2000.0,20.0,inf,1,233.29999999999998,233.29999999999998,1.2619341487606106,1.2619341487606106
pscad,212,0.3,2000.0,30.0,20.0,1,98.7890860339971,98.7890860339971,1.2588136727205324,1.2588136727205324
pscad,213,0.3,2000.0,30.0,30.0,1,146.91338533968758,146.91338533968758,0.9281430740125416,0.9281430740125416
pscad,214,0.3,2000.0,30.0,40.0,1,71.8199028405952,71.8199028405952,1.025412764351472,1.025412764351472
pscad,215,0.3,2000.0,30.0,inf,1,20.96151331625327,20.96151331625327,0.9854992571555613,0.9854992571555613
pscad,216,0.3,2000.0,40.0,20.0,1,23.202199096137818,23.202199096137818,0.9397485101758434,0.9397485101758434
pscad,217,0.3,2000.0,40.0,30.0,1,45.0177040434537,45.0177040434537,1.0976702915249006,1.0976702915249006
pscad,218,0.3,2000.0,40.0,40.0,1,78.23068936839549,78.23068936839549,1.0075607597142493,1.0075607597142493
pscad,219,0.3,2000.0,40.0,inf,1,61.61939295564082,61.61939295564082,0.9806062294183903,0.9806062294183903
pscad,220,0.3,2000.0,inf,20.0,1,59.337121015748956,59.337121015748956,1.0838529958665049,1.0838529958665049
pscad,221,0.3,2000.0,inf,30.0,1,65.20474933894252,65.20474933894252,1.0426521176912729,1.0426521176912729
pscad,222,0.3,2000.0,inf,40.0,1,88.14106630870099,88.14106630870099,0.9665303139326511,0.9665303139326511
pscad,223,0.3,2000.0,inf,inf,1,68.13032704736997,68.13032704736997,0.9980417311865267,0.9980417311865267
pscad,224,0.3,5000.0,20.0,20.0,1,99.96666666666667,99.96666666666667,4.938629940354404,4.938629940354404
pscad,225,0.3,5000.0,20.0,30.0,1,99.96666666666667,99.96666666666667,5.315505712684317,5.315505712684317
pscad,226,0.3,5000.0,20.0,40.0,1,99.96666666666667,99.96666666666667,4.223578115203582,4.223578115203582
pscad,227,0.3,5000.0,20.0,inf,1,99.96666666666667,99.96666666666667,5.2983125096458386,5.2983125096458386
pscad,228,0.3,5000.0,30.0,20.0,1,99.96666666666667,99.96666666666667,4.801984593256821,4.801984593256821
pscad,229,0.3,5000.0,30.0,30.0,1,99.96666666666667,99.96666666666667,4.730890922957933,4.730890922957933
pscad,230,0.3,5000.0,30.0,40.0,1,99.96666666666667,99.96666666666667,4.8085042470545885,4.8085042470545885
pscad,231,0.3,5000.0,30.0,inf,1,99.96666666666667,99.96666666666667,4.8143043758296695,4.8143043758296695
pscad,232,0.3,5000.0,40.0,20.0,1,99.96666666666667,99.96666666666667,5.026035235161908,5.026035235161908
pscad,233,0.3,5000.0,40.0,30.0,1,99.96666666666667,99.96666666666667,4.729501148144136,4.729501148144136
pscad,234,0.3,5000.0,40.0,40.0,1,99.96666666666667,99.96666666666667,4.771226982438311,4.771226982438311
pscad,235,0.3,5000.0,40.0,inf,1,99.96666666666667,99.96666666666667,4.777989341286775,4.777989341286775
pscad,236,0.3,5000.0,inf,20.0,1,99.96666666666667,99.96666666666667,5.027085579288978,5.027085579288978
pscad,237,0.3,5000.0,inf,30.0,1,99.96666666666667,99.96666666666667,4.815517176623507,4.815517176623507
pscad,238,0.3,5000.0,inf,40.0,1,99.96666666666667,99.96666666666667,4.785974889360241,4.785974889360241
pscad,239,0.3,5000.0,inf,inf,1,99.96666666666667,99.96666666666667,4.7991727924716,4.7991727924716
pscad,240,0.4,100.0,20.0,20.0,1,29.402331685687038,29.402331685687038,7.3549143590431925,7.3549143590431925
pscad,241,0.4,100.0,20.0,30.0,1,14.08793329539483,14.08793329539483,7.469089647094266,7.469089647094266
pscad,242,0.4,100.0,20.0,40.0,1,6.724385665322088,6.724385665322088,7.609564776484888,7.609564776484888
pscad,243,0.4,100.0,20.0,inf,1,11.709644812152531,11.709644812152531,7.608193796044772,7.608193796044772
pscad,244,0.4,100.0,30.0,20.0,1,14.32396050359759,14.32396050359759,7.40143504424934,7.40143504424934
pscad,245,0.4,100.0,30.0,30.0,1,14.279215657636803,14.279215657636803,7.52274804953315,7.52274804953315
pscad,246,0.4,100.0,30.0,40.0,1,11.614961070984684,11.614961070984684,7.548332346744701,7.548332346744701
pscad,247,0.4,100.0,30.0,inf,1,14.262352075310249,14.262352075310249,7.515725091124295,7.515725091124295
pscad,248,0.4,100.0,40.0,20.0,1,8.983615493886168,8.983615493886168,7.462083522628732,7.462083522628732
pscad,249,0.4,100.0,40.0,30.0,1,14.070514240577314,14.070514240577314,7.487492900429332,7.487492900429332
pscad,250,0.4,100.0,40.0,40.0,1,11.602922196267308,11.602922196267308,7.501409979225444,7.501409979225444
pscad,251,0.4,100.0,40.0,inf,1,14.103467767033194,14.103467767033194,7.516545330379074,7.516545330379074
pscad,252,0.4,100.0,inf,20.0,1,21.600509144904535,21.600509144904535,7.717572960715118,7.717572960715118
pscad,253,0.4,100.0,inf,30.0,1,11.629448919529814,11.629448919529814,7.4666560176495125,7.4666560176495125
pscad,254,0.4,100.0,inf,40.0,1,11.727907552360874,11.727907552360874,7.504134922408269,7.504134922408269
pscad,255,0.4,100.0,inf,inf,1,16.150024161072626,16.150024161072626,7.508870576672323,7.508870576672323
pscad,256,0.4,500.0,20.0,20.0,1,8.69380561956301,8.69380561956301,1.1213113404220052,1.1213113404220052
pscad,257,0.4,500.0,20.0,30.0,1,21.85315506138774,21.85315506138774,0.840377838263987,0.840377838263987
pscad,258,0.4,500.0,20.0,40.0,1,11.272017129011422,11.272017129011422,0.8003200192936333,0.8003200192936333
pscad,259,0.4,500.0,20.0,inf,1,41.81883871648578,41.81883871648578,0.9265079119481584,0.9265079119481584
pscad,260,0.4,500.0,30.0,20.0,1,16.604462253367313,16.604462253367313,0.9787405597123666,0.9787405597123666
pscad,261,0.4,500.0,30.0,30.0,1,6.670750052279559,6.670750052279559,0.9191072106980641,0.9191072106980641
pscad,262,0.4,500.0,30.0,40.0,1,0.9689426986505267,0.9689426986505267,0.9777198992384342,0.9777198992384342
pscad,263,0.4,500.0,30.0,inf,1,6.126453457493103,6.126453457493103,0.9097454367959926,0.9097454367959926
pscad,264,0.4,500.0,40.0,20.0,1,92.0327384882102,92.0327384882102,0.8736752273801016,0.8736752273801016
pscad,265,0.4,500.0,40.0,30.0,1,21.43372782240264,21.43372782240264,0.9749422241643743,0.9749422241643743
pscad,266,0.4,500.0,40.0,40.0,1,3.4562154992150704,3.4562154992150704,0.9594880337892959,0.9594880337892959
pscad,267,0.4,500.0,40.0,inf,1,1.2030747804712694,1.2030747804712694,0.9274175355972716,0.9274175355972716
pscad,268,0.4,500.0,inf,20.0,1,23.928597083064023,23.928597083064023,0.8847525286029736,0.8847525286029736
pscad,269,0.4,500.0,inf,30.0,1,6.392857693395357,6.392857693395357,0.958835716094643,0.958835716094643
pscad,270,0.4,500.0,inf,40.0,1,8.88685872908046,8.88685872908046,0.9280142893116817,0.9280142893116817
pscad,271,0.4,500.0,inf,inf,1,1.0930800750399843,1.0930800750399843,0.9564742184971919,0.9564742184971919
pscad,272,0.4,1000.0,20.0,20.0,1,77.20036392924243,77.20036392924243,12.37828498729159,12.37828498729159
pscad,273,0.4,1000.0,20.0,30.0,1,99.975,99.975,11.065886608028029,11.065886608028029
pscad,274,0.4,1000.0,20.0,40.0,1,99.975,99.975,11.1062821168333,11.1062821168333
pscad,275,0.4,1000.0,20.0,inf,1,149.975,149.975,11.098192913039872,11.098192913039872
pscad,276,0.4,1000.0,30.0,20.0,1,99.975,99.975,11.053569244013568,11.053569244013568
pscad,277,0.4,1000.0,30.0,30.0,1,99.975,99.975,11.082429199049784,11.082429199049784
pscad,278,0.4,1000.0,30.0,40.0,1,99.975,99.975,11.061908227545029,11.061908227545029
pscad,279,0.4,1000.0,30.0,inf,1,99.975,99.975,11.043236895844382,11.043236895844382
pscad,280,0.4,1000.0,40.0,20.0,1,99.975,99.975,11.014725166433653,11.014725166433653
pscad,281,0.4,1000.0,40.0,30.0,1,99.975,99.975,11.068199224662305,11.068199224662305
pscad,282,0.4,1000.0,40.0,40.0,1,99.975,99.975,11.060533777646787,11.060533777646787
pscad,283,0.4,1000.0,40.0,inf,1,99.975,99.975,11.073369473823256,11.073369473823256
pscad,284,0.4,1000.0,inf,20.0,1,99.975,99.975,11.208109591974859,11.208109591974859
pscad,285,0.4,1000.0,inf,30.0,1,99.975,99.975,11.078996822013197,11.078996822013197
pscad,286,0.4,1000.0,inf,40.0,1,99.975,99.975,11.097220559694994,11.097220559694994
pscad,287,0.4,1000.0,inf,inf,1,55.7516200535412,55.7516200535412,12.08011215161048,12.08011215161048
pscad,288,0.4,2000.0,20.0,20.0,1,82.82571446726624,82.82571446726624,0.6483811415165632,0.6483811415165632
pscad,289,0.4,2000.0,20.0,30.0,1,22.58856978051979,22.58856978051979,0.6831543685804717,0.6831543685804717
pscad,290,0.4,2000.0,20.0,40.0,1,116.69787765177408,116.69787765177408,0.742835389551783,0.742835389551783
pscad,291,0.4,2000.0,20.0,inf,1,38.410567958165494,38.410567958165494,0.8923113136676989,0.8923113136676989
pscad,292,0.4,2000.0,30.0,20.0,1,6.377439404507703,6.377439404507703,1.0748707838942664,1.0748707838942664
pscad,293,0.4,2000.0,30.0,30.0,1,64.58893683228675,64.58893683228675,1.0709549822599342,1.0709549822599342
pscad,294,0.4,2000.0,30.0,40.0,1,74.5943397141173,74.5943397141173,1.0473820812680743,1.0473820812680743
pscad,295,0.4,2000.0,30.0,inf,1,54.526400445641805,54.526400445641805,1.06213241623268,1.06213241623268
pscad,296,0.4,2000.0,40.0,20.0,1,149.975,149.975,1.1530568160253778,1.1530568160253778
pscad,297,0.4,2000.0,40.0,30.0,1,41.31547491450748,41.31547491450748,0.9578952422476164,0.9578952422476164
pscad,298,0.4,2000.0,40.0,40.0,1,54.407140069559965,54.407140069559965,0.9945084605904981,0.9945084605904981
pscad,299,0.4,2000.0,40.0,inf,1,38.6568372142694,38.6568372142694,1.0002528023976538,1.0002528023976538
pscad,300,0.4,2000.0,inf,20.0,1,65.32811737505078,65.32811737505078,0.9788454179221958,0.9788454179221958
pscad,301,0.4,2000.0,inf,30.0,1,11.10936633296776,11.10936633296776,1.0122048509801176,1.0122048509801176
pscad,302,0.4,2000.0,inf,40.0,1,38.71840938806189,38.71840938806189,0.97608337854399,0.97608337854399
pscad,303,0.4,2000.0,inf,inf,1,43.88564822040128,43.88564822040128,0.9871905812277305,0.9871905812277305
pscad,304,0.4,5000.0,20.0,20.0,1,99.975,99.975,5.232214314361008,5.232214314361008
pscad,305,0.4,5000.0,20.0,30.0,1,99.975,99.975,5.109428918841713,5.109428918841713
pscad,306,0.4,5000.0,20.0,40.0,1,99.975,99.975,4.577606603456388,4.577606603456388
pscad,307,0.4,5000.0,20.0,inf,1,99.975,99.975,5.156477279610517,5.156477279610517
pscad,308,0.4,5000.0,30.0,20.0,1,99.975,99.975,4.5434815790868015,4.5434815790868015
pscad,309,0.4,5000.0,30.0,30.0,1,99.975,99.975,4.808255585482329,4.808255585482329
pscad,310,0.4,5000.0,30.0,40.0,1,99.975,99.975,4.720365758435637,4.720365758435637
pscad,311,0.4,5000.0,30.0,inf,1,99.975,99.975,4.798614582291684,4.798614582291684
pscad,312,0.4,5000.0,40.0,20.0,1,99.975,99.975,4.457841478398259,4.457841478398259
pscad,313,0.4,5000.0,40.0,30.0,1,99.975,99.975,4.815864597605323,4.815864597605323
pscad,314,0.4,5000.0,40.0,40.0,1,99.975,99.975,4.8234180784255845,4.8234180784255845
pscad,315,0.4,5000.0,40.0,inf,1,99.975,99.975,4.806651720511054,4.806651720511054
pscad,316,0.4,5000.0,inf,20.0,1,99.975,99.975,5.076060411563885,5.076060411563885
pscad,317,0.4,5000.0,inf,30.0,1,99.975,99.975,4.692781894265954,4.692781894265954
pscad,318,0.4,5000.0,inf,40.0,1,99.975,99.975,4.817898052464006,4.817898052464006
pscad,319,0.4,5000.0,inf,inf,1,99.975,99.975,4.819469201961056,4.819469201961056
pscad,320,0.5,100.0,20.0,20.0,1,23.655208626113367,23.655208626113367,7.6721399497853895,7.6721399497853895
pscad,321,0.5,100.0,20.0,30.0,1,9.505613849203453,9.505613849203453,7.622666894887033,7.622666894887033
pscad,322,0.5,100.0,20.0,40.0,1,7.3634452176861265,7.3634452176861265,7.436409371523395,7.436409371523395
pscad,323,0.5,100.0,20.0,inf,1,13.463487956172404,13.463487956172404,7.450136504010629,7.450136504010629
pscad,324,0.5,100.0,30.0,20.0,1,13.562589535083024,13.562589535083024,7.591539352250152,7.591539352250152
pscad,325,0.5,100.0,30.0,30.0,1,9.56307812314854,9.56307812314854,7.59499944196827,7.59499944196827
pscad,326,0.5,100.0,30.0,40.0,1,13.469517996377721,13.469517996377721,7.463273920548304,7.463273920548304
pscad,327,0.5,100.0,30.0,inf,1,9.560001275988572,9.560001275988572,7.529821295561732,7.529821295561732
pscad,328,0.5,100.0,40.0,20.0,1,15.514922088734373,15.514922088734373,7.449012514888737,7.449012514888737
pscad,329,0.5,100.0,40.0,30.0,1,11.534374530879067,11.534374530879067,7.480068011029503,7.480068011029503
pscad,330,0.5,100.0,40.0,40.0,1,9.555160335358103,9.555160335358103,7.487982845876417,7.487982845876417
pscad,331,0.5,100.0,40.0,inf,1,11.576609920427039,11.576609920427039,7.507306688217157,7.507306688217157
pscad,332,0.5,100.0,inf,20.0,1,15.686140189199872,15.686140189199872,7.39310369379217,7.39310369379217
pscad,333,0.5,100.0,inf,30.0,1,9.6268622280002,9.6268622280002,7.468993856085363,7.468993856085363
pscad,334,0.5,100.0,inf,40.0,1,11.51866660487071,11.51866660487071,7.4969249361178925,7.4969249361178925
pscad,335,0.5,100.0,inf,inf,1,13.16415395500079,13.16415395500079,7.509119596830715,7.509119596830715
pscad,336,0.5,500.0,20.0,20.0,1,27.422715178297796,27.422715178297796,0.6789645165933053,0.6789645165933053
pscad,337,0.5,500.0,20.0,30.0,1,29.437144348462475,29.437144348462475,0.8349768095612262,0.8349768095612262
pscad,338,0.5,500.0,20.0,40.0,1,9.355773048584858,9.355773048584858,0.9668778257249642,0.9668778257249642
pscad,339,0.5,500.0,20.0,inf,1,15.199578636304722,15.199578636304722,1.1701744693056753,1.1701744693056753
pscad,340,0.5,500.0,30.0,20.0,1,2.6467296539239293,2.6467296539239293,0.8153575594413496,0.8153575594413496
pscad,341,0.5,500.0,30.0,30.0,1,8.97470272065033,8.97470272065033,0.990628327173647,0.990628327173647
pscad,342,0.5,500.0,30.0,40.0,1,0.7461989321857376,0.7461989321857376,0.9746984167592586,0.9746984167592586
pscad,343,0.5,500.0,30.0,inf,1,3.049724318931124,3.049724318931124,1.0450560544132146,1.0450560544132146
pscad,344,0.5,500.0,40.0,20.0,1,17.107647641469203,17.107647641469203,0.7108888439816952,0.7108888439816952
pscad,345,0.5,500.0,40.0,30.0,1,1.2838834621046846,1.2838834621046846,0.9339095136123774,0.9339095136123774
pscad,346,0.5,500.0,40.0,40.0,1,0.6956851616342408,0.6956851616342408,0.957117118762028,0.957117118762028
pscad,347,0.5,500.0,40.0,inf,1,3.091152887421811,3.091152887421811,0.9436309773658422,0.9436309773658422
pscad,348,0.5,500.0,inf,20.0,1,43.73354188037209,43.73354188037209,0.7173232103729447,0.7173232103729447
pscad,349,0.5,500.0,inf,30.0,1,7.148708350274169,7.148708350274169,1.0496845873436087,1.0496845873436087
pscad,350,0.5,500.0,inf,40.0,1,1.3125228409388123,1.3125228409388123,0.9739217767252285,0.9739217767252285
pscad,351,0.5,500.0,inf,inf,1,1.25810204049277,1.25810204049277,0.9567373887871895,0.9567373887871895
pscad,352,0.5,1000.0,20.0,20.0,1,99.98,99.98,11.170541308931604,11.170541308931604
pscad,353,0.5,1000.0,20.0,30.0,1,99.98,99.98,11.346861261712991,11.346861261712991
pscad,354,0.5,1000.0,20.0,40.0,1,99.98,99.98,10.97849168001403,10.97849168001403
pscad,355,0.5,1000.0,20.0,inf,1,99.98,99.98,11.142324530944597,11.142324530944597
pscad,356,0.5,1000.0,30.0,20.0,1,28.141317512576936,28.141317512576936,12.446925667998311,12.446925667998311
pscad,357,0.5,1000.0,30.0,30.0,1,99.98,99.98,11.12229167719604,11.12229167719604
pscad,358,0.5,1000.0,30.0,40.0,1,99.98,99.98,11.104195156813057,11.104195156813057
pscad,359,0.5,1000.0,30.0,inf,1,99.98,99.98,11.12099926033061,11.12099926033061
pscad,360,0.5,1000.0,40.0,20.0,1,99.98,99.98,11.31465135439107,11.31465135439107
pscad,361,0.5,1000.0,40.0,30.0,1,99.98,99.98,11.122275707999618,11.122275707999618
pscad,362,0.5,1000.0,40.0,40.0,1,99.98,99.98,11.08189901502933,11.08189901502933
pscad,363,0.5,1000.0,40.0,inf,1,99.98,99.98,11.07815203871595,11.07815203871595
pscad,364,0.5,1000.0,inf,20.0,1,99.98,99.98,11.08337459678985,11.08337459678985
pscad,365,0.5,1000.0,inf,30.0,1,99.98,99.98,11.131498726753353,11.131498726753353
pscad,366,0.5,1000.0,inf,40.0,1,99.98,99.98,11.088718402780557,11.088718402780557
pscad,367,0.5,1000.0,inf,inf,1,29.495245148371694,29.495245148371694,12.069962312930283,12.069962312930283
pscad,368,0.5,2000.0,20.0,20.0,1,99.98,99.98,0.6323709768308277,0.6323709768308277
pscad,369,0.5,2000.0,20.0,30.0,1,99.98,99.98,0.9836586814478097,0.9836586814478097
pscad,370,0.5,2000.0,20.0,40.0,1,99.98,99.98,1.073112059038999,1.073112059038999
pscad,371,0.5,2000.0,20.0,inf,1,23.113226212693515,23.113226212693515,0.646345206854005,0.646345206854005
pscad,372,0.5,2000.0,30.0,20.0,1,86.18977987783411,86.18977987783411,0.8829213899190336,0.8829213899190336
pscad,373,0.5,2000.0,30.0,30.0,1,27.547753349459224,27.547753349459224,1.00842128498673,1.00842128498673
pscad,374,0.5,2000.0,30.0,40.0,1,52.14181980635602,52.14181980635602,0.9916221948100314,0.9916221948100314
pscad,375,0.5,2000.0,30.0,inf,1,15.455316798584562,15.455316798584562,0.9936621472809748,0.9936621472809748
pscad,376,0.5,2000.0,40.0,20.0,1,27.642524012974533,27.642524012974533,1.0847367149496563,1.0847367149496563
pscad,377,0.5,2000.0,40.0,30.0,1,35.68657627309169,35.68657627309169,1.0270454653970318,1.0270454653970318
pscad,378,0.5,2000.0,40.0,40.0,1,43.8407162105539,43.8407162105539,1.0053722023563183,1.0053722023563183
pscad,379,0.5,2000.0,40.0,inf,1,19.34880745820873,19.34880745820873,0.98850916249188,0.98850916249188
pscad,380,0.5,2000.0,inf,20.0,1,45.65410474220397,45.65410474220397,1.0400083299262177,1.0400083299262177
pscad,381,0.5,2000.0,inf,30.0,1,53.84352846199094,53.84352846199094,0.9296395210098012,0.9296395210098012
pscad,382,0.5,2000.0,inf,40.0,1,29.249299400521434,29.249299400521434,0.9866962696225755,0.9866962696225755
pscad,383,0.5,2000.0,inf,inf,1,27.579891089247145,27.579891089247145,0.9776143913665691,0.9776143913665691
pscad,384,0.5,5000.0,20.0,20.0,1,99.98,99.98,5.459578937658644,5.459578937658644
pscad,385,0.5,5000.0,20.0,30.0,1,99.98,99.98,4.7312161752232536,4.7312161752232536
pscad,386,0.5,5000.0,20.0,40.0,1,99.98,99.98,5.1042721307081225,5.1042721307081225
pscad,387,0.5,5000.0,20.0,inf,1,99.98,99.98,4.677417793192344,4.677417793192344
pscad,388,0.5,5000.0,30.0,20.0,1,99.98,99.98,4.455244990230203,4.455244990230203
pscad,389,0.5,5000.0,30.0,30.0,1,99.98,99.98,4.800779969011128,4.800779969011128
pscad,390,0.5,5000.0,30.0,40.0,1,99.98,99.98,4.79820035204455,4.79820035204455
pscad,391,0.5,5000.0,30.0,inf,1,99.98,99.98,4.80545498294714,4.80545498294714
pscad,392,0.5,5000.0,40.0,20.0,1,99.98,99.98,4.7760175389555295,4.7760175389555295
pscad,393,0.5,5000.0,40.0,30.0,1,99.98,99.98,4.928515839994106,4.928515839994106
pscad,394,0.5,5000.0,40.0,40.0,1,99.98,99.98,4.779536210926089,4.779536210926089
pscad,395,0.5,5000.0,40.0,inf,1,99.98,99.98,4.842239387923964,4.842239387923964
pscad,396,0.5,5000.0,inf,20.0,1,99.98,99.98,4.789079982656076,4.789079982656076
pscad,397,0.5,5000.0,inf,30.0,1,99.98,99.98,4.851104148118448,4.851104148118448
pscad,398,0.5,5000.0,inf,40.0,1,99.98,99.98,4.835364579146208,4.835364579146208
pscad,399,0.5,5000.0,inf,inf,1,99.98,99.98,4.836240801809526,4.836240801809526
pscad,400,0.6,100.0,20.0,20.0,1,9.953556642638768,9.953556642638768,7.341546103526696,7.341546103526696
pscad,401,0.6,100.0,20.0,30.0,1,6.385970223247421,6.385970223247421,7.276831855074704,7.276831855074704
pscad,402,0.6,100.0,20.0,40.0,1,13.168359740428718,13.168359740428718,7.657399643376848,7.657399643376848
pscad,403,0.6,100.0,20.0,inf,1,13.08778299339584,13.08778299339584,7.480964705013762,7.480964705013762
pscad,404,0.6,100.0,30.0,20.0,1,9.747082455716242,9.747082455716242,7.447420233142238,7.447420233142238
pscad,405,0.6,100.0,30.0,30.0,1,11.43903209355344,11.43903209355344,7.3207708971096395,7.3207708971096395
pscad,406,0.6,100.0,30.0,40.0,1,6.517672715762646,6.517672715762646,7.477300862851308,7.477300862851308
pscad,407,0.6,100.0,30.0,inf,1,8.158019475333179,8.158019475333179,7.4972736358071055,7.4972736358071055
pscad,408,0.6,100.0,40.0,20.0,1,6.408920716854264,6.408920716854264,7.299026879687119,7.299026879687119
pscad,409,0.6,100.0,40.0,30.0,1,8.226360213152207,8.226360213152207,7.452093486563683,7.452093486563683
pscad,410,0.6,100.0,40.0,40.0,1,9.697084668904122,9.697084668904122,7.483092263865927,7.483092263865927
pscad,411,0.6,100.0,40.0,inf,1,9.682451326864738,9.682451326864738,7.484718578418949,7.484718578418949
pscad,412,0.6,100.0,inf,20.0,1,16.38707332224428,16.38707332224428,7.550902298013669,7.550902298013669
pscad,413,0.6,100.0,inf,30.0,1,9.690478918209955,9.690478918209955,7.58417904072978,7.58417904072978
pscad,414,0.6,100.0,inf,40.0,1,8.191914521210284,8.191914521210284,7.479433833093054,7.479433833093054
pscad,415,0.6,100.0,inf,inf,1,11.172296598313961,11.172296598313961,7.509395404921279,7.509395404921279
pscad,416,0.6,500.0,20.0,20.0,1,5.500092814993973,5.500092814993973,1.056359340044753,1.056359340044753
pscad,417,0.6,500.0,20.0,30.0,1,33.08663467045242,33.08663467045242,0.999741668090303,0.999741668090303
pscad,418,0.6,500.0,20.0,40.0,1,37.54353210992679,37.54353210992679,0.9590758723884278,0.9590758723884278
pscad,419,0.6,500.0,20.0,inf,1,41.459613033433136,41.459613033433136,1.0548041004913784,1.0548041004913784
pscad,420,0.6,500.0,30.0,20.0,1,2.447224455804901,2.447224455804901,1.1055444519270394,1.1055444519270394
pscad,421,0.6,500.0,30.0,30.0,1,7.2657471530004525,7.2657471530004525,0.9669221715353615,0.9669221715353615
pscad,422,0.6,500.0,30.0,40.0,1,2.741562644417865,2.741562644417865,1.0083751675603707,1.0083751675603707
pscad,423,0.6,500.0,30.0,inf,1,4.005297215766016,4.005297215766016,0.9876942162533965,0.9876942162533965
pscad,424,0.6,500.0,40.0,20.0,1,21.394681681228473,21.394681681228473,0.9418454027611801,0.9418454027611801
pscad,425,0.6,500.0,40.0,30.0,1,13.998299233902149,13.998299233902149,0.9857556664283266,0.9857556664283266
pscad,426,0.6,500.0,40.0,40.0,1,2.9510033383890466,2.9510033383890466,0.9476835248068027,0.9476835248068027
pscad,427,0.6,500.0,40.0,inf,1,6.31303312232336,6.31303312232336,0.9623249694247761,0.9623249694247761
pscad,428,0.6,500.0,inf,20.0,1,2.7681118432266913,2.7681118432266913,1.0683993254904636,1.0683993254904636
pscad,429,0.6,500.0,inf,30.0,1,12.973968902257512,12.973968902257512,0.9911760261663289,0.9911760261663289
pscad,430,0.6,500.0,inf,40.0,1,1.1297471724986963,1.1297471724986963,0.9837657297092164,0.9837657297092164
pscad,431,0.6,500.0,inf,inf,1,2.7727148125787546,2.7727148125787546,0.9581310981174056,0.9581310981174056
pscad,432,0.6,1000.0,20.0,20.0,1,99.98333333333333,99.98333333333333,10.982424926032637,10.982424926032637
pscad,433,0.6,1000.0,20.0,30.0,1,99.98333333333333,99.98333333333333,10.975289337885226,10.975289337885226
pscad,434,0.6,1000.0,20.0,40.0,1,99.98333333333333,99.98333333333333,11.001586030612522,11.001586030612522
pscad,435,0.6,1000.0,20.0,inf,1,99.98333333333333,99.98333333333333,11.108385836390028,11.108385836390028
pscad,436,0.6,1000.0,30.0,20.0,1,66.65,66.65,11.037365695213055,11.037365695213055
pscad,437,0.6,1000.0,30.0,30.0,1,99.98333333333333,99.98333333333333,11.091264017279956,11.091264017279956
pscad,438,0.6,1000.0,30.0,40.0,1,99.98333333333333,99.98333333333333,11.063534785232171,11.063534785232171
pscad,439,0.6,1000.0,30.0,inf,1,99.98333333333333,99.98333333333333,11.044452436620167,11.044452436620167
pscad,440,0.6,1000.0,40.0,20.0,1,66.65,66.65,10.988120502704875,10.988120502704875
pscad,441,0.6,1000.0,40.0,30.0,1,99.98333333333333,99.98333333333333,11.079549414996814,11.079549414996814
pscad,442,0.6,1000.0,40.0,40.0,1,99.98333333333333,99.98333333333333,11.083174907231967,11.083174907231967
pscad,443,0.6,1000.0,40.0,inf,1,99.98333333333333,99.98333333333333,11.093415321962937,11.093415321962937
pscad,444,0.6,1000.0,inf,20.0,1,99.98333333333333,99.98333333333333,11.095861379413225,11.095861379413225
pscad,445,0.6,1000.0,inf,30.0,1,99.98333333333333,99.98333333333333,11.034228744881988,11.034228744881988
pscad,446,0.6,1000.0,inf,40.0,1,99.98333333333333,99.98333333333333,11.087593723938232,11.087593723938232
pscad,447,0.6,1000.0,inf,inf,1,11.923013234594068,11.923013234594068,12.064708539784215,12.064708539784215
pscad,448,0.6,2000.0,20.0,20.0,1,93.16175189626401,93.16175189626401,1.1447224917236098,1.1447224917236098
pscad,449,0.6,2000.0,20.0,30.0,1,41.55069233822491,41.55069233822491,1.2161569567474886,1.2161569567474886
pscad,450,0.6,2000.0,20.0,40.0,1,24.604817318438517,24.604817318438517,0.9780474314392222,0.9780474314392222
pscad,451,0.6,2000.0,20.0,inf,1,26.983047113243916,26.983047113243916,0.8246240387268244,0.8246240387268244
pscad,452,0.6,2000.0,30.0,20.0,1,35.593585341417615,35.593585341417615,0.6627920188077837,0.6627920188077837
pscad,453,0.6,2000.0,30.0,30.0,1,25.258296195577735,25.258296195577735,0.9293843910520195,0.9293843910520195
pscad,454,0.6,2000.0,30.0,40.0,1,33.399069327580044,33.399069327580044,0.9395865593757662,0.9395865593757662
pscad,455,0.6,2000.0,30.0,inf,1,11.171864781718408,11.171864781718408,1.0053584121227686,1.0053584121227686
pscad,456,0.6,2000.0,40.0,20.0,1,12.53341468402643,12.53341468402643,0.9041858788950321,0.9041858788950321
pscad,457,0.6,2000.0,40.0,30.0,1,18.38508790368128,18.38508790368128,0.9253446548030297,0.9253446548030297
pscad,458,0.6,2000.0,40.0,40.0,1,14.683488172204884,14.683488172204884,0.9829016501059187,0.9829016501059187
pscad,459,0.6,2000.0,40.0,inf,1,19.741938626401204,19.741938626401204,0.9862388650466756,0.9862388650466756
pscad,460,0.6,2000.0,inf,20.0,1,66.65,66.65,0.8728086784548623,0.8728086784548623
pscad,461,0.6,2000.0,inf,30.0,1,9.639014150394605,9.639014150394605,0.9602898630721028,0.9602898630721028
pscad,462,0.6,2000.0,inf,40.0,1,23.016093014510112,23.016093014510112,0.9955810921637067,0.9955810921637067
pscad,463,0.6,2000.0,inf,inf,1,16.476349040267014,16.476349040267014,0.9704639628370046,0.9704639628370046
pscad,464,0.6,5000.0,20.0,20.0,1,99.98333333333333,99.98333333333333,5.200534190192557,5.200534190192557
pscad,465,0.6,5000.0,20.0,30.0,1,99.98333333333333,99.98333333333333,4.747190663673701,4.747190663673701
pscad,466,0.6,5000.0,20.0,40.0,1,99.98333333333333,99.98333333333333,4.7996686599661915,4.7996686599661915
pscad,467,0.6,5000.0,20.0,inf,1,99.98333333333333,99.98333333333333,4.687925565353853,4.687925565353853
pscad,468,0.6,5000.0,30.0,20.0,1,99.98333333333333,99.98333333333333,4.424277190313842,4.424277190313842
pscad,469,0.6,5000.0,30.0,30.0,1,99.98333333333333,99.98333333333333,4.63871391222261,4.63871391222261
pscad,470,0.6,5000.0,30.0,40.0,1,99.98333333333333,99.98333333333333,4.81235731430761,4.81235731430761
pscad,471,0.6,5000.0,30.0,inf,1,99.98333333333333,99.98333333333333,4.815221318333734,4.815221318333734
pscad,472,0.6,5000.0,40.0,20.0,1,99.98333333333333,99.98333333333333,4.858285111776968,4.858285111776968
pscad,473,0.6,5000.0,40.0,30.0,1,99.98333333333333,99.98333333333333,4.709858007276871,4.709858007276871
pscad,474,0.6,5000.0,40.0,40.0,1,99.98333333333333,99.98333333333333,4.817586981364111,4.817586981364111
pscad,475,0.6,5000.0,40.0,inf,1,99.98333333333333,99.98333333333333,4.81044202070716,4.81044202070716
pscad,476,0.6,5000.0,inf,20.0,1,99.98333333333333,99.98333333333333,4.956834338439876,4.956834338439876
pscad,477,0.6,5000.0,inf,30.0,1,99.98333333333333,99.98333333333333,4.802987332106259,4.802987332106259
pscad,478,0.6,5000.0,inf,40.0,1,99.98333333333333,99.98333333333333,4.855767871980316,4.855767871980316
pscad,479,0.6,5000.0,inf,inf,1,99.98333333333333,99.98333333333333,4.84948910484085,4.84948910484085
pscad,480,0.7,100.0,20.0,20.0,1,5.603621639543865,5.603621639543865,7.617118819242307,7.617118819242307
pscad,481,0.7,100.0,20.0,30.0,1,8.5718446831374,8.5718446831374,7.55992765350274,7.55992765350274
pscad,482,0.7,100.0,20.0,40.0,1,5.694988489409557,5.694988489409557,7.673957960902186,7.673957960902186
pscad,483,0.7,100.0,20.0,inf,1,11.511789973202205,11.511789973202205,7.477010488834581,7.477010488834581
pscad,484,0.7,100.0,30.0,20.0,1,7.165164342660236,7.165164342660236,7.695599937748441,7.695599937748441
pscad,485,0.7,100.0,30.0,30.0,1,8.518289311360926,8.518289311360926,7.4723005719303615,7.4723005719303615
pscad,486,0.7,100.0,30.0,40.0,1,8.468940571194992,8.468940571194992,7.434067035925195,7.434067035925195
pscad,487,0.7,100.0,30.0,inf,1,7.166999706793227,7.166999706793227,7.507866073155242,7.507866073155242
pscad,488,0.7,100.0,40.0,20.0,1,5.59994166537706,5.59994166537706,7.64898593086697,7.64898593086697
pscad,489,0.7,100.0,40.0,30.0,1,8.517567602914065,8.517567602914065,7.494711662206441,7.494711662206441
pscad,490,0.7,100.0,40.0,40.0,1,9.892158600277178,9.892158600277178,7.511635375424561,7.511635375424561
pscad,491,0.7,100.0,40.0,inf,1,8.445051702565536,8.445051702565536,7.4986245900064,7.4986245900064
pscad,492,0.7,100.0,inf,20.0,1,9.969492363973883,9.969492363973883,7.4816620575735575,7.4816620575735575
pscad,493,0.7,100.0,inf,30.0,1,8.534571959111052,8.534571959111052,7.554488726336388,7.554488726336388
pscad,494,0.7,100.0,inf,40.0,1,8.575179082440417,8.575179082440417,7.496233660087967,7.496233660087967
pscad,495,0.7,100.0,inf,inf,1,9.748450674019923,9.748450674019923,7.509720919423544,7.509720919423544
pscad,496,0.7,500.0,20.0,20.0,1,25.74943780147443,25.74943780147443,0.6303231772431218,0.6303231772431218
pscad,497,0.7,500.0,20.0,30.0,1,6.847658601850579,6.847658601850579,0.9327234651789468,0.9327234651789468
pscad,498,0.7,500.0,20.0,40.0,1,4.697796103177887,4.697796103177887,1.0885947284479358,1.0885947284479358
pscad,499,0.7,500.0,20.0,inf,1,14.157270632783208,14.157270632783208,0.9613476860426772,0.9613476860426772
pscad,500,0.7,500.0,30.0,20.0,1,4.5724864073386025,4.5724864073386025,0.9917785712478235,0.9917785712478235
pscad,501,0.7,500.0,30.0,30.0,1,9.922958491663755,9.922958491663755,0.9445282698059941,0.9445282698059941
pscad,502,0.7,500.0,30.0,40.0,1,5.43577110046356,5.43577110046356,1.038105125452057,1.038105125452057
pscad,503,0.7,500.0,30.0,inf,1,7.429161677203327,7.429161677203327,0.9677541472073472,0.9677541472073472
pscad,504,0.7,500.0,40.0,20.0,1,26.796890495507473,26.796890495507473,1.2299513348471236,1.2299513348471236
pscad,505,0.7,500.0,40.0,30.0,1,2.6693769382543406,2.6693769382543406,0.9549469302882698,0.9549469302882698
pscad,506,0.7,500.0,40.0,40.0,1,5.496016693413661,5.496016693413661,0.9524766070512782,0.9524766070512782
pscad,507,0.7,500.0,40.0,inf,1,5.483986855732751,5.483986855732751,0.9733385508390938,0.9733385508390938
pscad,508,0.7,500.0,inf,20.0,1,23.490786939935735,23.490786939935735,0.9785160733528642,0.9785160733528642
pscad,509,0.7,500.0,inf,30.0,1,6.8828772962279405,6.8828772962279405,0.9178448091464247,0.9178448091464247
pscad,510,0.7,500.0,inf,40.0,1,2.5558488010752414,2.5558488010752414,0.9524671404817582,0.9524671404817582
pscad,511,0.7,500.0,inf,inf,1,2.656191371864284,2.656191371864284,0.9589758605524252,0.9589758605524252
pscad,512,0.7,1000.0,20.0,20.0,1,99.98571428571428,99.98571428571428,11.048613045102035,11.048613045102035
pscad,513,0.7,1000.0,20.0,30.0,1,99.98571428571428,99.98571428571428,11.017871045673655,11.017871045673655
pscad,514,0.7,1000.0,20.0,40.0,1,99.98571428571428,99.98571428571428,11.164476318099354,11.164476318099354
pscad,515,0.7,1000.0,20.0,inf,1,99.98571428571428,99.98571428571428,11.215750343474383,11.215750343474383
pscad,516,0.7,1000.0,30.0,20.0,1,99.98571428571428,99.98571428571428,11.116977882005484,11.116977882005484
pscad,517,0.7,1000.0,30.0,30.0,1,99.98571428571428,99.98571428571428,11.040947261626672,11.040947261626672
pscad,518,0.7,1000.0,30.0,40.0,1,99.98571428571428,99.98571428571428,11.093988740980036,11.093988740980036
pscad,519,0.7,1000.0,30.0,inf,1,99.98571428571428,99.98571428571428,10.994506270398995,10.994506270398995
pscad,520,0.7,1000.0,40.0,20.0,1,99.98571428571428,99.98571428571428,11.02340038759088,11.02340038759088
pscad,521,0.7,1000.0,40.0,30.0,1,99.98571428571428,99.98571428571428,11.058628703808518,11.058628703808518
pscad,522,0.7,1000.0,40.0,40.0,1,99.98571428571428,99.98571428571428,11.077633907029906,11.077633907029906
pscad,523,0.7,1000.0,40.0,inf,1,99.98571428571428,99.98571428571428,11.10463911997773,11.10463911997773
pscad,524,0.7,1000.0,inf,20.0,1,99.98571428571428,99.98571428571428,11.110599492828204,11.110599492828204
pscad,525,0.7,1000.0,inf,30.0,1,99.98571428571428,99.98571428571428,11.135173966012905,11.135173966012905
pscad,526,0.7,1000.0,inf,40.0,1,99.98571428571428,99.98571428571428,11.0937310812095,11.0937310812095
pscad,527,0.7,1000.0,inf,inf,1,0.8648342988454929,0.8648342988454929,12.06392667541645,12.06392667541645
pscad,528,0.7,2000.0,20.0,20.0,1,99.98571428571428,99.98571428571428,1.313367792825693,1.313367792825693
pscad,529,0.7,2000.0,20.0,30.0,1,4.632259363179474,4.632259363179474,0.986473645215051,0.986473645215051
pscad,530,0.7,2000.0,20.0,40.0,1,24.109300914513753,24.109300914513753,1.0967111786795953,1.0967111786795953
pscad,531,0.7,2000.0,20.0,inf,1,22.235690255748725,22.235690255748725,0.8102618564093632,0.8102618564093632
pscad,532,0.7,2000.0,30.0,20.0,1,42.842857142857156,42.842857142857156,1.2506370868636396,1.2506370868636396
pscad,533,0.7,2000.0,30.0,30.0,1,7.571976796645453,7.571976796645453,0.8743638575064552,0.8743638575064552
pscad,534,0.7,2000.0,30.0,40.0,1,0.023126683983647797,0.023126683983647797,1.0267908864804896,1.0267908864804896
pscad,535,0.7,2000.0,30.0,inf,1,0.022298940937827617,0.022298940937827617,0.9714072752261245,0.9714072752261245
pscad,536,0.7,2000.0,40.0,20.0,1,42.842857142857156,42.842857142857156,0.9796164788368742,0.9796164788368742
pscad,537,0.7,2000.0,40.0,30.0,1,21.098156708986547,21.098156708986547,0.9714642462502411,0.9714642462502411
pscad,538,0.7,2000.0,40.0,40.0,1,10.107369406698034,10.107369406698034,0.9407446724635861,0.9407446724635861
pscad,539,0.7,2000.0,40.0,inf,1,8.543946343411427,8.543946343411427,0.9708276131632487,0.9708276131632487
pscad,540,0.7,2000.0,inf,20.0,1,18.588064606285577,18.588064606285577,0.8574732970431569,0.8574732970431569
pscad,541,0.7,2000.0,inf,30.0,1,4.634162217249946,4.634162217249946,0.9736741411239904,0.9736741411239904
pscad,542,0.7,2000.0,inf,40.0,1,4.1462718678265675,4.1462718678265675,0.9686284463110496,0.9686284463110496
pscad,543,0.7,2000.0,inf,inf,1,8.35150898910348,8.35150898910348,0.9657939247410467,0.9657939247410467
pscad,544,0.7,5000.0,20.0,20.0,1,99.98571428571428,99.98571428571428,5.3030063667538885,5.3030063667538885
pscad,545,0.7,5000.0,20.0,30.0,1,99.98571428571428,99.98571428571428,4.749361629624418,4.749361629624418
pscad,546,0.7,5000.0,20.0,40.0,1,99.98571428571428,99.98571428571428,4.613737447049152,4.613737447049152
pscad,547,0.7,5000.0,20.0,inf,1,99.98571428571428,99.98571428571428,4.646528640799533,4.646528640799533
pscad,548,0.7,5000.0,30.0,20.0,1,99.98571428571428,99.98571428571428,4.943480597039615,4.943480597039615
pscad,549,0.7,5000.0,30.0,30.0,1,99.98571428571428,99.98571428571428,4.843307003015343,4.843307003015343
pscad,550,0.7,5000.0,30.0,40.0,1,99.98571428571428,99.98571428571428,4.802669940269825,4.802669940269825
pscad,551,0.7,5000.0,30.0,inf,1,99.98571428571428,99.98571428571428,4.896077210431395,4.896077210431395
pscad,552,0.7,5000.0,40.0,20.0,1,99.98571428571428,99.98571428571428,4.841109610254571,4.841109610254571
pscad,553,0.7,5000.0,40.0,30.0,1,99.98571428571428,99.98571428571428,4.924787856066523,4.924787856066523
pscad,554,0.7,5000.0,40.0,40.0,1,99.98571428571428,99.98571428571428,4.927481949536741,4.927481949536741
pscad,555,0.7,5000.0,40.0,inf,1,99.98571428571428,99.98571428571428,4.847279732382049,4.847279732382049
pscad,556,0.7,5000.0,inf,20.0,1,99.98571428571428,99.98571428571428,4.836080206680708,4.836080206680708
pscad,557,0.7,5000.0,inf,30.0,1,99.98571428571428,99.98571428571428,4.843352786325922,4.843352786325922
pscad,558,0.7,5000.0,inf,40.0,1,99.98571428571428,99.98571428571428,4.85077161856565,4.85077161856565
pscad,559,0.7,5000.0,inf,inf,1,99.98571428571428,99.98571428571428,4.859216385390482,4.859216385390482
pscad,560,0.8,100.0,20.0,20.0,1,7.658034549472115,7.658034549472115,7.5190147150393045,7.5190147150393045
pscad,561,0.8,100.0,20.0,30.0,1,6.3350109666995,6.3350109666995,7.456421595578718,7.456421595578718
pscad,562,0.8,100.0,20.0,40.0,1,8.85824585746929,8.85824585746929,7.560967294161401,7.560967294161401
pscad,563,0.8,100.0,20.0,inf,1,10.178777879796845,10.178777879796845,7.590361997226055,7.590361997226055
pscad,564,0.8,100.0,30.0,20.0,1,6.353860238431805,6.353860238431805,7.738396327293729,7.738396327293729
pscad,565,0.8,100.0,30.0,30.0,1,8.794053022587761,8.794053022587761,7.503092481263436,7.503092481263436
pscad,566,0.8,100.0,30.0,40.0,1,7.6992202145137885,7.6992202145137885,7.492310136850051,7.492310136850051
pscad,567,0.8,100.0,30.0,inf,1,6.405236750011658,6.405236750011658,7.4721884702024965,7.4721884702024965
pscad,568,0.8,100.0,40.0,20.0,1,5.0322139436710245,5.0322139436710245,7.460202258568429,7.460202258568429
pscad,569,0.8,100.0,40.0,30.0,1,6.3156464857246775,6.3156464857246775,7.467092807172421,7.467092807172421
pscad,570,0.8,100.0,40.0,40.0,1,7.537414792040966,7.537414792040966,7.500517804849337,7.500517804849337
pscad,571,0.8,100.0,40.0,inf,1,7.560714205647591,7.560714205647591,7.508087838027478,7.508087838027478
pscad,572,0.8,100.0,inf,20.0,1,5.045737040273847,5.045737040273847,7.538457752215025,7.538457752215025
pscad,573,0.8,100.0,inf,30.0,1,8.828169576766825,8.828169576766825,7.555546866882694,7.555546866882694
pscad,574,0.8,100.0,inf,40.0,1,7.643846732041576,7.643846732041576,7.485334517707215,7.485334517707215
pscad,575,0.8,100.0,inf,inf,1,8.679624331083712,8.679624331083712,7.510117395173368,7.510117395173368
pscad,576,0.8,500.0,20.0,20.0,1,24.987499999999994,24.987499999999994,1.0386242761845437,1.0386242761845437
pscad,577,0.8,500.0,20.0,30.0,1,24.987499999999994,24.987499999999994,0.9973526754979503,0.9973526754979503
pscad,578,0.8,500.0,20.0,40.0,1,16.61197534845947,16.61197534845947,1.151198774375621,1.151198774375621
pscad,579,0.8,500.0,20.0,inf,1,4.881328528668599,4.881328528668599,0.8059557186844813,0.8059557186844813
pscad,580,0.8,500.0,30.0,20.0,1,24.192704583620053,24.192704583620053,1.23367656211301,1.23367656211301
pscad,581,0.8,500.0,30.0,30.0,1,1.274096045128306,1.274096045128306,1.0039668110559206,1.0039668110559206
pscad,582,0.8,500.0,30.0,40.0,1,2.5049451844999515,2.5049451844999515,0.9142962827157362,0.9142962827157362
pscad,583,0.8,500.0,30.0,inf,1,4.982932555403788,4.982932555403788,0.954676264123077,0.954676264123077
pscad,584,0.8,500.0,40.0,20.0,1,9.067294627936748,9.067294627936748,1.0791528587127117,1.0791528587127117
pscad,585,0.8,500.0,40.0,30.0,1,1.1110714217191786,1.1110714217191786,1.0157423687581513,1.0157423687581513
pscad,586,0.8,500.0,40.0,40.0,1,7.376469590835919,7.376469590835919,0.9805341723827723,0.9805341723827723
pscad,587,0.8,500.0,40.0,inf,1,3.671502053129008,3.671502053129008,0.9669778145013652,0.9669778145013652
pscad,588,0.8,500.0,inf,20.0,1,3.96719203827689,3.96719203827689,1.0761819038987255,1.0761819038987255
pscad,589,0.8,500.0,inf,30.0,1,8.687656378785906,8.687656378785906,0.998592577652255,0.998592577652255
pscad,590,0.8,500.0,inf,40.0,1,3.66780499255448,3.66780499255448,0.9598869250908706,0.9598869250908706
pscad,591,0.8,500.0,inf,inf,1,3.620656945590522,3.620656945590522,0.9616759132981656,0.9616759132981656
pscad,592,0.8,1000.0,20.0,20.0,1,99.98750000000001,99.98750000000001,11.132851019175803,11.132851019175803
pscad,593,0.8,1000.0,20.0,30.0,1,99.98750000000001,99.98750000000001,11.237118560222028,11.237118560222028
pscad,594,0.8,1000.0,20.0,40.0,1,24.987499999999994,24.987499999999994,11.116470578218264,11.116470578218264
pscad,595,0.8,1000.0,20.0,inf,1,99.98750000000001,99.98750000000001,11.041586340731884,11.041586340731884
pscad,596,0.8,1000.0,30.0,20.0,1,24.987499999999994,24.987499999999994,11.073504047407935,11.073504047407935
pscad,597,0.8,1000.0,30.0,30.0,1,99.98750000000001,99.98750000000001,11.017862067651448,11.017862067651448
pscad,598,0.8,1000.0,30.0,40.0,1,99.98750000000001,99.98750000000001,11.02615868418734,11.02615868418734
pscad,599,0.8,1000.0,30.0,inf,1,99.98750000000001,99.98750000000001,11.094073329015908,11.094073329015908
pscad,600,0.8,1000.0,40.0,20.0,1,24.987499999999994,24.987499999999994,11.03712431549169,11.03712431549169
pscad,601,0.8,1000.0,40.0,30.0,1,99.98750000000001,99.98750000000001,11.077157268735744,11.077157268735744
pscad,602,0.8,1000.0,40.0,40.0,1,99.98750000000001,99.98750000000001,11.061200690547548,11.061200690547548
pscad,603,0.8,1000.0,40.0,inf,1,99.98750000000001,99.98750000000001,11.05473252721938,11.05473252721938
pscad,604,0.8,1000.0,inf,20.0,1,99.98750000000001,99.98750000000001,11.11263022774491,11.11263022774491
pscad,605,0.8,1000.0,inf,30.0,1,24.987499999999994,24.987499999999994,11.070464736148278,11.070464736148278
pscad,606,0.8,1000.0,inf,40.0,1,99.98750000000001,99.98750000000001,11.099549849779077,11.099549849779077
pscad,607,0.8,1000.0,inf,inf,1,8.835885889484375,8.835885889484375,12.068183526152257,12.068183526152257
pscad,608,0.8,2000.0,20.0,20.0,1,35.610106215999494,35.610106215999494,0.8684314820267673,0.8684314820267673
pscad,609,0.8,2000.0,20.0,30.0,1,24.987499999999994,24.987499999999994,1.0703255189446963,1.0703255189446963
pscad,610,0.8,2000.0,20.0,40.0,1,45.95292927117967,45.95292927117967,0.8593946782651074,0.8593946782651074
pscad,611,0.8,2000.0,20.0,inf,1,24.946644528277258,24.946644528277258,0.9359891525310104,0.9359891525310104
pscad,612,0.8,2000.0,30.0,20.0,1,23.82957836817308,23.82957836817308,0.9781783711394155,0.9781783711394155
pscad,613,0.8,2000.0,30.0,30.0,1,24.987499999999994,24.987499999999994,1.0376262525969877,1.0376262525969877
pscad,614,0.8,2000.0,30.0,40.0,1,22.307231633651597,22.307231633651597,1.0169669138815265,1.0169669138815265
pscad,615,0.8,2000.0,30.0,inf,1,6.082490145092891,6.082490145092891,0.924841982239218,0.924841982239218
pscad,616,0.8,2000.0,40.0,20.0,1,16.626753633775525,16.626753633775525,1.1726858532898745,1.1726858532898745
pscad,617,0.8,2000.0,40.0,30.0,1,25.419762297275813,25.419762297275813,1.0569624373089823,1.0569624373089823
pscad,618,0.8,2000.0,40.0,40.0,1,1.130924422641552,1.130924422641552,0.9580664366752671,0.9580664366752671
pscad,619,0.8,2000.0,40.0,inf,1,2.3682495981838385,2.3682495981838385,0.9822706205853023,0.9822706205853023
pscad,620,0.8,2000.0,inf,20.0,1,15.022532386463809,15.022532386463809,0.7997780268142265,0.7997780268142265
pscad,621,0.8,2000.0,inf,30.0,1,9.553884626747111,9.553884626747111,0.9096061492595027,0.9096061492595027
pscad,622,0.8,2000.0,inf,40.0,1,4.678079849496363,4.678079849496363,0.968094213162874,0.968094213162874
pscad,623,0.8,2000.0,inf,inf,1,1.2558665536037683,1.2558665536037683,0.9636087721949821,0.9636087721949821
pscad,624,0.8,5000.0,20.0,20.0,1,99.98750000000001,99.98750000000001,4.417785460494415,4.417785460494415
pscad,625,0.8,5000.0,20.0,30.0,1,99.98750000000001,99.98750000000001,4.813124070946451,4.813124070946451
pscad,626,0.8,5000.0,20.0,40.0,1,99.98750000000001,99.98750000000001,4.79366689103188,4.79366689103188
pscad,627,0.8,5000.0,20.0,inf,1,99.98750000000001,99.98750000000001,5.0420190202095725,5.0420190202095725
pscad,628,0.8,5000.0,30.0,20.0,1,99.98750000000001,99.98750000000001,5.191317875449149,5.191317875449149
pscad,629,0.8,5000.0,30.0,30.0,1,99.98750000000001,99.98750000000001,4.699664832352028,4.699664832352028
pscad,630,0.8,5000.0,30.0,40.0,1,99.98750000000001,99.98750000000001,4.802841743789231,4.802841743789231
pscad,631,0.8,5000.0,30.0,inf,1,99.98750000000001,99.98750000000001,4.7947275812005685,4.7947275812005685
pscad,632,0.8,5000.0,40.0,20.0,1,99.98750000000001,99.98750000000001,4.751238317077878,4.751238317077878
pscad,633,0.8,5000.0,40.0,30.0,1,99.98750000000001,99.98750000000001,4.909960099740529,4.909960099740529
pscad,634,0.8,5000.0,40.0,40.0,1,99.98750000000001,99.98750000000001,4.894029895671247,4.894029895671247
pscad,635,0.8,5000.0,40.0,inf,1,99.98750000000001,99.98750000000001,4.877705585906515,4.877705585906515
pscad,636,0.8,5000.0,inf,20.0,1,99.98750000000001,99.98750000000001,4.653347929705469,4.653347929705469
pscad,637,0.8,5000.0,inf,30.0,1,99.98750000000001,99.98750000000001,4.863301736648209,4.863301736648209
pscad,638,0.8,5000.0,inf,40.0,1,99.98750000000001,99.98750000000001,4.878550936456049,4.878550936456049
pscad,639,0.8,5000.0,inf,inf,1,99.98750000000001,99.98750000000001,4.865425193869687,4.865425193869687
pscad,640,0.9,100.0,20.0,20.0,1,2.3616609277244467,2.3616609277244467,7.262681344634785,7.262681344634785
pscad,641,0.9,100.0,20.0,30.0,1,10.995016100212807,10.995016100212807,7.52789491888369,7.52789491888369
pscad,642,0.9,100.0,20.0,40.0,1,10.423052333474946,10.423052333474946,7.453637911523756,7.453637911523756
pscad,643,0.9,100.0,20.0,inf,1,3.5849319430640354,3.5849319430640354,7.4100077252552845,7.4100077252552845
pscad,644,0.9,100.0,30.0,20.0,1,5.793479097294761,5.793479097294761,7.655042148766029,7.655042148766029
pscad,645,0.9,100.0,30.0,30.0,1,7.94709639300897,7.94709639300897,7.467213029571767,7.467213029571767
pscad,646,0.9,100.0,30.0,40.0,1,6.930842670169918,6.930842670169918,7.407737917674268,7.407737917674268
pscad,647,0.9,100.0,30.0,inf,1,6.828106103695886,6.828106103695886,7.563546519964164,7.563546519964164
pscad,648,0.9,100.0,40.0,20.0,1,5.722488447284377,5.722488447284377,7.464883112316244,7.464883112316244
pscad,649,0.9,100.0,40.0,30.0,1,8.007376060101404,8.007376060101404,7.521938113297921,7.521938113297921
pscad,650,0.9,100.0,40.0,40.0,1,6.867595520525553,6.867595520525553,7.489433380838009,7.489433380838009
pscad,651,0.9,100.0,40.0,inf,1,6.847639437109445,6.847639437109445,7.49602818969521,7.49602818969521
pscad,652,0.9,100.0,inf,20.0,1,7.9707285265464805,7.9707285265464805,7.612926841861863,7.612926841861863
pscad,653,0.9,100.0,inf,30.0,1,7.998992783974028,7.998992783974028,7.49213951560388,7.49213951560388
pscad,654,0.9,100.0,inf,40.0,1,6.815393003598212,6.815393003598212,7.506429888715644,7.506429888715644
pscad,655,0.9,100.0,inf,inf,1,7.847495521077601,7.847495521077601,7.510604243568353,7.510604243568353
pscad,656,0.9,500.0,20.0,20.0,1,8.963170222192803,8.963170222192803,1.0051377304860012,1.0051377304860012
pscad,657,0.9,500.0,20.0,30.0,1,11.099999999999998,11.099999999999998,1.1102367339930879,1.1102367339930879
pscad,658,0.9,500.0,20.0,40.0,1,10.949821419632768,10.949821419632768,0.7763447781450736,0.7763447781450736
pscad,659,0.9,500.0,20.0,inf,1,4.543587070219907,4.543587070219907,0.8907188962462783,0.8907188962462783
pscad,660,0.9,500.0,30.0,20.0,1,6.732828379310909,6.732828379310909,1.0577517566962455,1.0577517566962455
pscad,661,0.9,500.0,30.0,30.0,1,4.539707667942563,4.539707667942563,0.9597582112842474,0.9597582112842474
pscad,662,0.9,500.0,30.0,40.0,1,2.2427494052883468,2.2427494052883468,0.9303672266163971,0.9303672266163971
pscad,663,0.9,500.0,30.0,inf,1,7.765614374646833,7.765614374646833,0.9490864845068131,0.9490864845068131
pscad,664,0.9,500.0,40.0,20.0,1,11.099999999999998,11.099999999999998,0.9504870950140457,0.9504870950140457
pscad,665,0.9,500.0,40.0,30.0,1,10.263592132139639,10.263592132139639,0.9677586687020948,0.9677586687020948
pscad,666,0.9,500.0,40.0,40.0,1,6.695501588334972,6.695501588334972,0.9651865952900494,0.9651865952900494
pscad,667,0.9,500.0,40.0,inf,1,4.419094525196399,4.419094525196399,0.9540232040708474,0.9540232040708474
pscad,668,0.9,500.0,inf,20.0,1,12.413446324372629,12.413446324372629,0.9340340123342343,0.9340340123342343
pscad,669,0.9,500.0,inf,30.0,1,4.482747508035949,4.482747508035949,1.0418229205472471,1.0418229205472471
pscad,670,0.9,500.0,inf,40.0,1,4.534450609592887,4.534450609592887,0.9669436187923225,0.9669436187923225
pscad,671,0.9,500.0,inf,inf,1,3.436250403230466,3.436250403230466,0.9631027297196055,0.9631027297196055
pscad,672,0.9,1000.0,20.0,20.0,1,8.892854339000026,8.892854339000026,12.419538115052593,12.419538115052593
pscad,673,0.9,1000.0,20.0,30.0,1,11.099999999999998,11.099999999999998,11.077898178008967,11.077898178008967
pscad,674,0.9,1000.0,20.0,40.0,1,99.9888888888889,99.9888888888889,11.095545547692963,11.095545547692963
pscad,675,0.9,1000.0,20.0,inf,1,11.099999999999998,11.099999999999998,10.943461615676016,10.943461615676016
pscad,676,0.9,1000.0,30.0,20.0,1,99.9888888888889,99.9888888888889,11.170439857931616,11.170439857931616
pscad,677,0.9,1000.0,30.0,30.0,1,99.9888888888889,99.9888888888889,11.115868997768814,11.115868997768814
pscad,678,0.9,1000.0,30.0,40.0,1,11.099999999999998,11.099999999999998,11.020412251222773,11.020412251222773
pscad,679,0.9,1000.0,30.0,inf,1,11.099999999999998,11.099999999999998,11.007899035560502,11.007899035560502
pscad,680,0.9,1000.0,40.0,20.0,1,99.9888888888889,99.9888888888889,11.165949042573539,11.165949042573539
pscad,681,0.9,1000.0,40.0,30.0,1,11.099999999999998,11.099999999999998,11.03607250329352,11.03607250329352
pscad,682,0.9,1000.0,40.0,40.0,1,99.9888888888889,99.9888888888889,11.09370044684897,11.09370044684897
pscad,683,0.9,1000.0,40.0,inf,1,99.9888888888889,99.9888888888889,11.0845752231363,11.0845752231363
pscad,684,0.9,1000.0,inf,20.0,1,11.099999999999998,11.099999999999998,11.11105769117371,11.11105769117371
pscad,685,0.9,1000.0,inf,30.0,1,11.099999999999998,11.099999999999998,11.010026941064382,11.010026941064382
pscad,686,0.9,1000.0,inf,40.0,1,11.099999999999998,11.099999999999998,11.02836587656385,11.02836587656385
pscad,687,0.9,1000.0,inf,inf,1,16.413319099343934,16.413319099343934,12.077295706939367,12.077295706939367
pscad,688,0.9,2000.0,20.0,20.0,1,11.099999999999998,11.099999999999998,0.5641863845246349,0.5641863845246349
pscad,689,0.9,2000.0,20.0,30.0,1,13.330487324536627,13.330487324536627,0.8554537394097792,0.8554537394097792
pscad,690,0.9,2000.0,20.0,40.0,1,6.563036146435436,6.563036146435436,0.6132943664527261,0.6132943664527261
pscad,691,0.9,2000.0,20.0,inf,1,46.14246515576119,46.14246515576119,0.9204512135013602,0.9204512135013602
pscad,692,0.9,2000.0,30.0,20.0,1,52.9943932425318,52.9943932425318,0.9100592580270245,0.9100592580270245
pscad,693,0.9,2000.0,30.0,30.0,1,11.099999999999998,11.099999999999998,1.159118191788582,1.159118191788582
pscad,694,0.9,2000.0,30.0,40.0,1,0.1615515014068548,0.1615515014068548,0.8568153059182692,0.8568153059182692
pscad,695,0.9,2000.0,30.0,inf,1,11.099999999999998,11.099999999999998,1.0795978068978684,1.0795978068978684
pscad,696,0.9,2000.0,40.0,20.0,1,19.792678113701925,19.792678113701925,0.7226014838546234,0.7226014838546234
pscad,697,0.9,2000.0,40.0,30.0,1,8.920776969485603,8.920776969485603,0.9371150019778838,0.9371150019778838
pscad,698,0.9,2000.0,40.0,40.0,1,5.8428120368451255,5.8428120368451255,0.966437310520007,0.966437310520007
pscad,699,0.9,2000.0,40.0,inf,1,2.61273529654793,2.61273529654793,0.9730087629166292,0.9730087629166292
pscad,700,0.9,2000.0,inf,20.0,1,11.099999999999998,11.099999999999998,0.9252800717493528,0.9252800717493528
pscad,701,0.9,2000.0,inf,30.0,1,0.3521670551495104,0.3521670551495104,0.9624911950204137,0.9624911950204137
pscad,702,0.9,2000.0,inf,40.0,1,0.3217068511938888,0.3217068511938888,0.9353328503852822,0.9353328503852822
pscad,703,0.9,2000.0,inf,inf,1,2.8502828029343243,2.8502828029343243,0.964092920695623,0.964092920695623
pscad,704,0.9,5000.0,20.0,20.0,1,99.9888888888889,99.9888888888889,4.08003889782116,4.08003889782116
pscad,705,0.9,5000.0,20.0,30.0,1,99.9888888888889,99.9888888888889,4.928730283993918,4.928730283993918
pscad,706,0.9,5000.0,20.0,40.0,1,99.9888888888889,99.9888888888889,4.419426663953073,4.419426663953073
pscad,707,0.9,5000.0,20.0,inf,1,99.9888888888889,99.9888888888889,4.398790926101883,4.398790926101883
pscad,708,0.9,5000.0,30.0,20.0,1,99.9888888888889,99.9888888888889,4.935897886273633,4.935897886273633
pscad,709,0.9,5000.0,30.0,30.0,1,99.9888888888889,99.9888888888889,4.955112885260351,4.955112885260351
pscad,710,0.9,5000.0,30.0,40.0,1,99.9888888888889,99.9888888888889,4.977681537241515,4.977681537241515
pscad,711,0.9,5000.0,30.0,inf,1,99.9888888888889,99.9888888888889,4.783624452757558,4.783624452757558
pscad,712,0.9,5000.0,40.0,20.0,1,11.099999999999998,11.099999999999998,5.023365343232435,5.023365343232435
pscad,713,0.9,5000.0,40.0,30.0,1,99.9888888888889,99.9888888888889,4.860642333500018,4.860642333500018
pscad,714,0.9,5000.0,40.0,40.0,1,99.9888888888889,99.9888888888889,4.874383900990451,4.874383900990451
pscad,715,0.9,5000.0,40.0,inf,1,99.9888888888889,99.9888888888889,4.894027775336071,4.894027775336071
pscad,716,0.9,5000.0,inf,20.0,1,99.9888888888889,99.9888888888889,4.524616788905769,4.524616788905769
pscad,717,0.9,5000.0,inf,30.0,1,99.9888888888889,99.9888888888889,4.827106588794104,4.827106588794104
pscad,718,0.9,5000.0,inf,40.0,1,99.9888888888889,99.9888888888889,4.8679178419337585,4.8679178419337585
pscad,719,0.9,5000.0,inf,inf,1,99.9888888888889,99.9888888888889,4.868118486794956,4.868118486794956
emtp,0,0.1,100.0,20.0,20.0,1,13.012539868377123,13.012539868377123,7.654985545915806,7.654985545915806
emtp,1,0.1,100.0,20.0,30.0,1,32.69871582647004,32.69871582647004,7.449647391370163,7.449647391370163
emtp,2,0.1,100.0,20.0,40.0,1,63.789142789361016,63.789142789361016,7.456161622992198,7.456161622992198
emtp,3,0.1,100.0,20.0,inf,1,42.90852969057917,42.90852969057917,7.516749365322382,7.516749365322382
emtp,4,0.1,100.0,30.0,20.0,1,72.9855627519671,72.9855627519671,7.31434932269424,7.31434932269424
emtp,5,0.1,100.0,30.0,30.0,1,63.23649826744085,63.23649826744085,7.466287242388887,7.466287242388887
emtp,6,0.1,100.0,30.0,40.0,1,53.12186539434934,53.12186539434934,7.543217054490115,7.543217054490115
emtp,7,0.1,100.0,30.0,inf,1,42.52038115967988,42.52038115967988,7.4928226779026526,7.4928226779026526
emtp,8,0.1,100.0,40.0,20.0,1,53.03794844433048,53.03794844433048,7.4367725470473545,7.4367725470473545
emtp,9,0.1,100.0,40.0,30.0,1,43.83369238806428,43.83369238806428,7.459118496938288,7.459118496938288
emtp,10,0.1,100.0,40.0,40.0,1,43.894406224193936,43.894406224193936,7.498842261115512,7.498842261115512
emtp,11,0.1,100.0,40.0,inf,1,42.94390280804341,42.94390280804341,7.515839673847224,7.515839673847224
emtp,12,0.1,100.0,inf,20.0,1,33.37263178691887,33.37263178691887,7.538447288886389,7.538447288886389
emtp,13,0.1,100.0,inf,30.0,1,43.298159132491854,43.298159132491854,7.49283182365005,7.49283182365005
emtp,14,0.1,100.0,inf,40.0,1,43.85767378463015,43.85767378463015,7.496314604892134,7.496314604892134
emtp,15,0.1,100.0,inf,inf,1,52.33305058792864,52.33305058792864,7.502024982702792,7.502024982702792
emtp,16,0.1,500.0,20.0,20.0,1,143.0270212159993,143.0270212159993,0.9820527614434127,0.9820527614434127
emtp,17,0.1,500.0,20.0,30.0,1,39.7356776944152,39.7356776944152,0.7727819940695326,0.7727819940695326
emtp,18,0.1,500.0,20.0,40.0,1,99.70470325366173,99.70470325366173,1.0203619859987385,1.0203619859987385
emtp,19,0.1,500.0,20.0,inf,1,0.7095451546054038,0.7095451546054038,0.9479661247715626,0.9479661247715626
emtp,20,0.1,500.0,30.0,20.0,1,99.89999999999999,99.89999999999999,0.8549578311893811,0.8549578311893811
emtp,21,0.1,500.0,30.0,30.0,1,19.162183357512088,19.162183357512088,0.9321057483597542,0.9321057483597542
emtp,22,0.1,500.0,30.0,40.0,1,71.55052584633148,71.55052584633148,0.9897658642668375,0.9897658642668375
emtp,23,0.1,500.0,30.0,inf,1,41.62048413833272,41.62048413833272,0.9659086952970825,0.9659086952970825
emtp,24,0.1,500.0,40.0,20.0,1,10.545218077570652,10.545218077570652,0.9157458777706211,0.9157458777706211
emtp,25,0.1,500.0,40.0,30.0,1,92.4972547667646,92.4972547667646,0.9990051962375446,0.9990051962375446
emtp,26,0.1,500.0,40.0,40.0,1,21.203966305458398,21.203966305458398,0.9411390308182035,0.9411390308182035
emtp,27,0.1,500.0,40.0,inf,1,9.540627545081032,9.540627545081032,0.9790017855382871,0.9790017855382871
emtp,28,0.1,500.0,inf,20.0,1,39.210701900204626,39.210701900204626,1.0878276187821143,1.0878276187821143
emtp,29,0.1,500.0,inf,30.0,1,41.66827457644325,41.66827457644325,0.9577314667264772,0.9577314667264772
emtp,30,0.1,500.0,inf,40.0,1,18.900517570292916,18.900517570292916,0.9714613159505803,0.9714613159505803
emtp,31,0.1,500.0,inf,inf,1,9.57175820290136,9.57175820290136,0.9571198303556117,0.9571198303556117
emtp,32,0.1,1000.0,20.0,20.0,1,99.89999999999999,99.89999999999999,11.042997646900597,11.042997646900597
emtp,33,0.1,1000.0,20.0,30.0,1,99.89999999999999,99.89999999999999,11.021366817215108,11.021366817215108
emtp,34,0.1,1000.0,20.0,40.0,1,99.89999999999999,99.89999999999999,11.025931846354867,11.025931846354867
emtp,35,0.1,1000.0,20.0,inf,1,99.89999999999999,99.89999999999999,11.197510278425137,11.197510278425137
emtp,36,0.1,1000.0,30.0,20.0,1,99.89999999999999,99.89999999999999,11.190854093591577,11.190854093591577
emtp,37,0.1,1000.0,30.0,30.0,1,374.37530677350554,374.37530677350554,12.305540034655928,12.305540034655928
emtp,38,0.1,1000.0,30.0,40.0,1,99.89999999999999,99.89999999999999,11.082960518407491,11.082960518407491
emtp,39,0.1,1000.0,30.0,inf,1,99.89999999999999,99.89999999999999,11.006499582085427,11.006499582085427
emtp,40,0.1,1000.0,40.0,20.0,1,99.89999999999999,99.89999999999999,10.956082382952435,10.956082382952435
emtp,41,0.1,1000.0,40.0,30.0,1,99.89999999999999,99.89999999999999,11.063810753443784,11.063810753443784
emtp,42,0.1,1000.0,40.0,40.0,1,99.89999999999999,99.89999999999999,11.066820383163554,11.066820383163554
emtp,43,0.1,1000.0,40.0,inf,1,99.89999999999999,99.89999999999999,11.05434060010648,11.05434060010648
emtp,44,0.1,1000.0,inf,20.0,1,99.89999999999999,99.89999999999999,10.987699097955419,10.987699097955419
emtp,45,0.1,1000.0,inf,30.0,1,99.89999999999999,99.89999999999999,11.07722452599379,11.07722452599379
emtp,46,0.1,1000.0,inf,40.0,1,99.89999999999999,99.89999999999999,11.040608539599566,11.040608539599566
emtp,47,0.1,1000.0,inf,inf,1,438.9600787187198,438.9600787187198,12.139149347335318,12.139149347335318
emtp,48,0.1,2000.0,20.0,20.0,1,618.4900449210439,618.4900449210439,0.7683401641994806,0.7683401641994806
emtp,49,0.1,2000.0,20.0,30.0,1,99.89999999999999,99.89999999999999,0.9682656956680716,0.9682656956680716
emtp,50,0.1,2000.0,20.0,40.0,1,99.89999999999999,99.89999999999999,0.8634451499059083,0.8634451499059083
emtp,51,0.1,2000.0,20.0,inf,1,485.80493292838014,485.80493292838014,1.2275805763733616,1.2275805763733616
emtp,52,0.1,2000.0,30.0,20.0,1,445.2915438641317,445.2915438641317,0.9941445312293353,0.9941445312293353
emtp,53,0.1,2000.0,30.0,30.0,1,392.86571840890315,392.86571840890315,0.9483361365135125,0.9483361365135125
emtp,54,0.1,2000.0,30.0,40.0,1,302.61525028256926,302.61525028256926,1.0450397666009281,1.0450397666009281
emtp,55,0.1,2000.0,30.0,inf,1,263.9212025515998,263.9212025515998,1.0253824276373735,1.0253824276373735
emtp,56,0.1,2000.0,40.0,20.0,1,50.0385522625497,50.0385522625497,1.0249366207343655,1.0249366207343655
emtp,57,0.1,2000.0,40.0,30.0,1,171.7258794272653,171.7258794272653,1.0627787378072184,1.0627787378072184
emtp,58,0.1,2000.0,40.0,40.0,1,231.30487833577394,231.30487833577394,1.0129398937267524,1.0129398937267524
emtp,59,0.1,2000.0,40.0,inf,1,262.0364604898452,262.0364604898452,1.0234208504746563,1.0234208504746563
emtp,60,0.1,2000.0,inf,20.0,1,99.89999999999999,99.89999999999999,1.0104049601282554,1.0104049601282554
emtp,61,0.1,2000.0,inf,30.0,1,272.4470701031815,272.4470701031815,1.0395983041558678,1.0395983041558678
emtp,62,0.1,2000.0,inf,40.0,1,301.8977056153892,301.8977056153892,1.00438017638337,1.00438017638337
emtp,63,0.1,2000.0,inf,inf,1,242.49718368341252,242.49718368341252,1.0219034099969235,1.0219034099969235
emtp,64,0.1,5000.0,20.0,20.0,1,99.89999999999999,99.89999999999999,4.888768845307604,4.888768845307604
emtp,65,0.1,5000.0,20.0,30.0,1,99.89999999999999,99.89999999999999,4.7249842581980195,4.7249842581980195
emtp,66,0.1,5000.0,20.0,40.0,1,99.89999999999999,99.89999999999999,4.932066797742809,4.932066797742809
emtp,67,0.1,5000.0,20.0,inf,1,99.89999999999999,99.89999999999999,4.2512855234361995,4.2512855234361995
emtp,68,0.1,5000.0,30.0,20.0,1,99.89999999999999,99.89999999999999,4.672467302609038,4.672467302609038
emtp,69,0.1,5000.0,30.0,30.0,1,99.89999999999999,99.89999999999999,4.726917848439898,4.726917848439898
emtp,70,0.1,5000.0,30.0,40.0,1,99.89999999999999,99.89999999999999,4.790469077720299,4.790469077720299
emtp,71,0.1,5000.0,30.0,inf,1,99.89999999999999,99.89999999999999,4.742379791488438,4.742379791488438
emtp,72,0.1,5000.0,40.0,20.0,1,99.89999999999999,99.89999999999999,4.964805069217473,4.964805069217473
emtp,73,0.1,5000.0,40.0,30.0,1,99.89999999999999,99.89999999999999,4.556116359539337,4.556116359539337
emtp,74,0.1,5000.0,40.0,40.0,1,99.89999999999999,99.89999999999999,4.745898856478688,4.745898856478688
emtp,75,0.1,5000.0,40.0,inf,1,99.89999999999999,99.89999999999999,4.723331482106205,4.723331482106205
emtp,76,0.1,5000.0,inf,20.0,1,99.89999999999999,99.89999999999999,4.983195368051238,4.983195368051238
emtp,77,0.1,5000.0,inf,30.0,1,99.89999999999999,99.89999999999999,4.774385412188257,4.774385412188257
emtp,78,0.1,5000.0,inf,40.0,1,99.89999999999999,99.89999999999999,4.705705547021771,4.705705547021771
emtp,79,0.1,5000.0,inf,inf,1,99.89999999999999,99.89999999999999,4.748002741197197,4.748002741197197
emtp,80,0.2,100.0,20.0,20.0,1,32.5599774593969,32.5599774593969,7.640256247559108,7.640256247559108
emtp,81,0.2,100.0,20.0,30.0,1,42.488712626014525,42.488712626014525,7.591717277352217,7.591717277352217
emtp,82,0.2,100.0,20.0,40.0,1,32.12200022411454,32.12200022411454,7.492821754726024,7.492821754726024
emtp,83,0.2,100.0,20.0,inf,1,17.271696011917093,17.271696011917093,7.3821242776255644,7.3821242776255644
emtp,84,0.2,100.0,30.0,20.0,1,21.820551746279293,21.820551746279293,7.554088139426,7.554088139426
emtp,85,0.2,100.0,30.0,30.0,1,27.04732483809194,27.04732483809194,7.560917170841435,7.560917170841435
emtp,86,0.2,100.0,30.0,40.0,1,21.884406211925135,21.884406211925135,7.495122698893581,7.495122698893581
emtp,87,0.2,100.0,30.0,inf,1,32.134837635303306,32.134837635303306,7.456014346612733,7.456014346612733
emtp,88,0.2,100.0,40.0,20.0,1,22.05406009588959,22.05406009588959,7.413785515042448,7.413785515042448
emtp,89,0.2,100.0,40.0,30.0,1,22.137781644087166,22.137781644087166,7.493464627944633,7.493464627944633
emtp,90,0.2,100.0,40.0,40.0,1,27.037292303724644,27.037292303724644,7.492660983812287,7.492660983812287
emtp,91,0.2,100.0,40.0,inf,1,22.234279451669074,22.234279451669074,7.5058060673280105,7.5058060673280105
emtp,92,0.2,100.0,inf,20.0,1,12.292740546037795,12.292740546037795,7.487013481404091,7.487013481404091
emtp,93,0.2,100.0,inf,30.0,1,22.340377259539803,22.340377259539803,7.5234126621787425,7.5234126621787425
emtp,94,0.2,100.0,inf,40.0,1,22.511114216837615,22.511114216837615,7.489828815612655,7.489828815612655
emtp,95,0.2,100.0,inf,inf,1,26.79017824926308,26.79017824926308,7.502237738078122,7.502237738078122
emtp,96,0.2,500.0,20.0,20.0,1,5.462115463721995,5.462115463721995,0.6565433921836984,0.6565433921836984
emtp,97,0.2,500.0,20.0,30.0,1,10.747289433787776,10.747289433787776,1.0434673968079096,1.0434673968079096
emtp,98,0.2,500.0,20.0,40.0,1,9.602338157916389,9.602338157916389,1.0267568848502038,1.0267568848502038
emtp,99,0.2,500.0,20.0,inf,1,8.891161270036058,8.891161270036058,1.0652339059546194,1.0652339059546194
emtp,100,0.2,500.0,30.0,20.0,1,56.69023941626963,56.69023941626963,0.927857267946058,0.927857267946058
emtp,101,0.2,500.0,30.0,30.0,1,21.181753355443835,21.181753355443835,0.9438198397804968,0.9438198397804968
emtp,102,0.2,500.0,30.0,40.0,1,4.122499146181083,4.122499146181083,0.9546730797999203,0.9546730797999203
emtp,103,0.2,500.0,30.0,inf,1,4.089709523229554,4.089709523229554,0.8973336121956322,0.8973336121956322
emtp,104,0.2,500.0,40.0,20.0,1,4.020923270943999,4.020923270943999,1.0071783513782635,1.0071783513782635
emtp,105,0.2,500.0,40.0,30.0,1,29.460498208302877,29.460498208302877,1.0406232656033012,1.0406232656033012
emtp,106,0.2,500.0,40.0,40.0,1,13.996613985265943,13.996613985265943,0.9877089133880759,0.9877089133880759
emtp,107,0.2,500.0,40.0,inf,1,5.90157233731091,5.90157233731091,0.9714687527886327,0.9714687527886327
emtp,108,0.2,500.0,inf,20.0,1,54.49420199040709,54.49420199040709,0.9645620130294106,0.9645620130294106
emtp,109,0.2,500.0,inf,30.0,1,25.85518424850602,25.85518424850602,0.9418804807393031,0.9418804807393031
emtp,110,0.2,500.0,inf,40.0,1,1.119174442858889,1.119174442858889,0.9670733650410739,0.9670733650410739
emtp,111,0.2,500.0,inf,inf,1,3.881812573215709,3.881812573215709,0.956696631503462,0.956696631503462
emtp,112,0.2,1000.0,20.0,20.0,1,99.95,99.95,10.987245026567246,10.987245026567246
emtp,113,0.2,1000.0,20.0,30.0,1,141.8808727351434,141.8808727351434,12.447894550106412,12.447894550106412
emtp,114,0.2,1000.0,20.0,40.0,1,99.95,99.95,11.046179217217853,11.046179217217853
emtp,115,0.2,1000.0,20.0,inf,1,142.83911599062944,142.83911599062944,12.38108781932426,12.38108781932426
emtp,116,0.2,1000.0,30.0,20.0,1,99.95,99.95,11.089639171827036,11.089639171827036
emtp,117,0.2,1000.0,30.0,30.0,1,99.95,99.95,11.023951219757327,11.023951219757327
emtp,118,0.2,1000.0,30.0,40.0,1,99.95,99.95,11.012252611729366,11.012252611729366
emtp,119,0.2,1000.0,30.0,inf,1,99.95,99.95,11.107959492702902,11.107959492702902
emtp,120,0.2,1000.0,40.0,20.0,1,127.33739414127065,127.33739414127065,12.451863779081737,12.451863779081737
emtp,121,0.2,1000.0,40.0,30.0,1,99.95,99.95,11.074329681671907,11.074329681671907
emtp,122,0.2,1000.0,40.0,40.0,1,99.95,99.95,11.052650733126189,11.052650733126189
emtp,123,0.2,1000.0,40.0,inf,1,99.95,99.95,11.034917998947877,11.034917998947877
emtp,124,0.2,1000.0,inf,20.0,1,99.95,99.95,11.172832568384386,11.172832568384386
emtp,125,0.2,1000.0,inf,30.0,1,99.95,99.95,11.064460633038095,11.064460633038095
emtp,126,0.2,1000.0,inf,40.0,1,99.95,99.95,11.058197706027057,11.058197706027057
emtp,127,0.2,1000.0,inf,inf,1,182.47923693283235,182.47923693283235,12.114449413584817,12.114449413584817
emtp,128,0.2,2000.0,20.0,20.0,1,2.376988821801526,2.376988821801526,0.7633578380073232,0.7633578380073232
emtp,129,0.2,2000.0,20.0,30.0,1,222.74000332431328,222.74000332431328,0.9004647119922197,0.9004647119922197
emtp,130,0.2,2000.0,20.0,40.0,1,249.18286889899164,249.18286889899164,0.7600950356223735,0.7600950356223735
emtp,131,0.2,2000.0,20.0,inf,1,135.5167051092283,135.5167051092283,0.7312674295291345,0.7312674295291345
emtp,132,0.2,2000.0,30.0,20.0,1,12.023149863316497,12.023149863316497,0.7576575025628017,0.7576575025628017
emtp,133,0.2,2000.0,30.0,30.0,1,168.29199534380385,168.29199534380385,1.1017695137621673,1.1017695137621673
emtp,134,0.2,2000.0,30.0,40.0,1,172.89548316275832,172.89548316275832,1.0038525375161953,1.0038525375161953
emtp,135,0.2,2000.0,30.0,inf,1,50.18119376333649,50.18119376333649,0.9867534236274423,0.9867534236274423
emtp,136,0.2,2000.0,40.0,20.0,1,70.70968540231905,70.70968540231905,1.0077844104171618,1.0077844104171618
emtp,137,0.2,2000.0,40.0,30.0,1,120.77406256752809,120.77406256752809,0.9073522388948163,0.9073522388948163
emtp,138,0.2,2000.0,40.0,40.0,1,101.92878809653708,101.92878809653708,1.0036001722998322,1.0036001722998322
emtp,139,0.2,2000.0,40.0,inf,1,116.76151778482813,116.76151778482813,1.025820572031705,1.025820572031705
emtp,140,0.2,2000.0,inf,20.0,1,9.695940806376965,9.695940806376965,1.0403512072297076,1.0403512072297076
emtp,141,0.2,2000.0,inf,30.0,1,233.7406766459525,233.7406766459525,1.0488365908740434,1.0488365908740434
emtp,142,0.2,2000.0,inf,40.0,1,126.72531172730405,126.72531172730405,0.9908175341918763,0.9908175341918763
emtp,143,0.2,2000.0,inf,inf,1,112.08885166205009,112.08885166205009,1.0093501894822565,1.0093501894822565
emtp,144,0.2,5000.0,20.0,20.0,1,99.95,99.95,5.202928661799706,5.202928661799706
emtp,145,0.2,5000.0,20.0,30.0,1,99.95,99.95,4.9017271035876,4.9017271035876
emtp,146,0.2,5000.0,20.0,40.0,1,99.95,99.95,4.378304341162274,4.378304341162274
emtp,147,0.2,5000.0,20.0,inf,1,99.95,99.95,4.8329859606487116,4.8329859606487116
emtp,148,0.2,5000.0,30.0,20.0,1,99.95,99.95,4.83133223023995,4.83133223023995
emtp,149,0.2,5000.0,30.0,30.0,1,99.95,99.95,4.67030150477065,4.67030150477065
emtp,150,0.2,5000.0,30.0,40.0,1,99.95,99.95,4.632138360942935,4.632138360942935
emtp,151,0.2,5000.0,30.0,inf,1,99.95,99.95,4.814729222722744,4.814729222722744
emtp,152,0.2,5000.0,40.0,20.0,1,99.95,99.95,4.899106885615911,4.899106885615911
emtp,153,0.2,5000.0,40.0,30.0,1,99.95,99.95,4.83764439364184,4.83764439364184
emtp,154,0.2,5000.0,40.0,40.0,1,99.95,99.95,4.7892980882058875,4.7892980882058875
emtp,155,0.2,5000.0,40.0,inf,1,99.95,99.95,4.81079364086565,4.81079364086565
emtp,156,0.2,5000.0,inf,20.0,1,99.95,99.95,4.445400464012237,4.445400464012237
emtp,157,0.2,5000.0,inf,30.0,1,99.95,99.95,4.723046194469898,4.723046194469898
emtp,158,0.2,5000.0,inf,40.0,1,99.95,99.95,4.762620865671251,4.762620865671251
emtp,159,0.2,5000.0,inf,inf,1,99.95,99.95,4.775350139338498,4.775350139338498
emtp,160,0.3,100.0,20.0,20.0,1,31.84334289998297,31.84334289998297,7.663060114860387,7.663060114860387
emtp,161,0.3,100.0,20.0,30.0,1,21.876131022646444,21.876131022646444,7.631649189078388,7.631649189078388
emtp,162,0.3,100.0,20.0,40.0,1,18.550604959136574,18.550604959136574,7.439185665424191,7.439185665424191
emtp,163,0.3,100.0,20.0,inf,1,25.32933901323385,25.32933901323385,7.517238376789307,7.517238376789307
emtp,164,0.3,100.0,30.0,20.0,1,15.012748372788915,15.012748372788915,7.356306742791744,7.356306742791744
emtp,165,0.3,100.0,30.0,30.0,1,8.640709191472807,8.640709191472807,7.420473168935814,7.420473168935814
emtp,166,0.3,100.0,30.0,40.0,1,18.534978864747366,18.534978864747366,7.4970519836870855,7.4970519836870855
emtp,167,0.3,100.0,30.0,inf,1,18.677586616787774,18.677586616787774,7.450687631863616,7.450687631863616
emtp,168,0.3,100.0,40.0,20.0,1,21.95738554350065,21.95738554350065,7.39319266713423,7.39319266713423
emtp,169,0.3,100.0,40.0,30.0,1,18.659705271142727,18.659705271142727,7.528079726271102,7.528079726271102
emtp,170,0.3,100.0,40.0,40.0,1,18.366277004098635,18.366277004098635,7.514343524840342,7.514343524840342
emtp,171,0.3,100.0,40.0,inf,1,15.325056052015194,15.325056052015194,7.507264946286455,7.507264946286455
emtp,172,0.3,100.0,inf,20.0,1,15.15348759059972,15.15348759059972,7.465514395367421,7.465514395367421
emtp,173,0.3,100.0,inf,30.0,1,11.852315597021175,11.852315597021175,7.476825674860479,7.476825674860479
emtp,174,0.3,100.0,inf,40.0,1,15.193560893777546,15.193560893777546,7.510566058576772,7.510566058576772
emtp,175,0.3,100.0,inf,inf,1,18.273597229822673,18.273597229822673,7.5023850729367325,7.5023850729367325
emtp,176,0.3,500.0,20.0,20.0,1,51.88029838908507,51.88029838908507,0.9282065587184093,0.9282065587184093
emtp,177,0.3,500.0,20.0,30.0,1,31.12497095280638,31.12497095280638,1.0815120910546057,1.0815120910546057
emtp,178,0.3,500.0,20.0,40.0,1,48.153530146201945,48.153530146201945,1.2043308048055679,1.2043308048055679
emtp,179,0.3,500.0,20.0,inf,1,18.204468404860155,18.204468404860155,0.9650664183009325,0.9650664183009325
emtp,180,0.3,500.0,30.0,20.0,1,1.0919448495440576,1.0919448495440576,0.9089509706343847,0.9089509706343847
emtp,181,0.3,500.0,30.0,30.0,1,28.276120308030862,28.276120308030862,1.0032762454803787,1.0032762454803787
emtp,182,0.3,500.0,30.0,40.0,1,21.518162211583945,21.518162211583945,1.0002581847520673,1.0002581847520673
emtp,183,0.3,500.0,30.0,inf,1,9.027551890223677,9.027551890223677,0.905342423134266,0.905342423134266
emtp,184,0.3,500.0,40.0,20.0,1,32.58639127549378,32.58639127549378,1.0532180274916527,1.0532180274916527
emtp,185,0.3,500.0,40.0,30.0,1,9.366457998248071,9.366457998248071,0.9548522070671993,0.9548522070671993
emtp,186,0.3,500.0,40.0,40.0,1,8.985010401719359,8.985010401719359,0.9475418916373428,0.9475418916373428
emtp,187,0.3,500.0,40.0,inf,1,1.2680491004419445,1.2680491004419445,0.9459269483409003,0.9459269483409003
emtp,188,0.3,500.0,inf,20.0,1,15.816332084899893,15.816332084899893,1.054665781624942,1.054665781624942
emtp,189,0.3,500.0,inf,30.0,1,5.914424421836577,5.914424421836577,0.9802218547807797,0.9802218547807797
emtp,190,0.3,500.0,inf,40.0,1,7.938767564124742,7.938767564124742,0.9646466920083299,0.9646466920083299
emtp,191,0.3,500.0,inf,inf,1,0.8278747370119393,0.8278747370119393,0.9563245765352917,0.9563245765352917
emtp,192,0.3,1000.0,20.0,20.0,1,99.96666666666667,99.96666666666667,11.240064225102367,11.240064225102367
emtp,193,0.3,1000.0,20.0,30.0,1,99.96666666666667,99.96666666666667,11.125833778729476,11.125833778729476
emtp,194,0.3,1000.0,20.0,40.0,1,99.96666666666667,99.96666666666667,11.093445708477486,11.093445708477486
emtp,195,0.3,1000.0,20.0,inf,1,99.96666666666667,99.96666666666667,11.007211657813594,11.007211657813594
emtp,196,0.3,1000.0,30.0,20.0,1,99.96666666666667,99.96666666666667,11.092669325614736,11.092669325614736
emtp,197,0.3,1000.0,30.0,30.0,1,99.96666666666667,99.96666666666667,11.0558706950471,11.0558706950471
emtp,198,0.3,1000.0,30.0,40.0,1,99.96666666666667,99.96666666666667,11.062518300827332,11.062518300827332
emtp,199,0.3,1000.0,30.0,inf,1,99.96666666666667,99.96666666666667,11.052496933158716,11.052496933158716
emtp,200,0.3,1000.0,40.0,20.0,1,99.96666666666667,99.96666666666667,10.947663054248197,10.947663054248197
emtp,201,0.3,1000.0,40.0,30.0,1,99.96666666666667,99.96666666666667,11.0482865306372,11.0482865306372
emtp,202,0.3,1000.0,40.0,40.0,1,99.96666666666667,99.96666666666667,11.054369101064982,11.054369101064982
emtp,203,0.3,1000.0,40.0,inf,1,99.96666666666667,99.96666666666667,11.064148625119753,11.064148625119753
emtp,204,0.3,1000.0,inf,20.0,1,99.96666666666667,99.96666666666667,11.182923434504902,11.182923434504902
emtp,205,0.3,1000.0,inf,30.0,1,99.96666666666667,99.96666666666667,11.081496319246595,11.081496319246595
emtp,206,0.3,1000.0,inf,40.0,1,99.96666666666667,99.96666666666667,11.076676813403788,11.076676813403788
emtp,207,0.3,1000.0,inf,inf,1,98.09447431183648,98.09447431183648,12.09492586674728,12.09492586674728
emtp,208,0.3,2000.0,20.0,20.0,1,99.96666666666667,99.96666666666667,1.036765876774598,1.036765876774598
emtp,209,0.3,2000.0,20.0,30.0,1,59.31180894627063,59.31180894627063,1.1240616301253907,1.1240616301253907
emtp,210,0.3,2000.0,20.0,40.0,1,17.36456571622913,17.36456571622913,1.0341522325244341,1.0341522325244341
emtp,211,0.3,2000.0,20.0,inf,1,116.06398721752745,116.06398721752745,1.142790294838767,1.142790294838767
emtp,212,0.3,2000.0,30.0,20.0,1,3.874615812141639,3.874615812141639,1.2064618132389,1.2064618132389
emtp,213,0.3,2000.0,30.0,30.0,1,95.10623238179407,95.10623238179407,0.9580290048567918,0.9580290048567918
emtp,214,0.3,2000.0,30.0,40.0,1,13.850337071633321,13.850337071633321,1.008137775075022,1.008137775075022
emtp,215,0.3,2000.0,30.0,inf,1,37.58878196750095,37.58878196750095,1.0309923515277206,1.0309923515277206
emtp,216,0.3,2000.0,40.0,20.0,1,125.67069891296839,125.67069891296839,0.9636546861698434,0.9636546861698434
emtp,217,0.3,2000.0,40.0,30.0,1,34.6345652579842,34.6345652579842,1.0468379686440812,1.0468379686440812
emtp,218,0.3,2000.0,40.0,40.0,1,78.2427439902196,78.2427439902196,0.9943407993644314,0.9943407993644314
emtp,219,0.3,2000.0,40.0,inf,1,88.4533040922924,88.4533040922924,0.9763749485548147,0.9763749485548147
emtp,220,0.3,2000.0,inf,20.0,1,88.47546013808041,88.47546013808041,0.9470854060144802,0.9470854060144802
emtp,221,0.3,2000.0,inf,30.0,1,81.6175965737938,81.6175965737938,0.962802742454312,0.962802742454312
emtp,222,0.3,2000.0,inf,40.0,1,61.54611501619325,61.54611501619325,0.9694532480969315,0.9694532480969315
emtp,223,0.3,2000.0,inf,inf,1,68.13058312303752,68.13058312303752,0.9980422083916096,0.9980422083916096
emtp,224,0.3,5000.0,20.0,20.0,1,99.96666666666667,99.96666666666667,4.70473728202116,4.70473728202116
emtp,225,0.3,5000.0,20.0,30.0,1,99.96666666666667,99.96666666666667,4.653615684814468,4.653615684814468
emtp,226,0.3,5000.0,20.0,40.0,1,99.96666666666667,99.96666666666667,4.65022048032677,4.65022048032677
emtp,227,0.3,5000.0,20.0,inf,1,99.96666666666667,99.96666666666667,4.724191364818089,4.724191364818089
emtp,228,0.3,5000.0,30.0,20.0,1,99.96666666666667,99.96666666666667,4.749167267589273,4.749167267589273
emtp,229,0.3,5000.0,30.0,30.0,1,99.96666666666667,99.96666666666667,4.769127818704546,4.769127818704546
emtp,230,0.3,5000.0,30.0,40.0,1,99.96666666666667,99.96666666666667,4.7793673823155585,4.7793673823155585
emtp,231,0.3,5000.0,30.0,inf,1,99.96666666666667,99.96666666666667,4.903464037090089,4.903464037090089
emtp,232,0.3,5000.0,40.0,20.0,1,99.96666666666667,99.96666666666667,4.518181854181985,4.518181854181985
emtp,233,0.3,5000.0,40.0,30.0,1,99.96666666666667,99.96666666666667,4.839340215241464,4.839340215241464
emtp,234,0.3,5000.0,40.0,40.0,1,99.96666666666667,99.96666666666667,4.760234632871834,4.760234632871834
emtp,235,0.3,5000.0,40.0,inf,1,99.96666666666667,99.96666666666667,4.818272540531743,4.818272540531743
emtp,236,0.3,5000.0,inf,20.0,1,99.96666666666667,99.96666666666667,4.96266552846193,4.96266552846193
emtp,237,0.3,5000.0,inf,30.0,1,99.96666666666667,99.96666666666667,4.906411464500543,4.906411464500543
emtp,238,0.3,5000.0,inf,40.0,1,99.96666666666667,99.96666666666667,4.755480589694307,4.755480589694307
emtp,239,0.3,5000.0,inf,inf,1,99.96666666666667,99.96666666666667,4.79917179639986,4.79917179639986
emtp,240,0.4,100.0,20.0,20.0,1,1.5818531447511497,1.5818531447511497,7.438681318309591,7.438681318309591
emtp,241,0.4,100.0,20.0,30.0,1,6.41713187162092,6.41713187162092,7.602701443611352,7.602701443611352
emtp,242,0.4,100.0,20.0,40.0,1,14.059768467021962,14.059768467021962,7.614556887002279,7.614556887002279
emtp,243,0.4,100.0,20.0,inf,1,16.785516481688244,16.785516481688244,7.591706922147339,7.591706922147339
emtp,244,0.4,100.0,30.0,20.0,1,21.778534059141734,21.778534059141734,7.4536539386135265,7.4536539386135265
emtp,245,0.4,100.0,30.0,30.0,1,13.993890516367541,13.993890516367541,7.399772473733392,7.399772473733392
emtp,246,0.4,100.0,30.0,40.0,1,16.523337571213183,16.523337571213183,7.490640707301181,7.490640707301181
emtp,247,0.4,100.0,30.0,inf,1,14.047330200568739,14.047330200568739,7.514597282087749,7.514597282087749
emtp,248,0.4,100.0,40.0,20.0,1,11.50216233008866,11.50216233008866,7.6000285348444985,7.6000285348444985
emtp,249,0.4,100.0,40.0,30.0,1,11.73233657985595,11.73233657985595,7.483549503039171,7.483549503039171
emtp,250,0.4,100.0,40.0,40.0,1,14.099021283873427,14.099021283873427,7.505138188790782,7.505138188790782
emtp,251,0.4,100.0,40.0,inf,1,14.049999958185442,14.049999958185442,7.495003611938658,7.495003611938658
emtp,252,0.4,100.0,inf,20.0,1,14.004342868694742,14.004342868694742,7.7610761294881305,7.7610761294881305
emtp,253,0.4,100.0,inf,30.0,1,14.1880359714754,14.1880359714754,7.547216689108922,7.547216689108922
emtp,254,0.4,100.0,inf,40.0,1,11.788870601665847,11.788870601665847,7.494522717463553,7.494522717463553
emtp,255,0.4,100.0,inf,inf,1,16.15002646278829,16.15002646278829,7.508870489471548,7.508870489471548
emtp,256,0.4,500.0,20.0,20.0,1,43.94539732931212,43.94539732931212,1.006281369843407,1.006281369843407
emtp,257,0.4,500.0,20.0,30.0,1,26.731816845891515,26.731816845891515,0.8189381537645886,0.8189381537645886
emtp,258,0.4,500.0,20.0,40.0,1,39.31346068384009,39.31346068384009,1.0461883210086171,1.0461883210086171
emtp,259,0.4,500.0,20.0,inf,1,3.481063085598368,3.481063085598368,1.0369339470383465,1.0369339470383465
emtp,260,0.4,500.0,30.0,20.0,1,29.182161992047373,29.182161992047373,0.9137666554661109,0.9137666554661109
emtp,261,0.4,500.0,30.0,30.0,1,13.622931746320676,13.622931746320676,0.930951832858591,0.930951832858591
emtp,262,0.4,500.0,30.0,40.0,1,11.134194946552224,11.134194946552224,1.0145094423064507,1.0145094423064507
emtp,263,0.4,500.0,30.0,inf,1,8.519390097285306,8.519390097285306,1.0393771360436177,1.0393771360436177
emtp,264,0.4,500.0,40.0,20.0,1,18.900041738973833,18.900041738973833,1.1148077692358356,1.1148077692358356
emtp,265,0.4,500.0,40.0,30.0,1,11.738115278427662,11.738115278427662,0.9496153688344521,0.9496153688344521
emtp,266,0.4,500.0,40.0,40.0,1,6.360843262106883,6.360843262106883,0.9575689904355272,0.9575689904355272
emtp,267,0.4,500.0,40.0,inf,1,1.2645680719702983,1.2645680719702983,0.9473412649639613,0.9473412649639613
emtp,268,0.4,500.0,inf,20.0,1,36.55121051685067,36.55121051685067,1.0212736418713007,1.0212736418713007
emtp,269,0.4,500.0,inf,30.0,1,6.14685982602417,6.14685982602417,0.9811013897576231,0.9811013897576231
emtp,270,0.4,500.0,inf,40.0,1,1.2849966411785374,1.2849966411785374,0.96143221168536,0.96143221168536
emtp,271,0.4,500.0,inf,inf,1,1.0930953971557134,1.0930953971557134,0.9564741312536285,0.9564741312536285
emtp,272,0.4,1000.0,20.0,20.0,1,99.975,99.975,11.253389331393056,11.253389331393056
emtp,273,0.4,1000.0,20.0,30.0,1,99.975,99.975,11.124051867870264,11.124051867870264
emtp,274,0.4,1000.0,20.0,40.0,1,70.75925027264718,70.75925027264718,12.54425402963741,12.54425402963741
emtp,275,0.4,1000.0,20.0,inf,1,99.975,99.975,10.99826478188404,10.99826478188404
emtp,276,0.4,1000.0,30.0,20.0,1,99.975,99.975,11.059482513509305,11.059482513509305
emtp,277,0.4,1000.0,30.0,30.0,1,99.975,99.975,11.178570858321768,11.178570858321768
emtp,278,0.4,1000.0,30.0,40.0,1,99.975,99.975,11.054940228064948,11.054940228064948
emtp,279,0.4,1000.0,30.0,inf,1,99.975,99.975,11.072199465072936,11.072199465072936
emtp,280,0.4,1000.0,40.0,20.0,1,99.975,99.975,11.074665414843901,11.074665414843901
emtp,281,0.4,1000.0,40.0,30.0,1,99.975,99.975,11.084249136509344,11.084249136509344
emtp,282,0.4,1000.0,40.0,40.0,1,99.975,99.975,11.07984225551437,11.07984225551437
emtp,283,0.4,1000.0,40.0,inf,1,99.975,99.975,11.09033309917311,11.09033309917311
emtp,284,0.4,1000.0,inf,20.0,1,99.975,99.975,11.02531919109017,11.02531919109017
emtp,285,0.4,1000.0,inf,30.0,1,99.975,99.975,11.120618821040045,11.120618821040045
emtp,286,0.4,1000.0,inf,40.0,1,99.975,99.975,11.04968965408633,11.04968965408633
emtp,287,0.4,1000.0,inf,inf,1,55.75166935287157,55.75166935287157,12.080112346825604,12.080112346825604
emtp,288,0.4,2000.0,20.0,20.0,1,149.975,149.975,0.7616575352062,0.7616575352062
emtp,289,0.4,2000.0,20.0,30.0,1,23.851289456878604,23.851289456878604,0.990730149885394,0.990730149885394
emtp,290,0.4,2000.0,20.0,40.0,1,13.253278714084091,13.253278714084091,0.7557301301067809,0.7557301301067809
emtp,291,0.4,2000.0,20.0,inf,1,51.62448686655022,51.62448686655022,0.8656396364885837,0.8656396364885837
emtp,292,0.4,2000.0,30.0,20.0,1,129.06290330849436,129.06290330849436,1.1017180894924308,1.1017180894924308
emtp,293,0.4,2000.0,30.0,30.0,1,43.887237591481494,43.887237591481494,0.887203013533167,0.887203013533167
emtp,294,0.4,2000.0,30.0,40.0,1,54.12003566386597,54.12003566386597,0.9635587904376621,0.9635587904376621
emtp,295,0.4,2000.0,30.0,inf,1,84.74308067547636,84.74308067547636,0.9521540893891484,0.9521540893891484
emtp,296,0.4,2000.0,40.0,20.0,1,69.5959872855314,69.5959872855314,0.9507912946059264,0.9507912946059264
emtp,297,0.4,2000.0,40.0,30.0,1,46.27465773622533,46.27465773622533,1.0038187495947342,1.0038187495947342
emtp,298,0.4,2000.0,40.0,40.0,1,38.758765536108406,38.758765536108406,0.9939398914541243,0.9939398914541243
emtp,299,0.4,2000.0,40.0,inf,1,36.580738441682854,36.580738441682854,0.9886079322462706,0.9886079322462706
emtp,300,0.4,2000.0,inf,20.0,1,149.975,149.975,1.147821169235567,1.147821169235567
emtp,301,0.4,2000.0,inf,30.0,1,18.30170959939413,18.30170959939413,0.985652343887773,0.985652343887773
emtp,302,0.4,2000.0,inf,40.0,1,31.40453513660452,31.40453513660452,1.011389569626965,1.011389569626965
emtp,303,0.4,2000.0,inf,inf,1,43.88580826161381,43.88580826161381,0.987190930690008,0.987190930690008
emtp,304,0.4,5000.0,20.0,20.0,1,99.975,99.975,5.125227270090927,5.125227270090927
emtp,305,0.4,5000.0,20.0,30.0,1,99.975,99.975,4.923700051131273,4.923700051131273
emtp,306,0.4,5000.0,20.0,40.0,1,99.975,99.975,5.058650288615118,5.058650288615118
emtp,307,0.4,5000.0,20.0,inf,1,99.975,99.975,5.318067337092944,5.318067337092944
emtp,308,0.4,5000.0,30.0,20.0,1,99.975,99.975,4.553232933683176,4.553232933683176
emtp,309,0.4,5000.0,30.0,30.0,1,99.975,99.975,4.629374440413139,4.629374440413139
emtp,310,0.4,5000.0,30.0,40.0,1,99.975,99.975,4.878156632598584,4.878156632598584
emtp,311,0.4,5000.0,30.0,inf,1,99.975,99.975,4.85250363664747,4.85250363664747
emtp,312,0.4,5000.0,40.0,20.0,1,99.975,99.975,4.784739591568814,4.784739591568814
emtp,313,0.4,5000.0,40.0,30.0,1,99.975,99.975,4.769935632127035,4.769935632127035
emtp,314,0.4,5000.0,40.0,40.0,1,99.975,99.975,4.857769301120715,4.857769301120715
emtp,315,0.4,5000.0,40.0,inf,1,99.975,99.975,4.818543225493577,4.818543225493577
emtp,316,0.4,5000.0,inf,20.0,1,99.975,99.975,5.277513098109376,5.277513098109376
emtp,317,0.4,5000.0,inf,30.0,1,99.975,99.975,4.891190390272368,4.891190390272368
emtp,318,0.4,5000.0,inf,40.0,1,99.975,99.975,4.810860445524577,4.810860445524577
emtp,319,0.4,5000.0,inf,inf,1,99.975,99.975,4.819468454498565,4.819468454498565
emtp,320,0.5,100.0,20.0,20.0,1,19.449793762277466,19.449793762277466,7.594009388614779,7.594009388614779
emtp,321,0.5,100.0,20.0,30.0,1,13.430545807576099,13.430545807576099,7.577147416708698,7.577147416708698
emtp,322,0.5,100.0,20.0,40.0,1,13.436032591037828,13.436032591037828,7.7198091481177755,7.7198091481177755
emtp,323,0.5,100.0,20.0,inf,1,7.39536721756735,7.39536721756735,7.633332827016047,7.633332827016047
emtp,324,0.5,100.0,30.0,20.0,1,5.492069256065357,5.492069256065357,7.556574995198489,7.556574995198489
emtp,325,0.5,100.0,30.0,30.0,1,11.611593376550488,11.611593376550488,7.4546019338255425,7.4546019338255425
emtp,326,0.5,100.0,30.0,40.0,1,7.59096985329184,7.59096985329184,7.478346523799104,7.478346523799104
emtp,327,0.5,100.0,30.0,inf,1,11.554109766703347,11.554109766703347,7.485501469982112,7.485501469982112
emtp,328,0.5,100.0,40.0,20.0,1,13.506460317389779,13.506460317389779,7.453216547750357,7.453216547750357
emtp,329,0.5,100.0,40.0,30.0,1,9.562705131749926,9.562705131749926,7.482475114996902,7.482475114996902
emtp,330,0.5,100.0,40.0,40.0,1,11.616400460332077,11.616400460332077,7.508907220419089,7.508907220419089
emtp,331,0.5,100.0,40.0,inf,1,11.450597457321553,11.450597457321553,7.502365658325033,7.502365658325033
emtp,332,0.5,100.0,inf,20.0,1,11.653628102362678,11.653628102362678,7.3586465628933695,7.3586465628933695
emtp,333,0.5,100.0,inf,30.0,1,7.450510683411893,7.450510683411893,7.508533621504442,7.508533621504442
emtp,334,0.5,100.0,inf,40.0,1,11.507377724458646,11.507377724458646,7.519653544952007,7.519653544952007
emtp,335,0.5,100.0,inf,inf,1,13.164157148820689,13.164157148820689,7.509119438227714,7.509119438227714
emtp,336,0.5,500.0,20.0,20.0,1,43.75428549426481,43.75428549426481,0.9822233806475538,0.9822233806475538
emtp,337,0.5,500.0,20.0,30.0,1,10.96609476971857,10.96609476971857,0.9674140813130748,0.9674140813130748
emtp,338,0.5,500.0,20.0,40.0,1,16.949055749832944,16.949055749832944,0.9533251871233575,0.9533251871233575
emtp,339,0.5,500.0,20.0,inf,1,9.109579710150406,9.109579710150406,0.968422469798145,0.968422469798145
emtp,340,0.5,500.0,30.0,20.0,1,5.173289337858056,5.173289337858056,0.965469563784643,0.965469563784643
emtp,341,0.5,500.0,30.0,30.0,1,5.371846903059585,5.371846903059585,0.9270588133438082,0.9270588133438082
emtp,342,0.5,500.0,30.0,40.0,1,11.36561128014424,11.36561128014424,0.8965952593075031,0.8965952593075031
emtp,343,0.5,500.0,30.0,inf,1,2.795811876462273,2.795811876462273,0.9698910168834459,0.9698910168834459
emtp,344,0.5,500.0,40.0,20.0,1,25.368460101387512,25.368460101387512,0.8415023617226552,0.8415023617226552
emtp,345,0.5,500.0,40.0,30.0,1,2.7985952013923288,2.7985952013923288,0.9496240931248735,0.9496240931248735
emtp,346,0.5,500.0,40.0,40.0,1,5.156932615433196,5.156932615433196,0.9606434669289001,0.9606434669289001
emtp,347,0.5,500.0,40.0,inf,1,1.1050281060440037,1.1050281060440037,0.9586396782899783,0.9586396782899783
emtp,348,0.5,500.0,inf,20.0,1,43.32916006711676,43.32916006711676,1.1991705890740263,1.1991705890740263
emtp,349,0.5,500.0,inf,30.0,1,13.176205062629043,13.176205062629043,0.9250783161428103,0.9250783161428103
emtp,350,0.5,500.0,inf,40.0,1,3.0408284503937066,3.0408284503937066,0.9516172854717411,0.9516172854717411
emtp,351,0.5,500.0,inf,inf,1,1.258114886703976,1.258114886703976,0.9567373027675558,0.9567373027675558
emtp,352,0.5,1000.0,20.0,20.0,1,99.98,99.98,11.001865568288531,11.001865568288531
emtp,353,0.5,1000.0,20.0,30.0,1,99.98,99.98,11.191459772933761,11.191459772933761
emtp,354,0.5,1000.0,20.0,40.0,1,99.98,99.98,11.165752765839148,11.165752765839148
emtp,355,0.5,1000.0,20.0,inf,1,99.98,99.98,11.080205119457549,11.080205119457549
emtp,356,0.5,1000.0,30.0,20.0,1,99.98,99.98,11.075952926864796,11.075952926864796
emtp,357,0.5,1000.0,30.0,30.0,1,99.98,99.98,11.150799540205652,11.150799540205652
emtp,358,0.5,1000.0,30.0,40.0,1,99.98,99.98,11.168937617112238,11.168937617112238
emtp,359,0.5,1000.0,30.0,inf,1,99.98,99.98,11.113993547982579,11.113993547982579
emtp,360,0.5,1000.0,40.0,20.0,1,99.98,99.98,11.039762238721323,11.039762238721323
emtp,361,0.5,1000.0,40.0,30.0,1,99.98,99.98,11.088104718411012,11.088104718411012
emtp,362,0.5,1000.0,40.0,40.0,1,99.98,99.98,11.083855834648602,11.083855834648602
emtp,363,0.5,1000.0,40.0,inf,1,99.98,99.98,11.075957349336477,11.075957349336477
emtp,364,0.5,1000.0,inf,20.0,1,99.98,99.98,11.18148522513686,11.18148522513686
emtp,365,0.5,1000.0,inf,30.0,1,99.98,99.98,11.091360725091613,11.091360725091613
emtp,366,0.5,1000.0,inf,40.0,1,99.98,99.98,11.083972076814574,11.083972076814574
emtp,367,0.5,1000.0,inf,inf,1,29.495282138363365,29.495282138363365,12.069962485167206,12.069962485167206
emtp,368,0.5,2000.0,20.0,20.0,1,99.98,99.98,1.203662566338346,1.203662566338346
emtp,369,0.5,2000.0,20.0,30.0,1,59.47726817995807,59.47726817995807,1.1492307374382904,1.1492307374382904
emtp,370,0.5,2000.0,20.0,40.0,1,21.327616178103458,21.327616178103458,0.896370351561177,0.896370351561177
emtp,371,0.5,2000.0,20.0,inf,1,8.470250480891961,8.470250480891961,0.7453354786154819,0.7453354786154819
emtp,372,0.5,2000.0,30.0,20.0,1,99.98,99.98,0.9286766728009752,0.9286766728009752
emtp,373,0.5,2000.0,30.0,30.0,1,25.225765474417948,25.225765474417948,0.9206587198779858,0.9206587198779858
emtp,374,0.5,2000.0,30.0,40.0,1,21.30627613138818,21.30627613138818,1.054866903160098,1.054866903160098
emtp,375,0.5,2000.0,30.0,inf,1,37.68897821664652,37.68897821664652,0.911121186857406,0.911121186857406
emtp,376,0.5,2000.0,40.0,20.0,1,99.98,99.98,1.0668064684286036,1.0668064684286036
emtp,377,0.5,2000.0,40.0,30.0,1,15.081645440607328,15.081645440607328,1.0082227797064776,1.0082227797064776
emtp,378,0.5,2000.0,40.0,40.0,1,23.44790566892827,23.44790566892827,0.9725736492582314,0.9725736492582314
emtp,379,0.5,2000.0,40.0,inf,1,17.33021275044042,17.33021275044042,0.9772247839223838,0.9772247839223838
emtp,380,0.5,2000.0,inf,20.0,1,35.58004918279993,35.58004918279993,1.105432112377946,1.105432112377946
emtp,381,0.5,2000.0,inf,30.0,1,7.048252502854324,7.048252502854324,1.072994454250113,1.072994454250113
emtp,382,0.5,2000.0,inf,40.0,1,27.63293410747858,27.63293410747858,0.9857826110636893,0.9857826110636893
emtp,383,0.5,2000.0,inf,inf,1,27.580015003903412,27.580015003903412,0.977614688299991,0.977614688299991
emtp,384,0.5,5000.0,20.0,20.0,1,99.98,99.98,4.737655506334013,4.737655506334013
emtp,385,0.5,5000.0,20.0,30.0,1,99.98,99.98,4.812243122903729,4.812243122903729
emtp,386,0.5,5000.0,20.0,40.0,1,99.98,99.98,5.215819917900153,5.215819917900153
emtp,387,0.5,5000.0,20.0,inf,1,99.98,99.98,4.611735538276443,4.611735538276443
emtp,388,0.5,5000.0,30.0,20.0,1,99.98,99.98,5.073361937789123,5.073361937789123
emtp,389,0.5,5000.0,30.0,30.0,1,99.98,99.98,4.631125767018784,4.631125767018784
emtp,390,0.5,5000.0,30.0,40.0,1,99.98,99.98,4.81149436379299,4.81149436379299
emtp,391,0.5,5000.0,30.0,inf,1,99.98,99.98,5.042999438442621,5.042999438442621
emtp,392,0.5,5000.0,40.0,20.0,1,99.98,99.98,4.605431125296272,4.605431125296272
emtp,393,0.5,5000.0,40.0,30.0,1,99.98,99.98,4.887967792451909,4.887967792451909
emtp,394,0.5,5000.0,40.0,40.0,1,99.98,99.98,4.7848623741471785,4.7848623741471785
emtp,395,0.5,5000.0,40.0,inf,1,99.98,99.98,4.841166200068455,4.841166200068455
emtp,396,0.5,5000.0,inf,20.0,1,99.98,99.98,4.687569828733267,4.687569828733267
emtp,397,0.5,5000.0,inf,30.0,1,99.98,99.98,4.8115082869675465,4.8115082869675465
emtp,398,0.5,5000.0,inf,40.0,1,99.98,99.98,4.771548724200802,4.771548724200802
emtp,399,0.5,5000.0,inf,inf,1,99.98,99.98,4.836240146619457,4.836240146619457
emtp,400,0.6,100.0,20.0,20.0,1,9.716728019710724,9.716728019710724,7.3700664729997944,7.3700664729997944
emtp,401,0.6,100.0,20.0,30.0,1,6.375802864390268,6.375802864390268,7.380284524123183,7.380284524123183
emtp,402,0.6,100.0,20.0,40.0,1,6.322771065999045,6.322771065999045,7.5225119002117955,7.5225119002117955
emtp,403,0.6,100.0,20.0,inf,1,6.505476391221418,6.505476391221418,7.4553032423532954,7.4553032423532954
emtp,404,0.6,100.0,30.0,20.0,1,6.571637845417996,6.571637845417996,7.2611181568959315,7.2611181568959315
emtp,405,0.6,100.0,30.0,30.0,1,9.744403830651173,9.744403830651173,7.497874822378606,7.497874822378606
emtp,406,0.6,100.0,30.0,40.0,1,11.359477142507755,11.359477142507755,7.447855426432043,7.447855426432043
emtp,407,0.6,100.0,30.0,inf,1,8.106705548525607,8.106705548525607,7.452964830377567,7.452964830377567
emtp,408,0.6,100.0,40.0,20.0,1,6.3543506630823945,6.3543506630823945,7.399334074259186,7.399334074259186
emtp,409,0.6,100.0,40.0,30.0,1,8.13078229029283,8.13078229029283,7.413489070514502,7.413489070514502
emtp,410,0.6,100.0,40.0,40.0,1,9.726844175844963,9.726844175844963,7.499669814418468,7.499669814418468
emtp,411,0.6,100.0,40.0,inf,1,9.741174161725523,9.741174161725523,7.512097911881553,7.512097911881553
emtp,412,0.6,100.0,inf,20.0,1,8.21783571607863,8.21783571607863,7.420703167440763,7.420703167440763
emtp,413,0.6,100.0,inf,30.0,1,8.105111227847942,8.105111227847942,7.539867838738473,7.539867838738473
emtp,414,0.6,100.0,inf,40.0,1,9.70728109384117,9.70728109384117,7.503937249798141,7.503937249798141
emtp,415,0.6,100.0,inf,inf,1,11.172301038102537,11.172301038102537,7.509395137493641,7.509395137493641
emtp,416,0.6,500.0,20.0,20.0,1,4.321846551913311,4.321846551913311,1.1316744732709936,1.1316744732709936
emtp,417,0.6,500.0,20.0,30.0,1,11.384041018547304,11.384041018547304,1.0158425865948062,1.0158425865948062
emtp,418,0.6,500.0,20.0,40.0,1,27.356964887734527,27.356964887734527,0.7469899054699454,0.7469899054699454
emtp,419,0.6,500.0,20.0,inf,1,3.9538936027811817,3.9538936027811817,1.0346120551240006,1.0346120551240006
emtp,420,0.6,500.0,30.0,20.0,1,17.85008262602174,17.85008262602174,1.1390136284458094,1.1390136284458094
emtp,421,0.6,500.0,30.0,30.0,1,12.890557510012373,12.890557510012373,0.8965343516706981,0.8965343516706981
emtp,422,0.6,500.0,30.0,40.0,1,0.5868949668754546,0.5868949668754546,1.0815010344588472,1.0815010344588472
emtp,423,0.6,500.0,30.0,inf,1,6.256349676778425,6.256349676778425,0.8534018902147296,0.8534018902147296
emtp,424,0.6,500.0,40.0,20.0,1,54.668489703396794,54.668489703396794,1.2205545638488728,1.2205545638488728
emtp,425,0.6,500.0,40.0,30.0,1,10.658351914158315,10.658351914158315,0.9361747833963932,0.9361747833963932
emtp,426,0.6,500.0,40.0,40.0,1,5.502997842466754,5.502997842466754,0.9647804398708786,0.9647804398708786
emtp,427,0.6,500.0,40.0,inf,1,0.4823334688472958,0.4823334688472958,0.9454229435829007,0.9454229435829007
emtp,428,0.6,500.0,inf,20.0,1,12.234330455037727,12.234330455037727,0.905953827837493,0.905953827837493
emtp,429,0.6,500.0,inf,30.0,1,6.406311145507252,6.406311145507252,0.9315329943090888,0.9315329943090888
emtp,430,0.6,500.0,inf,40.0,1,2.9745991760653885,2.9745991760653885,0.9884794702250475,0.9884794702250475
emtp,431,0.6,500.0,inf,inf,1,2.772728611287782,2.772728611287782,0.9581309927833445,0.9581309927833445
emtp,432,0.6,1000.0,20.0,20.0,1,66.65,66.65,11.361544009785918,11.361544009785918
emtp,433,0.6,1000.0,20.0,30.0,1,99.98333333333333,99.98333333333333,11.112345965636269,11.112345965636269
emtp,434,0.6,1000.0,20.0,40.0,1,99.98333333333333,99.98333333333333,11.201785727071536,11.201785727071536
emtp,435,0.6,1000.0,20.0,inf,1,99.98333333333333,99.98333333333333,11.108890928475432,11.108890928475432
emtp,436,0.6,1000.0,30.0,20.0,1,99.98333333333333,99.98333333333333,11.209150604911656,11.209150604911656
emtp,437,0.6,1000.0,30.0,30.0,1,99.98333333333333,99.98333333333333,11.100150890882503,11.100150890882503
emtp,438,0.6,1000.0,30.0,40.0,1,99.98333333333333,99.98333333333333,11.119654763233893,11.119654763233893
emtp,439,0.6,1000.0,30.0,inf,1,99.98333333333333,99.98333333333333,11.097971053153435,11.097971053153435
emtp,440,0.6,1000.0,40.0,20.0,1,99.98333333333333,99.98333333333333,11.092169447619051,11.092169447619051
emtp,441,0.6,1000.0,40.0,30.0,1,99.98333333333333,99.98333333333333,11.008141126009594,11.008141126009594
emtp,442,0.6,1000.0,40.0,40.0,1,99.98333333333333,99.98333333333333,11.054199718543147,11.054199718543147
emtp,443,0.6,1000.0,40.0,inf,1,99.98333333333333,99.98333333333333,11.096644873276365,11.096644873276365
emtp,444,0.6,1000.0,inf,20.0,1,18.729412132855618,18.729412132855618,12.281817681369649,12.281817681369649
emtp,445,0.6,1000.0,inf,30.0,1,99.98333333333333,99.98333333333333,11.120942050392102,11.120942050392102
emtp,446,0.6,1000.0,inf,40.0,1,99.98333333333333,99.98333333333333,11.083331720352929,11.083331720352929
emtp,447,0.6,1000.0,inf,inf,1,11.923049476262419,11.923049476262419,12.064708732039525,12.064708732039525
emtp,448,0.6,2000.0,20.0,20.0,1,99.98333333333333,99.98333333333333,1.0687240984941355,1.0687240984941355
emtp,449,0.6,2000.0,20.0,30.0,1,66.65,66.65,1.0115201914209933,1.0115201914209933
emtp,450,0.6,2000.0,20.0,40.0,1,51.21158415606723,51.21158415606723,1.028051717315884,1.028051717315884
emtp,451,0.6,2000.0,20.0,inf,1,66.65,66.65,1.212216763904769,1.212216763904769
emtp,452,0.6,2000.0,30.0,20.0,1,14.917374367419635,14.917374367419635,0.9594357881459246,0.9594357881459246
emtp,453,0.6,2000.0,30.0,30.0,1,21.713039046114307,21.713039046114307,0.9462736813117317,0.9462736813117317
emtp,454,0.6,2000.0,30.0,40.0,1,30.104376064081837,30.104376064081837,0.8561318863149836,0.8561318863149836
emtp,455,0.6,2000.0,30.0,inf,1,16.253833008643955,16.253833008643955,1.040997673823324,1.040997673823324
emtp,456,0.6,2000.0,40.0,20.0,1,66.65,66.65,1.1257038689886258,1.1257038689886258
emtp,457,0.6,2000.0,40.0,30.0,1,19.854130399834006,19.854130399834006,0.9282303391211257,0.9282303391211257
emtp,458,0.6,2000.0,40.0,40.0,1,21.307875675884585,21.307875675884585,0.9641526967527284,0.9641526967527284
emtp,459,0.6,2000.0,40.0,inf,1,12.804122208451915,12.804122208451915,0.9929544750548758,0.9929544750548758
emtp,460,0.6,2000.0,inf,20.0,1,59.80086215838243,59.80086215838243,1.064623301846268,1.064623301846268
emtp,461,0.6,2000.0,inf,30.0,1,23.402473560180606,23.402473560180606,0.9214752016902708,0.9214752016902708
emtp,462,0.6,2000.0,inf,40.0,1,14.936469367849353,14.936469367849353,0.9635101111837685,0.9635101111837685
emtp,463,0.6,2000.0,inf,inf,1,16.47647347151569,16.47647347151569,0.9704642785225588,0.9704642785225588
emtp,464,0.6,5000.0,20.0,20.0,1,99.98333333333333,99.98333333333333,4.376673272353583,4.376673272353583
emtp,465,0.6,5000.0,20.0,30.0,1,99.98333333333333,99.98333333333333,4.6918280067187155,4.6918280067187155
emtp,466,0.6,5000.0,20.0,40.0,1,99.98333333333333,99.98333333333333,4.668857010544088,4.668857010544088
emtp,467,0.6,5000.0,20.0,inf,1,99.98333333333333,99.98333333333333,4.472400714914129,4.472400714914129
emtp,468,0.6,5000.0,30.0,20.0,1,99.98333333333333,99.98333333333333,4.3709196134393276,4.3709196134393276
emtp,469,0.6,5000.0,30.0,30.0,1,99.98333333333333,99.98333333333333,4.795905321164719,4.795905321164719
emtp,470,0.6,5000.0,30.0,40.0,1,99.98333333333333,99.98333333333333,4.864944909016795,4.864944909016795
emtp,471,0.6,5000.0,30.0,inf,1,99.98333333333333,99.98333333333333,4.717902889172674,4.717902889172674
emtp,472,0.6,5000.0,40.0,20.0,1,99.98333333333333,99.98333333333333,4.824033760618459,4.824033760618459
emtp,473,0.6,5000.0,40.0,30.0,1,99.98333333333333,99.98333333333333,4.867209192460705,4.867209192460705
emtp,474,0.6,5000.0,40.0,40.0,1,99.98333333333333,99.98333333333333,4.853636596907945,4.853636596907945
emtp,475,0.6,5000.0,40.0,inf,1,99.98333333333333,99.98333333333333,4.86977844525416,4.86977844525416
emtp,476,0.6,5000.0,inf,20.0,1,99.98333333333333,99.98333333333333,4.781006488973908,4.781006488973908
emtp,477,0.6,5000.0,inf,30.0,1,99.98333333333333,99.98333333333333,4.7805681466247005,4.7805681466247005
emtp,478,0.6,5000.0,inf,40.0,1,99.98333333333333,99.98333333333333,4.895005734356473,4.895005734356473
emtp,479,0.6,5000.0,inf,inf,1,99.98333333333333,99.98333333333333,4.849488383623811,4.849488383623811
emtp,480,0.7,100.0,20.0,20.0,1,4.2972086748148834,4.2972086748148834,7.436321468624271,7.436321468624271
emtp,481,0.7,100.0,20.0,30.0,1,7.040868945192973,7.040868945192973,7.346979238478993,7.346979238478993
emtp,482,0.7,100.0,20.0,40.0,1,11.450669920941206,11.450669920941206,7.482252947046631,7.482252947046631
emtp,483,0.7,100.0,20.0,inf,1,17.30714809250673,17.30714809250673,7.508728132483397,7.508728132483397
emtp,484,0.7,100.0,30.0,20.0,1,4.223984932965132,4.223984932965132,7.497643201766764,7.497643201766764
emtp,485,0.7,100.0,30.0,30.0,1,7.206672669061705,7.206672669061705,7.379241576975844,7.379241576975844
emtp,486,0.7,100.0,30.0,40.0,1,8.640766843065173,8.640766843065173,7.468122093133204,7.468122093133204
emtp,487,0.7,100.0,30.0,inf,1,8.46261516925013,8.46261516925013,7.471005735521614,7.471005735521614
emtp,488,0.7,100.0,40.0,20.0,1,4.243511591536813,4.243511591536813,7.575241577527038,7.575241577527038
emtp,489,0.7,100.0,40.0,30.0,1,7.070676326318906,7.070676326318906,7.532756547020483,7.532756547020483
emtp,490,0.7,100.0,40.0,40.0,1,8.462238477314184,8.462238477314184,7.50820799390631,7.50820799390631
emtp,491,0.7,100.0,40.0,inf,1,8.459481674235255,8.459481674235255,7.516455274383147,7.516455274383147
emtp,492,0.7,100.0,inf,20.0,1,9.882289437628827,9.882289437628827,7.486545298683723,7.486545298683723
emtp,493,0.7,100.0,inf,30.0,1,8.535051170581827,8.535051170581827,7.51114582651634,7.51114582651634
emtp,494,0.7,100.0,inf,40.0,1,8.5806977610268,8.5806977610268,7.508442739726519,7.508442739726519
emtp,495,0.7,100.0,inf,inf,1,9.748456664988359,9.748456664988359,7.509720498886723,7.509720498886723
emtp,496,0.7,500.0,20.0,20.0,1,25.057788137915598,25.057788137915598,1.1959974945644263,1.1959974945644263
emtp,497,0.7,500.0,20.0,30.0,1,11.289315157328689,11.289315157328689,1.0977306563028606,1.0977306563028606
emtp,498,0.7,500.0,20.0,40.0,1,27.034310228712815,27.034310228712815,0.8782223318925844,0.8782223318925844
emtp,499,0.7,500.0,20.0,inf,1,21.253921414809103,21.253921414809103,0.8089031855768894,0.8089031855768894
emtp,500,0.7,500.0,30.0,20.0,1,34.94122311577911,34.94122311577911,0.93753841509847,0.93753841509847
emtp,501,0.7,500.0,30.0,30.0,1,0.2808189959316389,0.2808189959316389,0.9483000389294602,0.9483000389294602
emtp,502,0.7,500.0,30.0,40.0,1,11.22150365817679,11.22150365817679,0.9129727432978256,0.9129727432978256
emtp,503,0.7,500.0,30.0,inf,1,3.1732684845195664,3.1732684845195664,0.9176790237926411,0.9176790237926411
emtp,504,0.7,500.0,40.0,20.0,1,16.036006351791634,16.036006351791634,0.8970942056356648,0.8970942056356648
emtp,505,0.7,500.0,40.0,30.0,1,11.379135184540115,11.379135184540115,1.004499140166547,1.004499140166547
emtp,506,0.7,500.0,40.0,40.0,1,2.6473811984417357,2.6473811984417357,0.9592631748171015,0.9592631748171015
emtp,507,0.7,500.0,40.0,inf,1,4.055055099546893,4.055055099546893,0.9695220513641061,0.9695220513641061
emtp,508,0.7,500.0,inf,20.0,1,4.579907360407016,4.579907360407016,1.058048205599846,1.058048205599846
emtp,509,0.7,500.0,inf,30.0,1,7.417399917695332,7.417399917695332,0.9707760141332755,0.9707760141332755
emtp,510,0.7,500.0,inf,40.0,1,2.5264977150569905,2.5264977150569905,0.9536928819153558,0.9536928819153558
emtp,511,0.7,500.0,inf,inf,1,2.656208185511092,2.656208185511092,0.9589757139090125,0.9589757139090125
emtp,512,0.7,1000.0,20.0,20.0,1,99.98571428571428,99.98571428571428,11.225423128797285,11.225423128797285
emtp,513,0.7,1000.0,20.0,30.0,1,42.842857142857156,42.842857142857156,11.032300673388898,11.032300673388898
emtp,514,0.7,1000.0,20.0,40.0,1,42.842857142857156,42.842857142857156,11.062297559209412,11.062297559209412
emtp,515,0.7,1000.0,20.0,inf,1,99.98571428571428,99.98571428571428,11.196700220837863,11.196700220837863
emtp,516,0.7,1000.0,30.0,20.0,1,99.98571428571428,99.98571428571428,11.230162926399338,11.230162926399338
emtp,517,0.7,1000.0,30.0,30.0,1,99.98571428571428,99.98571428571428,11.128040576242357,11.128040576242357
emtp,518,0.7,1000.0,30.0,40.0,1,99.98571428571428,99.98571428571428,11.081938372929947,11.081938372929947
emtp,519,0.7,1000.0,30.0,inf,1,99.98571428571428,99.98571428571428,11.090175624174709,11.090175624174709
emtp,520,0.7,1000.0,40.0,20.0,1,2.289297833092492,2.289297833092492,12.340823556424812,12.340823556424812
emtp,521,0.7,1000.0,40.0,30.0,1,99.98571428571428,99.98571428571428,11.042721699548041,11.042721699548041
emtp,522,0.7,1000.0,40.0,40.0,1,99.98571428571428,99.98571428571428,11.085486781140423,11.085486781140423
emtp,523,0.7,1000.0,40.0,inf,1,99.98571428571428,99.98571428571428,11.083362074105809,11.083362074105809
emtp,524,0.7,1000.0,inf,20.0,1,99.98571428571428,99.98571428571428,11.0915065920458,11.0915065920458
emtp,525,0.7,1000.0,inf,30.0,1,99.98571428571428,99.98571428571428,11.035843522725463,11.035843522725463
emtp,526,0.7,1000.0,inf,40.0,1,99.98571428571428,99.98571428571428,11.083461103821355,11.083461103821355
emtp,527,0.7,1000.0,inf,inf,1,0.8648765367850356,0.8648765367850356,12.06392693031228,12.06392693031228
emtp,528,0.7,2000.0,20.0,20.0,1,34.229305117994905,34.229305117994905,0.9743632748268283,0.9743632748268283
emtp,529,0.7,2000.0,20.0,30.0,1,22.226948083555506,22.226948083555506,0.8548024687031557,0.8548024687031557
emtp,530,0.7,2000.0,20.0,40.0,1,43.97326604199258,43.97326604199258,1.0363780261287274,1.0363780261287274
emtp,531,0.7,2000.0,20.0,inf,1,42.20703181486279,42.20703181486279,0.7176087719017119,0.7176087719017119
emtp,532,0.7,2000.0,30.0,20.0,1,16.994710893902543,16.994710893902543,1.0293312228511469,1.0293312228511469
emtp,533,0.7,2000.0,30.0,30.0,1,17.206119699672993,17.206119699672993,0.9601857653784691,0.9601857653784691
emtp,534,0.7,2000.0,30.0,40.0,1,25.09063486988188,25.09063486988188,0.9879620205270158,0.9879620205270158
emtp,535,0.7,2000.0,30.0,inf,1,25.04426327815284,25.04426327815284,1.0085527820140896,1.0085527820140896
emtp,536,0.7,2000.0,40.0,20.0,1,36.734273155183416,36.734273155183416,0.9863714028620734,0.9863714028620734
emtp,537,0.7,2000.0,40.0,30.0,1,9.878378770560099,9.878378770560099,0.9613924240794063,0.9613924240794063
emtp,538,0.7,2000.0,40.0,40.0,1,14.272119032187248,14.272119032187248,0.9799950360735352,0.9799950360735352
emtp,539,0.7,2000.0,40.0,inf,1,11.60356388512575,11.60356388512575,0.9794193683572076,0.9794193683572076
emtp,540,0.7,2000.0,inf,20.0,1,10.3126427038638,10.3126427038638,0.9367630173053498,0.9367630173053498
emtp,541,0.7,2000.0,inf,30.0,1,8.726439092609413,8.726439092609413,1.0059502586113127,1.0059502586113127
emtp,542,0.7,2000.0,inf,40.0,1,5.4659604742651595,5.4659604742651595,0.9728159274303948,0.9728159274303948
emtp,543,0.7,2000.0,inf,inf,1,8.351657843793578,8.351657843793578,0.9657943261093465,0.9657943261093465
emtp,544,0.7,5000.0,20.0,20.0,1,99.98571428571428,99.98571428571428,4.972262825615854,4.972262825615854
emtp,545,0.7,5000.0,20.0,30.0,1,99.98571428571428,99.98571428571428,4.833918363610446,4.833918363610446
emtp,546,0.7,5000.0,20.0,40.0,1,99.98571428571428,99.98571428571428,4.735304675663119,4.735304675663119
emtp,547,0.7,5000.0,20.0,inf,1,99.98571428571428,99.98571428571428,4.529143123551548,4.529143123551548
emtp,548,0.7,5000.0,30.0,20.0,1,99.98571428571428,99.98571428571428,4.706903739399677,4.706903739399677
emtp,549,0.7,5000.0,30.0,30.0,1,99.98571428571428,99.98571428571428,4.945680399029807,4.945680399029807
emtp,550,0.7,5000.0,30.0,40.0,1,99.98571428571428,99.98571428571428,4.798118729107063,4.798118729107063
emtp,551,0.7,5000.0,30.0,inf,1,99.98571428571428,99.98571428571428,4.852116453673952,4.852116453673952
emtp,552,0.7,5000.0,40.0,20.0,1,99.98571428571428,99.98571428571428,4.517765553831614,4.517765553831614
emtp,553,0.7,5000.0,40.0,30.0,1,99.98571428571428,99.98571428571428,4.8718863875631175,4.8718863875631175
emtp,554,0.7,5000.0,40.0,40.0,1,99.98571428571428,99.98571428571428,4.852650761190216,4.852650761190216
emtp,555,0.7,5000.0,40.0,inf,1,99.98571428571428,99.98571428571428,4.8483864600008015,4.8483864600008015
emtp,556,0.7,5000.0,inf,20.0,1,99.98571428571428,99.98571428571428,5.197595048232524,5.197595048232524
emtp,557,0.7,5000.0,inf,30.0,1,99.98571428571428,99.98571428571428,4.9136956881622975,4.9136956881622975
emtp,558,0.7,5000.0,inf,40.0,1,99.98571428571428,99.98571428571428,4.8740585009011195,4.8740585009011195
emtp,559,0.7,5000.0,inf,inf,1,99.98571428571428,99.98571428571428,4.859215436641916,4.859215436641916
emtp,560,0.8,100.0,20.0,20.0,1,13.972305512840997,13.972305512840997,7.646577242009755,7.646577242009755
emtp,561,0.8,100.0,20.0,30.0,1,6.341586070030256,6.341586070030256,7.461178406561102,7.461178406561102
emtp,562,0.8,100.0,20.0,40.0,1,5.161028328816306,5.161028328816306,7.377076323434651,7.377076323434651
emtp,563,0.8,100.0,20.0,inf,1,12.714011093824,12.714011093824,7.703691478297899,7.703691478297899
emtp,564,0.8,100.0,30.0,20.0,1,3.915873074833265,3.915873074833265,7.4954791786359465,7.4954791786359465
emtp,565,0.8,100.0,30.0,30.0,1,6.441621556644017,6.441621556644017,7.495500295634101,7.495500295634101
emtp,566,0.8,100.0,30.0,40.0,1,7.693394862909014,7.693394862909014,7.507510919554733,7.507510919554733
emtp,567,0.8,100.0,30.0,inf,1,7.688157586583242,7.688157586583242,7.501608105552577,7.501608105552577
emtp,568,0.8,100.0,40.0,20.0,1,11.404118816548987,11.404118816548987,7.473405708036567,7.473405708036567
emtp,569,0.8,100.0,40.0,30.0,1,6.2917837585057255,6.2917837585057255,7.461979903872447,7.461979903872447
emtp,570,0.8,100.0,40.0,40.0,1,7.552919559348863,7.552919559348863,7.513202080698505,7.513202080698505
emtp,571,0.8,100.0,40.0,inf,1,8.83692887954654,8.83692887954654,7.500939122484965,7.500939122484965
emtp,572,0.8,100.0,inf,20.0,1,4.999135324100373,4.999135324100373,7.51061144960805,7.51061144960805
emtp,573,0.8,100.0,inf,30.0,1,8.930880850902753,8.930880850902753,7.479767328846733,7.479767328846733
emtp,574,0.8,100.0,inf,40.0,1,7.636558626923071,7.636558626923071,7.506880026380101,7.506880026380101
emtp,575,0.8,100.0,inf,inf,1,8.679632155395202,8.679632155395202,7.510116770410747,7.510116770410747
emtp,576,0.8,500.0,20.0,20.0,1,24.074040704344863,24.074040704344863,0.8191529450429357,0.8191529450429357
emtp,577,0.8,500.0,20.0,30.0,1,11.421640649870168,11.421640649870168,0.9485985240702576,0.9485985240702576
emtp,578,0.8,500.0,20.0,40.0,1,17.796146898696005,17.796146898696005,0.8040417442104513,0.8040417442104513
emtp,579,0.8,500.0,20.0,inf,1,11.1885760170036,11.1885760170036,0.9558280542355874,0.9558280542355874
emtp,580,0.8,500.0,30.0,20.0,1,20.220815461579264,20.220815461579264,0.962823072677702,0.962823072677702
emtp,581,0.8,500.0,30.0,30.0,1,4.830088081455464,4.830088081455464,1.064923925503956,1.064923925503956
emtp,582,0.8,500.0,30.0,40.0,1,4.863925972566185,4.863925972566185,0.9049734628761371,0.9049734628761371
emtp,583,0.8,500.0,30.0,inf,1,1.2402500706087116,1.2402500706087116,0.9255054544353356,0.9255054544353356
emtp,584,0.8,500.0,40.0,20.0,1,24.987499999999994,24.987499999999994,0.9376351127362454,0.9376351127362454
emtp,585,0.8,500.0,40.0,30.0,1,6.290223123221999,6.290223123221999,0.9804498808059747,0.9804498808059747
emtp,586,0.8,500.0,40.0,40.0,1,2.4459789327580665,2.4459789327580665,0.9532607422650698,0.9532607422650698
emtp,587,0.8,500.0,40.0,inf,1,2.410909670386832,2.410909670386832,0.9617148752535627,0.9617148752535627
emtp,588,0.8,500.0,inf,20.0,1,8.779453674163273,8.779453674163273,1.0722720604417078,1.0722720604417078
emtp,589,0.8,500.0,inf,30.0,1,4.8951764211543765,4.8951764211543765,0.9562647553775037,0.9562647553775037
emtp,590,0.8,500.0,inf,40.0,1,2.38643282238897,2.38643282238897,0.9578191578230417,0.9578191578230417
emtp,591,0.8,500.0,inf,inf,1,3.6206781828353045,3.6206781828353045,0.9616757046558178,0.9616757046558178
emtp,592,0.8,1000.0,20.0,20.0,1,24.987499999999994,24.987499999999994,11.107510217156904,11.107510217156904
emtp,593,0.8,1000.0,20.0,30.0,1,99.98750000000001,99.98750000000001,11.243912847617947,11.243912847617947
emtp,594,0.8,1000.0,20.0,40.0,1,11.63043649109416,11.63043649109416,12.520722397274243,12.520722397274243
emtp,595,0.8,1000.0,20.0,inf,1,12.506147870140122,12.506147870140122,12.283490467690696,12.283490467690696
emtp,596,0.8,1000.0,30.0,20.0,1,24.987499999999994,24.987499999999994,10.979851042324743,10.979851042324743
emtp,597,0.8,1000.0,30.0,30.0,1,99.98750000000001,99.98750000000001,11.045449824723471,11.045449824723471
emtp,598,0.8,1000.0,30.0,40.0,1,24.987499999999994,24.987499999999994,11.088698411720886,11.088698411720886
emtp,599,0.8,1000.0,30.0,inf,1,99.98750000000001,99.98750000000001,11.115930743876914,11.115930743876914
emtp,600,0.8,1000.0,40.0,20.0,1,99.98750000000001,99.98750000000001,11.029419121498131,11.029419121498131
emtp,601,0.8,1000.0,40.0,30.0,1,99.98750000000001,99.98750000000001,11.047103116731217,11.047103116731217
emtp,602,0.8,1000.0,40.0,40.0,1,99.98750000000001,99.98750000000001,11.082903706566968,11.082903706566968
emtp,603,0.8,1000.0,40.0,inf,1,99.98750000000001,99.98750000000001,11.07267954176258,11.07267954176258
emtp,604,0.8,1000.0,inf,20.0,1,24.987499999999994,24.987499999999994,11.089647281391535,11.089647281391535
emtp,605,0.8,1000.0,inf,30.0,1,24.987499999999994,24.987499999999994,11.00994233745598,11.00994233745598
emtp,606,0.8,1000.0,inf,40.0,1,99.98750000000001,99.98750000000001,11.103377363923311,11.103377363923311
emtp,607,0.8,1000.0,inf,inf,1,8.83583350320495,8.83583350320495,12.068183892532351,12.068183892532351
emtp,608,0.8,2000.0,20.0,20.0,1,24.987499999999994,24.987499999999994,0.9205526530712064,0.9205526530712064
emtp,609,0.8,2000.0,20.0,30.0,1,24.987499999999994,24.987499999999994,0.8727804611115971,0.8727804611115971
emtp,610,0.8,2000.0,20.0,40.0,1,29.461552954024945,29.461552954024945,0.7336659598095366,0.7336659598095366
emtp,611,0.8,2000.0,20.0,inf,1,87.40461446203987,87.40461446203987,1.2128385374878803,1.2128385374878803
emtp,612,0.8,2000.0,30.0,20.0,1,61.37479143188607,61.37479143188607,0.9081843745486708,0.9081843745486708
emtp,613,0.8,2000.0,30.0,30.0,1,24.987499999999994,24.987499999999994,1.0724359280329054,1.0724359280329054
emtp,614,0.8,2000.0,30.0,40.0,1,17.20994825960731,17.20994825960731,1.0173303198765324,1.0173303198765324
emtp,615,0.8,2000.0,30.0,inf,1,6.020470225939156,6.020470225939156,0.8808452703922057,0.8808452703922057
emtp,616,0.8,2000.0,40.0,20.0,1,0.34011820558631223,0.34011820558631223,0.8315775443141774,0.8315775443141774
emtp,617,0.8,2000.0,40.0,30.0,1,2.6836501457603577,2.6836501457603577,0.9014292916333944,0.9014292916333944
emtp,618,0.8,2000.0,40.0,40.0,1,8.229156816749905,8.229156816749905,0.9763160605521307,0.9763160605521307
emtp,619,0.8,2000.0,40.0,inf,1,4.895458784463263,4.895458784463263,0.9493848942921546,0.9493848942921546
emtp,620,0.8,2000.0,inf,20.0,1,31.812353893887614,31.812353893887614,0.9975872192266252,0.9975872192266252
emtp,621,0.8,2000.0,inf,30.0,1,2.4382006063081163,2.4382006063081163,1.0150886865762687,1.0150886865762687
emtp,622,0.8,2000.0,inf,40.0,1,3.659781358316988,3.659781358316988,0.9318604981335283,0.9318604981335283
emtp,623,0.8,2000.0,inf,inf,1,1.2560557678248374,1.2560557678248374,0.9636093242497509,0.9636093242497509
emtp,624,0.8,5000.0,20.0,20.0,1,99.98750000000001,99.98750000000001,4.816847114190714,4.816847114190714
emtp,625,0.8,5000.0,20.0,30.0,1,99.98750000000001,99.98750000000001,4.468199757047678,4.468199757047678
emtp,626,0.8,5000.0,20.0,40.0,1,99.98750000000001,99.98750000000001,4.5094197354659995,4.5094197354659995
emtp,627,0.8,5000.0,20.0,inf,1,99.98750000000001,99.98750000000001,5.479243277739224,5.479243277739224
emtp,628,0.8,5000.0,30.0,20.0,1,99.98750000000001,99.98750000000001,4.978061322786198,4.978061322786198
emtp,629,0.8,5000.0,30.0,30.0,1,99.98750000000001,99.98750000000001,4.962681725649963,4.962681725649963
emtp,630,0.8,5000.0,30.0,40.0,1,99.98750000000001,99.98750000000001,4.742933121870992,4.742933121870992
emtp,631,0.8,5000.0,30.0,inf,1,99.98750000000001,99.98750000000001,4.847456292035877,4.847456292035877
emtp,632,0.8,5000.0,40.0,20.0,1,99.98750000000001,99.98750000000001,4.9981505132096755,4.9981505132096755
emtp,633,0.8,5000.0,40.0,30.0,1,99.98750000000001,99.98750000000001,4.884175527724583,4.884175527724583
emtp,634,0.8,5000.0,40.0,40.0,1,99.98750000000001,99.98750000000001,4.907232989545537,4.907232989545537
emtp,635,0.8,5000.0,40.0,inf,1,99.98750000000001,99.98750000000001,4.828314941918907,4.828314941918907
emtp,636,0.8,5000.0,inf,20.0,1,99.98750000000001,99.98750000000001,4.954775827138419,4.954775827138419
emtp,637,0.8,5000.0,inf,30.0,1,99.98750000000001,99.98750000000001,4.96396306461058,4.96396306461058
emtp,638,0.8,5000.0,inf,40.0,1,99.98750000000001,99.98750000000001,4.852027177032469,4.852027177032469
emtp,639,0.8,5000.0,inf,inf,1,99.98750000000001,99.98750000000001,4.865423854024303,4.865423854024303
emtp,640,0.9,100.0,20.0,20.0,1,1.2188397732249248,1.2188397732249248,7.64466089138766,7.64466089138766
emtp,641,0.9,100.0,20.0,30.0,1,6.9734046355271655,6.9734046355271655,7.353459019581705,7.353459019581705
emtp,642,0.9,100.0,20.0,40.0,1,4.6360052552606685,4.6360052552606685,7.740833989508146,7.740833989508146
emtp,643,0.9,100.0,20.0,inf,1,5.651311215899889,5.651311215899889,7.592889695552244,7.592889695552244
emtp,644,0.9,100.0,30.0,20.0,1,9.305544721708623,9.305544721708623,7.724063214888105,7.724063214888105
emtp,645,0.9,100.0,30.0,30.0,1,7.9272735285579685,7.9272735285579685,7.536686088189115,7.536686088189115
emtp,646,0.9,100.0,30.0,40.0,1,6.957524008508452,6.957524008508452,7.500455152973245,7.500455152973245
emtp,647,0.9,100.0,30.0,inf,1,7.951620510440528,7.951620510440528,7.487269606758417,7.487269606758417
emtp,648,0.9,100.0,40.0,20.0,1,4.7164751122286495,4.7164751122286495,7.310094634188033,7.310094634188033
emtp,649,0.9,100.0,40.0,30.0,1,6.903694006109214,6.903694006109214,7.560996264149139,7.560996264149139
emtp,650,0.9,100.0,40.0,40.0,1,6.940233811688179,6.940233811688179,7.511393207269905,7.511393207269905
emtp,651,0.9,100.0,40.0,inf,1,6.915550539243877,6.915550539243877,7.522423653652184,7.522423653652184
emtp,652,0.9,100.0,inf,20.0,1,9.091345789908692,9.091345789908692,7.331868250060154,7.331868250060154
emtp,653,0.9,100.0,inf,30.0,1,7.972721326239125,7.972721326239125,7.500778818531614,7.500778818531614
emtp,654,0.9,100.0,inf,40.0,1,6.891226557366982,6.891226557366982,7.4953049456994885,7.4953049456994885
emtp,655,0.9,100.0,inf,inf,1,7.84750545146927,7.84750545146927,7.510603356538538,7.510603356538538
emtp,656,0.9,500.0,20.0,20.0,1,10.43002832534132,10.43002832534132,0.8132421094804954,0.8132421094804954
emtp,657,0.9,500.0,20.0,30.0,1,8.98852055498182,8.98852055498182,0.680132212141757,0.680132212141757
emtp,658,0.9,500.0,20.0,40.0,1,11.06367756331096,11.06367756331096,0.9433265100331596,0.9433265100331596
emtp,659,0.9,500.0,20.0,inf,1,11.099999999999998,11.099999999999998,0.8472028052333258,0.8472028052333258
emtp,660,0.9,500.0,30.0,20.0,1,8.943576342716426,8.943576342716426,0.9545906312312468,0.9545906312312468
emtp,661,0.9,500.0,30.0,30.0,1,9.17435488464138,9.17435488464138,0.9269031684540323,0.9269031684540323
emtp,662,0.9,500.0,30.0,40.0,1,7.894279555452484,7.894279555452484,0.9739629134238044,0.9739629134238044
emtp,663,0.9,500.0,30.0,inf,1,9.257358270229233,9.257358270229233,0.9133897280432848,0.9133897280432848
emtp,664,0.9,500.0,40.0,20.0,1,5.635468791079691,5.635468791079691,1.0614372238544547,1.0614372238544547
emtp,665,0.9,500.0,40.0,30.0,1,2.3333158899548034,2.3333158899548034,1.0040538210366663,1.0040538210366663
emtp,666,0.9,500.0,40.0,40.0,1,4.488037450232753,4.488037450232753,0.9460454505656003,0.9460454505656003
emtp,667,0.9,500.0,40.0,inf,1,4.507952095178637,4.507952095178637,0.9527515759325184,0.9527515759325184
emtp,668,0.9,500.0,inf,20.0,1,11.078818794063348,11.078818794063348,1.091049274531929,1.091049274531929
emtp,669,0.9,500.0,inf,30.0,1,6.724122390065096,6.724122390065096,0.9368255757465249,0.9368255757465249
emtp,670,0.9,500.0,inf,40.0,1,3.423435779759392,3.423435779759392,0.9629840084877742,0.9629840084877742
emtp,671,0.9,500.0,inf,inf,1,3.4362771251923565,3.4362771251923565,0.9631024359368439,0.9631024359368439
emtp,672,0.9,1000.0,20.0,20.0,1,11.099999999999998,11.099999999999998,11.187802804121201,11.187802804121201
emtp,673,0.9,1000.0,20.0,30.0,1,11.099999999999998,11.099999999999998,11.074733324993234,11.074733324993234
emtp,674,0.9,1000.0,20.0,40.0,1,34.90382467143776,34.90382467143776,12.297488776933914,12.297488776933914
emtp,675,0.9,1000.0,20.0,inf,1,11.099999999999998,11.099999999999998,10.983977886198646,10.983977886198646
emtp,676,0.9,1000.0,30.0,20.0,1,11.099999999999998,11.099999999999998,11.191150680608077,11.191150680608077
emtp,677,0.9,1000.0,30.0,30.0,1,11.099999999999998,11.099999999999998,11.01810287832036,11.01810287832036
emtp,678,0.9,1000.0,30.0,40.0,1,99.9888888888889,99.9888888888889,11.096027788822903,11.096027788822903
emtp,679,0.9,1000.0,30.0,inf,1,11.099999999999998,11.099999999999998,11.063467343101308,11.063467343101308
emtp,680,0.9,1000.0,40.0,20.0,1,11.099999999999998,11.099999999999998,11.219087453510133,11.219087453510133
emtp,681,0.9,1000.0,40.0,30.0,1,11.099999999999998,11.099999999999998,11.070041296875262,11.070041296875262
emtp,682,0.9,1000.0,40.0,40.0,1,99.9888888888889,99.9888888888889,11.065657988585338,11.065657988585338
emtp,683,0.9,1000.0,40.0,inf,1,11.099999999999998,11.099999999999998,11.017790598335761,11.017790598335761
emtp,684,0.9,1000.0,inf,20.0,1,11.099999999999998,11.099999999999998,10.98943101382547,10.98943101382547
emtp,685,0.9,1000.0,inf,30.0,1,11.099999999999998,11.099999999999998,11.050902764814884,11.050902764814884
emtp,686,0.9,1000.0,inf,40.0,1,99.9888888888889,99.9888888888889,11.063147562497909,11.063147562497909
emtp,687,0.9,1000.0,inf,inf,1,16.413253342206954,16.413253342206954,12.077296234465894,12.077296234465894
emtp,688,0.9,2000.0,20.0,20.0,1,0.14280911263161075,0.14280911263161075,1.01783061272655,1.01783061272655
emtp,689,0.9,2000.0,20.0,30.0,1,17.69334473805774,17.69334473805774,0.9150717597278231,0.9150717597278231
emtp,690,0.9,2000.0,20.0,40.0,1,22.390588148124568,22.390588148124568,0.8177120369231716,0.8177120369231716
emtp,691,0.9,2000.0,20.0,inf,1,66.19739104991125,66.19739104991125,1.1258301097974481,1.1258301097974481
emtp,692,0.9,2000.0,30.0,20.0,1,9.253800918354372,9.253800918354372,0.835826310464381,0.835826310464381
emtp,693,0.9,2000.0,30.0,30.0,1,11.365483448275013,11.365483448275013,1.1189514934574618,1.1189514934574618
emtp,694,0.9,2000.0,30.0,40.0,1,3.0054766212267805,3.0054766212267805,1.0125635191547644,1.0125635191547644
emtp,695,0.9,2000.0,30.0,inf,1,16.733109901775418,16.733109901775418,0.9492364440310098,0.9492364440310098
emtp,696,0.9,2000.0,40.0,20.0,1,11.099999999999998,11.099999999999998,1.241163258226561,1.241163258226561
emtp,697,0.9,2000.0,40.0,30.0,1,2.991815373325663,2.991815373325663,0.8988869639758945,0.8988869639758945
emtp,698,0.9,2000.0,40.0,40.0,1,0.1807698759916068,0.1807698759916068,0.9385836022749914,0.9385836022749914
emtp,699,0.9,2000.0,40.0,inf,1,1.6118943864010187,1.6118943864010187,0.9914167467670041,0.9914167467670041
emtp,700,0.9,2000.0,inf,20.0,1,56.11866885106313,56.11866885106313,1.108022497997024,1.108022497997024
emtp,701,0.9,2000.0,inf,30.0,1,15.465734018087694,15.465734018087694,0.9544912050639027,0.9544912050639027
emtp,702,0.9,2000.0,inf,40.0,1,3.1458328917828045,3.1458328917828045,0.9669057342196197,0.9669057342196197
emtp,703,0.9,2000.0,inf,inf,1,2.850038429733279,2.850038429733279,0.9640936733630496,0.9640936733630496
emtp,704,0.9,5000.0,20.0,20.0,1,99.9888888888889,99.9888888888889,4.7303268061353085,4.7303268061353085
emtp,705,0.9,5000.0,20.0,30.0,1,99.9888888888889,99.9888888888889,4.673131985184991,4.673131985184991
emtp,706,0.9,5000.0,20.0,40.0,1,99.9888888888889,99.9888888888889,4.349137909372294,4.349137909372294
emtp,707,0.9,5000.0,20.0,inf,1,99.9888888888889,99.9888888888889,4.854407127194008,4.854407127194008
emtp,708,0.9,5000.0,30.0,20.0,1,99.9888888888889,99.9888888888889,4.670972961714979,4.670972961714979
emtp,709,0.9,5000.0,30.0,30.0,1,99.9888888888889,99.9888888888889,4.958170537297283,4.958170537297283
emtp,710,0.9,5000.0,30.0,40.0,1,99.9888888888889,99.9888888888889,4.884706392611388,4.884706392611388
emtp,711,0.9,5000.0,30.0,inf,1,99.9888888888889,99.9888888888889,4.759266732439337,4.759266732439337
emtp,712,0.9,5000.0,40.0,20.0,1,99.9888888888889,99.9888888888889,4.865157725085883,4.865157725085883
emtp,713,0.9,5000.0,40.0,30.0,1,99.9888888888889,99.9888888888889,4.931456595139989,4.931456595139989
emtp,714,0.9,5000.0,40.0,40.0,1,99.9888888888889,99.9888888888889,4.8873117820129846,4.8873117820129846
emtp,715,0.9,5000.0,40.0,inf,1,99.9888888888889,99.9888888888889,4.876684383037846,4.876684383037846
emtp,716,0.9,5000.0,inf,20.0,1,99.9888888888889,99.9888888888889,4.470461015084075,4.470461015084075
emtp,717,0.9,5000.0,inf,30.0,1,99.9888888888889,99.9888888888889,4.941698208080088,4.941698208080088
emtp,718,0.9,5000.0,inf,40.0,1,99.9888888888889,99.9888888888889,4.844463103875678,4.844463103875678
emtp,719,0.9,5000.0,inf,inf,1,99.9888888888889,99.9888888888889,4.868116589596812,4.868116589596812
ref50,0,0.1,100.0,20.0,20.0,1,32.705576340184365,32.705576340184365,7.776230651033118,7.776230651033118
ref50,1,0.1,100.0,20.0,30.0,1,52.611312833685915,52.611312833685915,7.475256980848214,7.475256980848214
ref50,2,0.1,100.0,20.0,40.0,1,74.30880126282642,74.30880126282642,7.485823047712656,7.485823047712656
ref50,3,0.1,100.0,20.0,inf,1,53.726138046371744,53.726138046371744,7.484276094115614,7.484276094115614
ref50,4,0.1,100.0,30.0,20.0,1,22.233563610664792,22.233563610664792,7.625129597482726,7.625129597482726
ref50,5,0.1,100.0,30.0,30.0,1,53.40178481519614,53.40178481519614,7.522307506897704,7.522307506897704
ref50,6,0.1,100.0,30.0,40.0,1,43.20302655857363,43.20302655857363,7.4643610639368205,7.4643610639368205
ref50,7,0.1,100.0,30.0,inf,1,43.01400917421313,43.01400917421313,7.516199430532822,7.516199430532822
ref50,8,0.1,100.0,40.0,20.0,1,83.20415446165146,83.20415446165146,7.55513570333163,7.55513570333163
ref50,9,0.1,100.0,40.0,30.0,1,52.88388774520084,52.88388774520084,7.456588831616415,7.456588831616415
ref50,10,0.1,100.0,40.0,40.0,1,43.61513019497581,43.61513019497581,7.468264248318248,7.468264248318248
ref50,11,0.1,100.0,40.0,inf,1,43.28227769085882,43.28227769085882,7.491848962688692,7.491848962688692
ref50,12,0.1,100.0,inf,20.0,1,103.49899790066297,103.49899790066297,7.326894877985723,7.326894877985723
ref50,13,0.1,100.0,inf,30.0,1,43.67038392103528,43.67038392103528,7.418298519952032,7.418298519952032
ref50,14,0.1,100.0,inf,40.0,1,52.777107139859446,52.777107139859446,7.482251801430196,7.482251801430196
ref50,15,0.1,100.0,inf,inf,1,52.33305060461927,52.33305060461927,7.502024982735662,7.502024982735662
ref50,16,0.1,500.0,20.0,20.0,1,99.89999999999999,99.89999999999999,0.9700745206374564,0.9700745206374564
ref50,17,0.1,500.0,20.0,30.0,1,89.97426221570177,89.97426221570177,1.0401969243164217,1.0401969243164217
ref50,18,0.1,500.0,20.0,40.0,1,99.89999999999999,99.89999999999999,0.6957001932088133,0.6957001932088133
ref50,19,0.1,500.0,20.0,inf,1,202.6418298322114,202.6418298322114,0.9671801736528891,0.9671801736528891
ref50,20,0.1,500.0,30.0,20.0,1,99.89999999999999,99.89999999999999,1.0951985662704942,1.0951985662704942
ref50,21,0.1,500.0,30.0,30.0,1,0.3071794966121727,0.3071794966121727,0.9006310513248763,0.9006310513248763
ref50,22,0.1,500.0,30.0,40.0,1,9.941982771566506,9.941982771566506,0.9322206087378845,0.9322206087378845
ref50,23,0.1,500.0,30.0,inf,1,29.06268949584545,29.06268949584545,0.9834325947387128,0.9834325947387128
ref50,24,0.1,500.0,40.0,20.0,1,162.44596042085195,162.44596042085195,1.1095995810754176,1.1095995810754176
ref50,25,0.1,500.0,40.0,30.0,1,9.206887878184466,9.206887878184466,0.9527269177866742,0.9527269177866742
ref50,26,0.1,500.0,40.0,40.0,1,19.0513448029737,19.0513448029737,0.9863863621421046,0.9863863621421046
ref50,27,0.1,500.0,40.0,inf,1,20.214158606158506,20.214158606158506,0.975481936681956,0.975481936681956
ref50,28,0.1,500.0,inf,20.0,1,141.87889715709707,141.87889715709707,0.88230972474787,0.88230972474787
ref50,29,0.1,500.0,inf,30.0,1,20.010064341557108,20.010064341557108,0.9432139799473817,0.9432139799473817
ref50,30,0.1,500.0,inf,40.0,1,9.938885525038563,9.938885525038563,0.9422644299230001,0.9422644299230001
ref50,31,0.1,500.0,inf,inf,1,9.571757737501393,9.571757737501393,0.95711983030493,0.95711983030493
ref50,32,0.1,1000.0,20.0,20.0,1,99.89999999999999,99.89999999999999,11.016821974280617,11.016821974280617
ref50,33,0.1,1000.0,20.0,30.0,1,395.5662931430678,395.5662931430678,12.48750378618647,12.48750378618647
ref50,34,0.1,1000.0,20.0,40.0,1,99.89999999999999,99.89999999999999,10.991114045266704,10.991114045266704
ref50,35,0.1,1000.0,20.0,inf,1,99.89999999999999,99.89999999999999,11.050827334635676,11.050827334635676
ref50,36,0.1,1000.0,30.0,20.0,1,99.89999999999999,99.89999999999999,11.229467317458296,11.229467317458296
ref50,37,0.1,1000.0,30.0,30.0,1,99.89999999999999,99.89999999999999,11.055826231025037,11.055826231025037
ref50,38,0.1,1000.0,30.0,40.0,1,99.89999999999999,99.89999999999999,11.019578977649905,11.019578977649905
ref50,39,0.1,1000.0,30.0,inf,1,99.89999999999999,99.89999999999999,11.028331281066242,11.028331281066242
ref50,40,0.1,1000.0,40.0,20.0,1,99.89999999999999,99.89999999999999,11.05694444305118,11.05694444305118
ref50,41,0.1,1000.0,40.0,30.0,1,99.89999999999999,99.89999999999999,11.075835833826215,11.075835833826215
ref50,42,0.1,1000.0,40.0,40.0,1,99.89999999999999,99.89999999999999,11.054270736058857,11.054270736058857
ref50,43,0.1,1000.0,40.0,inf,1,99.89999999999999,99.89999999999999,11.023448646362228,11.023448646362228
ref50,44,0.1,1000.0,inf,20.0,1,99.89999999999999,99.89999999999999,11.04510580672012,11.04510580672012
ref50,45,0.1,1000.0,inf,30.0,1,99.89999999999999,99.89999999999999,11.063608256700013,11.063608256700013
ref50,46,0.1,1000.0,inf,40.0,1,99.89999999999999,99.89999999999999,11.05235631685124,11.05235631685124
ref50,47,0.1,1000.0,inf,inf,1,438.9600804314181,438.9600804314181,12.139149347355579,12.139149347355579
ref50,48,0.1,2000.0,20.0,20.0,1,99.89999999999999,99.89999999999999,0.9490917617313244,0.9490917617313244
ref50,49,0.1,2000.0,20.0,30.0,1,159.96766571806887,159.96766571806887,0.957153501828509,0.957153501828509
ref50,50,0.1,2000.0,20.0,40.0,1,738.7493050700957,738.7493050700957,1.2375140675892908,1.2375140675892908
ref50,51,0.1,2000.0,20.0,inf,1,193.23645274261858,193.23645274261858,1.1295315518914435,1.1295315518914435
ref50,52,0.1,2000.0,30.0,20.0,1,302.4285633894341,302.4285633894341,1.014195808456634,1.014195808456634
ref50,53,0.1,2000.0,30.0,30.0,1,465.9550382565258,465.9550382565258,1.0421697188592816,1.0421697188592816
ref50,54,0.1,2000.0,30.0,40.0,1,181.4395362401189,181.4395362401189,1.046942667286396,1.046942667286396
ref50,55,0.1,2000.0,30.0,inf,1,282.53571745485846,282.53571745485846,0.9666255781361883,0.9666255781361883
ref50,56,0.1,2000.0,40.0,20.0,1,130.69524455376762,130.69524455376762,1.008614769462349,1.008614769462349
ref50,57,0.1,2000.0,40.0,30.0,1,272.4419183949509,272.4419183949509,1.0120633339655682,1.0120633339655682
ref50,58,0.1,2000.0,40.0,40.0,1,242.27434800199367,242.27434800199367,1.0297250511316065,1.0297250511316065
ref50,59,0.1,2000.0,40.0,inf,1,314.3250678067831,314.3250678067831,1.0238696632662596,1.0238696632662596
ref50,60,0.1,2000.0,inf,20.0,1,508.36974433407295,508.36974433407295,1.1169249507895187,1.1169249507895187
ref50,61,0.1,2000.0,inf,30.0,1,212.57451165058202,212.57451165058202,1.0658882910302736,1.0658882910302736
ref50,62,0.1,2000.0,inf,40.0,1,282.5990889791611,282.5990889791611,1.0043870560871597,1.0043870560871597
ref50,63,0.1,2000.0,inf,inf,1,242.4971884971267,242.4971884971267,1.021903410600487,1.021903410600487
ref50,64,0.1,5000.0,20.0,20.0,1,99.89999999999999,99.89999999999999,5.061359093003212,5.061359093003212
ref50,65,0.1,5000.0,20.0,30.0,1,99.89999999999999,99.89999999999999,5.293101989351162,5.293101989351162
ref50,66,0.1,5000.0,20.0,40.0,1,99.89999999999999,99.89999999999999,4.466356242955481,4.466356242955481
ref50,67,0.1,5000.0,20.0,inf,1,99.89999999999999,99.89999999999999,4.69736471816801,4.69736471816801
ref50,68,0.1,5000.0,30.0,20.0,1,99.89999999999999,99.89999999999999,4.936816839808289,4.936816839808289
ref50,69,0.1,5000.0,30.0,30.0,1,99.89999999999999,99.89999999999999,4.614170888957196,4.614170888957196
ref50,70,0.1,5000.0,30.0,40.0,1,99.89999999999999,99.89999999999999,4.695112004689508,4.695112004689508
ref50,71,0.1,5000.0,30.0,inf,1,99.89999999999999,99.89999999999999,4.630589698092626,4.630589698092626
ref50,72,0.1,5000.0,40.0,20.0,1,99.89999999999999,99.89999999999999,4.50338185952558,4.50338185952558
ref50,73,0.1,5000.0,40.0,30.0,1,99.89999999999999,99.89999999999999,4.7127369350130355,4.7127369350130355
ref50,74,0.1,5000.0,40.0,40.0,1,99.89999999999999,99.89999999999999,4.724703293299663,4.724703293299663
ref50,75,0.1,5000.0,40.0,inf,1,99.89999999999999,99.89999999999999,4.764979693271252,4.764979693271252
ref50,76,0.1,5000.0,inf,20.0,1,99.89999999999999,99.89999999999999,5.1611031494883175,5.1611031494883175
ref50,77,0.1,5000.0,inf,30.0,1,99.89999999999999,99.89999999999999,4.6614574053895925,4.6614574053895925
ref50,78,0.1,5000.0,inf,40.0,1,99.89999999999999,99.89999999999999,4.765756700661259,4.765756700661259
ref50,79,0.1,5000.0,inf,inf,1,99.89999999999999,99.89999999999999,4.7480027406523915,4.7480027406523915
ref50,80,0.2,100.0,20.0,20.0,1,3.044565368274646,3.044565368274646,7.735556415613786,7.735556415613786
ref50,81,0.2,100.0,20.0,30.0,1,22.314373398308636,22.314373398308636,7.372229309713305,7.372229309713305
ref50,82,0.2,100.0,20.0,40.0,1,32.00548103501111,32.00548103501111,7.487398503411341,7.487398503411341
ref50,83,0.2,100.0,20.0,inf,1,17.198028827321465,17.198028827321465,7.425859639379255,7.425859639379255
ref50,84,0.2,100.0,30.0,20.0,1,37.090570412180774,37.090570412180774,7.3327483034697005,7.3327483034697005
ref50,85,0.2,100.0,30.0,30.0,1,21.938130961767403,21.938130961767403,7.500658686194782,7.500658686194782
ref50,86,0.2,100.0,30.0,40.0,1,22.099832914569255,22.099832914569255,7.561414185880822,7.561414185880822
ref50,87,0.2,100.0,30.0,inf,1,17.105547392914076,17.105547392914076,7.562988460272222,7.562988460272222
ref50,88,0.2,100.0,40.0,20.0,1,52.4982349991249,52.4982349991249,7.416096769908535,7.416096769908535
ref50,89,0.2,100.0,40.0,30.0,1,27.08326000169264,27.08326000169264,7.415032523500245,7.415032523500245
ref50,90,0.2,100.0,40.0,40.0,1,26.928164201744348,26.928164201744348,7.507981123127295,7.507981123127295
ref50,91,0.2,100.0,40.0,inf,1,26.83264293831261,26.83264293831261,7.507610454728365,7.507610454728365
ref50,92,0.2,100.0,inf,20.0,1,22.124836801713247,22.124836801713247,7.742044536607466,7.742044536607466
ref50,93,0.2,100.0,inf,30.0,1,27.177384865399084,27.177384865399084,7.448837470785691,7.448837470785691
ref50,94,0.2,100.0,inf,40.0,1,26.83309608389522,26.83309608389522,7.511799490576266,7.511799490576266
ref50,95,0.2,100.0,inf,inf,1,26.79017824926308,26.79017824926308,7.502237738078122,7.502237738078122
ref50,96,0.2,500.0,20.0,20.0,1,64.87443764136434,64.87443764136434,1.2197623841040923,1.2197623841040923
ref50,97,0.2,500.0,20.0,30.0,1,44.440876918154984,44.440876918154984,0.8547198789578033,0.8547198789578033
ref50,98,0.2,500.0,20.0,40.0,1,29.921168363105473,29.921168363105473,0.805047197958288,0.805047197958288
ref50,99,0.2,500.0,20.0,inf,1,13.997093518859735,13.997093518859735,0.9417321283296133,0.9417321283296133
ref50,100,0.2,500.0,30.0,20.0,1,61.57923369856624,61.57923369856624,1.0825571306840402,1.0825571306840402
ref50,101,0.2,500.0,30.0,30.0,1,10.830033521401994,10.830033521401994,0.9317526310441053,0.9317526310441053
ref50,102,0.2,500.0,30.0,40.0,1,4.443974940120581,4.443974940120581,1.0319844032675292,1.0319844032675292
ref50,103,0.2,500.0,30.0,inf,1,46.18525534288534,46.18525534288534,0.9603077480071989,0.9603077480071989
ref50,104,0.2,500.0,40.0,20.0,1,21.278620439904277,21.278620439904277,1.1978383233157501,1.1978383233157501
ref50,105,0.2,500.0,40.0,30.0,1,24.854343726115502,24.854343726115502,0.9698762368678444,0.9698762368678444
ref50,106,0.2,500.0,40.0,40.0,1,10.585142040708693,10.585142040708693,0.9371241306341972,0.9371241306341972
ref50,107,0.2,500.0,40.0,inf,1,4.119560949869302,4.119560949869302,0.9451528743341328,0.9451528743341328
ref50,108,0.2,500.0,inf,20.0,1,16.329195176572163,16.329195176572163,1.0140001824111777,1.0140001824111777
ref50,109,0.2,500.0,inf,30.0,1,5.930380317434897,5.930380317434897,0.944601504757452,0.944601504757452
ref50,110,0.2,500.0,inf,40.0,1,3.8486121251108534,3.8486121251108534,0.9782727262085814,0.9782727262085814
ref50,111,0.2,500.0,inf,inf,1,3.881812573215709,3.881812573215709,0.956696631503462,0.956696631503462
ref50,112,0.2,1000.0,20.0,20.0,1,99.95,99.95,11.150212631724889,11.150212631724889
ref50,113,0.2,1000.0,20.0,30.0,1,99.95,99.95,11.001422124686156,11.001422124686156
ref50,114,0.2,1000.0,20.0,40.0,1,246.1091715126958,246.1091715126958,12.304396343259373,12.304396343259373
ref50,115,0.2,1000.0,20.0,inf,1,182.42217999754237,182.42217999754237,12.390473448987995,12.390473448987995
ref50,116,0.2,1000.0,30.0,20.0,1,99.95,99.95,11.243488437241433,11.243488437241433
ref50,117,0.2,1000.0,30.0,30.0,1,99.95,99.95,11.116587806408143,11.116587806408143
ref50,118,0.2,1000.0,30.0,40.0,1,99.95,99.95,11.09946435639997,11.09946435639997
ref50,119,0.2,1000.0,30.0,inf,1,99.95,99.95,11.03194090001457,11.03194090001457
ref50,120,0.2,1000.0,40.0,20.0,1,99.95,99.95,11.15502750826456,11.15502750826456
ref50,121,0.2,1000.0,40.0,30.0,1,99.95,99.95,11.039874469015706,11.039874469015706
ref50,122,0.2,1000.0,40.0,40.0,1,99.95,99.95,11.091925741193563,11.091925741193563
ref50,123,0.2,1000.0,40.0,inf,1,99.95,99.95,11.08768219962344,11.08768219962344
ref50,124,0.2,1000.0,inf,20.0,1,99.95,99.95,11.023758223097069,11.023758223097069
ref50,125,0.2,1000.0,inf,30.0,1,99.95,99.95,11.025981938971574,11.025981938971574
ref50,126,0.2,1000.0,inf,40.0,1,99.95,99.95,11.059526043294387,11.059526043294387
ref50,127,0.2,1000.0,inf,inf,1,182.47923693283235,182.47923693283235,12.114449413584817,12.114449413584817
ref50,128,0.2,2000.0,20.0,20.0,1,284.55628608994954,284.55628608994954,1.077317531713834,1.077317531713834
ref50,129,0.2,2000.0,20.0,30.0,1,399.95000000000005,399.95000000000005,1.450755850327664,1.450755850327664
ref50,130,0.2,2000.0,20.0,40.0,1,148.41831106534374,148.41831106534374,1.1131990401682401,1.1131990401682401
ref50,131,0.2,2000.0,20.0,inf,1,309.590228640929,309.590228640929,0.9440382857242071,0.9440382857242071
ref50,132,0.2,2000.0,30.0,20.0,1,97.42789552296645,97.42789552296645,1.0945977122344517,1.0945977122344517
ref50,133,0.2,2000.0,30.0,30.0,1,26.063591648875505,26.063591648875505,1.0812421990709027,1.0812421990709027
ref50,134,0.2,2000.0,30.0,40.0,1,122.3040690720415,122.3040690720415,1.0264297275358558,1.0264297275358558
ref50,135,0.2,2000.0,30.0,inf,1,131.62584354746278,131.62584354746278,1.0103159132253041,1.0103159132253041
ref50,136,0.2,2000.0,40.0,20.0,1,130.31949949420152,130.31949949420152,0.7082601448265791,0.7082601448265791
ref50,137,0.2,2000.0,40.0,30.0,1,0.9611363396131861,0.9611363396131861,0.9492215527750432,0.9492215527750432
ref50,138,0.2,2000.0,40.0,40.0,1,121.97861810501495,121.97861810501495,1.0000217259121087,1.0000217259121087
ref50,139,0.2,2000.0,40.0,inf,1,106.15344787158499,106.15344787158499,1.0115825250877606,1.0115825250877606
ref50,140,0.2,2000.0,inf,20.0,1,99.95,99.95,1.0089525034364897,1.0089525034364897
ref50,141,0.2,2000.0,inf,30.0,1,131.55289101921466,131.55289101921466,1.0150003061555366,1.0150003061555366
ref50,142,0.2,2000.0,inf,40.0,1,111.80361285735349,111.80361285735349,1.0192104884978903,1.0192104884978903
ref50,143,0.2,2000.0,inf,inf,1,112.08885166205009,112.08885166205009,1.0093501894822565,1.0093501894822565
ref50,144,0.2,5000.0,20.0,20.0,1,99.95,99.95,4.765624359726571,4.765624359726571
ref50,145,0.2,5000.0,20.0,30.0,1,99.95,99.95,5.201208015725733,5.201208015725733
ref50,146,0.2,5000.0,20.0,40.0,1,99.95,99.95,5.080705124156375,5.080705124156375
ref50,147,0.2,5000.0,20.0,inf,1,99.95,99.95,4.823724403578344,4.823724403578344
ref50,148,0.2,5000.0,30.0,20.0,1,99.95,99.95,5.075144803325075,5.075144803325075
ref50,149,0.2,5000.0,30.0,30.0,1,99.95,99.95,4.701633219672658,4.701633219672658
ref50,150,0.2,5000.0,30.0,40.0,1,99.95,99.95,4.776067685940852,4.776067685940852
ref50,151,0.2,5000.0,30.0,inf,1,99.95,99.95,4.748955745623152,4.748955745623152
ref50,152,0.2,5000.0,40.0,20.0,1,99.95,99.95,4.5927427795153015,4.5927427795153015
ref50,153,0.2,5000.0,40.0,30.0,1,99.95,99.95,4.612533827111147,4.612533827111147
ref50,154,0.2,5000.0,40.0,40.0,1,99.95,99.95,4.779357466968613,4.779357466968613
ref50,155,0.2,5000.0,40.0,inf,1,99.95,99.95,4.804067862718366,4.804067862718366
ref50,156,0.2,5000.0,inf,20.0,1,99.95,99.95,4.373720667581838,4.373720667581838
ref50,157,0.2,5000.0,inf,30.0,1,99.95,99.95,4.842174765271084,4.842174765271084
ref50,158,0.2,5000.0,inf,40.0,1,99.95,99.95,4.824229470945338,4.824229470945338
ref50,159,0.2,5000.0,inf,inf,1,99.95,99.95,4.775350139338498,4.775350139338498
ref50,160,0.3,100.0,20.0,20.0,1,28.631046399867834,28.631046399867834,7.54854573608445,7.54854573608445
ref50,161,0.3,100.0,20.0,30.0,1,15.277181880822184,15.277181880822184,7.38504118214827,7.38504118214827
ref50,162,0.3,100.0,20.0,40.0,1,21.978738794725746,21.978738794725746,7.581914761229952,7.581914761229952
ref50,163,0.3,100.0,20.0,inf,1,31.849052975710002,31.849052975710002,7.5708167955429095,7.5708167955429095
ref50,164,0.3,100.0,30.0,20.0,1,21.619466909473548,21.619466909473548,7.620948163595159,7.620948163595159
ref50,165,0.3,100.0,30.0,30.0,1,14.975563505059187,14.975563505059187,7.511899105470633,7.511899105470633
ref50,166,0.3,100.0,30.0,40.0,1,25.13325843037227,25.13325843037227,7.443583110188854,7.443583110188854
ref50,167,0.3,100.0,30.0,inf,1,18.409701246075567,18.409701246075567,7.458770147544455,7.458770147544455
ref50,168,0.3,100.0,40.0,20.0,1,15.186315541745488,15.186315541745488,7.643481694247655,7.643481694247655
ref50,169,0.3,100.0,40.0,30.0,1,15.022921067604853,15.022921067604853,7.452971345313955,7.452971345313955
ref50,170,0.3,100.0,40.0,40.0,1,15.165495915916964,15.165495915916964,7.490933821380268,7.490933821380268
ref50,171,0.3,100.0,40.0,inf,1,18.371251753429537,18.371251753429537,7.486466628960528,7.486466628960528
ref50,172,0.3,100.0,inf,20.0,1,25.185209881680255,25.185209881680255,7.673395381448743,7.673395381448743
ref50,173,0.3,100.0,inf,30.0,1,18.374378613369363,18.374378613369363,7.506245262258886,7.506245262258886
ref50,174,0.3,100.0,inf,40.0,1,15.296488866080539,15.296488866080539,7.489886258970131,7.489886258970131
ref50,175,0.3,100.0,inf,inf,1,18.273597229779206,18.273597229779206,7.502385072935099,7.502385072935099
ref50,176,0.3,500.0,20.0,20.0,1,39.82240210260414,39.82240210260414,0.7470088968815503,0.7470088968815503
ref50,177,0.3,500.0,20.0,30.0,1,17.929864279545203,17.929864279545203,1.1048979366936122,1.1048979366936122
ref50,178,0.3,500.0,20.0,40.0,1,17.985782413379948,17.985782413379948,1.0967869204824978,1.0967869204824978
ref50,179,0.3,500.0,20.0,inf,1,2.246689614191666,2.246689614191666,0.9623335231181045,0.9623335231181045
ref50,180,0.3,500.0,30.0,20.0,1,9.218751546810084,9.218751546810084,0.8514898639306011,0.8514898639306011
ref50,181,0.3,500.0,30.0,30.0,1,14.751108568519598,14.751108568519598,0.9804007991434787,0.9804007991434787
ref50,182,0.3,500.0,30.0,40.0,1,4.62910648004139,4.62910648004139,1.0024628917517588,1.0024628917517588
ref50,183,0.3,500.0,30.0,inf,1,11.217455593975856,11.217455593975856,0.9872598791155724,0.9872598791155724
ref50,184,0.3,500.0,40.0,20.0,1,10.907482965048825,10.907482965048825,0.9356867360945103,0.9356867360945103
ref50,185,0.3,500.0,40.0,30.0,1,4.322362607074785,4.322362607074785,0.9619650164279733,0.9619650164279733
ref50,186,0.3,500.0,40.0,40.0,1,2.3949902679842316,2.3949902679842316,0.9419012751028049,0.9419012751028049
ref50,187,0.3,500.0,40.0,inf,1,1.1883390295314527,1.1883390295314527,0.9720186663628738,0.9720186663628738
ref50,188,0.3,500.0,inf,20.0,1,46.19198105830724,46.19198105830724,0.944015248207063,0.944015248207063
ref50,189,0.3,500.0,inf,30.0,1,1.1545431630654766,1.1545431630654766,0.9540273366764837,0.9540273366764837
ref50,190,0.3,500.0,inf,40.0,1,0.8989028751499503,0.8989028751499503,0.9609133767079697,0.9609133767079697
ref50,191,0.3,500.0,inf,inf,1,0.8278747370119393,0.8278747370119393,0.9563245765352917,0.9563245765352917
ref50,192,0.3,1000.0,20.0,20.0,1,99.96666666666667,99.96666666666667,11.041435541567182,11.041435541567182
ref50,193,0.3,1000.0,20.0,30.0,1,99.96666666666667,99.96666666666667,10.976904277307018,10.976904277307018
ref50,194,0.3,1000.0,20.0,40.0,1,99.96666666666667,99.96666666666667,11.064723950095459,11.064723950095459
ref50,195,0.3,1000.0,20.0,inf,1,99.96666666666667,99.96666666666667,11.056440307448996,11.056440307448996
ref50,196,0.3,1000.0,30.0,20.0,1,99.96666666666667,99.96666666666667,11.118917688434648,11.118917688434648
ref50,197,0.3,1000.0,30.0,30.0,1,99.96666666666667,99.96666666666667,11.098917700893365,11.098917700893365
ref50,198,0.3,1000.0,30.0,40.0,1,99.96666666666667,99.96666666666667,11.161753038641052,11.161753038641052
ref50,199,0.3,1000.0,30.0,inf,1,99.96666666666667,99.96666666666667,11.098653129015474,11.098653129015474
ref50,200,0.3,1000.0,40.0,20.0,1,99.96666666666667,99.96666666666667,11.2428186433174,11.2428186433174
ref50,201,0.3,1000.0,40.0,30.0,1,99.96666666666667,99.96666666666667,11.03726734685829,11.03726734685829
ref50,202,0.3,1000.0,40.0,40.0,1,99.96666666666667,99.96666666666667,11.081390467161077,11.081390467161077
ref50,203,0.3,1000.0,40.0,inf,1,99.96666666666667,99.96666666666667,11.080228035272091,11.080228035272091
ref50,204,0.3,1000.0,inf,20.0,1,99.96666666666667,99.96666666666667,11.010454808000521,11.010454808000521
ref50,205,0.3,1000.0,inf,30.0,1,99.96666666666667,99.96666666666667,11.078340760454704,11.078340760454704
ref50,206,0.3,1000.0,inf,40.0,1,99.96666666666667,99.96666666666667,11.081040349898956,11.081040349898956
ref50,207,0.3,1000.0,inf,inf,1,98.09447431177867,98.09447431177867,12.094925866743758,12.094925866743758
ref50,208,0.3,2000.0,20.0,20.0,1,78.20636191542361,78.20636191542361,0.9603917413548061,0.9603917413548061
ref50,209,0.3,2000.0,20.0,30.0,1,169.87077235922172,169.87077235922172,1.0695576976740084,1.0695576976740084
ref50,210,0.3,2000.0,20.0,40.0,1,44.81624170750761,44.81624170750761,1.0038987334733633,1.0038987334733633
ref50,211,0.3,2000.0,20.0,inf,1,28.78458627107431,28.78458627107431,1.1537854114656738,1.1537854114656738
ref50,212,0.3,2000.0,30.0,20.0,1,105.96948876599028,105.96948876599028,0.8681263688627723,0.8681263688627723
ref50,213,0.3,2000.0,30.0,30.0,1,105.66222259349432,105.66222259349432,1.0010336523317278,1.0010336523317278
ref50,214,0.3,2000.0,30.0,40.0,1,91.9662549256476,91.9662549256476,1.0715326225465447,1.0715326225465447
ref50,215,0.3,2000.0,30.0,inf,1,54.826613980855,54.826613980855,1.040649829843676,1.040649829843676
ref50,216,0.3,2000.0,40.0,20.0,1,99.96666666666667,99.96666666666667,1.0920139552837669,1.0920139552837669
ref50,217,0.3,2000.0,40.0,30.0,1,21.475221532354723,21.475221532354723,1.0657475651510366,1.0657475651510366
ref50,218,0.3,2000.0,40.0,40.0,1,78.78263422775088,78.78263422775088,0.9984925609862444,0.9984925609862444
ref50,219,0.3,2000.0,40.0,inf,1,68.68715585356587,68.68715585356587,1.0164979279831527,1.0164979279831527
ref50,220,0.3,2000.0,inf,20.0,1,99.96666666666667,99.96666666666667,1.136517019561427,1.136517019561427
ref50,221,0.3,2000.0,inf,30.0,1,44.38500352500202,44.38500352500202,0.9865625932376361,0.9865625932376361
ref50,222,0.3,2000.0,inf,40.0,1,75.2250342838652,75.2250342838652,1.0323646980265266,1.0323646980265266
ref50,223,0.3,2000.0,inf,inf,1,68.13058307831842,68.13058307831842,0.9980422084137217,0.9980422084137217
ref50,224,0.3,5000.0,20.0,20.0,1,99.96666666666667,99.96666666666667,4.557694077146079,4.557694077146079
ref50,225,0.3,5000.0,20.0,30.0,1,99.96666666666667,99.96666666666667,4.55627005483555,4.55627005483555
ref50,226,0.3,5000.0,20.0,40.0,1,99.96666666666667,99.96666666666667,4.66142307323651,4.66142307323651
ref50,227,0.3,5000.0,20.0,inf,1,99.96666666666667,99.96666666666667,4.587437658609051,4.587437658609051
ref50,228,0.3,5000.0,30.0,20.0,1,99.96666666666667,99.96666666666667,4.823993057785828,4.823993057785828
ref50,229,0.3,5000.0,30.0,30.0,1,99.96666666666667,99.96666666666667,4.8400040766153145,4.8400040766153145
ref50,230,0.3,5000.0,30.0,40.0,1,99.96666666666667,99.96666666666667,4.994448766656769,4.994448766656769
ref50,231,0.3,5000.0,30.0,inf,1,99.96666666666667,99.96666666666667,4.838681122218313,4.838681122218313
ref50,232,0.3,5000.0,40.0,20.0,1,99.96666666666667,99.96666666666667,4.936788687353528,4.936788687353528
ref50,233,0.3,5000.0,40.0,30.0,1,99.96666666666667,99.96666666666667,4.8206390448696945,4.8206390448696945
ref50,234,0.3,5000.0,40.0,40.0,1,99.96666666666667,99.96666666666667,4.814547451191738,4.814547451191738
ref50,235,0.3,5000.0,40.0,inf,1,99.96666666666667,99.96666666666667,4.822747208222281,4.822747208222281
ref50,236,0.3,5000.0,inf,20.0,1,99.96666666666667,99.96666666666667,4.552776006338718,4.552776006338718
ref50,237,0.3,5000.0,inf,30.0,1,99.96666666666667,99.96666666666667,4.6758375539168995,4.6758375539168995
ref50,238,0.3,5000.0,inf,40.0,1,99.96666666666667,99.96666666666667,4.7958461678415185,4.7958461678415185
ref50,239,0.3,5000.0,inf,inf,1,99.96666666666667,99.96666666666667,4.79917179639986,4.79917179639986
ref50,240,0.4,100.0,20.0,20.0,1,1.4046487436113198,1.4046487436113198,7.650458027784566,7.650458027784566
ref50,241,0.4,100.0,20.0,30.0,1,11.773166620178563,11.773166620178563,7.504390061837427,7.504390061837427
ref50,242,0.4,100.0,20.0,40.0,1,11.528782554713345,11.528782554713345,7.5629833457388145,7.5629833457388145
ref50,243,0.4,100.0,20.0,inf,1,19.201598387338798,19.201598387338798,7.454556651904952,7.454556651904952
ref50,244,0.4,100.0,30.0,20.0,1,19.052417718918356,19.052417718918356,7.41278239261429,7.41278239261429
ref50,245,0.4,100.0,30.0,30.0,1,16.5233693085699,16.5233693085699,7.497320954254392,7.497320954254392
ref50,246,0.4,100.0,30.0,40.0,1,16.671410205724545,16.671410205724545,7.511556706665203,7.511556706665203
ref50,247,0.4,100.0,30.0,inf,1,11.661922585990276,11.661922585990276,7.409443871549485,7.409443871549485
ref50,248,0.4,100.0,40.0,20.0,1,13.997707162932706,13.997707162932706,7.442218907325241,7.442218907325241
ref50,249,0.4,100.0,40.0,30.0,1,11.682668036223308,11.682668036223308,7.436556605488634,7.436556605488634
ref50,250,0.4,100.0,40.0,40.0,1,14.098317114410772,14.098317114410772,7.497983024327738,7.497983024327738
ref50,251,0.4,100.0,40.0,inf,1,14.137637764119956,14.137637764119956,7.485767025609094,7.485767025609094
ref50,252,0.4,100.0,inf,20.0,1,21.742089945854442,21.742089945854442,7.361972220818586,7.361972220818586
ref50,253,0.4,100.0,inf,30.0,1,14.282043363775518,14.282043363775518,7.504818725491803,7.504818725491803
ref50,254,0.4,100.0,inf,40.0,1,14.000214957736373,14.000214957736373,7.516900263894443,7.516900263894443
ref50,255,0.4,100.0,inf,inf,1,16.15002646278829,16.15002646278829,7.508870489471548,7.508870489471548
ref50,256,0.4,500.0,20.0,20.0,1,37.07188927624756,37.07188927624756,0.7634837949904408,0.7634837949904408
ref50,257,0.4,500.0,20.0,30.0,1,31.706940628487974,31.706940628487974,0.9539596734190923,0.9539596734190923
ref50,258,0.4,500.0,20.0,40.0,1,1.1612897014618984,1.1612897014618984,0.9670271308838778,0.9670271308838778
ref50,259,0.4,500.0,20.0,inf,1,11.707194202777105,11.707194202777105,0.9497844370394546,0.9497844370394546
ref50,260,0.4,500.0,30.0,20.0,1,16.56241360059195,16.56241360059195,0.7846619517464773,0.7846619517464773
ref50,261,0.4,500.0,30.0,30.0,1,21.6026025763833,21.6026025763833,0.9669125366137677,0.9669125366137677
ref50,262,0.4,500.0,30.0,40.0,1,4.197476607635128,4.197476607635128,1.0574958631863978,1.0574958631863978
ref50,263,0.4,500.0,30.0,inf,1,3.6794195970627355,3.6794195970627355,0.9364627426497236,0.9364627426497236
ref50,264,0.4,500.0,40.0,20.0,1,51.840661667232744,51.840661667232744,1.040881417537878,1.040881417537878
ref50,265,0.4,500.0,40.0,30.0,1,8.62443487279986,8.62443487279986,0.8757225260190011,0.8757225260190011
ref50,266,0.4,500.0,40.0,40.0,1,3.8324896586091337,3.8324896586091337,0.9329686894143719,0.9329686894143719
ref50,267,0.4,500.0,40.0,inf,1,1.2849132818546631,1.2849132818546631,0.9534877232458256,0.9534877232458256
ref50,268,0.4,500.0,inf,20.0,1,16.653370955267242,16.653370955267242,0.8123239521430718,0.8123239521430718
ref50,269,0.4,500.0,inf,30.0,1,3.4083405268657967,3.4083405268657967,1.0107547536098422,1.0107547536098422
ref50,270,0.4,500.0,inf,40.0,1,1.2884884635144949,1.2884884635144949,0.958402573967885,0.958402573967885
ref50,271,0.4,500.0,inf,inf,1,1.0930953971557134,1.0930953971557134,0.9564741312536285,0.9564741312536285
ref50,272,0.4,1000.0,20.0,20.0,1,99.975,99.975,11.02489449019689,11.02489449019689
ref50,273,0.4,1000.0,20.0,30.0,1,63.64401149623616,63.64401149623616,12.412785432983878,12.412785432983878
ref50,274,0.4,1000.0,20.0,40.0,1,99.975,99.975,11.03342857364986,11.03342857364986
ref50,275,0.4,1000.0,20.0,inf,1,99.975,99.975,11.114968619612409,11.114968619612409
ref50,276,0.4,1000.0,30.0,20.0,1,99.975,99.975,11.193205618044136,11.193205618044136
ref50,277,0.4,1000.0,30.0,30.0,1,99.975,99.975,11.111165199953302,11.111165199953302
ref50,278,0.4,1000.0,30.0,40.0,1,99.975,99.975,11.098282902468803,11.098282902468803
ref50,279,0.4,1000.0,30.0,inf,1,99.975,99.975,11.078187587282935,11.078187587282935
ref50,280,0.4,1000.0,40.0,20.0,1,99.975,99.975,10.957948044421698,10.957948044421698
ref50,281,0.4,1000.0,40.0,30.0,1,99.975,99.975,10.999677644795499,10.999677644795499
ref50,282,0.4,1000.0,40.0,40.0,1,99.975,99.975,11.065506341335528,11.065506341335528
ref50,283,0.4,1000.0,40.0,inf,1,99.975,99.975,11.06996166600643,11.06996166600643
ref50,284,0.4,1000.0,inf,20.0,1,40.42164913332629,40.42164913332629,12.444020466743746,12.444020466743746
ref50,285,0.4,1000.0,inf,30.0,1,99.975,99.975,11.071916104475497,11.071916104475497
ref50,286,0.4,1000.0,inf,40.0,1,99.975,99.975,11.069571242039649,11.069571242039649
ref50,287,0.4,1000.0,inf,inf,1,55.75166935287157,55.75166935287157,12.080112346825604,12.080112346825604
ref50,288,0.4,2000.0,20.0,20.0,1,99.975,99.975,1.0887450023349856,1.0887450023349856
ref50,289,0.4,2000.0,20.0,30.0,1,57.014074506952085,57.014074506952085,0.8929316682107811,0.8929316682107811
ref50,290,0.4,2000.0,20.0,40.0,1,72.49895253897387,72.49895253897387,0.7941234720930765,0.7941234720930765
ref50,291,0.4,2000.0,20.0,inf,1,23.57592493072533,23.57592493072533,0.9604647237179392,0.9604647237179392
ref50,292,0.4,2000.0,30.0,20.0,1,41.36629897673899,41.36629897673899,0.8637937716273996,0.8637937716273996
ref50,293,0.4,2000.0,30.0,30.0,1,82.72411976552335,82.72411976552335,0.8411670997016814,0.8411670997016814
ref50,294,0.4,2000.0,30.0,40.0,1,33.766801338604736,33.766801338604736,1.0917565951503776,1.0917565951503776
ref50,295,0.4,2000.0,30.0,inf,1,56.83844883831391,56.83844883831391,1.0039734483542133,1.0039734483542133
ref50,296,0.4,2000.0,40.0,20.0,1,3.5828745565864155,3.5828745565864155,1.0556704629723526,1.0556704629723526
ref50,297,0.4,2000.0,40.0,30.0,1,67.04418061455146,67.04418061455146,1.0517727619438915,1.0517727619438915
ref50,298,0.4,2000.0,40.0,40.0,1,31.477572005973204,31.477572005973204,1.0080421248907783,1.0080421248907783
ref50,299,0.4,2000.0,40.0,inf,1,46.31549418916286,46.31549418916286,0.9628102716880335,0.9628102716880335
ref50,300,0.4,2000.0,inf,20.0,1,82.91557740970785,82.91557740970785,1.0079056680334701,1.0079056680334701
ref50,301,0.4,2000.0,inf,30.0,1,49.435578962584266,49.435578962584266,1.0750977872576981,1.0750977872576981
ref50,302,0.4,2000.0,inf,40.0,1,46.52736465486843,46.52736465486843,0.9382314045094973,0.9382314045094973
ref50,303,0.4,2000.0,inf,inf,1,43.88580826161381,43.88580826161381,0.987190930690008,0.987190930690008
ref50,304,0.4,5000.0,20.0,20.0,1,99.975,99.975,4.802552917008925,4.802552917008925
ref50,305,0.4,5000.0,20.0,30.0,1,99.975,99.975,4.778081858407186,4.778081858407186
ref50,306,0.4,5000.0,20.0,40.0,1,99.975,99.975,4.772352734989036,4.772352734989036
ref50,307,0.4,5000.0,20.0,inf,1,99.975,99.975,4.752415546944831,4.752415546944831
ref50,308,0.4,5000.0,30.0,20.0,1,99.975,99.975,4.901816724300752,4.901816724300752
ref50,309,0.4,5000.0,30.0,30.0,1,99.975,99.975,4.79212800205858,4.79212800205858
ref50,310,0.4,5000.0,30.0,40.0,1,99.975,99.975,4.752864343140336,4.752864343140336
ref50,311,0.4,5000.0,30.0,inf,1,99.975,99.975,4.808390224610685,4.808390224610685
ref50,312,0.4,5000.0,40.0,20.0,1,99.975,99.975,5.090430229102021,5.090430229102021
ref50,313,0.4,5000.0,40.0,30.0,1,99.975,99.975,4.866207419923922,4.866207419923922
ref50,314,0.4,5000.0,40.0,40.0,1,99.975,99.975,4.76348468107004,4.76348468107004
ref50,315,0.4,5000.0,40.0,inf,1,99.975,99.975,4.79107189171853,4.79107189171853
ref50,316,0.4,5000.0,inf,20.0,1,99.975,99.975,4.822355112408441,4.822355112408441
ref50,317,0.4,5000.0,inf,30.0,1,99.975,99.975,4.754764784813742,4.754764784813742
ref50,318,0.4,5000.0,inf,40.0,1,99.975,99.975,4.839035649461476,4.839035649461476
ref50,319,0.4,5000.0,inf,inf,1,99.975,99.975,4.819468454498565,4.819468454498565
ref50,320,0.5,100.0,20.0,20.0,1,17.44493610997917,17.44493610997917,7.530542174610758,7.530542174610758
ref50,321,0.5,100.0,20.0,30.0,1,17.554275346657676,17.554275346657676,7.453190368131686,7.453190368131686
ref50,322,0.5,100.0,20.0,40.0,1,17.563373771875778,17.563373771875778,7.448902869409352,7.448902869409352
ref50,323,0.5,100.0,20.0,inf,1,9.57776323370092,9.57776323370092,7.505707179134688,7.505707179134688
ref50,324,0.5,100.0,30.0,20.0,1,5.369320848860837,5.369320848860837,7.553431111163648,7.553431111163648
ref50,325,0.5,100.0,30.0,30.0,1,15.46920002773029,15.46920002773029,7.500439879310661,7.500439879310661
ref50,326,0.5,100.0,30.0,40.0,1,11.53976393829257,11.53976393829257,7.548839816352313,7.548839816352313
ref50,327,0.5,100.0,30.0,inf,1,13.470123524282096,13.470123524282096,7.514952060083203,7.514952060083203
ref50,328,0.5,100.0,40.0,20.0,1,9.591965460742703,9.591965460742703,7.383848638610957,7.383848638610957
ref50,329,0.5,100.0,40.0,30.0,1,9.55389739416006,9.55389739416006,7.49664933643237,7.49664933643237
ref50,330,0.5,100.0,40.0,40.0,1,9.601826382205502,9.601826382205502,7.508438780666154,7.508438780666154
ref50,331,0.5,100.0,40.0,inf,1,11.476255391100665,11.476255391100665,7.5256504860699485,7.5256504860699485
ref50,332,0.5,100.0,inf,20.0,1,21.600923961012764,21.600923961012764,7.731803663670604,7.731803663670604
ref50,333,0.5,100.0,inf,30.0,1,9.565539820573399,9.565539820573399,7.49584174787708,7.49584174787708
ref50,334,0.5,100.0,inf,40.0,1,11.435548498723879,11.435548498723879,7.496379589146001,7.496379589146001
ref50,335,0.5,100.0,inf,inf,1,13.164157148820689,13.164157148820689,7.509119438227714,7.509119438227714
ref50,336,0.5,500.0,20.0,20.0,1,7.00282647627648,7.00282647627648,1.1063023761556905,1.1063023761556905
ref50,337,0.5,500.0,20.0,30.0,1,5.13367683196555,5.13367683196555,1.1178505382770028,1.1178505382770028
ref50,338,0.5,500.0,20.0,40.0,1,43.529576749520004,43.529576749520004,1.0658050850426206,1.0658050850426206
ref50,339,0.5,500.0,20.0,inf,1,27.40572150991212,27.40572150991212,0.7481047151984512,0.7481047151984512
ref50,340,0.5,500.0,30.0,20.0,1,27.291054636518197,27.291054636518197,1.0520509559165248,1.0520509559165248
ref50,341,0.5,500.0,30.0,30.0,1,5.264022036211857,5.264022036211857,1.0298067169483374,1.0298067169483374
ref50,342,0.5,500.0,30.0,40.0,1,8.958911896846299,8.958911896846299,1.021625144194445,1.021625144194445
ref50,343,0.5,500.0,30.0,inf,1,3.1864489103478277,3.1864489103478277,0.9390525064187158,0.9390525064187158
ref50,344,0.5,500.0,40.0,20.0,1,15.29418340779143,15.29418340779143,0.9411552877652071,0.9411552877652071
ref50,345,0.5,500.0,40.0,30.0,1,9.32115229727315,9.32115229727315,1.023240316490717,1.023240316490717
ref50,346,0.5,500.0,40.0,40.0,1,1.1150413223694589,1.1150413223694589,0.9680054327113453,0.9680054327113453
ref50,347,0.5,500.0,40.0,inf,1,7.150264903124759,7.150264903124759,0.9486423920043763,0.9486423920043763
ref50,348,0.5,500.0,inf,20.0,1,18.926319306568416,18.926319306568416,0.8693548098053953,0.8693548098053953
ref50,349,0.5,500.0,inf,30.0,1,2.9256791624693412,2.9256791624693412,1.0075214178425995,1.0075214178425995
ref50,350,0.5,500.0,inf,40.0,1,1.1574196606485065,1.1574196606485065,0.9361004187464118,0.9361004187464118
ref50,351,0.5,500.0,inf,inf,1,1.258114886703976,1.258114886703976,0.9567373027675558,0.9567373027675558
ref50,352,0.5,1000.0,20.0,20.0,1,99.98,99.98,11.149822912809647,11.149822912809647
ref50,353,0.5,1000.0,20.0,30.0,1,99.98,99.98,11.06351640797924,11.06351640797924
ref50,354,0.5,1000.0,20.0,40.0,1,99.98,99.98,11.15064743692002,11.15064743692002
ref50,355,0.5,1000.0,20.0,inf,1,99.98,99.98,11.118321342812145,11.118321342812145
ref50,356,0.5,1000.0,30.0,20.0,1,99.98,99.98,11.077403740726538,11.077403740726538
ref50,357,0.5,1000.0,30.0,30.0,1,99.98,99.98,11.063768632947188,11.063768632947188
ref50,358,0.5,1000.0,30.0,40.0,1,99.98,99.98,11.128567886007408,11.128567886007408
ref50,359,0.5,1000.0,30.0,inf,1,99.98,99.98,11.075701048216114,11.075701048216114
ref50,360,0.5,1000.0,40.0,20.0,1,99.98,99.98,11.188980738679787,11.188980738679787
ref50,361,0.5,1000.0,40.0,30.0,1,99.98,99.98,11.09061461722057,11.09061461722057
ref50,362,0.5,1000.0,40.0,40.0,1,99.98,99.98,11.0918078994634,11.0918078994634
ref50,363,0.5,1000.0,40.0,inf,1,99.98,99.98,11.07912807146007,11.07912807146007
ref50,364,0.5,1000.0,inf,20.0,1,99.98,99.98,11.061212751855157,11.061212751855157
ref50,365,0.5,1000.0,inf,30.0,1,99.98,99.98,11.143029694866199,11.143029694866199
ref50,366,0.5,1000.0,inf,40.0,1,99.98,99.98,11.077539301332525,11.077539301332525
ref50,367,0.5,1000.0,inf,inf,1,29.495282138363365,29.495282138363365,12.069962485167206,12.069962485167206
ref50,368,0.5,2000.0,20.0,20.0,1,45.27043305857998,45.27043305857998,1.291334578210774,1.291334578210774
ref50,369,0.5,2000.0,20.0,30.0,1,15.360526965704224,15.360526965704224,1.0821805651783507,1.0821805651783507
ref50,370,0.5,2000.0,20.0,40.0,1,59.25129837495402,59.25129837495402,0.48042342702034374,0.48042342702034374
ref50,371,0.5,2000.0,20.0,inf,1,67.78923704869095,67.78923704869095,0.9873807600662758,0.9873807600662758
ref50,372,0.5,2000.0,30.0,20.0,1,35.61883236508703,35.61883236508703,0.9160641967151151,0.9160641967151151
ref50,373,0.5,2000.0,30.0,30.0,1,23.29443067066419,23.29443067066419,0.9865476700364297,0.9865476700364297
ref50,374,0.5,2000.0,30.0,40.0,1,31.58867242122043,31.58867242122043,1.0058448750761841,1.0058448750761841
ref50,375,0.5,2000.0,30.0,inf,1,66.10784415372022,66.10784415372022,0.9142230501008498,0.9142230501008498
ref50,376,0.5,2000.0,40.0,20.0,1,23.285063280108908,23.285063280108908,1.229176567325601,1.229176567325601
ref50,377,0.5,2000.0,40.0,30.0,1,27.381502217456834,27.381502217456834,0.9725515584982987,0.9725515584982987
ref50,378,0.5,2000.0,40.0,40.0,1,17.07997571109592,17.07997571109592,0.9965362738107502,0.9965362738107502
ref50,379,0.5,2000.0,40.0,inf,1,29.399581327658165,29.399581327658165,0.9985623065285154,0.9985623065285154
ref50,380,0.5,2000.0,inf,20.0,1,53.85078282951484,53.85078282951484,0.9997850473195626,0.9997850473195626
ref50,381,0.5,2000.0,inf,30.0,1,31.534600481450802,31.534600481450802,0.9586995894158349,0.9586995894158349
ref50,382,0.5,2000.0,inf,40.0,1,17.47667602126528,17.47667602126528,0.9610800082759852,0.9610800082759852
ref50,383,0.5,2000.0,inf,inf,1,27.580015003903412,27.580015003903412,0.977614688299991,0.977614688299991
ref50,384,0.5,5000.0,20.0,20.0,1,99.98,99.98,4.350071339811075,4.350071339811075
ref50,385,0.5,5000.0,20.0,30.0,1,99.98,99.98,4.29899102931895,4.29899102931895
ref50,386,0.5,5000.0,20.0,40.0,1,99.98,99.98,4.854623086202591,4.854623086202591
ref50,387,0.5,5000.0,20.0,inf,1,99.98,99.98,5.054584958481646,5.054584958481646
ref50,388,0.5,5000.0,30.0,20.0,1,99.98,99.98,5.000929383733019,5.000929383733019
ref50,389,0.5,5000.0,30.0,30.0,1,99.98,99.98,4.939931892722743,4.939931892722743
ref50,390,0.5,5000.0,30.0,40.0,1,99.98,99.98,4.8241273040776464,4.8241273040776464
ref50,391,0.5,5000.0,30.0,inf,1,99.98,99.98,4.800912397054344,4.800912397054344
ref50,392,0.5,5000.0,40.0,20.0,1,99.98,99.98,4.62509008693818,4.62509008693818
ref50,393,0.5,5000.0,40.0,30.0,1,99.98,99.98,4.8797212612998555,4.8797212612998555
ref50,394,0.5,5000.0,40.0,40.0,1,99.98,99.98,4.863645953820233,4.863645953820233
ref50,395,0.5,5000.0,40.0,inf,1,99.98,99.98,4.843235833199815,4.843235833199815
ref50,396,0.5,5000.0,inf,20.0,1,99.98,99.98,5.081482983708392,5.081482983708392
ref50,397,0.5,5000.0,inf,30.0,1,99.98,99.98,4.794129825256114,4.794129825256114
ref50,398,0.5,5000.0,inf,40.0,1,99.98,99.98,4.825773845415807,4.825773845415807
ref50,399,0.5,5000.0,inf,inf,1,99.98,99.98,4.836240146619457,4.836240146619457
ref50,400,0.6,100.0,20.0,20.0,1,13.26683346091373,13.26683346091373,7.424047899174468,7.424047899174468
ref50,401,0.6,100.0,20.0,30.0,1,4.673625485746439,4.673625485746439,7.395679427528506,7.395679427528506
ref50,402,0.6,100.0,20.0,40.0,1,13.274946352777873,13.274946352777873,7.492327422562609,7.492327422562609
ref50,403,0.6,100.0,20.0,inf,1,13.134267420474133,13.134267420474133,7.547407161932326,7.547407161932326
ref50,404,0.6,100.0,30.0,20.0,1,6.4072774753167385,6.4072774753167385,7.271430867456843,7.271430867456843
ref50,405,0.6,100.0,30.0,30.0,1,9.881148271522292,9.881148271522292,7.491703061725133,7.491703061725133
ref50,406,0.6,100.0,30.0,40.0,1,9.734594609536778,9.734594609536778,7.512444655937727,7.512444655937727
ref50,407,0.6,100.0,30.0,inf,1,9.870336425024995,9.870336425024995,7.562284932088573,7.562284932088573
ref50,408,0.6,100.0,40.0,20.0,1,11.488276995281009,11.488276995281009,7.40688609630962,7.40688609630962
ref50,409,0.6,100.0,40.0,30.0,1,9.726302735094265,9.726302735094265,7.52903907043718,7.52903907043718
ref50,410,0.6,100.0,40.0,40.0,1,9.771186412656231,9.771186412656231,7.490872296230507,7.490872296230507
ref50,411,0.6,100.0,40.0,inf,1,9.782079526984548,9.782079526984548,7.495174663994675,7.495174663994675
ref50,412,0.6,100.0,inf,20.0,1,13.181202570359225,13.181202570359225,7.383041860082784,7.383041860082784
ref50,413,0.6,100.0,inf,30.0,1,9.661574962638884,9.661574962638884,7.515506526074078,7.515506526074078
ref50,414,0.6,100.0,inf,40.0,1,9.741945335368948,9.741945335368948,7.495307170013092,7.495307170013092
ref50,415,0.6,100.0,inf,inf,1,11.172301038102537,11.172301038102537,7.509395137493641,7.509395137493641
ref50,416,0.6,500.0,20.0,20.0,1,7.981328893395609,7.981328893395609,0.8176825643576535,0.8176825643576535
ref50,417,0.6,500.0,20.0,30.0,1,12.953106499129063,12.953106499129063,1.0141414530538668,1.0141414530538668
ref50,418,0.6,500.0,20.0,40.0,1,10.40957291573754,10.40957291573754,0.8408712570753437,0.8408712570753437
ref50,419,0.6,500.0,20.0,inf,1,18.977923134520772,18.977923134520772,0.9610694902928685,0.9610694902928685
ref50,420,0.6,500.0,30.0,20.0,1,22.974945958650515,22.974945958650515,0.9260961589819203,0.9260961589819203
ref50,421,0.6,500.0,30.0,30.0,1,5.632029404897839,5.632029404897839,0.9787884409484036,0.9787884409484036
ref50,422,0.6,500.0,30.0,40.0,1,3.895009495473593,3.895009495473593,1.0287709595754564,1.0287709595754564
ref50,423,0.6,500.0,30.0,inf,1,6.34451907778479,6.34451907778479,0.9762210033734846,0.9762210033734846
ref50,424,0.6,500.0,40.0,20.0,1,6.254489954667653,6.254489954667653,1.0633981130406938,1.0633981130406938
ref50,425,0.6,500.0,40.0,30.0,1,16.469240137454303,16.469240137454303,0.926821421254499,0.926821421254499
ref50,426,0.6,500.0,40.0,40.0,1,2.9449335798565346,2.9449335798565346,0.9616983911931924,0.9616983911931924
ref50,427,0.6,500.0,40.0,inf,1,1.1804862151586124,1.1804862151586124,0.9626800446520178,0.9626800446520178
ref50,428,0.6,500.0,inf,20.0,1,38.01380654587276,38.01380654587276,1.1014583035869123,1.1014583035869123
ref50,429,0.6,500.0,inf,30.0,1,11.35628308449843,11.35628308449843,0.9071530196173512,0.9071530196173512
ref50,430,0.6,500.0,inf,40.0,1,1.2002803485674323,1.2002803485674323,0.9633051337648908,0.9633051337648908
ref50,431,0.6,500.0,inf,inf,1,2.772728611287782,2.772728611287782,0.9581309927833445,0.9581309927833445
ref50,432,0.6,1000.0,20.0,20.0,1,99.98333333333333,99.98333333333333,11.071376590300973,11.071376590300973
ref50,433,0.6,1000.0,20.0,30.0,1,99.98333333333333,99.98333333333333,11.225798893650142,11.225798893650142
ref50,434,0.6,1000.0,20.0,40.0,1,99.98333333333333,99.98333333333333,10.978406680588817,10.978406680588817
ref50,435,0.6,1000.0,20.0,inf,1,99.98333333333333,99.98333333333333,11.120760302981797,11.120760302981797
ref50,436,0.6,1000.0,30.0,20.0,1,99.98333333333333,99.98333333333333,11.19677530743236,11.19677530743236
ref50,437,0.6,1000.0,30.0,30.0,1,99.98333333333333,99.98333333333333,11.153439334455845,11.153439334455845
ref50,438,0.6,1000.0,30.0,40.0,1,99.98333333333333,99.98333333333333,11.105190420891915,11.105190420891915
ref50,439,0.6,1000.0,30.0,inf,1,99.98333333333333,99.98333333333333,11.06465997754742,11.06465997754742
ref50,440,0.6,1000.0,40.0,20.0,1,99.98333333333333,99.98333333333333,11.092521780128289,11.092521780128289
ref50,441,0.6,1000.0,40.0,30.0,1,99.98333333333333,99.98333333333333,11.08778305626254,11.08778305626254
ref50,442,0.6,1000.0,40.0,40.0,1,99.98333333333333,99.98333333333333,11.095662947894244,11.095662947894244
ref50,443,0.6,1000.0,40.0,inf,1,99.98333333333333,99.98333333333333,11.067693718404792,11.067693718404792
ref50,444,0.6,1000.0,inf,20.0,1,99.98333333333333,99.98333333333333,10.98627932601147,10.98627932601147
ref50,445,0.6,1000.0,inf,30.0,1,99.98333333333333,99.98333333333333,11.094254220012296,11.094254220012296
ref50,446,0.6,1000.0,inf,40.0,1,99.98333333333333,99.98333333333333,11.104658671604511,11.104658671604511
ref50,447,0.6,1000.0,inf,inf,1,11.923049476262419,11.923049476262419,12.064708732039525,12.064708732039525
ref50,448,0.6,2000.0,20.0,20.0,1,6.209740943481516,6.209740943481516,0.3949602825165357,0.3949602825165357
ref50,449,0.6,2000.0,20.0,30.0,1,66.65,66.65,1.0882641561642459,1.0882641561642459
ref50,450,0.6,2000.0,20.0,40.0,1,11.102961749545782,11.102961749545782,0.9510362071208078,0.9510362071208078
ref50,451,0.6,2000.0,20.0,inf,1,66.65,66.65,1.1196122886025364,1.1196122886025364
ref50,452,0.6,2000.0,30.0,20.0,1,9.06328900890511,9.06328900890511,0.9040000381452729,0.9040000381452729
ref50,453,0.6,2000.0,30.0,30.0,1,1.1298941343685736,1.1298941343685736,1.0395754390239857,1.0395754390239857
ref50,454,0.6,2000.0,30.0,40.0,1,5.798463612423699,5.798463612423699,0.9092240527625564,0.9092240527625564
ref50,455,0.6,2000.0,30.0,inf,1,23.131567351623104,23.131567351623104,0.9656629454127824,0.9656629454127824
ref50,456,0.6,2000.0,40.0,20.0,1,26.646312394687122,26.646312394687122,0.9059722685153588,0.9059722685153588
ref50,457,0.6,2000.0,40.0,30.0,1,30.098752702966802,30.098752702966802,1.0413640038738095,1.0413640038738095
ref50,458,0.6,2000.0,40.0,40.0,1,26.843930258644047,26.843930258644047,0.9629943796094039,0.9629943796094039
ref50,459,0.6,2000.0,40.0,inf,1,21.426861439453678,21.426861439453678,1.0135559577018853,1.0135559577018853
ref50,460,0.6,2000.0,inf,20.0,1,46.191098895048334,46.191098895048334,1.0676451281391905,1.0676451281391905
ref50,461,0.6,2000.0,inf,30.0,1,4.637427091387407,4.637427091387407,0.9955547910496307,0.9955547910496307
ref50,462,0.6,2000.0,inf,40.0,1,17.9129887516587,17.9129887516587,0.9613094814166857,0.9613094814166857
ref50,463,0.6,2000.0,inf,inf,1,16.47647347151569,16.47647347151569,0.9704642785225588,0.9704642785225588
ref50,464,0.6,5000.0,20.0,20.0,1,99.98333333333333,99.98333333333333,5.26774518211052,5.26774518211052
ref50,465,0.6,5000.0,20.0,30.0,1,99.98333333333333,99.98333333333333,4.865487877802952,4.865487877802952
ref50,466,0.6,5000.0,20.0,40.0,1,99.98333333333333,99.98333333333333,4.643393723446752,4.643393723446752
ref50,467,0.6,5000.0,20.0,inf,1,99.98333333333333,99.98333333333333,4.9416078908539385,4.9416078908539385
ref50,468,0.6,5000.0,30.0,20.0,1,99.98333333333333,99.98333333333333,4.818805713702623,4.818805713702623
ref50,469,0.6,5000.0,30.0,30.0,1,99.98333333333333,99.98333333333333,4.9009798434441105,4.9009798434441105
ref50,470,0.6,5000.0,30.0,40.0,1,99.98333333333333,99.98333333333333,4.953593104210813,4.953593104210813
ref50,471,0.6,5000.0,30.0,inf,1,99.98333333333333,99.98333333333333,4.855111667454585,4.855111667454585
ref50,472,0.6,5000.0,40.0,20.0,1,99.98333333333333,99.98333333333333,5.2390819399121025,5.2390819399121025
ref50,473,0.6,5000.0,40.0,30.0,1,99.98333333333333,99.98333333333333,4.893646436152249,4.893646436152249
ref50,474,0.6,5000.0,40.0,40.0,1,99.98333333333333,99.98333333333333,4.841395271513611,4.841395271513611
ref50,475,0.6,5000.0,40.0,inf,1,99.98333333333333,99.98333333333333,4.827439894985619,4.827439894985619
ref50,476,0.6,5000.0,inf,20.0,1,99.98333333333333,99.98333333333333,5.136655316100896,5.136655316100896
ref50,477,0.6,5000.0,inf,30.0,1,99.98333333333333,99.98333333333333,4.879528677642102,4.879528677642102
ref50,478,0.6,5000.0,inf,40.0,1,99.98333333333333,99.98333333333333,4.810713692195822,4.810713692195822
ref50,479,0.6,5000.0,inf,inf,1,99.98333333333333,99.98333333333333,4.849488383623811,4.849488383623811
ref50,480,0.7,100.0,20.0,20.0,1,8.5827173848368,8.5827173848368,7.459058185791107,7.459058185791107
ref50,481,0.7,100.0,20.0,30.0,1,1.3995564252176074,1.3995564252176074,7.445145392993298,7.445145392993298
ref50,482,0.7,100.0,20.0,40.0,1,7.0700285428221274,7.0700285428221274,7.52637201038523,7.52637201038523
ref50,483,0.7,100.0,20.0,inf,1,11.511143294259126,11.511143294259126,7.461528516609589,7.461528516609589
ref50,484,0.7,100.0,30.0,20.0,1,5.547795681864048,5.547795681864048,7.523196074228764,7.523196074228764
ref50,485,0.7,100.0,30.0,30.0,1,8.549918292284339,8.549918292284339,7.473007558961228,7.473007558961228
ref50,486,0.7,100.0,30.0,40.0,1,9.9708238252914,9.9708238252914,7.445164039627201,7.445164039627201
ref50,487,0.7,100.0,30.0,inf,1,9.95160621138063,9.95160621138063,7.468936680616069,7.468936680616069
ref50,488,0.7,100.0,40.0,20.0,1,8.579921332351764,8.579921332351764,7.4716317496038736,7.4716317496038736
ref50,489,0.7,100.0,40.0,30.0,1,8.536738484657542,8.536738484657542,7.467979986494229,7.467979986494229
ref50,490,0.7,100.0,40.0,40.0,1,7.197304365070727,7.197304365070727,7.494921380062635,7.494921380062635
ref50,491,0.7,100.0,40.0,inf,1,8.619933620386584,8.619933620386584,7.497848842866447,7.497848842866447
ref50,492,0.7,100.0,inf,20.0,1,7.173169123526169,7.173169123526169,7.511579864285096,7.511579864285096
ref50,493,0.7,100.0,inf,30.0,1,9.877718058226444,9.877718058226444,7.5363566845262255,7.5363566845262255
ref50,494,0.7,100.0,inf,40.0,1,8.492673320733287,8.492673320733287,7.494530860492673,7.494530860492673
ref50,495,0.7,100.0,inf,inf,1,9.748456664380194,9.748456664380194,7.509720498879303,7.509720498879303
ref50,496,0.7,500.0,20.0,20.0,1,11.148595952857237,11.148595952857237,0.8145155902569627,0.8145155902569627
ref50,497,0.7,500.0,20.0,30.0,1,26.199838121513945,26.199838121513945,0.9816204747427605,0.9816204747427605
ref50,498,0.7,500.0,20.0,40.0,1,6.827894972512382,6.827894972512382,1.0883911843287932,1.0883911843287932
ref50,499,0.7,500.0,20.0,inf,1,1.2351393624383693,1.2351393624383693,0.8497656752299122,0.8497656752299122
ref50,500,0.7,500.0,30.0,20.0,1,17.61098365988196,17.61098365988196,0.839581255691462,0.839581255691462
ref50,501,0.7,500.0,30.0,30.0,1,0.3686717029807797,0.3686717029807797,0.8871657157574419,0.8871657157574419
ref50,502,0.7,500.0,30.0,40.0,1,1.6215579375542364,1.6215579375542364,0.9841155922361281,0.9841155922361281
ref50,503,0.7,500.0,30.0,inf,1,1.1573856500392634,1.1573856500392634,0.960012030115729,0.960012030115729
ref50,504,0.7,500.0,40.0,20.0,1,20.61424407865279,20.61424407865279,1.0116313558102206,1.0116313558102206
ref50,505,0.7,500.0,40.0,30.0,1,6.951384635682741,6.951384635682741,1.0396989036584159,1.0396989036584159
ref50,506,0.7,500.0,40.0,40.0,1,3.984832561134625,3.984832561134625,0.9615073077581997,0.9615073077581997
ref50,507,0.7,500.0,40.0,inf,1,2.5619655819081166,2.5619655819081166,0.9486834406367166,0.9486834406367166
ref50,508,0.7,500.0,inf,20.0,1,14.13886351162381,14.13886351162381,1.0946155258669137,1.0946155258669137
ref50,509,0.7,500.0,inf,30.0,1,0.3092433519166533,0.3092433519166533,0.9853392425798575,0.9853392425798575
ref50,510,0.7,500.0,inf,40.0,1,1.2828753246845024,1.2828753246845024,0.949940977021015,0.949940977021015
ref50,511,0.7,500.0,inf,inf,1,2.6562081672835136,2.6562081672835136,0.958975713903817,0.958975713903817
ref50,512,0.7,1000.0,20.0,20.0,1,99.98571428571428,99.98571428571428,11.155699997020236,11.155699997020236
ref50,513,0.7,1000.0,20.0,30.0,1,99.98571428571428,99.98571428571428,11.366484822027461,11.366484822027461
ref50,514,0.7,1000.0,20.0,40.0,1,99.98571428571428,99.98571428571428,11.322756108493024,11.322756108493024
ref50,515,0.7,1000.0,20.0,inf,1,99.98571428571428,99.98571428571428,11.177573329641312,11.177573329641312
ref50,516,0.7,1000.0,30.0,20.0,1,99.98571428571428,99.98571428571428,11.132262444481091,11.132262444481091
ref50,517,0.7,1000.0,30.0,30.0,1,99.98571428571428,99.98571428571428,11.06552137624791,11.06552137624791
ref50,518,0.7,1000.0,30.0,40.0,1,99.98571428571428,99.98571428571428,11.080090364166768,11.080090364166768
ref50,519,0.7,1000.0,30.0,inf,1,99.98571428571428,99.98571428571428,11.069864716041774,11.069864716041774
ref50,520,0.7,1000.0,40.0,20.0,1,99.98571428571428,99.98571428571428,11.130047137158034,11.130047137158034
ref50,521,0.7,1000.0,40.0,30.0,1,99.98571428571428,99.98571428571428,11.087776623266949,11.087776623266949
ref50,522,0.7,1000.0,40.0,40.0,1,99.98571428571428,99.98571428571428,11.08532423287412,11.08532423287412
ref50,523,0.7,1000.0,40.0,inf,1,99.98571428571428,99.98571428571428,11.065947661020743,11.065947661020743
ref50,524,0.7,1000.0,inf,20.0,1,99.98571428571428,99.98571428571428,11.244363204587694,11.244363204587694
ref50,525,0.7,1000.0,inf,30.0,1,99.98571428571428,99.98571428571428,11.053188461396928,11.053188461396928
ref50,526,0.7,1000.0,inf,40.0,1,99.98571428571428,99.98571428571428,11.082528993935432,11.082528993935432
ref50,527,0.7,1000.0,inf,inf,1,0.8648764663156593,0.8648764663156593,12.063926930288584,12.063926930288584
ref50,528,0.7,2000.0,20.0,20.0,1,9.065123856688784,9.065123856688784,0.7605769628516214,0.7605769628516214
ref50,529,0.7,2000.0,20.0,30.0,1,8.869080124085334,8.869080124085334,1.0641667423019612,1.0641667423019612
ref50,530,0.7,2000.0,20.0,40.0,1,11.839219093506443,11.839219093506443,1.020282145308056,1.020282145308056
ref50,531,0.7,2000.0,20.0,inf,1,27.241526989642885,27.241526989642885,0.6932003000850273,0.6932003000850273
ref50,532,0.7,2000.0,30.0,20.0,1,7.3124101288696135,7.3124101288696135,0.9442752557069071,0.9442752557069071
ref50,533,0.7,2000.0,30.0,30.0,1,4.646773508803286,4.646773508803286,0.9985692063676538,0.9985692063676538
ref50,534,0.7,2000.0,30.0,40.0,1,6.120868325639946,6.120868325639946,0.9785529686673271,0.9785529686673271
ref50,535,0.7,2000.0,30.0,inf,1,28.31394046334996,28.31394046334996,1.0476802229835926,1.0476802229835926
ref50,536,0.7,2000.0,40.0,20.0,1,42.842857142857156,42.842857142857156,0.7749735469353027,0.7749735469353027
ref50,537,0.7,2000.0,40.0,30.0,1,10.432659925929155,10.432659925929155,0.9460731395840185,0.9460731395840185
ref50,538,0.7,2000.0,40.0,40.0,1,13.179015846083482,13.179015846083482,0.9589044774788249,0.9589044774788249
ref50,539,0.7,2000.0,40.0,inf,1,1.2650766760417465,1.2650766760417465,0.9832326063174606,0.9832326063174606
ref50,540,0.7,2000.0,inf,20.0,1,17.344975303652486,17.344975303652486,0.8253616288366288,0.8253616288366288
ref50,541,0.7,2000.0,inf,30.0,1,21.078060559291956,21.078060559291956,1.0045833175631516,1.0045833175631516
ref50,542,0.7,2000.0,inf,40.0,1,5.811668860140078,5.811668860140078,0.959067199202616,0.959067199202616
ref50,543,0.7,2000.0,inf,inf,1,8.351657585327205,8.351657585327205,0.965794326076184,0.965794326076184
ref50,544,0.7,5000.0,20.0,20.0,1,99.98571428571428,99.98571428571428,5.103174559570798,5.103174559570798
ref50,545,0.7,5000.0,20.0,30.0,1,99.98571428571428,99.98571428571428,4.9100991843204795,4.9100991843204795
ref50,546,0.7,5000.0,20.0,40.0,1,99.98571428571428,99.98571428571428,5.117887022671857,5.117887022671857
ref50,547,0.7,5000.0,20.0,inf,1,99.98571428571428,99.98571428571428,4.9717132787700935,4.9717132787700935
ref50,548,0.7,5000.0,30.0,20.0,1,99.98571428571428,99.98571428571428,4.861017687520889,4.861017687520889
ref50,549,0.7,5000.0,30.0,30.0,1,99.98571428571428,99.98571428571428,4.919814868644807,4.919814868644807
ref50,550,0.7,5000.0,30.0,40.0,1,99.98571428571428,99.98571428571428,5.006789194103639,5.006789194103639
ref50,551,0.7,5000.0,30.0,inf,1,99.98571428571428,99.98571428571428,4.664225340485263,4.664225340485263
ref50,552,0.7,5000.0,40.0,20.0,1,99.98571428571428,99.98571428571428,5.042962775807609,5.042962775807609
ref50,553,0.7,5000.0,40.0,30.0,1,99.98571428571428,99.98571428571428,4.8160260405860935,4.8160260405860935
ref50,554,0.7,5000.0,40.0,40.0,1,99.98571428571428,99.98571428571428,4.861098480313976,4.861098480313976
ref50,555,0.7,5000.0,40.0,inf,1,99.98571428571428,99.98571428571428,4.873582951676344,4.873582951676344
ref50,556,0.7,5000.0,inf,20.0,1,99.98571428571428,99.98571428571428,4.908479926549444,4.908479926549444
ref50,557,0.7,5000.0,inf,30.0,1,99.98571428571428,99.98571428571428,4.8530530774453835,4.8530530774453835
ref50,558,0.7,5000.0,inf,40.0,1,99.98571428571428,99.98571428571428,4.852461980429798,4.852461980429798
ref50,559,0.7,5000.0,inf,inf,1,99.98571428571428,99.98571428571428,4.8592154365241,4.8592154365241
ref50,560,0.8,100.0,20.0,20.0,1,8.937895389340783,8.937895389340783,7.411760379453369,7.411760379453369
ref50,561,0.8,100.0,20.0,30.0,1,2.6112807122685155,2.6112807122685155,7.52213385147877,7.52213385147877
ref50,562,0.8,100.0,20.0,40.0,1,3.841668061335887,3.841668061335887,7.596708703476295,7.596708703476295
ref50,563,0.8,100.0,20.0,inf,1,13.883703914945574,13.883703914945574,7.477641547925928,7.477641547925928
ref50,564,0.8,100.0,30.0,20.0,1,5.070906947913428,5.070906947913428,7.473731954108757,7.473731954108757
ref50,565,0.8,100.0,30.0,30.0,1,6.3712842561482885,6.3712842561482885,7.5112652470057375,7.5112652470057375
ref50,566,0.8,100.0,30.0,40.0,1,7.557782665563006,7.557782665563006,7.486409451277183,7.486409451277183
ref50,567,0.8,100.0,30.0,inf,1,8.797663707790711,8.797663707790711,7.417583705754993,7.417583705754993
ref50,568,0.8,100.0,40.0,20.0,1,8.856014616343542,8.856014616343542,7.540641200212362,7.540641200212362
ref50,569,0.8,100.0,40.0,30.0,1,7.582816910962033,7.582816910962033,7.5132077736506195,7.5132077736506195
ref50,570,0.8,100.0,40.0,40.0,1,8.877494848917227,8.877494848917227,7.48238944075041,7.48238944075041
ref50,571,0.8,100.0,40.0,inf,1,7.599647212127123,7.599647212127123,7.487385106202169,7.487385106202169
ref50,572,0.8,100.0,inf,20.0,1,7.688394311364588,7.688394311364588,7.293315374964506,7.293315374964506
ref50,573,0.8,100.0,inf,30.0,1,7.589766775836712,7.589766775836712,7.532440114446615,7.532440114446615
ref50,574,0.8,100.0,inf,40.0,1,7.578715852769285,7.578715852769285,7.498588046362797,7.498588046362797
ref50,575,0.8,100.0,inf,inf,1,8.679632155395202,8.679632155395202,7.510116770410747,7.510116770410747
ref50,576,0.8,500.0,20.0,20.0,1,20.308018546779966,20.308018546779966,0.937801297722558,0.937801297722558
ref50,577,0.8,500.0,20.0,30.0,1,21.312499397990194,21.312499397990194,1.0991871227327237,1.0991871227327237
ref50,578,0.8,500.0,20.0,40.0,1,19.97255667151368,19.97255667151368,1.0940542138564866,1.0940542138564866
ref50,579,0.8,500.0,20.0,inf,1,24.987499999999994,24.987499999999994,0.9713727435750116,0.9713727435750116
ref50,580,0.8,500.0,30.0,20.0,1,20.259393945970675,20.259393945970675,0.951153565019706,0.951153565019706
ref50,581,0.8,500.0,30.0,30.0,1,10.116330593605573,10.116330593605573,0.8792157101194903,0.8792157101194903
ref50,582,0.8,500.0,30.0,40.0,1,6.2205378289556945,6.2205378289556945,0.9460626101867888,0.9460626101867888
ref50,583,0.8,500.0,30.0,inf,1,6.201783444108974,6.201783444108974,0.9109505214062779,0.9109505214062779
ref50,584,0.8,500.0,40.0,20.0,1,18.732976644393606,18.732976644393606,0.9791071141643897,0.9791071141643897
ref50,585,0.8,500.0,40.0,30.0,1,5.0371038924482,5.0371038924482,1.0072502285649307,1.0072502285649307
ref50,586,0.8,500.0,40.0,40.0,1,6.149455682108438,6.149455682108438,0.9504586731187373,0.9504586731187373
ref50,587,0.8,500.0,40.0,inf,1,4.987516461078423,4.987516461078423,0.9678266133343527,0.9678266133343527
ref50,588,0.8,500.0,inf,20.0,1,25.270587338557508,25.270587338557508,0.8238038503297389,0.8238038503297389
ref50,589,0.8,500.0,inf,30.0,1,5.101932164501346,5.101932164501346,0.9881350051270715,0.9881350051270715
ref50,590,0.8,500.0,inf,40.0,1,5.045184924291166,5.045184924291166,0.986011300813584,0.986011300813584
ref50,591,0.8,500.0,inf,inf,1,3.6206781828353045,3.6206781828353045,0.9616757046558178,0.9616757046558178
ref50,592,0.8,1000.0,20.0,20.0,1,14.268018193056923,14.268018193056923,12.479362863036794,12.479362863036794
ref50,593,0.8,1000.0,20.0,30.0,1,24.987499999999994,24.987499999999994,11.116677124062562,11.116677124062562
ref50,594,0.8,1000.0,20.0,40.0,1,99.98750000000001,99.98750000000001,11.050937215420243,11.050937215420243
ref50,595,0.8,1000.0,20.0,inf,1,99.98750000000001,99.98750000000001,11.123335520870626,11.123335520870626
ref50,596,0.8,1000.0,30.0,20.0,1,99.98750000000001,99.98750000000001,10.97431928026532,10.97431928026532
ref50,597,0.8,1000.0,30.0,30.0,1,24.987499999999994,24.987499999999994,11.080184526430013,11.080184526430013
ref50,598,0.8,1000.0,30.0,40.0,1,99.98750000000001,99.98750000000001,11.116704642569903,11.116704642569903
ref50,599,0.8,1000.0,30.0,inf,1,99.98750000000001,99.98750000000001,11.050789513882602,11.050789513882602
ref50,600,0.8,1000.0,40.0,20.0,1,24.987499999999994,24.987499999999994,11.36416960453804,11.36416960453804
ref50,601,0.8,1000.0,40.0,30.0,1,99.98750000000001,99.98750000000001,11.123408492296686,11.123408492296686
ref50,602,0.8,1000.0,40.0,40.0,1,99.98750000000001,99.98750000000001,11.08692864590348,11.08692864590348
ref50,603,0.8,1000.0,40.0,inf,1,99.98750000000001,99.98750000000001,11.096602611341325,11.096602611341325
ref50,604,0.8,1000.0,inf,20.0,1,99.98750000000001,99.98750000000001,11.068978309455497,11.068978309455497
ref50,605,0.8,1000.0,inf,30.0,1,99.98750000000001,99.98750000000001,10.996949712411459,10.996949712411459
ref50,606,0.8,1000.0,inf,40.0,1,99.98750000000001,99.98750000000001,11.081992520125983,11.081992520125983
ref50,607,0.8,1000.0,inf,inf,1,8.83583350320495,8.83583350320495,12.068183892532351,12.068183892532351
ref50,608,0.8,2000.0,20.0,20.0,1,79.25663467106645,79.25663467106645,0.8551592843833646,0.8551592843833646
ref50,609,0.8,2000.0,20.0,30.0,1,1.901978070026955,1.901978070026955,0.775794137766377,0.775794137766377
ref50,610,0.8,2000.0,20.0,40.0,1,17.090903760672834,17.090903760672834,0.9836169259891676,0.9836169259891676
ref50,611,0.8,2000.0,20.0,inf,1,0.3460211373010058,0.3460211373010058,0.849437883625194,0.849437883625194
ref50,612,0.8,2000.0,30.0,20.0,1,24.987499999999994,24.987499999999994,1.0769568897590376,1.0769568897590376
ref50,613,0.8,2000.0,30.0,30.0,1,17.78928962214371,17.78928962214371,0.9443628756186968,0.9443628756186968
ref50,614,0.8,2000.0,30.0,40.0,1,24.987499999999994,24.987499999999994,1.0113022975728767,1.0113022975728767
ref50,615,0.8,2000.0,30.0,inf,1,9.600973665723988,9.600973665723988,0.9382475971297708,0.9382475971297708
ref50,616,0.8,2000.0,40.0,20.0,1,55.61788917203336,55.61788917203336,1.2937266990810712,1.2937266990810712
ref50,617,0.8,2000.0,40.0,30.0,1,21.53029740649914,21.53029740649914,0.9559275311275769,0.9559275311275769
ref50,618,0.8,2000.0,40.0,40.0,1,12.078428643164537,12.078428643164537,0.9672003196431547,0.9672003196431547
ref50,619,0.8,2000.0,40.0,inf,1,8.207595819371347,8.207595819371347,0.9757807925943667,0.9757807925943667
ref50,620,0.8,2000.0,inf,20.0,1,24.987499999999994,24.987499999999994,0.96998734752774,0.96998734752774
ref50,621,0.8,2000.0,inf,30.0,1,2.451503662837029,2.451503662837029,0.9351675167468556,0.9351675167468556
ref50,622,0.8,2000.0,inf,40.0,1,0.07037166795657857,0.07037166795657857,0.9645845548054354,0.9645845548054354
ref50,623,0.8,2000.0,inf,inf,1,1.2560557678248374,1.2560557678248374,0.9636093242497509,0.9636093242497509
ref50,624,0.8,5000.0,20.0,20.0,1,99.98750000000001,99.98750000000001,4.60509060941602,4.60509060941602
ref50,625,0.8,5000.0,20.0,30.0,1,99.98750000000001,99.98750000000001,4.595488441411617,4.595488441411617
ref50,626,0.8,5000.0,20.0,40.0,1,99.98750000000001,99.98750000000001,4.934798088313691,4.934798088313691
ref50,627,0.8,5000.0,20.0,inf,1,99.98750000000001,99.98750000000001,5.005476754571191,5.005476754571191
ref50,628,0.8,5000.0,30.0,20.0,1,99.98750000000001,99.98750000000001,4.834682008895033,4.834682008895033
ref50,629,0.8,5000.0,30.0,30.0,1,99.98750000000001,99.98750000000001,4.812114039542721,4.812114039542721
ref50,630,0.8,5000.0,30.0,40.0,1,99.98750000000001,99.98750000000001,4.88674437839436,4.88674437839436
ref50,631,0.8,5000.0,30.0,inf,1,99.98750000000001,99.98750000000001,4.893953258026832,4.893953258026832
ref50,632,0.8,5000.0,40.0,20.0,1,99.98750000000001,99.98750000000001,4.7271740631620744,4.7271740631620744
ref50,633,0.8,5000.0,40.0,30.0,1,99.98750000000001,99.98750000000001,4.818221499197534,4.818221499197534
ref50,634,0.8,5000.0,40.0,40.0,1,99.98750000000001,99.98750000000001,4.830691110812058,4.830691110812058
ref50,635,0.8,5000.0,40.0,inf,1,99.98750000000001,99.98750000000001,4.881241046208888,4.881241046208888
ref50,636,0.8,5000.0,inf,20.0,1,99.98750000000001,99.98750000000001,4.795726779129819,4.795726779129819
ref50,637,0.8,5000.0,inf,30.0,1,99.98750000000001,99.98750000000001,4.8927775119160835,4.8927775119160835
ref50,638,0.8,5000.0,inf,40.0,1,99.98750000000001,99.98750000000001,4.8851593572757706,4.8851593572757706
ref50,639,0.8,5000.0,inf,inf,1,99.98750000000001,99.98750000000001,4.865423854024303,4.865423854024303
ref50,640,0.9,100.0,20.0,20.0,1,2.4161423276000495,2.4161423276000495,7.44983179379301,7.44983179379301
ref50,641,0.9,100.0,20.0,30.0,1,8.093709851091146,8.093709851091146,7.353061347402985,7.353061347402985
ref50,642,0.9,100.0,20.0,40.0,1,9.095798274748155,9.095798274748155,7.464500490560454,7.464500490560454
ref50,643,0.9,100.0,20.0,inf,1,9.328069059779923,9.328069059779923,7.474535606696791,7.474535606696791
ref50,644,0.9,100.0,30.0,20.0,1,7.971975912623367,7.971975912623367,7.530413342493305,7.530413342493305
ref50,645,0.9,100.0,30.0,30.0,1,5.683841103502445,5.683841103502445,7.455680857670061,7.455680857670061
ref50,646,0.9,100.0,30.0,40.0,1,5.71529502415206,5.71529502415206,7.537993951750265,7.537993951750265
ref50,647,0.9,100.0,30.0,inf,1,7.9973173858596995,7.9973173858596995,7.510400654014675,7.510400654014675
ref50,648,0.9,100.0,40.0,20.0,1,6.872428984799105,6.872428984799105,7.593823115556732,7.593823115556732
ref50,649,0.9,100.0,40.0,30.0,1,5.748445614236498,5.748445614236498,7.464880910230407,7.464880910230407
ref50,650,0.9,100.0,40.0,40.0,1,6.961334064608613,6.961334064608613,7.508106203997259,7.508106203997259
ref50,651,0.9,100.0,40.0,inf,1,6.876366871912583,6.876366871912583,7.5189811419594434,7.5189811419594434
ref50,652,0.9,100.0,inf,20.0,1,9.226108608788032,9.226108608788032,7.619746934362325,7.619746934362325
ref50,653,0.9,100.0,inf,30.0,1,8.055510692403942,8.055510692403942,7.462008122866664,7.462008122866664
ref50,654,0.9,100.0,inf,40.0,1,7.912985048476854,7.912985048476854,7.519743613335108,7.519743613335108
ref50,655,0.9,100.0,inf,inf,1,7.84750545146927,7.84750545146927,7.510603356538538,7.510603356538538
ref50,656,0.9,500.0,20.0,20.0,1,11.099999999999998,11.099999999999998,0.9130382491487353,0.9130382491487353
ref50,657,0.9,500.0,20.0,30.0,1,1.15419335005007,1.15419335005007,1.069633600186944,1.069633600186944
ref50,658,0.9,500.0,20.0,40.0,1,2.3414359615862765,2.3414359615862765,0.8053514308168814,0.8053514308168814
ref50,659,0.9,500.0,20.0,inf,1,11.099999999999998,11.099999999999998,1.0086906908071682,1.0086906908071682
ref50,660,0.9,500.0,30.0,20.0,1,6.582524680780576,6.582524680780576,1.2684091958600674,1.2684091958600674
ref50,661,0.9,500.0,30.0,30.0,1,1.165038593028362,1.165038593028362,1.0247237815599646,1.0247237815599646
ref50,662,0.9,500.0,30.0,40.0,1,2.3156971915217914,2.3156971915217914,0.9222575418323004,0.9222575418323004
ref50,663,0.9,500.0,30.0,inf,1,2.1507394507456445,2.1507394507456445,0.9330322525034489,0.9330322525034489
ref50,664,0.9,500.0,40.0,20.0,1,11.099999999999998,11.099999999999998,0.8074293298947964,0.8074293298947964
ref50,665,0.9,500.0,40.0,30.0,1,1.085261812369552,1.085261812369552,0.906504924163562,0.906504924163562
ref50,666,0.9,500.0,40.0,40.0,1,4.486462012242232,4.486462012242232,0.9678554876851535,0.9678554876851535
ref50,667,0.9,500.0,40.0,inf,1,1.1972539970096137,1.1972539970096137,0.9599738051697045,0.9599738051697045
ref50,668,0.9,500.0,inf,20.0,1,11.099999999999998,11.099999999999998,1.0071258074041907,1.0071258074041907
ref50,669,0.9,500.0,inf,30.0,1,4.4094421796310055,4.4094421796310055,1.0178939599519707,1.0178939599519707
ref50,670,0.9,500.0,inf,40.0,1,1.2186544157350616,1.2186544157350616,0.9514957939246529,0.9514957939246529
ref50,671,0.9,500.0,inf,inf,1,3.4362771251923565,3.4362771251923565,0.9631024359368439,0.9631024359368439
ref50,672,0.9,1000.0,20.0,20.0,1,11.099999999999998,11.099999999999998,11.213491449128094,11.213491449128094
ref50,673,0.9,1000.0,20.0,30.0,1,31.02016928788953,31.02016928788953,12.452633921777807,12.452633921777807
ref50,674,0.9,1000.0,20.0,40.0,1,99.9888888888889,99.9888888888889,11.224756237449684,11.224756237449684
ref50,675,0.9,1000.0,20.0,inf,1,11.099999999999998,11.099999999999998,11.179968220343437,11.179968220343437
ref50,676,0.9,1000.0,30.0,20.0,1,11.099999999999998,11.099999999999998,11.049428146619448,11.049428146619448
ref50,677,0.9,1000.0,30.0,30.0,1,11.099999999999998,11.099999999999998,11.061401116664547,11.061401116664547
ref50,678,0.9,1000.0,30.0,40.0,1,11.099999999999998,11.099999999999998,11.020459205320275,11.020459205320275
ref50,679,0.9,1000.0,30.0,inf,1,99.9888888888889,99.9888888888889,11.059001166304233,11.059001166304233
ref50,680,0.9,1000.0,40.0,20.0,1,11.099999999999998,11.099999999999998,10.966033568853447,10.966033568853447
ref50,681,0.9,1000.0,40.0,30.0,1,11.099999999999998,11.099999999999998,10.994917495110167,10.994917495110167
ref50,682,0.9,1000.0,40.0,40.0,1,99.9888888888889,99.9888888888889,11.06421140946344,11.06421140946344
ref50,683,0.9,1000.0,40.0,inf,1,99.9888888888889,99.9888888888889,11.070605634743014,11.070605634743014
ref50,684,0.9,1000.0,inf,20.0,1,20.143875326025043,20.143875326025043,12.450792147044604,12.450792147044604
ref50,685,0.9,1000.0,inf,30.0,1,11.099999999999998,11.099999999999998,11.0685595507818,11.0685595507818
ref50,686,0.9,1000.0,inf,40.0,1,99.9888888888889,99.9888888888889,11.089772523355407,11.089772523355407
ref50,687,0.9,1000.0,inf,inf,1,16.413253342206954,16.413253342206954,12.077296234465894,12.077296234465894
ref50,688,0.9,2000.0,20.0,20.0,1,15.441301590175685,15.441301590175685,0.8137444228912727,0.8137444228912727
ref50,689,0.9,2000.0,20.0,30.0,1,17.669004492780168,17.669004492780168,0.831303771198634,0.831303771198634
ref50,690,0.9,2000.0,20.0,40.0,1,11.099999999999998,11.099999999999998,1.1771552692329579,1.1771552692329579
ref50,691,0.9,2000.0,20.0,inf,1,51.153055059121115,51.153055059121115,0.7550673918574489,0.7550673918574489
ref50,692,0.9,2000.0,30.0,20.0,1,7.858912764404671,7.858912764404671,1.198943061327134,1.198943061327134
ref50,693,0.9,2000.0,30.0,30.0,1,5.495980169761715,5.495980169761715,0.8747370842596525,0.8747370842596525
ref50,694,0.9,2000.0,30.0,40.0,1,12.030722352992246,12.030722352992246,0.8964558222163305,0.8964558222163305
ref50,695,0.9,2000.0,30.0,inf,1,11.099999999999998,11.099999999999998,0.9916993833197694,0.9916993833197694
ref50,696,0.9,2000.0,40.0,20.0,1,5.258641586545,5.258641586545,1.067649890437758,1.067649890437758
ref50,697,0.9,2000.0,40.0,30.0,1,1.5347874455962454,1.5347874455962454,0.9784065220508296,0.9784065220508296
ref50,698,0.9,2000.0,40.0,40.0,1,1.4828657906080664,1.4828657906080664,0.941416787356377,0.941416787356377
ref50,699,0.9,2000.0,40.0,inf,1,3.6030886618986604,3.6030886618986604,0.9469750005247647,0.9469750005247647
ref50,700,0.9,2000.0,inf,20.0,1,11.099999999999998,11.099999999999998,0.7440205829195975,0.7440205829195975
ref50,701,0.9,2000.0,inf,30.0,1,9.946337064630587,9.946337064630587,0.9274799050939009,0.9274799050939009
ref50,702,0.9,2000.0,inf,40.0,1,2.4472409106588064,2.4472409106588064,0.9724129453719798,0.9724129453719798
ref50,703,0.9,2000.0,inf,inf,1,2.850038429733279,2.850038429733279,0.9640936733630496,0.9640936733630496
ref50,704,0.9,5000.0,20.0,20.0,1,99.9888888888889,99.9888888888889,4.657302436761838,4.657302436761838
ref50,705,0.9,5000.0,20.0,30.0,1,99.9888888888889,99.9888888888889,5.438321672683742,5.438321672683742
ref50,706,0.9,5000.0,20.0,40.0,1,99.9888888888889,99.9888888888889,4.8630075190849675,4.8630075190849675
ref50,707,0.9,5000.0,20.0,inf,1,99.9888888888889,99.9888888888889,4.697188604714848,4.697188604714848
ref50,708,0.9,5000.0,30.0,20.0,1,99.9888888888889,99.9888888888889,4.303322583553017,4.303322583553017
ref50,709,0.9,5000.0,30.0,30.0,1,99.9888888888889,99.9888888888889,4.869273409276284,4.869273409276284
ref50,710,0.9,5000.0,30.0,40.0,1,99.9888888888889,99.9888888888889,4.736566934996644,4.736566934996644
ref50,711,0.9,5000.0,30.0,inf,1,99.9888888888889,99.9888888888889,4.764985937607744,4.764985937607744
ref50,712,0.9,5000.0,40.0,20.0,1,99.9888888888889,99.9888888888889,4.887080368216102,4.887080368216102
ref50,713,0.9,5000.0,40.0,30.0,1,99.9888888888889,99.9888888888889,4.7761625635090965,4.7761625635090965
ref50,714,0.9,5000.0,40.0,40.0,1,99.9888888888889,99.9888888888889,4.850284643482264,4.850284643482264
ref50,715,0.9,5000.0,40.0,inf,1,99.9888888888889,99.9888888888889,4.888500939684564,4.888500939684564
ref50,716,0.9,5000.0,inf,20.0,1,99.9888888888889,99.9888888888889,5.06714510445263,5.06714510445263
ref50,717,0.9,5000.0,inf,30.0,1,99.9888888888889,99.9888888888889,4.983328805108267,4.983328805108267
ref50,718,0.9,5000.0,inf,40.0,1,99.9888888888889,99.9888888888889,4.863646143667138,4.863646143667138
ref50,719,0.9,5000.0,inf,inf,1,99.9888888888889,99.9888888888889,4.868116589596812,4.868116589596812
