trial,fault_bus,alpha_true,Rx_true,snr_v_db,snr_i_db,loc_err_emanuel_dft,loc_err_wang2020_dft,loc_err_emanuel_tft,loc_err_wang2020_tft,delta_dft,delta_tft
0,bus_01,0.5,100.0,20.0,30.0,63.30195830756145,26.642739831249884,89.34388599130048,57.003575616202305,-36.659218476311565,-32.34031037509818
0,bus_01,0.5,100.0,20.0,40.0,71.24700947619473,32.702896825716785,99.71191946946651,83.285469520338,-38.54411265047795,-16.42644994912851
0,bus_01,0.5,100.0,20.0,inf,71.33861808730897,44.95684129456963,99.98,99.98,-26.381776792739345,0.0
0,bus_01,0.5,100.0,30.0,30.0,67.20546612740253,18.636426349794142,99.98,83.38921099900908,-48.56903977760839,-16.590789000990924
0,bus_01,0.5,100.0,30.0,40.0,63.36014176250124,32.68898004648327,99.98,91.40274904033201,-30.67116171601797,-8.577250959667992
0,bus_01,0.5,100.0,30.0,inf,63.27122018432539,77.14337552939938,99.98,95.74936948514889,13.872155345073992,-4.230630514851114
0,bus_01,0.5,100.0,40.0,30.0,65.00944097338856,38.869849367267896,99.98,99.98,-26.139591606120668,0.0
0,bus_01,0.5,100.0,40.0,40.0,65.12200482866045,10.647186684854493,99.98,69.17749523377145,-54.47481814380596,-30.80250476622855
0,bus_01,0.5,100.0,40.0,inf,65.12729637010878,24.671425785311396,99.98,56.9817453750419,-40.45587058479738,-42.9982546249581
0,bus_01,0.5,100.0,inf,30.0,64.99985000565212,69.41301136737054,99.98,99.98,4.413161361718423,0.0
0,bus_01,0.5,100.0,inf,40.0,65.029866778358,67.25072101530304,99.98,99.98,2.220854236945044,0.0
0,bus_01,0.5,100.0,inf,inf,61.9075510491642,65.55888519332444,99.98,92.33353650875122,3.651334144160245,-7.646463491248781
0,bus_01,0.5,500.0,20.0,30.0,99.98,99.98,99.98,99.98,0.0,0.0
0,bus_01,0.5,500.0,20.0,40.0,99.98,99.98,99.98,99.98,0.0,0.0
0,bus_01,0.5,500.0,20.0,inf,99.98,99.98,99.98,99.98,0.0,0.0
0,bus_01,0.5,500.0,30.0,30.0,99.98,99.98,99.98,99.98,0.0,0.0
0,bus_01,0.5,500.0,30.0,40.0,99.98,99.98,99.98,99.98,0.0,0.0
0,bus_01,0.5,500.0,30.0,inf,99.98,99.98,99.98,99.98,0.0,0.0
0,bus_01,0.5,500.0,40.0,30.0,99.98,99.98,99.98,99.98,0.0,0.0
0,bus_01,0.5,500.0,40.0,40.0,99.98,99.98,99.98,99.98,0.0,0.0
0,bus_01,0.5,500.0,40.0,inf,99.98,99.98,99.98,99.98,0.0,0.0
0,bus_01,0.5,500.0,inf,30.0,99.98,99.98,99.98,99.98,0.0,0.0
0,bus_01,0.5,500.0,inf,40.0,99.98,99.98,99.98,99.98,0.0,0.0
0,bus_01,0.5,500.0,inf,inf,99.98,99.98,99.98,99.98,0.0,0.0
0,bus_01,0.5,1000.0,20.0,30.0,99.98,99.98,99.98,99.98,0.0,0.0
0,bus_01,0.5,1000.0,20.0,40.0,99.98,99.98,99.98,99.98,0.0,0.0
0,bus_01,0.5,1000.0,20.0,inf,99.98,99.98,99.98,99.98,0.0,0.0
0,bus_01,0.5,1000.0,30.0,30.0,99.98,99.98,99.98,99.98,0.0,0.0
0,bus_01,0.5,1000.0,30.0,40.0,99.98,99.98,99.98,99.98,0.0,0.0
0,bus_01,0.5,1000.0,30.0,inf,99.98,99.98,99.98,99.98,0.0,0.0
0,bus_01,0.5,1000.0,40.0,30.0,99.98,99.98,99.98,99.98,0.0,0.0
0,bus_01,0.5,1000.0,40.0,40.0,99.98,99.98,99.98,99.98,0.0,0.0
0,bus_01,0.5,1000.0,40.0,inf,99.98,99.98,99.98,99.98,0.0,0.0
0,bus_01,0.5,1000.0,inf,30.0,99.98,99.98,99.98,99.98,0.0,0.0
0,bus_01,0.5,1000.0,inf,40.0,99.98,99.98,99.98,99.98,0.0,0.0
0,bus_01,0.5,1000.0,inf,inf,99.98,99.98,99.98,99.98,0.0,0.0
0,bus_01,0.5,2000.0,20.0,30.0,99.98,99.98,99.98,99.98,0.0,0.0
0,bus_01,0.5,2000.0,20.0,40.0,99.98,99.98,99.98,99.98,0.0,0.0
0,bus_01,0.5,2000.0,20.0,inf,99.98,99.98,99.98,99.98,0.0,0.0
0,bus_01,0.5,2000.0,30.0,30.0,99.98,99.98,99.98,99.98,0.0,0.0
0,bus_01,0.5,2000.0,30.0,40.0,99.98,99.98,99.98,99.98,0.0,0.0
0,bus_01,0.5,2000.0,30.0,inf,99.98,99.98,99.98,99.98,0.0,0.0
0,bus_01,0.5,2000.0,40.0,30.0,99.98,99.98,99.98,99.98,0.0,0.0
0,bus_01,0.5,2000.0,40.0,40.0,99.98,99.98,99.98,99.98,0.0,0.0
0,bus_01,0.5,2000.0,40.0,inf,99.98,99.98,99.98,99.98,0.0,0.0
0,bus_01,0.5,2000.0,inf,30.0,99.98,99.98,99.98,99.98,0.0,0.0
0,bus_01,0.5,2000.0,inf,40.0,99.98,99.98,99.98,99.98,0.0,0.0
0,bus_01,0.5,2000.0,inf,inf,99.98,99.98,99.98,99.98,0.0,0.0
0,bus_01,0.5,5000.0,20.0,30.0,99.98,99.98,99.98,99.98,0.0,0.0
0,bus_01,0.5,5000.0,20.0,40.0,99.98,99.98,99.98,99.98,0.0,0.0
0,bus_01,0.5,5000.0,20.0,inf,99.98,99.98,99.98,99.98,0.0,0.0
0,bus_01,0.5,5000.0,30.0,30.0,99.98,99.98,99.98,99.98,0.0,0.0
0,bus_01,0.5,5000.0,30.0,40.0,99.98,99.98,99.98,99.98,0.0,0.0
0,bus_01,0.5,5000.0,30.0,inf,99.98,99.98,99.98,99.98,0.0,0.0
0,bus_01,0.5,5000.0,40.0,30.0,99.98,99.98,99.98,99.98,0.0,0.0
0,bus_01,0.5,5000.0,40.0,40.0,99.98,99.98,99.98,99.98,0.0,0.0
0,bus_01,0.5,5000.0,40.0,inf,99.98,99.98,99.98,99.98,0.0,0.0
0,bus_01,0.5,5000.0,inf,30.0,99.98,99.98,99.98,99.98,0.0,0.0
0,bus_01,0.5,5000.0,inf,40.0,99.98,99.98,99.98,99.98,0.0,0.0
0,bus_01,0.5,5000.0,inf,inf,99.98,99.98,99.98,99.98,0.0,0.0
0,bus_07,0.5,100.0,20.0,30.0,61.43300182252178,62.9126139229188,99.98,99.98,1.47961210039702,0.0
0,bus_07,0.5,100.0,20.0,40.0,63.18358243862258,24.71706983498351,99.98,71.37064787114835,-38.466512603639075,-28.609352128851654
0,bus_07,0.5,100.0,20.0,inf,63.382459547488736,73.31784827670198,99.95698782525652,77.21801195823228,9.935388729213244,-22.738975867024237
0,bus_07,0.5,100.0,30.0,30.0,62.94544106983566,12.4736356862159,99.98,85.40619164067623,-50.47180538361976,-14.573808359323777
0,bus_07,0.5,100.0,30.0,40.0,65.1819630521497,46.89671375783659,99.98,97.41904602246095,-18.28524929431311,-2.5609539775390573
0,bus_07,0.5,100.0,30.0,inf,65.1907304347872,16.5524481673597,99.98,99.98,-48.6382822674275,0.0
0,bus_07,0.5,100.0,40.0,30.0,67.21991762716286,10.5629287319854,99.98,61.25240893233581,-56.656988895177456,-38.72759106766419
0,bus_07,0.5,100.0,40.0,40.0,65.09450409039776,34.74706501946161,99.98,79.27481834674317,-30.347439070936154,-20.70518165325683
0,bus_07,0.5,100.0,40.0,inf,65.08195528206893,20.37688014216057,99.93646446783642,99.14868654480723,-44.70507513990836,-0.7877779230291821
0,bus_07,0.5,100.0,inf,30.0,63.245542706778494,22.50521561004074,99.98,96.52855278057926,-40.74032709673776,-3.451447219420743
0,bus_07,0.5,100.0,inf,40.0,64.99696529506001,36.817895538119586,99.90052240781706,99.98,-28.17906975694042,0.07947759218293982
0,bus_07,0.5,100.0,inf,inf,61.9075510491642,63.69648481631489,99.98,99.98,1.788933767150695,0.0
0,bus_07,0.5,500.0,20.0,30.0,99.98,99.98,99.98,99.98,0.0,0.0
0,bus_07,0.5,500.0,20.0,40.0,99.98,99.98,99.98,99.98,0.0,0.0
0,bus_07,0.5,500.0,20.0,inf,99.98,99.98,99.98,99.98,0.0,0.0
0,bus_07,0.5,500.0,30.0,30.0,99.98,99.98,99.98,99.98,0.0,0.0
0,bus_07,0.5,500.0,30.0,40.0,99.98,99.98,99.98,99.98,0.0,0.0
0,bus_07,0.5,500.0,30.0,inf,99.98,99.98,99.98,99.98,0.0,0.0
0,bus_07,0.5,500.0,40.0,30.0,99.98,99.98,99.98,99.98,0.0,0.0
0,bus_07,0.5,500.0,40.0,40.0,99.98,99.98,99.98,99.98,0.0,0.0
0,bus_07,0.5,500.0,40.0,inf,99.98,99.98,99.98,99.98,0.0,0.0
0,bus_07,0.5,500.0,inf,30.0,99.98,99.98,99.98,99.98,0.0,0.0
0,bus_07,0.5,500.0,inf,40.0,99.98,99.98,99.98,99.98,0.0,0.0
0,bus_07,0.5,500.0,inf,inf,99.98,99.98,99.98,99.98,0.0,0.0
0,bus_07,0.5,1000.0,20.0,30.0,99.98,99.98,99.98,99.98,0.0,0.0
0,bus_07,0.5,1000.0,20.0,40.0,99.98,99.98,99.98,99.98,0.0,0.0
0,bus_07,0.5,1000.0,20.0,inf,99.98,99.98,99.98,99.98,0.0,0.0
0,bus_07,0.5,1000.0,30.0,30.0,99.98,99.98,99.98,99.98,0.0,0.0
0,bus_07,0.5,1000.0,30.0,40.0,99.98,99.98,99.98,99.98,0.0,0.0
0,bus_07,0.5,1000.0,30.0,inf,99.98,99.98,99.98,99.98,0.0,0.0
0,bus_07,0.5,1000.0,40.0,30.0,99.98,99.98,99.98,99.98,0.0,0.0
0,bus_07,0.5,1000.0,40.0,40.0,99.98,99.98,99.98,99.98,0.0,0.0
0,bus_07,0.5,1000.0,40.0,inf,99.98,99.98,99.98,99.98,0.0,0.0
0,bus_07,0.5,1000.0,inf,30.0,99.98,99.98,99.98,99.98,0.0,0.0
0,bus_07,0.5,1000.0,inf,40.0,99.98,99.98,99.98,99.98,0.0,0.0
0,bus_07,0.5,1000.0,inf,inf,99.98,99.98,99.98,99.98,0.0,0.0
0,bus_07,0.5,2000.0,20.0,30.0,99.98,99.98,99.98,99.98,0.0,0.0
0,bus_07,0.5,2000.0,20.0,40.0,99.98,99.98,99.98,99.98,0.0,0.0
0,bus_07,0.5,2000.0,20.0,inf,99.98,99.98,99.98,99.98,0.0,0.0
0,bus_07,0.5,2000.0,30.0,30.0,99.98,99.98,99.98,99.98,0.0,0.0
0,bus_07,0.5,2000.0,30.0,40.0,99.98,99.98,99.98,99.98,0.0,0.0
0,bus_07,0.5,2000.0,30.0,inf,99.98,99.98,99.98,99.98,0.0,0.0
0,bus_07,0.5,2000.0,40.0,30.0,99.98,99.98,99.98,99.98,0.0,0.0
0,bus_07,0.5,2000.0,40.0,40.0,99.98,99.98,99.98,99.98,0.0,0.0
0,bus_07,0.5,2000.0,40.0,inf,99.98,99.98,99.98,99.98,0.0,0.0
0,bus_07,0.5,2000.0,inf,30.0,99.98,99.98,99.98,99.98,0.0,0.0
0,bus_07,0.5,2000.0,inf,40.0,99.98,99.98,99.98,99.98,0.0,0.0
0,bus_07,0.5,2000.0,inf,inf,99.98,99.98,99.98,99.98,0.0,0.0
0,bus_07,0.5,5000.0,20.0,30.0,99.98,99.98,99.98,99.98,0.0,0.0
0,bus_07,0.5,5000.0,20.0,40.0,99.98,99.98,99.98,99.98,0.0,0.0
0,bus_07,0.5,5000.0,20.0,inf,99.98,99.98,99.98,99.98,0.0,0.0
0,bus_07,0.5,5000.0,30.0,30.0,99.98,99.98,99.98,99.98,0.0,0.0
0,bus_07,0.5,5000.0,30.0,40.0,99.98,99.98,99.98,99.98,0.0,0.0
0,bus_07,0.5,5000.0,30.0,inf,99.98,99.98,99.98,99.98,0.0,0.0
0,bus_07,0.5,5000.0,40.0,30.0,99.98,99.98,99.98,99.98,0.0,0.0
0,bus_07,0.5,5000.0,40.0,40.0,99.98,99.98,99.98,99.98,0.0,0.0
0,bus_07,0.5,5000.0,40.0,inf,99.98,99.98,99.98,99.98,0.0,0.0
0,bus_07,0.5,5000.0,inf,30.0,99.98,99.98,99.98,99.98,0.0,0.0
0,bus_07,0.5,5000.0,inf,40.0,99.98,99.98,99.98,99.98,0.0,0.0
0,bus_07,0.5,5000.0,inf,inf,99.98,99.98,99.98,99.98,0.0,0.0
0,bus_13,0.5,100.0,20.0,30.0,71.19889701437768,30.64698836866222,99.98,81.36638327858728,-40.55190864571546,-18.613616721412725
0,bus_13,0.5,100.0,20.0,40.0,65.17995789053916,26.456966343656816,99.98,54.96644550299806,-38.72299154688234,-45.01355449700194
0,bus_13,0.5,100.0,20.0,inf,60.9965533368839,26.485870392964205,95.78669043000316,85.61789733114003,-34.51068294391969,-10.168793098863134
0,bus_13,0.5,100.0,30.0,30.0,63.01207747008507,67.03113058808403,98.81366722789326,95.96749759072455,4.019053117998958,-2.846169637168714
0,bus_13,0.5,100.0,30.0,40.0,65.18038017692633,63.30628186035416,99.98,99.53860053454635,-1.874098316572173,-0.4413994654536566
0,bus_13,0.5,100.0,30.0,inf,63.32289111124507,61.013952584791866,99.98,99.98,-2.308938526453204,0.0
0,bus_13,0.5,100.0,40.0,30.0,65.11972148339513,22.617680787943595,99.76188095292883,62.965325289031696,-42.50204069545153,-36.79655566389714
0,bus_13,0.5,100.0,40.0,40.0,63.39772656789765,14.542235552792803,99.98,59.15847658244755,-48.855491015104846,-40.821523417552456
0,bus_13,0.5,100.0,40.0,inf,65.03232652917659,26.57678601604535,99.98,96.11811216573093,-38.45554051313124,-3.8618878342690692
0,bus_13,0.5,100.0,inf,30.0,67.36244239382121,65.33508931141851,99.90655390948449,99.08917887324282,-2.0273530824026977,-0.8173750362416712
0,bus_13,0.5,100.0,inf,40.0,63.394996825496364,36.95790224997187,99.91565188971686,81.25454685101577,-26.43709457552449,-18.66110503870108
0,bus_13,0.5,100.0,inf,inf,61.9075510491642,63.622267958466736,99.98,88.19713607983162,1.7147169093025383,-11.782863920168381
0,bus_13,0.5,500.0,20.0,30.0,99.98,99.98,99.98,99.98,0.0,0.0
0,bus_13,0.5,500.0,20.0,40.0,99.98,99.98,99.98,99.98,0.0,0.0
0,bus_13,0.5,500.0,20.0,inf,99.98,99.98,99.98,99.98,0.0,0.0
0,bus_13,0.5,500.0,30.0,30.0,99.98,99.98,99.98,99.98,0.0,0.0
0,bus_13,0.5,500.0,30.0,40.0,99.98,99.98,99.98,99.98,0.0,0.0
0,bus_13,0.5,500.0,30.0,inf,99.98,99.98,99.98,99.98,0.0,0.0
0,bus_13,0.5,500.0,40.0,30.0,99.98,99.98,99.98,99.98,0.0,0.0
0,bus_13,0.5,500.0,40.0,40.0,99.98,99.98,99.98,99.98,0.0,0.0
0,bus_13,0.5,500.0,40.0,inf,99.98,99.98,99.98,99.98,0.0,0.0
0,bus_13,0.5,500.0,inf,30.0,99.98,99.98,99.98,99.98,0.0,0.0
0,bus_13,0.5,500.0,inf,40.0,99.98,99.98,99.98,99.98,0.0,0.0
0,bus_13,0.5,500.0,inf,inf,99.98,99.98,99.98,99.98,0.0,0.0
0,bus_13,0.5,1000.0,20.0,30.0,99.98,99.98,99.98,99.98,0.0,0.0
0,bus_13,0.5,1000.0,20.0,40.0,99.98,99.98,99.98,99.98,0.0,0.0
0,bus_13,0.5,1000.0,20.0,inf,99.98,99.98,99.98,99.98,0.0,0.0
0,bus_13,0.5,1000.0,30.0,30.0,99.98,99.98,99.98,99.98,0.0,0.0
0,bus_13,0.5,1000.0,30.0,40.0,99.98,99.98,99.98,99.98,0.0,0.0
0,bus_13,0.5,1000.0,30.0,inf,99.98,99.98,99.98,99.98,0.0,0.0
0,bus_13,0.5,1000.0,40.0,30.0,99.98,99.98,99.98,99.98,0.0,0.0
0,bus_13,0.5,1000.0,40.0,40.0,99.98,99.98,99.98,99.98,0.0,0.0
0,bus_13,0.5,1000.0,40.0,inf,99.98,99.98,99.98,99.98,0.0,0.0
0,bus_13,0.5,1000.0,inf,30.0,99.98,99.98,99.98,99.98,0.0,0.0
0,bus_13,0.5,1000.0,inf,40.0,99.98,99.98,99.98,99.98,0.0,0.0
0,bus_13,0.5,1000.0,inf,inf,99.98,99.98,99.98,99.98,0.0,0.0
0,bus_13,0.5,2000.0,20.0,30.0,99.98,99.98,99.98,99.98,0.0,0.0
0,bus_13,0.5,2000.0,20.0,40.0,99.98,99.98,99.98,99.98,0.0,0.0
0,bus_13,0.5,2000.0,20.0,inf,99.98,99.98,99.98,99.98,0.0,0.0
0,bus_13,0.5,2000.0,30.0,30.0,99.98,99.98,99.98,99.98,0.0,0.0
0,bus_13,0.5,2000.0,30.0,40.0,99.98,99.98,99.98,99.98,0.0,0.0
0,bus_13,0.5,2000.0,30.0,inf,99.98,99.98,99.98,99.98,0.0,0.0
0,bus_13,0.5,2000.0,40.0,30.0,99.98,99.98,99.98,99.98,0.0,0.0
0,bus_13,0.5,2000.0,40.0,40.0,99.98,99.98,99.98,99.98,0.0,0.0
0,bus_13,0.5,2000.0,40.0,inf,99.98,99.98,99.98,99.98,0.0,0.0
0,bus_13,0.5,2000.0,inf,30.0,99.98,99.98,99.98,99.98,0.0,0.0
0,bus_13,0.5,2000.0,inf,40.0,99.98,99.98,99.98,99.98,0.0,0.0
0,bus_13,0.5,2000.0,inf,inf,99.98,99.98,99.98,99.98,0.0,0.0
0,bus_13,0.5,5000.0,20.0,30.0,99.98,99.98,99.98,99.98,0.0,0.0
0,bus_13,0.5,5000.0,20.0,40.0,99.98,99.98,99.98,99.98,0.0,0.0
0,bus_13,0.5,5000.0,20.0,inf,99.98,99.98,99.98,99.98,0.0,0.0
0,bus_13,0.5,5000.0,30.0,30.0,99.98,99.98,99.98,99.98,0.0,0.0
0,bus_13,0.5,5000.0,30.0,40.0,99.98,99.98,99.98,99.98,0.0,0.0
0,bus_13,0.5,5000.0,30.0,inf,99.98,99.98,99.98,99.98,0.0,0.0
0,bus_13,0.5,5000.0,40.0,30.0,99.98,99.98,99.98,99.98,0.0,0.0
0,bus_13,0.5,5000.0,40.0,40.0,99.98,99.98,99.98,99.98,0.0,0.0
0,bus_13,0.5,5000.0,40.0,inf,99.98,99.98,99.98,99.98,0.0,0.0
0,bus_13,0.5,5000.0,inf,30.0,99.98,99.98,99.98,99.98,0.0,0.0
0,bus_13,0.5,5000.0,inf,40.0,99.98,99.98,99.98,99.98,0.0,0.0
0,bus_13,0.5,5000.0,inf,inf,99.98,99.98,99.98,99.98,0.0,0.0
0,bus_19,0.5,100.0,20.0,30.0,56.88889032086838,36.90838738448434,99.21477282186478,77.42174553912464,-19.980502936384035,-21.79302728274014
0,bus_19,0.5,100.0,20.0,40.0,57.1258113420544,36.80502380499555,99.98,99.98,-20.320787537058848,0.0
0,bus_19,0.5,100.0,20.0,inf,65.35206030597169,38.757627280645146,99.91131260981051,93.35095379542516,-26.594433025326545,-6.560358814385353
0,bus_19,0.5,100.0,30.0,30.0,63.134577058947414,38.97007202175373,99.98,97.49359627628229,-24.164505037193685,-2.4864037237177143
0,bus_19,0.5,100.0,30.0,40.0,67.03072052453683,32.53473547056004,99.98,96.06380107941067,-34.495985053976796,-3.9161989205893377
0,bus_19,0.5,100.0,30.0,inf,65.10657874486408,20.371174800422963,99.98,99.98,-44.73540394444112,0.0
0,bus_19,0.5,100.0,40.0,30.0,67.02069013940996,26.831034668259434,99.98,99.98,-40.18965547115053,0.0
0,bus_19,0.5,100.0,40.0,40.0,63.13982027685656,63.16385422329604,99.98,99.62450662301472,0.024033946439480758,-0.3554933769852795
0,bus_19,0.5,100.0,40.0,inf,64.99183312016643,20.476696655823822,99.98,95.86891552446947,-44.51513646434261,-4.111084475530532
0,bus_19,0.5,100.0,inf,30.0,62.97451035683069,24.556364945727882,98.94112765034376,99.98,-38.41814541110281,1.0388723496562449
0,bus_19,0.5,100.0,inf,40.0,65.06064318905833,36.77109267874893,99.98,99.98,-28.289550510309397,0.0
0,bus_19,0.5,100.0,inf,inf,61.9075510491642,68.0501284963234,99.98,99.98,6.142577447159198,0.0
0,bus_19,0.5,500.0,20.0,30.0,99.98,99.98,99.98,99.98,0.0,0.0
0,bus_19,0.5,500.0,20.0,40.0,99.98,99.98,99.98,99.98,0.0,0.0
0,bus_19,0.5,500.0,20.0,inf,99.98,99.98,99.98,99.98,0.0,0.0
0,bus_19,0.5,500.0,30.0,30.0,99.98,99.98,99.98,99.98,0.0,0.0
0,bus_19,0.5,500.0,30.0,40.0,99.98,99.98,99.98,99.98,0.0,0.0
0,bus_19,0.5,500.0,30.0,inf,99.98,99.98,99.98,99.98,0.0,0.0
0,bus_19,0.5,500.0,40.0,30.0,99.98,99.98,99.98,99.98,0.0,0.0
0,bus_19,0.5,500.0,40.0,40.0,99.98,99.98,99.98,99.98,0.0,0.0
0,bus_19,0.5,500.0,40.0,inf,99.98,99.98,99.98,99.98,0.0,0.0
0,bus_19,0.5,500.0,inf,30.0,99.98,99.98,99.98,99.98,0.0,0.0
0,bus_19,0.5,500.0,inf,40.0,99.98,99.98,99.98,99.98,0.0,0.0
0,bus_19,0.5,500.0,inf,inf,99.98,99.98,99.98,99.98,0.0,0.0
0,bus_19,0.5,1000.0,20.0,30.0,99.98,99.98,99.98,99.98,0.0,0.0
0,bus_19,0.5,1000.0,20.0,40.0,99.98,99.98,99.98,99.98,0.0,0.0
0,bus_19,0.5,1000.0,20.0,inf,99.98,99.98,99.98,99.98,0.0,0.0
0,bus_19,0.5,1000.0,30.0,30.0,99.98,99.98,99.98,99.98,0.0,0.0
0,bus_19,0.5,1000.0,30.0,40.0,99.98,99.98,99.98,99.98,0.0,0.0
0,bus_19,0.5,1000.0,30.0,inf,99.98,99.98,99.98,99.98,0.0,0.0
0,bus_19,0.5,1000.0,40.0,30.0,99.98,99.98,99.98,99.98,0.0,0.0
0,bus_19,0.5,1000.0,40.0,40.0,99.98,99.98,99.98,99.98,0.0,0.0
0,bus_19,0.5,1000.0,40.0,inf,99.98,99.98,99.98,99.98,0.0,0.0
0,bus_19,0.5,1000.0,inf,30.0,99.98,99.98,99.98,99.98,0.0,0.0
0,bus_19,0.5,1000.0,inf,40.0,99.98,99.98,99.98,99.98,0.0,0.0
0,bus_19,0.5,1000.0,inf,inf,99.98,99.98,99.98,99.98,0.0,0.0
0,bus_19,0.5,2000.0,20.0,30.0,99.98,99.98,99.98,99.98,0.0,0.0
0,bus_19,0.5,2000.0,20.0,40.0,99.98,99.98,99.98,99.98,0.0,0.0
0,bus_19,0.5,2000.0,20.0,inf,99.98,99.98,99.98,99.98,0.0,0.0
0,bus_19,0.5,2000.0,30.0,30.0,99.98,99.98,99.98,99.98,0.0,0.0
0,bus_19,0.5,2000.0,30.0,40.0,99.98,99.98,99.98,99.98,0.0,0.0
0,bus_19,0.5,2000.0,30.0,inf,99.98,99.98,99.98,99.98,0.0,0.0
0,bus_19,0.5,2000.0,40.0,30.0,99.98,99.98,99.98,99.98,0.0,0.0
0,bus_19,0.5,2000.0,40.0,40.0,99.98,99.98,99.98,99.98,0.0,0.0
0,bus_19,0.5,2000.0,40.0,inf,99.98,99.98,99.98,99.98,0.0,0.0
0,bus_19,0.5,2000.0,inf,30.0,99.98,99.98,99.98,99.98,0.0,0.0
0,bus_19,0.5,2000.0,inf,40.0,99.98,99.98,99.98,99.98,0.0,0.0
0,bus_19,0.5,2000.0,inf,inf,99.98,99.98,99.98,99.98,0.0,0.0
0,bus_19,0.5,5000.0,20.0,30.0,99.98,99.98,99.98,99.98,0.0,0.0
0,bus_19,0.5,5000.0,20.0,40.0,99.98,99.98,99.98,99.98,0.0,0.0
0,bus_19,0.5,5000.0,20.0,inf,99.98,99.98,99.98,99.98,0.0,0.0
0,bus_19,0.5,5000.0,30.0,30.0,99.98,99.98,99.98,99.98,0.0,0.0
0,bus_19,0.5,5000.0,30.0,40.0,99.98,99.98,99.98,99.98,0.0,0.0
0,bus_19,0.5,5000.0,30.0,inf,99.98,99.98,99.98,99.98,0.0,0.0
0,bus_19,0.5,5000.0,40.0,30.0,99.98,99.98,99.98,99.98,0.0,0.0
0,bus_19,0.5,5000.0,40.0,40.0,99.98,99.98,99.98,99.98,0.0,0.0
0,bus_19,0.5,5000.0,40.0,inf,99.98,99.98,99.98,99.98,0.0,0.0
0,bus_19,0.5,5000.0,inf,30.0,99.98,99.98,99.98,99.98,0.0,0.0
0,bus_19,0.5,5000.0,inf,40.0,99.98,99.98,99.98,99.98,0.0,0.0
0,bus_19,0.5,5000.0,inf,inf,99.98,99.98,99.98,99.98,0.0,0.0
0,bus_25,0.5,100.0,20.0,30.0,63.29583600706474,22.78061349314867,99.98,85.5114668946126,-40.51522251391607,-14.468533105387408
0,bus_25,0.5,100.0,20.0,40.0,67.31701608292158,22.533639181426157,99.9104725613256,40.747453698319056,-44.78337690149543,-59.16301886300655
0,bus_25,0.5,100.0,20.0,inf,73.46561790524892,34.73985410078648,99.98,91.53159499923453,-38.72576380446244,-8.448405000765476
0,bus_25,0.5,100.0,30.0,30.0,65.41262889456974,22.6686943803027,99.98,75.14462459613908,-42.74393451426704,-24.835375403860922
0,bus_25,0.5,100.0,30.0,40.0,65.17139040053237,20.51738996385972,99.98,75.06813609850308,-44.65400043667265,-24.91186390149693
0,bus_25,0.5,100.0,30.0,inf,65.36914404255097,60.87263594758452,99.98,91.72858438597855,-4.496508094966451,-8.251415614021454
0,bus_25,0.5,100.0,40.0,30.0,63.25919692095414,44.97589338198977,99.9773383292577,99.98,-18.28330353896437,0.0026616707422988384
0,bus_25,0.5,100.0,40.0,40.0,65.1811614647964,30.914144386885635,99.98,83.40012396731021,-34.267017077910765,-16.579876032689796
0,bus_25,0.5,100.0,40.0,inf,65.03044569370134,38.59585588208767,99.98,99.98,-26.43458981161367,0.0
0,bus_25,0.5,100.0,inf,30.0,65.00610412151096,36.87784461015685,99.98,79.4197752635406,-28.12825951135411,-20.560224736459404
0,bus_25,0.5,100.0,inf,40.0,63.37658044234528,12.41246657684858,99.96196698136555,59.03395101098376,-50.9641138654967,-40.928015970381786
0,bus_25,0.5,100.0,inf,inf,61.9075510491642,59.776542720084905,99.98,96.5800417394459,-2.131008329079293,-3.3999582605541008
0,bus_25,0.5,500.0,20.0,30.0,99.98,99.98,99.98,99.98,0.0,0.0
0,bus_25,0.5,500.0,20.0,40.0,99.98,99.98,99.98,99.98,0.0,0.0
0,bus_25,0.5,500.0,20.0,inf,99.98,99.98,99.98,99.98,0.0,0.0
0,bus_25,0.5,500.0,30.0,30.0,99.98,99.98,99.98,99.98,0.0,0.0
0,bus_25,0.5,500.0,30.0,40.0,99.98,99.98,99.98,99.98,0.0,0.0
0,bus_25,0.5,500.0,30.0,inf,99.98,99.98,99.98,99.98,0.0,0.0
0,bus_25,0.5,500.0,40.0,30.0,99.98,99.98,99.98,99.98,0.0,0.0
0,bus_25,0.5,500.0,40.0,40.0,99.98,99.98,99.98,99.98,0.0,0.0
0,bus_25,0.5,500.0,40.0,inf,99.98,99.98,99.98,99.98,0.0,0.0
0,bus_25,0.5,500.0,inf,30.0,99.98,99.98,99.98,99.98,0.0,0.0
0,bus_25,0.5,500.0,inf,40.0,99.98,99.98,99.98,99.98,0.0,0.0
0,bus_25,0.5,500.0,inf,inf,99.98,99.98,99.98,99.98,0.0,0.0
0,bus_25,0.5,1000.0,20.0,30.0,99.98,99.98,99.98,99.98,0.0,0.0
0,bus_25,0.5,1000.0,20.0,40.0,99.98,99.98,99.98,99.98,0.0,0.0
0,bus_25,0.5,1000.0,20.0,inf,99.98,99.98,99.98,99.98,0.0,0.0
0,bus_25,0.5,1000.0,30.0,30.0,99.98,99.98,99.98,99.98,0.0,0.0
0,bus_25,0.5,1000.0,30.0,40.0,99.98,99.98,99.98,99.98,0.0,0.0
0,bus_25,0.5,1000.0,30.0,inf,99.98,99.98,99.98,99.98,0.0,0.0
0,bus_25,0.5,1000.0,40.0,30.0,99.98,99.98,99.98,99.98,0.0,0.0
0,bus_25,0.5,1000.0,40.0,40.0,99.98,99.98,99.98,99.98,0.0,0.0
0,bus_25,0.5,1000.0,40.0,inf,99.98,99.98,99.98,99.98,0.0,0.0
0,bus_25,0.5,1000.0,inf,30.0,99.98,99.98,99.98,99.98,0.0,0.0
0,bus_25,0.5,1000.0,inf,40.0,99.98,99.98,99.98,99.98,0.0,0.0
0,bus_25,0.5,1000.0,inf,inf,99.98,99.98,99.98,99.98,0.0,0.0
0,bus_25,0.5,2000.0,20.0,30.0,99.98,99.98,99.98,99.98,0.0,0.0
0,bus_25,0.5,2000.0,20.0,40.0,99.98,99.98,99.98,99.98,0.0,0.0
0,bus_25,0.5,2000.0,20.0,inf,99.98,99.98,99.98,99.98,0.0,0.0
0,bus_25,0.5,2000.0,30.0,30.0,99.98,99.98,99.98,99.98,0.0,0.0
0,bus_25,0.5,2000.0,30.0,40.0,99.98,99.98,99.98,99.98,0.0,0.0
0,bus_25,0.5,2000.0,30.0,inf,99.98,99.98,99.98,99.98,0.0,0.0
0,bus_25,0.5,2000.0,40.0,30.0,99.98,99.98,99.98,99.98,0.0,0.0
0,bus_25,0.5,2000.0,40.0,40.0,99.98,99.98,99.98,99.98,0.0,0.0
0,bus_25,0.5,2000.0,40.0,inf,99.98,99.98,99.98,99.98,0.0,0.0
0,bus_25,0.5,2000.0,inf,30.0,99.98,99.98,99.98,99.98,0.0,0.0
0,bus_25,0.5,2000.0,inf,40.0,99.98,99.98,99.98,99.98,0.0,0.0
0,bus_25,0.5,2000.0,inf,inf,99.98,99.98,99.98,99.98,0.0,0.0
0,bus_25,0.5,5000.0,20.0,30.0,99.98,99.98,99.98,99.98,0.0,0.0
0,bus_25,0.5,5000.0,20.0,40.0,99.98,99.98,99.98,99.98,0.0,0.0
0,bus_25,0.5,5000.0,20.0,inf,99.98,99.98,99.98,99.98,0.0,0.0
0,bus_25,0.5,5000.0,30.0,30.0,99.98,99.98,99.98,99.98,0.0,0.0
0,bus_25,0.5,5000.0,30.0,40.0,99.98,99.98,99.98,99.98,0.0,0.0
0,bus_25,0.5,5000.0,30.0,inf,99.98,99.98,99.98,99.98,0.0,0.0
0,bus_25,0.5,5000.0,40.0,30.0,99.98,99.98,99.98,99.98,0.0,0.0
0,bus_25,0.5,5000.0,40.0,40.0,99.98,99.98,99.98,99.98,0.0,0.0
0,bus_25,0.5,5000.0,40.0,inf,99.98,99.98,99.98,99.98,0.0,0.0
0,bus_25,0.5,5000.0,inf,30.0,99.98,99.98,99.98,99.98,0.0,0.0
0,bus_25,0.5,5000.0,inf,40.0,99.98,99.98,99.98,99.98,0.0,0.0
0,bus_25,0.5,5000.0,inf,inf,99.98,99.98,99.98,99.98,0.0,0.0
1,bus_01,0.5,100.0,20.0,30.0,63.065528481097374,42.77916744952207,99.98,99.98,-20.286361031575304,0.0
1,bus_01,0.5,100.0,20.0,40.0,71.20313839230012,26.76700007472065,99.98,77.41752367691942,-44.43613831757947,-22.56247632308059
1,bus_01,0.5,100.0,20.0,inf,65.1133377283844,26.802897603228782,99.98,99.88975834379947,-38.31044012515561,-0.09024165620053282
1,bus_01,0.5,100.0,30.0,30.0,67.05708080565695,59.00006053159632,99.98,99.98,-8.057020274060633,0.0
1,bus_01,0.5,100.0,30.0,40.0,63.32048817581981,26.616000035230904,99.98,75.30433531374547,-36.70448814058891,-24.675664686254535
1,bus_01,0.5,100.0,30.0,inf,63.288097009378966,32.64099268621526,99.98,61.10055248445333,-30.647104323163703,-38.87944751554667
1,bus_01,0.5,100.0,40.0,30.0,65.19244173107927,30.70728363549502,99.66034158000843,91.46089462942888,-34.485158095584254,-8.199446950579556
1,bus_01,0.5,100.0,40.0,40.0,65.01868432921842,42.9761729001077,99.98,99.98,-22.042511429110718,0.0
1,bus_01,0.5,100.0,40.0,inf,65.13132305919652,20.538099510304917,99.98,99.98,-44.5932235488916,0.0
1,bus_01,0.5,100.0,inf,30.0,60.94219371716192,40.77971138369173,99.98,93.47481392702167,-20.162482333470187,-6.505186072978333
1,bus_01,0.5,100.0,inf,40.0,63.317288523200155,14.406750140548553,99.98,66.99027266222288,-48.9105383826516,-32.989727337777126
1,bus_01,0.5,100.0,inf,inf,61.9075510491642,19.170860654973744,99.98,99.98,-42.736690394190454,0.0
1,bus_01,0.5,500.0,20.0,30.0,99.98,99.98,99.98,99.98,0.0,0.0
1,bus_01,0.5,500.0,20.0,40.0,99.98,99.98,99.98,99.98,0.0,0.0
1,bus_01,0.5,500.0,20.0,inf,99.98,99.98,99.98,99.98,0.0,0.0
1,bus_01,0.5,500.0,30.0,30.0,99.98,99.98,99.98,99.98,0.0,0.0
1,bus_01,0.5,500.0,30.0,40.0,99.98,99.98,99.98,99.98,0.0,0.0
1,bus_01,0.5,500.0,30.0,inf,99.98,99.98,99.98,99.98,0.0,0.0
1,bus_01,0.5,500.0,40.0,30.0,99.98,99.98,99.98,99.98,0.0,0.0
1,bus_01,0.5,500.0,40.0,40.0,99.98,99.98,99.98,99.98,0.0,0.0
1,bus_01,0.5,500.0,40.0,inf,99.98,99.98,99.98,99.98,0.0,0.0
1,bus_01,0.5,500.0,inf,30.0,99.98,99.98,99.98,99.98,0.0,0.0
1,bus_01,0.5,500.0,inf,40.0,99.98,99.98,99.98,99.98,0.0,0.0
1,bus_01,0.5,500.0,inf,inf,99.98,99.98,99.98,99.98,0.0,0.0
1,bus_01,0.5,1000.0,20.0,30.0,99.98,99.98,99.98,99.98,0.0,0.0
1,bus_01,0.5,1000.0,20.0,40.0,99.98,99.98,99.98,99.98,0.0,0.0
1,bus_01,0.5,1000.0,20.0,inf,99.98,99.98,99.98,99.98,0.0,0.0
1,bus_01,0.5,1000.0,30.0,30.0,99.98,99.98,99.98,99.98,0.0,0.0
1,bus_01,0.5,1000.0,30.0,40.0,99.98,99.98,99.98,99.98,0.0,0.0
1,bus_01,0.5,1000.0,30.0,inf,99.98,99.98,99.98,99.98,0.0,0.0
1,bus_01,0.5,1000.0,40.0,30.0,99.98,99.98,99.98,99.98,0.0,0.0
1,bus_01,0.5,1000.0,40.0,40.0,99.98,99.98,99.98,99.98,0.0,0.0
1,bus_01,0.5,1000.0,40.0,inf,99.98,99.98,99.98,99.98,0.0,0.0
1,bus_01,0.5,1000.0,inf,30.0,99.98,99.98,99.98,99.98,0.0,0.0
1,bus_01,0.5,1000.0,inf,40.0,99.98,99.98,99.98,99.98,0.0,0.0
1,bus_01,0.5,1000.0,inf,inf,99.98,99.98,99.98,99.98,0.0,0.0
1,bus_01,0.5,2000.0,20.0,30.0,99.98,99.98,99.98,99.98,0.0,0.0
1,bus_01,0.5,2000.0,20.0,40.0,99.98,99.98,99.98,99.98,0.0,0.0
1,bus_01,0.5,2000.0,20.0,inf,99.98,99.98,99.98,99.98,0.0,0.0
1,bus_01,0.5,2000.0,30.0,30.0,99.98,99.98,99.98,99.98,0.0,0.0
1,bus_01,0.5,2000.0,30.0,40.0,99.98,99.98,99.98,99.98,0.0,0.0
1,bus_01,0.5,2000.0,30.0,inf,99.98,99.98,99.98,99.98,0.0,0.0
1,bus_01,0.5,2000.0,40.0,30.0,99.98,99.98,99.98,99.98,0.0,0.0
1,bus_01,0.5,2000.0,40.0,40.0,99.98,99.98,99.98,99.98,0.0,0.0
1,bus_01,0.5,2000.0,40.0,inf,99.98,99.98,99.98,99.98,0.0,0.0
1,bus_01,0.5,2000.0,inf,30.0,99.98,99.98,99.98,99.98,0.0,0.0
1,bus_01,0.5,2000.0,inf,40.0,99.98,99.98,99.98,99.98,0.0,0.0
1,bus_01,0.5,2000.0,inf,inf,99.98,99.98,99.98,99.98,0.0,0.0
1,bus_01,0.5,5000.0,20.0,30.0,99.98,99.98,99.98,99.98,0.0,0.0
1,bus_01,0.5,5000.0,20.0,40.0,99.98,99.98,99.98,99.98,0.0,0.0
1,bus_01,0.5,5000.0,20.0,inf,99.98,99.98,99.98,99.98,0.0,0.0
1,bus_01,0.5,5000.0,30.0,30.0,99.98,99.98,99.98,99.98,0.0,0.0
1,bus_01,0.5,5000.0,30.0,40.0,99.98,99.98,99.98,99.98,0.0,0.0
1,bus_01,0.5,5000.0,30.0,inf,99.98,99.98,99.98,99.98,0.0,0.0
1,bus_01,0.5,5000.0,40.0,30.0,99.98,99.98,99.98,99.98,0.0,0.0
1,bus_01,0.5,5000.0,40.0,40.0,99.98,99.98,99.98,99.98,0.0,0.0
1,bus_01,0.5,5000.0,40.0,inf,99.98,99.98,99.98,99.98,0.0,0.0
1,bus_01,0.5,5000.0,inf,30.0,99.98,99.98,99.98,99.98,0.0,0.0
1,bus_01,0.5,5000.0,inf,40.0,99.98,99.98,99.98,99.98,0.0,0.0
1,bus_01,0.5,5000.0,inf,inf,99.98,99.98,99.98,99.98,0.0,0.0
1,bus_07,0.5,100.0,20.0,30.0,71.06297341955414,38.83903891032342,99.92176242330288,95.42562938792499,-32.22393450923072,-4.496133035377895
1,bus_07,0.5,100.0,20.0,40.0,65.31793968948118,36.75955383334711,98.84246606949753,81.28036969482717,-28.558385856134066,-17.56209637467036
1,bus_07,0.5,100.0,20.0,inf,67.00396648038236,49.181263904037905,99.98,99.98,-17.822702576344454,0.0
1,bus_07,0.5,100.0,30.0,30.0,61.27341894338928,38.76620602212477,99.98,97.63302080264847,-22.50721292126451,-2.34697919735153
1,bus_07,0.5,100.0,30.0,40.0,64.993365165567,77.45097869276607,99.98,98.87985064174543,12.457613527199072,-1.1001493582545692
1,bus_07,0.5,100.0,30.0,inf,67.0456954599743,28.684991776091163,99.98,77.38342063799836,-38.36070368388313,-22.59657936200165
1,bus_07,0.5,100.0,40.0,30.0,63.344331887407165,67.186922090093,99.98,99.98,3.842590202685841,0.0
1,bus_07,0.5,100.0,40.0,40.0,65.38680516455153,28.74422945011502,99.98,79.51197402310584,-36.64257571443651,-20.468025976894168
1,bus_07,0.5,100.0,40.0,inf,63.398582707327265,42.79937414534195,99.98,99.98,-20.599208561985314,0.0
1,bus_07,0.5,100.0,inf,30.0,65.1347517552202,24.64578831115113,99.98,99.98,-40.488963444069064,0.0
1,bus_07,0.5,100.0,inf,40.0,65.11351041892996,34.595442960424215,99.98,98.61267592656012,-30.518067458505747,-1.3673240734398888
1,bus_07,0.5,100.0,inf,inf,61.9075510491642,63.999850448909065,99.98,96.94715799894522,2.092299399744867,-3.0328420010547887
1,bus_07,0.5,500.0,20.0,30.0,99.98,99.98,99.98,99.98,0.0,0.0
1,bus_07,0.5,500.0,20.0,40.0,99.98,99.98,99.98,99.98,0.0,0.0
1,bus_07,0.5,500.0,20.0,inf,99.98,99.98,99.98,99.98,0.0,0.0
1,bus_07,0.5,500.0,30.0,30.0,99.98,99.98,99.98,99.98,0.0,0.0
1,bus_07,0.5,500.0,30.0,40.0,99.98,99.98,99.98,99.98,0.0,0.0
1,bus_07,0.5,500.0,30.0,inf,99.98,99.98,99.98,99.98,0.0,0.0
1,bus_07,0.5,500.0,40.0,30.0,99.98,99.98,99.98,99.98,0.0,0.0
1,bus_07,0.5,500.0,40.0,40.0,99.98,99.98,99.98,99.98,0.0,0.0
1,bus_07,0.5,500.0,40.0,inf,99.98,99.98,99.98,99.98,0.0,0.0
1,bus_07,0.5,500.0,inf,30.0,99.98,99.98,99.98,99.98,0.0,0.0
1,bus_07,0.5,500.0,inf,40.0,99.98,99.98,99.98,99.98,0.0,0.0
1,bus_07,0.5,500.0,inf,inf,99.98,99.98,99.98,99.98,0.0,0.0
1,bus_07,0.5,1000.0,20.0,30.0,99.98,99.98,99.98,99.98,0.0,0.0
1,bus_07,0.5,1000.0,20.0,40.0,99.98,99.98,99.98,99.98,0.0,0.0
1,bus_07,0.5,1000.0,20.0,inf,99.98,99.98,99.98,99.98,0.0,0.0
1,bus_07,0.5,1000.0,30.0,30.0,99.98,99.98,99.98,99.98,0.0,0.0
1,bus_07,0.5,1000.0,30.0,40.0,99.98,99.98,99.98,99.98,0.0,0.0
1,bus_07,0.5,1000.0,30.0,inf,99.98,99.98,99.98,99.98,0.0,0.0
1,bus_07,0.5,1000.0,40.0,30.0,99.98,99.98,99.98,99.98,0.0,0.0
1,bus_07,0.5,1000.0,40.0,40.0,99.98,99.98,99.98,99.98,0.0,0.0
1,bus_07,0.5,1000.0,40.0,inf,99.98,99.98,99.98,99.98,0.0,0.0
1,bus_07,0.5,1000.0,inf,30.0,99.98,99.98,99.98,99.98,0.0,0.0
1,bus_07,0.5,1000.0,inf,40.0,99.98,99.98,99.98,99.98,0.0,0.0
1,bus_07,0.5,1000.0,inf,inf,99.98,99.98,99.98,99.98,0.0,0.0
1,bus_07,0.5,2000.0,20.0,30.0,99.98,99.98,99.98,99.98,0.0,0.0
1,bus_07,0.5,2000.0,20.0,40.0,99.98,99.98,99.98,99.98,0.0,0.0
1,bus_07,0.5,2000.0,20.0,inf,99.98,99.98,99.98,99.98,0.0,0.0
1,bus_07,0.5,2000.0,30.0,30.0,99.98,99.98,99.98,99.98,0.0,0.0
1,bus_07,0.5,2000.0,30.0,40.0,99.98,99.98,99.98,99.98,0.0,0.0
1,bus_07,0.5,2000.0,30.0,inf,99.98,99.98,99.98,99.98,0.0,0.0
1,bus_07,0.5,2000.0,40.0,30.0,99.98,99.98,99.98,99.98,0.0,0.0
1,bus_07,0.5,2000.0,40.0,40.0,99.98,99.98,99.98,99.98,0.0,0.0
1,bus_07,0.5,2000.0,40.0,inf,99.98,99.98,99.98,99.98,0.0,0.0
1,bus_07,0.5,2000.0,inf,30.0,99.98,99.98,99.98,99.98,0.0,0.0
1,bus_07,0.5,2000.0,inf,40.0,99.98,99.98,99.98,99.98,0.0,0.0
1,bus_07,0.5,2000.0,inf,inf,99.98,99.98,99.98,99.98,0.0,0.0
1,bus_07,0.5,5000.0,20.0,30.0,99.98,99.98,99.98,99.98,0.0,0.0
1,bus_07,0.5,5000.0,20.0,40.0,99.98,99.98,99.98,99.98,0.0,0.0
1,bus_07,0.5,5000.0,20.0,inf,99.98,99.98,99.98,99.98,0.0,0.0
1,bus_07,0.5,5000.0,30.0,30.0,99.98,99.98,99.98,99.98,0.0,0.0
1,bus_07,0.5,5000.0,30.0,40.0,99.98,99.98,99.98,99.98,0.0,0.0
1,bus_07,0.5,5000.0,30.0,inf,99.98,99.98,99.98,99.98,0.0,0.0
1,bus_07,0.5,5000.0,40.0,30.0,99.98,99.98,99.98,99.98,0.0,0.0
1,bus_07,0.5,5000.0,40.0,40.0,99.98,99.98,99.98,99.98,0.0,0.0
1,bus_07,0.5,5000.0,40.0,inf,99.98,99.98,99.98,99.98,0.0,0.0
1,bus_07,0.5,5000.0,inf,30.0,99.98,99.98,99.98,99.98,0.0,0.0
1,bus_07,0.5,5000.0,inf,40.0,99.98,99.98,99.98,99.98,0.0,0.0
1,bus_07,0.5,5000.0,inf,inf,99.98,99.98,99.98,99.98,0.0,0.0
1,bus_13,0.5,100.0,20.0,30.0,61.25767812825794,28.756838097823223,99.74257125259716,98.83863981756639,-32.500840030434716,-0.9039314350307706
1,bus_13,0.5,100.0,20.0,40.0,67.3319517038434,77.40912605374258,99.92861607073277,93.41613790898347,10.077174349899181,-6.5124781617493
1,bus_13,0.5,100.0,20.0,inf,59.37512026225924,24.48427546248536,99.98,87.82411721390618,-34.89084479977387,-12.155882786093827
1,bus_13,0.5,100.0,30.0,30.0,65.37437527467318,32.62078681701814,99.98,99.62155444178102,-32.75358845765504,-0.35844555821898894
1,bus_13,0.5,100.0,30.0,40.0,65.0579064714621,28.63239785423208,99.89846160055998,69.16013831919365,-36.42550861723002,-30.738323281366334
1,bus_13,0.5,100.0,30.0,inf,63.29160581154858,26.757577076597695,99.98,83.43302929751262,-36.53402873495088,-16.546970702487386
1,bus_13,0.5,100.0,40.0,30.0,64.99440182217613,44.75713291817599,99.98,91.38876345966392,-20.23726890400014,-8.591236540336084
1,bus_13,0.5,100.0,40.0,40.0,63.183257251942315,24.64959442414465,99.98,73.07058654922743,-38.53366282779767,-26.909413450772576
1,bus_13,0.5,100.0,40.0,inf,65.00379529208541,18.479296874746243,99.98,75.22231355303471,-46.524498417339174,-24.757686446965295
1,bus_13,0.5,100.0,inf,30.0,67.02933636970081,30.630434055148235,99.98,96.68178562124083,-36.39890231455258,-3.2982143787591696
1,bus_13,0.5,100.0,inf,40.0,63.34061838614724,24.585106904430752,99.85087288726045,99.98,-38.75551148171649,0.12912711273955324
1,bus_13,0.5,100.0,inf,inf,61.9075510491642,77.82233937220269,99.98,99.98,15.914788323038493,0.0
1,bus_13,0.5,500.0,20.0,30.0,99.98,99.98,99.98,99.98,0.0,0.0
1,bus_13,0.5,500.0,20.0,40.0,99.98,99.98,99.98,99.98,0.0,0.0
1,bus_13,0.5,500.0,20.0,inf,99.98,99.98,99.98,99.98,0.0,0.0
1,bus_13,0.5,500.0,30.0,30.0,99.98,99.98,99.98,99.98,0.0,0.0
1,bus_13,0.5,500.0,30.0,40.0,99.98,99.98,99.98,99.98,0.0,0.0
1,bus_13,0.5,500.0,30.0,inf,99.98,99.98,99.98,99.98,0.0,0.0
1,bus_13,0.5,500.0,40.0,30.0,99.98,99.98,99.98,99.98,0.0,0.0
1,bus_13,0.5,500.0,40.0,40.0,99.98,99.98,99.98,99.98,0.0,0.0
1,bus_13,0.5,500.0,40.0,inf,99.98,99.98,99.98,99.98,0.0,0.0
1,bus_13,0.5,500.0,inf,30.0,99.98,99.98,99.98,99.98,0.0,0.0
1,bus_13,0.5,500.0,inf,40.0,99.98,99.98,99.98,99.98,0.0,0.0
1,bus_13,0.5,500.0,inf,inf,99.98,99.98,99.98,99.98,0.0,0.0
1,bus_13,0.5,1000.0,20.0,30.0,99.98,99.98,99.98,99.98,0.0,0.0
1,bus_13,0.5,1000.0,20.0,40.0,99.98,99.98,99.98,99.98,0.0,0.0
1,bus_13,0.5,1000.0,20.0,inf,99.98,99.98,99.98,99.98,0.0,0.0
1,bus_13,0.5,1000.0,30.0,30.0,99.98,99.98,99.98,99.98,0.0,0.0
1,bus_13,0.5,1000.0,30.0,40.0,99.98,99.98,99.98,99.98,0.0,0.0
1,bus_13,0.5,1000.0,30.0,inf,99.98,99.98,99.98,99.98,0.0,0.0
1,bus_13,0.5,1000.0,40.0,30.0,99.98,99.98,99.98,99.98,0.0,0.0
1,bus_13,0.5,1000.0,40.0,40.0,99.98,99.98,99.98,99.98,0.0,0.0
1,bus_13,0.5,1000.0,40.0,inf,99.98,99.98,99.98,99.98,0.0,0.0
1,bus_13,0.5,1000.0,inf,30.0,99.98,99.98,99.98,99.98,0.0,0.0
1,bus_13,0.5,1000.0,inf,40.0,99.98,99.98,99.98,99.98,0.0,0.0
1,bus_13,0.5,1000.0,inf,inf,99.98,99.98,99.98,99.98,0.0,0.0
1,bus_13,0.5,2000.0,20.0,30.0,99.98,99.98,99.98,99.98,0.0,0.0
1,bus_13,0.5,2000.0,20.0,40.0,99.98,99.98,99.98,99.98,0.0,0.0
1,bus_13,0.5,2000.0,20.0,inf,99.98,99.98,99.98,99.98,0.0,0.0
1,bus_13,0.5,2000.0,30.0,30.0,99.98,99.98,99.98,99.98,0.0,0.0
1,bus_13,0.5,2000.0,30.0,40.0,99.98,99.98,99.98,99.98,0.0,0.0
1,bus_13,0.5,2000.0,30.0,inf,99.98,99.98,99.98,99.98,0.0,0.0
1,bus_13,0.5,2000.0,40.0,30.0,99.98,99.98,99.98,99.98,0.0,0.0
1,bus_13,0.5,2000.0,40.0,40.0,99.98,99.98,99.98,99.98,0.0,0.0
1,bus_13,0.5,2000.0,40.0,inf,99.98,99.98,99.98,99.98,0.0,0.0
1,bus_13,0.5,2000.0,inf,30.0,99.98,99.98,99.98,99.98,0.0,0.0
1,bus_13,0.5,2000.0,inf,40.0,99.98,99.98,99.98,99.98,0.0,0.0
1,bus_13,0.5,2000.0,inf,inf,99.98,99.98,99.98,99.98,0.0,0.0
1,bus_13,0.5,5000.0,20.0,30.0,99.98,99.98,99.98,99.98,0.0,0.0
1,bus_13,0.5,5000.0,20.0,40.0,99.98,99.98,99.98,99.98,0.0,0.0
1,bus_13,0.5,5000.0,20.0,inf,99.98,99.98,99.98,99.98,0.0,0.0
1,bus_13,0.5,5000.0,30.0,30.0,99.98,99.98,99.98,99.98,0.0,0.0
1,bus_13,0.5,5000.0,30.0,40.0,99.98,99.98,99.98,99.98,0.0,0.0
1,bus_13,0.5,5000.0,30.0,inf,99.98,99.98,99.98,99.98,0.0,0.0
1,bus_13,0.5,5000.0,40.0,30.0,99.98,99.98,99.98,99.98,0.0,0.0
1,bus_13,0.5,5000.0,40.0,40.0,99.98,99.98,99.98,99.98,0.0,0.0
1,bus_13,0.5,5000.0,40.0,inf,99.98,99.98,99.98,99.98,0.0,0.0
1,bus_13,0.5,5000.0,inf,30.0,99.98,99.98,99.98,99.98,0.0,0.0
1,bus_13,0.5,5000.0,inf,40.0,99.98,99.98,99.98,99.98,0.0,0.0
1,bus_13,0.5,5000.0,inf,inf,99.98,99.98,99.98,99.98,0.0,0.0
1,bus_19,0.5,100.0,20.0,30.0,61.016095434561834,32.80865075217988,99.98,95.6631628339015,-28.207444682381954,-4.316837166098509
1,bus_19,0.5,100.0,20.0,40.0,66.95753335751901,20.608243728887565,99.96813400491129,99.98,-46.349289628631446,0.011865995088712111
1,bus_19,0.5,100.0,20.0,inf,64.97879397975662,42.72435372683703,99.98,99.98,-22.254440252919586,0.0
1,bus_19,0.5,100.0,30.0,30.0,69.26052756398451,26.478464452592966,99.98,99.98,-42.782063111391544,0.0
1,bus_19,0.5,100.0,30.0,40.0,63.177066185906774,32.93395166705333,99.98,85.23816420468114,-30.243114518853446,-14.741835795318863
1,bus_19,0.5,100.0,30.0,inf,65.0963669939901,40.79165546167099,99.98,99.98,-24.30471153231911,0.0
1,bus_19,0.5,100.0,40.0,30.0,67.21009881346636,24.638984947325593,99.98,85.4894443336854,-42.57111386614076,-14.490555666314606
1,bus_19,0.5,100.0,40.0,40.0,67.0710258102407,63.08309747433369,99.98,97.03159553585625,-3.9879283359070072,-2.9484044641437492
1,bus_19,0.5,100.0,40.0,inf,63.40179187180266,16.407761886424222,99.93024891647237,99.98,-46.99402998537843,0.049751083527638684
1,bus_19,0.5,100.0,inf,30.0,63.03668837036511,44.677942114604484,99.98,99.98,-18.35874625576063,0.0
1,bus_19,0.5,100.0,inf,40.0,65.1888058561438,22.53739423591562,99.98,79.13565695530022,-42.65141162022818,-20.844343044699784
1,bus_19,0.5,100.0,inf,inf,61.9075510491642,72.01154590353241,99.98,99.98,10.10399485436821,0.0
1,bus_19,0.5,500.0,20.0,30.0,99.98,99.98,99.98,99.98,0.0,0.0
1,bus_19,0.5,500.0,20.0,40.0,99.98,99.98,99.98,99.98,0.0,0.0
1,bus_19,0.5,500.0,20.0,inf,99.98,99.98,99.98,99.98,0.0,0.0
1,bus_19,0.5,500.0,30.0,30.0,99.98,99.98,99.98,99.98,0.0,0.0
1,bus_19,0.5,500.0,30.0,40.0,99.98,99.98,99.98,99.98,0.0,0.0
1,bus_19,0.5,500.0,30.0,inf,99.98,99.98,99.98,99.98,0.0,0.0
1,bus_19,0.5,500.0,40.0,30.0,99.98,99.98,99.98,99.98,0.0,0.0
1,bus_19,0.5,500.0,40.0,40.0,99.98,99.98,99.98,99.98,0.0,0.0
1,bus_19,0.5,500.0,40.0,inf,99.98,99.98,99.98,99.98,0.0,0.0
1,bus_19,0.5,500.0,inf,30.0,99.98,99.98,99.98,99.98,0.0,0.0
1,bus_19,0.5,500.0,inf,40.0,99.98,99.98,99.98,99.98,0.0,0.0
1,bus_19,0.5,500.0,inf,inf,99.98,99.98,99.98,99.98,0.0,0.0
1,bus_19,0.5,1000.0,20.0,30.0,99.98,99.98,99.98,99.98,0.0,0.0
1,bus_19,0.5,1000.0,20.0,40.0,99.98,99.98,99.98,99.98,0.0,0.0
1,bus_19,0.5,1000.0,20.0,inf,99.98,99.98,99.98,99.98,0.0,0.0
1,bus_19,0.5,1000.0,30.0,30.0,99.98,99.98,99.98,99.98,0.0,0.0
1,bus_19,0.5,1000.0,30.0,40.0,99.98,99.98,99.98,99.98,0.0,0.0
1,bus_19,0.5,1000.0,30.0,inf,99.98,99.98,99.98,99.98,0.0,0.0
1,bus_19,0.5,1000.0,40.0,30.0,99.98,99.98,99.98,99.98,0.0,0.0
1,bus_19,0.5,1000.0,40.0,40.0,99.98,99.98,99.98,99.98,0.0,0.0
1,bus_19,0.5,1000.0,40.0,inf,99.98,99.98,99.98,99.98,0.0,0.0
1,bus_19,0.5,1000.0,inf,30.0,99.98,99.98,99.98,99.98,0.0,0.0
1,bus_19,0.5,1000.0,inf,40.0,99.98,99.98,99.98,99.98,0.0,0.0
1,bus_19,0.5,1000.0,inf,inf,99.98,99.98,99.98,99.98,0.0,0.0
1,bus_19,0.5,2000.0,20.0,30.0,99.98,99.98,99.98,99.98,0.0,0.0
1,bus_19,0.5,2000.0,20.0,40.0,99.98,99.98,99.98,99.98,0.0,0.0
1,bus_19,0.5,2000.0,20.0,inf,99.98,99.98,99.98,99.98,0.0,0.0
1,bus_19,0.5,2000.0,30.0,30.0,99.98,99.98,99.98,99.98,0.0,0.0
1,bus_19,0.5,2000.0,30.0,40.0,99.98,99.98,99.98,99.98,0.0,0.0
1,bus_19,0.5,2000.0,30.0,inf,99.98,99.98,99.98,99.98,0.0,0.0
1,bus_19,0.5,2000.0,40.0,30.0,99.98,99.98,99.98,99.98,0.0,0.0
1,bus_19,0.5,2000.0,40.0,40.0,99.98,99.98,99.98,99.98,0.0,0.0
1,bus_19,0.5,2000.0,40.0,inf,99.98,99.98,99.98,99.98,0.0,0.0
1,bus_19,0.5,2000.0,inf,30.0,99.98,99.98,99.98,99.98,0.0,0.0
1,bus_19,0.5,2000.0,inf,40.0,99.98,99.98,99.98,99.98,0.0,0.0
1,bus_19,0.5,2000.0,inf,inf,99.98,99.98,99.98,99.98,0.0,0.0
1,bus_19,0.5,5000.0,20.0,30.0,99.98,99.98,99.98,99.98,0.0,0.0
1,bus_19,0.5,5000.0,20.0,40.0,99.98,99.98,99.98,99.98,0.0,0.0
1,bus_19,0.5,5000.0,20.0,inf,99.98,99.98,99.98,99.98,0.0,0.0
1,bus_19,0.5,5000.0,30.0,30.0,99.98,99.98,99.98,99.98,0.0,0.0
1,bus_19,0.5,5000.0,30.0,40.0,99.98,99.98,99.98,99.98,0.0,0.0
1,bus_19,0.5,5000.0,30.0,inf,99.98,99.98,99.98,99.98,0.0,0.0
1,bus_19,0.5,5000.0,40.0,30.0,99.98,99.98,99.98,99.98,0.0,0.0
1,bus_19,0.5,5000.0,40.0,40.0,99.98,99.98,99.98,99.98,0.0,0.0
1,bus_19,0.5,5000.0,40.0,inf,99.98,99.98,99.98,99.98,0.0,0.0
1,bus_19,0.5,5000.0,inf,30.0,99.98,99.98,99.98,99.98,0.0,0.0
1,bus_19,0.5,5000.0,inf,40.0,99.98,99.98,99.98,99.98,0.0,0.0
1,bus_19,0.5,5000.0,inf,inf,99.98,99.98,99.98,99.98,0.0,0.0
1,bus_25,0.5,100.0,20.0,30.0,65.27907024208915,26.790274317333818,99.98,50.77062784581513,-38.48879592475533,-49.20937215418488
1,bus_25,0.5,100.0,20.0,40.0,65.10600584432866,30.674812479108017,99.42379023798318,93.56303245894027,-34.43119336522065,-5.860757779042913
1,bus_25,0.5,100.0,20.0,inf,65.00175502415846,14.475447120641583,99.98,69.16661001571458,-50.52630790351687,-30.813389984285422
1,bus_25,0.5,100.0,30.0,30.0,69.06852876931804,38.73474866381038,99.98,99.98,-30.333780105507657,0.0
1,bus_25,0.5,100.0,30.0,40.0,63.31655323644107,26.793733830471222,99.98,83.25011072813722,-36.52281940596984,-16.72988927186279
1,bus_25,0.5,100.0,30.0,inf,63.2176573522935,46.85248484195155,99.98,99.98,-16.36517251034195,0.0
1,bus_25,0.5,100.0,40.0,30.0,65.3147768331471,46.86765739119437,99.98,99.98,-18.447119441952736,0.0
1,bus_25,0.5,100.0,40.0,40.0,63.403060738064966,24.545046998501185,99.93500310940833,99.98,-38.85801373956378,0.04499689059167622
1,bus_25,0.5,100.0,40.0,inf,65.05760286620747,26.608052612184164,99.98,96.78752032592016,-38.44955025402331,-3.1924796740798485
1,bus_25,0.5,100.0,inf,30.0,65.42949139624584,6.317484683328178,99.98,99.88397569846448,-59.11200671291766,-0.09602430153552177
1,bus_25,0.5,100.0,inf,40.0,63.37151318576832,46.76759567619248,99.98,99.98,-16.603917509575844,0.0
1,bus_25,0.5,100.0,inf,inf,61.9075510491642,61.52256139873884,99.98,95.96657910273211,-0.3849896504253607,-4.013420897267892
1,bus_25,0.5,500.0,20.0,30.0,99.98,99.98,99.98,99.98,0.0,0.0
1,bus_25,0.5,500.0,20.0,40.0,99.98,99.98,99.98,99.98,0.0,0.0
1,bus_25,0.5,500.0,20.0,inf,99.98,99.98,99.98,99.98,0.0,0.0
1,bus_25,0.5,500.0,30.0,30.0,99.98,99.98,99.98,99.98,0.0,0.0
1,bus_25,0.5,500.0,30.0,40.0,99.98,99.98,99.98,99.98,0.0,0.0
1,bus_25,0.5,500.0,30.0,inf,99.98,99.98,99.98,99.98,0.0,0.0
1,bus_25,0.5,500.0,40.0,30.0,99.98,99.98,99.98,99.98,0.0,0.0
1,bus_25,0.5,500.0,40.0,40.0,99.98,99.98,99.98,99.98,0.0,0.0
1,bus_25,0.5,500.0,40.0,inf,99.98,99.98,99.98,99.98,0.0,0.0
1,bus_25,0.5,500.0,inf,30.0,99.98,99.98,99.98,99.98,0.0,0.0
1,bus_25,0.5,500.0,inf,40.0,99.98,99.98,99.98,99.98,0.0,0.0
1,bus_25,0.5,500.0,inf,inf,99.98,99.98,99.98,99.98,0.0,0.0
1,bus_25,0.5,1000.0,20.0,30.0,99.98,99.98,99.98,99.98,0.0,0.0
1,bus_25,0.5,1000.0,20.0,40.0,99.98,99.98,99.98,99.98,0.0,0.0
1,bus_25,0.5,1000.0,20.0,inf,99.98,99.98,99.98,99.98,0.0,0.0
1,bus_25,0.5,1000.0,30.0,30.0,99.98,99.98,99.98,99.98,0.0,0.0
1,bus_25,0.5,1000.0,30.0,40.0,99.98,99.98,99.98,99.98,0.0,0.0
1,bus_25,0.5,1000.0,30.0,inf,99.98,99.98,99.98,99.98,0.0,0.0
1,bus_25,0.5,1000.0,40.0,30.0,99.98,99.98,99.98,99.98,0.0,0.0
1,bus_25,0.5,1000.0,40.0,40.0,99.98,99.98,99.98,99.98,0.0,0.0
1,bus_25,0.5,1000.0,40.0,inf,99.98,99.98,99.98,99.98,0.0,0.0
1,bus_25,0.5,1000.0,inf,30.0,99.98,99.98,99.98,99.98,0.0,0.0
1,bus_25,0.5,1000.0,inf,40.0,99.98,99.98,99.98,99.98,0.0,0.0
1,bus_25,0.5,1000.0,inf,inf,99.98,99.98,99.98,99.98,0.0,0.0
1,bus_25,0.5,2000.0,20.0,30.0,99.98,99.98,99.98,99.98,0.0,0.0
1,bus_25,0.5,2000.0,20.0,40.0,99.98,99.98,99.98,99.98,0.0,0.0
1,bus_25,0.5,2000.0,20.0,inf,99.98,99.98,99.98,99.98,0.0,0.0
1,bus_25,0.5,2000.0,30.0,30.0,99.98,99.98,99.98,99.98,0.0,0.0
1,bus_25,0.5,2000.0,30.0,40.0,99.98,99.98,99.98,99.98,0.0,0.0
1,bus_25,0.5,2000.0,30.0,inf,99.98,99.98,99.98,99.98,0.0,0.0
1,bus_25,0.5,2000.0,40.0,30.0,99.98,99.98,99.98,99.98,0.0,0.0
1,bus_25,0.5,2000.0,40.0,40.0,99.98,99.98,99.98,99.98,0.0,0.0
1,bus_25,0.5,2000.0,40.0,inf,99.98,99.98,99.98,99.98,0.0,0.0
1,bus_25,0.5,2000.0,inf,30.0,99.98,99.98,99.98,99.98,0.0,0.0
1,bus_25,0.5,2000.0,inf,40.0,99.98,99.98,99.98,99.98,0.0,0.0
1,bus_25,0.5,2000.0,inf,inf,99.98,99.98,99.98,99.98,0.0,0.0
1,bus_25,0.5,5000.0,20.0,30.0,99.98,99.98,99.98,99.98,0.0,0.0
1,bus_25,0.5,5000.0,20.0,40.0,99.98,99.98,99.98,99.98,0.0,0.0
1,bus_25,0.5,5000.0,20.0,inf,99.98,99.98,99.98,99.98,0.0,0.0
1,bus_25,0.5,5000.0,30.0,30.0,99.98,99.98,99.98,99.98,0.0,0.0
1,bus_25,0.5,5000.0,30.0,40.0,99.98,99.98,99.98,99.98,0.0,0.0
1,bus_25,0.5,5000.0,30.0,inf,99.98,99.98,99.98,99.98,0.0,0.0
1,bus_25,0.5,5000.0,40.0,30.0,99.98,99.98,99.98,99.98,0.0,0.0
1,bus_25,0.5,5000.0,40.0,40.0,99.98,99.98,99.98,99.98,0.0,0.0
1,bus_25,0.5,5000.0,40.0,inf,99.98,99.98,99.98,99.98,0.0,0.0
1,bus_25,0.5,5000.0,inf,30.0,99.98,99.98,99.98,99.98,0.0,0.0
1,bus_25,0.5,5000.0,inf,40.0,99.98,99.98,99.98,99.98,0.0,0.0
1,bus_25,0.5,5000.0,inf,inf,99.98,99.98,99.98,99.98,0.0,0.0
2,bus_01,0.5,100.0,20.0,30.0,63.4112377927323,22.538671301162317,99.98,81.31866453480121,-40.872566491569984,-18.66133546519879
2,bus_01,0.5,100.0,20.0,40.0,65.19146978256107,14.546310162149368,99.98,83.79396775716378,-50.645159620411704,-16.18603224283622
2,bus_01,0.5,100.0,20.0,inf,63.05168436550793,49.048601506346344,99.98,99.95927930069965,-14.003082859161587,-0.02072069930035525
2,bus_01,0.5,100.0,30.0,30.0,67.38611962789687,20.866114823721094,99.98,49.24322792729362,-46.520004804175784,-50.73677207270639
2,bus_01,0.5,100.0,30.0,40.0,65.30215543886753,71.31068708088648,99.98,85.40301499909306,6.008531642018951,-14.576985000906944
2,bus_01,0.5,100.0,30.0,inf,65.20410177180673,59.00510476039948,99.75063803478193,96.58952540540385,-6.198997011407251,-3.1611126293780814
2,bus_01,0.5,100.0,40.0,30.0,63.34684006579483,28.69156898984371,99.98,73.07422354179265,-34.65527107595112,-26.905776458207356
2,bus_01,0.5,100.0,40.0,40.0,65.17251860056209,44.95009585957962,99.98,77.2837450661108,-20.222422740982466,-22.696254933889207
2,bus_01,0.5,100.0,40.0,inf,65.01788871896032,24.46633689220664,99.98,81.33987981019192,-40.55155182675368,-18.640120189808087
2,bus_01,0.5,100.0,inf,30.0,58.90950735299811,79.10646759758271,99.98,99.77830870495939,20.196960244584595,-0.201691295040618
2,bus_01,0.5,100.0,inf,40.0,65.28533066146981,34.807117185872706,99.98,99.72187003923301,-30.47821347559711,-0.25812996076699335
2,bus_01,0.5,100.0,inf,inf,61.9075510491642,29.19817698538072,99.98,85.8411637983682,-32.70937406378348,-14.138836201631804
2,bus_01,0.5,500.0,20.0,30.0,99.98,99.98,99.98,99.98,0.0,0.0
2,bus_01,0.5,500.0,20.0,40.0,99.98,99.98,99.98,99.98,0.0,0.0
2,bus_01,0.5,500.0,20.0,inf,99.98,99.98,99.98,99.98,0.0,0.0
2,bus_01,0.5,500.0,30.0,30.0,99.98,99.98,99.98,99.98,0.0,0.0
2,bus_01,0.5,500.0,30.0,40.0,99.98,99.98,99.98,99.98,0.0,0.0
2,bus_01,0.5,500.0,30.0,inf,99.98,99.98,99.98,99.98,0.0,0.0
2,bus_01,0.5,500.0,40.0,30.0,99.98,99.98,99.98,99.98,0.0,0.0
2,bus_01,0.5,500.0,40.0,40.0,99.98,99.98,99.98,99.98,0.0,0.0
2,bus_01,0.5,500.0,40.0,inf,99.98,99.98,99.98,99.98,0.0,0.0
2,bus_01,0.5,500.0,inf,30.0,99.98,99.98,99.98,99.98,0.0,0.0
2,bus_01,0.5,500.0,inf,40.0,99.98,99.98,99.98,99.98,0.0,0.0
2,bus_01,0.5,500.0,inf,inf,99.98,99.98,99.98,99.98,0.0,0.0
2,bus_01,0.5,1000.0,20.0,30.0,99.98,99.98,99.98,99.98,0.0,0.0
2,bus_01,0.5,1000.0,20.0,40.0,99.98,99.98,99.98,99.98,0.0,0.0
2,bus_01,0.5,1000.0,20.0,inf,99.98,99.98,99.98,99.98,0.0,0.0
2,bus_01,0.5,1000.0,30.0,30.0,99.98,99.98,99.98,99.98,0.0,0.0
2,bus_01,0.5,1000.0,30.0,40.0,99.98,99.98,99.98,99.98,0.0,0.0
2,bus_01,0.5,1000.0,30.0,inf,99.98,99.98,99.98,99.98,0.0,0.0
2,bus_01,0.5,1000.0,40.0,30.0,99.98,99.98,99.98,99.98,0.0,0.0
2,bus_01,0.5,1000.0,40.0,40.0,99.98,99.98,99.98,99.98,0.0,0.0
2,bus_01,0.5,1000.0,40.0,inf,99.98,99.98,99.98,99.98,0.0,0.0
2,bus_01,0.5,1000.0,inf,30.0,99.98,99.98,99.98,99.98,0.0,0.0
2,bus_01,0.5,1000.0,inf,40.0,99.98,99.98,99.98,99.98,0.0,0.0
2,bus_01,0.5,1000.0,inf,inf,99.98,99.98,99.98,99.98,0.0,0.0
2,bus_01,0.5,2000.0,20.0,30.0,99.98,99.98,99.98,99.98,0.0,0.0
2,bus_01,0.5,2000.0,20.0,40.0,99.98,99.98,99.98,99.98,0.0,0.0
2,bus_01,0.5,2000.0,20.0,inf,99.98,99.98,99.98,99.98,0.0,0.0
2,bus_01,0.5,2000.0,30.0,30.0,99.98,99.98,99.98,99.98,0.0,0.0
2,bus_01,0.5,2000.0,30.0,40.0,99.98,99.98,99.98,99.98,0.0,0.0
2,bus_01,0.5,2000.0,30.0,inf,99.98,99.98,99.98,99.98,0.0,0.0
2,bus_01,0.5,2000.0,40.0,30.0,99.98,99.98,99.98,99.98,0.0,0.0
2,bus_01,0.5,2000.0,40.0,40.0,99.98,99.98,99.98,99.98,0.0,0.0
2,bus_01,0.5,2000.0,40.0,inf,99.98,99.98,99.98,99.98,0.0,0.0
2,bus_01,0.5,2000.0,inf,30.0,99.98,99.98,99.98,99.98,0.0,0.0
2,bus_01,0.5,2000.0,inf,40.0,99.98,99.98,99.98,99.98,0.0,0.0
2,bus_01,0.5,2000.0,inf,inf,99.98,99.98,99.98,99.98,0.0,0.0
2,bus_01,0.5,5000.0,20.0,30.0,99.98,99.98,99.98,99.98,0.0,0.0
2,bus_01,0.5,5000.0,20.0,40.0,99.98,99.98,99.98,99.98,0.0,0.0
2,bus_01,0.5,5000.0,20.0,inf,99.98,99.98,99.98,99.98,0.0,0.0
2,bus_01,0.5,5000.0,30.0,30.0,99.98,99.98,99.98,99.98,0.0,0.0
2,bus_01,0.5,5000.0,30.0,40.0,99.98,99.98,99.98,99.98,0.0,0.0
2,bus_01,0.5,5000.0,30.0,inf,99.98,99.98,99.98,99.98,0.0,0.0
2,bus_01,0.5,5000.0,40.0,30.0,99.98,99.98,99.98,99.98,0.0,0.0
2,bus_01,0.5,5000.0,40.0,40.0,99.98,99.98,99.98,99.98,0.0,0.0
2,bus_01,0.5,5000.0,40.0,inf,99.98,99.98,99.98,99.98,0.0,0.0
2,bus_01,0.5,5000.0,inf,30.0,99.98,99.98,99.98,99.98,0.0,0.0
2,bus_01,0.5,5000.0,inf,40.0,99.98,99.98,99.98,99.98,0.0,0.0
2,bus_01,0.5,5000.0,inf,inf,99.98,99.98,99.98,99.98,0.0,0.0
2,bus_07,0.5,100.0,20.0,30.0,73.20819692105212,20.7404961050515,99.82819202543347,89.42466444761064,-52.46770081600062,-10.403527577822828
2,bus_07,0.5,100.0,20.0,40.0,73.53273053435277,75.03937785964294,99.98,87.27509687027954,1.5066473252901744,-12.704903129720464
2,bus_07,0.5,100.0,20.0,inf,69.51071495109069,47.07597315892777,99.98,73.2513398599532,-22.434741792162917,-26.7286601400468
2,bus_07,0.5,100.0,30.0,30.0,63.43055023081692,30.65183070802999,99.74026179898216,79.20514777299627,-32.77871952278693,-20.53511402598589
2,bus_07,0.5,100.0,30.0,40.0,63.36388975837393,69.30328241911184,99.78382580285444,99.98,5.939392660737909,0.1961741971455666
2,bus_07,0.5,100.0,30.0,inf,65.15267830753109,22.39689666972977,99.98,89.39446068136279,-42.75578163780132,-10.585539318637217
2,bus_07,0.5,100.0,40.0,30.0,65.0274927336636,52.87717911052767,99.98,99.98,-12.150313623135936,0.0
2,bus_07,0.5,100.0,40.0,40.0,65.07488424910517,36.73315650510997,99.98,77.09459192702302,-28.3417277439952,-22.885408072976986
2,bus_07,0.5,100.0,40.0,inf,65.06697394180311,36.80989663168703,99.98,95.43322436959633,-28.25707731011608,-4.546775630403673
2,bus_07,0.5,100.0,inf,30.0,64.99179154002887,79.46131316980862,99.98,99.98,14.469521629779749,0.0
2,bus_07,0.5,100.0,inf,40.0,63.410516400919484,22.392092244443273,99.98,98.85154559274757,-41.018424156476215,-1.128454407252434
2,bus_07,0.5,100.0,inf,inf,61.9075510491642,61.908629384280346,99.98,99.812155424138,0.001078335116147855,-0.16784457586200574
2,bus_07,0.5,500.0,20.0,30.0,99.98,99.98,99.98,99.98,0.0,0.0
2,bus_07,0.5,500.0,20.0,40.0,99.98,99.98,99.98,99.98,0.0,0.0
2,bus_07,0.5,500.0,20.0,inf,99.98,99.98,99.98,99.98,0.0,0.0
2,bus_07,0.5,500.0,30.0,30.0,99.98,99.98,99.98,99.98,0.0,0.0
2,bus_07,0.5,500.0,30.0,40.0,99.98,99.98,99.98,99.98,0.0,0.0
2,bus_07,0.5,500.0,30.0,inf,99.98,99.98,99.98,99.98,0.0,0.0
2,bus_07,0.5,500.0,40.0,30.0,99.98,99.98,99.98,99.98,0.0,0.0
2,bus_07,0.5,500.0,40.0,40.0,99.98,99.98,99.98,99.98,0.0,0.0
2,bus_07,0.5,500.0,40.0,inf,99.98,99.98,99.98,99.98,0.0,0.0
2,bus_07,0.5,500.0,inf,30.0,99.98,99.98,99.98,99.98,0.0,0.0
2,bus_07,0.5,500.0,inf,40.0,99.98,99.98,99.98,99.98,0.0,0.0
2,bus_07,0.5,500.0,inf,inf,99.98,99.98,99.98,99.98,0.0,0.0
2,bus_07,0.5,1000.0,20.0,30.0,99.98,99.98,99.98,99.98,0.0,0.0
2,bus_07,0.5,1000.0,20.0,40.0,99.98,99.98,99.98,99.98,0.0,0.0
2,bus_07,0.5,1000.0,20.0,inf,99.98,99.98,99.98,99.98,0.0,0.0
2,bus_07,0.5,1000.0,30.0,30.0,99.98,99.98,99.98,99.98,0.0,0.0
2,bus_07,0.5,1000.0,30.0,40.0,99.98,99.98,99.98,99.98,0.0,0.0
2,bus_07,0.5,1000.0,30.0,inf,99.98,99.98,99.98,99.98,0.0,0.0
2,bus_07,0.5,1000.0,40.0,30.0,99.98,99.98,99.98,99.98,0.0,0.0
2,bus_07,0.5,1000.0,40.0,40.0,99.98,99.98,99.98,99.98,0.0,0.0
2,bus_07,0.5,1000.0,40.0,inf,99.98,99.98,99.98,99.98,0.0,0.0
2,bus_07,0.5,1000.0,inf,30.0,99.98,99.98,99.98,99.98,0.0,0.0
2,bus_07,0.5,1000.0,inf,40.0,99.98,99.98,99.98,99.98,0.0,0.0
2,bus_07,0.5,1000.0,inf,inf,99.98,99.98,99.98,99.98,0.0,0.0
2,bus_07,0.5,2000.0,20.0,30.0,99.98,99.98,99.98,99.98,0.0,0.0
2,bus_07,0.5,2000.0,20.0,40.0,99.98,99.98,99.98,99.98,0.0,0.0
2,bus_07,0.5,2000.0,20.0,inf,99.98,99.98,99.98,99.98,0.0,0.0
2,bus_07,0.5,2000.0,30.0,30.0,99.98,99.98,99.98,99.98,0.0,0.0
2,bus_07,0.5,2000.0,30.0,40.0,99.98,99.98,99.98,99.98,0.0,0.0
2,bus_07,0.5,2000.0,30.0,inf,99.98,99.98,99.98,99.98,0.0,0.0
2,bus_07,0.5,2000.0,40.0,30.0,99.98,99.98,99.98,99.98,0.0,0.0
2,bus_07,0.5,2000.0,40.0,40.0,99.98,99.98,99.98,99.98,0.0,0.0
2,bus_07,0.5,2000.0,40.0,inf,99.98,99.98,99.98,99.98,0.0,0.0
2,bus_07,0.5,2000.0,inf,30.0,99.98,99.98,99.98,99.98,0.0,0.0
2,bus_07,0.5,2000.0,inf,40.0,99.98,99.98,99.98,99.98,0.0,0.0
2,bus_07,0.5,2000.0,inf,inf,99.98,99.98,99.98,99.98,0.0,0.0
2,bus_07,0.5,5000.0,20.0,30.0,99.98,99.98,99.98,99.98,0.0,0.0
2,bus_07,0.5,5000.0,20.0,40.0,99.98,99.98,99.98,99.98,0.0,0.0
2,bus_07,0.5,5000.0,20.0,inf,99.98,99.98,99.98,99.98,0.0,0.0
2,bus_07,0.5,5000.0,30.0,30.0,99.98,99.98,99.98,99.98,0.0,0.0
2,bus_07,0.5,5000.0,30.0,40.0,99.98,99.98,99.98,99.98,0.0,0.0
2,bus_07,0.5,5000.0,30.0,inf,99.98,99.98,99.98,99.98,0.0,0.0
2,bus_07,0.5,5000.0,40.0,30.0,99.98,99.98,99.98,99.98,0.0,0.0
2,bus_07,0.5,5000.0,40.0,40.0,99.98,99.98,99.98,99.98,0.0,0.0
2,bus_07,0.5,5000.0,40.0,inf,99.98,99.98,99.98,99.98,0.0,0.0
2,bus_07,0.5,5000.0,inf,30.0,99.98,99.98,99.98,99.98,0.0,0.0
2,bus_07,0.5,5000.0,inf,40.0,99.98,99.98,99.98,99.98,0.0,0.0
2,bus_07,0.5,5000.0,inf,inf,99.98,99.98,99.98,99.98,0.0,0.0
2,bus_13,0.5,100.0,20.0,30.0,69.24195178974507,61.275042659582056,99.98,93.71010454063928,-7.9669091301630175,-6.2698954593607255
2,bus_13,0.5,100.0,20.0,40.0,67.46912059372802,22.399896307876055,99.98,87.35458175325839,-45.069224285851966,-12.625418246741617
2,bus_13,0.5,100.0,20.0,inf,63.32144893970717,38.92589031402969,99.98,99.98,-24.39555862567748,0.0
2,bus_13,0.5,100.0,30.0,30.0,65.05482322041118,26.53412777734162,99.98,65.18693699884095,-38.520695443069556,-34.793063001159055
2,bus_13,0.5,100.0,30.0,40.0,64.9973461244005,61.07673185233959,99.98,97.02845971578384,-3.9206142720609023,-2.951540284216165
2,bus_13,0.5,100.0,30.0,inf,63.25316558908587,61.04070949807151,99.98,99.98,-2.21245609101436,0.0
2,bus_13,0.5,100.0,40.0,30.0,65.27408238811705,28.586695309107657,99.98,99.53852771168202,-36.6873870790094,-0.441472288317982
2,bus_13,0.5,100.0,40.0,40.0,65.04894350184091,24.5386521772768,99.9282561998285,96.27350757862772,-40.51029132456411,-3.654748621200781
2,bus_13,0.5,100.0,40.0,inf,64.98942924885212,16.58308298555957,99.89885476962601,55.112406905052595,-48.40634626329255,-44.78644786457342
2,bus_13,0.5,100.0,inf,30.0,65.17406711008435,34.50448237226337,99.98,97.52091997547517,-30.669584737820983,-2.4590800245248374
2,bus_13,0.5,100.0,inf,40.0,65.22056701145388,66.96432482262726,99.98,99.98,1.7437578111733814,0.0
2,bus_13,0.5,100.0,inf,inf,61.9075510491642,61.59956562737187,99.98,99.98,-0.30798542179233124,0.0
2,bus_13,0.5,500.0,20.0,30.0,99.98,99.98,99.98,99.98,0.0,0.0
2,bus_13,0.5,500.0,20.0,40.0,99.98,99.98,99.98,99.98,0.0,0.0
2,bus_13,0.5,500.0,20.0,inf,99.98,99.98,99.98,99.98,0.0,0.0
2,bus_13,0.5,500.0,30.0,30.0,99.98,99.98,99.98,99.98,0.0,0.0
2,bus_13,0.5,500.0,30.0,40.0,99.98,99.98,99.98,99.98,0.0,0.0
2,bus_13,0.5,500.0,30.0,inf,99.98,99.98,99.98,99.98,0.0,0.0
2,bus_13,0.5,500.0,40.0,30.0,99.98,99.98,99.98,99.98,0.0,0.0
2,bus_13,0.5,500.0,40.0,40.0,99.98,99.98,99.98,99.98,0.0,0.0
2,bus_13,0.5,500.0,40.0,inf,99.98,99.98,99.98,99.98,0.0,0.0
2,bus_13,0.5,500.0,inf,30.0,99.98,99.98,99.98,99.98,0.0,0.0
2,bus_13,0.5,500.0,inf,40.0,99.98,99.98,99.98,99.98,0.0,0.0
2,bus_13,0.5,500.0,inf,inf,99.98,99.98,99.98,99.98,0.0,0.0
2,bus_13,0.5,1000.0,20.0,30.0,99.98,99.98,99.98,99.98,0.0,0.0
2,bus_13,0.5,1000.0,20.0,40.0,99.98,99.98,99.98,99.98,0.0,0.0
2,bus_13,0.5,1000.0,20.0,inf,99.98,99.98,99.98,99.98,0.0,0.0
2,bus_13,0.5,1000.0,30.0,30.0,99.98,99.98,99.98,99.98,0.0,0.0
2,bus_13,0.5,1000.0,30.0,40.0,99.98,99.98,99.98,99.98,0.0,0.0
2,bus_13,0.5,1000.0,30.0,inf,99.98,99.98,99.98,99.98,0.0,0.0
2,bus_13,0.5,1000.0,40.0,30.0,99.98,99.98,99.98,99.98,0.0,0.0
2,bus_13,0.5,1000.0,40.0,40.0,99.98,99.98,99.98,99.98,0.0,0.0
2,bus_13,0.5,1000.0,40.0,inf,99.98,99.98,99.98,99.98,0.0,0.0
2,bus_13,0.5,1000.0,inf,30.0,99.98,99.98,99.98,99.98,0.0,0.0
2,bus_13,0.5,1000.0,inf,40.0,99.98,99.98,99.98,99.98,0.0,0.0
2,bus_13,0.5,1000.0,inf,inf,99.98,99.98,99.98,99.98,0.0,0.0
2,bus_13,0.5,2000.0,20.0,30.0,99.98,99.98,99.98,99.98,0.0,0.0
2,bus_13,0.5,2000.0,20.0,40.0,99.98,99.98,99.98,99.98,0.0,0.0
2,bus_13,0.5,2000.0,20.0,inf,99.98,99.98,99.98,99.98,0.0,0.0
2,bus_13,0.5,2000.0,30.0,30.0,99.98,99.98,99.98,99.98,0.0,0.0
2,bus_13,0.5,2000.0,30.0,40.0,99.98,99.98,99.98,99.98,0.0,0.0
2,bus_13,0.5,2000.0,30.0,inf,99.98,99.98,99.98,99.98,0.0,0.0
2,bus_13,0.5,2000.0,40.0,30.0,99.98,99.98,99.98,99.98,0.0,0.0
2,bus_13,0.5,2000.0,40.0,40.0,99.98,99.98,99.98,99.98,0.0,0.0
2,bus_13,0.5,2000.0,40.0,inf,99.98,99.98,99.98,99.98,0.0,0.0
2,bus_13,0.5,2000.0,inf,30.0,99.98,99.98,99.98,99.98,0.0,0.0
2,bus_13,0.5,2000.0,inf,40.0,99.98,99.98,99.98,99.98,0.0,0.0
2,bus_13,0.5,2000.0,inf,inf,99.98,99.98,99.98,99.98,0.0,0.0
2,bus_13,0.5,5000.0,20.0,30.0,99.98,99.98,99.98,99.98,0.0,0.0
2,bus_13,0.5,5000.0,20.0,40.0,99.98,99.98,99.98,99.98,0.0,0.0
2,bus_13,0.5,5000.0,20.0,inf,99.98,99.98,99.98,99.98,0.0,0.0
2,bus_13,0.5,5000.0,30.0,30.0,99.98,99.98,99.98,99.98,0.0,0.0
2,bus_13,0.5,5000.0,30.0,40.0,99.98,99.98,99.98,99.98,0.0,0.0
2,bus_13,0.5,5000.0,30.0,inf,99.98,99.98,99.98,99.98,0.0,0.0
2,bus_13,0.5,5000.0,40.0,30.0,99.98,99.98,99.98,99.98,0.0,0.0
2,bus_13,0.5,5000.0,40.0,40.0,99.98,99.98,99.98,99.98,0.0,0.0
2,bus_13,0.5,5000.0,40.0,inf,99.98,99.98,99.98,99.98,0.0,0.0
2,bus_13,0.5,5000.0,inf,30.0,99.98,99.98,99.98,99.98,0.0,0.0
2,bus_13,0.5,5000.0,inf,40.0,99.98,99.98,99.98,99.98,0.0,0.0
2,bus_13,0.5,5000.0,inf,inf,99.98,99.98,99.98,99.98,0.0,0.0
2,bus_19,0.5,100.0,20.0,30.0,59.07666344152478,22.646159597967063,98.84458671432937,67.23908155741624,-36.430503843557716,-31.605505156913125
2,bus_19,0.5,100.0,20.0,40.0,69.47408401818481,32.584280486988185,99.98,87.22128017586303,-36.88980353119663,-12.758719824136975
2,bus_19,0.5,100.0,20.0,inf,63.16413245159966,46.73187252648634,99.98,99.98,-16.43225992511332,0.0
2,bus_19,0.5,100.0,30.0,30.0,65.04480169662061,10.38066981621183,99.98,99.98,-54.66413188040878,0.0
2,bus_19,0.5,100.0,30.0,40.0,65.18955745763411,18.487172806907516,99.98,99.38935741216409,-46.70238465072659,-0.5906425878359158
2,bus_19,0.5,100.0,30.0,inf,63.21713395754113,26.413343335083596,99.98,71.17342786348324,-36.803790622457534,-28.806572136516763
2,bus_19,0.5,100.0,40.0,30.0,67.06232680474281,38.84140873915647,99.98,93.39415882724668,-28.22091806558634,-6.5858411727533195
2,bus_19,0.5,100.0,40.0,40.0,65.01081144063039,48.99137822076969,99.98,99.98,-16.0194332198607,0.0
2,bus_19,0.5,100.0,40.0,inf,63.367813218023116,79.19210442189734,99.94218768458522,99.98,15.824291203874225,0.037812315414782915
2,bus_19,0.5,100.0,inf,30.0,63.16882668722328,36.661530014804846,99.98,99.98,-26.507296672418434,0.0
2,bus_19,0.5,100.0,inf,40.0,64.97575564867904,30.90186526741582,99.98,91.72492273106636,-34.073890381263226,-8.255077268933647
2,bus_19,0.5,100.0,inf,inf,61.9075510491642,59.50528979653005,99.98,94.17695432060833,-2.4022612526341476,-5.803045679391673
2,bus_19,0.5,500.0,20.0,30.0,99.98,99.98,99.98,99.98,0.0,0.0
2,bus_19,0.5,500.0,20.0,40.0,99.98,99.98,99.98,99.98,0.0,0.0
2,bus_19,0.5,500.0,20.0,inf,99.98,99.98,99.98,99.98,0.0,0.0
2,bus_19,0.5,500.0,30.0,30.0,99.98,99.98,99.98,99.98,0.0,0.0
2,bus_19,0.5,500.0,30.0,40.0,99.98,99.98,99.98,99.98,0.0,0.0
2,bus_19,0.5,500.0,30.0,inf,99.98,99.98,99.98,99.98,0.0,0.0
2,bus_19,0.5,500.0,40.0,30.0,99.98,99.98,99.98,99.98,0.0,0.0
2,bus_19,0.5,500.0,40.0,40.0,99.98,99.98,99.98,99.98,0.0,0.0
2,bus_19,0.5,500.0,40.0,inf,99.98,99.98,99.98,99.98,0.0,0.0
2,bus_19,0.5,500.0,inf,30.0,99.98,99.98,99.98,99.98,0.0,0.0
2,bus_19,0.5,500.0,inf,40.0,99.98,99.98,99.98,99.98,0.0,0.0
2,bus_19,0.5,500.0,inf,inf,99.98,99.98,99.98,99.98,0.0,0.0
2,bus_19,0.5,1000.0,20.0,30.0,99.98,99.98,99.98,99.98,0.0,0.0
2,bus_19,0.5,1000.0,20.0,40.0,99.98,99.98,99.98,99.98,0.0,0.0
2,bus_19,0.5,1000.0,20.0,inf,99.98,99.98,99.98,99.98,0.0,0.0
2,bus_19,0.5,1000.0,30.0,30.0,99.98,99.98,99.98,99.98,0.0,0.0
2,bus_19,0.5,1000.0,30.0,40.0,99.98,99.98,99.98,99.98,0.0,0.0
2,bus_19,0.5,1000.0,30.0,inf,99.98,99.98,99.98,99.98,0.0,0.0
2,bus_19,0.5,1000.0,40.0,30.0,99.98,99.98,99.98,99.98,0.0,0.0
2,bus_19,0.5,1000.0,40.0,40.0,99.98,99.98,99.98,99.98,0.0,0.0
2,bus_19,0.5,1000.0,40.0,inf,99.98,99.98,99.98,99.98,0.0,0.0
2,bus_19,0.5,1000.0,inf,30.0,99.98,99.98,99.98,99.98,0.0,0.0
2,bus_19,0.5,1000.0,inf,40.0,99.98,99.98,99.98,99.98,0.0,0.0
2,bus_19,0.5,1000.0,inf,inf,99.98,99.98,99.98,99.98,0.0,0.0
2,bus_19,0.5,2000.0,20.0,30.0,99.98,99.98,99.98,99.98,0.0,0.0
2,bus_19,0.5,2000.0,20.0,40.0,99.98,99.98,99.98,99.98,0.0,0.0
2,bus_19,0.5,2000.0,20.0,inf,99.98,99.98,99.98,99.98,0.0,0.0
2,bus_19,0.5,2000.0,30.0,30.0,99.98,99.98,99.98,99.98,0.0,0.0
2,bus_19,0.5,2000.0,30.0,40.0,99.98,99.98,99.98,99.98,0.0,0.0
2,bus_19,0.5,2000.0,30.0,inf,99.98,99.98,99.98,99.98,0.0,0.0
2,bus_19,0.5,2000.0,40.0,30.0,99.98,99.98,99.98,99.98,0.0,0.0
2,bus_19,0.5,2000.0,40.0,40.0,99.98,99.98,99.98,99.98,0.0,0.0
2,bus_19,0.5,2000.0,40.0,inf,99.98,99.98,99.98,99.98,0.0,0.0
2,bus_19,0.5,2000.0,inf,30.0,99.98,99.98,99.98,99.98,0.0,0.0
2,bus_19,0.5,2000.0,inf,40.0,99.98,99.98,99.98,99.98,0.0,0.0
2,bus_19,0.5,2000.0,inf,inf,99.98,99.98,99.98,99.98,0.0,0.0
2,bus_19,0.5,5000.0,20.0,30.0,99.98,99.98,99.98,99.98,0.0,0.0
2,bus_19,0.5,5000.0,20.0,40.0,99.98,99.98,99.98,99.98,0.0,0.0
2,bus_19,0.5,5000.0,20.0,inf,99.98,99.98,99.98,99.98,0.0,0.0
2,bus_19,0.5,5000.0,30.0,30.0,99.98,99.98,99.98,99.98,0.0,0.0
2,bus_19,0.5,5000.0,30.0,40.0,99.98,99.98,99.98,99.98,0.0,0.0
2,bus_19,0.5,5000.0,30.0,inf,99.98,99.98,99.98,99.98,0.0,0.0
2,bus_19,0.5,5000.0,40.0,30.0,99.98,99.98,99.98,99.98,0.0,0.0
2,bus_19,0.5,5000.0,40.0,40.0,99.98,99.98,99.98,99.98,0.0,0.0
2,bus_19,0.5,5000.0,40.0,inf,99.98,99.98,99.98,99.98,0.0,0.0
2,bus_19,0.5,5000.0,inf,30.0,99.98,99.98,99.98,99.98,0.0,0.0
2,bus_19,0.5,5000.0,inf,40.0,99.98,99.98,99.98,99.98,0.0,0.0
2,bus_19,0.5,5000.0,inf,inf,99.98,99.98,99.98,99.98,0.0,0.0
2,bus_25,0.5,100.0,20.0,30.0,67.13593160806448,62.83785823382399,99.98,99.98,-4.298073374240495,0.0
2,bus_25,0.5,100.0,20.0,40.0,67.07958254150365,40.85645594032663,99.98,99.42535130024828,-26.22312660117702,-0.5546486997517235
2,bus_25,0.5,100.0,20.0,inf,67.09278037724815,30.6320100200955,98.93832317300894,65.17066792995999,-36.46077035715265,-33.76765524304895
2,bus_25,0.5,100.0,30.0,30.0,64.94078399612366,20.57988097450777,99.98,50.82184322363378,-44.36090302161588,-49.158156776366226
2,bus_25,0.5,100.0,30.0,40.0,67.02783277463375,24.52590252549881,99.90615422416415,75.17929643030541,-42.50193024913494,-24.72685779385874
2,bus_25,0.5,100.0,30.0,inf,65.08963437744586,28.532091011622374,99.82108829830143,89.31561486381263,-36.55754336582349,-10.505473434488806
2,bus_25,0.5,100.0,40.0,30.0,67.19679030459551,20.53990539674998,99.98,99.98,-46.65688490784553,0.0
2,bus_25,0.5,100.0,40.0,40.0,65.41521673669045,72.91575473601284,99.98,87.4230129689241,7.50053799932239,-12.556987031075906
2,bus_25,0.5,100.0,40.0,inf,63.314876631535185,34.58931445971927,99.7609248341466,99.98,-28.725562171815916,0.21907516585339692
2,bus_25,0.5,100.0,inf,30.0,61.112684399355075,48.94269765435808,99.98,99.98,-12.169986744996997,0.0
2,bus_25,0.5,100.0,inf,40.0,65.03592188449196,26.73853284353064,99.87974216261475,73.29010968513327,-38.29738904096132,-26.589632477481473
2,bus_25,0.5,100.0,inf,inf,61.9075510491642,27.382733435081118,99.98,87.98436492802139,-34.52481761408308,-11.995635071978612
2,bus_25,0.5,500.0,20.0,30.0,99.98,99.98,99.98,99.98,0.0,0.0
2,bus_25,0.5,500.0,20.0,40.0,99.98,99.98,99.98,99.98,0.0,0.0
2,bus_25,0.5,500.0,20.0,inf,99.98,99.98,99.98,99.98,0.0,0.0
2,bus_25,0.5,500.0,30.0,30.0,99.98,99.98,99.98,99.98,0.0,0.0
2,bus_25,0.5,500.0,30.0,40.0,99.98,99.98,99.98,99.98,0.0,0.0
2,bus_25,0.5,500.0,30.0,inf,99.98,99.98,99.98,99.98,0.0,0.0
2,bus_25,0.5,500.0,40.0,30.0,99.98,99.98,99.98,99.98,0.0,0.0
2,bus_25,0.5,500.0,40.0,40.0,99.98,99.98,99.98,99.98,0.0,0.0
2,bus_25,0.5,500.0,40.0,inf,99.98,99.98,99.98,99.98,0.0,0.0
2,bus_25,0.5,500.0,inf,30.0,99.98,99.98,99.98,99.98,0.0,0.0
2,bus_25,0.5,500.0,inf,40.0,99.98,99.98,99.98,99.98,0.0,0.0
2,bus_25,0.5,500.0,inf,inf,99.98,99.98,99.98,99.98,0.0,0.0
2,bus_25,0.5,1000.0,20.0,30.0,99.98,99.98,99.98,99.98,0.0,0.0
2,bus_25,0.5,1000.0,20.0,40.0,99.98,99.98,99.98,99.98,0.0,0.0
2,bus_25,0.5,1000.0,20.0,inf,99.98,99.98,99.98,99.98,0.0,0.0
2,bus_25,0.5,1000.0,30.0,30.0,99.98,99.98,99.98,99.98,0.0,0.0
2,bus_25,0.5,1000.0,30.0,40.0,99.98,99.98,99.98,99.98,0.0,0.0
2,bus_25,0.5,1000.0,30.0,inf,99.98,99.98,99.98,99.98,0.0,0.0
2,bus_25,0.5,1000.0,40.0,30.0,99.98,99.98,99.98,99.98,0.0,0.0
2,bus_25,0.5,1000.0,40.0,40.0,99.98,99.98,99.98,99.98,0.0,0.0
2,bus_25,0.5,1000.0,40.0,inf,99.98,99.98,99.98,99.98,0.0,0.0
2,bus_25,0.5,1000.0,inf,30.0,99.98,99.98,99.98,99.98,0.0,0.0
2,bus_25,0.5,1000.0,inf,40.0,99.98,99.98,99.98,99.98,0.0,0.0
2,bus_25,0.5,1000.0,inf,inf,99.98,99.98,99.98,99.98,0.0,0.0
2,bus_25,0.5,2000.0,20.0,30.0,99.98,99.98,99.98,99.98,0.0,0.0
2,bus_25,0.5,2000.0,20.0,40.0,99.98,99.98,99.98,99.98,0.0,0.0
2,bus_25,0.5,2000.0,20.0,inf,99.98,99.98,99.98,99.98,0.0,0.0
2,bus_25,0.5,2000.0,30.0,30.0,99.98,99.98,99.98,99.98,0.0,0.0
2,bus_25,0.5,2000.0,30.0,40.0,99.98,99.98,99.98,99.98,0.0,0.0
2,bus_25,0.5,2000.0,30.0,inf,99.98,99.98,99.98,99.98,0.0,0.0
2,bus_25,0.5,2000.0,40.0,30.0,99.98,99.98,99.98,99.98,0.0,0.0
2,bus_25,0.5,2000.0,40.0,40.0,99.98,99.98,99.98,99.98,0.0,0.0
2,bus_25,0.5,2000.0,40.0,inf,99.98,99.98,99.98,99.98,0.0,0.0
2,bus_25,0.5,2000.0,inf,30.0,99.98,99.98,99.98,99.98,0.0,0.0
2,bus_25,0.5,2000.0,inf,40.0,99.98,99.98,99.98,99.98,0.0,0.0
2,bus_25,0.5,2000.0,inf,inf,99.98,99.98,99.98,99.98,0.0,0.0
2,bus_25,0.5,5000.0,20.0,30.0,99.98,99.98,99.98,99.98,0.0,0.0
2,bus_25,0.5,5000.0,20.0,40.0,99.98,99.98,99.98,99.98,0.0,0.0
2,bus_25,0.5,5000.0,20.0,inf,99.98,99.98,99.98,99.98,0.0,0.0
2,bus_25,0.5,5000.0,30.0,30.0,99.98,99.98,99.98,99.98,0.0,0.0
2,bus_25,0.5,5000.0,30.0,40.0,99.98,99.98,99.98,99.98,0.0,0.0
2,bus_25,0.5,5000.0,30.0,inf,99.98,99.98,99.98,99.98,0.0,0.0
2,bus_25,0.5,5000.0,40.0,30.0,99.98,99.98,99.98,99.98,0.0,0.0
2,bus_25,0.5,5000.0,40.0,40.0,99.98,99.98,99.98,99.98,0.0,0.0
2,bus_25,0.5,5000.0,40.0,inf,99.98,99.98,99.98,99.98,0.0,0.0
2,bus_25,0.5,5000.0,inf,30.0,99.98,99.98,99.98,99.98,0.0,0.0
2,bus_25,0.5,5000.0,inf,40.0,99.98,99.98,99.98,99.98,0.0,0.0
2,bus_25,0.5,5000.0,inf,inf,99.98,99.98,99.98,99.98,0.0,0.0
3,bus_01,0.5,100.0,20.0,30.0,63.26627456464874,22.71088167481885,99.98,87.1963729117361,-40.55539288982989,-12.783627088263898
3,bus_01,0.5,100.0,20.0,40.0,65.38944190068993,50.889531616478365,99.98,99.98,-14.499910284211566,0.0
3,bus_01,0.5,100.0,20.0,inf,63.36207183688054,30.660736694132375,99.76725322243387,99.98,-32.701335142748164,0.2127467775661387
3,bus_01,0.5,100.0,30.0,30.0,61.11901924308757,12.519462619036116,99.98,95.53692808259186,-48.59955662405146,-4.443071917408147
3,bus_01,0.5,100.0,30.0,40.0,65.11917080416669,32.69293021569965,99.98,93.46366396306026,-32.42624058846704,-6.516336036939748
3,bus_01,0.5,100.0,30.0,inf,65.12083176247808,28.814740669979045,99.98,98.67764620789265,-36.30609109249903,-1.302353792107354
3,bus_01,0.5,100.0,40.0,30.0,63.300268371505084,36.70810529911957,99.98,79.17919916600405,-26.59216307238551,-20.80080083399595
3,bus_01,0.5,100.0,40.0,40.0,65.25298019548849,46.83725137929524,99.98,99.98,-18.41572881619325,0.0
3,bus_01,0.5,100.0,40.0,inf,65.1097661796722,65.19603637009548,99.98,99.98,0.08627019042327788,0.0
3,bus_01,0.5,100.0,inf,30.0,63.108197636550486,24.64795569865137,98.67279855074939,73.01271676298757,-38.46024193789911,-25.660081787761825
3,bus_01,0.5,100.0,inf,40.0,65.14064501436245,69.08706586060815,99.98,99.98,3.946420846245701,0.0
3,bus_01,0.5,100.0,inf,inf,61.9075510491642,17.297200489981012,99.98,99.98,-44.61035055918319,0.0
3,bus_01,0.5,500.0,20.0,30.0,99.98,99.98,99.98,99.98,0.0,0.0
3,bus_01,0.5,500.0,20.0,40.0,99.98,99.98,99.98,99.98,0.0,0.0
3,bus_01,0.5,500.0,20.0,inf,99.98,99.98,99.98,99.98,0.0,0.0
3,bus_01,0.5,500.0,30.0,30.0,99.98,99.98,99.98,99.98,0.0,0.0
3,bus_01,0.5,500.0,30.0,40.0,99.98,99.98,99.98,99.98,0.0,0.0
3,bus_01,0.5,500.0,30.0,inf,99.98,99.98,99.98,99.98,0.0,0.0
3,bus_01,0.5,500.0,40.0,30.0,99.98,99.98,99.98,99.98,0.0,0.0
3,bus_01,0.5,500.0,40.0,40.0,99.98,99.98,99.98,99.98,0.0,0.0
3,bus_01,0.5,500.0,40.0,inf,99.98,99.98,99.98,99.98,0.0,0.0
3,bus_01,0.5,500.0,inf,30.0,99.98,99.98,99.98,99.98,0.0,0.0
3,bus_01,0.5,500.0,inf,40.0,99.98,99.98,99.98,99.98,0.0,0.0
3,bus_01,0.5,500.0,inf,inf,99.98,99.98,99.98,99.98,0.0,0.0
3,bus_01,0.5,1000.0,20.0,30.0,99.98,99.98,99.98,99.98,0.0,0.0
3,bus_01,0.5,1000.0,20.0,40.0,99.98,99.98,99.98,99.98,0.0,0.0
3,bus_01,0.5,1000.0,20.0,inf,99.98,99.98,99.98,99.98,0.0,0.0
3,bus_01,0.5,1000.0,30.0,30.0,99.98,99.98,99.98,99.98,0.0,0.0
3,bus_01,0.5,1000.0,30.0,40.0,99.98,99.98,99.98,99.98,0.0,0.0
3,bus_01,0.5,1000.0,30.0,inf,99.98,99.98,99.98,99.98,0.0,0.0
3,bus_01,0.5,1000.0,40.0,30.0,99.98,99.98,99.98,99.98,0.0,0.0
3,bus_01,0.5,1000.0,40.0,40.0,99.98,99.98,99.98,99.98,0.0,0.0
3,bus_01,0.5,1000.0,40.0,inf,99.98,99.98,99.98,99.98,0.0,0.0
3,bus_01,0.5,1000.0,inf,30.0,99.98,99.98,99.98,99.98,0.0,0.0
3,bus_01,0.5,1000.0,inf,40.0,99.98,99.98,99.98,99.98,0.0,0.0
3,bus_01,0.5,1000.0,inf,inf,99.98,99.98,99.98,99.98,0.0,0.0
3,bus_01,0.5,2000.0,20.0,30.0,99.98,99.98,99.98,99.98,0.0,0.0
3,bus_01,0.5,2000.0,20.0,40.0,99.98,99.98,99.98,99.98,0.0,0.0
3,bus_01,0.5,2000.0,20.0,inf,99.98,99.98,99.98,99.98,0.0,0.0
3,bus_01,0.5,2000.0,30.0,30.0,99.98,99.98,99.98,99.98,0.0,0.0
3,bus_01,0.5,2000.0,30.0,40.0,99.98,99.98,99.98,99.98,0.0,0.0
3,bus_01,0.5,2000.0,30.0,inf,99.98,99.98,99.98,99.98,0.0,0.0
3,bus_01,0.5,2000.0,40.0,30.0,99.98,99.98,99.98,99.98,0.0,0.0
3,bus_01,0.5,2000.0,40.0,40.0,99.98,99.98,99.98,99.98,0.0,0.0
3,bus_01,0.5,2000.0,40.0,inf,99.98,99.98,99.98,99.98,0.0,0.0
3,bus_01,0.5,2000.0,inf,30.0,99.98,99.98,99.98,99.98,0.0,0.0
3,bus_01,0.5,2000.0,inf,40.0,99.98,99.98,99.98,99.98,0.0,0.0
3,bus_01,0.5,2000.0,inf,inf,99.98,99.98,99.98,99.98,0.0,0.0
3,bus_01,0.5,5000.0,20.0,30.0,99.98,99.98,99.98,99.98,0.0,0.0
3,bus_01,0.5,5000.0,20.0,40.0,99.98,99.98,99.98,99.98,0.0,0.0
3,bus_01,0.5,5000.0,20.0,inf,99.98,99.98,99.98,99.98,0.0,0.0
3,bus_01,0.5,5000.0,30.0,30.0,99.98,99.98,99.98,99.98,0.0,0.0
3,bus_01,0.5,5000.0,30.0,40.0,99.98,99.98,99.98,99.98,0.0,0.0
3,bus_01,0.5,5000.0,30.0,inf,99.98,99.98,99.98,99.98,0.0,0.0
3,bus_01,0.5,5000.0,40.0,30.0,99.98,99.98,99.98,99.98,0.0,0.0
3,bus_01,0.5,5000.0,40.0,40.0,99.98,99.98,99.98,99.98,0.0,0.0
3,bus_01,0.5,5000.0,40.0,inf,99.98,99.98,99.98,99.98,0.0,0.0
3,bus_01,0.5,5000.0,inf,30.0,99.98,99.98,99.98,99.98,0.0,0.0
3,bus_01,0.5,5000.0,inf,40.0,99.98,99.98,99.98,99.98,0.0,0.0
3,bus_01,0.5,5000.0,inf,inf,99.98,99.98,99.98,99.98,0.0,0.0
3,bus_07,0.5,100.0,20.0,30.0,62.99285696794157,32.8335674070007,99.98,75.35192880766759,-30.15928956094087,-24.628071192332413
3,bus_07,0.5,100.0,20.0,40.0,67.25747628886484,57.15663252607399,99.98,99.98,-10.100843762790845,0.0
3,bus_07,0.5,100.0,20.0,inf,63.172219245691586,20.53084074715995,99.98,99.98,-42.64137849853164,0.0
3,bus_07,0.5,100.0,30.0,30.0,65.10685854303297,34.70393309652554,99.98,98.87556565346813,-30.40292544650743,-1.1044343465318747
3,bus_07,0.5,100.0,30.0,40.0,65.29257602644086,50.92580996877389,99.98,97.7068842885397,-14.366766057666965,-2.2731157114603064
3,bus_07,0.5,100.0,30.0,inf,67.11618445116687,54.98275595788724,99.98,99.98,-12.13342849327963,0.0
3,bus_07,0.5,100.0,40.0,30.0,69.17461738359552,73.09074396051267,99.97288370705036,99.68756297456287,3.9161265769171507,-0.28532073248749157
3,bus_07,0.5,100.0,40.0,40.0,63.29410713660204,28.674585612128524,99.98,99.98,-34.61952152447351,0.0
3,bus_07,0.5,100.0,40.0,inf,65.17218683074472,38.8741413322707,99.98,89.47294781265238,-26.298045498474018,-10.507052187347625
3,bus_07,0.5,100.0,inf,30.0,65.23832463544863,69.05387113054175,99.98,99.98,3.815546495093116,0.0
3,bus_07,0.5,100.0,inf,40.0,65.04109870075445,65.36233042274544,99.97318800737905,99.98,0.3212317219909977,0.006811992620953333
3,bus_07,0.5,100.0,inf,inf,61.9075510491642,15.212539195729269,99.98,99.98,-46.69501185343493,0.0
3,bus_07,0.5,500.0,20.0,30.0,99.98,99.98,99.98,99.98,0.0,0.0
3,bus_07,0.5,500.0,20.0,40.0,99.98,99.98,99.98,99.98,0.0,0.0
3,bus_07,0.5,500.0,20.0,inf,99.98,99.98,99.98,99.98,0.0,0.0
3,bus_07,0.5,500.0,30.0,30.0,99.98,99.98,99.98,99.98,0.0,0.0
3,bus_07,0.5,500.0,30.0,40.0,99.98,99.98,99.98,99.98,0.0,0.0
3,bus_07,0.5,500.0,30.0,inf,99.98,99.98,99.98,99.98,0.0,0.0
3,bus_07,0.5,500.0,40.0,30.0,99.98,99.98,99.98,99.98,0.0,0.0
3,bus_07,0.5,500.0,40.0,40.0,99.98,99.98,99.98,99.98,0.0,0.0
3,bus_07,0.5,500.0,40.0,inf,99.98,99.98,99.98,99.98,0.0,0.0
3,bus_07,0.5,500.0,inf,30.0,99.98,99.98,99.98,99.98,0.0,0.0
3,bus_07,0.5,500.0,inf,40.0,99.98,99.98,99.98,99.98,0.0,0.0
3,bus_07,0.5,500.0,inf,inf,99.98,99.98,99.98,99.98,0.0,0.0
3,bus_07,0.5,1000.0,20.0,30.0,99.98,99.98,99.98,99.98,0.0,0.0
3,bus_07,0.5,1000.0,20.0,40.0,99.98,99.98,99.98,99.98,0.0,0.0
3,bus_07,0.5,1000.0,20.0,inf,99.98,99.98,99.98,99.98,0.0,0.0
3,bus_07,0.5,1000.0,30.0,30.0,99.98,99.98,99.98,99.98,0.0,0.0
3,bus_07,0.5,1000.0,30.0,40.0,99.98,99.98,99.98,99.98,0.0,0.0
3,bus_07,0.5,1000.0,30.0,inf,99.98,99.98,99.98,99.98,0.0,0.0
3,bus_07,0.5,1000.0,40.0,30.0,99.98,99.98,99.98,99.98,0.0,0.0
3,bus_07,0.5,1000.0,40.0,40.0,99.98,99.98,99.98,99.98,0.0,0.0
3,bus_07,0.5,1000.0,40.0,inf,99.98,99.98,99.98,99.98,0.0,0.0
3,bus_07,0.5,1000.0,inf,30.0,99.98,99.98,99.98,99.98,0.0,0.0
3,bus_07,0.5,1000.0,inf,40.0,99.98,99.98,99.98,99.98,0.0,0.0
3,bus_07,0.5,1000.0,inf,inf,99.98,99.98,99.98,99.98,0.0,0.0
3,bus_07,0.5,2000.0,20.0,30.0,99.98,99.98,99.98,99.98,0.0,0.0
3,bus_07,0.5,2000.0,20.0,40.0,99.98,99.98,99.98,99.98,0.0,0.0
3,bus_07,0.5,2000.0,20.0,inf,99.98,99.98,99.98,99.98,0.0,0.0
3,bus_07,0.5,2000.0,30.0,30.0,99.98,99.98,99.98,99.98,0.0,0.0
3,bus_07,0.5,2000.0,30.0,40.0,99.98,99.98,99.98,99.98,0.0,0.0
3,bus_07,0.5,2000.0,30.0,inf,99.98,99.98,99.98,99.98,0.0,0.0
3,bus_07,0.5,2000.0,40.0,30.0,99.98,99.98,99.98,99.98,0.0,0.0
3,bus_07,0.5,2000.0,40.0,40.0,99.98,99.98,99.98,99.98,0.0,0.0
3,bus_07,0.5,2000.0,40.0,inf,99.98,99.98,99.98,99.98,0.0,0.0
3,bus_07,0.5,2000.0,inf,30.0,99.98,99.98,99.98,99.98,0.0,0.0
3,bus_07,0.5,2000.0,inf,40.0,99.98,99.98,99.98,99.98,0.0,0.0
3,bus_07,0.5,2000.0,inf,inf,99.98,99.98,99.98,99.98,0.0,0.0
3,bus_07,0.5,5000.0,20.0,30.0,99.98,99.98,99.98,99.98,0.0,0.0
3,bus_07,0.5,5000.0,20.0,40.0,99.98,99.98,99.98,99.98,0.0,0.0
3,bus_07,0.5,5000.0,20.0,inf,99.98,99.98,99.98,99.98,0.0,0.0
3,bus_07,0.5,5000.0,30.0,30.0,99.98,99.98,99.98,99.98,0.0,0.0
3,bus_07,0.5,5000.0,30.0,40.0,99.98,99.98,99.98,99.98,0.0,0.0
3,bus_07,0.5,5000.0,30.0,inf,99.98,99.98,99.98,99.98,0.0,0.0
3,bus_07,0.5,5000.0,40.0,30.0,99.98,99.98,99.98,99.98,0.0,0.0
3,bus_07,0.5,5000.0,40.0,40.0,99.98,99.98,99.98,99.98,0.0,0.0
3,bus_07,0.5,5000.0,40.0,inf,99.98,99.98,99.98,99.98,0.0,0.0
3,bus_07,0.5,5000.0,inf,30.0,99.98,99.98,99.98,99.98,0.0,0.0
3,bus_07,0.5,5000.0,inf,40.0,99.98,99.98,99.98,99.98,0.0,0.0
3,bus_07,0.5,5000.0,inf,inf,99.98,99.98,99.98,99.98,0.0,0.0
3,bus_13,0.5,100.0,20.0,30.0,67.23562679406305,30.47361367761985,99.98,85.16362178054459,-36.7620131164432,-14.816378219455416
3,bus_13,0.5,100.0,20.0,40.0,65.21856136099086,38.80778451212829,99.98,99.98,-26.410776848862568,0.0
3,bus_13,0.5,100.0,20.0,inf,61.04175953944273,38.985311225319855,99.66755698697037,99.98,-22.056448314122875,0.31244301302963606
3,bus_13,0.5,100.0,30.0,30.0,63.28332374606207,30.679811806502023,99.98,83.30076479363642,-32.60351193956004,-16.679235206363586
3,bus_13,0.5,100.0,30.0,40.0,65.09241350634433,22.592542688517135,99.98,99.98,-42.499870817827194,0.0
3,bus_13,0.5,100.0,30.0,inf,63.19637594333074,58.71444317423642,99.9373227555029,52.93160079436039,-4.481932769094321,-47.00572196114251
3,bus_13,0.5,100.0,40.0,30.0,67.26401562552398,50.808094143716055,99.94563599243945,99.98,-16.455921481807927,0.03436400756055491
3,bus_13,0.5,100.0,40.0,40.0,65.33164355490541,26.571499484212723,99.95393188355085,99.88616396410428,-38.76014407069269,-0.0677679194465668
3,bus_13,0.5,100.0,40.0,inf,65.00058948508322,71.17792444972635,99.89277557426618,96.74645556367479,6.177334964643123,-3.1463200105913955
3,bus_13,0.5,100.0,inf,30.0,63.38539827551444,34.774258854365335,99.98,96.92201288287062,-28.611139421149105,-3.057987117129386
3,bus_13,0.5,100.0,inf,40.0,65.13495770849009,34.758240284577624,99.72618371439658,87.7373619626105,-30.376717423912467,-11.988821751786077
3,bus_13,0.5,100.0,inf,inf,61.9075510491642,47.44540465933282,99.98,99.98,-14.462146389831375,0.0
3,bus_13,0.5,500.0,20.0,30.0,99.98,99.98,99.98,99.98,0.0,0.0
3,bus_13,0.5,500.0,20.0,40.0,99.98,99.98,99.98,99.98,0.0,0.0
3,bus_13,0.5,500.0,20.0,inf,99.98,99.98,99.98,99.98,0.0,0.0
3,bus_13,0.5,500.0,30.0,30.0,99.98,99.98,99.98,99.98,0.0,0.0
3,bus_13,0.5,500.0,30.0,40.0,99.98,99.98,99.98,99.98,0.0,0.0
3,bus_13,0.5,500.0,30.0,inf,99.98,99.98,99.98,99.98,0.0,0.0
3,bus_13,0.5,500.0,40.0,30.0,99.98,99.98,99.98,99.98,0.0,0.0
3,bus_13,0.5,500.0,40.0,40.0,99.98,99.98,99.98,99.98,0.0,0.0
3,bus_13,0.5,500.0,40.0,inf,99.98,99.98,99.98,99.98,0.0,0.0
3,bus_13,0.5,500.0,inf,30.0,99.98,99.98,99.98,99.98,0.0,0.0
3,bus_13,0.5,500.0,inf,40.0,99.98,99.98,99.98,99.98,0.0,0.0
3,bus_13,0.5,500.0,inf,inf,99.98,99.98,99.98,99.98,0.0,0.0
3,bus_13,0.5,1000.0,20.0,30.0,99.98,99.98,99.98,99.98,0.0,0.0
3,bus_13,0.5,1000.0,20.0,40.0,99.98,99.98,99.98,99.98,0.0,0.0
3,bus_13,0.5,1000.0,20.0,inf,99.98,99.98,99.98,99.98,0.0,0.0
3,bus_13,0.5,1000.0,30.0,30.0,99.98,99.98,99.98,99.98,0.0,0.0
3,bus_13,0.5,1000.0,30.0,40.0,99.98,99.98,99.98,99.98,0.0,0.0
3,bus_13,0.5,1000.0,30.0,inf,99.98,99.98,99.98,99.98,0.0,0.0
3,bus_13,0.5,1000.0,40.0,30.0,99.98,99.98,99.98,99.98,0.0,0.0
3,bus_13,0.5,1000.0,40.0,40.0,99.98,99.98,99.98,99.98,0.0,0.0
3,bus_13,0.5,1000.0,40.0,inf,99.98,99.98,99.98,99.98,0.0,0.0
3,bus_13,0.5,1000.0,inf,30.0,99.98,99.98,99.98,99.98,0.0,0.0
3,bus_13,0.5,1000.0,inf,40.0,99.98,99.98,99.98,99.98,0.0,0.0
3,bus_13,0.5,1000.0,inf,inf,99.98,99.98,99.98,99.98,0.0,0.0
3,bus_13,0.5,2000.0,20.0,30.0,99.98,99.98,99.98,99.98,0.0,0.0
3,bus_13,0.5,2000.0,20.0,40.0,99.98,99.98,99.98,99.98,0.0,0.0
3,bus_13,0.5,2000.0,20.0,inf,99.98,99.98,99.98,99.98,0.0,0.0
3,bus_13,0.5,2000.0,30.0,30.0,99.98,99.98,99.98,99.98,0.0,0.0
3,bus_13,0.5,2000.0,30.0,40.0,99.98,99.98,99.98,99.98,0.0,0.0
3,bus_13,0.5,2000.0,30.0,inf,99.98,99.98,99.98,99.98,0.0,0.0
3,bus_13,0.5,2000.0,40.0,30.0,99.98,99.98,99.98,99.98,0.0,0.0
3,bus_13,0.5,2000.0,40.0,40.0,99.98,99.98,99.98,99.98,0.0,0.0
3,bus_13,0.5,2000.0,40.0,inf,99.98,99.98,99.98,99.98,0.0,0.0
3,bus_13,0.5,2000.0,inf,30.0,99.98,99.98,99.98,99.98,0.0,0.0
3,bus_13,0.5,2000.0,inf,40.0,99.98,99.98,99.98,99.98,0.0,0.0
3,bus_13,0.5,2000.0,inf,inf,99.98,99.98,99.98,99.98,0.0,0.0
3,bus_13,0.5,5000.0,20.0,30.0,99.98,99.98,99.98,99.98,0.0,0.0
3,bus_13,0.5,5000.0,20.0,40.0,99.98,99.98,99.98,99.98,0.0,0.0
3,bus_13,0.5,5000.0,20.0,inf,99.98,99.98,99.98,99.98,0.0,0.0
3,bus_13,0.5,5000.0,30.0,30.0,99.98,99.98,99.98,99.98,0.0,0.0
3,bus_13,0.5,5000.0,30.0,40.0,99.98,99.98,99.98,99.98,0.0,0.0
3,bus_13,0.5,5000.0,30.0,inf,99.98,99.98,99.98,99.98,0.0,0.0
3,bus_13,0.5,5000.0,40.0,30.0,99.98,99.98,99.98,99.98,0.0,0.0
3,bus_13,0.5,5000.0,40.0,40.0,99.98,99.98,99.98,99.98,0.0,0.0
3,bus_13,0.5,5000.0,40.0,inf,99.98,99.98,99.98,99.98,0.0,0.0
3,bus_13,0.5,5000.0,inf,30.0,99.98,99.98,99.98,99.98,0.0,0.0
3,bus_13,0.5,5000.0,inf,40.0,99.98,99.98,99.98,99.98,0.0,0.0
3,bus_13,0.5,5000.0,inf,inf,99.98,99.98,99.98,99.98,0.0,0.0
3,bus_19,0.5,100.0,20.0,30.0,61.24410701274303,20.591504891015198,99.98,96.35022118386225,-40.65260212172783,-3.629778816137758
3,bus_19,0.5,100.0,20.0,40.0,65.1634628909932,79.39034800423414,99.98,99.69071752395323,14.22688511324094,-0.2892824760467789
3,bus_19,0.5,100.0,20.0,inf,61.31920115401246,16.62413373076944,99.98,83.18334278223384,-44.69506742324302,-16.796657217766167
3,bus_19,0.5,100.0,30.0,30.0,67.23599843073353,18.63743851899854,99.98,99.98,-48.598559911734995,0.0
3,bus_19,0.5,100.0,30.0,40.0,63.05616320376647,22.617081407459082,99.98,77.5533083779566,-40.439081796307384,-22.426691622043407
3,bus_19,0.5,100.0,30.0,inf,65.1979797167929,28.64061959522781,99.98,99.48067545271144,-36.55736012156509,-0.4993245472885661
3,bus_19,0.5,100.0,40.0,30.0,65.22649300072393,69.29986940171014,99.9527158167813,99.43284461216858,4.073376400986206,-0.519871204612727
3,bus_19,0.5,100.0,40.0,40.0,65.08163708312345,24.490722878574356,99.98,79.1972594898306,-40.590914204549094,-20.782740510169404
3,bus_19,0.5,100.0,40.0,inf,64.99572052806636,32.52764926015623,99.98,87.38398239924425,-32.468071267910126,-12.596017600755758
3,bus_19,0.5,100.0,inf,30.0,66.98699976412074,79.305568327938,99.98,93.45958894957526,12.318568563817266,-6.520411050424741
3,bus_19,0.5,100.0,inf,40.0,65.17067483674501,48.850522312309785,99.98,99.98,-16.320152524435223,0.0
3,bus_19,0.5,100.0,inf,inf,61.9075510491642,29.302381599925198,99.98,99.96974665967682,-32.605169449239,-0.010253340323188809
3,bus_19,0.5,500.0,20.0,30.0,99.98,99.98,99.98,99.98,0.0,0.0
3,bus_19,0.5,500.0,20.0,40.0,99.98,99.98,99.98,99.98,0.0,0.0
3,bus_19,0.5,500.0,20.0,inf,99.98,99.98,99.98,99.98,0.0,0.0
3,bus_19,0.5,500.0,30.0,30.0,99.98,99.98,99.98,99.98,0.0,0.0
3,bus_19,0.5,500.0,30.0,40.0,99.98,99.98,99.98,99.98,0.0,0.0
3,bus_19,0.5,500.0,30.0,inf,99.98,99.98,99.98,99.98,0.0,0.0
3,bus_19,0.5,500.0,40.0,30.0,99.98,99.98,99.98,99.98,0.0,0.0
3,bus_19,0.5,500.0,40.0,40.0,99.98,99.98,99.98,99.98,0.0,0.0
3,bus_19,0.5,500.0,40.0,inf,99.98,99.98,99.98,99.98,0.0,0.0
3,bus_19,0.5,500.0,inf,30.0,99.98,99.98,99.98,99.98,0.0,0.0
3,bus_19,0.5,500.0,inf,40.0,99.98,99.98,99.98,99.98,0.0,0.0
3,bus_19,0.5,500.0,inf,inf,99.98,99.98,99.98,99.98,0.0,0.0
3,bus_19,0.5,1000.0,20.0,30.0,99.98,99.98,99.98,99.98,0.0,0.0
3,bus_19,0.5,1000.0,20.0,40.0,99.98,99.98,99.98,99.98,0.0,0.0
3,bus_19,0.5,1000.0,20.0,inf,99.98,99.98,99.98,99.98,0.0,0.0
3,bus_19,0.5,1000.0,30.0,30.0,99.98,99.98,99.98,99.98,0.0,0.0
3,bus_19,0.5,1000.0,30.0,40.0,99.98,99.98,99.98,99.98,0.0,0.0
3,bus_19,0.5,1000.0,30.0,inf,99.98,99.98,99.98,99.98,0.0,0.0
3,bus_19,0.5,1000.0,40.0,30.0,99.98,99.98,99.98,99.98,0.0,0.0
3,bus_19,0.5,1000.0,40.0,40.0,99.98,99.98,99.98,99.98,0.0,0.0
3,bus_19,0.5,1000.0,40.0,inf,99.98,99.98,99.98,99.98,0.0,0.0
3,bus_19,0.5,1000.0,inf,30.0,99.98,99.98,99.98,99.98,0.0,0.0
3,bus_19,0.5,1000.0,inf,40.0,99.98,99.98,99.98,99.98,0.0,0.0
3,bus_19,0.5,1000.0,inf,inf,99.98,99.98,99.98,99.98,0.0,0.0
3,bus_19,0.5,2000.0,20.0,30.0,99.98,99.98,99.98,99.98,0.0,0.0
3,bus_19,0.5,2000.0,20.0,40.0,99.98,99.98,99.98,99.98,0.0,0.0
3,bus_19,0.5,2000.0,20.0,inf,99.98,99.98,99.98,99.98,0.0,0.0
3,bus_19,0.5,2000.0,30.0,30.0,99.98,99.98,99.98,99.98,0.0,0.0
3,bus_19,0.5,2000.0,30.0,40.0,99.98,99.98,99.98,99.98,0.0,0.0
3,bus_19,0.5,2000.0,30.0,inf,99.98,99.98,99.98,99.98,0.0,0.0
3,bus_19,0.5,2000.0,40.0,30.0,99.98,99.98,99.98,99.98,0.0,0.0
3,bus_19,0.5,2000.0,40.0,40.0,99.98,99.98,99.98,99.98,0.0,0.0
3,bus_19,0.5,2000.0,40.0,inf,99.98,99.98,99.98,99.98,0.0,0.0
3,bus_19,0.5,2000.0,inf,30.0,99.98,99.98,99.98,99.98,0.0,0.0
3,bus_19,0.5,2000.0,inf,40.0,99.98,99.98,99.98,99.98,0.0,0.0
3,bus_19,0.5,2000.0,inf,inf,99.98,99.98,99.98,99.98,0.0,0.0
3,bus_19,0.5,5000.0,20.0,30.0,99.98,99.98,99.98,99.98,0.0,0.0
3,bus_19,0.5,5000.0,20.0,40.0,99.98,99.98,99.98,99.98,0.0,0.0
3,bus_19,0.5,5000.0,20.0,inf,99.98,99.98,99.98,99.98,0.0,0.0
3,bus_19,0.5,5000.0,30.0,30.0,99.98,99.98,99.98,99.98,0.0,0.0
3,bus_19,0.5,5000.0,30.0,40.0,99.98,99.98,99.98,99.98,0.0,0.0
3,bus_19,0.5,5000.0,30.0,inf,99.98,99.98,99.98,99.98,0.0,0.0
3,bus_19,0.5,5000.0,40.0,30.0,99.98,99.98,99.98,99.98,0.0,0.0
3,bus_19,0.5,5000.0,40.0,40.0,99.98,99.98,99.98,99.98,0.0,0.0
3,bus_19,0.5,5000.0,40.0,inf,99.98,99.98,99.98,99.98,0.0,0.0
3,bus_19,0.5,5000.0,inf,30.0,99.98,99.98,99.98,99.98,0.0,0.0
3,bus_19,0.5,5000.0,inf,40.0,99.98,99.98,99.98,99.98,0.0,0.0
3,bus_19,0.5,5000.0,inf,inf,99.98,99.98,99.98,99.98,0.0,0.0
3,bus_25,0.5,100.0,20.0,30.0,63.09487089945938,32.65875404661684,99.49917869577139,95.49410064109006,-30.436116852842538,-4.005078054681334
3,bus_25,0.5,100.0,20.0,40.0,63.32577684159182,61.06313587925567,99.98,99.06724036587768,-2.2626409623361496,-0.9127596341223239
3,bus_25,0.5,100.0,20.0,inf,62.96039861906024,30.719960122557723,99.98,99.98,-32.24043849650252,0.0
3,bus_25,0.5,100.0,30.0,30.0,65.23834957859552,24.53639522586838,99.98,99.98,-40.70195435272714,0.0
3,bus_25,0.5,100.0,30.0,40.0,65.14968388293929,30.572437686514085,99.98,81.42282198425268,-34.5772461964252,-18.557178015747326
3,bus_25,0.5,100.0,30.0,inf,65.16139511784968,36.814355384592176,99.98,67.0889205671649,-28.347039733257503,-32.8910794328351
3,bus_25,0.5,100.0,40.0,30.0,65.41812171850859,48.98720446399424,99.98,99.98,-16.43091725451435,0.0
3,bus_25,0.5,100.0,40.0,40.0,63.367463216542184,46.844700077971865,99.98,99.98,-16.52276313857032,0.0
3,bus_25,0.5,100.0,40.0,inf,64.9756986660243,34.896919116705426,99.98,99.49185352224234,-30.078779549318874,-0.48814647775766673
3,bus_25,0.5,100.0,inf,30.0,65.40225283971606,26.706404103430927,99.98,99.98,-38.69584873628513,0.0
3,bus_25,0.5,100.0,inf,40.0,65.05279207687671,71.19533501746106,99.98,99.96916984457545,6.142542940584349,-0.01083015542455712
3,bus_25,0.5,100.0,inf,inf,61.9075510491642,67.99715338562775,99.98,99.98,6.089602336463557,0.0
3,bus_25,0.5,500.0,20.0,30.0,99.98,99.98,99.98,99.98,0.0,0.0
3,bus_25,0.5,500.0,20.0,40.0,99.98,99.98,99.98,99.98,0.0,0.0
3,bus_25,0.5,500.0,20.0,inf,99.98,99.98,99.98,99.98,0.0,0.0
3,bus_25,0.5,500.0,30.0,30.0,99.98,99.98,99.98,99.98,0.0,0.0
3,bus_25,0.5,500.0,30.0,40.0,99.98,99.98,99.98,99.98,0.0,0.0
3,bus_25,0.5,500.0,30.0,inf,99.98,99.98,99.98,99.98,0.0,0.0
3,bus_25,0.5,500.0,40.0,30.0,99.98,99.98,99.98,99.98,0.0,0.0
3,bus_25,0.5,500.0,40.0,40.0,99.98,99.98,99.98,99.98,0.0,0.0
3,bus_25,0.5,500.0,40.0,inf,99.98,99.98,99.98,99.98,0.0,0.0
3,bus_25,0.5,500.0,inf,30.0,99.98,99.98,99.98,99.98,0.0,0.0
3,bus_25,0.5,500.0,inf,40.0,99.98,99.98,99.98,99.98,0.0,0.0
3,bus_25,0.5,500.0,inf,inf,99.98,99.98,99.98,99.98,0.0,0.0
3,bus_25,0.5,1000.0,20.0,30.0,99.98,99.98,99.98,99.98,0.0,0.0
3,bus_25,0.5,1000.0,20.0,40.0,99.98,99.98,99.98,99.98,0.0,0.0
3,bus_25,0.5,1000.0,20.0,inf,99.98,99.98,99.98,99.98,0.0,0.0
3,bus_25,0.5,1000.0,30.0,30.0,99.98,99.98,99.98,99.98,0.0,0.0
3,bus_25,0.5,1000.0,30.0,40.0,99.98,99.98,99.98,99.98,0.0,0.0
3,bus_25,0.5,1000.0,30.0,inf,99.98,99.98,99.98,99.98,0.0,0.0
3,bus_25,0.5,1000.0,40.0,30.0,99.98,99.98,99.98,99.98,0.0,0.0
3,bus_25,0.5,1000.0,40.0,40.0,99.98,99.98,99.98,99.98,0.0,0.0
3,bus_25,0.5,1000.0,40.0,inf,99.98,99.98,99.98,99.98,0.0,0.0
3,bus_25,0.5,1000.0,inf,30.0,99.98,99.98,99.98,99.98,0.0,0.0
3,bus_25,0.5,1000.0,inf,40.0,99.98,99.98,99.98,99.98,0.0,0.0
3,bus_25,0.5,1000.0,inf,inf,99.98,99.98,99.98,99.98,0.0,0.0
3,bus_25,0.5,2000.0,20.0,30.0,99.98,99.98,99.98,99.98,0.0,0.0
3,bus_25,0.5,2000.0,20.0,40.0,99.98,99.98,99.98,99.98,0.0,0.0
3,bus_25,0.5,2000.0,20.0,inf,99.98,99.98,99.98,99.98,0.0,0.0
3,bus_25,0.5,2000.0,30.0,30.0,99.98,99.98,99.98,99.98,0.0,0.0
3,bus_25,0.5,2000.0,30.0,40.0,99.98,99.98,99.98,99.98,0.0,0.0
3,bus_25,0.5,2000.0,30.0,inf,99.98,99.98,99.98,99.98,0.0,0.0
3,bus_25,0.5,2000.0,40.0,30.0,99.98,99.98,99.98,99.98,0.0,0.0
3,bus_25,0.5,2000.0,40.0,40.0,99.98,99.98,99.98,99.98,0.0,0.0
3,bus_25,0.5,2000.0,40.0,inf,99.98,99.98,99.98,99.98,0.0,0.0
3,bus_25,0.5,2000.0,inf,30.0,99.98,99.98,99.98,99.98,0.0,0.0
3,bus_25,0.5,2000.0,inf,40.0,99.98,99.98,99.98,99.98,0.0,0.0
3,bus_25,0.5,2000.0,inf,inf,99.98,99.98,99.98,99.98,0.0,0.0
3,bus_25,0.5,5000.0,20.0,30.0,99.98,99.98,99.98,99.98,0.0,0.0
3,bus_25,0.5,5000.0,20.0,40.0,99.98,99.98,99.98,99.98,0.0,0.0
3,bus_25,0.5,5000.0,20.0,inf,99.98,99.98,99.98,99.98,0.0,0.0
3,bus_25,0.5,5000.0,30.0,30.0,99.98,99.98,99.98,99.98,0.0,0.0
3,bus_25,0.5,5000.0,30.0,40.0,99.98,99.98,99.98,99.98,0.0,0.0
3,bus_25,0.5,5000.0,30.0,inf,99.98,99.98,99.98,99.98,0.0,0.0
3,bus_25,0.5,5000.0,40.0,30.0,99.98,99.98,99.98,99.98,0.0,0.0
3,bus_25,0.5,5000.0,40.0,40.0,99.98,99.98,99.98,99.98,0.0,0.0
3,bus_25,0.5,5000.0,40.0,inf,99.98,99.98,99.98,99.98,0.0,0.0
3,bus_25,0.5,5000.0,inf,30.0,99.98,99.98,99.98,99.98,0.0,0.0
3,bus_25,0.5,5000.0,inf,40.0,99.98,99.98,99.98,99.98,0.0,0.0
3,bus_25,0.5,5000.0,inf,inf,99.98,99.98,99.98,99.98,0.0,0.0
4,bus_01,0.5,100.0,20.0,30.0,67.12615798851364,75.27882462608315,99.98,99.98,8.15266663756951,0.0
4,bus_01,0.5,100.0,20.0,40.0,55.10936354026326,30.75994216260205,99.98,93.38929851237367,-24.34942137766121,-6.590701487626333
4,bus_01,0.5,100.0,20.0,inf,62.95990879023299,30.68297795073733,99.98,89.43204491550468,-32.276930839495655,-10.547955084495328
4,bus_01,0.5,100.0,30.0,30.0,67.2492042506434,38.765733005424565,99.98,95.4875611670237,-28.483471245218837,-4.492438832976305
4,bus_01,0.5,100.0,30.0,40.0,63.367210986521094,65.35698725885317,99.98,99.98,1.9897762723320724,0.0
4,bus_01,0.5,100.0,30.0,inf,63.28385937451839,30.71337706937568,99.98,81.38107312322876,-32.57048230514271,-18.598926876771245
4,bus_01,0.5,100.0,40.0,30.0,59.33593609475491,32.68220451879091,99.98,87.33499112522931,-26.653731575964002,-12.645008874770696
4,bus_01,0.5,100.0,40.0,40.0,63.32717110986044,24.599727496329983,99.98,73.1073788855853,-38.727443613530454,-26.8726211144147
4,bus_01,0.5,100.0,40.0,inf,63.341284046235955,22.625294855518597,99.87301466752466,99.98,-40.71598919071736,0.1069853324753467
4,bus_01,0.5,100.0,inf,30.0,63.06653199974009,28.797292497790693,99.98,85.56565233230465,-34.2692395019494,-14.414347667695353
4,bus_01,0.5,100.0,inf,40.0,65.01458592405447,46.964563433392655,99.9742452875939,99.98,-18.050022490661817,0.005754712406101703
4,bus_01,0.5,100.0,inf,inf,61.9075510491642,37.29918179631032,99.98,89.80152279285171,-24.608369252853876,-10.17847720714829
4,bus_01,0.5,500.0,20.0,30.0,99.98,99.98,99.98,99.98,0.0,0.0
4,bus_01,0.5,500.0,20.0,40.0,99.98,99.98,99.98,99.98,0.0,0.0
4,bus_01,0.5,500.0,20.0,inf,99.98,99.98,99.98,99.98,0.0,0.0
4,bus_01,0.5,500.0,30.0,30.0,99.98,99.98,99.98,99.98,0.0,0.0
4,bus_01,0.5,500.0,30.0,40.0,99.98,99.98,99.98,99.98,0.0,0.0
4,bus_01,0.5,500.0,30.0,inf,99.98,99.98,99.98,99.98,0.0,0.0
4,bus_01,0.5,500.0,40.0,30.0,99.98,99.98,99.98,99.98,0.0,0.0
4,bus_01,0.5,500.0,40.0,40.0,99.98,99.98,99.98,99.98,0.0,0.0
4,bus_01,0.5,500.0,40.0,inf,99.98,99.98,99.98,99.98,0.0,0.0
4,bus_01,0.5,500.0,inf,30.0,99.98,99.98,99.98,99.98,0.0,0.0
4,bus_01,0.5,500.0,inf,40.0,99.98,99.98,99.98,99.98,0.0,0.0
4,bus_01,0.5,500.0,inf,inf,99.98,99.98,99.98,99.98,0.0,0.0
4,bus_01,0.5,1000.0,20.0,30.0,99.98,99.98,99.98,99.98,0.0,0.0
4,bus_01,0.5,1000.0,20.0,40.0,99.98,99.98,99.98,99.98,0.0,0.0
4,bus_01,0.5,1000.0,20.0,inf,99.98,99.98,99.98,99.98,0.0,0.0
4,bus_01,0.5,1000.0,30.0,30.0,99.98,99.98,99.98,99.98,0.0,0.0
4,bus_01,0.5,1000.0,30.0,40.0,99.98,99.98,99.98,99.98,0.0,0.0
4,bus_01,0.5,1000.0,30.0,inf,99.98,99.98,99.98,99.98,0.0,0.0
4,bus_01,0.5,1000.0,40.0,30.0,99.98,99.98,99.98,99.98,0.0,0.0
4,bus_01,0.5,1000.0,40.0,40.0,99.98,99.98,99.98,99.98,0.0,0.0
4,bus_01,0.5,1000.0,40.0,inf,99.98,99.98,99.98,99.98,0.0,0.0
4,bus_01,0.5,1000.0,inf,30.0,99.98,99.98,99.98,99.98,0.0,0.0
4,bus_01,0.5,1000.0,inf,40.0,99.98,99.98,99.98,99.98,0.0,0.0
4,bus_01,0.5,1000.0,inf,inf,99.98,99.98,99.98,99.98,0.0,0.0
4,bus_01,0.5,2000.0,20.0,30.0,99.98,99.98,99.98,99.98,0.0,0.0
4,bus_01,0.5,2000.0,20.0,40.0,99.98,99.98,99.98,99.98,0.0,0.0
4,bus_01,0.5,2000.0,20.0,inf,99.98,99.98,99.98,99.98,0.0,0.0
4,bus_01,0.5,2000.0,30.0,30.0,99.98,99.98,99.98,99.98,0.0,0.0
4,bus_01,0.5,2000.0,30.0,40.0,99.98,99.98,99.98,99.98,0.0,0.0
4,bus_01,0.5,2000.0,30.0,inf,99.98,99.98,99.98,99.98,0.0,0.0
4,bus_01,0.5,2000.0,40.0,30.0,99.98,99.98,99.98,99.98,0.0,0.0
4,bus_01,0.5,2000.0,40.0,40.0,99.98,99.98,99.98,99.98,0.0,0.0
4,bus_01,0.5,2000.0,40.0,inf,99.98,99.98,99.98,99.98,0.0,0.0
4,bus_01,0.5,2000.0,inf,30.0,99.98,99.98,99.98,99.98,0.0,0.0
4,bus_01,0.5,2000.0,inf,40.0,99.98,99.98,99.98,99.98,0.0,0.0
4,bus_01,0.5,2000.0,inf,inf,99.98,99.98,99.98,99.98,0.0,0.0
4,bus_01,0.5,5000.0,20.0,30.0,99.98,99.98,99.98,99.98,0.0,0.0
4,bus_01,0.5,5000.0,20.0,40.0,99.98,99.98,99.98,99.98,0.0,0.0
4,bus_01,0.5,5000.0,20.0,inf,99.98,99.98,99.98,99.98,0.0,0.0
4,bus_01,0.5,5000.0,30.0,30.0,99.98,99.98,99.98,99.98,0.0,0.0
4,bus_01,0.5,5000.0,30.0,40.0,99.98,99.98,99.98,99.98,0.0,0.0
4,bus_01,0.5,5000.0,30.0,inf,99.98,99.98,99.98,99.98,0.0,0.0
4,bus_01,0.5,5000.0,40.0,30.0,99.98,99.98,99.98,99.98,0.0,0.0
4,bus_01,0.5,5000.0,40.0,40.0,99.98,99.98,99.98,99.98,0.0,0.0
4,bus_01,0.5,5000.0,40.0,inf,99.98,99.98,99.98,99.98,0.0,0.0
4,bus_01,0.5,5000.0,inf,30.0,99.98,99.98,99.98,99.98,0.0,0.0
4,bus_01,0.5,5000.0,inf,40.0,99.98,99.98,99.98,99.98,0.0,0.0
4,bus_01,0.5,5000.0,inf,inf,99.98,99.98,99.98,99.98,0.0,0.0
4,bus_07,0.5,100.0,20.0,30.0,69.26799171792555,32.559650432667134,99.98,99.98,-36.70834128525842,0.0
4,bus_07,0.5,100.0,20.0,40.0,59.25286663423721,65.08929682219595,99.98,99.98,5.83643018795874,0.0
4,bus_07,0.5,100.0,20.0,inf,61.17597924870344,14.457926997498516,99.98,55.089815660587796,-46.718052251204924,-44.89018433941221
4,bus_07,0.5,100.0,30.0,30.0,65.2034527448751,66.93554382071484,99.98,99.52532376153003,1.7320910758397474,-0.45467623846997185
4,bus_07,0.5,100.0,30.0,40.0,65.1068697220943,40.82203551284279,99.98,99.98,-24.284834209251514,0.0
4,bus_07,0.5,100.0,30.0,inf,63.34049221534632,22.502776920630907,99.98,75.22687732780038,-40.837715294715416,-24.753122672199623
4,bus_07,0.5,100.0,40.0,30.0,63.23027588152221,18.63276609746508,99.98,97.33405163915612,-44.59750978405713,-2.6459483608438887
4,bus_07,0.5,100.0,40.0,40.0,65.0071362910238,36.791296565279666,99.98,73.14545330576469,-28.215839725744132,-26.834546694235314
4,bus_07,0.5,100.0,40.0,inf,65.06441672410658,67.18016822603691,99.98,87.47146257758305,2.1157515019303332,-12.50853742241695
4,bus_07,0.5,100.0,inf,30.0,61.40221883735475,30.944180835539793,99.98,91.7030469381177,-30.45803800181496,-8.27695306188231
4,bus_07,0.5,100.0,inf,40.0,65.15451829604768,38.737718490675896,99.98,75.17934821136892,-26.416799805371788,-24.800651788631086
4,bus_07,0.5,100.0,inf,inf,61.9075510491642,67.9067475392458,99.98,99.56269329444576,5.9991964900816015,-0.417306705554239
4,bus_07,0.5,500.0,20.0,30.0,99.98,99.98,99.98,99.98,0.0,0.0
4,bus_07,0.5,500.0,20.0,40.0,99.98,99.98,99.98,99.98,0.0,0.0
4,bus_07,0.5,500.0,20.0,inf,99.98,99.98,99.98,99.98,0.0,0.0
4,bus_07,0.5,500.0,30.0,30.0,99.98,99.98,99.98,99.98,0.0,0.0
4,bus_07,0.5,500.0,30.0,40.0,99.98,99.98,99.98,99.98,0.0,0.0
4,bus_07,0.5,500.0,30.0,inf,99.98,99.98,99.98,99.98,0.0,0.0
4,bus_07,0.5,500.0,40.0,30.0,99.98,99.98,99.98,99.98,0.0,0.0
4,bus_07,0.5,500.0,40.0,40.0,99.98,99.98,99.98,99.98,0.0,0.0
4,bus_07,0.5,500.0,40.0,inf,99.98,99.98,99.98,99.98,0.0,0.0
4,bus_07,0.5,500.0,inf,30.0,99.98,99.98,99.98,99.98,0.0,0.0
4,bus_07,0.5,500.0,inf,40.0,99.98,99.98,99.98,99.98,0.0,0.0
4,bus_07,0.5,500.0,inf,inf,99.98,99.98,99.98,99.98,0.0,0.0
4,bus_07,0.5,1000.0,20.0,30.0,99.98,99.98,99.98,99.98,0.0,0.0
4,bus_07,0.5,1000.0,20.0,40.0,99.98,99.98,99.98,99.98,0.0,0.0
4,bus_07,0.5,1000.0,20.0,inf,99.98,99.98,99.98,99.98,0.0,0.0
4,bus_07,0.5,1000.0,30.0,30.0,99.98,99.98,99.98,99.98,0.0,0.0
4,bus_07,0.5,1000.0,30.0,40.0,99.98,99.98,99.98,99.98,0.0,0.0
4,bus_07,0.5,1000.0,30.0,inf,99.98,99.98,99.98,99.98,0.0,0.0
4,bus_07,0.5,1000.0,40.0,30.0,99.98,99.98,99.98,99.98,0.0,0.0
4,bus_07,0.5,1000.0,40.0,40.0,99.98,99.98,99.98,99.98,0.0,0.0
4,bus_07,0.5,1000.0,40.0,inf,99.98,99.98,99.98,99.98,0.0,0.0
4,bus_07,0.5,1000.0,inf,30.0,99.98,99.98,99.98,99.98,0.0,0.0
4,bus_07,0.5,1000.0,inf,40.0,99.98,99.98,99.98,99.98,0.0,0.0
4,bus_07,0.5,1000.0,inf,inf,99.98,99.98,99.98,99.98,0.0,0.0
4,bus_07,0.5,2000.0,20.0,30.0,99.98,99.98,99.98,99.98,0.0,0.0
4,bus_07,0.5,2000.0,20.0,40.0,99.98,99.98,99.98,99.98,0.0,0.0
4,bus_07,0.5,2000.0,20.0,inf,99.98,99.98,99.98,99.98,0.0,0.0
4,bus_07,0.5,2000.0,30.0,30.0,99.98,99.98,99.98,99.98,0.0,0.0
4,bus_07,0.5,2000.0,30.0,40.0,99.98,99.98,99.98,99.98,0.0,0.0
4,bus_07,0.5,2000.0,30.0,inf,99.98,99.98,99.98,99.98,0.0,0.0
4,bus_07,0.5,2000.0,40.0,30.0,99.98,99.98,99.98,99.98,0.0,0.0
4,bus_07,0.5,2000.0,40.0,40.0,99.98,99.98,99.98,99.98,0.0,0.0
4,bus_07,0.5,2000.0,40.0,inf,99.98,99.98,99.98,99.98,0.0,0.0
4,bus_07,0.5,2000.0,inf,30.0,99.98,99.98,99.98,99.98,0.0,0.0
4,bus_07,0.5,2000.0,inf,40.0,99.98,99.98,99.98,99.98,0.0,0.0
4,bus_07,0.5,2000.0,inf,inf,99.98,99.98,99.98,99.98,0.0,0.0
4,bus_07,0.5,5000.0,20.0,30.0,99.98,99.98,99.98,99.98,0.0,0.0
4,bus_07,0.5,5000.0,20.0,40.0,99.98,99.98,99.98,99.98,0.0,0.0
4,bus_07,0.5,5000.0,20.0,inf,99.98,99.98,99.98,99.98,0.0,0.0
4,bus_07,0.5,5000.0,30.0,30.0,99.98,99.98,99.98,99.98,0.0,0.0
4,bus_07,0.5,5000.0,30.0,40.0,99.98,99.98,99.98,99.98,0.0,0.0
4,bus_07,0.5,5000.0,30.0,inf,99.98,99.98,99.98,99.98,0.0,0.0
4,bus_07,0.5,5000.0,40.0,30.0,99.98,99.98,99.98,99.98,0.0,0.0
4,bus_07,0.5,5000.0,40.0,40.0,99.98,99.98,99.98,99.98,0.0,0.0
4,bus_07,0.5,5000.0,40.0,inf,99.98,99.98,99.98,99.98,0.0,0.0
4,bus_07,0.5,5000.0,inf,30.0,99.98,99.98,99.98,99.98,0.0,0.0
4,bus_07,0.5,5000.0,inf,40.0,99.98,99.98,99.98,99.98,0.0,0.0
4,bus_07,0.5,5000.0,inf,inf,99.98,99.98,99.98,99.98,0.0,0.0
4,bus_13,0.5,100.0,20.0,30.0,67.46993321478817,24.583778624834242,99.98,96.70313580939003,-42.88615458995393,-3.2768641906099703
4,bus_13,0.5,100.0,20.0,40.0,61.21309176477392,20.440777206315186,99.98,79.14021396352362,-40.77231455845873,-20.839786036476383
4,bus_13,0.5,100.0,20.0,inf,67.34156791615784,44.84084499138299,99.98,99.98,-22.500722924774855,0.0
4,bus_13,0.5,100.0,30.0,30.0,61.078536783295334,38.77188629756366,99.98,93.51524909142934,-22.306650485731673,-6.4647509085706645
4,bus_13,0.5,100.0,30.0,40.0,63.291876865283605,18.401243229954645,99.98,71.31362953161093,-44.89063363532896,-28.666370468389076
4,bus_13,0.5,100.0,30.0,inf,61.108295582383576,32.59227757419288,99.98,75.2092913110517,-28.5160180081907,-24.770708688948304
4,bus_13,0.5,100.0,40.0,30.0,63.18196090526178,30.9037820565799,99.98,36.808716506064044,-32.27817884868188,-63.17128349393596
4,bus_13,0.5,100.0,40.0,40.0,63.286349354406624,63.06607586841966,99.98,96.78858737613675,-0.22027348598696506,-3.1914126238632576
4,bus_13,0.5,100.0,40.0,inf,65.1455225290809,28.56841188380117,99.98,95.6406541435283,-36.57711064527974,-4.339345856471709
4,bus_13,0.5,100.0,inf,30.0,63.29521813282626,38.933832821090064,99.98,77.1042836708794,-24.361385311736193,-22.875716329120607
4,bus_13,0.5,100.0,inf,40.0,65.20039795516092,32.79008490839869,99.98,81.26284012128309,-32.410313046762234,-18.717159878716913
4,bus_13,0.5,100.0,inf,inf,61.9075510491642,71.7568406550575,99.98,99.98,9.849289605893304,0.0
4,bus_13,0.5,500.0,20.0,30.0,99.98,99.98,99.98,99.98,0.0,0.0
4,bus_13,0.5,500.0,20.0,40.0,99.98,99.98,99.98,99.98,0.0,0.0
4,bus_13,0.5,500.0,20.0,inf,99.98,99.98,99.98,99.98,0.0,0.0
4,bus_13,0.5,500.0,30.0,30.0,99.98,99.98,99.98,99.98,0.0,0.0
4,bus_13,0.5,500.0,30.0,40.0,99.98,99.98,99.98,99.98,0.0,0.0
4,bus_13,0.5,500.0,30.0,inf,99.98,99.98,99.98,99.98,0.0,0.0
4,bus_13,0.5,500.0,40.0,30.0,99.98,99.98,99.98,99.98,0.0,0.0
4,bus_13,0.5,500.0,40.0,40.0,99.98,99.98,99.98,99.98,0.0,0.0
4,bus_13,0.5,500.0,40.0,inf,99.98,99.98,99.98,99.98,0.0,0.0
4,bus_13,0.5,500.0,inf,30.0,99.98,99.98,99.98,99.98,0.0,0.0
4,bus_13,0.5,500.0,inf,40.0,99.98,99.98,99.98,99.98,0.0,0.0
4,bus_13,0.5,500.0,inf,inf,99.98,99.98,99.98,99.98,0.0,0.0
4,bus_13,0.5,1000.0,20.0,30.0,99.98,99.98,99.98,99.98,0.0,0.0
4,bus_13,0.5,1000.0,20.0,40.0,99.98,99.98,99.98,99.98,0.0,0.0
4,bus_13,0.5,1000.0,20.0,inf,99.98,99.98,99.98,99.98,0.0,0.0
4,bus_13,0.5,1000.0,30.0,30.0,99.98,99.98,99.98,99.98,0.0,0.0
4,bus_13,0.5,1000.0,30.0,40.0,99.98,99.98,99.98,99.98,0.0,0.0
4,bus_13,0.5,1000.0,30.0,inf,99.98,99.98,99.98,99.98,0.0,0.0
4,bus_13,0.5,1000.0,40.0,30.0,99.98,99.98,99.98,99.98,0.0,0.0
4,bus_13,0.5,1000.0,40.0,40.0,99.98,99.98,99.98,99.98,0.0,0.0
4,bus_13,0.5,1000.0,40.0,inf,99.98,99.98,99.98,99.98,0.0,0.0
4,bus_13,0.5,1000.0,inf,30.0,99.98,99.98,99.98,99.98,0.0,0.0
4,bus_13,0.5,1000.0,inf,40.0,99.98,99.98,99.98,99.98,0.0,0.0
4,bus_13,0.5,1000.0,inf,inf,99.98,99.98,99.98,99.98,0.0,0.0
4,bus_13,0.5,2000.0,20.0,30.0,99.98,99.98,99.98,99.98,0.0,0.0
4,bus_13,0.5,2000.0,20.0,40.0,99.98,99.98,99.98,99.98,0.0,0.0
4,bus_13,0.5,2000.0,20.0,inf,99.98,99.98,99.98,99.98,0.0,0.0
4,bus_13,0.5,2000.0,30.0,30.0,99.98,99.98,99.98,99.98,0.0,0.0
4,bus_13,0.5,2000.0,30.0,40.0,99.98,99.98,99.98,99.98,0.0,0.0
4,bus_13,0.5,2000.0,30.0,inf,99.98,99.98,99.98,99.98,0.0,0.0
4,bus_13,0.5,2000.0,40.0,30.0,99.98,99.98,99.98,99.98,0.0,0.0
4,bus_13,0.5,2000.0,40.0,40.0,99.98,99.98,99.98,99.98,0.0,0.0
4,bus_13,0.5,2000.0,40.0,inf,99.98,99.98,99.98,99.98,0.0,0.0
4,bus_13,0.5,2000.0,inf,30.0,99.98,99.98,99.98,99.98,0.0,0.0
4,bus_13,0.5,2000.0,inf,40.0,99.98,99.98,99.98,99.98,0.0,0.0
4,bus_13,0.5,2000.0,inf,inf,99.98,99.98,99.98,99.98,0.0,0.0
4,bus_13,0.5,5000.0,20.0,30.0,99.98,99.98,99.98,99.98,0.0,0.0
4,bus_13,0.5,5000.0,20.0,40.0,99.98,99.98,99.98,99.98,0.0,0.0
4,bus_13,0.5,5000.0,20.0,inf,99.98,99.98,99.98,99.98,0.0,0.0
4,bus_13,0.5,5000.0,30.0,30.0,99.98,99.98,99.98,99.98,0.0,0.0
4,bus_13,0.5,5000.0,30.0,40.0,99.98,99.98,99.98,99.98,0.0,0.0
4,bus_13,0.5,5000.0,30.0,inf,99.98,99.98,99.98,99.98,0.0,0.0
4,bus_13,0.5,5000.0,40.0,30.0,99.98,99.98,99.98,99.98,0.0,0.0
4,bus_13,0.5,5000.0,40.0,40.0,99.98,99.98,99.98,99.98,0.0,0.0
4,bus_13,0.5,5000.0,40.0,inf,99.98,99.98,99.98,99.98,0.0,0.0
4,bus_13,0.5,5000.0,inf,30.0,99.98,99.98,99.98,99.98,0.0,0.0
4,bus_13,0.5,5000.0,inf,40.0,99.98,99.98,99.98,99.98,0.0,0.0
4,bus_13,0.5,5000.0,inf,inf,99.98,99.98,99.98,99.98,0.0,0.0
4,bus_19,0.5,100.0,20.0,30.0,75.21520709211549,36.759080777284716,99.98,99.98,-38.456126314830776,0.0
4,bus_19,0.5,100.0,20.0,40.0,67.2329792779324,65.2158041765858,99.98,99.98,-2.017175101346595,0.0
4,bus_19,0.5,100.0,20.0,inf,69.15455873521374,83.25936709976938,99.98,99.98,14.104808364555637,0.0
4,bus_19,0.5,100.0,30.0,30.0,67.11719078606966,40.72251573764577,99.98,93.4665697728691,-26.394675048423885,-6.513430227130911
4,bus_19,0.5,100.0,30.0,40.0,67.13025204545633,71.05095549004704,99.98,99.98,3.920703444590714,0.0
4,bus_19,0.5,100.0,30.0,inf,65.0212706844978,42.83804558956895,99.71275283630672,99.60473916679827,-22.183225094928844,-0.10801366950845193
4,bus_19,0.5,100.0,40.0,30.0,63.06294854197668,20.49020576029391,99.98,99.98,-42.57274278168277,0.0
4,bus_19,0.5,100.0,40.0,40.0,64.99714624476603,20.658417713043285,99.98,77.38256421700459,-44.338728531722744,-22.59743578299542
4,bus_19,0.5,100.0,40.0,inf,63.289574800505946,28.541568891481607,99.7092533570085,73.37488111273798,-34.74800590902434,-26.334372244270526
4,bus_19,0.5,100.0,inf,30.0,67.04088210869017,20.45392236671012,99.98,99.24761771535749,-46.58695974198005,-0.7323822846425116
4,bus_19,0.5,100.0,inf,40.0,63.41790357620781,73.31798981167881,99.98,99.98,9.900086235471,0.0
4,bus_19,0.5,100.0,inf,inf,61.9075510491642,63.5974235526332,99.98,99.98,1.6898725034690045,0.0
4,bus_19,0.5,500.0,20.0,30.0,99.98,99.98,99.98,99.98,0.0,0.0
4,bus_19,0.5,500.0,20.0,40.0,99.98,99.98,99.98,99.98,0.0,0.0
4,bus_19,0.5,500.0,20.0,inf,99.98,99.98,99.98,99.98,0.0,0.0
4,bus_19,0.5,500.0,30.0,30.0,99.98,99.98,99.98,99.98,0.0,0.0
4,bus_19,0.5,500.0,30.0,40.0,99.98,99.98,99.98,99.98,0.0,0.0
4,bus_19,0.5,500.0,30.0,inf,99.98,99.98,99.98,99.98,0.0,0.0
4,bus_19,0.5,500.0,40.0,30.0,99.98,99.98,99.98,99.98,0.0,0.0
4,bus_19,0.5,500.0,40.0,40.0,99.98,99.98,99.98,99.98,0.0,0.0
4,bus_19,0.5,500.0,40.0,inf,99.98,99.98,99.98,99.98,0.0,0.0
4,bus_19,0.5,500.0,inf,30.0,99.98,99.98,99.98,99.98,0.0,0.0
4,bus_19,0.5,500.0,inf,40.0,99.98,99.98,99.98,99.98,0.0,0.0
4,bus_19,0.5,500.0,inf,inf,99.98,99.98,99.98,99.98,0.0,0.0
4,bus_19,0.5,1000.0,20.0,30.0,99.98,99.98,99.98,99.98,0.0,0.0
4,bus_19,0.5,1000.0,20.0,40.0,99.98,99.98,99.98,99.98,0.0,0.0
4,bus_19,0.5,1000.0,20.0,inf,99.98,99.98,99.98,99.98,0.0,0.0
4,bus_19,0.5,1000.0,30.0,30.0,99.98,99.98,99.98,99.98,0.0,0.0
4,bus_19,0.5,1000.0,30.0,40.0,99.98,99.98,99.98,99.98,0.0,0.0
4,bus_19,0.5,1000.0,30.0,inf,99.98,99.98,99.98,99.98,0.0,0.0
4,bus_19,0.5,1000.0,40.0,30.0,99.98,99.98,99.98,99.98,0.0,0.0
4,bus_19,0.5,1000.0,40.0,40.0,99.98,99.98,99.98,99.98,0.0,0.0
4,bus_19,0.5,1000.0,40.0,inf,99.98,99.98,99.98,99.98,0.0,0.0
4,bus_19,0.5,1000.0,inf,30.0,99.98,99.98,99.98,99.98,0.0,0.0
4,bus_19,0.5,1000.0,inf,40.0,99.98,99.98,99.98,99.98,0.0,0.0
4,bus_19,0.5,1000.0,inf,inf,99.98,99.98,99.98,99.98,0.0,0.0
4,bus_19,0.5,2000.0,20.0,30.0,99.98,99.98,99.98,99.98,0.0,0.0
4,bus_19,0.5,2000.0,20.0,40.0,99.98,99.98,99.98,99.98,0.0,0.0
4,bus_19,0.5,2000.0,20.0,inf,99.98,99.98,99.98,99.98,0.0,0.0
4,bus_19,0.5,2000.0,30.0,30.0,99.98,99.98,99.98,99.98,0.0,0.0
4,bus_19,0.5,2000.0,30.0,40.0,99.98,99.98,99.98,99.98,0.0,0.0
4,bus_19,0.5,2000.0,30.0,inf,99.98,99.98,99.98,99.98,0.0,0.0
4,bus_19,0.5,2000.0,40.0,30.0,99.98,99.98,99.98,99.98,0.0,0.0
4,bus_19,0.5,2000.0,40.0,40.0,99.98,99.98,99.98,99.98,0.0,0.0
4,bus_19,0.5,2000.0,40.0,inf,99.98,99.98,99.98,99.98,0.0,0.0
4,bus_19,0.5,2000.0,inf,30.0,99.98,99.98,99.98,99.98,0.0,0.0
4,bus_19,0.5,2000.0,inf,40.0,99.98,99.98,99.98,99.98,0.0,0.0
4,bus_19,0.5,2000.0,inf,inf,99.98,99.98,99.98,99.98,0.0,0.0
4,bus_19,0.5,5000.0,20.0,30.0,99.98,99.98,99.98,99.98,0.0,0.0
4,bus_19,0.5,5000.0,20.0,40.0,99.98,99.98,99.98,99.98,0.0,0.0
4,bus_19,0.5,5000.0,20.0,inf,99.98,99.98,99.98,99.98,0.0,0.0
4,bus_19,0.5,5000.0,30.0,30.0,99.98,99.98,99.98,99.98,0.0,0.0
4,bus_19,0.5,5000.0,30.0,40.0,99.98,99.98,99.98,99.98,0.0,0.0
4,bus_19,0.5,5000.0,30.0,inf,99.98,99.98,99.98,99.98,0.0,0.0
4,bus_19,0.5,5000.0,40.0,30.0,99.98,99.98,99.98,99.98,0.0,0.0
4,bus_19,0.5,5000.0,40.0,40.0,99.98,99.98,99.98,99.98,0.0,0.0
4,bus_19,0.5,5000.0,40.0,inf,99.98,99.98,99.98,99.98,0.0,0.0
4,bus_19,0.5,5000.0,inf,30.0,99.98,99.98,99.98,99.98,0.0,0.0
4,bus_19,0.5,5000.0,inf,40.0,99.98,99.98,99.98,99.98,0.0,0.0
4,bus_19,0.5,5000.0,inf,inf,99.98,99.98,99.98,99.98,0.0,0.0
4,bus_25,0.5,100.0,20.0,30.0,61.050294172626195,8.455042685863457,99.98,85.3606325068897,-52.595251486762734,-14.619367493110303
4,bus_25,0.5,100.0,20.0,40.0,63.08893304272918,20.754688871932537,99.98,99.98,-42.334244170796644,0.0
4,bus_25,0.5,100.0,20.0,inf,60.90208444763815,30.667122689880287,99.98,95.60705730082775,-30.234961757757866,-4.372942699172256
4,bus_25,0.5,100.0,30.0,30.0,65.17197427300701,48.9776850800962,99.98,99.98,-16.19428919291081,0.0
4,bus_25,0.5,100.0,30.0,40.0,65.04088675192051,38.79541561106639,99.98,99.98,-26.24547114085412,0.0
4,bus_25,0.5,100.0,30.0,inf,63.28448892472485,64.83605386195327,99.98,99.98,1.5515649372284273,0.0
4,bus_25,0.5,100.0,40.0,30.0,63.305933724032506,24.50060886543891,99.98,79.1952970886037,-38.80532485859359,-20.78470291139631
4,bus_25,0.5,100.0,40.0,40.0,65.01914779810714,39.04240820883251,99.98,91.53177672332475,-25.97673958927463,-8.44822327667525
4,bus_25,0.5,100.0,40.0,inf,65.03723368420799,36.626563899229446,99.98,95.57868878056627,-28.410669784978545,-4.401311219433737
4,bus_25,0.5,100.0,inf,30.0,65.2868037184895,46.88842306549239,99.98,97.72279483961003,-18.398380652997105,-2.2572051603899723
4,bus_25,0.5,100.0,inf,40.0,65.1866952914877,12.576009563810132,99.82381682714586,67.25206532517018,-52.61068572767756,-32.57175150197568
4,bus_25,0.5,100.0,inf,inf,61.9075510491642,61.52725425758979,99.98,81.75651745859778,-0.3802967915744091,-18.22348254140222
4,bus_25,0.5,500.0,20.0,30.0,99.98,99.98,99.98,99.98,0.0,0.0
4,bus_25,0.5,500.0,20.0,40.0,99.98,99.98,99.98,99.98,0.0,0.0
4,bus_25,0.5,500.0,20.0,inf,99.98,99.98,99.98,99.98,0.0,0.0
4,bus_25,0.5,500.0,30.0,30.0,99.98,99.98,99.98,99.98,0.0,0.0
4,bus_25,0.5,500.0,30.0,40.0,99.98,99.98,99.98,99.98,0.0,0.0
4,bus_25,0.5,500.0,30.0,inf,99.98,99.98,99.98,99.98,0.0,0.0
4,bus_25,0.5,500.0,40.0,30.0,99.98,99.98,99.98,99.98,0.0,0.0
4,bus_25,0.5,500.0,40.0,40.0,99.98,99.98,99.98,99.98,0.0,0.0
4,bus_25,0.5,500.0,40.0,inf,99.98,99.98,99.98,99.98,0.0,0.0
4,bus_25,0.5,500.0,inf,30.0,99.98,99.98,99.98,99.98,0.0,0.0
4,bus_25,0.5,500.0,inf,40.0,99.98,99.98,99.98,99.98,0.0,0.0
4,bus_25,0.5,500.0,inf,inf,99.98,99.98,99.98,99.98,0.0,0.0
4,bus_25,0.5,1000.0,20.0,30.0,99.98,99.98,99.98,99.98,0.0,0.0
4,bus_25,0.5,1000.0,20.0,40.0,99.98,99.98,99.98,99.98,0.0,0.0
4,bus_25,0.5,1000.0,20.0,inf,99.98,99.98,99.98,99.98,0.0,0.0
4,bus_25,0.5,1000.0,30.0,30.0,99.98,99.98,99.98,99.98,0.0,0.0
4,bus_25,0.5,1000.0,30.0,40.0,99.98,99.98,99.98,99.98,0.0,0.0
4,bus_25,0.5,1000.0,30.0,inf,99.98,99.98,99.98,99.98,0.0,0.0
4,bus_25,0.5,1000.0,40.0,30.0,99.98,99.98,99.98,99.98,0.0,0.0
4,bus_25,0.5,1000.0,40.0,40.0,99.98,99.98,99.98,99.98,0.0,0.0
4,bus_25,0.5,1000.0,40.0,inf,99.98,99.98,99.98,99.98,0.0,0.0
4,bus_25,0.5,1000.0,inf,30.0,99.98,99.98,99.98,99.98,0.0,0.0
4,bus_25,0.5,1000.0,inf,40.0,99.98,99.98,99.98,99.98,0.0,0.0
4,bus_25,0.5,1000.0,inf,inf,99.98,99.98,99.98,99.98,0.0,0.0
4,bus_25,0.5,2000.0,20.0,30.0,99.98,99.98,99.98,99.98,0.0,0.0
4,bus_25,0.5,2000.0,20.0,40.0,99.98,99.98,99.98,99.98,0.0,0.0
4,bus_25,0.5,2000.0,20.0,inf,99.98,99.98,99.98,99.98,0.0,0.0
4,bus_25,0.5,2000.0,30.0,30.0,99.98,99.98,99.98,99.98,0.0,0.0
4,bus_25,0.5,2000.0,30.0,40.0,99.98,99.98,99.98,99.98,0.0,0.0
4,bus_25,0.5,2000.0,30.0,inf,99.98,99.98,99.98,99.98,0.0,0.0
4,bus_25,0.5,2000.0,40.0,30.0,99.98,99.98,99.98,99.98,0.0,0.0
4,bus_25,0.5,2000.0,40.0,40.0,99.98,99.98,99.98,99.98,0.0,0.0
4,bus_25,0.5,2000.0,40.0,inf,99.98,99.98,99.98,99.98,0.0,0.0
4,bus_25,0.5,2000.0,inf,30.0,99.98,99.98,99.98,99.98,0.0,0.0
4,bus_25,0.5,2000.0,inf,40.0,99.98,99.98,99.98,99.98,0.0,0.0
4,bus_25,0.5,2000.0,inf,inf,99.98,99.98,99.98,99.98,0.0,0.0
4,bus_25,0.5,5000.0,20.0,30.0,99.98,99.98,99.98,99.98,0.0,0.0
4,bus_25,0.5,5000.0,20.0,40.0,99.98,99.98,99.98,99.98,0.0,0.0
4,bus_25,0.5,5000.0,20.0,inf,99.98,99.98,99.98,99.98,0.0,0.0
4,bus_25,0.5,5000.0,30.0,30.0,99.98,99.98,99.98,99.98,0.0,0.0
4,bus_25,0.5,5000.0,30.0,40.0,99.98,99.98,99.98,99.98,0.0,0.0
4,bus_25,0.5,5000.0,30.0,inf,99.98,99.98,99.98,99.98,0.0,0.0
4,bus_25,0.5,5000.0,40.0,30.0,99.98,99.98,99.98,99.98,0.0,0.0
4,bus_25,0.5,5000.0,40.0,40.0,99.98,99.98,99.98,99.98,0.0,0.0
4,bus_25,0.5,5000.0,40.0,inf,99.98,99.98,99.98,99.98,0.0,0.0
4,bus_25,0.5,5000.0,inf,30.0,99.98,99.98,99.98,99.98,0.0,0.0
4,bus_25,0.5,5000.0,inf,40.0,99.98,99.98,99.98,99.98,0.0,0.0
4,bus_25,0.5,5000.0,inf,inf,99.98,99.98,99.98,99.98,0.0,0.0
5,bus_01,0.5,100.0,20.0,30.0,63.04310232842475,16.399224955942692,99.98,99.98,-46.64387737248206,0.0
5,bus_01,0.5,100.0,20.0,40.0,69.00132836906464,46.92619834830934,99.98,93.57883926550656,-22.075130020755296,-6.401160734493445
5,bus_01,0.5,100.0,20.0,inf,61.11164556886411,24.805414417555195,99.98,61.28772747703799,-36.30623115130892,-38.692272522962014
5,bus_01,0.5,100.0,30.0,30.0,63.104934091996626,69.07560369957216,99.98,71.0938482070759,5.97066960757553,-28.88615179292411
5,bus_01,0.5,100.0,30.0,40.0,63.35228963739981,26.516337671367374,99.98,95.48089772115823,-36.83595196603243,-4.499102278841775
5,bus_01,0.5,100.0,30.0,inf,65.0123878610553,34.90230241275365,99.98,87.4092950595554,-30.110085448301653,-12.5707049404446
5,bus_01,0.5,100.0,40.0,30.0,59.246472543016324,36.671029280463905,96.90401107310069,99.5058321848899,-22.57544326255242,2.6018211117892065
5,bus_01,0.5,100.0,40.0,40.0,64.98343456938872,64.99947718306365,99.98,99.98,0.016042613674926542,0.0
5,bus_01,0.5,100.0,40.0,inf,63.320071765266285,42.93253745794963,99.98,91.28991173156187,-20.387534307316656,-8.690088268438132
5,bus_01,0.5,100.0,inf,30.0,63.14210876858935,30.58812945466951,99.98,67.24066691827065,-32.55397931391984,-32.739333081729356
5,bus_01,0.5,100.0,inf,40.0,63.20296662074969,69.25324956225522,99.69240498238833,98.9749213259596,6.050282941505529,-0.7174836564287261
5,bus_01,0.5,100.0,inf,inf,61.9075510491642,31.305344294894788,99.98,94.01825779179373,-30.60220675426941,-5.9617422082062745
5,bus_01,0.5,500.0,20.0,30.0,99.98,99.98,99.98,99.98,0.0,0.0
5,bus_01,0.5,500.0,20.0,40.0,99.98,99.98,99.98,99.98,0.0,0.0
5,bus_01,0.5,500.0,20.0,inf,99.98,99.98,99.98,99.98,0.0,0.0
5,bus_01,0.5,500.0,30.0,30.0,99.98,99.98,99.98,99.98,0.0,0.0
5,bus_01,0.5,500.0,30.0,40.0,99.98,99.98,99.98,99.98,0.0,0.0
5,bus_01,0.5,500.0,30.0,inf,99.98,99.98,99.98,99.98,0.0,0.0
5,bus_01,0.5,500.0,40.0,30.0,99.98,99.98,99.98,99.98,0.0,0.0
5,bus_01,0.5,500.0,40.0,40.0,99.98,99.98,99.98,99.98,0.0,0.0
5,bus_01,0.5,500.0,40.0,inf,99.98,99.98,99.98,99.98,0.0,0.0
5,bus_01,0.5,500.0,inf,30.0,99.98,99.98,99.98,99.98,0.0,0.0
5,bus_01,0.5,500.0,inf,40.0,99.98,99.98,99.98,99.98,0.0,0.0
5,bus_01,0.5,500.0,inf,inf,99.98,99.98,99.98,99.98,0.0,0.0
5,bus_01,0.5,1000.0,20.0,30.0,99.98,99.98,99.98,99.98,0.0,0.0
5,bus_01,0.5,1000.0,20.0,40.0,99.98,99.98,99.98,99.98,0.0,0.0
5,bus_01,0.5,1000.0,20.0,inf,99.98,99.98,99.98,99.98,0.0,0.0
5,bus_01,0.5,1000.0,30.0,30.0,99.98,99.98,99.98,99.98,0.0,0.0
5,bus_01,0.5,1000.0,30.0,40.0,99.98,99.98,99.98,99.98,0.0,0.0
5,bus_01,0.5,1000.0,30.0,inf,99.98,99.98,99.98,99.98,0.0,0.0
5,bus_01,0.5,1000.0,40.0,30.0,99.98,99.98,99.98,99.98,0.0,0.0
5,bus_01,0.5,1000.0,40.0,40.0,99.98,99.98,99.98,99.98,0.0,0.0
5,bus_01,0.5,1000.0,40.0,inf,99.98,99.98,99.98,99.98,0.0,0.0
5,bus_01,0.5,1000.0,inf,30.0,99.98,99.98,99.98,99.98,0.0,0.0
5,bus_01,0.5,1000.0,inf,40.0,99.98,99.98,99.98,99.98,0.0,0.0
5,bus_01,0.5,1000.0,inf,inf,99.98,99.98,99.98,99.98,0.0,0.0
5,bus_01,0.5,2000.0,20.0,30.0,99.98,99.98,99.98,99.98,0.0,0.0
5,bus_01,0.5,2000.0,20.0,40.0,99.98,99.98,99.98,99.98,0.0,0.0
5,bus_01,0.5,2000.0,20.0,inf,99.98,99.98,99.98,99.98,0.0,0.0
5,bus_01,0.5,2000.0,30.0,30.0,99.98,99.98,99.98,99.98,0.0,0.0
5,bus_01,0.5,2000.0,30.0,40.0,99.98,99.98,99.98,99.98,0.0,0.0
5,bus_01,0.5,2000.0,30.0,inf,99.98,99.98,99.98,99.98,0.0,0.0
5,bus_01,0.5,2000.0,40.0,30.0,99.98,99.98,99.98,99.98,0.0,0.0
5,bus_01,0.5,2000.0,40.0,40.0,99.98,99.98,99.98,99.98,0.0,0.0
5,bus_01,0.5,2000.0,40.0,inf,99.98,99.98,99.98,99.98,0.0,0.0
5,bus_01,0.5,2000.0,inf,30.0,99.98,99.98,99.98,99.98,0.0,0.0
5,bus_01,0.5,2000.0,inf,40.0,99.98,99.98,99.98,99.98,0.0,0.0
5,bus_01,0.5,2000.0,inf,inf,99.98,99.98,99.98,99.98,0.0,0.0
5,bus_01,0.5,5000.0,20.0,30.0,99.98,99.98,99.98,99.98,0.0,0.0
5,bus_01,0.5,5000.0,20.0,40.0,99.98,99.98,99.98,99.98,0.0,0.0
5,bus_01,0.5,5000.0,20.0,inf,99.98,99.98,99.98,99.98,0.0,0.0
5,bus_01,0.5,5000.0,30.0,30.0,99.98,99.98,99.98,99.98,0.0,0.0
5,bus_01,0.5,5000.0,30.0,40.0,99.98,99.98,99.98,99.98,0.0,0.0
5,bus_01,0.5,5000.0,30.0,inf,99.98,99.98,99.98,99.98,0.0,0.0
5,bus_01,0.5,5000.0,40.0,30.0,99.98,99.98,99.98,99.98,0.0,0.0
5,bus_01,0.5,5000.0,40.0,40.0,99.98,99.98,99.98,99.98,0.0,0.0
5,bus_01,0.5,5000.0,40.0,inf,99.98,99.98,99.98,99.98,0.0,0.0
5,bus_01,0.5,5000.0,inf,30.0,99.98,99.98,99.98,99.98,0.0,0.0
5,bus_01,0.5,5000.0,inf,40.0,99.98,99.98,99.98,99.98,0.0,0.0
5,bus_01,0.5,5000.0,inf,inf,99.98,99.98,99.98,99.98,0.0,0.0
5,bus_07,0.5,100.0,20.0,30.0,57.3327419312209,16.51025127442428,98.68456005507399,98.86686877542316,-40.82249065679662,0.18230872034916956
5,bus_07,0.5,100.0,20.0,40.0,63.073966545341605,63.04620018115508,99.98,96.6192153982995,-0.027766364186526005,-3.3607846017005016
5,bus_07,0.5,100.0,20.0,inf,63.06255585047433,65.3737057542586,99.73172942184705,99.98,2.311149903784262,0.2482705781529546
5,bus_07,0.5,100.0,30.0,30.0,63.16134250144435,24.495435414329435,99.98,99.98,-38.66590708711492,0.0
5,bus_07,0.5,100.0,30.0,40.0,63.27674394804499,32.70572336683743,99.89791700827398,95.49690491353083,-30.571020581207556,-4.401012094743152
5,bus_07,0.5,100.0,30.0,inf,63.10104362708253,39.02400501855744,99.92007598020396,85.5473178058763,-24.077038608525093,-14.372758174327657
5,bus_07,0.5,100.0,40.0,30.0,63.00206254168319,42.727813507478615,99.98,99.98,-20.274249034204573,0.0
5,bus_07,0.5,100.0,40.0,40.0,64.98905196433584,66.92416821510152,99.98,99.98,1.9351162507656738,0.0
5,bus_07,0.5,100.0,40.0,inf,65.00217725261341,32.808412883087826,99.95129341022707,71.21565019290588,-32.19376436952558,-28.735643217321183
5,bus_07,0.5,100.0,inf,30.0,63.16526848288474,22.42094654308161,99.98,97.3190584492815,-40.74432193980313,-2.660941550718505
5,bus_07,0.5,100.0,inf,40.0,63.217859462463366,26.48031149243494,99.97953520962895,91.29159857616506,-36.73754797002843,-8.687936633463892
5,bus_07,0.5,100.0,inf,inf,61.9075510491642,57.88686644664829,99.98,99.93456230474537,-4.020684602515907,-0.045437695254634036
5,bus_07,0.5,500.0,20.0,30.0,99.98,99.98,99.98,99.98,0.0,0.0
5,bus_07,0.5,500.0,20.0,40.0,99.98,99.98,99.98,99.98,0.0,0.0
5,bus_07,0.5,500.0,20.0,inf,99.98,99.98,99.98,99.98,0.0,0.0
5,bus_07,0.5,500.0,30.0,30.0,99.98,99.98,99.98,99.98,0.0,0.0
5,bus_07,0.5,500.0,30.0,40.0,99.98,99.98,99.98,99.98,0.0,0.0
5,bus_07,0.5,500.0,30.0,inf,99.98,99.98,99.98,99.98,0.0,0.0
5,bus_07,0.5,500.0,40.0,30.0,99.98,99.98,99.98,99.98,0.0,0.0
5,bus_07,0.5,500.0,40.0,40.0,99.98,99.98,99.98,99.98,0.0,0.0
5,bus_07,0.5,500.0,40.0,inf,99.98,99.98,99.98,99.98,0.0,0.0
5,bus_07,0.5,500.0,inf,30.0,99.98,99.98,99.98,99.98,0.0,0.0
5,bus_07,0.5,500.0,inf,40.0,99.98,99.98,99.98,99.98,0.0,0.0
5,bus_07,0.5,500.0,inf,inf,99.98,99.98,99.98,99.98,0.0,0.0
5,bus_07,0.5,1000.0,20.0,30.0,99.98,99.98,99.98,99.98,0.0,0.0
5,bus_07,0.5,1000.0,20.0,40.0,99.98,99.98,99.98,99.98,0.0,0.0
5,bus_07,0.5,1000.0,20.0,inf,99.98,99.98,99.98,99.98,0.0,0.0
5,bus_07,0.5,1000.0,30.0,30.0,99.98,99.98,99.98,99.98,0.0,0.0
5,bus_07,0.5,1000.0,30.0,40.0,99.98,99.98,99.98,99.98,0.0,0.0
5,bus_07,0.5,1000.0,30.0,inf,99.98,99.98,99.98,99.98,0.0,0.0
5,bus_07,0.5,1000.0,40.0,30.0,99.98,99.98,99.98,99.98,0.0,0.0
5,bus_07,0.5,1000.0,40.0,40.0,99.98,99.98,99.98,99.98,0.0,0.0
5,bus_07,0.5,1000.0,40.0,inf,99.98,99.98,99.98,99.98,0.0,0.0
5,bus_07,0.5,1000.0,inf,30.0,99.98,99.98,99.98,99.98,0.0,0.0
5,bus_07,0.5,1000.0,inf,40.0,99.98,99.98,99.98,99.98,0.0,0.0
5,bus_07,0.5,1000.0,inf,inf,99.98,99.98,99.98,99.98,0.0,0.0
5,bus_07,0.5,2000.0,20.0,30.0,99.98,99.98,99.98,99.98,0.0,0.0
5,bus_07,0.5,2000.0,20.0,40.0,99.98,99.98,99.98,99.98,0.0,0.0
5,bus_07,0.5,2000.0,20.0,inf,99.98,99.98,99.98,99.98,0.0,0.0
5,bus_07,0.5,2000.0,30.0,30.0,99.98,99.98,99.98,99.98,0.0,0.0
5,bus_07,0.5,2000.0,30.0,40.0,99.98,99.98,99.98,99.98,0.0,0.0
5,bus_07,0.5,2000.0,30.0,inf,99.98,99.98,99.98,99.98,0.0,0.0
5,bus_07,0.5,2000.0,40.0,30.0,99.98,99.98,99.98,99.98,0.0,0.0
5,bus_07,0.5,2000.0,40.0,40.0,99.98,99.98,99.98,99.98,0.0,0.0
5,bus_07,0.5,2000.0,40.0,inf,99.98,99.98,99.98,99.98,0.0,0.0
5,bus_07,0.5,2000.0,inf,30.0,99.98,99.98,99.98,99.98,0.0,0.0
5,bus_07,0.5,2000.0,inf,40.0,99.98,99.98,99.98,99.98,0.0,0.0
5,bus_07,0.5,2000.0,inf,inf,99.98,99.98,99.98,99.98,0.0,0.0
5,bus_07,0.5,5000.0,20.0,30.0,99.98,99.98,99.98,99.98,0.0,0.0
5,bus_07,0.5,5000.0,20.0,40.0,99.98,99.98,99.98,99.98,0.0,0.0
5,bus_07,0.5,5000.0,20.0,inf,99.98,99.98,99.98,99.98,0.0,0.0
5,bus_07,0.5,5000.0,30.0,30.0,99.98,99.98,99.98,99.98,0.0,0.0
5,bus_07,0.5,5000.0,30.0,40.0,99.98,99.98,99.98,99.98,0.0,0.0
5,bus_07,0.5,5000.0,30.0,inf,99.98,99.98,99.98,99.98,0.0,0.0
5,bus_07,0.5,5000.0,40.0,30.0,99.98,99.98,99.98,99.98,0.0,0.0
5,bus_07,0.5,5000.0,40.0,40.0,99.98,99.98,99.98,99.98,0.0,0.0
5,bus_07,0.5,5000.0,40.0,inf,99.98,99.98,99.98,99.98,0.0,0.0
5,bus_07,0.5,5000.0,inf,30.0,99.98,99.98,99.98,99.98,0.0,0.0
5,bus_07,0.5,5000.0,inf,40.0,99.98,99.98,99.98,99.98,0.0,0.0
5,bus_07,0.5,5000.0,inf,inf,99.98,99.98,99.98,99.98,0.0,0.0
5,bus_13,0.5,100.0,20.0,30.0,65.30696272487606,42.63529649923166,99.8748305190056,96.7885631421879,-22.6716662256444,-3.086267376817702
5,bus_13,0.5,100.0,20.0,40.0,61.155244703762925,58.86779410089701,99.73364424386318,99.91818113285171,-2.287450602865917,0.18453688898853216
5,bus_13,0.5,100.0,20.0,inf,69.30660465600391,69.3111283120215,99.98,99.88320309398739,0.0045236560175823115,-0.0967969060126137
5,bus_13,0.5,100.0,30.0,30.0,67.067224831851,28.81291580826343,99.80221054884946,75.1295385072121,-38.25430902358757,-24.672672041637355
5,bus_13,0.5,100.0,30.0,40.0,65.40006038105444,36.77584290749509,99.98,99.98,-28.624217473559355,0.0
5,bus_13,0.5,100.0,30.0,inf,65.0080994094613,24.648210570246054,99.98,83.39896271823658,-40.359888839215245,-16.58103728176343
5,bus_13,0.5,100.0,40.0,30.0,67.22798658690311,26.674374892813123,99.98,99.98,-40.553611694089994,0.0
5,bus_13,0.5,100.0,40.0,40.0,64.99534481831431,24.63721275505514,99.98,73.06239570129324,-40.35813206325917,-26.917604298706763
5,bus_13,0.5,100.0,40.0,inf,65.16321606878937,50.8281041810229,99.98,99.98,-14.335111887766466,0.0
5,bus_13,0.5,100.0,inf,30.0,65.22436263200318,63.258531422418955,99.98,99.98,-1.9658312095842234,0.0
5,bus_13,0.5,100.0,inf,40.0,65.06644512019099,26.744835320407788,99.98,81.18144571951467,-38.321609799783204,-18.798554280485334
5,bus_13,0.5,100.0,inf,inf,61.9075510491642,67.98600482675937,99.98,99.98,6.078453777595172,0.0
5,bus_13,0.5,500.0,20.0,30.0,99.98,99.98,99.98,99.98,0.0,0.0
5,bus_13,0.5,500.0,20.0,40.0,99.98,99.98,99.98,99.98,0.0,0.0
5,bus_13,0.5,500.0,20.0,inf,99.98,99.98,99.98,99.98,0.0,0.0
5,bus_13,0.5,500.0,30.0,30.0,99.98,99.98,99.98,99.98,0.0,0.0
5,bus_13,0.5,500.0,30.0,40.0,99.98,99.98,99.98,99.98,0.0,0.0
5,bus_13,0.5,500.0,30.0,inf,99.98,99.98,99.98,99.98,0.0,0.0
5,bus_13,0.5,500.0,40.0,30.0,99.98,99.98,99.98,99.98,0.0,0.0
5,bus_13,0.5,500.0,40.0,40.0,99.98,99.98,99.98,99.98,0.0,0.0
5,bus_13,0.5,500.0,40.0,inf,99.98,99.98,99.98,99.98,0.0,0.0
5,bus_13,0.5,500.0,inf,30.0,99.98,99.98,99.98,99.98,0.0,0.0
5,bus_13,0.5,500.0,inf,40.0,99.98,99.98,99.98,99.98,0.0,0.0
5,bus_13,0.5,500.0,inf,inf,99.98,99.98,99.98,99.98,0.0,0.0
5,bus_13,0.5,1000.0,20.0,30.0,99.98,99.98,99.98,99.98,0.0,0.0
5,bus_13,0.5,1000.0,20.0,40.0,99.98,99.98,99.98,99.98,0.0,0.0
5,bus_13,0.5,1000.0,20.0,inf,99.98,99.98,99.98,99.98,0.0,0.0
5,bus_13,0.5,1000.0,30.0,30.0,99.98,99.98,99.98,99.98,0.0,0.0
5,bus_13,0.5,1000.0,30.0,40.0,99.98,99.98,99.98,99.98,0.0,0.0
5,bus_13,0.5,1000.0,30.0,inf,99.98,99.98,99.98,99.98,0.0,0.0
5,bus_13,0.5,1000.0,40.0,30.0,99.98,99.98,99.98,99.98,0.0,0.0
5,bus_13,0.5,1000.0,40.0,40.0,99.98,99.98,99.98,99.98,0.0,0.0
5,bus_13,0.5,1000.0,40.0,inf,99.98,99.98,99.98,99.98,0.0,0.0
5,bus_13,0.5,1000.0,inf,30.0,99.98,99.98,99.98,99.98,0.0,0.0
5,bus_13,0.5,1000.0,inf,40.0,99.98,99.98,99.98,99.98,0.0,0.0
5,bus_13,0.5,1000.0,inf,inf,99.98,99.98,99.98,99.98,0.0,0.0
5,bus_13,0.5,2000.0,20.0,30.0,99.98,99.98,99.98,99.98,0.0,0.0
5,bus_13,0.5,2000.0,20.0,40.0,99.98,99.98,99.98,99.98,0.0,0.0
5,bus_13,0.5,2000.0,20.0,inf,99.98,99.98,99.98,99.98,0.0,0.0
5,bus_13,0.5,2000.0,30.0,30.0,99.98,99.98,99.98,99.98,0.0,0.0
5,bus_13,0.5,2000.0,30.0,40.0,99.98,99.98,99.98,99.98,0.0,0.0
5,bus_13,0.5,2000.0,30.0,inf,99.98,99.98,99.98,99.98,0.0,0.0
5,bus_13,0.5,2000.0,40.0,30.0,99.98,99.98,99.98,99.98,0.0,0.0
5,bus_13,0.5,2000.0,40.0,40.0,99.98,99.98,99.98,99.98,0.0,0.0
5,bus_13,0.5,2000.0,40.0,inf,99.98,99.98,99.98,99.98,0.0,0.0
5,bus_13,0.5,2000.0,inf,30.0,99.98,99.98,99.98,99.98,0.0,0.0
5,bus_13,0.5,2000.0,inf,40.0,99.98,99.98,99.98,99.98,0.0,0.0
5,bus_13,0.5,2000.0,inf,inf,99.98,99.98,99.98,99.98,0.0,0.0
5,bus_13,0.5,5000.0,20.0,30.0,99.98,99.98,99.98,99.98,0.0,0.0
5,bus_13,0.5,5000.0,20.0,40.0,99.98,99.98,99.98,99.98,0.0,0.0
5,bus_13,0.5,5000.0,20.0,inf,99.98,99.98,99.98,99.98,0.0,0.0
5,bus_13,0.5,5000.0,30.0,30.0,99.98,99.98,99.98,99.98,0.0,0.0
5,bus_13,0.5,5000.0,30.0,40.0,99.98,99.98,99.98,99.98,0.0,0.0
5,bus_13,0.5,5000.0,30.0,inf,99.98,99.98,99.98,99.98,0.0,0.0
5,bus_13,0.5,5000.0,40.0,30.0,99.98,99.98,99.98,99.98,0.0,0.0
5,bus_13,0.5,5000.0,40.0,40.0,99.98,99.98,99.98,99.98,0.0,0.0
5,bus_13,0.5,5000.0,40.0,inf,99.98,99.98,99.98,99.98,0.0,0.0
5,bus_13,0.5,5000.0,inf,30.0,99.98,99.98,99.98,99.98,0.0,0.0
5,bus_13,0.5,5000.0,inf,40.0,99.98,99.98,99.98,99.98,0.0,0.0
5,bus_13,0.5,5000.0,inf,inf,99.98,99.98,99.98,99.98,0.0,0.0
5,bus_19,0.5,100.0,20.0,30.0,67.00055679481662,65.00065438126445,99.98,99.98,-1.9999024135521637,0.0
5,bus_19,0.5,100.0,20.0,40.0,61.023944192338995,10.537860523990727,99.8559939338806,99.98,-50.48608366834827,0.12400606611940646
5,bus_19,0.5,100.0,20.0,inf,62.939638512817034,14.510728766161996,99.18473323926406,28.51727328860363,-48.42890974665504,-70.66745995066043
5,bus_19,0.5,100.0,30.0,30.0,63.1346931825346,66.98955827066442,99.98,99.98,3.85486508812982,0.0
5,bus_19,0.5,100.0,30.0,40.0,61.236503037188726,71.16790492017503,99.98,99.9305607355345,9.931401882986307,-0.04943926446550506
5,bus_19,0.5,100.0,30.0,inf,65.0590583019626,28.570400639782044,99.98,71.00604107493518,-36.48865766218055,-28.97395892506482
5,bus_19,0.5,100.0,40.0,30.0,63.40433518689797,30.707274158695384,99.98,75.21160636678937,-32.69706102820258,-24.768393633210636
5,bus_19,0.5,100.0,40.0,40.0,64.97771933020333,38.776988366734564,99.98,95.52883425397462,-26.200730963468764,-4.4511657460253815
5,bus_19,0.5,100.0,40.0,inf,65.03037613342522,59.126530332504565,99.98,99.98,-5.9038458009206565,0.0
5,bus_19,0.5,100.0,inf,30.0,67.19474401494236,30.663243099812597,99.98,99.91577985371666,-36.53150091512976,-0.06422014628334693
5,bus_19,0.5,100.0,inf,40.0,63.375944879271294,36.60283946041587,99.82431993190379,99.98,-26.773105418855422,0.15568006809621693
5,bus_19,0.5,100.0,inf,inf,61.9075510491642,63.7681515946389,99.98,99.98,1.8606005454747034,0.0
5,bus_19,0.5,500.0,20.0,30.0,99.98,99.98,99.98,99.98,0.0,0.0
5,bus_19,0.5,500.0,20.0,40.0,99.98,99.98,99.98,99.98,0.0,0.0
5,bus_19,0.5,500.0,20.0,inf,99.98,99.98,99.98,99.98,0.0,0.0
5,bus_19,0.5,500.0,30.0,30.0,99.98,99.98,99.98,99.98,0.0,0.0
5,bus_19,0.5,500.0,30.0,40.0,99.98,99.98,99.98,99.98,0.0,0.0
5,bus_19,0.5,500.0,30.0,inf,99.98,99.98,99.98,99.98,0.0,0.0
5,bus_19,0.5,500.0,40.0,30.0,99.98,99.98,99.98,99.98,0.0,0.0
5,bus_19,0.5,500.0,40.0,40.0,99.98,99.98,99.98,99.98,0.0,0.0
5,bus_19,0.5,500.0,40.0,inf,99.98,99.98,99.98,99.98,0.0,0.0
5,bus_19,0.5,500.0,inf,30.0,99.98,99.98,99.98,99.98,0.0,0.0
5,bus_19,0.5,500.0,inf,40.0,99.98,99.98,99.98,99.98,0.0,0.0
5,bus_19,0.5,500.0,inf,inf,99.98,99.98,99.98,99.98,0.0,0.0
5,bus_19,0.5,1000.0,20.0,30.0,99.98,99.98,99.98,99.98,0.0,0.0
5,bus_19,0.5,1000.0,20.0,40.0,99.98,99.98,99.98,99.98,0.0,0.0
5,bus_19,0.5,1000.0,20.0,inf,99.98,99.98,99.98,99.98,0.0,0.0
5,bus_19,0.5,1000.0,30.0,30.0,99.98,99.98,99.98,99.98,0.0,0.0
5,bus_19,0.5,1000.0,30.0,40.0,99.98,99.98,99.98,99.98,0.0,0.0
5,bus_19,0.5,1000.0,30.0,inf,99.98,99.98,99.98,99.98,0.0,0.0
5,bus_19,0.5,1000.0,40.0,30.0,99.98,99.98,99.98,99.98,0.0,0.0
5,bus_19,0.5,1000.0,40.0,40.0,99.98,99.98,99.98,99.98,0.0,0.0
5,bus_19,0.5,1000.0,40.0,inf,99.98,99.98,99.98,99.98,0.0,0.0
5,bus_19,0.5,1000.0,inf,30.0,99.98,99.98,99.98,99.98,0.0,0.0
5,bus_19,0.5,1000.0,inf,40.0,99.98,99.98,99.98,99.98,0.0,0.0
5,bus_19,0.5,1000.0,inf,inf,99.98,99.98,99.98,99.98,0.0,0.0
5,bus_19,0.5,2000.0,20.0,30.0,99.98,99.98,99.98,99.98,0.0,0.0
5,bus_19,0.5,2000.0,20.0,40.0,99.98,99.98,99.98,99.98,0.0,0.0
5,bus_19,0.5,2000.0,20.0,inf,99.98,99.98,99.98,99.98,0.0,0.0
5,bus_19,0.5,2000.0,30.0,30.0,99.98,99.98,99.98,99.98,0.0,0.0
5,bus_19,0.5,2000.0,30.0,40.0,99.98,99.98,99.98,99.98,0.0,0.0
5,bus_19,0.5,2000.0,30.0,inf,99.98,99.98,99.98,99.98,0.0,0.0
5,bus_19,0.5,2000.0,40.0,30.0,99.98,99.98,99.98,99.98,0.0,0.0
5,bus_19,0.5,2000.0,40.0,40.0,99.98,99.98,99.98,99.98,0.0,0.0
5,bus_19,0.5,2000.0,40.0,inf,99.98,99.98,99.98,99.98,0.0,0.0
5,bus_19,0.5,2000.0,inf,30.0,99.98,99.98,99.98,99.98,0.0,0.0
5,bus_19,0.5,2000.0,inf,40.0,99.98,99.98,99.98,99.98,0.0,0.0
5,bus_19,0.5,2000.0,inf,inf,99.98,99.98,99.98,99.98,0.0,0.0
5,bus_19,0.5,5000.0,20.0,30.0,99.98,99.98,99.98,99.98,0.0,0.0
5,bus_19,0.5,5000.0,20.0,40.0,99.98,99.98,99.98,99.98,0.0,0.0
5,bus_19,0.5,5000.0,20.0,inf,99.98,99.98,99.98,99.98,0.0,0.0
5,bus_19,0.5,5000.0,30.0,30.0,99.98,99.98,99.98,99.98,0.0,0.0
5,bus_19,0.5,5000.0,30.0,40.0,99.98,99.98,99.98,99.98,0.0,0.0
5,bus_19,0.5,5000.0,30.0,inf,99.98,99.98,99.98,99.98,0.0,0.0
5,bus_19,0.5,5000.0,40.0,30.0,99.98,99.98,99.98,99.98,0.0,0.0
5,bus_19,0.5,5000.0,40.0,40.0,99.98,99.98,99.98,99.98,0.0,0.0
5,bus_19,0.5,5000.0,40.0,inf,99.98,99.98,99.98,99.98,0.0,0.0
5,bus_19,0.5,5000.0,inf,30.0,99.98,99.98,99.98,99.98,0.0,0.0
5,bus_19,0.5,5000.0,inf,40.0,99.98,99.98,99.98,99.98,0.0,0.0
5,bus_19,0.5,5000.0,inf,inf,99.98,99.98,99.98,99.98,0.0,0.0
5,bus_25,0.5,100.0,20.0,30.0,58.99380208525673,38.72477378679454,99.81752968080251,85.32568404163831,-20.26902829846219,-14.491845639164197
5,bus_25,0.5,100.0,20.0,40.0,69.12727997778521,28.567802079170267,99.78966119205916,75.3524590338689,-40.559477898614944,-24.43720215819026
5,bus_25,0.5,100.0,20.0,inf,67.25272777164531,49.1016603638161,99.98,99.98,-18.15106740782921,0.0
5,bus_25,0.5,100.0,30.0,30.0,63.02850391686711,24.628376387270134,99.88773462976837,83.35484502050005,-38.40012752959697,-16.532889609268324
5,bus_25,0.5,100.0,30.0,40.0,63.27056420000697,67.0527071185991,99.98,99.98,3.782142918592129,0.0
5,bus_25,0.5,100.0,30.0,inf,65.38066444969685,62.82591443084564,99.98,98.89881366935637,-2.554750018851209,-1.0811863306436322
5,bus_25,0.5,100.0,40.0,30.0,65.09805993815831,12.514687828494253,99.98,99.98,-52.58337210966406,0.0
5,bus_25,0.5,100.0,40.0,40.0,63.27526146936238,32.721498025798255,99.98,81.28022425633225,-30.553763443564122,-18.699775743667757
5,bus_25,0.5,100.0,40.0,inf,65.06770050967657,32.62046115130212,99.98,91.41529941348895,-32.447239358374446,-8.564700586511051
5,bus_25,0.5,100.0,inf,30.0,65.37060353888778,22.48064356810585,99.98,87.2800222689042,-42.88995997078193,-12.6999777310958
5,bus_25,0.5,100.0,inf,40.0,63.370778397454885,20.643034790580494,99.98,40.80115897707813,-42.72774360687439,-59.17884102292187
5,bus_25,0.5,100.0,inf,inf,61.9075510491642,55.487055368734396,99.98,53.572120613708016,-6.420495680429802,-46.40787938629199
5,bus_25,0.5,500.0,20.0,30.0,99.98,99.98,99.98,99.98,0.0,0.0
5,bus_25,0.5,500.0,20.0,40.0,99.98,99.98,99.98,99.98,0.0,0.0
5,bus_25,0.5,500.0,20.0,inf,99.98,99.98,99.98,99.98,0.0,0.0
5,bus_25,0.5,500.0,30.0,30.0,99.98,99.98,99.98,99.98,0.0,0.0
5,bus_25,0.5,500.0,30.0,40.0,99.98,99.98,99.98,99.98,0.0,0.0
5,bus_25,0.5,500.0,30.0,inf,99.98,99.98,99.98,99.98,0.0,0.0
5,bus_25,0.5,500.0,40.0,30.0,99.98,99.98,99.98,99.98,0.0,0.0
5,bus_25,0.5,500.0,40.0,40.0,99.98,99.98,99.98,99.98,0.0,0.0
5,bus_25,0.5,500.0,40.0,inf,99.98,99.98,99.98,99.98,0.0,0.0
5,bus_25,0.5,500.0,inf,30.0,99.98,99.98,99.98,99.98,0.0,0.0
5,bus_25,0.5,500.0,inf,40.0,99.98,99.98,99.98,99.98,0.0,0.0
5,bus_25,0.5,500.0,inf,inf,99.98,99.98,99.98,99.98,0.0,0.0
5,bus_25,0.5,1000.0,20.0,30.0,99.98,99.98,99.98,99.98,0.0,0.0
5,bus_25,0.5,1000.0,20.0,40.0,99.98,99.98,99.98,99.98,0.0,0.0
5,bus_25,0.5,1000.0,20.0,inf,99.98,99.98,99.98,99.98,0.0,0.0
5,bus_25,0.5,1000.0,30.0,30.0,99.98,99.98,99.98,99.98,0.0,0.0
5,bus_25,0.5,1000.0,30.0,40.0,99.98,99.98,99.98,99.98,0.0,0.0
5,bus_25,0.5,1000.0,30.0,inf,99.98,99.98,99.98,99.98,0.0,0.0
5,bus_25,0.5,1000.0,40.0,30.0,99.98,99.98,99.98,99.98,0.0,0.0
5,bus_25,0.5,1000.0,40.0,40.0,99.98,99.98,99.98,99.98,0.0,0.0
5,bus_25,0.5,1000.0,40.0,inf,99.98,99.98,99.98,99.98,0.0,0.0
5,bus_25,0.5,1000.0,inf,30.0,99.98,99.98,99.98,99.98,0.0,0.0
5,bus_25,0.5,1000.0,inf,40.0,99.98,99.98,99.98,99.98,0.0,0.0
5,bus_25,0.5,1000.0,inf,inf,99.98,99.98,99.98,99.98,0.0,0.0
5,bus_25,0.5,2000.0,20.0,30.0,99.98,99.98,99.98,99.98,0.0,0.0
5,bus_25,0.5,2000.0,20.0,40.0,99.98,99.98,99.98,99.98,0.0,0.0
5,bus_25,0.5,2000.0,20.0,inf,99.98,99.98,99.98,99.98,0.0,0.0
5,bus_25,0.5,2000.0,30.0,30.0,99.98,99.98,99.98,99.98,0.0,0.0
5,bus_25,0.5,2000.0,30.0,40.0,99.98,99.98,99.98,99.98,0.0,0.0
5,bus_25,0.5,2000.0,30.0,inf,99.98,99.98,99.98,99.98,0.0,0.0
5,bus_25,0.5,2000.0,40.0,30.0,99.98,99.98,99.98,99.98,0.0,0.0
5,bus_25,0.5,2000.0,40.0,40.0,99.98,99.98,99.98,99.98,0.0,0.0
5,bus_25,0.5,2000.0,40.0,inf,99.98,99.98,99.98,99.98,0.0,0.0
5,bus_25,0.5,2000.0,inf,30.0,99.98,99.98,99.98,99.98,0.0,0.0
5,bus_25,0.5,2000.0,inf,40.0,99.98,99.98,99.98,99.98,0.0,0.0
5,bus_25,0.5,2000.0,inf,inf,99.98,99.98,99.98,99.98,0.0,0.0
5,bus_25,0.5,5000.0,20.0,30.0,99.98,99.98,99.98,99.98,0.0,0.0
5,bus_25,0.5,5000.0,20.0,40.0,99.98,99.98,99.98,99.98,0.0,0.0
5,bus_25,0.5,5000.0,20.0,inf,99.98,99.98,99.98,99.98,0.0,0.0
5,bus_25,0.5,5000.0,30.0,30.0,99.98,99.98,99.98,99.98,0.0,0.0
5,bus_25,0.5,5000.0,30.0,40.0,99.98,99.98,99.98,99.98,0.0,0.0
5,bus_25,0.5,5000.0,30.0,inf,99.98,99.98,99.98,99.98,0.0,0.0
5,bus_25,0.5,5000.0,40.0,30.0,99.98,99.98,99.98,99.98,0.0,0.0
5,bus_25,0.5,5000.0,40.0,40.0,99.98,99.98,99.98,99.98,0.0,0.0
5,bus_25,0.5,5000.0,40.0,inf,99.98,99.98,99.98,99.98,0.0,0.0
5,bus_25,0.5,5000.0,inf,30.0,99.98,99.98,99.98,99.98,0.0,0.0
5,bus_25,0.5,5000.0,inf,40.0,99.98,99.98,99.98,99.98,0.0,0.0
5,bus_25,0.5,5000.0,inf,inf,99.98,99.98,99.98,99.98,0.0,0.0
6,bus_01,0.5,100.0,20.0,30.0,65.02402790553678,12.529126504159183,99.74092630536407,77.27399037784186,-52.494901401377604,-22.466935927522215
6,bus_01,0.5,100.0,20.0,40.0,63.19213571259965,79.06047668164297,99.98,99.91541937017283,15.868340969043317,-0.0645806298271765
6,bus_01,0.5,100.0,20.0,inf,65.19277395431854,30.649375708527906,99.80497945104779,99.36392542091977,-34.543398245790634,-0.44105403012801503
6,bus_01,0.5,100.0,30.0,30.0,60.934756892535624,69.31661357527068,99.98,99.98,8.381856682735055,0.0
6,bus_01,0.5,100.0,30.0,40.0,65.34714649260715,34.8189324232879,99.98,99.98,-30.528214069319255,0.0
6,bus_01,0.5,100.0,30.0,inf,63.08895129502222,42.86281943262772,99.89483652027818,93.49944214393635,-20.226131862394503,-6.395394376341827
6,bus_01,0.5,100.0,40.0,30.0,61.26983942567844,20.60508667626563,99.98,77.31921644298147,-40.66475274941281,-22.660783557018533
6,bus_01,0.5,100.0,40.0,40.0,63.26279154950689,22.47978061381868,99.98,91.56586694514608,-40.78301093568821,-8.41413305485392
6,bus_01,0.5,100.0,40.0,inf,65.17707349957327,63.220340400981335,99.98,99.78264874081334,-1.9567330985919327,-0.19735125918666085
6,bus_01,0.5,100.0,inf,30.0,61.30322284585159,24.526141129357804,99.98,71.19106989312962,-36.77708171649379,-28.78893010687038
6,bus_01,0.5,100.0,inf,40.0,65.061723009924,53.10676245950232,99.98,99.98,-11.954960550421674,0.0
6,bus_01,0.5,100.0,inf,inf,61.9075510491642,59.93192181497785,99.98,99.72173607765812,-1.97562923418635,-0.25826392234188233
6,bus_01,0.5,500.0,20.0,30.0,99.98,99.98,99.98,99.98,0.0,0.0
6,bus_01,0.5,500.0,20.0,40.0,99.98,99.98,99.98,99.98,0.0,0.0
6,bus_01,0.5,500.0,20.0,inf,99.98,99.98,99.98,99.98,0.0,0.0
6,bus_01,0.5,500.0,30.0,30.0,99.98,99.98,99.98,99.98,0.0,0.0
6,bus_01,0.5,500.0,30.0,40.0,99.98,99.98,99.98,99.98,0.0,0.0
6,bus_01,0.5,500.0,30.0,inf,99.98,99.98,99.98,99.98,0.0,0.0
6,bus_01,0.5,500.0,40.0,30.0,99.98,99.98,99.98,99.98,0.0,0.0
6,bus_01,0.5,500.0,40.0,40.0,99.98,99.98,99.98,99.98,0.0,0.0
6,bus_01,0.5,500.0,40.0,inf,99.98,99.98,99.98,99.98,0.0,0.0
6,bus_01,0.5,500.0,inf,30.0,99.98,99.98,99.98,99.98,0.0,0.0
6,bus_01,0.5,500.0,inf,40.0,99.98,99.98,99.98,99.98,0.0,0.0
6,bus_01,0.5,500.0,inf,inf,99.98,99.98,99.98,99.98,0.0,0.0
6,bus_01,0.5,1000.0,20.0,30.0,99.98,99.98,99.98,99.98,0.0,0.0
6,bus_01,0.5,1000.0,20.0,40.0,99.98,99.98,99.98,99.98,0.0,0.0
6,bus_01,0.5,1000.0,20.0,inf,99.98,99.98,99.98,99.98,0.0,0.0
6,bus_01,0.5,1000.0,30.0,30.0,99.98,99.98,99.98,99.98,0.0,0.0
6,bus_01,0.5,1000.0,30.0,40.0,99.98,99.98,99.98,99.98,0.0,0.0
6,bus_01,0.5,1000.0,30.0,inf,99.98,99.98,99.98,99.98,0.0,0.0
6,bus_01,0.5,1000.0,40.0,30.0,99.98,99.98,99.98,99.98,0.0,0.0
6,bus_01,0.5,1000.0,40.0,40.0,99.98,99.98,99.98,99.98,0.0,0.0
6,bus_01,0.5,1000.0,40.0,inf,99.98,99.98,99.98,99.98,0.0,0.0
6,bus_01,0.5,1000.0,inf,30.0,99.98,99.98,99.98,99.98,0.0,0.0
6,bus_01,0.5,1000.0,inf,40.0,99.98,99.98,99.98,99.98,0.0,0.0
6,bus_01,0.5,1000.0,inf,inf,99.98,99.98,99.98,99.98,0.0,0.0
6,bus_01,0.5,2000.0,20.0,30.0,99.98,99.98,99.98,99.98,0.0,0.0
6,bus_01,0.5,2000.0,20.0,40.0,99.98,99.98,99.98,99.98,0.0,0.0
6,bus_01,0.5,2000.0,20.0,inf,99.98,99.98,99.98,99.98,0.0,0.0
6,bus_01,0.5,2000.0,30.0,30.0,99.98,99.98,99.98,99.98,0.0,0.0
6,bus_01,0.5,2000.0,30.0,40.0,99.98,99.98,99.98,99.98,0.0,0.0
6,bus_01,0.5,2000.0,30.0,inf,99.98,99.98,99.98,99.98,0.0,0.0
6,bus_01,0.5,2000.0,40.0,30.0,99.98,99.98,99.98,99.98,0.0,0.0
6,bus_01,0.5,2000.0,40.0,40.0,99.98,99.98,99.98,99.98,0.0,0.0
6,bus_01,0.5,2000.0,40.0,inf,99.98,99.98,99.98,99.98,0.0,0.0
6,bus_01,0.5,2000.0,inf,30.0,99.98,99.98,99.98,99.98,0.0,0.0
6,bus_01,0.5,2000.0,inf,40.0,99.98,99.98,99.98,99.98,0.0,0.0
6,bus_01,0.5,2000.0,inf,inf,99.98,99.98,99.98,99.98,0.0,0.0
6,bus_01,0.5,5000.0,20.0,30.0,99.98,99.98,99.98,99.98,0.0,0.0
6,bus_01,0.5,5000.0,20.0,40.0,99.98,99.98,99.98,99.98,0.0,0.0
6,bus_01,0.5,5000.0,20.0,inf,99.98,99.98,99.98,99.98,0.0,0.0
6,bus_01,0.5,5000.0,30.0,30.0,99.98,99.98,99.98,99.98,0.0,0.0
6,bus_01,0.5,5000.0,30.0,40.0,99.98,99.98,99.98,99.98,0.0,0.0
6,bus_01,0.5,5000.0,30.0,inf,99.98,99.98,99.98,99.98,0.0,0.0
6,bus_01,0.5,5000.0,40.0,30.0,99.98,99.98,99.98,99.98,0.0,0.0
6,bus_01,0.5,5000.0,40.0,40.0,99.98,99.98,99.98,99.98,0.0,0.0
6,bus_01,0.5,5000.0,40.0,inf,99.98,99.98,99.98,99.98,0.0,0.0
6,bus_01,0.5,5000.0,inf,30.0,99.98,99.98,99.98,99.98,0.0,0.0
6,bus_01,0.5,5000.0,inf,40.0,99.98,99.98,99.98,99.98,0.0,0.0
6,bus_01,0.5,5000.0,inf,inf,99.98,99.98,99.98,99.98,0.0,0.0
6,bus_07,0.5,100.0,20.0,30.0,67.18169164604524,63.02489246154427,99.98,99.98,-4.156799184500969,0.0
6,bus_07,0.5,100.0,20.0,40.0,63.32782481968029,14.415446013805811,99.98,91.4116785093399,-48.912378805874475,-8.56832149066011
6,bus_07,0.5,100.0,20.0,inf,67.45657078171189,40.80594045740627,99.98,93.46087736546387,-26.650630324305617,-6.5191226345361315
6,bus_07,0.5,100.0,30.0,30.0,63.180313895380166,38.94455395408687,99.98,71.27398699360592,-24.235759941293296,-28.706013006394087
6,bus_07,0.5,100.0,30.0,40.0,63.33196237585732,38.86176023217246,99.98,97.68554363680427,-24.470202143684865,-2.294456363195735
6,bus_07,0.5,100.0,30.0,inf,65.34512418802161,30.627805041757306,99.98,87.33800003179478,-34.71731914626431,-12.641999968205226
6,bus_07,0.5,100.0,40.0,30.0,67.1092105396565,28.55459592448656,99.92533309187773,77.20854791475006,-38.55461461516994,-22.716785177127676
6,bus_07,0.5,100.0,40.0,40.0,65.16778756587543,81.12320484878208,99.98,99.98,15.955417282906652,0.0
6,bus_07,0.5,100.0,40.0,inf,63.39882604958619,34.744849507991596,99.98,95.37936459861953,-28.653976541594595,-4.6006354013804724
6,bus_07,0.5,100.0,inf,30.0,65.04151248116278,26.694599984284395,99.98,89.33736723620692,-38.34691249687839,-10.642632763793088
6,bus_07,0.5,100.0,inf,40.0,63.320578296220646,30.682184585102,99.98,96.42827322855028,-32.638393711118646,-3.5517267714497223
6,bus_07,0.5,100.0,inf,inf,61.9075510491642,59.93653622941992,99.98,99.97198411429574,-1.9710148197442763,-0.008015885704267589
6,bus_07,0.5,500.0,20.0,30.0,99.98,99.98,99.98,99.98,0.0,0.0
6,bus_07,0.5,500.0,20.0,40.0,99.98,99.98,99.98,99.98,0.0,0.0
6,bus_07,0.5,500.0,20.0,inf,99.98,99.98,99.98,99.98,0.0,0.0
6,bus_07,0.5,500.0,30.0,30.0,99.98,99.98,99.98,99.98,0.0,0.0
6,bus_07,0.5,500.0,30.0,40.0,99.98,99.98,99.98,99.98,0.0,0.0
6,bus_07,0.5,500.0,30.0,inf,99.98,99.98,99.98,99.98,0.0,0.0
6,bus_07,0.5,500.0,40.0,30.0,99.98,99.98,99.98,99.98,0.0,0.0
6,bus_07,0.5,500.0,40.0,40.0,99.98,99.98,99.98,99.98,0.0,0.0
6,bus_07,0.5,500.0,40.0,inf,99.98,99.98,99.98,99.98,0.0,0.0
6,bus_07,0.5,500.0,inf,30.0,99.98,99.98,99.98,99.98,0.0,0.0
6,bus_07,0.5,500.0,inf,40.0,99.98,99.98,99.98,99.98,0.0,0.0
6,bus_07,0.5,500.0,inf,inf,99.98,99.98,99.98,99.98,0.0,0.0
6,bus_07,0.5,1000.0,20.0,30.0,99.98,99.98,99.98,99.98,0.0,0.0
6,bus_07,0.5,1000.0,20.0,40.0,99.98,99.98,99.98,99.98,0.0,0.0
6,bus_07,0.5,1000.0,20.0,inf,99.98,99.98,99.98,99.98,0.0,0.0
6,bus_07,0.5,1000.0,30.0,30.0,99.98,99.98,99.98,99.98,0.0,0.0
6,bus_07,0.5,1000.0,30.0,40.0,99.98,99.98,99.98,99.98,0.0,0.0
6,bus_07,0.5,1000.0,30.0,inf,99.98,99.98,99.98,99.98,0.0,0.0
6,bus_07,0.5,1000.0,40.0,30.0,99.98,99.98,99.98,99.98,0.0,0.0
6,bus_07,0.5,1000.0,40.0,40.0,99.98,99.98,99.98,99.98,0.0,0.0
6,bus_07,0.5,1000.0,40.0,inf,99.98,99.98,99.98,99.98,0.0,0.0
6,bus_07,0.5,1000.0,inf,30.0,99.98,99.98,99.98,99.98,0.0,0.0
6,bus_07,0.5,1000.0,inf,40.0,99.98,99.98,99.98,99.98,0.0,0.0
6,bus_07,0.5,1000.0,inf,inf,99.98,99.98,99.98,99.98,0.0,0.0
6,bus_07,0.5,2000.0,20.0,30.0,99.98,99.98,99.98,99.98,0.0,0.0
6,bus_07,0.5,2000.0,20.0,40.0,99.98,99.98,99.98,99.98,0.0,0.0
6,bus_07,0.5,2000.0,20.0,inf,99.98,99.98,99.98,99.98,0.0,0.0
6,bus_07,0.5,2000.0,30.0,30.0,99.98,99.98,99.98,99.98,0.0,0.0
6,bus_07,0.5,2000.0,30.0,40.0,99.98,99.98,99.98,99.98,0.0,0.0
6,bus_07,0.5,2000.0,30.0,inf,99.98,99.98,99.98,99.98,0.0,0.0
6,bus_07,0.5,2000.0,40.0,30.0,99.98,99.98,99.98,99.98,0.0,0.0
6,bus_07,0.5,2000.0,40.0,40.0,99.98,99.98,99.98,99.98,0.0,0.0
6,bus_07,0.5,2000.0,40.0,inf,99.98,99.98,99.98,99.98,0.0,0.0
6,bus_07,0.5,2000.0,inf,30.0,99.98,99.98,99.98,99.98,0.0,0.0
6,bus_07,0.5,2000.0,inf,40.0,99.98,99.98,99.98,99.98,0.0,0.0
6,bus_07,0.5,2000.0,inf,inf,99.98,99.98,99.98,99.98,0.0,0.0
6,bus_07,0.5,5000.0,20.0,30.0,99.98,99.98,99.98,99.98,0.0,0.0
6,bus_07,0.5,5000.0,20.0,40.0,99.98,99.98,99.98,99.98,0.0,0.0
6,bus_07,0.5,5000.0,20.0,inf,99.98,99.98,99.98,99.98,0.0,0.0
6,bus_07,0.5,5000.0,30.0,30.0,99.98,99.98,99.98,99.98,0.0,0.0
6,bus_07,0.5,5000.0,30.0,40.0,99.98,99.98,99.98,99.98,0.0,0.0
6,bus_07,0.5,5000.0,30.0,inf,99.98,99.98,99.98,99.98,0.0,0.0
6,bus_07,0.5,5000.0,40.0,30.0,99.98,99.98,99.98,99.98,0.0,0.0
6,bus_07,0.5,5000.0,40.0,40.0,99.98,99.98,99.98,99.98,0.0,0.0
6,bus_07,0.5,5000.0,40.0,inf,99.98,99.98,99.98,99.98,0.0,0.0
6,bus_07,0.5,5000.0,inf,30.0,99.98,99.98,99.98,99.98,0.0,0.0
6,bus_07,0.5,5000.0,inf,40.0,99.98,99.98,99.98,99.98,0.0,0.0
6,bus_07,0.5,5000.0,inf,inf,99.98,99.98,99.98,99.98,0.0,0.0
6,bus_13,0.5,100.0,20.0,30.0,63.00141967017314,26.704548409813956,91.54791403865663,99.57704074204553,-36.29687126035918,8.029126703388897
6,bus_13,0.5,100.0,20.0,40.0,63.16680056271191,12.427677058252284,98.97865877306718,91.42043555685771,-50.73912350445963,-7.55822321620947
6,bus_13,0.5,100.0,20.0,inf,64.95899879635896,24.531681086076794,99.98,96.58291077260132,-40.42731771028216,-3.3970892273986806
6,bus_13,0.5,100.0,30.0,30.0,65.13811134857636,65.33273566727142,99.98,99.98,0.19462431869506247,0.0
6,bus_13,0.5,100.0,30.0,40.0,65.14860710799088,22.495431188294155,99.98,93.34436894429845,-42.65317591969673,-6.635631055701552
6,bus_13,0.5,100.0,30.0,inf,65.39394783209016,50.77064319405166,99.76783515123044,99.98,-14.623304638038505,0.21216484876956088
6,bus_13,0.5,100.0,40.0,30.0,63.18421378265515,71.25788386803245,99.98,99.98,8.073670085377302,0.0
6,bus_13,0.5,100.0,40.0,40.0,63.35513634883543,16.49665192412806,99.98,61.062954548599315,-46.85848442470737,-38.91704545140069
6,bus_13,0.5,100.0,40.0,inf,65.23630606194818,58.99754133645176,99.98,97.59354943358802,-6.238764725496424,-2.3864505664119804
6,bus_13,0.5,100.0,inf,30.0,65.10978020092415,40.757526509606436,99.98,85.5425546535591,-24.352253691317713,-14.43744534644091
6,bus_13,0.5,100.0,inf,40.0,65.17524635487855,56.74670895838907,99.98,99.98,-8.428537396489482,0.0
6,bus_13,0.5,100.0,inf,inf,61.9075510491642,33.23206794545624,99.98,97.88001021797147,-28.67548310370796,-2.09998978202853
6,bus_13,0.5,500.0,20.0,30.0,99.98,99.98,99.98,99.98,0.0,0.0
6,bus_13,0.5,500.0,20.0,40.0,99.98,99.98,99.98,99.98,0.0,0.0
6,bus_13,0.5,500.0,20.0,inf,99.98,99.98,99.98,99.98,0.0,0.0
6,bus_13,0.5,500.0,30.0,30.0,99.98,99.98,99.98,99.98,0.0,0.0
6,bus_13,0.5,500.0,30.0,40.0,99.98,99.98,99.98,99.98,0.0,0.0
6,bus_13,0.5,500.0,30.0,inf,99.98,99.98,99.98,99.98,0.0,0.0
6,bus_13,0.5,500.0,40.0,30.0,99.98,99.98,99.98,99.98,0.0,0.0
6,bus_13,0.5,500.0,40.0,40.0,99.98,99.98,99.98,99.98,0.0,0.0
6,bus_13,0.5,500.0,40.0,inf,99.98,99.98,99.98,99.98,0.0,0.0
6,bus_13,0.5,500.0,inf,30.0,99.98,99.98,99.98,99.98,0.0,0.0
6,bus_13,0.5,500.0,inf,40.0,99.98,99.98,99.98,99.98,0.0,0.0
6,bus_13,0.5,500.0,inf,inf,99.98,99.98,99.98,99.98,0.0,0.0
6,bus_13,0.5,1000.0,20.0,30.0,99.98,99.98,99.98,99.98,0.0,0.0
6,bus_13,0.5,1000.0,20.0,40.0,99.98,99.98,99.98,99.98,0.0,0.0
6,bus_13,0.5,1000.0,20.0,inf,99.98,99.98,99.98,99.98,0.0,0.0
6,bus_13,0.5,1000.0,30.0,30.0,99.98,99.98,99.98,99.98,0.0,0.0
6,bus_13,0.5,1000.0,30.0,40.0,99.98,99.98,99.98,99.98,0.0,0.0
6,bus_13,0.5,1000.0,30.0,inf,99.98,99.98,99.98,99.98,0.0,0.0
6,bus_13,0.5,1000.0,40.0,30.0,99.98,99.98,99.98,99.98,0.0,0.0
6,bus_13,0.5,1000.0,40.0,40.0,99.98,99.98,99.98,99.98,0.0,0.0
6,bus_13,0.5,1000.0,40.0,inf,99.98,99.98,99.98,99.98,0.0,0.0
6,bus_13,0.5,1000.0,inf,30.0,99.98,99.98,99.98,99.98,0.0,0.0
6,bus_13,0.5,1000.0,inf,40.0,99.98,99.98,99.98,99.98,0.0,0.0
6,bus_13,0.5,1000.0,inf,inf,99.98,99.98,99.98,99.98,0.0,0.0
6,bus_13,0.5,2000.0,20.0,30.0,99.98,99.98,99.98,99.98,0.0,0.0
6,bus_13,0.5,2000.0,20.0,40.0,99.98,99.98,99.98,99.98,0.0,0.0
6,bus_13,0.5,2000.0,20.0,inf,99.98,99.98,99.98,99.98,0.0,0.0
6,bus_13,0.5,2000.0,30.0,30.0,99.98,99.98,99.98,99.98,0.0,0.0
6,bus_13,0.5,2000.0,30.0,40.0,99.98,99.98,99.98,99.98,0.0,0.0
6,bus_13,0.5,2000.0,30.0,inf,99.98,99.98,99.98,99.98,0.0,0.0
6,bus_13,0.5,2000.0,40.0,30.0,99.98,99.98,99.98,99.98,0.0,0.0
6,bus_13,0.5,2000.0,40.0,40.0,99.98,99.98,99.98,99.98,0.0,0.0
6,bus_13,0.5,2000.0,40.0,inf,99.98,99.98,99.98,99.98,0.0,0.0
6,bus_13,0.5,2000.0,inf,30.0,99.98,99.98,99.98,99.98,0.0,0.0
6,bus_13,0.5,2000.0,inf,40.0,99.98,99.98,99.98,99.98,0.0,0.0
6,bus_13,0.5,2000.0,inf,inf,99.98,99.98,99.98,99.98,0.0,0.0
6,bus_13,0.5,5000.0,20.0,30.0,99.98,99.98,99.98,99.98,0.0,0.0
6,bus_13,0.5,5000.0,20.0,40.0,99.98,99.98,99.98,99.98,0.0,0.0
6,bus_13,0.5,5000.0,20.0,inf,99.98,99.98,99.98,99.98,0.0,0.0
6,bus_13,0.5,5000.0,30.0,30.0,99.98,99.98,99.98,99.98,0.0,0.0
6,bus_13,0.5,5000.0,30.0,40.0,99.98,99.98,99.98,99.98,0.0,0.0
6,bus_13,0.5,5000.0,30.0,inf,99.98,99.98,99.98,99.98,0.0,0.0
6,bus_13,0.5,5000.0,40.0,30.0,99.98,99.98,99.98,99.98,0.0,0.0
6,bus_13,0.5,5000.0,40.0,40.0,99.98,99.98,99.98,99.98,0.0,0.0
6,bus_13,0.5,5000.0,40.0,inf,99.98,99.98,99.98,99.98,0.0,0.0
6,bus_13,0.5,5000.0,inf,30.0,99.98,99.98,99.98,99.98,0.0,0.0
6,bus_13,0.5,5000.0,inf,40.0,99.98,99.98,99.98,99.98,0.0,0.0
6,bus_13,0.5,5000.0,inf,inf,99.98,99.98,99.98,99.98,0.0,0.0
6,bus_19,0.5,100.0,20.0,30.0,61.16054564577966,14.533788401229009,99.98,99.01533092744585,-46.62675724455065,-0.9646690725541589
6,bus_19,0.5,100.0,20.0,40.0,71.21507237688263,28.818414674553374,99.98,97.44949333416801,-42.39665770232926,-2.530506665831993
6,bus_19,0.5,100.0,20.0,inf,65.02347592888714,26.453034657413887,99.40979620541765,99.78389102261764,-38.57044127147325,0.37409481719998894
6,bus_19,0.5,100.0,30.0,30.0,67.24590329900676,24.659261865796765,99.98,99.98,-42.58664143320999,0.0
6,bus_19,0.5,100.0,30.0,40.0,65.25811171554096,81.14795434382617,99.88446985435772,85.18976119146092,15.889842628285209,-14.6947086628968
6,bus_19,0.5,100.0,30.0,inf,63.232760941952314,77.1428718863249,99.83145663658475,99.98,13.910110944372583,0.1485433634152571
6,bus_19,0.5,100.0,40.0,30.0,59.23730438308332,12.58112905815757,99.80765115236508,99.02415040509734,-46.65617532492575,-0.7835007472677376
6,bus_19,0.5,100.0,40.0,40.0,65.21966784256028,32.573391941433904,99.98,75.37647482521945,-32.64627590112638,-24.603525174780557
6,bus_19,0.5,100.0,40.0,inf,65.1114983143022,65.27959199910825,99.98,99.98,0.16809368480605258,0.0
6,bus_19,0.5,100.0,inf,30.0,65.04098877633567,30.5945081167293,99.98,71.1189042243498,-34.446480659606365,-28.8610957756502
6,bus_19,0.5,100.0,inf,40.0,65.13456274233837,34.83321672141075,99.90162214512692,91.30161624115811,-30.301346020927625,-8.600005903968807
6,bus_19,0.5,100.0,inf,inf,61.9075510491642,63.88468196447491,99.98,99.98,1.9771309153107097,0.0
6,bus_19,0.5,500.0,20.0,30.0,99.98,99.98,99.98,99.98,0.0,0.0
6,bus_19,0.5,500.0,20.0,40.0,99.98,99.98,99.98,99.98,0.0,0.0
6,bus_19,0.5,500.0,20.0,inf,99.98,99.98,99.98,99.98,0.0,0.0
6,bus_19,0.5,500.0,30.0,30.0,99.98,99.98,99.98,99.98,0.0,0.0
6,bus_19,0.5,500.0,30.0,40.0,99.98,99.98,99.98,99.98,0.0,0.0
6,bus_19,0.5,500.0,30.0,inf,99.98,99.98,99.98,99.98,0.0,0.0
6,bus_19,0.5,500.0,40.0,30.0,99.98,99.98,99.98,99.98,0.0,0.0
6,bus_19,0.5,500.0,40.0,40.0,99.98,99.98,99.98,99.98,0.0,0.0
6,bus_19,0.5,500.0,40.0,inf,99.98,99.98,99.98,99.98,0.0,0.0
6,bus_19,0.5,500.0,inf,30.0,99.98,99.98,99.98,99.98,0.0,0.0
6,bus_19,0.5,500.0,inf,40.0,99.98,99.98,99.98,99.98,0.0,0.0
6,bus_19,0.5,500.0,inf,inf,99.98,99.98,99.98,99.98,0.0,0.0
6,bus_19,0.5,1000.0,20.0,30.0,99.98,99.98,99.98,99.98,0.0,0.0
6,bus_19,0.5,1000.0,20.0,40.0,99.98,99.98,99.98,99.98,0.0,0.0
6,bus_19,0.5,1000.0,20.0,inf,99.98,99.98,99.98,99.98,0.0,0.0
6,bus_19,0.5,1000.0,30.0,30.0,99.98,99.98,99.98,99.98,0.0,0.0
6,bus_19,0.5,1000.0,30.0,40.0,99.98,99.98,99.98,99.98,0.0,0.0
6,bus_19,0.5,1000.0,30.0,inf,99.98,99.98,99.98,99.98,0.0,0.0
6,bus_19,0.5,1000.0,40.0,30.0,99.98,99.98,99.98,99.98,0.0,0.0
6,bus_19,0.5,1000.0,40.0,40.0,99.98,99.98,99.98,99.98,0.0,0.0
6,bus_19,0.5,1000.0,40.0,inf,99.98,99.98,99.98,99.98,0.0,0.0
6,bus_19,0.5,1000.0,inf,30.0,99.98,99.98,99.98,99.98,0.0,0.0
6,bus_19,0.5,1000.0,inf,40.0,99.98,99.98,99.98,99.98,0.0,0.0
6,bus_19,0.5,1000.0,inf,inf,99.98,99.98,99.98,99.98,0.0,0.0
6,bus_19,0.5,2000.0,20.0,30.0,99.98,99.98,99.98,99.98,0.0,0.0
6,bus_19,0.5,2000.0,20.0,40.0,99.98,99.98,99.98,99.98,0.0,0.0
6,bus_19,0.5,2000.0,20.0,inf,99.98,99.98,99.98,99.98,0.0,0.0
6,bus_19,0.5,2000.0,30.0,30.0,99.98,99.98,99.98,99.98,0.0,0.0
6,bus_19,0.5,2000.0,30.0,40.0,99.98,99.98,99.98,99.98,0.0,0.0
6,bus_19,0.5,2000.0,30.0,inf,99.98,99.98,99.98,99.98,0.0,0.0
6,bus_19,0.5,2000.0,40.0,30.0,99.98,99.98,99.98,99.98,0.0,0.0
6,bus_19,0.5,2000.0,40.0,40.0,99.98,99.98,99.98,99.98,0.0,0.0
6,bus_19,0.5,2000.0,40.0,inf,99.98,99.98,99.98,99.98,0.0,0.0
6,bus_19,0.5,2000.0,inf,30.0,99.98,99.98,99.98,99.98,0.0,0.0
6,bus_19,0.5,2000.0,inf,40.0,99.98,99.98,99.98,99.98,0.0,0.0
6,bus_19,0.5,2000.0,inf,inf,99.98,99.98,99.98,99.98,0.0,0.0
6,bus_19,0.5,5000.0,20.0,30.0,99.98,99.98,99.98,99.98,0.0,0.0
6,bus_19,0.5,5000.0,20.0,40.0,99.98,99.98,99.98,99.98,0.0,0.0
6,bus_19,0.5,5000.0,20.0,inf,99.98,99.98,99.98,99.98,0.0,0.0
6,bus_19,0.5,5000.0,30.0,30.0,99.98,99.98,99.98,99.98,0.0,0.0
6,bus_19,0.5,5000.0,30.0,40.0,99.98,99.98,99.98,99.98,0.0,0.0
6,bus_19,0.5,5000.0,30.0,inf,99.98,99.98,99.98,99.98,0.0,0.0
6,bus_19,0.5,5000.0,40.0,30.0,99.98,99.98,99.98,99.98,0.0,0.0
6,bus_19,0.5,5000.0,40.0,40.0,99.98,99.98,99.98,99.98,0.0,0.0
6,bus_19,0.5,5000.0,40.0,inf,99.98,99.98,99.98,99.98,0.0,0.0
6,bus_19,0.5,5000.0,inf,30.0,99.98,99.98,99.98,99.98,0.0,0.0
6,bus_19,0.5,5000.0,inf,40.0,99.98,99.98,99.98,99.98,0.0,0.0
6,bus_19,0.5,5000.0,inf,inf,99.98,99.98,99.98,99.98,0.0,0.0
6,bus_25,0.5,100.0,20.0,30.0,65.30247138304361,67.24818540794416,99.98,99.75916993484309,1.9457140249005533,-0.2208300651569175
6,bus_25,0.5,100.0,20.0,40.0,67.35599266655505,75.26976177675625,99.98,99.98,7.913769110201201,0.0
6,bus_25,0.5,100.0,20.0,inf,71.19143615467577,42.68749997012258,99.98,99.75336181447476,-28.50393618455319,-0.22663818552524617
6,bus_25,0.5,100.0,30.0,30.0,61.02460374046197,38.68730852559036,99.98,89.4918050351211,-22.33729521487161,-10.4881949648789
6,bus_25,0.5,100.0,30.0,40.0,67.13455011618012,51.10161691970407,99.98,99.98,-16.03293319647605,0.0
6,bus_25,0.5,100.0,30.0,inf,63.345929429957025,16.50849213771154,99.98,99.98,-46.83743729224548,0.0
6,bus_25,0.5,100.0,40.0,30.0,65.39028015096594,81.07075707977963,99.98,99.98,15.68047692881369,0.0
6,bus_25,0.5,100.0,40.0,40.0,65.06885754211092,48.94487876111049,99.98,81.34193728239654,-16.12397878100043,-18.63806271760346
6,bus_25,0.5,100.0,40.0,inf,65.00362461989333,38.909463861980576,99.98,65.11952066734877,-26.094160757912753,-34.86047933265124
6,bus_25,0.5,100.0,inf,30.0,63.11719466437982,32.91062920831737,99.98,81.28203466955765,-30.20656545606245,-18.697965330442358
6,bus_25,0.5,100.0,inf,40.0,65.03623618864634,34.6655115881585,99.77361438681682,81.17810062673982,-30.37072460048784,-18.595513760076997
6,bus_25,0.5,100.0,inf,inf,61.9075510491642,63.93884742446054,99.98,99.24685619352869,2.0312963752963427,-0.7331438064713183
6,bus_25,0.5,500.0,20.0,30.0,99.98,99.98,99.98,99.98,0.0,0.0
6,bus_25,0.5,500.0,20.0,40.0,99.98,99.98,99.98,99.98,0.0,0.0
6,bus_25,0.5,500.0,20.0,inf,99.98,99.98,99.98,99.98,0.0,0.0
6,bus_25,0.5,500.0,30.0,30.0,99.98,99.98,99.98,99.98,0.0,0.0
6,bus_25,0.5,500.0,30.0,40.0,99.98,99.98,99.98,99.98,0.0,0.0
6,bus_25,0.5,500.0,30.0,inf,99.98,99.98,99.98,99.98,0.0,0.0
6,bus_25,0.5,500.0,40.0,30.0,99.98,99.98,99.98,99.98,0.0,0.0
6,bus_25,0.5,500.0,40.0,40.0,99.98,99.98,99.98,99.98,0.0,0.0
6,bus_25,0.5,500.0,40.0,inf,99.98,99.98,99.98,99.98,0.0,0.0
6,bus_25,0.5,500.0,inf,30.0,99.98,99.98,99.98,99.98,0.0,0.0
6,bus_25,0.5,500.0,inf,40.0,99.98,99.98,99.98,99.98,0.0,0.0
6,bus_25,0.5,500.0,inf,inf,99.98,99.98,99.98,99.98,0.0,0.0
6,bus_25,0.5,1000.0,20.0,30.0,99.98,99.98,99.98,99.98,0.0,0.0
6,bus_25,0.5,1000.0,20.0,40.0,99.98,99.98,99.98,99.98,0.0,0.0
6,bus_25,0.5,1000.0,20.0,inf,99.98,99.98,99.98,99.98,0.0,0.0
6,bus_25,0.5,1000.0,30.0,30.0,99.98,99.98,99.98,99.98,0.0,0.0
6,bus_25,0.5,1000.0,30.0,40.0,99.98,99.98,99.98,99.98,0.0,0.0
6,bus_25,0.5,1000.0,30.0,inf,99.98,99.98,99.98,99.98,0.0,0.0
6,bus_25,0.5,1000.0,40.0,30.0,99.98,99.98,99.98,99.98,0.0,0.0
6,bus_25,0.5,1000.0,40.0,40.0,99.98,99.98,99.98,99.98,0.0,0.0
6,bus_25,0.5,1000.0,40.0,inf,99.98,99.98,99.98,99.98,0.0,0.0
6,bus_25,0.5,1000.0,inf,30.0,99.98,99.98,99.98,99.98,0.0,0.0
6,bus_25,0.5,1000.0,inf,40.0,99.98,99.98,99.98,99.98,0.0,0.0
6,bus_25,0.5,1000.0,inf,inf,99.98,99.98,99.98,99.98,0.0,0.0
6,bus_25,0.5,2000.0,20.0,30.0,99.98,99.98,99.98,99.98,0.0,0.0
6,bus_25,0.5,2000.0,20.0,40.0,99.98,99.98,99.98,99.98,0.0,0.0
6,bus_25,0.5,2000.0,20.0,inf,99.98,99.98,99.98,99.98,0.0,0.0
6,bus_25,0.5,2000.0,30.0,30.0,99.98,99.98,99.98,99.98,0.0,0.0
6,bus_25,0.5,2000.0,30.0,40.0,99.98,99.98,99.98,99.98,0.0,0.0
6,bus_25,0.5,2000.0,30.0,inf,99.98,99.98,99.98,99.98,0.0,0.0
6,bus_25,0.5,2000.0,40.0,30.0,99.98,99.98,99.98,99.98,0.0,0.0
6,bus_25,0.5,2000.0,40.0,40.0,99.98,99.98,99.98,99.98,0.0,0.0
6,bus_25,0.5,2000.0,40.0,inf,99.98,99.98,99.98,99.98,0.0,0.0
6,bus_25,0.5,2000.0,inf,30.0,99.98,99.98,99.98,99.98,0.0,0.0
6,bus_25,0.5,2000.0,inf,40.0,99.98,99.98,99.98,99.98,0.0,0.0
6,bus_25,0.5,2000.0,inf,inf,99.98,99.98,99.98,99.98,0.0,0.0
6,bus_25,0.5,5000.0,20.0,30.0,99.98,99.98,99.98,99.98,0.0,0.0
6,bus_25,0.5,5000.0,20.0,40.0,99.98,99.98,99.98,99.98,0.0,0.0
6,bus_25,0.5,5000.0,20.0,inf,99.98,99.98,99.98,99.98,0.0,0.0
6,bus_25,0.5,5000.0,30.0,30.0,99.98,99.98,99.98,99.98,0.0,0.0
6,bus_25,0.5,5000.0,30.0,40.0,99.98,99.98,99.98,99.98,0.0,0.0
6,bus_25,0.5,5000.0,30.0,inf,99.98,99.98,99.98,99.98,0.0,0.0
6,bus_25,0.5,5000.0,40.0,30.0,99.98,99.98,99.98,99.98,0.0,0.0
6,bus_25,0.5,5000.0,40.0,40.0,99.98,99.98,99.98,99.98,0.0,0.0
6,bus_25,0.5,5000.0,40.0,inf,99.98,99.98,99.98,99.98,0.0,0.0
6,bus_25,0.5,5000.0,inf,30.0,99.98,99.98,99.98,99.98,0.0,0.0
6,bus_25,0.5,5000.0,inf,40.0,99.98,99.98,99.98,99.98,0.0,0.0
6,bus_25,0.5,5000.0,inf,inf,99.98,99.98,99.98,99.98,0.0,0.0
7,bus_01,0.5,100.0,20.0,30.0,69.2141116337778,28.61786257538955,99.98,83.30981000071678,-40.59624905838825,-16.670189999283224
7,bus_01,0.5,100.0,20.0,40.0,63.3418031369677,14.462489459630511,99.7213993906795,99.76276817803274,-48.87931367733719,0.04136878735324956
7,bus_01,0.5,100.0,20.0,inf,65.00256945697399,18.560755625955604,99.04049095966204,46.90847876120162,-46.44181383101838,-52.132012198460416
7,bus_01,0.5,100.0,30.0,30.0,63.20455507902967,58.8612235948523,99.98,99.98,-4.343331484177369,0.0
7,bus_01,0.5,100.0,30.0,40.0,63.174450173382766,38.84818756490801,99.98,87.64721914628586,-24.326262608474757,-12.33278085371414
7,bus_01,0.5,100.0,30.0,inf,65.29011555483154,73.20089000092824,99.98,99.70520099188839,7.9107744460966956,-0.2747990081116143
7,bus_01,0.5,100.0,40.0,30.0,58.95929452491906,63.20503796406136,99.98,99.98,4.245743439142302,0.0
7,bus_01,0.5,100.0,40.0,40.0,65.1911419604963,26.568097862512364,99.98,96.3370402490834,-38.623044097983936,-3.642959750916603
7,bus_01,0.5,100.0,40.0,inf,65.1380343920712,36.61248439901315,99.98,99.98,-28.525549993058057,0.0
7,bus_01,0.5,100.0,inf,30.0,69.27078027762074,36.62505839775666,99.98,99.98,-32.645721879864084,0.0
7,bus_01,0.5,100.0,inf,40.0,63.31333083152359,42.874584727852664,99.98,87.41559223614924,-20.438746103670923,-12.564407763850767
7,bus_01,0.5,100.0,inf,inf,61.9075510491642,63.59907631897259,99.98,99.98,1.6915252698083947,0.0
7,bus_01,0.5,500.0,20.0,30.0,99.98,99.98,99.98,99.98,0.0,0.0
7,bus_01,0.5,500.0,20.0,40.0,99.98,99.98,99.98,99.98,0.0,0.0
7,bus_01,0.5,500.0,20.0,inf,99.98,99.98,99.98,99.98,0.0,0.0
7,bus_01,0.5,500.0,30.0,30.0,99.98,99.98,99.98,99.98,0.0,0.0
7,bus_01,0.5,500.0,30.0,40.0,99.98,99.98,99.98,99.98,0.0,0.0
7,bus_01,0.5,500.0,30.0,inf,99.98,99.98,99.98,99.98,0.0,0.0
7,bus_01,0.5,500.0,40.0,30.0,99.98,99.98,99.98,99.98,0.0,0.0
7,bus_01,0.5,500.0,40.0,40.0,99.98,99.98,99.98,99.98,0.0,0.0
7,bus_01,0.5,500.0,40.0,inf,99.98,99.98,99.98,99.98,0.0,0.0
7,bus_01,0.5,500.0,inf,30.0,99.98,99.98,99.98,99.98,0.0,0.0
7,bus_01,0.5,500.0,inf,40.0,99.98,99.98,99.98,99.98,0.0,0.0
7,bus_01,0.5,500.0,inf,inf,99.98,99.98,99.98,99.98,0.0,0.0
7,bus_01,0.5,1000.0,20.0,30.0,99.98,99.98,99.98,99.98,0.0,0.0
7,bus_01,0.5,1000.0,20.0,40.0,99.98,99.98,99.98,99.98,0.0,0.0
7,bus_01,0.5,1000.0,20.0,inf,99.98,99.98,99.98,99.98,0.0,0.0
7,bus_01,0.5,1000.0,30.0,30.0,99.98,99.98,99.98,99.98,0.0,0.0
7,bus_01,0.5,1000.0,30.0,40.0,99.98,99.98,99.98,99.98,0.0,0.0
7,bus_01,0.5,1000.0,30.0,inf,99.98,99.98,99.98,99.98,0.0,0.0
7,bus_01,0.5,1000.0,40.0,30.0,99.98,99.98,99.98,99.98,0.0,0.0
7,bus_01,0.5,1000.0,40.0,40.0,99.98,99.98,99.98,99.98,0.0,0.0
7,bus_01,0.5,1000.0,40.0,inf,99.98,99.98,99.98,99.98,0.0,0.0
7,bus_01,0.5,1000.0,inf,30.0,99.98,99.98,99.98,99.98,0.0,0.0
7,bus_01,0.5,1000.0,inf,40.0,99.98,99.98,99.98,99.98,0.0,0.0
7,bus_01,0.5,1000.0,inf,inf,99.98,99.98,99.98,99.98,0.0,0.0
7,bus_01,0.5,2000.0,20.0,30.0,99.98,99.98,99.98,99.98,0.0,0.0
7,bus_01,0.5,2000.0,20.0,40.0,99.98,99.98,99.98,99.98,0.0,0.0
7,bus_01,0.5,2000.0,20.0,inf,99.98,99.98,99.98,99.98,0.0,0.0
7,bus_01,0.5,2000.0,30.0,30.0,99.98,99.98,99.98,99.98,0.0,0.0
7,bus_01,0.5,2000.0,30.0,40.0,99.98,99.98,99.98,99.98,0.0,0.0
7,bus_01,0.5,2000.0,30.0,inf,99.98,99.98,99.98,99.98,0.0,0.0
7,bus_01,0.5,2000.0,40.0,30.0,99.98,99.98,99.98,99.98,0.0,0.0
7,bus_01,0.5,2000.0,40.0,40.0,99.98,99.98,99.98,99.98,0.0,0.0
7,bus_01,0.5,2000.0,40.0,inf,99.98,99.98,99.98,99.98,0.0,0.0
7,bus_01,0.5,2000.0,inf,30.0,99.98,99.98,99.98,99.98,0.0,0.0
7,bus_01,0.5,2000.0,inf,40.0,99.98,99.98,99.98,99.98,0.0,0.0
7,bus_01,0.5,2000.0,inf,inf,99.98,99.98,99.98,99.98,0.0,0.0
7,bus_01,0.5,5000.0,20.0,30.0,99.98,99.98,99.98,99.98,0.0,0.0
7,bus_01,0.5,5000.0,20.0,40.0,99.98,99.98,99.98,99.98,0.0,0.0
7,bus_01,0.5,5000.0,20.0,inf,99.98,99.98,99.98,99.98,0.0,0.0
7,bus_01,0.5,5000.0,30.0,30.0,99.98,99.98,99.98,99.98,0.0,0.0
7,bus_01,0.5,5000.0,30.0,40.0,99.98,99.98,99.98,99.98,0.0,0.0
7,bus_01,0.5,5000.0,30.0,inf,99.98,99.98,99.98,99.98,0.0,0.0
7,bus_01,0.5,5000.0,40.0,30.0,99.98,99.98,99.98,99.98,0.0,0.0
7,bus_01,0.5,5000.0,40.0,40.0,99.98,99.98,99.98,99.98,0.0,0.0
7,bus_01,0.5,5000.0,40.0,inf,99.98,99.98,99.98,99.98,0.0,0.0
7,bus_01,0.5,5000.0,inf,30.0,99.98,99.98,99.98,99.98,0.0,0.0
7,bus_01,0.5,5000.0,inf,40.0,99.98,99.98,99.98,99.98,0.0,0.0
7,bus_01,0.5,5000.0,inf,inf,99.98,99.98,99.98,99.98,0.0,0.0
7,bus_07,0.5,100.0,20.0,30.0,65.02420683039841,24.675484776739943,99.98,83.30887987642774,-40.34872205365847,-16.671120123572265
7,bus_07,0.5,100.0,20.0,40.0,62.96508693654824,22.589589385442,99.98,91.27427061578412,-40.375497551106236,-8.705729384215886
7,bus_07,0.5,100.0,20.0,inf,64.98868892497588,66.96043548131182,99.98,99.43995597496203,1.971746556335944,-0.5400440250379717
7,bus_07,0.5,100.0,30.0,30.0,63.06425958785562,22.672113654733028,99.98,95.51807173202415,-40.39214593312259,-4.46192826797585
7,bus_07,0.5,100.0,30.0,40.0,61.273193275417825,34.68520727742117,99.98,99.98,-26.587985997996654,0.0
7,bus_07,0.5,100.0,30.0,inf,65.31463828595527,28.4940291023166,99.98,99.98,-36.820609183638666,0.0
7,bus_07,0.5,100.0,40.0,30.0,65.36056367043895,85.12684147659053,99.98,99.98,19.766277806151578,0.0
7,bus_07,0.5,100.0,40.0,40.0,65.33570621207218,54.96031922112743,99.79644630342314,99.98,-10.375386990944754,0.18355369657686538
7,bus_07,0.5,100.0,40.0,inf,65.15961463876091,38.79868057727798,99.98,99.39829492940497,-26.360934061482936,-0.5817050705950351
7,bus_07,0.5,100.0,inf,30.0,67.03914000652543,73.04023311062531,99.98,99.98,6.00109310409988,0.0
7,bus_07,0.5,100.0,inf,40.0,63.06956366462413,28.550688237777223,99.98,85.67685253308541,-34.518875426846904,-14.303147466914595
7,bus_07,0.5,100.0,inf,inf,61.9075510491642,65.71269950658483,99.98,99.88146908197463,3.8051484574206285,-0.09853091802537506
7,bus_07,0.5,500.0,20.0,30.0,99.98,99.98,99.98,99.98,0.0,0.0
7,bus_07,0.5,500.0,20.0,40.0,99.98,99.98,99.98,99.98,0.0,0.0
7,bus_07,0.5,500.0,20.0,inf,99.98,99.98,99.98,99.98,0.0,0.0
7,bus_07,0.5,500.0,30.0,30.0,99.98,99.98,99.98,99.98,0.0,0.0
7,bus_07,0.5,500.0,30.0,40.0,99.98,99.98,99.98,99.98,0.0,0.0
7,bus_07,0.5,500.0,30.0,inf,99.98,99.98,99.98,99.98,0.0,0.0
7,bus_07,0.5,500.0,40.0,30.0,99.98,99.98,99.98,99.98,0.0,0.0
7,bus_07,0.5,500.0,40.0,40.0,99.98,99.98,99.98,99.98,0.0,0.0
7,bus_07,0.5,500.0,40.0,inf,99.98,99.98,99.98,99.98,0.0,0.0
7,bus_07,0.5,500.0,inf,30.0,99.98,99.98,99.98,99.98,0.0,0.0
7,bus_07,0.5,500.0,inf,40.0,99.98,99.98,99.98,99.98,0.0,0.0
7,bus_07,0.5,500.0,inf,inf,99.98,99.98,99.98,99.98,0.0,0.0
7,bus_07,0.5,1000.0,20.0,30.0,99.98,99.98,99.98,99.98,0.0,0.0
7,bus_07,0.5,1000.0,20.0,40.0,99.98,99.98,99.98,99.98,0.0,0.0
7,bus_07,0.5,1000.0,20.0,inf,99.98,99.98,99.98,99.98,0.0,0.0
7,bus_07,0.5,1000.0,30.0,30.0,99.98,99.98,99.98,99.98,0.0,0.0
7,bus_07,0.5,1000.0,30.0,40.0,99.98,99.98,99.98,99.98,0.0,0.0
7,bus_07,0.5,1000.0,30.0,inf,99.98,99.98,99.98,99.98,0.0,0.0
7,bus_07,0.5,1000.0,40.0,30.0,99.98,99.98,99.98,99.98,0.0,0.0
7,bus_07,0.5,1000.0,40.0,40.0,99.98,99.98,99.98,99.98,0.0,0.0
7,bus_07,0.5,1000.0,40.0,inf,99.98,99.98,99.98,99.98,0.0,0.0
7,bus_07,0.5,1000.0,inf,30.0,99.98,99.98,99.98,99.98,0.0,0.0
7,bus_07,0.5,1000.0,inf,40.0,99.98,99.98,99.98,99.98,0.0,0.0
7,bus_07,0.5,1000.0,inf,inf,99.98,99.98,99.98,99.98,0.0,0.0
7,bus_07,0.5,2000.0,20.0,30.0,99.98,99.98,99.98,99.98,0.0,0.0
7,bus_07,0.5,2000.0,20.0,40.0,99.98,99.98,99.98,99.98,0.0,0.0
7,bus_07,0.5,2000.0,20.0,inf,99.98,99.98,99.98,99.98,0.0,0.0
7,bus_07,0.5,2000.0,30.0,30.0,99.98,99.98,99.98,99.98,0.0,0.0
7,bus_07,0.5,2000.0,30.0,40.0,99.98,99.98,99.98,99.98,0.0,0.0
7,bus_07,0.5,2000.0,30.0,inf,99.98,99.98,99.98,99.98,0.0,0.0
7,bus_07,0.5,2000.0,40.0,30.0,99.98,99.98,99.98,99.98,0.0,0.0
7,bus_07,0.5,2000.0,40.0,40.0,99.98,99.98,99.98,99.98,0.0,0.0
7,bus_07,0.5,2000.0,40.0,inf,99.98,99.98,99.98,99.98,0.0,0.0
7,bus_07,0.5,2000.0,inf,30.0,99.98,99.98,99.98,99.98,0.0,0.0
7,bus_07,0.5,2000.0,inf,40.0,99.98,99.98,99.98,99.98,0.0,0.0
7,bus_07,0.5,2000.0,inf,inf,99.98,99.98,99.98,99.98,0.0,0.0
7,bus_07,0.5,5000.0,20.0,30.0,99.98,99.98,99.98,99.98,0.0,0.0
7,bus_07,0.5,5000.0,20.0,40.0,99.98,99.98,99.98,99.98,0.0,0.0
7,bus_07,0.5,5000.0,20.0,inf,99.98,99.98,99.98,99.98,0.0,0.0
7,bus_07,0.5,5000.0,30.0,30.0,99.98,99.98,99.98,99.98,0.0,0.0
7,bus_07,0.5,5000.0,30.0,40.0,99.98,99.98,99.98,99.98,0.0,0.0
7,bus_07,0.5,5000.0,30.0,inf,99.98,99.98,99.98,99.98,0.0,0.0
7,bus_07,0.5,5000.0,40.0,30.0,99.98,99.98,99.98,99.98,0.0,0.0
7,bus_07,0.5,5000.0,40.0,40.0,99.98,99.98,99.98,99.98,0.0,0.0
7,bus_07,0.5,5000.0,40.0,inf,99.98,99.98,99.98,99.98,0.0,0.0
7,bus_07,0.5,5000.0,inf,30.0,99.98,99.98,99.98,99.98,0.0,0.0
7,bus_07,0.5,5000.0,inf,40.0,99.98,99.98,99.98,99.98,0.0,0.0
7,bus_07,0.5,5000.0,inf,inf,99.98,99.98,99.98,99.98,0.0,0.0
7,bus_13,0.5,100.0,20.0,30.0,61.04977539165586,24.62020908891199,99.98,99.98,-36.429566302743865,0.0
7,bus_13,0.5,100.0,20.0,40.0,63.1241602246154,20.63688463046254,99.98,62.96591101831701,-42.48727559415286,-37.014088981682995
7,bus_13,0.5,100.0,20.0,inf,65.07025766693613,44.75933092860127,93.5060842086312,96.61354580147386,-20.310926738334857,3.107461592842668
7,bus_13,0.5,100.0,30.0,30.0,63.068653086221026,42.81773037228657,99.98,99.98,-20.250922713934457,0.0
7,bus_13,0.5,100.0,30.0,40.0,63.35407723796298,30.739993453323933,99.98,62.89470817438632,-32.61408378463905,-37.08529182561369
7,bus_13,0.5,100.0,30.0,inf,63.24450543581068,22.578758336269477,99.98,99.98,-40.66574709954121,0.0
7,bus_13,0.5,100.0,40.0,30.0,67.26700129685965,38.74123359726318,99.98,95.44364602247435,-28.525767699596464,-4.53635397752565
7,bus_13,0.5,100.0,40.0,40.0,64.98751658054252,24.851119087533412,99.81451683366214,69.10812320637407,-40.136397493009106,-30.706393627288065
7,bus_13,0.5,100.0,40.0,inf,63.34108631829736,24.924074501509374,99.98,69.37638838587887,-38.41701181678798,-30.603611614121135
7,bus_13,0.5,100.0,inf,30.0,65.1897014733078,26.443597656833983,99.98,95.5174946687863,-38.74610381647382,-4.4625053312137055
7,bus_13,0.5,100.0,inf,40.0,65.06228403827264,34.53382010963646,99.98,99.98,-30.528463928636178,0.0
7,bus_13,0.5,100.0,inf,inf,61.9075510491642,59.52877865866431,99.98,99.98,-2.37877239049989,0.0
7,bus_13,0.5,500.0,20.0,30.0,99.98,99.98,99.98,99.98,0.0,0.0
7,bus_13,0.5,500.0,20.0,40.0,99.98,99.98,99.98,99.98,0.0,0.0
7,bus_13,0.5,500.0,20.0,inf,99.98,99.98,99.98,99.98,0.0,0.0
7,bus_13,0.5,500.0,30.0,30.0,99.98,99.98,99.98,99.98,0.0,0.0
7,bus_13,0.5,500.0,30.0,40.0,99.98,99.98,99.98,99.98,0.0,0.0
7,bus_13,0.5,500.0,30.0,inf,99.98,99.98,99.98,99.98,0.0,0.0
7,bus_13,0.5,500.0,40.0,30.0,99.98,99.98,99.98,99.98,0.0,0.0
7,bus_13,0.5,500.0,40.0,40.0,99.98,99.98,99.98,99.98,0.0,0.0
7,bus_13,0.5,500.0,40.0,inf,99.98,99.98,99.98,99.98,0.0,0.0
7,bus_13,0.5,500.0,inf,30.0,99.98,99.98,99.98,99.98,0.0,0.0
7,bus_13,0.5,500.0,inf,40.0,99.98,99.98,99.98,99.98,0.0,0.0
7,bus_13,0.5,500.0,inf,inf,99.98,99.98,99.98,99.98,0.0,0.0
7,bus_13,0.5,1000.0,20.0,30.0,99.98,99.98,99.98,99.98,0.0,0.0
7,bus_13,0.5,1000.0,20.0,40.0,99.98,99.98,99.98,99.98,0.0,0.0
7,bus_13,0.5,1000.0,20.0,inf,99.98,99.98,99.98,99.98,0.0,0.0
7,bus_13,0.5,1000.0,30.0,30.0,99.98,99.98,99.98,99.98,0.0,0.0
7,bus_13,0.5,1000.0,30.0,40.0,99.98,99.98,99.98,99.98,0.0,0.0
7,bus_13,0.5,1000.0,30.0,inf,99.98,99.98,99.98,99.98,0.0,0.0
7,bus_13,0.5,1000.0,40.0,30.0,99.98,99.98,99.98,99.98,0.0,0.0
7,bus_13,0.5,1000.0,40.0,40.0,99.98,99.98,99.98,99.98,0.0,0.0
7,bus_13,0.5,1000.0,40.0,inf,99.98,99.98,99.98,99.98,0.0,0.0
7,bus_13,0.5,1000.0,inf,30.0,99.98,99.98,99.98,99.98,0.0,0.0
7,bus_13,0.5,1000.0,inf,40.0,99.98,99.98,99.98,99.98,0.0,0.0
7,bus_13,0.5,1000.0,inf,inf,99.98,99.98,99.98,99.98,0.0,0.0
7,bus_13,0.5,2000.0,20.0,30.0,99.98,99.98,99.98,99.98,0.0,0.0
7,bus_13,0.5,2000.0,20.0,40.0,99.98,99.98,99.98,99.98,0.0,0.0
7,bus_13,0.5,2000.0,20.0,inf,99.98,99.98,99.98,99.98,0.0,0.0
7,bus_13,0.5,2000.0,30.0,30.0,99.98,99.98,99.98,99.98,0.0,0.0
7,bus_13,0.5,2000.0,30.0,40.0,99.98,99.98,99.98,99.98,0.0,0.0
7,bus_13,0.5,2000.0,30.0,inf,99.98,99.98,99.98,99.98,0.0,0.0
7,bus_13,0.5,2000.0,40.0,30.0,99.98,99.98,99.98,99.98,0.0,0.0
7,bus_13,0.5,2000.0,40.0,40.0,99.98,99.98,99.98,99.98,0.0,0.0
7,bus_13,0.5,2000.0,40.0,inf,99.98,99.98,99.98,99.98,0.0,0.0
7,bus_13,0.5,2000.0,inf,30.0,99.98,99.98,99.98,99.98,0.0,0.0
7,bus_13,0.5,2000.0,inf,40.0,99.98,99.98,99.98,99.98,0.0,0.0
7,bus_13,0.5,2000.0,inf,inf,99.98,99.98,99.98,99.98,0.0,0.0
7,bus_13,0.5,5000.0,20.0,30.0,99.98,99.98,99.98,99.98,0.0,0.0
7,bus_13,0.5,5000.0,20.0,40.0,99.98,99.98,99.98,99.98,0.0,0.0
7,bus_13,0.5,5000.0,20.0,inf,99.98,99.98,99.98,99.98,0.0,0.0
7,bus_13,0.5,5000.0,30.0,30.0,99.98,99.98,99.98,99.98,0.0,0.0
7,bus_13,0.5,5000.0,30.0,40.0,99.98,99.98,99.98,99.98,0.0,0.0
7,bus_13,0.5,5000.0,30.0,inf,99.98,99.98,99.98,99.98,0.0,0.0
7,bus_13,0.5,5000.0,40.0,30.0,99.98,99.98,99.98,99.98,0.0,0.0
7,bus_13,0.5,5000.0,40.0,40.0,99.98,99.98,99.98,99.98,0.0,0.0
7,bus_13,0.5,5000.0,40.0,inf,99.98,99.98,99.98,99.98,0.0,0.0
7,bus_13,0.5,5000.0,inf,30.0,99.98,99.98,99.98,99.98,0.0,0.0
7,bus_13,0.5,5000.0,inf,40.0,99.98,99.98,99.98,99.98,0.0,0.0
7,bus_13,0.5,5000.0,inf,inf,99.98,99.98,99.98,99.98,0.0,0.0
7,bus_19,0.5,100.0,20.0,30.0,65.07603427557451,18.55017303791975,99.16687329821151,60.91562144127014,-46.525861237654766,-38.25125185694137
7,bus_19,0.5,100.0,20.0,40.0,67.30231946624619,40.746950259454096,99.98,99.98,-26.555369206792093,0.0
7,bus_19,0.5,100.0,20.0,inf,67.17517598320785,26.45556673149968,99.98,75.27694813689862,-40.71960925170817,-24.70305186310138
7,bus_19,0.5,100.0,30.0,30.0,63.09060396746508,30.46223795800005,99.98,95.4795325542217,-32.628366009465026,-4.500467445778298
7,bus_19,0.5,100.0,30.0,40.0,65.18491794249452,36.619306833103714,99.98,99.98,-28.565611109390808,0.0
7,bus_19,0.5,100.0,30.0,inf,63.397892180167624,22.673320654938156,99.98,99.98,-40.724571525229464,0.0
7,bus_19,0.5,100.0,40.0,30.0,65.39017404679143,16.561762559055516,99.98,99.98,-48.82841148773591,0.0
7,bus_19,0.5,100.0,40.0,40.0,65.24706841909924,53.04715613625217,99.98,99.98,-12.199912282847066,0.0
7,bus_19,0.5,100.0,40.0,inf,65.1292601664647,75.349468381723,99.98,99.98,10.220208215258296,0.0
7,bus_19,0.5,100.0,inf,30.0,65.0854338548303,72.95092862748199,99.83524351419545,99.98,7.865494772651687,0.14475648580454958
7,bus_19,0.5,100.0,inf,40.0,65.16956211182996,16.483125448342474,99.98,77.23224630735122,-48.686436663487484,-22.747753692648786
7,bus_19,0.5,100.0,inf,inf,61.9075510491642,65.68466542897669,99.98,93.98757673588483,3.777114379812488,-5.992423264115175
7,bus_19,0.5,500.0,20.0,30.0,99.98,99.98,99.98,99.98,0.0,0.0
7,bus_19,0.5,500.0,20.0,40.0,99.98,99.98,99.98,99.98,0.0,0.0
7,bus_19,0.5,500.0,20.0,inf,99.98,99.98,99.98,99.98,0.0,0.0
7,bus_19,0.5,500.0,30.0,30.0,99.98,99.98,99.98,99.98,0.0,0.0
7,bus_19,0.5,500.0,30.0,40.0,99.98,99.98,99.98,99.98,0.0,0.0
7,bus_19,0.5,500.0,30.0,inf,99.98,99.98,99.98,99.98,0.0,0.0
7,bus_19,0.5,500.0,40.0,30.0,99.98,99.98,99.98,99.98,0.0,0.0
7,bus_19,0.5,500.0,40.0,40.0,99.98,99.98,99.98,99.98,0.0,0.0
7,bus_19,0.5,500.0,40.0,inf,99.98,99.98,99.98,99.98,0.0,0.0
7,bus_19,0.5,500.0,inf,30.0,99.98,99.98,99.98,99.98,0.0,0.0
7,bus_19,0.5,500.0,inf,40.0,99.98,99.98,99.98,99.98,0.0,0.0
7,bus_19,0.5,500.0,inf,inf,99.98,99.98,99.98,99.98,0.0,0.0
7,bus_19,0.5,1000.0,20.0,30.0,99.98,99.98,99.98,99.98,0.0,0.0
7,bus_19,0.5,1000.0,20.0,40.0,99.98,99.98,99.98,99.98,0.0,0.0
7,bus_19,0.5,1000.0,20.0,inf,99.98,99.98,99.98,99.98,0.0,0.0
7,bus_19,0.5,1000.0,30.0,30.0,99.98,99.98,99.98,99.98,0.0,0.0
7,bus_19,0.5,1000.0,30.0,40.0,99.98,99.98,99.98,99.98,0.0,0.0
7,bus_19,0.5,1000.0,30.0,inf,99.98,99.98,99.98,99.98,0.0,0.0
7,bus_19,0.5,1000.0,40.0,30.0,99.98,99.98,99.98,99.98,0.0,0.0
7,bus_19,0.5,1000.0,40.0,40.0,99.98,99.98,99.98,99.98,0.0,0.0
7,bus_19,0.5,1000.0,40.0,inf,99.98,99.98,99.98,99.98,0.0,0.0
7,bus_19,0.5,1000.0,inf,30.0,99.98,99.98,99.98,99.98,0.0,0.0
7,bus_19,0.5,1000.0,inf,40.0,99.98,99.98,99.98,99.98,0.0,0.0
7,bus_19,0.5,1000.0,inf,inf,99.98,99.98,99.98,99.98,0.0,0.0
7,bus_19,0.5,2000.0,20.0,30.0,99.98,99.98,99.98,99.98,0.0,0.0
7,bus_19,0.5,2000.0,20.0,40.0,99.98,99.98,99.98,99.98,0.0,0.0
7,bus_19,0.5,2000.0,20.0,inf,99.98,99.98,99.98,99.98,0.0,0.0
7,bus_19,0.5,2000.0,30.0,30.0,99.98,99.98,99.98,99.98,0.0,0.0
7,bus_19,0.5,2000.0,30.0,40.0,99.98,99.98,99.98,99.98,0.0,0.0
7,bus_19,0.5,2000.0,30.0,inf,99.98,99.98,99.98,99.98,0.0,0.0
7,bus_19,0.5,2000.0,40.0,30.0,99.98,99.98,99.98,99.98,0.0,0.0
7,bus_19,0.5,2000.0,40.0,40.0,99.98,99.98,99.98,99.98,0.0,0.0
7,bus_19,0.5,2000.0,40.0,inf,99.98,99.98,99.98,99.98,0.0,0.0
7,bus_19,0.5,2000.0,inf,30.0,99.98,99.98,99.98,99.98,0.0,0.0
7,bus_19,0.5,2000.0,inf,40.0,99.98,99.98,99.98,99.98,0.0,0.0
7,bus_19,0.5,2000.0,inf,inf,99.98,99.98,99.98,99.98,0.0,0.0
7,bus_19,0.5,5000.0,20.0,30.0,99.98,99.98,99.98,99.98,0.0,0.0
7,bus_19,0.5,5000.0,20.0,40.0,99.98,99.98,99.98,99.98,0.0,0.0
7,bus_19,0.5,5000.0,20.0,inf,99.98,99.98,99.98,99.98,0.0,0.0
7,bus_19,0.5,5000.0,30.0,30.0,99.98,99.98,99.98,99.98,0.0,0.0
7,bus_19,0.5,5000.0,30.0,40.0,99.98,99.98,99.98,99.98,0.0,0.0
7,bus_19,0.5,5000.0,30.0,inf,99.98,99.98,99.98,99.98,0.0,0.0
7,bus_19,0.5,5000.0,40.0,30.0,99.98,99.98,99.98,99.98,0.0,0.0
7,bus_19,0.5,5000.0,40.0,40.0,99.98,99.98,99.98,99.98,0.0,0.0
7,bus_19,0.5,5000.0,40.0,inf,99.98,99.98,99.98,99.98,0.0,0.0
7,bus_19,0.5,5000.0,inf,30.0,99.98,99.98,99.98,99.98,0.0,0.0
7,bus_19,0.5,5000.0,inf,40.0,99.98,99.98,99.98,99.98,0.0,0.0
7,bus_19,0.5,5000.0,inf,inf,99.98,99.98,99.98,99.98,0.0,0.0
7,bus_25,0.5,100.0,20.0,30.0,71.06175160461787,32.74109902110944,99.98,99.98,-38.320652583508426,0.0
7,bus_25,0.5,100.0,20.0,40.0,57.213723784455595,32.930339367136355,99.98,87.52367464568006,-24.28338441731924,-12.456325354319944
7,bus_25,0.5,100.0,20.0,inf,71.31799493623734,36.69641389686811,99.96808136686433,97.45613061571815,-34.62158103936923,-2.5119507511461734
7,bus_25,0.5,100.0,30.0,30.0,61.23890412449376,83.19833976706612,99.98,99.98,21.95943564257236,0.0
7,bus_25,0.5,100.0,30.0,40.0,65.21739871820363,20.556942230695796,99.98,79.33064165532477,-44.66045648750783,-20.649358344675235
7,bus_25,0.5,100.0,30.0,inf,63.19901963321411,12.699619452394295,99.98,81.39618387463369,-50.49940018081981,-18.58381612536631
7,bus_25,0.5,100.0,40.0,30.0,65.24367502820664,48.88168396072123,99.98,99.98,-16.361991067485405,0.0
7,bus_25,0.5,100.0,40.0,40.0,65.05319121934501,53.08182062543968,99.98,99.98,-11.971370593905327,0.0
7,bus_25,0.5,100.0,40.0,inf,65.15555609352019,65.16122940693995,99.98,99.98,0.005673313419762849,0.0
7,bus_25,0.5,100.0,inf,30.0,65.32488339596243,59.20345632296055,99.87707150807923,99.98,-6.1214270730018825,0.10292849192077824
7,bus_25,0.5,100.0,inf,40.0,65.16290453354857,20.759030257956812,99.98,81.33307920656848,-44.40387427559176,-18.64692079343152
7,bus_25,0.5,100.0,inf,inf,61.9075510491642,47.671547261192075,99.98,99.98,-14.236003787972123,0.0
7,bus_25,0.5,500.0,20.0,30.0,99.98,99.98,99.98,99.98,0.0,0.0
7,bus_25,0.5,500.0,20.0,40.0,99.98,99.98,99.98,99.98,0.0,0.0
7,bus_25,0.5,500.0,20.0,inf,99.98,99.98,99.98,99.98,0.0,0.0
7,bus_25,0.5,500.0,30.0,30.0,99.98,99.98,99.98,99.98,0.0,0.0
7,bus_25,0.5,500.0,30.0,40.0,99.98,99.98,99.98,99.98,0.0,0.0
7,bus_25,0.5,500.0,30.0,inf,99.98,99.98,99.98,99.98,0.0,0.0
7,bus_25,0.5,500.0,40.0,30.0,99.98,99.98,99.98,99.98,0.0,0.0
7,bus_25,0.5,500.0,40.0,40.0,99.98,99.98,99.98,99.98,0.0,0.0
7,bus_25,0.5,500.0,40.0,inf,99.98,99.98,99.98,99.98,0.0,0.0
7,bus_25,0.5,500.0,inf,30.0,99.98,99.98,99.98,99.98,0.0,0.0
7,bus_25,0.5,500.0,inf,40.0,99.98,99.98,99.98,99.98,0.0,0.0
7,bus_25,0.5,500.0,inf,inf,99.98,99.98,99.98,99.98,0.0,0.0
7,bus_25,0.5,1000.0,20.0,30.0,99.98,99.98,99.98,99.98,0.0,0.0
7,bus_25,0.5,1000.0,20.0,40.0,99.98,99.98,99.98,99.98,0.0,0.0
7,bus_25,0.5,1000.0,20.0,inf,99.98,99.98,99.98,99.98,0.0,0.0
7,bus_25,0.5,1000.0,30.0,30.0,99.98,99.98,99.98,99.98,0.0,0.0
7,bus_25,0.5,1000.0,30.0,40.0,99.98,99.98,99.98,99.98,0.0,0.0
7,bus_25,0.5,1000.0,30.0,inf,99.98,99.98,99.98,99.98,0.0,0.0
7,bus_25,0.5,1000.0,40.0,30.0,99.98,99.98,99.98,99.98,0.0,0.0
7,bus_25,0.5,1000.0,40.0,40.0,99.98,99.98,99.98,99.98,0.0,0.0
7,bus_25,0.5,1000.0,40.0,inf,99.98,99.98,99.98,99.98,0.0,0.0
7,bus_25,0.5,1000.0,inf,30.0,99.98,99.98,99.98,99.98,0.0,0.0
7,bus_25,0.5,1000.0,inf,40.0,99.98,99.98,99.98,99.98,0.0,0.0
7,bus_25,0.5,1000.0,inf,inf,99.98,99.98,99.98,99.98,0.0,0.0
7,bus_25,0.5,2000.0,20.0,30.0,99.98,99.98,99.98,99.98,0.0,0.0
7,bus_25,0.5,2000.0,20.0,40.0,99.98,99.98,99.98,99.98,0.0,0.0
7,bus_25,0.5,2000.0,20.0,inf,99.98,99.98,99.98,99.98,0.0,0.0
7,bus_25,0.5,2000.0,30.0,30.0,99.98,99.98,99.98,99.98,0.0,0.0
7,bus_25,0.5,2000.0,30.0,40.0,99.98,99.98,99.98,99.98,0.0,0.0
7,bus_25,0.5,2000.0,30.0,inf,99.98,99.98,99.98,99.98,0.0,0.0
7,bus_25,0.5,2000.0,40.0,30.0,99.98,99.98,99.98,99.98,0.0,0.0
7,bus_25,0.5,2000.0,40.0,40.0,99.98,99.98,99.98,99.98,0.0,0.0
7,bus_25,0.5,2000.0,40.0,inf,99.98,99.98,99.98,99.98,0.0,0.0
7,bus_25,0.5,2000.0,inf,30.0,99.98,99.98,99.98,99.98,0.0,0.0
7,bus_25,0.5,2000.0,inf,40.0,99.98,99.98,99.98,99.98,0.0,0.0
7,bus_25,0.5,2000.0,inf,inf,99.98,99.98,99.98,99.98,0.0,0.0
7,bus_25,0.5,5000.0,20.0,30.0,99.98,99.98,99.98,99.98,0.0,0.0
7,bus_25,0.5,5000.0,20.0,40.0,99.98,99.98,99.98,99.98,0.0,0.0
7,bus_25,0.5,5000.0,20.0,inf,99.98,99.98,99.98,99.98,0.0,0.0
7,bus_25,0.5,5000.0,30.0,30.0,99.98,99.98,99.98,99.98,0.0,0.0
7,bus_25,0.5,5000.0,30.0,40.0,99.98,99.98,99.98,99.98,0.0,0.0
7,bus_25,0.5,5000.0,30.0,inf,99.98,99.98,99.98,99.98,0.0,0.0
7,bus_25,0.5,5000.0,40.0,30.0,99.98,99.98,99.98,99.98,0.0,0.0
7,bus_25,0.5,5000.0,40.0,40.0,99.98,99.98,99.98,99.98,0.0,0.0
7,bus_25,0.5,5000.0,40.0,inf,99.98,99.98,99.98,99.98,0.0,0.0
7,bus_25,0.5,5000.0,inf,30.0,99.98,99.98,99.98,99.98,0.0,0.0
7,bus_25,0.5,5000.0,inf,40.0,99.98,99.98,99.98,99.98,0.0,0.0
7,bus_25,0.5,5000.0,inf,inf,99.98,99.98,99.98,99.98,0.0,0.0
8,bus_01,0.5,100.0,20.0,30.0,67.31573310235123,24.459361523678545,99.98,99.98,-42.856371578672686,0.0
8,bus_01,0.5,100.0,20.0,40.0,67.2439670660966,22.561497934479902,99.98,91.34130563143566,-44.6824691316167,-8.638694368564344
8,bus_01,0.5,100.0,20.0,inf,64.98236462374604,66.94887149596327,99.98,99.98,1.9665068722172379,0.0
8,bus_01,0.5,100.0,30.0,30.0,67.38658658813162,26.485283994630848,99.98,99.47872702260892,-40.90130259350077,-0.501272977391082
8,bus_01,0.5,100.0,30.0,40.0,63.25398753196595,65.10641086684237,99.98,96.78216209191828,1.8524233348764199,-3.1978379080817234
8,bus_01,0.5,100.0,30.0,inf,67.02304076648969,30.775007982827795,99.98,95.4571501876164,-36.24803278366189,-4.522849812383598
8,bus_01,0.5,100.0,40.0,30.0,63.39832144300603,28.676544025923555,99.98,75.38085703268254,-34.72177741708248,-24.599142967317462
8,bus_01,0.5,100.0,40.0,40.0,65.06902241835542,26.576200232868707,99.89461366783571,96.14272340788695,-38.49282218548671,-3.751890259948766
8,bus_01,0.5,100.0,40.0,inf,64.98444203171067,32.66769498500418,99.98,73.47064806716045,-32.31674704670649,-26.50935193283955
8,bus_01,0.5,100.0,inf,30.0,65.17546966484217,22.61860878237013,99.98,99.98,-42.55686088247204,0.0
8,bus_01,0.5,100.0,inf,40.0,63.377439367117084,57.10454063527182,99.79633705780337,99.98,-6.272898731845267,0.1836629421966336
8,bus_01,0.5,100.0,inf,inf,61.9075510491642,5.2160655916982375,99.98,57.76301541743821,-56.69148545746596,-42.21698458256179
8,bus_01,0.5,500.0,20.0,30.0,99.98,99.98,99.98,99.98,0.0,0.0
8,bus_01,0.5,500.0,20.0,40.0,99.98,99.98,99.98,99.98,0.0,0.0
8,bus_01,0.5,500.0,20.0,inf,99.98,99.98,99.98,99.98,0.0,0.0
8,bus_01,0.5,500.0,30.0,30.0,99.98,99.98,99.98,99.98,0.0,0.0
8,bus_01,0.5,500.0,30.0,40.0,99.98,99.98,99.98,99.98,0.0,0.0
8,bus_01,0.5,500.0,30.0,inf,99.98,99.98,99.98,99.98,0.0,0.0
8,bus_01,0.5,500.0,40.0,30.0,99.98,99.98,99.98,99.98,0.0,0.0
8,bus_01,0.5,500.0,40.0,40.0,99.98,99.98,99.98,99.98,0.0,0.0
8,bus_01,0.5,500.0,40.0,inf,99.98,99.98,99.98,99.98,0.0,0.0
8,bus_01,0.5,500.0,inf,30.0,99.98,99.98,99.98,99.98,0.0,0.0
8,bus_01,0.5,500.0,inf,40.0,99.98,99.98,99.98,99.98,0.0,0.0
8,bus_01,0.5,500.0,inf,inf,99.98,99.98,99.98,99.98,0.0,0.0
8,bus_01,0.5,1000.0,20.0,30.0,99.98,99.98,99.98,99.98,0.0,0.0
8,bus_01,0.5,1000.0,20.0,40.0,99.98,99.98,99.98,99.98,0.0,0.0
8,bus_01,0.5,1000.0,20.0,inf,99.98,99.98,99.98,99.98,0.0,0.0
8,bus_01,0.5,1000.0,30.0,30.0,99.98,99.98,99.98,99.98,0.0,0.0
8,bus_01,0.5,1000.0,30.0,40.0,99.98,99.98,99.98,99.98,0.0,0.0
8,bus_01,0.5,1000.0,30.0,inf,99.98,99.98,99.98,99.98,0.0,0.0
8,bus_01,0.5,1000.0,40.0,30.0,99.98,99.98,99.98,99.98,0.0,0.0
8,bus_01,0.5,1000.0,40.0,40.0,99.98,99.98,99.98,99.98,0.0,0.0
8,bus_01,0.5,1000.0,40.0,inf,99.98,99.98,99.98,99.98,0.0,0.0
8,bus_01,0.5,1000.0,inf,30.0,99.98,99.98,99.98,99.98,0.0,0.0
8,bus_01,0.5,1000.0,inf,40.0,99.98,99.98,99.98,99.98,0.0,0.0
8,bus_01,0.5,1000.0,inf,inf,99.98,99.98,99.98,99.98,0.0,0.0
8,bus_01,0.5,2000.0,20.0,30.0,99.98,99.98,99.98,99.98,0.0,0.0
8,bus_01,0.5,2000.0,20.0,40.0,99.98,99.98,99.98,99.98,0.0,0.0
8,bus_01,0.5,2000.0,20.0,inf,99.98,99.98,99.98,99.98,0.0,0.0
8,bus_01,0.5,2000.0,30.0,30.0,99.98,99.98,99.98,99.98,0.0,0.0
8,bus_01,0.5,2000.0,30.0,40.0,99.98,99.98,99.98,99.98,0.0,0.0
8,bus_01,0.5,2000.0,30.0,inf,99.98,99.98,99.98,99.98,0.0,0.0
8,bus_01,0.5,2000.0,40.0,30.0,99.98,99.98,99.98,99.98,0.0,0.0
8,bus_01,0.5,2000.0,40.0,40.0,99.98,99.98,99.98,99.98,0.0,0.0
8,bus_01,0.5,2000.0,40.0,inf,99.98,99.98,99.98,99.98,0.0,0.0
8,bus_01,0.5,2000.0,inf,30.0,99.98,99.98,99.98,99.98,0.0,0.0
8,bus_01,0.5,2000.0,inf,40.0,99.98,99.98,99.98,99.98,0.0,0.0
8,bus_01,0.5,2000.0,inf,inf,99.98,99.98,99.98,99.98,0.0,0.0
8,bus_01,0.5,5000.0,20.0,30.0,99.98,99.98,99.98,99.98,0.0,0.0
8,bus_01,0.5,5000.0,20.0,40.0,99.98,99.98,99.98,99.98,0.0,0.0
8,bus_01,0.5,5000.0,20.0,inf,99.98,99.98,99.98,99.98,0.0,0.0
8,bus_01,0.5,5000.0,30.0,30.0,99.98,99.98,99.98,99.98,0.0,0.0
8,bus_01,0.5,5000.0,30.0,40.0,99.98,99.98,99.98,99.98,0.0,0.0
8,bus_01,0.5,5000.0,30.0,inf,99.98,99.98,99.98,99.98,0.0,0.0
8,bus_01,0.5,5000.0,40.0,30.0,99.98,99.98,99.98,99.98,0.0,0.0
8,bus_01,0.5,5000.0,40.0,40.0,99.98,99.98,99.98,99.98,0.0,0.0
8,bus_01,0.5,5000.0,40.0,inf,99.98,99.98,99.98,99.98,0.0,0.0
8,bus_01,0.5,5000.0,inf,30.0,99.98,99.98,99.98,99.98,0.0,0.0
8,bus_01,0.5,5000.0,inf,40.0,99.98,99.98,99.98,99.98,0.0,0.0
8,bus_01,0.5,5000.0,inf,inf,99.98,99.98,99.98,99.98,0.0,0.0
8,bus_07,0.5,100.0,20.0,30.0,67.03460583476316,68.88109176617665,99.98,77.17948362595324,1.846485931413497,-22.800516374046765
8,bus_07,0.5,100.0,20.0,40.0,71.09567753818342,12.366839602345237,99.98,98.68638928175217,-58.728837935838186,-1.2936107182478338
8,bus_07,0.5,100.0,20.0,inf,57.018768404959374,63.0441445366525,99.98,99.98,6.025376131693129,0.0
8,bus_07,0.5,100.0,30.0,30.0,63.10802669209665,30.749293409907086,99.98,83.40682643875826,-32.35873328218956,-16.573173561241745
8,bus_07,0.5,100.0,30.0,40.0,65.06159972287486,62.888496436366005,99.94292028915636,99.98,-2.173103286508855,0.03707971084364203
8,bus_07,0.5,100.0,30.0,inf,64.97973218967795,54.98541902641516,99.98,99.98,-9.994313163262788,0.0
8,bus_07,0.5,100.0,40.0,30.0,65.05158034084263,22.653845186931143,99.98,99.98,-42.39773515391149,0.0
8,bus_07,0.5,100.0,40.0,40.0,65.00928353707151,30.875297062050322,99.83513633616252,91.54759735009887,-34.13398647502119,-8.287538986063652
8,bus_07,0.5,100.0,40.0,inf,65.14446662706158,60.84715026468652,99.98,61.063899092826965,-4.2973163623750565,-38.91610090717304
8,bus_07,0.5,100.0,inf,30.0,65.32304938005893,40.75899928600446,99.856381695299,99.98,-24.564050094054473,0.12361830470099733
8,bus_07,0.5,100.0,inf,40.0,63.23189329753337,24.486955243346763,99.98,67.20060592283723,-38.744938054186605,-32.77939407716278
8,bus_07,0.5,100.0,inf,inf,61.9075510491642,61.71208437039346,99.98,97.30722413309684,-0.1954666787707353,-2.672775866903166
8,bus_07,0.5,500.0,20.0,30.0,99.98,99.98,99.98,99.98,0.0,0.0
8,bus_07,0.5,500.0,20.0,40.0,99.98,99.98,99.98,99.98,0.0,0.0
8,bus_07,0.5,500.0,20.0,inf,99.98,99.98,99.98,99.98,0.0,0.0
8,bus_07,0.5,500.0,30.0,30.0,99.98,99.98,99.98,99.98,0.0,0.0
8,bus_07,0.5,500.0,30.0,40.0,99.98,99.98,99.98,99.98,0.0,0.0
8,bus_07,0.5,500.0,30.0,inf,99.98,99.98,99.98,99.98,0.0,0.0
8,bus_07,0.5,500.0,40.0,30.0,99.98,99.98,99.98,99.98,0.0,0.0
8,bus_07,0.5,500.0,40.0,40.0,99.98,99.98,99.98,99.98,0.0,0.0
8,bus_07,0.5,500.0,40.0,inf,99.98,99.98,99.98,99.98,0.0,0.0
8,bus_07,0.5,500.0,inf,30.0,99.98,99.98,99.98,99.98,0.0,0.0
8,bus_07,0.5,500.0,inf,40.0,99.98,99.98,99.98,99.98,0.0,0.0
8,bus_07,0.5,500.0,inf,inf,99.98,99.98,99.98,99.98,0.0,0.0
8,bus_07,0.5,1000.0,20.0,30.0,99.98,99.98,99.98,99.98,0.0,0.0
8,bus_07,0.5,1000.0,20.0,40.0,99.98,99.98,99.98,99.98,0.0,0.0
8,bus_07,0.5,1000.0,20.0,inf,99.98,99.98,99.98,99.98,0.0,0.0
8,bus_07,0.5,1000.0,30.0,30.0,99.98,99.98,99.98,99.98,0.0,0.0
8,bus_07,0.5,1000.0,30.0,40.0,99.98,99.98,99.98,99.98,0.0,0.0
8,bus_07,0.5,1000.0,30.0,inf,99.98,99.98,99.98,99.98,0.0,0.0
8,bus_07,0.5,1000.0,40.0,30.0,99.98,99.98,99.98,99.98,0.0,0.0
8,bus_07,0.5,1000.0,40.0,40.0,99.98,99.98,99.98,99.98,0.0,0.0
8,bus_07,0.5,1000.0,40.0,inf,99.98,99.98,99.98,99.98,0.0,0.0
8,bus_07,0.5,1000.0,inf,30.0,99.98,99.98,99.98,99.98,0.0,0.0
8,bus_07,0.5,1000.0,inf,40.0,99.98,99.98,99.98,99.98,0.0,0.0
8,bus_07,0.5,1000.0,inf,inf,99.98,99.98,99.98,99.98,0.0,0.0
8,bus_07,0.5,2000.0,20.0,30.0,99.98,99.98,99.98,99.98,0.0,0.0
8,bus_07,0.5,2000.0,20.0,40.0,99.98,99.98,99.98,99.98,0.0,0.0
8,bus_07,0.5,2000.0,20.0,inf,99.98,99.98,99.98,99.98,0.0,0.0
8,bus_07,0.5,2000.0,30.0,30.0,99.98,99.98,99.98,99.98,0.0,0.0
8,bus_07,0.5,2000.0,30.0,40.0,99.98,99.98,99.98,99.98,0.0,0.0
8,bus_07,0.5,2000.0,30.0,inf,99.98,99.98,99.98,99.98,0.0,0.0
8,bus_07,0.5,2000.0,40.0,30.0,99.98,99.98,99.98,99.98,0.0,0.0
8,bus_07,0.5,2000.0,40.0,40.0,99.98,99.98,99.98,99.98,0.0,0.0
8,bus_07,0.5,2000.0,40.0,inf,99.98,99.98,99.98,99.98,0.0,0.0
8,bus_07,0.5,2000.0,inf,30.0,99.98,99.98,99.98,99.98,0.0,0.0
8,bus_07,0.5,2000.0,inf,40.0,99.98,99.98,99.98,99.98,0.0,0.0
8,bus_07,0.5,2000.0,inf,inf,99.98,99.98,99.98,99.98,0.0,0.0
8,bus_07,0.5,5000.0,20.0,30.0,99.98,99.98,99.98,99.98,0.0,0.0
8,bus_07,0.5,5000.0,20.0,40.0,99.98,99.98,99.98,99.98,0.0,0.0
8,bus_07,0.5,5000.0,20.0,inf,99.98,99.98,99.98,99.98,0.0,0.0
8,bus_07,0.5,5000.0,30.0,30.0,99.98,99.98,99.98,99.98,0.0,0.0
8,bus_07,0.5,5000.0,30.0,40.0,99.98,99.98,99.98,99.98,0.0,0.0
8,bus_07,0.5,5000.0,30.0,inf,99.98,99.98,99.98,99.98,0.0,0.0
8,bus_07,0.5,5000.0,40.0,30.0,99.98,99.98,99.98,99.98,0.0,0.0
8,bus_07,0.5,5000.0,40.0,40.0,99.98,99.98,99.98,99.98,0.0,0.0
8,bus_07,0.5,5000.0,40.0,inf,99.98,99.98,99.98,99.98,0.0,0.0
8,bus_07,0.5,5000.0,inf,30.0,99.98,99.98,99.98,99.98,0.0,0.0
8,bus_07,0.5,5000.0,inf,40.0,99.98,99.98,99.98,99.98,0.0,0.0
8,bus_07,0.5,5000.0,inf,inf,99.98,99.98,99.98,99.98,0.0,0.0
8,bus_13,0.5,100.0,20.0,30.0,75.25019344405285,73.3620427858973,99.98,93.51030927435042,-1.8881506581555527,-6.469690725649585
8,bus_13,0.5,100.0,20.0,40.0,63.12195932350788,26.77127234422706,99.98,62.94948849338448,-36.35068697928082,-37.030511506615525
8,bus_13,0.5,100.0,20.0,inf,60.927072104349065,36.85539018626507,99.0299662635142,99.98,-24.071681918083996,0.9500337364858069
8,bus_13,0.5,100.0,30.0,30.0,67.04272037404981,34.89296256542366,99.75894729764804,99.93537175341713,-32.14975780862615,0.17642445576909438
8,bus_13,0.5,100.0,30.0,40.0,61.2877163423025,14.638335418335014,99.74500196355254,81.36236050306088,-46.649380923967485,-18.382641460491655
8,bus_13,0.5,100.0,30.0,inf,65.01378705241217,30.701788141205387,99.98,75.46431884284108,-34.311998911206786,-24.515681157158923
8,bus_13,0.5,100.0,40.0,30.0,65.30792576679207,28.53581643818809,79.07574374713586,79.33960701688511,-36.772109328603975,0.2638632697492511
8,bus_13,0.5,100.0,40.0,40.0,65.3293056988834,38.7365293784112,99.98,99.98,-26.592776320472204,0.0
8,bus_13,0.5,100.0,40.0,inf,65.01411280707711,44.669843214321645,99.93447102603437,95.36886004311027,-20.344269592755467,-4.565610982924099
8,bus_13,0.5,100.0,inf,30.0,65.34805024407024,67.19505418883888,99.69647705751868,99.98,1.8470039447686446,0.28352294248132637
8,bus_13,0.5,100.0,inf,40.0,65.34487391281887,18.526614566154787,99.98,77.1275982093046,-46.81825934666408,-22.85240179069541
8,bus_13,0.5,100.0,inf,inf,61.9075510491642,35.335360931353044,99.98,85.80678263240237,-26.572190117811154,-14.17321736759763
8,bus_13,0.5,500.0,20.0,30.0,99.98,99.98,99.98,99.98,0.0,0.0
8,bus_13,0.5,500.0,20.0,40.0,99.98,99.98,99.98,99.98,0.0,0.0
8,bus_13,0.5,500.0,20.0,inf,99.98,99.98,99.98,99.98,0.0,0.0
8,bus_13,0.5,500.0,30.0,30.0,99.98,99.98,99.98,99.98,0.0,0.0
8,bus_13,0.5,500.0,30.0,40.0,99.98,99.98,99.98,99.98,0.0,0.0
8,bus_13,0.5,500.0,30.0,inf,99.98,99.98,99.98,99.98,0.0,0.0
8,bus_13,0.5,500.0,40.0,30.0,99.98,99.98,99.98,99.98,0.0,0.0
8,bus_13,0.5,500.0,40.0,40.0,99.98,99.98,99.98,99.98,0.0,0.0
8,bus_13,0.5,500.0,40.0,inf,99.98,99.98,99.98,99.98,0.0,0.0
8,bus_13,0.5,500.0,inf,30.0,99.98,99.98,99.98,99.98,0.0,0.0
8,bus_13,0.5,500.0,inf,40.0,99.98,99.98,99.98,99.98,0.0,0.0
8,bus_13,0.5,500.0,inf,inf,99.98,99.98,99.98,99.98,0.0,0.0
8,bus_13,0.5,1000.0,20.0,30.0,99.98,99.98,99.98,99.98,0.0,0.0
8,bus_13,0.5,1000.0,20.0,40.0,99.98,99.98,99.98,99.98,0.0,0.0
8,bus_13,0.5,1000.0,20.0,inf,99.98,99.98,99.98,99.98,0.0,0.0
8,bus_13,0.5,1000.0,30.0,30.0,99.98,99.98,99.98,99.98,0.0,0.0
8,bus_13,0.5,1000.0,30.0,40.0,99.98,99.98,99.98,99.98,0.0,0.0
8,bus_13,0.5,1000.0,30.0,inf,99.98,99.98,99.98,99.98,0.0,0.0
8,bus_13,0.5,1000.0,40.0,30.0,99.98,99.98,99.98,99.98,0.0,0.0
8,bus_13,0.5,1000.0,40.0,40.0,99.98,99.98,99.98,99.98,0.0,0.0
8,bus_13,0.5,1000.0,40.0,inf,99.98,99.98,99.98,99.98,0.0,0.0
8,bus_13,0.5,1000.0,inf,30.0,99.98,99.98,99.98,99.98,0.0,0.0
8,bus_13,0.5,1000.0,inf,40.0,99.98,99.98,99.98,99.98,0.0,0.0
8,bus_13,0.5,1000.0,inf,inf,99.98,99.98,99.98,99.98,0.0,0.0
8,bus_13,0.5,2000.0,20.0,30.0,99.98,99.98,99.98,99.98,0.0,0.0
8,bus_13,0.5,2000.0,20.0,40.0,99.98,99.98,99.98,99.98,0.0,0.0
8,bus_13,0.5,2000.0,20.0,inf,99.98,99.98,99.98,99.98,0.0,0.0
8,bus_13,0.5,2000.0,30.0,30.0,99.98,99.98,99.98,99.98,0.0,0.0
8,bus_13,0.5,2000.0,30.0,40.0,99.98,99.98,99.98,99.98,0.0,0.0
8,bus_13,0.5,2000.0,30.0,inf,99.98,99.98,99.98,99.98,0.0,0.0
8,bus_13,0.5,2000.0,40.0,30.0,99.98,99.98,99.98,99.98,0.0,0.0
8,bus_13,0.5,2000.0,40.0,40.0,99.98,99.98,99.98,99.98,0.0,0.0
8,bus_13,0.5,2000.0,40.0,inf,99.98,99.98,99.98,99.98,0.0,0.0
8,bus_13,0.5,2000.0,inf,30.0,99.98,99.98,99.98,99.98,0.0,0.0
8,bus_13,0.5,2000.0,inf,40.0,99.98,99.98,99.98,99.98,0.0,0.0
8,bus_13,0.5,2000.0,inf,inf,99.98,99.98,99.98,99.98,0.0,0.0
8,bus_13,0.5,5000.0,20.0,30.0,99.98,99.98,99.98,99.98,0.0,0.0
8,bus_13,0.5,5000.0,20.0,40.0,99.98,99.98,99.98,99.98,0.0,0.0
8,bus_13,0.5,5000.0,20.0,inf,99.98,99.98,99.98,99.98,0.0,0.0
8,bus_13,0.5,5000.0,30.0,30.0,99.98,99.98,99.98,99.98,0.0,0.0
8,bus_13,0.5,5000.0,30.0,40.0,99.98,99.98,99.98,99.98,0.0,0.0
8,bus_13,0.5,5000.0,30.0,inf,99.98,99.98,99.98,99.98,0.0,0.0
8,bus_13,0.5,5000.0,40.0,30.0,99.98,99.98,99.98,99.98,0.0,0.0
8,bus_13,0.5,5000.0,40.0,40.0,99.98,99.98,99.98,99.98,0.0,0.0
8,bus_13,0.5,5000.0,40.0,inf,99.98,99.98,99.98,99.98,0.0,0.0
8,bus_13,0.5,5000.0,inf,30.0,99.98,99.98,99.98,99.98,0.0,0.0
8,bus_13,0.5,5000.0,inf,40.0,99.98,99.98,99.98,99.98,0.0,0.0
8,bus_13,0.5,5000.0,inf,inf,99.98,99.98,99.98,99.98,0.0,0.0
8,bus_19,0.5,100.0,20.0,30.0,67.2132610832066,36.61597017025622,99.98,99.98,-30.597290912950385,0.0
8,bus_19,0.5,100.0,20.0,40.0,65.31642202321576,91.35455278643562,99.98,99.98,26.038130763219854,0.0
8,bus_19,0.5,100.0,20.0,inf,69.2629626485325,32.71077919293721,99.8430230760067,99.32995218466125,-36.552183455595284,-0.5130708913454498
8,bus_19,0.5,100.0,30.0,30.0,61.399838821765364,38.57770020324773,99.98,99.98,-22.822138618517634,0.0
8,bus_19,0.5,100.0,30.0,40.0,65.26088830344858,28.57986053307323,99.98,95.85775541520123,-36.68102777037535,-4.1222445847987785
8,bus_19,0.5,100.0,30.0,inf,65.1341949042824,34.639628787304,99.98,99.98,-30.494566116978397,0.0
8,bus_19,0.5,100.0,40.0,30.0,63.29549893810764,18.624929084769594,99.98,96.40273918717327,-44.67056985333805,-3.5772608128267365
8,bus_19,0.5,100.0,40.0,40.0,63.25666783185162,65.00089055179346,99.98,99.98,1.7442227199418383,0.0
8,bus_19,0.5,100.0,40.0,inf,63.39795338761487,40.82523926659098,99.85763026048517,87.45791905433946,-22.572714121023893,-12.39971120614571
8,bus_19,0.5,100.0,inf,30.0,65.06970332632119,36.76015750778203,99.98,95.54559147637566,-28.309545818539156,-4.434408523624342
8,bus_19,0.5,100.0,inf,40.0,65.27984933797897,14.316181736963907,99.98,99.86859051237383,-50.96366760101507,-0.11140948762617597
8,bus_19,0.5,100.0,inf,inf,61.9075510491642,72.06947745414776,99.98,99.74386871414156,10.16192640498356,-0.23613128585844834
8,bus_19,0.5,500.0,20.0,30.0,99.98,99.98,99.98,99.98,0.0,0.0
8,bus_19,0.5,500.0,20.0,40.0,99.98,99.98,99.98,99.98,0.0,0.0
8,bus_19,0.5,500.0,20.0,inf,99.98,99.98,99.98,99.98,0.0,0.0
8,bus_19,0.5,500.0,30.0,30.0,99.98,99.98,99.98,99.98,0.0,0.0
8,bus_19,0.5,500.0,30.0,40.0,99.98,99.98,99.98,99.98,0.0,0.0
8,bus_19,0.5,500.0,30.0,inf,99.98,99.98,99.98,99.98,0.0,0.0
8,bus_19,0.5,500.0,40.0,30.0,99.98,99.98,99.98,99.98,0.0,0.0
8,bus_19,0.5,500.0,40.0,40.0,99.98,99.98,99.98,99.98,0.0,0.0
8,bus_19,0.5,500.0,40.0,inf,99.98,99.98,99.98,99.98,0.0,0.0
8,bus_19,0.5,500.0,inf,30.0,99.98,99.98,99.98,99.98,0.0,0.0
8,bus_19,0.5,500.0,inf,40.0,99.98,99.98,99.98,99.98,0.0,0.0
8,bus_19,0.5,500.0,inf,inf,99.98,99.98,99.98,99.98,0.0,0.0
8,bus_19,0.5,1000.0,20.0,30.0,99.98,99.98,99.98,99.98,0.0,0.0
8,bus_19,0.5,1000.0,20.0,40.0,99.98,99.98,99.98,99.98,0.0,0.0
8,bus_19,0.5,1000.0,20.0,inf,99.98,99.98,99.98,99.98,0.0,0.0
8,bus_19,0.5,1000.0,30.0,30.0,99.98,99.98,99.98,99.98,0.0,0.0
8,bus_19,0.5,1000.0,30.0,40.0,99.98,99.98,99.98,99.98,0.0,0.0
8,bus_19,0.5,1000.0,30.0,inf,99.98,99.98,99.98,99.98,0.0,0.0
8,bus_19,0.5,1000.0,40.0,30.0,99.98,99.98,99.98,99.98,0.0,0.0
8,bus_19,0.5,1000.0,40.0,40.0,99.98,99.98,99.98,99.98,0.0,0.0
8,bus_19,0.5,1000.0,40.0,inf,99.98,99.98,99.98,99.98,0.0,0.0
8,bus_19,0.5,1000.0,inf,30.0,99.98,99.98,99.98,99.98,0.0,0.0
8,bus_19,0.5,1000.0,inf,40.0,99.98,99.98,99.98,99.98,0.0,0.0
8,bus_19,0.5,1000.0,inf,inf,99.98,99.98,99.98,99.98,0.0,0.0
8,bus_19,0.5,2000.0,20.0,30.0,99.98,99.98,99.98,99.98,0.0,0.0
8,bus_19,0.5,2000.0,20.0,40.0,99.98,99.98,99.98,99.98,0.0,0.0
8,bus_19,0.5,2000.0,20.0,inf,99.98,99.98,99.98,99.98,0.0,0.0
8,bus_19,0.5,2000.0,30.0,30.0,99.98,99.98,99.98,99.98,0.0,0.0
8,bus_19,0.5,2000.0,30.0,40.0,99.98,99.98,99.98,99.98,0.0,0.0
8,bus_19,0.5,2000.0,30.0,inf,99.98,99.98,99.98,99.98,0.0,0.0
8,bus_19,0.5,2000.0,40.0,30.0,99.98,99.98,99.98,99.98,0.0,0.0
8,bus_19,0.5,2000.0,40.0,40.0,99.98,99.98,99.98,99.98,0.0,0.0
8,bus_19,0.5,2000.0,40.0,inf,99.98,99.98,99.98,99.98,0.0,0.0
8,bus_19,0.5,2000.0,inf,30.0,99.98,99.98,99.98,99.98,0.0,0.0
8,bus_19,0.5,2000.0,inf,40.0,99.98,99.98,99.98,99.98,0.0,0.0
8,bus_19,0.5,2000.0,inf,inf,99.98,99.98,99.98,99.98,0.0,0.0
8,bus_19,0.5,5000.0,20.0,30.0,99.98,99.98,99.98,99.98,0.0,0.0
8,bus_19,0.5,5000.0,20.0,40.0,99.98,99.98,99.98,99.98,0.0,0.0
8,bus_19,0.5,5000.0,20.0,inf,99.98,99.98,99.98,99.98,0.0,0.0
8,bus_19,0.5,5000.0,30.0,30.0,99.98,99.98,99.98,99.98,0.0,0.0
8,bus_19,0.5,5000.0,30.0,40.0,99.98,99.98,99.98,99.98,0.0,0.0
8,bus_19,0.5,5000.0,30.0,inf,99.98,99.98,99.98,99.98,0.0,0.0
8,bus_19,0.5,5000.0,40.0,30.0,99.98,99.98,99.98,99.98,0.0,0.0
8,bus_19,0.5,5000.0,40.0,40.0,99.98,99.98,99.98,99.98,0.0,0.0
8,bus_19,0.5,5000.0,40.0,inf,99.98,99.98,99.98,99.98,0.0,0.0
8,bus_19,0.5,5000.0,inf,30.0,99.98,99.98,99.98,99.98,0.0,0.0
8,bus_19,0.5,5000.0,inf,40.0,99.98,99.98,99.98,99.98,0.0,0.0
8,bus_19,0.5,5000.0,inf,inf,99.98,99.98,99.98,99.98,0.0,0.0
8,bus_25,0.5,100.0,20.0,30.0,61.12520509442385,18.494895750947794,99.98,91.67802589565883,-42.63030934347606,-8.30197410434117
8,bus_25,0.5,100.0,20.0,40.0,67.29675755476462,30.73761133396673,99.98,99.3971620303491,-36.5591462207979,-0.5828379696509103
8,bus_25,0.5,100.0,20.0,inf,69.25333947868909,44.862931752394054,99.98,99.98,-24.39040772629503,0.0
8,bus_25,0.5,100.0,30.0,30.0,63.11022750642065,62.933804387142935,99.98,99.98,-0.1764231192777146,0.0
8,bus_25,0.5,100.0,30.0,40.0,65.1938526723579,28.49349983201407,99.98,98.84338183443336,-36.70035284034384,-1.1366181655666452
8,bus_25,0.5,100.0,30.0,inf,65.17085327693093,40.79061217393687,99.98,99.98,-24.380241102994056,0.0
8,bus_25,0.5,100.0,40.0,30.0,61.415347192326195,36.833682725494874,99.98,99.98,-24.58166446683132,0.0
8,bus_25,0.5,100.0,40.0,40.0,65.19610974646962,28.73435556748378,99.88444866353713,99.98,-36.461754178985835,0.09555133646287572
8,bus_25,0.5,100.0,40.0,inf,65.10663073761377,26.634914709323432,99.98,61.15725056019827,-38.47171602829034,-38.82274943980173
8,bus_25,0.5,100.0,inf,30.0,64.97574162714712,61.18873974461461,99.98,99.98,-3.7870018825325076,0.0
8,bus_25,0.5,100.0,inf,40.0,63.29657354874454,75.12123845495024,99.81288596878356,95.87404700928543,11.824664906205705,-3.9388389594981277
8,bus_25,0.5,100.0,inf,inf,61.9075510491642,53.614039991186694,99.98,99.98,-8.293511057977504,0.0
8,bus_25,0.5,500.0,20.0,30.0,99.98,99.98,99.98,99.98,0.0,0.0
8,bus_25,0.5,500.0,20.0,40.0,99.98,99.98,99.98,99.98,0.0,0.0
8,bus_25,0.5,500.0,20.0,inf,99.98,99.98,99.98,99.98,0.0,0.0
8,bus_25,0.5,500.0,30.0,30.0,99.98,99.98,99.98,99.98,0.0,0.0
8,bus_25,0.5,500.0,30.0,40.0,99.98,99.98,99.98,99.98,0.0,0.0
8,bus_25,0.5,500.0,30.0,inf,99.98,99.98,99.98,99.98,0.0,0.0
8,bus_25,0.5,500.0,40.0,30.0,99.98,99.98,99.98,99.98,0.0,0.0
8,bus_25,0.5,500.0,40.0,40.0,99.98,99.98,99.98,99.98,0.0,0.0
8,bus_25,0.5,500.0,40.0,inf,99.98,99.98,99.98,99.98,0.0,0.0
8,bus_25,0.5,500.0,inf,30.0,99.98,99.98,99.98,99.98,0.0,0.0
8,bus_25,0.5,500.0,inf,40.0,99.98,99.98,99.98,99.98,0.0,0.0
8,bus_25,0.5,500.0,inf,inf,99.98,99.98,99.98,99.98,0.0,0.0
8,bus_25,0.5,1000.0,20.0,30.0,99.98,99.98,99.98,99.98,0.0,0.0
8,bus_25,0.5,1000.0,20.0,40.0,99.98,99.98,99.98,99.98,0.0,0.0
8,bus_25,0.5,1000.0,20.0,inf,99.98,99.98,99.98,99.98,0.0,0.0
8,bus_25,0.5,1000.0,30.0,30.0,99.98,99.98,99.98,99.98,0.0,0.0
8,bus_25,0.5,1000.0,30.0,40.0,99.98,99.98,99.98,99.98,0.0,0.0
8,bus_25,0.5,1000.0,30.0,inf,99.98,99.98,99.98,99.98,0.0,0.0
8,bus_25,0.5,1000.0,40.0,30.0,99.98,99.98,99.98,99.98,0.0,0.0
8,bus_25,0.5,1000.0,40.0,40.0,99.98,99.98,99.98,99.98,0.0,0.0
8,bus_25,0.5,1000.0,40.0,inf,99.98,99.98,99.98,99.98,0.0,0.0
8,bus_25,0.5,1000.0,inf,30.0,99.98,99.98,99.98,99.98,0.0,0.0
8,bus_25,0.5,1000.0,inf,40.0,99.98,99.98,99.98,99.98,0.0,0.0
8,bus_25,0.5,1000.0,inf,inf,99.98,99.98,99.98,99.98,0.0,0.0
8,bus_25,0.5,2000.0,20.0,30.0,99.98,99.98,99.98,99.98,0.0,0.0
8,bus_25,0.5,2000.0,20.0,40.0,99.98,99.98,99.98,99.98,0.0,0.0
8,bus_25,0.5,2000.0,20.0,inf,99.98,99.98,99.98,99.98,0.0,0.0
8,bus_25,0.5,2000.0,30.0,30.0,99.98,99.98,99.98,99.98,0.0,0.0
8,bus_25,0.5,2000.0,30.0,40.0,99.98,99.98,99.98,99.98,0.0,0.0
8,bus_25,0.5,2000.0,30.0,inf,99.98,99.98,99.98,99.98,0.0,0.0
8,bus_25,0.5,2000.0,40.0,30.0,99.98,99.98,99.98,99.98,0.0,0.0
8,bus_25,0.5,2000.0,40.0,40.0,99.98,99.98,99.98,99.98,0.0,0.0
8,bus_25,0.5,2000.0,40.0,inf,99.98,99.98,99.98,99.98,0.0,0.0
8,bus_25,0.5,2000.0,inf,30.0,99.98,99.98,99.98,99.98,0.0,0.0
8,bus_25,0.5,2000.0,inf,40.0,99.98,99.98,99.98,99.98,0.0,0.0
8,bus_25,0.5,2000.0,inf,inf,99.98,99.98,99.98,99.98,0.0,0.0
8,bus_25,0.5,5000.0,20.0,30.0,99.98,99.98,99.98,99.98,0.0,0.0
8,bus_25,0.5,5000.0,20.0,40.0,99.98,99.98,99.98,99.98,0.0,0.0
8,bus_25,0.5,5000.0,20.0,inf,99.98,99.98,99.98,99.98,0.0,0.0
8,bus_25,0.5,5000.0,30.0,30.0,99.98,99.98,99.98,99.98,0.0,0.0
8,bus_25,0.5,5000.0,30.0,40.0,99.98,99.98,99.98,99.98,0.0,0.0
8,bus_25,0.5,5000.0,30.0,inf,99.98,99.98,99.98,99.98,0.0,0.0
8,bus_25,0.5,5000.0,40.0,30.0,99.98,99.98,99.98,99.98,0.0,0.0
8,bus_25,0.5,5000.0,40.0,40.0,99.98,99.98,99.98,99.98,0.0,0.0
8,bus_25,0.5,5000.0,40.0,inf,99.98,99.98,99.98,99.98,0.0,0.0
8,bus_25,0.5,5000.0,inf,30.0,99.98,99.98,99.98,99.98,0.0,0.0
8,bus_25,0.5,5000.0,inf,40.0,99.98,99.98,99.98,99.98,0.0,0.0
8,bus_25,0.5,5000.0,inf,inf,99.98,99.98,99.98,99.98,0.0,0.0
9,bus_01,0.5,100.0,20.0,30.0,63.25647885891752,61.035220429289694,99.98,60.96645397579499,-2.2212584296278237,-39.01354602420501
9,bus_01,0.5,100.0,20.0,40.0,63.392146360298206,22.60691172338436,99.98,93.67025708685512,-40.78523463691384,-6.309742913144888
9,bus_01,0.5,100.0,20.0,inf,65.08545555218824,42.68693932824785,99.98,99.86883241438512,-22.398516223940383,-0.11116758561487927
9,bus_01,0.5,100.0,30.0,30.0,67.17452419598864,30.69295853418731,99.98,81.41879893654647,-36.481565661801326,-18.561201063453538
9,bus_01,0.5,100.0,30.0,40.0,67.15565545110935,44.95233268335905,99.98,99.98,-22.2033227677503,0.0
9,bus_01,0.5,100.0,30.0,inf,63.370305348929826,65.09668823001836,99.98,99.98,1.7263828810885329,0.0
9,bus_01,0.5,100.0,40.0,30.0,63.302732340082144,30.666461414174663,99.98,91.65484396300788,-32.63627092590748,-8.325156036992126
9,bus_01,0.5,100.0,40.0,40.0,63.34544781854425,20.639492160944826,99.98,81.30890431411088,-42.705955657599425,-18.671095685889128
9,bus_01,0.5,100.0,40.0,inf,65.05795059706949,46.939736254587864,99.98,99.98,-18.11821434248163,0.0
9,bus_01,0.5,100.0,inf,30.0,65.02068886864515,30.555957958465797,99.98,95.28575589095198,-34.464730910179355,-4.694244109048029
9,bus_01,0.5,100.0,inf,40.0,63.26091352302969,16.54377038704473,99.93136114392475,77.25306366909702,-46.71714313598496,-22.67829747482773
9,bus_01,0.5,100.0,inf,inf,61.9075510491642,71.99784637066654,99.98,99.94625466997131,10.090295321502339,-0.03374533002869384
9,bus_01,0.5,500.0,20.0,30.0,99.98,99.98,99.98,99.98,0.0,0.0
9,bus_01,0.5,500.0,20.0,40.0,99.98,99.98,99.98,99.98,0.0,0.0
9,bus_01,0.5,500.0,20.0,inf,99.98,99.98,99.98,99.98,0.0,0.0
9,bus_01,0.5,500.0,30.0,30.0,99.98,99.98,99.98,99.98,0.0,0.0
9,bus_01,0.5,500.0,30.0,40.0,99.98,99.98,99.98,99.98,0.0,0.0
9,bus_01,0.5,500.0,30.0,inf,99.98,99.98,99.98,99.98,0.0,0.0
9,bus_01,0.5,500.0,40.0,30.0,99.98,99.98,99.98,99.98,0.0,0.0
9,bus_01,0.5,500.0,40.0,40.0,99.98,99.98,99.98,99.98,0.0,0.0
9,bus_01,0.5,500.0,40.0,inf,99.98,99.98,99.98,99.98,0.0,0.0
9,bus_01,0.5,500.0,inf,30.0,99.98,99.98,99.98,99.98,0.0,0.0
9,bus_01,0.5,500.0,inf,40.0,99.98,99.98,99.98,99.98,0.0,0.0
9,bus_01,0.5,500.0,inf,inf,99.98,99.98,99.98,99.98,0.0,0.0
9,bus_01,0.5,1000.0,20.0,30.0,99.98,99.98,99.98,99.98,0.0,0.0
9,bus_01,0.5,1000.0,20.0,40.0,99.98,99.98,99.98,99.98,0.0,0.0
9,bus_01,0.5,1000.0,20.0,inf,99.98,99.98,99.98,99.98,0.0,0.0
9,bus_01,0.5,1000.0,30.0,30.0,99.98,99.98,99.98,99.98,0.0,0.0
9,bus_01,0.5,1000.0,30.0,40.0,99.98,99.98,99.98,99.98,0.0,0.0
9,bus_01,0.5,1000.0,30.0,inf,99.98,99.98,99.98,99.98,0.0,0.0
9,bus_01,0.5,1000.0,40.0,30.0,99.98,99.98,99.98,99.98,0.0,0.0
9,bus_01,0.5,1000.0,40.0,40.0,99.98,99.98,99.98,99.98,0.0,0.0
9,bus_01,0.5,1000.0,40.0,inf,99.98,99.98,99.98,99.98,0.0,0.0
9,bus_01,0.5,1000.0,inf,30.0,99.98,99.98,99.98,99.98,0.0,0.0
9,bus_01,0.5,1000.0,inf,40.0,99.98,99.98,99.98,99.98,0.0,0.0
9,bus_01,0.5,1000.0,inf,inf,99.98,99.98,99.98,99.98,0.0,0.0
9,bus_01,0.5,2000.0,20.0,30.0,99.98,99.98,99.98,99.98,0.0,0.0
9,bus_01,0.5,2000.0,20.0,40.0,99.98,99.98,99.98,99.98,0.0,0.0
9,bus_01,0.5,2000.0,20.0,inf,99.98,99.98,99.98,99.98,0.0,0.0
9,bus_01,0.5,2000.0,30.0,30.0,99.98,99.98,99.98,99.98,0.0,0.0
9,bus_01,0.5,2000.0,30.0,40.0,99.98,99.98,99.98,99.98,0.0,0.0
9,bus_01,0.5,2000.0,30.0,inf,99.98,99.98,99.98,99.98,0.0,0.0
9,bus_01,0.5,2000.0,40.0,30.0,99.98,99.98,99.98,99.98,0.0,0.0
9,bus_01,0.5,2000.0,40.0,40.0,99.98,99.98,99.98,99.98,0.0,0.0
9,bus_01,0.5,2000.0,40.0,inf,99.98,99.98,99.98,99.98,0.0,0.0
9,bus_01,0.5,2000.0,inf,30.0,99.98,99.98,99.98,99.98,0.0,0.0
9,bus_01,0.5,2000.0,inf,40.0,99.98,99.98,99.98,99.98,0.0,0.0
9,bus_01,0.5,2000.0,inf,inf,99.98,99.98,99.98,99.98,0.0,0.0
9,bus_01,0.5,5000.0,20.0,30.0,99.98,99.98,99.98,99.98,0.0,0.0
9,bus_01,0.5,5000.0,20.0,40.0,99.98,99.98,99.98,99.98,0.0,0.0
9,bus_01,0.5,5000.0,20.0,inf,99.98,99.98,99.98,99.98,0.0,0.0
9,bus_01,0.5,5000.0,30.0,30.0,99.98,99.98,99.98,99.98,0.0,0.0
9,bus_01,0.5,5000.0,30.0,40.0,99.98,99.98,99.98,99.98,0.0,0.0
9,bus_01,0.5,5000.0,30.0,inf,99.98,99.98,99.98,99.98,0.0,0.0
9,bus_01,0.5,5000.0,40.0,30.0,99.98,99.98,99.98,99.98,0.0,0.0
9,bus_01,0.5,5000.0,40.0,40.0,99.98,99.98,99.98,99.98,0.0,0.0
9,bus_01,0.5,5000.0,40.0,inf,99.98,99.98,99.98,99.98,0.0,0.0
9,bus_01,0.5,5000.0,inf,30.0,99.98,99.98,99.98,99.98,0.0,0.0
9,bus_01,0.5,5000.0,inf,40.0,99.98,99.98,99.98,99.98,0.0,0.0
9,bus_01,0.5,5000.0,inf,inf,99.98,99.98,99.98,99.98,0.0,0.0
9,bus_07,0.5,100.0,20.0,30.0,69.18790342264683,69.14993097719126,99.98,99.05995436258839,-0.03797244545556566,-0.9200456374116186
9,bus_07,0.5,100.0,20.0,40.0,63.3138630391701,54.8140583384513,99.98,99.98,-8.499804700718805,0.0
9,bus_07,0.5,100.0,20.0,inf,63.11155504216694,67.06686361120428,99.98,99.98,3.955308569037342,0.0
9,bus_07,0.5,100.0,30.0,30.0,69.02445114647708,34.75364370203378,99.98,79.26116676251962,-34.2708074444433,-20.718833237480382
9,bus_07,0.5,100.0,30.0,40.0,62.97600364046644,42.683222580250245,99.98,99.98,-20.292781060216193,0.0
9,bus_07,0.5,100.0,30.0,inf,65.02640194468609,18.42482104338149,99.88665617117982,99.98,-46.6015809013046,0.09334382882018133
9,bus_07,0.5,100.0,40.0,30.0,63.10661264480626,14.477943642147483,99.9530103393598,55.198820222142395,-48.62866900265878,-44.75419011721741
9,bus_07,0.5,100.0,40.0,40.0,63.25796643933368,24.442081046979645,99.98,75.37160869682141,-38.81588539235403,-24.608391303178593
9,bus_07,0.5,100.0,40.0,inf,65.16705044343101,61.25291977522718,99.92489729453348,98.80806562066026,-3.914130668203832,-1.1168316738732216
9,bus_07,0.5,100.0,inf,30.0,63.13690659307769,60.98067953408967,99.98,99.98,-2.156227058988023,0.0
9,bus_07,0.5,100.0,inf,40.0,63.373704955994235,18.602981574038324,99.75203216383458,63.31888539968167,-44.77072338195591,-36.433146764152916
9,bus_07,0.5,100.0,inf,inf,61.9075510491642,66.024317878794,99.98,97.32574889025136,4.116766829629796,-2.6542511097486425
9,bus_07,0.5,500.0,20.0,30.0,99.98,99.98,99.98,99.98,0.0,0.0
9,bus_07,0.5,500.0,20.0,40.0,99.98,99.98,99.98,99.98,0.0,0.0
9,bus_07,0.5,500.0,20.0,inf,99.98,99.98,99.98,99.98,0.0,0.0
9,bus_07,0.5,500.0,30.0,30.0,99.98,99.98,99.98,99.98,0.0,0.0
9,bus_07,0.5,500.0,30.0,40.0,99.98,99.98,99.98,99.98,0.0,0.0
9,bus_07,0.5,500.0,30.0,inf,99.98,99.98,99.98,99.98,0.0,0.0
9,bus_07,0.5,500.0,40.0,30.0,99.98,99.98,99.98,99.98,0.0,0.0
9,bus_07,0.5,500.0,40.0,40.0,99.98,99.98,99.98,99.98,0.0,0.0
9,bus_07,0.5,500.0,40.0,inf,99.98,99.98,99.98,99.98,0.0,0.0
9,bus_07,0.5,500.0,inf,30.0,99.98,99.98,99.98,99.98,0.0,0.0
9,bus_07,0.5,500.0,inf,40.0,99.98,99.98,99.98,99.98,0.0,0.0
9,bus_07,0.5,500.0,inf,inf,99.98,99.98,99.98,99.98,0.0,0.0
9,bus_07,0.5,1000.0,20.0,30.0,99.98,99.98,99.98,99.98,0.0,0.0
9,bus_07,0.5,1000.0,20.0,40.0,99.98,99.98,99.98,99.98,0.0,0.0
9,bus_07,0.5,1000.0,20.0,inf,99.98,99.98,99.98,99.98,0.0,0.0
9,bus_07,0.5,1000.0,30.0,30.0,99.98,99.98,99.98,99.98,0.0,0.0
9,bus_07,0.5,1000.0,30.0,40.0,99.98,99.98,99.98,99.98,0.0,0.0
9,bus_07,0.5,1000.0,30.0,inf,99.98,99.98,99.98,99.98,0.0,0.0
9,bus_07,0.5,1000.0,40.0,30.0,99.98,99.98,99.98,99.98,0.0,0.0
9,bus_07,0.5,1000.0,40.0,40.0,99.98,99.98,99.98,99.98,0.0,0.0
9,bus_07,0.5,1000.0,40.0,inf,99.98,99.98,99.98,99.98,0.0,0.0
9,bus_07,0.5,1000.0,inf,30.0,99.98,99.98,99.98,99.98,0.0,0.0
9,bus_07,0.5,1000.0,inf,40.0,99.98,99.98,99.98,99.98,0.0,0.0
9,bus_07,0.5,1000.0,inf,inf,99.98,99.98,99.98,99.98,0.0,0.0
9,bus_07,0.5,2000.0,20.0,30.0,99.98,99.98,99.98,99.98,0.0,0.0
9,bus_07,0.5,2000.0,20.0,40.0,99.98,99.98,99.98,99.98,0.0,0.0
9,bus_07,0.5,2000.0,20.0,inf,99.98,99.98,99.98,99.98,0.0,0.0
9,bus_07,0.5,2000.0,30.0,30.0,99.98,99.98,99.98,99.98,0.0,0.0
9,bus_07,0.5,2000.0,30.0,40.0,99.98,99.98,99.98,99.98,0.0,0.0
9,bus_07,0.5,2000.0,30.0,inf,99.98,99.98,99.98,99.98,0.0,0.0
9,bus_07,0.5,2000.0,40.0,30.0,99.98,99.98,99.98,99.98,0.0,0.0
9,bus_07,0.5,2000.0,40.0,40.0,99.98,99.98,99.98,99.98,0.0,0.0
9,bus_07,0.5,2000.0,40.0,inf,99.98,99.98,99.98,99.98,0.0,0.0
9,bus_07,0.5,2000.0,inf,30.0,99.98,99.98,99.98,99.98,0.0,0.0
9,bus_07,0.5,2000.0,inf,40.0,99.98,99.98,99.98,99.98,0.0,0.0
9,bus_07,0.5,2000.0,inf,inf,99.98,99.98,99.98,99.98,0.0,0.0
9,bus_07,0.5,5000.0,20.0,30.0,99.98,99.98,99.98,99.98,0.0,0.0
9,bus_07,0.5,5000.0,20.0,40.0,99.98,99.98,99.98,99.98,0.0,0.0
9,bus_07,0.5,5000.0,20.0,inf,99.98,99.98,99.98,99.98,0.0,0.0
9,bus_07,0.5,5000.0,30.0,30.0,99.98,99.98,99.98,99.98,0.0,0.0
9,bus_07,0.5,5000.0,30.0,40.0,99.98,99.98,99.98,99.98,0.0,0.0
9,bus_07,0.5,5000.0,30.0,inf,99.98,99.98,99.98,99.98,0.0,0.0
9,bus_07,0.5,5000.0,40.0,30.0,99.98,99.98,99.98,99.98,0.0,0.0
9,bus_07,0.5,5000.0,40.0,40.0,99.98,99.98,99.98,99.98,0.0,0.0
9,bus_07,0.5,5000.0,40.0,inf,99.98,99.98,99.98,99.98,0.0,0.0
9,bus_07,0.5,5000.0,inf,30.0,99.98,99.98,99.98,99.98,0.0,0.0
9,bus_07,0.5,5000.0,inf,40.0,99.98,99.98,99.98,99.98,0.0,0.0
9,bus_07,0.5,5000.0,inf,inf,99.98,99.98,99.98,99.98,0.0,0.0
9,bus_13,0.5,100.0,20.0,30.0,63.31654965537774,38.7641002783559,99.03554900474762,65.18251231192966,-24.552449377021844,-33.853036692817966
9,bus_13,0.5,100.0,20.0,40.0,71.2268765615046,50.99960617960766,99.98,99.98,-20.227270381896936,0.0
9,bus_13,0.5,100.0,20.0,inf,67.41391268922648,24.371862345391605,99.98,71.0828993809672,-43.04205034383487,-28.8971006190328
9,bus_13,0.5,100.0,30.0,30.0,65.3672532507839,38.773454717862,99.98,99.98,-26.5937985329219,0.0
9,bus_13,0.5,100.0,30.0,40.0,67.08535052440975,34.51879327981837,99.98,81.18859846945473,-32.56655724459138,-18.791401530545272
9,bus_13,0.5,100.0,30.0,inf,63.23879482960288,69.14456146224184,99.98,99.02379112271117,5.905766632638958,-0.9562088772888302
9,bus_13,0.5,100.0,40.0,30.0,65.38988502210339,38.85070668038024,99.98,99.98,-26.539178341723144,0.0
9,bus_13,0.5,100.0,40.0,40.0,65.079781440331,26.69818699768981,99.98,91.56301241702067,-38.381594442641195,-8.416987582979331
9,bus_13,0.5,100.0,40.0,inf,65.07450502253536,30.569707828459535,99.98,67.26266545085731,-34.50479719407583,-32.71733454914269
9,bus_13,0.5,100.0,inf,30.0,65.01680125728062,20.666906617910286,99.98,61.010344851735255,-44.34989463937033,-38.96965514826475
9,bus_13,0.5,100.0,inf,40.0,65.00275594786474,14.370150688015137,99.83732056855011,69.17772603048984,-50.632605259849605,-30.659594538060276
9,bus_13,0.5,100.0,inf,inf,61.9075510491642,55.508920227614276,99.98,99.98,-6.398630821549922,0.0
9,bus_13,0.5,500.0,20.0,30.0,99.98,99.98,99.98,99.98,0.0,0.0
9,bus_13,0.5,500.0,20.0,40.0,99.98,99.98,99.98,99.98,0.0,0.0
9,bus_13,0.5,500.0,20.0,inf,99.98,99.98,99.98,99.98,0.0,0.0
9,bus_13,0.5,500.0,30.0,30.0,99.98,99.98,99.98,99.98,0.0,0.0
9,bus_13,0.5,500.0,30.0,40.0,99.98,99.98,99.98,99.98,0.0,0.0
9,bus_13,0.5,500.0,30.0,inf,99.98,99.98,99.98,99.98,0.0,0.0
9,bus_13,0.5,500.0,40.0,30.0,99.98,99.98,99.98,99.98,0.0,0.0
9,bus_13,0.5,500.0,40.0,40.0,99.98,99.98,99.98,99.98,0.0,0.0
9,bus_13,0.5,500.0,40.0,inf,99.98,99.98,99.98,99.98,0.0,0.0
9,bus_13,0.5,500.0,inf,30.0,99.98,99.98,99.98,99.98,0.0,0.0
9,bus_13,0.5,500.0,inf,40.0,99.98,99.98,99.98,99.98,0.0,0.0
9,bus_13,0.5,500.0,inf,inf,99.98,99.98,99.98,99.98,0.0,0.0
9,bus_13,0.5,1000.0,20.0,30.0,99.98,99.98,99.98,99.98,0.0,0.0
9,bus_13,0.5,1000.0,20.0,40.0,99.98,99.98,99.98,99.98,0.0,0.0
9,bus_13,0.5,1000.0,20.0,inf,99.98,99.98,99.98,99.98,0.0,0.0
9,bus_13,0.5,1000.0,30.0,30.0,99.98,99.98,99.98,99.98,0.0,0.0
9,bus_13,0.5,1000.0,30.0,40.0,99.98,99.98,99.98,99.98,0.0,0.0
9,bus_13,0.5,1000.0,30.0,inf,99.98,99.98,99.98,99.98,0.0,0.0
9,bus_13,0.5,1000.0,40.0,30.0,99.98,99.98,99.98,99.98,0.0,0.0
9,bus_13,0.5,1000.0,40.0,40.0,99.98,99.98,99.98,99.98,0.0,0.0
9,bus_13,0.5,1000.0,40.0,inf,99.98,99.98,99.98,99.98,0.0,0.0
9,bus_13,0.5,1000.0,inf,30.0,99.98,99.98,99.98,99.98,0.0,0.0
9,bus_13,0.5,1000.0,inf,40.0,99.98,99.98,99.98,99.98,0.0,0.0
9,bus_13,0.5,1000.0,inf,inf,99.98,99.98,99.98,99.98,0.0,0.0
9,bus_13,0.5,2000.0,20.0,30.0,99.98,99.98,99.98,99.98,0.0,0.0
9,bus_13,0.5,2000.0,20.0,40.0,99.98,99.98,99.98,99.98,0.0,0.0
9,bus_13,0.5,2000.0,20.0,inf,99.98,99.98,99.98,99.98,0.0,0.0
9,bus_13,0.5,2000.0,30.0,30.0,99.98,99.98,99.98,99.98,0.0,0.0
9,bus_13,0.5,2000.0,30.0,40.0,99.98,99.98,99.98,99.98,0.0,0.0
9,bus_13,0.5,2000.0,30.0,inf,99.98,99.98,99.98,99.98,0.0,0.0
9,bus_13,0.5,2000.0,40.0,30.0,99.98,99.98,99.98,99.98,0.0,0.0
9,bus_13,0.5,2000.0,40.0,40.0,99.98,99.98,99.98,99.98,0.0,0.0
9,bus_13,0.5,2000.0,40.0,inf,99.98,99.98,99.98,99.98,0.0,0.0
9,bus_13,0.5,2000.0,inf,30.0,99.98,99.98,99.98,99.98,0.0,0.0
9,bus_13,0.5,2000.0,inf,40.0,99.98,99.98,99.98,99.98,0.0,0.0
9,bus_13,0.5,2000.0,inf,inf,99.98,99.98,99.98,99.98,0.0,0.0
9,bus_13,0.5,5000.0,20.0,30.0,99.98,99.98,99.98,99.98,0.0,0.0
9,bus_13,0.5,5000.0,20.0,40.0,99.98,99.98,99.98,99.98,0.0,0.0
9,bus_13,0.5,5000.0,20.0,inf,99.98,99.98,99.98,99.98,0.0,0.0
9,bus_13,0.5,5000.0,30.0,30.0,99.98,99.98,99.98,99.98,0.0,0.0
9,bus_13,0.5,5000.0,30.0,40.0,99.98,99.98,99.98,99.98,0.0,0.0
9,bus_13,0.5,5000.0,30.0,inf,99.98,99.98,99.98,99.98,0.0,0.0
9,bus_13,0.5,5000.0,40.0,30.0,99.98,99.98,99.98,99.98,0.0,0.0
9,bus_13,0.5,5000.0,40.0,40.0,99.98,99.98,99.98,99.98,0.0,0.0
9,bus_13,0.5,5000.0,40.0,inf,99.98,99.98,99.98,99.98,0.0,0.0
9,bus_13,0.5,5000.0,inf,30.0,99.98,99.98,99.98,99.98,0.0,0.0
9,bus_13,0.5,5000.0,inf,40.0,99.98,99.98,99.98,99.98,0.0,0.0
9,bus_13,0.5,5000.0,inf,inf,99.98,99.98,99.98,99.98,0.0,0.0
9,bus_19,0.5,100.0,20.0,30.0,65.22572458826022,36.683116223560496,99.98,73.14461797145255,-28.542608364699724,-26.835382028547457
9,bus_19,0.5,100.0,20.0,40.0,61.22202228027973,14.426258817929083,99.98,93.65623283744723,-46.79576346235065,-6.32376716255277
9,bus_19,0.5,100.0,20.0,inf,69.05534876388582,38.88786181844323,99.98,93.469519286344,-30.16748694544259,-6.510480713656008
9,bus_19,0.5,100.0,30.0,30.0,65.13761410122821,34.77003882643187,99.74083701168868,99.98,-30.367575274796337,0.2391629883113211
9,bus_19,0.5,100.0,30.0,40.0,67.11411222487588,44.83777985370085,99.98,99.98,-22.27633237117503,0.0
9,bus_19,0.5,100.0,30.0,inf,63.3201234802403,40.72795742736237,99.98,95.57737821000923,-22.59216605287793,-4.402621789990775
9,bus_19,0.5,100.0,40.0,30.0,63.37200985467524,44.62805956879573,99.98,99.98,-18.743950285879514,0.0
9,bus_19,0.5,100.0,40.0,40.0,63.32767612579775,26.473624945313624,99.94549146412331,99.011372163999,-36.85405118048413,-0.9341193001243084
9,bus_19,0.5,100.0,40.0,inf,65.08812094635148,30.479375966567503,99.98,93.45825210303443,-34.60874497978398,-6.521747896965579
9,bus_19,0.5,100.0,inf,30.0,65.13631835520101,14.371909762505386,99.98,54.96217315622185,-50.76440859269563,-45.01782684377815
9,bus_19,0.5,100.0,inf,40.0,65.04068489667638,20.541671144382878,99.9688799223259,99.98,-44.49901375229351,0.011120077674107165
9,bus_19,0.5,100.0,inf,inf,61.9075510491642,23.27672287807847,99.98,90.27332316933231,-38.630828171085724,-9.70667683066769
9,bus_19,0.5,500.0,20.0,30.0,99.98,99.98,99.98,99.98,0.0,0.0
9,bus_19,0.5,500.0,20.0,40.0,99.98,99.98,99.98,99.98,0.0,0.0
9,bus_19,0.5,500.0,20.0,inf,99.98,99.98,99.98,99.98,0.0,0.0
9,bus_19,0.5,500.0,30.0,30.0,99.98,99.98,99.98,99.98,0.0,0.0
9,bus_19,0.5,500.0,30.0,40.0,99.98,99.98,99.98,99.98,0.0,0.0
9,bus_19,0.5,500.0,30.0,inf,99.98,99.98,99.98,99.98,0.0,0.0
9,bus_19,0.5,500.0,40.0,30.0,99.98,99.98,99.98,99.98,0.0,0.0
9,bus_19,0.5,500.0,40.0,40.0,99.98,99.98,99.98,99.98,0.0,0.0
9,bus_19,0.5,500.0,40.0,inf,99.98,99.98,99.98,99.98,0.0,0.0
9,bus_19,0.5,500.0,inf,30.0,99.98,99.98,99.98,99.98,0.0,0.0
9,bus_19,0.5,500.0,inf,40.0,99.98,99.98,99.98,99.98,0.0,0.0
9,bus_19,0.5,500.0,inf,inf,99.98,99.98,99.98,99.98,0.0,0.0
9,bus_19,0.5,1000.0,20.0,30.0,99.98,99.98,99.98,99.98,0.0,0.0
9,bus_19,0.5,1000.0,20.0,40.0,99.98,99.98,99.98,99.98,0.0,0.0
9,bus_19,0.5,1000.0,20.0,inf,99.98,99.98,99.98,99.98,0.0,0.0
9,bus_19,0.5,1000.0,30.0,30.0,99.98,99.98,99.98,99.98,0.0,0.0
9,bus_19,0.5,1000.0,30.0,40.0,99.98,99.98,99.98,99.98,0.0,0.0
9,bus_19,0.5,1000.0,30.0,inf,99.98,99.98,99.98,99.98,0.0,0.0
9,bus_19,0.5,1000.0,40.0,30.0,99.98,99.98,99.98,99.98,0.0,0.0
9,bus_19,0.5,1000.0,40.0,40.0,99.98,99.98,99.98,99.98,0.0,0.0
9,bus_19,0.5,1000.0,40.0,inf,99.98,99.98,99.98,99.98,0.0,0.0
9,bus_19,0.5,1000.0,inf,30.0,99.98,99.98,99.98,99.98,0.0,0.0
9,bus_19,0.5,1000.0,inf,40.0,99.98,99.98,99.98,99.98,0.0,0.0
9,bus_19,0.5,1000.0,inf,inf,99.98,99.98,99.98,99.98,0.0,0.0
9,bus_19,0.5,2000.0,20.0,30.0,99.98,99.98,99.98,99.98,0.0,0.0
9,bus_19,0.5,2000.0,20.0,40.0,99.98,99.98,99.98,99.98,0.0,0.0
9,bus_19,0.5,2000.0,20.0,inf,99.98,99.98,99.98,99.98,0.0,0.0
9,bus_19,0.5,2000.0,30.0,30.0,99.98,99.98,99.98,99.98,0.0,0.0
9,bus_19,0.5,2000.0,30.0,40.0,99.98,99.98,99.98,99.98,0.0,0.0
9,bus_19,0.5,2000.0,30.0,inf,99.98,99.98,99.98,99.98,0.0,0.0
9,bus_19,0.5,2000.0,40.0,30.0,99.98,99.98,99.98,99.98,0.0,0.0
9,bus_19,0.5,2000.0,40.0,40.0,99.98,99.98,99.98,99.98,0.0,0.0
9,bus_19,0.5,2000.0,40.0,inf,99.98,99.98,99.98,99.98,0.0,0.0
9,bus_19,0.5,2000.0,inf,30.0,99.98,99.98,99.98,99.98,0.0,0.0
9,bus_19,0.5,2000.0,inf,40.0,99.98,99.98,99.98,99.98,0.0,0.0
9,bus_19,0.5,2000.0,inf,inf,99.98,99.98,99.98,99.98,0.0,0.0
9,bus_19,0.5,5000.0,20.0,30.0,99.98,99.98,99.98,99.98,0.0,0.0
9,bus_19,0.5,5000.0,20.0,40.0,99.98,99.98,99.98,99.98,0.0,0.0
9,bus_19,0.5,5000.0,20.0,inf,99.98,99.98,99.98,99.98,0.0,0.0
9,bus_19,0.5,5000.0,30.0,30.0,99.98,99.98,99.98,99.98,0.0,0.0
9,bus_19,0.5,5000.0,30.0,40.0,99.98,99.98,99.98,99.98,0.0,0.0
9,bus_19,0.5,5000.0,30.0,inf,99.98,99.98,99.98,99.98,0.0,0.0
9,bus_19,0.5,5000.0,40.0,30.0,99.98,99.98,99.98,99.98,0.0,0.0
9,bus_19,0.5,5000.0,40.0,40.0,99.98,99.98,99.98,99.98,0.0,0.0
9,bus_19,0.5,5000.0,40.0,inf,99.98,99.98,99.98,99.98,0.0,0.0
9,bus_19,0.5,5000.0,inf,30.0,99.98,99.98,99.98,99.98,0.0,0.0
9,bus_19,0.5,5000.0,inf,40.0,99.98,99.98,99.98,99.98,0.0,0.0
9,bus_19,0.5,5000.0,inf,inf,99.98,99.98,99.98,99.98,0.0,0.0
9,bus_25,0.5,100.0,20.0,30.0,65.42741709519599,75.3576505152892,99.87520471908442,99.98,9.930233420093202,0.10479528091558166
9,bus_25,0.5,100.0,20.0,40.0,69.08735414926213,73.3595749463964,99.98,99.98,4.272220797134281,0.0
9,bus_25,0.5,100.0,20.0,inf,69.31518104692582,69.12555371912042,99.98,99.98,-0.18962732780539682,0.0
9,bus_25,0.5,100.0,30.0,30.0,63.2877700396151,73.39786343248527,99.98,99.5759940889765,10.11009339287017,-0.4040059110235035
9,bus_25,0.5,100.0,30.0,40.0,67.01814522757601,18.33030919152797,99.98,99.98,-48.68783603604804,0.0
9,bus_25,0.5,100.0,30.0,inf,63.30663208475574,32.618060249749135,99.98,83.18865674447704,-30.688571835006606,-16.79134325552296
9,bus_25,0.5,100.0,40.0,30.0,63.38245683158432,69.1505721845894,99.81638103466595,99.98,5.768115353005072,0.1636189653340523
9,bus_25,0.5,100.0,40.0,40.0,65.11706790584924,36.772269982159614,99.97346413689043,95.53949922189913,-28.344797923689626,-4.433964914991293
9,bus_25,0.5,100.0,40.0,inf,63.38360288704927,67.38844259834875,99.70420460595724,99.98,4.004839711299475,0.27579539404275977
9,bus_25,0.5,100.0,inf,30.0,69.25042833881379,28.49385505038714,99.98,71.22277178927247,-40.75657328842665,-28.757228210727533
9,bus_25,0.5,100.0,inf,40.0,65.04695994879093,28.62223711101941,99.98,95.36112114448106,-36.42472283777152,-4.618878855518943
9,bus_25,0.5,100.0,inf,inf,61.9075510491642,75.99366596865623,99.98,99.98,14.086114919492033,0.0
9,bus_25,0.5,500.0,20.0,30.0,99.98,99.98,99.98,99.98,0.0,0.0
9,bus_25,0.5,500.0,20.0,40.0,99.98,99.98,99.98,99.98,0.0,0.0
9,bus_25,0.5,500.0,20.0,inf,99.98,99.98,99.98,99.98,0.0,0.0
9,bus_25,0.5,500.0,30.0,30.0,99.98,99.98,99.98,99.98,0.0,0.0
9,bus_25,0.5,500.0,30.0,40.0,99.98,99.98,99.98,99.98,0.0,0.0
9,bus_25,0.5,500.0,30.0,inf,99.98,99.98,99.98,99.98,0.0,0.0
9,bus_25,0.5,500.0,40.0,30.0,99.98,99.98,99.98,99.98,0.0,0.0
9,bus_25,0.5,500.0,40.0,40.0,99.98,99.98,99.98,99.98,0.0,0.0
9,bus_25,0.5,500.0,40.0,inf,99.98,99.98,99.98,99.98,0.0,0.0
9,bus_25,0.5,500.0,inf,30.0,99.98,99.98,99.98,99.98,0.0,0.0
9,bus_25,0.5,500.0,inf,40.0,99.98,99.98,99.98,99.98,0.0,0.0
9,bus_25,0.5,500.0,inf,inf,99.98,99.98,99.98,99.98,0.0,0.0
9,bus_25,0.5,1000.0,20.0,30.0,99.98,99.98,99.98,99.98,0.0,0.0
9,bus_25,0.5,1000.0,20.0,40.0,99.98,99.98,99.98,99.98,0.0,0.0
9,bus_25,0.5,1000.0,20.0,inf,99.98,99.98,99.98,99.98,0.0,0.0
9,bus_25,0.5,1000.0,30.0,30.0,99.98,99.98,99.98,99.98,0.0,0.0
9,bus_25,0.5,1000.0,30.0,40.0,99.98,99.98,99.98,99.98,0.0,0.0
9,bus_25,0.5,1000.0,30.0,inf,99.98,99.98,99.98,99.98,0.0,0.0
9,bus_25,0.5,1000.0,40.0,30.0,99.98,99.98,99.98,99.98,0.0,0.0
9,bus_25,0.5,1000.0,40.0,40.0,99.98,99.98,99.98,99.98,0.0,0.0
9,bus_25,0.5,1000.0,40.0,inf,99.98,99.98,99.98,99.98,0.0,0.0
9,bus_25,0.5,1000.0,inf,30.0,99.98,99.98,99.98,99.98,0.0,0.0
9,bus_25,0.5,1000.0,inf,40.0,99.98,99.98,99.98,99.98,0.0,0.0
9,bus_25,0.5,1000.0,inf,inf,99.98,99.98,99.98,99.98,0.0,0.0
9,bus_25,0.5,2000.0,20.0,30.0,99.98,99.98,99.98,99.98,0.0,0.0
9,bus_25,0.5,2000.0,20.0,40.0,99.98,99.98,99.98,99.98,0.0,0.0
9,bus_25,0.5,2000.0,20.0,inf,99.98,99.98,99.98,99.98,0.0,0.0
9,bus_25,0.5,2000.0,30.0,30.0,99.98,99.98,99.98,99.98,0.0,0.0
9,bus_25,0.5,2000.0,30.0,40.0,99.98,99.98,99.98,99.98,0.0,0.0
9,bus_25,0.5,2000.0,30.0,inf,99.98,99.98,99.98,99.98,0.0,0.0
9,bus_25,0.5,2000.0,40.0,30.0,99.98,99.98,99.98,99.98,0.0,0.0
9,bus_25,0.5,2000.0,40.0,40.0,99.98,99.98,99.98,99.98,0.0,0.0
9,bus_25,0.5,2000.0,40.0,inf,99.98,99.98,99.98,99.98,0.0,0.0
9,bus_25,0.5,2000.0,inf,30.0,99.98,99.98,99.98,99.98,0.0,0.0
9,bus_25,0.5,2000.0,inf,40.0,99.98,99.98,99.98,99.98,0.0,0.0
9,bus_25,0.5,2000.0,inf,inf,99.98,99.98,99.98,99.98,0.0,0.0
9,bus_25,0.5,5000.0,20.0,30.0,99.98,99.98,99.98,99.98,0.0,0.0
9,bus_25,0.5,5000.0,20.0,40.0,99.98,99.98,99.98,99.98,0.0,0.0
9,bus_25,0.5,5000.0,20.0,inf,99.98,99.98,99.98,99.98,0.0,0.0
9,bus_25,0.5,5000.0,30.0,30.0,99.98,99.98,99.98,99.98,0.0,0.0
9,bus_25,0.5,5000.0,30.0,40.0,99.98,99.98,99.98,99.98,0.0,0.0
9,bus_25,0.5,5000.0,30.0,inf,99.98,99.98,99.98,99.98,0.0,0.0
9,bus_25,0.5,5000.0,40.0,30.0,99.98,99.98,99.98,99.98,0.0,0.0
9,bus_25,0.5,5000.0,40.0,40.0,99.98,99.98,99.98,99.98,0.0,0.0
9,bus_25,0.5,5000.0,40.0,inf,99.98,99.98,99.98,99.98,0.0,0.0
9,bus_25,0.5,5000.0,inf,30.0,99.98,99.98,99.98,99.98,0.0,0.0
9,bus_25,0.5,5000.0,inf,40.0,99.98,99.98,99.98,99.98,0.0,0.0
9,bus_25,0.5,5000.0,inf,inf,99.98,99.98,99.98,99.98,0.0,0.0
10,bus_01,0.5,100.0,20.0,30.0,61.00877771873161,40.64064560039338,99.98,91.28326064286291,-20.36813211833823,-8.69673935713709
10,bus_01,0.5,100.0,20.0,40.0,65.19024446222743,30.568616510156875,99.98,61.1035208526925,-34.621627952070554,-38.876479147307506
10,bus_01,0.5,100.0,20.0,inf,59.05265693930581,16.37478125933439,99.98,60.996596000938695,-42.67787567997142,-38.98340399906131
10,bus_01,0.5,100.0,30.0,30.0,63.284618461964634,67.26046449694962,99.98,75.09926972583996,3.97584603498499,-24.880730274160044
10,bus_01,0.5,100.0,30.0,40.0,65.07719252924335,22.528319829904262,99.98,99.98,-42.548872699339086,0.0
10,bus_01,0.5,100.0,30.0,inf,65.3426176960258,12.435375225779953,99.98,99.18580420718621,-52.90724247024585,-0.7941957928137953
10,bus_01,0.5,100.0,40.0,30.0,65.00343895874144,38.67634375426701,99.98,69.52591594693256,-26.327095204474432,-30.454084053067447
10,bus_01,0.5,100.0,40.0,40.0,65.02055902275346,46.88326316681124,99.82697240274206,99.98,-18.13729585594222,0.153027597257946
10,bus_01,0.5,100.0,40.0,inf,65.04083031879017,18.481519642766287,99.96165155226811,99.98,-46.559310676023884,0.01834844773189559
10,bus_01,0.5,100.0,inf,30.0,63.00909933338305,63.19133854182767,99.98,99.98,0.18223920844462071,0.0
10,bus_01,0.5,100.0,inf,40.0,65.05513321470147,38.79725977507129,99.98,99.98,-26.25787343963018,0.0
10,bus_01,0.5,100.0,inf,inf,61.9075510491642,35.3991912485733,99.98,90.14984625177338,-26.508359800590895,-9.830153748226621
10,bus_01,0.5,500.0,20.0,30.0,99.98,99.98,99.98,99.98,0.0,0.0
10,bus_01,0.5,500.0,20.0,40.0,99.98,99.98,99.98,99.98,0.0,0.0
10,bus_01,0.5,500.0,20.0,inf,99.98,99.98,99.98,99.98,0.0,0.0
10,bus_01,0.5,500.0,30.0,30.0,99.98,99.98,99.98,99.98,0.0,0.0
10,bus_01,0.5,500.0,30.0,40.0,99.98,99.98,99.98,99.98,0.0,0.0
10,bus_01,0.5,500.0,30.0,inf,99.98,99.98,99.98,99.98,0.0,0.0
10,bus_01,0.5,500.0,40.0,30.0,99.98,99.98,99.98,99.98,0.0,0.0
10,bus_01,0.5,500.0,40.0,40.0,99.98,99.98,99.98,99.98,0.0,0.0
10,bus_01,0.5,500.0,40.0,inf,99.98,99.98,99.98,99.98,0.0,0.0
10,bus_01,0.5,500.0,inf,30.0,99.98,99.98,99.98,99.98,0.0,0.0
10,bus_01,0.5,500.0,inf,40.0,99.98,99.98,99.98,99.98,0.0,0.0
10,bus_01,0.5,500.0,inf,inf,99.98,99.98,99.98,99.98,0.0,0.0
10,bus_01,0.5,1000.0,20.0,30.0,99.98,99.98,99.98,99.98,0.0,0.0
10,bus_01,0.5,1000.0,20.0,40.0,99.98,99.98,99.98,99.98,0.0,0.0
10,bus_01,0.5,1000.0,20.0,inf,99.98,99.98,99.98,99.98,0.0,0.0
10,bus_01,0.5,1000.0,30.0,30.0,99.98,99.98,99.98,99.98,0.0,0.0
10,bus_01,0.5,1000.0,30.0,40.0,99.98,99.98,99.98,99.98,0.0,0.0
10,bus_01,0.5,1000.0,30.0,inf,99.98,99.98,99.98,99.98,0.0,0.0
10,bus_01,0.5,1000.0,40.0,30.0,99.98,99.98,99.98,99.98,0.0,0.0
10,bus_01,0.5,1000.0,40.0,40.0,99.98,99.98,99.98,99.98,0.0,0.0
10,bus_01,0.5,1000.0,40.0,inf,99.98,99.98,99.98,99.98,0.0,0.0
10,bus_01,0.5,1000.0,inf,30.0,99.98,99.98,99.98,99.98,0.0,0.0
10,bus_01,0.5,1000.0,inf,40.0,99.98,99.98,99.98,99.98,0.0,0.0
10,bus_01,0.5,1000.0,inf,inf,99.98,99.98,99.98,99.98,0.0,0.0
10,bus_01,0.5,2000.0,20.0,30.0,99.98,99.98,99.98,99.98,0.0,0.0
10,bus_01,0.5,2000.0,20.0,40.0,99.98,99.98,99.98,99.98,0.0,0.0
10,bus_01,0.5,2000.0,20.0,inf,99.98,99.98,99.98,99.98,0.0,0.0
10,bus_01,0.5,2000.0,30.0,30.0,99.98,99.98,99.98,99.98,0.0,0.0
10,bus_01,0.5,2000.0,30.0,40.0,99.98,99.98,99.98,99.98,0.0,0.0
10,bus_01,0.5,2000.0,30.0,inf,99.98,99.98,99.98,99.98,0.0,0.0
10,bus_01,0.5,2000.0,40.0,30.0,99.98,99.98,99.98,99.98,0.0,0.0
10,bus_01,0.5,2000.0,40.0,40.0,99.98,99.98,99.98,99.98,0.0,0.0
10,bus_01,0.5,2000.0,40.0,inf,99.98,99.98,99.98,99.98,0.0,0.0
10,bus_01,0.5,2000.0,inf,30.0,99.98,99.98,99.98,99.98,0.0,0.0
10,bus_01,0.5,2000.0,inf,40.0,99.98,99.98,99.98,99.98,0.0,0.0
10,bus_01,0.5,2000.0,inf,inf,99.98,99.98,99.98,99.98,0.0,0.0
10,bus_01,0.5,5000.0,20.0,30.0,99.98,99.98,99.98,99.98,0.0,0.0
10,bus_01,0.5,5000.0,20.0,40.0,99.98,99.98,99.98,99.98,0.0,0.0
10,bus_01,0.5,5000.0,20.0,inf,99.98,99.98,99.98,99.98,0.0,0.0
10,bus_01,0.5,5000.0,30.0,30.0,99.98,99.98,99.98,99.98,0.0,0.0
10,bus_01,0.5,5000.0,30.0,40.0,99.98,99.98,99.98,99.98,0.0,0.0
10,bus_01,0.5,5000.0,30.0,inf,99.98,99.98,99.98,99.98,0.0,0.0
10,bus_01,0.5,5000.0,40.0,30.0,99.98,99.98,99.98,99.98,0.0,0.0
10,bus_01,0.5,5000.0,40.0,40.0,99.98,99.98,99.98,99.98,0.0,0.0
10,bus_01,0.5,5000.0,40.0,inf,99.98,99.98,99.98,99.98,0.0,0.0
10,bus_01,0.5,5000.0,inf,30.0,99.98,99.98,99.98,99.98,0.0,0.0
10,bus_01,0.5,5000.0,inf,40.0,99.98,99.98,99.98,99.98,0.0,0.0
10,bus_01,0.5,5000.0,inf,inf,99.98,99.98,99.98,99.98,0.0,0.0
10,bus_07,0.5,100.0,20.0,30.0,65.09281599960394,42.8383316101418,99.98,99.98,-22.254484389462142,0.0
10,bus_07,0.5,100.0,20.0,40.0,65.24313565894656,34.74108446805438,99.83035126760636,91.60633330103859,-30.502051190892175,-8.224017966567772
10,bus_07,0.5,100.0,20.0,inf,69.03898616499535,38.700158159804964,99.98,93.36938231185424,-30.338828005190386,-6.610617688145766
10,bus_07,0.5,100.0,30.0,30.0,63.30529220941878,24.450424619549583,99.98,79.48531905319767,-38.8548675898692,-20.494680946802333
10,bus_07,0.5,100.0,30.0,40.0,63.01100169698508,42.70326056654843,99.98,75.21232943761298,-20.307741130436654,-24.767670562387025
10,bus_07,0.5,100.0,30.0,inf,65.20666479881505,73.03802662151601,99.98,99.28854100500926,7.831361822700956,-0.6914589949907395
10,bus_07,0.5,100.0,40.0,30.0,63.21977956894496,49.14704398712576,99.98,99.98,-14.072735581819195,0.0
10,bus_07,0.5,100.0,40.0,40.0,65.10899624178256,26.484702756789535,99.98,99.98,-38.62429348499303,0.0
10,bus_07,0.5,100.0,40.0,inf,65.10329288398205,22.68084515503749,99.98,65.10149224911655,-42.42244772894456,-34.87850775088346
10,bus_07,0.5,100.0,inf,30.0,67.06201649784506,49.03489398078994,99.98,97.633198814503,-18.027122517055126,-2.346801185497
10,bus_07,0.5,100.0,inf,40.0,65.04347316835755,34.830528081237965,99.98,85.34689847461229,-30.212945087119586,-14.633101525387715
10,bus_07,0.5,100.0,inf,inf,61.9075510491642,23.32177297951916,99.98,89.98581691835193,-38.58577806964504,-9.994183081648075
10,bus_07,0.5,500.0,20.0,30.0,99.98,99.98,99.98,99.98,0.0,0.0
10,bus_07,0.5,500.0,20.0,40.0,99.98,99.98,99.98,99.98,0.0,0.0
10,bus_07,0.5,500.0,20.0,inf,99.98,99.98,99.98,99.98,0.0,0.0
10,bus_07,0.5,500.0,30.0,30.0,99.98,99.98,99.98,99.98,0.0,0.0
10,bus_07,0.5,500.0,30.0,40.0,99.98,99.98,99.98,99.98,0.0,0.0
10,bus_07,0.5,500.0,30.0,inf,99.98,99.98,99.98,99.98,0.0,0.0
10,bus_07,0.5,500.0,40.0,30.0,99.98,99.98,99.98,99.98,0.0,0.0
10,bus_07,0.5,500.0,40.0,40.0,99.98,99.98,99.98,99.98,0.0,0.0
10,bus_07,0.5,500.0,40.0,inf,99.98,99.98,99.98,99.98,0.0,0.0
10,bus_07,0.5,500.0,inf,30.0,99.98,99.98,99.98,99.98,0.0,0.0
10,bus_07,0.5,500.0,inf,40.0,99.98,99.98,99.98,99.98,0.0,0.0
10,bus_07,0.5,500.0,inf,inf,99.98,99.98,99.98,99.98,0.0,0.0
10,bus_07,0.5,1000.0,20.0,30.0,99.98,99.98,99.98,99.98,0.0,0.0
10,bus_07,0.5,1000.0,20.0,40.0,99.98,99.98,99.98,99.98,0.0,0.0
10,bus_07,0.5,1000.0,20.0,inf,99.98,99.98,99.98,99.98,0.0,0.0
10,bus_07,0.5,1000.0,30.0,30.0,99.98,99.98,99.98,99.98,0.0,0.0
10,bus_07,0.5,1000.0,30.0,40.0,99.98,99.98,99.98,99.98,0.0,0.0
10,bus_07,0.5,1000.0,30.0,inf,99.98,99.98,99.98,99.98,0.0,0.0
10,bus_07,0.5,1000.0,40.0,30.0,99.98,99.98,99.98,99.98,0.0,0.0
10,bus_07,0.5,1000.0,40.0,40.0,99.98,99.98,99.98,99.98,0.0,0.0
10,bus_07,0.5,1000.0,40.0,inf,99.98,99.98,99.98,99.98,0.0,0.0
10,bus_07,0.5,1000.0,inf,30.0,99.98,99.98,99.98,99.98,0.0,0.0
10,bus_07,0.5,1000.0,inf,40.0,99.98,99.98,99.98,99.98,0.0,0.0
10,bus_07,0.5,1000.0,inf,inf,99.98,99.98,99.98,99.98,0.0,0.0
10,bus_07,0.5,2000.0,20.0,30.0,99.98,99.98,99.98,99.98,0.0,0.0
10,bus_07,0.5,2000.0,20.0,40.0,99.98,99.98,99.98,99.98,0.0,0.0
10,bus_07,0.5,2000.0,20.0,inf,99.98,99.98,99.98,99.98,0.0,0.0
10,bus_07,0.5,2000.0,30.0,30.0,99.98,99.98,99.98,99.98,0.0,0.0
10,bus_07,0.5,2000.0,30.0,40.0,99.98,99.98,99.98,99.98,0.0,0.0
10,bus_07,0.5,2000.0,30.0,inf,99.98,99.98,99.98,99.98,0.0,0.0
10,bus_07,0.5,2000.0,40.0,30.0,99.98,99.98,99.98,99.98,0.0,0.0
10,bus_07,0.5,2000.0,40.0,40.0,99.98,99.98,99.98,99.98,0.0,0.0
10,bus_07,0.5,2000.0,40.0,inf,99.98,99.98,99.98,99.98,0.0,0.0
10,bus_07,0.5,2000.0,inf,30.0,99.98,99.98,99.98,99.98,0.0,0.0
10,bus_07,0.5,2000.0,inf,40.0,99.98,99.98,99.98,99.98,0.0,0.0
10,bus_07,0.5,2000.0,inf,inf,99.98,99.98,99.98,99.98,0.0,0.0
10,bus_07,0.5,5000.0,20.0,30.0,99.98,99.98,99.98,99.98,0.0,0.0
10,bus_07,0.5,5000.0,20.0,40.0,99.98,99.98,99.98,99.98,0.0,0.0
10,bus_07,0.5,5000.0,20.0,inf,99.98,99.98,99.98,99.98,0.0,0.0
10,bus_07,0.5,5000.0,30.0,30.0,99.98,99.98,99.98,99.98,0.0,0.0
10,bus_07,0.5,5000.0,30.0,40.0,99.98,99.98,99.98,99.98,0.0,0.0
10,bus_07,0.5,5000.0,30.0,inf,99.98,99.98,99.98,99.98,0.0,0.0
10,bus_07,0.5,5000.0,40.0,30.0,99.98,99.98,99.98,99.98,0.0,0.0
10,bus_07,0.5,5000.0,40.0,40.0,99.98,99.98,99.98,99.98,0.0,0.0
10,bus_07,0.5,5000.0,40.0,inf,99.98,99.98,99.98,99.98,0.0,0.0
10,bus_07,0.5,5000.0,inf,30.0,99.98,99.98,99.98,99.98,0.0,0.0
10,bus_07,0.5,5000.0,inf,40.0,99.98,99.98,99.98,99.98,0.0,0.0
10,bus_07,0.5,5000.0,inf,inf,99.98,99.98,99.98,99.98,0.0,0.0
10,bus_13,0.5,100.0,20.0,30.0,67.32233392037914,55.065278996876984,99.98,99.98,-12.257054923502153,0.0
10,bus_13,0.5,100.0,20.0,40.0,63.168815758370414,41.007596922301104,99.98,99.51255222880829,-22.16121883606931,-0.4674477711917149
10,bus_13,0.5,100.0,20.0,inf,64.95766422156294,50.99351642124945,99.98,97.64807200335687,-13.964147800313484,-2.331927996643131
10,bus_13,0.5,100.0,30.0,30.0,67.05724091997448,34.53445274124996,99.98,99.98,-32.52278817872452,0.0
10,bus_13,0.5,100.0,30.0,40.0,65.21623650742022,34.821307803070255,99.98,96.36502215303292,-30.394928704349965,-3.6149778469670792
10,bus_13,0.5,100.0,30.0,inf,65.2990132900279,36.640455720636126,99.98,99.46272721331614,-28.658557569391775,-0.5172727866838613
10,bus_13,0.5,100.0,40.0,30.0,63.17431004818994,34.819515766447864,99.98,93.90045618526104,-28.354794281742073,-6.079543814738969
10,bus_13,0.5,100.0,40.0,40.0,65.27140507022533,22.521393308411884,99.98,75.04105667159831,-42.75001176181344,-24.93894332840169
10,bus_13,0.5,100.0,40.0,inf,63.38400799749547,42.75534207504962,99.93791885648548,99.98,-20.628665922445855,0.04208114351452252
10,bus_13,0.5,100.0,inf,30.0,63.29380846329957,32.69387978438639,99.98,99.51050752792814,-30.59992867891318,-0.4694924720718632
10,bus_13,0.5,100.0,inf,40.0,65.00137239403269,28.649018222535883,99.98,75.13353185322272,-36.3523541714968,-24.846468146777283
10,bus_13,0.5,100.0,inf,inf,61.9075510491642,13.246115179311346,99.98,99.98,-48.66143586985285,0.0
10,bus_13,0.5,500.0,20.0,30.0,99.98,99.98,99.98,99.98,0.0,0.0
10,bus_13,0.5,500.0,20.0,40.0,99.98,99.98,99.98,99.98,0.0,0.0
10,bus_13,0.5,500.0,20.0,inf,99.98,99.98,99.98,99.98,0.0,0.0
10,bus_13,0.5,500.0,30.0,30.0,99.98,99.98,99.98,99.98,0.0,0.0
10,bus_13,0.5,500.0,30.0,40.0,99.98,99.98,99.98,99.98,0.0,0.0
10,bus_13,0.5,500.0,30.0,inf,99.98,99.98,99.98,99.98,0.0,0.0
10,bus_13,0.5,500.0,40.0,30.0,99.98,99.98,99.98,99.98,0.0,0.0
10,bus_13,0.5,500.0,40.0,40.0,99.98,99.98,99.98,99.98,0.0,0.0
10,bus_13,0.5,500.0,40.0,inf,99.98,99.98,99.98,99.98,0.0,0.0
10,bus_13,0.5,500.0,inf,30.0,99.98,99.98,99.98,99.98,0.0,0.0
10,bus_13,0.5,500.0,inf,40.0,99.98,99.98,99.98,99.98,0.0,0.0
10,bus_13,0.5,500.0,inf,inf,99.98,99.98,99.98,99.98,0.0,0.0
10,bus_13,0.5,1000.0,20.0,30.0,99.98,99.98,99.98,99.98,0.0,0.0
10,bus_13,0.5,1000.0,20.0,40.0,99.98,99.98,99.98,99.98,0.0,0.0
10,bus_13,0.5,1000.0,20.0,inf,99.98,99.98,99.98,99.98,0.0,0.0
10,bus_13,0.5,1000.0,30.0,30.0,99.98,99.98,99.98,99.98,0.0,0.0
10,bus_13,0.5,1000.0,30.0,40.0,99.98,99.98,99.98,99.98,0.0,0.0
10,bus_13,0.5,1000.0,30.0,inf,99.98,99.98,99.98,99.98,0.0,0.0
10,bus_13,0.5,1000.0,40.0,30.0,99.98,99.98,99.98,99.98,0.0,0.0
10,bus_13,0.5,1000.0,40.0,40.0,99.98,99.98,99.98,99.98,0.0,0.0
10,bus_13,0.5,1000.0,40.0,inf,99.98,99.98,99.98,99.98,0.0,0.0
10,bus_13,0.5,1000.0,inf,30.0,99.98,99.98,99.98,99.98,0.0,0.0
10,bus_13,0.5,1000.0,inf,40.0,99.98,99.98,99.98,99.98,0.0,0.0
10,bus_13,0.5,1000.0,inf,inf,99.98,99.98,99.98,99.98,0.0,0.0
10,bus_13,0.5,2000.0,20.0,30.0,99.98,99.98,99.98,99.98,0.0,0.0
10,bus_13,0.5,2000.0,20.0,40.0,99.98,99.98,99.98,99.98,0.0,0.0
10,bus_13,0.5,2000.0,20.0,inf,99.98,99.98,99.98,99.98,0.0,0.0
10,bus_13,0.5,2000.0,30.0,30.0,99.98,99.98,99.98,99.98,0.0,0.0
10,bus_13,0.5,2000.0,30.0,40.0,99.98,99.98,99.98,99.98,0.0,0.0
10,bus_13,0.5,2000.0,30.0,inf,99.98,99.98,99.98,99.98,0.0,0.0
10,bus_13,0.5,2000.0,40.0,30.0,99.98,99.98,99.98,99.98,0.0,0.0
10,bus_13,0.5,2000.0,40.0,40.0,99.98,99.98,99.98,99.98,0.0,0.0
10,bus_13,0.5,2000.0,40.0,inf,99.98,99.98,99.98,99.98,0.0,0.0
10,bus_13,0.5,2000.0,inf,30.0,99.98,99.98,99.98,99.98,0.0,0.0
10,bus_13,0.5,2000.0,inf,40.0,99.98,99.98,99.98,99.98,0.0,0.0
10,bus_13,0.5,2000.0,inf,inf,99.98,99.98,99.98,99.98,0.0,0.0
10,bus_13,0.5,5000.0,20.0,30.0,99.98,99.98,99.98,99.98,0.0,0.0
10,bus_13,0.5,5000.0,20.0,40.0,99.98,99.98,99.98,99.98,0.0,0.0
10,bus_13,0.5,5000.0,20.0,inf,99.98,99.98,99.98,99.98,0.0,0.0
10,bus_13,0.5,5000.0,30.0,30.0,99.98,99.98,99.98,99.98,0.0,0.0
10,bus_13,0.5,5000.0,30.0,40.0,99.98,99.98,99.98,99.98,0.0,0.0
10,bus_13,0.5,5000.0,30.0,inf,99.98,99.98,99.98,99.98,0.0,0.0
10,bus_13,0.5,5000.0,40.0,30.0,99.98,99.98,99.98,99.98,0.0,0.0
10,bus_13,0.5,5000.0,40.0,40.0,99.98,99.98,99.98,99.98,0.0,0.0
10,bus_13,0.5,5000.0,40.0,inf,99.98,99.98,99.98,99.98,0.0,0.0
10,bus_13,0.5,5000.0,inf,30.0,99.98,99.98,99.98,99.98,0.0,0.0
10,bus_13,0.5,5000.0,inf,40.0,99.98,99.98,99.98,99.98,0.0,0.0
10,bus_13,0.5,5000.0,inf,inf,99.98,99.98,99.98,99.98,0.0,0.0
10,bus_19,0.5,100.0,20.0,30.0,65.42093522683106,42.836495060674515,99.9199857000417,99.98,-22.584440166156547,0.0600142999582971
10,bus_19,0.5,100.0,20.0,40.0,63.111623839783995,32.78793130764812,99.98,87.48594276845182,-30.323692532135873,-12.494057231548183
10,bus_19,0.5,100.0,20.0,inf,67.30287703447605,71.09791059619593,99.98,99.98,3.795033561719876,0.0
10,bus_19,0.5,100.0,30.0,30.0,65.25880843812601,30.90831148167702,99.90245636541604,67.31332772028227,-34.35049695644899,-32.58912864513377
10,bus_19,0.5,100.0,30.0,40.0,65.33686039836535,79.07705762622824,99.91656993977463,99.98,13.740197227862893,0.06343006022537168
10,bus_19,0.5,100.0,30.0,inf,63.264853923449316,28.64871735759217,99.78280649277444,99.82312229346064,-34.61613656585715,0.04031580068620144
10,bus_19,0.5,100.0,40.0,30.0,67.19325749101262,32.64288632159749,99.98,99.57444849627632,-34.55037116941513,-0.40555150372368587
10,bus_19,0.5,100.0,40.0,40.0,65.18682939547837,30.669235975251663,99.98,69.03554955782631,-34.5175934202267,-30.94445044217369
10,bus_19,0.5,100.0,40.0,inf,65.00706997452673,22.52779177577632,99.98,81.28317711736213,-42.47927819875041,-18.696822882637875
10,bus_19,0.5,100.0,inf,30.0,63.21028621580768,30.647179677603443,99.98,99.87187914081471,-32.56310653820424,-0.10812085918529135
10,bus_19,0.5,100.0,inf,40.0,65.13728593679495,59.169090911287306,99.98,99.63466691517328,-5.968195025507647,-0.34533308482672
10,bus_19,0.5,100.0,inf,inf,61.9075510491642,15.229572435761597,99.98,96.15348374467955,-46.6779786134026,-3.826516255320456
10,bus_19,0.5,500.0,20.0,30.0,99.98,99.98,99.98,99.98,0.0,0.0
10,bus_19,0.5,500.0,20.0,40.0,99.98,99.98,99.98,99.98,0.0,0.0
10,bus_19,0.5,500.0,20.0,inf,99.98,99.98,99.98,99.98,0.0,0.0
10,bus_19,0.5,500.0,30.0,30.0,99.98,99.98,99.98,99.98,0.0,0.0
10,bus_19,0.5,500.0,30.0,40.0,99.98,99.98,99.98,99.98,0.0,0.0
10,bus_19,0.5,500.0,30.0,inf,99.98,99.98,99.98,99.98,0.0,0.0
10,bus_19,0.5,500.0,40.0,30.0,99.98,99.98,99.98,99.98,0.0,0.0
10,bus_19,0.5,500.0,40.0,40.0,99.98,99.98,99.98,99.98,0.0,0.0
10,bus_19,0.5,500.0,40.0,inf,99.98,99.98,99.98,99.98,0.0,0.0
10,bus_19,0.5,500.0,inf,30.0,99.98,99.98,99.98,99.98,0.0,0.0
10,bus_19,0.5,500.0,inf,40.0,99.98,99.98,99.98,99.98,0.0,0.0
10,bus_19,0.5,500.0,inf,inf,99.98,99.98,99.98,99.98,0.0,0.0
10,bus_19,0.5,1000.0,20.0,30.0,99.98,99.98,99.98,99.98,0.0,0.0
10,bus_19,0.5,1000.0,20.0,40.0,99.98,99.98,99.98,99.98,0.0,0.0
10,bus_19,0.5,1000.0,20.0,inf,99.98,99.98,99.98,99.98,0.0,0.0
10,bus_19,0.5,1000.0,30.0,30.0,99.98,99.98,99.98,99.98,0.0,0.0
10,bus_19,0.5,1000.0,30.0,40.0,99.98,99.98,99.98,99.98,0.0,0.0
10,bus_19,0.5,1000.0,30.0,inf,99.98,99.98,99.98,99.98,0.0,0.0
10,bus_19,0.5,1000.0,40.0,30.0,99.98,99.98,99.98,99.98,0.0,0.0
10,bus_19,0.5,1000.0,40.0,40.0,99.98,99.98,99.98,99.98,0.0,0.0
10,bus_19,0.5,1000.0,40.0,inf,99.98,99.98,99.98,99.98,0.0,0.0
10,bus_19,0.5,1000.0,inf,30.0,99.98,99.98,99.98,99.98,0.0,0.0
10,bus_19,0.5,1000.0,inf,40.0,99.98,99.98,99.98,99.98,0.0,0.0
10,bus_19,0.5,1000.0,inf,inf,99.98,99.98,99.98,99.98,0.0,0.0
10,bus_19,0.5,2000.0,20.0,30.0,99.98,99.98,99.98,99.98,0.0,0.0
10,bus_19,0.5,2000.0,20.0,40.0,99.98,99.98,99.98,99.98,0.0,0.0
10,bus_19,0.5,2000.0,20.0,inf,99.98,99.98,99.98,99.98,0.0,0.0
10,bus_19,0.5,2000.0,30.0,30.0,99.98,99.98,99.98,99.98,0.0,0.0
10,bus_19,0.5,2000.0,30.0,40.0,99.98,99.98,99.98,99.98,0.0,0.0
10,bus_19,0.5,2000.0,30.0,inf,99.98,99.98,99.98,99.98,0.0,0.0
10,bus_19,0.5,2000.0,40.0,30.0,99.98,99.98,99.98,99.98,0.0,0.0
10,bus_19,0.5,2000.0,40.0,40.0,99.98,99.98,99.98,99.98,0.0,0.0
10,bus_19,0.5,2000.0,40.0,inf,99.98,99.98,99.98,99.98,0.0,0.0
10,bus_19,0.5,2000.0,inf,30.0,99.98,99.98,99.98,99.98,0.0,0.0
10,bus_19,0.5,2000.0,inf,40.0,99.98,99.98,99.98,99.98,0.0,0.0
10,bus_19,0.5,2000.0,inf,inf,99.98,99.98,99.98,99.98,0.0,0.0
10,bus_19,0.5,5000.0,20.0,30.0,99.98,99.98,99.98,99.98,0.0,0.0
10,bus_19,0.5,5000.0,20.0,40.0,99.98,99.98,99.98,99.98,0.0,0.0
10,bus_19,0.5,5000.0,20.0,inf,99.98,99.98,99.98,99.98,0.0,0.0
10,bus_19,0.5,5000.0,30.0,30.0,99.98,99.98,99.98,99.98,0.0,0.0
10,bus_19,0.5,5000.0,30.0,40.0,99.98,99.98,99.98,99.98,0.0,0.0
10,bus_19,0.5,5000.0,30.0,inf,99.98,99.98,99.98,99.98,0.0,0.0
10,bus_19,0.5,5000.0,40.0,30.0,99.98,99.98,99.98,99.98,0.0,0.0
10,bus_19,0.5,5000.0,40.0,40.0,99.98,99.98,99.98,99.98,0.0,0.0
10,bus_19,0.5,5000.0,40.0,inf,99.98,99.98,99.98,99.98,0.0,0.0
10,bus_19,0.5,5000.0,inf,30.0,99.98,99.98,99.98,99.98,0.0,0.0
10,bus_19,0.5,5000.0,inf,40.0,99.98,99.98,99.98,99.98,0.0,0.0
10,bus_19,0.5,5000.0,inf,inf,99.98,99.98,99.98,99.98,0.0,0.0
10,bus_25,0.5,100.0,20.0,30.0,63.34171034217627,44.829438930663756,99.87661930185754,99.98,-18.512271411512515,0.10338069814245898
10,bus_25,0.5,100.0,20.0,40.0,65.15014906721962,32.82297661483019,99.77419789566854,87.51876155734784,-32.327172452389426,-12.255436338320692
10,bus_25,0.5,100.0,20.0,inf,67.21514575371924,20.3699469397698,99.98,59.11260528871616,-46.84519881394944,-40.86739471128384
10,bus_25,0.5,100.0,30.0,30.0,65.22380052172919,52.98048804311695,99.98,99.98,-12.24331247861224,0.0
10,bus_25,0.5,100.0,30.0,40.0,67.19686899164209,64.81003955166888,99.98,99.98,-2.386829439973212,0.0
10,bus_25,0.5,100.0,30.0,inf,65.12737165491875,73.34706743214038,99.98,99.98,8.21969577722163,0.0
10,bus_25,0.5,100.0,40.0,30.0,63.06632601301554,36.76941328982844,99.98,95.57480435899296,-26.2969127231871,-4.40519564100704
10,bus_25,0.5,100.0,40.0,40.0,63.250466579557894,47.06839733327842,99.98,99.98,-16.182069246279475,0.0
10,bus_25,0.5,100.0,40.0,inf,65.19147954821645,30.54035303056176,99.98,97.42961158333716,-34.65112651765469,-2.550388416662841
10,bus_25,0.5,100.0,inf,30.0,65.1697747964491,26.630930537156228,99.98,60.97121721924466,-38.53884425929287,-39.00878278075535
10,bus_25,0.5,100.0,inf,40.0,65.04046876943222,20.618341515860074,99.98,81.16128963547337,-44.42212725357215,-18.818710364526638
10,bus_25,0.5,100.0,inf,inf,61.9075510491642,49.645928281691745,99.98,99.98,-12.261622767472453,0.0
10,bus_25,0.5,500.0,20.0,30.0,99.98,99.98,99.98,99.98,0.0,0.0
10,bus_25,0.5,500.0,20.0,40.0,99.98,99.98,99.98,99.98,0.0,0.0
10,bus_25,0.5,500.0,20.0,inf,99.98,99.98,99.98,99.98,0.0,0.0
10,bus_25,0.5,500.0,30.0,30.0,99.98,99.98,99.98,99.98,0.0,0.0
10,bus_25,0.5,500.0,30.0,40.0,99.98,99.98,99.98,99.98,0.0,0.0
10,bus_25,0.5,500.0,30.0,inf,99.98,99.98,99.98,99.98,0.0,0.0
10,bus_25,0.5,500.0,40.0,30.0,99.98,99.98,99.98,99.98,0.0,0.0
10,bus_25,0.5,500.0,40.0,40.0,99.98,99.98,99.98,99.98,0.0,0.0
10,bus_25,0.5,500.0,40.0,inf,99.98,99.98,99.98,99.98,0.0,0.0
10,bus_25,0.5,500.0,inf,30.0,99.98,99.98,99.98,99.98,0.0,0.0
10,bus_25,0.5,500.0,inf,40.0,99.98,99.98,99.98,99.98,0.0,0.0
10,bus_25,0.5,500.0,inf,inf,99.98,99.98,99.98,99.98,0.0,0.0
10,bus_25,0.5,1000.0,20.0,30.0,99.98,99.98,99.98,99.98,0.0,0.0
10,bus_25,0.5,1000.0,20.0,40.0,99.98,99.98,99.98,99.98,0.0,0.0
10,bus_25,0.5,1000.0,20.0,inf,99.98,99.98,99.98,99.98,0.0,0.0
10,bus_25,0.5,1000.0,30.0,30.0,99.98,99.98,99.98,99.98,0.0,0.0
10,bus_25,0.5,1000.0,30.0,40.0,99.98,99.98,99.98,99.98,0.0,0.0
10,bus_25,0.5,1000.0,30.0,inf,99.98,99.98,99.98,99.98,0.0,0.0
10,bus_25,0.5,1000.0,40.0,30.0,99.98,99.98,99.98,99.98,0.0,0.0
10,bus_25,0.5,1000.0,40.0,40.0,99.98,99.98,99.98,99.98,0.0,0.0
10,bus_25,0.5,1000.0,40.0,inf,99.98,99.98,99.98,99.98,0.0,0.0
10,bus_25,0.5,1000.0,inf,30.0,99.98,99.98,99.98,99.98,0.0,0.0
10,bus_25,0.5,1000.0,inf,40.0,99.98,99.98,99.98,99.98,0.0,0.0
10,bus_25,0.5,1000.0,inf,inf,99.98,99.98,99.98,99.98,0.0,0.0
10,bus_25,0.5,2000.0,20.0,30.0,99.98,99.98,99.98,99.98,0.0,0.0
10,bus_25,0.5,2000.0,20.0,40.0,99.98,99.98,99.98,99.98,0.0,0.0
10,bus_25,0.5,2000.0,20.0,inf,99.98,99.98,99.98,99.98,0.0,0.0
10,bus_25,0.5,2000.0,30.0,30.0,99.98,99.98,99.98,99.98,0.0,0.0
10,bus_25,0.5,2000.0,30.0,40.0,99.98,99.98,99.98,99.98,0.0,0.0
10,bus_25,0.5,2000.0,30.0,inf,99.98,99.98,99.98,99.98,0.0,0.0
10,bus_25,0.5,2000.0,40.0,30.0,99.98,99.98,99.98,99.98,0.0,0.0
10,bus_25,0.5,2000.0,40.0,40.0,99.98,99.98,99.98,99.98,0.0,0.0
10,bus_25,0.5,2000.0,40.0,inf,99.98,99.98,99.98,99.98,0.0,0.0
10,bus_25,0.5,2000.0,inf,30.0,99.98,99.98,99.98,99.98,0.0,0.0
10,bus_25,0.5,2000.0,inf,40.0,99.98,99.98,99.98,99.98,0.0,0.0
10,bus_25,0.5,2000.0,inf,inf,99.98,99.98,99.98,99.98,0.0,0.0
10,bus_25,0.5,5000.0,20.0,30.0,99.98,99.98,99.98,99.98,0.0,0.0
10,bus_25,0.5,5000.0,20.0,40.0,99.98,99.98,99.98,99.98,0.0,0.0
10,bus_25,0.5,5000.0,20.0,inf,99.98,99.98,99.98,99.98,0.0,0.0
10,bus_25,0.5,5000.0,30.0,30.0,99.98,99.98,99.98,99.98,0.0,0.0
10,bus_25,0.5,5000.0,30.0,40.0,99.98,99.98,99.98,99.98,0.0,0.0
10,bus_25,0.5,5000.0,30.0,inf,99.98,99.98,99.98,99.98,0.0,0.0
10,bus_25,0.5,5000.0,40.0,30.0,99.98,99.98,99.98,99.98,0.0,0.0
10,bus_25,0.5,5000.0,40.0,40.0,99.98,99.98,99.98,99.98,0.0,0.0
10,bus_25,0.5,5000.0,40.0,inf,99.98,99.98,99.98,99.98,0.0,0.0
10,bus_25,0.5,5000.0,inf,30.0,99.98,99.98,99.98,99.98,0.0,0.0
10,bus_25,0.5,5000.0,inf,40.0,99.98,99.98,99.98,99.98,0.0,0.0
10,bus_25,0.5,5000.0,inf,inf,99.98,99.98,99.98,99.98,0.0,0.0
11,bus_01,0.5,100.0,20.0,30.0,67.33784106580316,44.837875326559406,98.79515392679284,79.47994258658488,-22.499965739243756,-19.315211340207952
11,bus_01,0.5,100.0,20.0,40.0,65.14563089070694,30.82142815753458,99.98,99.98,-34.324202733172356,0.0
11,bus_01,0.5,100.0,20.0,inf,65.0537634144517,40.828324675565,99.38053159836838,85.43963584257077,-24.225438738886695,-13.940895755797612
11,bus_01,0.5,100.0,30.0,30.0,67.24705728710022,67.29438622556799,99.98,97.5431988941354,0.04732893846777131,-2.4368011058646033
11,bus_01,0.5,100.0,30.0,40.0,65.15214128552894,32.82338129411202,99.98,91.58113375794201,-32.32875999141692,-8.398866242057991
11,bus_01,0.5,100.0,30.0,inf,65.42770305017858,71.13504595734048,99.98,99.98,5.707342907161902,0.0
11,bus_01,0.5,100.0,40.0,30.0,63.060311286873805,24.626005883776415,99.98,99.39851827637995,-38.43430540309739,-0.5814817236200582
11,bus_01,0.5,100.0,40.0,40.0,64.99510529155366,24.41627715601955,99.98,57.008145732983316,-40.57882813553411,-42.97185426701669
11,bus_01,0.5,100.0,40.0,inf,64.97004273352725,22.397995095460132,99.90513579935654,99.98,-42.57204763806712,0.07486420064346078
11,bus_01,0.5,100.0,inf,30.0,59.229062079685534,54.87164039651067,99.98,95.38971731289325,-4.357421683174863,-4.59028268710675
11,bus_01,0.5,100.0,inf,40.0,63.280609508982266,22.471499648144576,99.78469238375499,79.23219770732794,-40.809109860837694,-20.552494676427045
11,bus_01,0.5,100.0,inf,inf,61.9075510491642,67.8350069591919,99.98,99.98,5.927455910027703,0.0
11,bus_01,0.5,500.0,20.0,30.0,99.98,99.98,99.98,99.98,0.0,0.0
11,bus_01,0.5,500.0,20.0,40.0,99.98,99.98,99.98,99.98,0.0,0.0
11,bus_01,0.5,500.0,20.0,inf,99.98,99.98,99.98,99.98,0.0,0.0
11,bus_01,0.5,500.0,30.0,30.0,99.98,99.98,99.98,99.98,0.0,0.0
11,bus_01,0.5,500.0,30.0,40.0,99.98,99.98,99.98,99.98,0.0,0.0
11,bus_01,0.5,500.0,30.0,inf,99.98,99.98,99.98,99.98,0.0,0.0
11,bus_01,0.5,500.0,40.0,30.0,99.98,99.98,99.98,99.98,0.0,0.0
11,bus_01,0.5,500.0,40.0,40.0,99.98,99.98,99.98,99.98,0.0,0.0
11,bus_01,0.5,500.0,40.0,inf,99.98,99.98,99.98,99.98,0.0,0.0
11,bus_01,0.5,500.0,inf,30.0,99.98,99.98,99.98,99.98,0.0,0.0
11,bus_01,0.5,500.0,inf,40.0,99.98,99.98,99.98,99.98,0.0,0.0
11,bus_01,0.5,500.0,inf,inf,99.98,99.98,99.98,99.98,0.0,0.0
11,bus_01,0.5,1000.0,20.0,30.0,99.98,99.98,99.98,99.98,0.0,0.0
11,bus_01,0.5,1000.0,20.0,40.0,99.98,99.98,99.98,99.98,0.0,0.0
11,bus_01,0.5,1000.0,20.0,inf,99.98,99.98,99.98,99.98,0.0,0.0
11,bus_01,0.5,1000.0,30.0,30.0,99.98,99.98,99.98,99.98,0.0,0.0
11,bus_01,0.5,1000.0,30.0,40.0,99.98,99.98,99.98,99.98,0.0,0.0
11,bus_01,0.5,1000.0,30.0,inf,99.98,99.98,99.98,99.98,0.0,0.0
11,bus_01,0.5,1000.0,40.0,30.0,99.98,99.98,99.98,99.98,0.0,0.0
11,bus_01,0.5,1000.0,40.0,40.0,99.98,99.98,99.98,99.98,0.0,0.0
11,bus_01,0.5,1000.0,40.0,inf,99.98,99.98,99.98,99.98,0.0,0.0
11,bus_01,0.5,1000.0,inf,30.0,99.98,99.98,99.98,99.98,0.0,0.0
11,bus_01,0.5,1000.0,inf,40.0,99.98,99.98,99.98,99.98,0.0,0.0
11,bus_01,0.5,1000.0,inf,inf,99.98,99.98,99.98,99.98,0.0,0.0
11,bus_01,0.5,2000.0,20.0,30.0,99.98,99.98,99.98,99.98,0.0,0.0
11,bus_01,0.5,2000.0,20.0,40.0,99.98,99.98,99.98,99.98,0.0,0.0
11,bus_01,0.5,2000.0,20.0,inf,99.98,99.98,99.98,99.98,0.0,0.0
11,bus_01,0.5,2000.0,30.0,30.0,99.98,99.98,99.98,99.98,0.0,0.0
11,bus_01,0.5,2000.0,30.0,40.0,99.98,99.98,99.98,99.98,0.0,0.0
11,bus_01,0.5,2000.0,30.0,inf,99.98,99.98,99.98,99.98,0.0,0.0
11,bus_01,0.5,2000.0,40.0,30.0,99.98,99.98,99.98,99.98,0.0,0.0
11,bus_01,0.5,2000.0,40.0,40.0,99.98,99.98,99.98,99.98,0.0,0.0
11,bus_01,0.5,2000.0,40.0,inf,99.98,99.98,99.98,99.98,0.0,0.0
11,bus_01,0.5,2000.0,inf,30.0,99.98,99.98,99.98,99.98,0.0,0.0
11,bus_01,0.5,2000.0,inf,40.0,99.98,99.98,99.98,99.98,0.0,0.0
11,bus_01,0.5,2000.0,inf,inf,99.98,99.98,99.98,99.98,0.0,0.0
11,bus_01,0.5,5000.0,20.0,30.0,99.98,99.98,99.98,99.98,0.0,0.0
11,bus_01,0.5,5000.0,20.0,40.0,99.98,99.98,99.98,99.98,0.0,0.0
11,bus_01,0.5,5000.0,20.0,inf,99.98,99.98,99.98,99.98,0.0,0.0
11,bus_01,0.5,5000.0,30.0,30.0,99.98,99.98,99.98,99.98,0.0,0.0
11,bus_01,0.5,5000.0,30.0,40.0,99.98,99.98,99.98,99.98,0.0,0.0
11,bus_01,0.5,5000.0,30.0,inf,99.98,99.98,99.98,99.98,0.0,0.0
11,bus_01,0.5,5000.0,40.0,30.0,99.98,99.98,99.98,99.98,0.0,0.0
11,bus_01,0.5,5000.0,40.0,40.0,99.98,99.98,99.98,99.98,0.0,0.0
11,bus_01,0.5,5000.0,40.0,inf,99.98,99.98,99.98,99.98,0.0,0.0
11,bus_01,0.5,5000.0,inf,30.0,99.98,99.98,99.98,99.98,0.0,0.0
11,bus_01,0.5,5000.0,inf,40.0,99.98,99.98,99.98,99.98,0.0,0.0
11,bus_01,0.5,5000.0,inf,inf,99.98,99.98,99.98,99.98,0.0,0.0
11,bus_07,0.5,100.0,20.0,30.0,59.13401142521955,34.65894117956814,93.83081732071572,61.00690011506775,-24.47507024565141,-32.82391720564797
11,bus_07,0.5,100.0,20.0,40.0,67.1019869255589,38.69547225901341,99.57359819990772,85.22485581984236,-28.406514666545498,-14.34874238006536
11,bus_07,0.5,100.0,20.0,inf,65.19904760513336,26.516983932161708,99.98,99.98,-38.68206367297165,0.0
11,bus_07,0.5,100.0,30.0,30.0,67.45928166796216,61.220140626643406,99.74870021293434,67.00219074933709,-6.239141041318753,-32.74650946359725
11,bus_07,0.5,100.0,30.0,40.0,65.1716386802311,44.93049567644005,99.94810579020643,99.98,-20.241143003791045,0.03189420979357749
11,bus_07,0.5,100.0,30.0,inf,63.262743473679485,34.78477302907361,99.98,96.09850433088735,-28.477970444605873,-3.8814956691126525
11,bus_07,0.5,100.0,40.0,30.0,63.11440012641967,73.25005308457322,99.7462682654326,99.98,10.135652958153557,0.23373173456739949
11,bus_07,0.5,100.0,40.0,40.0,65.2075744355556,32.78085495598205,99.95390728213181,77.29528478824909,-32.42671947957355,-22.658622493882717
11,bus_07,0.5,100.0,40.0,inf,65.14191474213827,18.37920340380732,99.94116877251258,71.15046183000614,-46.762711338330945,-28.790706942506446
11,bus_07,0.5,100.0,inf,30.0,67.4147698850271,30.468656240514736,99.98,96.97870139460622,-36.946113644512366,-3.001298605393785
11,bus_07,0.5,100.0,inf,40.0,63.22650318016373,60.8750665228261,99.7111278543928,99.98,-2.3514366573376293,0.2688721456072045
11,bus_07,0.5,100.0,inf,inf,61.9075510491642,21.156164640930918,99.98,96.95473538206613,-40.75138640823328,-3.025264617933871
11,bus_07,0.5,500.0,20.0,30.0,99.98,99.98,99.98,99.98,0.0,0.0
11,bus_07,0.5,500.0,20.0,40.0,99.98,99.98,99.98,99.98,0.0,0.0
11,bus_07,0.5,500.0,20.0,inf,99.98,99.98,99.98,99.98,0.0,0.0
11,bus_07,0.5,500.0,30.0,30.0,99.98,99.98,99.98,99.98,0.0,0.0
11,bus_07,0.5,500.0,30.0,40.0,99.98,99.98,99.98,99.98,0.0,0.0
11,bus_07,0.5,500.0,30.0,inf,99.98,99.98,99.98,99.98,0.0,0.0
11,bus_07,0.5,500.0,40.0,30.0,99.98,99.98,99.98,99.98,0.0,0.0
11,bus_07,0.5,500.0,40.0,40.0,99.98,99.98,99.98,99.98,0.0,0.0
11,bus_07,0.5,500.0,40.0,inf,99.98,99.98,99.98,99.98,0.0,0.0
11,bus_07,0.5,500.0,inf,30.0,99.98,99.98,99.98,99.98,0.0,0.0
11,bus_07,0.5,500.0,inf,40.0,99.98,99.98,99.98,99.98,0.0,0.0
11,bus_07,0.5,500.0,inf,inf,99.98,99.98,99.98,99.98,0.0,0.0
11,bus_07,0.5,1000.0,20.0,30.0,99.98,99.98,99.98,99.98,0.0,0.0
11,bus_07,0.5,1000.0,20.0,40.0,99.98,99.98,99.98,99.98,0.0,0.0
11,bus_07,0.5,1000.0,20.0,inf,99.98,99.98,99.98,99.98,0.0,0.0
11,bus_07,0.5,1000.0,30.0,30.0,99.98,99.98,99.98,99.98,0.0,0.0
11,bus_07,0.5,1000.0,30.0,40.0,99.98,99.98,99.98,99.98,0.0,0.0
11,bus_07,0.5,1000.0,30.0,inf,99.98,99.98,99.98,99.98,0.0,0.0
11,bus_07,0.5,1000.0,40.0,30.0,99.98,99.98,99.98,99.98,0.0,0.0
11,bus_07,0.5,1000.0,40.0,40.0,99.98,99.98,99.98,99.98,0.0,0.0
11,bus_07,0.5,1000.0,40.0,inf,99.98,99.98,99.98,99.98,0.0,0.0
11,bus_07,0.5,1000.0,inf,30.0,99.98,99.98,99.98,99.98,0.0,0.0
11,bus_07,0.5,1000.0,inf,40.0,99.98,99.98,99.98,99.98,0.0,0.0
11,bus_07,0.5,1000.0,inf,inf,99.98,99.98,99.98,99.98,0.0,0.0
11,bus_07,0.5,2000.0,20.0,30.0,99.98,99.98,99.98,99.98,0.0,0.0
11,bus_07,0.5,2000.0,20.0,40.0,99.98,99.98,99.98,99.98,0.0,0.0
11,bus_07,0.5,2000.0,20.0,inf,99.98,99.98,99.98,99.98,0.0,0.0
11,bus_07,0.5,2000.0,30.0,30.0,99.98,99.98,99.98,99.98,0.0,0.0
11,bus_07,0.5,2000.0,30.0,40.0,99.98,99.98,99.98,99.98,0.0,0.0
11,bus_07,0.5,2000.0,30.0,inf,99.98,99.98,99.98,99.98,0.0,0.0
11,bus_07,0.5,2000.0,40.0,30.0,99.98,99.98,99.98,99.98,0.0,0.0
11,bus_07,0.5,2000.0,40.0,40.0,99.98,99.98,99.98,99.98,0.0,0.0
11,bus_07,0.5,2000.0,40.0,inf,99.98,99.98,99.98,99.98,0.0,0.0
11,bus_07,0.5,2000.0,inf,30.0,99.98,99.98,99.98,99.98,0.0,0.0
11,bus_07,0.5,2000.0,inf,40.0,99.98,99.98,99.98,99.98,0.0,0.0
11,bus_07,0.5,2000.0,inf,inf,99.98,99.98,99.98,99.98,0.0,0.0
11,bus_07,0.5,5000.0,20.0,30.0,99.98,99.98,99.98,99.98,0.0,0.0
11,bus_07,0.5,5000.0,20.0,40.0,99.98,99.98,99.98,99.98,0.0,0.0
11,bus_07,0.5,5000.0,20.0,inf,99.98,99.98,99.98,99.98,0.0,0.0
11,bus_07,0.5,5000.0,30.0,30.0,99.98,99.98,99.98,99.98,0.0,0.0
11,bus_07,0.5,5000.0,30.0,40.0,99.98,99.98,99.98,99.98,0.0,0.0
11,bus_07,0.5,5000.0,30.0,inf,99.98,99.98,99.98,99.98,0.0,0.0
11,bus_07,0.5,5000.0,40.0,30.0,99.98,99.98,99.98,99.98,0.0,0.0
11,bus_07,0.5,5000.0,40.0,40.0,99.98,99.98,99.98,99.98,0.0,0.0
11,bus_07,0.5,5000.0,40.0,inf,99.98,99.98,99.98,99.98,0.0,0.0
11,bus_07,0.5,5000.0,inf,30.0,99.98,99.98,99.98,99.98,0.0,0.0
11,bus_07,0.5,5000.0,inf,40.0,99.98,99.98,99.98,99.98,0.0,0.0
11,bus_07,0.5,5000.0,inf,inf,99.98,99.98,99.98,99.98,0.0,0.0
11,bus_13,0.5,100.0,20.0,30.0,63.25141512869946,59.01321595163085,99.80794438084938,96.17122591940826,-4.238199177068616,-3.63671846144112
11,bus_13,0.5,100.0,20.0,40.0,67.02429257381482,34.912308897851155,99.98,83.39459697755632,-32.111983675963664,-16.585403022443685
11,bus_13,0.5,100.0,20.0,inf,61.16993042826269,73.0233477116216,99.98,99.9758336736388,11.853417283358908,-0.004166326361200845
11,bus_13,0.5,100.0,30.0,30.0,65.12770658765848,26.565091443953616,99.98,81.15174556461675,-38.56261514370486,-18.828254435383258
11,bus_13,0.5,100.0,30.0,40.0,61.34168514027889,36.83187160030158,99.98,95.85447490750532,-24.50981353997731,-4.125525092494684
11,bus_13,0.5,100.0,30.0,inf,65.07647193829561,40.78522103178975,99.98,99.98,-24.29125090650586,0.0
11,bus_13,0.5,100.0,40.0,30.0,65.21891592083287,22.497755216399863,99.98,96.95582137182842,-42.721160704433004,-3.0241786281715832
11,bus_13,0.5,100.0,40.0,40.0,65.03305460214102,44.860845899420376,99.80458871490825,99.98,-20.172208702720646,0.17541128509175508
11,bus_13,0.5,100.0,40.0,inf,63.39735909987181,22.568575290908765,99.90030959154178,54.9779074221592,-40.82878380896304,-44.922402169382586
11,bus_13,0.5,100.0,inf,30.0,61.217057718847045,58.77503568968825,99.98,99.91588787950326,-2.4420220291587924,-0.06411212049674475
11,bus_13,0.5,100.0,inf,40.0,65.03267512576458,20.341167676036843,99.98,99.80721503109766,-44.69150744972774,-0.17278496890234862
11,bus_13,0.5,100.0,inf,inf,61.9075510491642,71.79884685257284,99.98,99.98,9.891295803408639,0.0
11,bus_13,0.5,500.0,20.0,30.0,99.98,99.98,99.98,99.98,0.0,0.0
11,bus_13,0.5,500.0,20.0,40.0,99.98,99.98,99.98,99.98,0.0,0.0
11,bus_13,0.5,500.0,20.0,inf,99.98,99.98,99.98,99.98,0.0,0.0
11,bus_13,0.5,500.0,30.0,30.0,99.98,99.98,99.98,99.98,0.0,0.0
11,bus_13,0.5,500.0,30.0,40.0,99.98,99.98,99.98,99.98,0.0,0.0
11,bus_13,0.5,500.0,30.0,inf,99.98,99.98,99.98,99.98,0.0,0.0
11,bus_13,0.5,500.0,40.0,30.0,99.98,99.98,99.98,99.98,0.0,0.0
11,bus_13,0.5,500.0,40.0,40.0,99.98,99.98,99.98,99.98,0.0,0.0
11,bus_13,0.5,500.0,40.0,inf,99.98,99.98,99.98,99.98,0.0,0.0
11,bus_13,0.5,500.0,inf,30.0,99.98,99.98,99.98,99.98,0.0,0.0
11,bus_13,0.5,500.0,inf,40.0,99.98,99.98,99.98,99.98,0.0,0.0
11,bus_13,0.5,500.0,inf,inf,99.98,99.98,99.98,99.98,0.0,0.0
11,bus_13,0.5,1000.0,20.0,30.0,99.98,99.98,99.98,99.98,0.0,0.0
11,bus_13,0.5,1000.0,20.0,40.0,99.98,99.98,99.98,99.98,0.0,0.0
11,bus_13,0.5,1000.0,20.0,inf,99.98,99.98,99.98,99.98,0.0,0.0
11,bus_13,0.5,1000.0,30.0,30.0,99.98,99.98,99.98,99.98,0.0,0.0
11,bus_13,0.5,1000.0,30.0,40.0,99.98,99.98,99.98,99.98,0.0,0.0
11,bus_13,0.5,1000.0,30.0,inf,99.98,99.98,99.98,99.98,0.0,0.0
11,bus_13,0.5,1000.0,40.0,30.0,99.98,99.98,99.98,99.98,0.0,0.0
11,bus_13,0.5,1000.0,40.0,40.0,99.98,99.98,99.98,99.98,0.0,0.0
11,bus_13,0.5,1000.0,40.0,inf,99.98,99.98,99.98,99.98,0.0,0.0
11,bus_13,0.5,1000.0,inf,30.0,99.98,99.98,99.98,99.98,0.0,0.0
11,bus_13,0.5,1000.0,inf,40.0,99.98,99.98,99.98,99.98,0.0,0.0
11,bus_13,0.5,1000.0,inf,inf,99.98,99.98,99.98,99.98,0.0,0.0
11,bus_13,0.5,2000.0,20.0,30.0,99.98,99.98,99.98,99.98,0.0,0.0
11,bus_13,0.5,2000.0,20.0,40.0,99.98,99.98,99.98,99.98,0.0,0.0
11,bus_13,0.5,2000.0,20.0,inf,99.98,99.98,99.98,99.98,0.0,0.0
11,bus_13,0.5,2000.0,30.0,30.0,99.98,99.98,99.98,99.98,0.0,0.0
11,bus_13,0.5,2000.0,30.0,40.0,99.98,99.98,99.98,99.98,0.0,0.0
11,bus_13,0.5,2000.0,30.0,inf,99.98,99.98,99.98,99.98,0.0,0.0
11,bus_13,0.5,2000.0,40.0,30.0,99.98,99.98,99.98,99.98,0.0,0.0
11,bus_13,0.5,2000.0,40.0,40.0,99.98,99.98,99.98,99.98,0.0,0.0
11,bus_13,0.5,2000.0,40.0,inf,99.98,99.98,99.98,99.98,0.0,0.0
11,bus_13,0.5,2000.0,inf,30.0,99.98,99.98,99.98,99.98,0.0,0.0
11,bus_13,0.5,2000.0,inf,40.0,99.98,99.98,99.98,99.98,0.0,0.0
11,bus_13,0.5,2000.0,inf,inf,99.98,99.98,99.98,99.98,0.0,0.0
11,bus_13,0.5,5000.0,20.0,30.0,99.98,99.98,99.98,99.98,0.0,0.0
11,bus_13,0.5,5000.0,20.0,40.0,99.98,99.98,99.98,99.98,0.0,0.0
11,bus_13,0.5,5000.0,20.0,inf,99.98,99.98,99.98,99.98,0.0,0.0
11,bus_13,0.5,5000.0,30.0,30.0,99.98,99.98,99.98,99.98,0.0,0.0
11,bus_13,0.5,5000.0,30.0,40.0,99.98,99.98,99.98,99.98,0.0,0.0
11,bus_13,0.5,5000.0,30.0,inf,99.98,99.98,99.98,99.98,0.0,0.0
11,bus_13,0.5,5000.0,40.0,30.0,99.98,99.98,99.98,99.98,0.0,0.0
11,bus_13,0.5,5000.0,40.0,40.0,99.98,99.98,99.98,99.98,0.0,0.0
11,bus_13,0.5,5000.0,40.0,inf,99.98,99.98,99.98,99.98,0.0,0.0
11,bus_13,0.5,5000.0,inf,30.0,99.98,99.98,99.98,99.98,0.0,0.0
11,bus_13,0.5,5000.0,inf,40.0,99.98,99.98,99.98,99.98,0.0,0.0
11,bus_13,0.5,5000.0,inf,inf,99.98,99.98,99.98,99.98,0.0,0.0
11,bus_19,0.5,100.0,20.0,30.0,69.26577635216601,42.74249554644799,99.98,89.52432030567834,-26.523280805718024,-10.45567969432166
11,bus_19,0.5,100.0,20.0,40.0,63.37250522066462,42.71960243241567,99.98,99.98,-20.65290278824895,0.0
11,bus_19,0.5,100.0,20.0,inf,67.39098529010117,32.89523290236882,99.98,97.58404177217102,-34.49575238773235,-2.3959582278289844
11,bus_19,0.5,100.0,30.0,30.0,65.12993794561028,26.640497255809482,99.98,91.32484458392025,-38.4894406898008,-8.65515541607975
11,bus_19,0.5,100.0,30.0,40.0,65.37855663983672,42.66932255847304,99.98,73.25436472715852,-22.709234081363675,-26.725635272841487
11,bus_19,0.5,100.0,30.0,inf,65.06389452543524,32.66054185435174,99.98,99.98,-32.4033526710835,0.0
11,bus_19,0.5,100.0,40.0,30.0,65.04937959793376,50.96261676099461,99.7073543483986,99.98,-14.086762836939158,0.2726456516014082
11,bus_19,0.5,100.0,40.0,40.0,65.01191905279896,60.92087218518667,99.98,99.98,-4.091046867612292,0.0
11,bus_19,0.5,100.0,40.0,inf,63.34650006562976,26.8458935645562,99.94550583527389,50.97732771007921,-36.50060650107356,-48.96817812519468
11,bus_19,0.5,100.0,inf,30.0,63.23885634337344,36.738747491589265,99.78863765394472,99.98,-26.500108851784177,0.19136234605528557
11,bus_19,0.5,100.0,inf,40.0,65.04808860491687,22.59706258904427,99.7642387575117,66.96185168359963,-42.4510260158726,-32.80238707391207
11,bus_19,0.5,100.0,inf,inf,61.9075510491642,35.48092699764792,99.98,89.79077909478244,-26.426624051516278,-10.189220905217567
11,bus_19,0.5,500.0,20.0,30.0,99.98,99.98,99.98,99.98,0.0,0.0
11,bus_19,0.5,500.0,20.0,40.0,99.98,99.98,99.98,99.98,0.0,0.0
11,bus_19,0.5,500.0,20.0,inf,99.98,99.98,99.98,99.98,0.0,0.0
11,bus_19,0.5,500.0,30.0,30.0,99.98,99.98,99.98,99.98,0.0,0.0
11,bus_19,0.5,500.0,30.0,40.0,99.98,99.98,99.98,99.98,0.0,0.0
11,bus_19,0.5,500.0,30.0,inf,99.98,99.98,99.98,99.98,0.0,0.0
11,bus_19,0.5,500.0,40.0,30.0,99.98,99.98,99.98,99.98,0.0,0.0
11,bus_19,0.5,500.0,40.0,40.0,99.98,99.98,99.98,99.98,0.0,0.0
11,bus_19,0.5,500.0,40.0,inf,99.98,99.98,99.98,99.98,0.0,0.0
11,bus_19,0.5,500.0,inf,30.0,99.98,99.98,99.98,99.98,0.0,0.0
11,bus_19,0.5,500.0,inf,40.0,99.98,99.98,99.98,99.98,0.0,0.0
11,bus_19,0.5,500.0,inf,inf,99.98,99.98,99.98,99.98,0.0,0.0
11,bus_19,0.5,1000.0,20.0,30.0,99.98,99.98,99.98,99.98,0.0,0.0
11,bus_19,0.5,1000.0,20.0,40.0,99.98,99.98,99.98,99.98,0.0,0.0
11,bus_19,0.5,1000.0,20.0,inf,99.98,99.98,99.98,99.98,0.0,0.0
11,bus_19,0.5,1000.0,30.0,30.0,99.98,99.98,99.98,99.98,0.0,0.0
11,bus_19,0.5,1000.0,30.0,40.0,99.98,99.98,99.98,99.98,0.0,0.0
11,bus_19,0.5,1000.0,30.0,inf,99.98,99.98,99.98,99.98,0.0,0.0
11,bus_19,0.5,1000.0,40.0,30.0,99.98,99.98,99.98,99.98,0.0,0.0
11,bus_19,0.5,1000.0,40.0,40.0,99.98,99.98,99.98,99.98,0.0,0.0
11,bus_19,0.5,1000.0,40.0,inf,99.98,99.98,99.98,99.98,0.0,0.0
11,bus_19,0.5,1000.0,inf,30.0,99.98,99.98,99.98,99.98,0.0,0.0
11,bus_19,0.5,1000.0,inf,40.0,99.98,99.98,99.98,99.98,0.0,0.0
11,bus_19,0.5,1000.0,inf,inf,99.98,99.98,99.98,99.98,0.0,0.0
11,bus_19,0.5,2000.0,20.0,30.0,99.98,99.98,99.98,99.98,0.0,0.0
11,bus_19,0.5,2000.0,20.0,40.0,99.98,99.98,99.98,99.98,0.0,0.0
11,bus_19,0.5,2000.0,20.0,inf,99.98,99.98,99.98,99.98,0.0,0.0
11,bus_19,0.5,2000.0,30.0,30.0,99.98,99.98,99.98,99.98,0.0,0.0
11,bus_19,0.5,2000.0,30.0,40.0,99.98,99.98,99.98,99.98,0.0,0.0
11,bus_19,0.5,2000.0,30.0,inf,99.98,99.98,99.98,99.98,0.0,0.0
11,bus_19,0.5,2000.0,40.0,30.0,99.98,99.98,99.98,99.98,0.0,0.0
11,bus_19,0.5,2000.0,40.0,40.0,99.98,99.98,99.98,99.98,0.0,0.0
11,bus_19,0.5,2000.0,40.0,inf,99.98,99.98,99.98,99.98,0.0,0.0
11,bus_19,0.5,2000.0,inf,30.0,99.98,99.98,99.98,99.98,0.0,0.0
11,bus_19,0.5,2000.0,inf,40.0,99.98,99.98,99.98,99.98,0.0,0.0
11,bus_19,0.5,2000.0,inf,inf,99.98,99.98,99.98,99.98,0.0,0.0
11,bus_19,0.5,5000.0,20.0,30.0,99.98,99.98,99.98,99.98,0.0,0.0
11,bus_19,0.5,5000.0,20.0,40.0,99.98,99.98,99.98,99.98,0.0,0.0
11,bus_19,0.5,5000.0,20.0,inf,99.98,99.98,99.98,99.98,0.0,0.0
11,bus_19,0.5,5000.0,30.0,30.0,99.98,99.98,99.98,99.98,0.0,0.0
11,bus_19,0.5,5000.0,30.0,40.0,99.98,99.98,99.98,99.98,0.0,0.0
11,bus_19,0.5,5000.0,30.0,inf,99.98,99.98,99.98,99.98,0.0,0.0
11,bus_19,0.5,5000.0,40.0,30.0,99.98,99.98,99.98,99.98,0.0,0.0
11,bus_19,0.5,5000.0,40.0,40.0,99.98,99.98,99.98,99.98,0.0,0.0
11,bus_19,0.5,5000.0,40.0,inf,99.98,99.98,99.98,99.98,0.0,0.0
11,bus_19,0.5,5000.0,inf,30.0,99.98,99.98,99.98,99.98,0.0,0.0
11,bus_19,0.5,5000.0,inf,40.0,99.98,99.98,99.98,99.98,0.0,0.0
11,bus_19,0.5,5000.0,inf,inf,99.98,99.98,99.98,99.98,0.0,0.0
11,bus_25,0.5,100.0,20.0,30.0,67.27200572108434,63.3210915007379,99.98,99.98,-3.9509142203464407,0.0
11,bus_25,0.5,100.0,20.0,40.0,67.26390474150487,24.693762670445984,98.60463974375946,61.16829184473441,-42.57014207105889,-37.43634789902505
11,bus_25,0.5,100.0,20.0,inf,71.42250758310507,79.17144424282137,99.98,99.98,7.748936659716293,0.0
11,bus_25,0.5,100.0,30.0,30.0,63.32895951357981,24.736416409189076,99.98,96.55662842669219,-38.592543104390735,-3.4233715733078185
11,bus_25,0.5,100.0,30.0,40.0,65.09288347189663,22.716596810102708,99.98,65.0752217559597,-42.37628666179392,-34.9047782440403
11,bus_25,0.5,100.0,30.0,inf,63.38108158938941,18.570660034527908,99.98,99.98,-44.810421554861506,0.0
11,bus_25,0.5,100.0,40.0,30.0,69.10106440027207,59.04652173545023,99.98,99.01985292586286,-10.054542664821838,-0.9601470741371401
11,bus_25,0.5,100.0,40.0,40.0,65.36172910907266,28.496912718204726,99.94072732433045,99.98,-36.86481639086793,0.03927267566955095
11,bus_25,0.5,100.0,40.0,inf,65.22020631273078,75.28276362219515,99.98,75.05751511600984,10.062557309464367,-24.922484883990165
11,bus_25,0.5,100.0,inf,30.0,63.235537052874356,38.90233056117243,99.98,71.4898205401566,-24.33320649170193,-28.490179459843404
11,bus_25,0.5,100.0,inf,40.0,65.29633464613696,38.837142370250035,99.98,95.32254091446816,-26.45919227588692,-4.6574590855318405
11,bus_25,0.5,100.0,inf,inf,61.9075510491642,21.341485418098248,99.98,83.77166512353013,-40.56606563106595,-16.208334876469877
11,bus_25,0.5,500.0,20.0,30.0,99.98,99.98,99.98,99.98,0.0,0.0
11,bus_25,0.5,500.0,20.0,40.0,99.98,99.98,99.98,99.98,0.0,0.0
11,bus_25,0.5,500.0,20.0,inf,99.98,99.98,99.98,99.98,0.0,0.0
11,bus_25,0.5,500.0,30.0,30.0,99.98,99.98,99.98,99.98,0.0,0.0
11,bus_25,0.5,500.0,30.0,40.0,99.98,99.98,99.98,99.98,0.0,0.0
11,bus_25,0.5,500.0,30.0,inf,99.98,99.98,99.98,99.98,0.0,0.0
11,bus_25,0.5,500.0,40.0,30.0,99.98,99.98,99.98,99.98,0.0,0.0
11,bus_25,0.5,500.0,40.0,40.0,99.98,99.98,99.98,99.98,0.0,0.0
11,bus_25,0.5,500.0,40.0,inf,99.98,99.98,99.98,99.98,0.0,0.0
11,bus_25,0.5,500.0,inf,30.0,99.98,99.98,99.98,99.98,0.0,0.0
11,bus_25,0.5,500.0,inf,40.0,99.98,99.98,99.98,99.98,0.0,0.0
11,bus_25,0.5,500.0,inf,inf,99.98,99.98,99.98,99.98,0.0,0.0
11,bus_25,0.5,1000.0,20.0,30.0,99.98,99.98,99.98,99.98,0.0,0.0
11,bus_25,0.5,1000.0,20.0,40.0,99.98,99.98,99.98,99.98,0.0,0.0
11,bus_25,0.5,1000.0,20.0,inf,99.98,99.98,99.98,99.98,0.0,0.0
11,bus_25,0.5,1000.0,30.0,30.0,99.98,99.98,99.98,99.98,0.0,0.0
11,bus_25,0.5,1000.0,30.0,40.0,99.98,99.98,99.98,99.98,0.0,0.0
11,bus_25,0.5,1000.0,30.0,inf,99.98,99.98,99.98,99.98,0.0,0.0
11,bus_25,0.5,1000.0,40.0,30.0,99.98,99.98,99.98,99.98,0.0,0.0
11,bus_25,0.5,1000.0,40.0,40.0,99.98,99.98,99.98,99.98,0.0,0.0
11,bus_25,0.5,1000.0,40.0,inf,99.98,99.98,99.98,99.98,0.0,0.0
11,bus_25,0.5,1000.0,inf,30.0,99.98,99.98,99.98,99.98,0.0,0.0
11,bus_25,0.5,1000.0,inf,40.0,99.98,99.98,99.98,99.98,0.0,0.0
11,bus_25,0.5,1000.0,inf,inf,99.98,99.98,99.98,99.98,0.0,0.0
11,bus_25,0.5,2000.0,20.0,30.0,99.98,99.98,99.98,99.98,0.0,0.0
11,bus_25,0.5,2000.0,20.0,40.0,99.98,99.98,99.98,99.98,0.0,0.0
11,bus_25,0.5,2000.0,20.0,inf,99.98,99.98,99.98,99.98,0.0,0.0
11,bus_25,0.5,2000.0,30.0,30.0,99.98,99.98,99.98,99.98,0.0,0.0
11,bus_25,0.5,2000.0,30.0,40.0,99.98,99.98,99.98,99.98,0.0,0.0
11,bus_25,0.5,2000.0,30.0,inf,99.98,99.98,99.98,99.98,0.0,0.0
11,bus_25,0.5,2000.0,40.0,30.0,99.98,99.98,99.98,99.98,0.0,0.0
11,bus_25,0.5,2000.0,40.0,40.0,99.98,99.98,99.98,99.98,0.0,0.0
11,bus_25,0.5,2000.0,40.0,inf,99.98,99.98,99.98,99.98,0.0,0.0
11,bus_25,0.5,2000.0,inf,30.0,99.98,99.98,99.98,99.98,0.0,0.0
11,bus_25,0.5,2000.0,inf,40.0,99.98,99.98,99.98,99.98,0.0,0.0
11,bus_25,0.5,2000.0,inf,inf,99.98,99.98,99.98,99.98,0.0,0.0
11,bus_25,0.5,5000.0,20.0,30.0,99.98,99.98,99.98,99.98,0.0,0.0
11,bus_25,0.5,5000.0,20.0,40.0,99.98,99.98,99.98,99.98,0.0,0.0
11,bus_25,0.5,5000.0,20.0,inf,99.98,99.98,99.98,99.98,0.0,0.0
11,bus_25,0.5,5000.0,30.0,30.0,99.98,99.98,99.98,99.98,0.0,0.0
11,bus_25,0.5,5000.0,30.0,40.0,99.98,99.98,99.98,99.98,0.0,0.0
11,bus_25,0.5,5000.0,30.0,inf,99.98,99.98,99.98,99.98,0.0,0.0
11,bus_25,0.5,5000.0,40.0,30.0,99.98,99.98,99.98,99.98,0.0,0.0
11,bus_25,0.5,5000.0,40.0,40.0,99.98,99.98,99.98,99.98,0.0,0.0
11,bus_25,0.5,5000.0,40.0,inf,99.98,99.98,99.98,99.98,0.0,0.0
11,bus_25,0.5,5000.0,inf,30.0,99.98,99.98,99.98,99.98,0.0,0.0
11,bus_25,0.5,5000.0,inf,40.0,99.98,99.98,99.98,99.98,0.0,0.0
11,bus_25,0.5,5000.0,inf,inf,99.98,99.98,99.98,99.98,0.0,0.0
12,bus_01,0.5,100.0,20.0,30.0,71.00899197506291,36.6437173545764,99.98,99.98,-34.36527462048651,0.0
12,bus_01,0.5,100.0,20.0,40.0,61.04135936146228,26.650366876733568,99.98,83.27023381610707,-34.39099248472871,-16.70976618389294
12,bus_01,0.5,100.0,20.0,inf,65.31172710087995,28.68891752869852,99.08902748091873,75.39671231207869,-36.622809572181424,-23.69231516884004
12,bus_01,0.5,100.0,30.0,30.0,65.18902463861306,46.83889842864982,99.98,91.58178050437063,-18.350126209963243,-8.398219495629377
12,bus_01,0.5,100.0,30.0,40.0,63.19159937529639,40.858978290458836,99.98,99.87945739186998,-22.332621084837555,-0.10054260813002713
12,bus_01,0.5,100.0,30.0,inf,65.09280450994397,6.563635051671691,99.98,71.18065729943328,-58.529169458272285,-28.799342700566726
12,bus_01,0.5,100.0,40.0,30.0,65.14641982181149,67.09412215207158,99.98,99.98,1.9477023302600855,0.0
12,bus_01,0.5,100.0,40.0,40.0,65.04609525176328,32.80380375737927,99.98,77.23174587028808,-32.242291494384006,-22.748254129711924
12,bus_01,0.5,100.0,40.0,inf,65.15073721637965,51.117999874543905,99.98,97.47679567416134,-14.032737341835748,-2.5032043258386665
12,bus_01,0.5,100.0,inf,30.0,65.00695340953631,28.5574438934329,99.98,87.20334356492874,-36.449509516103404,-12.77665643507126
12,bus_01,0.5,100.0,inf,40.0,65.10181145185867,65.28371860018272,99.98,81.24647495777931,0.18190714832405774,-18.73352504222069
12,bus_01,0.5,100.0,inf,inf,61.9075510491642,72.08501462285538,99.98,99.98,10.177463573691185,0.0
12,bus_01,0.5,500.0,20.0,30.0,99.98,99.98,99.98,99.98,0.0,0.0
12,bus_01,0.5,500.0,20.0,40.0,99.98,99.98,99.98,99.98,0.0,0.0
12,bus_01,0.5,500.0,20.0,inf,99.98,99.98,99.98,99.98,0.0,0.0
12,bus_01,0.5,500.0,30.0,30.0,99.98,99.98,99.98,99.98,0.0,0.0
12,bus_01,0.5,500.0,30.0,40.0,99.98,99.98,99.98,99.98,0.0,0.0
12,bus_01,0.5,500.0,30.0,inf,99.98,99.98,99.98,99.98,0.0,0.0
12,bus_01,0.5,500.0,40.0,30.0,99.98,99.98,99.98,99.98,0.0,0.0
12,bus_01,0.5,500.0,40.0,40.0,99.98,99.98,99.98,99.98,0.0,0.0
12,bus_01,0.5,500.0,40.0,inf,99.98,99.98,99.98,99.98,0.0,0.0
12,bus_01,0.5,500.0,inf,30.0,99.98,99.98,99.98,99.98,0.0,0.0
12,bus_01,0.5,500.0,inf,40.0,99.98,99.98,99.98,99.98,0.0,0.0
12,bus_01,0.5,500.0,inf,inf,99.98,99.98,99.98,99.98,0.0,0.0
12,bus_01,0.5,1000.0,20.0,30.0,99.98,99.98,99.98,99.98,0.0,0.0
12,bus_01,0.5,1000.0,20.0,40.0,99.98,99.98,99.98,99.98,0.0,0.0
12,bus_01,0.5,1000.0,20.0,inf,99.98,99.98,99.98,99.98,0.0,0.0
12,bus_01,0.5,1000.0,30.0,30.0,99.98,99.98,99.98,99.98,0.0,0.0
12,bus_01,0.5,1000.0,30.0,40.0,99.98,99.98,99.98,99.98,0.0,0.0
12,bus_01,0.5,1000.0,30.0,inf,99.98,99.98,99.98,99.98,0.0,0.0
12,bus_01,0.5,1000.0,40.0,30.0,99.98,99.98,99.98,99.98,0.0,0.0
12,bus_01,0.5,1000.0,40.0,40.0,99.98,99.98,99.98,99.98,0.0,0.0
12,bus_01,0.5,1000.0,40.0,inf,99.98,99.98,99.98,99.98,0.0,0.0
12,bus_01,0.5,1000.0,inf,30.0,99.98,99.98,99.98,99.98,0.0,0.0
12,bus_01,0.5,1000.0,inf,40.0,99.98,99.98,99.98,99.98,0.0,0.0
12,bus_01,0.5,1000.0,inf,inf,99.98,99.98,99.98,99.98,0.0,0.0
12,bus_01,0.5,2000.0,20.0,30.0,99.98,99.98,99.98,99.98,0.0,0.0
12,bus_01,0.5,2000.0,20.0,40.0,99.98,99.98,99.98,99.98,0.0,0.0
12,bus_01,0.5,2000.0,20.0,inf,99.98,99.98,99.98,99.98,0.0,0.0
12,bus_01,0.5,2000.0,30.0,30.0,99.98,99.98,99.98,99.98,0.0,0.0
12,bus_01,0.5,2000.0,30.0,40.0,99.98,99.98,99.98,99.98,0.0,0.0
12,bus_01,0.5,2000.0,30.0,inf,99.98,99.98,99.98,99.98,0.0,0.0
12,bus_01,0.5,2000.0,40.0,30.0,99.98,99.98,99.98,99.98,0.0,0.0
12,bus_01,0.5,2000.0,40.0,40.0,99.98,99.98,99.98,99.98,0.0,0.0
12,bus_01,0.5,2000.0,40.0,inf,99.98,99.98,99.98,99.98,0.0,0.0
12,bus_01,0.5,2000.0,inf,30.0,99.98,99.98,99.98,99.98,0.0,0.0
12,bus_01,0.5,2000.0,inf,40.0,99.98,99.98,99.98,99.98,0.0,0.0
12,bus_01,0.5,2000.0,inf,inf,99.98,99.98,99.98,99.98,0.0,0.0
12,bus_01,0.5,5000.0,20.0,30.0,99.98,99.98,99.98,99.98,0.0,0.0
12,bus_01,0.5,5000.0,20.0,40.0,99.98,99.98,99.98,99.98,0.0,0.0
12,bus_01,0.5,5000.0,20.0,inf,99.98,99.98,99.98,99.98,0.0,0.0
12,bus_01,0.5,5000.0,30.0,30.0,99.98,99.98,99.98,99.98,0.0,0.0
12,bus_01,0.5,5000.0,30.0,40.0,99.98,99.98,99.98,99.98,0.0,0.0
12,bus_01,0.5,5000.0,30.0,inf,99.98,99.98,99.98,99.98,0.0,0.0
12,bus_01,0.5,5000.0,40.0,30.0,99.98,99.98,99.98,99.98,0.0,0.0
12,bus_01,0.5,5000.0,40.0,40.0,99.98,99.98,99.98,99.98,0.0,0.0
12,bus_01,0.5,5000.0,40.0,inf,99.98,99.98,99.98,99.98,0.0,0.0
12,bus_01,0.5,5000.0,inf,30.0,99.98,99.98,99.98,99.98,0.0,0.0
12,bus_01,0.5,5000.0,inf,40.0,99.98,99.98,99.98,99.98,0.0,0.0
12,bus_01,0.5,5000.0,inf,inf,99.98,99.98,99.98,99.98,0.0,0.0
12,bus_07,0.5,100.0,20.0,30.0,65.31820008921096,22.566089325967575,99.98,99.98,-42.75211076324339,0.0
12,bus_07,0.5,100.0,20.0,40.0,73.24613158323508,55.00535225735077,99.98,99.98,-18.24077932588431,0.0
12,bus_07,0.5,100.0,20.0,inf,67.22498101841384,28.703064909175247,99.98,73.1593993531384,-38.521916109238596,-26.820600646861607
12,bus_07,0.5,100.0,30.0,30.0,65.3453904258546,14.328234893393399,99.98,99.98,-51.0171555324612,0.0
12,bus_07,0.5,100.0,30.0,40.0,63.058370035127666,36.62786404648581,99.98,73.10156619469072,-26.430505988641855,-26.878433805309285
12,bus_07,0.5,100.0,30.0,inf,64.99044100755032,30.62139146555779,99.8505290825985,83.21833122680124,-34.369049541992524,-16.63219785579726
12,bus_07,0.5,100.0,40.0,30.0,61.2963672235308,36.82744337900282,99.98,99.12586221982012,-24.46892384452798,-0.8541377801798831
12,bus_07,0.5,100.0,40.0,40.0,63.38563753068402,28.577498905358002,99.98,83.40107630420451,-34.80813862532602,-16.578923695795496
12,bus_07,0.5,100.0,40.0,inf,63.350285265396764,60.814264630765265,99.90834872639228,99.01003115224445,-2.536020634631498,-0.8983175741478249
12,bus_07,0.5,100.0,inf,30.0,67.4705022099911,40.59471490755185,99.98,99.50507532772346,-26.87578730243925,-0.47492467227654345
12,bus_07,0.5,100.0,inf,40.0,65.01640729138227,32.696199684296346,99.87519689880268,89.38583694954015,-32.32020760708592,-10.489359949262536
12,bus_07,0.5,100.0,inf,inf,61.9075510491642,55.71937037836769,99.98,94.0546225088847,-6.1881806707965055,-5.925377491115299
12,bus_07,0.5,500.0,20.0,30.0,99.98,99.98,99.98,99.98,0.0,0.0
12,bus_07,0.5,500.0,20.0,40.0,99.98,99.98,99.98,99.98,0.0,0.0
12,bus_07,0.5,500.0,20.0,inf,99.98,99.98,99.98,99.98,0.0,0.0
12,bus_07,0.5,500.0,30.0,30.0,99.98,99.98,99.98,99.98,0.0,0.0
12,bus_07,0.5,500.0,30.0,40.0,99.98,99.98,99.98,99.98,0.0,0.0
12,bus_07,0.5,500.0,30.0,inf,99.98,99.98,99.98,99.98,0.0,0.0
12,bus_07,0.5,500.0,40.0,30.0,99.98,99.98,99.98,99.98,0.0,0.0
12,bus_07,0.5,500.0,40.0,40.0,99.98,99.98,99.98,99.98,0.0,0.0
12,bus_07,0.5,500.0,40.0,inf,99.98,99.98,99.98,99.98,0.0,0.0
12,bus_07,0.5,500.0,inf,30.0,99.98,99.98,99.98,99.98,0.0,0.0
12,bus_07,0.5,500.0,inf,40.0,99.98,99.98,99.98,99.98,0.0,0.0
12,bus_07,0.5,500.0,inf,inf,99.98,99.98,99.98,99.98,0.0,0.0
12,bus_07,0.5,1000.0,20.0,30.0,99.98,99.98,99.98,99.98,0.0,0.0
12,bus_07,0.5,1000.0,20.0,40.0,99.98,99.98,99.98,99.98,0.0,0.0
12,bus_07,0.5,1000.0,20.0,inf,99.98,99.98,99.98,99.98,0.0,0.0
12,bus_07,0.5,1000.0,30.0,30.0,99.98,99.98,99.98,99.98,0.0,0.0
12,bus_07,0.5,1000.0,30.0,40.0,99.98,99.98,99.98,99.98,0.0,0.0
12,bus_07,0.5,1000.0,30.0,inf,99.98,99.98,99.98,99.98,0.0,0.0
12,bus_07,0.5,1000.0,40.0,30.0,99.98,99.98,99.98,99.98,0.0,0.0
12,bus_07,0.5,1000.0,40.0,40.0,99.98,99.98,99.98,99.98,0.0,0.0
12,bus_07,0.5,1000.0,40.0,inf,99.98,99.98,99.98,99.98,0.0,0.0
12,bus_07,0.5,1000.0,inf,30.0,99.98,99.98,99.98,99.98,0.0,0.0
12,bus_07,0.5,1000.0,inf,40.0,99.98,99.98,99.98,99.98,0.0,0.0
12,bus_07,0.5,1000.0,inf,inf,99.98,99.98,99.98,99.98,0.0,0.0
12,bus_07,0.5,2000.0,20.0,30.0,99.98,99.98,99.98,99.98,0.0,0.0
12,bus_07,0.5,2000.0,20.0,40.0,99.98,99.98,99.98,99.98,0.0,0.0
12,bus_07,0.5,2000.0,20.0,inf,99.98,99.98,99.98,99.98,0.0,0.0
12,bus_07,0.5,2000.0,30.0,30.0,99.98,99.98,99.98,99.98,0.0,0.0
12,bus_07,0.5,2000.0,30.0,40.0,99.98,99.98,99.98,99.98,0.0,0.0
12,bus_07,0.5,2000.0,30.0,inf,99.98,99.98,99.98,99.98,0.0,0.0
12,bus_07,0.5,2000.0,40.0,30.0,99.98,99.98,99.98,99.98,0.0,0.0
12,bus_07,0.5,2000.0,40.0,40.0,99.98,99.98,99.98,99.98,0.0,0.0
12,bus_07,0.5,2000.0,40.0,inf,99.98,99.98,99.98,99.98,0.0,0.0
12,bus_07,0.5,2000.0,inf,30.0,99.98,99.98,99.98,99.98,0.0,0.0
12,bus_07,0.5,2000.0,inf,40.0,99.98,99.98,99.98,99.98,0.0,0.0
12,bus_07,0.5,2000.0,inf,inf,99.98,99.98,99.98,99.98,0.0,0.0
12,bus_07,0.5,5000.0,20.0,30.0,99.98,99.98,99.98,99.98,0.0,0.0
12,bus_07,0.5,5000.0,20.0,40.0,99.98,99.98,99.98,99.98,0.0,0.0
12,bus_07,0.5,5000.0,20.0,inf,99.98,99.98,99.98,99.98,0.0,0.0
12,bus_07,0.5,5000.0,30.0,30.0,99.98,99.98,99.98,99.98,0.0,0.0
12,bus_07,0.5,5000.0,30.0,40.0,99.98,99.98,99.98,99.98,0.0,0.0
12,bus_07,0.5,5000.0,30.0,inf,99.98,99.98,99.98,99.98,0.0,0.0
12,bus_07,0.5,5000.0,40.0,30.0,99.98,99.98,99.98,99.98,0.0,0.0
12,bus_07,0.5,5000.0,40.0,40.0,99.98,99.98,99.98,99.98,0.0,0.0
12,bus_07,0.5,5000.0,40.0,inf,99.98,99.98,99.98,99.98,0.0,0.0
12,bus_07,0.5,5000.0,inf,30.0,99.98,99.98,99.98,99.98,0.0,0.0
12,bus_07,0.5,5000.0,inf,40.0,99.98,99.98,99.98,99.98,0.0,0.0
12,bus_07,0.5,5000.0,inf,inf,99.98,99.98,99.98,99.98,0.0,0.0
12,bus_13,0.5,100.0,20.0,30.0,61.087871244408646,24.495949296083186,96.92044060783476,99.02972433074284,-36.591921948325464,2.1092837229080743
12,bus_13,0.5,100.0,20.0,40.0,69.27709781625357,38.624644393467065,99.98,81.41343215986335,-30.652453422786508,-18.566567840136656
12,bus_13,0.5,100.0,20.0,inf,67.0719657897948,24.658228130787265,99.50775846516365,83.16399365332958,-42.41373765900754,-16.343764811834063
12,bus_13,0.5,100.0,30.0,30.0,65.08283063493963,32.47484321120082,99.98,99.98,-32.607987423738805,0.0
12,bus_13,0.5,100.0,30.0,40.0,65.1817136305115,28.743633190716057,99.98,79.26070077804948,-36.43808043979544,-20.71929922195052
12,bus_13,0.5,100.0,30.0,inf,65.12644856751196,18.52271608888223,99.98,99.98,-46.60373247862972,0.0
12,bus_13,0.5,100.0,40.0,30.0,61.281152339341105,74.99356689420952,99.98,77.27687257889512,13.712414554868417,-22.70312742110488
12,bus_13,0.5,100.0,40.0,40.0,67.02342978985013,52.97539377442588,99.98,99.98,-14.048036015424245,0.0
12,bus_13,0.5,100.0,40.0,inf,65.02176858887006,61.18320168259979,99.98,99.98,-3.838566906270273,0.0
12,bus_13,0.5,100.0,inf,30.0,67.11297466837232,67.27605865351144,99.98,89.3618881901566,0.16308398513912437,-10.618111809843398
12,bus_13,0.5,100.0,inf,40.0,65.024501386766,26.628457158720543,99.98,85.43502494703402,-38.39604422804546,-14.544975052965981
12,bus_13,0.5,100.0,inf,inf,61.9075510491642,51.55910771318918,99.98,99.98,-10.34844333597502,0.0
12,bus_13,0.5,500.0,20.0,30.0,99.98,99.98,99.98,99.98,0.0,0.0
12,bus_13,0.5,500.0,20.0,40.0,99.98,99.98,99.98,99.98,0.0,0.0
12,bus_13,0.5,500.0,20.0,inf,99.98,99.98,99.98,99.98,0.0,0.0
12,bus_13,0.5,500.0,30.0,30.0,99.98,99.98,99.98,99.98,0.0,0.0
12,bus_13,0.5,500.0,30.0,40.0,99.98,99.98,99.98,99.98,0.0,0.0
12,bus_13,0.5,500.0,30.0,inf,99.98,99.98,99.98,99.98,0.0,0.0
12,bus_13,0.5,500.0,40.0,30.0,99.98,99.98,99.98,99.98,0.0,0.0
12,bus_13,0.5,500.0,40.0,40.0,99.98,99.98,99.98,99.98,0.0,0.0
12,bus_13,0.5,500.0,40.0,inf,99.98,99.98,99.98,99.98,0.0,0.0
12,bus_13,0.5,500.0,inf,30.0,99.98,99.98,99.98,99.98,0.0,0.0
12,bus_13,0.5,500.0,inf,40.0,99.98,99.98,99.98,99.98,0.0,0.0
12,bus_13,0.5,500.0,inf,inf,99.98,99.98,99.98,99.98,0.0,0.0
12,bus_13,0.5,1000.0,20.0,30.0,99.98,99.98,99.98,99.98,0.0,0.0
12,bus_13,0.5,1000.0,20.0,40.0,99.98,99.98,99.98,99.98,0.0,0.0
12,bus_13,0.5,1000.0,20.0,inf,99.98,99.98,99.98,99.98,0.0,0.0
12,bus_13,0.5,1000.0,30.0,30.0,99.98,99.98,99.98,99.98,0.0,0.0
12,bus_13,0.5,1000.0,30.0,40.0,99.98,99.98,99.98,99.98,0.0,0.0
12,bus_13,0.5,1000.0,30.0,inf,99.98,99.98,99.98,99.98,0.0,0.0
12,bus_13,0.5,1000.0,40.0,30.0,99.98,99.98,99.98,99.98,0.0,0.0
12,bus_13,0.5,1000.0,40.0,40.0,99.98,99.98,99.98,99.98,0.0,0.0
12,bus_13,0.5,1000.0,40.0,inf,99.98,99.98,99.98,99.98,0.0,0.0
12,bus_13,0.5,1000.0,inf,30.0,99.98,99.98,99.98,99.98,0.0,0.0
12,bus_13,0.5,1000.0,inf,40.0,99.98,99.98,99.98,99.98,0.0,0.0
12,bus_13,0.5,1000.0,inf,inf,99.98,99.98,99.98,99.98,0.0,0.0
12,bus_13,0.5,2000.0,20.0,30.0,99.98,99.98,99.98,99.98,0.0,0.0
12,bus_13,0.5,2000.0,20.0,40.0,99.98,99.98,99.98,99.98,0.0,0.0
12,bus_13,0.5,2000.0,20.0,inf,99.98,99.98,99.98,99.98,0.0,0.0
12,bus_13,0.5,2000.0,30.0,30.0,99.98,99.98,99.98,99.98,0.0,0.0
12,bus_13,0.5,2000.0,30.0,40.0,99.98,99.98,99.98,99.98,0.0,0.0
12,bus_13,0.5,2000.0,30.0,inf,99.98,99.98,99.98,99.98,0.0,0.0
12,bus_13,0.5,2000.0,40.0,30.0,99.98,99.98,99.98,99.98,0.0,0.0
12,bus_13,0.5,2000.0,40.0,40.0,99.98,99.98,99.98,99.98,0.0,0.0
12,bus_13,0.5,2000.0,40.0,inf,99.98,99.98,99.98,99.98,0.0,0.0
12,bus_13,0.5,2000.0,inf,30.0,99.98,99.98,99.98,99.98,0.0,0.0
12,bus_13,0.5,2000.0,inf,40.0,99.98,99.98,99.98,99.98,0.0,0.0
12,bus_13,0.5,2000.0,inf,inf,99.98,99.98,99.98,99.98,0.0,0.0
12,bus_13,0.5,5000.0,20.0,30.0,99.98,99.98,99.98,99.98,0.0,0.0
12,bus_13,0.5,5000.0,20.0,40.0,99.98,99.98,99.98,99.98,0.0,0.0
12,bus_13,0.5,5000.0,20.0,inf,99.98,99.98,99.98,99.98,0.0,0.0
12,bus_13,0.5,5000.0,30.0,30.0,99.98,99.98,99.98,99.98,0.0,0.0
12,bus_13,0.5,5000.0,30.0,40.0,99.98,99.98,99.98,99.98,0.0,0.0
12,bus_13,0.5,5000.0,30.0,inf,99.98,99.98,99.98,99.98,0.0,0.0
12,bus_13,0.5,5000.0,40.0,30.0,99.98,99.98,99.98,99.98,0.0,0.0
12,bus_13,0.5,5000.0,40.0,40.0,99.98,99.98,99.98,99.98,0.0,0.0
12,bus_13,0.5,5000.0,40.0,inf,99.98,99.98,99.98,99.98,0.0,0.0
12,bus_13,0.5,5000.0,inf,30.0,99.98,99.98,99.98,99.98,0.0,0.0
12,bus_13,0.5,5000.0,inf,40.0,99.98,99.98,99.98,99.98,0.0,0.0
12,bus_13,0.5,5000.0,inf,inf,99.98,99.98,99.98,99.98,0.0,0.0
12,bus_19,0.5,100.0,20.0,30.0,67.049615694599,22.47962606583477,99.98,99.80138743672747,-44.56998962876423,-0.17861256327253727
12,bus_19,0.5,100.0,20.0,40.0,65.30968270817404,36.87932495366092,99.98,99.98,-28.430357754513118,0.0
12,bus_19,0.5,100.0,20.0,inf,63.2072711786521,26.91504251058534,96.92243689635413,93.7375013374804,-36.292228668066755,-3.1849355588737325
12,bus_19,0.5,100.0,30.0,30.0,65.01976176773034,24.44664563527522,99.98,77.26583342141677,-40.57311613245513,-22.71416657858323
12,bus_19,0.5,100.0,30.0,40.0,65.07334445748253,32.57185782106086,99.98,77.25079496054121,-32.501486636421674,-22.72920503945879
12,bus_19,0.5,100.0,30.0,inf,64.98793474667865,34.76503651882482,99.98,99.98,-30.222898227853825,0.0
12,bus_19,0.5,100.0,40.0,30.0,63.155370767124694,42.915965077068854,99.98,97.4333399918929,-20.23940569005584,-2.5466600081071107
12,bus_19,0.5,100.0,40.0,40.0,63.33625649229657,38.688727498697986,99.9195090344789,69.04461178685798,-24.647528993598584,-30.874897247620922
12,bus_19,0.5,100.0,40.0,inf,65.02244979044285,28.64291386725618,99.96657343874101,99.98,-36.379535923186666,0.013426561258995662
12,bus_19,0.5,100.0,inf,30.0,67.06582119718465,62.84956266535047,99.73985073456508,99.17031923416465,-4.216258531834178,-0.56953150040043
12,bus_19,0.5,100.0,inf,40.0,63.19095294688388,40.82231580215198,99.74818170842263,99.98,-22.368637144731906,0.231818291577369
12,bus_19,0.5,100.0,inf,inf,61.9075510491642,17.355250407667366,99.98,99.98,-44.55230064149683,0.0
12,bus_19,0.5,500.0,20.0,30.0,99.98,99.98,99.98,99.98,0.0,0.0
12,bus_19,0.5,500.0,20.0,40.0,99.98,99.98,99.98,99.98,0.0,0.0
12,bus_19,0.5,500.0,20.0,inf,99.98,99.98,99.98,99.98,0.0,0.0
12,bus_19,0.5,500.0,30.0,30.0,99.98,99.98,99.98,99.98,0.0,0.0
12,bus_19,0.5,500.0,30.0,40.0,99.98,99.98,99.98,99.98,0.0,0.0
12,bus_19,0.5,500.0,30.0,inf,99.98,99.98,99.98,99.98,0.0,0.0
12,bus_19,0.5,500.0,40.0,30.0,99.98,99.98,99.98,99.98,0.0,0.0
12,bus_19,0.5,500.0,40.0,40.0,99.98,99.98,99.98,99.98,0.0,0.0
12,bus_19,0.5,500.0,40.0,inf,99.98,99.98,99.98,99.98,0.0,0.0
12,bus_19,0.5,500.0,inf,30.0,99.98,99.98,99.98,99.98,0.0,0.0
12,bus_19,0.5,500.0,inf,40.0,99.98,99.98,99.98,99.98,0.0,0.0
12,bus_19,0.5,500.0,inf,inf,99.98,99.98,99.98,99.98,0.0,0.0
12,bus_19,0.5,1000.0,20.0,30.0,99.98,99.98,99.98,99.98,0.0,0.0
12,bus_19,0.5,1000.0,20.0,40.0,99.98,99.98,99.98,99.98,0.0,0.0
12,bus_19,0.5,1000.0,20.0,inf,99.98,99.98,99.98,99.98,0.0,0.0
12,bus_19,0.5,1000.0,30.0,30.0,99.98,99.98,99.98,99.98,0.0,0.0
12,bus_19,0.5,1000.0,30.0,40.0,99.98,99.98,99.98,99.98,0.0,0.0
12,bus_19,0.5,1000.0,30.0,inf,99.98,99.98,99.98,99.98,0.0,0.0
12,bus_19,0.5,1000.0,40.0,30.0,99.98,99.98,99.98,99.98,0.0,0.0
12,bus_19,0.5,1000.0,40.0,40.0,99.98,99.98,99.98,99.98,0.0,0.0
12,bus_19,0.5,1000.0,40.0,inf,99.98,99.98,99.98,99.98,0.0,0.0
12,bus_19,0.5,1000.0,inf,30.0,99.98,99.98,99.98,99.98,0.0,0.0
12,bus_19,0.5,1000.0,inf,40.0,99.98,99.98,99.98,99.98,0.0,0.0
12,bus_19,0.5,1000.0,inf,inf,99.98,99.98,99.98,99.98,0.0,0.0
12,bus_19,0.5,2000.0,20.0,30.0,99.98,99.98,99.98,99.98,0.0,0.0
12,bus_19,0.5,2000.0,20.0,40.0,99.98,99.98,99.98,99.98,0.0,0.0
12,bus_19,0.5,2000.0,20.0,inf,99.98,99.98,99.98,99.98,0.0,0.0
12,bus_19,0.5,2000.0,30.0,30.0,99.98,99.98,99.98,99.98,0.0,0.0
12,bus_19,0.5,2000.0,30.0,40.0,99.98,99.98,99.98,99.98,0.0,0.0
12,bus_19,0.5,2000.0,30.0,inf,99.98,99.98,99.98,99.98,0.0,0.0
12,bus_19,0.5,2000.0,40.0,30.0,99.98,99.98,99.98,99.98,0.0,0.0
12,bus_19,0.5,2000.0,40.0,40.0,99.98,99.98,99.98,99.98,0.0,0.0
12,bus_19,0.5,2000.0,40.0,inf,99.98,99.98,99.98,99.98,0.0,0.0
12,bus_19,0.5,2000.0,inf,30.0,99.98,99.98,99.98,99.98,0.0,0.0
12,bus_19,0.5,2000.0,inf,40.0,99.98,99.98,99.98,99.98,0.0,0.0
12,bus_19,0.5,2000.0,inf,inf,99.98,99.98,99.98,99.98,0.0,0.0
12,bus_19,0.5,5000.0,20.0,30.0,99.98,99.98,99.98,99.98,0.0,0.0
12,bus_19,0.5,5000.0,20.0,40.0,99.98,99.98,99.98,99.98,0.0,0.0
12,bus_19,0.5,5000.0,20.0,inf,99.98,99.98,99.98,99.98,0.0,0.0
12,bus_19,0.5,5000.0,30.0,30.0,99.98,99.98,99.98,99.98,0.0,0.0
12,bus_19,0.5,5000.0,30.0,40.0,99.98,99.98,99.98,99.98,0.0,0.0
12,bus_19,0.5,5000.0,30.0,inf,99.98,99.98,99.98,99.98,0.0,0.0
12,bus_19,0.5,5000.0,40.0,30.0,99.98,99.98,99.98,99.98,0.0,0.0
12,bus_19,0.5,5000.0,40.0,40.0,99.98,99.98,99.98,99.98,0.0,0.0
12,bus_19,0.5,5000.0,40.0,inf,99.98,99.98,99.98,99.98,0.0,0.0
12,bus_19,0.5,5000.0,inf,30.0,99.98,99.98,99.98,99.98,0.0,0.0
12,bus_19,0.5,5000.0,inf,40.0,99.98,99.98,99.98,99.98,0.0,0.0
12,bus_19,0.5,5000.0,inf,inf,99.98,99.98,99.98,99.98,0.0,0.0
12,bus_25,0.5,100.0,20.0,30.0,71.32267702391917,38.7913554665514,99.9753313187928,89.39094339860489,-32.53132155736777,-10.584387920187908
12,bus_25,0.5,100.0,20.0,40.0,67.33166009116847,40.85447979797674,99.98,99.98,-26.477180293191736,0.0
12,bus_25,0.5,100.0,20.0,inf,63.112982983908886,20.72784909624924,99.90127378972205,63.121052637193095,-42.38513388765965,-36.78022115252896
12,bus_25,0.5,100.0,30.0,30.0,67.04545463024367,79.24150235081942,99.98,99.98,12.196047720575748,0.0
12,bus_25,0.5,100.0,30.0,40.0,65.05126236105512,64.94181063660682,99.98,60.865835213417974,-0.10945172444830575,-39.11416478658203
12,bus_25,0.5,100.0,30.0,inf,65.31714434555967,63.198944895045095,99.98,99.98,-2.118199450514574,0.0
12,bus_25,0.5,100.0,40.0,30.0,63.329586063875155,48.86281114256349,99.91802535385888,99.98,-14.466774921311668,0.06197464614112391
12,bus_25,0.5,100.0,40.0,40.0,65.09095074376255,60.84774449900365,99.98,96.60305832767544,-4.243206244758895,-3.3769416723245627
12,bus_25,0.5,100.0,40.0,inf,65.14729419900522,61.132657506781776,99.98,99.79376582300922,-4.014636692223441,-0.18623417699078004
12,bus_25,0.5,100.0,inf,30.0,65.17906065852961,38.901389290700195,99.98,63.220529292286166,-26.277671367829413,-36.75947070771384
12,bus_25,0.5,100.0,inf,40.0,65.11159807352747,75.09819456270918,99.98,87.46039187206607,9.986596489181707,-12.519608127933935
12,bus_25,0.5,100.0,inf,inf,61.9075510491642,31.33152915734393,99.98,99.98,-30.576021891820268,0.0
12,bus_25,0.5,500.0,20.0,30.0,99.98,99.98,99.98,99.98,0.0,0.0
12,bus_25,0.5,500.0,20.0,40.0,99.98,99.98,99.98,99.98,0.0,0.0
12,bus_25,0.5,500.0,20.0,inf,99.98,99.98,99.98,99.98,0.0,0.0
12,bus_25,0.5,500.0,30.0,30.0,99.98,99.98,99.98,99.98,0.0,0.0
12,bus_25,0.5,500.0,30.0,40.0,99.98,99.98,99.98,99.98,0.0,0.0
12,bus_25,0.5,500.0,30.0,inf,99.98,99.98,99.98,99.98,0.0,0.0
12,bus_25,0.5,500.0,40.0,30.0,99.98,99.98,99.98,99.98,0.0,0.0
12,bus_25,0.5,500.0,40.0,40.0,99.98,99.98,99.98,99.98,0.0,0.0
12,bus_25,0.5,500.0,40.0,inf,99.98,99.98,99.98,99.98,0.0,0.0
12,bus_25,0.5,500.0,inf,30.0,99.98,99.98,99.98,99.98,0.0,0.0
12,bus_25,0.5,500.0,inf,40.0,99.98,99.98,99.98,99.98,0.0,0.0
12,bus_25,0.5,500.0,inf,inf,99.98,99.98,99.98,99.98,0.0,0.0
12,bus_25,0.5,1000.0,20.0,30.0,99.98,99.98,99.98,99.98,0.0,0.0
12,bus_25,0.5,1000.0,20.0,40.0,99.98,99.98,99.98,99.98,0.0,0.0
12,bus_25,0.5,1000.0,20.0,inf,99.98,99.98,99.98,99.98,0.0,0.0
12,bus_25,0.5,1000.0,30.0,30.0,99.98,99.98,99.98,99.98,0.0,0.0
12,bus_25,0.5,1000.0,30.0,40.0,99.98,99.98,99.98,99.98,0.0,0.0
12,bus_25,0.5,1000.0,30.0,inf,99.98,99.98,99.98,99.98,0.0,0.0
12,bus_25,0.5,1000.0,40.0,30.0,99.98,99.98,99.98,99.98,0.0,0.0
12,bus_25,0.5,1000.0,40.0,40.0,99.98,99.98,99.98,99.98,0.0,0.0
12,bus_25,0.5,1000.0,40.0,inf,99.98,99.98,99.98,99.98,0.0,0.0
12,bus_25,0.5,1000.0,inf,30.0,99.98,99.98,99.98,99.98,0.0,0.0
12,bus_25,0.5,1000.0,inf,40.0,99.98,99.98,99.98,99.98,0.0,0.0
12,bus_25,0.5,1000.0,inf,inf,99.98,99.98,99.98,99.98,0.0,0.0
12,bus_25,0.5,2000.0,20.0,30.0,99.98,99.98,99.98,99.98,0.0,0.0
12,bus_25,0.5,2000.0,20.0,40.0,99.98,99.98,99.98,99.98,0.0,0.0
12,bus_25,0.5,2000.0,20.0,inf,99.98,99.98,99.98,99.98,0.0,0.0
12,bus_25,0.5,2000.0,30.0,30.0,99.98,99.98,99.98,99.98,0.0,0.0
12,bus_25,0.5,2000.0,30.0,40.0,99.98,99.98,99.98,99.98,0.0,0.0
12,bus_25,0.5,2000.0,30.0,inf,99.98,99.98,99.98,99.98,0.0,0.0
12,bus_25,0.5,2000.0,40.0,30.0,99.98,99.98,99.98,99.98,0.0,0.0
12,bus_25,0.5,2000.0,40.0,40.0,99.98,99.98,99.98,99.98,0.0,0.0
12,bus_25,0.5,2000.0,40.0,inf,99.98,99.98,99.98,99.98,0.0,0.0
12,bus_25,0.5,2000.0,inf,30.0,99.98,99.98,99.98,99.98,0.0,0.0
12,bus_25,0.5,2000.0,inf,40.0,99.98,99.98,99.98,99.98,0.0,0.0
12,bus_25,0.5,2000.0,inf,inf,99.98,99.98,99.98,99.98,0.0,0.0
12,bus_25,0.5,5000.0,20.0,30.0,99.98,99.98,99.98,99.98,0.0,0.0
12,bus_25,0.5,5000.0,20.0,40.0,99.98,99.98,99.98,99.98,0.0,0.0
12,bus_25,0.5,5000.0,20.0,inf,99.98,99.98,99.98,99.98,0.0,0.0
12,bus_25,0.5,5000.0,30.0,30.0,99.98,99.98,99.98,99.98,0.0,0.0
12,bus_25,0.5,5000.0,30.0,40.0,99.98,99.98,99.98,99.98,0.0,0.0
12,bus_25,0.5,5000.0,30.0,inf,99.98,99.98,99.98,99.98,0.0,0.0
12,bus_25,0.5,5000.0,40.0,30.0,99.98,99.98,99.98,99.98,0.0,0.0
12,bus_25,0.5,5000.0,40.0,40.0,99.98,99.98,99.98,99.98,0.0,0.0
12,bus_25,0.5,5000.0,40.0,inf,99.98,99.98,99.98,99.98,0.0,0.0
12,bus_25,0.5,5000.0,inf,30.0,99.98,99.98,99.98,99.98,0.0,0.0
12,bus_25,0.5,5000.0,inf,40.0,99.98,99.98,99.98,99.98,0.0,0.0
12,bus_25,0.5,5000.0,inf,inf,99.98,99.98,99.98,99.98,0.0,0.0
13,bus_01,0.5,100.0,20.0,30.0,63.3458306654765,44.726968181782624,99.98,99.80109086910862,-18.618862483693874,-0.17890913089138394
13,bus_01,0.5,100.0,20.0,40.0,61.03750138558753,69.21291787536515,99.98,99.98,8.175416489777618,0.0
13,bus_01,0.5,100.0,20.0,inf,69.45614391190429,77.03087639589677,99.98,99.98,7.574732483992477,0.0
13,bus_01,0.5,100.0,30.0,30.0,63.27726731176114,28.524110664623937,99.98,99.98,-34.7531566471372,0.0
13,bus_01,0.5,100.0,30.0,40.0,65.39143020978975,53.13688466338377,99.98,99.98,-12.254545546405978,0.0
13,bus_01,0.5,100.0,30.0,inf,64.97737784262708,24.51227316517739,99.98,64.99962224173466,-40.46510467744969,-34.98037775826535
13,bus_01,0.5,100.0,40.0,30.0,65.32806227638841,24.44988309365439,99.98,85.44887549618403,-40.878179182734016,-14.531124503815974
13,bus_01,0.5,100.0,40.0,40.0,65.05384664810589,36.66111520927551,99.98,99.98,-28.39273143883038,0.0
13,bus_01,0.5,100.0,40.0,inf,65.02179640499077,18.501887514085702,99.82964365944684,50.95905236087437,-46.519908890905064,-48.87059129857248
13,bus_01,0.5,100.0,inf,30.0,65.06460906671026,16.338372091599517,99.98,99.98,-48.726236975110744,0.0
13,bus_01,0.5,100.0,inf,40.0,65.10598606173465,38.70799756967415,99.98,99.98,-26.397988492060506,0.0
13,bus_01,0.5,100.0,inf,inf,61.9075510491642,61.89006057116446,99.98,94.12230048148017,-0.017490477999736243,-5.857699518519837
13,bus_01,0.5,500.0,20.0,30.0,99.98,99.98,99.98,99.98,0.0,0.0
13,bus_01,0.5,500.0,20.0,40.0,99.98,99.98,99.98,99.98,0.0,0.0
13,bus_01,0.5,500.0,20.0,inf,99.98,99.98,99.98,99.98,0.0,0.0
13,bus_01,0.5,500.0,30.0,30.0,99.98,99.98,99.98,99.98,0.0,0.0
13,bus_01,0.5,500.0,30.0,40.0,99.98,99.98,99.98,99.98,0.0,0.0
13,bus_01,0.5,500.0,30.0,inf,99.98,99.98,99.98,99.98,0.0,0.0
13,bus_01,0.5,500.0,40.0,30.0,99.98,99.98,99.98,99.98,0.0,0.0
13,bus_01,0.5,500.0,40.0,40.0,99.98,99.98,99.98,99.98,0.0,0.0
13,bus_01,0.5,500.0,40.0,inf,99.98,99.98,99.98,99.98,0.0,0.0
13,bus_01,0.5,500.0,inf,30.0,99.98,99.98,99.98,99.98,0.0,0.0
13,bus_01,0.5,500.0,inf,40.0,99.98,99.98,99.98,99.98,0.0,0.0
13,bus_01,0.5,500.0,inf,inf,99.98,99.98,99.98,99.98,0.0,0.0
13,bus_01,0.5,1000.0,20.0,30.0,99.98,99.98,99.98,99.98,0.0,0.0
13,bus_01,0.5,1000.0,20.0,40.0,99.98,99.98,99.98,99.98,0.0,0.0
13,bus_01,0.5,1000.0,20.0,inf,99.98,99.98,99.98,99.98,0.0,0.0
13,bus_01,0.5,1000.0,30.0,30.0,99.98,99.98,99.98,99.98,0.0,0.0
13,bus_01,0.5,1000.0,30.0,40.0,99.98,99.98,99.98,99.98,0.0,0.0
13,bus_01,0.5,1000.0,30.0,inf,99.98,99.98,99.98,99.98,0.0,0.0
13,bus_01,0.5,1000.0,40.0,30.0,99.98,99.98,99.98,99.98,0.0,0.0
13,bus_01,0.5,1000.0,40.0,40.0,99.98,99.98,99.98,99.98,0.0,0.0
13,bus_01,0.5,1000.0,40.0,inf,99.98,99.98,99.98,99.98,0.0,0.0
13,bus_01,0.5,1000.0,inf,30.0,99.98,99.98,99.98,99.98,0.0,0.0
13,bus_01,0.5,1000.0,inf,40.0,99.98,99.98,99.98,99.98,0.0,0.0
13,bus_01,0.5,1000.0,inf,inf,99.98,99.98,99.98,99.98,0.0,0.0
13,bus_01,0.5,2000.0,20.0,30.0,99.98,99.98,99.98,99.98,0.0,0.0
13,bus_01,0.5,2000.0,20.0,40.0,99.98,99.98,99.98,99.98,0.0,0.0
13,bus_01,0.5,2000.0,20.0,inf,99.98,99.98,99.98,99.98,0.0,0.0
13,bus_01,0.5,2000.0,30.0,30.0,99.98,99.98,99.98,99.98,0.0,0.0
13,bus_01,0.5,2000.0,30.0,40.0,99.98,99.98,99.98,99.98,0.0,0.0
13,bus_01,0.5,2000.0,30.0,inf,99.98,99.98,99.98,99.98,0.0,0.0
13,bus_01,0.5,2000.0,40.0,30.0,99.98,99.98,99.98,99.98,0.0,0.0
13,bus_01,0.5,2000.0,40.0,40.0,99.98,99.98,99.98,99.98,0.0,0.0
13,bus_01,0.5,2000.0,40.0,inf,99.98,99.98,99.98,99.98,0.0,0.0
13,bus_01,0.5,2000.0,inf,30.0,99.98,99.98,99.98,99.98,0.0,0.0
13,bus_01,0.5,2000.0,inf,40.0,99.98,99.98,99.98,99.98,0.0,0.0
13,bus_01,0.5,2000.0,inf,inf,99.98,99.98,99.98,99.98,0.0,0.0
13,bus_01,0.5,5000.0,20.0,30.0,99.98,99.98,99.98,99.98,0.0,0.0
13,bus_01,0.5,5000.0,20.0,40.0,99.98,99.98,99.98,99.98,0.0,0.0
13,bus_01,0.5,5000.0,20.0,inf,99.98,99.98,99.98,99.98,0.0,0.0
13,bus_01,0.5,5000.0,30.0,30.0,99.98,99.98,99.98,99.98,0.0,0.0
13,bus_01,0.5,5000.0,30.0,40.0,99.98,99.98,99.98,99.98,0.0,0.0
13,bus_01,0.5,5000.0,30.0,inf,99.98,99.98,99.98,99.98,0.0,0.0
13,bus_01,0.5,5000.0,40.0,30.0,99.98,99.98,99.98,99.98,0.0,0.0
13,bus_01,0.5,5000.0,40.0,40.0,99.98,99.98,99.98,99.98,0.0,0.0
13,bus_01,0.5,5000.0,40.0,inf,99.98,99.98,99.98,99.98,0.0,0.0
13,bus_01,0.5,5000.0,inf,30.0,99.98,99.98,99.98,99.98,0.0,0.0
13,bus_01,0.5,5000.0,inf,40.0,99.98,99.98,99.98,99.98,0.0,0.0
13,bus_01,0.5,5000.0,inf,inf,99.98,99.98,99.98,99.98,0.0,0.0
13,bus_07,0.5,100.0,20.0,30.0,65.32768538745849,38.6889310433708,99.98,99.98,-26.638754344087687,0.0
13,bus_07,0.5,100.0,20.0,40.0,63.347868910471774,22.385654957462865,99.98,81.18095436381603,-40.96221395300891,-18.799045636183976
13,bus_07,0.5,100.0,20.0,inf,63.08098751011547,66.97087370133737,99.98,85.26043571810055,3.8898861912218976,-14.719564281899451
13,bus_07,0.5,100.0,30.0,30.0,61.31991249472524,69.19836873792536,99.9359202208283,87.20964998686865,7.878456243200127,-12.726270233959639
13,bus_07,0.5,100.0,30.0,40.0,61.167049809566464,40.87807609619748,99.98,99.98,-20.288973713368982,0.0
13,bus_07,0.5,100.0,30.0,inf,65.09157573970796,42.912838972192446,99.98,93.49955067588705,-22.178736767515517,-6.4804493241129535
13,bus_07,0.5,100.0,40.0,30.0,71.18106716070423,20.73903380065302,99.98,79.47626606465235,-50.44203336005121,-20.503733935347654
13,bus_07,0.5,100.0,40.0,40.0,63.35584780385417,69.11752451630781,99.98,99.87410622668246,5.761676712453642,-0.1058937733175469
13,bus_07,0.5,100.0,40.0,inf,65.09423882217406,22.434401415056538,99.98,99.98,-42.65983740711752,0.0
13,bus_07,0.5,100.0,inf,30.0,60.94231854966389,18.343738372552043,99.98,99.98,-42.59858017711184,0.0
13,bus_07,0.5,100.0,inf,40.0,63.31198510578575,22.392590832581625,99.7791594902088,75.25773947126862,-40.91939427320413,-24.521420018940177
13,bus_07,0.5,100.0,inf,inf,61.9075510491642,65.85386323948612,99.98,99.98,3.946312190321919,0.0
13,bus_07,0.5,500.0,20.0,30.0,99.98,99.98,99.98,99.98,0.0,0.0
13,bus_07,0.5,500.0,20.0,40.0,99.98,99.98,99.98,99.98,0.0,0.0
13,bus_07,0.5,500.0,20.0,inf,99.98,99.98,99.98,99.98,0.0,0.0
13,bus_07,0.5,500.0,30.0,30.0,99.98,99.98,99.98,99.98,0.0,0.0
13,bus_07,0.5,500.0,30.0,40.0,99.98,99.98,99.98,99.98,0.0,0.0
13,bus_07,0.5,500.0,30.0,inf,99.98,99.98,99.98,99.98,0.0,0.0
13,bus_07,0.5,500.0,40.0,30.0,99.98,99.98,99.98,99.98,0.0,0.0
13,bus_07,0.5,500.0,40.0,40.0,99.98,99.98,99.98,99.98,0.0,0.0
13,bus_07,0.5,500.0,40.0,inf,99.98,99.98,99.98,99.98,0.0,0.0
13,bus_07,0.5,500.0,inf,30.0,99.98,99.98,99.98,99.98,0.0,0.0
13,bus_07,0.5,500.0,inf,40.0,99.98,99.98,99.98,99.98,0.0,0.0
13,bus_07,0.5,500.0,inf,inf,99.98,99.98,99.98,99.98,0.0,0.0
13,bus_07,0.5,1000.0,20.0,30.0,99.98,99.98,99.98,99.98,0.0,0.0
13,bus_07,0.5,1000.0,20.0,40.0,99.98,99.98,99.98,99.98,0.0,0.0
13,bus_07,0.5,1000.0,20.0,inf,99.98,99.98,99.98,99.98,0.0,0.0
13,bus_07,0.5,1000.0,30.0,30.0,99.98,99.98,99.98,99.98,0.0,0.0
13,bus_07,0.5,1000.0,30.0,40.0,99.98,99.98,99.98,99.98,0.0,0.0
13,bus_07,0.5,1000.0,30.0,inf,99.98,99.98,99.98,99.98,0.0,0.0
13,bus_07,0.5,1000.0,40.0,30.0,99.98,99.98,99.98,99.98,0.0,0.0
13,bus_07,0.5,1000.0,40.0,40.0,99.98,99.98,99.98,99.98,0.0,0.0
13,bus_07,0.5,1000.0,40.0,inf,99.98,99.98,99.98,99.98,0.0,0.0
13,bus_07,0.5,1000.0,inf,30.0,99.98,99.98,99.98,99.98,0.0,0.0
13,bus_07,0.5,1000.0,inf,40.0,99.98,99.98,99.98,99.98,0.0,0.0
13,bus_07,0.5,1000.0,inf,inf,99.98,99.98,99.98,99.98,0.0,0.0
13,bus_07,0.5,2000.0,20.0,30.0,99.98,99.98,99.98,99.98,0.0,0.0
13,bus_07,0.5,2000.0,20.0,40.0,99.98,99.98,99.98,99.98,0.0,0.0
13,bus_07,0.5,2000.0,20.0,inf,99.98,99.98,99.98,99.98,0.0,0.0
13,bus_07,0.5,2000.0,30.0,30.0,99.98,99.98,99.98,99.98,0.0,0.0
13,bus_07,0.5,2000.0,30.0,40.0,99.98,99.98,99.98,99.98,0.0,0.0
13,bus_07,0.5,2000.0,30.0,inf,99.98,99.98,99.98,99.98,0.0,0.0
13,bus_07,0.5,2000.0,40.0,30.0,99.98,99.98,99.98,99.98,0.0,0.0
13,bus_07,0.5,2000.0,40.0,40.0,99.98,99.98,99.98,99.98,0.0,0.0
13,bus_07,0.5,2000.0,40.0,inf,99.98,99.98,99.98,99.98,0.0,0.0
13,bus_07,0.5,2000.0,inf,30.0,99.98,99.98,99.98,99.98,0.0,0.0
13,bus_07,0.5,2000.0,inf,40.0,99.98,99.98,99.98,99.98,0.0,0.0
13,bus_07,0.5,2000.0,inf,inf,99.98,99.98,99.98,99.98,0.0,0.0
13,bus_07,0.5,5000.0,20.0,30.0,99.98,99.98,99.98,99.98,0.0,0.0
13,bus_07,0.5,5000.0,20.0,40.0,99.98,99.98,99.98,99.98,0.0,0.0
13,bus_07,0.5,5000.0,20.0,inf,99.98,99.98,99.98,99.98,0.0,0.0
13,bus_07,0.5,5000.0,30.0,30.0,99.98,99.98,99.98,99.98,0.0,0.0
13,bus_07,0.5,5000.0,30.0,40.0,99.98,99.98,99.98,99.98,0.0,0.0
13,bus_07,0.5,5000.0,30.0,inf,99.98,99.98,99.98,99.98,0.0,0.0
13,bus_07,0.5,5000.0,40.0,30.0,99.98,99.98,99.98,99.98,0.0,0.0
13,bus_07,0.5,5000.0,40.0,40.0,99.98,99.98,99.98,99.98,0.0,0.0
13,bus_07,0.5,5000.0,40.0,inf,99.98,99.98,99.98,99.98,0.0,0.0
13,bus_07,0.5,5000.0,inf,30.0,99.98,99.98,99.98,99.98,0.0,0.0
13,bus_07,0.5,5000.0,inf,40.0,99.98,99.98,99.98,99.98,0.0,0.0
13,bus_07,0.5,5000.0,inf,inf,99.98,99.98,99.98,99.98,0.0,0.0
13,bus_13,0.5,100.0,20.0,30.0,75.47067372590604,77.51833226411829,99.98,99.98,2.0476585382122465,0.0
13,bus_13,0.5,100.0,20.0,40.0,65.09254395667263,63.35889582900368,99.98,99.98,-1.7336481276689497,0.0
13,bus_13,0.5,100.0,20.0,inf,63.28857539789837,59.0588076531297,99.98,99.98,-4.229767744768672,0.0
13,bus_13,0.5,100.0,30.0,30.0,63.31527718576009,34.82229860274836,99.59054054958922,81.75919612888713,-28.492978583011727,-17.831344420702095
13,bus_13,0.5,100.0,30.0,40.0,67.15387073490258,55.07405266997898,99.98,97.60210657715659,-12.0798180649236,-2.377893422843414
13,bus_13,0.5,100.0,30.0,inf,63.24261736058667,69.01297720155834,99.98,99.98,5.770359840971672,0.0
13,bus_13,0.5,100.0,40.0,30.0,65.03234360593937,36.7367795506902,99.98,99.98,-28.295564055249173,0.0
13,bus_13,0.5,100.0,40.0,40.0,63.196908266740124,18.474461536781416,99.98,69.05905799176266,-44.722446729958705,-30.920942008237347
13,bus_13,0.5,100.0,40.0,inf,65.00586388462821,26.733100839693837,99.83547248665433,99.98,-38.27276304493438,0.14452751334567893
13,bus_13,0.5,100.0,inf,30.0,61.20597356274542,62.91636449793509,99.98,99.9792966785671,1.7103909351896718,-0.0007033214329084103
13,bus_13,0.5,100.0,inf,40.0,65.0614109969967,20.477526806934055,99.97228751614368,99.5203412036275,-44.58388419006265,-0.4519463125161849
13,bus_13,0.5,100.0,inf,inf,61.9075510491642,21.41743716541913,99.98,99.98,-40.49011388374507,0.0
13,bus_13,0.5,500.0,20.0,30.0,99.98,99.98,99.98,99.98,0.0,0.0
13,bus_13,0.5,500.0,20.0,40.0,99.98,99.98,99.98,99.98,0.0,0.0
13,bus_13,0.5,500.0,20.0,inf,99.98,99.98,99.98,99.98,0.0,0.0
13,bus_13,0.5,500.0,30.0,30.0,99.98,99.98,99.98,99.98,0.0,0.0
13,bus_13,0.5,500.0,30.0,40.0,99.98,99.98,99.98,99.98,0.0,0.0
13,bus_13,0.5,500.0,30.0,inf,99.98,99.98,99.98,99.98,0.0,0.0
13,bus_13,0.5,500.0,40.0,30.0,99.98,99.98,99.98,99.98,0.0,0.0
13,bus_13,0.5,500.0,40.0,40.0,99.98,99.98,99.98,99.98,0.0,0.0
13,bus_13,0.5,500.0,40.0,inf,99.98,99.98,99.98,99.98,0.0,0.0
13,bus_13,0.5,500.0,inf,30.0,99.98,99.98,99.98,99.98,0.0,0.0
13,bus_13,0.5,500.0,inf,40.0,99.98,99.98,99.98,99.98,0.0,0.0
13,bus_13,0.5,500.0,inf,inf,99.98,99.98,99.98,99.98,0.0,0.0
13,bus_13,0.5,1000.0,20.0,30.0,99.98,99.98,99.98,99.98,0.0,0.0
13,bus_13,0.5,1000.0,20.0,40.0,99.98,99.98,99.98,99.98,0.0,0.0
13,bus_13,0.5,1000.0,20.0,inf,99.98,99.98,99.98,99.98,0.0,0.0
13,bus_13,0.5,1000.0,30.0,30.0,99.98,99.98,99.98,99.98,0.0,0.0
13,bus_13,0.5,1000.0,30.0,40.0,99.98,99.98,99.98,99.98,0.0,0.0
13,bus_13,0.5,1000.0,30.0,inf,99.98,99.98,99.98,99.98,0.0,0.0
13,bus_13,0.5,1000.0,40.0,30.0,99.98,99.98,99.98,99.98,0.0,0.0
13,bus_13,0.5,1000.0,40.0,40.0,99.98,99.98,99.98,99.98,0.0,0.0
13,bus_13,0.5,1000.0,40.0,inf,99.98,99.98,99.98,99.98,0.0,0.0
13,bus_13,0.5,1000.0,inf,30.0,99.98,99.98,99.98,99.98,0.0,0.0
13,bus_13,0.5,1000.0,inf,40.0,99.98,99.98,99.98,99.98,0.0,0.0
13,bus_13,0.5,1000.0,inf,inf,99.98,99.98,99.98,99.98,0.0,0.0
13,bus_13,0.5,2000.0,20.0,30.0,99.98,99.98,99.98,99.98,0.0,0.0
13,bus_13,0.5,2000.0,20.0,40.0,99.98,99.98,99.98,99.98,0.0,0.0
13,bus_13,0.5,2000.0,20.0,inf,99.98,99.98,99.98,99.98,0.0,0.0
13,bus_13,0.5,2000.0,30.0,30.0,99.98,99.98,99.98,99.98,0.0,0.0
13,bus_13,0.5,2000.0,30.0,40.0,99.98,99.98,99.98,99.98,0.0,0.0
13,bus_13,0.5,2000.0,30.0,inf,99.98,99.98,99.98,99.98,0.0,0.0
13,bus_13,0.5,2000.0,40.0,30.0,99.98,99.98,99.98,99.98,0.0,0.0
13,bus_13,0.5,2000.0,40.0,40.0,99.98,99.98,99.98,99.98,0.0,0.0
13,bus_13,0.5,2000.0,40.0,inf,99.98,99.98,99.98,99.98,0.0,0.0
13,bus_13,0.5,2000.0,inf,30.0,99.98,99.98,99.98,99.98,0.0,0.0
13,bus_13,0.5,2000.0,inf,40.0,99.98,99.98,99.98,99.98,0.0,0.0
13,bus_13,0.5,2000.0,inf,inf,99.98,99.98,99.98,99.98,0.0,0.0
13,bus_13,0.5,5000.0,20.0,30.0,99.98,99.98,99.98,99.98,0.0,0.0
13,bus_13,0.5,5000.0,20.0,40.0,99.98,99.98,99.98,99.98,0.0,0.0
13,bus_13,0.5,5000.0,20.0,inf,99.98,99.98,99.98,99.98,0.0,0.0
13,bus_13,0.5,5000.0,30.0,30.0,99.98,99.98,99.98,99.98,0.0,0.0
13,bus_13,0.5,5000.0,30.0,40.0,99.98,99.98,99.98,99.98,0.0,0.0
13,bus_13,0.5,5000.0,30.0,inf,99.98,99.98,99.98,99.98,0.0,0.0
13,bus_13,0.5,5000.0,40.0,30.0,99.98,99.98,99.98,99.98,0.0,0.0
13,bus_13,0.5,5000.0,40.0,40.0,99.98,99.98,99.98,99.98,0.0,0.0
13,bus_13,0.5,5000.0,40.0,inf,99.98,99.98,99.98,99.98,0.0,0.0
13,bus_13,0.5,5000.0,inf,30.0,99.98,99.98,99.98,99.98,0.0,0.0
13,bus_13,0.5,5000.0,inf,40.0,99.98,99.98,99.98,99.98,0.0,0.0
13,bus_13,0.5,5000.0,inf,inf,99.98,99.98,99.98,99.98,0.0,0.0
13,bus_19,0.5,100.0,20.0,30.0,65.37749802935254,30.549309451570384,99.98,99.98,-34.82818857778216,0.0
13,bus_19,0.5,100.0,20.0,40.0,67.29508226410613,22.485771037110467,99.98,99.98,-44.80931122699566,0.0
13,bus_19,0.5,100.0,20.0,inf,67.23871170622824,28.662479907087135,99.98,99.11973478341177,-38.57623179914111,-0.8602652165882319
13,bus_19,0.5,100.0,30.0,30.0,69.12851587702396,42.86943997878042,99.98,99.98,-26.259075898243537,0.0
13,bus_19,0.5,100.0,30.0,40.0,63.303740040071645,34.70063875365934,99.98,99.98,-28.603101286412304,0.0
13,bus_19,0.5,100.0,30.0,inf,67.2310807227221,20.61092227514948,99.98,69.09890984825367,-46.62015844757262,-30.881090151746335
13,bus_19,0.5,100.0,40.0,30.0,65.05193688009918,26.64440819743633,99.98,56.94439918132623,-38.40752868266284,-43.03560081867377
13,bus_19,0.5,100.0,40.0,40.0,63.39275983138168,30.819817752072552,99.98,62.896011006499904,-32.57294207930913,-37.0839889935001
13,bus_19,0.5,100.0,40.0,inf,65.07557289773855,26.4619041814261,99.98,99.98,-38.61366871631245,0.0
13,bus_19,0.5,100.0,inf,30.0,63.19515009963275,22.46351554430982,99.98,65.3839506002099,-40.73163455532293,-34.596049399790104
13,bus_19,0.5,100.0,inf,40.0,65.15070617770382,83.09169187616482,99.98,89.41716432182602,17.94098569846099,-10.562835678173983
13,bus_19,0.5,100.0,inf,inf,61.9075510491642,55.89731583503357,99.98,99.98,-6.010235214130631,0.0
13,bus_19,0.5,500.0,20.0,30.0,99.98,99.98,99.98,99.98,0.0,0.0
13,bus_19,0.5,500.0,20.0,40.0,99.98,99.98,99.98,99.98,0.0,0.0
13,bus_19,0.5,500.0,20.0,inf,99.98,99.98,99.98,99.98,0.0,0.0
13,bus_19,0.5,500.0,30.0,30.0,99.98,99.98,99.98,99.98,0.0,0.0
13,bus_19,0.5,500.0,30.0,40.0,99.98,99.98,99.98,99.98,0.0,0.0
13,bus_19,0.5,500.0,30.0,inf,99.98,99.98,99.98,99.98,0.0,0.0
13,bus_19,0.5,500.0,40.0,30.0,99.98,99.98,99.98,99.98,0.0,0.0
13,bus_19,0.5,500.0,40.0,40.0,99.98,99.98,99.98,99.98,0.0,0.0
13,bus_19,0.5,500.0,40.0,inf,99.98,99.98,99.98,99.98,0.0,0.0
13,bus_19,0.5,500.0,inf,30.0,99.98,99.98,99.98,99.98,0.0,0.0
13,bus_19,0.5,500.0,inf,40.0,99.98,99.98,99.98,99.98,0.0,0.0
13,bus_19,0.5,500.0,inf,inf,99.98,99.98,99.98,99.98,0.0,0.0
13,bus_19,0.5,1000.0,20.0,30.0,99.98,99.98,99.98,99.98,0.0,0.0
13,bus_19,0.5,1000.0,20.0,40.0,99.98,99.98,99.98,99.98,0.0,0.0
13,bus_19,0.5,1000.0,20.0,inf,99.98,99.98,99.98,99.98,0.0,0.0
13,bus_19,0.5,1000.0,30.0,30.0,99.98,99.98,99.98,99.98,0.0,0.0
13,bus_19,0.5,1000.0,30.0,40.0,99.98,99.98,99.98,99.98,0.0,0.0
13,bus_19,0.5,1000.0,30.0,inf,99.98,99.98,99.98,99.98,0.0,0.0
13,bus_19,0.5,1000.0,40.0,30.0,99.98,99.98,99.98,99.98,0.0,0.0
13,bus_19,0.5,1000.0,40.0,40.0,99.98,99.98,99.98,99.98,0.0,0.0
13,bus_19,0.5,1000.0,40.0,inf,99.98,99.98,99.98,99.98,0.0,0.0
13,bus_19,0.5,1000.0,inf,30.0,99.98,99.98,99.98,99.98,0.0,0.0
13,bus_19,0.5,1000.0,inf,40.0,99.98,99.98,99.98,99.98,0.0,0.0
13,bus_19,0.5,1000.0,inf,inf,99.98,99.98,99.98,99.98,0.0,0.0
13,bus_19,0.5,2000.0,20.0,30.0,99.98,99.98,99.98,99.98,0.0,0.0
13,bus_19,0.5,2000.0,20.0,40.0,99.98,99.98,99.98,99.98,0.0,0.0
13,bus_19,0.5,2000.0,20.0,inf,99.98,99.98,99.98,99.98,0.0,0.0
13,bus_19,0.5,2000.0,30.0,30.0,99.98,99.98,99.98,99.98,0.0,0.0
13,bus_19,0.5,2000.0,30.0,40.0,99.98,99.98,99.98,99.98,0.0,0.0
13,bus_19,0.5,2000.0,30.0,inf,99.98,99.98,99.98,99.98,0.0,0.0
13,bus_19,0.5,2000.0,40.0,30.0,99.98,99.98,99.98,99.98,0.0,0.0
13,bus_19,0.5,2000.0,40.0,40.0,99.98,99.98,99.98,99.98,0.0,0.0
13,bus_19,0.5,2000.0,40.0,inf,99.98,99.98,99.98,99.98,0.0,0.0
13,bus_19,0.5,2000.0,inf,30.0,99.98,99.98,99.98,99.98,0.0,0.0
13,bus_19,0.5,2000.0,inf,40.0,99.98,99.98,99.98,99.98,0.0,0.0
13,bus_19,0.5,2000.0,inf,inf,99.98,99.98,99.98,99.98,0.0,0.0
13,bus_19,0.5,5000.0,20.0,30.0,99.98,99.98,99.98,99.98,0.0,0.0
13,bus_19,0.5,5000.0,20.0,40.0,99.98,99.98,99.98,99.98,0.0,0.0
13,bus_19,0.5,5000.0,20.0,inf,99.98,99.98,99.98,99.98,0.0,0.0
13,bus_19,0.5,5000.0,30.0,30.0,99.98,99.98,99.98,99.98,0.0,0.0
13,bus_19,0.5,5000.0,30.0,40.0,99.98,99.98,99.98,99.98,0.0,0.0
13,bus_19,0.5,5000.0,30.0,inf,99.98,99.98,99.98,99.98,0.0,0.0
13,bus_19,0.5,5000.0,40.0,30.0,99.98,99.98,99.98,99.98,0.0,0.0
13,bus_19,0.5,5000.0,40.0,40.0,99.98,99.98,99.98,99.98,0.0,0.0
13,bus_19,0.5,5000.0,40.0,inf,99.98,99.98,99.98,99.98,0.0,0.0
13,bus_19,0.5,5000.0,inf,30.0,99.98,99.98,99.98,99.98,0.0,0.0
13,bus_19,0.5,5000.0,inf,40.0,99.98,99.98,99.98,99.98,0.0,0.0
13,bus_19,0.5,5000.0,inf,inf,99.98,99.98,99.98,99.98,0.0,0.0
13,bus_25,0.5,100.0,20.0,30.0,60.96588091011268,12.33415151719166,99.98,65.20629633393054,-48.63172939292102,-34.773703666069466
13,bus_25,0.5,100.0,20.0,40.0,67.45181866045134,30.722012361795116,99.98,91.46927864980321,-36.72980629865622,-8.510721350196789
13,bus_25,0.5,100.0,20.0,inf,67.09626025085585,22.828355325172478,99.98,77.32495454366858,-44.26790492568337,-22.655045456331422
13,bus_25,0.5,100.0,30.0,30.0,65.37479495312704,62.91974636675768,99.98,67.00658907927011,-2.455048586369358,-32.97341092072989
13,bus_25,0.5,100.0,30.0,40.0,63.10831439367388,62.757851855879096,99.98,77.30229762309102,-0.3504625377947832,-22.677702376908982
13,bus_25,0.5,100.0,30.0,inf,67.12716065638764,24.44991599875027,99.98,99.98,-42.677244657637374,0.0
13,bus_25,0.5,100.0,40.0,30.0,63.37503988942884,32.77190764187095,99.98,91.58146411827552,-30.603132247557888,-8.398535881724484
13,bus_25,0.5,100.0,40.0,40.0,65.18598953064338,34.95229171774915,99.98,99.98,-30.233697812894235,0.0
13,bus_25,0.5,100.0,40.0,inf,63.37047969514706,58.95037124335249,99.98,99.98,-4.420108451794569,0.0
13,bus_25,0.5,100.0,inf,30.0,63.19789143233635,20.393855278620077,99.98,67.03835190848568,-42.80403615371627,-32.941648091514324
13,bus_25,0.5,100.0,inf,40.0,65.10468706124179,12.554792387340608,99.98,96.49887186745248,-52.54989467390118,-3.481128132547525
13,bus_25,0.5,100.0,inf,inf,61.9075510491642,61.71807630524271,99.98,99.01414221560812,-0.18947474392148678,-0.9658577843918863
13,bus_25,0.5,500.0,20.0,30.0,99.98,99.98,99.98,99.98,0.0,0.0
13,bus_25,0.5,500.0,20.0,40.0,99.98,99.98,99.98,99.98,0.0,0.0
13,bus_25,0.5,500.0,20.0,inf,99.98,99.98,99.98,99.98,0.0,0.0
13,bus_25,0.5,500.0,30.0,30.0,99.98,99.98,99.98,99.98,0.0,0.0
13,bus_25,0.5,500.0,30.0,40.0,99.98,99.98,99.98,99.98,0.0,0.0
13,bus_25,0.5,500.0,30.0,inf,99.98,99.98,99.98,99.98,0.0,0.0
13,bus_25,0.5,500.0,40.0,30.0,99.98,99.98,99.98,99.98,0.0,0.0
13,bus_25,0.5,500.0,40.0,40.0,99.98,99.98,99.98,99.98,0.0,0.0
13,bus_25,0.5,500.0,40.0,inf,99.98,99.98,99.98,99.98,0.0,0.0
13,bus_25,0.5,500.0,inf,30.0,99.98,99.98,99.98,99.98,0.0,0.0
13,bus_25,0.5,500.0,inf,40.0,99.98,99.98,99.98,99.98,0.0,0.0
13,bus_25,0.5,500.0,inf,inf,99.98,99.98,99.98,99.98,0.0,0.0
13,bus_25,0.5,1000.0,20.0,30.0,99.98,99.98,99.98,99.98,0.0,0.0
13,bus_25,0.5,1000.0,20.0,40.0,99.98,99.98,99.98,99.98,0.0,0.0
13,bus_25,0.5,1000.0,20.0,inf,99.98,99.98,99.98,99.98,0.0,0.0
13,bus_25,0.5,1000.0,30.0,30.0,99.98,99.98,99.98,99.98,0.0,0.0
13,bus_25,0.5,1000.0,30.0,40.0,99.98,99.98,99.98,99.98,0.0,0.0
13,bus_25,0.5,1000.0,30.0,inf,99.98,99.98,99.98,99.98,0.0,0.0
13,bus_25,0.5,1000.0,40.0,30.0,99.98,99.98,99.98,99.98,0.0,0.0
13,bus_25,0.5,1000.0,40.0,40.0,99.98,99.98,99.98,99.98,0.0,0.0
13,bus_25,0.5,1000.0,40.0,inf,99.98,99.98,99.98,99.98,0.0,0.0
13,bus_25,0.5,1000.0,inf,30.0,99.98,99.98,99.98,99.98,0.0,0.0
13,bus_25,0.5,1000.0,inf,40.0,99.98,99.98,99.98,99.98,0.0,0.0
13,bus_25,0.5,1000.0,inf,inf,99.98,99.98,99.98,99.98,0.0,0.0
13,bus_25,0.5,2000.0,20.0,30.0,99.98,99.98,99.98,99.98,0.0,0.0
13,bus_25,0.5,2000.0,20.0,40.0,99.98,99.98,99.98,99.98,0.0,0.0
13,bus_25,0.5,2000.0,20.0,inf,99.98,99.98,99.98,99.98,0.0,0.0
13,bus_25,0.5,2000.0,30.0,30.0,99.98,99.98,99.98,99.98,0.0,0.0
13,bus_25,0.5,2000.0,30.0,40.0,99.98,99.98,99.98,99.98,0.0,0.0
13,bus_25,0.5,2000.0,30.0,inf,99.98,99.98,99.98,99.98,0.0,0.0
13,bus_25,0.5,2000.0,40.0,30.0,99.98,99.98,99.98,99.98,0.0,0.0
13,bus_25,0.5,2000.0,40.0,40.0,99.98,99.98,99.98,99.98,0.0,0.0
13,bus_25,0.5,2000.0,40.0,inf,99.98,99.98,99.98,99.98,0.0,0.0
13,bus_25,0.5,2000.0,inf,30.0,99.98,99.98,99.98,99.98,0.0,0.0
13,bus_25,0.5,2000.0,inf,40.0,99.98,99.98,99.98,99.98,0.0,0.0
13,bus_25,0.5,2000.0,inf,inf,99.98,99.98,99.98,99.98,0.0,0.0
13,bus_25,0.5,5000.0,20.0,30.0,99.98,99.98,99.98,99.98,0.0,0.0
13,bus_25,0.5,5000.0,20.0,40.0,99.98,99.98,99.98,99.98,0.0,0.0
13,bus_25,0.5,5000.0,20.0,inf,99.98,99.98,99.98,99.98,0.0,0.0
13,bus_25,0.5,5000.0,30.0,30.0,99.98,99.98,99.98,99.98,0.0,0.0
13,bus_25,0.5,5000.0,30.0,40.0,99.98,99.98,99.98,99.98,0.0,0.0
13,bus_25,0.5,5000.0,30.0,inf,99.98,99.98,99.98,99.98,0.0,0.0
13,bus_25,0.5,5000.0,40.0,30.0,99.98,99.98,99.98,99.98,0.0,0.0
13,bus_25,0.5,5000.0,40.0,40.0,99.98,99.98,99.98,99.98,0.0,0.0
13,bus_25,0.5,5000.0,40.0,inf,99.98,99.98,99.98,99.98,0.0,0.0
13,bus_25,0.5,5000.0,inf,30.0,99.98,99.98,99.98,99.98,0.0,0.0
13,bus_25,0.5,5000.0,inf,40.0,99.98,99.98,99.98,99.98,0.0,0.0
13,bus_25,0.5,5000.0,inf,inf,99.98,99.98,99.98,99.98,0.0,0.0
14,bus_01,0.5,100.0,20.0,30.0,65.19682006068281,42.80005995500286,99.98,99.98,-22.396760105679952,0.0
14,bus_01,0.5,100.0,20.0,40.0,56.87879107799192,14.450537649301188,98.81207243179475,93.95950681334155,-42.42825342869073,-4.852565618453198
14,bus_01,0.5,100.0,20.0,inf,65.31928967603349,42.97193418083227,99.98,99.98,-22.34735549520122,0.0
14,bus_01,0.5,100.0,30.0,30.0,60.924415546320134,71.28485309600944,99.98,99.98,10.360437549689308,0.0
14,bus_01,0.5,100.0,30.0,40.0,65.00108599054919,28.626944565434385,99.98,85.41361148955367,-36.3741414251148,-14.56638851044633
14,bus_01,0.5,100.0,30.0,inf,65.03960126164603,36.72166458976126,99.98,99.98,-28.317936671884766,0.0
14,bus_01,0.5,100.0,40.0,30.0,67.21999209644993,56.952715101944406,99.98,99.98,-10.267276994505522,0.0
14,bus_01,0.5,100.0,40.0,40.0,63.386617516908814,24.522705684153443,99.98,85.68139092752986,-38.86391183275537,-14.298609072470143
14,bus_01,0.5,100.0,40.0,inf,65.02947028042317,22.478557285176127,99.98,99.98,-42.550912995247046,0.0
14,bus_01,0.5,100.0,inf,30.0,63.38192132789623,67.02477028009851,99.98,99.98,3.6428489522022787,0.0
14,bus_01,0.5,100.0,inf,40.0,63.385330457937016,34.77381109563208,99.98,91.28210289835975,-28.61151936230494,-8.697897101640251
14,bus_01,0.5,100.0,inf,inf,61.9075510491642,65.73010081256446,99.98,99.8310845993771,3.8225497634002608,-0.1489154006228972
14,bus_01,0.5,500.0,20.0,30.0,99.98,99.98,99.98,99.98,0.0,0.0
14,bus_01,0.5,500.0,20.0,40.0,99.98,99.98,99.98,99.98,0.0,0.0
14,bus_01,0.5,500.0,20.0,inf,99.98,99.98,99.98,99.98,0.0,0.0
14,bus_01,0.5,500.0,30.0,30.0,99.98,99.98,99.98,99.98,0.0,0.0
14,bus_01,0.5,500.0,30.0,40.0,99.98,99.98,99.98,99.98,0.0,0.0
14,bus_01,0.5,500.0,30.0,inf,99.98,99.98,99.98,99.98,0.0,0.0
14,bus_01,0.5,500.0,40.0,30.0,99.98,99.98,99.98,99.98,0.0,0.0
14,bus_01,0.5,500.0,40.0,40.0,99.98,99.98,99.98,99.98,0.0,0.0
14,bus_01,0.5,500.0,40.0,inf,99.98,99.98,99.98,99.98,0.0,0.0
14,bus_01,0.5,500.0,inf,30.0,99.98,99.98,99.98,99.98,0.0,0.0
14,bus_01,0.5,500.0,inf,40.0,99.98,99.98,99.98,99.98,0.0,0.0
14,bus_01,0.5,500.0,inf,inf,99.98,99.98,99.98,99.98,0.0,0.0
14,bus_01,0.5,1000.0,20.0,30.0,99.98,99.98,99.98,99.98,0.0,0.0
14,bus_01,0.5,1000.0,20.0,40.0,99.98,99.98,99.98,99.98,0.0,0.0
14,bus_01,0.5,1000.0,20.0,inf,99.98,99.98,99.98,99.98,0.0,0.0
14,bus_01,0.5,1000.0,30.0,30.0,99.98,99.98,99.98,99.98,0.0,0.0
14,bus_01,0.5,1000.0,30.0,40.0,99.98,99.98,99.98,99.98,0.0,0.0
14,bus_01,0.5,1000.0,30.0,inf,99.98,99.98,99.98,99.98,0.0,0.0
14,bus_01,0.5,1000.0,40.0,30.0,99.98,99.98,99.98,99.98,0.0,0.0
14,bus_01,0.5,1000.0,40.0,40.0,99.98,99.98,99.98,99.98,0.0,0.0
14,bus_01,0.5,1000.0,40.0,inf,99.98,99.98,99.98,99.98,0.0,0.0
14,bus_01,0.5,1000.0,inf,30.0,99.98,99.98,99.98,99.98,0.0,0.0
14,bus_01,0.5,1000.0,inf,40.0,99.98,99.98,99.98,99.98,0.0,0.0
14,bus_01,0.5,1000.0,inf,inf,99.98,99.98,99.98,99.98,0.0,0.0
14,bus_01,0.5,2000.0,20.0,30.0,99.98,99.98,99.98,99.98,0.0,0.0
14,bus_01,0.5,2000.0,20.0,40.0,99.98,99.98,99.98,99.98,0.0,0.0
14,bus_01,0.5,2000.0,20.0,inf,99.98,99.98,99.98,99.98,0.0,0.0
14,bus_01,0.5,2000.0,30.0,30.0,99.98,99.98,99.98,99.98,0.0,0.0
14,bus_01,0.5,2000.0,30.0,40.0,99.98,99.98,99.98,99.98,0.0,0.0
14,bus_01,0.5,2000.0,30.0,inf,99.98,99.98,99.98,99.98,0.0,0.0
14,bus_01,0.5,2000.0,40.0,30.0,99.98,99.98,99.98,99.98,0.0,0.0
14,bus_01,0.5,2000.0,40.0,40.0,99.98,99.98,99.98,99.98,0.0,0.0
14,bus_01,0.5,2000.0,40.0,inf,99.98,99.98,99.98,99.98,0.0,0.0
14,bus_01,0.5,2000.0,inf,30.0,99.98,99.98,99.98,99.98,0.0,0.0
14,bus_01,0.5,2000.0,inf,40.0,99.98,99.98,99.98,99.98,0.0,0.0
14,bus_01,0.5,2000.0,inf,inf,99.98,99.98,99.98,99.98,0.0,0.0
14,bus_01,0.5,5000.0,20.0,30.0,99.98,99.98,99.98,99.98,0.0,0.0
14,bus_01,0.5,5000.0,20.0,40.0,99.98,99.98,99.98,99.98,0.0,0.0
14,bus_01,0.5,5000.0,20.0,inf,99.98,99.98,99.98,99.98,0.0,0.0
14,bus_01,0.5,5000.0,30.0,30.0,99.98,99.98,99.98,99.98,0.0,0.0
14,bus_01,0.5,5000.0,30.0,40.0,99.98,99.98,99.98,99.98,0.0,0.0
14,bus_01,0.5,5000.0,30.0,inf,99.98,99.98,99.98,99.98,0.0,0.0
14,bus_01,0.5,5000.0,40.0,30.0,99.98,99.98,99.98,99.98,0.0,0.0
14,bus_01,0.5,5000.0,40.0,40.0,99.98,99.98,99.98,99.98,0.0,0.0
14,bus_01,0.5,5000.0,40.0,inf,99.98,99.98,99.98,99.98,0.0,0.0
14,bus_01,0.5,5000.0,inf,30.0,99.98,99.98,99.98,99.98,0.0,0.0
14,bus_01,0.5,5000.0,inf,40.0,99.98,99.98,99.98,99.98,0.0,0.0
14,bus_01,0.5,5000.0,inf,inf,99.98,99.98,99.98,99.98,0.0,0.0
14,bus_07,0.5,100.0,20.0,30.0,69.04238460787977,42.65696369053957,99.80858517591975,97.62719763633866,-26.3854209173402,-2.181387539581081
14,bus_07,0.5,100.0,20.0,40.0,67.27655140332996,24.529026995399008,99.98,99.98,-42.74752440793095,0.0
14,bus_07,0.5,100.0,20.0,inf,67.0003561487579,38.70753144947406,99.98,99.72577862553626,-28.29282469928384,-0.2542213744637394
14,bus_07,0.5,100.0,30.0,30.0,60.99376696832894,65.023483261774,99.02107683248563,99.15124180900318,4.0297162934450625,0.13016497651754833
14,bus_07,0.5,100.0,30.0,40.0,65.07449565464368,40.79408367895934,99.98,99.98,-24.280411975684345,0.0
14,bus_07,0.5,100.0,30.0,inf,67.29726551006978,40.66782633389986,99.98,87.45303945259491,-26.629439176169917,-12.526960547405096
14,bus_07,0.5,100.0,40.0,30.0,65.32750864337213,14.488003490211842,99.98,99.98,-50.83950515316029,0.0
14,bus_07,0.5,100.0,40.0,40.0,65.04973367155947,75.14469873248673,99.98,97.44857353224246,10.094965060927265,-2.531426467757541
14,bus_07,0.5,100.0,40.0,inf,63.27267907720982,32.5566775242812,99.7301703494909,99.98,-30.716001552928624,0.2498296505090991
14,bus_07,0.5,100.0,inf,30.0,63.30850530484472,48.96490028231349,99.98,99.98,-14.343605022531236,0.0
14,bus_07,0.5,100.0,inf,40.0,63.33058060828938,26.48134881931471,99.90458054444818,99.98,-36.84923178897467,0.07541945555182394
14,bus_07,0.5,100.0,inf,inf,61.9075510491642,71.76286289263149,99.98,99.98,9.855311843467291,0.0
14,bus_07,0.5,500.0,20.0,30.0,99.98,99.98,99.98,99.98,0.0,0.0
14,bus_07,0.5,500.0,20.0,40.0,99.98,99.98,99.98,99.98,0.0,0.0
14,bus_07,0.5,500.0,20.0,inf,99.98,99.98,99.98,99.98,0.0,0.0
14,bus_07,0.5,500.0,30.0,30.0,99.98,99.98,99.98,99.98,0.0,0.0
14,bus_07,0.5,500.0,30.0,40.0,99.98,99.98,99.98,99.98,0.0,0.0
14,bus_07,0.5,500.0,30.0,inf,99.98,99.98,99.98,99.98,0.0,0.0
14,bus_07,0.5,500.0,40.0,30.0,99.98,99.98,99.98,99.98,0.0,0.0
14,bus_07,0.5,500.0,40.0,40.0,99.98,99.98,99.98,99.98,0.0,0.0
14,bus_07,0.5,500.0,40.0,inf,99.98,99.98,99.98,99.98,0.0,0.0
14,bus_07,0.5,500.0,inf,30.0,99.98,99.98,99.98,99.98,0.0,0.0
14,bus_07,0.5,500.0,inf,40.0,99.98,99.98,99.98,99.98,0.0,0.0
14,bus_07,0.5,500.0,inf,inf,99.98,99.98,99.98,99.98,0.0,0.0
14,bus_07,0.5,1000.0,20.0,30.0,99.98,99.98,99.98,99.98,0.0,0.0
14,bus_07,0.5,1000.0,20.0,40.0,99.98,99.98,99.98,99.98,0.0,0.0
14,bus_07,0.5,1000.0,20.0,inf,99.98,99.98,99.98,99.98,0.0,0.0
14,bus_07,0.5,1000.0,30.0,30.0,99.98,99.98,99.98,99.98,0.0,0.0
14,bus_07,0.5,1000.0,30.0,40.0,99.98,99.98,99.98,99.98,0.0,0.0
14,bus_07,0.5,1000.0,30.0,inf,99.98,99.98,99.98,99.98,0.0,0.0
14,bus_07,0.5,1000.0,40.0,30.0,99.98,99.98,99.98,99.98,0.0,0.0
14,bus_07,0.5,1000.0,40.0,40.0,99.98,99.98,99.98,99.98,0.0,0.0
14,bus_07,0.5,1000.0,40.0,inf,99.98,99.98,99.98,99.98,0.0,0.0
14,bus_07,0.5,1000.0,inf,30.0,99.98,99.98,99.98,99.98,0.0,0.0
14,bus_07,0.5,1000.0,inf,40.0,99.98,99.98,99.98,99.98,0.0,0.0
14,bus_07,0.5,1000.0,inf,inf,99.98,99.98,99.98,99.98,0.0,0.0
14,bus_07,0.5,2000.0,20.0,30.0,99.98,99.98,99.98,99.98,0.0,0.0
14,bus_07,0.5,2000.0,20.0,40.0,99.98,99.98,99.98,99.98,0.0,0.0
14,bus_07,0.5,2000.0,20.0,inf,99.98,99.98,99.98,99.98,0.0,0.0
14,bus_07,0.5,2000.0,30.0,30.0,99.98,99.98,99.98,99.98,0.0,0.0
14,bus_07,0.5,2000.0,30.0,40.0,99.98,99.98,99.98,99.98,0.0,0.0
14,bus_07,0.5,2000.0,30.0,inf,99.98,99.98,99.98,99.98,0.0,0.0
14,bus_07,0.5,2000.0,40.0,30.0,99.98,99.98,99.98,99.98,0.0,0.0
14,bus_07,0.5,2000.0,40.0,40.0,99.98,99.98,99.98,99.98,0.0,0.0
14,bus_07,0.5,2000.0,40.0,inf,99.98,99.98,99.98,99.98,0.0,0.0
14,bus_07,0.5,2000.0,inf,30.0,99.98,99.98,99.98,99.98,0.0,0.0
14,bus_07,0.5,2000.0,inf,40.0,99.98,99.98,99.98,99.98,0.0,0.0
14,bus_07,0.5,2000.0,inf,inf,99.98,99.98,99.98,99.98,0.0,0.0
14,bus_07,0.5,5000.0,20.0,30.0,99.98,99.98,99.98,99.98,0.0,0.0
14,bus_07,0.5,5000.0,20.0,40.0,99.98,99.98,99.98,99.98,0.0,0.0
14,bus_07,0.5,5000.0,20.0,inf,99.98,99.98,99.98,99.98,0.0,0.0
14,bus_07,0.5,5000.0,30.0,30.0,99.98,99.98,99.98,99.98,0.0,0.0
14,bus_07,0.5,5000.0,30.0,40.0,99.98,99.98,99.98,99.98,0.0,0.0
14,bus_07,0.5,5000.0,30.0,inf,99.98,99.98,99.98,99.98,0.0,0.0
14,bus_07,0.5,5000.0,40.0,30.0,99.98,99.98,99.98,99.98,0.0,0.0
14,bus_07,0.5,5000.0,40.0,40.0,99.98,99.98,99.98,99.98,0.0,0.0
14,bus_07,0.5,5000.0,40.0,inf,99.98,99.98,99.98,99.98,0.0,0.0
14,bus_07,0.5,5000.0,inf,30.0,99.98,99.98,99.98,99.98,0.0,0.0
14,bus_07,0.5,5000.0,inf,40.0,99.98,99.98,99.98,99.98,0.0,0.0
14,bus_07,0.5,5000.0,inf,inf,99.98,99.98,99.98,99.98,0.0,0.0
14,bus_13,0.5,100.0,20.0,30.0,57.22141378373441,24.498709619596625,99.98,95.51893499722122,-32.72270416413779,-4.461065002778781
14,bus_13,0.5,100.0,20.0,40.0,63.11655427349346,77.25147635848259,99.98,99.79069836231503,14.134922084989128,-0.1893016376849772
14,bus_13,0.5,100.0,20.0,inf,71.07137180892613,46.78517859277702,99.98,99.98,-24.28619321614911,0.0
14,bus_13,0.5,100.0,30.0,30.0,67.02820349610757,87.3931348866951,99.98,99.81636067939145,20.36493139058753,-0.1636393206085529
14,bus_13,0.5,100.0,30.0,40.0,63.23109115121633,16.33957014714509,99.98,63.0338700897553,-46.891521004071244,-36.94612991024471
14,bus_13,0.5,100.0,30.0,inf,63.155558555073775,28.61112959667116,99.98,98.94637432166074,-34.54442895840262,-1.0336256783392628
14,bus_13,0.5,100.0,40.0,30.0,65.29727384794576,63.34854473150116,99.98,99.98,-1.9487291164446034,0.0
14,bus_13,0.5,100.0,40.0,40.0,63.25281534984877,26.508487726328767,99.98,75.12026763466805,-36.74432762352,-24.85973236533195
14,bus_13,0.5,100.0,40.0,inf,65.1811556419269,44.88701515934963,99.98,83.26232364584844,-20.294140482577276,-16.717676354151564
14,bus_13,0.5,100.0,inf,30.0,61.352346054764205,47.0159351628154,99.98,99.98,-14.336410891948802,0.0
14,bus_13,0.5,100.0,inf,40.0,65.08454750490391,50.85275304975971,99.98,99.98,-14.231794455144197,0.0
14,bus_13,0.5,100.0,inf,inf,61.9075510491642,49.537927115806944,99.98,99.98,-12.369623933357254,0.0
14,bus_13,0.5,500.0,20.0,30.0,99.98,99.98,99.98,99.98,0.0,0.0
14,bus_13,0.5,500.0,20.0,40.0,99.98,99.98,99.98,99.98,0.0,0.0
14,bus_13,0.5,500.0,20.0,inf,99.98,99.98,99.98,99.98,0.0,0.0
14,bus_13,0.5,500.0,30.0,30.0,99.98,99.98,99.98,99.98,0.0,0.0
14,bus_13,0.5,500.0,30.0,40.0,99.98,99.98,99.98,99.98,0.0,0.0
14,bus_13,0.5,500.0,30.0,inf,99.98,99.98,99.98,99.98,0.0,0.0
14,bus_13,0.5,500.0,40.0,30.0,99.98,99.98,99.98,99.98,0.0,0.0
14,bus_13,0.5,500.0,40.0,40.0,99.98,99.98,99.98,99.98,0.0,0.0
14,bus_13,0.5,500.0,40.0,inf,99.98,99.98,99.98,99.98,0.0,0.0
14,bus_13,0.5,500.0,inf,30.0,99.98,99.98,99.98,99.98,0.0,0.0
14,bus_13,0.5,500.0,inf,40.0,99.98,99.98,99.98,99.98,0.0,0.0
14,bus_13,0.5,500.0,inf,inf,99.98,99.98,99.98,99.98,0.0,0.0
14,bus_13,0.5,1000.0,20.0,30.0,99.98,99.98,99.98,99.98,0.0,0.0
14,bus_13,0.5,1000.0,20.0,40.0,99.98,99.98,99.98,99.98,0.0,0.0
14,bus_13,0.5,1000.0,20.0,inf,99.98,99.98,99.98,99.98,0.0,0.0
14,bus_13,0.5,1000.0,30.0,30.0,99.98,99.98,99.98,99.98,0.0,0.0
14,bus_13,0.5,1000.0,30.0,40.0,99.98,99.98,99.98,99.98,0.0,0.0
14,bus_13,0.5,1000.0,30.0,inf,99.98,99.98,99.98,99.98,0.0,0.0
14,bus_13,0.5,1000.0,40.0,30.0,99.98,99.98,99.98,99.98,0.0,0.0
14,bus_13,0.5,1000.0,40.0,40.0,99.98,99.98,99.98,99.98,0.0,0.0
14,bus_13,0.5,1000.0,40.0,inf,99.98,99.98,99.98,99.98,0.0,0.0
14,bus_13,0.5,1000.0,inf,30.0,99.98,99.98,99.98,99.98,0.0,0.0
14,bus_13,0.5,1000.0,inf,40.0,99.98,99.98,99.98,99.98,0.0,0.0
14,bus_13,0.5,1000.0,inf,inf,99.98,99.98,99.98,99.98,0.0,0.0
14,bus_13,0.5,2000.0,20.0,30.0,99.98,99.98,99.98,99.98,0.0,0.0
14,bus_13,0.5,2000.0,20.0,40.0,99.98,99.98,99.98,99.98,0.0,0.0
14,bus_13,0.5,2000.0,20.0,inf,99.98,99.98,99.98,99.98,0.0,0.0
14,bus_13,0.5,2000.0,30.0,30.0,99.98,99.98,99.98,99.98,0.0,0.0
14,bus_13,0.5,2000.0,30.0,40.0,99.98,99.98,99.98,99.98,0.0,0.0
14,bus_13,0.5,2000.0,30.0,inf,99.98,99.98,99.98,99.98,0.0,0.0
14,bus_13,0.5,2000.0,40.0,30.0,99.98,99.98,99.98,99.98,0.0,0.0
14,bus_13,0.5,2000.0,40.0,40.0,99.98,99.98,99.98,99.98,0.0,0.0
14,bus_13,0.5,2000.0,40.0,inf,99.98,99.98,99.98,99.98,0.0,0.0
14,bus_13,0.5,2000.0,inf,30.0,99.98,99.98,99.98,99.98,0.0,0.0
14,bus_13,0.5,2000.0,inf,40.0,99.98,99.98,99.98,99.98,0.0,0.0
14,bus_13,0.5,2000.0,inf,inf,99.98,99.98,99.98,99.98,0.0,0.0
14,bus_13,0.5,5000.0,20.0,30.0,99.98,99.98,99.98,99.98,0.0,0.0
14,bus_13,0.5,5000.0,20.0,40.0,99.98,99.98,99.98,99.98,0.0,0.0
14,bus_13,0.5,5000.0,20.0,inf,99.98,99.98,99.98,99.98,0.0,0.0
14,bus_13,0.5,5000.0,30.0,30.0,99.98,99.98,99.98,99.98,0.0,0.0
14,bus_13,0.5,5000.0,30.0,40.0,99.98,99.98,99.98,99.98,0.0,0.0
14,bus_13,0.5,5000.0,30.0,inf,99.98,99.98,99.98,99.98,0.0,0.0
14,bus_13,0.5,5000.0,40.0,30.0,99.98,99.98,99.98,99.98,0.0,0.0
14,bus_13,0.5,5000.0,40.0,40.0,99.98,99.98,99.98,99.98,0.0,0.0
14,bus_13,0.5,5000.0,40.0,inf,99.98,99.98,99.98,99.98,0.0,0.0
14,bus_13,0.5,5000.0,inf,30.0,99.98,99.98,99.98,99.98,0.0,0.0
14,bus_13,0.5,5000.0,inf,40.0,99.98,99.98,99.98,99.98,0.0,0.0
14,bus_13,0.5,5000.0,inf,inf,99.98,99.98,99.98,99.98,0.0,0.0
14,bus_19,0.5,100.0,20.0,30.0,59.26646828580444,34.731468249386225,99.98,99.98,-24.535000036418218,0.0
14,bus_19,0.5,100.0,20.0,40.0,58.8292573383956,24.656538163651163,99.98,71.2523257271566,-34.17271917474444,-28.7276742728434
14,bus_19,0.5,100.0,20.0,inf,69.28509392308237,67.24592710647084,99.07514276531553,96.62208705180055,-2.0391668166115267,-2.453055713514985
14,bus_19,0.5,100.0,30.0,30.0,69.10030387008503,77.35693081829349,99.98,99.98,8.256626948208464,0.0
14,bus_19,0.5,100.0,30.0,40.0,63.34457333372645,71.29840195119905,99.90470110855375,98.89556369636756,7.9538286174726025,-1.0091374121861918
14,bus_19,0.5,100.0,30.0,inf,62.97149115859432,24.847056618322693,99.63451172473741,95.55886547608671,-38.12443454027162,-4.075646248650699
14,bus_19,0.5,100.0,40.0,30.0,65.3389664081343,67.03150701769351,99.98,77.20499224509133,1.6925406095592166,-22.77500775490867
14,bus_19,0.5,100.0,40.0,40.0,63.36670803904298,32.81121098896749,99.98,83.56339713494172,-30.555497050075495,-16.41660286505828
14,bus_19,0.5,100.0,40.0,inf,64.97825350847629,65.01926166269989,99.98,99.98,0.041008154223604265,0.0
14,bus_19,0.5,100.0,inf,30.0,67.2206211296789,28.62412992990676,99.98,81.30767313987806,-38.596491199772146,-18.67232686012194
14,bus_19,0.5,100.0,inf,40.0,65.0459845055265,14.58912749417226,99.91266861278535,83.32163053980699,-50.456857011354245,-16.591038072978364
14,bus_19,0.5,100.0,inf,inf,61.9075510491642,73.8103546942095,99.98,99.98,11.902803645045296,0.0
14,bus_19,0.5,500.0,20.0,30.0,99.98,99.98,99.98,99.98,0.0,0.0
14,bus_19,0.5,500.0,20.0,40.0,99.98,99.98,99.98,99.98,0.0,0.0
14,bus_19,0.5,500.0,20.0,inf,99.98,99.98,99.98,99.98,0.0,0.0
14,bus_19,0.5,500.0,30.0,30.0,99.98,99.98,99.98,99.98,0.0,0.0
14,bus_19,0.5,500.0,30.0,40.0,99.98,99.98,99.98,99.98,0.0,0.0
14,bus_19,0.5,500.0,30.0,inf,99.98,99.98,99.98,99.98,0.0,0.0
14,bus_19,0.5,500.0,40.0,30.0,99.98,99.98,99.98,99.98,0.0,0.0
14,bus_19,0.5,500.0,40.0,40.0,99.98,99.98,99.98,99.98,0.0,0.0
14,bus_19,0.5,500.0,40.0,inf,99.98,99.98,99.98,99.98,0.0,0.0
14,bus_19,0.5,500.0,inf,30.0,99.98,99.98,99.98,99.98,0.0,0.0
14,bus_19,0.5,500.0,inf,40.0,99.98,99.98,99.98,99.98,0.0,0.0
14,bus_19,0.5,500.0,inf,inf,99.98,99.98,99.98,99.98,0.0,0.0
14,bus_19,0.5,1000.0,20.0,30.0,99.98,99.98,99.98,99.98,0.0,0.0
14,bus_19,0.5,1000.0,20.0,40.0,99.98,99.98,99.98,99.98,0.0,0.0
14,bus_19,0.5,1000.0,20.0,inf,99.98,99.98,99.98,99.98,0.0,0.0
14,bus_19,0.5,1000.0,30.0,30.0,99.98,99.98,99.98,99.98,0.0,0.0
14,bus_19,0.5,1000.0,30.0,40.0,99.98,99.98,99.98,99.98,0.0,0.0
14,bus_19,0.5,1000.0,30.0,inf,99.98,99.98,99.98,99.98,0.0,0.0
14,bus_19,0.5,1000.0,40.0,30.0,99.98,99.98,99.98,99.98,0.0,0.0
14,bus_19,0.5,1000.0,40.0,40.0,99.98,99.98,99.98,99.98,0.0,0.0
14,bus_19,0.5,1000.0,40.0,inf,99.98,99.98,99.98,99.98,0.0,0.0
14,bus_19,0.5,1000.0,inf,30.0,99.98,99.98,99.98,99.98,0.0,0.0
14,bus_19,0.5,1000.0,inf,40.0,99.98,99.98,99.98,99.98,0.0,0.0
14,bus_19,0.5,1000.0,inf,inf,99.98,99.98,99.98,99.98,0.0,0.0
14,bus_19,0.5,2000.0,20.0,30.0,99.98,99.98,99.98,99.98,0.0,0.0
14,bus_19,0.5,2000.0,20.0,40.0,99.98,99.98,99.98,99.98,0.0,0.0
14,bus_19,0.5,2000.0,20.0,inf,99.98,99.98,99.98,99.98,0.0,0.0
14,bus_19,0.5,2000.0,30.0,30.0,99.98,99.98,99.98,99.98,0.0,0.0
14,bus_19,0.5,2000.0,30.0,40.0,99.98,99.98,99.98,99.98,0.0,0.0
14,bus_19,0.5,2000.0,30.0,inf,99.98,99.98,99.98,99.98,0.0,0.0
14,bus_19,0.5,2000.0,40.0,30.0,99.98,99.98,99.98,99.98,0.0,0.0
14,bus_19,0.5,2000.0,40.0,40.0,99.98,99.98,99.98,99.98,0.0,0.0
14,bus_19,0.5,2000.0,40.0,inf,99.98,99.98,99.98,99.98,0.0,0.0
14,bus_19,0.5,2000.0,inf,30.0,99.98,99.98,99.98,99.98,0.0,0.0
14,bus_19,0.5,2000.0,inf,40.0,99.98,99.98,99.98,99.98,0.0,0.0
14,bus_19,0.5,2000.0,inf,inf,99.98,99.98,99.98,99.98,0.0,0.0
14,bus_19,0.5,5000.0,20.0,30.0,99.98,99.98,99.98,99.98,0.0,0.0
14,bus_19,0.5,5000.0,20.0,40.0,99.98,99.98,99.98,99.98,0.0,0.0
14,bus_19,0.5,5000.0,20.0,inf,99.98,99.98,99.98,99.98,0.0,0.0
14,bus_19,0.5,5000.0,30.0,30.0,99.98,99.98,99.98,99.98,0.0,0.0
14,bus_19,0.5,5000.0,30.0,40.0,99.98,99.98,99.98,99.98,0.0,0.0
14,bus_19,0.5,5000.0,30.0,inf,99.98,99.98,99.98,99.98,0.0,0.0
14,bus_19,0.5,5000.0,40.0,30.0,99.98,99.98,99.98,99.98,0.0,0.0
14,bus_19,0.5,5000.0,40.0,40.0,99.98,99.98,99.98,99.98,0.0,0.0
14,bus_19,0.5,5000.0,40.0,inf,99.98,99.98,99.98,99.98,0.0,0.0
14,bus_19,0.5,5000.0,inf,30.0,99.98,99.98,99.98,99.98,0.0,0.0
14,bus_19,0.5,5000.0,inf,40.0,99.98,99.98,99.98,99.98,0.0,0.0
14,bus_19,0.5,5000.0,inf,inf,99.98,99.98,99.98,99.98,0.0,0.0
14,bus_25,0.5,100.0,20.0,30.0,63.261474934082315,26.607225187669204,99.21574001211592,61.21982279801883,-36.654249746413115,-37.995917214097084
14,bus_25,0.5,100.0,20.0,40.0,69.27438643693775,34.701886393652806,99.98,99.98,-34.57250004328494,0.0
14,bus_25,0.5,100.0,20.0,inf,67.02038807821944,26.45261264490958,96.89082082693946,79.35527001057537,-40.56777543330986,-17.535550816364093
14,bus_25,0.5,100.0,30.0,30.0,65.30156585479297,71.16207387476351,99.98,99.98,5.860508019970538,0.0
14,bus_25,0.5,100.0,30.0,40.0,65.00426670201813,22.371979919114104,99.98,98.60009931594746,-42.632286782904025,-1.3799006840525436
14,bus_25,0.5,100.0,30.0,inf,63.33881891161555,20.67131889665903,99.98,77.3427846885961,-42.66750001495652,-22.637215311403907
14,bus_25,0.5,100.0,40.0,30.0,63.07466839865534,69.16469028398085,99.98,99.98,6.0900218853255055,0.0
14,bus_25,0.5,100.0,40.0,40.0,65.13713317285472,38.74907866240254,99.98,73.24947629745863,-26.38805451045218,-26.730523702541376
14,bus_25,0.5,100.0,40.0,inf,64.99510092030407,22.409001891688717,99.98,75.24785617907676,-42.58609902861535,-24.73214382092324
14,bus_25,0.5,100.0,inf,30.0,65.2835071560506,36.617785779916325,99.98,93.44086384247929,-28.66572137613428,-6.539136157520716
14,bus_25,0.5,100.0,inf,40.0,65.05255921843562,66.94272052569778,99.98,99.98,1.8901613072621615,0.0
14,bus_25,0.5,100.0,inf,inf,61.9075510491642,47.4227523638324,99.98,99.98,-14.484798685331796,0.0
14,bus_25,0.5,500.0,20.0,30.0,99.98,99.98,99.98,99.98,0.0,0.0
14,bus_25,0.5,500.0,20.0,40.0,99.98,99.98,99.98,99.98,0.0,0.0
14,bus_25,0.5,500.0,20.0,inf,99.98,99.98,99.98,99.98,0.0,0.0
14,bus_25,0.5,500.0,30.0,30.0,99.98,99.98,99.98,99.98,0.0,0.0
14,bus_25,0.5,500.0,30.0,40.0,99.98,99.98,99.98,99.98,0.0,0.0
14,bus_25,0.5,500.0,30.0,inf,99.98,99.98,99.98,99.98,0.0,0.0
14,bus_25,0.5,500.0,40.0,30.0,99.98,99.98,99.98,99.98,0.0,0.0
14,bus_25,0.5,500.0,40.0,40.0,99.98,99.98,99.98,99.98,0.0,0.0
14,bus_25,0.5,500.0,40.0,inf,99.98,99.98,99.98,99.98,0.0,0.0
14,bus_25,0.5,500.0,inf,30.0,99.98,99.98,99.98,99.98,0.0,0.0
14,bus_25,0.5,500.0,inf,40.0,99.98,99.98,99.98,99.98,0.0,0.0
14,bus_25,0.5,500.0,inf,inf,99.98,99.98,99.98,99.98,0.0,0.0
14,bus_25,0.5,1000.0,20.0,30.0,99.98,99.98,99.98,99.98,0.0,0.0
14,bus_25,0.5,1000.0,20.0,40.0,99.98,99.98,99.98,99.98,0.0,0.0
14,bus_25,0.5,1000.0,20.0,inf,99.98,99.98,99.98,99.98,0.0,0.0
14,bus_25,0.5,1000.0,30.0,30.0,99.98,99.98,99.98,99.98,0.0,0.0
14,bus_25,0.5,1000.0,30.0,40.0,99.98,99.98,99.98,99.98,0.0,0.0
14,bus_25,0.5,1000.0,30.0,inf,99.98,99.98,99.98,99.98,0.0,0.0
14,bus_25,0.5,1000.0,40.0,30.0,99.98,99.98,99.98,99.98,0.0,0.0
14,bus_25,0.5,1000.0,40.0,40.0,99.98,99.98,99.98,99.98,0.0,0.0
14,bus_25,0.5,1000.0,40.0,inf,99.98,99.98,99.98,99.98,0.0,0.0
14,bus_25,0.5,1000.0,inf,30.0,99.98,99.98,99.98,99.98,0.0,0.0
14,bus_25,0.5,1000.0,inf,40.0,99.98,99.98,99.98,99.98,0.0,0.0
14,bus_25,0.5,1000.0,inf,inf,99.98,99.98,99.98,99.98,0.0,0.0
14,bus_25,0.5,2000.0,20.0,30.0,99.98,99.98,99.98,99.98,0.0,0.0
14,bus_25,0.5,2000.0,20.0,40.0,99.98,99.98,99.98,99.98,0.0,0.0
14,bus_25,0.5,2000.0,20.0,inf,99.98,99.98,99.98,99.98,0.0,0.0
14,bus_25,0.5,2000.0,30.0,30.0,99.98,99.98,99.98,99.98,0.0,0.0
14,bus_25,0.5,2000.0,30.0,40.0,99.98,99.98,99.98,99.98,0.0,0.0
14,bus_25,0.5,2000.0,30.0,inf,99.98,99.98,99.98,99.98,0.0,0.0
14,bus_25,0.5,2000.0,40.0,30.0,99.98,99.98,99.98,99.98,0.0,0.0
14,bus_25,0.5,2000.0,40.0,40.0,99.98,99.98,99.98,99.98,0.0,0.0
14,bus_25,0.5,2000.0,40.0,inf,99.98,99.98,99.98,99.98,0.0,0.0
14,bus_25,0.5,2000.0,inf,30.0,99.98,99.98,99.98,99.98,0.0,0.0
14,bus_25,0.5,2000.0,inf,40.0,99.98,99.98,99.98,99.98,0.0,0.0
14,bus_25,0.5,2000.0,inf,inf,99.98,99.98,99.98,99.98,0.0,0.0
14,bus_25,0.5,5000.0,20.0,30.0,99.98,99.98,99.98,99.98,0.0,0.0
14,bus_25,0.5,5000.0,20.0,40.0,99.98,99.98,99.98,99.98,0.0,0.0
14,bus_25,0.5,5000.0,20.0,inf,99.98,99.98,99.98,99.98,0.0,0.0
14,bus_25,0.5,5000.0,30.0,30.0,99.98,99.98,99.98,99.98,0.0,0.0
14,bus_25,0.5,5000.0,30.0,40.0,99.98,99.98,99.98,99.98,0.0,0.0
14,bus_25,0.5,5000.0,30.0,inf,99.98,99.98,99.98,99.98,0.0,0.0
14,bus_25,0.5,5000.0,40.0,30.0,99.98,99.98,99.98,99.98,0.0,0.0
14,bus_25,0.5,5000.0,40.0,40.0,99.98,99.98,99.98,99.98,0.0,0.0
14,bus_25,0.5,5000.0,40.0,inf,99.98,99.98,99.98,99.98,0.0,0.0
14,bus_25,0.5,5000.0,inf,30.0,99.98,99.98,99.98,99.98,0.0,0.0
14,bus_25,0.5,5000.0,inf,40.0,99.98,99.98,99.98,99.98,0.0,0.0
14,bus_25,0.5,5000.0,inf,inf,99.98,99.98,99.98,99.98,0.0,0.0
15,bus_01,0.5,100.0,20.0,30.0,18.4809327532503,22.472968630805923,99.98,98.85658175460269,3.9920358775556224,-1.1234182453973176
15,bus_01,0.5,100.0,20.0,40.0,60.87465666363554,32.612229312312515,99.0614040604692,89.7014789461546,-28.262427351323026,-9.359925114314606
15,bus_01,0.5,100.0,20.0,inf,67.48667859590803,75.33944431403532,99.98,99.98,7.852765718127287,0.0
15,bus_01,0.5,100.0,30.0,30.0,61.29106662674714,28.69764445642361,99.98,79.25159355035838,-32.59342217032353,-20.728406449641625
15,bus_01,0.5,100.0,30.0,40.0,63.31862776098154,30.677085194324416,99.98,91.40030040440543,-32.64154256665712,-8.579699595594576
15,bus_01,0.5,100.0,30.0,inf,65.2555826508714,65.10029462223075,99.98,99.73309480163013,-0.15528802864065483,-0.24690519836987335
15,bus_01,0.5,100.0,40.0,30.0,61.354870421942564,22.688838061466242,99.98,65.0247122451921,-38.66603236047632,-34.9552877548079
15,bus_01,0.5,100.0,40.0,40.0,65.27569228200389,38.75925596688824,99.98,99.98,-26.516436315115648,0.0
15,bus_01,0.5,100.0,40.0,inf,64.99743067553005,26.540800310440137,99.98,91.49201209258334,-38.45663036508992,-8.487987907416667
15,bus_01,0.5,100.0,inf,30.0,62.94361357077174,46.901373802237536,99.98,99.98,-16.042239768534202,0.0
15,bus_01,0.5,100.0,inf,40.0,65.14210875806522,18.56709623790981,99.98,56.906812111860695,-46.57501252015541,-43.07318788813931
15,bus_01,0.5,100.0,inf,inf,61.9075510491642,67.68418682032757,99.98,86.09543188319817,5.77663577116337,-13.88456811680183
15,bus_01,0.5,500.0,20.0,30.0,99.98,99.98,99.98,99.98,0.0,0.0
15,bus_01,0.5,500.0,20.0,40.0,99.98,99.98,99.98,99.98,0.0,0.0
15,bus_01,0.5,500.0,20.0,inf,99.98,99.98,99.98,99.98,0.0,0.0
15,bus_01,0.5,500.0,30.0,30.0,99.98,99.98,99.98,99.98,0.0,0.0
15,bus_01,0.5,500.0,30.0,40.0,99.98,99.98,99.98,99.98,0.0,0.0
15,bus_01,0.5,500.0,30.0,inf,99.98,99.98,99.98,99.98,0.0,0.0
15,bus_01,0.5,500.0,40.0,30.0,99.98,99.98,99.98,99.98,0.0,0.0
15,bus_01,0.5,500.0,40.0,40.0,99.98,99.98,99.98,99.98,0.0,0.0
15,bus_01,0.5,500.0,40.0,inf,99.98,99.98,99.98,99.98,0.0,0.0
15,bus_01,0.5,500.0,inf,30.0,99.98,99.98,99.98,99.98,0.0,0.0
15,bus_01,0.5,500.0,inf,40.0,99.98,99.98,99.98,99.98,0.0,0.0
15,bus_01,0.5,500.0,inf,inf,99.98,99.98,99.98,99.98,0.0,0.0
15,bus_01,0.5,1000.0,20.0,30.0,99.98,99.98,99.98,99.98,0.0,0.0
15,bus_01,0.5,1000.0,20.0,40.0,99.98,99.98,99.98,99.98,0.0,0.0
15,bus_01,0.5,1000.0,20.0,inf,99.98,99.98,99.98,99.98,0.0,0.0
15,bus_01,0.5,1000.0,30.0,30.0,99.98,99.98,99.98,99.98,0.0,0.0
15,bus_01,0.5,1000.0,30.0,40.0,99.98,99.98,99.98,99.98,0.0,0.0
15,bus_01,0.5,1000.0,30.0,inf,99.98,99.98,99.98,99.98,0.0,0.0
15,bus_01,0.5,1000.0,40.0,30.0,99.98,99.98,99.98,99.98,0.0,0.0
15,bus_01,0.5,1000.0,40.0,40.0,99.98,99.98,99.98,99.98,0.0,0.0
15,bus_01,0.5,1000.0,40.0,inf,99.98,99.98,99.98,99.98,0.0,0.0
15,bus_01,0.5,1000.0,inf,30.0,99.98,99.98,99.98,99.98,0.0,0.0
15,bus_01,0.5,1000.0,inf,40.0,99.98,99.98,99.98,99.98,0.0,0.0
15,bus_01,0.5,1000.0,inf,inf,99.98,99.98,99.98,99.98,0.0,0.0
15,bus_01,0.5,2000.0,20.0,30.0,99.98,99.98,99.98,99.98,0.0,0.0
15,bus_01,0.5,2000.0,20.0,40.0,99.98,99.98,99.98,99.98,0.0,0.0
15,bus_01,0.5,2000.0,20.0,inf,99.98,99.98,99.98,99.98,0.0,0.0
15,bus_01,0.5,2000.0,30.0,30.0,99.98,99.98,99.98,99.98,0.0,0.0
15,bus_01,0.5,2000.0,30.0,40.0,99.98,99.98,99.98,99.98,0.0,0.0
15,bus_01,0.5,2000.0,30.0,inf,99.98,99.98,99.98,99.98,0.0,0.0
15,bus_01,0.5,2000.0,40.0,30.0,99.98,99.98,99.98,99.98,0.0,0.0
15,bus_01,0.5,2000.0,40.0,40.0,99.98,99.98,99.98,99.98,0.0,0.0
15,bus_01,0.5,2000.0,40.0,inf,99.98,99.98,99.98,99.98,0.0,0.0
15,bus_01,0.5,2000.0,inf,30.0,99.98,99.98,99.98,99.98,0.0,0.0
15,bus_01,0.5,2000.0,inf,40.0,99.98,99.98,99.98,99.98,0.0,0.0
15,bus_01,0.5,2000.0,inf,inf,99.98,99.98,99.98,99.98,0.0,0.0
15,bus_01,0.5,5000.0,20.0,30.0,99.98,99.98,99.98,99.98,0.0,0.0
15,bus_01,0.5,5000.0,20.0,40.0,99.98,99.98,99.98,99.98,0.0,0.0
15,bus_01,0.5,5000.0,20.0,inf,99.98,99.98,99.98,99.98,0.0,0.0
15,bus_01,0.5,5000.0,30.0,30.0,99.98,99.98,99.98,99.98,0.0,0.0
15,bus_01,0.5,5000.0,30.0,40.0,99.98,99.98,99.98,99.98,0.0,0.0
15,bus_01,0.5,5000.0,30.0,inf,99.98,99.98,99.98,99.98,0.0,0.0
15,bus_01,0.5,5000.0,40.0,30.0,99.98,99.98,99.98,99.98,0.0,0.0
15,bus_01,0.5,5000.0,40.0,40.0,99.98,99.98,99.98,99.98,0.0,0.0
15,bus_01,0.5,5000.0,40.0,inf,99.98,99.98,99.98,99.98,0.0,0.0
15,bus_01,0.5,5000.0,inf,30.0,99.98,99.98,99.98,99.98,0.0,0.0
15,bus_01,0.5,5000.0,inf,40.0,99.98,99.98,99.98,99.98,0.0,0.0
15,bus_01,0.5,5000.0,inf,inf,99.98,99.98,99.98,99.98,0.0,0.0
15,bus_07,0.5,100.0,20.0,30.0,63.07488517314093,22.69826541631933,99.98,83.36837479276001,-40.3766197568216,-16.611625207239996
15,bus_07,0.5,100.0,20.0,40.0,62.99523118920129,22.665389863150875,99.98,75.305815572943,-40.32984132605041,-24.674184427057
15,bus_07,0.5,100.0,20.0,inf,63.04616552807624,40.99156690471138,99.98,87.6287072185814,-22.05459862336486,-12.351292781418607
15,bus_07,0.5,100.0,30.0,30.0,61.182191604223114,26.500326964478628,99.96671272696472,65.11858094335795,-34.68186463974449,-34.84813178360676
15,bus_07,0.5,100.0,30.0,40.0,63.21874884593055,26.682941314180542,99.98,57.0284139310411,-36.53580753175001,-42.9515860689589
15,bus_07,0.5,100.0,30.0,inf,63.38935449632403,34.80499559607432,99.86346478706074,69.36035079657204,-28.58435890024971,-30.5031139904887
15,bus_07,0.5,100.0,40.0,30.0,65.09897167743333,14.479767951413303,99.98,85.14777958505795,-50.619203726020025,-14.832220414942057
15,bus_07,0.5,100.0,40.0,40.0,63.38009388986613,20.616301893130718,99.98,69.18476334777654,-42.763791996735414,-30.795236652223466
15,bus_07,0.5,100.0,40.0,inf,65.03792938068575,34.87781364208631,99.98,81.1949213366846,-30.160115738599444,-18.785078663315403
15,bus_07,0.5,100.0,inf,30.0,63.12097221704753,36.86664224744137,99.61627239090748,81.3407833667186,-26.25432996960616,-18.275489024188886
15,bus_07,0.5,100.0,inf,40.0,65.25347342280071,64.95658013136831,99.97827048985127,99.98,-0.2968932914323972,0.001729510148734903
15,bus_07,0.5,100.0,inf,inf,61.9075510491642,65.99354881617909,99.98,99.98,4.085997767014888,0.0
15,bus_07,0.5,500.0,20.0,30.0,99.98,99.98,99.98,99.98,0.0,0.0
15,bus_07,0.5,500.0,20.0,40.0,99.98,99.98,99.98,99.98,0.0,0.0
15,bus_07,0.5,500.0,20.0,inf,99.98,99.98,99.98,99.98,0.0,0.0
15,bus_07,0.5,500.0,30.0,30.0,99.98,99.98,99.98,99.98,0.0,0.0
15,bus_07,0.5,500.0,30.0,40.0,99.98,99.98,99.98,99.98,0.0,0.0
15,bus_07,0.5,500.0,30.0,inf,99.98,99.98,99.98,99.98,0.0,0.0
15,bus_07,0.5,500.0,40.0,30.0,99.98,99.98,99.98,99.98,0.0,0.0
15,bus_07,0.5,500.0,40.0,40.0,99.98,99.98,99.98,99.98,0.0,0.0
15,bus_07,0.5,500.0,40.0,inf,99.98,99.98,99.98,99.98,0.0,0.0
15,bus_07,0.5,500.0,inf,30.0,99.98,99.98,99.98,99.98,0.0,0.0
15,bus_07,0.5,500.0,inf,40.0,99.98,99.98,99.98,99.98,0.0,0.0
15,bus_07,0.5,500.0,inf,inf,99.98,99.98,99.98,99.98,0.0,0.0
15,bus_07,0.5,1000.0,20.0,30.0,99.98,99.98,99.98,99.98,0.0,0.0
15,bus_07,0.5,1000.0,20.0,40.0,99.98,99.98,99.98,99.98,0.0,0.0
15,bus_07,0.5,1000.0,20.0,inf,99.98,99.98,99.98,99.98,0.0,0.0
15,bus_07,0.5,1000.0,30.0,30.0,99.98,99.98,99.98,99.98,0.0,0.0
15,bus_07,0.5,1000.0,30.0,40.0,99.98,99.98,99.98,99.98,0.0,0.0
15,bus_07,0.5,1000.0,30.0,inf,99.98,99.98,99.98,99.98,0.0,0.0
15,bus_07,0.5,1000.0,40.0,30.0,99.98,99.98,99.98,99.98,0.0,0.0
15,bus_07,0.5,1000.0,40.0,40.0,99.98,99.98,99.98,99.98,0.0,0.0
15,bus_07,0.5,1000.0,40.0,inf,99.98,99.98,99.98,99.98,0.0,0.0
15,bus_07,0.5,1000.0,inf,30.0,99.98,99.98,99.98,99.98,0.0,0.0
15,bus_07,0.5,1000.0,inf,40.0,99.98,99.98,99.98,99.98,0.0,0.0
15,bus_07,0.5,1000.0,inf,inf,99.98,99.98,99.98,99.98,0.0,0.0
15,bus_07,0.5,2000.0,20.0,30.0,99.98,99.98,99.98,99.98,0.0,0.0
15,bus_07,0.5,2000.0,20.0,40.0,99.98,99.98,99.98,99.98,0.0,0.0
15,bus_07,0.5,2000.0,20.0,inf,99.98,99.98,99.98,99.98,0.0,0.0
15,bus_07,0.5,2000.0,30.0,30.0,99.98,99.98,99.98,99.98,0.0,0.0
15,bus_07,0.5,2000.0,30.0,40.0,99.98,99.98,99.98,99.98,0.0,0.0
15,bus_07,0.5,2000.0,30.0,inf,99.98,99.98,99.98,99.98,0.0,0.0
15,bus_07,0.5,2000.0,40.0,30.0,99.98,99.98,99.98,99.98,0.0,0.0
15,bus_07,0.5,2000.0,40.0,40.0,99.98,99.98,99.98,99.98,0.0,0.0
15,bus_07,0.5,2000.0,40.0,inf,99.98,99.98,99.98,99.98,0.0,0.0
15,bus_07,0.5,2000.0,inf,30.0,99.98,99.98,99.98,99.98,0.0,0.0
15,bus_07,0.5,2000.0,inf,40.0,99.98,99.98,99.98,99.98,0.0,0.0
15,bus_07,0.5,2000.0,inf,inf,99.98,99.98,99.98,99.98,0.0,0.0
15,bus_07,0.5,5000.0,20.0,30.0,99.98,99.98,99.98,99.98,0.0,0.0
15,bus_07,0.5,5000.0,20.0,40.0,99.98,99.98,99.98,99.98,0.0,0.0
15,bus_07,0.5,5000.0,20.0,inf,99.98,99.98,99.98,99.98,0.0,0.0
15,bus_07,0.5,5000.0,30.0,30.0,99.98,99.98,99.98,99.98,0.0,0.0
15,bus_07,0.5,5000.0,30.0,40.0,99.98,99.98,99.98,99.98,0.0,0.0
15,bus_07,0.5,5000.0,30.0,inf,99.98,99.98,99.98,99.98,0.0,0.0
15,bus_07,0.5,5000.0,40.0,30.0,99.98,99.98,99.98,99.98,0.0,0.0
15,bus_07,0.5,5000.0,40.0,40.0,99.98,99.98,99.98,99.98,0.0,0.0
15,bus_07,0.5,5000.0,40.0,inf,99.98,99.98,99.98,99.98,0.0,0.0
15,bus_07,0.5,5000.0,inf,30.0,99.98,99.98,99.98,99.98,0.0,0.0
15,bus_07,0.5,5000.0,inf,40.0,99.98,99.98,99.98,99.98,0.0,0.0
15,bus_07,0.5,5000.0,inf,inf,99.98,99.98,99.98,99.98,0.0,0.0
15,bus_13,0.5,100.0,20.0,30.0,61.16811539490714,12.704589221873908,99.98,61.219320903428255,-48.46352617303323,-38.76067909657175
15,bus_13,0.5,100.0,20.0,40.0,61.30125902719674,26.520340697762524,93.83083473800214,71.3248137973234,-34.780918329434215,-22.506020940678738
15,bus_13,0.5,100.0,20.0,inf,65.28939319096287,28.671037745503437,99.82852312647256,85.33172759865406,-36.61835544545943,-14.496795527818506
15,bus_13,0.5,100.0,30.0,30.0,67.46345858172297,22.437655290720325,99.98,58.92414059944262,-45.025803291002646,-41.05585940055738
15,bus_13,0.5,100.0,30.0,40.0,65.34123517146568,48.812468304671256,99.98,87.35068436166333,-16.528766866794427,-12.629315638336678
15,bus_13,0.5,100.0,30.0,inf,65.21961939958977,50.93894940811643,99.98,97.55686012524747,-14.280669991473346,-2.423139874752536
15,bus_13,0.5,100.0,40.0,30.0,63.18603622295073,46.82067765981851,99.98,99.98,-16.365358563132226,0.0
15,bus_13,0.5,100.0,40.0,40.0,67.01613059274395,73.12702027695008,99.98,99.57816645854155,6.110889684206128,-0.4018335414584584
15,bus_13,0.5,100.0,40.0,inf,63.31999188554158,26.49895438318768,99.98,98.76399567624894,-36.8210375023539,-1.216004323751065
15,bus_13,0.5,100.0,inf,30.0,65.24660570816145,22.563485669460505,99.98,54.93850690320663,-42.68312003870095,-45.041493096793374
15,bus_13,0.5,100.0,inf,40.0,65.2027422875617,46.99336661474458,99.98,99.98,-18.209375672817124,0.0
15,bus_13,0.5,100.0,inf,inf,61.9075510491642,13.33269014464168,99.98,96.9304644107911,-48.57486090452252,-3.049535589208901
15,bus_13,0.5,500.0,20.0,30.0,99.98,99.98,99.98,99.98,0.0,0.0
15,bus_13,0.5,500.0,20.0,40.0,99.98,99.98,99.98,99.98,0.0,0.0
15,bus_13,0.5,500.0,20.0,inf,99.98,99.98,99.98,99.98,0.0,0.0
15,bus_13,0.5,500.0,30.0,30.0,99.98,99.98,99.98,99.98,0.0,0.0
15,bus_13,0.5,500.0,30.0,40.0,99.98,99.98,99.98,99.98,0.0,0.0
15,bus_13,0.5,500.0,30.0,inf,99.98,99.98,99.98,99.98,0.0,0.0
15,bus_13,0.5,500.0,40.0,30.0,99.98,99.98,99.98,99.98,0.0,0.0
15,bus_13,0.5,500.0,40.0,40.0,99.98,99.98,99.98,99.98,0.0,0.0
15,bus_13,0.5,500.0,40.0,inf,99.98,99.98,99.98,99.98,0.0,0.0
15,bus_13,0.5,500.0,inf,30.0,99.98,99.98,99.98,99.98,0.0,0.0
15,bus_13,0.5,500.0,inf,40.0,99.98,99.98,99.98,99.98,0.0,0.0
15,bus_13,0.5,500.0,inf,inf,99.98,99.98,99.98,99.98,0.0,0.0
15,bus_13,0.5,1000.0,20.0,30.0,99.98,99.98,99.98,99.98,0.0,0.0
15,bus_13,0.5,1000.0,20.0,40.0,99.98,99.98,99.98,99.98,0.0,0.0
15,bus_13,0.5,1000.0,20.0,inf,99.98,99.98,99.98,99.98,0.0,0.0
15,bus_13,0.5,1000.0,30.0,30.0,99.98,99.98,99.98,99.98,0.0,0.0
15,bus_13,0.5,1000.0,30.0,40.0,99.98,99.98,99.98,99.98,0.0,0.0
15,bus_13,0.5,1000.0,30.0,inf,99.98,99.98,99.98,99.98,0.0,0.0
15,bus_13,0.5,1000.0,40.0,30.0,99.98,99.98,99.98,99.98,0.0,0.0
15,bus_13,0.5,1000.0,40.0,40.0,99.98,99.98,99.98,99.98,0.0,0.0
15,bus_13,0.5,1000.0,40.0,inf,99.98,99.98,99.98,99.98,0.0,0.0
15,bus_13,0.5,1000.0,inf,30.0,99.98,99.98,99.98,99.98,0.0,0.0
15,bus_13,0.5,1000.0,inf,40.0,99.98,99.98,99.98,99.98,0.0,0.0
15,bus_13,0.5,1000.0,inf,inf,99.98,99.98,99.98,99.98,0.0,0.0
15,bus_13,0.5,2000.0,20.0,30.0,99.98,99.98,99.98,99.98,0.0,0.0
15,bus_13,0.5,2000.0,20.0,40.0,99.98,99.98,99.98,99.98,0.0,0.0
15,bus_13,0.5,2000.0,20.0,inf,99.98,99.98,99.98,99.98,0.0,0.0
15,bus_13,0.5,2000.0,30.0,30.0,99.98,99.98,99.98,99.98,0.0,0.0
15,bus_13,0.5,2000.0,30.0,40.0,99.98,99.98,99.98,99.98,0.0,0.0
15,bus_13,0.5,2000.0,30.0,inf,99.98,99.98,99.98,99.98,0.0,0.0
15,bus_13,0.5,2000.0,40.0,30.0,99.98,99.98,99.98,99.98,0.0,0.0
15,bus_13,0.5,2000.0,40.0,40.0,99.98,99.98,99.98,99.98,0.0,0.0
15,bus_13,0.5,2000.0,40.0,inf,99.98,99.98,99.98,99.98,0.0,0.0
15,bus_13,0.5,2000.0,inf,30.0,99.98,99.98,99.98,99.98,0.0,0.0
15,bus_13,0.5,2000.0,inf,40.0,99.98,99.98,99.98,99.98,0.0,0.0
15,bus_13,0.5,2000.0,inf,inf,99.98,99.98,99.98,99.98,0.0,0.0
15,bus_13,0.5,5000.0,20.0,30.0,99.98,99.98,99.98,99.98,0.0,0.0
15,bus_13,0.5,5000.0,20.0,40.0,99.98,99.98,99.98,99.98,0.0,0.0
15,bus_13,0.5,5000.0,20.0,inf,99.98,99.98,99.98,99.98,0.0,0.0
15,bus_13,0.5,5000.0,30.0,30.0,99.98,99.98,99.98,99.98,0.0,0.0
15,bus_13,0.5,5000.0,30.0,40.0,99.98,99.98,99.98,99.98,0.0,0.0
15,bus_13,0.5,5000.0,30.0,inf,99.98,99.98,99.98,99.98,0.0,0.0
15,bus_13,0.5,5000.0,40.0,30.0,99.98,99.98,99.98,99.98,0.0,0.0
15,bus_13,0.5,5000.0,40.0,40.0,99.98,99.98,99.98,99.98,0.0,0.0
15,bus_13,0.5,5000.0,40.0,inf,99.98,99.98,99.98,99.98,0.0,0.0
15,bus_13,0.5,5000.0,inf,30.0,99.98,99.98,99.98,99.98,0.0,0.0
15,bus_13,0.5,5000.0,inf,40.0,99.98,99.98,99.98,99.98,0.0,0.0
15,bus_13,0.5,5000.0,inf,inf,99.98,99.98,99.98,99.98,0.0,0.0
15,bus_19,0.5,100.0,20.0,30.0,62.96108789267787,30.596915282642733,99.98,99.98,-32.36417261003513,0.0
15,bus_19,0.5,100.0,20.0,40.0,61.34642854312031,30.847459593279247,99.98,77.32778323820624,-30.498968949841064,-22.652216761793767
15,bus_19,0.5,100.0,20.0,inf,62.978105699165674,75.33157332459231,99.41682913434218,95.44645621428127,12.353467625426639,-3.9703729200609104
15,bus_19,0.5,100.0,30.0,30.0,65.2721574593447,71.1953260536829,99.98,99.8352748521814,5.9231685943382075,-0.14472514781860468
15,bus_19,0.5,100.0,30.0,40.0,65.34266722776717,44.937713292098756,99.98,99.92804160557228,-20.40495393566841,-0.05195839442772865
15,bus_19,0.5,100.0,30.0,inf,63.075610978362164,24.580260494348206,99.98,99.31342301231486,-38.495350484013954,-0.6665769876851471
15,bus_19,0.5,100.0,40.0,30.0,62.94124553970315,50.92512225365336,99.98,99.98,-12.016123286049783,0.0
15,bus_19,0.5,100.0,40.0,40.0,65.07938162174152,20.605954850969265,99.98,99.98,-44.47342677077225,0.0
15,bus_19,0.5,100.0,40.0,inf,65.12789119900584,75.40374791736073,99.98,96.56941231289447,10.275856718354888,-3.410587687105533
15,bus_19,0.5,100.0,inf,30.0,60.94602297299772,32.56707957796551,99.98,87.38774582674715,-28.37894339503221,-12.592254173252854
15,bus_19,0.5,100.0,inf,40.0,65.25689525268379,34.60680951460887,99.98,95.28962357883087,-30.65008573807492,-4.690376421169134
15,bus_19,0.5,100.0,inf,inf,61.9075510491642,45.54199562324713,99.98,99.98,-16.365555425917066,0.0
15,bus_19,0.5,500.0,20.0,30.0,99.98,99.98,99.98,99.98,0.0,0.0
15,bus_19,0.5,500.0,20.0,40.0,99.98,99.98,99.98,99.98,0.0,0.0
15,bus_19,0.5,500.0,20.0,inf,99.98,99.98,99.98,99.98,0.0,0.0
15,bus_19,0.5,500.0,30.0,30.0,99.98,99.98,99.98,99.98,0.0,0.0
15,bus_19,0.5,500.0,30.0,40.0,99.98,99.98,99.98,99.98,0.0,0.0
15,bus_19,0.5,500.0,30.0,inf,99.98,99.98,99.98,99.98,0.0,0.0
15,bus_19,0.5,500.0,40.0,30.0,99.98,99.98,99.98,99.98,0.0,0.0
15,bus_19,0.5,500.0,40.0,40.0,99.98,99.98,99.98,99.98,0.0,0.0
15,bus_19,0.5,500.0,40.0,inf,99.98,99.98,99.98,99.98,0.0,0.0
15,bus_19,0.5,500.0,inf,30.0,99.98,99.98,99.98,99.98,0.0,0.0
15,bus_19,0.5,500.0,inf,40.0,99.98,99.98,99.98,99.98,0.0,0.0
15,bus_19,0.5,500.0,inf,inf,99.98,99.98,99.98,99.98,0.0,0.0
15,bus_19,0.5,1000.0,20.0,30.0,99.98,99.98,99.98,99.98,0.0,0.0
15,bus_19,0.5,1000.0,20.0,40.0,99.98,99.98,99.98,99.98,0.0,0.0
15,bus_19,0.5,1000.0,20.0,inf,99.98,99.98,99.98,99.98,0.0,0.0
15,bus_19,0.5,1000.0,30.0,30.0,99.98,99.98,99.98,99.98,0.0,0.0
15,bus_19,0.5,1000.0,30.0,40.0,99.98,99.98,99.98,99.98,0.0,0.0
15,bus_19,0.5,1000.0,30.0,inf,99.98,99.98,99.98,99.98,0.0,0.0
15,bus_19,0.5,1000.0,40.0,30.0,99.98,99.98,99.98,99.98,0.0,0.0
15,bus_19,0.5,1000.0,40.0,40.0,99.98,99.98,99.98,99.98,0.0,0.0
15,bus_19,0.5,1000.0,40.0,inf,99.98,99.98,99.98,99.98,0.0,0.0
15,bus_19,0.5,1000.0,inf,30.0,99.98,99.98,99.98,99.98,0.0,0.0
15,bus_19,0.5,1000.0,inf,40.0,99.98,99.98,99.98,99.98,0.0,0.0
15,bus_19,0.5,1000.0,inf,inf,99.98,99.98,99.98,99.98,0.0,0.0
15,bus_19,0.5,2000.0,20.0,30.0,99.98,99.98,99.98,99.98,0.0,0.0
15,bus_19,0.5,2000.0,20.0,40.0,99.98,99.98,99.98,99.98,0.0,0.0
15,bus_19,0.5,2000.0,20.0,inf,99.98,99.98,99.98,99.98,0.0,0.0
15,bus_19,0.5,2000.0,30.0,30.0,99.98,99.98,99.98,99.98,0.0,0.0
15,bus_19,0.5,2000.0,30.0,40.0,99.98,99.98,99.98,99.98,0.0,0.0
15,bus_19,0.5,2000.0,30.0,inf,99.98,99.98,99.98,99.98,0.0,0.0
15,bus_19,0.5,2000.0,40.0,30.0,99.98,99.98,99.98,99.98,0.0,0.0
15,bus_19,0.5,2000.0,40.0,40.0,99.98,99.98,99.98,99.98,0.0,0.0
15,bus_19,0.5,2000.0,40.0,inf,99.98,99.98,99.98,99.98,0.0,0.0
15,bus_19,0.5,2000.0,inf,30.0,99.98,99.98,99.98,99.98,0.0,0.0
15,bus_19,0.5,2000.0,inf,40.0,99.98,99.98,99.98,99.98,0.0,0.0
15,bus_19,0.5,2000.0,inf,inf,99.98,99.98,99.98,99.98,0.0,0.0
15,bus_19,0.5,5000.0,20.0,30.0,99.98,99.98,99.98,99.98,0.0,0.0
15,bus_19,0.5,5000.0,20.0,40.0,99.98,99.98,99.98,99.98,0.0,0.0
15,bus_19,0.5,5000.0,20.0,inf,99.98,99.98,99.98,99.98,0.0,0.0
15,bus_19,0.5,5000.0,30.0,30.0,99.98,99.98,99.98,99.98,0.0,0.0
15,bus_19,0.5,5000.0,30.0,40.0,99.98,99.98,99.98,99.98,0.0,0.0
15,bus_19,0.5,5000.0,30.0,inf,99.98,99.98,99.98,99.98,0.0,0.0
15,bus_19,0.5,5000.0,40.0,30.0,99.98,99.98,99.98,99.98,0.0,0.0
15,bus_19,0.5,5000.0,40.0,40.0,99.98,99.98,99.98,99.98,0.0,0.0
15,bus_19,0.5,5000.0,40.0,inf,99.98,99.98,99.98,99.98,0.0,0.0
15,bus_19,0.5,5000.0,inf,30.0,99.98,99.98,99.98,99.98,0.0,0.0
15,bus_19,0.5,5000.0,inf,40.0,99.98,99.98,99.98,99.98,0.0,0.0
15,bus_19,0.5,5000.0,inf,inf,99.98,99.98,99.98,99.98,0.0,0.0
15,bus_25,0.5,100.0,20.0,30.0,69.23658965012527,24.782309064946574,99.98,99.98,-44.454280585178694,0.0
15,bus_25,0.5,100.0,20.0,40.0,63.17695683057296,14.434285158038973,96.64192971922549,73.28339000466015,-48.74267167253399,-23.35853971456534
15,bus_25,0.5,100.0,20.0,inf,65.39038964670235,18.32452403599174,99.84414653266343,63.11778987941026,-47.0658656107106,-36.72635665325317
15,bus_25,0.5,100.0,30.0,30.0,67.01707522892188,20.55924419938371,99.98,99.4013556615285,-46.45783102953817,-0.5786443384715056
15,bus_25,0.5,100.0,30.0,40.0,63.19503835498534,51.03351733327428,99.98,99.98,-12.16152102171106,0.0
15,bus_25,0.5,100.0,30.0,inf,63.35965034408226,66.94522899492175,99.98,95.59452764770555,3.585578650839487,-4.385472352294457
15,bus_25,0.5,100.0,40.0,30.0,61.37299814146213,59.19397325278381,99.98,96.22269135340302,-2.1790248886783203,-3.7573086465969823
15,bus_25,0.5,100.0,40.0,40.0,65.09150123978975,20.552212938330317,99.98,99.98,-44.539288301459436,0.0
15,bus_25,0.5,100.0,40.0,inf,65.15249081330357,30.711056189298112,99.98,83.47537640825684,-34.44143462400546,-16.50462359174317
15,bus_25,0.5,100.0,inf,30.0,61.28895993047423,73.29618454113253,99.98,89.22233450957512,12.007224610658305,-10.757665490424884
15,bus_25,0.5,100.0,inf,40.0,63.263384721849256,36.74496334806439,99.98,96.12316474148543,-26.518421373784868,-3.856835258514579
15,bus_25,0.5,100.0,inf,inf,61.9075510491642,23.292509080182434,99.98,77.71148006641633,-38.615041968981764,-22.268519933583676
15,bus_25,0.5,500.0,20.0,30.0,99.98,99.98,99.98,99.98,0.0,0.0
15,bus_25,0.5,500.0,20.0,40.0,99.98,99.98,99.98,99.98,0.0,0.0
15,bus_25,0.5,500.0,20.0,inf,99.98,99.98,99.98,99.98,0.0,0.0
15,bus_25,0.5,500.0,30.0,30.0,99.98,99.98,99.98,99.98,0.0,0.0
15,bus_25,0.5,500.0,30.0,40.0,99.98,99.98,99.98,99.98,0.0,0.0
15,bus_25,0.5,500.0,30.0,inf,99.98,99.98,99.98,99.98,0.0,0.0
15,bus_25,0.5,500.0,40.0,30.0,99.98,99.98,99.98,99.98,0.0,0.0
15,bus_25,0.5,500.0,40.0,40.0,99.98,99.98,99.98,99.98,0.0,0.0
15,bus_25,0.5,500.0,40.0,inf,99.98,99.98,99.98,99.98,0.0,0.0
15,bus_25,0.5,500.0,inf,30.0,99.98,99.98,99.98,99.98,0.0,0.0
15,bus_25,0.5,500.0,inf,40.0,99.98,99.98,99.98,99.98,0.0,0.0
15,bus_25,0.5,500.0,inf,inf,99.98,99.98,99.98,99.98,0.0,0.0
15,bus_25,0.5,1000.0,20.0,30.0,99.98,99.98,99.98,99.98,0.0,0.0
15,bus_25,0.5,1000.0,20.0,40.0,99.98,99.98,99.98,99.98,0.0,0.0
15,bus_25,0.5,1000.0,20.0,inf,99.98,99.98,99.98,99.98,0.0,0.0
15,bus_25,0.5,1000.0,30.0,30.0,99.98,99.98,99.98,99.98,0.0,0.0
15,bus_25,0.5,1000.0,30.0,40.0,99.98,99.98,99.98,99.98,0.0,0.0
15,bus_25,0.5,1000.0,30.0,inf,99.98,99.98,99.98,99.98,0.0,0.0
15,bus_25,0.5,1000.0,40.0,30.0,99.98,99.98,99.98,99.98,0.0,0.0
15,bus_25,0.5,1000.0,40.0,40.0,99.98,99.98,99.98,99.98,0.0,0.0
15,bus_25,0.5,1000.0,40.0,inf,99.98,99.98,99.98,99.98,0.0,0.0
15,bus_25,0.5,1000.0,inf,30.0,99.98,99.98,99.98,99.98,0.0,0.0
15,bus_25,0.5,1000.0,inf,40.0,99.98,99.98,99.98,99.98,0.0,0.0
15,bus_25,0.5,1000.0,inf,inf,99.98,99.98,99.98,99.98,0.0,0.0
15,bus_25,0.5,2000.0,20.0,30.0,99.98,99.98,99.98,99.98,0.0,0.0
15,bus_25,0.5,2000.0,20.0,40.0,99.98,99.98,99.98,99.98,0.0,0.0
15,bus_25,0.5,2000.0,20.0,inf,99.98,99.98,99.98,99.98,0.0,0.0
15,bus_25,0.5,2000.0,30.0,30.0,99.98,99.98,99.98,99.98,0.0,0.0
15,bus_25,0.5,2000.0,30.0,40.0,99.98,99.98,99.98,99.98,0.0,0.0
15,bus_25,0.5,2000.0,30.0,inf,99.98,99.98,99.98,99.98,0.0,0.0
15,bus_25,0.5,2000.0,40.0,30.0,99.98,99.98,99.98,99.98,0.0,0.0
15,bus_25,0.5,2000.0,40.0,40.0,99.98,99.98,99.98,99.98,0.0,0.0
15,bus_25,0.5,2000.0,40.0,inf,99.98,99.98,99.98,99.98,0.0,0.0
15,bus_25,0.5,2000.0,inf,30.0,99.98,99.98,99.98,99.98,0.0,0.0
15,bus_25,0.5,2000.0,inf,40.0,99.98,99.98,99.98,99.98,0.0,0.0
15,bus_25,0.5,2000.0,inf,inf,99.98,99.98,99.98,99.98,0.0,0.0
15,bus_25,0.5,5000.0,20.0,30.0,99.98,99.98,99.98,99.98,0.0,0.0
15,bus_25,0.5,5000.0,20.0,40.0,99.98,99.98,99.98,99.98,0.0,0.0
15,bus_25,0.5,5000.0,20.0,inf,99.98,99.98,99.98,99.98,0.0,0.0
15,bus_25,0.5,5000.0,30.0,30.0,99.98,99.98,99.98,99.98,0.0,0.0
15,bus_25,0.5,5000.0,30.0,40.0,99.98,99.98,99.98,99.98,0.0,0.0
15,bus_25,0.5,5000.0,30.0,inf,99.98,99.98,99.98,99.98,0.0,0.0
15,bus_25,0.5,5000.0,40.0,30.0,99.98,99.98,99.98,99.98,0.0,0.0
15,bus_25,0.5,5000.0,40.0,40.0,99.98,99.98,99.98,99.98,0.0,0.0
15,bus_25,0.5,5000.0,40.0,inf,99.98,99.98,99.98,99.98,0.0,0.0
15,bus_25,0.5,5000.0,inf,30.0,99.98,99.98,99.98,99.98,0.0,0.0
15,bus_25,0.5,5000.0,inf,40.0,99.98,99.98,99.98,99.98,0.0,0.0
15,bus_25,0.5,5000.0,inf,inf,99.98,99.98,99.98,99.98,0.0,0.0
16,bus_01,0.5,100.0,20.0,30.0,69.02242440715108,30.582071470549543,99.18599437975354,65.05536925780719,-38.440352936601535,-34.13062512194635
16,bus_01,0.5,100.0,20.0,40.0,65.2297992214058,16.49218392775338,99.98,99.90172216884291,-48.73761529365242,-0.07827783115709508
16,bus_01,0.5,100.0,20.0,inf,63.11204392970418,12.589309841897878,99.88152608258773,65.18733026142417,-50.5227340878063,-34.69419582116356
16,bus_01,0.5,100.0,30.0,30.0,65.26988366784865,10.53368375003927,99.98,96.25871392233758,-54.73619991780937,-3.721286077662427
16,bus_01,0.5,100.0,30.0,40.0,65.20861748010496,46.92814483804978,99.98,89.51623441276193,-18.28047264205518,-10.463765587238072
16,bus_01,0.5,100.0,30.0,inf,67.25559614421506,28.78045029635189,99.8059046502145,98.75476773645278,-38.475145847863175,-1.0511369137617237
16,bus_01,0.5,100.0,40.0,30.0,65.00346044982119,22.58864926151799,99.98,99.98,-42.414811188303204,0.0
16,bus_01,0.5,100.0,40.0,40.0,65.09651239841271,18.3559141068357,99.98,99.98,-46.740598291577015,0.0
16,bus_01,0.5,100.0,40.0,inf,65.0474617770106,36.9935107303595,99.98,99.49188789818109,-28.053951046651093,-0.4881121018189134
16,bus_01,0.5,100.0,inf,30.0,61.33091960164504,44.95778088761186,99.98,91.43234250499086,-16.373138714033182,-8.547657495009148
16,bus_01,0.5,100.0,inf,40.0,65.20532656870712,44.85929944213273,99.98,99.98,-20.34602712657439,0.0
16,bus_01,0.5,100.0,inf,inf,61.9075510491642,82.18802562625004,99.98,99.98,20.28047457708584,0.0
16,bus_01,0.5,500.0,20.0,30.0,99.98,99.98,99.98,99.98,0.0,0.0
16,bus_01,0.5,500.0,20.0,40.0,99.98,99.98,99.98,99.98,0.0,0.0
16,bus_01,0.5,500.0,20.0,inf,99.98,99.98,99.98,99.98,0.0,0.0
16,bus_01,0.5,500.0,30.0,30.0,99.98,99.98,99.98,99.98,0.0,0.0
16,bus_01,0.5,500.0,30.0,40.0,99.98,99.98,99.98,99.98,0.0,0.0
16,bus_01,0.5,500.0,30.0,inf,99.98,99.98,99.98,99.98,0.0,0.0
16,bus_01,0.5,500.0,40.0,30.0,99.98,99.98,99.98,99.98,0.0,0.0
16,bus_01,0.5,500.0,40.0,40.0,99.98,99.98,99.98,99.98,0.0,0.0
16,bus_01,0.5,500.0,40.0,inf,99.98,99.98,99.98,99.98,0.0,0.0
16,bus_01,0.5,500.0,inf,30.0,99.98,99.98,99.98,99.98,0.0,0.0
16,bus_01,0.5,500.0,inf,40.0,99.98,99.98,99.98,99.98,0.0,0.0
16,bus_01,0.5,500.0,inf,inf,99.98,99.98,99.98,99.98,0.0,0.0
16,bus_01,0.5,1000.0,20.0,30.0,99.98,99.98,99.98,99.98,0.0,0.0
16,bus_01,0.5,1000.0,20.0,40.0,99.98,99.98,99.98,99.98,0.0,0.0
16,bus_01,0.5,1000.0,20.0,inf,99.98,99.98,99.98,99.98,0.0,0.0
16,bus_01,0.5,1000.0,30.0,30.0,99.98,99.98,99.98,99.98,0.0,0.0
16,bus_01,0.5,1000.0,30.0,40.0,99.98,99.98,99.98,99.98,0.0,0.0
16,bus_01,0.5,1000.0,30.0,inf,99.98,99.98,99.98,99.98,0.0,0.0
16,bus_01,0.5,1000.0,40.0,30.0,99.98,99.98,99.98,99.98,0.0,0.0
16,bus_01,0.5,1000.0,40.0,40.0,99.98,99.98,99.98,99.98,0.0,0.0
16,bus_01,0.5,1000.0,40.0,inf,99.98,99.98,99.98,99.98,0.0,0.0
16,bus_01,0.5,1000.0,inf,30.0,99.98,99.98,99.98,99.98,0.0,0.0
16,bus_01,0.5,1000.0,inf,40.0,99.98,99.98,99.98,99.98,0.0,0.0
16,bus_01,0.5,1000.0,inf,inf,99.98,99.98,99.98,99.98,0.0,0.0
16,bus_01,0.5,2000.0,20.0,30.0,99.98,99.98,99.98,99.98,0.0,0.0
16,bus_01,0.5,2000.0,20.0,40.0,99.98,99.98,99.98,99.98,0.0,0.0
16,bus_01,0.5,2000.0,20.0,inf,99.98,99.98,99.98,99.98,0.0,0.0
16,bus_01,0.5,2000.0,30.0,30.0,99.98,99.98,99.98,99.98,0.0,0.0
16,bus_01,0.5,2000.0,30.0,40.0,99.98,99.98,99.98,99.98,0.0,0.0
16,bus_01,0.5,2000.0,30.0,inf,99.98,99.98,99.98,99.98,0.0,0.0
16,bus_01,0.5,2000.0,40.0,30.0,99.98,99.98,99.98,99.98,0.0,0.0
16,bus_01,0.5,2000.0,40.0,40.0,99.98,99.98,99.98,99.98,0.0,0.0
16,bus_01,0.5,2000.0,40.0,inf,99.98,99.98,99.98,99.98,0.0,0.0
16,bus_01,0.5,2000.0,inf,30.0,99.98,99.98,99.98,99.98,0.0,0.0
16,bus_01,0.5,2000.0,inf,40.0,99.98,99.98,99.98,99.98,0.0,0.0
16,bus_01,0.5,2000.0,inf,inf,99.98,99.98,99.98,99.98,0.0,0.0
16,bus_01,0.5,5000.0,20.0,30.0,99.98,99.98,99.98,99.98,0.0,0.0
16,bus_01,0.5,5000.0,20.0,40.0,99.98,99.98,99.98,99.98,0.0,0.0
16,bus_01,0.5,5000.0,20.0,inf,99.98,99.98,99.98,99.98,0.0,0.0
16,bus_01,0.5,5000.0,30.0,30.0,99.98,99.98,99.98,99.98,0.0,0.0
16,bus_01,0.5,5000.0,30.0,40.0,99.98,99.98,99.98,99.98,0.0,0.0
16,bus_01,0.5,5000.0,30.0,inf,99.98,99.98,99.98,99.98,0.0,0.0
16,bus_01,0.5,5000.0,40.0,30.0,99.98,99.98,99.98,99.98,0.0,0.0
16,bus_01,0.5,5000.0,40.0,40.0,99.98,99.98,99.98,99.98,0.0,0.0
16,bus_01,0.5,5000.0,40.0,inf,99.98,99.98,99.98,99.98,0.0,0.0
16,bus_01,0.5,5000.0,inf,30.0,99.98,99.98,99.98,99.98,0.0,0.0
16,bus_01,0.5,5000.0,inf,40.0,99.98,99.98,99.98,99.98,0.0,0.0
16,bus_01,0.5,5000.0,inf,inf,99.98,99.98,99.98,99.98,0.0,0.0
16,bus_07,0.5,100.0,20.0,30.0,61.20076365223488,32.505951217606054,99.98,91.3834154742693,-28.69481243462883,-8.596584525730705
16,bus_07,0.5,100.0,20.0,40.0,63.09059072976765,40.65289104415978,99.98,99.98,-22.437699685607868,0.0
16,bus_07,0.5,100.0,20.0,inf,67.30766801869616,18.455514471496272,99.98,99.34747147123018,-48.85215354719989,-0.632528528769825
16,bus_07,0.5,100.0,30.0,30.0,65.36995534650707,14.34370364821358,99.98,81.21456249650512,-51.02625169829349,-18.76543750349488
16,bus_07,0.5,100.0,30.0,40.0,65.31966779727479,81.31038350894826,99.76781780022121,99.46973109009672,15.990715711673474,-0.29808671012449395
16,bus_07,0.5,100.0,30.0,inf,63.26631371833603,71.29584273559023,99.98,95.44834544571614,8.029529017254198,-4.531654554283861
16,bus_07,0.5,100.0,40.0,30.0,65.13806800394362,71.03747182142297,99.98,99.98,5.899403817479353,0.0
16,bus_07,0.5,100.0,40.0,40.0,62.95329938660497,41.041789598929945,99.92150263066698,99.98,-21.911509787675023,0.05849736933302552
16,bus_07,0.5,100.0,40.0,inf,63.32273152904953,32.72733149086887,99.82946082617819,91.48960157299638,-30.595400038180657,-8.339859253181814
16,bus_07,0.5,100.0,inf,30.0,65.25470374418208,26.620342189156077,99.98,77.29890711419554,-38.634361555026004,-22.68109288580446
16,bus_07,0.5,100.0,inf,40.0,65.14975783561381,26.67815636255022,99.98,99.98,-38.47160147306359,0.0
16,bus_07,0.5,100.0,inf,inf,61.9075510491642,77.74791390210693,99.98,99.98,15.840362852942732,0.0
16,bus_07,0.5,500.0,20.0,30.0,99.98,99.98,99.98,99.98,0.0,0.0
16,bus_07,0.5,500.0,20.0,40.0,99.98,99.98,99.98,99.98,0.0,0.0
16,bus_07,0.5,500.0,20.0,inf,99.98,99.98,99.98,99.98,0.0,0.0
16,bus_07,0.5,500.0,30.0,30.0,99.98,99.98,99.98,99.98,0.0,0.0
16,bus_07,0.5,500.0,30.0,40.0,99.98,99.98,99.98,99.98,0.0,0.0
16,bus_07,0.5,500.0,30.0,inf,99.98,99.98,99.98,99.98,0.0,0.0
16,bus_07,0.5,500.0,40.0,30.0,99.98,99.98,99.98,99.98,0.0,0.0
16,bus_07,0.5,500.0,40.0,40.0,99.98,99.98,99.98,99.98,0.0,0.0
16,bus_07,0.5,500.0,40.0,inf,99.98,99.98,99.98,99.98,0.0,0.0
16,bus_07,0.5,500.0,inf,30.0,99.98,99.98,99.98,99.98,0.0,0.0
16,bus_07,0.5,500.0,inf,40.0,99.98,99.98,99.98,99.98,0.0,0.0
16,bus_07,0.5,500.0,inf,inf,99.98,99.98,99.98,99.98,0.0,0.0
16,bus_07,0.5,1000.0,20.0,30.0,99.98,99.98,99.98,99.98,0.0,0.0
16,bus_07,0.5,1000.0,20.0,40.0,99.98,99.98,99.98,99.98,0.0,0.0
16,bus_07,0.5,1000.0,20.0,inf,99.98,99.98,99.98,99.98,0.0,0.0
16,bus_07,0.5,1000.0,30.0,30.0,99.98,99.98,99.98,99.98,0.0,0.0
16,bus_07,0.5,1000.0,30.0,40.0,99.98,99.98,99.98,99.98,0.0,0.0
16,bus_07,0.5,1000.0,30.0,inf,99.98,99.98,99.98,99.98,0.0,0.0
16,bus_07,0.5,1000.0,40.0,30.0,99.98,99.98,99.98,99.98,0.0,0.0
16,bus_07,0.5,1000.0,40.0,40.0,99.98,99.98,99.98,99.98,0.0,0.0
16,bus_07,0.5,1000.0,40.0,inf,99.98,99.98,99.98,99.98,0.0,0.0
16,bus_07,0.5,1000.0,inf,30.0,99.98,99.98,99.98,99.98,0.0,0.0
16,bus_07,0.5,1000.0,inf,40.0,99.98,99.98,99.98,99.98,0.0,0.0
16,bus_07,0.5,1000.0,inf,inf,99.98,99.98,99.98,99.98,0.0,0.0
16,bus_07,0.5,2000.0,20.0,30.0,99.98,99.98,99.98,99.98,0.0,0.0
16,bus_07,0.5,2000.0,20.0,40.0,99.98,99.98,99.98,99.98,0.0,0.0
16,bus_07,0.5,2000.0,20.0,inf,99.98,99.98,99.98,99.98,0.0,0.0
16,bus_07,0.5,2000.0,30.0,30.0,99.98,99.98,99.98,99.98,0.0,0.0
16,bus_07,0.5,2000.0,30.0,40.0,99.98,99.98,99.98,99.98,0.0,0.0
16,bus_07,0.5,2000.0,30.0,inf,99.98,99.98,99.98,99.98,0.0,0.0
16,bus_07,0.5,2000.0,40.0,30.0,99.98,99.98,99.98,99.98,0.0,0.0
16,bus_07,0.5,2000.0,40.0,40.0,99.98,99.98,99.98,99.98,0.0,0.0
16,bus_07,0.5,2000.0,40.0,inf,99.98,99.98,99.98,99.98,0.0,0.0
16,bus_07,0.5,2000.0,inf,30.0,99.98,99.98,99.98,99.98,0.0,0.0
16,bus_07,0.5,2000.0,inf,40.0,99.98,99.98,99.98,99.98,0.0,0.0
16,bus_07,0.5,2000.0,inf,inf,99.98,99.98,99.98,99.98,0.0,0.0
16,bus_07,0.5,5000.0,20.0,30.0,99.98,99.98,99.98,99.98,0.0,0.0
16,bus_07,0.5,5000.0,20.0,40.0,99.98,99.98,99.98,99.98,0.0,0.0
16,bus_07,0.5,5000.0,20.0,inf,99.98,99.98,99.98,99.98,0.0,0.0
16,bus_07,0.5,5000.0,30.0,30.0,99.98,99.98,99.98,99.98,0.0,0.0
16,bus_07,0.5,5000.0,30.0,40.0,99.98,99.98,99.98,99.98,0.0,0.0
16,bus_07,0.5,5000.0,30.0,inf,99.98,99.98,99.98,99.98,0.0,0.0
16,bus_07,0.5,5000.0,40.0,30.0,99.98,99.98,99.98,99.98,0.0,0.0
16,bus_07,0.5,5000.0,40.0,40.0,99.98,99.98,99.98,99.98,0.0,0.0
16,bus_07,0.5,5000.0,40.0,inf,99.98,99.98,99.98,99.98,0.0,0.0
16,bus_07,0.5,5000.0,inf,30.0,99.98,99.98,99.98,99.98,0.0,0.0
16,bus_07,0.5,5000.0,inf,40.0,99.98,99.98,99.98,99.98,0.0,0.0
16,bus_07,0.5,5000.0,inf,inf,99.98,99.98,99.98,99.98,0.0,0.0
16,bus_13,0.5,100.0,20.0,30.0,69.34633756048773,30.751284514710964,99.87772792554013,99.98,-38.595053045776766,0.10227207445987574
16,bus_13,0.5,100.0,20.0,40.0,62.933974382213265,26.72197395734536,99.98,58.991265379395294,-36.21200042486791,-40.98873462060471
16,bus_13,0.5,100.0,20.0,inf,63.11205997923742,57.303423479677804,99.98,99.98,-5.8086364995596185,0.0
16,bus_13,0.5,100.0,30.0,30.0,63.102792299477684,73.16744375115174,99.98,99.74584216311396,10.064651451674052,-0.23415783688604108
16,bus_13,0.5,100.0,30.0,40.0,64.96588939621113,18.703987784095265,99.98,99.98,-46.261901612115864,0.0
16,bus_13,0.5,100.0,30.0,inf,63.00697783780631,54.924750336944015,99.98,99.98,-8.082227500862295,0.0
16,bus_13,0.5,100.0,40.0,30.0,63.280806834101256,77.19748393538629,99.98,99.98,13.916677101285032,0.0
16,bus_13,0.5,100.0,40.0,40.0,63.352341053048114,22.64996112410307,99.98,99.73322311990496,-40.70237992894505,-0.24677688009504095
16,bus_13,0.5,100.0,40.0,inf,63.36411170481615,48.965124867696574,99.98,99.98,-14.39898683711958,0.0
16,bus_13,0.5,100.0,inf,30.0,61.30155303993525,20.627699949996792,99.98,99.82532363677025,-40.67385308993846,-0.1546763632297541
16,bus_13,0.5,100.0,inf,40.0,65.0207860170503,42.78002967627075,99.98,77.31632658697146,-22.240756340779548,-22.663673413028548
16,bus_13,0.5,100.0,inf,inf,61.9075510491642,45.554849738821176,99.98,99.98,-16.352701310343022,0.0
16,bus_13,0.5,500.0,20.0,30.0,99.98,99.98,99.98,99.98,0.0,0.0
16,bus_13,0.5,500.0,20.0,40.0,99.98,99.98,99.98,99.98,0.0,0.0
16,bus_13,0.5,500.0,20.0,inf,99.98,99.98,99.98,99.98,0.0,0.0
16,bus_13,0.5,500.0,30.0,30.0,99.98,99.98,99.98,99.98,0.0,0.0
16,bus_13,0.5,500.0,30.0,40.0,99.98,99.98,99.98,99.98,0.0,0.0
16,bus_13,0.5,500.0,30.0,inf,99.98,99.98,99.98,99.98,0.0,0.0
16,bus_13,0.5,500.0,40.0,30.0,99.98,99.98,99.98,99.98,0.0,0.0
16,bus_13,0.5,500.0,40.0,40.0,99.98,99.98,99.98,99.98,0.0,0.0
16,bus_13,0.5,500.0,40.0,inf,99.98,99.98,99.98,99.98,0.0,0.0
16,bus_13,0.5,500.0,inf,30.0,99.98,99.98,99.98,99.98,0.0,0.0
16,bus_13,0.5,500.0,inf,40.0,99.98,99.98,99.98,99.98,0.0,0.0
16,bus_13,0.5,500.0,inf,inf,99.98,99.98,99.98,99.98,0.0,0.0
16,bus_13,0.5,1000.0,20.0,30.0,99.98,99.98,99.98,99.98,0.0,0.0
16,bus_13,0.5,1000.0,20.0,40.0,99.98,99.98,99.98,99.98,0.0,0.0
16,bus_13,0.5,1000.0,20.0,inf,99.98,99.98,99.98,99.98,0.0,0.0
16,bus_13,0.5,1000.0,30.0,30.0,99.98,99.98,99.98,99.98,0.0,0.0
16,bus_13,0.5,1000.0,30.0,40.0,99.98,99.98,99.98,99.98,0.0,0.0
16,bus_13,0.5,1000.0,30.0,inf,99.98,99.98,99.98,99.98,0.0,0.0
16,bus_13,0.5,1000.0,40.0,30.0,99.98,99.98,99.98,99.98,0.0,0.0
16,bus_13,0.5,1000.0,40.0,40.0,99.98,99.98,99.98,99.98,0.0,0.0
16,bus_13,0.5,1000.0,40.0,inf,99.98,99.98,99.98,99.98,0.0,0.0
16,bus_13,0.5,1000.0,inf,30.0,99.98,99.98,99.98,99.98,0.0,0.0
16,bus_13,0.5,1000.0,inf,40.0,99.98,99.98,99.98,99.98,0.0,0.0
16,bus_13,0.5,1000.0,inf,inf,99.98,99.98,99.98,99.98,0.0,0.0
16,bus_13,0.5,2000.0,20.0,30.0,99.98,99.98,99.98,99.98,0.0,0.0
16,bus_13,0.5,2000.0,20.0,40.0,99.98,99.98,99.98,99.98,0.0,0.0
16,bus_13,0.5,2000.0,20.0,inf,99.98,99.98,99.98,99.98,0.0,0.0
16,bus_13,0.5,2000.0,30.0,30.0,99.98,99.98,99.98,99.98,0.0,0.0
16,bus_13,0.5,2000.0,30.0,40.0,99.98,99.98,99.98,99.98,0.0,0.0
16,bus_13,0.5,2000.0,30.0,inf,99.98,99.98,99.98,99.98,0.0,0.0
16,bus_13,0.5,2000.0,40.0,30.0,99.98,99.98,99.98,99.98,0.0,0.0
16,bus_13,0.5,2000.0,40.0,40.0,99.98,99.98,99.98,99.98,0.0,0.0
16,bus_13,0.5,2000.0,40.0,inf,99.98,99.98,99.98,99.98,0.0,0.0
16,bus_13,0.5,2000.0,inf,30.0,99.98,99.98,99.98,99.98,0.0,0.0
16,bus_13,0.5,2000.0,inf,40.0,99.98,99.98,99.98,99.98,0.0,0.0
16,bus_13,0.5,2000.0,inf,inf,99.98,99.98,99.98,99.98,0.0,0.0
16,bus_13,0.5,5000.0,20.0,30.0,99.98,99.98,99.98,99.98,0.0,0.0
16,bus_13,0.5,5000.0,20.0,40.0,99.98,99.98,99.98,99.98,0.0,0.0
16,bus_13,0.5,5000.0,20.0,inf,99.98,99.98,99.98,99.98,0.0,0.0
16,bus_13,0.5,5000.0,30.0,30.0,99.98,99.98,99.98,99.98,0.0,0.0
16,bus_13,0.5,5000.0,30.0,40.0,99.98,99.98,99.98,99.98,0.0,0.0
16,bus_13,0.5,5000.0,30.0,inf,99.98,99.98,99.98,99.98,0.0,0.0
16,bus_13,0.5,5000.0,40.0,30.0,99.98,99.98,99.98,99.98,0.0,0.0
16,bus_13,0.5,5000.0,40.0,40.0,99.98,99.98,99.98,99.98,0.0,0.0
16,bus_13,0.5,5000.0,40.0,inf,99.98,99.98,99.98,99.98,0.0,0.0
16,bus_13,0.5,5000.0,inf,30.0,99.98,99.98,99.98,99.98,0.0,0.0
16,bus_13,0.5,5000.0,inf,40.0,99.98,99.98,99.98,99.98,0.0,0.0
16,bus_13,0.5,5000.0,inf,inf,99.98,99.98,99.98,99.98,0.0,0.0
16,bus_19,0.5,100.0,20.0,30.0,69.05976306580617,72.94095748610756,99.3847686937576,99.78231839101849,3.881194420301398,0.3975496972608994
16,bus_19,0.5,100.0,20.0,40.0,63.15103925877757,26.508213724279305,99.79059464122024,99.98,-36.64282553449827,0.18940535877976572
16,bus_19,0.5,100.0,20.0,inf,63.35424231497857,26.66965411293156,99.98,96.3430627448501,-36.68458820204701,-3.6369372551499026
16,bus_19,0.5,100.0,30.0,30.0,66.99438664841688,36.76711212768529,99.98,99.90908938636638,-30.22727452073159,-0.07091061363362883
16,bus_19,0.5,100.0,30.0,40.0,65.36765632828143,34.83419901266737,99.93592145107216,99.98,-30.533457315614058,0.044078548927842576
16,bus_19,0.5,100.0,30.0,inf,64.9769253886201,32.7046213336989,99.98,99.98,-32.2723040549212,0.0
16,bus_19,0.5,100.0,40.0,30.0,63.24527857100033,61.2336218316049,99.72543241189675,99.97384045388827,-2.011656739395427,0.24840804199152444
16,bus_19,0.5,100.0,40.0,40.0,63.38013518500092,26.469868310157953,99.98,69.18916121702321,-36.91026687484296,-30.790838782976792
16,bus_19,0.5,100.0,40.0,inf,63.29179662961142,18.64269253469224,99.98,93.35291416432241,-44.64910409491918,-6.62708583567759
16,bus_19,0.5,100.0,inf,30.0,65.10822510358008,38.81494247895658,99.98,99.98,-26.2932826246235,0.0
16,bus_19,0.5,100.0,inf,40.0,65.26025012520091,20.54942546698335,99.98,99.98,-44.71082465821756,0.0
16,bus_19,0.5,100.0,inf,inf,61.9075510491642,23.22064186901367,99.98,99.98,-38.68690918015053,0.0
16,bus_19,0.5,500.0,20.0,30.0,99.98,99.98,99.98,99.98,0.0,0.0
16,bus_19,0.5,500.0,20.0,40.0,99.98,99.98,99.98,99.98,0.0,0.0
16,bus_19,0.5,500.0,20.0,inf,99.98,99.98,99.98,99.98,0.0,0.0
16,bus_19,0.5,500.0,30.0,30.0,99.98,99.98,99.98,99.98,0.0,0.0
16,bus_19,0.5,500.0,30.0,40.0,99.98,99.98,99.98,99.98,0.0,0.0
16,bus_19,0.5,500.0,30.0,inf,99.98,99.98,99.98,99.98,0.0,0.0
16,bus_19,0.5,500.0,40.0,30.0,99.98,99.98,99.98,99.98,0.0,0.0
16,bus_19,0.5,500.0,40.0,40.0,99.98,99.98,99.98,99.98,0.0,0.0
16,bus_19,0.5,500.0,40.0,inf,99.98,99.98,99.98,99.98,0.0,0.0
16,bus_19,0.5,500.0,inf,30.0,99.98,99.98,99.98,99.98,0.0,0.0
16,bus_19,0.5,500.0,inf,40.0,99.98,99.98,99.98,99.98,0.0,0.0
16,bus_19,0.5,500.0,inf,inf,99.98,99.98,99.98,99.98,0.0,0.0
16,bus_19,0.5,1000.0,20.0,30.0,99.98,99.98,99.98,99.98,0.0,0.0
16,bus_19,0.5,1000.0,20.0,40.0,99.98,99.98,99.98,99.98,0.0,0.0
16,bus_19,0.5,1000.0,20.0,inf,99.98,99.98,99.98,99.98,0.0,0.0
16,bus_19,0.5,1000.0,30.0,30.0,99.98,99.98,99.98,99.98,0.0,0.0
16,bus_19,0.5,1000.0,30.0,40.0,99.98,99.98,99.98,99.98,0.0,0.0
16,bus_19,0.5,1000.0,30.0,inf,99.98,99.98,99.98,99.98,0.0,0.0
16,bus_19,0.5,1000.0,40.0,30.0,99.98,99.98,99.98,99.98,0.0,0.0
16,bus_19,0.5,1000.0,40.0,40.0,99.98,99.98,99.98,99.98,0.0,0.0
16,bus_19,0.5,1000.0,40.0,inf,99.98,99.98,99.98,99.98,0.0,0.0
16,bus_19,0.5,1000.0,inf,30.0,99.98,99.98,99.98,99.98,0.0,0.0
16,bus_19,0.5,1000.0,inf,40.0,99.98,99.98,99.98,99.98,0.0,0.0
16,bus_19,0.5,1000.0,inf,inf,99.98,99.98,99.98,99.98,0.0,0.0
16,bus_19,0.5,2000.0,20.0,30.0,99.98,99.98,99.98,99.98,0.0,0.0
16,bus_19,0.5,2000.0,20.0,40.0,99.98,99.98,99.98,99.98,0.0,0.0
16,bus_19,0.5,2000.0,20.0,inf,99.98,99.98,99.98,99.98,0.0,0.0
16,bus_19,0.5,2000.0,30.0,30.0,99.98,99.98,99.98,99.98,0.0,0.0
16,bus_19,0.5,2000.0,30.0,40.0,99.98,99.98,99.98,99.98,0.0,0.0
16,bus_19,0.5,2000.0,30.0,inf,99.98,99.98,99.98,99.98,0.0,0.0
16,bus_19,0.5,2000.0,40.0,30.0,99.98,99.98,99.98,99.98,0.0,0.0
16,bus_19,0.5,2000.0,40.0,40.0,99.98,99.98,99.98,99.98,0.0,0.0
16,bus_19,0.5,2000.0,40.0,inf,99.98,99.98,99.98,99.98,0.0,0.0
16,bus_19,0.5,2000.0,inf,30.0,99.98,99.98,99.98,99.98,0.0,0.0
16,bus_19,0.5,2000.0,inf,40.0,99.98,99.98,99.98,99.98,0.0,0.0
16,bus_19,0.5,2000.0,inf,inf,99.98,99.98,99.98,99.98,0.0,0.0
16,bus_19,0.5,5000.0,20.0,30.0,99.98,99.98,99.98,99.98,0.0,0.0
16,bus_19,0.5,5000.0,20.0,40.0,99.98,99.98,99.98,99.98,0.0,0.0
16,bus_19,0.5,5000.0,20.0,inf,99.98,99.98,99.98,99.98,0.0,0.0
16,bus_19,0.5,5000.0,30.0,30.0,99.98,99.98,99.98,99.98,0.0,0.0
16,bus_19,0.5,5000.0,30.0,40.0,99.98,99.98,99.98,99.98,0.0,0.0
16,bus_19,0.5,5000.0,30.0,inf,99.98,99.98,99.98,99.98,0.0,0.0
16,bus_19,0.5,5000.0,40.0,30.0,99.98,99.98,99.98,99.98,0.0,0.0
16,bus_19,0.5,5000.0,40.0,40.0,99.98,99.98,99.98,99.98,0.0,0.0
16,bus_19,0.5,5000.0,40.0,inf,99.98,99.98,99.98,99.98,0.0,0.0
16,bus_19,0.5,5000.0,inf,30.0,99.98,99.98,99.98,99.98,0.0,0.0
16,bus_19,0.5,5000.0,inf,40.0,99.98,99.98,99.98,99.98,0.0,0.0
16,bus_19,0.5,5000.0,inf,inf,99.98,99.98,99.98,99.98,0.0,0.0
16,bus_25,0.5,100.0,20.0,30.0,63.08351703121381,12.63928024484634,98.69513157451149,40.925327822691706,-50.44423678636747,-57.769803751819786
16,bus_25,0.5,100.0,20.0,40.0,67.25062182040544,40.63678649748995,99.98,93.49245360794139,-26.61383532291549,-6.4875463920586185
16,bus_25,0.5,100.0,20.0,inf,65.27859260624753,63.20160111519058,99.46021708236245,95.98880593966628,-2.076991491056951,-3.4714111426961693
16,bus_25,0.5,100.0,30.0,30.0,63.20139655116549,42.67539941730464,99.81202283425927,95.35828037161626,-20.525997133860848,-4.453742462643007
16,bus_25,0.5,100.0,30.0,40.0,65.20852235049651,60.8299531768996,99.98,99.90949397218594,-4.378569173596908,-0.07050602781406212
16,bus_25,0.5,100.0,30.0,inf,65.34129139792554,60.97793140819938,99.91009924060776,99.86042436392665,-4.363359989726163,-0.04967487668110948
16,bus_25,0.5,100.0,40.0,30.0,67.34640938199506,28.584323393529232,99.98,85.5014641729706,-38.76208598846583,-14.478535827029404
16,bus_25,0.5,100.0,40.0,40.0,64.98258833398953,58.971375636785716,99.98,96.36178860631632,-6.01121269720381,-3.61821139368368
16,bus_25,0.5,100.0,40.0,inf,65.24102199031714,42.91620000572861,99.86721070092104,97.74874515600128,-22.324821984588525,-2.118465544919758
16,bus_25,0.5,100.0,inf,30.0,63.41033643707412,79.26461524939774,99.98,99.98,15.854278812323614,0.0
16,bus_25,0.5,100.0,inf,40.0,65.12302048189088,20.648734021934445,99.89953993904874,91.76917350780192,-44.47428645995643,-8.130366431246813
16,bus_25,0.5,100.0,inf,inf,61.9075510491642,71.99442964475703,99.98,99.98,10.086878595592836,0.0
16,bus_25,0.5,500.0,20.0,30.0,99.98,99.98,99.98,99.98,0.0,0.0
16,bus_25,0.5,500.0,20.0,40.0,99.98,99.98,99.98,99.98,0.0,0.0
16,bus_25,0.5,500.0,20.0,inf,99.98,99.98,99.98,99.98,0.0,0.0
16,bus_25,0.5,500.0,30.0,30.0,99.98,99.98,99.98,99.98,0.0,0.0
16,bus_25,0.5,500.0,30.0,40.0,99.98,99.98,99.98,99.98,0.0,0.0
16,bus_25,0.5,500.0,30.0,inf,99.98,99.98,99.98,99.98,0.0,0.0
16,bus_25,0.5,500.0,40.0,30.0,99.98,99.98,99.98,99.98,0.0,0.0
16,bus_25,0.5,500.0,40.0,40.0,99.98,99.98,99.98,99.98,0.0,0.0
16,bus_25,0.5,500.0,40.0,inf,99.98,99.98,99.98,99.98,0.0,0.0
16,bus_25,0.5,500.0,inf,30.0,99.98,99.98,99.98,99.98,0.0,0.0
16,bus_25,0.5,500.0,inf,40.0,99.98,99.98,99.98,99.98,0.0,0.0
16,bus_25,0.5,500.0,inf,inf,99.98,99.98,99.98,99.98,0.0,0.0
16,bus_25,0.5,1000.0,20.0,30.0,99.98,99.98,99.98,99.98,0.0,0.0
16,bus_25,0.5,1000.0,20.0,40.0,99.98,99.98,99.98,99.98,0.0,0.0
16,bus_25,0.5,1000.0,20.0,inf,99.98,99.98,99.98,99.98,0.0,0.0
16,bus_25,0.5,1000.0,30.0,30.0,99.98,99.98,99.98,99.98,0.0,0.0
16,bus_25,0.5,1000.0,30.0,40.0,99.98,99.98,99.98,99.98,0.0,0.0
16,bus_25,0.5,1000.0,30.0,inf,99.98,99.98,99.98,99.98,0.0,0.0
16,bus_25,0.5,1000.0,40.0,30.0,99.98,99.98,99.98,99.98,0.0,0.0
16,bus_25,0.5,1000.0,40.0,40.0,99.98,99.98,99.98,99.98,0.0,0.0
16,bus_25,0.5,1000.0,40.0,inf,99.98,99.98,99.98,99.98,0.0,0.0
16,bus_25,0.5,1000.0,inf,30.0,99.98,99.98,99.98,99.98,0.0,0.0
16,bus_25,0.5,1000.0,inf,40.0,99.98,99.98,99.98,99.98,0.0,0.0
16,bus_25,0.5,1000.0,inf,inf,99.98,99.98,99.98,99.98,0.0,0.0
16,bus_25,0.5,2000.0,20.0,30.0,99.98,99.98,99.98,99.98,0.0,0.0
16,bus_25,0.5,2000.0,20.0,40.0,99.98,99.98,99.98,99.98,0.0,0.0
16,bus_25,0.5,2000.0,20.0,inf,99.98,99.98,99.98,99.98,0.0,0.0
16,bus_25,0.5,2000.0,30.0,30.0,99.98,99.98,99.98,99.98,0.0,0.0
16,bus_25,0.5,2000.0,30.0,40.0,99.98,99.98,99.98,99.98,0.0,0.0
16,bus_25,0.5,2000.0,30.0,inf,99.98,99.98,99.98,99.98,0.0,0.0
16,bus_25,0.5,2000.0,40.0,30.0,99.98,99.98,99.98,99.98,0.0,0.0
16,bus_25,0.5,2000.0,40.0,40.0,99.98,99.98,99.98,99.98,0.0,0.0
16,bus_25,0.5,2000.0,40.0,inf,99.98,99.98,99.98,99.98,0.0,0.0
16,bus_25,0.5,2000.0,inf,30.0,99.98,99.98,99.98,99.98,0.0,0.0
16,bus_25,0.5,2000.0,inf,40.0,99.98,99.98,99.98,99.98,0.0,0.0
16,bus_25,0.5,2000.0,inf,inf,99.98,99.98,99.98,99.98,0.0,0.0
16,bus_25,0.5,5000.0,20.0,30.0,99.98,99.98,99.98,99.98,0.0,0.0
16,bus_25,0.5,5000.0,20.0,40.0,99.98,99.98,99.98,99.98,0.0,0.0
16,bus_25,0.5,5000.0,20.0,inf,99.98,99.98,99.98,99.98,0.0,0.0
16,bus_25,0.5,5000.0,30.0,30.0,99.98,99.98,99.98,99.98,0.0,0.0
16,bus_25,0.5,5000.0,30.0,40.0,99.98,99.98,99.98,99.98,0.0,0.0
16,bus_25,0.5,5000.0,30.0,inf,99.98,99.98,99.98,99.98,0.0,0.0
16,bus_25,0.5,5000.0,40.0,30.0,99.98,99.98,99.98,99.98,0.0,0.0
16,bus_25,0.5,5000.0,40.0,40.0,99.98,99.98,99.98,99.98,0.0,0.0
16,bus_25,0.5,5000.0,40.0,inf,99.98,99.98,99.98,99.98,0.0,0.0
16,bus_25,0.5,5000.0,inf,30.0,99.98,99.98,99.98,99.98,0.0,0.0
16,bus_25,0.5,5000.0,inf,40.0,99.98,99.98,99.98,99.98,0.0,0.0
16,bus_25,0.5,5000.0,inf,inf,99.98,99.98,99.98,99.98,0.0,0.0
17,bus_01,0.5,100.0,20.0,30.0,69.33358717300888,28.696146852952687,99.98,99.98,-40.63744032005619,0.0
17,bus_01,0.5,100.0,20.0,40.0,61.322398646701885,42.79034073808331,99.79299948217889,99.98,-18.532057908618576,0.1870005178211187
17,bus_01,0.5,100.0,20.0,inf,63.30935735612934,18.533152160815693,99.98,85.14268452810182,-44.77620519531365,-14.83731547189818
17,bus_01,0.5,100.0,30.0,30.0,67.20940429875438,65.29481362824437,99.98,99.98,-1.9145906705100089,0.0
17,bus_01,0.5,100.0,30.0,40.0,63.34578179438033,16.532910300072036,99.98,96.32806339915454,-46.8128714943083,-3.6519366008454597
17,bus_01,0.5,100.0,30.0,inf,63.31353039562158,34.88181082755312,99.98,99.69342193196972,-28.43171956806846,-0.2865780680302805
17,bus_01,0.5,100.0,40.0,30.0,63.17318984199043,24.61541063311553,99.76339274365507,63.21467674554737,-38.5577792088749,-36.5487159981077
17,bus_01,0.5,100.0,40.0,40.0,65.31090924679731,65.00025245472149,99.98,99.49940582005088,-0.3106567920758181,-0.48059417994912224
17,bus_01,0.5,100.0,40.0,inf,63.39413906184388,52.82764799873465,99.97174093991998,99.98,-10.566491063109233,0.00825906008002164
17,bus_01,0.5,100.0,inf,30.0,67.30145782625259,28.849004832533463,99.98,81.40295801663649,-38.45245299371912,-18.577041983363515
17,bus_01,0.5,100.0,inf,40.0,65.08324607401164,28.647751334780825,99.7441958703232,96.59464266812229,-36.43549473923082,-3.149553202200906
17,bus_01,0.5,100.0,inf,inf,61.9075510491642,67.70776045219168,99.98,99.98,5.8002094030274804,0.0
17,bus_01,0.5,500.0,20.0,30.0,99.98,99.98,99.98,99.98,0.0,0.0
17,bus_01,0.5,500.0,20.0,40.0,99.98,99.98,99.98,99.98,0.0,0.0
17,bus_01,0.5,500.0,20.0,inf,99.98,99.98,99.98,99.98,0.0,0.0
17,bus_01,0.5,500.0,30.0,30.0,99.98,99.98,99.98,99.98,0.0,0.0
17,bus_01,0.5,500.0,30.0,40.0,99.98,99.98,99.98,99.98,0.0,0.0
17,bus_01,0.5,500.0,30.0,inf,99.98,99.98,99.98,99.98,0.0,0.0
17,bus_01,0.5,500.0,40.0,30.0,99.98,99.98,99.98,99.98,0.0,0.0
17,bus_01,0.5,500.0,40.0,40.0,99.98,99.98,99.98,99.98,0.0,0.0
17,bus_01,0.5,500.0,40.0,inf,99.98,99.98,99.98,99.98,0.0,0.0
17,bus_01,0.5,500.0,inf,30.0,99.98,99.98,99.98,99.98,0.0,0.0
17,bus_01,0.5,500.0,inf,40.0,99.98,99.98,99.98,99.98,0.0,0.0
17,bus_01,0.5,500.0,inf,inf,99.98,99.98,99.98,99.98,0.0,0.0
17,bus_01,0.5,1000.0,20.0,30.0,99.98,99.98,99.98,99.98,0.0,0.0
17,bus_01,0.5,1000.0,20.0,40.0,99.98,99.98,99.98,99.98,0.0,0.0
17,bus_01,0.5,1000.0,20.0,inf,99.98,99.98,99.98,99.98,0.0,0.0
17,bus_01,0.5,1000.0,30.0,30.0,99.98,99.98,99.98,99.98,0.0,0.0
17,bus_01,0.5,1000.0,30.0,40.0,99.98,99.98,99.98,99.98,0.0,0.0
17,bus_01,0.5,1000.0,30.0,inf,99.98,99.98,99.98,99.98,0.0,0.0
17,bus_01,0.5,1000.0,40.0,30.0,99.98,99.98,99.98,99.98,0.0,0.0
17,bus_01,0.5,1000.0,40.0,40.0,99.98,99.98,99.98,99.98,0.0,0.0
17,bus_01,0.5,1000.0,40.0,inf,99.98,99.98,99.98,99.98,0.0,0.0
17,bus_01,0.5,1000.0,inf,30.0,99.98,99.98,99.98,99.98,0.0,0.0
17,bus_01,0.5,1000.0,inf,40.0,99.98,99.98,99.98,99.98,0.0,0.0
17,bus_01,0.5,1000.0,inf,inf,99.98,99.98,99.98,99.98,0.0,0.0
17,bus_01,0.5,2000.0,20.0,30.0,99.98,99.98,99.98,99.98,0.0,0.0
17,bus_01,0.5,2000.0,20.0,40.0,99.98,99.98,99.98,99.98,0.0,0.0
17,bus_01,0.5,2000.0,20.0,inf,99.98,99.98,99.98,99.98,0.0,0.0
17,bus_01,0.5,2000.0,30.0,30.0,99.98,99.98,99.98,99.98,0.0,0.0
17,bus_01,0.5,2000.0,30.0,40.0,99.98,99.98,99.98,99.98,0.0,0.0
17,bus_01,0.5,2000.0,30.0,inf,99.98,99.98,99.98,99.98,0.0,0.0
17,bus_01,0.5,2000.0,40.0,30.0,99.98,99.98,99.98,99.98,0.0,0.0
17,bus_01,0.5,2000.0,40.0,40.0,99.98,99.98,99.98,99.98,0.0,0.0
17,bus_01,0.5,2000.0,40.0,inf,99.98,99.98,99.98,99.98,0.0,0.0
17,bus_01,0.5,2000.0,inf,30.0,99.98,99.98,99.98,99.98,0.0,0.0
17,bus_01,0.5,2000.0,inf,40.0,99.98,99.98,99.98,99.98,0.0,0.0
17,bus_01,0.5,2000.0,inf,inf,99.98,99.98,99.98,99.98,0.0,0.0
17,bus_01,0.5,5000.0,20.0,30.0,99.98,99.98,99.98,99.98,0.0,0.0
17,bus_01,0.5,5000.0,20.0,40.0,99.98,99.98,99.98,99.98,0.0,0.0
17,bus_01,0.5,5000.0,20.0,inf,99.98,99.98,99.98,99.98,0.0,0.0
17,bus_01,0.5,5000.0,30.0,30.0,99.98,99.98,99.98,99.98,0.0,0.0
17,bus_01,0.5,5000.0,30.0,40.0,99.98,99.98,99.98,99.98,0.0,0.0
17,bus_01,0.5,5000.0,30.0,inf,99.98,99.98,99.98,99.98,0.0,0.0
17,bus_01,0.5,5000.0,40.0,30.0,99.98,99.98,99.98,99.98,0.0,0.0
17,bus_01,0.5,5000.0,40.0,40.0,99.98,99.98,99.98,99.98,0.0,0.0
17,bus_01,0.5,5000.0,40.0,inf,99.98,99.98,99.98,99.98,0.0,0.0
17,bus_01,0.5,5000.0,inf,30.0,99.98,99.98,99.98,99.98,0.0,0.0
17,bus_01,0.5,5000.0,inf,40.0,99.98,99.98,99.98,99.98,0.0,0.0
17,bus_01,0.5,5000.0,inf,inf,99.98,99.98,99.98,99.98,0.0,0.0
17,bus_07,0.5,100.0,20.0,30.0,73.22587749624819,44.99981680499834,99.98,69.19818837469266,-28.22606069124985,-30.78181162530734
17,bus_07,0.5,100.0,20.0,40.0,59.02272992725251,24.66635576837801,99.68469084918176,89.52110050642929,-34.3563741588745,-10.163590342752471
17,bus_07,0.5,100.0,20.0,inf,63.04506913289117,32.660222156199026,99.67413799287752,87.22722536897737,-30.384846976692145,-12.446912623900147
17,bus_07,0.5,100.0,30.0,30.0,67.07547253380301,28.730032075702304,99.98,87.25822273331242,-38.345440458100704,-12.721777266687582
17,bus_07,0.5,100.0,30.0,40.0,65.18674354380933,75.39412894200005,99.98,99.98,10.207385398190723,0.0
17,bus_07,0.5,100.0,30.0,inf,65.09015210417175,20.63769536468154,99.98,60.968064859682556,-44.45245673949021,-39.01193514031745
17,bus_07,0.5,100.0,40.0,30.0,65.27091256522966,36.85980676773626,99.98,99.98,-28.411105797493406,0.0
17,bus_07,0.5,100.0,40.0,40.0,65.06507820637046,63.19283318279136,99.98,99.98,-1.8722450235790973,0.0
17,bus_07,0.5,100.0,40.0,inf,63.36808311051754,14.33388036326817,99.86340302275445,87.21343300456341,-49.03420274724937,-12.649970018191041
17,bus_07,0.5,100.0,inf,30.0,65.39210701501248,36.828688286091584,99.98,67.12107974232609,-28.5634187289209,-32.858920257673915
17,bus_07,0.5,100.0,inf,40.0,63.357619836050894,30.59504613368167,99.98,89.4996649477219,-32.762573702369224,-10.480335052278107
17,bus_07,0.5,100.0,inf,inf,61.9075510491642,71.91009297398739,99.98,99.98,10.002541924823191,0.0
17,bus_07,0.5,500.0,20.0,30.0,99.98,99.98,99.98,99.98,0.0,0.0
17,bus_07,0.5,500.0,20.0,40.0,99.98,99.98,99.98,99.98,0.0,0.0
17,bus_07,0.5,500.0,20.0,inf,99.98,99.98,99.98,99.98,0.0,0.0
17,bus_07,0.5,500.0,30.0,30.0,99.98,99.98,99.98,99.98,0.0,0.0
17,bus_07,0.5,500.0,30.0,40.0,99.98,99.98,99.98,99.98,0.0,0.0
17,bus_07,0.5,500.0,30.0,inf,99.98,99.98,99.98,99.98,0.0,0.0
17,bus_07,0.5,500.0,40.0,30.0,99.98,99.98,99.98,99.98,0.0,0.0
17,bus_07,0.5,500.0,40.0,40.0,99.98,99.98,99.98,99.98,0.0,0.0
17,bus_07,0.5,500.0,40.0,inf,99.98,99.98,99.98,99.98,0.0,0.0
17,bus_07,0.5,500.0,inf,30.0,99.98,99.98,99.98,99.98,0.0,0.0
17,bus_07,0.5,500.0,inf,40.0,99.98,99.98,99.98,99.98,0.0,0.0
17,bus_07,0.5,500.0,inf,inf,99.98,99.98,99.98,99.98,0.0,0.0
17,bus_07,0.5,1000.0,20.0,30.0,99.98,99.98,99.98,99.98,0.0,0.0
17,bus_07,0.5,1000.0,20.0,40.0,99.98,99.98,99.98,99.98,0.0,0.0
17,bus_07,0.5,1000.0,20.0,inf,99.98,99.98,99.98,99.98,0.0,0.0
17,bus_07,0.5,1000.0,30.0,30.0,99.98,99.98,99.98,99.98,0.0,0.0
17,bus_07,0.5,1000.0,30.0,40.0,99.98,99.98,99.98,99.98,0.0,0.0
17,bus_07,0.5,1000.0,30.0,inf,99.98,99.98,99.98,99.98,0.0,0.0
17,bus_07,0.5,1000.0,40.0,30.0,99.98,99.98,99.98,99.98,0.0,0.0
17,bus_07,0.5,1000.0,40.0,40.0,99.98,99.98,99.98,99.98,0.0,0.0
17,bus_07,0.5,1000.0,40.0,inf,99.98,99.98,99.98,99.98,0.0,0.0
17,bus_07,0.5,1000.0,inf,30.0,99.98,99.98,99.98,99.98,0.0,0.0
17,bus_07,0.5,1000.0,inf,40.0,99.98,99.98,99.98,99.98,0.0,0.0
17,bus_07,0.5,1000.0,inf,inf,99.98,99.98,99.98,99.98,0.0,0.0
17,bus_07,0.5,2000.0,20.0,30.0,99.98,99.98,99.98,99.98,0.0,0.0
17,bus_07,0.5,2000.0,20.0,40.0,99.98,99.98,99.98,99.98,0.0,0.0
17,bus_07,0.5,2000.0,20.0,inf,99.98,99.98,99.98,99.98,0.0,0.0
17,bus_07,0.5,2000.0,30.0,30.0,99.98,99.98,99.98,99.98,0.0,0.0
17,bus_07,0.5,2000.0,30.0,40.0,99.98,99.98,99.98,99.98,0.0,0.0
17,bus_07,0.5,2000.0,30.0,inf,99.98,99.98,99.98,99.98,0.0,0.0
17,bus_07,0.5,2000.0,40.0,30.0,99.98,99.98,99.98,99.98,0.0,0.0
17,bus_07,0.5,2000.0,40.0,40.0,99.98,99.98,99.98,99.98,0.0,0.0
17,bus_07,0.5,2000.0,40.0,inf,99.98,99.98,99.98,99.98,0.0,0.0
17,bus_07,0.5,2000.0,inf,30.0,99.98,99.98,99.98,99.98,0.0,0.0
17,bus_07,0.5,2000.0,inf,40.0,99.98,99.98,99.98,99.98,0.0,0.0
17,bus_07,0.5,2000.0,inf,inf,99.98,99.98,99.98,99.98,0.0,0.0
17,bus_07,0.5,5000.0,20.0,30.0,99.98,99.98,99.98,99.98,0.0,0.0
17,bus_07,0.5,5000.0,20.0,40.0,99.98,99.98,99.98,99.98,0.0,0.0
17,bus_07,0.5,5000.0,20.0,inf,99.98,99.98,99.98,99.98,0.0,0.0
17,bus_07,0.5,5000.0,30.0,30.0,99.98,99.98,99.98,99.98,0.0,0.0
17,bus_07,0.5,5000.0,30.0,40.0,99.98,99.98,99.98,99.98,0.0,0.0
17,bus_07,0.5,5000.0,30.0,inf,99.98,99.98,99.98,99.98,0.0,0.0
17,bus_07,0.5,5000.0,40.0,30.0,99.98,99.98,99.98,99.98,0.0,0.0
17,bus_07,0.5,5000.0,40.0,40.0,99.98,99.98,99.98,99.98,0.0,0.0
17,bus_07,0.5,5000.0,40.0,inf,99.98,99.98,99.98,99.98,0.0,0.0
17,bus_07,0.5,5000.0,inf,30.0,99.98,99.98,99.98,99.98,0.0,0.0
17,bus_07,0.5,5000.0,inf,40.0,99.98,99.98,99.98,99.98,0.0,0.0
17,bus_07,0.5,5000.0,inf,inf,99.98,99.98,99.98,99.98,0.0,0.0
17,bus_13,0.5,100.0,20.0,30.0,73.1475129855913,28.73203244676874,99.98,99.51913490071097,-44.415480538822564,-0.4608650992890375
17,bus_13,0.5,100.0,20.0,40.0,63.328139406889775,36.799956735985425,99.98,99.98,-26.52818267090435,0.0
17,bus_13,0.5,100.0,20.0,inf,67.2922349333238,67.45525451388077,99.98,98.60062650512906,0.16301958055697696,-1.379373494870947
17,bus_13,0.5,100.0,30.0,30.0,67.10878199548517,32.72259645470834,99.98,99.98,-34.386185540776836,0.0
17,bus_13,0.5,100.0,30.0,40.0,63.208238725384504,75.3550793600904,99.98,99.98,12.146840634705896,0.0
17,bus_13,0.5,100.0,30.0,inf,65.17825523020275,58.850683568550146,99.98,96.18116667891282,-6.327571661652605,-3.798833321087187
17,bus_13,0.5,100.0,40.0,30.0,63.31619567955782,10.432543080077195,99.98,69.05855676119785,-52.88365259948063,-30.921443238802155
17,bus_13,0.5,100.0,40.0,40.0,65.16815892466342,34.84041018469321,99.98,77.33074032411751,-30.327748739970204,-22.64925967588249
17,bus_13,0.5,100.0,40.0,inf,65.07016953532798,24.398294265898713,99.9796466312684,99.90157937845586,-40.671875269429265,-0.0780672528125308
17,bus_13,0.5,100.0,inf,30.0,64.96051765001019,24.44687217886554,99.98,69.3364638890916,-40.51364547114465,-30.6435361109084
17,bus_13,0.5,100.0,inf,40.0,63.23084231231609,50.89028447209398,99.98,87.49049625634859,-12.340557840222111,-12.489503743651412
17,bus_13,0.5,100.0,inf,inf,61.9075510491642,15.169560141736582,99.98,99.98,-46.737990907427616,0.0
17,bus_13,0.5,500.0,20.0,30.0,99.98,99.98,99.98,99.98,0.0,0.0
17,bus_13,0.5,500.0,20.0,40.0,99.98,99.98,99.98,99.98,0.0,0.0
17,bus_13,0.5,500.0,20.0,inf,99.98,99.98,99.98,99.98,0.0,0.0
17,bus_13,0.5,500.0,30.0,30.0,99.98,99.98,99.98,99.98,0.0,0.0
17,bus_13,0.5,500.0,30.0,40.0,99.98,99.98,99.98,99.98,0.0,0.0
17,bus_13,0.5,500.0,30.0,inf,99.98,99.98,99.98,99.98,0.0,0.0
17,bus_13,0.5,500.0,40.0,30.0,99.98,99.98,99.98,99.98,0.0,0.0
17,bus_13,0.5,500.0,40.0,40.0,99.98,99.98,99.98,99.98,0.0,0.0
17,bus_13,0.5,500.0,40.0,inf,99.98,99.98,99.98,99.98,0.0,0.0
17,bus_13,0.5,500.0,inf,30.0,99.98,99.98,99.98,99.98,0.0,0.0
17,bus_13,0.5,500.0,inf,40.0,99.98,99.98,99.98,99.98,0.0,0.0
17,bus_13,0.5,500.0,inf,inf,99.98,99.98,99.98,99.98,0.0,0.0
17,bus_13,0.5,1000.0,20.0,30.0,99.98,99.98,99.98,99.98,0.0,0.0
17,bus_13,0.5,1000.0,20.0,40.0,99.98,99.98,99.98,99.98,0.0,0.0
17,bus_13,0.5,1000.0,20.0,inf,99.98,99.98,99.98,99.98,0.0,0.0
17,bus_13,0.5,1000.0,30.0,30.0,99.98,99.98,99.98,99.98,0.0,0.0
17,bus_13,0.5,1000.0,30.0,40.0,99.98,99.98,99.98,99.98,0.0,0.0
17,bus_13,0.5,1000.0,30.0,inf,99.98,99.98,99.98,99.98,0.0,0.0
17,bus_13,0.5,1000.0,40.0,30.0,99.98,99.98,99.98,99.98,0.0,0.0
17,bus_13,0.5,1000.0,40.0,40.0,99.98,99.98,99.98,99.98,0.0,0.0
17,bus_13,0.5,1000.0,40.0,inf,99.98,99.98,99.98,99.98,0.0,0.0
17,bus_13,0.5,1000.0,inf,30.0,99.98,99.98,99.98,99.98,0.0,0.0
17,bus_13,0.5,1000.0,inf,40.0,99.98,99.98,99.98,99.98,0.0,0.0
17,bus_13,0.5,1000.0,inf,inf,99.98,99.98,99.98,99.98,0.0,0.0
17,bus_13,0.5,2000.0,20.0,30.0,99.98,99.98,99.98,99.98,0.0,0.0
17,bus_13,0.5,2000.0,20.0,40.0,99.98,99.98,99.98,99.98,0.0,0.0
17,bus_13,0.5,2000.0,20.0,inf,99.98,99.98,99.98,99.98,0.0,0.0
17,bus_13,0.5,2000.0,30.0,30.0,99.98,99.98,99.98,99.98,0.0,0.0
17,bus_13,0.5,2000.0,30.0,40.0,99.98,99.98,99.98,99.98,0.0,0.0
17,bus_13,0.5,2000.0,30.0,inf,99.98,99.98,99.98,99.98,0.0,0.0
17,bus_13,0.5,2000.0,40.0,30.0,99.98,99.98,99.98,99.98,0.0,0.0
17,bus_13,0.5,2000.0,40.0,40.0,99.98,99.98,99.98,99.98,0.0,0.0
17,bus_13,0.5,2000.0,40.0,inf,99.98,99.98,99.98,99.98,0.0,0.0
17,bus_13,0.5,2000.0,inf,30.0,99.98,99.98,99.98,99.98,0.0,0.0
17,bus_13,0.5,2000.0,inf,40.0,99.98,99.98,99.98,99.98,0.0,0.0
17,bus_13,0.5,2000.0,inf,inf,99.98,99.98,99.98,99.98,0.0,0.0
17,bus_13,0.5,5000.0,20.0,30.0,99.98,99.98,99.98,99.98,0.0,0.0
17,bus_13,0.5,5000.0,20.0,40.0,99.98,99.98,99.98,99.98,0.0,0.0
17,bus_13,0.5,5000.0,20.0,inf,99.98,99.98,99.98,99.98,0.0,0.0
17,bus_13,0.5,5000.0,30.0,30.0,99.98,99.98,99.98,99.98,0.0,0.0
17,bus_13,0.5,5000.0,30.0,40.0,99.98,99.98,99.98,99.98,0.0,0.0
17,bus_13,0.5,5000.0,30.0,inf,99.98,99.98,99.98,99.98,0.0,0.0
17,bus_13,0.5,5000.0,40.0,30.0,99.98,99.98,99.98,99.98,0.0,0.0
17,bus_13,0.5,5000.0,40.0,40.0,99.98,99.98,99.98,99.98,0.0,0.0
17,bus_13,0.5,5000.0,40.0,inf,99.98,99.98,99.98,99.98,0.0,0.0
17,bus_13,0.5,5000.0,inf,30.0,99.98,99.98,99.98,99.98,0.0,0.0
17,bus_13,0.5,5000.0,inf,40.0,99.98,99.98,99.98,99.98,0.0,0.0
17,bus_13,0.5,5000.0,inf,inf,99.98,99.98,99.98,99.98,0.0,0.0
17,bus_19,0.5,100.0,20.0,30.0,63.2974525103579,28.6172963778623,99.98,77.22634974201341,-34.6801561324956,-22.753650257986592
17,bus_19,0.5,100.0,20.0,40.0,61.108307143439625,36.8041560680596,99.98,69.26688543136883,-24.304151075380027,-30.71311456863117
17,bus_19,0.5,100.0,20.0,inf,59.1268958209785,22.521193025158503,96.53926672096831,95.42031045152275,-36.605702795819994,-1.1189562694455617
17,bus_19,0.5,100.0,30.0,30.0,63.40634977768713,54.97403455233768,99.74398423460052,99.96865418618854,-8.432315225349456,0.2246699515880266
17,bus_19,0.5,100.0,30.0,40.0,65.09106659391418,67.03019492590614,99.8775966545531,85.23095840221337,1.9391283319919665,-14.646638252339727
17,bus_19,0.5,100.0,30.0,inf,63.35036204254618,20.686196922959233,99.98,99.98,-42.66416511958695,0.0
17,bus_19,0.5,100.0,40.0,30.0,65.09583486775135,30.765572321285838,99.98,89.43309604463754,-34.33026254646551,-10.546903955362467
17,bus_19,0.5,100.0,40.0,40.0,63.40479496863863,28.72104159990283,99.93424865024494,83.63452907203137,-34.68375336873581,-16.29971957821357
17,bus_19,0.5,100.0,40.0,inf,65.04972185394595,30.577786424964216,99.98,99.98,-34.47193542898174,0.0
17,bus_19,0.5,100.0,inf,30.0,63.25579645652575,26.581387753596818,99.98,89.44099574861889,-36.67440870292893,-10.539004251381115
17,bus_19,0.5,100.0,inf,40.0,64.99315441029876,61.130059004791825,99.93353247820927,69.09950500639061,-3.8630954055069324,-30.834027471818658
17,bus_19,0.5,100.0,inf,inf,61.9075510491642,83.87937371198633,99.98,99.98,21.971822662822134,0.0
17,bus_19,0.5,500.0,20.0,30.0,99.98,99.98,99.98,99.98,0.0,0.0
17,bus_19,0.5,500.0,20.0,40.0,99.98,99.98,99.98,99.98,0.0,0.0
17,bus_19,0.5,500.0,20.0,inf,99.98,99.98,99.98,99.98,0.0,0.0
17,bus_19,0.5,500.0,30.0,30.0,99.98,99.98,99.98,99.98,0.0,0.0
17,bus_19,0.5,500.0,30.0,40.0,99.98,99.98,99.98,99.98,0.0,0.0
17,bus_19,0.5,500.0,30.0,inf,99.98,99.98,99.98,99.98,0.0,0.0
17,bus_19,0.5,500.0,40.0,30.0,99.98,99.98,99.98,99.98,0.0,0.0
17,bus_19,0.5,500.0,40.0,40.0,99.98,99.98,99.98,99.98,0.0,0.0
17,bus_19,0.5,500.0,40.0,inf,99.98,99.98,99.98,99.98,0.0,0.0
17,bus_19,0.5,500.0,inf,30.0,99.98,99.98,99.98,99.98,0.0,0.0
17,bus_19,0.5,500.0,inf,40.0,99.98,99.98,99.98,99.98,0.0,0.0
17,bus_19,0.5,500.0,inf,inf,99.98,99.98,99.98,99.98,0.0,0.0
17,bus_19,0.5,1000.0,20.0,30.0,99.98,99.98,99.98,99.98,0.0,0.0
17,bus_19,0.5,1000.0,20.0,40.0,99.98,99.98,99.98,99.98,0.0,0.0
17,bus_19,0.5,1000.0,20.0,inf,99.98,99.98,99.98,99.98,0.0,0.0
17,bus_19,0.5,1000.0,30.0,30.0,99.98,99.98,99.98,99.98,0.0,0.0
17,bus_19,0.5,1000.0,30.0,40.0,99.98,99.98,99.98,99.98,0.0,0.0
17,bus_19,0.5,1000.0,30.0,inf,99.98,99.98,99.98,99.98,0.0,0.0
17,bus_19,0.5,1000.0,40.0,30.0,99.98,99.98,99.98,99.98,0.0,0.0
17,bus_19,0.5,1000.0,40.0,40.0,99.98,99.98,99.98,99.98,0.0,0.0
17,bus_19,0.5,1000.0,40.0,inf,99.98,99.98,99.98,99.98,0.0,0.0
17,bus_19,0.5,1000.0,inf,30.0,99.98,99.98,99.98,99.98,0.0,0.0
17,bus_19,0.5,1000.0,inf,40.0,99.98,99.98,99.98,99.98,0.0,0.0
17,bus_19,0.5,1000.0,inf,inf,99.98,99.98,99.98,99.98,0.0,0.0
17,bus_19,0.5,2000.0,20.0,30.0,99.98,99.98,99.98,99.98,0.0,0.0
17,bus_19,0.5,2000.0,20.0,40.0,99.98,99.98,99.98,99.98,0.0,0.0
17,bus_19,0.5,2000.0,20.0,inf,99.98,99.98,99.98,99.98,0.0,0.0
17,bus_19,0.5,2000.0,30.0,30.0,99.98,99.98,99.98,99.98,0.0,0.0
17,bus_19,0.5,2000.0,30.0,40.0,99.98,99.98,99.98,99.98,0.0,0.0
17,bus_19,0.5,2000.0,30.0,inf,99.98,99.98,99.98,99.98,0.0,0.0
17,bus_19,0.5,2000.0,40.0,30.0,99.98,99.98,99.98,99.98,0.0,0.0
17,bus_19,0.5,2000.0,40.0,40.0,99.98,99.98,99.98,99.98,0.0,0.0
17,bus_19,0.5,2000.0,40.0,inf,99.98,99.98,99.98,99.98,0.0,0.0
17,bus_19,0.5,2000.0,inf,30.0,99.98,99.98,99.98,99.98,0.0,0.0
17,bus_19,0.5,2000.0,inf,40.0,99.98,99.98,99.98,99.98,0.0,0.0
17,bus_19,0.5,2000.0,inf,inf,99.98,99.98,99.98,99.98,0.0,0.0
17,bus_19,0.5,5000.0,20.0,30.0,99.98,99.98,99.98,99.98,0.0,0.0
17,bus_19,0.5,5000.0,20.0,40.0,99.98,99.98,99.98,99.98,0.0,0.0
17,bus_19,0.5,5000.0,20.0,inf,99.98,99.98,99.98,99.98,0.0,0.0
17,bus_19,0.5,5000.0,30.0,30.0,99.98,99.98,99.98,99.98,0.0,0.0
17,bus_19,0.5,5000.0,30.0,40.0,99.98,99.98,99.98,99.98,0.0,0.0
17,bus_19,0.5,5000.0,30.0,inf,99.98,99.98,99.98,99.98,0.0,0.0
17,bus_19,0.5,5000.0,40.0,30.0,99.98,99.98,99.98,99.98,0.0,0.0
17,bus_19,0.5,5000.0,40.0,40.0,99.98,99.98,99.98,99.98,0.0,0.0
17,bus_19,0.5,5000.0,40.0,inf,99.98,99.98,99.98,99.98,0.0,0.0
17,bus_19,0.5,5000.0,inf,30.0,99.98,99.98,99.98,99.98,0.0,0.0
17,bus_19,0.5,5000.0,inf,40.0,99.98,99.98,99.98,99.98,0.0,0.0
17,bus_19,0.5,5000.0,inf,inf,99.98,99.98,99.98,99.98,0.0,0.0
17,bus_25,0.5,100.0,20.0,30.0,71.01302689814068,46.96051178352474,99.98,99.98,-24.052515114615943,0.0
17,bus_25,0.5,100.0,20.0,40.0,59.06309815056285,8.302776741105067,99.98,99.21524910137475,-50.76032140945779,-0.7647508986252518
17,bus_25,0.5,100.0,20.0,inf,65.21372232947012,42.77628086510039,99.98,99.82827844061396,-22.437441464369726,-0.15172155938604703
17,bus_25,0.5,100.0,30.0,30.0,69.09737513803448,44.90025970908825,99.98,99.98,-24.197115428946226,0.0
17,bus_25,0.5,100.0,30.0,40.0,65.24926770292008,48.93557596470046,99.98,99.98,-16.313691738219617,0.0
17,bus_25,0.5,100.0,30.0,inf,63.19918783266678,73.37128450378279,99.98,99.98,10.172096671116009,0.0
17,bus_25,0.5,100.0,40.0,30.0,65.3151087159928,30.61127104432292,99.98,99.98,-34.70383767166989,0.0
17,bus_25,0.5,100.0,40.0,40.0,65.1171105410471,36.578849857598414,99.98,99.77143935736194,-28.538260683448684,-0.20856064263806218
17,bus_25,0.5,100.0,40.0,inf,64.96245825862535,30.601106363942854,99.95825654816363,93.3499895925019,-34.36135189468249,-6.608266955661733
17,bus_25,0.5,100.0,inf,30.0,65.31274294339723,28.823286872377597,99.98,83.47051228579868,-36.48945607101963,-16.509487714201327
17,bus_25,0.5,100.0,inf,40.0,63.23151355110899,42.81617910555487,99.7051723939709,99.98,-20.415334445554116,0.27482760602910616
17,bus_25,0.5,100.0,inf,inf,61.9075510491642,77.77451943612657,99.98,99.98,15.86696838696237,0.0
17,bus_25,0.5,500.0,20.0,30.0,99.98,99.98,99.98,99.98,0.0,0.0
17,bus_25,0.5,500.0,20.0,40.0,99.98,99.98,99.98,99.98,0.0,0.0
17,bus_25,0.5,500.0,20.0,inf,99.98,99.98,99.98,99.98,0.0,0.0
17,bus_25,0.5,500.0,30.0,30.0,99.98,99.98,99.98,99.98,0.0,0.0
17,bus_25,0.5,500.0,30.0,40.0,99.98,99.98,99.98,99.98,0.0,0.0
17,bus_25,0.5,500.0,30.0,inf,99.98,99.98,99.98,99.98,0.0,0.0
17,bus_25,0.5,500.0,40.0,30.0,99.98,99.98,99.98,99.98,0.0,0.0
17,bus_25,0.5,500.0,40.0,40.0,99.98,99.98,99.98,99.98,0.0,0.0
17,bus_25,0.5,500.0,40.0,inf,99.98,99.98,99.98,99.98,0.0,0.0
17,bus_25,0.5,500.0,inf,30.0,99.98,99.98,99.98,99.98,0.0,0.0
17,bus_25,0.5,500.0,inf,40.0,99.98,99.98,99.98,99.98,0.0,0.0
17,bus_25,0.5,500.0,inf,inf,99.98,99.98,99.98,99.98,0.0,0.0
17,bus_25,0.5,1000.0,20.0,30.0,99.98,99.98,99.98,99.98,0.0,0.0
17,bus_25,0.5,1000.0,20.0,40.0,99.98,99.98,99.98,99.98,0.0,0.0
17,bus_25,0.5,1000.0,20.0,inf,99.98,99.98,99.98,99.98,0.0,0.0
17,bus_25,0.5,1000.0,30.0,30.0,99.98,99.98,99.98,99.98,0.0,0.0
17,bus_25,0.5,1000.0,30.0,40.0,99.98,99.98,99.98,99.98,0.0,0.0
17,bus_25,0.5,1000.0,30.0,inf,99.98,99.98,99.98,99.98,0.0,0.0
17,bus_25,0.5,1000.0,40.0,30.0,99.98,99.98,99.98,99.98,0.0,0.0
17,bus_25,0.5,1000.0,40.0,40.0,99.98,99.98,99.98,99.98,0.0,0.0
17,bus_25,0.5,1000.0,40.0,inf,99.98,99.98,99.98,99.98,0.0,0.0
17,bus_25,0.5,1000.0,inf,30.0,99.98,99.98,99.98,99.98,0.0,0.0
17,bus_25,0.5,1000.0,inf,40.0,99.98,99.98,99.98,99.98,0.0,0.0
17,bus_25,0.5,1000.0,inf,inf,99.98,99.98,99.98,99.98,0.0,0.0
17,bus_25,0.5,2000.0,20.0,30.0,99.98,99.98,99.98,99.98,0.0,0.0
17,bus_25,0.5,2000.0,20.0,40.0,99.98,99.98,99.98,99.98,0.0,0.0
17,bus_25,0.5,2000.0,20.0,inf,99.98,99.98,99.98,99.98,0.0,0.0
17,bus_25,0.5,2000.0,30.0,30.0,99.98,99.98,99.98,99.98,0.0,0.0
17,bus_25,0.5,2000.0,30.0,40.0,99.98,99.98,99.98,99.98,0.0,0.0
17,bus_25,0.5,2000.0,30.0,inf,99.98,99.98,99.98,99.98,0.0,0.0
17,bus_25,0.5,2000.0,40.0,30.0,99.98,99.98,99.98,99.98,0.0,0.0
17,bus_25,0.5,2000.0,40.0,40.0,99.98,99.98,99.98,99.98,0.0,0.0
17,bus_25,0.5,2000.0,40.0,inf,99.98,99.98,99.98,99.98,0.0,0.0
17,bus_25,0.5,2000.0,inf,30.0,99.98,99.98,99.98,99.98,0.0,0.0
17,bus_25,0.5,2000.0,inf,40.0,99.98,99.98,99.98,99.98,0.0,0.0
17,bus_25,0.5,2000.0,inf,inf,99.98,99.98,99.98,99.98,0.0,0.0
17,bus_25,0.5,5000.0,20.0,30.0,99.98,99.98,99.98,99.98,0.0,0.0
17,bus_25,0.5,5000.0,20.0,40.0,99.98,99.98,99.98,99.98,0.0,0.0
17,bus_25,0.5,5000.0,20.0,inf,99.98,99.98,99.98,99.98,0.0,0.0
17,bus_25,0.5,5000.0,30.0,30.0,99.98,99.98,99.98,99.98,0.0,0.0
17,bus_25,0.5,5000.0,30.0,40.0,99.98,99.98,99.98,99.98,0.0,0.0
17,bus_25,0.5,5000.0,30.0,inf,99.98,99.98,99.98,99.98,0.0,0.0
17,bus_25,0.5,5000.0,40.0,30.0,99.98,99.98,99.98,99.98,0.0,0.0
17,bus_25,0.5,5000.0,40.0,40.0,99.98,99.98,99.98,99.98,0.0,0.0
17,bus_25,0.5,5000.0,40.0,inf,99.98,99.98,99.98,99.98,0.0,0.0
17,bus_25,0.5,5000.0,inf,30.0,99.98,99.98,99.98,99.98,0.0,0.0
17,bus_25,0.5,5000.0,inf,40.0,99.98,99.98,99.98,99.98,0.0,0.0
17,bus_25,0.5,5000.0,inf,inf,99.98,99.98,99.98,99.98,0.0,0.0
18,bus_01,0.5,100.0,20.0,30.0,61.334352997267374,50.85389448520918,99.98,99.98,-10.480458512058192,0.0
18,bus_01,0.5,100.0,20.0,40.0,58.90707571683422,16.41418166105073,99.67088393583695,99.98,-42.492894055783495,0.3091160641630495
18,bus_01,0.5,100.0,20.0,inf,65.19683972976772,26.816840783134545,99.98,83.33837322689807,-38.37999894663317,-16.641626773101933
18,bus_01,0.5,100.0,30.0,30.0,67.2321132838589,36.71759063559741,99.98,99.98,-30.514522648261483,0.0
18,bus_01,0.5,100.0,30.0,40.0,63.296161078090705,32.73718280408201,99.98,99.97965392810903,-30.558978274008695,-0.00034607189097357605
18,bus_01,0.5,100.0,30.0,inf,63.17107588918899,40.83321477930733,99.86989432473746,99.98,-22.337861109881658,0.11010567526254533
18,bus_01,0.5,100.0,40.0,30.0,66.99523262337345,22.40635587643156,99.98,61.01511602902403,-44.58887674694189,-38.964883970975976
18,bus_01,0.5,100.0,40.0,40.0,63.17074795890694,32.73656298942197,99.98,96.27850718346014,-30.434184969484967,-3.7014928165398686
18,bus_01,0.5,100.0,40.0,inf,63.29853336619545,32.69648256800814,99.752634732699,77.24731870143759,-30.602050798187307,-22.5053160312614
18,bus_01,0.5,100.0,inf,30.0,65.29264696345707,38.912472371879424,99.98,99.55080196466805,-26.38017459157765,-0.4291980353319502
18,bus_01,0.5,100.0,inf,40.0,64.99759061774269,57.00730087703012,99.70156994645328,99.98,-7.990289740712569,0.2784300535467281
18,bus_01,0.5,100.0,inf,inf,61.9075510491642,67.75482210727607,99.98,97.18119670756079,5.847271058111872,-2.798803292439217
18,bus_01,0.5,500.0,20.0,30.0,99.98,99.98,99.98,99.98,0.0,0.0
18,bus_01,0.5,500.0,20.0,40.0,99.98,99.98,99.98,99.98,0.0,0.0
18,bus_01,0.5,500.0,20.0,inf,99.98,99.98,99.98,99.98,0.0,0.0
18,bus_01,0.5,500.0,30.0,30.0,99.98,99.98,99.98,99.98,0.0,0.0
18,bus_01,0.5,500.0,30.0,40.0,99.98,99.98,99.98,99.98,0.0,0.0
18,bus_01,0.5,500.0,30.0,inf,99.98,99.98,99.98,99.98,0.0,0.0
18,bus_01,0.5,500.0,40.0,30.0,99.98,99.98,99.98,99.98,0.0,0.0
18,bus_01,0.5,500.0,40.0,40.0,99.98,99.98,99.98,99.98,0.0,0.0
18,bus_01,0.5,500.0,40.0,inf,99.98,99.98,99.98,99.98,0.0,0.0
18,bus_01,0.5,500.0,inf,30.0,99.98,99.98,99.98,99.98,0.0,0.0
18,bus_01,0.5,500.0,inf,40.0,99.98,99.98,99.98,99.98,0.0,0.0
18,bus_01,0.5,500.0,inf,inf,99.98,99.98,99.98,99.98,0.0,0.0
18,bus_01,0.5,1000.0,20.0,30.0,99.98,99.98,99.98,99.98,0.0,0.0
18,bus_01,0.5,1000.0,20.0,40.0,99.98,99.98,99.98,99.98,0.0,0.0
18,bus_01,0.5,1000.0,20.0,inf,99.98,99.98,99.98,99.98,0.0,0.0
18,bus_01,0.5,1000.0,30.0,30.0,99.98,99.98,99.98,99.98,0.0,0.0
18,bus_01,0.5,1000.0,30.0,40.0,99.98,99.98,99.98,99.98,0.0,0.0
18,bus_01,0.5,1000.0,30.0,inf,99.98,99.98,99.98,99.98,0.0,0.0
18,bus_01,0.5,1000.0,40.0,30.0,99.98,99.98,99.98,99.98,0.0,0.0
18,bus_01,0.5,1000.0,40.0,40.0,99.98,99.98,99.98,99.98,0.0,0.0
18,bus_01,0.5,1000.0,40.0,inf,99.98,99.98,99.98,99.98,0.0,0.0
18,bus_01,0.5,1000.0,inf,30.0,99.98,99.98,99.98,99.98,0.0,0.0
18,bus_01,0.5,1000.0,inf,40.0,99.98,99.98,99.98,99.98,0.0,0.0
18,bus_01,0.5,1000.0,inf,inf,99.98,99.98,99.98,99.98,0.0,0.0
18,bus_01,0.5,2000.0,20.0,30.0,99.98,99.98,99.98,99.98,0.0,0.0
18,bus_01,0.5,2000.0,20.0,40.0,99.98,99.98,99.98,99.98,0.0,0.0
18,bus_01,0.5,2000.0,20.0,inf,99.98,99.98,99.98,99.98,0.0,0.0
18,bus_01,0.5,2000.0,30.0,30.0,99.98,99.98,99.98,99.98,0.0,0.0
18,bus_01,0.5,2000.0,30.0,40.0,99.98,99.98,99.98,99.98,0.0,0.0
18,bus_01,0.5,2000.0,30.0,inf,99.98,99.98,99.98,99.98,0.0,0.0
18,bus_01,0.5,2000.0,40.0,30.0,99.98,99.98,99.98,99.98,0.0,0.0
18,bus_01,0.5,2000.0,40.0,40.0,99.98,99.98,99.98,99.98,0.0,0.0
18,bus_01,0.5,2000.0,40.0,inf,99.98,99.98,99.98,99.98,0.0,0.0
18,bus_01,0.5,2000.0,inf,30.0,99.98,99.98,99.98,99.98,0.0,0.0
18,bus_01,0.5,2000.0,inf,40.0,99.98,99.98,99.98,99.98,0.0,0.0
18,bus_01,0.5,2000.0,inf,inf,99.98,99.98,99.98,99.98,0.0,0.0
18,bus_01,0.5,5000.0,20.0,30.0,99.98,99.98,99.98,99.98,0.0,0.0
18,bus_01,0.5,5000.0,20.0,40.0,99.98,99.98,99.98,99.98,0.0,0.0
18,bus_01,0.5,5000.0,20.0,inf,99.98,99.98,99.98,99.98,0.0,0.0
18,bus_01,0.5,5000.0,30.0,30.0,99.98,99.98,99.98,99.98,0.0,0.0
18,bus_01,0.5,5000.0,30.0,40.0,99.98,99.98,99.98,99.98,0.0,0.0
18,bus_01,0.5,5000.0,30.0,inf,99.98,99.98,99.98,99.98,0.0,0.0
18,bus_01,0.5,5000.0,40.0,30.0,99.98,99.98,99.98,99.98,0.0,0.0
18,bus_01,0.5,5000.0,40.0,40.0,99.98,99.98,99.98,99.98,0.0,0.0
18,bus_01,0.5,5000.0,40.0,inf,99.98,99.98,99.98,99.98,0.0,0.0
18,bus_01,0.5,5000.0,inf,30.0,99.98,99.98,99.98,99.98,0.0,0.0
18,bus_01,0.5,5000.0,inf,40.0,99.98,99.98,99.98,99.98,0.0,0.0
18,bus_01,0.5,5000.0,inf,inf,99.98,99.98,99.98,99.98,0.0,0.0
18,bus_07,0.5,100.0,20.0,30.0,69.3704402531595,38.89895328169845,99.8786262753382,98.785599077302,-30.471486971461054,-1.0930271980362107
18,bus_07,0.5,100.0,20.0,40.0,63.13817629786585,22.561179952416268,99.98,75.11943689674109,-40.57699634544958,-24.86056310325891
18,bus_07,0.5,100.0,20.0,inf,67.04589784999277,44.75149470733447,99.5082558434421,97.56317322493992,-22.294403142658297,-1.945082618502184
18,bus_07,0.5,100.0,30.0,30.0,63.307465290749555,36.78080923117737,99.98,93.48537016068413,-26.526656059572183,-6.494629839315877
18,bus_07,0.5,100.0,30.0,40.0,65.01272233252541,24.776059553519914,99.98,65.13061191995733,-40.2366627790055,-34.84938808004267
18,bus_07,0.5,100.0,30.0,inf,65.10559706419315,67.38913681711578,99.98,99.98,2.2835397529226356,0.0
18,bus_07,0.5,100.0,40.0,30.0,65.21451826525137,36.531772946440356,99.98,99.98,-28.682745318811016,0.0
18,bus_07,0.5,100.0,40.0,40.0,65.04309995755284,24.59325918834748,99.98,81.2059304140878,-40.44984076920536,-18.7740695859122
18,bus_07,0.5,100.0,40.0,inf,63.283957647272395,18.477779535647453,99.71294660838981,59.115844291842045,-44.806178111624945,-40.59710231654777
18,bus_07,0.5,100.0,inf,30.0,61.286580347913514,30.8316758348563,99.98,99.58566132857919,-30.454904513057215,-0.3943386714208117
18,bus_07,0.5,100.0,inf,40.0,63.33911923053937,26.77180265466088,99.98,89.4921847452171,-36.567316575878486,-10.487815254782902
18,bus_07,0.5,100.0,inf,inf,61.9075510491642,78.04889421068134,99.98,99.98,16.141343161517142,0.0
18,bus_07,0.5,500.0,20.0,30.0,99.98,99.98,99.98,99.98,0.0,0.0
18,bus_07,0.5,500.0,20.0,40.0,99.98,99.98,99.98,99.98,0.0,0.0
18,bus_07,0.5,500.0,20.0,inf,99.98,99.98,99.98,99.98,0.0,0.0
18,bus_07,0.5,500.0,30.0,30.0,99.98,99.98,99.98,99.98,0.0,0.0
18,bus_07,0.5,500.0,30.0,40.0,99.98,99.98,99.98,99.98,0.0,0.0
18,bus_07,0.5,500.0,30.0,inf,99.98,99.98,99.98,99.98,0.0,0.0
18,bus_07,0.5,500.0,40.0,30.0,99.98,99.98,99.98,99.98,0.0,0.0
18,bus_07,0.5,500.0,40.0,40.0,99.98,99.98,99.98,99.98,0.0,0.0
18,bus_07,0.5,500.0,40.0,inf,99.98,99.98,99.98,99.98,0.0,0.0
18,bus_07,0.5,500.0,inf,30.0,99.98,99.98,99.98,99.98,0.0,0.0
18,bus_07,0.5,500.0,inf,40.0,99.98,99.98,99.98,99.98,0.0,0.0
18,bus_07,0.5,500.0,inf,inf,99.98,99.98,99.98,99.98,0.0,0.0
18,bus_07,0.5,1000.0,20.0,30.0,99.98,99.98,99.98,99.98,0.0,0.0
18,bus_07,0.5,1000.0,20.0,40.0,99.98,99.98,99.98,99.98,0.0,0.0
18,bus_07,0.5,1000.0,20.0,inf,99.98,99.98,99.98,99.98,0.0,0.0
18,bus_07,0.5,1000.0,30.0,30.0,99.98,99.98,99.98,99.98,0.0,0.0
18,bus_07,0.5,1000.0,30.0,40.0,99.98,99.98,99.98,99.98,0.0,0.0
18,bus_07,0.5,1000.0,30.0,inf,99.98,99.98,99.98,99.98,0.0,0.0
18,bus_07,0.5,1000.0,40.0,30.0,99.98,99.98,99.98,99.98,0.0,0.0
18,bus_07,0.5,1000.0,40.0,40.0,99.98,99.98,99.98,99.98,0.0,0.0
18,bus_07,0.5,1000.0,40.0,inf,99.98,99.98,99.98,99.98,0.0,0.0
18,bus_07,0.5,1000.0,inf,30.0,99.98,99.98,99.98,99.98,0.0,0.0
18,bus_07,0.5,1000.0,inf,40.0,99.98,99.98,99.98,99.98,0.0,0.0
18,bus_07,0.5,1000.0,inf,inf,99.98,99.98,99.98,99.98,0.0,0.0
18,bus_07,0.5,2000.0,20.0,30.0,99.98,99.98,99.98,99.98,0.0,0.0
18,bus_07,0.5,2000.0,20.0,40.0,99.98,99.98,99.98,99.98,0.0,0.0
18,bus_07,0.5,2000.0,20.0,inf,99.98,99.98,99.98,99.98,0.0,0.0
18,bus_07,0.5,2000.0,30.0,30.0,99.98,99.98,99.98,99.98,0.0,0.0
18,bus_07,0.5,2000.0,30.0,40.0,99.98,99.98,99.98,99.98,0.0,0.0
18,bus_07,0.5,2000.0,30.0,inf,99.98,99.98,99.98,99.98,0.0,0.0
18,bus_07,0.5,2000.0,40.0,30.0,99.98,99.98,99.98,99.98,0.0,0.0
18,bus_07,0.5,2000.0,40.0,40.0,99.98,99.98,99.98,99.98,0.0,0.0
18,bus_07,0.5,2000.0,40.0,inf,99.98,99.98,99.98,99.98,0.0,0.0
18,bus_07,0.5,2000.0,inf,30.0,99.98,99.98,99.98,99.98,0.0,0.0
18,bus_07,0.5,2000.0,inf,40.0,99.98,99.98,99.98,99.98,0.0,0.0
18,bus_07,0.5,2000.0,inf,inf,99.98,99.98,99.98,99.98,0.0,0.0
18,bus_07,0.5,5000.0,20.0,30.0,99.98,99.98,99.98,99.98,0.0,0.0
18,bus_07,0.5,5000.0,20.0,40.0,99.98,99.98,99.98,99.98,0.0,0.0
18,bus_07,0.5,5000.0,20.0,inf,99.98,99.98,99.98,99.98,0.0,0.0
18,bus_07,0.5,5000.0,30.0,30.0,99.98,99.98,99.98,99.98,0.0,0.0
18,bus_07,0.5,5000.0,30.0,40.0,99.98,99.98,99.98,99.98,0.0,0.0
18,bus_07,0.5,5000.0,30.0,inf,99.98,99.98,99.98,99.98,0.0,0.0
18,bus_07,0.5,5000.0,40.0,30.0,99.98,99.98,99.98,99.98,0.0,0.0
18,bus_07,0.5,5000.0,40.0,40.0,99.98,99.98,99.98,99.98,0.0,0.0
18,bus_07,0.5,5000.0,40.0,inf,99.98,99.98,99.98,99.98,0.0,0.0
18,bus_07,0.5,5000.0,inf,30.0,99.98,99.98,99.98,99.98,0.0,0.0
18,bus_07,0.5,5000.0,inf,40.0,99.98,99.98,99.98,99.98,0.0,0.0
18,bus_07,0.5,5000.0,inf,inf,99.98,99.98,99.98,99.98,0.0,0.0
18,bus_13,0.5,100.0,20.0,30.0,58.93234364580462,18.518733374732765,99.98,46.777080779644166,-40.41361027107186,-53.20291922035584
18,bus_13,0.5,100.0,20.0,40.0,65.33344805666779,24.54682164312778,99.98,44.87227145447217,-40.786626413540006,-55.107728545527834
18,bus_13,0.5,100.0,20.0,inf,63.27843364741854,20.597002315386035,99.98,99.98,-42.6814313320325,0.0
18,bus_13,0.5,100.0,30.0,30.0,64.92932758938173,22.48699834409663,99.98,99.98,-42.442329245285094,0.0
18,bus_13,0.5,100.0,30.0,40.0,63.344092837889065,65.06596122561051,99.98,93.66825700787182,1.7218683877214431,-6.311742992128188
18,bus_13,0.5,100.0,30.0,inf,63.351047530917334,44.63960096664199,99.98,99.98,-18.71144656427534,0.0
18,bus_13,0.5,100.0,40.0,30.0,63.24027647938999,48.87476497301949,99.98,99.98,-14.365511506370503,0.0
18,bus_13,0.5,100.0,40.0,40.0,63.20625233473143,34.77596039806461,99.85367679330989,99.98,-28.43029193666682,0.12632320669011676
18,bus_13,0.5,100.0,40.0,inf,65.04901462090659,24.644067604215348,99.95525563500178,93.71963392272777,-40.40494701669124,-6.2356217122740105
18,bus_13,0.5,100.0,inf,30.0,63.379077302155395,42.88164020459734,99.98,97.5307276802556,-20.497437097558056,-2.4492723197444093
18,bus_13,0.5,100.0,inf,40.0,65.08123107473887,77.31533177690955,99.69102791623197,97.31000374915418,12.234100702170679,-2.381024167077797
18,bus_13,0.5,100.0,inf,inf,61.9075510491642,59.89167743367045,99.98,99.54847960714963,-2.0158736154937458,-0.43152039285037347
18,bus_13,0.5,500.0,20.0,30.0,99.98,99.98,99.98,99.98,0.0,0.0
18,bus_13,0.5,500.0,20.0,40.0,99.98,99.98,99.98,99.98,0.0,0.0
18,bus_13,0.5,500.0,20.0,inf,99.98,99.98,99.98,99.98,0.0,0.0
18,bus_13,0.5,500.0,30.0,30.0,99.98,99.98,99.98,99.98,0.0,0.0
18,bus_13,0.5,500.0,30.0,40.0,99.98,99.98,99.98,99.98,0.0,0.0
18,bus_13,0.5,500.0,30.0,inf,99.98,99.98,99.98,99.98,0.0,0.0
18,bus_13,0.5,500.0,40.0,30.0,99.98,99.98,99.98,99.98,0.0,0.0
18,bus_13,0.5,500.0,40.0,40.0,99.98,99.98,99.98,99.98,0.0,0.0
18,bus_13,0.5,500.0,40.0,inf,99.98,99.98,99.98,99.98,0.0,0.0
18,bus_13,0.5,500.0,inf,30.0,99.98,99.98,99.98,99.98,0.0,0.0
18,bus_13,0.5,500.0,inf,40.0,99.98,99.98,99.98,99.98,0.0,0.0
18,bus_13,0.5,500.0,inf,inf,99.98,99.98,99.98,99.98,0.0,0.0
18,bus_13,0.5,1000.0,20.0,30.0,99.98,99.98,99.98,99.98,0.0,0.0
18,bus_13,0.5,1000.0,20.0,40.0,99.98,99.98,99.98,99.98,0.0,0.0
18,bus_13,0.5,1000.0,20.0,inf,99.98,99.98,99.98,99.98,0.0,0.0
18,bus_13,0.5,1000.0,30.0,30.0,99.98,99.98,99.98,99.98,0.0,0.0
18,bus_13,0.5,1000.0,30.0,40.0,99.98,99.98,99.98,99.98,0.0,0.0
18,bus_13,0.5,1000.0,30.0,inf,99.98,99.98,99.98,99.98,0.0,0.0
18,bus_13,0.5,1000.0,40.0,30.0,99.98,99.98,99.98,99.98,0.0,0.0
18,bus_13,0.5,1000.0,40.0,40.0,99.98,99.98,99.98,99.98,0.0,0.0
18,bus_13,0.5,1000.0,40.0,inf,99.98,99.98,99.98,99.98,0.0,0.0
18,bus_13,0.5,1000.0,inf,30.0,99.98,99.98,99.98,99.98,0.0,0.0
18,bus_13,0.5,1000.0,inf,40.0,99.98,99.98,99.98,99.98,0.0,0.0
18,bus_13,0.5,1000.0,inf,inf,99.98,99.98,99.98,99.98,0.0,0.0
18,bus_13,0.5,2000.0,20.0,30.0,99.98,99.98,99.98,99.98,0.0,0.0
18,bus_13,0.5,2000.0,20.0,40.0,99.98,99.98,99.98,99.98,0.0,0.0
18,bus_13,0.5,2000.0,20.0,inf,99.98,99.98,99.98,99.98,0.0,0.0
18,bus_13,0.5,2000.0,30.0,30.0,99.98,99.98,99.98,99.98,0.0,0.0
18,bus_13,0.5,2000.0,30.0,40.0,99.98,99.98,99.98,99.98,0.0,0.0
18,bus_13,0.5,2000.0,30.0,inf,99.98,99.98,99.98,99.98,0.0,0.0
18,bus_13,0.5,2000.0,40.0,30.0,99.98,99.98,99.98,99.98,0.0,0.0
18,bus_13,0.5,2000.0,40.0,40.0,99.98,99.98,99.98,99.98,0.0,0.0
18,bus_13,0.5,2000.0,40.0,inf,99.98,99.98,99.98,99.98,0.0,0.0
18,bus_13,0.5,2000.0,inf,30.0,99.98,99.98,99.98,99.98,0.0,0.0
18,bus_13,0.5,2000.0,inf,40.0,99.98,99.98,99.98,99.98,0.0,0.0
18,bus_13,0.5,2000.0,inf,inf,99.98,99.98,99.98,99.98,0.0,0.0
18,bus_13,0.5,5000.0,20.0,30.0,99.98,99.98,99.98,99.98,0.0,0.0
18,bus_13,0.5,5000.0,20.0,40.0,99.98,99.98,99.98,99.98,0.0,0.0
18,bus_13,0.5,5000.0,20.0,inf,99.98,99.98,99.98,99.98,0.0,0.0
18,bus_13,0.5,5000.0,30.0,30.0,99.98,99.98,99.98,99.98,0.0,0.0
18,bus_13,0.5,5000.0,30.0,40.0,99.98,99.98,99.98,99.98,0.0,0.0
18,bus_13,0.5,5000.0,30.0,inf,99.98,99.98,99.98,99.98,0.0,0.0
18,bus_13,0.5,5000.0,40.0,30.0,99.98,99.98,99.98,99.98,0.0,0.0
18,bus_13,0.5,5000.0,40.0,40.0,99.98,99.98,99.98,99.98,0.0,0.0
18,bus_13,0.5,5000.0,40.0,inf,99.98,99.98,99.98,99.98,0.0,0.0
18,bus_13,0.5,5000.0,inf,30.0,99.98,99.98,99.98,99.98,0.0,0.0
18,bus_13,0.5,5000.0,inf,40.0,99.98,99.98,99.98,99.98,0.0,0.0
18,bus_13,0.5,5000.0,inf,inf,99.98,99.98,99.98,99.98,0.0,0.0
18,bus_19,0.5,100.0,20.0,30.0,71.35433046499855,28.735151478071174,99.33566611598707,69.16490280175817,-42.61917898692738,-30.170763314228893
18,bus_19,0.5,100.0,20.0,40.0,67.1095639173976,14.422726841564259,99.98,56.909331294297175,-52.68683707583334,-43.07066870570283
18,bus_19,0.5,100.0,20.0,inf,69.16870955032932,73.44751424859611,99.98,83.18409741117424,4.278804698266782,-16.79590258882577
18,bus_19,0.5,100.0,30.0,30.0,58.944490988721256,48.799031680751234,99.98,99.98,-10.145459307970022,0.0
18,bus_19,0.5,100.0,30.0,40.0,63.2364508763142,32.728728767851386,99.98,89.53081719455851,-30.507722108462815,-10.449182805441495
18,bus_19,0.5,100.0,30.0,inf,65.28375662250309,53.0221765764165,99.94674142494586,99.98,-12.261580046086593,0.03325857505414831
18,bus_19,0.5,100.0,40.0,30.0,63.32421280771404,38.78007195030215,99.79327629321256,95.37284498176635,-24.54414085741189,-4.420431311446208
18,bus_19,0.5,100.0,40.0,40.0,65.17224795066798,16.61560306679607,99.98,99.38119243551607,-48.55664488387191,-0.5988075644839341
18,bus_19,0.5,100.0,40.0,inf,65.05264029046045,36.761359698947004,99.98,99.98,-28.29128059151344,0.0
18,bus_19,0.5,100.0,inf,30.0,65.07833220332195,30.658924875383565,99.98,79.41973750496541,-34.41940732793839,-20.560262495034593
18,bus_19,0.5,100.0,inf,40.0,64.99667029326865,58.822780618013546,99.94940111198933,99.88839923908857,-6.173889675255104,-0.061001872900760645
18,bus_19,0.5,100.0,inf,inf,61.9075510491642,75.97544656291552,99.98,99.98,14.067895513751324,0.0
18,bus_19,0.5,500.0,20.0,30.0,99.98,99.98,99.98,99.98,0.0,0.0
18,bus_19,0.5,500.0,20.0,40.0,99.98,99.98,99.98,99.98,0.0,0.0
18,bus_19,0.5,500.0,20.0,inf,99.98,99.98,99.98,99.98,0.0,0.0
18,bus_19,0.5,500.0,30.0,30.0,99.98,99.98,99.98,99.98,0.0,0.0
18,bus_19,0.5,500.0,30.0,40.0,99.98,99.98,99.98,99.98,0.0,0.0
18,bus_19,0.5,500.0,30.0,inf,99.98,99.98,99.98,99.98,0.0,0.0
18,bus_19,0.5,500.0,40.0,30.0,99.98,99.98,99.98,99.98,0.0,0.0
18,bus_19,0.5,500.0,40.0,40.0,99.98,99.98,99.98,99.98,0.0,0.0
18,bus_19,0.5,500.0,40.0,inf,99.98,99.98,99.98,99.98,0.0,0.0
18,bus_19,0.5,500.0,inf,30.0,99.98,99.98,99.98,99.98,0.0,0.0
18,bus_19,0.5,500.0,inf,40.0,99.98,99.98,99.98,99.98,0.0,0.0
18,bus_19,0.5,500.0,inf,inf,99.98,99.98,99.98,99.98,0.0,0.0
18,bus_19,0.5,1000.0,20.0,30.0,99.98,99.98,99.98,99.98,0.0,0.0
18,bus_19,0.5,1000.0,20.0,40.0,99.98,99.98,99.98,99.98,0.0,0.0
18,bus_19,0.5,1000.0,20.0,inf,99.98,99.98,99.98,99.98,0.0,0.0
18,bus_19,0.5,1000.0,30.0,30.0,99.98,99.98,99.98,99.98,0.0,0.0
18,bus_19,0.5,1000.0,30.0,40.0,99.98,99.98,99.98,99.98,0.0,0.0
18,bus_19,0.5,1000.0,30.0,inf,99.98,99.98,99.98,99.98,0.0,0.0
18,bus_19,0.5,1000.0,40.0,30.0,99.98,99.98,99.98,99.98,0.0,0.0
18,bus_19,0.5,1000.0,40.0,40.0,99.98,99.98,99.98,99.98,0.0,0.0
18,bus_19,0.5,1000.0,40.0,inf,99.98,99.98,99.98,99.98,0.0,0.0
18,bus_19,0.5,1000.0,inf,30.0,99.98,99.98,99.98,99.98,0.0,0.0
18,bus_19,0.5,1000.0,inf,40.0,99.98,99.98,99.98,99.98,0.0,0.0
18,bus_19,0.5,1000.0,inf,inf,99.98,99.98,99.98,99.98,0.0,0.0
18,bus_19,0.5,2000.0,20.0,30.0,99.98,99.98,99.98,99.98,0.0,0.0
18,bus_19,0.5,2000.0,20.0,40.0,99.98,99.98,99.98,99.98,0.0,0.0
18,bus_19,0.5,2000.0,20.0,inf,99.98,99.98,99.98,99.98,0.0,0.0
18,bus_19,0.5,2000.0,30.0,30.0,99.98,99.98,99.98,99.98,0.0,0.0
18,bus_19,0.5,2000.0,30.0,40.0,99.98,99.98,99.98,99.98,0.0,0.0
18,bus_19,0.5,2000.0,30.0,inf,99.98,99.98,99.98,99.98,0.0,0.0
18,bus_19,0.5,2000.0,40.0,30.0,99.98,99.98,99.98,99.98,0.0,0.0
18,bus_19,0.5,2000.0,40.0,40.0,99.98,99.98,99.98,99.98,0.0,0.0
18,bus_19,0.5,2000.0,40.0,inf,99.98,99.98,99.98,99.98,0.0,0.0
18,bus_19,0.5,2000.0,inf,30.0,99.98,99.98,99.98,99.98,0.0,0.0
18,bus_19,0.5,2000.0,inf,40.0,99.98,99.98,99.98,99.98,0.0,0.0
18,bus_19,0.5,2000.0,inf,inf,99.98,99.98,99.98,99.98,0.0,0.0
18,bus_19,0.5,5000.0,20.0,30.0,99.98,99.98,99.98,99.98,0.0,0.0
18,bus_19,0.5,5000.0,20.0,40.0,99.98,99.98,99.98,99.98,0.0,0.0
18,bus_19,0.5,5000.0,20.0,inf,99.98,99.98,99.98,99.98,0.0,0.0
18,bus_19,0.5,5000.0,30.0,30.0,99.98,99.98,99.98,99.98,0.0,0.0
18,bus_19,0.5,5000.0,30.0,40.0,99.98,99.98,99.98,99.98,0.0,0.0
18,bus_19,0.5,5000.0,30.0,inf,99.98,99.98,99.98,99.98,0.0,0.0
18,bus_19,0.5,5000.0,40.0,30.0,99.98,99.98,99.98,99.98,0.0,0.0
18,bus_19,0.5,5000.0,40.0,40.0,99.98,99.98,99.98,99.98,0.0,0.0
18,bus_19,0.5,5000.0,40.0,inf,99.98,99.98,99.98,99.98,0.0,0.0
18,bus_19,0.5,5000.0,inf,30.0,99.98,99.98,99.98,99.98,0.0,0.0
18,bus_19,0.5,5000.0,inf,40.0,99.98,99.98,99.98,99.98,0.0,0.0
18,bus_19,0.5,5000.0,inf,inf,99.98,99.98,99.98,99.98,0.0,0.0
18,bus_25,0.5,100.0,20.0,30.0,63.37869786222805,28.670552444867027,99.98,71.12863442589567,-34.708145417361024,-28.851365574104335
18,bus_25,0.5,100.0,20.0,40.0,67.38486551468654,18.50196833865304,99.98,75.11376454146856,-48.882897176033495,-24.86623545853145
18,bus_25,0.5,100.0,20.0,inf,67.2574194483519,22.832112875866216,99.90668012276542,79.11408905349874,-44.42530657248568,-20.792591069266678
18,bus_25,0.5,100.0,30.0,30.0,65.10319725518583,22.635909217771932,99.98,96.78084333087455,-42.4672880374139,-3.1991566691254576
18,bus_25,0.5,100.0,30.0,40.0,65.0780523624136,49.00600312159066,99.98,99.98,-16.072049240822942,0.0
18,bus_25,0.5,100.0,30.0,inf,65.10811704315799,16.59659824733062,99.98,99.98,-48.51151879582737,0.0
18,bus_25,0.5,100.0,40.0,30.0,63.047407840919576,69.15496646860106,99.98,99.88903265843909,6.107558627681485,-0.09096734156091202
18,bus_25,0.5,100.0,40.0,40.0,63.35822684545928,20.370758116619292,99.91932946583965,99.45995513828213,-42.987468728839985,-0.4593743275575264
18,bus_25,0.5,100.0,40.0,inf,65.08443161740122,30.57873303358354,99.98,89.2488170274414,-34.50569858381768,-10.7311829725586
18,bus_25,0.5,100.0,inf,30.0,61.27179180948467,28.723109940278036,99.98,99.76565942703313,-32.54868186920663,-0.2143405729668757
18,bus_25,0.5,100.0,inf,40.0,65.09503423231948,66.98889056296187,99.76467111124065,99.98,1.893856330642393,0.21532888875935896
18,bus_25,0.5,100.0,inf,inf,61.9075510491642,55.65468316239027,99.98,89.88707404017966,-6.252867886773927,-10.092925959820349
18,bus_25,0.5,500.0,20.0,30.0,99.98,99.98,99.98,99.98,0.0,0.0
18,bus_25,0.5,500.0,20.0,40.0,99.98,99.98,99.98,99.98,0.0,0.0
18,bus_25,0.5,500.0,20.0,inf,99.98,99.98,99.98,99.98,0.0,0.0
18,bus_25,0.5,500.0,30.0,30.0,99.98,99.98,99.98,99.98,0.0,0.0
18,bus_25,0.5,500.0,30.0,40.0,99.98,99.98,99.98,99.98,0.0,0.0
18,bus_25,0.5,500.0,30.0,inf,99.98,99.98,99.98,99.98,0.0,0.0
18,bus_25,0.5,500.0,40.0,30.0,99.98,99.98,99.98,99.98,0.0,0.0
18,bus_25,0.5,500.0,40.0,40.0,99.98,99.98,99.98,99.98,0.0,0.0
18,bus_25,0.5,500.0,40.0,inf,99.98,99.98,99.98,99.98,0.0,0.0
18,bus_25,0.5,500.0,inf,30.0,99.98,99.98,99.98,99.98,0.0,0.0
18,bus_25,0.5,500.0,inf,40.0,99.98,99.98,99.98,99.98,0.0,0.0
18,bus_25,0.5,500.0,inf,inf,99.98,99.98,99.98,99.98,0.0,0.0
18,bus_25,0.5,1000.0,20.0,30.0,99.98,99.98,99.98,99.98,0.0,0.0
18,bus_25,0.5,1000.0,20.0,40.0,99.98,99.98,99.98,99.98,0.0,0.0
18,bus_25,0.5,1000.0,20.0,inf,99.98,99.98,99.98,99.98,0.0,0.0
18,bus_25,0.5,1000.0,30.0,30.0,99.98,99.98,99.98,99.98,0.0,0.0
18,bus_25,0.5,1000.0,30.0,40.0,99.98,99.98,99.98,99.98,0.0,0.0
18,bus_25,0.5,1000.0,30.0,inf,99.98,99.98,99.98,99.98,0.0,0.0
18,bus_25,0.5,1000.0,40.0,30.0,99.98,99.98,99.98,99.98,0.0,0.0
18,bus_25,0.5,1000.0,40.0,40.0,99.98,99.98,99.98,99.98,0.0,0.0
18,bus_25,0.5,1000.0,40.0,inf,99.98,99.98,99.98,99.98,0.0,0.0
18,bus_25,0.5,1000.0,inf,30.0,99.98,99.98,99.98,99.98,0.0,0.0
18,bus_25,0.5,1000.0,inf,40.0,99.98,99.98,99.98,99.98,0.0,0.0
18,bus_25,0.5,1000.0,inf,inf,99.98,99.98,99.98,99.98,0.0,0.0
18,bus_25,0.5,2000.0,20.0,30.0,99.98,99.98,99.98,99.98,0.0,0.0
18,bus_25,0.5,2000.0,20.0,40.0,99.98,99.98,99.98,99.98,0.0,0.0
18,bus_25,0.5,2000.0,20.0,inf,99.98,99.98,99.98,99.98,0.0,0.0
18,bus_25,0.5,2000.0,30.0,30.0,99.98,99.98,99.98,99.98,0.0,0.0
18,bus_25,0.5,2000.0,30.0,40.0,99.98,99.98,99.98,99.98,0.0,0.0
18,bus_25,0.5,2000.0,30.0,inf,99.98,99.98,99.98,99.98,0.0,0.0
18,bus_25,0.5,2000.0,40.0,30.0,99.98,99.98,99.98,99.98,0.0,0.0
18,bus_25,0.5,2000.0,40.0,40.0,99.98,99.98,99.98,99.98,0.0,0.0
18,bus_25,0.5,2000.0,40.0,inf,99.98,99.98,99.98,99.98,0.0,0.0
18,bus_25,0.5,2000.0,inf,30.0,99.98,99.98,99.98,99.98,0.0,0.0
18,bus_25,0.5,2000.0,inf,40.0,99.98,99.98,99.98,99.98,0.0,0.0
18,bus_25,0.5,2000.0,inf,inf,99.98,99.98,99.98,99.98,0.0,0.0
18,bus_25,0.5,5000.0,20.0,30.0,99.98,99.98,99.98,99.98,0.0,0.0
18,bus_25,0.5,5000.0,20.0,40.0,99.98,99.98,99.98,99.98,0.0,0.0
18,bus_25,0.5,5000.0,20.0,inf,99.98,99.98,99.98,99.98,0.0,0.0
18,bus_25,0.5,5000.0,30.0,30.0,99.98,99.98,99.98,99.98,0.0,0.0
18,bus_25,0.5,5000.0,30.0,40.0,99.98,99.98,99.98,99.98,0.0,0.0
18,bus_25,0.5,5000.0,30.0,inf,99.98,99.98,99.98,99.98,0.0,0.0
18,bus_25,0.5,5000.0,40.0,30.0,99.98,99.98,99.98,99.98,0.0,0.0
18,bus_25,0.5,5000.0,40.0,40.0,99.98,99.98,99.98,99.98,0.0,0.0
18,bus_25,0.5,5000.0,40.0,inf,99.98,99.98,99.98,99.98,0.0,0.0
18,bus_25,0.5,5000.0,inf,30.0,99.98,99.98,99.98,99.98,0.0,0.0
18,bus_25,0.5,5000.0,inf,40.0,99.98,99.98,99.98,99.98,0.0,0.0
18,bus_25,0.5,5000.0,inf,inf,99.98,99.98,99.98,99.98,0.0,0.0
19,bus_01,0.5,100.0,20.0,30.0,71.28944572206231,40.91630611609824,99.98,99.98,-30.37313960596407,0.0
19,bus_01,0.5,100.0,20.0,40.0,71.21647893190809,46.76173989445661,99.98,99.98,-24.454739037451475,0.0
19,bus_01,0.5,100.0,20.0,inf,67.34566050006019,20.51687501957986,99.98,99.98,-46.828785480480335,0.0
19,bus_01,0.5,100.0,30.0,30.0,65.3491639191088,42.78625717847383,99.98,95.49826811528322,-22.562906740634972,-4.48173188471678
19,bus_01,0.5,100.0,30.0,40.0,65.27042980393173,77.42516973588795,99.98,97.4858315173515,12.154739931956215,-2.4941684826485044
19,bus_01,0.5,100.0,30.0,inf,65.0289711492805,46.80816581520505,99.98,99.98,-18.220805334075443,0.0
19,bus_01,0.5,100.0,40.0,30.0,65.13307665894779,67.31066119315639,99.98,99.98,2.1775845342086058,0.0
19,bus_01,0.5,100.0,40.0,40.0,65.03617337535957,44.973849994909365,99.98,99.98,-20.062323380450202,0.0
19,bus_01,0.5,100.0,40.0,inf,65.15096202711274,28.743376769034946,99.79467657473971,99.9029059375959,-36.407585258077795,0.10822936285619278
19,bus_01,0.5,100.0,inf,30.0,65.05232075973888,30.832338390689884,99.98,71.25376636806023,-34.21998236904899,-28.726233631939778
19,bus_01,0.5,100.0,inf,40.0,63.33038767542144,71.42877505569142,99.98,99.98,8.098387380269976,0.0
19,bus_01,0.5,100.0,inf,inf,61.9075510491642,78.0635526831805,99.98,99.98,16.156001634016306,0.0
19,bus_01,0.5,500.0,20.0,30.0,99.98,99.98,99.98,99.98,0.0,0.0
19,bus_01,0.5,500.0,20.0,40.0,99.98,99.98,99.98,99.98,0.0,0.0
19,bus_01,0.5,500.0,20.0,inf,99.98,99.98,99.98,99.98,0.0,0.0
19,bus_01,0.5,500.0,30.0,30.0,99.98,99.98,99.98,99.98,0.0,0.0
19,bus_01,0.5,500.0,30.0,40.0,99.98,99.98,99.98,99.98,0.0,0.0
19,bus_01,0.5,500.0,30.0,inf,99.98,99.98,99.98,99.98,0.0,0.0
19,bus_01,0.5,500.0,40.0,30.0,99.98,99.98,99.98,99.98,0.0,0.0
19,bus_01,0.5,500.0,40.0,40.0,99.98,99.98,99.98,99.98,0.0,0.0
19,bus_01,0.5,500.0,40.0,inf,99.98,99.98,99.98,99.98,0.0,0.0
19,bus_01,0.5,500.0,inf,30.0,99.98,99.98,99.98,99.98,0.0,0.0
19,bus_01,0.5,500.0,inf,40.0,99.98,99.98,99.98,99.98,0.0,0.0
19,bus_01,0.5,500.0,inf,inf,99.98,99.98,99.98,99.98,0.0,0.0
19,bus_01,0.5,1000.0,20.0,30.0,99.98,99.98,99.98,99.98,0.0,0.0
19,bus_01,0.5,1000.0,20.0,40.0,99.98,99.98,99.98,99.98,0.0,0.0
19,bus_01,0.5,1000.0,20.0,inf,99.98,99.98,99.98,99.98,0.0,0.0
19,bus_01,0.5,1000.0,30.0,30.0,99.98,99.98,99.98,99.98,0.0,0.0
19,bus_01,0.5,1000.0,30.0,40.0,99.98,99.98,99.98,99.98,0.0,0.0
19,bus_01,0.5,1000.0,30.0,inf,99.98,99.98,99.98,99.98,0.0,0.0
19,bus_01,0.5,1000.0,40.0,30.0,99.98,99.98,99.98,99.98,0.0,0.0
19,bus_01,0.5,1000.0,40.0,40.0,99.98,99.98,99.98,99.98,0.0,0.0
19,bus_01,0.5,1000.0,40.0,inf,99.98,99.98,99.98,99.98,0.0,0.0
19,bus_01,0.5,1000.0,inf,30.0,99.98,99.98,99.98,99.98,0.0,0.0
19,bus_01,0.5,1000.0,inf,40.0,99.98,99.98,99.98,99.98,0.0,0.0
19,bus_01,0.5,1000.0,inf,inf,99.98,99.98,99.98,99.98,0.0,0.0
19,bus_01,0.5,2000.0,20.0,30.0,99.98,99.98,99.98,99.98,0.0,0.0
19,bus_01,0.5,2000.0,20.0,40.0,99.98,99.98,99.98,99.98,0.0,0.0
19,bus_01,0.5,2000.0,20.0,inf,99.98,99.98,99.98,99.98,0.0,0.0
19,bus_01,0.5,2000.0,30.0,30.0,99.98,99.98,99.98,99.98,0.0,0.0
19,bus_01,0.5,2000.0,30.0,40.0,99.98,99.98,99.98,99.98,0.0,0.0
19,bus_01,0.5,2000.0,30.0,inf,99.98,99.98,99.98,99.98,0.0,0.0
19,bus_01,0.5,2000.0,40.0,30.0,99.98,99.98,99.98,99.98,0.0,0.0
19,bus_01,0.5,2000.0,40.0,40.0,99.98,99.98,99.98,99.98,0.0,0.0
19,bus_01,0.5,2000.0,40.0,inf,99.98,99.98,99.98,99.98,0.0,0.0
19,bus_01,0.5,2000.0,inf,30.0,99.98,99.98,99.98,99.98,0.0,0.0
19,bus_01,0.5,2000.0,inf,40.0,99.98,99.98,99.98,99.98,0.0,0.0
19,bus_01,0.5,2000.0,inf,inf,99.98,99.98,99.98,99.98,0.0,0.0
19,bus_01,0.5,5000.0,20.0,30.0,99.98,99.98,99.98,99.98,0.0,0.0
19,bus_01,0.5,5000.0,20.0,40.0,99.98,99.98,99.98,99.98,0.0,0.0
19,bus_01,0.5,5000.0,20.0,inf,99.98,99.98,99.98,99.98,0.0,0.0
19,bus_01,0.5,5000.0,30.0,30.0,99.98,99.98,99.98,99.98,0.0,0.0
19,bus_01,0.5,5000.0,30.0,40.0,99.98,99.98,99.98,99.98,0.0,0.0
19,bus_01,0.5,5000.0,30.0,inf,99.98,99.98,99.98,99.98,0.0,0.0
19,bus_01,0.5,5000.0,40.0,30.0,99.98,99.98,99.98,99.98,0.0,0.0
19,bus_01,0.5,5000.0,40.0,40.0,99.98,99.98,99.98,99.98,0.0,0.0
19,bus_01,0.5,5000.0,40.0,inf,99.98,99.98,99.98,99.98,0.0,0.0
19,bus_01,0.5,5000.0,inf,30.0,99.98,99.98,99.98,99.98,0.0,0.0
19,bus_01,0.5,5000.0,inf,40.0,99.98,99.98,99.98,99.98,0.0,0.0
19,bus_01,0.5,5000.0,inf,inf,99.98,99.98,99.98,99.98,0.0,0.0
19,bus_07,0.5,100.0,20.0,30.0,77.09061236106463,40.794418997992864,99.33534166753793,98.82290628117433,-36.296193363071765,-0.512435386363606
19,bus_07,0.5,100.0,20.0,40.0,61.10728723352007,26.52927310599035,99.98,98.8096513623197,-34.57801412752972,-1.1703486376803056
19,bus_07,0.5,100.0,20.0,inf,60.945210562661224,40.69071052215004,99.70587741209872,99.4443493446004,-20.254500040511182,-0.26152806749831825
19,bus_07,0.5,100.0,30.0,30.0,65.36845372501772,36.784815500826284,99.98,99.98,-28.583638224191432,0.0
19,bus_07,0.5,100.0,30.0,40.0,65.08490733743545,32.91304492551661,99.98,75.08863749316731,-32.171862411918845,-24.891362506832692
19,bus_07,0.5,100.0,30.0,inf,63.12725693898867,38.81758380897998,99.88717147368482,99.48458568720264,-24.30967313000869,-0.40258578648217735
19,bus_07,0.5,100.0,40.0,30.0,63.089991565719906,26.60252790295975,99.98,95.49272498662786,-36.487463662760156,-4.487275013372141
19,bus_07,0.5,100.0,40.0,40.0,65.12472242571991,42.96906547391476,99.98,99.8983196805087,-22.15565695180515,-0.08168031949129784
19,bus_07,0.5,100.0,40.0,inf,65.04232200744187,81.1537517066845,99.89592043663937,99.98,16.111429699242635,0.08407956336063194
19,bus_07,0.5,100.0,inf,30.0,65.03005933154256,40.85298495750387,99.74458062105502,99.98,-24.17707437403869,0.23541937894498233
19,bus_07,0.5,100.0,inf,40.0,65.1823836248751,61.04017107057616,99.98,99.79139534815997,-4.142212554298943,-0.18860465184003772
19,bus_07,0.5,100.0,inf,inf,61.9075510491642,59.73333749231378,99.98,99.98,-2.174213556850418,0.0
19,bus_07,0.5,500.0,20.0,30.0,99.98,99.98,99.98,99.98,0.0,0.0
19,bus_07,0.5,500.0,20.0,40.0,99.98,99.98,99.98,99.98,0.0,0.0
19,bus_07,0.5,500.0,20.0,inf,99.98,99.98,99.98,99.98,0.0,0.0
19,bus_07,0.5,500.0,30.0,30.0,99.98,99.98,99.98,99.98,0.0,0.0
19,bus_07,0.5,500.0,30.0,40.0,99.98,99.98,99.98,99.98,0.0,0.0
19,bus_07,0.5,500.0,30.0,inf,99.98,99.98,99.98,99.98,0.0,0.0
19,bus_07,0.5,500.0,40.0,30.0,99.98,99.98,99.98,99.98,0.0,0.0
19,bus_07,0.5,500.0,40.0,40.0,99.98,99.98,99.98,99.98,0.0,0.0
19,bus_07,0.5,500.0,40.0,inf,99.98,99.98,99.98,99.98,0.0,0.0
19,bus_07,0.5,500.0,inf,30.0,99.98,99.98,99.98,99.98,0.0,0.0
19,bus_07,0.5,500.0,inf,40.0,99.98,99.98,99.98,99.98,0.0,0.0
19,bus_07,0.5,500.0,inf,inf,99.98,99.98,99.98,99.98,0.0,0.0
19,bus_07,0.5,1000.0,20.0,30.0,99.98,99.98,99.98,99.98,0.0,0.0
19,bus_07,0.5,1000.0,20.0,40.0,99.98,99.98,99.98,99.98,0.0,0.0
19,bus_07,0.5,1000.0,20.0,inf,99.98,99.98,99.98,99.98,0.0,0.0
19,bus_07,0.5,1000.0,30.0,30.0,99.98,99.98,99.98,99.98,0.0,0.0
19,bus_07,0.5,1000.0,30.0,40.0,99.98,99.98,99.98,99.98,0.0,0.0
19,bus_07,0.5,1000.0,30.0,inf,99.98,99.98,99.98,99.98,0.0,0.0
19,bus_07,0.5,1000.0,40.0,30.0,99.98,99.98,99.98,99.98,0.0,0.0
19,bus_07,0.5,1000.0,40.0,40.0,99.98,99.98,99.98,99.98,0.0,0.0
19,bus_07,0.5,1000.0,40.0,inf,99.98,99.98,99.98,99.98,0.0,0.0
19,bus_07,0.5,1000.0,inf,30.0,99.98,99.98,99.98,99.98,0.0,0.0
19,bus_07,0.5,1000.0,inf,40.0,99.98,99.98,99.98,99.98,0.0,0.0
19,bus_07,0.5,1000.0,inf,inf,99.98,99.98,99.98,99.98,0.0,0.0
19,bus_07,0.5,2000.0,20.0,30.0,99.98,99.98,99.98,99.98,0.0,0.0
19,bus_07,0.5,2000.0,20.0,40.0,99.98,99.98,99.98,99.98,0.0,0.0
19,bus_07,0.5,2000.0,20.0,inf,99.98,99.98,99.98,99.98,0.0,0.0
19,bus_07,0.5,2000.0,30.0,30.0,99.98,99.98,99.98,99.98,0.0,0.0
19,bus_07,0.5,2000.0,30.0,40.0,99.98,99.98,99.98,99.98,0.0,0.0
19,bus_07,0.5,2000.0,30.0,inf,99.98,99.98,99.98,99.98,0.0,0.0
19,bus_07,0.5,2000.0,40.0,30.0,99.98,99.98,99.98,99.98,0.0,0.0
19,bus_07,0.5,2000.0,40.0,40.0,99.98,99.98,99.98,99.98,0.0,0.0
19,bus_07,0.5,2000.0,40.0,inf,99.98,99.98,99.98,99.98,0.0,0.0
19,bus_07,0.5,2000.0,inf,30.0,99.98,99.98,99.98,99.98,0.0,0.0
19,bus_07,0.5,2000.0,inf,40.0,99.98,99.98,99.98,99.98,0.0,0.0
19,bus_07,0.5,2000.0,inf,inf,99.98,99.98,99.98,99.98,0.0,0.0
19,bus_07,0.5,5000.0,20.0,30.0,99.98,99.98,99.98,99.98,0.0,0.0
19,bus_07,0.5,5000.0,20.0,40.0,99.98,99.98,99.98,99.98,0.0,0.0
19,bus_07,0.5,5000.0,20.0,inf,99.98,99.98,99.98,99.98,0.0,0.0
19,bus_07,0.5,5000.0,30.0,30.0,99.98,99.98,99.98,99.98,0.0,0.0
19,bus_07,0.5,5000.0,30.0,40.0,99.98,99.98,99.98,99.98,0.0,0.0
19,bus_07,0.5,5000.0,30.0,inf,99.98,99.98,99.98,99.98,0.0,0.0
19,bus_07,0.5,5000.0,40.0,30.0,99.98,99.98,99.98,99.98,0.0,0.0
19,bus_07,0.5,5000.0,40.0,40.0,99.98,99.98,99.98,99.98,0.0,0.0
19,bus_07,0.5,5000.0,40.0,inf,99.98,99.98,99.98,99.98,0.0,0.0
19,bus_07,0.5,5000.0,inf,30.0,99.98,99.98,99.98,99.98,0.0,0.0
19,bus_07,0.5,5000.0,inf,40.0,99.98,99.98,99.98,99.98,0.0,0.0
19,bus_07,0.5,5000.0,inf,inf,99.98,99.98,99.98,99.98,0.0,0.0
19,bus_13,0.5,100.0,20.0,30.0,59.001657859167025,8.420169693537826,99.84664096816348,99.13404113459237,-50.581488165629196,-0.7125998335711188
19,bus_13,0.5,100.0,20.0,40.0,67.20116284299881,65.1623428320815,99.74384160450676,99.98,-2.0388200109173056,0.23615839549324846
19,bus_13,0.5,100.0,20.0,inf,62.975063134107515,38.697751715019145,99.85988249191733,79.26102972389202,-24.27731141908837,-20.59885276802531
19,bus_13,0.5,100.0,30.0,30.0,69.40498284005618,10.693663195030433,99.98,59.066470554916904,-58.711319645025746,-40.9135294450831
19,bus_13,0.5,100.0,30.0,40.0,67.12972440518482,73.21962584552712,99.98,99.98,6.089901440342302,0.0
19,bus_13,0.5,100.0,30.0,inf,65.31701627267043,40.94849872964312,99.98,89.29302968183231,-24.36851754302731,-10.686970318167695
19,bus_13,0.5,100.0,40.0,30.0,65.24051551660351,40.658024726696866,99.98,99.55574167656982,-24.582490789906643,-0.42425832343018044
19,bus_13,0.5,100.0,40.0,40.0,65.22155635646949,34.68348717868578,99.88762426613673,91.6529256869784,-30.53806917778371,-8.23469857915832
19,bus_13,0.5,100.0,40.0,inf,65.10065666677328,32.55402231780149,99.98,77.28557356703885,-32.546634348971786,-22.69442643296115
19,bus_13,0.5,100.0,inf,30.0,67.0949322306236,16.54243971108862,99.98,98.68885343620343,-50.55249251953498,-1.2911465637965733
19,bus_13,0.5,100.0,inf,40.0,63.31559463469193,26.567080844893553,99.91745913139783,58.93253747681051,-36.74851378979837,-40.984921654587325
19,bus_13,0.5,100.0,inf,inf,61.9075510491642,55.735143873242656,99.98,97.37245114366388,-6.172407175921542,-2.6075488563361233
19,bus_13,0.5,500.0,20.0,30.0,99.98,99.98,99.98,99.98,0.0,0.0
19,bus_13,0.5,500.0,20.0,40.0,99.98,99.98,99.98,99.98,0.0,0.0
19,bus_13,0.5,500.0,20.0,inf,99.98,99.98,99.98,99.98,0.0,0.0
19,bus_13,0.5,500.0,30.0,30.0,99.98,99.98,99.98,99.98,0.0,0.0
19,bus_13,0.5,500.0,30.0,40.0,99.98,99.98,99.98,99.98,0.0,0.0
19,bus_13,0.5,500.0,30.0,inf,99.98,99.98,99.98,99.98,0.0,0.0
19,bus_13,0.5,500.0,40.0,30.0,99.98,99.98,99.98,99.98,0.0,0.0
19,bus_13,0.5,500.0,40.0,40.0,99.98,99.98,99.98,99.98,0.0,0.0
19,bus_13,0.5,500.0,40.0,inf,99.98,99.98,99.98,99.98,0.0,0.0
19,bus_13,0.5,500.0,inf,30.0,99.98,99.98,99.98,99.98,0.0,0.0
19,bus_13,0.5,500.0,inf,40.0,99.98,99.98,99.98,99.98,0.0,0.0
19,bus_13,0.5,500.0,inf,inf,99.98,99.98,99.98,99.98,0.0,0.0
19,bus_13,0.5,1000.0,20.0,30.0,99.98,99.98,99.98,99.98,0.0,0.0
19,bus_13,0.5,1000.0,20.0,40.0,99.98,99.98,99.98,99.98,0.0,0.0
19,bus_13,0.5,1000.0,20.0,inf,99.98,99.98,99.98,99.98,0.0,0.0
19,bus_13,0.5,1000.0,30.0,30.0,99.98,99.98,99.98,99.98,0.0,0.0
19,bus_13,0.5,1000.0,30.0,40.0,99.98,99.98,99.98,99.98,0.0,0.0
19,bus_13,0.5,1000.0,30.0,inf,99.98,99.98,99.98,99.98,0.0,0.0
19,bus_13,0.5,1000.0,40.0,30.0,99.98,99.98,99.98,99.98,0.0,0.0
19,bus_13,0.5,1000.0,40.0,40.0,99.98,99.98,99.98,99.98,0.0,0.0
19,bus_13,0.5,1000.0,40.0,inf,99.98,99.98,99.98,99.98,0.0,0.0
19,bus_13,0.5,1000.0,inf,30.0,99.98,99.98,99.98,99.98,0.0,0.0
19,bus_13,0.5,1000.0,inf,40.0,99.98,99.98,99.98,99.98,0.0,0.0
19,bus_13,0.5,1000.0,inf,inf,99.98,99.98,99.98,99.98,0.0,0.0
19,bus_13,0.5,2000.0,20.0,30.0,99.98,99.98,99.98,99.98,0.0,0.0
19,bus_13,0.5,2000.0,20.0,40.0,99.98,99.98,99.98,99.98,0.0,0.0
19,bus_13,0.5,2000.0,20.0,inf,99.98,99.98,99.98,99.98,0.0,0.0
19,bus_13,0.5,2000.0,30.0,30.0,99.98,99.98,99.98,99.98,0.0,0.0
19,bus_13,0.5,2000.0,30.0,40.0,99.98,99.98,99.98,99.98,0.0,0.0
19,bus_13,0.5,2000.0,30.0,inf,99.98,99.98,99.98,99.98,0.0,0.0
19,bus_13,0.5,2000.0,40.0,30.0,99.98,99.98,99.98,99.98,0.0,0.0
19,bus_13,0.5,2000.0,40.0,40.0,99.98,99.98,99.98,99.98,0.0,0.0
19,bus_13,0.5,2000.0,40.0,inf,99.98,99.98,99.98,99.98,0.0,0.0
19,bus_13,0.5,2000.0,inf,30.0,99.98,99.98,99.98,99.98,0.0,0.0
19,bus_13,0.5,2000.0,inf,40.0,99.98,99.98,99.98,99.98,0.0,0.0
19,bus_13,0.5,2000.0,inf,inf,99.98,99.98,99.98,99.98,0.0,0.0
19,bus_13,0.5,5000.0,20.0,30.0,99.98,99.98,99.98,99.98,0.0,0.0
19,bus_13,0.5,5000.0,20.0,40.0,99.98,99.98,99.98,99.98,0.0,0.0
19,bus_13,0.5,5000.0,20.0,inf,99.98,99.98,99.98,99.98,0.0,0.0
19,bus_13,0.5,5000.0,30.0,30.0,99.98,99.98,99.98,99.98,0.0,0.0
19,bus_13,0.5,5000.0,30.0,40.0,99.98,99.98,99.98,99.98,0.0,0.0
19,bus_13,0.5,5000.0,30.0,inf,99.98,99.98,99.98,99.98,0.0,0.0
19,bus_13,0.5,5000.0,40.0,30.0,99.98,99.98,99.98,99.98,0.0,0.0
19,bus_13,0.5,5000.0,40.0,40.0,99.98,99.98,99.98,99.98,0.0,0.0
19,bus_13,0.5,5000.0,40.0,inf,99.98,99.98,99.98,99.98,0.0,0.0
19,bus_13,0.5,5000.0,inf,30.0,99.98,99.98,99.98,99.98,0.0,0.0
19,bus_13,0.5,5000.0,inf,40.0,99.98,99.98,99.98,99.98,0.0,0.0
19,bus_13,0.5,5000.0,inf,inf,99.98,99.98,99.98,99.98,0.0,0.0
19,bus_19,0.5,100.0,20.0,30.0,59.155484789614256,28.755324231288228,99.63237194834359,69.25090832936078,-30.40016055832603,-30.381463618982806
19,bus_19,0.5,100.0,20.0,40.0,69.48030157819194,30.659885020775835,99.98,85.40083595964212,-38.82041655741611,-14.579164040357881
19,bus_19,0.5,100.0,20.0,inf,63.05070412124286,75.31404818447753,99.98,99.98,12.263344063234669,0.0
19,bus_19,0.5,100.0,30.0,30.0,65.18520916858556,28.71626069318375,99.98,59.13425317122702,-36.46894847540181,-40.84574682877298
19,bus_19,0.5,100.0,30.0,40.0,65.12282969706283,30.596477834068537,99.98,95.44848121962505,-34.52635186299429,-4.531518780374952
19,bus_19,0.5,100.0,30.0,inf,61.35547769408676,24.45400483469732,99.98,95.77202775492574,-36.90147285938944,-4.207972245074259
19,bus_19,0.5,100.0,40.0,30.0,63.1642140766658,24.761121810019894,99.98,79.1068127924467,-38.403092266645906,-20.8731872075533
19,bus_19,0.5,100.0,40.0,40.0,65.10367238612231,69.28990466395342,99.98,99.98,4.18623227783111,0.0
19,bus_19,0.5,100.0,40.0,inf,65.02483162700732,26.7846784390414,99.91046407545153,66.95053901345031,-38.240153187965916,-32.95992506200122
19,bus_19,0.5,100.0,inf,30.0,65.10543083644072,77.22093313280341,99.86258789068468,99.98,12.115502296362692,0.11741210931532464
19,bus_19,0.5,100.0,inf,40.0,65.10296298228413,44.72998467109729,99.98,97.02452432999344,-20.372978311186834,-2.955475670006564
19,bus_19,0.5,100.0,inf,inf,61.9075510491642,25.41788134149252,99.98,94.04409394731655,-36.48966970767168,-5.93590605268345
19,bus_19,0.5,500.0,20.0,30.0,99.98,99.98,99.98,99.98,0.0,0.0
19,bus_19,0.5,500.0,20.0,40.0,99.98,99.98,99.98,99.98,0.0,0.0
19,bus_19,0.5,500.0,20.0,inf,99.98,99.98,99.98,99.98,0.0,0.0
19,bus_19,0.5,500.0,30.0,30.0,99.98,99.98,99.98,99.98,0.0,0.0
19,bus_19,0.5,500.0,30.0,40.0,99.98,99.98,99.98,99.98,0.0,0.0
19,bus_19,0.5,500.0,30.0,inf,99.98,99.98,99.98,99.98,0.0,0.0
19,bus_19,0.5,500.0,40.0,30.0,99.98,99.98,99.98,99.98,0.0,0.0
19,bus_19,0.5,500.0,40.0,40.0,99.98,99.98,99.98,99.98,0.0,0.0
19,bus_19,0.5,500.0,40.0,inf,99.98,99.98,99.98,99.98,0.0,0.0
19,bus_19,0.5,500.0,inf,30.0,99.98,99.98,99.98,99.98,0.0,0.0
19,bus_19,0.5,500.0,inf,40.0,99.98,99.98,99.98,99.98,0.0,0.0
19,bus_19,0.5,500.0,inf,inf,99.98,99.98,99.98,99.98,0.0,0.0
19,bus_19,0.5,1000.0,20.0,30.0,99.98,99.98,99.98,99.98,0.0,0.0
19,bus_19,0.5,1000.0,20.0,40.0,99.98,99.98,99.98,99.98,0.0,0.0
19,bus_19,0.5,1000.0,20.0,inf,99.98,99.98,99.98,99.98,0.0,0.0
19,bus_19,0.5,1000.0,30.0,30.0,99.98,99.98,99.98,99.98,0.0,0.0
19,bus_19,0.5,1000.0,30.0,40.0,99.98,99.98,99.98,99.98,0.0,0.0
19,bus_19,0.5,1000.0,30.0,inf,99.98,99.98,99.98,99.98,0.0,0.0
19,bus_19,0.5,1000.0,40.0,30.0,99.98,99.98,99.98,99.98,0.0,0.0
19,bus_19,0.5,1000.0,40.0,40.0,99.98,99.98,99.98,99.98,0.0,0.0
19,bus_19,0.5,1000.0,40.0,inf,99.98,99.98,99.98,99.98,0.0,0.0
19,bus_19,0.5,1000.0,inf,30.0,99.98,99.98,99.98,99.98,0.0,0.0
19,bus_19,0.5,1000.0,inf,40.0,99.98,99.98,99.98,99.98,0.0,0.0
19,bus_19,0.5,1000.0,inf,inf,99.98,99.98,99.98,99.98,0.0,0.0
19,bus_19,0.5,2000.0,20.0,30.0,99.98,99.98,99.98,99.98,0.0,0.0
19,bus_19,0.5,2000.0,20.0,40.0,99.98,99.98,99.98,99.98,0.0,0.0
19,bus_19,0.5,2000.0,20.0,inf,99.98,99.98,99.98,99.98,0.0,0.0
19,bus_19,0.5,2000.0,30.0,30.0,99.98,99.98,99.98,99.98,0.0,0.0
19,bus_19,0.5,2000.0,30.0,40.0,99.98,99.98,99.98,99.98,0.0,0.0
19,bus_19,0.5,2000.0,30.0,inf,99.98,99.98,99.98,99.98,0.0,0.0
19,bus_19,0.5,2000.0,40.0,30.0,99.98,99.98,99.98,99.98,0.0,0.0
19,bus_19,0.5,2000.0,40.0,40.0,99.98,99.98,99.98,99.98,0.0,0.0
19,bus_19,0.5,2000.0,40.0,inf,99.98,99.98,99.98,99.98,0.0,0.0
19,bus_19,0.5,2000.0,inf,30.0,99.98,99.98,99.98,99.98,0.0,0.0
19,bus_19,0.5,2000.0,inf,40.0,99.98,99.98,99.98,99.98,0.0,0.0
19,bus_19,0.5,2000.0,inf,inf,99.98,99.98,99.98,99.98,0.0,0.0
19,bus_19,0.5,5000.0,20.0,30.0,99.98,99.98,99.98,99.98,0.0,0.0
19,bus_19,0.5,5000.0,20.0,40.0,99.98,99.98,99.98,99.98,0.0,0.0
19,bus_19,0.5,5000.0,20.0,inf,99.98,99.98,99.98,99.98,0.0,0.0
19,bus_19,0.5,5000.0,30.0,30.0,99.98,99.98,99.98,99.98,0.0,0.0
19,bus_19,0.5,5000.0,30.0,40.0,99.98,99.98,99.98,99.98,0.0,0.0
19,bus_19,0.5,5000.0,30.0,inf,99.98,99.98,99.98,99.98,0.0,0.0
19,bus_19,0.5,5000.0,40.0,30.0,99.98,99.98,99.98,99.98,0.0,0.0
19,bus_19,0.5,5000.0,40.0,40.0,99.98,99.98,99.98,99.98,0.0,0.0
19,bus_19,0.5,5000.0,40.0,inf,99.98,99.98,99.98,99.98,0.0,0.0
19,bus_19,0.5,5000.0,inf,30.0,99.98,99.98,99.98,99.98,0.0,0.0
19,bus_19,0.5,5000.0,inf,40.0,99.98,99.98,99.98,99.98,0.0,0.0
19,bus_19,0.5,5000.0,inf,inf,99.98,99.98,99.98,99.98,0.0,0.0
19,bus_25,0.5,100.0,20.0,30.0,61.121216229419794,8.336934281511677,95.55303797881113,85.5555657788869,-52.78428194790811,-9.997472199924232
19,bus_25,0.5,100.0,20.0,40.0,57.278549055668094,38.91815510324055,95.417757641948,99.50454899815206,-18.360393952427543,4.08679135620406
19,bus_25,0.5,100.0,20.0,inf,65.2389920460801,67.00237815249469,99.9172068449936,99.98,1.7633861064145862,0.06279315500640337
19,bus_25,0.5,100.0,30.0,30.0,69.02086228384063,75.49119392284554,99.98,99.98,6.470331639004911,0.0
19,bus_25,0.5,100.0,30.0,40.0,63.34109617442631,34.733680491737054,99.76694277882498,65.12720383913765,-28.607415682689258,-34.639738939687334
19,bus_25,0.5,100.0,30.0,inf,63.33958357015046,16.70023724035935,99.80350492598208,83.24174130711936,-46.63934632979111,-16.561763618862727
19,bus_25,0.5,100.0,40.0,30.0,67.16546822255528,71.32039049282034,99.98,99.98,4.154922270265061,0.0
19,bus_25,0.5,100.0,40.0,40.0,63.289720013521666,42.711243701764786,99.880792103941,89.21323139302753,-20.57847631175688,-10.667560710913477
19,bus_25,0.5,100.0,40.0,inf,63.33159344118475,63.21498401814281,99.98,99.71552140905565,-0.11660942304194322,-0.2644785909443499
19,bus_25,0.5,100.0,inf,30.0,63.22199418613367,62.93119491391263,99.97294382468208,99.98,-0.29079927222104374,0.007056175317927682
19,bus_25,0.5,100.0,inf,40.0,65.12845200781744,22.565700322607707,99.8824428009788,79.20662451429403,-42.56275168520973,-20.67581828668476
19,bus_25,0.5,100.0,inf,inf,61.9075510491642,17.274458797852297,99.98,69.65192603790923,-44.6330922513119,-30.32807396209077
19,bus_25,0.5,500.0,20.0,30.0,99.98,99.98,99.98,99.98,0.0,0.0
19,bus_25,0.5,500.0,20.0,40.0,99.98,99.98,99.98,99.98,0.0,0.0
19,bus_25,0.5,500.0,20.0,inf,99.98,99.98,99.98,99.98,0.0,0.0
19,bus_25,0.5,500.0,30.0,30.0,99.98,99.98,99.98,99.98,0.0,0.0
19,bus_25,0.5,500.0,30.0,40.0,99.98,99.98,99.98,99.98,0.0,0.0
19,bus_25,0.5,500.0,30.0,inf,99.98,99.98,99.98,99.98,0.0,0.0
19,bus_25,0.5,500.0,40.0,30.0,99.98,99.98,99.98,99.98,0.0,0.0
19,bus_25,0.5,500.0,40.0,40.0,99.98,99.98,99.98,99.98,0.0,0.0
19,bus_25,0.5,500.0,40.0,inf,99.98,99.98,99.98,99.98,0.0,0.0
19,bus_25,0.5,500.0,inf,30.0,99.98,99.98,99.98,99.98,0.0,0.0
19,bus_25,0.5,500.0,inf,40.0,99.98,99.98,99.98,99.98,0.0,0.0
19,bus_25,0.5,500.0,inf,inf,99.98,99.98,99.98,99.98,0.0,0.0
19,bus_25,0.5,1000.0,20.0,30.0,99.98,99.98,99.98,99.98,0.0,0.0
19,bus_25,0.5,1000.0,20.0,40.0,99.98,99.98,99.98,99.98,0.0,0.0
19,bus_25,0.5,1000.0,20.0,inf,99.98,99.98,99.98,99.98,0.0,0.0
19,bus_25,0.5,1000.0,30.0,30.0,99.98,99.98,99.98,99.98,0.0,0.0
19,bus_25,0.5,1000.0,30.0,40.0,99.98,99.98,99.98,99.98,0.0,0.0
19,bus_25,0.5,1000.0,30.0,inf,99.98,99.98,99.98,99.98,0.0,0.0
19,bus_25,0.5,1000.0,40.0,30.0,99.98,99.98,99.98,99.98,0.0,0.0
19,bus_25,0.5,1000.0,40.0,40.0,99.98,99.98,99.98,99.98,0.0,0.0
19,bus_25,0.5,1000.0,40.0,inf,99.98,99.98,99.98,99.98,0.0,0.0
19,bus_25,0.5,1000.0,inf,30.0,99.98,99.98,99.98,99.98,0.0,0.0
19,bus_25,0.5,1000.0,inf,40.0,99.98,99.98,99.98,99.98,0.0,0.0
19,bus_25,0.5,1000.0,inf,inf,99.98,99.98,99.98,99.98,0.0,0.0
19,bus_25,0.5,2000.0,20.0,30.0,99.98,99.98,99.98,99.98,0.0,0.0
19,bus_25,0.5,2000.0,20.0,40.0,99.98,99.98,99.98,99.98,0.0,0.0
19,bus_25,0.5,2000.0,20.0,inf,99.98,99.98,99.98,99.98,0.0,0.0
19,bus_25,0.5,2000.0,30.0,30.0,99.98,99.98,99.98,99.98,0.0,0.0
19,bus_25,0.5,2000.0,30.0,40.0,99.98,99.98,99.98,99.98,0.0,0.0
19,bus_25,0.5,2000.0,30.0,inf,99.98,99.98,99.98,99.98,0.0,0.0
19,bus_25,0.5,2000.0,40.0,30.0,99.98,99.98,99.98,99.98,0.0,0.0
19,bus_25,0.5,2000.0,40.0,40.0,99.98,99.98,99.98,99.98,0.0,0.0
19,bus_25,0.5,2000.0,40.0,inf,99.98,99.98,99.98,99.98,0.0,0.0
19,bus_25,0.5,2000.0,inf,30.0,99.98,99.98,99.98,99.98,0.0,0.0
19,bus_25,0.5,2000.0,inf,40.0,99.98,99.98,99.98,99.98,0.0,0.0
19,bus_25,0.5,2000.0,inf,inf,99.98,99.98,99.98,99.98,0.0,0.0
19,bus_25,0.5,5000.0,20.0,30.0,99.98,99.98,99.98,99.98,0.0,0.0
19,bus_25,0.5,5000.0,20.0,40.0,99.98,99.98,99.98,99.98,0.0,0.0
19,bus_25,0.5,5000.0,20.0,inf,99.98,99.98,99.98,99.98,0.0,0.0
19,bus_25,0.5,5000.0,30.0,30.0,99.98,99.98,99.98,99.98,0.0,0.0
19,bus_25,0.5,5000.0,30.0,40.0,99.98,99.98,99.98,99.98,0.0,0.0
19,bus_25,0.5,5000.0,30.0,inf,99.98,99.98,99.98,99.98,0.0,0.0
19,bus_25,0.5,5000.0,40.0,30.0,99.98,99.98,99.98,99.98,0.0,0.0
19,bus_25,0.5,5000.0,40.0,40.0,99.98,99.98,99.98,99.98,0.0,0.0
19,bus_25,0.5,5000.0,40.0,inf,99.98,99.98,99.98,99.98,0.0,0.0
19,bus_25,0.5,5000.0,inf,30.0,99.98,99.98,99.98,99.98,0.0,0.0
19,bus_25,0.5,5000.0,inf,40.0,99.98,99.98,99.98,99.98,0.0,0.0
19,bus_25,0.5,5000.0,inf,inf,99.98,99.98,99.98,99.98,0.0,0.0
