dataset,cell,alpha,Rx,snrV,snrI,loc_err_p1,loc_err_p2,Rx_err_p2
pscad,0,0.100,100.0,20.0,20.0,21.799065,33.672319,7.214937
pscad,1,0.100,100.0,20.0,30.0,29.632068,13.221873,7.632199
pscad,2,0.100,100.0,20.0,40.0,23.349824,73.531449,7.427643
pscad,3,0.100,100.0,20.0,inf,2.484896,52.610432,7.511561
pscad,4,0.100,100.0,30.0,20.0,14.718273,32.701356,7.598055
pscad,5,0.100,100.0,30.0,30.0,17.690741,33.045087,7.397304
pscad,6,0.100,100.0,30.0,40.0,5.243595,52.998703,7.550296
pscad,7,0.100,100.0,30.0,inf,5.133801,53.239234,7.471257
pscad,8,0.100,100.0,40.0,20.0,7.163784,43.803692,7.317212
pscad,9,0.100,100.0,40.0,30.0,0.144345,43.668576,7.521517
pscad,10,0.100,100.0,40.0,40.0,0.080835,43.654511,7.500137
pscad,11,0.100,100.0,40.0,inf,1.928498,44.011210,7.490895
pscad,12,0.100,100.0,inf,20.0,38.464747,83.785109,7.635719
pscad,13,0.100,100.0,inf,30.0,1.581916,43.391806,7.528268
pscad,14,0.100,100.0,inf,40.0,1.283335,43.527673,7.489970
pscad,15,0.100,100.0,inf,inf,0.564699,52.333045,7.502025
pscad,16,0.100,500.0,20.0,20.0,102.049808,90.974397,0.984128
pscad,17,0.100,500.0,20.0,30.0,31.881756,20.926453,1.173687
pscad,18,0.100,500.0,20.0,40.0,192.979377,183.180251,0.857809
pscad,19,0.100,500.0,20.0,inf,40.555553,21.811740,1.091715
pscad,20,0.100,500.0,30.0,20.0,253.389888,253.502591,0.881425
pscad,21,0.100,500.0,30.0,30.0,27.378068,10.096565,0.998170
pscad,22,0.100,500.0,30.0,40.0,0.477518,20.615632,0.965669
pscad,23,0.100,500.0,30.0,inf,48.346212,30.238470,0.938149
pscad,24,0.100,500.0,40.0,20.0,43.902863,31.194127,1.141523
pscad,25,0.100,500.0,40.0,30.0,17.388263,9.282528,0.928758
pscad,26,0.100,500.0,40.0,40.0,3.368255,19.942504,0.961597
pscad,27,0.100,500.0,40.0,inf,6.427992,19.267181,0.970657
pscad,28,0.100,500.0,inf,20.0,120.676606,112.259772,1.200801
pscad,29,0.100,500.0,inf,30.0,8.469486,9.747070,1.040010
pscad,30,0.100,500.0,inf,40.0,14.137335,9.676267,0.948272
pscad,31,0.100,500.0,inf,inf,14.179974,9.571888,0.957120
pscad,32,0.100,1000.0,20.0,20.0,50.000000,250.803226,12.403998
pscad,33,0.100,1000.0,20.0,30.0,284.872547,99.900000,11.024253
pscad,34,0.100,1000.0,20.0,40.0,50.000000,99.900000,11.139519
pscad,35,0.100,1000.0,20.0,inf,308.260085,99.900000,11.021976
pscad,36,0.100,1000.0,30.0,20.0,46.878739,99.900000,10.962726
pscad,37,0.100,1000.0,30.0,30.0,158.096142,99.900000,11.065977
pscad,38,0.100,1000.0,30.0,40.0,43.996232,99.900000,11.066774
pscad,39,0.100,1000.0,30.0,inf,8.801235,99.900000,11.122725
pscad,40,0.100,1000.0,40.0,20.0,75.991877,99.900000,11.107192
pscad,41,0.100,1000.0,40.0,30.0,6.418378,99.900000,11.027309
pscad,42,0.100,1000.0,40.0,40.0,50.367868,99.900000,11.038849
pscad,43,0.100,1000.0,40.0,inf,84.035926,99.900000,11.044317
pscad,44,0.100,1000.0,inf,20.0,2.242614,399.029901,12.387205
pscad,45,0.100,1000.0,inf,30.0,50.807771,99.900000,11.110844
pscad,46,0.100,1000.0,inf,40.0,29.499503,99.900000,11.026289
pscad,47,0.100,1000.0,inf,inf,48.172582,438.959594,12.139149
pscad,48,0.100,2000.0,20.0,20.0,451.719055,476.176889,1.049527
pscad,49,0.100,2000.0,20.0,30.0,50.000000,99.900000,0.987762
pscad,50,0.100,2000.0,20.0,40.0,518.717829,393.629860,1.206083
pscad,51,0.100,2000.0,20.0,inf,50.000000,98.035208,0.900393
pscad,52,0.100,2000.0,30.0,20.0,370.365031,366.320482,1.100414
pscad,53,0.100,2000.0,30.0,30.0,170.925382,211.999256,1.079863
pscad,54,0.100,2000.0,30.0,40.0,200.221560,383.367020,0.923781
pscad,55,0.100,2000.0,30.0,inf,142.455410,271.799649,1.003953
pscad,56,0.100,2000.0,40.0,20.0,50.000000,76.999073,0.812370
pscad,57,0.100,2000.0,40.0,30.0,50.000000,59.651114,1.000096
pscad,58,0.100,2000.0,40.0,40.0,36.072629,190.332358,0.982521
pscad,59,0.100,2000.0,40.0,inf,165.338731,262.101455,1.033494
pscad,60,0.100,2000.0,inf,20.0,9.250485,29.507172,1.092868
pscad,61,0.100,2000.0,inf,30.0,271.277517,313.153178,1.077569
pscad,62,0.100,2000.0,inf,40.0,116.549380,242.000584,1.006780
pscad,63,0.100,2000.0,inf,inf,135.224162,242.495963,1.021902
pscad,64,0.100,5000.0,20.0,20.0,532.042791,99.900000,5.224305
pscad,65,0.100,5000.0,20.0,30.0,50.000000,99.900000,4.553454
pscad,66,0.100,5000.0,20.0,40.0,120.745225,99.900000,4.633800
pscad,67,0.100,5000.0,20.0,inf,50.000000,99.900000,4.391465
pscad,68,0.100,5000.0,30.0,20.0,462.280158,99.900000,4.869030
pscad,69,0.100,5000.0,30.0,30.0,41.354118,99.900000,4.713677
pscad,70,0.100,5000.0,30.0,40.0,202.534751,99.900000,4.918551
pscad,71,0.100,5000.0,30.0,inf,347.554653,99.900000,4.854407
pscad,72,0.100,5000.0,40.0,20.0,741.399141,99.900000,5.094147
pscad,73,0.100,5000.0,40.0,30.0,181.090609,99.900000,4.743528
pscad,74,0.100,5000.0,40.0,40.0,209.213871,99.900000,4.709764
pscad,75,0.100,5000.0,40.0,inf,172.113711,99.900000,4.730047
pscad,76,0.100,5000.0,inf,20.0,107.962436,99.900000,4.397677
pscad,77,0.100,5000.0,inf,30.0,60.602648,99.900000,4.750716
pscad,78,0.100,5000.0,inf,40.0,202.461303,99.900000,4.736075
pscad,79,0.100,5000.0,inf,inf,182.067482,99.900000,4.748005
pscad,80,0.200,100.0,20.0,20.0,21.933834,47.300763,7.517120
pscad,81,0.200,100.0,20.0,30.0,11.910674,11.937215,7.667117
pscad,82,0.200,100.0,20.0,40.0,8.298146,16.964822,7.485766
pscad,83,0.200,100.0,20.0,inf,25.325499,52.182577,7.494939
pscad,84,0.200,100.0,30.0,20.0,2.401310,22.239933,7.465368
pscad,85,0.200,100.0,30.0,30.0,5.090623,22.061343,7.401168
pscad,86,0.200,100.0,30.0,40.0,1.854067,27.054570,7.504043
pscad,87,0.200,100.0,30.0,inf,0.968402,22.320177,7.505535
pscad,88,0.200,100.0,40.0,20.0,4.560335,21.945245,7.455833
pscad,89,0.200,100.0,40.0,30.0,3.104204,22.016576,7.498070
pscad,90,0.200,100.0,40.0,40.0,1.032403,26.897011,7.530140
pscad,91,0.200,100.0,40.0,inf,0.921920,26.938162,7.496752
pscad,92,0.200,100.0,inf,20.0,2.971503,21.829023,7.752159
pscad,93,0.200,100.0,inf,30.0,2.242045,27.071205,7.550695
pscad,94,0.200,100.0,inf,40.0,1.064087,26.965752,7.495117
pscad,95,0.200,100.0,inf,inf,0.082911,26.790176,7.502238
pscad,96,0.200,500.0,20.0,20.0,75.000000,99.950000,0.723409
pscad,97,0.200,500.0,20.0,30.0,44.457502,41.284568,0.960338
pscad,98,0.200,500.0,20.0,40.0,11.802894,14.201219,1.310139
pscad,99,0.200,500.0,20.0,inf,75.000000,99.950000,1.085318
pscad,100,0.200,500.0,30.0,20.0,36.768623,49.891796,0.870570
pscad,101,0.200,500.0,30.0,30.0,83.245289,82.192000,0.876098
pscad,102,0.200,500.0,30.0,40.0,6.758056,0.543814,0.908872
pscad,103,0.200,500.0,30.0,inf,16.227855,10.873499,0.973740
pscad,104,0.200,500.0,40.0,20.0,75.000000,95.997938,0.792612
pscad,105,0.200,500.0,40.0,30.0,36.909350,31.528235,0.995856
pscad,106,0.200,500.0,40.0,40.0,9.415643,19.007168,0.991552
pscad,107,0.200,500.0,40.0,inf,3.658191,4.079541,0.964356
pscad,108,0.200,500.0,inf,20.0,3.022477,4.023608,1.023263
pscad,109,0.200,500.0,inf,30.0,8.986947,1.101858,0.961208
pscad,110,0.200,500.0,inf,40.0,12.981855,6.033315,0.956963
pscad,111,0.200,500.0,inf,inf,4.841289,3.881860,0.956697
pscad,112,0.200,1000.0,20.0,20.0,43.943808,99.950000,10.961310
pscad,113,0.200,1000.0,20.0,30.0,75.000000,99.950000,11.060953
pscad,114,0.200,1000.0,20.0,40.0,75.000000,141.576124,12.386118
pscad,115,0.200,1000.0,20.0,inf,6.740951,99.950000,11.225643
pscad,116,0.200,1000.0,30.0,20.0,233.734521,233.724237,12.445690
pscad,117,0.200,1000.0,30.0,30.0,28.345763,99.950000,11.117523
pscad,118,0.200,1000.0,30.0,40.0,23.016657,99.950000,11.032088
pscad,119,0.200,1000.0,30.0,inf,28.551272,99.950000,11.088899
pscad,120,0.200,1000.0,40.0,20.0,21.281924,99.950000,11.132705
pscad,121,0.200,1000.0,40.0,30.0,38.406765,99.950000,11.013937
pscad,122,0.200,1000.0,40.0,40.0,8.132040,99.950000,11.068907
pscad,123,0.200,1000.0,40.0,inf,26.042232,99.950000,11.043755
pscad,124,0.200,1000.0,inf,20.0,15.612177,99.950000,11.009710
pscad,125,0.200,1000.0,inf,30.0,2.790766,99.950000,11.076011
pscad,126,0.200,1000.0,inf,40.0,13.206074,99.950000,11.064336
pscad,127,0.200,1000.0,inf,inf,18.127720,182.479063,12.114449
pscad,128,0.200,2000.0,20.0,20.0,20.015162,80.843214,1.011872
pscad,129,0.200,2000.0,20.0,30.0,49.628281,95.522134,0.827066
pscad,130,0.200,2000.0,20.0,40.0,186.566430,188.757955,1.063060
pscad,131,0.200,2000.0,20.0,inf,75.000000,99.950000,1.114720
pscad,132,0.200,2000.0,30.0,20.0,75.000000,99.950000,1.120757
pscad,133,0.200,2000.0,30.0,30.0,21.796546,26.278447,1.097111
pscad,134,0.200,2000.0,30.0,40.0,28.967051,85.852612,1.019193
pscad,135,0.200,2000.0,30.0,inf,38.039777,91.335928,1.022012
pscad,136,0.200,2000.0,40.0,20.0,213.618874,208.370539,1.065090
pscad,137,0.200,2000.0,40.0,30.0,173.132226,212.626239,0.957775
pscad,138,0.200,2000.0,40.0,40.0,50.010657,106.581935,1.012270
pscad,139,0.200,2000.0,40.0,inf,57.793762,117.320561,0.998279
pscad,140,0.200,2000.0,inf,20.0,262.006131,259.080819,0.930945
pscad,141,0.200,2000.0,inf,30.0,126.808943,152.288286,1.052773
pscad,142,0.200,2000.0,inf,40.0,68.794669,132.408027,0.984158
pscad,143,0.200,2000.0,inf,inf,56.642674,112.088366,1.009350
pscad,144,0.200,5000.0,20.0,20.0,219.148077,99.950000,5.476793
pscad,145,0.200,5000.0,20.0,30.0,75.000000,99.950000,4.464748
pscad,146,0.200,5000.0,20.0,40.0,73.427839,99.950000,4.855054
pscad,147,0.200,5000.0,20.0,inf,16.112131,99.950000,4.842718
pscad,148,0.200,5000.0,30.0,20.0,135.390374,99.950000,4.879027
pscad,149,0.200,5000.0,30.0,30.0,24.536017,99.950000,4.594516
pscad,150,0.200,5000.0,30.0,40.0,24.525002,99.950000,4.642426
pscad,151,0.200,5000.0,30.0,inf,150.441285,99.950000,4.896771
pscad,152,0.200,5000.0,40.0,20.0,96.655231,99.950000,4.622304
pscad,153,0.200,5000.0,40.0,30.0,51.713729,99.950000,4.803196
pscad,154,0.200,5000.0,40.0,40.0,82.348418,99.950000,4.818150
pscad,155,0.200,5000.0,40.0,inf,28.457189,99.950000,4.730197
pscad,156,0.200,5000.0,inf,20.0,75.000000,99.950000,4.847392
pscad,157,0.200,5000.0,inf,30.0,52.788222,99.950000,4.645439
pscad,158,0.200,5000.0,inf,40.0,49.236816,99.950000,4.729773
pscad,159,0.200,5000.0,inf,inf,62.680218,99.950000,4.775352
pscad,160,0.300,100.0,20.0,20.0,10.765882,5.149267,7.520333
pscad,161,0.300,100.0,20.0,30.0,7.778448,8.672716,7.431058
pscad,162,0.300,100.0,20.0,40.0,2.131732,15.117878,7.493608
pscad,163,0.300,100.0,20.0,inf,2.031029,14.994469,7.658019
pscad,164,0.300,100.0,30.0,20.0,1.034629,15.288907,7.492305
pscad,165,0.300,100.0,30.0,30.0,3.656006,21.736538,7.494209
pscad,166,0.300,100.0,30.0,40.0,0.041041,18.255302,7.513419
pscad,167,0.300,100.0,30.0,inf,1.995406,15.066033,7.547914
pscad,168,0.300,100.0,40.0,20.0,11.956062,5.040923,7.482176
pscad,169,0.300,100.0,40.0,30.0,1.484646,15.154014,7.534536
pscad,170,0.300,100.0,40.0,40.0,1.092242,15.239405,7.508759
pscad,171,0.300,100.0,40.0,inf,0.849544,18.403710,7.508658
pscad,172,0.300,100.0,inf,20.0,1.405128,18.355776,7.391819
pscad,173,0.300,100.0,inf,30.0,2.791790,21.723914,7.447150
pscad,174,0.300,100.0,inf,40.0,0.177153,18.254880,7.505299
pscad,175,0.300,100.0,inf,inf,0.102864,18.273595,7.502385
pscad,176,0.300,500.0,20.0,20.0,1.550895,2.093315,0.775874
pscad,177,0.300,500.0,20.0,30.0,83.333333,99.966667,0.935271
pscad,178,0.300,500.0,20.0,40.0,42.327737,41.691049,1.074140
pscad,179,0.300,500.0,20.0,inf,32.605715,31.665329,0.995418
pscad,180,0.300,500.0,30.0,20.0,14.559716,19.245304,0.772105
pscad,181,0.300,500.0,30.0,30.0,16.714356,14.822475,0.874902
pscad,182,0.300,500.0,30.0,40.0,12.542818,11.199338,0.962660
pscad,183,0.300,500.0,30.0,inf,23.675376,24.441369,0.978723
pscad,184,0.300,500.0,40.0,20.0,41.773201,44.721838,0.911189
pscad,185,0.300,500.0,40.0,30.0,1.276772,2.102958,0.908449
pscad,186,0.300,500.0,40.0,40.0,0.719004,2.194487,0.948493
pscad,187,0.300,500.0,40.0,inf,4.527863,1.312453,0.936846
pscad,188,0.300,500.0,inf,20.0,20.155152,22.585335,1.179760
pscad,189,0.300,500.0,inf,30.0,5.274144,8.896797,0.969128
pscad,190,0.300,500.0,inf,40.0,10.489915,8.021353,0.955830
pscad,191,0.300,500.0,inf,inf,1.906985,0.827851,0.956325
pscad,192,0.300,1000.0,20.0,20.0,66.313198,99.966667,11.181957
pscad,193,0.300,1000.0,20.0,30.0,8.333369,85.584890,12.325961
pscad,194,0.300,1000.0,20.0,40.0,44.161006,99.966667,11.071174
pscad,195,0.300,1000.0,20.0,inf,53.900371,99.966667,11.045811
pscad,196,0.300,1000.0,30.0,20.0,16.845816,99.966667,11.104773
pscad,197,0.300,1000.0,30.0,30.0,14.540584,99.966667,11.062364
pscad,198,0.300,1000.0,30.0,40.0,6.909752,99.966667,11.032012
pscad,199,0.300,1000.0,30.0,inf,14.094214,99.966667,11.030952
pscad,200,0.300,1000.0,40.0,20.0,83.333333,99.966667,11.077302
pscad,201,0.300,1000.0,40.0,30.0,7.606226,99.966667,11.136870
pscad,202,0.300,1000.0,40.0,40.0,7.946421,99.966667,11.074895
pscad,203,0.300,1000.0,40.0,inf,8.048329,99.966667,11.080714
pscad,204,0.300,1000.0,inf,20.0,165.556164,99.966667,11.150655
pscad,205,0.300,1000.0,inf,30.0,42.820279,99.966667,11.135084
pscad,206,0.300,1000.0,inf,40.0,13.554432,99.966667,11.068101
pscad,207,0.300,1000.0,inf,inf,8.936333,98.094390,12.094926
pscad,208,0.300,2000.0,20.0,20.0,83.333333,99.966667,1.065545
pscad,209,0.300,2000.0,20.0,30.0,72.833155,62.247640,1.119895
pscad,210,0.300,2000.0,20.0,40.0,78.355703,23.381683,0.966769
pscad,211,0.300,2000.0,20.0,inf,216.666667,233.300000,1.261934
pscad,212,0.300,2000.0,30.0,20.0,13.690086,98.789086,1.258814
pscad,213,0.300,2000.0,30.0,30.0,162.382427,146.913385,0.928143
pscad,214,0.300,2000.0,30.0,40.0,47.865289,71.819903,1.025413
pscad,215,0.300,2000.0,30.0,inf,27.071154,20.961513,0.985499
pscad,216,0.300,2000.0,40.0,20.0,83.333333,23.202199,0.939749
pscad,217,0.300,2000.0,40.0,30.0,42.336357,45.017704,1.097670
pscad,218,0.300,2000.0,40.0,40.0,49.462066,78.230689,1.007561
pscad,219,0.300,2000.0,40.0,inf,19.668709,61.619393,0.980606
pscad,220,0.300,2000.0,inf,20.0,59.109058,59.337121,1.083853
pscad,221,0.300,2000.0,inf,30.0,45.637108,65.204749,1.042652
pscad,222,0.300,2000.0,inf,40.0,50.957895,88.141066,0.966530
pscad,223,0.300,2000.0,inf,inf,32.775415,68.130327,0.998042
pscad,224,0.300,5000.0,20.0,20.0,57.693187,99.966667,4.938630
pscad,225,0.300,5000.0,20.0,30.0,111.439151,99.966667,5.315506
pscad,226,0.300,5000.0,20.0,40.0,66.974800,99.966667,4.223578
pscad,227,0.300,5000.0,20.0,inf,111.305460,99.966667,5.298313
pscad,228,0.300,5000.0,30.0,20.0,11.166608,99.966667,4.801985
pscad,229,0.300,5000.0,30.0,30.0,8.036936,99.966667,4.730891
pscad,230,0.300,5000.0,30.0,40.0,10.504797,99.966667,4.808504
pscad,231,0.300,5000.0,30.0,inf,41.003391,99.966667,4.814304
pscad,232,0.300,5000.0,40.0,20.0,109.097611,99.966667,5.026035
pscad,233,0.300,5000.0,40.0,30.0,27.841475,99.966667,4.729501
pscad,234,0.300,5000.0,40.0,40.0,12.344343,99.966667,4.771227
pscad,235,0.300,5000.0,40.0,inf,19.322461,99.966667,4.777989
pscad,236,0.300,5000.0,inf,20.0,83.333333,99.966667,5.027086
pscad,237,0.300,5000.0,inf,30.0,8.723559,99.966667,4.815517
pscad,238,0.300,5000.0,inf,40.0,20.696634,99.966667,4.785975
pscad,239,0.300,5000.0,inf,inf,22.339835,99.966667,4.799173
pscad,240,0.400,100.0,20.0,20.0,14.065765,29.402332,7.354914
pscad,241,0.400,100.0,20.0,30.0,0.156905,14.087933,7.469090
pscad,242,0.400,100.0,20.0,40.0,5.168717,6.724386,7.609565
pscad,243,0.400,100.0,20.0,inf,0.649177,11.709645,7.608194
pscad,244,0.400,100.0,30.0,20.0,0.513664,14.323961,7.401435
pscad,245,0.400,100.0,30.0,30.0,1.779161,14.279216,7.522748
pscad,246,0.400,100.0,30.0,40.0,1.451396,11.614961,7.548332
pscad,247,0.400,100.0,30.0,inf,1.580241,14.262352,7.515725
pscad,248,0.400,100.0,40.0,20.0,5.495393,8.983615,7.462084
pscad,249,0.400,100.0,40.0,30.0,0.033021,14.070514,7.487493
pscad,250,0.400,100.0,40.0,40.0,1.927090,11.602922,7.501410
pscad,251,0.400,100.0,40.0,inf,0.554983,14.103468,7.516545
pscad,252,0.400,100.0,inf,20.0,8.292441,21.600509,7.717573
pscad,253,0.400,100.0,inf,30.0,2.198996,11.629449,7.466656
pscad,254,0.400,100.0,inf,40.0,1.076987,11.727908,7.504135
pscad,255,0.400,100.0,inf,inf,0.211805,16.150024,7.508871
pscad,256,0.400,500.0,20.0,20.0,8.996346,8.693806,1.121311
pscad,257,0.400,500.0,20.0,30.0,21.309449,21.853155,0.840378
pscad,258,0.400,500.0,20.0,40.0,8.619623,11.272017,0.800320
pscad,259,0.400,500.0,20.0,inf,38.437199,41.818839,0.926508
pscad,260,0.400,500.0,30.0,20.0,15.587537,16.604462,0.978741
pscad,261,0.400,500.0,30.0,30.0,7.525765,6.670750,0.919107
pscad,262,0.400,500.0,30.0,40.0,0.013386,0.968943,0.977720
pscad,263,0.400,500.0,30.0,inf,4.655036,6.126453,0.909745
pscad,264,0.400,500.0,40.0,20.0,80.260465,92.032738,0.873675
pscad,265,0.400,500.0,40.0,30.0,19.878739,21.433728,0.974942
pscad,266,0.400,500.0,40.0,40.0,1.982372,3.456215,0.959488
pscad,267,0.400,500.0,40.0,inf,0.687061,1.203075,0.927418
pscad,268,0.400,500.0,inf,20.0,20.816771,23.928597,0.884753
pscad,269,0.400,500.0,inf,30.0,6.496577,6.392858,0.958836
pscad,270,0.400,500.0,inf,40.0,8.087896,8.886859,0.928014
pscad,271,0.400,500.0,inf,inf,0.541484,1.093080,0.956474
pscad,272,0.400,1000.0,20.0,20.0,104.300506,77.200364,12.378285
pscad,273,0.400,1000.0,20.0,30.0,129.748950,99.975000,11.065887
pscad,274,0.400,1000.0,20.0,40.0,33.371943,99.975000,11.106282
pscad,275,0.400,1000.0,20.0,inf,137.500000,149.975000,11.098193
pscad,276,0.400,1000.0,30.0,20.0,17.752980,99.975000,11.053569
pscad,277,0.400,1000.0,30.0,30.0,16.441030,99.975000,11.082429
pscad,278,0.400,1000.0,30.0,40.0,6.325675,99.975000,11.061908
pscad,279,0.400,1000.0,30.0,inf,18.498553,99.975000,11.043237
pscad,280,0.400,1000.0,40.0,20.0,43.807676,99.975000,11.014725
pscad,281,0.400,1000.0,40.0,30.0,7.420381,99.975000,11.068199
pscad,282,0.400,1000.0,40.0,40.0,7.018661,99.975000,11.060534
pscad,283,0.400,1000.0,40.0,inf,16.355354,99.975000,11.073369
pscad,284,0.400,1000.0,inf,20.0,16.996762,99.975000,11.208110
pscad,285,0.400,1000.0,inf,30.0,11.729750,99.975000,11.078997
pscad,286,0.400,1000.0,inf,40.0,9.447869,99.975000,11.097221
pscad,287,0.400,1000.0,inf,inf,4.904977,55.751620,12.080112
pscad,288,0.400,2000.0,20.0,20.0,60.597937,82.825714,0.648381
pscad,289,0.400,2000.0,20.0,30.0,69.237549,22.588570,0.683154
pscad,290,0.400,2000.0,20.0,40.0,137.500000,116.697878,0.742835
pscad,291,0.400,2000.0,20.0,inf,6.542409,38.410568,0.892311
pscad,292,0.400,2000.0,30.0,20.0,16.171544,6.377439,1.074871
pscad,293,0.400,2000.0,30.0,30.0,76.056533,64.588937,1.070955
pscad,294,0.400,2000.0,30.0,40.0,88.493005,74.594340,1.047382
pscad,295,0.400,2000.0,30.0,inf,58.406144,54.526400,1.062132
pscad,296,0.400,2000.0,40.0,20.0,137.500000,149.975000,1.153057
pscad,297,0.400,2000.0,40.0,30.0,12.573319,41.315475,0.957895
pscad,298,0.400,2000.0,40.0,40.0,43.215142,54.407140,0.994508
pscad,299,0.400,2000.0,40.0,inf,17.232396,38.656837,1.000253
pscad,300,0.400,2000.0,inf,20.0,87.500000,65.328117,0.978845
pscad,301,0.400,2000.0,inf,30.0,14.994218,11.109366,1.012205
pscad,302,0.400,2000.0,inf,40.0,12.242379,38.718409,0.976083
pscad,303,0.400,2000.0,inf,inf,22.936693,43.885648,0.987191
pscad,304,0.400,5000.0,20.0,20.0,87.500000,99.975000,5.232214
pscad,305,0.400,5000.0,20.0,30.0,34.363505,99.975000,5.109429
pscad,306,0.400,5000.0,20.0,40.0,23.308915,99.975000,4.577607
pscad,307,0.400,5000.0,20.0,inf,87.500000,99.975000,5.156477
pscad,308,0.400,5000.0,30.0,20.0,87.500000,99.975000,4.543482
pscad,309,0.400,5000.0,30.0,30.0,3.387770,99.975000,4.808256
pscad,310,0.400,5000.0,30.0,40.0,24.028607,99.975000,4.720366
pscad,311,0.400,5000.0,30.0,inf,27.867189,99.975000,4.798615
pscad,312,0.400,5000.0,40.0,20.0,78.394032,99.975000,4.457841
pscad,313,0.400,5000.0,40.0,30.0,38.312046,99.975000,4.815865
pscad,314,0.400,5000.0,40.0,40.0,4.323801,99.975000,4.823418
pscad,315,0.400,5000.0,40.0,inf,7.253401,99.975000,4.806652
pscad,316,0.400,5000.0,inf,20.0,137.500000,99.975000,5.076060
pscad,317,0.400,5000.0,inf,30.0,12.452428,99.975000,4.692782
pscad,318,0.400,5000.0,inf,40.0,7.602212,99.975000,4.817898
pscad,319,0.400,5000.0,inf,inf,1.251485,99.975000,4.819469
pscad,320,0.500,100.0,20.0,20.0,12.957363,23.655209,7.672140
pscad,321,0.500,100.0,20.0,30.0,1.116229,9.505614,7.622667
pscad,322,0.500,100.0,20.0,40.0,5.260402,7.363445,7.436409
pscad,323,0.500,100.0,20.0,inf,1.019451,13.463488,7.450137
pscad,324,0.500,100.0,30.0,20.0,2.846740,13.562590,7.591539
pscad,325,0.500,100.0,30.0,30.0,0.837543,9.563078,7.594999
pscad,326,0.500,100.0,30.0,40.0,1.202601,13.469518,7.463274
pscad,327,0.500,100.0,30.0,inf,1.149850,9.560001,7.529821
pscad,328,0.500,100.0,40.0,20.0,3.169189,15.514922,7.449013
pscad,329,0.500,100.0,40.0,30.0,0.018296,11.534375,7.480068
pscad,330,0.500,100.0,40.0,40.0,1.624947,9.555160,7.487983
pscad,331,0.500,100.0,40.0,inf,0.548690,11.576610,7.507307
pscad,332,0.500,100.0,inf,20.0,3.678454,15.686140,7.393104
pscad,333,0.500,100.0,inf,30.0,1.359018,9.626862,7.468994
pscad,334,0.500,100.0,inf,40.0,0.060094,11.518667,7.496925
pscad,335,0.500,100.0,inf,inf,0.287733,13.164154,7.509120
pscad,336,0.500,500.0,20.0,20.0,17.589996,27.422715,0.678965
pscad,337,0.500,500.0,20.0,30.0,22.436149,29.437144,0.834977
pscad,338,0.500,500.0,20.0,40.0,7.347176,9.355773,0.966878
pscad,339,0.500,500.0,20.0,inf,14.773082,15.199579,1.170174
pscad,340,0.500,500.0,30.0,20.0,4.590555,2.646730,0.815358
pscad,341,0.500,500.0,30.0,30.0,9.838320,8.974703,0.990628
pscad,342,0.500,500.0,30.0,40.0,1.783624,0.746199,0.974698
pscad,343,0.500,500.0,30.0,inf,4.462320,3.049724,1.045056
pscad,344,0.500,500.0,40.0,20.0,19.235703,17.107648,0.710889
pscad,345,0.500,500.0,40.0,30.0,0.340401,1.283883,0.933910
pscad,346,0.500,500.0,40.0,40.0,1.695635,0.695685,0.957117
pscad,347,0.500,500.0,40.0,inf,0.439947,3.091153,0.943631
pscad,348,0.500,500.0,inf,20.0,32.589606,43.733542,0.717323
pscad,349,0.500,500.0,inf,30.0,5.561859,7.148708,1.049685
pscad,350,0.500,500.0,inf,40.0,0.263213,1.312523,0.973922
pscad,351,0.500,500.0,inf,inf,0.224118,1.258102,0.956737
pscad,352,0.500,1000.0,20.0,20.0,36.612890,99.980000,11.170541
pscad,353,0.500,1000.0,20.0,30.0,1.125121,99.980000,11.346861
pscad,354,0.500,1000.0,20.0,40.0,66.823991,99.980000,10.978492
pscad,355,0.500,1000.0,20.0,inf,61.070846,99.980000,11.142325
pscad,356,0.500,1000.0,30.0,20.0,11.988369,28.141318,12.446926
pscad,357,0.500,1000.0,30.0,30.0,1.226180,99.980000,11.122292
pscad,358,0.500,1000.0,30.0,40.0,10.709878,99.980000,11.104195
pscad,359,0.500,1000.0,30.0,inf,12.851933,99.980000,11.120999
pscad,360,0.500,1000.0,40.0,20.0,1.061698,99.980000,11.314651
pscad,361,0.500,1000.0,40.0,30.0,10.017591,99.980000,11.122276
pscad,362,0.500,1000.0,40.0,40.0,6.846121,99.980000,11.081899
pscad,363,0.500,1000.0,40.0,inf,0.994109,99.980000,11.078152
pscad,364,0.500,1000.0,inf,20.0,31.955490,99.980000,11.083375
pscad,365,0.500,1000.0,inf,30.0,7.846071,99.980000,11.131499
pscad,366,0.500,1000.0,inf,40.0,2.763768,99.980000,11.088718
pscad,367,0.500,1000.0,inf,inf,2.886337,29.495245,12.069962
pscad,368,0.500,2000.0,20.0,20.0,90.000000,99.980000,0.632371
pscad,369,0.500,2000.0,20.0,30.0,90.000000,99.980000,0.983659
pscad,370,0.500,2000.0,20.0,40.0,90.000000,99.980000,1.073112
pscad,371,0.500,2000.0,20.0,inf,34.109704,23.113226,0.646345
pscad,372,0.500,2000.0,30.0,20.0,90.000000,86.189780,0.882921
pscad,373,0.500,2000.0,30.0,30.0,23.555323,27.547753,1.008421
pscad,374,0.500,2000.0,30.0,40.0,71.958144,52.141820,0.991622
pscad,375,0.500,2000.0,30.0,inf,1.520629,15.455317,0.993662
pscad,376,0.500,2000.0,40.0,20.0,36.813489,27.642524,1.084737
pscad,377,0.500,2000.0,40.0,30.0,41.044135,35.686576,1.027045
pscad,378,0.500,2000.0,40.0,40.0,54.370546,43.840716,1.005372
pscad,379,0.500,2000.0,40.0,inf,6.110792,19.348807,0.988509
pscad,380,0.500,2000.0,inf,20.0,60.683856,45.654105,1.040008
pscad,381,0.500,2000.0,inf,30.0,69.867493,53.843528,0.929640
pscad,382,0.500,2000.0,inf,40.0,21.723528,29.249299,0.986696
pscad,383,0.500,2000.0,inf,inf,18.988134,27.579891,0.977614
pscad,384,0.500,5000.0,20.0,20.0,90.000000,99.980000,5.459579
pscad,385,0.500,5000.0,20.0,30.0,7.559891,99.980000,4.731216
pscad,386,0.500,5000.0,20.0,40.0,90.000000,99.980000,5.104272
pscad,387,0.500,5000.0,20.0,inf,36.092668,99.980000,4.677418
pscad,388,0.500,5000.0,30.0,20.0,90.000000,99.980000,4.455245
pscad,389,0.500,5000.0,30.0,30.0,17.397865,99.980000,4.800780
pscad,390,0.500,5000.0,30.0,40.0,32.656002,99.980000,4.798200
pscad,391,0.500,5000.0,30.0,inf,23.156816,99.980000,4.805455
pscad,392,0.500,5000.0,40.0,20.0,90.000000,99.980000,4.776018
pscad,393,0.500,5000.0,40.0,30.0,17.874573,99.980000,4.928516
pscad,394,0.500,5000.0,40.0,40.0,26.409412,99.980000,4.779536
pscad,395,0.500,5000.0,40.0,inf,9.174532,99.980000,4.842239
pscad,396,0.500,5000.0,inf,20.0,19.198602,99.980000,4.789080
pscad,397,0.500,5000.0,inf,30.0,8.746434,99.980000,4.851104
pscad,398,0.500,5000.0,inf,40.0,8.361822,99.980000,4.835365
pscad,399,0.500,5000.0,inf,inf,12.459563,99.980000,4.836241
pscad,400,0.600,100.0,20.0,20.0,0.528721,9.953557,7.341546
pscad,401,0.600,100.0,20.0,30.0,5.735603,6.385970,7.276832
pscad,402,0.600,100.0,20.0,40.0,4.136743,13.168360,7.657400
pscad,403,0.600,100.0,20.0,inf,2.528962,13.087783,7.480965
pscad,404,0.600,100.0,30.0,20.0,0.880266,9.747082,7.447420
pscad,405,0.600,100.0,30.0,30.0,0.411416,11.439032,7.320771
pscad,406,0.600,100.0,30.0,40.0,2.966370,6.517673,7.477301
pscad,407,0.600,100.0,30.0,inf,1.431018,8.158019,7.497274
pscad,408,0.600,100.0,40.0,20.0,5.367249,6.408921,7.299027
pscad,409,0.600,100.0,40.0,30.0,1.403061,8.226360,7.452093
pscad,410,0.600,100.0,40.0,40.0,0.871430,9.697085,7.483092
pscad,411,0.600,100.0,40.0,inf,0.951557,9.682451,7.484719
pscad,412,0.600,100.0,inf,20.0,6.014717,16.387073,7.550902
pscad,413,0.600,100.0,inf,30.0,0.088118,9.690479,7.584179
pscad,414,0.600,100.0,inf,40.0,1.374670,8.191915,7.479434
pscad,415,0.600,100.0,inf,inf,0.345278,11.172297,7.509395
pscad,416,0.600,500.0,20.0,20.0,6.364387,5.500093,1.056359
pscad,417,0.600,500.0,20.0,30.0,27.773570,33.086635,0.999742
pscad,418,0.600,500.0,20.0,40.0,36.950520,37.543532,0.959076
pscad,419,0.600,500.0,20.0,inf,36.692999,41.459613,1.054804
pscad,420,0.600,500.0,30.0,20.0,4.262680,2.447224,1.105544
pscad,421,0.600,500.0,30.0,30.0,9.439173,7.265747,0.966922
pscad,422,0.600,500.0,30.0,40.0,0.134237,2.741563,1.008375
pscad,423,0.600,500.0,30.0,inf,6.684145,4.005297,0.987694
pscad,424,0.600,500.0,40.0,20.0,16.291550,21.394682,0.941845
pscad,425,0.600,500.0,40.0,30.0,15.383465,13.998299,0.985756
pscad,426,0.600,500.0,40.0,40.0,0.103929,2.951003,0.947684
pscad,427,0.600,500.0,40.0,inf,3.355094,6.313033,0.962325
pscad,428,0.600,500.0,inf,20.0,0.894725,2.768112,1.068399
pscad,429,0.600,500.0,inf,30.0,9.588585,12.973969,0.991176
pscad,430,0.600,500.0,inf,40.0,1.650397,1.129747,0.983766
pscad,431,0.600,500.0,inf,inf,0.713316,2.772715,0.958131
pscad,432,0.600,1000.0,20.0,20.0,30.615628,99.983333,10.982425
pscad,433,0.600,1000.0,20.0,30.0,41.436737,99.983333,10.975289
pscad,434,0.600,1000.0,20.0,40.0,26.097976,99.983333,11.001586
pscad,435,0.600,1000.0,20.0,inf,87.636483,99.983333,11.108386
pscad,436,0.600,1000.0,30.0,20.0,58.333333,66.650000,11.037366
pscad,437,0.600,1000.0,30.0,30.0,2.577557,99.983333,11.091264
pscad,438,0.600,1000.0,30.0,40.0,3.576613,99.983333,11.063535
pscad,439,0.600,1000.0,30.0,inf,0.655610,99.983333,11.044452
pscad,440,0.600,1000.0,40.0,20.0,56.783930,66.650000,10.988121
pscad,441,0.600,1000.0,40.0,30.0,7.470836,99.983333,11.079549
pscad,442,0.600,1000.0,40.0,40.0,3.426191,99.983333,11.083175
pscad,443,0.600,1000.0,40.0,inf,2.687995,99.983333,11.093415
pscad,444,0.600,1000.0,inf,20.0,19.495113,99.983333,11.095861
pscad,445,0.600,1000.0,inf,30.0,1.416163,99.983333,11.034229
pscad,446,0.600,1000.0,inf,40.0,4.879931,99.983333,11.087594
pscad,447,0.600,1000.0,inf,inf,1.815059,11.923013,12.064709
pscad,448,0.600,2000.0,20.0,20.0,75.857723,93.161752,1.144722
pscad,449,0.600,2000.0,20.0,30.0,58.333333,41.550692,1.216157
pscad,450,0.600,2000.0,20.0,40.0,48.787655,24.604817,0.978047
pscad,451,0.600,2000.0,20.0,inf,34.359006,26.983047,0.824624
pscad,452,0.600,2000.0,30.0,20.0,58.333333,35.593585,0.662792
pscad,453,0.600,2000.0,30.0,30.0,36.270902,25.258296,0.929384
pscad,454,0.600,2000.0,30.0,40.0,56.117817,33.399069,0.939587
pscad,455,0.600,2000.0,30.0,inf,10.430939,11.171865,1.005358
pscad,456,0.600,2000.0,40.0,20.0,42.491466,12.533415,0.904186
pscad,457,0.600,2000.0,40.0,30.0,18.962328,18.385088,0.925345
pscad,458,0.600,2000.0,40.0,40.0,15.284912,14.683488,0.982902
pscad,459,0.600,2000.0,40.0,inf,25.971999,19.741939,0.986239
pscad,460,0.600,2000.0,inf,20.0,58.333333,66.650000,0.872809
pscad,461,0.600,2000.0,inf,30.0,2.959466,9.639014,0.960290
pscad,462,0.600,2000.0,inf,40.0,33.241721,23.016093,0.995581
pscad,463,0.600,2000.0,inf,inf,18.147428,16.476349,0.970464
pscad,464,0.600,5000.0,20.0,20.0,91.666667,99.983333,5.200534
pscad,465,0.600,5000.0,20.0,30.0,24.432001,99.983333,4.747191
pscad,466,0.600,5000.0,20.0,40.0,64.798385,99.983333,4.799669
pscad,467,0.600,5000.0,20.0,inf,51.886965,99.983333,4.687926
pscad,468,0.600,5000.0,30.0,20.0,56.238679,99.983333,4.424277
pscad,469,0.600,5000.0,30.0,30.0,58.853747,99.983333,4.638714
pscad,470,0.600,5000.0,30.0,40.0,29.663321,99.983333,4.812357
pscad,471,0.600,5000.0,30.0,inf,36.803412,99.983333,4.815221
pscad,472,0.600,5000.0,40.0,20.0,91.666667,99.983333,4.858285
pscad,473,0.600,5000.0,40.0,30.0,33.194935,99.983333,4.709858
pscad,474,0.600,5000.0,40.0,40.0,34.910432,99.983333,4.817587
pscad,475,0.600,5000.0,40.0,inf,27.484915,99.983333,4.810442
pscad,476,0.600,5000.0,inf,20.0,4.288708,99.983333,4.956834
pscad,477,0.600,5000.0,inf,30.0,33.837276,99.983333,4.802987
pscad,478,0.600,5000.0,inf,40.0,23.910220,99.983333,4.855768
pscad,479,0.600,5000.0,inf,inf,22.629323,99.983333,4.849489
pscad,480,0.700,100.0,20.0,20.0,2.700231,5.603622,7.617119
pscad,481,0.700,100.0,20.0,30.0,0.348346,8.571845,7.559928
pscad,482,0.700,100.0,20.0,40.0,1.967208,5.694988,7.673958
pscad,483,0.700,100.0,20.0,inf,2.819574,11.511790,7.477010
pscad,484,0.700,100.0,30.0,20.0,0.318731,7.165164,7.695600
pscad,485,0.700,100.0,30.0,30.0,0.719781,8.518289,7.472301
pscad,486,0.700,100.0,30.0,40.0,1.362299,8.468941,7.434067
pscad,487,0.700,100.0,30.0,inf,1.229092,7.167000,7.507866
pscad,488,0.700,100.0,40.0,20.0,2.635153,5.599942,7.648986
pscad,489,0.700,100.0,40.0,30.0,0.538456,8.517568,7.494712
pscad,490,0.700,100.0,40.0,40.0,0.557716,9.892159,7.511635
pscad,491,0.700,100.0,40.0,inf,0.977657,8.445052,7.498625
pscad,492,0.700,100.0,inf,20.0,0.811343,9.969492,7.481662
pscad,493,0.700,100.0,inf,30.0,0.062753,8.534572,7.554489
pscad,494,0.700,100.0,inf,40.0,0.150921,8.575179,7.496234
pscad,495,0.700,100.0,inf,inf,0.390829,9.748451,7.509721
pscad,496,0.700,500.0,20.0,20.0,11.375170,25.749438,0.630323
pscad,497,0.700,500.0,20.0,30.0,1.599672,6.847659,0.932723
pscad,498,0.700,500.0,20.0,40.0,6.435681,4.697796,1.088595
pscad,499,0.700,500.0,20.0,inf,9.176231,14.157271,0.961348
pscad,500,0.700,500.0,30.0,20.0,7.185137,4.572486,0.991779
pscad,501,0.700,500.0,30.0,30.0,5.459494,9.922958,0.944528
pscad,502,0.700,500.0,30.0,40.0,2.390275,5.435771,1.038105
pscad,503,0.700,500.0,30.0,inf,10.009530,7.429162,0.967754
pscad,504,0.700,500.0,40.0,20.0,25.534244,26.796890,1.229951
pscad,505,0.700,500.0,40.0,30.0,1.063272,2.669377,0.954947
pscad,506,0.700,500.0,40.0,40.0,1.172185,5.496017,0.952477
pscad,507,0.700,500.0,40.0,inf,1.485813,5.483987,0.973339
pscad,508,0.700,500.0,inf,20.0,25.394051,23.490787,0.978516
pscad,509,0.700,500.0,inf,30.0,1.513767,6.882877,0.917845
pscad,510,0.700,500.0,inf,40.0,1.730333,2.555849,0.952467
pscad,511,0.700,500.0,inf,inf,1.066058,2.656191,0.958976
pscad,512,0.700,1000.0,20.0,20.0,31.153890,99.985714,11.048613
pscad,513,0.700,1000.0,20.0,30.0,6.973575,99.985714,11.017871
pscad,514,0.700,1000.0,20.0,40.0,34.191413,99.985714,11.164476
pscad,515,0.700,1000.0,20.0,inf,29.747985,99.985714,11.215750
pscad,516,0.700,1000.0,30.0,20.0,11.847195,99.985714,11.116978
pscad,517,0.700,1000.0,30.0,30.0,32.098689,99.985714,11.040947
pscad,518,0.700,1000.0,30.0,40.0,1.470227,99.985714,11.093989
pscad,519,0.700,1000.0,30.0,inf,11.304819,99.985714,10.994506
pscad,520,0.700,1000.0,40.0,20.0,37.988094,99.985714,11.023400
pscad,521,0.700,1000.0,40.0,30.0,7.927455,99.985714,11.058629
pscad,522,0.700,1000.0,40.0,40.0,1.273795,99.985714,11.077634
pscad,523,0.700,1000.0,40.0,inf,3.772083,99.985714,11.104639
pscad,524,0.700,1000.0,inf,20.0,39.643831,99.985714,11.110599
pscad,525,0.700,1000.0,inf,30.0,7.911015,99.985714,11.135174
pscad,526,0.700,1000.0,inf,40.0,3.408504,99.985714,11.093731
pscad,527,0.700,1000.0,inf,inf,1.209938,0.864834,12.063927
pscad,528,0.700,2000.0,20.0,20.0,76.534048,99.985714,1.313368
pscad,529,0.700,2000.0,20.0,30.0,6.725840,4.632259,0.986474
pscad,530,0.700,2000.0,20.0,40.0,35.714286,24.109301,1.096711
pscad,531,0.700,2000.0,20.0,inf,35.714286,22.235690,0.810262
pscad,532,0.700,2000.0,30.0,20.0,35.714286,42.842857,1.250637
pscad,533,0.700,2000.0,30.0,30.0,23.552304,7.571977,0.874364
pscad,534,0.700,2000.0,30.0,40.0,7.288969,0.023127,1.026791
pscad,535,0.700,2000.0,30.0,inf,2.637859,0.022299,0.971407
pscad,536,0.700,2000.0,40.0,20.0,35.714286,42.842857,0.979616
pscad,537,0.700,2000.0,40.0,30.0,35.714286,21.098157,0.971464
pscad,538,0.700,2000.0,40.0,40.0,23.523243,10.107369,0.940745
pscad,539,0.700,2000.0,40.0,inf,20.698763,8.543946,0.970828
pscad,540,0.700,2000.0,inf,20.0,35.714286,18.588065,0.857473
pscad,541,0.700,2000.0,inf,30.0,8.010954,4.634162,0.973674
pscad,542,0.700,2000.0,inf,40.0,10.235559,4.146272,0.968628
pscad,543,0.700,2000.0,inf,inf,18.986499,8.351509,0.965794
pscad,544,0.700,5000.0,20.0,20.0,92.857143,99.985714,5.303006
pscad,545,0.700,5000.0,20.0,30.0,67.560464,99.985714,4.749362
pscad,546,0.700,5000.0,20.0,40.0,64.135074,99.985714,4.613737
pscad,547,0.700,5000.0,20.0,inf,92.857143,99.985714,4.646529
pscad,548,0.700,5000.0,30.0,20.0,11.166818,99.985714,4.943481
pscad,549,0.700,5000.0,30.0,30.0,44.909748,99.985714,4.843307
pscad,550,0.700,5000.0,30.0,40.0,56.165136,99.985714,4.802670
pscad,551,0.700,5000.0,30.0,inf,21.257012,99.985714,4.896077
pscad,552,0.700,5000.0,40.0,20.0,30.842869,99.985714,4.841110
pscad,553,0.700,5000.0,40.0,30.0,16.956679,99.985714,4.924788
pscad,554,0.700,5000.0,40.0,40.0,15.361911,99.985714,4.927482
pscad,555,0.700,5000.0,40.0,inf,30.825211,99.985714,4.847280
pscad,556,0.700,5000.0,inf,20.0,92.857143,99.985714,4.836080
pscad,557,0.700,5000.0,inf,30.0,32.111543,99.985714,4.843353
pscad,558,0.700,5000.0,inf,40.0,33.477598,99.985714,4.850772
pscad,559,0.700,5000.0,inf,inf,30.807635,99.985714,4.859216
pscad,560,0.800,100.0,20.0,20.0,0.023279,7.658035,7.519015
pscad,561,0.800,100.0,20.0,30.0,2.109653,6.335011,7.456422
pscad,562,0.800,100.0,20.0,40.0,1.109744,8.858246,7.560967
pscad,563,0.800,100.0,20.0,inf,2.927697,10.178778,7.590362
pscad,564,0.800,100.0,30.0,20.0,0.503548,6.353860,7.738396
pscad,565,0.800,100.0,30.0,30.0,0.261732,8.794053,7.503092
pscad,566,0.800,100.0,30.0,40.0,0.046101,7.699220,7.492310
pscad,567,0.800,100.0,30.0,inf,1.533438,6.405237,7.472188
pscad,568,0.800,100.0,40.0,20.0,3.567701,5.032214,7.460202
pscad,569,0.800,100.0,40.0,30.0,2.155482,6.315646,7.467093
pscad,570,0.800,100.0,40.0,40.0,0.944593,7.537415,7.500518
pscad,571,0.800,100.0,40.0,inf,0.736543,7.560714,7.508088
pscad,572,0.800,100.0,inf,20.0,2.896808,5.045737,7.538458
pscad,573,0.800,100.0,inf,30.0,0.875101,8.828170,7.555547
pscad,574,0.800,100.0,inf,40.0,0.366418,7.643847,7.485335
pscad,575,0.800,100.0,inf,inf,0.427537,8.679624,7.510117
pscad,576,0.800,500.0,20.0,20.0,18.750000,24.987500,1.038624
pscad,577,0.800,500.0,20.0,30.0,18.750000,24.987500,0.997353
pscad,578,0.800,500.0,20.0,40.0,17.340462,16.611975,1.151199
pscad,579,0.800,500.0,20.0,inf,3.391011,4.881329,0.805956
pscad,580,0.800,500.0,30.0,20.0,23.827685,24.192705,1.233677
pscad,581,0.800,500.0,30.0,30.0,1.851889,1.274096,1.003967
pscad,582,0.800,500.0,30.0,40.0,2.588040,2.504945,0.914296
pscad,583,0.800,500.0,30.0,inf,0.197413,4.982933,0.954676
pscad,584,0.800,500.0,40.0,20.0,11.289232,9.067295,1.079153
pscad,585,0.800,500.0,40.0,30.0,2.533314,1.111071,1.015742
pscad,586,0.800,500.0,40.0,40.0,2.270708,7.376470,0.980534
pscad,587,0.800,500.0,40.0,inf,0.967159,3.671502,0.966978
pscad,588,0.800,500.0,inf,20.0,6.314070,3.967192,1.076182
pscad,589,0.800,500.0,inf,30.0,4.064127,8.687656,0.998593
pscad,590,0.800,500.0,inf,40.0,1.126371,3.667805,0.959887
pscad,591,0.800,500.0,inf,inf,1.352615,3.620657,0.961676
pscad,592,0.800,1000.0,20.0,20.0,14.050144,99.987500,11.132851
pscad,593,0.800,1000.0,20.0,30.0,11.262419,99.987500,11.237119
pscad,594,0.800,1000.0,20.0,40.0,14.573229,24.987500,11.116471
pscad,595,0.800,1000.0,20.0,inf,40.531637,99.987500,11.041586
pscad,596,0.800,1000.0,30.0,20.0,18.750000,24.987500,11.073504
pscad,597,0.800,1000.0,30.0,30.0,10.127124,99.987500,11.017862
pscad,598,0.800,1000.0,30.0,40.0,1.544488,99.987500,11.026159
pscad,599,0.800,1000.0,30.0,inf,0.877464,99.987500,11.094073
pscad,600,0.800,1000.0,40.0,20.0,18.750000,24.987500,11.037124
pscad,601,0.800,1000.0,40.0,30.0,0.639868,99.987500,11.077157
pscad,602,0.800,1000.0,40.0,40.0,4.118926,99.987500,11.061201
pscad,603,0.800,1000.0,40.0,inf,0.544732,99.987500,11.054733
pscad,604,0.800,1000.0,inf,20.0,13.904977,99.987500,11.112630
pscad,605,0.800,1000.0,inf,30.0,18.750000,24.987500,11.070465
pscad,606,0.800,1000.0,inf,40.0,4.167576,99.987500,11.099550
pscad,607,0.800,1000.0,inf,inf,0.825010,8.835886,12.068184
pscad,608,0.800,2000.0,20.0,20.0,62.034400,35.610106,0.868431
pscad,609,0.800,2000.0,20.0,30.0,18.750000,24.987500,1.070326
pscad,610,0.800,2000.0,20.0,40.0,77.602866,45.952929,0.859395
pscad,611,0.800,2000.0,20.0,inf,18.750000,24.946645,0.935989
pscad,612,0.800,2000.0,30.0,20.0,18.750000,23.829578,0.978178
pscad,613,0.800,2000.0,30.0,30.0,18.750000,24.987500,1.037626
pscad,614,0.800,2000.0,30.0,40.0,18.750000,22.307232,1.016967
pscad,615,0.800,2000.0,30.0,inf,18.750000,6.082490,0.924842
pscad,616,0.800,2000.0,40.0,20.0,0.960382,16.626754,1.172686
pscad,617,0.800,2000.0,40.0,30.0,26.243231,25.419762,1.056962
pscad,618,0.800,2000.0,40.0,40.0,15.021854,1.130924,0.958066
pscad,619,0.800,2000.0,40.0,inf,12.990787,2.368250,0.982271
pscad,620,0.800,2000.0,inf,20.0,28.633600,15.022532,0.799778
pscad,621,0.800,2000.0,inf,30.0,18.750000,9.553885,0.909606
pscad,622,0.800,2000.0,inf,40.0,18.750000,4.678080,0.968094
pscad,623,0.800,2000.0,inf,inf,18.750000,1.255867,0.963609
pscad,624,0.800,5000.0,20.0,20.0,93.750000,99.987500,4.417785
pscad,625,0.800,5000.0,20.0,30.0,33.574460,99.987500,4.813124
pscad,626,0.800,5000.0,20.0,40.0,32.587093,99.987500,4.793667
pscad,627,0.800,5000.0,20.0,inf,21.538172,99.987500,5.042019
pscad,628,0.800,5000.0,30.0,20.0,21.095178,99.987500,5.191318
pscad,629,0.800,5000.0,30.0,30.0,71.549746,99.987500,4.699665
pscad,630,0.800,5000.0,30.0,40.0,45.351080,99.987500,4.802842
pscad,631,0.800,5000.0,30.0,inf,43.137889,99.987500,4.794728
pscad,632,0.800,5000.0,40.0,20.0,52.491169,99.987500,4.751238
pscad,633,0.800,5000.0,40.0,30.0,26.418115,99.987500,4.909960
pscad,634,0.800,5000.0,40.0,40.0,34.261925,99.987500,4.894030
pscad,635,0.800,5000.0,40.0,inf,34.993375,99.987500,4.877706
pscad,636,0.800,5000.0,inf,20.0,77.908555,99.987500,4.653348
pscad,637,0.800,5000.0,inf,30.0,36.175852,99.987500,4.863302
pscad,638,0.800,5000.0,inf,40.0,36.308396,99.987500,4.878551
pscad,639,0.800,5000.0,inf,inf,37.717501,99.987500,4.865425
pscad,640,0.900,100.0,20.0,20.0,6.825564,2.361661,7.262681
pscad,641,0.900,100.0,20.0,30.0,5.555556,10.995016,7.527895
pscad,642,0.900,100.0,20.0,40.0,3.479253,10.423052,7.453638
pscad,643,0.900,100.0,20.0,inf,4.033887,3.584932,7.410008
pscad,644,0.900,100.0,30.0,20.0,0.484869,5.793479,7.655042
pscad,645,0.900,100.0,30.0,30.0,0.112152,7.947096,7.467213
pscad,646,0.900,100.0,30.0,40.0,0.924251,6.930843,7.407738
pscad,647,0.900,100.0,30.0,inf,0.518478,6.828106,7.563547
pscad,648,0.900,100.0,40.0,20.0,2.176288,5.722488,7.464883
pscad,649,0.900,100.0,40.0,30.0,0.657467,8.007376,7.521938
pscad,650,0.900,100.0,40.0,40.0,0.769152,6.867596,7.489433
pscad,651,0.900,100.0,40.0,inf,0.853362,6.847639,7.496028
pscad,652,0.900,100.0,inf,20.0,1.037343,7.970729,7.612927
pscad,653,0.900,100.0,inf,30.0,0.398205,7.998993,7.492140
pscad,654,0.900,100.0,inf,40.0,0.991015,6.815393,7.506430
pscad,655,0.900,100.0,inf,inf,0.456822,7.847496,7.510604
pscad,656,0.900,500.0,20.0,20.0,12.300521,8.963170,1.005138
pscad,657,0.900,500.0,20.0,30.0,5.555556,11.100000,1.110237
pscad,658,0.900,500.0,20.0,40.0,4.410430,10.949821,0.776345
pscad,659,0.900,500.0,20.0,inf,10.704722,4.543587,0.890719
pscad,660,0.900,500.0,30.0,20.0,3.084066,6.732828,1.057752
pscad,661,0.900,500.0,30.0,30.0,0.784204,4.539708,0.959758
pscad,662,0.900,500.0,30.0,40.0,3.695549,2.242749,0.930367
pscad,663,0.900,500.0,30.0,inf,1.190407,7.765614,0.949086
pscad,664,0.900,500.0,40.0,20.0,5.555556,11.100000,0.950487
pscad,665,0.900,500.0,40.0,30.0,5.042231,10.263592,0.967759
pscad,666,0.900,500.0,40.0,40.0,0.843785,6.695502,0.965187
pscad,667,0.900,500.0,40.0,inf,1.582402,4.419095,0.954023
pscad,668,0.900,500.0,inf,20.0,16.978201,12.413446,0.934034
pscad,669,0.900,500.0,inf,30.0,7.574504,4.482748,1.041823
pscad,670,0.900,500.0,inf,40.0,0.659783,4.534451,0.966944
pscad,671,0.900,500.0,inf,inf,1.612341,3.436250,0.963103
pscad,672,0.900,1000.0,20.0,20.0,5.555556,8.892854,12.419538
pscad,673,0.900,1000.0,20.0,30.0,5.555556,11.100000,11.077898
pscad,674,0.900,1000.0,20.0,40.0,21.533172,99.988889,11.095546
pscad,675,0.900,1000.0,20.0,inf,5.555556,11.100000,10.943462
pscad,676,0.900,1000.0,30.0,20.0,7.280586,99.988889,11.170440
pscad,677,0.900,1000.0,30.0,30.0,0.342242,99.988889,11.115869
pscad,678,0.900,1000.0,30.0,40.0,5.555556,11.100000,11.020412
pscad,679,0.900,1000.0,30.0,inf,5.136953,11.100000,11.007899
pscad,680,0.900,1000.0,40.0,20.0,32.202784,99.988889,11.165949
pscad,681,0.900,1000.0,40.0,30.0,5.555556,11.100000,11.036073
pscad,682,0.900,1000.0,40.0,40.0,2.942270,99.988889,11.093700
pscad,683,0.900,1000.0,40.0,inf,0.091924,99.988889,11.084575
pscad,684,0.900,1000.0,inf,20.0,5.555556,11.100000,11.111058
pscad,685,0.900,1000.0,inf,30.0,5.555556,11.100000,11.010027
pscad,686,0.900,1000.0,inf,40.0,5.555556,11.100000,11.028366
pscad,687,0.900,1000.0,inf,inf,0.513196,16.413319,12.077296
pscad,688,0.900,2000.0,20.0,20.0,5.555556,11.100000,0.564186
pscad,689,0.900,2000.0,20.0,30.0,4.515486,13.330487,0.855454
pscad,690,0.900,2000.0,20.0,40.0,5.555556,6.563036,0.613294
pscad,691,0.900,2000.0,20.0,inf,66.218611,46.142465,0.920451
pscad,692,0.900,2000.0,30.0,20.0,76.292694,52.994393,0.910059
pscad,693,0.900,2000.0,30.0,30.0,5.555556,11.100000,1.159118
pscad,694,0.900,2000.0,30.0,40.0,5.555556,0.161552,0.856815
pscad,695,0.900,2000.0,30.0,inf,5.555556,11.100000,1.079598
pscad,696,0.900,2000.0,40.0,20.0,28.001430,19.792678,0.722601
pscad,697,0.900,2000.0,40.0,30.0,5.555556,8.920777,0.937115
pscad,698,0.900,2000.0,40.0,40.0,5.555556,5.842812,0.966437
pscad,699,0.900,2000.0,40.0,inf,5.555556,2.612735,0.973009
pscad,700,0.900,2000.0,inf,20.0,5.555556,11.100000,0.925280
pscad,701,0.900,2000.0,inf,30.0,5.555556,0.352167,0.962491
pscad,702,0.900,2000.0,inf,40.0,5.555556,0.321707,0.935333
pscad,703,0.900,2000.0,inf,inf,5.555556,2.850283,0.964093
pscad,704,0.900,5000.0,20.0,20.0,70.049368,99.988889,4.080039
pscad,705,0.900,5000.0,20.0,30.0,32.676979,99.988889,4.928730
pscad,706,0.900,5000.0,20.0,40.0,63.614019,99.988889,4.419427
pscad,707,0.900,5000.0,20.0,inf,94.444444,99.988889,4.398791
pscad,708,0.900,5000.0,30.0,20.0,32.196257,99.988889,4.935898
pscad,709,0.900,5000.0,30.0,30.0,30.486107,99.988889,4.955113
pscad,710,0.900,5000.0,30.0,40.0,30.427472,99.988889,4.977682
pscad,711,0.900,5000.0,30.0,inf,56.310268,99.988889,4.783624
pscad,712,0.900,5000.0,40.0,20.0,29.913171,11.100000,5.023365
pscad,713,0.900,5000.0,40.0,30.0,39.765118,99.988889,4.860642
pscad,714,0.900,5000.0,40.0,40.0,42.532011,99.988889,4.874384
pscad,715,0.900,5000.0,40.0,inf,42.009761,99.988889,4.894028
pscad,716,0.900,5000.0,inf,20.0,76.258179,99.988889,4.524617
pscad,717,0.900,5000.0,inf,30.0,52.365161,99.988889,4.827107
pscad,718,0.900,5000.0,inf,40.0,43.511673,99.988889,4.867918
pscad,719,0.900,5000.0,inf,inf,43.737844,99.988889,4.868118
emtp,0,0.100,100.0,20.0,20.0,30.826989,13.012540,7.654986
emtp,1,0.100,100.0,20.0,30.0,17.641665,32.698716,7.449647
emtp,2,0.100,100.0,20.0,40.0,17.208216,63.789143,7.456162
emtp,3,0.100,100.0,20.0,inf,4.748868,42.908530,7.516749
emtp,4,0.100,100.0,30.0,20.0,14.490954,72.985563,7.314349
emtp,5,0.100,100.0,30.0,30.0,14.026688,63.236498,7.466287
emtp,6,0.100,100.0,30.0,40.0,5.979800,53.121865,7.543217
emtp,7,0.100,100.0,30.0,inf,7.761476,42.520381,7.492823
emtp,8,0.100,100.0,40.0,20.0,2.267654,53.037948,7.436773
emtp,9,0.100,100.0,40.0,30.0,0.625083,43.833692,7.459118
emtp,10,0.100,100.0,40.0,40.0,1.448681,43.894406,7.498842
emtp,11,0.100,100.0,40.0,inf,4.528699,42.943903,7.515840
emtp,12,0.100,100.0,inf,20.0,10.823785,33.372632,7.538447
emtp,13,0.100,100.0,inf,30.0,2.662914,43.298159,7.492832
emtp,14,0.100,100.0,inf,40.0,1.157237,43.857674,7.496315
emtp,15,0.100,100.0,inf,inf,0.564731,52.333051,7.502025
emtp,16,0.100,500.0,20.0,20.0,156.473977,143.027021,0.982053
emtp,17,0.100,500.0,20.0,30.0,0.057203,39.735678,0.772782
emtp,18,0.100,500.0,20.0,40.0,50.000000,99.704703,1.020362
emtp,19,0.100,500.0,20.0,inf,24.760109,0.709545,0.947966
emtp,20,0.100,500.0,30.0,20.0,50.000000,99.900000,0.854958
emtp,21,0.100,500.0,30.0,30.0,9.343587,19.162183,0.932106
emtp,22,0.100,500.0,30.0,40.0,87.589128,71.550526,0.989766
emtp,23,0.100,500.0,30.0,inf,63.021043,41.620484,0.965909
emtp,24,0.100,500.0,40.0,20.0,34.140396,10.545218,0.915746
emtp,25,0.100,500.0,40.0,30.0,109.725563,92.497255,0.999005
emtp,26,0.100,500.0,40.0,40.0,44.845349,21.203966,0.941139
emtp,27,0.100,500.0,40.0,inf,13.077114,9.540628,0.979002
emtp,28,0.100,500.0,inf,20.0,18.068552,39.210702,1.087828
emtp,29,0.100,500.0,inf,30.0,63.649595,41.668275,0.957731
emtp,30,0.100,500.0,inf,40.0,8.339694,18.900518,0.971461
emtp,31,0.100,500.0,inf,inf,14.180684,9.571758,0.957120
emtp,32,0.100,1000.0,20.0,20.0,309.149103,99.900000,11.042998
emtp,33,0.100,1000.0,20.0,30.0,50.000000,99.900000,11.021367
emtp,34,0.100,1000.0,20.0,40.0,240.848768,99.900000,11.025932
emtp,35,0.100,1000.0,20.0,inf,15.661232,99.900000,11.197510
emtp,36,0.100,1000.0,30.0,20.0,87.521555,99.900000,11.190854
emtp,37,0.100,1000.0,30.0,30.0,50.000000,374.375307,12.305540
emtp,38,0.100,1000.0,30.0,40.0,50.000000,99.900000,11.082961
emtp,39,0.100,1000.0,30.0,inf,26.024749,99.900000,11.006500
emtp,40,0.100,1000.0,40.0,20.0,247.678607,99.900000,10.956082
emtp,41,0.100,1000.0,40.0,30.0,116.435810,99.900000,11.063811
emtp,42,0.100,1000.0,40.0,40.0,67.408089,99.900000,11.066820
emtp,43,0.100,1000.0,40.0,inf,64.351880,99.900000,11.054341
emtp,44,0.100,1000.0,inf,20.0,50.000000,99.900000,10.987699
emtp,45,0.100,1000.0,inf,30.0,39.915376,99.900000,11.077225
emtp,46,0.100,1000.0,inf,40.0,81.176282,99.900000,11.040609
emtp,47,0.100,1000.0,inf,inf,48.174987,438.960079,12.139149
emtp,48,0.100,2000.0,20.0,20.0,546.153569,618.490045,0.768340
emtp,49,0.100,2000.0,20.0,30.0,50.000000,99.900000,0.968266
emtp,50,0.100,2000.0,20.0,40.0,50.000000,99.900000,0.863445
emtp,51,0.100,2000.0,20.0,inf,651.224040,485.804933,1.227581
emtp,52,0.100,2000.0,30.0,20.0,353.169263,445.291544,0.994145
emtp,53,0.100,2000.0,30.0,30.0,232.044220,392.865718,0.948336
emtp,54,0.100,2000.0,30.0,40.0,221.330167,302.615250,1.045040
emtp,55,0.100,2000.0,30.0,inf,165.985911,263.921203,1.025382
emtp,56,0.100,2000.0,40.0,20.0,50.000000,50.038552,1.024937
emtp,57,0.100,2000.0,40.0,30.0,113.633969,171.725879,1.062779
emtp,58,0.100,2000.0,40.0,40.0,109.941896,231.304878,1.012940
emtp,59,0.100,2000.0,40.0,inf,154.110186,262.036460,1.023421
emtp,60,0.100,2000.0,inf,20.0,50.000000,99.900000,1.010405
emtp,61,0.100,2000.0,inf,30.0,183.771685,272.447070,1.039598
emtp,62,0.100,2000.0,inf,40.0,174.697493,301.897706,1.004380
emtp,63,0.100,2000.0,inf,inf,135.231444,242.497184,1.021903
emtp,64,0.100,5000.0,20.0,20.0,43.153062,99.900000,4.888769
emtp,65,0.100,5000.0,20.0,30.0,302.243279,99.900000,4.724984
emtp,66,0.100,5000.0,20.0,40.0,1.642940,99.900000,4.932067
emtp,67,0.100,5000.0,20.0,inf,22.641159,99.900000,4.251286
emtp,68,0.100,5000.0,30.0,20.0,148.087836,99.900000,4.672467
emtp,69,0.100,5000.0,30.0,30.0,233.234084,99.900000,4.726918
emtp,70,0.100,5000.0,30.0,40.0,332.080786,99.900000,4.790469
emtp,71,0.100,5000.0,30.0,inf,104.152305,99.900000,4.742380
emtp,72,0.100,5000.0,40.0,20.0,525.925173,99.900000,4.964805
emtp,73,0.100,5000.0,40.0,30.0,50.000000,99.900000,4.556116
emtp,74,0.100,5000.0,40.0,40.0,202.096701,99.900000,4.745899
emtp,75,0.100,5000.0,40.0,inf,195.339714,99.900000,4.723331
emtp,76,0.100,5000.0,inf,20.0,526.344741,99.900000,4.983195
emtp,77,0.100,5000.0,inf,30.0,213.704292,99.900000,4.774385
emtp,78,0.100,5000.0,inf,40.0,192.083058,99.900000,4.705706
emtp,79,0.100,5000.0,inf,inf,182.074224,99.900000,4.748003
emtp,80,0.200,100.0,20.0,20.0,10.361705,32.559977,7.640256
emtp,81,0.200,100.0,20.0,30.0,18.904473,42.488713,7.591717
emtp,82,0.200,100.0,20.0,40.0,6.602177,32.122000,7.492822
emtp,83,0.200,100.0,20.0,inf,8.703772,17.271696,7.382124
emtp,84,0.200,100.0,30.0,20.0,3.939458,21.820552,7.554088
emtp,85,0.200,100.0,30.0,30.0,2.137887,27.047325,7.560917
emtp,86,0.200,100.0,30.0,40.0,4.037889,21.884406,7.495123
emtp,87,0.200,100.0,30.0,inf,5.816492,32.134838,7.456014
emtp,88,0.200,100.0,40.0,20.0,4.838106,22.054060,7.413786
emtp,89,0.200,100.0,40.0,30.0,2.417852,22.137782,7.493465
emtp,90,0.200,100.0,40.0,40.0,1.475231,27.037292,7.492661
emtp,91,0.200,100.0,40.0,inf,1.517388,22.234279,7.505806
emtp,92,0.200,100.0,inf,20.0,10.688997,12.292741,7.487013
emtp,93,0.200,100.0,inf,30.0,0.760379,22.340377,7.523413
emtp,94,0.200,100.0,inf,40.0,0.056270,22.511114,7.489829
emtp,95,0.200,100.0,inf,inf,0.082925,26.790178,7.502238
emtp,96,0.200,500.0,20.0,20.0,14.000374,5.462115,0.656543
emtp,97,0.200,500.0,20.0,30.0,14.735910,10.747289,1.043467
emtp,98,0.200,500.0,20.0,40.0,4.512185,9.602338,1.026757
emtp,99,0.200,500.0,20.0,inf,1.374743,8.891161,1.065234
emtp,100,0.200,500.0,30.0,20.0,59.570521,56.690239,0.927857
emtp,101,0.200,500.0,30.0,30.0,26.809629,21.181753,0.943820
emtp,102,0.200,500.0,30.0,40.0,3.583090,4.122499,0.954673
emtp,103,0.200,500.0,30.0,inf,4.683311,4.089710,0.897334
emtp,104,0.200,500.0,40.0,20.0,3.291252,4.020923,1.007178
emtp,105,0.200,500.0,40.0,30.0,21.610513,29.460498,1.040623
emtp,106,0.200,500.0,40.0,40.0,4.946542,13.996614,0.987709
emtp,107,0.200,500.0,40.0,inf,12.082652,5.901572,0.971469
emtp,108,0.200,500.0,inf,20.0,41.565851,54.494202,0.964562
emtp,109,0.200,500.0,inf,30.0,29.357283,25.855184,0.941880
emtp,110,0.200,500.0,inf,40.0,8.992892,1.119174,0.967073
emtp,111,0.200,500.0,inf,inf,4.841549,3.881813,0.956697
emtp,112,0.200,1000.0,20.0,20.0,63.483242,99.950000,10.987245
emtp,113,0.200,1000.0,20.0,30.0,70.569166,141.880873,12.447895
emtp,114,0.200,1000.0,20.0,40.0,75.000000,99.950000,11.046179
emtp,115,0.200,1000.0,20.0,inf,70.301153,142.839116,12.381088
emtp,116,0.200,1000.0,30.0,20.0,16.740852,99.950000,11.089639
emtp,117,0.200,1000.0,30.0,30.0,26.062451,99.950000,11.023951
emtp,118,0.200,1000.0,30.0,40.0,42.281876,99.950000,11.012253
emtp,119,0.200,1000.0,30.0,inf,13.606828,99.950000,11.107959
emtp,120,0.200,1000.0,40.0,20.0,75.000000,127.337394,12.451864
emtp,121,0.200,1000.0,40.0,30.0,60.307544,99.950000,11.074330
emtp,122,0.200,1000.0,40.0,40.0,23.512974,99.950000,11.052651
emtp,123,0.200,1000.0,40.0,inf,36.083797,99.950000,11.034918
emtp,124,0.200,1000.0,inf,20.0,75.000000,99.950000,11.172833
emtp,125,0.200,1000.0,inf,30.0,42.802457,99.950000,11.064461
emtp,126,0.200,1000.0,inf,40.0,22.882760,99.950000,11.058198
emtp,127,0.200,1000.0,inf,inf,18.128618,182.479237,12.114449
emtp,128,0.200,2000.0,20.0,20.0,75.000000,2.376989,0.763358
emtp,129,0.200,2000.0,20.0,30.0,171.642832,222.740003,0.900465
emtp,130,0.200,2000.0,20.0,40.0,194.553194,249.182869,0.760095
emtp,131,0.200,2000.0,20.0,inf,35.313986,135.516705,0.731267
emtp,132,0.200,2000.0,30.0,20.0,75.000000,12.023150,0.757658
emtp,133,0.200,2000.0,30.0,30.0,177.509966,168.291995,1.101770
emtp,134,0.200,2000.0,30.0,40.0,132.463892,172.895483,1.003853
emtp,135,0.200,2000.0,30.0,inf,25.122028,50.181194,0.986753
emtp,136,0.200,2000.0,40.0,20.0,7.353806,70.709685,1.007784
emtp,137,0.200,2000.0,40.0,30.0,13.805786,120.774063,0.907352
emtp,138,0.200,2000.0,40.0,40.0,41.963374,101.928788,1.003600
emtp,139,0.200,2000.0,40.0,inf,68.968060,116.761518,1.025821
emtp,140,0.200,2000.0,inf,20.0,46.268787,9.695941,1.040351
emtp,141,0.200,2000.0,inf,30.0,248.659435,233.740677,1.048837
emtp,142,0.200,2000.0,inf,40.0,62.523451,126.725312,0.990818
emtp,143,0.200,2000.0,inf,inf,56.645570,112.088852,1.009350
emtp,144,0.200,5000.0,20.0,20.0,45.325686,99.950000,5.202929
emtp,145,0.200,5000.0,20.0,30.0,105.231774,99.950000,4.901727
emtp,146,0.200,5000.0,20.0,40.0,61.621976,99.950000,4.378304
emtp,147,0.200,5000.0,20.0,inf,75.000000,99.950000,4.832986
emtp,148,0.200,5000.0,30.0,20.0,75.000000,99.950000,4.831332
emtp,149,0.200,5000.0,30.0,30.0,27.715303,99.950000,4.670302
emtp,150,0.200,5000.0,30.0,40.0,50.662336,99.950000,4.632138
emtp,151,0.200,5000.0,30.0,inf,68.586679,99.950000,4.814729
emtp,152,0.200,5000.0,40.0,20.0,10.637518,99.950000,4.899107
emtp,153,0.200,5000.0,40.0,30.0,26.099759,99.950000,4.837644
emtp,154,0.200,5000.0,40.0,40.0,57.301230,99.950000,4.789298
emtp,155,0.200,5000.0,40.0,inf,67.949305,99.950000,4.810794
emtp,156,0.200,5000.0,inf,20.0,39.725692,99.950000,4.445400
emtp,157,0.200,5000.0,inf,30.0,86.437882,99.950000,4.723046
emtp,158,0.200,5000.0,inf,40.0,63.831788,99.950000,4.762621
emtp,159,0.200,5000.0,inf,inf,62.682358,99.950000,4.775350
emtp,160,0.300,100.0,20.0,20.0,14.542861,31.843343,7.663060
emtp,161,0.300,100.0,20.0,30.0,5.384086,21.876131,7.631649
emtp,162,0.300,100.0,20.0,40.0,0.669842,18.550605,7.439186
emtp,163,0.300,100.0,20.0,inf,8.771340,25.329339,7.517238
emtp,164,0.300,100.0,30.0,20.0,5.102649,15.012748,7.356307
emtp,165,0.300,100.0,30.0,30.0,8.161448,8.640709,7.420473
emtp,166,0.300,100.0,30.0,40.0,1.517602,18.534979,7.497052
emtp,167,0.300,100.0,30.0,inf,1.693737,18.677587,7.450688
emtp,168,0.300,100.0,40.0,20.0,3.424500,21.957386,7.393193
emtp,169,0.300,100.0,40.0,30.0,2.659650,18.659705,7.528080
emtp,170,0.300,100.0,40.0,40.0,0.698113,18.366277,7.514344
emtp,171,0.300,100.0,40.0,inf,0.556726,15.325056,7.507265
emtp,172,0.300,100.0,inf,20.0,2.357117,15.153488,7.465514
emtp,173,0.300,100.0,inf,30.0,5.005600,11.852316,7.476826
emtp,174,0.300,100.0,inf,40.0,1.362498,15.193561,7.510566
emtp,175,0.300,100.0,inf,inf,0.102853,18.273597,7.502385
emtp,176,0.300,500.0,20.0,20.0,50.339623,51.880298,0.928207
emtp,177,0.300,500.0,20.0,30.0,30.375371,31.124971,1.081512
emtp,178,0.300,500.0,20.0,40.0,48.826786,48.153530,1.204331
emtp,179,0.300,500.0,20.0,inf,20.139140,18.204468,0.965066
emtp,180,0.300,500.0,30.0,20.0,3.357466,1.091945,0.908951
emtp,181,0.300,500.0,30.0,30.0,29.442958,28.276120,1.003276
emtp,182,0.300,500.0,30.0,40.0,23.092549,21.518162,1.000258
emtp,183,0.300,500.0,30.0,inf,5.758167,9.027552,0.905342
emtp,184,0.300,500.0,40.0,20.0,28.167708,32.586391,1.053218
emtp,185,0.300,500.0,40.0,30.0,7.749430,9.366458,0.954852
emtp,186,0.300,500.0,40.0,40.0,5.674649,8.985010,0.947542
emtp,187,0.300,500.0,40.0,inf,4.282373,1.268049,0.945927
emtp,188,0.300,500.0,inf,20.0,12.840512,15.816332,1.054666
emtp,189,0.300,500.0,inf,30.0,4.301760,5.914424,0.980222
emtp,190,0.300,500.0,inf,40.0,10.055912,7.938768,0.964647
emtp,191,0.300,500.0,inf,inf,1.907115,0.827875,0.956325
emtp,192,0.300,1000.0,20.0,20.0,29.546194,99.966667,11.240064
emtp,193,0.300,1000.0,20.0,30.0,7.618611,99.966667,11.125834
emtp,194,0.300,1000.0,20.0,40.0,67.861197,99.966667,11.093446
emtp,195,0.300,1000.0,20.0,inf,9.079819,99.966667,11.007212
emtp,196,0.300,1000.0,30.0,20.0,118.717343,99.966667,11.092669
emtp,197,0.300,1000.0,30.0,30.0,27.534274,99.966667,11.055871
emtp,198,0.300,1000.0,30.0,40.0,8.240845,99.966667,11.062518
emtp,199,0.300,1000.0,30.0,inf,4.784323,99.966667,11.052497
emtp,200,0.300,1000.0,40.0,20.0,83.333333,99.966667,10.947663
emtp,201,0.300,1000.0,40.0,30.0,0.697281,99.966667,11.048287
emtp,202,0.300,1000.0,40.0,40.0,14.730664,99.966667,11.054369
emtp,203,0.300,1000.0,40.0,inf,20.640000,99.966667,11.064149
emtp,204,0.300,1000.0,inf,20.0,142.112664,99.966667,11.182923
emtp,205,0.300,1000.0,inf,30.0,0.275569,99.966667,11.081496
emtp,206,0.300,1000.0,inf,40.0,9.870680,99.966667,11.076677
emtp,207,0.300,1000.0,inf,inf,8.936783,98.094474,12.094926
emtp,208,0.300,2000.0,20.0,20.0,83.333333,99.966667,1.036766
emtp,209,0.300,2000.0,20.0,30.0,41.095088,59.311809,1.124062
emtp,210,0.300,2000.0,20.0,40.0,14.598415,17.364566,1.034152
emtp,211,0.300,2000.0,20.0,inf,149.761294,116.063987,1.142790
emtp,212,0.300,2000.0,30.0,20.0,47.774973,3.874616,1.206462
emtp,213,0.300,2000.0,30.0,30.0,60.447873,95.106232,0.958029
emtp,214,0.300,2000.0,30.0,40.0,28.088526,13.850337,1.008138
emtp,215,0.300,2000.0,30.0,inf,5.856069,37.588782,1.030992
emtp,216,0.300,2000.0,40.0,20.0,117.530047,125.670699,0.963655
emtp,217,0.300,2000.0,40.0,30.0,10.097604,34.634565,1.046838
emtp,218,0.300,2000.0,40.0,40.0,45.468646,78.242744,0.994341
emtp,219,0.300,2000.0,40.0,inf,55.512766,88.453304,0.976375
emtp,220,0.300,2000.0,inf,20.0,47.400399,88.475460,0.947085
emtp,221,0.300,2000.0,inf,30.0,40.999421,81.617597,0.962803
emtp,222,0.300,2000.0,inf,40.0,15.799639,61.546115,0.969453
emtp,223,0.300,2000.0,inf,inf,32.776965,68.130583,0.998042
emtp,224,0.300,5000.0,20.0,20.0,83.333333,99.966667,4.704737
emtp,225,0.300,5000.0,20.0,30.0,3.847372,99.966667,4.653616
emtp,226,0.300,5000.0,20.0,40.0,83.333333,99.966667,4.650220
emtp,227,0.300,5000.0,20.0,inf,62.536709,99.966667,4.724191
emtp,228,0.300,5000.0,30.0,20.0,12.251838,99.966667,4.749167
emtp,229,0.300,5000.0,30.0,30.0,9.470029,99.966667,4.769128
emtp,230,0.300,5000.0,30.0,40.0,24.975409,99.966667,4.779367
emtp,231,0.300,5000.0,30.0,inf,80.512105,99.966667,4.903464
emtp,232,0.300,5000.0,40.0,20.0,17.392158,99.966667,4.518182
emtp,233,0.300,5000.0,40.0,30.0,64.803547,99.966667,4.839340
emtp,234,0.300,5000.0,40.0,40.0,10.696143,99.966667,4.760235
emtp,235,0.300,5000.0,40.0,inf,19.312895,99.966667,4.818273
emtp,236,0.300,5000.0,inf,20.0,108.635157,99.966667,4.962666
emtp,237,0.300,5000.0,inf,30.0,80.005696,99.966667,4.906411
emtp,238,0.300,5000.0,inf,40.0,8.947201,99.966667,4.755481
emtp,239,0.300,5000.0,inf,inf,22.340681,99.966667,4.799172
emtp,240,0.400,100.0,20.0,20.0,11.993462,1.581853,7.438681
emtp,241,0.400,100.0,20.0,30.0,7.139277,6.417132,7.602701
emtp,242,0.400,100.0,20.0,40.0,0.731796,14.059768,7.614557
emtp,243,0.400,100.0,20.0,inf,4.394320,16.785516,7.591707
emtp,244,0.400,100.0,30.0,20.0,7.736174,21.778534,7.453654
emtp,245,0.400,100.0,30.0,30.0,1.682603,13.993891,7.399772
emtp,246,0.400,100.0,30.0,40.0,1.983780,16.523338,7.490641
emtp,247,0.400,100.0,30.0,inf,0.164217,14.047330,7.514597
emtp,248,0.400,100.0,40.0,20.0,1.992501,11.502162,7.600029
emtp,249,0.400,100.0,40.0,30.0,1.309456,11.732337,7.483550
emtp,250,0.400,100.0,40.0,40.0,0.380215,14.099021,7.505138
emtp,251,0.400,100.0,40.0,inf,0.070187,14.050000,7.495004
emtp,252,0.400,100.0,inf,20.0,0.886008,14.004343,7.761076
emtp,253,0.400,100.0,inf,30.0,1.315598,14.188036,7.547217
emtp,254,0.400,100.0,inf,40.0,0.800689,11.788871,7.494523
emtp,255,0.400,100.0,inf,inf,0.211791,16.150026,7.508870
emtp,256,0.400,500.0,20.0,20.0,40.078087,43.945397,1.006281
emtp,257,0.400,500.0,20.0,30.0,23.632341,26.731817,0.818938
emtp,258,0.400,500.0,20.0,40.0,36.551665,39.313461,1.046188
emtp,259,0.400,500.0,20.0,inf,2.688790,3.481063,1.036934
emtp,260,0.400,500.0,30.0,20.0,26.836108,29.182162,0.913767
emtp,261,0.400,500.0,30.0,30.0,11.225870,13.622932,0.930952
emtp,262,0.400,500.0,30.0,40.0,9.950169,11.134195,1.014509
emtp,263,0.400,500.0,30.0,inf,7.349677,8.519390,1.039377
emtp,264,0.400,500.0,40.0,20.0,19.144573,18.900042,1.114808
emtp,265,0.400,500.0,40.0,30.0,12.052875,11.738115,0.949615
emtp,266,0.400,500.0,40.0,40.0,5.678197,6.360843,0.957569
emtp,267,0.400,500.0,40.0,inf,0.901706,1.264568,0.947341
emtp,268,0.400,500.0,inf,20.0,34.325746,36.551211,1.021274
emtp,269,0.400,500.0,inf,30.0,5.347591,6.146860,0.981101
emtp,270,0.400,500.0,inf,40.0,0.928838,1.284997,0.961432
emtp,271,0.400,500.0,inf,inf,0.541566,1.093095,0.956474
emtp,272,0.400,1000.0,20.0,20.0,87.500000,99.975000,11.253389
emtp,273,0.400,1000.0,20.0,30.0,37.940470,99.975000,11.124052
emtp,274,0.400,1000.0,20.0,40.0,78.577529,70.759250,12.544254
emtp,275,0.400,1000.0,20.0,inf,11.108378,99.975000,10.998265
emtp,276,0.400,1000.0,30.0,20.0,41.317010,99.975000,11.059483
emtp,277,0.400,1000.0,30.0,30.0,28.710398,99.975000,11.178571
emtp,278,0.400,1000.0,30.0,40.0,2.424060,99.975000,11.054940
emtp,279,0.400,1000.0,30.0,inf,1.632286,99.975000,11.072199
emtp,280,0.400,1000.0,40.0,20.0,67.012879,99.975000,11.074665
emtp,281,0.400,1000.0,40.0,30.0,16.497022,99.975000,11.084249
emtp,282,0.400,1000.0,40.0,40.0,12.357066,99.975000,11.079842
emtp,283,0.400,1000.0,40.0,inf,4.854494,99.975000,11.090333
emtp,284,0.400,1000.0,inf,20.0,118.443285,99.975000,11.025319
emtp,285,0.400,1000.0,inf,30.0,25.681677,99.975000,11.120619
emtp,286,0.400,1000.0,inf,40.0,0.213862,99.975000,11.049690
emtp,287,0.400,1000.0,inf,inf,4.905251,55.751669,12.080112
emtp,288,0.400,2000.0,20.0,20.0,137.500000,149.975000,0.761658
emtp,289,0.400,2000.0,20.0,30.0,3.960294,23.851289,0.990730
emtp,290,0.400,2000.0,20.0,40.0,87.500000,13.253279,0.755730
emtp,291,0.400,2000.0,20.0,inf,12.871582,51.624487,0.865640
emtp,292,0.400,2000.0,30.0,20.0,137.500000,129.062903,1.101718
emtp,293,0.400,2000.0,30.0,30.0,2.821497,43.887238,0.887203
emtp,294,0.400,2000.0,30.0,40.0,35.292813,54.120036,0.963559
emtp,295,0.400,2000.0,30.0,inf,96.333407,84.743081,0.952154
emtp,296,0.400,2000.0,40.0,20.0,63.310302,69.595987,0.950791
emtp,297,0.400,2000.0,40.0,30.0,29.600858,46.274658,1.003819
emtp,298,0.400,2000.0,40.0,40.0,16.393465,38.758766,0.993940
emtp,299,0.400,2000.0,40.0,inf,13.505781,36.580738,0.988608
emtp,300,0.400,2000.0,inf,20.0,137.500000,149.975000,1.147821
emtp,301,0.400,2000.0,inf,30.0,14.311021,18.301710,0.985652
emtp,302,0.400,2000.0,inf,40.0,10.980407,31.404535,1.011390
emtp,303,0.400,2000.0,inf,inf,22.937700,43.885808,0.987191
emtp,304,0.400,5000.0,20.0,20.0,59.032338,99.975000,5.125227
emtp,305,0.400,5000.0,20.0,30.0,50.130883,99.975000,4.923700
emtp,306,0.400,5000.0,20.0,40.0,57.020687,99.975000,5.058650
emtp,307,0.400,5000.0,20.0,inf,58.576610,99.975000,5.318067
emtp,308,0.400,5000.0,30.0,20.0,42.956724,99.975000,4.553233
emtp,309,0.400,5000.0,30.0,30.0,72.576827,99.975000,4.629374
emtp,310,0.400,5000.0,30.0,40.0,15.338412,99.975000,4.878157
emtp,311,0.400,5000.0,30.0,inf,13.001881,99.975000,4.852504
emtp,312,0.400,5000.0,40.0,20.0,65.758960,99.975000,4.784740
emtp,313,0.400,5000.0,40.0,30.0,1.035602,99.975000,4.769936
emtp,314,0.400,5000.0,40.0,40.0,11.822196,99.975000,4.857769
emtp,315,0.400,5000.0,40.0,inf,1.402879,99.975000,4.818543
emtp,316,0.400,5000.0,inf,20.0,9.121978,99.975000,5.277513
emtp,317,0.400,5000.0,inf,30.0,31.782738,99.975000,4.891190
emtp,318,0.400,5000.0,inf,40.0,3.333008,99.975000,4.810860
emtp,319,0.400,5000.0,inf,inf,1.251858,99.975000,4.819468
emtp,320,0.500,100.0,20.0,20.0,7.688483,19.449794,7.594009
emtp,321,0.500,100.0,20.0,30.0,1.961438,13.430546,7.577147
emtp,322,0.500,100.0,20.0,40.0,2.458162,13.436033,7.719809
emtp,323,0.500,100.0,20.0,inf,3.631244,7.395367,7.633333
emtp,324,0.500,100.0,30.0,20.0,5.101858,5.492069,7.556575
emtp,325,0.500,100.0,30.0,30.0,0.212170,11.611593,7.454602
emtp,326,0.500,100.0,30.0,40.0,3.320459,7.590970,7.478347
emtp,327,0.500,100.0,30.0,inf,0.168945,11.554110,7.485501
emtp,328,0.500,100.0,40.0,20.0,1.334661,13.506460,7.453217
emtp,329,0.500,100.0,40.0,30.0,1.634403,9.562705,7.482475
emtp,330,0.500,100.0,40.0,40.0,0.824973,11.616400,7.508907
emtp,331,0.500,100.0,40.0,inf,0.325275,11.450597,7.502366
emtp,332,0.500,100.0,inf,20.0,0.557548,11.653628,7.358647
emtp,333,0.500,100.0,inf,30.0,3.916923,7.450511,7.508534
emtp,334,0.500,100.0,inf,40.0,0.229344,11.507378,7.519654
emtp,335,0.500,100.0,inf,inf,0.287714,13.164157,7.509119
emtp,336,0.500,500.0,20.0,20.0,39.264569,43.754285,0.982223
emtp,337,0.500,500.0,20.0,30.0,11.715809,10.966095,0.967414
emtp,338,0.500,500.0,20.0,40.0,16.905553,16.949056,0.953325
emtp,339,0.500,500.0,20.0,inf,6.030591,9.109580,0.968422
emtp,340,0.500,500.0,30.0,20.0,2.875595,5.173289,0.965470
emtp,341,0.500,500.0,30.0,30.0,3.476689,5.371847,0.927059
emtp,342,0.500,500.0,30.0,40.0,8.126081,11.365611,0.896595
emtp,343,0.500,500.0,30.0,inf,3.837614,2.795812,0.969891
emtp,344,0.500,500.0,40.0,20.0,18.896643,25.368460,0.841502
emtp,345,0.500,500.0,40.0,30.0,4.055491,2.798595,0.949624
emtp,346,0.500,500.0,40.0,40.0,2.726778,5.156933,0.960643
emtp,347,0.500,500.0,40.0,inf,1.033243,1.105028,0.958640
emtp,348,0.500,500.0,inf,20.0,42.065177,43.329160,1.199171
emtp,349,0.500,500.0,inf,30.0,14.886785,13.176205,0.925078
emtp,350,0.500,500.0,inf,40.0,0.261746,3.040828,0.951617
emtp,351,0.500,500.0,inf,inf,0.224049,1.258115,0.956737
emtp,352,0.500,1000.0,20.0,20.0,90.000000,99.980000,11.001866
emtp,353,0.500,1000.0,20.0,30.0,14.398731,99.980000,11.191460
emtp,354,0.500,1000.0,20.0,40.0,90.000000,99.980000,11.165753
emtp,355,0.500,1000.0,20.0,inf,37.440830,99.980000,11.080205
emtp,356,0.500,1000.0,30.0,20.0,20.928769,99.980000,11.075953
emtp,357,0.500,1000.0,30.0,30.0,9.813815,99.980000,11.150800
emtp,358,0.500,1000.0,30.0,40.0,10.468221,99.980000,11.168938
emtp,359,0.500,1000.0,30.0,inf,26.699115,99.980000,11.113994
emtp,360,0.500,1000.0,40.0,20.0,39.525938,99.980000,11.039762
emtp,361,0.500,1000.0,40.0,30.0,15.705003,99.980000,11.088105
emtp,362,0.500,1000.0,40.0,40.0,7.556162,99.980000,11.083856
emtp,363,0.500,1000.0,40.0,inf,5.379968,99.980000,11.075957
emtp,364,0.500,1000.0,inf,20.0,42.576907,99.980000,11.181485
emtp,365,0.500,1000.0,inf,30.0,21.956118,99.980000,11.091361
emtp,366,0.500,1000.0,inf,40.0,0.715966,99.980000,11.083972
emtp,367,0.500,1000.0,inf,inf,2.886549,29.495282,12.069962
emtp,368,0.500,2000.0,20.0,20.0,90.000000,99.980000,1.203663
emtp,369,0.500,2000.0,20.0,30.0,90.000000,59.477268,1.149231
emtp,370,0.500,2000.0,20.0,40.0,5.124185,21.327616,0.896370
emtp,371,0.500,2000.0,20.0,inf,50.487761,8.470250,0.745335
emtp,372,0.500,2000.0,30.0,20.0,90.000000,99.980000,0.928677
emtp,373,0.500,2000.0,30.0,30.0,4.837307,25.225765,0.920659
emtp,374,0.500,2000.0,30.0,40.0,20.398415,21.306276,1.054867
emtp,375,0.500,2000.0,30.0,inf,29.863662,37.688978,0.911121
emtp,376,0.500,2000.0,40.0,20.0,90.000000,99.980000,1.066806
emtp,377,0.500,2000.0,40.0,30.0,1.863546,15.081645,1.008223
emtp,378,0.500,2000.0,40.0,40.0,10.567187,23.447906,0.972574
emtp,379,0.500,2000.0,40.0,inf,0.991414,17.330213,0.977225
emtp,380,0.500,2000.0,inf,20.0,51.756024,35.580049,1.105432
emtp,381,0.500,2000.0,inf,30.0,14.119794,7.048253,1.072994
emtp,382,0.500,2000.0,inf,40.0,20.572854,27.632934,0.985783
emtp,383,0.500,2000.0,inf,inf,18.988964,27.580015,0.977615
emtp,384,0.500,5000.0,20.0,20.0,25.055940,99.980000,4.737656
emtp,385,0.500,5000.0,20.0,30.0,23.887678,99.980000,4.812243
emtp,386,0.500,5000.0,20.0,40.0,41.812848,99.980000,5.215820
emtp,387,0.500,5000.0,20.0,inf,56.659360,99.980000,4.611736
emtp,388,0.500,5000.0,30.0,20.0,70.552951,99.980000,5.073362
emtp,389,0.500,5000.0,30.0,30.0,55.504367,99.980000,4.631126
emtp,390,0.500,5000.0,30.0,40.0,32.201501,99.980000,4.811494
emtp,391,0.500,5000.0,30.0,inf,25.537112,99.980000,5.042999
emtp,392,0.500,5000.0,40.0,20.0,29.080324,99.980000,4.605431
emtp,393,0.500,5000.0,40.0,30.0,5.966731,99.980000,4.887968
emtp,394,0.500,5000.0,40.0,40.0,15.832085,99.980000,4.784862
emtp,395,0.500,5000.0,40.0,inf,13.523773,99.980000,4.841166
emtp,396,0.500,5000.0,inf,20.0,45.546428,99.980000,4.687570
emtp,397,0.500,5000.0,inf,30.0,36.613524,99.980000,4.811508
emtp,398,0.500,5000.0,inf,40.0,38.822379,99.980000,4.771549
emtp,399,0.500,5000.0,inf,inf,12.459370,99.980000,4.836240
emtp,400,0.600,100.0,20.0,20.0,1.816753,9.716728,7.370066
emtp,401,0.600,100.0,20.0,30.0,4.804881,6.375803,7.380285
emtp,402,0.600,100.0,20.0,40.0,3.819739,6.322771,7.522512
emtp,403,0.600,100.0,20.0,inf,3.249457,6.505476,7.455303
emtp,404,0.600,100.0,30.0,20.0,4.654386,6.571638,7.261118
emtp,405,0.600,100.0,30.0,30.0,0.425114,9.744404,7.497875
emtp,406,0.600,100.0,30.0,40.0,0.290536,11.359477,7.447855
emtp,407,0.600,100.0,30.0,inf,2.177755,8.106706,7.452965
emtp,408,0.600,100.0,40.0,20.0,4.764862,6.354351,7.399334
emtp,409,0.600,100.0,40.0,30.0,2.390904,8.130782,7.413489
emtp,410,0.600,100.0,40.0,40.0,0.522536,9.726844,7.499670
emtp,411,0.600,100.0,40.0,inf,0.313701,9.741174,7.512098
emtp,412,0.600,100.0,inf,20.0,1.751763,8.217836,7.420703
emtp,413,0.600,100.0,inf,30.0,1.384194,8.105111,7.539868
emtp,414,0.600,100.0,inf,40.0,0.610128,9.707281,7.503937
emtp,415,0.600,100.0,inf,inf,0.345252,11.172301,7.509395
emtp,416,0.600,500.0,20.0,20.0,2.728328,4.321847,1.131674
emtp,417,0.600,500.0,20.0,30.0,8.985802,11.384041,1.015843
emtp,418,0.600,500.0,20.0,40.0,28.570377,27.356965,0.746990
emtp,419,0.600,500.0,20.0,inf,5.805204,3.953894,1.034612
emtp,420,0.600,500.0,30.0,20.0,16.108123,17.850083,1.139014
emtp,421,0.600,500.0,30.0,30.0,7.413539,12.890558,0.896534
emtp,422,0.600,500.0,30.0,40.0,2.030093,0.586895,1.081501
emtp,423,0.600,500.0,30.0,inf,1.285836,6.256350,0.853402
emtp,424,0.600,500.0,40.0,20.0,52.807070,54.668490,1.220555
emtp,425,0.600,500.0,40.0,30.0,12.981244,10.658352,0.936175
emtp,426,0.600,500.0,40.0,40.0,7.500677,5.502998,0.964780
emtp,427,0.600,500.0,40.0,inf,3.335516,0.482333,0.945423
emtp,428,0.600,500.0,inf,20.0,14.230078,12.234330,0.905954
emtp,429,0.600,500.0,inf,30.0,3.373049,6.406311,0.931533
emtp,430,0.600,500.0,inf,40.0,0.840387,2.974599,0.988479
emtp,431,0.600,500.0,inf,inf,0.713243,2.772729,0.958131
emtp,432,0.600,1000.0,20.0,20.0,58.333333,66.650000,11.361544
emtp,433,0.600,1000.0,20.0,30.0,9.599324,99.983333,11.112346
emtp,434,0.600,1000.0,20.0,40.0,10.026057,99.983333,11.201786
emtp,435,0.600,1000.0,20.0,inf,11.566368,99.983333,11.108891
emtp,436,0.600,1000.0,30.0,20.0,29.451653,99.983333,11.209151
emtp,437,0.600,1000.0,30.0,30.0,28.243801,99.983333,11.100151
emtp,438,0.600,1000.0,30.0,40.0,2.425111,99.983333,11.119655
emtp,439,0.600,1000.0,30.0,inf,0.037543,99.983333,11.097971
emtp,440,0.600,1000.0,40.0,20.0,22.440310,99.983333,11.092169
emtp,441,0.600,1000.0,40.0,30.0,10.641892,99.983333,11.008141
emtp,442,0.600,1000.0,40.0,40.0,11.223197,99.983333,11.054200
emtp,443,0.600,1000.0,40.0,inf,0.830187,99.983333,11.096645
emtp,444,0.600,1000.0,inf,20.0,39.651802,18.729412,12.281818
emtp,445,0.600,1000.0,inf,30.0,10.990296,99.983333,11.120942
emtp,446,0.600,1000.0,inf,40.0,5.582249,99.983333,11.083332
emtp,447,0.600,1000.0,inf,inf,1.815273,11.923049,12.064709
emtp,448,0.600,2000.0,20.0,20.0,91.666667,99.983333,1.068724
emtp,449,0.600,2000.0,20.0,30.0,58.333333,66.650000,1.011520
emtp,450,0.600,2000.0,20.0,40.0,58.333333,51.211584,1.028052
emtp,451,0.600,2000.0,20.0,inf,58.333333,66.650000,1.212217
emtp,452,0.600,2000.0,30.0,20.0,14.385557,14.917374,0.959436
emtp,453,0.600,2000.0,30.0,30.0,28.230131,21.713039,0.946274
emtp,454,0.600,2000.0,30.0,40.0,44.027081,30.104376,0.856132
emtp,455,0.600,2000.0,30.0,inf,23.966343,16.253833,1.040998
emtp,456,0.600,2000.0,40.0,20.0,58.333333,66.650000,1.125704
emtp,457,0.600,2000.0,40.0,30.0,21.565169,19.854130,0.928230
emtp,458,0.600,2000.0,40.0,40.0,26.818191,21.307876,0.964153
emtp,459,0.600,2000.0,40.0,inf,11.802224,12.804122,0.992954
emtp,460,0.600,2000.0,inf,20.0,68.743399,59.800862,1.064623
emtp,461,0.600,2000.0,inf,30.0,30.280339,23.402474,0.921475
emtp,462,0.600,2000.0,inf,40.0,14.946091,14.936469,0.963510
emtp,463,0.600,2000.0,inf,inf,18.148319,16.476473,0.970464
emtp,464,0.600,5000.0,20.0,20.0,91.666667,99.983333,4.376673
emtp,465,0.600,5000.0,20.0,30.0,51.708634,99.983333,4.691828
emtp,466,0.600,5000.0,20.0,40.0,37.674771,99.983333,4.668857
emtp,467,0.600,5000.0,20.0,inf,73.140174,99.983333,4.472401
emtp,468,0.600,5000.0,30.0,20.0,52.408560,99.983333,4.370920
emtp,469,0.600,5000.0,30.0,30.0,80.595550,99.983333,4.795905
emtp,470,0.600,5000.0,30.0,40.0,45.212563,99.983333,4.864945
emtp,471,0.600,5000.0,30.0,inf,67.953739,99.983333,4.717903
emtp,472,0.600,5000.0,40.0,20.0,16.852451,99.983333,4.824034
emtp,473,0.600,5000.0,40.0,30.0,16.075862,99.983333,4.867209
emtp,474,0.600,5000.0,40.0,40.0,20.673993,99.983333,4.853637
emtp,475,0.600,5000.0,40.0,inf,22.481927,99.983333,4.869778
emtp,476,0.600,5000.0,inf,20.0,13.159315,99.983333,4.781006
emtp,477,0.600,5000.0,inf,30.0,42.124703,99.983333,4.780568
emtp,478,0.600,5000.0,inf,40.0,11.562943,99.983333,4.895006
emtp,479,0.600,5000.0,inf,inf,22.629199,99.983333,4.849488
emtp,480,0.700,100.0,20.0,20.0,4.509718,4.297209,7.436321
emtp,481,0.700,100.0,20.0,30.0,3.402571,7.040869,7.346979
emtp,482,0.700,100.0,20.0,40.0,2.464882,11.450670,7.482253
emtp,483,0.700,100.0,20.0,inf,8.837176,17.307148,7.508728
emtp,484,0.700,100.0,30.0,20.0,4.484472,4.223985,7.497643
emtp,485,0.700,100.0,30.0,30.0,2.036910,7.206673,7.379242
emtp,486,0.700,100.0,30.0,40.0,0.044527,8.640767,7.468122
emtp,487,0.700,100.0,30.0,inf,1.093462,8.462615,7.471006
emtp,488,0.700,100.0,40.0,20.0,3.731227,4.243512,7.575242
emtp,489,0.700,100.0,40.0,30.0,1.651517,7.070676,7.532757
emtp,490,0.700,100.0,40.0,40.0,0.786491,8.462238,7.508208
emtp,491,0.700,100.0,40.0,inf,0.736019,8.459482,7.516455
emtp,492,0.700,100.0,inf,20.0,0.284406,9.882289,7.486545
emtp,493,0.700,100.0,inf,30.0,0.288901,8.535051,7.511146
emtp,494,0.700,100.0,inf,40.0,0.014380,8.580698,7.508443
emtp,495,0.700,100.0,inf,inf,0.390793,9.748457,7.509720
emtp,496,0.700,500.0,20.0,20.0,25.491963,25.057788,1.195997
emtp,497,0.700,500.0,20.0,30.0,9.364734,11.289315,1.097731
emtp,498,0.700,500.0,20.0,40.0,18.140088,27.034310,0.878222
emtp,499,0.700,500.0,20.0,inf,11.407100,21.253921,0.808903
emtp,500,0.700,500.0,30.0,20.0,35.691221,34.941223,0.937538
emtp,501,0.700,500.0,30.0,30.0,4.134219,0.280819,0.948300
emtp,502,0.700,500.0,30.0,40.0,5.320476,11.221504,0.912973
emtp,503,0.700,500.0,30.0,inf,7.251474,3.173268,0.917679
emtp,504,0.700,500.0,40.0,20.0,18.428324,16.036006,0.897094
emtp,505,0.700,500.0,40.0,30.0,8.025864,11.379135,1.004499
emtp,506,0.700,500.0,40.0,40.0,1.109514,2.647381,0.959263
emtp,507,0.700,500.0,40.0,inf,0.184012,4.055055,0.969522
emtp,508,0.700,500.0,inf,20.0,6.242800,4.579907,1.058048
emtp,509,0.700,500.0,inf,30.0,9.902609,7.417400,0.970776
emtp,510,0.700,500.0,inf,40.0,1.870388,2.526498,0.953693
emtp,511,0.700,500.0,inf,inf,1.065968,2.656208,0.958976
emtp,512,0.700,1000.0,20.0,20.0,17.584188,99.985714,11.225423
emtp,513,0.700,1000.0,20.0,30.0,35.714286,42.842857,11.032301
emtp,514,0.700,1000.0,20.0,40.0,35.714286,42.842857,11.062298
emtp,515,0.700,1000.0,20.0,inf,10.934097,99.985714,11.196700
emtp,516,0.700,1000.0,30.0,20.0,17.552862,99.985714,11.230163
emtp,517,0.700,1000.0,30.0,30.0,9.659513,99.985714,11.128041
emtp,518,0.700,1000.0,30.0,40.0,6.689623,99.985714,11.081938
emtp,519,0.700,1000.0,30.0,inf,13.907528,99.985714,11.090176
emtp,520,0.700,1000.0,40.0,20.0,23.003610,2.289298,12.340824
emtp,521,0.700,1000.0,40.0,30.0,8.666941,99.985714,11.042722
emtp,522,0.700,1000.0,40.0,40.0,8.177936,99.985714,11.085487
emtp,523,0.700,1000.0,40.0,inf,2.529450,99.985714,11.083362
emtp,524,0.700,1000.0,inf,20.0,44.776715,99.985714,11.091507
emtp,525,0.700,1000.0,inf,30.0,14.861353,99.985714,11.035844
emtp,526,0.700,1000.0,inf,40.0,1.887397,99.985714,11.083461
emtp,527,0.700,1000.0,inf,inf,1.210192,0.864877,12.063927
emtp,528,0.700,2000.0,20.0,20.0,35.714286,34.229305,0.974363
emtp,529,0.700,2000.0,20.0,30.0,52.296345,22.226948,0.854802
emtp,530,0.700,2000.0,20.0,40.0,57.248637,43.973266,1.036378
emtp,531,0.700,2000.0,20.0,inf,35.714286,42.207032,0.717609
emtp,532,0.700,2000.0,30.0,20.0,35.714286,16.994711,1.029331
emtp,533,0.700,2000.0,30.0,30.0,35.714286,17.206120,0.960186
emtp,534,0.700,2000.0,30.0,40.0,35.714286,25.090635,0.987962
emtp,535,0.700,2000.0,30.0,inf,35.714286,25.044263,1.008553
emtp,536,0.700,2000.0,40.0,20.0,56.275774,36.734273,0.986371
emtp,537,0.700,2000.0,40.0,30.0,22.802142,9.878379,0.961392
emtp,538,0.700,2000.0,40.0,40.0,34.413446,14.272119,0.979995
emtp,539,0.700,2000.0,40.0,inf,29.196548,11.603564,0.979419
emtp,540,0.700,2000.0,inf,20.0,21.990161,10.312643,0.936763
emtp,541,0.700,2000.0,inf,30.0,24.037251,8.726439,1.005950
emtp,542,0.700,2000.0,inf,40.0,12.831306,5.465960,0.972816
emtp,543,0.700,2000.0,inf,inf,18.987627,8.351658,0.965794
emtp,544,0.700,5000.0,20.0,20.0,10.566098,99.985714,4.972263
emtp,545,0.700,5000.0,20.0,30.0,22.217461,99.985714,4.833918
emtp,546,0.700,5000.0,20.0,40.0,72.464981,99.985714,4.735305
emtp,547,0.700,5000.0,20.0,inf,49.656995,99.985714,4.529143
emtp,548,0.700,5000.0,30.0,20.0,67.315827,99.985714,4.706904
emtp,549,0.700,5000.0,30.0,30.0,76.148965,99.985714,4.945680
emtp,550,0.700,5000.0,30.0,40.0,45.217790,99.985714,4.798119
emtp,551,0.700,5000.0,30.0,inf,31.927793,99.985714,4.852116
emtp,552,0.700,5000.0,40.0,20.0,92.857143,99.985714,4.517766
emtp,553,0.700,5000.0,40.0,30.0,40.724043,99.985714,4.871886
emtp,554,0.700,5000.0,40.0,40.0,30.635517,99.985714,4.852651
emtp,555,0.700,5000.0,40.0,inf,34.651755,99.985714,4.848386
emtp,556,0.700,5000.0,inf,20.0,9.798649,99.985714,5.197595
emtp,557,0.700,5000.0,inf,30.0,18.352860,99.985714,4.913696
emtp,558,0.700,5000.0,inf,40.0,29.059086,99.985714,4.874059
emtp,559,0.700,5000.0,inf,inf,30.807542,99.985714,4.859215
emtp,560,0.800,100.0,20.0,20.0,6.985406,13.972306,7.646577
emtp,561,0.800,100.0,20.0,30.0,2.030944,6.341586,7.461178
emtp,562,0.800,100.0,20.0,40.0,3.354425,5.161028,7.377076
emtp,563,0.800,100.0,20.0,inf,5.923769,12.714011,7.703691
emtp,564,0.800,100.0,30.0,20.0,3.577306,3.915873,7.495479
emtp,565,0.800,100.0,30.0,30.0,1.122984,6.441622,7.495500
emtp,566,0.800,100.0,30.0,40.0,0.121147,7.693395,7.507511
emtp,567,0.800,100.0,30.0,inf,0.043274,7.688158,7.501608
emtp,568,0.800,100.0,40.0,20.0,3.039666,11.404119,7.473406
emtp,569,0.800,100.0,40.0,30.0,2.349518,6.291784,7.461980
emtp,570,0.800,100.0,40.0,40.0,0.748877,7.552920,7.513202
emtp,571,0.800,100.0,40.0,inf,0.523981,8.836929,7.500939
emtp,572,0.800,100.0,inf,20.0,3.405429,4.999135,7.510611
emtp,573,0.800,100.0,inf,30.0,0.976069,8.930881,7.479767
emtp,574,0.800,100.0,inf,40.0,0.252926,7.636559,7.506880
emtp,575,0.800,100.0,inf,inf,0.427491,8.679632,7.510117
emtp,576,0.800,500.0,20.0,20.0,27.610810,24.074041,0.819153
emtp,577,0.800,500.0,20.0,30.0,14.636386,11.421641,0.948599
emtp,578,0.800,500.0,20.0,40.0,22.551555,17.796147,0.804042
emtp,579,0.800,500.0,20.0,inf,5.287637,11.188576,0.955828
emtp,580,0.800,500.0,30.0,20.0,22.234934,20.220815,0.962823
emtp,581,0.800,500.0,30.0,30.0,1.533218,4.830088,1.064924
emtp,582,0.800,500.0,30.0,40.0,1.463520,4.863926,0.904973
emtp,583,0.800,500.0,30.0,inf,3.507446,1.240250,0.925505
emtp,584,0.800,500.0,40.0,20.0,18.750000,24.987500,0.937635
emtp,585,0.800,500.0,40.0,30.0,2.103776,6.290223,0.980450
emtp,586,0.800,500.0,40.0,40.0,2.164759,2.445979,0.953261
emtp,587,0.800,500.0,40.0,inf,2.196899,2.410910,0.961715
emtp,588,0.800,500.0,inf,20.0,6.111112,8.779454,1.072272
emtp,589,0.800,500.0,inf,30.0,0.257711,4.895176,0.956265
emtp,590,0.800,500.0,inf,40.0,2.407137,2.386433,0.957819
emtp,591,0.800,500.0,inf,inf,1.352502,3.620678,0.961676
emtp,592,0.800,1000.0,20.0,20.0,18.750000,24.987500,11.107510
emtp,593,0.800,1000.0,20.0,30.0,14.244236,99.987500,11.243913
emtp,594,0.800,1000.0,20.0,40.0,0.982807,11.630436,12.520722
emtp,595,0.800,1000.0,20.0,inf,1.796473,12.506148,12.283490
emtp,596,0.800,1000.0,30.0,20.0,18.750000,24.987500,10.979851
emtp,597,0.800,1000.0,30.0,30.0,10.059928,99.987500,11.045450
emtp,598,0.800,1000.0,30.0,40.0,18.750000,24.987500,11.088698
emtp,599,0.800,1000.0,30.0,inf,6.758291,99.987500,11.115931
emtp,600,0.800,1000.0,40.0,20.0,13.553658,99.987500,11.029419
emtp,601,0.800,1000.0,40.0,30.0,2.757797,99.987500,11.047103
emtp,602,0.800,1000.0,40.0,40.0,8.265012,99.987500,11.082904
emtp,603,0.800,1000.0,40.0,inf,5.413302,99.987500,11.072680
emtp,604,0.800,1000.0,inf,20.0,18.750000,24.987500,11.089647
emtp,605,0.800,1000.0,inf,30.0,16.506642,24.987500,11.009942
emtp,606,0.800,1000.0,inf,40.0,2.883690,99.987500,11.103377
emtp,607,0.800,1000.0,inf,inf,0.825331,8.835834,12.068184
emtp,608,0.800,2000.0,20.0,20.0,18.750000,24.987500,0.920553
emtp,609,0.800,2000.0,20.0,30.0,18.750000,24.987500,0.872780
emtp,610,0.800,2000.0,20.0,40.0,64.749940,29.461553,0.733666
emtp,611,0.800,2000.0,20.0,inf,63.732316,87.404614,1.212839
emtp,612,0.800,2000.0,30.0,20.0,90.319218,61.374791,0.908184
emtp,613,0.800,2000.0,30.0,30.0,18.750000,24.987500,1.072436
emtp,614,0.800,2000.0,30.0,40.0,18.750000,17.209948,1.017330
emtp,615,0.800,2000.0,30.0,inf,18.750000,6.020470,0.880845
emtp,616,0.800,2000.0,40.0,20.0,16.818352,0.340118,0.831578
emtp,617,0.800,2000.0,40.0,30.0,18.750000,2.683650,0.901429
emtp,618,0.800,2000.0,40.0,40.0,18.750000,8.229157,0.976316
emtp,619,0.800,2000.0,40.0,inf,18.750000,4.895459,0.949385
emtp,620,0.800,2000.0,inf,20.0,42.814543,31.812354,0.997587
emtp,621,0.800,2000.0,inf,30.0,18.750000,2.438201,1.015089
emtp,622,0.800,2000.0,inf,40.0,18.750000,3.659781,0.931860
emtp,623,0.800,2000.0,inf,inf,18.750000,1.256056,0.963609
emtp,624,0.800,5000.0,20.0,20.0,93.750000,99.987500,4.816847
emtp,625,0.800,5000.0,20.0,30.0,93.750000,99.987500,4.468200
emtp,626,0.800,5000.0,20.0,40.0,63.982133,99.987500,4.509420
emtp,627,0.800,5000.0,20.0,inf,20.201666,99.987500,5.479243
emtp,628,0.800,5000.0,30.0,20.0,21.729923,99.987500,4.978061
emtp,629,0.800,5000.0,30.0,30.0,21.775335,99.987500,4.962682
emtp,630,0.800,5000.0,30.0,40.0,50.412646,99.987500,4.742933
emtp,631,0.800,5000.0,30.0,inf,38.954808,99.987500,4.847456
emtp,632,0.800,5000.0,40.0,20.0,21.667688,99.987500,4.998151
emtp,633,0.800,5000.0,40.0,30.0,36.930806,99.987500,4.884176
emtp,634,0.800,5000.0,40.0,40.0,30.388245,99.987500,4.907233
emtp,635,0.800,5000.0,40.0,inf,43.725970,99.987500,4.828315
emtp,636,0.800,5000.0,inf,20.0,21.794790,99.987500,4.954776
emtp,637,0.800,5000.0,inf,30.0,21.770421,99.987500,4.963963
emtp,638,0.800,5000.0,inf,40.0,40.396013,99.987500,4.852027
emtp,639,0.800,5000.0,inf,inf,37.717430,99.987500,4.865424
emtp,640,0.900,100.0,20.0,20.0,5.474536,1.218840,7.644661
emtp,641,0.900,100.0,20.0,30.0,1.027362,6.973405,7.353459
emtp,642,0.900,100.0,20.0,40.0,1.598969,4.636005,7.740834
emtp,643,0.900,100.0,20.0,inf,1.763041,5.651311,7.592890
emtp,644,0.900,100.0,30.0,20.0,3.924537,9.305545,7.724063
emtp,645,0.900,100.0,30.0,30.0,0.239701,7.927274,7.536686
emtp,646,0.900,100.0,30.0,40.0,0.109068,6.957524,7.500455
emtp,647,0.900,100.0,30.0,inf,0.056729,7.951621,7.487270
emtp,648,0.900,100.0,40.0,20.0,3.588198,4.716475,7.310095
emtp,649,0.900,100.0,40.0,30.0,0.047041,6.903694,7.560996
emtp,650,0.900,100.0,40.0,40.0,0.146786,6.940234,7.511393
emtp,651,0.900,100.0,40.0,inf,0.231831,6.915551,7.522424
emtp,652,0.900,100.0,inf,20.0,0.158034,9.091346,7.331868
emtp,653,0.900,100.0,inf,30.0,0.287210,7.972721,7.500779
emtp,654,0.900,100.0,inf,40.0,0.575203,6.891227,7.495305
emtp,655,0.900,100.0,inf,inf,0.456764,7.847505,7.510603
emtp,656,0.900,500.0,20.0,20.0,2.339690,10.430028,0.813242
emtp,657,0.900,500.0,20.0,30.0,3.605238,8.988521,0.680132
emtp,658,0.900,500.0,20.0,40.0,5.555556,11.063678,0.943327
emtp,659,0.900,500.0,20.0,inf,5.555556,11.100000,0.847203
emtp,660,0.900,500.0,30.0,20.0,13.049608,8.943576,0.954591
emtp,661,0.900,500.0,30.0,30.0,3.287434,9.174355,0.926903
emtp,662,0.900,500.0,30.0,40.0,2.473597,7.894280,0.973963
emtp,663,0.900,500.0,30.0,inf,3.443586,9.257358,0.913390
emtp,664,0.900,500.0,40.0,20.0,2.263600,5.635469,1.061437
emtp,665,0.900,500.0,40.0,30.0,1.667670,2.333316,1.004054
emtp,666,0.900,500.0,40.0,40.0,1.367864,4.488037,0.946045
emtp,667,0.900,500.0,40.0,inf,1.112258,4.507952,0.952752
emtp,668,0.900,500.0,inf,20.0,5.555556,11.078819,1.091049
emtp,669,0.900,500.0,inf,30.0,0.373844,6.724122,0.936826
emtp,670,0.900,500.0,inf,40.0,1.686495,3.423436,0.962984
emtp,671,0.900,500.0,inf,inf,1.612198,3.436277,0.963102
emtp,672,0.900,1000.0,20.0,20.0,5.555556,11.100000,11.187803
emtp,673,0.900,1000.0,20.0,30.0,5.555556,11.100000,11.074733
emtp,674,0.900,1000.0,20.0,40.0,60.009151,34.903825,12.297489
emtp,675,0.900,1000.0,20.0,inf,5.555556,11.100000,10.983978
emtp,676,0.900,1000.0,30.0,20.0,5.555556,11.100000,11.191151
emtp,677,0.900,1000.0,30.0,30.0,5.555556,11.100000,11.018103
emtp,678,0.900,1000.0,30.0,40.0,15.433363,99.988889,11.096028
emtp,679,0.900,1000.0,30.0,inf,5.555556,11.100000,11.063467
emtp,680,0.900,1000.0,40.0,20.0,5.555556,11.100000,11.219087
emtp,681,0.900,1000.0,40.0,30.0,2.003775,11.100000,11.070041
emtp,682,0.900,1000.0,40.0,40.0,0.669800,99.988889,11.065658
emtp,683,0.900,1000.0,40.0,inf,5.555556,11.100000,11.017791
emtp,684,0.900,1000.0,inf,20.0,5.555556,11.100000,10.989431
emtp,685,0.900,1000.0,inf,30.0,5.555556,11.100000,11.050903
emtp,686,0.900,1000.0,inf,40.0,0.596523,99.988889,11.063148
emtp,687,0.900,1000.0,inf,inf,0.513604,16.413253,12.077296
emtp,688,0.900,2000.0,20.0,20.0,5.555556,0.142809,1.017831
emtp,689,0.900,2000.0,20.0,30.0,13.190082,17.693345,0.915072
emtp,690,0.900,2000.0,20.0,40.0,31.150350,22.390588,0.817712
emtp,691,0.900,2000.0,20.0,inf,62.917543,66.197391,1.125830
emtp,692,0.900,2000.0,30.0,20.0,5.555556,9.253801,0.835826
emtp,693,0.900,2000.0,30.0,30.0,5.555556,11.365483,1.118951
emtp,694,0.900,2000.0,30.0,40.0,5.555556,3.005477,1.012564
emtp,695,0.900,2000.0,30.0,inf,9.988293,16.733110,0.949236
emtp,696,0.900,2000.0,40.0,20.0,5.555556,11.100000,1.241163
emtp,697,0.900,2000.0,40.0,30.0,5.555556,2.991815,0.898887
emtp,698,0.900,2000.0,40.0,40.0,5.555556,0.180770,0.938584
emtp,699,0.900,2000.0,40.0,inf,5.555556,1.611894,0.991417
emtp,700,0.900,2000.0,inf,20.0,55.765091,56.118669,1.108022
emtp,701,0.900,2000.0,inf,30.0,5.991533,15.465734,0.954491
emtp,702,0.900,2000.0,inf,40.0,5.555556,3.145833,0.966906
emtp,703,0.900,2000.0,inf,inf,5.555556,2.850038,0.964094
emtp,704,0.900,5000.0,20.0,20.0,56.121153,99.988889,4.730327
emtp,705,0.900,5000.0,20.0,30.0,59.805459,99.988889,4.673132
emtp,706,0.900,5000.0,20.0,40.0,88.421565,99.988889,4.349138
emtp,707,0.900,5000.0,20.0,inf,40.677154,99.988889,4.854407
emtp,708,0.900,5000.0,30.0,20.0,45.556801,99.988889,4.670973
emtp,709,0.900,5000.0,30.0,30.0,30.481239,99.988889,4.958171
emtp,710,0.900,5000.0,30.0,40.0,47.754025,99.988889,4.884706
emtp,711,0.900,5000.0,30.0,inf,62.234561,99.988889,4.759267
emtp,712,0.900,5000.0,40.0,20.0,46.815730,99.988889,4.865158
emtp,713,0.900,5000.0,40.0,30.0,33.705463,99.988889,4.931457
emtp,714,0.900,5000.0,40.0,40.0,40.797071,99.988889,4.887312
emtp,715,0.900,5000.0,40.0,inf,42.992226,99.988889,4.876684
emtp,716,0.900,5000.0,inf,20.0,94.027817,99.988889,4.470461
emtp,717,0.900,5000.0,inf,30.0,31.514653,99.988889,4.941698
emtp,718,0.900,5000.0,inf,40.0,46.399773,99.988889,4.844463
emtp,719,0.900,5000.0,inf,inf,43.737785,99.988889,4.868117
ref50,0,0.100,100.0,20.0,20.0,13.546906,32.705576,7.776231
ref50,1,0.100,100.0,20.0,30.0,1.190795,52.611313,7.475257
ref50,2,0.100,100.0,20.0,40.0,31.072897,74.308801,7.485823
ref50,3,0.100,100.0,20.0,inf,8.907158,53.726138,7.484276
ref50,4,0.100,100.0,30.0,20.0,26.714297,22.233564,7.625130
ref50,5,0.100,100.0,30.0,30.0,7.624237,53.401785,7.522308
ref50,6,0.100,100.0,30.0,40.0,4.542456,43.203027,7.464361
ref50,7,0.100,100.0,30.0,inf,4.077648,43.014009,7.516199
ref50,8,0.100,100.0,40.0,20.0,34.165757,83.204154,7.555136
ref50,9,0.100,100.0,40.0,30.0,2.143546,52.883888,7.456589
ref50,10,0.100,100.0,40.0,40.0,1.660873,43.615130,7.468264
ref50,11,0.100,100.0,40.0,inf,2.810181,43.282278,7.491849
ref50,12,0.100,100.0,inf,20.0,45.757434,103.498998,7.326895
ref50,13,0.100,100.0,inf,30.0,3.506478,43.670384,7.418299
ref50,14,0.100,100.0,inf,40.0,2.591605,52.777107,7.482252
ref50,15,0.100,100.0,inf,inf,0.564731,52.333051,7.502025
ref50,16,0.100,500.0,20.0,20.0,50.000000,99.900000,0.970075
ref50,17,0.100,500.0,20.0,30.0,50.000000,89.974262,1.040197
ref50,18,0.100,500.0,20.0,40.0,50.000000,99.900000,0.695700
ref50,19,0.100,500.0,20.0,inf,206.553971,202.641830,0.967180
ref50,20,0.100,500.0,30.0,20.0,50.000000,99.900000,1.095199
ref50,21,0.100,500.0,30.0,30.0,25.254022,0.307179,0.900631
ref50,22,0.100,500.0,30.0,40.0,30.027492,9.941983,0.932221
ref50,23,0.100,500.0,30.0,inf,1.876298,29.062689,0.983433
ref50,24,0.100,500.0,40.0,20.0,169.116053,162.445960,1.109600
ref50,25,0.100,500.0,40.0,30.0,16.390331,9.206888,0.952727
ref50,26,0.100,500.0,40.0,40.0,6.628240,19.051345,0.986386
ref50,27,0.100,500.0,40.0,inf,1.075703,20.214159,0.975482
ref50,28,0.100,500.0,inf,20.0,152.150501,141.878897,0.882310
ref50,29,0.100,500.0,inf,30.0,38.343331,20.010064,0.943214
ref50,30,0.100,500.0,inf,40.0,13.081326,9.938886,0.942264
ref50,31,0.100,500.0,inf,inf,14.180686,9.571758,0.957120
ref50,32,0.100,1000.0,20.0,20.0,412.192009,99.900000,11.016822
ref50,33,0.100,1000.0,20.0,30.0,1.887229,395.566293,12.487504
ref50,34,0.100,1000.0,20.0,40.0,50.000000,99.900000,10.991114
ref50,35,0.100,1000.0,20.0,inf,50.000000,99.900000,11.050827
ref50,36,0.100,1000.0,30.0,20.0,56.342904,99.900000,11.229467
ref50,37,0.100,1000.0,30.0,30.0,50.000000,99.900000,11.055826
ref50,38,0.100,1000.0,30.0,40.0,26.925364,99.900000,11.019579
ref50,39,0.100,1000.0,30.0,inf,30.460687,99.900000,11.028331
ref50,40,0.100,1000.0,40.0,20.0,50.000000,99.900000,11.056944
ref50,41,0.100,1000.0,40.0,30.0,104.450222,99.900000,11.075836
ref50,42,0.100,1000.0,40.0,40.0,26.345631,99.900000,11.054271
ref50,43,0.100,1000.0,40.0,inf,7.232518,99.900000,11.023449
ref50,44,0.100,1000.0,inf,20.0,394.367636,99.900000,11.045106
ref50,45,0.100,1000.0,inf,30.0,81.737991,99.900000,11.063608
ref50,46,0.100,1000.0,inf,40.0,18.591808,99.900000,11.052356
ref50,47,0.100,1000.0,inf,inf,48.174995,438.960080,12.139149
ref50,48,0.100,2000.0,20.0,20.0,50.000000,99.900000,0.949092
ref50,49,0.100,2000.0,20.0,30.0,18.127382,159.967666,0.957154
ref50,50,0.100,2000.0,20.0,40.0,850.000000,738.749305,1.237514
ref50,51,0.100,2000.0,20.0,inf,224.176806,193.236453,1.129532
ref50,52,0.100,2000.0,30.0,20.0,187.486451,302.428563,1.014196
ref50,53,0.100,2000.0,30.0,30.0,429.482251,465.955038,1.042170
ref50,54,0.100,2000.0,30.0,40.0,102.318895,181.439536,1.046943
ref50,55,0.100,2000.0,30.0,inf,119.118788,282.535717,0.966626
ref50,56,0.100,2000.0,40.0,20.0,12.785690,130.695245,1.008615
ref50,57,0.100,2000.0,40.0,30.0,154.184992,272.441918,1.012063
ref50,58,0.100,2000.0,40.0,40.0,142.601228,242.274348,1.029725
ref50,59,0.100,2000.0,40.0,inf,218.309053,314.325068,1.023870
ref50,60,0.100,2000.0,inf,20.0,572.655868,508.369744,1.116925
ref50,61,0.100,2000.0,inf,30.0,157.300202,212.574512,1.065888
ref50,62,0.100,2000.0,inf,40.0,157.246810,282.599089,1.004387
ref50,63,0.100,2000.0,inf,inf,135.231469,242.497188,1.021903
ref50,64,0.100,5000.0,20.0,20.0,528.244592,99.900000,5.061359
ref50,65,0.100,5000.0,20.0,30.0,533.694312,99.900000,5.293102
ref50,66,0.100,5000.0,20.0,40.0,140.191360,99.900000,4.466356
ref50,67,0.100,5000.0,20.0,inf,100.741710,99.900000,4.697365
ref50,68,0.100,5000.0,30.0,20.0,50.000000,99.900000,4.936817
ref50,69,0.100,5000.0,30.0,30.0,218.305057,99.900000,4.614171
ref50,70,0.100,5000.0,30.0,40.0,177.211544,99.900000,4.695112
ref50,71,0.100,5000.0,30.0,inf,45.468282,99.900000,4.630590
ref50,72,0.100,5000.0,40.0,20.0,47.890560,99.900000,4.503382
ref50,73,0.100,5000.0,40.0,30.0,213.261559,99.900000,4.712737
ref50,74,0.100,5000.0,40.0,40.0,197.218928,99.900000,4.724703
ref50,75,0.100,5000.0,40.0,inf,221.077434,99.900000,4.764980
ref50,76,0.100,5000.0,inf,20.0,421.457792,99.900000,5.161103
ref50,77,0.100,5000.0,inf,30.0,151.310582,99.900000,4.661457
ref50,78,0.100,5000.0,inf,40.0,194.252560,99.900000,4.765757
ref50,79,0.100,5000.0,inf,inf,182.074252,99.900000,4.748003
ref50,80,0.200,100.0,20.0,20.0,25.385375,3.044565,7.735556
ref50,81,0.200,100.0,20.0,30.0,4.105146,22.314373,7.372229
ref50,82,0.200,100.0,20.0,40.0,5.711940,32.005481,7.487399
ref50,83,0.200,100.0,20.0,inf,8.161632,17.198029,7.425860
ref50,84,0.200,100.0,30.0,20.0,7.092607,37.090570,7.332748
ref50,85,0.200,100.0,30.0,30.0,3.557222,21.938131,7.500659
ref50,86,0.200,100.0,30.0,40.0,2.126199,22.099833,7.561414
ref50,87,0.200,100.0,30.0,inf,6.683345,17.105547,7.562988
ref50,88,0.200,100.0,40.0,20.0,25.486572,52.498235,7.416097
ref50,89,0.200,100.0,40.0,30.0,0.058955,27.083260,7.415033
ref50,90,0.200,100.0,40.0,40.0,1.119898,26.928164,7.507981
ref50,91,0.200,100.0,40.0,inf,0.486802,26.832643,7.507610
ref50,92,0.200,100.0,inf,20.0,1.166484,22.124837,7.742045
ref50,93,0.200,100.0,inf,30.0,1.363515,27.177385,7.448837
ref50,94,0.200,100.0,inf,40.0,0.534701,26.833096,7.511799
ref50,95,0.200,100.0,inf,inf,0.082925,26.790178,7.502238
ref50,96,0.200,500.0,20.0,20.0,60.013287,64.874438,1.219762
ref50,97,0.200,500.0,20.0,30.0,29.741284,44.440877,0.854720
ref50,98,0.200,500.0,20.0,40.0,18.732213,29.921168,0.805047
ref50,99,0.200,500.0,20.0,inf,4.088874,13.997094,0.941732
ref50,100,0.200,500.0,30.0,20.0,63.540337,61.579234,1.082557
ref50,101,0.200,500.0,30.0,30.0,16.493119,10.830034,0.931753
ref50,102,0.200,500.0,30.0,40.0,0.642282,4.443975,1.031984
ref50,103,0.200,500.0,30.0,inf,48.238325,46.185255,0.960308
ref50,104,0.200,500.0,40.0,20.0,25.044534,21.278620,1.197838
ref50,105,0.200,500.0,40.0,30.0,17.826658,24.854344,0.969876
ref50,106,0.200,500.0,40.0,40.0,15.113980,10.585142,0.937124
ref50,107,0.200,500.0,40.0,inf,3.751337,4.119561,0.945153
ref50,108,0.200,500.0,inf,20.0,22.571957,16.329195,1.014000
ref50,109,0.200,500.0,inf,30.0,12.593974,5.930380,0.944602
ref50,110,0.200,500.0,inf,40.0,4.673740,3.848612,0.978273
ref50,111,0.200,500.0,inf,inf,4.841549,3.881813,0.956697
ref50,112,0.200,1000.0,20.0,20.0,106.938818,99.950000,11.150213
ref50,113,0.200,1000.0,20.0,30.0,12.583220,99.950000,11.001422
ref50,114,0.200,1000.0,20.0,40.0,281.421315,246.109172,12.304396
ref50,115,0.200,1000.0,20.0,inf,50.645817,182.422180,12.390473
ref50,116,0.200,1000.0,30.0,20.0,57.204062,99.950000,11.243488
ref50,117,0.200,1000.0,30.0,30.0,98.220717,99.950000,11.116588
ref50,118,0.200,1000.0,30.0,40.0,66.389482,99.950000,11.099464
ref50,119,0.200,1000.0,30.0,inf,29.763910,99.950000,11.031941
ref50,120,0.200,1000.0,40.0,20.0,37.139841,99.950000,11.155028
ref50,121,0.200,1000.0,40.0,30.0,61.981128,99.950000,11.039874
ref50,122,0.200,1000.0,40.0,40.0,10.796790,99.950000,11.091926
ref50,123,0.200,1000.0,40.0,inf,22.199710,99.950000,11.087682
ref50,124,0.200,1000.0,inf,20.0,58.049279,99.950000,11.023758
ref50,125,0.200,1000.0,inf,30.0,39.174285,99.950000,11.025982
ref50,126,0.200,1000.0,inf,40.0,19.768720,99.950000,11.059526
ref50,127,0.200,1000.0,inf,inf,18.128618,182.479237,12.114449
ref50,128,0.200,2000.0,20.0,20.0,350.134291,284.556286,1.077318
ref50,129,0.200,2000.0,20.0,30.0,375.000000,399.950000,1.450756
ref50,130,0.200,2000.0,20.0,40.0,161.181092,148.418311,1.113199
ref50,131,0.200,2000.0,20.0,inf,375.000000,309.590229,0.944038
ref50,132,0.200,2000.0,30.0,20.0,90.522207,97.427896,1.094598
ref50,133,0.200,2000.0,30.0,30.0,10.596700,26.063592,1.081242
ref50,134,0.200,2000.0,30.0,40.0,77.834122,122.304069,1.026430
ref50,135,0.200,2000.0,30.0,inf,77.477432,131.625844,1.010316
ref50,136,0.200,2000.0,40.0,20.0,50.640634,130.319499,0.708260
ref50,137,0.200,2000.0,40.0,30.0,75.000000,0.961136,0.949222
ref50,138,0.200,2000.0,40.0,40.0,62.599914,121.978618,1.000022
ref50,139,0.200,2000.0,40.0,inf,47.435626,106.153448,1.011583
ref50,140,0.200,2000.0,inf,20.0,75.000000,99.950000,1.008953
ref50,141,0.200,2000.0,inf,30.0,79.419075,131.552891,1.015000
ref50,142,0.200,2000.0,inf,40.0,60.237084,111.803613,1.019210
ref50,143,0.200,2000.0,inf,inf,56.645570,112.088852,1.009350
ref50,144,0.200,5000.0,20.0,20.0,75.000000,99.950000,4.765624
ref50,145,0.200,5000.0,20.0,30.0,215.775007,99.950000,5.201208
ref50,146,0.200,5000.0,20.0,40.0,214.287448,99.950000,5.080705
ref50,147,0.200,5000.0,20.0,inf,74.175275,99.950000,4.823724
ref50,148,0.200,5000.0,30.0,20.0,375.000000,99.950000,5.075145
ref50,149,0.200,5000.0,30.0,30.0,55.496050,99.950000,4.701633
ref50,150,0.200,5000.0,30.0,40.0,25.872731,99.950000,4.776068
ref50,151,0.200,5000.0,30.0,inf,64.660724,99.950000,4.748956
ref50,152,0.200,5000.0,40.0,20.0,80.367013,99.950000,4.592743
ref50,153,0.200,5000.0,40.0,30.0,14.790308,99.950000,4.612534
ref50,154,0.200,5000.0,40.0,40.0,53.079860,99.950000,4.779357
ref50,155,0.200,5000.0,40.0,inf,91.680875,99.950000,4.804068
ref50,156,0.200,5000.0,inf,20.0,75.000000,99.950000,4.373721
ref50,157,0.200,5000.0,inf,30.0,91.221084,99.950000,4.842175
ref50,158,0.200,5000.0,inf,40.0,75.924307,99.950000,4.824229
ref50,159,0.200,5000.0,inf,inf,62.682358,99.950000,4.775350
ref50,160,0.300,100.0,20.0,20.0,11.763844,28.631046,7.548546
ref50,161,0.300,100.0,20.0,30.0,2.870893,15.277182,7.385041
ref50,162,0.300,100.0,20.0,40.0,5.843254,21.978739,7.581915
ref50,163,0.300,100.0,20.0,inf,14.193309,31.849053,7.570817
ref50,164,0.300,100.0,30.0,20.0,3.717552,21.619467,7.620948
ref50,165,0.300,100.0,30.0,30.0,2.764091,14.975564,7.511899
ref50,166,0.300,100.0,30.0,40.0,6.272065,25.133258,7.443583
ref50,167,0.300,100.0,30.0,inf,0.068747,18.409701,7.458770
ref50,168,0.300,100.0,40.0,20.0,0.873990,15.186316,7.643482
ref50,169,0.300,100.0,40.0,30.0,3.419813,15.022921,7.452971
ref50,170,0.300,100.0,40.0,40.0,1.863927,15.165496,7.490934
ref50,171,0.300,100.0,40.0,inf,0.273670,18.371252,7.486467
ref50,172,0.300,100.0,inf,20.0,8.474223,25.185210,7.673395
ref50,173,0.300,100.0,inf,30.0,0.618592,18.374379,7.506245
ref50,174,0.300,100.0,inf,40.0,1.024135,15.296489,7.489886
ref50,175,0.300,100.0,inf,inf,0.102853,18.273597,7.502385
ref50,176,0.300,500.0,20.0,20.0,33.559411,39.822402,0.747009
ref50,177,0.300,500.0,20.0,30.0,19.224758,17.929864,1.104898
ref50,178,0.300,500.0,20.0,40.0,19.491268,17.985782,1.096787
ref50,179,0.300,500.0,20.0,inf,0.416364,2.246690,0.962334
ref50,180,0.300,500.0,30.0,20.0,6.605044,9.218752,0.851490
ref50,181,0.300,500.0,30.0,30.0,16.654907,14.751109,0.980401
ref50,182,0.300,500.0,30.0,40.0,7.310499,4.629106,1.002463
ref50,183,0.300,500.0,30.0,inf,12.693757,11.217456,0.987260
ref50,184,0.300,500.0,40.0,20.0,10.909955,10.907483,0.935687
ref50,185,0.300,500.0,40.0,30.0,5.649518,4.322363,0.961965
ref50,186,0.300,500.0,40.0,40.0,0.350066,2.394990,0.941901
ref50,187,0.300,500.0,40.0,inf,3.836348,1.188339,0.972019
ref50,188,0.300,500.0,inf,20.0,39.979516,46.191981,0.944015
ref50,189,0.300,500.0,inf,30.0,3.665953,1.154543,0.954027
ref50,190,0.300,500.0,inf,40.0,2.286474,0.898903,0.960913
ref50,191,0.300,500.0,inf,inf,1.907115,0.827875,0.956325
ref50,192,0.300,1000.0,20.0,20.0,210.327901,99.966667,11.041436
ref50,193,0.300,1000.0,20.0,30.0,19.366769,99.966667,10.976904
ref50,194,0.300,1000.0,20.0,40.0,74.183238,99.966667,11.064724
ref50,195,0.300,1000.0,20.0,inf,11.761444,99.966667,11.056440
ref50,196,0.300,1000.0,30.0,20.0,36.347226,99.966667,11.118918
ref50,197,0.300,1000.0,30.0,30.0,11.138465,99.966667,11.098918
ref50,198,0.300,1000.0,30.0,40.0,17.947813,99.966667,11.161753
ref50,199,0.300,1000.0,30.0,inf,76.162383,99.966667,11.098653
ref50,200,0.300,1000.0,40.0,20.0,56.992472,99.966667,11.242819
ref50,201,0.300,1000.0,40.0,30.0,43.765543,99.966667,11.037267
ref50,202,0.300,1000.0,40.0,40.0,3.141049,99.966667,11.081390
ref50,203,0.300,1000.0,40.0,inf,8.219927,99.966667,11.080228
ref50,204,0.300,1000.0,inf,20.0,4.659706,99.966667,11.010455
ref50,205,0.300,1000.0,inf,30.0,11.352144,99.966667,11.078341
ref50,206,0.300,1000.0,inf,40.0,11.177674,99.966667,11.081040
ref50,207,0.300,1000.0,inf,inf,8.936783,98.094474,12.094926
ref50,208,0.300,2000.0,20.0,20.0,35.163225,78.206362,0.960392
ref50,209,0.300,2000.0,20.0,30.0,216.666667,169.870772,1.069558
ref50,210,0.300,2000.0,20.0,40.0,6.768365,44.816242,1.003899
ref50,211,0.300,2000.0,20.0,inf,1.358034,28.784586,1.153785
ref50,212,0.300,2000.0,30.0,20.0,59.734043,105.969489,0.868126
ref50,213,0.300,2000.0,30.0,30.0,91.407007,105.662223,1.001034
ref50,214,0.300,2000.0,30.0,40.0,90.354984,91.966255,1.071533
ref50,215,0.300,2000.0,30.0,inf,30.910659,54.826614,1.040650
ref50,216,0.300,2000.0,40.0,20.0,83.333333,99.966667,1.092014
ref50,217,0.300,2000.0,40.0,30.0,4.784797,21.475222,1.065748
ref50,218,0.300,2000.0,40.0,40.0,49.789609,78.782634,0.998493
ref50,219,0.300,2000.0,40.0,inf,41.827948,68.687156,1.016498
ref50,220,0.300,2000.0,inf,20.0,83.333333,99.966667,1.136517
ref50,221,0.300,2000.0,inf,30.0,1.226118,44.385004,0.986563
ref50,222,0.300,2000.0,inf,40.0,54.874839,75.225034,1.032365
ref50,223,0.300,2000.0,inf,inf,32.776964,68.130583,0.998042
ref50,224,0.300,5000.0,20.0,20.0,70.064223,99.966667,4.557694
ref50,225,0.300,5000.0,20.0,30.0,83.333333,99.966667,4.556270
ref50,226,0.300,5000.0,20.0,40.0,15.994329,99.966667,4.661423
ref50,227,0.300,5000.0,20.0,inf,25.236037,99.966667,4.587438
ref50,228,0.300,5000.0,30.0,20.0,38.767462,99.966667,4.823993
ref50,229,0.300,5000.0,30.0,30.0,29.668899,99.966667,4.840004
ref50,230,0.300,5000.0,30.0,40.0,108.849796,99.966667,4.994449
ref50,231,0.300,5000.0,30.0,inf,12.205379,99.966667,4.838681
ref50,232,0.300,5000.0,40.0,20.0,105.188162,99.966667,4.936789
ref50,233,0.300,5000.0,40.0,30.0,41.896756,99.966667,4.820639
ref50,234,0.300,5000.0,40.0,40.0,12.228874,99.966667,4.814547
ref50,235,0.300,5000.0,40.0,inf,34.167671,99.966667,4.822747
ref50,236,0.300,5000.0,inf,20.0,82.349868,99.966667,4.552776
ref50,237,0.300,5000.0,inf,30.0,19.912811,99.966667,4.675838
ref50,238,0.300,5000.0,inf,40.0,24.034359,99.966667,4.795846
ref50,239,0.300,5000.0,inf,inf,22.340681,99.966667,4.799172
ref50,240,0.400,100.0,20.0,20.0,11.681602,1.404649,7.650458
ref50,241,0.400,100.0,20.0,30.0,0.778360,11.773167,7.504390
ref50,242,0.400,100.0,20.0,40.0,1.950449,11.528783,7.562983
ref50,243,0.400,100.0,20.0,inf,4.962321,19.201598,7.454557
ref50,244,0.400,100.0,30.0,20.0,3.431525,19.052418,7.412782
ref50,245,0.400,100.0,30.0,30.0,2.070665,16.523369,7.497321
ref50,246,0.400,100.0,30.0,40.0,3.219875,16.671410,7.511557
ref50,247,0.400,100.0,30.0,inf,2.726969,11.661923,7.409444
ref50,248,0.400,100.0,40.0,20.0,1.098539,13.997707,7.442219
ref50,249,0.400,100.0,40.0,30.0,2.238233,11.682668,7.436557
ref50,250,0.400,100.0,40.0,40.0,0.283556,14.098317,7.497983
ref50,251,0.400,100.0,40.0,inf,0.383378,14.137638,7.485767
ref50,252,0.400,100.0,inf,20.0,6.278696,21.742090,7.361972
ref50,253,0.400,100.0,inf,30.0,1.569936,14.282043,7.504819
ref50,254,0.400,100.0,inf,40.0,0.113210,14.000215,7.516900
ref50,255,0.400,100.0,inf,inf,0.211791,16.150026,7.508870
ref50,256,0.400,500.0,20.0,20.0,34.612587,37.071889,0.763484
ref50,257,0.400,500.0,20.0,30.0,29.721100,31.706941,0.953960
ref50,258,0.400,500.0,20.0,40.0,0.979972,1.161290,0.967027
ref50,259,0.400,500.0,20.0,inf,11.885724,11.707194,0.949784
ref50,260,0.400,500.0,30.0,20.0,15.683027,16.562414,0.784662
ref50,261,0.400,500.0,30.0,30.0,19.924387,21.602603,0.966913
ref50,262,0.400,500.0,30.0,40.0,4.811164,4.197477,1.057496
ref50,263,0.400,500.0,30.0,inf,3.017577,3.679420,0.936463
ref50,264,0.400,500.0,40.0,20.0,49.541932,51.840662,1.040881
ref50,265,0.400,500.0,40.0,30.0,6.460863,8.624435,0.875723
ref50,266,0.400,500.0,40.0,40.0,3.819894,3.832490,0.932969
ref50,267,0.400,500.0,40.0,inf,0.975283,1.284913,0.953488
ref50,268,0.400,500.0,inf,20.0,16.130757,16.653371,0.812324
ref50,269,0.400,500.0,inf,30.0,2.104862,3.408341,1.010755
ref50,270,0.400,500.0,inf,40.0,1.609621,1.288488,0.958403
ref50,271,0.400,500.0,inf,inf,0.541566,1.093095,0.956474
ref50,272,0.400,1000.0,20.0,20.0,5.121823,99.975000,11.024894
ref50,273,0.400,1000.0,20.0,30.0,53.625369,63.644011,12.412785
ref50,274,0.400,1000.0,20.0,40.0,51.541549,99.975000,11.033429
ref50,275,0.400,1000.0,20.0,inf,101.297769,99.975000,11.114969
ref50,276,0.400,1000.0,30.0,20.0,60.275401,99.975000,11.193206
ref50,277,0.400,1000.0,30.0,30.0,7.046035,99.975000,11.111165
ref50,278,0.400,1000.0,30.0,40.0,14.435762,99.975000,11.098283
ref50,279,0.400,1000.0,30.0,inf,3.072030,99.975000,11.078188
ref50,280,0.400,1000.0,40.0,20.0,78.473454,99.975000,10.957948
ref50,281,0.400,1000.0,40.0,30.0,14.640323,99.975000,10.999678
ref50,282,0.400,1000.0,40.0,40.0,0.567187,99.975000,11.065506
ref50,283,0.400,1000.0,40.0,inf,11.161052,99.975000,11.069962
ref50,284,0.400,1000.0,inf,20.0,27.491428,40.421649,12.444020
ref50,285,0.400,1000.0,inf,30.0,22.872164,99.975000,11.071916
ref50,286,0.400,1000.0,inf,40.0,11.306543,99.975000,11.069571
ref50,287,0.400,1000.0,inf,inf,4.905251,55.751669,12.080112
ref50,288,0.400,2000.0,20.0,20.0,87.500000,99.975000,1.088745
ref50,289,0.400,2000.0,20.0,30.0,28.984770,57.014075,0.892932
ref50,290,0.400,2000.0,20.0,40.0,48.137977,72.498953,0.794123
ref50,291,0.400,2000.0,20.0,inf,12.463475,23.575925,0.960465
ref50,292,0.400,2000.0,30.0,20.0,5.696820,41.366299,0.863794
ref50,293,0.400,2000.0,30.0,30.0,80.781277,82.724120,0.841167
ref50,294,0.400,2000.0,30.0,40.0,33.638392,33.766801,1.091757
ref50,295,0.400,2000.0,30.0,inf,48.792647,56.838449,1.003973
ref50,296,0.400,2000.0,40.0,20.0,11.745118,3.582875,1.055670
ref50,297,0.400,2000.0,40.0,30.0,76.072383,67.044181,1.051773
ref50,298,0.400,2000.0,40.0,40.0,10.599050,31.477572,1.008042
ref50,299,0.400,2000.0,40.0,inf,21.225172,46.315494,0.962810
ref50,300,0.400,2000.0,inf,20.0,87.500000,82.915577,1.007906
ref50,301,0.400,2000.0,inf,30.0,53.539175,49.435579,1.075098
ref50,302,0.400,2000.0,inf,40.0,17.487205,46.527365,0.938231
ref50,303,0.400,2000.0,inf,inf,22.937700,43.885808,0.987191
ref50,304,0.400,5000.0,20.0,20.0,46.671521,99.975000,4.802553
ref50,305,0.400,5000.0,20.0,30.0,17.952390,99.975000,4.778082
ref50,306,0.400,5000.0,20.0,40.0,38.908559,99.975000,4.772353
ref50,307,0.400,5000.0,20.0,inf,63.227293,99.975000,4.752416
ref50,308,0.400,5000.0,30.0,20.0,87.500000,99.975000,4.901817
ref50,309,0.400,5000.0,30.0,30.0,14.609265,99.975000,4.792128
ref50,310,0.400,5000.0,30.0,40.0,39.424057,99.975000,4.752864
ref50,311,0.400,5000.0,30.0,inf,6.746990,99.975000,4.808390
ref50,312,0.400,5000.0,40.0,20.0,57.219277,99.975000,5.090430
ref50,313,0.400,5000.0,40.0,30.0,30.807491,99.975000,4.866207
ref50,314,0.400,5000.0,40.0,40.0,29.081749,99.975000,4.763485
ref50,315,0.400,5000.0,40.0,inf,6.875845,99.975000,4.791072
ref50,316,0.400,5000.0,inf,20.0,86.061763,99.975000,4.822355
ref50,317,0.400,5000.0,inf,30.0,19.480326,99.975000,4.754765
ref50,318,0.400,5000.0,inf,40.0,8.730884,99.975000,4.839036
ref50,319,0.400,5000.0,inf,inf,1.251858,99.975000,4.819468
ref50,320,0.500,100.0,20.0,20.0,5.429335,17.444936,7.530542
ref50,321,0.500,100.0,20.0,30.0,5.298122,17.554275,7.453190
ref50,322,0.500,100.0,20.0,40.0,5.310540,17.563374,7.448903
ref50,323,0.500,100.0,20.0,inf,1.289145,9.577763,7.505707
ref50,324,0.500,100.0,30.0,20.0,5.893436,5.369321,7.553431
ref50,325,0.500,100.0,30.0,30.0,3.431825,15.469200,7.500440
ref50,326,0.500,100.0,30.0,40.0,0.717606,11.539764,7.548840
ref50,327,0.500,100.0,30.0,inf,1.765757,13.470124,7.514952
ref50,328,0.500,100.0,40.0,20.0,2.508224,9.591965,7.383849
ref50,329,0.500,100.0,40.0,30.0,1.540929,9.553897,7.496649
ref50,330,0.500,100.0,40.0,40.0,1.103372,9.601826,7.508439
ref50,331,0.500,100.0,40.0,inf,0.090777,11.476255,7.525650
ref50,332,0.500,100.0,inf,20.0,10.958909,21.600924,7.731804
ref50,333,0.500,100.0,inf,30.0,1.473559,9.565540,7.495842
ref50,334,0.500,100.0,inf,40.0,0.487701,11.435548,7.496380
ref50,335,0.500,100.0,inf,inf,0.287714,13.164157,7.509119
ref50,336,0.500,500.0,20.0,20.0,7.236908,7.002826,1.106302
ref50,337,0.500,500.0,20.0,30.0,4.526783,5.133677,1.117851
ref50,338,0.500,500.0,20.0,40.0,40.031962,43.529577,1.065805
ref50,339,0.500,500.0,20.0,inf,18.893033,27.405722,0.748105
ref50,340,0.500,500.0,30.0,20.0,24.180022,27.291055,1.052051
ref50,341,0.500,500.0,30.0,30.0,4.160858,5.264022,1.029807
ref50,342,0.500,500.0,30.0,40.0,9.499756,8.958912,1.021625
ref50,343,0.500,500.0,30.0,inf,0.903158,3.186449,0.939053
ref50,344,0.500,500.0,40.0,20.0,11.805600,15.294183,0.941155
ref50,345,0.500,500.0,40.0,30.0,7.921514,9.321152,1.023240
ref50,346,0.500,500.0,40.0,40.0,0.873714,1.115041,0.968005
ref50,347,0.500,500.0,40.0,inf,4.261171,7.150265,0.948642
ref50,348,0.500,500.0,inf,20.0,18.954772,18.926319,0.869355
ref50,349,0.500,500.0,inf,30.0,4.165153,2.925679,1.007521
ref50,350,0.500,500.0,inf,40.0,1.002845,1.157420,0.936100
ref50,351,0.500,500.0,inf,inf,0.224049,1.258115,0.956737
ref50,352,0.500,1000.0,20.0,20.0,22.186539,99.980000,11.149823
ref50,353,0.500,1000.0,20.0,30.0,49.304386,99.980000,11.063516
ref50,354,0.500,1000.0,20.0,40.0,4.436443,99.980000,11.150647
ref50,355,0.500,1000.0,20.0,inf,90.000000,99.980000,11.118321
ref50,356,0.500,1000.0,30.0,20.0,17.982808,99.980000,11.077404
ref50,357,0.500,1000.0,30.0,30.0,27.147441,99.980000,11.063769
ref50,358,0.500,1000.0,30.0,40.0,5.162180,99.980000,11.128568
ref50,359,0.500,1000.0,30.0,inf,14.334801,99.980000,11.075701
ref50,360,0.500,1000.0,40.0,20.0,25.533522,99.980000,11.188981
ref50,361,0.500,1000.0,40.0,30.0,0.940711,99.980000,11.090615
ref50,362,0.500,1000.0,40.0,40.0,10.402594,99.980000,11.091808
ref50,363,0.500,1000.0,40.0,inf,0.440134,99.980000,11.079128
ref50,364,0.500,1000.0,inf,20.0,90.000000,99.980000,11.061213
ref50,365,0.500,1000.0,inf,30.0,17.954222,99.980000,11.143030
ref50,366,0.500,1000.0,inf,40.0,10.823723,99.980000,11.077539
ref50,367,0.500,1000.0,inf,inf,2.886549,29.495282,12.069962
ref50,368,0.500,2000.0,20.0,20.0,16.313381,45.270433,1.291335
ref50,369,0.500,2000.0,20.0,30.0,17.469147,15.360527,1.082181
ref50,370,0.500,2000.0,20.0,40.0,71.718230,59.251298,0.480423
ref50,371,0.500,2000.0,20.0,inf,90.000000,67.789237,0.987381
ref50,372,0.500,2000.0,30.0,20.0,25.821604,35.618832,0.916064
ref50,373,0.500,2000.0,30.0,30.0,51.263431,23.294431,0.986548
ref50,374,0.500,2000.0,30.0,40.0,30.273894,31.588672,1.005845
ref50,375,0.500,2000.0,30.0,inf,90.000000,66.107844,0.914223
ref50,376,0.500,2000.0,40.0,20.0,10.531513,23.285063,1.229177
ref50,377,0.500,2000.0,40.0,30.0,16.963690,27.381502,0.972552
ref50,378,0.500,2000.0,40.0,40.0,2.790658,17.079976,0.996536
ref50,379,0.500,2000.0,40.0,inf,24.469632,29.399581,0.998562
ref50,380,0.500,2000.0,inf,20.0,79.298779,53.850783,0.999785
ref50,381,0.500,2000.0,inf,30.0,23.121476,31.534600,0.958700
ref50,382,0.500,2000.0,inf,40.0,0.836175,17.476676,0.961080
ref50,383,0.500,2000.0,inf,inf,18.988964,27.580015,0.977615
ref50,384,0.500,5000.0,20.0,20.0,82.293768,99.980000,4.350071
ref50,385,0.500,5000.0,20.0,30.0,53.169038,99.980000,4.298991
ref50,386,0.500,5000.0,20.0,40.0,90.000000,99.980000,4.854623
ref50,387,0.500,5000.0,20.0,inf,25.604113,99.980000,5.054585
ref50,388,0.500,5000.0,30.0,20.0,81.996268,99.980000,5.000929
ref50,389,0.500,5000.0,30.0,30.0,20.669549,99.980000,4.939932
ref50,390,0.500,5000.0,30.0,40.0,15.210575,99.980000,4.824127
ref50,391,0.500,5000.0,30.0,inf,20.162111,99.980000,4.800912
ref50,392,0.500,5000.0,40.0,20.0,89.942932,99.980000,4.625090
ref50,393,0.500,5000.0,40.0,30.0,13.012888,99.980000,4.879721
ref50,394,0.500,5000.0,40.0,40.0,12.017528,99.980000,4.863646
ref50,395,0.500,5000.0,40.0,inf,11.252383,99.980000,4.843236
ref50,396,0.500,5000.0,inf,20.0,46.146324,99.980000,5.081483
ref50,397,0.500,5000.0,inf,30.0,13.175637,99.980000,4.794130
ref50,398,0.500,5000.0,inf,40.0,14.553917,99.980000,4.825774
ref50,399,0.500,5000.0,inf,inf,12.459370,99.980000,4.836240
ref50,400,0.600,100.0,20.0,20.0,3.161300,13.266833,7.424048
ref50,401,0.600,100.0,20.0,30.0,6.410870,4.673625,7.395679
ref50,402,0.600,100.0,20.0,40.0,3.855303,13.274946,7.492327
ref50,403,0.600,100.0,20.0,inf,3.451669,13.134267,7.547407
ref50,404,0.600,100.0,30.0,20.0,5.646882,6.407277,7.271431
ref50,405,0.600,100.0,30.0,30.0,0.408899,9.881148,7.491703
ref50,406,0.600,100.0,30.0,40.0,0.353334,9.734595,7.512445
ref50,407,0.600,100.0,30.0,inf,0.985334,9.870336,7.562285
ref50,408,0.600,100.0,40.0,20.0,0.744245,11.488277,7.406886
ref50,409,0.600,100.0,40.0,30.0,0.253577,9.726303,7.529039
ref50,410,0.600,100.0,40.0,40.0,0.315517,9.771186,7.490872
ref50,411,0.600,100.0,40.0,inf,0.204542,9.782080,7.495175
ref50,412,0.600,100.0,inf,20.0,2.207397,13.181203,7.383042
ref50,413,0.600,100.0,inf,30.0,0.799521,9.661575,7.515507
ref50,414,0.600,100.0,inf,40.0,0.465031,9.741945,7.495307
ref50,415,0.600,100.0,inf,inf,0.345252,11.172301,7.509395
ref50,416,0.600,500.0,20.0,20.0,2.381240,7.981329,0.817683
ref50,417,0.600,500.0,20.0,30.0,9.885956,12.953106,1.014141
ref50,418,0.600,500.0,20.0,40.0,12.671716,10.409573,0.840871
ref50,419,0.600,500.0,20.0,inf,19.837396,18.977923,0.961069
ref50,420,0.600,500.0,30.0,20.0,16.899325,22.974946,0.926096
ref50,421,0.600,500.0,30.0,30.0,8.029430,5.632029,0.978788
ref50,422,0.600,500.0,30.0,40.0,5.560059,3.895009,1.028771
ref50,423,0.600,500.0,30.0,inf,3.748508,6.344519,0.976221
ref50,424,0.600,500.0,40.0,20.0,4.632433,6.254490,1.063398
ref50,425,0.600,500.0,40.0,30.0,12.146427,16.469240,0.926821
ref50,426,0.600,500.0,40.0,40.0,0.280162,2.944934,0.961698
ref50,427,0.600,500.0,40.0,inf,1.677338,1.180486,0.962680
ref50,428,0.600,500.0,inf,20.0,34.317796,38.013807,1.101458
ref50,429,0.600,500.0,inf,30.0,6.929339,11.356283,0.907153
ref50,430,0.600,500.0,inf,40.0,1.560441,1.200280,0.963305
ref50,431,0.600,500.0,inf,inf,0.713243,2.772729,0.958131
ref50,432,0.600,1000.0,20.0,20.0,43.607607,99.983333,11.071377
ref50,433,0.600,1000.0,20.0,30.0,25.061884,99.983333,11.225799
ref50,434,0.600,1000.0,20.0,40.0,26.662260,99.983333,10.978407
ref50,435,0.600,1000.0,20.0,inf,0.244272,99.983333,11.120760
ref50,436,0.600,1000.0,30.0,20.0,26.387744,99.983333,11.196775
ref50,437,0.600,1000.0,30.0,30.0,21.948126,99.983333,11.153439
ref50,438,0.600,1000.0,30.0,40.0,4.631567,99.983333,11.105190
ref50,439,0.600,1000.0,30.0,inf,19.762136,99.983333,11.064660
ref50,440,0.600,1000.0,40.0,20.0,23.139369,99.983333,11.092522
ref50,441,0.600,1000.0,40.0,30.0,11.239799,99.983333,11.087783
ref50,442,0.600,1000.0,40.0,40.0,3.827798,99.983333,11.095663
ref50,443,0.600,1000.0,40.0,inf,3.513779,99.983333,11.067694
ref50,444,0.600,1000.0,inf,20.0,28.965156,99.983333,10.986279
ref50,445,0.600,1000.0,inf,30.0,3.056653,99.983333,11.094254
ref50,446,0.600,1000.0,inf,40.0,2.395785,99.983333,11.104659
ref50,447,0.600,1000.0,inf,inf,1.815273,11.923049,12.064709
ref50,448,0.600,2000.0,20.0,20.0,56.744510,6.209741,0.394960
ref50,449,0.600,2000.0,20.0,30.0,58.333333,66.650000,1.088264
ref50,450,0.600,2000.0,20.0,40.0,3.733502,11.102962,0.951036
ref50,451,0.600,2000.0,20.0,inf,58.333333,66.650000,1.119612
ref50,452,0.600,2000.0,30.0,20.0,36.965304,9.063289,0.904000
ref50,453,0.600,2000.0,30.0,30.0,1.668269,1.129894,1.039575
ref50,454,0.600,2000.0,30.0,40.0,31.562190,5.798464,0.909224
ref50,455,0.600,2000.0,30.0,inf,31.716388,23.131567,0.965663
ref50,456,0.600,2000.0,40.0,20.0,36.774336,26.646312,0.905972
ref50,457,0.600,2000.0,40.0,30.0,53.046693,30.098753,1.041364
ref50,458,0.600,2000.0,40.0,40.0,41.877524,26.843930,0.962994
ref50,459,0.600,2000.0,40.0,inf,31.918467,21.426861,1.013556
ref50,460,0.600,2000.0,inf,20.0,58.333333,46.191099,1.067645
ref50,461,0.600,2000.0,inf,30.0,1.428105,4.637427,0.995555
ref50,462,0.600,2000.0,inf,40.0,19.067037,17.912989,0.961309
ref50,463,0.600,2000.0,inf,inf,18.148319,16.476473,0.970464
ref50,464,0.600,5000.0,20.0,20.0,5.522882,99.983333,5.267745
ref50,465,0.600,5000.0,20.0,30.0,3.375086,99.983333,4.865488
ref50,466,0.600,5000.0,20.0,40.0,41.974103,99.983333,4.643394
ref50,467,0.600,5000.0,20.0,inf,2.666352,99.983333,4.941608
ref50,468,0.600,5000.0,30.0,20.0,19.756558,99.983333,4.818806
ref50,469,0.600,5000.0,30.0,30.0,74.899409,99.983333,4.900980
ref50,470,0.600,5000.0,30.0,40.0,4.269233,99.983333,4.953593
ref50,471,0.600,5000.0,30.0,inf,19.543403,99.983333,4.855112
ref50,472,0.600,5000.0,40.0,20.0,5.406820,99.983333,5.239082
ref50,473,0.600,5000.0,40.0,30.0,8.034618,99.983333,4.893646
ref50,474,0.600,5000.0,40.0,40.0,20.700781,99.983333,4.841395
ref50,475,0.600,5000.0,40.0,inf,32.784437,99.983333,4.827440
ref50,476,0.600,5000.0,inf,20.0,4.993496,99.983333,5.136655
ref50,477,0.600,5000.0,inf,30.0,17.729742,99.983333,4.879529
ref50,478,0.600,5000.0,inf,40.0,29.875310,99.983333,4.810714
ref50,479,0.600,5000.0,inf,inf,22.629199,99.983333,4.849488
ref50,480,0.700,100.0,20.0,20.0,0.409639,8.582717,7.459058
ref50,481,0.700,100.0,20.0,30.0,7.310177,1.399556,7.445145
ref50,482,0.700,100.0,20.0,40.0,1.707951,7.070029,7.526372
ref50,483,0.700,100.0,20.0,inf,2.686328,11.511143,7.461529
ref50,484,0.700,100.0,30.0,20.0,3.649174,5.547796,7.523196
ref50,485,0.700,100.0,30.0,30.0,0.507695,8.549918,7.473008
ref50,486,0.700,100.0,30.0,40.0,0.514570,9.970824,7.445164
ref50,487,0.700,100.0,30.0,inf,0.588548,9.951606,7.468937
ref50,488,0.700,100.0,40.0,20.0,0.323423,8.579921,7.471632
ref50,489,0.700,100.0,40.0,30.0,0.635447,8.536738,7.467980
ref50,490,0.700,100.0,40.0,40.0,1.137822,7.197304,7.494921
ref50,491,0.700,100.0,40.0,inf,0.153706,8.619934,7.497849
ref50,492,0.700,100.0,inf,20.0,1.158656,7.173169,7.511580
ref50,493,0.700,100.0,inf,30.0,0.669058,9.877718,7.536357
ref50,494,0.700,100.0,inf,40.0,0.701924,8.492673,7.494531
ref50,495,0.700,100.0,inf,inf,0.390793,9.748457,7.509720
ref50,496,0.700,500.0,20.0,20.0,2.899346,11.148596,0.814516
ref50,497,0.700,500.0,20.0,30.0,27.048401,26.199838,0.981620
ref50,498,0.700,500.0,20.0,40.0,4.371871,6.827895,1.088391
ref50,499,0.700,500.0,20.0,inf,4.111201,1.235139,0.849766
ref50,500,0.700,500.0,30.0,20.0,21.081249,17.610984,0.839581
ref50,501,0.700,500.0,30.0,30.0,5.629330,0.368672,0.887166
ref50,502,0.700,500.0,30.0,40.0,4.305842,1.621558,0.984116
ref50,503,0.700,500.0,30.0,inf,2.661306,1.157386,0.960012
ref50,504,0.700,500.0,40.0,20.0,22.470258,20.614244,1.011631
ref50,505,0.700,500.0,40.0,30.0,4.158122,6.951385,1.039699
ref50,506,0.700,500.0,40.0,40.0,0.344268,3.984833,0.961507
ref50,507,0.700,500.0,40.0,inf,1.762362,2.561966,0.948683
ref50,508,0.700,500.0,inf,20.0,11.831304,14.138864,1.094616
ref50,509,0.700,500.0,inf,30.0,3.683535,0.309243,0.985339
ref50,510,0.700,500.0,inf,40.0,2.141581,1.282875,0.949941
ref50,511,0.700,500.0,inf,inf,1.065968,2.656208,0.958976
ref50,512,0.700,1000.0,20.0,20.0,23.674430,99.985714,11.155700
ref50,513,0.700,1000.0,20.0,30.0,14.542991,99.985714,11.366485
ref50,514,0.700,1000.0,20.0,40.0,4.509617,99.985714,11.322756
ref50,515,0.700,1000.0,20.0,inf,20.565733,99.985714,11.177573
ref50,516,0.700,1000.0,30.0,20.0,17.478610,99.985714,11.132262
ref50,517,0.700,1000.0,30.0,30.0,5.265593,99.985714,11.065521
ref50,518,0.700,1000.0,30.0,40.0,20.107756,99.985714,11.080090
ref50,519,0.700,1000.0,30.0,inf,4.630310,99.985714,11.069865
ref50,520,0.700,1000.0,40.0,20.0,30.933625,99.985714,11.130047
ref50,521,0.700,1000.0,40.0,30.0,13.355133,99.985714,11.087777
ref50,522,0.700,1000.0,40.0,40.0,0.436074,99.985714,11.085324
ref50,523,0.700,1000.0,40.0,inf,1.750422,99.985714,11.065948
ref50,524,0.700,1000.0,inf,20.0,50.955788,99.985714,11.244363
ref50,525,0.700,1000.0,inf,30.0,2.886454,99.985714,11.053188
ref50,526,0.700,1000.0,inf,40.0,0.020871,99.985714,11.082529
ref50,527,0.700,1000.0,inf,inf,1.210192,0.864876,12.063927
ref50,528,0.700,2000.0,20.0,20.0,13.653045,9.065124,0.760577
ref50,529,0.700,2000.0,20.0,30.0,5.078508,8.869080,1.064167
ref50,530,0.700,2000.0,20.0,40.0,15.568262,11.839219,1.020282
ref50,531,0.700,2000.0,20.0,inf,35.714286,27.241527,0.693200
ref50,532,0.700,2000.0,30.0,20.0,17.316039,7.312410,0.944275
ref50,533,0.700,2000.0,30.0,30.0,5.610402,4.646774,0.998569
ref50,534,0.700,2000.0,30.0,40.0,10.524232,6.120868,0.978553
ref50,535,0.700,2000.0,30.0,inf,35.714286,28.313940,1.047680
ref50,536,0.700,2000.0,40.0,20.0,35.714286,42.842857,0.774974
ref50,537,0.700,2000.0,40.0,30.0,21.722785,10.432660,0.946073
ref50,538,0.700,2000.0,40.0,40.0,32.909896,13.179016,0.958904
ref50,539,0.700,2000.0,40.0,inf,5.239847,1.265077,0.983233
ref50,540,0.700,2000.0,inf,20.0,35.714286,17.344975,0.825362
ref50,541,0.700,2000.0,inf,30.0,35.714286,21.078061,1.004583
ref50,542,0.700,2000.0,inf,40.0,14.439664,5.811669,0.959067
ref50,543,0.700,2000.0,inf,inf,18.987625,8.351658,0.965794
ref50,544,0.700,5000.0,20.0,20.0,10.127559,99.985714,5.103175
ref50,545,0.700,5000.0,20.0,30.0,16.410809,99.985714,4.910099
ref50,546,0.700,5000.0,20.0,40.0,10.063239,99.985714,5.117887
ref50,547,0.700,5000.0,20.0,inf,10.567674,99.985714,4.971713
ref50,548,0.700,5000.0,30.0,20.0,26.940914,99.985714,4.861018
ref50,549,0.700,5000.0,30.0,30.0,14.171679,99.985714,4.919815
ref50,550,0.700,5000.0,30.0,40.0,10.446367,99.985714,5.006789
ref50,551,0.700,5000.0,30.0,inf,54.106851,99.985714,4.664225
ref50,552,0.700,5000.0,40.0,20.0,10.323597,99.985714,5.042963
ref50,553,0.700,5000.0,40.0,30.0,40.556010,99.985714,4.816026
ref50,554,0.700,5000.0,40.0,40.0,35.025171,99.985714,4.861098
ref50,555,0.700,5000.0,40.0,inf,30.051453,99.985714,4.873583
ref50,556,0.700,5000.0,inf,20.0,15.127662,99.985714,4.908480
ref50,557,0.700,5000.0,inf,30.0,28.888450,99.985714,4.853053
ref50,558,0.700,5000.0,inf,40.0,32.025315,99.985714,4.852462
ref50,559,0.700,5000.0,inf,inf,30.807542,99.985714,4.859215
ref50,560,0.800,100.0,20.0,20.0,0.506788,8.937895,7.411760
ref50,561,0.800,100.0,20.0,30.0,4.880373,2.611281,7.522134
ref50,562,0.800,100.0,20.0,40.0,3.321232,3.841668,7.596709
ref50,563,0.800,100.0,20.0,inf,5.225379,13.883704,7.477642
ref50,564,0.800,100.0,30.0,20.0,3.214054,5.070907,7.473732
ref50,565,0.800,100.0,30.0,30.0,1.463495,6.371284,7.511265
ref50,566,0.800,100.0,30.0,40.0,0.918300,7.557783,7.486409
ref50,567,0.800,100.0,30.0,inf,0.366044,8.797664,7.417584
ref50,568,0.800,100.0,40.0,20.0,0.944647,8.856015,7.540641
ref50,569,0.800,100.0,40.0,30.0,0.554796,7.582817,7.513208
ref50,570,0.800,100.0,40.0,40.0,0.648189,8.877495,7.482389
ref50,571,0.800,100.0,40.0,inf,0.638667,7.599647,7.487385
ref50,572,0.800,100.0,inf,20.0,1.545460,7.688394,7.293315
ref50,573,0.800,100.0,inf,30.0,0.366395,7.589767,7.532440
ref50,574,0.800,100.0,inf,40.0,0.690754,7.578716,7.498588
ref50,575,0.800,100.0,inf,inf,0.427491,8.679632,7.510117
ref50,576,0.800,500.0,20.0,20.0,23.012088,20.308019,0.937801
ref50,577,0.800,500.0,20.0,30.0,18.025257,21.312499,1.099187
ref50,578,0.800,500.0,20.0,40.0,16.286305,19.972557,1.094054
ref50,579,0.800,500.0,20.0,inf,18.750000,24.987500,0.971373
ref50,580,0.800,500.0,30.0,20.0,22.585614,20.259394,0.951154
ref50,581,0.800,500.0,30.0,30.0,14.321445,10.116331,0.879216
ref50,582,0.800,500.0,30.0,40.0,1.016600,6.220538,0.946063
ref50,583,0.800,500.0,30.0,inf,0.191572,6.201783,0.910951
ref50,584,0.800,500.0,40.0,20.0,12.454319,18.732977,0.979107
ref50,585,0.800,500.0,40.0,30.0,1.542657,5.037104,1.007250
ref50,586,0.800,500.0,40.0,40.0,0.711651,6.149456,0.950459
ref50,587,0.800,500.0,40.0,inf,0.485407,4.987516,0.967827
ref50,588,0.800,500.0,inf,20.0,28.289696,25.270587,0.823804
ref50,589,0.800,500.0,inf,30.0,8.250392,5.101932,0.988135
ref50,590,0.800,500.0,inf,40.0,1.166829,5.045185,0.986011
ref50,591,0.800,500.0,inf,inf,1.352502,3.620678,0.961676
ref50,592,0.800,1000.0,20.0,20.0,8.839291,14.268018,12.479363
ref50,593,0.800,1000.0,20.0,30.0,18.750000,24.987500,11.116677
ref50,594,0.800,1000.0,20.0,40.0,9.342224,99.987500,11.050937
ref50,595,0.800,1000.0,20.0,inf,21.891965,99.987500,11.123336
ref50,596,0.800,1000.0,30.0,20.0,31.301384,99.987500,10.974319
ref50,597,0.800,1000.0,30.0,30.0,18.750000,24.987500,11.080185
ref50,598,0.800,1000.0,30.0,40.0,9.254840,99.987500,11.116705
ref50,599,0.800,1000.0,30.0,inf,11.818333,99.987500,11.050790
ref50,600,0.800,1000.0,40.0,20.0,18.750000,24.987500,11.364170
ref50,601,0.800,1000.0,40.0,30.0,10.402413,99.987500,11.123408
ref50,602,0.800,1000.0,40.0,40.0,5.779821,99.987500,11.086929
ref50,603,0.800,1000.0,40.0,inf,1.656187,99.987500,11.096603
ref50,604,0.800,1000.0,inf,20.0,31.219832,99.987500,11.068978
ref50,605,0.800,1000.0,inf,30.0,3.793794,99.987500,10.996950
ref50,606,0.800,1000.0,inf,40.0,3.699521,99.987500,11.081993
ref50,607,0.800,1000.0,inf,inf,0.825331,8.835834,12.068184
ref50,608,0.800,2000.0,20.0,20.0,93.750000,79.256635,0.855159
ref50,609,0.800,2000.0,20.0,30.0,9.358213,1.901978,0.775794
ref50,610,0.800,2000.0,20.0,40.0,18.750000,17.090904,0.983617
ref50,611,0.800,2000.0,20.0,inf,17.275106,0.346021,0.849438
ref50,612,0.800,2000.0,30.0,20.0,18.750000,24.987500,1.076957
ref50,613,0.800,2000.0,30.0,30.0,24.283300,17.789290,0.944363
ref50,614,0.800,2000.0,30.0,40.0,18.750000,24.987500,1.011302
ref50,615,0.800,2000.0,30.0,inf,18.750000,9.600974,0.938248
ref50,616,0.800,2000.0,40.0,20.0,17.890484,55.617889,1.293727
ref50,617,0.800,2000.0,40.0,30.0,29.982935,21.530297,0.955928
ref50,618,0.800,2000.0,40.0,40.0,18.750000,12.078429,0.967200
ref50,619,0.800,2000.0,40.0,inf,18.750000,8.207596,0.975781
ref50,620,0.800,2000.0,inf,20.0,18.750000,24.987500,0.969987
ref50,621,0.800,2000.0,inf,30.0,10.620247,2.451504,0.935168
ref50,622,0.800,2000.0,inf,40.0,16.777962,0.070372,0.964585
ref50,623,0.800,2000.0,inf,inf,18.750000,1.256056,0.963609
ref50,624,0.800,5000.0,20.0,20.0,70.042437,99.987500,4.605091
ref50,625,0.800,5000.0,20.0,30.0,51.219713,99.987500,4.595488
ref50,626,0.800,5000.0,20.0,40.0,22.451645,99.987500,4.934798
ref50,627,0.800,5000.0,20.0,inf,0.780617,99.987500,5.005477
ref50,628,0.800,5000.0,30.0,20.0,42.007776,99.987500,4.834682
ref50,629,0.800,5000.0,30.0,30.0,72.346122,99.987500,4.812114
ref50,630,0.800,5000.0,30.0,40.0,32.844965,99.987500,4.886744
ref50,631,0.800,5000.0,30.0,inf,37.250306,99.987500,4.893953
ref50,632,0.800,5000.0,40.0,20.0,41.339100,99.987500,4.727174
ref50,633,0.800,5000.0,40.0,30.0,50.164500,99.987500,4.818221
ref50,634,0.800,5000.0,40.0,40.0,43.956895,99.987500,4.830691
ref50,635,0.800,5000.0,40.0,inf,35.900413,99.987500,4.881241
ref50,636,0.800,5000.0,inf,20.0,46.092443,99.987500,4.795727
ref50,637,0.800,5000.0,inf,30.0,34.390432,99.987500,4.892778
ref50,638,0.800,5000.0,inf,40.0,32.660791,99.987500,4.885159
ref50,639,0.800,5000.0,inf,inf,37.717430,99.987500,4.865424
ref50,640,0.900,100.0,20.0,20.0,5.151412,2.416142,7.449832
ref50,641,0.900,100.0,20.0,30.0,0.043136,8.093710,7.353061
ref50,642,0.900,100.0,20.0,40.0,1.129821,9.095798,7.464500
ref50,643,0.900,100.0,20.0,inf,2.712502,9.328069,7.474536
ref50,644,0.900,100.0,30.0,20.0,0.486099,7.971976,7.530413
ref50,645,0.900,100.0,30.0,30.0,2.491800,5.683841,7.455681
ref50,646,0.900,100.0,30.0,40.0,1.721443,5.715295,7.537994
ref50,647,0.900,100.0,30.0,inf,0.513094,7.997317,7.510401
ref50,648,0.900,100.0,40.0,20.0,0.028117,6.872429,7.593823
ref50,649,0.900,100.0,40.0,30.0,2.007303,5.748446,7.464881
ref50,650,0.900,100.0,40.0,40.0,0.032141,6.961334,7.508106
ref50,651,0.900,100.0,40.0,inf,0.509458,6.876367,7.518981
ref50,652,0.900,100.0,inf,20.0,3.032186,9.226109,7.619747
ref50,653,0.900,100.0,inf,30.0,0.557589,8.055511,7.462008
ref50,654,0.900,100.0,inf,40.0,0.030668,7.912985,7.519744
ref50,655,0.900,100.0,inf,inf,0.456764,7.847505,7.510603
ref50,656,0.900,500.0,20.0,20.0,4.687932,11.100000,0.913038
ref50,657,0.900,500.0,20.0,30.0,4.140441,1.154193,1.069634
ref50,658,0.900,500.0,20.0,40.0,10.659976,2.341436,0.805351
ref50,659,0.900,500.0,20.0,inf,5.555556,11.100000,1.008691
ref50,660,0.900,500.0,30.0,20.0,5.555556,6.582525,1.268409
ref50,661,0.900,500.0,30.0,30.0,5.064985,1.165039,1.024724
ref50,662,0.900,500.0,30.0,40.0,8.219522,2.315697,0.922258
ref50,663,0.900,500.0,30.0,inf,7.091263,2.150739,0.933032
ref50,664,0.900,500.0,40.0,20.0,5.555556,11.100000,0.807429
ref50,665,0.900,500.0,40.0,30.0,5.376036,1.085262,0.906505
ref50,666,0.900,500.0,40.0,40.0,0.908771,4.486462,0.967855
ref50,667,0.900,500.0,40.0,inf,3.657172,1.197254,0.959974
ref50,668,0.900,500.0,inf,20.0,5.555556,11.100000,1.007126
ref50,669,0.900,500.0,inf,30.0,7.604431,4.409442,1.017894
ref50,670,0.900,500.0,inf,40.0,3.709986,1.218654,0.951496
ref50,671,0.900,500.0,inf,inf,1.612198,3.436277,0.963102
ref50,672,0.900,1000.0,20.0,20.0,3.718976,11.100000,11.213491
ref50,673,0.900,1000.0,20.0,30.0,45.010153,31.020169,12.452634
ref50,674,0.900,1000.0,20.0,40.0,67.280604,99.988889,11.224756
ref50,675,0.900,1000.0,20.0,inf,2.212490,11.100000,11.179968
ref50,676,0.900,1000.0,30.0,20.0,5.555556,11.100000,11.049428
ref50,677,0.900,1000.0,30.0,30.0,5.555556,11.100000,11.061401
ref50,678,0.900,1000.0,30.0,40.0,3.493548,11.100000,11.020459
ref50,679,0.900,1000.0,30.0,inf,1.025489,99.988889,11.059001
ref50,680,0.900,1000.0,40.0,20.0,5.555556,11.100000,10.966034
ref50,681,0.900,1000.0,40.0,30.0,5.555556,11.100000,10.994917
ref50,682,0.900,1000.0,40.0,40.0,1.225203,99.988889,11.064211
ref50,683,0.900,1000.0,40.0,inf,0.857042,99.988889,11.070606
ref50,684,0.900,1000.0,inf,20.0,5.107055,20.143875,12.450792
ref50,685,0.900,1000.0,inf,30.0,5.555556,11.100000,11.068560
ref50,686,0.900,1000.0,inf,40.0,3.770778,99.988889,11.089773
ref50,687,0.900,1000.0,inf,inf,0.513604,16.413253,12.077296
ref50,688,0.900,2000.0,20.0,20.0,11.570589,15.441302,0.813744
ref50,689,0.900,2000.0,20.0,30.0,17.110613,17.669004,0.831304
ref50,690,0.900,2000.0,20.0,40.0,5.555556,11.100000,1.177155
ref50,691,0.900,2000.0,20.0,inf,88.811673,51.153055,0.755067
ref50,692,0.900,2000.0,30.0,20.0,5.555556,7.858913,1.198943
ref50,693,0.900,2000.0,30.0,30.0,5.555556,5.495980,0.874737
ref50,694,0.900,2000.0,30.0,40.0,1.248427,12.030722,0.896456
ref50,695,0.900,2000.0,30.0,inf,5.555556,11.100000,0.991699
ref50,696,0.900,2000.0,40.0,20.0,5.555556,5.258642,1.067650
ref50,697,0.900,2000.0,40.0,30.0,5.555556,1.534787,0.978407
ref50,698,0.900,2000.0,40.0,40.0,5.555556,1.482866,0.941417
ref50,699,0.900,2000.0,40.0,inf,5.555556,3.603089,0.946975
ref50,700,0.900,2000.0,inf,20.0,5.555556,11.100000,0.744021
ref50,701,0.900,2000.0,inf,30.0,5.555556,9.946337,0.927480
ref50,702,0.900,2000.0,inf,40.0,5.555556,2.447241,0.972413
ref50,703,0.900,2000.0,inf,inf,5.555556,2.850038,0.964094
ref50,704,0.900,5000.0,20.0,20.0,60.310452,99.988889,4.657302
ref50,705,0.900,5000.0,20.0,30.0,29.191324,99.988889,5.438322
ref50,706,0.900,5000.0,20.0,40.0,62.464672,99.988889,4.863008
ref50,707,0.900,5000.0,20.0,inf,55.950967,99.988889,4.697189
ref50,708,0.900,5000.0,30.0,20.0,94.444444,99.988889,4.303323
ref50,709,0.900,5000.0,30.0,30.0,41.136140,99.988889,4.869273
ref50,710,0.900,5000.0,30.0,40.0,54.169131,99.988889,4.736567
ref50,711,0.900,5000.0,30.0,inf,67.086317,99.988889,4.764986
ref50,712,0.900,5000.0,40.0,20.0,59.114671,99.988889,4.887080
ref50,713,0.900,5000.0,40.0,30.0,52.095944,99.988889,4.776163
ref50,714,0.900,5000.0,40.0,40.0,46.940544,99.988889,4.850285
ref50,715,0.900,5000.0,40.0,inf,39.187986,99.988889,4.888501
ref50,716,0.900,5000.0,inf,20.0,30.187412,99.988889,5.067145
ref50,717,0.900,5000.0,inf,30.0,30.413137,99.988889,4.983329
ref50,718,0.900,5000.0,inf,40.0,46.027259,99.988889,4.863646
ref50,719,0.900,5000.0,inf,inf,43.737785,99.988889,4.868117
