dataset,cell,alpha,Rx,snrV,snrI,loc_err_p1,loc_err_p2_mean,loc_improvement_frac,loc_improvement_pct
pscad,0,0.100,100.0,20.0,20.0,21.799065,33.672319,-0.544668,-54.4668
pscad,1,0.100,100.0,20.0,30.0,29.632068,13.221873,0.553799,55.3799
pscad,2,0.100,100.0,20.0,40.0,23.349824,73.531449,-2.149122,-214.9122
pscad,3,0.100,100.0,20.0,inf,2.484896,52.610432,-20.172087,-2017.2087
pscad,4,0.100,100.0,30.0,20.0,14.718273,32.701356,-1.221820,-122.1820
pscad,5,0.100,100.0,30.0,30.0,17.690741,33.045087,-0.867931,-86.7931
pscad,6,0.100,100.0,30.0,40.0,5.243595,52.998703,-9.107321,-910.7321
pscad,7,0.100,100.0,30.0,inf,5.133801,53.239234,-9.370335,-937.0335
pscad,8,0.100,100.0,40.0,20.0,7.163784,43.803692,-5.114603,-511.4603
pscad,9,0.100,100.0,40.0,30.0,0.144345,43.668576,-301.530015,-30153.0015
pscad,10,0.100,100.0,40.0,40.0,0.080835,43.654511,-539.042332,-53904.2332
pscad,11,0.100,100.0,40.0,inf,1.928498,44.011210,-21.821498,-2182.1498
pscad,12,0.100,100.0,inf,20.0,38.464747,83.785109,-1.178231,-117.8231
pscad,13,0.100,100.0,inf,30.0,1.581916,43.391806,-26.429907,-2642.9907
pscad,14,0.100,100.0,inf,40.0,1.283335,43.527673,-32.917625,-3291.7625
pscad,15,0.100,100.0,inf,inf,0.564699,52.333045,-91.674289,-9167.4289
pscad,16,0.100,500.0,20.0,20.0,102.049808,90.974397,0.108529,10.8529
pscad,17,0.100,500.0,20.0,30.0,31.881756,20.926453,0.343623,34.3623
pscad,18,0.100,500.0,20.0,40.0,192.979377,183.180251,0.050778,5.0778
pscad,19,0.100,500.0,20.0,inf,40.555553,21.811740,0.462176,46.2176
pscad,20,0.100,500.0,30.0,20.0,253.389888,253.502591,-0.000445,-0.0445
pscad,21,0.100,500.0,30.0,30.0,27.378068,10.096565,0.631217,63.1217
pscad,22,0.100,500.0,30.0,40.0,0.477518,20.615632,-42.172510,-4217.2510
pscad,23,0.100,500.0,30.0,inf,48.346212,30.238470,0.374543,37.4543
pscad,24,0.100,500.0,40.0,20.0,43.902863,31.194127,0.289474,28.9474
pscad,25,0.100,500.0,40.0,30.0,17.388263,9.282528,0.466161,46.6161
pscad,26,0.100,500.0,40.0,40.0,3.368255,19.942504,-4.920722,-492.0722
pscad,27,0.100,500.0,40.0,inf,6.427992,19.267181,-1.997387,-199.7387
pscad,28,0.100,500.0,inf,20.0,120.676606,112.259772,0.069747,6.9747
pscad,29,0.100,500.0,inf,30.0,8.469486,9.747070,-0.150846,-15.0846
pscad,30,0.100,500.0,inf,40.0,14.137335,9.676267,0.315552,31.5552
pscad,31,0.100,500.0,inf,inf,14.179974,9.571888,0.324971,32.4971
pscad,32,0.100,1000.0,20.0,20.0,50.000000,250.803226,-4.016065,-401.6065
pscad,33,0.100,1000.0,20.0,30.0,284.872547,99.900000,0.649317,64.9317
pscad,34,0.100,1000.0,20.0,40.0,50.000000,99.900000,-0.998000,-99.8000
pscad,35,0.100,1000.0,20.0,inf,308.260085,99.900000,0.675923,67.5923
pscad,36,0.100,1000.0,30.0,20.0,46.878739,99.900000,-1.131030,-113.1030
pscad,37,0.100,1000.0,30.0,30.0,158.096142,99.900000,0.368106,36.8106
pscad,38,0.100,1000.0,30.0,40.0,43.996232,99.900000,-1.270649,-127.0649
pscad,39,0.100,1000.0,30.0,inf,8.801235,99.900000,-10.350679,-1035.0679
pscad,40,0.100,1000.0,40.0,20.0,75.991877,99.900000,-0.314614,-31.4614
pscad,41,0.100,1000.0,40.0,30.0,6.418378,99.900000,-14.564680,-1456.4680
pscad,42,0.100,1000.0,40.0,40.0,50.367868,99.900000,-0.983407,-98.3407
pscad,43,0.100,1000.0,40.0,inf,84.035926,99.900000,-0.188777,-18.8777
pscad,44,0.100,1000.0,inf,20.0,2.242614,399.029901,-176.930735,-17693.0735
pscad,45,0.100,1000.0,inf,30.0,50.807771,99.900000,-0.966235,-96.6235
pscad,46,0.100,1000.0,inf,40.0,29.499503,99.900000,-2.386498,-238.6498
pscad,47,0.100,1000.0,inf,inf,48.172582,438.959594,-8.112229,-811.2229
pscad,48,0.100,2000.0,20.0,20.0,451.719055,476.176889,-0.054144,-5.4144
pscad,49,0.100,2000.0,20.0,30.0,50.000000,99.900000,-0.998000,-99.8000
pscad,50,0.100,2000.0,20.0,40.0,518.717829,393.629860,0.241148,24.1148
pscad,51,0.100,2000.0,20.0,inf,50.000000,98.035208,-0.960704,-96.0704
pscad,52,0.100,2000.0,30.0,20.0,370.365031,366.320482,0.010920,1.0920
pscad,53,0.100,2000.0,30.0,30.0,170.925382,211.999256,-0.240303,-24.0303
pscad,54,0.100,2000.0,30.0,40.0,200.221560,383.367020,-0.914714,-91.4714
pscad,55,0.100,2000.0,30.0,inf,142.455410,271.799649,-0.907963,-90.7963
pscad,56,0.100,2000.0,40.0,20.0,50.000000,76.999073,-0.539981,-53.9981
pscad,57,0.100,2000.0,40.0,30.0,50.000000,59.651114,-0.193022,-19.3022
pscad,58,0.100,2000.0,40.0,40.0,36.072629,190.332358,-4.276365,-427.6365
pscad,59,0.100,2000.0,40.0,inf,165.338731,262.101455,-0.585239,-58.5239
pscad,60,0.100,2000.0,inf,20.0,9.250485,29.507172,-2.189797,-218.9797
pscad,61,0.100,2000.0,inf,30.0,271.277517,313.153178,-0.154365,-15.4365
pscad,62,0.100,2000.0,inf,40.0,116.549380,242.000584,-1.076378,-107.6378
pscad,63,0.100,2000.0,inf,inf,135.224162,242.495963,-0.793289,-79.3289
pscad,64,0.100,5000.0,20.0,20.0,532.042791,99.900000,0.812233,81.2233
pscad,65,0.100,5000.0,20.0,30.0,50.000000,99.900000,-0.998000,-99.8000
pscad,66,0.100,5000.0,20.0,40.0,120.745225,99.900000,0.172638,17.2638
pscad,67,0.100,5000.0,20.0,inf,50.000000,99.900000,-0.998000,-99.8000
pscad,68,0.100,5000.0,30.0,20.0,462.280158,99.900000,0.783897,78.3897
pscad,69,0.100,5000.0,30.0,30.0,41.354118,99.900000,-1.415721,-141.5721
pscad,70,0.100,5000.0,30.0,40.0,202.534751,99.900000,0.506751,50.6751
pscad,71,0.100,5000.0,30.0,inf,347.554653,99.900000,0.712563,71.2563
pscad,72,0.100,5000.0,40.0,20.0,741.399141,99.900000,0.865255,86.5255
pscad,73,0.100,5000.0,40.0,30.0,181.090609,99.900000,0.448342,44.8342
pscad,74,0.100,5000.0,40.0,40.0,209.213871,99.900000,0.522498,52.2498
pscad,75,0.100,5000.0,40.0,inf,172.113711,99.900000,0.419570,41.9570
pscad,76,0.100,5000.0,inf,20.0,107.962436,99.900000,0.074678,7.4678
pscad,77,0.100,5000.0,inf,30.0,60.602648,99.900000,-0.648443,-64.8443
pscad,78,0.100,5000.0,inf,40.0,202.461303,99.900000,0.506572,50.6572
pscad,79,0.100,5000.0,inf,inf,182.067482,99.900000,0.451302,45.1302
pscad,80,0.200,100.0,20.0,20.0,21.933834,47.300763,-1.156521,-115.6521
pscad,81,0.200,100.0,20.0,30.0,11.910674,11.937215,-0.002228,-0.2228
pscad,82,0.200,100.0,20.0,40.0,8.298146,16.964822,-1.044411,-104.4411
pscad,83,0.200,100.0,20.0,inf,25.325499,52.182577,-1.060476,-106.0476
pscad,84,0.200,100.0,30.0,20.0,2.401310,22.239933,-8.261584,-826.1584
pscad,85,0.200,100.0,30.0,30.0,5.090623,22.061343,-3.333722,-333.3722
pscad,86,0.200,100.0,30.0,40.0,1.854067,27.054570,-13.592015,-1359.2015
pscad,87,0.200,100.0,30.0,inf,0.968402,22.320177,-22.048474,-2204.8474
pscad,88,0.200,100.0,40.0,20.0,4.560335,21.945245,-3.812201,-381.2201
pscad,89,0.200,100.0,40.0,30.0,3.104204,22.016576,-6.092502,-609.2502
pscad,90,0.200,100.0,40.0,40.0,1.032403,26.897011,-25.052820,-2505.2820
pscad,91,0.200,100.0,40.0,inf,0.921920,26.938162,-28.219633,-2821.9633
pscad,92,0.200,100.0,inf,20.0,2.971503,21.829023,-6.346121,-634.6121
pscad,93,0.200,100.0,inf,30.0,2.242045,27.071205,-11.074334,-1107.4334
pscad,94,0.200,100.0,inf,40.0,1.064087,26.965752,-24.341679,-2434.1679
pscad,95,0.200,100.0,inf,inf,0.082911,26.790176,-322.121197,-32212.1197
pscad,96,0.200,500.0,20.0,20.0,75.000000,99.950000,-0.332667,-33.2667
pscad,97,0.200,500.0,20.0,30.0,44.457502,41.284568,0.071370,7.1370
pscad,98,0.200,500.0,20.0,40.0,11.802894,14.201219,-0.203198,-20.3198
pscad,99,0.200,500.0,20.0,inf,75.000000,99.950000,-0.332667,-33.2667
pscad,100,0.200,500.0,30.0,20.0,36.768623,49.891796,-0.356912,-35.6912
pscad,101,0.200,500.0,30.0,30.0,83.245289,82.192000,0.012653,1.2653
pscad,102,0.200,500.0,30.0,40.0,6.758056,0.543814,0.919531,91.9531
pscad,103,0.200,500.0,30.0,inf,16.227855,10.873499,0.329948,32.9948
pscad,104,0.200,500.0,40.0,20.0,75.000000,95.997938,-0.279973,-27.9973
pscad,105,0.200,500.0,40.0,30.0,36.909350,31.528235,0.145793,14.5793
pscad,106,0.200,500.0,40.0,40.0,9.415643,19.007168,-1.018680,-101.8680
pscad,107,0.200,500.0,40.0,inf,3.658191,4.079541,-0.115180,-11.5180
pscad,108,0.200,500.0,inf,20.0,3.022477,4.023608,-0.331229,-33.1229
pscad,109,0.200,500.0,inf,30.0,8.986947,1.101858,0.877394,87.7394
pscad,110,0.200,500.0,inf,40.0,12.981855,6.033315,0.535250,53.5250
pscad,111,0.200,500.0,inf,inf,4.841289,3.881860,0.198176,19.8176
pscad,112,0.200,1000.0,20.0,20.0,43.943808,99.950000,-1.274496,-127.4496
pscad,113,0.200,1000.0,20.0,30.0,75.000000,99.950000,-0.332667,-33.2667
pscad,114,0.200,1000.0,20.0,40.0,75.000000,141.576124,-0.887682,-88.7682
pscad,115,0.200,1000.0,20.0,inf,6.740951,99.950000,-13.827286,-1382.7286
pscad,116,0.200,1000.0,30.0,20.0,233.734521,233.724237,0.000044,0.0044
pscad,117,0.200,1000.0,30.0,30.0,28.345763,99.950000,-2.526100,-252.6100
pscad,118,0.200,1000.0,30.0,40.0,23.016657,99.950000,-3.342507,-334.2507
pscad,119,0.200,1000.0,30.0,inf,28.551272,99.950000,-2.500720,-250.0720
pscad,120,0.200,1000.0,40.0,20.0,21.281924,99.950000,-3.696474,-369.6474
pscad,121,0.200,1000.0,40.0,30.0,38.406765,99.950000,-1.602406,-160.2406
pscad,122,0.200,1000.0,40.0,40.0,8.132040,99.950000,-11.290888,-1129.0888
pscad,123,0.200,1000.0,40.0,inf,26.042232,99.950000,-2.837997,-283.7997
pscad,124,0.200,1000.0,inf,20.0,15.612177,99.950000,-5.402054,-540.2054
pscad,125,0.200,1000.0,inf,30.0,2.790766,99.950000,-34.814536,-3481.4536
pscad,126,0.200,1000.0,inf,40.0,13.206074,99.950000,-6.568487,-656.8487
pscad,127,0.200,1000.0,inf,inf,18.127720,182.479063,-9.066300,-906.6300
pscad,128,0.200,2000.0,20.0,20.0,20.015162,80.843214,-3.039099,-303.9099
pscad,129,0.200,2000.0,20.0,30.0,49.628281,95.522134,-0.924752,-92.4752
pscad,130,0.200,2000.0,20.0,40.0,186.566430,188.757955,-0.011747,-1.1747
pscad,131,0.200,2000.0,20.0,inf,75.000000,99.950000,-0.332667,-33.2667
pscad,132,0.200,2000.0,30.0,20.0,75.000000,99.950000,-0.332667,-33.2667
pscad,133,0.200,2000.0,30.0,30.0,21.796546,26.278447,-0.205624,-20.5624
pscad,134,0.200,2000.0,30.0,40.0,28.967051,85.852612,-1.963802,-196.3802
pscad,135,0.200,2000.0,30.0,inf,38.039777,91.335928,-1.401064,-140.1064
pscad,136,0.200,2000.0,40.0,20.0,213.618874,208.370539,0.024569,2.4569
pscad,137,0.200,2000.0,40.0,30.0,173.132226,212.626239,-0.228115,-22.8115
pscad,138,0.200,2000.0,40.0,40.0,50.010657,106.581935,-1.131184,-113.1184
pscad,139,0.200,2000.0,40.0,inf,57.793762,117.320561,-1.029987,-102.9987
pscad,140,0.200,2000.0,inf,20.0,262.006131,259.080819,0.011165,1.1165
pscad,141,0.200,2000.0,inf,30.0,126.808943,152.288286,-0.200927,-20.0927
pscad,142,0.200,2000.0,inf,40.0,68.794669,132.408027,-0.924684,-92.4684
pscad,143,0.200,2000.0,inf,inf,56.642674,112.088366,-0.978868,-97.8868
pscad,144,0.200,5000.0,20.0,20.0,219.148077,99.950000,0.543916,54.3916
pscad,145,0.200,5000.0,20.0,30.0,75.000000,99.950000,-0.332667,-33.2667
pscad,146,0.200,5000.0,20.0,40.0,73.427839,99.950000,-0.361200,-36.1200
pscad,147,0.200,5000.0,20.0,inf,16.112131,99.950000,-5.203401,-520.3401
pscad,148,0.200,5000.0,30.0,20.0,135.390374,99.950000,0.261764,26.1764
pscad,149,0.200,5000.0,30.0,30.0,24.536017,99.950000,-3.073603,-307.3603
pscad,150,0.200,5000.0,30.0,40.0,24.525002,99.950000,-3.075433,-307.5433
pscad,151,0.200,5000.0,30.0,inf,150.441285,99.950000,0.335621,33.5621
pscad,152,0.200,5000.0,40.0,20.0,96.655231,99.950000,-0.034088,-3.4088
pscad,153,0.200,5000.0,40.0,30.0,51.713729,99.950000,-0.932756,-93.2756
pscad,154,0.200,5000.0,40.0,40.0,82.348418,99.950000,-0.213745,-21.3745
pscad,155,0.200,5000.0,40.0,inf,28.457189,99.950000,-2.512294,-251.2294
pscad,156,0.200,5000.0,inf,20.0,75.000000,99.950000,-0.332667,-33.2667
pscad,157,0.200,5000.0,inf,30.0,52.788222,99.950000,-0.893415,-89.3415
pscad,158,0.200,5000.0,inf,40.0,49.236816,99.950000,-1.029985,-102.9985
pscad,159,0.200,5000.0,inf,inf,62.680218,99.950000,-0.594602,-59.4602
pscad,160,0.300,100.0,20.0,20.0,10.765882,5.149267,0.521705,52.1705
pscad,161,0.300,100.0,20.0,30.0,7.778448,8.672716,-0.114967,-11.4967
pscad,162,0.300,100.0,20.0,40.0,2.131732,15.117878,-6.091830,-609.1830
pscad,163,0.300,100.0,20.0,inf,2.031029,14.994469,-6.382697,-638.2697
pscad,164,0.300,100.0,30.0,20.0,1.034629,15.288907,-13.777186,-1377.7186
pscad,165,0.300,100.0,30.0,30.0,3.656006,21.736538,-4.945433,-494.5433
pscad,166,0.300,100.0,30.0,40.0,0.041041,18.255302,-443.808129,-44380.8129
pscad,167,0.300,100.0,30.0,inf,1.995406,15.066033,-6.550361,-655.0361
pscad,168,0.300,100.0,40.0,20.0,11.956062,5.040923,0.578379,57.8379
pscad,169,0.300,100.0,40.0,30.0,1.484646,15.154014,-9.207157,-920.7157
pscad,170,0.300,100.0,40.0,40.0,1.092242,15.239405,-12.952408,-1295.2408
pscad,171,0.300,100.0,40.0,inf,0.849544,18.403710,-20.663052,-2066.3052
pscad,172,0.300,100.0,inf,20.0,1.405128,18.355776,-12.063415,-1206.3415
pscad,173,0.300,100.0,inf,30.0,2.791790,21.723914,-6.781356,-678.1356
pscad,174,0.300,100.0,inf,40.0,0.177153,18.254880,-102.045704,-10204.5704
pscad,175,0.300,100.0,inf,inf,0.102864,18.273595,-176.647326,-17664.7326
pscad,176,0.300,500.0,20.0,20.0,1.550895,2.093315,-0.349747,-34.9747
pscad,177,0.300,500.0,20.0,30.0,83.333333,99.966667,-0.199600,-19.9600
pscad,178,0.300,500.0,20.0,40.0,42.327737,41.691049,0.015042,1.5042
pscad,179,0.300,500.0,20.0,inf,32.605715,31.665329,0.028841,2.8841
pscad,180,0.300,500.0,30.0,20.0,14.559716,19.245304,-0.321819,-32.1819
pscad,181,0.300,500.0,30.0,30.0,16.714356,14.822475,0.113189,11.3189
pscad,182,0.300,500.0,30.0,40.0,12.542818,11.199338,0.107112,10.7112
pscad,183,0.300,500.0,30.0,inf,23.675376,24.441369,-0.032354,-3.2354
pscad,184,0.300,500.0,40.0,20.0,41.773201,44.721838,-0.070587,-7.0587
pscad,185,0.300,500.0,40.0,30.0,1.276772,2.102958,-0.647089,-64.7089
pscad,186,0.300,500.0,40.0,40.0,0.719004,2.194487,-2.052123,-205.2123
pscad,187,0.300,500.0,40.0,inf,4.527863,1.312453,0.710139,71.0139
pscad,188,0.300,500.0,inf,20.0,20.155152,22.585335,-0.120574,-12.0574
pscad,189,0.300,500.0,inf,30.0,5.274144,8.896797,-0.686870,-68.6870
pscad,190,0.300,500.0,inf,40.0,10.489915,8.021353,0.235327,23.5327
pscad,191,0.300,500.0,inf,inf,1.906985,0.827851,0.565885,56.5885
pscad,192,0.300,1000.0,20.0,20.0,66.313198,99.966667,-0.507493,-50.7493
pscad,193,0.300,1000.0,20.0,30.0,8.333369,85.584890,-9.270142,-927.0142
pscad,194,0.300,1000.0,20.0,40.0,44.161006,99.966667,-1.263686,-126.3686
pscad,195,0.300,1000.0,20.0,inf,53.900371,99.966667,-0.854656,-85.4656
pscad,196,0.300,1000.0,30.0,20.0,16.845816,99.966667,-4.934213,-493.4213
pscad,197,0.300,1000.0,30.0,30.0,14.540584,99.966667,-5.875011,-587.5011
pscad,198,0.300,1000.0,30.0,40.0,6.909752,99.966667,-13.467475,-1346.7475
pscad,199,0.300,1000.0,30.0,inf,14.094214,99.966667,-6.092745,-609.2745
pscad,200,0.300,1000.0,40.0,20.0,83.333333,99.966667,-0.199600,-19.9600
pscad,201,0.300,1000.0,40.0,30.0,7.606226,99.966667,-12.142741,-1214.2741
pscad,202,0.300,1000.0,40.0,40.0,7.946421,99.966667,-11.580087,-1158.0087
pscad,203,0.300,1000.0,40.0,inf,8.048329,99.966667,-11.420798,-1142.0798
pscad,204,0.300,1000.0,inf,20.0,165.556164,99.966667,0.396177,39.6177
pscad,205,0.300,1000.0,inf,30.0,42.820279,99.966667,-1.334564,-133.4564
pscad,206,0.300,1000.0,inf,40.0,13.554432,99.966667,-6.375201,-637.5201
pscad,207,0.300,1000.0,inf,inf,8.936333,98.094390,-9.977029,-997.7029
pscad,208,0.300,2000.0,20.0,20.0,83.333333,99.966667,-0.199600,-19.9600
pscad,209,0.300,2000.0,20.0,30.0,72.833155,62.247640,0.145339,14.5339
pscad,210,0.300,2000.0,20.0,40.0,78.355703,23.381683,0.701596,70.1596
pscad,211,0.300,2000.0,20.0,inf,216.666667,233.300000,-0.076769,-7.6769
pscad,212,0.300,2000.0,30.0,20.0,13.690086,98.789086,-6.216104,-621.6104
pscad,213,0.300,2000.0,30.0,30.0,162.382427,146.913385,0.095263,9.5263
pscad,214,0.300,2000.0,30.0,40.0,47.865289,71.819903,-0.500459,-50.0459
pscad,215,0.300,2000.0,30.0,inf,27.071154,20.961513,0.225688,22.5688
pscad,216,0.300,2000.0,40.0,20.0,83.333333,23.202199,0.721574,72.1574
pscad,217,0.300,2000.0,40.0,30.0,42.336357,45.017704,-0.063334,-6.3334
pscad,218,0.300,2000.0,40.0,40.0,49.462066,78.230689,-0.581630,-58.1630
pscad,219,0.300,2000.0,40.0,inf,19.668709,61.619393,-2.132864,-213.2864
pscad,220,0.300,2000.0,inf,20.0,59.109058,59.337121,-0.003858,-0.3858
pscad,221,0.300,2000.0,inf,30.0,45.637108,65.204749,-0.428766,-42.8766
pscad,222,0.300,2000.0,inf,40.0,50.957895,88.141066,-0.729684,-72.9684
pscad,223,0.300,2000.0,inf,inf,32.775415,68.130327,-1.078702,-107.8702
pscad,224,0.300,5000.0,20.0,20.0,57.693187,99.966667,-0.732729,-73.2729
pscad,225,0.300,5000.0,20.0,30.0,111.439151,99.966667,0.102948,10.2948
pscad,226,0.300,5000.0,20.0,40.0,66.974800,99.966667,-0.492601,-49.2601
pscad,227,0.300,5000.0,20.0,inf,111.305460,99.966667,0.101871,10.1871
pscad,228,0.300,5000.0,30.0,20.0,11.166608,99.966667,-7.952286,-795.2286
pscad,229,0.300,5000.0,30.0,30.0,8.036936,99.966667,-11.438405,-1143.8405
pscad,230,0.300,5000.0,30.0,40.0,10.504797,99.966667,-8.516287,-851.6287
pscad,231,0.300,5000.0,30.0,inf,41.003391,99.966667,-1.438010,-143.8010
pscad,232,0.300,5000.0,40.0,20.0,109.097611,99.966667,0.083695,8.3695
pscad,233,0.300,5000.0,40.0,30.0,27.841475,99.966667,-2.590566,-259.0566
pscad,234,0.300,5000.0,40.0,40.0,12.344343,99.966667,-7.098177,-709.8177
pscad,235,0.300,5000.0,40.0,inf,19.322461,99.966667,-4.173599,-417.3599
pscad,236,0.300,5000.0,inf,20.0,83.333333,99.966667,-0.199600,-19.9600
pscad,237,0.300,5000.0,inf,30.0,8.723559,99.966667,-10.459391,-1045.9391
pscad,238,0.300,5000.0,inf,40.0,20.696634,99.966667,-3.830093,-383.0093
pscad,239,0.300,5000.0,inf,inf,22.339835,99.966667,-3.474817,-347.4817
pscad,240,0.400,100.0,20.0,20.0,14.065765,29.402332,-1.090347,-109.0347
pscad,241,0.400,100.0,20.0,30.0,0.156905,14.087933,-88.786381,-8878.6381
pscad,242,0.400,100.0,20.0,40.0,5.168717,6.724386,-0.300978,-30.0978
pscad,243,0.400,100.0,20.0,inf,0.649177,11.709645,-17.037690,-1703.7690
pscad,244,0.400,100.0,30.0,20.0,0.513664,14.323961,-26.885861,-2688.5861
pscad,245,0.400,100.0,30.0,30.0,1.779161,14.279216,-7.025816,-702.5816
pscad,246,0.400,100.0,30.0,40.0,1.451396,11.614961,-7.002612,-700.2612
pscad,247,0.400,100.0,30.0,inf,1.580241,14.262352,-8.025429,-802.5429
pscad,248,0.400,100.0,40.0,20.0,5.495393,8.983615,-0.634754,-63.4754
pscad,249,0.400,100.0,40.0,30.0,0.033021,14.070514,-425.105265,-42510.5265
pscad,250,0.400,100.0,40.0,40.0,1.927090,11.602922,-5.020953,-502.0953
pscad,251,0.400,100.0,40.0,inf,0.554983,14.103468,-24.412451,-2441.2451
pscad,252,0.400,100.0,inf,20.0,8.292441,21.600509,-1.604843,-160.4843
pscad,253,0.400,100.0,inf,30.0,2.198996,11.629449,-4.288526,-428.8526
pscad,254,0.400,100.0,inf,40.0,1.076987,11.727908,-9.889554,-988.9554
pscad,255,0.400,100.0,inf,inf,0.211805,16.150024,-75.249507,-7524.9507
pscad,256,0.400,500.0,20.0,20.0,8.996346,8.693806,0.033629,3.3629
pscad,257,0.400,500.0,20.0,30.0,21.309449,21.853155,-0.025515,-2.5515
pscad,258,0.400,500.0,20.0,40.0,8.619623,11.272017,-0.307716,-30.7716
pscad,259,0.400,500.0,20.0,inf,38.437199,41.818839,-0.087978,-8.7978
pscad,260,0.400,500.0,30.0,20.0,15.587537,16.604462,-0.065240,-6.5240
pscad,261,0.400,500.0,30.0,30.0,7.525765,6.670750,0.113612,11.3612
pscad,262,0.400,500.0,30.0,40.0,0.013386,0.968943,-71.385696,-7138.5696
pscad,263,0.400,500.0,30.0,inf,4.655036,6.126453,-0.316091,-31.6091
pscad,264,0.400,500.0,40.0,20.0,80.260465,92.032738,-0.146676,-14.6676
pscad,265,0.400,500.0,40.0,30.0,19.878739,21.433728,-0.078224,-7.8224
pscad,266,0.400,500.0,40.0,40.0,1.982372,3.456215,-0.743474,-74.3474
pscad,267,0.400,500.0,40.0,inf,0.687061,1.203075,-0.751046,-75.1046
pscad,268,0.400,500.0,inf,20.0,20.816771,23.928597,-0.149486,-14.9486
pscad,269,0.400,500.0,inf,30.0,6.496577,6.392858,0.015965,1.5965
pscad,270,0.400,500.0,inf,40.0,8.087896,8.886859,-0.098785,-9.8785
pscad,271,0.400,500.0,inf,inf,0.541484,1.093080,-1.018675,-101.8675
pscad,272,0.400,1000.0,20.0,20.0,104.300506,77.200364,0.259828,25.9828
pscad,273,0.400,1000.0,20.0,30.0,129.748950,99.975000,0.229474,22.9474
pscad,274,0.400,1000.0,20.0,40.0,33.371943,99.975000,-1.995780,-199.5780
pscad,275,0.400,1000.0,20.0,inf,137.500000,149.975000,-0.090727,-9.0727
pscad,276,0.400,1000.0,30.0,20.0,17.752980,99.975000,-4.631449,-463.1449
pscad,277,0.400,1000.0,30.0,30.0,16.441030,99.975000,-5.080824,-508.0824
pscad,278,0.400,1000.0,30.0,40.0,6.325675,99.975000,-14.804638,-1480.4638
pscad,279,0.400,1000.0,30.0,inf,18.498553,99.975000,-4.404477,-440.4477
pscad,280,0.400,1000.0,40.0,20.0,43.807676,99.975000,-1.282134,-128.2134
pscad,281,0.400,1000.0,40.0,30.0,7.420381,99.975000,-12.473027,-1247.3027
pscad,282,0.400,1000.0,40.0,40.0,7.018661,99.975000,-13.244170,-1324.4170
pscad,283,0.400,1000.0,40.0,inf,16.355354,99.975000,-5.112677,-511.2677
pscad,284,0.400,1000.0,inf,20.0,16.996762,99.975000,-4.882003,-488.2003
pscad,285,0.400,1000.0,inf,30.0,11.729750,99.975000,-7.523200,-752.3200
pscad,286,0.400,1000.0,inf,40.0,9.447869,99.975000,-9.581751,-958.1751
pscad,287,0.400,1000.0,inf,inf,4.904977,55.751620,-10.366336,-1036.6336
pscad,288,0.400,2000.0,20.0,20.0,60.597937,82.825714,-0.366807,-36.6807
pscad,289,0.400,2000.0,20.0,30.0,69.237549,22.588570,0.673753,67.3753
pscad,290,0.400,2000.0,20.0,40.0,137.500000,116.697878,0.151288,15.1288
pscad,291,0.400,2000.0,20.0,inf,6.542409,38.410568,-4.871013,-487.1013
pscad,292,0.400,2000.0,30.0,20.0,16.171544,6.377439,0.605638,60.5638
pscad,293,0.400,2000.0,30.0,30.0,76.056533,64.588937,0.150777,15.0777
pscad,294,0.400,2000.0,30.0,40.0,88.493005,74.594340,0.157059,15.7059
pscad,295,0.400,2000.0,30.0,inf,58.406144,54.526400,0.066427,6.6427
pscad,296,0.400,2000.0,40.0,20.0,137.500000,149.975000,-0.090727,-9.0727
pscad,297,0.400,2000.0,40.0,30.0,12.573319,41.315475,-2.285964,-228.5964
pscad,298,0.400,2000.0,40.0,40.0,43.215142,54.407140,-0.258983,-25.8983
pscad,299,0.400,2000.0,40.0,inf,17.232396,38.656837,-1.243265,-124.3265
pscad,300,0.400,2000.0,inf,20.0,87.500000,65.328117,0.253393,25.3393
pscad,301,0.400,2000.0,inf,30.0,14.994218,11.109366,0.259090,25.9090
pscad,302,0.400,2000.0,inf,40.0,12.242379,38.718409,-2.162654,-216.2654
pscad,303,0.400,2000.0,inf,inf,22.936693,43.885648,-0.913338,-91.3338
pscad,304,0.400,5000.0,20.0,20.0,87.500000,99.975000,-0.142571,-14.2571
pscad,305,0.400,5000.0,20.0,30.0,34.363505,99.975000,-1.909337,-190.9337
pscad,306,0.400,5000.0,20.0,40.0,23.308915,99.975000,-3.289131,-328.9131
pscad,307,0.400,5000.0,20.0,inf,87.500000,99.975000,-0.142571,-14.2571
pscad,308,0.400,5000.0,30.0,20.0,87.500000,99.975000,-0.142571,-14.2571
pscad,309,0.400,5000.0,30.0,30.0,3.387770,99.975000,-28.510567,-2851.0567
pscad,310,0.400,5000.0,30.0,40.0,24.028607,99.975000,-3.160666,-316.0666
pscad,311,0.400,5000.0,30.0,inf,27.867189,99.975000,-2.587552,-258.7552
pscad,312,0.400,5000.0,40.0,20.0,78.394032,99.975000,-0.275288,-27.5288
pscad,313,0.400,5000.0,40.0,30.0,38.312046,99.975000,-1.609493,-160.9493
pscad,314,0.400,5000.0,40.0,40.0,4.323801,99.975000,-22.122019,-2212.2019
pscad,315,0.400,5000.0,40.0,inf,7.253401,99.975000,-12.783190,-1278.3190
pscad,316,0.400,5000.0,inf,20.0,137.500000,99.975000,0.272909,27.2909
pscad,317,0.400,5000.0,inf,30.0,12.452428,99.975000,-7.028554,-702.8554
pscad,318,0.400,5000.0,inf,40.0,7.602212,99.975000,-12.150778,-1215.0778
pscad,319,0.400,5000.0,inf,inf,1.251485,99.975000,-78.885098,-7888.5098
pscad,320,0.500,100.0,20.0,20.0,12.957363,23.655209,-0.825619,-82.5619
pscad,321,0.500,100.0,20.0,30.0,1.116229,9.505614,-7.515830,-751.5830
pscad,322,0.500,100.0,20.0,40.0,5.260402,7.363445,-0.399788,-39.9788
pscad,323,0.500,100.0,20.0,inf,1.019451,13.463488,-12.206601,-1220.6601
pscad,324,0.500,100.0,30.0,20.0,2.846740,13.562590,-3.764253,-376.4253
pscad,325,0.500,100.0,30.0,30.0,0.837543,9.563078,-10.418020,-1041.8020
pscad,326,0.500,100.0,30.0,40.0,1.202601,13.469518,-10.200318,-1020.0318
pscad,327,0.500,100.0,30.0,inf,1.149850,9.560001,-7.314129,-731.4129
pscad,328,0.500,100.0,40.0,20.0,3.169189,15.514922,-3.895549,-389.5549
pscad,329,0.500,100.0,40.0,30.0,0.018296,11.534375,-629.441242,-62944.1242
pscad,330,0.500,100.0,40.0,40.0,1.624947,9.555160,-4.880290,-488.0290
pscad,331,0.500,100.0,40.0,inf,0.548690,11.576610,-20.098632,-2009.8632
pscad,332,0.500,100.0,inf,20.0,3.678454,15.686140,-3.264329,-326.4329
pscad,333,0.500,100.0,inf,30.0,1.359018,9.626862,-6.083688,-608.3688
pscad,334,0.500,100.0,inf,40.0,0.060094,11.518667,-190.678062,-19067.8062
pscad,335,0.500,100.0,inf,inf,0.287733,13.164154,-44.751335,-4475.1335
pscad,336,0.500,500.0,20.0,20.0,17.589996,27.422715,-0.558995,-55.8995
pscad,337,0.500,500.0,20.0,30.0,22.436149,29.437144,-0.312041,-31.2041
pscad,338,0.500,500.0,20.0,40.0,7.347176,9.355773,-0.273384,-27.3384
pscad,339,0.500,500.0,20.0,inf,14.773082,15.199579,-0.028870,-2.8870
pscad,340,0.500,500.0,30.0,20.0,4.590555,2.646730,0.423440,42.3440
pscad,341,0.500,500.0,30.0,30.0,9.838320,8.974703,0.087781,8.7781
pscad,342,0.500,500.0,30.0,40.0,1.783624,0.746199,0.581639,58.1639
pscad,343,0.500,500.0,30.0,inf,4.462320,3.049724,0.316561,31.6561
pscad,344,0.500,500.0,40.0,20.0,19.235703,17.107648,0.110630,11.0630
pscad,345,0.500,500.0,40.0,30.0,0.340401,1.283883,-2.771676,-277.1676
pscad,346,0.500,500.0,40.0,40.0,1.695635,0.695685,0.589720,58.9720
pscad,347,0.500,500.0,40.0,inf,0.439947,3.091153,-6.026199,-602.6199
pscad,348,0.500,500.0,inf,20.0,32.589606,43.733542,-0.341948,-34.1948
pscad,349,0.500,500.0,inf,30.0,5.561859,7.148708,-0.285309,-28.5309
pscad,350,0.500,500.0,inf,40.0,0.263213,1.312523,-3.986546,-398.6546
pscad,351,0.500,500.0,inf,inf,0.224118,1.258102,-4.613569,-461.3569
pscad,352,0.500,1000.0,20.0,20.0,36.612890,99.980000,-1.730732,-173.0732
pscad,353,0.500,1000.0,20.0,30.0,1.125121,99.980000,-87.861527,-8786.1527
pscad,354,0.500,1000.0,20.0,40.0,66.823991,99.980000,-0.496169,-49.6169
pscad,355,0.500,1000.0,20.0,inf,61.070846,99.980000,-0.637115,-63.7115
pscad,356,0.500,1000.0,30.0,20.0,11.988369,28.141318,-1.347385,-134.7385
pscad,357,0.500,1000.0,30.0,30.0,1.226180,99.980000,-80.537763,-8053.7763
pscad,358,0.500,1000.0,30.0,40.0,10.709878,99.980000,-8.335307,-833.5307
pscad,359,0.500,1000.0,30.0,inf,12.851933,99.980000,-6.779374,-677.9374
pscad,360,0.500,1000.0,40.0,20.0,1.061698,99.980000,-93.169879,-9316.9879
pscad,361,0.500,1000.0,40.0,30.0,10.017591,99.980000,-8.980444,-898.0444
pscad,362,0.500,1000.0,40.0,40.0,6.846121,99.980000,-13.603891,-1360.3891
pscad,363,0.500,1000.0,40.0,inf,0.994109,99.980000,-99.572515,-9957.2515
pscad,364,0.500,1000.0,inf,20.0,31.955490,99.980000,-2.128727,-212.8727
pscad,365,0.500,1000.0,inf,30.0,7.846071,99.980000,-11.742683,-1174.2683
pscad,366,0.500,1000.0,inf,40.0,2.763768,99.980000,-35.175256,-3517.5256
pscad,367,0.500,1000.0,inf,inf,2.886337,29.495245,-9.218919,-921.8919
pscad,368,0.500,2000.0,20.0,20.0,90.000000,99.980000,-0.110889,-11.0889
pscad,369,0.500,2000.0,20.0,30.0,90.000000,99.980000,-0.110889,-11.0889
pscad,370,0.500,2000.0,20.0,40.0,90.000000,99.980000,-0.110889,-11.0889
pscad,371,0.500,2000.0,20.0,inf,34.109704,23.113226,0.322386,32.2386
pscad,372,0.500,2000.0,30.0,20.0,90.000000,86.189780,0.042336,4.2336
pscad,373,0.500,2000.0,30.0,30.0,23.555323,27.547753,-0.169492,-16.9492
pscad,374,0.500,2000.0,30.0,40.0,71.958144,52.141820,0.275387,27.5387
pscad,375,0.500,2000.0,30.0,inf,1.520629,15.455317,-9.163762,-916.3762
pscad,376,0.500,2000.0,40.0,20.0,36.813489,27.642524,0.249120,24.9120
pscad,377,0.500,2000.0,40.0,30.0,41.044135,35.686576,0.130532,13.0532
pscad,378,0.500,2000.0,40.0,40.0,54.370546,43.840716,0.193668,19.3668
pscad,379,0.500,2000.0,40.0,inf,6.110792,19.348807,-2.166334,-216.6334
pscad,380,0.500,2000.0,inf,20.0,60.683856,45.654105,0.247673,24.7673
pscad,381,0.500,2000.0,inf,30.0,69.867493,53.843528,0.229348,22.9348
pscad,382,0.500,2000.0,inf,40.0,21.723528,29.249299,-0.346434,-34.6434
pscad,383,0.500,2000.0,inf,inf,18.988134,27.579891,-0.452480,-45.2480
pscad,384,0.500,5000.0,20.0,20.0,90.000000,99.980000,-0.110889,-11.0889
pscad,385,0.500,5000.0,20.0,30.0,7.559891,99.980000,-12.225058,-1222.5058
pscad,386,0.500,5000.0,20.0,40.0,90.000000,99.980000,-0.110889,-11.0889
pscad,387,0.500,5000.0,20.0,inf,36.092668,99.980000,-1.770092,-177.0092
pscad,388,0.500,5000.0,30.0,20.0,90.000000,99.980000,-0.110889,-11.0889
pscad,389,0.500,5000.0,30.0,30.0,17.397865,99.980000,-4.746682,-474.6682
pscad,390,0.500,5000.0,30.0,40.0,32.656002,99.980000,-2.061612,-206.1612
pscad,391,0.500,5000.0,30.0,inf,23.156816,99.980000,-3.317519,-331.7519
pscad,392,0.500,5000.0,40.0,20.0,90.000000,99.980000,-0.110889,-11.0889
pscad,393,0.500,5000.0,40.0,30.0,17.874573,99.980000,-4.593420,-459.3420
pscad,394,0.500,5000.0,40.0,40.0,26.409412,99.980000,-2.785771,-278.5771
pscad,395,0.500,5000.0,40.0,inf,9.174532,99.980000,-9.897559,-989.7559
pscad,396,0.500,5000.0,inf,20.0,19.198602,99.980000,-4.207671,-420.7671
pscad,397,0.500,5000.0,inf,30.0,8.746434,99.980000,-10.430945,-1043.0945
pscad,398,0.500,5000.0,inf,40.0,8.361822,99.980000,-10.956725,-1095.6725
pscad,399,0.500,5000.0,inf,inf,12.459563,99.980000,-7.024358,-702.4358
pscad,400,0.600,100.0,20.0,20.0,0.528721,9.953557,-17.825711,-1782.5711
pscad,401,0.600,100.0,20.0,30.0,5.735603,6.385970,-0.113391,-11.3391
pscad,402,0.600,100.0,20.0,40.0,4.136743,13.168360,-2.183268,-218.3268
pscad,403,0.600,100.0,20.0,inf,2.528962,13.087783,-4.175159,-417.5159
pscad,404,0.600,100.0,30.0,20.0,0.880266,9.747082,-10.072877,-1007.2877
pscad,405,0.600,100.0,30.0,30.0,0.411416,11.439032,-26.804072,-2680.4072
pscad,406,0.600,100.0,30.0,40.0,2.966370,6.517673,-1.197188,-119.7188
pscad,407,0.600,100.0,30.0,inf,1.431018,8.158019,-4.700850,-470.0850
pscad,408,0.600,100.0,40.0,20.0,5.367249,6.408921,-0.194079,-19.4079
pscad,409,0.600,100.0,40.0,30.0,1.403061,8.226360,-4.863154,-486.3154
pscad,410,0.600,100.0,40.0,40.0,0.871430,9.697085,-10.127788,-1012.7788
pscad,411,0.600,100.0,40.0,inf,0.951557,9.682451,-9.175372,-917.5372
pscad,412,0.600,100.0,inf,20.0,6.014717,16.387073,-1.724496,-172.4496
pscad,413,0.600,100.0,inf,30.0,0.088118,9.690479,-108.971491,-10897.1491
pscad,414,0.600,100.0,inf,40.0,1.374670,8.191915,-4.959187,-495.9187
pscad,415,0.600,100.0,inf,inf,0.345278,11.172297,-31.357363,-3135.7363
pscad,416,0.600,500.0,20.0,20.0,6.364387,5.500093,0.135802,13.5802
pscad,417,0.600,500.0,20.0,30.0,27.773570,33.086635,-0.191299,-19.1299
pscad,418,0.600,500.0,20.0,40.0,36.950520,37.543532,-0.016049,-1.6049
pscad,419,0.600,500.0,20.0,inf,36.692999,41.459613,-0.129905,-12.9905
pscad,420,0.600,500.0,30.0,20.0,4.262680,2.447224,0.425895,42.5895
pscad,421,0.600,500.0,30.0,30.0,9.439173,7.265747,0.230256,23.0256
pscad,422,0.600,500.0,30.0,40.0,0.134237,2.741563,-19.423261,-1942.3261
pscad,423,0.600,500.0,30.0,inf,6.684145,4.005297,0.400776,40.0776
pscad,424,0.600,500.0,40.0,20.0,16.291550,21.394682,-0.313238,-31.3238
pscad,425,0.600,500.0,40.0,30.0,15.383465,13.998299,0.090043,9.0043
pscad,426,0.600,500.0,40.0,40.0,0.103929,2.951003,-27.394361,-2739.4361
pscad,427,0.600,500.0,40.0,inf,3.355094,6.313033,-0.881627,-88.1627
pscad,428,0.600,500.0,inf,20.0,0.894725,2.768112,-2.093814,-209.3814
pscad,429,0.600,500.0,inf,30.0,9.588585,12.973969,-0.353064,-35.3064
pscad,430,0.600,500.0,inf,40.0,1.650397,1.129747,0.315469,31.5469
pscad,431,0.600,500.0,inf,inf,0.713316,2.772715,-2.887076,-288.7076
pscad,432,0.600,1000.0,20.0,20.0,30.615628,99.983333,-2.265761,-226.5761
pscad,433,0.600,1000.0,20.0,30.0,41.436737,99.983333,-1.412915,-141.2915
pscad,434,0.600,1000.0,20.0,40.0,26.097976,99.983333,-2.831076,-283.1076
pscad,435,0.600,1000.0,20.0,inf,87.636483,99.983333,-0.140887,-14.0887
pscad,436,0.600,1000.0,30.0,20.0,58.333333,66.650000,-0.142571,-14.2571
pscad,437,0.600,1000.0,30.0,30.0,2.577557,99.983333,-37.789956,-3778.9956
pscad,438,0.600,1000.0,30.0,40.0,3.576613,99.983333,-26.954757,-2695.4757
pscad,439,0.600,1000.0,30.0,inf,0.655610,99.983333,-151.504244,-15150.4244
pscad,440,0.600,1000.0,40.0,20.0,56.783930,66.650000,-0.173748,-17.3748
pscad,441,0.600,1000.0,40.0,30.0,7.470836,99.983333,-12.383153,-1238.3153
pscad,442,0.600,1000.0,40.0,40.0,3.426191,99.983333,-28.182070,-2818.2070
pscad,443,0.600,1000.0,40.0,inf,2.687995,99.983333,-36.196243,-3619.6243
pscad,444,0.600,1000.0,inf,20.0,19.495113,99.983333,-4.128636,-412.8636
pscad,445,0.600,1000.0,inf,30.0,1.416163,99.983333,-69.601559,-6960.1559
pscad,446,0.600,1000.0,inf,40.0,4.879931,99.983333,-19.488676,-1948.8676
pscad,447,0.600,1000.0,inf,inf,1.815059,11.923013,-5.568940,-556.8940
pscad,448,0.600,2000.0,20.0,20.0,75.857723,93.161752,-0.228112,-22.8112
pscad,449,0.600,2000.0,20.0,30.0,58.333333,41.550692,0.287702,28.7702
pscad,450,0.600,2000.0,20.0,40.0,48.787655,24.604817,0.495675,49.5675
pscad,451,0.600,2000.0,20.0,inf,34.359006,26.983047,0.214673,21.4673
pscad,452,0.600,2000.0,30.0,20.0,58.333333,35.593585,0.389824,38.9824
pscad,453,0.600,2000.0,30.0,30.0,36.270902,25.258296,0.303621,30.3621
pscad,454,0.600,2000.0,30.0,40.0,56.117817,33.399069,0.404840,40.4840
pscad,455,0.600,2000.0,30.0,inf,10.430939,11.171865,-0.071032,-7.1032
pscad,456,0.600,2000.0,40.0,20.0,42.491466,12.533415,0.705037,70.5037
pscad,457,0.600,2000.0,40.0,30.0,18.962328,18.385088,0.030441,3.0441
pscad,458,0.600,2000.0,40.0,40.0,15.284912,14.683488,0.039348,3.9348
pscad,459,0.600,2000.0,40.0,inf,25.971999,19.741939,0.239876,23.9876
pscad,460,0.600,2000.0,inf,20.0,58.333333,66.650000,-0.142571,-14.2571
pscad,461,0.600,2000.0,inf,30.0,2.959466,9.639014,-2.257012,-225.7012
pscad,462,0.600,2000.0,inf,40.0,33.241721,23.016093,0.307614,30.7614
pscad,463,0.600,2000.0,inf,inf,18.147428,16.476349,0.092084,9.2084
pscad,464,0.600,5000.0,20.0,20.0,91.666667,99.983333,-0.090727,-9.0727
pscad,465,0.600,5000.0,20.0,30.0,24.432001,99.983333,-3.092311,-309.2311
pscad,466,0.600,5000.0,20.0,40.0,64.798385,99.983333,-0.542991,-54.2991
pscad,467,0.600,5000.0,20.0,inf,51.886965,99.983333,-0.926945,-92.6945
pscad,468,0.600,5000.0,30.0,20.0,56.238679,99.983333,-0.777839,-77.7839
pscad,469,0.600,5000.0,30.0,30.0,58.853747,99.983333,-0.698844,-69.8844
pscad,470,0.600,5000.0,30.0,40.0,29.663321,99.983333,-2.370605,-237.0605
pscad,471,0.600,5000.0,30.0,inf,36.803412,99.983333,-1.716687,-171.6687
pscad,472,0.600,5000.0,40.0,20.0,91.666667,99.983333,-0.090727,-9.0727
pscad,473,0.600,5000.0,40.0,30.0,33.194935,99.983333,-2.012006,-201.2006
pscad,474,0.600,5000.0,40.0,40.0,34.910432,99.983333,-1.863996,-186.3996
pscad,475,0.600,5000.0,40.0,inf,27.484915,99.983333,-2.637753,-263.7753
pscad,476,0.600,5000.0,inf,20.0,4.288708,99.983333,-22.313161,-2231.3161
pscad,477,0.600,5000.0,inf,30.0,33.837276,99.983333,-1.954828,-195.4828
pscad,478,0.600,5000.0,inf,40.0,23.910220,99.983333,-3.181615,-318.1615
pscad,479,0.600,5000.0,inf,inf,22.629323,99.983333,-3.418309,-341.8309
pscad,480,0.700,100.0,20.0,20.0,2.700231,5.603622,-1.075238,-107.5238
pscad,481,0.700,100.0,20.0,30.0,0.348346,8.571845,-23.607237,-2360.7237
pscad,482,0.700,100.0,20.0,40.0,1.967208,5.694988,-1.894961,-189.4961
pscad,483,0.700,100.0,20.0,inf,2.819574,11.511790,-3.082812,-308.2812
pscad,484,0.700,100.0,30.0,20.0,0.318731,7.165164,-21.480275,-2148.0275
pscad,485,0.700,100.0,30.0,30.0,0.719781,8.518289,-10.834549,-1083.4549
pscad,486,0.700,100.0,30.0,40.0,1.362299,8.468941,-5.216652,-521.6652
pscad,487,0.700,100.0,30.0,inf,1.229092,7.167000,-4.831134,-483.1134
pscad,488,0.700,100.0,40.0,20.0,2.635153,5.599942,-1.125092,-112.5092
pscad,489,0.700,100.0,40.0,30.0,0.538456,8.517568,-14.818511,-1481.8511
pscad,490,0.700,100.0,40.0,40.0,0.557716,9.892159,-16.736898,-1673.6898
pscad,491,0.700,100.0,40.0,inf,0.977657,8.445052,-7.638048,-763.8048
pscad,492,0.700,100.0,inf,20.0,0.811343,9.969492,-11.287636,-1128.7636
pscad,493,0.700,100.0,inf,30.0,0.062753,8.534572,-135.002857,-13500.2857
pscad,494,0.700,100.0,inf,40.0,0.150921,8.575179,-55.818876,-5581.8876
pscad,495,0.700,100.0,inf,inf,0.390829,9.748451,-23.943028,-2394.3028
pscad,496,0.700,500.0,20.0,20.0,11.375170,25.749438,-1.263653,-126.3653
pscad,497,0.700,500.0,20.0,30.0,1.599672,6.847659,-3.280663,-328.0663
pscad,498,0.700,500.0,20.0,40.0,6.435681,4.697796,0.270039,27.0039
pscad,499,0.700,500.0,20.0,inf,9.176231,14.157271,-0.542820,-54.2820
pscad,500,0.700,500.0,30.0,20.0,7.185137,4.572486,0.363619,36.3619
pscad,501,0.700,500.0,30.0,30.0,5.459494,9.922958,-0.817560,-81.7560
pscad,502,0.700,500.0,30.0,40.0,2.390275,5.435771,-1.274120,-127.4120
pscad,503,0.700,500.0,30.0,inf,10.009530,7.429162,0.257791,25.7791
pscad,504,0.700,500.0,40.0,20.0,25.534244,26.796890,-0.049449,-4.9449
pscad,505,0.700,500.0,40.0,30.0,1.063272,2.669377,-1.510531,-151.0531
pscad,506,0.700,500.0,40.0,40.0,1.172185,5.496017,-3.688692,-368.8692
pscad,507,0.700,500.0,40.0,inf,1.485813,5.483987,-2.690900,-269.0900
pscad,508,0.700,500.0,inf,20.0,25.394051,23.490787,0.074949,7.4949
pscad,509,0.700,500.0,inf,30.0,1.513767,6.882877,-3.546854,-354.6854
pscad,510,0.700,500.0,inf,40.0,1.730333,2.555849,-0.477085,-47.7085
pscad,511,0.700,500.0,inf,inf,1.066058,2.656191,-1.491601,-149.1601
pscad,512,0.700,1000.0,20.0,20.0,31.153890,99.985714,-2.209413,-220.9413
pscad,513,0.700,1000.0,20.0,30.0,6.973575,99.985714,-13.337798,-1333.7798
pscad,514,0.700,1000.0,20.0,40.0,34.191413,99.985714,-1.924293,-192.4293
pscad,515,0.700,1000.0,20.0,inf,29.747985,99.985714,-2.361092,-236.1092
pscad,516,0.700,1000.0,30.0,20.0,11.847195,99.985714,-7.439611,-743.9611
pscad,517,0.700,1000.0,30.0,30.0,32.098689,99.985714,-2.114947,-211.4947
pscad,518,0.700,1000.0,30.0,40.0,1.470227,99.985714,-67.007010,-6700.7010
pscad,519,0.700,1000.0,30.0,inf,11.304819,99.985714,-7.844522,-784.4522
pscad,520,0.700,1000.0,40.0,20.0,37.988094,99.985714,-1.632028,-163.2028
pscad,521,0.700,1000.0,40.0,30.0,7.927455,99.985714,-11.612586,-1161.2586
pscad,522,0.700,1000.0,40.0,40.0,1.273795,99.985714,-77.494358,-7749.4358
pscad,523,0.700,1000.0,40.0,inf,3.772083,99.985714,-25.506766,-2550.6766
pscad,524,0.700,1000.0,inf,20.0,39.643831,99.985714,-1.522100,-152.2100
pscad,525,0.700,1000.0,inf,30.0,7.911015,99.985714,-11.638797,-1163.8797
pscad,526,0.700,1000.0,inf,40.0,3.408504,99.985714,-28.334193,-2833.4193
pscad,527,0.700,1000.0,inf,inf,1.209938,0.864834,0.285224,28.5224
pscad,528,0.700,2000.0,20.0,20.0,76.534048,99.985714,-0.306421,-30.6421
pscad,529,0.700,2000.0,20.0,30.0,6.725840,4.632259,0.311274,31.1274
pscad,530,0.700,2000.0,20.0,40.0,35.714286,24.109301,0.324940,32.4940
pscad,531,0.700,2000.0,20.0,inf,35.714286,22.235690,0.377401,37.7401
pscad,532,0.700,2000.0,30.0,20.0,35.714286,42.842857,-0.199600,-19.9600
pscad,533,0.700,2000.0,30.0,30.0,23.552304,7.571977,0.678504,67.8504
pscad,534,0.700,2000.0,30.0,40.0,7.288969,0.023127,0.996827,99.6827
pscad,535,0.700,2000.0,30.0,inf,2.637859,0.022299,0.991547,99.1547
pscad,536,0.700,2000.0,40.0,20.0,35.714286,42.842857,-0.199600,-19.9600
pscad,537,0.700,2000.0,40.0,30.0,35.714286,21.098157,0.409252,40.9252
pscad,538,0.700,2000.0,40.0,40.0,23.523243,10.107369,0.570324,57.0324
pscad,539,0.700,2000.0,40.0,inf,20.698763,8.543946,0.587224,58.7224
pscad,540,0.700,2000.0,inf,20.0,35.714286,18.588065,0.479534,47.9534
pscad,541,0.700,2000.0,inf,30.0,8.010954,4.634162,0.421522,42.1522
pscad,542,0.700,2000.0,inf,40.0,10.235559,4.146272,0.594915,59.4915
pscad,543,0.700,2000.0,inf,inf,18.986499,8.351509,0.560134,56.0134
pscad,544,0.700,5000.0,20.0,20.0,92.857143,99.985714,-0.076769,-7.6769
pscad,545,0.700,5000.0,20.0,30.0,67.560464,99.985714,-0.479944,-47.9944
pscad,546,0.700,5000.0,20.0,40.0,64.135074,99.985714,-0.558986,-55.8986
pscad,547,0.700,5000.0,20.0,inf,92.857143,99.985714,-0.076769,-7.6769
pscad,548,0.700,5000.0,30.0,20.0,11.166818,99.985714,-7.953823,-795.3823
pscad,549,0.700,5000.0,30.0,30.0,44.909748,99.985714,-1.226370,-122.6370
pscad,550,0.700,5000.0,30.0,40.0,56.165136,99.985714,-0.780210,-78.0210
pscad,551,0.700,5000.0,30.0,inf,21.257012,99.985714,-3.703658,-370.3658
pscad,552,0.700,5000.0,40.0,20.0,30.842869,99.985714,-2.241777,-224.1777
pscad,553,0.700,5000.0,40.0,30.0,16.956679,99.985714,-4.896539,-489.6539
pscad,554,0.700,5000.0,40.0,40.0,15.361911,99.985714,-5.508677,-550.8677
pscad,555,0.700,5000.0,40.0,inf,30.825211,99.985714,-2.243634,-224.3634
pscad,556,0.700,5000.0,inf,20.0,92.857143,99.985714,-0.076769,-7.6769
pscad,557,0.700,5000.0,inf,30.0,32.111543,99.985714,-2.113700,-211.3700
pscad,558,0.700,5000.0,inf,40.0,33.477598,99.985714,-1.986645,-198.6645
pscad,559,0.700,5000.0,inf,inf,30.807635,99.985714,-2.245485,-224.5485
pscad,560,0.800,100.0,20.0,20.0,0.023279,7.658035,-327.968140,-32796.8140
pscad,561,0.800,100.0,20.0,30.0,2.109653,6.335011,-2.002869,-200.2869
pscad,562,0.800,100.0,20.0,40.0,1.109744,8.858246,-6.982240,-698.2240
pscad,563,0.800,100.0,20.0,inf,2.927697,10.178778,-2.476719,-247.6719
pscad,564,0.800,100.0,30.0,20.0,0.503548,6.353860,-11.618187,-1161.8187
pscad,565,0.800,100.0,30.0,30.0,0.261732,8.794053,-32.599473,-3259.9473
pscad,566,0.800,100.0,30.0,40.0,0.046101,7.699220,-166.007165,-16600.7165
pscad,567,0.800,100.0,30.0,inf,1.533438,6.405237,-3.177044,-317.7044
pscad,568,0.800,100.0,40.0,20.0,3.567701,5.032214,-0.410492,-41.0492
pscad,569,0.800,100.0,40.0,30.0,2.155482,6.315646,-1.930038,-193.0038
pscad,570,0.800,100.0,40.0,40.0,0.944593,7.537415,-6.979538,-697.9538
pscad,571,0.800,100.0,40.0,inf,0.736543,7.560714,-9.265143,-926.5143
pscad,572,0.800,100.0,inf,20.0,2.896808,5.045737,-0.741827,-74.1827
pscad,573,0.800,100.0,inf,30.0,0.875101,8.828170,-9.088176,-908.8176
pscad,574,0.800,100.0,inf,40.0,0.366418,7.643847,-19.861011,-1986.1011
pscad,575,0.800,100.0,inf,inf,0.427537,8.679624,-19.301450,-1930.1450
pscad,576,0.800,500.0,20.0,20.0,18.750000,24.987500,-0.332667,-33.2667
pscad,577,0.800,500.0,20.0,30.0,18.750000,24.987500,-0.332667,-33.2667
pscad,578,0.800,500.0,20.0,40.0,17.340462,16.611975,0.042011,4.2011
pscad,579,0.800,500.0,20.0,inf,3.391011,4.881329,-0.439491,-43.9491
pscad,580,0.800,500.0,30.0,20.0,23.827685,24.192705,-0.015319,-1.5319
pscad,581,0.800,500.0,30.0,30.0,1.851889,1.274096,0.312002,31.2002
pscad,582,0.800,500.0,30.0,40.0,2.588040,2.504945,0.032107,3.2107
pscad,583,0.800,500.0,30.0,inf,0.197413,4.982933,-24.241192,-2424.1192
pscad,584,0.800,500.0,40.0,20.0,11.289232,9.067295,0.196819,19.6819
pscad,585,0.800,500.0,40.0,30.0,2.533314,1.111071,0.561416,56.1416
pscad,586,0.800,500.0,40.0,40.0,2.270708,7.376470,-2.248533,-224.8533
pscad,587,0.800,500.0,40.0,inf,0.967159,3.671502,-2.796171,-279.6171
pscad,588,0.800,500.0,inf,20.0,6.314070,3.967192,0.371690,37.1690
pscad,589,0.800,500.0,inf,30.0,4.064127,8.687656,-1.137644,-113.7644
pscad,590,0.800,500.0,inf,40.0,1.126371,3.667805,-2.256304,-225.6304
pscad,591,0.800,500.0,inf,inf,1.352615,3.620657,-1.676783,-167.6783
pscad,592,0.800,1000.0,20.0,20.0,14.050144,99.987500,-6.116475,-611.6475
pscad,593,0.800,1000.0,20.0,30.0,11.262419,99.987500,-7.877977,-787.7977
pscad,594,0.800,1000.0,20.0,40.0,14.573229,24.987500,-0.714617,-71.4617
pscad,595,0.800,1000.0,20.0,inf,40.531637,99.987500,-1.466900,-146.6900
pscad,596,0.800,1000.0,30.0,20.0,18.750000,24.987500,-0.332667,-33.2667
pscad,597,0.800,1000.0,30.0,30.0,10.127124,99.987500,-8.873238,-887.3238
pscad,598,0.800,1000.0,30.0,40.0,1.544488,99.987500,-63.738286,-6373.8286
pscad,599,0.800,1000.0,30.0,inf,0.877464,99.987500,-112.950524,-11295.0524
pscad,600,0.800,1000.0,40.0,20.0,18.750000,24.987500,-0.332667,-33.2667
pscad,601,0.800,1000.0,40.0,30.0,0.639868,99.987500,-155.262715,-15526.2715
pscad,602,0.800,1000.0,40.0,40.0,4.118926,99.987500,-23.275139,-2327.5139
pscad,603,0.800,1000.0,40.0,inf,0.544732,99.987500,-182.553666,-18255.3666
pscad,604,0.800,1000.0,inf,20.0,13.904977,99.987500,-6.190770,-619.0770
pscad,605,0.800,1000.0,inf,30.0,18.750000,24.987500,-0.332667,-33.2667
pscad,606,0.800,1000.0,inf,40.0,4.167576,99.987500,-22.991766,-2299.1766
pscad,607,0.800,1000.0,inf,inf,0.825010,8.835886,-9.710036,-971.0036
pscad,608,0.800,2000.0,20.0,20.0,62.034400,35.610106,0.425962,42.5962
pscad,609,0.800,2000.0,20.0,30.0,18.750000,24.987500,-0.332667,-33.2667
pscad,610,0.800,2000.0,20.0,40.0,77.602866,45.952929,0.407845,40.7845
pscad,611,0.800,2000.0,20.0,inf,18.750000,24.946645,-0.330488,-33.0488
pscad,612,0.800,2000.0,30.0,20.0,18.750000,23.829578,-0.270911,-27.0911
pscad,613,0.800,2000.0,30.0,30.0,18.750000,24.987500,-0.332667,-33.2667
pscad,614,0.800,2000.0,30.0,40.0,18.750000,22.307232,-0.189719,-18.9719
pscad,615,0.800,2000.0,30.0,inf,18.750000,6.082490,0.675601,67.5601
pscad,616,0.800,2000.0,40.0,20.0,0.960382,16.626754,-16.312643,-1631.2643
pscad,617,0.800,2000.0,40.0,30.0,26.243231,25.419762,0.031378,3.1378
pscad,618,0.800,2000.0,40.0,40.0,15.021854,1.130924,0.924715,92.4715
pscad,619,0.800,2000.0,40.0,inf,12.990787,2.368250,0.817698,81.7698
pscad,620,0.800,2000.0,inf,20.0,28.633600,15.022532,0.475353,47.5353
pscad,621,0.800,2000.0,inf,30.0,18.750000,9.553885,0.490459,49.0459
pscad,622,0.800,2000.0,inf,40.0,18.750000,4.678080,0.750502,75.0502
pscad,623,0.800,2000.0,inf,inf,18.750000,1.255867,0.933020,93.3020
pscad,624,0.800,5000.0,20.0,20.0,93.750000,99.987500,-0.066533,-6.6533
pscad,625,0.800,5000.0,20.0,30.0,33.574460,99.987500,-1.978082,-197.8082
pscad,626,0.800,5000.0,20.0,40.0,32.587093,99.987500,-2.068316,-206.8316
pscad,627,0.800,5000.0,20.0,inf,21.538172,99.987500,-3.642339,-364.2339
pscad,628,0.800,5000.0,30.0,20.0,21.095178,99.987500,-3.739827,-373.9827
pscad,629,0.800,5000.0,30.0,30.0,71.549746,99.987500,-0.397454,-39.7454
pscad,630,0.800,5000.0,30.0,40.0,45.351080,99.987500,-1.204744,-120.4744
pscad,631,0.800,5000.0,30.0,inf,43.137889,99.987500,-1.317858,-131.7858
pscad,632,0.800,5000.0,40.0,20.0,52.491169,99.987500,-0.904844,-90.4844
pscad,633,0.800,5000.0,40.0,30.0,26.418115,99.987500,-2.784808,-278.4808
pscad,634,0.800,5000.0,40.0,40.0,34.261925,99.987500,-1.918327,-191.8327
pscad,635,0.800,5000.0,40.0,inf,34.993375,99.987500,-1.857327,-185.7327
pscad,636,0.800,5000.0,inf,20.0,77.908555,99.987500,-0.283396,-28.3396
pscad,637,0.800,5000.0,inf,30.0,36.175852,99.987500,-1.763929,-176.3929
pscad,638,0.800,5000.0,inf,40.0,36.308396,99.987500,-1.753840,-175.3840
pscad,639,0.800,5000.0,inf,inf,37.717501,99.987500,-1.650958,-165.0958
pscad,640,0.900,100.0,20.0,20.0,6.825564,2.361661,0.653998,65.3998
pscad,641,0.900,100.0,20.0,30.0,5.555556,10.995016,-0.979103,-97.9103
pscad,642,0.900,100.0,20.0,40.0,3.479253,10.423052,-1.995773,-199.5773
pscad,643,0.900,100.0,20.0,inf,4.033887,3.584932,0.111296,11.1296
pscad,644,0.900,100.0,30.0,20.0,0.484869,5.793479,-10.948555,-1094.8555
pscad,645,0.900,100.0,30.0,30.0,0.112152,7.947096,-69.860314,-6986.0314
pscad,646,0.900,100.0,30.0,40.0,0.924251,6.930843,-6.498875,-649.8875
pscad,647,0.900,100.0,30.0,inf,0.518478,6.828106,-12.169527,-1216.9527
pscad,648,0.900,100.0,40.0,20.0,2.176288,5.722488,-1.629472,-162.9472
pscad,649,0.900,100.0,40.0,30.0,0.657467,8.007376,-11.179128,-1117.9128
pscad,650,0.900,100.0,40.0,40.0,0.769152,6.867596,-7.928783,-792.8783
pscad,651,0.900,100.0,40.0,inf,0.853362,6.847639,-7.024306,-702.4306
pscad,652,0.900,100.0,inf,20.0,1.037343,7.970729,-6.683791,-668.3791
pscad,653,0.900,100.0,inf,30.0,0.398205,7.998993,-19.087638,-1908.7638
pscad,654,0.900,100.0,inf,40.0,0.991015,6.815393,-5.877183,-587.7183
pscad,655,0.900,100.0,inf,inf,0.456822,7.847496,-16.178466,-1617.8466
pscad,656,0.900,500.0,20.0,20.0,12.300521,8.963170,0.271318,27.1318
pscad,657,0.900,500.0,20.0,30.0,5.555556,11.100000,-0.998000,-99.8000
pscad,658,0.900,500.0,20.0,40.0,4.410430,10.949821,-1.482710,-148.2710
pscad,659,0.900,500.0,20.0,inf,10.704722,4.543587,0.575553,57.5553
pscad,660,0.900,500.0,30.0,20.0,3.084066,6.732828,-1.183102,-118.3102
pscad,661,0.900,500.0,30.0,30.0,0.784204,4.539708,-4.788934,-478.8934
pscad,662,0.900,500.0,30.0,40.0,3.695549,2.242749,0.393121,39.3121
pscad,663,0.900,500.0,30.0,inf,1.190407,7.765614,-5.523495,-552.3495
pscad,664,0.900,500.0,40.0,20.0,5.555556,11.100000,-0.998000,-99.8000
pscad,665,0.900,500.0,40.0,30.0,5.042231,10.263592,-1.035526,-103.5526
pscad,666,0.900,500.0,40.0,40.0,0.843785,6.695502,-6.935084,-693.5084
pscad,667,0.900,500.0,40.0,inf,1.582402,4.419095,-1.792649,-179.2649
pscad,668,0.900,500.0,inf,20.0,16.978201,12.413446,0.268860,26.8860
pscad,669,0.900,500.0,inf,30.0,7.574504,4.482748,0.408179,40.8179
pscad,670,0.900,500.0,inf,40.0,0.659783,4.534451,-5.872640,-587.2640
pscad,671,0.900,500.0,inf,inf,1.612341,3.436250,-1.131218,-113.1218
pscad,672,0.900,1000.0,20.0,20.0,5.555556,8.892854,-0.600714,-60.0714
pscad,673,0.900,1000.0,20.0,30.0,5.555556,11.100000,-0.998000,-99.8000
pscad,674,0.900,1000.0,20.0,40.0,21.533172,99.988889,-3.643482,-364.3482
pscad,675,0.900,1000.0,20.0,inf,5.555556,11.100000,-0.998000,-99.8000
pscad,676,0.900,1000.0,30.0,20.0,7.280586,99.988889,-12.733632,-1273.3632
pscad,677,0.900,1000.0,30.0,30.0,0.342242,99.988889,-291.158116,-29115.8116
pscad,678,0.900,1000.0,30.0,40.0,5.555556,11.100000,-0.998000,-99.8000
pscad,679,0.900,1000.0,30.0,inf,5.136953,11.100000,-1.160814,-116.0814
pscad,680,0.900,1000.0,40.0,20.0,32.202784,99.988889,-2.104977,-210.4977
pscad,681,0.900,1000.0,40.0,30.0,5.555556,11.100000,-0.998000,-99.8000
pscad,682,0.900,1000.0,40.0,40.0,2.942270,99.988889,-32.983592,-3298.3592
pscad,683,0.900,1000.0,40.0,inf,0.091924,99.988889,-1086.734753,-108673.4753
pscad,684,0.900,1000.0,inf,20.0,5.555556,11.100000,-0.998000,-99.8000
pscad,685,0.900,1000.0,inf,30.0,5.555556,11.100000,-0.998000,-99.8000
pscad,686,0.900,1000.0,inf,40.0,5.555556,11.100000,-0.998000,-99.8000
pscad,687,0.900,1000.0,inf,inf,0.513196,16.413319,-30.982529,-3098.2529
pscad,688,0.900,2000.0,20.0,20.0,5.555556,11.100000,-0.998000,-99.8000
pscad,689,0.900,2000.0,20.0,30.0,4.515486,13.330487,-1.952171,-195.2171
pscad,690,0.900,2000.0,20.0,40.0,5.555556,6.563036,-0.181347,-18.1347
pscad,691,0.900,2000.0,20.0,inf,66.218611,46.142465,0.303180,30.3180
pscad,692,0.900,2000.0,30.0,20.0,76.292694,52.994393,0.305380,30.5380
pscad,693,0.900,2000.0,30.0,30.0,5.555556,11.100000,-0.998000,-99.8000
pscad,694,0.900,2000.0,30.0,40.0,5.555556,0.161552,0.970921,97.0921
pscad,695,0.900,2000.0,30.0,inf,5.555556,11.100000,-0.998000,-99.8000
pscad,696,0.900,2000.0,40.0,20.0,28.001430,19.792678,0.293155,29.3155
pscad,697,0.900,2000.0,40.0,30.0,5.555556,8.920777,-0.605740,-60.5740
pscad,698,0.900,2000.0,40.0,40.0,5.555556,5.842812,-0.051706,-5.1706
pscad,699,0.900,2000.0,40.0,inf,5.555556,2.612735,0.529708,52.9708
pscad,700,0.900,2000.0,inf,20.0,5.555556,11.100000,-0.998000,-99.8000
pscad,701,0.900,2000.0,inf,30.0,5.555556,0.352167,0.936610,93.6610
pscad,702,0.900,2000.0,inf,40.0,5.555556,0.321707,0.942093,94.2093
pscad,703,0.900,2000.0,inf,inf,5.555556,2.850283,0.486949,48.6949
pscad,704,0.900,5000.0,20.0,20.0,70.049368,99.988889,-0.427406,-42.7406
pscad,705,0.900,5000.0,20.0,30.0,32.676979,99.988889,-2.059918,-205.9918
pscad,706,0.900,5000.0,20.0,40.0,63.614019,99.988889,-0.571806,-57.1806
pscad,707,0.900,5000.0,20.0,inf,94.444444,99.988889,-0.058706,-5.8706
pscad,708,0.900,5000.0,30.0,20.0,32.196257,99.988889,-2.105606,-210.5606
pscad,709,0.900,5000.0,30.0,30.0,30.486107,99.988889,-2.279818,-227.9818
pscad,710,0.900,5000.0,30.0,40.0,30.427472,99.988889,-2.286139,-228.6139
pscad,711,0.900,5000.0,30.0,inf,56.310268,99.988889,-0.775678,-77.5678
pscad,712,0.900,5000.0,40.0,20.0,29.913171,11.100000,0.628926,62.8926
pscad,713,0.900,5000.0,40.0,30.0,39.765118,99.988889,-1.514487,-151.4487
pscad,714,0.900,5000.0,40.0,40.0,42.532011,99.988889,-1.350909,-135.0909
pscad,715,0.900,5000.0,40.0,inf,42.009761,99.988889,-1.380135,-138.0135
pscad,716,0.900,5000.0,inf,20.0,76.258179,99.988889,-0.311189,-31.1189
pscad,717,0.900,5000.0,inf,30.0,52.365161,99.988889,-0.909454,-90.9454
pscad,718,0.900,5000.0,inf,40.0,43.511673,99.988889,-1.297978,-129.7978
pscad,719,0.900,5000.0,inf,inf,43.737844,99.988889,-1.286096,-128.6096
emtp,0,0.100,100.0,20.0,20.0,30.826989,13.012540,0.577885,57.7885
emtp,1,0.100,100.0,20.0,30.0,17.641665,32.698716,-0.853494,-85.3494
emtp,2,0.100,100.0,20.0,40.0,17.208216,63.789143,-2.706900,-270.6900
emtp,3,0.100,100.0,20.0,inf,4.748868,42.908530,-8.035528,-803.5528
emtp,4,0.100,100.0,30.0,20.0,14.490954,72.985563,-4.036629,-403.6629
emtp,5,0.100,100.0,30.0,30.0,14.026688,63.236498,-3.508299,-350.8299
emtp,6,0.100,100.0,30.0,40.0,5.979800,53.121865,-7.883553,-788.3553
emtp,7,0.100,100.0,30.0,inf,7.761476,42.520381,-4.478389,-447.8389
emtp,8,0.100,100.0,40.0,20.0,2.267654,53.037948,-22.388908,-2238.8908
emtp,9,0.100,100.0,40.0,30.0,0.625083,43.833692,-69.124574,-6912.4574
emtp,10,0.100,100.0,40.0,40.0,1.448681,43.894406,-29.299561,-2929.9561
emtp,11,0.100,100.0,40.0,inf,4.528699,42.943903,-8.482614,-848.2614
emtp,12,0.100,100.0,inf,20.0,10.823785,33.372632,-2.083268,-208.3268
emtp,13,0.100,100.0,inf,30.0,2.662914,43.298159,-15.259690,-1525.9690
emtp,14,0.100,100.0,inf,40.0,1.157237,43.857674,-36.898611,-3689.8611
emtp,15,0.100,100.0,inf,inf,0.564731,52.333051,-91.668999,-9166.8999
emtp,16,0.100,500.0,20.0,20.0,156.473977,143.027021,0.085937,8.5937
emtp,17,0.100,500.0,20.0,30.0,0.057203,39.735678,-693.648411,-69364.8411
emtp,18,0.100,500.0,20.0,40.0,50.000000,99.704703,-0.994094,-99.4094
emtp,19,0.100,500.0,20.0,inf,24.760109,0.709545,0.971343,97.1343
emtp,20,0.100,500.0,30.0,20.0,50.000000,99.900000,-0.998000,-99.8000
emtp,21,0.100,500.0,30.0,30.0,9.343587,19.162183,-1.050838,-105.0838
emtp,22,0.100,500.0,30.0,40.0,87.589128,71.550526,0.183112,18.3112
emtp,23,0.100,500.0,30.0,inf,63.021043,41.620484,0.339578,33.9578
emtp,24,0.100,500.0,40.0,20.0,34.140396,10.545218,0.691122,69.1122
emtp,25,0.100,500.0,40.0,30.0,109.725563,92.497255,0.157013,15.7013
emtp,26,0.100,500.0,40.0,40.0,44.845349,21.203966,0.527176,52.7176
emtp,27,0.100,500.0,40.0,inf,13.077114,9.540628,0.270433,27.0433
emtp,28,0.100,500.0,inf,20.0,18.068552,39.210702,-1.170108,-117.0108
emtp,29,0.100,500.0,inf,30.0,63.649595,41.668275,0.345349,34.5349
emtp,30,0.100,500.0,inf,40.0,8.339694,18.900518,-1.266332,-126.6332
emtp,31,0.100,500.0,inf,inf,14.180684,9.571758,0.325014,32.5014
emtp,32,0.100,1000.0,20.0,20.0,309.149103,99.900000,0.676855,67.6855
emtp,33,0.100,1000.0,20.0,30.0,50.000000,99.900000,-0.998000,-99.8000
emtp,34,0.100,1000.0,20.0,40.0,240.848768,99.900000,0.585217,58.5217
emtp,35,0.100,1000.0,20.0,inf,15.661232,99.900000,-5.378808,-537.8808
emtp,36,0.100,1000.0,30.0,20.0,87.521555,99.900000,-0.141433,-14.1433
emtp,37,0.100,1000.0,30.0,30.0,50.000000,374.375307,-6.487506,-648.7506
emtp,38,0.100,1000.0,30.0,40.0,50.000000,99.900000,-0.998000,-99.8000
emtp,39,0.100,1000.0,30.0,inf,26.024749,99.900000,-2.838654,-283.8654
emtp,40,0.100,1000.0,40.0,20.0,247.678607,99.900000,0.596655,59.6655
emtp,41,0.100,1000.0,40.0,30.0,116.435810,99.900000,0.142017,14.2017
emtp,42,0.100,1000.0,40.0,40.0,67.408089,99.900000,-0.482018,-48.2018
emtp,43,0.100,1000.0,40.0,inf,64.351880,99.900000,-0.552402,-55.2402
emtp,44,0.100,1000.0,inf,20.0,50.000000,99.900000,-0.998000,-99.8000
emtp,45,0.100,1000.0,inf,30.0,39.915376,99.900000,-1.502795,-150.2795
emtp,46,0.100,1000.0,inf,40.0,81.176282,99.900000,-0.230655,-23.0655
emtp,47,0.100,1000.0,inf,inf,48.174987,438.960079,-8.111784,-811.1784
emtp,48,0.100,2000.0,20.0,20.0,546.153569,618.490045,-0.132447,-13.2447
emtp,49,0.100,2000.0,20.0,30.0,50.000000,99.900000,-0.998000,-99.8000
emtp,50,0.100,2000.0,20.0,40.0,50.000000,99.900000,-0.998000,-99.8000
emtp,51,0.100,2000.0,20.0,inf,651.224040,485.804933,0.254013,25.4013
emtp,52,0.100,2000.0,30.0,20.0,353.169263,445.291544,-0.260845,-26.0845
emtp,53,0.100,2000.0,30.0,30.0,232.044220,392.865718,-0.693064,-69.3064
emtp,54,0.100,2000.0,30.0,40.0,221.330167,302.615250,-0.367257,-36.7257
emtp,55,0.100,2000.0,30.0,inf,165.985911,263.921203,-0.590022,-59.0022
emtp,56,0.100,2000.0,40.0,20.0,50.000000,50.038552,-0.000771,-0.0771
emtp,57,0.100,2000.0,40.0,30.0,113.633969,171.725879,-0.511220,-51.1220
emtp,58,0.100,2000.0,40.0,40.0,109.941896,231.304878,-1.103883,-110.3883
emtp,59,0.100,2000.0,40.0,inf,154.110186,262.036460,-0.700319,-70.0319
emtp,60,0.100,2000.0,inf,20.0,50.000000,99.900000,-0.998000,-99.8000
emtp,61,0.100,2000.0,inf,30.0,183.771685,272.447070,-0.482530,-48.2530
emtp,62,0.100,2000.0,inf,40.0,174.697493,301.897706,-0.728117,-72.8117
emtp,63,0.100,2000.0,inf,inf,135.231444,242.497184,-0.793201,-79.3201
emtp,64,0.100,5000.0,20.0,20.0,43.153062,99.900000,-1.315015,-131.5015
emtp,65,0.100,5000.0,20.0,30.0,302.243279,99.900000,0.669472,66.9472
emtp,66,0.100,5000.0,20.0,40.0,1.642940,99.900000,-59.805617,-5980.5617
emtp,67,0.100,5000.0,20.0,inf,22.641159,99.900000,-3.412318,-341.2318
emtp,68,0.100,5000.0,30.0,20.0,148.087836,99.900000,0.325400,32.5400
emtp,69,0.100,5000.0,30.0,30.0,233.234084,99.900000,0.571675,57.1675
emtp,70,0.100,5000.0,30.0,40.0,332.080786,99.900000,0.699170,69.9170
emtp,71,0.100,5000.0,30.0,inf,104.152305,99.900000,0.040828,4.0828
emtp,72,0.100,5000.0,40.0,20.0,525.925173,99.900000,0.810049,81.0049
emtp,73,0.100,5000.0,40.0,30.0,50.000000,99.900000,-0.998000,-99.8000
emtp,74,0.100,5000.0,40.0,40.0,202.096701,99.900000,0.505682,50.5682
emtp,75,0.100,5000.0,40.0,inf,195.339714,99.900000,0.488583,48.8583
emtp,76,0.100,5000.0,inf,20.0,526.344741,99.900000,0.810200,81.0200
emtp,77,0.100,5000.0,inf,30.0,213.704292,99.900000,0.532532,53.2532
emtp,78,0.100,5000.0,inf,40.0,192.083058,99.900000,0.479912,47.9912
emtp,79,0.100,5000.0,inf,inf,182.074224,99.900000,0.451323,45.1323
emtp,80,0.200,100.0,20.0,20.0,10.361705,32.559977,-2.142338,-214.2338
emtp,81,0.200,100.0,20.0,30.0,18.904473,42.488713,-1.247548,-124.7548
emtp,82,0.200,100.0,20.0,40.0,6.602177,32.122000,-3.865365,-386.5365
emtp,83,0.200,100.0,20.0,inf,8.703772,17.271696,-0.984392,-98.4392
emtp,84,0.200,100.0,30.0,20.0,3.939458,21.820552,-4.538973,-453.8973
emtp,85,0.200,100.0,30.0,30.0,2.137887,27.047325,-11.651427,-1165.1427
emtp,86,0.200,100.0,30.0,40.0,4.037889,21.884406,-4.419764,-441.9764
emtp,87,0.200,100.0,30.0,inf,5.816492,32.134838,-4.524779,-452.4779
emtp,88,0.200,100.0,40.0,20.0,4.838106,22.054060,-3.558407,-355.8407
emtp,89,0.200,100.0,40.0,30.0,2.417852,22.137782,-8.155970,-815.5970
emtp,90,0.200,100.0,40.0,40.0,1.475231,27.037292,-17.327496,-1732.7496
emtp,91,0.200,100.0,40.0,inf,1.517388,22.234279,-13.652992,-1365.2992
emtp,92,0.200,100.0,inf,20.0,10.688997,12.292741,-0.150037,-15.0037
emtp,93,0.200,100.0,inf,30.0,0.760379,22.340377,-28.380582,-2838.0582
emtp,94,0.200,100.0,inf,40.0,0.056270,22.511114,-399.054667,-39905.4667
emtp,95,0.200,100.0,inf,inf,0.082925,26.790178,-322.066762,-32206.6762
emtp,96,0.200,500.0,20.0,20.0,14.000374,5.462115,0.609859,60.9859
emtp,97,0.200,500.0,20.0,30.0,14.735910,10.747289,0.270674,27.0674
emtp,98,0.200,500.0,20.0,40.0,4.512185,9.602338,-1.128091,-112.8091
emtp,99,0.200,500.0,20.0,inf,1.374743,8.891161,-5.467507,-546.7507
emtp,100,0.200,500.0,30.0,20.0,59.570521,56.690239,0.048351,4.8351
emtp,101,0.200,500.0,30.0,30.0,26.809629,21.181753,0.209920,20.9920
emtp,102,0.200,500.0,30.0,40.0,3.583090,4.122499,-0.150543,-15.0543
emtp,103,0.200,500.0,30.0,inf,4.683311,4.089710,0.126748,12.6748
emtp,104,0.200,500.0,40.0,20.0,3.291252,4.020923,-0.221700,-22.1700
emtp,105,0.200,500.0,40.0,30.0,21.610513,29.460498,-0.363248,-36.3248
emtp,106,0.200,500.0,40.0,40.0,4.946542,13.996614,-1.829575,-182.9575
emtp,107,0.200,500.0,40.0,inf,12.082652,5.901572,0.511566,51.1566
emtp,108,0.200,500.0,inf,20.0,41.565851,54.494202,-0.311033,-31.1033
emtp,109,0.200,500.0,inf,30.0,29.357283,25.855184,0.119292,11.9292
emtp,110,0.200,500.0,inf,40.0,8.992892,1.119174,0.875549,87.5549
emtp,111,0.200,500.0,inf,inf,4.841549,3.881813,0.198229,19.8229
emtp,112,0.200,1000.0,20.0,20.0,63.483242,99.950000,-0.574431,-57.4431
emtp,113,0.200,1000.0,20.0,30.0,70.569166,141.880873,-1.010522,-101.0522
emtp,114,0.200,1000.0,20.0,40.0,75.000000,99.950000,-0.332667,-33.2667
emtp,115,0.200,1000.0,20.0,inf,70.301153,142.839116,-1.031818,-103.1818
emtp,116,0.200,1000.0,30.0,20.0,16.740852,99.950000,-4.970425,-497.0425
emtp,117,0.200,1000.0,30.0,30.0,26.062451,99.950000,-2.835019,-283.5019
emtp,118,0.200,1000.0,30.0,40.0,42.281876,99.950000,-1.363897,-136.3897
emtp,119,0.200,1000.0,30.0,inf,13.606828,99.950000,-6.345577,-634.5577
emtp,120,0.200,1000.0,40.0,20.0,75.000000,127.337394,-0.697832,-69.7832
emtp,121,0.200,1000.0,40.0,30.0,60.307544,99.950000,-0.657338,-65.7338
emtp,122,0.200,1000.0,40.0,40.0,23.512974,99.950000,-3.250845,-325.0845
emtp,123,0.200,1000.0,40.0,inf,36.083797,99.950000,-1.769941,-176.9941
emtp,124,0.200,1000.0,inf,20.0,75.000000,99.950000,-0.332667,-33.2667
emtp,125,0.200,1000.0,inf,30.0,42.802457,99.950000,-1.335146,-133.5146
emtp,126,0.200,1000.0,inf,40.0,22.882760,99.950000,-3.367917,-336.7917
emtp,127,0.200,1000.0,inf,inf,18.128618,182.479237,-9.065811,-906.5811
emtp,128,0.200,2000.0,20.0,20.0,75.000000,2.376989,0.968307,96.8307
emtp,129,0.200,2000.0,20.0,30.0,171.642832,222.740003,-0.297695,-29.7695
emtp,130,0.200,2000.0,20.0,40.0,194.553194,249.182869,-0.280796,-28.0796
emtp,131,0.200,2000.0,20.0,inf,35.313986,135.516705,-2.837480,-283.7480
emtp,132,0.200,2000.0,30.0,20.0,75.000000,12.023150,0.839691,83.9691
emtp,133,0.200,2000.0,30.0,30.0,177.509966,168.291995,0.051929,5.1929
emtp,134,0.200,2000.0,30.0,40.0,132.463892,172.895483,-0.305227,-30.5227
emtp,135,0.200,2000.0,30.0,inf,25.122028,50.181194,-0.997498,-99.7498
emtp,136,0.200,2000.0,40.0,20.0,7.353806,70.709685,-8.615387,-861.5387
emtp,137,0.200,2000.0,40.0,30.0,13.805786,120.774063,-7.748076,-774.8076
emtp,138,0.200,2000.0,40.0,40.0,41.963374,101.928788,-1.428994,-142.8994
emtp,139,0.200,2000.0,40.0,inf,68.968060,116.761518,-0.692980,-69.2980
emtp,140,0.200,2000.0,inf,20.0,46.268787,9.695941,0.790443,79.0443
emtp,141,0.200,2000.0,inf,30.0,248.659435,233.740677,0.059997,5.9997
emtp,142,0.200,2000.0,inf,40.0,62.523451,126.725312,-1.026844,-102.6844
emtp,143,0.200,2000.0,inf,inf,56.645570,112.088852,-0.978775,-97.8775
emtp,144,0.200,5000.0,20.0,20.0,45.325686,99.950000,-1.205151,-120.5151
emtp,145,0.200,5000.0,20.0,30.0,105.231774,99.950000,0.050192,5.0192
emtp,146,0.200,5000.0,20.0,40.0,61.621976,99.950000,-0.621986,-62.1986
emtp,147,0.200,5000.0,20.0,inf,75.000000,99.950000,-0.332667,-33.2667
emtp,148,0.200,5000.0,30.0,20.0,75.000000,99.950000,-0.332667,-33.2667
emtp,149,0.200,5000.0,30.0,30.0,27.715303,99.950000,-2.606311,-260.6311
emtp,150,0.200,5000.0,30.0,40.0,50.662336,99.950000,-0.972866,-97.2866
emtp,151,0.200,5000.0,30.0,inf,68.586679,99.950000,-0.457280,-45.7280
emtp,152,0.200,5000.0,40.0,20.0,10.637518,99.950000,-8.395989,-839.5989
emtp,153,0.200,5000.0,40.0,30.0,26.099759,99.950000,-2.829537,-282.9537
emtp,154,0.200,5000.0,40.0,40.0,57.301230,99.950000,-0.744291,-74.4291
emtp,155,0.200,5000.0,40.0,inf,67.949305,99.950000,-0.470950,-47.0950
emtp,156,0.200,5000.0,inf,20.0,39.725692,99.950000,-1.516004,-151.6004
emtp,157,0.200,5000.0,inf,30.0,86.437882,99.950000,-0.156322,-15.6322
emtp,158,0.200,5000.0,inf,40.0,63.831788,99.950000,-0.565834,-56.5834
emtp,159,0.200,5000.0,inf,inf,62.682358,99.950000,-0.594548,-59.4548
emtp,160,0.300,100.0,20.0,20.0,14.542861,31.843343,-1.189620,-118.9620
emtp,161,0.300,100.0,20.0,30.0,5.384086,21.876131,-3.063109,-306.3109
emtp,162,0.300,100.0,20.0,40.0,0.669842,18.550605,-26.693996,-2669.3996
emtp,163,0.300,100.0,20.0,inf,8.771340,25.329339,-1.887739,-188.7739
emtp,164,0.300,100.0,30.0,20.0,5.102649,15.012748,-1.942148,-194.2148
emtp,165,0.300,100.0,30.0,30.0,8.161448,8.640709,-0.058723,-5.8723
emtp,166,0.300,100.0,30.0,40.0,1.517602,18.534979,-11.213337,-1121.3337
emtp,167,0.300,100.0,30.0,inf,1.693737,18.677587,-10.027440,-1002.7440
emtp,168,0.300,100.0,40.0,20.0,3.424500,21.957386,-5.411851,-541.1851
emtp,169,0.300,100.0,40.0,30.0,2.659650,18.659705,-6.015851,-601.5851
emtp,170,0.300,100.0,40.0,40.0,0.698113,18.366277,-25.308442,-2530.8442
emtp,171,0.300,100.0,40.0,inf,0.556726,15.325056,-26.527130,-2652.7130
emtp,172,0.300,100.0,inf,20.0,2.357117,15.153488,-5.428824,-542.8824
emtp,173,0.300,100.0,inf,30.0,5.005600,11.852316,-1.367811,-136.7811
emtp,174,0.300,100.0,inf,40.0,1.362498,15.193561,-10.151253,-1015.1253
emtp,175,0.300,100.0,inf,inf,0.102853,18.273597,-176.667079,-17666.7079
emtp,176,0.300,500.0,20.0,20.0,50.339623,51.880298,-0.030606,-3.0606
emtp,177,0.300,500.0,20.0,30.0,30.375371,31.124971,-0.024678,-2.4678
emtp,178,0.300,500.0,20.0,40.0,48.826786,48.153530,0.013789,1.3789
emtp,179,0.300,500.0,20.0,inf,20.139140,18.204468,0.096065,9.6065
emtp,180,0.300,500.0,30.0,20.0,3.357466,1.091945,0.674771,67.4771
emtp,181,0.300,500.0,30.0,30.0,29.442958,28.276120,0.039630,3.9630
emtp,182,0.300,500.0,30.0,40.0,23.092549,21.518162,0.068177,6.8177
emtp,183,0.300,500.0,30.0,inf,5.758167,9.027552,-0.567782,-56.7782
emtp,184,0.300,500.0,40.0,20.0,28.167708,32.586391,-0.156871,-15.6871
emtp,185,0.300,500.0,40.0,30.0,7.749430,9.366458,-0.208664,-20.8664
emtp,186,0.300,500.0,40.0,40.0,5.674649,8.985010,-0.583360,-58.3360
emtp,187,0.300,500.0,40.0,inf,4.282373,1.268049,0.703891,70.3891
emtp,188,0.300,500.0,inf,20.0,12.840512,15.816332,-0.231752,-23.1752
emtp,189,0.300,500.0,inf,30.0,4.301760,5.914424,-0.374885,-37.4885
emtp,190,0.300,500.0,inf,40.0,10.055912,7.938768,0.210537,21.0537
emtp,191,0.300,500.0,inf,inf,1.907115,0.827875,0.565902,56.5902
emtp,192,0.300,1000.0,20.0,20.0,29.546194,99.966667,-2.383403,-238.3403
emtp,193,0.300,1000.0,20.0,30.0,7.618611,99.966667,-12.121376,-1212.1376
emtp,194,0.300,1000.0,20.0,40.0,67.861197,99.966667,-0.473105,-47.3105
emtp,195,0.300,1000.0,20.0,inf,9.079819,99.966667,-10.009764,-1000.9764
emtp,196,0.300,1000.0,30.0,20.0,118.717343,99.966667,0.157944,15.7944
emtp,197,0.300,1000.0,30.0,30.0,27.534274,99.966667,-2.630627,-263.0627
emtp,198,0.300,1000.0,30.0,40.0,8.240845,99.966667,-11.130633,-1113.0633
emtp,199,0.300,1000.0,30.0,inf,4.784323,99.966667,-19.894631,-1989.4631
emtp,200,0.300,1000.0,40.0,20.0,83.333333,99.966667,-0.199600,-19.9600
emtp,201,0.300,1000.0,40.0,30.0,0.697281,99.966667,-142.366338,-14236.6338
emtp,202,0.300,1000.0,40.0,40.0,14.730664,99.966667,-5.786297,-578.6297
emtp,203,0.300,1000.0,40.0,inf,20.640000,99.966667,-3.843346,-384.3346
emtp,204,0.300,1000.0,inf,20.0,142.112664,99.966667,0.296567,29.6567
emtp,205,0.300,1000.0,inf,30.0,0.275569,99.966667,-361.765114,-36176.5114
emtp,206,0.300,1000.0,inf,40.0,9.870680,99.966667,-9.127638,-912.7638
emtp,207,0.300,1000.0,inf,inf,8.936783,98.094474,-9.976487,-997.6487
emtp,208,0.300,2000.0,20.0,20.0,83.333333,99.966667,-0.199600,-19.9600
emtp,209,0.300,2000.0,20.0,30.0,41.095088,59.311809,-0.443282,-44.3282
emtp,210,0.300,2000.0,20.0,40.0,14.598415,17.364566,-0.189483,-18.9483
emtp,211,0.300,2000.0,20.0,inf,149.761294,116.063987,0.225007,22.5007
emtp,212,0.300,2000.0,30.0,20.0,47.774973,3.874616,0.918899,91.8899
emtp,213,0.300,2000.0,30.0,30.0,60.447873,95.106232,-0.573359,-57.3359
emtp,214,0.300,2000.0,30.0,40.0,28.088526,13.850337,0.506904,50.6904
emtp,215,0.300,2000.0,30.0,inf,5.856069,37.588782,-5.418773,-541.8773
emtp,216,0.300,2000.0,40.0,20.0,117.530047,125.670699,-0.069264,-6.9264
emtp,217,0.300,2000.0,40.0,30.0,10.097604,34.634565,-2.429979,-242.9979
emtp,218,0.300,2000.0,40.0,40.0,45.468646,78.242744,-0.720807,-72.0807
emtp,219,0.300,2000.0,40.0,inf,55.512766,88.453304,-0.593387,-59.3387
emtp,220,0.300,2000.0,inf,20.0,47.400399,88.475460,-0.866555,-86.6555
emtp,221,0.300,2000.0,inf,30.0,40.999421,81.617597,-0.990701,-99.0701
emtp,222,0.300,2000.0,inf,40.0,15.799639,61.546115,-2.895413,-289.5413
emtp,223,0.300,2000.0,inf,inf,32.776965,68.130583,-1.078612,-107.8612
emtp,224,0.300,5000.0,20.0,20.0,83.333333,99.966667,-0.199600,-19.9600
emtp,225,0.300,5000.0,20.0,30.0,3.847372,99.966667,-24.983105,-2498.3105
emtp,226,0.300,5000.0,20.0,40.0,83.333333,99.966667,-0.199600,-19.9600
emtp,227,0.300,5000.0,20.0,inf,62.536709,99.966667,-0.598528,-59.8528
emtp,228,0.300,5000.0,30.0,20.0,12.251838,99.966667,-7.159320,-715.9320
emtp,229,0.300,5000.0,30.0,30.0,9.470029,99.966667,-9.556110,-955.6110
emtp,230,0.300,5000.0,30.0,40.0,24.975409,99.966667,-3.002604,-300.2604
emtp,231,0.300,5000.0,30.0,inf,80.512105,99.966667,-0.241635,-24.1635
emtp,232,0.300,5000.0,40.0,20.0,17.392158,99.966667,-4.747801,-474.7801
emtp,233,0.300,5000.0,40.0,30.0,64.803547,99.966667,-0.542611,-54.2611
emtp,234,0.300,5000.0,40.0,40.0,10.696143,99.966667,-8.346048,-834.6048
emtp,235,0.300,5000.0,40.0,inf,19.312895,99.966667,-4.176162,-417.6162
emtp,236,0.300,5000.0,inf,20.0,108.635157,99.966667,0.079795,7.9795
emtp,237,0.300,5000.0,inf,30.0,80.005696,99.966667,-0.249494,-24.9494
emtp,238,0.300,5000.0,inf,40.0,8.947201,99.966667,-10.172954,-1017.2954
emtp,239,0.300,5000.0,inf,inf,22.340681,99.966667,-3.474647,-347.4647
emtp,240,0.400,100.0,20.0,20.0,11.993462,1.581853,0.868107,86.8107
emtp,241,0.400,100.0,20.0,30.0,7.139277,6.417132,0.101151,10.1151
emtp,242,0.400,100.0,20.0,40.0,0.731796,14.059768,-18.212690,-1821.2690
emtp,243,0.400,100.0,20.0,inf,4.394320,16.785516,-2.819821,-281.9821
emtp,244,0.400,100.0,30.0,20.0,7.736174,21.778534,-1.815156,-181.5156
emtp,245,0.400,100.0,30.0,30.0,1.682603,13.993891,-7.316811,-731.6811
emtp,246,0.400,100.0,30.0,40.0,1.983780,16.523338,-7.329219,-732.9219
emtp,247,0.400,100.0,30.0,inf,0.164217,14.047330,-84.541208,-8454.1208
emtp,248,0.400,100.0,40.0,20.0,1.992501,11.502162,-4.772727,-477.2727
emtp,249,0.400,100.0,40.0,30.0,1.309456,11.732337,-7.959703,-795.9703
emtp,250,0.400,100.0,40.0,40.0,0.380215,14.099021,-36.081724,-3608.1724
emtp,251,0.400,100.0,40.0,inf,0.070187,14.050000,-199.178302,-19917.8302
emtp,252,0.400,100.0,inf,20.0,0.886008,14.004343,-14.806107,-1480.6107
emtp,253,0.400,100.0,inf,30.0,1.315598,14.188036,-9.784474,-978.4474
emtp,254,0.400,100.0,inf,40.0,0.800689,11.788871,-13.723415,-1372.3415
emtp,255,0.400,100.0,inf,inf,0.211791,16.150026,-75.254500,-7525.4500
emtp,256,0.400,500.0,20.0,20.0,40.078087,43.945397,-0.096494,-9.6494
emtp,257,0.400,500.0,20.0,30.0,23.632341,26.731817,-0.131154,-13.1154
emtp,258,0.400,500.0,20.0,40.0,36.551665,39.313461,-0.075559,-7.5559
emtp,259,0.400,500.0,20.0,inf,2.688790,3.481063,-0.294658,-29.4658
emtp,260,0.400,500.0,30.0,20.0,26.836108,29.182162,-0.087422,-8.7422
emtp,261,0.400,500.0,30.0,30.0,11.225870,13.622932,-0.213530,-21.3530
emtp,262,0.400,500.0,30.0,40.0,9.950169,11.134195,-0.118996,-11.8996
emtp,263,0.400,500.0,30.0,inf,7.349677,8.519390,-0.159152,-15.9152
emtp,264,0.400,500.0,40.0,20.0,19.144573,18.900042,0.012773,1.2773
emtp,265,0.400,500.0,40.0,30.0,12.052875,11.738115,0.026115,2.6115
emtp,266,0.400,500.0,40.0,40.0,5.678197,6.360843,-0.120222,-12.0222
emtp,267,0.400,500.0,40.0,inf,0.901706,1.264568,-0.402417,-40.2417
emtp,268,0.400,500.0,inf,20.0,34.325746,36.551211,-0.064834,-6.4834
emtp,269,0.400,500.0,inf,30.0,5.347591,6.146860,-0.149463,-14.9463
emtp,270,0.400,500.0,inf,40.0,0.928838,1.284997,-0.383445,-38.3445
emtp,271,0.400,500.0,inf,inf,0.541566,1.093095,-1.018397,-101.8397
emtp,272,0.400,1000.0,20.0,20.0,87.500000,99.975000,-0.142571,-14.2571
emtp,273,0.400,1000.0,20.0,30.0,37.940470,99.975000,-1.635049,-163.5049
emtp,274,0.400,1000.0,20.0,40.0,78.577529,70.759250,0.099498,9.9498
emtp,275,0.400,1000.0,20.0,inf,11.108378,99.975000,-7.999964,-799.9964
emtp,276,0.400,1000.0,30.0,20.0,41.317010,99.975000,-1.419706,-141.9706
emtp,277,0.400,1000.0,30.0,30.0,28.710398,99.975000,-2.482188,-248.2188
emtp,278,0.400,1000.0,30.0,40.0,2.424060,99.975000,-40.242786,-4024.2786
emtp,279,0.400,1000.0,30.0,inf,1.632286,99.975000,-60.248471,-6024.8471
emtp,280,0.400,1000.0,40.0,20.0,67.012879,99.975000,-0.491877,-49.1877
emtp,281,0.400,1000.0,40.0,30.0,16.497022,99.975000,-5.060185,-506.0185
emtp,282,0.400,1000.0,40.0,40.0,12.357066,99.975000,-7.090513,-709.0513
emtp,283,0.400,1000.0,40.0,inf,4.854494,99.975000,-19.594320,-1959.4320
emtp,284,0.400,1000.0,inf,20.0,118.443285,99.975000,0.155925,15.5925
emtp,285,0.400,1000.0,inf,30.0,25.681677,99.975000,-2.892853,-289.2853
emtp,286,0.400,1000.0,inf,40.0,0.213862,99.975000,-466.474135,-46647.4135
emtp,287,0.400,1000.0,inf,inf,4.905251,55.751669,-10.365712,-1036.5712
emtp,288,0.400,2000.0,20.0,20.0,137.500000,149.975000,-0.090727,-9.0727
emtp,289,0.400,2000.0,20.0,30.0,3.960294,23.851289,-5.022606,-502.2606
emtp,290,0.400,2000.0,20.0,40.0,87.500000,13.253279,0.848534,84.8534
emtp,291,0.400,2000.0,20.0,inf,12.871582,51.624487,-3.010734,-301.0734
emtp,292,0.400,2000.0,30.0,20.0,137.500000,129.062903,0.061361,6.1361
emtp,293,0.400,2000.0,30.0,30.0,2.821497,43.887238,-14.554594,-1455.4594
emtp,294,0.400,2000.0,30.0,40.0,35.292813,54.120036,-0.533458,-53.3458
emtp,295,0.400,2000.0,30.0,inf,96.333407,84.743081,0.120315,12.0315
emtp,296,0.400,2000.0,40.0,20.0,63.310302,69.595987,-0.099284,-9.9284
emtp,297,0.400,2000.0,40.0,30.0,29.600858,46.274658,-0.563288,-56.3288
emtp,298,0.400,2000.0,40.0,40.0,16.393465,38.758766,-1.364281,-136.4281
emtp,299,0.400,2000.0,40.0,inf,13.505781,36.580738,-1.708524,-170.8524
emtp,300,0.400,2000.0,inf,20.0,137.500000,149.975000,-0.090727,-9.0727
emtp,301,0.400,2000.0,inf,30.0,14.311021,18.301710,-0.278854,-27.8854
emtp,302,0.400,2000.0,inf,40.0,10.980407,31.404535,-1.860052,-186.0052
emtp,303,0.400,2000.0,inf,inf,22.937700,43.885808,-0.913261,-91.3261
emtp,304,0.400,5000.0,20.0,20.0,59.032338,99.975000,-0.693563,-69.3563
emtp,305,0.400,5000.0,20.0,30.0,50.130883,99.975000,-0.994280,-99.4280
emtp,306,0.400,5000.0,20.0,40.0,57.020687,99.975000,-0.753311,-75.3311
emtp,307,0.400,5000.0,20.0,inf,58.576610,99.975000,-0.706739,-70.6739
emtp,308,0.400,5000.0,30.0,20.0,42.956724,99.975000,-1.327342,-132.7342
emtp,309,0.400,5000.0,30.0,30.0,72.576827,99.975000,-0.377506,-37.7506
emtp,310,0.400,5000.0,30.0,40.0,15.338412,99.975000,-5.517950,-551.7950
emtp,311,0.400,5000.0,30.0,inf,13.001881,99.975000,-6.689272,-668.9272
emtp,312,0.400,5000.0,40.0,20.0,65.758960,99.975000,-0.520325,-52.0325
emtp,313,0.400,5000.0,40.0,30.0,1.035602,99.975000,-95.538078,-9553.8078
emtp,314,0.400,5000.0,40.0,40.0,11.822196,99.975000,-7.456550,-745.6550
emtp,315,0.400,5000.0,40.0,inf,1.402879,99.975000,-70.264149,-7026.4149
emtp,316,0.400,5000.0,inf,20.0,9.121978,99.975000,-9.959794,-995.9794
emtp,317,0.400,5000.0,inf,30.0,31.782738,99.975000,-2.145575,-214.5575
emtp,318,0.400,5000.0,inf,40.0,3.333008,99.975000,-28.995429,-2899.5429
emtp,319,0.400,5000.0,inf,inf,1.251858,99.975000,-78.861291,-7886.1291
emtp,320,0.500,100.0,20.0,20.0,7.688483,19.449794,-1.529731,-152.9731
emtp,321,0.500,100.0,20.0,30.0,1.961438,13.430546,-5.847295,-584.7295
emtp,322,0.500,100.0,20.0,40.0,2.458162,13.436033,-4.465885,-446.5885
emtp,323,0.500,100.0,20.0,inf,3.631244,7.395367,-1.036593,-103.6593
emtp,324,0.500,100.0,30.0,20.0,5.101858,5.492069,-0.076484,-7.6484
emtp,325,0.500,100.0,30.0,30.0,0.212170,11.611593,-53.727868,-5372.7868
emtp,326,0.500,100.0,30.0,40.0,3.320459,7.590970,-1.286121,-128.6121
emtp,327,0.500,100.0,30.0,inf,0.168945,11.554110,-67.389925,-6738.9925
emtp,328,0.500,100.0,40.0,20.0,1.334661,13.506460,-9.119768,-911.9768
emtp,329,0.500,100.0,40.0,30.0,1.634403,9.562705,-4.850886,-485.0886
emtp,330,0.500,100.0,40.0,40.0,0.824973,11.616400,-13.080954,-1308.0954
emtp,331,0.500,100.0,40.0,inf,0.325275,11.450597,-34.202833,-3420.2833
emtp,332,0.500,100.0,inf,20.0,0.557548,11.653628,-19.901582,-1990.1582
emtp,333,0.500,100.0,inf,30.0,3.916923,7.450511,-0.902133,-90.2133
emtp,334,0.500,100.0,inf,40.0,0.229344,11.507378,-49.175119,-4917.5119
emtp,335,0.500,100.0,inf,inf,0.287714,13.164157,-44.754373,-4475.4373
emtp,336,0.500,500.0,20.0,20.0,39.264569,43.754285,-0.114345,-11.4345
emtp,337,0.500,500.0,20.0,30.0,11.715809,10.966095,0.063992,6.3992
emtp,338,0.500,500.0,20.0,40.0,16.905553,16.949056,-0.002573,-0.2573
emtp,339,0.500,500.0,20.0,inf,6.030591,9.109580,-0.510562,-51.0562
emtp,340,0.500,500.0,30.0,20.0,2.875595,5.173289,-0.799033,-79.9033
emtp,341,0.500,500.0,30.0,30.0,3.476689,5.371847,-0.545104,-54.5104
emtp,342,0.500,500.0,30.0,40.0,8.126081,11.365611,-0.398658,-39.8658
emtp,343,0.500,500.0,30.0,inf,3.837614,2.795812,0.271471,27.1471
emtp,344,0.500,500.0,40.0,20.0,18.896643,25.368460,-0.342485,-34.2485
emtp,345,0.500,500.0,40.0,30.0,4.055491,2.798595,0.309924,30.9924
emtp,346,0.500,500.0,40.0,40.0,2.726778,5.156933,-0.891218,-89.1218
emtp,347,0.500,500.0,40.0,inf,1.033243,1.105028,-0.069476,-6.9476
emtp,348,0.500,500.0,inf,20.0,42.065177,43.329160,-0.030048,-3.0048
emtp,349,0.500,500.0,inf,30.0,14.886785,13.176205,0.114906,11.4906
emtp,350,0.500,500.0,inf,40.0,0.261746,3.040828,-10.617474,-1061.7474
emtp,351,0.500,500.0,inf,inf,0.224049,1.258115,-4.615349,-461.5349
emtp,352,0.500,1000.0,20.0,20.0,90.000000,99.980000,-0.110889,-11.0889
emtp,353,0.500,1000.0,20.0,30.0,14.398731,99.980000,-5.943668,-594.3668
emtp,354,0.500,1000.0,20.0,40.0,90.000000,99.980000,-0.110889,-11.0889
emtp,355,0.500,1000.0,20.0,inf,37.440830,99.980000,-1.670347,-167.0347
emtp,356,0.500,1000.0,30.0,20.0,20.928769,99.980000,-3.777156,-377.7156
emtp,357,0.500,1000.0,30.0,30.0,9.813815,99.980000,-9.187679,-918.7679
emtp,358,0.500,1000.0,30.0,40.0,10.468221,99.980000,-8.550811,-855.0811
emtp,359,0.500,1000.0,30.0,inf,26.699115,99.980000,-2.744693,-274.4693
emtp,360,0.500,1000.0,40.0,20.0,39.525938,99.980000,-1.529478,-152.9478
emtp,361,0.500,1000.0,40.0,30.0,15.705003,99.980000,-5.366124,-536.6124
emtp,362,0.500,1000.0,40.0,40.0,7.556162,99.980000,-12.231585,-1223.1585
emtp,363,0.500,1000.0,40.0,inf,5.379968,99.980000,-17.583755,-1758.3755
emtp,364,0.500,1000.0,inf,20.0,42.576907,99.980000,-1.348221,-134.8221
emtp,365,0.500,1000.0,inf,30.0,21.956118,99.980000,-3.553628,-355.3628
emtp,366,0.500,1000.0,inf,40.0,0.715966,99.980000,-138.643442,-13864.3442
emtp,367,0.500,1000.0,inf,inf,2.886549,29.495282,-9.218181,-921.8181
emtp,368,0.500,2000.0,20.0,20.0,90.000000,99.980000,-0.110889,-11.0889
emtp,369,0.500,2000.0,20.0,30.0,90.000000,59.477268,0.339141,33.9141
emtp,370,0.500,2000.0,20.0,40.0,5.124185,21.327616,-3.162148,-316.2148
emtp,371,0.500,2000.0,20.0,inf,50.487761,8.470250,0.832232,83.2232
emtp,372,0.500,2000.0,30.0,20.0,90.000000,99.980000,-0.110889,-11.0889
emtp,373,0.500,2000.0,30.0,30.0,4.837307,25.225765,-4.214837,-421.4837
emtp,374,0.500,2000.0,30.0,40.0,20.398415,21.306276,-0.044506,-4.4506
emtp,375,0.500,2000.0,30.0,inf,29.863662,37.688978,-0.262035,-26.2035
emtp,376,0.500,2000.0,40.0,20.0,90.000000,99.980000,-0.110889,-11.0889
emtp,377,0.500,2000.0,40.0,30.0,1.863546,15.081645,-7.092984,-709.2984
emtp,378,0.500,2000.0,40.0,40.0,10.567187,23.447906,-1.218935,-121.8935
emtp,379,0.500,2000.0,40.0,inf,0.991414,17.330213,-16.480300,-1648.0300
emtp,380,0.500,2000.0,inf,20.0,51.756024,35.580049,0.312543,31.2543
emtp,381,0.500,2000.0,inf,30.0,14.119794,7.048253,0.500825,50.0825
emtp,382,0.500,2000.0,inf,40.0,20.572854,27.632934,-0.343175,-34.3175
emtp,383,0.500,2000.0,inf,inf,18.988964,27.580015,-0.452423,-45.2423
emtp,384,0.500,5000.0,20.0,20.0,25.055940,99.980000,-2.990271,-299.0271
emtp,385,0.500,5000.0,20.0,30.0,23.887678,99.980000,-3.185421,-318.5421
emtp,386,0.500,5000.0,20.0,40.0,41.812848,99.980000,-1.391131,-139.1131
emtp,387,0.500,5000.0,20.0,inf,56.659360,99.980000,-0.764580,-76.4580
emtp,388,0.500,5000.0,30.0,20.0,70.552951,99.980000,-0.417092,-41.7092
emtp,389,0.500,5000.0,30.0,30.0,55.504367,99.980000,-0.801300,-80.1300
emtp,390,0.500,5000.0,30.0,40.0,32.201501,99.980000,-2.104824,-210.4824
emtp,391,0.500,5000.0,30.0,inf,25.537112,99.980000,-2.915086,-291.5086
emtp,392,0.500,5000.0,40.0,20.0,29.080324,99.980000,-2.438063,-243.8063
emtp,393,0.500,5000.0,40.0,30.0,5.966731,99.980000,-15.756244,-1575.6244
emtp,394,0.500,5000.0,40.0,40.0,15.832085,99.980000,-5.315024,-531.5024
emtp,395,0.500,5000.0,40.0,inf,13.523773,99.980000,-6.392907,-639.2907
emtp,396,0.500,5000.0,inf,20.0,45.546428,99.980000,-1.195123,-119.5123
emtp,397,0.500,5000.0,inf,30.0,36.613524,99.980000,-1.730685,-173.0685
emtp,398,0.500,5000.0,inf,40.0,38.822379,99.980000,-1.575319,-157.5319
emtp,399,0.500,5000.0,inf,inf,12.459370,99.980000,-7.024483,-702.4483
emtp,400,0.600,100.0,20.0,20.0,1.816753,9.716728,-4.348403,-434.8403
emtp,401,0.600,100.0,20.0,30.0,4.804881,6.375803,-0.326943,-32.6943
emtp,402,0.600,100.0,20.0,40.0,3.819739,6.322771,-0.655289,-65.5289
emtp,403,0.600,100.0,20.0,inf,3.249457,6.505476,-1.002020,-100.2020
emtp,404,0.600,100.0,30.0,20.0,4.654386,6.571638,-0.411924,-41.1924
emtp,405,0.600,100.0,30.0,30.0,0.425114,9.744404,-21.921871,-2192.1871
emtp,406,0.600,100.0,30.0,40.0,0.290536,11.359477,-38.098297,-3809.8297
emtp,407,0.600,100.0,30.0,inf,2.177755,8.106706,-2.722505,-272.2505
emtp,408,0.600,100.0,40.0,20.0,4.764862,6.354351,-0.333586,-33.3586
emtp,409,0.600,100.0,40.0,30.0,2.390904,8.130782,-2.400715,-240.0715
emtp,410,0.600,100.0,40.0,40.0,0.522536,9.726844,-17.614698,-1761.4698
emtp,411,0.600,100.0,40.0,inf,0.313701,9.741174,-30.052428,-3005.2428
emtp,412,0.600,100.0,inf,20.0,1.751763,8.217836,-3.691179,-369.1179
emtp,413,0.600,100.0,inf,30.0,1.384194,8.105111,-4.855472,-485.5472
emtp,414,0.600,100.0,inf,40.0,0.610128,9.707281,-14.910243,-1491.0243
emtp,415,0.600,100.0,inf,inf,0.345252,11.172301,-31.359841,-3135.9841
emtp,416,0.600,500.0,20.0,20.0,2.728328,4.321847,-0.584064,-58.4064
emtp,417,0.600,500.0,20.0,30.0,8.985802,11.384041,-0.266892,-26.6892
emtp,418,0.600,500.0,20.0,40.0,28.570377,27.356965,0.042471,4.2471
emtp,419,0.600,500.0,20.0,inf,5.805204,3.953894,0.318905,31.8905
emtp,420,0.600,500.0,30.0,20.0,16.108123,17.850083,-0.108142,-10.8142
emtp,421,0.600,500.0,30.0,30.0,7.413539,12.890558,-0.738786,-73.8786
emtp,422,0.600,500.0,30.0,40.0,2.030093,0.586895,0.710902,71.0902
emtp,423,0.600,500.0,30.0,inf,1.285836,6.256350,-3.865588,-386.5588
emtp,424,0.600,500.0,40.0,20.0,52.807070,54.668490,-0.035249,-3.5249
emtp,425,0.600,500.0,40.0,30.0,12.981244,10.658352,0.178942,17.8942
emtp,426,0.600,500.0,40.0,40.0,7.500677,5.502998,0.266333,26.6333
emtp,427,0.600,500.0,40.0,inf,3.335516,0.482333,0.855395,85.5395
emtp,428,0.600,500.0,inf,20.0,14.230078,12.234330,0.140249,14.0249
emtp,429,0.600,500.0,inf,30.0,3.373049,6.406311,-0.899264,-89.9264
emtp,430,0.600,500.0,inf,40.0,0.840387,2.974599,-2.539558,-253.9558
emtp,431,0.600,500.0,inf,inf,0.713243,2.772729,-2.887497,-288.7497
emtp,432,0.600,1000.0,20.0,20.0,58.333333,66.650000,-0.142571,-14.2571
emtp,433,0.600,1000.0,20.0,30.0,9.599324,99.983333,-9.415664,-941.5664
emtp,434,0.600,1000.0,20.0,40.0,10.026057,99.983333,-8.972348,-897.2348
emtp,435,0.600,1000.0,20.0,inf,11.566368,99.983333,-7.644316,-764.4316
emtp,436,0.600,1000.0,30.0,20.0,29.451653,99.983333,-2.394829,-239.4829
emtp,437,0.600,1000.0,30.0,30.0,28.243801,99.983333,-2.540010,-254.0010
emtp,438,0.600,1000.0,30.0,40.0,2.425111,99.983333,-40.228348,-4022.8348
emtp,439,0.600,1000.0,30.0,inf,0.037543,99.983333,-2662.139843,-266213.9843
emtp,440,0.600,1000.0,40.0,20.0,22.440310,99.983333,-3.455524,-345.5524
emtp,441,0.600,1000.0,40.0,30.0,10.641892,99.983333,-8.395259,-839.5259
emtp,442,0.600,1000.0,40.0,40.0,11.223197,99.983333,-7.908632,-790.8632
emtp,443,0.600,1000.0,40.0,inf,0.830187,99.983333,-119.434752,-11943.4752
emtp,444,0.600,1000.0,inf,20.0,39.651802,18.729412,0.527653,52.7653
emtp,445,0.600,1000.0,inf,30.0,10.990296,99.983333,-8.097419,-809.7419
emtp,446,0.600,1000.0,inf,40.0,5.582249,99.983333,-16.910941,-1691.0941
emtp,447,0.600,1000.0,inf,inf,1.815273,11.923049,-5.568187,-556.8187
emtp,448,0.600,2000.0,20.0,20.0,91.666667,99.983333,-0.090727,-9.0727
emtp,449,0.600,2000.0,20.0,30.0,58.333333,66.650000,-0.142571,-14.2571
emtp,450,0.600,2000.0,20.0,40.0,58.333333,51.211584,0.122087,12.2087
emtp,451,0.600,2000.0,20.0,inf,58.333333,66.650000,-0.142571,-14.2571
emtp,452,0.600,2000.0,30.0,20.0,14.385557,14.917374,-0.036969,-3.6969
emtp,453,0.600,2000.0,30.0,30.0,28.230131,21.713039,0.230856,23.0856
emtp,454,0.600,2000.0,30.0,40.0,44.027081,30.104376,0.316230,31.6230
emtp,455,0.600,2000.0,30.0,inf,23.966343,16.253833,0.321806,32.1806
emtp,456,0.600,2000.0,40.0,20.0,58.333333,66.650000,-0.142571,-14.2571
emtp,457,0.600,2000.0,40.0,30.0,21.565169,19.854130,0.079343,7.9343
emtp,458,0.600,2000.0,40.0,40.0,26.818191,21.307876,0.205469,20.5469
emtp,459,0.600,2000.0,40.0,inf,11.802224,12.804122,-0.084891,-8.4891
emtp,460,0.600,2000.0,inf,20.0,68.743399,59.800862,0.130086,13.0086
emtp,461,0.600,2000.0,inf,30.0,30.280339,23.402474,0.227140,22.7140
emtp,462,0.600,2000.0,inf,40.0,14.946091,14.936469,0.000644,0.0644
emtp,463,0.600,2000.0,inf,inf,18.148319,16.476473,0.092121,9.2121
emtp,464,0.600,5000.0,20.0,20.0,91.666667,99.983333,-0.090727,-9.0727
emtp,465,0.600,5000.0,20.0,30.0,51.708634,99.983333,-0.933591,-93.3591
emtp,466,0.600,5000.0,20.0,40.0,37.674771,99.983333,-1.653854,-165.3854
emtp,467,0.600,5000.0,20.0,inf,73.140174,99.983333,-0.367010,-36.7010
emtp,468,0.600,5000.0,30.0,20.0,52.408560,99.983333,-0.907767,-90.7767
emtp,469,0.600,5000.0,30.0,30.0,80.595550,99.983333,-0.240556,-24.0556
emtp,470,0.600,5000.0,30.0,40.0,45.212563,99.983333,-1.211406,-121.1406
emtp,471,0.600,5000.0,30.0,inf,67.953739,99.983333,-0.471344,-47.1344
emtp,472,0.600,5000.0,40.0,20.0,16.852451,99.983333,-4.932866,-493.2866
emtp,473,0.600,5000.0,40.0,30.0,16.075862,99.983333,-5.219470,-521.9470
emtp,474,0.600,5000.0,40.0,40.0,20.673993,99.983333,-3.836189,-383.6189
emtp,475,0.600,5000.0,40.0,inf,22.481927,99.983333,-3.447276,-344.7276
emtp,476,0.600,5000.0,inf,20.0,13.159315,99.983333,-6.597913,-659.7913
emtp,477,0.600,5000.0,inf,30.0,42.124703,99.983333,-1.373508,-137.3508
emtp,478,0.600,5000.0,inf,40.0,11.562943,99.983333,-7.646876,-764.6876
emtp,479,0.600,5000.0,inf,inf,22.629199,99.983333,-3.418333,-341.8333
emtp,480,0.700,100.0,20.0,20.0,4.509718,4.297209,0.047123,4.7123
emtp,481,0.700,100.0,20.0,30.0,3.402571,7.040869,-1.069279,-106.9279
emtp,482,0.700,100.0,20.0,40.0,2.464882,11.450670,-3.645525,-364.5525
emtp,483,0.700,100.0,20.0,inf,8.837176,17.307148,-0.958448,-95.8448
emtp,484,0.700,100.0,30.0,20.0,4.484472,4.223985,0.058086,5.8086
emtp,485,0.700,100.0,30.0,30.0,2.036910,7.206673,-2.538042,-253.8042
emtp,486,0.700,100.0,30.0,40.0,0.044527,8.640767,-193.056746,-19305.6746
emtp,487,0.700,100.0,30.0,inf,1.093462,8.462615,-6.739286,-673.9286
emtp,488,0.700,100.0,40.0,20.0,3.731227,4.243512,-0.137297,-13.7297
emtp,489,0.700,100.0,40.0,30.0,1.651517,7.070676,-3.281323,-328.1323
emtp,490,0.700,100.0,40.0,40.0,0.786491,8.462238,-9.759479,-975.9479
emtp,491,0.700,100.0,40.0,inf,0.736019,8.459482,-10.493564,-1049.3564
emtp,492,0.700,100.0,inf,20.0,0.284406,9.882289,-33.747132,-3374.7132
emtp,493,0.700,100.0,inf,30.0,0.288901,8.535051,-28.543126,-2854.3126
emtp,494,0.700,100.0,inf,40.0,0.014380,8.580698,-595.724019,-59572.4019
emtp,495,0.700,100.0,inf,inf,0.390793,9.748457,-23.945299,-2394.5299
emtp,496,0.700,500.0,20.0,20.0,25.491963,25.057788,0.017032,1.7032
emtp,497,0.700,500.0,20.0,30.0,9.364734,11.289315,-0.205514,-20.5514
emtp,498,0.700,500.0,20.0,40.0,18.140088,27.034310,-0.490308,-49.0308
emtp,499,0.700,500.0,20.0,inf,11.407100,21.253921,-0.863219,-86.3219
emtp,500,0.700,500.0,30.0,20.0,35.691221,34.941223,0.021014,2.1014
emtp,501,0.700,500.0,30.0,30.0,4.134219,0.280819,0.932074,93.2074
emtp,502,0.700,500.0,30.0,40.0,5.320476,11.221504,-1.109117,-110.9117
emtp,503,0.700,500.0,30.0,inf,7.251474,3.173268,0.562397,56.2397
emtp,504,0.700,500.0,40.0,20.0,18.428324,16.036006,0.129817,12.9817
emtp,505,0.700,500.0,40.0,30.0,8.025864,11.379135,-0.417808,-41.7808
emtp,506,0.700,500.0,40.0,40.0,1.109514,2.647381,-1.386073,-138.6073
emtp,507,0.700,500.0,40.0,inf,0.184012,4.055055,-21.036950,-2103.6950
emtp,508,0.700,500.0,inf,20.0,6.242800,4.579907,0.266370,26.6370
emtp,509,0.700,500.0,inf,30.0,9.902609,7.417400,0.250965,25.0965
emtp,510,0.700,500.0,inf,40.0,1.870388,2.526498,-0.350788,-35.0788
emtp,511,0.700,500.0,inf,inf,1.065968,2.656208,-1.491827,-149.1827
emtp,512,0.700,1000.0,20.0,20.0,17.584188,99.985714,-4.686115,-468.6115
emtp,513,0.700,1000.0,20.0,30.0,35.714286,42.842857,-0.199600,-19.9600
emtp,514,0.700,1000.0,20.0,40.0,35.714286,42.842857,-0.199600,-19.9600
emtp,515,0.700,1000.0,20.0,inf,10.934097,99.985714,-8.144396,-814.4396
emtp,516,0.700,1000.0,30.0,20.0,17.552862,99.985714,-4.696263,-469.6263
emtp,517,0.700,1000.0,30.0,30.0,9.659513,99.985714,-9.351010,-935.1010
emtp,518,0.700,1000.0,30.0,40.0,6.689623,99.985714,-13.946390,-1394.6390
emtp,519,0.700,1000.0,30.0,inf,13.907528,99.985714,-6.189323,-618.9323
emtp,520,0.700,1000.0,40.0,20.0,23.003610,2.289298,0.900481,90.0481
emtp,521,0.700,1000.0,40.0,30.0,8.666941,99.985714,-10.536448,-1053.6448
emtp,522,0.700,1000.0,40.0,40.0,8.177936,99.985714,-11.226277,-1122.6277
emtp,523,0.700,1000.0,40.0,inf,2.529450,99.985714,-38.528641,-3852.8641
emtp,524,0.700,1000.0,inf,20.0,44.776715,99.985714,-1.232985,-123.2985
emtp,525,0.700,1000.0,inf,30.0,14.861353,99.985714,-5.727901,-572.7901
emtp,526,0.700,1000.0,inf,40.0,1.887397,99.985714,-51.975458,-5197.5458
emtp,527,0.700,1000.0,inf,inf,1.210192,0.864877,0.285339,28.5339
emtp,528,0.700,2000.0,20.0,20.0,35.714286,34.229305,0.041579,4.1579
emtp,529,0.700,2000.0,20.0,30.0,52.296345,22.226948,0.574981,57.4981
emtp,530,0.700,2000.0,20.0,40.0,57.248637,43.973266,0.231890,23.1890
emtp,531,0.700,2000.0,20.0,inf,35.714286,42.207032,-0.181797,-18.1797
emtp,532,0.700,2000.0,30.0,20.0,35.714286,16.994711,0.524148,52.4148
emtp,533,0.700,2000.0,30.0,30.0,35.714286,17.206120,0.518229,51.8229
emtp,534,0.700,2000.0,30.0,40.0,35.714286,25.090635,0.297462,29.7462
emtp,535,0.700,2000.0,30.0,inf,35.714286,25.044263,0.298761,29.8761
emtp,536,0.700,2000.0,40.0,20.0,56.275774,36.734273,0.347245,34.7245
emtp,537,0.700,2000.0,40.0,30.0,22.802142,9.878379,0.566778,56.6778
emtp,538,0.700,2000.0,40.0,40.0,34.413446,14.272119,0.585275,58.5275
emtp,539,0.700,2000.0,40.0,inf,29.196548,11.603564,0.602571,60.2571
emtp,540,0.700,2000.0,inf,20.0,21.990161,10.312643,0.531034,53.1034
emtp,541,0.700,2000.0,inf,30.0,24.037251,8.726439,0.636962,63.6962
emtp,542,0.700,2000.0,inf,40.0,12.831306,5.465960,0.574014,57.4014
emtp,543,0.700,2000.0,inf,inf,18.987627,8.351658,0.560153,56.0153
emtp,544,0.700,5000.0,20.0,20.0,10.566098,99.985714,-8.462880,-846.2880
emtp,545,0.700,5000.0,20.0,30.0,22.217461,99.985714,-3.500321,-350.0321
emtp,546,0.700,5000.0,20.0,40.0,72.464981,99.985714,-0.379780,-37.9780
emtp,547,0.700,5000.0,20.0,inf,49.656995,99.985714,-1.013527,-101.3527
emtp,548,0.700,5000.0,30.0,20.0,67.315827,99.985714,-0.485323,-48.5323
emtp,549,0.700,5000.0,30.0,30.0,76.148965,99.985714,-0.313028,-31.3028
emtp,550,0.700,5000.0,30.0,40.0,45.217790,99.985714,-1.211203,-121.1203
emtp,551,0.700,5000.0,30.0,inf,31.927793,99.985714,-2.131620,-213.1620
emtp,552,0.700,5000.0,40.0,20.0,92.857143,99.985714,-0.076769,-7.6769
emtp,553,0.700,5000.0,40.0,30.0,40.724043,99.985714,-1.455201,-145.5201
emtp,554,0.700,5000.0,40.0,40.0,30.635517,99.985714,-2.263719,-226.3719
emtp,555,0.700,5000.0,40.0,inf,34.651755,99.985714,-1.885444,-188.5444
emtp,556,0.700,5000.0,inf,20.0,9.798649,99.985714,-9.204031,-920.4031
emtp,557,0.700,5000.0,inf,30.0,18.352860,99.985714,-4.447964,-444.7964
emtp,558,0.700,5000.0,inf,40.0,29.059086,99.985714,-2.440773,-244.0773
emtp,559,0.700,5000.0,inf,inf,30.807542,99.985714,-2.245495,-224.5495
emtp,560,0.800,100.0,20.0,20.0,6.985406,13.972306,-1.000214,-100.0214
emtp,561,0.800,100.0,20.0,30.0,2.030944,6.341586,-2.122483,-212.2483
emtp,562,0.800,100.0,20.0,40.0,3.354425,5.161028,-0.538573,-53.8573
emtp,563,0.800,100.0,20.0,inf,5.923769,12.714011,-1.146271,-114.6271
emtp,564,0.800,100.0,30.0,20.0,3.577306,3.915873,-0.094643,-9.4643
emtp,565,0.800,100.0,30.0,30.0,1.122984,6.441622,-4.736163,-473.6163
emtp,566,0.800,100.0,30.0,40.0,0.121147,7.693395,-62.504381,-6250.4381
emtp,567,0.800,100.0,30.0,inf,0.043274,7.688158,-176.662443,-17666.2443
emtp,568,0.800,100.0,40.0,20.0,3.039666,11.404119,-2.751767,-275.1767
emtp,569,0.800,100.0,40.0,30.0,2.349518,6.291784,-1.677904,-167.7904
emtp,570,0.800,100.0,40.0,40.0,0.748877,7.552920,-9.085663,-908.5663
emtp,571,0.800,100.0,40.0,inf,0.523981,8.836929,-15.864995,-1586.4995
emtp,572,0.800,100.0,inf,20.0,3.405429,4.999135,-0.467990,-46.7990
emtp,573,0.800,100.0,inf,30.0,0.976069,8.930881,-8.149841,-814.9841
emtp,574,0.800,100.0,inf,40.0,0.252926,7.636559,-29.192800,-2919.2800
emtp,575,0.800,100.0,inf,inf,0.427491,8.679632,-19.303652,-1930.3652
emtp,576,0.800,500.0,20.0,20.0,27.610810,24.074041,0.128094,12.8094
emtp,577,0.800,500.0,20.0,30.0,14.636386,11.421641,0.219641,21.9641
emtp,578,0.800,500.0,20.0,40.0,22.551555,17.796147,0.210868,21.0868
emtp,579,0.800,500.0,20.0,inf,5.287637,11.188576,-1.115988,-111.5988
emtp,580,0.800,500.0,30.0,20.0,22.234934,20.220815,0.090584,9.0584
emtp,581,0.800,500.0,30.0,30.0,1.533218,4.830088,-2.150294,-215.0294
emtp,582,0.800,500.0,30.0,40.0,1.463520,4.863926,-2.323443,-232.3443
emtp,583,0.800,500.0,30.0,inf,3.507446,1.240250,0.646395,64.6395
emtp,584,0.800,500.0,40.0,20.0,18.750000,24.987500,-0.332667,-33.2667
emtp,585,0.800,500.0,40.0,30.0,2.103776,6.290223,-1.989969,-198.9969
emtp,586,0.800,500.0,40.0,40.0,2.164759,2.445979,-0.129908,-12.9908
emtp,587,0.800,500.0,40.0,inf,2.196899,2.410910,-0.097415,-9.7415
emtp,588,0.800,500.0,inf,20.0,6.111112,8.779454,-0.436638,-43.6638
emtp,589,0.800,500.0,inf,30.0,0.257711,4.895176,-17.994803,-1799.4803
emtp,590,0.800,500.0,inf,40.0,2.407137,2.386433,0.008601,0.8601
emtp,591,0.800,500.0,inf,inf,1.352502,3.620678,-1.677023,-167.7023
emtp,592,0.800,1000.0,20.0,20.0,18.750000,24.987500,-0.332667,-33.2667
emtp,593,0.800,1000.0,20.0,30.0,14.244236,99.987500,-6.019506,-601.9506
emtp,594,0.800,1000.0,20.0,40.0,0.982807,11.630436,-10.833900,-1083.3900
emtp,595,0.800,1000.0,20.0,inf,1.796473,12.506148,-5.961502,-596.1502
emtp,596,0.800,1000.0,30.0,20.0,18.750000,24.987500,-0.332667,-33.2667
emtp,597,0.800,1000.0,30.0,30.0,10.059928,99.987500,-8.939187,-893.9187
emtp,598,0.800,1000.0,30.0,40.0,18.750000,24.987500,-0.332667,-33.2667
emtp,599,0.800,1000.0,30.0,inf,6.758291,99.987500,-13.794791,-1379.4791
emtp,600,0.800,1000.0,40.0,20.0,13.553658,99.987500,-6.377160,-637.7160
emtp,601,0.800,1000.0,40.0,30.0,2.757797,99.987500,-35.256296,-3525.6296
emtp,602,0.800,1000.0,40.0,40.0,8.265012,99.987500,-11.097683,-1109.7683
emtp,603,0.800,1000.0,40.0,inf,5.413302,99.987500,-17.470705,-1747.0705
emtp,604,0.800,1000.0,inf,20.0,18.750000,24.987500,-0.332667,-33.2667
emtp,605,0.800,1000.0,inf,30.0,16.506642,24.987500,-0.513785,-51.3785
emtp,606,0.800,1000.0,inf,40.0,2.883690,99.987500,-33.673456,-3367.3456
emtp,607,0.800,1000.0,inf,inf,0.825331,8.835834,-9.705804,-970.5804
emtp,608,0.800,2000.0,20.0,20.0,18.750000,24.987500,-0.332667,-33.2667
emtp,609,0.800,2000.0,20.0,30.0,18.750000,24.987500,-0.332667,-33.2667
emtp,610,0.800,2000.0,20.0,40.0,64.749940,29.461553,0.544995,54.4995
emtp,611,0.800,2000.0,20.0,inf,63.732316,87.404614,-0.371433,-37.1433
emtp,612,0.800,2000.0,30.0,20.0,90.319218,61.374791,0.320468,32.0468
emtp,613,0.800,2000.0,30.0,30.0,18.750000,24.987500,-0.332667,-33.2667
emtp,614,0.800,2000.0,30.0,40.0,18.750000,17.209948,0.082136,8.2136
emtp,615,0.800,2000.0,30.0,inf,18.750000,6.020470,0.678908,67.8908
emtp,616,0.800,2000.0,40.0,20.0,16.818352,0.340118,0.979777,97.9777
emtp,617,0.800,2000.0,40.0,30.0,18.750000,2.683650,0.856872,85.6872
emtp,618,0.800,2000.0,40.0,40.0,18.750000,8.229157,0.561112,56.1112
emtp,619,0.800,2000.0,40.0,inf,18.750000,4.895459,0.738909,73.8909
emtp,620,0.800,2000.0,inf,20.0,42.814543,31.812354,0.256973,25.6973
emtp,621,0.800,2000.0,inf,30.0,18.750000,2.438201,0.869963,86.9963
emtp,622,0.800,2000.0,inf,40.0,18.750000,3.659781,0.804812,80.4812
emtp,623,0.800,2000.0,inf,inf,18.750000,1.256056,0.933010,93.3010
emtp,624,0.800,5000.0,20.0,20.0,93.750000,99.987500,-0.066533,-6.6533
emtp,625,0.800,5000.0,20.0,30.0,93.750000,99.987500,-0.066533,-6.6533
emtp,626,0.800,5000.0,20.0,40.0,63.982133,99.987500,-0.562741,-56.2741
emtp,627,0.800,5000.0,20.0,inf,20.201666,99.987500,-3.949468,-394.9468
emtp,628,0.800,5000.0,30.0,20.0,21.729923,99.987500,-3.601374,-360.1374
emtp,629,0.800,5000.0,30.0,30.0,21.775335,99.987500,-3.591778,-359.1778
emtp,630,0.800,5000.0,30.0,40.0,50.412646,99.987500,-0.983381,-98.3381
emtp,631,0.800,5000.0,30.0,inf,38.954808,99.987500,-1.566756,-156.6756
emtp,632,0.800,5000.0,40.0,20.0,21.667688,99.987500,-3.614590,-361.4590
emtp,633,0.800,5000.0,40.0,30.0,36.930806,99.987500,-1.707428,-170.7428
emtp,634,0.800,5000.0,40.0,40.0,30.388245,99.987500,-2.290335,-229.0335
emtp,635,0.800,5000.0,40.0,inf,43.725970,99.987500,-1.286685,-128.6685
emtp,636,0.800,5000.0,inf,20.0,21.794790,99.987500,-3.587679,-358.7679
emtp,637,0.800,5000.0,inf,30.0,21.770421,99.987500,-3.592814,-359.2814
emtp,638,0.800,5000.0,inf,40.0,40.396013,99.987500,-1.475182,-147.5182
emtp,639,0.800,5000.0,inf,inf,37.717430,99.987500,-1.650963,-165.0963
emtp,640,0.900,100.0,20.0,20.0,5.474536,1.218840,0.777362,77.7362
emtp,641,0.900,100.0,20.0,30.0,1.027362,6.973405,-5.787683,-578.7683
emtp,642,0.900,100.0,20.0,40.0,1.598969,4.636005,-1.899372,-189.9372
emtp,643,0.900,100.0,20.0,inf,1.763041,5.651311,-2.205435,-220.5435
emtp,644,0.900,100.0,30.0,20.0,3.924537,9.305545,-1.371119,-137.1119
emtp,645,0.900,100.0,30.0,30.0,0.239701,7.927274,-32.071492,-3207.1492
emtp,646,0.900,100.0,30.0,40.0,0.109068,6.957524,-62.790666,-6279.0666
emtp,647,0.900,100.0,30.0,inf,0.056729,7.951621,-139.167305,-13916.7305
emtp,648,0.900,100.0,40.0,20.0,3.588198,4.716475,-0.314441,-31.4441
emtp,649,0.900,100.0,40.0,30.0,0.047041,6.903694,-145.758622,-14575.8622
emtp,650,0.900,100.0,40.0,40.0,0.146786,6.940234,-46.281168,-4628.1168
emtp,651,0.900,100.0,40.0,inf,0.231831,6.915551,-28.830089,-2883.0089
emtp,652,0.900,100.0,inf,20.0,0.158034,9.091346,-56.527844,-5652.7844
emtp,653,0.900,100.0,inf,30.0,0.287210,7.972721,-26.759201,-2675.9201
emtp,654,0.900,100.0,inf,40.0,0.575203,6.891227,-10.980516,-1098.0516
emtp,655,0.900,100.0,inf,inf,0.456764,7.847505,-16.180675,-1618.0675
emtp,656,0.900,500.0,20.0,20.0,2.339690,10.430028,-3.457867,-345.7867
emtp,657,0.900,500.0,20.0,30.0,3.605238,8.988521,-1.493183,-149.3183
emtp,658,0.900,500.0,20.0,40.0,5.555556,11.063678,-0.991462,-99.1462
emtp,659,0.900,500.0,20.0,inf,5.555556,11.100000,-0.998000,-99.8000
emtp,660,0.900,500.0,30.0,20.0,13.049608,8.943576,0.314648,31.4648
emtp,661,0.900,500.0,30.0,30.0,3.287434,9.174355,-1.790734,-179.0734
emtp,662,0.900,500.0,30.0,40.0,2.473597,7.894280,-2.191417,-219.1417
emtp,663,0.900,500.0,30.0,inf,3.443586,9.257358,-1.688290,-168.8290
emtp,664,0.900,500.0,40.0,20.0,2.263600,5.635469,-1.489604,-148.9604
emtp,665,0.900,500.0,40.0,30.0,1.667670,2.333316,-0.399147,-39.9147
emtp,666,0.900,500.0,40.0,40.0,1.367864,4.488037,-2.281056,-228.1056
emtp,667,0.900,500.0,40.0,inf,1.112258,4.507952,-3.052974,-305.2974
emtp,668,0.900,500.0,inf,20.0,5.555556,11.078819,-0.994187,-99.4187
emtp,669,0.900,500.0,inf,30.0,0.373844,6.724122,-16.986440,-1698.6440
emtp,670,0.900,500.0,inf,40.0,1.686495,3.423436,-1.029912,-102.9912
emtp,671,0.900,500.0,inf,inf,1.612198,3.436277,-1.131424,-113.1424
emtp,672,0.900,1000.0,20.0,20.0,5.555556,11.100000,-0.998000,-99.8000
emtp,673,0.900,1000.0,20.0,30.0,5.555556,11.100000,-0.998000,-99.8000
emtp,674,0.900,1000.0,20.0,40.0,60.009151,34.903825,0.418358,41.8358
emtp,675,0.900,1000.0,20.0,inf,5.555556,11.100000,-0.998000,-99.8000
emtp,676,0.900,1000.0,30.0,20.0,5.555556,11.100000,-0.998000,-99.8000
emtp,677,0.900,1000.0,30.0,30.0,5.555556,11.100000,-0.998000,-99.8000
emtp,678,0.900,1000.0,30.0,40.0,15.433363,99.988889,-5.478749,-547.8749
emtp,679,0.900,1000.0,30.0,inf,5.555556,11.100000,-0.998000,-99.8000
emtp,680,0.900,1000.0,40.0,20.0,5.555556,11.100000,-0.998000,-99.8000
emtp,681,0.900,1000.0,40.0,30.0,2.003775,11.100000,-4.539545,-453.9545
emtp,682,0.900,1000.0,40.0,40.0,0.669800,99.988889,-148.281715,-14828.1715
emtp,683,0.900,1000.0,40.0,inf,5.555556,11.100000,-0.998000,-99.8000
emtp,684,0.900,1000.0,inf,20.0,5.555556,11.100000,-0.998000,-99.8000
emtp,685,0.900,1000.0,inf,30.0,5.555556,11.100000,-0.998000,-99.8000
emtp,686,0.900,1000.0,inf,40.0,0.596523,99.988889,-166.619447,-16661.9447
emtp,687,0.900,1000.0,inf,inf,0.513604,16.413253,-30.957017,-3095.7017
emtp,688,0.900,2000.0,20.0,20.0,5.555556,0.142809,0.974294,97.4294
emtp,689,0.900,2000.0,20.0,30.0,13.190082,17.693345,-0.341413,-34.1413
emtp,690,0.900,2000.0,20.0,40.0,31.150350,22.390588,0.281209,28.1209
emtp,691,0.900,2000.0,20.0,inf,62.917543,66.197391,-0.052129,-5.2129
emtp,692,0.900,2000.0,30.0,20.0,5.555556,9.253801,-0.665684,-66.5684
emtp,693,0.900,2000.0,30.0,30.0,5.555556,11.365483,-1.045787,-104.5787
emtp,694,0.900,2000.0,30.0,40.0,5.555556,3.005477,0.459014,45.9014
emtp,695,0.900,2000.0,30.0,inf,9.988293,16.733110,-0.675272,-67.5272
emtp,696,0.900,2000.0,40.0,20.0,5.555556,11.100000,-0.998000,-99.8000
emtp,697,0.900,2000.0,40.0,30.0,5.555556,2.991815,0.461473,46.1473
emtp,698,0.900,2000.0,40.0,40.0,5.555556,0.180770,0.967461,96.7461
emtp,699,0.900,2000.0,40.0,inf,5.555556,1.611894,0.709859,70.9859
emtp,700,0.900,2000.0,inf,20.0,55.765091,56.118669,-0.006340,-0.6340
emtp,701,0.900,2000.0,inf,30.0,5.991533,15.465734,-1.581265,-158.1265
emtp,702,0.900,2000.0,inf,40.0,5.555556,3.145833,0.433750,43.3750
emtp,703,0.900,2000.0,inf,inf,5.555556,2.850038,0.486993,48.6993
emtp,704,0.900,5000.0,20.0,20.0,56.121153,99.988889,-0.781661,-78.1661
emtp,705,0.900,5000.0,20.0,30.0,59.805459,99.988889,-0.671902,-67.1902
emtp,706,0.900,5000.0,20.0,40.0,88.421565,99.988889,-0.130820,-13.0820
emtp,707,0.900,5000.0,20.0,inf,40.677154,99.988889,-1.458109,-145.8109
emtp,708,0.900,5000.0,30.0,20.0,45.556801,99.988889,-1.194818,-119.4818
emtp,709,0.900,5000.0,30.0,30.0,30.481239,99.988889,-2.280342,-228.0342
emtp,710,0.900,5000.0,30.0,40.0,47.754025,99.988889,-1.093832,-109.3832
emtp,711,0.900,5000.0,30.0,inf,62.234561,99.988889,-0.606646,-60.6646
emtp,712,0.900,5000.0,40.0,20.0,46.815730,99.988889,-1.135797,-113.5797
emtp,713,0.900,5000.0,40.0,30.0,33.705463,99.988889,-1.966548,-196.6548
emtp,714,0.900,5000.0,40.0,40.0,40.797071,99.988889,-1.450884,-145.0884
emtp,715,0.900,5000.0,40.0,inf,42.992226,99.988889,-1.325743,-132.5743
emtp,716,0.900,5000.0,inf,20.0,94.027817,99.988889,-0.063397,-6.3397
emtp,717,0.900,5000.0,inf,30.0,31.514653,99.988889,-2.172775,-217.2775
emtp,718,0.900,5000.0,inf,40.0,46.399773,99.988889,-1.154943,-115.4943
emtp,719,0.900,5000.0,inf,inf,43.737785,99.988889,-1.286099,-128.6099
ref50,0,0.100,100.0,20.0,20.0,13.546906,32.705576,-1.414247,-141.4247
ref50,1,0.100,100.0,20.0,30.0,1.190795,52.611313,-43.181672,-4318.1672
ref50,2,0.100,100.0,20.0,40.0,31.072897,74.308801,-1.391435,-139.1435
ref50,3,0.100,100.0,20.0,inf,8.907158,53.726138,-5.031794,-503.1794
ref50,4,0.100,100.0,30.0,20.0,26.714297,22.233564,0.167728,16.7728
ref50,5,0.100,100.0,30.0,30.0,7.624237,53.401785,-6.004214,-600.4214
ref50,6,0.100,100.0,30.0,40.0,4.542456,43.203027,-8.510940,-851.0940
ref50,7,0.100,100.0,30.0,inf,4.077648,43.014009,-9.548730,-954.8730
ref50,8,0.100,100.0,40.0,20.0,34.165757,83.204154,-1.435308,-143.5308
ref50,9,0.100,100.0,40.0,30.0,2.143546,52.883888,-23.671214,-2367.1214
ref50,10,0.100,100.0,40.0,40.0,1.660873,43.615130,-25.260358,-2526.0358
ref50,11,0.100,100.0,40.0,inf,2.810181,43.282278,-14.401955,-1440.1955
ref50,12,0.100,100.0,inf,20.0,45.757434,103.498998,-1.261906,-126.1906
ref50,13,0.100,100.0,inf,30.0,3.506478,43.670384,-11.454200,-1145.4200
ref50,14,0.100,100.0,inf,40.0,2.591605,52.777107,-19.364645,-1936.4645
ref50,15,0.100,100.0,inf,inf,0.564731,52.333051,-91.668980,-9166.8980
ref50,16,0.100,500.0,20.0,20.0,50.000000,99.900000,-0.998000,-99.8000
ref50,17,0.100,500.0,20.0,30.0,50.000000,89.974262,-0.799485,-79.9485
ref50,18,0.100,500.0,20.0,40.0,50.000000,99.900000,-0.998000,-99.8000
ref50,19,0.100,500.0,20.0,inf,206.553971,202.641830,0.018940,1.8940
ref50,20,0.100,500.0,30.0,20.0,50.000000,99.900000,-0.998000,-99.8000
ref50,21,0.100,500.0,30.0,30.0,25.254022,0.307179,0.987836,98.7836
ref50,22,0.100,500.0,30.0,40.0,30.027492,9.941983,0.668904,66.8904
ref50,23,0.100,500.0,30.0,inf,1.876298,29.062689,-14.489377,-1448.9377
ref50,24,0.100,500.0,40.0,20.0,169.116053,162.445960,0.039441,3.9441
ref50,25,0.100,500.0,40.0,30.0,16.390331,9.206888,0.438273,43.8273
ref50,26,0.100,500.0,40.0,40.0,6.628240,19.051345,-1.874269,-187.4269
ref50,27,0.100,500.0,40.0,inf,1.075703,20.214159,-17.791577,-1779.1577
ref50,28,0.100,500.0,inf,20.0,152.150501,141.878897,0.067509,6.7509
ref50,29,0.100,500.0,inf,30.0,38.343331,20.010064,0.478134,47.8134
ref50,30,0.100,500.0,inf,40.0,13.081326,9.938886,0.240223,24.0223
ref50,31,0.100,500.0,inf,inf,14.180686,9.571758,0.325014,32.5014
ref50,32,0.100,1000.0,20.0,20.0,412.192009,99.900000,0.757637,75.7637
ref50,33,0.100,1000.0,20.0,30.0,1.887229,395.566293,-208.601636,-20860.1636
ref50,34,0.100,1000.0,20.0,40.0,50.000000,99.900000,-0.998000,-99.8000
ref50,35,0.100,1000.0,20.0,inf,50.000000,99.900000,-0.998000,-99.8000
ref50,36,0.100,1000.0,30.0,20.0,56.342904,99.900000,-0.773072,-77.3072
ref50,37,0.100,1000.0,30.0,30.0,50.000000,99.900000,-0.998000,-99.8000
ref50,38,0.100,1000.0,30.0,40.0,26.925364,99.900000,-2.710256,-271.0256
ref50,39,0.100,1000.0,30.0,inf,30.460687,99.900000,-2.279637,-227.9637
ref50,40,0.100,1000.0,40.0,20.0,50.000000,99.900000,-0.998000,-99.8000
ref50,41,0.100,1000.0,40.0,30.0,104.450222,99.900000,0.043564,4.3564
ref50,42,0.100,1000.0,40.0,40.0,26.345631,99.900000,-2.791900,-279.1900
ref50,43,0.100,1000.0,40.0,inf,7.232518,99.900000,-12.812616,-1281.2616
ref50,44,0.100,1000.0,inf,20.0,394.367636,99.900000,0.746683,74.6683
ref50,45,0.100,1000.0,inf,30.0,81.737991,99.900000,-0.222198,-22.2198
ref50,46,0.100,1000.0,inf,40.0,18.591808,99.900000,-4.373334,-437.3334
ref50,47,0.100,1000.0,inf,inf,48.174995,438.960080,-8.111782,-811.1782
ref50,48,0.100,2000.0,20.0,20.0,50.000000,99.900000,-0.998000,-99.8000
ref50,49,0.100,2000.0,20.0,30.0,18.127382,159.967666,-7.824642,-782.4642
ref50,50,0.100,2000.0,20.0,40.0,850.000000,738.749305,0.130883,13.0883
ref50,51,0.100,2000.0,20.0,inf,224.176806,193.236453,0.138018,13.8018
ref50,52,0.100,2000.0,30.0,20.0,187.486451,302.428563,-0.613069,-61.3069
ref50,53,0.100,2000.0,30.0,30.0,429.482251,465.955038,-0.084923,-8.4923
ref50,54,0.100,2000.0,30.0,40.0,102.318895,181.439536,-0.773275,-77.3275
ref50,55,0.100,2000.0,30.0,inf,119.118788,282.535717,-1.371882,-137.1882
ref50,56,0.100,2000.0,40.0,20.0,12.785690,130.695245,-9.221994,-922.1994
ref50,57,0.100,2000.0,40.0,30.0,154.184992,272.441918,-0.766981,-76.6981
ref50,58,0.100,2000.0,40.0,40.0,142.601228,242.274348,-0.698964,-69.8964
ref50,59,0.100,2000.0,40.0,inf,218.309053,314.325068,-0.439817,-43.9817
ref50,60,0.100,2000.0,inf,20.0,572.655868,508.369744,0.112260,11.2260
ref50,61,0.100,2000.0,inf,30.0,157.300202,212.574512,-0.351394,-35.1394
ref50,62,0.100,2000.0,inf,40.0,157.246810,282.599089,-0.797169,-79.7169
ref50,63,0.100,2000.0,inf,inf,135.231469,242.497188,-0.793201,-79.3201
ref50,64,0.100,5000.0,20.0,20.0,528.244592,99.900000,0.810883,81.0883
ref50,65,0.100,5000.0,20.0,30.0,533.694312,99.900000,0.812814,81.2814
ref50,66,0.100,5000.0,20.0,40.0,140.191360,99.900000,0.287403,28.7403
ref50,67,0.100,5000.0,20.0,inf,100.741710,99.900000,0.008355,0.8355
ref50,68,0.100,5000.0,30.0,20.0,50.000000,99.900000,-0.998000,-99.8000
ref50,69,0.100,5000.0,30.0,30.0,218.305057,99.900000,0.542383,54.2383
ref50,70,0.100,5000.0,30.0,40.0,177.211544,99.900000,0.436267,43.6267
ref50,71,0.100,5000.0,30.0,inf,45.468282,99.900000,-1.197136,-119.7136
ref50,72,0.100,5000.0,40.0,20.0,47.890560,99.900000,-1.086006,-108.6006
ref50,73,0.100,5000.0,40.0,30.0,213.261559,99.900000,0.531561,53.1561
ref50,74,0.100,5000.0,40.0,40.0,197.218928,99.900000,0.493456,49.3456
ref50,75,0.100,5000.0,40.0,inf,221.077434,99.900000,0.548122,54.8122
ref50,76,0.100,5000.0,inf,20.0,421.457792,99.900000,0.762966,76.2966
ref50,77,0.100,5000.0,inf,30.0,151.310582,99.900000,0.339769,33.9769
ref50,78,0.100,5000.0,inf,40.0,194.252560,99.900000,0.485721,48.5721
ref50,79,0.100,5000.0,inf,inf,182.074252,99.900000,0.451323,45.1323
ref50,80,0.200,100.0,20.0,20.0,25.385375,3.044565,0.880066,88.0066
ref50,81,0.200,100.0,20.0,30.0,4.105146,22.314373,-4.435708,-443.5708
ref50,82,0.200,100.0,20.0,40.0,5.711940,32.005481,-4.603259,-460.3259
ref50,83,0.200,100.0,20.0,inf,8.161632,17.198029,-1.107180,-110.7180
ref50,84,0.200,100.0,30.0,20.0,7.092607,37.090570,-4.229469,-422.9469
ref50,85,0.200,100.0,30.0,30.0,3.557222,21.938131,-5.167208,-516.7208
ref50,86,0.200,100.0,30.0,40.0,2.126199,22.099833,-9.394057,-939.4057
ref50,87,0.200,100.0,30.0,inf,6.683345,17.105547,-1.559429,-155.9429
ref50,88,0.200,100.0,40.0,20.0,25.486572,52.498235,-1.059839,-105.9839
ref50,89,0.200,100.0,40.0,30.0,0.058955,27.083260,-458.390197,-45839.0197
ref50,90,0.200,100.0,40.0,40.0,1.119898,26.928164,-23.045183,-2304.5183
ref50,91,0.200,100.0,40.0,inf,0.486802,26.832643,-54.120272,-5412.0272
ref50,92,0.200,100.0,inf,20.0,1.166484,22.124837,-17.967114,-1796.7114
ref50,93,0.200,100.0,inf,30.0,1.363515,27.177385,-18.931852,-1893.1852
ref50,94,0.200,100.0,inf,40.0,0.534701,26.833096,-49.183366,-4918.3366
ref50,95,0.200,100.0,inf,inf,0.082925,26.790178,-322.066762,-32206.6762
ref50,96,0.200,500.0,20.0,20.0,60.013287,64.874438,-0.081001,-8.1001
ref50,97,0.200,500.0,20.0,30.0,29.741284,44.440877,-0.494249,-49.4249
ref50,98,0.200,500.0,20.0,40.0,18.732213,29.921168,-0.597311,-59.7311
ref50,99,0.200,500.0,20.0,inf,4.088874,13.997094,-2.423215,-242.3215
ref50,100,0.200,500.0,30.0,20.0,63.540337,61.579234,0.030864,3.0864
ref50,101,0.200,500.0,30.0,30.0,16.493119,10.830034,0.343361,34.3361
ref50,102,0.200,500.0,30.0,40.0,0.642282,4.443975,-5.919040,-591.9040
ref50,103,0.200,500.0,30.0,inf,48.238325,46.185255,0.042561,4.2561
ref50,104,0.200,500.0,40.0,20.0,25.044534,21.278620,0.150369,15.0369
ref50,105,0.200,500.0,40.0,30.0,17.826658,24.854344,-0.394223,-39.4223
ref50,106,0.200,500.0,40.0,40.0,15.113980,10.585142,0.299646,29.9646
ref50,107,0.200,500.0,40.0,inf,3.751337,4.119561,-0.098158,-9.8158
ref50,108,0.200,500.0,inf,20.0,22.571957,16.329195,0.276572,27.6572
ref50,109,0.200,500.0,inf,30.0,12.593974,5.930380,0.529110,52.9110
ref50,110,0.200,500.0,inf,40.0,4.673740,3.848612,0.176546,17.6546
ref50,111,0.200,500.0,inf,inf,4.841549,3.881813,0.198229,19.8229
ref50,112,0.200,1000.0,20.0,20.0,106.938818,99.950000,0.065353,6.5353
ref50,113,0.200,1000.0,20.0,30.0,12.583220,99.950000,-6.943118,-694.3118
ref50,114,0.200,1000.0,20.0,40.0,281.421315,246.109172,0.125478,12.5478
ref50,115,0.200,1000.0,20.0,inf,50.645817,182.422180,-2.601920,-260.1920
ref50,116,0.200,1000.0,30.0,20.0,57.204062,99.950000,-0.747254,-74.7254
ref50,117,0.200,1000.0,30.0,30.0,98.220717,99.950000,-0.017606,-1.7606
ref50,118,0.200,1000.0,30.0,40.0,66.389482,99.950000,-0.505510,-50.5510
ref50,119,0.200,1000.0,30.0,inf,29.763910,99.950000,-2.358094,-235.8094
ref50,120,0.200,1000.0,40.0,20.0,37.139841,99.950000,-1.691180,-169.1180
ref50,121,0.200,1000.0,40.0,30.0,61.981128,99.950000,-0.612588,-61.2588
ref50,122,0.200,1000.0,40.0,40.0,10.796790,99.950000,-8.257381,-825.7381
ref50,123,0.200,1000.0,40.0,inf,22.199710,99.950000,-3.502311,-350.2311
ref50,124,0.200,1000.0,inf,20.0,58.049279,99.950000,-0.721813,-72.1813
ref50,125,0.200,1000.0,inf,30.0,39.174285,99.950000,-1.551419,-155.1419
ref50,126,0.200,1000.0,inf,40.0,19.768720,99.950000,-4.055967,-405.5967
ref50,127,0.200,1000.0,inf,inf,18.128618,182.479237,-9.065811,-906.5811
ref50,128,0.200,2000.0,20.0,20.0,350.134291,284.556286,0.187294,18.7294
ref50,129,0.200,2000.0,20.0,30.0,375.000000,399.950000,-0.066533,-6.6533
ref50,130,0.200,2000.0,20.0,40.0,161.181092,148.418311,0.079183,7.9183
ref50,131,0.200,2000.0,20.0,inf,375.000000,309.590229,0.174426,17.4426
ref50,132,0.200,2000.0,30.0,20.0,90.522207,97.427896,-0.076287,-7.6287
ref50,133,0.200,2000.0,30.0,30.0,10.596700,26.063592,-1.459595,-145.9595
ref50,134,0.200,2000.0,30.0,40.0,77.834122,122.304069,-0.571343,-57.1343
ref50,135,0.200,2000.0,30.0,inf,77.477432,131.625844,-0.698893,-69.8893
ref50,136,0.200,2000.0,40.0,20.0,50.640634,130.319499,-1.573418,-157.3418
ref50,137,0.200,2000.0,40.0,30.0,75.000000,0.961136,0.987185,98.7185
ref50,138,0.200,2000.0,40.0,40.0,62.599914,121.978618,-0.948543,-94.8543
ref50,139,0.200,2000.0,40.0,inf,47.435626,106.153448,-1.237842,-123.7842
ref50,140,0.200,2000.0,inf,20.0,75.000000,99.950000,-0.332667,-33.2667
ref50,141,0.200,2000.0,inf,30.0,79.419075,131.552891,-0.656439,-65.6439
ref50,142,0.200,2000.0,inf,40.0,60.237084,111.803613,-0.856060,-85.6060
ref50,143,0.200,2000.0,inf,inf,56.645570,112.088852,-0.978775,-97.8775
ref50,144,0.200,5000.0,20.0,20.0,75.000000,99.950000,-0.332667,-33.2667
ref50,145,0.200,5000.0,20.0,30.0,215.775007,99.950000,0.536786,53.6786
ref50,146,0.200,5000.0,20.0,40.0,214.287448,99.950000,0.533570,53.3570
ref50,147,0.200,5000.0,20.0,inf,74.175275,99.950000,-0.347484,-34.7484
ref50,148,0.200,5000.0,30.0,20.0,375.000000,99.950000,0.733467,73.3467
ref50,149,0.200,5000.0,30.0,30.0,55.496050,99.950000,-0.801029,-80.1029
ref50,150,0.200,5000.0,30.0,40.0,25.872731,99.950000,-2.863141,-286.3141
ref50,151,0.200,5000.0,30.0,inf,64.660724,99.950000,-0.545761,-54.5761
ref50,152,0.200,5000.0,40.0,20.0,80.367013,99.950000,-0.243669,-24.3669
ref50,153,0.200,5000.0,40.0,30.0,14.790308,99.950000,-5.757804,-575.7804
ref50,154,0.200,5000.0,40.0,40.0,53.079860,99.950000,-0.883012,-88.3012
ref50,155,0.200,5000.0,40.0,inf,91.680875,99.950000,-0.090195,-9.0195
ref50,156,0.200,5000.0,inf,20.0,75.000000,99.950000,-0.332667,-33.2667
ref50,157,0.200,5000.0,inf,30.0,91.221084,99.950000,-0.095690,-9.5690
ref50,158,0.200,5000.0,inf,40.0,75.924307,99.950000,-0.316443,-31.6443
ref50,159,0.200,5000.0,inf,inf,62.682358,99.950000,-0.594548,-59.4548
ref50,160,0.300,100.0,20.0,20.0,11.763844,28.631046,-1.433817,-143.3817
ref50,161,0.300,100.0,20.0,30.0,2.870893,15.277182,-4.321404,-432.1404
ref50,162,0.300,100.0,20.0,40.0,5.843254,21.978739,-2.761387,-276.1387
ref50,163,0.300,100.0,20.0,inf,14.193309,31.849053,-1.243948,-124.3948
ref50,164,0.300,100.0,30.0,20.0,3.717552,21.619467,-4.815512,-481.5512
ref50,165,0.300,100.0,30.0,30.0,2.764091,14.975564,-4.417898,-441.7898
ref50,166,0.300,100.0,30.0,40.0,6.272065,25.133258,-3.007175,-300.7175
ref50,167,0.300,100.0,30.0,inf,0.068747,18.409701,-266.790571,-26679.0571
ref50,168,0.300,100.0,40.0,20.0,0.873990,15.186316,-16.375843,-1637.5843
ref50,169,0.300,100.0,40.0,30.0,3.419813,15.022921,-3.392907,-339.2907
ref50,170,0.300,100.0,40.0,40.0,1.863927,15.165496,-7.136316,-713.6316
ref50,171,0.300,100.0,40.0,inf,0.273670,18.371252,-66.129301,-6612.9301
ref50,172,0.300,100.0,inf,20.0,8.474223,25.185210,-1.971979,-197.1979
ref50,173,0.300,100.0,inf,30.0,0.618592,18.374379,-28.703551,-2870.3551
ref50,174,0.300,100.0,inf,40.0,1.024135,15.296489,-13.936010,-1393.6010
ref50,175,0.300,100.0,inf,inf,0.102853,18.273597,-176.667078,-17666.7078
ref50,176,0.300,500.0,20.0,20.0,33.559411,39.822402,-0.186624,-18.6624
ref50,177,0.300,500.0,20.0,30.0,19.224758,17.929864,0.067356,6.7356
ref50,178,0.300,500.0,20.0,40.0,19.491268,17.985782,0.077239,7.7239
ref50,179,0.300,500.0,20.0,inf,0.416364,2.246690,-4.395974,-439.5974
ref50,180,0.300,500.0,30.0,20.0,6.605044,9.218752,-0.395714,-39.5714
ref50,181,0.300,500.0,30.0,30.0,16.654907,14.751109,0.114309,11.4309
ref50,182,0.300,500.0,30.0,40.0,7.310499,4.629106,0.366787,36.6787
ref50,183,0.300,500.0,30.0,inf,12.693757,11.217456,0.116301,11.6301
ref50,184,0.300,500.0,40.0,20.0,10.909955,10.907483,0.000227,0.0227
ref50,185,0.300,500.0,40.0,30.0,5.649518,4.322363,0.234915,23.4915
ref50,186,0.300,500.0,40.0,40.0,0.350066,2.394990,-5.841534,-584.1534
ref50,187,0.300,500.0,40.0,inf,3.836348,1.188339,0.690242,69.0242
ref50,188,0.300,500.0,inf,20.0,39.979516,46.191981,-0.155391,-15.5391
ref50,189,0.300,500.0,inf,30.0,3.665953,1.154543,0.685063,68.5063
ref50,190,0.300,500.0,inf,40.0,2.286474,0.898903,0.606861,60.6861
ref50,191,0.300,500.0,inf,inf,1.907115,0.827875,0.565902,56.5902
ref50,192,0.300,1000.0,20.0,20.0,210.327901,99.966667,0.524710,52.4710
ref50,193,0.300,1000.0,20.0,30.0,19.366769,99.966667,-4.161763,-416.1763
ref50,194,0.300,1000.0,20.0,40.0,74.183238,99.966667,-0.347564,-34.7564
ref50,195,0.300,1000.0,20.0,inf,11.761444,99.966667,-7.499523,-749.9523
ref50,196,0.300,1000.0,30.0,20.0,36.347226,99.966667,-1.750325,-175.0325
ref50,197,0.300,1000.0,30.0,30.0,11.138465,99.966667,-7.974905,-797.4905
ref50,198,0.300,1000.0,30.0,40.0,17.947813,99.966667,-4.569852,-456.9852
ref50,199,0.300,1000.0,30.0,inf,76.162383,99.966667,-0.312546,-31.2546
ref50,200,0.300,1000.0,40.0,20.0,56.992472,99.966667,-0.754033,-75.4033
ref50,201,0.300,1000.0,40.0,30.0,43.765543,99.966667,-1.284141,-128.4141
ref50,202,0.300,1000.0,40.0,40.0,3.141049,99.966667,-30.825886,-3082.5886
ref50,203,0.300,1000.0,40.0,inf,8.219927,99.966667,-11.161503,-1116.1503
ref50,204,0.300,1000.0,inf,20.0,4.659706,99.966667,-20.453428,-2045.3428
ref50,205,0.300,1000.0,inf,30.0,11.352144,99.966667,-7.805972,-780.5972
ref50,206,0.300,1000.0,inf,40.0,11.177674,99.966667,-7.943423,-794.3423
ref50,207,0.300,1000.0,inf,inf,8.936783,98.094474,-9.976487,-997.6487
ref50,208,0.300,2000.0,20.0,20.0,35.163225,78.206362,-1.224095,-122.4095
ref50,209,0.300,2000.0,20.0,30.0,216.666667,169.870772,0.215981,21.5981
ref50,210,0.300,2000.0,20.0,40.0,6.768365,44.816242,-5.621428,-562.1428
ref50,211,0.300,2000.0,20.0,inf,1.358034,28.784586,-20.195772,-2019.5772
ref50,212,0.300,2000.0,30.0,20.0,59.734043,105.969489,-0.774022,-77.4022
ref50,213,0.300,2000.0,30.0,30.0,91.407007,105.662223,-0.155953,-15.5953
ref50,214,0.300,2000.0,30.0,40.0,90.354984,91.966255,-0.017833,-1.7833
ref50,215,0.300,2000.0,30.0,inf,30.910659,54.826614,-0.773712,-77.3712
ref50,216,0.300,2000.0,40.0,20.0,83.333333,99.966667,-0.199600,-19.9600
ref50,217,0.300,2000.0,40.0,30.0,4.784797,21.475222,-3.488220,-348.8220
ref50,218,0.300,2000.0,40.0,40.0,49.789609,78.782634,-0.582311,-58.2311
ref50,219,0.300,2000.0,40.0,inf,41.827948,68.687156,-0.642135,-64.2135
ref50,220,0.300,2000.0,inf,20.0,83.333333,99.966667,-0.199600,-19.9600
ref50,221,0.300,2000.0,inf,30.0,1.226118,44.385004,-35.199619,-3519.9619
ref50,222,0.300,2000.0,inf,40.0,54.874839,75.225034,-0.370847,-37.0847
ref50,223,0.300,2000.0,inf,inf,32.776964,68.130583,-1.078612,-107.8612
ref50,224,0.300,5000.0,20.0,20.0,70.064223,99.966667,-0.426786,-42.6786
ref50,225,0.300,5000.0,20.0,30.0,83.333333,99.966667,-0.199600,-19.9600
ref50,226,0.300,5000.0,20.0,40.0,15.994329,99.966667,-5.250132,-525.0132
ref50,227,0.300,5000.0,20.0,inf,25.236037,99.966667,-2.961266,-296.1266
ref50,228,0.300,5000.0,30.0,20.0,38.767462,99.966667,-1.578623,-157.8623
ref50,229,0.300,5000.0,30.0,30.0,29.668899,99.966667,-2.369409,-236.9409
ref50,230,0.300,5000.0,30.0,40.0,108.849796,99.966667,0.081609,8.1609
ref50,231,0.300,5000.0,30.0,inf,12.205379,99.966667,-7.190378,-719.0378
ref50,232,0.300,5000.0,40.0,20.0,105.188162,99.966667,0.049640,4.9640
ref50,233,0.300,5000.0,40.0,30.0,41.896756,99.966667,-1.386024,-138.6024
ref50,234,0.300,5000.0,40.0,40.0,12.228874,99.966667,-7.174642,-717.4642
ref50,235,0.300,5000.0,40.0,inf,34.167671,99.966667,-1.925768,-192.5768
ref50,236,0.300,5000.0,inf,20.0,82.349868,99.966667,-0.213926,-21.3926
ref50,237,0.300,5000.0,inf,30.0,19.912811,99.966667,-4.020219,-402.0219
ref50,238,0.300,5000.0,inf,40.0,24.034359,99.966667,-3.159323,-315.9323
ref50,239,0.300,5000.0,inf,inf,22.340681,99.966667,-3.474647,-347.4647
ref50,240,0.400,100.0,20.0,20.0,11.681602,1.404649,0.879755,87.9755
ref50,241,0.400,100.0,20.0,30.0,0.778360,11.773167,-14.125598,-1412.5598
ref50,242,0.400,100.0,20.0,40.0,1.950449,11.528783,-4.910834,-491.0834
ref50,243,0.400,100.0,20.0,inf,4.962321,19.201598,-2.869479,-286.9479
ref50,244,0.400,100.0,30.0,20.0,3.431525,19.052418,-4.552173,-455.2173
ref50,245,0.400,100.0,30.0,30.0,2.070665,16.523369,-6.979739,-697.9739
ref50,246,0.400,100.0,30.0,40.0,3.219875,16.671410,-4.177658,-417.7658
ref50,247,0.400,100.0,30.0,inf,2.726969,11.661923,-3.276515,-327.6515
ref50,248,0.400,100.0,40.0,20.0,1.098539,13.997707,-11.742108,-1174.2108
ref50,249,0.400,100.0,40.0,30.0,2.238233,11.682668,-4.219594,-421.9594
ref50,250,0.400,100.0,40.0,40.0,0.283556,14.098317,-48.719608,-4871.9608
ref50,251,0.400,100.0,40.0,inf,0.383378,14.137638,-35.876533,-3587.6533
ref50,252,0.400,100.0,inf,20.0,6.278696,21.742090,-2.462835,-246.2835
ref50,253,0.400,100.0,inf,30.0,1.569936,14.282043,-8.097215,-809.7215
ref50,254,0.400,100.0,inf,40.0,0.113210,14.000215,-122.665699,-12266.5699
ref50,255,0.400,100.0,inf,inf,0.211791,16.150026,-75.254500,-7525.4500
ref50,256,0.400,500.0,20.0,20.0,34.612587,37.071889,-0.071052,-7.1052
ref50,257,0.400,500.0,20.0,30.0,29.721100,31.706941,-0.066816,-6.6816
ref50,258,0.400,500.0,20.0,40.0,0.979972,1.161290,-0.185023,-18.5023
ref50,259,0.400,500.0,20.0,inf,11.885724,11.707194,0.015021,1.5021
ref50,260,0.400,500.0,30.0,20.0,15.683027,16.562414,-0.056073,-5.6073
ref50,261,0.400,500.0,30.0,30.0,19.924387,21.602603,-0.084229,-8.4229
ref50,262,0.400,500.0,30.0,40.0,4.811164,4.197477,0.127555,12.7555
ref50,263,0.400,500.0,30.0,inf,3.017577,3.679420,-0.219329,-21.9329
ref50,264,0.400,500.0,40.0,20.0,49.541932,51.840662,-0.046400,-4.6400
ref50,265,0.400,500.0,40.0,30.0,6.460863,8.624435,-0.334874,-33.4874
ref50,266,0.400,500.0,40.0,40.0,3.819894,3.832490,-0.003297,-0.3297
ref50,267,0.400,500.0,40.0,inf,0.975283,1.284913,-0.317477,-31.7477
ref50,268,0.400,500.0,inf,20.0,16.130757,16.653371,-0.032399,-3.2399
ref50,269,0.400,500.0,inf,30.0,2.104862,3.408341,-0.619270,-61.9270
ref50,270,0.400,500.0,inf,40.0,1.609621,1.288488,0.199508,19.9508
ref50,271,0.400,500.0,inf,inf,0.541566,1.093095,-1.018397,-101.8397
ref50,272,0.400,1000.0,20.0,20.0,5.121823,99.975000,-18.519416,-1851.9416
ref50,273,0.400,1000.0,20.0,30.0,53.625369,63.644011,-0.186827,-18.6827
ref50,274,0.400,1000.0,20.0,40.0,51.541549,99.975000,-0.939697,-93.9697
ref50,275,0.400,1000.0,20.0,inf,101.297769,99.975000,0.013058,1.3058
ref50,276,0.400,1000.0,30.0,20.0,60.275401,99.975000,-0.658637,-65.8637
ref50,277,0.400,1000.0,30.0,30.0,7.046035,99.975000,-13.188831,-1318.8831
ref50,278,0.400,1000.0,30.0,40.0,14.435762,99.975000,-5.925509,-592.5509
ref50,279,0.400,1000.0,30.0,inf,3.072030,99.975000,-31.543622,-3154.3622
ref50,280,0.400,1000.0,40.0,20.0,78.473454,99.975000,-0.273998,-27.3998
ref50,281,0.400,1000.0,40.0,30.0,14.640323,99.975000,-5.828743,-582.8743
ref50,282,0.400,1000.0,40.0,40.0,0.567187,99.975000,-175.264729,-17526.4729
ref50,283,0.400,1000.0,40.0,inf,11.161052,99.975000,-7.957489,-795.7489
ref50,284,0.400,1000.0,inf,20.0,27.491428,40.421649,-0.470336,-47.0336
ref50,285,0.400,1000.0,inf,30.0,22.872164,99.975000,-3.371034,-337.1034
ref50,286,0.400,1000.0,inf,40.0,11.306543,99.975000,-7.842225,-784.2225
ref50,287,0.400,1000.0,inf,inf,4.905251,55.751669,-10.365712,-1036.5712
ref50,288,0.400,2000.0,20.0,20.0,87.500000,99.975000,-0.142571,-14.2571
ref50,289,0.400,2000.0,20.0,30.0,28.984770,57.014075,-0.967036,-96.7036
ref50,290,0.400,2000.0,20.0,40.0,48.137977,72.498953,-0.506066,-50.6066
ref50,291,0.400,2000.0,20.0,inf,12.463475,23.575925,-0.891601,-89.1601
ref50,292,0.400,2000.0,30.0,20.0,5.696820,41.366299,-6.261296,-626.1296
ref50,293,0.400,2000.0,30.0,30.0,80.781277,82.724120,-0.024051,-2.4051
ref50,294,0.400,2000.0,30.0,40.0,33.638392,33.766801,-0.003817,-0.3817
ref50,295,0.400,2000.0,30.0,inf,48.792647,56.838449,-0.164898,-16.4898
ref50,296,0.400,2000.0,40.0,20.0,11.745118,3.582875,0.694948,69.4948
ref50,297,0.400,2000.0,40.0,30.0,76.072383,67.044181,0.118679,11.8679
ref50,298,0.400,2000.0,40.0,40.0,10.599050,31.477572,-1.969848,-196.9848
ref50,299,0.400,2000.0,40.0,inf,21.225172,46.315494,-1.182102,-118.2102
ref50,300,0.400,2000.0,inf,20.0,87.500000,82.915577,0.052393,5.2393
ref50,301,0.400,2000.0,inf,30.0,53.539175,49.435579,0.076647,7.6647
ref50,302,0.400,2000.0,inf,40.0,17.487205,46.527365,-1.660652,-166.0652
ref50,303,0.400,2000.0,inf,inf,22.937700,43.885808,-0.913261,-91.3261
ref50,304,0.400,5000.0,20.0,20.0,46.671521,99.975000,-1.142099,-114.2099
ref50,305,0.400,5000.0,20.0,30.0,17.952390,99.975000,-4.568896,-456.8896
ref50,306,0.400,5000.0,20.0,40.0,38.908559,99.975000,-1.569486,-156.9486
ref50,307,0.400,5000.0,20.0,inf,63.227293,99.975000,-0.581200,-58.1200
ref50,308,0.400,5000.0,30.0,20.0,87.500000,99.975000,-0.142571,-14.2571
ref50,309,0.400,5000.0,30.0,30.0,14.609265,99.975000,-5.843260,-584.3260
ref50,310,0.400,5000.0,30.0,40.0,39.424057,99.975000,-1.535888,-153.5888
ref50,311,0.400,5000.0,30.0,inf,6.746990,99.975000,-13.817719,-1381.7719
ref50,312,0.400,5000.0,40.0,20.0,57.219277,99.975000,-0.747226,-74.7226
ref50,313,0.400,5000.0,40.0,30.0,30.807491,99.975000,-2.245152,-224.5152
ref50,314,0.400,5000.0,40.0,40.0,29.081749,99.975000,-2.437723,-243.7723
ref50,315,0.400,5000.0,40.0,inf,6.875845,99.975000,-13.540032,-1354.0032
ref50,316,0.400,5000.0,inf,20.0,86.061763,99.975000,-0.161666,-16.1666
ref50,317,0.400,5000.0,inf,30.0,19.480326,99.975000,-4.132101,-413.2101
ref50,318,0.400,5000.0,inf,40.0,8.730884,99.975000,-10.450730,-1045.0730
ref50,319,0.400,5000.0,inf,inf,1.251858,99.975000,-78.861291,-7886.1291
ref50,320,0.500,100.0,20.0,20.0,5.429335,17.444936,-2.213089,-221.3089
ref50,321,0.500,100.0,20.0,30.0,5.298122,17.554275,-2.313302,-231.3302
ref50,322,0.500,100.0,20.0,40.0,5.310540,17.563374,-2.307267,-230.7267
ref50,323,0.500,100.0,20.0,inf,1.289145,9.577763,-6.429547,-642.9547
ref50,324,0.500,100.0,30.0,20.0,5.893436,5.369321,0.088932,8.8932
ref50,325,0.500,100.0,30.0,30.0,3.431825,15.469200,-3.507573,-350.7573
ref50,326,0.500,100.0,30.0,40.0,0.717606,11.539764,-15.080922,-1508.0922
ref50,327,0.500,100.0,30.0,inf,1.765757,13.470124,-6.628526,-662.8526
ref50,328,0.500,100.0,40.0,20.0,2.508224,9.591965,-2.824206,-282.4206
ref50,329,0.500,100.0,40.0,30.0,1.540929,9.553897,-5.200088,-520.0088
ref50,330,0.500,100.0,40.0,40.0,1.103372,9.601826,-7.702256,-770.2256
ref50,331,0.500,100.0,40.0,inf,0.090777,11.476255,-125.422227,-12542.2227
ref50,332,0.500,100.0,inf,20.0,10.958909,21.600924,-0.971083,-97.1083
ref50,333,0.500,100.0,inf,30.0,1.473559,9.565540,-5.491453,-549.1453
ref50,334,0.500,100.0,inf,40.0,0.487701,11.435548,-22.447874,-2244.7874
ref50,335,0.500,100.0,inf,inf,0.287714,13.164157,-44.754373,-4475.4373
ref50,336,0.500,500.0,20.0,20.0,7.236908,7.002826,0.032345,3.2345
ref50,337,0.500,500.0,20.0,30.0,4.526783,5.133677,-0.134067,-13.4067
ref50,338,0.500,500.0,20.0,40.0,40.031962,43.529577,-0.087371,-8.7371
ref50,339,0.500,500.0,20.0,inf,18.893033,27.405722,-0.450573,-45.0573
ref50,340,0.500,500.0,30.0,20.0,24.180022,27.291055,-0.128661,-12.8661
ref50,341,0.500,500.0,30.0,30.0,4.160858,5.264022,-0.265129,-26.5129
ref50,342,0.500,500.0,30.0,40.0,9.499756,8.958912,0.056932,5.6932
ref50,343,0.500,500.0,30.0,inf,0.903158,3.186449,-2.528118,-252.8118
ref50,344,0.500,500.0,40.0,20.0,11.805600,15.294183,-0.295502,-29.5502
ref50,345,0.500,500.0,40.0,30.0,7.921514,9.321152,-0.176688,-17.6688
ref50,346,0.500,500.0,40.0,40.0,0.873714,1.115041,-0.276209,-27.6209
ref50,347,0.500,500.0,40.0,inf,4.261171,7.150265,-0.678005,-67.8005
ref50,348,0.500,500.0,inf,20.0,18.954772,18.926319,0.001501,0.1501
ref50,349,0.500,500.0,inf,30.0,4.165153,2.925679,0.297582,29.7582
ref50,350,0.500,500.0,inf,40.0,1.002845,1.157420,-0.154136,-15.4136
ref50,351,0.500,500.0,inf,inf,0.224049,1.258115,-4.615349,-461.5349
ref50,352,0.500,1000.0,20.0,20.0,22.186539,99.980000,-3.506336,-350.6336
ref50,353,0.500,1000.0,20.0,30.0,49.304386,99.980000,-1.027811,-102.7811
ref50,354,0.500,1000.0,20.0,40.0,4.436443,99.980000,-21.536071,-2153.6071
ref50,355,0.500,1000.0,20.0,inf,90.000000,99.980000,-0.110889,-11.0889
ref50,356,0.500,1000.0,30.0,20.0,17.982808,99.980000,-4.559755,-455.9755
ref50,357,0.500,1000.0,30.0,30.0,27.147441,99.980000,-2.682852,-268.2852
ref50,358,0.500,1000.0,30.0,40.0,5.162180,99.980000,-18.367787,-1836.7787
ref50,359,0.500,1000.0,30.0,inf,14.334801,99.980000,-5.974635,-597.4635
ref50,360,0.500,1000.0,40.0,20.0,25.533522,99.980000,-2.915637,-291.5637
ref50,361,0.500,1000.0,40.0,30.0,0.940711,99.980000,-105.281284,-10528.1284
ref50,362,0.500,1000.0,40.0,40.0,10.402594,99.980000,-8.611064,-861.1064
ref50,363,0.500,1000.0,40.0,inf,0.440134,99.980000,-226.158174,-22615.8174
ref50,364,0.500,1000.0,inf,20.0,90.000000,99.980000,-0.110889,-11.0889
ref50,365,0.500,1000.0,inf,30.0,17.954222,99.980000,-4.568607,-456.8607
ref50,366,0.500,1000.0,inf,40.0,10.823723,99.980000,-8.237117,-823.7117
ref50,367,0.500,1000.0,inf,inf,2.886549,29.495282,-9.218181,-921.8181
ref50,368,0.500,2000.0,20.0,20.0,16.313381,45.270433,-1.775049,-177.5049
ref50,369,0.500,2000.0,20.0,30.0,17.469147,15.360527,0.120705,12.0705
ref50,370,0.500,2000.0,20.0,40.0,71.718230,59.251298,0.173832,17.3832
ref50,371,0.500,2000.0,20.0,inf,90.000000,67.789237,0.246786,24.6786
ref50,372,0.500,2000.0,30.0,20.0,25.821604,35.618832,-0.379420,-37.9420
ref50,373,0.500,2000.0,30.0,30.0,51.263431,23.294431,0.545594,54.5594
ref50,374,0.500,2000.0,30.0,40.0,30.273894,31.588672,-0.043429,-4.3429
ref50,375,0.500,2000.0,30.0,inf,90.000000,66.107844,0.265468,26.5468
ref50,376,0.500,2000.0,40.0,20.0,10.531513,23.285063,-1.210989,-121.0989
ref50,377,0.500,2000.0,40.0,30.0,16.963690,27.381502,-0.614124,-61.4124
ref50,378,0.500,2000.0,40.0,40.0,2.790658,17.079976,-5.120413,-512.0413
ref50,379,0.500,2000.0,40.0,inf,24.469632,29.399581,-0.201472,-20.1472
ref50,380,0.500,2000.0,inf,20.0,79.298779,53.850783,0.320913,32.0913
ref50,381,0.500,2000.0,inf,30.0,23.121476,31.534600,-0.363866,-36.3866
ref50,382,0.500,2000.0,inf,40.0,0.836175,17.476676,-19.900731,-1990.0731
ref50,383,0.500,2000.0,inf,inf,18.988964,27.580015,-0.452423,-45.2423
ref50,384,0.500,5000.0,20.0,20.0,82.293768,99.980000,-0.214916,-21.4916
ref50,385,0.500,5000.0,20.0,30.0,53.169038,99.980000,-0.880418,-88.0418
ref50,386,0.500,5000.0,20.0,40.0,90.000000,99.980000,-0.110889,-11.0889
ref50,387,0.500,5000.0,20.0,inf,25.604113,99.980000,-2.904841,-290.4841
ref50,388,0.500,5000.0,30.0,20.0,81.996268,99.980000,-0.219324,-21.9324
ref50,389,0.500,5000.0,30.0,30.0,20.669549,99.980000,-3.837067,-383.7067
ref50,390,0.500,5000.0,30.0,40.0,15.210575,99.980000,-5.573058,-557.3058
ref50,391,0.500,5000.0,30.0,inf,20.162111,99.980000,-3.958806,-395.8806
ref50,392,0.500,5000.0,40.0,20.0,89.942932,99.980000,-0.111594,-11.1594
ref50,393,0.500,5000.0,40.0,30.0,13.012888,99.980000,-6.683152,-668.3152
ref50,394,0.500,5000.0,40.0,40.0,12.017528,99.980000,-7.319515,-731.9515
ref50,395,0.500,5000.0,40.0,inf,11.252383,99.980000,-7.885229,-788.5229
ref50,396,0.500,5000.0,inf,20.0,46.146324,99.980000,-1.166586,-116.6586
ref50,397,0.500,5000.0,inf,30.0,13.175637,99.980000,-6.588248,-658.8248
ref50,398,0.500,5000.0,inf,40.0,14.553917,99.980000,-5.869628,-586.9628
ref50,399,0.500,5000.0,inf,inf,12.459370,99.980000,-7.024483,-702.4483
ref50,400,0.600,100.0,20.0,20.0,3.161300,13.266833,-3.196638,-319.6638
ref50,401,0.600,100.0,20.0,30.0,6.410870,4.673625,0.270984,27.0984
ref50,402,0.600,100.0,20.0,40.0,3.855303,13.274946,-2.443295,-244.3295
ref50,403,0.600,100.0,20.0,inf,3.451669,13.134267,-2.805193,-280.5193
ref50,404,0.600,100.0,30.0,20.0,5.646882,6.407277,-0.134658,-13.4658
ref50,405,0.600,100.0,30.0,30.0,0.408899,9.881148,-23.165246,-2316.5246
ref50,406,0.600,100.0,30.0,40.0,0.353334,9.734595,-26.550696,-2655.0696
ref50,407,0.600,100.0,30.0,inf,0.985334,9.870336,-9.017252,-901.7252
ref50,408,0.600,100.0,40.0,20.0,0.744245,11.488277,-14.436157,-1443.6157
ref50,409,0.600,100.0,40.0,30.0,0.253577,9.726303,-37.356483,-3735.6483
ref50,410,0.600,100.0,40.0,40.0,0.315517,9.771186,-29.968783,-2996.8783
ref50,411,0.600,100.0,40.0,inf,0.204542,9.782080,-46.824354,-4682.4354
ref50,412,0.600,100.0,inf,20.0,2.207397,13.181203,-4.971378,-497.1378
ref50,413,0.600,100.0,inf,30.0,0.799521,9.661575,-11.084208,-1108.4208
ref50,414,0.600,100.0,inf,40.0,0.465031,9.741945,-19.949010,-1994.9010
ref50,415,0.600,100.0,inf,inf,0.345252,11.172301,-31.359841,-3135.9841
ref50,416,0.600,500.0,20.0,20.0,2.381240,7.981329,-2.351753,-235.1753
ref50,417,0.600,500.0,20.0,30.0,9.885956,12.953106,-0.310253,-31.0253
ref50,418,0.600,500.0,20.0,40.0,12.671716,10.409573,0.178519,17.8519
ref50,419,0.600,500.0,20.0,inf,19.837396,18.977923,0.043326,4.3326
ref50,420,0.600,500.0,30.0,20.0,16.899325,22.974946,-0.359519,-35.9519
ref50,421,0.600,500.0,30.0,30.0,8.029430,5.632029,0.298577,29.8577
ref50,422,0.600,500.0,30.0,40.0,5.560059,3.895009,0.299466,29.9466
ref50,423,0.600,500.0,30.0,inf,3.748508,6.344519,-0.692545,-69.2545
ref50,424,0.600,500.0,40.0,20.0,4.632433,6.254490,-0.350152,-35.0152
ref50,425,0.600,500.0,40.0,30.0,12.146427,16.469240,-0.355892,-35.5892
ref50,426,0.600,500.0,40.0,40.0,0.280162,2.944934,-9.511550,-951.1550
ref50,427,0.600,500.0,40.0,inf,1.677338,1.180486,0.296215,29.6215
ref50,428,0.600,500.0,inf,20.0,34.317796,38.013807,-0.107700,-10.7700
ref50,429,0.600,500.0,inf,30.0,6.929339,11.356283,-0.638870,-63.8870
ref50,430,0.600,500.0,inf,40.0,1.560441,1.200280,0.230807,23.0807
ref50,431,0.600,500.0,inf,inf,0.713243,2.772729,-2.887497,-288.7497
ref50,432,0.600,1000.0,20.0,20.0,43.607607,99.983333,-1.292796,-129.2796
ref50,433,0.600,1000.0,20.0,30.0,25.061884,99.983333,-2.989458,-298.9458
ref50,434,0.600,1000.0,20.0,40.0,26.662260,99.983333,-2.749995,-274.9995
ref50,435,0.600,1000.0,20.0,inf,0.244272,99.983333,-408.311092,-40831.1092
ref50,436,0.600,1000.0,30.0,20.0,26.387744,99.983333,-2.789007,-278.9007
ref50,437,0.600,1000.0,30.0,30.0,21.948126,99.983333,-3.555438,-355.5438
ref50,438,0.600,1000.0,30.0,40.0,4.631567,99.983333,-20.587364,-2058.7364
ref50,439,0.600,1000.0,30.0,inf,19.762136,99.983333,-4.059338,-405.9338
ref50,440,0.600,1000.0,40.0,20.0,23.139369,99.983333,-3.320919,-332.0919
ref50,441,0.600,1000.0,40.0,30.0,11.239799,99.983333,-7.895473,-789.5473
ref50,442,0.600,1000.0,40.0,40.0,3.827798,99.983333,-25.120325,-2512.0325
ref50,443,0.600,1000.0,40.0,inf,3.513779,99.983333,-27.454643,-2745.4643
ref50,444,0.600,1000.0,inf,20.0,28.965156,99.983333,-2.451849,-245.1849
ref50,445,0.600,1000.0,inf,30.0,3.056653,99.983333,-31.710071,-3171.0071
ref50,446,0.600,1000.0,inf,40.0,2.395785,99.983333,-40.733019,-4073.3019
ref50,447,0.600,1000.0,inf,inf,1.815273,11.923049,-5.568187,-556.8187
ref50,448,0.600,2000.0,20.0,20.0,56.744510,6.209741,0.890567,89.0567
ref50,449,0.600,2000.0,20.0,30.0,58.333333,66.650000,-0.142571,-14.2571
ref50,450,0.600,2000.0,20.0,40.0,3.733502,11.102962,-1.973873,-197.3873
ref50,451,0.600,2000.0,20.0,inf,58.333333,66.650000,-0.142571,-14.2571
ref50,452,0.600,2000.0,30.0,20.0,36.965304,9.063289,0.754816,75.4816
ref50,453,0.600,2000.0,30.0,30.0,1.668269,1.129894,0.322715,32.2715
ref50,454,0.600,2000.0,30.0,40.0,31.562190,5.798464,0.816284,81.6284
ref50,455,0.600,2000.0,30.0,inf,31.716388,23.131567,0.270675,27.0675
ref50,456,0.600,2000.0,40.0,20.0,36.774336,26.646312,0.275410,27.5410
ref50,457,0.600,2000.0,40.0,30.0,53.046693,30.098753,0.432599,43.2599
ref50,458,0.600,2000.0,40.0,40.0,41.877524,26.843930,0.358990,35.8990
ref50,459,0.600,2000.0,40.0,inf,31.918467,21.426861,0.328700,32.8700
ref50,460,0.600,2000.0,inf,20.0,58.333333,46.191099,0.208153,20.8153
ref50,461,0.600,2000.0,inf,30.0,1.428105,4.637427,-2.247259,-224.7259
ref50,462,0.600,2000.0,inf,40.0,19.067037,17.912989,0.060526,6.0526
ref50,463,0.600,2000.0,inf,inf,18.148319,16.476473,0.092121,9.2121
ref50,464,0.600,5000.0,20.0,20.0,5.522882,99.983333,-17.103472,-1710.3472
ref50,465,0.600,5000.0,20.0,30.0,3.375086,99.983333,-28.623936,-2862.3936
ref50,466,0.600,5000.0,20.0,40.0,41.974103,99.983333,-1.382024,-138.2024
ref50,467,0.600,5000.0,20.0,inf,2.666352,99.983333,-36.498168,-3649.8168
ref50,468,0.600,5000.0,30.0,20.0,19.756558,99.983333,-4.060767,-406.0767
ref50,469,0.600,5000.0,30.0,30.0,74.899409,99.983333,-0.334902,-33.4902
ref50,470,0.600,5000.0,30.0,40.0,4.269233,99.983333,-22.419506,-2241.9506
ref50,471,0.600,5000.0,30.0,inf,19.543403,99.983333,-4.115963,-411.5963
ref50,472,0.600,5000.0,40.0,20.0,5.406820,99.983333,-17.492076,-1749.2076
ref50,473,0.600,5000.0,40.0,30.0,8.034618,99.983333,-11.444067,-1144.4067
ref50,474,0.600,5000.0,40.0,40.0,20.700781,99.983333,-3.829930,-382.9930
ref50,475,0.600,5000.0,40.0,inf,32.784437,99.983333,-2.049719,-204.9719
ref50,476,0.600,5000.0,inf,20.0,4.993496,99.983333,-19.022711,-1902.2711
ref50,477,0.600,5000.0,inf,30.0,17.729742,99.983333,-4.639300,-463.9300
ref50,478,0.600,5000.0,inf,40.0,29.875310,99.983333,-2.346688,-234.6688
ref50,479,0.600,5000.0,inf,inf,22.629199,99.983333,-3.418333,-341.8333
ref50,480,0.700,100.0,20.0,20.0,0.409639,8.582717,-19.951891,-1995.1891
ref50,481,0.700,100.0,20.0,30.0,7.310177,1.399556,0.808547,80.8547
ref50,482,0.700,100.0,20.0,40.0,1.707951,7.070029,-3.139479,-313.9479
ref50,483,0.700,100.0,20.0,inf,2.686328,11.511143,-3.285085,-328.5085
ref50,484,0.700,100.0,30.0,20.0,3.649174,5.547796,-0.520288,-52.0288
ref50,485,0.700,100.0,30.0,30.0,0.507695,8.549918,-15.840670,-1584.0670
ref50,486,0.700,100.0,30.0,40.0,0.514570,9.970824,-18.377007,-1837.7007
ref50,487,0.700,100.0,30.0,inf,0.588548,9.951606,-15.908745,-1590.8745
ref50,488,0.700,100.0,40.0,20.0,0.323423,8.579921,-25.528470,-2552.8470
ref50,489,0.700,100.0,40.0,30.0,0.635447,8.536738,-12.434217,-1243.4217
ref50,490,0.700,100.0,40.0,40.0,1.137822,7.197304,-5.325508,-532.5508
ref50,491,0.700,100.0,40.0,inf,0.153706,8.619934,-55.080766,-5508.0766
ref50,492,0.700,100.0,inf,20.0,1.158656,7.173169,-5.190940,-519.0940
ref50,493,0.700,100.0,inf,30.0,0.669058,9.877718,-13.763614,-1376.3614
ref50,494,0.700,100.0,inf,40.0,0.701924,8.492673,-11.099133,-1109.9133
ref50,495,0.700,100.0,inf,inf,0.390793,9.748457,-23.945299,-2394.5299
ref50,496,0.700,500.0,20.0,20.0,2.899346,11.148596,-2.845211,-284.5211
ref50,497,0.700,500.0,20.0,30.0,27.048401,26.199838,0.031372,3.1372
ref50,498,0.700,500.0,20.0,40.0,4.371871,6.827895,-0.561779,-56.1779
ref50,499,0.700,500.0,20.0,inf,4.111201,1.235139,0.699567,69.9567
ref50,500,0.700,500.0,30.0,20.0,21.081249,17.610984,0.164614,16.4614
ref50,501,0.700,500.0,30.0,30.0,5.629330,0.368672,0.934509,93.4509
ref50,502,0.700,500.0,30.0,40.0,4.305842,1.621558,0.623405,62.3405
ref50,503,0.700,500.0,30.0,inf,2.661306,1.157386,0.565106,56.5106
ref50,504,0.700,500.0,40.0,20.0,22.470258,20.614244,0.082599,8.2599
ref50,505,0.700,500.0,40.0,30.0,4.158122,6.951385,-0.671761,-67.1761
ref50,506,0.700,500.0,40.0,40.0,0.344268,3.984833,-10.574807,-1057.4807
ref50,507,0.700,500.0,40.0,inf,1.762362,2.561966,-0.453711,-45.3711
ref50,508,0.700,500.0,inf,20.0,11.831304,14.138864,-0.195038,-19.5038
ref50,509,0.700,500.0,inf,30.0,3.683535,0.309243,0.916047,91.6047
ref50,510,0.700,500.0,inf,40.0,2.141581,1.282875,0.400968,40.0968
ref50,511,0.700,500.0,inf,inf,1.065968,2.656208,-1.491827,-149.1827
ref50,512,0.700,1000.0,20.0,20.0,23.674430,99.985714,-3.223363,-322.3363
ref50,513,0.700,1000.0,20.0,30.0,14.542991,99.985714,-5.875182,-587.5182
ref50,514,0.700,1000.0,20.0,40.0,4.509617,99.985714,-21.171663,-2117.1663
ref50,515,0.700,1000.0,20.0,inf,20.565733,99.985714,-3.861763,-386.1763
ref50,516,0.700,1000.0,30.0,20.0,17.478610,99.985714,-4.720461,-472.0461
ref50,517,0.700,1000.0,30.0,30.0,5.265593,99.985714,-17.988500,-1798.8500
ref50,518,0.700,1000.0,30.0,40.0,20.107756,99.985714,-3.972495,-397.2495
ref50,519,0.700,1000.0,30.0,inf,4.630310,99.985714,-20.593742,-2059.3742
ref50,520,0.700,1000.0,40.0,20.0,30.933625,99.985714,-2.232266,-223.2266
ref50,521,0.700,1000.0,40.0,30.0,13.355133,99.985714,-6.486688,-648.6688
ref50,522,0.700,1000.0,40.0,40.0,0.436074,99.985714,-228.285905,-22828.5905
ref50,523,0.700,1000.0,40.0,inf,1.750422,99.985714,-56.120916,-5612.0916
ref50,524,0.700,1000.0,inf,20.0,50.955788,99.985714,-0.962205,-96.2205
ref50,525,0.700,1000.0,inf,30.0,2.886454,99.985714,-33.639636,-3363.9636
ref50,526,0.700,1000.0,inf,40.0,0.020871,99.985714,-4789.725103,-478972.5103
ref50,527,0.700,1000.0,inf,inf,1.210192,0.864876,0.285339,28.5339
ref50,528,0.700,2000.0,20.0,20.0,13.653045,9.065124,0.336036,33.6036
ref50,529,0.700,2000.0,20.0,30.0,5.078508,8.869080,-0.746395,-74.6395
ref50,530,0.700,2000.0,20.0,40.0,15.568262,11.839219,0.239529,23.9529
ref50,531,0.700,2000.0,20.0,inf,35.714286,27.241527,0.237237,23.7237
ref50,532,0.700,2000.0,30.0,20.0,17.316039,7.312410,0.577709,57.7709
ref50,533,0.700,2000.0,30.0,30.0,5.610402,4.646774,0.171757,17.1757
ref50,534,0.700,2000.0,30.0,40.0,10.524232,6.120868,0.418402,41.8402
ref50,535,0.700,2000.0,30.0,inf,35.714286,28.313940,0.207210,20.7210
ref50,536,0.700,2000.0,40.0,20.0,35.714286,42.842857,-0.199600,-19.9600
ref50,537,0.700,2000.0,40.0,30.0,21.722785,10.432660,0.519737,51.9737
ref50,538,0.700,2000.0,40.0,40.0,32.909896,13.179016,0.599542,59.9542
ref50,539,0.700,2000.0,40.0,inf,5.239847,1.265077,0.758566,75.8566
ref50,540,0.700,2000.0,inf,20.0,35.714286,17.344975,0.514341,51.4341
ref50,541,0.700,2000.0,inf,30.0,35.714286,21.078061,0.409814,40.9814
ref50,542,0.700,2000.0,inf,40.0,14.439664,5.811669,0.597520,59.7520
ref50,543,0.700,2000.0,inf,inf,18.987625,8.351658,0.560153,56.0153
ref50,544,0.700,5000.0,20.0,20.0,10.127559,99.985714,-8.872637,-887.2637
ref50,545,0.700,5000.0,20.0,30.0,16.410809,99.985714,-5.092674,-509.2674
ref50,546,0.700,5000.0,20.0,40.0,10.063239,99.985714,-8.935739,-893.5739
ref50,547,0.700,5000.0,20.0,inf,10.567674,99.985714,-8.461469,-846.1469
ref50,548,0.700,5000.0,30.0,20.0,26.940914,99.985714,-2.711296,-271.1296
ref50,549,0.700,5000.0,30.0,30.0,14.171679,99.985714,-6.055319,-605.5319
ref50,550,0.700,5000.0,30.0,40.0,10.446367,99.985714,-8.571338,-857.1338
ref50,551,0.700,5000.0,30.0,inf,54.106851,99.985714,-0.847931,-84.7931
ref50,552,0.700,5000.0,40.0,20.0,10.323597,99.985714,-8.685163,-868.5163
ref50,553,0.700,5000.0,40.0,30.0,40.556010,99.985714,-1.465374,-146.5374
ref50,554,0.700,5000.0,40.0,40.0,35.025171,99.985714,-1.854682,-185.4682
ref50,555,0.700,5000.0,40.0,inf,30.051453,99.985714,-2.327151,-232.7151
ref50,556,0.700,5000.0,inf,20.0,15.127662,99.985714,-5.609463,-560.9463
ref50,557,0.700,5000.0,inf,30.0,28.888450,99.985714,-2.461097,-246.1097
ref50,558,0.700,5000.0,inf,40.0,32.025315,99.985714,-2.122084,-212.2084
ref50,559,0.700,5000.0,inf,inf,30.807542,99.985714,-2.245495,-224.5495
ref50,560,0.800,100.0,20.0,20.0,0.506788,8.937895,-16.636372,-1663.6372
ref50,561,0.800,100.0,20.0,30.0,4.880373,2.611281,0.464942,46.4942
ref50,562,0.800,100.0,20.0,40.0,3.321232,3.841668,-0.156700,-15.6700
ref50,563,0.800,100.0,20.0,inf,5.225379,13.883704,-1.656975,-165.6975
ref50,564,0.800,100.0,30.0,20.0,3.214054,5.070907,-0.577729,-57.7729
ref50,565,0.800,100.0,30.0,30.0,1.463495,6.371284,-3.353473,-335.3473
ref50,566,0.800,100.0,30.0,40.0,0.918300,7.557783,-7.230185,-723.0185
ref50,567,0.800,100.0,30.0,inf,0.366044,8.797664,-23.034414,-2303.4414
ref50,568,0.800,100.0,40.0,20.0,0.944647,8.856015,-8.374941,-837.4941
ref50,569,0.800,100.0,40.0,30.0,0.554796,7.582817,-12.667754,-1266.7754
ref50,570,0.800,100.0,40.0,40.0,0.648189,8.877495,-12.695852,-1269.5852
ref50,571,0.800,100.0,40.0,inf,0.638667,7.599647,-10.899241,-1089.9241
ref50,572,0.800,100.0,inf,20.0,1.545460,7.688394,-3.974825,-397.4825
ref50,573,0.800,100.0,inf,30.0,0.366395,7.589767,-19.714685,-1971.4685
ref50,574,0.800,100.0,inf,40.0,0.690754,7.578716,-9.971654,-997.1654
ref50,575,0.800,100.0,inf,inf,0.427491,8.679632,-19.303652,-1930.3652
ref50,576,0.800,500.0,20.0,20.0,23.012088,20.308019,0.117506,11.7506
ref50,577,0.800,500.0,20.0,30.0,18.025257,21.312499,-0.182369,-18.2369
ref50,578,0.800,500.0,20.0,40.0,16.286305,19.972557,-0.226341,-22.6341
ref50,579,0.800,500.0,20.0,inf,18.750000,24.987500,-0.332667,-33.2667
ref50,580,0.800,500.0,30.0,20.0,22.585614,20.259394,0.102996,10.2996
ref50,581,0.800,500.0,30.0,30.0,14.321445,10.116331,0.293624,29.3624
ref50,582,0.800,500.0,30.0,40.0,1.016600,6.220538,-5.118961,-511.8961
ref50,583,0.800,500.0,30.0,inf,0.191572,6.201783,-31.373145,-3137.3145
ref50,584,0.800,500.0,40.0,20.0,12.454319,18.732977,-0.504135,-50.4135
ref50,585,0.800,500.0,40.0,30.0,1.542657,5.037104,-2.265213,-226.5213
ref50,586,0.800,500.0,40.0,40.0,0.711651,6.149456,-7.641108,-764.1108
ref50,587,0.800,500.0,40.0,inf,0.485407,4.987516,-9.274913,-927.4913
ref50,588,0.800,500.0,inf,20.0,28.289696,25.270587,0.106721,10.6721
ref50,589,0.800,500.0,inf,30.0,8.250392,5.101932,0.381613,38.1613
ref50,590,0.800,500.0,inf,40.0,1.166829,5.045185,-3.323842,-332.3842
ref50,591,0.800,500.0,inf,inf,1.352502,3.620678,-1.677023,-167.7023
ref50,592,0.800,1000.0,20.0,20.0,8.839291,14.268018,-0.614159,-61.4159
ref50,593,0.800,1000.0,20.0,30.0,18.750000,24.987500,-0.332667,-33.2667
ref50,594,0.800,1000.0,20.0,40.0,9.342224,99.987500,-9.702751,-970.2751
ref50,595,0.800,1000.0,20.0,inf,21.891965,99.987500,-3.567315,-356.7315
ref50,596,0.800,1000.0,30.0,20.0,31.301384,99.987500,-2.194348,-219.4348
ref50,597,0.800,1000.0,30.0,30.0,18.750000,24.987500,-0.332667,-33.2667
ref50,598,0.800,1000.0,30.0,40.0,9.254840,99.987500,-9.803807,-980.3807
ref50,599,0.800,1000.0,30.0,inf,11.818333,99.987500,-7.460372,-746.0372
ref50,600,0.800,1000.0,40.0,20.0,18.750000,24.987500,-0.332667,-33.2667
ref50,601,0.800,1000.0,40.0,30.0,10.402413,99.987500,-8.611953,-861.1953
ref50,602,0.800,1000.0,40.0,40.0,5.779821,99.987500,-16.299411,-1629.9411
ref50,603,0.800,1000.0,40.0,inf,1.656187,99.987500,-59.372110,-5937.2110
ref50,604,0.800,1000.0,inf,20.0,31.219832,99.987500,-2.202692,-220.2692
ref50,605,0.800,1000.0,inf,30.0,3.793794,99.987500,-25.355540,-2535.5540
ref50,606,0.800,1000.0,inf,40.0,3.699521,99.987500,-26.027145,-2602.7145
ref50,607,0.800,1000.0,inf,inf,0.825331,8.835834,-9.705804,-970.5804
ref50,608,0.800,2000.0,20.0,20.0,93.750000,79.256635,0.154596,15.4596
ref50,609,0.800,2000.0,20.0,30.0,9.358213,1.901978,0.796758,79.6758
ref50,610,0.800,2000.0,20.0,40.0,18.750000,17.090904,0.088485,8.8485
ref50,611,0.800,2000.0,20.0,inf,17.275106,0.346021,0.979970,97.9970
ref50,612,0.800,2000.0,30.0,20.0,18.750000,24.987500,-0.332667,-33.2667
ref50,613,0.800,2000.0,30.0,30.0,24.283300,17.789290,0.267427,26.7427
ref50,614,0.800,2000.0,30.0,40.0,18.750000,24.987500,-0.332667,-33.2667
ref50,615,0.800,2000.0,30.0,inf,18.750000,9.600974,0.487948,48.7948
ref50,616,0.800,2000.0,40.0,20.0,17.890484,55.617889,-2.108797,-210.8797
ref50,617,0.800,2000.0,40.0,30.0,29.982935,21.530297,0.281915,28.1915
ref50,618,0.800,2000.0,40.0,40.0,18.750000,12.078429,0.355817,35.5817
ref50,619,0.800,2000.0,40.0,inf,18.750000,8.207596,0.562262,56.2262
ref50,620,0.800,2000.0,inf,20.0,18.750000,24.987500,-0.332667,-33.2667
ref50,621,0.800,2000.0,inf,30.0,10.620247,2.451504,0.769167,76.9167
ref50,622,0.800,2000.0,inf,40.0,16.777962,0.070372,0.995806,99.5806
ref50,623,0.800,2000.0,inf,inf,18.750000,1.256056,0.933010,93.3010
ref50,624,0.800,5000.0,20.0,20.0,70.042437,99.987500,-0.427527,-42.7527
ref50,625,0.800,5000.0,20.0,30.0,51.219713,99.987500,-0.952129,-95.2129
ref50,626,0.800,5000.0,20.0,40.0,22.451645,99.987500,-3.453460,-345.3460
ref50,627,0.800,5000.0,20.0,inf,0.780617,99.987500,-127.087705,-12708.7705
ref50,628,0.800,5000.0,30.0,20.0,42.007776,99.987500,-1.380214,-138.0214
ref50,629,0.800,5000.0,30.0,30.0,72.346122,99.987500,-0.382071,-38.2071
ref50,630,0.800,5000.0,30.0,40.0,32.844965,99.987500,-2.044226,-204.4226
ref50,631,0.800,5000.0,30.0,inf,37.250306,99.987500,-1.684206,-168.4206
ref50,632,0.800,5000.0,40.0,20.0,41.339100,99.987500,-1.418715,-141.8715
ref50,633,0.800,5000.0,40.0,30.0,50.164500,99.987500,-0.993192,-99.3192
ref50,634,0.800,5000.0,40.0,40.0,43.956895,99.987500,-1.274672,-127.4672
ref50,635,0.800,5000.0,40.0,inf,35.900413,99.987500,-1.785135,-178.5135
ref50,636,0.800,5000.0,inf,20.0,46.092443,99.987500,-1.169282,-116.9282
ref50,637,0.800,5000.0,inf,30.0,34.390432,99.987500,-1.907422,-190.7422
ref50,638,0.800,5000.0,inf,40.0,32.660791,99.987500,-2.061392,-206.1392
ref50,639,0.800,5000.0,inf,inf,37.717430,99.987500,-1.650963,-165.0963
ref50,640,0.900,100.0,20.0,20.0,5.151412,2.416142,0.530975,53.0975
ref50,641,0.900,100.0,20.0,30.0,0.043136,8.093710,-186.633902,-18663.3902
ref50,642,0.900,100.0,20.0,40.0,1.129821,9.095798,-7.050655,-705.0655
ref50,643,0.900,100.0,20.0,inf,2.712502,9.328069,-2.438917,-243.8917
ref50,644,0.900,100.0,30.0,20.0,0.486099,7.971976,-15.399905,-1539.9905
ref50,645,0.900,100.0,30.0,30.0,2.491800,5.683841,-1.281019,-128.1019
ref50,646,0.900,100.0,30.0,40.0,1.721443,5.715295,-2.320061,-232.0061
ref50,647,0.900,100.0,30.0,inf,0.513094,7.997317,-14.586471,-1458.6471
ref50,648,0.900,100.0,40.0,20.0,0.028117,6.872429,-243.419514,-24341.9514
ref50,649,0.900,100.0,40.0,30.0,2.007303,5.748446,-1.863765,-186.3765
ref50,650,0.900,100.0,40.0,40.0,0.032141,6.961334,-215.587049,-21558.7049
ref50,651,0.900,100.0,40.0,inf,0.509458,6.876367,-12.497427,-1249.7427
ref50,652,0.900,100.0,inf,20.0,3.032186,9.226109,-2.042725,-204.2725
ref50,653,0.900,100.0,inf,30.0,0.557589,8.055511,-13.447028,-1344.7028
ref50,654,0.900,100.0,inf,40.0,0.030668,7.912985,-257.018833,-25701.8833
ref50,655,0.900,100.0,inf,inf,0.456764,7.847505,-16.180675,-1618.0675
ref50,656,0.900,500.0,20.0,20.0,4.687932,11.100000,-1.367782,-136.7782
ref50,657,0.900,500.0,20.0,30.0,4.140441,1.154193,0.721239,72.1239
ref50,658,0.900,500.0,20.0,40.0,10.659976,2.341436,0.780353,78.0353
ref50,659,0.900,500.0,20.0,inf,5.555556,11.100000,-0.998000,-99.8000
ref50,660,0.900,500.0,30.0,20.0,5.555556,6.582525,-0.184854,-18.4854
ref50,661,0.900,500.0,30.0,30.0,5.064985,1.165039,0.769982,76.9982
ref50,662,0.900,500.0,30.0,40.0,8.219522,2.315697,0.718269,71.8269
ref50,663,0.900,500.0,30.0,inf,7.091263,2.150739,0.696706,69.6706
ref50,664,0.900,500.0,40.0,20.0,5.555556,11.100000,-0.998000,-99.8000
ref50,665,0.900,500.0,40.0,30.0,5.376036,1.085262,0.798130,79.8130
ref50,666,0.900,500.0,40.0,40.0,0.908771,4.486462,-3.936847,-393.6847
ref50,667,0.900,500.0,40.0,inf,3.657172,1.197254,0.672628,67.2628
ref50,668,0.900,500.0,inf,20.0,5.555556,11.100000,-0.998000,-99.8000
ref50,669,0.900,500.0,inf,30.0,7.604431,4.409442,0.420148,42.0148
ref50,670,0.900,500.0,inf,40.0,3.709986,1.218654,0.671520,67.1520
ref50,671,0.900,500.0,inf,inf,1.612198,3.436277,-1.131424,-113.1424
ref50,672,0.900,1000.0,20.0,20.0,3.718976,11.100000,-1.984693,-198.4693
ref50,673,0.900,1000.0,20.0,30.0,45.010153,31.020169,0.310818,31.0818
ref50,674,0.900,1000.0,20.0,40.0,67.280604,99.988889,-0.486147,-48.6147
ref50,675,0.900,1000.0,20.0,inf,2.212490,11.100000,-4.016971,-401.6971
ref50,676,0.900,1000.0,30.0,20.0,5.555556,11.100000,-0.998000,-99.8000
ref50,677,0.900,1000.0,30.0,30.0,5.555556,11.100000,-0.998000,-99.8000
ref50,678,0.900,1000.0,30.0,40.0,3.493548,11.100000,-2.177285,-217.7285
ref50,679,0.900,1000.0,30.0,inf,1.025489,99.988889,-96.503650,-9650.3650
ref50,680,0.900,1000.0,40.0,20.0,5.555556,11.100000,-0.998000,-99.8000
ref50,681,0.900,1000.0,40.0,30.0,5.555556,11.100000,-0.998000,-99.8000
ref50,682,0.900,1000.0,40.0,40.0,1.225203,99.988889,-80.610070,-8061.0070
ref50,683,0.900,1000.0,40.0,inf,0.857042,99.988889,-115.667403,-11566.7403
ref50,684,0.900,1000.0,inf,20.0,5.107055,20.143875,-2.944324,-294.4324
ref50,685,0.900,1000.0,inf,30.0,5.555556,11.100000,-0.998000,-99.8000
ref50,686,0.900,1000.0,inf,40.0,3.770778,99.988889,-25.516780,-2551.6780
ref50,687,0.900,1000.0,inf,inf,0.513604,16.413253,-30.957017,-3095.7017
ref50,688,0.900,2000.0,20.0,20.0,11.570589,15.441302,-0.334530,-33.4530
ref50,689,0.900,2000.0,20.0,30.0,17.110613,17.669004,-0.032634,-3.2634
ref50,690,0.900,2000.0,20.0,40.0,5.555556,11.100000,-0.998000,-99.8000
ref50,691,0.900,2000.0,20.0,inf,88.811673,51.153055,0.424028,42.4028
ref50,692,0.900,2000.0,30.0,20.0,5.555556,7.858913,-0.414604,-41.4604
ref50,693,0.900,2000.0,30.0,30.0,5.555556,5.495980,0.010724,1.0724
ref50,694,0.900,2000.0,30.0,40.0,1.248427,12.030722,-8.636707,-863.6707
ref50,695,0.900,2000.0,30.0,inf,5.555556,11.100000,-0.998000,-99.8000
ref50,696,0.900,2000.0,40.0,20.0,5.555556,5.258642,0.053445,5.3445
ref50,697,0.900,2000.0,40.0,30.0,5.555556,1.534787,0.723738,72.3738
ref50,698,0.900,2000.0,40.0,40.0,5.555556,1.482866,0.733084,73.3084
ref50,699,0.900,2000.0,40.0,inf,5.555556,3.603089,0.351444,35.1444
ref50,700,0.900,2000.0,inf,20.0,5.555556,11.100000,-0.998000,-99.8000
ref50,701,0.900,2000.0,inf,30.0,5.555556,9.946337,-0.790341,-79.0341
ref50,702,0.900,2000.0,inf,40.0,5.555556,2.447241,0.559497,55.9497
ref50,703,0.900,2000.0,inf,inf,5.555556,2.850038,0.486993,48.6993
ref50,704,0.900,5000.0,20.0,20.0,60.310452,99.988889,-0.657903,-65.7903
ref50,705,0.900,5000.0,20.0,30.0,29.191324,99.988889,-2.425295,-242.5295
ref50,706,0.900,5000.0,20.0,40.0,62.464672,99.988889,-0.600727,-60.0727
ref50,707,0.900,5000.0,20.0,inf,55.950967,99.988889,-0.787081,-78.7081
ref50,708,0.900,5000.0,30.0,20.0,94.444444,99.988889,-0.058706,-5.8706
ref50,709,0.900,5000.0,30.0,30.0,41.136140,99.988889,-1.430682,-143.0682
ref50,710,0.900,5000.0,30.0,40.0,54.169131,99.988889,-0.845865,-84.5865
ref50,711,0.900,5000.0,30.0,inf,67.086317,99.988889,-0.490451,-49.0451
ref50,712,0.900,5000.0,40.0,20.0,59.114671,99.988889,-0.691439,-69.1439
ref50,713,0.900,5000.0,40.0,30.0,52.095944,99.988889,-0.919322,-91.9322
ref50,714,0.900,5000.0,40.0,40.0,46.940544,99.988889,-1.130118,-113.0118
ref50,715,0.900,5000.0,40.0,inf,39.187986,99.988889,-1.551519,-155.1519
ref50,716,0.900,5000.0,inf,20.0,30.187412,99.988889,-2.312271,-231.2271
ref50,717,0.900,5000.0,inf,30.0,30.413137,99.988889,-2.287687,-228.7687
ref50,718,0.900,5000.0,inf,40.0,46.027259,99.988889,-1.172384,-117.2384
ref50,719,0.900,5000.0,inf,inf,43.737785,99.988889,-1.286099,-128.6099
