time_s,Ia_pu,Ib_pu,Ic_pu,Ia_base_pu,Ib_base_pu,Ic_base_pu,ripple_pu,hf_energy,envelope_norm,Ia_transient_est_pu,Ib_transient_est_pu,Ic_transient_est_pu,Ia_noise_bg_est_pu,Ib_noise_bg_est_pu,Ic_noise_bg_est_pu,Ia_recon_pu,Ib_recon_pu,Ic_recon_pu
5.98,0.0024377366381903,-0.9052033907504948,0.8987463449072144,-0.00017098250756480193,-0.9105605309080808,0.9103248196476115,0.0001886414034716106,0.00282139097362804,0.024445048795270586,0.0,0.0,0.0,0.0024200777422834913,0.005168498754114316,-0.011767116143868692,1.7658895906808687e-05,-0.9103718895046091,0.9105134610510831
5.9801,0.0255339971477751,-0.9291163628015086,0.8893703475561169,0.03281121989057683,-0.9266159213763135,0.8933496589867466,0.0013723521836951236,0.004285661328173814,0.021566412216578554,0.0,0.0,0.0,-0.008649574926496853,-0.003872793608890134,-0.005351663614324808,0.03418357207427195,-0.9252435691926184,0.8947220111704417
5.9802,0.0736367722384931,-0.9285986533495714,0.8796322335876106,0.06576104157603319,-0.9417568538018477,0.8754928700678767,0.002468996527442784,0.0055270826218403344,0.0189187023336333,0.0,0.0,0.0,0.005406734135017134,0.010689203924833551,0.00167036699229109,0.06823003810347597,-0.9392878572744049,0.8779618665953195
5.9803,0.1087898749301089,-0.9572669865762572,0.857516640076692,0.09864596505288104,-0.9559683859123667,0.8567720753857891,0.0034076531155982823,0.006545654854627601,0.016501919146434833,0.0,0.0,0.0,0.0067362567616295835,-0.0047062537794888195,-0.0026630884246953888,0.10205361816847931,-0.9525607327967683,0.8601797285013875
5.9804,0.119073666704251,-0.9699671784615638,0.8342339579332994,0.13143353687213072,-0.9692364926415487,0.837205750104501,0.004127535424873288,0.007341378026535614,0.014316062654983149,0.0,0.0,0.0,-0.016487405592753007,-0.004858221244888408,-0.007099327596074981,0.135561072297004,-0.9651089572166753,0.8413332855293744
5.980499999999999,0.1574027783338846,-0.972366368838776,0.8141735859328588,0.16409139965817784,-0.9815480799696524,0.8168132038252276,0.004582159997405518,0.007914252137564373,0.012361132859278244,0.0,0.0,0.0,-0.011270781321698755,0.004599551133470884,-0.007221777889774291,0.16867355965558337,-0.9769659199722469,0.8213953638226331
5.980599999999999,0.2016474361845818,-0.981617444246032,0.7930204445636915,0.19658732404399473,-0.992890997846659,0.7956145615286908,0.004742772038454307,0.008264277187713876,0.010637129759320126,0.0,0.0,0.0,0.00031734010213276855,0.006530781562172678,-0.007336889003453645,0.20133009608244903,-0.9881482258082047,0.8003573335671451
5.980699999999999,0.2305184889687358,-0.9943695237890108,0.7698638906881042,0.2288892404752563,-1.003254052181978,0.7736307437156389,0.004600753516080423,0.008391453176984167,0.009144053355108789,0.0,0.0,0.0,-0.002971505022600916,0.004283774876886738,-0.00836760654361508,0.23348999399133671,-0.9986532986658975,0.7782314972317194
5.980799999999999,0.2649191212655666,-1.0208763246735657,0.7723785256358209,0.2609652708603027,-1.0126270158921273,0.7508834457601146,0.004168719903548885,0.007580431852822718,0.007881903646644232,0.0,0.0,0.0,-0.00021486949828497005,-0.012418028684987254,0.01732635997215743,0.2651339907638516,-1.0084582959885784,0.7550521656636634
5.980899999999998,0.2897873284228635,-1.0117156998828116,0.7328014396364654,0.29278376002973006,-1.0210006389935367,0.7273951164988851,0.0034800309854691896,0.007122955557150581,0.006850680633926457,0.0,0.0,0.0,-0.006476462592335768,0.005804908125255843,0.0019262921521110816,0.29626379101519923,-1.0175206080080674,0.7308751474843543
5.980999999999998,0.3347390958695637,-1.0320933772062435,0.7129172770899259,0.3243133069762211,-1.028366657731165,0.7031889360771513,0.002586535386600151,0.006431345941832877,0.006050384316955396,0.0,0.0,0.0,0.007839253506742408,-0.006313254861678672,0.0071418056261744935,0.32689984236282127,-1.0257801223445648,0.7057754714637514
5.981099999999998,0.3645423992016924,-1.0288779320135562,0.6764631998269508,0.3555227958435481,-1.0347178027338286,0.6782887930725415,0.0015545441270696403,0.006139312177465781,0.005077376021048328,0.0,0.0,0.0,0.007465059231074639,0.0042853265932028374,-0.0033801373726603688,0.35707733997061775,-1.033163258606759,0.6798433371996112
5.981199999999998,0.3889860405951647,-1.0481988103977813,0.6526445305716793,0.38638142663416636,-1.0400478061881924,0.6527192609199706,0.0004592629734176008,0.0053092398904042454,0.00553300496768453,0.0,0.0,0.0,0.0021453509875807137,-0.00861026718300652,-0.0005339933217089084,0.38684068960758394,-1.0395885432147747,0.6531785238933882
5.981299999999997,0.427139179245718,-1.03835486227579,0.6214436512876957,0.41685874560509334,-1.0443514080243461,0.6265055736606256,-0.0006218341447208344,0.00497798312506232,0.005169482640967187,0.0,0.0,0.0,0.010902267785345476,0.006618379893276849,-0.0044400882282090715,0.4162369114603725,-1.044973242169067,0.6258837395159048
5.981399999999997,0.451059492958706,-1.0525191313682123,0.5782867414680997,0.44692467532207614,-1.047624361106858,0.599673601039015,-0.0016159898824116316,0.005727563613466163,0.005534810608354071,0.0,0.0,0.0,0.005750807519041504,-0.003278780378942577,-0.01977086968850372,0.4453086854396645,-1.0492403509892698,0.5980576111566034
5.981499999999997,0.4691899471624939,-1.059447826554461,0.5602211746915959,0.476549544342388,-1.0498634354261842,0.5722498229726529,-0.002461674548084693,0.005542545485212996,0.005573719201568574,0.0,0.0,0.0,-0.004897922631809402,-0.007122716580192,-0.009566973732972293,0.4740878697943033,-1.052325109974269,0.5697881484245683
5.981599999999997,0.5073188658678702,-1.0455316547674094,0.5279709121920445,0.5057041164969598,-1.0510664212862977,0.5442613034195775,-0.003113790172192217,0.006160436109108309,0.005962327591614757,0.0,0.0,0.0,0.004728539543102657,0.008648556691080507,-0.013176601055340735,0.5025903263247675,-1.05418021145849,0.5411475132473852
5.9816999999999965,0.5245740922189435,-1.050257605171766,0.4952023375617878,0.534359619742949,-1.0512321314853932,0.5157356636694929,-0.0035468823513676224,0.0064886791780470665,0.006493213626820673,0.0,0.0,0.0,-0.0062386451726379,0.004521408664994777,-0.016986443756337462,0.5308127373915814,-1.0547790138367608,0.5121887813181253
5.981799999999996,0.5667298626277671,-1.0569066605246555,0.4739820905727732,0.5624877745582731,-1.0503604024875102,0.48670105508489,-0.00375595825340997,0.006528477533021794,0.007306252326416192,0.0,0.0,0.0,0.00799804632290397,-0.0027902997837353995,-0.008963006258706822,0.5587318163048631,-1.05411636074092,0.48294509683148
5.981899999999996,0.5863451713478344,-1.0390137384016025,0.4641493316690462,0.5900608218500827,-1.048452094583925,0.4571861313190509,-0.003754875070809755,0.006701759029431051,0.008225697694347894,0.0,0.0,0.0,3.922456856144188e-05,0.013193231253132338,0.010718075420805068,0.586305946779273,-1.052206969654735,0.45343125624824115
5.981999999999996,0.6118913899325131,-1.0515774355745553,0.4229137598239145,0.6170515503496352,-1.0455090910441456,0.42722002003835247,-0.003572633396886481,0.0064114585550549535,0.00955423443394492,0.0,0.0,0.0,-0.0015875270202356027,-0.0024957111335232383,-0.0007336268175514925,0.6134789169527487,-1.049081724441032,0.423647386641466
5.982099999999996,0.6341227221208974,-1.0440106189618534,0.4030750884007599,0.6434333234667203,-1.0415342962573197,0.39683229417655463,-0.0032482068776364154,0.0056363728932066325,0.010662750071437846,0.0,0.0,0.0,-0.00606239446818654,0.000771884173102731,0.009491001101841676,0.640185116589084,-1.0447825031349562,0.3935840872989182
5.982199999999995,0.6751070611391354,-1.037112990148119,0.3653200514991409,0.6691801055758161,-1.036531632866117,0.36605294275099254,-0.0028247091293511248,0.005024549722830118,0.01217722811068012,0.0,0.0,0.0,0.008751664692670472,0.0022433518473489763,0.002091817877499461,0.6663553964464649,-1.0393563419954681,0.3632282336216414
5.982299999999995,0.6893776996563079,-1.038005583901986,0.3374042222942362,0.6942664877119933,-1.030506037895228,0.3349123412648225,-0.0023437264584813505,0.005096869613829096,0.013243605429723375,0.0,0.0,0.0,-0.0025450615972040275,-0.0051558195482766,0.004835607487895074,0.6919227612535119,-1.0328497643537093,0.33256861480634115
5.982399999999995,0.7119705269446183,-1.0218660693720365,0.2928988991286807,0.7186677126446107,-1.0234634578794426,0.3034412217322828,-0.0018405496943845903,0.004578648679459011,0.01429179335745321,0.0,0.0,0.0,-0.004856636005607857,0.0034379382017906846,-0.00870177290921746,0.7168271629502261,-1.0253040075738271,0.3016006720378982
5.982499999999995,0.7368166247160024,-1.0213181635060768,0.2731231778679439,0.7423596993106555,-1.0154108429949753,0.2716706423487971,-0.0013408552179446608,0.006576827407200338,0.01527127248236172,0.0,0.0,0.0,-0.004202219376708425,-0.004566465293156883,0.002793390737091419,0.7410188440927108,-1.0167516982129199,0.2703297871308525
5.982599999999994,0.7675322250957552,-1.010621886166886,0.2434548203104475,0.7653190665796565,-1.0063561402005132,0.23963195684050856,-0.0008591546685011094,0.006909120022811732,0.015897884478599265,0.0,0.0,0.0,0.0030723131845998217,-0.0034065912978717486,0.00468201813844004,0.7644599119111555,-1.0072152948690143,0.23877280217200744
5.982699999999994,0.7891852239446598,-0.9856106410732752,0.201572077380886,0.7875231563280374,-0.9963082853945269,0.2073567835219364,-0.00039909436639594154,0.008867537188011674,0.016785657164341643,0.0,0.0,0.0,0.002061161983018406,0.011096738687647585,-0.005385611774654453,0.7871240619616414,-0.9967073797609228,0.20695768915554047
5.982799999999994,0.8118394328718255,-0.9929721103215866,0.1790821740843089,0.8089500557999487,-0.9852771945966173,0.17487697409251654,4.453717493485182e-05,0.010348623572875772,0.01728883312450038,0.0,0.0,0.0,0.0028448398969419014,-0.007739452899904128,0.004160662816857511,0.8089945929748835,-0.9852326574216825,0.1749215112674514
5.982899999999994,0.8334857642705457,-0.9910899234454892,0.1474072863796986,0.829578619232513,-0.9732737541616026,0.14222458220282136,0.0004824356537465703,0.01125229039919774,0.017936684860360104,0.0,0.0,0.0,0.0034247093842861187,-0.0182986049376332,0.004700268523130675,0.8300610548862596,-0.9727913185078559,0.14270701785656792
5.982999999999993,0.8678370928767642,-0.945099166588148,0.1065945334416249,0.8493884887239985,-0.9603098100360962,0.10943183182171207,0.0009265523028688795,0.01183565960031694,0.018527348046541634,0.0,0.0,0.0,0.017522051849896844,0.014284091145079322,-0.0037638506829560515,0.8503150410268674,-0.9593832577332273,0.11035838412458095
5.983099999999993,0.8672194485188401,-0.922903920689554,0.0699541251910576,0.8683601143251785,-0.9463981560676065,0.07653108543422361,0.0013856376362532945,0.011554810407800271,0.019096407434186675,0.0,0.0,0.0,-0.002526303442591609,0.022108597741799213,-0.007962597879419303,0.8697457519614318,-0.9450125184313531,0.07791672307047691
5.983199999999993,0.8851845683669123,-0.9310177238938592,0.0372345981864818,0.8864747733319104,-0.9315525213791161,0.04355481210512188,0.0018612319700941626,0.011478304302068589,0.019390909661671975,0.0,0.0,0.0,-0.003151436935092261,-0.0013264344848371856,-0.008181445888734241,0.8883360053020045,-0.929691289409022,0.045416044075216044
5.983299999999993,0.9005772688239471,-0.9269608837053612,0.0149957399569059,0.9037145887627639,-0.9157875568197277,0.010535555434908715,0.002344750429526496,0.010759905798908715,0.02014073388064092,0.0,0.0,0.0,-0.005482070368343325,-0.013518077315160046,0.002115434092470688,0.9060593391922904,-0.9134428063902011,0.01288030586443521
5.9833999999999925,0.9287689553689532,-0.8968972390359375,-0.0156543559811914,0.9200625470012972,-0.8991188205061337,-0.022494098556545647,0.002816202597919817,0.009621316917800028,0.02035078400176743,0.0,0.0,0.0,0.005890205769736199,-0.0005946211277236845,0.00402353997743443,0.922878749599217,-0.8963026179082139,-0.01967789595862583
5.983499999999992,0.9485393821007254,-0.8789431265805269,-0.0573422073338238,0.9355025145864415,-0.8815627624686347,-0.055501553588470205,0.0032448828257196066,0.007731057981716218,0.021123050846272286,0.0,0.0,0.0,0.009791984688564294,-0.0006252469376117325,-0.0050855365710732025,0.9387473974121611,-0.8783178796429152,-0.0522566707627506
5.983599999999992,0.9531489323406456,-0.8597339534064371,-0.083656945851976,0.9500192541342806,-0.8631367084169452,-0.08845423528778695,0.0035920756823453553,0.006870478082541371,0.021052967065405232,0.0,0.0,0.0,-0.00046239747598035,-0.0001893206718372258,0.0012052137534655978,0.9536113298166259,-0.8595446327345999,-0.08486215960544159
5.983699999999992,0.9607622798941052,-0.8480242785450169,-0.112278536982979,0.9635984393755078,-0.8438588426418098,-0.1213196233360843,0.0038154968965533665,0.006345059099655447,0.02164214615036592,0.0,0.0,0.0,-0.006651656377955955,-0.007980932799760537,0.005225589456551933,0.9674139362720612,-0.8400433457452564,-0.11750412643953094
5.983799999999992,0.9731746871762954,-0.814736414333926,-0.1449364275502434,0.9762266692937249,-0.8237481900693032,-0.1540652835632451,0.0038749024383844042,0.005927471870960384,0.022263048698844892,0.0,0.0,0.0,-0.006926884555813924,0.005136873296992854,0.005253953574617269,0.9801015717321093,-0.8198732876309188,-0.1501903811248607
5.983899999999991,0.9961299939821175,-0.7947893267874472,-0.1705234920931958,0.9878914813506275,-0.8028245974855259,-0.18665889995605667,0.0037380921489106878,0.006914406079753321,0.023403365291227884,0.0,0.0,0.0,0.004500420482579315,0.004297178549168057,0.012397315713950169,0.9916295734995382,-0.7990865053366152,-0.18292080780714598
5.983999999999991,1.0069065164878497,-0.7899061707026368,-0.2057402876889591,0.9985813637850254,-0.7811087139502224,-0.21906830655021464,0.003386433637583329,0.005910172146960774,0.02397157157411949,0.0,0.0,0.0,0.004938719065240972,-0.01218389038999772,0.009941585223672207,1.0019677974226087,-0.7777222803126391,-0.2156818729126313
5.984099999999991,1.0142421956689942,-0.7506660740892788,-0.2568818703540264,1.0082857669735608,-0.7586219704186512,-0.2512615191742456,0.0028190588808600023,0.006302661447108917,0.02551031897612799,0.0,0.0,0.0,0.0031373698145734444,0.005136837448512434,-0.008439410060640772,1.0111048258544209,-0.7558029115377912,-0.2484424602933856
5.984199999999991,1.0124377667844038,-0.7174755024273335,-0.2681475967083294,1.0169951138419138,-0.7353865585918206,-0.28320676701402353,0.00205505072447955,0.006618190610983597,0.026615635821981263,0.0,0.0,0.0,-0.006612397781989536,0.015856005440007523,0.013004119581214597,1.0190501645663934,-0.733331507867341,-0.281151716289544
5.98429999999999,1.026444247583292,-0.7094697285459448,-0.3183662869385564,1.0247008093162169,-0.7114254090159582,-0.31487252396672716,0.0011332172823096485,0.006109276569225297,0.027329171533185342,0.0,0.0,0.0,0.0006102209847654774,0.0008224631877037283,-0.004626980254138888,1.0258340265985266,-0.7102921917336485,-0.3137393066844175
5.98439999999999,1.031340340189062,-0.6897849950372763,-0.3379457561214049,1.0313952488053577,-0.6867621684528307,-0.3462275397532976,0.00010939855164616236,0.005878846912720046,0.028155866131902338,0.0,0.0,0.0,-0.0001643071679419192,-0.0031322251360917995,0.008172385080246529,1.031504647357004,-0.6866527699011845,-0.34611814120165146
5.98449999999999,1.0370063043993278,-0.6637383983191342,-0.3775584160099537,1.0370718257057894,-0.6614211765432446,-0.37724087075869045,-0.0009483959077931122,0.0064003159032777115,0.02863804510349234,0.0,0.0,0.0,0.0008828746013315765,-0.001368825868096443,0.0006308506565298495,1.0361234297979962,-0.6623695724510378,-0.37818926666648356
5.98459999999999,1.0461421706444385,-0.6324567124314595,-0.4127382567581777,1.041724937921453,-0.6354274417867597,-0.40788191056948836,-0.001966411390815177,0.0066783704408407115,0.029366024665025952,0.0,0.0,0.0,0.006383644113800619,0.00493714074611536,-0.0028899347978741763,1.039758526530638,-0.6373938531775749,-0.4098483219603035
5.9846999999999895,1.0439682071736571,-0.6252512238562358,-0.4547170267979366,1.0453499933923684,-0.6088066168613188,-0.43812042017873587,-0.0028723148943409706,0.006597520793207003,0.02993770142348817,0.0,0.0,0.0,0.0014905286756296478,-0.01357229210057604,-0.013724291724859734,1.0424776784980274,-0.6116789317556597,-0.44099273507307685
5.984799999999989,1.0497400651442137,-0.5833653092945603,-0.4718587624325795,1.0479434146264446,-0.5815849733071519,-0.4679265578281882,-0.003602199808231187,0.006703763873725071,0.030606407781856602,0.0,0.0,0.0,0.005398850326000303,0.0018218638208227327,-0.00033000479616012227,1.0443412148182134,-0.585187173115383,-0.4715287576364194
5.984899999999989,1.046118853892082,-0.5603309639181163,-0.5125570360395237,1.0495026422300304,-0.5537893755999382,-0.49727090845852406,-0.004106578455440517,0.006426886662754343,0.03134222719100188,0.0,0.0,0.0,0.0007227901174921272,-0.0024350098627375647,-0.011179549125559157,1.0453960637745898,-0.5578959540553787,-0.5013774869139646
5.984999999999989,1.0483129551895198,-0.5142173998996451,-0.5212616061100892,1.0500261374337294,-0.5254472546388114,-0.526124512738458,-0.004354695513856096,0.007141103128784785,0.031847615800202796,0.0,0.0,0.0,0.0026415132696465194,0.015584550253022363,0.009217602142224841,1.0456714419198734,-0.5298019501526675,-0.5304792082523141
5.9850999999999885,1.0506285271430684,-0.5014753520341398,-0.5450729110590036,1.049513383610978,-0.49658658067537415,-0.5544588956441034,-0.004336766174937626,0.006811041817302331,0.03270698713032251,0.0,0.0,0.0,0.005451909707028038,-0.0005520051838280721,0.013722750760037497,1.0451766174360404,-0.5009233468503118,-0.5587956618190411
5.985199999999988,1.032651510081173,-0.4571431454686646,-0.5910557228266259,1.0479648867878932,-0.4672358357104369,-0.5822460945603843,-0.004064035022980206,0.007228085767054426,0.033359928518397475,0.0,0.0,0.0,-0.011249341683739967,0.014156725264752545,-0.004745593243261337,1.043900851764913,-0.4712998707334171,-0.5863101295833646
5.985299999999988,1.039622073053176,-0.4490853775089052,-0.6089900850660691,1.0453821751438876,-0.43742398538572164,-0.6094586868767595,-0.0035668018451044483,0.0063036995203698334,0.03426354517997728,0.0,0.0,0.0,-0.0021933002456072013,-0.00809459027807912,0.0040354036557948645,1.0418153732987832,-0.4409907872308261,-0.613025488721864
5.985399999999988,1.03540775918728,-0.4047429884031441,-0.6431818987374944,1.0417677975035389,-0.4071804503982703,-0.636069817050029,-0.002890743309016604,0.005416850613472632,0.03468144281400484,0.0,0.0,0.0,-0.003469295007242372,0.005328205304142781,-0.004221338378448862,1.0388770541945223,-0.4100711937072869,-0.6389605603590456
5.985499999999988,1.0301457728405303,-0.375547106915184,-0.6676302504393548,1.0371253208212092,-0.37653507746576914,-0.6620532231075125,-0.0020919898374201205,0.005406869348401967,0.03549882786769843,0.0,0.0,0.0,-0.004887558143258782,0.003079960388005258,-0.0034850374944221676,1.0350333309837891,-0.37862706730318924,-0.6641452129449326
5.985599999999987,1.0282057157073192,-0.3532571166112067,-0.6808904361043584,1.031459326660891,-0.34551810987144177,-0.6873832625644462,-0.0012315169674644287,0.005229499479129406,0.03599481199133671,0.0,0.0,0.0,-0.0020220939861072553,-0.0065074897723004805,0.007724343427552181,1.0302278096934265,-0.3467496268389062,-0.6886147795319105
5.985699999999987,1.0365464874900532,-0.3126993059923434,-0.711153717294904,1.0247754066747565,-0.3141601576175797,-0.7120349377300186,-0.00036947672620291517,0.0044443017227890355,0.037070064841001234,0.0,0.0,0.0,0.012140557541499567,0.0018303283514392076,0.001250697161317542,1.0244059299485535,-0.3145296343437826,-0.7124044144562215
5.985799999999987,1.0108351955188115,-0.2719161356973791,-0.7199797979423328,1.0170801570848729,-0.28249216721716597,-0.7359839203770745,0.0004398988666472967,0.004385094102629884,0.03798754884487471,0.0,0.0,0.0,-0.006684860432708654,0.01013613265313957,0.0155642235680944,1.01752005595152,-0.28205226835051866,-0.7355440215104272
5.985899999999987,1.0176431883611687,-0.2514618725337106,-0.7601175077674944,1.0083811721735263,-0.2505453911534028,-0.759206575751137,0.0011522696499005934,0.005118048106653622,0.0387933245716747,0.0,0.0,0.0,0.008109746537741849,-0.0020687510302084032,-0.0020632016662579843,1.009533441823427,-0.2493931215035022,-0.7580543061012365
5.985999999999986,0.987497524947433,-0.2294918355473685,-0.7699562350794618,0.9986870367885831,-0.21835135703728392,-0.781679985895057,0.0017356553683566713,0.004858918325248086,0.03966183158924153,0.0,0.0,0.0,-0.012925167209506695,-0.012876133878441238,0.00998809544723862,1.0004226921569397,-0.21661570166892724,-0.7799443305267004
5.986099999999986,0.988246171442024,-0.1830790356734766,-0.7982060784813949,0.9880073178712812,-0.18594183649364907,-0.8033819722662705,0.00217126164696525,0.005064207468595791,0.04103525768819882,0.0,0.0,0.0,-0.0019324080762224247,0.0006915391732072065,0.003004632137910346,0.9901785795182464,-0.18377057484668383,-0.8012107106193053
5.986199999999986,0.981072561425312,-0.1571013380333878,-0.8130066793912494,0.9763525550148137,-0.15334881380642573,-0.8242911176243417,0.0024527752159503873,0.004794903783891335,0.04175644123501748,0.0,0.0,0.0,0.0022672311945479136,-0.006205299442912454,0.008831663017141944,0.9788053302307641,-0.15089603859047535,-0.8218383424083913
5.986299999999986,0.9721733103635828,-0.1195815607888703,-0.8426944354638929,0.9637342500630232,-0.1206044543540027,-0.8443867871671938,0.0025844380597722875,0.0047716520703507586,0.04262596112285027,0.0,0.0,0.0,0.0058546222407873435,-0.0015615444946398913,-0.0008920863564713336,0.9663186881227954,-0.11802001629423041,-0.8418023491074216
5.9863999999999855,0.9597503246433916,-0.0845223307475143,-0.8586110333744262,0.9501648557594707,-0.08774107286588514,-0.8636491488951679,0.0025783316532594844,0.004776974424100728,0.0436155008449041,0.0,0.0,0.0,0.0070071372306613824,0.0006404104651113671,0.002459783867482142,0.9527431874127302,-0.08516274121262565,-0.8610708172419084
5.986499999999985,0.9458543816439778,-0.0646472184257035,-0.8775773340120965,0.9356577634580813,-0.05479110153195745,-0.8820591931828117,0.0024513549264582636,0.0052168124897770006,0.044546468642378906,0.0,0.0,0.0,0.007745263259438303,-0.012307471820204318,0.002030504244256933,0.9381091183845396,-0.052339746605499185,-0.8796078382563534
5.986599999999985,0.9210513194140328,-0.0311957016534547,-0.9011018241411944,0.9202272899074933,-0.0217870579958277,-0.8995987515390846,0.00222237520718632,0.005495893234847758,0.04549349311070778,0.0,0.0,0.0,-0.0013983457006467282,-0.01163101886481332,-0.003725447809296121,0.9224496651146795,-0.01956468278864138,-0.8973763763318984
5.986699999999985,0.9033886363125327,0.0181602302983982,-0.9061695270999618,0.9038886631221579,0.011238486736160373,-0.9162505145374661,0.0019099691606801923,0.005755992641741647,0.04634643815424361,0.0,0.0,0.0,-0.0024099959703053238,0.005011774401557636,0.008171018276824104,0.9057986322828381,0.013148455896840565,-0.9143405453767859
5.986799999999985,0.8961463172536916,0.0425258752650071,-0.9225735777220292,0.8866580073541256,0.044252940438578886,-0.9319980488982682,0.0015310458389845173,0.006277029491497187,0.04714923676944922,0.0,0.0,0.0,0.007957264060581544,-0.003258111012556306,0.007893425337254496,0.8881890531931101,0.0457839862775634,-0.9304670030592836
5.986899999999984,0.8689403340552373,0.0584183179073985,-0.9385501067477388,0.8685523271803571,0.07722372183150693,-0.9468258137062998,0.0011004686466494402,0.006923526082518259,0.04794981847020325,0.0,0.0,0.0,-0.0007124617717692756,-0.019905872570757866,0.007175238311911618,0.8696527958270066,0.07832419047815636,-0.9457253450596503
5.986999999999984,0.840498421487681,0.1172697066963077,-0.9456909373136692,0.8495894907212588,0.11011829273432051,-0.9607191757478732,0.0006316037447509953,0.0072614667900244454,0.048532065512799955,0.0,0.0,0.0,-0.009722672978328826,0.006519810217236185,0.014396634689453094,0.8502210944660098,0.1107498964790715,-0.9600875720031222
5.987099999999984,0.8209728985390962,0.1450567423463522,-0.9601929223852192,0.8297882120070044,0.14290419017694847,-0.9736644239520195,0.000137559416910256,0.007765537415426602,0.04922315285871615,0.0,0.0,0.0,-0.008952872884818459,0.002014992752493487,0.01333394214988996,0.8299257714239147,0.14304174959385874,-0.9735268645351092
5.987199999999984,0.8011819536958551,0.1688948525201723,-0.9876469794175562,0.8091680325090478,0.17554905843690435,-0.9856487829216598,-0.00036723357604007486,0.007891233899912066,0.04995395176918528,0.0,0.0,0.0,-0.007618845237152613,-0.006286972340691973,-0.0016309629198563123,0.8088007989330077,0.17518182486086428,-0.9860160164976999
5.987299999999983,0.7902389573871498,0.1956506140234049,-0.993527363641729,0.7877493018550487,0.2080206809704784,-0.9966604255413802,-0.0008655093990291634,0.008591369493998453,0.0507900310953869,0.0,0.0,0.0,0.003355164931130284,-0.011504557548044352,0.003998571298680398,0.7868837924560195,0.20715517157144925,-0.9975259349404094
5.987399999999983,0.7644131575050132,0.2443115696015111,-1.0123175851009585,0.7655531577462478,0.24028701220657672,-1.0066884846493673,-0.0013361326267629587,0.008102923564598019,0.05140536973656687,0.0,0.0,0.0,0.00019613238552834093,0.005360690021697334,-0.004292967824828193,0.7642170251194849,0.23895087957981376,-1.0080246172761302
5.987499999999983,0.7451575759577099,0.2717263752080615,-1.0168637021978209,0.7426015050971075,0.2723162091718308,-1.0157230637619836,-0.0017539003915283244,0.007751452065603794,0.052331598492229986,0.0,0.0,0.0,0.004309971252130713,0.0011640664277589982,0.0006132619556910976,0.7408476047055792,0.27056230878030246,-1.017476964153512
5.987599999999983,0.7119791283566115,0.3191668933457907,-1.030433155310422,0.718916994417806,0.3040766629157677,-1.0237552468404028,-0.002090437291898079,0.0076911279738570435,0.0529027891159103,0.0,0.0,0.0,-0.0048474287692964295,0.01718066772192108,-0.004587471178121177,0.7168265571259079,0.3019862256238696,-1.025845684132301
5.987699999999983,0.6918822530469606,0.3345052604715392,-1.0200876939543704,0.6945229994607386,0.33553702970525506,-1.0307771070897107,-0.002316281305547434,0.007223309051279688,0.053820695015779615,0.0,0.0,0.0,-0.00032446510823054943,0.0012845120718315939,0.013005694440887765,0.6922067181551912,0.3332207483997076,-1.0330933883952582
5.987799999999982,0.6703314535870734,0.3651338160072861,-1.0363547125255734,0.6694435941543424,0.36666626195584856,-1.0367817147814598,-0.0024040473450124083,0.007593981961437693,0.05435203224824849,0.0,0.0,0.0,0.0032919067777433613,0.0008716013964499641,0.00283104960089873,0.66703954680933,0.36426221461083613,-1.0391857621264722
5.987899999999982,0.6370953861640546,0.3914151548546149,-1.0460117133774955,0.6437035288432443,0.39743363887427385,-1.0417631440929445,-0.0023323147221987,0.007522947318109447,0.05539162309082461,0.0,0.0,0.0,-0.004275827956991043,-0.003686169297460232,-0.0019162545623523848,0.6413712141210456,0.39510132415207516,-1.0440954588151432
5.987999999999982,0.6170244907471115,0.4298034560964907,-1.038503267626458,0.6173282058644497,0.4278087967738768,-1.0457164789548026,-0.0020896641486425438,0.007491262140703394,0.05607806278099531,0.0,0.0,0.0,0.0017859490313043669,0.004084323471256434,0.00930287547698706,0.6152385417158072,0.42571913262523425,-1.047806143103445
5.9880999999999815,0.5814491711130593,0.4585503678373695,-1.0679880924717111,0.590343654477407,0.4577617590410479,-1.0486378179028175,-0.001678147115002332,0.007837780690853731,0.05681497665283125,0.0,0.0,0.0,-0.007216336249345395,0.0024667559113239756,-0.017672127453891268,0.5886655073624046,0.4560836119260455,-1.0503159650178198
5.988199999999981,0.5567978294507445,0.4935587624291361,-1.0681076668722749,0.5627765051764508,0.4872629657182942,-1.050524277928145,-0.0011154537114403066,0.008113720771125975,0.0574022897300787,0.0,0.0,0.0,-0.004863222014266011,0.007411250422282212,-0.016467935232689614,0.5616610514650106,0.4861475120068539,-1.0516397316395854
5.988299999999981,0.5291912498796338,0.5090300244298376,-1.0458240521035185,0.5346539634097187,0.5162833026763496,-1.051373997322495,-0.0004351768426317379,0.00908394954396192,0.05833081230611001,0.0,0.0,0.0,-0.005027536687453135,-0.0068181014038802695,0.005985122061608186,0.534218786567087,0.5158481258337179,-1.0518091741651268
5.988399999999981,0.4948021424366274,0.5389726018419575,-1.0507584682746811,0.506003782730659,0.5447941303463042,-1.0511861375154132,0.0003151562801717413,0.009258508549709688,0.059066883483185895,0.0,0.0,0.0,-0.011516796574203386,-0.006136684784518437,0.00011251296056037901,0.5063189390108308,0.545109286626476,-1.0508709812352415
5.988499999999981,0.4799600667180746,0.5674124235328198,-1.0471831789508743,0.4768542374086232,0.5727673119834017,-1.0499608839018488,0.0010782402379863477,0.009285058072367496,0.0597833317700964,0.0,0.0,0.0,0.0020275890714650654,-0.0064331286885682,0.0016994647129881656,0.47793247764660957,0.573845552221388,-1.0488826436638625
5.98859999999998,0.4435641995053958,0.6058268219107464,-1.056677508961114,0.44723409452557705,0.6001752414346097,-1.0476994456591913,0.0017928844601354623,0.009100432011676821,0.060554797706617154,0.0,0.0,0.0,-0.005462779480316742,0.0038586960160013235,-0.010770947762058208,0.44902697898571253,0.6019681258947451,-1.045906561199056
5.98869999999998,0.4182212025462243,0.6391390786550337,-1.042111309143967,0.4171725855864627,0.6269908703825594,-1.0444040545539601,0.0024008395655229988,0.00924770097435132,0.06124761238448057,0.0,0.0,0.0,-0.001352222605761393,0.009747368706951316,-0.0001080941555299743,0.4195734251519857,0.6293917099480824,-1.042003214988437
5.98879999999998,0.3923037682924493,0.6504614600381239,-1.020780859632622,0.3866993776712329,0.6531877350389694,-1.040077962739318,0.0028535274781517294,0.00815070652551424,0.061985226762259135,0.0,0.0,0.0,0.0027508631430646414,-0.005579802478997276,0.01644357562854424,0.3895529051493846,0.6560412625171211,-1.0372244352611661
5.98889999999998,0.3618923131331401,0.6769776297438846,-1.0241665439493306,0.35584454415702493,0.6787399822612098,-1.0347254395455912,0.0031176007681411586,0.00801337231854647,0.06259113768600147,0.0,0.0,0.0,0.0029301682079739834,-0.004879953285466308,0.007441294828119395,0.3589621449251661,0.681857583029351,-1.03160783877745
5.98899999999998,0.3330269929491905,0.7083358224401562,-1.02246126043333,0.324638535039141,0.70362239506641,-1.0283517672669036,0.003178416842069008,0.007897077734287017,0.06342812299401292,0.0,0.0,0.0,0.005210041067980543,0.0015350105316772403,0.0027120899915044974,0.32781695188120996,0.706800811908479,-1.0251733504248346
5.989099999999979,0.2958237959744594,0.7284552590614095,-1.0195324066849396,0.29311214688194326,0.7278104175165165,-1.0209632359484984,0.003040860202852394,0.007510263438868506,0.06431698878814597,0.0,0.0,0.0,-0.00032921111033624995,-0.002396018657959423,-0.0016100309392936413,0.29615300708479564,0.730851277719369,-1.017922375745646
5.989199999999979,0.2616671440364346,0.7617418918374704,-1.0105481289514897,0.26129649242317854,0.751280178954509,-1.0125671371785019,0.0027274152208063445,0.007356379505019292,0.06533675225747801,0.0,0.0,0.0,-0.002356763607550288,0.0077342976621550385,-0.0007084069937941689,0.26402390764398487,0.7540075941753154,-1.0098397219576956
5.989299999999979,0.232410684027522,0.7588857493873794,-1.014987901816325,0.2292229698731012,0.7740085175590321,-1.003171756892827,0.002273884460439441,0.006450314052398531,0.06639266469178903,0.0,0.0,0.0,0.0009138296939813491,-0.01739665263209214,-0.01409002938393758,0.23149685433354064,0.7762824020194715,-1.0008978724323874
5.9893999999999785,0.1871260374949605,0.792105500698834,-0.9856597327397604,0.19692323192618455,0.7959730032039085,-0.9927863671974969,0.0017235609513816142,0.006739167585465212,0.06749971244086257,0.0,0.0,0.0,-0.011520755382605653,-0.005591063456456119,0.005403073506354922,0.19864679287756618,0.7976965641552901,-0.9910628062461153
5.989499999999978,0.1562433146168627,0.813307954950362,-0.969931556859937,0.16442915452418758,0.8171519595936115,-0.9814212172182979,0.0011209129188080654,0.006406648782068206,0.06855801927508029,0.0,0.0,0.0,-0.009306752826132948,-0.004964917562057586,0.010368747439552788,0.16555006744299564,0.8182728725124196,-0.9803003042994898
5.989599999999978,0.1241003513221819,0.8208756187930761,-0.9774792108168696,0.13177280539844838,0.8375244856551507,-0.9690875229861282,0.0005058789182903657,0.006401625314491758,0.06970429560137878,0.0,0.0,0.0,-0.00817833299455684,-0.017154745780364928,-0.008897566749031766,0.13227868431673875,0.838030364573441,-0.9685816440678379
5.989699999999978,0.0932873825857661,0.8506267061704782,-0.9575376214261524,0.09898641242290504,0.8570704761649084,-0.95579745636813,-9.02982044358883e-05,0.007437993226077731,0.07089480037825921,0.0,0.0,0.0,-0.0056087316327030476,-0.006353471789994305,-0.0016498668535865476,0.09889611421846915,0.8569801779604725,-0.9558877545725658
5.989799999999978,0.0708313564934642,0.8689491709811055,-0.948053948146098,0.06610233180907514,0.8757706415900678,-0.941564133055526,-0.0006471038521038998,0.006978089086773711,0.07178046175324954,0.0,0.0,0.0,0.005376128536492958,-0.006174366756858421,-0.005842711238468104,0.06545522795697124,0.8751235377379639,-0.9422112369076299
5.989899999999977,0.0266100375624796,0.8916510633618296,-0.9322188612644564,0.0331530161743812,0.8936065271250526,-0.9264015996200157,-0.0011544859658189704,0.007493976093963845,0.07292703834908557,0.0,0.0,0.0,-0.005388492646082627,-0.000800977797404005,-0.004662775678621771,0.03199853020856223,0.8924520411592336,-0.9275560855858347
5.989999999999977,-0.0030253004244905,0.9182304011033072,-0.908898820962649,0.00017098251533544166,0.9105605309041922,-0.910324819651505,-0.0016105705502282447,0.008026363615276682,0.07371659493364435,0.0,0.0,0.0,-0.0015857123895976967,0.00928044074934327,0.0030365692390843116,-0.001439588034892803,0.9089499603539639,-0.9119353902017333
5.990099999999977,-0.0234600436074399,0.9225355664896696,-0.9099351178455078,-0.03281121988280998,0.9266159213726385,-0.8933496589908496,-0.0020180069482076857,0.008666380536882288,0.07461693236457434,0.0,0.0,0.0,0.011369183223577765,-0.0020623479347611873,-0.014567451906450545,-0.03482922683101767,0.9245979144244308,-0.8953676659390573
5.990199999999977,-0.0704832744325952,0.9305477213196596,-0.871356256409075,-0.0657610415682778,0.9417568537983901,-0.8754928700721857,-0.0023798107097124997,0.008325587280267612,0.07553256725870333,0.0,0.0,0.0,-0.0023424221546048886,-0.008829321769018066,0.006516424372823189,-0.0681408522779903,0.9393770430886776,-0.8778726807818982
5.990299999999976,-0.0953652326433472,0.9517906499519784,-0.8523049731744532,-0.09864596504514477,0.9559683859091296,-0.8567720753902993,-0.002695606967684131,0.00896639693676729,0.07635904093429804,0.0,0.0,0.0,0.005976339369481692,-0.0014821289894670765,0.00716270918353025,-0.1013415720128289,0.9532727789414455,-0.8594676823579834
5.990399999999976,-0.1421508896457183,0.9732676451653988,-0.8414472876054043,-0.1314335368641843,0.9692364926384428,-0.8372057501093528,-0.002959038068891747,0.008813835615641174,0.07699401312189173,0.0,0.0,0.0,-0.007758314712642243,0.006990190595847708,-0.001282499427159748,-0.13439257493307605,0.966277454569551,-0.8401647881782446
5.990499999999976,-0.1694637148439545,0.9688877511936032,-0.8394129537113264,-0.16409139965050268,0.981548079966866,-0.8168132038301271,-0.0031568272960429676,0.009121951518194907,0.0780651999283493,0.0,0.0,0.0,-0.002215487897408859,-0.009503501477219874,-0.019442922585156314,-0.16724822694654565,0.978391252670823,-0.8199700311261701
5.990599999999976,-0.2082248893908451,0.9804362570308506,-0.8066904900920394,-0.19658732403636148,0.9928909978441018,-0.7956145615337777,-0.0032696466624939154,0.008308873728913728,0.07912520161791581,0.0,0.0,0.0,-0.00836791869198971,-0.009185094150757349,-0.007806281895767757,-0.19985697069885539,0.9896213511816079,-0.7988842081962717
5.990699999999976,-0.2357606943070993,1.0024227103723768,-0.7670367522498074,-0.22888924046790554,1.0032540521797244,-0.7736307437207464,-0.00327459673924158,0.007385378924109284,0.08014038404696529,0.0,0.0,0.0,-0.0035968570999521895,0.002443254931894017,0.009868588210180556,-0.23216383720714712,0.9999794554404828,-0.7769053404599879
5.990799999999975,-0.2583310654184532,1.0056192572065137,-0.7763494168689153,-0.2609652708527758,1.0126270158900368,-0.7508834457655611,-0.003148843277529972,0.006504777796542075,0.08128685811356558,0.0,0.0,0.0,0.005783048711852605,-0.0038589154059931303,-0.022317127825824273,-0.2641141141303058,1.0094781726125068,-0.754032289043091
5.990899999999975,-0.3104302432216119,1.0211998529259767,-0.7332015383702205,-0.2927837600222676,1.0210006389916826,-0.7273951165045037,-0.0028738047124373424,0.005991772967008571,0.08224596362701107,0.0,0.0,0.0,-0.014772678486906967,0.0030730186467314603,-0.0029326171532794397,-0.29565756473470495,1.0181268342792453,-0.7302689212169411
5.990999999999975,-0.3242285229150269,1.0237097384567475,-0.7152632108883235,-0.3243133069688304,1.0283666577295492,-0.7031889360829362,-0.0024392381072197516,0.005390484220022192,0.08346713228372515,0.0,0.0,0.0,0.0025240221610232177,-0.0022176811655819,-0.0096350366981675,-0.3267525450760501,1.0259274196223294,-0.705628174190156
5.991099999999975,-0.3564181788924428,1.0363734500894517,-0.67393925716531,-0.3555227958362364,1.0347178027324524,-0.678288793078487,-0.0018466091115354596,0.005878175695277448,0.08462023678155584,0.0,0.0,0.0,0.0009512260553290594,0.003502256468534761,0.0061961450247124536,-0.35736940494777186,1.032871193620917,-0.6801354021900224
5.991199999999974,-0.3932109946532013,1.0285283100009517,-0.6595330956125818,-0.3863814266269409,1.0400478061870575,-0.6527192609260706,-0.001111241569520714,0.005600250141222523,0.0857664498871043,0.0,0.0,0.0,-0.005718326456739677,-0.010408254616585101,-0.005702593116990486,-0.3874926681964616,1.0389365646175368,-0.6538305024955913
5.991299999999974,-0.4296897124181507,1.0418287622487343,-0.6239204509792126,-0.41685874559796127,1.0443514080234537,-0.6265055736668745,-0.0002629061653297183,0.005777902610072362,0.08749293845552121,0.0,0.0,0.0,-0.012568060654859697,-0.0022597396093896713,0.0028480288529916967,-0.41712165176329097,1.044088501858124,-0.6267684798322043
5.991399999999974,-0.4467423821521564,1.0443808200179892,-0.5949767248006899,-0.44692467531504454,1.0476243611062088,-0.5996736010454065,0.0006553002026961245,0.005760511467729948,0.08895418349620592,0.0,0.0,0.0,-0.000473007039807977,-0.0038988412909157946,0.004041576042020472,-0.44626937511234843,1.048279661308905,-0.5990183008427103
5.991499999999974,-0.4803002285313459,1.039459621958938,-0.5565554421952549,-0.47654954433546376,1.0498634354257785,-0.5722498229791804,0.0015897290967670826,0.005757934408696228,0.09028204048816504,0.0,0.0,0.0,-0.005340413292649231,-0.011993542563607577,0.014104651687158406,-0.4749598152386967,1.0514531645225456,-0.5706600938824132
5.991599999999973,-0.5025074498977511,1.0387343922759689,-0.5440793971881248,-0.5057041164901497,1.0510664212861365,-0.544261303426235,0.002480353935085027,0.005283241554815193,0.09222719800213817,0.0,0.0,0.0,0.0007163126573135623,-0.014812382945252639,-0.0022984476969748193,-0.5032237625550646,1.0535467752212215,-0.54178094949115
5.991699999999973,-0.5320703358548725,1.0576767536272855,-0.5101922528353623,-0.5343596197362599,1.0512321314854762,-0.5157356636762735,0.00326591506325544,0.00658068944312541,0.09348287808894758,0.0,0.0,0.0,-0.000976631181868057,0.0031787070785538577,0.002277495777655816,-0.5310937046730044,1.0544980465487317,-0.5124697486130181
5.991799999999973,-0.5468880290803237,1.0491872270559508,-0.4954254062072068,-0.5624877745517115,1.0503604024878377,-0.4867010550917872,0.0038894917667576957,0.0064385431220897495,0.09484293885510023,0.0,0.0,0.0,0.011710253704630065,-0.0050626671986445815,-0.012613842882177333,-0.5585982827849538,1.0542498942545955,-0.4828115633250295
5.991899999999973,-0.5886594236491846,1.0424449269410587,-0.4440263777347417,-0.5900608218436552,1.0484520945844966,-0.45718613132605784,0.004303905001705136,0.007272018701677432,0.0961414847440739,0.0,0.0,0.0,-0.002902506807234532,-0.01031107264514303,0.008855848589611023,-0.58575691684195,1.0527559995862017,-0.4528822263243527
5.9919999999999725,-0.621558268775626,1.0472827847073607,-0.4293533199572812,-0.6170515503433478,1.0455090910449605,-0.42722002004546217,0.0044763711119923345,0.008087975123860539,0.09749456068216508,0.0,0.0,0.0,-0.00898308954427057,-0.0027026774495921236,-0.006609671023811377,-0.6125751792313555,1.0499854621569529,-0.42274364893346983
5.992099999999972,-0.6381359533903581,1.0532916312134502,-0.3972366116221065,-0.6434333234603908,1.0415342962584098,-0.39683229418398164,0.004391906104584104,0.0082659697451673,0.09865061154288297,0.0,0.0,0.0,0.0009054639654486217,0.007365428850456285,-0.004796223542708961,-0.6390414173558068,1.0459262023629938,-0.3924403880793975
5.992199999999972,-0.6635667569519557,1.0210183949678946,-0.3622101732499845,-0.6691801055698279,1.0365316328674161,-0.36605294275828676,0.004055107036509583,0.008594333138876371,0.09996428630623935,0.0,0.0,0.0,0.0015582415813626327,-0.019568344936031108,-0.0002123375282073259,-0.6651249985333183,1.0405867399039257,-0.3619978357217772
5.992299999999972,-0.6797404349050378,1.0210751469113346,-0.3436468264585299,-0.6942664877061636,1.0305060378967674,-0.3349123412721983,0.0034900923672157164,0.009373166726092052,0.10081718500358655,0.0,0.0,0.0,0.011035960433910127,-0.012920983352648532,-0.012224577553547292,-0.6907763953389479,1.033996130263983,-0.3314222489049826
5.992399999999972,-0.7087162595488339,1.018252068185956,-0.2982759148670165,-0.7186677126391194,1.023463457881166,-0.3034412217395037,0.0027385523693759933,0.009366778372456717,0.1020729015638827,0.0,0.0,0.0,0.0072129007209095625,-0.007949942064586171,0.0024267545031112364,-0.7159291602697434,1.026202010250542,-0.30070266937012774
5.992499999999971,-0.7367787246410749,1.0287399756646751,-0.2611918400583655,-0.7423596993051599,1.0154108429969906,-0.27167064235631394,0.0018560346102683542,0.010146412602669363,0.10325235954558895,0.0,0.0,0.0,0.003724940053816671,0.011473098057416186,0.008622767687680099,-0.7405036646948915,1.0172668776072589,-0.2698146077460456
5.992599999999971,-0.7515673284760762,1.009589475454933,-0.2352816358572631,-0.7653190665743362,1.0063561402027634,-0.23963195684808475,0.0009067649759192191,0.01023063489323738,0.10455008475602086,0.0,0.0,0.0,0.012844973122340805,0.0023265702762504032,0.0034435560149024187,-0.764412301598417,1.0072629051786826,-0.23872519187216554
5.992699999999971,-0.7957717758589947,1.002650320118067,-0.2188964362396057,-0.7875231563228976,0.99630828539701,-0.20735678352956452,-4.251360661512556e-05,0.009284139035099538,0.10573723730897563,0.0,0.0,0.0,-0.008206105929481998,0.006384548327672114,-0.01149713910342605,-0.7875656699295127,0.9962657717903949,-0.20739929713617963
5.992799999999971,-0.8136555842359021,0.975526134551386,-0.1755963254814783,-0.8089500557949946,0.9852771945993308,-0.17487697410018935,-0.0009290212465568556,0.008387552232781793,0.10719636671761522,0.0,0.0,0.0,-0.0037765071943506915,-0.008822038801387938,0.00020966986526790377,-0.8098790770415514,0.984348173352774,-0.1758059953467462
5.99289999999997,-0.8374518037727634,0.9628313937990258,-0.1369415530947617,-0.8295786192277493,0.9732737541645439,-0.14222458221053078,-0.0016999406265269174,0.007117548978072516,0.10873408280558362,0.0,0.0,0.0,-0.006173243918487149,-0.008742419738991127,0.006982969742296001,-0.8312785598542762,0.971573813538017,-0.1439245228370577
5.99299999999997,-0.8538223904904209,0.9615691722852872,-0.1260148645456845,-0.8493884887195704,0.9603098100391648,-0.10943183182921302,-0.0023171181573789774,0.006132560560213636,0.11044819912989923,0.0,0.0,0.0,-0.0021167836134714795,0.0035764804035013083,-0.014265914559092499,-0.8517056068769494,0.9579926918817858,-0.111748949986592
5.99309999999997,-0.8814842578259541,0.9437647389613516,-0.0875344007670989,-0.8683601143209438,0.94639815607089,-0.07653108544174557,-0.0027597934356310416,0.005439853155508206,0.11239327023300855,0.0,0.0,0.0,-0.010364350069379191,0.000126376326092692,-0.008243521889722286,-0.8711199077565749,0.9436383626352589,-0.07929087887737661
5.99319999999997,-0.8842013026207867,0.9321654803248142,-0.0396952760163939,-0.8864747733278736,0.9315525213826114,-0.04355481211265734,-0.003024976226762351,0.0044471652764611356,0.11420617047512809,0.0,0.0,0.0,0.005298446933849295,0.0036379351689651636,0.006884512323025789,-0.889499749554636,0.928527545155849,-0.04657978833941969
5.993299999999969,-0.908865232222773,0.909964811456783,-0.0121429321553738,-0.903714588758929,0.915787556823431,-0.010535555442450259,-0.003125468178623651,0.005456713286313768,0.11623292710965441,0.0,0.0,0.0,-0.0020251752852204334,-0.002697277188024412,0.001518091465700111,-0.9068400569375527,0.9126620886448074,-0.01366102362107391
5.993399999999969,-0.935607570340665,0.8966385170419855,0.0215662075810668,-0.9200625469976675,0.8991188205100414,0.022494098549005383,-0.00308590899685217,0.006379133438217578,0.11827935930040305,0.0,0.0,0.0,-0.012459114346145285,0.0006056055287962255,0.0021580180289135858,-0.9231484559945197,0.8960329115131893,0.019408189552153215
5.993499999999969,-0.9476322364051666,0.8779182956651772,0.0658779591436583,-0.935502514583021,0.8815627624727432,0.05550155358093875,-0.002937537499546976,0.007350065435563505,0.11987024264660534,0.0,0.0,0.0,-0.00919218432259858,-0.000706929308019051,0.013313943062266518,-0.938440052082568,0.8786252249731963,0.05256401608139177
5.993599999999969,-0.9515524012190888,0.8644367017952244,0.0876180508031164,-0.9500192541310726,0.8631367084212503,0.08845423528027178,-0.002712545717673051,0.007906539889161653,0.12243591865488383,0.0,0.0,0.0,0.001179398629656833,0.004012539091647069,0.0018763612405176626,-0.9527317998487457,0.8604241627035772,0.08574168956259873
5.9936999999999685,-0.9607785191637154,0.8455732404696321,0.1221059373480143,-0.9635984393725153,0.8438588426463072,0.12131962332859275,-0.0024389492129023443,0.00964884920414895,0.12405702007438518,0.0,0.0,0.0,0.005258869421702297,0.004153347036227287,0.0032252632323238883,-0.9660373885854177,0.8414198934334048,0.11888067411569041
5.993799999999968,-0.963796689765619,0.8064139275231812,0.1715679174777608,-0.976226669290951,0.8237481900739885,0.15406528355578453,-0.0021367953861881903,0.010223577576209881,0.1259194583819695,0.0,0.0,0.0,0.01456677491152017,-0.015197467164619088,0.019639429308164452,-0.9783634646771392,0.8216113946878003,0.15192848816959634
5.993899999999968,-0.9676143519490484,0.7810072373517322,0.1812280965819009,-0.9878914813480751,0.8028245974903946,0.18665889994863458,-0.0018162894292215832,0.01125941482474806,0.1275398567488659,0.0,0.0,0.0,0.02209341882824829,-0.02000107070944084,-0.0036145139375121,-0.9897077707772968,0.801008308061173,0.184842610519413
5.993999999999968,-0.99764520764985,0.7859648889301707,0.2095730722300652,-0.9985813637826967,0.7811087139552695,0.2190683065428382,-0.0014780648455721046,0.012371998915815965,0.12935791623577023,0.0,0.0,0.0,0.0024142209784188042,0.006334239820473311,-0.008017169467200916,-1.0000594286282687,0.7796306491096974,0.2175902416972661
5.994099999999968,-1.0178132664808914,0.7657614486939613,0.2522939100704515,-1.0082857669714584,0.7586219704238719,0.25126151916692224,-0.0011154273054494596,0.012566797337497557,0.13082165626053574,0.0,0.0,0.0,-0.008412072203983531,0.008254905575538887,0.002147818208978705,-1.0094011942769079,0.7575065431184225,0.2501460918614728
5.994199999999967,-1.034818214686889,0.7257319981319769,0.2851282146122922,-1.0169951138400393,0.7353865585972095,0.28320676700676034,-0.0007180427622072438,0.012399844365569745,0.13269805551207126,0.0,0.0,0.0,-0.01710505808464244,-0.008936517703025365,0.0026394903677391113,-1.0177131566022466,0.7346685158350023,0.28248872424455307
5.994299999999967,-1.0224452652985736,0.6959667279584113,0.3099047517591451,-1.0247008093145726,0.7114254090215102,0.31487252395953136,-0.00027630037252883243,0.011919430363337136,0.1339901024669167,0.0,0.0,0.0,0.0025318443885278662,-0.015182380690570057,-0.004691471827857412,-1.0249771096871014,0.7111491086489814,0.3145962235870025
5.994399999999967,-1.03691038247721,0.6878786723142849,0.3380455624572863,-1.031395248803945,0.6867621684585402,0.34622753974617626,0.00021449503413424565,0.010755744752398648,0.1360826627821265,0.0,0.0,0.0,-0.005729628707399084,0.0009020088216104426,-0.00839647232302422,-1.0311807537698108,0.6869766634926745,0.3464420347803105
5.994499999999967,-1.0385796537059344,0.6700490784203514,0.3965810643878719,-1.0370718257046099,0.661421176549106,0.37724087075165064,0.0007508483894285897,0.009167770256518179,0.13797501487618077,0.0,0.0,0.0,-0.00225867639075313,0.007877053481816812,0.01858934524679266,-1.0363209773151814,0.6621720249385347,0.3779917191410792
5.994599999999966,-1.044067514812543,0.6517595227525265,0.4120558094865274,-1.0417249379205078,0.6354274417927673,0.40788191056253703,0.0013192298541992145,0.008737897810160912,0.14024242196482836,0.0,0.0,0.0,-0.0036618067462343123,0.015012851105559917,0.0028546690697911787,-1.0404057080663085,0.6367466716469665,0.4092011404167362
5.994699999999966,-1.0433057698742103,0.6155362315950008,0.4343971688615443,-1.0453499933916586,0.6088066168674665,0.4381204201718799,0.001895878473886111,0.00793238262192969,0.14244807654144154,0.0,0.0,0.0,0.00014834504356215153,0.004833736253648194,-0.00561912978422174,-1.0434541149177725,0.6107024953413526,0.440016298645766
5.994799999999966,-1.0357809147929535,0.5817067013518775,0.4778136887622503,-1.0479434146259703,0.5815849733134338,0.4679265578214343,0.0024482067458329606,0.00812058762285388,0.14492148984390385,0.0,0.0,0.0,0.009714293087183799,-0.0023264787073892803,0.007438924194983041,-1.0454952078801374,0.5840331800592669,0.47037476456726723
5.994899999999966,-1.0443218327964157,0.550062207356092,0.4992088089379063,-1.0495026422297926,0.5537893756063481,0.497270908451879,0.002937569345147216,0.008274219869563478,0.14728802940385605,0.0,0.0,0.0,0.002243240088229738,-0.006664737595403312,-0.0009996688591198941,-1.0465650728846454,0.5567269449514953,0.5002084777970262
5.9949999999999655,-1.0472690786963097,0.5290916103431813,0.5269769484197662,-1.0500261374337283,0.5254472546453428,0.5261245127319282,0.003323041766035661,0.008249546593884695,0.1496866288686767,0.0,0.0,0.0,-0.0005659830286170557,0.00032131393180283643,-0.0024706060781976673,-1.0467030956676926,0.5287702964113785,0.5294475544979639
5.995099999999965,-1.0538634513591647,0.4976878525395118,0.561705435284875,-1.0495133836112207,0.49658658068223144,0.5544588956374923,0.0035657839003303926,0.009159512474571623,0.15204524186766252,0.0,0.0,0.0,-0.00791585164827439,-0.00246451204305002,0.003680755747052362,-1.0459475997108902,0.5001523645825618,0.5580246795378226
5.995199999999965,-1.0577062201980525,0.4623657031188394,0.5743453767600156,-1.04796488678838,0.46723583571740634,0.5822460945539053,0.0036335204132642534,0.008380159116181538,0.15456720266550308,0.0,0.0,0.0,-0.01337485382293679,-0.008503653011831199,-0.011534238207153932,-1.0443313663751157,0.4708693561306706,0.5858796149671696
5.995299999999965,-1.0460699060572287,0.4566454971407442,0.6142268686313503,-1.0453821751446175,0.4374239853927962,0.609458686870419,0.0035046450588034302,0.008540373751608071,0.1572367921226637,0.0,0.0,0.0,-0.004192375971414636,0.015716866689144574,0.0012635367021278702,-1.041877530085814,0.44092863045159963,0.6129633319292225
5.9953999999999645,-1.039601000828987,0.4237224089614622,0.6526824050172507,-1.0417677975045117,0.4071804504054431,0.6360698170438334,0.003171451326212171,0.009133543374973628,0.1601219490328164,0.0,0.0,0.0,-0.0010046546506876195,0.013370507229806917,0.013441136647205188,-1.0385963461782994,0.41035190173165526,0.6392412683700456
5.995499999999964,-1.0211133563188677,0.3871906985013979,0.6663317938899864,-1.0371253208224236,0.37653507747303305,0.6620532231014677,0.002642028776324404,0.008474528106177411,0.16285396454193682,0.0,0.0,0.0,0.013369935727231505,0.008013592252040467,0.0016365420121942724,-1.0344832920460991,0.37917710624935747,0.6646952518777921
5.995599999999964,-1.0293646575466031,0.3389379354533561,0.6840766968993339,-1.0314593266623457,0.34551810987878956,0.6873832625585582,0.0019404833735205266,0.008094673852280566,0.16651657522599794,0.0,0.0,0.0,0.00015418574222210457,-0.008520657798953987,-0.005247049032744797,-1.0295188432888251,0.3474585932523101,0.6893237459320787
5.995699999999964,-1.016725040913487,0.3209586295114337,0.7067885689512126,-1.0247754066764505,0.3141601576250042,0.7120349377242935,0.0011053632871205223,0.007373228929693541,0.1693743943223342,0.0,0.0,0.0,0.0069450024758430625,0.005693108599308991,-0.006351732060201456,-1.02367004338933,0.31526552091212473,0.713140301011414
5.995799999999964,-1.0217562092344048,0.2867332976756975,0.7306142624856665,-1.017080157086804,0.28249216722465986,0.7359839203715177,0.00018646060648543883,0.005901506178405426,0.17288972025714855,0.0,0.0,0.0,-0.004862512754086245,0.004054669844552195,-0.005556118492336636,-1.0168936964803186,0.2826786278311453,0.7361703809780031
5.995899999999963,-1.0193765116577558,0.2524119039007816,0.7542279465082956,-1.008381172175693,0.2505453911609587,0.759206575745754,-0.0007595728876603588,0.005065555667235712,0.17621246595758255,0.0,0.0,0.0,-0.010235766594402413,0.002626085627483271,-0.00421905634979804,-1.0091407450633534,0.24978581827329835,0.7584470028580936
5.995999999999963,-1.0086814172204508,0.2259534564981304,0.7749284734721612,-0.9986870367909833,0.21835135704489428,0.7816799858898532,-0.0016741877529080154,0.004552958109057758,0.1799491182017059,0.0,0.0,0.0,-0.008320192676559526,0.009276287206144132,-0.005077324664783992,-1.0003612245438913,0.21667716929198627,0.7800057981369451
5.996099999999963,-0.99672706020069,0.1880215022123331,0.8063158773087765,-0.9880073178739123,0.18594183650130644,0.803381972261251,-0.002501825733292094,0.0038108853171198694,0.18393608416150678,0.0,0.0,0.0,-0.006217916593485652,0.004581491444318757,0.005435730780817648,-0.9905091436072043,0.18344001076801433,0.8008801465279589
5.996199999999963,-0.962742779047754,0.1558020671732667,0.8055072306388019,-0.976352555017673,0.15334881381412246,0.8242911176195113,-0.0031941587343720834,0.005093297138131752,0.18803603580465417,0.0,0.0,0.0,0.016803934704291163,0.005647412093516314,-0.015589728246337347,-0.9795467137520452,0.15015465507975037,0.8210969588851392
5.996299999999962,-0.9740546251495336,0.1219380835543121,0.8460131746039738,-0.9637342500661081,0.12060445436173138,0.8443867871625574,-0.003713258807767834,0.005001530498238283,0.19176344757661298,0.0,0.0,0.0,-0.006607116275657592,0.005046888000348552,0.005339646249184244,-0.967447508873876,0.11689119555396354,0.8406735283547896
5.996399999999962,-0.9473525983784532,0.0865959598618065,0.8551770704684516,-0.9501648557627783,0.08774107287363803,0.8636491488907301,-0.004033475201904795,0.006470286389181389,0.19632631828236644,0.0,0.0,0.0,0.006845732586229907,0.00288836219007327,-0.004438603220373689,-0.9541983309646831,0.08370759767173323,0.8596156736888253
5.996499999999962,-0.9467310211906348,0.036733111667593,0.8796689252590033,-0.9356577634616079,0.05479110153972685,0.8820591931785767,-0.004141987493456614,0.008101010962458232,0.20038774786906824,0.0,0.0,0.0,-0.0069312702355702836,-0.013916002378677234,0.001751719573883195,-0.9397997509550645,0.05064911404627023,0.8779172056851201
5.996599999999962,-0.9163885358928442,0.0189394035658682,0.8853974639367215,-0.9202272899112358,0.021787058003606054,0.8995987515350569,-0.004038174181117821,0.008171930997375156,0.20500506095019916,0.0,0.0,0.0,0.007876928199509442,0.0011905197433799662,-0.010163113417217567,-0.9242654640923537,0.017748883822488234,0.895560577353939
5.9966999999999615,-0.9040078429290715,-0.0187532312773304,0.9220952279074832,-0.9038886631261123,-0.011238486728380879,0.9162505145336494,-0.003732078917491734,0.008635783736023722,0.2094338382844812,0.0,0.0,0.0,0.0036128991145324544,-0.0037826656314577877,0.009576792291325588,-0.907620742043604,-0.014970565645872612,0.9125184356161576
5.996799999999961,-0.890535613389215,-0.0569463524878735,0.9377406494442786,-0.8866580073582883,-0.044252940430805736,0.9319980488946663,-0.003242364687430868,0.008810048880968067,0.21383353825550794,0.0,0.0,0.0,-0.0006352413434959265,-0.009451047369636893,0.008984965237043155,-0.8899003720457191,-0.0474953051182366,0.9287556842072354
5.996899999999961,-0.8707968688679213,-0.0654817396799868,0.950975268509422,-0.8685523271847239,-0.07722372182374793,0.9468258137029164,-0.0025941973026465163,0.008614128018865332,0.21849847127533675,0.0,0.0,0.0,0.0003496556194490844,0.014336179446407643,0.006743652109152154,-0.8711465244873704,-0.07981791912639444,0.9442316164002699
5.996999999999961,-0.8559422136425786,-0.097158991668821,0.9458686243353096,-0.8495894907258252,-0.11011829272658336,0.9607191757447116,-0.0018174650572845964,0.009440544532652922,0.22381430286779375,0.0,0.0,0.0,-0.0045352578594687765,0.014776766115046953,-0.01303308635211735,-0.8514069557831099,-0.11193575778386795,0.9589017106874269
5.997099999999961,-0.8264706186442307,-0.1320040194942957,0.9784206493605012,-0.8297882120117661,-0.14290419016924064,0.9736644239490826,-0.0009456118619784759,0.009034998832393485,0.2287767113029676,0.0,0.0,0.0,0.0042632052295139295,0.011845782536923423,0.0057018372733971,-0.8307338238737446,-0.1438498020312191,0.9727188120871041
5.99719999999996,-0.8121774398317546,-0.172564143770163,0.9878862625969328,-0.8091680325139999,-0.17554905842923352,0.9856487829189507,-1.5159261715124448e-05,0.007936271845974976,0.23481668942292638,0.0,0.0,0.0,-0.002994248056039551,0.00300007392078565,0.0022526389396971703,-0.8091831917757151,-0.17556421769094865,0.9856336236572356
5.99729999999996,-0.796066517550193,-0.1953802547368291,0.9836696122094668,-0.7877493018601864,-0.20802068096285226,0.9966604255389018,0.0009342356080086872,0.008175005568124609,0.24076768409531674,0.0,0.0,0.0,-0.009251451298015228,0.011706190618014468,-0.013925048937443656,-0.7868150662521778,-0.20708644535484358,0.9975946611469104
5.99739999999996,-0.773497252216495,-0.237528680978787,1.00713440051431,-0.7655531577515662,-0.24028701219900264,1.0066884846471218,0.0018595382679113994,0.0077623114460648145,0.2473645405288618,0.0,0.0,0.0,-0.009803632732840229,0.0008987929523042546,-0.0014136224007232814,-0.7636936194836548,-0.23842747393109123,1.0085480229150332
5.99749999999996,-0.7382529897890281,-0.2673091920050328,1.0199668206368495,-0.7426015051026014,-0.2723162091643162,1.015723063759973,0.0027143782306024776,0.00736999716466204,0.25393262965738606,0.0,0.0,0.0,0.0016341370829707981,0.0022926389286809447,0.0015293786462740257,-0.7398871268719989,-0.2696018309337137,1.0184374419905755
5.997599999999959,-0.7027644194817928,-0.3088538460406832,1.0300837619061738,-0.7189169944234697,-0.3040766629083202,1.0237552468386293,0.0034498319865576984,0.008347305342631176,0.2611689188887675,0.0,0.0,0.0,0.01270274295511918,-0.008227015118920726,0.002878683080986806,-0.715467162436912,-0.3006268309217625,1.027205078825187
5.997699999999959,-0.6893340026156588,-0.3279678212384552,1.0344663473614428,-0.6945229994667457,-0.33553702969765536,1.030777107088129,0.0040162752102547335,0.00898771885176925,0.26815997820655724,0.0,0.0,0.0,0.0011727216408321355,0.0035529332489454384,-0.0003270349369409904,-0.690506724256491,-0.33152075448740065,1.034793382298384
5.997799999999959,-0.6662758370502273,-0.3615491034425378,1.0415941490617742,-0.6694435941603291,-0.366666261948557,1.0367817147801657,0.004366419570716943,0.011045452198771982,0.27619284586184517,0.0,0.0,0.0,-0.0011986624606151889,0.0007507389353022384,0.00044601471089154767,-0.6650771745896121,-0.3622998423778401,1.0411481343508826
5.997899999999959,-0.637283549371117,-0.4031717952229457,1.0560563714896496,-0.6437035288493835,-0.3974336388670713,1.041763144091892,0.004459409746032278,0.012508846614883344,0.28400729048379303,0.0,0.0,0.0,0.00196056973223428,-0.010197566101906714,0.009833817651725345,-0.6392441191033512,-0.392974229121039,1.0462225538379242
5.997999999999959,-0.6029222749192216,-0.423678826046256,1.0578604874798443,-0.6173282058705424,-0.4278087967669885,1.0457164789540176,0.004265627197900479,0.012309440150165865,0.29296171340805066,0.0,0.0,0.0,0.010140303753420333,-0.0001356564771679671,0.007878381327926166,-0.6130625786726419,-0.42354316956908805,1.0499821061519181
5.998099999999958,-0.5849895186370019,-0.4541875227311364,1.027686729562623,-0.5903436544838332,-0.45776175903404415,1.048637817902251,0.003771653760718649,0.01266059823309809,0.30270526709816115,0.0,0.0,0.0,0.0015824820861126605,-0.00019741745781088607,-0.024722742100346647,-0.5865720007231146,-0.4539901052733255,1.0524094716629697
5.998199999999958,-0.5629896780763526,-0.4691644730204282,1.0494553376744686,-0.562776505183011,-0.4872629657114004,1.0505242779278228,0.0029847140046936767,0.01227826722511887,0.31271037472656626,0.0,0.0,0.0,-0.003197886898035228,0.015113778686278513,-0.004053654258047811,-0.5597917911783173,-0.4842782517067067,1.0535089919325165
5.998299999999958,-0.523394843357663,-0.506046901143892,1.0508735531250102,-0.5346539634164067,-0.5162833026695723,1.051373997322417,0.0019358616274766857,0.011199851069147785,0.3224138208415083,0.0,0.0,0.0,0.009323258431267058,0.008300539898203708,-0.0024363058248834876,-0.53271810178893,-0.5143474410420956,1.0533098589498937
5.9983999999999575,-0.5009388081002684,-0.5423642981059433,1.0372254272781545,-0.5060037827374678,-0.5447941303396502,1.0511861375155798,0.00068121427204612,0.010571345984971874,0.33592983534088555,0.0,0.0,0.0,0.004383760365153339,0.0017486179616607324,-0.014641924509471408,-0.5053225684654217,-0.544112916067604,1.0518673517876258
5.998499999999957,-0.4637782389425391,-0.5692549504149836,1.049940213819432,-0.47685423741554633,-0.5727673119768777,1.0499608839022594,-0.0006993176871424121,0.010852964724029022,0.34712036413975067,0.0,0.0,0.0,0.013775316160149634,0.004211679249036463,0.0006786476043150556,-0.47755355510268876,-0.5734666296640201,1.049261566215117
5.998599999999957,-0.4458535427360646,-0.5991467091098918,1.0560564023147083,-0.44723409453260765,-0.6001752414282221,1.047699445659846,-0.0021061154048969966,0.012334952725081227,0.35948742972986636,0.0,0.0,0.0,0.003486667201440058,0.0031346477232273295,0.010463072059759243,-0.4493402099375047,-0.6022813568331191,1.0455933302549492
5.998699999999957,-0.4279170018571044,-0.6287753950045923,1.0332328965815265,-0.4171725855935937,-0.6269908703763145,1.044404054554858,-0.0034267177606493796,0.013842199264719975,0.38433233658286464,0.0,0.0,0.0,-0.007317698502861313,0.0016421931323715513,-0.00774444021268219,-0.4205993033542431,-0.6304175881369639,1.0409773367942088
5.998799999999957,-0.3994030686222152,-0.662791601556158,1.0395001424266634,-0.38669937767845736,-0.6531877350328733,1.0400779627404582,-0.00454505136373051,0.014064020201641813,0.40259944365585915,0.0,0.0,0.0,-0.00815863958002733,-0.0050588151595542,0.003967231049935791,-0.39124442904218787,-0.6577327863966038,1.0355329113767278
5.998899999999956,-0.3451126402742049,-0.681584234580993,1.0234335530908587,-0.35584454416433575,-0.6787399822552685,1.0347254395469725,-0.005352232358479793,0.012146650126501051,0.43753466184123063,0.0,0.0,0.0,0.016084136248610638,0.0025079800327552984,-0.005939654097633994,-0.36119677652281557,-0.6840922146137484,1.0293732071884927
5.998999999999956,-0.3139145863184091,-0.7117919906965207,1.0184436166067736,-0.324638535046758,-0.7036223950604519,1.0283517672685747,-0.00575785629656493,0.012419325840590925,0.49204295543984944,0.0,0.0,0.0,0.01648180502491385,-0.0024117393395038525,-0.004150294365236133,-0.33039639134332294,-0.7093802513570168,1.0225939109720097
5.999099999999956,-0.2980478335639482,-0.7404238753673816,1.0278391244793372,-0.2931121468891757,-0.7278104175110748,1.0209632359503007,-0.005700531480462429,0.012589884992019285,0.4965531337314547,0.0,0.0,0.0,0.0007648448056899191,-0.006912926375844424,0.012576420009498962,-0.29881267836963815,-0.7335109489915372,1.0152627044698384
5.999199999999956,-0.268119029109133,-0.7500356880906636,1.003051083577703,-0.26129649243047354,-0.7512801789492342,1.0125671371805334,-0.005156391662830177,0.011823348884725497,0.5278944827403192,0.0,0.0,0.0,-0.0016661450158292753,0.006400882521400767,-0.0043596619400003,-0.2664528840933037,-0.7564365706120644,1.0074107455177033
5.9992999999999554,-0.2213568753841922,-0.7737698504277744,1.001652018617056,-0.2292229698804514,-0.7740085175539291,1.0031717568950855,-0.004144437670395737,0.02258356427084126,0.6325469940599819,0.004403636622696702,-0.04409701197565947,0.01906418117353181,0.011339990475066149,0.04302111117657105,-0.0041034367163909026,-0.22896377092815046,-0.8222499671999843,1.0180915003982216
5.999399999999955,-0.2094810784304229,-0.8130128011602444,0.9727511111810666,-0.19692323193358283,-0.7959730031989823,0.9927863671999804,-0.0027278031772885905,0.022220297044735327,0.7358189659209352,0.0015912490378313258,0.04924767164115381,0.06986006719873071,-0.009477363828475874,0.035984766059051876,-0.02601169682076858,-0.1980597860730401,-0.7494531347351171,1.0599186312214224
5.999499999999955,-0.1749780305554279,-0.8205487627173697,0.991593962221555,-0.16442915453162657,-0.8171519595888671,0.9814212172210038,-0.001010418764633044,0.02203486210223523,0.8204314001636679,-0.002063416239330796,0.06647739429731411,0.07056978687027461,-0.008362089412492947,0.025339407603193757,0.004728433009184069,-0.1675029895355904,-0.751684984056186,1.0509805853266454
5.999599999999955,-0.1295353338711057,-0.831472855800541,0.9696954757727468,-0.13177280540592073,-0.8375244856505927,0.969087522989054,0.0008709528636940047,0.048215209736925196,0.9072897160527764,-0.004552954255085766,-0.01795488092348894,0.02118804822147579,0.0027507784474270817,-0.00797629227352081,-0.001406035865742254,-0.13545480679731248,-0.8546084137103876,0.9911465240742238
5.9996999999999545,-0.1044221981971124,-0.8498620238100546,0.9507862875494716,-0.09898641243040339,-0.8570704761605414,0.9557974563712727,0.0027587606269170416,0.0744886633262948,0.9544266914098118,-0.004527298356106323,-0.07413527131349586,-0.04273975542920004,-0.007312388668923353,-0.03990910202411009,-0.003153404876840798,-0.10075495015959267,-0.9284469868471202,0.9158164615689897
5.999799999999954,-0.0676741376211432,-0.8680637251608121,0.9433986031713898,-0.0661023318165921,-0.875770641585896,0.9415641330588824,0.004489662295686011,0.09879677829810321,0.9621901043335361,-0.0020256024866753815,-0.016574791019138488,-0.07569838919986367,-0.006121683232292321,-0.041752825081234096,0.00538920095113126,-0.06363827200758147,-0.8878557703093485,0.8703554061547047
5.999899999999954,-0.0351614132012882,-0.8929485949390038,0.9132174962777588,-0.033153016181909335,-0.8936065271210802,0.9264015996235827,0.0059108779377403655,0.1256976797290737,0.9633893619276053,0.0015590489390832464,0.06571729384188656,-0.05460480740703798,-0.0088730460491896,-0.02041822235621206,-0.011558776221237733,-0.025683089305085723,-0.8219783553414534,0.8777076701542851
5.999999999999954,0.0027005963748333,-0.9160870365902144,0.9187869199148094,-0.00017098252286733309,-0.9105605309004231,0.910324819655279,0.006896015781579531,0.14405465837788436,0.9839153571022057,0.004255140259502314,0.0468601882219249,0.005032696738224971,-0.005368153853040087,0.01189762705412091,0.004978160795668536,0.010980173518214512,-0.8568043268969187,0.9222535321750834
6.000099999999954,0.0451137248725133,-1.1682988992942491,1.1320111147404808,0.032811219875281766,-0.9266159213690764,0.8933496589948269,0.007358423078501417,0.14710750731430597,0.9673879968259208,0.004596865401305637,-0.043349982244336595,0.06050497354701054,0.003903233262935126,-0.20243736036378168,0.2290286515697295,0.044766508355088816,-0.9626074805349116,0.9612130556203389
6.000199999999953,0.0683578419116118,-1.1602789021763054,1.2298098116010134,0.0657610415607607,-0.9417568537950386,0.8754928700763622,0.007260289133299444,0.14408233842345225,0.9425961173941212,0.0024208331160033812,-0.06647970321919076,0.072483995991859,-0.004876434906602607,-0.1888316168536491,0.34029928461496256,0.07544216381006352,-1.00097626788093,0.9552371552015206
6.000299999999953,0.1064168675296353,-1.0727289817830417,1.0134566533332643,0.0986459650376462,-0.9559683859059919,0.856772075394671,0.00661616351682455,0.14415146591846073,0.8949630399115337,-0.0010575706515709782,0.01211446810784104,0.03290088672538992,0.0018623954402101858,-0.12087632960943466,0.14216519468784516,0.10420455790289977,-0.9372377542813263,0.8962891256368856
6.000399999999953,0.1182805713897902,-0.9475757042395474,0.7929630811177955,0.13143353685671166,-0.969236492635522,0.8372057501139153,0.005490271048695925,0.13734819097316286,0.8062383183317221,-0.003922740656901506,0.07142996478901657,-0.0296385428423861,-0.017393583895929432,-0.01680798815431084,-0.05495771913925909,0.13300106724850608,-0.8923162567978096,0.8130574783202251
6.000499999999953,0.167430467158042,-0.9111320330760568,0.7974175271511952,0.16409139964306335,-0.981548079964165,0.816813203834876,0.003987954794793754,0.12489032895504387,0.700724054433895,-0.004613639667769452,0.02110337421066132,-0.07052070696211078,0.0004950006005402063,0.020949136002641047,-0.023467764927503385,0.16346571477008764,-0.95645675095871,0.750280451667559
6.000599999999952,0.1938788707817673,-1.0701966963651317,0.716924032776798,0.19658732402896278,-0.9928909978416236,0.7956145615387085,0.0022425651838991444,0.11397632633196347,0.6373759396968003,-0.0027741128043896343,-0.06093791644550809,-0.060946456915093185,-0.004494268529266664,-0.10653910096426313,-0.0759348729772534,0.1960557764084723,-1.0515863491032327,0.7369106698075144
6.000699999999952,0.2232979252091489,-0.9505535059896804,0.7451226383979129,0.22888924046032177,-1.0032540521773996,0.7736307437260157,0.00039985357196319245,0.09720397274983973,0.6407111592981497,0.0005643400635369209,-0.04912699668239022,-0.008212889553643448,-0.0064413062163894245,0.06169130707564772,-0.021329699994924605,0.2298534340958219,-1.0519811952878266,0.7658177077443354
6.000799999999952,0.2580283115754251,-0.9258240218312672,0.6624563440900716,0.26096527084548027,-1.0126270158880104,0.7508834457708404,-0.001397794672175122,0.0600585717467461,0.5617641339553852,0.0035606520359796785,0.03756420502705448,0.04982471409239904,-0.002649186158016646,0.1269248412863192,-0.08056651783968789,0.26312812820928483,-0.976460605533131,0.7993103651910644
6.000899999999952,0.2939386923033141,-0.9205416546660428,0.6034578648157047,0.2927837600150344,-1.0210006389898854,0.7273951165099495,-0.00302517380336738,0.04820891545759989,0.5231784647449798,0.004579341466598514,0.06603666738580745,0.07192344756839228,0.002989011677413739,0.14479666506936806,-0.11865260574716949,0.29433792767826555,-0.9579891454074452,0.7962933902749744
6.000999999999952,0.3350311323951975,-0.9392017682057708,0.6762453791183827,0.3243133069618938,-1.0283666577280326,0.7031889360883654,-0.004384577272318289,0.07742278414029576,0.5225065387136036,0.0030830789264116695,-0.006588621094887946,0.04275721249351401,0.014439274684696841,0.10946924284223428,-0.025509108364522224,0.3230118086159872,-1.039339856095239,0.7415615713095611
6.001099999999951,0.3477089219622549,-1.1273764662423396,0.661817148511507,0.35552279582914936,-1.0347178027311186,0.6782887930842496,-0.00541177912069266,0.07623599189682104,0.5433204961506172,-8.436818006256221e-05,-0.06841654071534857,-0.016464027462385494,-0.002209191962345387,-0.10699535005164806,-0.017700180719305843,0.3500266485283941,-1.1085461225671598,0.6564129865011714
6.001199999999951,0.3887028469413407,-1.118467530803173,0.6567505631965928,0.3863814266197155,-1.0400478061859224,0.6527192609321708,-0.006077480981262424,0.07734445088633966,0.667692390556518,-0.0031735434897830245,-0.025174178718688753,-0.06341090735459824,0.00933300358938377,-0.11372168047279468,0.0030438693490986808,0.37713040214867,-1.0712994658858737,0.5832308725963102
6.001299999999951,0.4142478941094368,-1.033159477407246,0.661465261516126,0.41685874559082925,-1.044351408022561,0.6265055736731233,-0.006384581954900798,0.09476597312455777,0.7810852710378755,-0.004495463692384987,0.056043141079683924,-0.0648867080783001,0.004958380912004681,-0.01704159113306418,0.03726187930686921,0.4059786999435435,-0.9946928488977781,0.5552342836399224
6.001399999999951,0.4446980334521422,-1.1290066403512755,0.5735088690001294,0.446924675308445,-1.0476243611055993,0.5996736010514051,-0.006362115004393757,0.11670820499654304,0.8092184422978171,-0.0033450819845744256,0.05086593141720562,-0.020296751377197966,0.004961662883326087,-0.07960148570090898,-0.018995730193303292,0.43721747831947677,-1.0031205446927876,0.5730147346698133
6.00149999999995,0.4840863494545552,-1.208473497596375,0.8145362772956095,0.47654954432853946,-1.049863435425373,0.5722498229857081,-0.006057096354131319,0.13258646340141791,0.8208476171046056,-0.0003771741182975418,-0.03187897095169743,0.03825406879977353,0.013647144672953018,-0.12457716878543075,0.25355757905944193,0.4701152738561106,-1.0877995027312017,0.6044467954313504
6.00159999999995,0.5086737830780051,-1.2298415891967358,0.6156194811384536,0.5057041164833397,-1.0510664212859753,0.5442613034328924,-0.005525754638154545,0.14398528458287932,0.8815685671378292,0.0027657086957392826,-0.06505734031688704,0.06907232255590791,0.007763413581562864,-0.13225650571393638,0.08391193280423795,0.5029440705409245,-1.121649516241017,0.6078078713506457
6.00169999999995,0.5429443378720804,-1.0401942501804322,0.5161560818844063,0.5343596197295707,-1.0512321314855593,0.5157356636830542,-0.00482555143883319,0.15053671034940544,0.8990184827736384,0.0043623238312023435,0.0013927087053082587,0.05056230258590271,0.012281436564808913,0.04190797938979959,0.010671885057932385,0.5338963921219398,-1.0546649742190841,0.5614724148301237
6.00179999999995,0.5584662147704692,-0.8799377772337328,0.376833406731587,0.5624877745451499,-1.0503604024881652,0.4867010550986844,-0.004009079722167243,0.14773903394877475,0.8961070785020131,0.003555962184225193,0.06489800866003435,-0.0036470894984173908,-0.0009547871092663087,0.16820633637498386,-0.10461439116254344,0.5620346570072078,-0.9894714735502981,0.47904488587809974
6.001899999999949,0.5811770377297143,-0.8637950732129307,0.2331686608474286,0.5900608218372274,-1.0484520945850682,0.4571861313330648,-0.0031204200291262414,0.1600018942471097,0.9432931063696277,0.0008148332691292385,0.02863750573330038,-0.05472611898511855,-0.00604213380227445,0.15411114756582997,-0.22435284614147571,0.5877552350772304,-1.022935008880894,0.39933959231882005
6.001999999999949,0.6115794182933851,-0.9409911871174385,0.2228375361502297,0.6170515503370605,-1.0455090910457754,0.4272200200525719,-0.0021939549163096424,0.1601225660385003,1.0,-0.002338278272979442,-0.05071662023656498,-0.06645431089131934,-0.00276398014940113,0.06889370340987405,-0.20859139636398688,0.6125193171477714,-1.09841966619865,0.3585717542449429
6.002099999999949,0.6415101327940577,-1.0648427697661575,0.2943642077823616,0.6434333234542501,-1.0415342962594674,0.39683229419118715,-0.001255114057397851,0.14570969221972727,0.9833272333920965,-0.004172315786501068,-0.05157704209630135,-0.030901777640014557,0.0003616010794058578,-0.038374689862890235,-0.10742583838848095,0.6380058936103512,-1.0943664524131664,0.3646754024937747
6.002199999999949,0.666739317285347,-1.0246582262961423,0.4081261395439378,0.6691801055638398,-1.0365316328687153,0.3660529427655809,-0.0003222117275547788,0.14113576033878553,0.9376683172899315,-0.0037006324275705577,0.025983688765935566,0.02622489003584861,-0.0011084780671421811,0.027992968084737207,0.03935793308131697,0.6651572614087145,-1.0108701558303346,0.39195562107387477
6.0022999999999485,0.6819388309231948,-1.0643383975968284,0.3418183337191046,0.694266487700334,-1.0305060378983069,0.334912341279574,0.0005914226058342629,0.14258628391122055,0.8646473206656724,-0.0012152734422897747,0.06237231509685649,0.0641647800155962,-0.012443354012796745,0.0021945314062972524,0.007852819688657612,0.6936426368638784,-0.967542300195616,0.3996685439010045
6.002399999999948,0.7161210677633971,-1.1358142157852549,0.4800862319061004,0.7186677126332799,-1.023463457882999,0.3034412217471826,0.001475484747360022,0.1394704309396503,0.806800380678506,0.0018886660264651747,0.003330197387766532,0.05618557397966416,-0.004313139640716326,-0.08154470344346518,0.18045552681474647,0.7220318634071051,-1.0186577757478725,0.3611022804742068
6.002499999999948,0.7414595197497449,-1.175810889982482,0.4111682422162717,0.7423596992996643,-1.0154108429990059,0.27167064236383076,0.0023209794099422177,0.10879303161000886,0.7435044979995374,0.0038972826783726616,-0.05875171184714868,0.008418337785110131,-0.0041157521032719226,-0.15651853928580334,0.14359524634573376,0.7485779613879792,-1.0718415754362125,0.2824099595588831
6.002599999999948,0.7834135439006146,-1.0404694696825816,0.2700433348054145,0.7653190665690159,-1.0063561402050136,0.23963195685566102,0.0031185978781537054,0.09975288805631813,0.7080082615207092,0.0037326065740286656,-0.029892085125458025,-0.044825757204981186,0.013945560050038625,-0.060800941960094355,0.031734237269265914,0.7721702710211983,-1.033129627452318,0.19792479752883355
6.002699999999948,0.8012764283093368,-0.9258147541694826,0.1434099569580188,0.7875231563179157,-0.9963082853994167,0.20735678353695836,0.003857051457130403,0.10724798644503353,0.6683208189796438,0.0015442978224122672,0.04208469277065735,-0.06569980130151769,0.009258265767147883,0.029803018087533703,-0.06743840828434088,0.7929245055974584,-0.9503665411716289,0.14551403369257104
6.002799999999947,0.8017116251642732,-0.8465420276516924,0.0550949651003931,0.8089500557900404,-0.9852771946020443,0.17487697410786193,0.004521390043188151,0.10538332634109729,0.5693004921753333,-0.0013946788474361452,0.046637643712493314,-0.039730129817377384,-0.011687579899690239,0.1092738836210627,-0.12811143325599125,0.8120767669857925,-0.9341181608463628,0.1396682343336727
6.002899999999947,0.827740129344155,-0.9842932529160408,0.1332170683167413,0.8295786192229857,-0.973273754167485,0.14222458221824025,0.005091553259906165,0.09098763342067001,0.5505393007801753,-0.0034308940743347028,-0.01773432051055765,0.014145091014781104,-0.006198096172790718,-0.012523988155503589,-0.02016835535554904,0.8312392784085572,-0.9859165214181365,0.16146122649292752
6.002999999999947,0.8389963760457195,-0.9663335911480018,0.1367253526087125,0.8493884887150018,-0.9603098100423308,0.1094318318369519,0.005541585582668207,0.07202502465298384,0.5609382166482004,-0.003486436371409699,-0.04905823885081417,0.05737648351409395,-0.014928027503406443,0.017575340590193816,0.016384802735973147,0.8514436379262603,-1.0038264633104768,0.17234990093371405
6.003099999999947,0.8657451125292545,-0.8942317374392742,0.0031665268081027,0.8683601143165751,-0.9463981560742777,0.07653108544950589,0.005840027272059653,0.05789453691828151,0.526971650227466,-0.0016666393333423777,-0.0057541600140040665,0.05940472924827138,-0.007693805499243845,0.08082769554358166,-0.08130089998200357,0.8725335022552925,-0.9463122888162221,0.14177584196983692
6.003199999999946,0.8918073502197086,-0.8768199475526649,-0.040702159523798,0.8864747733237087,-0.9315525213862172,0.043554812120431635,0.005951914495080136,0.056929761705070164,0.47072957846721497,0.0008513948358803902,0.037943944254940236,0.019300530369307234,-0.0004861036035014771,0.06521317863188147,-0.08808867789477272,0.8932780826546692,-0.8876566626361969,0.068807256984819
6.003299999999946,0.9167342796090155,-0.8887634899523756,-0.0918210325531259,0.9037145887549721,-0.9157875568272517,0.010535555450230863,0.005842567237817638,0.0691034018535292,0.3979378456518775,0.0025864658115554895,0.019968139975926082,-0.03390580852658962,0.006626481775953258,0.00878234027535589,-0.10296347996468583,0.9121436218043453,-0.889976849613508,-0.01752768583854112
6.003399999999946,0.9180084492788771,-0.8842502505938393,0.0147882253472857,0.920062546993923,-0.8991188205140732,-0.022494098541226172,0.005482944226035585,0.05864468080070679,0.3831308136810668,0.002682397388741355,-0.020334694932201428,-0.062247549548544244,-0.008477582007246909,-0.022908171901455488,0.03757175527169161,0.9282278886086999,-0.9139705712202391,-0.07925870386373483
6.003499999999946,0.9342744322314048,-0.915031805444312,-0.0333860267420891,0.9355025145794922,-0.881562762476982,-0.055501553573168626,0.0048558773861603925,0.05601150310226011,0.38852800151652284,0.0013735389785207847,-0.021916586629933416,-0.0460040942941455,-0.006927212901931981,-0.06829722777356553,0.020781295921709755,0.9417319309441734,-0.898623471720755,-0.09664977048115374
6.003599999999945,0.936882199757486,-0.9195785980039478,0.0277722963790126,0.9500192541277629,-0.863136708425692,-0.08845423527251838,0.003962090902429649,0.0720645421038142,0.4265541114200691,-0.00031635515307342236,0.005347163619153697,0.002456567186053212,-0.017416905032890378,-0.06783507542437399,0.11188432069594297,0.9536649898771191,-0.8538274539041087,-0.08203557718403552
6.003699999999945,0.9661822043394832,-0.8798472881199985,-0.0732011510695193,0.963598439369428,-0.8438588426509471,-0.1213196233208637,0.0028247141364875234,0.08220081647443063,0.44908319853936884,-0.0013638214222876006,0.01585957552240648,0.04800811255888538,0.00011875180035811209,-0.0191119555048327,0.0412697145297045,0.9650593320836279,-0.8251745529920531,-0.07048679662549079
6.003799999999945,0.9712712216015136,-0.8721348387345703,-0.1183070281409692,0.9762266692880893,-0.8237481900788224,-0.15406528354808752,0.001491116602153178,0.0819600187765408,0.48238725801941335,-0.0013882954452891188,0.002447907458168475,0.05838134825390342,-0.005605873349112157,-0.016885576283546554,0.028605169877335065,0.9763294904449534,-0.8198091660185007,-0.09419281869203092
6.003899999999945,0.9866897362556796,-0.81078017230088,-0.1364757323018703,0.9878914813454416,-0.8028245974954176,-0.18665889994097717,3.131830510084442e-05,0.08519743260421336,0.5567002892218513,-0.0007122640014802402,-0.008374227637293345,0.027390633763968653,-0.000349392751986137,0.015734846077375297,0.0456074253949217,0.9872105356490621,-0.8111675068276101,-0.15923694787190767
6.0039999999999445,0.993945596888485,-0.7688946097047556,-0.2599087837238956,0.9985813637802943,-0.7811087139604765,-0.21906830653522794,-0.0014671471495859118,0.09788074042498937,0.606689722906444,5.702273444597422e-05,-0.004287133764485126,-0.021191802741049287,-0.002693484582224303,0.012272349530132752,-0.04063533633402275,0.9971712393651543,-0.7868629948745476,-0.24172725642586312
6.004099999999944,1.0091428610846402,-0.6724707739843994,-0.3916461074082566,1.008285766969289,-0.7586219704292579,-0.2512615191593666,-0.002907363369690942,0.10671807424588514,0.6111128977460607,0.00048737884709725254,0.0031296037730732277,-0.05188242556606438,0.003596578157784009,0.06395441766313248,-0.13491272195270249,1.0058657824466952,-0.7583997300258757,-0.30605130809512193
6.004199999999944,1.0037000173084512,-0.5944569305374816,-0.4377412375154388,1.0169951138381057,-0.7353865586027694,-0.2832067669992669,-0.004193018892773193,0.10470691385823944,0.6033858267044283,0.0005014021394403043,0.0033734690459763664,-0.044077515570026274,-0.009814995328698013,0.11375147697422983,-0.1452577536719384,1.0133034970847727,-0.7362061084495662,-0.33147730146206633
6.004299999999944,1.012850595032703,-0.6232541599451114,-0.4110087769803724,1.0247008093128764,-0.7114254090272382,-0.3148725239521075,-0.005238748537510776,0.10239267124534068,0.616457352191013,0.00027247791554522706,-0.0005194099575725538,-0.006666484668828806,-0.007495347824654872,0.0771023082327901,-0.08578880489841272,1.019734538690911,-0.7171835675223216,-0.3267777571584471
6.004399999999944,1.047440830609693,-0.7405849926286788,-0.3722495973924395,1.0313952488024878,-0.6867621684644307,-0.34622753973882925,-0.0059792560480170535,0.09832640040972071,0.6356464705797716,2.2230883743303833e-05,-0.001943377195949217,0.0305643199015644,0.02142407340226026,-0.03835153933765944,-0.017367400738402938,1.025438223638214,-0.694684801708397,-0.32164247588528194
6.004499999999943,1.0249574149732754,-0.7569466355337704,-0.303755219983947,1.037071825703393,-0.6614211765551534,-0.3772408707443877,-0.006375872234394171,0.0922305400069981,0.609151011560179,-0.00011757365646867148,-0.0003812963521247842,0.04138003168781585,-0.005755223226990132,-0.0607711108766163,0.0788632283276465,1.0305783798125303,-0.6681783451416724,-0.34223671129096606
6.004599999999943,1.0303964557916143,-0.7174985185221974,-0.3573298537298009,1.0417249379195326,-0.6354274417989654,-0.4078819105553654,-0.006419654369659983,0.0855087929119478,0.5822427313854726,-0.00013116047760095915,0.0008766050044877793,0.022812266577858935,-0.004344145265277703,-0.04793610187557845,0.05285058880595203,1.0351741230722717,-0.6409704911641375,-0.3914892983471664
6.004699999999943,1.0568747510088423,-0.6445829864706772,-0.3961483370571935,1.045349993390926,-0.6088066168738092,-0.43812042016480657,-0.006130716488057134,0.07527755725252071,0.5726193475734914,-7.214991969160056e-05,0.0004885979359774629,-0.005996339685794045,0.018502354722313392,-0.021319119709810486,0.042901540838261594,1.0391471269831773,-0.614448735425889,-0.45024747633865775
6.004799999999943,1.067549293992776,-0.6444019578399849,-0.4552742719342154,1.0479434146254811,-0.5815849733199149,-0.46792655781446635,-0.0055540930673624945,0.05380244177151345,0.5324319977505427,-3.896279936455762e-06,-0.0002865663805875437,-0.022670168725321866,0.025851703474817803,-0.0735822072584948,0.014448087359700004,1.0423854252781821,-0.587425632767865,-0.4961508196071507
6.004899999999942,1.0362056883051771,-0.5734955222535525,-0.5032762992593891,1.0495026422295473,-0.5537893756129612,-0.4972709084450232,-0.0047529603700580325,0.04187949813264777,0.4704306758774584,3.626814648342485e-05,-0.0003452506106072352,-0.01942562757180624,-0.008357227607041861,-0.04441130990892924,-0.0017873466718414345,1.0447859500059726,-0.5588875865936264,-0.5214494963868874
6.004999999999942,1.0430540083456958,-0.5018669442949069,-0.5120403579068296,1.050026137433727,-0.5254472546520814,-0.5261245127251913,-0.0038003709232148253,0.04411954650323296,0.4051972239701287,4.2596553215577484e-05,3.147361383623582e-05,-0.004916395527026471,-0.0035755096233733795,0.004952873369539684,0.020768404305757937,1.0462683630637277,-0.52921615196146,-0.5348412791754327
6.005099999999942,1.0483106657442751,-0.4718461507943429,-0.6044463595773273,1.049513383611456,-0.4965865806888782,-0.5544588956310842,-0.002770763653784501,0.0374765214175234,0.3364438305945119,2.835392516355183e-05,0.0001865145382699237,0.007333912010164624,0.0007910438344620099,0.027142103747662454,-0.04236716079461775,1.046770973882835,-0.49917082980439276,-0.549895747274704
6.005199999999942,1.0581383377960492,-0.4220547517858845,-0.6241724253005475,1.0479648867888516,-0.46723583572416155,-0.5822460945476253,-0.0017324149156632232,0.023693740871670227,0.3186120992172231,1.0172901599185718e-05,4.595295495823542e-05,0.01035078205804039,0.011159071090596408,0.0684288508856416,-0.03574961886949099,1.0462426447747875,-0.46892229768486654,-0.5736277274052481
6.0052999999999415,1.0342845861577967,-0.438514652590857,-0.6556542221881202,1.0453821751453252,-0.43742398539965344,-0.6094586868642734,-0.0007417297873125472,0.02484594624721284,0.318285526766607,-1.5559570359205886e-06,-7.968955740044672e-05,0.006041707975935435,-0.010692147234893108,0.028083822050316582,-0.04354513779301416,1.0446388894009768,-0.43824540474436646,-0.6041587086756506
6.005399999999941,1.037208517655687,-0.3975974644523834,-0.6344815976496356,1.0417677975054542,-0.4071804504123954,-0.636069817037828,0.0001601063706933017,0.034644645980422384,0.3146299238101934,-4.590177976693509e-06,-4.985301029191381e-05,0.0002429271477143696,-0.004481541093304883,0.025416706279696385,-6.8400173982755e-05,1.041923313698171,-0.40707019705199404,-0.6356667835194203
6.005499999999941,1.041475496236999,-0.3505690662997214,-0.6820915285865712,1.0371253208236006,-0.3765350774800737,-0.6620532230956088,0.0009480020353880778,0.040396424992681444,0.2761092694670548,-1.910359223248725e-06,2.3985354706076687e-05,-0.0028313875119502694,0.0040818150406584965,0.017998442626368495,-0.02510259753023368,1.0380714124997654,-0.3755630900899795,-0.663936608572171
6.005599999999941,1.033884982315335,-0.322171505304503,-0.725695476521346,1.031459326663756,-0.34551810988591164,-0.6873832625528513,0.001611595179574651,0.04236050864465882,0.2776740551942009,2.2606675081296965e-06,3.332288806334376e-05,-0.002577242750639059,0.0015803797307053706,-0.0031098491936494485,-0.044629174710377764,1.0330731825108386,-0.34387319181827364,-0.6883489101239157
6.0056999999999405,1.021577708433265,-0.3074061232039851,-0.7020192380969401,1.0247754066780923,-0.3141601576322006,-0.7120349377187442,0.0021521476514727027,0.04118048233833751,0.30512320673188836,5.0751444940738475e-06,-1.130304744773698e-06,-0.0007201460213454448,-0.004889352289796913,-0.020928133952732794,0.004844202932289372,1.026932629474059,-0.3120091402854727,-0.7106029360886168
6.00579999999994,1.0166912607316312,-0.3236648970369101,-0.6879584774522425,1.017080157088676,-0.2824921672319235,-0.7359839203661316,0.002578373177397317,0.04165922924278357,0.313599457010428,5.737597546882458e-06,-1.7317716610474828e-05,0.0008506609842222515,-0.0030415864884275096,-0.05269223336295856,0.045533966835120294,1.0196642678636203,-0.2799311117711366,-0.732554886204512
6.00589999999994,0.9988977950613758,-0.3044746797688654,-0.6788589153647965,1.008381172177793,-0.2505453911682823,-0.7592065757405364,0.0029019678253249265,0.05007165572746329,0.32402712897805325,4.873724070316922e-06,-5.174636676601432e-06,0.001320044540631535,-0.012946293927475667,-0.043457109351471034,0.0805373482546776,1.0112880137271885,-0.24764859797963396,-0.75498456337458
6.00599999999994,0.9990550931729584,-0.2916552973462152,-0.7256939031436738,0.9986870367933095,-0.21835135705227082,-0.7816799858848091,0.003133609134597698,0.05774160643510688,0.33972199066318404,3.534365504699843e-06,7.086665411117955e-06,0.0009271755495609832,-0.003517688999557301,-0.0502191551927329,0.05740374643319561,1.0018241802934118,-0.21521066125226201,-0.7776192012006504
6.00609999999994,0.98879415176675,-0.1909036117750387,-0.7945135291756972,0.9880073178764623,-0.18594183650872845,-0.8033819722563856,0.003280084412051408,0.05926366497301297,0.3550848222991464,2.487235363974197e-06,4.9840929561483965e-06,0.00031192855991933453,-0.00304929642844195,0.012847703902414744,0.009381565406774359,0.9912898895238778,-0.18265676800372088,-0.7997899592844149
6.006199999999939,0.9816278960269172,-0.1465254487619934,-0.8596949738486612,0.9763525550204445,-0.15334881382158286,-0.8242911176148293,0.003343003146261576,0.05996123976061098,0.372382494029454,1.9912585856307116e-06,-1.9472591939081536e-06,-6.34896099681554e-05,0.0018522091184211044,0.0052809480068827935,-0.037522083907639316,0.9796975494252916,-0.1500077579345152,-0.8210116040785359
6.006299999999939,0.9630409139681212,-0.059913693457313,-0.8810452731223836,0.9637342500690982,-0.1206044543692226,-0.8443867871580635,0.0033192551561896937,0.0640064094718085,0.4006455176759052,1.9233413209702917e-06,-3.1797928039984637e-06,-0.00010407185519731055,-0.0035850794898033144,0.0390363381084895,-0.04186129452354111,0.9670554285666089,-0.1172883790058369,-0.8411716038570711
6.006399999999939,0.9578328201918992,-0.024670523547138,-0.91246165726116,0.9501648557659841,-0.08774107288115268,-0.8636491488864286,0.0032030317446187537,0.06588403363907966,0.42699057688253467,2.0241112826885707e-06,-6.562559005576346e-08,4.0783742724134276e-05,0.005172292150856454,0.03417990491447795,-0.056041514840443604,0.9533699116218856,-0.08453810676212399,-0.8604053333990858
6.006499999999939,0.9476093303119484,0.0129767608430188,-0.9493458246105384,0.9356577634650262,-0.05479110154725754,-0.882059193174472,0.0029889042536719937,0.059679962490276975,0.43985374766549346,2.0875210163336555e-06,1.5947832938643474e-06,0.00018564855762412657,0.00958372575364942,0.049247600903707764,-0.07446585311790133,0.9386487552397146,-0.051800602510291685,-0.8788846403631758
6.006599999999938,0.9250845546208912,-0.0019668631389277,-0.9272425376438628,0.9202272899148631,-0.02178705801114536,-0.8995987515311529,0.0026752398374275507,0.05650233388291516,0.43583977560024895,2.0319581436043026e-06,5.63010419452908e-07,0.00023670137274127656,0.002401695320401268,0.022075494868800526,-0.03265454661903626,0.9229045617104343,-0.019111255163298358,-0.8966868103209841
6.006699999999938,0.9099015019290634,-0.0180086946421798,-0.8882656910004587,0.9038886631299453,0.011238486720840307,-0.91625051452995,0.0022671831283763255,0.05689153332225083,0.4301804392487293,1.8773902609716292e-06,-6.235988560615972e-07,0.00020234914622102446,0.0034596091999139233,-0.00984861200346051,0.026324910170680182,0.9061577236485826,0.01350504625036057,-0.9137809822553526
6.006799999999938,0.8897077529927562,-0.0085203688669186,-0.8703275742561275,0.886658007362323,0.044252940423271485,-0.9319980488911752,0.0017785389841475385,0.05569401519744681,0.3977869639855959,1.6855890392635703e-06,-4.93125327942259e-07,0.00013802128039521762,0.0006350490178479273,-0.031120670381267753,0.0630932950334947,0.8884382319355099,0.04603098628209108,-0.9300814886266324
6.006899999999938,0.8704714438079763,0.0254079385855885,-0.906125879877832,0.8685523271889565,0.07722372181622726,-0.946825813699637,0.001232108106464756,0.04681304773981437,0.3795912920992715,1.5099417188580171e-06,1.5334115161938412e-07,9.022662056488903e-05,3.1919384022378286e-05,-0.04372706479441911,0.0436732445232834,0.8697859452371401,0.07845598326384363,-0.9455034789726073
6.0069999999999375,0.8449314478154266,0.1044397595822078,-0.9331813898542864,0.8495894907302514,0.11011829271908387,-0.9607191757416472,0.0006583055335394631,0.036897292792581034,0.37578634768106006,1.3739408813504205e-06,3.0163572483879893e-07,7.33782643911326e-05,-0.005655897001960474,-0.017157084431087908,0.030046420131703756,0.8502491702046723,0.11077689988834817,-0.9599874919437166
6.007099999999937,0.8325711503542982,0.1568989190660195,-0.9789842540768718,0.8297882120163814,0.1429041901617697,-0.9736644239462361,9.219581539807436e-05,0.029740836269516176,0.3712127145552357,1.274452583322011e-06,2.2251360348757148e-08,7.699878761953751e-05,0.0028338484415966697,-0.009356224923693441,-0.004787242692363503,0.8298816822843629,0.1429964082285281,-0.9734952293432184
6.007199999999937,0.8077592792068738,0.1829216606042602,-0.9994431388020788,0.8091680325189522,0.1755490584215628,-0.9856487829162419,-0.00043062684207927966,0.02626819143310303,0.34463977949974867,1.196027453217077e-06,-1.4589710307028373e-07,8.41079142001807e-05,-0.00043462624701121196,-0.011929773727701673,-0.015532845596661215,0.8087386017043261,0.17511828568238044,-0.985995301844121
6.007299999999937,0.8030070179168283,0.2031151554345948,-1.017738618541456,0.7877493018653243,0.2080206809552261,-0.9966604255364233,-0.0008786404026871305,0.024822564284172746,0.3003292095889308,1.1240353927521481e-06,-5.971848170834541e-08,8.441948684967691e-05,0.016795362322838264,-0.006960358546536835,-0.02406531678374233,0.7868717854980299,0.20714198083405727,-0.9974546464522608
6.007399999999937,0.7758605908472359,0.2199337314252264,-1.0024709380314338,0.7655531577568847,0.24028701219142856,-1.006688484644876,-0.001228656468144694,0.018376567011648262,0.2781081076531166,1.050971026153925e-06,5.435847262056265e-08,7.70962485414425e-05,0.011972275885223023,-0.0035980149315751123,0.0017762270820465254,0.7643255522597662,0.2390584100817565,-1.0078400448644793
6.007499999999936,0.7427204655568994,0.2627322099620554,-1.0588749803397357,0.7426015051080952,0.2723162091568017,-1.0157230637579626,-0.0014689120674226629,0.012487574351991753,0.2543181681065386,9.762959193957584e-07,4.842247488195471e-08,6.656773201102557e-05,0.0015830567708034423,0.015019362115011816,-0.04339531090134318,0.741133569336592,0.2708473455118539,-1.0171254080933743
6.007599999999936,0.7092926918612906,0.2976003678436157,-1.0213436873975972,0.7189169944291334,0.3040766629008728,-1.0237552468368558,-0.0016003273862725635,0.014976272489494513,0.23682554349556895,9.030692773022593e-07,-1.153878836770988e-08,5.729387567880356e-05,-0.00845886381471433,0.010078911954365399,0.0050434358181788,0.717317570112138,0.30247632397581187,-1.0252982803474495
6.007699999999936,0.681714643754276,0.3421873287739325,-1.0709919005172208,0.6945229994725737,0.3355370296902823,-1.0307771070865945,-0.0016355946678118375,0.022718541650224966,0.22020756471000177,8.345432544663414e-07,-2.843240484851858e-08,5.1087562230508346e-05,-0.011807657739717075,0.00510734112475384,-0.03535279581736562,0.6928882393480164,0.3339014065900656,-1.0323616141921759
6.007799999999936,0.6748558740720716,0.379995482166183,-1.039631135125197,0.6694435941663156,0.3666662619412655,-1.0367817147788714,-0.001596206845445563,0.023090092475966596,0.20613333431001254,7.723541306442059e-07,-3.5649654056284323e-09,4.7320160671970595e-05,0.006501234599191336,-0.0038891320337823138,0.0025736352241141677,0.6678481596750007,0.3650700515308546,-1.038330601463645
6.007899999999935,0.6416721522952348,0.4097723663308743,-1.0171913509141852,0.6437035288555228,0.3974336388598686,-1.0417631440908395,-0.0015079969997512505,0.024687388276566087,0.21555115953276205,7.163816373481605e-07,1.3276404525494726e-08,4.4470910565588404e-05,-0.0006467310603352739,-0.007582869587085433,0.028654432826008117,0.642196248237409,0.3959256551365219,-1.0432266701800252
6.007999999999935,0.6172114360862332,0.4045492519975971,-1.034750217833888,0.6173282058770213,0.4278087967596635,-1.045716478953183,-0.0013961145904706736,0.030545274049945212,0.23787713409221437,6.655220296642987e-07,6.2259642132028076e-09,4.144361273656169e-05,0.001595429684441952,-0.03136923278224185,0.012470198173654393,0.6159327568085804,0.426412688395157,-1.047071149930917
6.008099999999935,0.5727878907584433,0.4426952235674076,-1.0142776872753845,0.5903436544902594,0.45776175902704036,-1.0486378179016849,-0.0012804945032641108,0.0362991428203723,0.25286938359486455,6.185581141634607e-07,-4.676719454276867e-09,3.798679209121763e-05,-0.015689400445166087,-0.005170257742519701,0.03327714900189095,0.5890637785451095,0.4564812598470568,-1.0498803256128577
6.008199999999935,0.567121768088571,0.447392232581796,-1.008210660314709,0.5627765051895715,0.48726296570450645,-1.0505242779275004,-0.0011727361505049583,0.03902590088198758,0.2571815585176634,5.746651386951561e-07,-4.713704928800609e-09,3.440971250097091e-05,0.006069663717526529,-0.01813394649927168,0.03983614035004449,0.5616043437042052,0.48609022484029657,-1.0516626043655044
6.008299999999935,0.5358805157503723,0.4722094084405887,-1.0171604783098598,0.5346539634226836,0.5162833026632115,-1.0513739973223437,-0.0010749588151573366,0.039633224404015295,0.27194813249162847,5.334909412305457e-07,8.151590535885316e-10,3.1108147128855236e-05,0.002538269034599158,-0.024619569885882046,0.032132384737342166,0.5335795380984675,0.5152083446632133,-1.052417847990372
6.008399999999934,0.4954854141392604,0.5434715070896035,-1.0577376730729953,0.5060037827442767,0.5447941303329964,-1.0511861375157463,-0.0009807501319443496,0.03858991965751587,0.2886610634436063,4.94981027002176e-07,2.6689739376313322e-09,2.827355471044108e-05,-0.009730468173305485,0.0034684634697609313,-0.006723840221311251,0.5050235275933594,0.543813382870026,-1.0521386140929803
6.008499999999934,0.4722920884256317,0.5920438951878838,-1.1059804343666029,0.47685423742246946,0.5727673119703538,-1.0499608839026702,-0.000877886711190471,0.03810247159197154,0.2927746271623591,4.5915635195666706e-07,4.736002446855421e-10,2.586722154034187e-05,-0.004200108302465981,0.007099520459314088,-0.05377542480151517,0.4759768098676309,0.5718894257327636,-1.0508129033923204
6.008599999999934,0.4494291558755216,0.6494897752488868,-1.08592334757182,0.44723409453963814,0.6001752414218345,-1.0476994456605007,-0.0007521670267065565,0.03879389440346456,0.2993292946705541,4.259718992447234e-07,-1.1979794416173416e-09,2.3744262543816364e-05,0.0023776834356119495,0.02929697385338875,-0.034291910018905816,0.44648235348483084,0.5994230731971485,-1.0484278684246633
6.0086999999999335,0.418540983997121,0.6359752818814213,-1.0764881418383272,0.41717258560072473,0.6269908703700696,-1.0444040545557558,-0.0005915216763295613,0.03570161680802293,0.3063988995806476,3.952828740186411e-07,-6.373362790578485e-10,2.1780426430820954e-05,0.0016281870783586168,-0.004717899771018361,-0.028063828682774874,0.4165814592072692,0.6263993480564037,-1.0449737958056544
6.008799999999933,0.3861204255488631,0.6421929559594374,-1.0482004702963783,0.3866993776856819,0.6531877350267772,-1.0400779627415984,-0.00038957548978284495,0.03122266607773129,0.31403574305630133,3.668811454625324e-07,3.9824055800556055e-10,1.9925306818524116e-05,-0.00011867648429237232,-0.008883481526657168,-0.005709647345032523,0.3863101690770445,0.6527981599352349,-1.0404476129245628
6.008899999999933,0.3574921575946869,0.6490934596441791,-1.0305086725241002,0.35584454417164657,0.6787399822493274,-1.0347254395483538,-0.00014799854168612154,0.029164786327757354,0.31737571714309243,3.4054965719555983e-07,4.5689241185531384e-10,1.818662060295227e-05,0.0022249547835973896,-0.013233016075845525,0.004036189278304012,0.35569688617961764,0.6785919841645337,-1.034855251469437
6.008999999999933,0.325688093066292,0.6855089498219454,-1.0185498482666842,0.32463853505414786,0.7036223950546713,-1.0283517672701958,0.00012275144396718037,0.027855916990224716,0.31350097853558684,3.160997433027819e-07,-5.0176718230378855e-11,1.658866292481583e-05,0.0014889280889884956,0.001296528356733346,0.007201996668541467,0.32476160259785836,0.7037451464484618,-1.0282124271633037
6.009099999999933,0.297832179961886,0.7045030630525483,-0.9782834070856048,0.29311214689663745,0.7278104175054608,-1.0209632359521603,0.0004043698386408696,0.026779527058479018,0.3039424694270921,2.9338166610103055e-07,-2.48459589201908e-10,1.5142117181564756e-05,0.004721319314152203,-0.014180662899075963,0.03888275376313482,0.29351681011694447,0.7282147870956421,-1.020543723996338
6.009199999999932,0.2768254663314775,0.7191130740933545,-0.9779454222204016,0.26129649243799974,0.751280178943792,-1.0125671371826295,0.0006730791875476107,0.020341516375971428,0.28752316855728716,2.7227618250587054e-07,-5.663689914505619e-11,1.3837414186904402e-05,0.014901198977915378,-0.039562588386589964,0.03129023333833292,0.26196984390172984,0.7519532580747027,-1.011880220580895
6.009299999999932,0.2125151622022691,0.7638172401088903,-0.9991742224155692,0.22922296988803462,0.7740085175486641,-1.0031717568974157,0.0009029386756434919,0.019437176880257825,0.27837967396030416,2.5268013139979135e-07,1.077653682281198e-10,1.2653928752567075e-05,-0.01794197646447567,-0.029212776712929656,0.002435358122786,0.23012616124380952,0.7749114563320729,-1.0022561642930197
6.009399999999932,0.1987299108656805,0.795006727656477,-1.000790453718716,0.19692323194121558,0.7959730031939,-0.9927863672025427,0.0010694815670659018,0.020655067191975907,0.274483118257046,2.3449550593819433e-07,6.478531132589482e-11,1.1571740164990374e-05,0.00020560117575788754,-0.019081529220061795,-0.007454888931405483,0.19799294800378742,0.7970424848257511,-0.9917053138953118
6.009499999999932,0.1692323137825273,0.8419509725333731,-1.0036239070466937,0.16442915453930135,0.8171519595839721,-0.9814212172237955,0.0011531024607058457,0.019855556881257133,0.255963965011388,2.1762519072783465e-07,-3.30973220765861e-11,1.0577698956173774e-05,0.0031930687036967145,0.01917698926990412,-0.020281716704800695,0.16558247462519793,0.8183050620115807,-0.9802575370641334
6.009599999999931,0.1370499001539573,0.8340368692287708,-0.9643762160654692,0.1317728054136299,0.8375244856458903,-0.9690875229920725,0.0011417299019012292,0.01691591577948136,0.24032849232152897,2.0197383985034946e-07,-4.378426002362658e-11,9.664971112730845e-06,0.003984624310894621,0.006258386716876,0.006592133630604709,0.13291473728937098,0.8386662155040072,-0.9679361281190585
6.009699999999931,0.0982900405715607,0.839476964090356,-0.9579467170482696,0.09898641243813942,0.857070476156036,-0.955797456374515,0.0010324673465043207,0.013798098714154886,0.24022255952930915,1.8745070208357122e-07,2.393639842624614e-12,8.829496387102102e-06,-0.0015023355498223524,-3.7856464154308045e-05,-0.001663867098933278,0.10001906723534583,0.858102943504934,-0.9547561595316235
6.009799999999931,0.0535793884354916,0.8899526512120958,-0.9416874837109124,0.06610233182434731,0.8757706415815922,-0.9415641330623454,0.0008320496947461522,0.010517819587866729,0.24033473023311977,1.7397186439345766e-07,2.3134883955346303e-11,8.06693449902669e-06,-0.012874014619706858,0.02692306368551127,-0.0016435752998035387,0.06693455549095785,0.8766026912994733,-0.9407240164331002
6.009899999999931,0.0364778338907685,0.8928494260465689,-0.9549664770490294,0.0331530161896761,0.893606527116982,-0.9264015996272627,0.0005561326234546643,0.009262431454677061,0.234474413681308,1.6146092083106835e-07,6.5307859068565845e-12,7.3716306418828425e-06,0.0032539405908988297,-0.0018355920015366866,-0.031641751588863794,0.03370931027405159,0.8941626597469674,-0.9258380953731661
6.0099999999999305,0.013818801736851,0.915440203501394,-0.9112139841449488,0.00017098253063797285,0.9105605308965347,-0.9103248196591726,0.0002275792342154642,0.01002679468167739,0.2232358654467015,1.498483244568767e-07,-9.53889623225277e-12,6.737188359349604e-06,0.013662200502656513,-0.009341740812696252,-0.004222101478571023,0.00039871161317789393,0.9107881101212112,-0.9100905032365978
6.01009999999993,-0.046124761213362,0.9253164771621754,-0.898256727878984,-0.032811219867514924,0.9266159213654016,-0.89334965899893,-0.0001259930892469153,0.008058543876081459,0.20935044268154251,1.3907019222277376e-07,-6.4452365140240356e-12,6.1574932076721845e-06,-0.013307612863913708,-0.018918677121286986,-0.00696581482841065,-0.032937073886569614,0.9264899282697094,-0.8934694945949693
6.01019999999993,-0.0607225385388746,0.9376146911560512,-0.8656692460930291,-0.0657610415530053,0.9417568537915807,-0.875492870080671,-0.00047509361276229365,0.008317210249438118,0.19805922175612717,1.2906722693089927e-07,2.7415127743686177e-12,5.627335317965577e-06,0.005099697853043824,-0.01309403460615145,0.010067997739566242,-0.06623600609854066,0.9412817601815598,-0.8759623363581154
6.01029999999993,-0.1038935589605082,0.9649524951328352,-0.8556934941775296,-0.09864596502990992,0.9559683859027547,-0.8567720753991813,-0.0007913376757885921,0.009758110441888703,0.19588858126209643,1.1978405065427165e-07,4.212174037139926e-12,5.142437034818846e-06,-0.004947247185991676,0.014880508058647442,0.0036666756960544436,-0.09943718292164787,0.9551770482311783,-0.857558270637935
6.01039999999993,-0.1351725429568267,0.9598965966258424,-0.8411323373304539,-0.13143353684900214,0.9692364926325088,-0.8372057501186226,-0.0010501959741117644,0.008950563507935695,0.1864373474842569,1.1116891555590488e-07,2.530609012634396e-14,4.69914064978005e-06,-0.003004997003320846,0.007616641062261842,4.445955398036305e-05,-0.13248362165419836,0.9681862966584224,-0.8382512469520845
6.010499999999929,-0.1762434024513448,0.9931778070814178,-0.8155775301123358,-0.16409139963538816,0.9815480799613786,-0.8168132038397755,-0.001233202682784498,0.008633692419148796,0.17539219029503023,1.0317360642822424e-07,-2.1166139482456013e-12,4.29408853410077e-06,-0.01090227996348986,0.02860872076991129,0.005086988357781123,-0.1653244991445662,0.9803148772764775,-0.8180421124340259
6.010599999999929,-0.2033003623152743,0.9859174045034672,-0.8155766798725544,-0.19658732402132956,0.9928909978390666,-0.7956145615437954,-0.0013293562791934497,0.007194731664637561,0.17425247582753756,9.575335951318692e-08,-7.029174400926874e-13,3.9240707416621535e-06,-0.0050492727830283995,-0.0007016662886684582,-0.017571158645944253,-0.1979165845471635,0.9915616415591704,-0.7969399937522471
6.010699999999929,-0.2226480729273566,0.9877381871338582,-0.777245036450101,-0.228889240452738,1.0032540521750746,-0.7736307437312852,-0.0013355351127101334,0.006999959945883119,0.16977615335905646,8.886670986937069e-08,8.525259626695202e-13,3.5860316355632453e-06,0.008052337981165747,-0.023175095059939074,-0.0032544997574678633,-0.23022468669873827,1.0019185170632168,-0.7749626928123597
6.010799999999929,-0.2603922885674662,1.0079509027761266,-0.7381453492114322,-0.26096527083795346,1.0126270158859199,-0.750883445776287,-0.001255889934621538,0.006604046333788567,0.16389803425623872,8.247526508580381e-08,6.482438683163194e-13,3.2771386683805173e-06,0.0022004368743174375,-0.020003168169343347,0.011489476967354525,-0.26222107829730995,1.0113711259519464,-0.7521360585722401
6.010899999999928,-0.2827531869782622,1.0074100137939377,-0.7293625790326586,-0.292783760007572,1.0210006389880313,-0.727395116515568,-0.001100351827742288,0.006228633144519501,0.15995841434096075,7.654344705011332e-08,-2.1188974990099692e-13,2.994828621126091e-06,0.011210913093176173,-0.025303849085996886,-0.00366608348291748,-0.29388403529186724,1.019900287160077,-0.7284924735146892
6.010999999999928,-0.3182846169372562,1.0178048660051833,-0.7052798993188396,-0.324313306954276,1.028366657726367,-0.7031889360943279,-0.0008825610365147918,0.006330775440800293,0.15388923956905595,7.103824544679629e-08,-3.949376697872904e-13,2.736802731984243e-06,0.006664469398227743,-0.01013257948390573,-0.002949581356709041,-0.32519579695254536,1.0274840966894572,-0.7040687603281106
6.011099999999928,-0.3548073702655751,1.0339364073018409,-0.6759907925528469,-0.3555227958218377,1.0347178027297426,-0.678288793090195,-0.0006176267088248614,0.006818671900133286,0.15010798324594554,6.592900641945869e-08,-1.953500700549524e-14,2.5009874567084915e-06,0.0008916425106554201,0.011812139788173557,0.003049607798230382,-0.35614035660165616,1.034100176020898,-0.6789039188115631
6.011199999999928,-0.374506318784417,1.0412535916198822,-0.6469673420612714,-0.3863814266127121,1.0400478061848226,-0.6527192609380834,-0.0003201409075366776,0.006971401717732534,0.14549542966632184,6.118725793842796e-08,1.9732854017766136e-13,2.285490649980492e-06,0.0117880779669998,0.01759535526999832,0.007980713555115433,-0.38670150633299083,1.0397276652774834,-0.6530371163549701
6.011299999999928,-0.4146093042994875,1.036948097850853,-0.6431318167008956,-0.4168587455841355,1.0443514080217233,-0.6265055736789881,-2.7972483958875745e-06,0.006902389915562712,0.14700939102774915,5.678656110257894e-08,7.786295940741383e-14,2.088571902762115e-06,0.002086314010132836,0.0018192199105952177,-0.013892478460969464,-0.4168614860459703,1.0443486107734055,-0.6265062823554812
6.011399999999927,-0.4406955127860479,1.053965581291583,-0.612959020021339,-0.44692467530119734,1.04762436110493,-0.5996736010579928,0.0003241738503088135,0.008192382208372179,0.1464894795397776,5.270237503387718e-08,-7.25440517341707e-14,1.908629004597566e-06,0.006060300046505894,0.0022852113455195232,-0.011385992772093055,-0.4466004487485135,1.0479485349551663,-0.5993475185786794
6.011499999999927,-0.4784368544738846,1.0584468114147336,-0.569562918597645,-0.47654954432182794,1.04986343542498,-0.5722498229920351,0.0006527154504417432,0.009243362662909002,0.14681491038496094,4.891192768668469e-08,-6.21574864080501e-14,1.7441927441270699e-06,-0.002148862144310434,-0.005980801579550716,0.0026903851609929863,-0.4758967799594585,1.0505161508753595,-0.5715953633488492
6.011599999999927,-0.5038364930486876,1.062732629910722,-0.5481748741473726,-0.5057041164767387,1.051066421285819,-0.5442613034393452,0.0009759328179165578,0.010062383806757402,0.1404694027096296,4.539409054555802e-08,1.7426619609446247e-14,1.5939218396932736e-06,0.0013146736151057352,-0.003799668211692378,-0.006086295459233086,-0.5047281382647316,1.052042354103753,-0.5432837766995889
6.011699999999927,-0.537824543592631,1.056426068601915,-0.5027044057082551,-0.5343596197232926,1.0512321314856374,-0.5157356636894181,0.0012866296384590674,0.010230314202055734,0.14196178303080847,4.212925867930586e-08,3.8319124281148494e-14,1.4565943695169065e-06,-0.004513091963377314,-0.0013533293552952822,0.00930623245406419,-0.5330729479555749,1.052518761124135,-0.5144475774565895
6.011799999999926,-0.5517855887214936,1.0629022758107398,-0.4860663575071111,-0.5624877745387898,1.0503604024884827,-0.48670105510536954,0.0015757545313700438,0.009473044482240787,0.13890447633171157,3.9099238389528543e-08,4.604595024814939e-15,1.3310964898788498e-06,0.009062296538993115,0.018314189724786996,-0.0034240775777837147,-0.5609119809081814,1.0519361570198573,-0.48512396947750963
6.011899999999926,-0.5961710076018722,1.0355767817713564,-0.4690259321407826,-0.5900608218309973,1.048452094585622,-0.4571861313398563,0.00183117274643796,0.008841569265173476,0.13812851497891862,3.628714372938815e-08,-1.736484558213909e-14,1.2164109612284958e-06,-0.00826956573115223,3.999690913427702e-05,-0.015003168360253557,-0.5882296127974156,1.0502832673320426,-0.4553537421824571
6.011999999999926,-0.607111486083057,1.0455089638151922,-0.4334133605215685,-0.6170515503309663,1.0455090910465652,-0.42722002005946313,0.002037174001144717,0.008241244011091522,0.1388365968702617,3.367730180736143e-08,-7.644689539663585e-15,1.1116073488073768e-06,0.007483076376774752,0.009995324976656469,-0.007793069139966203,-0.6150143426525198,1.0475462650477023,-0.42518173445096963
6.012099999999926,-0.6410953669179975,1.0373314383061063,-0.4147479864806557,-0.6434333234482981,1.0415342962604925,-0.39683229419817134,0.002175037575567109,0.007552148106832688,0.13922415583984474,3.125516588718791e-08,6.652538636891724e-15,1.015834288523779e-06,-0.00013262818375819164,-0.0051422617786799334,-0.01812810189666346,-0.641258254617565,1.0437093338360663,-0.39465624078831574
6.012199999999925,-0.6559567536641493,1.040218104622492,-0.3639051952037451,-0.6691801055580355,1.0365316328699745,-0.366052942772651,0.0022247797437680537,0.00805628262160238,0.13964058196588217,2.9007235075296268e-08,6.381794906249717e-15,9.283131906464526e-07,0.010975639035673957,-0.008727635937095548,0.0024372450159518546,-0.6669552968070325,1.038756412613749,-0.3638272347156923
6.012299999999925,-0.6846069835854938,1.0284766626801511,-0.33265082472829,-0.6942664876946834,1.030506037899799,-0.3349123412867231,0.002167929411736966,0.007620148154417674,0.1373648438459398,2.692097963210283e-08,-1.0360431403989948e-15,8.483325730747411e-07,0.007747714159631379,-0.018703063125693482,0.0019392837431445626,-0.6920985313619668,1.0326739673115348,-0.332743563542413
6.012399999999925,-0.7008319802436013,1.024305896989235,-0.3035017767911321,-0.7186677126277885,1.0234634578847226,-0.30344122175440363,0.001990890565568807,0.00792022233654087,0.13332856369447954,2.498477132610429e-08,-3.4089953565478737e-15,7.752425706090093e-07,0.016244055817442524,-0.010080341283466767,-0.0017494575610246363,-0.7166767970774484,1.025454348450288,-0.30144955594626427
6.012499999999925,-0.7337874955740511,1.0321079437767962,-0.2603005379440179,-0.7423596992943376,1.0154108430009592,-0.2716706423711165,0.0016882486181765452,0.008206924485514293,0.13296531248877344,2.3187818534327525e-08,-4.639977744697906e-16,7.084495865721145e-07,0.007219887726890824,0.017582604334727133,0.008324506968449955,-0.7406714274883426,1.0170990916191354,-0.26998168530335337
6.0125999999999244,-0.7758500736402368,1.0059710212249853,-0.2280369477676589,-0.7653190665638591,1.006356140207195,-0.23963195686300454,0.0012653282887297858,0.007817809751300957,0.12891793703399013,2.1520105906049495e-08,1.6901986659871202e-15,6.474112605436882e-07,-0.01169380052292926,0.010467768731283484,0.007997903321622805,-0.7640537167550233,1.0076214684959266,-0.23836598116301422
6.012699999999924,-0.7867972967970983,0.9998221207371594,-0.2075483631276454,-0.787523156312776,0.9963082854018999,-0.20735678354458648,0.0007394282510246198,0.007765203071015393,0.12393162100138017,1.997233839157081e-08,8.8495609721915e-16,5.916319050287532e-07,-0.00019224214452444826,0.016060561802151648,-0.003096662684117383,-0.7867837080894131,0.9970477136529253,-0.20661676366165682
6.012799999999924,-0.8179136295045013,0.9827892672707436,-0.1916834004813362,-0.8089500557852385,0.9852771946046744,-0.1748769741152988,0.0001394053723088562,0.008389996928770547,0.12063824834403729,1.853588937604982e-08,-4.95925376584431e-16,5.406584412839531e-07,-0.009466330889687005,0.002821530186593405,-0.01790664871059517,-0.8088106318770403,0.9854165999769828,-0.17473702808454863
6.012899999999924,-0.8341854349706616,0.9723933871110356,-0.1379395316894112,-0.8295786192183684,0.9732737541703357,-0.14222458222571283,-0.0004964170866474165,0.00829674368604882,0.1202237679957824,1.7202752612866985e-08,-5.597087033446717e-16,4.940767645627269e-07,-0.004469564026743401,-0.006305784494947431,0.005464593419146853,-0.8300750191022631,0.9727773370836877,-0.14272050523559568
6.012999999999924,-0.8386140845895759,0.9580347960016083,-0.1065480726047162,-0.8493884887107142,0.9603098100453022,-0.10943183184421505,-0.0011237709176537991,0.007540720234614565,0.11617067919295834,1.5965497645181747e-08,1.0948264107501652e-16,4.5150844135742695e-07,0.01172629707840342,-0.014221545714507402,0.005974358211957841,-0.8505122436628704,0.9591860391276485,-0.11055515125342749
6.013099999999923,-0.8653704981493737,0.9468851368486604,-0.0764611401102153,-0.8683601143123406,0.9463981560775613,-0.07653108545702784,-0.001696954214064095,0.007319704749847164,0.11665172461188648,1.4817228430754307e-08,3.549698551248021e-16,4.126076681923737e-07,0.0047860425681233556,-0.009060638016082381,0.004046515390429519,-0.8700570537091763,0.9447012018634975,-0.07822762706342375
6.013199999999923,-0.8948739536154331,0.9370980300656676,-0.0388557868695704,-0.886474773319672,0.9315525213897125,-0.04355481212796715,-0.0021737752407228203,0.007128205154654111,0.11934461103103906,1.3751544923492335e-08,8.912686554216096e-17,3.7705846175169054e-07,-0.005910528990249359,0.005867836403195407,0.008362460284023527,-0.8886485348088499,0.9293787461489897,-0.045728210310228216
6.013299999999923,-0.915197189569364,0.9246453313728972,-0.0236223204159496,-0.9037145887510155,0.9157875568310724,-0.010535555458011521,-0.002520305340276057,0.007199787987054653,0.12096459610905555,1.2762507400292051e-08,-1.2959416158271862e-16,3.4457207465254775e-07,-0.008596747122865747,0.019991052548937564,-0.010568260801215973,-0.9062348813287842,0.9132672514907962,-0.013055516226212925
6.013399999999923,-0.9235788632339956,0.8968903278938237,0.0343404779981476,-0.9200625469901783,0.8991188205181049,0.02249409853344696,-0.002714797284594675,0.0076101018873641815,0.11773184411610252,1.1844603344367125e-08,-7.156041996174743e-17,3.1488463436587233e-07,-0.0005727087413482513,0.013539397786892888,0.013097436888286778,-0.9227773324301697,0.8964040232335101,0.019779616133486652
6.013499999999922,-0.9492400849434356,0.8813697180827496,0.0433265786420816,-0.9355025145759632,0.8815627624812207,0.055501553565398445,-0.002750176235060895,0.007272451435213807,0.11547813194745278,1.0992716710269934e-08,5.5350115987668496e-17,2.877549943874363e-07,-0.0110093925866928,0.011139819129793784,-0.011618176407090442,-0.9382526798183074,0.8788125862461598,0.05275166508533194
6.013599999999922,-0.959429634211272,0.8490076466179038,0.0898634119771615,-0.9500192541244531,0.8631367084301335,0.08845423526476492,-0.0026346564406444575,0.007532360148407932,0.11057435857524123,1.0202099403830288e-08,6.519671036514517e-17,2.629627783858174e-07,-0.007032492291899442,-0.013099001892790412,0.0021900808475637037,-0.9526539003629981,0.8605020519894891,0.08581984178689886
6.013699999999922,-0.9649874559284032,0.8384141602839027,0.1033440516936895,-0.9635984393663408,0.8438588426555872,0.12131962331313466,-0.0023902790306897332,0.006965861087648292,0.10981682040393888,9.468344817962392e-09,1.7544073862367386e-18,2.403065955683615e-07,0.0006451913769809287,-0.013565683084601363,-0.016214095599024286,-0.9659887089286858,0.8414685636248974,0.11892958458904049
6.013799999999922,-0.9705280406047768,0.8268952192068394,0.1424398357462817,-0.9762266692852276,0.8237481900836562,0.1540652835403905,-0.002049482444295284,0.007230190909237016,0.10629467192773423,8.787363274395628e-09,-2.605177287346917e-17,2.1960240830484878e-07,0.00747624876484741,-0.006943632298025873,-0.008700834096687067,-0.9782761429421596,0.8216987076393609,0.15201602069850353
6.013899999999921,-0.9860551598943188,0.8059131349115556,0.1950694822048606,-0.9878914813428082,0.8028245975004406,0.18665889993331974,-0.0016501624574788525,0.006461871936667319,0.10316355359563249,8.155359231974509e-09,-4.406780462902651e-18,2.0068203763886306e-07,0.003435867509659428,-0.0007910415193507032,0.011989884995587868,-0.9895416356449278,0.8011744350429617,0.18500893815787853
6.013999999999921,-1.0192907991803726,0.7796438036213857,0.2138689357394727,-0.9985813637778918,0.7811087139656837,0.2190683065276177,-0.0012299819789161205,0.006501463714082176,0.10139596440231743,7.568810133177495e-09,1.5831382483863016e-17,1.8339179579757716e-07,-0.019287259340811026,0.004457392862026034,-0.0019346090949482189,-0.9998113381879977,0.7798787319867676,0.21783850794049736
6.014099999999921,-1.0074620276844355,0.763350799634789,0.2555909197100676,-1.00828576696712,0.7586219704346441,0.251261519151811,-0.0008208709326788535,0.006180859811671211,0.10036520433371961,7.024446770848486e-09,1.0694149795338265e-17,1.675912363033964e-07,0.0019769268492523338,0.017095199501191788,0.006309718650563993,-1.009106630875352,0.7578010995019652,0.2504408158103684
6.014199999999921,-1.0171855758517163,0.7378231159707341,0.2835119294715631,-1.016995113836172,0.7353865586083291,0.28320676699177344,-0.0004446637332839139,0.005561182274968093,0.09791040799904402,6.51923506627456e-09,-1.9727959978261798e-18,1.5315201246920216e-07,0.0005544606810641238,0.013342296339621562,0.0004929431360018574,-1.0174397710502208,0.7349418948750452,0.282762256410502
6.0142999999999205,-1.021275834711363,0.72044786128788,0.313278809631473,-1.02470080931118,0.7114254090329661,0.3148725239446836,-0.00011065664008958831,0.005660987538357821,0.096876807039676,6.050359157681591e-09,-4.099049981174115e-18,1.399568349922032e-07,0.0036513104859540887,0.011457845367866008,-0.0030054710686101623,-1.0248114599009106,0.7113147523928766,0.31476200726142906
6.01439999999992,-1.0174771762589965,0.6894012670132578,0.3572155411981194,-1.0313952488010305,0.6867621684703213,0.3462275397314822,0.00018444003346151848,0.006223550024451812,0.0964812985452838,5.615205705259656e-09,1.2138633042327948e-18,1.2789851969236796e-07,0.013609279712991041,-0.004772376802964354,0.00877237302679107,-1.0312108031523635,0.6869466085037829,0.3464121076634634
6.01449999999992,-1.0517627018368698,0.6597567860966906,0.3762090383990613,-1.0370718257021763,0.6614211765612006,0.37724087073712476,0.0004540900198841322,0.007200524915860339,0.0958742637904619,5.211349325300337e-09,3.727229356285998e-18,1.1687911722027174e-07,-0.015441316837343308,-0.013827557242703823,-0.0030388960455469995,-1.0366177304709427,0.6618752665810848,0.3776950776361261
6.01459999999992,-1.043899567819962,0.6400654966405783,0.3951951568482724,-1.0417249379185574,0.6354274418051634,0.4078819105481938,0.0007174506373443075,0.008412340928043705,0.09417487002958687,4.83653907213556e-09,1.5995761960623016e-18,1.0680911750871404e-07,-0.0032059798023801557,-0.004267873918324797,-0.013741008211023292,-1.0410074824446738,0.6361448924425077,0.4085994679946556
6.01469999999992,-1.0374521921993218,0.587961096023783,0.4338295311627652,-1.045349993390216,0.608806616879957,0.43812042015795055,0.0009936288429466561,0.008553254559950842,0.09365442227890203,4.4886858923696605e-09,-5.90779301995784e-19,9.760672258608215e-08,0.00673315646627522,-0.021038427822465792,-0.004266480440347212,-1.0443563600585835,0.6098002457229036,0.4391141466076198
6.014799999999919,-1.0569615118340825,0.587743520828416,0.4748957801595351,-1.047943414624992,0.5815849733263959,0.4679265578074983,0.001295748940136979,0.009046238157331887,0.0934289339285547,4.1658509813978755e-09,-3.993777542730509e-19,8.91971819981969e-08,-0.010257502432124496,0.013938639807569132,0.0075305385490395185,-1.046647661519004,0.5828807222665329,0.46922239594481724
6.014899999999919,-1.0337706289511517,0.5280199497401712,0.5032460429875113,-1.049502642229302,0.5537893756195742,0.4972709084381674,0.001625962739324638,0.008959706355741415,0.09681173834975784,3.866234977228164e-09,6.489958110965244e-19,8.151218553829951e-08,0.014356649146081448,-0.016339610452623915,0.006135701290560125,-1.0478766756237423,0.5554153383588989,0.4988969526896776
6.014999999999919,-1.0430531470983948,0.5152122927640315,0.5164635339749665,-1.0500261374337256,0.5254472546588199,0.5261245127184545,0.0019723702418488294,0.008499490472306817,0.09777298213741566,3.588167931508238e-09,7.983217320557149e-19,7.448930836869825e-08,0.005313931114797151,-0.006684487476203267,-0.010775507892484206,-1.0480537636037088,0.5274196249006687,0.5280969574496117
6.015099999999919,-1.0388055494502022,0.5036961189916972,0.5514125121413779,-1.0495133836116988,0.49658658069573547,0.554458895624473,0.002308489968082111,0.008223988603367828,0.10114844723847415,3.3301000017959294e-09,2.3493471443911965e-19,6.807150398591117e-08,0.008614367939507988,0.0011632606102195114,-0.005820589159079969,-1.0472048903135167,0.49889507066381755,0.5567674536640591
6.015199999999918,-1.048876305933378,0.4743064810766855,0.5800266640996807,-1.0479648867893383,0.467235835731131,0.5822460945411463,0.0025954935010399586,0.008336264054643244,0.1024740029123292,3.090592813285451e-09,-9.120846826868478e-20,6.220664087040143e-08,-0.003497954101234905,-0.005687749057140612,-0.006354708621607851,-1.0453693901977055,0.4698313292321709,0.5848416502488271
6.015299999999918,-1.0356693332661009,0.4309560217068836,0.6084820942348778,-1.0453821751460552,0.437423985406728,0.6094586868579329,0.002786968266202164,0.007483954778889402,0.10146975212131044,2.868311441830518e-09,3.701342372858102e-20,5.68470790375189e-08,0.006728157093040794,-0.01894642402351518,-0.0056159804082571195,-1.0425952040115418,0.44021095367293017,0.6122457119712141
6.015399999999918,-1.0306229679761296,0.4037442454242767,0.6263714578347122,-1.041767797506427,0.4071804504195682,0.6360698170316323,0.002835564720118401,0.0073627637979917695,0.09946962873487976,2.662016973578097e-09,2.0600779377700266e-19,5.1949283053900014e-08,0.008009683427991257,-0.008948476736629915,-0.013801763599559407,-1.0389322301242916,0.4100160151396866,0.6389054337010338
6.015499999999918,-1.0333937714684374,0.3890666369565194,0.6575754037159263,-1.037125320824815,0.3765350774873376,0.662053223089564,0.002700577980316926,0.006158671158294844,0.10005803771078543,2.470559599733018e-09,1.6587764453360983e-19,4.747346838907388e-08,0.0007842746793487699,0.015844009007913107,-0.007262925063432686,-1.0344247403739386,0.37923565546765453,0.6647538485433494
6.0155999999999175,-1.0285316465792662,0.3424324975980967,0.6812575098363395,-1.0314593266652108,0.3455181098932595,0.6873832625469634,0.0023553456446900258,0.005539153072513911,0.09679275449277921,2.2928722079586604e-09,4.213873510079692e-20,4.33832782397756e-08,0.000503326513717188,0.00502942890478523,-0.007364382608842518,-1.0291039787276486,0.3478734555379495,0.6897386515749315
6.015699999999917,-1.022424211090345,0.3320618374312918,0.7170176772618807,-1.024775406679786,0.3141601576396251,0.712034937713019,0.0017933296402372677,0.005693256743499436,0.0953954930350933,2.1279644346919995e-09,2.108072420005536e-21,3.964548820444066e-08,0.0006983282219231216,0.023871410711393783,0.004947032054598809,-1.0229820749115843,0.3159534872798624,0.7138283069987444
6.015799999999917,-1.0246686065674089,0.2816009275894455,0.7403699527498199,-1.0170801570906074,0.28249216723941734,0.7359839203605747,0.0010318961545561659,0.0053296530338385545,0.09124724375791234,1.9749171452237847e-09,3.644647952412224e-20,3.622973640620249e-08,-0.008346076272352761,-0.0020640029437147215,0.004894750430965982,-1.0160482589611342,0.2835240633939735,0.7370158527448673
6.015899999999917,-1.0110771909722345,0.2521358283374367,0.7550931642577531,-1.00838117217996,0.2505453911758382,0.7592065757351533,0.00011310495048033045,0.005274462786247777,0.08601343206068483,1.8328773107803287e-09,5.614497037925055e-20,3.310827686832553e-08,-0.0025435009269822537,-0.006320362409120201,-0.0036399376825189227,-1.0082680653966023,0.2506584961263185,0.7593197137939105
6.0159999999999165,-1.0021806633866068,0.2288911295650691,0.7748146073573549,-0.9986870367957096,0.21835135705988115,0.7816799858796053,-0.0008987673412407396,0.005322349402419321,0.08417959834517955,1.7010532540556395e-09,3.572049769671012e-20,3.02557541366156e-08,-0.0024731897099181457,0.00140316382842323,-0.006597943678297283,-0.999585802435897,0.2174525897186404,0.7807812487941187
6.016099999999916,-0.9878581007744924,0.1839867500143174,0.8001047802668829,-0.9880073178790933,0.18594183651638582,0.8033819722513659,-0.001922779135693408,0.004678129241633592,0.08366671451206527,1.5787102366950994e-09,1.1421060893972106e-20,2.7648997318075642e-08,0.001990424448236539,-0.00547743780427779,-0.0028765195121899082,-0.9899300954360765,0.1840190573806924,0.8014592207646698
6.016199999999916,-0.971771942937388,0.1418632014526414,0.8128403025955222,-0.9763525550233039,0.15334881382927965,0.824291117609999,-0.0028693170996524583,0.00505484062654475,0.07940240143710742,1.4651663641367484e-09,7.812020306933815e-21,2.5266831863885766e-08,0.007210624195765734,-0.0058779119254609765,-0.010244971270759538,-0.97922187065779,0.15047949672962718,0.8214218257771784
6.016299999999916,-0.975951820377528,0.1159650136890955,0.8299425175343284,-0.9637342500721832,0.1206044543769512,0.8443867871534271,-0.0036495438232965797,0.0053364392052036545,0.07967658644477581,1.359788784984756e-09,1.429064660144323e-20,2.3089907568827617e-08,-0.008839983858994592,0.007923343401274147,-0.011796544686515949,-0.967383792535691,0.11695491055365463,0.840737266420038
6.016399999999916,-0.9550605842573902,0.0835847427235432,0.850692792989479,-0.9501648557692914,0.08774107288890551,0.8636491488819908,-0.004185101237878317,0.005397001786089901,0.07654637049062377,1.2619901637312295e-09,1.458676247765693e-20,2.110054139036607e-08,-0.0008759060462449708,0.00897197334515925,-0.008642151679073994,-0.9543499557451796,0.0835559716510272,0.859464068744654
6.016499999999915,-0.9276559593916772,0.040084067502912,0.8715748376532714,-0.9356577634685529,0.054791101555027005,0.8820591931702371,-0.004416836176567875,0.0052022435742886345,0.07292362720097323,1.1712254071663972e-09,8.480264266017577e-21,1.9282573810439295e-08,0.01244228583860026,-0.007364122790511936,-0.004891335186788543,-0.9400745984738953,0.05037426537845913,0.877642376276243
6.016599999999915,-0.9297898258338618,0.0162237783910048,0.885105576811912,-0.9202272899186057,0.02178705801892377,0.8995987515271251,-0.004311465797651627,0.005951119253281323,0.07161789342128676,1.0869886262314029e-09,4.004416641865106e-21,1.7621237572847097e-08,-0.005054189706068975,-0.00620558178478911,-0.00854442922957527,-0.9245387546292687,0.017475592221272145,0.895287303350711
6.016699999999915,-0.9136654508042612,-0.0202412323434465,0.912762655837448,-0.9038886631338998,-0.011238486713060703,0.9162505145261333,-0.003865406967214989,0.005286713193124049,0.07160946421247957,1.0088103163803548e-09,3.808843886445302e-21,1.6103037729770812e-08,-0.0056450067423142215,-0.014470302152932745,0.0016793612299558559,-0.9077540690923044,-0.015103893680275692,0.912385123661956
6.016799999999915,-0.8876640606817997,-0.0393127627542646,0.9336132951457844,-0.8866580073664856,-0.04425294041549833,0.9319980488875733,-0.0031053941842242457,0.005442296300202694,0.07042964850621684,9.36254740736122e-10,4.587765496930177e-21,1.4715642023014784e-08,0.0022980172265170866,0.0007275828836244818,0.00506712355828936,-0.8897634006144551,-0.04735833459972257,0.9288926694189911
6.016899999999914,-0.86371568714391,-0.0786593776260039,0.930601757890022,-0.8685523271933231,-0.07722372180846825,0.9468258136962535,-0.002085936764429905,0.005624315620354628,0.07166244288925692,8.689175014546702e-10,3.816224588403631e-21,1.3447780709627934e-08,0.0069535274054759195,0.0002562565902188848,-0.01489530551905081,-0.8706382630888355,-0.07930965857289815,0.9447398903796043
6.016999999999914,-0.8506125036440433,-0.1132533203742596,0.9581876922247716,-0.8495894907348178,-0.11011829271134661,0.9607191757384855,-0.0008840514644848256,0.0061763375329362945,0.07234326468057715,8.064232857615907e-10,2.2726736793323476e-21,1.228915501828829e-08,-0.00028829948144869525,0.004412333061526278,-0.003122797033782837,-0.8504735413928793,-0.11100234417583144,0.9598351365631558
6.017099999999914,-0.8194075115423792,-0.1437272397268896,0.9700281944236516,-0.8297882120211432,-0.14290419015406194,0.9736644239432994,0.0004080050964617708,0.006253219623329389,0.07125659124100321,7.48423774098058e-10,1.4488335658981434e-21,1.123035349289119e-08,0.009722697974154145,0.007848920095287886,-0.005514174395777007,-0.8293802061762576,-0.14249618505760017,0.9740724402701147
6.017199999999914,-0.8016832201386578,-0.1728208749430803,0.9873794913744,-0.8091680325237522,-0.17554905841412768,0.9856487829136161,0.0016911195678072503,0.006695882667203293,0.0732287492674307,6.945956987169488e-10,1.4046650420729875e-21,1.0262775543795786e-08,0.005572473621314531,0.006348286671204884,-0.0007178348022740149,-0.8074769122613493,-0.17385793884632045,0.9873399127441989
6.0172999999999135,-0.7795271109154405,-0.2012507420923183,0.9964082720364316,-0.7877493018703043,-0.20802068094783416,0.996660425534021,0.002867904792157769,0.006503812737361156,0.0726002271265756,6.446390419084514e-10,1.3705605331413e-21,9.378561585711224e-09,0.0052741183985301225,0.0019259882999386885,-0.0028142554206681395,-0.7848813964335075,-0.2051527761556764,0.9995283397047404
6.017399999999913,-0.7588408196221673,-0.2456228042384056,0.995699985340254,-0.7655531577620397,-0.24028701218408718,1.0066884846426996,0.0038506512591897275,0.0066351837526279454,0.07301538428674537,5.982753638127221e-10,1.0358534411212656e-21,8.570529194713378e-09,0.002960747635940685,-0.016973738146537437,-0.013637672344000701,-0.7617025059045747,-0.23643636092489745,1.0105391444724185
6.017499999999913,-0.721012468339147,-0.2772642712666949,1.006951430329475,-0.74260150511342,-0.2723162091495182,1.015723063756014,0.004567990958437911,0.007196378553262024,0.07260613512822808,5.552462504994683e-10,6.691269523611182e-22,7.832114765792055e-09,0.017245368604142546,-0.017737941668917758,-0.011837716568634058,-0.7380335135997358,-0.2677482181910803,1.0202910625465667
6.017599999999913,-0.7170384430553796,-0.2912686413393382,1.025870548316554,-0.718916994434623,-0.3040766628936541,1.023755246835137,0.004969839138535814,0.007331311613110193,0.07139920153733645,5.153118736646197e-10,5.021011582562577e-22,7.157320197022702e-09,-0.002858518656218223,0.004748882180242123,-0.0017805475466650407,-0.7139471547807753,-0.29910682375511827,1.028725093130993
6.017699999999913,-0.706642113872396,-0.3344424466377201,1.0412785037806525,-0.6945229994782226,-0.3355370296831357,1.030777107085107,0.005030395947493794,0.007254584849913648,0.07138878138395037,4.782496539163869e-10,4.630587744766902e-22,6.5406641672892305e-09,-0.0170271740253997,9.754267898435479e-05,0.005608592999460577,-0.6894926030524792,-0.33050663373564193,1.035807509573265
6.017799999999912,-0.6524926955610522,-0.3733669275964163,1.0215507987560484,-0.6694435941721182,-0.36666626193419816,1.036781714777617,0.004749169130344308,0.007019529656287575,0.06980308933374733,4.438530202003555e-10,4.008326830635274e-22,5.977137611794829e-09,0.012153360849523906,-0.0031576306170724225,-0.020827095858852434,-0.6646944245979208,-0.36191709280385387,1.041530889885099
6.017899999999912,-0.6432317539476444,-0.3892000765989987,1.0470332929879993,-0.6437035288614734,-0.3974336388528873,1.0417631440898194,0.004150113992837479,0.006676641166085116,0.07013333174419885,4.1193025844911934e-10,2.941349847062171e-22,5.462163033690145e-09,-0.003869463916677605,0.010946302273785912,-0.00028516045484113417,-0.6395534144567057,-0.3932835248600498,1.0459132635448198
6.017999999999912,-0.6125072453103847,-0.4195622906893557,1.0575691922413877,-0.617328205883114,-0.4278087967527751,1.045716478952398,0.0032790800121043615,0.007091849804630279,0.07190255572415924,3.8230344303923443e-10,2.0677612259430042e-22,4.991557321307324e-09,0.00130821974597084,0.0057884055835508335,0.007297024037669382,-0.6140491254887063,-0.42452971674067075,1.0489955639560598
6.018099999999912,-0.5762681731814756,-0.4657954082643497,1.0493989621823236,-0.5903436544964882,-0.45776175902025185,1.048637817901136,0.0021998141256721515,0.006560876594442401,0.07270376828842529,3.5480744509985024e-10,1.660578502664224e-22,4.561497768963685e-09,0.011719459261104119,-0.015893340185648287,-0.0019749806532258986,-0.5881438400160086,-0.4555619448945797,1.0508376365883059
6.018199999999911,-0.572520336570798,-0.4817091086160394,1.056396466081017,-0.5627765051959301,-0.4872629656978244,1.050524277927188,0.0009888229553020457,0.007361358716921534,0.06940320971359076,3.2928901214568293e-10,1.4489620075124768e-22,4.168491025323234e-09,-0.010733228373698092,-0.0036245291958393183,0.005331151036736965,-0.5617876819113391,-0.48627414274252234,1.0515131050509812
6.018299999999911,-0.5422583307638226,-0.5073159430189011,1.0465662086983591,-0.5346539634295769,-0.5162833026562261,1.0513739973222636,-0.00027053782764749763,0.007873105684957351,0.07024348976563785,3.0560591390455344e-10,1.174909953688721e-22,3.809344717085218e-09,-0.007181467116363293,0.004104228015198554,-0.003339707879199934,-0.5349245009516186,-0.5165538404838736,1.0511034633039607
6.018399999999911,-0.5171790831179396,-0.5394607699915542,1.0502872862664576,-0.5060037827508763,-0.5447941303265469,1.0511861375159075,-0.0014943061218556572,0.008037407412561894,0.07004433404071216,2.8362614957864903e-10,8.673070036593865e-23,3.48114151750145e-09,-0.009456341634801238,0.00816205961198234,0.0019522059669571169,-0.5074980885891058,-0.5462884364484025,1.0496918348751934
6.018499999999911,-0.482417377211939,-0.566189397010062,1.0362194412083148,-0.4768542374291799,-0.5727673119640302,1.0499608839030683,-0.0026039990044412296,0.007863820074343362,0.06965461435718384,2.632272121210799e-10,6.486360156099644e-23,3.1812154490827565e-09,-0.002778164123921553,0.01595791218804376,-0.010277282809222028,-0.4794582361703939,-0.5753713109684714,1.0473568880798425
6.018599999999911,-0.4438023253991398,-0.6107345609064759,1.0273115936697637,-0.4472340945462367,-0.6001752414158396,1.047699445661115,-0.0035320550033310495,0.008802765622729643,0.07359988748630918,2.442954054269123e-10,5.30475762172985e-23,2.9071302280003674e-09,0.0070096623502019,0.0005045248202934774,-0.016896512781974238,-0.4507661493052723,-0.6037072964191706,1.0441673935649143
6.01869999999991,-0.4139277468744874,-0.6245037618735791,1.0494675658702064,-0.4171725856076367,-0.6269908703640166,1.044404054556626,-0.004226207049899822,0.008415291280739036,0.07510010641839301,2.2672521063409933e-10,4.4304338665646137e-23,2.6566594742912183e-09,0.007360963586439887,0.009894119824439168,0.008385023180002692,-0.42139879243081135,-0.6312170774139164,1.0401778501633858
6.01879999999991,-0.3862476016074891,-0.6565531420404633,1.0289289754979445,-0.3866993776926844,-0.6531877350208685,1.0400779627427035,-0.00465246951337581,0.008757016280124659,0.07585856273650064,2.1041869799889338e-10,3.4831299766073756e-23,2.4277686270663557e-09,0.0048973828202779355,-0.001950068838352402,-0.0078133392838609,-0.3913518469956416,-0.6578402045342443,1.0354254956570963
6.01889999999991,-0.3696221908172832,-0.6842381408179389,1.0271159181522207,-0.3558445441787328,-0.6787399822435686,1.0347254395496928,-0.004796560022057638,0.008766350137127846,0.07478025708934395,1.9528498107342998e-10,2.620502855515612e-23,2.2185984179022288e-09,-0.009177366426439256,-0.008044726709471595,-0.0039004618341872766,-0.3606411040055055,-0.6835365422656262,1.0299288817462335
6.0189999999999095,-0.3461847395920484,-0.6988587597563295,1.0127273747734722,-0.32463853506131074,-0.7036223950490684,1.0283517672717672,-0.0046637164318848135,0.007459523488754598,0.07396131616703511,1.8123971013759613e-10,2.0323042960830606e-23,2.0274497680884572e-09,-0.01696828170943535,0.0030218168967199623,-0.01130005970884056,-0.32930225131195584,-0.7082861114809532,1.0236880528673322
6.019099999999909,-0.2961768511890957,-0.718587154959395,1.0047402177851188,-0.29311214690387,-0.7278104175000191,1.0209632359539624,-0.004277001340456456,0.006835031671625028,0.07080623264864794,1.6820460206516677e-10,1.657293829711684e-23,1.8527699871023077e-09,0.0012786232797927005,0.012345100680029645,-0.011388378263346042,-0.2973891480761218,-0.7320874188404756,1.0166862364662759
6.019199999999909,-0.2688277388238962,-0.7397705021594577,1.0060008445420328,-0.2612964924452947,-0.751280178938517,1.0125671371846607,-0.003674319050508322,0.00565080351428083,0.07136945958227167,1.5610700400271762e-10,1.3438813425189085e-23,1.693140160184404e-09,-0.0036752316557833857,0.019959335542240254,-0.001722830085895235,-0.26497081133969597,-0.7549544979890253,1.0088928198272924
6.019299999999909,-0.2293733435635765,-0.7663815047246865,0.99211770115652,-0.22922296989561783,-0.7740085175433993,1.0031717568997458,-0.002904499013990118,0.004992012088735278,0.06712595190740121,1.4487948842959223e-10,1.0453979586734806e-23,1.5472636225680754e-09,0.0029563054835783113,0.01789479563304331,-0.006943137824195384,-0.23212746876472845,-0.7769130165573894,1.0002672594330193
6.019399999999909,-0.1950090839796727,-0.7995970145122887,0.9907446240985208,-0.19692323194884837,-0.7959730031888177,0.9927863672051048,-0.0020228917521016685,0.0043424955564628585,0.06394039913959582,1.3445947734193232e-10,8.017252577426055e-24,1.4139554267390097e-09,0.004056194905203715,0.003322057545184306,0.0006437128180500436,-0.19894612356649055,-0.7979958949409194,0.9907634768669585
6.019499999999908,-0.1667142829628446,-0.8167455243036009,0.9803157290876188,-0.16442915454697613,-0.8171519595790775,0.9814212172265874,-0.0010869411915522386,0.0042379615616826806,0.061626950362835366,1.2478889346611495e-10,6.327176380948098e-24,1.2921327171683898e-09,-0.0012212333066950148,0.0006947611341825137,-0.00020815113730088183,-0.16551609561373945,-0.8182389007706298,0.9803342773271678
6.019599999999908,-0.1286008835612914,-0.8333038839043322,0.9674410533786524,-0.13177280542133912,-0.8375244856411879,0.969087522995091,-0.0001521364140744059,0.004088898976947628,0.05876924486659855,1.1581383655758875e-10,5.111923481845613e-24,1.1808059343338377e-09,0.0031732970216372734,-0.001497790588822919,-0.002428513386425977,-0.1319249417195997,-0.8376766220552623,0.9689353877618225
6.019699999999908,-0.0994316662371116,-0.8573663901181515,0.954155092624246,-0.09898641244587546,-0.8570704761515305,0.9557974563777571,0.0007313672356938699,0.004341056985532238,0.05819031662128122,1.0748428298092101e-10,4.073760544353014e-24,1.0790707765789824e-09,-0.0013757524287733918,-0.00790320169851945,-0.0035887428918919668,-0.09825504510269731,-0.8563391089158366,0.9565288246925218
6.019799999999908,-0.0633926450584528,-0.8752243063923731,0.951416376737384,-0.06610233183210254,-0.8757706415772882,0.9415641330658082,0.0015212988672548722,0.004576333077316871,0.057637943926705695,9.975380689662248e-11,3.167909548693078e-24,9.861008545182026e-10,0.0010433766320098817,-0.004188138171301546,0.007425044942402481,-0.06458103286509387,-0.8742493427100334,0.9430854329191639
6.019899999999907,-0.0394912561319782,-0.8866698755314103,0.9159553015639323,-0.03315301619744287,-0.8936065271128837,0.9264015996309427,0.0021849588269617927,0.005174647701587464,0.0577799576257489,9.257932150075344e-11,2.4644716715819892e-24,9.01140978318725e-10,-0.00854117112693603,0.0073033236849753096,-0.012798150954345326,-0.030968057277901754,-0.8914215682859219,0.9285865593590454
6.019999999999907,-0.0014368913421614,-0.9098009351273088,0.9088871950585244,-0.00017098253840861259,-0.9105605308926461,0.910324819663066,0.002700101484954745,0.0065744767859851625,0.06014042168344627,8.592083887507321e-11,1.9571004359063674e-24,8.235010233329447e-10,-0.0038502183088731023,0.004540008488834579,-0.003499519475032551,0.0025291190324669716,-0.9078604294076914,0.9130249219715217
6.020099999999907,0.0354280787393251,-0.9303303471798796,0.9023214191813173,0.032811219859748074,-0.9266159213617265,0.8933496590030333,0.0030551264178830403,0.007054672957590116,0.05913951761758387,7.974124710922852e-11,1.5667155801812653e-24,7.525503242518774e-10,-0.0002503374410811266,-0.0008171272998556932,0.0070374282128758325,0.03586634635737236,-0.9235607949438435,0.8964047861734667
6.020199999999907,0.0741973904438552,-0.9421100155988178,0.8863867384028431,0.06576104154524992,-0.9417568537881231,0.8754928700849799,0.0032486919601313175,0.0077477830262842355,0.058852944593951996,7.400610345274188e-11,1.2376616922703056e-24,6.877125522437071e-10,0.0053504911033002926,-0.0021918159554786465,0.008700066978373411,0.06900973357938735,-0.9385081618279918,0.8787415627328238
6.0202999999999065,0.0981154277898273,-0.9471750032507016,0.846961704552042,0.09864596502217365,-0.9559683858995176,0.8567720754036915,0.003288827702200174,0.007749954448516548,0.05908105441296892,6.868344234390706e-11,9.659091047058745e-25,6.284610334647308e-10,-0.003764193155855012,0.001506150569540684,-0.012616458505323003,0.10193479279305728,-0.9526795581973174,0.8600609037343527
6.020399999999906,0.1388512862282151,-0.9648503098557176,0.8369396233814212,0.1314335368412926,-0.9692364926294954,0.8372057501233298,0.0031915780799399926,0.007008522509725258,0.057951581106585444,6.374359724561378e-11,7.580889279148239e-25,5.743144709151573e-10,0.00414761054584017,-0.005405000742555431,-0.003768371068764277,0.1346251149849762,-0.9660449145495554,0.8403973287775842
6.020499999999906,0.1656935040226238,-0.9739737418995852,0.8304322544126302,0.164091399627713,-0.981548079958592,0.8168132038446749,0.0029791893220036617,0.006761954167414779,0.05739972172422641,5.915903529508336e-11,6.024134567553791e-25,5.248330348886576e-10,-0.0015467412650982642,-9.36764561047217e-05,0.009700495604001276,0.1670705890088757,-0.9785688906365883,0.8197923936915117
6.020599999999906,0.1996843755901174,-0.9823602221571712,0.8027837739405347,0.1965873240136963,-0.9928909978365095,0.7956145615488823,0.002677870006413953,0.005479613414336275,0.05718164266355268,5.4904203845912384e-11,4.789413927923068e-25,4.796147902585789e-10,0.000246707961699216,0.008208270827046947,0.003387290012707677,0.19926519407501445,-0.9902131278300955,0.7982924320349111
6.020699999999906,0.239684582013551,-1.0009530503944837,0.778462071990065,0.2288892404451542,-1.0032540521727498,0.7736307437365545,0.002315212314083659,0.004930539194963245,0.056871994229077245,5.0955388047107494e-11,3.770547998955391e-25,4.3829243157984617e-10,0.008392857437064433,0.00504816698860047,0.001781705914281756,0.23120445281019325,-1.000938839858666,0.7759459564889305
6.020799999999905,0.2491090475274462,-1.001341560817002,0.7523839850918674,0.26096527083042664,-1.0126270158838293,0.7508834457817335,0.0019174536547841472,0.004622843463647211,0.05631806194447671,4.729057866530944e-11,2.9548132551520437e-25,4.005302994859802e-10,-0.013732873639389756,0.015624272916126796,-0.0004354558295987877,0.26288272453250133,-1.0107095622290452,0.7528008998370479
6.020899999999905,0.2862399011895618,-1.0129892345668872,0.7273509436839065,0.2927837600001095,-1.0210006389861772,0.7273951165211864,0.0015068681470853087,0.004577750835344728,0.053306489207105956,4.388934941349675e-11,2.329740505759258e-25,3.660216541455463e-10,-0.007905119731329086,0.009701887948265786,-0.0008585476543659838,0.29429062819108415,-1.0194937708390919,0.7289019850342934
6.020999999999905,0.315846428862268,-1.0336974174812448,0.7081289571828143,0.32431330694688537,-1.0283666577247512,0.7031889361001127,0.0010996617605942925,0.005032061591724919,0.05332469220340061,4.073274310244497e-11,1.8485553453816696e-25,3.344861836304891e-10,-0.009392404878413986,-0.00839495268296081,0.004897064335516357,0.3254129687482124,-1.027266995964157,0.7042885981951932
6.021099999999905,0.339651134731071,-1.0192217025706942,0.6783568265962006,0.355522795814526,-1.0347178027283666,0.6782887930961403,0.0007047546467128657,0.005327049327150893,0.05253358335292265,3.780316598039051e-11,1.4633147111894505e-25,3.056677269569414e-10,-0.01646311339006522,0.009092330473643396,0.00026881200279167455,0.35622755049904203,-1.0340130480816536,0.6789935480485209
6.021199999999904,0.38303167946547,-1.0408148928594247,0.6537915550456972,0.38638142660548663,-1.0400478061836878,0.6527192609441835,0.0003237431154389403,0.005896941215369992,0.05255098484673288,3.508428967199055e-11,1.15129369255004e-25,2.793321933029065e-10,-0.0036776381748056335,-0.006599464037938395,0.001070160402238077,0.3867051697560098,-1.0397240630682487,0.6530430043389547
6.021299999999904,0.4241167207602782,-1.055166202197282,0.6277808728131291,0.41685874557678426,-1.0443514080208036,0.626505573685429,-4.7847159706216064e-05,0.006778015885642699,0.051470601092716756,3.256096017001991e-11,9.051807466456726e-26,2.552656605007035e-10,0.007188596279784368,-0.012364461768204242,0.0009173231711155504,0.416810898449639,-1.04439925518051,0.6264577267809885
6.021399999999904,0.4450403456625414,-1.054426689807043,0.594075835945652,0.4469246752941657,-1.0476243611042808,0.5996736010643842,-0.0004181355477153251,0.00761963434321462,0.050368580247236325,3.021911337256003e-11,7.150508777083285e-26,2.3327263735834716e-10,-0.0016345381007264158,-0.0030656512106558213,-0.006103665457598406,0.4465065397766695,-1.0480424966519961,0.5992554657499415
6.021499999999904,0.4776466074944247,-1.0573551106353778,0.5755022839241088,0.4765495443149037,-1.0498634354245746,0.5722498229985629,-0.0007956373656416571,0.007741361447477096,0.04940563597423939,2.8045696694916636e-11,5.662919651389031e-26,2.1317447569477834e-10,0.001760079473944456,-0.0007995639477727454,0.003060364278301229,0.47575390697730774,-1.0506590727902163,0.5714541858460956
6.021599999999904,0.5130825995426258,-1.050824829308605,0.5657698188463502,0.5057041164701379,-1.0510664212856626,0.544261303445798,-0.0011857256781598222,0.007725076764831344,0.04740949703006159,2.6028596319339945e-11,4.4723307964346074e-26,1.9480791918984673e-10,0.008534263627874714,0.005865577648220304,0.022119236379943032,0.5045183908180068,-1.0522521469638224,0.5430755779624462
6.021699999999903,0.5428666420578487,-1.0543815653891937,0.4989847146983424,0.534359619716398,-1.0512321314857231,0.5157356636964071,-0.0015874415311459484,0.007265185689717586,0.050503958886860836,2.415656967718879e-11,3.5206323907839043e-26,1.7802377726250507e-10,0.010180494566676796,-0.0015546440964316608,-0.015057075168197933,0.5327721782094086,-1.052819573016869,0.5141482223432849
6.021799999999903,0.5591491567140205,-1.054689501855366,0.4861370625885735,0.5624877745322282,-1.0503604024888102,0.4867010551122668,-0.0019912771040149825,0.006784962875221856,0.05221064366222622,2.2419182786852997e-11,2.7739574804177326e-26,1.6268571320193328e-10,-0.0011914398155415296,-0.0066812219067643504,0.0021508562014275544,0.5604964974506323,-1.0523516795928252,0.4847097781709375
6.021899999999903,0.5975732657271879,-1.0456655534717518,0.4474681655532286,0.5900608218245695,-1.0484520945861935,0.4571861313468632,-0.002378414104617045,0.006616466380869484,0.053291068485180726,2.080675209878624e-11,2.1922784658886184e-26,1.486691367130987e-10,0.010035774155773522,-0.0005090210418539059,-0.006358811760189657,0.5876824077407593,-1.0508305086908105,0.4548077173909153
6.021999999999903,0.6141073020836495,-1.045333213315426,0.4278884698141338,0.6170515503248722,-1.0455090910473552,0.4272200200663544,-0.002721657835373385,0.006542397045041773,0.05435531094453768,1.931029052289685e-11,1.7334930928898762e-26,1.3586019187539637e-10,-0.00016235804134841512,-0.0002452681483706702,0.0041512360861980496,0.6143298925088092,-1.0482307488827287,0.42449836236684124
6.022099999999902,0.6328709726612157,-1.041739097392575,0.3931230381174473,0.6434333234421572,-1.04153429626155,0.3968322942053768,-0.0029880239767464192,0.006619990009060986,0.05319806231801122,1.7921457337924754e-11,1.367644022372489e-26,1.241548322976356e-10,-0.00762787086812881,0.00424781443719942,-0.0005416781888650762,0.6404452994833322,-1.0445223202382963,0.39384427035278524
6.022199999999902,0.6605715275882853,-1.0359856700761647,0.3681270291050793,0.6691801055520472,-1.0365316328712735,0.36605294277994527,-0.00314266255962928,0.007008782590572784,0.05466907795909966,1.6632511703229566e-11,1.077517773732193e-26,1.134579759535378e-10,-0.0056037413618502,0.008681876716222656,0.00473951787543213,0.6660374430090504,-1.0396742954309028,0.3629102803337739
6.022299999999902,0.6787696433889242,-1.0281191790913136,0.3405478043295389,0.6942664876888538,-1.0305060379013384,0.33491234129409886,-0.003153578886566493,0.007318065765331295,0.05510035368008516,1.54362695143464e-11,8.50001607484745e-27,1.0368273283647828e-10,-0.012493459990950499,0.010618606668327391,0.007897243058563538,0.6911129088177236,-1.0336596167879049,0.3317587625112151
6.022399999999902,0.70829207866913,-1.0424987864609383,0.3016454440623491,0.7186677126221231,-1.023463457886501,0.30344122176185356,-0.0029964669253422505,0.00843167478082026,0.05548718771031837,1.4326063361390756e-11,6.716356657491541e-27,9.474969915594834e-11,-0.007464890395658901,-0.014310764865174509,0.0003313364148534901,0.715671245711107,-1.0264599248118431,0.30044475493126105
6.022499999999901,0.7367695595929276,-1.0199660507554331,0.2779879885709322,0.742359699288842,-1.0154108430029745,0.27167064237863336,-0.002658933555111037,0.008997772306302994,0.05791842956616793,1.3295705367403558e-11,5.3052430468587854e-27,8.658631234480927e-11,-0.002909976393497702,-0.004622253037469295,0.00854719155726302,0.7397007657470267,-1.0180697765580855,0.2690117089101086
6.022599999999901,0.7697024317445501,-1.0247704601146803,0.2188707233168778,0.7653190665585388,-1.0063561402094452,0.2396319568705807,-0.0021434732557518324,0.009744401175820615,0.0594084293652603,1.2339452699421958e-11,4.184381618165096e-27,7.912626163734051e-11,0.006642138804453293,-0.02152228537769804,-0.01840860636095281,0.7631755933151264,-1.0084996134651971,0.23748848369395512
6.022699999999901,0.8000278300579052,-0.9962233027879304,0.2189088741315452,0.7875231563076363,-0.9963082854043829,0.20735678355221462,-0.0014687435465339637,0.009896085588328503,0.0633002080902235,1.1451975560060621e-11,3.2991435880391285e-27,7.230894943034517e-11,0.014122175424846579,-0.002624144073749159,0.013755342551007027,0.7860544127725543,-0.9977770289509168,0.2058880400779896
6.022799999999901,0.7974801198355659,-0.984684485690848,0.1776063483641143,0.8089500557802843,-0.9852771946073878,0.17487697412297137,-0.0006689576255544685,0.00974127871785786,0.06322226092570254,1.0628327481199301e-11,2.6039509367519224e-27,6.607899905197561e-11,-0.01069527482759518,0.0009614029419898697,0.004294725496240661,0.8082810981653581,-0.9859461522329424,0.1742080165634959
6.0228999999999004,0.8331818159728474,-0.9634234226122004,0.1515005311868084,0.8295786192136047,-0.9732737541732769,0.1422245822334224,0.00020850680583677652,0.009085199611167646,0.06424929051408515,9.863917754206099e-12,2.0567700914614908e-27,6.03858049399149e-11,0.003404255165932557,0.013347675278770368,0.009691351352242828,0.8297871260293053,-0.9730652473674402,0.142433089099645
6.0229999999999,0.8423795605377702,-0.9484855874197032,0.1012319484815887,0.8493884887060053,-0.9603098100485655,0.10943183185219145,0.0011069495912962247,0.00813999806432929,0.06617479320784778,9.154485843031593e-12,1.6236675447619508e-27,5.518312157502982e-11,-0.008205482148909394,0.015846735890401923,-0.009250338611659746,0.8504954383064559,-0.9592028604572693,0.1105387814986708
6.0230999999999,0.8742683453397134,-0.941676343938418,0.0722901136261978,0.8683601143079718,-0.9463981560809488,0.07653108546478822,0.0019651635535786077,0.006942730231842489,0.06565045367659143,8.49607763756244e-12,1.2806921418215576e-27,5.042868783142902e-11,0.003801898852942688,0.005814333492093313,-0.006733333747470371,0.8703252778700464,-0.9444329925273702,0.07849624906879552
6.0231999999999,0.8882338169769852,-0.9317784584042178,0.0478751312248048,0.8864747733155072,-0.9315525213933183,0.043554812135741444,0.002722692057519165,0.006186702525489792,0.06252885842133742,7.885023414879699e-12,1.0102672681753933e-27,4.608388369153858e-11,-0.0010833917678134929,-0.003990222348751233,0.000751588243979584,0.8891974653809114,-0.9288298293357992,0.04627750423934449
6.0232999999999,0.8924402040271132,-0.9075848904955154,0.0141673925369794,0.903714588747302,-0.9157875568346583,0.010535555465314008,0.0033250086548766732,0.005368097096106219,0.058829482672540866,7.31791738558049e-12,7.975232567464093e-28,4.2113416537679074e-11,-0.014637051666179726,0.0005197693607292978,-0.00044489151937797356,0.9070395974094967,-0.9124625481797816,0.013860564162304098
6.023399999999899,0.9312674959058508,-0.8986367083411207,-0.0160058861971308,0.9200625469865487,-0.8991188205220128,-0.022494098525906753,0.0037281470468651552,0.00492613888831667,0.05526302918077943,6.791598711196625e-12,6.2971953510912305e-28,3.848503447213878e-11,0.007538858014344566,-0.007910126256302899,0.0024625081160742387,0.9237906940402054,-0.8953906734751476,-0.018765951440556563
6.023499999999899,0.9346675980424658,-0.8766644842101452,-0.042325879372287,0.9355025145725427,-0.8815627624853292,-0.055501553557867046,0.003902380511065296,0.003571724207805648,0.050570031835112585,6.303133886805706e-12,4.969746793341428e-28,3.516926433635197e-11,-0.004609092152169739,-0.0008151138168103421,0.009564329547489234,0.9394048950899112,-0.8776603819742639,-0.051599173011632485
6.023599999999899,0.949789310081917,-0.8503254721599877,-0.097991391074459,0.9500192541212451,-0.8631367084344386,-0.08845423525724969,0.0038346426485577254,0.0033092679061823144,0.04857538978220439,5.849800390812311e-12,3.920588053196412e-28,3.213917230230443e-11,-0.003936890995752965,0.011188272931332038,-0.012643497069461574,0.9538538967756526,-0.8593020657858809,-0.0846195925765528
6.023699999999899,0.9589255124075624,-0.8435793449955754,-0.1090522806677177,0.9635984393633484,-0.8438588426600846,-0.12131962330564311,0.0035294986720282445,0.0032201892451610456,0.045959954370814106,5.429071510598998e-12,3.093665972291199e-28,2.9370145090284125e-11,-0.008140356663836324,0.0014117604757857873,0.009544620303895133,0.9671279380408058,-0.8403293439880564,-0.11779012460424472
6.023799999999898,0.9745362706774544,-0.8129274743784118,-0.1498156979572306,0.9762266692824538,-0.8237481900883417,-0.15406528353292998,0.0030086123060921494,0.0036592083612245647,0.043358325891013974,5.038602259572941e-12,2.4421864591343267e-28,2.683969003652563e-11,-0.004732964168487167,0.011725048671710935,0.0017365728088656357,0.9792352815935846,-0.8207395777822495,-0.15105667119999813
6.023899999999898,0.994348375195256,-0.7935661748594078,-0.1845687879125082,0.9878914813402558,-0.8028245975053092,-0.18665889992589765,0.0023087901445782836,0.004276281431497799,0.03958265347501199,4.676216307081317e-12,1.9278592255582204e-28,2.4527252386474568e-11,0.004037289954569622,0.0074826000794155755,-0.00026671201742174916,0.9902002714895104,-0.8005158073607309,-0.18435010975679214
6.023999999999898,0.9994465283819384,-0.7855892603009424,-0.2277250561910224,0.9985813637755632,-0.7811087139707309,-0.2190683065202413,0.0014788074136540465,0.004246719344834541,0.03728505196697656,4.339893848352012e-12,1.521313178068574e-28,2.2414048329587007e-11,-0.0007433231306517923,-0.009101763921462891,-0.010693670125985736,1.000060171193557,-0.7796299065570769,-0.21758949908417322
6.024099999999898,1.0125262575330285,-0.7484684949375273,-0.2448471495144841,1.0082857669650176,-0.7586219704398647,-0.2512615191444877,0.0005753216019072921,0.004877416383258701,0.0353799872650969,4.027760346851746e-12,1.2003412049615057e-28,2.0482912419415652e-11,0.0035831240778643096,0.004955570328941099,0.005049166957491714,1.0088610885709526,-0.7580466488379574,-0.2506861975220975
6.024199999999897,1.020657219267333,-0.7283084515409946,-0.300929149162605,1.0169951138342976,-0.7353865586137182,-0.2832067669845103,-0.00034174065313595693,0.005103005095596674,0.03501962795231092,3.738076086315259e-12,9.47309227683445e-29,1.871815813958238e-11,0.00401036591081218,0.004470865855982185,-0.0180178220285503,1.0166533731849,-0.7357282992668541,-0.28354850761892814
6.024299999999897,1.0351522502371286,-0.7100300041281665,-0.308931322782176,1.024700809309536,-0.7114254090385181,-0.3148725239374878,-0.0012138924461464749,0.005121120944577791,0.034543474682701504,3.469226474212637e-12,7.477699202808498e-29,1.71054504830232e-11,0.011755391061209229,0.0032955733638811505,0.006974230411187956,1.0234869168668588,-0.7126393014846646,-0.31608641636652884
6.024399999999897,1.027664564504082,-0.693184981427321,-0.3582415852751264,1.0313952487996179,-0.6867621684760309,-0.3462275397243609,-0.0019884543623846125,0.005053405123737022,0.03490115998739587,3.2197130426100286e-12,5.902001563206641e-29,1.5631689509472525e-11,-0.0016161706041798597,-0.0006466619479295927,-0.009671890226774707,1.0294067944404528,-0.6887506228384155,-0.3482159940711138
6.024499999999897,1.023441933086674,-0.6694760207755305,-0.377674645688119,1.0370718257009968,-0.6614211765670621,-0.377240870730085,-0.002622177786205294,0.0051129239327698355,0.03660396744890071,2.988145096265543e-12,4.657351384809241e-29,1.4284903935331332e-11,-0.010910638301480032,-0.0011640051805233637,0.0028962300175348413,1.0344496479177796,-0.6640433543532674,-0.37986304850200536
6.0245999999998965,1.0477085197502205,-0.6416800672061821,-0.4103944124003049,1.0417249379176121,-0.635427441811171,-0.40788191054124245,-0.0030837978875554364,0.005704058394131575,0.039518341588651106,2.773231961410333e-12,3.675164307394126e-29,1.3054153891554e-11,0.009086519358780637,-0.0013144913055362544,0.0012859064752848031,1.03864114003283,-0.6385112396987264,-0.4109657084157437
6.024699999999896,1.0395275374043051,-0.6070650953302852,-0.4308991467130559,1.0453499933894832,-0.6088066168862997,-0.43812042015087727,-0.0033553201391523335,0.006032787185617457,0.039974290595667636,2.5737757920120517e-12,2.9006044292266075e-29,1.1929442059662155e-11,-0.0025341972708213542,0.0033295200522615327,0.010954054421812257,1.0419946732529046,-0.612161937025452,-0.44147574027810016
6.024799999999896,1.053225496194686,-0.5923254362827312,-0.4719154876751974,1.0479434146245177,-0.5815849733326779,-0.46792655780074444,-0.0034320158018030615,0.006447065501254128,0.04098338989555367,2.3886648934258105e-12,2.2894593963533766e-29,1.0901632464047413e-11,0.008596693727414229,-0.011432953988878093,-0.0006917233404694842,1.0445113988251034,-0.585016989134481,-0.4713585735916459
6.024899999999896,1.0486452382408489,-0.553707154359286,-0.5056350786190932,1.049502642229064,-0.5537893756259841,-0.49727090843152233,-0.003321274412485317,0.006544898873802668,0.04077543681810415,2.216867526220886e-12,1.8068860249487457e-29,9.962376260917786e-12,0.0023569699628383325,-0.00024432154712221345,-0.00561527542043333,1.0461813678187957,-0.5571106500384694,-0.5005921828340453
6.024999999999896,1.0449508997583732,-0.5389340442608247,-0.533052821538097,1.0500261374337245,-0.5254472546651444,-0.5261245127121317,-0.0030405900952447363,0.006802448734666424,0.04079846270096899,2.0574261556467612e-12,1.4258776955211466e-29,9.104043921067131e-12,-0.0020767253201966415,-0.011160190714068027,-0.004613887020869791,1.0469855473405372,-0.5284878447603891,-0.5291651027982723
6.025099999999895,1.0483684284895125,-0.5017145188663619,-0.5470241901402493,1.0495133836119341,-0.49658658070238215,-0.554458895618065,-0.0026150287711011796,0.006884715874523963,0.04040444373902547,1.9094521146967483e-12,1.125258662371464e-29,8.31966325564341e-12,0.0015130336533027775,0.00013328784486876192,0.009522095150929893,1.0468983548427424,-0.49920160947348335,-0.5570739243808466
6.025199999999895,1.059916857122601,-0.4696090643487912,-0.5803900591336639,1.04796488678981,-0.4672358357378863,-0.5822460945348664,-0.002074546746218639,0.006548682116570291,0.040626418228429016,1.7721206509943114e-12,8.881126461539261e-30,7.602862781349011e-12,0.014130970534101991,0.0038540456283734517,0.003851507575145296,1.0458903400453634,-0.46931038248410495,-0.5843206412734823
6.025299999999895,1.0587952870188413,-0.4206944107945078,-0.6144908908339658,1.0453821751467627,-0.4374239854135852,-0.6094586868517872,-0.001451513552895034,0.006585430581866714,0.04076384792200055,1.6446663299431576e-12,7.009511709944974e-30,6.947819965286748e-12,0.014976117528201618,0.021003734880229708,-0.0031817756763332095,1.0439306615955124,-0.4388754989664802,-0.6109102003977345
6.025399999999895,1.039725789505917,-0.4204595870107955,-0.6392703378972124,1.0417677975073996,-0.40718045042674095,-0.6360698170254366,-0.000778718886569516,0.006520357079982431,0.0413455740367586,1.526378768472118e-12,5.531869902838864e-30,6.349213928792225e-12,-0.0012017567640471407,-0.012890692677405814,-0.0017460014208841102,1.0409890786223563,-0.40795916931331044,-0.6368485359056569
6.025499999999894,1.0365383203771068,-0.3663261925231194,-0.6751397892997065,1.0371253208260294,-0.37653507749460147,-0.6620532230835192,-8.800495014753295e-05,0.006774709732202202,0.04119958360572144,1.4165986756249663e-12,4.365539514696916e-30,5.802182226220861e-12,-0.0005178457229354209,0.007019289295278744,-0.012376325661645815,1.0370373158772985,-0.376623082444749,-0.6621412280278646
6.025599999999894,1.0390167749818475,-0.3451059993463134,-0.6839786001059167,1.0314593266666656,-0.3455181099006073,-0.6873832625410755,0.0005905094168175709,0.006072571535524149,0.04197365531402385,1.3147141779174143e-12,3.4452854437864046e-30,5.30228134755531e-12,0.006878864490484407,-0.004071859292498942,0.003084492267641152,1.0320498360847978,-0.3449276004837897,-0.6867927531189556
6.025699999999894,1.0178216687439463,-0.310829099595564,-0.724923936839838,1.02477540668148,-0.31416015764704963,-0.7120349377072938,0.0012287942674796,0.006048254425937036,0.04173913058356138,1.2201574089814104e-12,2.7191698683745885e-30,4.845450624005046e-12,-0.00829358109841628,0.00023715108306619705,-0.014322650968172623,1.0260042009501797,-0.31293136337957,-0.7108061434349687
6.025799999999894,1.020426407432167,-0.2806695031154401,-0.7278826105298678,1.0170801570925385,-0.28249216724691123,-0.7359839203550178,0.0018011144048347165,0.005959555539788788,0.041220661123658596,1.1324013444888507e-12,2.1460513018535898e-30,4.4279792434054684e-12,0.0014681910890152103,0.0014068194261447025,0.005727829048349858,1.0188812714985056,-0.2806910528420765,-0.734182805945755
6.0258999999998935,1.0096900587486637,-0.245313724384556,-0.7552306751773405,1.0083811721821265,-0.250545391183394,-0.7592065757297702,0.0022843085182103237,0.006137050890631164,0.03953148146296422,1.050956864713583e-12,1.693640778825509e-30,4.04647610748396e-12,-0.0009796746128383316,0.006583977058783103,0.00103414609848092,1.0106654807013877,-0.24826108266518365,-0.7569222672075134
6.025999999999893,1.0034717488208864,-0.2171856152197402,-0.758855311322693,0.9986870367981096,-0.21835135706749154,-0.7816799858744014,0.002658293382761768,0.006614163939914651,0.04007107247544858,9.753700283596576e-13,1.336592522902968e-30,3.697842286145342e-12,0.0021956304550631283,0.0018934368684594472,0.01974179072927229,1.0013453301818467,-0.21569306368472976,-0.7790216924879417
6.026099999999893,0.9842583012442192,-0.1713061316408963,-0.8077864701954871,0.9880073178817245,-0.1859418365240432,-0.8033819722463463,0.0029068360136702627,0.006763701298074264,0.039581497884439695,9.052195424610435e-13,1.0548572704108117e-30,3.379245845024123e-12,-0.006549887234334783,0.012579770070124171,-0.007303270297245699,0.9909141538962999,-0.18303500051037294,-0.8004751362292968
6.026199999999893,0.9670539969689584,-0.1535337224597534,-0.820194200178766,0.9763525550261632,-0.15334881383697635,-0.8242911176051685,0.003018536521206009,0.007465526541368046,0.040793185114264656,8.401144142510236e-13,8.325270257202886e-31,3.088098841829289e-12,-0.012229126160762825,-0.00541421969584869,0.0015069065392066736,0.9793710915482093,-0.15033027731577034,-0.8212725810808744
6.0262999999998925,0.9508996642368004,-0.107784956732991,-0.8247308725797067,0.9637342500752681,-0.12060445438467988,-0.8443867871487907,0.0029878928882671797,0.007811474897312919,0.04038142245466318,7.796917719136815e-13,6.570423187641135e-31,2.8220363046238563e-12,-0.0157970271516322,0.006112687289421001,0.01730276511619549,0.966722142964315,-0.11761656149641271,-0.8413988942577014
6.026399999999892,0.9451214391142124,-0.089024565582524,-0.8486834455341312,0.9501648557725989,-0.08774107289665839,-0.8636491488775528,0.002816270779198517,0.0077973237428010265,0.04021199712656212,7.236148420710822e-13,5.18532707904959e-31,2.5788970212810773e-12,-0.007908532360541993,-0.006783481492480587,0.012681053570729274,0.9529811265525211,-0.08492480211745987,-0.8608328780957754
6.026499999999892,0.9358382014969948,-0.051484015499462,-0.8822230393734174,0.9356577634720796,-0.054791101562796464,-0.8820591931660022,0.002512567441527729,0.007997465755888673,0.04277709379674516,6.715710727335036e-13,4.092245759350851e-31,2.3567059840709063e-12,-0.002428931492969029,0.0009405766515635825,-0.0025016991891513513,0.9381703309142789,-0.05227853412126873,-0.8795466257221178
6.026599999999892,0.9214955873139916,-0.0268461353877449,-0.8926216277791604,0.920227289922348,-0.021787058026702066,-0.8995987515230973,0.002093347818044624,0.007147271751192898,0.04259498477965252,6.232703912506632e-13,3.229671549747775e-31,2.153658346775172e-12,-0.0009195172830104216,-0.004329710206344374,0.004624385185682421,0.9223206377410159,-0.01969371020865744,-0.8975054037028991
6.026699999999892,0.9225852999694436,0.0179438853465905,-0.9114501845096964,0.9038886631378544,0.01123848670528115,-0.9162505145223168,0.001582261277683986,0.0071718347727236,0.04002327674947404,5.784435875544428e-13,2.5489272652343136e-31,1.968104764015745e-12,0.017070379004931194,0.00866263998228372,0.002657707479030545,0.9054709244161169,0.012820747982965137,-0.9146682532426647
6.026799999999891,0.8981304571800183,0.0582686324595597,-0.9255199228126144,0.8866580073706483,0.04425294040772522,-0.9319980488839716,0.0010086271640717657,0.0077622680351664645,0.042480267754851406,5.368408136819215e-13,2.0116318088539248e-31,1.7985379937079907e-12,0.010491765813351022,0.014856519922201706,0.004883542243294725,0.8876666345352568,0.04526156757179699,-0.9309894217181013
6.026899999999891,0.8627740397416007,0.0783174231733432,-0.9488879877807308,0.8685523271976897,0.07722372180070941,-0.9468258136928702,0.00040520728424124516,0.007262253523643101,0.043894292121131454,4.982301912155632e-13,1.5875747360539866e-31,1.6435806538118186e-12,-0.006099245612498948,-0.0003700467863575732,-0.0027965350984332257,0.8689575344824292,0.07762892908495066,-0.9464206064069854
6.026999999999891,0.8534855797129024,0.1094158687839187,-0.95870122575329,0.8495894907393842,0.11011829270360936,-0.960719175735324,-0.00019464232554861107,0.006935978206873099,0.04572925383494612,4.623965188790136e-13,1.2529223679343603e-31,1.5019740339291799e-12,0.004187235856920955,-0.0037027652824077146,0.00229366495825997,0.8493948484142979,0.10992365037806075,-0.9609138180593706
6.027099999999891,0.8267825703800433,0.1339608485698751,-0.9845720997848516,0.8297882120259049,0.1429041901463541,-0.9736644239403627,-0.000760062987815091,0.007966245488663273,0.046901320661056234,4.2914007308505787e-13,9.88827040480073e-32,1.3725678708650613e-12,-0.002186273358795437,-0.011313523552714427,-0.009703200032166721,0.829028149038519,0.14214412715853902,-0.9744244869268052
6.02719999999989,0.8062626613000224,0.1727715098544497,-0.9835664342722522,0.8091680325287045,0.17554905840645688,-0.9856487829109072,-0.001265522393211054,0.007955527502273716,0.04898007671269682,3.982754947505017e-13,7.803970170937782e-32,1.2543110050994918e-12,-0.0016472749472361621,-0.002462412550892413,0.003934833951455141,0.8079025101358916,0.1742835360132458,-0.986914305302864
6.02729999999989,0.7877442766512125,0.1934429016046371,-0.9929116167912172,0.7877493018754422,0.208020680940208,-0.9966604255315425,-0.0016928662910784644,0.007751159953976175,0.049644011463373675,3.6963075617344514e-13,6.158932389771188e-32,1.1462428422735353e-12,0.0016187531308544793,-0.01105476513847012,0.005886058512508157,0.7860564355847334,0.20632781464912955,-0.9983532918214748
6.02739999999989,0.768227120574059,0.2303220825079113,-1.009148134878436,0.7655531577673581,0.2402870121765131,-1.006688484640454,-0.0020322049875569205,0.007613813674887772,0.049871222077054675,3.4304620221473036e-13,4.8606430196214623e-32,1.0474855503313487e-12,0.004611838961027146,-0.004612831390039414,-0.0003366968362903731,0.7635209527801442,0.2382548071889562,-1.0087206896269636
6.02749999999989,0.7369196252764861,0.27074585856724,-1.029970951842852,0.7426015051189139,0.2723162091420037,-1.0157230637540033,-0.0022814738732334153,0.007866026768211258,0.0516376807500096,3.183736604394731e-13,3.8360635886781635e-32,9.572369289361548e-13,-0.003471381181051995,0.0032475539770653724,-0.012266165907927465,0.7403200312459989,0.2700347352687703,-1.0180045376262796
6.0275999999998895,0.7239079618120986,0.3106581806371589,-1.01772690480718,0.7189169944402867,0.3040766628862066,-1.0237552468333637,-0.0024447749759194124,0.00821549124453157,0.050145194244318264,2.95475615258906e-13,3.0274760881367985e-32,8.747638932386889e-13,0.0074238708135739425,0.009079428728043844,0.00793457994306098,0.7164722194646627,0.30163188791028717,-1.0262000218084082
6.027699999999889,0.6814784297326215,0.353617438542622,-1.0301320561171416,0.6945229994840506,0.33553702967576265,-1.0307771070835725,-0.0025298549817548027,0.007978844429437613,0.05002683960253739,2.7422444146954495e-13,2.389316925386041e-32,7.99396519067171e-13,-0.010462563480795328,0.018191891865010173,0.0026612641281950028,0.69199314450257,0.33300717469400787,-1.0333069620645279
6.027799999999889,0.6653774429581008,0.3573395101678172,-1.0450724185046782,0.6694435941781048,0.3666662619269067,-1.0367817147763227,-0.0025452495299536485,0.0077237149105082795,0.04709720526934231,2.5450169291767823e-13,1.8856612477007734e-32,7.305226011681531e-13,-0.0014325558443092135,-0.009988831416993313,-0.005987563540432115,0.6668983446484057,0.36412101239695305,-1.0393269643055458
6.027899999999889,0.6603515483188767,0.4042329795200129,-1.046512283923256,0.6437035288676126,0.39743363884568467,-1.0417631440887667,-0.002497681253796848,0.006798422206513848,0.04610990709321284,2.3619744232447405e-13,1.4881743623053953e-32,6.675826802951618e-13,0.019224487575536447,0.007484374379976793,-0.00211077247992421,0.6412058476140519,0.3949359575918878,-1.044260825341896
6.027999999999889,0.6151549268123553,0.4252192689736694,-1.060057571420591,0.6173282058894,0.42780879674566835,-1.0457164789515883,-0.0023902299623354147,0.006015158952828054,0.04686898826098814,2.192096685921425e-13,1.1744826442171533e-32,6.100654987503773e-13,0.00024617958538325637,0.0005814739298050288,-0.011502420448600715,0.6149379759272837,0.42541856678333295,-1.0481067089133138
6.028099999999888,0.5982102947195334,0.4523397050252264,-1.0588264502137306,0.5903436545029145,0.4577617590132481,-1.0486378179005695,-0.0022216264143899065,0.005548810512243157,0.04361848192043388,2.0344368817620202e-13,9.269158651724257e-33,5.575038474649972e-13,0.010053982119650494,-0.0004039454578702562,-0.0074324684953614535,0.5881220280887279,0.4555401325988582,-1.050859444314402
6.028199999999888,0.5604344216741299,0.4870057179465282,-1.0562973368834805,0.5627765052024903,0.4872629656909306,-1.0505242779268655,-0.001986802492290009,0.005385109701981854,0.040390963177159574,1.888116273545585e-13,7.315302023269053e-33,5.094707708843067e-13,-0.00043437269192738933,0.004612312916300321,-0.003424446404334932,0.5607897027103892,0.4852761631986406,-1.0525110804186462
6.028299999999888,0.5368913698201273,0.5136959396208252,-1.0423633948473918,0.5346539634362648,0.516283302649449,-1.0513739973221854,-0.0016786040042510927,0.004817465110203891,0.03749588912784118,1.7523193245199287e-13,5.773281145762827e-33,4.655760988299659e-13,0.0038333107763657403,0.0001095800953597873,0.010707539275768342,0.5329753594321889,0.5146046986451979,-1.053052601325971
6.028399999999888,0.503914594072469,0.5433390274032679,-1.0563582429881229,0.5060037827576852,0.5447941303198931,-1.0511861375160738,-0.0012903732819279825,0.0048134917748430045,0.035780991137672316,1.6262891529025556e-13,4.5563173332721763e-33,4.2546327716797203e-13,-0.0008428752219637814,-0.0016634888405236935,-0.004209097357345368,0.5047134094759199,0.5435037570379652,-1.0524765107975764
6.028499999999887,0.4747010262491462,0.5679785835708238,-1.0440650400807558,0.476854237436103,0.5727673119575063,-1.049960883903479,-0.000818959269543632,0.0054366798157441335,0.03714069201624412,1.509323313302559e-13,3.595893207178612e-33,3.888064715380107e-13,-0.0013179429628297887,-0.006923951618997334,0.006205878884350338,0.4760352781667103,0.5719483526879626,-1.0507798431726338
6.028599999999887,0.4410835590803018,0.588315530836777,-1.050372869760859,0.44723409455348323,0.6001752414092557,-1.0476994456617896,-0.00026762508969548955,0.005523768633504944,0.0327222175684316,1.400769881550765e-13,2.8379164391118087e-33,3.553079206179189e-13,-0.005815710420372729,-0.013976400376664042,-0.0028479480383078334,0.4469664694639278,0.5999076163195602,-1.04796707075113
6.028699999999887,0.4215636604955806,0.6148030814869331,-1.0399418589746834,0.4171725856147677,0.6269908703577717,-1.0444040545575237,0.0003516876607096938,0.0055997099278978,0.030682678214182326,1.3000238211164617e-13,2.2397066709842153e-33,3.2469551742398773e-13,0.004122227109857387,-0.012752833637810618,0.003946571137098175,0.4175242732756074,0.6273425580184814,-1.0440523668964894
6.028799999999887,0.381645497535673,0.6593581430246767,-1.0379400989382086,0.3866993776999089,0.6531877350147725,-1.0400779627438437,0.0010171961341770288,0.0064995605587285805,0.03546939526366871,1.2065236108583414e-13,1.7675924915342223e-33,2.967205990001063e-13,-0.006015146948143608,0.0072133526029492445,0.0013084685614412706,0.3877165738342066,0.6542049311489495,-1.03906076660937
6.028899999999887,0.3636447456438114,0.6781622188213696,-1.0237756881130335,0.355844544185819,0.67873998223781,-1.0347254395510317,0.0016975011538093224,0.006562375402049583,0.03664027423395868,1.1197481153134043e-13,1.3949992396402752e-33,2.7115592654131016e-13,0.006103711083751602,0.0006218283500440199,0.009694678930442575,0.3575420453397403,0.6804374833916192,-1.0330279383969512
6.028999999999886,0.336386208141826,0.7010544934285449,-1.0280974035071164,0.32463853506870066,0.7036223950432878,-1.0283517672733884,0.002353261292066609,0.0061795507940573275,0.037093284208501554,1.0392136800850359e-13,1.1009474117324983e-33,2.47793839545895e-13,0.009341043633766137,-0.003161927532037676,-0.0016195878912371746,0.32699179636087117,0.7059756563353544,-1.025998505981074
6.029099999999886,0.2995439311374955,0.7304893960528828,-1.028600201411746,0.2931121469113317,0.7278104174944049,-1.0209632359558218,0.0029401567057589038,0.006750557460732689,0.03945242528648624,9.64471436125522e-14,8.688780769368842e-34,2.2644456899780507e-13,0.0034121440440759913,-0.0008073603209194605,-0.01029223831659634,0.29605230361718704,0.7307505742001638,-1.0180230792498364
6.029199999999886,0.2627635406938311,0.7604849206141097,-1.0184471383958271,0.2612964924528209,0.7512801789330749,-1.0125671371867566,0.0034128105930991107,0.006970270086378344,0.04046116492106435,8.951047979140481e-14,6.857255381898786e-34,2.0693469588498153e-13,-0.002010321262225481,0.003353900458082082,-0.009335677197012619,0.2647093030460095,0.7546929895261739,-1.0091543265934506
6.0292999999998855,0.2366801543791356,0.7783428792358533,-1.0022093386633937,0.2292229699029681,0.7740085175382962,-1.0031717569020044,0.0037292236347787173,0.0068519044379010225,0.03942644574887925,8.307271415599202e-14,5.411800235224681e-34,1.8910574252467443e-13,0.003710966062787751,-0.002040036112750023,-0.0031105001722085564,0.23295219353782987,0.7777377411730749,-0.9994425332670367
6.029399999999885,0.19815532855252,0.7934707015612483,-0.9977133358824144,0.19692323195624659,0.7959730031838915,-0.9927863672075883,0.0038552154745000824,0.007106094715877852,0.040985353317595216,0.0,0.0,0.0,-0.0026231188782266748,-0.006357517097143281,-0.008782184149326197,0.20077844743074666,0.7998282186583916,-0.9889311517330882
6.029499999999885,0.1753045914305691,0.8293776292483582,-0.97341372561295,0.16442915455441506,0.8171519595743331,-0.9814212172292934,0.00376835169245046,0.0068851522370741575,0.040690493991659395,0.0,0.0,0.0,0.007107085183703567,0.008457317981574704,0.004239139923892939,0.16819750624686552,0.8209203112667836,-0.9776528655368429
6.029599999999885,0.1200306995781828,0.8520719508980388,-0.9686004015297056,0.13177280542881148,0.8375244856366298,-0.9690875229980168,0.0034608715655507992,0.00652507503113168,0.038878369257694,0.0,0.0,0.0,-0.015202977416179481,0.011086593695858132,-0.002973750097239597,0.13523367699436228,0.8409853572021806,-0.9656266514324661
6.029699999999885,0.0985804982927407,0.8622922669509264,-0.933249433899583,0.0989864124533738,0.8570704761471636,-0.9557974563809,0.002941231161722756,0.006879665170527966,0.04018997927173038,0.0,0.0,0.0,-0.0033471453223558674,0.002280559642040082,0.019606791319594176,0.10192764361509657,0.8600117073088863,-0.9528562252191772
6.029799999999884,0.051706666749972,0.8840597279824327,-0.9526959478621924,0.0661023318396195,0.8757706415731165,-0.9415641330691648,0.002234039486636485,0.006628190581697337,0.03879669771207543,0.0,0.0,0.0,-0.016629704576283984,0.006055046922679764,-0.01336585427966409,0.06833637132625599,0.8780046810597529,-0.9393300935825283
6.029899999999884,0.0218933833949334,0.9031955805571656,-0.9228669862899682,0.033153016204971,0.8936065271089113,-0.9264015996345097,0.0013783749302941396,0.007103449436829981,0.03683497344941268,0.0,0.0,0.0,-0.012638007740331738,0.008210678517960196,0.002156238414247387,0.03453139113526514,0.8949849020392054,-0.9250232247042156
6.029999999999884,0.0109108978777617,0.9183674684867806,-0.91835029817975,0.000170982545940504,0.910560530888877,-0.91032481966684,0.00042468476195107064,0.007989148436573468,0.03673232128641759,0.0,0.0,0.0,0.010315230569870125,0.007382252835952559,-0.008450163274861092,0.0005956673078915747,0.9109852156508281,-0.9099001349048889
6.030099999999884,-0.0266923901025711,0.9294088451024288,-0.8972071113439939,-0.03281121985221987,0.9266159213581646,-0.8933496590070106,-0.0005693543464701435,0.008103267163549826,0.035402348250615036,0.0,0.0,0.0,0.0066881840961189095,0.003362278090734352,-0.00328809799051317,-0.03338057419869001,0.9260465670116945,-0.8939190133534807
6.030199999999883,-0.0733890044990948,0.9435810074455636,-0.8751390641453998,-0.06576104153773282,0.9417568537847715,-0.8754928700891563,-0.0015435259997463148,0.008150466468854622,0.036732239837582156,0.0,0.0,0.0,-0.006084436961615663,0.003367679660538453,0.0018973319435028725,-0.06730456753747914,0.9402133277850252,-0.8770363960889026
6.030299999999883,-0.1132853848082934,0.9564035708563678,-0.8769387847499964,-0.09864596501467507,0.95596838589638,-0.8567720754080633,-0.002439776993889696,0.007723222600318489,0.03943881532276549,0.0,0.0,0.0,-0.012199642799728629,0.0028749619538775404,-0.0177269323480434,-0.10108574200856477,0.9535286089024904,-0.859211852401953
6.030399999999883,-0.1583981788774858,0.9560955547861556,-0.8375438579847844,-0.13143353683381995,0.9692364926265747,-0.8372057501278923,-0.0032064102374372867,0.008367511684928101,0.0415629075993441,0.0,0.0,0.0,-0.023758231806228575,-0.009934527602981856,0.002868302380545253,-0.13463994707125723,0.9660300823891375,-0.8404121603653296
6.030499999999883,-0.172168178413874,0.9823012069668045,-0.8043440259521437,-0.16409139962027364,0.981548079955891,-0.8168132038494239,-0.0038013375624438013,0.009468748634994431,0.045462148439660094,0.0,0.0,0.0,-0.004275441231156557,0.004554464573357259,0.016270515459723994,-0.16789273718271744,0.9777467423934472,-0.8206145414118677
6.0305999999998825,-0.1812613928233148,0.9768743443233494,-0.8023466474907621,-0.19658732400629758,0.9928909978340312,-0.7956145615538129,-0.0041941443106630035,0.00992839699248433,0.04522762285886533,0.0,0.0,0.0,0.019520075493645785,-0.01182250920001882,-0.00253794162628618,-0.2007814683169606,0.9886968535233682,-0.7998087058644759
6.030699999999882,-0.2295693554982926,0.9915975230480564,-0.7748215048888744,-0.22888924043780345,1.0032540521704962,-0.773630743741662,-0.004366950711755694,0.010582075153982691,0.0478320554008463,0.0,0.0,0.0,0.0036868356512665436,-0.007289578410684169,0.0031761895645433004,-0.23325619114955914,0.9988871014587405,-0.7779976944534177
6.030799999999882,-0.2695301087770195,1.0178200666664408,-0.7459260890996503,-0.2609652708231311,1.012627015881803,-0.7508834457870128,-0.004314260061064127,0.010474699756852163,0.05203158585197638,0.0,0.0,0.0,-0.004250577892824277,0.009507310845701958,0.00927161674842665,-0.2652795308841952,1.0083127558207388,-0.755197705848077
6.030899999999882,-0.2928910381310079,1.0227417366942282,-0.7317329790953035,-0.29278375999287637,1.02100063898438,-0.7273951165266321,-0.004042094506810263,0.009890931629401812,0.051908715112190335,0.0,0.0,0.0,0.003934816368678712,0.005783192216658468,-0.0002957680618611508,-0.2968258544996866,1.0169585444775697,-0.7314372110334424
6.030999999999882,-0.3401915788587216,1.0357180991017552,-0.7104708861920593,-0.3243133069397217,1.028366657723185,-0.7031889361057199,-0.0035667224761588255,0.009145900548853217,0.0523007015985499,0.0,0.0,0.0,-0.01231154944284105,0.01091816385472907,-0.003715227610180647,-0.3278800294158805,1.024799935247026,-0.7067556585818787
6.031099999999881,-0.3606986505845034,1.0285867458292006,-0.6985817108317544,-0.35552279580743895,1.0347178027270327,-0.6782887931019032,-0.0029132055313929443,0.008625145920894216,0.04948105582874813,0.0,0.0,0.0,-0.002262649245671504,-0.0032178513664391658,-0.017379712198458255,-0.3584360013388319,1.0318045971956398,-0.6812019986332961
6.031199999999881,-0.3876619751957659,1.027590944177872,-0.6490042582649787,-0.38638142659848324,1.0400478061825877,-0.6527192609500961,-0.0021138823704439113,0.007553841010481274,0.045878004519913154,0.0,0.0,0.0,0.0008333337731612511,-0.010342979634271941,0.005828885055561396,-0.38849530896892714,1.0379339238121439,-0.6548331433205401
6.031299999999881,-0.4188100547703131,1.0400019418741713,-0.6280574304482872,-0.41685874556987135,1.0443514080199385,-0.6265055736914859,-0.0012068142617897603,0.006806674540166212,0.04172776465670506,0.0,0.0,0.0,-0.0007444949386519707,-0.003142651883977495,-0.00034504249501160164,-0.4180655598316611,1.0431445937581487,-0.6277123879532757
6.031399999999881,-0.4409929692132518,1.0468825905074255,-0.6076018789912873,-0.4469246752871341,1.0476243611036316,-0.5996736010707756,-0.00023417419731730822,0.005534811574011408,0.039547760830552704,0.0,0.0,0.0,0.006165880271199579,-0.0005075963988887513,-0.007694103723194342,-0.4471588494844514,1.0473901869063142,-0.5999077752680929
6.03149999999988,-0.4733071250222772,1.0498186590800656,-0.5702324752575519,-0.47654954430797947,1.0498634354241692,-0.5722498230050903,0.0007594304951533344,0.004487116528845179,0.036794706929619725,0.0,0.0,0.0,0.0024829887905489572,-0.0008042068392569375,0.001257917252385033,-0.47579011381282615,1.0506228659193224,-0.5714903925099369
6.03159999999988,-0.4990222514174606,1.060311659687562,-0.5471253045203173,-0.5057041164631186,1.0510664212854965,-0.54426130345266,0.0017286846641643722,0.0032855930731106302,0.03357784792769916,0.0,0.0,0.0,0.00495318038149367,0.007516553737900998,-0.004592685731821646,-0.5039754317989542,1.052795105949661,-0.5425326187884956
6.03169999999988,-0.5377521312510377,1.0493005979447043,-0.5174280168688179,-0.5343596197097088,1.0512321314858062,-0.5157356637031878,0.0026293028011355572,0.002992617749369629,0.031591670880810885,0.0,0.0,0.0,-0.00602181434246447,-0.004560836342237428,-0.004321655966765658,-0.5317303169085732,1.0538614342869417,-0.5131063609020522
6.03179999999988,-0.5525197369181226,1.0548111218888525,-0.4786946331532082,-0.5624877745256666,1.0503604024891375,-0.48670105511916395,0.003419734588843966,0.0037987083539766774,0.030800646810578636,0.0,0.0,0.0,0.006548303018699979,0.0010309848108710092,0.00458668737711178,-0.5590680399368226,1.0537801370779816,-0.48328132053031997
6.03189999999988,-0.5737130830233169,1.0427141520006011,-0.4642567455598693,-0.5900608218185369,1.04845209458673,-0.45718613135343966,0.00406280092240796,0.003990695620163641,0.028659230245877448,0.0,0.0,0.0,0.01228493787281204,-0.009800743508536769,-0.011133415128837587,-0.585998020896129,1.052514895509138,-0.4531233304310317
6.031999999999879,-0.6211314849671636,1.0516547544300678,-0.4148907269125507,-0.6170515503183918,1.045509091048195,-0.4272200200736826,0.004527226805919732,0.00519332656854064,0.029518057059812444,0.0,0.0,0.0,-0.00860716145469161,0.001618436575953103,0.007802066355212173,-0.612524323512472,1.0500363178541148,-0.4226927932677629
6.032099999999879,-0.6466717236914317,1.0442923487602496,-0.4039320676429858,-0.6434333234360164,1.0415342962626075,-0.3968322942125823,0.004789033488205385,0.00667376800948046,0.03202897120267358,0.0,0.0,0.0,-0.008027433743620603,-0.0020309809905633353,-0.01188880691860885,-0.6386442899478111,1.046323329750813,-0.39204326072437695
6.032199999999879,-0.6546404557093,1.0332657910298402,-0.3673338021868386,-0.6691801055460591,1.0365316328725727,-0.36605294278723954,0.0048327381376462005,0.007033801436368611,0.03658562810687802,0.0,0.0,0.0,0.00970691169911295,-0.008098579980378686,-0.006113597537245244,-0.6643473674084129,1.041364371010219,-0.36122020464959337
6.032299999999879,-0.6921446873771079,1.031161621539537,-0.3157601821722323,-0.6942664876833823,1.0305060379027833,-0.3349123413010213,0.004652283768502147,0.007736796617632152,0.03987372345126875,0.0,0.0,0.0,-0.002530483462227745,-0.003996700131748482,0.01449987536028689,-0.6896142039148802,1.0351583216712854,-0.3302600575325192
6.032399999999878,-0.7041665783566943,1.0241617537564798,-0.2910872370343951,-0.7186677126164577,1.023463457888279,-0.3034412217693035,0.00425159068520099,0.008646025055054112,0.044044872575696246,0.0,0.0,0.0,0.010249543574562415,-0.0035532948170002967,0.008102394049707407,-0.7144161219312567,1.02771504857348,-0.2991896310841025
6.032499999999878,-0.7431739787870182,1.01488930370478,-0.2681507383310132,-0.7423596992833464,1.0154108430049897,-0.2716706423861502,0.003644606679199733,0.009317550793945209,0.04622566912935811,0.0,0.0,0.0,-0.004458886182871477,-0.0041661459794095496,-0.0001247026240627641,-0.7387150926041467,1.0190554496841895,-0.26802603570695044
6.032599999999878,-0.7516333869738598,1.0214995095393284,-0.2451493481985857,-0.7653190665532185,1.0063561402116956,-0.23963195687815697,0.002854765805408053,0.00928125460276396,0.047302115775044215,0.0,0.0,0.0,0.01083091377395057,0.012288603522224774,-0.008372157125836775,-0.7624643007478105,1.0092109060171037,-0.23677719107274892
6.032699999999878,-0.7852097848688052,0.995724214186518,-0.2104194342092435,-0.7875231563024965,0.996308285406866,-0.20735678355984274,0.0019138506023875016,0.009073995738988962,0.0480912613879373,0.0,0.0,0.0,0.0003995208313037565,-0.002497921822735483,-0.004976501251788257,-0.785609305700109,0.9982221360092535,-0.20544293295745525
6.032799999999877,-0.8064717413668474,0.9826962530345432,-0.1740196486397515,-0.8089500557753301,0.9852771946101013,-0.17487697413064396,0.0008603626002888077,0.008167463684487394,0.047824369803978084,0.0,0.0,0.0,0.0016179518081938658,-0.003441304175846912,-3.0371093963500566e-06,-0.8080896931750413,0.9861375572103901,-0.17401661153035516
6.032899999999877,-0.8175214520484381,0.9550080731527806,-0.1425775984896206,-0.829578619208841,0.9732737541762182,-0.14222458224113185,-0.0002623994355106833,0.007780697809898352,0.04460368216479814,0.0,0.0,0.0,0.012319566595913631,-0.018003281587926936,-9.061681297805783e-05,-0.8298410186443517,0.9730113547407075,-0.14248698167664253
6.032999999999877,-0.8535980758658176,0.950833003748996,-0.1117179218848576,-0.8493884887014368,0.9603098100517315,-0.10943183185993031,-0.0014083063752988586,0.0067775566153776695,0.0417693538677212,0.0,0.0,0.0,-0.0028012807890819428,-0.008068499927436648,-0.0008777836496284283,-0.8507967950767357,0.9589015036764327,-0.11084013823522917
6.033099999999877,-0.8779997453948661,0.941193956932342,-0.0791829327992899,-0.8683601143036029,0.9463981560843364,-0.07653108547254861,-0.0025301793866256074,0.006299201602799008,0.03648377580440788,0.0,0.0,0.0,-0.007109451704637594,-0.00267401976536883,-0.00012166794011567823,-0.8708902936902285,0.9438679766977108,-0.07906126485917422
6.033199999999876,-0.8928710238424034,0.9222887483793764,-0.048422625756904,-0.8864747733113424,0.9315525213969243,-0.04355481214351579,-0.003581232974294961,0.0057130428419428425,0.03242747999573636,0.0,0.0,0.0,-0.0028150175567660043,-0.005682540043253033,-0.001286580639093253,-0.8900560062856373,0.9279712884226294,-0.04713604511781075
6.033299999999876,-0.9034687790246756,0.9225198401468356,-0.0258395255444518,-0.9037145887432237,0.9157875568385964,-0.01053555547333367,-0.004516155881963405,0.004775707994713291,0.03048421170333143,0.0,0.0,0.0,0.004761965600511556,0.011248439190202679,-0.010787814189154726,-0.9082307446251872,0.911271400956633,-0.015051711355297075
6.033399999999876,-0.9363671925469266,0.8930938650434588,0.0141383489562323,-0.9200625469828041,0.8991188205260444,0.02249409851812754,-0.005291946020602939,0.004803692358461382,0.031187945961799798,0.0,0.0,0.0,-0.01101269954351954,-0.0007330094619826975,-0.003063803541292302,-0.925354493003407,0.8938268745054415,0.017202152497524603
6.033499999999876,-0.9344078365201676,0.886960896997408,0.0583189930838932,-0.9355025145690138,0.8815627624895679,0.055501553550096866,-0.005868727746295199,0.004487100755686141,0.03249493057959411,0.0,0.0,0.0,0.0069634057951414195,0.011266862254135302,0.008686167280091531,-0.941371242315309,0.8756940347432727,0.04963282580380167
6.033599999999876,-0.9583706825265516,0.8587081997724987,0.0729229541638714,-0.9500192541180371,0.8631367084387437,0.08845423524973452,-0.006210824695581408,0.005032820453022931,0.03247972383547641,0.0,0.0,0.0,-0.002140603712933031,0.0017823160293364065,-0.009320456390281708,-0.9562300788136185,0.8569258837431623,0.08224341055415312
6.033699999999875,-0.9583010304089818,0.8394149969236093,0.1153263891413667,-0.9635984393602612,0.8438588426647247,0.12131962329791413,-0.006288316627460862,0.006097942153170922,0.03688142522442235,0.0,0.0,0.0,0.011585725578740255,0.0018444708863455247,0.00029508247091343445,-0.9698867559877221,0.8375705260372638,0.11503130667045326
6.033799999999875,-0.998924619327399,0.8186625319153777,0.1433239217989395,-0.9762266692795921,0.8237481900931755,0.15406528352523297,-0.006079176546394845,0.0071618162161150075,0.038926765034270124,0.0,0.0,0.0,-0.01661877350141199,0.0009935183685971308,-0.00466218517989863,-0.982305845825987,0.8176690135467806,0.14798610697883813
6.033899999999875,-0.9972177778680312,0.7990157558268001,0.1838293364509156,-0.9878914813376224,0.8028245975103322,0.1866588999182402,-0.0055718955810442694,0.008278757260398138,0.038204122735215784,0.0,0.0,0.0,-0.00375440094936457,0.0017630538975121424,0.0027423321137196666,-0.9934633769186667,0.7972527019292879,0.18108700433719593
6.033999999999875,-1.0144522283170645,0.791701285793331,0.2128470688596448,-0.9985813637731608,0.781108713975938,0.2190683065126311,-0.0047683097943298424,0.00841540029848166,0.04005257370559636,0.0,0.0,0.0,-0.011102554749573897,0.01536088161172288,-0.001452927858656452,-1.0033496735674905,0.7763404041816081,0.21429999671830124
6.034099999999874,-1.0165067972436974,0.73770276215445,0.260690688173565,-1.0082857669628484,0.7586219704452508,0.25126151913693207,-0.00368619574804041,0.00839246493780662,0.0400647759323596,0.0,0.0,0.0,-0.004534834532808563,-0.01723301254276044,0.013115364784673345,-1.0119719627108887,0.7549357746972104,0.24757532338889165
6.034199999999874,-1.0157805172253036,0.7178846163538036,0.2856689515801892,-1.016995113832364,0.7353865586192779,0.28320676697701685,-0.0023611282147846546,0.007992901982299617,0.04077299881890736,0.0,0.0,0.0,0.0035757248218451242,-0.015140814050689648,0.004823312817956978,-1.0193562420471487,0.7330254304044933,0.2808456387622322
6.034299999999874,-1.0260207699950152,0.7065000445842099,0.3036240495382442,-1.0247008093078396,0.7114254090442461,0.31487252393006393,-0.0008471015625444754,0.007813435572703907,0.04020783223689524,0.0,0.0,0.0,-0.00047285912463118326,-0.004078262897491743,-0.010401372829275276,-1.025547910870384,0.7105783074817016,0.31402542236751946
6.034399999999874,-1.0324338742613208,0.6872026168242871,0.3516745626767185,-1.0313952487981606,0.6867621684819214,0.34622753971701387,0.0007844918146338569,0.006794866459107033,0.040798142872965085,0.0,0.0,0.0,-0.0018231172777941045,-0.00034404347226818337,0.00466253114507076,-1.0306107569835268,0.6875466602965552,0.3470120315316477
6.034499999999873,-1.0365302745914446,0.668123208030897,0.3719050941315283,-1.03707182569978,0.6614211765731094,0.3772408707228221,0.0024477596385527106,0.005873228941647136,0.03771075917987335,0.0,0.0,0.0,-0.0019062085302173964,0.004254271819234872,-0.007783536229846517,-1.0346240660612271,0.6638689362116621,0.3796886303613748
6.034599999999873,-1.0375436344918725,0.6411634641812062,0.4048250907233369,-1.0417249379166371,0.635427441817369,0.4078819105340708,0.004047084054506962,0.0048973113466288295,0.034493283742663215,0.0,0.0,0.0,0.00013421937025767574,0.0016889383093302282,-0.0071039038652408746,-1.03767785386213,0.6394745258718759,0.4119289945885778
6.034699999999873,-1.050247731116025,0.6083318837397821,0.4427660040450707,-1.0453499933887507,0.6088066168926424,0.4381204201438039,0.005483515213681798,0.004640832060923534,0.031988798234456,0.0,0.0,0.0,-0.010381252940956109,-0.005958248366542083,-0.0008379313124150063,-1.0398664781750688,0.6142901321063242,0.4436039353574857
6.034799999999873,-1.0386539595104725,0.5928327844958403,0.4665522669581992,-1.0479434146240285,0.581584973339159,0.46792655779377645,0.006662287898951541,0.0038688503511392766,0.03248632801863206,0.0,0.0,0.0,0.0026271672146045144,0.0045855232577297345,-0.008036578734528815,-1.041281126725077,0.5882472612381106,0.47458884569272797
6.0348999999998725,-1.0402768935721052,0.5654488155800269,0.5072248166536194,-1.0495026422288187,0.5537893756325971,0.49727090842466654,0.007500771135321875,0.0031181248392787592,0.02942827835713396,0.0,0.0,0.0,0.0017249775213916754,0.00415866881210792,0.002453137093630993,-1.0420018710934968,0.561290146767919,0.5047716795599884
6.034999999999872,-1.0429196964987513,0.5304724626866995,0.5228039194714907,-1.0500261374337232,0.52544725467209,0.5261245127051879,0.007936036301140014,0.0040619458980858895,0.029780420963664313,0.0,0.0,0.0,-0.0008295953661680896,-0.002910828286530531,-0.01125662953483717,-1.0420901011325832,0.53338329097323,0.5340605490063279
6.035099999999872,-1.0411259537953306,0.5077832307776394,0.5522556798629971,-1.049513383612177,0.4965865807092395,0.5544588956114539,0.007931200405574846,0.005048191932771597,0.030370447531025704,0.0,0.0,0.0,0.0004562294112716355,0.0032654496628250814,-0.010134416154031678,-1.0415821832066021,0.5045177811148144,0.5623900960170287
6.035199999999872,-1.0419374126355232,0.4726674084998863,0.5794294677323399,-1.0479648867902966,0.46723583574485567,0.5822460945283873,0.0074797830009098775,0.005723393805278117,0.03301538369580484,0.0,0.0,0.0,-0.0014523088461364285,-0.0020482102458792327,-0.010296409796957205,-1.0404851037893867,0.47471561874576557,0.5897258775292972
6.035299999999872,-1.0258988563651703,0.4357635877479049,0.6068807409887299,-1.0453821751474703,0.43742398542044236,0.6094586868456415,0.006607495645030996,0.007026669856860031,0.035460739889827696,0.0,0.0,0.0,0.012875823137269034,-0.008267893317568446,-0.009185441501942618,-1.0387746795024393,0.44403148106547335,0.6160661824906726
6.035399999999871,-1.0398674937940633,0.4150235964857313,0.646172298976035,-1.0417677975083424,0.4071804504336934,0.6360698170194313,0.005371131831590587,0.007726167229424728,0.036634785593524406,0.0,0.0,0.0,-0.0034708281173115143,0.0024720142204473104,0.004731350125013095,-1.0363966656767518,0.412551582265284,0.6414409488510219
6.035499999999871,-1.0377134613782388,0.3789872140428875,0.6676327429182385,-1.0371253208272062,0.37653507750164217,0.6620532230776601,0.0038545166597596706,0.008308730351367772,0.04003279409499933,0.0,0.0,0.0,-0.004442657210792294,-0.0014023801185143506,0.0017250031808186913,-1.0332708041674465,0.38038959416140183,0.6659077397374198
6.035599999999871,-1.0364350743661914,0.3463154574395558,0.7007659453393196,-1.0314593266680756,0.34551810990772935,0.6873832625353685,0.002161791256827738,0.008291187978861848,0.039587919060410426,0.0,0.0,0.0,-0.007137538954943555,-0.001364443725001318,0.011220891547123314,-1.029297535411248,0.3476799011645571,0.6895450537921962
6.035699999999871,-1.0328450583721491,0.3259021035245971,0.7289865648041262,-1.0247754066831218,0.31416015765424604,0.7120349377017444,0.00040862403119539654,0.007950439798749499,0.0402544027751252,0.0,0.0,0.0,-0.008478275720222687,0.011333321839155648,0.016543003071186342,-1.0243667826519265,0.31456878168544145,0.7124435617329398
6.03579999999987,-1.0277176187537045,0.2620093094016775,0.7256512459959096,-1.0170801570944104,0.2824921672541748,0.7359839203496317,-0.0012877774950428445,0.007901419312977729,0.04313334179846344,0.0,0.0,0.0,-0.00934968416425129,-0.019195080357454472,-0.00904489685867925,-1.0183679345894532,0.281204389759132,0.7346961428545888
6.03589999999987,-1.0170073400400512,0.2375300655763475,0.7568230009308677,-1.0083811721842268,0.25054539119071767,0.7592065757245526,-0.002818781245892058,0.007101310919420434,0.04409114730680568,0.0,0.0,0.0,-0.005807386609932316,-0.010196544368478102,0.0004352064522071628,-1.0111999534301188,0.24772660994482562,0.7563877944786606
6.03599999999987,-1.0015259261846008,0.2064595709813854,0.7685413231812663,-0.998687036800436,0.21835135707486808,0.7816799858693574,-0.004093432899915161,0.0069764364233077785,0.04603482113870646,0.0,0.0,0.0,0.001254543515750394,-0.007798353193567521,-0.009045229788175891,-1.0027804697003513,0.21425792417495293,0.7775865529694422
6.03609999999987,-0.9882508906662504,0.1800324479195516,0.7927645383389785,-0.9880073178842745,0.18594183653146526,0.8033819722414809,-0.0050455163403200776,0.007726575367745096,0.04499559273536761,0.0,0.0,0.0,0.004801943558344235,-0.0008638722715935687,-0.0055719175621822825,-0.9930528342245946,0.18089632019114518,0.7983364559011608
6.036199999999869,-0.9793614004496884,0.1478450879553755,0.8143322433638144,-0.9763525550291106,0.1533488138449097,0.8242911176001897,-0.005637825390761257,0.007109446128580296,0.04673267904086702,0.0,0.0,0.0,0.0026289799701833686,0.00013409950122704548,-0.004321048845614058,-0.9819903804198719,0.14771098845414843,0.8186532922094284
6.036299999999869,-0.9736078139471012,0.1047842281357808,0.8306599351895526,-0.9637342500782582,0.12060445439217105,0.8443867871442967,-0.005863297023650985,0.007058124890305903,0.049404351568663,0.0,0.0,0.0,-0.004010266845191987,-0.009956929232739265,-0.007863554931093118,-0.9695975471019092,0.11474115736852006,0.8385234901206458
6.036399999999869,-0.9468590355091634,0.0759883643698516,0.84979946446899,-0.9501648557758048,0.0877410729041731,0.8636491488732515,-0.005743080608148235,0.007559610160520003,0.049385002944266856,0.0,0.0,0.0,0.009048900874789625,-0.006009627926173269,-0.008106603796113252,-0.955907936383953,0.08199799229602486,0.8579060682651033
6.036499999999869,-0.9335923024015528,0.0441152673075529,0.8754990679284825,-0.9356577634754979,0.05479110157032721,0.8820591931618974,-0.005322000320627113,0.008590623806794545,0.04859991187654099,0.0,0.0,0.0,0.007387461394572231,-0.0053538339421471985,-0.0012381249127877579,-0.940979763796125,0.049469101249700095,0.8767371928412703
6.0365999999998685,-0.9251183064702604,0.0379298277134861,0.8846796198550809,-0.9202272899259756,0.02178705803424143,0.8995987515191934,-0.00466216591992578,0.009126066050502304,0.04888570532920283,0.0,0.0,0.0,-0.00022885062435902982,0.020804935599170453,-0.010256965744186736,-0.9248894558459013,0.01712489211431565,0.8949365855992677
6.036699999999868,-0.9123107798312768,0.0001102400055805,0.9182031950303032,-0.9038886631416873,-0.011238486697740637,0.9162505145186173,-0.003835664683020107,0.010005247873873389,0.051336757374644694,0.0,0.0,0.0,-0.004586452006569481,0.015184391386341244,0.005788345194706062,-0.9077243278247074,-0.015074151380760743,0.9124148498355972
6.036799999999868,-0.8848950868583095,-0.050001620138252,0.9204335414487858,-0.886658007374683,-0.044252940400190975,0.9319980488804805,-0.002917290773342029,0.010523533734074775,0.05342254999510178,0.0,0.0,0.0,0.0046802112897155294,-0.0028313889647189924,-0.008647216658352764,-0.889575298148025,-0.04717023117353301,0.9290807581071385
6.036899999999868,-0.868966979976852,-0.0818449389270266,0.9657750960501718,-0.8685523272019223,-0.07722372179318886,0.9468258136895908,-0.00197812953186657,0.01042614201854377,0.05206510922693885,0.0,0.0,0.0,0.0015634767569368785,-0.0026430876019711736,0.02092741189244748,-0.8705304567337889,-0.07920185132505543,0.9448476841577242
6.036999999999868,-0.862288930173234,-0.1201845863437577,0.9543755869207136,-0.8495894907438104,-0.11011829269610982,0.9607191757322594,-0.0010805498689258756,0.009666329050504723,0.051853657587685356,0.0,0.0,0.0,-0.011618889560497767,-0.008985743778722008,-0.005263038942619966,-0.8506700406127363,-0.11119884256503569,0.9596386258633335
6.037099999999867,-0.8305830383235382,-0.1581428275729595,0.972363821914928,-0.8297882120305202,-0.14290419013888317,0.9736644239375162,-0.0002748406552222111,0.009268510109751346,0.05390919384730578,0.0,0.0,0.0,-0.0005199856377957584,-0.014963796778854118,-0.001025761367365982,-0.8300630526857424,-0.14317903079410538,0.973389583282294
6.037199999999867,-0.8064412855127563,-0.1755408925669175,0.974284692408636,-0.8091680325335044,-0.17554905839902188,0.9856487829082814,0.0004025613695230678,0.009106995647540398,0.048898778444764916,0.0,0.0,0.0,0.002324185651225087,-0.000394395537418678,-0.011766651869168442,-0.8087654711639813,-0.1751464970294988,0.9860513442778045
6.037299999999867,-0.7934592297529621,-0.2141680715411682,1.010160516241021,-0.7877493018804222,-0.20802068093281617,0.9966604255291402,0.0009294989634541128,0.0076476209740440355,0.043990433790095894,0.0,0.0,0.0,-0.00663942683599399,-0.0070768895718061504,0.012570591748426629,-0.7868198029169682,-0.20709118196936205,0.9975899244925943
6.037399999999867,-0.7617550045008824,-0.2383039106477956,1.0162847850213608,-0.7655531577725132,-0.2402870121691718,1.0066884846382773,0.0012974986797169817,0.008303016503933516,0.04433391224265492,0.0,0.0,0.0,0.002500654591913818,0.0006856028416592254,0.008298801703366474,-0.7642556590927962,-0.23898951348945482,1.0079859833179943
6.037499999999866,-0.7512722730352577,-0.2817332169833516,1.0194258716819085,-0.7426015051244077,-0.27231620913448923,1.015723063751993,0.001510452986058566,0.008057562787371537,0.041942590195426545,0.0,0.0,0.0,-0.01018122089690854,-0.010927460834920912,0.002192354943856942,-0.7410910521383491,-0.27080575614843067,1.0172335167380515
6.037599999999866,-0.7047076607559027,-0.3062018707143829,1.0148607393178688,-0.7189169944459504,-0.3040766628787591,1.0237552468315902,0.0015828147270251112,0.007535148546840023,0.03966244818869396,0.0,0.0,0.0,0.012626518963022509,-0.003708022562648866,-0.010477322240746562,-0.7173341797189252,-0.302493848151734,1.0253380615586154
6.037699999999866,-0.6806303356671849,-0.3299547348830695,1.0347335914412743,-0.6945229994898787,-0.33553702966838944,1.030777107082038,0.001537464457678983,0.008064458677421001,0.04372007542364295,0.0,0.0,0.0,0.012355199365014845,0.0040448303276409804,0.0024190199015573623,-0.6929855350321997,-0.33399956521071045,1.0323145715397168
6.037799999999866,-0.6673468691396389,-0.3591025140588551,1.0302928493536114,-0.6694435941840914,-0.3666662619196152,1.0367817147750287,0.001403345421844184,0.007700331406481211,0.047723496718422014,0.0,0.0,0.0,0.0006933796226082792,0.0061604024389159,-0.00789221084326143,-0.6680402487622472,-0.36526291649777104,1.038185060196873
6.0378999999998655,-0.6366625238095183,-0.3894108025896999,1.0559663224553029,-0.6437035288737519,-0.39743363883848193,1.0417631440877142,0.0012129176950018044,0.009146951660940235,0.04833596730534811,0.0,0.0,0.0,0.005828087369231859,0.006809918553780224,0.012990260672586861,-0.6424906111787502,-0.3962207211434801,1.042976061782716
6.037999999999865,-0.6326496646039739,-0.4338331609965493,1.0545257740524143,-0.6173282058956858,-0.4278087967385617,1.0457164789507785,0.0009994828639526608,0.009727398532859139,0.04959544543825688,0.0,0.0,0.0,-0.01632094157224071,-0.007023847121940241,0.0078098122376832006,-0.6163287230317331,-0.426809313874609,1.046715961814731
6.038099999999865,-0.5959953599551269,-0.4467122003510106,1.0513866814989463,-0.5903436545093408,-0.45776175900624433,1.0486378179000033,0.0007944791765763065,0.010354181649215005,0.0502409124766552,0.0,0.0,0.0,-0.006446184622362388,0.010255079478657409,0.00195438442236669,-0.5895491753327645,-0.456967279829668,1.0494322970765797
6.038199999999865,-0.562052491616384,-0.4899466558985094,1.0325038408064573,-0.5627765052090506,-0.48726296568403654,1.0505242779265431,0.0006249186847286331,0.0106048959534624,0.05050148016622796,0.0,0.0,0.0,9.909490793797273e-05,-0.003308608899201478,-0.018645355804814464,-0.5621515865243221,-0.4866380469993079,1.0511491966112718
6.0382999999998646,-0.5408222172354253,-0.5081377444275904,1.0443234335164462,-0.5346539634429526,-0.5162833026426717,1.0513739973221075,0.0005111890219534722,0.009977133792126409,0.0529060826912461,0.0,0.0,0.0,-0.006679442814426239,0.007634369193127866,-0.007561752827614742,-0.5341427744209991,-0.5157721136207183,1.051885186344061
6.038399999999864,-0.4986536877731801,-0.5425409710044748,1.0567443049141794,-0.5060037827644941,-0.5447941303132392,1.0511861375162403,0.00046543978106640193,0.009705164479561958,0.05000124522859004,0.0,0.0,0.0,0.006884655210247602,0.0017877195276979501,0.0050927276168726155,-0.5055383429834277,-0.5443286905321728,1.0516515772973067
6.038499999999864,-0.4600859146591929,-0.5822563488593373,1.0588898188897844,-0.47685423744302613,-0.5727673119509825,1.0499608839038899,0.0004907141639758631,0.008703818226947017,0.050991997114336614,0.0,0.0,0.0,0.01627760861985736,-0.00997975107233065,0.008438220821918668,-0.4763635232790503,-0.5722765977870067,1.0504515980678657
6.038599999999864,-0.4567323360163692,-0.6020299897452355,1.054939698630755,-0.44723409456051383,-0.600175241402868,1.0476994456624444,0.0005809002250476675,0.008210712549069674,0.04841353801383512,0.0,0.0,0.0,-0.010079141680903039,-0.002435648567415097,0.006659352743262989,-0.4466531943354662,-0.5995943411778204,1.048280345887492
6.038699999999864,-0.4248209568635394,-0.6242291731641676,1.0291893354446535,-0.4171725856218988,-0.6269908703515267,1.0444040545584214,0.0007215019752609683,0.006695337772333346,0.04853034255378487,0.0,0.0,0.0,-0.008369873216901552,0.002040195212098112,-0.015936221089028896,-0.41645108364663785,-0.6262693683762657,1.0451255565336823
6.038799999999863,-0.3865742081097276,-0.6492284609083636,1.0392213533768733,-0.38669937770713336,-0.6531877350086763,1.0400779627449839,0.0008911823504564875,0.006804862652030144,0.046718558666618185,0.0,0.0,0.0,-0.0007660127530507155,0.0030680917498562277,-0.0017477917185670933,-0.3858081953566769,-0.6522965526582198,1.0409691450954404
6.038899999999863,-0.3454311345724613,-0.6815037227155187,1.0388842626471717,-0.3558445441933544,-0.6787399822316862,1.0347254395524554,0.0010639854576724203,0.005422395535184929,0.04489383713140198,0.0,0.0,0.0,0.009349424163220679,-0.0038277259415049644,0.0030948376370438483,-0.35478055873568193,-0.6776759967740138,1.0357894250101278
6.038999999999863,-0.3374829066138495,-0.6935689734950927,1.010552228278444,-0.32463853507609064,-0.7036223950375075,1.0283517672750098,0.001212081675272592,0.0060140257543896385,0.04547940760655683,0.0,0.0,0.0,-0.01405645321303145,0.00884133986714214,-0.019011620671838314,-0.32342645340081805,-0.7024103133622348,1.0295638489502823
6.039099999999863,-0.2946193909085239,-0.7223612648655164,1.015956739290674,-0.29311214691879345,-0.7278104174887908,1.0209632359576815,0.0013088054148516484,0.006171974918581614,0.046424655289044686,0.0,0.0,0.0,-0.002816049404582104,0.004140347208422741,-0.0063153020818590136,-0.2918033415039418,-0.7265016120739392,1.022272041372533
6.039199999999863,-0.2504831397632603,-0.7561786955165081,1.0095822853335137,-0.2612964924601158,-0.7512801789278,1.012567137188788,0.0013316984458549635,0.007304187312040819,0.04772958017886608,0.0,0.0,0.0,0.009481654251000553,-0.006230215034563065,-0.004316550301129381,-0.25996479401426087,-0.749948480481945,1.013898835634643
6.039299999999862,-0.24626250293769,-0.7708989931892934,0.9955482020353944,-0.2292229699105513,-0.7740085175330315,1.0031717569043346,0.0012652452561810505,0.0073427044962713055,0.04939418227602103,0.0,0.0,0.0,-0.018304778283319754,0.0018442790875569622,-0.008888800125121225,-0.22795772465437025,-0.7727432722768504,1.0044370021605156
6.039399999999862,-0.2108732666593427,-0.7832487931678451,0.972903561276284,-0.19692323196387937,-0.7959730031788091,0.9927863672101505,0.0011029918774127419,0.007422907532699913,0.05141846158050952,0.0,0.0,0.0,-0.015053026572876068,0.011621218133551279,-0.02098579781127923,-0.19582024008646662,-0.7948700113013965,0.9938893590875632
6.039499999999862,-0.171209067286301,-0.8038834087921038,0.9740898368604898,-0.16442915456208984,-0.8171519595694383,0.9814212172320851,0.0008487765006801464,0.007544796421326602,0.05380241809233154,0.0,0.0,0.0,-0.007628689224891309,0.012419774276654319,-0.008180156872275454,-0.16358037806140968,-0.8163031830687582,0.9822699937327652
6.0395999999998615,-0.1388466555625849,-0.8492624659161964,0.962255812771683,-0.13177280543652067,-0.8375244856319275,0.9690875230010352,0.0005168674320197805,0.0077083711621513725,0.056546051811487114,0.0,0.0,0.0,-0.007590717558084015,-0.012254847716288647,-0.007348577661371919,-0.1312559380045009,-0.8370076181999078,0.9696043904330549
6.039699999999861,-0.0947645469435618,-0.8657480785932646,0.951061707066482,-0.09898641246110984,-0.8570704761426582,0.9557974563841422,0.00013089901798690753,0.007913631755174223,0.059649362737976226,0.0,0.0,0.0,0.00409096649956113,-0.008808501468593355,-0.004866648335647095,-0.09885551344312293,-0.8569395771246713,0.9559283554021291
6.039799999999861,-0.0656998849603415,-0.8643910695936984,0.9342864597009606,-0.06610233184737471,-0.8757706415688125,0.9415641330726274,-0.0002783777803121572,0.008160578200395154,0.06311235087179888,0.0,0.0,0.0,0.0006808246673453686,0.011657949755426235,-0.006999295591354691,-0.06638070962768687,-0.8760490193491246,0.9412857552923153
6.039899999999861,-0.0480535665218516,-0.9017261489854584,0.92095195449719,-0.03315301621273777,-0.893606527104813,0.9264015996381896,-0.0006763549964424173,0.008449210497814165,0.06693501621295508,0.0,0.0,0.0,-0.014224195312671413,-0.007443266884202994,-0.004773290144557131,-0.03382937120918019,-0.8942828821012554,0.9257252446417472
