Time(S),Phase A(A),Phase B(A),Phase C(A)
5.95,0.0019224229506241916,0.8658345959221944,-0.8660565326487281
5.95005,-0.0116402512007938,0.8726132448380225,-0.8578670038670643
5.9501,-0.030778095670107062,0.8812322278454108,-0.849218678400986
5.95015,-0.04647864850777803,0.8869921656102641,-0.8410559938824558
5.9502,-0.062416094485913204,0.8981754396950067,-0.8356730288048742
5.95025,-0.0743589232471515,0.9042771042959766,-0.8246595564303767
5.9502999999999995,-0.09303594103326272,0.9069825541194115,-0.8144461063501078
5.950349999999999,-0.11037757118472563,0.913500606144341,-0.8037191030993526
5.950399999999999,-0.12586595899805272,0.922142161043582,-0.7955706012019621
5.950449999999999,-0.14212188987272092,0.929953211108712,-0.7887618306455877
5.950499999999999,-0.160004611648693,0.9331034566924807,-0.7755745574246151
5.950549999999999,-0.1688526848841767,0.9416033586655339,-0.7664231421598877
5.950599999999999,-0.18284320693565545,0.941748179231333,-0.7558083885309586
5.950649999999999,-0.20094889475947808,0.9501722466664944,-0.7439183129483221
5.9506999999999985,-0.21657634392724465,0.9519673988931284,-0.7342758728203014
5.950749999999998,-0.23154829711908148,0.9584591403115754,-0.7276095359766914
5.950799999999998,-0.24646888515958504,0.9644341783223408,-0.7158115471883484
5.950849999999998,-0.265568678875232,0.9670671845385329,-0.7035442666360544
5.950899999999998,-0.28128395291803737,0.9726363959513021,-0.6931637060283237
5.950949999999998,-0.29543499639728926,0.9727121296493537,-0.6794985534149175
5.950999999999998,-0.30956384979017904,0.9793900206219519,-0.6679220398341031
5.951049999999998,-0.32682305210797674,0.9842727811816789,-0.6566279312654062
5.951099999999998,-0.33903960826410284,0.9839171907212262,-0.6466246050352213
5.9511499999999975,-0.3584334049432588,0.9841313722576601,-0.6324427009157351
5.951199999999997,-0.3675019990122295,0.9915735475470003,-0.620007793188034
5.951249999999997,-0.3842013481881776,0.9937285555326995,-0.6109664399224706
5.951299999999997,-0.39761990085897797,0.9936456011348572,-0.5950858854296884
5.951349999999997,-0.41173411769002627,0.9912349473344025,-0.5863194722618303
5.951399999999997,-0.4265730425292618,0.9973258402257845,-0.5697828895800102
5.951449999999997,-0.43821310991186346,0.994494121387695,-0.5551085664834401
5.951499999999997,-0.46107532866447276,0.9988243233567655,-0.5457070711008587
5.951549999999997,-0.4684232739724995,0.9967648893646088,-0.5308993704785063
5.9515999999999964,-0.48569308968992925,1.0000959453402745,-0.5171751022242271
5.951649999999996,-0.49636937269217807,0.9994559549703539,-0.5087458393225582
5.951699999999996,-0.5119455351631332,0.9991312924622602,-0.49302791461275736
5.951749999999996,-0.5218264722234434,0.9985527986677619,-0.47708459920656177
5.951799999999996,-0.5371344663490566,0.9981636377482016,-0.46017763104316367
5.951849999999996,-0.5503113980026053,1.000390941273783,-0.450120222467681
5.951899999999996,-0.5641120972792295,0.9982148970571911,-0.4297902923461916
5.951949999999996,-0.5729087869379151,0.9988857376738848,-0.4232451714589203
5.9519999999999955,-0.5878174725663851,0.9974682961614528,-0.4098928212969796
5.952049999999995,-0.6006535918295606,0.9913458404871093,-0.39186013254011365
5.952099999999995,-0.6115882169776107,0.9916073209824077,-0.37620946000095373
5.952149999999995,-0.6251438292268097,0.989763058704213,-0.36272789889676266
5.952199999999995,-0.635410285012489,0.9887175274990314,-0.34780854863994676
5.952249999999995,-0.6467262642937477,0.9861103095427868,-0.3334476492869763
5.952299999999995,-0.658810681241771,0.9792008995899839,-0.31782831533177147
5.952349999999995,-0.6748984638323179,0.9773459751626423,-0.3067827324376675
5.952399999999995,-0.6823753922830742,0.9753868995781508,-0.2847011347073651
5.9524499999999945,-0.6945152334082667,0.9714275734310527,-0.274314404023514
5.952499999999994,-0.7063449487797631,0.9664209158078915,-0.2593577314442251
5.952549999999994,-0.7171155350619615,0.9596135715147355,-0.24197031422976176
5.952599999999994,-0.730216747461369,0.9586049861910124,-0.2228648984220895
5.952649999999994,-0.738658432980571,0.9514960708775951,-0.2094499136250882
5.952699999999994,-0.7503483470882907,0.9465244408164949,-0.20051219725196956
5.952749999999994,-0.7628632109504815,0.9416952156026068,-0.18414411242690953
5.952799999999994,-0.7707553141280322,0.9353202137663065,-0.16778768435095318
5.9528499999999935,-0.7817250344122216,0.9344452788711045,-0.14970206392882346
5.952899999999993,-0.7910448824222542,0.9239268369985676,-0.1353612758245579
5.952949999999993,-0.8024501754566657,0.9204338042591564,-0.12261692370806873
5.952999999999993,-0.8133299118271202,0.9131037971062314,-0.1038633314163331
5.953049999999993,-0.8175430273683992,0.9044183822362467,-0.08525444483247292
5.953099999999993,-0.8279585095665388,0.9018118426115428,-0.07317832030250099
5.953149999999993,-0.828728320796098,0.8938597349235506,-0.05748966129655716
5.953199999999993,-0.8444008529690736,0.8856357812304385,-0.04457369424545724
5.953249999999993,-0.8512338965410039,0.8798192777270242,-0.02662048346413853
5.9532999999999925,-0.8588017703358668,0.8737496169911946,-0.009413900366525145
5.953349999999992,-0.8681663877518914,0.864421670157918,0.0033806592828297165
5.953399999999992,-0.8780639035072698,0.8547630784490136,0.019481102678375398
5.953449999999992,-0.8902705805319898,0.8419933051170292,0.037487854689391635
5.953499999999992,-0.8909210203676812,0.8421673180391136,0.051172245763603644
5.953549999999992,-0.8972889241371504,0.8297795162432857,0.0676752741424895
5.953599999999992,-0.9031285312240364,0.8179686504071669,0.08199151718247093
5.953649999999992,-0.9110630170720947,0.8126133154217013,0.10147586018620582
5.9536999999999916,-0.9181550774252031,0.8041175176672866,0.11715868476231632
5.953749999999991,-0.9261463573050318,0.793811450376227,0.13374733518867243
5.953799999999991,-0.9328475789083859,0.7835721193375778,0.14790721350771743
5.953849999999991,-0.9348847422720251,0.7766755807452576,0.16577715587338035
5.953899999999991,-0.9414027823977809,0.7626162218153173,0.1797662708641222
5.953949999999991,-0.9440307010259074,0.7523375372173113,0.19308106482161674
5.953999999999991,-0.9507696293375942,0.7424334673631872,0.20831682185057762
5.954049999999991,-0.9560972226665165,0.7329742030125717,0.2223766721647876
5.954099999999991,-0.9642208941434766,0.7242295672617649,0.23919148398676507
5.9541499999999905,-0.9659957713981647,0.708908993186282,0.250708377976849
5.95419999999999,-0.9625842711951903,0.69984272423179,0.2665686424942028
5.95424999999999,-0.9735316393791438,0.6866194598109931,0.2806369668728148
5.95429999999999,-0.9745207177726359,0.6824981669839972,0.2989038853771668
5.95434999999999,-0.9797291380239693,0.6623062346184948,0.31589742021727335
5.95439999999999,-0.9831054369676034,0.6530899976527067,0.32660211993291405
5.95444999999999,-0.987927927510183,0.6440629991380398,0.3448213831465485
5.95449999999999,-0.9894540342417558,0.6283177049652479,0.35836631342994474
5.95454999999999,-0.9932719887232718,0.617790249816878,0.37304160795972957
5.9545999999999895,-0.9926894904357334,0.6028235745830369,0.3862489806913117
5.954649999999989,-0.9940491196314241,0.5894603849049515,0.4077114016903718
5.954699999999989,-0.9970914240323753,0.5829916037392391,0.4174206492482039
5.954749999999989,-1.0045046692161528,0.5646080675230364,0.4293754080329091
5.954799999999989,-0.999092023952032,0.5541884227385203,0.4468362028385331
5.954849999999989,-0.9965086319531445,0.5387357939116757,0.45902900643947003
5.954899999999989,-1.00079728406298,0.5277541222629623,0.47624252083724444
5.954949999999989,-1.0024378905951619,0.5159018592443628,0.48659747953763266
5.9549999999999885,-1.0001613078258187,0.49998188064302523,0.5017010656932552
5.955049999999988,-1.0022067473180793,0.48763864982922855,0.5148200482375472
5.955099999999988,-0.999985243608358,0.4744422073519945,0.5257572726647851
5.955149999999988,-0.9974453736010084,0.45735394413711133,0.5396215932618835
5.955199999999988,-0.9977025216631012,0.4448081043330477,0.552419683121745
5.955249999999988,-0.9934852334284707,0.427625152466346,0.5637712222383454
5.955299999999988,-0.9968502658420625,0.4205208266064086,0.5775515725925756
5.955349999999988,-0.9916297502818596,0.4057074685391419,0.592341824768231
5.955399999999988,-0.9908505459924829,0.3866339776681667,0.6019310155378838
5.9554499999999875,-0.986504826341023,0.37449948111297704,0.6149404772866551
5.955499999999987,-0.9872108097448635,0.35781019857704216,0.6277015240072947
5.955549999999987,-0.9853365499693371,0.343153814666765,0.6433013282326547
5.955599999999987,-0.9806026724911643,0.33022664363330817,0.6543783054700548
5.955649999999987,-0.9764490536266331,0.31222476981627306,0.6648900159069336
5.955699999999987,-0.9758194510615636,0.29606807521420886,0.6776848960881441
5.955749999999987,-0.977508930795786,0.2844638631424744,0.6890200385315813
5.955799999999987,-0.9702308628375549,0.2725105789885581,0.6991989380020277
5.9558499999999865,-0.9690026516670204,0.253847773025496,0.7083656828815318
5.955899999999986,-0.9612937434293453,0.23684279478077555,0.7188649436374619
5.955949999999986,-0.9545616128183718,0.22457748750774592,0.7333176089621054
5.955999999999986,-0.9515480289733462,0.20999265197351913,0.7432734871177648
5.956049999999986,-0.9418189070507488,0.19568083299463335,0.7574894532574156
5.956099999999986,-0.9403121505215445,0.17877120230046742,0.7633585759468529
5.956149999999986,-0.9354432287238491,0.16058803309832334,0.7724974777682568
5.956199999999986,-0.9280238215927435,0.14541871242941393,0.7808761894347901
5.956249999999986,-0.9274051638415614,0.1308306351196401,0.7939101552959722
5.9562999999999855,-0.9164678049724347,0.11373838210032274,0.803558948809341
5.956349999999985,-0.9119566920004133,0.09745238157900121,0.8106967475045387
5.956399999999985,-0.9024021385477619,0.08495043800390872,0.8206815570151031
5.956449999999985,-0.8968027216496274,0.06821503726162828,0.8312667342663211
5.956499999999985,-0.8915847900597144,0.0517214446158188,0.8415640818089097
5.956549999999985,-0.8790673504610094,0.03661058855195076,0.8454939084543013
5.956599999999985,-0.8734661748094461,0.017248957714362297,0.8588955741109141
5.956649999999985,-0.8714091836803428,0.004981683068257055,0.8641451142557922
5.956699999999985,-0.8607655607985825,-0.014720134898041155,0.8704024569674483
5.9567499999999844,-0.8525043201171767,-0.027974319672977515,0.8770606268977541
5.956799999999984,-0.8475391525715853,-0.04113276434407026,0.8853273314152569
5.956849999999984,-0.832897157354495,-0.058729777289979225,0.8920594007862116
5.956899999999984,-0.8277926864151461,-0.07698370914570818,0.8989093271767513
5.956949999999984,-0.8175242148234231,-0.08970520885505344,0.9086443786130728
5.956999999999984,-0.8074279723666219,-0.10253910851194142,0.9140608075450561
5.957049999999984,-0.7997691695209375,-0.12181486095481982,0.9230595528156376
5.957099999999984,-0.7918829514730985,-0.13823813734247567,0.9312649806009032
5.9571499999999835,-0.7793864853468728,-0.1489923584477903,0.9310177262214581
5.957199999999983,-0.7717660761529601,-0.1652961467127088,0.9373030779507737
5.957249999999983,-0.7620462201242786,-0.1842903502973322,0.9428916245174871
5.957299999999983,-0.7500510867577129,-0.19574749275681,0.9477087604302172
5.957349999999983,-0.7409852047044103,-0.21456902816470852,0.9535658439829021
5.957399999999983,-0.7337878336551115,-0.23010597991340848,0.9567160551073587
5.957449999999983,-0.7210107325709344,-0.24537277012242273,0.9618882669533125
5.957499999999983,-0.7053470899709855,-0.2634754143402908,0.9673415406967941
5.957549999999983,-0.6978118101348134,-0.27524241587377846,0.9696454690838021
5.9575999999999825,-0.6842932603131847,-0.2893764163496434,0.9763546699491198
5.957649999999982,-0.6710678271154085,-0.3065422711055684,0.9763638124755648
5.957699999999982,-0.6608834745166632,-0.31926832614634476,0.9813559288140625
5.957749999999982,-0.6519798101150633,-0.33486091257972167,0.9815829922056614
5.957799999999982,-0.6373125443127414,-0.3500608837015542,0.988900022891557
5.957849999999982,-0.6264477373052607,-0.36564129626189174,0.9892940200337361
5.957899999999982,-0.6129752614474971,-0.3785758766527023,0.9906969503651473
5.957949999999982,-0.5999379880951657,-0.39344166339979886,0.98979711660631
5.9579999999999815,-0.5890525739473998,-0.40553200779716647,0.9954129411757553
5.958049999999981,-0.5767470656550472,-0.42245227386522965,0.9975958575756061
5.958099999999981,-0.5638999620957039,-0.43699568682060835,0.9955900208773605
5.958149999999981,-0.5492609269051344,-0.4480003147843028,0.9951305961735626
5.958199999999981,-0.5316587049651466,-0.46386000716530007,0.9985457584691997
5.958249999999981,-0.522657659120254,-0.4779315263253974,0.9997348038969475
5.958299999999981,-0.5121490906932227,-0.4905804266117886,1.0017965815296916
5.958349999999981,-0.49873826301978796,-0.5061867817708479,0.9964955710719883
5.958399999999981,-0.48218235647572605,-0.515592073221872,0.9983638467152858
5.9584499999999805,-0.4670817800304399,-0.5316327320820599,1.0006077137243428
5.95849999999998,-0.4575290666356879,-0.5437966334343299,1.0002154228247404
5.95854999999998,-0.43897613920885464,-0.5559527618341067,1.000934475695583
5.95859999999998,-0.42572001249407304,-0.5698483690341034,0.9965548732212417
5.95864999999998,-0.4156464723526909,-0.5842817317661425,0.9975217296379253
5.95869999999998,-0.39428325742881,-0.5929186018597314,0.9948249744386358
5.95874999999998,-0.3806792160954944,-0.6041905644605997,0.9974963019636502
5.95879999999998,-0.37183160117271113,-0.6207095930554639,0.9873372557111767
5.9588499999999796,-0.3567644043068294,-0.631686230248072,0.9857356245120508
5.958899999999979,-0.33872724471120574,-0.6446058151132077,0.9828073435314164
5.958949999999979,-0.3233481229782939,-0.6594507565624942,0.9811267348790643
5.958999999999979,-0.3092346892537438,-0.6699517231135946,0.9752192048119168
5.959049999999979,-0.29265526168675604,-0.6794968718755205,0.9758977012057319
5.959099999999979,-0.2806631196508334,-0.6924992120148311,0.9709303026463322
5.959149999999979,-0.2614501709800671,-0.7057838100141921,0.9658887902138843
5.959199999999979,-0.24984315424247305,-0.7120254051320828,0.9657202315549583
5.959249999999979,-0.23124765481147558,-0.7251906738088036,0.9593872409137758
5.9592999999999785,-0.21885395722071022,-0.7330057219133529,0.9551270996721121
5.959349999999978,-0.20353787697196002,-0.7466951209338029,0.9476409557602009
5.959399999999978,-0.18825754169722983,-0.7575257419533564,0.9462360433046875
5.959449999999978,-0.16831114255698978,-0.7654297265766007,0.9404612204816916
5.959499999999978,-0.15551021843102047,-0.778894234614411,0.9373491343033994
5.959549999999978,-0.13905171081074344,-0.7862649726584844,0.9291864838186064
5.959599999999978,-0.12264532513317603,-0.7982358912107098,0.9209421654012069
5.959649999999978,-0.10625515536327773,-0.8074450376030821,0.9160056226355359
5.959699999999978,-0.09317652382078848,-0.8147276665810229,0.9091643733278518
5.9597499999999775,-0.08030071125108526,-0.8231691685868343,0.8990256286437668
5.959799999999977,-0.06064047608331949,-0.8312250624329106,0.8963717160769438
5.959849999999977,-0.04457610365077814,-0.8374998200196124,0.8859655664958868
5.959899999999977,-0.02929984849215294,-0.8559704630974648,0.8768256471244881
5.959949999999977,-0.015307468566386763,-0.8577957636566981,0.8720312290490275
5.959999999999977,0.0015378808384905903,-0.8658645162795452,0.8652762475160082
5.960049999999977,0.016423748897396527,-0.8748156419072822,0.8597980930173637
5.960099999999977,0.032282791593642245,-0.8807038006907815,0.8491156919882586
5.9601499999999765,0.04689438458675116,-0.8922490591015517,0.8439926193005068
5.960199999999976,0.06263949556271352,-0.8974990069599097,0.832763337849709
5.960249999999976,0.07887363283208129,-0.9009331764592476,0.8250477038885664
5.960299999999976,0.09735498569814442,-0.9094019355949523,0.8168253054938497
5.960349999999976,0.10732552543295779,-0.9159719596761585,0.8110006237482834
5.960399999999976,0.12519100865506094,-0.9194526608811566,0.7967104569699112
5.960449999999976,0.14162940298188775,-0.9258066605526514,0.7839715725300045
5.960499999999976,0.15415310124524922,-0.9319342136182052,0.7766854455299987
5.960549999999976,0.16876468840650577,-0.9402016303799349,0.764186651952551
5.9605999999999755,0.18594347621635904,-0.9439624407568402,0.7548056063132887
5.960649999999975,0.20026568867197783,-0.9464649954296498,0.7461787344448357
5.960699999999975,0.21937129594293822,-0.9509904913822713,0.734822613577141
5.960749999999975,0.23542393751663573,-0.9551247422179637,0.7300029253314335
5.960799999999975,0.24623518216235918,-0.962123337856755,0.7149187302351336
5.960849999999975,0.26124881002518774,-0.9647321819700756,0.7009089832571351
5.960899999999975,0.282620742329961,-0.973150436058117,0.6908693104822836
5.960949999999975,0.29491428124276803,-0.976544596428341,0.6840886166421073
5.9609999999999745,0.3098179448333193,-0.9790544477595801,0.6676333958157256
5.961049999999974,0.3231187900183407,-0.9831327604265417,0.6558097330699934
5.961099999999974,0.3397741540034712,-0.9825779158481819,0.6428240378626516
5.961149999999974,0.3543354125957369,-0.9874390388454496,0.6353952951561422
5.961199999999974,0.36569050319844687,-0.9872414204516864,0.6226834090053976
5.961249999999974,0.38550385294334355,-0.9902094357956,0.6100079270829717
5.961299999999974,0.3989789009070891,-0.993220835131719,0.5953802490116761
5.961349999999974,0.41292626514440717,-0.995750514713748,0.5847043098513699
5.961399999999974,0.42692999201923,-0.9969509577196205,0.5702559217615427
5.9614499999999735,0.44086292067545624,-0.9989142050512131,0.5576585881025505
5.961499999999973,0.4505650118530482,-0.9971454857321734,0.5470180369428317
5.961549999999973,0.46543815461539517,-0.9983948754398676,0.5337566710615721
5.961599999999973,0.48035751812198196,-0.9967595952047663,0.5190837260656689
5.961649999999973,0.49577904465584643,-0.999870227693184,0.5057618957344835
5.961699999999973,0.5082806615964269,-1.0013380646380212,0.4931196365159748
5.961749999999973,0.5227140271156476,-0.9999936203994514,0.47705393812265157
5.961799999999973,0.5364239880139567,-0.997887644083875,0.46534195807017853
5.961849999999973,0.5483253600920981,-0.9981653349340798,0.44697313150321444
5.961899999999972,0.5656255163240889,-0.9987583000431345,0.43627051701276376
5.961949999999972,0.5732272408821335,-0.9962414106569026,0.41716430607886007
5.961999999999972,0.5855974127437097,-0.9980837554128091,0.4026613890640279
5.962049999999972,0.6020545388222951,-0.9901667077980539,0.3941882714067805
5.962099999999972,0.6130993166739265,-0.991041780318092,0.38111641074259467
5.962149999999972,0.6260810953732011,-0.9845333526194884,0.36183741525152047
5.962199999999972,0.6357258598853646,-0.9879070644982217,0.3522218025940852
5.962249999999972,0.6450293477311907,-0.9802723496086838,0.33045910182545524
5.9622999999999715,0.6587344207970883,-0.9783675038087603,0.3180380298167814
5.962349999999971,0.672667695761315,-0.9757350405958539,0.3039656019945037
5.962399999999971,0.6877344471563711,-0.9711067917112775,0.2868599741696043
5.962449999999971,0.6966592388494615,-0.9703698173180463,0.2735171534433301
5.962499999999971,0.7069210952755881,-0.9628054892084252,0.25515236191877494
5.962549999999971,0.7176781716305551,-0.9622057270916075,0.2414463566380625
5.962599999999971,0.730583150455782,-0.9583136837588092,0.22297858116376607
5.962649999999971,0.7394055293634156,-0.9580278434147026,0.2148602277659387
5.962699999999971,0.75333146767355,-0.9473832427227036,0.1984670797960709
5.9627499999999705,0.7618166142057043,-0.9441531567893817,0.1789554248592693
5.96279999999997,0.7716656770148504,-0.937473980350215,0.16718052069836292
5.96284999999997,0.780527247059651,-0.9353305552086828,0.14779348535363224
5.96289999999997,0.7925659169500631,-0.9270237842070473,0.13885057791078964
5.96294999999997,0.8024040263418704,-0.9213033312838144,0.1185112818069224
5.96299999999997,0.8108413517653156,-0.9121852777289492,0.10455625785662141
5.96304999999997,0.81956436270425,-0.9088559401053863,0.08559896231803503
5.96309999999997,0.8272492060764063,-0.8973941566045301,0.07170247216896333
5.9631499999999695,0.8377130897916202,-0.8937793347736951,0.05578817457088023
5.963199999999969,0.8430445861276227,-0.88589330577871,0.04163354871672909
5.963249999999969,0.8548895725744454,-0.8743458331207381,0.024861446669715674
5.963299999999969,0.8600904538632412,-0.8686092504142001,0.011883134393022512
5.963349999999969,0.8692208547775969,-0.8645136617977415,-0.008241791837896232
5.963399999999969,0.8731853424579171,-0.8557914615149221,-0.023155832209095076
5.963449999999969,0.8839191442700017,-0.8459637374259956,-0.040263763116970226
5.963499999999969,0.8902755956030642,-0.8376913939293026,-0.056444160038154695
5.963549999999969,0.8990920030317668,-0.8312297396695693,-0.06643698570851318
5.9635999999999685,0.9030361712204859,-0.8210309729743819,-0.07994804734836906
5.963649999999968,0.9115352323474978,-0.8112379798541918,-0.09809456715089146
5.963699999999968,0.9209981954512729,-0.8042148132230763,-0.1138429527619315
5.963749999999968,0.9247333172087853,-0.7894311090943558,-0.1318558246444318
5.963799999999968,0.9317658165480626,-0.781347682684698,-0.14547969273210012
5.963849999999968,0.937911453763255,-0.7748105253521281,-0.1620700162161463
5.963899999999968,0.9382657117551773,-0.762803439622241,-0.18093637865897957
5.963949999999968,0.945949739601964,-0.7558603951738789,-0.19029040541451755
5.9639999999999675,0.9519755152975466,-0.7431318872920651,-0.20576320313252305
5.964049999999967,0.9544499917491456,-0.7313664499076347,-0.22360796442477257
5.964099999999967,0.9634694325310531,-0.7198104520151971,-0.24023406078573334
5.964149999999967,0.9658387097734924,-0.7104522251983926,-0.25335044674154605
5.964199999999967,0.9713911080152603,-0.7001744929864782,-0.26442897910361696
5.964249999999967,0.9705920596733837,-0.6885258488243025,-0.2834043270795389
5.964299999999967,0.9753105085183728,-0.6786497212670926,-0.298032624115998
5.964349999999967,0.9770139080447803,-0.6665968653971469,-0.3167077289264513
5.964399999999967,0.9830516901836308,-0.6500106239164929,-0.3259227658614987
5.9644499999999665,0.988115087973494,-0.6373501578773892,-0.3444636300159655
5.964499999999966,0.9880517997004719,-0.6274795187990225,-0.3577143319986699
5.964549999999966,0.9882235660972999,-0.6152892613169817,-0.3734488964918038
5.964599999999966,0.9937605372154044,-0.6051743995292842,-0.38766609249295086
5.964649999999966,0.997018644926956,-0.5879400489809928,-0.40138627330889376
5.964699999999966,0.9922303896421433,-0.5770195720770999,-0.4149858273408619
5.964749999999966,0.9957257198079287,-0.5694393563397865,-0.4323786902332786
5.964799999999966,0.995532428409595,-0.5542924743820611,-0.4437420229407953
5.964849999999966,0.9967118792591209,-0.5416922594954671,-0.4598970692288088
5.9648999999999655,1.0001108811536668,-0.526275160411677,-0.47299181201863333
5.964949999999965,0.9988612361793896,-0.5182657665267039,-0.4861641185916742
5.964999999999965,0.9963647312694692,-0.49943337719256914,-0.49827856537289983
5.965049999999965,1.0021329004870478,-0.48360178744755355,-0.5150349213261873
5.965099999999965,0.9978695308286774,-0.4721809131754934,-0.5259793747586761
5.965149999999965,0.9980417076889534,-0.4563096930083617,-0.5432709640464692
5.965199999999965,0.9956084242577031,-0.4455283659351672,-0.5526610261047924
5.965249999999965,0.997280065919265,-0.4316099398785167,-0.5666593070175815
5.9652999999999645,0.9941651553254678,-0.415568339946594,-0.578376628263242
5.965349999999964,0.9934646747571215,-0.3996877691255508,-0.593944810099013
5.965399999999964,0.9926302731101868,-0.38607824078458597,-0.6045565029618236
5.965449999999964,0.9920630856761881,-0.37340813036550924,-0.6168734632663326
5.965499999999964,0.9855634992827562,-0.35710290261481914,-0.6286464342248833
5.965549999999964,0.9815516836674386,-0.34432492858151337,-0.6444411040618999
5.965599999999964,0.9841244955818126,-0.3281701295464564,-0.6530196866466224
5.965649999999964,0.9798054254814764,-0.31458129914058264,-0.6675501554405046
5.965699999999964,0.9772081390311457,-0.29637175207737565,-0.6754672230145572
5.9657499999999635,0.9698639791609149,-0.287622751727297,-0.6881662406130192
5.965799999999963,0.9709431373937291,-0.27227106771466514,-0.6999511684623494
5.965849999999963,0.9657756502810668,-0.2554387853480585,-0.710636683632851
5.965899999999963,0.9577965047420293,-0.23754894475340285,-0.7205766282998183
5.965949999999963,0.9584123716026178,-0.22279278239648717,-0.7317216013740023
5.965999999999963,0.9476511763650556,-0.2065907137359438,-0.7422940227225945
5.966049999999963,0.9460269979314769,-0.19311647464963874,-0.7565987142853398
5.966099999999963,0.9430835174787802,-0.1767193711453018,-0.761017192029716
5.9661499999999625,0.9369068694035352,-0.1584966178575269,-0.7755888071338881
5.966199999999962,0.928895582459768,-0.14792406381988996,-0.7830792874181995
5.966249999999962,0.9246505751032625,-0.12850111914264475,-0.7943444788649574
5.966299999999962,0.9180372758147066,-0.11619183091725634,-0.8076897437664144
5.966349999999962,0.914817608979715,-0.09820698210566693,-0.812017071585928
5.966399999999962,0.9073762585530514,-0.08561548751955857,-0.8205636435725026
5.966449999999962,0.8969880897565866,-0.06737698554698951,-0.8270285045310576
5.966499999999962,0.8919574971705267,-0.049087320176856755,-0.838382527765448
5.966549999999962,0.8820429850829546,-0.03566855891643483,-0.849850562784115
5.9665999999999615,0.8786637055618406,-0.024708434388611207,-0.8531785549273969
5.966649999999961,0.8698015676633705,-0.003215698618976315,-0.8610342922339056
5.966699999999961,0.8617600322708339,0.012121646687798414,-0.8723070609384667
5.966749999999961,0.8536932735048742,0.027267211861818543,-0.8784619524736267
5.966799999999961,0.84687522414861,0.04306263084409721,-0.8842531840207045
5.966849999999961,0.8340806433390684,0.05898967297871858,-0.8899485213854683
5.966899999999961,0.8276788191189549,0.0702156010535456,-0.8953853480212358
5.966949999999961,0.8164209420751307,0.08661835607666665,-0.9076112011430684
5.966999999999961,0.8100198658008018,0.10287564633972152,-0.9137522651378104
5.96704999999996,0.7963364188957706,0.12030387770205601,-0.9216717325229854
5.96709999999996,0.7908275770541936,0.13367087635650757,-0.9297123740096246
5.96714999999996,0.7799351482753963,0.14862542043698693,-0.9326823974539913
5.96719999999996,0.7695267983311683,0.1681262540168424,-0.9365392521230856
5.96724999999996,0.7586257196749798,0.17902802615402755,-0.9461789119408739
5.96729999999996,0.7469931967402181,0.19591162374305413,-0.9518084561711485
5.96734999999996,0.7397252609148889,0.21334558216408137,-0.9524299378746102
5.96739999999996,0.7291500785582561,0.228871002114058,-0.9548814705836813
5.9674499999999595,0.7186132771931243,0.24172556358166833,-0.9621105366323673
5.967499999999959,0.7081718409882254,0.2633462547547485,-0.9667713757005847
5.967549999999959,0.6953246612870936,0.273596282582562,-0.9709375092026281
5.967599999999959,0.6863504401569338,0.2873273526239041,-0.9697462659365398
5.967649999999959,0.6743545723675061,0.2980941791219528,-0.9769849437817816
5.967699999999959,0.6642238415021284,0.3179946922185361,-0.9820455699707814
5.967749999999959,0.6488282565466075,0.3347353028395442,-0.9789128751631029
5.967799999999959,0.6386602920416701,0.34718284602456734,-0.9870684635159563
5.967849999999959,0.6267370105858633,0.36516692146879215,-0.9872242406896411
5.9678999999999585,0.6152234006202589,0.3821002825161348,-0.9905348947790005
5.967949999999958,0.6023334671135192,0.39222079714182184,-0.9940477697032066
5.967999999999958,0.5855131395530536,0.41062406701965315,-0.9946238437217108
5.968049999999958,0.5779378646382933,0.42013829675094044,-0.995055707239592
5.968099999999958,0.5630636356275422,0.4370347481774042,-0.997918423179081
5.968149999999958,0.5492182829070915,0.448755152368256,-0.9992669849770719
5.968199999999958,0.5330643693484749,0.4596590515783291,-0.9961348422155417
5.968249999999958,0.5204912862329639,0.47689460888953683,-0.9974863153091454
5.9682999999999575,0.5101744722489576,0.489230706602701,-1.0013890345024012
5.968349999999957,0.4934904310840117,0.501631384972185,-0.9993514048634793
5.968399999999957,0.48096114665210543,0.5146494736779387,-0.999701394656966
5.968449999999957,0.466509193414073,0.5359899488669287,-0.9994568941105924
5.968499999999957,0.4508968695479488,0.544393752551931,-0.9963186351136566
5.968549999999957,0.4394684937495791,0.5575092897106279,-0.997966652676124
5.968599999999957,0.42415451257016484,0.5694733989722525,-0.9965418172310033
5.968649999999957,0.41014084462863626,0.5827598472187963,-0.9972272452258061
5.968699999999957,0.40009193757265155,0.598282297326115,-0.9913459530849374
5.9687499999999565,0.3819122564592079,0.6051657298639648,-0.9922508129703271
5.968799999999956,0.3702902696607,0.6215486996273315,-0.9895034670021398
5.968849999999956,0.35539680690170894,0.6339286781446677,-0.9868937378312922
5.968899999999956,0.34032308135090883,0.6456604533234638,-0.9823697327749362
5.968949999999956,0.3228579609954925,0.6606144234338992,-0.9831173736547115
5.968999999999956,0.3056760696586203,0.6706729930471109,-0.9776522086433506
5.969049999999956,0.2942660390315622,0.6815901346508846,-0.9709838962898585
5.969099999999956,0.27610336671048136,0.6920732463888779,-0.9698686849834548
5.9691499999999555,0.26466860936275344,0.7017895843877517,-0.9646164298512355
5.969199999999955,0.24723310784424327,0.7157224331028997,-0.9634942007804527
5.969249999999955,0.23128855019670122,0.7271516825948947,-0.9580575891739711
5.969299999999955,0.21722863530339767,0.7360023434955464,-0.9565307893297482
5.969349999999955,0.19969705104511098,0.743817171703631,-0.9492419135356707
5.969399999999955,0.18618492120041308,0.7531501287981822,-0.945405770641594
5.969449999999955,0.1729154142922627,0.7691795974533907,-0.9389831866813447
5.969499999999955,0.1560694236695025,0.7787118185114559,-0.9350026117300139
5.969549999999955,0.1377146776091114,0.785651944344243,-0.9249055073017347
5.9695999999999545,0.125744911809675,0.7957254074795966,-0.9215701150050823
5.969649999999954,0.11432601616265599,0.8022281093576553,-0.913489953582447
5.969699999999954,0.0946426933606272,0.8150536823435732,-0.9107268716313525
5.969749999999954,0.07870216154945023,0.8235890889464823,-0.901855702197685
5.969799999999954,0.06037948561826326,0.8310936903772728,-0.8938316835364043
5.969849999999954,0.047714038838066526,0.8429926283551571,-0.8875289551516868
5.969899999999954,0.030323054953067443,0.8520196641939807,-0.8835708914112893
5.969949999999954,0.015465643610085341,0.8574755791314466,-0.8744681368625268
5.969999999999954,-0.0032672955642226737,0.8619457217127136,-0.8634156676509825
5.9700499999999534,-0.016415871497569765,0.8738715128802196,-0.8573282136036429
5.970099999999953,-0.03369246057811223,0.8834692779605251,-0.8502109659679238
5.970149999999953,-0.04633462170842008,0.8924390956977302,-0.8441519928032752
5.970199999999953,-0.06203073555064087,0.894233887001417,-0.8324235285480867
5.970249999999953,-0.07894517524443355,0.9017951561733188,-0.8214043344080831
5.970299999999953,-0.09332580741969039,0.9080697730300064,-0.8150718789649812
5.970349999999953,-0.1107839225920775,0.9169567217074919,-0.8036481677023588
5.970399999999953,-0.12857093650596324,0.9190617322269788,-0.7956616348603931
5.9704499999999525,-0.14087375661208065,0.9276521019424145,-0.7846600800102242
5.970499999999952,-0.15638097401196005,0.9324360997503065,-0.7754832876130734
5.970549999999952,-0.17030518311928758,0.9363795829636683,-0.7667205282587322
5.970599999999952,-0.18620651305449126,0.9421560488919135,-0.7557858576123817
5.970649999999952,-0.20137228275066396,0.9493876768264318,-0.7437688366425456
5.970699999999952,-0.2179259926369084,0.9539204567568593,-0.7365576188378332
5.970749999999952,-0.23571298322566553,0.9576957433968406,-0.7241320787162979
5.970799999999952,-0.2487479061162694,0.9624660845839531,-0.7141924682662734
5.970849999999952,-0.2643790196636163,0.9677352786015994,-0.7055101859559304
5.9708999999999515,-0.2792293797036241,0.9714255164146423,-0.695665493734152
5.970949999999951,-0.2934493552539329,0.9730563766595058,-0.6784322821510269
5.970999999999951,-0.3077092604333633,0.9755038194157343,-0.6703544786526422
5.971049999999951,-0.3266836458291258,0.9853301717450437,-0.6540540617295595
5.971099999999951,-0.33768037175905813,0.9866565237641135,-0.6438526021844996
5.971149999999951,-0.35127078497563563,0.9888479920273482,-0.6308236120972687
5.971199999999951,-0.36638692654018773,0.9911382868782619,-0.6189935484389694
5.971249999999951,-0.38067233375176435,0.9934177996835732,-0.6118329973109731
5.9712999999999505,-0.3985516440104027,0.997024934121885,-0.5946045915358324
5.97134999999995,-0.4084023202022228,0.9938536648105522,-0.5833965979489879
5.97139999999995,-0.4262941083198365,0.9974997902738848,-0.5663542765353303
5.97144999999995,-0.44429661007425686,0.9960129406213293,-0.5538458773962798
5.97149999999995,-0.4532748074407076,1.001528375324699,-0.5427652737970604
5.97154999999995,-0.467854613456415,0.9991993868595537,-0.5350362690920302
5.97159999999995,-0.483989113987047,1.0010582254349196,-0.5183518006375751
5.97164999999995,-0.4940280745206375,1.0002561261618301,-0.5062089429909965
5.97169999999995,-0.5076818887954274,1.000540235468249,-0.4887807354714301
5.9717499999999495,-0.5251267830788385,0.9950637209806809,-0.47617436530108037
5.971799999999949,-0.5365867284940306,0.9981335443040495,-0.46253211632157937
5.971849999999949,-0.5508404020514683,0.9979902723357027,-0.4485659399289947
5.971899999999949,-0.5632456572762395,0.9981016304594439,-0.43541596395831783
5.971949999999949,-0.5781140560999593,0.9992946192048335,-0.41976338421299597
5.971999999999949,-0.5867151701362838,0.9956876874857055,-0.40642768609586116
5.972049999999949,-0.6027976598606986,0.9937041561949396,-0.39037149343656385
5.972099999999949,-0.6087021544167378,0.9930406762529221,-0.3776864270050793
5.9721499999999486,-0.6262054711375967,0.9891689208800559,-0.3600018774309545
5.972199999999948,-0.6404554174731851,0.9827104816935066,-0.3491951824901888
5.972249999999948,-0.6470941823563368,0.9867849940004015,-0.33158535781731907
5.972299999999948,-0.6607391523136988,0.9793776455764924,-0.3181753466074146
5.972349999999948,-0.6761225633095299,0.9739816209760891,-0.30515432123182734
5.972399999999948,-0.686283764416907,0.9758139009867771,-0.29377316169439965
5.972449999999948,-0.6996247032887362,0.9723428905085355,-0.2727461384126467
5.972499999999948,-0.7079362711183622,0.966558003661563,-0.2569931676123772
5.972549999999948,-0.7191273812648936,0.9632562008807488,-0.24377363845181516
5.9725999999999475,-0.7265674844997669,0.9531560922954054,-0.22396138995440462
5.972649999999947,-0.7398053639600078,0.9518132641593723,-0.21263128244955348
5.972699999999947,-0.7486904901135547,0.9453801160604071,-0.19842448845883567
5.972749999999947,-0.7609668135217378,0.9446930390740065,-0.18120305965294706
5.972799999999947,-0.7718897279272213,0.9396022941740346,-0.16901418469856005
5.972849999999947,-0.7811797647935473,0.9308397084486291,-0.1529697094485092
5.972899999999947,-0.7903799816247341,0.9245276789934644,-0.1360096964742866
5.972949999999947,-0.7987360694147456,0.9202570402074042,-0.12333203099594701
5.972999999999947,-0.8077186581549254,0.9160097711506529,-0.10394560979439658
5.9730499999999465,-0.8180487822515656,0.9055920670232811,-0.08953071024055492
5.973099999999946,-0.8268084082641379,0.9016168079049205,-0.06943235121912861
5.973149999999946,-0.8380490956057897,0.8902517487490245,-0.05738288147936047
5.973199999999946,-0.8450734873703671,0.8874678065952414,-0.04036997089569384
5.973249999999946,-0.8514352260561969,0.8813204860941422,-0.02879145155106866
5.973299999999946,-0.86177942604731,0.8722228090273431,-0.008842878078939206
5.973349999999946,-0.8667788408449848,0.8616369965508311,0.006770146940574917
5.973399999999946,-0.8747935644602775,0.8546980512756694,0.02179158923581981
5.9734499999999455,-0.8861137666253768,0.8507978674609412,0.03702177366117443
5.973499999999945,-0.8950715542611174,0.8393355936853037,0.0501981939592777
5.973549999999945,-0.8971070786379748,0.833327513215199,0.07082934489328865
5.973599999999945,-0.9032344883118042,0.8207868348127196,0.08219035517163563
5.973649999999945,-0.9114212076139792,0.8121049158073388,0.09714517623035163
5.973699999999945,-0.9178543162759638,0.8032534326623857,0.1114324858407497
5.973749999999945,-0.9209819326601165,0.795969134465412,0.1314282269210854
5.973799999999945,-0.9312556398587426,0.7827769248070366,0.14772204419514343
5.973849999999945,-0.9358380205904759,0.7746170239991914,0.16194177696479226
5.9738999999999445,-0.9398134995982138,0.7656781493598039,0.1747078328395406
5.973949999999944,-0.9450980109543351,0.7523163413485711,0.19284333223106057
5.973999999999944,-0.9548715408087782,0.7450457953536691,0.2040047473738438
5.974049999999944,-0.9559458032907083,0.7343877290410459,0.2239493640897696
5.974099999999944,-0.9627379340496369,0.7240440205556319,0.23728618786970482
5.974149999999944,-0.967727051317555,0.7105345206031392,0.2529285980302038
5.974199999999944,-0.9701897642544971,0.6973372628310102,0.2690531301225549
5.974249999999944,-0.9702417309318503,0.6888281377736327,0.2839263193066646
5.9742999999999435,-0.974089247044098,0.6750325624599371,0.2989173463745308
5.974349999999943,-0.976849012791827,0.6660445618485088,0.3131276613675647
5.974399999999943,-0.9799291251606426,0.653341400050216,0.3286533247315602
5.974449999999943,-0.9902976302639869,0.6424008168808638,0.3425594592874333
5.974499999999943,-0.9857886094983643,0.6315458468029138,0.35991541971675395
5.974549999999943,-0.992344324028587,0.6201617947131302,0.3752195149709273
5.974599999999943,-0.9881096412717526,0.602552394275504,0.38843218664509876
5.974649999999943,-0.9907891526917083,0.5951533941340215,0.39996274805710547
5.974699999999943,-0.9953686558687298,0.5786680102964928,0.4163655068451934
5.9747499999999425,-0.9989061847250326,0.5671916732176839,0.43119320859696036
5.974799999999942,-1.0009512831162228,0.5546569328817336,0.44446718934722784
5.974849999999942,-1.0011417205836062,0.5407429345509724,0.4584427171329402
5.974899999999942,-0.9974495362086874,0.5296015219046855,0.47285501063271307
5.974949999999942,-0.9988275553112853,0.5119687137551189,0.48818016322319246
5.974999999999942,-1.0014666282485232,0.5001122693092337,0.4992463768350267
5.975049999999942,-1.0021255470809391,0.4854569363755103,0.5114637609528849
5.975099999999942,-0.999699247719519,0.46918671285172414,0.5293774376890624
5.975149999999942,-0.9940624139045349,0.45994173068474276,0.5394464011929405
5.9751999999999414,-0.9992632141674715,0.4415374023826328,0.5516239756607053
5.975249999999941,-0.9982151003827342,0.43075275358123216,0.5667090249244546
5.975299999999941,-0.9929703408650481,0.41821275073282593,0.5761530627350259
5.975349999999941,-0.9942307454016978,0.4010556816866438,0.5904740379944201
5.975399999999941,-0.9928135185892202,0.3860891873887495,0.6035674571636911
5.975449999999941,-0.9909018928010259,0.37213611269308006,0.6163824035758727
5.975499999999941,-0.9884792516634422,0.35524777166987603,0.6313986261663799
5.975549999999941,-0.983068728415611,0.3458069324409271,0.6428113279186866
5.9755999999999405,-0.9812781697392936,0.3309531654733765,0.6526865481442652
5.97564999999994,-0.9806500132397091,0.31132979430045055,0.6663580763088134
5.97569999999994,-0.9767732760077438,0.2982744519988013,0.6746882825113104
5.97574999999994,-0.9719876220521139,0.28674519965327266,0.6860995096889912
5.97579999999994,-0.9664404676177155,0.2708378012699103,0.6963008361003212
5.97584999999994,-0.966855744186901,0.25452097851344535,0.7112296595863777
5.97589999999994,-0.9631072741122109,0.23736206041331545,0.7203243835037073
5.97594999999994,-0.9574417234892493,0.2230291534755147,0.7362415491875663
5.97599999999994,-0.9523509920318611,0.20926302058386054,0.7411218397131883
5.9760499999999395,-0.9425937526512296,0.19118442760923188,0.751730769418649
5.976099999999939,-0.9417405022150235,0.17793753811598778,0.762058277221529
5.976149999999939,-0.9370313103019464,0.16241217783673548,0.7761439341109677
5.976199999999939,-0.9314269883716518,0.147637032080401,0.7829890812579942
5.976249999999939,-0.9251596105825084,0.12599398113291693,0.7914081801133828
5.976299999999939,-0.9174111660496429,0.1165229919981783,0.8034853752746263
5.976349999999939,-0.9085518216064368,0.09928851940834556,0.812172007681745
5.976399999999939,-0.9041087455028687,0.08606762204603882,0.8202656483950376
5.9764499999999385,-0.8930241732394261,0.06686431664894946,0.8280150154313962
5.976499999999938,-0.893032129533392,0.05341160656784553,0.8418295206320207
5.976549999999938,-0.8855932930825585,0.0373916127954419,0.8479024899893035
5.976599999999938,-0.8730487454085579,0.020619648819477678,0.857056749935231
5.976649999999938,-0.8684911533582126,0.0049251707360647955,0.8648331228625026
5.976699999999938,-0.8597750223379588,-0.008979925551984737,0.8709904049497712
5.976749999999938,-0.8507969291097038,-0.02263430824470126,0.8779400635100786
5.976799999999938,-0.8425850539544134,-0.039390094593682326,0.8856221632479766
5.976849999999938,-0.8375111474338174,-0.05682684552160268,0.8934221822511397
5.9768999999999375,-0.8247285893314698,-0.07280557948950765,0.9027333040088176
5.976949999999937,-0.81739869251788,-0.08825112433597283,0.9085003439255829
5.976999999999937,-0.8081251777310267,-0.1045960672304456,0.9170856363959075
5.977049999999937,-0.799481225059967,-0.1220411924031217,0.9199148045669001
5.977099999999937,-0.7908800159947385,-0.13529703350842862,0.9294435658626985
5.977149999999937,-0.7848401852326456,-0.1497545582480241,0.9322380034606434
5.977199999999937,-0.770359955658169,-0.16761875286534866,0.9390089148508226
5.977249999999937,-0.7633039907606962,-0.1801865272749996,0.943397456455053
5.9772999999999366,-0.7507786636041537,-0.19998397023732686,0.9481810203394221
5.977349999999936,-0.7370876286599362,-0.20933615054784707,0.9524510731884117
5.977399999999936,-0.7304920665455281,-0.2267187175835606,0.9552351166551087
5.977449999999936,-0.7157732214218437,-0.24021030231012028,0.962095480532709
5.977499999999936,-0.7048480579325395,-0.256541666220048,0.9627011876251416
5.977549999999936,-0.6973729138720809,-0.2738342177981993,0.9716599203880122
5.977599999999936,-0.680780978573634,-0.2891394136609403,0.9750153471056647
5.977649999999936,-0.6740114505354725,-0.30222576562880993,0.9774458832908869
5.977699999999936,-0.6601164159296353,-0.31762302000643683,0.9775436686602612
5.9777499999999355,-0.6483573133744265,-0.33471886728518474,0.983692784367285
5.977799999999935,-0.6393013388844927,-0.34812216167105864,0.9863906186414435
5.977849999999935,-0.621739842019104,-0.3650071475476045,0.9902151247492889
5.977899999999935,-0.6141077617212933,-0.37823699921029197,0.9869637736788677
5.977949999999935,-0.6012894295779896,-0.39233250827593524,0.9967597937540689
5.977999999999935,-0.5843820034444362,-0.40720636125632664,0.9971363315385702
5.978049999999935,-0.576397116179119,-0.42225051414011344,0.9965916816552479
5.978099999999935,-0.5618476858182526,-0.437078822609197,0.9972618942921353
5.978149999999935,-0.5513610363217113,-0.4505395767576798,1.0017202175519209
5.9781999999999345,-0.531365492837804,-0.46033558818240417,0.9999943454285429
5.978249999999934,-0.524816502638881,-0.47753772342950623,0.996564842864167
5.978299999999934,-0.5071960598797212,-0.489775926137348,0.9994245265355551
5.978349999999934,-0.49485875918174504,-0.5050886083733802,1.001002621107271
5.978399999999934,-0.48280928775833815,-0.517835072685121,0.9984364333370007
5.978449999999934,-0.4629567933540642,-0.5299943063021604,0.9981385168906406
5.978499999999934,-0.4521320352859226,-0.5422544079903279,1.001163690614613
5.978549999999934,-0.43790245672516803,-0.5555510887716698,0.9971952688030068
5.9785999999999335,-0.4259001825570734,-0.5713052797597976,0.9978446706428968
5.978649999999933,-0.4118265382628077,-0.5848105066855068,0.9939531383004815
5.978699999999933,-0.3968890475528144,-0.5956692417488679,0.9944333407050361
5.978749999999933,-0.38479603941418594,-0.6084677083157882,0.9910557514647754
5.978799999999933,-0.3690542792067668,-0.6171464240682296,0.9839929408061342
5.978849999999933,-0.35138851847333014,-0.6356394125474407,0.985308524647493
5.978899999999933,-0.33594995560702,-0.6480925610080801,0.9844343654761526
5.978949999999933,-0.32430535343052724,-0.656683479755827,0.9833554105531779
5.978999999999933,-0.30989728296034685,-0.6700597063163751,0.9805854833429283
5.9790499999999325,-0.2952854746173983,-0.6834471667003884,0.9743224654300188
5.979099999999932,-0.28121731835531094,-0.6919703637120902,0.9710394275496976
5.979149999999932,-0.2638749247317613,-0.7033036155098042,0.9705406502284039
5.979199999999932,-0.24898091617957338,-0.7178881666214952,0.9597170978978332
5.979249999999932,-0.23225900918332287,-0.7254604361055118,0.9606412709854905
5.979299999999932,-0.2220936766601331,-0.7370526190937198,0.9537576724163862
5.979349999999932,-0.2013267062254123,-0.7456685555764428,0.9514126848511921
5.979399999999932,-0.18112412352184826,-0.7556457781177423,0.9451741954979913
5.9794499999999315,-0.17145674029511596,-0.7681472893846224,0.9377856020877069
5.979499999999931,-0.1569774435327646,-0.7736227553530852,0.9294386481186715
5.979549999999931,-0.1405956811212669,-0.7857287329657123,0.9276361235728698
5.979599999999931,-0.12476286128768188,-0.7974165567415911,0.9202672785588903
5.979649999999931,-0.11023280041190162,-0.8057144119315062,0.9155211981551252
5.979699999999931,-0.09909557583422428,-0.812362740197095,0.9064934128248321
5.979749999999931,-0.07762371131636168,-0.8209989959218872,0.901037193064132
5.979799999999931,-0.0606159983566955,-0.8354003633597356,0.8971955362888482
5.979849999999931,-0.04944176533750972,-0.8432786809817643,0.8873257224546948
5.9798999999999305,-0.030734034874956514,-0.846047788634731,0.8829985942613352
5.97994999999993,-0.014687923543987116,-0.8566898394075618,0.8744066941494858
5.97999999999993,0.00024115506196714374,-0.866683819237179,0.867122411557773
5.98004999999993,0.0172804666504887,-0.8740077269026796,0.8587169704023209
5.98009999999993,0.03284112174685722,-0.8820015827131135,0.8501574364634996
5.98014999999993,0.04804254925146149,-0.8879835594325088,0.8392140303199598
5.98019999999993,0.062318262565282195,-0.9015939783300078,0.8349609825345364
5.98024999999993,0.08417780725132973,-0.9013177146383167,0.8224108679663878
5.98029999999993,0.09485545495244992,-0.9085409665840186,0.8141998294256605
5.9803499999999294,0.1092371086920064,-0.9132685436735372,0.803263283707605
5.980399999999929,0.12534752797684826,-0.9234518705311932,0.7963996231140735
5.980449999999929,0.13768202917685107,-0.9262139977654222,0.7842630672447642
5.980499999999929,0.15665028619846988,-0.9337566562850229,0.7775701794883346
5.980549999999929,0.17165634427308746,-0.942591042928712,0.7697727856948331
5.980599999999929,0.1871193283979461,-0.9466468681113338,0.7558269527622512
5.980649999999929,0.20194021696960773,-0.9491786954201998,0.7443523656350424
5.980699999999929,0.22010662763517738,-0.9531500176334979,0.7346629225577036
5.9807499999999285,0.2330764618064084,-0.9598166787608744,0.7269860198478272
5.980799999999928,0.24609181357317514,-0.9599249899676665,0.7147924807719716
5.980849999999928,0.26231412800632026,-0.9680644819860786,0.7020336046935375
5.980899999999928,0.2778000533706695,-0.9750393589036375,0.6901066572124043
5.980949999999928,0.29146143767431304,-0.975494702349417,0.6810448814856405
5.980999999999928,0.30990273189650985,-0.9810016533002367,0.6679766770533127
5.981049999999928,0.3210400638986338,-0.9823798979881667,0.6580048112440292
5.981099999999928,0.34119097406244414,-0.9844569013794655,0.6423365339092703
5.981149999999928,0.3498861378837384,-0.983393803083592,0.6345115818248261
5.9811999999999275,0.3743309915106278,-0.9891562417574166,0.6255686601784394
5.981249999999927,0.38167448833435524,-0.99117377863565,0.6081476691006946
5.981299999999927,0.40057833090944656,-0.9937474997265956,0.5975589146984339
5.981349999999927,0.41205210444134904,-0.9946783182100739,0.5851430407510382
5.981399999999927,0.4261862648138963,-0.9980192522396271,0.5725500233307431
5.981449999999927,0.44353442668617,-0.9980304241455309,0.5601982019527889
5.981499999999927,0.4510051976578919,-0.9945971636700661,0.5497221359501625
5.981549999999927,0.466402235139567,-1.0021035466085433,0.5295436835110654
5.9815999999999265,0.47850311271678025,-0.9952761968720149,0.5159540451588007
5.981649999999926,0.4949799303266271,-1.0004905584250894,0.5041844202424213
5.981699999999926,0.5086272776037013,-0.9997838072576851,0.4939125156943296
5.981749999999926,0.5234729383206291,-1.001820964539204,0.4765816083174967
5.981799999999926,0.5369386053092631,-0.9935367976288313,0.46371064858207844
5.981849999999926,0.546152418053883,-0.9991677770281646,0.4515704199782147
5.981899999999926,0.5628797682969591,-0.9965661243914083,0.4332499680195902
5.981949999999926,0.5706956715163538,-0.9991800201302758,0.4205850315823828
5.981999999999926,0.583364802458677,-0.9955207090356573,0.4065935512551284
5.9820499999999255,0.5995716843284555,-0.991089216166182,0.39777036233607604
5.982099999999925,0.6162130817723366,-0.9863579066941606,0.379085336383292
5.982149999999925,0.6264591327550965,-0.9895894848011836,0.3624833834517987
5.982199999999925,0.6396584205182251,-0.9856070791000658,0.34670847998354654
5.982249999999925,0.6509962932388492,-0.9825516252661277,0.3312135454899246
5.982299999999925,0.6618686394945609,-0.9826494085289654,0.3198167720114626
5.982349999999925,0.6727781296452516,-0.9757772001095152,0.30148390404696135
5.982399999999925,0.6840677885056566,-0.9740501721344564,0.28987394210818235
5.9824499999999246,0.6959106300674426,-0.9702907605622757,0.27112047245317805
5.982499999999924,0.7095595556664365,-0.9685297081423422,0.25721965532895824
5.982549999999924,0.72312491300323,-0.9653999213153373,0.24171813899597136
5.982599999999924,0.7254839501332645,-0.9577494801692168,0.22892620021850688
5.982649999999924,0.7381950383187194,-0.9535516083693681,0.21446461329915964
5.982699999999924,0.7509881025016643,-0.9493129570282096,0.19752014318354721
5.982749999999924,0.7625943762749595,-0.9414068937652674,0.18410999437051853
5.982799999999924,0.7719060343422014,-0.9411965284541954,0.16694865499715758
5.982849999999924,0.7818267775783375,-0.9343554511965595,0.1517840941719719
5.9828999999999235,0.7914410446368845,-0.9264430032853747,0.13504270615766506
5.982949999999923,0.8005754066048781,-0.9169052279081635,0.11828132603300379
5.982999999999923,0.8094192507164654,-0.9152427026534965,0.10366103979924321
5.983049999999923,0.8209459241592064,-0.9055036386362761,0.087411139202273
5.983099999999923,0.8267957086647167,-0.8998622926702451,0.07339874255526709
5.983149999999923,0.8354809107742261,-0.8964516286218075,0.056902418032350376
5.983199999999923,0.840898708940604,-0.8855712093966808,0.04039082936270796
5.983249999999923,0.8528112199601157,-0.8777571785843667,0.024623798288232294
5.983299999999923,0.8612425512504464,-0.8661778551260092,0.009990939079563475
5.9833499999999225,0.8678335611761374,-0.8612473016726806,-0.007420347282211759
5.983399999999922,0.8774087653237052,-0.8583708600712627,-0.019941978413214757
5.983449999999922,0.8834671895105871,-0.8423666234610582,-0.03891945513193489
5.983499999999922,0.8891244553551587,-0.8407665605252806,-0.05193449525939787
5.983549999999922,0.8998926295026536,-0.8306787231825602,-0.06876685735356443
5.983599999999922,0.903642117877076,-0.817726494934184,-0.08002135834878324
5.983649999999922,0.9138242329848587,-0.8094938329267214,-0.101363719381136
5.983699999999922,0.9135748989194857,-0.8043334596126178,-0.11288782681292595
5.9837499999999215,0.9239200870229729,-0.7933628140262144,-0.1306079540598088
5.983799999999921,0.9282155359884572,-0.7785166829629088,-0.1471788814017812
5.983849999999921,0.9362999187655474,-0.7776807970193822,-0.16118138127034384
5.983899999999921,0.9405358945300689,-0.7638721173072692,-0.17544221335038823
5.983949999999921,0.9478892377528861,-0.7545107197625578,-0.19121082036264372
5.983999999999921,0.9494158333710405,-0.7442649078870104,-0.20753972074990834
5.984049999999921,0.953772768156032,-0.7307713147026423,-0.22087331506334043
5.984099999999921,0.9620949442090528,-0.7229937540758389,-0.2381331668305252
5.984149999999921,0.9665423808262192,-0.7115790004682775,-0.2508510497254899
5.9841999999999205,0.9691058271012281,-0.6981001764712649,-0.2660768486444984
5.98424999999992,0.9704067629426517,-0.6851341247584681,-0.2842211052085423
5.98429999999992,0.9741218507869364,-0.6801699617583418,-0.3010668629298566
5.98434999999992,0.9791420998902487,-0.6685536998156706,-0.3127783533730865
5.98439999999992,0.9776409990845442,-0.6519528968444994,-0.32842799948740126
5.98444999999992,0.9848415819755522,-0.6385017799059332,-0.3428872375016673
5.98449999999992,0.986637217025701,-0.6304624024127677,-0.35900864478129535
5.98454999999992,0.9936499075211117,-0.6238819909146563,-0.3725432862479694
5.9845999999999195,0.993490064664846,-0.6077151361271116,-0.38714544948032026
5.984649999999919,0.9966898314834275,-0.5913432065878449,-0.40405949489508103
5.984699999999919,0.9966074305283543,-0.5789347180997163,-0.4150454576639671
5.984749999999919,0.9963383582897481,-0.5671755563409173,-0.43058084342961883
5.984799999999919,0.9966765944434217,-0.55386838306622,-0.44543769466505023
5.984849999999919,1.0004372674892994,-0.5410928527585823,-0.46211882278480654
5.984899999999919,1.000557365004394,-0.529689858050127,-0.4737513173517567
5.984949999999919,1.0002653802570018,-0.5124151926843602,-0.48359311751347267
5.984999999999919,0.9992450652027975,-0.49694937975927395,-0.49963731913932463
5.9850499999999185,0.9988185745774038,-0.4875180534979714,-0.5144510585250204
5.985099999999918,0.999967222576681,-0.47029125718026366,-0.5271969761375628
5.985149999999918,1.0000301962008742,-0.4618723538940088,-0.5415654780812389
5.985199999999918,0.9986296175830123,-0.4438408137842114,-0.5540332393990213
5.985249999999918,0.9986783320944703,-0.431588322599303,-0.5692973250445307
5.985299999999918,0.9966414968688363,-0.42058989770962874,-0.5788334369668896
5.985349999999918,0.9917785051684974,-0.40431387359235016,-0.5892541635008454
5.985399999999918,0.9931635578564292,-0.38844568446585803,-0.5978453768380141
5.985449999999918,0.991892091686636,-0.36956247568849565,-0.6186630954328166
5.985499999999917,0.9902935444831017,-0.35928945539649165,-0.6310019481723194
5.985549999999917,0.9835660376238515,-0.3409515371614341,-0.6416131533150398
5.985599999999917,0.9805394114503241,-0.32961564394061277,-0.6543480035058656
5.985649999999917,0.9773125136150083,-0.31312033891002683,-0.6644518173529408
5.985699999999917,0.9757855107662483,-0.2970763346332381,-0.6720446176029967
5.985749999999917,0.9706591301692338,-0.28292703533603014,-0.6914324106789863
5.985799999999917,0.9706675001621945,-0.26531714681891894,-0.7021996995609279
5.985849999999917,0.9645006872974735,-0.2528059818526283,-0.7100742157916087
5.9858999999999165,0.9565981644830798,-0.2400807292758355,-0.722905672270047
5.985949999999916,0.9553865833622034,-0.22630644752153534,-0.7312292054662863
5.985999999999916,0.9480327657702333,-0.20613904962805266,-0.7444884775682733
5.986049999999916,0.9475724303147746,-0.19331936336790081,-0.7521786573457698
5.986099999999916,0.9408173710277438,-0.17500386909464097,-0.7582507342132292
5.986149999999916,0.9333268515057246,-0.1631651667181555,-0.7715444530497856
5.986199999999916,0.9318742340658428,-0.14622975868275506,-0.7842944123995254
5.986249999999916,0.9264789786963995,-0.12912548912349808,-0.7941335838922713
5.986299999999916,0.9171196367728758,-0.11537969610443226,-0.8016372621979798
5.9863499999999155,0.9111403846981195,-0.09677193577898191,-0.8123499389104748
5.986399999999915,0.9052509055631258,-0.08381895468747402,-0.820216650136
5.986449999999915,0.898327081360424,-0.06701800869873877,-0.8302185007862873
5.986499999999915,0.8900893309945626,-0.05069040871661393,-0.8392130539324738
5.986549999999915,0.8838680970184208,-0.03710028177805169,-0.8459122465940968
5.986599999999915,0.8787758102021404,-0.021220581916699555,-0.8573736918892485
5.986649999999915,0.86776576404735,-0.004595720386964095,-0.8646799017271627
5.986699999999915,0.8602077797386801,0.009538147558574444,-0.874227231670131
5.9867499999999145,0.8505563227959819,0.025507565592456934,-0.879646751287578
5.986799999999914,0.8477161560474352,0.04157140569218954,-0.8860345394767621
5.986849999999914,0.8400557852754502,0.06086691250647589,-0.8939867591187147
5.986899999999914,0.8303119930572185,0.07337132053000535,-0.9026377957957227
5.986949999999914,0.8172539948342552,0.08799278692728171,-0.9083609155069902
5.986999999999914,0.8098886561323225,0.10421095541556115,-0.9128332203244398
5.987049999999914,0.8016106414960934,0.11728596114657866,-0.9194568656609103
5.987099999999914,0.789263942068838,0.13617550425017766,-0.9254455539384475
5.987149999999914,0.7811348964723726,0.15051837416319397,-0.9289258889415329
5.9871999999999135,0.7688032260417756,0.16688796114458324,-0.9357867082945125
5.987249999999913,0.7595917314041076,0.182629975783385,-0.9400626623128596
5.987299999999913,0.7514975861719356,0.19787077935562195,-0.9498945814106764
5.987349999999913,0.7380555047033235,0.2137161042599887,-0.9524100648696678
5.987399999999913,0.7276507738608288,0.22813460383978015,-0.9576506736404589
5.987449999999913,0.7209025547754374,0.24244044346982638,-0.9609060299332891
5.987499999999913,0.7056212830788535,0.2577426911599212,-0.9683906417941526
5.987549999999913,0.6968817486184677,0.2687196892407841,-0.9700937816947484
5.9875999999999125,0.6827982757750195,0.2899475105017767,-0.9705921530794573
5.987649999999912,0.6708797618627753,0.3046536383070112,-0.9777327524233876
5.987699999999912,0.6623171920291812,0.31575067671834245,-0.9814440296954561
5.987749999999912,0.6500326336566351,0.3350125411952482,-0.9847587298458073
5.987799999999912,0.6386952773732275,0.3500507509159361,-0.9862433901791429
5.987849999999912,0.6259124012255068,0.36346904733686214,-0.9857757976774918
5.987899999999912,0.6125731008118844,0.3786774361985408,-0.9889248660605685
5.987949999999912,0.6043666615943188,0.3917779095000335,-0.9948271747687912
5.987999999999912,0.5855163012822329,0.4091968880764522,-0.9969951161785167
5.9880499999999115,0.5737849309546242,0.4204498636759547,-0.9971654132552326
5.988099999999911,0.5617280580363202,0.43703916566156276,-0.9992478670921838
5.988149999999911,0.549421354824504,0.4488183700425195,-0.9983426053559604
5.988199999999911,0.5379717160792811,0.46359820969571974,-1.0025569194238786
5.988249999999911,0.5214782673508758,0.477350775797441,-1.0013088873943479
5.988299999999911,0.5038938008945949,0.4927915814446827,-0.9999065309654012
5.988349999999911,0.4943247276596398,0.5055880609452236,-1.0000492789145423
5.988399999999911,0.48375796541816823,0.5197516402229609,-1.000561523641899
5.988449999999911,0.4659745628151069,0.5305109561249477,-0.99807003196849
5.9884999999999105,0.4555948700094845,0.5437034739343972,-0.9986031866806572
5.98854999999991,0.44207203567340786,0.5578165270256463,-0.996006627260387
5.98859999999991,0.42386550321560157,0.5716261458339086,-0.998465436056621
5.98864999999991,0.40847774284676514,0.5842232919464347,-0.9978689368417166
5.98869999999991,0.3950925633025073,0.5973217834677437,-0.995583554879747
5.98874999999991,0.37889764008338894,0.6055430486334468,-0.9890562559381315
5.98879999999991,0.3686083860517804,0.6209321025336401,-0.9881907825935681
5.98884999999991,0.35502134153926884,0.6314881049714047,-0.9840084304828378
5.9888999999999095,0.3407535406935457,0.6407507821079336,-0.9795217694386028
5.988949999999909,0.31820235172685807,0.6570516117134639,-0.9809657890108109
5.988999999999909,0.31190557705909744,0.6692022452203629,-0.9776040799985496
5.989049999999909,0.2884800140060885,0.6804172359839555,-0.9688969407049269
5.989099999999909,0.28035218029168024,0.6978663969671515,-0.9690468109902194
5.989149999999909,0.2619961658003224,0.7043195582331182,-0.9631310254490919
5.989199999999909,0.24665535846096168,0.7138535309564085,-0.9650400584681257
5.989249999999909,0.23676826052439606,0.7279314148567456,-0.9582742168924256
5.989299999999909,0.2204814810256512,0.7348068302121329,-0.9549605562442395
5.9893499999999085,0.2017585309291468,0.7459047534229049,-0.947760345861673
5.989399999999908,0.1860576936785899,0.7574780413677741,-0.9440412564561372
5.989449999999908,0.17145717746028,0.7659773986380155,-0.9384541864535791
5.989499999999908,0.15508719150272288,0.7787728295812556,-0.9364546016981712
5.989549999999908,0.13917457587777154,0.7859160744540468,-0.9292010478233518
5.989599999999908,0.12600430521298517,0.7908088091450789,-0.9185295170843053
5.989649999999908,0.10850995760973492,0.8062993014795317,-0.9161356701067218
5.989699999999908,0.09323128513755521,0.8143060785515991,-0.9102741923988241
5.9897499999999075,0.0764058942695148,0.8268451403039373,-0.9072887474466619
5.989799999999907,0.05873635342084207,0.8298001913028268,-0.8960800554839905
5.989849999999907,0.049029783008103484,0.8416007988971823,-0.8883094042639587
5.989899999999907,0.027468075518264433,0.8478628729496389,-0.8789525597420716
5.989949999999907,0.01641117789449988,0.8605365823693403,-0.8751074555404684
5.989999999999907,0.0018305942173440165,0.8656502087992382,-0.8658950635158967
5.990049999999907,-0.018513689270930254,0.8736866125133936,-0.8573363433758852
5.990099999999907,-0.032465209921716635,0.8827186705059112,-0.8519059607853977
5.990149999999907,-0.04488242560775924,0.8909890381659065,-0.8406554044089638
5.9901999999999065,-0.06554903915339239,0.8940281475226275,-0.8345023760244741
5.990249999999906,-0.08045676956078786,0.8992500286735814,-0.8241983214056612
5.990299999999906,-0.08989135750930431,0.9054685868478676,-0.8186334444607614
5.990349999999906,-0.10523026708315109,0.9169871297613066,-0.8081077315518788
5.990399999999906,-0.1236009941625796,0.9216466404434303,-0.7981143197649134
5.990449999999906,-0.14103010665865803,0.9247488573050329,-0.7864872807881579
5.990499999999906,-0.16077957765844478,0.9323691609180943,-0.7759541332770221
5.990549999999906,-0.17179304136820986,0.9415211227223127,-0.7634726598441639
5.990599999999906,-0.18873304302740032,0.9442498339214407,-0.7572762821655827
5.990649999999905,-0.20577679531182394,0.950840300741229,-0.7448892400325854
5.990699999999905,-0.21610229710669326,0.956798485750016,-0.7346456999948672
5.990749999999905,-0.23083718215597884,0.9552055662385346,-0.7252493223294825
5.990799999999905,-0.2463157113572806,0.962870926328239,-0.7163369542926503
5.990849999999905,-0.2641381789408752,0.9682352031157306,-0.7028245709756246
5.990899999999905,-0.27324571486103005,0.9724828414500428,-0.6931989868630984
5.990949999999905,-0.2955341726134037,0.9772845423330425,-0.6786266312849206
5.990999999999905,-0.31197832526109454,0.9767503329704091,-0.667585741031783
5.9910499999999045,-0.3251864575223885,0.9815238863548963,-0.6554209415266582
5.991099999999904,-0.34135295310313185,0.9860156114831397,-0.643982425300574
5.991149999999904,-0.35026538155463494,0.9853601656340795,-0.6334225104614971
5.991199999999904,-0.36920437257153704,0.9883338410623705,-0.621003593858383
5.991249999999904,-0.37984628937823883,0.9892266546360993,-0.6098899451079293
5.991299999999904,-0.39159112312198247,0.9906481459300303,-0.5981256311944919
5.991349999999904,-0.4109744608827168,0.9971612269977228,-0.5817677415110024
5.991399999999904,-0.42712519484710343,0.9969047778908543,-0.5716887594241435
5.991449999999904,-0.4381497256108381,0.9986003246633318,-0.5582898473705322
5.9914999999999035,-0.4558160719071399,0.9983523292753989,-0.5405907152534019
5.991549999999903,-0.47044072695637607,1.0044976029923476,-0.5303433355939339
5.991599999999903,-0.47998179957681847,0.999199355595086,-0.5189738798492479
5.991649999999903,-0.49509278058323464,0.9994426033195101,-0.5052146011664158
5.991699999999903,-0.5095186034214119,1.0018524328650467,-0.4938044103809457
5.991749999999903,-0.5198098159253861,1.0018174886737092,-0.4784121950424702
5.991799999999903,-0.5376963614360519,0.9975586729164307,-0.4630493447681518
5.991849999999903,-0.550161742503646,0.9988687174405316,-0.45103898150140836
5.9918999999999025,-0.5597308475698322,0.9979616796701691,-0.4354476847764681
5.991949999999902,-0.5698348065025658,0.993833977820584,-0.4225095810582797
5.991999999999902,-0.5874191466275605,0.991563206240401,-0.4046373595398722
5.992049999999902,-0.600571259709942,0.9933955343546194,-0.39034728539344454
5.992099999999902,-0.6133042690906858,0.9875584584762717,-0.3774698775348243
5.992149999999902,-0.6227376941702001,0.9916486210932722,-0.36486316276657677
5.992199999999902,-0.6347453263014131,0.9845741567893112,-0.3446383421698254
5.992249999999902,-0.6502238060973249,0.9862313205664042,-0.3341227123601551
5.992299999999902,-0.6583352180402029,0.9805228526475845,-0.3156719769304819
5.9923499999999015,-0.6765841399861436,0.9738161644925086,-0.30293169398410086
5.992399999999901,-0.6879633756585495,0.9730373001419317,-0.2913273131408317
5.992449999999901,-0.6969412210009341,0.9706501841740287,-0.2712107884602459
5.992499999999901,-0.7083715990073746,0.9676273771413068,-0.2583008824693768
5.992549999999901,-0.7183169614954275,0.9614100912300576,-0.24790531946274788
5.992599999999901,-0.7263261829543027,0.961542520979091,-0.228756489131481
5.992649999999901,-0.7411682280940047,0.9528638546429522,-0.21354032825943747
5.992699999999901,-0.7538672146898627,0.9445561445318812,-0.1998418581960918
5.9927499999999005,-0.7623965128823399,0.9423230615035226,-0.17737966223961582
5.9927999999999,-0.7698768130426323,0.9365432928651486,-0.1662012294270922
5.9928499999999,-0.7786532068768862,0.9308374357673205,-0.15037936411556518
5.9928999999999,-0.7910765896037739,0.92575539620629,-0.13649985835251985
5.9929499999999,-0.7991146552051416,0.9206214175108438,-0.12020412624967186
5.9929999999999,-0.8035546766276022,0.9148574346391052,-0.10447214352855096
5.9930499999999,-0.8174805599858208,0.907591339629908,-0.0886147409239224
5.9930999999999,-0.8228398012156452,0.9001767371421286,-0.07360178383345456
5.9931499999999,-0.8352167693964012,0.8894440077681287,-0.058361754562092645
5.9931999999998995,-0.8433094372444693,0.8841671476648405,-0.0414881657497748
5.993249999999899,-0.8538904733432283,0.8773386579266846,-0.028960519610974438
5.993299999999899,-0.8574571274138737,0.8696488341504598,-0.010881953018352234
5.993349999999899,-0.8708529803282785,0.8635587225145773,0.005083064050982829
5.993399999999899,-0.8776151856566512,0.8562042760776625,0.021230023194842306
5.993449999999899,-0.8816456741931373,0.8486480148810104,0.03432316650216597
5.993499999999899,-0.8898386049107545,0.840676672179315,0.050552031737243985
5.993549999999899,-0.8951403865960347,0.8293512636945176,0.06753389902341127
5.993599999999899,-0.9109549414980146,0.8228893638294229,0.08147152981787066
5.9936499999998984,-0.9116320291762283,0.8131375515991125,0.09803171964729367
5.993699999999898,-0.9188408639001886,0.8003036611258489,0.1163579018183016
5.993749999999898,-0.9256792793006967,0.7960996332915119,0.1319777053040735
5.993799999999898,-0.9294717193030679,0.7829785718968603,0.14359784711948176
5.993849999999898,-0.9341019495657631,0.7726724233422856,0.16126276160216116
5.993899999999898,-0.946671693039177,0.7630316250456554,0.1786059119237724
5.993949999999898,-0.9465215030705398,0.7559119800300985,0.1938223257238017
5.993999999999898,-0.9499541081244801,0.7438630443253855,0.20405562136114466
5.9940499999998975,-0.9557650953516416,0.7337260859629365,0.22280809988024186
5.994099999999897,-0.9608271346617498,0.7221289356742121,0.23825624792034347
5.994149999999897,-0.962061242765867,0.7091900655997672,0.25446300868405425
5.994199999999897,-0.9658247033553735,0.6974771093181946,0.2684100853799122
5.994249999999897,-0.9744217971493936,0.6898107192008509,0.28416469155576973
5.994299999999897,-0.9791553419806079,0.6748983629031736,0.29879371545203726
5.994349999999897,-0.978437358941765,0.6645786132334967,0.3170113145434338
5.994399999999897,-0.9845426256226735,0.6552299589426013,0.3251285705331103
5.994449999999897,-0.9864267893667805,0.6421767165523963,0.34458539041179037
5.9944999999998965,-0.986172116562809,0.6272469141346823,0.3617486114977481
5.994549999999896,-0.9929765319035545,0.6181658229446779,0.37437713200044065
5.994599999999896,-0.9949996648950495,0.6073720005916943,0.3876547706673301
5.994649999999896,-0.9950938423617546,0.591201976613572,0.3996078083268363
5.994699999999896,-0.9951184757893765,0.5796392019940123,0.4190353298322457
5.994749999999896,-0.9971250729210736,0.5650899525331555,0.4295024562163667
5.994799999999896,-0.9981270123308791,0.5519576051936593,0.44565328572974766
5.994849999999896,-0.9993695005964206,0.542054766648866,0.4593026765857897
5.9948999999998955,-0.9970636485706983,0.5296526374175015,0.47469132338753717
5.994949999999895,-0.9969330949405253,0.513857470464365,0.48685027275302456
5.994999999999895,-0.9977111064146346,0.4986815069254807,0.49602379932709184
5.995049999999895,-0.9989579729956399,0.48419065076073453,0.5105419817533874
5.995099999999895,-0.9998234666407683,0.47019337702611635,0.5268082434759298
5.995149999999895,-0.9959381417123092,0.45527902757878935,0.5399041207344036
5.995199999999895,-0.9964013459682229,0.44283524236822563,0.5560347414457127
5.995249999999895,-0.9946047667333732,0.4298522049504723,0.5671704036768268
5.995299999999895,-0.9936485820875015,0.41863265193092913,0.5778873663857703
5.9953499999998945,-0.9937179101559409,0.3966116399868355,0.5931109542186893
5.995399999999894,-0.9937458830540479,0.38954086181158437,0.6054926437886581
5.995449999999894,-0.9891368233829828,0.3758738013490539,0.6180729127754375
5.995499999999894,-0.9890299679037328,0.3594533526601232,0.631158553532054
5.995549999999894,-0.984926581536754,0.34071440650349305,0.6421433786692048
5.995599999999894,-0.9796642448428021,0.3316198309832826,0.6516688496619651
5.995649999999894,-0.9790321116778773,0.31354544869544426,0.66636949037015
5.995699999999894,-0.9783719898117779,0.29930488927974913,0.6740827349174042
5.9957499999998936,-0.9693731184086072,0.28050845881503617,0.6868160798536926
5.995799999999893,-0.9665454633540446,0.26826616169972833,0.7012642999519164
5.995849999999893,-0.9654707775866023,0.2535386581877906,0.7087664643635256
5.995899999999893,-0.962039648354436,0.2348567062417737,0.7215299442299593
5.995949999999893,-0.9533195074292495,0.22259987167047504,0.7319969408408707
5.995999999999893,-0.9520007202198177,0.2074901371666766,0.7435730429388877
5.996049999999893,-0.9470243298033587,0.19386356649347258,0.751521699892793
5.996099999999893,-0.9434429266860392,0.1801844737874196,0.7648144641638758
5.996149999999893,-0.9371036280187511,0.16121580410849523,0.7717615566743489
5.9961999999998925,-0.9290010161763353,0.1441613217237531,0.7872259139138923
5.996249999999892,-0.9221133966417531,0.12908321558354477,0.7949222677220072
5.996299999999892,-0.9192796095443498,0.11581251929223887,0.804276632228112
5.996349999999892,-0.9125880388518535,0.09857851717202581,0.8116679514518744
5.996399999999892,-0.9060052997609076,0.08325866539188453,0.8205069927829789
5.996449999999892,-0.898141130411819,0.06721595771953481,0.8260470806566862
5.996499999999892,-0.8887757742572014,0.05380780494303489,0.8386941587477137
5.996549999999892,-0.885027170071861,0.035756943594719225,0.8478078134398551
5.996599999999892,-0.8733947021130929,0.02107452448202156,0.8533829408192826
5.9966499999998915,-0.8706252590719115,0.0038697391833578156,0.8613533618452842
5.996699999999891,-0.863627136967273,-0.013174792383627834,0.8712490974583296
5.996749999999891,-0.8524428373796822,-0.0266538572323219,0.8790960753089616
5.996799999999891,-0.846562772162047,-0.043861704702839704,0.88615086785156
5.996849999999891,-0.8388759176280652,-0.05910260612652153,0.8961856727402918
5.996899999999891,-0.8279493235616548,-0.07246282148415611,0.8984965599188115
5.996949999999891,-0.8199854404563816,-0.08731812216560429,0.9063583664398726
5.996999999999891,-0.8057859897697239,-0.10555142894604767,0.9115594734674947
5.9970499999998905,-0.7992974008582946,-0.12025707786577673,0.9193041887503877
5.99709999999989,-0.787507332027716,-0.13070068404561513,0.92596564995038
5.99714999999989,-0.7822881264935572,-0.15162473763094025,0.9315136799321836
5.99719999999989,-0.7747554252167811,-0.16905826511673114,0.9353433915655371
5.99724999999989,-0.7592984599725474,-0.18277461218339427,0.9442116400168439
5.99729999999989,-0.7510394465697047,-0.1981595267847855,0.9428667534473396
5.99734999999989,-0.7406646337589669,-0.2147459242449539,0.9501070590965892
5.99739999999989,-0.729963175083276,-0.22791642967178027,0.95754650339337
5.99744999999989,-0.7175520212062722,-0.24184588276912367,0.9610158612310772
5.9974999999998895,-0.7058270038444684,-0.25675094112570457,0.96472324409121
5.997549999999889,-0.6971333854932728,-0.27481604965528517,0.9692475550776419
5.997599999999889,-0.6873618055720103,-0.2881195282408197,0.9764733392407976
5.997649999999889,-0.674204123883491,-0.30111059942501806,0.976344848023656
5.997699999999889,-0.6649904269490582,-0.3226607191470912,0.9802840665934631
5.997749999999889,-0.6477846524186305,-0.33344365044485813,0.9822343882599477
5.997799999999889,-0.6364866327868012,-0.3492478413725234,0.9886991752778755
5.997849999999889,-0.6226571702683961,-0.365014980349818,0.9859498879282359
5.9978999999998885,-0.6101763577286802,-0.3779466826886656,0.9885032314996349
5.997949999999888,-0.601174015803932,-0.3938838003440826,0.9939098898031453
5.997999999999888,-0.585966158213793,-0.40584202953047244,0.9969236788241642
5.998049999999888,-0.5775466584041152,-0.4194415909161749,0.9948578007102462
5.998099999999888,-0.5681682452799554,-0.4346999087845864,0.9990908205603927
5.998149999999888,-0.5481316247387796,-0.4502504714853896,0.9997892902407861
5.998199999999888,-0.5342286210052285,-0.45975737679664624,1.0004174394057586
5.998249999999888,-0.5218335512242258,-0.4770557558402254,0.9957203520116716
5.998299999999888,-0.5075588963321942,-0.49306969135002027,1.0005168224684047
5.9983499999998875,-0.4980376934025785,-0.5069498059590836,1.0002353283947782
5.998399999999887,-0.4805720699711753,-0.5153850695628274,0.9981531137074041
5.998449999999887,-0.4723053943819355,-0.5307029597001535,0.9983511513151059
5.998499999999887,-0.453923435058535,-0.548118476687836,1.0005728118952204
5.998549999999887,-0.440660035185217,-0.55292571142052,0.9962569024004683
5.998599999999887,-0.4257573032908476,-0.5703493901093116,0.9982160931406734
5.998649999999887,-0.4110406308475809,-0.586238882566529,0.9955452716696482
5.998699999999887,-0.400399475333224,-0.5983375954129501,0.9966875585519028
5.998749999999887,-0.38323815325567534,-0.6082147554684877,0.9920007702174249
5.9987999999998864,-0.367185278984399,-0.6220614490641877,0.9873588243340878
5.998849999999886,-0.3520311729464621,-0.6337588210680497,0.9850968478664726
5.998899999999886,-0.3382000035697239,-0.6426485211806869,0.9843811933153066
5.998949999999886,-0.3241528440827404,-0.6599805180436813,0.9803081127918054
5.998999999999886,-0.3105439479536617,-0.668226614150513,0.9760354176995811
5.999049999999886,-0.29212174635377725,-0.6802333217997146,0.9751157993989806
5.999099999999886,-0.2765428674459197,-0.696464228248283,0.9748677031455374
5.999149999999886,-0.26414057831856463,-0.7002154028404511,0.9670339001795143
5.9991999999998855,-0.24908717389887677,-0.7148671974731688,0.9644150668169204
5.999249999999885,-0.23505236124909742,-0.7257893905182493,0.9572004115702064
5.999299999999885,-0.220194769826217,-0.7347207164675013,0.9523357975936643
5.999349999999885,-0.20214542806594685,-0.7445201865269991,0.9499858504575042
5.999399999999885,-0.1850324617099126,-0.7582532311820641,0.9464974731452434
5.999449999999885,-0.17311469448158642,-0.765841576148905,0.935970661967779
5.999499999999885,-0.15379481971708084,-0.7766032383230806,0.9326406817266067
5.999549999999885,-0.1394066285165533,-0.7864931935996412,0.9310038641470563
5.999599999999885,-0.1266356496608737,-0.7993372482738078,0.9207672696681733
5.9996499999998845,-0.10764192016240262,-0.8065022286730601,0.9161017323142774
5.999699999999884,-0.09425260491894948,-0.8127358189739133,0.9084289708721922
5.999749999999884,-0.07949311791878026,-0.8268310473754124,0.9024971846577664
5.999799999999884,-0.062172923728035685,-0.8293690066098729,0.9017609873318074
5.999849999999884,-0.04559531983098445,-0.8460251004945467,0.8895406954327014
5.999899999999884,-0.03183379225767277,-0.8485666754212191,0.8819996333560676
5.999949999999884,-0.015494376270970769,-0.8551365493581407,0.8746480924061208
5.999999999999884,-0.0022029684870214445,-0.8673201578849198,0.8658846018011442
6.0000499999998835,0.011303204418555719,-0.7970711904592783,0.9318652523226465
6.000099999999883,0.033320735566721556,-0.7311380494676591,1.00262408363594
6.000149999999883,0.05026785511192801,-0.6659538602986865,1.0664872945789685
6.000199999999883,0.06323282177204503,-0.6097007299188132,1.1173986308907353
6.000249999999883,0.07880279413394305,-0.5562183568211646,1.1700289017475913
6.000299999999883,0.09409300381430964,-0.5149612073060451,1.2075573601508125
6.000349999999883,0.11006587859185998,-0.4851172252760109,1.2363902204736006
6.000399999999883,0.12718293152939256,-0.46538314837425626,1.2522985691216417
6.000449999999883,0.13936064014033242,-0.4556984103213312,1.2608883799887893
6.0004999999998825,0.16279851053818328,-0.4574438243162605,1.2521679593677844
6.000549999999882,0.17193780984461215,-0.47036572597674015,1.2310771317734774
6.000599999999882,0.18927012396849216,-0.4981306113624478,1.2056047608905949
6.000649999999882,0.2030276656827602,-0.5310888166573648,1.1670600059586487
6.000699999999882,0.21926971842024987,-0.5777195919066866,1.1178416504352702
6.000749999999882,0.2342967827975285,-0.6299653538425262,1.0537757732522732
6.000799999999882,0.24936970121288876,-0.6940855528952458,0.9883428351099655
6.000849999999882,0.2648184312762998,-0.7560021304170258,0.9115944716420546
6.0008999999998816,0.2775155587033904,-0.8307592321043689,0.832190081012915
6.000949999999881,0.2927611414955936,-0.9025623833483787,0.7547207934606093
6.000999999999881,0.3101064378601127,-0.9780024045349665,0.6710930713734479
6.001049999999881,0.3246885943927319,-1.0523901131956603,0.5851879955891842
6.001099999999881,0.3432245806148256,-1.119109965974125,0.5058847021327891
6.001149999999881,0.3541325627927071,-1.1930270519485984,0.43445872887352827
6.001199999999881,0.37319527716969153,-1.2506723974137945,0.3586443623928311
6.001249999999881,0.38375595215877256,-1.3041415479666962,0.29861584495468735
6.001299999999881,0.39687452781716115,-1.3479400992294066,0.24428602207850042
6.0013499999998805,0.4115371855115369,-1.3849116020323897,0.19448580878825306
6.00139999999988,0.42495378641775544,-1.4072269931508314,0.15983122263861352
6.00144999999988,0.4383213953373605,-1.4255745421453787,0.1316288948182059
6.00149999999988,0.4500431215857158,-1.4304224029494104,0.11925791004407421
6.00154999999988,0.4696742825140059,-1.4222185516809256,0.10996791736079743
6.00159999999988,0.4826741117761362,-1.4082111920173692,0.11746130342150234
6.00164999999988,0.4974004416298623,-1.380170643827084,0.1288625743689457
6.00169999999988,0.5096005096175387,-1.3418500845489731,0.1503184758750866
6.00174999999988,0.5240111963450729,-1.2958173761947036,0.18054566605027664
6.0017999999998795,0.5360100453276165,-1.2453049108052656,0.21615489462507773
6.001849999999879,0.5472602905694246,-1.1883528925942786,0.2552297287869083
6.001899999999879,0.5622121878239633,-1.1262320883145311,0.3067910084703783
6.001949999999879,0.5746781125199869,-1.0608359106104024,0.359264931496434
6.001999999999879,0.5891372419995322,-0.9965211414556158,0.40935737324766847
6.002049999999879,0.601970075350247,-0.9300845974315559,0.4522575069892691
6.002099999999879,0.6120322358703104,-0.8684728177192796,0.503216282018068
6.002149999999879,0.6240389235172853,-0.8084610812941434,0.5444036897270249
6.0021999999998785,0.6366293333126188,-0.7501570428344931,0.5881279885597881
6.002249999999878,0.6495890100913182,-0.6993277826110822,0.6227634631045358
6.002299999999878,0.6630219059799376,-0.6590899511994606,0.6419483550577333
6.002349999999878,0.6728956990740922,-0.6248169567757997,0.6550967019594494
6.002399999999878,0.6834085680607908,-0.6017687007477982,0.665325596299293
6.002449999999878,0.6991856170993164,-0.5821161459175646,0.6595245831191707
6.002499999999878,0.7057844115438552,-0.5782533091920358,0.6491929901587603
6.002549999999878,0.7194639344078052,-0.5780669533108417,0.626493172763305
6.002599999999878,0.7271348304352213,-0.5894240288182214,0.5989082485877888
6.0026499999998775,0.74020042110805,-0.6103038168424914,0.5531504703549377
6.002699999999877,0.7499951798030651,-0.6393315346026699,0.5054035281291548
6.002749999999877,0.757198882583929,-0.673589294621904,0.4538930392720145
6.002799999999877,0.7708735934373333,-0.7132054225930519,0.38784342251155823
6.002849999999877,0.7811561537166846,-0.7605306632810565,0.3216126086191465
6.002899999999877,0.7913181496647427,-0.8104835606206736,0.24935431175257394
6.002949999999877,0.799058761756623,-0.8576997022812093,0.1776522919606364
6.002999999999877,0.8095994470248944,-0.9125691051662786,0.103996273273912
6.0030499999998765,0.8199877674953215,-0.9662703451184033,0.030204363578686593
6.003099999999876,0.8283536942710635,-1.0128650348826855,-0.0415278393036304
6.003149999999876,0.8369850137971937,-1.0582489578784497,-0.10789986665171376
6.003199999999876,0.8465478757193456,-1.0989044033747581,-0.17349259568563175
6.003249999999876,0.8550467159707447,-1.1332115222145298,-0.2322829122257659
6.003299999999876,0.8629674803847587,-1.1618488023904845,-0.28014093893225556
6.003349999999876,0.8665308025960764,-1.180704384791847,-0.3239430175517602
6.003399999999876,0.8796541005917782,-1.1913097087498308,-0.362134999516158
6.003449999999876,0.8825680669263625,-1.195270054518011,-0.38828398949696524
6.0034999999998755,0.8910636168085415,-1.1931101613352244,-0.40114315024704006
6.003549999999875,0.9013392509758376,-1.1754791215313085,-0.41424509953352867
6.003599999999875,0.9032970961094885,-1.1535414956724432,-0.4153199213829911
6.003649999999875,0.9129800706128757,-1.12102677555805,-0.40810510379355674
6.003699999999875,0.9165358161111323,-1.0819162841341494,-0.39543008198243784
6.003749999999875,0.9244840148278,-1.0361832301048286,-0.37325842811306803
6.003799999999875,0.9318368040228594,-0.983473337191094,-0.34713301615838305
6.003849999999875,0.9352628127058698,-0.9277509644097899,-0.3182106200253187
6.003899999999875,0.9433541478902768,-0.8705157387014111,-0.28095033789242163
6.003949999999874,0.9483137267325286,-0.8097038497835972,-0.2433369718136959
6.003999999999874,0.9491585907479622,-0.7442367496916493,-0.20692403258113237
6.004049999999874,0.9534827459536607,-0.6770085578863024,-0.17174108769471413
6.004099999999874,0.9613011822311192,-0.6222499751596209,-0.13489573890007955
6.004149999999874,0.9644023696496595,-0.558211006197634,-0.10316919919269252
6.004199999999874,0.9683963310329878,-0.507133926326641,-0.0768194904355596
6.004249999999874,0.9694677471144577,-0.45732338647327586,-0.055258901386838664
6.004299999999874,0.9753165129407931,-0.41336845810897804,-0.03643192296190682
6.0043499999998735,0.9804949370483141,-0.37564998597126614,-0.024373755458988722
6.004399999999873,0.9828281401533516,-0.344274180772448,-0.022219515823239434
6.004449999999873,0.9863488536844598,-0.3263751504960611,-0.02635985997786399
6.004499999999873,0.9841830859258484,-0.3081625790962361,-0.040647998080635094
6.004549999999873,0.9891813410060376,-0.3006553006605694,-0.06436400142273976
6.004599999999873,0.9963327674607853,-0.3048307768626084,-0.08675719624178088
6.004649999999873,0.9925958552827009,-0.3112810612938741,-0.11615176164589315
6.004699999999873,0.9952053098207168,-0.32576901781908496,-0.1608295608271862
6.004749999999873,0.9957725920644114,-0.3488614068379077,-0.21091155722801638
6.0047999999998725,0.9982440100440132,-0.3751625879240695,-0.2643246102884663
6.004849999999872,0.9989530756203892,-0.40088612099490917,-0.31906926211610664
6.004899999999872,1.0008317684055033,-0.43411250694470166,-0.3810681214120493
6.004949999999872,1.0035127804960766,-0.4639653643389542,-0.4406415117122865
6.004999999999872,0.9974145373301748,-0.5008938402548714,-0.5043268090454177
6.005049999999872,0.9984386349901246,-0.5351657338071953,-0.5621030881536637
6.005099999999872,0.9991508078550577,-0.5668651323693618,-0.6202783629963784
6.005149999999872,0.9955922056013432,-0.5961885220561558,-0.6763462922275777
6.0051999999998715,0.9969769353431656,-0.6209262109655117,-0.7308456567631492
6.005249999999871,0.9954363179243899,-0.6381458156063943,-0.7763752795430436
6.005299999999871,0.9958829836409027,-0.6533436518973632,-0.8169512003187976
6.005349999999871,0.995319501682303,-0.659855798104982,-0.8525890475674393
6.005399999999871,0.9924584556886415,-0.6640925640824425,-0.8793359046898145
6.005449999999871,0.9880272202540955,-0.6592382902288452,-0.9048376195132182
6.005499999999871,0.9868337785300583,-0.6444176130285312,-0.9154609243134271
6.005549999999871,0.9866336041001693,-0.6320422974948406,-0.927297570253203
6.005599999999871,0.9817383618487191,-0.6011251469372377,-0.9271685985203828
6.0056499999998705,0.9789573388421497,-0.5659212015034695,-0.9164586085038613
6.00569999999987,0.9765842626390263,-0.5299135012597865,-0.905721098822752
6.00574999999987,0.9720098150090293,-0.48437084771654504,-0.8889879516248833
6.00579999999987,0.9669017479612297,-0.4340856774281255,-0.8649297185864142
6.00584999999987,0.9641014749719514,-0.3785802058492503,-0.8402893390936126
6.00589999999987,0.9606287280212386,-0.32144228675027514,-0.809119231349687
6.00594999999987,0.9543909024436606,-0.26565856469781846,-0.7749428447033739
6.00599999999987,0.9491567367319701,-0.20699658229990775,-0.742513940555655
6.0060499999998695,0.9461209436577909,-0.15277231245661171,-0.711848605504468
6.006099999999869,0.9409748531536996,-0.08959926365313646,-0.6799853252616109
6.006149999999869,0.9388637888004753,-0.03968585182581872,-0.6495941607475643
6.006199999999869,0.9302482054453686,0.012921781684608028,-0.6233539341102335
6.006249999999869,0.9259134660578562,0.061119670413897154,-0.604290265144383
6.006299999999869,0.9181720933739266,0.10041832754848584,-0.5896858444011325
6.006349999999869,0.911185388339259,0.13691662960891432,-0.5745083288868115
6.006399999999869,0.902729524910628,0.16852938358661212,-0.5688460271456378
6.006449999999869,0.8997735006188524,0.19246247321794216,-0.5719357291848924
6.0064999999998685,0.8882473899227241,0.20400590617663522,-0.5765589943147958
6.006549999999868,0.8827061664515499,0.21973634347228674,-0.5919232036618627
6.006599999999868,0.8756814492201058,0.22465371341449084,-0.6068929569240804
6.006649999999868,0.8717631809963277,0.22232877691849656,-0.6331316839938181
6.006699999999868,0.8603379584395557,0.2186036187876398,-0.6661877966307924
6.006749999999868,0.852883816277014,0.21027338315718372,-0.7014063214616975
6.006799999999868,0.8454183457227552,0.19086580003460543,-0.7374095767673652
6.006849999999868,0.8363192382131812,0.1712545882687048,-0.7802720686513727
6.006899999999868,0.8272873898509164,0.15295456368687663,-0.8218752490399138
6.0069499999998675,0.8201798260298669,0.12703164298071568,-0.8644956673370362
6.006999999999867,0.8074014166226614,0.10771484713551395,-0.914813665091871
6.007049999999867,0.7999626219360898,0.08019493422672044,-0.9612159983397232
6.007099999999867,0.7871414624971562,0.06086745855077794,-1.0003133758697984
6.007149999999867,0.7799068714839996,0.041093670017602946,-1.0421377336111155
6.007199999999867,0.7714452470046053,0.023361792232680128,-1.0801057026905831
6.007249999999867,0.760387254103544,0.011676480720816968,-1.111422400422607
6.007299999999867,0.7537918567833533,0.003100467440970231,-1.144403514098963
6.0073499999998665,0.735943274073093,0.002160199317533913,-1.1657183172365817
6.007399999999866,0.7294301701556755,0.0026000429924405407,-1.1848502431879844
6.007449999999866,0.7174601638334112,0.006905507223221614,-1.1975125638557507
6.007499999999866,0.7061991552424306,0.02464650891016138,-1.2039967183055302
6.007549999999866,0.6942154432422043,0.04469430605425286,-1.1998892736289397
6.007599999999866,0.6798389551615607,0.06399715373068994,-1.1955512733389666
6.007649999999866,0.6741896031388614,0.09911065632041514,-1.185541701164037
6.007699999999866,0.66290928226382,0.13674002564362617,-1.1679119076893927
6.007749999999866,0.6487946293016789,0.17324198753078757,-1.1456060439368636
6.0077999999998655,0.6387910070037551,0.21381940617515682,-1.1196013608624742
6.007849999999865,0.621089815505366,0.2575905418943036,-1.094053128963837
6.007899999999865,0.6113803214485102,0.30802795444394276,-1.0606067378564585
6.007949999999865,0.5970972709659169,0.3575266334678665,-1.0279011959489006
6.007999999999865,0.5879971533772116,0.40320744830739663,-0.9947074925097016
6.008049999999865,0.5770186162599014,0.4557814207103725,-0.9639494269373495
6.008099999999865,0.5570033523144872,0.5046154391573361,-0.9287304733996461
6.008149999999865,0.5487283212631318,0.5475431130139042,-0.8968990601906599
6.0081999999998645,0.5335510399425171,0.5906194759079142,-0.8707261462552347
6.008249999999864,0.5206819647508765,0.6315504719721985,-0.8460618543628178
6.008299999999864,0.5099735471672053,0.6703480018782217,-0.8236809354982989
6.008349999999864,0.49441255911389204,0.6959430719212722,-0.8075138951344839
6.008399999999864,0.4827858785915442,0.7227530088125625,-0.8001827313220257
6.008449999999864,0.4694141898300091,0.741883956957438,-0.7871291561830122
6.008499999999864,0.45396560576307243,0.7616401986142112,-0.783267672602145
6.008549999999864,0.43858417638473435,0.764906932136916,-0.7883895888804341
6.008599999999864,0.4246930943653641,0.7711945470681385,-0.7950287392379136
6.0086499999998635,0.4146116946622687,0.7732518643258228,-0.8070269523614866
6.008699999999863,0.39290738410690607,0.7683263742349142,-0.8217010024189669
6.008749999999863,0.3810363691859568,0.7528867768386404,-0.8456735224530229
6.008799999999863,0.3735457047197263,0.7415833882730918,-0.8680330110455716
6.008849999999863,0.3539633254374804,0.7275555622638886,-0.8953864185110171
6.008899999999863,0.3408359058510164,0.7093962458005963,-0.9198983149631299
6.008949999999863,0.32328101908139095,0.6894961846568586,-0.9508362780798794
6.008999999999863,0.30812651587887524,0.6678232890992097,-0.9808702005409036
6.009049999999863,0.2925449136338837,0.6494660694402979,-1.005769965188113
6.009099999999862,0.27841580397038423,0.6280734004879003,-1.0340024906594132
6.009149999999862,0.26198783185369734,0.6119954001580589,-1.0593979174772825
6.009199999999862,0.2500673988946861,0.5957645529268245,-1.0820905270896415
6.009249999999862,0.2316585744444458,0.5877407664969567,-1.1026080591833918
6.009299999999862,0.2194332717691251,0.5739263919919719,-1.1139314840470078
6.009349999999862,0.19922387660692809,0.5724655354852441,-1.1239076660731115
6.009399999999862,0.18802258344805378,0.5718231877526606,-1.1309126340074818
6.009449999999862,0.16824172035853246,0.5720795260466693,-1.1328742241471792
6.0094999999998615,0.15607732171367808,0.5879107667825851,-1.1276076035591514
6.009549999999861,0.1421119197168633,0.5967824416753856,-1.1133530509806477
6.009599999999861,0.12444514047308307,0.6148013150021019,-1.1093312779874136
6.009649999999861,0.10635440717526792,0.634075706323521,-1.0855151061942967
6.009699999999861,0.09489458588006792,0.6622948963408173,-1.061272038954993
6.009749999999861,0.07839148053196651,0.6909081480001344,-1.036698695288009
6.009799999999861,0.062049149157456,0.7233406743635512,-1.0054804108523479
6.009849999999861,0.046533417806599114,0.7572763840580518,-0.9697298689407252
6.009899999999861,0.03201261571162338,0.7904825907963748,-0.9387131376380775
6.0099499999998605,0.014988544441659986,0.8302539055909033,-0.9000329066777198
6.00999999999986,-0.0025389797789757322,0.8676303108958449,-0.8695998582961034
6.01004999999986,-0.01394641497098087,0.8980195620764535,-0.8304201154556888
6.01009999999986,-0.030689684850308117,0.9400277859896942,-0.7941516758583683
6.01014999999986,-0.04865982693438127,0.9689083651302044,-0.7561336894608779
6.01019999999986,-0.06159230698943818,1.0053010171774253,-0.7265405324636058
6.01024999999986,-0.07798773116906786,1.0261071331344174,-0.7008720201446088
6.01029999999986,-0.09342725510292846,1.051998568114535,-0.67353770712399
6.0103499999998595,-0.11137315750779427,1.0733611471083064,-0.6458292369757761
6.010399999999859,-0.12659867921551962,1.0895526234689372,-0.631917857241011
6.010449999999859,-0.14259968251957053,1.1029138390867816,-0.60952557906538
6.010499999999859,-0.1564324237107859,1.110711771825132,-0.6015477807003574
6.010549999999859,-0.1751811969698893,1.106376929651712,-0.593728683570469
6.010599999999859,-0.18900499844016072,1.1100483515372561,-0.5923204881084859
6.010649999999859,-0.2025319314469736,1.1054191696349416,-0.595390707804635
6.010699999999859,-0.2172336590282964,1.0968403698211768,-0.5981667873581218
6.010749999999859,-0.2355942133618056,1.0779960207068926,-0.6067652031507068
6.0107999999998585,-0.25141876361797355,1.0616782804761211,-0.6143764506770054
6.010849999999858,-0.2638453589771887,1.0421208737485026,-0.6283382329153294
6.010899999999858,-0.2775011584665613,1.021320555796711,-0.6423258110644073
6.010949999999858,-0.2917675015744488,1.0012605629460745,-0.6562249096270679
6.010999999999858,-0.3077042364839374,0.9775486752499796,-0.6681078867517092
6.011049999999858,-0.3231049683618546,0.9566603231971489,-0.6856614308770805
6.011099999999858,-0.3423144803593526,0.9334125949589176,-0.7004556113139512
6.011149999999858,-0.35109530375586473,0.9120186317506365,-0.7065603203660409
6.0111999999998575,-0.36566644872385184,0.8923310529786282,-0.7198892445994034
6.011249999999857,-0.38442834640147794,0.8768538369529925,-0.7200851582228578
6.011299999999857,-0.394052970881128,0.8622022291046241,-0.7301466473787765
6.011349999999857,-0.4129793978802756,0.852463662736008,-0.728440205056304
6.011399999999857,-0.424207479568143,0.8430948394729549,-0.7234490223149246
6.011449999999857,-0.43885693422987154,0.8392981601769768,-0.7176691440750764
6.011499999999857,-0.4534036327316961,0.8409150693864282,-0.7067955126793446
6.011549999999857,-0.46498716585393385,0.8438836066859635,-0.6879607400701832
6.011599999999857,-0.4830333700452719,0.8501796191298018,-0.6663529357407526
6.0116499999998565,-0.4975393042877399,0.8602164249332649,-0.643565791557397
6.011699999999856,-0.5077784147174298,0.8726121561314762,-0.6180429260840246
6.011749999999856,-0.5222461050390407,0.8918734835647824,-0.5877847161114073
6.011799999999856,-0.5373226767447545,0.910247558872805,-0.5535409766578165
6.011849999999856,-0.5466771614153453,0.9289486327039164,-0.5173071134783056
6.011899999999856,-0.5623397326399261,0.9504667264116264,-0.48318671894636367
6.011949999999856,-0.5753212972035772,0.975563401857846,-0.4430407509804784
6.011999999999856,-0.583438771353457,0.9967315342376678,-0.40679901656899076
6.012049999999856,-0.5996298889962108,1.0133421765407435,-0.36682406091239333
6.0120999999998554,-0.6132287676467194,1.0373623134780907,-0.3343100794115528
6.012149999999855,-0.6284159417710612,1.0566476036117864,-0.2998985963767862
6.012199999999855,-0.6337091165255386,1.072349319250728,-0.26161006179053703
6.012249999999855,-0.6478518961020238,1.0861972718458046,-0.22852866578597308
6.012299999999855,-0.6596456472306255,1.0947800047673955,-0.195469837420915
6.012349999999855,-0.673118289014422,1.1065826450780585,-0.17446350381933182
6.012399999999855,-0.6838310345854671,1.1113297441732364,-0.15164161050789762
6.012449999999855,-0.7000650628224391,1.1135284512967192,-0.12882834866683496
6.0124999999998545,-0.7066380691731484,1.1052892655840905,-0.11173899176238396
6.012549999999854,-0.7207139315945386,1.1033835048753369,-0.10150942584727236
6.012599999999854,-0.7297715449074422,1.0970720984285829,-0.09336895574249142
6.012649999999854,-0.7406670068585657,1.0825212442338108,-0.0856553294657329
6.012699999999854,-0.7510099818027581,1.0605482632035022,-0.08254049799525034
6.012749999999854,-0.7595684563641222,1.0399611533080717,-0.0865144019221891
6.012799999999854,-0.7713937605644892,1.0160341200177307,-0.08514418620998594
6.012849999999854,-0.7847411579892933,0.9956405270808536,-0.08968989333475673
6.012899999999854,-0.7903842705653854,0.9699089813302043,-0.0948457708282561
6.0129499999998535,-0.8002112148501778,0.9450162507364432,-0.09919215542127595
6.012999999999853,-0.8112417039195026,0.9166783157572049,-0.10306630970754513
6.013049999999853,-0.8197363792624565,0.883879244485053,-0.10748076249258305
6.013099999999853,-0.8275140123526893,0.8576586231763014,-0.11737139644553868
6.013149999999853,-0.833606840625429,0.8318914473892428,-0.11928824304177603
6.013199999999853,-0.8434831172411236,0.8053786417979647,-0.11875861877487691
6.013249999999853,-0.8554832014019653,0.7869504142470529,-0.12136222916885502
6.013299999999853,-0.8634955366051644,0.7653856762931216,-0.11859733925818294
6.0133499999998525,-0.8695631087809385,0.7465041976231138,-0.11318246442596032
6.013399999999852,-0.8744705548661299,0.7310137836819804,-0.10266520535300884
6.013449999999852,-0.8831004655268886,0.7200178046352076,-0.0965015023047375
6.013499999999852,-0.89149041449764,0.7075693273747704,-0.07790679849548653
6.013549999999852,-0.8956435165057113,0.7000399096687953,-0.05970599327517737
6.013599999999852,-0.9063155912681875,0.6970231058257053,-0.03722196095855395
6.013649999999852,-0.9110031242807363,0.7017206608673483,-0.013135360966404015
6.013699999999852,-0.9165882240788136,0.700282742041672,0.010856697420733814
6.013749999999852,-0.9201531430718128,0.7041378456322979,0.03884713995170395
6.0137999999998515,-0.9288909280967905,0.708930809739013,0.07116349817173845
6.013849999999851,-0.9347463666390774,0.7214773577549792,0.10143076997535792
6.013899999999851,-0.9415403060825204,0.7247177089135127,0.13734630891082178
6.013949999999851,-0.9453998769668618,0.7310476307029881,0.17344942964295032
6.013999999999851,-0.9498831257455239,0.7425804165951018,0.20854353151742105
6.014049999999851,-0.9525070954767224,0.7504896827704598,0.24305260577505425
6.014099999999851,-0.9570429112674433,0.7567228442146725,0.27494339742843454
6.014149999999851,-0.9687564778103471,0.7655271099808716,0.3077485710396802
6.0141999999998506,-0.9704060114866614,0.771248455734334,0.3381588331428102
6.01424999999985,-0.9718815584975737,0.7749277386277872,0.3676538599601761
6.01429999999985,-0.97808274417648,0.7749086206655351,0.3965950588981449
6.01434999999985,-0.9780729337224958,0.7717639469489315,0.4204820114332183
6.01439999999985,-0.9837846130531,0.7670300517048825,0.4409794836648269
6.01444999999985,-0.9833763710982175,0.7585344018005179,0.46284843126565406
6.01449999999985,-0.9896847144167513,0.7456643995274067,0.47961652969126856
6.01454999999985,-0.9881039640791688,0.7290974349096273,0.49063243814134533
6.01459999999985,-0.991442984756789,0.7143672997055824,0.5007961272640761
6.0146499999998495,-0.9914297920598459,0.6928966186566161,0.5051868795453223
6.014699999999849,-0.9961166440604166,0.6729779556382401,0.5067864590108829
6.014749999999849,-0.9954239345254441,0.6462060522336709,0.5089854806429785
6.014799999999849,-0.9941312072280561,0.6204490003630103,0.5092788620996905
6.014849999999849,-0.9965844369941845,0.5906283950972918,0.5122672484785343
6.014899999999849,-0.999320393967066,0.5599411295850938,0.50976564818574
6.014949999999849,-0.9996918659863377,0.5317358899492782,0.5051352789355037
6.014999999999849,-1.0028739622834908,0.501924520045199,0.4998918701751193
6.015049999999849,-1.0034556391501335,0.4697689037412785,0.4953688424355622
6.0150999999998485,-0.9984304720623489,0.44071335553498053,0.49163619680555504
6.015149999999848,-0.9985100653010863,0.4064485745444143,0.491977452814396
6.015199999999848,-1.000135974143946,0.37873675641980814,0.4837521694622291
6.015249999999848,-0.9963785623966629,0.35382494489485783,0.49038933313887073
6.015299999999848,-0.9941429639185312,0.3307081949422906,0.4923623075421116
6.015349999999848,-0.9899176591352424,0.30354189812344773,0.49439470523141904
6.015399999999848,-0.9901204145459112,0.2858133584713436,0.5019981372081456
6.015449999999848,-0.994581016182707,0.26974227707512294,0.5137029106173843
6.0154999999998475,-0.98607659836145,0.25582153210509345,0.5250031155426851
6.015549999999847,-0.9801249867697243,0.23870791536702543,0.5374881489839543
6.015599999999847,-0.9820478242084731,0.23226096932695228,0.5544931055334381
6.015649999999847,-0.9818048177557105,0.22334627147326558,0.5731800357230372
6.015699999999847,-0.976969221014281,0.21514811520908073,0.5930750806255872
6.015749999999847,-0.9727481192968838,0.2121138251970025,0.6144515644996743
6.015799999999847,-0.9663075589616729,0.20776646434727425,0.6372586405498076
6.015849999999847,-0.9649457267356139,0.20942244954326758,0.6662717550972084
6.015899999999847,-0.9570500132168543,0.20628553252132928,0.6907132665794811
6.0159499999998465,-0.9547888855219517,0.20854295690127925,0.717049742529815
6.015999999999846,-0.9474692648479378,0.20938441966294913,0.7459734693119917
6.016049999999846,-0.9476538797079873,0.2093840612342408,0.7689437662637717
6.016099999999846,-0.9391205890502987,0.20640714172452732,0.7949486327047594
6.016149999999846,-0.9350921875035586,0.20700673958020477,0.8146173982398893
6.016199999999846,-0.9323829656572545,0.2058911620827089,0.841387282968286
6.016249999999846,-0.9233562913718111,0.19927488382964842,0.8629290466434827
6.016299999999846,-0.9173968052379156,0.19335577751124156,0.8868918066916889
6.0163499999998455,-0.9112844219863467,0.18492316920519755,0.8999666803945895
6.016399999999845,-0.9070034149249361,0.1774562568453838,0.9134378753484569
6.016449999999845,-0.9035411787653028,0.16506219739512165,0.9225136362469913
6.016499999999845,-0.8922786765799016,0.14480660552580457,0.9354834753538295
6.016549999999845,-0.8800907714084362,0.1348160980827406,0.9402634681590065
6.016599999999845,-0.8751240785001513,0.11065284135543124,0.9447392337067546
6.016649999999845,-0.8676107494067348,0.09094998162126838,0.9463122832234583
6.016699999999845,-0.858294243868187,0.06600508499634548,0.9430007376679801
6.016749999999845,-0.8516616351005661,0.04198295837112074,0.9480347235525299
6.0167999999998445,-0.8422409182845528,0.011546992345436814,0.9385751322013125
6.016849999999844,-0.8294785760291575,-0.014634308404665524,0.9332944034736254
6.016899999999844,-0.8257717082796385,-0.04424746735040951,0.9318421357693821
6.016949999999844,-0.8171864197520056,-0.07638400171447464,0.9225096639908598
6.016999999999844,-0.8098665751424234,-0.10599073964786747,0.9102264826094524
6.017049999999844,-0.7984734791625387,-0.13551725975801313,0.9070148155996525
6.017099999999844,-0.7891444751197536,-0.1616245172928873,0.8998785742044613
6.017149999999844,-0.7818510583958269,-0.19337824295436104,0.8893730382677851
6.017199999999844,-0.7692183827430674,-0.2184518146124548,0.8827729145234838
6.0172499999998434,-0.7579701116744695,-0.2438661304744067,0.8767550162185351
6.017299999999843,-0.7519268849884931,-0.2683296060905758,0.8735061262038204
6.017349999999843,-0.7373954382352388,-0.292518206301819,0.8766624742883978
6.017399999999843,-0.7295799868455579,-0.3121457272802208,0.8722195850663824
6.017449999999843,-0.719512297030284,-0.33266419742974895,0.8756398059308235
6.017499999999843,-0.7078384678230081,-0.3467103646247677,0.8812893883787287
6.017549999999843,-0.6956423851130031,-0.35489119400409763,0.8826868301896555
6.017599999999843,-0.684934351819086,-0.3701437134009107,0.889420866389968
6.0176499999998425,-0.6757911330326425,-0.37798337065169185,0.8978452153170904
6.017699999999842,-0.6612341448950051,-0.38802201041723705,0.9082466034033644
6.017749999999842,-0.6494355569316752,-0.39480000108457297,0.9230126992857635
6.017799999999842,-0.635865580864853,-0.39951565810801387,0.938725149349476
6.017849999999842,-0.6274262623289448,-0.4005639067896869,0.9491250036828208
6.017899999999842,-0.6131199309968092,-0.4051360583898157,0.9644742828033664
6.017949999999842,-0.5995981953442766,-0.40431190157861546,0.9794671198575005
6.017999999999842,-0.586796694344236,-0.4088045237584883,0.992995524491909
6.018049999999842,-0.5742754364930459,-0.40653265685923945,1.0053228810161023
6.0180999999998415,-0.5645385491379664,-0.4108566393111223,1.0190721061044656
6.018149999999841,-0.5501452167533755,-0.41212188715636305,1.0374992560077547
6.018199999999841,-0.5405020909916518,-0.4138742290720608,1.0449156784001743
6.018249999999841,-0.5236907847190415,-0.4220811070107364,1.0550648265950855
6.018299999999841,-0.5095605708065646,-0.4253077845736976,1.066289860688194
6.018349999999841,-0.49622207330876517,-0.43230987080174826,1.0715338112659871
6.018399999999841,-0.4816159391033323,-0.4402714903538453,1.0748305712527753
6.018449999999841,-0.4672285204669121,-0.4547788085699507,1.0741327412582442
6.0184999999998405,-0.452433530554241,-0.46730795505274714,1.0783764195849
6.01854999999984,-0.44315853058626414,-0.48055722906206794,1.0768771104397645
6.01859999999984,-0.42448206305504044,-0.4982134801218813,1.0696251175512794
6.01864999999984,-0.4112125045493383,-0.5158388202507499,1.0679962951274222
6.01869999999984,-0.39661364124453813,-0.533761552279834,1.0503196047688557
6.01874999999984,-0.3872518689821446,-0.5530274090491799,1.0424065287098572
6.01879999999984,-0.36820372912036936,-0.5768240627354888,1.0335861279749832
6.01884999999984,-0.35363639832620714,-0.5969063717011688,1.0235368127339446
6.01889999999984,-0.34126022739630835,-0.6193292581733318,1.0079476023053535
6.0189499999998395,-0.32326794919998564,-0.6458206419619421,0.9927035927349821
6.018999999999839,-0.31036414055220674,-0.669897223669213,0.980136211327032
6.019049999999839,-0.295327356379584,-0.6910336587104652,0.9646485089477178
6.019099999999839,-0.28184105387802083,-0.7118678820802394,0.9528493442973308
6.019149999999839,-0.2638936310669307,-0.7406986252962217,0.9359345565264657
6.019199999999839,-0.2462714726993933,-0.7583536690583027,0.9189578355226654
6.019249999999839,-0.23164081420863247,-0.780307825421543,0.9104545289707231
6.019299999999839,-0.22175580424978586,-0.7955292361941251,0.8963738659532694
6.0193499999998386,-0.20158748770785218,-0.8128297752679603,0.8832691664626908
6.019399999999838,-0.18666726609660889,-0.8260713065766349,0.8793175402370346
6.019449999999838,-0.17484319175331844,-0.8395355401782978,0.8717661522022278
6.019499999999838,-0.1572141513404514,-0.8478751746229454,0.8645700877950929
6.019549999999838,-0.14179937930468697,-0.8529586667067965,0.8563404258817109
6.019599999999838,-0.12667251006503308,-0.8651167548642079,0.8581027558145589
6.019649999999838,-0.1097441348247854,-0.8683615337195192,0.8529453272663422
6.019699999999838,-0.0931990855432162,-0.8706548299333344,0.8514696131695798
6.019749999999838,-0.08273782511517269,-0.8717592211793574,0.8481767627296702
6.0197999999998375,-0.05913918753862604,-0.8744358128632109,0.8546948945904443
6.019849999999837,-0.04399850430728486,-0.8729056283839058,0.8594102895913771
6.019899999999837,-0.027552107230356674,-0.8741483469498724,0.8602384839902423
6.019949999999837,-0.015129641073736004,-0.8722469428362098,0.8668371556947688
6.019999999999837,-0.0003987868334061396,-0.8637461064122016,0.8658666524566307
6.020049999999837,0.01865552615417127,-0.8606902053180268,0.8634015918880238
6.020099999999837,0.03460714775612724,-0.8632678827972122,0.8725420879711879
6.020149999999837,0.043755637463558206,-0.8552768372954811,0.8698924724981442
6.020199999999837,0.06417281256588954,-0.8554110280635377,0.8722959642468194
6.0202499999998365,0.0819497294160299,-0.8550907178380508,0.8732194084544875
6.020299999999836,0.09328875663843814,-0.8582781002728965,0.8677083064844914
6.020349999999836,0.10768560568711821,-0.8569927176785521,0.8630977838336807
6.020399999999836,0.12334953841701067,-0.8607200908021688,0.8603439647600366
6.020449999999836,0.14182158868509295,-0.8657026164998107,0.854092853567378
6.020499999999836,0.1547320696795983,-0.8704381376209256,0.8400026339648341
6.020549999999836,0.17030446765542254,-0.875722943343632,0.8313473010959482
6.020599999999836,0.1877421892178773,-0.8838396881311961,0.8200576750294942
6.0206499999998355,0.20230927295169474,-0.8951311741828035,0.8029376542463537
6.020699999999835,0.2173992810711438,-0.9077695603857129,0.7861225112862886
6.020749999999835,0.23310375823652638,-0.9161296936163046,0.7740046931725314
6.020799999999835,0.24819091430523482,-0.9273106429830426,0.7486226349217595
6.020849999999835,0.26159413014206945,-0.9405114509287003,0.7322065535950905
6.020899999999835,0.27718629436921444,-0.9511150457485911,0.7079204483789272
6.020949999999835,0.2968158879025488,-0.9647146387719854,0.6864992154212365
6.020999999999835,0.30987605840168714,-0.977528759169257,0.6700677257872167
6.021049999999835,0.3228350280107559,-0.9924816923471974,0.6470327015323161
6.0210999999998345,0.33705769943938374,-1.0051114186291579,0.625581810750171
6.021149999999834,0.35418829161654786,-1.012764906123652,0.6048899035941154
6.021199999999834,0.37011508281179206,-1.0263457003774834,0.5859383497865306
6.021249999999834,0.3832611620785493,-1.032798329828559,0.56574475463184
6.021299999999834,0.39256877336866247,-1.0420957981689647,0.547873007446794
6.021349999999834,0.4118993177972745,-1.04588119913504,0.5292389783079554
6.021399999999834,0.4257602212253495,-1.0527018689977379,0.5130509257346568
6.021449999999834,0.4348479025977786,-1.050457381853101,0.49700770728338717
6.0214999999998335,0.4546333853173891,-1.057633457465899,0.48321251589471564
6.021549999999833,0.4662887110683835,-1.058026814203404,0.47012310997373974
6.021599999999833,0.48063262984979577,-1.0585850478874228,0.4626482627780829
6.021649999999833,0.49599871314402477,-1.0483074595454458,0.45373295590894946
6.021699999999833,0.5117965037743356,-1.0489507222154655,0.44298511058817286
6.021749999999833,0.5264100617803291,-1.0381721592334734,0.43810247735067837
6.021799999999833,0.5348367794460853,-1.0307629979908497,0.4300083199835934
6.021849999999833,0.5516644702386129,-1.0247690516448984,0.42150258663725104
6.021899999999833,0.5652735004541594,-1.0151666742050087,0.4180343874404594
6.0219499999998325,0.5715575879377605,-1.0031918933844195,0.4103926594261604
6.021999999999832,0.5870290277770981,-0.9974962822645361,0.4082766013732465
6.022049999999832,0.6001561330878862,-0.9821563866885017,0.396999123508386
6.022099999999832,0.6117141011832008,-0.9739726253673374,0.3968055028521608
6.022149999999832,0.6287586735532491,-0.9658443074906935,0.3897670152358366
6.022199999999832,0.6401625310431158,-0.9561090909938295,0.38150866555965546
6.022249999999832,0.6455356352234642,-0.9435917763241468,0.3690439320428181
6.022299999999832,0.6583917914595425,-0.9365199131963491,0.3616053227784457
6.022349999999832,0.6725166175743407,-0.9302582872791045,0.3519451042462379
6.022399999999831,0.6843814487744402,-0.925737788564912,0.33703310340429804
6.022449999999831,0.6967975282728964,-0.917093567292173,0.32669619467428224
6.022499999999831,0.7051557070082688,-0.9177576377978011,0.3104496492052406
6.022549999999831,0.7186902204048096,-0.909762275192114,0.2982027764584385
6.022599999999831,0.7283903637355126,-0.9127379960903432,0.2785363910830476
6.022649999999831,0.7397027379554367,-0.9071871168827109,0.258448211874139
6.022699999999831,0.7516992563419387,-0.9046830074783281,0.238736507250512
6.022749999999831,0.7612683583482659,-0.9054531140733286,0.21673139484870255
6.0227999999998305,0.7721497096640411,-0.907344757777176,0.19855111873526735
6.02284999999983,0.778380630693961,-0.908036523009568,0.1743939617180907
6.02289999999983,0.7899732219575447,-0.9113348937529989,0.14747242687334017
6.02294999999983,0.8007337908286154,-0.9093047984784564,0.1253351593790564
6.02299999999983,0.8091326202210489,-0.9150698332914617,0.10888211039219103
6.02304999999983,0.8150843546320993,-0.9137522832003688,0.07959754332512259
6.02309999999983,0.8287277383345258,-0.9180524508600261,0.05972632814446417
6.02314999999983,0.8349978725314605,-0.911810009067304,0.036476527300350677
6.02319999999983,0.8425605157842342,-0.915243238901422,0.013374982907119129
6.0232499999998295,0.8506732879574348,-0.9111195927387464,-0.00992806238126459
6.023299999999829,0.8606181884160806,-0.9074831707888166,-0.03211192218978526
6.023349999999829,0.8705488612826208,-0.9072451821580959,-0.049309684520718634
6.023399999999829,0.8705115104777975,-0.8993328093609985,-0.06338172572334162
6.023449999999829,0.8863646634464417,-0.8969163423492434,-0.08365900530973897
6.023499999999829,0.8898107090084298,-0.884202390364737,-0.10142480221995247
6.023549999999829,0.900072099447114,-0.8769155388743846,-0.11396202660655066
6.023599999999829,0.9027863736269124,-0.8686224465698698,-0.1275131579757179
6.0236499999998285,0.913484699340481,-0.853359245183597,-0.14066951919744838
6.023699999999828,0.913883443616805,-0.8435418631141818,-0.15500919822087614
6.023749999999828,0.9233252126441052,-0.8259997217013199,-0.16088189684900367
6.023799999999828,0.9268677711995341,-0.8133738044303379,-0.17510728597199557
6.023849999999828,0.9372634120145283,-0.7938333218922193,-0.18514797272183797
6.023899999999828,0.9427928437870281,-0.7756759329606737,-0.19488767743555527
6.023949999999828,0.9443284085274357,-0.7604748913926043,-0.1987793348592629
6.023999999999828,0.9503349348940792,-0.7430305722592339,-0.21232838242875426
6.024049999999828,0.9545920998465482,-0.7250887896383919,-0.2187990070843809
6.0240999999998275,0.9591018248662382,-0.7075034057321872,-0.22252669404385472
6.024149999999827,0.9612603152082316,-0.6906621631179538,-0.23333751664230182
6.024199999999827,0.9673248753083482,-0.6700516565862824,-0.24422800569595407
6.024249999999827,0.9717952207565566,-0.65254042311559,-0.25368964211449074
6.024299999999827,0.9760187618351807,-0.6432588161922506,-0.2653096142175017
6.024349999999827,0.9795162157177197,-0.6234058293638032,-0.27634041375309787
6.024399999999827,0.9815814341960755,-0.6167284166809127,-0.28753296820694196
6.024449999999827,0.9848238319216555,-0.5958337320010457,-0.3010325125851008
6.0244999999998265,0.9826443873949392,-0.585533304702975,-0.31589371824255924
6.024549999999826,0.9904664604373459,-0.5760026196607644,-0.33162623046755213
6.024599999999826,0.9885447471529357,-0.5676933945743503,-0.3456835766701193
6.024649999999826,0.9924031785468023,-0.5557147815575131,-0.3598587567302734
6.024699999999826,0.9946605444683121,-0.5461751359171806,-0.3834061832779957
6.024749999999826,0.998531075440798,-0.5366652526685979,-0.39874141349503295
6.024799999999826,0.9990370611550319,-0.531833609305502,-0.42016897218555416
6.024849999999826,0.998907054001209,-0.5250334483302113,-0.43862682733707425
6.024899999999826,0.9995328354440134,-0.5130802046272545,-0.4627638413690269
6.0249499999998255,1.000019383586638,-0.5077090314956277,-0.47883026803002915
6.024999999999825,1.00156414506592,-0.5031583925335334,-0.49978303956479964
6.025049999999825,0.9986934159116466,-0.4961508838368397,-0.519579042637052
6.025099999999825,0.9955213210882301,-0.48264626068354394,-0.5384680590835341
6.025149999999825,0.9983362626388202,-0.4711881001680529,-0.5560540883526963
6.025199999999825,0.9975069244369569,-0.4660207041613658,-0.5733681233940655
6.025249999999825,0.9968536969633766,-0.4579900857062478,-0.5926150314436
6.025299999999825,0.9978658220453915,-0.4459740408587269,-0.6092142103441781
6.025349999999825,0.9923100424955121,-0.44092998853328386,-0.6257194160226003
6.0253999999998245,0.9948828545189079,-0.42753774768297936,-0.645712855647195
6.025449999999824,0.9913398764072721,-0.4105339392193286,-0.6537907663326111
6.025499999999824,0.9897181149927704,-0.3980101284144508,-0.6631156524374437
6.025549999999824,0.9885667277291815,-0.38617090495868167,-0.6820607765044207
6.025599999999824,0.9809803004052008,-0.36447963576906156,-0.692749520770735
6.025649999999824,0.9792455084928184,-0.3474741900314821,-0.6999911384839504
6.025699999999824,0.9781294769267395,-0.3312719089898047,-0.7058517669952248
6.025749999999824,0.9718645704605501,-0.31149925426035163,-0.7132379738960536
6.0257999999998235,0.9696197105682226,-0.2911238795238364,-0.7209038513270274
6.025849999999823,0.9658775465883047,-0.27214200064804567,-0.7259196918580462
6.025899999999823,0.961917013758598,-0.24950811931779104,-0.7378435366281637
6.025949999999823,0.9542549755321633,-0.22759694096081529,-0.7394829047966318
6.025999999999823,0.9495555687212731,-0.21143768547668174,-0.7442863363920615
6.026049999999823,0.9430231378531297,-0.18367289918645913,-0.7480079488457376
6.026099999999823,0.9427755837939059,-0.16406367360274404,-0.7502410394630108
6.026149999999823,0.9331012948856381,-0.14763133837328127,-0.7545022499148233
6.026199999999823,0.9278249776777815,-0.1222028216988252,-0.7605882188767643
6.0262499999998225,0.9203993456648417,-0.10610279055198416,-0.7681429324109692
6.026299999999822,0.9147971791439949,-0.08566724932925687,-0.7720889557590728
6.026349999999822,0.9113975422400946,-0.06788270080515886,-0.779864135210634
6.026399999999822,0.9031127119771576,-0.044313035300381436,-0.785293309243282
6.026449999999822,0.9016510969146169,-0.03630002686817302,-0.792918898436165
6.026499999999822,0.8927029738167812,-0.017846544113216883,-0.7967879475110694
6.026549999999822,0.8795706837533237,-0.0028070760784979047,-0.8123537593190453
6.026599999999822,0.8750394225555502,0.009620442300186789,-0.8205777376317891
6.0266499999998215,0.8716093958283929,0.026073324284802683,-0.8322361983202082
6.026699999999821,0.8596166008896899,0.038791017166451294,-0.8448098926561971
6.026749999999821,0.8512580495856713,0.048948372216515205,-0.8513515680339029
6.026799999999821,0.8439292549675831,0.06362121051576175,-0.8657088462306609
6.026849999999821,0.8339570249309852,0.07393814001491561,-0.8795571159427696
6.026899999999821,0.8253702218514638,0.0838643047963915,-0.8912383286336774
6.026949999999821,0.8180509890975187,0.09175684355104723,-0.9001409478006669
6.026999999999821,0.8090735987114439,0.10582320440901248,-0.9137603259551648
6.027049999999821,0.798321840578714,0.11476574888406262,-0.9232248429966536
6.0270999999998205,0.7934596780847252,0.12722101228247865,-0.9381225611390984
6.02714999999982,0.7797747597482511,0.13712651926521327,-0.9451415779520824
6.02719999999982,0.7700083371405804,0.14854572266923777,-0.9614008507632631
6.02724999999982,0.7636130419472651,0.15776274620979466,-0.9702380623160447
6.02729999999982,0.7533600678369545,0.1723903364593352,-0.9723290953645006
6.02734999999982,0.7412416396018329,0.18353204284930535,-0.9786552218041303
6.02739999999982,0.7313122000370892,0.19629504645394907,-0.9853933632916521
6.02744999999982,0.7168803966183595,0.21205011765286488,-0.992438071890551
6.02749999999982,0.7084367799847405,0.2270011302525744,-1.0003988925399496
6.027549999999819,0.6956280261144838,0.24172808015878275,-1.006703755028905
6.027599999999819,0.6831929243785573,0.2571119084016476,-1.0033500904785562
6.027649999999819,0.6698460752739503,0.27571416769090784,-1.0084312987898247
6.027699999999819,0.6580560495761727,0.2929765320574676,-1.0039676310372982
6.027749999999819,0.6450102747130986,0.315001356864118,-1.0067350144815712
6.027799999999819,0.6399835965865475,0.33082308369044106,-1.0033460035818873
6.027849999999819,0.6263267896353656,0.3502542532485088,-1.0030463036589363
6.027899999999819,0.6140312147264634,0.36841896404210656,-1.0007103307510752
6.0279499999998185,0.6033318582701896,0.3868181823787,-0.9959626772223392
6.027999999999818,0.5857621965442172,0.40595221272693405,-0.9961695810684861
6.028049999999818,0.579980332111944,0.4277446688362419,-0.9920259467774408
6.028099999999818,0.5629413496674182,0.44123646255914806,-0.9863521281597549
6.028149999999818,0.5471855691705383,0.46336787991786055,-0.9832611296119184
6.028199999999818,0.5388751068999172,0.479897284803223,-0.9830950443979514
6.028249999999818,0.525316634478893,0.5010301134593125,-0.9795266793727988
6.028299999999818,0.5106698938164973,0.5135407811158911,-0.9768559227405442
6.028349999999818,0.4981759851149343,0.5267102101487482,-0.9733056148167233
6.0283999999998175,0.4803958067210165,0.5448791511854763,-0.9697230251187742
6.028449999999817,0.465424701052681,0.5639543290877795,-0.9680001364139328
6.028499999999817,0.456549808907279,0.5715985519667325,-0.9712032538399216
6.028549999999817,0.4426662479169384,0.5886914466347324,-0.969849403349055
6.028599999999817,0.42738726511495834,0.5944517816909706,-0.972830584440899
6.028649999999817,0.4119298320807501,0.6098896582938138,-0.9684707320729365
6.028699999999817,0.39611774817413414,0.6210620058953095,-0.972276404867403
6.028749999999817,0.38194170200122735,0.6305050608884158,-0.9703264879563274
6.0287999999998165,0.3684235990586709,0.6366525941878448,-0.9744229243645327
6.028849999999816,0.35380232503049275,0.647072383417786,-0.9727395920831317
6.028899999999816,0.3353239347152487,0.6570864611962625,-0.9718071517109517
6.028949999999816,0.32664275753671707,0.6626572483237175,-0.975097150641431
6.028999999999816,0.3062808760863763,0.6691968582225873,-0.9772534074141351
6.029049999999816,0.28934360277398763,0.6752839177743108,-0.9785876772103715
6.029099999999816,0.27946511316824635,0.6867736474212908,-0.9791908496620271
6.029149999999816,0.25945332927838416,0.6900100018992312,-0.9842399345614906
6.029199999999816,0.24968462676219022,0.6990939008552821,-0.9799383609874314
6.0292499999998155,0.23531252298021185,0.708191909610124,-0.9787719611151275
6.029299999999815,0.2164229277605806,0.7178808629431563,-0.9775893748809332
6.029349999999815,0.20350393305828607,0.7216798460844356,-0.9733363378920961
6.029399999999815,0.18620014721856418,0.7301075535391842,-0.9695563556271788
6.029449999999815,0.1698361856548324,0.7385751339118369,-0.9660462723790837
6.029499999999815,0.15439624657720827,0.7517245880677343,-0.9582740646524386
6.029549999999815,0.14114651177007584,0.759971219840879,-0.9522744669904474
6.029599999999815,0.1247878385162049,0.7711947621801806,-0.9484549984447005
6.0296499999998145,0.11055767349294915,0.7811868542264996,-0.9391576879863351
6.029699999999814,0.09150100648586408,0.7978106349813943,-0.9300282286047252
6.029749999999814,0.07886433774347627,0.8020254396730199,-0.917393018671038
6.029799999999814,0.062075738218153244,0.8211726076781598,-0.9100081463667692
6.029849999999814,0.04587915139810891,0.8298867320644867,-0.8991329924105411
6.029899999999814,0.030330768066856372,0.8383567146523337,-0.8877908961366986
6.029949999999814,0.010927264849250301,0.8558952460643054,-0.8768503434733751
6.029999999999814,-0.0010082992294785378,0.8624573978580016,-0.8667971741017286
6.030049999999814,-0.016192288625862403,0.8774620411694894,-0.855108531694297
6.0300999999998135,-0.03242164690174983,0.8869388262308601,-0.8415529849591825
6.030149999999813,-0.047142216343295365,0.9000597622609168,-0.8291831013912285
6.030199999999813,-0.06280163893343114,0.9095543153240062,-0.8192973021875142
6.030249999999813,-0.07784001044234941,0.9198232646983114,-0.8077249170022218
6.030299999999813,-0.09244482494436451,0.9292304225362112,-0.7977240646792177
6.030349999999813,-0.10977552994090635,0.9373314186788408,-0.783653243808788
6.030399999999813,-0.12421744478054436,0.9439988350098449,-0.7733936160373033
6.030449999999813,-0.14017408261181558,0.9532692333660152,-0.7658589123179824
6.030499999999813,-0.15519614407884597,0.9584855528108714,-0.7486853934991938
6.0305499999998124,-0.17236946975360531,0.9600843052842511,-0.743318197858406
6.030599999999812,-0.18738759671149613,0.9655580035828835,-0.7350816695261478
6.030649999999812,-0.20497133083496316,0.9693818834936785,-0.7278274209972293
6.030699999999812,-0.21815267767788554,0.975625801017309,-0.7157592319268117
6.030749999999812,-0.23491170549857276,0.9775634791912571,-0.7101189747524135
6.030799999999812,-0.24803143070940045,0.979387798530687,-0.6985837831328278
6.030849999999812,-0.2673048325274995,0.9767068025834186,-0.6933076295704611
6.030899999999812,-0.2804075016668924,0.9785089857513558,-0.6860405073464054
6.0309499999998115,-0.2926389777056956,0.9754048653330549,-0.6755032716325112
6.030999999999811,-0.310507338065733,0.9761023843068567,-0.6721414340236445
6.031049999999811,-0.32231861482587376,0.9772760443684148,-0.6599114089113413
6.031099999999811,-0.3375753339741496,0.9736026971603087,-0.6537531218349943
6.031149999999811,-0.35515887244823957,0.9757722400959776,-0.6472098216069296
6.031199999999811,-0.36525711863808596,0.9769961422578641,-0.6332430981745838
6.031249999999811,-0.3844641760333704,0.9769495104526382,-0.6248129226904456
6.031299999999811,-0.39666772943114087,0.9772658382206018,-0.6136591820746392
6.031349999999811,-0.4107284655354898,0.9735308270363834,-0.6021357235279567
6.0313999999998105,-0.43015280387845484,0.975909099879208,-0.5921575184216018
6.03144999999981,-0.4360952467399964,0.9759076950961754,-0.5817955159838776
6.03149999999981,-0.45333813097108105,0.9751219311852161,-0.5670185061734636
6.03154999999981,-0.4680081879722754,0.9773987967552226,-0.5495348858983528
6.03159999999981,-0.4841848798095715,0.978285257950987,-0.5361411635766716
6.03164999999981,-0.4982246794212106,0.9804060731685809,-0.5223590703954989
6.03169999999981,-0.510386813820804,0.9848053234790701,-0.5089172728640471
6.03174999999981,-0.5221594150500839,0.9818677429436748,-0.4930969418950035
6.0317999999998095,-0.5369768556687617,0.9865150328726922,-0.4761132187269354
6.031849999999809,-0.5492562141028452,0.9864604788644455,-0.4604001857670259
6.031899999999809,-0.5567147063284437,0.989579756094719,-0.43934813230864217
6.031949999999809,-0.5745451433594642,0.9896795195920268,-0.4265290857448558
6.031999999999809,-0.5872815740562948,0.9927673575536762,-0.40721571005099433
6.032049999999809,-0.59889604045898,0.9970403413642727,-0.38973355818386635
6.032099999999809,-0.6137657251345948,0.9989430360681866,-0.37012652501267884
6.032149999999809,-0.6266557764655609,1.000355722048461,-0.3534489088409036
6.032199999999809,-0.6387709178800148,0.9970359582820023,-0.33502556753537055
6.0322499999998085,-0.6523753297298932,0.9946681820781959,-0.3218970347462394
6.032299999999808,-0.6589509231187957,0.9963411568719992,-0.30188398819212975
6.032349999999808,-0.6702152748248646,0.9925244866477781,-0.2877624582504136
6.032399999999808,-0.6838303237136989,0.997119354620735,-0.27533889749469714
6.032449999999808,-0.6938530553766742,0.9880621058040843,-0.2538408587569633
6.032499999999808,-0.7073312494626495,0.985598136534374,-0.24104544915806297
6.032549999999808,-0.7228161867338699,0.9802469090427348,-0.22610300956285584
6.032599999999808,-0.727626637051868,0.975864541853338,-0.21205310847695302
6.0326499999998076,-0.7471926171632219,0.9714668703670499,-0.1960982511869735
6.032699999999807,-0.7504041449683704,0.9601594151534489,-0.1856197551350081
6.032749999999807,-0.7606833580478252,0.9555434494066158,-0.16805051530340603
6.032799999999807,-0.7721870520808413,0.9500730651362858,-0.15217046793518574
6.032849999999807,-0.7791153980101289,0.94094262731206,-0.14511139318551702
6.032899999999807,-0.7888155641386984,0.9299986588537473,-0.1275736380482722
6.032949999999807,-0.7980408024266556,0.922689000728118,-0.11759459721245315
6.032999999999807,-0.8057534898065821,0.9115228800448709,-0.10360613050359183
6.033049999999807,-0.8171415000378041,0.9021332696357917,-0.09251080636222128
6.0330999999998065,-0.8321501941179468,0.8913153414445879,-0.07900835872094182
6.033149999999806,-0.8359949447982354,0.8859509189580822,-0.06625755655593567
6.033199999999806,-0.8459881229524401,0.8799859435206334,-0.05162944649721762
6.033249999999806,-0.8515827640896588,0.8667612132724613,-0.040208576121940356
6.033299999999806,-0.8624812254544469,0.8557927632504051,-0.02297965828776514
6.033349999999806,-0.8680699603516305,0.8519684604298737,-0.012133037549578146
6.033399999999806,-0.876508130999704,0.8388486315615783,0.005482312061649155
6.033449999999806,-0.8827294569842488,0.8340759426115244,0.021473022511862252
6.033499999999806,-0.8912480074667946,0.8214595173190261,0.032466705012739704
6.0335499999998055,-0.8974979196001505,0.8109174991336618,0.050561996313513276
6.033599999999805,-0.9049765957121965,0.806885808208429,0.06811345139022909
6.033649999999805,-0.9098228606841781,0.7953159432229384,0.0830663548966555
6.033699999999805,-0.9149788130001401,0.7877837690521559,0.10145599954747146
6.033749999999805,-0.9232941507696569,0.779993575868659,0.11778304139606101
6.033799999999805,-0.9304679815539302,0.7765965823262037,0.13479722320890575
6.033849999999805,-0.9339587293405877,0.7646325026150856,0.15259247451110966
6.033899999999805,-0.9408477809004814,0.758939584694535,0.16984878605848303
6.0339499999998045,-0.9485671019007648,0.7536495309515767,0.1894807031984507
6.033999999999804,-0.9492396300169781,0.7414403229468378,0.2076435960606454
6.034049999999804,-0.9566919142177208,0.7388235517742561,0.22713654641859732
6.034099999999804,-0.9606981615232058,0.729085163158582,0.24268788734191887
6.034149999999804,-0.9627132827905257,0.7183723320045481,0.2651261008393949
6.034199999999804,-0.9691459244096329,0.7096779159262753,0.2763336507236184
6.034249999999804,-0.9723009479946707,0.6977843546127334,0.29311608450245125
6.034299999999804,-0.9752369942647249,0.6873796722208398,0.31229694922416357
6.034349999999804,-0.9803375903592169,0.6768887718959897,0.330225796788833
6.0343999999998035,-0.9797057117886214,0.666787048565359,0.3456562575914124
6.034449999999803,-0.9820069198086021,0.6577900049905588,0.358713034717297
6.034499999999803,-0.9872482081702558,0.6429549834094106,0.3768741164960966
6.034549999999803,-0.9884442427575053,0.6330937029130272,0.3901720039221829
6.034599999999803,-0.9904015829109916,0.6196124520571679,0.4032987970160694
6.034649999999803,-0.9926631305768578,0.6094029232268214,0.41451209511711734
6.034699999999803,-0.9965744615524436,0.5929334399087075,0.4281536152380095
6.034749999999803,-0.9986850266494822,0.5751302631898161,0.44111704310835304
6.0347999999998025,-0.9995978517907592,0.5600173803405754,0.4553507550004951
6.034849999999802,-0.9975954915981966,0.5494282969627127,0.4656731204151759
6.034899999999802,-1.0000199993914494,0.5284822225198282,0.47630573540678445
6.034949999999802,-0.9994571890176634,0.5156802772372437,0.48699199765945683
6.034999999999802,-1.0003952595599563,0.5016523745781934,0.49763305869586355
6.035049999999802,-1.0000806226972503,0.48466233465553266,0.5194026670463624
6.035099999999802,-0.9984882791303272,0.47059635435452535,0.5229175139675152
6.035149999999802,-0.9951622004331234,0.4501084873233255,0.5314902403836196
6.035199999999802,-0.9939514266896445,0.4371981511946941,0.5447781685759125
6.0352499999998015,-0.9967289743005818,0.41592322037518914,0.557112903137314
6.035299999999801,-0.9954845326297652,0.407170561522173,0.5684965374884894
6.035349999999801,-0.9924842940683755,0.3907585392376688,0.579230308502151
6.035399999999801,-0.9915965483647344,0.37174452611821157,0.591418970930278
6.035449999999801,-0.9899008998566198,0.35767891401083446,0.602251519178728
6.035499999999801,-0.9899767373078642,0.34333097436516513,0.6144249379234191
6.035549999999801,-0.9852319788468373,0.32931538954814543,0.6305520791837408
6.035599999999801,-0.9835385106660296,0.3139120424961509,0.6379924374944921
6.035649999999801,-0.9791553467282708,0.30140200571173636,0.6537658294079552
6.0356999999998004,-0.9783198199020191,0.28830547087250213,0.666615543928769
6.0357499999998,-0.9740239987672772,0.2781578686551896,0.6800843934165426
6.0357999999998,-0.9682990021804417,0.2608630135804321,0.6899614051999918
6.0358499999998,-0.9618672662791384,0.24469135863821861,0.7060002415632672
6.0358999999998,-0.960357711579512,0.23689019576808262,0.7170638030397423
6.0359499999998,-0.9557762940588502,0.2184200386022558,0.7312786652318347
6.0359999999998,-0.9519808278719658,0.20615945716315306,0.741957505908246
6.0360499999998,-0.9461169980536678,0.19310260591877446,0.7536368137017252
6.0360999999997995,-0.937663277084919,0.1833389638835419,0.7637642123735526
6.036149999999799,-0.9380193228917625,0.16736616753030067,0.7808847974682664
6.036199999999799,-0.931178026974599,0.15287034133301577,0.7916755096866437
6.036249999999799,-0.9259609469109403,0.14240926000859147,0.8025690717425161
6.036299999999799,-0.9179003546895885,0.1280948033896606,0.8120837007478444
6.036349999999799,-0.9107230748829345,0.11188312244137323,0.8235288371230777
6.036399999999799,-0.9041165276370404,0.09320242946808481,0.832088930280177
6.036449999999799,-0.8971657345601678,0.08061737410987448,0.8402747938221484
6.036499999999799,-0.8897416614934841,0.06709046243114003,0.8498164177218327
6.0365499999997985,-0.8821362358277056,0.045242657104221984,0.8586108468364759
6.036599999999798,-0.8739062335632494,0.034642874536024,0.8685251505732288
6.036649999999798,-0.868270165502773,0.011765494003021357,0.8753778824272931
6.036699999999798,-0.8629261235752974,0.0006975890391916769,0.8813902507167235
6.036749999999798,-0.8535776992305517,-0.01506746360572705,0.888309256862952
6.036799999999798,-0.8456050923215258,-0.031362344821489745,0.8946246717541871
6.036849999999798,-0.8368698105062709,-0.050918363730675244,0.8999466200679511
6.036899999999798,-0.828473031251,-0.06772149634228562,0.9067061346980444
6.0369499999997975,-0.8162919511316871,-0.08613655691890153,0.9109527961252404
6.036999999999797,-0.8092206080152754,-0.10754914633625534,0.9141158059979975
6.037049999999797,-0.8006612635053063,-0.12341475988428015,0.9179064263117239
6.037099999999797,-0.7903642368647936,-0.13864744311522,0.9199408778650512
6.037149999999797,-0.7802794350417286,-0.15558750353501744,0.9263570452722761
6.037199999999797,-0.7711105067097346,-0.17216888554365173,0.9285575536084512
6.037249999999797,-0.7593100479774479,-0.1894647321099151,0.9349515165267414
6.037299999999797,-0.74962447838026,-0.20701616202867135,0.936042427344965
6.037349999999797,-0.7388697369504328,-0.22314237309534898,0.9446258740670812
6.0373999999997965,-0.7308038825848091,-0.23851302760822485,0.9468882462436935
6.037449999999796,-0.7188638360279219,-0.2536102659586455,0.9517507309030906
6.037499999999796,-0.7093727883060605,-0.26889096148329145,0.9543558596607253
6.037549999999796,-0.695190402633701,-0.28383122975983444,0.9610525171485184
6.037599999999796,-0.6844789214857313,-0.2990222992604218,0.9632012644660392
6.037649999999796,-0.6737123682502075,-0.31454243261879233,0.9635654220589807
6.037699999999796,-0.6629340119521702,-0.32914874195008026,0.9738508355465387
6.037749999999796,-0.6464609363118244,-0.3395397006604254,0.9769268258305694
6.0377999999997956,-0.6383618962002988,-0.3540556466808343,0.9767979323459599
6.037849999999795,-0.6239804376508691,-0.3696878614515487,0.9841988564111007
6.037899999999795,-0.6116894560241908,-0.3778961512049923,0.9885810077185053
6.037949999999795,-0.6035726636154402,-0.39384365009894934,0.9960429141846752
6.037999999999795,-0.5880225325994506,-0.4073159860678724,0.9928915603895656
6.038049999999795,-0.5755010928317769,-0.4195981221986256,0.9951679194268794
6.038099999999795,-0.5605315832719432,-0.4295630636544549,1.0027093309354582
6.038149999999795,-0.5487463297173627,-0.442756740648116,1.0032097123661157
6.038199999999795,-0.5369098728183983,-0.45691656849070644,1.0044291941481636
6.0382499999997945,-0.5164322120918545,-0.47258919667403915,1.0032818377943864
6.038299999999794,-0.5067240998048074,-0.48644443835108675,1.0082250592676725
6.038349999999794,-0.4956015398392608,-0.4972069703335468,1.0071560705290874
6.038399999999794,-0.48032900167509346,-0.5098511772322621,1.0101814892268486
6.038449999999794,-0.46560501718402253,-0.5220552599974032,1.0118694712715368
6.038499999999794,-0.4551306912659911,-0.535478245163762,1.0060071141190554
6.038549999999794,-0.44265705373285347,-0.549289277993853,1.007208669665682
6.038599999999794,-0.42456119561650085,-0.5616348307523813,1.004232281476805
6.038649999999794,-0.4101379430822598,-0.5718187505857913,1.0018635167251426
6.0386999999997935,-0.40076829995162916,-0.5868513400058311,1.0040098817168384
6.038749999999793,-0.38327087333935606,-0.6029286158257336,0.9977988016644495
6.038799999999793,-0.36723243295911645,-0.613952849829327,0.993473759170008
6.038849999999793,-0.3508960822073207,-0.627263019156668,0.98990786299088
6.038899999999793,-0.33708103001963524,-0.6462860962888822,0.9897249159702224
6.038949999999793,-0.3247227494698735,-0.6556382871715722,0.9816386234830502
6.038999999999793,-0.3058123707372084,-0.6700060883513544,0.9794251657516874
6.039049999999793,-0.29133152412781343,-0.6821801579420044,0.9748055937455083
6.0390999999997925,-0.2798533765268662,-0.6938078887653095,0.9719330270245311
6.039149999999792,-0.2652092734913452,-0.7059650086218561,0.9658565468472254
6.039199999999792,-0.24924844651009498,-0.7223329241222287,0.9572651342290973
6.039249999999792,-0.23378992797005405,-0.727445138765918,0.9519779556473911
6.039299999999792,-0.21768541345455333,-0.7432305189576074,0.9473382033867215
6.039349999999792,-0.20266054876027229,-0.7559624297443255,0.9407038733780895
6.039399999999792,-0.1875449328989472,-0.766613317032461,0.9350224448597113
6.039449999999792,-0.17204460287859247,-0.775034062899757,0.9326114334974346
6.039499999999792,-0.1589184916922194,-0.7889001794379152,0.9244035146962197
6.0395499999997915,-0.1427638706762924,-0.7968494567781004,0.9164516249182321
6.039599999999791,-0.1244316781655347,-0.8074260251633036,0.9099843468632245
6.039649999999791,-0.11298576023510137,-0.815474923014398,0.9058373377608991
6.039699999999791,-0.09625285190884383,-0.8201397051059093,0.9025787155223906
6.039749999999791,-0.07471800929024212,-0.8315567026797267,0.8919116701583478
6.039799999999791,-0.06075160229676358,-0.8412027006074585,0.8907037848567194
6.039849999999791,-0.04719284490531386,-0.8442687576287906,0.8824787415616707
6.039899999999791,-0.03450238231605818,-0.8488158695641718,0.8766306962062447
6.0399499999997905,-0.016345515572347948,-0.8555996164211427,0.8708208015910834
6.03999999999979,0.0004450393379520982,-0.8673759571508071,0.8654479669300802
6.04004999999979,0.014752128971886732,-0.8725034931966233,0.8587890635605724
6.04009999999979,0.03102167250593178,-0.8783376709366029,0.8510846015939436
6.04014999999979,0.04817709153416229,-0.8840792949601297,0.8480264230517096
6.04019999999979,0.06240439066643003,-0.8904310428707303,0.8406306603419744
6.04024999999979,0.07673613499684154,-0.8973900102521399,0.8296404892347143
6.04029999999979,0.09609411830644968,-0.9019908647774885,0.8226643953003344
6.04034999999979,0.10933808236790879,-0.9065461154344829,0.8116892931698829
6.0403999999997895,0.12381431273237857,-0.9167044039171731,0.8036586984408406
6.040449999999789,0.14042141996537275,-0.9205061039825199,0.8020504565111148
6.040499999999789,0.15430014807171216,-0.9233023474643206,0.7852547305955611
6.040549999999789,0.17323817247195816,-0.9312325023431235,0.7768844319646352
6.040599999999789,0.1909130357772979,-0.9346146652709787,0.7669635533339646
6.040649999999789,0.20010347676257143,-0.9435136772507389,0.7560741775695408
6.040699999999789,0.2146486115874632,-0.9494828517551384,0.7435181309068969
6.040749999999789,0.23219706176999827,-0.9525732664152956,0.7335462750809076
6.040799999999789,0.24888455991120045,-0.9578961244709627,0.7178466991154817
6.0408499999997884,0.26125214559651366,-0.9656272520851149,0.7062460149996612
6.040899999999788,0.27951388371283437,-0.9683465161254922,0.6951191176371441
6.040949999999788,0.296483197432413,-0.9743195821838669,0.682207943024517
6.040999999999788,0.3099883435901146,-0.9788509001159068,0.6729952667659144
6.041049999999788,0.32058682596256427,-0.9798926846579481,0.6553402832621315
6.041099999999788,0.33856670641078385,-0.9867843419871665,0.6406809322583007
6.041149999999788,0.3528306795309287,-0.9876418540968984,0.6293665840611794
6.041199999999788,0.36832873734960303,-0.9957941247974214,0.6158089966461544
6.0412499999997875,0.38131799095732444,-1.0007197267124175,0.6028854160077931
6.041299999999787,0.39882713830170063,-1.0006105964783252,0.5899512487189871
6.041349999999787,0.4120937070512599,-1.0028337506873526,0.576263769724906
6.041399999999787,0.4271308597105919,-1.0078761362227024,0.5632006642004264
6.041449999999787,0.442860921917386,-1.0053249875212236,0.5457742261382543
6.041499999999787,0.4578984009314197,-1.0068030409257778,0.5395555095009072
6.041549999999787,0.46966549902754423,-1.007580782076405,0.5222822428207963
6.041599999999787,0.48209108555734387,-1.0087349634312264,0.5144518107918425
6.041649999999787,0.49741110775688757,-1.0083424749767802,0.4961063037670701
6.0416999999997865,0.5086983739983737,-1.0067330100556,0.4873152654642677
6.041749999999786,0.5216525781426147,-1.0052143784050513,0.4734614286663811
6.041799999999786,0.5383976828849748,-1.002578391154843,0.4580691877545747
6.041849999999786,0.550275748717225,-1.0043058158396951,0.4447324444568529
6.041899999999786,0.5635053456061943,-1.0006209159495827,0.43060063008059624
6.041949999999786,0.5748903674167817,-0.9955657849491686,0.4187306440889421
6.041999999999786,0.5874959475164275,-0.9904507957917758,0.40575136602717177
6.042049999999786,0.5965115507474205,-0.9906917189190448,0.3935950416196252
6.0420999999997855,0.6111087100989921,-0.9866452410436155,0.37970080113476223
6.042149999999785,0.6221868918687357,-0.9860290803764392,0.37089014362735184
6.042199999999785,0.6377457585546734,-0.985808837666502,0.3548789570226326
6.042249999999785,0.6546770153855254,-0.9794062351154905,0.3413985415754917
6.042299999999785,0.6625370889204569,-0.973367406695305,0.32779691920442566
6.042349999999785,0.6700023288904213,-0.9709099338118026,0.3090004886283338
6.042399999999785,0.6866603305419463,-0.9666403336776518,0.298267144580096
6.042449999999785,0.6974729270796955,-0.9671982939716078,0.281754277458343
6.042499999999785,0.707181077369644,-0.9579736335691444,0.263586313433277
6.0425499999997845,0.7190781604954501,-0.9545035563121322,0.2497097981941094
6.042599999999784,0.7331817967921935,-0.9515361976255815,0.2367143620027903
6.042649999999784,0.7388230167334905,-0.9471201299726159,0.21823458606075422
6.042699999999784,0.7504931263487941,-0.9422887414285954,0.20409541300454326
6.042749999999784,0.762351298645265,-0.9376046213324388,0.18878872762022952
6.042799999999784,0.7751380098576157,-0.9318571987200334,0.1728168797238216
6.042849999999784,0.7832662542865328,-0.9248135682633755,0.15501200836956597
6.042899999999784,0.7887018067009239,-0.9213138138777568,0.13730825714617687
6.0429499999997836,0.8002303390256001,-0.9177734421414945,0.11673623724829205
6.042999999999783,0.8100216727740086,-0.915673613550171,0.10648641864860128
6.043049999999783,0.8154953935541535,-0.9099039469497696,0.08813146467435543
6.043099999999783,0.8273296363976635,-0.9033980521739129,0.06956528757531838
6.043149999999783,0.8355604029717965,-0.8988759406152248,0.0545764766839712
6.043199999999783,0.8445413352616812,-0.8906442840331816,0.038461233149947475
6.043249999999783,0.8538301404226581,-0.8808354952372162,0.022130127979549927
6.043299999999783,0.8600308396450727,-0.8757342539447256,0.006678581158546915
6.043349999999783,0.8697128990251272,-0.8684309235490938,-0.011047119910791766
6.0433999999997825,0.8773870457410052,-0.8619106583232934,-0.028891049681848486
6.043449999999782,0.8850523197406329,-0.854703307674492,-0.04384281935751424
6.043499999999782,0.8950125025386881,-0.8422310985880829,-0.060104320318620404
6.043549999999782,0.895415434927905,-0.8390224386688506,-0.07456497271127234
6.043599999999782,0.9041869817810231,-0.8237569944294757,-0.08820970890744775
6.043649999999782,0.9105761837631795,-0.8191884756455381,-0.10431863407331873
6.043699999999782,0.9173781685941127,-0.8062563417864382,-0.11941208083316818
6.043749999999782,0.9183392226134927,-0.7975794704933225,-0.13281132391355488
6.043799999999782,0.9303506057695052,-0.7895546608086651,-0.14945211015851917
6.0438499999997815,0.9340398108419017,-0.7767987289014604,-0.1663038139764683
6.043899999999781,0.9448052501402832,-0.7671908944760473,-0.17627438094288697
6.043949999999781,0.9458634098753914,-0.7549646300881662,-0.1889371957108999
6.043999999999781,0.9512984348694825,-0.7444986059921663,-0.2085150611084499
6.044049999999781,0.9598752991586379,-0.7345101563995263,-0.2198621416373311
6.044099999999781,0.9624480607568573,-0.7204539938241256,-0.23746248264511274
6.044149999999781,0.9655659647508751,-0.7106737534343968,-0.25208046751858526
6.044199999999781,0.9698063918935782,-0.6935791065604682,-0.2656335500761888
6.0442499999997805,0.9760928643710619,-0.6820962301067606,-0.2804938356097013
6.04429999999978,0.9761316366229184,-0.6724441499504629,-0.2917599522357642
6.04434999999978,0.979814009684317,-0.6560458404540657,-0.3051545376651201
6.04439999999978,0.9813301598234784,-0.6446103434079223,-0.3198240830457274
6.04444999999978,0.9853190388229089,-0.6334255020962971,-0.33963032445376284
6.04449999999978,0.9849303804388468,-0.6223103286192357,-0.3514445722217091
6.04454999999978,0.9891922178929846,-0.6135769700118405,-0.365874478895707
6.04459999999978,0.9923528922981042,-0.5964285201135908,-0.38325634371786205
6.04464999999978,0.992165869803706,-0.5877523516343689,-0.393959260286326
6.0446999999997795,0.9961635804821533,-0.5738906071037909,-0.412268735661847
6.044749999999779,0.9965441709967592,-0.5635893627459289,-0.42422211765666684
6.044799999999779,0.9938141529263487,-0.5510059572488605,-0.442355953810919
6.044849999999779,0.9998314160414853,-0.5366453368545097,-0.4547489795898455
6.044899999999779,0.9968317226193261,-0.5250729641529449,-0.46998574158814743
6.044949999999779,0.998808205383414,-0.5099743006556295,-0.4883899158758767
6.044999999999779,0.999970954267819,-0.5062111388247307,-0.501241358654754
6.045049999999779,1.0020986363321278,-0.48751715077227065,-0.515870001633654
6.0450999999997785,0.9985304001832389,-0.47246355011771535,-0.527165437403591
6.045149999999778,1.0005851241272554,-0.46150975067446626,-0.5426221128891889
6.045199999999778,1.0000477760981414,-0.4473130049411143,-0.5536592268007611
6.045249999999778,0.9955406610326069,-0.43547738388014384,-0.5711797536017288
6.045299999999778,0.9938843884235845,-0.4192769406692677,-0.586865639890391
6.045349999999778,0.9950798513445949,-0.4063009932114783,-0.5993746411300772
6.045399999999778,0.9928139340800417,-0.3940132973401042,-0.6118254638463718
6.045449999999778,0.9904915757425267,-0.37707833479242053,-0.6210220278797195
6.045499999999778,0.9884754272136629,-0.3630434424233223,-0.6361494756556948
6.0455499999997775,0.9841690440229619,-0.34666718509264144,-0.648638447072155
6.045599999999777,0.9832397593506318,-0.33410651796210794,-0.6563686675488457
6.045649999999777,0.9781888209199523,-0.32184267077405576,-0.6702698053440358
6.045699999999777,0.9756612853955312,-0.3055033353718986,-0.6858691779724595
6.045749999999777,0.9735327099832346,-0.28679267959831684,-0.6943528014836023
6.045799999999777,0.9697597996141284,-0.2711472175093809,-0.7032242756196225
6.045849999999777,0.9638483796285996,-0.2542303410294075,-0.7141140534535289
6.045899999999777,0.9622181618790382,-0.2404161180244226,-0.7222496336760653
6.045949999999777,0.9532751250171451,-0.22159311520287872,-0.7325803002436863
6.045999999999776,0.9493028891863717,-0.20747318696444284,-0.7456315054696613
6.046049999999776,0.9470751321793154,-0.19254441277971143,-0.751015048591581
6.046099999999776,0.9382656184865432,-0.17241931702229496,-0.7620379704151694
6.046149999999776,0.938019524699476,-0.15840917084030098,-0.7723364795930254
6.046199999999776,0.9296668733255933,-0.14361585929029128,-0.7833645726606926
6.046249999999776,0.920314734382821,-0.12361422188602204,-0.7888396609398298
6.046299999999776,0.9149365132478077,-0.11221133841985881,-0.7998877848737094
6.046349999999776,0.9133113274860474,-0.0948358151060176,-0.8086755976474912
6.0463999999997755,0.9043693386645997,-0.07844600242126411,-0.8168089934453855
6.046449999999775,0.8982246843904637,-0.058059771712377625,-0.8218973880377622
6.046499999999775,0.8944443196667,-0.050076559705604894,-0.8364098898581795
6.046549999999775,0.8842044921363215,-0.03295996309166013,-0.8461463474266757
6.046599999999775,0.8770180909503107,-0.01650303168157217,-0.8524521529782608
6.046649999999775,0.8704308648288646,0.0012854038822011013,-0.8569237183228602
6.046699999999775,0.8611541595986681,0.013356221781835157,-0.8661342749164197
6.046749999999775,0.8608103777104942,0.029267452176116662,-0.8737116829484192
6.046799999999775,0.8448162156322471,0.0427930639190508,-0.8843194053562377
6.0468499999997745,0.8346769397362762,0.0618885074058054,-0.89066583004033
6.046899999999774,0.8240236344439718,0.07059509752515,-0.9006237069817783
6.046949999999774,0.8168016879442976,0.09080054368545404,-0.9095505488516403
6.046999999999774,0.8121869609006355,0.10143073118284596,-0.9116252094460687
6.047049999999774,0.7984501035595278,0.11899915956118765,-0.9217583543950576
6.047099999999774,0.7922302192863574,0.13203663411354077,-0.9279344512613503
6.047149999999774,0.7813996668266242,0.14901074052678176,-0.9323792486657353
6.047199999999774,0.771251192392099,0.16259741464477118,-0.9369814038547056
6.0472499999997735,0.7613016061203292,0.1780962748944451,-0.9474082660648347
6.047299999999773,0.7480460262571643,0.19375421058650172,-0.9507672443027914
6.047349999999773,0.7386461512432736,0.2074052180994702,-0.9584586189431078
6.047399999999773,0.7276212611352367,0.221336180681639,-0.9628079815879493
6.047449999999773,0.7198395012356961,0.2380358787888626,-0.9647393040310765
6.047499999999773,0.7061308979128949,0.25490104735222063,-0.9717872585799783
6.047549999999773,0.6909211751238317,0.2659637917021508,-0.9744648345790183
6.047599999999773,0.6837816907276747,0.28362097924384466,-0.977792209806533
6.047649999999773,0.6758000935060348,0.3023560100927826,-0.979841810797735
6.0476999999997725,0.6649697908749612,0.31366275997501053,-0.9841131878862776
6.047749999999772,0.651280425951879,0.3295386529004928,-0.9876200019002999
6.047799999999772,0.6390603479495744,0.34349959878817243,-0.9901310456295955
6.047849999999772,0.6230872722610363,0.35959318500453946,-0.9888249087247244
6.047899999999772,0.6129788720523075,0.374880901993991,-0.9923135202768797
6.047949999999772,0.6037930743487674,0.39068727297458483,-0.9907769675820326
6.047999999999772,0.5890846477725893,0.40638051432389477,-0.9949105391805838
6.048049999999772,0.576515241837271,0.4204784147704233,-0.9958418761369403
6.0480999999997715,0.5619242424773541,0.43480625447582605,-0.995799072176676
6.048149999999771,0.5469395648371076,0.44943662107229737,-0.999711963135091
6.048199999999771,0.534255389053685,0.4656714096441547,-0.997774708079422
6.048249999999771,0.5233023938838514,0.4778984968607377,-0.9948686512374397
6.048299999999771,0.5087871695431072,0.4909608605276525,-0.9933890005281182
6.048349999999771,0.4965173341279664,0.5058278746016572,-0.9973692275434031
6.048399999999771,0.4815140284921511,0.5201242443580074,-0.9950590096180398
6.048449999999771,0.4673502227528784,0.536184937799959,-0.9951953934868376
6.048499999999771,0.45877876799422657,0.5495629993412409,-0.9963832800459299
6.0485499999997705,0.4406162689895097,0.562349071430487,-0.9932788421123566
6.04859999999977,0.4280868743171603,0.5719868922357324,-0.9933883163011785
6.04864999999977,0.41355623159560834,0.5836723856695668,-0.99316188599642
6.04869999999977,0.39440238164376906,0.5972316735532557,-0.9922731943323638
6.04874999999977,0.3805749895466128,0.6078975548556036,-0.9843348721404229
6.04879999999977,0.36829988351704046,0.6217812572543651,-0.9864563577816197
6.04884999999977,0.35272103240272,0.6349417065528506,-0.9860995027576943
6.04889999999977,0.3399282973235617,0.6446981031862887,-0.9810356890211444
6.04894999999977,0.32125870275808943,0.6556117352772968,-0.9786992557365441
6.0489999999997695,0.31111847524581804,0.6705487451461131,-0.9780217169242483
6.049049999999769,0.2926010691059856,0.6810100987274009,-0.9752827308714443
6.049099999999769,0.278937778483184,0.6924547475457631,-0.9741674404452233
6.049149999999769,0.2624965350844712,0.7009124215537335,-0.9732571499123145
6.049199999999769,0.2487945753572161,0.7148687924041726,-0.9674853092701453
6.049249999999769,0.23249059380176618,0.7189378524671249,-0.9630959891731952
6.049299999999769,0.2185165338847558,0.7326248353100897,-0.9536689156686506
6.049349999999769,0.20099406646772155,0.7434939636171874,-0.9529091042219874
6.0493999999997685,0.1897413387365056,0.752804457835493,-0.9462715559794305
6.049449999999768,0.1703633710355478,0.7650006252623966,-0.9442128553384804
6.049499999999768,0.16030183609215676,0.7719404456798435,-0.9363152425622971
6.049549999999768,0.14267226432384458,0.780349046464096,-0.9308956926223149
6.049599999999768,0.127057135264726,0.7954106325217064,-0.9232381110720599
6.049649999999768,0.10997498043502307,0.8014954986490372,-0.9217064694300967
6.049699999999768,0.09657521771532417,0.8111729427993362,-0.9139156200613576
6.049749999999768,0.07597377179246737,0.8227356858379905,-0.9070280517980723
6.049799999999768,0.06108524972134635,0.8330199643396077,-0.8990179769010189
6.0498499999997675,0.04679484274632394,0.8390595279310127,-0.8912693815322589
6.049899999999767,0.029585231316432464,0.8472667304839142,-0.8817830618447323
6.049949999999767,0.015006314148942785,0.8605057497784994,-0.8767462536749187
