1,0,-1.00143824,0.55054546,0.44402770,-0.15964002,0.18718755,-0.02478510,0,0,0,0,0
2,208,-1.01014301,0.49500463,0.49500601,-0.15298578,0.16344181,0.01245117,0,0,0,0,0
3,416,-1.00335238,0.43570089,0.55897529,-0.16727136,0.17311086,0.01090343,0,0,0,0,0
4,625,-1.00266123,0.38237579,0.60173008,-0.17678987,0.17613508,0.01092036,0,0,0,0,0
5,833,-0.97339376,0.32122306,0.66167046,-0.18410899,0.14679576,0.01136740,0,0,0,0,0
6,1041,-0.96310850,0.25429780,0.70803298,-0.18260160,0.13276844,0.04513002,0,0,0,0,0
7,1250,-0.94140841,0.19467592,0.75295029,-0.17982655,0.10832544,0.06366576,0,0,0,0,0
8,1458,-0.92035505,0.13444353,0.79052931,-0.17773492,0.10023882,0.07133783,0,0,0,0,0
9,1666,-0.89373741,0.06339694,0.82917366,-0.18992107,0.10290731,0.09026460,0,0,0,0,0
10,1875,-0.85638841,0.01002071,0.87386988,-0.19727540,0.09993963,0.11415698,0,0,0,0,0
11,2083,-0.83745935,-0.05352587,0.90020847,-0.20161473,0.08144613,0.11585253,0,0,0,0,0
12,2291,-0.79067735,-0.13283970,0.92019003,-0.20665707,0.07573679,0.12941868,0,0,0,0,0
13,2500,-0.75787021,-0.19304840,0.95076465,-0.17920334,0.05376833,0.14204956,0,0,0,0,0
14,2708,-0.70073322,-0.25686242,0.96599825,-0.17880166,0.03511905,0.15952056,0,0,0,0,0
15,2916,-0.65192740,-0.31583575,0.98308551,-0.17463359,0.03217390,0.13745121,0,0,0,0,0
16,3125,-0.60821923,-0.38120907,0.98704772,-0.18367756,0.00771427,0.17933726,0,0,0,0,0
17,3333,-0.56043967,-0.44487332,0.99751835,-0.17207173,0.01812547,0.15169247,0,0,0,0,0
18,3541,-0.49775739,-0.49894883,0.99653203,-0.17492122,-0.01151590,0.18862533,0,0,0,0,0
19,3750,-0.45046870,-0.54876711,0.99049025,-0.16701147,-0.01814281,0.18147289,0,0,0,0,0
20,3958,-0.38995379,-0.60678375,0.99669277,-0.14993984,-0.01560576,0.19442398,0,0,0,0,0
21,4166,-0.32201216,-0.66100011,0.97887041,-0.14523682,-0.03956509,0.19935916,0,0,0,0,0
22,4375,-0.25471391,-0.70224502,0.96576911,-0.14255825,-0.04980207,0.19261728,0,0,0,0,0
23,4583,-0.19860496,-0.73883244,0.95178887,-0.14673984,-0.06748386,0.19808800,0,0,0,0,0
24,4791,-0.13183688,-0.79564642,0.92202799,-0.14226602,-0.05786570,0.21452410,0,0,0,0,0
25,5000,-0.07447980,-0.82812857,0.88888344,-0.12481600,-0.08334857,0.20376840,0,0,0,0,0
26,5208,-0.00278099,-0.87038936,0.87231419,-0.11858942,-0.10037658,0.18659047,0,0,0,0,0
27,5416,0.05930016,-0.89225873,0.83175703,-0.10494814,-0.10021363,0.21022908,0,0,0,0,0
28,5625,0.12758774,-0.93555195,0.79039390,-0.08098533,-0.12150308,0.21561085,0,0,0,0,0
29,5833,0.18923267,-0.94593656,0.74188092,-0.06608631,-0.10886076,0.19235065,0,0,0,0,0
30,6041,0.26887374,-0.95839966,0.70459261,-0.04332232,-0.13734808,0.19988388,0,0,0,0,0
31,6250,0.32576623,-0.98564027,0.65103489,-0.03078847,-0.13606565,0.20027977,0,0,0,0,0
32,6458,0.37501761,-0.98487906,0.60975338,-0.01374386,-0.15376464,0.16810805,0,0,0,0,0
33,6666,0.43347846,-0.99362750,0.55062386,-0.00582697,-0.15231960,0.19354185,0,0,0,0,0
34,6875,0.50957895,-1.00078134,0.50078474,0.00550471,-0.17407691,0.17733335,0,0,0,0,0
35,7083,0.55550937,-0.99162967,0.43267436,0.03606704,-0.18868225,0.16632196,0,0,0,0,0
36,7291,0.61076530,-0.99515412,0.38664296,0.03593302,-0.16086594,0.15122000,0,0,0,0,0
37,7500,0.66966176,-0.97652085,0.31735357,0.03230589,-0.19576236,0.14867798,0,0,0,0,0
38,7708,0.70756003,-0.96047390,0.26689750,0.06101341,-0.20526910,0.12389809,0,0,0,0,0
39,7916,0.74830533,-0.95211219,0.20611482,0.07852149,-0.19884630,0.12869477,0,0,0,0,0
40,8125,0.80247167,-0.92404497,0.13022804,0.07283454,-0.19741001,0.12408649,0,0,0,0,0
41,8333,0.82133747,-0.89678384,0.07275352,0.10871499,-0.19676379,0.09760677,0,0,0,0,0
42,8541,0.86717949,-0.86614594,0.00444314,0.11350430,-0.20092016,0.07171966,0,0,0,0,0
43,8750,0.89912795,-0.83497088,-0.06505052,0.11762463,-0.20703945,0.08274345,0,0,0,0,0
44,8958,0.92645538,-0.79255905,-0.12548441,0.11171633,-0.20510933,0.06544444,0,0,0,0,0
45,9166,0.95578149,-0.75657363,-0.18439905,0.13598674,-0.21485948,0.06900322,0,0,0,0,0
46,9375,0.96834340,-0.70480513,-0.25557551,0.16597198,-0.19376416,0.04251175,0,0,0,0,0
47,9583,0.99308709,-0.65559430,-0.32228610,0.15086980,-0.20441241,0.05380527,0,0,0,0,0
48,9791,0.99766240,-0.60847626,-0.38412174,0.14889133,-0.16404101,0.02330205,0,0,0,0,0
49,10000,0.99215702,-0.55332871,-0.45475627,0.15902613,-0.19761488,0.01112797,0,0,0,0,0
50,10208,0.99537059,-0.49954637,-0.49629935,0.17529311,-0.18297825,0.00838828,0,0,0,0,0
51,10416,1.00317258,-0.44442111,-0.55712292,0.16135978,-0.16651595,0.00139584,0,0,0,0,0
52,10625,0.99277845,-0.39050560,-0.61097759,0.17654974,-0.16458435,0.00439324,0,0,0,0,0
53,10833,0.97982457,-0.32146477,-0.65688679,0.17338315,-0.14261163,-0.03016488,0,0,0,0,0
54,11041,0.96676085,-0.25770143,-0.71223947,0.18681742,-0.12991112,-0.04588923,0,0,0,0,0
55,11250,0.94858816,-0.18683919,-0.75195769,0.19162729,-0.12269910,-0.04796493,0,0,0,0,0
56,11458,0.91903536,-0.13530602,-0.79717677,0.18873168,-0.09358729,-0.07627051,0,0,0,0,0
57,11666,0.89694339,-0.07025277,-0.82670261,0.19873749,-0.09634901,-0.08248713,0,0,0,0,0
58,11875,0.85804095,-0.00753209,-0.86545147,0.19508835,-0.08958779,-0.10102984,0,0,0,0,0
59,12083,0.82101028,0.05741912,-0.89253648,0.20365532,-0.08720262,-0.12419601,0,0,0,0,0
60,12291,0.78502275,0.12921569,-0.93221973,0.20308957,-0.08285793,-0.12829639,0,0,0,0,0
61,12500,0.75277219,0.19056135,-0.94790490,0.16514467,-0.05451588,-0.12944490,0,0,0,0,0
62,12708,0.70428353,0.25378131,-0.95720356,0.20022287,-0.04155814,-0.14892158,0,0,0,0,0
63,12916,0.67035127,0.31772930,-0.97923859,0.19246390,-0.04798631,-0.15303188,0,0,0,0,0
64,13125,0.61003735,0.38323239,-1.00501674,0.18785740,-0.02838215,-0.16211618,0,0,0,0,0
65,13333,0.55593987,0.43333836,-0.99834916,0.19889400,-0.02174022,-0.17822002,0,0,0,0,0
66,13541,0.49094973,0.49614674,-1.00058808,0.14921389,0.01282796,-0.17427452,0,0,0,0,0
67,13750,0.44407601,0.55216460,-1.00331743,0.16296107,0.01450484,-0.18837751,0,0,0,0,0
68,13958,0.38194914,0.60599149,-0.99416024,0.15050171,0.01441075,-0.19005820,0,0,0,0,0
69,14166,0.32120737,0.65674698,-0.97512758,0.15296891,0.04290705,-0.19201787,0,0,0,0,0
70,14375,0.25716578,0.70472221,-0.96234680,0.15244884,0.02725847,-0.21103906,0,0,0,0,0
71,14583,0.19006638,0.75406205,-0.94620556,0.12999747,0.05168681,-0.20487859,0,0,0,0,0
72,14791,0.13939558,0.79591624,-0.92666901,0.13711428,0.06619585,-0.21025398,0,0,0,0,0
73,15000,0.07318925,0.83292228,-0.89610247,0.12811793,0.07674214,-0.20688073,0,0,0,0,0
74,15208,0.00691127,0.86167190,-0.87334665,0.09112523,0.10011766,-0.19548454,0,0,0,0,0
75,15416,-0.06026156,0.90924121,-0.82326110,0.10315083,0.09795100,-0.22034051,0,0,0,0,0
76,15625,-0.13158715,0.92542200,-0.79995008,0.08544220,0.10858655,-0.20426365,0,0,0,0,0
77,15833,-0.18726125,0.95142379,-0.75163668,0.07526121,0.12404271,-0.20191590,0,0,0,0,0
78,16041,-0.26182445,0.95866311,-0.70132082,0.05775381,0.15669504,-0.20725118,0,0,0,0,0
79,16250,-0.31590665,0.98290859,-0.65937972,0.04991169,0.15652449,-0.19970301,0,0,0,0,0
80,16458,-0.37645697,0.99335952,-0.60708702,0.02759357,0.14493748,-0.17829341,0,0,0,0,0
81,16666,-0.43934045,0.99532689,-0.55148443,0.01361075,0.17017931,-0.17933903,0,0,0,0,0
82,16875,-0.50219737,0.99839675,-0.49888188,-0.01757176,0.19263209,-0.16592414,0,0,0,0,0
83,17083,-0.54837261,0.99466293,-0.42966185,-0.02619451,0.20192012,-0.15023305,0,0,0,0,0
84,17291,-0.60428951,0.99456172,-0.38167317,-0.03234728,0.20285786,-0.13883332,0,0,0,0,0
85,17500,-0.65342109,0.97685993,-0.31610749,-0.04730131,0.18644694,-0.13750133,0,0,0,0,0
86,17708,-0.69973663,0.98064150,-0.25510709,-0.05296127,0.19145307,-0.13708146,0,0,0,0,0
87,17916,-0.74454834,0.94426796,-0.20199626,-0.06583977,0.18851965,-0.13133003,0,0,0,0,0
88,18125,-0.78630703,0.91633245,-0.13217217,-0.07797165,0.21012776,-0.10392740,0,0,0,0,0
89,18333,-0.83814789,0.89700839,-0.06160223,-0.10627276,0.19324340,-0.09067145,0,0,0,0,0
90,18541,-0.86526001,0.86829041,-0.00112198,-0.10535834,0.18430038,-0.09350499,0,0,0,0,0
91,18750,-0.89559834,0.83011247,0.05497275,-0.11998610,0.20397982,-0.07963005,0,0,0,0,0
92,18958,-0.92782675,0.78932029,0.11679454,-0.11168948,0.21165046,-0.08636043,0,0,0,0,0
93,19166,-0.94414652,0.74244287,0.19539477,-0.13581455,0.21106778,-0.07832371,0,0,0,0,0
94,19375,-0.97147253,0.70580480,0.25291841,-0.15300609,0.23266214,-0.04710919,0,0,0,0,0
95,19583,-0.98514204,0.65865466,0.30382354,-0.14218673,0.20088900,-0.03881782,0,0,0,0,0
96,19791,-0.99364661,0.60329416,0.37629099,-0.13921977,0.19593411,-0.03338504,0,0,0,0,0
97,20000,-1.00358974,0.55517831,0.43687072,-0.16189336,0.17354579,-0.02595739,0,0,0,0,0
98,20208,-1.00035074,0.50449772,0.50499844,-0.16521869,0.17468471,-0.00166563,0,0,0,0,0
99,20416,-0.99366304,0.44738661,0.55496229,-0.17755665,0.15511567,0.00219808,0,0,0,0,0
100,20625,-0.99683946,0.38365161,0.61343749,-0.17758328,0.18053558,0.00952735,0,0,0,0,0
101,20833,-0.96963326,0.31966525,0.65483937,-0.17348352,0.14686309,0.01771910,0,0,0,0,0
102,21041,-0.97026348,0.24962944,0.70556132,-0.16482110,0.13899050,0.04890385,0,0,0,0,0
103,21250,-0.95392030,0.19326740,0.75189491,-0.20144736,0.11180894,0.04523707,0,0,0,0,0
104,21458,-0.91224867,0.13157431,0.78497548,-0.19419282,0.10941905,0.07324559,0,0,0,0,0
105,21666,-0.89259580,0.06501059,0.83717711,-0.20792936,0.10165434,0.07355632,0,0,0,0,0
106,21875,-0.86809097,0.01050960,0.86758802,-0.19878668,0.09751084,0.10620241,0,0,0,0,0
107,22083,-0.83690821,-0.06189292,0.90215604,-0.19298795,0.08052810,0.12182990,0,0,0,0,0
108,22291,-0.79570215,-0.11939804,0.91794765,-0.19425273,0.07332568,0.12815226,0,0,0,0,0
109,22500,-0.74740916,-0.19354444,0.95860435,-0.20267083,0.07581498,0.12972134,0,0,0,0,0
110,22708,-0.70581258,-0.25547542,0.96146125,-0.18037780,0.04876780,0.14153756,0,0,0,0,0
111,22916,-0.66350603,-0.32053424,0.97877775,-0.19194909,0.02965028,0.13771637,0,0,0,0,0
112,23125,-0.60058083,-0.37801631,0.99463273,-0.17582705,0.03139221,0.16392301,0,0,0,0,0
113,23333,-0.55451919,-0.43945038,0.99918589,-0.18271313,0.02923267,0.15782464,0,0,0,0,0
114,23541,-0.50799839,-0.49711831,1.00355918,-0.16664362,0.00100502,0.17498272,0,0,0,0,0
115,23750,-0.44760323,-0.55187267,1.00006956,-0.16247640,-0.00738101,0.16612469,0,0,0,0,0
116,23958,-0.38604354,-0.60493557,0.98752071,-0.15548399,-0.02805592,0.18788018,0,0,0,0,0
117,24166,-0.33005129,-0.65461858,0.97254320,-0.16650781,-0.05445174,0.18805333,0,0,0,0,0
118,24375,-0.25815967,-0.70631505,0.96125348,-0.16300080,-0.04871548,0.18919472,0,0,0,0,0
119,24583,-0.18947862,-0.75551545,0.95157863,-0.14410495,-0.04728307,0.19814735,0,0,0,0,0
120,24791,-0.12447888,-0.79009047,0.92981300,-0.14177298,-0.06552588,0.20287619,0,0,0,0,0
121,25000,-0.06755530,-0.83456857,0.89409295,-0.10951300,-0.08875073,0.20597725,0,0,0,0,0
122,25208,-0.00259321,-0.86937076,0.86542261,-0.11696278,-0.08152433,0.19422706,0,0,0,0,0
123,25416,0.05512671,-0.89704198,0.81714546,-0.09106127,-0.11083030,0.22427607,0,0,0,0,0
124,25625,0.13130992,-0.92686653,0.79114116,-0.08309669,-0.12110756,0.19831985,0,0,0,0,0
125,25833,0.19083536,-0.95484502,0.74738984,-0.05291762,-0.11757551,0.22407443,0,0,0,0,0
126,26041,0.26055036,-0.97541037,0.70774794,-0.05581466,-0.13894453,0.17922346,0,0,0,0,0
127,26250,0.32128145,-0.98127204,0.65524244,-0.02138101,-0.13361258,0.17645918,0,0,0,0,0
128,26458,0.37635845,-0.99586945,0.60377393,-0.01929530,-0.16300909,0.18055494,0,0,0,0,0
129,26666,0.44405360,-1.00474087,0.56094395,-0.01995695,-0.18140676,0.17156694,0,0,0,0,0
130,26875,0.49910980,-0.99652093,0.50313225,-0.00627512,-0.16988951,0.15092043,0,0,0,0,0
131,27083,0.55365469,-0.98775030,0.43844480,0.02114100,-0.17388705,0.16942250,0,0,0,0,0
132,27291,0.60942280,-0.98875045,0.39032159,0.03635772,-0.18714180,0.14728037,0,0,0,0,0
133,27500,0.66362550,-0.98436507,0.32004629,0.06384554,-0.19566671,0.13793221,0,0,0,0,0
134,27708,0.71311000,-0.96529960,0.26069788,0.06207868,-0.19184498,0.12961130,0,0,0,0,0
135,27916,0.75935601,-0.94943342,0.19531113,0.07529900,-0.19715276,0.13203033,0,0,0,0,0
136,28125,0.79571108,-0.92573603,0.12688950,0.08642963,-0.19473402,0.11544046,0,0,0,0,0
137,28333,0.82519899,-0.89497746,0.07827462,0.10299539,-0.20891681,0.10376233,0,0,0,0,0
138,28541,0.86546507,-0.86129590,0.00524194,0.08758545,-0.20418792,0.10277269,0,0,0,0,0
139,28750,0.90259074,-0.83329452,-0.05903782,0.11368214,-0.20279866,0.08986733,0,0,0,0,0
140,28958,0.93139859,-0.78364400,-0.13021417,0.12210301,-0.21320278,0.05501652,0,0,0,0,0
141,29166,0.95390234,-0.75269061,-0.18888129,0.12842112,-0.20261078,0.07540341,0,0,0,0,0
142,29375,0.96626710,-0.71195749,-0.25395755,0.13515460,-0.21142949,0.05381185,0,0,0,0,0
143,29583,0.98693920,-0.65540206,-0.33156774,0.15984325,-0.20370494,0.04418104,0,0,0,0,0
144,29791,0.98642131,-0.60575897,-0.38544765,0.15816810,-0.19069743,0.02907045,0,0,0,0,0
145,30000,1.00472152,-0.55600254,-0.44283898,0.15404409,-0.17033310,0.02681598,0,0,0,0,0
146,30208,0.99434766,-0.49551025,-0.49801932,0.17869120,-0.18329543,-0.00838274,0,0,0,0,0
147,30416,0.99774016,-0.44043955,-0.55723803,0.17566348,-0.15832752,0.00507547,0,0,0,0,0
148,30625,0.99423074,-0.38703313,-0.60637274,0.20280191,-0.16077217,-0.01182862,0,0,0,0,0
149,30833,0.98012310,-0.31707470,-0.67164389,0.18947692,-0.15803436,-0.02697274,0,0,0,0,0
150,31041,0.96720700,-0.25943919,-0.71206824,0.17183320,-0.13779153,-0.03692807,0,0,0,0,0
151,31250,0.95013634,-0.18591120,-0.75774936,0.19167312,-0.13063616,-0.04183115,0,0,0,0,0
152,31458,0.92703436,-0.12254175,-0.79049047,0.18953583,-0.11761700,-0.07565584,0,0,0,0,0
153,31666,0.88459699,-0.06125995,-0.82236329,0.19730301,-0.10426335,-0.06822306,0,0,0,0,0
154,31875,0.86744100,-0.00462196,-0.86636848,0.19391410,-0.09288371,-0.10261928,0,0,0,0,0
155,32083,0.82948529,0.05666798,-0.90469870,0.20563845,-0.06625811,-0.10901827,0,0,0,0,0
156,32291,0.80012524,0.12640314,-0.92248148,0.20939171,-0.05207123,-0.12653277,0,0,0,0,0
157,32500,0.75025161,0.18888083,-0.94859591,0.18990559,-0.06119003,-0.14844739,0,0,0,0,0
158,32708,0.70194005,0.25773445,-0.96907233,0.20035165,-0.04960297,-0.14708100,0,0,0,0,0
159,32916,0.66021564,0.31898008,-0.98608489,0.18277206,-0.03083349,-0.14973691,0,0,0,0,0
160,33125,0.60959881,0.37419070,-0.98913441,0.19275211,-0.04250213,-0.18220558,0,0,0,0,0
161,33333,0.55442474,0.44539654,-0.99254180,0.17025937,0.00056013,-0.18547057,0,0,0,0,0
162,33541,0.49696590,0.50526576,-0.99432933,0.16837824,-0.01944667,-0.18533192,0,0,0,0,0
163,33750,0.43530431,0.55519336,-0.99921155,0.16381033,0.01541525,-0.16754991,0,0,0,0,0
164,33958,0.38109652,0.60619945,-0.98530713,0.17319656,0.01809407,-0.18603097,0,0,0,0,0
165,34166,0.32251157,0.66896520,-0.97616639,0.15106271,0.02541389,-0.19275327,0,0,0,0,0
166,34375,0.26689982,0.70383589,-0.97219871,0.15192262,0.05326336,-0.19680979,0,0,0,0,0
167,34583,0.19326303,0.75722605,-0.94497735,0.12093054,0.06931752,-0.21435824,0,0,0,0,0
168,34791,0.13134079,0.79823733,-0.93681262,0.12273928,0.06565615,-0.19893179,0,0,0,0,0
169,35000,0.06157452,0.82871924,-0.88702903,0.11622672,0.08035762,-0.20563446,0,0,0,0,0
170,35208,0.00121304,0.87083892,-0.85776067,0.11979149,0.10928666,-0.22130133,0,0,0,0,0
171,35416,-0.07118202,0.90038169,-0.83594506,0.10483933,0.10793776,-0.20596444,0,0,0,0,0
172,35625,-0.13252001,0.92233587,-0.79641698,0.06637336,0.12245790,-0.21188913,0,0,0,0,0
173,35833,-0.19591026,0.95143774,-0.75585754,0.07491857,0.11280415,-0.19932724,0,0,0,0,0
174,36041,-0.26153365,0.95945862,-0.70813424,0.06139342,0.13317353,-0.19555739,0,0,0,0,0
175,36250,-0.32100753,0.98566161,-0.65883411,0.03101675,0.15023104,-0.18301030,0,0,0,0,0
176,36458,-0.37645606,0.98838140,-0.60645472,0.01377556,0.15652815,-0.18689865,0,0,0,0,0
177,36666,-0.44555527,1.00015759,-0.55178387,0.00631639,0.16869301,-0.18942656,0,0,0,0,0
178,36875,-0.49703804,1.00477404,-0.49703152,-0.00541997,0.17553349,-0.16403619,0,0,0,0,0
179,37083,-0.56093176,1.00173744,-0.42805944,-0.02646409,0.18159088,-0.13913706,0,0,0,0,0
180,37291,-0.61380978,0.99616563,-0.38124314,-0.05529143,0.19678536,-0.14526062,0,0,0,0,0
181,37500,-0.65722874,0.97660877,-0.32963762,-0.03296855,0.19329667,-0.13900359,0,0,0,0,0
182,37708,-0.70654486,0.95687809,-0.26296764,-0.04502384,0.19027392,-0.15702170,0,0,0,0,0
183,37916,-0.73850361,0.94235243,-0.20174264,-0.08660568,0.20459678,-0.12816349,0,0,0,0,0
184,38125,-0.79530284,0.91264329,-0.13186472,-0.08062778,0.20402087,-0.10993872,0,0,0,0,0
185,38333,-0.82701169,0.89629856,-0.06763838,-0.07730119,0.21076198,-0.09186441,0,0,0,0,0
186,38541,-0.86002786,0.86954385,-0.00049984,-0.10544892,0.19493836,-0.09373293,0,0,0,0,0
187,38750,-0.89929239,0.82416069,0.05521340,-0.12105103,0.21853444,-0.07567717,0,0,0,0,0
188,38958,-0.93241623,0.79003566,0.12406216,-0.12000414,0.19648848,-0.08104256,0,0,0,0,0
189,39166,-0.94771868,0.75956904,0.18691349,-0.14077476,0.21918228,-0.07648560,0,0,0,0,0
190,39375,-0.96726803,0.70902647,0.25531629,-0.13854929,0.21086559,-0.05026160,0,0,0,0,0
191,39583,-0.98432967,0.65574772,0.32504964,-0.13333092,0.18812801,-0.05635345,0,0,0,0,0
192,39791,-0.99618331,0.60275852,0.38487361,-0.15840000,0.19239385,-0.03324297,0,0,0,0,0
193,40000,-0.99783597,0.55141037,0.44480751,-0.15785785,0.18148764,-0.02934301,0,0,0,0,0
194,40208,-1.00618759,0.50142812,0.49352148,-0.16815481,0.16988053,-0.00920236,0,0,0,0,0
195,40416,-0.99899255,0.44395295,0.55918656,-0.18228997,0.17427563,-0.00803744,0,0,0,0,0
196,40625,-0.99474827,0.38256880,0.60752871,-0.20000931,0.15885601,0.02061864,0,0,0,0,0
197,40833,-0.97892950,0.32060400,0.66220259,-0.18174332,0.13132604,0.02183583,0,0,0,0,0
198,41041,-0.96818317,0.24965122,0.71860358,-0.18471685,0.13169380,0.03131328,0,0,0,0,0
199,41250,-0.94278482,0.19187015,0.75525706,-0.19449329,0.11903098,0.05158890,0,0,0,0,0
200,41458,-0.92226068,0.13925947,0.78434887,-0.18907410,0.09365525,0.05481733,0,0,0,0,0
201,41666,-0.89908342,0.06649738,0.83075404,-0.19386118,0.09572675,0.08305319,0,0,0,0,0
202,41875,-0.86017690,0.00022347,0.87230154,-0.18927949,0.09540501,0.10117255,0,0,0,0,0
203,42083,-0.83425421,-0.06088985,0.89540539,-0.18529200,0.08471151,0.10669179,0,0,0,0,0
204,42291,-0.79023993,-0.12869649,0.91952614,-0.18529502,0.05691097,0.12672198,0,0,0,0,0
205,42500,-0.74769266,-0.19533375,0.95150027,-0.18872402,0.07611086,0.12449798,0,0,0,0,0
206,42708,-0.70820475,-0.24427203,0.97180788,-0.19889632,0.04269289,0.12759915,0,0,0,0,0
207,42916,-0.65822596,-0.32298580,0.98073614,-0.18220199,0.04047048,0.16231002,0,0,0,0,0
208,43125,-0.61589191,-0.38259308,0.99182648,-0.19964163,0.01979535,0.14915029,0,0,0,0,0
209,43333,-0.56730429,-0.43752720,1.00225732,-0.16582211,-0.00768787,0.14997927,0,0,0,0,0
210,43541,-0.50753458,-0.50328137,0.99847573,-0.19216851,0.01261290,0.18467214,0,0,0,0,0
211,43750,-0.43345370,-0.55347116,1.00547330,-0.19122999,-0.01002583,0.19441194,0,0,0,0,0
212,43958,-0.37858592,-0.60847520,0.98954743,-0.17174474,-0.02205395,0.17657269,0,0,0,0,0
213,44166,-0.32817139,-0.66555019,0.98446011,-0.14536648,-0.03731182,0.19764254,0,0,0,0,0
214,44375,-0.26697933,-0.70493082,0.96931067,-0.13889571,-0.05598178,0.18733558,0,0,0,0,0
215,44583,-0.20535979,-0.75428527,0.95500636,-0.12505451,-0.03876218,0.19284210,0,0,0,0,0
216,44791,-0.13600435,-0.79944542,0.93245753,-0.11785292,-0.07340913,0.21275312,0,0,0,0,0
217,45000,-0.06647536,-0.83977523,0.89438823,-0.12192570,-0.08851544,0.21036790,0,0,0,0,0
218,45208,-0.00710972,-0.87147980,0.86746998,-0.12707925,-0.09834420,0.22010278,0,0,0,0,0
219,45416,0.06420245,-0.90597334,0.83365846,-0.09263828,-0.11283137,0.19581815,0,0,0,0,0
220,45625,0.12629874,-0.92323304,0.78625014,-0.09140262,-0.12071468,0.18763683,0,0,0,0,0
221,45833,0.19795335,-0.94660039,0.74546187,-0.06907172,-0.13597768,0.20272248,0,0,0,0,0
222,46041,0.25942807,-0.96569891,0.70566789,-0.04637236,-0.13269204,0.20056429,0,0,0,0,0
223,46250,0.32748266,-0.98331309,0.65550077,-0.04229089,-0.15803398,0.19519436,0,0,0,0,0
224,46458,0.37407079,-0.99200458,0.60706703,-0.02864523,-0.16507160,0.16252393,0,0,0,0,0
225,46666,0.44203649,-1.00574424,0.55185900,0.00630022,-0.17019234,0.16865651,0,0,0,0,0
226,46875,0.49953853,-0.99629657,0.51068124,-0.00184585,-0.17193370,0.15273387,0,0,0,0,0
227,47083,0.55221349,-0.99543364,0.43422994,0.00649357,-0.15938769,0.16234075,0,0,0,0,0
228,47291,0.60394369,-0.99689891,0.38210342,0.03762595,-0.18687913,0.14176064,0,0,0,0,0
229,47500,0.65550086,-0.98520908,0.32849534,0.05255163,-0.18515549,0.12486821,0,0,0,0,0
230,47708,0.70782776,-0.96987888,0.26833819,0.07125725,-0.20072732,0.13418896,0,0,0,0,0
231,47916,0.74606896,-0.94598529,0.20518094,0.07463811,-0.18388347,0.11629815,0,0,0,0,0
232,48125,0.79669725,-0.92901517,0.13409281,0.07795532,-0.20380578,0.12346333,0,0,0,0,0
233,48333,0.83954197,-0.89433969,0.06370965,0.08192917,-0.21421567,0.10666279,0,0,0,0,0
234,48541,0.87012087,-0.86278009,0.00156672,0.11426096,-0.21909888,0.09230115,0,0,0,0,0
235,48750,0.89682851,-0.82876223,-0.07326154,0.11014501,-0.20486949,0.07709188,0,0,0,0,0
236,48958,0.93432887,-0.79063103,-0.13367763,0.12667938,-0.22641484,0.07290911,0,0,0,0,0
237,49166,0.94782108,-0.75416011,-0.19721188,0.12829593,-0.20106936,0.04431166,0,0,0,0,0
238,49375,0.97620274,-0.70670814,-0.25575128,0.13406056,-0.20943818,0.04661356,0,0,0,0,0
239,49583,0.98595173,-0.65425636,-0.32128917,0.14341086,-0.19702315,0.04404436,0,0,0,0,0
240,49791,1.00013080,-0.61491330,-0.37379747,0.15606993,-0.19350671,0.02642089,0,0,0,0,0
241,50000,1.00186249,-0.55022791,-0.44679247,0.15980374,-0.18381920,0.01314960,0,0,0,0,0
242,50208,1.00493406,-0.49165642,-0.49659469,0.17198165,-0.19119969,0.00294985,0,0,0,0,0
243,50416,1.00117604,-0.43377670,-0.55417493,0.17026813,-0.17762338,-0.02507014,0,0,0,0,0
244,50625,0.99873141,-0.38412571,-0.60943969,0.16933458,-0.14748156,-0.02782694,0,0,0,0,0
245,50833,0.98339863,-0.31589561,-0.64749244,0.17993202,-0.15505514,-0.03251617,0,0,0,0,0
246,51041,0.96112940,-0.25327073,-0.69811868,0.18260775,-0.12798533,-0.04417399,0,0,0,0,0
247,51250,0.94761988,-0.19626203,-0.74954138,0.19706081,-0.12500291,-0.05327210,0,0,0,0,0
248,51458,0.92210990,-0.13034755,-0.80188982,0.19341043,-0.10347974,-0.07731339,0,0,0,0,0
249,51666,0.89943900,-0.06939918,-0.83055845,0.19311419,-0.09350815,-0.07798468,0,0,0,0,0
250,51875,0.86441543,-0.00703461,-0.86826737,0.20323913,-0.08971316,-0.09462570,0,0,0,0,0
251,52083,0.82533382,0.06084529,-0.89560953,0.20952583,-0.09766040,-0.11317901,0,0,0,0,0
252,52291,0.79701753,0.12287966,-0.91367925,0.18992789,-0.07372506,-0.11366752,0,0,0,0,0
253,52500,0.74818360,0.19078600,-0.94258401,0.17439403,-0.03272623,-0.13051077,0,0,0,0,0
254,52708,0.69969693,0.25264642,-0.96578534,0.19416197,-0.05089277,-0.14075907,0,0,0,0,0
255,52916,0.64956304,0.31897044,-0.98430610,0.16492060,-0.03337247,-0.14600940,0,0,0,0,0
256,53125,0.60843700,0.38214211,-0.99979824,0.20109287,-0.01659749,-0.16728927,0,0,0,0,0
257,53333,0.55138828,0.44092690,-1.00053651,0.17417683,-0.01657186,-0.17662117,0,0,0,0,0
258,53541,0.50622424,0.49408656,-1.00500686,0.17840931,-0.01919991,-0.17019648,0,0,0,0,0
259,53750,0.44554200,0.55547405,-1.00083145,0.17899649,0.00199033,-0.18295546,0,0,0,0,0
260,53958,0.38723692,0.60101227,-0.98875945,0.16940506,0.03656651,-0.18435928,0,0,0,0,0
261,54166,0.32462170,0.66717288,-0.98744093,0.15806387,0.02699966,-0.18452902,0,0,0,0,0
262,54375,0.25459763,0.71036498,-0.96912685,0.15547258,0.05272114,-0.18350519,0,0,0,0,0
263,54583,0.19768952,0.74961416,-0.94841599,0.14630008,0.04723872,-0.19840461,0,0,0,0,0
264,54791,0.12973230,0.79666723,-0.92963093,0.12510998,0.06131297,-0.19728737,0,0,0,0,0
265,55000,0.06799055,0.83437095,-0.90258056,0.09860355,0.08680863,-0.20813279,0,0,0,0,0
266,55208,-0.00847317,0.86804899,-0.86466776,0.12307233,0.10089794,-0.20394141,0,0,0,0,0
267,55416,-0.05273048,0.89925955,-0.82903417,0.09657317,0.11453216,-0.21346865,0,0,0,0,0
268,55625,-0.13232241,0.92114961,-0.78124792,0.07949477,0.12838475,-0.19490878,0,0,0,0,0
269,55833,-0.19346812,0.95601618,-0.75351953,0.06396098,0.12653529,-0.19516471,0,0,0,0,0
270,56041,-0.24183145,0.97052775,-0.70530199,0.03826152,0.13895674,-0.19788721,0,0,0,0,0
271,56250,-0.31678072,0.97425297,-0.65398290,0.03418513,0.14751735,-0.17161390,0,0,0,0,0
272,56458,-0.37997641,0.99249382,-0.60834568,0.01910731,0.15802822,-0.18234342,0,0,0,0,0
273,56666,-0.43479928,1.00024694,-0.55996691,0.00752931,0.18200662,-0.17544888,0,0,0,0,0
274,56875,-0.49408571,1.00020448,-0.49368400,-0.00608665,0.16874250,-0.17973708,0,0,0,0,0
275,57083,-0.55142193,0.99160984,-0.44896729,-0.02420951,0.18440473,-0.16139357,0,0,0,0,0
276,57291,-0.60905267,0.99259387,-0.38048505,-0.03806499,0.18821596,-0.16039496,0,0,0,0,0
277,57500,-0.66167892,0.98008841,-0.32182445,-0.05467028,0.18602080,-0.13403584,0,0,0,0,0
278,57708,-0.70824344,0.95656382,-0.25708001,-0.06476002,0.19377753,-0.12176329,0,0,0,0,0
279,57916,-0.74798459,0.94657127,-0.20013841,-0.06316815,0.17389423,-0.12917937,0,0,0,0,0
280,58125,-0.78494637,0.91209158,-0.12595545,-0.07036252,0.19223103,-0.11608902,0,0,0,0,0
281,58333,-0.82967861,0.90843333,-0.06465715,-0.08227234,0.20410756,-0.10258997,0,0,0,0,0
282,58541,-0.86209449,0.86606533,0.00425677,-0.10464985,0.18740436,-0.10038558,0,0,0,0,0
283,58750,-0.90368753,0.81950684,0.06641678,-0.11562594,0.20661098,-0.06665770,0,0,0,0,0
284,58958,-0.93182781,0.79227234,0.13037484,-0.11555276,0.20399008,-0.06468272,0,0,0,0,0
285,59166,-0.95391566,0.75302715,0.20364154,-0.13297474,0.21621374,-0.06414882,0,0,0,0,0
286,59375,-0.97188949,0.70708639,0.26165296,-0.14798891,0.19035275,-0.04574461,0,0,0,0,0
287,59583,-0.98439196,0.65649047,0.30836360,-0.16139768,0.19874797,-0.03973860,0,0,0,0,0
288,59791,-0.99169039,0.60406416,0.38598459,-0.16832330,0.19863045,-0.02949470,0,0,0,0,0
289,60000,-1.00019110,0.55217445,0.43070150,-0.14964705,0.18004288,-0.02137513,0,0,0,0,0
290,60208,-1.00230463,0.49324612,0.49201313,-0.17160989,0.15898819,-0.01840530,0,0,0,0,0
291,60416,-0.99598575,0.43639723,0.55763927,-0.17063360,0.16193135,-0.00119888,0,0,0,0,0
292,60625,-0.99473233,0.37881953,0.60662691,-0.18386337,0.14951222,0.03184609,0,0,0,0,0
293,60833,-0.98336625,0.32830201,0.66159666,-0.16880181,0.14866950,0.01848276,0,0,0,0,0
294,61041,-0.96994681,0.26292463,0.71431239,-0.19627409,0.13427436,0.03377989,0,0,0,0,0
295,61250,-0.94628461,0.19055237,0.75520015,-0.18653989,0.13112299,0.05491148,0,0,0,0,0
296,61458,-0.92403344,0.12728402,0.79497928,-0.21861507,0.11569871,0.06461067,0,0,0,0,0
297,61666,-0.89146399,0.06766986,0.83365845,-0.21709208,0.10963611,0.08155102,0,0,0,0,0
298,61875,-0.87039601,0.00361197,0.87283819,-0.20987861,0.08100967,0.09380093,0,0,0,0,0
299,62083,-0.82685392,-0.06006608,0.89502498,-0.20349218,0.07045649,0.10754736,0,0,0,0,0
300,62291,-0.78868097,-0.13494916,0.92097963,-0.18264113,0.07473843,0.10976931,0,0,0,0,0
301,62500,-0.75895312,-0.19011076,0.94346558,-0.19155725,0.05640210,0.14696087,0,0,0,0,0
302,62708,-0.70486041,-0.24885456,0.96961195,-0.19345728,0.06838352,0.14937756,0,0,0,0,0
303,62916,-0.65059215,-0.31995202,0.97919054,-0.18917009,0.03634706,0.16021100,0,0,0,0,0
304,63125,-0.60121096,-0.37706507,0.99079242,-0.18499302,0.02706316,0.16495397,0,0,0,0,0
305,63333,-0.56311203,-0.43638349,0.99715820,-0.18560044,0.00465812,0.17745533,0,0,0,0,0
306,63541,-0.49505311,-0.49368106,1.00277284,-0.18618004,-0.00718804,0.14856852,0,0,0,0,0
307,63750,-0.45102481,-0.56157069,0.99387236,-0.16361225,-0.01239319,0.17815964,0,0,0,0,0
308,63958,-0.37652095,-0.60801054,0.99558713,-0.16393681,-0.03763177,0.18375777,0,0,0,0,0
309,64166,-0.33024071,-0.65620349,0.98697906,-0.15593073,-0.03446040,0.18966133,0,0,0,0,0
310,64375,-0.26758936,-0.70228425,0.96510452,-0.14522846,-0.06682557,0.19610121,0,0,0,0,0
311,64583,-0.19473782,-0.74810776,0.93862678,-0.12524763,-0.05757253,0.20106631,0,0,0,0,0
312,64791,-0.13762748,-0.79994209,0.92418409,-0.12329936,-0.08320771,0.21308251,0,0,0,0,0
313,65000,-0.06070518,-0.82875821,0.89996960,-0.12408626,-0.08275381,0.20742539,0,0,0,0,0
314,65208,-0.01511517,-0.86174438,0.85065786,-0.10525084,-0.09152845,0.19440229,0,0,0,0,0
315,65416,0.06747100,-0.89676733,0.83194928,-0.09065699,-0.11179969,0.22170759,0,0,0,0,0
316,65625,0.13175079,-0.93131221,0.79644288,-0.08727217,-0.11842450,0.20578032,0,0,0,0,0
317,65833,0.20034999,-0.95197516,0.74518772,-0.07033245,-0.12621648,0.18447800,0,0,0,0,0
318,66041,0.25667098,-0.96406684,0.69189267,-0.06123186,-0.11913428,0.20112893,0,0,0,0,0
319,66250,0.32956636,-0.97795626,0.65507652,-0.03863594,-0.15566917,0.17585172,0,0,0,0,0
320,66458,0.37851395,-0.98562230,0.60878662,-0.03193506,-0.17347501,0.17528369,0,0,0,0,0
321,66666,0.44700958,-0.99490247,0.55717155,-0.00723417,-0.17345316,0.16903806,0,0,0,0,0
322,66875,0.49334077,-1.00038023,0.49935415,0.02458656,-0.17570886,0.17278952,0,0,0,0,0
323,67083,0.55094335,-0.99703451,0.44009622,0.04049214,-0.18080303,0.15564789,0,0,0,0,0
324,67291,0.59888569,-0.98636592,0.38976001,0.02111136,-0.17624125,0.15348909,0,0,0,0,0
325,67500,0.65885542,-0.98697640,0.32659294,0.02621283,-0.19904169,0.15233321,0,0,0,0,0
326,67708,0.70192580,-0.96136161,0.25400307,0.06700010,-0.19495977,0.12185260,0,0,0,0,0
327,67916,0.75586697,-0.93764130,0.19600579,0.06175599,-0.19721053,0.14934219,0,0,0,0,0
328,68125,0.79204534,-0.92374191,0.14362951,0.08938772,-0.18336911,0.12204506,0,0,0,0,0
329,68333,0.82732513,-0.89575068,0.06739489,0.09321288,-0.21875700,0.10332938,0,0,0,0,0
330,68541,0.86532008,-0.85788244,0.00659689,0.09141261,-0.21134053,0.10301628,0,0,0,0,0
331,68750,0.90444471,-0.83204577,-0.06597091,0.10202076,-0.20088326,0.08127844,0,0,0,0,0
332,68958,0.93694592,-0.79220842,-0.12842879,0.14347324,-0.20992843,0.06778719,0,0,0,0,0
333,69166,0.94066284,-0.74839751,-0.19414272,0.12482003,-0.22630966,0.06167268,0,0,0,0,0
334,69375,0.96451183,-0.71125406,-0.25315653,0.13964820,-0.21812986,0.05142098,0,0,0,0,0
335,69583,0.98671779,-0.65627963,-0.31631547,0.14732718,-0.18080154,0.03611809,0,0,0,0,0
336,69791,0.99455709,-0.61020867,-0.37931619,0.15774561,-0.19987181,0.02785927,0,0,0,0,0
337,70000,0.99970444,-0.55063111,-0.42654729,0.18196575,-0.17714527,0.02071447,0,0,0,0,0
338,70208,1.01250459,-0.50414116,-0.49790920,0.16453543,-0.17498372,-0.00245224,0,0,0,0,0
339,70416,0.99104133,-0.44094370,-0.55808759,0.18931880,-0.17339887,-0.00101861,0,0,0,0,0
340,70625,0.98792753,-0.37704293,-0.60106780,0.19682640,-0.13816151,-0.01835514,0,0,0,0,0
341,70833,0.98197397,-0.31538273,-0.66148099,0.18739199,-0.15048000,-0.05280274,0,0,0,0,0
342,71041,0.96530439,-0.26504555,-0.71311366,0.18634715,-0.14068521,-0.04370427,0,0,0,0,0
343,71250,0.94699637,-0.19480828,-0.75980963,0.18128980,-0.13434878,-0.05265270,0,0,0,0,0
344,71458,0.91972936,-0.13644903,-0.80486397,0.23035173,-0.12452705,-0.08993897,0,0,0,0,0
345,71666,0.89720608,-0.06896536,-0.83515932,0.19989432,-0.10867416,-0.09582349,0,0,0,0,0
346,71875,0.86694745,-0.00111791,-0.87796690,0.20110870,-0.08500132,-0.08406453,0,0,0,0,0
347,72083,0.83031269,0.05707931,-0.90078188,0.19548124,-0.07566373,-0.09858865,0,0,0,0,0
348,72291,0.79221627,0.12949830,-0.92913385,0.19619410,-0.06700479,-0.12883678,0,0,0,0,0
349,72500,0.74516324,0.19553899,-0.95171465,0.18039813,-0.06651340,-0.12472341,0,0,0,0,0
350,72708,0.70109523,0.25351967,-0.96615596,0.18528020,-0.05255353,-0.14951264,0,0,0,0,0
351,72916,0.65127124,0.31916334,-0.97098168,0.18223929,-0.03898511,-0.15437604,0,0,0,0,0
352,73125,0.60790577,0.38349665,-0.99069950,0.17892881,-0.01451656,-0.16933181,0,0,0,0,0
353,73333,0.55276053,0.44444698,-0.99635838,0.18466607,-0.01528719,-0.16597402,0,0,0,0,0
354,73541,0.50099109,0.49986023,-1.00880648,0.17110277,-0.00642439,-0.16928430,0,0,0,0,0
355,73750,0.44135646,0.55839314,-1.00496820,0.17511420,0.01594133,-0.17934750,0,0,0,0,0
356,73958,0.37464977,0.61028429,-0.98878816,0.17209435,-0.00185529,-0.17663785,0,0,0,0,0
357,74166,0.31816859,0.65882059,-0.98816387,0.15089598,0.01980617,-0.20157179,0,0,0,0,0
358,74375,0.25997179,0.70983326,-0.96234576,0.13970463,0.04251857,-0.20428838,0,0,0,0,0
359,74583,0.18426097,0.75161243,-0.94020654,0.14915807,0.05758175,-0.18454075,0,0,0,0,0
360,74791,0.13685840,0.78903903,-0.92964792,0.13654363,0.07844678,-0.20463618,0,0,0,0,0
361,75000,0.06814176,0.83252813,-0.90427968,0.11197405,0.07273249,-0.20895207,0,0,0,0,0
362,75208,0.00451672,0.86388962,-0.86965588,0.10137047,0.09027122,-0.21080168,0,0,0,0,0
363,75416,-0.06275936,0.90319026,-0.82826073,0.10342981,0.11359025,-0.20924131,0,0,0,0,0
364,75625,-0.12510586,0.93199742,-0.78971781,0.08593445,0.13093057,-0.22190452,0,0,0,0,0
365,75833,-0.18922627,0.94734565,-0.74945152,0.07426754,0.11900991,-0.19612556,0,0,0,0,0
366,76041,-0.25110016,0.97222284,-0.70209312,0.06727606,0.13093408,-0.18204346,0,0,0,0,0
367,76250,-0.32615086,0.98665399,-0.65660960,0.03594721,0.15769206,-0.19042581,0,0,0,0,0
368,76458,-0.37675787,0.99529600,-0.61070175,0.02517874,0.16311570,-0.19517617,0,0,0,0,0
369,76666,-0.44775161,0.99937571,-0.54386064,0.02220081,0.17371667,-0.16799562,0,0,0,0,0
370,76875,-0.50092946,1.00569477,-0.49503149,-0.00205601,0.19419646,-0.15631183,0,0,0,0,0
371,77083,-0.54661364,0.99792281,-0.43414694,-0.02590514,0.18211201,-0.16033895,0,0,0,0,0
372,77291,-0.59867842,0.99805627,-0.37516154,-0.03976279,0.18836054,-0.16720348,0,0,0,0,0
373,77500,-0.67010234,0.97863325,-0.32269512,-0.05397910,0.20031554,-0.14334952,0,0,0,0,0
374,77708,-0.69977705,0.95861667,-0.26243845,-0.07843084,0.21459694,-0.12765777,0,0,0,0,0
375,77916,-0.74859863,0.93900003,-0.21044295,-0.06786374,0.20070900,-0.10857474,0,0,0,0,0
376,78125,-0.79020679,0.92484510,-0.12949951,-0.08826135,0.19556344,-0.11665779,0,0,0,0,0
377,78333,-0.83954859,0.89848617,-0.06862885,-0.08845071,0.20939014,-0.11642853,0,0,0,0,0
378,78541,-0.87440644,0.87062350,-0.00137339,-0.10160520,0.21072794,-0.08847881,0,0,0,0,0
379,78750,-0.90321133,0.82613173,0.06210740,-0.12002194,0.19401763,-0.08438673,0,0,0,0,0
380,78958,-0.92567854,0.79441522,0.12726915,-0.11138365,0.20510633,-0.07626976,0,0,0,0,0
381,79166,-0.95037815,0.74972865,0.19969241,-0.11410280,0.21209442,-0.06321860,0,0,0,0,0
382,79375,-0.96100498,0.70888162,0.25810830,-0.14934667,0.21563471,-0.05131550,0,0,0,0,0
383,79583,-0.98228047,0.64952783,0.32200948,-0.15473058,0.19378977,-0.03105779,0,0,0,0,0
384,79791,-0.99772559,0.60484937,0.37445973,-0.15066880,0.18744434,-0.03468255,0,0,0,0,0
385,80000,-1.00390723,0.55793997,0.43816547,-0.16635231,0.18293727,-0.05105089,0,0,0,0,0
386,80208,-1.00424028,0.49487792,0.50590499,-0.17069657,0.19021194,-0.00706802,0,0,0,0,0
387,80416,-0.99810482,0.44034143,0.56263615,-0.17339377,0.15203632,0.01011658,0,0,0,0,0
388,80625,-0.98748732,0.39140647,0.60716170,-0.17972061,0.14420859,0.02181584,0,0,0,0,0
389,80833,-0.97731276,0.31998779,0.65706558,-0.18006563,0.14839204,0.04156151,0,0,0,0,0
390,81041,-0.96154372,0.26382614,0.70033585,-0.17535850,0.13963057,0.04731467,0,0,0,0,0
391,81250,-0.94953559,0.19319946,0.74924908,-0.18499552,0.12483641,0.06708719,0,0,0,0,0
392,81458,-0.92239190,0.13385973,0.79859965,-0.19563144,0.08419012,0.07623221,0,0,0,0,0
393,81666,-0.89005831,0.06851620,0.81715300,-0.18792120,0.11478173,0.08229512,0,0,0,0,0
394,81875,-0.85993628,0.00512183,0.86297454,-0.17720288,0.10926004,0.09977365,0,0,0,0,0
395,82083,-0.82341684,-0.06205672,0.89957219,-0.20258386,0.08764946,0.11112435,0,0,0,0,0
396,82291,-0.79442177,-0.12677962,0.91813812,-0.19407187,0.06581579,0.11194691,0,0,0,0,0
397,82500,-0.75806711,-0.19190229,0.94353371,-0.17677268,0.05257719,0.13492834,0,0,0,0,0
398,82708,-0.69682540,-0.25630110,0.96006117,-0.17515653,0.04764198,0.15599531,0,0,0,0,0
399,82916,-0.65431532,-0.31288461,0.98563491,-0.19523801,0.04037452,0.14764792,0,0,0,0,0
400,83125,-0.61402872,-0.38992794,0.99952869,-0.20362311,0.02290836,0.15994796,0,0,0,0,0
401,83333,-0.55164549,-0.44239000,0.99968912,-0.17363733,0.01748600,0.17301296,0,0,0,0,0
402,83541,-0.50712666,-0.50057702,0.99660584,-0.16789595,-0.01355889,0.16697550,0,0,0,0,0
403,83750,-0.44039085,-0.55234828,0.98667198,-0.17223136,0.00059799,0.19140205,0,0,0,0,0
404,83958,-0.38202788,-0.60928296,0.99129307,-0.16651143,-0.03028017,0.19684062,0,0,0,0,0
405,84166,-0.32628961,-0.65561740,0.98159729,-0.16849018,-0.01971520,0.21140452,0,0,0,0,0
406,84375,-0.26495507,-0.70890595,0.96924299,-0.15605461,-0.02951333,0.19552903,0,0,0,0,0
407,84583,-0.20499191,-0.75436267,0.94923800,-0.12837472,-0.06396449,0.20087796,0,0,0,0,0
408,84791,-0.13470582,-0.80170756,0.93215424,-0.14132919,-0.07249096,0.22070032,0,0,0,0,0
409,85000,-0.06806286,-0.83190919,0.88578943,-0.12916471,-0.07106343,0.19148135,0,0,0,0,0
410,85208,0.00491365,-0.86740527,0.86976211,-0.11280885,-0.09378363,0.20336345,0,0,0,0,0
411,85416,0.06755382,-0.89985679,0.83189918,-0.08974338,-0.10722490,0.21437708,0,0,0,0,0
412,85625,0.13205785,-0.92509331,0.79388850,-0.08388741,-0.12115059,0.20121001,0,0,0,0,0
413,85833,0.19703274,-0.95193180,0.74572865,-0.06385811,-0.11043662,0.21380554,0,0,0,0,0
414,86041,0.25491249,-0.96863912,0.69557401,-0.04564034,-0.15837940,0.20904933,0,0,0,0,0
415,86250,0.32034748,-0.97989674,0.64972253,-0.02957112,-0.14512188,0.18352677,0,0,0,0,0
416,86458,0.39191636,-0.98771599,0.61213278,-0.02880279,-0.17127530,0.17227769,0,0,0,0,0
417,86666,0.44168599,-1.00055062,0.55088297,-0.00312398,-0.18144849,0.16074764,0,0,0,0,0
418,86875,0.49896322,-1.00039140,0.49573529,0.00582679,-0.17649496,0.14538033,0,0,0,0,0
419,87083,0.55006106,-0.98893724,0.43589152,0.01445320,-0.17549055,0.15230302,0,0,0,0,0
420,87291,0.60272766,-0.99114526,0.38994145,0.01683511,-0.19030455,0.12877936,0,0,0,0,0
421,87500,0.65424017,-0.97648155,0.32035358,0.05934049,-0.19863301,0.13894456,0,0,0,0,0
422,87708,0.70698899,-0.96687614,0.25961359,0.04469437,-0.19833950,0.12674900,0,0,0,0,0
423,87916,0.75996206,-0.95047885,0.19992896,0.08127105,-0.20167178,0.14420674,0,0,0,0,0
424,88125,0.79764110,-0.92385322,0.12918823,0.08672126,-0.20533534,0.10452561,0,0,0,0,0
425,88333,0.83014205,-0.89281256,0.07029524,0.08134715,-0.18501061,0.09310708,0,0,0,0,0
426,88541,0.87519409,-0.85746508,0.00804240,0.10948152,-0.19019972,0.08388547,0,0,0,0,0
427,88750,0.90037312,-0.83109488,-0.06113485,0.09469212,-0.21897544,0.07284554,0,0,0,0,0
428,88958,0.92167102,-0.79029787,-0.13357863,0.11602338,-0.18018327,0.08439627,0,0,0,0,0
429,89166,0.95298209,-0.74764426,-0.19624552,0.11353119,-0.20716313,0.06669878,0,0,0,0,0
430,89375,0.96506283,-0.71012815,-0.24996116,0.11205534,-0.19602382,0.05005297,0,0,0,0,0
431,89583,0.98184907,-0.66368343,-0.32588135,0.14755497,-0.20710633,0.05406583,0,0,0,0,0
432,89791,0.99402878,-0.60396710,-0.38028406,0.16546479,-0.20564921,0.02264482,0,0,0,0,0
433,90000,1.00015973,-0.55058218,-0.43939132,0.17758712,-0.17738245,0.01797837,0,0,0,0,0
434,90208,1.00363275,-0.50509310,-0.51052185,0.16620967,-0.18709616,0.01035054,0,0,0,0,0
435,90416,1.00298847,-0.43344493,-0.54688417,0.16790677,-0.15901575,-0.01557671,0,0,0,0,0
436,90625,0.98919825,-0.39142144,-0.61225625,0.18483735,-0.15561807,-0.00627341,0,0,0,0,0
437,90833,0.99455229,-0.31629211,-0.66085081,0.18369252,-0.13110191,-0.03209096,0,0,0,0,0
438,91041,0.96596763,-0.25747944,-0.69953318,0.20273031,-0.12641477,-0.04396504,0,0,0,0,0
439,91250,0.95348527,-0.20290034,-0.75868908,0.19437906,-0.13575013,-0.04682337,0,0,0,0,0
440,91458,0.92327278,-0.12111715,-0.78629656,0.17471837,-0.09600464,-0.08442043,0,0,0,0,0
441,91666,0.88999931,-0.07129826,-0.82572646,0.19823555,-0.10678578,-0.08577986,0,0,0,0,0
442,91875,0.86147474,-0.00781275,-0.87102602,0.21938321,-0.09826417,-0.09572693,0,0,0,0,0
443,92083,0.82829358,0.06494330,-0.90738474,0.20643644,-0.09770768,-0.13203333,0,0,0,0,0
444,92291,0.79031607,0.13209706,-0.91739857,0.18780946,-0.07082586,-0.12343090,0,0,0,0,0
445,92500,0.73982830,0.18755604,-0.95295402,0.20735642,-0.04883431,-0.13867854,0,0,0,0,0
446,92708,0.70107134,0.25460707,-0.96804911,0.18505459,-0.03733569,-0.12147725,0,0,0,0,0
447,92916,0.65087768,0.31562645,-0.97876756,0.18342488,-0.03490840,-0.15587301,0,0,0,0,0
448,93125,0.60510631,0.38172125,-0.99139260,0.18164111,-0.01205746,-0.14587070,0,0,0,0,0
449,93333,0.54965315,0.43743831,-0.99716810,0.19257734,-0.01585919,-0.17866725,0,0,0,0,0
450,93541,0.50957971,0.49141898,-0.99899015,0.19185165,-0.00473085,-0.16585588,0,0,0,0,0
451,93750,0.44816921,0.55312420,-0.99885950,0.17746312,-0.00089730,-0.18396485,0,0,0,0,0
452,93958,0.39107711,0.60994690,-0.98720977,0.15371249,0.01367475,-0.18114855,0,0,0,0,0
453,94166,0.31636259,0.66586230,-0.98787726,0.14063806,0.02618275,-0.20590045,0,0,0,0,0
454,94375,0.25842859,0.71554611,-0.96506820,0.15506307,0.04258610,-0.20642188,0,0,0,0,0
455,94583,0.20354010,0.74674714,-0.95756021,0.15098213,0.07245616,-0.20874463,0,0,0,0,0
456,94791,0.13218448,0.79590234,-0.91817384,0.13294709,0.07252793,-0.18489749,0,0,0,0,0
457,95000,0.05343326,0.83358658,-0.88984073,0.13001333,0.09155599,-0.18271275,0,0,0,0,0
458,95208,0.00088132,0.86918919,-0.86467236,0.10494296,0.11475746,-0.21472429,0,0,0,0,0
459,95416,-0.06327230,0.89097486,-0.82803679,0.09937620,0.10523723,-0.20141429,0,0,0,0,0
460,95625,-0.13718550,0.92874150,-0.80222867,0.07938936,0.13256093,-0.20867082,0,0,0,0,0
461,95833,-0.19660585,0.94805477,-0.75212090,0.06447238,0.13285150,-0.20419186,0,0,0,0,0
462,96041,-0.25383587,0.97900388,-0.71169987,0.06152145,0.15138267,-0.20378261,0,0,0,0,0
463,96250,-0.32813669,0.99019458,-0.64772926,0.02979470,0.13405106,-0.19180207,0,0,0,0,0
464,96458,-0.37662110,0.99550338,-0.61005151,0.02157767,0.18072148,-0.20717512,0,0,0,0,0
465,96666,-0.44428841,1.00052897,-0.55826013,0.00111226,0.17035151,-0.15645489,0,0,0,0,0
466,96875,-0.50753349,1.00466279,-0.49780380,-0.00230467,0.17066754,-0.15264985,0,0,0,0,0
467,97083,-0.55315986,0.99163156,-0.44229519,-0.02688585,0.16669693,-0.17036934,0,0,0,0,0
468,97291,-0.61321960,0.99460271,-0.37812354,-0.04061467,0.19296166,-0.14290219,0,0,0,0,0
469,97500,-0.65480966,0.97231800,-0.32750099,-0.04725753,0.19197007,-0.13049042,0,0,0,0,0
470,97708,-0.70750576,0.96497062,-0.26249574,-0.08743264,0.19060583,-0.13674925,0,0,0,0,0
471,97916,-0.75191068,0.94233894,-0.19498786,-0.05690767,0.19822895,-0.11907321,0,0,0,0,0
472,98125,-0.79477310,0.92647931,-0.13913657,-0.06994769,0.18862214,-0.09536600,0,0,0,0,0
473,98333,-0.83020387,0.89551953,-0.07103156,-0.10391087,0.19278027,-0.10010880,0,0,0,0,0
474,98541,-0.86506121,0.86529325,-0.00798173,-0.09284858,0.20857531,-0.09358817,0,0,0,0,0
475,98750,-0.89896905,0.84202488,0.06748260,-0.09860261,0.21616176,-0.08332745,0,0,0,0,0
476,98958,-0.92086403,0.78713837,0.13117770,-0.11764826,0.21112401,-0.07581440,0,0,0,0,0
477,99166,-0.93967642,0.75174304,0.18942257,-0.11940566,0.20716724,-0.06674190,0,0,0,0,0
478,99375,-0.96900935,0.69978570,0.26036545,-0.10958473,0.19449133,-0.05453643,0,0,0,0,0
479,99583,-0.98195348,0.66254034,0.32091509,-0.14386510,0.21753836,-0.03195630,0,0,0,0,0
480,99791,-0.99309085,0.61228958,0.39048042,-0.14827994,0.19702517,-0.03463575,0,0,0,0,0
481,100000,-1.01035405,0.55767119,0.43865595,-0.16278812,0.16532011,-0.01654060,0,0,0,0,0
482,100208,-0.99280708,0.49806604,0.50235504,-0.18492683,0.17197333,-0.01895142,0,0,0,0,0
483,100416,-0.97980917,0.44250214,0.53987355,-0.18500798,0.16333480,0.01233556,0,0,0,0,0
484,100625,-0.95980677,0.37321198,0.58171635,-0.19250485,0.14907505,0.01787398,0,0,0,0,0
485,100833,-0.92668549,0.29804419,0.61872497,-0.20867072,0.15364518,0.05443298,0,0,0,0,0
486,101041,-0.88551311,0.22959923,0.64232475,-0.22853948,0.17201888,0.05560778,0,0,0,0,0
487,101250,-0.82543109,0.17097609,0.66011531,-0.27118347,0.18047106,0.08952643,0,0,0,0,0
488,101458,-0.75861198,0.10493381,0.66019105,-0.34032145,0.20371487,0.13584347,0,0,0,0,0
489,101666,-0.69198493,0.05365335,0.64991441,-0.45096441,0.24529059,0.18145646,0,0,0,0,0
490,101875,-0.62540366,-0.00179167,0.63006370,-0.57509256,0.28525401,0.31767436,0,0,0,0,0
491,102083,-0.55413156,-0.03536426,0.59992961,-0.75909322,0.33140620,0.41525373,0,0,0,0,0
492,102291,-0.47433721,-0.07688013,0.56433088,-0.97075510,0.36816174,0.58376001,0,0,0,0,0
493,102500,-0.40509837,-0.10574626,0.52356543,-1.19724958,0.38906550,0.81014891,0,0,0,0,0
494,102708,-0.35182320,-0.12622561,0.47817028,-1.43968491,0.39370592,1.06682658,0,0,0,0,0
495,102916,-0.27770682,-0.13369041,0.42798136,-1.72432314,0.34463006,1.37034433,0,0,0,0,0
496,103125,-0.22642860,-0.14542495,0.37786093,-1.97688529,0.30638822,1.70385644,0,0,0,0,1
497,103333,-0.17667956,-0.13719255,0.31760532,-2.24065751,0.17349229,2.08467289,0,0,0,0,1
498,103541,-0.14213925,-0.14005369,0.28775898,-2.47688339,0.00113258,2.44693005,0,0,0,0,1
499,103750,-0.10149855,-0.13336847,0.24061925,-2.65585032,-0.21478774,2.86619843,0,0,0,0,1
500,103958,-0.07410834,-0.11123549,0.20095430,-2.77365780,-0.46133556,3.21287712,0,0,0,0,1
501,104166,-0.04818349,-0.09990245,0.15433332,-2.84047637,-0.73761848,3.55560824,0,0,0,0,1
502,104375,-0.04243502,-0.09428733,0.12858121,-2.82787863,-1.03210876,3.86312490,0,0,0,0,1
503,104583,-0.01547761,-0.08652539,0.11192762,-2.75402701,-1.32220092,4.10181234,0,0,0,0,1
504,104791,-0.01700107,-0.07159302,0.09429242,-2.58623008,-1.61252440,4.24690288,0,0,0,0,1
505,105000,-0.00938682,-0.08368532,0.08857981,-2.38925481,-1.90046618,4.28607291,0,0,0,0,1
506,105208,-0.00775792,-0.08178180,0.08885016,-2.14968435,-2.14643675,4.30493856,0,0,0,0,1
507,105416,0.00848995,-0.09134378,0.07446195,-1.92432936,-2.37648387,4.28374834,0,0,0,0,1
508,105625,0.01559990,-0.09781400,0.07583223,-1.63974157,-2.61212717,4.26671445,0,0,0,0,1
509,105833,0.02002722,-0.09225731,0.08669745,-1.38583318,-2.81322552,4.20720199,0,0,0,0,1
510,106041,0.02910650,-0.09924841,0.07897837,-1.10409112,-3.03799685,4.15533357,0,0,0,0,1
511,106250,0.03864654,-0.09675609,0.07026597,-0.83164671,-3.22228502,4.08135684,0,0,0,0,1
512,106458,0.03737677,-0.09160337,0.06540399,-0.56992894,-3.40031609,3.97553415,0,0,0,0,1
513,106666,0.04851279,-0.10165578,0.04997684,-0.29231375,-3.56921066,3.87612282,0,0,0,0,1
514,106875,0.05376488,-0.09845083,0.04413292,0.00655412,-3.71775673,3.71017607,0,0,0,0,1
515,107083,0.05330973,-0.10736169,0.03634039,0.27174241,-3.83542087,3.58480690,0,0,0,0,1
516,107291,0.06568666,-0.09529682,0.03297726,0.55315861,-3.97858543,3.41455738,0,0,0,0,1
517,107500,0.06717896,-0.10443141,0.03233915,0.81897035,-4.07214743,3.25216286,0,0,0,0,1
518,107708,0.06474832,-0.08989436,0.03137001,1.10916969,-4.16247987,3.04281551,0,0,0,0,1
519,107916,0.07643790,-0.08749416,0.02520366,1.39116603,-4.20479115,2.83102992,0,0,0,0,1
520,108125,0.07614061,-0.09651327,0.00935248,1.62037868,-4.26458267,2.60775694,0,0,0,0,1
521,108333,0.08138188,-0.09106544,0.00301771,1.90281489,-4.29240434,2.38554304,0,0,0,0,1
522,108541,0.08539979,-0.08823702,-0.00550100,2.14508036,-4.29736419,2.15197035,0,0,0,0,1
523,108750,0.08856467,-0.08792154,-0.00681352,2.39785104,-4.27584263,1.90262622,0,0,0,0,1
524,108958,0.08872153,-0.08346176,-0.01308421,2.60667691,-4.25187783,1.64583497,0,0,0,0,1
525,109166,0.10039905,-0.07745496,-0.01979402,2.82090701,-4.20282077,1.38586415,0,0,0,0,1
526,109375,0.09522743,-0.05946258,-0.02219045,3.04889055,-4.15304440,1.12359748,0,0,0,0,1
527,109583,0.09846780,-0.06189521,-0.03178818,3.23856345,-4.07118113,0.85160543,0,0,0,0,1
528,109791,0.10562075,-0.05931535,-0.03836282,3.40632553,-3.98355343,0.56936295,0,0,0,0,1
529,110000,0.10934778,-0.05916982,-0.03839798,3.57427199,-3.85010962,0.29314943,0,0,0,0,1
530,110208,0.10164397,-0.05211428,-0.05484033,3.72574838,-3.71918696,-0.00799031,0,0,0,0,1
531,110416,0.09587051,-0.04888924,-0.06295327,3.85486969,-3.55924990,-0.28804127,0,0,0,0,1
532,110625,0.10276727,-0.03375918,-0.05707798,3.98408600,-3.39728503,-0.57597003,0,0,0,0,1
533,110833,0.09612649,-0.03108363,-0.06602502,4.07225834,-3.23751879,-0.84865111,0,0,0,0,1
534,111041,0.10132180,-0.02492904,-0.07791228,4.12142201,-3.05567757,-1.10652618,0,0,0,0,1
535,111250,0.10031581,-0.01839264,-0.07780350,4.21473871,-2.82229768,-1.37140974,0,0,0,0,1
536,111458,0.09239013,-0.01265784,-0.08027847,4.26349035,-2.60849029,-1.66137267,0,0,0,0,1
537,111666,0.08805604,-0.00668650,-0.07832667,4.30187797,-2.39554016,-1.90872674,0,0,0,0,1
538,111875,0.08573463,-0.00182439,-0.08789465,4.31374521,-2.15676531,-2.13255306,0,0,0,0,1
539,112083,0.08525733,0.00760695,-0.08511012,4.29505087,-1.89842523,-2.40436604,0,0,0,0,1
540,112291,0.07350908,0.01071213,-0.09092383,4.25933514,-1.67046571,-2.61680873,0,0,0,0,1
541,112500,0.07565999,0.01709334,-0.09684623,4.20854786,-1.38045879,-2.83209642,0,0,0,0,1
542,112708,0.07331018,0.03233453,-0.09850324,4.15336968,-1.11234527,-3.02210597,0,0,0,0,1
543,112916,0.06575121,0.02883901,-0.09967925,4.06850471,-0.83326112,-3.23066787,0,0,0,0,1
544,113125,0.06822307,0.03663665,-0.10090366,3.98204439,-0.57039671,-3.41852212,0,0,0,0,1
545,113333,0.06233838,0.03871037,-0.10639949,3.85599102,-0.29872311,-3.55930352,0,0,0,0,1
546,113541,0.05043739,0.05531122,-0.10367404,3.73202361,-0.01151475,-3.72625629,0,0,0,0,1
547,113750,0.03542997,0.05628855,-0.09867752,3.56753087,0.27570605,-3.86461032,0,0,0,0,1
548,113958,0.04135638,0.04867738,-0.09359658,3.40299874,0.55614764,-3.98767181,0,0,0,0,1
549,114166,0.02476792,0.06426499,-0.10239963,3.23567851,0.83802275,-4.06121599,0,0,0,0,1
550,114375,0.01891661,0.07559924,-0.08314579,3.03688899,1.10807734,-4.14926961,0,0,0,0,1
551,114583,0.02189582,0.06550649,-0.09589799,2.85063414,1.37521855,-4.22261968,0,0,0,0,1
552,114791,0.01509846,0.06846371,-0.08654971,2.61873622,1.63518557,-4.26552930,0,0,0,0,1
553,115000,0.01467038,0.08088326,-0.08892920,2.37605186,1.89198194,-4.29332270,0,0,0,0,1
554,115208,-0.00960751,0.07699934,-0.08845416,2.17085091,2.14022388,-4.31849419,0,0,0,0,1
555,115416,-0.00525567,0.08994866,-0.08773659,1.89957286,2.37700062,-4.27776469,0,0,0,0,1
556,115625,-0.00986437,0.08340819,-0.08448173,1.65761525,2.60198717,-4.26332796,0,0,0,0,1
557,115833,-0.01921324,0.09081203,-0.08552681,1.38769650,2.83297288,-4.20175939,0,0,0,0,1
558,116041,-0.01374940,0.09198046,-0.07550452,1.12629023,3.04163909,-4.14521197,0,0,0,0,1
559,116250,-0.03152089,0.09545841,-0.06994410,0.85261350,3.21542789,-4.06394412,0,0,0,0,1
560,116458,-0.04019543,0.10827452,-0.06147701,0.56655156,3.41944585,-3.97304560,0,0,0,0,1
561,116666,-0.04779761,0.09731472,-0.06272983,0.26639348,3.56740484,-3.86202218,0,0,0,0,1
562,116875,-0.05678349,0.09348251,-0.04755520,-0.00487387,3.72435661,-3.73422813,0,0,0,0,1
563,117083,-0.05205971,0.10088419,-0.04794756,-0.27848986,3.85005306,-3.58134492,0,0,0,0,1
564,117291,-0.05679509,0.09818196,-0.03515099,-0.55967139,3.97506065,-3.40413474,0,0,0,0,1
565,117500,-0.06688526,0.09347010,-0.02688671,-0.85440688,4.07237154,-3.24150438,0,0,0,0,1
566,117708,-0.06739829,0.09962261,-0.02830513,-1.11000487,4.16043070,-3.03269971,0,0,0,0,1
567,117916,-0.07000213,0.09949276,-0.02037016,-1.37360051,4.22539746,-2.84181241,0,0,0,0,1
568,118125,-0.07526952,0.08418153,-0.01993984,-1.64496365,4.26381959,-2.60238763,0,0,0,0,1
569,118333,-0.07837800,0.09488570,-0.00877961,-1.88857045,4.29479682,-2.37899259,0,0,0,0,1
570,118541,-0.08408051,0.08899837,-0.00287446,-2.14154941,4.31122334,-2.12742292,0,0,0,0,1
571,118750,-0.09054414,0.08253711,0.00165303,-2.37015911,4.29965934,-1.91410892,0,0,0,0,1
572,118958,-0.09353242,0.07940408,0.01738635,-2.60707888,4.26389096,-1.64266804,0,0,0,0,1
573,119166,-0.10374365,0.07511533,0.02358388,-2.83545384,4.20611725,-1.36612738,0,0,0,0,1
574,119375,-0.09430926,0.07591598,0.03060415,-3.03744026,4.14858830,-1.12546970,0,0,0,0,1
575,119583,-0.10365442,0.06121013,0.03731492,-3.23195291,4.07050294,-0.82767474,0,0,0,0,1
576,119791,-0.10585366,0.06017326,0.02812319,-3.40654025,3.97330292,-0.55357688,0,0,0,0,1
577,120000,-0.10335010,0.06148438,0.04315821,-3.58304541,3.84984895,-0.29800602,0,0,0,0,1
578,120208,-0.09577890,0.04632544,0.04520927,-3.72653235,3.71985674,-0.00054877,0,0,0,0,1
579,120416,-0.09802996,0.04357896,0.05323135,-3.85022712,3.59259046,0.28279658,0,0,0,0,1
580,120625,-0.09844362,0.04223503,0.05512801,-3.98220720,3.40986733,0.56047734,0,0,0,0,1
581,120833,-0.09836839,0.02732064,0.06209977,-4.06504874,3.24345763,0.83038383,0,0,0,0,1
582,121041,-0.09637511,0.02909838,0.07584939,-4.17113080,3.05656351,1.11168086,0,0,0,0,1
583,121250,-0.09621492,0.01768207,0.07898218,-4.22020509,2.83326994,1.38552731,0,0,0,0,1
584,121458,-0.08837874,0.01339789,0.08539262,-4.26110492,2.61057334,1.64855456,0,0,0,0,1
585,121666,-0.09030070,0.00299320,0.08673465,-4.27018869,2.39852590,1.89116303,0,0,0,0,1
586,121875,-0.08667175,0.00728790,0.09084708,-4.32355651,2.16054227,2.15788839,0,0,0,0,1
587,122083,-0.08179532,-0.00866753,0.09466784,-4.29552849,1.91957567,2.38712558,0,0,0,0,1
588,122291,-0.07727019,-0.01848078,0.08789489,-4.26021513,1.64451755,2.61619173,0,0,0,0,1
589,122500,-0.07204930,-0.01846918,0.09368830,-4.21580735,1.39637018,2.81866139,0,0,0,0,1
590,122708,-0.07174807,-0.03426336,0.09637769,-4.14010687,1.11479631,3.04330604,0,0,0,0,1
591,122916,-0.07234305,-0.02253940,0.09679096,-4.08738760,0.84557496,3.22714381,0,0,0,0,1
592,123125,-0.05633867,-0.02687465,0.10955447,-3.97561611,0.55716225,3.41679460,0,0,0,0,1
593,123333,-0.04839430,-0.04507660,0.09341401,-3.83817455,0.27361791,3.55959012,0,0,0,0,1
594,123541,-0.05725319,-0.05793742,0.09935800,-3.72284748,0.00275451,3.72918941,0,0,0,0,1
595,123750,-0.04752308,-0.05316296,0.10049961,-3.57594592,-0.28247462,3.86984730,0,0,0,0,1
596,123958,-0.03312182,-0.05818792,0.09533816,-3.42899494,-0.56611749,3.97569922,0,0,0,0,1
597,124166,-0.03339199,-0.07247971,0.09166864,-3.22787279,-0.82120962,4.06807407,0,0,0,0,1
598,124375,-0.03258620,-0.06414377,0.09320377,-3.05062394,-1.10487745,4.16089851,0,0,0,0,1
599,124583,-0.02128153,-0.06853483,0.10722594,-2.81983479,-1.38403468,4.21895474,0,0,0,0,1
600,124791,-0.01772137,-0.08143662,0.08629698,-2.61312719,-1.63709863,4.27742859,0,0,0,0,1
601,125000,-0.01024947,-0.08013005,0.08514112,-2.38435358,-1.87523022,4.28956625,0,0,0,0,1
602,125208,-0.00381970,-0.08505566,0.08254262,-2.15562953,-2.14804309,4.27964945,0,0,0,0,1
603,125416,0.00881238,-0.09305715,0.08095445,-1.92614385,-2.38998427,4.30683530,0,0,0,0,1
604,125624,0.01541545,-0.08658920,0.07253588,-1.65590127,-2.62982847,4.26036452,0,0,0,0,1
605,125833,0.02643080,-0.09501114,0.07164716,-1.38238436,-2.81989255,4.22639067,0,0,0,0,1
606,126041,0.02338075,-0.09339241,0.06991568,-1.11342169,-3.03658067,4.15987966,0,0,0,0,1
607,126250,0.03139927,-0.08575764,0.06358470,-0.83935975,-3.23686529,4.06731263,0,0,0,0,1
608,126458,0.03095823,-0.09653084,0.06304663,-0.55329118,-3.41467409,3.96590322,0,0,0,0,1
609,126666,0.03041109,-0.10616034,0.06177375,-0.27945380,-3.58107450,3.86041816,0,0,0,0,1
610,126874,0.04414695,-0.09564969,0.04220427,0.00220128,-3.69732548,3.72166872,0,0,0,0,1
611,127083,0.05617457,-0.10211543,0.03841972,0.28487793,-3.83657144,3.57250411,0,0,0,0,1
612,127291,0.05879488,-0.10100558,0.03504614,0.56067823,-3.96064443,3.41454580,0,0,0,0,1
613,127500,0.06872972,-0.10513470,0.03151721,0.85022029,-4.06764430,3.24403077,0,0,0,0,1
614,127708,0.08223940,-0.10177033,0.02806317,1.11945270,-4.14440496,3.04604106,0,0,0,0,1
615,127916,0.09021740,-0.08539587,0.01083432,1.37350901,-4.22363186,2.83143051,0,0,0,0,1
616,128124,0.07426475,-0.08373628,0.01099881,1.65456706,-4.25925281,2.62290313,0,0,0,0,1
617,128333,0.07512036,-0.08603370,0.01086900,1.90817684,-4.29495075,2.40638739,0,0,0,0,1
618,128541,0.08338368,-0.09413757,-0.00147038,2.16223036,-4.30323035,2.14771854,0,0,0,0,1
619,128750,0.08677603,-0.07966109,0.00262923,2.38417920,-4.27854539,1.88162528,0,0,0,0,1
620,128958,0.09034002,-0.08555451,-0.01461951,2.62512574,-4.26441742,1.66015989,0,0,0,0,1
621,129166,0.09724090,-0.07017379,-0.01848893,2.84646815,-4.21338248,1.37866505,0,0,0,0,1
622,129374,0.10646364,-0.06120722,-0.03288856,3.05270411,-4.15311567,1.12061595,0,0,0,0,1
623,129583,0.09873974,-0.06931733,-0.02726519,3.23545600,-4.07601889,0.82108755,0,0,0,0,1
624,129791,0.09959504,-0.06519998,-0.02995691,3.40708746,-3.98161351,0.56744356,0,0,0,0,1
625,130000,0.10312289,-0.05321062,-0.04725940,3.57795033,-3.85367013,0.30522392,1,0,1,0,1
626,130208,0.09951767,-0.04264126,-0.04629348,3.72102713,-3.71549087,0.00057397,1,0,1,0,1
627,130416,0.11282379,-0.06531521,-0.04762180,3.85007708,-3.58161637,-0.27631525,1,0,1,0,1
628,130624,0.09693639,-0.03557843,-0.06000827,3.97259374,-3.42109395,-0.54820375,1,0,1,0,1
629,130833,0.09126733,-0.02286016,-0.06375362,4.06902893,-3.22900798,-0.84027893,1,0,1,0,1
630,131041,0.09621977,-0.02566670,-0.06392053,4.17579755,-3.05820469,-1.11646647,1,0,1,0,1
631,131250,0.09254666,-0.01664288,-0.08051017,4.21608279,-2.83419620,-1.37245944,1,0,1,0,1
632,131458,0.09835043,-0.01164444,-0.08493058,4.25861664,-2.59977250,-1.65920371,1,0,1,0,1
633,131666,0.09074580,-0.00060083,-0.07905082,4.29385644,-2.41346926,-1.90632815,1,0,1,0,1
634,131875,0.09389589,0.00276261,-0.08655028,4.30980623,-2.16317548,-2.16420197,1,0,1,0,1
635,132083,0.08118321,0.01474747,-0.09241393,4.29180758,-1.90566870,-2.38984009,1,0,1,0,1
636,132291,0.07485246,0.01276068,-0.09536991,4.26419653,-1.64167512,-2.63143007,1,0,1,0,1
637,132500,0.08209012,0.01797180,-0.09927283,4.21985061,-1.37959763,-2.82664050,1,0,1,0,1
638,132708,0.06907204,0.02906151,-0.10463315,4.15321350,-1.12466948,-3.03041070,1,0,1,0,1
639,132916,0.06195246,0.03623586,-0.09991821,4.07434128,-0.83295042,-3.22836269,1,0,1,0,1
640,133125,0.07227833,0.04514698,-0.09167163,3.97226852,-0.57295807,-3.40597198,1,0,1,0,1
641,133333,0.06202116,0.04080294,-0.10068153,3.85362899,-0.28375845,-3.56311266,1,0,1,0,1
642,133541,0.05283879,0.04878519,-0.10240256,3.71842268,-0.00752319,-3.71227938,1,0,1,0,1
643,133750,0.04395021,0.05592841,-0.10085501,3.57634379,0.27523715,-3.85799864,1,0,1,0,1
644,133958,0.03104275,0.05781772,-0.09417622,3.41670612,0.56400463,-3.95386583,1,0,1,0,1
645,134166,0.03215007,0.06408511,-0.09342377,3.23628366,0.83010059,-4.06659008,1,0,1,0,1
646,134375,0.02751575,0.06998221,-0.10188886,3.05619342,1.11730194,-4.15337074,1,0,1,0,1
647,134583,0.01158184,0.07713448,-0.09462925,2.84084652,1.38429220,-4.23271385,1,0,1,0,1
648,134791,0.01778994,0.08460875,-0.09218878,2.63103226,1.64317655,-4.27125978,1,0,1,0,1
649,135000,0.00223482,0.08101490,-0.08576744,2.39129083,1.89229767,-4.29787125,1,0,1,0,1
650,135208,-0.00291215,0.07586538,-0.08549604,2.15398243,2.15823712,-4.28303960,1,0,1,0,1
651,135416,-0.00587398,0.08091685,-0.07472065,1.91416979,2.39327201,-4.28784509,1,0,1,0,1
652,135625,-0.01091367,0.09660255,-0.08950947,1.63084833,2.62352492,-4.27329112,1,0,1,0,1
653,135833,-0.02984788,0.08887264,-0.07665684,1.39030955,2.81754920,-4.22551619,1,0,1,0,1
654,136041,-0.02041673,0.09807925,-0.07142208,1.12218600,3.04475467,-4.16444376,1,0,1,0,1
655,136250,-0.03538646,0.09924686,-0.06505174,0.82327022,3.24709013,-4.07519090,1,0,1,0,1
656,136458,-0.03847234,0.10349829,-0.06312934,0.56950242,3.41153768,-3.97723131,1,0,1,0,1
657,136666,-0.05124629,0.09809215,-0.05340303,0.28026041,3.59234500,-3.85347392,1,0,1,0,1
658,136875,-0.04622678,0.10347428,-0.05534942,0.01791438,3.71514659,-3.75483298,1,0,1,0,1
659,137083,-0.05433402,0.08931900,-0.04141086,-0.29445555,3.84704721,-3.57625929,1,0,1,0,1
660,137291,-0.05876766,0.10666839,-0.03905292,-0.55693191,3.96783070,-3.42634443,1,0,1,0,1
661,137500,-0.06772525,0.10459537,-0.03484018,-0.83862774,4.06488211,-3.23864052,1,0,1,0,1
662,137708,-0.07481550,0.08812628,-0.02190653,-1.09307075,4.15187875,-3.03293753,1,0,1,0,1
663,137916,-0.07737548,0.09772441,-0.02903813,-1.38568205,4.21124714,-2.83368022,1,0,1,0,1
664,138125,-0.07552277,0.08978759,-0.01254593,-1.63686993,4.28065180,-2.62845249,1,0,1,0,1
665,138333,-0.07804134,0.09324956,-0.01429605,-1.88768080,4.28669286,-2.38837626,1,0,1,0,1
666,138541,-0.08556222,0.08495920,0.00032282,-2.15798050,4.29233730,-2.15798726,1,0,1,0,1
667,138750,-0.08625053,0.07882651,0.00702100,-2.38535623,4.28965554,-1.89447688,1,0,1,0,1
668,138958,-0.09553192,0.08490920,0.00804263,-2.61312715,4.24683976,-1.64159763,1,0,1,0,1
669,139166,-0.09427944,0.07753837,0.01060805,-2.84644381,4.20955282,-1.38086060,1,0,1,0,1
670,139375,-0.09854032,0.07918353,0.01711966,-3.04354374,4.14565331,-1.11920089,1,0,1,0,1
671,139583,-0.10557405,0.06208449,0.03226155,-3.23656338,4.08511072,-0.84148491,1,0,1,0,1
672,139791,-0.10347031,0.06178236,0.02903986,-3.41350826,3.97067227,-0.55515300,1,0,1,0,1
673,140000,-0.09866380,0.05841631,0.03938900,-3.56130079,3.86636420,-0.28514948,1,0,1,1,1
674,140208,-0.09711066,0.05278044,0.04521682,-3.71179465,3.72809740,0.00212035,1,0,1,1,1
675,140416,-0.09962658,0.03834984,0.05315232,-3.85844492,3.58684636,0.29287793,1,0,1,1,1
676,140625,-0.09967144,0.03331675,0.06163409,-3.96122142,3.40398765,0.55759440,1,0,1,1,1
677,140833,-0.09432978,0.03814136,0.07313442,-4.07462893,3.24372098,0.82463896,1,0,1,1,1
678,141041,-0.09304199,0.02474026,0.06347716,-4.14770353,3.05028019,1.10931962,1,0,1,1,1
679,141250,-0.08969782,0.02713256,0.07554279,-4.20858902,2.84199870,1.38115662,1,0,1,1,1
680,141458,-0.09323413,0.01470684,0.09042596,-4.24219754,2.62784960,1.62536878,1,0,1,1,1
681,141666,-0.09081117,0.01321948,0.08022310,-4.28204731,2.39602276,1.90832213,1,0,1,1,1
682,141875,-0.08411037,0.00129255,0.08905364,-4.30918834,2.16335490,2.14174183,1,0,1,1,1
683,142083,-0.07015431,-0.00520754,0.08846039,-4.29044403,1.90669569,2.38150649,1,0,1,1,1
684,142291,-0.08491263,-0.01608773,0.09845504,-4.25432873,1.66770778,2.61298227,1,0,1,1,1
685,142500,-0.06957216,-0.02523119,0.09234728,-4.21179693,1.38685925,2.83162781,1,0,1,1,1
686,142708,-0.06820536,-0.02755497,0.10158887,-4.14753236,1.11451037,3.04028868,1,0,1,1,1
687,142916,-0.06701821,-0.03783218,0.09735617,-4.08097515,0.84337609,3.24399609,1,0,1,1,1
688,143125,-0.05627410,-0.03797932,0.09743701,-3.98829671,0.58458924,3.40888735,1,0,1,1,1
689,143333,-0.06097883,-0.04099810,0.09859719,-3.84553186,0.29226374,3.56531445,1,0,1,1,1
690,143541,-0.04738243,-0.05109066,0.10101213,-3.72207993,-0.01362693,3.70956341,1,0,1,1,1
691,143750,-0.04059351,-0.04831758,0.10204574,-3.59140017,-0.27739876,3.84104993,1,0,1,1,1
692,143958,-0.03874279,-0.05666745,0.09690020,-3.40039196,-0.56368473,3.96650620,1,0,1,1,1
693,144166,-0.02889688,-0.07055594,0.09481573,-3.22734412,-0.82724220,4.06786074,1,0,1,1,1
694,144375,-0.02494244,-0.07699502,0.09609022,-3.04955221,-1.11193054,4.14003170,1,0,1,1,1
695,144583,-0.01457031,-0.07711776,0.09443325,-2.83179199,-1.37599529,4.20470389,1,0,1,1,1
696,144791,-0.01863691,-0.08596664,0.10451313,-2.62655266,-1.63694158,4.27378372,1,0,1,1,1
697,145000,-0.01586379,-0.07898060,0.08961664,-2.40902606,-1.89173372,4.28338424,1,0,1,1,1
698,145208,-0.00573248,-0.08781030,0.08628522,-2.16609759,-2.13926318,4.29786359,1,0,1,1,1
699,145416,0.00547265,-0.09688335,0.08983327,-1.89238524,-2.38578261,4.29631299,1,0,1,1,1
700,145625,0.00628706,-0.08742297,0.08265386,-1.66531329,-2.60999846,4.24817812,1,0,1,1,1
701,145833,0.01541150,-0.08322493,0.07640855,-1.40840383,-2.83625085,4.19234696,1,0,1,1,1
702,146041,0.02247763,-0.09800488,0.06927128,-1.13005366,-3.04286659,4.16459427,1,0,1,1,1
703,146250,0.02953471,-0.09243675,0.07028685,-0.83606590,-3.23960141,4.07290347,1,0,1,1,1
704,146458,0.03855588,-0.10168014,0.06136148,-0.56982104,-3.40965312,3.95327304,1,0,1,1,1
705,146666,0.04602864,-0.09946495,0.05599030,-0.28512742,-3.57156271,3.87650077,1,0,1,1,1
706,146875,0.05112469,-0.10352178,0.05467824,0.00628726,-3.71487259,3.71437431,1,0,1,1,1
707,147083,0.05050294,-0.10112107,0.04588552,0.26804514,-3.84273761,3.57092640,1,0,1,1,1
708,147291,0.05741613,-0.09858574,0.03737027,0.55106024,-3.97061644,3.41342138,1,0,1,1,1
709,147500,0.06769478,-0.10200717,0.02660399,0.81923882,-4.07541024,3.23671226,1,0,1,1,1
710,147708,0.07000385,-0.08383421,0.01939007,1.12680739,-4.15074148,3.02776544,1,0,1,1,1
711,147916,0.07970545,-0.09993544,0.01554341,1.36612778,-4.21181204,2.83692392,1,0,1,1,1
712,148125,0.07025190,-0.09653831,0.01076568,1.65008721,-4.26746490,2.62646025,1,0,1,1,1
713,148333,0.08128270,-0.08128034,0.00034795,1.89637961,-4.29595482,2.38700276,1,0,1,1,1
714,148541,0.08717208,-0.08279143,-0.00559612,2.13882054,-4.32706668,2.14413161,1,0,1,1,1
715,148750,0.08865795,-0.07908055,0.00087621,2.39811609,-4.28445147,1.89953243,1,0,1,1,1
716,148958,0.08974936,-0.07763294,-0.01616334,2.61961610,-4.27053009,1.65414240,1,0,1,1,1
717,149166,0.09684638,-0.08125841,-0.01710020,2.82892316,-4.23477697,1.38692353,1,0,1,1,1
718,149375,0.10245407,-0.07130328,-0.02898186,3.04027336,-4.15299486,1.11642274,1,0,1,1,1
719,149583,0.10292570,-0.06400104,-0.03763039,3.23921076,-4.10478964,0.85174610,1,0,1,1,1
720,149791,0.09763113,-0.06760341,-0.03146922,3.41012211,-3.98935294,0.57226545,1,0,1,1,1
721,150000,0.10628344,-0.05800942,-0.04518846,3.58230644,-3.86438286,0.29198004,1,0,1,1,1
722,150208,0.10828047,-0.04863174,-0.05283640,3.70945064,-3.73761213,0.01424641,1,0,1,1,1
723,150416,0.09189841,-0.04578928,-0.05960917,3.84965215,-3.56609235,-0.28434705,1,0,1,1,1
724,150625,0.09596090,-0.04006421,-0.05726699,3.97802665,-3.41376048,-0.56368568,1,0,1,1,1
725,150833,0.09912296,-0.03080628,-0.07390060,4.05971994,-3.22945750,-0.83856378,1,0,1,1,1
726,151041,0.09075599,-0.03198040,-0.06482961,4.15822841,-3.03194000,-1.10434676,1,0,1,1,1
727,151250,0.08140640,-0.02704315,-0.07845161,4.21330239,-2.84100214,-1.37006212,1,0,1,1,1
728,151458,0.09217137,-0.01705810,-0.07956101,4.26314411,-2.64340014,-1.65838814,1,0,1,1,1
729,151666,0.09593579,-0.00903351,-0.08328524,4.28248151,-2.36500391,-1.91109953,1,0,1,1,1
730,151875,0.08439709,0.00059325,-0.07946396,4.29505289,-2.15046110,-2.16082962,1,0,1,1,1
731,152083,0.08470338,0.01153449,-0.08297450,4.28144620,-1.90141843,-2.37259231,1,0,1,1,1
732,152291,0.07151407,0.01422291,-0.10577697,4.27269654,-1.65945045,-2.60237221,1,0,1,1,1
733,152500,0.07823834,0.01375081,-0.09305143,4.21764704,-1.39113237,-2.81335019,1,0,1,1,1
734,152708,0.06915040,0.01854652,-0.09493347,4.14651461,-1.10452775,-3.05205559,1,0,1,1,1
735,152916,0.07070203,0.03698163,-0.09683654,4.07940778,-0.83488185,-3.22881881,1,0,1,1,1
736,153125,0.06250910,0.04365344,-0.10373033,3.97634310,-0.56896423,-3.40848426,1,0,1,1,1
737,153333,0.05443291,0.05823419,-0.09889422,3.85321035,-0.26789421,-3.57816212,1,0,1,1,1
738,153541,0.05619349,0.04495869,-0.10054482,3.71037304,-0.00620257,-3.73398309,1,0,1,1,1
739,153750,0.03933729,0.04844057,-0.09350661,3.55590194,0.29363041,-3.85815161,1,0,1,1,1
740,153958,0.04087900,0.06736550,-0.09949122,3.42730493,0.56218508,-3.97061630,1,0,1,1,1
741,154166,0.03407637,0.06901702,-0.09126141,3.23820996,0.85142937,-4.06906760,1,0,1,1,1
742,154375,0.02829720,0.06362322,-0.09797975,3.04069453,1.11857494,-4.13837111,1,0,1,1,1
743,154583,0.02175124,0.06948734,-0.09598086,2.84030746,1.38873236,-4.21238101,1,0,1,1,1
744,154791,0.01297211,0.09120736,-0.09250516,2.61971424,1.63722666,-4.25924182,1,0,1,1,1
745,155000,0.00938982,0.09044382,-0.08830622,2.39747897,1.90919018,-4.29682655,1,0,1,1,1
746,155208,-0.00178528,0.08540368,-0.08587382,2.14700874,2.14513807,-4.28712043,1,0,1,1,1
747,155416,-0.01337338,0.09552154,-0.08735421,1.91418109,2.37119816,-4.28979228,1,0,1,1,1
748,155625,-0.01764660,0.09942817,-0.08244792,1.66552979,2.59987095,-4.27041389,1,0,1,1,1
749,155833,-0.02733169,0.09585496,-0.06264406,1.39158008,2.84176701,-4.21504329,1,0,1,1,1
750,156041,-0.02647333,0.09747903,-0.07109125,1.11974765,3.02804528,-4.17249795,1,0,1,1,1
751,156250,-0.03640348,0.08997579,-0.07141245,0.84636386,3.23070475,-4.06536212,1,0,1,1,1
752,156458,-0.05167717,0.08990718,-0.06320926,0.56468093,3.42259319,-3.96565661,1,0,1,1,1
753,156666,-0.03955839,0.09293904,-0.06053538,0.29811352,3.58976514,-3.86340540,1,0,1,1,1
754,156875,-0.03919874,0.10393129,-0.05288912,-0.01112554,3.70262574,-3.73107223,1,0,1,1,1
755,157083,-0.04738985,0.09443306,-0.05452504,-0.29387639,3.84520108,-3.57917980,1,0,1,1,1
756,157291,-0.05841400,0.09854712,-0.04454945,-0.54604164,3.98497657,-3.40959911,1,0,1,1,1
757,157500,-0.06702804,0.09650780,-0.02530049,-0.83168306,4.05461141,-3.22430836,1,0,1,1,1
758,157708,-0.06984620,0.08329421,-0.01821102,-1.09336712,4.15606805,-3.04130932,1,0,1,1,1
759,157916,-0.08680434,0.10053575,-0.01570666,-1.37211493,4.21620787,-2.83766025,1,0,1,1,1
760,158125,-0.07522995,0.08784677,-0.01930609,-1.64546403,4.26521066,-2.59280558,1,0,1,1,1
761,158333,-0.07270040,0.08371612,-0.00588094,-1.90393194,4.28398418,-2.38061225,1,0,1,1,1
762,158541,-0.08812730,0.08324242,0.00199992,-2.13841724,4.30828482,-2.13621165,1,0,1,1,1
763,158750,-0.08732388,0.07967448,0.00832965,-2.39151476,4.29957681,-1.90532455,1,0,1,1,1
764,158958,-0.09645945,0.08172893,0.01752560,-2.63406192,4.25997984,-1.63831130,1,0,1,1,1
765,159166,-0.09514094,0.07712406,0.00738588,-2.84572443,4.21331560,-1.38436855,1,0,1,1,1
766,159375,-0.10903652,0.06347213,0.01377395,-3.03586907,4.15750127,-1.11904650,1,0,1,1,1
767,159583,-0.09240863,0.07209407,0.02479983,-3.23051693,4.07577496,-0.84567002,1,0,1,1,1
768,159791,-0.09601079,0.04975860,0.04460653,-3.39889700,3.97805235,-0.56073191,1,0,1,1,1
769,160000,-0.09999180,0.04641168,0.04610784,-3.56488206,3.85087907,-0.28594501,1,0,1,1,1
770,160208,-0.10254392,0.05363436,0.05415513,-3.72050847,3.73774532,-0.00680793,1,0,1,1,1
771,160416,-0.10108104,0.04089228,0.06112828,-3.86543176,3.58001244,0.28948618,1,0,1,1,1
772,160625,-0.10126391,0.03021524,0.06485496,-3.97078495,3.42187366,0.54945872,1,0,1,1,1
773,160833,-0.10392441,0.03034165,0.06676038,-4.06593264,3.21967635,0.84036360,1,0,1,1,1
774,161041,-0.10351136,0.03411729,0.06575787,-4.16126160,3.03651952,1.12404356,1,0,1,1,1
775,161250,-0.09339779,0.01656823,0.07337286,-4.21323898,2.82624518,1.38732499,1,0,1,1,1
776,161458,-0.08106081,0.02221661,0.06840283,-4.27756918,2.62041535,1.62924968,1,0,1,1,1
777,161666,-0.09507059,0.00385115,0.06928732,-4.27959463,2.38691503,1.89222589,1,0,1,1,1
778,161875,-0.09343042,0.00076592,0.07619936,-4.27785193,2.15027943,2.15823656,1,0,1,1,1
779,162083,-0.09212549,0.00222125,0.08506984,-4.28404265,1.88498191,2.38415660,1,0,1,1,1
780,162291,-0.08017578,-0.01716145,0.09112258,-4.27837927,1.65055471,2.62430891,1,0,1,1,1
781,162500,-0.07856198,-0.01837252,0.09608797,-4.22222530,1.37733119,2.83242528,1,0,1,1,1
782,162708,-0.06973260,-0.01519136,0.08949049,-4.15451275,1.11736641,3.06064714,1,0,1,1,1
783,162916,-0.07038629,-0.02502000,0.10136965,-4.08118496,0.82556303,3.25558456,1,0,1,1,1
784,163125,-0.06750227,-0.03179372,0.09899341,-3.97171842,0.55566707,3.41034673,1,0,1,1,1
785,163333,-0.05612504,-0.04831026,0.10356513,-3.83891771,0.28370332,3.57986326,1,0,1,1,1
786,163541,-0.05035392,-0.03784274,0.10840191,-3.70904478,-0.00082365,3.73068749,1,0,1,1,1
787,163750,-0.04142347,-0.05737351,0.10454052,-3.57918349,-0.26647993,3.86044589,1,0,1,1,1
788,163958,-0.04632179,-0.06725957,0.09473447,-3.41258204,-0.54777330,3.98737783,1,0,1,1,1
789,164166,-0.04283943,-0.06208266,0.10438565,-3.24092434,-0.83165635,4.06587719,1,0,1,1,1
790,164375,-0.02522947,-0.06597266,0.09406927,-3.04332880,-1.10352222,4.14531600,1,0,1,1,1
791,164583,-0.02988047,-0.07042165,0.09417647,-2.83542759,-1.37180572,4.21153285,1,0,1,1,1
792,164791,-0.00550793,-0.08360220,0.09010305,-2.62460431,-1.64717130,4.27344219,1,0,1,1,1
793,165000,-0.00195803,-0.08381181,0.08799802,-2.39798507,-1.88034403,4.28632878,1,0,1,1,1
794,165208,0.00277341,-0.09104380,0.09289373,-2.13941116,-2.15315074,4.29261035,1,0,1,1,1
795,165416,0.00540128,-0.09103990,0.07890327,-1.90564494,-2.38775611,4.29170706,1,0,1,1,1
796,165625,0.00767928,-0.09703046,0.07882349,-1.64567041,-2.61159484,4.26450574,1,0,1,1,1
797,165833,0.01906322,-0.09598419,0.07542762,-1.38671937,-2.82474019,4.21178922,1,0,1,1,1
798,166041,0.02871567,-0.09646656,0.07290091,-1.11033938,-3.04084492,4.14827633,1,0,1,1,1
799,166250,0.02886836,-0.09649287,0.06811375,-0.83142099,-3.22857803,4.07175300,1,0,1,1,1
800,166458,0.03721603,-0.10182628,0.05808959,-0.57965203,-3.40278590,3.96007712,1,0,1,1,1
801,166666,0.04303714,-0.09636818,0.05759369,-0.29234348,-3.56790028,3.86239387,1,0,1,1,1
802,166875,0.04704710,-0.10767336,0.05233051,0.00273672,-3.71317168,3.71098311,1,0,1,1,1
803,167083,0.06436940,-0.09506020,0.04579025,0.28650301,-3.86850556,3.57084667,1,0,1,1,1
804,167291,0.06198102,-0.09980963,0.02903902,0.57976233,-3.95668739,3.41417978,1,0,1,1,1
805,167500,0.06669659,-0.09831200,0.02990765,0.84089709,-4.05290643,3.23599264,1,0,1,1,1
806,167708,0.06568273,-0.10033571,0.03071762,1.12286325,-4.14300709,3.03255857,1,0,1,1,1
807,167916,0.07237647,-0.09928627,0.02328518,1.36606611,-4.21082532,2.84551145,1,0,1,1,1
808,168125,0.09536662,-0.08861810,0.01072542,1.61962978,-4.27575243,2.61198240,1,0,1,1,1
809,168333,0.07576885,-0.09018919,0.00393925,1.90182196,-4.29658143,2.39007525,1,0,1,1,1
810,168541,0.08035608,-0.08750159,0.00506771,2.15212445,-4.30823278,2.15469934,1,0,1,1,1
811,168750,0.09122094,-0.08097950,0.00203541,2.37557845,-4.30073873,1.91822742,1,0,1,1,1
812,168958,0.09279630,-0.07510867,-0.01731662,2.60311524,-4.27603656,1.65177068,1,0,1,1,1
813,169166,0.07937579,-0.07328905,-0.01670530,2.82194347,-4.22730463,1.38534817,1,0,1,1,1
814,169375,0.09866056,-0.05765602,-0.02881632,3.02003113,-4.15579894,1.12075327,1,0,1,1,1
815,169583,0.09877431,-0.05927909,-0.03381100,3.22731678,-4.06448075,0.84287561,1,0,1,1,1
816,169791,0.10206417,-0.05914007,-0.04641860,3.41843355,-3.99458579,0.55633216,1,0,1,1,1
817,170000,0.09874632,-0.04933062,-0.04360126,3.56688870,-3.86224864,0.27917015,1,0,1,1,1
818,170208,0.10529392,-0.04612045,-0.04326774,3.72635614,-3.73398669,-0.00040723,1,0,1,1,1
819,170416,0.09958816,-0.03112015,-0.06296212,3.86787824,-3.56888686,-0.26529675,1,0,1,1,1
820,170625,0.10364518,-0.04061526,-0.06319556,3.97549509,-3.40590693,-0.55106451,1,0,1,1,1
821,170833,0.09308996,-0.02953984,-0.06361688,4.06616167,-3.24223908,-0.83813377,1,0,1,1,1
822,171041,0.09145491,-0.02284935,-0.07398468,4.15496637,-3.06472604,-1.12336466,1,0,1,1,1
823,171250,0.10447447,-0.01854721,-0.07812664,4.21351640,-2.83492474,-1.36900942,1,0,1,1,1
824,171458,0.08559673,-0.01447760,-0.08172943,4.28017503,-2.62124246,-1.65221900,1,0,1,1,1
825,171666,0.09045945,-0.00517793,-0.08492041,4.28552495,-2.37539562,-1.90548267,1,0,1,1,1
826,171875,0.07981317,-0.00479019,-0.08358985,4.29131637,-2.15036042,-2.15524890,1,0,1,1,1
827,172083,0.07906572,0.01244334,-0.09255918,4.29678044,-1.88860009,-2.39354244,1,0,1,1,1
828,172291,0.08357242,0.01381458,-0.09524665,4.27402763,-1.65112377,-2.59845276,1,0,1,1,1
829,172500,0.07266446,0.01812519,-0.09325508,4.21275288,-1.39342415,-2.83740917,1,0,1,1,1
830,172708,0.06229934,0.02618568,-0.09378283,4.16081120,-1.10592408,-3.02956184,1,0,1,1,1
831,172916,0.06673222,0.03066833,-0.09709533,4.06409202,-0.85237712,-3.23270207,1,0,1,1,1
832,173125,0.05890030,0.03504896,-0.10338182,3.97227491,-0.56034371,-3.40499110,1,0,1,1,1
833,173333,0.05048669,0.04004583,-0.09762102,3.84159888,-0.28835753,-3.57556259,1,0,1,1,1
834,173541,0.04470049,0.05293125,-0.10905909,3.73285669,0.00356476,-3.70648334,1,0,1,1,1
835,173750,0.03669162,0.05443338,-0.10888875,3.58410653,0.27958391,-3.84867514,1,0,1,1,1
836,173958,0.03653057,0.06242986,-0.10420322,3.41272513,0.56257154,-3.97995191,1,0,1,1,1
837,174166,0.03737900,0.06870227,-0.08788795,3.24150062,0.83610367,-4.06468905,1,0,1,1,1
838,174375,0.02827026,0.08029620,-0.10297521,3.04267601,1.11491453,-4.15250177,1,0,1,1,1
839,174583,0.01799262,0.06950267,-0.09742654,2.84731419,1.37435778,-4.21909362,1,0,1,1,1
840,174791,0.01202844,0.08256168,-0.08667049,2.61145716,1.66151570,-4.25525173,1,0,1,1,1
841,175000,-0.00073593,0.07843138,-0.09210690,2.37930340,1.90412515,-4.28343706,1,0,1,1,1
842,175208,-0.00251392,0.09005945,-0.09303316,2.18236253,2.13678412,-4.28365555,1,0,1,1,1
843,175416,-0.00676884,0.09509559,-0.08678097,1.90068707,2.38436419,-4.28463743,1,0,1,1,1
844,175625,-0.01318176,0.08795441,-0.06674958,1.63331373,2.60423170,-4.27651739,1,0,1,1,1
845,175833,-0.01297784,0.08667035,-0.07806042,1.38644256,2.82764441,-4.22334661,1,0,1,1,1
846,176041,-0.02673239,0.10411064,-0.06390970,1.11475536,3.04791071,-4.16702252,1,0,1,1,1
847,176250,-0.03001444,0.10260501,-0.06556576,0.84464502,3.22633182,-4.06706146,1,0,1,1,1
848,176458,-0.03558628,0.10610719,-0.06297200,0.56104028,3.40625218,-3.97909128,1,0,1,1,1
849,176666,-0.04148153,0.09522519,-0.05532362,0.29568280,3.57445620,-3.85645029,1,0,1,1,1
850,176875,-0.04304530,0.09921069,-0.04147364,-0.00154993,3.72646379,-3.73768417,1,0,1,1,1
851,177083,-0.05132489,0.09673267,-0.04266946,-0.28294179,3.85429770,-3.59153862,1,0,1,1,1
852,177291,-0.05960247,0.10153723,-0.04107351,-0.55058265,3.96722966,-3.39827841,1,0,1,1,1
853,177500,-0.06327566,0.09789821,-0.03012341,-0.84987348,4.09611803,-3.23991478,1,0,1,1,1
854,177708,-0.07408807,0.10133392,-0.03165672,-1.11846044,4.15923870,-3.04615016,1,0,1,1,1
855,177916,-0.07512999,0.09564987,-0.02038574,-1.37067826,4.23363838,-2.82455700,1,0,1,1,1
856,178125,-0.07536521,0.09167475,-0.01854095,-1.64881069,4.25816399,-2.62256507,1,0,1,1,1
857,178333,-0.07604479,0.09074837,-0.00627987,-1.89416482,4.28304305,-2.38879318,1,0,1,1,1
858,178541,-0.09072307,0.08203372,0.00534786,-2.14018114,4.30393959,-2.15273864,1,0,1,1,1
859,178750,-0.09007762,0.09431773,0.00950597,-2.38663920,4.28463395,-1.90188703,1,0,1,1,1
860,178958,-0.08973239,0.08700791,0.00720359,-2.62132321,4.27595618,-1.64716134,1,0,1,1,1
861,179166,-0.09044428,0.07935838,0.01893854,-2.82139620,4.20074436,-1.40295003,1,0,1,1,1
862,179375,-0.09502332,0.05453774,0.02636991,-3.05199032,4.14377743,-1.12694759,1,0,1,1,1
863,179583,-0.09879166,0.06312815,0.03420067,-3.23942510,4.04848189,-0.84717773,1,0,1,1,1
864,179791,-0.09466505,0.06276616,0.03810160,-3.40341813,3.97880331,-0.57539277,1,0,1,1,1
865,180000,-0.09184816,0.05320264,0.04621045,-3.56676379,3.86877794,-0.28202235,1,0,1,1,1
866,180208,-0.09708767,0.05047022,0.05250155,-3.70282725,3.72565705,-0.00439536,1,0,1,1,1
867,180416,-0.10249647,0.04578362,0.06026004,-3.85082179,3.58177524,0.26092952,1,0,1,1,1
868,180625,-0.10850039,0.03401893,0.05758230,-3.97101308,3.43303649,0.54410213,1,0,1,1,1
869,180833,-0.09997263,0.03057496,0.06641957,-4.08406066,3.24747318,0.81946263,1,0,1,1,1
870,181041,-0.09562145,0.01814522,0.06418846,-4.16169380,3.04587550,1.09777046,1,0,1,1,1
871,181250,-0.09287789,0.01980227,0.07040248,-4.22447721,2.83769072,1.37345340,1,0,1,1,1
872,181458,-0.08542009,0.00567605,0.08068025,-4.25624631,2.60165846,1.64443659,1,0,1,1,1
873,181666,-0.08853746,0.00871307,0.08625664,-4.27818855,2.37759167,1.89085537,1,0,1,1,1
874,181875,-0.08314146,0.00006533,0.08909428,-4.29027505,2.15169798,2.14365362,1,0,1,1,1
875,182083,-0.07686824,-0.00636314,0.08948500,-4.28898148,1.90285145,2.36528892,1,0,1,1,1
876,182291,-0.07908086,-0.00160488,0.08571305,-4.26849246,1.64636954,2.62668818,1,0,1,1,1
877,182500,-0.07300944,-0.02477820,0.10143345,-4.22603637,1.39299422,2.82160498,1,0,1,1,1
878,182708,-0.06799276,-0.02244835,0.10111497,-4.14913233,1.11025483,3.03886622,1,0,1,1,1
879,182916,-0.06007978,-0.03318795,0.09061021,-4.08119869,0.84335901,3.23877812,1,0,1,1,1
880,183125,-0.05633018,-0.04217053,0.10078340,-3.96311555,0.56248353,3.40793150,1,0,1,1,1
881,183333,-0.04372621,-0.04373954,0.11141331,-3.86713035,0.27251868,3.56429574,1,0,1,1,1
882,183541,-0.04601589,-0.04317242,0.09973131,-3.71467257,-0.00015491,3.73109094,1,0,1,1,1
883,183750,-0.05020972,-0.05165703,0.10417024,-3.55831240,-0.27826296,3.87060989,1,0,1,1,1
884,183958,-0.03804420,-0.06274707,0.10111665,-3.42117072,-0.56401539,3.98736151,1,0,1,1,1
885,184166,-0.03816311,-0.06773818,0.09688822,-3.22036502,-0.85851085,4.08383608,1,0,1,1,1
886,184375,-0.02005864,-0.07333392,0.09457185,-3.01597404,-1.10773113,4.15364088,1,0,1,1,1
887,184583,-0.01900906,-0.07977175,0.09549335,-2.82903404,-1.37072228,4.21535544,1,0,1,1,1
888,184791,-0.01465994,-0.08036434,0.09171545,-2.62287206,-1.63835446,4.25248703,1,0,1,1,1
889,185000,-0.00925216,-0.08655561,0.09025047,-2.39061931,-1.88835223,4.28420395,1,0,1,1,1
890,185208,-0.00477192,-0.08430712,0.08579322,-2.16384178,-2.15294419,4.31461422,1,0,1,1,1
891,185416,0.00352328,-0.09081653,0.08169697,-1.91752997,-2.39284611,4.28395053,1,0,1,1,1
892,185625,0.00456645,-0.08687979,0.08734224,-1.65314550,-2.62322971,4.26523245,1,0,1,1,1
893,185833,0.00997064,-0.09994204,0.06920406,-1.39196188,-2.84056494,4.21985923,1,0,1,1,1
894,186041,0.02583309,-0.09788624,0.07545924,-1.12139633,-3.03196687,4.15877723,1,0,1,1,1
895,186250,0.02784423,-0.09671645,0.07054848,-0.85021473,-3.24870047,4.05860036,1,0,1,1,1
896,186458,0.03626251,-0.09701952,0.07217632,-0.57182745,-3.38711374,3.97868912,1,0,1,1,1
897,186666,0.04638323,-0.10206405,0.05484907,-0.27514104,-3.57951314,3.85604493,1,0,1,1,1
898,186875,0.05006700,-0.10023005,0.05132074,-0.00966925,-3.71684777,3.71715009,1,0,1,1,1
899,187083,0.05287174,-0.10070785,0.04879615,0.27699023,-3.85794707,3.58047316,1,0,1,1,1
900,187291,0.06400044,-0.10423025,0.03473270,0.56067668,-3.99394113,3.40312115,1,0,1,1,1
901,187500,0.06646453,-0.09715338,0.02893033,0.84085625,-4.06843219,3.23378440,1,0,1,1,1
902,187708,0.06947586,-0.09269027,0.02541470,1.09259552,-4.14852375,3.03575270,1,0,1,1,1
903,187916,0.07200092,-0.09624136,0.02038327,1.37631037,-4.20246054,2.83438107,1,0,1,1,1
904,188125,0.08082132,-0.09268094,0.01478173,1.65625771,-4.24074141,2.61433059,1,0,1,1,1
905,188333,0.07872600,-0.09271218,-0.00316786,1.89927878,-4.29982055,2.41308823,1,0,1,1,1
906,188541,0.08587588,-0.09031383,0.00317933,2.15891568,-4.29147337,2.15440579,1,0,1,1,1
907,188750,0.09467564,-0.08294170,-0.01133057,2.38230027,-4.28360469,1.91731538,1,0,1,1,1
908,188958,0.09175523,-0.07986265,-0.02691481,2.60999099,-4.26910626,1.64979273,1,0,1,1,1
909,189166,0.08550985,-0.06871807,-0.01965334,2.83356447,-4.22597584,1.39092444,1,0,1,1,1
910,189375,0.09798087,-0.06273421,-0.02797865,3.05372082,-4.13390071,1.12503565,1,0,1,1,1
911,189583,0.09685314,-0.07548700,-0.03535318,3.23336487,-4.07267757,0.84741093,1,0,1,1,1
912,189791,0.10604588,-0.06777923,-0.03997562,3.42382474,-3.99486063,0.56202363,1,0,1,1,1
913,190000,0.10058593,-0.04631537,-0.04423137,3.56746410,-3.86097598,0.27628473,1,0,1,1,1
914,190208,0.10776159,-0.05323899,-0.04459672,3.73129177,-3.70790322,0.01071213,1,0,1,1,1
915,190416,0.09397051,-0.04541576,-0.05258207,3.86575700,-3.57318209,-0.28161844,1,0,1,1,1
916,190625,0.10909505,-0.04597445,-0.05358628,3.96425110,-3.41410650,-0.53775437,1,0,1,1,1
917,190833,0.09292317,-0.03819252,-0.06346442,4.07669215,-3.23598145,-0.83640475,1,0,1,1,1
918,191041,0.09312992,-0.02954907,-0.07450087,4.14319402,-3.03506115,-1.11465160,1,0,1,1,1
919,191250,0.09744394,-0.01779776,-0.07600283,4.21405362,-2.82970872,-1.38240666,1,0,1,1,1
920,191458,0.09409130,-0.01814930,-0.07786213,4.27463760,-2.62034305,-1.63209042,1,0,1,1,1
921,191666,0.08120606,-0.00371649,-0.08781683,4.27454440,-2.40167519,-1.90128481,1,0,1,1,1
922,191875,0.08304887,-0.00033425,-0.08674716,4.29017362,-2.14065480,-2.11857555,1,0,1,1,1
923,192083,0.08299389,0.01007011,-0.09390046,4.28364170,-1.91654953,-2.38738481,1,0,1,1,1
924,192291,0.08459653,0.01158203,-0.08533781,4.28549911,-1.65713252,-2.62955068,1,0,1,1,1
925,192500,0.07563055,0.02131172,-0.09995851,4.22289698,-1.38911966,-2.83413844,1,0,1,1,1
926,192708,0.07030403,0.02073549,-0.09423951,4.15964032,-1.11415267,-3.03079141,1,0,1,1,1
927,192916,0.07226389,0.03719992,-0.08918993,4.08448423,-0.85034300,-3.24122065,1,0,1,1,1
928,193125,0.06107750,0.04329313,-0.10612167,3.97849465,-0.57921906,-3.42092082,1,0,1,1,1
929,193333,0.05068187,0.05074252,-0.09835900,3.86116104,-0.29437428,-3.58029903,1,0,1,1,1
930,193541,0.05167715,0.05281358,-0.09719918,3.72440270,0.00470151,-3.71132054,1,0,1,1,1
931,193750,0.04422475,0.04918703,-0.10201125,3.57969185,0.28215992,-3.84274110,1,0,1,1,1
932,193958,0.03759080,0.06439676,-0.09360119,3.41201319,0.56946368,-3.96846672,1,0,1,1,1
933,194166,0.03388757,0.06081583,-0.09744723,3.23521043,0.83642707,-4.06927468,1,0,1,1,1
934,194375,0.02871914,0.07502562,-0.09846067,3.04921143,1.09119501,-4.16274940,1,0,1,1,1
935,194583,0.02601535,0.06889600,-0.10795025,2.83251926,1.37709296,-4.20674884,1,0,1,1,1
936,194791,0.01429663,0.07964148,-0.09987260,2.61787297,1.63833552,-4.26882482,1,0,1,1,1
937,195000,-0.00182862,0.08373820,-0.09462305,2.39382734,1.90840023,-4.30538957,1,0,1,1,1
938,195208,-0.00304724,0.09022670,-0.09500605,2.15252329,2.15341271,-4.30348517,1,0,1,1,1
939,195416,-0.00700444,0.09963139,-0.08699682,1.92125305,2.39784976,-4.27719292,1,0,1,1,1
940,195625,-0.01770278,0.09841077,-0.08049719,1.65402083,2.61338701,-4.25285088,1,0,1,1,1
941,195833,-0.02581858,0.08740133,-0.06893396,1.38479653,2.82002754,-4.20838472,1,0,1,1,1
942,196041,-0.01996463,0.10252331,-0.06482933,1.11378086,3.04170802,-4.14243682,1,0,1,1,1
943,196250,-0.02970624,0.09381244,-0.05637639,0.83372513,3.22612739,-4.07780575,1,0,1,1,1
944,196458,-0.03958754,0.09973852,-0.06440832,0.56514483,3.41751662,-3.97719944,1,0,1,1,1
945,196666,-0.04893330,0.10062294,-0.06355487,0.27595021,3.57638960,-3.86865731,1,0,1,1,1
946,196875,-0.05198935,0.10186648,-0.04572597,-0.01129421,3.71963798,-3.73593106,1,0,1,1,1
947,197083,-0.05392826,0.10393187,-0.03838772,-0.28231851,3.86175793,-3.58906337,1,0,1,1,1
948,197291,-0.05788396,0.10759406,-0.04513109,-0.54374933,3.97530959,-3.40852572,1,0,1,1,1
949,197500,-0.06545119,0.09960008,-0.01919715,-0.82570714,4.06805230,-3.25950236,1,0,1,1,1
950,197708,-0.06969826,0.10403042,-0.02171245,-1.09966922,4.16194373,-3.03689711,1,0,1,1,1
951,197916,-0.07640829,0.09692184,-0.02074086,-1.37006656,4.20655464,-2.83115701,1,0,1,1,1
952,198125,-0.07142564,0.09221448,-0.02202980,-1.64452830,4.27174062,-2.60362052,1,0,1,1,1
953,198333,-0.07989208,0.08956749,0.00368422,-1.90139349,4.30971019,-2.40243887,1,0,1,1,1
954,198541,-0.08232595,0.09016775,0.00242238,-2.14110829,4.28936531,-2.13761456,1,0,1,1,1
955,198750,-0.08667946,0.08177942,0.00672777,-2.38615808,4.28876373,-1.89732436,1,0,1,1,1
956,198958,-0.08887090,0.07139629,0.00926452,-2.59705651,4.26342312,-1.64685705,1,0,1,1,1
957,199166,-0.09373165,0.07599990,0.00949917,-2.82688470,4.23129779,-1.38832208,1,0,1,1,1
958,199375,-0.10101833,0.06616513,0.02237395,-3.03870434,4.16260783,-1.12339401,1,0,1,1,1
959,199583,-0.10136845,0.06122912,0.03012255,-3.23110134,4.08087139,-0.84919144,1,0,1,1,1
960,199791,-0.10295680,0.05347960,0.02260720,-3.42564507,3.97751595,-0.55832800,1,0,1,1,1
961,200000,-0.10912538,0.06294484,0.05226060,-3.57495882,3.87565226,-0.28140738,1,0,1,1,1
962,200208,-0.09675709,0.05505498,0.05145241,-3.72021778,3.72018633,-0.01292270,1,0,1,1,1
963,200416,-0.10325318,0.04037072,0.06515025,-3.85379932,3.57407156,0.27854811,1,0,1,1,1
964,200625,-0.09898317,0.03573218,0.06877588,-3.96549265,3.41502435,0.56042310,1,0,1,1,1
965,200833,-0.09489298,0.03548152,0.07214559,-4.05008796,3.22517268,0.86143280,1,0,1,1,1
966,201041,-0.09398670,0.02234267,0.06824278,-4.17009746,3.04779923,1.09689561,1,0,1,1,1
967,201250,-0.08869132,0.01946210,0.06888587,-4.20251997,2.83922698,1.38233854,1,0,1,1,1
968,201458,-0.09884064,0.01046458,0.07875391,-4.24919528,2.63737154,1.65162008,1,0,1,1,1
969,201666,-0.08306952,0.00623013,0.08592206,-4.27455278,2.39575973,1.90405358,1,0,1,1,1
970,201875,-0.08759297,0.00355818,0.08923090,-4.30109163,2.16171782,2.14974886,1,0,1,1,1
971,202083,-0.07499945,0.00213573,0.08129899,-4.27742475,1.89545289,2.38318244,1,0,1,1,1
972,202291,-0.08305853,-0.01177722,0.08587590,-4.27288309,1.64153178,2.62421146,1,0,1,1,1
973,202500,-0.07410036,-0.01779446,0.08719798,-4.21977032,1.38576487,2.83092208,1,0,1,1,1
974,202708,-0.07827183,-0.02762903,0.09988025,-4.16898011,1.11061068,3.04727602,1,0,1,1,1
975,202916,-0.06369839,-0.02792894,0.09402973,-4.05969374,0.84054147,3.23530626,1,0,1,1,1
976,203125,-0.06066410,-0.04043588,0.10305673,-3.95474416,0.54263015,3.43109903,1,0,1,1,1
977,203333,-0.05482008,-0.03720322,0.10664506,-3.86279923,0.28578911,3.57613628,1,0,1,1,1
978,203541,-0.04761771,-0.04547028,0.09666851,-3.73156237,0.01654797,3.72196644,1,0,1,1,1
979,203750,-0.04553064,-0.04864673,0.09363629,-3.59090794,-0.27121796,3.84293704,1,0,1,1,1
980,203958,-0.03964915,-0.06085560,0.09893931,-3.43238022,-0.55260226,3.96925973,1,0,1,1,1
981,204166,-0.02432633,-0.06070224,0.10219147,-3.22643224,-0.82997173,4.07966270,1,0,1,1,1
982,204375,-0.03312337,-0.07701561,0.10001858,-3.03617966,-1.11978161,4.14585996,1,0,1,1,1
983,204583,-0.03392503,-0.07187124,0.09190783,-2.83530503,-1.38708776,4.20549956,1,0,1,1,1
984,204791,-0.01129541,-0.08404382,0.09493256,-2.61503833,-1.65421901,4.26685497,1,0,1,1,1
985,205000,-0.00040821,-0.09154505,0.08966656,-2.39398247,-1.89743736,4.29720468,1,0,1,1,1
986,205208,0.00743464,-0.08936519,0.09066200,-2.17299847,-2.13241491,4.30589522,1,0,1,1,1
987,205416,0.01217425,-0.09222169,0.07773641,-1.89832694,-2.38948813,4.28726164,1,0,1,1,1
988,205625,0.01126182,-0.10172560,0.08341525,-1.65485287,-2.61603264,4.25279670,1,0,1,1,1
989,205833,0.02165348,-0.08378840,0.06514107,-1.37135628,-2.83848783,4.21928139,1,0,1,1,1
990,206041,0.02684895,-0.10529489,0.07412764,-1.10905547,-3.02969108,4.16763251,1,0,1,1,1
991,206250,0.03156669,-0.10404541,0.07927830,-0.82872312,-3.24645470,4.06057190,1,0,1,1,1
992,206458,0.03907749,-0.09706137,0.07608991,-0.57114377,-3.41141932,3.96147001,1,0,1,1,1
993,206666,0.04532317,-0.10170733,0.05455531,-0.27912667,-3.56524838,3.85631230,1,0,1,1,1
994,206875,0.04439503,-0.09338963,0.05826691,-0.00717863,-3.73471794,3.71140072,1,0,1,1,1
995,207083,0.04878283,-0.09589417,0.05217628,0.29284489,-3.86384683,3.57485319,1,0,1,1,1
996,207291,0.06186161,-0.09732110,0.04566818,0.56036521,-3.97338390,3.39609942,1,0,1,1,1
997,207500,0.06601769,-0.09478017,0.03207586,0.83106390,-4.08348585,3.23688405,1,0,1,1,1
998,207708,0.07375872,-0.10309449,0.02302907,1.12761675,-4.14834139,3.03140480,1,0,1,1,1
999,207916,0.07471705,-0.08816694,0.02574681,1.37986359,-4.22843336,2.83832936,1,0,1,1,1
1000,208125,0.08406319,-0.09889000,0.01287672,1.64236562,-4.26673909,2.62482071,1,0,1,1,1
1001,208333,0.08124301,-0.09044058,0.00705384,1.90559190,-4.30148974,2.38102420,1,0,1,1,1
1002,208541,0.08184341,-0.08177159,-0.00886118,2.14595931,-4.30189776,2.16767299,1,0,1,1,1
1003,208750,0.09059357,-0.08568800,-0.00751178,2.39385110,-4.28609290,1.90384809,1,0,1,1,1
1004,208958,0.08814031,-0.07639300,-0.01678937,2.59329567,-4.25974095,1.65430001,1,0,1,1,1
1005,209166,0.08841758,-0.07912397,-0.01898951,2.83842167,-4.22871724,1.39722732,1,0,1,1,1
1006,209375,0.10190227,-0.07570219,-0.03384280,3.05157406,-4.16123498,1.09252702,1,0,1,1,1
1007,209583,0.09969967,-0.05680384,-0.03207430,3.23456966,-4.08171338,0.84240649,1,0,1,1,1
1008,209791,0.10357237,-0.05901079,-0.03467425,3.39890350,-3.97636550,0.55490513,1,0,1,1,1
1009,210000,0.09159173,-0.05704930,-0.05251327,3.56186119,-3.85068753,0.27462828,1,0,1,1,1
1010,210208,0.09590063,-0.04942580,-0.05118479,3.71393328,-3.72237686,-0.01431407,1,0,1,1,1
1011,210416,0.09992471,-0.04620643,-0.05727660,3.85868074,-3.56889270,-0.28040226,1,0,1,1,1
1012,210625,0.09699259,-0.03295549,-0.06664458,3.97937435,-3.42175741,-0.56632090,1,0,1,1,1
1013,210833,0.10399077,-0.02920021,-0.06733374,4.07019869,-3.23778253,-0.84938159,1,0,1,1,1
1014,211041,0.09800227,-0.02228883,-0.06997697,4.14448345,-3.02062349,-1.11011241,1,0,1,1,1
1015,211250,0.09476403,-0.01345860,-0.08685986,4.20826248,-2.82475195,-1.38775051,1,0,1,1,1
1016,211458,0.09773490,-0.01902977,-0.07721344,4.25761322,-2.62306572,-1.65807445,1,0,1,1,1
1017,211666,0.09238389,-0.00796474,-0.09102820,4.28672664,-2.40132613,-1.91192834,1,0,1,1,1
1018,211875,0.08837127,-0.00401780,-0.08798986,4.29894844,-2.15765654,-2.15538562,1,0,1,1,1
1019,212083,0.09007015,0.00809548,-0.08559443,4.27943984,-1.90128748,-2.39053893,1,0,1,1,1
1020,212291,0.07464681,0.00305491,-0.09100013,4.28275528,-1.65047038,-2.61127934,1,0,1,1,1
1021,212500,0.07854113,0.02051430,-0.10360545,4.21347212,-1.39517038,-2.82187301,1,0,1,1,1
1022,212708,0.07353392,0.03202453,-0.09402065,4.15365360,-1.11938401,-3.03217184,1,0,1,1,1
1023,212916,0.06532015,0.02478454,-0.09753886,4.07767291,-0.83704573,-3.23235585,1,0,1,1,1
1024,213125,0.06871558,0.02852587,-0.09389729,3.98218510,-0.56806286,-3.39874637,1,0,1,1,1
1025,213333,0.06122266,0.03798672,-0.09607193,3.85575957,-0.29750066,-3.58383423,1,0,1,1,1
1026,213541,0.05747305,0.04920681,-0.09701360,3.72717355,-0.00963264,-3.70823750,1,0,1,1,1
1027,213750,0.04572876,0.05207927,-0.10097429,3.57667814,0.27500294,-3.86659518,1,0,1,1,1
1028,213958,0.03455207,0.06124148,-0.09806042,3.42159896,0.56304950,-3.96183993,1,0,1,1,1
1029,214166,0.03839071,0.06513253,-0.09461705,3.24012195,0.85136451,-4.06988648,1,0,1,1,1
1030,214375,0.02872694,0.06721401,-0.09519911,3.04416996,1.11424372,-4.15373663,1,0,1,1,1
1031,214583,0.02038863,0.06986687,-0.09325584,2.84070103,1.38510063,-4.22015284,1,0,1,1,1
1032,214791,0.00787709,0.08273508,-0.08596833,2.61049547,1.65821143,-4.24306098,1,0,1,1,1
1033,215000,0.00716864,0.08935218,-0.08727011,2.39886557,1.91968183,-4.28448786,1,0,1,1,1
1034,215208,0.00956277,0.08984853,-0.08569811,2.15259030,2.13681699,-4.30100362,1,0,1,1,1
1035,215416,-0.00701910,0.09151599,-0.08975141,1.90906408,2.39214241,-4.30090995,1,0,1,1,1
1036,215625,-0.02503161,0.08599112,-0.07528976,1.65208252,2.61566149,-4.27112666,1,0,1,1,1
1037,215833,-0.01836418,0.09196015,-0.07409203,1.37312214,2.83936292,-4.22826702,1,0,1,1,1
1038,216041,-0.02322831,0.10742804,-0.06828890,1.12080999,3.06058498,-4.15779815,1,0,1,1,1
1039,216250,-0.02948077,0.10176173,-0.06373198,0.84235943,3.22814783,-4.07333443,1,0,1,1,1
1040,216458,-0.03730780,0.10242558,-0.06448952,0.56911153,3.40641362,-3.96235018,1,0,1,1,1
1041,216666,-0.05022870,0.09764304,-0.05473479,0.28426468,3.56687305,-3.87642103,1,0,1,1,1
1042,216875,-0.04956782,0.09108546,-0.04921449,-0.00551660,3.71916222,-3.73591593,1,0,1,1,1
1043,217083,-0.04826432,0.10320004,-0.04184280,-0.27113704,3.83228621,-3.56967308,1,0,1,1,1
1044,217291,-0.05314323,0.10096631,-0.04217895,-0.56327069,3.97070347,-3.42355198,1,0,1,1,1
1045,217500,-0.06626327,0.08874773,-0.02492117,-0.83087822,4.06759743,-3.23864135,1,0,1,1,1
1046,217708,-0.06702679,0.09733494,-0.02346269,-1.10654408,4.15646487,-3.03207663,1,0,1,1,1
1047,217916,-0.08334115,0.09866404,-0.01483759,-1.38141786,4.21528404,-2.84322231,1,0,1,1,1
1048,218125,-0.07945497,0.09731388,-0.01086929,-1.63648437,4.25440865,-2.60306222,1,0,1,1,1
1049,218333,-0.07847012,0.09223397,-0.00918100,-1.88920676,4.28539319,-2.40040748,1,0,1,1,1
1050,218541,-0.08478767,0.08138636,0.00611216,-2.14695243,4.30817019,-2.16700701,1,0,1,1,1
1051,218750,-0.08517272,0.08974981,0.00532925,-2.37939717,4.31644938,-1.90213045,1,0,1,1,1
1052,218958,-0.09565477,0.08106446,0.01148667,-2.61629049,4.26177058,-1.64664274,1,0,1,1,1
1053,219166,-0.09562164,0.08193124,0.02145797,-2.84159012,4.22063420,-1.39998909,1,0,1,1,1
1054,219375,-0.09848741,0.07752790,0.02531267,-3.04207540,4.13982300,-1.12017440,1,0,1,1,1
1055,219583,-0.10010856,0.06398608,0.03115455,-3.23897810,4.06260528,-0.84850743,1,0,1,1,1
1056,219791,-0.09866338,0.05582255,0.03254012,-3.41254008,3.97869575,-0.55637072,1,0,1,1,1
1057,220000,-0.09898119,0.05617468,0.04086953,-3.56078761,3.85978905,-0.29401732,1,0,1,1,1
1058,220208,-0.10130244,0.04990685,0.05090439,-3.73630297,3.71114827,0.00618439,1,0,1,1,1
1059,220416,-0.09894712,0.04036019,0.05299268,-3.83574188,3.57039810,0.29348576,1,0,1,1,1
1060,220625,-0.09003080,0.03072881,0.06368837,-3.97362593,3.40892758,0.55590123,1,0,1,1,1
1061,220833,-0.10055331,0.03198327,0.06809326,-4.06567235,3.22522924,0.84607171,1,0,1,1,1
1062,221041,-0.09600828,0.03685214,0.06988065,-4.14746459,3.03446698,1.09919210,1,0,1,1,1
1063,221250,-0.09097243,0.02862735,0.07543557,-4.22084169,2.85266177,1.38343533,1,0,1,1,1
1064,221458,-0.09441274,0.00471545,0.07963112,-4.25466857,2.62140814,1.63980813,1,0,1,1,1
1065,221666,-0.08289330,0.00291901,0.08142065,-4.29580314,2.39116978,1.90844194,1,0,1,1,1
1066,221875,-0.08718025,0.00096979,0.08633844,-4.30421239,2.16590907,2.15732509,1,0,1,1,1
1067,222083,-0.08590603,-0.00537294,0.08658513,-4.30575484,1.90599079,2.38963276,1,0,1,1,1
1068,222291,-0.07703102,-0.00973260,0.09138457,-4.25816202,1.63435782,2.62336817,1,0,1,1,1
1069,222500,-0.08681867,-0.01516315,0.09570310,-4.22526964,1.38405390,2.82067341,1,0,1,1,1
1070,222708,-0.06490202,-0.02152485,0.09408418,-4.14880414,1.10992526,3.03521471,1,0,1,1,1
1071,222916,-0.06742729,-0.01855068,0.09938099,-4.08147284,0.84351796,3.21709173,1,0,1,1,1
1072,223125,-0.06158363,-0.04305153,0.09883962,-3.97805496,0.56080790,3.41425569,1,0,1,1,1
1073,223333,-0.05860265,-0.03663977,0.10161916,-3.86408794,0.27683599,3.57355059,1,0,1,1,1
1074,223541,-0.04774769,-0.05292967,0.10579115,-3.71428436,0.01634982,3.72200800,1,0,1,1,1
1075,223750,-0.04329761,-0.05145545,0.09557422,-3.57590132,-0.28601818,3.85237518,1,0,1,1,1
1076,223958,-0.03641718,-0.06058649,0.09094718,-3.42062130,-0.55776520,3.96602269,1,0,1,1,1
1077,224166,-0.03064347,-0.06321406,0.09260723,-3.21463109,-0.84934256,4.06602315,1,0,1,1,1
1078,224375,-0.02978813,-0.07060926,0.10442359,-3.02695246,-1.11937783,4.15838161,1,0,1,1,1
1079,224583,-0.02455454,-0.07731355,0.09562803,-2.82468580,-1.38129456,4.22685453,1,0,1,1,1
1080,224791,-0.00836316,-0.07475846,0.08907017,-2.61861573,-1.63502718,4.24295575,1,0,1,1,1
1081,225000,-0.00824808,-0.08064624,0.09049651,-2.41609008,-1.91494902,4.29747229,1,0,1,1,1
1082,225208,0.00219780,-0.09209096,0.08416286,-2.13629552,-2.16437600,4.29767748,1,0,1,1,1
1083,225416,0.00704419,-0.09724617,0.07797175,-1.91479926,-2.38295638,4.29278898,1,0,1,1,1
1084,225625,0.01063160,-0.09755748,0.08243955,-1.63855165,-2.62247402,4.27074148,1,0,1,1,1
1085,225833,0.01611487,-0.10173296,0.07506483,-1.38023520,-2.84434127,4.21071599,1,0,1,1,1
1086,226041,0.01746091,-0.09651261,0.06962578,-1.10516343,-3.05214038,4.14954317,1,0,1,1,1
1087,226250,0.03346860,-0.10289888,0.06263194,-0.85007241,-3.24733851,4.06885279,1,0,1,1,1
1088,226458,0.03913178,-0.10241115,0.05161857,-0.55521577,-3.42542586,3.96207723,1,0,1,1,1
1089,226666,0.03427320,-0.10487321,0.05127042,-0.28941486,-3.57600976,3.86108706,1,0,1,1,1
1090,226875,0.04095891,-0.09365832,0.05546282,0.00332028,-3.70123376,3.71958104,1,0,1,1,1
1091,227083,0.05472462,-0.10131950,0.04514069,0.28889346,-3.84544391,3.58770200,1,0,1,1,1
1092,227291,0.05753485,-0.10219266,0.02973871,0.56143164,-3.98305957,3.41233583,1,0,1,1,1
1093,227500,0.06407304,-0.10362666,0.03196602,0.83959891,-4.06737712,3.23074509,1,0,1,1,1
1094,227708,0.06728650,-0.09615418,0.02300337,1.11701805,-4.15790105,3.04916784,1,0,1,1,1
1095,227916,0.07747900,-0.08680847,0.02696981,1.39403610,-4.22141565,2.82194809,1,0,1,1,1
1096,228125,0.08006658,-0.09287503,0.00263007,1.62663845,-4.27748782,2.61844840,1,0,1,1,1
1097,228333,0.08681632,-0.08103216,0.01451202,1.90659937,-4.27933757,2.38028874,1,0,1,1,1
1098,228541,0.09518048,-0.08999099,-0.00421783,2.13291849,-4.30455939,2.16957837,1,0,1,1,1
1099,228750,0.08446077,-0.07270118,-0.00082072,2.38171096,-4.30055145,1.89201872,1,0,1,1,1
1100,228958,0.08899204,-0.07440076,-0.01730409,2.62034854,-4.29428184,1.64929103,1,0,1,1,1
1101,229166,0.10390089,-0.06925792,-0.01469403,2.82980139,-4.22399659,1.37874974,1,0,1,1,1
1102,229375,0.09533396,-0.07176530,-0.02793681,3.05366430,-4.15096269,1.12509719,1,0,1,1,1
1103,229583,0.09980260,-0.07470634,-0.03157723,3.22958443,-4.08162375,0.82793577,1,0,1,1,1
1104,229791,0.10406443,-0.05534907,-0.03251718,3.41627017,-3.96695206,0.55180617,1,0,1,1,1
1105,230000,0.09066689,-0.05736799,-0.05067387,3.57266828,-3.85759703,0.29019226,1,0,1,1,1
1106,230208,0.10404314,-0.05885500,-0.05800564,3.73117765,-3.69789435,0.00020535,1,0,1,1,1
1107,230416,0.10448788,-0.03950125,-0.05988382,3.85329086,-3.56375507,-0.28361223,1,0,1,1,1
1108,230625,0.10336795,-0.03971919,-0.06144387,3.96576391,-3.41811146,-0.55915336,1,0,1,1,1
1109,230833,0.10166727,-0.02992351,-0.06717391,4.08414480,-3.22439818,-0.82387724,1,0,1,1,1
1110,231041,0.09475671,-0.02213581,-0.07200702,4.16805456,-3.07191391,-1.09240903,1,0,1,1,1
1111,231250,0.09120316,-0.02051598,-0.07258567,4.21673944,-2.86101808,-1.38134437,1,0,1,1,1
1112,231458,0.08283721,0.00113516,-0.07931394,4.24766050,-2.61080656,-1.63407033,1,0,1,1,1
1113,231666,0.07961794,-0.00317630,-0.08127612,4.29600252,-2.39077925,-1.90167686,1,0,1,1,1
1114,231875,0.09612361,0.00355544,-0.08374252,4.31191240,-2.15770163,-2.14348332,1,0,1,1,1
1115,232083,0.07718601,0.00703334,-0.08961560,4.28860665,-1.89808829,-2.38553795,1,0,1,1,1
1116,232291,0.08671768,0.01301579,-0.09959539,4.25713979,-1.65303439,-2.61834007,1,0,1,1,1
1117,232500,0.07019960,0.02833430,-0.09570837,4.23047181,-1.39599213,-2.84081281,1,0,1,1,1
1118,232708,0.06771102,0.02997170,-0.10158172,4.14771435,-1.11545429,-3.04333767,1,0,1,1,1
1119,232916,0.06500388,0.03168774,-0.10735151,4.07585805,-0.82480480,-3.22305678,1,0,1,1,1
1120,233125,0.06150203,0.03996342,-0.10018214,3.97777996,-0.56878521,-3.41387218,1,0,1,1,1
1121,233333,0.05931484,0.04089234,-0.10295006,3.84961210,-0.30768455,-3.58308705,1,0,1,1,1
1122,233541,0.05023450,0.05145058,-0.10299275,3.71733246,0.00448670,-3.73437764,1,0,1,1,1
1123,233750,0.04209554,0.04803350,-0.09575761,3.55906886,0.28283610,-3.86229382,1,0,1,1,1
1124,233958,0.03451930,0.07103427,-0.09920803,3.41815130,0.56173614,-3.98840587,1,0,1,1,1
1125,234166,0.03239393,0.05632681,-0.10916522,3.22769134,0.83677054,-4.08130348,1,0,1,1,1
1126,234375,0.03840352,0.07909196,-0.09208348,3.04091896,1.10917855,-4.15943269,1,0,1,1,1
1127,234583,0.01699539,0.08351343,-0.09195934,2.84920701,1.38921548,-4.21504731,1,0,1,1,1
1128,234791,0.00892979,0.08500199,-0.08654568,2.63340194,1.65273427,-4.27457860,1,0,1,1,1
1129,235000,0.00776133,0.08766197,-0.09348440,2.38188961,1.91350926,-4.30409915,1,0,1,1,1
1130,235208,-0.00238866,0.09461427,-0.08210156,2.12879030,2.16612970,-4.29706595,1,0,1,1,1
1131,235416,-0.00714938,0.09986671,-0.09237934,1.90195168,2.40025335,-4.28232998,1,0,1,1,1
1132,235625,-0.02263784,0.09525888,-0.07465919,1.63757030,2.61177178,-4.25802686,1,0,1,1,1
1133,235833,-0.02073755,0.09259802,-0.07261841,1.38169173,2.80981713,-4.18828064,1,0,1,1,1
1134,236041,-0.01871283,0.09380957,-0.06091069,1.10979191,3.03156007,-4.15837776,1,0,1,1,1
1135,236250,-0.03374699,0.09711909,-0.06339832,0.84196821,3.22500396,-4.07462871,1,0,1,1,1
1136,236458,-0.04135932,0.09595904,-0.05350037,0.55449256,3.41665220,-3.98937768,1,0,1,1,1
1137,236666,-0.04660812,0.09829913,-0.05133061,0.28536556,3.57094322,-3.87787295,1,0,1,1,1
1138,236875,-0.04844678,0.10750401,-0.04018414,0.00013078,3.72924978,-3.71977624,1,0,1,1,1
1139,237083,-0.05836331,0.09924241,-0.04295560,-0.26713256,3.86208369,-3.57075322,1,0,1,1,1
1140,237291,-0.05260209,0.09227014,-0.04226548,-0.55381236,3.96981306,-3.41759949,1,0,1,1,1
1141,237500,-0.06727923,0.09202115,-0.02788704,-0.83040632,4.07379287,-3.23571211,1,0,1,1,1
1142,237708,-0.06724244,0.09640730,-0.02706998,-1.11192798,4.13974464,-3.04340452,1,0,1,1,1
1143,237916,-0.06953967,0.09209954,-0.01962453,-1.37605164,4.20499286,-2.84203497,1,0,1,1,1
1144,238125,-0.08740546,0.09788809,-0.00497677,-1.63386494,4.25300139,-2.62141527,1,0,1,1,1
1145,238333,-0.08251187,0.08913589,-0.00856089,-1.90212718,4.29704113,-2.39113698,1,0,1,1,1
1146,238541,-0.08991675,0.08705384,-0.00419091,-2.15314549,4.28315014,-2.14108315,1,0,1,1,1
1147,238750,-0.08795957,0.08401293,0.00725489,-2.39272949,4.28849586,-1.90832219,1,0,1,1,1
1148,238958,-0.09153572,0.07562831,0.00375862,-2.61447294,4.25499373,-1.65446382,1,0,1,1,1
1149,239166,-0.10205744,0.07921159,0.01897509,-2.84840715,4.20627089,-1.38521191,1,0,1,1,1
1150,239375,-0.09194003,0.07130205,0.02501146,-3.03381750,4.15794479,-1.10399867,1,0,1,1,1
1151,239583,-0.10456490,0.06080333,0.03133613,-3.23709218,4.07587578,-0.86096670,1,0,1,1,1
1152,239791,-0.09549869,0.05940445,0.03723107,-3.41513854,3.96767221,-0.57210573,1,0,1,1,1
1153,240000,-0.10288623,0.04861363,0.05290172,-3.60153817,3.84958746,-0.28100078,1,0,1,1,1
1154,240208,-0.09835637,0.04710811,0.05147558,-3.72888833,3.72823240,0.00031862,1,0,1,1,1
1155,240416,-0.10259342,0.03482835,0.04947058,-3.83916578,3.56553434,0.29051153,1,0,1,1,1
1156,240625,-0.09872484,0.04249415,0.05947572,-3.95469759,3.41210397,0.57122110,1,0,1,1,1
1157,240833,-0.10547497,0.03238919,0.05640441,-4.06546157,3.23186217,0.83416134,1,0,1,1,1
1158,241041,-0.09941411,0.01932396,0.07670252,-4.13779533,3.03518817,1.10387113,1,0,1,1,1
1159,241250,-0.09721093,0.02372796,0.08283306,-4.22915838,2.84078298,1.36859164,1,0,1,1,1
1160,241458,-0.08882196,0.01379344,0.07357428,-4.24528647,2.61695864,1.63994543,1,0,1,1,1
1161,241666,-0.09286824,0.00186622,0.08059848,-4.27217184,2.38358957,1.89963806,1,0,1,1,1
1162,241875,-0.08632214,0.00373934,0.08061643,-4.28779707,2.15180249,2.12872703,1,0,1,1,1
1163,242083,-0.07535103,-0.00952246,0.09146744,-4.29939207,1.89799248,2.39545340,1,0,1,1,1
1164,242291,-0.07881055,-0.00729405,0.09940148,-4.27308459,1.64583330,2.62012914,1,0,1,1,1
1165,242500,-0.07508952,-0.01459766,0.09705558,-4.23285123,1.37779986,2.83240175,1,0,1,1,1
1166,242708,-0.06800014,-0.03048491,0.09544548,-4.15120494,1.11665832,3.04490330,1,0,1,1,1
1167,242916,-0.06202244,-0.02999055,0.10402377,-4.07134044,0.82962269,3.23557764,1,0,1,1,1
1168,243125,-0.05986983,-0.03325182,0.09199717,-3.99113852,0.54971673,3.42564717,1,0,1,1,1
1169,243333,-0.04411156,-0.04690954,0.09578672,-3.86012736,0.27111601,3.57696351,1,0,1,1,1
1170,243541,-0.05266393,-0.05256342,0.10477134,-3.71878963,0.00281641,3.70462779,1,0,1,1,1
1171,243750,-0.04525044,-0.04911583,0.09454661,-3.57865279,-0.27571522,3.87382569,1,0,1,1,1
1172,243958,-0.03512740,-0.06766287,0.09179875,-3.41234613,-0.56886835,3.98310162,1,0,1,1,1
1173,244166,-0.03410355,-0.06226690,0.09264401,-3.24413223,-0.83846750,4.06158410,1,0,1,1,1
1174,244375,-0.02789959,-0.06141829,0.09265826,-3.04129629,-1.09227012,4.14902067,1,0,1,1,1
1175,244583,-0.00662262,-0.07811174,0.10062170,-2.83890039,-1.38556312,4.22697779,1,0,1,1,1
1176,244791,-0.00725867,-0.07703715,0.09097268,-2.61506538,-1.62699056,4.27804667,1,0,1,1,1
1177,245000,-0.00310782,-0.08353703,0.08395386,-2.38876316,-1.88577799,4.29170114,1,0,1,1,1
1178,245208,-0.00718941,-0.08271026,0.07306156,-2.14441840,-2.15430686,4.28467998,1,0,1,1,1
1179,245416,0.00976919,-0.08800887,0.08345208,-1.90734092,-2.41178900,4.28880838,1,0,1,1,1
1180,245625,0.00485021,-0.09563021,0.08152393,-1.64936599,-2.62219299,4.27550480,1,0,1,1,1
1181,245833,0.01856411,-0.09844200,0.08446700,-1.39642572,-2.82638064,4.22539434,1,0,1,1,1
1182,246041,0.02986763,-0.10010638,0.06926539,-1.12385175,-3.06331169,4.15342556,1,0,1,1,1
1183,246250,0.02272782,-0.09595495,0.07093973,-0.82587280,-3.21988976,4.06294911,1,0,1,1,1
1184,246458,0.04154606,-0.09376428,0.06088734,-0.55816716,-3.40504460,3.95581643,1,0,1,1,1
1185,246666,0.04712437,-0.09545963,0.05121882,-0.28046454,-3.56757688,3.86342024,1,0,1,1,1
1186,246875,0.04886444,-0.10215924,0.05181657,-0.00642363,-3.72120853,3.72814714,1,0,1,1,1
1187,247083,0.05051779,-0.09953036,0.04510720,0.27648223,-3.86151475,3.57901608,1,0,1,1,1
1188,247291,0.05693021,-0.09894077,0.04430609,0.55162288,-3.98584325,3.41266723,1,0,1,1,1
1189,247500,0.06316983,-0.09895180,0.03382630,0.83390273,-4.06967202,3.22160605,1,0,1,1,1
1190,247708,0.07415493,-0.09721904,0.01655796,1.10067716,-4.14679606,3.06051154,1,0,1,1,1
1191,247916,0.07083037,-0.09004782,0.02159923,1.37460629,-4.21924669,2.84768941,1,0,1,1,1
1192,248125,0.07796370,-0.09269315,0.00743431,1.64587417,-4.25528897,2.62406523,1,0,1,1,1
1193,248333,0.07819945,-0.09192042,0.00471478,1.90273776,-4.29234455,2.39727659,1,0,1,1,1
1194,248541,0.08637124,-0.08858318,-0.00305284,2.14922405,-4.30306484,2.13846610,1,0,1,1,1
1195,248750,0.08274403,-0.09682352,-0.00463510,2.37784198,-4.29161412,1.90233346,1,0,1,1,1
1196,248958,0.09678693,-0.08617119,-0.02294261,2.59669278,-4.26988685,1.66315536,1,0,1,1,1
1197,249166,0.09330811,-0.06768726,-0.02026631,2.82376336,-4.21408533,1.37642183,1,0,1,1,1
1198,249375,0.09255250,-0.07382000,-0.01963399,3.05259174,-4.14703604,1.10826445,1,0,1,1,1
1199,249583,0.10557018,-0.05864477,-0.02573448,3.22265596,-4.06720609,0.84205523,1,0,1,1,1
1200,249791,0.08719728,-0.04694303,-0.04149375,3.41536287,-3.95581283,0.55943155,1,0,1,1,1
1201,250000,0.09131632,-0.05940515,-0.06595735,3.53963978,-3.80128996,0.31290356,1,0,1,1,1
1202,250208,0.10100793,-0.05957833,-0.07677802,3.67939972,-3.65066414,0.01932891,1,0,1,1,1
1203,250416,0.10490109,-0.06333821,-0.07337255,3.78783820,-3.49677424,-0.24265073,1,0,1,1,1
1204,250625,0.11090278,-0.05378959,-0.08021991,3.89013597,-3.32748376,-0.51755947,1,0,1,1,1
1205,250833,0.11153483,-0.05810098,-0.09252279,3.97742460,-3.11903777,-0.80794381,1,0,1,1,1
1206,251041,0.12124166,-0.05051091,-0.10718143,4.01428510,-2.90483013,-1.04621178,1,0,1,1,1
1207,251249,0.12538003,-0.05072407,-0.12602793,4.04605071,-2.67534446,-1.31048777,1,0,1,1,1
1208,251458,0.13644237,-0.04104814,-0.13388850,4.02355198,-2.42386087,-1.53488124,1,0,1,1,1
1209,251666,0.14744531,-0.02853439,-0.14927343,4.00305905,-2.16239517,-1.74669806,1,0,1,1,1
1210,251875,0.15364116,-0.02069183,-0.16627719,3.92166828,-1.92500350,-1.95156982,1,0,1,1,1
1211,252083,0.16287598,-0.01597208,-0.18994661,3.84373834,-1.67840412,-2.12680647,1,0,1,1,1
1212,252291,0.17658888,0.00176129,-0.20540517,3.72830656,-1.38917662,-2.30164380,1,0,1,1,1
1213,252500,0.18538574,0.02182841,-0.23624369,3.60307753,-1.12413674,-2.41704094,1,0,1,1,1
1214,252708,0.19564163,0.03995043,-0.25047835,3.46229516,-0.88028449,-2.53005400,1,0,1,1,1
1215,252916,0.19238171,0.06233587,-0.27745533,3.30016930,-0.61661835,-2.60180957,1,0,1,1,1
1216,253125,0.18035318,0.08882633,-0.30344279,3.12440224,-0.41312823,-2.68477786,1,0,1,1,1
1217,253333,0.19680318,0.11701838,-0.32628220,2.94265448,-0.17054812,-2.68509789,1,0,1,1,1
1218,253541,0.18681716,0.14482529,-0.35578585,2.72336505,0.07227362,-2.73504770,1,0,1,1,1
1219,253749,0.17133498,0.18009554,-0.38135890,2.53648328,0.24091790,-2.72401749,1,0,1,1,1
1220,253958,0.17298840,0.22017551,-0.40811204,2.30620760,0.44105681,-2.69570321,1,0,1,1,1
1221,254166,0.14915138,0.25497405,-0.43069734,2.09164344,0.58621793,-2.61817647,1,0,1,1,1
1222,254375,0.13575172,0.30222189,-0.44539452,1.87771744,0.72574946,-2.54310262,1,0,1,1,1
1223,254583,0.11195149,0.33465088,-0.47090944,1.66507449,0.85811700,-2.45371476,1,0,1,1,1
1224,254791,0.08445918,0.39258742,-0.47852555,1.44039416,0.96317737,-2.36875172,1,0,1,1,1
1225,255000,0.05618969,0.44211423,-0.49055059,1.25544408,1.04213607,-2.23537926,1,0,1,1,1
1226,255208,0.01841154,0.47221467,-0.50219263,1.07592761,1.08474000,-2.12410338,1,0,1,1,1
1227,255416,-0.02305030,0.50739376,-0.50442488,0.89623650,1.14125371,-1.99065757,1,0,1,1,0
1228,255625,-0.07410341,0.56385416,-0.50116711,0.72013786,1.16757912,-1.85293530,1,0,1,1,0
1229,255833,-0.11968508,0.59851172,-0.50185666,0.54620021,1.15366591,-1.69473435,1,0,1,1,0
1230,256041,-0.16215634,0.63459083,-0.49715751,0.41587211,1.18045727,-1.55562284,1,0,1,1,0
1231,256249,-0.21107741,0.68343440,-0.46737692,0.30096681,1.14094815,-1.39563891,1,0,1,1,0
1232,256458,-0.25852155,0.71178758,-0.44796155,0.17812649,1.11712084,-1.25862853,1,0,1,1,0
1233,256666,-0.32390297,0.73432069,-0.42829016,0.09118847,1.04279304,-1.12068475,1,0,1,1,0
1234,256875,-0.37345902,0.76929249,-0.39429707,0.00320707,0.99327723,-0.98537208,1,0,1,1,0
1235,257083,-0.43611222,0.79173678,-0.35809227,-0.05021883,0.92018292,-0.85304600,1,0,1,1,0
1236,257291,-0.49791251,0.80627167,-0.31320506,-0.09254633,0.88464331,-0.71367075,1,0,1,1,0
1237,257500,-0.54027926,0.82674131,-0.27139367,-0.13455010,0.77026416,-0.61183470,1,0,1,1,0
1238,257708,-0.59943986,0.83065228,-0.22184677,-0.17478352,0.71648218,-0.50734456,1,0,1,1,0
1239,257916,-0.65703355,0.83207478,-0.15817032,-0.18700910,0.65075348,-0.41164680,1,0,1,1,0
1240,258125,-0.70236415,0.81755693,-0.10654367,-0.19319023,0.57568344,-0.34461636,1,0,1,1,0
1241,258333,-0.75748940,0.80927977,-0.05159018,-0.18556420,0.49189001,-0.30410761,1,0,1,1,0
1242,258541,-0.80015809,0.78746033,0.00902829,-0.17748849,0.44133597,-0.22023150,1,0,1,1,0
1243,258749,-0.84587012,0.77342277,0.07686545,-0.18381934,0.39670293,-0.18445779,1,0,1,1,0
1244,258958,-0.87519983,0.74961389,0.13389101,-0.17339436,0.33509767,-0.13714008,1,0,1,1,0
1245,259166,-0.91556817,0.70753011,0.19685394,-0.14604652,0.29387292,-0.11102954,1,0,1,1,0
1246,259375,-0.94049671,0.67035499,0.27102269,-0.15338939,0.25876228,-0.08508171,1,0,1,1,0
1247,259583,-0.95441326,0.62606923,0.33610245,-0.13915904,0.24377931,-0.07775479,1,0,1,1,0
1248,259791,-0.96449273,0.57640081,0.39618582,-0.14737734,0.22485209,-0.04713828,1,0,1,1,0
1249,260000,-0.96731874,0.52402892,0.44431076,-0.12663720,0.19087698,-0.04027588,0,0,0,0,0
1250,260208,-0.97114300,0.45971653,0.51697073,-0.12255032,0.17962233,-0.04364340,0,0,0,0,0
1251,260416,-0.97165964,0.41202352,0.56837938,-0.12900565,0.16817057,-0.04114037,0,0,0,0,0
1252,260625,-0.96256101,0.34694167,0.63270000,-0.15519904,0.16139020,-0.01571936,0,0,0,0,0
1253,260833,-0.95484886,0.29281638,0.67498567,-0.14278047,0.14566341,-0.00322093,0,0,0,0,0
1254,261041,-0.93392774,0.22563754,0.71904060,-0.14869571,0.12525169,-0.01182614,0,0,0,0,0
1255,261249,-0.92980927,0.15661247,0.77014641,-0.16062198,0.14946347,0.00729469,0,0,0,0,0
1256,261458,-0.89635955,0.11020216,0.81156373,-0.15571093,0.11380402,0.02900535,0,0,0,0,0
1257,261666,-0.86234944,0.03442249,0.86068742,-0.17041820,0.10082764,0.03978768,0,0,0,0,0
1258,261875,-0.83699426,-0.02873407,0.88627541,-0.15883223,0.10233467,0.05544047,0,0,0,0,0
1259,262083,-0.79765285,-0.08769317,0.92323825,-0.14484498,0.09442288,0.07166086,0,0,0,0,0
1260,262291,-0.76501864,-0.15856568,0.95177768,-0.14851807,0.05667465,0.07703083,0,0,0,0,0
1261,262500,-0.72288060,-0.21095551,0.98070601,-0.15063850,0.04968219,0.08113574,0,0,0,0,0
1262,262708,-0.68285197,-0.28638170,0.97646608,-0.16138985,0.03881097,0.10843465,0,0,0,0,0
1263,262916,-0.63260133,-0.34170847,1.00367700,-0.14715831,0.02884290,0.13008581,0,0,0,0,0
1264,263125,-0.58015344,-0.40494051,1.02025342,-0.14926232,0.02592667,0.10811953,0,0,0,0,0
1265,263333,-0.52636701,-0.46327148,1.01746279,-0.13072299,0.01514087,0.11222517,0,0,0,0,0
1266,263541,-0.48313233,-0.52650618,1.02719282,-0.12809098,-0.00050104,0.11970155,0,0,0,0,0
1267,263750,-0.41897704,-0.56692498,1.02584834,-0.13074303,-0.02761942,0.11745862,0,0,0,0,0
1268,263958,-0.35903872,-0.63552316,1.01913758,-0.11319357,-0.01813770,0.13551382,0,0,0,0,0
1269,264166,-0.28493743,-0.67799118,1.01080196,-0.09974124,-0.04669792,0.11861046,0,0,0,0,0
1270,264375,-0.22990423,-0.73122924,1.00881023,-0.10992465,-0.07890446,0.14887986,0,0,0,0,0
1271,264583,-0.17129488,-0.77708216,0.97268888,-0.09750392,-0.08210679,0.15973140,0,0,0,0,0
1272,264791,-0.10871695,-0.81976185,0.95405981,-0.08684944,-0.08304927,0.14320841,0,0,0,0,0
1273,265000,-0.04503460,-0.85254033,0.92844729,-0.07515387,-0.09810950,0.15684361,0,0,0,0,0
1274,265208,0.02342324,-0.88883279,0.89713019,-0.06612846,-0.10283924,0.15566925,0,0,0,0,0
1275,265416,0.09865866,-0.91406628,0.86106371,-0.06302962,-0.13267672,0.14278379,0,0,0,0,0
1276,265625,0.16723090,-0.94660709,0.82134919,-0.02326937,-0.12187049,0.13288028,0,0,0,0,0
1277,265833,0.21949742,-0.96432669,0.77792173,-0.02757400,-0.14125604,0.15728863,0,0,0,0,0
1278,266041,0.28216837,-0.98260373,0.72016019,-0.00112824,-0.16410849,0.13789520,0,0,0,0,0
1279,266250,0.34786348,-1.00154897,0.68077962,0.00208393,-0.19572717,0.13346531,0,0,0,0,0
1280,266458,0.40671524,-1.00859252,0.63593574,0.03355733,-0.19507170,0.14952235,0,0,0,0,0
1281,266666,0.45767213,-1.02088687,0.56490806,0.03800239,-0.19981947,0.13521859,0,0,0,0,0
1282,266875,0.51853609,-1.02120367,0.52809338,0.05408713,-0.20370421,0.10497584,0,0,0,0,0
1283,267083,0.58325152,-0.99914530,0.46999388,0.08226129,-0.20665503,0.11327915,0,0,0,0,0
1284,267291,0.63238606,-1.00487575,0.40929773,0.10511521,-0.24145051,0.10215552,0,0,0,0,0
1285,267500,0.67863721,-1.00091321,0.34697105,0.11964428,-0.21360422,0.08137024,0,0,0,0,0
1286,267708,0.72671109,-0.97204080,0.28857609,0.11764517,-0.23586950,0.07480324,0,0,0,0,0
1287,267916,0.77794472,-0.95675250,0.23138875,0.13214914,-0.22165545,0.04941120,0,0,0,0,0
1288,268125,0.81527528,-0.92334860,0.15737868,0.12762942,-0.22588309,0.05277654,0,0,0,0,0
1289,268333,0.85916942,-0.91515704,0.10254404,0.14308208,-0.25559198,0.05180744,0,0,0,0,0
1290,268541,0.88434517,-0.87749758,0.03294207,0.16705990,-0.23916825,0.04518763,0,0,0,0,0
1291,268750,0.92397104,-0.83626080,-0.03108913,0.16933672,-0.23854042,0.00741891,0,0,0,0,0
1292,268958,0.95257219,-0.79941231,-0.10178197,0.18397701,-0.23500785,0.00679591,0,0,0,0,0
1293,269166,0.96648851,-0.74664263,-0.16649045,0.18572789,-0.23672317,0.01974382,0,0,0,0,0
1294,269375,0.98674032,-0.71504530,-0.23457144,0.19985060,-0.25052530,0.00704888,0,0,0,0,0
1295,269583,1.00202066,-0.67411985,-0.29487041,0.20194403,-0.23625736,0.00277251,0,0,0,0,0
1296,269791,1.01647054,-0.62318198,-0.35975504,0.19442143,-0.23003895,-0.02038073,0,0,0,0,0
1297,270000,1.01610063,-0.55716278,-0.41590496,0.21138564,-0.22438103,-0.02292559,0,0,0,0,0
1298,270208,1.02281937,-0.50407735,-0.47128075,0.21066828,-0.23077726,-0.04723481,0,0,0,0,0
1299,270416,1.01450257,-0.44942836,-0.52176218,0.22073871,-0.19138157,-0.03199122,0,0,0,0,0
1300,270625,0.99625349,-0.38584670,-0.58202966,0.22405487,-0.19920096,-0.06696192,0,0,0,0,0
1301,270833,0.99863461,-0.32078326,-0.62670866,0.21287981,-0.19336080,-0.07060600,0,0,0,0,0
1302,271041,0.98965964,-0.26316818,-0.68173170,0.25032315,-0.18733279,-0.09029532,0,0,0,0,0
1303,271250,0.96273124,-0.20324757,-0.73251443,0.23464531,-0.18247364,-0.10184302,0,0,0,0,0
1304,271458,0.93744871,-0.13373592,-0.76474639,0.24076219,-0.16644558,-0.11837855,0,0,0,0,0
1305,271666,0.92039803,-0.07179310,-0.79667229,0.27516825,-0.14867532,-0.11996900,0,0,0,0,0
1306,271875,0.88004656,-0.00625358,-0.83518670,0.23703321,-0.12988345,-0.15323578,0,0,0,0,0
1307,272083,0.83794932,0.05619290,-0.87304174,0.22111421,-0.11681229,-0.15056254,0,0,0,0,0
1308,272291,0.80623652,0.13169804,-0.89164039,0.23999437,-0.12241743,-0.16044308,0,0,0,0,0
1309,272500,0.75857863,0.19962081,-0.92924406,0.24618181,-0.10768912,-0.18113051,0,0,0,0,0
1310,272708,0.71425078,0.25831052,-0.94896809,0.23695671,-0.09141440,-0.18897705,0,0,0,0,0
1311,272916,0.66865488,0.31861548,-0.96052750,0.23121962,-0.09107707,-0.17420626,0,0,0,0,0
1312,273125,0.61883925,0.37684740,-0.96847123,0.23029115,-0.08189653,-0.18465099,0,0,0,0,0
1313,273333,0.56330088,0.44476986,-0.97675251,0.22985592,-0.06381783,-0.19950197,0,0,0,0,0
1314,273541,0.50806023,0.50912427,-0.98585008,0.21265473,-0.04984989,-0.21614802,0,0,0,0,0
1315,273750,0.44513844,0.55637420,-0.98202286,0.20289547,-0.04471397,-0.20505789,0,0,0,0,0
1316,273958,0.38959553,0.60886920,-0.96601832,0.20498618,-0.03040888,-0.21594506,0,0,0,0,0
1317,274166,0.32340626,0.67384843,-0.96927983,0.19529106,-0.02565045,-0.23503332,0,0,0,0,0
1318,274375,0.26788067,0.72303522,-0.95693911,0.16120892,0.00674039,-0.22065011,0,0,0,0,0
1319,274583,0.20725375,0.77094459,-0.92157502,0.17288736,0.00514038,-0.22821782,0,0,0,0,0
1320,274791,0.14426230,0.79659125,-0.90357560,0.14880464,0.02691512,-0.21883673,0,0,0,0,0
1321,275000,0.06786820,0.84509726,-0.87427415,0.16542560,0.03446796,-0.22869616,0,0,0,0,0
1322,275208,-0.00071521,0.88036940,-0.85479782,0.13971417,0.05171962,-0.23621240,0,0,0,0,0
1323,275416,-0.05400839,0.90681032,-0.81338238,0.12240727,0.06226329,-0.22767067,0,0,0,0,0
1324,275625,-0.12216292,0.93963142,-0.76838756,0.11172852,0.06233440,-0.23504516,0,0,0,0,0
1325,275833,-0.19207284,0.95608786,-0.73757850,0.09493265,0.09769650,-0.23887502,0,0,0,0,0
1326,276041,-0.25840158,0.97825860,-0.68757803,0.07943277,0.08383336,-0.22380675,0,0,0,0,0
1327,276250,-0.32218780,0.99417210,-0.63976743,0.05333636,0.11092554,-0.22028463,0,0,0,0,0
1328,276458,-0.38775802,1.01407347,-0.59580883,0.02327745,0.10983447,-0.20751926,0,0,0,0,0
1329,276666,-0.44390698,1.01083618,-0.53897142,0.01952157,0.11530354,-0.19165236,0,0,0,0,0
1330,276875,-0.49812750,1.01327981,-0.48602351,0.00116763,0.12441243,-0.18845214,0,0,0,0,0
1331,277083,-0.55408231,1.01739637,-0.43034990,-0.00472085,0.14062697,-0.17179887,0,0,0,0,0
1332,277291,-0.61653801,1.01201347,-0.37182912,-0.01869570,0.14259570,-0.15898949,0,0,0,0,0
1333,277500,-0.66337208,1.00278804,-0.32108418,-0.03928285,0.12423076,-0.16201241,0,0,0,0,0
1334,277708,-0.71520424,0.98543000,-0.24430337,-0.06886382,0.14475092,-0.14827962,0,0,0,0,0
1335,277916,-0.75662580,0.97617416,-0.18449792,-0.06670806,0.14535512,-0.14812662,0,0,0,0,0
1336,278125,-0.80909042,0.94398482,-0.13124552,-0.06446074,0.15427091,-0.12771076,0,0,0,0,0
1337,278333,-0.83703272,0.91912596,-0.05912338,-0.09118536,0.15638048,-0.09273455,0,0,0,0,0
1338,278541,-0.87080384,0.88080648,0.00434064,-0.09304865,0.16297538,-0.08797208,0,0,0,0,0
1339,278750,-0.91257689,0.84942312,0.07244796,-0.10603111,0.16476489,-0.07043666,0,0,0,0,0
1340,278958,-0.93767444,0.81435480,0.13215451,-0.11230988,0.17885660,-0.06417887,0,0,0,0,0
1341,279166,-0.95521785,0.77358536,0.20883209,-0.12237476,0.19090684,-0.07687452,0,0,0,0,0
1342,279375,-0.98098040,0.73119836,0.26218898,-0.14999444,0.16444215,-0.04216345,0,0,0,0,0
1343,279583,-0.99574355,0.67691260,0.31975264,-0.15831550,0.18884220,-0.03189992,0,0,0,0,0
1344,279791,-1.01568083,0.63725359,0.38845317,-0.16409523,0.15302585,-0.02050041,0,0,0,0,0
1345,280000,-1.00730473,0.57670649,0.43464151,-0.17739586,0.14713623,-0.01602663,0,0,0,0,0
1346,280208,-1.02101631,0.51995068,0.49732037,-0.15371885,0.13099994,0.01006896,0,0,0,0,0
1347,280416,-1.01446876,0.46516774,0.54836604,-0.18021475,0.13316857,0.02548270,0,0,0,0,0
1348,280625,-1.00293612,0.39871844,0.61066401,-0.17550601,0.13166133,0.02286962,0,0,0,0,0
1349,280833,-0.99386159,0.34506680,0.65538347,-0.17135463,0.10935565,0.03442287,0,0,0,0,0
1350,281041,-0.97754995,0.29069351,0.71009968,-0.18006307,0.09415679,0.04234179,0,0,0,0,0
1351,281250,-0.95680749,0.21601017,0.74365846,-0.19137795,0.08873017,0.06068761,0,0,0,0,0
1352,281458,-0.93894340,0.16216486,0.79439109,-0.20329137,0.07017446,0.09535239,0,0,0,0,0
1353,281666,-0.91569925,0.08528003,0.83644351,-0.19345782,0.07440284,0.08226270,0,0,0,0,0
1354,281875,-0.88397282,0.01967665,0.86137606,-0.18173565,0.06039307,0.13142475,0,0,0,0,0
1355,282083,-0.84726627,-0.04093925,0.88613791,-0.20431034,0.03271287,0.15054307,0,0,0,0,0
1356,282291,-0.81493195,-0.10091141,0.92354683,-0.19816765,0.04982277,0.12802791,0,0,0,0,0
1357,282500,-0.77813641,-0.16062674,0.93934881,-0.18309705,0.02532752,0.15736679,0,0,0,0,0
1358,282708,-0.72753791,-0.22957870,0.95406331,-0.18664581,0.02906618,0.16265228,0,0,0,0,0
1359,282916,-0.67712620,-0.30068643,0.96807957,-0.18675207,0.03578657,0.17759711,0,0,0,0,0
1360,283125,-0.62421972,-0.36437094,0.98137803,-0.19550803,-0.01167328,0.17414322,0,0,0,0,0
1361,283333,-0.56930687,-0.41158491,0.99481356,-0.19138834,-0.00866001,0.17286816,0,0,0,0,0
1362,283541,-0.50845367,-0.48073307,0.98783315,-0.18420711,-0.01093260,0.19115576,0,0,0,0,0
1363,283750,-0.45804499,-0.53573393,0.99885572,-0.20046982,-0.01746300,0.21168982,0,0,0,0,0
1364,283958,-0.40240090,-0.58406207,0.98376814,-0.17858235,-0.05242857,0.18977995,0,0,0,0,0
1365,284166,-0.35113822,-0.63872492,0.97860084,-0.18459830,-0.04424211,0.21708055,0,0,0,0,0
1366,284375,-0.28939259,-0.68831392,0.95387558,-0.16661882,-0.04109740,0.20515947,0,0,0,0,0
1367,284583,-0.21699403,-0.72695217,0.93568878,-0.15449095,-0.06525653,0.23169419,0,0,0,0,0
1368,284791,-0.15563325,-0.77048647,0.90879362,-0.16047929,-0.07887751,0.24219416,0,0,0,0,0
1369,285000,-0.09487287,-0.80351867,0.88546030,-0.15291609,-0.08639096,0.22175359,0,0,0,0,0
1370,285208,-0.01985795,-0.83935510,0.85429175,-0.12983409,-0.11092702,0.23428710,0,0,0,0,0
1371,285416,0.03966949,-0.87429126,0.81364855,-0.11863602,-0.13478402,0.23808983,0,0,0,0,0
1372,285625,0.11447700,-0.89741618,0.78341015,-0.10838820,-0.12143749,0.24923554,0,0,0,0,0
1373,285833,0.16558896,-0.92421263,0.73000025,-0.09078876,-0.15756609,0.23182359,0,0,0,0,0
1374,286041,0.23118419,-0.94551454,0.69587243,-0.09105144,-0.14686925,0.23597246,0,0,0,0,0
1375,286250,0.29467449,-0.96102650,0.63418296,-0.05186957,-0.14495383,0.21960621,0,0,0,0,0
1376,286458,0.36107671,-0.97459730,0.58845228,-0.02817544,-0.18271136,0.19360930,0,0,0,0,0
1377,286666,0.41276449,-0.97352075,0.54024761,-0.02373627,-0.16939963,0.19493020,0,0,0,0,0
1378,286875,0.46805506,-0.97087425,0.49209588,-0.01479831,-0.17359616,0.21320145,0,0,0,0,0
1379,287083,0.53011155,-0.97478293,0.42330480,-0.00629809,-0.18532387,0.19641183,0,0,0,0,0
1380,287291,0.58084048,-0.96216027,0.36468376,0.00961529,-0.18588763,0.20259959,0,0,0,0,0
1381,287500,0.63190202,-0.95527728,0.30973681,0.01921570,-0.18937901,0.16151457,0,0,0,0,0
1382,287708,0.68611785,-0.94662297,0.24366625,0.01633237,-0.18761148,0.17316095,0,0,0,0,0
1383,287916,0.72937200,-0.92080688,0.18181803,0.02769555,-0.20454318,0.15667565,0,0,0,0,0
1384,288125,0.76952395,-0.90490984,0.11435688,0.04384191,-0.19689292,0.12472523,0,0,0,0,0
1385,288333,0.79483232,-0.87806235,0.05651822,0.06996009,-0.20035312,0.16037702,0,0,0,0,0
1386,288541,0.84231806,-0.84704831,-0.01142523,0.07385210,-0.20579647,0.12628360,0,0,0,0,0
1387,288750,0.87170111,-0.80698999,-0.08536037,0.08573833,-0.19710619,0.10422466,0,0,0,0,0
1388,288958,0.89649105,-0.76486195,-0.14713037,0.08132078,-0.19695828,0.11013191,0,0,0,0,0
1389,289166,0.92567283,-0.72585934,-0.20892999,0.08823107,-0.20585194,0.10314093,0,0,0,0,0
1390,289375,0.95116599,-0.69451451,-0.28408650,0.09414762,-0.19327511,0.08924350,0,0,0,0,0
1391,289583,0.95971480,-0.63704646,-0.34195483,0.11173524,-0.18903856,0.09254280,0,0,0,0,0
1392,289791,0.97442239,-0.59384497,-0.39217185,0.12426129,-0.17557321,0.06193037,0,0,0,0,0
1393,290000,0.98267247,-0.52881666,-0.46598064,0.12507171,-0.15770974,0.05991149,0,0,0,0,0
1394,290208,0.97853540,-0.48614359,-0.52095402,0.15733147,-0.16191057,0.02941570,0,0,0,0,0
1395,290416,0.97438433,-0.42720143,-0.57167138,0.13906807,-0.15917843,0.03591481,0,0,0,0,0
1396,290625,0.97051944,-0.37934363,-0.63381414,0.14146776,-0.12939063,0.01474205,0,0,0,0,0
1397,290833,0.96293717,-0.29773753,-0.68850535,0.14234147,-0.11555285,-0.00261639,0,0,0,0,0
1398,291041,0.94974506,-0.24918258,-0.73067060,0.15307709,-0.12757491,-0.00918601,0,0,0,0,0
1399,291250,0.93241418,-0.19209011,-0.77440167,0.15683564,-0.12524339,-0.03273933,0,0,0,0,0
1400,291458,0.90166906,-0.11683647,-0.82291209,0.14567005,-0.09165733,-0.04414466,0,0,0,0,0
1401,291666,0.86688011,-0.06346105,-0.85378338,0.13764483,-0.09224249,-0.06397395,0,0,0,0,0
1402,291875,0.84335202,0.01489259,-0.89375179,0.15719988,-0.06884263,-0.05699938,0,0,0,0,0
1403,292083,0.80017108,0.07347210,-0.91161273,0.15541811,-0.03392157,-0.06263739,0,0,0,0,0
1404,292291,0.76487947,0.12978951,-0.94726229,0.16775977,-0.05442988,-0.08797984,0,0,0,0,0
1405,292500,0.72364505,0.20231105,-0.97294474,0.13321306,-0.03138170,-0.12068361,0,0,0,0,0
1406,292708,0.68001584,0.26508873,-0.99384956,0.15380037,-0.02357396,-0.09691780,0,0,0,0,0
1407,292916,0.64177677,0.32727223,-0.99345753,0.16325791,-0.01505519,-0.09312530,0,0,0,0,0
1408,293125,0.58980291,0.39554608,-1.01522825,0.14055891,0.01817598,-0.11467595,0,0,0,0,0
1409,293333,0.53915754,0.44194687,-1.02730876,0.14783125,0.00973040,-0.13814767,0,0,0,0,0
1410,293541,0.48607711,0.50799049,-1.02185843,0.13717360,0.01746529,-0.14949730,0,0,0,0,0
1411,293750,0.41578902,0.56169102,-1.02874131,0.12894230,0.00820755,-0.13956298,0,0,0,0,0
1412,293958,0.36762299,0.62236133,-1.01526117,0.11242650,0.03837201,-0.15620818,0,0,0,0,0
1413,294166,0.30523361,0.66478693,-1.00264506,0.10844444,0.07305755,-0.15022316,0,0,0,0,0
1414,294375,0.24692151,0.71415160,-0.98181968,0.12295591,0.05684259,-0.16367777,0,0,0,0,0
1415,294583,0.18867408,0.76630734,-0.97211878,0.13175707,0.10029830,-0.17332775,0,0,0,0,0
1416,294791,0.11494438,0.79246851,-0.93872755,0.08166907,0.09939676,-0.16842685,0,0,0,0,0
1417,295000,0.05479482,0.84093058,-0.91063614,0.08416046,0.10584537,-0.18099298,0,0,0,0,0
1418,295208,-0.01845774,0.87190060,-0.89531723,0.09168791,0.12682932,-0.16475356,0,0,0,0,0
1419,295416,-0.07646304,0.90272482,-0.84959242,0.06431741,0.13561350,-0.16432079,0,0,0,0,0
1420,295625,-0.14125286,0.92157009,-0.81606749,0.04396213,0.12471004,-0.17056046,0,0,0,0,0
1421,295833,-0.20034127,0.95124933,-0.76932048,0.01698347,0.16127310,-0.17103862,0,0,0,0,0
1422,296041,-0.27284948,0.97045955,-0.72136111,0.03020558,0.17871597,-0.16116820,0,0,0,0,0
1423,296250,-0.33051412,0.98360987,-0.67268644,0.00253344,0.17844888,-0.16717399,0,0,0,0,0
1424,296458,-0.39385499,0.98994067,-0.62702914,-0.00361919,0.16989839,-0.16630166,0,0,0,0,0
1425,296666,-0.45737981,0.99573202,-0.57307639,-0.01643850,0.20293706,-0.12166682,0,0,0,0,0
1426,296875,-0.51613432,1.00535390,-0.51997576,-0.03520379,0.19774933,-0.14156692,0,0,0,0,0
1427,297083,-0.56104480,0.99420341,-0.46488193,-0.07089133,0.20919453,-0.13090048,0,0,0,0,0
1428,297291,-0.62710607,0.98741644,-0.39978258,-0.04789796,0.20943340,-0.12533444,0,0,0,0,0
1429,297500,-0.66596302,0.97879129,-0.34188028,-0.07773283,0.20807602,-0.11578397,0,0,0,0,0
1430,297708,-0.71414584,0.97341592,-0.28666390,-0.09369007,0.23780441,-0.10941262,0,0,0,0,0
1431,297916,-0.76021487,0.95039068,-0.20462509,-0.10621209,0.24185454,-0.08768108,0,0,0,0,0
1432,298125,-0.78631149,0.92342163,-0.15833143,-0.09573929,0.22252519,-0.09112133,0,0,0,0,0
1433,298333,-0.84293123,0.89918965,-0.08757980,-0.12934963,0.26018810,-0.06499331,0,0,0,0,0
1434,298541,-0.86839981,0.85933648,-0.02046501,-0.11016916,0.24561421,-0.06230796,0,0,0,0,0
1435,298750,-0.90254656,0.82453494,0.04882332,-0.14048277,0.22909604,-0.06584413,0,0,0,0,0
1436,298958,-0.93493742,0.79486665,0.11082740,-0.15956354,0.23661782,-0.05333194,0,0,0,0,0
1437,299166,-0.95908507,0.74300069,0.17110908,-0.15646050,0.24363089,-0.02337376,0,0,0,0,0
1438,299375,-0.96581875,0.70859260,0.23619582,-0.14950335,0.23895495,-0.02496855,0,0,0,0,0
1439,299583,-0.97808223,0.65748428,0.29754344,-0.17837927,0.23730858,-0.01434641,0,0,0,0,0
1440,299791,-0.99778279,0.60412103,0.36671569,-0.18338680,0.24241140,0.01397959,0,0,0,0,0
1441,300000,-0.99935415,0.55024869,0.41601513,-0.19203706,0.23263298,-0.00126813,0,0,0,0,0
1442,300208,-1.00843239,0.48912282,0.47642603,-0.18885996,0.19730902,0.02231733,0,0,0,0,0
1443,300416,-0.99855039,0.42615833,0.54192235,-0.18237319,0.20559825,0.02446162,0,0,0,0,0
1444,300625,-0.98805587,0.37607697,0.58925674,-0.22626173,0.20014489,0.01622227,0,0,0,0,0
1445,300833,-0.98935281,0.30739497,0.64307136,-0.19780136,0.18196272,0.04587222,0,0,0,0,0
1446,301041,-0.97262370,0.24429785,0.68934114,-0.20496246,0.17645991,0.06023420,0,0,0,0,0
1447,301250,-0.94603727,0.18292342,0.74192981,-0.21610667,0.16205126,0.06738956,0,0,0,0,0
1448,301458,-0.92394864,0.11434036,0.79137231,-0.21888032,0.14317899,0.06356007,0,0,0,0,0
1449,301666,-0.89307920,0.05203455,0.82692139,-0.20304765,0.13547127,0.10485428,0,0,0,0,0
1450,301875,-0.86912754,-0.01251946,0.85108294,-0.21399260,0.11120501,0.10367739,0,0,0,0,0
1451,302083,-0.83249113,-0.07373248,0.88649627,-0.20710429,0.11705100,0.11315992,0,0,0,0,0
1452,302291,-0.78503951,-0.14582788,0.91456502,-0.21711157,0.12242696,0.15689328,0,0,0,0,0
1453,302500,-0.75109842,-0.21015920,0.93095148,-0.22077582,0.09146721,0.15333472,0,0,0,0,0
1454,302708,-0.70909680,-0.27146153,0.95539631,-0.20507020,0.08993857,0.15548684,0,0,0,0,0
1455,302916,-0.65347183,-0.33124918,0.98130381,-0.18459572,0.08571787,0.18174769,0,0,0,0,0
1456,303125,-0.60394312,-0.38924964,0.98769607,-0.18201524,0.05803674,0.16969931,0,0,0,0,0
1457,303333,-0.54524685,-0.45298225,0.98937977,-0.17563190,0.05735462,0.18878021,0,0,0,0,0
1458,303541,-0.48762943,-0.51683165,0.98950163,-0.19269683,0.01895546,0.19449948,0,0,0,0,0
1459,303750,-0.43864418,-0.56701433,0.98877075,-0.18338547,0.01776173,0.17896877,0,0,0,0,0
1460,303958,-0.37745225,-0.62277963,0.98212931,-0.18287795,0.00169939,0.18980949,0,0,0,0,0
1461,304166,-0.31393066,-0.67255660,0.97541313,-0.17589207,-0.00300557,0.19553301,0,0,0,0,0
1462,304375,-0.25864664,-0.72674890,0.95271682,-0.16516666,-0.01561772,0.20907278,0,0,0,0,0
1463,304583,-0.18960606,-0.76949777,0.94738413,-0.14903952,-0.01989058,0.21253268,0,0,0,0,0
1464,304791,-0.12629039,-0.81608208,0.91942581,-0.12954157,-0.03859209,0.20511596,0,0,0,0,0
1465,305000,-0.05886397,-0.85702326,0.89053266,-0.14086193,-0.06299699,0.18904478,0,0,0,0,0
1466,305208,0.00751568,-0.88596860,0.86101490,-0.12346205,-0.07472083,0.20430868,0,0,0,0,0
1467,305416,0.07537404,-0.92009971,0.83863014,-0.11392610,-0.08929975,0.20706952,0,0,0,0,0
1468,305625,0.14559665,-0.94030516,0.79149512,-0.07806957,-0.08801783,0.19660841,0,0,0,0,0
1469,305833,0.20718644,-0.96122560,0.74633045,-0.05719420,-0.09463152,0.20396459,0,0,0,0,0
1470,306041,0.27693586,-0.98560142,0.70793213,-0.04569468,-0.11636876,0.19709168,0,0,0,0,0
1471,306250,0.32255733,-0.99779553,0.65598223,-0.05455674,-0.11656310,0.18239800,0,0,0,0,0
1472,306458,0.38519964,-1.01301054,0.60215049,-0.02231741,-0.12731343,0.18628146,0,0,0,0,0
1473,306666,0.45655901,-1.01267070,0.55287982,-0.00370985,-0.16084315,0.16025216,0,0,0,0,0
1474,306875,0.50464035,-1.02425510,0.50114511,0.00852566,-0.15578097,0.16459355,0,0,0,0,0
1475,307083,0.56620483,-1.00914356,0.44235747,0.03307200,-0.16535235,0.14116561,0,0,0,0,0
1476,307291,0.62612419,-1.02463046,0.38032022,0.03179499,-0.16408087,0.14493238,0,0,0,0,0
1477,307500,0.67752763,-0.99637269,0.31975459,0.05873734,-0.17554606,0.14220126,0,0,0,0,0
1478,307708,0.71662258,-0.98160383,0.26978692,0.06174760,-0.18221695,0.13412489,0,0,0,0,0
1479,307916,0.76719565,-0.96530993,0.20063329,0.08898936,-0.18226630,0.11189473,0,0,0,0,0
1480,308125,0.80698916,-0.94777681,0.13695198,0.08571090,-0.16626470,0.12261975,0,0,0,0,0
1481,308333,0.84069436,-0.91945111,0.07417715,0.11259983,-0.19937046,0.09009803,0,0,0,0,0
1482,308541,0.88609262,-0.88227674,0.01041506,0.10945294,-0.20143263,0.08164557,0,0,0,0,0
1483,308750,0.92328609,-0.84950038,-0.07335916,0.12060941,-0.18167024,0.07578601,0,0,0,0,0
1484,308958,0.94479457,-0.80612782,-0.11496213,0.15375085,-0.18923016,0.05428681,0,0,0,0,0
1485,309166,0.96730756,-0.77157881,-0.18332476,0.14530183,-0.19185743,0.05686569,0,0,0,0,0
1486,309375,0.98384829,-0.73441111,-0.25571675,0.14332143,-0.18487883,0.03342187,0,0,0,0,0
1487,309583,0.99542452,-0.67250596,-0.32130441,0.16892135,-0.18519820,0.02368832,0,0,0,0,0
1488,309791,0.99904713,-0.62108189,-0.37245118,0.16855977,-0.18590440,0.01357466,0,0,0,0,0
1489,310000,1.02268574,-0.57210759,-0.42688777,0.17507849,-0.19047711,-0.00416589,0,0,0,0,0
1490,310208,1.02178327,-0.52225840,-0.48182863,0.16853019,-0.16566787,-0.00586449,0,0,0,0,0
1491,310416,1.01980364,-0.46662520,-0.54173087,0.20314201,-0.13907517,-0.02755450,0,0,0,0,0
1492,310625,1.01439864,-0.39686739,-0.59439292,0.20641696,-0.14981542,-0.02035424,0,0,0,0,0
1493,310833,1.00619370,-0.34493538,-0.65303791,0.20807376,-0.12640954,-0.05404413,0,0,0,0,0
1494,311041,0.98844949,-0.27626651,-0.69529053,0.20446674,-0.11894856,-0.04909576,0,0,0,0,0
1495,311250,0.96372248,-0.20835121,-0.73701723,0.19138620,-0.10276996,-0.08579372,0,0,0,0,0
1496,311458,0.94234448,-0.13948605,-0.78042662,0.23718746,-0.10094648,-0.09660270,0,0,0,0,0
1497,311666,0.91376736,-0.09202803,-0.81984995,0.22273176,-0.08718551,-0.09872016,0,0,0,0,0
1498,311875,0.88597655,-0.02632009,-0.85569304,0.24772597,-0.08257742,-0.13219775,0,0,0,0,0
1499,312083,0.85321816,0.03323774,-0.88143938,0.21153066,-0.08980345,-0.13757845,0,0,0,0,0
1500,312291,0.80452524,0.10279222,-0.91382621,0.20733606,-0.05834940,-0.12727285,0,0,0,0,0
1501,312500,0.76559961,0.17769809,-0.93105730,0.23329720,-0.04784028,-0.16856040,0,0,0,0,0
1502,312708,0.72489857,0.24131905,-0.95228786,0.21446824,-0.04774949,-0.16993595,0,0,0,0,0
1503,312916,0.67249099,0.29425305,-0.96278839,0.22013797,-0.03605342,-0.19305610,0,0,0,0,0
1504,313125,0.62468813,0.36940231,-0.97340391,0.20637057,-0.01926007,-0.17519155,0,0,0,0,0
1505,313333,0.57801602,0.42614007,-0.98213702,0.17625201,-0.01411715,-0.18817609,0,0,0,0,0
1506,313541,0.52340592,0.48819505,-0.98463951,0.20073612,-0.00468768,-0.21570161,0,0,0,0,0
1507,313750,0.45971887,0.54444362,-0.98442313,0.18518975,0.01578567,-0.20666017,0,0,0,0,0
1508,313958,0.39824758,0.59296857,-0.97109711,0.18311035,0.01319989,-0.21547682,0,0,0,0,0
1509,314166,0.33885967,0.63801215,-0.97340659,0.17211535,0.02902104,-0.23645917,0,0,0,0,0
1510,314375,0.27316406,0.68492550,-0.94731054,0.16395650,0.03582494,-0.22313947,0,0,0,0,0
1511,314583,0.21213937,0.74402642,-0.93859520,0.16069567,0.03916036,-0.23348068,0,0,0,0,0
1512,314791,0.15553785,0.77173169,-0.90819129,0.15506561,0.06208543,-0.22245298,0,0,0,0,0
1513,315000,0.08131065,0.81369885,-0.87068360,0.15356220,0.06197126,-0.22498764,0,0,0,0,0
1514,315208,0.01496996,0.85196630,-0.85952124,0.13229430,0.07912207,-0.24570607,0,0,0,0,0
1515,315416,-0.03501424,0.87529516,-0.81171339,0.10749063,0.12007766,-0.23205759,0,0,0,0,0
1516,315625,-0.10761007,0.90935866,-0.77025739,0.07596194,0.10831932,-0.22417827,0,0,0,0,0
1517,315833,-0.18413592,0.93189958,-0.73022374,0.09558463,0.11314866,-0.22583383,0,0,0,0,0
1518,316041,-0.23796107,0.95121846,-0.68020951,0.07258222,0.11491260,-0.22012462,0,0,0,0,0
1519,316250,-0.30050776,0.96864883,-0.64420327,0.05485758,0.14528174,-0.21867057,0,0,0,0,0
1520,316458,-0.36495470,0.97560491,-0.58687936,0.05181140,0.14739439,-0.21342658,0,0,0,0,0
1521,316666,-0.42269989,0.99145783,-0.53312780,0.02192156,0.13384076,-0.21011351,0,0,0,0,0
1522,316875,-0.47708747,0.98176407,-0.47895552,0.01811476,0.15358442,-0.20033953,0,0,0,0,0
1523,317083,-0.53591734,0.97413298,-0.42254602,0.01672236,0.15750243,-0.19184834,0,0,0,0,0
1524,317291,-0.58921127,0.97522406,-0.35598810,-0.01381320,0.18142261,-0.16391325,0,0,0,0,0
1525,317500,-0.64219113,0.96913515,-0.30349741,-0.01986816,0.16990295,-0.16388218,0,0,0,0,0
1526,317708,-0.69070282,0.96178744,-0.23735525,-0.06346448,0.19594597,-0.16829882,0,0,0,0,0
1527,317916,-0.73534548,0.93664152,-0.18722451,-0.04140062,0.17857830,-0.13319529,0,0,0,0,0
1528,318125,-0.78455552,0.90239175,-0.10704128,-0.05457002,0.19231284,-0.14188317,0,0,0,0,0
1529,318333,-0.81152521,0.88349960,-0.05613224,-0.08017837,0.18661652,-0.11611643,0,0,0,0,0
1530,318541,-0.84795848,0.85156308,0.01554677,-0.07214066,0.18625519,-0.12489898,0,0,0,0,0
1531,318750,-0.87997341,0.81888484,0.07513308,-0.08183051,0.19612984,-0.11837132,0,0,0,0,0
1532,318958,-0.91323844,0.78225487,0.15532959,-0.09205772,0.18787708,-0.09647280,0,0,0,0,0
1533,319166,-0.92895369,0.74174591,0.20567035,-0.10163150,0.19627604,-0.09014861,0,0,0,0,0
1534,319375,-0.95898958,0.69616547,0.28496252,-0.11410905,0.17362187,-0.08656010,0,0,0,0,0
1535,319583,-0.96104230,0.64875375,0.34300760,-0.11502815,0.16976273,-0.07685999,0,0,0,0,0
1536,319791,-0.99088525,0.60529386,0.39606408,-0.12788973,0.17917906,-0.04047306,0,0,0,0,0
1537,320000,-0.98761334,0.54468589,0.47131333,-0.13248911,0.15650554,-0.04461730,0,0,0,0,0
1538,320208,-0.99227551,0.50816795,0.52518586,-0.15574261,0.14628934,-0.05053181,0,0,0,0,0
1539,320416,-0.99273378,0.43897062,0.57510480,-0.14379420,0.14621031,-0.02216824,0,0,0,0,0
1540,320625,-0.97910723,0.37132009,0.62760724,-0.12066734,0.12260561,-0.01081579,0,0,0,0,0
1541,320833,-0.96579131,0.32133845,0.68029292,-0.15972813,0.11412355,0.01401929,0,0,0,0,0
1542,321041,-0.95134010,0.25943953,0.72919248,-0.15665001,0.12372457,0.03425884,0,0,0,0,0
1543,321250,-0.94191925,0.18997009,0.76997152,-0.16663785,0.10194164,0.06084140,0,0,0,0,0
1544,321458,-0.91962193,0.12956902,0.81349940,-0.16515642,0.07607195,0.03964649,0,0,0,0,0
1545,321666,-0.89286645,0.06688544,0.85734019,-0.16782805,0.08693704,0.04944035,0,0,0,0,0
1546,321875,-0.85906850,-0.00425051,0.88733867,-0.17113488,0.07193460,0.08551542,0,0,0,0,0
1547,322083,-0.82497250,-0.05894753,0.92093460,-0.17402445,0.04545082,0.10036610,0,0,0,0,0
1548,322291,-0.77790741,-0.12915430,0.94816686,-0.16069357,0.01944087,0.07390998,0,0,0,0,0
1549,322500,-0.73282608,-0.19632707,0.95720406,-0.17565959,0.03521081,0.09144061,0,0,0,0,0
1550,322708,-0.69735832,-0.25664110,0.98666361,-0.18177754,0.01793354,0.11954689,0,0,0,0,0
1551,322916,-0.66299936,-0.31736655,0.99895513,-0.17685083,0.00265086,0.13882601,0,0,0,0,0
1552,323125,-0.60469868,-0.37601962,1.00908492,-0.16812808,0.00022567,0.09703333,0,0,0,0,0
1553,323333,-0.54455889,-0.43321975,1.01606912,-0.16259994,-0.01332599,0.14775388,0,0,0,0,0
1554,323541,-0.49580837,-0.50409411,1.01260000,-0.15340472,-0.04381363,0.15380072,0,0,0,0,0
1555,323750,-0.42957430,-0.54860995,1.01619848,-0.15563575,-0.03467656,0.15810299,0,0,0,0,0
1556,323958,-0.38083505,-0.60005506,1.00202599,-0.13440442,-0.05463772,0.17395551,0,0,0,0,0
1557,324166,-0.31185403,-0.65406007,0.99413457,-0.13953825,-0.05740804,0.19230656,0,0,0,0,0
1558,324375,-0.26058644,-0.70167064,0.97991366,-0.12586352,-0.05453129,0.16646366,0,0,0,0,0
1559,324583,-0.19401306,-0.74679057,0.95892253,-0.11894391,-0.08114564,0.18609332,0,0,0,0,0
1560,324791,-0.12131842,-0.78991891,0.93231658,-0.09986004,-0.09660092,0.17749703,0,0,0,0,0
1561,325000,-0.06602311,-0.82891408,0.91080066,-0.08242326,-0.11528747,0.18367928,0,0,0,0,0
1562,325208,0.00186108,-0.85794744,0.88591198,-0.09511700,-0.11659624,0.16463096,0,0,0,0,0
1563,325416,0.06637985,-0.90450703,0.85519082,-0.07677839,-0.14210255,0.18337525,0,0,0,0,0
1564,325625,0.13061459,-0.92204526,0.80182206,-0.05748584,-0.15448245,0.17911043,0,0,0,0,0
1565,325833,0.19469469,-0.93814157,0.75192561,-0.05503073,-0.15722878,0.19387742,0,0,0,0,0
1566,326041,0.25722858,-0.94983456,0.70976395,-0.04346663,-0.16782353,0.17202382,0,0,0,0,0
1567,326250,0.31483866,-0.96718824,0.66242282,-0.01686484,-0.19843027,0.19137128,0,0,0,0,0
1568,326458,0.37548028,-0.97894083,0.62442327,-0.00259727,-0.19018098,0.17709007,0,0,0,0,0
1569,326666,0.44515043,-0.98449201,0.55485661,0.00138180,-0.20564257,0.15757740,0,0,0,0,0
1570,326875,0.49904897,-0.98885162,0.50766428,0.01356194,-0.17961006,0.15630754,0,0,0,0,0
1571,327083,0.54500673,-0.99223010,0.46168558,0.04310669,-0.21558032,0.13962510,0,0,0,0,0
1572,327291,0.61319112,-0.98095171,0.38796602,0.04090026,-0.20207940,0.12773284,0,0,0,0,0
1573,327500,0.65832146,-0.96888909,0.33059129,0.04846731,-0.21932097,0.14713627,0,0,0,0,0
1574,327708,0.70750113,-0.94995208,0.27186700,0.05190484,-0.22110797,0.11606851,0,0,0,0,0
1575,327916,0.74280702,-0.94296366,0.20494819,0.07837092,-0.22507738,0.12470462,0,0,0,0,0
1576,328125,0.79152880,-0.91070795,0.14002976,0.07146274,-0.20283008,0.07978559,0,0,0,0,0
1577,328333,0.82639256,-0.88386103,0.08092237,0.10909038,-0.23589486,0.07822581,0,0,0,0,0
1578,328541,0.86248118,-0.86701804,0.00057608,0.08920533,-0.23503772,0.09658537,0,0,0,0,0
1579,328750,0.89788387,-0.81565761,-0.05301479,0.12670127,-0.21752751,0.06484877,0,0,0,0,0
1580,328958,0.92004888,-0.78110865,-0.11752862,0.15176819,-0.22082173,0.08034051,0,0,0,0,0
1581,329166,0.93361117,-0.73500053,-0.17953257,0.11636408,-0.23594477,0.08480928,0,0,0,0,0
1582,329375,0.96511101,-0.69653516,-0.25299431,0.16027842,-0.24137465,0.05370778,0,0,0,0,0
1583,329583,0.97828129,-0.64348250,-0.31757542,0.14960286,-0.21241128,0.03606872,0,0,0,0,0
1584,329791,0.98928870,-0.59940414,-0.37982234,0.16759513,-0.19502434,0.00895752,0,0,0,0,0
1585,330000,0.99336924,-0.54647626,-0.43040494,0.17682945,-0.20244426,0.01536901,0,0,0,0,0
1586,330208,0.99743322,-0.48610722,-0.48959602,0.19621481,-0.20566752,0.01211011,0,0,0,0,0
1587,330416,0.99449669,-0.42510967,-0.55638089,0.17253193,-0.19258219,-0.00807623,0,0,0,0,0
1588,330625,0.97974309,-0.36390889,-0.60416261,0.17871962,-0.17346512,0.00425655,0,0,0,0,0
1589,330833,0.96743488,-0.30688149,-0.65347649,0.17453378,-0.16263283,-0.02165239,0,0,0,0,0
1590,331041,0.95689201,-0.23765145,-0.69699274,0.17677558,-0.15384788,-0.05500063,0,0,0,0,0
1591,331250,0.93940173,-0.17987967,-0.74855125,0.20678643,-0.13791514,-0.05767380,0,0,0,0,0
1592,331458,0.91536426,-0.10859099,-0.78993655,0.18898601,-0.13181433,-0.06709642,0,0,0,0,0
1593,331666,0.88952763,-0.05809331,-0.83251541,0.19543467,-0.13801082,-0.08455427,0,0,0,0,0
1594,331875,0.85477344,0.01793006,-0.87098928,0.19487576,-0.11123239,-0.08810043,0,0,0,0,0
1595,332083,0.81261816,0.07675939,-0.89510121,0.20340445,-0.10747314,-0.09284498,0,0,0,0,0
1596,332291,0.77283996,0.14774761,-0.92087107,0.18771349,-0.08324816,-0.12817752,0,0,0,0,0
1597,332500,0.74121946,0.20308672,-0.94996872,0.17261034,-0.08501851,-0.12234621,0,0,0,0,0
1598,332708,0.69336829,0.26499022,-0.97166305,0.16276312,-0.07509563,-0.15463633,0,0,0,0,0
1599,332916,0.64382867,0.33150222,-0.98164182,0.19799101,-0.03350800,-0.15413037,0,0,0,0,0
1600,333125,0.59252226,0.39505098,-0.99399798,0.18107979,-0.01426121,-0.13757630,0,0,0,0,0
1601,333333,0.53566823,0.46110231,-1.00437135,0.15939105,-0.02794488,-0.16247974,0,0,0,0,0
1602,333541,0.49631026,0.51250987,-1.01110848,0.15601191,-0.00260793,-0.16404078,0,0,0,0,0
1603,333750,0.42872078,0.56451353,-1.00946788,0.15208403,-0.00757656,-0.18044166,0,0,0,0,0
1604,333958,0.36938645,0.62007113,-0.99524243,0.17120643,0.01455524,-0.15669767,0,0,0,0,0
1605,334166,0.31102329,0.67029354,-0.98329255,0.14918090,0.01604672,-0.18256817,0,0,0,0,0
1606,334375,0.24797568,0.72387984,-0.97439219,0.12258653,0.03497061,-0.17931977,0,0,0,0,0
1607,334583,0.18447883,0.77336528,-0.95087086,0.12511719,0.03920542,-0.18452912,0,0,0,0,0
1608,334791,0.11923075,0.81092038,-0.93541751,0.13362906,0.05729415,-0.17842486,0,0,0,0,0
1609,335000,0.05209587,0.85851086,-0.89247941,0.11127649,0.07043298,-0.18597633,0,0,0,0,0
1610,335208,-0.01096181,0.88145433,-0.87372562,0.08860973,0.09023019,-0.20483727,0,0,0,0,0
1611,335416,-0.07645042,0.91599922,-0.84607793,0.09933390,0.09363103,-0.20703575,0,0,0,0,0
1612,335625,-0.13968897,0.94882046,-0.80087770,0.07166801,0.11905998,-0.18596020,0,0,0,0,0
1613,335833,-0.21727791,0.96100101,-0.76247357,0.06477550,0.11534039,-0.18780779,0,0,0,0,0
1614,336041,-0.26764388,0.98243465,-0.71729287,0.04022419,0.12634038,-0.18269622,0,0,0,0,0
1615,336250,-0.34457806,1.00098247,-0.66159199,0.04383249,0.14301057,-0.17867836,0,0,0,0,0
1616,336458,-0.40228403,1.00915505,-0.61249039,0.00701079,0.14422009,-0.16719095,0,0,0,0,0
1617,336666,-0.45989551,1.01681336,-0.56189572,-0.00101420,0.15006685,-0.16365848,0,0,0,0,0
1618,336875,-0.51926819,1.02182943,-0.50430541,-0.02386744,0.17720252,-0.16444614,0,0,0,0,0
1619,337083,-0.57724557,1.01158887,-0.45710754,-0.03100276,0.17915664,-0.14931150,0,0,0,0,0
1620,337291,-0.61858571,1.00767401,-0.39473593,-0.07568967,0.18730062,-0.13661394,0,0,0,0,0
1621,337500,-0.66695234,0.99470230,-0.32404082,-0.05549247,0.18547099,-0.12961389,0,0,0,0,0
1622,337708,-0.72392674,0.98201515,-0.27251747,-0.07594334,0.19738403,-0.12519718,0,0,0,0,0
1623,337916,-0.76764219,0.95769768,-0.20812781,-0.06995473,0.19759382,-0.08974551,0,0,0,0,0
1624,338125,-0.81083462,0.94344404,-0.14345280,-0.11180690,0.19076077,-0.09143323,0,0,0,0,0
1625,338333,-0.84917391,0.91481865,-0.07510174,-0.11086324,0.21248618,-0.08811908,0,0,0,0,0
1626,338541,-0.88324609,0.87180303,-0.02247849,-0.12432034,0.19710753,-0.06616640,0,0,0,0,0
1627,338750,-0.90797141,0.84761193,0.04823368,-0.12863519,0.21875946,-0.06657869,0,0,0,0,0
1628,338958,-0.93951313,0.80570289,0.11877141,-0.14295204,0.20491819,-0.06503320,0,0,0,0,0
1629,339166,-0.96590497,0.77507483,0.18641556,-0.15285149,0.21131049,-0.01637883,0,0,0,0,0
1630,339375,-0.97918495,0.72559117,0.24974651,-0.15707628,0.19940118,-0.03997851,0,0,0,0,0
1631,339583,-1.00041327,0.66815119,0.30299542,-0.15691822,0.20936106,-0.01077565,0,0,0,0,0
1632,339791,-1.01513874,0.62626483,0.36165663,-0.18952609,0.17368129,-0.01783619,0,0,0,0,0
1633,340000,-1.01274364,0.56477356,0.43193180,-0.20184009,0.18747450,-0.00087281,0,0,0,0,0
1634,340208,-1.01213653,0.51228772,0.48058651,-0.18165530,0.17313185,0.00869968,0,0,0,0,0
1635,340416,-1.01640997,0.45767318,0.54177413,-0.19015730,0.15975802,0.02884509,0,0,0,0,0
1636,340625,-1.00279770,0.38936671,0.60075522,-0.21029576,0.15910879,0.04395604,0,0,0,0,0
1637,340833,-0.99161735,0.33628283,0.64929455,-0.19429688,0.16674022,0.06364113,0,0,0,0,0
1638,341041,-0.99146843,0.27982157,0.68863148,-0.20809508,0.14410097,0.06925024,0,0,0,0,0
1639,341250,-0.95573748,0.20387722,0.73686035,-0.20731095,0.12396584,0.08901309,0,0,0,0,0
1640,341458,-0.94185663,0.14239074,0.78409599,-0.20966982,0.10865765,0.09196333,0,0,0,0,0
1641,341666,-0.91087453,0.07944616,0.82004085,-0.21473302,0.12627408,0.09588994,0,0,0,0,0
1642,341875,-0.87067344,0.01321306,0.84783958,-0.23271414,0.09551245,0.11279134,0,0,0,0,0
1643,342083,-0.84541130,-0.05760647,0.88304697,-0.21744412,0.08848429,0.12518580,0,0,0,0,0
1644,342291,-0.80643625,-0.11870983,0.90548556,-0.22083509,0.08073807,0.15637354,0,0,0,0,0
1645,342500,-0.76666610,-0.19106199,0.92652987,-0.22061676,0.06130106,0.15042117,0,0,0,0,0
1646,342708,-0.71562332,-0.24470877,0.95523433,-0.21631465,0.06112617,0.17592520,0,0,0,0,0
1647,342916,-0.67136961,-0.30592071,0.97615989,-0.22323829,0.03483796,0.17928330,0,0,0,0,0
1648,343125,-0.63429508,-0.36784128,0.97439089,-0.19598370,0.02357240,0.18498794,0,0,0,0,0
1649,343333,-0.56758986,-0.43207557,0.98425993,-0.21587576,0.02076952,0.19629518,0,0,0,0,0
1650,343541,-0.51181925,-0.48582319,0.97890341,-0.19277608,0.01465424,0.17826374,0,0,0,0,0
1651,343750,-0.45802511,-0.54763155,0.98642939,-0.19653517,-0.00407202,0.22021710,0,0,0,0,0
1652,343958,-0.39114960,-0.60121011,0.97628281,-0.18009554,-0.01369849,0.19872060,0,0,0,0,0
1653,344166,-0.32318206,-0.65363100,0.96994149,-0.15205445,-0.00468596,0.21972875,0,0,0,0,0
1654,344375,-0.27574974,-0.69568007,0.94194462,-0.17637914,-0.03508005,0.22790023,0,0,0,0,0
1655,344583,-0.20198643,-0.74997990,0.92849535,-0.15839150,-0.03330210,0.21333749,0,0,0,0,0
1656,344791,-0.15118099,-0.78938514,0.90993908,-0.13853424,-0.04574015,0.22243129,0,0,0,0,0
1657,345000,-0.08289995,-0.82310875,0.88313100,-0.13663895,-0.06776473,0.22928424,0,0,0,0,0
1658,345208,-0.00142809,-0.86239788,0.85435658,-0.13015172,-0.08697866,0.22868018,0,0,0,0,0
1659,345416,0.05933807,-0.89810015,0.81514468,-0.10567208,-0.08338070,0.23831657,0,0,0,0,0
1660,345625,0.11586740,-0.92244386,0.77441858,-0.10322104,-0.11868167,0.22498468,0,0,0,0,0
1661,345833,0.18507834,-0.95008456,0.73168877,-0.08468773,-0.11013653,0.22826964,0,0,0,0,0
1662,346041,0.23942486,-0.96117991,0.68944623,-0.06520332,-0.10249428,0.22927083,0,0,0,0,0
1663,346250,0.31140522,-0.97982816,0.64326995,-0.04400079,-0.13803319,0.20588451,0,0,0,0,0
1664,346458,0.37015105,-0.98277783,0.58741943,-0.04411799,-0.13589152,0.19449674,0,0,0,0,0
1665,346666,0.43626793,-1.00025681,0.53407674,-0.03663876,-0.16486518,0.21359831,0,0,0,0,0
1666,346875,0.49232483,-1.00165952,0.47859743,-0.01094817,-0.14879441,0.16425797,0,0,0,0,0
1667,347083,0.54561062,-0.99284029,0.43231423,0.00399311,-0.16229078,0.16658867,0,0,0,0,0
1668,347291,0.60074223,-0.99327690,0.36965703,0.02344924,-0.16586842,0.16531322,0,0,0,0,0
1669,347500,0.64725448,-0.98355922,0.31621018,0.03976926,-0.16776725,0.16891728,0,0,0,0,0
1670,347708,0.69470657,-0.96114606,0.24443985,0.04658623,-0.18532220,0.14870426,0,0,0,0,0
1671,347916,0.74311619,-0.94422281,0.19363708,0.06040395,-0.16280264,0.14665274,0,0,0,0,0
1672,348125,0.78363576,-0.92907104,0.12011208,0.05829922,-0.16495802,0.14249247,0,0,0,0,0
1673,348333,0.82755248,-0.89224966,0.06023288,0.07154843,-0.18788080,0.13091485,0,0,0,0,0
1674,348541,0.86131252,-0.86814360,-0.01538321,0.10454703,-0.18539552,0.10910554,0,0,0,0,0
1675,348750,0.89255342,-0.82835911,-0.07375049,0.08773962,-0.17799382,0.10265352,0,0,0,0,0
1676,348958,0.91248456,-0.79602203,-0.13373778,0.10913103,-0.20167924,0.09507985,0,0,0,0,0
1677,349166,0.94722052,-0.75453243,-0.21696287,0.12498034,-0.19356252,0.07069755,0,0,0,0,0
1678,349375,0.96134151,-0.70420093,-0.26108728,0.13277652,-0.17379556,0.06572898,0,0,0,0,0
1679,349583,0.98110565,-0.65493260,-0.31899619,0.13278694,-0.17448722,0.05661208,0,0,0,0,0
1680,349791,0.98699670,-0.62033399,-0.39550121,0.13849116,-0.15090811,0.03940473,0,0,0,0,0
1681,350000,0.99134275,-0.55831228,-0.45859884,0.16670792,-0.17295792,0.03879283,0,0,0,0,0
1682,350208,1.00194369,-0.51209522,-0.51635948,0.15787843,-0.15941801,0.02651610,0,0,0,0,0
1683,350416,0.99803973,-0.43977042,-0.56103611,0.14032441,-0.13462754,0.00696301,0,0,0,0,0
1684,350625,0.98848193,-0.39390983,-0.62462070,0.17109432,-0.14398047,0.00686132,0,0,0,0,0
1685,350833,0.97777677,-0.33049346,-0.67444390,0.15918825,-0.13991204,-0.02218282,0,0,0,0,0
1686,351041,0.95806489,-0.26613008,-0.72102203,0.18656576,-0.11701369,-0.02955019,0,0,0,0,0
1687,351250,0.95076238,-0.19829592,-0.76418718,0.16726570,-0.09879799,-0.04499326,0,0,0,0,0
1688,351458,0.92108911,-0.13196616,-0.80223367,0.18527196,-0.08668067,-0.05305721,0,0,0,0,0
1689,351666,0.90022625,-0.07447344,-0.84655926,0.17105681,-0.08800160,-0.08798265,0,0,0,0,0
1690,351875,0.86446943,-0.01261372,-0.86952192,0.18046315,-0.07216096,-0.08022367,0,0,0,0,0
1691,352083,0.82352208,0.05698917,-0.90976872,0.19281218,-0.04572118,-0.10072423,0,0,0,0,0
1692,352291,0.79080588,0.11131575,-0.93611036,0.19886694,-0.04471127,-0.10547338,0,0,0,0,0
1693,352500,0.75196621,0.18174499,-0.95583031,0.17980713,-0.04158173,-0.13814557,0,0,0,0,0
1694,352708,0.70372796,0.25193510,-0.97536109,0.18393340,-0.01600471,-0.13089829,0,0,0,0,0
1695,352916,0.65278505,0.31053141,-0.97943485,0.17790410,-0.02315118,-0.14351148,0,0,0,0,0
1696,353125,0.61691885,0.35988445,-0.99823555,0.19147395,-0.00185820,-0.15408275,0,0,0,0,0
1697,353333,0.55452055,0.43361656,-1.00627739,0.19362892,0.00387673,-0.15444216,0,0,0,0,0
1698,353541,0.51538449,0.48823532,-1.00670459,0.15553994,0.01258115,-0.16876795,0,0,0,0,0
1699,353750,0.44777412,0.54061958,-1.00605685,0.17239606,0.03423512,-0.16500715,0,0,0,0,0
1700,353958,0.38712554,0.60549136,-0.99327661,0.14600755,0.05103104,-0.19629447,0,0,0,0,0
1701,354166,0.33537724,0.64470315,-0.99214628,0.14640142,0.05348059,-0.19586894,0,0,0,0,0
1702,354375,0.25905092,0.69763400,-0.97682576,0.14921157,0.06810062,-0.19457548,0,0,0,0,0
1703,354583,0.20282802,0.74647911,-0.95788335,0.13474240,0.07755476,-0.17942167,0,0,0,0,0
1704,354791,0.12960936,0.78497856,-0.92714925,0.13392977,0.06893029,-0.20043945,0,0,0,0,0
1705,355000,0.07427080,0.82389433,-0.89916548,0.12103680,0.11239893,-0.21419219,0,0,0,0,0
1706,355208,0.01202084,0.85576456,-0.86888254,0.10976045,0.11430654,-0.19880782,0,0,0,0,0
1707,355416,-0.07541891,0.89392636,-0.83617650,0.10205398,0.13265189,-0.21313904,0,0,0,0,0
1708,355625,-0.12170810,0.91679514,-0.80146914,0.08830064,0.10679653,-0.20594301,0,0,0,0,0
1709,355833,-0.18279304,0.92879417,-0.75335454,0.06884269,0.15748070,-0.18535264,0,0,0,0,0
1710,356041,-0.25216497,0.95700066,-0.70891622,0.04936112,0.15517046,-0.20739538,0,0,0,0,0
1711,356250,-0.31431462,0.96241119,-0.65942359,0.04322404,0.16832096,-0.19638557,0,0,0,0,0
1712,356458,-0.37223504,0.98938435,-0.60500254,0.02157480,0.19159376,-0.17435251,0,0,0,0,0
1713,356666,-0.43277849,0.99154182,-0.54915422,0.00671430,0.19195660,-0.17691643,0,0,0,0,0
1714,356875,-0.49265227,0.99194453,-0.49435447,-0.00076417,0.17590217,-0.14983365,0,0,0,0,0
1715,357083,-0.54874796,0.98891692,-0.44082579,-0.02285670,0.20330059,-0.16730631,0,0,0,0,0
1716,357291,-0.60270700,0.96982661,-0.37618205,-0.03880005,0.19573376,-0.14424499,0,0,0,0,0
1717,357500,-0.64825455,0.96841177,-0.32234489,-0.04179141,0.20954657,-0.13805389,0,0,0,0,0
1718,357708,-0.69996109,0.95334329,-0.25921010,-0.05980506,0.19551536,-0.12701449,0,0,0,0,0
1719,357916,-0.74210487,0.93156682,-0.19545767,-0.06558587,0.22206938,-0.13789437,0,0,0,0,0
1720,358125,-0.77204091,0.91285973,-0.13604619,-0.07972138,0.21491967,-0.13137372,0,0,0,0,0
1721,358333,-0.82257532,0.88235882,-0.07757246,-0.07829368,0.21067222,-0.10994151,0,0,0,0,0
1722,358541,-0.86184338,0.84614193,0.00047248,-0.10965846,0.21868794,-0.10173425,0,0,0,0,0
1723,358750,-0.87521245,0.81896238,0.06643012,-0.10387730,0.21796852,-0.08374827,0,0,0,0,0
1724,358958,-0.90666684,0.78469067,0.13403666,-0.12477787,0.20926317,-0.09588301,0,0,0,0,0
1725,359166,-0.93980437,0.73699188,0.20014592,-0.13123603,0.22026268,-0.06486636,0,0,0,0,0
1726,359375,-0.94655693,0.69085463,0.25506520,-0.12948538,0.21021229,-0.06443259,0,0,0,0,0
1727,359583,-0.97163539,0.64822684,0.32268843,-0.13405861,0.20647772,-0.06106257,0,0,0,0,0
1728,359791,-0.97644838,0.59701991,0.38714542,-0.14070797,0.18798551,-0.02547041,0,0,0,0,0
1729,360000,-0.98604641,0.54261392,0.44962282,-0.15413908,0.18357515,-0.03966563,0,0,0,0,0
1730,360208,-0.98656784,0.49113115,0.50484626,-0.17493908,0.19412568,-0.02121489,0,0,0,0,0
1731,360416,-0.98059535,0.42620506,0.55369639,-0.17282062,0.16940991,0.01167541,0,0,0,0,0
1732,360625,-0.98580900,0.36873886,0.61667779,-0.15142826,0.16226369,0.01412712,0,0,0,0,0
1733,360833,-0.97273244,0.30607115,0.66568252,-0.18220834,0.16386046,0.01493995,0,0,0,0,0
1734,361041,-0.95523620,0.24467112,0.71581000,-0.18019468,0.14628511,0.02626655,0,0,0,0,0
1735,361250,-0.92859644,0.18202919,0.76795817,-0.18363291,0.12816377,0.03235409,0,0,0,0,0
1736,361458,-0.90557937,0.12190359,0.80428354,-0.19691734,0.10883019,0.07523223,0,0,0,0,0
1737,361666,-0.88187393,0.05306519,0.83512144,-0.19496063,0.12500918,0.07776542,0,0,0,0,0
1738,361875,-0.85200130,-0.01270375,0.87167819,-0.19392919,0.10038703,0.09647962,0,0,0,0,0
1739,362083,-0.82158668,-0.07568995,0.89624378,-0.17912680,0.09882036,0.08860975,0,0,0,0,0
1740,362291,-0.77086167,-0.14552096,0.93464046,-0.17013321,0.06091500,0.12240062,0,0,0,0,0
1741,362500,-0.74213537,-0.20458735,0.95734861,-0.18245403,0.07174585,0.10978077,0,0,0,0,0
1742,362708,-0.69133775,-0.27682155,0.97211753,-0.17982316,0.06408495,0.13590682,0,0,0,0,0
1743,362916,-0.64518446,-0.33196167,0.98930566,-0.19624182,0.04317863,0.13191651,0,0,0,0,0
1744,363125,-0.60119957,-0.39812869,1.00746189,-0.18790226,0.02352709,0.16564081,0,0,0,0,0
1745,363333,-0.54208562,-0.44922742,1.00715716,-0.18222799,0.02273013,0.17961760,0,0,0,0,0
1746,363541,-0.49106836,-0.51181308,1.01633076,-0.16099129,0.01321474,0.15876885,0,0,0,0,0
1747,363750,-0.43346198,-0.57432319,1.00581203,-0.16713408,-0.02437762,0.17557783,0,0,0,0,0
1748,363958,-0.37453475,-0.62107968,1.00086686,-0.15158578,-0.03086491,0.16875325,0,0,0,0,0
1749,364166,-0.31051865,-0.67219047,0.98719050,-0.15001914,-0.02941895,0.19185289,0,0,0,0,0
1750,364375,-0.24328804,-0.72209616,0.97740788,-0.14116279,-0.04059732,0.18309688,0,0,0,0,0
1751,364583,-0.17692435,-0.76534816,0.95776366,-0.13940580,-0.06292461,0.19150849,0,0,0,0,0
1752,364791,-0.12624651,-0.79853954,0.92385710,-0.12814087,-0.07860898,0.19264010,0,0,0,0,0
1753,365000,-0.05977619,-0.84449939,0.91432653,-0.11738305,-0.07001701,0.19554213,0,0,0,0,0
1754,365208,0.01983682,-0.88519091,0.88385532,-0.09015823,-0.09219499,0.20457016,0,0,0,0,0
1755,365416,0.06748569,-0.90726277,0.84046260,-0.07224560,-0.09742252,0.19043263,0,0,0,0,0
1756,365625,0.14047800,-0.93406990,0.79800213,-0.06969757,-0.12864498,0.19214402,0,0,0,0,0
1757,365833,0.19999361,-0.96551784,0.75465616,-0.07099916,-0.14537267,0.18865547,0,0,0,0,0
1758,366041,0.27294199,-0.97480228,0.72205212,-0.04725356,-0.13418719,0.17307485,0,0,0,0,0
1759,366250,0.33231082,-0.98626638,0.66412391,-0.01925689,-0.16274041,0.19146476,0,0,0,0,0
1760,366458,0.39718274,-1.00205208,0.60585262,-0.00021705,-0.17479498,0.16656932,0,0,0,0,0
1761,366666,0.44983794,-1.00658271,0.55813835,0.01475076,-0.16340426,0.17204663,0,0,0,0,0
1762,366875,0.50673347,-1.01421056,0.51739426,0.00675047,-0.18405555,0.15228538,0,0,0,0,0
1763,367083,0.56753802,-1.00281289,0.45231551,0.03428322,-0.19657853,0.13397712,0,0,0,0,0
1764,367291,0.62578561,-0.99568666,0.39951306,0.04842669,-0.19764034,0.15156625,0,0,0,0,0
1765,367500,0.66099188,-0.98222844,0.33850135,0.07611447,-0.19129985,0.12848853,0,0,0,0,0
1766,367708,0.71484899,-0.97428351,0.26889608,0.08272394,-0.19033018,0.11376603,0,0,0,0,0
1767,367916,0.75639619,-0.96272854,0.20793403,0.08936690,-0.19221629,0.10142756,0,0,0,0,0
1768,368125,0.80678831,-0.92146892,0.14085951,0.07798326,-0.20460121,0.09736312,0,0,0,0,0
1769,368333,0.83735918,-0.90235543,0.07857677,0.12026592,-0.20972463,0.09385655,0,0,0,0,0
1770,368541,0.86713113,-0.88192748,0.01340974,0.10261510,-0.19488437,0.08362044,0,0,0,0,0
1771,368750,0.89108811,-0.83667397,-0.04522173,0.12853004,-0.20794916,0.06555559,0,0,0,0,0
1772,368958,0.92719000,-0.79632137,-0.11234458,0.13867026,-0.20440725,0.03612412,0,0,0,0,0
1773,369166,0.95686862,-0.75469928,-0.17841068,0.13288233,-0.20397917,0.03590935,0,0,0,0,0
1774,369375,0.97577790,-0.70790948,-0.24279347,0.15580161,-0.21589873,0.04296140,0,0,0,0,0
1775,369583,0.99358845,-0.65532093,-0.30908344,0.16424981,-0.22090254,0.02748038,0,0,0,0,0
1776,369791,1.00354660,-0.61229381,-0.37474602,0.18812650,-0.20092229,0.01701565,0,0,0,0,0
1777,370000,1.00797177,-0.56587219,-0.42845177,0.17255337,-0.20321154,0.00418057,0,0,0,0,0
1778,370208,1.01796900,-0.51271946,-0.49511839,0.18346610,-0.19346539,-0.01725357,0,0,0,0,0
1779,370416,1.00709884,-0.44901961,-0.55382925,0.20888973,-0.16985762,-0.04105642,0,0,0,0,0
1780,370625,0.99403613,-0.38577548,-0.59272938,0.19305501,-0.16219168,-0.03706307,0,0,0,0,0
1781,370833,0.98778245,-0.32193249,-0.64525439,0.17854896,-0.15251900,-0.05088041,0,0,0,0,0
1782,371041,0.97776070,-0.26466888,-0.69203370,0.20379932,-0.17467932,-0.04230365,0,0,0,0,0
1783,371250,0.96549002,-0.19395636,-0.74905983,0.20903352,-0.14646350,-0.06114837,0,0,0,0,0
1784,371458,0.93224393,-0.14084912,-0.78556813,0.18836912,-0.13257471,-0.08455582,0,0,0,0,0
1785,371666,0.90853544,-0.06779855,-0.81991304,0.20381468,-0.10248903,-0.08011917,0,0,0,0,0
1786,371875,0.87587140,0.00062167,-0.85665346,0.20563301,-0.11382872,-0.11153902,0,0,0,0,0
1787,372083,0.83190464,0.05044972,-0.89221704,0.22105680,-0.09266511,-0.12220440,0,0,0,0,0
1788,372291,0.79533328,0.12173795,-0.90445450,0.19861644,-0.06039890,-0.12897490,0,0,0,0,0
1789,372500,0.75311876,0.19172514,-0.93939010,0.18085976,-0.08140121,-0.15343246,0,0,0,0,0
1790,372708,0.71510145,0.24543950,-0.95953396,0.20553560,-0.06338550,-0.14235869,0,0,0,0,0
1791,372916,0.66120035,0.31891475,-0.97427112,0.20464695,-0.05748804,-0.17198250,0,0,0,0,0
1792,373125,0.60293398,0.37136574,-0.98161420,0.17526437,-0.02746105,-0.16851757,0,0,0,0,0
1793,373333,0.55188378,0.44312253,-0.98079562,0.18830177,-0.02420941,-0.18164589,0,0,0,0,0
1794,373541,0.50584893,0.49800903,-0.98961720,0.18345274,-0.02793738,-0.19354385,0,0,0,0,0
1795,373750,0.44607651,0.55227614,-0.99166092,0.18411034,-0.00775666,-0.19972498,0,0,0,0,0
1796,373958,0.38257537,0.61660043,-0.98943347,0.17525420,0.02399264,-0.20119104,0,0,0,0,0
1797,374166,0.32225535,0.66081895,-0.97098148,0.16167150,-0.00437070,-0.19575322,0,0,0,0,0
1798,374375,0.26362485,0.70750646,-0.96106535,0.15095557,0.02373935,-0.19694582,0,0,0,0,0
1799,374583,0.19409288,0.74933568,-0.94628117,0.15064657,0.05224580,-0.20465945,0,0,0,0,0
1800,374791,0.13973983,0.79164030,-0.90978043,0.13621764,0.06640308,-0.21111926,0,0,0,0,0
1801,375000,0.08278308,0.83772811,-0.87851439,0.10404214,0.07269003,-0.21607234,0,0,0,0,0
1802,375208,0.01295180,0.87663109,-0.84639616,0.13129057,0.08789875,-0.22646669,0,0,0,0,0
1803,375416,-0.05938367,0.90460386,-0.81738640,0.12496516,0.10013912,-0.21151738,0,0,0,0,0
1804,375625,-0.12297537,0.92366807,-0.77570495,0.09107508,0.09350960,-0.21270268,0,0,0,0,0
1805,375833,-0.19601741,0.94986340,-0.74292130,0.06384317,0.10291519,-0.20217182,0,0,0,0,0
1806,376041,-0.26021621,0.97022939,-0.69258014,0.06896171,0.11546536,-0.20160742,0,0,0,0,0
1807,376250,-0.31800150,0.99045708,-0.64423557,0.04688674,0.13445993,-0.20852348,0,0,0,0,0
1808,376458,-0.37987997,0.99751676,-0.60277245,0.03452909,0.12952711,-0.19035010,0,0,0,0,0
1809,376666,-0.44573355,1.00626023,-0.54492285,-0.00245796,0.15528073,-0.17994533,0,0,0,0,0
1810,376875,-0.49891122,1.01123974,-0.49154844,0.00295590,0.15844264,-0.17418682,0,0,0,0,0
1811,377083,-0.55515167,1.00896018,-0.43357863,-0.01220255,0.17299032,-0.17792916,0,0,0,0,0
1812,377291,-0.61102714,1.00133225,-0.37000961,-0.05699404,0.18819036,-0.16659584,0,0,0,0,0
1813,377500,-0.65968528,0.99634456,-0.32025959,-0.02455347,0.15741293,-0.15643944,0,0,0,0,0
1814,377708,-0.71398326,0.97615805,-0.24813036,-0.06124666,0.19018224,-0.15582232,0,0,0,0,0
1815,377916,-0.74754925,0.95338295,-0.19310226,-0.06344836,0.17289351,-0.12169377,0,0,0,0,0
1816,378125,-0.79238087,0.93261040,-0.12590516,-0.06711494,0.18955536,-0.12735908,0,0,0,0,0
1817,378333,-0.83495407,0.89647655,-0.05847411,-0.06976914,0.18791380,-0.09560420,0,0,0,0,0
1818,378541,-0.87367687,0.87154761,-0.00549405,-0.07967880,0.17179835,-0.08758478,0,0,0,0,0
1819,378750,-0.89485480,0.84381806,0.06079799,-0.09997877,0.19222255,-0.08295068,0,0,0,0,0
1820,378958,-0.93421970,0.79292624,0.13831250,-0.11096110,0.18988145,-0.06903387,0,0,0,0,0
1821,379166,-0.94876971,0.76062452,0.18593364,-0.14369611,0.18000778,-0.07686721,0,0,0,0,0
1822,379375,-0.97172182,0.71593462,0.26697194,-0.14351165,0.19195371,-0.06069535,0,0,0,0,0
1823,379583,-0.98628943,0.66661961,0.32766868,-0.13853431,0.17910141,-0.05322367,0,0,0,0,0
1824,379791,-0.99705005,0.61598220,0.38127246,-0.16310373,0.17792387,-0.04196160,0,0,0,0,0
1825,380000,-1.00548290,0.56036351,0.43816553,-0.15107801,0.17839835,-0.02208171,0,0,0,0,0
1826,380208,-1.01078767,0.51267495,0.50146943,-0.15989103,0.15911269,-0.02797317,0,0,0,0,0
1827,380416,-1.00555206,0.44756202,0.55006580,-0.18476484,0.15010147,-0.00814946,0,0,0,0,0
1828,380625,-1.00629992,0.38789367,0.60920268,-0.18706459,0.14739041,0.01100603,0,0,0,0,0
1829,380833,-0.98205421,0.32835936,0.66345860,-0.17294858,0.14310686,0.03393925,0,0,0,0,0
1830,381041,-0.96687788,0.25644911,0.71363120,-0.21356288,0.11975234,0.06899601,0,0,0,0,0
1831,381250,-0.95204343,0.20316354,0.75074065,-0.18874756,0.11273542,0.04176641,0,0,0,0,0
1832,381458,-0.92931081,0.14149934,0.79840363,-0.18728059,0.10559758,0.07079726,0,0,0,0,0
1833,381666,-0.90607896,0.07791138,0.83031091,-0.19651102,0.09892305,0.09791040,0,0,0,0,0
1834,381875,-0.86792578,0.00272907,0.87466634,-0.17786790,0.09050936,0.08322780,0,0,0,0,0
1835,382083,-0.83395890,-0.06290607,0.90244518,-0.21159094,0.06329800,0.11755032,0,0,0,0,0
1836,382291,-0.79559980,-0.11454559,0.92829408,-0.19820815,0.03804289,0.13845229,0,0,0,0,0
1837,382500,-0.75616295,-0.17347191,0.95342541,-0.17891025,0.05685619,0.14500312,0,0,0,0,0
1838,382708,-0.71524697,-0.23235692,0.97318606,-0.18365102,0.04686884,0.14204316,0,0,0,0,0
1839,382916,-0.66512781,-0.29678165,0.97924612,-0.18668670,0.03173609,0.15511004,0,0,0,0,0
1840,383125,-0.61457274,-0.37106945,0.99221090,-0.17926770,0.01326956,0.15811400,0,0,0,0,0
1841,383333,-0.56170349,-0.42568252,1.00446457,-0.18317888,-0.00250254,0.17872470,0,0,0,0,0
1842,383541,-0.51240167,-0.49299611,0.99290754,-0.17047817,-0.00944208,0.19017595,0,0,0,0,0
1843,383750,-0.45037025,-0.53239523,1.00109393,-0.16391755,-0.01887994,0.18798540,0,0,0,0,0
1844,383958,-0.38638873,-0.60073401,0.99827183,-0.16047460,-0.02138332,0.19950715,0,0,0,0,0
1845,384166,-0.33275122,-0.64968464,0.98967105,-0.15924333,-0.05209257,0.19187992,0,0,0,0,0
1846,384375,-0.27227269,-0.70222952,0.96743463,-0.15670197,-0.05959660,0.18478392,0,0,0,0,0
1847,384583,-0.21216412,-0.74787212,0.94886846,-0.16226196,-0.06291535,0.20922232,0,0,0,0,0
1848,384791,-0.14015292,-0.78033215,0.91949824,-0.14184954,-0.08330007,0.19799607,0,0,0,0,0
1849,385000,-0.06395091,-0.82069351,0.89871027,-0.11899625,-0.09166706,0.20528135,0,0,0,0,0
1850,385208,-0.00768134,-0.86136529,0.86429237,-0.10244807,-0.08560653,0.22284153,0,0,0,0,0
1851,385416,0.04825229,-0.89022450,0.82569360,-0.11500540,-0.11541506,0.20773162,0,0,0,0,0
1852,385625,0.13037826,-0.91089536,0.78286185,-0.09383891,-0.13061569,0.22809148,0,0,0,0,0
1853,385833,0.17251926,-0.92993423,0.74289580,-0.07789957,-0.15193070,0.21387956,0,0,0,0,0
1854,386041,0.24582689,-0.95342161,0.70204384,-0.07920251,-0.14565792,0.19869789,0,0,0,0,0
1855,386250,0.30876182,-0.97510102,0.65189010,-0.03315729,-0.16177533,0.19578665,0,0,0,0,0
1856,386458,0.38165350,-0.97536663,0.60093528,-0.03775678,-0.17234299,0.19341937,0,0,0,0,0
1857,386666,0.43416416,-0.98614260,0.54462117,-0.00469290,-0.18026959,0.20351908,0,0,0,0,0
1858,386875,0.48146820,-0.98197668,0.48902667,-0.00753591,-0.16664810,0.17182636,0,0,0,0,0
1859,387083,0.54676290,-0.98735339,0.43682576,0.00814686,-0.17923675,0.17676278,0,0,0,0,0
1860,387291,0.60597090,-0.97479231,0.36811904,0.03225874,-0.17779827,0.14169101,0,0,0,0,0
1861,387500,0.63421024,-0.97190343,0.31668971,0.04285742,-0.18528746,0.13196436,0,0,0,0,0
1862,387708,0.68408450,-0.95434375,0.25914272,0.07278304,-0.19732132,0.14717893,0,0,0,0,0
1863,387916,0.74619090,-0.93265501,0.19444449,0.05837765,-0.21388940,0.13375794,0,0,0,0,0
1864,388125,0.78717039,-0.91411130,0.12299930,0.06668850,-0.19226374,0.12433402,0,0,0,0,0
1865,388333,0.82489076,-0.88560110,0.06516089,0.08282939,-0.20019371,0.09668059,0,0,0,0,0
1866,388541,0.84606825,-0.86094146,-0.00649255,0.08427724,-0.21008135,0.11690816,0,0,0,0,0
1867,388750,0.88236936,-0.80955055,-0.06457359,0.09778061,-0.20910699,0.10503709,0,0,0,0,0
1868,388958,0.90921262,-0.78920340,-0.13321405,0.10040700,-0.19576578,0.09028984,0,0,0,0,0
1869,389166,0.93956855,-0.74075439,-0.19029773,0.10428246,-0.21054104,0.07812600,0,0,0,0,0
1870,389375,0.96093459,-0.69834005,-0.27113155,0.11579384,-0.20547581,0.05830361,0,0,0,0,0
1871,389583,0.97253062,-0.65349749,-0.32888562,0.13384390,-0.20313829,0.03752055,0,0,0,0,0
1872,389791,0.98862359,-0.59847147,-0.39489841,0.14771801,-0.17374112,0.03366829,0,0,0,0,0
1873,390000,0.99029425,-0.55473201,-0.45294837,0.16586747,-0.17311878,0.01555857,0,0,0,0,0
1874,390208,0.99903967,-0.49819670,-0.50045167,0.15138376,-0.16749824,0.01545276,0,0,0,0,0
1875,390416,0.98767127,-0.42722748,-0.55964430,0.16426913,-0.17745576,0.00655978,0,0,0,0,0
1876,390625,0.97861028,-0.37730040,-0.61429057,0.16451978,-0.16161935,-0.00843758,0,0,0,0,0
1877,390833,0.97597093,-0.31795336,-0.67419349,0.17120555,-0.13723486,-0.00527513,0,0,0,0,0
1878,391041,0.96116956,-0.26035225,-0.72049792,0.17563354,-0.12423537,-0.02132492,0,0,0,0,0
1879,391250,0.94324467,-0.18939790,-0.75923329,0.17972860,-0.14205172,-0.04697480,0,0,0,0,0
1880,391458,0.90420754,-0.11560743,-0.80697084,0.18932824,-0.12781781,-0.05085689,0,0,0,0,0
1881,391666,0.88744599,-0.05647937,-0.83702475,0.17717549,-0.08277295,-0.08343152,0,0,0,0,0
1882,391875,0.85656444,0.00837726,-0.87291405,0.17818178,-0.07251269,-0.07842666,0,0,0,0,0
1883,392083,0.82511339,0.06378427,-0.90974318,0.20346087,-0.08154120,-0.11544547,0,0,0,0,0
1884,392291,0.78709185,0.12741671,-0.93966175,0.17837189,-0.06820507,-0.09762803,0,0,0,0,0
1885,392500,0.73991684,0.19317207,-0.95789512,0.18989900,-0.04787049,-0.12184316,0,0,0,0,0
1886,392708,0.70011294,0.26418730,-0.97970279,0.16353280,-0.03438582,-0.12803430,0,0,0,0,0
1887,392916,0.65126310,0.32481653,-0.98827072,0.16580503,-0.03876283,-0.13790520,0,0,0,0,0
1888,393125,0.60267022,0.38139475,-1.00357797,0.18382201,0.00068769,-0.14679065,0,0,0,0,0
1889,393333,0.54143002,0.44848646,-1.01320480,0.17822892,-0.00045108,-0.15135320,0,0,0,0,0
1890,393541,0.49225267,0.50775809,-1.00578522,0.15584624,-0.00369333,-0.17195579,0,0,0,0,0
1891,393750,0.44063549,0.56180359,-1.01190254,0.15221768,0.01708751,-0.18296784,0,0,0,0,0
1892,393958,0.37819063,0.61423178,-1.00054694,0.13994261,0.02014708,-0.16367277,0,0,0,0,0
1893,394166,0.30891976,0.66554804,-0.99816998,0.15345561,0.04156230,-0.18176765,0,0,0,0,0
1894,394375,0.25146515,0.70806789,-0.98643015,0.14805577,0.04959848,-0.17899070,0,0,0,0,0
1895,394583,0.18378010,0.76757699,-0.96032896,0.12009296,0.04270690,-0.19667008,0,0,0,0,0
1896,394791,0.12274320,0.79514363,-0.93392591,0.11602621,0.07410977,-0.19339751,0,0,0,0,0
1897,395000,0.04862983,0.83672226,-0.90171124,0.10886577,0.09591875,-0.20471561,0,0,0,0,0
1898,395208,0.00159168,0.86059968,-0.87957725,0.08692305,0.09269814,-0.18117141,0,0,0,0,0
1899,395416,-0.06527120,0.90933303,-0.83869691,0.07878271,0.10121274,-0.20410019,0,0,0,0,0
1900,395625,-0.14156477,0.93166251,-0.79925337,0.06879199,0.10270995,-0.19404688,0,0,0,0,0
1901,395833,-0.19830543,0.95132757,-0.75922950,0.05134011,0.13968096,-0.19850369,0,0,0,0,0
1902,396041,-0.26090542,0.97179443,-0.70182931,0.04002756,0.15837847,-0.18341519,0,0,0,0,0
1903,396250,-0.32903519,0.98769557,-0.66157287,0.03432560,0.15446511,-0.17276939,0,0,0,0,0
1904,396458,-0.38726954,0.99510698,-0.61212729,0.03703336,0.16759400,-0.17460444,0,0,0,0,0
1905,396666,-0.44881669,0.99695268,-0.55930761,-0.00868974,0.16168268,-0.16162976,0,0,0,0,0
1906,396875,-0.50622232,1.00848066,-0.51706176,-0.02332462,0.19012879,-0.14936116,0,0,0,0,0
1907,397083,-0.56222599,0.99886158,-0.44844575,-0.04671451,0.17327708,-0.14979277,0,0,0,0,0
1908,397291,-0.60516099,0.99154045,-0.38430845,-0.05807221,0.19991470,-0.15191148,0,0,0,0,0
1909,397500,-0.67302247,0.97524807,-0.33161140,-0.06371403,0.19316258,-0.14167534,0,0,0,0,0
1910,397708,-0.71104818,0.97157206,-0.27268368,-0.05624778,0.18981729,-0.12685784,0,0,0,0,0
1911,397916,-0.75633482,0.94751347,-0.21064380,-0.07881847,0.20130141,-0.11447622,0,0,0,0,0
1912,398125,-0.80049118,0.92353779,-0.14063090,-0.09124081,0.21015853,-0.11379931,0,0,0,0,0
1913,398333,-0.84588208,0.88311921,-0.08193896,-0.10191188,0.21534427,-0.09977558,0,0,0,0,0
1914,398541,-0.86766870,0.86218459,-0.01296459,-0.11604537,0.22194494,-0.07317447,0,0,0,0,0
1915,398750,-0.90186644,0.82952427,0.05441447,-0.13256466,0.21648707,-0.06111803,0,0,0,0,0
1916,398958,-0.92804052,0.79371388,0.11237242,-0.11250475,0.21359409,-0.06232167,0,0,0,0,0
1917,399166,-0.96006570,0.75077451,0.19358026,-0.13924097,0.20022572,-0.04242449,0,0,0,0,0
1918,399375,-0.96927828,0.70982682,0.24389762,-0.14417147,0.20958147,-0.02309381,0,0,0,0,0
1919,399583,-0.98280409,0.66025943,0.31577388,-0.17488598,0.21615297,-0.02580225,0,0,0,0,0
1920,399791,-0.99898445,0.60624806,0.37266621,-0.17592273,0.21093183,-0.02222144,0,0,0,0,0
1921,400000,-1.00391109,0.55942485,0.42800569,-0.16440076,0.20885804,-0.01609761,0,1,0,0,0
1922,400208,-1.00325613,0.49003953,0.49092936,-0.17919802,0.19314383,0.02182531,0,1,0,0,0
1923,400416,-1.01147525,0.43574393,0.54193583,-0.18934418,0.17931466,0.01514792,0,1,0,0,0
1924,400625,-0.99999282,0.38542279,0.61622372,-0.17701541,0.15553271,0.03543701,0,1,0,0,0
1925,400833,-0.98574902,0.32098094,0.64757726,-0.20778319,0.17223739,0.02112521,0,1,0,0,0
1926,401041,-0.96166732,0.24920130,0.70628344,-0.21283455,0.14205057,0.05414389,0,1,0,0,0
1927,401250,-0.94847274,0.18780855,0.74703777,-0.17680817,0.13446108,0.06869968,0,1,0,0,0
1928,401458,-0.92237859,0.12517836,0.78393659,-0.19214568,0.12350152,0.09652181,0,1,0,0,0
1929,401666,-0.89939163,0.06095493,0.82987369,-0.19565410,0.10565079,0.09940439,0,1,0,0,0
1930,401875,-0.86352371,0.00098980,0.85710748,-0.20784810,0.10994151,0.10644383,0,1,0,0,0
1931,402083,-0.83179169,-0.07133074,0.88798490,-0.18433967,0.08773084,0.10665367,0,1,0,0,0
1932,402291,-0.78675684,-0.13016256,0.92491039,-0.19809562,0.08641508,0.12265889,0,1,0,0,0
1933,402500,-0.75160816,-0.19223977,0.94565458,-0.20504857,0.06604791,0.14382185,0,1,0,0,0
1934,402708,-0.70964633,-0.25534305,0.96046276,-0.21481252,0.07563283,0.16220598,0,1,0,0,0
1935,402916,-0.66375556,-0.32683776,0.96615176,-0.20329445,0.04269978,0.16996210,0,1,0,0,0
1936,403125,-0.59911927,-0.37795766,0.97916461,-0.20281712,0.04459686,0.15309185,0,1,0,0,0
1937,403333,-0.54974921,-0.44306046,1.00079494,-0.19418664,0.03653315,0.17321741,0,1,0,0,0
1938,403541,-0.49793443,-0.50477118,0.99846715,-0.17934528,0.00578221,0.19257282,0,1,0,0,0
1939,403750,-0.44229763,-0.55606963,0.99675442,-0.18194648,-0.00167306,0.18089493,0,1,0,0,0
1940,403958,-0.37945155,-0.61991610,0.98811607,-0.17438249,-0.01762549,0.19933909,0,1,0,0,0
1941,404166,-0.31331735,-0.67003687,0.97561961,-0.15043033,-0.02119551,0.22053963,0,1,0,0,0
1942,404375,-0.26117144,-0.70565489,0.96646281,-0.14702034,-0.03356989,0.19376712,0,1,0,0,0
1943,404583,-0.18681334,-0.75191952,0.94502669,-0.16377301,-0.03616911,0.20437384,0,1,0,0,0
1944,404791,-0.12741715,-0.79943674,0.91920386,-0.12490016,-0.08939055,0.19768492,0,1,0,0,0
1945,405000,-0.05426203,-0.84801838,0.89912104,-0.14137455,-0.07534503,0.20452009,0,1,0,0,0
1946,405208,0.00343467,-0.87269965,0.86043311,-0.12783935,-0.08851922,0.22886660,0,1,0,0,0
1947,405416,0.06209214,-0.90865058,0.83078343,-0.12196776,-0.07119758,0.20058107,0,1,0,0,0
1948,405625,0.13367219,-0.92474904,0.78042105,-0.08483245,-0.11139573,0.20801852,0,1,0,0,0
1949,405833,0.19344484,-0.94866184,0.74114445,-0.06476946,-0.11431047,0.21631691,0,1,0,0,0
1950,406041,0.24741111,-0.97360259,0.70139984,-0.05972974,-0.13921991,0.19207230,0,1,0,0,0
1951,406250,0.32303032,-0.98756948,0.66003638,-0.03291330,-0.15453979,0.18939847,0,1,0,0,0
1952,406458,0.37910642,-0.99854067,0.60245294,-0.02912723,-0.16011308,0.18712104,0,1,0,0,0
1953,406666,0.44147887,-1.00183379,0.54984618,-0.00395532,-0.15596763,0.16596724,0,1,0,0,0
1954,406875,0.50744588,-1.00493198,0.49721914,0.00303342,-0.16245311,0.18074516,0,1,0,0,0
1955,407083,0.56143681,-1.00661620,0.44046738,0.01877624,-0.17287525,0.16080695,0,1,0,0,0
1956,407291,0.61413981,-0.99891250,0.37592486,0.03187564,-0.17932070,0.14169955,0,1,0,0,0
1957,407500,0.67321291,-0.99217110,0.32772847,0.06589929,-0.15369767,0.14353913,0,1,0,0,0
1958,407708,0.71361418,-0.97320147,0.26100577,0.05327334,-0.17677124,0.14790907,0,1,0,0,0
1959,407916,0.75042181,-0.95456092,0.19835447,0.09005634,-0.18491539,0.12289011,0,1,0,0,0
1960,408125,0.79881863,-0.93605665,0.12380820,0.09511555,-0.19065042,0.12303444,0,1,0,0,0
1961,408333,0.83502275,-0.90588076,0.06334838,0.09089327,-0.19661600,0.10632900,0,1,0,0,0
1962,408541,0.87362710,-0.87389838,0.00210372,0.08180643,-0.21401479,0.08836700,0,1,0,0,0
1963,408750,0.91186902,-0.83957060,-0.05634317,0.12029572,-0.22377967,0.07545374,0,1,0,0,0
1964,408958,0.92556033,-0.80370511,-0.12248309,0.13557590,-0.19290979,0.07421217,0,1,0,0,0
1965,409166,0.95564007,-0.76273114,-0.19372087,0.11539961,-0.20996423,0.06163942,0,1,0,0,0
1966,409375,0.97951466,-0.71702153,-0.26457318,0.13699863,-0.18769294,0.05344691,0,1,0,0,0
1967,409583,0.99895038,-0.66044574,-0.32686433,0.13974577,-0.18199091,0.03029781,0,1,0,0,0
1968,409791,1.00674357,-0.61919970,-0.37030236,0.14412770,-0.18567338,0.02449895,0,1,0,0,0
1969,410000,1.00276248,-0.55509431,-0.43617541,0.17459833,-0.16457982,0.01057968,0,1,0,0,0
1970,410208,1.00718976,-0.49954888,-0.49521187,0.16750604,-0.16517000,0.00821210,0,1,0,0,0
1971,410416,1.00810707,-0.45794114,-0.55733115,0.19654413,-0.15541194,0.00341732,0,1,0,0,0
1972,410625,1.00060996,-0.37919794,-0.59989134,0.19228186,-0.16223432,-0.01944472,0,1,0,0,0
1973,410833,0.98152146,-0.32638432,-0.65113935,0.18074038,-0.15230997,-0.02670225,0,1,0,0,0
1974,411041,0.97859895,-0.26682868,-0.70181330,0.18584755,-0.14669577,-0.03205248,0,1,0,0,0
1975,411250,0.96065408,-0.20385647,-0.74532217,0.16965305,-0.10008707,-0.05976340,0,1,0,0,0
1976,411458,0.93219078,-0.14638235,-0.78898314,0.21072597,-0.10936621,-0.08664286,0,1,0,0,0
1977,411666,0.89733660,-0.07789534,-0.82703756,0.20406866,-0.10817598,-0.09256336,0,1,0,0,0
1978,411875,0.88202571,-0.00288089,-0.86897224,0.19029922,-0.08022458,-0.09755789,0,1,0,0,0
1979,412083,0.84253907,0.04603292,-0.89355416,0.20112984,-0.08398471,-0.12448360,0,1,0,0,0
1980,412291,0.79673486,0.11800827,-0.91403738,0.18826627,-0.06855969,-0.12315561,0,1,0,0,0
1981,412500,0.75396703,0.19190127,-0.94728403,0.19254064,-0.06174321,-0.15546244,0,1,0,0,0
1982,412708,0.70676505,0.24683741,-0.96456651,0.19290495,-0.03964574,-0.14922625,0,1,0,0,0
1983,412916,0.65769366,0.30779085,-0.97622215,0.19996776,-0.03888686,-0.14507947,0,1,0,0,0
1984,413125,0.61996768,0.36555627,-0.99569213,0.19309139,-0.03436365,-0.17226909,0,1,0,0,0
1985,413333,0.55923007,0.42450206,-1.00021918,0.18267983,-0.01827666,-0.17826296,0,1,0,0,0
1986,413541,0.51534991,0.48897216,-1.00225235,0.18204811,0.00804256,-0.18191576,0,1,0,0,0
1987,413750,0.44475577,0.54244024,-1.00209395,0.16692170,0.00120738,-0.19387476,0,1,0,0,0
1988,413958,0.39067070,0.60235310,-0.99293609,0.16460787,0.01317186,-0.17925959,0,1,0,0,0
1989,414166,0.33288141,0.65725019,-0.97727153,0.15262098,0.02881694,-0.18969688,0,1,0,0,0
1990,414375,0.27434009,0.70838735,-0.96856895,0.14999086,0.03610862,-0.18659326,0,1,0,0,0
1991,414583,0.20517175,0.74143881,-0.94131330,0.15524982,0.05529434,-0.20874594,0,1,0,0,0
1992,414791,0.14163047,0.78812362,-0.92050465,0.14413695,0.08056516,-0.20862523,0,1,0,0,0
1993,415000,0.08049470,0.83417337,-0.89275864,0.12187527,0.08816536,-0.21922363,0,1,0,0,0
1994,415208,0.00710899,0.86729762,-0.86578653,0.11061311,0.07382376,-0.23197536,0,1,0,0,0
1995,415416,-0.05261202,0.89074691,-0.82974812,0.11351880,0.11701755,-0.22244263,0,1,0,0,0
1996,415625,-0.12588257,0.92066567,-0.79284823,0.09177414,0.10643760,-0.21673237,0,1,0,0,0
1997,415833,-0.18679375,0.94300581,-0.74323992,0.08004173,0.12927991,-0.20810212,0,1,0,0,0
1998,416041,-0.24532121,0.95859071,-0.70203269,0.06454825,0.14632668,-0.20173570,0,1,0,0,0
1999,416250,-0.30920906,0.96885632,-0.65039141,0.03807182,0.15685170,-0.21243728,0,1,0,0,0
2000,416458,-0.37025877,0.99641966,-0.59613001,0.03192412,0.14032115,-0.19729379,0,1,0,0,0
2001,416666,-0.42696615,0.99115601,-0.54033810,0.01102716,0.16054306,-0.18362431,0,1,0,0,0
2002,416875,-0.48326344,0.99126720,-0.48633010,0.00365204,0.15259005,-0.18512586,0,1,0,0,0
2003,417083,-0.53864246,0.98887294,-0.43995520,-0.00505667,0.18149209,-0.16615132,0,1,0,0,0
2004,417291,-0.60951945,0.98658973,-0.37543041,-0.03153310,0.17999546,-0.15975846,0,1,0,0,0
2005,417500,-0.64451730,0.97337407,-0.31614925,-0.03033065,0.18210485,-0.15529184,0,1,0,0,0
2006,417708,-0.69263499,0.95509263,-0.26171980,-0.05023434,0.18773522,-0.13038569,0,1,0,0,0
2007,417916,-0.74591206,0.93803851,-0.18687298,-0.06593358,0.19534314,-0.12949790,0,1,0,0,0
2008,418125,-0.78617560,0.91884841,-0.12911275,-0.07811538,0.20385655,-0.12448724,0,1,0,0,0
2009,418333,-0.82375846,0.88391667,-0.06040594,-0.08206397,0.18635492,-0.11691159,0,1,0,0,0
2010,418541,-0.85879148,0.85169772,-0.00115048,-0.09581266,0.19438271,-0.10570686,0,1,0,0,0
2011,418750,-0.88810805,0.82852896,0.06981029,-0.12027259,0.20761152,-0.10274398,0,1,0,0,0
2012,418958,-0.91615822,0.78538323,0.14428754,-0.11952368,0.20479770,-0.07934817,0,1,0,0,0
2013,419166,-0.94540245,0.75213757,0.19653635,-0.12572618,0.20408920,-0.06837914,0,1,0,0,0
2014,419375,-0.96725706,0.69483732,0.26191436,-0.12924732,0.22415189,-0.04135157,0,1,0,0,0
2015,419583,-0.97223031,0.65444959,0.32385099,-0.13455610,0.19909852,-0.05022802,0,1,0,0,0
2016,419791,-0.98467589,0.59929631,0.38892123,-0.14197266,0.19561969,-0.04327995,0,1,0,0,0
2017,420000,-0.99680025,0.55263381,0.45414407,-0.14440929,0.19112922,-0.03105338,0,1,0,0,0
2018,420208,-0.99952570,0.50058932,0.50886976,-0.16658113,0.17172551,-0.02521819,0,1,0,0,0
2019,420416,-0.99542766,0.43881763,0.56332862,-0.16351520,0.14644022,0.00494873,0,1,0,0,0
2020,420625,-0.98567369,0.38110592,0.61936963,-0.18939278,0.15895155,0.00951183,0,1,0,0,0
2021,420833,-0.97528240,0.31468682,0.66573411,-0.18523940,0.11555210,0.00249553,0,1,0,0,0
2022,421041,-0.95858834,0.25571762,0.72055718,-0.17118106,0.09615216,0.04310945,0,1,0,0,0
2023,421250,-0.94235044,0.20034572,0.75514315,-0.17801088,0.09198535,0.02016148,0,1,0,0,0
2024,421458,-0.91748722,0.12491936,0.79859500,-0.20265913,0.10899789,0.06715895,0,1,0,0,0
2025,421666,-0.88891467,0.06860994,0.84967693,-0.18005173,0.09118791,0.06340538,0,1,0,0,0
2026,421875,-0.85491931,0.00134510,0.87370793,-0.15941177,0.09231648,0.07055715,0,1,0,0,0
2027,422083,-0.82253379,-0.05733379,0.90080925,-0.18431263,0.05029177,0.11115602,0,1,0,0,0
2028,422291,-0.78644013,-0.12774593,0.93111019,-0.20010233,0.06030522,0.10047191,0,1,0,0,0
2029,422500,-0.74495032,-0.18912828,0.95548542,-0.18640861,0.06071356,0.13655777,0,1,0,0,0
2030,422708,-0.69764020,-0.25010370,0.97059491,-0.18930516,0.02071546,0.14111542,0,1,0,0,0
2031,422916,-0.65551348,-0.31704583,0.99229194,-0.16028460,0.02286496,0.14347499,0,1,0,0,0
2032,423125,-0.60152921,-0.38309750,1.00176007,-0.17095877,0.01411811,0.14715547,0,1,0,0,0
2033,423333,-0.54984190,-0.44338939,0.99527991,-0.15459344,0.00135356,0.16700726,0,1,0,0,0
2034,423541,-0.50444141,-0.49636213,1.00575136,-0.16846389,-0.00687839,0.17290954,0,1,0,0,0
2035,423750,-0.44109881,-0.55969653,1.00401306,-0.14380889,-0.01056333,0.16536865,0,1,0,0,0
2036,423958,-0.37533580,-0.61972976,0.99467992,-0.16836539,-0.02004946,0.17624352,0,1,0,0,0
2037,424166,-0.32154991,-0.65468438,0.98289666,-0.15337002,-0.02879427,0.19192596,0,1,0,0,0
2038,424375,-0.25212802,-0.70204131,0.97420201,-0.15712036,-0.05917624,0.20431289,0,1,0,0,0
2039,424583,-0.19277497,-0.75754871,0.95190774,-0.14101829,-0.06848601,0.19264378,0,1,0,0,0
2040,424791,-0.12258770,-0.79301869,0.93389113,-0.10514821,-0.07107768,0.19061936,0,1,0,0,0
2041,425000,-0.06212669,-0.82432990,0.89539229,-0.10599241,-0.07361096,0.19633782,0,1,0,0,0
2042,425208,0.00006378,-0.87037299,0.87270513,-0.08582850,-0.12009375,0.19373747,0,1,0,0,0
2043,425416,0.05832004,-0.89484640,0.83910002,-0.07790937,-0.11715028,0.20989531,0,1,0,0,0
2044,425625,0.12651805,-0.91086058,0.79867155,-0.06428913,-0.12461473,0.20510516,0,1,0,0,0
2045,425833,0.19544463,-0.94941171,0.76174694,-0.05891134,-0.13075714,0.19397883,0,1,0,0,0
2046,426041,0.25012116,-0.95697240,0.71166973,-0.03645494,-0.14314750,0.20169895,0,1,0,0,0
2047,426250,0.32730760,-0.97454417,0.66586296,-0.02954737,-0.15582499,0.20148638,0,1,0,0,0
2048,426458,0.37689508,-0.99582295,0.61310359,-0.00601402,-0.16648385,0.18328537,0,1,0,0,0
2049,426666,0.44224843,-1.00026704,0.56032577,-0.00321928,-0.17333726,0.15753324,0,1,0,0,0
2050,426875,0.50457678,-0.99072122,0.50025030,0.01955298,-0.16168640,0.17817996,0,1,0,0,0
2051,427083,0.55199029,-0.99187296,0.45182401,0.01679030,-0.19316312,0.14027276,0,1,0,0,0
2052,427291,0.60480018,-0.99422406,0.39145486,0.04282183,-0.19404825,0.14973417,0,1,0,0,0
2053,427500,0.65920593,-0.97794987,0.32504920,0.05425621,-0.17351290,0.13108418,0,1,0,0,0
2054,427708,0.71044255,-0.96234555,0.26435555,0.07285448,-0.19139964,0.12159213,0,1,0,0,0
2055,427916,0.75718294,-0.94007999,0.19085257,0.07665530,-0.20896938,0.11226753,0,1,0,0,0
2056,428125,0.78960102,-0.92005029,0.13532256,0.08138782,-0.20382158,0.10266352,0,1,0,0,0
2057,428333,0.83028258,-0.88306626,0.07284517,0.10101707,-0.20790902,0.09820382,0,1,0,0,0
2058,428541,0.86589425,-0.85492738,0.00882265,0.11907020,-0.22276898,0.09716351,0,1,0,0,0
2059,428750,0.90079261,-0.83737763,-0.06265232,0.11358388,-0.24229916,0.08813396,0,1,0,0,0
2060,428958,0.93300594,-0.78759034,-0.11986450,0.12223420,-0.20556642,0.05890534,0,1,0,0,0
2061,429166,0.95269366,-0.74592914,-0.18025648,0.13128264,-0.21044099,0.06071989,0,1,0,0,0
2062,429375,0.96511629,-0.70037147,-0.25967565,0.14095391,-0.21060619,0.03482816,0,1,0,0,0
2063,429583,0.98230514,-0.66715823,-0.32393517,0.14163361,-0.20619858,0.03273973,0,1,0,0,0
2064,429791,0.99797040,-0.60695746,-0.37460086,0.16228949,-0.19145032,0.00545862,0,1,0,0,0
2065,430000,0.99675277,-0.55556274,-0.42810536,0.18307676,-0.19301785,0.02508592,0,1,0,0,0
2066,430208,1.00367867,-0.49209363,-0.49474115,0.17692561,-0.17516277,0.02164590,0,1,0,0,0
2067,430416,0.99737492,-0.44083233,-0.55435256,0.19027248,-0.18445112,-0.01158622,0,1,0,0,0
2068,430625,0.98979062,-0.37418830,-0.59747626,0.18376794,-0.13938830,-0.01386091,0,1,0,0,0
2069,430833,0.97493670,-0.30651198,-0.65521470,0.18050928,-0.16448453,-0.03876060,0,1,0,0,0
2070,431041,0.96788522,-0.25287706,-0.70446928,0.18669995,-0.12793348,-0.04841572,0,1,0,0,0
2071,431250,0.94102458,-0.19311873,-0.75746348,0.17714415,-0.14825189,-0.06850382,0,1,0,0,0
2072,431458,0.91676343,-0.12030481,-0.79593595,0.19510721,-0.11614932,-0.06802402,0,1,0,0,0
2073,431666,0.88635178,-0.06521677,-0.83410164,0.19738146,-0.10591595,-0.08408235,0,1,0,0,0
2074,431875,0.86576645,-0.00515372,-0.87030506,0.20560326,-0.09005310,-0.09378564,0,1,0,0,0
2075,432083,0.83228405,0.07627145,-0.90071959,0.20672201,-0.09296449,-0.10827469,0,1,0,0,0
2076,432291,0.78544389,0.13684065,-0.92878533,0.19061898,-0.07312955,-0.12263564,0,1,0,0,0
2077,432500,0.74105529,0.20030749,-0.95262807,0.19489426,-0.06169933,-0.14085430,0,1,0,0,0
2078,432708,0.70359354,0.25774980,-0.96228307,0.19761941,-0.05262824,-0.14380405,0,1,0,0,0
2079,432916,0.64745910,0.31468533,-0.97590406,0.19849443,-0.03235589,-0.15438355,0,1,0,0,0
2080,433125,0.59953721,0.38451936,-0.98967846,0.18990417,-0.04033135,-0.15029280,0,1,0,0,0
2081,433333,0.55465959,0.44099799,-0.99924925,0.17116401,-0.02158758,-0.16107784,0,1,0,0,0
2082,433541,0.49818303,0.50498554,-1.00410692,0.16092763,-0.01787896,-0.18991905,0,1,0,0,0
2083,433750,0.44068301,0.56644296,-1.00431745,0.16974181,-0.00991981,-0.16970752,0,1,0,0,0
2084,433958,0.37577801,0.61589188,-0.99218732,0.15725604,0.01342181,-0.20008721,0,1,0,0,0
2085,434166,0.32114635,0.66336559,-0.98114829,0.15005120,0.03082438,-0.20762062,0,1,0,0,0
2086,434375,0.26038216,0.71142999,-0.97116000,0.14595117,0.03983310,-0.19654980,0,1,0,0,0
2087,434583,0.20039134,0.76244280,-0.94154980,0.14312724,0.03483305,-0.19917020,0,1,0,0,0
2088,434791,0.11588749,0.80745066,-0.91490688,0.11886640,0.08739483,-0.21262985,0,1,0,0,0
2089,435000,0.06740240,0.83848154,-0.89976579,0.12276136,0.08179654,-0.19007834,0,1,0,0,0
2090,435208,-0.00761610,0.87640770,-0.87104208,0.12241536,0.06845426,-0.21884934,0,1,0,0,0
2091,435416,-0.06526224,0.90627265,-0.82426970,0.10305429,0.09810975,-0.20721234,0,1,0,0,0
2092,435625,-0.12457260,0.93969749,-0.79844606,0.08844303,0.11052783,-0.19602476,0,1,0,0,0
2093,435833,-0.20653387,0.94339593,-0.75609690,0.06367649,0.12667562,-0.20236710,0,1,0,0,0
2094,436041,-0.26302118,0.97954424,-0.71526959,0.05619160,0.12322404,-0.17790569,0,1,0,0,0
2095,436250,-0.32120800,0.98789561,-0.65974906,0.04316344,0.16142751,-0.19919617,0,1,0,0,0
2096,436458,-0.38781945,1.00139198,-0.61731634,0.04188539,0.16917787,-0.18532631,0,1,0,0,0
2097,436666,-0.44737684,1.01029531,-0.55054058,-0.00120054,0.15424646,-0.16561676,0,1,0,0,0
2098,436875,-0.50654441,1.01358365,-0.50310060,-0.00732886,0.17320089,-0.15637869,0,1,0,0,0
2099,437083,-0.55084770,1.00223347,-0.44887158,-0.01621998,0.17653502,-0.14694170,0,1,0,0,0
2100,437291,-0.60972482,1.00400792,-0.38892130,-0.05527865,0.20562688,-0.14402942,0,1,0,0,0
2101,437500,-0.66057506,0.98584920,-0.32997339,-0.03732700,0.19668288,-0.14014737,0,1,0,0,0
2102,437708,-0.69299821,0.96694475,-0.24917565,-0.08151097,0.19323715,-0.13725328,0,1,0,0,0
2103,437916,-0.76159181,0.95924380,-0.19890548,-0.08572204,0.19985654,-0.10485711,0,1,0,0,0
2104,438125,-0.79764618,0.92881580,-0.13620322,-0.08706627,0.19679131,-0.11126897,0,1,0,0,0
2105,438333,-0.83422602,0.90503112,-0.07088677,-0.10019529,0.19662658,-0.09834834,0,1,0,0,0
2106,438541,-0.86969933,0.87930401,-0.00895276,-0.08271695,0.18919236,-0.07931033,0,1,0,0,0
2107,438750,-0.90755325,0.83385134,0.05612653,-0.13406853,0.21895805,-0.07185168,0,1,0,0,0
2108,438958,-0.93020026,0.80181631,0.12373733,-0.10636395,0.21419134,-0.08072208,0,1,0,0,0
2109,439166,-0.95433461,0.76701396,0.18974821,-0.12899531,0.20443276,-0.05868956,0,1,0,0,0
2110,439375,-0.97346011,0.70908454,0.24370186,-0.13642772,0.20107764,-0.06759330,0,1,0,0,0
2111,439583,-0.99339957,0.67284319,0.31724053,-0.13583710,0.19627259,-0.06061358,0,1,0,0,0
2112,439791,-0.99931780,0.62294213,0.38315965,-0.17818597,0.19030725,-0.02283335,0,1,0,0,0
2113,440000,-1.00202271,0.56213541,0.43373666,-0.16165611,0.16301296,-0.01319930,0,1,0,0,0
2114,440208,-1.01782801,0.51080402,0.50043351,-0.16820208,0.17953354,0.01038929,0,1,0,0,0
2115,440416,-1.00547737,0.44107477,0.56169141,-0.17608331,0.17919330,0.02154785,0,1,0,0,0
2116,440625,-0.99601879,0.39735705,0.61285071,-0.16594418,0.16651763,0.01911339,0,1,0,0,0
2117,440833,-0.98273292,0.33284514,0.65751341,-0.19214556,0.14371309,0.02298195,0,1,0,0,0
2118,441041,-0.97510297,0.26572865,0.69730655,-0.19505180,0.12739884,0.03994669,0,1,0,0,0
2119,441250,-0.95969653,0.20330462,0.74062514,-0.19208740,0.12646962,0.05211044,0,1,0,0,0
2120,441458,-0.93297564,0.12679520,0.78345926,-0.18287969,0.12841012,0.09376632,0,1,0,0,0
2121,441666,-0.89242730,0.07060964,0.82502010,-0.20762594,0.10929246,0.07648716,0,1,0,0,0
2122,441875,-0.86965060,0.00426921,0.86374474,-0.21199683,0.09469910,0.11546984,0,1,0,0,0
2123,442083,-0.83066885,-0.05950019,0.88795075,-0.21641830,0.07255626,0.10814798,0,1,0,0,0
2124,442291,-0.79483376,-0.12599178,0.91394331,-0.19915708,0.06775528,0.11823812,0,1,0,0,0
2125,442500,-0.75683085,-0.18536163,0.93115760,-0.20010849,0.06756441,0.13389121,0,1,0,0,0
2126,442708,-0.71000182,-0.24630166,0.96266231,-0.18088787,0.04958798,0.14299519,0,1,0,0,0
2127,442916,-0.66893048,-0.31700170,0.97516056,-0.19233092,0.01915356,0.14941442,0,1,0,0,0
2128,443125,-0.60610832,-0.37749121,0.98911452,-0.18788988,0.00843105,0.17265398,0,1,0,0,0
2129,443333,-0.55927285,-0.44318690,0.99282041,-0.17793129,0.00338014,0.16442548,0,1,0,0,0
2130,443541,-0.51017687,-0.49793669,0.99495360,-0.18108771,-0.01080155,0.17803120,0,1,0,0,0
2131,443750,-0.45493045,-0.55093066,0.99531359,-0.17795182,-0.00989038,0.18686987,0,1,0,0,0
2132,443958,-0.39033540,-0.60093891,0.98089729,-0.16506943,-0.01275626,0.19555812,0,1,0,0,0
2133,444166,-0.33448614,-0.66433068,0.96833212,-0.14443483,-0.02885910,0.20024344,0,1,0,0,0
2134,444375,-0.25097836,-0.70343793,0.96062354,-0.18570394,-0.03877391,0.19854972,0,1,0,0,0
2135,444583,-0.20207243,-0.75987779,0.94102473,-0.12796490,-0.05039074,0.19732347,0,1,0,0,0
2136,444791,-0.13826111,-0.80126434,0.92091496,-0.13716386,-0.05885774,0.21917954,0,1,0,0,0
2137,445000,-0.06868453,-0.83322539,0.88951010,-0.12948985,-0.07862814,0.19899880,0,1,0,0,0
2138,445208,-0.01205930,-0.86138887,0.85564576,-0.12979637,-0.09215289,0.21509712,0,1,0,0,0
2139,445416,0.05883344,-0.89791116,0.82377014,-0.10732475,-0.10681229,0.22188508,0,1,0,0,0
2140,445625,0.12399663,-0.92417483,0.79227428,-0.09371529,-0.11525350,0.20812120,0,1,0,0,0
2141,445833,0.19487817,-0.95391347,0.75307924,-0.09706794,-0.12289462,0.19916972,0,1,0,0,0
2142,446041,0.24681685,-0.97034220,0.70032035,-0.06124813,-0.13520512,0.20859406,0,1,0,0,0
2143,446250,0.31544514,-0.98416542,0.64466652,-0.04424635,-0.14298051,0.19909383,0,1,0,0,0
2144,446458,0.37076135,-0.99351598,0.59685699,-0.01331306,-0.15100661,0.18528214,0,1,0,0,0
2145,446666,0.44163071,-0.99448663,0.54364034,-0.01891206,-0.16550352,0.17743178,0,1,0,0,0
2146,446875,0.49452421,-1.00335866,0.50235192,0.01018077,-0.15964149,0.16652911,0,1,0,0,0
2147,447083,0.54966378,-0.98889781,0.42895238,0.01964769,-0.19067489,0.15556827,0,1,0,0,0
2148,447291,0.59561213,-0.98674439,0.38305807,0.02322713,-0.18787140,0.16261846,0,1,0,0,0
2149,447500,0.64466849,-0.98266357,0.32412496,0.04481206,-0.18567348,0.13955996,0,1,0,0,0
2150,447708,0.70444281,-0.96076598,0.25282729,0.06111727,-0.19254732,0.15642417,0,1,0,0,0
2151,447916,0.74788161,-0.94537323,0.19294464,0.06012181,-0.17771322,0.13050408,0,1,0,0,0
2152,448125,0.78402976,-0.91686433,0.12455355,0.07446861,-0.18613374,0.12186420,0,1,0,0,0
2153,448333,0.82100229,-0.89616019,0.06287964,0.08553135,-0.19357662,0.11132247,0,1,0,0,0
2154,448541,0.86462604,-0.86260284,0.00131432,0.11055031,-0.19176278,0.09603141,0,1,0,0,0
2155,448750,0.89435008,-0.84419684,-0.06801212,0.12053627,-0.20188572,0.09074800,0,1,0,0,0
2156,448958,0.93027437,-0.78957144,-0.13673361,0.11663025,-0.20599053,0.06872970,0,1,0,0,0
2157,449166,0.94195930,-0.74785526,-0.18796681,0.12216910,-0.21295581,0.07047120,0,1,0,0,0
2158,449375,0.97002619,-0.70773428,-0.25691848,0.13239930,-0.19803975,0.05100680,0,1,0,0,0
2159,449583,0.97264446,-0.65130772,-0.33201177,0.15283502,-0.18164818,0.04043753,0,1,0,0,0
2160,449791,0.99235023,-0.61066734,-0.38039893,0.16070066,-0.18820133,0.04576372,0,1,0,0,0
