1,0,-0.78411715,0.92721037,-0.14872559,-0.09184250,0.18998450,-0.12556873,0,0,0,0,0
2,208,-0.82404898,0.89763636,-0.08897636,-0.08324604,0.20885739,-0.10674462,0,0,0,0,0
3,416,-0.86197913,0.86909428,-0.01426264,-0.10409636,0.20832408,-0.10873163,0,0,0,0,0
4,625,-0.88369880,0.84028900,0.04900010,-0.10602487,0.21938663,-0.08350874,0,0,0,0,0
5,833,-0.92049964,0.79053434,0.11549117,-0.13875811,0.22566970,-0.06474687,0,0,0,0,0
6,1041,-0.93580647,0.75778846,0.16618068,-0.13590406,0.21661117,-0.05700556,0,0,0,0,0
7,1250,-0.96225659,0.71219835,0.24517140,-0.13282789,0.20636359,-0.07590921,0,0,0,0,0
8,1458,-0.97832538,0.66922978,0.30080324,-0.14662371,0.21572688,-0.03864153,0,0,0,0,0
9,1666,-0.98762118,0.61739514,0.36707005,-0.15204408,0.19953495,-0.03295753,0,0,0,0,0
10,1875,-0.99525079,0.56301630,0.41032766,-0.15627679,0.19048634,-0.00067070,0,0,0,0,0
11,2083,-1.00185628,0.51696869,0.48412675,-0.15608256,0.17985093,0.00825094,0,0,0,0,0
12,2291,-0.99738929,0.47260942,0.53822164,-0.16328770,0.17851293,0.03916564,0,0,0,0,0
13,2500,-0.99152171,0.39986182,0.59166410,-0.15348769,0.17803443,0.03244013,0,0,0,0,0
14,2708,-0.97708129,0.33644835,0.64387058,-0.18378938,0.14709788,0.04912888,0,0,0,0,0
15,2916,-0.97103026,0.27451903,0.69017357,-0.17792855,0.13359074,0.05854225,0,0,0,0,0
16,3125,-0.95703302,0.21958891,0.73188903,-0.17685644,0.12172791,0.07702194,0,0,0,0,0
17,3333,-0.93405363,0.14625092,0.77525504,-0.20119197,0.13168280,0.06896150,0,0,0,0,0
18,3541,-0.89228557,0.09213253,0.82100539,-0.19660798,0.11281141,0.07652655,0,0,0,0,0
19,3750,-0.88306423,0.01203090,0.86323629,-0.19508178,0.11098016,0.08807420,0,0,0,0,0
20,3958,-0.84541333,-0.04436664,0.89438468,-0.18435618,0.07864556,0.10643233,0,0,0,0,0
21,4166,-0.80157999,-0.10739383,0.91839112,-0.19923397,0.05947606,0.11791150,0,0,0,0,0
22,4375,-0.76367496,-0.17184294,0.93926623,-0.19270327,0.07539378,0.11388207,0,0,0,0,0
23,4583,-0.71223598,-0.23642760,0.97245393,-0.19014961,0.04074735,0.12856998,0,0,0,0,0
24,4791,-0.66544652,-0.30180848,0.98182752,-0.22252864,0.04313964,0.13619188,0,0,0,0,0
25,5000,-0.62179816,-0.35935986,0.99345806,-0.18942192,0.01113861,0.13954331,0,0,0,0,0
26,5208,-0.55908985,-0.43053190,0.99161072,-0.18877118,0.01404534,0.14867676,0,0,0,0,0
27,5416,-0.51729744,-0.48742716,1.00304093,-0.16280478,-0.00208559,0.16658323,0,0,0,0,0
28,5625,-0.45856771,-0.54275625,0.99476496,-0.16379030,-0.02784895,0.18736862,0,0,0,0,0
29,5833,-0.38830074,-0.58749986,1.00626999,-0.15470926,-0.00821554,0.18682245,0,0,0,0,0
30,6041,-0.34241372,-0.64416013,0.98230796,-0.15080049,-0.04971501,0.19690172,0,0,0,0,0
31,6250,-0.27258160,-0.69183192,0.96990599,-0.14735305,-0.06376840,0.21218325,0,0,0,0,0
32,6458,-0.20386844,-0.74187037,0.95193111,-0.13220322,-0.07410436,0.19057859,0,0,0,0,0
33,6666,-0.16131061,-0.77943851,0.93141272,-0.13248427,-0.10173111,0.20911714,0,0,0,0,0
34,6875,-0.08604837,-0.83049676,0.91059604,-0.11044544,-0.09455536,0.21996627,0,0,0,0,0
35,7083,-0.01532045,-0.86052728,0.87719596,-0.12405112,-0.10796100,0.21686747,0,0,0,0,0
36,7291,0.04304302,-0.89171772,0.84337387,-0.09190923,-0.10038044,0.20235210,0,0,0,0,0
37,7500,0.10910146,-0.92141979,0.80890842,-0.09358368,-0.11486430,0.20005578,0,0,0,0,0
38,7708,0.17392381,-0.94520098,0.75621496,-0.06957196,-0.13746886,0.22285454,0,0,0,0,0
39,7916,0.23828535,-0.96138766,0.72258679,-0.07735672,-0.13743632,0.20799462,0,0,0,0,0
40,8125,0.29575627,-0.97928674,0.67138230,-0.04330497,-0.11513918,0.20301487,0,0,0,0,0
41,8333,0.36574054,-0.98655052,0.61617878,-0.03127093,-0.15161376,0.19509301,0,0,0,0,0
42,8541,0.42406657,-1.01054774,0.56678373,-0.01371170,-0.14032157,0.20379583,0,0,0,0,0
43,8750,0.47636936,-0.99573581,0.51090979,-0.01451796,-0.16183845,0.19117295,0,0,0,0,0
44,8958,0.53715185,-1.00490166,0.43955867,0.01950795,-0.17199697,0.17137174,0,0,0,0,0
45,9166,0.58750623,-0.98897171,0.40031117,0.03585743,-0.17466679,0.17336758,0,0,0,0,0
46,9375,0.64809456,-0.98702654,0.33893827,0.03131352,-0.16197331,0.15644864,0,0,0,0,0
47,9583,0.69897123,-0.96808956,0.26475561,0.05127947,-0.19864662,0.15335088,0,0,0,0,0
48,9791,0.74383084,-0.95610024,0.20503136,0.07706777,-0.18425336,0.14783644,0,0,0,0,0
49,10000,0.78830307,-0.93355900,0.15240640,0.09131230,-0.18471035,0.13602244,0,0,0,0,0
50,10208,0.82536428,-0.89753633,0.08524725,0.09755843,-0.20747957,0.09552669,0,0,0,0,0
51,10416,0.86388860,-0.88314435,0.01976944,0.10843035,-0.19580734,0.10672212,0,0,0,0,0
52,10625,0.89097905,-0.84190138,-0.04431065,0.11728532,-0.19981022,0.10473323,0,0,0,0,0
53,10833,0.92277774,-0.79478790,-0.10895332,0.11974429,-0.21729937,0.07057078,0,0,0,0,0
54,11041,0.93656351,-0.76042920,-0.18026592,0.13075816,-0.21829177,0.08479505,0,0,0,0,0
55,11250,0.95576995,-0.71956421,-0.24140071,0.12509428,-0.20846602,0.05754662,0,0,0,0,0
56,11458,0.97894794,-0.66149749,-0.29644440,0.13913784,-0.20258749,0.04670057,0,0,0,0,0
57,11666,0.99363372,-0.61095828,-0.35990202,0.14986113,-0.20275929,0.03195614,0,0,0,0,0
58,11875,0.99639226,-0.56891513,-0.42208551,0.16752945,-0.18749136,-0.00606132,0,0,0,0,0
59,12083,1.00432405,-0.50863472,-0.48531542,0.15860067,-0.19368647,0.00240570,0,0,0,0,0
60,12291,1.00176210,-0.45116705,-0.53364307,0.18501676,-0.18665157,-0.01711721,0,0,0,0,0
61,12500,0.98471527,-0.40044632,-0.59760055,0.18836816,-0.16794341,-0.04024340,0,0,0,0,0
62,12708,0.99696435,-0.34264009,-0.63695777,0.17459217,-0.15512786,-0.03216550,0,0,0,0,0
63,12916,0.96509347,-0.27772135,-0.69678090,0.17473613,-0.13287302,-0.07872231,0,0,0,0,0
64,13125,0.94840519,-0.22218785,-0.74330816,0.20655590,-0.12938757,-0.07596015,0,0,0,0,0
65,13333,0.93641331,-0.14779598,-0.78142585,0.19621526,-0.11436983,-0.06414325,0,0,0,0,0
66,13541,0.90422391,-0.08728161,-0.81980820,0.19755723,-0.11227923,-0.07643741,0,0,0,0,0
67,13750,0.86982633,-0.01993249,-0.85619398,0.18960545,-0.09961787,-0.09908343,0,0,0,0,0
68,13958,0.83711566,0.04553832,-0.89546439,0.19511003,-0.09019102,-0.10770585,0,0,0,0,0
69,14166,0.79730758,0.10647298,-0.91513174,0.19059297,-0.06987509,-0.10913919,0,0,0,0,0
70,14375,0.75659780,0.17547609,-0.93681305,0.21516314,-0.05836807,-0.11089511,0,0,0,0,0
71,14583,0.72027679,0.23309200,-0.96254404,0.20339963,-0.04713344,-0.12608980,0,0,0,0,0
72,14791,0.66661296,0.30072680,-0.98615381,0.19186768,-0.03840705,-0.13097288,0,0,0,0,0
73,15000,0.61378271,0.35956119,-0.99154138,0.18550295,-0.02490718,-0.13819166,0,0,0,0,0
74,15208,0.56280851,0.42119386,-1.00393740,0.17450137,0.00433101,-0.15171190,0,0,0,0,0
75,15416,0.51100408,0.47291855,-1.01142175,0.17713802,0.00319752,-0.16223495,0,0,0,0,0
76,15625,0.45113603,0.53859476,-1.00369522,0.17248397,0.01944359,-0.17870729,0,0,0,0,0
77,15833,0.39462306,0.59734515,-0.98774108,0.14070164,0.03182367,-0.17593416,0,0,0,0,0
78,16041,0.33762722,0.64738009,-0.98692561,0.14635486,0.03908939,-0.18406346,0,0,0,0,0
79,16250,0.27191188,0.70066109,-0.97430515,0.14163526,0.05978517,-0.19988907,0,0,0,0,0
80,16458,0.20741107,0.73621138,-0.95162740,0.15141368,0.06776890,-0.19346632,0,0,0,0,0
81,16666,0.14483033,0.78112907,-0.93020802,0.12673322,0.06743710,-0.18905765,0,0,0,0,0
82,16875,0.09132062,0.82732240,-0.91457309,0.10534456,0.08547742,-0.20349866,0,0,0,0,0
83,17083,0.03093303,0.85804978,-0.86783544,0.10235144,0.12135507,-0.20191191,0,0,0,0,0
84,17291,-0.04416270,0.89155579,-0.84217333,0.11953232,0.12197182,-0.19720176,0,0,0,0,0
85,17500,-0.10518044,0.92961909,-0.80077949,0.08622837,0.11503502,-0.20710443,0,0,0,0,0
86,17708,-0.17768316,0.94232361,-0.76677695,0.06598190,0.13154011,-0.19633493,0,0,0,0,0
87,17916,-0.23967248,0.96170124,-0.72862205,0.04490359,0.13308960,-0.22560704,0,0,0,0,0
88,18125,-0.29753587,0.97551367,-0.67129344,0.04624601,0.15412416,-0.20577748,0,0,0,0,0
89,18333,-0.37372752,0.99107285,-0.62520421,0.03105711,0.14119909,-0.20465565,0,0,0,0,0
90,18541,-0.41892844,1.00522519,-0.56026920,0.01766936,0.15080169,-0.17333380,0,0,0,0,0
91,18750,-0.48492265,1.00604494,-0.51742824,0.02411014,0.14706674,-0.17385561,0,0,0,0,0
92,18958,-0.54486951,1.00881593,-0.45254528,-0.03154165,0.16062256,-0.18406565,0,0,0,0,0
93,19166,-0.59263114,0.99735581,-0.39044017,-0.03825279,0.14183646,-0.17275863,0,0,0,0,0
94,19375,-0.63981316,0.97373467,-0.33076877,-0.04620525,0.17927435,-0.16712664,0,0,0,0,0
95,19583,-0.69808305,0.97308260,-0.27379078,-0.06716217,0.19400836,-0.14010777,0,0,0,0,0
96,19791,-0.74130939,0.95123745,-0.21771082,-0.09614730,0.20774146,-0.13108536,0,0,0,0,0
97,20000,-0.78328552,0.92748688,-0.15317334,-0.08213001,0.20171445,-0.12663492,0,0,0,0,0
98,20208,-0.82349689,0.90653313,-0.08571108,-0.10437811,0.19830581,-0.12030182,0,0,0,0,0
99,20416,-0.86506150,0.86845227,-0.02487598,-0.11862073,0.19756314,-0.10064919,0,0,0,0,0
100,20625,-0.89050097,0.83872386,0.04611274,-0.12595087,0.20347107,-0.06293574,0,0,0,0,0
101,20833,-0.91834790,0.79323761,0.10701060,-0.10968114,0.19324874,-0.08034936,0,0,0,0,0
102,21041,-0.95664137,0.75076599,0.16847784,-0.11955023,0.20627540,-0.05221922,0,0,0,0,0
103,21250,-0.95846835,0.71215919,0.23146415,-0.15002161,0.19466998,-0.05308968,0,0,0,0,0
104,21458,-0.98603315,0.66754308,0.29347161,-0.16230234,0.19769693,-0.02618600,0,0,0,0,0
105,21666,-0.98957018,0.62307034,0.36290118,-0.14130171,0.19701845,-0.01511548,0,0,0,0,0
106,21875,-0.99018730,0.56342996,0.41983606,-0.13458801,0.19643553,-0.00648113,0,0,0,0,0
107,22083,-1.00235259,0.52253821,0.48220439,-0.13649024,0.16943736,0.01516764,0,0,0,0,0
108,22291,-1.00544328,0.45392425,0.53820231,-0.17856189,0.17410422,0.03526070,0,0,0,0,0
109,22500,-0.99216374,0.39992409,0.59175087,-0.15549003,0.17484311,0.03766484,0,0,0,0,0
110,22708,-0.97833799,0.34013718,0.64759844,-0.17394875,0.17141020,0.04781448,0,0,0,0,0
111,22916,-0.97692988,0.27966121,0.68578751,-0.19817172,0.14524894,0.06765013,0,0,0,0,0
112,23125,-0.96492693,0.21716928,0.74221388,-0.19249162,0.15590279,0.08736671,0,0,0,0,0
113,23333,-0.92475211,0.16194613,0.78353957,-0.19661300,0.12846690,0.06599586,0,0,0,0,0
114,23541,-0.89985426,0.08262121,0.81988241,-0.18841619,0.10944578,0.07507747,0,0,0,0,0
115,23750,-0.87174093,0.02177860,0.85263936,-0.21048950,0.10866966,0.10907620,0,0,0,0,0
116,23958,-0.84846279,-0.04574603,0.88904801,-0.18994496,0.07876459,0.09639292,0,0,0,0,0
117,24166,-0.79872144,-0.10579602,0.91948249,-0.19584322,0.06122445,0.12118847,0,0,0,0,0
118,24375,-0.75543151,-0.17341082,0.93470938,-0.19008241,0.06911266,0.10929721,0,0,0,0,0
119,24583,-0.70554830,-0.23879016,0.96518780,-0.20498619,0.05340853,0.11919075,0,0,0,0,0
120,24791,-0.67051083,-0.31060769,0.98711713,-0.19100550,0.04682336,0.14273377,0,0,0,0,0
121,25000,-0.61832965,-0.36739342,0.99015995,-0.20058452,0.03469221,0.14867840,0,0,0,0,0
122,25208,-0.57737190,-0.43045995,1.00478923,-0.17764717,0.03234067,0.13936917,0,0,0,0,0
123,25416,-0.50693903,-0.48644238,1.00413803,-0.18020948,-0.01496859,0.16614682,0,0,0,0,0
124,25625,-0.45016043,-0.54487050,1.00227161,-0.17216872,-0.01715441,0.16275257,0,0,0,0,0
125,25833,-0.39414376,-0.59750836,0.99235815,-0.16378391,-0.03001374,0.18252183,0,0,0,0,0
126,26041,-0.32994849,-0.64854609,0.98480769,-0.17341056,-0.02916455,0.18670620,0,0,0,0,0
127,26250,-0.27822485,-0.69720929,0.96803580,-0.13650254,-0.05068895,0.19130519,0,0,0,0,0
128,26458,-0.21280037,-0.74244612,0.95989371,-0.13973020,-0.05585488,0.19261524,0,0,0,0,0
129,26666,-0.14920978,-0.78816279,0.92954083,-0.12033235,-0.07710862,0.18662192,0,0,0,0,0
130,26875,-0.07886389,-0.82255155,0.91605411,-0.11208678,-0.09146858,0.20032279,0,0,0,0,0
131,27083,-0.01445006,-0.86299216,0.87937253,-0.12149379,-0.09461294,0.21565099,0,0,0,0,0
132,27291,0.04598179,-0.89362507,0.84513245,-0.10498644,-0.10769072,0.21413564,0,0,0,0,0
133,27500,0.11013144,-0.91929913,0.79869521,-0.10546424,-0.11412609,0.20092799,0,0,0,0,0
134,27708,0.17573829,-0.95650256,0.76712923,-0.06410691,-0.11827191,0.21882452,0,0,0,0,0
135,27916,0.23503917,-0.95166417,0.71774444,-0.05839321,-0.12656523,0.20875856,0,0,0,0,0
136,28125,0.30659410,-0.97785473,0.66788859,-0.04399031,-0.12686897,0.20744427,0,0,0,0,0
137,28333,0.35964967,-0.99091975,0.61641309,-0.03252038,-0.14197693,0.18585467,0,0,0,0,0
138,28541,0.42493931,-1.00272555,0.55991886,-0.02295590,-0.14686088,0.20810008,0,0,0,0,0
139,28750,0.47911839,-1.00270719,0.51039271,0.01598450,-0.16504650,0.18761856,0,0,0,0,0
140,28958,0.54421427,-1.00770247,0.45184323,0.03923391,-0.15213579,0.19000840,0,0,0,0,0
141,29166,0.59407401,-0.99310046,0.38686913,0.04777605,-0.15213504,0.15937617,0,0,0,0,0
142,29375,0.65735817,-0.99335778,0.33546837,0.04745580,-0.19469842,0.13781043,0,0,0,0,0
143,29583,0.69588569,-0.97628162,0.28192840,0.06668808,-0.17756343,0.13662913,0,0,0,0,0
144,29791,0.74745692,-0.95426583,0.20169030,0.08619017,-0.19227885,0.14613934,0,0,0,0,0
145,30000,0.78240146,-0.91992881,0.14507214,0.08818419,-0.19874825,0.11381639,0,0,0,0,0
146,30208,0.82316071,-0.90595133,0.09021648,0.11751063,-0.19568314,0.12916507,0,0,0,0,0
147,30416,0.85986779,-0.86815567,0.01393844,0.12046485,-0.20607471,0.09580690,0,0,0,0,0
148,30625,0.89337547,-0.84613950,-0.04429163,0.14487119,-0.20429877,0.09529861,0,0,0,0,0
149,30833,0.91553620,-0.79849728,-0.10886070,0.12713511,-0.21283044,0.08157325,0,0,0,0,0
150,31041,0.94013889,-0.74968144,-0.17165053,0.10839227,-0.19374593,0.06326865,0,0,0,0,0
151,31250,0.96320262,-0.71265195,-0.22941433,0.13982858,-0.20925633,0.04976622,0,0,0,0,0
152,31458,0.98050835,-0.67947691,-0.31038058,0.14118799,-0.21128149,0.02872777,0,0,0,0,0
153,31666,0.99002989,-0.62011263,-0.36222891,0.15201278,-0.19559217,0.04343652,0,0,0,0,0
154,31875,0.99687899,-0.57123730,-0.42601045,0.17300056,-0.20149122,0.01401902,0,0,0,0,0
155,32083,0.99449662,-0.50887152,-0.48227457,0.15439871,-0.18360037,-0.02233657,0,0,0,0,0
156,32291,1.00271467,-0.45925309,-0.53836401,0.15608645,-0.16106445,-0.03416229,0,0,0,0,0
157,32500,0.99917380,-0.40756537,-0.59423812,0.16260016,-0.16843106,-0.02900188,0,0,0,0,0
158,32708,0.99015344,-0.34076071,-0.64979843,0.19543653,-0.17095610,-0.04706001,0,0,0,0,0
159,32916,0.97213752,-0.28164588,-0.69824997,0.17426614,-0.15014341,-0.07648442,0,0,0,0,0
160,33125,0.95011218,-0.22571641,-0.72832238,0.18649011,-0.12580633,-0.04300003,0,0,0,0,0
161,33333,0.92905654,-0.15150694,-0.78848464,0.20721993,-0.12039512,-0.10512014,0,0,0,0,0
162,33541,0.90489663,-0.08561210,-0.81473808,0.19980709,-0.10181619,-0.08971629,0,0,0,0,0
163,33750,0.87357157,-0.01830826,-0.86185443,0.17427530,-0.10256216,-0.09208378,0,0,0,0,0
164,33958,0.83523780,0.05041581,-0.88837347,0.19455332,-0.08795512,-0.10597059,0,0,0,0,0
165,34166,0.79329809,0.10930686,-0.90739858,0.19406972,-0.06536667,-0.09755428,0,0,0,0,0
166,34375,0.75782125,0.16814883,-0.93773563,0.18285576,-0.04371496,-0.10825094,0,0,0,0,0
167,34583,0.71494580,0.23570553,-0.96932920,0.19362132,-0.05197458,-0.11980314,0,0,0,0,0
168,34791,0.67064934,0.30304552,-0.98010816,0.16774897,-0.03600703,-0.13039727,0,0,0,0,0
169,35000,0.61707648,0.37120390,-0.99061418,0.19347609,-0.01348175,-0.13331323,0,0,0,0,0
170,35208,0.56535106,0.42559682,-0.99312020,0.18448862,-0.01092707,-0.15015198,0,0,0,0,0
171,35416,0.51233888,0.48354549,-1.00152696,0.17075492,0.00683197,-0.17263765,0,0,0,0,0
172,35625,0.46271478,0.53955901,-1.00174850,0.15268250,0.00620798,-0.15710373,0,0,0,0,0
173,35833,0.39533116,0.59487650,-0.98726189,0.17740161,0.02717048,-0.15800755,0,0,0,0,0
174,36041,0.32814324,0.65604335,-0.97861122,0.15031324,0.03461782,-0.18259396,0,0,0,0,0
175,36250,0.27089337,0.69481971,-0.96944658,0.15937667,0.03756071,-0.18930640,0,0,0,0,0
176,36458,0.22074964,0.73965697,-0.95830805,0.13930095,0.05871611,-0.19647918,0,0,0,0,0
177,36666,0.15548501,0.78371387,-0.94651987,0.14686424,0.08442210,-0.21384413,0,0,0,0,0
178,36875,0.08905795,0.81935498,-0.91363932,0.12913264,0.09680205,-0.20939815,0,0,0,0,0
179,37083,0.02356593,0.85067628,-0.88489984,0.11447590,0.10910604,-0.19806980,0,0,0,0,0
180,37291,-0.04082846,0.88193078,-0.84346814,0.09389089,0.11539323,-0.20435278,0,0,0,0,0
181,37500,-0.10999977,0.91541427,-0.80062329,0.10294656,0.11580365,-0.18940539,0,0,0,0,0
182,37708,-0.16864718,0.94950079,-0.75392270,0.07431223,0.10645980,-0.19759373,0,0,0,0,0
183,37916,-0.23219061,0.96995740,-0.71247802,0.05349026,0.11946160,-0.20644409,0,0,0,0,0
184,38125,-0.29556329,0.97489862,-0.67425756,0.04442931,0.14774386,-0.19174460,0,0,0,0,0
185,38333,-0.36490249,0.99172811,-0.61842288,0.02929808,0.13407356,-0.19538681,0,0,0,0,0
186,38541,-0.42441511,1.00077400,-0.56411329,0.02199965,0.14781196,-0.20366816,0,0,0,0,0
187,38750,-0.48530859,0.99955240,-0.51814060,-0.02197842,0.15566492,-0.16947731,0,0,0,0,0
188,38958,-0.53449543,1.00819649,-0.45704626,0.00465197,0.14811452,-0.16665501,0,0,0,0,0
189,39166,-0.59305634,0.99936175,-0.39559085,-0.02992705,0.17257020,-0.13333545,0,0,0,0,0
190,39375,-0.64506465,0.98674313,-0.32224484,-0.04928854,0.19195509,-0.15852255,0,0,0,0,0
191,39583,-0.69364016,0.97027975,-0.26935371,-0.05834644,0.18378556,-0.13578189,0,0,0,0,0
192,39791,-0.74983021,0.94290106,-0.21538336,-0.09080555,0.18812624,-0.14016552,0,0,0,0,0
193,40000,-0.78114463,0.93426317,-0.14776251,-0.08600293,0.18532082,-0.13081620,0,0,0,0,0
194,40208,-0.82740128,0.90334455,-0.07968089,-0.09156112,0.19922090,-0.08795365,0,0,0,0,0
195,40416,-0.86232784,0.87187038,-0.01908096,-0.11092684,0.21119021,-0.12069653,0,0,0,0,0
196,40625,-0.89579717,0.83213575,0.04470923,-0.11178045,0.20816044,-0.08883470,0,0,0,0,0
197,40833,-0.91886869,0.79536525,0.11448319,-0.11726181,0.20483651,-0.05887808,0,0,0,0,0
198,41041,-0.94332700,0.76083010,0.18194919,-0.13982506,0.21885270,-0.07888941,0,0,0,0,0
199,41250,-0.96971151,0.72066441,0.24465831,-0.12662233,0.20431067,-0.05498873,0,0,0,0,0
200,41458,-0.98746041,0.67773568,0.29993012,-0.14558698,0.19939077,-0.02660175,0,0,0,0,0
201,41666,-0.99122394,0.61665335,0.36235798,-0.13122011,0.20047395,-0.03297536,0,0,0,0,0
202,41875,-0.99370629,0.56812283,0.42195987,-0.14207583,0.20621177,-0.00266092,0,0,0,0,0
203,42083,-0.99754617,0.50453174,0.48735567,-0.15575279,0.18440325,0.00107000,0,0,0,0,0
204,42291,-0.99520956,0.44644662,0.53664464,-0.17252054,0.16867995,0.03686005,0,0,0,0,0
205,42500,-0.99594832,0.40298668,0.58315022,-0.17018384,0.17344106,0.05021803,0,0,0,0,0
206,42708,-0.98711591,0.33581251,0.64677446,-0.16381677,0.15409515,0.04502829,0,0,0,0,0
207,42916,-0.97194213,0.26829881,0.69580065,-0.18446998,0.15154067,0.03248189,0,0,0,0,0
208,43125,-0.94910644,0.20910053,0.73692385,-0.17956098,0.11344376,0.07641762,0,0,0,0,0
209,43333,-0.92260248,0.15234984,0.79084263,-0.18329065,0.12183220,0.09033080,0,0,0,0,0
210,43541,-0.90642698,0.08755393,0.81816008,-0.19429562,0.10634288,0.09319572,0,0,0,0,0
211,43750,-0.87499440,0.01202863,0.86376771,-0.20503716,0.08663952,0.09910455,0,0,0,0,0
212,43958,-0.83930915,-0.03914618,0.88215528,-0.18340922,0.07170600,0.10465213,0,0,0,0,0
213,44166,-0.80303610,-0.11418909,0.91862134,-0.19584721,0.06890258,0.10552066,0,0,0,0,0
214,44375,-0.76350274,-0.17428064,0.93766651,-0.20330164,0.04912963,0.10857106,0,0,0,0,0
215,44583,-0.71695857,-0.23970083,0.96177325,-0.20628599,0.01844348,0.12441114,0,0,0,0,0
216,44791,-0.67305692,-0.30319640,0.98223074,-0.18598544,0.02462810,0.13006946,0,0,0,0,0
217,45000,-0.61549705,-0.36981248,0.98763624,-0.19091979,0.01229484,0.14825810,0,0,0,0,0
218,45208,-0.55923931,-0.42569864,0.99478354,-0.17463963,0.01253018,0.14219413,0,0,0,0,0
219,45416,-0.51320055,-0.48285963,1.00065034,-0.18705793,-0.01234241,0.15585141,0,0,0,0,0
220,45625,-0.44656611,-0.54173762,1.01975223,-0.16775083,-0.01361612,0.17019291,0,0,0,0,0
221,45833,-0.39670267,-0.59441282,0.99687307,-0.16825464,-0.03666641,0.17045669,0,0,0,0,0
222,46041,-0.33937375,-0.64098204,0.98722841,-0.13858188,-0.03300663,0.17203598,0,0,0,0,0
223,46250,-0.27088427,-0.69759786,0.97511424,-0.14471862,-0.05066990,0.19929096,0,0,0,0,0
224,46458,-0.21633069,-0.73770810,0.94659714,-0.15051671,-0.07056196,0.18554512,0,0,0,0,0
225,46666,-0.14519465,-0.78457460,0.93786792,-0.12292134,-0.07850069,0.20500984,0,0,0,0,0
226,46875,-0.08309033,-0.81561399,0.91080075,-0.11094109,-0.08553628,0.21176465,0,0,0,0,0
227,47083,-0.02207668,-0.86551262,0.86826145,-0.11673131,-0.10080865,0.22271648,0,0,0,0,0
228,47291,0.04184627,-0.88411177,0.85518427,-0.11038575,-0.10889182,0.23242751,0,0,0,0,0
229,47500,0.10444105,-0.92170641,0.80532806,-0.11198523,-0.13909690,0.22222121,0,0,0,0,0
230,47708,0.17814164,-0.93303571,0.75821793,-0.06535866,-0.12997439,0.20047136,0,0,0,0,0
231,47916,0.23560804,-0.96194555,0.72041417,-0.07916941,-0.13868846,0.20187287,0,0,0,0,0
232,48125,0.30134172,-0.97622730,0.66616479,-0.04648542,-0.12618804,0.20398684,0,0,0,0,0
233,48333,0.36185432,-0.99332350,0.61164078,-0.04701171,-0.14639913,0.19528450,0,0,0,0,0
234,48541,0.42173102,-0.99671276,0.56476214,0.00475176,-0.15530430,0.19123377,0,0,0,0,0
235,48750,0.48373172,-0.99977550,0.50920551,0.01650297,-0.14922830,0.19489283,0,0,0,0,0
236,48958,0.54204012,-1.00236514,0.44480530,0.02218048,-0.17715644,0.17551417,0,0,0,0,0
237,49166,0.59526456,-0.99173012,0.38953570,0.04503756,-0.17010990,0.17437930,0,0,0,0,0
238,49375,0.64608088,-1.00174322,0.32772926,0.04780756,-0.19644112,0.14433035,0,0,0,0,0
239,49583,0.69108467,-0.97315789,0.26949923,0.05453901,-0.19117582,0.15040982,0,0,0,0,0
240,49791,0.73975249,-0.95060917,0.21204883,0.05872638,-0.19544844,0.11849024,0,0,0,0,0
241,50000,0.78402350,-0.92496887,0.14634513,0.09516324,-0.18233406,0.13578728,0,0,0,0,0
242,50208,0.82477716,-0.89558191,0.08176149,0.08797073,-0.20344884,0.11185518,0,0,0,0,0
243,50416,0.85138256,-0.87108756,0.00869967,0.13324650,-0.21468245,0.08870145,0,0,0,0,0
244,50625,0.89471590,-0.83777775,-0.04663044,0.10589270,-0.20955896,0.08807688,0,0,0,0,0
245,50833,0.92087416,-0.79426371,-0.11626276,0.13531351,-0.19482729,0.08341495,0,0,0,0,0
246,51041,0.94008315,-0.75259959,-0.18353113,0.14530055,-0.22933922,0.05341357,0,0,0,0,0
247,51250,0.95817482,-0.71145390,-0.23418953,0.12571223,-0.19920062,0.04344899,0,0,0,0,0
248,51458,0.97508168,-0.66987667,-0.30808618,0.14048783,-0.19987603,0.03405642,0,0,0,0,0
249,51666,0.98359299,-0.60758734,-0.36271276,0.14798616,-0.20022849,0.03161428,0,0,0,0,0
250,51875,0.99607946,-0.56852045,-0.42594144,0.18999610,-0.19624779,-0.01184497,0,0,0,0,0
251,52083,1.00023603,-0.51392125,-0.48684336,0.15736361,-0.17157755,-0.00206529,0,0,0,0,0
252,52291,1.00480504,-0.45058754,-0.53248983,0.15302050,-0.17035138,-0.02369442,0,0,0,0,0
253,52500,0.99733097,-0.39272447,-0.59576972,0.17398599,-0.17835928,-0.02414805,0,0,0,0,0
254,52708,0.99158308,-0.33654146,-0.64702464,0.16341999,-0.15718930,-0.04348994,0,0,0,0,0
255,52916,0.97194795,-0.28267331,-0.69682914,0.17825832,-0.13354000,-0.04528382,0,0,0,0,0
256,53125,0.94857328,-0.21435204,-0.73807099,0.17934623,-0.12855200,-0.06482925,0,0,0,0,0
257,53333,0.93936895,-0.14804852,-0.78237434,0.19393538,-0.11884041,-0.08989746,0,0,0,0,0
258,53541,0.90253242,-0.07587406,-0.82438030,0.18755888,-0.12186007,-0.08134148,0,0,0,0,0
259,53750,0.86593731,-0.00546614,-0.86129237,0.18985909,-0.07310187,-0.08789067,0,0,0,0,0
260,53958,0.84056512,0.04233320,-0.88905708,0.21017552,-0.07662117,-0.10667731,0,0,0,0,0
261,54166,0.79376056,0.11497391,-0.92049149,0.20348850,-0.05386849,-0.11211063,0,0,0,0,0
262,54375,0.76017613,0.17158024,-0.93308724,0.20056559,-0.05681112,-0.13806315,0,0,0,0,0
263,54583,0.71395380,0.23926463,-0.96476553,0.17913464,-0.04828419,-0.11451486,0,0,0,0,0
264,54791,0.67172203,0.29880111,-0.97675214,0.20118896,-0.04282476,-0.13176783,0,0,0,0,0
265,55000,0.62389258,0.37347396,-0.99093966,0.18551908,-0.01472855,-0.14510514,0,0,0,0,0
266,55208,0.56498472,0.42676622,-0.99971853,0.18719832,0.00273832,-0.15885224,0,0,0,0,0
267,55416,0.50980009,0.48567369,-0.99726669,0.15939344,0.01086749,-0.16323919,0,0,0,0,0
268,55625,0.45867219,0.54098733,-0.99805321,0.17354910,0.03616613,-0.16316148,0,0,0,0,0
269,55833,0.39232915,0.59679894,-0.99305693,0.16538779,0.02844552,-0.17447681,0,0,0,0,0
270,56041,0.33620896,0.64854346,-0.98376340,0.15370138,0.03462281,-0.18756313,0,0,0,0,0
271,56250,0.27702343,0.69181559,-0.98101178,0.13954060,0.05698929,-0.20340339,0,0,0,0,0
272,56458,0.20775669,0.73253582,-0.95297407,0.15221929,0.07560158,-0.20036740,0,0,0,0,0
273,56666,0.14681116,0.77688545,-0.93450060,0.12480559,0.07731233,-0.20985657,0,0,0,0,0
274,56875,0.08486446,0.81468318,-0.90980851,0.13239019,0.09084950,-0.20703482,0,0,0,0,0
275,57083,0.02671195,0.85945729,-0.85987918,0.12383251,0.10355843,-0.20072859,0,0,0,0,0
276,57291,-0.05044064,0.88654840,-0.85053041,0.09396565,0.11523932,-0.21321883,0,0,0,0,0
277,57500,-0.10955089,0.92394869,-0.80576568,0.09743669,0.11937165,-0.19080185,0,0,0,0,0
278,57708,-0.16621494,0.94479796,-0.76465819,0.07206945,0.12690000,-0.21174755,0,0,0,0,0
279,57916,-0.23186493,0.95494484,-0.71925545,0.06802463,0.13726177,-0.22051881,0,0,0,0,0
280,58125,-0.30116347,0.97842613,-0.67577906,0.03664298,0.14438290,-0.20173320,0,0,0,0,0
281,58333,-0.36226592,0.98190468,-0.61856758,0.02860875,0.13754493,-0.20049501,0,0,0,0,0
282,58541,-0.42049441,0.99439533,-0.57174363,0.01402888,0.13019400,-0.15412781,0,0,0,0,0
283,58750,-0.47969913,1.00072571,-0.50892561,-0.00345139,0.14465515,-0.18562916,0,0,0,0,0
284,58958,-0.53258942,0.99692624,-0.45189497,-0.01536707,0.16657695,-0.18809396,0,0,0,0,0
285,59166,-0.58891470,1.00497618,-0.39465800,-0.04264844,0.16193989,-0.16384163,0,0,0,0,0
286,59375,-0.65393680,0.98868282,-0.33325787,-0.05465318,0.17933278,-0.15629893,0,0,0,0,0
287,59583,-0.70449322,0.96829807,-0.26336532,-0.05564802,0.18340065,-0.15628903,0,0,0,0,0
288,59791,-0.74548845,0.95785060,-0.20591969,-0.07961431,0.19148859,-0.13067860,0,0,0,0,0
289,60000,-0.79481647,0.92260599,-0.14477332,-0.09221598,0.20181827,-0.11799721,0,0,0,0,0
290,60208,-0.81813472,0.89878108,-0.07980214,-0.10648280,0.21385969,-0.11197312,0,0,0,0,0
291,60416,-0.86755749,0.87409361,-0.01762422,-0.11258147,0.20561109,-0.10425351,0,0,0,0,0
292,60625,-0.89311444,0.83024738,0.04925083,-0.12728688,0.19780303,-0.09363522,0,0,0,0,0
293,60833,-0.92362459,0.80204650,0.10779378,-0.11789979,0.21234340,-0.08399252,0,0,0,0,0
294,61041,-0.95092833,0.75982124,0.18599523,-0.13703116,0.21592324,-0.07771622,0,0,0,0,0
295,61250,-0.95685245,0.71809360,0.23951692,-0.14994678,0.18438981,-0.03648986,0,0,0,0,0
296,61458,-0.98139854,0.67809850,0.31556299,-0.14701611,0.19644592,-0.01273992,0,0,0,0,0
297,61666,-0.98067616,0.62260786,0.37426719,-0.16425019,0.19935424,-0.03264986,0,0,0,0,0
298,61875,-0.99074908,0.56954742,0.42098651,-0.16372781,0.18833883,-0.01340939,0,0,0,0,0
299,62083,-1.00114933,0.50751663,0.48327331,-0.14627224,0.18729325,-0.00326801,0,0,0,0,0
300,62291,-1.01068880,0.45980366,0.54041707,-0.17528367,0.17129455,0.03095556,0,0,0,0,0
301,62500,-0.99666049,0.39796502,0.59743621,-0.17050284,0.17735367,0.02561261,0,0,0,0,0
302,62708,-0.97391797,0.33946339,0.64501827,-0.15183121,0.15792660,0.05538488,0,0,0,0,0
303,62916,-0.96924588,0.27579778,0.69918860,-0.17638122,0.12799457,0.06405327,0,0,0,0,0
304,63125,-0.95396537,0.21737291,0.73015480,-0.18900354,0.14124472,0.06830259,0,0,0,0,0
305,63333,-0.93372275,0.14568262,0.77852688,-0.20863194,0.12941301,0.09227628,0,0,0,0,0
306,63541,-0.89968921,0.08669464,0.81991681,-0.19150179,0.10845571,0.08302961,0,0,0,0,0
307,63750,-0.87181684,0.01500704,0.85334604,-0.20449741,0.07784169,0.09373013,0,0,0,0,0
308,63958,-0.83804423,-0.05432196,0.88019061,-0.19380709,0.09285509,0.08841719,0,0,0,0,0
309,64166,-0.79602929,-0.11241927,0.92165878,-0.20736038,0.06148296,0.08310695,0,0,0,0,0
310,64375,-0.75518733,-0.17333572,0.93617492,-0.19751156,0.05621096,0.12541304,0,0,0,0,0
311,64583,-0.71414409,-0.24377395,0.95876704,-0.18392044,0.04236024,0.11647143,0,0,0,0,0
312,64791,-0.67703791,-0.30245565,0.98219730,-0.18825797,0.02198576,0.14267687,0,0,0,0,0
313,65000,-0.62403641,-0.36694269,0.99660673,-0.20340907,0.02454212,0.13659542,0,0,0,0,0
314,65208,-0.56969148,-0.43075416,0.99544540,-0.18352453,0.01426504,0.14840117,0,0,0,0,0
315,65416,-0.51196715,-0.48142000,0.99657960,-0.16820158,0.00067973,0.16101839,0,0,0,0,0
316,65625,-0.44738641,-0.54399767,0.99688778,-0.18597309,-0.01570276,0.16281836,0,0,0,0,0
317,65833,-0.38589997,-0.59304433,1.00143519,-0.14658442,-0.03458471,0.16078931,0,0,0,0,0
318,66041,-0.33392824,-0.65379205,0.99236941,-0.15458758,-0.02614066,0.17615964,0,0,0,0,0
319,66250,-0.27156496,-0.69455753,0.97462243,-0.14263637,-0.05256301,0.18229187,0,0,0,0,0
320,66458,-0.21926575,-0.73785559,0.95641259,-0.14399713,-0.07691568,0.19722402,0,0,0,0,0
321,66666,-0.15042826,-0.78176369,0.92667003,-0.13180778,-0.07553547,0.21327262,0,0,0,0,0
322,66875,-0.08712561,-0.81827399,0.90956943,-0.13223269,-0.08763955,0.19814726,0,0,0,0,0
323,67083,-0.02324156,-0.85525526,0.88110941,-0.09789018,-0.09526676,0.20647967,0,0,0,0,0
324,67291,0.04729185,-0.88913471,0.84398945,-0.08435732,-0.11062575,0.21073079,0,0,0,0,0
325,67500,0.10655011,-0.91481813,0.80632225,-0.06848949,-0.12424994,0.20008213,0,0,0,0,0
326,67708,0.16350797,-0.94546343,0.75864310,-0.09402387,-0.13848521,0.21037748,0,0,0,0,0
327,67916,0.24093466,-0.96151555,0.72468832,-0.05834395,-0.13620566,0.21484253,0,0,0,0,0
328,68125,0.30580309,-0.98036964,0.66391299,-0.04168076,-0.15325973,0.20389460,0,0,0,0,0
329,68333,0.36335069,-0.98326584,0.61960973,-0.03681528,-0.13948697,0.19439580,0,0,0,0,0
330,68541,0.42195048,-0.99874887,0.56841255,-0.00953015,-0.16461852,0.18028550,0,0,0,0,0
331,68750,0.47760283,-1.00960435,0.51604826,-0.01120865,-0.15859197,0.18024506,0,0,0,0,0
332,68958,0.53529363,-1.00038790,0.45794638,0.03389505,-0.15467689,0.16570363,0,0,0,0,0
333,69166,0.59992681,-1.00030769,0.39913312,0.01922883,-0.17166893,0.15838681,0,0,0,0,0
334,69375,0.64328347,-0.98129639,0.33138394,0.05163391,-0.17726822,0.15344565,0,0,0,0,0
335,69583,0.70658124,-0.96620470,0.28290562,0.07067834,-0.17953833,0.14255087,0,0,0,0,0
336,69791,0.74751816,-0.95376153,0.21424948,0.06949587,-0.18568607,0.14460540,0,0,0,0,0
337,70000,0.78725219,-0.93266750,0.14387417,0.10096929,-0.18652566,0.11777934,0,0,0,0,0
338,70208,0.83826968,-0.89977816,0.08048299,0.07981461,-0.19632638,0.11667064,0,0,0,0,0
339,70416,0.86645668,-0.87434390,0.02162741,0.10767471,-0.20219938,0.09693973,0,0,0,0,0
340,70625,0.88946644,-0.84001777,-0.04882714,0.10014996,-0.22783866,0.08084243,0,0,0,0,0
341,70833,0.91415048,-0.80115164,-0.11721041,0.11745992,-0.20681702,0.08382532,0,0,0,0,0
342,71041,0.94087292,-0.75523577,-0.17452899,0.12760232,-0.19220801,0.06909153,0,0,0,0,0
343,71250,0.96224275,-0.72257290,-0.24993932,0.13356158,-0.20045235,0.04533842,0,0,0,0,0
344,71458,0.97472318,-0.67288389,-0.29963961,0.15769338,-0.19397276,0.00586416,0,0,0,0,0
345,71666,0.98458914,-0.60833649,-0.35999348,0.13856141,-0.20580465,0.03358646,0,0,0,0,0
346,71875,0.99895325,-0.55914820,-0.42483560,0.13962733,-0.19383044,0.01515510,0,0,0,0,0
347,72083,1.00557454,-0.50895441,-0.47632586,0.15550649,-0.18030294,0.00399383,0,0,0,0,0
348,72291,1.00950121,-0.45853328,-0.53432900,0.16553568,-0.17310508,-0.00997081,0,0,0,0,0
349,72500,0.99534296,-0.39660477,-0.59786206,0.17410049,-0.16008185,-0.03561643,0,0,0,0,0
350,72708,0.98835997,-0.34200260,-0.64414078,0.18543336,-0.16875594,-0.05256473,0,0,0,0,0
351,72916,0.96213095,-0.29168872,-0.69575098,0.15737360,-0.15392329,-0.07768970,0,0,0,0,0
352,73125,0.95742196,-0.21776641,-0.74056591,0.20078201,-0.14686879,-0.06847898,0,0,0,0,0
353,73333,0.92562128,-0.15300561,-0.77584527,0.18057096,-0.11887748,-0.08317092,0,0,0,0,0
354,73541,0.90564919,-0.08549324,-0.81774421,0.19038628,-0.11070194,-0.09435610,0,0,0,0,0
355,73750,0.87344973,-0.01780004,-0.86026699,0.19705208,-0.09818115,-0.10729481,0,0,0,0,0
356,73958,0.83825437,0.05358291,-0.88772947,0.17768131,-0.09064208,-0.11088787,0,0,0,0,0
357,74166,0.79429121,0.11086950,-0.92101798,0.19627354,-0.08013765,-0.12097951,0,0,0,0,0
358,74375,0.75681427,0.17063758,-0.94413355,0.21020367,-0.05980545,-0.10488298,0,0,0,0,0
359,74583,0.71155764,0.23890933,-0.95444271,0.20469846,-0.03702824,-0.11149808,0,0,0,0,0
360,74791,0.66613313,0.30635914,-0.96568852,0.18996611,-0.02070699,-0.13853503,0,0,0,0,0
361,75000,0.62503708,0.36456671,-0.98158975,0.19235612,-0.00877160,-0.12787220,0,0,0,0,0
362,75208,0.56484503,0.42155946,-0.99688609,0.18902952,-0.01692181,-0.14846240,0,0,0,0,0
363,75416,0.50841627,0.48682935,-1.00084347,0.17524857,-0.01137598,-0.14427540,0,0,0,0,0
364,75625,0.45812924,0.53502705,-0.99585720,0.17570181,0.02244646,-0.16224754,0,0,0,0,0
365,75833,0.39779591,0.59052458,-0.99535416,0.15545223,0.03988112,-0.17062061,0,0,0,0,0
366,76041,0.34604807,0.64857158,-0.99364219,0.14654334,0.04500773,-0.18242295,0,0,0,0,0
367,76250,0.27937160,0.69131552,-0.96384517,0.14543097,0.05418679,-0.19900944,0,0,0,0,0
368,76458,0.20176526,0.73921214,-0.96111625,0.11641597,0.06129208,-0.21076247,0,0,0,0,0
369,76666,0.15234025,0.78360208,-0.92722438,0.13920373,0.08599551,-0.20005401,0,0,0,0,0
370,76875,0.08779070,0.82252710,-0.90344498,0.12411966,0.09704093,-0.20635699,0,0,0,0,0
371,77083,0.02835577,0.85364434,-0.86788178,0.11113916,0.10424997,-0.18148090,0,0,0,0,0
372,77291,-0.04538569,0.89227520,-0.83884960,0.11025336,0.09923904,-0.20086591,0,0,0,0,0
373,77500,-0.10332303,0.91446041,-0.80825210,0.09382724,0.10808788,-0.21646888,0,0,0,0,0
374,77708,-0.17475677,0.95184787,-0.75837513,0.08700452,0.12385171,-0.20736790,0,0,0,0,0
375,77916,-0.23526952,0.96211497,-0.72066283,0.07743779,0.14132149,-0.20752125,0,0,0,0,0
376,78125,-0.30506030,0.98351801,-0.67559643,0.04930754,0.14579318,-0.20035237,0,0,0,0,0
377,78333,-0.36878158,0.99618464,-0.62885020,0.02256230,0.13850401,-0.20801272,0,0,0,0,0
378,78541,-0.41844349,0.99834198,-0.56674318,0.02050720,0.13028818,-0.17961996,0,0,0,0,0
379,78750,-0.48208193,0.99834164,-0.51878638,-0.01032177,0.16838996,-0.18538384,0,0,0,0,0
380,78958,-0.54588396,1.00530137,-0.44549528,-0.02680167,0.17437559,-0.16668899,0,0,0,0,0
381,79166,-0.59049943,0.98843862,-0.40129171,-0.03748717,0.17048734,-0.17028953,0,0,0,0,0
382,79375,-0.66070344,0.97858990,-0.33479489,-0.03754831,0.17237743,-0.15864179,0,0,0,0,0
383,79583,-0.70056737,0.97297209,-0.27297249,-0.05528454,0.18090114,-0.13869960,0,0,0,0,0
384,79791,-0.75107374,0.94971227,-0.20795185,-0.06663243,0.20013047,-0.15498574,0,0,0,0,0
385,80000,-0.77955805,0.92394387,-0.14997484,-0.08601434,0.20227368,-0.11378589,0,0,0,0,0
386,80208,-0.82686469,0.89794863,-0.07625107,-0.09237053,0.19767965,-0.09808577,0,0,0,0,0
387,80416,-0.85968351,0.86584661,-0.01700985,-0.10197224,0.22779373,-0.08708186,0,0,0,0,0
388,80625,-0.89009753,0.84673123,0.04640161,-0.12389932,0.19292431,-0.09696171,0,0,0,0,0
389,80833,-0.91522579,0.80371328,0.10757182,-0.11930995,0.20321776,-0.07474161,0,0,0,0,0
390,81041,-0.93951626,0.75423575,0.17769013,-0.13257988,0.20300136,-0.06936501,0,0,0,0,0
391,81250,-0.95875000,0.71358997,0.24556396,-0.14315979,0.20798701,-0.06620143,0,0,0,0,0
392,81458,-0.97984237,0.67209555,0.31490620,-0.14855430,0.21499294,-0.03622859,0,0,0,0,0
393,81666,-0.98594583,0.61545115,0.35847770,-0.15580959,0.20734855,-0.03694666,0,0,0,0,0
394,81875,-1.00105313,0.56612359,0.42282305,-0.15797934,0.19440879,-0.00138862,0,0,0,0,0
395,82083,-1.00314347,0.51351282,0.47254032,-0.15989826,0.17267747,0.01573629,0,0,0,0,0
396,82291,-1.00789660,0.45434532,0.54198837,-0.15775222,0.18708690,0.03496133,0,0,0,0,0
397,82500,-0.98657755,0.40584677,0.58594115,-0.15397564,0.15663057,0.04088803,0,0,0,0,0
398,82708,-0.99031570,0.33650723,0.64573921,-0.16821019,0.15339452,0.04426399,0,0,0,0,0
399,82916,-0.96433275,0.27758277,0.69932850,-0.17770218,0.14523682,0.05788482,0,0,0,0,0
400,83125,-0.95044234,0.21549874,0.73689062,-0.20389691,0.12585613,0.07106284,0,0,0,0,0
401,83333,-0.92966912,0.15856644,0.77691610,-0.16456596,0.11319443,0.09330609,0,0,0,0,0
402,83541,-0.90229019,0.08520289,0.82746185,-0.20025053,0.11769702,0.10126168,0,0,0,0,0
403,83750,-0.87899163,0.03089968,0.86023271,-0.20357662,0.11077747,0.09286606,0,0,0,0,0
404,83958,-0.83143590,-0.04714174,0.88320145,-0.18674333,0.08309575,0.11041355,0,0,0,0,0
405,84166,-0.80351829,-0.11181453,0.91793812,-0.21160998,0.05391289,0.10236010,0,0,0,0,0
406,84375,-0.75553477,-0.17097035,0.93744126,-0.19656535,0.06262931,0.11917495,0,0,0,0,0
407,84583,-0.71904660,-0.23028859,0.96744145,-0.20301320,0.04114049,0.11916005,0,0,0,0,0
408,84791,-0.67626057,-0.30446112,0.97903779,-0.19749752,0.03998684,0.13355164,0,0,0,0,0
409,85000,-0.60920781,-0.35894700,0.99812330,-0.18972867,0.02743569,0.13189962,0,0,0,0,0
410,85208,-0.56962592,-0.42133996,0.99361526,-0.19635069,-0.00657844,0.13528570,0,0,0,0,0
411,85416,-0.50947160,-0.48801037,1.00289873,-0.17907123,-0.00435802,0.14649531,0,0,0,0,0
412,85625,-0.47002032,-0.54083152,1.00089291,-0.16051738,-0.00744588,0.17404322,0,0,0,0,0
413,85833,-0.39651763,-0.59512084,0.99713523,-0.16420283,-0.02806682,0.16579967,0,0,0,0,0
414,86041,-0.33286633,-0.65164872,0.98368127,-0.12101105,-0.05179532,0.18146127,0,0,0,0,0
415,86250,-0.27360338,-0.69442067,0.96168490,-0.14748477,-0.04785342,0.20069617,0,0,0,0,0
416,86458,-0.21219974,-0.74057483,0.95857284,-0.15252471,-0.08421549,0.20876285,0,0,0,0,0
417,86666,-0.14936956,-0.78164889,0.93353165,-0.13748643,-0.07759964,0.19230856,0,0,0,0,0
418,86875,-0.08000708,-0.82238751,0.90308759,-0.14263326,-0.09667432,0.18140009,0,0,0,0,0
419,87083,-0.02652665,-0.86181907,0.87467177,-0.10258482,-0.09707957,0.19943976,0,0,0,0,0
420,87291,0.04320965,-0.87839998,0.83731584,-0.08623321,-0.11258486,0.21034809,0,0,0,0,0
421,87500,0.11597838,-0.91796339,0.79602120,-0.08152666,-0.11316191,0.21473549,0,0,0,0,0
422,87708,0.16557015,-0.93709514,0.76899541,-0.08476782,-0.11117965,0.19472644,0,0,0,0,0
423,87916,0.23618922,-0.96193160,0.72170397,-0.07036385,-0.12396054,0.18617088,0,0,0,0,0
424,88125,0.29426915,-0.97294362,0.66395248,-0.03863557,-0.12993554,0.19088123,0,0,0,0,0
425,88333,0.36341430,-0.99639904,0.63231633,-0.03496916,-0.13666580,0.18970632,0,0,0,0,0
426,88541,0.42295673,-1.00056091,0.56049082,-0.02186484,-0.16572457,0.20957125,0,0,0,0,0
427,88750,0.47737982,-1.00541740,0.51391615,-0.00656721,-0.15423215,0.18253007,0,0,0,0,0
428,88958,0.53960135,-1.00451289,0.45269679,0.03786965,-0.15926935,0.17971851,0,0,0,0,0
429,89166,0.59490075,-0.99421403,0.38712235,0.02991925,-0.16371936,0.17525477,0,0,0,0,0
430,89375,0.64397901,-0.98616991,0.33464295,0.05744646,-0.17752252,0.15017125,0,0,0,0,0
431,89583,0.69443512,-0.97707296,0.27036377,0.06828218,-0.17681747,0.14563706,0,0,0,0,0
432,89791,0.73952993,-0.95222981,0.20562555,0.06700424,-0.20040703,0.13680436,0,0,0,0,0
433,90000,0.77415152,-0.92940833,0.15223408,0.08764869,-0.17697668,0.12972181,0,0,0,0,0
434,90208,0.82933149,-0.89603830,0.08504435,0.08805312,-0.19637739,0.11149832,0,0,0,0,0
435,90416,0.86605221,-0.87705871,0.02142132,0.12246051,-0.21498087,0.11202521,0,0,0,0,0
436,90625,0.88286749,-0.83839000,-0.04756637,0.10790837,-0.19466947,0.10098723,0,0,0,0,0
437,90833,0.92530893,-0.80237328,-0.10906247,0.12884552,-0.22039341,0.07492464,0,0,0,0,0
438,91041,0.94500030,-0.75463253,-0.17507620,0.12759855,-0.20869922,0.07249337,0,0,0,0,0
439,91250,0.95724542,-0.71788049,-0.23608147,0.12986108,-0.20577297,0.05523178,0,0,0,0,0
440,91458,0.97746876,-0.66388117,-0.30628899,0.15575756,-0.20776831,0.06373379,0,0,0,0,0
441,91666,0.98668349,-0.62056559,-0.37505416,0.14507360,-0.20028275,0.03134233,0,0,0,0,0
442,91875,1.00239271,-0.56646835,-0.41672485,0.13687395,-0.19250930,0.01124566,0,0,0,0,0
443,92083,0.99654557,-0.50947489,-0.48214946,0.16406026,-0.19668180,-0.01324134,0,0,0,0,0
444,92291,1.01082732,-0.46476293,-0.53573055,0.15732741,-0.17480167,-0.03239372,0,0,0,0,0
445,92500,1.00075223,-0.40160063,-0.59618968,0.17064452,-0.16795295,-0.03048624,0,0,0,0,0
446,92708,0.97922274,-0.33797353,-0.64548077,0.18245636,-0.13797343,-0.06548339,0,0,0,0,0
447,92916,0.97957899,-0.27717554,-0.68555254,0.18244005,-0.13115327,-0.04353484,0,0,0,0,0
448,93125,0.95677805,-0.22140032,-0.73713111,0.19278367,-0.14126260,-0.09042857,0,0,0,0,0
449,93333,0.92991236,-0.14715314,-0.77055324,0.17577370,-0.12287426,-0.08896915,0,0,0,0,0
450,93541,0.90750387,-0.08539577,-0.81641335,0.20515560,-0.11576549,-0.07652751,0,0,0,0,0
451,93750,0.87828863,-0.01957377,-0.86002000,0.19384590,-0.09878557,-0.09406127,0,0,0,0,0
452,93958,0.83567208,0.04422151,-0.88664223,0.18511864,-0.07524060,-0.09875439,0,0,0,0,0
453,94166,0.80588464,0.09480164,-0.90882794,0.17605207,-0.07272913,-0.11439523,0,0,0,0,0
454,94375,0.75843567,0.17838248,-0.94060844,0.19719932,-0.06481387,-0.11608832,0,0,0,0,0
455,94583,0.72040160,0.24282909,-0.95891153,0.19052216,-0.04204770,-0.11581238,0,0,0,0,0
456,94791,0.66842150,0.30103143,-0.97135915,0.18726359,-0.05574765,-0.13943488,0,0,0,0,0
457,95000,0.61408821,0.35770519,-1.00221205,0.19356935,-0.02834456,-0.14273911,0,0,0,0,0
458,95208,0.56975965,0.42289998,-0.99476658,0.20161690,0.00146228,-0.14943673,0,0,0,0,0
459,95416,0.50988727,0.48918145,-0.99502920,0.16881984,0.01463009,-0.16166587,0,0,0,0,0
460,95625,0.45565417,0.53870180,-1.00479188,0.17169723,0.02666287,-0.16070397,0,0,0,0,0
461,95833,0.39820730,0.59503004,-0.99063529,0.15777889,0.01482228,-0.17234788,0,0,0,0,0
462,96041,0.34323295,0.64482329,-0.98653888,0.14612724,0.02844405,-0.18591927,0,0,0,0,0
463,96250,0.27213705,0.69681849,-0.98140039,0.13824154,0.04947924,-0.20885221,0,0,0,0,0
464,96458,0.20746911,0.73439066,-0.95122439,0.15698170,0.06768616,-0.18574103,0,0,0,0,0
465,96666,0.15654339,0.78251129,-0.93331131,0.13240370,0.07260953,-0.21134010,0,0,0,0,0
466,96875,0.08437585,0.82821809,-0.90761579,0.12138732,0.07447772,-0.18764297,0,0,0,0,0
467,97083,0.01733258,0.85389738,-0.87395025,0.10650800,0.11069847,-0.21592389,0,0,0,0,0
468,97291,-0.04258174,0.88925676,-0.84790816,0.10296023,0.11791529,-0.20580135,0,0,0,0,0
469,97500,-0.11052304,0.92431282,-0.80145384,0.08357590,0.11211631,-0.20166459,0,0,0,0,0
470,97708,-0.17432246,0.94732815,-0.76836310,0.09566690,0.13191062,-0.20849015,0,0,0,0,0
471,97916,-0.22385331,0.96638388,-0.71128165,0.06415750,0.14033741,-0.20071819,0,0,0,0,0
472,98125,-0.30472568,0.98242280,-0.66501381,0.04739653,0.11289751,-0.20278442,0,0,0,0,0
473,98333,-0.36909967,0.99438401,-0.61200374,0.03092780,0.14892955,-0.17600621,0,0,0,0,0
474,98541,-0.41666390,0.99896401,-0.56380366,0.02633638,0.14794821,-0.18667302,0,0,0,0,0
475,98750,-0.48399578,1.00868767,-0.51246181,-0.00337813,0.12990528,-0.18259577,0,0,0,0,0
476,98958,-0.53788463,0.99931042,-0.45628243,-0.02394378,0.17214828,-0.17078993,0,0,0,0,0
477,99166,-0.59138083,0.99058016,-0.39734004,-0.03294996,0.17004243,-0.15293110,0,0,0,0,0
478,99375,-0.65577445,0.97801928,-0.33375753,-0.04121619,0.16071542,-0.15076245,0,0,0,0,0
479,99583,-0.69081500,0.96685400,-0.27471757,-0.05095681,0.18794809,-0.14279831,0,0,0,0,0
480,99791,-0.74557690,0.94756930,-0.20718610,-0.07334076,0.19262918,-0.14862086,0,0,0,0,0
481,100000,-0.77605959,0.92392139,-0.14966523,-0.08494947,0.20231315,-0.11210527,0,0,0,0,0
482,100208,-0.82585602,0.89425580,-0.08500778,-0.08813862,0.18261809,-0.10928124,0,0,0,0,0
483,100416,-0.84052684,0.87050867,-0.01970544,-0.13534850,0.20276878,-0.10603741,0,0,0,0,0
484,100625,-0.85573680,0.82854816,0.04246764,-0.11627986,0.19839628,-0.08667673,0,0,0,0,0
485,100833,-0.87245274,0.79708380,0.10851833,-0.13153932,0.20754000,-0.06382754,0,0,0,0,0
486,101041,-0.86599788,0.75569387,0.17641492,-0.13327728,0.19165713,-0.05770728,0,0,0,0,0
487,101250,-0.85153255,0.71963968,0.23136290,-0.13844680,0.19544203,-0.03158383,0,0,0,0,0
488,101458,-0.81778354,0.65636718,0.29069527,-0.13814389,0.21850441,-0.02828496,0,0,0,0,0
489,101666,-0.79127201,0.60712519,0.35502851,-0.17402926,0.20976561,-0.04159918,0,0,0,0,0
490,101875,-0.74873492,0.55113748,0.40735207,-0.17858899,0.20148165,0.00523114,0,0,0,0,0
491,102083,-0.70504267,0.49387720,0.47446654,-0.19376358,0.19870316,-0.01004024,0,0,0,0,0
492,102291,-0.64998867,0.44069607,0.51636432,-0.20726227,0.15621457,0.03511569,0,0,0,0,0
493,102500,-0.59428986,0.38047013,0.56929720,-0.23454462,0.16405203,0.04373525,0,0,0,0,0
494,102708,-0.54274698,0.31878014,0.61749321,-0.22272385,0.15572248,0.06371924,0,0,0,0,0
495,102916,-0.47340438,0.26534193,0.65194134,-0.26228986,0.13724840,0.06195730,0,0,0,0,0
496,103125,-0.42699718,0.19766884,0.69385748,-0.30904756,0.10979019,0.06953741,0,0,0,0,0
497,103333,-0.36711621,0.14442699,0.73153211,-0.33429780,0.12423195,0.08686188,0,0,0,0,0
498,103541,-0.32862532,0.08440293,0.77196028,-0.37402009,0.10856765,0.06940236,0,0,0,0,0
499,103750,-0.27366930,0.01451093,0.80733925,-0.40437072,0.08340785,0.08748676,0,0,0,0,0
500,103958,-0.23195734,-0.03508412,0.83436914,-0.44973325,0.08569268,0.09026365,0,0,0,0,0
501,104166,-0.20197597,-0.10044110,0.85514232,-0.49201966,0.06658023,0.09363371,0,0,0,0,0
502,104375,-0.16989924,-0.16250203,0.86304034,-0.51459119,0.06024713,0.09771289,0,0,0,0,0
503,104583,-0.15656580,-0.22991800,0.88209670,-0.52327182,0.03373028,0.11075757,0,0,0,0,0
504,104791,-0.13374779,-0.28755720,0.90742133,-0.57518325,0.03449384,0.12241479,0,0,0,0,0
505,105000,-0.13142864,-0.32805424,0.91887382,-0.56667965,0.02395838,0.13639584,0,0,0,0,0
506,105208,-0.11257889,-0.38493269,0.92238978,-0.58437903,0.00850245,0.12498397,0,0,0,0,0
507,105416,-0.10632066,-0.43747183,0.92565119,-0.60267552,-0.02663744,0.13017847,0,0,0,0,0
508,105625,-0.09132009,-0.48819533,0.91873251,-0.59602550,-0.00893339,0.11113142,0,0,0,0,0
509,105833,-0.07233639,-0.54045050,0.92477349,-0.60216095,-0.01893611,0.15871752,0,0,0,0,0
510,106041,-0.05848815,-0.59357993,0.90393665,-0.62188746,-0.04123561,0.13429449,0,0,0,0,0
511,106250,-0.06127518,-0.63682321,0.88705204,-0.59598781,-0.03605649,0.15544320,0,0,0,0,0
512,106458,-0.03611556,-0.68511854,0.88276975,-0.58187450,-0.04867603,0.15524498,0,0,0,0,0
513,106666,-0.02266726,-0.71964775,0.85568856,-0.54418904,-0.05553360,0.16282745,0,0,0,0,0
514,106875,-0.01524872,-0.75318972,0.82817165,-0.53712633,-0.07094917,0.14370349,0,0,0,0,0
515,107083,0.00277809,-0.78597997,0.81139636,-0.50336756,-0.09080235,0.15685409,0,0,0,0,0
516,107291,0.00680377,-0.82000758,0.76656783,-0.47447806,-0.09615109,0.16512202,0,0,0,0,0
517,107500,0.01919142,-0.85567242,0.74315948,-0.41849836,-0.07711719,0.14806738,0,0,0,0,0
518,107708,0.03204878,-0.87567330,0.70046457,-0.37820140,-0.09893126,0.13312908,0,0,0,0,0
519,107916,0.05091406,-0.88461218,0.66934520,-0.29752086,-0.09944332,0.12266917,0,0,0,0,0
520,108125,0.05947084,-0.90456707,0.61933878,-0.24855344,-0.08617571,0.14704174,0,0,0,0,0
521,108333,0.06880278,-0.90979131,0.57548646,-0.18648126,-0.11881498,0.12199979,0,0,0,0,0
522,108541,0.08121882,-0.92619319,0.51541301,-0.08719820,-0.11624341,0.11773222,0,0,0,0,0
523,108750,0.09642602,-0.91611495,0.46104547,-0.03250985,-0.09488111,0.13876513,0,0,0,0,0
524,108958,0.10365003,-0.92620892,0.41465240,0.06752779,-0.10435323,0.11574712,0,0,0,0,0
525,109166,0.12225625,-0.90852487,0.36502079,0.13846053,-0.12730434,0.11080577,0,0,0,0,0
526,109375,0.13538050,-0.91390125,0.30661941,0.24805694,-0.11358423,0.10848065,0,0,0,0,0
527,109583,0.14417283,-0.88932549,0.25533694,0.35050760,-0.10878573,0.06913764,0,0,0,0,0
528,109791,0.16310953,-0.87931624,0.19483769,0.43041664,-0.12236831,0.09276586,0,0,0,0,0
529,110000,0.15916493,-0.85332440,0.12874012,0.52394415,-0.12599333,0.08684528,0,0,0,0,0
530,110208,0.17341551,-0.82302492,0.07769412,0.62425346,-0.12795406,0.05843739,0,0,0,0,0
531,110416,0.17293463,-0.79572931,0.01725899,0.73568115,-0.10149065,0.06322201,0,0,0,0,0
532,110625,0.17693161,-0.77307497,-0.03641670,0.85581603,-0.09779008,0.05821335,0,0,0,0,0
533,110833,0.18444937,-0.73779445,-0.10658751,0.94660938,-0.09837754,0.03432665,0,0,0,0,0
534,111041,0.18943046,-0.70555260,-0.16426268,1.04539154,-0.09079681,0.04345794,0,0,0,0,0
535,111250,0.19193317,-0.66690088,-0.21750679,1.11837214,-0.08706933,0.02093354,0,0,0,0,0
536,111458,0.19029039,-0.61975185,-0.27024789,1.23231846,-0.11140825,0.04628250,0,0,0,0,0
537,111666,0.19314510,-0.57497740,-0.33512534,1.31966537,-0.08228734,0.01520311,0,0,0,0,0
538,111875,0.20522112,-0.53093532,-0.38664242,1.39674478,-0.08696044,0.01267590,0,0,0,0,0
539,112083,0.20439735,-0.47482963,-0.44333354,1.46603956,-0.06464594,-0.01561983,0,0,0,0,0
540,112291,0.20893626,-0.42221410,-0.49571427,1.55482705,-0.04516066,-0.00147597,0,0,0,0,0
541,112500,0.19702809,-0.36840198,-0.53958660,1.60452628,-0.07621280,0.00093726,0,0,0,0,0
542,112708,0.19463930,-0.31686759,-0.59226372,1.67692544,-0.07243580,-0.02577796,0,0,0,0,0
543,112916,0.18853144,-0.25880709,-0.63991457,1.71789055,-0.06827381,-0.02738695,0,0,0,0,0
544,113125,0.19590551,-0.19930617,-0.68234283,1.75498863,-0.05871144,-0.03439547,0,0,0,0,0
545,113333,0.18167245,-0.13449961,-0.72058607,1.79531293,-0.05206161,-0.04376732,0,0,0,0,0
546,113541,0.18067077,-0.08216753,-0.75866180,1.84459073,-0.02291388,-0.04995355,0,0,0,0,0
547,113750,0.17629919,-0.02699123,-0.78933451,1.82955288,-0.04273871,-0.03132938,0,0,0,0,0
548,113958,0.16007538,0.04009619,-0.81744813,1.85799297,-0.04330039,-0.05874763,0,0,0,0,0
549,114166,0.16422666,0.09967277,-0.84242659,1.85380629,-0.03365929,-0.06823435,0,0,0,0,0
550,114375,0.15717017,0.15352744,-0.87129908,1.83131961,-0.03677428,-0.05985061,0,0,0,0,0
551,114583,0.14464998,0.21870142,-0.88727036,1.80588717,-0.03998736,-0.05796787,0,0,0,0,0
552,114791,0.13338672,0.27446297,-0.90200746,1.76777982,-0.01931716,-0.05640404,0,0,0,0,0
553,115000,0.12366361,0.33552807,-0.91506276,1.75281254,0.01091262,-0.07460952,0,0,0,0,0
554,115208,0.12032277,0.39362991,-0.92130826,1.67948750,0.00192225,-0.07489759,0,0,0,0,0
555,115416,0.10262282,0.44278713,-0.91711854,1.60771553,-0.00626847,-0.06658996,0,0,0,0,0
556,115625,0.09087539,0.50003706,-0.91405789,1.57588961,0.00753368,-0.06562979,0,0,0,0,0
557,115833,0.07579941,0.54579354,-0.91775790,1.48977863,0.03464521,-0.06459591,0,0,0,0,0
558,116041,0.05318175,0.59344922,-0.91114690,1.42622769,0.01693091,-0.07426157,0,0,0,0,0
559,116250,0.06034472,0.63807654,-0.89551104,1.33181370,0.01141459,-0.09732182,0,0,0,0,0
560,116458,0.04232748,0.68072725,-0.87834180,1.25160470,0.02628840,-0.09083805,0,0,0,0,0
561,116666,0.02528599,0.71395824,-0.85514210,1.16489367,0.03719985,-0.07053689,0,0,0,0,0
562,116875,0.02742350,0.74777249,-0.83664637,1.06871143,0.03999316,-0.06600317,0,0,0,0,0
563,117083,0.00620871,0.79539384,-0.80971649,0.97661540,0.05524665,-0.08486401,0,0,0,0,0
564,117291,-0.00990872,0.82043813,-0.76345123,0.85634863,0.04643521,-0.08566030,0,0,0,0,0
565,117500,-0.01667003,0.84281119,-0.74735574,0.74684643,0.02653048,-0.09347025,0,0,0,0,0
566,117708,-0.03275701,0.87342337,-0.69819205,0.62962303,0.05898792,-0.06845722,0,0,0,0,0
567,117916,-0.04560174,0.90131420,-0.65388982,0.52480078,0.06238537,-0.09208956,0,0,0,0,0
568,118125,-0.06300050,0.89453997,-0.61832141,0.38558336,0.06556167,-0.06038574,0,0,0,0,0
569,118333,-0.06890021,0.91292264,-0.56791765,0.27215081,0.05725001,-0.07897367,0,0,0,0,0
570,118541,-0.07985690,0.92344273,-0.52921901,0.15496236,0.08894821,-0.08457581,0,0,0,0,0
571,118750,-0.09943627,0.91477204,-0.46939142,0.02369855,0.06112440,-0.09130185,0,0,0,0,0
572,118958,-0.11737049,0.91388782,-0.41066633,-0.07563726,0.06486259,-0.07335486,0,0,0,0,0
573,119166,-0.11416412,0.92067144,-0.36135971,-0.20838149,0.07474241,-0.06878977,0,0,0,0,0
574,119375,-0.12626278,0.90587266,-0.30607189,-0.34488880,0.09232077,-0.06730302,0,0,0,0,0
575,119583,-0.13509311,0.88887378,-0.24091187,-0.44819000,0.09444178,-0.06037798,0,0,0,0,0
576,119791,-0.14832311,0.86645542,-0.18801014,-0.55687697,0.08848821,-0.04262684,0,0,0,0,0
577,120000,-0.15229724,0.85491152,-0.13044601,-0.69243847,0.09201003,-0.04610732,0,0,0,0,0
578,120208,-0.16820373,0.82139909,-0.07942376,-0.78395493,0.07068603,-0.04593640,0,0,0,0,0
579,120416,-0.17294861,0.79514342,-0.02862366,-0.90391633,0.06698914,-0.03185114,0,0,0,0,0
580,120625,-0.18355837,0.76418080,0.04463609,-1.00950094,0.08018363,-0.04762917,0,0,0,0,0
581,120833,-0.17806635,0.73303730,0.10198505,-1.10023482,0.09231704,-0.02636641,0,0,0,0,0
582,121041,-0.18883234,0.69218323,0.16475913,-1.20611989,0.09177701,-0.02144674,0,0,0,0,0
583,121250,-0.19139204,0.65319149,0.22011470,-1.29501890,0.07281515,-0.00816193,0,0,0,0,0
584,121458,-0.19353648,0.62030748,0.27753873,-1.38320142,0.07023109,-0.03153460,0,0,0,0,0
585,121666,-0.19923509,0.57154319,0.33428197,-1.48093783,0.08984347,-0.02108328,0,0,0,0,0
586,121875,-0.19544313,0.52348073,0.38407656,-1.53229375,0.07787877,-0.01506301,0,0,0,0,0
587,122083,-0.19193664,0.47598412,0.43428449,-1.60031726,0.05275382,0.00331030,0,0,0,0,0
588,122291,-0.19514406,0.41675702,0.49107393,-1.66620550,0.05940873,0.00626447,0,0,0,0,0
589,122500,-0.20760825,0.37015291,0.53983287,-1.74034823,0.07237869,0.01518110,0,0,0,0,0
590,122708,-0.19652050,0.31500678,0.59258403,-1.75373641,0.05225193,-0.00612691,0,0,0,0,0
591,122916,-0.19350128,0.25079339,0.62953665,-1.80612866,0.05058510,0.03503797,0,0,0,0,0
592,123125,-0.18441450,0.20070560,0.67745492,-1.83866336,0.04700336,0.02795337,0,0,0,0,0
593,123333,-0.18887853,0.13976329,0.72869792,-1.86165999,0.06104485,0.03630655,0,0,0,0,0
594,123541,-0.18602716,0.08009526,0.75482872,-1.88315745,0.04778904,0.03952993,0,0,0,0,0
595,123750,-0.17055505,0.02692890,0.78838528,-1.86509592,0.06003161,0.03444092,0,0,0,0,0
596,123958,-0.16798888,-0.04109022,0.81781986,-1.84429223,0.03417682,0.05061739,0,0,0,0,0
597,124166,-0.16346078,-0.10647081,0.84492003,-1.86379240,0.03139089,0.05072289,0,0,0,0,0
598,124375,-0.15342042,-0.16095125,0.86374080,-1.83196812,0.03173599,0.05489962,0,0,0,0,0
599,124583,-0.15032152,-0.22063149,0.88434180,-1.81541918,0.01691222,0.06327921,0,0,0,0,0
600,124791,-0.13297012,-0.28443120,0.89743929,-1.77826060,0.00184352,0.06114937,0,0,0,0,0
601,125000,-0.12534393,-0.34603743,0.90378140,-1.74059251,0.00889592,0.05212873,0,0,0,0,0
602,125208,-0.11065680,-0.39185664,0.92427614,-1.68356099,-0.00052503,0.06720014,0,0,0,0,0
603,125416,-0.10338089,-0.44075439,0.91721138,-1.64768068,0.00020383,0.08824940,0,0,0,0,0
604,125624,-0.09079880,-0.49271909,0.92888082,-1.57181458,-0.01000628,0.06914067,0,0,0,0,0
605,125833,-0.08150913,-0.54591147,0.91236895,-1.49193806,-0.00499638,0.07797166,0,0,0,0,0
606,126041,-0.06845043,-0.58692161,0.90079905,-1.42031335,-0.01846110,0.08740040,0,0,0,0,0
607,126250,-0.06051199,-0.63874973,0.90478419,-1.34198828,-0.03647573,0.10193760,0,0,0,0,0
608,126458,-0.03718086,-0.68268290,0.87136504,-1.25644274,-0.03182956,0.07952879,0,0,0,0,0
609,126666,-0.02987129,-0.71982037,0.84727936,-1.16780833,-0.04280349,0.07080462,0,0,0,0,0
610,126874,-0.02681766,-0.76058291,0.82743257,-1.06952337,-0.01661043,0.09043622,0,0,0,0,0
611,127083,-0.01193851,-0.79614051,0.80631698,-0.97876076,-0.04025860,0.07586442,0,0,0,0,0
612,127291,0.01406639,-0.82427393,0.76902038,-0.85130287,-0.03876549,0.08685670,0,0,0,0,0
613,127500,0.02154482,-0.84792116,0.73807481,-0.73212641,-0.05091936,0.08952093,0,0,0,0,0
614,127708,0.03449715,-0.86377622,0.69253048,-0.62908079,-0.03593135,0.07786672,0,0,0,0,0
615,127916,0.04733086,-0.89422749,0.66677573,-0.51539505,-0.07095660,0.07878554,0,0,0,0,0
616,128124,0.06239399,-0.90691062,0.61915167,-0.39090288,-0.07009050,0.08819514,0,0,0,0,0
617,128333,0.08003478,-0.90909093,0.56378800,-0.29771108,-0.05460685,0.08908329,0,0,0,0,0
618,128541,0.08678391,-0.92189123,0.50925729,-0.16004697,-0.07419182,0.07641876,0,0,0,0,0
619,128750,0.09795679,-0.92391954,0.46499694,-0.03349872,-0.07948155,0.07515680,0,0,0,0,0
620,128958,0.10503963,-0.92339473,0.41971474,0.07252732,-0.08028939,0.05941094,0,0,0,0,0
621,129166,0.11120124,-0.90624443,0.36734577,0.21317148,-0.05771258,0.06870806,0,0,0,0,0
622,129374,0.13177744,-0.90334225,0.30508499,0.31412465,-0.05861131,0.06019864,0,0,0,0,0
623,129583,0.14207985,-0.89108243,0.24707587,0.45918462,-0.07664716,0.06121496,0,0,0,0,0
624,129791,0.15405231,-0.87367163,0.18921268,0.57223646,-0.08011923,0.07066509,0,0,0,0,0
625,130000,0.16567149,-0.85123268,0.13550901,0.68333313,-0.07524203,0.04103400,1,0,1,0,0
626,130208,0.15913994,-0.81916557,0.07977850,0.80518553,-0.07978612,0.05963781,1,0,1,0,0
627,130416,0.16894558,-0.80210781,0.01568356,0.90795563,-0.08222990,0.04521548,1,0,1,0,0
628,130624,0.18166503,-0.76811590,-0.04464018,1.01627166,-0.08840958,0.03819695,1,0,1,0,0
629,130833,0.18385968,-0.73458596,-0.09805365,1.11505422,-0.08961737,0.02481270,1,0,1,0,0
630,131041,0.19581553,-0.69317166,-0.15347461,1.19955696,-0.07769893,0.03118554,1,0,1,0,0
631,131250,0.19158334,-0.64941659,-0.22092441,1.31460441,-0.08011495,0.04487361,1,0,1,0,0
632,131458,0.20570801,-0.61852383,-0.27689222,1.39658176,-0.06531793,-0.00764731,1,0,1,0,0
633,131666,0.19832220,-0.56843816,-0.33788586,1.46768700,-0.08074716,-0.00713373,1,0,1,0,0
634,131875,0.20769356,-0.52252276,-0.38922355,1.53791262,-0.08522839,0.00519360,1,0,1,0,0
635,132083,0.18819242,-0.48076677,-0.44814236,1.61034217,-0.08808179,0.00474167,1,0,1,0,0
636,132291,0.20247429,-0.41720127,-0.48839274,1.67500670,-0.07833189,0.00537069,1,0,1,0,0
637,132500,0.19910843,-0.36051853,-0.54091536,1.73389336,-0.08190754,-0.00498243,1,0,1,0,0
638,132708,0.18660132,-0.30877417,-0.58412790,1.75454208,-0.05263925,-0.03130159,1,0,1,0,0
639,132916,0.19420079,-0.25907223,-0.64050180,1.80798330,-0.06467966,-0.01415491,1,0,1,0,0
640,133125,0.18443698,-0.20450583,-0.66948258,1.82652378,-0.06416113,-0.02732876,1,0,1,0,0
641,133333,0.18353482,-0.13537938,-0.71782783,1.83334969,-0.04749795,-0.02192779,1,0,1,0,0
642,133541,0.18235096,-0.08418079,-0.75587056,1.87194785,-0.02839366,-0.04299756,1,0,1,0,0
643,133750,0.17411859,-0.02349672,-0.78185443,1.88438645,-0.04753602,-0.05603747,1,0,1,0,0
644,133958,0.16967431,0.04274868,-0.82284496,1.87758271,-0.04980685,-0.04994757,1,0,1,0,0
645,134166,0.16112782,0.10553294,-0.84369281,1.85630252,-0.03745616,-0.04505027,1,0,1,0,0
646,134375,0.16389175,0.15992204,-0.86715495,1.84405349,-0.04697783,-0.05044061,1,0,1,0,0
647,134583,0.14456230,0.21966457,-0.88307973,1.82147160,-0.01801216,-0.05817835,1,0,1,0,0
648,134791,0.13438325,0.27832799,-0.90236760,1.78674761,-0.01205913,-0.06829020,1,0,1,0,0
649,135000,0.12592955,0.33133727,-0.91394310,1.75222717,-0.01681568,-0.06705524,1,0,1,0,0
650,135208,0.11319050,0.38963029,-0.92031481,1.70081395,-0.01816571,-0.05419759,1,0,1,0,0
651,135416,0.09443630,0.43738256,-0.92307461,1.62981079,0.02253145,-0.04647773,1,0,1,0,0
652,135625,0.09443549,0.50115900,-0.92048455,1.57307495,-0.00826924,-0.07041908,1,0,1,0,0
653,135833,0.08568616,0.56126531,-0.90975279,1.49823848,0.00200162,-0.06677912,1,0,1,0,0
654,136041,0.07495350,0.59507224,-0.91837433,1.42893727,0.01528295,-0.08633065,1,0,1,0,0
655,136250,0.05831006,0.64557755,-0.89127267,1.32656317,0.02892413,-0.06721171,1,0,1,0,0
656,136458,0.04099760,0.68038868,-0.88112433,1.27670042,0.02409649,-0.08557824,1,0,1,0,0
657,136666,0.03097756,0.71410851,-0.85949696,1.15640277,0.03113459,-0.09574430,1,0,1,0,0
658,136875,0.02580381,0.76817372,-0.84009807,1.06086446,0.04194663,-0.07218822,1,0,1,0,0
659,137083,0.00289186,0.78557584,-0.80677557,0.96405517,0.07277607,-0.08309068,1,0,1,0,0
660,137291,-0.01484618,0.82411571,-0.77766612,0.84255773,0.03964535,-0.06996576,1,0,1,0,0
661,137500,-0.01071425,0.84660462,-0.74201257,0.74242086,0.04486149,-0.07519700,1,0,1,0,0
662,137708,-0.03968730,0.87404295,-0.69978203,0.63370723,0.05319384,-0.09559692,1,0,1,0,0
663,137916,-0.05520343,0.88665679,-0.65816157,0.53204782,0.06513731,-0.07966013,1,0,1,0,0
664,138125,-0.05836145,0.89622104,-0.60995244,0.39831454,0.08742645,-0.08897094,1,0,1,0,0
665,138333,-0.07033801,0.90979390,-0.57307868,0.27247004,0.06462853,-0.06551923,1,0,1,0,0
666,138541,-0.08226802,0.93186819,-0.51742313,0.14371881,0.07456193,-0.07511457,1,0,1,0,0
667,138750,-0.09202870,0.92452128,-0.46634828,0.05414329,0.05040805,-0.08005339,1,0,1,0,0
668,138958,-0.10870441,0.93240788,-0.41602501,-0.08882808,0.07532105,-0.09095215,1,0,1,0,0
669,139166,-0.11965074,0.91406965,-0.35353499,-0.21074237,0.07688979,-0.05586534,1,0,1,0,0
670,139375,-0.13227111,0.90971284,-0.30945438,-0.34634694,0.08924809,-0.06754164,1,0,1,0,0
671,139583,-0.13861960,0.88592265,-0.24882844,-0.44702603,0.07557123,-0.06304649,1,0,1,0,0
672,139791,-0.14584438,0.87480776,-0.19058083,-0.57585863,0.06986226,-0.05164483,1,0,1,0,0
673,140000,-0.15257691,0.86439556,-0.13997662,-0.67052496,0.08537337,-0.06114002,1,0,1,1,0
674,140208,-0.16942839,0.82448755,-0.06904619,-0.79292730,0.06812030,-0.06306587,1,0,1,1,0
675,140416,-0.17824678,0.79678627,-0.01693228,-0.90523527,0.07594997,-0.04133783,1,0,1,1,0
676,140625,-0.17389878,0.77309743,0.04495716,-1.02474580,0.08445353,-0.04777678,1,0,1,1,0
677,140833,-0.18649881,0.73530468,0.10985603,-1.11320065,0.05949343,-0.03426820,1,0,1,1,0
678,141041,-0.19352438,0.70716938,0.16202152,-1.21029518,0.08010338,-0.03704408,1,0,1,1,0
679,141250,-0.20180191,0.65673627,0.21969311,-1.29769211,0.09731109,-0.03675125,1,0,1,1,0
680,141458,-0.18866600,0.61592651,0.27764888,-1.40382475,0.06389332,-0.03424222,1,0,1,1,0
681,141666,-0.19666396,0.57228803,0.32910399,-1.47249558,0.07132304,-0.01141149,1,0,1,1,0
682,141875,-0.19682777,0.51802502,0.38772220,-1.54136774,0.08186122,0.00400359,1,0,1,1,0
683,142083,-0.19803961,0.46731006,0.44275247,-1.59783681,0.08162506,0.00830812,1,0,1,1,0
684,142291,-0.19897986,0.41510323,0.49599305,-1.68170919,0.07122975,0.00427314,1,0,1,1,0
685,142500,-0.19910799,0.35179631,0.55223924,-1.70103560,0.06566436,0.02375112,1,0,1,1,0
686,142708,-0.19742093,0.31244755,0.59745870,-1.74753749,0.08064964,0.00958529,1,0,1,1,0
687,142916,-0.19916191,0.24940824,0.63476362,-1.80746916,0.06255579,0.02850427,1,0,1,1,0
688,143125,-0.19945269,0.19502706,0.67971703,-1.80270550,0.04590610,0.02068224,1,0,1,1,0
689,143333,-0.17490495,0.14368525,0.72605452,-1.84705784,0.05349710,0.02352188,1,0,1,1,0
690,143541,-0.18063515,0.07405418,0.74658169,-1.86465674,0.04653528,0.04392295,1,0,1,1,0
691,143750,-0.17692082,0.02204678,0.78700748,-1.86377211,0.03888150,0.04504545,1,0,1,1,0
692,143958,-0.17189754,-0.04960301,0.81121158,-1.86367148,0.02165432,0.05173275,1,0,1,1,0
693,144166,-0.15509405,-0.10527877,0.85607756,-1.85682137,0.03342917,0.03507551,1,0,1,1,0
694,144375,-0.15139623,-0.15289745,0.87023449,-1.85102345,0.03421540,0.06456018,1,0,1,1,0
695,144583,-0.14758308,-0.22283698,0.88268629,-1.81885484,0.03066360,0.06511891,1,0,1,1,0
696,144791,-0.13533860,-0.27244846,0.89997029,-1.77744506,0.01793962,0.05814635,1,0,1,1,0
697,145000,-0.12226845,-0.32414052,0.90713724,-1.73158521,0.01277705,0.07156530,1,0,1,1,0
698,145208,-0.11525486,-0.39362515,0.92836800,-1.67698846,0.00136202,0.07997703,1,0,1,1,0
699,145416,-0.09828075,-0.44879861,0.91015607,-1.64017115,0.01115130,0.06463989,1,0,1,1,0
700,145625,-0.08035583,-0.50828303,0.92251507,-1.57201778,-0.01591551,0.06738112,1,0,1,1,0
701,145833,-0.08134241,-0.54586503,0.91583693,-1.50988935,-0.01471382,0.07414580,1,0,1,1,0
702,146041,-0.06860207,-0.59287552,0.90244807,-1.41638655,-0.02300043,0.05684273,1,0,1,1,0
703,146250,-0.05901284,-0.63576858,0.89384827,-1.34836510,-0.02143309,0.08404546,1,0,1,1,0
704,146458,-0.04310941,-0.67474015,0.87065965,-1.26329712,-0.01247551,0.09119455,1,0,1,1,0
705,146666,-0.03946475,-0.72597031,0.86645157,-1.16358003,-0.04265806,0.08877716,1,0,1,1,0
706,146875,-0.01137529,-0.74756224,0.83479258,-1.08272633,-0.03303415,0.08850354,1,0,1,1,0
707,147083,-0.01068249,-0.79121300,0.81158162,-0.95781724,-0.03770374,0.09422198,1,0,1,1,0
708,147291,0.00484712,-0.81756198,0.77328627,-0.85943274,-0.05507781,0.08290119,1,0,1,1,0
709,147500,0.02218006,-0.84586134,0.74761078,-0.71809900,-0.05188649,0.06774410,1,0,1,1,0
710,147708,0.04148390,-0.87196385,0.70287151,-0.63820318,-0.06323771,0.08395474,1,0,1,1,0
711,147916,0.04307305,-0.89298634,0.66670301,-0.51823463,-0.05734027,0.09452016,1,0,1,1,0
712,148125,0.05902377,-0.90098874,0.61988947,-0.38672127,-0.06335698,0.08361529,1,0,1,1,0
713,148333,0.07384948,-0.91793825,0.56994912,-0.26870646,-0.05068749,0.07443792,1,0,1,1,0
714,148541,0.08120043,-0.92120911,0.52583331,-0.14461601,-0.07666822,0.08381815,1,0,1,1,0
715,148750,0.09581752,-0.92498363,0.49044275,-0.03555760,-0.07371884,0.07733199,1,0,1,1,0
716,148958,0.09994354,-0.92333210,0.41080797,0.07812525,-0.07841107,0.06849240,1,0,1,1,0
717,149166,0.11627595,-0.92490406,0.36135778,0.23824829,-0.06346363,0.06871805,1,0,1,1,0
718,149375,0.13555735,-0.92197927,0.29979464,0.33779544,-0.08398025,0.06094134,1,0,1,1,0
719,149583,0.14338192,-0.88814697,0.25165668,0.45453043,-0.08965613,0.06657677,1,0,1,1,0
720,149791,0.14633519,-0.86903141,0.19323444,0.57803617,-0.08984581,0.04748398,1,0,1,1,0
721,150000,0.15204541,-0.86608851,0.14370051,0.67220957,-0.09100142,0.05559512,1,0,1,1,0
722,150208,0.16387757,-0.82631569,0.07408780,0.79300681,-0.08952338,0.05657697,1,0,1,1,0
723,150416,0.16469731,-0.79915196,0.02115855,0.89605533,-0.09254477,0.04564719,1,0,1,1,0
724,150625,0.17733987,-0.77557978,-0.05316916,1.01318689,-0.08374874,0.04095906,1,0,1,1,0
725,150833,0.18180356,-0.73024232,-0.10119847,1.09843749,-0.09644683,0.03420019,1,0,1,1,0
726,151041,0.18636555,-0.69199777,-0.16529550,1.21489470,-0.07689445,0.03373624,1,0,1,1,0
727,151250,0.19184547,-0.65264410,-0.21652995,1.31075715,-0.08109436,0.01956616,1,0,1,1,0
728,151458,0.19838686,-0.60685837,-0.27156021,1.39559173,-0.06378524,0.01652303,1,0,1,1,0
729,151666,0.19284906,-0.56570330,-0.33712835,1.46780408,-0.07348840,0.00341152,1,0,1,1,0
730,151875,0.20434347,-0.52756114,-0.38692221,1.53833121,-0.07231767,0.00426234,1,0,1,1,0
731,152083,0.20585294,-0.47371627,-0.44529423,1.59865900,-0.05337518,-0.01857393,1,0,1,1,0
732,152291,0.21104122,-0.42012487,-0.49526551,1.66689062,-0.06630591,-0.00373926,1,0,1,1,0
733,152500,0.20047355,-0.36074076,-0.54328937,1.71375468,-0.06967495,-0.00334345,1,0,1,1,0
734,152708,0.20443467,-0.31412821,-0.59783296,1.74126075,-0.07280726,-0.01561173,1,0,1,1,0
735,152916,0.19915960,-0.25907335,-0.64269715,1.79135769,-0.04589950,-0.01110395,1,0,1,1,0
736,153125,0.19157796,-0.20599184,-0.67549809,1.83531885,-0.06656666,-0.01224955,1,0,1,1,0
737,153333,0.18004771,-0.13421937,-0.72243747,1.83818395,-0.06369106,-0.03094165,1,0,1,1,0
738,153541,0.18530129,-0.07773780,-0.74880315,1.85211332,-0.05923504,-0.04579167,1,0,1,1,0
739,153750,0.17593174,-0.02293036,-0.79702031,1.86771606,-0.05079255,-0.02980448,1,0,1,1,0
740,153958,0.17682951,0.04555470,-0.81306563,1.84616337,-0.03803209,-0.03654498,1,0,1,1,0
741,154166,0.16404300,0.10015293,-0.84381910,1.86528940,-0.03612098,-0.04547114,1,0,1,1,0
742,154375,0.15739896,0.15497907,-0.86684087,1.84659003,-0.02313650,-0.05951476,1,0,1,1,0
743,154583,0.14037452,0.22735190,-0.88443068,1.82395478,-0.03405925,-0.05456791,1,0,1,1,0
744,154791,0.13504366,0.26857204,-0.90737864,1.78323040,-0.02654620,-0.06528894,1,0,1,1,0
745,155000,0.11420697,0.33663655,-0.90563569,1.73139755,-0.01088609,-0.07307256,1,0,1,1,0
746,155208,0.11609423,0.39097679,-0.92056266,1.67908353,-0.01660322,-0.06542358,1,0,1,1,0
747,155416,0.10844500,0.43727618,-0.92579351,1.64110864,-0.01509324,-0.08173086,1,0,1,1,0
748,155625,0.09793591,0.49910883,-0.91005509,1.57996454,-0.01127387,-0.06711614,1,0,1,1,0
749,155833,0.07745796,0.54385673,-0.91793720,1.49211856,0.00901830,-0.07421520,1,0,1,1,0
750,156041,0.05810861,0.60318975,-0.91191006,1.41481824,0.01425350,-0.08017169,1,0,1,1,0
751,156250,0.05217517,0.64464238,-0.89104014,1.34506140,0.01915644,-0.08116036,1,0,1,1,0
752,156458,0.04195274,0.68280268,-0.87744589,1.25878390,0.03777283,-0.09281792,1,0,1,1,0
753,156666,0.03170692,0.70838226,-0.85355285,1.17354830,0.03380296,-0.09320814,1,0,1,1,0
754,156875,0.00672479,0.75413937,-0.83424741,1.07261985,0.03583015,-0.06638266,1,0,1,1,0
755,157083,0.00348891,0.78664033,-0.80223067,0.96242736,0.05419929,-0.08549616,1,0,1,1,0
756,157291,-0.01406613,0.82543215,-0.76544694,0.86668975,0.05518728,-0.09814328,1,0,1,1,0
757,157500,-0.01452842,0.84641419,-0.74467713,0.74227928,0.04266143,-0.07427544,1,0,1,1,0
758,157708,-0.04627136,0.86969156,-0.70499205,0.62893565,0.06261564,-0.09290377,1,0,1,1,0
759,157916,-0.04228086,0.89207904,-0.66935148,0.52404391,0.07607681,-0.07574008,1,0,1,1,0
760,158125,-0.06075476,0.91019363,-0.61515238,0.40646927,0.07994112,-0.06526110,1,0,1,1,0
761,158333,-0.08261635,0.92041151,-0.56949163,0.28636374,0.07550294,-0.08032813,1,0,1,1,0
762,158541,-0.07617119,0.92283803,-0.51452111,0.15318024,0.07289500,-0.06439912,1,0,1,1,0
763,158750,-0.08966886,0.92156373,-0.46965885,0.03347637,0.07490150,-0.06613239,1,0,1,1,0
764,158958,-0.10164605,0.92369551,-0.41688491,-0.09825854,0.08924685,-0.05491746,1,0,1,1,0
765,159166,-0.11844881,0.91574252,-0.36098350,-0.20256710,0.06365401,-0.06170884,1,0,1,1,0
766,159375,-0.13276286,0.91007374,-0.30743383,-0.33854524,0.09173313,-0.06940169,1,0,1,1,0
767,159583,-0.13897806,0.88950331,-0.24774292,-0.47223904,0.08204856,-0.08125825,1,0,1,1,0
768,159791,-0.14582377,0.87917619,-0.19097330,-0.57438853,0.07285927,-0.06440352,1,0,1,1,0
769,160000,-0.15982293,0.85351263,-0.13129253,-0.69379954,0.07125653,-0.05731786,1,0,1,1,0
770,160208,-0.16922842,0.83033686,-0.07651026,-0.82464097,0.06665485,-0.03795766,1,0,1,1,0
771,160416,-0.16954988,0.79425680,-0.01364890,-0.91222015,0.08963202,-0.03112634,1,0,1,1,0
772,160625,-0.17734661,0.76759138,0.04585638,-1.00369320,0.10312809,-0.04942665,1,0,1,1,0
773,160833,-0.17922401,0.73696425,0.10032561,-1.10808186,0.07846880,-0.02127084,1,0,1,1,0
774,161041,-0.18098339,0.69677727,0.16053810,-1.20403889,0.07412065,-0.03612427,1,0,1,1,0
775,161250,-0.18826954,0.64620698,0.21861175,-1.28466495,0.09359086,-0.03149252,1,0,1,1,0
776,161458,-0.20146446,0.60941236,0.27118175,-1.38991289,0.08113795,-0.03166434,1,0,1,1,0
777,161666,-0.19810726,0.57241284,0.33169963,-1.47485384,0.09070076,-0.00904392,1,0,1,1,0
778,161875,-0.19762033,0.53092524,0.39342823,-1.53146936,0.06621816,-0.01281832,1,0,1,1,0
779,162083,-0.19618073,0.47264019,0.44774050,-1.59926814,0.07999659,0.01165860,1,0,1,1,0
780,162291,-0.19575205,0.41960740,0.49719482,-1.67506749,0.08880208,-0.00505665,1,0,1,1,0
781,162500,-0.19928210,0.37359685,0.54027987,-1.71661389,0.05702807,0.01682559,1,0,1,1,0
782,162708,-0.19952163,0.31292718,0.59770676,-1.75457218,0.06090752,0.00281847,1,0,1,1,0
783,162916,-0.18923393,0.25962719,0.64696179,-1.79477715,0.05681251,0.03063482,1,0,1,1,0
784,163125,-0.18873764,0.19624353,0.68280131,-1.82007703,0.06397824,0.02677449,1,0,1,1,0
785,163333,-0.18472564,0.13655388,0.71903676,-1.85616309,0.06490208,0.03371055,1,0,1,1,0
786,163541,-0.18434832,0.08289343,0.75088195,-1.87775143,0.04106665,0.03224255,1,0,1,1,0
787,163750,-0.16423399,0.02196018,0.78807515,-1.87884619,0.06824852,0.03656850,1,0,1,1,0
788,163958,-0.16664753,-0.04330612,0.81526810,-1.85920889,0.03903117,0.05040489,1,0,1,1,0
789,164166,-0.16077606,-0.10747483,0.84286489,-1.84763682,0.02782356,0.06804570,1,0,1,1,0
790,164375,-0.15087433,-0.16994868,0.87281901,-1.84185353,0.04266696,0.04377354,1,0,1,1,0
791,164583,-0.14392423,-0.22838515,0.88958319,-1.79935703,0.02455956,0.05494093,1,0,1,1,0
792,164791,-0.14026452,-0.28205370,0.89843450,-1.78263904,0.01406617,0.05604857,1,0,1,1,0
793,165000,-0.12233159,-0.33433460,0.91168529,-1.74505091,0.00699795,0.05061805,1,0,1,1,0
794,165208,-0.12057972,-0.39985908,0.91838696,-1.70549335,0.02798352,0.05377171,1,0,1,1,0
795,165416,-0.10184068,-0.45347185,0.91945560,-1.63635611,-0.00846731,0.06467400,1,0,1,1,0
796,165625,-0.09894227,-0.49559395,0.91416038,-1.56220514,0.00723370,0.07071557,1,0,1,1,0
797,165833,-0.09000416,-0.53948041,0.92033294,-1.49060109,-0.01761985,0.09119173,1,0,1,1,0
798,166041,-0.06411231,-0.58932791,0.91350139,-1.41663224,-0.02116910,0.08895002,1,0,1,1,0
799,166250,-0.06038142,-0.64883043,0.89206760,-1.34025677,-0.02113545,0.07254030,1,0,1,1,0
800,166458,-0.04017088,-0.67973823,0.87549769,-1.24145056,-0.02094904,0.08981462,1,0,1,1,0
801,166666,-0.02881625,-0.71606175,0.86314137,-1.17388649,-0.04722824,0.07508305,1,0,1,1,0
802,166875,-0.01613763,-0.75939406,0.83133480,-1.05414586,-0.04127107,0.08283281,1,0,1,1,0
803,167083,-0.00714698,-0.79098848,0.80007297,-0.96041529,-0.03042823,0.08722495,1,0,1,1,0
804,167291,0.00822359,-0.81771280,0.77348912,-0.85422897,-0.03519160,0.10500357,1,0,1,1,0
805,167500,0.01847943,-0.84308530,0.74766784,-0.76000520,-0.05286392,0.08614876,1,0,1,1,0
806,167708,0.03932083,-0.86622146,0.70008071,-0.62860775,-0.06602314,0.06788036,1,0,1,1,0
807,167916,0.04492926,-0.88337079,0.65809684,-0.50402107,-0.05619198,0.08894815,1,0,1,1,0
808,168125,0.05871516,-0.90096199,0.61469743,-0.41818083,-0.05383924,0.09137486,1,0,1,1,0
809,168333,0.07610544,-0.91624648,0.56436316,-0.26857098,-0.06392008,0.08704302,1,0,1,1,0
810,168541,0.08145069,-0.92233835,0.51424713,-0.17782592,-0.05496134,0.06603436,1,0,1,1,0
811,168750,0.08746379,-0.92681874,0.46820410,-0.04693408,-0.07469679,0.07471405,1,0,1,1,0
812,168958,0.10259126,-0.92382612,0.40945002,0.08865198,-0.08785461,0.07047109,1,0,1,1,0
813,169166,0.12419325,-0.91309885,0.35997004,0.22739366,-0.08297875,0.08522246,1,0,1,1,0
814,169375,0.12981808,-0.91000755,0.30758039,0.33135126,-0.07904155,0.07028255,1,0,1,1,0
815,169583,0.14076435,-0.88699242,0.25146707,0.45697305,-0.08777889,0.07759557,1,0,1,1,0
816,169791,0.15003263,-0.87960048,0.19140227,0.56087940,-0.08728221,0.04938943,1,0,1,1,0
817,170000,0.16605206,-0.85226386,0.12799564,0.68329899,-0.07345936,0.05012836,1,0,1,1,0
818,170208,0.15456356,-0.82422751,0.07331424,0.79702238,-0.09183442,0.04250865,1,0,1,1,0
819,170416,0.17137658,-0.79799415,0.01812551,0.92277749,-0.09731823,0.05305503,1,0,1,1,0
820,170625,0.17847403,-0.77819686,-0.03966742,1.00404485,-0.07580387,0.04986223,1,0,1,1,0
821,170833,0.18375236,-0.73406533,-0.10332227,1.10562698,-0.07700675,0.03740805,1,0,1,1,0
822,171041,0.19259611,-0.70137772,-0.16446594,1.21892527,-0.09303225,0.02933798,1,0,1,1,0
823,171250,0.19667562,-0.66455210,-0.21907587,1.29645359,-0.07443186,0.02733707,1,0,1,1,0
824,171458,0.19462214,-0.61446815,-0.27908546,1.38525607,-0.09130896,0.00400293,1,0,1,1,0
825,171666,0.18959474,-0.57694840,-0.33922082,1.46775178,-0.08539242,0.00830929,1,0,1,1,0
826,171875,0.21209748,-0.52217979,-0.38809022,1.53004388,-0.08702078,0.00365301,1,0,1,1,0
827,172083,0.20019552,-0.46652326,-0.44341744,1.58231555,-0.07805476,0.00133562,1,0,1,1,0
828,172291,0.20047994,-0.42054086,-0.50103986,1.67315674,-0.06500971,-0.01054466,1,0,1,1,0
829,172500,0.20530334,-0.36949961,-0.54850224,1.71601423,-0.06482869,-0.01799661,1,0,1,1,0
830,172708,0.19510309,-0.31367622,-0.59376149,1.74718739,-0.07225239,-0.03092171,1,0,1,1,0
831,172916,0.20073594,-0.25134182,-0.64532189,1.80530609,-0.05853391,-0.01599522,1,0,1,1,0
832,173125,0.18909298,-0.19925010,-0.68346901,1.84748815,-0.05266197,-0.03932051,1,0,1,1,0
833,173333,0.19527861,-0.14091166,-0.71589163,1.86136735,-0.04274109,-0.02078628,1,0,1,1,0
834,173541,0.18310164,-0.08344021,-0.75765103,1.88437661,-0.04429159,-0.03258737,1,0,1,1,0
835,173750,0.17135579,-0.02306807,-0.79213720,1.85743526,-0.03589100,-0.03185481,1,0,1,1,0
836,173958,0.17879460,0.04616823,-0.81232879,1.87034784,-0.03781833,-0.05435481,1,0,1,1,0
837,174166,0.16335395,0.09942388,-0.84211272,1.86154184,-0.04164869,-0.03132275,1,0,1,1,0
838,174375,0.14907550,0.16437890,-0.86289614,1.83901058,-0.02677209,-0.03207314,1,0,1,1,0
839,174583,0.13623038,0.22387786,-0.88909396,1.81120561,-0.01100281,-0.05804682,1,0,1,1,0
840,174791,0.13730861,0.27410742,-0.90157123,1.75142269,-0.00515010,-0.05824035,1,0,1,1,0
841,175000,0.13074534,0.33194216,-0.91130003,1.75685131,-0.03823610,-0.06586357,1,0,1,1,0
842,175208,0.11525700,0.39441721,-0.91727714,1.67521632,-0.00067214,-0.05894192,1,0,1,1,0
843,175416,0.10400648,0.44617226,-0.91019335,1.64463615,-0.00641379,-0.06407253,1,0,1,1,0
844,175625,0.09876937,0.49658755,-0.92045718,1.57291983,0.00803072,-0.09242860,1,0,1,1,0
845,175833,0.08222427,0.54963265,-0.91077372,1.50298134,-0.00415551,-0.08529716,1,0,1,1,0
846,176041,0.06388784,0.59983407,-0.89615035,1.42527018,0.01064024,-0.07512938,1,0,1,1,0
847,176250,0.05178850,0.63942759,-0.88652414,1.34724191,0.00427452,-0.07300726,1,0,1,1,0
848,176458,0.04511980,0.67885251,-0.87797624,1.26382568,0.02127687,-0.08059260,1,0,1,1,0
849,176666,0.03217352,0.72142694,-0.85286440,1.17371657,0.03685672,-0.10004360,1,0,1,1,0
850,176875,0.02231175,0.75289420,-0.83402674,1.06473701,0.04027719,-0.07814524,1,0,1,1,0
851,177083,0.00585477,0.79051776,-0.80720115,0.95117279,0.06217828,-0.06573865,1,0,1,1,0
852,177291,-0.00547932,0.81938990,-0.77150399,0.84393657,0.04028679,-0.10686479,1,0,1,1,0
853,177500,-0.02002042,0.84144504,-0.73646982,0.75616401,0.04117755,-0.07406773,1,0,1,1,0
854,177708,-0.02977550,0.86608324,-0.70016204,0.62930804,0.06812937,-0.06433947,1,0,1,1,0
855,177916,-0.04361510,0.88537106,-0.66217605,0.50531346,0.04118410,-0.07207066,1,0,1,1,0
856,178125,-0.06124885,0.90570618,-0.61946696,0.38947614,0.06410651,-0.08081005,1,0,1,1,0
857,178333,-0.07332372,0.90874180,-0.57615123,0.27558747,0.07076435,-0.06918835,1,0,1,1,0
858,178541,-0.08293876,0.91605984,-0.52002336,0.14214145,0.04591315,-0.07684277,1,0,1,1,0
859,178750,-0.09585960,0.92105486,-0.46833314,0.03244882,0.06109625,-0.06805046,1,0,1,1,0
860,178958,-0.10132484,0.92434060,-0.41231174,-0.07706440,0.06102232,-0.06981705,1,0,1,1,0
861,179166,-0.11785480,0.91954406,-0.36925808,-0.21275348,0.08536253,-0.06641432,1,0,1,1,0
862,179375,-0.13652212,0.90745312,-0.30574235,-0.35030791,0.07263219,-0.07173386,1,0,1,1,0
863,179583,-0.14521348,0.89591639,-0.25059560,-0.44359560,0.07814076,-0.06506163,1,0,1,1,0
864,179791,-0.14974962,0.88047007,-0.19239308,-0.55887601,0.06595070,-0.04023585,1,0,1,1,0
865,180000,-0.15350184,0.85406760,-0.12776104,-0.67361252,0.07497773,-0.05849374,1,0,1,1,0
866,180208,-0.16856565,0.82439846,-0.06896276,-0.79698125,0.07580994,-0.06744207,1,0,1,1,0
867,180416,-0.16875897,0.79985108,-0.01132102,-0.88317055,0.08180570,-0.00811405,1,0,1,1,0
868,180625,-0.18215892,0.76215098,0.04323960,-1.00415805,0.08084434,-0.04283194,1,0,1,1,0
869,180833,-0.18305987,0.73670523,0.10101033,-1.08232076,0.09816265,-0.03618527,1,0,1,1,0
870,181041,-0.18652592,0.69523042,0.16696646,-1.19464111,0.08957725,-0.03241096,1,0,1,1,0
871,181250,-0.19826766,0.65850132,0.22804253,-1.28693666,0.06374207,-0.02299960,1,0,1,1,0
872,181458,-0.19372480,0.61515790,0.28531088,-1.39035090,0.09017828,-0.02541971,1,0,1,1,0
873,181666,-0.18996452,0.56878871,0.33657453,-1.47287993,0.08695786,0.00247290,1,0,1,1,0
874,181875,-0.20054296,0.52453079,0.38982486,-1.53525385,0.07665791,-0.00895727,1,0,1,1,0
875,182083,-0.19984448,0.47317906,0.44696809,-1.60476414,0.08332816,-0.01192704,1,0,1,1,0
876,182291,-0.19877564,0.41889965,0.49927789,-1.66778098,0.08267587,-0.02466284,1,0,1,1,0
877,182500,-0.19853874,0.36284598,0.54334551,-1.71615428,0.06266930,0.02045227,1,0,1,1,0
878,182708,-0.19694925,0.31465249,0.59185144,-1.76193757,0.05191753,0.01053482,1,0,1,1,0
879,182916,-0.19454350,0.24987986,0.65293879,-1.80392646,0.06607686,0.02407297,1,0,1,1,0
880,183125,-0.19846294,0.20669618,0.67783231,-1.82082389,0.04832793,0.01631323,1,0,1,1,0
881,183333,-0.18386841,0.14502062,0.72331026,-1.85695808,0.05493873,0.03171891,1,0,1,1,0
882,183541,-0.18619991,0.07083446,0.75262962,-1.86399866,0.03750417,0.03555393,1,0,1,1,0
883,183750,-0.17285064,0.02173525,0.78752315,-1.88185703,0.05300833,0.04992791,1,0,1,1,0
884,183958,-0.16438685,-0.03601043,0.81313285,-1.86685158,0.03087209,0.04709262,1,0,1,1,0
885,184166,-0.15830747,-0.10478426,0.83926302,-1.85598024,0.03139052,0.03873148,1,0,1,1,0
886,184375,-0.15653820,-0.15984722,0.86946015,-1.84979150,0.02563841,0.07829440,1,0,1,1,0
887,184583,-0.14168902,-0.22132375,0.88765900,-1.81377834,0.00899623,0.06269294,1,0,1,1,0
888,184791,-0.13488895,-0.27547828,0.90935117,-1.78199621,0.02862356,0.05272576,1,0,1,1,0
889,185000,-0.12677431,-0.33814940,0.91137618,-1.74453400,0.02527266,0.06762675,1,0,1,1,0
890,185208,-0.10300377,-0.38646108,0.91918878,-1.69589728,0.00552704,0.07292599,1,0,1,1,0
891,185416,-0.10684711,-0.44618697,0.92140781,-1.63112113,-0.00612390,0.07684015,1,0,1,1,0
892,185625,-0.08850263,-0.49906715,0.91601427,-1.57252680,-0.00636462,0.07830777,1,0,1,1,0
893,185833,-0.07160376,-0.54408169,0.91913943,-1.49370980,-0.01456372,0.07948430,1,0,1,1,0
894,186041,-0.06526338,-0.59026826,0.90674596,-1.43768864,-0.01516911,0.08823383,1,0,1,1,0
895,186250,-0.05793884,-0.65130384,0.88792676,-1.34712735,-0.02343315,0.08802312,1,0,1,1,0
896,186458,-0.04509819,-0.69621720,0.88429986,-1.26356199,-0.03467528,0.08955083,1,0,1,1,0
897,186666,-0.03664769,-0.71913238,0.85573003,-1.16359494,-0.01946686,0.06531094,1,0,1,1,0
898,186875,-0.01640463,-0.76022778,0.83631745,-1.06330427,-0.03796766,0.06636802,1,0,1,1,0
899,187083,-0.00336041,-0.79640920,0.80883692,-0.97504681,-0.02140263,0.07605518,1,0,1,1,0
900,187291,0.00762519,-0.82125015,0.77676021,-0.85040451,-0.04439467,0.08141915,1,0,1,1,0
901,187500,0.02888004,-0.83096874,0.73586617,-0.72414678,-0.05400866,0.07586122,1,0,1,1,0
902,187708,0.03441007,-0.87475744,0.70967856,-0.63031499,-0.05709149,0.07250236,1,0,1,1,0
903,187916,0.03959420,-0.88256393,0.65769504,-0.52423941,-0.06201983,0.08389493,1,0,1,1,0
904,188125,0.06753951,-0.90584732,0.60477139,-0.39981356,-0.06323598,0.07127495,1,0,1,1,0
905,188333,0.06663958,-0.92037833,0.57435994,-0.27976819,-0.06349571,0.05412163,1,0,1,1,0
906,188541,0.08729610,-0.92316680,0.52491386,-0.16164800,-0.08023480,0.06239432,1,0,1,1,0
907,188750,0.09981342,-0.93002980,0.46354162,-0.02553299,-0.08221273,0.06737326,1,0,1,1,0
908,188958,0.10770453,-0.92936112,0.41643575,0.07136349,-0.06687314,0.06806765,1,0,1,1,0
909,189166,0.12379002,-0.91953202,0.36736234,0.21429131,-0.07190414,0.07651421,1,0,1,1,0
910,189375,0.12999998,-0.91159497,0.31332267,0.34553696,-0.09480754,0.06846055,1,0,1,1,0
911,189583,0.13771715,-0.89307240,0.25264552,0.46453341,-0.07551866,0.04037647,1,0,1,1,0
912,189791,0.13834229,-0.87381589,0.19624004,0.58022298,-0.07368238,0.07100871,1,0,1,1,0
913,190000,0.14866444,-0.85722532,0.13757158,0.67864063,-0.08055214,0.05030239,1,0,1,1,0
914,190208,0.17892173,-0.82525880,0.07468506,0.81214662,-0.10025183,0.04857594,1,0,1,1,0
915,190416,0.17590739,-0.80355892,0.01095439,0.91015158,-0.09735810,0.04448028,1,0,1,1,0
916,190625,0.18482130,-0.76972725,-0.04407682,1.02575041,-0.08437358,0.02993956,1,0,1,1,0
917,190833,0.19665033,-0.74557790,-0.09633613,1.12303436,-0.06463716,0.03913425,1,0,1,1,0
918,191041,0.18702605,-0.69727816,-0.15537243,1.21130097,-0.08804426,0.00890727,1,0,1,1,0
919,191250,0.19208755,-0.64668061,-0.21847416,1.29647455,-0.07545145,0.03655996,1,0,1,1,0
920,191458,0.18769488,-0.61160765,-0.27898397,1.40776544,-0.08644272,0.01970367,1,0,1,1,0
921,191666,0.19683654,-0.57156656,-0.32545513,1.44560116,-0.06115770,0.01605387,1,0,1,1,0
922,191875,0.19821828,-0.52919423,-0.38900502,1.53467433,-0.07556182,0.01222763,1,0,1,1,0
923,192083,0.19851537,-0.46564264,-0.44032276,1.58878478,-0.08559722,-0.00294291,1,0,1,1,0
924,192291,0.20554310,-0.42285704,-0.50153474,1.66357509,-0.07880577,0.00868696,1,0,1,1,0
925,192500,0.20281361,-0.37170280,-0.54562624,1.71841994,-0.07649015,-0.01675568,1,0,1,1,0
926,192708,0.20191592,-0.31611463,-0.58738200,1.75352787,-0.06295174,-0.02494761,1,0,1,1,0
927,192916,0.18842308,-0.24554681,-0.64454900,1.79184794,-0.06739162,-0.01882592,1,0,1,1,0
928,193125,0.19101353,-0.19831296,-0.68002783,1.81418970,-0.06143491,-0.03938109,1,0,1,1,0
929,193333,0.18809455,-0.13633200,-0.71700599,1.85396042,-0.03283259,-0.03644387,1,0,1,1,0
930,193541,0.19040854,-0.07979921,-0.74805911,1.85890389,-0.05374817,-0.03321900,1,0,1,1,0
931,193750,0.17555999,-0.01892381,-0.78326486,1.87393715,-0.04150344,-0.03336862,1,0,1,1,0
932,193958,0.16731747,0.03957749,-0.80927660,1.86261474,-0.04119605,-0.04581134,1,0,1,1,0
933,194166,0.16601824,0.10896537,-0.83970118,1.86046512,-0.03399197,-0.05900331,1,0,1,1,0
934,194375,0.15107172,0.16182304,-0.86192491,1.84757397,-0.02172179,-0.05764218,1,0,1,1,0
935,194583,0.14585950,0.21365869,-0.88994419,1.81926807,-0.04514097,-0.06502790,1,0,1,1,0
936,194791,0.13626597,0.28085812,-0.90506983,1.78312451,-0.01632527,-0.06315107,1,0,1,1,0
937,195000,0.12146762,0.33534378,-0.90284300,1.73889230,-0.01618315,-0.07193816,1,0,1,1,0
938,195208,0.11010794,0.39343652,-0.92067859,1.69615595,-0.00520621,-0.07878825,1,0,1,1,0
939,195416,0.10219833,0.44381201,-0.92433143,1.62957204,-0.00350545,-0.08301730,1,0,1,1,0
940,195625,0.08881221,0.49477645,-0.93241573,1.57085442,0.00208059,-0.09305824,1,0,1,1,0
941,195833,0.07174101,0.55179479,-0.91089165,1.50675210,0.01245906,-0.06621809,1,0,1,1,0
942,196041,0.07078487,0.60406752,-0.91318699,1.44269701,0.00943984,-0.07189899,1,0,1,1,0
943,196250,0.05771494,0.63032781,-0.89920617,1.33913190,0.03998694,-0.09302959,1,0,1,1,0
944,196458,0.03862803,0.68210710,-0.87329170,1.24856580,0.01598250,-0.07557860,1,0,1,1,0
945,196666,0.02546391,0.71813998,-0.86964634,1.16705170,0.04517238,-0.08265270,1,0,1,1,0
946,196875,0.01931506,0.75235836,-0.82787082,1.07806728,0.02341424,-0.09663079,1,0,1,1,0
947,197083,0.01277211,0.77902151,-0.81115256,0.97134538,0.03808332,-0.09449212,1,0,1,1,0
948,197291,-0.00377477,0.82118427,-0.77644377,0.85655320,0.04854481,-0.08539402,1,0,1,1,0
949,197500,-0.01575780,0.84310706,-0.74476708,0.75803100,0.04063271,-0.07604885,1,0,1,1,0
950,197708,-0.03611909,0.86539205,-0.70934727,0.61391966,0.04425241,-0.07671906,1,0,1,1,0
951,197916,-0.04526704,0.89300570,-0.66513278,0.52567569,0.05553857,-0.08689298,1,0,1,1,0
952,198125,-0.06061913,0.89984321,-0.62118876,0.39375179,0.07113233,-0.07541017,1,0,1,1,0
953,198333,-0.07601224,0.91070829,-0.57627214,0.28282635,0.06655525,-0.07978387,1,0,1,1,0
954,198541,-0.08358000,0.91342714,-0.51312244,0.16505497,0.08796263,-0.08332582,1,0,1,1,0
955,198750,-0.10075872,0.91838351,-0.47436346,0.03469736,0.07764591,-0.06386535,1,0,1,1,0
956,198958,-0.11162172,0.92885291,-0.42589909,-0.08889360,0.07010172,-0.06909279,1,0,1,1,0
957,199166,-0.12113988,0.91896540,-0.37228438,-0.21548151,0.05008989,-0.06241890,1,0,1,1,0
958,199375,-0.13109748,0.91258180,-0.30408475,-0.31571717,0.06354845,-0.07509243,1,0,1,1,0
959,199583,-0.13945098,0.88813930,-0.25825341,-0.44882866,0.07809083,-0.06562503,1,0,1,1,0
960,199791,-0.15888543,0.87646477,-0.19299647,-0.56775448,0.06643694,-0.04828147,1,0,1,1,0
961,200000,-0.16177254,0.85851917,-0.12413943,-0.67014727,0.08115035,-0.05510253,1,0,1,1,0
962,200208,-0.15708501,0.83130321,-0.07446134,-0.80259625,0.08594421,-0.05011324,1,0,1,1,0
963,200416,-0.17205986,0.80813978,-0.01477884,-0.90898308,0.08106073,-0.05387912,1,0,1,1,0
964,200625,-0.17551677,0.77096954,0.04012253,-1.00214347,0.08119048,-0.03649772,1,0,1,1,0
965,200833,-0.18177297,0.73472245,0.10189043,-1.09447519,0.10303703,-0.04429160,1,0,1,1,0
966,201041,-0.18913995,0.68591678,0.15986750,-1.20771168,0.08331792,-0.02473251,1,0,1,1,0
967,201250,-0.19696592,0.66002497,0.22103493,-1.29505594,0.08012858,-0.03308751,1,0,1,1,0
968,201458,-0.19845237,0.61857075,0.28560255,-1.40000864,0.07005997,-0.01992239,1,0,1,1,0
969,201666,-0.18825024,0.57644152,0.33199344,-1.45057778,0.07812463,0.00332871,1,0,1,1,0
970,201875,-0.20222158,0.51943100,0.38568555,-1.54724056,0.07119142,-0.00330366,1,0,1,1,0
971,202083,-0.19161834,0.47363524,0.44313199,-1.60823320,0.09148793,-0.00493613,1,0,1,1,0
972,202291,-0.20211911,0.41410203,0.50030278,-1.66052113,0.07634396,0.01259283,1,0,1,1,0
973,202500,-0.20058782,0.36026958,0.54365397,-1.72134314,0.08173125,0.00226853,1,0,1,1,0
974,202708,-0.19668734,0.31543753,0.59414575,-1.77935237,0.06619987,0.00507959,1,0,1,1,0
975,202916,-0.19515785,0.26224441,0.64025855,-1.80988221,0.07288707,0.01666904,1,0,1,1,0
976,203125,-0.19531851,0.20423014,0.69059744,-1.82641136,0.04647587,0.03659004,1,0,1,1,0
977,203333,-0.18620416,0.14077719,0.72366324,-1.83447847,0.05479167,0.04120581,1,0,1,1,0
978,203541,-0.18818582,0.08901346,0.75083799,-1.84940918,0.03919205,0.03086007,1,0,1,1,0
979,203750,-0.17291100,0.01663518,0.77718885,-1.86589281,0.03887171,0.03787971,1,0,1,1,0
980,203958,-0.16676877,-0.03721078,0.81849425,-1.86628523,0.03888267,0.04964033,1,0,1,1,0
981,204166,-0.15669986,-0.10844306,0.84033458,-1.85001694,0.02392826,0.07424236,1,0,1,1,0
982,204375,-0.15460409,-0.17732018,0.86394409,-1.82692157,0.01376876,0.05189425,1,0,1,1,0
983,204583,-0.13957458,-0.22310467,0.88018757,-1.81331245,0.03299573,0.07217262,1,0,1,1,0
984,204791,-0.13166739,-0.27949072,0.89762287,-1.77950384,0.00102235,0.06466928,1,0,1,1,0
985,205000,-0.12318738,-0.33474477,0.90861993,-1.73789089,0.02932235,0.07426827,1,0,1,1,0
986,205208,-0.10343620,-0.39246169,0.91783272,-1.68128807,-0.00119516,0.07915086,1,0,1,1,0
987,205416,-0.10000207,-0.44366310,0.91825840,-1.64928386,0.00713668,0.07375892,1,0,1,1,0
988,205625,-0.09329565,-0.48878023,0.91729223,-1.57264628,0.00222614,0.07439152,1,0,1,1,0
989,205833,-0.07155120,-0.54363467,0.91884289,-1.49928022,-0.02055984,0.07495892,1,0,1,1,0
990,206041,-0.06462626,-0.59859998,0.90757911,-1.44625767,-0.01034067,0.08256321,1,0,1,1,0
991,206250,-0.04596904,-0.65218510,0.89512707,-1.33608034,-0.01859955,0.09262270,1,0,1,1,0
992,206458,-0.05161678,-0.68707344,0.87851633,-1.24665606,-0.01929063,0.09531351,1,0,1,1,0
993,206666,-0.03116589,-0.71412571,0.85412724,-1.18366068,-0.01868515,0.09518213,1,0,1,1,0
994,206875,-0.01836255,-0.75943568,0.84184852,-1.07012961,-0.02768988,0.07905160,1,0,1,1,0
995,207083,-0.01345364,-0.78641084,0.81716792,-0.96702848,-0.04940285,0.07830534,1,0,1,1,0
996,207291,0.00970812,-0.81617883,0.78190177,-0.86522319,-0.04679738,0.07562269,1,0,1,1,0
997,207500,0.01990235,-0.84580272,0.73206675,-0.75328421,-0.05820089,0.08500094,1,0,1,1,0
998,207708,0.02460217,-0.86854105,0.69938951,-0.63724531,-0.06002843,0.09198949,1,0,1,1,0
999,207916,0.04351307,-0.89031374,0.66487837,-0.50946184,-0.05346774,0.07585591,1,0,1,1,0
1000,208125,0.06688905,-0.89090422,0.61330177,-0.38441933,-0.05612369,0.07817310,1,0,1,1,0
1001,208333,0.07692552,-0.91789726,0.56661197,-0.27100826,-0.05991527,0.08462377,1,0,1,1,0
1002,208541,0.08099969,-0.91450229,0.51397825,-0.16411375,-0.06613713,0.07276503,1,0,1,1,0
1003,208750,0.09271557,-0.91876897,0.46770423,-0.02484990,-0.06759288,0.07156718,1,0,1,1,0
1004,208958,0.11220025,-0.91844517,0.41235607,0.09563498,-0.07922213,0.08179372,1,0,1,1,0
1005,209166,0.10908652,-0.91650686,0.35000721,0.18223539,-0.06351943,0.06776426,1,0,1,1,0
1006,209375,0.13237300,-0.91354266,0.31202023,0.34503123,-0.07237646,0.05691252,1,0,1,1,0
1007,209583,0.13014482,-0.89808247,0.25166658,0.45360868,-0.08095470,0.06139191,1,0,1,1,0
1008,209791,0.15676400,-0.87853275,0.18542744,0.57168449,-0.07082360,0.06081633,1,0,1,1,0
1009,210000,0.16040264,-0.85143128,0.13832689,0.66781259,-0.08822825,0.07734092,1,0,1,1,0
1010,210208,0.15571912,-0.82395352,0.07600536,0.81371035,-0.08251530,0.06307512,1,0,1,1,0
1011,210416,0.17011316,-0.79866813,0.02219553,0.90985496,-0.07503819,0.07519158,1,0,1,1,0
1012,210625,0.17991018,-0.76766092,-0.03909949,1.01926889,-0.09608431,0.02781295,1,0,1,1,0
1013,210833,0.17391928,-0.72951938,-0.10583397,1.09898085,-0.06123387,0.04741230,1,0,1,1,0
1014,211041,0.18838088,-0.70813850,-0.15760198,1.21327479,-0.08854902,0.04391939,1,0,1,1,0
1015,211250,0.19495926,-0.66897558,-0.21593521,1.30423886,-0.08603139,0.02346376,1,0,1,1,0
1016,211458,0.18536037,-0.62332109,-0.27203912,1.38256875,-0.07980186,0.01390422,1,0,1,1,0
1017,211666,0.20177288,-0.56607606,-0.32914146,1.45046817,-0.07075680,0.01979425,1,0,1,1,0
1018,211875,0.19893156,-0.53345057,-0.37923359,1.53579446,-0.06762057,0.00370278,1,0,1,1,0
1019,212083,0.20481075,-0.47385238,-0.43874665,1.59328826,-0.05847922,-0.00996768,1,0,1,1,0
1020,212291,0.19887011,-0.42660399,-0.49942466,1.65542298,-0.07128885,-0.01819690,1,0,1,1,0
1021,212500,0.19370649,-0.36755962,-0.54445953,1.72645314,-0.06422660,-0.02447112,1,0,1,1,0
1022,212708,0.19129592,-0.31358101,-0.59805830,1.76082463,-0.07949697,-0.01261075,1,0,1,1,0
1023,212916,0.19271691,-0.25466011,-0.63165482,1.79671639,-0.07113610,-0.01360343,1,0,1,1,0
1024,213125,0.18968205,-0.19971794,-0.68411581,1.81564130,-0.05739612,-0.03534955,1,0,1,1,0
1025,213333,0.19145339,-0.13504794,-0.70789489,1.84898329,-0.04871698,-0.02594441,1,0,1,1,0
1026,213541,0.17942853,-0.07146622,-0.75666370,1.86206537,-0.04834590,-0.03106070,1,0,1,1,0
1027,213750,0.16693146,-0.01227407,-0.78836457,1.85989665,-0.03802545,-0.03725173,1,0,1,1,0
1028,213958,0.16560361,0.03989001,-0.82006579,1.87870248,-0.03903405,-0.03863807,1,0,1,1,0
1029,214166,0.15272099,0.09752850,-0.84744488,1.86836472,-0.03583966,-0.04780517,1,0,1,1,0
1030,214375,0.15386955,0.16258082,-0.86902475,1.83243327,-0.00438780,-0.04094140,1,0,1,1,0
1031,214583,0.14616541,0.23057483,-0.88400916,1.81844136,-0.02579087,-0.05210966,1,0,1,1,0
1032,214791,0.13757217,0.27862160,-0.90006095,1.76249081,-0.00770394,-0.07472024,1,0,1,1,0
1033,215000,0.12231242,0.34011127,-0.91338097,1.74310878,-0.02547871,-0.04733523,1,0,1,1,0
1034,215208,0.10982258,0.39544980,-0.91687875,1.69919756,-0.00572871,-0.07862299,1,0,1,1,0
1035,215416,0.09980250,0.44933016,-0.92433638,1.62437131,-0.00821686,-0.07216116,1,0,1,1,0
1036,215625,0.09051964,0.50384599,-0.92090276,1.57296035,0.02382471,-0.04915365,1,0,1,1,0
1037,215833,0.07668673,0.54073998,-0.90736374,1.50456230,0.00392755,-0.07213371,1,0,1,1,0
1038,216041,0.07522538,0.58995569,-0.91045726,1.45621626,0.01463276,-0.08728231,1,0,1,1,0
1039,216250,0.05303292,0.63986002,-0.89662162,1.37105984,0.01208113,-0.07737677,1,0,1,1,0
1040,216458,0.04183039,0.68784870,-0.88453742,1.26063708,0.01676680,-0.07686271,1,0,1,1,0
1041,216666,0.02590591,0.72698106,-0.86029418,1.15756267,0.03001912,-0.08106489,1,0,1,1,0
1042,216875,0.01322793,0.75668770,-0.83279158,1.06844060,0.03945232,-0.08877874,1,0,1,1,0
1043,217083,-0.00235354,0.79479498,-0.80964936,0.97449035,0.05129534,-0.09678541,1,0,1,1,0
1044,217291,-0.01402123,0.81727243,-0.78138020,0.83959503,0.03964651,-0.09555005,1,0,1,1,0
1045,217500,-0.01240016,0.84139224,-0.73908039,0.72486030,0.04400271,-0.09125393,1,0,1,1,0
1046,217708,-0.03187743,0.86146208,-0.70036125,0.62056154,0.06712131,-0.06971120,1,0,1,1,0
1047,217916,-0.04903875,0.88630593,-0.65826848,0.52318473,0.07428628,-0.09369555,1,0,1,1,0
1048,218125,-0.06323994,0.90030725,-0.62324786,0.40510003,0.06133303,-0.07844548,1,0,1,1,0
1049,218333,-0.06620535,0.91813446,-0.56326457,0.28094942,0.07039260,-0.06417378,1,0,1,1,0
1050,218541,-0.08873667,0.92292106,-0.52327427,0.16608271,0.08571092,-0.06946898,1,0,1,1,0
1051,218750,-0.10493601,0.92319404,-0.47455429,0.03094436,0.09848746,-0.05925688,1,0,1,1,0
1052,218958,-0.10552004,0.92181221,-0.41134114,-0.09230452,0.07886349,-0.07651374,1,0,1,1,0
1053,219166,-0.12354807,0.91381170,-0.35528580,-0.20771559,0.08456399,-0.06124586,1,0,1,1,0
1054,219375,-0.13582247,0.89724799,-0.30783966,-0.31551931,0.08038572,-0.05260605,1,0,1,1,0
1055,219583,-0.14476567,0.88643017,-0.25374671,-0.44816194,0.06594305,-0.05101670,1,0,1,1,0
1056,219791,-0.14647896,0.87859229,-0.18989404,-0.57093538,0.08555139,-0.04758386,1,0,1,1,0
1057,220000,-0.15763199,0.85258772,-0.14064955,-0.68121337,0.09678837,-0.06424192,1,0,1,1,0
1058,220208,-0.16986169,0.82184731,-0.06261302,-0.78334247,0.07617951,-0.04121369,1,0,1,1,0
1059,220416,-0.16966792,0.80707349,-0.02155991,-0.91008352,0.06544236,-0.03839043,1,0,1,1,0
1060,220625,-0.18246137,0.77745035,0.04455162,-1.01599704,0.08981194,-0.03996966,1,0,1,1,0
1061,220833,-0.19203196,0.74075418,0.10115367,-1.11695911,0.06589781,-0.03954922,1,0,1,1,0
1062,221041,-0.19513783,0.69980869,0.15634770,-1.20000430,0.06693955,-0.02388581,1,0,1,1,0
1063,221250,-0.19244124,0.65937196,0.21481234,-1.30671431,0.06516060,-0.03303225,1,0,1,1,0
1064,221458,-0.19962082,0.61545962,0.28295547,-1.37771773,0.05997405,-0.02214138,1,0,1,1,0
1065,221666,-0.19751597,0.57152095,0.33596493,-1.47811094,0.08873082,-0.00300011,1,0,1,1,0
1066,221875,-0.19399325,0.52654740,0.38614452,-1.53900593,0.07735964,0.00345858,1,0,1,1,0
1067,222083,-0.20337672,0.47734028,0.44071000,-1.60342142,0.09403762,0.00334934,1,0,1,1,0
1068,222291,-0.18671099,0.42432265,0.49143381,-1.64452640,0.07799710,-0.00057334,1,0,1,1,0
1069,222500,-0.19761079,0.35195063,0.54975123,-1.70514981,0.08814167,-0.00161175,1,0,1,1,0
1070,222708,-0.19795095,0.31862864,0.59742462,-1.76351663,0.05767527,0.00714738,1,0,1,1,0
1071,222916,-0.20095088,0.25690922,0.64033847,-1.80271102,0.06405262,0.03317212,1,0,1,1,0
1072,223125,-0.19236839,0.19093484,0.68110316,-1.83413787,0.04374145,0.02754870,1,0,1,1,0
1073,223333,-0.18737578,0.13957502,0.72218383,-1.86066356,0.04952238,0.02976169,1,0,1,1,0
1074,223541,-0.17702634,0.08029612,0.74695677,-1.84740991,0.06223017,0.03746139,1,0,1,1,0
1075,223750,-0.17771192,0.01074365,0.78952065,-1.87727362,0.04286271,0.04756475,1,0,1,1,0
1076,223958,-0.16573084,-0.04491487,0.82308460,-1.85064389,0.03611808,0.03517126,1,0,1,1,0
1077,224166,-0.16013186,-0.10738319,0.84501529,-1.85700061,0.03327840,0.04509703,1,0,1,1,0
1078,224375,-0.14724602,-0.16647035,0.86663784,-1.84100309,0.02982582,0.06073082,1,0,1,1,0
1079,224583,-0.13799796,-0.21784600,0.88198755,-1.81350713,0.02460718,0.06074505,1,0,1,1,0
1080,224791,-0.13215276,-0.28199846,0.89730216,-1.76891817,0.03115900,0.07323569,1,0,1,1,0
1081,225000,-0.12000005,-0.33545117,0.90862960,-1.74847041,0.00521108,0.07326962,1,0,1,1,0
1082,225208,-0.10770389,-0.38784280,0.91952628,-1.68630219,0.00489433,0.06129446,1,0,1,1,0
1083,225416,-0.09966950,-0.44763942,0.91919677,-1.63598709,0.00245095,0.03862380,1,0,1,1,0
1084,225625,-0.08958736,-0.49359410,0.91176083,-1.56877721,-0.01305949,0.07671769,1,0,1,1,0
1085,225833,-0.07718654,-0.54054839,0.92018152,-1.50533077,-0.01397068,0.06657801,1,0,1,1,0
1086,226041,-0.05911897,-0.59054072,0.91020295,-1.43093479,-0.00727754,0.08413288,1,0,1,1,0
1087,226250,-0.05430007,-0.63662275,0.89688103,-1.33999927,-0.02855704,0.09664932,1,0,1,1,0
1088,226458,-0.03869719,-0.67742459,0.87407904,-1.27122366,0.00213441,0.07178973,1,0,1,1,0
1089,226666,-0.03304434,-0.71886599,0.85614112,-1.15026028,-0.01441477,0.08954108,1,0,1,1,0
1090,226875,-0.00936746,-0.75267351,0.83725943,-1.06491649,-0.03405756,0.09241344,1,0,1,1,0
1091,227083,-0.00176404,-0.79567284,0.80713851,-0.96872250,-0.03496288,0.08744426,1,0,1,1,0
1092,227291,0.00715192,-0.81975283,0.77221953,-0.85264873,-0.03773179,0.08718237,1,0,1,1,0
1093,227500,0.02141055,-0.84356364,0.74738605,-0.75271975,-0.04436035,0.06269645,1,0,1,1,0
1094,227708,0.03350478,-0.86848181,0.69846210,-0.63123277,-0.05331583,0.08331582,1,0,1,1,0
1095,227916,0.04736920,-0.87448026,0.64641313,-0.51471107,-0.03082870,0.08141942,1,0,1,1,0
1096,228125,0.06100595,-0.90299739,0.61748889,-0.38431212,-0.06935801,0.09050023,1,0,1,1,0
1097,228333,0.07139801,-0.92202998,0.57076679,-0.27373804,-0.06960560,0.08775659,1,0,1,1,0
1098,228541,0.07661814,-0.91983147,0.52112477,-0.16617113,-0.06828858,0.07087317,1,0,1,1,0
1099,228750,0.10529202,-0.91878134,0.47152482,-0.02694823,-0.06554889,0.05447128,1,0,1,1,0
1100,228958,0.10922750,-0.92588515,0.41367894,0.09680514,-0.05455698,0.05469021,1,0,1,1,0
1101,229166,0.12027055,-0.91609096,0.36709273,0.19544403,-0.07704730,0.08161447,1,0,1,1,0
1102,229375,0.12916494,-0.90650976,0.29943210,0.32075030,-0.07327154,0.06334223,1,0,1,1,0
1103,229583,0.14384383,-0.89264018,0.24947603,0.47237169,-0.07688847,0.04596205,1,0,1,1,0
1104,229791,0.14879508,-0.87765009,0.18897654,0.56666094,-0.08291294,0.04325958,1,0,1,1,0
1105,230000,0.15555610,-0.84779537,0.13902101,0.68215962,-0.07065902,0.05460360,1,0,1,1,0
1106,230208,0.16370435,-0.81756950,0.07139838,0.79722165,-0.07942687,0.04909391,1,0,1,1,0
1107,230416,0.17827216,-0.80443572,0.01675399,0.90007707,-0.07410070,0.05982692,1,0,1,1,0
1108,230625,0.17933566,-0.77549413,-0.04234514,0.99379244,-0.08683463,0.03766428,1,0,1,1,0
1109,230833,0.18367811,-0.73691916,-0.10097827,1.10099629,-0.08886748,0.03736177,1,0,1,1,0
1110,231041,0.18642132,-0.69065364,-0.16459592,1.20176747,-0.08609219,0.02797109,1,0,1,1,0
1111,231250,0.19094862,-0.65923104,-0.21766290,1.29389205,-0.07851660,0.03134822,1,0,1,1,0
1112,231458,0.20110616,-0.61375133,-0.27717377,1.37643033,-0.06882604,0.03542895,1,0,1,1,0
1113,231666,0.19346063,-0.57526537,-0.33241164,1.44848089,-0.05719011,0.02186597,1,0,1,1,0
1114,231875,0.20290371,-0.51448480,-0.38175301,1.53087358,-0.07422674,0.02667172,1,0,1,1,0
1115,232083,0.20375979,-0.47528010,-0.44292946,1.61399146,-0.05483790,0.00688114,1,0,1,1,0
1116,232291,0.20112069,-0.42080501,-0.50047745,1.65568591,-0.06438816,-0.01988502,1,0,1,1,0
1117,232500,0.19804244,-0.37231538,-0.53554090,1.71302973,-0.07421132,-0.01774377,1,0,1,1,0
1118,232708,0.18965936,-0.31733361,-0.58791752,1.77439565,-0.06292611,-0.00673320,1,0,1,1,0
1119,232916,0.19759808,-0.25592986,-0.63443162,1.79065118,-0.05273572,-0.02272881,1,0,1,1,0
1120,233125,0.18265048,-0.19720175,-0.68074764,1.85796690,-0.04801670,-0.02558480,1,0,1,1,0
1121,233333,0.18696726,-0.13427097,-0.71535215,1.85836090,-0.05709176,-0.03888225,1,0,1,1,0
1122,233541,0.18108549,-0.08722230,-0.76548852,1.86433982,-0.05144506,-0.02138244,1,0,1,1,0
1123,233750,0.17857321,-0.02335250,-0.78041368,1.86723243,-0.04661966,-0.02540490,1,0,1,1,0
1124,233958,0.16341417,0.03826583,-0.81326072,1.88127333,-0.04044258,-0.04772710,1,0,1,1,0
1125,234166,0.15561619,0.10245426,-0.84474564,1.85106151,-0.03044631,-0.05215287,1,0,1,1,0
1126,234375,0.15479279,0.15595504,-0.86201833,1.83585128,-0.00950955,-0.04151592,1,0,1,1,0
1127,234583,0.14241203,0.22022069,-0.88207336,1.83055581,-0.02737050,-0.04788641,1,0,1,1,0
1128,234791,0.12373516,0.27566904,-0.90519605,1.77726290,-0.03422417,-0.07848408,1,0,1,1,0
1129,235000,0.12379396,0.33523977,-0.91035144,1.73525950,-0.02946090,-0.05894073,1,0,1,1,0
1130,235208,0.12236045,0.38765757,-0.91653609,1.68476002,0.00120671,-0.06405717,1,0,1,1,0
1131,235416,0.10509925,0.44041211,-0.92229144,1.61627536,-0.00692294,-0.07013247,1,0,1,1,0
1132,235625,0.08504832,0.49890713,-0.92197402,1.58295848,0.00672077,-0.08345089,1,0,1,1,0
1133,235833,0.08158100,0.55288896,-0.91168655,1.50285634,0.00242793,-0.08558900,1,0,1,1,0
1134,236041,0.07209130,0.59883897,-0.90671189,1.43802155,0.01345946,-0.11004205,1,0,1,1,0
1135,236250,0.04623806,0.64518573,-0.88571558,1.34356281,0.01706552,-0.08730864,1,0,1,1,0
1136,236458,0.04090470,0.68784706,-0.88202928,1.25319706,0.01873508,-0.10179321,1,0,1,1,0
1137,236666,0.03616058,0.72003792,-0.85655518,1.15756535,0.04314455,-0.08848541,1,0,1,1,0
1138,236875,0.00925094,0.76627234,-0.83926679,1.07283576,0.04892559,-0.07968943,1,0,1,1,0
1139,237083,0.00261195,0.79358473,-0.80361891,0.95518564,0.04711711,-0.09566385,1,0,1,1,0
1140,237291,-0.00995451,0.81463100,-0.78128103,0.86017970,0.06587574,-0.07058430,1,0,1,1,0
1141,237500,-0.02383867,0.84218100,-0.73944682,0.74615590,0.03680493,-0.06390129,1,0,1,1,0
1142,237708,-0.02771748,0.86886154,-0.69679453,0.62159499,0.05216051,-0.08029123,1,0,1,1,0
1143,237916,-0.04123291,0.89139486,-0.66107851,0.51107862,0.05485568,-0.07542069,1,0,1,1,0
1144,238125,-0.06146944,0.90089599,-0.62200564,0.39699430,0.06926842,-0.09618761,1,0,1,1,0
1145,238333,-0.07746745,0.90826200,-0.56539187,0.27342156,0.05312953,-0.07632306,1,0,1,1,0
1146,238541,-0.07819351,0.92405945,-0.51903390,0.17392786,0.07568949,-0.09002817,1,0,1,1,0
1147,238750,-0.09254536,0.91733848,-0.46994190,0.03511034,0.05756964,-0.09071086,1,0,1,1,0
1148,238958,-0.10798006,0.92304025,-0.42130269,-0.09155595,0.08215351,-0.08331059,1,0,1,1,0
1149,239166,-0.11563987,0.91612322,-0.37001400,-0.21519768,0.08857981,-0.06907087,1,0,1,1,0
1150,239375,-0.12616743,0.89943146,-0.29500501,-0.33492464,0.06773767,-0.06452204,1,0,1,1,0
1151,239583,-0.14367634,0.90122868,-0.25244904,-0.45835147,0.07707283,-0.06115642,1,0,1,1,0
1152,239791,-0.15152395,0.87474253,-0.19707028,-0.57820889,0.09398857,-0.06812056,1,0,1,1,0
1153,240000,-0.15708260,0.84735021,-0.13241395,-0.67925556,0.09699531,-0.05123408,1,0,1,1,0
1154,240208,-0.17460613,0.82864937,-0.08046139,-0.78217121,0.06943443,-0.05483810,1,0,1,1,0
1155,240416,-0.17372898,0.79158755,-0.01390855,-0.91099242,0.08775324,-0.04198097,1,0,1,1,0
1156,240625,-0.18228544,0.77076492,0.04952612,-1.00722394,0.09043977,-0.04082611,1,0,1,1,0
1157,240833,-0.18299674,0.73903708,0.09666800,-1.11886149,0.08336817,-0.05152659,1,0,1,1,0
1158,241041,-0.19422935,0.71119816,0.15945272,-1.20711932,0.09702118,-0.03518386,1,0,1,1,0
1159,241250,-0.19040425,0.65843025,0.22164554,-1.31200671,0.07603683,-0.01771630,1,0,1,1,0
1160,241458,-0.19459033,0.61228793,0.27122619,-1.39265932,0.07585400,-0.00944168,1,0,1,1,0
1161,241666,-0.19855148,0.57173731,0.32957423,-1.47229169,0.07156542,-0.02473994,1,0,1,1,0
1162,241875,-0.19720925,0.53060558,0.38904130,-1.53786121,0.07843218,-0.01460284,1,0,1,1,0
1163,242083,-0.19726495,0.47630766,0.45331339,-1.61453745,0.07078463,-0.00594417,1,0,1,1,0
1164,242291,-0.20123208,0.42621545,0.49123809,-1.68481029,0.07937323,0.01573982,1,0,1,1,0
1165,242500,-0.19881488,0.37213584,0.54393204,-1.72855347,0.06405206,0.01419503,1,0,1,1,0
1166,242708,-0.20046282,0.31540436,0.60521091,-1.76170265,0.06245730,0.00214228,1,0,1,1,0
1167,242916,-0.19772901,0.24890254,0.64167752,-1.80545046,0.06295696,0.02523702,1,0,1,1,0
1168,243125,-0.18272306,0.19044058,0.67136310,-1.83318695,0.04870827,0.03829073,1,0,1,1,0
1169,243333,-0.18714444,0.13068829,0.71788295,-1.84679652,0.06299070,0.03294492,1,0,1,1,0
1170,243541,-0.18088367,0.07279618,0.75812642,-1.87177787,0.05527397,0.02807663,1,0,1,1,0
1171,243750,-0.17511911,0.01318589,0.79537830,-1.87051383,0.05033161,0.04920093,1,0,1,1,0
1172,243958,-0.16603514,-0.03240339,0.82470668,-1.84648579,0.02879560,0.04728705,1,0,1,1,0
1173,244166,-0.16306180,-0.10538802,0.84666069,-1.86180346,0.04949209,0.04746387,1,0,1,1,0
1174,244375,-0.15435878,-0.16110347,0.86995763,-1.84223340,0.01041041,0.06320125,1,0,1,1,0
1175,244583,-0.13858106,-0.22191732,0.87867236,-1.81067847,0.03110101,0.05830823,1,0,1,1,0
1176,244791,-0.14125730,-0.27792001,0.89668639,-1.78919522,0.01976951,0.06298143,1,0,1,1,0
1177,245000,-0.12289042,-0.33556725,0.90475963,-1.74584379,0.01964142,0.07433760,1,0,1,1,0
1178,245208,-0.11742634,-0.39781076,0.92356371,-1.69233819,0.00535709,0.06400544,1,0,1,1,0
1179,245416,-0.11240129,-0.44248125,0.92350531,-1.63365819,0.00286827,0.06043584,1,0,1,1,0
1180,245625,-0.09138223,-0.50088089,0.92140938,-1.58211477,0.00352640,0.07792739,1,0,1,1,0
1181,245833,-0.08500484,-0.55089091,0.92391049,-1.49770477,-0.00895815,0.09259909,1,0,1,1,0
1182,246041,-0.07384403,-0.59630417,0.91028272,-1.41185846,-0.01223002,0.05631172,1,0,1,1,0
1183,246250,-0.04188424,-0.63557742,0.90079527,-1.36438203,-0.01727907,0.08807836,1,0,1,1,0
1184,246458,-0.03963152,-0.68481970,0.88254498,-1.25350254,-0.00310203,0.08243401,1,0,1,1,0
1185,246666,-0.02682977,-0.72038184,0.86287174,-1.16511303,-0.04619561,0.07773512,1,0,1,1,0
1186,246875,-0.01713825,-0.75490353,0.82945122,-1.06896679,-0.02230149,0.07724773,1,0,1,1,0
1187,247083,-0.00998239,-0.78851996,0.81187752,-0.95996496,-0.03563006,0.09301670,1,0,1,1,0
1188,247291,0.00805117,-0.81836996,0.77807495,-0.84254196,-0.04158954,0.09070237,1,0,1,1,0
1189,247500,0.01998491,-0.85254220,0.73884335,-0.74320355,-0.06211734,0.07308966,1,0,1,1,0
1190,247708,0.02497536,-0.86747273,0.70612005,-0.62242940,-0.04218161,0.08570662,1,0,1,1,0
1191,247916,0.05630081,-0.89156579,0.66776761,-0.51595114,-0.06912023,0.09522928,1,0,1,1,0
1192,248125,0.05951003,-0.91084013,0.61656142,-0.39324287,-0.04688666,0.08697712,1,0,1,1,0
1193,248333,0.06821789,-0.91543065,0.56636944,-0.28196536,-0.07061203,0.06147827,1,0,1,1,0
1194,248541,0.08517409,-0.92270128,0.51731778,-0.15459620,-0.05372768,0.08243663,1,0,1,1,0
1195,248750,0.08952683,-0.90812192,0.46253959,-0.03547979,-0.07853380,0.06099634,1,0,1,1,0
1196,248958,0.10320673,-0.91663982,0.41562079,0.09066318,-0.08345268,0.07283113,1,0,1,1,0
1197,249166,0.12659673,-0.91198596,0.36491324,0.19501428,-0.07745539,0.06005055,1,0,1,1,0
1198,249375,0.12680644,-0.90818237,0.31493157,0.32148106,-0.08594005,0.06814008,1,0,1,1,0
1199,249583,0.13921282,-0.89326852,0.24555421,0.46415457,-0.08257037,0.05373112,1,0,1,1,0
1200,249791,0.14907153,-0.86180104,0.19390178,0.58391866,-0.06468650,0.04601923,1,0,1,1,0
1201,250000,0.17648974,-0.87743058,0.11387109,0.58399504,-0.20660688,0.00214455,1,0,1,1,0
1202,250208,0.18348281,-0.84838219,0.05482250,0.70421028,-0.19949902,0.00002321,1,0,1,1,0
1203,250416,0.20708479,-0.81267268,-0.01200790,0.80577946,-0.18522734,0.00692192,1,0,1,1,0
1204,250625,0.20247048,-0.79470196,-0.06884552,0.91291967,-0.19841332,-0.00682995,1,0,1,1,0
1205,250833,0.21309942,-0.75665885,-0.11420873,0.99944857,-0.18893861,-0.01700633,1,0,1,1,0
1206,251041,0.23241036,-0.72105080,-0.17760194,1.08887345,-0.19376416,0.00440326,1,0,1,1,0
1207,251249,0.23690466,-0.68626538,-0.24025881,1.14144748,-0.18817389,0.01141947,1,0,1,1,0
1208,251458,0.26272830,-0.63618018,-0.29779912,1.22179226,-0.19733873,-0.00977691,1,0,1,1,0
1209,251666,0.27171535,-0.60129400,-0.35396652,1.26820323,-0.18896969,-0.00039507,1,0,1,1,0
1210,251875,0.28910229,-0.54499399,-0.41635844,1.30695231,-0.17438877,-0.00997803,1,0,1,1,0
1211,252083,0.30609072,-0.49745968,-0.47116353,1.35083006,-0.19295821,0.01049815,1,0,1,1,0
1212,252291,0.31922632,-0.44354483,-0.52552543,1.36526402,-0.18207578,-0.01639885,1,0,1,1,0
1213,252500,0.34166386,-0.39527577,-0.57297651,1.37737102,-0.18901663,-0.01420997,1,0,1,1,0
1214,252708,0.35600878,-0.33665683,-0.62877710,1.39193719,-0.16713443,-0.03679827,1,0,1,1,0
1215,252916,0.37016984,-0.27601943,-0.67316938,1.36939539,-0.18873572,-0.00380078,1,0,1,1,0
1216,253125,0.37362242,-0.22923026,-0.71157854,1.36864076,-0.16875957,-0.02786156,1,0,1,1,0
1217,253333,0.39145671,-0.16801052,-0.75739184,1.29735280,-0.14873873,-0.01248054,1,0,1,1,0
1218,253541,0.40267329,-0.09785409,-0.80298837,1.28359868,-0.15260671,-0.03504272,1,0,1,1,0
1219,253749,0.41960565,-0.03472004,-0.83166259,1.22788816,-0.16059881,-0.03195252,1,0,1,1,0
1220,253958,0.40884124,0.02423093,-0.85932507,1.17802422,-0.14139709,-0.04182097,1,0,1,1,0
1221,254166,0.41468941,0.09074379,-0.89034607,1.12281081,-0.13098456,-0.04632706,1,0,1,1,0
1222,254375,0.42192396,0.14686930,-0.92467259,1.07523542,-0.09833967,-0.04315101,1,0,1,1,0
1223,254583,0.40684418,0.21723923,-0.93263017,0.99404902,-0.09558732,-0.04524113,1,0,1,1,0
1224,254791,0.39941072,0.27218574,-0.95672423,0.91521787,-0.08342324,-0.05163531,1,0,1,1,0
1225,255000,0.39816137,0.32944906,-0.96751224,0.85917468,-0.09289791,-0.06787302,1,0,1,1,0
1226,255208,0.37448273,0.40012712,-0.97362278,0.76518890,-0.06806703,-0.05499243,1,0,1,1,0
1227,255416,0.35546780,0.45537481,-0.98495983,0.71774820,-0.03928307,-0.08297883,1,0,1,1,0
1228,255625,0.32892709,0.50551508,-0.99519094,0.61278460,-0.03180805,-0.07261549,1,0,1,1,0
1229,255833,0.29566080,0.56014666,-0.97395505,0.54914679,-0.03099539,-0.09090521,1,0,1,1,0
1230,256041,0.26099246,0.61756993,-0.98662436,0.50013974,-0.00255400,-0.07177805,1,0,1,1,0
1231,256249,0.22626018,0.65931648,-0.96585956,0.40981425,-0.00730494,-0.07374297,1,0,1,1,0
1232,256458,0.17490189,0.71293455,-0.94208269,0.35330760,0.01308416,-0.08484450,1,0,1,1,0
1233,256666,0.14136711,0.75455526,-0.93216729,0.28820195,0.01879937,-0.09949158,1,0,1,1,0
1234,256875,0.08010833,0.79740785,-0.90776027,0.23391929,0.05203350,-0.10526513,1,0,1,1,0
1235,257083,0.03480206,0.82385676,-0.87734374,0.17484216,0.07431420,-0.10257891,1,0,1,1,0
1236,257291,-0.02371277,0.86358208,-0.84471884,0.14106016,0.07230680,-0.10178786,1,0,1,1,0
1237,257500,-0.08737419,0.89989187,-0.81164121,0.10759845,0.09409246,-0.09655382,1,0,1,1,0
1238,257708,-0.14267129,0.93056666,-0.77016529,0.03686519,0.09887146,-0.09642098,1,0,1,1,0
1239,257916,-0.20650462,0.94731643,-0.71758653,0.01304006,0.11298574,-0.11861521,1,0,1,1,0
1240,258125,-0.27911559,0.97005554,-0.67817660,-0.01332587,0.11970602,-0.08819935,1,0,1,1,0
1241,258333,-0.33439540,0.97312935,-0.62245736,-0.04295265,0.15376217,-0.08627583,1,0,1,1,0
1242,258541,-0.40378815,0.98785620,-0.57620591,-0.05026909,0.14576462,-0.09199024,1,0,1,1,0
1243,258749,-0.45783290,0.99640817,-0.50896381,-0.08190084,0.16180130,-0.08667484,1,0,1,1,0
1244,258958,-0.52244994,0.99488476,-0.45336161,-0.09097976,0.17097871,-0.06811362,1,0,1,1,0
1245,259166,-0.57656718,0.99446549,-0.39891016,-0.09000550,0.19153438,-0.05772343,1,0,1,1,0
1246,259375,-0.64080049,0.98014624,-0.33421553,-0.13365321,0.22542861,-0.06059232,1,0,1,1,0
1247,259583,-0.69666122,0.96641153,-0.26758454,-0.12156378,0.24020607,-0.03848044,1,0,1,1,0
1248,259791,-0.74434918,0.95273870,-0.21701579,-0.13388238,0.22129887,-0.02631195,1,0,1,1,0
1249,260000,-0.77307715,0.92442076,-0.15334263,-0.14135896,0.23777778,-0.00837950,0,0,0,0,0
1250,260208,-0.80796667,0.89632515,-0.08168910,-0.15625158,0.25212160,-0.00669158,0,0,0,0,0
1251,260416,-0.84927747,0.87335921,-0.02513192,-0.15708300,0.26264851,-0.01431963,0,0,0,0,0
1252,260625,-0.89931569,0.83300339,0.03867673,-0.15849838,0.26258827,0.02029657,0,0,0,0,0
1253,260833,-0.92693827,0.80849097,0.10354338,-0.16449622,0.27190584,0.01308488,0,0,0,0,0
1254,261041,-0.94988845,0.75269822,0.17720564,-0.15905086,0.26804625,0.03421068,0,0,0,0,0
1255,261249,-0.96123629,0.71798042,0.23070273,-0.17951547,0.25918060,0.04246868,0,0,0,0,0
1256,261458,-0.97110162,0.68232181,0.30249265,-0.18437370,0.27653535,0.07468414,0,0,0,0,0
1257,261666,-0.98958213,0.63603580,0.34987892,-0.19170078,0.26553978,0.07300768,0,0,0,0,0
1258,261875,-1.00148186,0.57502607,0.43030336,-0.17102627,0.26469261,0.10809303,0,0,0,0,0
1259,262083,-1.01116339,0.52781536,0.48996113,-0.16542777,0.24360536,0.10053191,0,0,0,0,0
1260,262291,-1.00779055,0.47063422,0.54363061,-0.18521229,0.24393484,0.10540429,0,0,0,0,0
1261,262500,-1.00139683,0.40661403,0.60551087,-0.18667354,0.24099402,0.13455393,0,0,0,0,0
1262,262708,-0.98853353,0.35180792,0.65589430,-0.15589995,0.24218244,0.13602247,0,0,0,0,0
1263,262916,-0.98218732,0.28392004,0.69745850,-0.16291507,0.24595932,0.17232791,0,0,0,0,0
1264,263125,-0.96011966,0.21782177,0.74351704,-0.16331780,0.22611372,0.16077263,0,0,0,0,0
1265,263333,-0.93896328,0.16450952,0.79562615,-0.17399331,0.20627893,0.18615935,0,0,0,0,0
1266,263541,-0.91395710,0.10042006,0.83458766,-0.17084926,0.18770107,0.17747940,0,0,0,0,0
1267,263750,-0.88661962,0.02685559,0.86627091,-0.18046259,0.19943696,0.18921853,0,0,0,0,0
1268,263958,-0.85046128,-0.03289595,0.89161615,-0.19047695,0.17958312,0.18505074,0,0,0,0,0
1269,264166,-0.81439829,-0.10293820,0.93405697,-0.18731582,0.13394786,0.21873667,0,0,0,0,0
1270,264375,-0.77730443,-0.16372361,0.95480286,-0.16942352,0.16604061,0.18833278,0,0,0,0,0
1271,264583,-0.72527007,-0.22732044,0.97517587,-0.15455222,0.14903010,0.17458845,0,0,0,0,0
1272,264791,-0.67513777,-0.28419388,0.97810067,-0.15837465,0.11332604,0.21350460,0,0,0,0,0
1273,265000,-0.63270506,-0.35192214,1.00754683,-0.14224641,0.13024047,0.20688540,0,0,0,0,0
1274,265208,-0.58176967,-0.41573871,1.01286760,-0.13987912,0.11356998,0.22567103,0,0,0,0,0
1275,265416,-0.52339510,-0.45906441,1.01444061,-0.12589808,0.08766859,0.22942599,0,0,0,0,0
1276,265625,-0.46981605,-0.52131257,1.01260406,-0.11079687,0.10870475,0.23100798,0,0,0,0,0
1277,265833,-0.40675054,-0.57311902,1.01267826,-0.09458957,0.07966834,0.23780120,0,0,0,0,0
1278,266041,-0.35204716,-0.62579411,1.00551954,-0.09439231,0.05707648,0.25064827,0,0,0,0,0
1279,266250,-0.28845463,-0.67256956,0.98807483,-0.06716262,0.04068549,0.24653717,0,0,0,0,0
1280,266458,-0.22046270,-0.72054209,0.97537217,-0.07805503,0.03348937,0.25099017,0,0,0,0,0
1281,266666,-0.15972055,-0.76269133,0.94522606,-0.05131610,0.02131804,0.24861481,0,0,0,0,0
1282,266875,-0.10318581,-0.80336706,0.92200504,-0.04697333,0.01705250,0.26964609,0,0,0,0,0
1283,267083,-0.03296252,-0.84174614,0.89890618,-0.05851990,-0.00166212,0.26494069,0,0,0,0,0
1284,267291,0.02050119,-0.86709481,0.85967735,-0.01246566,-0.01285773,0.23434571,0,0,0,0,0
1285,267500,0.08903350,-0.90112681,0.83264970,-0.02103492,-0.01557816,0.24508760,0,0,0,0,0
1286,267708,0.15819958,-0.92364868,0.78412632,0.00154048,-0.02915787,0.23168678,0,0,0,0,0
1287,267916,0.22526196,-0.94283034,0.73210426,0.02965235,-0.03307208,0.22092797,0,0,0,0,0
1288,268125,0.27679184,-0.95870973,0.68209196,0.03114729,-0.02504072,0.19372284,0,0,0,0,0
1289,268333,0.34243698,-0.97806868,0.64294363,0.05602542,-0.05078422,0.21357126,0,0,0,0,0
1290,268541,0.40340074,-0.97959154,0.58249010,0.08157573,-0.05518965,0.20429839,0,0,0,0,0
1291,268750,0.46219148,-0.98879425,0.53437112,0.08482583,-0.06960503,0.20923025,0,0,0,0,0
1292,268958,0.51393947,-0.98133418,0.46943495,0.10820054,-0.05954081,0.19408878,0,0,0,0,0
1293,269166,0.57763242,-0.97231621,0.41409057,0.12375436,-0.09659328,0.17569570,0,0,0,0,0
1294,269375,0.62124931,-0.95672090,0.35061749,0.15270315,-0.09738178,0.16471605,0,0,0,0,0
1295,269583,0.68288277,-0.94797614,0.29189133,0.17346564,-0.09130668,0.15197669,0,0,0,0,0
1296,269791,0.73029725,-0.92749773,0.23168456,0.16040370,-0.10898584,0.13415022,0,0,0,0,0
1297,270000,0.76327011,-0.91421990,0.16483262,0.18470545,-0.10704623,0.12870050,0,0,0,0,0
1298,270208,0.79941860,-0.87928257,0.10417181,0.19013380,-0.12527902,0.08750409,0,0,0,0,0
1299,270416,0.84117030,-0.85718813,0.02808971,0.20608065,-0.13641261,0.08038134,0,0,0,0,0
1300,270625,0.87048561,-0.81188189,-0.02586611,0.23280503,-0.13599039,0.06362830,0,0,0,0,0
1301,270833,0.89992728,-0.78632863,-0.09240099,0.22729793,-0.15142186,0.04854245,0,0,0,0,0
1302,271041,0.92542443,-0.74595207,-0.15821035,0.22525596,-0.14914593,0.03606901,0,0,0,0,0
1303,271250,0.94037148,-0.69444624,-0.23278218,0.22366645,-0.13280893,0.03678666,0,0,0,0,0
1304,271458,0.96939497,-0.64416111,-0.29234034,0.25296204,-0.14426381,0.01168799,0,0,0,0,0
1305,271666,0.96993366,-0.59889474,-0.34495415,0.24328362,-0.14045078,-0.00320814,0,0,0,0,0
1306,271875,0.98574903,-0.55496913,-0.40501175,0.24446052,-0.13613787,-0.03458554,0,0,0,0,0
1307,272083,0.98037149,-0.50468253,-0.46369273,0.25922579,-0.14910166,-0.05326605,0,0,0,0,0
1308,272291,0.98462145,-0.44609565,-0.52270232,0.26573907,-0.14388383,-0.06396872,0,0,0,0,0
1309,272500,0.98175006,-0.38543285,-0.58327295,0.25996942,-0.11828135,-0.08228190,0,0,0,0,0
1310,272708,0.97102356,-0.32667515,-0.63447240,0.25792468,-0.11903987,-0.09797303,0,0,0,0,0
1311,272916,0.95559500,-0.27004998,-0.68914859,0.28481641,-0.10917607,-0.09343403,0,0,0,0,0
1312,273125,0.93664185,-0.19577498,-0.72427506,0.28162408,-0.09226431,-0.12368190,0,0,0,0,0
1313,273333,0.91512917,-0.13195374,-0.75851453,0.28802718,-0.09884055,-0.14901685,0,0,0,0,0
1314,273541,0.88778533,-0.06465099,-0.80833406,0.27738008,-0.08610472,-0.15869478,0,0,0,0,0
1315,273750,0.86292260,-0.01755797,-0.84803869,0.27455767,-0.07497641,-0.15296986,0,0,0,0,0
1316,273958,0.83678511,0.05163047,-0.87685257,0.27822563,-0.05931462,-0.16307164,0,0,0,0,0
1317,274166,0.79226053,0.12168245,-0.90663621,0.26754573,-0.05779071,-0.17018828,0,0,0,0,0
1318,274375,0.75293669,0.18475649,-0.93971294,0.27702407,-0.05230583,-0.18427306,0,0,0,0,0
1319,274583,0.71171846,0.24606603,-0.95080697,0.26950764,-0.02098704,-0.20982044,0,0,0,0,0
1320,274791,0.65745699,0.30661943,-0.96953605,0.26975418,-0.02947127,-0.19448429,0,0,0,0,0
1321,275000,0.60135570,0.36722812,-0.98255087,0.26385676,-0.01508787,-0.20727835,0,0,0,0,0
1322,275208,0.55853097,0.44211518,-0.98019924,0.25594270,-0.03114083,-0.23565791,0,0,0,0,0
1323,275416,0.50862885,0.48278959,-0.99480214,0.23998962,-0.01687781,-0.23920000,0,0,0,0,0
1324,275625,0.45818099,0.53797555,-0.98504790,0.22419552,0.01139516,-0.25172612,0,0,0,0,0
1325,275833,0.38519298,0.59329694,-0.99388660,0.21154331,0.01305917,-0.26736209,0,0,0,0,0
1326,276041,0.33600687,0.65106641,-0.98864240,0.21758419,0.02173739,-0.28436846,0,0,0,0,0
1327,276250,0.27093879,0.69678094,-0.97226409,0.20643564,0.02615232,-0.27501535,0,0,0,0,0
1328,276458,0.20578484,0.74523540,-0.94528728,0.18029370,0.05505598,-0.30237572,0,0,0,0,0
1329,276666,0.13980934,0.78146796,-0.93373796,0.19709725,0.06079465,-0.29874474,0,0,0,0,0
1330,276875,0.07887398,0.82394197,-0.91176440,0.17903996,0.06155135,-0.27962801,0,0,0,0,0
1331,277083,0.02106885,0.85895825,-0.87357986,0.14733435,0.07146269,-0.29517137,0,0,0,0,0
1332,277291,-0.03942379,0.89784499,-0.84389149,0.14586142,0.07156341,-0.29674897,0,0,0,0,0
1333,277500,-0.12285914,0.92657496,-0.80196376,0.12618821,0.07228475,-0.30344725,0,0,0,0,0
1334,277708,-0.17014418,0.94076695,-0.76739321,0.11324157,0.07756240,-0.31471808,0,0,0,0,0
1335,277916,-0.23860438,0.96562385,-0.72440400,0.09419876,0.09344018,-0.29223994,0,0,0,0,0
1336,278125,-0.30049699,0.97782374,-0.66405823,0.08012521,0.08465578,-0.28734274,0,0,0,0,0
1337,278333,-0.35743699,0.99221912,-0.62620256,0.06849741,0.09206887,-0.27902026,0,0,0,0,0
1338,278541,-0.41010136,0.99720808,-0.57334403,0.03671255,0.09044233,-0.28424109,0,0,0,0,0
1339,278750,-0.48191581,1.00135405,-0.51176553,0.01913374,0.10788603,-0.27656018,0,0,0,0,0
1340,278958,-0.53550389,0.99975563,-0.47102336,0.00891784,0.09628194,-0.25788184,0,0,0,0,0
1341,279166,-0.59732229,0.99086237,-0.39485864,-0.03001021,0.12279857,-0.26632009,0,0,0,0,0
1342,279375,-0.63904236,0.97817307,-0.32970162,-0.05205292,0.10678595,-0.23505231,0,0,0,0,0
1343,279583,-0.69352438,0.96707678,-0.27336286,-0.05317746,0.11176106,-0.23365184,0,0,0,0,0
1344,279791,-0.72780437,0.94135719,-0.22106149,-0.08833951,0.14213902,-0.21753580,0,0,0,0,0
1345,280000,-0.77603719,0.91531530,-0.15693084,-0.09943426,0.11541023,-0.18542523,0,0,0,0,0
1346,280208,-0.81778133,0.88280695,-0.08989664,-0.09060571,0.12875490,-0.19887772,0,0,0,0,0
1347,280416,-0.85252502,0.86152118,-0.02489648,-0.13620281,0.14117648,-0.18197962,0,0,0,0,0
1348,280625,-0.88027264,0.82830918,0.04507414,-0.12845346,0.11630291,-0.16973730,0,0,0,0,0
1349,280833,-0.90571871,0.77849319,0.10860883,-0.15746911,0.13368004,-0.17581718,0,0,0,0,0
1350,281041,-0.93818675,0.74326754,0.16324992,-0.14963909,0.11374103,-0.13513328,0,0,0,0,0
1351,281250,-0.95231036,0.70639418,0.22476577,-0.14529546,0.12622713,-0.14903298,0,0,0,0,0
1352,281458,-0.96681870,0.65540567,0.28584630,-0.18287827,0.14168498,-0.10172322,0,0,0,0,0
1353,281666,-0.97694157,0.60716612,0.35422573,-0.20228889,0.09205622,-0.09924655,0,0,0,0,0
1354,281875,-0.97855311,0.55960834,0.41624143,-0.18572035,0.10786934,-0.08238819,0,0,0,0,0
1355,282083,-0.99510489,0.50018059,0.46928985,-0.20329296,0.09598964,-0.05803943,0,0,0,0,0
1356,282291,-0.98183514,0.44600368,0.52501289,-0.20646036,0.08128766,-0.05390583,0,0,0,0,0
1357,282500,-0.97911915,0.37992498,0.58934082,-0.20858485,0.06587514,-0.02546278,0,0,0,0,0
1358,282708,-0.97341956,0.32645966,0.63337012,-0.21430057,0.08109263,-0.01999454,0,0,0,0,0
1359,282916,-0.95256233,0.25577540,0.66812024,-0.22197332,0.06028881,-0.00781039,0,0,0,0,0
1360,283125,-0.93989809,0.19244206,0.72365505,-0.23570714,0.02742169,0.01577528,0,0,0,0,0
1361,283333,-0.92425099,0.13185935,0.76712877,-0.23855812,0.02402026,0.04192001,0,0,0,0,0
1362,283541,-0.90551187,0.07187443,0.80376117,-0.25174410,0.01533484,0.04770189,0,0,0,0,0
1363,283750,-0.86368311,0.00375339,0.84694168,-0.25924316,-0.00733053,0.04522291,0,0,0,0,0
1364,283958,-0.82586288,-0.06619300,0.87089625,-0.26102393,-0.00285802,0.05895550,0,0,0,0,0
1365,284166,-0.78429706,-0.12341046,0.89577680,-0.25854449,-0.01290486,0.06520086,0,0,0,0,0
1366,284375,-0.74085109,-0.19129184,0.92141064,-0.27261297,-0.02438703,0.06912597,0,0,0,0,0
1367,284583,-0.70067681,-0.25201134,0.94857923,-0.26413026,-0.01764469,0.08162237,0,0,0,0,0
1368,284791,-0.65905388,-0.32503118,0.95455864,-0.26938163,-0.05819041,0.10641640,0,0,0,0,0
1369,285000,-0.60379654,-0.37546038,0.97079781,-0.26922197,-0.06449846,0.10871874,0,0,0,0,0
1370,285208,-0.55036410,-0.43521052,0.98518036,-0.24723967,-0.07624710,0.12805616,0,0,0,0,0
1371,285416,-0.48567835,-0.49720435,0.97755235,-0.24905263,-0.07396705,0.13121247,0,0,0,0,0
1372,285625,-0.43462969,-0.55584461,0.97830416,-0.24337181,-0.08694457,0.16189359,0,0,0,0,0
1373,285833,-0.38695089,-0.60993914,0.96989415,-0.25066081,-0.11784143,0.17240672,0,0,0,0,0
1374,286041,-0.31996651,-0.66227678,0.96454054,-0.23744520,-0.10427945,0.19282879,0,0,0,0,0
1375,286250,-0.25336326,-0.71945581,0.95285648,-0.22248602,-0.13978606,0.20111155,0,0,0,0,0
1376,286458,-0.19418529,-0.76120059,0.93656929,-0.21791668,-0.13359447,0.18735420,0,0,0,0,0
1377,286666,-0.13909044,-0.80113388,0.91133299,-0.18856832,-0.14475573,0.19581155,0,0,0,0,0
1378,286875,-0.06302712,-0.84481356,0.88808652,-0.20377140,-0.15813310,0.21450709,0,0,0,0,0
1379,287083,-0.00112752,-0.86804251,0.86495848,-0.20330625,-0.17352302,0.20746315,0,0,0,0,0
1380,287291,0.06056942,-0.90464799,0.82786193,-0.19042268,-0.18010741,0.22278188,0,0,0,0,0
1381,287500,0.12155718,-0.92641633,0.79919058,-0.18266618,-0.17769978,0.21985424,0,0,0,0,0
1382,287708,0.19463291,-0.95566126,0.74384237,-0.16721061,-0.18172309,0.23415422,0,0,0,0,0
1383,287916,0.24400876,-0.98683721,0.70022976,-0.14513214,-0.18362604,0.23488626,0,0,0,0,0
1384,288125,0.30812212,-0.98936719,0.65535727,-0.13511350,-0.18695928,0.22157959,0,0,0,0,0
1385,288333,0.37407069,-1.00986547,0.60126865,-0.10073155,-0.19390031,0.20432838,0,0,0,0,0
1386,288541,0.43984308,-1.00803524,0.55043400,-0.08851507,-0.18664866,0.22951157,0,0,0,0,0
1387,288750,0.49050226,-1.01000551,0.48551293,-0.07187932,-0.21059255,0.20896501,0,0,0,0,0
1388,288958,0.55164028,-1.00887052,0.43592049,-0.06650511,-0.20835915,0.20951220,0,0,0,0,0
1389,289166,0.60738867,-1.00374787,0.38328063,-0.03883319,-0.21885268,0.20220689,0,0,0,0,0
1390,289375,0.66288383,-0.99590347,0.32824740,-0.02241762,-0.19341351,0.20056564,0,0,0,0,0
1391,289583,0.70887566,-0.98267033,0.26476401,-0.00216165,-0.21460204,0.18313092,0,0,0,0,0
1392,289791,0.75472632,-0.95350457,0.19609284,-0.00983849,-0.21601114,0.17039848,0,0,0,0,0
1393,290000,0.79490763,-0.93784579,0.13513496,0.00854479,-0.22477907,0.17499360,0,0,0,0,0
1394,290208,0.84256803,-0.91359711,0.07112373,0.01295786,-0.23183755,0.17329393,0,0,0,0,0
1395,290416,0.87532878,-0.87832726,0.00307306,0.05810220,-0.20532652,0.15493729,0,0,0,0,0
1396,290625,0.90619908,-0.84026359,-0.06277713,0.04016081,-0.21924122,0.14552291,0,0,0,0,0
1397,290833,0.92633398,-0.80269929,-0.12056797,0.06465450,-0.23250584,0.12488374,0,0,0,0,0
1398,291041,0.95086418,-0.77286877,-0.18595841,0.06245358,-0.22845318,0.13109450,0,0,0,0,0
1399,291250,0.97503737,-0.71826354,-0.24431278,0.07799495,-0.21850670,0.12021773,0,0,0,0,0
1400,291458,0.98492800,-0.67359643,-0.32271825,0.07677091,-0.21972984,0.10092012,0,0,0,0,0
1401,291666,0.99436858,-0.62939871,-0.37287495,0.09338313,-0.21003855,0.07927303,0,0,0,0,0
1402,291875,1.00743692,-0.57978078,-0.42571165,0.09382505,-0.21268814,0.07649171,0,0,0,0,0
1403,292083,1.00222823,-0.51398613,-0.48686353,0.11487382,-0.21110564,0.06394719,0,0,0,0,0
1404,292291,1.00620683,-0.45662548,-0.55058175,0.10766656,-0.15583291,0.04881538,0,0,0,0,0
1405,292500,1.00586023,-0.39741100,-0.60578884,0.10432391,-0.16799100,0.02600546,0,0,0,0,0
1406,292708,0.99190345,-0.35088580,-0.65045964,0.12391080,-0.15229523,0.02795026,0,0,0,0,0
1407,292916,0.97136402,-0.28284757,-0.69447872,0.12622851,-0.13406545,0.01676657,0,0,0,0,0
1408,293125,0.96008179,-0.21762872,-0.74099695,0.12378871,-0.11268355,0.01025152,0,0,0,0,0
1409,293333,0.93162208,-0.14548233,-0.78499962,0.14486863,-0.09639926,-0.00327301,0,0,0,0,0
1410,293541,0.91168259,-0.08331447,-0.82102909,0.14194718,-0.07825063,0.00382651,0,0,0,0,0
1411,293750,0.87890462,-0.02241027,-0.85812455,0.15208712,-0.06725896,-0.01557372,0,0,0,0,0
1412,293958,0.83978353,0.04570388,-0.88794840,0.16015351,-0.06039262,-0.00796667,0,0,0,0,0
1413,294166,0.79937649,0.11448598,-0.91400787,0.14346379,-0.03008889,-0.02622688,0,0,0,0,0
1414,294375,0.75712915,0.18023881,-0.94474984,0.16193518,-0.02984939,-0.04705232,0,0,0,0,0
1415,294583,0.72941558,0.24977265,-0.96674404,0.17645367,-0.00329076,-0.03479363,0,0,0,0,0
1416,294791,0.65714579,0.31253435,-0.97431692,0.16478078,-0.01461129,-0.05521036,0,0,0,0,0
1417,295000,0.60918716,0.37410351,-0.99194146,0.14587364,0.02830928,-0.06509260,0,0,0,0,0
1418,295208,0.57035248,0.42511799,-1.00627573,0.16122244,0.02116284,-0.05983623,0,0,0,0,0
1419,295416,0.51381757,0.48466899,-0.99226875,0.16327263,0.03073723,-0.09249079,0,0,0,0,0
1420,295625,0.45366414,0.54037170,-0.99670338,0.15140452,0.04779384,-0.10719632,0,0,0,0,0
1421,295833,0.38256778,0.60221674,-0.99121714,0.14742018,0.07865167,-0.10114145,0,0,0,0,0
1422,296041,0.33433553,0.64991665,-0.98322991,0.14117312,0.11541018,-0.10452217,0,0,0,0,0
1423,296250,0.26457075,0.70457315,-0.96394421,0.14727162,0.10632098,-0.10654813,0,0,0,0,0
1424,296458,0.20577567,0.75159711,-0.95619042,0.12802760,0.12236129,-0.12042093,0,0,0,0,0
1425,296666,0.14432548,0.79223391,-0.92725871,0.13644311,0.14551554,-0.14990695,0,0,0,0,0
1426,296875,0.08029668,0.83529569,-0.89927197,0.12232917,0.14529174,-0.14150552,0,0,0,0,0
1427,297083,0.00964701,0.86395927,-0.86730280,0.13060949,0.16146884,-0.14766397,0,0,0,0,0
1428,297291,-0.04567608,0.89246245,-0.84403144,0.10513076,0.17004434,-0.15608899,0,0,0,0,0
1429,297500,-0.11298463,0.92524339,-0.79413280,0.08950106,0.20250371,-0.14002282,0,0,0,0,0
1430,297708,-0.18655177,0.95799579,-0.75716035,0.09613693,0.19183365,-0.13321360,0,0,0,0,0
1431,297916,-0.24839665,0.98400794,-0.71285938,0.08304763,0.20605119,-0.12752102,0,0,0,0,0
1432,298125,-0.31334880,0.99901796,-0.66877765,0.06946483,0.19850641,-0.13008004,0,0,0,0,0
1433,298333,-0.37247031,1.00310657,-0.59831179,0.06039270,0.20120062,-0.13734345,0,0,0,0,0
1434,298541,-0.43035503,1.01692945,-0.55608511,0.02818889,0.22634599,-0.11660263,0,0,0,0,0
1435,298750,-0.50250710,1.00865637,-0.49798891,0.01664108,0.22966138,-0.12421718,0,0,0,0,0
1436,298958,-0.56098160,1.02219669,-0.44638333,0.02438233,0.24519806,-0.11534036,0,0,0,0,0
1437,299166,-0.61072146,1.01135128,-0.38912056,0.00278638,0.23403499,-0.11569742,0,0,0,0,0
1438,299375,-0.65264069,1.00241296,-0.31646707,-0.01812572,0.25001950,-0.10412101,0,0,0,0,0
1439,299583,-0.70807933,0.97422214,-0.26531000,-0.04235576,0.24585619,-0.09810124,0,0,0,0,0
1440,299791,-0.74798386,0.96718296,-0.18921492,-0.04742595,0.26102789,-0.09966629,0,0,0,0,0
1441,300000,-0.79976249,0.95113895,-0.12322671,-0.05393888,0.25787821,-0.07124824,0,0,0,0,0
1442,300208,-0.84264630,0.91662252,-0.07208253,-0.05849890,0.27470443,-0.06750966,0,0,0,0,0
1443,300416,-0.88248766,0.88431041,-0.00612222,-0.05752460,0.29449285,-0.05253694,0,0,0,0,0
1444,300625,-0.91005856,0.84970592,0.04805142,-0.08112802,0.27521566,-0.05844198,0,0,0,0,0
1445,300833,-0.93690855,0.81036793,0.11663150,-0.07886080,0.27592379,-0.03475162,0,0,0,0,0
1446,301041,-0.96988056,0.77432482,0.19284865,-0.09158564,0.28223477,-0.04727871,0,0,0,0,0
1447,301250,-0.98192351,0.72473381,0.25979908,-0.08784148,0.27979919,-0.01529428,0,0,0,0,0
1448,301458,-0.99790358,0.68714785,0.31265035,-0.06385225,0.28557738,-0.00244290,0,0,0,0,0
1449,301666,-1.00539669,0.64176221,0.37531479,-0.07939543,0.25966475,-0.00759777,0,0,0,0,0
1450,301875,-1.01341243,0.58272474,0.43101651,-0.08881935,0.24097559,0.02617740,0,0,0,0,0
1451,302083,-1.01506734,0.53292747,0.49195146,-0.10290237,0.25862893,0.04272905,0,0,0,0,0
1452,302291,-1.02394524,0.47446473,0.56084562,-0.11161008,0.26555678,0.03308031,0,0,0,0,0
1453,302500,-1.01631531,0.41837373,0.60999397,-0.10504906,0.23612651,0.06420694,0,0,0,0,0
1454,302708,-0.99643685,0.36064419,0.65110243,-0.12331985,0.23032260,0.04249213,0,0,0,0,0
1455,302916,-0.98841617,0.29620728,0.71171903,-0.10516157,0.21291639,0.06667353,0,0,0,0,0
1456,303125,-0.96461973,0.23511896,0.76653185,-0.11762965,0.20777949,0.04910740,0,0,0,0,0
1457,303333,-0.94706537,0.16905578,0.79530190,-0.11987020,0.18349369,0.09054211,0,0,0,0,0
1458,303541,-0.91882830,0.10564846,0.83318137,-0.13984627,0.17155489,0.07095344,0,0,0,0,0
1459,303750,-0.88658299,0.03735829,0.87515259,-0.12565589,0.17448038,0.07109627,0,0,0,0,0
1460,303958,-0.85770642,-0.02826805,0.90934848,-0.13051697,0.15545451,0.09729639,0,0,0,0,0
1461,304166,-0.82038233,-0.09202866,0.93669141,-0.13842140,0.12319586,0.10917793,0,0,0,0,0
1462,304375,-0.77919030,-0.16099567,0.95532383,-0.12591936,0.10972968,0.09929178,0,0,0,0,0
1463,304583,-0.73174327,-0.22284144,0.97506901,-0.12998211,0.09677847,0.10979881,0,0,0,0,0
1464,304791,-0.68106604,-0.29304179,0.98464620,-0.11947697,0.07778063,0.13180073,0,0,0,0,0
1465,305000,-0.63578021,-0.35990217,0.99897065,-0.11144437,0.06952617,0.11100447,0,0,0,0,0
1466,305208,-0.57522301,-0.41111364,1.01448021,-0.12272065,0.05945437,0.11743047,0,0,0,0,0
1467,305416,-0.51716943,-0.47450430,1.01324229,-0.10438811,0.03804260,0.14497440,0,0,0,0,0
1468,305625,-0.47313731,-0.51771805,1.01606599,-0.09778767,0.03547498,0.14306759,0,0,0,0,0
1469,305833,-0.40379103,-0.58589593,1.00825642,-0.07928856,-0.00221851,0.16130418,0,0,0,0,0
1470,306041,-0.34923379,-0.63001143,1.00009822,-0.07633668,-0.01334968,0.13958442,0,0,0,0,0
1471,306250,-0.28533854,-0.68652063,0.98598311,-0.08121913,-0.01096454,0.13918437,0,0,0,0,0
1472,306458,-0.22495598,-0.72921817,0.97150579,-0.07483873,-0.01415704,0.14617191,0,0,0,0,0
1473,306666,-0.15442807,-0.77764568,0.94973851,-0.06158609,-0.04552470,0.16985960,0,0,0,0,0
1474,306875,-0.09444784,-0.81775125,0.91900621,-0.06622461,-0.07028527,0.17590176,0,0,0,0,0
1475,307083,-0.03322058,-0.84646276,0.88760749,-0.05578376,-0.08579051,0.17454756,0,0,0,0,0
1476,307291,0.03129943,-0.88248150,0.85401492,-0.04073597,-0.08990537,0.16820713,0,0,0,0,0
1477,307500,0.09222384,-0.90567090,0.81199371,-0.04871862,-0.08384339,0.17288286,0,0,0,0,0
1478,307708,0.15999760,-0.92817327,0.77938828,-0.02247803,-0.10079230,0.15087949,0,0,0,0,0
1479,307916,0.23315579,-0.96340533,0.72573123,-0.00253558,-0.12709312,0.13258779,0,0,0,0,0
1480,308125,0.29600677,-0.96705017,0.67913244,0.04253809,-0.11958343,0.13066082,0,0,0,0,0
1481,308333,0.35000114,-0.98987656,0.62931117,0.02324781,-0.11735871,0.12558366,0,0,0,0,0
1482,308541,0.40909137,-0.99485822,0.57591550,0.05117904,-0.12866595,0.11299613,0,0,0,0,0
1483,308750,0.47915707,-1.00379733,0.51942042,0.05731822,-0.13635748,0.11000294,0,0,0,0,0
1484,308958,0.53444286,-1.00266638,0.45920939,0.07794990,-0.15129563,0.10476893,0,0,0,0,0
1485,309166,0.57803674,-0.99998060,0.40834852,0.07626215,-0.18210221,0.10982080,0,0,0,0,0
1486,309375,0.65530541,-0.98222038,0.33942235,0.08428453,-0.18747301,0.09591189,0,0,0,0,0
1487,309583,0.69100175,-0.96545184,0.27563740,0.12518773,-0.17197563,0.09691800,0,0,0,0,0
1488,309791,0.74625485,-0.94896078,0.22285548,0.10876979,-0.20227624,0.05807471,0,0,0,0,0
1489,310000,0.78195831,-0.93338903,0.14625045,0.14654956,-0.22656242,0.06268052,0,0,0,0,0
1490,310208,0.81558871,-0.90775759,0.09483814,0.13665690,-0.20919904,0.06042867,0,0,0,0,0
1491,310416,0.85771019,-0.86787980,0.01122115,0.13979042,-0.21104113,0.03025389,0,0,0,0,0
1492,310625,0.88151262,-0.83056345,-0.04569545,0.14965876,-0.22746050,0.01867169,0,0,0,0,0
1493,310833,0.91644347,-0.79664271,-0.11694101,0.17669986,-0.22467963,0.02424349,0,0,0,0,0
1494,311041,0.93593141,-0.74885496,-0.18009577,0.15867568,-0.24049012,-0.00639187,0,0,0,0,0
1495,311250,0.96068801,-0.71575654,-0.23523173,0.16600385,-0.23741105,-0.00236437,0,0,0,0,0
1496,311458,0.97928403,-0.66852052,-0.29949743,0.18300956,-0.24997939,-0.04593416,0,0,0,0,0
1497,311666,0.99179258,-0.62199196,-0.36629310,0.18082063,-0.24034764,-0.02976013,0,0,0,0,0
1498,311875,0.99115341,-0.57494830,-0.41597809,0.19923867,-0.21160014,-0.04836988,0,0,0,0,0
1499,312083,0.99915617,-0.51851016,-0.47761543,0.19223482,-0.25413990,-0.08533359,0,0,0,0,0
1500,312291,0.99215014,-0.45780192,-0.54062582,0.17565366,-0.21860999,-0.09314563,0,0,0,0,0
1501,312500,1.00044030,-0.39976953,-0.60415212,0.19774012,-0.21261621,-0.11588195,0,0,0,0,0
1502,312708,0.98929590,-0.34262719,-0.64246758,0.16773722,-0.19279224,-0.12063777,0,0,0,0,0
1503,312916,0.96899893,-0.27512512,-0.69901980,0.19704863,-0.21060987,-0.14220955,0,0,0,0,0
1504,313125,0.96419020,-0.21802634,-0.74148745,0.18522400,-0.18673782,-0.15383155,0,0,0,0,0
1505,313333,0.93756820,-0.15491791,-0.78212484,0.19998701,-0.17433515,-0.15671455,0,0,0,0,0
1506,313541,0.90869880,-0.08454679,-0.82794448,0.21548418,-0.15350132,-0.14086540,0,0,0,0,0
1507,313750,0.87691953,-0.03071006,-0.85587378,0.18020228,-0.14671596,-0.17612963,0,0,0,0,0
1508,313958,0.84240793,0.04506338,-0.89684818,0.20611768,-0.15235819,-0.14970187,0,0,0,0,0
1509,314166,0.80439651,0.09796300,-0.92114716,0.20393341,-0.12854872,-0.16015398,0,0,0,0,0
1510,314375,0.77359163,0.16598729,-0.94502609,0.19926775,-0.12246684,-0.16226380,0,0,0,0,0
1511,314583,0.72530306,0.22192274,-0.96514778,0.17843302,-0.09965948,-0.17859378,0,0,0,0,0
1512,314791,0.67192456,0.29517847,-0.97773883,0.18141935,-0.09627105,-0.17268481,0,0,0,0,0
1513,315000,0.63412728,0.36212207,-1.00308562,0.16546009,-0.06556974,-0.21112174,0,0,0,0,0
1514,315208,0.57511307,0.41085220,-1.01286635,0.17113186,-0.07850666,-0.19098407,0,0,0,0,0
1515,315416,0.51656624,0.47237046,-1.01272426,0.14479885,-0.06581695,-0.18216253,0,0,0,0,0
1516,315625,0.47454832,0.52884115,-0.99549995,0.14403631,-0.05317308,-0.22283412,0,0,0,0,0
1517,315833,0.40087098,0.58269762,-0.99926721,0.14505831,-0.03703189,-0.22777886,0,0,0,0,0
1518,316041,0.34232073,0.62977215,-0.99980009,0.12168375,-0.01366706,-0.24259853,0,0,0,0,0
1519,316250,0.28523801,0.68363198,-0.98557680,0.11521493,-0.01350622,-0.23780262,0,0,0,0,0
1520,316458,0.22458541,0.73672869,-0.96649607,0.10008433,-0.00038211,-0.24047274,0,0,0,0,0
1521,316666,0.15614065,0.76864142,-0.94346865,0.10129723,0.01913102,-0.26854877,0,0,0,0,0
1522,316875,0.08520432,0.81124976,-0.91591731,0.08629720,0.01714686,-0.24008430,0,0,0,0,0
1523,317083,0.03240885,0.84671379,-0.88593620,0.06840678,0.04285666,-0.23511262,0,0,0,0,0
1524,317291,-0.03716427,0.87555033,-0.84962050,0.05640323,0.04155341,-0.25376985,0,0,0,0,0
1525,317500,-0.09788977,0.90713503,-0.80799304,0.05007526,0.04402124,-0.24671925,0,0,0,0,0
1526,317708,-0.16409230,0.92820396,-0.77739728,0.02250691,0.04151778,-0.23028606,0,0,0,0,0
1527,317916,-0.22898490,0.95256206,-0.73305596,0.01617436,0.05518902,-0.24312700,0,0,0,0,0
1528,318125,-0.28777080,0.96633706,-0.68586516,-0.00035978,0.07022115,-0.22024083,0,0,0,0,0
1529,318333,-0.35155075,0.97158103,-0.63458490,-0.01696865,0.07754037,-0.21743617,0,0,0,0,0
1530,318541,-0.41332119,0.97711281,-0.57794103,-0.04185268,0.08215611,-0.18840037,0,0,0,0,0
1531,318750,-0.46347019,0.97840084,-0.52095824,-0.04835375,0.07724417,-0.20339777,0,0,0,0,0
1532,318958,-0.53054317,0.98545874,-0.45795147,-0.06216795,0.09750932,-0.19686246,0,0,0,0,0
1533,319166,-0.58183372,0.98552545,-0.41097682,-0.08196691,0.09212427,-0.17766409,0,0,0,0,0
1534,319375,-0.63314381,0.96709406,-0.34516571,-0.10210101,0.10321894,-0.16696727,0,0,0,0,0
1535,319583,-0.69085488,0.95451435,-0.28960202,-0.13322431,0.13498602,-0.13933453,0,0,0,0,0
1536,319791,-0.73421630,0.93328589,-0.22092619,-0.11592533,0.13063586,-0.12705832,0,0,0,0,0
1537,320000,-0.77160428,0.90919042,-0.14642193,-0.14477550,0.14338266,-0.13708630,0,0,0,0,0
1538,320208,-0.81095035,0.89741082,-0.09674089,-0.15390308,0.15939173,-0.11839156,0,0,0,0,0
1539,320416,-0.84992404,0.85187908,-0.01965946,-0.17473598,0.14956398,-0.10977384,0,0,0,0,0
1540,320625,-0.87771147,0.81521963,0.02826496,-0.17952554,0.16351956,-0.09747607,0,0,0,0,0
1541,320833,-0.90397117,0.78043203,0.09455840,-0.17432500,0.16019737,-0.10674776,0,0,0,0,0
1542,321041,-0.92619831,0.74516671,0.15936270,-0.18611214,0.15016612,-0.04198497,0,0,0,0,0
1543,321250,-0.94568254,0.69889132,0.22570351,-0.20400070,0.15559263,-0.04962098,0,0,0,0,0
1544,321458,-0.95886701,0.65733582,0.28705018,-0.19177206,0.14787941,-0.03078354,0,0,0,0,0
1545,321666,-0.97622952,0.60368176,0.35355016,-0.22263578,0.15857731,0.01846107,0,0,0,0,0
1546,321875,-0.99145546,0.55320745,0.39649113,-0.23433670,0.15825537,0.00167313,0,0,0,0,0
1547,322083,-0.98954427,0.49894212,0.46409685,-0.24147447,0.12921902,0.02346284,0,0,0,0,0
1548,322291,-0.99370643,0.44603401,0.53519712,-0.21873368,0.12754228,0.04471761,0,0,0,0,0
1549,322500,-0.97811751,0.39195204,0.57309861,-0.23813306,0.12511606,0.06135577,0,0,0,0,0
1550,322708,-0.96611801,0.33249233,0.63019987,-0.23713436,0.11193151,0.06659790,0,0,0,0,0
1551,322916,-0.95932416,0.27383431,0.68410706,-0.22940652,0.10832895,0.09751967,0,0,0,0,0
1552,323125,-0.93551166,0.19731480,0.72690020,-0.24163586,0.10429502,0.10003484,0,0,0,0,0
1553,323333,-0.91369442,0.13474435,0.76580809,-0.26110646,0.10315467,0.11042626,0,0,0,0,0
1554,323541,-0.89142654,0.07070996,0.81189722,-0.23679372,0.07473621,0.11239410,0,0,0,0,0
1555,323750,-0.86018825,0.01024209,0.84999435,-0.25888323,0.06384409,0.12692782,0,0,0,0,0
1556,323958,-0.82422801,-0.06028112,0.87535219,-0.25837060,0.06288483,0.14672269,0,0,0,0,0
1557,324166,-0.79856409,-0.12332097,0.90912850,-0.26520180,0.04874075,0.15549482,0,0,0,0,0
1558,324375,-0.74961478,-0.18098331,0.93624525,-0.26795299,0.02403830,0.15045582,0,0,0,0,0
1559,324583,-0.70420825,-0.24286246,0.95816543,-0.25155142,0.02154976,0.15652347,0,0,0,0,0
1560,324791,-0.66733113,-0.30755963,0.97130370,-0.26373443,0.01723631,0.18311317,0,0,0,0,0
1561,325000,-0.60103769,-0.37096302,0.99048060,-0.24420913,0.01890715,0.18788387,0,0,0,0,0
1562,325208,-0.55305025,-0.43586979,0.99038774,-0.22044111,0.01229790,0.20447477,0,0,0,0,0
1563,325416,-0.49862277,-0.49061253,0.98916676,-0.22086081,-0.01978730,0.19687601,0,0,0,0,0
1564,325625,-0.44563398,-0.54107417,0.99263120,-0.21787032,-0.02771254,0.21691984,0,0,0,0,0
1565,325833,-0.39416385,-0.59716286,0.99515186,-0.22208155,-0.02258537,0.23589494,0,0,0,0,0
1566,326041,-0.33595670,-0.64713067,0.97574471,-0.20269914,-0.04720998,0.22906969,0,0,0,0,0
1567,326250,-0.26901758,-0.69505446,0.95590661,-0.20084767,-0.05028958,0.26306071,0,0,0,0,0
1568,326458,-0.20291623,-0.74667877,0.95213715,-0.16895373,-0.06661251,0.26725384,0,0,0,0,0
1569,326666,-0.14078435,-0.78391105,0.92619643,-0.17810109,-0.07447530,0.25436986,0,0,0,0,0
1570,326875,-0.07148885,-0.82768195,0.91413414,-0.17045777,-0.08800679,0.25857161,0,0,0,0,0
1571,327083,-0.01779465,-0.85803935,0.87466516,-0.15301527,-0.08057954,0.26656729,0,0,0,0,0
1572,327291,0.04590328,-0.88651327,0.84600681,-0.14570102,-0.11391186,0.26658177,0,0,0,0,0
1573,327500,0.11164325,-0.91277710,0.80002949,-0.12126846,-0.10787778,0.27728202,0,0,0,0,0
1574,327708,0.16948867,-0.94160028,0.76445382,-0.08985279,-0.09826369,0.25531393,0,0,0,0,0
1575,327916,0.24600156,-0.96261255,0.71890151,-0.09125714,-0.11460501,0.25313261,0,0,0,0,0
1576,328125,0.29978904,-0.97348164,0.67632082,-0.08287307,-0.11732107,0.26097751,0,0,0,0,0
1577,328333,0.36391185,-0.99626668,0.61988127,-0.05690382,-0.11036420,0.25837980,0,0,0,0,0
1578,328541,0.42708237,-0.99179739,0.56325558,-0.04942142,-0.11936791,0.24700472,0,0,0,0,0
1579,328750,0.47803979,-1.00092198,0.51580137,0.01057473,-0.12005330,0.24910408,0,0,0,0,0
1580,328958,0.54005596,-0.99885343,0.44988643,0.01803067,-0.12153886,0.24558446,0,0,0,0,0
1581,329166,0.59321083,-0.99519298,0.39064167,0.03005406,-0.15334359,0.23027817,0,0,0,0,0
1582,329375,0.65007102,-0.98769330,0.33447416,0.04186478,-0.14908828,0.21672057,0,0,0,0,0
1583,329583,0.69422438,-0.95897520,0.27195985,0.04856408,-0.15827903,0.20051116,0,0,0,0,0
1584,329791,0.72565033,-0.94460616,0.21169841,0.06371114,-0.15194426,0.19268646,0,0,0,0,0
1585,330000,0.77755225,-0.92475567,0.14559749,0.07692281,-0.14922559,0.16719154,0,0,0,0,0
1586,330208,0.81338082,-0.89365287,0.09131196,0.11594931,-0.18809459,0.15753445,0,0,0,0,0
1587,330416,0.86541567,-0.86600646,0.02762140,0.10240887,-0.18121212,0.17018717,0,0,0,0,0
1588,330625,0.89391975,-0.83839603,-0.03759444,0.10995504,-0.18710067,0.16279075,0,0,0,0,0
1589,330833,0.90328002,-0.79311580,-0.10195601,0.12495107,-0.17464049,0.11860764,0,0,0,0,0
1590,331041,0.93224729,-0.75856429,-0.17851746,0.14072866,-0.16396432,0.12400913,0,0,0,0,0
1591,331250,0.94969218,-0.70671552,-0.23188439,0.10950671,-0.14511538,0.08878972,0,0,0,0,0
1592,331458,0.97302148,-0.65352467,-0.29059383,0.15632406,-0.16997407,0.10527102,0,0,0,0,0
1593,331666,0.97843098,-0.61548318,-0.34950537,0.13443359,-0.12726680,0.07279601,0,0,0,0,0
1594,331875,0.98903388,-0.55652544,-0.41713594,0.18160889,-0.13902955,0.08199434,0,0,0,0,0
1595,332083,0.98643092,-0.50939586,-0.46776660,0.15641324,-0.13051718,0.03427067,0,0,0,0,0
1596,332291,0.99415851,-0.44969133,-0.52887090,0.17229897,-0.11970972,0.01973917,0,0,0,0,0
1597,332500,0.97798134,-0.39525010,-0.59712404,0.16788608,-0.13065738,0.01375317,0,0,0,0,0
1598,332708,0.98891879,-0.32715151,-0.63593661,0.21191667,-0.11115689,0.00473054,0,0,0,0,0
1599,332916,0.96961634,-0.26129063,-0.68808440,0.20075236,-0.10342603,-0.00905472,0,0,0,0,0
1600,333125,0.95591155,-0.20351597,-0.73240630,0.23011099,-0.07415502,-0.01903244,0,0,0,0,0
1601,333333,0.92375343,-0.13724190,-0.76639259,0.23448923,-0.07675240,-0.04147505,0,0,0,0,0
1602,333541,0.90166338,-0.07198753,-0.80915625,0.23337861,-0.05683300,-0.03886232,0,0,0,0,0
1603,333750,0.86759575,-0.01023391,-0.84875583,0.21233005,-0.04846651,-0.03536379,0,0,0,0,0
1604,333958,0.82363732,0.06331727,-0.88144660,0.23232814,-0.01490427,-0.05821418,0,0,0,0,0
1605,334166,0.78879083,0.11978487,-0.90400758,0.24725676,-0.02301583,-0.08313589,0,0,0,0,0
1606,334375,0.75142515,0.17964868,-0.93135223,0.23882152,-0.01600407,-0.07981392,0,0,0,0,0
1607,334583,0.71057768,0.24731214,-0.94715592,0.23093156,0.01150372,-0.11337712,0,0,0,0,0
1608,334791,0.65735520,0.31840386,-0.97085211,0.23626787,0.01767284,-0.09714428,0,0,0,0,0
1609,335000,0.60999867,0.37551761,-0.98050024,0.23395898,0.04404242,-0.13179141,0,0,0,0,0
1610,335208,0.55288034,0.43848494,-0.99181658,0.21030882,0.04504523,-0.11927824,0,0,0,0,0
1611,335416,0.49750646,0.49555819,-0.99232799,0.21417991,0.05704625,-0.13833233,0,0,0,0,0
1612,335625,0.43518249,0.55427167,-0.97773241,0.22059829,0.07581532,-0.13915894,0,0,0,0,0
1613,335833,0.38592492,0.61307321,-0.98709970,0.21669950,0.08464275,-0.15949564,0,0,0,0,0
1614,336041,0.32088265,0.66685166,-0.97634305,0.20406806,0.10106703,-0.15584023,0,0,0,0,0
1615,336250,0.25527565,0.70315265,-0.96444933,0.19102610,0.11314288,-0.17324346,0,0,0,0,0
1616,336458,0.19607533,0.75839868,-0.94342779,0.18633661,0.11518021,-0.17580667,0,0,0,0,0
1617,336666,0.13703612,0.79725677,-0.92092340,0.17334418,0.11800948,-0.19730270,0,0,0,0,0
1618,336875,0.07497969,0.82933947,-0.88843316,0.17170751,0.13869980,-0.20323059,0,0,0,0,0
1619,337083,0.00641813,0.87362207,-0.86649165,0.17208866,0.12957773,-0.21697590,0,0,0,0,0
1620,337291,-0.05174855,0.91247203,-0.82989413,0.17748646,0.15012219,-0.21738181,0,0,0,0,0
1621,337500,-0.11400943,0.92786891,-0.80202553,0.12944209,0.16016309,-0.20681476,0,0,0,0,0
1622,337708,-0.18701409,0.95485610,-0.75552580,0.14109555,0.18269240,-0.20771857,0,0,0,0,0
1623,337916,-0.24437207,0.96837324,-0.70089405,0.11798270,0.17308116,-0.20374598,0,0,0,0,0
1624,338125,-0.31554572,0.99203351,-0.66255951,0.08287915,0.19663813,-0.21284358,0,0,0,0,0
1625,338333,-0.38072015,1.00529900,-0.60353905,0.08196686,0.18826083,-0.20123897,0,0,0,0,0
1626,338541,-0.43969241,1.02178759,-0.55856840,0.06483705,0.17190261,-0.18530138,0,0,0,0,0
1627,338750,-0.49844982,1.01011367,-0.49917190,0.05035965,0.20469118,-0.18917273,0,0,0,0,0
1628,338958,-0.55352892,1.01787009,-0.43223370,0.04488667,0.20906437,-0.18689193,0,0,0,0,0
1629,339166,-0.59633653,1.00822532,-0.37802516,0.03875126,0.18757681,-0.17740632,0,0,0,0,0
1630,339375,-0.66111802,1.00703659,-0.33116878,0.01727998,0.21742579,-0.16016304,0,0,0,0,0
1631,339583,-0.70965721,0.98148206,-0.24390916,-0.00738262,0.23024837,-0.16271649,0,0,0,0,0
1632,339791,-0.75302533,0.96085407,-0.20296616,-0.01923749,0.19951969,-0.16114457,0,0,0,0,0
1633,340000,-0.80293126,0.94181806,-0.12551810,-0.01377843,0.21452216,-0.15224258,0,0,0,0,0
1634,340208,-0.83447645,0.91269046,-0.07363105,-0.05639230,0.23807829,-0.14348710,0,0,0,0,0
1635,340416,-0.86702395,0.88399017,-0.01372305,-0.04379267,0.22881844,-0.13426668,0,0,0,0,0
1636,340625,-0.89414098,0.84778986,0.05418753,-0.07728825,0.24602712,-0.11072571,0,0,0,0,0
1637,340833,-0.92232682,0.80005977,0.11720261,-0.08988722,0.23986066,-0.09105598,0,0,0,0,0
1638,341041,-0.95048321,0.76942928,0.18152630,-0.07638164,0.23640163,-0.10087258,0,0,0,0,0
1639,341250,-0.97284446,0.72574275,0.24786794,-0.10662357,0.23600092,-0.09377373,0,0,0,0,0
1640,341458,-0.98796711,0.67313118,0.31246715,-0.10070399,0.21093768,-0.08470436,0,0,0,0,0
1641,341666,-0.99643963,0.62910856,0.37857297,-0.08925659,0.20946400,-0.04141735,0,0,0,0,0
1642,341875,-1.00590498,0.56667090,0.43249582,-0.11801201,0.22413147,-0.03537656,0,0,0,0,0
1643,342083,-1.00910214,0.52280628,0.49000132,-0.09660656,0.19199030,-0.03821560,0,0,0,0,0
1644,342291,-1.01200940,0.46828710,0.54212403,-0.14285238,0.19603151,-0.01673541,0,0,0,0,0
1645,342500,-0.99832970,0.41085005,0.59811406,-0.11567896,0.17156101,0.00843707,0,0,0,0,0
1646,342708,-0.99017288,0.34883999,0.64818054,-0.14602737,0.15330867,0.00530372,0,0,0,0,0
1647,342916,-0.98106478,0.27855371,0.69221007,-0.14040307,0.13768183,0.02490403,0,0,0,0,0
1648,343125,-0.95115490,0.21196511,0.75720208,-0.14267449,0.13902800,0.02380903,0,0,0,0,0
1649,343333,-0.93466161,0.15926976,0.78785403,-0.15391770,0.13208537,0.03035982,0,0,0,0,0
1650,343541,-0.91584576,0.09113378,0.82677341,-0.15953678,0.10932568,0.01384826,0,0,0,0,0
1651,343750,-0.87309668,0.02569837,0.86695066,-0.17662361,0.09241904,0.04271364,0,0,0,0,0
1652,343958,-0.84653340,-0.03436483,0.87967661,-0.15207843,0.06404360,0.04759166,0,0,0,0,0
1653,344166,-0.80701155,-0.11665274,0.93171371,-0.18133039,0.06147509,0.06448185,0,0,0,0,0
1654,344375,-0.76432934,-0.16501084,0.94023882,-0.18265687,0.04948137,0.06852998,0,0,0,0,0
1655,344583,-0.71434938,-0.24153701,0.96008534,-0.17109371,0.02527026,0.07538966,0,0,0,0,0
1656,344791,-0.67126489,-0.29831786,0.97760974,-0.17538229,0.02483099,0.09100678,0,0,0,0,0
1657,345000,-0.61744168,-0.36496403,0.99684350,-0.15702254,-0.00012960,0.06680049,0,0,0,0,0
1658,345208,-0.57542006,-0.42754147,1.00996701,-0.16670210,-0.01120558,0.09881310,0,0,0,0,0
1659,345416,-0.51777585,-0.49245125,1.01046802,-0.15659756,-0.01399895,0.09691599,0,0,0,0,0
1660,345625,-0.45473532,-0.54526516,0.99858687,-0.15020342,-0.02062461,0.10526538,0,0,0,0,0
1661,345833,-0.39933906,-0.59420330,0.98644920,-0.13613417,-0.03670927,0.12359284,0,0,0,0,0
1662,346041,-0.33599700,-0.64679223,0.98355823,-0.14555247,-0.06857916,0.13470846,0,0,0,0,0
1663,346250,-0.26921609,-0.69300882,0.96840013,-0.15127721,-0.07685684,0.14657174,0,0,0,0,0
1664,346458,-0.21389922,-0.74740649,0.94515518,-0.13670679,-0.09069200,0.15188642,0,0,0,0,0
1665,346666,-0.14971287,-0.78320270,0.93392753,-0.11085348,-0.10463786,0.14408921,0,0,0,0,0
1666,346875,-0.08108571,-0.82625439,0.90456817,-0.11167488,-0.12244291,0.15404194,0,0,0,0,0
1667,347083,-0.02752212,-0.85959473,0.87654316,-0.11084901,-0.12229101,0.17288388,0,0,0,0,0
1668,347291,0.05303530,-0.89276105,0.84324350,-0.09737939,-0.15161222,0.17601962,0,0,0,0,0
1669,347500,0.11348963,-0.92651385,0.80472911,-0.09023322,-0.16590393,0.15706268,0,0,0,0,0
1670,347708,0.17790575,-0.94784523,0.75904928,-0.06802480,-0.15895534,0.16019927,0,0,0,0,0
1671,347916,0.23889695,-0.96772319,0.72219973,-0.05970780,-0.17289576,0.14832819,0,0,0,0,0
1672,348125,0.30850959,-0.98283632,0.66300564,-0.05213276,-0.15752012,0.16445831,0,0,0,0,0
1673,348333,0.36677879,-0.99165747,0.61084825,-0.02581188,-0.18819509,0.17312254,0,0,0,0,0
1674,348541,0.43498723,-1.01031584,0.55892522,-0.00859103,-0.18025322,0.13930920,0,0,0,0,0
1675,348750,0.47998867,-1.01638843,0.50661332,-0.01499134,-0.19326247,0.15012317,0,0,0,0,0
1676,348958,0.54660782,-1.00293928,0.44930101,-0.00062116,-0.21977654,0.13855124,0,0,0,0,0
1677,349166,0.60195216,-1.01003058,0.38458971,0.04596924,-0.20792195,0.12161055,0,0,0,0,0
1678,349375,0.65609529,-0.98813309,0.32380522,0.04100297,-0.22852691,0.10787999,0,0,0,0,0
1679,349583,0.71138313,-0.98314700,0.26998371,0.06333414,-0.20593385,0.13078429,0,0,0,0,0
1680,349791,0.74411876,-0.96281642,0.19412451,0.06654119,-0.24528475,0.10455038,0,0,0,0,0
1681,350000,0.78705664,-0.93709984,0.15091742,0.07226935,-0.25321879,0.09715676,0,0,0,0,0
1682,350208,0.83170162,-0.91718473,0.07167003,0.05547000,-0.27131512,0.07592649,0,0,0,0,0
1683,350416,0.85966626,-0.88440505,0.00776996,0.07291986,-0.26134267,0.06884618,0,0,0,0,0
1684,350625,0.91246873,-0.85415235,-0.05394175,0.09908800,-0.24917043,0.04587189,0,0,0,0,0
1685,350833,0.93350533,-0.80545061,-0.11771688,0.09017205,-0.26798992,0.05493414,0,0,0,0,0
1686,351041,0.95538594,-0.76878962,-0.18800816,0.10359084,-0.25224678,0.03224210,0,0,0,0,0
1687,351250,0.97669960,-0.72563848,-0.24690048,0.11929705,-0.25303587,0.01371507,0,0,0,0,0
1688,351458,0.99510559,-0.68014127,-0.31632214,0.11602324,-0.26213246,0.00279757,0,0,0,0,0
1689,351666,0.99756474,-0.63129352,-0.37659211,0.12260454,-0.24890526,0.02234037,0,0,0,0,0
1690,351875,1.00657267,-0.58233641,-0.44211989,0.13608202,-0.25108630,-0.01808513,0,0,0,0,0
1691,352083,1.01360538,-0.52134812,-0.49212231,0.14047402,-0.22569335,-0.02468019,0,0,0,0,0
1692,352291,1.00859459,-0.47879521,-0.55036458,0.12843633,-0.24382395,-0.05310800,0,0,0,0,0
1693,352500,1.00135081,-0.41888885,-0.61385697,0.14527213,-0.20834713,-0.05503747,0,0,0,0,0
1694,352708,0.99383825,-0.34466562,-0.65889812,0.12667621,-0.21196516,-0.07774296,0,0,0,0,0
1695,352916,0.98452633,-0.28825705,-0.70452264,0.14251610,-0.19169023,-0.06993047,0,0,0,0,0
1696,353125,0.96899271,-0.23649886,-0.74595529,0.14997635,-0.17559937,-0.09103821,0,0,0,0,0
1697,353333,0.93567675,-0.16051446,-0.79934738,0.14723012,-0.16577781,-0.08100644,0,0,0,0,0
1698,353541,0.91458342,-0.10505646,-0.83378021,0.14965101,-0.13326994,-0.11293867,0,0,0,0,0
1699,353750,0.88482696,-0.02516893,-0.87360989,0.14356270,-0.14474159,-0.10673937,0,0,0,0,0
1700,353958,0.84394973,0.03850796,-0.89666308,0.15626701,-0.14105835,-0.09372314,0,0,0,0,0
1701,354166,0.81538419,0.10982837,-0.93201121,0.14111785,-0.09265951,-0.09528909,0,0,0,0,0
1702,354375,0.77146789,0.16286068,-0.95052097,0.15498994,-0.09788328,-0.11604791,0,0,0,0,0
1703,354583,0.72299855,0.22258985,-0.97529360,0.15452693,-0.08736443,-0.12603383,0,0,0,0,0
1704,354791,0.67799318,0.28932346,-0.99824701,0.15753146,-0.05372601,-0.12765143,0,0,0,0,0
1705,355000,0.63302616,0.35154506,-1.00206389,0.13320832,-0.07622767,-0.11552073,0,0,0,0,0
1706,355208,0.58263013,0.41664445,-1.01533269,0.14226399,-0.05059096,-0.14632708,0,0,0,0,0
1707,355416,0.52450192,0.46433814,-1.00719579,0.13775849,-0.04672939,-0.15132234,0,0,0,0,0
1708,355625,0.47531014,0.53016897,-1.00276858,0.12462423,-0.02257213,-0.16940417,0,0,0,0,0
1709,355833,0.41249723,0.57948033,-1.00343881,0.12191029,-0.02098462,-0.17266591,0,0,0,0,0
1710,356041,0.34924421,0.63375669,-1.00032608,0.11265498,0.00926135,-0.16772070,0,0,0,0,0
1711,356250,0.28123136,0.69219681,-0.98326781,0.07640180,0.02348854,-0.16844682,0,0,0,0,0
1712,356458,0.22760786,0.73625273,-0.96398041,0.08546173,0.03752815,-0.17848077,0,0,0,0,0
1713,356666,0.15451224,0.77767368,-0.93789343,0.10800663,0.02901129,-0.17613069,0,0,0,0,0
1714,356875,0.09791910,0.81667264,-0.91802382,0.08440761,0.07220737,-0.19616510,0,0,0,0,0
1715,357083,0.01743358,0.84817859,-0.88474915,0.06222145,0.07387664,-0.19768423,0,0,0,0,0
1716,357291,-0.03751025,0.88168348,-0.86092466,0.06121387,0.11289716,-0.17810383,0,0,0,0,0
1717,357500,-0.10669818,0.90276970,-0.81321485,0.05277375,0.09121176,-0.18902188,0,0,0,0,0
1718,357708,-0.16558899,0.92931066,-0.77694578,0.04799765,0.09792680,-0.19307763,0,0,0,0,0
1719,357916,-0.23587340,0.95695305,-0.72719310,0.01454116,0.11363837,-0.17523230,0,0,0,0,0
1720,358125,-0.29139246,0.96739995,-0.68416793,-0.00252627,0.10712583,-0.17118274,0,0,0,0,0
1721,358333,-0.35162880,0.98882130,-0.62559904,-0.01708804,0.13918391,-0.16758419,0,0,0,0,0
1722,358541,-0.41841309,0.99306437,-0.57058297,-0.03356862,0.12533285,-0.14236623,0,0,0,0,0
1723,358750,-0.47639763,0.99523786,-0.51883043,-0.04950514,0.13458184,-0.13102984,0,0,0,0,0
1724,358958,-0.53141701,0.99252811,-0.46399439,-0.05673075,0.15991465,-0.13083379,0,0,0,0,0
1725,359166,-0.58818786,0.99208359,-0.39720832,-0.07726928,0.16312779,-0.12606554,0,0,0,0,0
1726,359375,-0.63402109,0.98298241,-0.33139452,-0.08726770,0.17207929,-0.10593482,0,0,0,0,0
1727,359583,-0.69404360,0.96057369,-0.26760130,-0.08054720,0.16556714,-0.10714132,0,0,0,0,0
1728,359791,-0.73455375,0.94352165,-0.21238380,-0.12047098,0.19744138,-0.09937319,0,0,0,0,0
1729,360000,-0.77910098,0.92235999,-0.14942216,-0.11814447,0.18521688,-0.09178867,0,0,0,0,0
1730,360208,-0.82787384,0.89827019,-0.09329133,-0.14251193,0.18504561,-0.08209198,0,0,0,0,0
1731,360416,-0.85526596,0.86799391,-0.01565556,-0.13057930,0.21151525,-0.05304255,0,0,0,0,0
1732,360625,-0.88807375,0.83235186,0.03087241,-0.13642922,0.20981150,-0.06502091,0,0,0,0,0
1733,360833,-0.91815294,0.79961215,0.11317901,-0.16316593,0.21226134,-0.04312645,0,0,0,0,0
1734,361041,-0.93094912,0.75554341,0.17187798,-0.16745074,0.22257378,-0.02730122,0,0,0,0,0
1735,361250,-0.95356840,0.70645197,0.22362987,-0.15901312,0.21247041,-0.02377531,0,0,0,0,0
1736,361458,-0.97997755,0.67449817,0.30073865,-0.17288390,0.19655152,0.00104471,0,0,0,0,0
1737,361666,-0.98509913,0.62435012,0.36043982,-0.15982075,0.20765102,0.02100393,0,0,0,0,0
1738,361875,-0.99253755,0.56157163,0.41971709,-0.18941794,0.20959480,0.04564428,0,0,0,0,0
1739,362083,-0.99930264,0.51585507,0.47959921,-0.16977133,0.20286751,0.04548651,0,0,0,0,0
1740,362291,-1.00502004,0.46563242,0.53778534,-0.16122174,0.19241472,0.06623295,0,0,0,0,0
1741,362500,-0.99945623,0.39963748,0.59236695,-0.18278954,0.21026704,0.06411256,0,0,0,0,0
1742,362708,-0.98286052,0.34514543,0.63711039,-0.19633274,0.19365387,0.07957642,0,0,0,0,0
1743,362916,-0.96942123,0.28533740,0.69571154,-0.20112229,0.15506520,0.08406389,0,0,0,0,0
1744,363125,-0.95553855,0.21828398,0.73800957,-0.19838664,0.14271747,0.12287032,0,0,0,0,0
1745,363333,-0.92548116,0.16378254,0.79088027,-0.19324559,0.15856612,0.11850263,0,0,0,0,0
1746,363541,-0.89846121,0.09171454,0.82694951,-0.21772729,0.14464548,0.13163474,0,0,0,0,0
1747,363750,-0.86846526,0.02395012,0.86372510,-0.20789995,0.13747197,0.14157046,0,0,0,0,0
1748,363958,-0.83464282,-0.04255040,0.90074215,-0.20440624,0.10706978,0.15096643,0,0,0,0,0
1749,364166,-0.80479309,-0.10695181,0.92389911,-0.18974580,0.09896446,0.16947811,0,0,0,0,0
1750,364375,-0.77066777,-0.17410750,0.94434847,-0.18470712,0.07204789,0.15584975,0,0,0,0,0
1751,364583,-0.72172062,-0.24071893,0.95310054,-0.20109422,0.08064095,0.15647657,0,0,0,0,0
1752,364791,-0.67383350,-0.30253738,0.98375992,-0.20580534,0.06213645,0.17846118,0,0,0,0,0
1753,365000,-0.62679974,-0.36039222,1.00364181,-0.18693891,0.04980851,0.20348315,0,0,0,0,0
1754,365208,-0.57340150,-0.41577040,1.00761253,-0.17914165,0.05554774,0.18314726,0,0,0,0,0
1755,365416,-0.52280143,-0.47645114,1.00444688,-0.16084584,0.03294388,0.18931580,0,0,0,0,0
1756,365625,-0.45689837,-0.53345050,1.00682109,-0.16848180,0.03042542,0.18017476,0,0,0,0,0
1757,365833,-0.39394724,-0.57755803,0.99898734,-0.16502793,0.00834606,0.19293478,0,0,0,0,0
1758,366041,-0.33022935,-0.63101777,0.99427390,-0.14622589,0.00192644,0.23483084,0,0,0,0,0
1759,366250,-0.27964436,-0.69245498,0.97693769,-0.14036654,-0.02960682,0.22487170,0,0,0,0,0
1760,366458,-0.21944359,-0.72982497,0.96923104,-0.13126440,-0.03889622,0.21999905,0,0,0,0,0
1761,366666,-0.15567032,-0.78156456,0.94101789,-0.12649265,-0.03633170,0.23490664,0,0,0,0,0
1762,366875,-0.08500907,-0.81324934,0.91596932,-0.11990802,-0.03480395,0.26310159,0,0,0,0,0
1763,367083,-0.02106406,-0.85695827,0.88074973,-0.08987817,-0.05678184,0.23807107,0,0,0,0,0
1764,367291,0.03520313,-0.88504739,0.84904447,-0.08085532,-0.06981520,0.25687087,0,0,0,0,0
1765,367500,0.10658751,-0.90709551,0.80775418,-0.07781894,-0.06236854,0.22682396,0,0,0,0,0
1766,367708,0.16532247,-0.93683237,0.77934201,-0.04664946,-0.08610293,0.24804738,0,0,0,0,0
1767,367916,0.22435331,-0.96029438,0.72495640,-0.05723948,-0.09782442,0.22386309,0,0,0,0,0
1768,368125,0.29011376,-0.97452096,0.68039316,-0.02598644,-0.09547001,0.21658148,0,0,0,0,0
1769,368333,0.36133174,-0.98768357,0.62102856,-0.00228167,-0.09755761,0.20847234,0,0,0,0,0
1770,368541,0.41712669,-0.98835571,0.56922718,0.02433168,-0.12001865,0.20704789,0,0,0,0,0
1771,368750,0.47012653,-0.98733524,0.51852036,0.02525713,-0.11261595,0.21137834,0,0,0,0,0
1772,368958,0.53457566,-0.99269532,0.46070284,0.05917226,-0.13820965,0.18717344,0,0,0,0,0
1773,369166,0.58841343,-0.98036160,0.40438020,0.05784736,-0.13144457,0.19225638,0,0,0,0,0
1774,369375,0.63562507,-0.97767817,0.35279271,0.08815151,-0.13768583,0.16332740,0,0,0,0,0
1775,369583,0.68282702,-0.96024664,0.27115052,0.11136919,-0.14404794,0.15815605,0,0,0,0,0
1776,369791,0.72716347,-0.93154629,0.22374684,0.09815577,-0.17052037,0.14180523,0,0,0,0,0
1777,370000,0.76720508,-0.91807859,0.15825164,0.12227331,-0.15644721,0.15309710,0,0,0,0,0
1778,370208,0.81123612,-0.88477988,0.08901960,0.13778507,-0.15425136,0.12774809,0,0,0,0,0
1779,370416,0.84895334,-0.86310406,0.02589007,0.13059750,-0.15326703,0.11267708,0,0,0,0,0
1780,370625,0.88765164,-0.82561322,-0.03062427,0.15709019,-0.15585915,0.09386723,0,0,0,0,0
1781,370833,0.91310618,-0.79262185,-0.10085215,0.15591202,-0.17179234,0.07708377,0,0,0,0,0
1782,371041,0.93369062,-0.74777231,-0.16626723,0.16107287,-0.14752166,0.05843848,0,0,0,0,0
1783,371250,0.94311672,-0.70375609,-0.23354982,0.17235959,-0.17879301,0.06660994,0,0,0,0,0
1784,371458,0.96975028,-0.65519625,-0.29536935,0.17796989,-0.17602127,0.02147237,0,0,0,0,0
1785,371666,0.97178786,-0.61317667,-0.35906619,0.19664426,-0.16480070,0.01771514,0,0,0,0,0
1786,371875,0.99200538,-0.55980141,-0.40894301,0.19386033,-0.15168842,0.01363029,0,0,0,0,0
1787,372083,0.99557862,-0.49921987,-0.47593020,0.22191242,-0.14727895,-0.02840718,0,0,0,0,0
1788,372291,0.99049417,-0.45508303,-0.53458125,0.19825924,-0.16997045,-0.02588672,0,0,0,0,0
1789,372500,0.98917442,-0.40316681,-0.58201868,0.21319593,-0.14740905,-0.05159142,0,0,0,0,0
1790,372708,0.98066727,-0.33392648,-0.63868498,0.21188881,-0.12059675,-0.05674087,0,0,0,0,0
1791,372916,0.96231570,-0.26586197,-0.67579362,0.20566506,-0.12684630,-0.07153314,0,0,0,0,0
1792,373125,0.94293153,-0.20542946,-0.72926341,0.23934705,-0.10833499,-0.10390355,0,0,0,0,0
1793,373333,0.91470868,-0.14653905,-0.77122889,0.22943330,-0.09217450,-0.08524146,0,0,0,0,0
1794,373541,0.89320994,-0.07660617,-0.81068199,0.22472079,-0.07951252,-0.11074908,0,0,0,0,0
1795,373750,0.85972876,-0.01359587,-0.84485985,0.23999744,-0.06439880,-0.11491044,0,0,0,0,0
1796,373958,0.82567580,0.04572213,-0.87653182,0.24865946,-0.04917452,-0.11713869,0,0,0,0,0
1797,374166,0.78950211,0.11698826,-0.90853714,0.23075438,-0.04473542,-0.12213855,0,0,0,0,0
1798,374375,0.74247211,0.18710453,-0.93845651,0.23908049,-0.05279008,-0.12999591,0,0,0,0,0
1799,374583,0.71314289,0.24596112,-0.95480855,0.24667459,-0.02428622,-0.13565154,0,0,0,0,0
1800,374791,0.66236116,0.30276064,-0.97027404,0.23404696,-0.00899107,-0.17790697,0,0,0,0,0
1801,375000,0.61734955,0.38065927,-0.99105025,0.23267779,-0.00477169,-0.15858452,0,0,0,0,0
1802,375208,0.56330685,0.42721927,-1.00146908,0.21811592,0.01441835,-0.17381016,0,0,0,0,0
1803,375416,0.50724196,0.49237600,-1.00077676,0.19783005,0.01515770,-0.19001802,0,0,0,0,0
1804,375625,0.45210756,0.55091022,-1.00394638,0.20331107,0.02322382,-0.19216686,0,0,0,0,0
1805,375833,0.39046936,0.60269993,-0.99182829,0.19218245,0.02809460,-0.19532789,0,0,0,0,0
1806,376041,0.33627036,0.65067573,-0.98421710,0.18847061,0.06914191,-0.22219573,0,0,0,0,0
1807,376250,0.26594001,0.69117195,-0.96665028,0.17565296,0.05046078,-0.20724975,0,0,0,0,0
1808,376458,0.20610403,0.75150802,-0.94610671,0.17415000,0.07253683,-0.21644663,0,0,0,0,0
1809,376666,0.14174301,0.78201395,-0.92662127,0.15978739,0.07992545,-0.22957665,0,0,0,0,0
1810,376875,0.08960613,0.83156911,-0.90021216,0.16141301,0.08001483,-0.24958547,0,0,0,0,0
1811,377083,0.01240269,0.86765160,-0.86793372,0.14856563,0.11090193,-0.21860193,0,0,0,0,0
1812,377291,-0.04210251,0.88777678,-0.84062349,0.12106383,0.11442487,-0.23884897,0,0,0,0,0
1813,377500,-0.11941601,0.91575283,-0.81453094,0.12947672,0.11813361,-0.24051330,0,0,0,0,0
1814,377708,-0.17591826,0.94414679,-0.76906597,0.09498743,0.11473450,-0.23993010,0,0,0,0,0
1815,377916,-0.24070309,0.97086601,-0.71325843,0.07511410,0.13131224,-0.23337051,0,0,0,0,0
1816,378125,-0.30759732,0.97926204,-0.66699836,0.08010533,0.12743238,-0.22621052,0,0,0,0,0
1817,378333,-0.36756976,0.99438450,-0.61385620,0.04618786,0.13923892,-0.23107815,0,0,0,0,0
1818,378541,-0.42224266,0.99862537,-0.54992317,0.03536041,0.15345574,-0.23740467,0,0,0,0,0
1819,378750,-0.48537489,1.00774755,-0.50763050,0.00383413,0.11976195,-0.20766239,0,0,0,0,0
1820,378958,-0.54552379,0.99874332,-0.45191479,-0.00424856,0.15979235,-0.21820794,0,0,0,0,0
1821,379166,-0.59092503,0.99183581,-0.39084156,-0.01842510,0.17945460,-0.21131097,0,0,0,0,0
1822,379375,-0.64759707,0.97928911,-0.33835668,-0.03708841,0.17904981,-0.19244517,0,0,0,0,0
1823,379583,-0.69495184,0.96375934,-0.26739843,-0.05329913,0.17558619,-0.18640817,0,0,0,0,0
1824,379791,-0.73701913,0.95480342,-0.20992906,-0.06181375,0.18568448,-0.16771256,0,0,0,0,0
1825,380000,-0.77716621,0.92408756,-0.13786013,-0.06544813,0.16981787,-0.15516131,0,0,0,0,0
1826,380208,-0.83509696,0.89371984,-0.09093490,-0.09697114,0.18458251,-0.15459888,0,0,0,0,0
1827,380416,-0.85921573,0.85914003,-0.01917927,-0.12414169,0.18334123,-0.13734245,0,0,0,0,0
1828,380625,-0.89823758,0.83178713,0.04160916,-0.09691094,0.18149541,-0.13157661,0,0,0,0,0
1829,380833,-0.90351029,0.79147876,0.10338515,-0.12547590,0.19597566,-0.10660942,0,0,0,0,0
1830,381041,-0.93975252,0.74991907,0.17559068,-0.13338601,0.18263237,-0.09621307,0,0,0,0,0
1831,381250,-0.95504997,0.70755637,0.23417128,-0.14109418,0.16319115,-0.08001971,0,0,0,0,0
1832,381458,-0.97846124,0.66565958,0.30491646,-0.15621447,0.18189710,-0.07540254,0,0,0,0,0
1833,381666,-0.98845630,0.61013697,0.35701794,-0.15359481,0.17170549,-0.05478099,0,0,0,0,0
1834,381875,-0.98841005,0.56267752,0.41769426,-0.15873815,0.17211546,-0.03675537,0,0,0,0,0
1835,382083,-0.99435842,0.51441006,0.48796988,-0.15763787,0.15305983,-0.01887526,0,0,0,0,0
1836,382291,-0.98730126,0.45065956,0.52733207,-0.17344710,0.13072732,-0.00462630,0,0,0,0,0
1837,382500,-0.99429288,0.38942308,0.58403036,-0.19843460,0.12791797,0.00188748,0,0,0,0,0
1838,382708,-0.98129145,0.33944765,0.62378569,-0.19359284,0.11724446,0.00495716,0,0,0,0,0
1839,382916,-0.96337559,0.27153974,0.68549285,-0.17540038,0.10405576,0.03359056,0,0,0,0,0
1840,383125,-0.94406437,0.20759039,0.73668636,-0.20131957,0.09604824,0.04394503,0,0,0,0,0
1841,383333,-0.92255183,0.14653249,0.77762603,-0.19364209,0.09593467,0.03810088,0,0,0,0,0
1842,383541,-0.90445196,0.07824737,0.81532055,-0.21195281,0.06171982,0.06628945,0,0,0,0,0
1843,383750,-0.87182821,0.01337419,0.84576385,-0.20161961,0.07132497,0.06747614,0,0,0,0,0
1844,383958,-0.83095412,-0.06059739,0.88111264,-0.21257810,0.03700513,0.07245266,0,0,0,0,0
1845,384166,-0.80238455,-0.12253466,0.90822484,-0.23052565,0.03341868,0.08379819,0,0,0,0,0
1846,384375,-0.75775817,-0.17417025,0.93442555,-0.22861025,0.02470655,0.09928710,0,0,0,0,0
1847,384583,-0.70865440,-0.25310608,0.95553407,-0.23107371,0.01010875,0.11445765,0,0,0,0,0
1848,384791,-0.66528844,-0.31098719,0.96898647,-0.20478102,0.00742103,0.10787929,0,0,0,0,0
1849,385000,-0.61008850,-0.36477352,0.98272623,-0.22285952,-0.01191158,0.11623284,0,0,0,0,0
1850,385208,-0.55898441,-0.43064925,0.98972338,-0.20923007,-0.02471650,0.13512840,0,0,0,0,0
1851,385416,-0.50747970,-0.49139832,0.99015722,-0.20080413,-0.05962727,0.12628718,0,0,0,0,0
1852,385625,-0.45030489,-0.55351761,0.99296267,-0.19172718,-0.04498254,0.15875841,0,0,0,0,0
1853,385833,-0.38123024,-0.60691371,0.98094213,-0.19220432,-0.04364812,0.14653275,0,0,0,0,0
1854,386041,-0.32529147,-0.65701449,0.97875363,-0.19681700,-0.08091776,0.15550349,0,0,0,0,0
1855,386250,-0.26428679,-0.70261772,0.95860111,-0.18642092,-0.08279377,0.19295365,0,0,0,0,0
1856,386458,-0.20253812,-0.74374442,0.94615939,-0.17787586,-0.11054545,0.16363193,0,0,0,0,0
1857,386666,-0.14386301,-0.79212403,0.92660814,-0.18635304,-0.10454611,0.20336045,0,0,0,0,0
1858,386875,-0.07811562,-0.83482339,0.89355345,-0.14733066,-0.12021800,0.21048478,0,0,0,0,0
1859,387083,-0.02293171,-0.86822761,0.87321910,-0.13737861,-0.13882392,0.20166447,0,0,0,0,0
1860,387291,0.05039130,-0.89730476,0.84292638,-0.14274577,-0.14793179,0.20651160,0,0,0,0,0
1861,387500,0.11492378,-0.92664294,0.79284806,-0.10727207,-0.14439172,0.18571926,0,0,0,0,0
1862,387708,0.18496673,-0.95410537,0.75383977,-0.10836579,-0.15667417,0.19636598,0,0,0,0,0
1863,387916,0.24295518,-0.97896464,0.71565744,-0.08462579,-0.17493406,0.20352091,0,0,0,0,0
1864,388125,0.31295968,-0.98429538,0.65247398,-0.07018169,-0.18307483,0.20068443,0,0,0,0,0
1865,388333,0.36983696,-1.00297722,0.61063257,-0.06346838,-0.16704683,0.19810589,0,0,0,0,0
1866,388541,0.43272860,-1.00797237,0.55541864,-0.06629723,-0.18591589,0.19207633,0,0,0,0,0
1867,388750,0.49109275,-1.01556366,0.50569421,-0.02792673,-0.18366502,0.18305940,0,0,0,0,0
1868,388958,0.55206907,-1.01407492,0.44235914,-0.00890988,-0.18427809,0.16374873,0,0,0,0,0
1869,389166,0.60962084,-1.00186967,0.38667507,-0.00554618,-0.20863850,0.17181625,0,0,0,0,0
1870,389375,0.65102272,-0.99995743,0.31984140,0.01697927,-0.21332092,0.14863801,0,0,0,0,0
1871,389583,0.71414914,-0.98431020,0.26720419,0.02861446,-0.19334792,0.14760891,0,0,0,0,0
1872,389791,0.74720903,-0.95158481,0.19447308,0.03199681,-0.21960825,0.15609019,0,0,0,0,0
1873,390000,0.79323155,-0.93160424,0.14138617,0.05225785,-0.21041291,0.11716296,0,0,0,0,0
1874,390208,0.83051486,-0.90644760,0.07383513,0.05901105,-0.19958566,0.12192427,0,0,0,0,0
1875,390416,0.87593099,-0.88309733,-0.00226990,0.07784570,-0.22505474,0.12186622,0,0,0,0,0
1876,390625,0.89446801,-0.84244302,-0.05433819,0.07735553,-0.23745575,0.10913146,0,0,0,0,0
1877,390833,0.93083816,-0.80650938,-0.11578046,0.08449031,-0.22749014,0.09477741,0,0,0,0,0
1878,391041,0.93974934,-0.76787682,-0.18889789,0.08280142,-0.22909898,0.07323708,0,0,0,0,0
1879,391250,0.97442920,-0.72268754,-0.25042799,0.12808552,-0.22353991,0.08067382,0,0,0,0,0
1880,391458,0.98495691,-0.68312035,-0.30839806,0.10769045,-0.21262919,0.04219210,0,0,0,0,0
1881,391666,0.99552175,-0.63728995,-0.37293687,0.10658007,-0.20570303,0.04768642,0,0,0,0,0
1882,391875,1.00127457,-0.57379489,-0.42882826,0.12921987,-0.22695531,0.02831960,0,0,0,0,0
1883,392083,1.00752200,-0.52029858,-0.48985771,0.13016177,-0.18660756,0.00498746,0,0,0,0,0
1884,392291,1.00491455,-0.46332830,-0.55167917,0.13886540,-0.18613582,-0.00457445,0,0,0,0,0
1885,392500,0.99372782,-0.40207659,-0.58736377,0.14514036,-0.18382153,0.00464088,0,0,0,0,0
1886,392708,0.98738357,-0.34279791,-0.65203760,0.15498964,-0.15893004,-0.03683747,0,0,0,0,0
1887,392916,0.98106885,-0.27572749,-0.69823915,0.13898505,-0.16410304,-0.05333534,0,0,0,0,0
1888,393125,0.95652720,-0.21370771,-0.73551704,0.15679631,-0.15031627,-0.05136191,0,0,0,0,0
1889,393333,0.93183869,-0.15472991,-0.78240585,0.14511564,-0.11595687,-0.04892078,0,0,0,0,0
1890,393541,0.90919143,-0.08892106,-0.82298533,0.16300910,-0.11197453,-0.04592848,0,0,0,0,0
1891,393750,0.88064331,-0.02285583,-0.85594345,0.17722411,-0.08310635,-0.06640116,0,0,0,0,0
1892,393958,0.84694461,0.03421419,-0.89034197,0.16495811,-0.09197781,-0.08916764,0,0,0,0,0
1893,394166,0.80731929,0.11218862,-0.91842137,0.19829433,-0.06880648,-0.07825619,0,0,0,0,0
1894,394375,0.77024886,0.17578673,-0.94249819,0.17674715,-0.05470710,-0.07738288,0,0,0,0,0
1895,394583,0.71986119,0.22913621,-0.96628697,0.15749236,-0.04154725,-0.09006243,0,0,0,0,0
1896,394791,0.67088434,0.30875422,-0.97603017,0.18019250,-0.02643315,-0.09631643,0,0,0,0,0
1897,395000,0.62612610,0.36119017,-0.98976667,0.19158406,-0.01490991,-0.12855502,0,0,0,0,0
1898,395208,0.56536953,0.42349590,-1.01209509,0.14222049,-0.00584855,-0.13224873,0,0,0,0,0
1899,395416,0.51173059,0.48236781,-0.99950025,0.16619108,-0.01155585,-0.12930306,0,0,0,0,0
1900,395625,0.44855172,0.53909901,-1.00657762,0.14315756,0.03085045,-0.12559860,0,0,0,0,0
1901,395833,0.40653158,0.60644753,-0.99596699,0.14627650,0.01317226,-0.15332033,0,0,0,0,0
1902,396041,0.34727518,0.64508122,-0.99585657,0.12737192,0.03942721,-0.15111987,0,0,0,0,0
1903,396250,0.27406431,0.69385351,-0.97650066,0.14252842,0.05943890,-0.15828183,0,0,0,0,0
1904,396458,0.21581228,0.74164356,-0.95730532,0.12410998,0.08977670,-0.17604418,0,0,0,0,0
1905,396666,0.15175973,0.78018735,-0.93054862,0.13176847,0.09199272,-0.17747627,0,0,0,0,0
1906,396875,0.08491775,0.82543586,-0.90981408,0.10205758,0.12537399,-0.17366774,0,0,0,0,0
1907,397083,0.02541123,0.85594736,-0.88730636,0.10154436,0.10393184,-0.17919236,0,0,0,0,0
1908,397291,-0.05177525,0.89503251,-0.84457653,0.07059335,0.11669763,-0.16829321,0,0,0,0,0
1909,397500,-0.11111792,0.91605483,-0.80584736,0.10857840,0.11389114,-0.18053051,0,0,0,0,0
1910,397708,-0.18513475,0.94319966,-0.75893994,0.08941677,0.13264545,-0.16614100,0,0,0,0,0
1911,397916,-0.24381823,0.96195317,-0.71608441,0.07849887,0.14481707,-0.17617823,0,0,0,0,0
1912,398125,-0.31027617,0.98098402,-0.67220005,0.05761575,0.17247129,-0.16872305,0,0,0,0,0
1913,398333,-0.37377701,0.98705598,-0.61564852,0.02135040,0.17492858,-0.15622758,0,0,0,0,0
1914,398541,-0.42825871,0.99165880,-0.55398570,0.01153270,0.17373176,-0.15946528,0,0,0,0,0
1915,398750,-0.48357188,1.00562737,-0.50121399,-0.00031365,0.17549300,-0.15580433,0,0,0,0,0
1916,398958,-0.54640359,0.99831908,-0.45864696,-0.01429609,0.19392167,-0.14449152,0,0,0,0,0
1917,399166,-0.60118929,1.00884489,-0.37718806,-0.04317421,0.20698468,-0.12638608,0,0,0,0,0
1918,399375,-0.65487882,0.98803854,-0.32281359,-0.05705126,0.19588026,-0.12295445,0,0,0,0,0
1919,399583,-0.70027694,0.97863739,-0.25891556,-0.07143548,0.20479215,-0.13826216,0,0,0,0,0
1920,399791,-0.75052742,0.95767326,-0.21169207,-0.07386050,0.21337542,-0.11429704,0,0,0,0,0
1921,400000,-0.79558748,0.92782209,-0.14272546,-0.08338625,0.20696833,-0.10425131,0,1,0,0,0
1922,400208,-0.82529399,0.90423250,-0.07373975,-0.09438879,0.24197263,-0.08109990,0,1,0,0,0
1923,400416,-0.86994786,0.87964841,-0.01794058,-0.09613668,0.22829878,-0.09562784,0,1,0,0,0
1924,400625,-0.90372656,0.84554161,0.05486300,-0.12040138,0.23409411,-0.06279798,0,1,0,0,0
1925,400833,-0.92154952,0.80949934,0.12495540,-0.12220080,0.25292076,-0.04783853,0,1,0,0,0
1926,401041,-0.95761427,0.76181858,0.17946436,-0.12753712,0.23284440,-0.03580934,0,1,0,0,0
1927,401250,-0.96302418,0.72500426,0.25349575,-0.11726580,0.24930835,-0.03031417,0,1,0,0,0
1928,401458,-0.99026183,0.67319358,0.31154805,-0.12833076,0.21613807,-0.03229103,0,1,0,0,0
1929,401666,-0.99661942,0.63265622,0.36068669,-0.13122614,0.23481117,-0.00488497,0,1,0,0,0
1930,401875,-1.00973920,0.58124277,0.42613973,-0.14786076,0.21896086,0.02647985,0,1,0,0,0
1931,402083,-1.00822942,0.51570126,0.49476689,-0.14182024,0.20052181,0.01974712,0,1,0,0,0
1932,402291,-1.01013782,0.46783104,0.54073816,-0.15364089,0.19659545,0.06102381,0,1,0,0,0
1933,402500,-1.00734037,0.40270602,0.60562239,-0.15708195,0.19980490,0.06002914,0,1,0,0,0
1934,402708,-1.00097058,0.35214384,0.65501620,-0.14996018,0.17818878,0.06209150,0,1,0,0,0
1935,402916,-0.98182079,0.28054449,0.70243858,-0.16428587,0.18011083,0.07610118,0,1,0,0,0
1936,403125,-0.95859702,0.22463215,0.74390021,-0.16311056,0.15663421,0.08658000,0,1,0,0,0
1937,403333,-0.93523847,0.16250420,0.79102076,-0.16886590,0.13525035,0.08482358,0,1,0,0,0
1938,403541,-0.91575237,0.09420414,0.83731203,-0.18161319,0.14828808,0.09320967,0,1,0,0,0
1939,403750,-0.88535794,0.03280279,0.86283540,-0.17862070,0.12867721,0.12336466,0,1,0,0,0
1940,403958,-0.84851179,-0.03554860,0.90007311,-0.18038881,0.09499741,0.12409348,0,1,0,0,0
1941,404166,-0.80993213,-0.09454238,0.93549668,-0.17920568,0.10707758,0.11120619,0,1,0,0,0
1942,404375,-0.76888520,-0.17281928,0.95128813,-0.19254518,0.08950041,0.11335245,0,1,0,0,0
1943,404583,-0.72679735,-0.23346791,0.96798105,-0.17939206,0.07181033,0.11191124,0,1,0,0,0
1944,404791,-0.67924458,-0.30441167,0.98422748,-0.15909014,0.06001587,0.15672277,0,1,0,0,0
1945,405000,-0.62887782,-0.35831355,0.98838237,-0.15865438,0.06492992,0.15326083,0,1,0,0,0
1946,405208,-0.58699206,-0.42325501,1.00052373,-0.16081771,0.04192616,0.16370796,0,1,0,0,0
1947,405416,-0.52209512,-0.48293603,1.01174195,-0.16169155,0.03935009,0.15413428,0,1,0,0,0
1948,405625,-0.45922362,-0.54037783,1.01405789,-0.14152219,0.01644009,0.16158996,0,1,0,0,0
1949,405833,-0.39740392,-0.58921870,1.00194090,-0.12526370,-0.00015095,0.16606166,0,1,0,0,0
1950,406041,-0.33815393,-0.63724552,0.99945045,-0.11208800,-0.02445919,0.15047884,0,1,0,0,0
1951,406250,-0.28194540,-0.68497476,0.98549417,-0.12472369,-0.02961630,0.17913186,0,1,0,0,0
1952,406458,-0.22565249,-0.72819954,0.95932667,-0.12210735,-0.03488353,0.19573011,0,1,0,0,0
1953,406666,-0.15895818,-0.77115803,0.93819546,-0.09830940,-0.05744600,0.19846263,0,1,0,0,0
1954,406875,-0.09596992,-0.82086976,0.90832030,-0.09050506,-0.05105274,0.19203226,0,1,0,0,0
1955,407083,-0.03478856,-0.85482941,0.88859241,-0.08405988,-0.07120046,0.20574141,0,1,0,0,0
1956,407291,0.03212475,-0.88245497,0.85074660,-0.07948188,-0.10313054,0.19226589,0,1,0,0,0
1957,407500,0.09774017,-0.91095860,0.81717989,-0.07396825,-0.10461155,0.20532873,0,1,0,0,0
1958,407708,0.15873788,-0.92982203,0.77078413,-0.04066883,-0.10071437,0.20268241,0,1,0,0,0
1959,407916,0.23427239,-0.95887403,0.72126593,-0.02388930,-0.12976941,0.19964227,0,1,0,0,0
1960,408125,0.29588675,-0.97014677,0.68156220,-0.02102607,-0.12241939,0.18733560,0,1,0,0,0
1961,408333,0.35489788,-0.98694270,0.61656137,0.01567066,-0.13736041,0.17242275,0,1,0,0,0
1962,408541,0.41812285,-0.99224896,0.57102781,0.01713717,-0.13468718,0.16153151,0,1,0,0,0
1963,408750,0.47724970,-0.99537702,0.51286307,0.02910890,-0.15183560,0.14360418,0,1,0,0,0
1964,408958,0.52963960,-0.99613473,0.46649138,0.03467943,-0.14001343,0.16378918,0,1,0,0,0
1965,409166,0.59760864,-0.99503793,0.40815693,0.04447368,-0.16396342,0.12953531,0,1,0,0,0
1966,409375,0.63744762,-0.97840533,0.34075842,0.07047826,-0.16070815,0.13464094,0,1,0,0,0
1967,409583,0.68267472,-0.96182160,0.27390915,0.09245509,-0.19064960,0.12735267,0,1,0,0,0
1968,409791,0.73831223,-0.94553877,0.22269515,0.12428400,-0.18667909,0.10337049,0,1,0,0,0
1969,410000,0.78335688,-0.93691354,0.14717975,0.11281654,-0.20359216,0.10149354,0,1,0,0,0
1970,410208,0.81842196,-0.89721515,0.07978546,0.12829036,-0.18500165,0.09435462,0,1,0,0,0
1971,410416,0.86179521,-0.86259617,0.01241178,0.12338345,-0.20958438,0.07658080,0,1,0,0,0
1972,410625,0.88828069,-0.83716879,-0.04172109,0.14211669,-0.20624868,0.07166857,0,1,0,0,0
1973,410833,0.91119539,-0.79001955,-0.11541142,0.14829369,-0.20395564,0.04984503,0,1,0,0,0
1974,411041,0.93632994,-0.75843748,-0.16413640,0.14468366,-0.21558715,0.03811355,0,1,0,0,0
1975,411250,0.96008597,-0.71406036,-0.23804918,0.17333718,-0.21934318,0.01793517,0,1,0,0,0
1976,411458,0.97578910,-0.66568415,-0.30471752,0.16370849,-0.20330691,0.01077559,0,1,0,0,0
1977,411666,0.99343926,-0.62283804,-0.35474801,0.18059602,-0.22095210,-0.00297165,0,1,0,0,0
1978,411875,0.99940320,-0.56255947,-0.41656136,0.17369052,-0.18335750,-0.02765735,0,1,0,0,0
1979,412083,0.99104378,-0.50718555,-0.47148911,0.17406981,-0.19200575,-0.02941076,0,1,0,0,0
1980,412291,0.99741571,-0.46305995,-0.54511512,0.17327605,-0.19801304,-0.07316504,0,1,0,0,0
1981,412500,0.98709179,-0.40040404,-0.60064638,0.18134977,-0.17739889,-0.05167427,0,1,0,0,0
1982,412708,0.99128902,-0.33002925,-0.63518850,0.20340527,-0.15942389,-0.08953455,0,1,0,0,0
1983,412916,0.96547102,-0.27238974,-0.70611822,0.18380987,-0.16295631,-0.07651675,0,1,0,0,0
1984,413125,0.95339470,-0.22300943,-0.74426460,0.20352421,-0.16313170,-0.09092366,0,1,0,0,0
1985,413333,0.92673581,-0.14513100,-0.78084095,0.19763567,-0.13344780,-0.09595106,0,1,0,0,0
1986,413541,0.89409587,-0.10337254,-0.82736327,0.21007088,-0.11291721,-0.12525382,0,1,0,0,0
1987,413750,0.86755564,-0.01807567,-0.85577096,0.20889411,-0.10653380,-0.12323128,0,1,0,0,0
1988,413958,0.83868588,0.03981170,-0.89504429,0.19504613,-0.09334326,-0.12511760,0,1,0,0,0
1989,414166,0.80532276,0.11148155,-0.91154059,0.21022806,-0.07655475,-0.13065433,0,1,0,0,0
1990,414375,0.76432327,0.17506767,-0.93917133,0.22888516,-0.05927195,-0.13372623,0,1,0,0,0
1991,414583,0.71104223,0.23844680,-0.96211046,0.20736846,-0.09114630,-0.14331819,0,1,0,0,0
1992,414791,0.67232948,0.30366984,-0.98183921,0.20911066,-0.06654447,-0.15335380,0,1,0,0,0
1993,415000,0.62582381,0.35996930,-0.99758423,0.19702399,-0.04049580,-0.16198665,0,1,0,0,0
1994,415208,0.57140895,0.41962725,-1.00116570,0.19507722,-0.02790945,-0.16917762,0,1,0,0,0
1995,415416,0.51249197,0.48563226,-1.01042475,0.17239139,-0.03419517,-0.18499026,0,1,0,0,0
1996,415625,0.45791999,0.53727644,-0.99415022,0.17025374,-0.01406074,-0.18265205,0,1,0,0,0
1997,415833,0.39999682,0.58831614,-0.99732006,0.17190727,0.02385179,-0.20324069,0,1,0,0,0
1998,416041,0.34621169,0.64159327,-0.99418668,0.15110805,0.01616455,-0.22690885,0,1,0,0,0
1999,416250,0.28642515,0.68966290,-0.96869680,0.15670442,0.03480425,-0.20401926,0,1,0,0,0
2000,416458,0.21879323,0.73475021,-0.95925144,0.12708174,0.06319909,-0.21708326,0,1,0,0,0
2001,416666,0.15269078,0.78100951,-0.93036347,0.12840270,0.05809227,-0.22728553,0,1,0,0,0
2002,416875,0.08855736,0.81343118,-0.90473919,0.11523880,0.07588424,-0.22741196,0,1,0,0,0
2003,417083,0.02501057,0.86091460,-0.87957284,0.13329050,0.08340969,-0.21497784,0,1,0,0,0
2004,417291,-0.03854822,0.88636866,-0.85431306,0.09095758,0.08281267,-0.22930706,0,1,0,0,0
2005,417500,-0.10634679,0.90428517,-0.81324092,0.08576134,0.08958794,-0.21416017,0,1,0,0,0
2006,417708,-0.15789045,0.93919555,-0.75109551,0.04710696,0.11176637,-0.22246693,0,1,0,0,0
2007,417916,-0.23522397,0.95351283,-0.72704654,0.03968438,0.10568401,-0.22743018,0,1,0,0,0
2008,418125,-0.28765422,0.97420971,-0.67763714,0.03787030,0.10121061,-0.23229821,0,1,0,0,0
2009,418333,-0.36705778,0.98546106,-0.62788135,0.01503908,0.12770023,-0.21247769,0,1,0,0,0
2010,418541,-0.41814915,0.99705529,-0.57683096,-0.00214119,0.09420900,-0.19327409,0,1,0,0,0
2011,418750,-0.47760590,0.99991449,-0.51300090,-0.02020904,0.14487776,-0.20404076,0,1,0,0,0
2012,418958,-0.53198930,0.99603104,-0.46570981,-0.03565644,0.13405455,-0.18567192,0,1,0,0,0
2013,419166,-0.58989699,0.99824668,-0.40407835,-0.06710306,0.14321658,-0.16416903,0,1,0,0,0
2014,419375,-0.63345933,0.97434833,-0.33797837,-0.06619948,0.15137029,-0.18680269,0,1,0,0,0
2015,419583,-0.69096430,0.96969603,-0.27929602,-0.08192939,0.17115567,-0.15418728,0,1,0,0,0
2016,419791,-0.74103249,0.95052149,-0.21487143,-0.08249581,0.16648815,-0.14137048,0,1,0,0,0
2017,420000,-0.78339138,0.92192196,-0.15277886,-0.09725246,0.17069523,-0.13182517,0,1,0,0,0
2018,420208,-0.81997156,0.89542234,-0.09486976,-0.14537377,0.16658206,-0.14062767,0,1,0,0,0
2019,420416,-0.84927936,0.86720478,-0.01767377,-0.13497983,0.17295300,-0.11904636,0,1,0,0,0
2020,420625,-0.87983798,0.82682534,0.04495700,-0.11924671,0.18916017,-0.11973181,0,1,0,0,0
2021,420833,-0.91796201,0.78863221,0.09873133,-0.13695180,0.18621638,-0.09890017,0,1,0,0,0
2022,421041,-0.93962118,0.74860260,0.16995695,-0.14898396,0.20069795,-0.06346513,0,1,0,0,0
2023,421250,-0.96066863,0.70911593,0.22871217,-0.16598955,0.17412427,-0.06066738,0,1,0,0,0
2024,421458,-0.97249485,0.65926286,0.29940313,-0.15990155,0.16782516,-0.03397413,0,1,0,0,0
2025,421666,-0.97793336,0.60922335,0.36001149,-0.18818760,0.17813767,-0.01880480,0,1,0,0,0
2026,421875,-0.98944118,0.55626077,0.42230891,-0.18397439,0.16878296,-0.02170599,0,1,0,0,0
2027,422083,-0.99090640,0.50263642,0.46986310,-0.17987375,0.15090932,0.00713896,0,1,0,0,0
2028,422291,-0.98901436,0.44814632,0.52435081,-0.18215503,0.14977415,0.00506780,0,1,0,0,0
2029,422500,-0.99045291,0.38992410,0.57603338,-0.19102066,0.15297434,0.03837404,0,1,0,0,0
2030,422708,-0.98434624,0.33332142,0.65033011,-0.19432594,0.12269966,0.05347932,0,1,0,0,0
2031,422916,-0.96696308,0.26706249,0.69032162,-0.20181185,0.11368146,0.05931474,0,1,0,0,0
2032,423125,-0.94171754,0.21023572,0.73786756,-0.21180427,0.10631737,0.05579573,0,1,0,0,0
2033,423333,-0.92041344,0.15343019,0.76716648,-0.20024320,0.09468822,0.06754178,0,1,0,0,0
2034,423541,-0.89656932,0.08494144,0.81688392,-0.19965379,0.09771993,0.11664551,0,1,0,0,0
2035,423750,-0.86184840,0.00808294,0.84099333,-0.22238855,0.07232857,0.10555244,0,1,0,0,0
2036,423958,-0.83176094,-0.05352724,0.88414568,-0.23622453,0.08250430,0.10435560,0,1,0,0,0
2037,424166,-0.79650261,-0.12363389,0.91046898,-0.22802319,0.04436076,0.12459358,0,1,0,0,0
2038,424375,-0.76169485,-0.18110718,0.93346291,-0.22444295,0.04731568,0.13790310,0,1,0,0,0
2039,424583,-0.70335296,-0.24489953,0.95279983,-0.24542745,0.03232043,0.14401873,0,1,0,0,0
2040,424791,-0.66310030,-0.30838368,0.97781013,-0.20640784,0.02182940,0.13930378,0,1,0,0,0
2041,425000,-0.61504470,-0.37632027,0.98152416,-0.22127276,-0.01390612,0.14775549,0,1,0,0,0
2042,425208,-0.56094011,-0.43459250,0.99884873,-0.21715234,-0.01167269,0.16925408,0,1,0,0,0
2043,425416,-0.49826945,-0.48500964,0.99549896,-0.20547294,-0.01421585,0.16921855,0,1,0,0,0
2044,425625,-0.44407325,-0.54414524,0.99696710,-0.19948095,-0.04452908,0.19360144,0,1,0,0,0
2045,425833,-0.39229893,-0.60444536,0.99293811,-0.18656742,-0.06671336,0.19223041,0,1,0,0,0
2046,426041,-0.32806256,-0.65789012,0.98332452,-0.17144477,-0.06263694,0.20771608,0,1,0,0,0
2047,426250,-0.26290165,-0.70036959,0.96879141,-0.15862357,-0.05960186,0.21781203,0,1,0,0,0
2048,426458,-0.20489738,-0.74613041,0.96085297,-0.15523259,-0.07043821,0.20088450,0,1,0,0,0
2049,426666,-0.14284631,-0.79426876,0.93403028,-0.16384678,-0.09890851,0.22053761,0,1,0,0,0
2050,426875,-0.09016436,-0.82835957,0.88980032,-0.14606431,-0.09910657,0.23450030,0,1,0,0,0
2051,427083,-0.00940614,-0.86474832,0.87170272,-0.13350720,-0.10206368,0.21762967,0,1,0,0,0
2052,427291,0.04344538,-0.89716608,0.84638482,-0.11988643,-0.10100081,0.22166288,0,1,0,0,0
2053,427500,0.10340977,-0.92453792,0.79727455,-0.10518299,-0.10817509,0.23938550,0,1,0,0,0
2054,427708,0.16768006,-0.94531993,0.76009246,-0.09512936,-0.11775526,0.24166795,0,1,0,0,0
2055,427916,0.23591860,-0.96651406,0.71575530,-0.08143881,-0.13743730,0.18897289,0,1,0,0,0
2056,428125,0.30543800,-0.97678185,0.67543160,-0.05519826,-0.13739732,0.23275084,0,1,0,0,0
2057,428333,0.37068101,-0.99384560,0.61147509,-0.04873505,-0.14105982,0.19287599,0,1,0,0,0
2058,428541,0.42721055,-0.99814168,0.55888205,-0.02065634,-0.14907435,0.20967873,0,1,0,0,0
2059,428750,0.49322691,-1.01157537,0.51040528,-0.00497292,-0.16623436,0.18954390,0,1,0,0,0
2060,428958,0.53964990,-1.00240400,0.45219993,0.01816580,-0.14407413,0.19004759,0,1,0,0,0
2061,429166,0.59533050,-0.99865148,0.39411225,0.02194183,-0.16053437,0.18788088,0,1,0,0,0
2062,429375,0.63934162,-0.98228386,0.33283930,0.04953391,-0.16269680,0.18280456,0,1,0,0,0
2063,429583,0.69501848,-0.96935709,0.26929732,0.04650049,-0.17120450,0.18197422,0,1,0,0,0
2064,429791,0.73366762,-0.94325677,0.21048753,0.06649443,-0.18811885,0.14405193,0,1,0,0,0
2065,430000,0.77968018,-0.93227941,0.14581346,0.08325461,-0.20400346,0.15859880,0,1,0,0,0
2066,430208,0.82840905,-0.90386658,0.08010106,0.07714721,-0.18571784,0.13349654,0,1,0,0,0
2067,430416,0.85193074,-0.86771320,0.01720337,0.09408369,-0.18935287,0.12258776,0,1,0,0,0
2068,430625,0.88369252,-0.83579805,-0.04921993,0.10122067,-0.19495784,0.13056527,0,1,0,0,0
2069,430833,0.91022212,-0.80239295,-0.11412209,0.11636294,-0.17654897,0.10979866,0,1,0,0,0
2070,431041,0.94634576,-0.75527715,-0.17164170,0.11983166,-0.20252487,0.07166616,0,1,0,0,0
2071,431250,0.97015187,-0.71615048,-0.24432953,0.13367348,-0.19739088,0.07407988,0,1,0,0,0
2072,431458,0.97707432,-0.66511735,-0.29693659,0.13858916,-0.18819129,0.05306432,0,1,0,0,0
2073,431666,0.99359321,-0.62682912,-0.36318624,0.14276631,-0.18991646,0.04132735,0,1,0,0,0
2074,431875,0.99036008,-0.56812823,-0.42244193,0.15284830,-0.18068890,0.02919588,0,1,0,0,0
2075,432083,1.00542725,-0.51171141,-0.48112238,0.15006075,-0.16016422,0.02001081,0,1,0,0,0
2076,432291,0.99452199,-0.45515121,-0.53397661,0.15374616,-0.16791815,-0.01190857,0,1,0,0,0
2077,432500,0.99593227,-0.39387277,-0.58301715,0.15599971,-0.15707749,-0.01555361,0,1,0,0,0
2078,432708,0.98259761,-0.33806727,-0.63274591,0.15577542,-0.13435825,-0.03021832,0,1,0,0,0
2079,432916,0.95893914,-0.27246077,-0.68507329,0.17273000,-0.14135909,-0.03413324,0,1,0,0,0
2080,433125,0.94560593,-0.21157055,-0.73547553,0.19082609,-0.11639561,-0.04892628,0,1,0,0,0
2081,433333,0.92818980,-0.14305708,-0.77426318,0.18920391,-0.10395864,-0.04825321,0,1,0,0,0
2082,433541,0.89131728,-0.08919722,-0.82743561,0.19659514,-0.08324898,-0.06331644,0,1,0,0,0
2083,433750,0.87136586,-0.02890356,-0.84987139,0.19694413,-0.06845463,-0.06749929,0,1,0,0,0
2084,433958,0.82838361,0.05612958,-0.88291677,0.22373701,-0.06528286,-0.07855917,0,1,0,0,0
2085,434166,0.80020428,0.11259371,-0.92076744,0.20813144,-0.05203904,-0.09982534,0,1,0,0,0
2086,434375,0.74938445,0.17204947,-0.94021615,0.20131092,-0.03931230,-0.09990113,0,1,0,0,0
2087,434583,0.71393824,0.24417387,-0.95615489,0.19535377,-0.03000989,-0.11124219,0,1,0,0,0
2088,434791,0.66838989,0.30580398,-0.97172972,0.22044980,-0.00201416,-0.10600658,0,1,0,0,0
2089,435000,0.61330667,0.37239281,-0.98073231,0.18534775,0.00222655,-0.11469364,0,1,0,0,0
2090,435208,0.56105668,0.43361082,-0.98478418,0.18638502,0.02232397,-0.13402804,0,1,0,0,0
2091,435416,0.51389204,0.48783603,-0.99720312,0.18057279,0.01376210,-0.14187637,0,1,0,0,0
2092,435625,0.44549198,0.55123807,-1.00118049,0.18184906,0.04834017,-0.16905056,0,1,0,0,0
2093,435833,0.38786995,0.59484136,-0.98613960,0.17914777,0.05065837,-0.16657494,0,1,0,0,0
2094,436041,0.33332835,0.64083430,-0.97432091,0.16952248,0.07007772,-0.19633914,0,1,0,0,0
2095,436250,0.27053522,0.70218322,-0.96071818,0.15827478,0.05777299,-0.17087413,0,1,0,0,0
2096,436458,0.20448146,0.74598707,-0.94681736,0.14076393,0.10628019,-0.16318747,0,1,0,0,0
2097,436666,0.13611267,0.78044063,-0.91714493,0.16564713,0.10677637,-0.19611151,0,1,0,0,0
2098,436875,0.08299836,0.83225314,-0.90239044,0.14135601,0.13229543,-0.19256533,0,1,0,0,0
2099,437083,0.00754395,0.85653006,-0.86286680,0.13503937,0.13482205,-0.19353936,0,1,0,0,0
2100,437291,-0.03940961,0.89666699,-0.84256144,0.11208776,0.11199143,-0.21074229,0,1,0,0,0
2101,437500,-0.12126429,0.92953092,-0.81016669,0.10407626,0.15524469,-0.20118039,0,1,0,0,0
2102,437708,-0.18505607,0.95156619,-0.76314411,0.10569003,0.14847737,-0.19450565,0,1,0,0,0
2103,437916,-0.24161381,0.97184130,-0.71512154,0.05765815,0.15892034,-0.19563155,0,1,0,0,0
2104,438125,-0.30368560,0.98484403,-0.66406298,0.07215503,0.16346367,-0.19367869,0,1,0,0,0
2105,438333,-0.37345950,1.00010735,-0.61767795,0.04622578,0.16257480,-0.19301400,0,1,0,0,0
2106,438541,-0.42103454,1.00940445,-0.55878268,0.03674296,0.16526803,-0.19284924,0,1,0,0,0
2107,438750,-0.48717102,1.00668889,-0.50039044,0.03317487,0.18250859,-0.17150882,0,1,0,0,0
2108,438958,-0.54744434,1.00271311,-0.44419060,-0.00394600,0.17368933,-0.15331061,0,1,0,0,0
2109,439166,-0.59936147,1.00617696,-0.38740640,-0.04127242,0.18917725,-0.18283511,0,1,0,0,0
2110,439375,-0.64767632,1.00084099,-0.32017641,-0.03946915,0.20991649,-0.17557158,0,1,0,0,0
2111,439583,-0.69515114,0.98400442,-0.26860758,-0.04184877,0.19054620,-0.15699253,0,1,0,0,0
2112,439791,-0.74845023,0.94411817,-0.20337003,-0.03798879,0.20711895,-0.13974024,0,1,0,0,0
2113,440000,-0.79852418,0.94020016,-0.14178587,-0.06994314,0.22637042,-0.12816962,0,1,0,0,0
2114,440208,-0.83753495,0.90365677,-0.07211235,-0.06126367,0.21103458,-0.11422910,0,1,0,0,0
2115,440416,-0.87363437,0.88512592,-0.01346730,-0.10980007,0.20339987,-0.10439847,0,1,0,0,0
2116,440625,-0.90123953,0.83683442,0.05490356,-0.10055063,0.20453390,-0.09568972,0,1,0,0,0
2117,440833,-0.92540567,0.79907573,0.12123561,-0.09327012,0.22006331,-0.07019184,0,1,0,0,0
2118,441041,-0.94815734,0.76408821,0.17864701,-0.10154798,0.24054933,-0.08010821,0,1,0,0,0
2119,441250,-0.96325628,0.71900274,0.23672521,-0.13712026,0.21357517,-0.04899555,0,1,0,0,0
2120,441458,-0.99490543,0.67307775,0.30633558,-0.13190649,0.21440940,-0.02476152,0,1,0,0,0
2121,441666,-0.99617085,0.63063259,0.36511791,-0.13027628,0.21253849,-0.04533717,0,1,0,0,0
2122,441875,-1.00125106,0.58053943,0.42608015,-0.14053481,0.21645799,-0.03587121,0,1,0,0,0
2123,442083,-1.02081761,0.51556805,0.47537211,-0.12699581,0.20606746,-0.00030899,0,1,0,0,0
2124,442291,-1.00344622,0.47207515,0.53599699,-0.14332375,0.18682902,0.01809751,0,1,0,0,0
2125,442500,-0.98665966,0.39916308,0.60212699,-0.16277133,0.18407106,0.02501805,0,1,0,0,0
2126,442708,-0.98667304,0.34183171,0.64487682,-0.14878640,0.17736937,0.01536576,0,1,0,0,0
2127,442916,-0.97487433,0.29542352,0.70397068,-0.15350361,0.13812704,0.03048015,0,1,0,0,0
2128,443125,-0.95935124,0.22116549,0.74023717,-0.17545222,0.13798481,0.05170025,0,1,0,0,0
2129,443333,-0.93417667,0.15155648,0.78869433,-0.17805529,0.11650296,0.06917422,0,1,0,0,0
2130,443541,-0.90092896,0.09095859,0.82410599,-0.18103168,0.10782497,0.06873767,0,1,0,0,0
2131,443750,-0.87969665,0.02754047,0.86423667,-0.16427945,0.10820804,0.08103535,0,1,0,0,0
2132,443958,-0.83759563,-0.04005571,0.89169491,-0.18180043,0.07650912,0.08709507,0,1,0,0,0
2133,444166,-0.80328573,-0.10093934,0.92221467,-0.20465736,0.09867450,0.10097756,0,1,0,0,0
2134,444375,-0.75615432,-0.17683329,0.95156465,-0.19474194,0.06948913,0.08686314,0,1,0,0,0
2135,444583,-0.71435954,-0.24023531,0.96798144,-0.17413308,0.04452698,0.10673464,0,1,0,0,0
2136,444791,-0.67141234,-0.30489574,0.97825175,-0.18246682,0.03653315,0.12826409,0,1,0,0,0
2137,445000,-0.62153370,-0.36681965,0.98416669,-0.18644297,0.01226232,0.11457635,0,1,0,0,0
2138,445208,-0.57098281,-0.42313882,1.00055005,-0.17269297,-0.00264524,0.12519947,0,1,0,0,0
2139,445416,-0.50947428,-0.48753719,1.00650691,-0.15308961,-0.00524395,0.14144831,0,1,0,0,0
2140,445625,-0.46017755,-0.53754021,1.00408337,-0.13467407,-0.00225334,0.13894555,0,1,0,0,0
2141,445833,-0.39770341,-0.59024847,0.99359616,-0.15030575,-0.04372107,0.14631099,0,1,0,0,0
2142,446041,-0.33872444,-0.65134294,0.98915659,-0.13799945,-0.03180040,0.16214912,0,1,0,0,0
2143,446250,-0.28265227,-0.69737570,0.97788400,-0.13694764,-0.06034610,0.16986439,0,1,0,0,0
2144,446458,-0.21199545,-0.74275720,0.96354789,-0.12657654,-0.07001187,0.18538175,0,1,0,0,0
2145,446666,-0.15708512,-0.78409566,0.93329275,-0.13040552,-0.08480213,0.17326820,0,1,0,0,0
2146,446875,-0.08750015,-0.82328313,0.92044302,-0.09841383,-0.08987549,0.18569605,0,1,0,0,0
2147,447083,-0.01737626,-0.85392580,0.88511585,-0.10822490,-0.09751126,0.19969163,0,1,0,0,0
2148,447291,0.04483000,-0.88594786,0.84442654,-0.10427838,-0.12023541,0.19987949,0,1,0,0,0
2149,447500,0.10940772,-0.92355087,0.80679812,-0.08937017,-0.12141567,0.18665631,0,1,0,0,0
2150,447708,0.16874354,-0.94084038,0.77067810,-0.06217574,-0.12096270,0.18812364,0,1,0,0,0
2151,447916,0.24229414,-0.95819339,0.71371678,-0.06183194,-0.13261413,0.17450199,0,1,0,0,0
2152,448125,0.29592653,-0.97561683,0.66614076,-0.02479073,-0.15133606,0.18260062,0,1,0,0,0
2153,448333,0.36625486,-0.99291805,0.61245411,-0.01807797,-0.15559152,0.19002060,0,1,0,0,0
2154,448541,0.43033982,-1.00204633,0.56381003,-0.00012016,-0.17018662,0.18160334,0,1,0,0,0
2155,448750,0.47573905,-1.01208513,0.50476586,0.00272621,-0.14922355,0.16124950,0,1,0,0,0
2156,448958,0.53897525,-1.00583686,0.44939036,0.01595077,-0.17184388,0.15688575,0,1,0,0,0
2157,449166,0.59384009,-1.00536432,0.39151797,0.03710458,-0.19678154,0.13727612,0,1,0,0,0
2158,449375,0.65037939,-0.98180165,0.32402692,0.03870104,-0.19910982,0.12595865,0,1,0,0,0
2159,449583,0.69401626,-0.97403549,0.27591567,0.06818247,-0.20005548,0.12181877,0,1,0,0,0
2160,449791,0.73938047,-0.95413934,0.21234615,0.08456621,-0.19243397,0.11807800,0,1,0,0,0
