1,0,0.17108122,0.76867195,-0.94680905,0.11326221,0.05943307,-0.20298198,0,0,0,0,0
2,208,0.11172344,0.80247446,-0.90523751,0.13437215,0.10474335,-0.20036049,0,0,0,0,0
3,416,0.04046352,0.85144142,-0.88370069,0.10084261,0.11742520,-0.22038739,0,0,0,0,0
4,625,-0.02395704,0.86730956,-0.85216813,0.06873528,0.11911728,-0.20218014,0,0,0,0,0
5,833,-0.07189501,0.89983312,-0.82162020,0.09411234,0.11621566,-0.20574796,0,0,0,0,0
6,1041,-0.15608713,0.92992041,-0.78604557,0.06298158,0.12442570,-0.20965290,0,0,0,0,0
7,1250,-0.21534141,0.95646273,-0.74070768,0.05028086,0.14023893,-0.19457099,0,0,0,0,0
8,1458,-0.27941400,0.98153950,-0.69536817,0.05377815,0.14719450,-0.18386169,0,0,0,0,0
9,1666,-0.33291798,0.97864277,-0.64888488,0.02506644,0.14287135,-0.18063525,0,0,0,0,0
10,1875,-0.39525760,1.00480990,-0.58924172,0.00774785,0.15102693,-0.19002699,0,0,0,0,0
11,2083,-0.46753530,0.98926376,-0.54249310,0.00886240,0.16844340,-0.20174178,0,0,0,0,0
12,2291,-0.51913575,0.99829864,-0.48168898,-0.00520789,0.16850745,-0.17658842,0,0,0,0,0
13,2500,-0.56937326,0.99578384,-0.43179595,-0.00297581,0.16761990,-0.17042517,0,0,0,0,0
14,2708,-0.62476739,0.98317495,-0.35973875,-0.02287451,0.17339914,-0.16785277,0,0,0,0,0
15,2916,-0.65896705,0.97818780,-0.29486569,-0.03018016,0.17370813,-0.17134917,0,0,0,0,0
16,3125,-0.71482132,0.96062359,-0.24122290,-0.05817093,0.21194691,-0.15575361,0,0,0,0,0
17,3333,-0.76224257,0.94492265,-0.17741677,-0.05869379,0.18086355,-0.11608719,0,0,0,0,0
18,3541,-0.80289147,0.90695353,-0.12124445,-0.08336070,0.19410543,-0.11158765,0,0,0,0,0
19,3750,-0.83992840,0.89079941,-0.04494178,-0.09481568,0.18527699,-0.09098661,0,0,0,0,0
20,3958,-0.87761772,0.85862390,0.01898773,-0.09706647,0.20607627,-0.08715766,0,0,0,0,0
21,4166,-0.90337769,0.82180532,0.08611979,-0.11372430,0.18731303,-0.07335679,0,0,0,0,0
22,4375,-0.93198475,0.78179273,0.14531266,-0.12625782,0.18666067,-0.06703140,0,0,0,0,0
23,4583,-0.95101878,0.74440499,0.20740436,-0.11945633,0.20334765,-0.07061099,0,0,0,0,0
24,4791,-0.96617995,0.69129357,0.28020334,-0.16476659,0.18139222,-0.04478123,0,0,0,0,0
25,5000,-0.98409453,0.64337819,0.33600243,-0.16753256,0.18769598,-0.01569163,0,0,0,0,0
26,5208,-0.98833594,0.59238176,0.39460873,-0.16049421,0.18188258,-0.02766435,0,0,0,0,0
27,5416,-1.00018029,0.54180996,0.45364558,-0.16794836,0.18122536,-0.00870564,0,0,0,0,0
28,5625,-0.99861257,0.48686040,0.51380057,-0.19285535,0.15961786,0.00031057,0,0,0,0,0
29,5833,-0.99651763,0.41906588,0.56176772,-0.19759290,0.16441203,0.00406945,0,0,0,0,0
30,6041,-0.98468206,0.37137777,0.62241692,-0.20800469,0.13917020,0.03434503,0,0,0,0,0
31,6250,-0.97168006,0.31154613,0.68067991,-0.18670307,0.12786350,0.05373996,0,0,0,0,0
32,6458,-0.95797366,0.24346906,0.71717518,-0.19333774,0.11931678,0.06546102,0,0,0,0,0
33,6666,-0.94086344,0.17669904,0.76974287,-0.20682506,0.11266545,0.09162378,0,0,0,0,0
34,6875,-0.92025065,0.11356316,0.79897176,-0.19257917,0.11677473,0.07861874,0,0,0,0,0
35,7083,-0.88949855,0.04534764,0.84342208,-0.19311186,0.11525688,0.10717336,0,0,0,0,0
36,7291,-0.86037832,-0.01851435,0.87505849,-0.19855174,0.09037398,0.08909702,0,0,0,0,0
37,7500,-0.82803558,-0.08094744,0.90173986,-0.20565036,0.09501135,0.11694184,0,0,0,0,0
38,7708,-0.79134789,-0.14641495,0.92528575,-0.19171701,0.08151941,0.09464819,0,0,0,0,0
39,7916,-0.74260912,-0.20342621,0.95725027,-0.19464971,0.06590666,0.11456240,0,0,0,0,0
40,8125,-0.69414708,-0.27428973,0.96655641,-0.17367760,0.04096225,0.14587001,0,0,0,0,0
41,8333,-0.63891815,-0.33652436,0.98299955,-0.19096831,0.03433787,0.15371214,0,0,0,0,0
42,8541,-0.59963222,-0.39989442,0.98948378,-0.17774468,0.03614274,0.14466813,0,0,0,0,0
43,8750,-0.54554630,-0.45529353,1.00403820,-0.17311677,0.00548163,0.15544244,0,0,0,0,0
44,8958,-0.49262092,-0.51634500,1.00175301,-0.16768801,-0.00042248,0.17939308,0,0,0,0,0
45,9166,-0.42397270,-0.57473994,0.99506779,-0.15530929,-0.01074860,0.17498662,0,0,0,0,0
46,9375,-0.36895871,-0.62376481,0.98830274,-0.16449595,-0.04090258,0.17104213,0,0,0,0,0
47,9583,-0.29820733,-0.67229209,0.97212524,-0.14589086,-0.05485367,0.21436338,0,0,0,0,0
48,9791,-0.24770602,-0.72143638,0.95572316,-0.13297442,-0.06390088,0.18858766,0,0,0,0,0
49,10000,-0.18107768,-0.75931581,0.94704688,-0.12103045,-0.07323219,0.20095514,0,0,0,0,0
50,10208,-0.11480639,-0.81426473,0.91342606,-0.11381132,-0.09333226,0.21075328,0,0,0,0,0
51,10416,-0.04611980,-0.83972015,0.89168581,-0.11093216,-0.09621177,0.20198612,0,0,0,0,0
52,10625,0.03119943,-0.87791761,0.85386096,-0.09779681,-0.10136520,0.20262253,0,0,0,0,0
53,10833,0.08417335,-0.90660330,0.81157285,-0.04992983,-0.12472191,0.19583767,0,0,0,0,0
54,11041,0.15044006,-0.92823780,0.78949857,-0.07790989,-0.12125757,0.20604072,0,0,0,0,0
55,11250,0.21141841,-0.94706626,0.73541540,-0.06846689,-0.13908249,0.21230419,0,0,0,0,0
56,11458,0.27333208,-0.97685229,0.69070112,-0.07423386,-0.13933812,0.19799368,0,0,0,0,0
57,11666,0.34401440,-0.99285144,0.64587692,-0.03585874,-0.13139133,0.19360562,0,0,0,0,0
58,11875,0.40267904,-0.99638198,0.59333620,-0.01627917,-0.15524836,0.18222211,0,0,0,0,0
59,12083,0.45526577,-0.99921966,0.53382648,-0.01438146,-0.14836553,0.17169165,0,0,0,0,0
60,12291,0.51779035,-1.00640996,0.48471336,-0.01322651,-0.18689335,0.18310094,0,0,0,0,0
61,12500,0.56739009,-0.99549070,0.42061853,0.01963475,-0.18684412,0.17575014,0,0,0,0,0
62,12708,0.61957596,-0.98603519,0.36849303,0.01489451,-0.18953610,0.14867891,0,0,0,0,0
63,12916,0.67241721,-0.97927689,0.29810245,0.02769533,-0.17678947,0.12678395,0,0,0,0,0
64,13125,0.72036214,-0.96448731,0.23984400,0.05861581,-0.19649908,0.14819978,0,0,0,0,0
65,13333,0.76078944,-0.93931857,0.17778501,0.05540079,-0.17617462,0.12761583,0,0,0,0,0
66,13541,0.79755926,-0.91765808,0.11936365,0.06100292,-0.18921364,0.12666694,0,0,0,0,0
67,13750,0.83834828,-0.88780452,0.05652600,0.08562513,-0.19454653,0.10454619,0,0,0,0,0
68,13958,0.87728694,-0.85872604,-0.01917386,0.09810674,-0.17447181,0.10867170,0,0,0,0,0
69,14166,0.90202638,-0.82133570,-0.07570213,0.10608791,-0.18691134,0.09015532,0,0,0,0,0
70,14375,0.92614747,-0.78590697,-0.14431525,0.13293772,-0.19303661,0.07131075,0,0,0,0,0
71,14583,0.94952874,-0.74485310,-0.20943195,0.14900773,-0.17497011,0.05000731,0,0,0,0,0
72,14791,0.96313052,-0.70646601,-0.27750688,0.14508323,-0.19276974,0.04823737,0,0,0,0,0
73,15000,0.98904578,-0.65393393,-0.34263559,0.14981007,-0.18341503,0.01529504,0,0,0,0,0
74,15208,0.99699166,-0.60027992,-0.39633644,0.16455641,-0.17822958,0.01336031,0,0,0,0,0
75,15416,1.00945809,-0.54440580,-0.45174456,0.19061230,-0.16357514,0.01530885,0,0,0,0,0
76,15625,0.99894491,-0.48514621,-0.51780116,0.18203824,-0.17223251,-0.01392964,0,0,0,0,0
77,15833,0.99585760,-0.42475326,-0.56875428,0.19167430,-0.15554072,-0.02580020,0,0,0,0,0
78,16041,0.99245870,-0.36615969,-0.63365607,0.19456597,-0.16429761,-0.03319596,0,0,0,0,0
79,16250,0.97376828,-0.30644170,-0.67297543,0.19566968,-0.16023022,-0.03351979,0,0,0,0,0
80,16458,0.96626219,-0.24660280,-0.72185403,0.18808293,-0.14174697,-0.05146215,0,0,0,0,0
81,16666,0.94461844,-0.17202016,-0.76107207,0.20288609,-0.13231869,-0.06465384,0,0,0,0,0
82,16875,0.92292371,-0.10307889,-0.80487384,0.21669015,-0.11540442,-0.09176521,0,0,0,0,0
83,17083,0.89118733,-0.04253095,-0.83978785,0.22337765,-0.10908753,-0.09030086,0,0,0,0,0
84,17291,0.85581077,0.02534725,-0.87303192,0.21436254,-0.08313934,-0.09694665,0,0,0,0,0
85,17500,0.82467445,0.09015113,-0.89873543,0.21074858,-0.07195332,-0.11107503,0,0,0,0,0
86,17708,0.77511333,0.14122591,-0.92650198,0.21552645,-0.08521458,-0.12717330,0,0,0,0,0
87,17916,0.73562656,0.20564087,-0.94889897,0.19669381,-0.08142840,-0.12203047,0,0,0,0,0
88,18125,0.68857460,0.27691991,-0.96243014,0.20693410,-0.04486763,-0.13885539,0,0,0,0,0
89,18333,0.64320565,0.34213635,-0.98153995,0.17763142,-0.05440502,-0.13405950,0,0,0,0,0
90,18541,0.58469323,0.40585714,-0.99309691,0.17569674,-0.03272374,-0.15190350,0,0,0,0,0
91,18750,0.54751032,0.45781072,-0.99135590,0.17610611,-0.02279229,-0.18034361,0,0,0,0,0
92,18958,0.47866575,0.50749381,-0.99661017,0.18978789,0.00181310,-0.16182797,0,0,0,0,0
93,19166,0.42857320,0.56825537,-0.99852704,0.13917095,0.01775742,-0.15137701,0,0,0,0,0
94,19375,0.36115154,0.62430105,-0.98385782,0.15104931,0.03693640,-0.18405157,0,0,0,0,0
95,19583,0.31222385,0.67071244,-0.96936125,0.15248278,0.03003627,-0.19385021,0,0,0,0,0
96,19791,0.24193566,0.71693124,-0.95459786,0.12965413,0.04859852,-0.18744926,0,0,0,0,0
97,20000,0.17512177,0.76667900,-0.94113133,0.13335850,0.06466133,-0.19429524,0,0,0,0,0
98,20208,0.11399652,0.80045579,-0.91406932,0.11351377,0.08344661,-0.19513790,0,0,0,0,0
99,20416,0.04627413,0.83470551,-0.88859016,0.11489858,0.07621578,-0.20444422,0,0,0,0,0
100,20625,-0.01419273,0.87474445,-0.85101741,0.08042876,0.11020995,-0.20293866,0,0,0,0,0
101,20833,-0.09147796,0.90080365,-0.82955993,0.09737410,0.11983204,-0.19580601,0,0,0,0,0
102,21041,-0.16050009,0.93246625,-0.77631392,0.09279582,0.12856514,-0.19882247,0,0,0,0,0
103,21250,-0.21284475,0.95072220,-0.74340749,0.07155239,0.13887459,-0.20187555,0,0,0,0,0
104,21458,-0.27249696,0.96490322,-0.69954618,0.04092683,0.14566489,-0.19954171,0,0,0,0,0
105,21666,-0.34599423,0.97825714,-0.64356477,0.04437433,0.14089217,-0.19020723,0,0,0,0,0
106,21875,-0.40052217,0.99602800,-0.58991044,0.02561419,0.16357185,-0.17800860,0,0,0,0,0
107,22083,-0.46443211,1.00271633,-0.55245415,0.02669555,0.16354090,-0.18232947,0,0,0,0,0
108,22291,-0.51017417,0.99820034,-0.47968666,0.00900838,0.17871979,-0.18828892,0,0,0,0,0
109,22500,-0.56494967,0.99541847,-0.42707213,-0.02059901,0.18483708,-0.17105022,0,0,0,0,0
110,22708,-0.62954404,0.99001819,-0.35457451,-0.06288794,0.18827548,-0.15535812,0,0,0,0,0
111,22916,-0.66883964,0.97180950,-0.29827848,-0.04700433,0.19501482,-0.13363351,0,0,0,0,0
112,23125,-0.71508252,0.96553787,-0.24385802,-0.04128134,0.19229366,-0.14630173,0,0,0,0,0
113,23333,-0.75743736,0.93862927,-0.18382156,-0.06194336,0.17669121,-0.10731881,0,0,0,0,0
114,23541,-0.80097735,0.91693636,-0.11407993,-0.07846848,0.18428830,-0.13281923,0,0,0,0,0
115,23750,-0.83626437,0.87969194,-0.05421680,-0.09551868,0.19541751,-0.11070898,0,0,0,0,0
116,23958,-0.86789999,0.86023219,0.02041100,-0.09876489,0.17646755,-0.08621885,0,0,0,0,0
117,24166,-0.90019952,0.83089391,0.07983580,-0.13376840,0.20100665,-0.06473115,0,0,0,0,0
118,24375,-0.93351133,0.78894484,0.14452730,-0.11270959,0.19868923,-0.06768942,0,0,0,0,0
119,24583,-0.94161127,0.73996318,0.21522904,-0.12445174,0.20019856,-0.04008256,0,0,0,0,0
120,24791,-0.97189553,0.69522718,0.27569325,-0.13111668,0.19992757,-0.06631227,0,0,0,0,0
121,25000,-0.98748320,0.64680294,0.32580021,-0.15764750,0.18616790,-0.03384172,0,0,0,0,0
122,25208,-0.99667340,0.59296297,0.39768843,-0.16317906,0.16778344,-0.02354568,0,0,0,0,0
123,25416,-1.00362957,0.54672782,0.45793107,-0.16915271,0.16596779,-0.00924372,0,0,0,0,0
124,25625,-1.00130910,0.48532722,0.51317071,-0.18906885,0.19139458,0.00526563,0,0,0,0,0
125,25833,-0.99227193,0.42314038,0.56552734,-0.18812637,0.15837623,0.01111427,0,0,0,0,0
126,26041,-0.98400359,0.37138487,0.62370848,-0.17752953,0.14827988,0.03398611,0,0,0,0,0
127,26250,-0.97918326,0.30847208,0.67150919,-0.20341040,0.14701185,0.05346290,0,0,0,0,0
128,26458,-0.95911035,0.23489720,0.71888064,-0.21594221,0.13871604,0.04579149,0,0,0,0,0
129,26666,-0.94234835,0.17533954,0.76358593,-0.18940498,0.14669729,0.05876225,0,0,0,0,0
130,26875,-0.91928824,0.11291679,0.80700371,-0.17915731,0.13238156,0.07701683,0,0,0,0,0
131,27083,-0.89470090,0.04995063,0.84571829,-0.21142381,0.09398417,0.10123243,0,0,0,0,0
132,27291,-0.86251326,-0.02799824,0.87472933,-0.20699068,0.09675716,0.12116635,0,0,0,0,0
133,27500,-0.81422874,-0.08428047,0.90140664,-0.19502247,0.08977950,0.12617518,0,0,0,0,0
134,27708,-0.78432348,-0.15050464,0.92653401,-0.18715078,0.06291348,0.12414874,0,0,0,0,0
135,27916,-0.74853912,-0.21692631,0.95081227,-0.19546174,0.06889328,0.12645967,0,0,0,0,0
136,28125,-0.68802168,-0.27712497,0.97220335,-0.20099495,0.04766415,0.13337278,0,0,0,0,0
137,28333,-0.64392618,-0.33235574,0.98944138,-0.19090530,0.05193073,0.17428484,0,0,0,0,0
138,28541,-0.58808299,-0.40349509,0.98941871,-0.17729338,0.03202639,0.17079705,0,0,0,0,0
139,28750,-0.54358381,-0.46303632,0.99729940,-0.16661381,0.01816704,0.16963926,0,0,0,0,0
140,28958,-0.49070252,-0.51163259,0.99497598,-0.14604855,-0.01112671,0.17379911,0,0,0,0,0
141,29166,-0.42388054,-0.57684599,0.99525338,-0.15725191,-0.03360927,0.15942355,0,0,0,0,0
142,29375,-0.35791830,-0.61929962,0.98500288,-0.17249588,-0.02797544,0.19410757,0,0,0,0,0
143,29583,-0.30841340,-0.67232926,0.97274013,-0.13556638,-0.04056686,0.18125639,0,0,0,0,0
144,29791,-0.24517220,-0.71514845,0.95630185,-0.13971232,-0.06532039,0.20151720,0,0,0,0,0
145,30000,-0.17477348,-0.75892567,0.94143787,-0.13992576,-0.06704695,0.19400619,0,0,0,0,0
146,30208,-0.10834915,-0.81030433,0.91654383,-0.10463592,-0.08660428,0.21574098,0,0,0,0,0
147,30416,-0.04414415,-0.83921347,0.88409271,-0.11515605,-0.10590048,0.20359633,0,0,0,0,0
148,30625,0.01651642,-0.87054740,0.85919392,-0.09947938,-0.09352937,0.20466245,0,0,0,0,0
149,30833,0.08135487,-0.90828592,0.82608001,-0.07430914,-0.12117274,0.20561491,0,0,0,0,0
150,31041,0.15608905,-0.94011722,0.78534034,-0.07099675,-0.12655874,0.21603448,0,0,0,0,0
151,31250,0.21262742,-0.95085718,0.73335121,-0.07421760,-0.14766876,0.19479755,0,0,0,0,0
152,31458,0.28024640,-0.97871994,0.69419414,-0.05654598,-0.16478483,0.20430299,0,0,0,0,0
153,31666,0.34707163,-0.97938789,0.65155548,-0.03018650,-0.15351502,0.19270933,0,0,0,0,0
154,31875,0.39751964,-0.99618952,0.59982959,-0.01185240,-0.17309774,0.18405155,0,0,0,0,0
155,32083,0.45933757,-1.00268278,0.53626013,-0.02787648,-0.16354059,0.18869733,0,0,0,0,0
156,32291,0.51569010,-1.00517355,0.48903255,0.00327427,-0.16298962,0.18168990,0,0,0,0,0
157,32500,0.56249128,-0.99494177,0.42173278,-0.00116997,-0.19558185,0.14606145,0,0,0,0,0
158,32708,0.62995895,-0.98797860,0.36288456,0.01982956,-0.17756419,0.17241567,0,0,0,0,0
159,32916,0.67357331,-0.98312258,0.30000370,0.03879956,-0.19963397,0.15033521,0,0,0,0,0
160,33125,0.71930252,-0.96083632,0.23883489,0.05692674,-0.21158405,0.13097952,0,0,0,0,0
161,33333,0.78115050,-0.93818044,0.17703257,0.03478794,-0.19673443,0.13370732,0,0,0,0,0
162,33541,0.80232893,-0.91957624,0.11438261,0.07218741,-0.18930040,0.11825832,0,0,0,0,0
163,33750,0.83294330,-0.88399600,0.05147903,0.08530962,-0.20957594,0.11312146,0,0,0,0,0
164,33958,0.86648541,-0.86201823,-0.00216025,0.11240101,-0.17944496,0.08992741,0,0,0,0,0
165,34166,0.90783810,-0.81581502,-0.07788401,0.10788846,-0.19676914,0.08952838,0,0,0,0,0
166,34375,0.92685155,-0.78715149,-0.14660996,0.12787295,-0.19339375,0.07122644,0,0,0,0,0
167,34583,0.94852989,-0.74207908,-0.21080893,0.12205790,-0.19879878,0.06263081,0,0,0,0,0
168,34791,0.96758306,-0.70216566,-0.26392458,0.13029858,-0.18580154,0.05097018,0,0,0,0,0
169,35000,0.97782037,-0.65053884,-0.33577134,0.13516003,-0.18496238,0.03354575,0,0,0,0,0
170,35208,0.99601141,-0.59616160,-0.40000580,0.16842263,-0.17958344,0.01754601,0,0,0,0,0
171,35416,0.99726318,-0.54107892,-0.46146925,0.17480561,-0.18298747,-0.00905930,0,0,0,0,0
172,35625,0.99877629,-0.48699516,-0.52079561,0.18022509,-0.15872171,0.00274651,0,0,0,0,0
173,35833,0.98289432,-0.42966696,-0.57873659,0.16130864,-0.15224716,-0.01913837,0,0,0,0,0
174,36041,0.99547938,-0.36609322,-0.63368466,0.19209601,-0.15980869,-0.02984471,0,0,0,0,0
175,36250,0.97759985,-0.29896761,-0.68283100,0.19793536,-0.14582376,-0.04626739,0,0,0,0,0
176,36458,0.96788896,-0.24318151,-0.71670770,0.18691279,-0.12741035,-0.05043572,0,0,0,0,0
177,36666,0.93645317,-0.17523417,-0.76594250,0.20724272,-0.12963243,-0.06286544,0,0,0,0,0
178,36875,0.92250577,-0.10639530,-0.81001677,0.20848550,-0.10057767,-0.09598091,0,0,0,0,0
179,37083,0.89362824,-0.04685149,-0.84835635,0.21522117,-0.11285736,-0.10873809,0,0,0,0,0
180,37291,0.85465869,0.01844858,-0.87820950,0.18330578,-0.10988136,-0.10709356,0,0,0,0,0
181,37500,0.83288679,0.08818115,-0.90225326,0.19064649,-0.08722475,-0.13234998,0,0,0,0,0
182,37708,0.78325966,0.15324571,-0.92497245,0.20854555,-0.07286161,-0.13852349,0,0,0,0,0
183,37916,0.74262290,0.21295305,-0.95891424,0.20012479,-0.05826661,-0.13186460,0,0,0,0,0
184,38125,0.70594028,0.27677758,-0.97664379,0.19019845,-0.05282547,-0.15061963,0,0,0,0,0
185,38333,0.63736202,0.34631640,-0.98807920,0.17776090,-0.02074975,-0.14344024,0,0,0,0,0
186,38541,0.59465927,0.40121916,-0.99033597,0.17270772,-0.02563233,-0.15708961,0,0,0,0,0
187,38750,0.53842398,0.44755229,-0.99939728,0.17792011,-0.00229354,-0.14955418,0,0,0,0,0
188,38958,0.47800944,0.50942246,-1.00518788,0.16770731,0.01048587,-0.18623365,0,0,0,0,0
189,39166,0.42937921,0.56637837,-0.99955673,0.16024322,0.01273431,-0.15924286,0,0,0,0,0
190,39375,0.35765674,0.61555428,-0.99049706,0.15693450,0.02390091,-0.18273781,0,0,0,0,0
191,39583,0.29471002,0.66597096,-0.97316477,0.14454255,0.04887561,-0.17336695,0,0,0,0,0
192,39791,0.24592539,0.72154463,-0.95934765,0.13476587,0.05841322,-0.19042782,0,0,0,0,0
193,40000,0.16965217,0.76768556,-0.94404273,0.13640610,0.07339980,-0.19523280,0,0,0,0,0
194,40208,0.11554818,0.79689489,-0.92723845,0.10153735,0.08154682,-0.20618656,0,0,0,0,0
195,40416,0.04223821,0.83594538,-0.89112347,0.10530703,0.11383189,-0.19014454,0,0,0,0,0
196,40625,-0.01174171,0.87162769,-0.85219736,0.07625804,0.10712650,-0.19580241,0,0,0,0,0
197,40833,-0.08171915,0.90354424,-0.81906381,0.09606637,0.11195538,-0.20759954,0,0,0,0,0
198,41041,-0.15305303,0.93146680,-0.77947377,0.06892538,0.14719360,-0.20652608,0,0,0,0,0
199,41250,-0.21048995,0.95954014,-0.73766786,0.06563551,0.14550499,-0.20463485,0,0,0,0,0
200,41458,-0.27622461,0.97118713,-0.70450178,0.02934897,0.15654924,-0.17962215,0,0,0,0,0
201,41666,-0.33264969,0.98423478,-0.64045196,0.02357132,0.14860674,-0.17641007,0,0,0,0,0
202,41875,-0.39890143,0.99131779,-0.59930800,0.02832538,0.17556375,-0.19081834,0,0,0,0,0
203,42083,-0.46157603,1.00097503,-0.54224653,0.00815006,0.17775733,-0.18771883,0,0,0,0,0
204,42291,-0.50922866,0.99821070,-0.47961582,-0.01589881,0.17941543,-0.14702674,0,0,0,0,0
205,42500,-0.57137152,1.00160952,-0.41907736,-0.01953743,0.17927472,-0.15840516,0,0,0,0,0
206,42708,-0.62307392,0.99010564,-0.35907743,-0.03978383,0.21540702,-0.16098195,0,0,0,0,0
207,42916,-0.67065612,0.97428178,-0.30662574,-0.04249876,0.18738016,-0.13869649,0,0,0,0,0
208,43125,-0.71380822,0.96448390,-0.23597150,-0.03374262,0.19772980,-0.14644800,0,0,0,0,0
209,43333,-0.76001083,0.93851674,-0.17844763,-0.05899612,0.20872867,-0.11737177,0,0,0,0,0
210,43541,-0.80003806,0.91762977,-0.10715180,-0.07783277,0.19489558,-0.10072686,0,0,0,0,0
211,43750,-0.85078299,0.88380045,-0.04702930,-0.08774710,0.21611987,-0.11094935,0,0,0,0,0
212,43958,-0.86868246,0.86214149,0.01182665,-0.09555254,0.19514581,-0.10602635,0,0,0,0,0
213,44166,-0.89858755,0.82201569,0.08427112,-0.12410374,0.22412292,-0.07287772,0,0,0,0,0
214,44375,-0.91942702,0.78498635,0.14768819,-0.11698157,0.18860027,-0.06165782,0,0,0,0,0
215,44583,-0.95885450,0.75138715,0.21228515,-0.12213141,0.19700944,-0.05014705,0,0,0,0,0
216,44791,-0.97351601,0.69840310,0.27120351,-0.13182875,0.18362674,-0.06464966,0,0,0,0,0
217,45000,-0.98646842,0.64646757,0.33694537,-0.15443571,0.19738549,-0.02112025,0,0,0,0,0
218,45208,-0.98503947,0.59527027,0.39328869,-0.15492229,0.18437424,-0.01992804,0,0,0,0,0
219,45416,-0.99893899,0.54263712,0.45786517,-0.18791159,0.15912103,0.00706447,0,0,0,0,0
220,45625,-1.00524707,0.48802018,0.51918607,-0.17223008,0.14880166,0.01449810,0,0,0,0,0
221,45833,-0.99669467,0.41985695,0.56593779,-0.19824050,0.16300099,-0.00229197,0,0,0,0,0
222,46041,-0.98806055,0.36065471,0.61775409,-0.19275820,0.15477797,0.04471194,0,0,0,0,0
223,46250,-0.97762963,0.31012572,0.66794064,-0.19721815,0.15904153,0.03675905,0,0,0,0,0
224,46458,-0.96642315,0.24648764,0.71562422,-0.20584622,0.15577391,0.07660963,0,0,0,0,0
225,46666,-0.94170086,0.18439708,0.76299718,-0.22727005,0.13425682,0.06236372,0,0,0,0,0
226,46875,-0.91377700,0.10274218,0.80613936,-0.22346718,0.11385786,0.08672244,0,0,0,0,0
227,47083,-0.88017492,0.03785978,0.85059655,-0.21821596,0.09788896,0.08724291,0,0,0,0,0
228,47291,-0.85065900,-0.00769622,0.87352502,-0.21279920,0.11058402,0.10336880,0,0,0,0,0
229,47500,-0.81058564,-0.08837947,0.90158079,-0.20127457,0.08555395,0.11767090,0,0,0,0,0
230,47708,-0.77985335,-0.15215610,0.93171147,-0.18821761,0.08141726,0.14027728,0,0,0,0,0
231,47916,-0.73904698,-0.21600589,0.95688348,-0.20446284,0.04865229,0.14051638,0,0,0,0,0
232,48125,-0.70128430,-0.27720899,0.97093181,-0.17285940,0.05057160,0.15667716,0,0,0,0,0
233,48333,-0.64694301,-0.34000729,0.97547343,-0.17541508,0.02939760,0.14938459,0,0,0,0,0
234,48541,-0.59392371,-0.39773444,0.99557574,-0.15467915,0.02481339,0.14971340,0,0,0,0,0
235,48750,-0.53788788,-0.45648846,0.99349451,-0.15087077,0.01760749,0.17071062,0,0,0,0,0
236,48958,-0.48941452,-0.50838615,0.99579512,-0.15442078,-0.00185885,0.17150433,0,0,0,0,0
237,49166,-0.42815317,-0.58193312,0.98778201,-0.17265138,-0.02179018,0.18262844,0,0,0,0,0
238,49375,-0.37393442,-0.62860003,0.98818084,-0.15392393,-0.02147070,0.19064549,0,0,0,0,0
239,49583,-0.30694086,-0.66906284,0.96575395,-0.15908447,-0.05838614,0.17711936,0,0,0,0,0
240,49791,-0.24291894,-0.72039949,0.95230704,-0.14980323,-0.06962718,0.20163206,0,0,0,0,0
241,50000,-0.17415842,-0.75672712,0.94932172,-0.12381538,-0.07911357,0.19044826,0,0,0,0,0
242,50208,-0.11099035,-0.81028274,0.91636993,-0.12490217,-0.09322327,0.18537095,0,0,0,0,0
243,50416,-0.05062237,-0.83436322,0.88125745,-0.11764183,-0.09476993,0.21205389,0,0,0,0,0
244,50625,0.01946467,-0.87343076,0.84597931,-0.08749491,-0.11350949,0.20814597,0,0,0,0,0
245,50833,0.08496476,-0.90549015,0.82213601,-0.09530927,-0.12570113,0.19858065,0,0,0,0,0
246,51041,0.15384310,-0.93703632,0.78496399,-0.06990612,-0.11286882,0.20504404,0,0,0,0,0
247,51250,0.22113680,-0.95278897,0.74554094,-0.05252909,-0.14682265,0.20647967,0,0,0,0,0
248,51458,0.27462334,-0.96859115,0.69203154,-0.03904087,-0.13352975,0.19187888,0,0,0,0,0
249,51666,0.32713492,-0.98248776,0.64401327,-0.03021683,-0.16763093,0.19582300,0,0,0,0,0
250,51875,0.39439058,-0.99869975,0.59925385,-0.02414846,-0.17492447,0.19233295,0,0,0,0,0
251,52083,0.46073790,-0.99496572,0.52974626,-0.03867888,-0.17785072,0.17766832,0,0,0,0,0
252,52291,0.51057064,-1.00470057,0.47927617,-0.01038379,-0.18156824,0.17059992,0,0,0,0,0
253,52500,0.57279130,-0.99402558,0.42712882,0.00425572,-0.18543495,0.17107483,0,0,0,0,0
254,52708,0.62351496,-0.97655321,0.37149492,0.02610078,-0.18617627,0.17068492,0,0,0,0,0
255,52916,0.67192693,-0.97242500,0.30427593,0.04649246,-0.16273579,0.13439682,0,0,0,0,0
256,53125,0.71759244,-0.96573037,0.23296175,0.06622921,-0.20641884,0.15598881,0,0,0,0,0
257,53333,0.77256719,-0.93683569,0.17895694,0.07397597,-0.21280030,0.13737119,0,0,0,0,0
258,53541,0.79784391,-0.91094617,0.11051628,0.07062999,-0.19082925,0.11699877,0,0,0,0,0
259,53750,0.83768406,-0.88551923,0.04509922,0.09773047,-0.18723112,0.09729489,0,0,0,0,0
260,53958,0.87844340,-0.85537517,-0.01726636,0.08301380,-0.19419477,0.08516578,0,0,0,0,0
261,54166,0.90848448,-0.81697938,-0.07839916,0.12249904,-0.19718995,0.08962770,0,0,0,0,0
262,54375,0.92568062,-0.78036753,-0.13728347,0.10985570,-0.21340677,0.06995670,0,0,0,0,0
263,54583,0.94822760,-0.74624131,-0.20843071,0.11978769,-0.20541542,0.04351920,0,0,0,0,0
264,54791,0.97353820,-0.69299345,-0.27035533,0.16029759,-0.18011141,0.05014386,0,0,0,0,0
265,55000,0.97827861,-0.65254206,-0.34176836,0.15703842,-0.17696900,0.03431985,0,0,0,0,0
266,55208,0.99969256,-0.59445655,-0.38981202,0.15582483,-0.18209147,0.03016534,0,0,0,0,0
267,55416,0.99959250,-0.54816120,-0.45512769,0.15716797,-0.17663022,0.00446947,0,0,0,0,0
268,55625,0.99894352,-0.49825101,-0.51580803,0.18713720,-0.17613288,0.00171043,0,0,0,0,0
269,55833,0.99052232,-0.42385962,-0.56971959,0.18461333,-0.15518911,-0.01800564,0,0,0,0,0
270,56041,0.98638045,-0.36319703,-0.62118929,0.18694048,-0.14442308,-0.03190389,0,0,0,0,0
271,56250,0.98300301,-0.29856676,-0.67123401,0.19457216,-0.15013457,-0.05743790,0,0,0,0,0
272,56458,0.96141556,-0.24029481,-0.71785797,0.20713742,-0.13777900,-0.05640244,0,0,0,0,0
273,56666,0.94677435,-0.17666835,-0.76349289,0.20742418,-0.11836457,-0.07331669,0,0,0,0,0
274,56875,0.91374073,-0.11335642,-0.80763617,0.20250149,-0.09990194,-0.07860498,0,0,0,0,0
275,57083,0.88907045,-0.04464776,-0.84359435,0.19004793,-0.09843717,-0.10310621,0,0,0,0,0
276,57291,0.85243218,0.02010042,-0.87952042,0.21966565,-0.08236909,-0.11217684,0,0,0,0,0
277,57500,0.82726824,0.07558280,-0.90801225,0.20971526,-0.08980467,-0.11550029,0,0,0,0,0
278,57708,0.79153896,0.14872608,-0.93106694,0.21089623,-0.09517440,-0.12528131,0,0,0,0,0
279,57916,0.74181860,0.22147030,-0.95637519,0.19529624,-0.06928213,-0.13000797,0,0,0,0,0
280,58125,0.69352731,0.27419024,-0.97304309,0.18191519,-0.04177340,-0.14984139,0,0,0,0,0
281,58333,0.64775409,0.33883966,-0.98275595,0.17437062,-0.03299620,-0.14681950,0,0,0,0,0
282,58541,0.59748214,0.39115041,-0.99828787,0.18700215,-0.03126095,-0.16028675,0,0,0,0,0
283,58750,0.54091042,0.46220568,-0.99551473,0.16820016,-0.02875620,-0.16185159,0,0,0,0,0
284,58958,0.47735247,0.52265228,-0.99746677,0.15941736,-0.00628539,-0.16660350,0,0,0,0,0
285,59166,0.43182820,0.56861342,-0.99479244,0.15466877,0.01688759,-0.18079232,0,0,0,0,0
286,59375,0.35841962,0.61674241,-0.98320527,0.12895930,0.02087608,-0.16891578,0,0,0,0,0
287,59583,0.30409350,0.67463377,-0.98155723,0.14137532,0.03527747,-0.19374128,0,0,0,0,0
288,59791,0.23817327,0.71459665,-0.95675933,0.13887659,0.06814164,-0.19128480,0,0,0,0,0
289,60000,0.17509928,0.76109189,-0.93432504,0.13435226,0.08979845,-0.19232321,0,0,0,0,0
290,60208,0.11457054,0.80015714,-0.91372101,0.11416853,0.08024738,-0.19978834,0,0,0,0,0
291,60416,0.04316618,0.83873267,-0.89484721,0.10563085,0.08676070,-0.20241179,0,0,0,0,0
292,60625,-0.01995000,0.87982783,-0.85400863,0.11409106,0.10624935,-0.20769712,0,0,0,0,0
293,60833,-0.08723404,0.90200280,-0.82250376,0.07978244,0.11452631,-0.20474482,0,0,0,0,0
294,61041,-0.15493402,0.93548522,-0.78327403,0.09031389,0.11815383,-0.19806013,0,0,0,0,0
295,61250,-0.21362867,0.95822460,-0.73620900,0.05309932,0.13248096,-0.20570609,0,0,0,0,0
296,61458,-0.27935426,0.97773586,-0.69690820,0.05987988,0.14172753,-0.18043706,0,0,0,0,0
297,61666,-0.34593615,0.98840867,-0.63955049,0.04379086,0.14071092,-0.19110763,0,0,0,0,0
298,61875,-0.39462358,0.99779356,-0.59404874,0.03837787,0.15580918,-0.18724925,0,0,0,0,0
299,62083,-0.45235415,0.98764148,-0.54610830,0.00861776,0.17713008,-0.19345080,0,0,0,0,0
300,62291,-0.51889807,1.00323247,-0.48902199,0.00253599,0.17141267,-0.17405893,0,0,0,0,0
301,62500,-0.57530905,0.99462809,-0.42759860,-0.00304756,0.17154970,-0.16680230,0,0,0,0,0
302,62708,-0.62810884,0.98582110,-0.37221326,-0.00407418,0.16914006,-0.16305427,0,0,0,0,0
303,62916,-0.66786025,0.97636710,-0.30142614,-0.03363111,0.19408809,-0.14618982,0,0,0,0,0
304,63125,-0.72081430,0.95983494,-0.23633659,-0.05180354,0.20574383,-0.13500095,0,0,0,0,0
305,63333,-0.76522073,0.93728873,-0.17511082,-0.06408387,0.18147798,-0.14153344,0,0,0,0,0
306,63541,-0.80526505,0.90669978,-0.11227506,-0.07158180,0.18854031,-0.12212196,0,0,0,0,0
307,63750,-0.84190382,0.88450961,-0.05341411,-0.09499806,0.22517194,-0.11210612,0,0,0,0,0
308,63958,-0.87845302,0.86500585,0.02083773,-0.10293279,0.20527394,-0.09311822,0,0,0,0,0
309,64166,-0.90348245,0.81665577,0.08224308,-0.10493593,0.21333405,-0.05556912,0,0,0,0,0
310,64375,-0.93179432,0.78649145,0.15064318,-0.10401103,0.20223927,-0.06618448,0,0,0,0,0
311,64583,-0.95094548,0.74032902,0.21345185,-0.14186896,0.18834723,-0.06467304,0,0,0,0,0
312,64791,-0.97712658,0.70260460,0.26894498,-0.14189515,0.16570891,-0.04180603,0,0,0,0,0
313,65000,-0.98688811,0.65673622,0.34216696,-0.15458113,0.18078205,-0.02935100,0,0,0,0,0
314,65208,-0.98854608,0.60328995,0.39075822,-0.16939426,0.17456873,-0.01847581,0,0,0,0,0
315,65416,-0.98874137,0.54219054,0.46176646,-0.16023318,0.17177081,0.01180863,0,0,0,0,0
316,65625,-0.99135932,0.48451114,0.52081711,-0.19546370,0.15704419,0.03129379,0,0,0,0,0
317,65833,-0.99381066,0.43192492,0.56842001,-0.18929691,0.17109169,0.03956367,0,0,0,0,0
318,66041,-0.99656474,0.36861313,0.61818128,-0.20946150,0.14831400,0.03465976,0,0,0,0,0
319,66250,-0.97736666,0.30096403,0.67217475,-0.19611844,0.14989881,0.03324157,0,0,0,0,0
320,66458,-0.95797565,0.23479244,0.72277835,-0.20804336,0.14840268,0.06874257,0,0,0,0,0
321,66666,-0.93180593,0.17881550,0.76872101,-0.19625802,0.12718665,0.06640922,0,0,0,0,0
322,66875,-0.91901331,0.11732644,0.80332921,-0.20248845,0.12869599,0.07101977,0,0,0,0,0
323,67083,-0.89724703,0.04365160,0.84595398,-0.20926901,0.11891327,0.10193186,0,0,0,0,0
324,67291,-0.85522889,-0.02069918,0.87056378,-0.20729194,0.07819851,0.09419988,0,0,0,0,0
325,67500,-0.82428770,-0.07328906,0.90685326,-0.21626748,0.09486158,0.12901274,0,0,0,0,0
326,67708,-0.78206889,-0.15086555,0.93999855,-0.18654700,0.07898991,0.12268657,0,0,0,0,0
327,67916,-0.73891403,-0.20875237,0.94991033,-0.18273705,0.06550390,0.12169538,0,0,0,0,0
328,68125,-0.69023853,-0.26679499,0.97517832,-0.20428683,0.05189505,0.13494116,0,0,0,0,0
329,68333,-0.64723703,-0.34706915,0.98318089,-0.16928658,0.05353650,0.13901153,0,0,0,0,0
330,68541,-0.60554491,-0.39229225,0.99477719,-0.17915079,0.04825314,0.15370598,0,0,0,0,0
331,68750,-0.53986276,-0.45900502,0.99539484,-0.17965150,0.02229054,0.16497334,0,0,0,0,0
332,68958,-0.48645065,-0.51790664,1.00084889,-0.16808919,0.01258323,0.17700087,0,0,0,0,0
333,69166,-0.43902392,-0.56410303,1.00282883,-0.15392919,-0.01855641,0.16926405,0,0,0,0,0
334,69375,-0.37497449,-0.61848922,0.99287081,-0.15125891,-0.02774390,0.17345180,0,0,0,0,0
335,69583,-0.30006924,-0.67796246,0.97569080,-0.13990268,-0.02910000,0.18330772,0,0,0,0,0
336,69791,-0.24502059,-0.71168404,0.96168102,-0.14819133,-0.05442316,0.19079812,0,0,0,0,0
337,70000,-0.17036182,-0.77140154,0.93795367,-0.12018646,-0.06932803,0.19442822,0,0,0,0,0
338,70208,-0.11286532,-0.80195184,0.91630173,-0.12449150,-0.08558018,0.19386528,0,0,0,0,0
339,70416,-0.05123639,-0.84041619,0.89140696,-0.09928926,-0.10074219,0.19172830,0,0,0,0,0
340,70625,0.01812016,-0.87259280,0.86250861,-0.09661582,-0.12248782,0.20544521,0,0,0,0,0
341,70833,0.10308816,-0.90610765,0.81218043,-0.07471344,-0.10520804,0.20919713,0,0,0,0,0
342,71041,0.14318378,-0.92982489,0.77705040,-0.08485196,-0.12891475,0.19592385,0,0,0,0,0
343,71250,0.21838327,-0.95921769,0.74308711,-0.06437374,-0.14669230,0.19539159,0,0,0,0,0
344,71458,0.27097206,-0.96561739,0.68288601,-0.05765384,-0.14356665,0.19368619,0,0,0,0,0
345,71666,0.33031607,-0.98447776,0.63988083,-0.04995651,-0.16908002,0.20469598,0,0,0,0,0
346,71875,0.39919824,-1.00357890,0.59393200,-0.01946557,-0.15803516,0.18677316,0,0,0,0,0
347,72083,0.45786217,-0.98985610,0.54440462,-0.00274351,-0.16474970,0.19773012,0,0,0,0,0
348,72291,0.51285770,-1.00294318,0.47879109,-0.00891725,-0.17631253,0.15752087,0,0,0,0,0
349,72500,0.57032939,-1.00108933,0.43396645,0.01856845,-0.17985277,0.16646923,0,0,0,0,0
350,72708,0.61959009,-0.97212250,0.36443460,0.03540989,-0.17858162,0.15455998,0,0,0,0,0
351,72916,0.67763952,-0.97066464,0.30532984,0.05838120,-0.19159799,0.14735837,0,0,0,0,0
352,73125,0.71894948,-0.95719113,0.23794595,0.04104926,-0.20860923,0.13014234,0,0,0,0,0
353,73333,0.76409091,-0.93624861,0.17847414,0.07778182,-0.20945778,0.13488825,0,0,0,0,0
354,73541,0.79944835,-0.91791864,0.11239805,0.06977164,-0.19720774,0.10939468,0,0,0,0,0
355,73750,0.83550366,-0.89155490,0.05289417,0.09860662,-0.19358083,0.11667338,0,0,0,0,0
356,73958,0.88425618,-0.84915913,-0.01427989,0.09830724,-0.21261000,0.10364954,0,0,0,0,0
357,74166,0.90735394,-0.82571045,-0.07611443,0.12031976,-0.20202983,0.09161977,0,0,0,0,0
358,74375,0.93045792,-0.78431630,-0.13879316,0.13798089,-0.19864744,0.06775585,0,0,0,0,0
359,74583,0.94957623,-0.74480352,-0.21333045,0.13269899,-0.20305339,0.04803152,0,0,0,0,0
360,74791,0.96585744,-0.69008229,-0.26922187,0.13672347,-0.18863445,0.03963619,0,0,0,0,0
361,75000,0.98354514,-0.64977645,-0.33822327,0.15387069,-0.17601361,0.02096236,0,0,0,0,0
362,75208,0.99194745,-0.59236071,-0.40095180,0.16986622,-0.19433737,0.02687533,0,0,0,0,0
363,75416,0.99434590,-0.54626888,-0.45589050,0.17900950,-0.18228345,0.02716760,0,0,0,0,0
364,75625,0.99485978,-0.48427990,-0.52019001,0.17917153,-0.21081664,-0.00825957,0,0,0,0,0
365,75833,1.00715981,-0.42446839,-0.56351395,0.19605138,-0.15806521,-0.03346077,0,0,0,0,0
366,76041,1.00025632,-0.36709686,-0.62878661,0.18105165,-0.15566383,-0.02783586,0,0,0,0,0
367,76250,0.97921847,-0.30709400,-0.67903883,0.21658239,-0.14736723,-0.04141680,0,0,0,0,0
368,76458,0.96161864,-0.24493246,-0.72049094,0.20498983,-0.15261830,-0.05746844,0,0,0,0,0
369,76666,0.93717601,-0.17243144,-0.75814102,0.19252858,-0.12800205,-0.06081469,0,0,0,0,0
370,76875,0.91581348,-0.11062098,-0.80362603,0.21082809,-0.13177485,-0.08913630,0,0,0,0,0
371,77083,0.89177984,-0.04050423,-0.84619734,0.19494586,-0.11049147,-0.09017165,0,0,0,0,0
372,77291,0.85644709,0.02188513,-0.87778020,0.19898455,-0.10720761,-0.11384444,0,0,0,0,0
373,77500,0.82551206,0.07555176,-0.90326696,0.18092404,-0.09388213,-0.10574488,0,0,0,0,0
374,77708,0.77908353,0.14951814,-0.93906535,0.18827539,-0.07432003,-0.11224625,0,0,0,0,0
375,77916,0.73349354,0.20839412,-0.95070076,0.17839941,-0.06936849,-0.14559895,0,0,0,0,0
376,78125,0.68539978,0.27345368,-0.97215556,0.20105345,-0.07074690,-0.14135349,0,0,0,0,0
377,78333,0.64317154,0.33601272,-0.99152462,0.17195108,-0.02604098,-0.14343305,0,0,0,0,0
378,78541,0.59427965,0.40391256,-0.98706986,0.17808199,-0.05441638,-0.17023563,0,0,0,0,0
379,78750,0.54267126,0.47214052,-0.99351798,0.17834354,-0.01945227,-0.13329355,0,0,0,0,0
380,78958,0.48405611,0.51772982,-0.99609532,0.17057718,-0.00310914,-0.16826107,0,0,0,0,0
381,79166,0.42326554,0.56349701,-0.99912185,0.16528376,-0.00209053,-0.18283325,0,0,0,0,0
382,79375,0.36395848,0.62370736,-0.99450230,0.16621193,0.04344029,-0.17754099,0,0,0,0,0
383,79583,0.30137086,0.67575921,-0.98312466,0.13846030,0.05028112,-0.18457709,0,0,0,0,0
384,79791,0.24692973,0.71456774,-0.95777147,0.12749828,0.05377681,-0.17354698,0,0,0,0,0
385,80000,0.17818465,0.75420483,-0.93889600,0.14067931,0.05791033,-0.19352156,0,0,0,0,0
386,80208,0.11066168,0.80389337,-0.91792240,0.10443993,0.07884682,-0.19421137,0,0,0,0,0
387,80416,0.04579128,0.84149257,-0.88700782,0.10991138,0.10421680,-0.18687647,0,0,0,0,0
388,80625,-0.02253435,0.86993364,-0.85824910,0.09340973,0.11382534,-0.20092370,0,0,0,0,0
389,80833,-0.08863700,0.89905014,-0.82640784,0.07988285,0.12041533,-0.20466518,0,0,0,0,0
390,81041,-0.15793235,0.93683509,-0.78479595,0.08608314,0.12926017,-0.17960681,0,0,0,0,0
391,81250,-0.21573549,0.95180592,-0.73960800,0.05843022,0.15313581,-0.21403430,0,0,0,0,0
392,81458,-0.27564613,0.96834629,-0.68632407,0.04161626,0.15749464,-0.18298442,0,0,0,0,0
393,81666,-0.33259363,0.97082001,-0.64451448,0.03259139,0.15201915,-0.18173551,0,0,0,0,0
394,81875,-0.40004007,0.99213648,-0.59801644,0.01393389,0.16776209,-0.20236176,0,0,0,0,0
395,82083,-0.45428902,0.99442276,-0.53657366,0.02262269,0.17135626,-0.17291548,0,0,0,0,0
396,82291,-0.50974712,0.99640976,-0.47761586,-0.00625402,0.17444525,-0.17594342,0,0,0,0,0
397,82500,-0.57296799,1.00035514,-0.42837439,-0.01036418,0.17953801,-0.18570548,0,0,0,0,0
398,82708,-0.61614595,0.99091338,-0.36062719,-0.02151969,0.18119876,-0.15747579,0,0,0,0,0
399,82916,-0.66780744,0.97603383,-0.30279367,-0.04424736,0.18124597,-0.14301607,0,0,0,0,0
400,83125,-0.72388626,0.96684766,-0.24376570,-0.04747514,0.19776976,-0.13083916,0,0,0,0,0
401,83333,-0.76505444,0.94782816,-0.18655566,-0.04364560,0.19122612,-0.12769902,0,0,0,0,0
402,83541,-0.80700933,0.91404469,-0.11852989,-0.07302602,0.21355466,-0.09626890,0,0,0,0,0
403,83750,-0.84324635,0.89211606,-0.05320085,-0.09759041,0.18959550,-0.10200122,0,0,0,0,0
404,83958,-0.86898611,0.85634956,0.00847575,-0.10447500,0.20177277,-0.09802167,0,0,0,0,0
405,84166,-0.89962274,0.81470567,0.06822379,-0.10770926,0.20171648,-0.07833362,0,0,0,0,0
406,84375,-0.93337037,0.78717399,0.14907431,-0.11618059,0.19221519,-0.07456553,0,0,0,0,0
407,84583,-0.95568202,0.74092666,0.20434006,-0.12348367,0.19945833,-0.05650853,0,0,0,0,0
408,84791,-0.97593945,0.70544754,0.27700153,-0.12655112,0.17952945,-0.05389105,0,0,0,0,0
409,85000,-0.99233926,0.64390499,0.33730447,-0.15190970,0.17090789,-0.04596030,0,0,0,0,0
410,85208,-0.98478789,0.59567012,0.39773074,-0.15470929,0.18814675,-0.02194749,0,0,0,0,0
411,85416,-0.98570224,0.54347004,0.46026894,-0.17004068,0.17195946,0.01488141,0,0,0,0,0
412,85625,-1.00037065,0.48948049,0.51102406,-0.18804121,0.18249931,0.00981770,0,0,0,0,0
413,85833,-0.99774228,0.43731258,0.56923199,-0.19387707,0.15017404,0.02424421,0,0,0,0,0
414,86041,-0.98758069,0.37065410,0.61616364,-0.20100169,0.16212557,0.02842124,0,0,0,0,0
415,86250,-0.98288264,0.31248206,0.68010775,-0.20459854,0.14606119,0.05101566,0,0,0,0,0
416,86458,-0.95995425,0.24362994,0.71752058,-0.21292811,0.14465840,0.04800507,0,0,0,0,0
417,86666,-0.93741846,0.17900192,0.76595161,-0.20183957,0.12252033,0.06160337,0,0,0,0,0
418,86875,-0.91859479,0.11835099,0.81540779,-0.19369717,0.10994623,0.07601536,0,0,0,0,0
419,87083,-0.88530005,0.03936958,0.83598313,-0.19016273,0.09973604,0.10326032,0,0,0,0,0
420,87291,-0.85689249,-0.02244371,0.88217367,-0.20104205,0.09316551,0.10147418,0,0,0,0,0
421,87500,-0.82082396,-0.08506310,0.90252367,-0.20844845,0.07341459,0.12227035,0,0,0,0,0
422,87708,-0.78275814,-0.14990627,0.93123912,-0.19879917,0.07289130,0.12782843,0,0,0,0,0
423,87916,-0.74258174,-0.21735672,0.95493281,-0.16991646,0.05821289,0.12087272,0,0,0,0,0
424,88125,-0.69317939,-0.27229211,0.97290379,-0.17500727,0.03584969,0.14727818,0,0,0,0,0
425,88333,-0.64484841,-0.33984127,0.98280005,-0.19231639,0.03008711,0.13285568,0,0,0,0,0
426,88541,-0.59988321,-0.39294171,1.00336615,-0.18830029,0.01926464,0.15196785,0,0,0,0,0
427,88750,-0.54174856,-0.45990073,1.00128938,-0.18421207,0.03507110,0.15674609,0,0,0,0,0
428,88958,-0.47813992,-0.51864956,0.99327057,-0.16407583,0.01739194,0.16024044,0,0,0,0,0
429,89166,-0.43057549,-0.56724135,0.99864218,-0.15033348,-0.01585272,0.17510427,0,0,0,0,0
430,89375,-0.36921567,-0.61869401,0.99039815,-0.15037897,-0.01462011,0.19544485,0,0,0,0,0
431,89583,-0.30351132,-0.67766568,0.98214162,-0.14792080,-0.04890369,0.17705353,0,0,0,0,0
432,89791,-0.23448199,-0.71828118,0.96296568,-0.12837502,-0.05171182,0.19656497,0,0,0,0,0
433,90000,-0.18375767,-0.75958610,0.94522951,-0.12996993,-0.08050918,0.17442144,0,0,0,0,0
434,90208,-0.11843842,-0.79924243,0.92165698,-0.11132819,-0.06971973,0.19801818,0,0,0,0,0
435,90416,-0.04969145,-0.84264765,0.88611427,-0.10916858,-0.08439658,0.19395482,0,0,0,0,0
436,90625,0.01561175,-0.87261654,0.86274297,-0.09556768,-0.11532341,0.19967353,0,0,0,0,0
437,90833,0.08926862,-0.89379045,0.81427350,-0.07836227,-0.10210806,0.20544480,0,0,0,0,0
438,91041,0.15021729,-0.93046333,0.76909684,-0.08776481,-0.13636714,0.18648882,0,0,0,0,0
439,91250,0.20610197,-0.95600142,0.74617470,-0.03693764,-0.15458340,0.19250808,0,0,0,0,0
440,91458,0.28510439,-0.97352906,0.69912650,-0.05261672,-0.14262982,0.18985599,0,0,0,0,0
441,91666,0.33053087,-0.97807836,0.64925588,-0.03895362,-0.17631771,0.20248599,0,0,0,0,0
442,91875,0.39853269,-0.99465575,0.59859199,-0.02002841,-0.17723733,0.18717754,0,0,0,0,0
443,92083,0.45805242,-0.98975195,0.54041400,-0.00961244,-0.17368505,0.18262383,0,0,0,0,0
444,92291,0.51377709,-0.99669168,0.48152448,0.01034650,-0.15618128,0.16257970,0,0,0,0,0
445,92500,0.56722616,-0.98642661,0.42855962,0.02140243,-0.19264332,0.18513502,0,0,0,0,0
446,92708,0.62741210,-0.98181135,0.35748609,0.01671002,-0.20591781,0.15946914,0,0,0,0,0
447,92916,0.67960830,-0.97344850,0.30281069,0.03991665,-0.19701793,0.14954869,0,0,0,0,0
448,93125,0.71042797,-0.96209560,0.23873929,0.03973972,-0.19894098,0.13404038,0,0,0,0,0
449,93333,0.75948799,-0.93845879,0.17303066,0.06250444,-0.17213118,0.13513058,0,0,0,0,0
450,93541,0.80072178,-0.92353153,0.11076497,0.09580476,-0.19194314,0.11517513,0,0,0,0,0
451,93750,0.83396842,-0.89219160,0.04566441,0.09259719,-0.19530404,0.11998425,0,0,0,0,0
452,93958,0.87439658,-0.86298783,-0.02477188,0.09747936,-0.19134416,0.11300378,0,0,0,0,0
453,94166,0.91317220,-0.82157647,-0.07205568,0.09783251,-0.20066672,0.08815240,0,0,0,0,0
454,94375,0.92852900,-0.78466368,-0.13734690,0.10201778,-0.18552944,0.08123604,0,0,0,0,0
455,94583,0.95324671,-0.74731497,-0.21266230,0.12836813,-0.17115102,0.04973569,0,0,0,0,0
456,94791,0.97623283,-0.69458028,-0.28098618,0.14044618,-0.18995746,0.05217945,0,0,0,0,0
457,95000,0.98709313,-0.64633538,-0.33832959,0.13790067,-0.17828751,0.02219456,0,0,0,0,0
458,95208,0.99621718,-0.59601155,-0.39137247,0.16397160,-0.16305515,0.03204845,0,0,0,0,0
459,95416,0.99475290,-0.54055567,-0.45606654,0.16853980,-0.17784734,0.00087726,0,0,0,0,0
460,95625,0.99916695,-0.48798098,-0.51634743,0.17845157,-0.17290479,-0.01274365,0,0,0,0,0
461,95833,0.99220115,-0.42498919,-0.56659296,0.18751353,-0.16397064,0.00600115,0,0,0,0,0
462,96041,0.99315919,-0.37525852,-0.62761506,0.18963189,-0.15196030,-0.01367588,0,0,0,0,0
463,96250,0.98208359,-0.29956373,-0.66973745,0.18548277,-0.13811397,-0.03274981,0,0,0,0,0
464,96458,0.95903931,-0.23881563,-0.71770670,0.22249320,-0.13584348,-0.05341347,0,0,0,0,0
465,96666,0.94379319,-0.17593307,-0.76323141,0.20930873,-0.10893319,-0.05498349,0,0,0,0,0
466,96875,0.91369163,-0.11633142,-0.80465081,0.20794502,-0.10324293,-0.07874445,0,0,0,0,0
467,97083,0.89901052,-0.04679985,-0.84021604,0.21500778,-0.10554844,-0.09516958,0,0,0,0,0
468,97291,0.85510389,0.01673416,-0.86869631,0.21545822,-0.09501769,-0.10817391,0,0,0,0,0
469,97500,0.81494098,0.09735539,-0.90919910,0.19444080,-0.07777024,-0.12016264,0,0,0,0,0
470,97708,0.77662532,0.14515734,-0.93442059,0.19627305,-0.07474648,-0.13152156,0,0,0,0,0
471,97916,0.74749810,0.20866348,-0.95510399,0.17290771,-0.07132045,-0.12579378,0,0,0,0,0
472,98125,0.70114110,0.27101317,-0.97546422,0.18256265,-0.05078961,-0.15383241,0,0,0,0,0
473,98333,0.64697994,0.33879258,-0.98732217,0.17009504,-0.05311727,-0.15100061,0,0,0,0,0
474,98541,0.60507832,0.39975365,-0.99282875,0.17916885,-0.02678839,-0.17358375,0,0,0,0,0
475,98750,0.54360085,0.46417797,-0.99870338,0.16583876,-0.02092647,-0.15877511,0,0,0,0,0
476,98958,0.47886583,0.50858361,-0.99793571,0.16700756,0.00495784,-0.16566570,0,0,0,0,0
477,99166,0.42679203,0.56524147,-0.99592569,0.16801563,0.00287476,-0.15918770,0,0,0,0,0
478,99375,0.35801966,0.62823588,-0.99057510,0.16703346,0.02993243,-0.17945165,0,0,0,0,0
479,99583,0.30084522,0.66038695,-0.97128303,0.14666556,0.04612048,-0.19027748,0,0,0,0,0
480,99791,0.24176071,0.72307747,-0.96210912,0.14140109,0.05868399,-0.18239798,0,0,0,0,0
481,100000,0.17342286,0.76676019,-0.94505742,0.12749908,0.06820265,-0.20140777,0,0,0,0,0
482,100208,0.11104389,0.80436841,-0.90883804,0.11317852,0.09921198,-0.19498596,0,0,0,0,0
483,100416,0.04071109,0.84130869,-0.89432243,0.10362477,0.09111512,-0.22566014,0,0,0,0,0
484,100625,-0.02963687,0.87265624,-0.85763120,0.09999702,0.12496318,-0.19087082,0,0,0,0,0
485,100833,-0.07927470,0.90476388,-0.80892525,0.09817333,0.12782105,-0.19917700,0,0,0,0,0
486,101041,-0.13777257,0.91897723,-0.78593206,0.08592940,0.13448383,-0.18606968,0,0,0,0,0
487,101250,-0.19974002,0.93438544,-0.72848278,0.07694745,0.15541879,-0.17645035,0,0,0,0,0
488,101458,-0.23856675,0.95794540,-0.68514429,0.05855548,0.18629651,-0.18724999,0,0,0,0,0
489,101666,-0.27232350,0.97069122,-0.62457261,0.05207962,0.22391308,-0.19000023,0,0,0,0,0
490,101875,-0.30383739,0.96969754,-0.57572389,0.04792957,0.28362820,-0.18301859,0,0,0,0,0
491,102083,-0.32872559,0.96931447,-0.52045268,0.02203118,0.35845607,-0.17042567,0,0,0,0,0
492,102291,-0.34340925,0.96225959,-0.46559948,-0.01208807,0.43758163,-0.15604403,0,0,0,0,0
493,102500,-0.34861857,0.95555095,-0.40419071,-0.07747495,0.53662619,-0.11888284,0,0,0,0,0
494,102708,-0.33859121,0.94683762,-0.34418642,-0.13497147,0.65985470,-0.12004077,0,0,0,0,0
495,102916,-0.32691980,0.93314454,-0.28095968,-0.23093118,0.78521227,-0.12613751,0,0,0,0,0
496,103125,-0.31001393,0.90289368,-0.23429975,-0.36911358,0.94653924,-0.08749947,0,0,0,0,0
497,103333,-0.30143789,0.88301070,-0.16369873,-0.49940460,1.09033669,-0.09649609,0,0,0,0,0
498,103541,-0.28313470,0.86193196,-0.10465111,-0.64625236,1.21569094,-0.08603041,0,0,0,0,0
499,103750,-0.27228501,0.82739424,-0.04883870,-0.86283628,1.37005464,-0.06998393,0,0,0,0,0
500,103958,-0.24665398,0.79459772,0.01947953,-1.06402908,1.48294966,-0.07726683,0,0,0,0,0
501,104166,-0.22930329,0.75967268,0.07020050,-1.26806793,1.56711421,-0.03623033,0,0,0,0,0
502,104375,-0.21500014,0.72192128,0.12602062,-1.45651106,1.65542131,-0.03993651,0,0,0,0,0
503,104583,-0.20398308,0.68761351,0.19013173,-1.63226074,1.71374199,-0.03261165,0,0,0,0,0
504,104791,-0.19457876,0.63775771,0.25055414,-1.78549099,1.73779826,-0.01725288,0,0,0,0,0
505,105000,-0.19972677,0.59331512,0.30723625,-1.88852817,1.68202954,-0.00889559,0,0,0,0,0
506,105208,-0.20251995,0.54496384,0.36035476,-2.00033517,1.63705127,-0.00575462,0,0,0,0,0
507,105416,-0.20701109,0.50209589,0.42407211,-2.08979353,1.58308784,0.00821077,0,0,0,0,1
508,105625,-0.20106643,0.44485453,0.48421359,-2.17889534,1.54973059,-0.01304198,0,0,0,0,1
509,105833,-0.20086445,0.39905831,0.52563135,-2.27423412,1.48154821,0.00820956,0,0,0,0,1
510,106041,-0.19981336,0.34063334,0.56183947,-2.32441737,1.42317279,0.00490053,0,0,0,0,1
511,106250,-0.19093406,0.27967800,0.60654678,-2.37756047,1.32610516,0.01705378,0,0,0,0,1
512,106458,-0.19486880,0.22453503,0.66440592,-2.43349953,1.26706830,0.03842963,0,0,0,0,1
513,106666,-0.19489848,0.15113266,0.69732859,-2.46476414,1.16052700,0.02138580,0,0,0,0,1
514,106875,-0.18523501,0.10849524,0.74240558,-2.47276809,1.06977250,0.03661156,0,0,0,0,1
515,107083,-0.18053482,0.03903101,0.77735100,-2.48543032,0.98927412,0.04278632,0,0,0,0,1
516,107291,-0.17110449,-0.01023476,0.80789561,-2.48722616,0.88583592,0.04179864,0,0,0,0,1
517,107500,-0.16429074,-0.07837841,0.82605306,-2.50462381,0.78008558,0.05247617,0,0,0,0,1
518,107708,-0.14642387,-0.14222983,0.85824441,-2.46411566,0.64102425,0.05677327,0,0,0,0,0
519,107916,-0.14004185,-0.19596540,0.87809087,-2.44269789,0.54544388,0.05772503,0,0,0,0,0
520,108125,-0.14224498,-0.25010738,0.88760181,-2.39921561,0.45328916,0.05522356,0,0,0,0,0
521,108333,-0.13932344,-0.30611436,0.91539567,-2.35354022,0.32193327,0.07948598,0,0,0,0,0
522,108541,-0.11697289,-0.36762512,0.92218172,-2.28741860,0.19835031,0.07327449,0,0,0,0,0
523,108750,-0.10935135,-0.41700362,0.92221245,-2.20968618,0.07703196,0.08223548,0,0,0,0,0
524,108958,-0.09859401,-0.46394894,0.92078705,-2.14507700,-0.02940257,0.06449770,0,0,0,0,0
525,109166,-0.08413449,-0.51875885,0.91806949,-2.04651362,-0.15370297,0.09478044,0,0,0,0,0
526,109375,-0.07907682,-0.57097172,0.91104288,-1.96217587,-0.26235675,0.08819565,0,0,0,0,0
527,109583,-0.05819002,-0.62141744,0.89738273,-1.85047160,-0.39069885,0.07966454,0,0,0,0,0
528,109791,-0.04596170,-0.65738464,0.89232397,-1.73621152,-0.49800037,0.09770315,0,0,0,0,0
529,110000,-0.02973359,-0.69402708,0.85972298,-1.61898860,-0.61441033,0.10843938,0,0,0,0,0
530,110208,-0.02078816,-0.73943940,0.84367631,-1.48593949,-0.72424804,0.09877189,0,0,0,0,0
531,110416,-0.01726855,-0.76415843,0.81922040,-1.34713921,-0.81367449,0.08367503,0,0,0,0,0
532,110625,0.00301974,-0.80196003,0.78188681,-1.22302727,-0.90950960,0.10894148,0,0,0,0,0
533,110833,0.02081571,-0.82865439,0.76437327,-1.06796170,-1.01811676,0.10760370,0,0,0,0,0
534,111041,0.02347891,-0.84680788,0.72087371,-0.91697396,-1.12680884,0.10499378,0,0,0,0,0
535,111250,0.04017412,-0.86554501,0.67851870,-0.76463125,-1.21268000,0.10219350,0,0,0,0,0
536,111458,0.05984819,-0.89255029,0.64849619,-0.60935458,-1.27448645,0.12404963,0,0,0,0,0
537,111666,0.07051816,-0.89741223,0.60050950,-0.43591162,-1.37631478,0.08289718,0,0,0,0,0
538,111875,0.07806088,-0.91903312,0.55254647,-0.28463297,-1.44015360,0.09123445,0,0,0,0,0
539,112083,0.09028526,-0.92236497,0.49625931,-0.12662766,-1.52154168,0.08392472,0,0,0,0,0
540,112291,0.10029000,-0.91446542,0.44232002,0.03995885,-1.57243215,0.08440156,0,0,0,0,0
541,112500,0.11028775,-0.92122172,0.39712138,0.19963455,-1.61923842,0.07128863,0,0,0,0,0
542,112708,0.12636387,-0.91808879,0.33642601,0.36761507,-1.66969892,0.07379777,0,0,0,0,0
543,112916,0.13558506,-0.89716753,0.27934535,0.52865454,-1.70000927,0.08475101,0,0,0,0,0
544,113125,0.14472219,-0.88159333,0.22588886,0.69333570,-1.73868921,0.06802870,0,0,0,0,0
545,113333,0.15791841,-0.86276744,0.16570790,0.86250316,-1.78377221,0.06525994,0,0,0,0,0
546,113541,0.16068097,-0.84938921,0.10203713,1.00677997,-1.78957078,0.06406430,0,0,0,0,0
547,113750,0.16330660,-0.81192322,0.04598499,1.13919191,-1.79777230,0.05686126,0,0,0,0,0
548,113958,0.17895115,-0.79383380,-0.02338377,1.27523360,-1.79711040,0.05085564,0,0,0,0,0
549,114166,0.17660257,-0.75706262,-0.07711970,1.41648127,-1.81115311,0.03379383,0,0,0,0,0
550,114375,0.18861184,-0.72743515,-0.12747937,1.56527252,-1.78737968,0.03346552,0,0,0,0,0
551,114583,0.19115767,-0.68476801,-0.18771883,1.68200188,-1.74280032,0.02222775,0,0,0,0,0
552,114791,0.18752642,-0.64467822,-0.24445527,1.78127922,-1.73616825,0.04666774,0,0,0,0,0
553,115000,0.19322375,-0.60112137,-0.30551109,1.90698476,-1.68299798,0.01735609,0,0,0,0,0
554,115208,0.19527059,-0.55233901,-0.37125360,2.01864641,-1.63833018,0.00244125,0,0,0,0,1
555,115416,0.19769084,-0.51048534,-0.41750767,2.09770797,-1.60403740,-0.00027250,0,0,0,0,1
556,115625,0.19835275,-0.44684443,-0.47029081,2.18454811,-1.55453321,-0.01814483,0,0,0,0,1
557,115833,0.19609622,-0.39846032,-0.52172328,2.27256442,-1.45904577,-0.01682291,0,0,0,0,1
558,116041,0.19665008,-0.33869246,-0.56449263,2.32497496,-1.40633954,-0.02639924,0,0,0,0,1
559,116250,0.19598560,-0.27980265,-0.61746748,2.37175813,-1.35618049,-0.02617762,0,0,0,0,1
560,116458,0.19367516,-0.22269843,-0.66600250,2.42280711,-1.27095097,-0.03200746,0,0,0,0,1
561,116666,0.18906377,-0.15670829,-0.69891114,2.46807492,-1.15579570,-0.03215062,0,0,0,0,1
562,116875,0.18587460,-0.10509904,-0.74243792,2.48056831,-1.05570954,-0.03404336,0,0,0,0,1
563,117083,0.17870622,-0.04935992,-0.77310112,2.49782229,-0.96799809,-0.04351143,0,0,0,0,1
564,117291,0.17053643,0.01440568,-0.80137055,2.50655338,-0.85438528,-0.04499935,0,0,0,0,1
565,117500,0.16358913,0.07270946,-0.84115225,2.49787880,-0.75900490,-0.06693965,0,0,0,0,1
566,117708,0.15603181,0.13899512,-0.85669781,2.47024453,-0.63983053,-0.06693112,0,0,0,0,0
567,117916,0.14823658,0.19461294,-0.87924951,2.43790447,-0.55806226,-0.06882257,0,0,0,0,0
568,118125,0.13597736,0.26023995,-0.88825219,2.39557490,-0.43673041,-0.09275287,0,0,0,0,0
569,118333,0.12888569,0.31078455,-0.90801642,2.36779215,-0.28396202,-0.05838347,0,0,0,0,0
570,118541,0.10688633,0.37162603,-0.90904086,2.29952267,-0.19915615,-0.08384413,0,0,0,0,0
571,118750,0.10872693,0.41930887,-0.91550524,2.22982962,-0.09466136,-0.09685452,0,0,0,0,0
572,118958,0.09648235,0.47370708,-0.92384731,2.14522833,0.02469966,-0.07670386,0,0,0,0,0
573,119166,0.07811870,0.52085806,-0.90831120,2.07313465,0.14734051,-0.10236153,0,0,0,0,0
574,119375,0.06987041,0.57554064,-0.91083668,1.95064306,0.28637014,-0.10256168,0,0,0,0,0
575,119583,0.06594083,0.61692488,-0.89034108,1.85249079,0.39055512,-0.10626039,0,0,0,0,0
576,119791,0.04868888,0.66758937,-0.87905572,1.73408221,0.49902086,-0.08808672,0,0,0,0,0
577,120000,0.03519052,0.70103283,-0.86615145,1.60671408,0.60958978,-0.09635804,0,0,0,0,0
578,120208,0.01999170,0.74925546,-0.83516548,1.47796626,0.71869666,-0.11433907,0,0,0,0,0
579,120416,0.00942254,0.77196463,-0.81190778,1.34900066,0.82228179,-0.10061039,0,0,0,0,0
580,120625,-0.00473199,0.81411877,-0.79710626,1.20185272,0.92386095,-0.09222832,0,0,0,0,0
581,120833,-0.01480495,0.83735638,-0.76004041,1.06719341,1.03367310,-0.09477182,0,0,0,0,0
582,121041,-0.02381465,0.85305383,-0.72152798,0.93036764,1.12118175,-0.10567616,0,0,0,0,0
583,121250,-0.04233714,0.87293067,-0.67559393,0.77222185,1.22310271,-0.09824621,0,0,0,0,0
584,121458,-0.05460532,0.89852175,-0.63858746,0.61111781,1.28422879,-0.10305235,0,0,0,0,0
585,121666,-0.06869414,0.90157324,-0.59713344,0.44502469,1.37655244,-0.08234631,0,0,0,0,0
586,121875,-0.07754948,0.90507682,-0.55398517,0.29043630,1.45401794,-0.09454494,0,0,0,0,0
587,122083,-0.08223867,0.92084867,-0.50298842,0.12069834,1.50182200,-0.08124879,0,0,0,0,0
588,122291,-0.10487669,0.91743382,-0.44544812,-0.03209628,1.57040236,-0.07854375,0,0,0,0,0
589,122500,-0.11793802,0.91673370,-0.38608122,-0.19452010,1.62475773,-0.07199229,0,0,0,0,0
590,122708,-0.11884692,0.90443014,-0.33651088,-0.36527175,1.67229978,-0.07582674,0,0,0,0,0
591,122916,-0.13762941,0.89926840,-0.27912684,-0.54281315,1.69435325,-0.08084602,0,0,0,0,0
592,123125,-0.14564558,0.88437775,-0.21973840,-0.68135212,1.76017794,-0.07401373,0,0,0,0,0
593,123333,-0.14375614,0.86057568,-0.16329517,-0.84556191,1.77361258,-0.04697098,0,0,0,0,0
594,123541,-0.16623378,0.85153751,-0.10917519,-0.99446343,1.79570943,-0.07329435,0,0,0,0,0
595,123750,-0.16563265,0.81855360,-0.04569023,-1.15263195,1.79411813,-0.04826374,0,0,0,0,0
596,123958,-0.18312573,0.78617111,0.01478935,-1.27366687,1.80882227,-0.04445161,0,0,0,0,0
597,124166,-0.17773888,0.75255215,0.07045478,-1.41731778,1.80593560,-0.04749113,0,0,0,0,0
598,124375,-0.17906825,0.72429595,0.12684833,-1.55870038,1.77838955,-0.03970837,0,0,0,0,0
599,124583,-0.18802643,0.67961388,0.19070740,-1.66449835,1.76353136,-0.04911940,0,0,0,0,0
600,124791,-0.19539217,0.64116222,0.25268449,-1.80277119,1.72636011,-0.03258958,0,0,0,0,0
601,125000,-0.19908387,0.59985815,0.30924663,-1.89371235,1.70022598,-0.00773328,0,0,0,0,0
602,125208,-0.19651580,0.54906093,0.36424584,-2.00824116,1.65639376,-0.01853041,0,0,0,0,1
603,125416,-0.19647053,0.49314618,0.41955804,-2.10741543,1.59221722,-0.00154658,0,0,0,0,1
604,125624,-0.20957828,0.45012557,0.47004709,-2.16689848,1.53984519,0.00170030,0,0,0,0,1
605,125833,-0.20850181,0.39887007,0.52419534,-2.26256617,1.47812457,0.00327629,0,0,0,0,1
606,126041,-0.20133121,0.34241984,0.57337990,-2.33514095,1.39272372,0.00966660,0,0,0,0,1
607,126250,-0.19051234,0.27859790,0.62323221,-2.37912725,1.32380374,0.02554354,0,0,0,0,1
608,126458,-0.19975898,0.21907948,0.65228278,-2.42164088,1.24577129,0.02258499,0,0,0,0,1
609,126666,-0.18098937,0.16899490,0.70381776,-2.47419303,1.17023405,0.03818973,0,0,0,0,1
610,126874,-0.18544851,0.10017462,0.74396117,-2.47758518,1.04530840,0.05103931,0,0,0,0,1
611,127083,-0.17784125,0.03448646,0.77045299,-2.50912076,0.96940093,0.03258315,0,0,0,0,1
612,127291,-0.16553420,-0.01458579,0.81453304,-2.51773782,0.86198994,0.06186443,0,0,0,0,1
613,127500,-0.15766528,-0.08711501,0.82739340,-2.49166620,0.76342246,0.07120942,0,0,0,0,1
614,127708,-0.15537305,-0.13741686,0.86189866,-2.46137587,0.66786902,0.05535178,0,0,0,0,0
615,127916,-0.15273991,-0.18603818,0.87741643,-2.45139707,0.56375051,0.08648207,0,0,0,0,0
616,128124,-0.14116734,-0.24888642,0.89585435,-2.38291567,0.45307262,0.07709439,0,0,0,0,0
617,128333,-0.13172884,-0.31256919,0.90963883,-2.34858986,0.32016022,0.09582708,0,0,0,0,0
618,128541,-0.12177905,-0.36918471,0.91880918,-2.26470036,0.20083059,0.08121154,0,0,0,0,0
619,128750,-0.10419062,-0.41942723,0.91381523,-2.20595511,0.08738322,0.08597850,0,0,0,0,0
620,128958,-0.08739834,-0.46581832,0.92345570,-2.13327201,-0.04024837,0.08436753,0,0,0,0,0
621,129166,-0.08723601,-0.52701431,0.92207773,-2.04602298,-0.14910671,0.09567985,0,0,0,0,0
622,129374,-0.06744598,-0.57505323,0.91666328,-1.95973761,-0.26421893,0.09284655,0,0,0,0,0
623,129583,-0.05951986,-0.62266629,0.90300363,-1.86299924,-0.37275496,0.09883719,0,0,0,0,0
624,129791,-0.04879585,-0.66457866,0.88182209,-1.74445854,-0.47544046,0.09894963,0,0,0,0,0
625,130000,-0.04319004,-0.70121642,0.86668879,-1.60142412,-0.62356941,0.12817191,1,0,1,0,0
626,130208,-0.01824097,-0.73958547,0.84404578,-1.49168114,-0.72792069,0.08988309,1,0,1,0,0
627,130416,-0.00657616,-0.77634378,0.81810521,-1.35641826,-0.83033815,0.11637350,1,0,1,0,0
628,130624,0.01239579,-0.79735174,0.79022960,-1.19510968,-0.92444388,0.11344753,1,0,1,0,0
629,130833,0.00908138,-0.83061355,0.76158196,-1.05719090,-1.02137039,0.08985455,1,0,1,0,0
630,131041,0.02416242,-0.85188878,0.72308381,-0.91843633,-1.11072026,0.09461029,1,0,1,0,0
631,131250,0.04451502,-0.87189284,0.68348448,-0.76800606,-1.21073860,0.11046500,1,0,1,0,0
632,131458,0.05726382,-0.89266552,0.63823384,-0.60983917,-1.30593492,0.10484075,1,0,1,0,0
633,131666,0.06959281,-0.90360886,0.59907777,-0.43427508,-1.37746767,0.08855064,1,0,1,0,0
634,131875,0.07433563,-0.91396240,0.54065038,-0.27169663,-1.43477016,0.07198868,1,0,1,0,0
635,132083,0.09700056,-0.92410607,0.49944527,-0.13004723,-1.51120120,0.08844751,1,0,1,0,0
636,132291,0.11171591,-0.92578041,0.44182196,0.04255990,-1.55951331,0.08133437,1,0,1,0,0
637,132500,0.11298065,-0.91467767,0.37559877,0.21354888,-1.63513756,0.08670458,1,0,1,0,0
638,132708,0.11758283,-0.90949151,0.32949849,0.37905305,-1.68163801,0.09489419,1,0,1,0,0
639,132916,0.13669286,-0.89469111,0.27658941,0.53624026,-1.72236564,0.08379779,1,0,1,0,0
640,133125,0.13553951,-0.88001408,0.22494531,0.68672390,-1.75050681,0.05988750,1,0,1,0,0
641,133333,0.14710138,-0.86816394,0.16875455,0.84261182,-1.77509139,0.06900582,1,0,1,0,0
642,133541,0.16820077,-0.83542217,0.10199946,0.99499021,-1.79091779,0.06758753,1,0,1,0,0
643,133750,0.16754882,-0.81759195,0.05061939,1.14478486,-1.81577721,0.04483984,1,0,1,0,0
644,133958,0.17458451,-0.78437809,-0.01227184,1.27875983,-1.79072882,0.04349030,1,0,1,0,0
645,134166,0.18132110,-0.75737332,-0.07920081,1.42676296,-1.80921326,0.06113168,1,0,1,0,0
646,134375,0.18298315,-0.71313920,-0.14336882,1.54055497,-1.78306526,0.05707829,1,0,1,0,0
647,134583,0.19356658,-0.66970799,-0.19353770,1.67294694,-1.74885852,0.02138028,1,0,1,0,0
648,134791,0.19814583,-0.63570315,-0.25333838,1.79064602,-1.72249362,0.02049520,1,0,1,0,0
649,135000,0.19157092,-0.60145923,-0.31087362,1.90916587,-1.69691054,0.01817556,1,0,1,0,0
650,135208,0.20266333,-0.54967821,-0.37107335,2.00531449,-1.65704518,0.02009617,1,0,1,0,1
651,135416,0.20056038,-0.48868741,-0.42261431,2.10705551,-1.61158103,0.00564838,1,0,1,0,1
652,135625,0.20477633,-0.44778030,-0.46841657,2.19099421,-1.54311693,-0.00195029,1,0,1,0,1
653,135833,0.20025683,-0.39627736,-0.52780408,2.27026288,-1.47688623,-0.01393631,1,0,1,0,1
654,136041,0.20695284,-0.33756196,-0.57599137,2.31856016,-1.40748603,-0.00154779,1,0,1,0,1
655,136250,0.20132773,-0.28277294,-0.61558999,2.37913574,-1.31826670,-0.01352383,1,0,1,0,1
656,136458,0.18228679,-0.22552523,-0.66002948,2.41333191,-1.23907069,-0.02769753,1,0,1,0,1
657,136666,0.19839645,-0.16615385,-0.69837629,2.46638742,-1.16270008,-0.02356350,1,0,1,0,1
658,136875,0.18377658,-0.10307339,-0.74708333,2.45878081,-1.07468696,-0.03729786,1,0,1,0,1
659,137083,0.17579083,-0.03861464,-0.78425750,2.50148402,-0.96552907,-0.05432216,1,0,1,0,1
660,137291,0.16735599,0.01200496,-0.81035836,2.50700706,-0.87094444,-0.04860408,1,0,1,0,1
661,137500,0.16364303,0.07471284,-0.82909043,2.48342236,-0.76217976,-0.05135400,1,0,1,0,1
662,137708,0.15224360,0.13074922,-0.86034050,2.48072306,-0.64737563,-0.07240519,1,0,1,0,0
663,137916,0.15201499,0.19072923,-0.87447819,2.44926296,-0.54223065,-0.04811333,1,0,1,0,0
664,138125,0.13774711,0.25458993,-0.89813681,2.41869120,-0.42316087,-0.06393578,1,0,1,0,0
665,138333,0.12810651,0.30848847,-0.90608186,2.34911985,-0.31417460,-0.10024817,1,0,1,0,0
666,138541,0.11062056,0.37317229,-0.91281200,2.30180329,-0.20312953,-0.09472317,1,0,1,0,0
667,138750,0.09907237,0.42146383,-0.92270983,2.21098895,-0.08146825,-0.09820725,1,0,1,0,0
668,138958,0.09484101,0.47061324,-0.92985018,2.13184747,0.04284508,-0.07415293,1,0,1,0,0
669,139166,0.08550817,0.52472225,-0.91780507,2.05912974,0.15864874,-0.07851317,1,0,1,0,0
670,139375,0.07046819,0.57655642,-0.90785041,1.95617823,0.26356137,-0.08997120,1,0,1,0,0
671,139583,0.05743199,0.61552108,-0.89144989,1.86107273,0.38954491,-0.09121721,1,0,1,0,0
672,139791,0.04572215,0.66285086,-0.88131632,1.72763679,0.49807603,-0.08983644,1,0,1,0,0
673,140000,0.03526593,0.71066061,-0.86383552,1.62384416,0.60020483,-0.10182256,1,0,1,1,0
674,140208,0.01600685,0.73983150,-0.84285594,1.49226422,0.71404341,-0.09327717,1,0,1,1,0
675,140416,0.00683791,0.78147278,-0.81532046,1.34671134,0.81983980,-0.08132813,1,0,1,1,0
676,140625,-0.00698967,0.80554056,-0.79270535,1.22394449,0.91687538,-0.11009799,1,0,1,1,0
677,140833,-0.00068098,0.83511177,-0.75871950,1.07184560,1.02516035,-0.10484304,1,0,1,1,0
678,141041,-0.03179399,0.84882348,-0.72400185,0.91963275,1.13820860,-0.09867155,1,0,1,1,0
679,141250,-0.04287417,0.87667404,-0.69307067,0.76864865,1.21945894,-0.10465620,1,0,1,1,0
680,141458,-0.05888804,0.89710470,-0.64078730,0.59716529,1.28267253,-0.10946931,1,0,1,1,0
681,141666,-0.06600955,0.89620755,-0.60071166,0.44007408,1.36993826,-0.10659411,1,0,1,1,0
682,141875,-0.08182165,0.91324373,-0.53792247,0.28078840,1.46203235,-0.10192358,1,0,1,1,0
683,142083,-0.09529802,0.91118642,-0.48911542,0.12257187,1.50986754,-0.08485220,1,0,1,1,0
684,142291,-0.10356175,0.92420510,-0.45265582,-0.05563178,1.56182832,-0.08213468,1,0,1,1,0
685,142500,-0.11369447,0.92296039,-0.39210197,-0.19608386,1.62729284,-0.08248894,1,0,1,1,0
686,142708,-0.12607707,0.91456073,-0.33262732,-0.36808119,1.67362656,-0.07346212,1,0,1,1,0
687,142916,-0.13773081,0.89738851,-0.28079547,-0.52019942,1.70977494,-0.08114479,1,0,1,1,0
688,143125,-0.14019569,0.88490784,-0.22329845,-0.68057978,1.73778203,-0.07890663,1,0,1,1,0
689,143333,-0.14830564,0.86852482,-0.16151221,-0.82992901,1.75356010,-0.06242781,1,0,1,1,0
690,143541,-0.15707514,0.85118464,-0.10148826,-1.01769387,1.78557947,-0.06017730,1,0,1,1,0
691,143750,-0.16616678,0.81227291,-0.03803730,-1.14075061,1.80236402,-0.03916629,1,0,1,1,0
692,143958,-0.16786182,0.78381860,0.02276222,-1.29169996,1.80333360,-0.05479663,1,0,1,1,0
693,144166,-0.17875567,0.75943979,0.07336614,-1.43538304,1.79556206,-0.04766176,1,0,1,1,0
694,144375,-0.18022906,0.72090493,0.14211560,-1.55189987,1.77505323,-0.02927472,1,0,1,1,0
695,144583,-0.19808835,0.68184704,0.19224154,-1.68969250,1.77246916,-0.04499328,1,0,1,1,0
696,144791,-0.18419924,0.63948437,0.25408384,-1.79662277,1.74318101,-0.02160834,1,0,1,1,0
697,145000,-0.19248316,0.59148138,0.31415217,-1.90383574,1.70318814,-0.01059975,1,0,1,1,0
698,145208,-0.19920908,0.54309211,0.36677464,-2.01095850,1.65828059,-0.01725689,1,0,1,1,1
699,145416,-0.19906055,0.48839609,0.41500426,-2.09906449,1.60429390,-0.00746639,1,0,1,1,1
700,145625,-0.20761209,0.44873813,0.46999659,-2.17079594,1.52768325,0.00384550,1,0,1,1,1
701,145833,-0.20538628,0.39131783,0.52038919,-2.27278192,1.47890042,-0.00165618,1,0,1,1,1
702,146041,-0.20015436,0.33793924,0.57759511,-2.33854041,1.41477069,-0.00374203,1,0,1,1,1
703,146250,-0.19608011,0.28454921,0.62096507,-2.37900339,1.32602314,0.00919995,1,0,1,1,1
704,146458,-0.20237635,0.21950899,0.66190343,-2.44216283,1.25218260,0.04761145,1,0,1,1,1
705,146666,-0.19406785,0.15553900,0.69734864,-2.46092119,1.17311244,0.04620651,1,0,1,1,1
706,146875,-0.17784186,0.10604198,0.74564074,-2.47718571,1.06462192,0.03769938,1,0,1,1,1
707,147083,-0.17867237,0.03957655,0.76813713,-2.51140764,0.94283865,0.04162378,1,0,1,1,1
708,147291,-0.17176471,-0.01681540,0.80401966,-2.49727380,0.87136910,0.05319678,1,0,1,1,1
709,147500,-0.16019707,-0.08092469,0.83969614,-2.49293044,0.75213679,0.06783585,1,0,1,1,1
710,147708,-0.15751802,-0.14128805,0.85086670,-2.48756742,0.66918150,0.06063655,1,0,1,1,0
711,147916,-0.14518592,-0.19967054,0.87878583,-2.42427530,0.54253450,0.08009331,1,0,1,1,0
712,148125,-0.13567294,-0.26403330,0.88791828,-2.40956980,0.43287673,0.07008334,1,0,1,1,0
713,148333,-0.12466754,-0.30721038,0.91115601,-2.33460313,0.31421254,0.06567077,1,0,1,1,0
714,148541,-0.11773273,-0.36882263,0.92070960,-2.30289756,0.19362880,0.06339904,1,0,1,1,0
715,148750,-0.10586561,-0.42412534,0.92415231,-2.22500406,0.08918035,0.09174201,1,0,1,1,0
716,148958,-0.08997765,-0.46678998,0.92343169,-2.14912824,-0.03558509,0.09166107,1,0,1,1,0
717,149166,-0.08833395,-0.51770794,0.91389982,-2.06509495,-0.13974297,0.07400661,1,0,1,1,0
718,149375,-0.06359152,-0.57494285,0.91164912,-1.95581819,-0.27216402,0.07220355,1,0,1,1,0
719,149583,-0.06602290,-0.62160884,0.90476706,-1.86386333,-0.38019562,0.10029077,1,0,1,1,0
720,149791,-0.04733616,-0.67019557,0.88803523,-1.73493111,-0.50834213,0.08702882,1,0,1,1,0
721,150000,-0.02798553,-0.70677447,0.86144267,-1.62919272,-0.60977758,0.09420180,1,0,1,1,0
722,150208,-0.03396220,-0.74479559,0.84414747,-1.49416952,-0.70720302,0.08724869,1,0,1,1,0
723,150416,-0.00854015,-0.77609916,0.80975839,-1.33672058,-0.82715950,0.09533013,1,0,1,1,0
724,150625,0.00686524,-0.80095155,0.77552848,-1.22939466,-0.92084485,0.08959688,1,0,1,1,0
725,150833,0.02675200,-0.82697063,0.75549042,-1.08499418,-1.02345746,0.11560916,1,0,1,1,0
726,151041,0.02475908,-0.85452622,0.71893605,-0.92371712,-1.12865597,0.08971184,1,0,1,1,0
727,151250,0.04890682,-0.87776604,0.67863378,-0.77551906,-1.19761223,0.09935852,1,0,1,1,0
728,151458,0.04967019,-0.88985079,0.63590798,-0.59321422,-1.30390586,0.09814820,1,0,1,1,0
729,151666,0.06437130,-0.90019549,0.59078697,-0.45378372,-1.35981877,0.07556690,1,0,1,1,0
730,151875,0.08217877,-0.91394700,0.54013470,-0.27889410,-1.45766125,0.06825737,1,0,1,1,0
731,152083,0.09237479,-0.91500282,0.49879463,-0.11752101,-1.50567772,0.09573183,1,0,1,1,0
732,152291,0.09758808,-0.92950147,0.44028047,0.04012944,-1.57978146,0.10073115,1,0,1,1,0
733,152500,0.11000403,-0.91048353,0.39530219,0.21569253,-1.61515209,0.09283335,1,0,1,1,0
734,152708,0.11600859,-0.90450258,0.33179241,0.35917157,-1.67707882,0.07382238,1,0,1,1,0
735,152916,0.13817647,-0.89269385,0.27941181,0.53087297,-1.71972535,0.05719777,1,0,1,1,0
736,153125,0.14146075,-0.88651553,0.23083186,0.67279120,-1.75453059,0.07330067,1,0,1,1,0
737,153333,0.15802424,-0.86417370,0.16747023,0.84621265,-1.76295759,0.07035844,1,0,1,1,0
738,153541,0.15773717,-0.84585497,0.10494337,0.98151225,-1.78686730,0.06790015,1,0,1,1,0
739,153750,0.17090077,-0.82210205,0.03826642,1.14299504,-1.80419572,0.05074672,1,0,1,1,0
740,153958,0.17163992,-0.78626516,-0.01684029,1.30661352,-1.80202086,0.02705765,1,0,1,1,0
741,154166,0.17723172,-0.76214223,-0.06306055,1.40811138,-1.79846281,0.03247218,1,0,1,1,0
742,154375,0.18055603,-0.71921178,-0.13189354,1.54244512,-1.78349529,0.04351016,1,0,1,1,0
743,154583,0.19024733,-0.68590227,-0.19708229,1.70011010,-1.76323339,0.03933763,1,0,1,1,0
744,154791,0.19413257,-0.64334665,-0.25100675,1.78655446,-1.72754097,0.00748668,1,0,1,1,0
745,155000,0.19503314,-0.59646391,-0.31221550,1.91379277,-1.70256373,0.02145259,1,0,1,1,0
746,155208,0.19301621,-0.54983987,-0.36250718,2.02753954,-1.64816943,0.00130157,1,0,1,1,1
747,155416,0.19946863,-0.49335813,-0.42268719,2.09812596,-1.59873222,0.01592030,1,0,1,1,1
748,155625,0.20220527,-0.44431083,-0.47608216,2.17661432,-1.55360328,0.00640098,1,0,1,1,1
749,155833,0.19523884,-0.39083809,-0.53184740,2.27098647,-1.48465684,-0.02085208,1,0,1,1,1
750,156041,0.19839747,-0.34341495,-0.57454076,2.33174695,-1.41209564,-0.02330416,1,0,1,1,1
751,156250,0.19643058,-0.28071875,-0.62316050,2.37667222,-1.33669618,-0.03578252,1,0,1,1,1
752,156458,0.18513351,-0.22261155,-0.65683362,2.40755685,-1.24687988,-0.04621485,1,0,1,1,1
753,156666,0.18834996,-0.16196206,-0.70411625,2.45732018,-1.17046521,-0.03188724,1,0,1,1,1
754,156875,0.18351117,-0.09573086,-0.74197806,2.49935879,-1.08444125,-0.02850072,1,0,1,1,1
755,157083,0.18066339,-0.05016445,-0.77573357,2.50532917,-1.00167187,-0.02525431,1,0,1,1,1
756,157291,0.17644390,0.02052429,-0.79951143,2.49491905,-0.86137635,-0.06927179,1,0,1,1,1
757,157500,0.14784730,0.08094865,-0.84015447,2.48772981,-0.76076870,-0.05162066,1,0,1,1,1
758,157708,0.15509946,0.13112064,-0.85136525,2.47568072,-0.65890841,-0.05353193,1,0,1,1,0
759,157916,0.14779733,0.20024178,-0.88003779,2.43860549,-0.53745208,-0.08512906,1,0,1,1,0
760,158125,0.14289575,0.25203420,-0.89245457,2.39272061,-0.41471921,-0.06148315,1,0,1,1,0
761,158333,0.11994668,0.31450378,-0.90304163,2.35101469,-0.32451951,-0.08393945,1,0,1,1,0
762,158541,0.11717706,0.36613418,-0.91087332,2.29809474,-0.21673719,-0.08729013,1,0,1,1,0
763,158750,0.11424921,0.41747929,-0.91227294,2.23104534,-0.08747248,-0.07739605,1,0,1,1,0
764,158958,0.09494018,0.47561975,-0.92476387,2.15125750,0.04041493,-0.11646875,1,0,1,1,0
765,159166,0.09405369,0.52220611,-0.92071145,2.05749901,0.15310495,-0.07609211,1,0,1,1,0
766,159375,0.07670798,0.57034831,-0.90881808,1.95964823,0.24677095,-0.08120772,1,0,1,1,0
767,159583,0.05534041,0.61883319,-0.90208982,1.82909567,0.40603031,-0.09191650,1,0,1,1,0
768,159791,0.04937237,0.65527354,-0.88658267,1.75255605,0.47252923,-0.11219288,1,0,1,1,0
769,160000,0.04608769,0.70396720,-0.85628157,1.62071213,0.60168290,-0.09544275,1,0,1,1,0
770,160208,0.02248942,0.73490766,-0.84845130,1.45969966,0.75033487,-0.11105864,1,0,1,1,0
771,160416,0.00572387,0.77209829,-0.82323439,1.33236035,0.82769127,-0.09407233,1,0,1,1,0
772,160625,-0.00748119,0.80547623,-0.79100068,1.21613783,0.92089362,-0.08607284,1,0,1,1,0
773,160833,-0.01458967,0.82794116,-0.76104787,1.04665704,1.02860447,-0.09414342,1,0,1,1,0
774,161041,-0.02030272,0.85340929,-0.72172141,0.92463019,1.10587702,-0.10340101,1,0,1,1,0
775,161250,-0.04643452,0.87232207,-0.67860063,0.76422351,1.21247572,-0.08895082,1,0,1,1,0
776,161458,-0.05993464,0.89670410,-0.63943409,0.58650504,1.29551165,-0.10334756,1,0,1,1,0
777,161666,-0.07348306,0.90451159,-0.58941722,0.43885209,1.36597183,-0.10428643,1,0,1,1,0
778,161875,-0.07854346,0.91148703,-0.54485131,0.29659089,1.44388614,-0.10346598,1,0,1,1,0
779,162083,-0.09552172,0.92140701,-0.49008509,0.11257654,1.52324056,-0.08426004,1,0,1,1,0
780,162291,-0.10097360,0.92427328,-0.44608178,-0.04718826,1.58032155,-0.09809883,1,0,1,1,0
781,162500,-0.10912197,0.91829353,-0.38546374,-0.21527388,1.63101595,-0.06153008,1,0,1,1,0
782,162708,-0.12223869,0.90678504,-0.33240650,-0.37620377,1.66419130,-0.06658574,1,0,1,1,0
783,162916,-0.13963051,0.89088268,-0.27890198,-0.53622720,1.69539036,-0.06650232,1,0,1,1,0
784,163125,-0.14313647,0.88726355,-0.22458010,-0.70799011,1.75609674,-0.07761870,1,0,1,1,0
785,163333,-0.14886501,0.87090379,-0.16451476,-0.84984362,1.76155299,-0.05583539,1,0,1,1,0
786,163541,-0.15297691,0.83543613,-0.10979937,-0.96390650,1.77718887,-0.06896666,1,0,1,1,0
787,163750,-0.16628127,0.81492854,-0.03816464,-1.11664236,1.77850523,-0.06761997,1,0,1,1,0
788,163958,-0.17633503,0.79053844,0.01702151,-1.28719524,1.80839664,-0.06410578,1,0,1,1,0
789,164166,-0.18226379,0.75928352,0.07454801,-1.44503645,1.80386221,-0.03466843,1,0,1,1,0
790,164375,-0.18336708,0.71733866,0.13356707,-1.56147949,1.80202390,-0.03798908,1,0,1,1,0
791,164583,-0.19410747,0.68588936,0.19507757,-1.67525877,1.74600063,-0.04333354,1,0,1,1,0
792,164791,-0.19437924,0.64130218,0.25402592,-1.79309553,1.71470837,-0.02162646,1,0,1,1,0
793,165000,-0.19222470,0.60278305,0.30680322,-1.90497320,1.69600617,-0.01350262,1,0,1,1,0
794,165208,-0.19216160,0.55168107,0.35698536,-2.00859528,1.64490010,-0.01013919,1,0,1,1,0
795,165416,-0.18707552,0.50575563,0.42663809,-2.09521102,1.61360691,-0.00133167,1,0,1,1,1
796,165625,-0.19610562,0.45246012,0.48141957,-2.19654905,1.54177759,0.00423387,1,0,1,1,1
797,165833,-0.19604812,0.39296538,0.52227575,-2.26810846,1.48388041,0.00158797,1,0,1,1,1
798,166041,-0.18822543,0.33073036,0.56668682,-2.34461513,1.41244266,0.01657687,1,0,1,1,1
799,166250,-0.19500875,0.28242969,0.60635163,-2.37716107,1.32414703,0.02622310,1,0,1,1,1
800,166458,-0.18888226,0.22716457,0.65552328,-2.41003414,1.26141066,-0.00007334,1,0,1,1,1
801,166666,-0.19028521,0.17110251,0.70210474,-2.45362901,1.18049683,0.02352952,1,0,1,1,1
802,166875,-0.18599220,0.09941543,0.74446327,-2.49048702,1.06061991,0.04384111,1,0,1,1,1
803,167083,-0.18010994,0.04610700,0.77198369,-2.50009119,0.97144946,0.03664951,1,0,1,1,1
804,167291,-0.17325587,-0.01730081,0.79959491,-2.51221810,0.87342823,0.05366715,1,0,1,1,1
805,167500,-0.16947935,-0.07751047,0.83175580,-2.49310763,0.76972750,0.04455041,1,0,1,1,1
806,167708,-0.16079147,-0.13392471,0.85960350,-2.46700205,0.66180230,0.05441509,1,0,1,1,0
807,167916,-0.14872868,-0.19138306,0.87487900,-2.43647410,0.55536381,0.06799191,1,0,1,1,0
808,168125,-0.14157091,-0.25937668,0.89617603,-2.39539960,0.44212056,0.08191130,1,0,1,1,0
809,168333,-0.12833274,-0.31521439,0.89667601,-2.36856382,0.32507601,0.08987389,1,0,1,1,0
810,168541,-0.12409836,-0.37092633,0.92374712,-2.28999440,0.20873998,0.07635586,1,0,1,1,0
811,168750,-0.10461743,-0.42965512,0.92636752,-2.22707061,0.08312581,0.08172924,1,0,1,1,0
812,168958,-0.09320807,-0.47880616,0.91778526,-2.11870492,-0.03416359,0.07638532,1,0,1,1,0
813,169166,-0.09131084,-0.52443097,0.91539529,-2.04258035,-0.15958572,0.09436005,1,0,1,1,0
814,169375,-0.07777797,-0.56977086,0.91002506,-1.96357715,-0.26711566,0.10697349,1,0,1,1,0
815,169583,-0.06059825,-0.61698086,0.89476675,-1.84793954,-0.38481505,0.09485434,1,0,1,1,0
816,169791,-0.04714412,-0.65626324,0.87204546,-1.71185643,-0.50179372,0.08849970,1,0,1,1,0
817,170000,-0.03043915,-0.71081588,0.86862089,-1.60883340,-0.60612849,0.10474854,1,0,1,1,0
818,170208,-0.02458399,-0.73837108,0.83925367,-1.47788651,-0.71309454,0.10292892,1,0,1,1,0
819,170416,-0.01071105,-0.78143393,0.82676199,-1.33612592,-0.82072945,0.10830265,1,0,1,1,0
820,170625,0.01358447,-0.80714913,0.78892547,-1.21969508,-0.93024969,0.09960068,1,0,1,1,0
821,170833,0.01103228,-0.83365629,0.76348688,-1.07086090,-1.01919526,0.08063032,1,0,1,1,0
822,171041,0.03522608,-0.85647706,0.71519116,-0.91280530,-1.10423672,0.08943425,1,0,1,1,0
823,171250,0.04076666,-0.87836081,0.67922040,-0.75952362,-1.21081008,0.10232170,1,0,1,1,0
824,171458,0.05628113,-0.90224122,0.64091402,-0.60345951,-1.29354034,0.08882140,1,0,1,1,0
825,171666,0.07290134,-0.90760865,0.59098056,-0.43859698,-1.37262592,0.09675090,1,0,1,1,0
826,171875,0.07050633,-0.91387887,0.53624376,-0.28364449,-1.43915034,0.06888596,1,0,1,1,0
827,172083,0.09636853,-0.92509535,0.50118498,-0.13173044,-1.51135045,0.08781994,1,0,1,1,0
828,172291,0.09835912,-0.92173062,0.45117965,0.05256987,-1.58348660,0.07948777,1,0,1,1,0
829,172500,0.11679228,-0.91413677,0.39702421,0.20943445,-1.60655474,0.10157835,1,0,1,1,0
830,172708,0.13484876,-0.91161641,0.34288909,0.36400809,-1.66767626,0.08227453,1,0,1,1,0
831,172916,0.14073192,-0.88960131,0.27739820,0.52629390,-1.70365627,0.07072053,1,0,1,1,0
832,173125,0.14912738,-0.88526338,0.22481494,0.67728664,-1.74209068,0.06784685,1,0,1,1,0
833,173333,0.14648395,-0.87294503,0.16247615,0.82995123,-1.78426911,0.09118908,1,0,1,1,0
834,173541,0.15080284,-0.84673608,0.10382804,0.97452805,-1.78984095,0.06807956,1,0,1,1,0
835,173750,0.16280897,-0.82148985,0.03624984,1.14667331,-1.79358266,0.05128247,1,0,1,1,0
836,173958,0.17426527,-0.78153136,-0.00904064,1.30257462,-1.80689920,0.02355579,1,0,1,1,0
837,174166,0.17221524,-0.75342809,-0.06030138,1.42451513,-1.79348624,0.03252445,1,0,1,1,0
838,174375,0.18420479,-0.72713435,-0.13555221,1.55681516,-1.79395378,0.04762890,1,0,1,1,0
839,174583,0.19482217,-0.68467301,-0.18680002,1.67493529,-1.76335039,0.03944992,1,0,1,1,0
840,174791,0.18733669,-0.63969072,-0.25002401,1.79678675,-1.73568360,0.01618551,1,0,1,1,0
841,175000,0.20355116,-0.58941431,-0.31323946,1.89214065,-1.70537658,0.00574607,1,0,1,1,0
842,175208,0.19845627,-0.54810317,-0.36340836,2.01682887,-1.66165163,0.01052416,1,0,1,1,1
843,175416,0.20062968,-0.49292449,-0.42585082,2.12051264,-1.61168467,-0.00637063,1,0,1,1,1
844,175625,0.19398115,-0.43005955,-0.46379395,2.19334140,-1.56431182,-0.00467912,1,0,1,1,1
845,175833,0.19523878,-0.37149984,-0.52392626,2.26060639,-1.52443116,-0.01433062,1,0,1,1,1
846,176041,0.19738531,-0.31372443,-0.57414667,2.30560699,-1.49580551,-0.01539473,1,0,1,1,1
847,176250,0.19726719,-0.24605579,-0.61328650,2.38675509,-1.45170891,-0.01281642,1,0,1,1,1
848,176458,0.19096017,-0.18258205,-0.66934226,2.44192062,-1.38423449,-0.03876568,1,0,1,1,1
849,176666,0.18720505,-0.13368383,-0.69849668,2.46121861,-1.31178866,-0.03122491,1,0,1,1,1
850,176875,0.18639727,-0.08768939,-0.73677954,2.48804507,-1.25699694,-0.04537988,1,0,1,1,1
851,177083,0.18987675,-0.03055238,-0.77074798,2.50501559,-1.17454145,-0.04980680,1,0,1,1,1
852,177291,0.16841671,0.01650792,-0.80662647,2.49086232,-1.06735244,-0.06606156,1,0,1,1,1
853,177500,0.16842286,0.03982315,-0.83739224,2.49016380,-0.97337495,-0.05664242,1,0,1,1,1
854,177708,0.15544130,0.06408694,-0.86406271,2.48171838,-0.86379296,-0.06267998,1,0,1,1,1
855,177916,0.14418584,0.09370790,-0.88205114,2.44328489,-0.74004418,-0.04660588,1,0,1,1,0
856,178125,0.13493688,0.10763146,-0.89188842,2.42190107,-0.57875332,-0.05985031,1,0,1,1,0
857,178333,0.12336773,0.11010149,-0.90925255,2.36880017,-0.46444969,-0.06007849,1,0,1,1,0
858,178541,0.11845953,0.11317853,-0.92019403,2.28460686,-0.31151186,-0.07925194,1,0,1,1,0
859,178750,0.11249600,0.12472977,-0.92325163,2.22707590,-0.12614880,-0.07982228,1,0,1,1,0
860,178958,0.10312233,0.12632795,-0.91492842,2.13588637,0.04101785,-0.08542023,1,0,1,1,0
861,179166,0.08631362,0.11299337,-0.91791709,2.03484154,0.21672420,-0.10303634,1,0,1,1,0
862,179375,0.07399889,0.11322612,-0.91538053,1.95301144,0.40154050,-0.08808090,1,0,1,1,0
863,179583,0.06230047,0.10707063,-0.89987034,1.85122107,0.59039398,-0.06897929,1,0,1,1,0
864,179791,0.04770507,0.11293456,-0.88148673,1.76795482,0.77933488,-0.09572209,1,0,1,1,0
865,180000,0.03742027,0.11439785,-0.86290037,1.59415218,0.95024435,-0.10249027,1,0,1,1,0
866,180208,0.01915769,0.11269445,-0.84849320,1.49240179,1.10510556,-0.11484329,1,0,1,1,0
867,180416,0.01375254,0.12432334,-0.81792036,1.33534542,1.29655546,-0.10200120,1,0,1,1,0
868,180625,-0.00600902,0.13205100,-0.79093836,1.20189852,1.43535302,-0.10853555,1,0,1,1,0
869,180833,-0.02345787,0.14149767,-0.75625044,1.07406183,1.60193409,-0.11366222,1,0,1,1,0
870,181041,-0.02368040,0.13515925,-0.72452551,0.92321047,1.74937178,-0.10596080,1,0,1,1,0
871,181250,-0.04496944,0.14316386,-0.67724648,0.77084839,1.88705972,-0.08488423,1,0,1,1,0
872,181458,-0.05524031,0.13961858,-0.63217634,0.61614822,2.01440812,-0.11083218,1,0,1,1,0
873,181666,-0.06746348,0.13048811,-0.59807315,0.43977757,2.11702126,-0.11167507,1,0,1,1,0
874,181875,-0.08725675,0.14944447,-0.54876047,0.27124276,2.24878918,-0.10678190,1,0,1,1,0
875,182083,-0.09624003,0.14692201,-0.49611886,0.12607602,2.34479012,-0.10591092,1,0,1,1,0
876,182291,-0.10034090,0.15322547,-0.44785596,-0.04684259,2.45812183,-0.09691676,1,0,1,1,0
877,182500,-0.11021963,0.15352609,-0.39264246,-0.21353743,2.53028362,-0.06184762,1,0,1,1,0
878,182708,-0.12351202,0.14745993,-0.33168222,-0.35115987,2.61520305,-0.08562674,1,0,1,1,1
879,182916,-0.13533191,0.14374129,-0.28908440,-0.53163618,2.66600001,-0.07365177,1,0,1,1,1
880,183125,-0.15360734,0.14672984,-0.22728459,-0.68591605,2.70432425,-0.08063607,1,0,1,1,1
881,183333,-0.15220685,0.14087462,-0.17188770,-0.83900165,2.75524320,-0.07412414,1,0,1,1,1
882,183541,-0.15705109,0.13771186,-0.10604308,-0.99225724,2.79310905,-0.05671436,1,0,1,1,1
883,183750,-0.17345746,0.13992028,-0.05067291,-1.15055575,2.81248335,-0.03473927,1,0,1,1,1
884,183958,-0.17977697,0.13119364,0.01643633,-1.29623726,2.78648434,-0.04854350,1,0,1,1,1
885,184166,-0.18096471,0.12715511,0.06945407,-1.44734834,2.79608852,-0.04219038,1,0,1,1,1
886,184375,-0.18947683,0.11928602,0.13672283,-1.55933992,2.76631007,-0.03715220,1,0,1,1,1
887,184583,-0.19440865,0.11508042,0.18887295,-1.69732301,2.71514320,-0.02424445,1,0,1,1,1
888,184791,-0.20053335,0.11216008,0.25352441,-1.79872863,2.70082510,-0.02259690,1,0,1,1,1
889,185000,-0.19079366,0.10260969,0.30781192,-1.92023151,2.62725069,-0.02063494,1,0,1,1,1
890,185208,-0.20141121,0.09281995,0.36926460,-2.01077185,2.55334845,-0.01314248,1,0,1,1,1
891,185416,-0.19891663,0.07996562,0.41874231,-2.10969976,2.47056483,-0.00741984,1,0,1,1,1
892,185625,-0.19686876,0.07464231,0.47612166,-2.17849842,2.39020049,0.00195835,1,0,1,1,1
893,185833,-0.20006149,0.06850233,0.51723047,-2.25669191,2.31597553,0.00371191,1,0,1,1,1
894,186041,-0.20293908,0.06558910,0.57097475,-2.32105211,2.18316367,-0.00003611,1,0,1,1,1
895,186250,-0.18983558,0.03482078,0.62269023,-2.39410822,2.07375972,0.03152371,1,0,1,1,1
896,186458,-0.19457062,0.04119252,0.66374276,-2.40781753,1.94181034,0.03965961,1,0,1,1,1
897,186666,-0.19078482,0.03437157,0.70211439,-2.45779563,1.79934474,0.03334442,1,0,1,1,1
898,186875,-0.17771540,0.01689936,0.74006257,-2.47955696,1.67994979,0.05242748,1,0,1,1,1
899,187083,-0.18450241,0.01564387,0.77734612,-2.49976546,1.50925096,0.03076059,1,0,1,1,1
900,187291,-0.17617871,0.00511367,0.81122944,-2.50953473,1.34334230,0.04193896,1,0,1,1,1
901,187500,-0.15782023,-0.01290280,0.83410607,-2.48667309,1.20071002,0.07072724,1,0,1,1,1
902,187708,-0.15852247,-0.02328826,0.85199011,-2.46243201,1.03692654,0.06454481,1,0,1,1,1
903,187916,-0.14917327,-0.03617612,0.87602741,-2.45809960,0.85099636,0.07398226,1,0,1,1,1
904,188125,-0.14143351,-0.03675314,0.89881829,-2.41228402,0.66843638,0.06754650,1,0,1,1,0
905,188333,-0.13010747,-0.05881355,0.90827960,-2.33773603,0.50158981,0.07319336,1,0,1,1,0
906,188541,-0.12252386,-0.05977269,0.91008422,-2.29917979,0.30707853,0.08870972,1,0,1,1,0
907,188750,-0.10254490,-0.06586083,0.92333378,-2.23657238,0.14935997,0.08608915,1,0,1,1,0
908,188958,-0.10244634,-0.08409431,0.92137431,-2.13286971,-0.05402008,0.05692714,1,0,1,1,0
909,189166,-0.08693170,-0.08628815,0.92197579,-2.05170822,-0.23618661,0.07995674,1,0,1,1,0
910,189375,-0.08012189,-0.08635799,0.91048157,-1.97705964,-0.40172897,0.09376617,1,0,1,1,0
911,189583,-0.05707029,-0.10360175,0.90159749,-1.85806286,-0.58911328,0.10521166,1,0,1,1,0
912,189791,-0.04855074,-0.10999559,0.87883215,-1.72886808,-0.77732362,0.09778279,1,0,1,1,0
913,190000,-0.03625346,-0.11042261,0.87391250,-1.61768551,-0.93954043,0.09494302,1,0,1,1,0
914,190208,-0.01579032,-0.11592409,0.84709616,-1.48341085,-1.09571542,0.08618579,1,0,1,1,0
915,190416,-0.01277893,-0.13508633,0.82034336,-1.34807758,-1.28210728,0.10064537,1,0,1,1,0
916,190625,0.00440666,-0.13002388,0.79197868,-1.19448678,-1.45034232,0.10114838,1,0,1,1,0
917,190833,0.02125773,-0.13600693,0.76047559,-1.06568545,-1.58508972,0.09637552,1,0,1,1,0
918,191041,0.02874755,-0.13651670,0.71344773,-0.92469291,-1.73072028,0.11160522,1,0,1,1,0
919,191250,0.03857828,-0.13482476,0.68741208,-0.78391349,-1.89302345,0.09998994,1,0,1,1,0
920,191458,0.05310601,-0.14802437,0.64601979,-0.58815939,-2.01049881,0.11450136,1,0,1,1,0
921,191666,0.07059813,-0.13835768,0.59911869,-0.45022450,-2.13274239,0.07695057,1,0,1,1,0
922,191875,0.08540861,-0.15304719,0.54655291,-0.28366110,-2.24390102,0.11480315,1,0,1,1,0
923,192083,0.08926946,-0.15388665,0.50783806,-0.12475576,-2.36210293,0.10208159,1,0,1,1,0
924,192291,0.10217926,-0.14987624,0.44490811,0.06452600,-2.45379019,0.09618969,1,0,1,1,0
925,192500,0.12266993,-0.15639275,0.39273551,0.21515177,-2.52235734,0.07728401,1,0,1,1,0
926,192708,0.11928578,-0.14739288,0.33455493,0.35167277,-2.62920623,0.08719216,1,0,1,1,1
927,192916,0.13942226,-0.15057019,0.27655175,0.53801061,-2.66224878,0.06143178,1,0,1,1,1
928,193125,0.14488340,-0.14170016,0.22896918,0.68273856,-2.72496563,0.08735005,1,0,1,1,1
929,193333,0.15350064,-0.14891722,0.16476532,0.82932638,-2.74574967,0.05779463,1,0,1,1,1
930,193541,0.16888924,-0.13789540,0.10891376,1.00153369,-2.79183408,0.07878315,1,0,1,1,1
931,193750,0.17472235,-0.13741344,0.03647056,1.12766628,-2.81265102,0.05092311,1,0,1,1,1
932,193958,0.17555510,-0.12609834,-0.01197809,1.27251335,-2.79302438,0.03847953,1,0,1,1,1
933,194166,0.19061350,-0.12252888,-0.07871426,1.41987551,-2.78676057,0.04443428,1,0,1,1,1
934,194375,0.18093331,-0.12834489,-0.12736910,1.57250510,-2.77433983,0.03207603,1,0,1,1,1
935,194583,0.18605596,-0.11788191,-0.19249759,1.66831658,-2.74124184,0.01435701,1,0,1,1,1
936,194791,0.19646327,-0.10197834,-0.25553676,1.77727632,-2.68488265,0.03505504,1,0,1,1,1
937,195000,0.20612505,-0.09305526,-0.30814925,1.89775319,-2.63581796,0.01900534,1,0,1,1,1
938,195208,0.19414575,-0.08882662,-0.36931509,2.00515415,-2.56343368,0.00805607,1,0,1,1,1
939,195416,0.21638144,-0.07478365,-0.41222992,2.11739671,-2.49013203,-0.00722827,1,0,1,1,1
940,195625,0.19865424,-0.07676869,-0.48197396,2.18549137,-2.40418015,-0.00444666,1,0,1,1,1
941,195833,0.19908433,-0.06522846,-0.52180359,2.27328777,-2.29364451,-0.01045970,1,0,1,1,1
942,196041,0.19404918,-0.05844343,-0.56489352,2.33020265,-2.20883600,-0.00570912,1,0,1,1,1
943,196250,0.19208313,-0.04728685,-0.61739519,2.38293343,-2.08881557,-0.03511243,1,0,1,1,1
944,196458,0.19385923,-0.03467969,-0.65770972,2.43542167,-1.94675456,-0.01642922,1,0,1,1,1
945,196666,0.18618963,-0.02489564,-0.70679679,2.46051076,-1.79534113,-0.02715074,1,0,1,1,1
946,196875,0.18174916,-0.01392842,-0.74121103,2.49471784,-1.65695015,-0.05284735,1,0,1,1,1
947,197083,0.17543879,-0.00847507,-0.77350275,2.49980084,-1.51983742,-0.05978780,1,0,1,1,1
948,197291,0.17823114,-0.00492523,-0.80140505,2.48331563,-1.37596215,-0.04625001,1,0,1,1,1
949,197500,0.16531455,0.01601791,-0.84087840,2.49725015,-1.20540967,-0.06096993,1,0,1,1,1
950,197708,0.15626581,0.02693142,-0.86496202,2.46432248,-1.01899299,-0.08722615,1,0,1,1,1
951,197916,0.16471326,0.02853864,-0.88386910,2.44513014,-0.85299900,-0.06730245,1,0,1,1,0
952,198125,0.13989311,0.03868374,-0.89906635,2.40430068,-0.67210252,-0.08265684,1,0,1,1,0
953,198333,0.13297539,0.05221290,-0.91021859,2.36865861,-0.50805378,-0.06961388,1,0,1,1,0
954,198541,0.11528161,0.05897039,-0.91699322,2.29862098,-0.31200593,-0.07720493,1,0,1,1,0
955,198750,0.10860741,0.07079397,-0.92957795,2.22727393,-0.14175714,-0.08280219,1,0,1,1,0
956,198958,0.09661361,0.07950071,-0.92361284,2.13562816,0.04255770,-0.10859866,1,0,1,1,0
957,199166,0.09253077,0.08365737,-0.91778378,2.04173679,0.19951995,-0.09912988,1,0,1,1,0
958,199375,0.07705799,0.09947579,-0.91193049,1.96680441,0.43261527,-0.11083542,1,0,1,1,0
959,199583,0.05964104,0.08846117,-0.90183599,1.86357786,0.59261004,-0.09154696,1,0,1,1,0
960,199791,0.05318974,0.10394724,-0.88278675,1.72478873,0.76413141,-0.09270964,1,0,1,1,0
961,200000,0.03426899,0.11621737,-0.85867559,1.63499075,0.96712950,-0.09398795,1,0,1,1,0
962,200208,0.01541002,0.12001576,-0.83921248,1.48718232,1.12190436,-0.07420694,1,0,1,1,0
963,200416,0.00911025,0.12210656,-0.81507102,1.32441288,1.28994807,-0.10936512,1,0,1,1,0
964,200625,-0.00352807,0.13754792,-0.77661470,1.22151767,1.42313055,-0.10348606,1,0,1,1,0
965,200833,-0.01864589,0.12484817,-0.74983953,1.06950146,1.60011547,-0.09574545,1,0,1,1,0
966,201041,-0.02467969,0.15387597,-0.72754687,0.91746838,1.72786236,-0.11655682,1,0,1,1,0
967,201250,-0.04565346,0.14183413,-0.67818021,0.78382230,1.88476949,-0.09139504,1,0,1,1,0
968,201458,-0.05365364,0.14228904,-0.64383952,0.61774068,2.04195182,-0.09758411,1,0,1,1,0
969,201666,-0.07785998,0.15678809,-0.59643824,0.43235135,2.14143565,-0.09289102,1,0,1,1,0
970,201875,-0.07550332,0.15147851,-0.54577070,0.29080808,2.26770782,-0.11091648,1,0,1,1,0
971,202083,-0.08732994,0.15125399,-0.49687094,0.11628478,2.35727298,-0.08507504,1,0,1,1,0
972,202291,-0.10432508,0.14517984,-0.44362458,-0.02997377,2.44737505,-0.08851631,1,0,1,1,0
973,202500,-0.10908736,0.14186051,-0.39685527,-0.19805896,2.52470555,-0.06058351,1,0,1,1,0
974,202708,-0.12443027,0.15326632,-0.33035422,-0.37018181,2.59576172,-0.06849308,1,0,1,1,1
975,202916,-0.13336608,0.15450282,-0.28410322,-0.53626985,2.65758911,-0.06948269,1,0,1,1,1
976,203125,-0.13951214,0.14036731,-0.22294797,-0.67503353,2.70913652,-0.04932954,1,0,1,1,1
977,203333,-0.15832844,0.14438556,-0.15200664,-0.84684246,2.76072738,-0.07659126,1,0,1,1,1
978,203541,-0.15374684,0.13755725,-0.10205710,-0.97694166,2.79286419,-0.06273940,1,0,1,1,1
979,203750,-0.16134934,0.12954424,-0.04717058,-1.15169004,2.81207881,-0.06396401,1,0,1,1,1
980,203958,-0.17968478,0.13848562,0.01353454,-1.29072687,2.78921535,-0.05142997,1,0,1,1,1
981,204166,-0.18708683,0.12489054,0.08689999,-1.42741001,2.79797543,-0.02552141,1,0,1,1,1
982,204375,-0.19072613,0.11315493,0.12949245,-1.56246507,2.75984959,-0.03240174,1,0,1,1,1
983,204583,-0.18862116,0.11506663,0.18844955,-1.68215807,2.72802612,-0.02835179,1,0,1,1,1
984,204791,-0.20440646,0.10080423,0.24792157,-1.77771755,2.68401929,-0.00964567,1,0,1,1,1
985,205000,-0.19868029,0.10278225,0.31575666,-1.92334177,2.63863094,-0.00893702,1,0,1,1,1
986,205208,-0.19125609,0.09446145,0.37340241,-2.02115729,2.55476739,0.00443970,1,0,1,1,1
987,205416,-0.20089749,0.08029689,0.41152880,-2.08732846,2.49860606,-0.00548151,1,0,1,1,1
988,205625,-0.20418937,0.07678471,0.46606120,-2.18272001,2.41212527,0.00426837,1,0,1,1,1
989,205833,-0.19605883,0.06507334,0.52333535,-2.26603372,2.29638304,0.00247807,1,0,1,1,1
990,206041,-0.19421999,0.06536806,0.57814164,-2.30333039,2.17994583,0.00714823,1,0,1,1,1
991,206250,-0.20595183,0.04334575,0.61575349,-2.39536593,2.07439018,0.02690106,1,0,1,1,1
992,206458,-0.19176622,0.03214464,0.65851181,-2.42481600,1.95069507,0.02365501,1,0,1,1,1
993,206666,-0.17879747,0.02998674,0.68988563,-2.46961994,1.80919805,0.02752463,1,0,1,1,1
994,206875,-0.19094694,0.01306305,0.74319757,-2.49401279,1.65680478,0.03718224,1,0,1,1,1
995,207083,-0.18203160,0.01352814,0.78503851,-2.48382463,1.52151325,0.06503649,1,0,1,1,1
996,207291,-0.17163859,0.00217510,0.80486790,-2.51756163,1.37712503,0.05869419,1,0,1,1,1
997,207500,-0.16049338,-0.01255181,0.83196713,-2.49178796,1.21112408,0.05473411,1,0,1,1,1
998,207708,-0.15676679,-0.02229312,0.86277267,-2.47768789,1.01311875,0.07863387,1,0,1,1,1
999,207916,-0.15403494,-0.04572869,0.87138347,-2.44281452,0.84562336,0.05010196,1,0,1,1,0
1000,208125,-0.14931273,-0.04400484,0.89365513,-2.39966243,0.66035935,0.07850725,1,0,1,1,0
1001,208333,-0.11625436,-0.05470602,0.90797627,-2.34145662,0.51401934,0.07207641,1,0,1,1,0
1002,208541,-0.11091795,-0.05556678,0.91651303,-2.29826759,0.33123512,0.08917554,1,0,1,1,0
1003,208750,-0.11182613,-0.07120543,0.92863547,-2.23101571,0.11791606,0.09622638,1,0,1,1,0
1004,208958,-0.09603659,-0.07589812,0.91848627,-2.13755191,-0.06631591,0.10059321,1,0,1,1,0
1005,209166,-0.08411910,-0.08893717,0.91737687,-2.06044254,-0.23639602,0.10231272,1,0,1,1,0
1006,209375,-0.08176637,-0.09083227,0.90828248,-1.96736770,-0.42882883,0.10466130,1,0,1,1,0
1007,209583,-0.06184764,-0.10371771,0.90764861,-1.83766213,-0.59643065,0.08952084,1,0,1,1,0
1008,209791,-0.04952979,-0.10607583,0.88314759,-1.74532016,-0.77304535,0.09761014,1,0,1,1,0
1009,210000,-0.03623325,-0.10546989,0.87247326,-1.59086200,-0.93371320,0.10609450,1,0,1,1,0
1010,210208,-0.02083912,-0.11370124,0.85071559,-1.49532461,-1.12332385,0.09248008,1,0,1,1,0
1011,210416,-0.01774238,-0.13211772,0.81464820,-1.36104976,-1.27505171,0.11275872,1,0,1,1,0
1012,210625,0.00316116,-0.12857910,0.79714287,-1.20122374,-1.45153043,0.09873945,1,0,1,1,0
1013,210833,0.02181448,-0.13676078,0.75308095,-1.04708231,-1.60254203,0.10567622,1,0,1,1,0
1014,211041,0.03280667,-0.15109518,0.72326454,-0.90957892,-1.75109491,0.09050138,1,0,1,1,0
1015,211250,0.05790511,-0.14990249,0.68218276,-0.74993269,-1.87357262,0.10897935,1,0,1,1,0
1016,211458,0.05618627,-0.14632344,0.63353768,-0.59747840,-2.00926309,0.10057805,1,0,1,1,0
1017,211666,0.07140811,-0.15400113,0.58377441,-0.43392669,-2.14227509,0.08614019,1,0,1,1,0
1018,211875,0.08191230,-0.14497996,0.55069418,-0.27862837,-2.24881554,0.07422067,1,0,1,1,0
1019,212083,0.08346980,-0.14703875,0.49470703,-0.12282285,-2.35686027,0.09476968,1,0,1,1,0
1020,212291,0.10581763,-0.15521996,0.44584408,0.03362615,-2.46014500,0.08206536,1,0,1,1,0
1021,212500,0.11296256,-0.14992952,0.38486292,0.21749837,-2.52002565,0.07973242,1,0,1,1,0
1022,212708,0.11691491,-0.15131628,0.33201620,0.38057470,-2.58542364,0.05731775,1,0,1,1,1
1023,212916,0.12398794,-0.14048736,0.27577825,0.53225911,-2.66100956,0.07612077,1,0,1,1,1
1024,213125,0.14321887,-0.14559964,0.21748234,0.68324480,-2.71867867,0.06452375,1,0,1,1,1
1025,213333,0.15458618,-0.14386612,0.16035304,0.82889517,-2.75070325,0.05640467,1,0,1,1,1
1026,213541,0.15852246,-0.12852347,0.10833498,0.98748947,-2.77557015,0.06706297,1,0,1,1,1
1027,213750,0.17194332,-0.13630089,0.04704280,1.14945165,-2.79740858,0.05222841,1,0,1,1,1
1028,213958,0.17029348,-0.12687380,-0.01302849,1.28841894,-2.79452779,0.04897540,1,0,1,1,1
1029,214166,0.17960109,-0.12769868,-0.07308486,1.45137578,-2.79188082,0.04058194,1,0,1,1,1
1030,214375,0.17928002,-0.11438181,-0.13099765,1.55463657,-2.77368903,0.05173420,1,0,1,1,1
1031,214583,0.18923405,-0.11150540,-0.19674413,1.67797290,-2.73382070,0.01419630,1,0,1,1,1
1032,214791,0.19497211,-0.10956003,-0.25410143,1.81022654,-2.69091755,0.01301398,1,0,1,1,1
1033,215000,0.20023660,-0.08955403,-0.31263347,1.91115803,-2.64356202,0.02655933,1,0,1,1,1
1034,215208,0.19985845,-0.09225183,-0.36011741,2.01677402,-2.56677076,-0.00867930,1,0,1,1,1
1035,215416,0.19573787,-0.08520605,-0.41020269,2.09261055,-2.49496892,0.01297667,1,0,1,1,1
1036,215625,0.19403089,-0.07329923,-0.47410910,2.18116280,-2.40557306,-0.01717415,1,0,1,1,1
1037,215833,0.19819207,-0.06263068,-0.52126195,2.25844180,-2.29754864,-0.01597334,1,0,1,1,1
1038,216041,0.19445157,-0.05776148,-0.56320688,2.32106683,-2.19510472,-0.00760111,1,0,1,1,1
1039,216250,0.20215850,-0.04230738,-0.61519244,2.37955903,-2.07723317,-0.01622894,1,0,1,1,1
1040,216458,0.18940259,-0.03178193,-0.66637200,2.42952138,-1.94352869,-0.01620391,1,0,1,1,1
1041,216666,0.19524177,-0.02036265,-0.70344047,2.47761420,-1.81110717,-0.04393115,1,0,1,1,1
1042,216875,0.18048825,-0.02412064,-0.74110706,2.47935245,-1.66821921,-0.04094086,1,0,1,1,1
1043,217083,0.17412354,-0.00253617,-0.77809889,2.48647675,-1.50929120,-0.03518310,1,0,1,1,1
1044,217291,0.17682775,0.00513747,-0.80517053,2.48138508,-1.36142927,-0.04490858,1,0,1,1,1
1045,217500,0.15765536,0.01183577,-0.83291001,2.47465746,-1.20119845,-0.04283701,1,0,1,1,1
1046,217708,0.16285740,0.01324826,-0.84562180,2.48136054,-1.02630355,-0.05547015,1,0,1,1,1
1047,217916,0.14650707,0.03929226,-0.87342921,2.43839085,-0.85345365,-0.07199828,1,0,1,1,0
1048,218125,0.14192901,0.04015930,-0.89640175,2.40923393,-0.67389650,-0.06430868,1,0,1,1,0
1049,218333,0.13093233,0.04092868,-0.90993070,2.34704498,-0.51370752,-0.08655029,1,0,1,1,0
1050,218541,0.11935154,0.05924769,-0.91570863,2.29311682,-0.31978828,-0.08369231,1,0,1,1,0
1051,218750,0.10677597,0.06612996,-0.92084929,2.24035431,-0.14633151,-0.08236078,1,0,1,1,0
1052,218958,0.09230073,0.08583186,-0.92060672,2.14701402,0.03436566,-0.09503885,1,0,1,1,0
1053,219166,0.08757810,0.09443885,-0.91916757,2.04442707,0.21841699,-0.12080841,1,0,1,1,0
1054,219375,0.06605380,0.09623495,-0.90911225,1.94904598,0.40899015,-0.08924106,1,0,1,1,0
1055,219583,0.05909835,0.09014671,-0.90076262,1.84661536,0.61242801,-0.09354699,1,0,1,1,0
1056,219791,0.05130336,0.10686845,-0.87759454,1.73969985,0.77564962,-0.08735574,1,0,1,1,0
1057,220000,0.03309217,0.11728646,-0.86767554,1.63348390,0.94077150,-0.09801220,1,0,1,1,0
1058,220208,0.02408338,0.12133982,-0.84857792,1.49937016,1.10302233,-0.10718501,1,0,1,1,0
1059,220416,0.00847228,0.12132071,-0.81303536,1.35086044,1.29311174,-0.11517334,1,0,1,1,0
1060,220625,-0.00415023,0.12436706,-0.79765972,1.21918015,1.44283772,-0.10558807,1,0,1,1,0
1061,220833,-0.01575836,0.12391298,-0.75626597,1.06940108,1.59486962,-0.10494974,1,0,1,1,0
1062,221041,-0.04298982,0.13549855,-0.72252698,0.92451604,1.75051388,-0.10142236,1,0,1,1,0
1063,221250,-0.04806204,0.14877034,-0.68014296,0.76756706,1.86714222,-0.09154672,1,0,1,1,0
1064,221458,-0.05745667,0.14330462,-0.63972187,0.58052859,2.00843689,-0.10808965,1,0,1,1,0
1065,221666,-0.07070048,0.14482471,-0.59900345,0.45611439,2.11993497,-0.09349823,1,0,1,1,0
1066,221875,-0.08153669,0.14302758,-0.54166612,0.29012542,2.26082912,-0.08429694,1,0,1,1,0
1067,222083,-0.08379676,0.15564212,-0.48677184,0.13201707,2.35168529,-0.08813763,1,0,1,1,0
1068,222291,-0.10775134,0.14926007,-0.45057436,-0.01946332,2.47646041,-0.07720223,1,0,1,1,0
1069,222500,-0.11185879,0.14649159,-0.39686427,-0.21028216,2.53297895,-0.07926610,1,0,1,1,0
1070,222708,-0.13085973,0.14627535,-0.33906005,-0.37402991,2.60104422,-0.06811538,1,0,1,1,1
1071,222916,-0.13071028,0.14769499,-0.28692102,-0.52920703,2.66366804,-0.08055722,1,0,1,1,1
1072,223125,-0.14443414,0.14096322,-0.21142796,-0.68208874,2.72167711,-0.08190159,1,0,1,1,1
1073,223333,-0.15113698,0.15043804,-0.15674543,-0.83165838,2.75334309,-0.06823001,1,0,1,1,1
1074,223541,-0.16099742,0.13948071,-0.10358955,-1.00076073,2.78198078,-0.06378537,1,0,1,1,1
1075,223750,-0.16095636,0.13589278,-0.04814250,-1.14203519,2.79423353,-0.05639558,1,0,1,1,1
1076,223958,-0.16700270,0.13036016,0.01385434,-1.27760212,2.80038606,-0.03990539,1,0,1,1,1
1077,224166,-0.18406273,0.12571926,0.07749422,-1.43232583,2.80353645,-0.05360685,1,0,1,1,1
1078,224375,-0.17981936,0.12140535,0.13898211,-1.57174271,2.75583473,-0.02866062,1,0,1,1,1
1079,224583,-0.18367450,0.11241012,0.19072809,-1.66830276,2.73240830,-0.03225019,1,0,1,1,1
1080,224791,-0.19732186,0.10487218,0.25630720,-1.78345203,2.69266760,-0.01355781,1,0,1,1,1
1081,225000,-0.20057244,0.09167091,0.30523833,-1.89454096,2.64318417,-0.00396352,1,0,1,1,1
1082,225208,-0.19877261,0.08244919,0.36351915,-2.00434074,2.57944936,-0.00543529,1,0,1,1,1
1083,225416,-0.19865635,0.07822715,0.42008822,-2.10933959,2.48386272,-0.00358232,1,0,1,1,1
1084,225625,-0.20274189,0.06478766,0.48104476,-2.18394923,2.40570784,0.00763277,1,0,1,1,1
1085,225833,-0.20212030,0.05320490,0.52334413,-2.25735750,2.30917301,-0.00190995,1,0,1,1,1
1086,226041,-0.19673490,0.05796746,0.57605199,-2.33841857,2.17489519,0.02206219,1,0,1,1,1
1087,226250,-0.19060517,0.04518218,0.62382387,-2.39490169,2.10115916,0.01975378,1,0,1,1,1
1088,226458,-0.19018534,0.04693142,0.66152923,-2.43208586,1.94174324,0.01666669,1,0,1,1,1
1089,226666,-0.18795500,0.02591360,0.70768797,-2.44798331,1.81957462,0.03830616,1,0,1,1,1
1090,226875,-0.19071435,0.01515025,0.74752056,-2.48035061,1.65875547,0.02864810,1,0,1,1,1
1091,227083,-0.17007830,0.01439474,0.77879836,-2.49616181,1.51492286,0.05634432,1,0,1,1,1
1092,227291,-0.16517276,0.00729202,0.80625725,-2.49516843,1.36771388,0.04845637,1,0,1,1,1
1093,227500,-0.17174314,-0.01515292,0.83500978,-2.48079823,1.20203770,0.05440874,1,0,1,1,1
1094,227708,-0.15887544,-0.01670311,0.85725771,-2.46953698,1.03876669,0.05626655,1,0,1,1,1
1095,227916,-0.15387144,-0.03420108,0.87479863,-2.43212940,0.84294819,0.05516133,1,0,1,1,0
1096,228125,-0.13735787,-0.03854051,0.89325264,-2.39502263,0.68229208,0.07180558,1,0,1,1,0
1097,228333,-0.13213938,-0.05244470,0.91164677,-2.35489724,0.49109709,0.06917861,1,0,1,1,0
1098,228541,-0.11749152,-0.06531958,0.91366230,-2.28525488,0.32376365,0.06505121,1,0,1,1,0
1099,228750,-0.10965621,-0.06113058,0.91985291,-2.23553968,0.14388051,0.08013865,1,0,1,1,0
1100,228958,-0.08382558,-0.08006119,0.91504118,-2.13681073,-0.04877260,0.09226329,1,0,1,1,0
1101,229166,-0.09049036,-0.08960569,0.92080845,-2.05629077,-0.22289033,0.11293317,1,0,1,1,0
1102,229375,-0.06625161,-0.09178101,0.91086417,-1.95465629,-0.41898701,0.07440472,1,0,1,1,0
1103,229583,-0.05566174,-0.10208899,0.88811828,-1.86110416,-0.59080769,0.10340500,1,0,1,1,0
1104,229791,-0.04874422,-0.11574615,0.88317724,-1.75482878,-0.75219237,0.10747996,1,0,1,1,0
1105,230000,-0.02924183,-0.11268982,0.85520280,-1.62090910,-0.92431551,0.09939686,1,0,1,1,0
1106,230208,-0.02767558,-0.12478033,0.85050115,-1.47880961,-1.12921010,0.09557965,1,0,1,1,0
1107,230416,-0.00351108,-0.12769225,0.81873274,-1.36269111,-1.28294002,0.09117186,1,0,1,1,0
1108,230625,0.01242085,-0.12202799,0.78033528,-1.19866364,-1.44869378,0.11349800,1,0,1,1,0
1109,230833,0.01261814,-0.14116963,0.76772635,-1.08728700,-1.60098720,0.07780745,1,0,1,1,0
1110,231041,0.03656918,-0.13810038,0.72260403,-0.91901452,-1.72959591,0.09712216,1,0,1,1,0
1111,231250,0.04304592,-0.14380436,0.68640289,-0.76238941,-1.87261648,0.10220906,1,0,1,1,0
1112,231458,0.06410393,-0.14739849,0.63313812,-0.60497350,-2.02566822,0.08854623,1,0,1,1,0
1113,231666,0.06892968,-0.14995230,0.59721053,-0.44701007,-2.13522007,0.07946199,1,0,1,1,0
1114,231875,0.07890114,-0.13474603,0.55822264,-0.28088292,-2.23736159,0.08019859,1,0,1,1,0
1115,232083,0.09286378,-0.14528065,0.49146321,-0.12388822,-2.34491014,0.08905135,1,0,1,1,0
1116,232291,0.10061818,-0.15748069,0.44147429,0.04283550,-2.43562582,0.07942077,1,0,1,1,0
1117,232500,0.11799285,-0.14775460,0.38902267,0.22348293,-2.53330955,0.09872763,1,0,1,1,0
1118,232708,0.12328134,-0.15308527,0.34540384,0.36087867,-2.59291533,0.08369242,1,0,1,1,1
1119,232916,0.12081652,-0.14543377,0.27028896,0.54792319,-2.66447019,0.05896405,1,0,1,1,1
1120,233125,0.13939461,-0.14015209,0.22756535,0.68353901,-2.71499848,0.06814104,1,0,1,1,1
1121,233333,0.15270347,-0.14066411,0.16405147,0.85463100,-2.74896246,0.07058912,1,0,1,1,1
1122,233541,0.16366175,-0.12659781,0.10112223,1.00723809,-2.79127303,0.05487216,1,0,1,1,1
1123,233750,0.17136455,-0.13064971,0.05091542,1.15506975,-2.81603551,0.05609551,1,0,1,1,1
1124,233958,0.17844953,-0.13534144,-0.00050303,1.28325898,-2.79542536,0.05046376,1,0,1,1,1
1125,234166,0.18604862,-0.12848808,-0.07913868,1.43949238,-2.79554178,0.04115769,1,0,1,1,1
1126,234375,0.18686139,-0.11887554,-0.12919183,1.54152143,-2.79127667,0.02998300,1,0,1,1,1
1127,234583,0.18882965,-0.11262479,-0.19038770,1.70107708,-2.73737116,0.02301256,1,0,1,1,1
1128,234791,0.19276825,-0.09720322,-0.25229970,1.80417448,-2.70171161,0.02551382,1,0,1,1,1
1129,235000,0.19600030,-0.09276512,-0.31042947,1.92040812,-2.63369335,0.02135966,1,0,1,1,1
1130,235208,0.20213449,-0.09415615,-0.36474914,1.99263138,-2.55437702,0.01809640,1,0,1,1,1
1131,235416,0.19555956,-0.08003945,-0.42734543,2.10836986,-2.47985261,0.00751320,1,0,1,1,1
1132,235625,0.19131478,-0.07333460,-0.47700681,2.17686933,-2.39332433,-0.00387576,1,0,1,1,1
1133,235833,0.20129583,-0.06763294,-0.53011491,2.26843974,-2.30623451,-0.02545217,1,0,1,1,1
1134,236041,0.20530056,-0.05708731,-0.57168319,2.32538552,-2.20476161,-0.00699463,1,0,1,1,1
1135,236250,0.19208787,-0.04892352,-0.61800281,2.37422025,-2.08377236,-0.00252092,1,0,1,1,1
1136,236458,0.18106263,-0.03690216,-0.66411351,2.43925659,-1.95426390,-0.04450019,1,0,1,1,1
1137,236666,0.18631247,-0.02810656,-0.70435889,2.45324452,-1.80946982,-0.04450325,1,0,1,1,1
1138,236875,0.18522437,-0.01547666,-0.74391262,2.47230259,-1.68060330,-0.05040068,1,0,1,1,1
1139,237083,0.18550212,-0.00615957,-0.77530618,2.50032101,-1.50900470,-0.04488821,1,0,1,1,1
1140,237291,0.16954676,0.00369555,-0.80921410,2.48470959,-1.36090222,-0.05267112,1,0,1,1,1
1141,237500,0.16275294,0.01279466,-0.83994678,2.49201216,-1.19628276,-0.03978204,1,0,1,1,1
1142,237708,0.15518053,0.02255041,-0.86932755,2.47155201,-1.02381141,-0.04868000,1,0,1,1,1
1143,237916,0.14686620,0.03359004,-0.87703852,2.45350967,-0.83906991,-0.07056255,1,0,1,1,0
1144,238125,0.14184040,0.03956489,-0.88728019,2.39348842,-0.68196307,-0.06100955,1,0,1,1,0
1145,238333,0.13529533,0.04465188,-0.90564876,2.35900174,-0.48891882,-0.08207844,1,0,1,1,0
1146,238541,0.12760752,0.05115048,-0.92057336,2.28456952,-0.32592842,-0.07806144,1,0,1,1,0
1147,238750,0.10947209,0.07336509,-0.91948437,2.21841151,-0.13082912,-0.08402329,1,0,1,1,0
1148,238958,0.10036232,0.08295626,-0.91945707,2.14533151,0.06597880,-0.09105176,1,0,1,1,0
1149,239166,0.09586369,0.08129480,-0.91030780,2.03833375,0.22990177,-0.08992012,1,0,1,1,0
1150,239375,0.06586042,0.08913169,-0.90186575,1.96578392,0.40154796,-0.09943503,1,0,1,1,0
1151,239583,0.05314451,0.10122956,-0.89904763,1.84382389,0.57117055,-0.08658504,1,0,1,1,0
1152,239791,0.05231236,0.11585575,-0.88484425,1.74057414,0.75141398,-0.10696678,1,0,1,1,0
1153,240000,0.03735408,0.11778227,-0.86655947,1.62401461,0.93855850,-0.08274767,1,0,1,1,0
1154,240208,0.02185875,0.12003713,-0.84255004,1.48115916,1.11070454,-0.10093833,1,0,1,1,0
1155,240416,0.00113856,0.12635804,-0.81104399,1.35219068,1.28364019,-0.10769447,1,0,1,1,0
1156,240625,-0.00405276,0.13068650,-0.78797522,1.21747683,1.43109837,-0.08490410,1,0,1,1,0
1157,240833,-0.02597903,0.13564918,-0.75563454,1.05952423,1.60705540,-0.10668096,1,0,1,1,0
1158,241041,-0.02181841,0.13821901,-0.71645549,0.91171297,1.75299680,-0.10453513,1,0,1,1,0
1159,241250,-0.04278561,0.14214689,-0.67643094,0.76254194,1.89054884,-0.10465682,1,0,1,1,0
1160,241458,-0.05234094,0.14763918,-0.63969096,0.60473528,2.01822091,-0.10413527,1,0,1,1,0
1161,241666,-0.07753442,0.14118525,-0.59156630,0.44179714,2.12572761,-0.09675631,1,0,1,1,0
1162,241875,-0.07896069,0.14888777,-0.54669734,0.27000350,2.23858444,-0.10269846,1,0,1,1,0
1163,242083,-0.09781982,0.14889180,-0.49672110,0.11944539,2.35863680,-0.09477692,1,0,1,1,0
1164,242291,-0.09388277,0.15681305,-0.44408666,-0.03614078,2.46058799,-0.07710325,1,0,1,1,0
1165,242500,-0.11540348,0.14418721,-0.39579489,-0.20302971,2.52333376,-0.08583846,1,0,1,1,0
1166,242708,-0.12054743,0.15694331,-0.33856953,-0.37788429,2.59712033,-0.07480387,1,0,1,1,1
1167,242916,-0.13726151,0.14596343,-0.27994286,-0.53975904,2.68227799,-0.07236076,1,0,1,1,1
1168,243125,-0.14882668,0.14092015,-0.22442113,-0.68741759,2.71270240,-0.09626647,1,0,1,1,1
1169,243333,-0.15449627,0.13324002,-0.16718829,-0.84940663,2.76083473,-0.07443702,1,0,1,1,1
1170,243541,-0.16093917,0.13826385,-0.10181838,-0.99055652,2.79081959,-0.05891564,1,0,1,1,1
1171,243750,-0.16990774,0.12777526,-0.05184022,-1.14229502,2.79384262,-0.02961313,1,0,1,1,1
1172,243958,-0.17034859,0.12178557,0.01288744,-1.28873468,2.78636926,-0.04264528,1,0,1,1,1
1173,244166,-0.18989480,0.12929280,0.07354241,-1.42995216,2.80186310,-0.04856280,1,0,1,1,1
1174,244375,-0.19499599,0.12143291,0.13167819,-1.55847901,2.78006404,-0.04490663,1,0,1,1,1
1175,244583,-0.18828010,0.11745173,0.19353990,-1.66512730,2.72989317,-0.01925409,1,0,1,1,1
1176,244791,-0.19318564,0.09778519,0.25667025,-1.79086171,2.67559808,-0.02200652,1,0,1,1,1
1177,245000,-0.19603382,0.09800949,0.31085613,-1.90366669,2.62506717,-0.02166285,1,0,1,1,1
1178,245208,-0.19378663,0.09378552,0.35767557,-2.02601779,2.55981057,-0.01818874,1,0,1,1,1
1179,245416,-0.19283205,0.07941633,0.42008227,-2.10663967,2.48102169,-0.01354118,1,0,1,1,1
1180,245625,-0.20397697,0.06920001,0.46703302,-2.19079046,2.41216616,0.00758478,1,0,1,1,1
1181,245833,-0.19472364,0.06532119,0.51609867,-2.25163791,2.29503773,0.01421917,1,0,1,1,1
1182,246041,-0.18890907,0.05562443,0.57218675,-2.32267653,2.18294341,0.02524706,1,0,1,1,1
1183,246250,-0.19029231,0.04593285,0.61095223,-2.39201065,2.06373705,0.02284319,1,0,1,1,1
1184,246458,-0.18391553,0.03528737,0.65621057,-2.43452282,1.95164476,0.01447672,1,0,1,1,1
1185,246666,-0.17699811,0.03153773,0.70357884,-2.45022898,1.81408917,0.01581915,1,0,1,1,1
1186,246875,-0.18012188,0.01926227,0.74346226,-2.48386772,1.67276567,0.03757588,1,0,1,1,1
1187,247083,-0.17803852,0.01030826,0.78071172,-2.48663798,1.50876011,0.06344108,1,0,1,1,1
1188,247291,-0.17975695,0.00647482,0.80087680,-2.50913315,1.35008725,0.06318200,1,0,1,1,1
1189,247500,-0.17319890,-0.00110099,0.84107211,-2.49683341,1.19063734,0.06125202,1,0,1,1,1
1190,247708,-0.15952225,-0.01559985,0.87120866,-2.45799271,1.02299532,0.07467719,1,0,1,1,1
1191,247916,-0.14882598,-0.02924479,0.87779606,-2.44738121,0.85406676,0.07431365,1,0,1,1,0
1192,248125,-0.14080083,-0.04052060,0.88375278,-2.40044154,0.68316229,0.07994032,1,0,1,1,0
1193,248333,-0.12341846,-0.04788659,0.90347750,-2.35544173,0.49786531,0.07930643,1,0,1,1,0
1194,248541,-0.12395547,-0.06834219,0.91382093,-2.28776557,0.31799274,0.08871617,1,0,1,1,0
1195,248750,-0.11240162,-0.06169800,0.91263506,-2.21620120,0.14342581,0.07222976,1,0,1,1,0
1196,248958,-0.09234789,-0.07665165,0.90818525,-2.15066360,-0.04678378,0.07891910,1,0,1,1,0
1197,249166,-0.09306745,-0.08422325,0.91839445,-2.04739445,-0.23989244,0.08950541,1,0,1,1,0
1198,249375,-0.07251677,-0.09618893,0.90779096,-1.95825661,-0.41697663,0.07676534,1,0,1,1,0
1199,249583,-0.06265550,-0.10460130,0.90520366,-1.86876035,-0.58602534,0.08659504,1,0,1,1,0
1200,249791,-0.04356694,-0.10347099,0.88802230,-1.72694892,-0.75934355,0.09042340,1,0,1,1,0
1201,250000,-0.07432081,-0.11152836,0.90687604,-1.61077097,-0.96452174,0.12863865,1,0,1,1,0
1202,250208,-0.05148658,-0.10896733,0.87928388,-1.47118047,-1.12014870,0.12916972,1,0,1,1,0
1203,250416,-0.05060644,-0.12656312,0.85930870,-1.34060690,-1.27808233,0.12276849,1,0,1,1,0
1204,250625,-0.03533067,-0.13356907,0.82887603,-1.20342423,-1.45935480,0.12441688,1,0,1,1,0
1205,250833,-0.02662323,-0.14187751,0.79608643,-1.05563648,-1.60722131,0.13491686,1,0,1,1,0
1206,251041,-0.01740612,-0.15387355,0.75531723,-0.88368152,-1.75478409,0.12535227,1,0,1,1,0
1207,251249,0.01028542,-0.15326823,0.72564130,-0.72970657,-1.87682317,0.12425651,1,0,1,1,0
1208,251458,0.02174122,-0.17103772,0.67797680,-0.56583954,-1.99187868,0.12781222,1,0,1,1,0
1209,251666,0.05059890,-0.18658786,0.63668468,-0.37453951,-2.11651317,0.11274971,1,0,1,1,0
1210,251875,0.07027641,-0.19269352,0.59520856,-0.23450696,-2.19150528,0.11823919,1,0,1,1,0
1211,252083,0.08458512,-0.21973443,0.53789556,-0.10595239,-2.28694652,0.11889093,1,0,1,1,0
1212,252291,0.10696077,-0.22469337,0.49230462,0.06134341,-2.35304184,0.11048331,1,0,1,1,0
1213,252500,0.14165376,-0.24571217,0.44209230,0.19547225,-2.39789440,0.09035662,1,0,1,1,0
1214,252708,0.15705070,-0.25830679,0.39307989,0.32088527,-2.41713191,0.10614689,1,0,1,1,0
1215,252916,0.19405223,-0.27314655,0.32948662,0.47173425,-2.44102629,0.10463001,1,0,1,1,0
1216,253125,0.23463391,-0.28475768,0.28274338,0.57836538,-2.45253206,0.08695387,1,0,1,1,0
1217,253333,0.25187110,-0.30043116,0.21501192,0.67662175,-2.45230794,0.08652445,1,0,1,1,0
1218,253541,0.29553456,-0.31215539,0.15875119,0.77900649,-2.42274709,0.07580463,1,0,1,1,0
1219,253749,0.33213286,-0.32253802,0.09967158,0.84737778,-2.35939873,0.08482712,1,0,1,1,0
1220,253958,0.36274372,-0.33902094,0.02841134,0.90483683,-2.31913843,0.07558477,1,0,1,1,0
1221,254166,0.39866277,-0.34493309,-0.02924533,0.97216917,-2.22972153,0.04543771,1,0,1,1,0
1222,254375,0.44462305,-0.35068060,-0.08724594,1.01614845,-2.16685280,0.05332052,1,0,1,1,0
1223,254583,0.47195181,-0.34572944,-0.15859803,1.03693811,-2.04157263,0.04055700,1,0,1,1,0
1224,254791,0.50385343,-0.33499733,-0.21573366,1.05799225,-1.95479112,0.03177992,1,0,1,1,0
1225,255000,0.54608792,-0.33343041,-0.28194398,1.06916834,-1.83460626,0.01937650,1,0,1,1,0
1226,255208,0.57067589,-0.30848297,-0.32340160,1.07464764,-1.69272169,0.01422649,1,0,1,1,0
1227,255416,0.60406930,-0.30412048,-0.39138742,1.04979221,-1.56649958,-0.01106522,1,0,1,1,0
1228,255625,0.63337387,-0.27207184,-0.45314150,1.00888697,-1.43488574,-0.02780230,1,0,1,1,0
1229,255833,0.65517570,-0.25008187,-0.50571909,0.99956662,-1.30791245,-0.03790639,1,0,1,1,0
1230,256041,0.67295824,-0.21861606,-0.54685215,0.96803313,-1.17374757,-0.04105968,1,0,1,1,0
1231,256249,0.69304221,-0.18613629,-0.61029307,0.93314759,-1.05933140,-0.04214162,1,0,1,1,0
1232,256458,0.69670069,-0.13216924,-0.66221994,0.86756289,-0.91260822,-0.05093918,1,0,1,1,0
1233,256666,0.70073092,-0.10381474,-0.70099151,0.81031287,-0.77944375,-0.08628639,1,0,1,1,0
1234,256875,0.70451388,-0.04688572,-0.74215224,0.76234211,-0.67936572,-0.10023778,1,0,1,1,0
1235,257083,0.71007656,-0.00188371,-0.78675058,0.70539269,-0.55683077,-0.09170738,1,0,1,1,0
1236,257291,0.69042391,0.05971062,-0.82732376,0.63842291,-0.47491248,-0.12662348,1,0,1,1,0
1237,257500,0.68114828,0.11412550,-0.84822182,0.57332049,-0.38794674,-0.12563509,1,0,1,1,0
1238,257708,0.66067319,0.17883764,-0.88174339,0.51378615,-0.30839909,-0.14562161,1,0,1,1,0
1239,257916,0.63505509,0.23998210,-0.89848003,0.46150365,-0.23867353,-0.14207708,1,0,1,1,0
1240,258125,0.60972193,0.30052632,-0.91627192,0.42362231,-0.18360248,-0.14558171,1,0,1,1,0
1241,258333,0.57709267,0.36650082,-0.93828480,0.38204700,-0.14669856,-0.16775818,1,0,1,1,0
1242,258541,0.52122859,0.41766131,-0.95373876,0.34906039,-0.09160515,-0.17315293,1,0,1,1,0
1243,258749,0.48099674,0.48378451,-0.95354760,0.28436039,-0.07992552,-0.19122300,1,0,1,1,0
1244,258958,0.43747374,0.54315199,-0.96260964,0.26471483,-0.04995364,-0.19240512,1,0,1,1,0
1245,259166,0.37612827,0.59987212,-0.95294352,0.25185202,-0.01937672,-0.19347225,1,0,1,1,0
1246,259375,0.32170592,0.66516467,-0.95188659,0.21582438,-0.00589999,-0.21147858,1,0,1,1,0
1247,259583,0.27008384,0.71960485,-0.94481626,0.21379426,-0.01387912,-0.23327079,1,0,1,1,0
1248,259791,0.20634417,0.76877413,-0.92267438,0.18246189,0.02556871,-0.21784894,1,0,1,1,0
1249,260000,0.13038431,0.80664605,-0.89838677,0.15735621,0.03708268,-0.24403623,0,0,0,0,0
1250,260208,0.07253215,0.85469176,-0.87953353,0.15786459,0.03672862,-0.24595378,0,0,0,0,0
1251,260416,0.01009973,0.88918517,-0.85219489,0.14506507,0.03302737,-0.24605381,0,0,0,0,0
1252,260625,-0.05036030,0.92494350,-0.82490620,0.15373581,0.05543102,-0.24931320,0,0,0,0,0
1253,260833,-0.11673851,0.94864181,-0.79379213,0.15114026,0.08458843,-0.23465966,0,0,0,0,0
1254,261041,-0.18861547,0.97106232,-0.75112084,0.11753997,0.07875658,-0.25144575,0,0,0,0,0
1255,261249,-0.24742615,0.99847249,-0.70612984,0.11995995,0.08573274,-0.23112979,0,0,0,0,0
1256,261458,-0.30712598,1.01452808,-0.66215020,0.11064026,0.09393069,-0.24267186,0,0,0,0,0
1257,261666,-0.36868315,1.02800182,-0.61877917,0.09091493,0.11605597,-0.21648444,0,0,0,0,0
1258,261875,-0.42266394,1.04257867,-0.58030664,0.07860628,0.11631326,-0.24663793,0,0,0,0,0
1259,262083,-0.48898815,1.04015167,-0.51424579,0.05322351,0.13761274,-0.21217799,0,0,0,0,0
1260,262291,-0.54495494,1.05286733,-0.45342484,0.05064454,0.14262445,-0.20132561,0,0,0,0,0
1261,262500,-0.58960651,1.03847216,-0.40736575,0.02926733,0.14300691,-0.21189766,0,0,0,0,0
1262,262708,-0.63234666,1.03547571,-0.34102410,0.02738060,0.14624052,-0.19838260,0,0,0,0,0
1263,262916,-0.68502591,1.01363671,-0.28844592,-0.01088004,0.16205172,-0.19585273,0,0,0,0,0
1264,263125,-0.74841654,0.99685875,-0.22569197,-0.01304861,0.14836725,-0.19462230,0,0,0,0,0
1265,263333,-0.76741885,0.97761107,-0.15990220,-0.02725556,0.16287403,-0.17378569,0,0,0,0,0
1266,263541,-0.82283096,0.95223027,-0.09714463,-0.03645138,0.16750130,-0.14679434,0,0,0,0,0
1267,263750,-0.86508370,0.92386073,-0.03790465,-0.05309175,0.15796851,-0.15838423,0,0,0,0,0
1268,263958,-0.88069862,0.90259370,0.03501676,-0.04512983,0.13603999,-0.14374475,0,0,0,0,0
1269,264166,-0.92279546,0.86882952,0.08785544,-0.06896389,0.14542089,-0.13731872,0,0,0,0,0
1270,264375,-0.94470154,0.82729263,0.16493432,-0.06761378,0.15025988,-0.11377675,0,0,0,0,0
1271,264583,-0.96953481,0.78023189,0.22240626,-0.10471005,0.17150584,-0.08965663,0,0,0,0,0
1272,264791,-0.98989195,0.73896178,0.28300888,-0.08971434,0.17243161,-0.09752649,0,0,0,0,0
1273,265000,-0.98897049,0.68371221,0.35220138,-0.10561978,0.15635349,-0.09014798,0,0,0,0,0
1274,265208,-1.00081293,0.63028828,0.41253707,-0.13859160,0.14524013,-0.07227387,0,0,0,0,0
1275,265416,-1.00307323,0.56933671,0.45880636,-0.13638524,0.16163063,-0.05314935,0,0,0,0,0
1276,265625,-1.00627215,0.51347478,0.52033663,-0.16321698,0.12990336,-0.04797849,0,0,0,0,0
1277,265833,-0.99968642,0.46002125,0.57639617,-0.16187568,0.14028804,-0.01488371,0,0,0,0,0
1278,266041,-1.00106411,0.39964694,0.62730132,-0.15829872,0.13916925,-0.02989706,0,0,0,0,0
1279,266250,-0.98870079,0.34106097,0.67896638,-0.18373750,0.13373414,0.00254830,0,0,0,0,0
1280,266458,-0.96756761,0.27495482,0.71843675,-0.15766853,0.10843749,0.00464196,0,0,0,0,0
1281,266666,-0.94582832,0.21039857,0.76191267,-0.17554204,0.11353386,0.03000980,0,0,0,0,0
1282,266875,-0.91725813,0.14012814,0.79436292,-0.18990452,0.07848520,0.05334448,0,0,0,0,0
1283,267083,-0.88708489,0.07353099,0.84619989,-0.17662735,0.10494722,0.04778848,0,0,0,0,0
1284,267291,-0.85377517,0.00398766,0.87681744,-0.17195141,0.08815848,0.04524689,0,0,0,0,0
1285,267500,-0.82156835,-0.05771448,0.89317785,-0.18395619,0.08592001,0.06051959,0,0,0,0,0
1286,267708,-0.78466573,-0.13076397,0.92922628,-0.19033177,0.05459503,0.09045154,0,0,0,0,0
1287,267916,-0.73576327,-0.18711229,0.94064695,-0.16755911,0.04516857,0.09145496,0,0,0,0,0
1288,268125,-0.68761980,-0.26112159,0.95933305,-0.17009425,0.03403262,0.08828784,0,0,0,0,0
1289,268333,-0.63407688,-0.31738801,0.97482974,-0.18701457,0.03898099,0.11220641,0,0,0,0,0
1290,268541,-0.58708833,-0.38312781,0.97986955,-0.16551880,0.01004356,0.09944734,0,0,0,0,0
1291,268750,-0.53416618,-0.43929364,0.98479011,-0.16486230,0.01073220,0.12117867,0,0,0,0,0
1292,268958,-0.47188230,-0.49901188,0.98314016,-0.14858070,-0.02031030,0.13438502,0,0,0,0,0
1293,269166,-0.41629520,-0.55860616,0.97815742,-0.15677713,-0.01897344,0.13831659,0,0,0,0,0
1294,269375,-0.34944017,-0.61813504,0.97409038,-0.14027933,-0.03912683,0.14780184,0,0,0,0,0
1295,269583,-0.29245980,-0.66159613,0.95764750,-0.12824427,-0.04352393,0.15482250,0,0,0,0,0
1296,269791,-0.21814304,-0.70607684,0.94036131,-0.12589846,-0.05420842,0.14902218,0,0,0,0,0
1297,270000,-0.16037042,-0.75403625,0.92504185,-0.11475493,-0.07745990,0.14189856,0,0,0,0,0
1298,270208,-0.09567502,-0.78953946,0.89246302,-0.12076561,-0.07914331,0.16094435,0,0,0,0,0
1299,270416,-0.02467198,-0.83502383,0.85697039,-0.08803415,-0.09958409,0.15761749,0,0,0,0,0
1300,270625,0.03812779,-0.86772910,0.83305208,-0.08475224,-0.09476926,0.18252136,0,0,0,0,0
1301,270833,0.10273000,-0.89823104,0.79291502,-0.08173245,-0.11277980,0.17832367,0,0,0,0,0
1302,271041,0.16682053,-0.92680874,0.75111997,-0.05127035,-0.14310731,0.19312056,0,0,0,0,0
1303,271250,0.23741791,-0.94677902,0.71210966,-0.04211092,-0.14255242,0.17589943,0,0,0,0,0
1304,271458,0.30236407,-0.96843562,0.66731555,-0.05227573,-0.14700438,0.17300293,0,0,0,0,0
1305,271666,0.36461339,-0.98988875,0.61798920,-0.03749913,-0.14444044,0.14569623,0,0,0,0,0
1306,271875,0.42952062,-0.99107386,0.56818727,-0.05394745,-0.15780406,0.16109689,0,0,0,0,0
1307,272083,0.48542545,-1.00235630,0.50541789,-0.01324425,-0.16102247,0.15131810,0,0,0,0,0
1308,272291,0.54392115,-1.00191659,0.45003622,-0.01507451,-0.17717474,0.15951077,0,0,0,0,0
1309,272500,0.59341167,-1.00590158,0.39614567,-0.00533235,-0.17538041,0.13958770,0,0,0,0,0
1310,272708,0.64725685,-0.99609820,0.33893012,0.02966941,-0.16715005,0.13660411,0,0,0,0,0
1311,272916,0.69837933,-0.97452846,0.26957294,0.03078475,-0.18747898,0.12734905,0,0,0,0,0
1312,273125,0.75190905,-0.96863958,0.21186200,0.04833471,-0.16552712,0.12244698,0,0,0,0,0
1313,273333,0.79860146,-0.94438278,0.14111367,0.07629371,-0.17502084,0.10730370,0,0,0,0,0
1314,273541,0.83302277,-0.92634103,0.07551191,0.06697796,-0.17904432,0.09742988,0,0,0,0,0
1315,273750,0.87264607,-0.90003261,0.01476234,0.07530457,-0.18889011,0.09535461,0,0,0,0,0
1316,273958,0.90193850,-0.87169032,-0.04350152,0.09091042,-0.17872638,0.08801766,0,0,0,0,0
1317,274166,0.93544478,-0.82989590,-0.11785375,0.10701846,-0.17250584,0.08903646,0,0,0,0,0
1318,274375,0.96101223,-0.80432459,-0.18883235,0.13216080,-0.17027746,0.05187472,0,0,0,0,0
1319,274583,0.99506981,-0.74830599,-0.25348011,0.12560891,-0.16267863,0.05117464,0,0,0,0,0
1320,274791,1.00541704,-0.70568367,-0.30658468,0.13501684,-0.15090069,0.03923120,0,0,0,0,0
1321,275000,1.02614542,-0.65521724,-0.37267436,0.13674704,-0.15902546,0.02447541,0,0,0,0,0
1322,275208,1.03387956,-0.62145845,-0.43027956,0.15378232,-0.14892918,0.01239155,0,0,0,0,0
1323,275416,1.04365998,-0.56640059,-0.50044845,0.13635690,-0.14506008,-0.01916765,0,0,0,0,0
1324,275625,1.04755951,-0.50670786,-0.56018209,0.15045293,-0.14598955,-0.01850404,0,0,0,0,0
1325,275833,1.03292519,-0.44805852,-0.60820430,0.16353525,-0.12584817,-0.01361871,0,0,0,0,0
1326,276041,1.02374987,-0.39393191,-0.66230196,0.16258018,-0.11655996,-0.03189078,0,0,0,0,0
1327,276250,1.00763932,-0.33283337,-0.71296939,0.17971847,-0.11046296,-0.04172219,0,0,0,0,0
1328,276458,0.99745944,-0.26845984,-0.76069534,0.18013804,-0.10325807,-0.04805777,0,0,0,0,0
1329,276666,0.97637567,-0.20341545,-0.80667548,0.18155328,-0.09393611,-0.08001065,0,0,0,0,0
1330,276875,0.95906587,-0.14284467,-0.84924883,0.17653912,-0.07710813,-0.08548499,0,0,0,0,0
1331,277083,0.92483499,-0.07274483,-0.87702881,0.17251886,-0.08728542,-0.09169230,0,0,0,0,0
1332,277291,0.89921632,-0.00926644,-0.91204850,0.17537553,-0.06868848,-0.10602805,0,0,0,0,0
1333,277500,0.85807877,0.05773154,-0.94821117,0.15414611,-0.05439970,-0.10329032,0,0,0,0,0
1334,277708,0.82431514,0.11840340,-0.97105108,0.15474243,-0.04791448,-0.11296777,0,0,0,0,0
1335,277916,0.77735516,0.18605216,-0.99693324,0.16190344,-0.03683106,-0.13222219,0,0,0,0,0
1336,278125,0.74141339,0.24512993,-1.01473334,0.15533058,-0.02643232,-0.13731515,0,0,0,0,0
1337,278333,0.68838517,0.31746906,-1.01996517,0.13921932,-0.01761571,-0.11988308,0,0,0,0,0
1338,278541,0.63573328,0.37151497,-1.03188344,0.13569790,-0.00245400,-0.14773764,0,0,0,0,0
1339,278750,0.57938491,0.43459310,-1.04096293,0.14262592,0.01662313,-0.15251712,0,0,0,0,0
1340,278958,0.51505037,0.48677460,-1.03834137,0.13631096,0.04908870,-0.14104788,0,0,0,0,0
1341,279166,0.46068849,0.53839191,-1.03648768,0.12643377,0.03603482,-0.17241472,0,0,0,0,0
1342,279375,0.41331673,0.59139601,-1.03048625,0.12118727,0.08081300,-0.17209399,0,0,0,0,0
1343,279583,0.33071671,0.64185189,-1.01547950,0.10695410,0.07693633,-0.15864260,0,0,0,0,0
1344,279791,0.27822145,0.68885287,-0.99518875,0.09255314,0.09373111,-0.19308353,0,0,0,0,0
1345,280000,0.21541729,0.72454717,-0.97184693,0.10657845,0.12350142,-0.15821346,0,0,0,0,0
1346,280208,0.15307626,0.77437860,-0.95236888,0.08750640,0.11942093,-0.18147588,0,0,0,0,0
1347,280416,0.09295562,0.80678041,-0.91977611,0.06945824,0.14397797,-0.17750233,0,0,0,0,0
1348,280625,0.02167878,0.83475350,-0.90327351,0.06739359,0.16681851,-0.18632085,0,0,0,0,0
1349,280833,-0.04120356,0.87121392,-0.86101524,0.04565454,0.15009462,-0.19003323,0,0,0,0,0
1350,281041,-0.11541688,0.89587290,-0.82253380,0.03164299,0.16893933,-0.16161654,0,0,0,0,0
1351,281250,-0.17992133,0.90811559,-0.78280466,0.01928405,0.16545324,-0.17386438,0,0,0,0,0
1352,281458,-0.24098359,0.93240304,-0.72769647,0.03623865,0.18953285,-0.17393241,0,0,0,0,0
1353,281666,-0.30064604,0.94741893,-0.67435123,0.00391125,0.18311992,-0.15595799,0,0,0,0,0
1354,281875,-0.36881705,0.96136722,-0.62411663,-0.00313558,0.20386753,-0.15937846,0,0,0,0,0
1355,282083,-0.42458871,0.96624480,-0.56378610,-0.02521823,0.21388810,-0.15880049,0,0,0,0,0
1356,282291,-0.46965390,0.96641580,-0.51355451,-0.02923290,0.21359091,-0.15793854,0,0,0,0,0
1357,282500,-0.53989047,0.95445470,-0.46011871,-0.05808481,0.21214332,-0.14356530,0,0,0,0,0
1358,282708,-0.59035807,0.95688270,-0.40691337,-0.08069481,0.21987090,-0.11746341,0,0,0,0,0
1359,282916,-0.64089373,0.94947193,-0.33552782,-0.07647742,0.22019182,-0.13024163,0,0,0,0,0
1360,283125,-0.69381762,0.91700968,-0.27203248,-0.08237349,0.23957787,-0.11378638,0,0,0,0,0
1361,283333,-0.72501321,0.90945662,-0.19505475,-0.09297145,0.23291202,-0.09120072,0,0,0,0,0
1362,283541,-0.77400986,0.88518261,-0.13558959,-0.12533669,0.22144378,-0.08479496,0,0,0,0,0
1363,283750,-0.81469828,0.84453223,-0.07691219,-0.14716640,0.22416168,-0.08515758,0,0,0,0,0
1364,283958,-0.84248974,0.82010516,-0.00436775,-0.12932408,0.24689554,-0.06869893,0,0,0,0,0
1365,284166,-0.87666931,0.77937876,0.06552173,-0.14614373,0.23373054,-0.05538004,0,0,0,0,0
1366,284375,-0.89929061,0.73942892,0.12784226,-0.15137321,0.24282598,-0.04622292,0,0,0,0,0
1367,284583,-0.93387407,0.70392592,0.18341137,-0.15591429,0.22970706,-0.02786126,0,0,0,0,0
1368,284791,-0.94995709,0.66096966,0.26108855,-0.18272021,0.23458391,-0.02319357,0,0,0,0,0
1369,285000,-0.97158896,0.61463505,0.30643463,-0.19371511,0.20261803,0.01517565,0,0,0,0,0
1370,285208,-0.96940615,0.56253685,0.37782630,-0.20437984,0.22368201,0.00442858,0,0,0,0,0
1371,285416,-0.97956410,0.50352057,0.43950021,-0.18966039,0.20336288,0.02151864,0,0,0,0,0
1372,285625,-0.98007223,0.45391816,0.49876014,-0.21429989,0.18778074,0.03582158,0,0,0,0,0
1373,285833,-0.97571573,0.40434123,0.55489973,-0.21488915,0.18217555,0.04815355,0,0,0,0,0
1374,286041,-0.97082100,0.33654244,0.60390736,-0.21450807,0.18027226,0.06387549,0,0,0,0,0
1375,286250,-0.95391088,0.27013041,0.66700367,-0.21382578,0.18739904,0.07791584,0,0,0,0,0
1376,286458,-0.94723924,0.21192759,0.71183975,-0.25266797,0.15163697,0.07044643,0,0,0,0,0
1377,286666,-0.93250902,0.15001916,0.75335592,-0.24168233,0.16594259,0.12169086,0,0,0,0,0
1378,286875,-0.90675295,0.08353693,0.79827369,-0.24377873,0.14105229,0.13620857,0,0,0,0,0
1379,287083,-0.87770032,0.01192012,0.83183394,-0.21996094,0.13083125,0.12782242,0,0,0,0,0
1380,287291,-0.85020221,-0.04777252,0.87252542,-0.22151540,0.12080716,0.14910846,0,0,0,0,0
1381,287500,-0.80388386,-0.10931145,0.89992135,-0.23947721,0.12004197,0.16223828,0,0,0,0,0
1382,287708,-0.77314107,-0.17852826,0.93418970,-0.22674897,0.10058827,0.15199756,0,0,0,0,0
1383,287916,-0.73540852,-0.23592479,0.94260778,-0.20191694,0.07514856,0.18407255,0,0,0,0,0
1384,288125,-0.69612353,-0.30227416,0.95841305,-0.22705132,0.07779274,0.15519515,0,0,0,0,0
1385,288333,-0.63906181,-0.36685442,0.98027183,-0.19467278,0.07445000,0.16863845,0,0,0,0,0
1386,288541,-0.59133011,-0.42728060,0.99379673,-0.20439547,0.04644962,0.18353277,0,0,0,0,0
1387,288750,-0.53401148,-0.48409942,0.99297192,-0.18100293,0.04965499,0.19254837,0,0,0,0,0
1388,288958,-0.48095363,-0.53937338,0.99268688,-0.19315010,0.02610119,0.19635574,0,0,0,0,0
1389,289166,-0.42022447,-0.59774002,0.99266862,-0.21707281,0.02732986,0.20369048,0,0,0,0,0
1390,289375,-0.35970580,-0.63612474,0.99379303,-0.15776177,-0.00487066,0.20862502,0,0,0,0,0
1391,289583,-0.30914934,-0.69470820,0.98909497,-0.16404437,-0.01719204,0.22522292,0,0,0,0,0
1392,289791,-0.23505040,-0.74336130,0.97233606,-0.15357043,-0.03471855,0.20660006,0,0,0,0,0
1393,290000,-0.17913863,-0.78242711,0.94502002,-0.14471828,-0.04054957,0.23461274,0,0,0,0,0
1394,290208,-0.11022266,-0.82332064,0.92600295,-0.12500811,-0.06304621,0.22593330,0,0,0,0,0
1395,290416,-0.05681096,-0.85779906,0.89630448,-0.12127246,-0.08720925,0.20336932,0,0,0,0,0
1396,290625,0.01070379,-0.89657196,0.85690019,-0.12050326,-0.09738724,0.23400579,0,0,0,0,0
1397,290833,0.07768794,-0.92797149,0.82055373,-0.08944215,-0.10341649,0.23734534,0,0,0,0,0
1398,291041,0.14147395,-0.94180934,0.79588712,-0.09041306,-0.12416024,0.21619647,0,0,0,0,0
1399,291250,0.20554071,-0.96854124,0.76486929,-0.08681781,-0.12904437,0.23297661,0,0,0,0,0
1400,291458,0.26976822,-0.97150044,0.71048577,-0.05699078,-0.11781090,0.23967314,0,0,0,0,0
1401,291666,0.32180541,-0.99862542,0.66038796,-0.03912062,-0.14159325,0.22750397,0,0,0,0,0
1402,291875,0.38460127,-1.01265492,0.60494483,-0.04930745,-0.15890211,0.21104357,0,0,0,0,0
1403,292083,0.45001172,-1.00844278,0.55608271,-0.00887558,-0.15415550,0.20414850,0,0,0,0,0
1404,292291,0.50368677,-1.01225199,0.49709278,-0.01128271,-0.16676787,0.19736245,0,0,0,0,0
1405,292500,0.55772426,-1.00762463,0.43879197,-0.00258849,-0.18677778,0.19325792,0,0,0,0,0
1406,292708,0.60324938,-1.00021841,0.39355544,0.01472750,-0.18305554,0.19941926,0,0,0,0,0
1407,292916,0.65961226,-0.97985011,0.32727089,0.03001100,-0.18666816,0.16345528,0,0,0,0,0
1408,293125,0.70160714,-0.96218217,0.26282993,0.06265508,-0.21565320,0.15762456,0,0,0,0,0
1409,293333,0.74621462,-0.94466261,0.19856971,0.06637113,-0.19025769,0.14719668,0,0,0,0,0
1410,293541,0.78282351,-0.91901090,0.12898942,0.07662525,-0.19427329,0.15132521,0,0,0,0,0
1411,293750,0.82339511,-0.88612084,0.07051018,0.07164618,-0.19089708,0.13935399,0,0,0,0,0
1412,293958,0.85667607,-0.85185628,-0.00034845,0.10679863,-0.19466466,0.11496077,0,0,0,0,0
1413,294166,0.87791623,-0.82723908,-0.05889538,0.11645834,-0.20059826,0.09636671,0,0,0,0,0
1414,294375,0.91057117,-0.78792818,-0.12643309,0.12107486,-0.19832174,0.10920355,0,0,0,0,0
1415,294583,0.92617463,-0.74249496,-0.19103671,0.13480395,-0.17991618,0.07930220,0,0,0,0,0
1416,294791,0.94330047,-0.69273201,-0.24419528,0.14423202,-0.20717295,0.05243064,0,0,0,0,0
1417,295000,0.96573702,-0.64995910,-0.31220300,0.15017105,-0.18718121,0.06556060,0,0,0,0,0
1418,295208,0.98113374,-0.59093935,-0.37333884,0.17390563,-0.16958688,0.05257416,0,0,0,0,0
1419,295416,0.96646761,-0.54111048,-0.43256919,0.18461473,-0.17452399,0.03045630,0,0,0,0,0
1420,295625,0.97098319,-0.47919963,-0.47715738,0.20448399,-0.18223202,0.00935241,0,0,0,0,0
1421,295833,0.97363821,-0.42387111,-0.54681771,0.18591803,-0.15125175,0.00257668,0,0,0,0,0
1422,296041,0.95720177,-0.36649116,-0.58807559,0.19148713,-0.17760128,-0.02244307,0,0,0,0,0
1423,296250,0.95151155,-0.30717806,-0.65441419,0.19382066,-0.15075352,-0.04541910,0,0,0,0,0
1424,296458,0.93735655,-0.22760786,-0.68709328,0.22548484,-0.13870510,-0.03077238,0,0,0,0,0
1425,296666,0.91392928,-0.16177581,-0.72624741,0.20929904,-0.15665384,-0.08030781,0,0,0,0,0
1426,296875,0.89637641,-0.10799386,-0.77998165,0.21908248,-0.11722060,-0.05266640,0,0,0,0,0
1427,297083,0.86920070,-0.03543368,-0.81541716,0.21052942,-0.11468241,-0.08530731,0,0,0,0,0
1428,297291,0.82771367,0.03283465,-0.85030042,0.22327591,-0.11277283,-0.10467570,0,0,0,0,0
1429,297500,0.78512262,0.10039174,-0.87651098,0.21388975,-0.09692673,-0.10822619,0,0,0,0,0
1430,297708,0.75517337,0.16966390,-0.89487660,0.22240621,-0.09253403,-0.11098624,0,0,0,0,0
1431,297916,0.70471349,0.22592910,-0.92326991,0.20350807,-0.09097179,-0.13346804,0,0,0,0,0
1432,298125,0.66165168,0.29541394,-0.93628131,0.21376455,-0.06348650,-0.12052424,0,0,0,0,0
1433,298333,0.61490098,0.35988663,-0.95004249,0.19116956,-0.07423919,-0.14644646,0,0,0,0,0
1434,298541,0.55711497,0.41789789,-0.95881342,0.19010153,-0.05175429,-0.15233159,0,0,0,0,0
1435,298750,0.50507640,0.47552045,-0.97029985,0.19596681,-0.03172814,-0.14497709,0,0,0,0,0
1436,298958,0.45350653,0.52924784,-0.96683211,0.17780241,-0.03263887,-0.17038695,0,0,0,0,0
1437,299166,0.39328682,0.59463578,-0.95858420,0.17795030,-0.02980763,-0.18537919,0,0,0,0,0
1438,299375,0.34173717,0.63603932,-0.95690362,0.16851427,0.01325437,-0.19455580,0,0,0,0,0
1439,299583,0.27427691,0.68867011,-0.93679993,0.17664873,0.03457700,-0.18217934,0,0,0,0,0
1440,299791,0.20541296,0.74233467,-0.93338088,0.15783711,0.03356840,-0.18461877,0,0,0,0,0
1441,300000,0.14037490,0.79216706,-0.90691435,0.14466697,0.03070378,-0.18923021,0,0,0,0,0
1442,300208,0.07872229,0.83099685,-0.88881784,0.13544591,0.04262670,-0.21067205,0,0,0,0,0
1443,300416,0.01194277,0.87163533,-0.85453779,0.13434280,0.06981410,-0.19306381,0,0,0,0,0
1444,300625,-0.05016019,0.90098997,-0.82202044,0.10900248,0.08174212,-0.20992043,0,0,0,0,0
1445,300833,-0.11856643,0.92423624,-0.79147716,0.10385797,0.09032748,-0.20167441,0,0,0,0,0
1446,301041,-0.18111717,0.95039024,-0.75102951,0.08862588,0.07590919,-0.22121936,0,0,0,0,0
1447,301250,-0.24438358,0.97125396,-0.70379309,0.09042429,0.11825961,-0.20661454,0,0,0,0,0
1448,301458,-0.30575901,0.99939744,-0.65683239,0.08196725,0.12786519,-0.21092224,0,0,0,0,0
1449,301666,-0.36681508,1.01022900,-0.61242906,0.05673685,0.11910958,-0.18955723,0,0,0,0,0
1450,301875,-0.42287226,1.01670838,-0.56567371,0.05170052,0.14080738,-0.20504073,0,0,0,0,0
1451,302083,-0.49398851,1.01426344,-0.51201697,0.02763839,0.16045403,-0.18751503,0,0,0,0,0
1452,302291,-0.54960485,1.03156535,-0.45147256,0.03614827,0.14056012,-0.20894470,0,0,0,0,0
1453,302500,-0.60270067,1.01787253,-0.38998417,0.00617053,0.16567537,-0.17787203,0,0,0,0,0
1454,302708,-0.65266462,1.01951195,-0.34062050,-0.01896297,0.15192142,-0.15617263,0,0,0,0,0
1455,302916,-0.70662071,1.00490335,-0.27081636,-0.01652526,0.16787481,-0.16112396,0,0,0,0,0
1456,303125,-0.75187453,0.98984090,-0.20928977,-0.04200476,0.15688900,-0.15528272,0,0,0,0,0
1457,303333,-0.79013124,0.96593831,-0.16114511,-0.04786549,0.13913609,-0.14406310,0,0,0,0,0
1458,303541,-0.83062808,0.94128072,-0.07633439,-0.04601849,0.18265452,-0.12139016,0,0,0,0,0
1459,303750,-0.88348814,0.91956936,-0.02266761,-0.07371559,0.17091855,-0.13321164,0,0,0,0,0
1460,303958,-0.89255975,0.88773951,0.05325537,-0.07436767,0.16690550,-0.12326392,0,0,0,0,0
1461,304166,-0.93489217,0.85411400,0.10488490,-0.09163631,0.17362186,-0.11507090,0,0,0,0,0
1462,304375,-0.95284691,0.81354988,0.16733891,-0.09202226,0.17170111,-0.07333408,0,0,0,0,0
1463,304583,-0.97699685,0.77459068,0.23061377,-0.10457402,0.18203433,-0.08154678,0,0,0,0,0
1464,304791,-0.99655373,0.73020867,0.29937816,-0.11194083,0.16995247,-0.06362842,0,0,0,0,0
1465,305000,-1.01254098,0.68079749,0.35477410,-0.13031763,0.15543065,-0.04884360,0,0,0,0,0
1466,305208,-1.01460630,0.62945819,0.42954220,-0.13975943,0.15173611,-0.04600876,0,0,0,0,0
1467,305416,-1.02203068,0.57016788,0.48025875,-0.14761878,0.12955717,-0.02788275,0,0,0,0,0
1468,305625,-1.02258433,0.51914605,0.53297446,-0.14558086,0.14065232,-0.00448181,0,0,0,0,0
1469,305833,-1.01792154,0.46634242,0.59213669,-0.15588333,0.13668814,0.01962571,0,0,0,0,0
1470,306041,-1.01784175,0.40592142,0.64041370,-0.15733145,0.12187454,0.01052573,0,0,0,0,0
1471,306250,-1.01196320,0.33858758,0.69116156,-0.16589102,0.11737869,0.01913098,0,0,0,0,0
1472,306458,-0.98377126,0.26605670,0.74153673,-0.16688381,0.11613598,0.05020296,0,0,0,0,0
1473,306666,-0.96649808,0.20729615,0.78111342,-0.16873575,0.08199064,0.04427490,0,0,0,0,0
1474,306875,-0.93991092,0.14270263,0.82194476,-0.19200430,0.10495739,0.05318664,0,0,0,0,0
1475,307083,-0.90881280,0.08179966,0.86140991,-0.16038546,0.07077433,0.05824588,0,0,0,0,0
1476,307291,-0.87864136,0.01305274,0.89522253,-0.16762922,0.08739728,0.07651862,0,0,0,0,0
1477,307500,-0.83487025,-0.05478969,0.93339231,-0.16054288,0.05786488,0.09350211,0,0,0,0,0
1478,307708,-0.79708254,-0.11581455,0.94478233,-0.17204345,0.06261739,0.10129367,0,0,0,0,0
1479,307916,-0.75230539,-0.18194807,0.96031067,-0.17514661,0.04923845,0.11985785,0,0,0,0,0
1480,308125,-0.71498542,-0.24884990,0.97210344,-0.16756871,0.04326715,0.10713799,0,0,0,0,0
1481,308333,-0.66416223,-0.31152970,0.99433146,-0.16258893,0.04437136,0.14233997,0,0,0,0,0
1482,308541,-0.61205030,-0.36351251,1.00114408,-0.14965280,0.01851744,0.12894478,0,0,0,0,0
1483,308750,-0.55333420,-0.42810364,1.02186742,-0.14590903,0.00612632,0.12677905,0,0,0,0,0
1484,308958,-0.49260294,-0.48928131,1.00225861,-0.14256227,-0.01011711,0.14883255,0,0,0,0,0
1485,309166,-0.43769650,-0.54196914,1.00909440,-0.15099906,-0.03144611,0.13782606,0,0,0,0,0
1486,309375,-0.38311714,-0.59736915,0.99182771,-0.13299269,-0.05047619,0.14114674,0,0,0,0,0
1487,309583,-0.30900663,-0.64125801,0.98844518,-0.13245347,-0.06852914,0.15526750,0,0,0,0,0
1488,309791,-0.24367963,-0.69112611,0.96633880,-0.11703018,-0.05982046,0.15701565,0,0,0,0,0
1489,310000,-0.18912549,-0.73969268,0.94532651,-0.12369685,-0.08682282,0.16281506,0,0,0,0,0
1490,310208,-0.12288089,-0.77932739,0.92025354,-0.08102859,-0.09683623,0.17089874,0,0,0,0,0
1491,310416,-0.05493756,-0.81560680,0.88555509,-0.09639968,-0.10049346,0.14831358,0,0,0,0,0
1492,310625,0.01664734,-0.84866232,0.85480905,-0.07168583,-0.13253804,0.16559527,0,0,0,0,0
1493,310833,0.07860281,-0.88266161,0.82725678,-0.05426833,-0.14323311,0.18111923,0,0,0,0,0
1494,311041,0.14671750,-0.91107259,0.78564884,-0.05278759,-0.15238573,0.18393389,0,0,0,0,0
1495,311250,0.21203214,-0.93168588,0.73828317,-0.04856730,-0.16334926,0.16810198,0,0,0,0,0
1496,311458,0.27506075,-0.94384782,0.68879794,-0.02693763,-0.17715087,0.16722084,0,0,0,0,0
1497,311666,0.34506047,-0.96491160,0.64345751,-0.02388180,-0.16625682,0.18042975,0,0,0,0,0
1498,311875,0.39774597,-0.97195152,0.58843003,-0.02133271,-0.16912933,0.18530232,0,0,0,0,0
1499,312083,0.45316540,-0.97234966,0.53758371,0.00161431,-0.17867347,0.14914291,0,0,0,0,0
1500,312291,0.51726538,-0.97696356,0.46881784,0.04491865,-0.19736737,0.14257236,0,0,0,0,0
1501,312500,0.57262269,-0.98324290,0.41581817,0.01564380,-0.20177440,0.14032352,0,0,0,0,0
1502,312708,0.62403164,-0.97945628,0.36441646,0.03956114,-0.20784763,0.15219020,0,0,0,0,0
1503,312916,0.67271508,-0.96028283,0.29960524,0.04941276,-0.19635903,0.12744681,0,0,0,0,0
1504,313125,0.71994114,-0.94571698,0.22807295,0.04901319,-0.20203687,0.12309185,0,0,0,0,0
1505,313333,0.76111084,-0.92382642,0.16597002,0.08476231,-0.19227345,0.11181290,0,0,0,0,0
1506,313541,0.81498404,-0.90956652,0.10793333,0.10474171,-0.19418162,0.11011820,0,0,0,0,0
1507,313750,0.84041289,-0.87256402,0.04115302,0.11287999,-0.19771755,0.07898800,0,0,0,0,0
1508,313958,0.87060712,-0.84574602,-0.02967546,0.12118851,-0.20056674,0.08625707,0,0,0,0,0
1509,314166,0.90747011,-0.80711221,-0.09175832,0.10819836,-0.19512098,0.05290811,0,0,0,0,0
1510,314375,0.93034750,-0.77165825,-0.16021785,0.13347423,-0.20588491,0.04440981,0,0,0,0,0
1511,314583,0.96175276,-0.73510089,-0.22742019,0.12574672,-0.19763835,0.06141640,0,0,0,0,0
1512,314791,0.98080070,-0.68980481,-0.28972136,0.14699668,-0.20488122,0.01784083,0,0,0,0,0
1513,315000,1.00046289,-0.63885097,-0.35268189,0.15310714,-0.18387326,0.01077126,0,0,0,0,0
1514,315208,1.00720576,-0.58405620,-0.40643229,0.16351034,-0.17198866,-0.00702461,0,0,0,0,0
1515,315416,1.01062960,-0.54191575,-0.46774439,0.17423370,-0.16237968,-0.01365314,0,0,0,0,0
1516,315625,1.01262800,-0.48543314,-0.53009095,0.19887778,-0.18239254,-0.03142502,0,0,0,0,0
1517,315833,1.01091064,-0.41504274,-0.59591029,0.19026535,-0.19084014,-0.03112662,0,0,0,0,0
1518,316041,1.00430378,-0.36393671,-0.62989354,0.20013408,-0.16819984,-0.06067790,0,0,0,0,0
1519,316250,0.99116210,-0.29385200,-0.69496693,0.20487774,-0.15510967,-0.06974571,0,0,0,0,0
1520,316458,0.97550298,-0.23425581,-0.74591671,0.20135140,-0.12888247,-0.06589172,0,0,0,0,0
1521,316666,0.95829689,-0.17844728,-0.78152425,0.19768999,-0.11216791,-0.10385449,0,0,0,0,0
1522,316875,0.93430763,-0.11555530,-0.82778201,0.20024180,-0.11397307,-0.09065085,0,0,0,0,0
1523,317083,0.90309011,-0.04907910,-0.86530151,0.20789143,-0.10975062,-0.11563663,0,0,0,0,0
1524,317291,0.87363957,0.02305038,-0.89576907,0.20756895,-0.08756582,-0.12470051,0,0,0,0,0
1525,317500,0.83046705,0.08708003,-0.92831937,0.19888418,-0.08860112,-0.12748940,0,0,0,0,0
1526,317708,0.80460462,0.15006242,-0.96021353,0.18507877,-0.08178135,-0.15565360,0,0,0,0,0
1527,317916,0.76317549,0.21080211,-0.98016119,0.20025416,-0.05795225,-0.14435076,0,0,0,0,0
1528,318125,0.71638568,0.26766973,-1.00244399,0.20896542,-0.05782703,-0.15036417,0,0,0,0,0
1529,318333,0.66868262,0.33818383,-1.01222532,0.18151542,-0.04869822,-0.16789714,0,0,0,0,0
1530,318541,0.61479248,0.39288431,-1.01288434,0.15443770,-0.01541384,-0.16418838,0,0,0,0,0
1531,318750,0.55824846,0.46237129,-1.02520667,0.15636112,-0.00446216,-0.18374615,0,0,0,0,0
1532,318958,0.50710133,0.50596126,-1.02032800,0.14930216,-0.00215244,-0.18664648,0,0,0,0,0
1533,319166,0.44841027,0.56124142,-1.01896588,0.14952163,0.02647288,-0.17654196,0,0,0,0,0
1534,319375,0.39437315,0.61764658,-1.01183232,0.16259500,0.04136480,-0.18690916,0,0,0,0,0
1535,319583,0.32212773,0.67065144,-0.99368028,0.13135155,0.05918837,-0.18123938,0,0,0,0,0
1536,319791,0.26715636,0.71633255,-0.98301147,0.12078220,0.07396207,-0.18748550,0,0,0,0,0
1537,320000,0.19182364,0.76062111,-0.96464936,0.12591778,0.07325321,-0.20395798,0,0,0,0,0
1538,320208,0.13684227,0.78506601,-0.94529351,0.10279936,0.08863682,-0.22212877,0,0,0,0,0
1539,320416,0.07585597,0.82885987,-0.91972230,0.11684133,0.11193697,-0.20128524,0,0,0,0,0
1540,320625,0.00624020,0.85548643,-0.88357486,0.10676483,0.11830745,-0.20283565,0,0,0,0,0
1541,320833,-0.06684910,0.89275289,-0.85530064,0.08191218,0.13107721,-0.19982743,0,0,0,0,0
1542,321041,-0.12200672,0.91489232,-0.79482668,0.07391792,0.16003325,-0.19383871,0,0,0,0,0
1543,321250,-0.19114268,0.93804976,-0.77501778,0.05469367,0.15944668,-0.19504976,0,0,0,0,0
1544,321458,-0.24920299,0.95107042,-0.72895753,0.04968500,0.18003407,-0.18327171,0,0,0,0,0
1545,321666,-0.32118660,0.97207039,-0.66768939,0.04862496,0.16354430,-0.18607788,0,0,0,0,0
1546,321875,-0.37324082,0.98215322,-0.61836147,0.01379830,0.18694029,-0.19230475,0,0,0,0,0
1547,322083,-0.42682356,0.98381443,-0.56465909,-0.01137431,0.19118154,-0.18074620,0,0,0,0,0
1548,322291,-0.48269791,0.97870954,-0.50007885,0.00267655,0.20222087,-0.19838922,0,0,0,0,0
1549,322500,-0.54251528,0.97769346,-0.44763082,-0.02915110,0.19680358,-0.17718893,0,0,0,0,0
1550,322708,-0.59428697,0.96408242,-0.38690714,-0.04050502,0.19341070,-0.15174649,0,0,0,0,0
1551,322916,-0.63310561,0.95699021,-0.33032465,-0.06094927,0.21650139,-0.14692356,0,0,0,0,0
1552,323125,-0.69037144,0.93898728,-0.27060301,-0.06016773,0.20080711,-0.14217644,0,0,0,0,0
1553,323333,-0.73303411,0.91479677,-0.20143182,-0.07742953,0.21222346,-0.12369448,0,0,0,0,0
1554,323541,-0.78027203,0.89380823,-0.14914493,-0.07157506,0.21013125,-0.11347933,0,0,0,0,0
1555,323750,-0.81186470,0.86594067,-0.07323597,-0.11247469,0.20568894,-0.09908022,0,0,0,0,0
1556,323958,-0.84454687,0.83994830,-0.01199639,-0.11688214,0.21849716,-0.08931031,0,0,0,0,0
1557,324166,-0.88096463,0.80158774,0.05097657,-0.14528949,0.20990445,-0.06481868,0,0,0,0,0
1558,324375,-0.90200789,0.76162687,0.11963080,-0.13494226,0.21654451,-0.05668430,0,0,0,0,0
1559,324583,-0.92190202,0.71811492,0.18376993,-0.15303938,0.21131057,-0.05317547,0,0,0,0,0
1560,324791,-0.94007453,0.66782036,0.25144666,-0.17133333,0.19881691,-0.04533606,0,0,0,0,0
1561,325000,-0.94868462,0.61629668,0.30716017,-0.17569966,0.20446540,-0.03773533,0,0,0,0,0
1562,325208,-0.97485283,0.56995639,0.36958246,-0.16354372,0.18982801,-0.00125867,0,0,0,0,0
1563,325416,-0.97964978,0.51789689,0.43209360,-0.19826550,0.19987371,0.01454291,0,0,0,0,0
1564,325625,-0.97433878,0.46613869,0.49006202,-0.19806538,0.18935598,0.01968809,0,0,0,0,0
1565,325833,-0.97914415,0.40494460,0.53740002,-0.20581787,0.18464879,0.01110096,0,0,0,0,0
1566,326041,-0.96091889,0.34206857,0.59938260,-0.20723835,0.18359822,0.04086204,0,0,0,0,0
1567,326250,-0.95296401,0.27918592,0.65061759,-0.21902803,0.16907112,0.07087333,0,0,0,0,0
1568,326458,-0.93686645,0.22532035,0.70559041,-0.21588927,0.15340187,0.05746248,0,0,0,0,0
1569,326666,-0.92671963,0.15116345,0.74793729,-0.24455669,0.12930040,0.07368393,0,0,0,0,0
1570,326875,-0.88715817,0.08826824,0.78138796,-0.22039062,0.14374319,0.08805408,0,0,0,0,0
1571,327083,-0.86498587,0.01633529,0.81952182,-0.21594359,0.12191884,0.12226910,0,0,0,0,0
1572,327291,-0.84016961,-0.04459696,0.85012970,-0.23071804,0.13019479,0.10567527,0,0,0,0,0
1573,327500,-0.79872890,-0.10630672,0.88281933,-0.21529162,0.09486809,0.11626402,0,0,0,0,0
1574,327708,-0.75709836,-0.17211217,0.91565568,-0.20383285,0.09520604,0.13974291,0,0,0,0,0
1575,327916,-0.71749671,-0.23717762,0.92737976,-0.22330240,0.09640676,0.14166441,0,0,0,0,0
1576,328125,-0.67077033,-0.30560809,0.94903814,-0.19636459,0.07852405,0.14054925,0,0,0,0,0
1577,328333,-0.63241385,-0.36825499,0.96628706,-0.20729874,0.06085304,0.17354845,0,0,0,0,0
1578,328541,-0.57223791,-0.43069029,0.97792430,-0.19732832,0.05766618,0.17785453,0,0,0,0,0
1579,328750,-0.52556649,-0.47362132,0.98161876,-0.19317204,0.03924842,0.18008240,0,0,0,0,0
1580,328958,-0.47714510,-0.53415997,0.98740391,-0.18866297,0.02066878,0.18488227,0,0,0,0,0
1581,329166,-0.41033107,-0.59329639,0.98687993,-0.20148061,0.00703546,0.19682585,0,0,0,0,0
1582,329375,-0.33911748,-0.64871382,0.97392014,-0.17455232,-0.01083138,0.21503643,0,0,0,0,0
1583,329583,-0.28763326,-0.70519569,0.95495782,-0.17641189,-0.00544709,0.22502949,0,0,0,0,0
1584,329791,-0.22137409,-0.74600413,0.93561584,-0.16389258,-0.05071869,0.22777665,0,0,0,0,0
1585,330000,-0.16572991,-0.79327505,0.92214811,-0.13206071,-0.04092982,0.20594096,0,0,0,0,0
1586,330208,-0.09601996,-0.82644686,0.90897810,-0.12494479,-0.07457943,0.22609453,0,0,0,0,0
1587,330416,-0.03336821,-0.86749726,0.87827478,-0.11390644,-0.10116738,0.20162518,0,0,0,0,0
1588,330625,0.03323049,-0.89833087,0.84466627,-0.11976394,-0.08928430,0.20418986,0,0,0,0,0
1589,330833,0.10083288,-0.93387127,0.81252487,-0.09740978,-0.10743482,0.21650059,0,0,0,0,0
1590,331041,0.15729485,-0.95133373,0.77501632,-0.08821301,-0.11542054,0.22874725,0,0,0,0,0
1591,331250,0.23198158,-0.96391456,0.73683608,-0.09450432,-0.14035956,0.20904562,0,0,0,0,0
1592,331458,0.29641227,-0.98742585,0.68730238,-0.07053281,-0.12294867,0.22966198,0,0,0,0,0
1593,331666,0.34732509,-1.01046069,0.64063673,-0.03852194,-0.13559374,0.23026632,0,0,0,0,0
1594,331875,0.41576979,-1.01765745,0.58447336,-0.03876398,-0.14515057,0.21559427,0,0,0,0,0
1595,332083,0.47064665,-1.02439690,0.53741208,-0.03289292,-0.16602130,0.19501834,0,0,0,0,0
1596,332291,0.52971964,-1.02032277,0.47506826,-0.01880106,-0.16201889,0.18626183,0,0,0,0,0
1597,332500,0.58131868,-1.01669284,0.42078442,-0.01176097,-0.16155722,0.20136021,0,0,0,0,0
1598,332708,0.62630467,-1.00285201,0.35954382,0.01580865,-0.16781385,0.16578426,0,0,0,0,0
1599,332916,0.67096613,-0.99335179,0.30281105,0.03360220,-0.19472629,0.17297438,0,0,0,0,0
1600,333125,0.72436222,-0.98449051,0.23945138,0.02184064,-0.18254280,0.16645142,0,0,0,0,0
1601,333333,0.75836077,-0.96040876,0.17606854,0.04170150,-0.19194938,0.14576771,0,0,0,0,0
1602,333541,0.81149093,-0.92633174,0.11225620,0.05139245,-0.18786321,0.15300677,0,0,0,0,0
1603,333750,0.84443901,-0.91208135,0.05088573,0.07118022,-0.19116372,0.12310649,0,0,0,0,0
1604,333958,0.87645387,-0.87927382,-0.02109541,0.09065405,-0.18923423,0.11701373,0,0,0,0,0
1605,334166,0.90386170,-0.83623339,-0.07755797,0.11034383,-0.17333141,0.09407210,0,0,0,0,0
1606,334375,0.93059150,-0.80489489,-0.14494356,0.10502191,-0.18455712,0.08915932,0,0,0,0,0
1607,334583,0.95565686,-0.74881893,-0.20154189,0.13538879,-0.17744690,0.08761946,0,0,0,0,0
1608,334791,0.96868965,-0.71681631,-0.26842428,0.13833147,-0.20378004,0.06148289,0,0,0,0,0
1609,335000,0.99363529,-0.66402079,-0.33390367,0.17016703,-0.18617093,0.05176201,0,0,0,0,0
1610,335208,0.99120993,-0.60927448,-0.39594436,0.15023881,-0.17662949,0.03544838,0,0,0,0,0
1611,335416,0.99415813,-0.55456522,-0.45190616,0.16227942,-0.17457339,0.02726928,0,0,0,0,0
1612,335625,0.99446783,-0.50004160,-0.51360920,0.16257480,-0.14069395,0.00959480,0,0,0,0,0
1613,335833,0.98867607,-0.43364910,-0.56016597,0.18399525,-0.13997958,-0.00425933,0,0,0,0,0
1614,336041,0.98535456,-0.38799072,-0.60948156,0.18563619,-0.15397720,-0.02339686,0,0,0,0,0
1615,336250,0.97631638,-0.32338372,-0.67876886,0.19063476,-0.15297785,-0.02286762,0,0,0,0,0
1616,336458,0.95809914,-0.25336254,-0.71519169,0.19002369,-0.13888027,-0.03262461,0,0,0,0,0
1617,336666,0.93669220,-0.18999941,-0.75454012,0.20558017,-0.11801083,-0.06557588,0,0,0,0,0
1618,336875,0.90892481,-0.12336051,-0.79585789,0.17230042,-0.12909519,-0.05686154,0,0,0,0,0
1619,337083,0.88709733,-0.06061419,-0.83386027,0.18716170,-0.10542279,-0.07205725,0,0,0,0,0
1620,337291,0.84684022,0.00654351,-0.87133616,0.19934097,-0.07870380,-0.09448825,0,0,0,0,0
1621,337500,0.81591768,0.07034966,-0.89817447,0.20536321,-0.07314268,-0.09354779,0,0,0,0,0
1622,337708,0.77574302,0.14142890,-0.92061183,0.18828596,-0.08107260,-0.10124964,0,0,0,0,0
1623,337916,0.73732873,0.21097098,-0.94625544,0.19200627,-0.07496131,-0.11601582,0,0,0,0,0
1624,338125,0.67806027,0.27063987,-0.95630383,0.18463751,-0.03435932,-0.12305272,0,0,0,0,0
1625,338333,0.63586545,0.33461925,-0.96735386,0.18161765,-0.04149674,-0.12919219,0,0,0,0,0
1626,338541,0.58253049,0.39269481,-0.97808993,0.18433918,-0.03602070,-0.15109544,0,0,0,0,0
1627,338750,0.53128921,0.45341663,-0.97856405,0.18573916,-0.00814395,-0.13466600,0,0,0,0,0
1628,338958,0.46835764,0.51305806,-0.98107105,0.17113970,-0.00905676,-0.15814493,0,0,0,0,0
1629,339166,0.40027962,0.57266227,-0.97277888,0.13925881,0.03286065,-0.15427126,0,0,0,0,0
1630,339375,0.36197618,0.63054133,-0.97098008,0.14123456,0.03296376,-0.16099767,0,0,0,0,0
1631,339583,0.29091126,0.67891402,-0.96164442,0.13126185,0.05293714,-0.18960028,0,0,0,0,0
1632,339791,0.22318149,0.72268276,-0.93517564,0.13948667,0.06023195,-0.16774651,0,0,0,0,0
1633,340000,0.16240249,0.76788457,-0.92082370,0.11908459,0.06381357,-0.16981146,0,0,0,0,0
1634,340208,0.09724543,0.80331912,-0.89462781,0.12679023,0.08191816,-0.17661718,0,0,0,0,0
1635,340416,0.02491561,0.84711815,-0.86172835,0.10444069,0.08392279,-0.18292861,0,0,0,0,0
1636,340625,-0.03766748,0.87255812,-0.84318023,0.09365960,0.10068978,-0.17941378,0,0,0,0,0
1637,340833,-0.11451614,0.91298964,-0.80115590,0.09235101,0.11914145,-0.18662755,0,0,0,0,0
1638,341041,-0.17004050,0.94017951,-0.76189600,0.08984737,0.13934775,-0.18458587,0,0,0,0,0
1639,341250,-0.23021853,0.94741136,-0.72160013,0.05477649,0.13341648,-0.20211450,0,0,0,0,0
1640,341458,-0.29957420,0.97507996,-0.66937054,0.04852646,0.15671517,-0.19604020,0,0,0,0,0
1641,341666,-0.35760447,0.99126792,-0.61235764,0.02729823,0.14187644,-0.19782033,0,0,0,0,0
1642,341875,-0.41678537,0.99602384,-0.57302721,0.03371623,0.17133859,-0.18947917,0,0,0,0,0
1643,342083,-0.47694221,1.01714807,-0.51365675,0.01016767,0.15286131,-0.16064851,0,0,0,0,0
1644,342291,-0.52874595,1.01361870,-0.45996711,0.00116497,0.17139950,-0.17031695,0,0,0,0,0
1645,342500,-0.58965054,1.00073913,-0.41116136,0.01014438,0.17665027,-0.16022298,0,0,0,0,0
1646,342708,-0.63764422,0.99953918,-0.33846970,-0.02543478,0.18234769,-0.14561938,0,0,0,0,0
1647,342916,-0.67742506,0.98737846,-0.28684604,-0.01538737,0.18570909,-0.13216481,0,0,0,0,0
1648,343125,-0.74461727,0.96833507,-0.21364565,-0.03512934,0.19819910,-0.14565499,0,0,0,0,0
1649,343333,-0.78638184,0.95762379,-0.15335889,-0.06476120,0.17957181,-0.12659910,0,0,0,0,0
1650,343541,-0.82277038,0.93431597,-0.09478618,-0.06020247,0.16829855,-0.12006550,0,0,0,0,0
1651,343750,-0.86329809,0.91515529,-0.01849342,-0.06661844,0.18823818,-0.08909254,0,0,0,0,0
1652,343958,-0.89290458,0.88478075,0.03207078,-0.10558219,0.16871070,-0.07685782,0,0,0,0,0
1653,344166,-0.92290692,0.83733003,0.10245070,-0.12167985,0.20474916,-0.09442679,0,0,0,0,0
1654,344375,-0.95601506,0.79229452,0.16874390,-0.12481387,0.17928111,-0.08904364,0,0,0,0,0
1655,344583,-0.97114911,0.75332838,0.22809558,-0.12134244,0.16728952,-0.05720607,0,0,0,0,0
1656,344791,-0.99476741,0.71213229,0.29617603,-0.12959846,0.18023616,-0.03101888,0,0,0,0,0
1657,345000,-1.00701258,0.66682368,0.35392440,-0.14749716,0.16708946,-0.03861956,0,0,0,0,0
1658,345208,-1.01104444,0.61057754,0.42889563,-0.14972954,0.15317253,-0.03408957,0,0,0,0,0
1659,345416,-1.02119612,0.56449020,0.48622421,-0.16235155,0.15324678,-0.00735161,0,0,0,0,0
1660,345625,-1.01563584,0.49335700,0.52568486,-0.17560589,0.14679785,0.00602158,0,0,0,0,0
1661,345833,-1.01907362,0.45148864,0.59108768,-0.17646223,0.14534023,0.01184855,0,0,0,0,0
1662,346041,-1.01160205,0.38017436,0.65288943,-0.17967016,0.15092170,0.02943401,0,0,0,0,0
1663,346250,-0.99369489,0.32062027,0.70676271,-0.18845658,0.12391568,0.03860277,0,0,0,0,0
1664,346458,-0.98443418,0.26092355,0.74551521,-0.18123557,0.12773331,0.06420778,0,0,0,0,0
1665,346666,-0.96161733,0.19882956,0.77773513,-0.17628399,0.10114107,0.06303980,0,0,0,0,0
1666,346875,-0.94254644,0.12455551,0.83048511,-0.20353862,0.09105796,0.08383165,0,0,0,0,0
1667,347083,-0.91522329,0.06542858,0.86609458,-0.18959933,0.09539136,0.09825035,0,0,0,0,0
1668,347291,-0.87909586,-0.00313377,0.90754972,-0.18630482,0.08028120,0.09513863,0,0,0,0,0
1669,347500,-0.84454140,-0.06215143,0.92787051,-0.18137864,0.07085023,0.10463750,0,0,0,0,0
1670,347708,-0.80071461,-0.12379799,0.95225473,-0.18398615,0.05196724,0.12010168,0,0,0,0,0
1671,347916,-0.75875459,-0.20607135,0.96824585,-0.17719898,0.05206408,0.12207933,0,0,0,0,0
1672,348125,-0.71633175,-0.26565158,0.99178014,-0.16347865,0.04567563,0.13371190,0,0,0,0,0
1673,348333,-0.67420424,-0.31910848,1.00126499,-0.18909779,0.04136850,0.13907650,0,0,0,0,0
1674,348541,-0.61675656,-0.37637041,1.01423245,-0.18198518,0.02713692,0.14640201,0,0,0,0,0
1675,348750,-0.55342672,-0.43952682,1.01721267,-0.15687607,-0.00274638,0.15527882,0,0,0,0,0
1676,348958,-0.50683408,-0.49263783,1.02533301,-0.14252242,-0.00333469,0.16069181,0,0,0,0,0
1677,349166,-0.46154950,-0.54453159,1.00487841,-0.14470758,-0.02236379,0.16765763,0,0,0,0,0
1678,349375,-0.37138965,-0.60236569,1.01378127,-0.13213068,-0.04285776,0.16024991,0,0,0,0,0
1679,349583,-0.31566206,-0.65506835,0.98595254,-0.13920637,-0.05555618,0.17044371,0,0,0,0,0
1680,349791,-0.25868644,-0.68878114,0.98306769,-0.11892437,-0.07392466,0.19087385,0,0,0,0,0
1681,350000,-0.19745491,-0.74138618,0.95349999,-0.09453439,-0.08821812,0.18454470,0,0,0,0,0
1682,350208,-0.13031603,-0.78751594,0.92296251,-0.10750787,-0.09608655,0.19683285,0,0,0,0,0
1683,350416,-0.06289620,-0.81863808,0.89654430,-0.08915577,-0.11295396,0.19237746,0,0,0,0,0
1684,350625,0.00784823,-0.86652055,0.86690350,-0.07268040,-0.13207126,0.18229113,0,0,0,0,0
1685,350833,0.06836610,-0.88479913,0.84007881,-0.07903214,-0.12440640,0.18110888,0,0,0,0,0
1686,351041,0.13386148,-0.91088439,0.80523317,-0.06727730,-0.15638895,0.18099713,0,0,0,0,0
1687,351250,0.20683429,-0.93480689,0.75394017,-0.05212134,-0.16235734,0.18395921,0,0,0,0,0
1688,351458,0.25879943,-0.94471075,0.70589920,-0.01843104,-0.17469944,0.18098340,0,0,0,0,0
1689,351666,0.32244129,-0.96782459,0.66202496,-0.03108695,-0.16422210,0.17461602,0,0,0,0,0
1690,351875,0.38245072,-0.97513164,0.60957693,-0.00292197,-0.19529710,0.16891509,0,0,0,0,0
1691,352083,0.44084364,-0.97433529,0.54111551,0.01230025,-0.17949940,0.16365742,0,0,0,0,0
1692,352291,0.50315252,-0.97741950,0.49247506,0.01812730,-0.20449687,0.17426420,0,0,0,0,0
1693,352500,0.55308380,-0.96903436,0.44283735,0.01458109,-0.19764854,0.14471164,0,0,0,0,0
1694,352708,0.60703925,-0.96751050,0.37263480,0.05233522,-0.19811828,0.14222204,0,0,0,0,0
1695,352916,0.65729233,-0.95417841,0.31414545,0.05636492,-0.19980349,0.13235679,0,0,0,0,0
1696,353125,0.70532050,-0.94573179,0.24926869,0.07087754,-0.19186026,0.10882554,0,0,0,0,0
1697,353333,0.74695184,-0.91519871,0.18703606,0.06509488,-0.20814868,0.11498474,0,0,0,0,0
1698,353541,0.79906741,-0.88950667,0.12929128,0.09511928,-0.22093143,0.10899966,0,0,0,0,0
1699,353750,0.82626189,-0.87152848,0.05274876,0.11174309,-0.21501389,0.09606209,0,0,0,0,0
1700,353958,0.86161441,-0.83827837,-0.01499805,0.12690497,-0.21260303,0.10166891,0,0,0,0,0
1701,354166,0.90100259,-0.80345137,-0.07183094,0.13210912,-0.22193669,0.06945196,0,0,0,0,0
1702,354375,0.91717699,-0.77080565,-0.14094265,0.14120101,-0.21049216,0.05596076,0,0,0,0,0
1703,354583,0.93681086,-0.71556623,-0.20602590,0.14651656,-0.20821414,0.04684101,0,0,0,0,0
1704,354791,0.95995991,-0.67267468,-0.27061714,0.15496978,-0.18860426,0.03178468,0,0,0,0,0
1705,355000,0.98620281,-0.63506724,-0.32734011,0.15850383,-0.18521831,0.02532082,0,0,0,0,0
1706,355208,0.98442591,-0.58269698,-0.39113407,0.18041705,-0.17364711,-0.01038662,0,0,0,0,0
1707,355416,0.99351707,-0.51944461,-0.46306393,0.18185781,-0.20726547,-0.01555578,0,0,0,0,0
1708,355625,1.00721729,-0.46435140,-0.50577283,0.19934839,-0.18987950,-0.02795714,0,0,0,0,0
1709,355833,0.99832599,-0.40241471,-0.56480987,0.19589115,-0.15703958,-0.05013506,0,0,0,0,0
1710,356041,0.99088862,-0.36060243,-0.61852091,0.20472517,-0.17994462,-0.03776131,0,0,0,0,0
1711,356250,0.97529874,-0.29556982,-0.67601682,0.21144748,-0.14123114,-0.04072616,0,0,0,0,0
1712,356458,0.95646306,-0.23264783,-0.72220504,0.19996867,-0.13384252,-0.05501887,0,0,0,0,0
1713,356666,0.94948919,-0.16139988,-0.75226304,0.21188219,-0.12122122,-0.09288704,0,0,0,0,0
1714,356875,0.92060048,-0.10924752,-0.80809471,0.22826477,-0.14114620,-0.10209067,0,0,0,0,0
1715,357083,0.88968566,-0.04476999,-0.83851864,0.22026161,-0.10784528,-0.11033704,0,0,0,0,0
1716,357291,0.84970260,0.01743482,-0.88317737,0.21196695,-0.09659596,-0.11449126,0,0,0,0,0
1717,357500,0.81655830,0.09806584,-0.90724611,0.20559768,-0.09984518,-0.11774966,0,0,0,0,0
1718,357708,0.78470499,0.15977783,-0.92971498,0.21416363,-0.08406169,-0.14599524,0,0,0,0,0
1719,357916,0.74544187,0.23229079,-0.96144470,0.18715213,-0.05959533,-0.14066345,0,0,0,0,0
1720,358125,0.69219075,0.28250984,-0.97729080,0.18722349,-0.06501989,-0.16279788,0,0,0,0,0
1721,358333,0.64972781,0.35162494,-0.98653879,0.21442338,-0.03214276,-0.14647826,0,0,0,0,0
1722,358541,0.60252122,0.40784683,-1.00544943,0.17981030,-0.01569366,-0.15571488,0,0,0,0,0
1723,358750,0.54926091,0.46708230,-1.00436145,0.18118298,-0.01468754,-0.18120526,0,0,0,0,0
1724,358958,0.48549420,0.52016574,-1.00816379,0.17738379,0.00204941,-0.18071647,0,0,0,0,0
1725,359166,0.44194941,0.57310571,-1.00166601,0.16540250,0.00000857,-0.19513673,0,0,0,0,0
1726,359375,0.37556373,0.63215348,-0.99684480,0.16188700,0.01716890,-0.21223335,0,0,0,0,0
1727,359583,0.31200852,0.67892062,-0.98348868,0.12754198,0.03716121,-0.18565002,0,0,0,0,0
1728,359791,0.24238456,0.72033827,-0.96887115,0.14991000,0.05779642,-0.20471709,0,0,0,0,0
1729,360000,0.18781537,0.76985543,-0.94443040,0.13540914,0.05967722,-0.20981948,0,0,0,0,0
1730,360208,0.11392361,0.80610202,-0.93752825,0.12894189,0.08397622,-0.20184249,0,0,0,0,0
1731,360416,0.05343203,0.85204348,-0.89562716,0.10654105,0.10550219,-0.20115307,0,0,0,0,0
1732,360625,-0.00352164,0.88041287,-0.86744587,0.09387394,0.11286233,-0.19906624,0,0,0,0,0
1733,360833,-0.07229015,0.90732196,-0.83243077,0.09146757,0.11838415,-0.21265155,0,0,0,0,0
1734,361041,-0.13889408,0.93197279,-0.78871388,0.07268955,0.15048771,-0.21560251,0,0,0,0,0
1735,361250,-0.21018372,0.94825562,-0.75133325,0.05712948,0.14733741,-0.21321065,0,0,0,0,0
1736,361458,-0.26524315,0.96450301,-0.71167499,0.04754593,0.15746658,-0.21494201,0,0,0,0,0
1737,361666,-0.32339213,0.97645171,-0.65472758,0.03038921,0.15380004,-0.19964492,0,0,0,0,0
1738,361875,-0.38876739,0.99398806,-0.60698873,0.01989662,0.15747456,-0.20532449,0,0,0,0,0
1739,362083,-0.44934746,0.99857322,-0.54770641,0.00182239,0.17295578,-0.19695221,0,0,0,0,0
1740,362291,-0.50060845,1.00719284,-0.49276417,0.00213901,0.16592116,-0.18107252,0,0,0,0,0
1741,362500,-0.56245285,0.99778808,-0.44000052,-0.02366763,0.19936250,-0.16664514,0,0,0,0,0
1742,362708,-0.60840633,0.98929942,-0.38646813,-0.00688565,0.17753865,-0.17922570,0,0,0,0,0
1743,362916,-0.65451984,0.96858074,-0.32350987,-0.04175406,0.18633709,-0.17473618,0,0,0,0,0
1744,363125,-0.70210939,0.94949840,-0.25813975,-0.07065334,0.21115379,-0.16785160,0,0,0,0,0
1745,363333,-0.74140712,0.93397564,-0.19348113,-0.07279673,0.20345244,-0.13199475,0,0,0,0,0
1746,363541,-0.79015244,0.90479323,-0.13720978,-0.08233490,0.18893610,-0.10892520,0,0,0,0,0
1747,363750,-0.82333602,0.88009865,-0.05539065,-0.09301966,0.19526366,-0.10976852,0,0,0,0,0
1748,363958,-0.86075129,0.84737091,-0.00229451,-0.09949022,0.20617116,-0.09689274,0,0,0,0,0
1749,364166,-0.88786156,0.81209621,0.05832349,-0.11094091,0.18250758,-0.07715237,0,0,0,0,0
1750,364375,-0.91162911,0.78310771,0.13136025,-0.12059971,0.20652742,-0.07771821,0,0,0,0,0
1751,364583,-0.93364932,0.73683893,0.19101669,-0.14696913,0.19670097,-0.05528475,0,0,0,0,0
1752,364791,-0.96106701,0.68319483,0.26168750,-0.16176805,0.17299524,-0.04476552,0,0,0,0,0
1753,365000,-0.95790034,0.65338196,0.32167419,-0.16651474,0.18050257,-0.04847605,0,0,0,0,0
1754,365208,-0.96121088,0.58816121,0.37545898,-0.18094185,0.19730989,-0.01975468,0,0,0,0,0
1755,365416,-0.97977227,0.53304991,0.44290885,-0.17378698,0.18103763,-0.00709875,0,0,0,0,0
1756,365625,-0.99013359,0.47383730,0.49329746,-0.19523497,0.16300520,-0.01024197,0,0,0,0,0
1757,365833,-0.98420791,0.41346413,0.55223955,-0.20014690,0.18247117,0.01921539,0,0,0,0,0
1758,366041,-0.98184351,0.36229509,0.60302039,-0.20758023,0.15876876,0.01942910,0,0,0,0,0
1759,366250,-0.96180506,0.30075600,0.65735020,-0.21873817,0.13969931,0.03687382,0,0,0,0,0
1760,366458,-0.94753266,0.23061752,0.70746336,-0.20197755,0.15491110,0.05560864,0,0,0,0,0
1761,366666,-0.92680495,0.16001663,0.74521117,-0.20774190,0.13639084,0.06947048,0,0,0,0,0
1762,366875,-0.90537918,0.09662926,0.79008550,-0.19828453,0.14599335,0.09473013,0,0,0,0,0
1763,367083,-0.88183337,0.03586291,0.81995865,-0.21049423,0.11141934,0.09570696,0,0,0,0,0
1764,367291,-0.83665587,-0.03199151,0.85948023,-0.20600818,0.11491005,0.11406286,0,0,0,0,0
1765,367500,-0.79709155,-0.09139493,0.87799233,-0.20463240,0.10566986,0.13132984,0,0,0,0,0
1766,367708,-0.76728913,-0.16061940,0.92402984,-0.19873712,0.11208777,0.11872547,0,0,0,0,0
1767,367916,-0.72113940,-0.22890981,0.93215553,-0.18758191,0.07088497,0.13128020,0,0,0,0,0
1768,368125,-0.67616697,-0.29769364,0.95281055,-0.20115085,0.06028404,0.14586952,0,0,0,0,0
1769,368333,-0.62450776,-0.35407978,0.96578321,-0.18613867,0.06222086,0.14443800,0,0,0,0,0
1770,368541,-0.58612406,-0.41714867,0.97871897,-0.19491903,0.05191025,0.17448274,0,0,0,0,0
1771,368750,-0.52097156,-0.46881650,0.98726156,-0.18650791,0.03530694,0.16627723,0,0,0,0,0
1772,368958,-0.45918498,-0.52674273,0.97614255,-0.17860120,0.00500097,0.16289003,0,0,0,0,0
1773,369166,-0.40903924,-0.58594956,0.97906440,-0.16712508,-0.00155382,0.17675605,0,0,0,0,0
1774,369375,-0.34286858,-0.63428586,0.96920642,-0.17707129,-0.01538945,0.18702886,0,0,0,0,0
1775,369583,-0.28173176,-0.69114681,0.95945799,-0.16565681,-0.02205240,0.19558491,0,0,0,0,0
1776,369791,-0.22150265,-0.74056133,0.94283567,-0.14970255,-0.04821098,0.19561580,0,0,0,0,0
1777,370000,-0.15817689,-0.77671587,0.93041050,-0.13184971,-0.04313351,0.19652925,0,0,0,0,0
1778,370208,-0.09325294,-0.81379220,0.88977095,-0.12754375,-0.04916386,0.20782126,0,0,0,0,0
1779,370416,-0.03807340,-0.85559138,0.87532961,-0.11961191,-0.09744409,0.20102517,0,0,0,0,0
1780,370625,0.03330665,-0.88989817,0.84185074,-0.11761785,-0.08680138,0.21659527,0,0,0,0,0
1781,370833,0.10284573,-0.91594530,0.80601003,-0.09634095,-0.10507073,0.20144354,0,0,0,0,0
1782,371041,0.16350496,-0.94551505,0.76552146,-0.07758940,-0.10977092,0.21549295,0,0,0,0,0
1783,371250,0.22082934,-0.96495282,0.72701886,-0.06930932,-0.13739889,0.20643354,0,0,0,0,0
1784,371458,0.29202597,-0.99709825,0.67652188,-0.05663169,-0.13471856,0.21596899,0,0,0,0,0
1785,371666,0.34812630,-0.99920175,0.63962901,-0.05102187,-0.13650464,0.20351550,0,0,0,0,0
1786,371875,0.41439561,-1.01132226,0.58010272,-0.02410030,-0.16738629,0.18893358,0,0,0,0,0
1787,372083,0.47182484,-1.01616955,0.52476345,-0.04550154,-0.14149003,0.20011600,0,0,0,0,0
1788,372291,0.53567214,-1.01184686,0.47548819,-0.00577466,-0.14040269,0.19619652,0,0,0,0,0
1789,372500,0.59331365,-1.01445348,0.40622821,0.01495767,-0.18672459,0.17467442,0,0,0,0,0
1790,372708,0.62720519,-1.01136050,0.34921639,-0.00124595,-0.17658323,0.17508665,0,0,0,0,0
1791,372916,0.68340296,-0.99675431,0.29099977,0.02725475,-0.19350131,0.17360797,0,0,0,0,0
1792,373125,0.73027523,-0.97292851,0.23260097,0.03375118,-0.15589001,0.14126913,0,0,0,0,0
1793,373333,0.77761374,-0.95863694,0.15932705,0.02822381,-0.18021358,0.14433658,0,0,0,0,0
1794,373541,0.81666282,-0.93116552,0.11140066,0.07200062,-0.18563730,0.12726828,0,0,0,0,0
1795,373750,0.84491903,-0.90409832,0.03278818,0.06237177,-0.18137247,0.11614711,0,0,0,0,0
1796,373958,0.88952429,-0.88254267,-0.02232600,0.08939110,-0.18700423,0.10113346,0,0,0,0,0
1797,374166,0.91993703,-0.84270319,-0.09430363,0.08829728,-0.17075627,0.08769403,0,0,0,0,0
1798,374375,0.93376181,-0.81469197,-0.14856724,0.08962539,-0.18360854,0.08212168,0,0,0,0,0
1799,374583,0.95854802,-0.76015359,-0.22017051,0.13278788,-0.17611644,0.05919052,0,0,0,0,0
1800,374791,0.98146324,-0.70562126,-0.28105048,0.12643883,-0.18113918,0.05400349,0,0,0,0,0
1801,375000,1.00086248,-0.66143701,-0.34766430,0.14872277,-0.17479814,0.05847347,0,0,0,0,0
1802,375208,1.00345119,-0.61478130,-0.40545318,0.14661937,-0.17738217,0.04909021,0,0,0,0,0
1803,375416,1.01404142,-0.56935207,-0.47366759,0.16116032,-0.16136134,0.03008453,0,0,0,0,0
1804,375625,1.01692870,-0.50428327,-0.52189540,0.19593894,-0.15786787,-0.00710054,0,0,0,0,0
1805,375833,1.00299791,-0.44162437,-0.57930283,0.17382429,-0.13297158,-0.01816848,0,0,0,0,0
1806,376041,0.98928040,-0.37894389,-0.62535390,0.18550350,-0.13782547,-0.01260914,0,0,0,0,0
1807,376250,0.98522310,-0.32101533,-0.67426291,0.17995769,-0.12469442,-0.02683102,0,0,0,0,0
1808,376458,0.96937666,-0.25973982,-0.72754137,0.18851648,-0.12806538,-0.06704376,0,0,0,0,0
1809,376666,0.94937455,-0.20301704,-0.77185923,0.19373098,-0.11417429,-0.05327257,0,0,0,0,0
1810,376875,0.92592593,-0.13667419,-0.82013107,0.18577117,-0.10229046,-0.09606455,0,0,0,0,0
1811,377083,0.89830886,-0.07128575,-0.85622581,0.19773294,-0.11044654,-0.07528396,0,0,0,0,0
1812,377291,0.86906724,0.00484843,-0.87345908,0.19378004,-0.09579501,-0.10556314,0,0,0,0,0
1813,377500,0.83128262,0.07898440,-0.91043313,0.18693824,-0.05626136,-0.11321488,0,0,0,0,0
1814,377708,0.79351263,0.13195810,-0.93500900,0.20000160,-0.06445478,-0.11890368,0,0,0,0,0
1815,377916,0.74672678,0.20116498,-0.95627208,0.18463118,-0.05061596,-0.13555228,0,0,0,0,0
1816,378125,0.69194080,0.27097158,-0.98198938,0.19135538,-0.04121375,-0.15078670,0,0,0,0,0
1817,378333,0.64024092,0.33168341,-0.98316159,0.18920241,-0.04870225,-0.14034884,0,0,0,0,0
1818,378541,0.59525650,0.39085223,-1.00467343,0.16594002,-0.03190419,-0.14812067,0,0,0,0,0
1819,378750,0.54642835,0.44636259,-0.99817999,0.13707575,-0.01099780,-0.15155884,0,0,0,0,0
1820,378958,0.49073959,0.50242771,-0.99262737,0.16418939,-0.00484339,-0.15634570,0,0,0,0,0
1821,379166,0.42421265,0.56263404,-0.99460048,0.15428779,0.02900180,-0.14964755,0,0,0,0,0
1822,379375,0.37102833,0.61341700,-0.99124516,0.13825174,0.03900177,-0.15437653,0,0,0,0,0
1823,379583,0.30910668,0.65902588,-0.96880971,0.14412103,0.04524066,-0.17640781,0,0,0,0,0
1824,379791,0.23629368,0.70287743,-0.95875871,0.12580384,0.08930765,-0.17872513,0,0,0,0,0
1825,380000,0.16347588,0.75910637,-0.93735707,0.11317206,0.09060702,-0.17774717,0,0,0,0,0
1826,380208,0.10834828,0.79751433,-0.90742461,0.09764622,0.10209695,-0.20520758,0,0,0,0,0
1827,380416,0.04639345,0.82242467,-0.88577988,0.11409880,0.11635259,-0.20068638,0,0,0,0,0
1828,380625,-0.02598106,0.86859641,-0.85621974,0.08902011,0.11709854,-0.17833991,0,0,0,0,0
1829,380833,-0.08090500,0.89787324,-0.81224741,0.08717720,0.12343849,-0.19676876,0,0,0,0,0
1830,381041,-0.15157413,0.92205199,-0.78224051,0.07593454,0.13203768,-0.20446358,0,0,0,0,0
1831,381250,-0.20965302,0.94671368,-0.74169399,0.06003084,0.12632943,-0.20139230,0,0,0,0,0
1832,381458,-0.28574003,0.95365023,-0.68763703,0.05366989,0.15282241,-0.18919043,0,0,0,0,0
1833,381666,-0.34235186,0.98202146,-0.64343480,0.03109530,0.14763758,-0.19467705,0,0,0,0,0
1834,381875,-0.41392588,0.99676228,-0.58901419,0.03116860,0.16548277,-0.18060128,0,0,0,0,0
1835,382083,-0.46314183,0.99517133,-0.54015226,0.01378347,0.16111436,-0.14926040,0,0,0,0,0
1836,382291,-0.52033695,0.98928203,-0.47473921,0.00597992,0.17254387,-0.17423654,0,0,0,0,0
1837,382500,-0.57465607,0.99233909,-0.42863317,-0.00541476,0.18442948,-0.16131655,0,0,0,0,0
1838,382708,-0.63192211,0.98683315,-0.35447252,-0.01205563,0.19454267,-0.16235989,0,0,0,0,0
1839,382916,-0.68624477,0.96996256,-0.28540277,-0.05309759,0.20154051,-0.15352358,0,0,0,0,0
1840,383125,-0.72427181,0.95764279,-0.22229118,-0.05200083,0.18004960,-0.12103105,0,0,0,0,0
1841,383333,-0.77383184,0.93483637,-0.16977338,-0.06991893,0.19020749,-0.11852553,0,0,0,0,0
1842,383541,-0.81353478,0.92443803,-0.10182649,-0.07764471,0.20351030,-0.10524873,0,0,0,0,0
1843,383750,-0.85434114,0.88582357,-0.03863601,-0.09898502,0.18822105,-0.09268049,0,0,0,0,0
1844,383958,-0.87918996,0.85651413,0.03536883,-0.09599033,0.19410718,-0.08246279,0,0,0,0,0
1845,384166,-0.91108137,0.81803391,0.09544411,-0.09623170,0.18674248,-0.08509846,0,0,0,0,0
1846,384375,-0.92533842,0.77957895,0.15455029,-0.10977308,0.17823249,-0.07327870,0,0,0,0,0
1847,384583,-0.96393796,0.75122721,0.21558305,-0.14183878,0.19772271,-0.05093488,0,0,0,0,0
1848,384791,-0.97922294,0.69471431,0.29450940,-0.14831112,0.17136944,-0.05059247,0,0,0,0,0
1849,385000,-1.00147589,0.64890374,0.34596473,-0.15765454,0.17691726,-0.01417309,0,0,0,0,0
1850,385208,-1.01625456,0.60274035,0.40851576,-0.16165300,0.19421166,-0.02641471,0,0,0,0,0
1851,385416,-1.01473414,0.54323599,0.46443209,-0.16128368,0.17202568,0.00850638,0,0,0,0,0
1852,385625,-1.01439889,0.49620218,0.53024057,-0.18185823,0.16331546,0.01505896,0,0,0,0,0
1853,385833,-1.00797637,0.42859168,0.57642363,-0.16696708,0.15248845,0.03480491,0,0,0,0,0
1854,386041,-0.99318792,0.36894563,0.64369303,-0.19535038,0.16251179,0.03575566,0,0,0,0,0
1855,386250,-0.99096671,0.30210882,0.69258513,-0.18132453,0.15653904,0.04222361,0,0,0,0,0
1856,386458,-0.97948811,0.23773969,0.73482930,-0.20269595,0.12293054,0.07992880,0,0,0,0,0
1857,386666,-0.95189850,0.17484228,0.77002152,-0.20514583,0.10637102,0.07726306,0,0,0,0,0
1858,386875,-0.92486779,0.11225338,0.81155621,-0.19622760,0.10111949,0.06446073,0,0,0,0,0
1859,387083,-0.90861290,0.04494798,0.86078502,-0.20516421,0.10773229,0.08834742,0,0,0,0,0
1860,387291,-0.86487313,-0.01383244,0.89998750,-0.19245892,0.09840343,0.10781461,0,0,0,0,0
1861,387500,-0.84485057,-0.07936568,0.91848013,-0.20606353,0.09500993,0.13232400,0,0,0,0,0
1862,387708,-0.80776614,-0.15011834,0.93568582,-0.18699420,0.06555499,0.13007293,0,0,0,0,0
1863,387916,-0.75206110,-0.21006640,0.96530961,-0.18034240,0.06355551,0.13286326,0,0,0,0,0
1864,388125,-0.70592400,-0.26271726,0.98897443,-0.18498456,0.05327264,0.14483320,0,0,0,0,0
1865,388333,-0.67137626,-0.33276943,1.00001797,-0.17533536,0.02900369,0.16582051,0,0,0,0,0
1866,388541,-0.61275708,-0.39006302,1.01004711,-0.16197861,0.02352524,0.14411123,0,0,0,0,0
1867,388750,-0.56612697,-0.45133154,1.01474464,-0.17246072,0.00448816,0.15164715,0,0,0,0,0
1868,388958,-0.50007488,-0.50208806,1.01963902,-0.15247207,-0.01598657,0.17372255,0,0,0,0,0
1869,389166,-0.43583263,-0.55877316,1.01668383,-0.15247394,-0.03099244,0.17580504,0,0,0,0,0
1870,389375,-0.38296925,-0.61732640,0.99668100,-0.15318023,-0.03408388,0.16801218,0,0,0,0,0
1871,389583,-0.31936434,-0.66565286,0.99491244,-0.13712682,-0.04815799,0.17219096,0,0,0,0,0
1872,389791,-0.24917049,-0.71640197,0.97491982,-0.12728309,-0.05778473,0.18684160,0,0,0,0,0
1873,390000,-0.19503028,-0.75167855,0.96098223,-0.12378594,-0.08006824,0.20735892,0,0,0,0,0
1874,390208,-0.12063543,-0.80060397,0.93487969,-0.10902023,-0.08169823,0.18507243,0,0,0,0,0
1875,390416,-0.06370053,-0.82247937,0.90110801,-0.09105616,-0.10615548,0.18961979,0,0,0,0,0
1876,390625,0.00770586,-0.85951405,0.87494744,-0.09028165,-0.11107316,0.20142929,0,0,0,0,0
1877,390833,0.06681994,-0.89584171,0.84157665,-0.07457840,-0.13593757,0.20087415,0,0,0,0,0
1878,391041,0.12847763,-0.92234602,0.79311334,-0.06512414,-0.14028370,0.19327130,0,0,0,0,0
1879,391250,0.19684049,-0.93941304,0.75779921,-0.06784127,-0.15295330,0.20261284,0,0,0,0,0
1880,391458,0.26536826,-0.97112210,0.70665986,-0.04418600,-0.16738830,0.20455438,0,0,0,0,0
1881,391666,0.32303953,-0.96604828,0.66147160,-0.03954047,-0.14817398,0.19105440,0,0,0,0,0
1882,391875,0.38566345,-0.98767776,0.60947393,-0.03462274,-0.17987473,0.20388725,0,0,0,0,0
1883,392083,0.43952398,-0.97315051,0.54939597,-0.00273694,-0.20336376,0.17421831,0,0,0,0,0
1884,392291,0.49003892,-0.97920373,0.49768758,-0.00845669,-0.17907502,0.14432297,0,0,0,0,0
1885,392500,0.56272298,-0.98403933,0.44318318,0.01538551,-0.19422024,0.16812459,0,0,0,0,0
1886,392708,0.60731940,-0.96864512,0.37422126,0.02391971,-0.19036087,0.15303132,0,0,0,0,0
1887,392916,0.66068848,-0.96438142,0.31136408,0.05386667,-0.18273050,0.13188880,0,0,0,0,0
1888,393125,0.71132217,-0.94800799,0.25628040,0.05028157,-0.20141406,0.13926683,0,0,0,0,0
1889,393333,0.74596861,-0.91640697,0.19698595,0.06814402,-0.20699984,0.12259349,0,0,0,0,0
1890,393541,0.79287357,-0.90549883,0.12199464,0.06632372,-0.20518895,0.12316407,0,0,0,0,0
1891,393750,0.82725312,-0.86863241,0.06716727,0.09405028,-0.20281970,0.09270050,0,0,0,0,0
1892,393958,0.86924281,-0.85320160,-0.00391650,0.10160310,-0.20956465,0.08513856,0,0,0,0,0
1893,394166,0.89256738,-0.81033515,-0.06333268,0.11115610,-0.22168152,0.08494593,0,0,0,0,0
1894,394375,0.91759256,-0.77153127,-0.13614896,0.12715931,-0.19016010,0.06556173,0,0,0,0,0
1895,394583,0.94261387,-0.73857645,-0.20107826,0.13200558,-0.21605883,0.06303459,0,0,0,0,0
1896,394791,0.95210191,-0.68041093,-0.26529866,0.16929795,-0.18817939,0.04592293,0,0,0,0,0
1897,395000,0.97486523,-0.63303894,-0.32626473,0.16249964,-0.19977972,0.02583421,0,0,0,0,0
1898,395208,0.98390946,-0.57795422,-0.38800175,0.18711291,-0.17342744,0.01410575,0,0,0,0,0
1899,395416,0.98205562,-0.52286158,-0.44266457,0.17633087,-0.18373765,0.01279491,0,0,0,0,0
1900,395625,0.98763917,-0.47957557,-0.50777885,0.18196421,-0.17307266,-0.00974581,0,0,0,0,0
1901,395833,0.98790441,-0.40773343,-0.56543422,0.20073841,-0.16428504,-0.01231512,0,0,0,0,0
1902,396041,0.98036639,-0.35682179,-0.61106553,0.20164280,-0.16583553,-0.05200685,0,0,0,0,0
1903,396250,0.97273623,-0.28944753,-0.66282980,0.20578689,-0.16536746,-0.03979021,0,0,0,0,0
1904,396458,0.94283198,-0.22438137,-0.70678497,0.20759281,-0.17585339,-0.06145007,0,0,0,0,0
1905,396666,0.93763833,-0.16679495,-0.75330689,0.20587044,-0.13525206,-0.09233179,0,0,0,0,0
1906,396875,0.90096078,-0.09612091,-0.79658771,0.22164569,-0.13210891,-0.09297285,0,0,0,0,0
1907,397083,0.88345606,-0.03770645,-0.83163112,0.19896954,-0.10129765,-0.08953065,0,0,0,0,0
1908,397291,0.84816354,0.03124394,-0.87303616,0.20263332,-0.10941485,-0.12061697,0,0,0,0,0
1909,397500,0.81479143,0.09728888,-0.90054973,0.20568006,-0.11037602,-0.13127878,0,0,0,0,0
1910,397708,0.77190985,0.15328486,-0.91933276,0.21146086,-0.07604053,-0.14805879,0,0,0,0,0
1911,397916,0.73747939,0.22336369,-0.94768670,0.19770628,-0.05865551,-0.14624647,0,0,0,0,0
1912,398125,0.68679300,0.29263575,-0.96401951,0.18891813,-0.05895787,-0.15714500,0,0,0,0,0
1913,398333,0.63986043,0.35294379,-0.97334121,0.19289933,-0.05693565,-0.16045643,0,0,0,0,0
1914,398541,0.59311578,0.41681357,-0.99186019,0.19238425,-0.02654712,-0.16811466,0,0,0,0,0
1915,398750,0.53178806,0.47005416,-0.99028910,0.18415195,-0.02749972,-0.14772159,0,0,0,0,0
1916,398958,0.47292397,0.52813399,-0.99301849,0.19456605,-0.00123890,-0.18006971,0,0,0,0,0
1917,399166,0.41419251,0.58340436,-0.98177335,0.17251391,-0.00612768,-0.17179502,0,0,0,0,0
1918,399375,0.35811679,0.63082980,-0.99020644,0.16221015,0.02703944,-0.19350221,0,0,0,0,0
1919,399583,0.30683003,0.68101716,-0.97712838,0.15814395,0.03660655,-0.17692822,0,0,0,0,0
1920,399791,0.23449100,0.73297358,-0.95990913,0.16701867,0.04940173,-0.20212781,0,0,0,0,0
1921,400000,0.17145260,0.77735844,-0.93298681,0.14988971,0.07449584,-0.18655647,0,1,0,0,0
1922,400208,0.10123793,0.81491497,-0.91789922,0.12054202,0.09035606,-0.19379905,0,1,0,0,0
1923,400416,0.03938915,0.86396142,-0.87839377,0.11957605,0.09977223,-0.20278573,0,1,0,0,0
1924,400625,-0.01537172,0.89077675,-0.86195412,0.11706597,0.12257632,-0.20724482,0,1,0,0,0
1925,400833,-0.09501285,0.91644128,-0.81214358,0.07996837,0.10433308,-0.21039956,0,1,0,0,0
1926,401041,-0.14642413,0.94375255,-0.78695989,0.07392724,0.12409578,-0.21804415,0,1,0,0,0
1927,401250,-0.21762406,0.96346485,-0.73870424,0.05426004,0.14944972,-0.19917826,0,1,0,0,0
1928,401458,-0.28085001,0.98351187,-0.69007000,0.06028940,0.13340410,-0.19031932,0,1,0,0,0
1929,401666,-0.34132420,0.99207157,-0.64349637,0.05899021,0.15762938,-0.20040013,0,1,0,0,0
1930,401875,-0.39997607,0.99987169,-0.60121950,0.01034656,0.15902933,-0.18236889,0,1,0,0,0
1931,402083,-0.45949851,1.00567571,-0.54091214,0.00487668,0.17206470,-0.19804233,0,1,0,0,0
1932,402291,-0.52286568,1.01319926,-0.48542221,0.02451287,0.17638347,-0.16862042,0,1,0,0,0
1933,402500,-0.56653420,1.00211202,-0.42398313,-0.01575066,0.16420573,-0.19786629,0,1,0,0,0
1934,402708,-0.61909567,0.99172847,-0.36822918,-0.01059734,0.17779076,-0.17450747,0,1,0,0,0
1935,402916,-0.66857200,0.97664467,-0.30605473,-0.01469738,0.17971322,-0.14711155,0,1,0,0,0
1936,403125,-0.71548375,0.95759461,-0.25900360,-0.06240757,0.18710799,-0.14696240,0,1,0,0,0
1937,403333,-0.75873297,0.94153892,-0.17412811,-0.05897151,0.19516914,-0.14342671,0,1,0,0,0
1938,403541,-0.80183443,0.92507017,-0.11598839,-0.07105385,0.18848696,-0.12406367,0,1,0,0,0
1939,403750,-0.83629409,0.89103448,-0.06618759,-0.08830060,0.20953054,-0.10476902,0,1,0,0,0
1940,403958,-0.87861600,0.86988639,0.01713232,-0.09628664,0.20259306,-0.10369805,0,1,0,0,0
1941,404166,-0.89762824,0.82556756,0.07320895,-0.10340592,0.17880658,-0.08392580,0,1,0,0,0
1942,404375,-0.91890913,0.79407023,0.14156562,-0.11947401,0.18749815,-0.07870774,0,1,0,0,0
1943,404583,-0.95731885,0.74283875,0.20551259,-0.12271988,0.19047604,-0.07276442,0,1,0,0,0
1944,404791,-0.96911359,0.69550622,0.27170434,-0.13872133,0.19774173,-0.05012678,0,1,0,0,0
1945,405000,-0.98517389,0.64149711,0.33167565,-0.16035959,0.18166987,-0.04599330,0,1,0,0,0
1946,405208,-0.99137071,0.59169573,0.38996322,-0.17592183,0.18150820,-0.00699010,0,1,0,0,0
1947,405416,-0.99371578,0.54866866,0.44520650,-0.17107989,0.18957595,-0.02262572,0,1,0,0,0
1948,405625,-0.98957785,0.49109637,0.50725113,-0.18816065,0.16469502,0.01315612,0,1,0,0,0
1949,405833,-0.98898147,0.42362352,0.56272142,-0.17863136,0.15560289,0.01224069,0,1,0,0,0
1950,406041,-0.98165743,0.36414634,0.60583517,-0.18715587,0.16503783,0.03208534,0,1,0,0,0
1951,406250,-0.97082644,0.30985173,0.66358722,-0.21765679,0.11961496,0.05966350,0,1,0,0,0
1952,406458,-0.96463664,0.24415933,0.71678074,-0.19202528,0.13130186,0.05203613,0,1,0,0,0
1953,406666,-0.92641708,0.16945987,0.76081282,-0.19456480,0.15010222,0.05928406,0,1,0,0,0
1954,406875,-0.90511545,0.10232327,0.79916558,-0.19999461,0.13292419,0.07774271,0,1,0,0,0
1955,407083,-0.87803906,0.03845517,0.83217493,-0.19818721,0.10908360,0.09853414,0,1,0,0,0
1956,407291,-0.84738722,-0.01519740,0.85734851,-0.19607622,0.09772329,0.08922202,0,1,0,0,0
1957,407500,-0.81189457,-0.07782719,0.89716170,-0.20086378,0.08974814,0.09479955,0,1,0,0,0
1958,407708,-0.77994892,-0.14599901,0.92626093,-0.17131724,0.08748002,0.11676129,0,1,0,0,0
1959,407916,-0.72727560,-0.21554362,0.94389774,-0.18030727,0.05135133,0.12781179,0,1,0,0,0
1960,408125,-0.68956383,-0.28145912,0.96242305,-0.19965696,0.06243638,0.11851627,0,1,0,0,0
1961,408333,-0.63511334,-0.34520500,0.97573974,-0.20955805,0.03399756,0.15073643,0,1,0,0,0
1962,408541,-0.58228823,-0.41609808,0.99197728,-0.17405469,0.02659021,0.13754220,0,1,0,0,0
1963,408750,-0.53436018,-0.45657385,0.98292260,-0.16486668,0.03540310,0.15750995,0,1,0,0,0
1964,408958,-0.47277756,-0.52189689,0.98031545,-0.15640756,0.00219777,0.16819005,0,1,0,0,0
1965,409166,-0.41083261,-0.58020413,0.98677957,-0.16408181,-0.01375290,0.18917436,0,1,0,0,0
1966,409375,-0.35666454,-0.62305497,0.97904461,-0.14894718,-0.02813496,0.17576530,0,1,0,0,0
1967,409583,-0.29740760,-0.66987769,0.96784203,-0.13086001,-0.05813699,0.19515612,0,1,0,0,0
1968,409791,-0.23244398,-0.72037810,0.94712046,-0.13343824,-0.06638190,0.17881939,0,1,0,0,0
1969,410000,-0.16285763,-0.77149612,0.93526489,-0.13193832,-0.05819999,0.16236418,0,1,0,0,0
1970,410208,-0.09280991,-0.80632981,0.90366620,-0.11410628,-0.08851560,0.19741605,0,1,0,0,0
1971,410416,-0.04075549,-0.84577316,0.87620833,-0.10507804,-0.10416748,0.18287563,0,1,0,0,0
1972,410625,0.02082783,-0.87511251,0.84075636,-0.06907089,-0.08322599,0.20353565,0,1,0,0,0
1973,410833,0.09278676,-0.91017547,0.80425520,-0.09636823,-0.11614275,0.18757520,0,1,0,0,0
1974,411041,0.15655009,-0.93377028,0.75668640,-0.06933455,-0.11862242,0.19029151,0,1,0,0,0
1975,411250,0.23135505,-0.96457890,0.72773744,-0.06299998,-0.16560381,0.19313935,0,1,0,0,0
1976,411458,0.28925286,-0.98205846,0.68081097,-0.03276284,-0.13866061,0.19931674,0,1,0,0,0
1977,411666,0.35355438,-0.98817873,0.63954775,-0.04351829,-0.15772216,0.18149249,0,1,0,0,0
1978,411875,0.41268110,-1.00028523,0.57592214,-0.02351790,-0.16881773,0.18398844,0,1,0,0,0
1979,412083,0.47271026,-1.01273095,0.53549465,-0.01786011,-0.16562079,0.18913626,0,1,0,0,0
1980,412291,0.52796160,-1.00611149,0.47849859,-0.00469738,-0.16881328,0.18562514,0,1,0,0,0
1981,412500,0.57690364,-1.00077525,0.41187935,0.00831664,-0.19002498,0.14905130,0,1,0,0,0
1982,412708,0.63291002,-1.00323248,0.34443703,0.03181124,-0.17821964,0.16197542,0,1,0,0,0
1983,412916,0.67843448,-0.98980896,0.28381838,0.02929551,-0.19674138,0.13578486,0,1,0,0,0
1984,413125,0.72525342,-0.97045111,0.22214141,0.04440461,-0.17363188,0.14407219,0,1,0,0,0
1985,413333,0.77074648,-0.94912584,0.16044313,0.05024430,-0.19391409,0.13306665,0,1,0,0,0
1986,413541,0.81801406,-0.92745443,0.09709275,0.07582603,-0.17477848,0.09537777,0,1,0,0,0
1987,413750,0.86055999,-0.89042547,0.04200917,0.07979449,-0.18233578,0.10870695,0,1,0,0,0
1988,413958,0.89140337,-0.86554642,-0.02782270,0.08750681,-0.19872267,0.10110724,0,1,0,0,0
1989,414166,0.90955203,-0.83265788,-0.09906874,0.09268583,-0.18696511,0.07679167,0,1,0,0,0
1990,414375,0.94331757,-0.79202952,-0.15914732,0.11254627,-0.18475963,0.06671666,0,1,0,0,0
1991,414583,0.96000689,-0.74902225,-0.23154655,0.11170359,-0.17285666,0.07095692,0,1,0,0,0
1992,414791,0.97821045,-0.71813095,-0.28110571,0.13693167,-0.17061889,0.06008504,0,1,0,0,0
1993,415000,0.99620934,-0.65442851,-0.33609702,0.14284396,-0.19114684,0.04376300,0,1,0,0,0
1994,415208,1.00503264,-0.61709054,-0.41159604,0.17496108,-0.16828710,0.01770641,0,1,0,0,0
1995,415416,1.00689463,-0.55100341,-0.46659811,0.19077769,-0.16812171,0.02113330,0,1,0,0,0
1996,415625,1.01448572,-0.49695815,-0.52569724,0.16447107,-0.16116211,-0.00469007,0,1,0,0,0
1997,415833,1.01500737,-0.43869531,-0.57544136,0.17289086,-0.16980588,-0.01839647,0,1,0,0,0
1998,416041,1.01162339,-0.39237641,-0.63403247,0.19233943,-0.15696139,-0.02254172,0,1,0,0,0
1999,416250,0.98376893,-0.31192141,-0.68226651,0.18553945,-0.13121929,-0.04083389,0,1,0,0,0
2000,416458,0.98187815,-0.24727923,-0.73876639,0.19704484,-0.14378453,-0.05266421,0,1,0,0,0
2001,416666,0.95674623,-0.19200511,-0.78397360,0.20103298,-0.11920979,-0.05654126,0,1,0,0,0
2002,416875,0.92809274,-0.12985613,-0.81580354,0.20709636,-0.11554775,-0.07222753,0,1,0,0,0
2003,417083,0.89711398,-0.05871678,-0.85239482,0.17299569,-0.09252876,-0.08113903,0,1,0,0,0
2004,417291,0.85819662,0.00229130,-0.88683690,0.17279129,-0.10070910,-0.10509123,0,1,0,0,0
2005,417500,0.83348171,0.07294493,-0.90867851,0.17817385,-0.07427962,-0.12505352,0,1,0,0,0
2006,417708,0.79665721,0.12851992,-0.93146017,0.16335982,-0.04987229,-0.10847536,0,1,0,0,0
2007,417916,0.75048434,0.19493256,-0.95776438,0.18762157,-0.04940413,-0.13299144,0,1,0,0,0
2008,418125,0.70373469,0.26058402,-0.98111324,0.18359825,-0.04790573,-0.13934142,0,1,0,0,0
2009,418333,0.65442461,0.32569176,-0.99357436,0.16683568,-0.02629176,-0.14700227,0,1,0,0,0
2010,418541,0.60017971,0.39066665,-1.01364721,0.16487591,-0.02858689,-0.12819559,0,1,0,0,0
2011,418750,0.55427862,0.45000173,-1.00696352,0.16318060,-0.00943310,-0.16615009,0,1,0,0,0
2012,418958,0.49755168,0.51034234,-1.00760217,0.14178510,0.00748840,-0.15845168,0,1,0,0,0
2013,419166,0.43408198,0.56346436,-1.00104736,0.15166774,0.02261749,-0.15320465,0,1,0,0,0
2014,419375,0.38156319,0.61519475,-0.99477426,0.14509880,0.03682471,-0.17068575,0,1,0,0,0
2015,419583,0.31376325,0.65720026,-0.97390284,0.13694901,0.04279856,-0.17210384,0,1,0,0,0
2016,419791,0.25102036,0.69576618,-0.96136569,0.13301224,0.06787821,-0.17700639,0,1,0,0,0
2017,420000,0.18782727,0.74864175,-0.95008513,0.11671435,0.06906721,-0.18255908,0,1,0,0,0
2018,420208,0.12258956,0.79272508,-0.91825964,0.11757181,0.08157850,-0.18346387,0,1,0,0,0
2019,420416,0.06284388,0.83090012,-0.89555631,0.09246389,0.09566367,-0.18003977,0,1,0,0,0
2020,420625,-0.02185997,0.87068052,-0.86066436,0.06837405,0.10181659,-0.18720300,0,1,0,0,0
2021,420833,-0.08394051,0.89331527,-0.83129250,0.06976509,0.11695132,-0.20779607,0,1,0,0,0
2022,421041,-0.14306533,0.91952058,-0.79190711,0.06512922,0.14973437,-0.18649688,0,1,0,0,0
2023,421250,-0.21297715,0.94122075,-0.73796222,0.05529103,0.14481972,-0.18591208,0,1,0,0,0
2024,421458,-0.27043471,0.95633956,-0.69674460,0.05508107,0.15004161,-0.18589177,0,1,0,0,0
2025,421666,-0.34336994,0.97733261,-0.64839470,0.05068041,0.14978471,-0.18093878,0,1,0,0,0
2026,421875,-0.39569009,0.97702789,-0.59789032,0.02309699,0.16152725,-0.18008352,0,1,0,0,0
2027,422083,-0.45743235,0.98346105,-0.53339285,0.01815609,0.17332405,-0.18230747,0,1,0,0,0
2028,422291,-0.51475280,0.98736857,-0.49193299,0.00824435,0.17431727,-0.18177093,0,1,0,0,0
2029,422500,-0.56630948,0.98344757,-0.42313362,-0.02402220,0.17746638,-0.16413557,0,1,0,0,0
2030,422708,-0.62764541,0.97474613,-0.36994321,-0.02232047,0.20623720,-0.14982032,0,1,0,0,0
2031,422916,-0.66789416,0.97134782,-0.31360812,-0.04815334,0.20256558,-0.13788956,0,1,0,0,0
2032,423125,-0.71363588,0.95314800,-0.23340731,-0.04544533,0.19198889,-0.11643384,0,1,0,0,0
2033,423333,-0.75794758,0.93681701,-0.18074694,-0.06262670,0.19523427,-0.11968162,0,1,0,0,0
2034,423541,-0.79477633,0.91364074,-0.11035791,-0.09885610,0.20405365,-0.11384544,0,1,0,0,0
2035,423750,-0.85359553,0.87296400,-0.05555699,-0.09727331,0.19476278,-0.09818492,0,1,0,0,0
2036,423958,-0.86665655,0.84627340,0.01784154,-0.10767766,0.23161223,-0.08018788,0,1,0,0,0
2037,424166,-0.90294675,0.81555279,0.07709376,-0.10771675,0.19900593,-0.09476904,0,1,0,0,0
2038,424375,-0.93133188,0.77797148,0.13727403,-0.13038704,0.20223830,-0.06789512,0,1,0,0,0
2039,424583,-0.94969023,0.72953375,0.21105241,-0.11698270,0.18484423,-0.04897588,0,1,0,0,0
2040,424791,-0.96981629,0.69075102,0.28310522,-0.14488737,0.20188130,-0.05052672,0,1,0,0,0
2041,425000,-0.98945977,0.64102460,0.34045489,-0.17706794,0.18904377,-0.03517741,0,1,0,0,0
2042,425208,-1.00609940,0.58597351,0.39646735,-0.16734032,0.18600898,-0.00797411,0,1,0,0,0
2043,425416,-0.99971595,0.53680268,0.45654527,-0.17767705,0.17703727,0.00116734,0,1,0,0,0
2044,425625,-0.99955553,0.47814914,0.51762363,-0.18705256,0.17090692,0.00394204,0,1,0,0,0
2045,425833,-0.99960811,0.42004234,0.57598504,-0.17559925,0.15337571,0.03460297,0,1,0,0,0
2046,426041,-0.99340054,0.36328389,0.62827198,-0.19175541,0.16012219,0.04030961,0,1,0,0,0
2047,426250,-0.97389906,0.29309037,0.67361696,-0.19209022,0.13590475,0.04543599,0,1,0,0,0
2048,426458,-0.96768042,0.24271464,0.73363872,-0.20998501,0.13541368,0.05579657,0,1,0,0,0
2049,426666,-0.94512291,0.17158223,0.77306363,-0.19643676,0.13200404,0.08660669,0,1,0,0,0
2050,426875,-0.91874356,0.10146009,0.80740678,-0.20405144,0.10963451,0.07636663,0,1,0,0,0
2051,427083,-0.88911585,0.03630398,0.84693869,-0.19776553,0.12178629,0.10559843,0,1,0,0,0
2052,427291,-0.86416560,-0.01771757,0.88342774,-0.19825453,0.09954636,0.09853838,0,1,0,0,0
2053,427500,-0.83154550,-0.08820848,0.91042307,-0.19761994,0.10373835,0.12789951,0,1,0,0,0
2054,427708,-0.78552498,-0.14989664,0.93100956,-0.19117619,0.08608753,0.11691762,0,1,0,0,0
2055,427916,-0.74676315,-0.21597099,0.96806407,-0.18691199,0.07542384,0.14846440,0,1,0,0,0
2056,428125,-0.70703608,-0.28534011,0.98713438,-0.18663611,0.07024512,0.13156795,0,1,0,0,0
2057,428333,-0.65764918,-0.33548451,0.99116490,-0.18808337,0.06257904,0.13558261,0,1,0,0,0
2058,428541,-0.60557026,-0.40084300,1.00317005,-0.16354495,0.03518824,0.16850392,0,1,0,0,0
2059,428750,-0.54232990,-0.46750057,1.00733529,-0.17161443,0.02149977,0.17533086,0,1,0,0,0
2060,428958,-0.49903136,-0.50715144,1.01474747,-0.17467533,-0.02231376,0.16676969,0,1,0,0,0
2061,429166,-0.43073262,-0.57161481,1.00214144,-0.15288740,0.01098351,0.17633947,0,1,0,0,0
2062,429375,-0.37982364,-0.62416597,0.99316530,-0.16448974,-0.02914186,0.19065117,0,1,0,0,0
2063,429583,-0.31578453,-0.68390171,0.98810764,-0.15618224,-0.04226482,0.18680228,0,1,0,0,0
2064,429791,-0.25070337,-0.72218769,0.96682082,-0.14088827,-0.07888993,0.17930175,0,1,0,0,0
2065,430000,-0.18589302,-0.76006806,0.94021982,-0.13127929,-0.05513938,0.20473511,0,1,0,0,0
2066,430208,-0.12090842,-0.80503063,0.92348440,-0.11768155,-0.08365099,0.19915969,0,1,0,0,0
2067,430416,-0.05093721,-0.84577249,0.88775023,-0.10997559,-0.07881123,0.19077344,0,1,0,0,0
2068,430625,0.00861805,-0.86965315,0.85780789,-0.10284566,-0.11125877,0.19567014,0,1,0,0,0
2069,430833,0.06777765,-0.90664102,0.82858206,-0.06433561,-0.11607242,0.20163899,0,1,0,0,0
2070,431041,0.14388771,-0.92436282,0.78995743,-0.07318227,-0.14909152,0.21189119,0,1,0,0,0
2071,431250,0.21671889,-0.94678039,0.75429656,-0.05132877,-0.14475837,0.21750215,0,1,0,0,0
2072,431458,0.27427108,-0.96204286,0.70074631,-0.04358877,-0.14797050,0.21136032,0,1,0,0,0
2073,431666,0.33621873,-0.97826963,0.66203153,-0.02868147,-0.15635924,0.19698551,0,1,0,0,0
2074,431875,0.39807302,-0.99138695,0.60250585,-0.00325219,-0.17018357,0.19303606,0,1,0,0,0
2075,432083,0.44764433,-0.99838924,0.54648785,-0.01149443,-0.17828928,0.17668835,0,1,0,0,0
2076,432291,0.50712722,-1.00344996,0.49716070,0.00685346,-0.18024911,0.16814898,0,1,0,0,0
2077,432500,0.56185166,-0.99521418,0.43444160,0.02475544,-0.18309096,0.15474812,0,1,0,0,0
2078,432708,0.61440617,-0.98618908,0.37696815,0.03081535,-0.17414307,0.16298562,0,1,0,0,0
2079,432916,0.66222574,-0.96264667,0.31650080,0.06314111,-0.16867906,0.16496558,0,1,0,0,0
2080,433125,0.70788187,-0.93897663,0.25692020,0.04841569,-0.20093647,0.12705133,0,1,0,0,0
2081,433333,0.75036549,-0.93701352,0.18929905,0.07484019,-0.19355993,0.14604754,0,1,0,0,0
2082,433541,0.79561594,-0.91109050,0.11759660,0.06684039,-0.20368738,0.12281078,0,1,0,0,0
2083,433750,0.83628084,-0.87832258,0.05633080,0.09460354,-0.20075045,0.10774714,0,1,0,0,0
2084,433958,0.86947273,-0.84328301,-0.00910052,0.09584323,-0.19787225,0.09105362,0,1,0,0,0
2085,434166,0.89070019,-0.81721051,-0.07386743,0.10679367,-0.19729703,0.07434533,0,1,0,0,0
2086,434375,0.91455834,-0.77767645,-0.12961828,0.13854965,-0.19545580,0.08076681,0,1,0,0,0
2087,434583,0.94046723,-0.74387970,-0.19941709,0.14312295,-0.19179752,0.06434007,0,1,0,0,0
2088,434791,0.95705202,-0.69472958,-0.25918713,0.15543918,-0.19814265,0.05217066,0,1,0,0,0
2089,435000,0.96969992,-0.63879322,-0.32809273,0.15962322,-0.18781810,0.02764630,0,1,0,0,0
2090,435208,0.98369481,-0.59278179,-0.38820990,0.15273789,-0.19513641,0.02034997,0,1,0,0,0
2091,435416,0.98774285,-0.53737031,-0.44244938,0.18453619,-0.18855396,0.01333273,0,1,0,0,0
2092,435625,0.99185809,-0.47733744,-0.50046808,0.18092638,-0.18638370,-0.01459634,0,1,0,0,0
2093,435833,0.99096487,-0.42210977,-0.56152597,0.18045019,-0.16317567,-0.03210431,0,1,0,0,0
2094,436041,0.98001896,-0.35089612,-0.61249712,0.18846433,-0.17101348,-0.02505251,0,1,0,0,0
2095,436250,0.97318590,-0.29660844,-0.66279469,0.19476348,-0.14228928,-0.05535169,0,1,0,0,0
2096,436458,0.95262229,-0.23593436,-0.71130108,0.22469209,-0.13935870,-0.05726877,0,1,0,0,0
2097,436666,0.93158130,-0.17081277,-0.75160755,0.21183278,-0.12517246,-0.07943758,0,1,0,0,0
2098,436875,0.90806337,-0.10594595,-0.79516637,0.21384831,-0.11140895,-0.08160896,0,1,0,0,0
2099,437083,0.87512229,-0.03617600,-0.82963104,0.20517301,-0.12021631,-0.10464645,0,1,0,0,0
2100,437291,0.85129973,0.03006738,-0.87054648,0.20974890,-0.09437196,-0.10787889,0,1,0,0,0
2101,437500,0.81987048,0.08848620,-0.89526331,0.22566155,-0.10393627,-0.10614222,0,1,0,0,0
2102,437708,0.77149835,0.16324414,-0.92433067,0.18579655,-0.09206397,-0.14334387,0,1,0,0,0
2103,437916,0.73986413,0.21704716,-0.95316275,0.20007466,-0.06870884,-0.12976849,0,1,0,0,0
2104,438125,0.68682825,0.28436030,-0.97410160,0.19511019,-0.05348068,-0.15592051,0,1,0,0,0
2105,438333,0.64115266,0.35459138,-0.97800144,0.18842880,-0.05336846,-0.15987221,0,1,0,0,0
2106,438541,0.59014890,0.40474490,-0.99546657,0.19356372,-0.03261461,-0.13948226,0,1,0,0,0
2107,438750,0.53227200,0.46492074,-0.98886031,0.17256731,-0.01290135,-0.16556508,0,1,0,0,0
2108,438958,0.48253660,0.53124086,-0.98304597,0.17782950,-0.01169389,-0.16911409,0,1,0,0,0
2109,439166,0.42520185,0.58583241,-0.98815185,0.17015328,0.00566177,-0.17229214,0,1,0,0,0
2110,439375,0.34524829,0.62866277,-0.98336602,0.16015126,0.04598792,-0.17330645,0,1,0,0,0
2111,439583,0.29611746,0.68147713,-0.96060844,0.12704425,0.03725887,-0.18510788,0,1,0,0,0
2112,439791,0.24205627,0.73201502,-0.94522578,0.16009983,0.03614777,-0.20227499,0,1,0,0,0
2113,440000,0.16993432,0.77469714,-0.93003390,0.13138880,0.09651096,-0.18933741,0,1,0,0,0
2114,440208,0.10114201,0.80976694,-0.90578929,0.12881898,0.09643375,-0.20257221,0,1,0,0,0
2115,440416,0.03541958,0.84715999,-0.87494674,0.09776428,0.10117666,-0.20061564,0,1,0,0,0
2116,440625,-0.02444175,0.88102860,-0.84852093,0.08900677,0.10215023,-0.21350010,0,1,0,0,0
2117,440833,-0.08674136,0.91261624,-0.81568112,0.07259140,0.11670270,-0.19526019,0,1,0,0,0
2118,441041,-0.15752182,0.94198277,-0.77382668,0.07888238,0.10971998,-0.19458304,0,1,0,0,0
2119,441250,-0.22292408,0.95950742,-0.72951094,0.03674525,0.15419161,-0.20649391,0,1,0,0,0
2120,441458,-0.28229113,0.97672201,-0.68578151,0.05144991,0.13116147,-0.21141603,0,1,0,0,0
2121,441666,-0.34696807,0.99247582,-0.63765195,0.04254990,0.13856188,-0.18449806,0,1,0,0,0
2122,441875,-0.40363342,1.00693693,-0.58812675,0.03897076,0.16745746,-0.19304637,0,1,0,0,0
2123,442083,-0.46399494,1.00934590,-0.53302954,0.02257369,0.15752493,-0.18538563,0,1,0,0,0
2124,442291,-0.51440430,1.00578123,-0.47792707,0.00245930,0.17326910,-0.18676835,0,1,0,0,0
2125,442500,-0.57829079,0.99541888,-0.42624415,-0.00062986,0.18141818,-0.16602489,0,1,0,0,0
2126,442708,-0.63140067,1.00792948,-0.36192238,-0.01672036,0.18034972,-0.15844109,0,1,0,0,0
2127,442916,-0.67794709,0.99221603,-0.29534907,-0.04404064,0.18815759,-0.17332950,0,1,0,0,0
2128,443125,-0.72778200,0.96985124,-0.23664534,-0.03574791,0.18931659,-0.14305859,0,1,0,0,0
2129,443333,-0.75827678,0.95032639,-0.17866421,-0.06545104,0.18869800,-0.13172299,0,1,0,0,0
2130,443541,-0.80409484,0.92460819,-0.10683398,-0.05392422,0.20243524,-0.11499204,0,1,0,0,0
2131,443750,-0.84606027,0.90409031,-0.05117690,-0.06519453,0.20865553,-0.13017815,0,1,0,0,0
2132,443958,-0.86889286,0.86576888,0.02243059,-0.10422172,0.19196552,-0.09615385,0,1,0,0,0
2133,444166,-0.90699808,0.83109616,0.08286525,-0.10192192,0.19076405,-0.07363440,0,1,0,0,0
2134,444375,-0.93185584,0.79343821,0.14748773,-0.10919397,0.17898943,-0.07839556,0,1,0,0,0
2135,444583,-0.96101344,0.75535015,0.20956618,-0.12039355,0.20845199,-0.06222972,0,1,0,0,0
2136,444791,-0.98019681,0.70641082,0.27038301,-0.14220268,0.18565214,-0.04411155,0,1,0,0,0
2137,445000,-0.98575624,0.65793584,0.34376810,-0.14330932,0.19485430,-0.02808869,0,1,0,0,0
2138,445208,-1.00169700,0.60528923,0.38911357,-0.14941405,0.17691727,-0.03524860,0,1,0,0,0
2139,445416,-1.00906162,0.55241897,0.45321248,-0.18219786,0.16930301,-0.02684343,0,1,0,0,0
2140,445625,-0.99709267,0.49505739,0.51316965,-0.16429747,0.16499281,-0.00296865,0,1,0,0,0
2141,445833,-1.00088820,0.43227948,0.57232112,-0.19145612,0.15672659,0.01232742,0,1,0,0,0
2142,446041,-0.99366937,0.36631131,0.62408860,-0.19997713,0.14260802,0.02084899,0,1,0,0,0
2143,446250,-0.97737052,0.30799047,0.67802699,-0.18924066,0.15370907,0.03458031,0,1,0,0,0
2144,446458,-0.96998115,0.24766951,0.71409895,-0.18554633,0.10767926,0.02886048,0,1,0,0,0
2145,446666,-0.94442701,0.18641867,0.75851083,-0.21676724,0.11126568,0.07373401,0,1,0,0,0
2146,446875,-0.92531901,0.11948093,0.79962875,-0.20267633,0.12905647,0.07480262,0,1,0,0,0
2147,447083,-0.89454013,0.05657338,0.84608807,-0.19026326,0.11694347,0.07713774,0,1,0,0,0
2148,447291,-0.84843671,-0.02232442,0.86751085,-0.20039648,0.10751070,0.11183058,0,1,0,0,0
2149,447500,-0.82131267,-0.07301628,0.91624710,-0.19679125,0.08315267,0.10042176,0,1,0,0,0
2150,447708,-0.78561957,-0.14470411,0.91938360,-0.19417535,0.05967033,0.10424834,0,1,0,0,0
2151,447916,-0.74692318,-0.21335193,0.94903914,-0.18656107,0.04594002,0.13824605,0,1,0,0,0
2152,448125,-0.68944221,-0.27410390,0.96827819,-0.17135019,0.04955217,0.14461118,0,1,0,0,0
2153,448333,-0.64540939,-0.33124453,0.98197768,-0.18303519,0.02827899,0.13945157,0,1,0,0,0
2154,448541,-0.59024415,-0.39480334,0.99325049,-0.17294456,0.03448893,0.12610747,0,1,0,0,0
2155,448750,-0.53918160,-0.45285766,0.99969719,-0.16851969,0.00667840,0.17367679,0,1,0,0,0
2156,448958,-0.48831196,-0.50915752,0.99676346,-0.15286178,-0.00238731,0.15856532,0,1,0,0,0
2157,449166,-0.42598262,-0.56838410,0.99093121,-0.18352879,-0.01955790,0.16347849,0,1,0,0,0
2158,449375,-0.36460836,-0.62928855,0.97070898,-0.15026639,-0.03516134,0.17816188,0,1,0,0,0
2159,449583,-0.30138902,-0.66726081,0.96631222,-0.12503109,-0.04208334,0.19363585,0,1,0,0,0
2160,449791,-0.23686393,-0.71136725,0.96370917,-0.14386632,-0.05071211,0.18977660,0,1,0,0,0
