1,0,-0.79609529,-0.14037313,0.92555742,-0.20442781,0.07422500,0.13713681,0,0,0,0,0
2,208,-0.73905708,-0.21353431,0.95724618,-0.18903738,0.06016797,0.12699933,0,0,0,0,0
3,416,-0.69727631,-0.28410420,0.96894580,-0.18933108,0.05868985,0.12838624,0,0,0,0,0
4,625,-0.64659839,-0.34719319,0.98845069,-0.18683382,0.05330399,0.15160561,0,0,0,0,0
5,833,-0.59447471,-0.39781330,0.99494774,-0.18298781,0.01495320,0.16026709,0,0,0,0,0
6,1041,-0.54182404,-0.44385045,0.99232876,-0.18526301,0.00894760,0.16507763,0,0,0,0,0
7,1250,-0.48558586,-0.51418241,1.00409898,-0.15496570,0.00828721,0.16394331,0,0,0,0,0
8,1458,-0.42594402,-0.55997355,1.00122188,-0.16303698,0.00676880,0.17974414,0,0,0,0,0
9,1666,-0.37132771,-0.62334318,0.98708430,-0.15625372,-0.01834125,0.17723145,0,0,0,0,0
10,1875,-0.29972227,-0.66586847,0.97049413,-0.14945482,-0.04130193,0.18212937,0,0,0,0,0
11,2083,-0.24247199,-0.71979751,0.96118779,-0.15260621,-0.04594421,0.18640330,0,0,0,0,0
12,2291,-0.18530262,-0.76756023,0.93899128,-0.11737209,-0.06926586,0.17794132,0,0,0,0,0
13,2500,-0.11508115,-0.80134613,0.91748248,-0.11206373,-0.06913318,0.19622547,0,0,0,0,0
14,2708,-0.05672496,-0.83771219,0.89635543,-0.08677247,-0.09280745,0.20427264,0,0,0,0,0
15,2916,0.01801147,-0.87145152,0.86375537,-0.08880890,-0.10708115,0.18844990,0,0,0,0,0
16,3125,0.07439673,-0.89721975,0.82716596,-0.07693278,-0.10982843,0.21083996,0,0,0,0,0
17,3333,0.14380285,-0.92614012,0.78691401,-0.07755744,-0.12975135,0.18834919,0,0,0,0,0
18,3541,0.20765454,-0.94464771,0.74119735,-0.05675595,-0.12270622,0.19373241,0,0,0,0,0
19,3750,0.27686687,-0.96288968,0.70268153,-0.04152556,-0.13094932,0.18347163,0,0,0,0,0
20,3958,0.33131999,-0.98355240,0.64382854,-0.05426234,-0.14955265,0.17314114,0,0,0,0,0
21,4166,0.39828873,-1.00225290,0.59381897,-0.00397509,-0.15471662,0.17682373,0,0,0,0,0
22,4375,0.44865839,-1.00098961,0.54601088,-0.00441470,-0.16513710,0.16935153,0,0,0,0,0
23,4583,0.51798703,-0.99754309,0.49840969,0.01550623,-0.18813304,0.16919033,0,0,0,0,0
24,4791,0.56758857,-0.99633849,0.42876049,0.02737075,-0.17281417,0.16658843,0,0,0,0,0
25,5000,0.61841227,-0.98096837,0.37526310,0.01906893,-0.20367945,0.17588828,0,0,0,0,0
26,5208,0.67138287,-0.97140667,0.30282930,0.03380954,-0.17894469,0.15141997,0,0,0,0,0
27,5416,0.71883290,-0.95907451,0.24675567,0.05220267,-0.19665184,0.14088923,0,0,0,0,0
28,5625,0.75892273,-0.94103070,0.18480723,0.06274797,-0.20731537,0.12798868,0,0,0,0,0
29,5833,0.81008634,-0.91995621,0.12110481,0.08090031,-0.19867024,0.10610132,0,0,0,0,0
30,6041,0.84464553,-0.88686435,0.05042884,0.09930305,-0.19064569,0.11318605,0,0,0,0,0
31,6250,0.86486029,-0.85921104,-0.01679464,0.08399841,-0.18834655,0.09202745,0,0,0,0,0
32,6458,0.90329987,-0.82929561,-0.08469878,0.10880256,-0.18793342,0.08746976,0,0,0,0,0
33,6666,0.92771704,-0.77911370,-0.14501947,0.13193321,-0.20481153,0.07138201,0,0,0,0,0
34,6875,0.93746581,-0.75242697,-0.20031357,0.11663928,-0.20444274,0.03520499,0,0,0,0,0
35,7083,0.96990283,-0.70089184,-0.27374405,0.14844614,-0.19432196,0.04701527,0,0,0,0,0
36,7291,0.97920223,-0.65106567,-0.32224041,0.16240864,-0.18829261,0.03311524,0,0,0,0,0
37,7500,0.99216033,-0.60259040,-0.39550491,0.15025264,-0.18253663,0.03036438,0,0,0,0,0
38,7708,1.00022228,-0.54872349,-0.45063877,0.17093679,-0.19063728,0.01926326,0,0,0,0,0
39,7916,1.00333080,-0.48712441,-0.50118378,0.18199591,-0.17025566,0.00243608,0,0,0,0,0
40,8125,0.99822008,-0.43215760,-0.56646929,0.18602634,-0.15689929,-0.02030436,0,0,0,0,0
41,8333,0.97826364,-0.36719600,-0.61031576,0.19409102,-0.16027203,-0.02413184,0,0,0,0,0
42,8541,0.97777753,-0.30752743,-0.66940579,0.19487746,-0.14706090,-0.04596230,0,0,0,0,0
43,8750,0.95328559,-0.24462180,-0.71786132,0.19768217,-0.12748867,-0.05309151,0,0,0,0,0
44,8958,0.93693437,-0.17786438,-0.76031906,0.20012197,-0.14233615,-0.05475867,0,0,0,0,0
45,9166,0.92791027,-0.12094447,-0.80933462,0.20947711,-0.11540151,-0.07615929,0,0,0,0,0
46,9375,0.89114939,-0.06085501,-0.84357652,0.19462306,-0.12713006,-0.07000541,0,0,0,0,0
47,9583,0.84999001,0.01824971,-0.87835593,0.20800288,-0.11041058,-0.09254759,0,0,0,0,0
48,9791,0.82258055,0.07904485,-0.90321095,0.18697524,-0.06986381,-0.12235934,0,0,0,0,0
49,10000,0.79550587,0.14742259,-0.92650843,0.18462650,-0.08252575,-0.12774818,0,0,0,0,0
50,10208,0.73973995,0.19594545,-0.95451686,0.17059922,-0.06114202,-0.13854596,0,0,0,0,0
51,10416,0.68697741,0.26986124,-0.95739666,0.18760888,-0.06555176,-0.14699846,0,0,0,0,0
52,10625,0.64827823,0.33417908,-0.99173805,0.18007637,-0.04098293,-0.15033081,0,0,0,0,0
53,10833,0.60866986,0.39663697,-0.99960713,0.18265538,-0.02103327,-0.17254192,0,0,0,0,0
54,11041,0.54169570,0.46018433,-0.99538283,0.18037723,-0.00478832,-0.17309375,0,0,0,0,0
55,11250,0.49581668,0.50903925,-1.00198942,0.16531951,0.00706073,-0.18102447,0,0,0,0,0
56,11458,0.42984594,0.55667774,-1.00711707,0.17346228,0.01302485,-0.18403037,0,0,0,0,0
57,11666,0.38215674,0.61502390,-0.98726365,0.16250503,0.03655386,-0.17093791,0,0,0,0,0
58,11875,0.30767174,0.66792164,-0.97616904,0.13707853,0.04401888,-0.19658783,0,0,0,0,0
59,12083,0.24451275,0.71871417,-0.96093633,0.11876258,0.03835842,-0.20576229,0,0,0,0,0
60,12291,0.18473097,0.76241720,-0.94226741,0.12856997,0.06514563,-0.18533864,0,0,0,0,0
61,12500,0.11370300,0.79557977,-0.91813555,0.10855707,0.06972699,-0.19509551,0,0,0,0,0
62,12708,0.04960731,0.84376043,-0.88175949,0.11782042,0.08124936,-0.18339172,0,0,0,0,0
63,12916,-0.01464792,0.86484919,-0.85323281,0.10175248,0.10324291,-0.20724699,0,0,0,0,0
64,13125,-0.07089788,0.91509574,-0.81931661,0.07884093,0.10472760,-0.19829587,0,0,0,0,0
65,13333,-0.15394998,0.92775264,-0.77868440,0.07605813,0.13005283,-0.19476773,0,0,0,0,0
66,13541,-0.21504441,0.94519169,-0.74229709,0.06163438,0.14111126,-0.18784077,0,0,0,0,0
67,13750,-0.26471148,0.96705006,-0.69492964,0.05783153,0.11875146,-0.17923016,0,0,0,0,0
68,13958,-0.33477283,0.97837561,-0.66411038,0.02756365,0.16276509,-0.19327411,0,0,0,0,0
69,14166,-0.40151551,0.98854059,-0.58444615,0.04878572,0.16049274,-0.18482728,0,0,0,0,0
70,14375,-0.45273964,1.00238694,-0.54329158,0.01501253,0.17289633,-0.18941451,0,0,0,0,0
71,14583,-0.51309561,1.00521662,-0.48165663,-0.00162906,0.18479210,-0.17455881,0,0,0,0,0
72,14791,-0.57069441,0.99511175,-0.42497297,-0.01070413,0.16922911,-0.12732707,0,0,0,0,0
73,15000,-0.62507500,0.98860543,-0.36565333,-0.03313069,0.18678810,-0.16129159,0,0,0,0,0
74,15208,-0.67219423,0.97184463,-0.30975545,-0.04276244,0.19731969,-0.15236451,0,0,0,0,0
75,15416,-0.72853084,0.96752213,-0.23880550,-0.06325594,0.19572398,-0.12715467,0,0,0,0,0
76,15625,-0.76416227,0.93965625,-0.17739508,-0.05584363,0.21353139,-0.12194331,0,0,0,0,0
77,15833,-0.79695110,0.92326292,-0.12258950,-0.07974915,0.19080687,-0.12727378,0,0,0,0,0
78,16041,-0.83606482,0.89155811,-0.05075675,-0.09004850,0.20028224,-0.10649708,0,0,0,0,0
79,16250,-0.87515596,0.85637726,0.01436979,-0.10349257,0.19974228,-0.08231476,0,0,0,0,0
80,16458,-0.90978754,0.81813159,0.07704358,-0.11422420,0.21609392,-0.06741091,0,0,0,0,0
81,16666,-0.93169655,0.79343548,0.13873432,-0.12977872,0.20178159,-0.06644138,0,0,0,0,0
82,16875,-0.96281796,0.74523237,0.20401532,-0.13457213,0.19502309,-0.07146921,0,0,0,0,0
83,17083,-0.96712552,0.69714383,0.27561125,-0.16835785,0.21285624,-0.05030622,0,0,0,0,0
84,17291,-0.98054872,0.65430539,0.33282364,-0.13929902,0.19576682,-0.03964648,0,0,0,0,0
85,17500,-0.98907711,0.59878297,0.39827052,-0.16278998,0.17702704,-0.00737291,0,0,0,0,0
86,17708,-0.99330622,0.54212781,0.45422828,-0.17380272,0.17594069,-0.02006788,0,0,0,0,0
87,17916,-0.99572602,0.48052527,0.51163093,-0.16460786,0.17906783,-0.00805424,0,0,0,0,0
88,18125,-0.99638853,0.42318053,0.56266587,-0.16316490,0.15528708,0.00393307,0,0,0,0,0
89,18333,-0.99199013,0.37375036,0.61687824,-0.19987324,0.16449056,0.01433540,0,0,0,0,0
90,18541,-0.98073513,0.30497383,0.66948119,-0.17820078,0.16029633,0.04134865,0,0,0,0,0
91,18750,-0.96261945,0.24014277,0.70878434,-0.20707105,0.14469736,0.04794436,0,0,0,0,0
92,18958,-0.93863585,0.18439876,0.76225073,-0.19612589,0.12372682,0.05002520,0,0,0,0,0
93,19166,-0.92326656,0.11426215,0.80152212,-0.18450986,0.11627495,0.07050631,0,0,0,0,0
94,19375,-0.88935317,0.04840978,0.83166109,-0.21011949,0.11574634,0.09254051,0,0,0,0,0
95,19583,-0.86402968,-0.02170937,0.87265884,-0.20904651,0.10249738,0.10689890,0,0,0,0,0
96,19791,-0.82129999,-0.08602073,0.88956816,-0.18691840,0.11138118,0.10413321,0,0,0,0,0
97,20000,-0.78826104,-0.14510509,0.92723210,-0.22518448,0.06760179,0.11112110,0,0,0,0,0
98,20208,-0.73305962,-0.20997103,0.95222042,-0.18186743,0.06983724,0.14640282,0,0,0,0,0
99,20416,-0.69877879,-0.27483359,0.97452379,-0.20637019,0.04849858,0.13793051,0,0,0,0,0
100,20625,-0.64777373,-0.32740915,0.99714081,-0.18596771,0.01480009,0.17215153,0,0,0,0,0
101,20833,-0.60414803,-0.39617996,0.99459703,-0.19810401,0.03823098,0.16329664,0,0,0,0,0
102,21041,-0.54156466,-0.45340144,1.00057181,-0.18000360,0.00977688,0.14915377,0,0,0,0,0
103,21250,-0.48301607,-0.51870291,0.99224473,-0.17912428,0.01200175,0.16794269,0,0,0,0,0
104,21458,-0.43430840,-0.56821368,0.99615455,-0.17036202,-0.00626460,0.18090856,0,0,0,0,0
105,21666,-0.37062578,-0.62109005,0.98729856,-0.16636975,-0.01985577,0.19347627,0,0,0,0,0
106,21875,-0.31339724,-0.67257082,0.96941951,-0.14589221,-0.04482139,0.17870875,0,0,0,0,0
107,22083,-0.24671206,-0.70632235,0.97072452,-0.14412332,-0.05981140,0.19243691,0,0,0,0,0
108,22291,-0.17718324,-0.76184777,0.94429077,-0.12336696,-0.04578507,0.18791988,0,0,0,0,0
109,22500,-0.10683725,-0.80025953,0.92079567,-0.11612441,-0.07567588,0.20514124,0,0,0,0,0
110,22708,-0.04790959,-0.83607833,0.89852466,-0.10827906,-0.07050253,0.18587853,0,0,0,0,0
111,22916,0.00770584,-0.87350078,0.85139684,-0.09144049,-0.10255681,0.19894603,0,0,0,0,0
112,23125,0.07890591,-0.90291043,0.81669654,-0.08359967,-0.10919008,0.19369014,0,0,0,0,0
113,23333,0.14829041,-0.92500074,0.79122331,-0.09199357,-0.11788805,0.19811255,0,0,0,0,0
114,23541,0.19368467,-0.95806783,0.73707925,-0.05633370,-0.12234227,0.19011219,0,0,0,0,0
115,23750,0.27427939,-0.96167511,0.70005956,-0.05280218,-0.16586392,0.17861493,0,0,0,0,0
116,23958,0.33599986,-0.98163818,0.64974874,-0.04493478,-0.15609492,0.18312714,0,0,0,0,0
117,24166,0.40677179,-0.98581959,0.60723757,-0.03437822,-0.15427858,0.16791935,0,0,0,0,0
118,24375,0.45536947,-0.99559395,0.55105671,-0.01799596,-0.15215331,0.16492488,0,0,0,0,0
119,24583,0.52007847,-1.00898965,0.49532708,0.00913055,-0.16511189,0.16823262,0,0,0,0,0
120,24791,0.56646780,-1.00145467,0.42121899,-0.00405999,-0.18441797,0.14384806,0,0,0,0,0
121,25000,0.62370346,-0.99175620,0.37311993,0.03445873,-0.18116320,0.16417419,0,0,0,0,0
122,25208,0.67199494,-0.98556475,0.31353291,0.02745605,-0.16299636,0.14998772,0,0,0,0,0
123,25416,0.72589728,-0.96330737,0.24540470,0.05343265,-0.19127964,0.15786577,0,0,0,0,0
124,25625,0.76835956,-0.94847406,0.17854778,0.08419698,-0.19855354,0.15043448,0,0,0,0,0
125,25833,0.79978952,-0.92015548,0.11627469,0.08128396,-0.19033785,0.10815066,0,0,0,0,0
126,26041,0.83161117,-0.89513762,0.05606896,0.08395868,-0.20069311,0.11607907,0,0,0,0,0
127,26250,0.87734585,-0.86012919,-0.02001892,0.08356854,-0.19616655,0.09973717,0,0,0,0,0
128,26458,0.91146655,-0.81794685,-0.07027484,0.11445220,-0.19289718,0.09723435,0,0,0,0,0
129,26666,0.92130246,-0.78883333,-0.15355793,0.11429535,-0.20197821,0.07093098,0,0,0,0,0
130,26875,0.95987423,-0.74184861,-0.21211858,0.12529897,-0.19927400,0.05877346,0,0,0,0,0
131,27083,0.96494859,-0.70206137,-0.27837436,0.16382345,-0.17113634,0.04806493,0,0,0,0,0
132,27291,0.98995002,-0.64649751,-0.33457912,0.15054586,-0.19705207,0.03826529,0,0,0,0,0
133,27500,0.99263465,-0.60129226,-0.39816882,0.15031555,-0.19124499,0.02199701,0,0,0,0,0
134,27708,1.00471864,-0.54220384,-0.44833521,0.16492603,-0.17444550,0.01519264,0,0,0,0,0
135,27916,1.00174935,-0.49774364,-0.51324450,0.16579217,-0.17848495,-0.00921206,0,0,0,0,0
136,28125,1.00204641,-0.43660787,-0.56565018,0.17811242,-0.15639003,-0.03202488,0,0,0,0,0
137,28333,0.98768255,-0.36729238,-0.62046482,0.18088239,-0.15187190,-0.03430710,0,0,0,0,0
138,28541,0.97103521,-0.30184104,-0.67139407,0.19333594,-0.13890877,-0.04759263,0,0,0,0,0
139,28750,0.96758533,-0.24025462,-0.71595792,0.19046483,-0.12593216,-0.03266855,0,0,0,0,0
140,28958,0.94786663,-0.17988835,-0.76758702,0.21179682,-0.12402958,-0.06770469,0,0,0,0,0
141,29166,0.91639813,-0.11949991,-0.80664650,0.20987049,-0.10659715,-0.07163950,0,0,0,0,0
142,29375,0.89264784,-0.05726439,-0.84484683,0.19163482,-0.12594610,-0.09310020,0,0,0,0,0
143,29583,0.85603060,0.01366018,-0.87159712,0.19462578,-0.09738687,-0.11479301,0,0,0,0,0
144,29791,0.81641055,0.07445180,-0.90255282,0.19071950,-0.10400383,-0.12442256,0,0,0,0,0
145,30000,0.78645547,0.14247796,-0.92842270,0.19929852,-0.07092508,-0.12177469,0,0,0,0,0
146,30208,0.74561548,0.21144207,-0.95158816,0.20402575,-0.04874360,-0.12684054,0,0,0,0,0
147,30416,0.69513036,0.26965887,-0.96786853,0.19087787,-0.06276819,-0.13824519,0,0,0,0,0
148,30625,0.65523683,0.33269839,-0.98601741,0.20274460,-0.05661831,-0.15115612,0,0,0,0,0
149,30833,0.59363549,0.39466433,-0.99432303,0.19158626,-0.03129308,-0.15639446,0,0,0,0,0
150,31041,0.55010853,0.45705202,-0.99713123,0.18592967,-0.00282058,-0.16494410,0,0,0,0,0
151,31250,0.48246541,0.51037052,-1.00390614,0.18649073,0.00432244,-0.17273263,0,0,0,0,0
152,31458,0.43234515,0.57305262,-0.99457731,0.16774521,0.01008440,-0.17710152,0,0,0,0,0
153,31666,0.37059114,0.62345316,-0.98379242,0.16192235,0.03136423,-0.18454111,0,0,0,0,0
154,31875,0.31348044,0.67558828,-0.97688621,0.15232289,0.02748295,-0.19654791,0,0,0,0,0
155,32083,0.24769950,0.71841334,-0.95476851,0.13848114,0.05727111,-0.19454714,0,0,0,0,0
156,32291,0.18383635,0.76830036,-0.94257063,0.12233494,0.06123889,-0.17584176,0,0,0,0,0
157,32500,0.11677993,0.80223071,-0.91252819,0.12848678,0.08887875,-0.19436138,0,0,0,0,0
158,32708,0.05438683,0.84117762,-0.89415066,0.10165831,0.07834631,-0.18796206,0,0,0,0,0
159,32916,-0.02018268,0.86431706,-0.85681047,0.09486708,0.10488694,-0.20424130,0,0,0,0,0
160,33125,-0.09122332,0.90438690,-0.82019214,0.09581278,0.11192694,-0.20016648,0,0,0,0,0
161,33333,-0.13464818,0.93177115,-0.77919681,0.09122916,0.13595699,-0.20674503,0,0,0,0,0
162,33541,-0.21744606,0.95301708,-0.73936275,0.07810532,0.12754691,-0.20074293,0,0,0,0,0
163,33750,-0.26371605,0.97344184,-0.68874703,0.05435646,0.12450097,-0.18443170,0,0,0,0,0
164,33958,-0.33871991,0.98485855,-0.64445021,0.03741834,0.15948813,-0.19825876,0,0,0,0,0
165,34166,-0.38858865,0.99254278,-0.59670317,0.03200551,0.14871780,-0.16407425,0,0,0,0,0
166,34375,-0.44828307,1.00516002,-0.54292255,0.00333809,0.16750236,-0.17495654,0,0,0,0,0
167,34583,-0.51323230,0.99441334,-0.49064462,-0.00303325,0.17949353,-0.15321039,0,0,0,0,0
168,34791,-0.56826484,1.00067794,-0.43077566,0.00146081,0.15915926,-0.15128340,0,0,0,0,0
169,35000,-0.62374486,0.98932848,-0.37040451,-0.02714588,0.17567595,-0.15424732,0,0,0,0,0
170,35208,-0.67009427,0.97999687,-0.30701280,-0.04056015,0.20223255,-0.15723123,0,0,0,0,0
171,35416,-0.71567674,0.95947400,-0.24610800,-0.05410669,0.20459368,-0.14387335,0,0,0,0,0
172,35625,-0.75059159,0.94521881,-0.18838796,-0.05086862,0.19661516,-0.13051137,0,0,0,0,0
173,35833,-0.81106938,0.91341587,-0.11068830,-0.07489792,0.18869147,-0.12171490,0,0,0,0,0
174,36041,-0.83999713,0.88852159,-0.06235284,-0.09750500,0.22677006,-0.10786032,0,0,0,0,0
175,36250,-0.86919242,0.86016809,0.00948576,-0.10482223,0.20371762,-0.07969433,0,0,0,0,0
176,36458,-0.90934777,0.81953904,0.08558835,-0.11006623,0.20805021,-0.09248352,0,0,0,0,0
177,36666,-0.92306709,0.79010958,0.14031188,-0.13387704,0.19127232,-0.08510293,0,0,0,0,0
178,36875,-0.94462396,0.74778806,0.21379527,-0.13346119,0.18442080,-0.05811261,0,0,0,0,0
179,37083,-0.96483068,0.69431255,0.27360095,-0.14788809,0.20218209,-0.04686112,0,0,0,0,0
180,37291,-0.98507533,0.65241928,0.33743526,-0.16520560,0.18562971,-0.04694268,0,0,0,0,0
181,37500,-0.98836302,0.59508237,0.39366642,-0.15711873,0.18496901,-0.01303281,0,0,0,0,0
182,37708,-0.99900926,0.55160494,0.45361056,-0.16039677,0.17526413,-0.02812385,0,0,0,0,0
183,37916,-1.00148764,0.47675629,0.51551430,-0.16369465,0.18523969,0.01280377,0,0,0,0,0
184,38125,-0.99253158,0.43365882,0.56764899,-0.18129666,0.16171479,0.02739452,0,0,0,0,0
185,38333,-0.99174636,0.37385362,0.61757073,-0.19064813,0.16134839,0.04943203,0,0,0,0,0
186,38541,-0.97309557,0.30459031,0.66973269,-0.19312450,0.14929541,0.03823073,0,0,0,0,0
187,38750,-0.95745144,0.24694378,0.71553986,-0.17768311,0.12432092,0.05528903,0,0,0,0,0
188,38958,-0.93664121,0.17775432,0.75474244,-0.20639849,0.12109026,0.06824228,0,0,0,0,0
189,39166,-0.92197384,0.11280270,0.80236791,-0.19984407,0.12248756,0.07281001,0,0,0,0,0
190,39375,-0.88744689,0.05573829,0.84283859,-0.20737515,0.10502467,0.09270741,0,0,0,0,0
191,39583,-0.86016835,-0.00723465,0.87313524,-0.19086723,0.09580502,0.10616114,0,0,0,0,0
192,39791,-0.81276192,-0.08443548,0.90261583,-0.20503170,0.10186486,0.11719553,0,0,0,0,0
193,40000,-0.79107401,-0.13990146,0.93117814,-0.21459762,0.07225431,0.13317810,0,0,0,0,0
194,40208,-0.74156784,-0.20478486,0.94670065,-0.20071418,0.08513864,0.14171029,0,0,0,0,0
195,40416,-0.69735434,-0.28051222,0.96010153,-0.19124311,0.04863101,0.14356202,0,0,0,0,0
196,40625,-0.64845153,-0.33838603,0.98866904,-0.18056163,0.03232127,0.13816221,0,0,0,0,0
197,40833,-0.60393428,-0.40077656,0.99667692,-0.17388540,0.04058588,0.17763968,0,0,0,0,0
198,41041,-0.54767725,-0.45463168,0.98908190,-0.18797910,0.01499679,0.15755464,0,0,0,0,0
199,41250,-0.49488507,-0.51592935,0.99940657,-0.17703346,0.01260219,0.17926274,0,0,0,0,0
200,41458,-0.43701864,-0.56720227,0.99701074,-0.16654760,-0.02655108,0.16743562,0,0,0,0,0
201,41666,-0.37167710,-0.61520052,0.98741896,-0.15867140,-0.04868910,0.18211022,0,0,0,0,0
202,41875,-0.29678692,-0.66724063,0.97354365,-0.16483893,-0.06775331,0.19266734,0,0,0,0,0
203,42083,-0.24117423,-0.71997237,0.96176079,-0.14066177,-0.06913897,0.19710780,0,0,0,0,0
204,42291,-0.18482926,-0.75613525,0.93822473,-0.13703723,-0.08109656,0.18613697,0,0,0,0,0
205,42500,-0.11755261,-0.79682965,0.91781185,-0.11217017,-0.07443313,0.21431836,0,0,0,0,0
206,42708,-0.05730544,-0.83392750,0.88327766,-0.09115042,-0.09387519,0.19472965,0,0,0,0,0
207,42916,0.00076218,-0.86826188,0.86102306,-0.09045817,-0.10661849,0.21033850,0,0,0,0,0
208,43125,0.07973127,-0.90857565,0.83109263,-0.08851198,-0.12734267,0.19402497,0,0,0,0,0
209,43333,0.14356382,-0.92478449,0.78439980,-0.07366450,-0.11588179,0.19355429,0,0,0,0,0
210,43541,0.20825267,-0.95278862,0.74556944,-0.04395662,-0.12758701,0.21537792,0,0,0,0,0
211,43750,0.27059279,-0.97109972,0.69542265,-0.06418402,-0.16000024,0.19235310,0,0,0,0,0
212,43958,0.33273679,-0.98344491,0.65603690,-0.03290092,-0.15640886,0.16824337,0,0,0,0,0
213,44166,0.39866774,-0.99295327,0.59382115,-0.01491504,-0.16892297,0.18292234,0,0,0,0,0
214,44375,0.44989871,-1.00789980,0.53559586,0.00282716,-0.15079802,0.17579469,0,0,0,0,0
215,44583,0.51314054,-0.99761174,0.48038162,-0.01594675,-0.17292512,0.16591935,0,0,0,0,0
216,44791,0.55911857,-0.99640570,0.42512815,0.00747707,-0.18133385,0.15101441,0,0,0,0,0
217,45000,0.62995047,-0.98866663,0.37052877,0.02425535,-0.18442569,0.14934786,0,0,0,0,0
218,45208,0.67415791,-0.98529475,0.30670149,0.03883416,-0.18909354,0.16513778,0,0,0,0,0
219,45416,0.71414568,-0.96643578,0.25544193,0.04806378,-0.19188992,0.13347320,0,0,0,0,0
220,45625,0.75963972,-0.94437951,0.18282226,0.06256242,-0.21856900,0.13294851,0,0,0,0,0
221,45833,0.80604007,-0.91667753,0.11742464,0.07577803,-0.19911162,0.11457892,0,0,0,0,0
222,46041,0.84398629,-0.88649467,0.05239254,0.08827119,-0.17071255,0.09803841,0,0,0,0,0
223,46250,0.87024920,-0.86246530,-0.00723536,0.09871589,-0.20957521,0.09339436,0,0,0,0,0
224,46458,0.90014224,-0.81977113,-0.08761666,0.11699383,-0.18979420,0.09544170,0,0,0,0,0
225,46666,0.92595934,-0.78814812,-0.14111014,0.13413562,-0.19123808,0.08584337,0,0,0,0,0
226,46875,0.95472419,-0.74515422,-0.21338344,0.14900468,-0.19572764,0.05838017,0,0,0,0,0
227,47083,0.96776273,-0.69817594,-0.27069969,0.14059143,-0.20075334,0.04542406,0,0,0,0,0
228,47291,0.98576595,-0.65162324,-0.33640860,0.16322674,-0.18178770,0.05963073,0,0,0,0,0
229,47500,0.99479415,-0.59627117,-0.39518515,0.16209409,-0.18609823,0.02882345,0,0,0,0,0
230,47708,0.99628830,-0.54762781,-0.45240411,0.15675626,-0.17769674,0.02112037,0,0,0,0,0
231,47916,0.99304692,-0.48558884,-0.50769539,0.16696443,-0.16595094,0.00395874,0,0,0,0,0
232,48125,1.00190094,-0.42939281,-0.56473790,0.19096509,-0.17286485,-0.00061711,0,0,0,0,0
233,48333,0.99005926,-0.37605770,-0.61914715,0.19473892,-0.15941491,-0.02921984,0,0,0,0,0
234,48541,0.97881701,-0.30358658,-0.66736831,0.20318674,-0.14032003,-0.03891502,0,0,0,0,0
235,48750,0.96203594,-0.24304339,-0.71720804,0.19705451,-0.13897270,-0.05741939,0,0,0,0,0
236,48958,0.93605581,-0.17982062,-0.75826870,0.18513602,-0.14747743,-0.07878071,0,0,0,0,0
237,49166,0.91632771,-0.11892073,-0.79602720,0.21742105,-0.11538801,-0.08286192,0,0,0,0,0
238,49375,0.89182108,-0.05843285,-0.83024120,0.20071609,-0.10315940,-0.11146186,0,0,0,0,0
239,49583,0.85616924,0.01636314,-0.86727925,0.19604541,-0.09127114,-0.11082565,0,0,0,0,0
240,49791,0.82531409,0.09329494,-0.89605690,0.18804765,-0.08894927,-0.10940166,0,0,0,0,0
241,50000,0.78394970,0.13207620,-0.93380953,0.19026912,-0.08474310,-0.11113287,0,0,0,0,0
242,50208,0.73549459,0.21398770,-0.94712925,0.20245714,-0.07543955,-0.14623737,0,0,0,0,0
243,50416,0.68780881,0.26730666,-0.96875298,0.19206145,-0.05471667,-0.13656504,0,0,0,0,0
244,50625,0.65071419,0.33808538,-0.98796991,0.17040678,-0.03078789,-0.15587905,0,0,0,0,0
245,50833,0.59362983,0.39072988,-0.99679315,0.17794314,-0.03210033,-0.16303324,0,0,0,0,0
246,51041,0.54251475,0.45819209,-0.99357048,0.17004263,0.00620667,-0.15919138,0,0,0,0,0
247,51250,0.48383684,0.51815871,-0.99531714,0.16570567,-0.00439659,-0.17057992,0,0,0,0,0
248,51458,0.43513891,0.56744926,-1.00260318,0.16691183,0.02893984,-0.19460435,0,0,0,0,0
249,51666,0.36326107,0.62216406,-0.99021163,0.14021219,0.03237070,-0.18928022,0,0,0,0,0
250,51875,0.31307871,0.67083962,-0.98440680,0.14939832,0.03633749,-0.19506350,0,0,0,0,0
251,52083,0.23857505,0.71292963,-0.96394092,0.16319743,0.04305477,-0.18642275,0,0,0,0,0
252,52291,0.18448994,0.76005345,-0.94548663,0.12172824,0.07263909,-0.18675718,0,0,0,0,0
253,52500,0.11607007,0.80405989,-0.91820175,0.13160097,0.07862510,-0.19215227,0,0,0,0,0
254,52708,0.05200688,0.84526848,-0.88622736,0.10217161,0.08444372,-0.20039905,0,0,0,0,0
255,52916,-0.01255016,0.86968763,-0.86240776,0.08299894,0.10393230,-0.20878171,0,0,0,0,0
256,53125,-0.08033745,0.90500069,-0.82811890,0.06010088,0.11666790,-0.20468842,0,0,0,0,0
257,53333,-0.14118840,0.92713068,-0.78414558,0.08296321,0.11586597,-0.19689633,0,0,0,0,0
258,53541,-0.21125614,0.95423055,-0.74201634,0.06298487,0.13569175,-0.19112358,0,0,0,0,0
259,53750,-0.27876292,0.97290238,-0.70279761,0.02113412,0.12207174,-0.19347624,0,0,0,0,0
260,53958,-0.33751583,0.98277597,-0.64550755,0.03510530,0.13909680,-0.17378015,0,0,0,0,0
261,54166,-0.39826490,0.99530868,-0.60167347,0.00658065,0.16996057,-0.17351222,0,0,0,0,0
262,54375,-0.45422755,0.99133038,-0.53672711,0.03144697,0.16439924,-0.15872149,0,0,0,0,0
263,54583,-0.51837211,1.00283953,-0.48383013,-0.00363682,0.18162689,-0.18205686,0,0,0,0,0
264,54791,-0.56311726,0.99884118,-0.42330173,-0.02017118,0.18654262,-0.15521134,0,0,0,0,0
265,55000,-0.61375234,0.99481853,-0.37082401,-0.03296166,0.19608743,-0.14429859,0,0,0,0,0
266,55208,-0.67178487,0.96886019,-0.30054805,-0.03781568,0.19770419,-0.15684701,0,0,0,0,0
267,55416,-0.71455902,0.96174425,-0.24286568,-0.05771467,0.20327397,-0.13620822,0,0,0,0,0
268,55625,-0.75087080,0.93631100,-0.17685098,-0.07708931,0.18240072,-0.12977699,0,0,0,0,0
269,55833,-0.80123310,0.91261190,-0.11156340,-0.07264441,0.21533751,-0.12184517,0,0,0,0,0
270,56041,-0.84559879,0.88061096,-0.04769256,-0.09871925,0.20586395,-0.12025880,0,0,0,0,0
271,56250,-0.87460093,0.86026920,0.00797976,-0.09178416,0.22480534,-0.10251410,0,0,0,0,0
272,56458,-0.90612514,0.82073483,0.07761053,-0.09920854,0.19739542,-0.09392541,0,0,0,0,0
273,56666,-0.92781847,0.78545729,0.14537648,-0.12617061,0.18873827,-0.06585369,0,0,0,0,0
274,56875,-0.94507432,0.74338702,0.20491529,-0.14972580,0.20599295,-0.04786816,0,0,0,0,0
275,57083,-0.97800723,0.69950521,0.27462375,-0.14552206,0.19979927,-0.05910980,0,0,0,0,0
276,57291,-0.97635533,0.65215131,0.33077729,-0.15201120,0.16997058,-0.02899911,0,0,0,0,0
277,57500,-0.99155577,0.60438201,0.39881117,-0.17437051,0.18148586,-0.02245559,0,0,0,0,0
278,57708,-0.99482802,0.54379863,0.46065957,-0.18866177,0.17031244,-0.00702528,0,0,0,0,0
279,57916,-0.99745883,0.48622771,0.52270724,-0.19534811,0.16516136,-0.00111269,0,0,0,0,0
280,58125,-0.99977276,0.42396766,0.56639357,-0.16968527,0.16402916,0.00852656,0,0,0,0,0
281,58333,-0.98693682,0.37213012,0.62128866,-0.17858179,0.14641750,0.04358250,0,0,0,0,0
282,58541,-0.97270367,0.30394738,0.66859288,-0.20460367,0.15824153,0.03687764,0,0,0,0,0
283,58750,-0.95596570,0.24589300,0.72098926,-0.18420834,0.13054539,0.06274637,0,0,0,0,0
284,58958,-0.93666223,0.19087543,0.76103171,-0.19548408,0.12115035,0.07423638,0,0,0,0,0
285,59166,-0.92079137,0.10843674,0.80021081,-0.19563040,0.10658552,0.07760514,0,0,0,0,0
286,59375,-0.88383604,0.04517621,0.84949679,-0.23849978,0.11191104,0.09710419,0,0,0,0,0
287,59583,-0.85349859,-0.01415179,0.87763357,-0.20805733,0.08629574,0.09859778,0,0,0,0,0
288,59791,-0.81880954,-0.08562908,0.89675795,-0.18906902,0.09248655,0.11830239,0,0,0,0,0
289,60000,-0.79047675,-0.13899447,0.92738736,-0.22116390,0.08624836,0.10724211,0,0,0,0,0
290,60208,-0.74501361,-0.21436846,0.95314221,-0.17984240,0.05805856,0.12933916,0,0,0,0,0
291,60416,-0.69628419,-0.27321726,0.97170595,-0.18639318,0.06522620,0.14516028,0,0,0,0,0
292,60625,-0.64438993,-0.33294814,0.97550458,-0.19190150,0.03523291,0.13808470,0,0,0,0,0
293,60833,-0.60482716,-0.40268114,0.99267017,-0.19506745,0.03661152,0.15040414,0,0,0,0,0
294,61041,-0.54964733,-0.45484088,1.00705195,-0.17144496,0.02007570,0.15387784,0,0,0,0,0
295,61250,-0.48747012,-0.50545775,1.00474203,-0.16993028,-0.00790588,0.18188068,0,0,0,0,0
296,61458,-0.43527824,-0.56470854,1.00112106,-0.16911192,-0.01390189,0.16901388,0,0,0,0,0
297,61666,-0.37191178,-0.62168872,0.97918700,-0.15218298,-0.02609369,0.17623976,0,0,0,0,0
298,61875,-0.30904913,-0.66622096,0.96848016,-0.16006717,-0.05053536,0.18615835,0,0,0,0,0
299,62083,-0.25569333,-0.72825300,0.96136853,-0.14565976,-0.06585909,0.20268625,0,0,0,0,0
300,62291,-0.18049368,-0.76357066,0.93770585,-0.13308450,-0.07331212,0.16865931,0,0,0,0,0
301,62500,-0.11775968,-0.80901822,0.91568728,-0.12508506,-0.08710878,0.19403338,0,0,0,0,0
302,62708,-0.05931891,-0.83767534,0.88728620,-0.10706821,-0.11661390,0.21023267,0,0,0,0,0
303,62916,0.01096543,-0.87224099,0.85908448,-0.09816318,-0.08180394,0.19037345,0,0,0,0,0
304,63125,0.08324992,-0.90721193,0.82066591,-0.07857187,-0.11917003,0.20141647,0,0,0,0,0
305,63333,0.14275618,-0.92378027,0.79178813,-0.06887651,-0.11184802,0.20194680,0,0,0,0,0
306,63541,0.20903900,-0.96113165,0.72968301,-0.04937339,-0.12876070,0.17857966,0,0,0,0,0
307,63750,0.27395937,-0.96125822,0.69897505,-0.06400863,-0.15153111,0.18757096,0,0,0,0,0
308,63958,0.32559251,-0.97843085,0.64715675,-0.02432275,-0.14444130,0.18043037,0,0,0,0,0
309,64166,0.40309435,-0.99275921,0.59887791,-0.02782045,-0.16938490,0.18361724,0,0,0,0,0
310,64375,0.45753083,-1.00149658,0.54543109,-0.01749138,-0.14899504,0.18180364,0,0,0,0,0
311,64583,0.51461385,-1.00141000,0.48363262,-0.00486335,-0.18169970,0.17330049,0,0,0,0,0
312,64791,0.57083408,-0.99550039,0.42895637,0.00657830,-0.18886082,0.16946161,0,0,0,0,0
313,65000,0.61983088,-0.99298951,0.37245411,0.02167550,-0.17449627,0.14762134,0,0,0,0,0
314,65208,0.67011225,-0.97887263,0.30498065,0.04432233,-0.19166306,0.14525407,0,0,0,0,0
315,65416,0.72866120,-0.96076342,0.24851635,0.06804508,-0.17865120,0.14646117,0,0,0,0,0
316,65625,0.75405227,-0.93957544,0.18623476,0.06930774,-0.20617744,0.13508088,0,0,0,0,0
317,65833,0.80502559,-0.91182158,0.10976276,0.06915316,-0.17824330,0.10361867,0,0,0,0,0
318,66041,0.83400789,-0.88339367,0.04699550,0.07543474,-0.21163597,0.11270209,0,0,0,0,0
319,66250,0.87985607,-0.85951320,-0.02567426,0.09636107,-0.19469963,0.08521789,0,0,0,0,0
320,66458,0.90323898,-0.83167395,-0.07257490,0.10991278,-0.20610052,0.07506176,0,0,0,0,0
321,66666,0.92186483,-0.78509701,-0.14797598,0.11438071,-0.19782346,0.08551316,0,0,0,0,0
322,66875,0.95364255,-0.73623362,-0.19940455,0.13034600,-0.18189945,0.07066513,0,0,0,0,0
323,67083,0.97438033,-0.69801482,-0.27391991,0.13919919,-0.19923518,0.04289241,0,0,0,0,0
324,67291,0.98471305,-0.64112656,-0.32446402,0.16527552,-0.16955674,0.03806671,0,0,0,0,0
325,67500,0.99718947,-0.60409615,-0.39650463,0.14376237,-0.17479335,0.02829696,0,0,0,0,0
326,67708,1.00544094,-0.54208167,-0.46095874,0.16819849,-0.19538747,0.00184280,0,0,0,0,0
327,67916,1.00352365,-0.48596924,-0.51199580,0.17273302,-0.17380771,-0.02535846,0,0,0,0,0
328,68125,0.99443669,-0.42120124,-0.56965947,0.18509422,-0.16211007,-0.01294417,0,0,0,0,0
329,68333,0.99610780,-0.36942763,-0.62134639,0.19075132,-0.15384890,-0.01408523,0,0,0,0,0
330,68541,0.98013779,-0.30583731,-0.66456708,0.20385424,-0.15736886,-0.04818023,0,0,0,0,0
331,68750,0.95963179,-0.24158171,-0.71321880,0.19377630,-0.14474432,-0.05486717,0,0,0,0,0
332,68958,0.94443030,-0.18634241,-0.75974952,0.19276969,-0.14163098,-0.05628198,0,0,0,0,0
333,69166,0.92033980,-0.11909489,-0.80354129,0.20248840,-0.10394289,-0.06491652,0,0,0,0,0
334,69375,0.89113938,-0.04922409,-0.84097257,0.18011434,-0.12646978,-0.08696768,0,0,0,0,0
335,69583,0.85210329,0.01547401,-0.87011062,0.20040752,-0.11543237,-0.10738924,0,0,0,0,0
336,69791,0.82940197,0.07852756,-0.89467378,0.20250086,-0.09536393,-0.11237446,0,0,0,0,0
337,70000,0.78834354,0.14697471,-0.92404217,0.19898577,-0.08104927,-0.12795187,0,0,0,0,0
338,70208,0.73941260,0.21015130,-0.95880002,0.19127188,-0.06964661,-0.13843806,0,0,0,0,0
339,70416,0.69954698,0.27758106,-0.96522325,0.19590149,-0.05318251,-0.13863337,0,0,0,0,0
340,70625,0.65038976,0.33238664,-0.98647986,0.19115962,-0.02662046,-0.14945627,0,0,0,0,0
341,70833,0.58982743,0.39741452,-0.99427635,0.19032122,-0.03366930,-0.15754273,0,0,0,0,0
342,71041,0.54358320,0.45311245,-0.99418757,0.18375046,-0.01783145,-0.17210825,0,0,0,0,0
343,71250,0.48962663,0.50960486,-0.99973124,0.17491233,0.00839632,-0.16150573,0,0,0,0,0
344,71458,0.43822997,0.57356302,-0.99250505,0.16630339,0.03088077,-0.18996195,0,0,0,0,0
345,71666,0.37051326,0.62449434,-0.99080461,0.15303394,0.03633047,-0.20466803,0,0,0,0,0
346,71875,0.31700996,0.67015839,-0.98616952,0.15359929,0.01977119,-0.19760302,0,0,0,0,0
347,72083,0.24428512,0.71394508,-0.96505373,0.15867492,0.05542019,-0.19076321,0,0,0,0,0
348,72291,0.18060406,0.76722316,-0.95105558,0.13912922,0.08055022,-0.19903975,0,0,0,0,0
349,72500,0.10869136,0.81050510,-0.91596984,0.11424997,0.05949609,-0.20911358,0,0,0,0,0
350,72708,0.05132377,0.83157641,-0.89236863,0.09706092,0.09203081,-0.18638491,0,0,0,0,0
351,72916,-0.01588186,0.86947483,-0.86007118,0.09948713,0.10021204,-0.21935063,0,0,0,0,0
352,73125,-0.08218071,0.89988488,-0.82444132,0.09359028,0.13536181,-0.20011367,0,0,0,0,0
353,73333,-0.14714554,0.92771801,-0.77975617,0.06935999,0.12829674,-0.19756797,0,0,0,0,0
354,73541,-0.21383180,0.94912596,-0.73961348,0.05808351,0.14051010,-0.17088752,0,0,0,0,0
355,73750,-0.27719257,0.96857194,-0.71242802,0.04344335,0.15551273,-0.18173909,0,0,0,0,0
356,73958,-0.33503645,0.98663624,-0.66004291,0.05596612,0.12489641,-0.18162253,0,0,0,0,0
357,74166,-0.39295657,0.99164005,-0.59200951,0.02382733,0.16641519,-0.15991943,0,0,0,0,0
358,74375,-0.44845437,0.99658746,-0.54215348,0.01691356,0.16069092,-0.16960101,0,0,0,0,0
359,74583,-0.51072519,0.99940476,-0.48861576,-0.01390561,0.16387091,-0.16139797,0,0,0,0,0
360,74791,-0.57559537,0.99813022,-0.42940662,-0.01911910,0.17709994,-0.16851278,0,0,0,0,0
361,75000,-0.61878390,0.99010129,-0.36901049,-0.00751880,0.18421470,-0.14291865,0,0,0,0,0
362,75208,-0.66364577,0.97956559,-0.30803028,-0.04191866,0.19431543,-0.15792265,0,0,0,0,0
363,75416,-0.71592915,0.96202933,-0.24184509,-0.04655414,0.20326242,-0.14571180,0,0,0,0,0
364,75625,-0.75520637,0.93944648,-0.18692972,-0.07790490,0.21259014,-0.11386146,0,0,0,0,0
365,75833,-0.80365774,0.92000549,-0.11855573,-0.07761413,0.19123181,-0.12078845,0,0,0,0,0
366,76041,-0.84214487,0.88283190,-0.05206003,-0.10955315,0.19976835,-0.10807937,0,0,0,0,0
367,76250,-0.87558462,0.86178506,0.01460457,-0.10591982,0.17308762,-0.08055451,0,0,0,0,0
368,76458,-0.90025198,0.82816187,0.07821892,-0.11208682,0.19017901,-0.09394671,0,0,0,0,0
369,76666,-0.93345927,0.77945284,0.14338531,-0.11238907,0.20152033,-0.07463974,0,0,0,0,0
370,76875,-0.95252216,0.74735751,0.21131015,-0.13437685,0.20242560,-0.07716966,0,0,0,0,0
371,77083,-0.96713116,0.70467329,0.27747042,-0.14324307,0.21854397,-0.04187829,0,0,0,0,0
372,77291,-0.97632276,0.64467369,0.33588874,-0.16099439,0.18503808,-0.02877077,0,0,0,0,0
373,77500,-0.99698029,0.59917485,0.38934631,-0.16168443,0.17422936,-0.02031873,0,0,0,0,0
374,77708,-0.99120295,0.54216635,0.45266723,-0.16051004,0.17539554,-0.01832530,0,0,0,0,0
375,77916,-0.99214169,0.48709794,0.50395492,-0.20112572,0.16824149,0.00731578,0,0,0,0,0
376,78125,-1.00191269,0.42709251,0.57019441,-0.17268010,0.15286819,0.00834467,0,0,0,0,0
377,78333,-0.99168869,0.36343797,0.61864982,-0.19031235,0.16047026,0.01484573,0,0,0,0,0
378,78541,-0.98063039,0.31506453,0.67484700,-0.19286192,0.13387044,0.05156443,0,0,0,0,0
379,78750,-0.96704468,0.24464829,0.71854897,-0.19903289,0.14328127,0.05598204,0,0,0,0,0
380,78958,-0.94094634,0.18146178,0.76332595,-0.20377789,0.13070466,0.06299580,0,0,0,0,0
381,79166,-0.91398281,0.11960448,0.79540288,-0.21145414,0.12244705,0.08507793,0,0,0,0,0
382,79375,-0.89009572,0.05344654,0.83456515,-0.20927573,0.11581953,0.07831706,0,0,0,0,0
383,79583,-0.85903882,-0.01709078,0.87184940,-0.21156879,0.11308916,0.11187132,0,0,0,0,0
384,79791,-0.81539488,-0.08232935,0.90081012,-0.19374758,0.08741143,0.11980282,0,0,0,0,0
385,80000,-0.78712292,-0.14630491,0.92799945,-0.18367477,0.07571096,0.10942167,0,0,0,0,0
386,80208,-0.74167464,-0.20406301,0.94671957,-0.20027429,0.06661129,0.14688638,0,0,0,0,0
387,80416,-0.69748933,-0.27488815,0.97264993,-0.19886617,0.04733478,0.16824286,0,0,0,0,0
388,80625,-0.65220529,-0.33797767,0.98294620,-0.19071763,0.04969404,0.16782492,0,0,0,0,0
389,80833,-0.60152597,-0.39880890,0.99860120,-0.19604913,0.01173152,0.17481266,0,0,0,0,0
390,81041,-0.54236762,-0.45486030,0.99185916,-0.17554905,0.01626447,0.16838229,0,0,0,0,0
391,81250,-0.47994941,-0.51057689,1.00749399,-0.17410600,-0.00434964,0.15734562,0,0,0,0,0
392,81458,-0.42769541,-0.55377819,0.99639246,-0.18714486,-0.00907074,0.18077665,0,0,0,0,0
393,81666,-0.37508346,-0.62548164,0.98535287,-0.15198871,-0.03637525,0.18544147,0,0,0,0,0
394,81875,-0.31194687,-0.67518927,0.97659324,-0.16224844,-0.01980952,0.18898284,0,0,0,0,0
395,82083,-0.24460592,-0.70888773,0.95777830,-0.14174895,-0.04824074,0.18975044,0,0,0,0,0
396,82291,-0.18488867,-0.77168142,0.94069395,-0.13333812,-0.07040362,0.20029974,0,0,0,0,0
397,82500,-0.11517082,-0.79655759,0.92327642,-0.11189211,-0.07764287,0.19242429,0,0,0,0,0
398,82708,-0.04879446,-0.84241485,0.88851291,-0.11284304,-0.09054387,0.19120143,0,0,0,0,0
399,82916,0.01221977,-0.87326449,0.85898568,-0.08253141,-0.09831957,0.19721191,0,0,0,0,0
400,83125,0.06844259,-0.90337045,0.82109565,-0.07340376,-0.11397385,0.19736724,0,0,0,0,0
401,83333,0.14442575,-0.92148456,0.78300639,-0.07316537,-0.11305656,0.19158713,0,0,0,0,0
402,83541,0.21411152,-0.95286485,0.73995086,-0.03960778,-0.16214152,0.20753239,0,0,0,0,0
403,83750,0.27479339,-0.96527745,0.69030598,-0.05175936,-0.15036947,0.19563445,0,0,0,0,0
404,83958,0.34297834,-0.98566081,0.65726556,-0.04275122,-0.15200112,0.19413647,0,0,0,0,0
405,84166,0.40000361,-0.99711453,0.59883281,-0.00412464,-0.17485245,0.19151249,0,0,0,0,0
406,84375,0.45293336,-1.00193888,0.55243983,-0.00143837,-0.16385615,0.17223552,0,0,0,0,0
407,84583,0.50991313,-1.00231705,0.49076868,0.01226449,-0.16595056,0.18800819,0,0,0,0,0
408,84791,0.56641595,-1.00353290,0.42065372,0.02366237,-0.16202232,0.17117145,0,0,0,0,0
409,85000,0.61842365,-0.99107404,0.37152453,0.03660811,-0.17694691,0.16144666,0,0,0,0,0
410,85208,0.67132958,-0.97141223,0.30811031,0.04369012,-0.18590474,0.13638186,0,0,0,0,0
411,85416,0.71164798,-0.95853573,0.24420001,0.04561732,-0.18814738,0.13029977,0,0,0,0,0
412,85625,0.75771165,-0.94257317,0.17996158,0.05082666,-0.20138893,0.13561848,0,0,0,0,0
413,85833,0.80050564,-0.91648104,0.12343762,0.07298671,-0.20456262,0.10997979,0,0,0,0,0
414,86041,0.83940502,-0.89240984,0.04608785,0.09189617,-0.19929688,0.10514303,0,0,0,0,0
415,86250,0.87693051,-0.85859350,-0.01511295,0.11186178,-0.19373295,0.10053588,0,0,0,0,0
416,86458,0.90062436,-0.82186057,-0.07680234,0.10740085,-0.20768996,0.08391291,0,0,0,0,0
417,86666,0.91829968,-0.79162947,-0.14750337,0.10488093,-0.18777708,0.08295192,0,0,0,0,0
418,86875,0.95603420,-0.74035248,-0.20781733,0.14661882,-0.19091921,0.07239011,0,0,0,0,0
419,87083,0.96781436,-0.69507946,-0.26689098,0.15470189,-0.18749478,0.03959718,0,0,0,0,0
420,87291,0.98194938,-0.65232131,-0.33165475,0.14774374,-0.19454485,0.03283541,0,0,0,0,0
421,87500,0.99667732,-0.60043772,-0.40534428,0.16337683,-0.17977957,0.02094100,0,0,0,0,0
422,87708,1.00385058,-0.53923427,-0.45873922,0.16373649,-0.16267609,0.00837679,0,0,0,0,0
423,87916,1.00171375,-0.48227207,-0.51658509,0.16355933,-0.16015412,0.00084222,0,0,0,0,0
424,88125,0.99674116,-0.43169185,-0.56403936,0.17977729,-0.15946499,-0.04113604,0,0,0,0,0
425,88333,0.98811056,-0.36650588,-0.62238299,0.17068959,-0.16236858,-0.02905032,0,0,0,0,0
426,88541,0.97269290,-0.30046771,-0.66964294,0.19293998,-0.15091453,-0.06605201,0,0,0,0,0
427,88750,0.96340121,-0.24393371,-0.71976452,0.19811048,-0.13848881,-0.04888455,0,0,0,0,0
428,88958,0.93637304,-0.18719707,-0.76178664,0.18884383,-0.13223330,-0.07137937,0,0,0,0,0
429,89166,0.91814048,-0.11844770,-0.79293374,0.20797528,-0.11011068,-0.07729685,0,0,0,0,0
430,89375,0.89997727,-0.05815398,-0.82770815,0.18588937,-0.12628885,-0.09340849,0,0,0,0,0
431,89583,0.85173003,0.02090505,-0.87183503,0.18890803,-0.10570905,-0.09310454,0,0,0,0,0
432,89791,0.82554948,0.09023521,-0.90833538,0.20723553,-0.08496826,-0.12082974,0,0,0,0,0
433,90000,0.78260962,0.14699768,-0.92842022,0.20239146,-0.08521799,-0.12713261,0,0,0,0,0
434,90208,0.73856885,0.20498509,-0.94413703,0.19070514,-0.07342956,-0.12874345,0,0,0,0,0
435,90416,0.69460344,0.27732495,-0.96864314,0.19416783,-0.04334266,-0.12352202,0,0,0,0,0
436,90625,0.64924267,0.33069379,-0.99225651,0.18397948,-0.04274806,-0.16089398,0,0,0,0,0
437,90833,0.60918143,0.40545040,-0.99446210,0.17884950,-0.03629836,-0.15058566,0,0,0,0,0
438,91041,0.54809386,0.45099432,-1.00566154,0.18167530,-0.01756299,-0.18157708,0,0,0,0,0
439,91250,0.49113650,0.51307727,-1.00497955,0.17025410,-0.00511342,-0.18363981,0,0,0,0,0
440,91458,0.42734609,0.57171317,-0.99767351,0.16111369,0.03144155,-0.16563841,0,0,0,0,0
441,91666,0.36474333,0.62059254,-0.99380813,0.15358760,0.01642906,-0.18509439,0,0,0,0,0
442,91875,0.30480362,0.66076196,-0.97552424,0.17272770,0.04770379,-0.19092915,0,0,0,0,0
443,92083,0.25184168,0.71905601,-0.95727936,0.14619915,0.06634117,-0.19837070,0,0,0,0,0
444,92291,0.17908764,0.75663643,-0.94842519,0.12380737,0.06589884,-0.20261459,0,0,0,0,0
445,92500,0.11809906,0.80264432,-0.91323246,0.10851153,0.06693352,-0.20356750,0,0,0,0,0
446,92708,0.05179750,0.83262870,-0.88591315,0.10658073,0.10483592,-0.18746930,0,0,0,0,0
447,92916,-0.01322566,0.87370009,-0.85801067,0.07893206,0.10378677,-0.20932634,0,0,0,0,0
448,93125,-0.07997488,0.90581421,-0.82144065,0.09744659,0.11607099,-0.20994053,0,0,0,0,0
449,93333,-0.14204805,0.93413288,-0.78115326,0.06552547,0.11461553,-0.20537877,0,0,0,0,0
450,93541,-0.21277600,0.95536693,-0.73678766,0.05897190,0.13467945,-0.19764210,0,0,0,0,0
451,93750,-0.26952744,0.97686912,-0.70499891,0.05688567,0.13489925,-0.21075975,0,0,0,0,0
452,93958,-0.32500774,0.98657606,-0.64369700,0.05025942,0.13051935,-0.19743843,0,0,0,0,0
453,94166,-0.39590793,0.99185592,-0.59156592,0.01567123,0.14688283,-0.17888637,0,0,0,0,0
454,94375,-0.45697681,0.99945807,-0.54242091,0.01612411,0.15023109,-0.17297424,0,0,0,0,0
455,94583,-0.51339094,1.00375206,-0.48333887,0.01669524,0.17694355,-0.15758079,0,0,0,0,0
456,94791,-0.56390539,0.98902980,-0.43945852,-0.03191831,0.17464668,-0.16107698,0,0,0,0,0
457,95000,-0.62631406,0.97969947,-0.36541575,-0.03630109,0.20085227,-0.14992825,0,0,0,0,0
458,95208,-0.66414702,0.97960755,-0.31423426,-0.03832374,0.19674786,-0.13563224,0,0,0,0,0
459,95416,-0.71676820,0.97296999,-0.24049360,-0.06236658,0.19740355,-0.14332540,0,0,0,0,0
460,95625,-0.75946771,0.94795372,-0.17167439,-0.07135718,0.21451477,-0.11984796,0,0,0,0,0
461,95833,-0.80248151,0.91698459,-0.10851119,-0.07197697,0.18457539,-0.11497993,0,0,0,0,0
462,96041,-0.83924143,0.89564368,-0.04381234,-0.07553840,0.22147874,-0.11188680,0,0,0,0,0
463,96250,-0.87742415,0.85762173,0.01263137,-0.08822094,0.19072232,-0.09080464,0,0,0,0,0
464,96458,-0.90736174,0.81973958,0.08481558,-0.11965215,0.21170816,-0.10172777,0,0,0,0,0
465,96666,-0.93513780,0.77848301,0.14317561,-0.12428249,0.18291063,-0.07619209,0,0,0,0,0
466,96875,-0.95809905,0.74215863,0.21598820,-0.14353990,0.19703987,-0.06398958,0,0,0,0,0
467,97083,-0.96292422,0.69349920,0.27479668,-0.12598507,0.20522273,-0.04064916,0,0,0,0,0
468,97291,-0.98378654,0.65339349,0.32277325,-0.14727373,0.19297886,-0.03646413,0,0,0,0,0
469,97500,-0.99088231,0.59015947,0.39987770,-0.16127745,0.18320711,-0.01956766,0,0,0,0,0
470,97708,-0.99630030,0.54747555,0.44725856,-0.16787847,0.19621580,-0.00129550,0,0,0,0,0
471,97916,-0.99892212,0.48378351,0.52160269,-0.17659314,0.15834212,0.00224466,0,0,0,0,0
472,98125,-0.99295811,0.43071228,0.57140374,-0.18652765,0.16405957,-0.00132290,0,0,0,0,0
473,98333,-0.98260089,0.36638737,0.61922086,-0.18927877,0.14360909,0.02974181,0,0,0,0,0
474,98541,-0.97715324,0.31283416,0.67873616,-0.19661664,0.14625758,0.03053639,0,0,0,0,0
475,98750,-0.96545298,0.24369742,0.71815654,-0.18959938,0.12918984,0.05560362,0,0,0,0,0
476,98958,-0.93621525,0.18476210,0.75660077,-0.20900294,0.12785303,0.06844372,0,0,0,0,0
477,99166,-0.92551756,0.11743679,0.80328239,-0.19644506,0.11151339,0.09183196,0,0,0,0,0
478,99375,-0.88716449,0.05562218,0.84801973,-0.21787274,0.10187446,0.09109241,0,0,0,0,0
479,99583,-0.85803643,-0.01710511,0.87556515,-0.19386154,0.09568560,0.10033620,0,0,0,0,0
480,99791,-0.82020742,-0.07280270,0.89376517,-0.21034094,0.09256139,0.10750933,0,0,0,0,0
481,100000,-0.78995506,-0.14756698,0.93108027,-0.20401231,0.07023728,0.12634182,0,0,0,0,0
482,100208,-0.73670480,-0.20822917,0.95396042,-0.19918460,0.05855329,0.14603686,0,0,0,0,0
483,100416,-0.69019303,-0.26999029,0.96982784,-0.19792290,0.04390528,0.13330858,0,0,0,0,0
484,100625,-0.63411841,-0.32240383,0.96912479,-0.16632415,0.03601342,0.15882596,0,0,0,0,0
485,100833,-0.56182958,-0.36998071,0.98642672,-0.19959479,0.00240403,0.15755619,0,0,0,0,0
486,101041,-0.49949753,-0.42238067,0.99648599,-0.19624330,0.00707482,0.16725849,0,0,0,0,0
487,101250,-0.43564990,-0.45485625,1.00073818,-0.21538918,0.00266386,0.16845835,0,0,0,0,0
488,101458,-0.36962844,-0.49493884,0.98273090,-0.19940891,-0.03619757,0.17213965,0,0,0,0,0
489,101666,-0.30934539,-0.50984850,0.97319650,-0.24202644,-0.04102816,0.18992528,0,0,0,0,0
490,101875,-0.24559206,-0.51680850,0.95845715,-0.28303294,-0.06182879,0.19407074,0,0,0,0,0
491,102083,-0.17918847,-0.53032740,0.94717319,-0.29221943,-0.11902858,0.19510967,0,0,0,0,0
492,102291,-0.13214191,-0.52725290,0.92455295,-0.34340934,-0.18273301,0.20422458,0,0,0,0,0
493,102500,-0.07041074,-0.51535003,0.89810535,-0.39468545,-0.25187321,0.18975573,0,0,0,0,0
494,102708,-0.02490927,-0.50949507,0.86281257,-0.43772198,-0.36624292,0.20748863,0,0,0,0,0
495,102916,0.01313702,-0.47761727,0.82829640,-0.47420261,-0.48874168,0.21221567,0,0,0,0,0
496,103125,0.04411190,-0.46700181,0.79754339,-0.48955047,-0.66830369,0.20051808,0,0,0,0,0
497,103333,0.06432080,-0.43934495,0.76186947,-0.49655772,-0.84068108,0.20943481,0,0,0,0,0
498,103541,0.08679018,-0.42364894,0.71341359,-0.52099303,-1.08149844,0.21578421,0,0,0,0,0
499,103750,0.11635250,-0.38461065,0.66902485,-0.46104602,-1.32688765,0.19843573,0,0,0,0,0
500,103958,0.12673415,-0.36464121,0.61501817,-0.38222408,-1.60976245,0.21043864,0,0,0,0,0
501,104166,0.14113819,-0.34516230,0.56376350,-0.28401219,-1.89635299,0.20037101,0,0,0,0,0
502,104375,0.15510377,-0.33111053,0.52037498,-0.14360637,-2.19739362,0.20308657,0,0,0,0,0
503,104583,0.17019583,-0.30202646,0.46162896,0.04617418,-2.52766464,0.19309740,0,0,0,0,0
504,104791,0.16802178,-0.29937869,0.40823330,0.26445872,-2.83641151,0.17542949,0,0,0,0,1
505,105000,0.19250692,-0.28825555,0.35539054,0.48419357,-3.13219243,0.17612361,0,0,0,0,1
506,105208,0.19293165,-0.29190406,0.29535699,0.73931918,-3.38286294,0.17143189,0,0,0,0,1
507,105416,0.21368675,-0.28704465,0.23036105,1.01190566,-3.64646910,0.14777102,0,0,0,0,1
508,105625,0.22249964,-0.28123389,0.17620250,1.34173776,-3.88447261,0.17526948,0,0,0,0,1
509,105833,0.24324385,-0.27850862,0.11599958,1.65152444,-4.13279378,0.13949041,0,0,0,0,1
510,106041,0.26074060,-0.26944780,0.05632329,1.98658207,-4.37647848,0.13094700,0,0,0,0,1
511,106250,0.25835123,-0.25722314,-0.01436272,2.33509721,-4.56049011,0.11509569,0,0,0,0,1
512,106458,0.26235055,-0.23805685,-0.07598144,2.70018847,-4.73146966,0.09594128,0,0,0,0,1
513,106666,0.27381574,-0.24657340,-0.14164917,3.04920883,-4.87374181,0.09342027,0,0,0,0,1
514,106875,0.27930769,-0.21652680,-0.19421074,3.42276581,-4.98161863,0.07764111,0,0,0,0,1
515,107083,0.27821670,-0.21390258,-0.25413368,3.77372575,-5.07325827,0.03781265,0,0,0,0,1
516,107291,0.29751814,-0.19512971,-0.31731604,4.12344222,-5.10512459,0.04284404,0,0,0,0,1
517,107500,0.29960315,-0.18190363,-0.36782885,4.46340484,-5.10752300,0.03146256,0,0,0,0,1
518,107708,0.29655967,-0.15984985,-0.43017975,4.78882471,-5.10111023,0.00449108,0,0,0,0,1
519,107916,0.30225828,-0.13905094,-0.49028862,5.08957643,-4.99837017,-0.01852696,0,0,0,0,1
520,108125,0.30228098,-0.12525246,-0.53801466,5.40643780,-4.90758479,-0.01006682,0,0,0,0,1
521,108333,0.30468526,-0.11493517,-0.58971295,5.65872573,-4.77324167,-0.03870142,0,0,0,0,1
522,108541,0.29487935,-0.09115402,-0.63364731,5.87194323,-4.59202276,-0.07162592,0,0,0,0,1
523,108750,0.28345719,-0.06913810,-0.66812282,6.06905834,-4.35507816,-0.06605757,0,0,0,0,1
524,108958,0.28639813,-0.05245513,-0.71535379,6.22895881,-4.09359181,-0.09799600,0,0,0,0,1
525,109166,0.27047368,-0.03097149,-0.75591694,6.35532336,-3.81760634,-0.08682708,0,0,0,0,1
526,109375,0.26888044,-0.00971178,-0.80402257,6.44094151,-3.48859439,-0.12303489,0,0,0,0,1
527,109583,0.26591170,0.00188992,-0.82241250,6.47846951,-3.13946935,-0.15301095,0,0,0,0,1
528,109791,0.24825511,0.02414162,-0.85425026,6.46194960,-2.77485796,-0.13495234,0,0,0,0,1
529,110000,0.23900686,0.04556577,-0.87582845,6.42836033,-2.38800037,-0.16138007,0,0,0,0,1
530,110208,0.21522160,0.06689072,-0.91258385,6.35226117,-2.00332507,-0.18064929,0,0,0,0,1
531,110416,0.21586192,0.08265322,-0.92491260,6.21920358,-1.59716192,-0.18506763,0,0,0,0,1
532,110625,0.18120234,0.09297760,-0.93117173,6.12623100,-1.18167861,-0.19290260,0,0,0,0,1
533,110833,0.18799851,0.11907760,-0.95183490,5.94401187,-0.76134105,-0.18948101,0,0,0,0,1
534,111041,0.17363945,0.13564049,-0.94138926,5.80401228,-0.33902584,-0.22424178,0,0,0,0,1
535,111250,0.14498524,0.15070851,-0.94701056,5.56790395,0.07810301,-0.23591010,0,0,0,0,1
536,111458,0.12672504,0.16538667,-0.94629474,5.35212437,0.53757734,-0.20679186,0,0,0,0,1
537,111666,0.11034314,0.18052332,-0.94437416,5.11324237,0.93267950,-0.25394026,0,0,0,0,1
538,111875,0.09842695,0.19869828,-0.93223986,4.81622341,1.35567152,-0.24896880,0,0,0,0,1
539,112083,0.06584716,0.21186146,-0.91940683,4.53337642,1.77025831,-0.25834675,0,0,0,0,1
540,112291,0.05346229,0.22681125,-0.89604516,4.20572919,2.17511039,-0.26487531,0,0,0,0,1
541,112500,0.03679324,0.23893086,-0.86761603,3.88110223,2.56934792,-0.26271708,0,0,0,0,1
542,112708,0.02347774,0.24586024,-0.84731620,3.52716266,2.96101058,-0.26846268,0,0,0,0,1
543,112916,-0.00910560,0.25058841,-0.81091868,3.17615705,3.33300990,-0.25622298,0,0,0,0,1
544,113125,-0.02084902,0.27733212,-0.78864509,2.79511774,3.69140155,-0.25945561,0,0,0,0,1
545,113333,-0.04200922,0.28020927,-0.75397499,2.40694706,4.02436242,-0.26071170,0,0,0,0,1
546,113541,-0.05764606,0.28184347,-0.69897432,2.00262841,4.34887591,-0.25010804,0,0,0,0,1
547,113750,-0.07707316,0.29082851,-0.66506324,1.58649901,4.67473476,-0.26911648,0,0,0,0,1
548,113958,-0.10369854,0.30290028,-0.61662205,1.18330111,4.95309470,-0.24520123,0,0,0,0,1
549,114166,-0.10345146,0.30499374,-0.57160866,0.76015364,5.21892885,-0.24246193,0,0,0,0,1
550,114375,-0.12900873,0.29156867,-0.51501254,0.32073454,5.45617557,-0.23255466,0,0,0,0,1
551,114583,-0.15924442,0.29915564,-0.45468225,-0.08372063,5.67109883,-0.21867051,0,0,0,0,1
552,114791,-0.17385413,0.30053100,-0.41193511,-0.50970714,5.88413561,-0.21190336,0,0,0,0,1
553,115000,-0.18234144,0.30389945,-0.35906246,-0.92985020,6.04758939,-0.19286773,0,0,0,0,1
554,115208,-0.20347745,0.28823226,-0.29865351,-1.35379898,6.19950728,-0.19582034,0,0,0,0,1
555,115416,-0.21587997,0.28847721,-0.23292168,-1.78005753,6.29559930,-0.18200418,0,0,0,0,1
556,115625,-0.21976574,0.27825958,-0.17839301,-2.17590058,6.39544235,-0.16553890,0,0,0,0,1
557,115833,-0.23486381,0.27370178,-0.11540237,-2.58569500,6.45845316,-0.17158727,0,0,0,0,1
558,116041,-0.25348508,0.26751578,-0.05958105,-2.95073219,6.49363428,-0.12793294,0,0,0,0,1
559,116250,-0.26298904,0.25345305,0.01449991,-3.31664280,6.51079709,-0.12155839,0,0,0,0,1
560,116458,-0.28108668,0.24516092,0.07897570,-3.66666300,6.46477612,-0.11702582,0,0,0,0,1
561,116666,-0.27638670,0.23593017,0.13263292,-4.03353706,6.40628480,-0.09911070,0,0,0,0,1
562,116875,-0.29598395,0.22727308,0.19484150,-4.37247275,6.36773175,-0.07085053,0,0,0,0,1
563,117083,-0.29589885,0.20520732,0.25967617,-4.66864001,6.25454884,-0.07030110,0,0,0,0,1
564,117291,-0.30093836,0.19658419,0.32067484,-4.95488089,6.13555131,-0.03748669,0,0,0,0,1
565,117500,-0.29266331,0.17883482,0.37623186,-5.21844024,5.96870967,-0.01923191,0,0,0,0,1
566,117708,-0.29780205,0.16706275,0.43265477,-5.43772288,5.77792985,-0.01854734,0,0,0,0,1
567,117916,-0.29684464,0.13840184,0.48470372,-5.67245671,5.58235441,-0.00541472,0,0,0,0,1
568,118125,-0.30594211,0.12407032,0.54208200,-5.85561315,5.35087004,0.03129613,0,0,0,0,1
569,118333,-0.29030710,0.10727838,0.59117432,-6.03056083,5.09646546,0.04414881,0,0,0,0,1
570,118541,-0.29315008,0.08578720,0.63203006,-6.17575194,4.84301528,0.05483943,0,0,0,0,1
571,118750,-0.29493932,0.07409832,0.67926323,-6.29632823,4.53662258,0.07291145,0,0,0,0,1
572,118958,-0.28473673,0.05408266,0.72585764,-6.39712618,4.20946930,0.08390854,0,0,0,0,1
573,119166,-0.26667347,0.03649661,0.76456443,-6.45027617,3.88004043,0.10419875,0,0,0,0,1
574,119375,-0.27079919,0.01590631,0.79225319,-6.47014429,3.54589989,0.12771108,0,0,0,0,1
575,119583,-0.25588216,0.00535659,0.82925065,-6.49833579,3.16721978,0.14351189,0,0,0,0,1
576,119791,-0.24669692,-0.02040991,0.85606543,-6.47573667,2.79645024,0.15676686,0,0,0,0,1
577,120000,-0.23875926,-0.04069597,0.87364052,-6.44065250,2.41320832,0.15946558,0,0,0,0,1
578,120208,-0.21985512,-0.06367331,0.91195111,-6.35948420,2.02352335,0.16258813,0,0,0,0,1
579,120416,-0.20668404,-0.07362542,0.91960557,-6.25836151,1.58784172,0.20893035,0,0,0,0,1
580,120625,-0.19522384,-0.10194567,0.93068934,-6.10774029,1.18762002,0.18635778,0,0,0,0,1
581,120833,-0.18010874,-0.11585465,0.94371495,-5.97100692,0.75829628,0.21095176,0,0,0,0,1
582,121041,-0.16805780,-0.13808924,0.94682823,-5.78603153,0.33585483,0.21843853,0,0,0,0,1
583,121250,-0.15439931,-0.15248323,0.95690893,-5.56634870,-0.08910446,0.24536212,0,0,0,0,1
584,121458,-0.12471034,-0.16762671,0.95291973,-5.34558938,-0.51143817,0.24865060,0,0,0,0,1
585,121666,-0.11435060,-0.18134237,0.93996442,-5.09864197,-0.91908853,0.21945503,0,0,0,0,1
586,121875,-0.09019201,-0.20616244,0.93355191,-4.82295592,-1.35571122,0.23005747,0,0,0,0,1
587,122083,-0.07202023,-0.21423440,0.91403123,-4.52924247,-1.75952366,0.26580832,0,0,0,0,1
588,122291,-0.05393387,-0.23301369,0.88654334,-4.20515762,-2.17965966,0.26390838,0,0,0,0,1
589,122500,-0.02501312,-0.24217805,0.87222016,-3.88770481,-2.56918230,0.25091781,0,0,0,0,1
590,122708,-0.02208286,-0.25114345,0.84282359,-3.53653456,-2.97644176,0.26259219,0,0,0,0,1
591,122916,0.00291515,-0.26033593,0.81184906,-3.17484248,-3.35318647,0.25713219,0,0,0,0,1
592,123125,0.02366476,-0.27098144,0.78479214,-2.78085897,-3.66281089,0.25655289,0,0,0,0,1
593,123333,0.04608863,-0.28342730,0.75536276,-2.38991741,-4.01833741,0.26219135,0,0,0,0,1
594,123541,0.06214607,-0.28142826,0.70099573,-2.00122870,-4.36162464,0.25937670,0,0,0,0,1
595,123750,0.07801869,-0.29901507,0.66296059,-1.59061669,-4.65548896,0.24745351,0,0,0,0,1
596,123958,0.09345009,-0.29345196,0.61626615,-1.16145067,-4.93847378,0.24063461,0,0,0,0,1
597,124166,0.11724547,-0.29735157,0.57703351,-0.75066071,-5.20539332,0.23377340,0,0,0,0,1
598,124375,0.13055286,-0.29931388,0.51416740,-0.34087286,-5.47885362,0.22611819,0,0,0,0,1
599,124583,0.15770263,-0.29326924,0.47175306,0.08538110,-5.68640118,0.21160889,0,0,0,0,1
600,124791,0.16335815,-0.29802932,0.39889362,0.51979036,-5.87281737,0.22422730,0,0,0,0,1
601,125000,0.18719039,-0.28800566,0.34801938,0.95394225,-6.04818294,0.23131298,0,0,0,0,1
602,125208,0.20878674,-0.28606375,0.29708375,1.36375836,-6.18796393,0.19195255,0,0,0,0,1
603,125416,0.22130686,-0.29160024,0.22252974,1.76579766,-6.31303978,0.18034970,0,0,0,0,1
604,125624,0.22981525,-0.28255536,0.17108212,2.18846238,-6.38407838,0.19784480,0,0,0,0,1
605,125833,0.23984059,-0.27769256,0.10410235,2.56739425,-6.45389704,0.13977787,0,0,0,0,1
606,126041,0.25606506,-0.26069991,0.04221172,2.95702103,-6.49870449,0.13498154,0,0,0,0,1
607,126250,0.27039170,-0.25494061,-0.00450085,3.35396602,-6.50228009,0.13030206,0,0,0,0,1
608,126458,0.26598885,-0.25251037,-0.07021506,3.68272463,-6.47818000,0.10999144,0,0,0,0,1
609,126666,0.27167970,-0.23107552,-0.13622301,4.03105609,-6.41668132,0.08918772,0,0,0,0,1
610,126874,0.28006462,-0.22225045,-0.19197533,4.35815656,-6.36172699,0.10061377,0,0,0,0,1
611,127083,0.28822309,-0.20471008,-0.25628763,4.64897713,-6.25044248,0.07327113,0,0,0,0,1
612,127291,0.29370644,-0.20105353,-0.31314396,4.95750226,-6.13348618,0.05182794,0,0,0,0,1
613,127500,0.30659288,-0.17977738,-0.37446026,5.21299751,-5.98362528,0.04036201,0,0,0,0,1
614,127708,0.30046059,-0.16113514,-0.43415239,5.45911576,-5.76961328,0.01680392,0,0,0,0,1
615,127916,0.29763638,-0.14916198,-0.49014523,5.67457771,-5.59046786,0.00511252,0,0,0,0,1
616,128124,0.30737258,-0.12651053,-0.54004595,5.85865913,-5.36609469,-0.01271052,0,0,0,0,1
617,128333,0.29607696,-0.11341607,-0.59706426,6.04807948,-5.09764177,-0.05616377,0,0,0,0,1
618,128541,0.29781334,-0.09140375,-0.63578341,6.19728843,-4.83500160,-0.05449443,0,0,0,0,1
619,128750,0.28400463,-0.06939873,-0.67354013,6.29105825,-4.52700376,-0.07099019,0,0,0,0,1
620,128958,0.28894244,-0.05246900,-0.72727688,6.39374047,-4.22813731,-0.09673719,0,0,0,0,1
621,129166,0.27445314,-0.04188537,-0.76240215,6.46673635,-3.87003453,-0.10919776,0,0,0,0,1
622,129374,0.26571128,-0.00801900,-0.80807561,6.48915936,-3.53879989,-0.12060135,0,0,0,0,1
623,129583,0.24850774,0.00869000,-0.82907730,6.49884401,-3.17229649,-0.13418345,0,0,0,0,1
624,129791,0.24407607,0.02565808,-0.84337603,6.48333530,-2.78168630,-0.13158400,0,0,0,0,1
625,130000,0.22870217,0.05287565,-0.88218632,6.42932989,-2.39365120,-0.15148288,1,0,1,0,1
626,130208,0.22363749,0.06259422,-0.89926981,6.36056498,-1.99833408,-0.17679822,1,0,1,0,1
627,130416,0.20411835,0.08581057,-0.92388610,6.24845407,-1.57558388,-0.17485936,1,0,1,0,1
628,130624,0.18619953,0.09125063,-0.93171760,6.12792012,-1.17374902,-0.20104224,1,0,1,0,1
629,130833,0.18221413,0.12639327,-0.94706715,5.96705185,-0.77376106,-0.22971832,1,0,1,0,1
630,131041,0.15943557,0.14029328,-0.94808025,5.79055203,-0.33321279,-0.22046992,1,0,1,0,1
631,131250,0.14240451,0.16148210,-0.95866210,5.58800645,0.09115585,-0.21501183,1,0,1,0,1
632,131458,0.14171983,0.16723322,-0.94159390,5.34623535,0.50387202,-0.21667933,1,0,1,0,1
633,131666,0.10776927,0.19665459,-0.93765148,5.09481889,0.94615286,-0.23996427,1,0,1,0,1
634,131875,0.09749536,0.20488490,-0.92543431,4.82657950,1.34420011,-0.24929787,1,0,1,0,1
635,132083,0.06764994,0.21935120,-0.91608091,4.51894971,1.76835657,-0.25255459,1,0,1,0,1
636,132291,0.05595137,0.22395593,-0.89256573,4.21119248,2.16690994,-0.26050758,1,0,1,0,1
637,132500,0.03803540,0.24313195,-0.86482310,3.87361746,2.58078100,-0.25964405,1,0,1,0,1
638,132708,0.00640969,0.25334246,-0.84939688,3.53392876,2.94049422,-0.26934593,1,0,1,0,1
639,132916,-0.01086990,0.26253382,-0.81171599,3.17683807,3.33243494,-0.27250446,1,0,1,0,1
640,133125,-0.01789494,0.27317727,-0.78197387,2.80189092,3.70007622,-0.26124558,1,0,1,0,1
641,133333,-0.04551449,0.27089716,-0.73719491,2.41618238,4.01865901,-0.25961169,1,0,1,0,1
642,133541,-0.06238419,0.29031486,-0.70850673,2.00409429,4.35641848,-0.26600212,1,0,1,0,1
643,133750,-0.07646960,0.28674728,-0.66441215,1.58202886,4.64430730,-0.24956511,1,0,1,0,1
644,133958,-0.09405041,0.29501123,-0.61095045,1.16609620,4.93788621,-0.24238112,1,0,1,0,1
645,134166,-0.12199123,0.29685961,-0.56813082,0.76156621,5.20235931,-0.23196817,1,0,1,0,1
646,134375,-0.13674765,0.29971356,-0.51388871,0.32995937,5.47594823,-0.25528106,1,0,1,0,1
647,134583,-0.15644743,0.29323544,-0.45940857,-0.10031658,5.66553107,-0.22016519,1,0,1,0,1
648,134791,-0.17135030,0.29171154,-0.40701844,-0.50732571,5.86250069,-0.20443457,1,0,1,0,1
649,135000,-0.18929664,0.29512160,-0.35979120,-0.92353393,6.04161147,-0.19775197,1,0,1,0,1
650,135208,-0.20325471,0.28515496,-0.28949226,-1.35332592,6.17731383,-0.18764999,1,0,1,0,1
651,135416,-0.20532531,0.28368053,-0.23644401,-1.76170556,6.31216833,-0.18329682,1,0,1,0,1
652,135625,-0.23106221,0.28549170,-0.17996188,-2.18075405,6.39301696,-0.17581241,1,0,1,0,1
653,135833,-0.25414767,0.27382830,-0.10236789,-2.57608384,6.45381766,-0.15459865,1,0,1,0,1
654,136041,-0.25312887,0.26589032,-0.04329727,-2.98709602,6.48806367,-0.13631149,1,0,1,0,1
655,136250,-0.27081844,0.26503695,0.00704042,-3.31823051,6.48849438,-0.12153141,1,0,1,0,1
656,136458,-0.26923628,0.23464118,0.06351586,-3.67986375,6.49146042,-0.09711654,1,0,1,0,1
657,136666,-0.27966153,0.23306523,0.13586335,-4.02914595,6.43801508,-0.10182179,1,0,1,0,1
658,136875,-0.27478608,0.22358695,0.20667203,-4.34119230,6.37483011,-0.08029844,1,0,1,0,1
659,137083,-0.28576568,0.21130253,0.25378783,-4.65604661,6.26406880,-0.06324894,1,0,1,0,1
660,137291,-0.30570680,0.18788244,0.31575269,-4.94611203,6.11987116,-0.05800707,1,0,1,0,1
661,137500,-0.30445895,0.18111365,0.37041771,-5.20043828,5.96384890,-0.03632892,1,0,1,0,1
662,137708,-0.30112277,0.16115829,0.43379293,-5.45941139,5.80488574,-0.01602986,1,0,1,0,1
663,137916,-0.29869013,0.15330586,0.48603300,-5.67893115,5.58099474,0.00174143,1,0,1,0,1
664,138125,-0.29440718,0.13322275,0.53492564,-5.87380736,5.35324879,0.01457594,1,0,1,0,1
665,138333,-0.29399650,0.10957078,0.58139945,-6.05105790,5.09803960,0.04880709,1,0,1,0,1
666,138541,-0.29078961,0.09224328,0.63753861,-6.16552821,4.82564776,0.05671299,1,0,1,0,1
667,138750,-0.29122054,0.07489981,0.68541969,-6.31093494,4.53346374,0.07747696,1,0,1,0,1
668,138958,-0.28451378,0.05518279,0.72012496,-6.39482747,4.22940333,0.08302467,1,0,1,0,1
669,139166,-0.27390511,0.03457619,0.76498987,-6.45224679,3.91119392,0.09239198,1,0,1,0,1
670,139375,-0.26556812,0.01411673,0.79701342,-6.48587962,3.53305643,0.12335494,1,0,1,0,1
671,139583,-0.25538504,0.00539535,0.83954300,-6.49301223,3.16836672,0.10312626,1,0,1,0,1
672,139791,-0.25149759,-0.01967987,0.86495379,-6.49438597,2.79248397,0.15019074,1,0,1,0,1
673,140000,-0.23571927,-0.04196564,0.88521846,-6.44458739,2.40882045,0.13802284,1,0,1,1,1
674,140208,-0.21790144,-0.05978432,0.90459759,-6.35241595,1.99965659,0.18290058,1,0,1,1,1
675,140416,-0.21215604,-0.08544275,0.92199759,-6.23840350,1.57795800,0.16751195,1,0,1,1,1
676,140625,-0.19214869,-0.10160718,0.93475323,-6.10965761,1.16261718,0.18855755,1,0,1,1,1
677,140833,-0.18378204,-0.12438063,0.94343819,-5.95780752,0.77333177,0.21602857,1,0,1,1,1
678,141041,-0.16354780,-0.13670095,0.94022328,-5.79015466,0.32777630,0.20467418,1,0,1,1,1
679,141250,-0.14333503,-0.15872996,0.95890811,-5.58687569,-0.10185202,0.22708045,1,0,1,1,1
680,141458,-0.12493755,-0.17176794,0.94130330,-5.36454525,-0.49311520,0.24984695,1,0,1,1,1
681,141666,-0.11541325,-0.18711110,0.94677362,-5.09478282,-0.93339128,0.25485605,1,0,1,1,1
682,141875,-0.10818011,-0.20394326,0.92342299,-4.81704768,-1.36276710,0.25094799,1,0,1,1,1
683,142083,-0.06690438,-0.21078189,0.91178792,-4.52805801,-1.78302344,0.26610033,1,0,1,1,1
684,142291,-0.04815340,-0.21656833,0.89543516,-4.20510396,-2.16265628,0.25930226,1,0,1,1,1
685,142500,-0.04485920,-0.24798503,0.87266437,-3.87653774,-2.58584722,0.25019330,1,0,1,1,1
686,142708,-0.01302638,-0.24771264,0.83802817,-3.52979632,-2.97119397,0.24401615,1,0,1,1,1
687,142916,0.00466704,-0.26219239,0.81975011,-3.17008047,-3.32514542,0.26014002,1,0,1,1,1
688,143125,0.03069454,-0.27652151,0.77907384,-2.80857669,-3.69913937,0.25950035,1,0,1,1,1
689,143333,0.04975487,-0.28246620,0.74781279,-2.40206897,-4.04100018,0.27277656,1,0,1,1,1
690,143541,0.06739379,-0.28467535,0.71448399,-2.01528071,-4.35000338,0.25616476,1,0,1,1,1
691,143750,0.08020387,-0.29049694,0.66159733,-1.59337000,-4.65720424,0.25953346,1,0,1,1,1
692,143958,0.08851712,-0.29330214,0.61693501,-1.20412639,-4.96310476,0.24997945,1,0,1,1,1
693,144166,0.12102170,-0.30207379,0.56163841,-0.75956864,-5.20619065,0.23947605,1,0,1,1,1
694,144375,0.13094254,-0.30871548,0.51653255,-0.32757513,-5.47260105,0.21768944,1,0,1,1,1
695,144583,0.14476233,-0.29951802,0.45724046,0.07623846,-5.67278717,0.21178548,1,0,1,1,1
696,144791,0.18478806,-0.29382190,0.40718123,0.52218202,-5.88244040,0.21817606,1,0,1,1,1
697,145000,0.18252389,-0.30281295,0.35289232,0.93095209,-6.03535397,0.20615996,1,0,1,1,1
698,145208,0.20374023,-0.28985952,0.28657511,1.36124884,-6.18351223,0.17716999,1,0,1,1,1
699,145416,0.21957088,-0.28780149,0.22860417,1.76907537,-6.30744691,0.17488848,1,0,1,1,1
700,145625,0.23060276,-0.27589150,0.17567203,2.17421642,-6.39994361,0.15281872,1,0,1,1,1
701,145833,0.22635121,-0.27315578,0.10979190,2.58437851,-6.45521183,0.16645167,1,0,1,1,1
702,146041,0.25926402,-0.25803154,0.04786846,2.96403913,-6.49777982,0.14205057,1,0,1,1,1
703,146250,0.26165973,-0.25179161,-0.00632420,3.31056335,-6.50758933,0.13441225,1,0,1,1,1
704,146458,0.27310669,-0.25627003,-0.08106827,3.67882639,-6.48220802,0.09891341,1,0,1,1,1
705,146666,0.27502754,-0.23830454,-0.14381421,4.02425559,-6.42451295,0.09234204,1,0,1,1,1
706,146875,0.28077993,-0.23145779,-0.19686969,4.36792439,-6.37070236,0.07414952,1,0,1,1,1
707,147083,0.28647248,-0.20276730,-0.24806366,4.65645596,-6.26065572,0.05897018,1,0,1,1,1
708,147291,0.29091470,-0.19587025,-0.31518898,4.93610327,-6.11296793,0.06257245,1,0,1,1,1
709,147500,0.29477591,-0.17754683,-0.37628245,5.20878659,-5.97419807,0.03642546,1,0,1,1,1
710,147708,0.30560375,-0.17199701,-0.43077312,5.44962254,-5.76434676,0.01869279,1,0,1,1,1
711,147916,0.29771955,-0.15475555,-0.48866426,5.66878841,-5.57078919,-0.00736991,1,0,1,1,1
712,148125,0.30166893,-0.13123698,-0.53287102,5.87017228,-5.35889237,-0.02531023,1,0,1,1,1
713,148333,0.29385778,-0.11154610,-0.59309622,6.04715903,-5.10964960,-0.03277860,1,0,1,1,1
714,148541,0.29535557,-0.09666563,-0.63804747,6.18965274,-4.81905111,-0.03340524,1,0,1,1,1
715,148750,0.28842595,-0.07442970,-0.67334380,6.31717268,-4.50912542,-0.07323196,1,0,1,1,1
716,148958,0.27957922,-0.05358197,-0.72241014,6.39701635,-4.22600079,-0.10196741,1,0,1,1,1
717,149166,0.26847164,-0.03283351,-0.75806839,6.46145644,-3.86770308,-0.10607760,1,0,1,1,1
718,149375,0.26905583,-0.01681195,-0.80209465,6.49362837,-3.52430258,-0.11620326,1,0,1,1,1
719,149583,0.25269590,0.00855886,-0.83288178,6.49325983,-3.17949181,-0.12198933,1,0,1,1,1
720,149791,0.24950261,0.02776922,-0.85798807,6.47415159,-2.77717312,-0.14160804,1,0,1,1,1
721,150000,0.22748208,0.05122240,-0.88221896,6.42121000,-2.40220821,-0.15865272,1,0,1,1,1
722,150208,0.21911994,0.07079894,-0.90580870,6.33894749,-1.99654543,-0.18098154,1,0,1,1,1
723,150416,0.19815049,0.07995303,-0.92861302,6.25965455,-1.59366515,-0.18336263,1,0,1,1,1
724,150625,0.18947111,0.09450882,-0.93302404,6.12756082,-1.19513974,-0.21417124,1,0,1,1,1
725,150833,0.17690331,0.11727629,-0.94340357,5.95755809,-0.76554318,-0.20172782,1,0,1,1,1
726,151041,0.16977435,0.13872194,-0.94397550,5.79156631,-0.32801976,-0.23202573,1,0,1,1,1
727,151250,0.15353863,0.15238720,-0.95869747,5.58549206,0.10342088,-0.22658210,1,0,1,1,1
728,151458,0.13401429,0.16906343,-0.95276163,5.35984033,0.51219270,-0.23737649,1,0,1,1,1
729,151666,0.11383638,0.18642328,-0.94372503,5.09650357,0.93383088,-0.23124626,1,0,1,1,1
730,151875,0.09340297,0.19881184,-0.94008065,4.81885369,1.37120794,-0.25519021,1,0,1,1,1
731,152083,0.07052755,0.21150867,-0.91144704,4.52428565,1.79184010,-0.27095875,1,0,1,1,1
732,152291,0.05324983,0.22324172,-0.89807200,4.22419753,2.18449172,-0.25560953,1,0,1,1,1
733,152500,0.03155703,0.24511488,-0.87505034,3.89243129,2.57037543,-0.25106531,1,0,1,1,1
734,152708,0.02074693,0.25085605,-0.84571412,3.52593345,2.96364006,-0.24582567,1,0,1,1,1
735,152916,-0.00635851,0.26445162,-0.82158616,3.17030221,3.33425081,-0.26320324,1,0,1,1,1
736,153125,-0.01832108,0.27072560,-0.78403250,2.78841868,3.69392084,-0.24902238,1,0,1,1,1
737,153333,-0.05042117,0.27516031,-0.74075443,2.39669587,4.03979834,-0.25536329,1,0,1,1,1
738,153541,-0.05515145,0.28326027,-0.71349219,2.00617584,4.36015125,-0.24930919,1,0,1,1,1
739,153750,-0.08557613,0.28305333,-0.66617986,1.59483896,4.68040950,-0.24639748,1,0,1,1,1
740,153958,-0.10278609,0.29633987,-0.61411042,1.15392709,4.95019585,-0.26161122,1,0,1,1,1
741,154166,-0.11757469,0.30671336,-0.55850709,0.75936914,5.20524796,-0.25138634,1,0,1,1,1
742,154375,-0.14361592,0.30081629,-0.51220486,0.34798559,5.46507952,-0.24144872,1,0,1,1,1
743,154583,-0.15393769,0.30428246,-0.46283994,-0.09165468,5.67554989,-0.22928024,1,0,1,1,1
744,154791,-0.17266939,0.29300127,-0.39979226,-0.50266402,5.87491588,-0.22081951,1,0,1,1,1
745,155000,-0.18021058,0.28715728,-0.35569555,-0.93645606,6.04826665,-0.20609227,1,0,1,1,1
746,155208,-0.20437154,0.29150026,-0.28771230,-1.33823269,6.19475903,-0.19448745,1,0,1,1,1
747,155416,-0.20823569,0.30138703,-0.23060340,-1.75090344,6.28487502,-0.18455987,1,0,1,1,1
748,155625,-0.22783723,0.27399177,-0.16787309,-2.15616285,6.39793485,-0.15491386,1,0,1,1,1
749,155833,-0.24465305,0.28109881,-0.10078628,-2.56525577,6.44972640,-0.14598942,1,0,1,1,1
750,156041,-0.25045861,0.26865526,-0.05251594,-2.95457864,6.49112211,-0.14519062,1,0,1,1,1
751,156250,-0.26117294,0.26048216,0.01137637,-3.34166099,6.47707461,-0.11538842,1,0,1,1,1
752,156458,-0.27621067,0.24815030,0.07462178,-3.70085522,6.48753177,-0.08602102,1,0,1,1,1
753,156666,-0.28100777,0.23258538,0.14276056,-4.01549326,6.44009538,-0.09441463,1,0,1,1,1
754,156875,-0.28494903,0.22093045,0.19111366,-4.36290008,6.36706684,-0.08960657,1,0,1,1,1
755,157083,-0.28459806,0.21298836,0.26423292,-4.64536848,6.25649396,-0.06830917,1,0,1,1,1
756,157291,-0.28821997,0.19912616,0.30669768,-4.95446439,6.11509928,-0.04011432,1,0,1,1,1
757,157500,-0.29950904,0.17172611,0.37790203,-5.23286073,5.95274192,-0.03755425,1,0,1,1,1
758,157708,-0.29512360,0.16356776,0.42687216,-5.46363462,5.79851517,-0.02087540,1,0,1,1,1
759,157916,-0.29148758,0.14481148,0.48499840,-5.68865311,5.59098975,0.00198372,1,0,1,1,1
760,158125,-0.30127814,0.12260244,0.53655587,-5.85519441,5.35354318,0.03013391,1,0,1,1,1
761,158333,-0.29978484,0.11708987,0.58995769,-6.04250397,5.09953432,0.04290961,1,0,1,1,1
762,158541,-0.29419899,0.09055576,0.63709368,-6.18700160,4.83594720,0.06796790,1,0,1,1,1
763,158750,-0.28396141,0.07414441,0.68786058,-6.30693006,4.51869322,0.05767045,1,0,1,1,1
764,158958,-0.27942797,0.06028827,0.71668941,-6.39261441,4.21229594,0.08245369,1,0,1,1,1
765,159166,-0.27607931,0.03917717,0.76204994,-6.45288261,3.89744150,0.09426753,1,0,1,1,1
766,159375,-0.26431291,0.02183325,0.79841688,-6.49708623,3.51938224,0.10969370,1,0,1,1,1
767,159583,-0.26486917,-0.00980432,0.82760550,-6.51561826,3.17824052,0.13159685,1,0,1,1,1
768,159791,-0.25275519,-0.01617021,0.85838505,-6.49516232,2.78258116,0.15160209,1,0,1,1,1
769,160000,-0.23175572,-0.04637549,0.88172385,-6.44124029,2.39683809,0.15536932,1,0,1,1,1
770,160208,-0.23270019,-0.06729236,0.91188586,-6.37145033,2.00041462,0.18057320,1,0,1,1,1
771,160416,-0.21279253,-0.07918416,0.92527371,-6.24118239,1.59656187,0.17296974,1,0,1,1,1
772,160625,-0.18871873,-0.10262943,0.93739478,-6.12952554,1.17859369,0.20698992,1,0,1,1,1
773,160833,-0.17778700,-0.11499573,0.95511852,-5.98679413,0.76225925,0.20240199,1,0,1,1,1
774,161041,-0.15873186,-0.14034906,0.94818965,-5.78428462,0.34036042,0.22961656,1,0,1,1,1
775,161250,-0.14682432,-0.15309292,0.95401825,-5.59023250,-0.10065479,0.23840171,1,0,1,1,1
776,161458,-0.11651770,-0.16186117,0.94376470,-5.34301413,-0.51949471,0.22340894,1,0,1,1,1
777,161666,-0.10194090,-0.18342268,0.93984195,-5.10727516,-0.94203785,0.24049043,1,0,1,1,1
778,161875,-0.09531623,-0.20136186,0.92735226,-4.83001835,-1.34799519,0.24365430,1,0,1,1,1
779,162083,-0.08631982,-0.21340400,0.91425511,-4.50832487,-1.77422891,0.24713469,1,0,1,1,1
780,162291,-0.05709266,-0.23978256,0.89865975,-4.21527076,-2.18900300,0.26096115,1,0,1,1,1
781,162500,-0.02150927,-0.24155020,0.87196701,-3.88348320,-2.57664261,0.25995372,1,0,1,1,1
782,162708,-0.01519041,-0.25786110,0.84727679,-3.53320065,-2.94660667,0.25398347,1,0,1,1,1
783,162916,-0.00262644,-0.26324677,0.81226623,-3.17647415,-3.32544951,0.25470184,1,0,1,1,1
784,163125,0.02530659,-0.27655690,0.77612567,-2.77128314,-3.68242883,0.26995968,1,0,1,1,1
785,163333,0.04136014,-0.27734821,0.74402981,-2.41121003,-4.04049521,0.24184885,1,0,1,1,1
786,163541,0.05728129,-0.29530671,0.70105246,-1.98953944,-4.34046884,0.25018580,1,0,1,1,1
787,163750,0.07278393,-0.29122241,0.66678339,-1.59701992,-4.65531769,0.25908691,1,0,1,1,1
788,163958,0.09768681,-0.28847290,0.61724855,-1.18239617,-4.94296373,0.23780176,1,0,1,1,1
789,164166,0.11807621,-0.29320922,0.56569185,-0.76333190,-5.21563634,0.23928447,1,0,1,1,1
790,164375,0.14176181,-0.30007837,0.51711969,-0.35373116,-5.44018643,0.23177766,1,0,1,1,1
791,164583,0.15366178,-0.29502707,0.46306022,0.08779834,-5.68904377,0.22186197,1,0,1,1,1
792,164791,0.17116460,-0.29959607,0.40206331,0.52499598,-5.88541706,0.21286398,1,0,1,1,1
793,165000,0.18026642,-0.29675380,0.34993169,0.93898444,-6.04587690,0.18891172,1,0,1,1,1
794,165208,0.19861048,-0.29803911,0.29200213,1.34657500,-6.18726556,0.18767450,1,0,1,1,1
795,165416,0.21544758,-0.28973627,0.23703746,1.77703005,-6.30164069,0.17800394,1,0,1,1,1
796,165625,0.22727816,-0.27755273,0.16455642,2.17503233,-6.38878764,0.18668893,1,0,1,1,1
797,165833,0.24233651,-0.27226914,0.10887364,2.56930011,-6.44542193,0.14675394,1,0,1,1,1
798,166041,0.24770139,-0.25839277,0.05457493,2.94101657,-6.49094536,0.11384897,1,0,1,1,1
799,166250,0.26543463,-0.25336118,-0.01482283,3.32289563,-6.50395510,0.14294975,1,0,1,1,1
800,166458,0.27783666,-0.25213852,-0.07090357,3.68599607,-6.48175238,0.11632487,1,0,1,1,1
801,166666,0.26922487,-0.24563286,-0.13487164,4.02802533,-6.42394655,0.09617029,1,0,1,1,1
802,166875,0.28443573,-0.22014906,-0.19433171,4.36284530,-6.36180048,0.07672881,1,0,1,1,1
803,167083,0.29964909,-0.20596906,-0.25998277,4.64126173,-6.25499845,0.04994046,1,0,1,1,1
804,167291,0.28585513,-0.19454802,-0.32523897,4.93813046,-6.13003600,0.06186884,1,0,1,1,1
805,167500,0.29381972,-0.17143166,-0.37669873,5.20878679,-5.96366144,0.02746573,1,0,1,1,1
806,167708,0.30481362,-0.16216989,-0.42962109,5.45943121,-5.78224913,0.00573899,1,0,1,1,1
807,167916,0.30080014,-0.14152270,-0.48091004,5.67508688,-5.57274743,0.01793794,1,0,1,1,1
808,168125,0.29876990,-0.12742359,-0.54322890,5.86762598,-5.35405701,-0.02101773,1,0,1,1,1
809,168333,0.29002606,-0.10986400,-0.59050828,6.04977259,-5.10068071,-0.03015204,1,0,1,1,1
810,168541,0.29590917,-0.08644901,-0.63825083,6.22106237,-4.83679240,-0.03391095,1,0,1,1,1
811,168750,0.29457663,-0.06281550,-0.67285317,6.29966422,-4.54669617,-0.06944341,1,0,1,1,1
812,168958,0.28445411,-0.05455303,-0.72366272,6.40687689,-4.21992512,-0.08827352,1,0,1,1,1
813,169166,0.27262360,-0.03160766,-0.76030402,6.47367655,-3.88587784,-0.10865563,1,0,1,1,1
814,169375,0.26626606,-0.01288587,-0.79635375,6.48531551,-3.53610480,-0.11923801,1,0,1,1,1
815,169583,0.25311311,0.00326001,-0.84061600,6.50109603,-3.15988532,-0.12240681,1,0,1,1,1
816,169791,0.24512203,0.02014432,-0.85669304,6.45990178,-2.80485707,-0.15161142,1,0,1,1,1
817,170000,0.22753272,0.04899732,-0.88375317,6.42837299,-2.41812318,-0.15333751,1,0,1,1,1
818,170208,0.22030462,0.07039873,-0.90947650,6.36278110,-2.01924062,-0.17787258,1,0,1,1,1
819,170416,0.21292055,0.08215168,-0.91070420,6.25066937,-1.59743314,-0.18056255,1,0,1,1,1
820,170625,0.19478930,0.09855858,-0.92727213,6.12648571,-1.16202025,-0.18697402,1,0,1,1,1
821,170833,0.17834687,0.12421828,-0.94240803,5.97443249,-0.74508508,-0.21136461,1,0,1,1,1
822,171041,0.15875652,0.13213045,-0.94834996,5.79130629,-0.32289585,-0.19994466,1,0,1,1,1
823,171250,0.14699942,0.15581319,-0.94259875,5.58518415,0.08636908,-0.21477356,1,0,1,1,1
824,171458,0.13059748,0.17227396,-0.94156134,5.35571725,0.50504189,-0.23639141,1,0,1,1,1
825,171666,0.10717169,0.18655927,-0.94159970,5.10404019,0.94404860,-0.24768481,1,0,1,1,1
826,171875,0.08988079,0.20641975,-0.92832102,4.82767578,1.37521830,-0.27079584,1,0,1,1,1
827,172083,0.06592974,0.21694506,-0.91068109,4.52393138,1.76909748,-0.24269078,1,0,1,1,1
828,172291,0.05850037,0.22837798,-0.89834246,4.20464142,2.16783435,-0.24909522,1,0,1,1,1
829,172500,0.04335731,0.23794010,-0.85941827,3.88387212,2.56720731,-0.26026366,1,0,1,1,1
830,172708,0.01283515,0.25098398,-0.84145896,3.52793947,2.95316109,-0.28238803,1,0,1,1,1
831,172916,-0.00109357,0.25991767,-0.81773651,3.18435531,3.34700658,-0.27661633,1,0,1,1,1
832,173125,-0.01881630,0.26970191,-0.75898636,2.77544180,3.68634899,-0.27416092,1,0,1,1,1
833,173333,-0.04390017,0.28237018,-0.74739121,2.39730985,4.04094327,-0.25359982,1,0,1,1,1
834,173541,-0.06034831,0.28224956,-0.69961834,2.00931009,4.36111842,-0.25725807,1,0,1,1,1
835,173750,-0.08593919,0.29487347,-0.66414485,1.57966594,4.66661737,-0.24390843,1,0,1,1,1
836,173958,-0.09649673,0.29984497,-0.61811769,1.17031647,4.95918094,-0.25689977,1,0,1,1,1
837,174166,-0.12186049,0.30581782,-0.56507077,0.75362269,5.22513714,-0.24020289,1,0,1,1,1
838,174375,-0.13522233,0.30282359,-0.51564937,0.35116887,5.45262102,-0.22860273,1,0,1,1,1
839,174583,-0.15093343,0.30188837,-0.46289555,-0.09632565,5.66344363,-0.20864684,1,0,1,1,1
840,174791,-0.16910264,0.30326853,-0.40683685,-0.51231651,5.86748229,-0.21615455,1,0,1,1,1
841,175000,-0.18190011,0.30016559,-0.34648026,-0.94133969,6.03571859,-0.20139526,1,0,1,1,1
842,175208,-0.20721139,0.29775364,-0.28647862,-1.36239105,6.19774811,-0.20761303,1,0,1,1,1
843,175416,-0.21257249,0.28247976,-0.21655250,-1.75772731,6.30615171,-0.19158684,1,0,1,1,1
844,175625,-0.22932041,0.27808011,-0.16656590,-2.18710828,6.37595423,-0.16717736,1,0,1,1,1
845,175833,-0.24060994,0.27185210,-0.11221536,-2.57147494,6.44794047,-0.14389182,1,0,1,1,1
846,176041,-0.25224414,0.27479562,-0.05229246,-2.95534821,6.48630256,-0.14850086,1,0,1,1,1
847,176250,-0.26280757,0.24667781,0.01762791,-3.31652100,6.50758311,-0.13428779,1,0,1,1,1
848,176458,-0.26376031,0.25294398,0.07407666,-3.68935890,6.47422834,-0.12932211,1,0,1,1,1
849,176666,-0.27562944,0.23509535,0.13324428,-4.04387358,6.44259420,-0.11559724,1,0,1,1,1
850,176875,-0.29816737,0.22331495,0.19201203,-4.36711012,6.34509708,-0.10462265,1,0,1,1,1
851,177083,-0.28699594,0.21056548,0.25772263,-4.67039523,6.23467269,-0.05578642,1,0,1,1,1
852,177291,-0.29228802,0.18465749,0.31047200,-4.93852348,6.12672802,-0.05080569,1,0,1,1,1
853,177500,-0.30147234,0.17650262,0.37915354,-5.21618388,5.95128522,-0.02791736,1,0,1,1,1
854,177708,-0.29777195,0.16565239,0.42613284,-5.44936394,5.78598956,-0.01845977,1,0,1,1,1
855,177916,-0.30000802,0.15066018,0.49091114,-5.65739952,5.58462144,0.00979261,1,0,1,1,1
856,178125,-0.29795217,0.13324700,0.54568835,-5.86230566,5.36353577,0.02656860,1,0,1,1,1
857,178333,-0.30071827,0.11139380,0.58802179,-6.03119478,5.10807817,0.03590648,1,0,1,1,1
858,178541,-0.30043950,0.09925609,0.62647656,-6.18104332,4.81404473,0.04091051,1,0,1,1,1
859,178750,-0.28204903,0.07322586,0.69031683,-6.31121919,4.52032048,0.08459691,1,0,1,1,1
860,178958,-0.28510499,0.05607411,0.72323725,-6.37198419,4.20358397,0.07369482,1,0,1,1,1
861,179166,-0.27882906,0.03790050,0.76604850,-6.46225061,3.87780273,0.09552192,1,0,1,1,1
862,179375,-0.26463026,0.01262195,0.79104661,-6.48220276,3.54779180,0.11733344,1,0,1,1,1
863,179583,-0.25989362,-0.00207745,0.83733703,-6.48970903,3.19954993,0.12247458,1,0,1,1,1
864,179791,-0.24581805,-0.02502748,0.84722364,-6.49269622,2.79479004,0.15460255,1,0,1,1,1
865,180000,-0.23924370,-0.04444573,0.87554182,-6.44668409,2.40082846,0.16033813,1,0,1,1,1
866,180208,-0.22029853,-0.06056630,0.91111248,-6.35107360,1.99892687,0.17936874,1,0,1,1,1
867,180416,-0.20419520,-0.07869229,0.91584587,-6.26405567,1.58605019,0.17357678,1,0,1,1,1
868,180625,-0.19364215,-0.09994537,0.93923550,-6.11083282,1.15833444,0.20857201,1,0,1,1,1
869,180833,-0.18446286,-0.11885368,0.94706808,-5.97517837,0.77022654,0.20943435,1,0,1,1,1
870,181041,-0.16121992,-0.13409959,0.95298102,-5.77695646,0.33810636,0.22568936,1,0,1,1,1
871,181250,-0.15009810,-0.15260539,0.95650210,-5.57176386,-0.09488729,0.23336072,1,0,1,1,1
872,181458,-0.12787975,-0.17406120,0.94187286,-5.34997313,-0.51228273,0.22849989,1,0,1,1,1
873,181666,-0.12062252,-0.18089955,0.94904539,-5.10108060,-0.93570093,0.25424789,1,0,1,1,1
874,181875,-0.08789028,-0.20428900,0.92845862,-4.82071433,-1.34758744,0.24257970,1,0,1,1,1
875,182083,-0.07229836,-0.20955522,0.91784620,-4.53242987,-1.76750674,0.25272732,1,0,1,1,1
876,182291,-0.05348743,-0.22515695,0.90423931,-4.21903396,-2.17751411,0.26536189,1,0,1,1,1
877,182500,-0.03003527,-0.23761940,0.87286107,-3.89620999,-2.57132756,0.23420005,1,0,1,1,1
878,182708,-0.02390749,-0.24566168,0.85851284,-3.52593419,-2.96481759,0.26468670,1,0,1,1,1
879,182916,0.00013939,-0.25977035,0.80550424,-3.17425600,-3.33920629,0.26782413,1,0,1,1,1
880,183125,0.02192327,-0.25905849,0.79126419,-2.78619106,-3.67907572,0.25321854,1,0,1,1,1
881,183333,0.03200775,-0.27862197,0.74278950,-2.39724121,-4.01030831,0.26147525,1,0,1,1,1
882,183541,0.06397491,-0.29500480,0.69890736,-2.01583220,-4.36342580,0.27338985,1,0,1,1,1
883,183750,0.07645801,-0.29232872,0.67607513,-1.58940625,-4.67669691,0.24677506,1,0,1,1,1
884,183958,0.10673023,-0.28747058,0.60954108,-1.17082914,-4.96199780,0.24861548,1,0,1,1,1
885,184166,0.11443263,-0.28673036,0.56245549,-0.75696701,-5.21768795,0.22573907,1,0,1,1,1
886,184375,0.14217550,-0.28867263,0.52154310,-0.32909574,-5.46227439,0.23850645,1,0,1,1,1
887,184583,0.14884451,-0.29223700,0.46794446,0.09543064,-5.66564670,0.22927007,1,0,1,1,1
888,184791,0.17619366,-0.29845430,0.40702258,0.53392815,-5.85810705,0.22505504,1,0,1,1,1
889,185000,0.18487065,-0.29750408,0.34504491,0.94032663,-6.02262368,0.18742405,1,0,1,1,1
890,185208,0.19760748,-0.28320449,0.29148094,1.36815280,-6.17021786,0.19870764,1,0,1,1,1
891,185416,0.22416703,-0.28537976,0.23163198,1.75633780,-6.29578107,0.19355671,1,0,1,1,1
892,185625,0.23315994,-0.28385041,0.16676346,2.17344276,-6.40304293,0.17414106,1,0,1,1,1
893,185833,0.23978834,-0.27046813,0.10836657,2.57796049,-6.45297150,0.15560063,1,0,1,1,1
894,186041,0.24333695,-0.27291088,0.05553733,2.95462208,-6.49825953,0.12157888,1,0,1,1,1
895,186250,0.25704758,-0.26166107,-0.00970324,3.33457741,-6.52151488,0.11741972,1,0,1,1,1
896,186458,0.27146093,-0.25362592,-0.07117831,3.69280321,-6.47971271,0.10336068,1,0,1,1,1
897,186666,0.27576904,-0.23436084,-0.13935401,4.03456634,-6.43698076,0.10783882,1,0,1,1,1
898,186875,0.28047901,-0.21800976,-0.20307208,4.34571974,-6.36852394,0.06340221,1,0,1,1,1
899,187083,0.28997050,-0.20697441,-0.25027111,4.66538036,-6.25916024,0.08676325,1,0,1,1,1
900,187291,0.29933102,-0.20106091,-0.32135812,4.94021158,-6.10566336,0.04176596,1,0,1,1,1
901,187500,0.30687437,-0.17767055,-0.38196417,5.20857643,-5.95930610,0.03352444,1,0,1,1,1
902,187708,0.29496413,-0.16591366,-0.43043291,5.47250860,-5.76981025,0.01719035,1,0,1,1,1
903,187916,0.29665401,-0.15175396,-0.48664388,5.68358394,-5.58129266,-0.01208638,1,0,1,1,1
904,188125,0.30428934,-0.13439274,-0.54224251,5.87045411,-5.36949602,-0.02427460,1,0,1,1,1
905,188333,0.29160763,-0.10532188,-0.59428585,6.03928285,-5.11831974,-0.05591452,1,0,1,1,1
906,188541,0.29070559,-0.09053922,-0.64203386,6.19247666,-4.83903492,-0.04380878,1,0,1,1,1
907,188750,0.28934048,-0.06835614,-0.67922614,6.31364732,-4.50798455,-0.06384011,1,0,1,1,1
908,188958,0.28832339,-0.04337828,-0.72735294,6.39683121,-4.21433277,-0.09367244,1,0,1,1,1
909,189166,0.26772113,-0.03380473,-0.75478648,6.46731121,-3.88068948,-0.09404219,1,0,1,1,1
910,189375,0.26622602,-0.00877982,-0.79263375,6.49118990,-3.53448369,-0.11838703,1,0,1,1,1
911,189583,0.25241391,0.00290661,-0.82847440,6.50500490,-3.16578539,-0.15278727,1,0,1,1,1
912,189791,0.25291716,0.02362769,-0.85761979,6.47372458,-2.80373471,-0.13627506,1,0,1,1,1
913,190000,0.23731613,0.04542254,-0.87540746,6.43225858,-2.40606278,-0.15906662,1,0,1,1,1
914,190208,0.22166830,0.06358521,-0.89702926,6.33975705,-2.02115861,-0.16551292,1,0,1,1,1
915,190416,0.20794467,0.08411603,-0.91434627,6.24774281,-1.58976225,-0.18529271,1,0,1,1,1
916,190625,0.19706722,0.09423989,-0.92917187,6.11961174,-1.17271073,-0.20130439,1,0,1,1,1
917,190833,0.17573178,0.12435446,-0.94528398,5.96862489,-0.76489636,-0.21014691,1,0,1,1,1
918,191041,0.16181410,0.13383698,-0.93894948,5.78452694,-0.35393559,-0.23029940,1,0,1,1,1
919,191250,0.14416247,0.15410643,-0.94956276,5.56343973,0.08847737,-0.22216322,1,0,1,1,1
920,191458,0.12869819,0.17168688,-0.94682912,5.36440852,0.52599220,-0.23238628,1,0,1,1,1
921,191666,0.11620100,0.19294218,-0.94197332,5.10110859,0.92621497,-0.24264366,1,0,1,1,1
922,191875,0.08854195,0.20517225,-0.93234095,4.83191402,1.34823484,-0.25464223,1,0,1,1,1
923,192083,0.07697896,0.21339889,-0.91316595,4.53673047,1.77002768,-0.26497974,1,0,1,1,1
924,192291,0.05556326,0.21848652,-0.89855993,4.20771846,2.17684727,-0.24713161,1,0,1,1,1
925,192500,0.03398471,0.24406386,-0.87462715,3.88094251,2.57745817,-0.27546346,1,0,1,1,1
926,192708,0.01894561,0.25859000,-0.83883196,3.53697332,2.97162094,-0.25140767,1,0,1,1,1
927,192916,-0.00416703,0.25774364,-0.81235258,3.17451629,3.32063038,-0.28069761,1,0,1,1,1
928,193125,-0.02193672,0.27335838,-0.77901450,2.80326308,3.67571831,-0.26490824,1,0,1,1,1
929,193333,-0.03770503,0.28128338,-0.75218509,2.41502330,4.02445948,-0.25159299,1,0,1,1,1
930,193541,-0.06487212,0.29145955,-0.69273935,2.01710212,4.34341322,-0.24517954,1,0,1,1,1
931,193750,-0.08418326,0.28846792,-0.66527259,1.59214459,4.65173782,-0.25348728,1,0,1,1,1
932,193958,-0.09799790,0.29958180,-0.61641472,1.16084961,4.94557226,-0.23794529,1,0,1,1,1
933,194166,-0.11925819,0.29672675,-0.56679248,0.76633665,5.20544830,-0.25087983,1,0,1,1,1
934,194375,-0.13171844,0.29510006,-0.51457349,0.33685620,5.46596744,-0.23979000,1,0,1,1,1
935,194583,-0.14365744,0.29672973,-0.46255810,-0.10245591,5.66196052,-0.21895116,1,0,1,1,1
936,194791,-0.16277712,0.29931756,-0.41028499,-0.52559314,5.86849833,-0.21819716,1,0,1,1,1
937,195000,-0.19082555,0.29994301,-0.35515203,-0.94330796,6.02444852,-0.21092209,1,0,1,1,1
938,195208,-0.19778815,0.29478625,-0.29527122,-1.35962680,6.18679670,-0.19558781,1,0,1,1,1
939,195416,-0.22426793,0.28719766,-0.24621957,-1.77876466,6.30434640,-0.18505244,1,0,1,1,1
940,195625,-0.22681950,0.28143514,-0.16451454,-2.16893271,6.41193468,-0.17115217,1,0,1,1,1
941,195833,-0.24187496,0.26943861,-0.09848142,-2.56581514,6.46580237,-0.14019455,1,0,1,1,1
942,196041,-0.24954174,0.25821460,-0.03981091,-2.95555007,6.47500257,-0.12998439,1,0,1,1,1
943,196250,-0.26211304,0.25207857,0.01736819,-3.33992723,6.50458569,-0.11777918,1,0,1,1,1
944,196458,-0.27320484,0.24033237,0.07906487,-3.68376845,6.47748478,-0.11155989,1,0,1,1,1
945,196666,-0.27787174,0.24361490,0.13878345,-4.03238130,6.43724914,-0.09307769,1,0,1,1,1
946,196875,-0.27967262,0.22511053,0.19980618,-4.37326487,6.34878800,-0.08989013,1,0,1,1,1
947,197083,-0.27960107,0.21338151,0.25733892,-4.65523984,6.26248528,-0.04469655,1,0,1,1,1
948,197291,-0.28853260,0.19641367,0.31522334,-4.95590867,6.12441594,-0.05464860,1,0,1,1,1
949,197500,-0.29392325,0.17668757,0.36514723,-5.21707178,5.96366365,-0.01617020,1,0,1,1,1
950,197708,-0.29509524,0.16163133,0.43236147,-5.45750953,5.77776630,-0.01501567,1,0,1,1,1
951,197916,-0.30071652,0.13715947,0.48587622,-5.69126106,5.56959753,0.01670020,1,0,1,1,1
952,198125,-0.29937667,0.12584625,0.53966999,-5.86547939,5.34427472,0.01584033,1,0,1,1,1
953,198333,-0.29327052,0.10716945,0.59166754,-6.03956050,5.09612734,0.04440010,1,0,1,1,1
954,198541,-0.30164580,0.08330304,0.63765947,-6.18262758,4.83483218,0.06847428,1,0,1,1,1
955,198750,-0.28661129,0.07656021,0.68224548,-6.30835376,4.54330075,0.08478133,1,0,1,1,1
956,198958,-0.28339261,0.05306646,0.72003095,-6.38955198,4.20483106,0.08944212,1,0,1,1,1
957,199166,-0.27667653,0.04075159,0.76222840,-6.45245919,3.87875500,0.10293984,1,0,1,1,1
958,199375,-0.27254442,0.02094857,0.79905642,-6.49165497,3.52502788,0.12361439,1,0,1,1,1
959,199583,-0.25667739,0.00502355,0.82655024,-6.49389928,3.15572518,0.14457632,1,0,1,1,1
960,199791,-0.25059636,-0.01823147,0.85671320,-6.48022885,2.79353308,0.15562356,1,0,1,1,1
961,200000,-0.23436004,-0.04190676,0.87383507,-6.44808404,2.41311095,0.16461757,1,0,1,1,1
962,200208,-0.22234637,-0.06331914,0.91450057,-6.36157843,2.01030743,0.18681170,1,0,1,1,1
963,200416,-0.21233716,-0.08449349,0.91521724,-6.25830274,1.59459303,0.17348750,1,0,1,1,1
964,200625,-0.18920502,-0.09438961,0.93857173,-6.12161903,1.18011670,0.20374580,1,0,1,1,1
965,200833,-0.18042193,-0.12366625,0.94731644,-5.97463541,0.75188590,0.20166176,1,0,1,1,1
966,201041,-0.16059909,-0.13666029,0.94515910,-5.79138076,0.33392677,0.23630552,1,0,1,1,1
967,201250,-0.15157094,-0.15318661,0.95505566,-5.57791094,-0.10205871,0.23605082,1,0,1,1,1
968,201458,-0.13028521,-0.17002073,0.94979668,-5.34595233,-0.50009802,0.22036001,1,0,1,1,1
969,201666,-0.11581385,-0.19423040,0.93425881,-5.09639409,-0.92384419,0.22848193,1,0,1,1,1
970,201875,-0.09242108,-0.20102634,0.92713052,-4.82339154,-1.36472669,0.23359587,1,0,1,1,1
971,202083,-0.07207690,-0.21620570,0.91178638,-4.52749437,-1.76471071,0.25727041,1,0,1,1,1
972,202291,-0.05292976,-0.22244907,0.89771584,-4.19383651,-2.17310535,0.26397517,1,0,1,1,1
973,202500,-0.02675452,-0.23487844,0.87546200,-3.87977876,-2.56693143,0.23906721,1,0,1,1,1
974,202708,-0.01098442,-0.25577685,0.84283669,-3.53663988,-2.96303151,0.25375333,1,0,1,1,1
975,202916,-0.00313898,-0.25644402,0.81826165,-3.17183171,-3.34447370,0.25539459,1,0,1,1,1
976,203125,0.02786769,-0.27429475,0.78077157,-2.77814342,-3.67551132,0.26231191,1,0,1,1,1
977,203333,0.03982692,-0.28116193,0.74635201,-2.40948115,-4.01831193,0.25408230,1,0,1,1,1
978,203541,0.06659906,-0.28495264,0.70766847,-2.00241479,-4.35697819,0.25654867,1,0,1,1,1
979,203750,0.07339299,-0.28782708,0.66550886,-1.58730566,-4.67929140,0.23904882,1,0,1,1,1
980,203958,0.09961116,-0.30079345,0.61354423,-1.16923668,-4.95900085,0.23082898,1,0,1,1,1
981,204166,0.12055694,-0.29538278,0.55995991,-0.77455925,-5.20651917,0.23095503,1,0,1,1,1
982,204375,0.13188943,-0.30097576,0.51559381,-0.33026316,-5.45566587,0.23082610,1,0,1,1,1
983,204583,0.16038802,-0.30306123,0.46370314,0.07960931,-5.68163003,0.22414913,1,0,1,1,1
984,204791,0.18029729,-0.30463216,0.39810945,0.54538757,-5.87209184,0.19711682,1,0,1,1,1
985,205000,0.18572041,-0.29513836,0.34965130,0.93663688,-6.04521307,0.19544904,1,0,1,1,1
986,205208,0.20501117,-0.28911259,0.28945368,1.35440683,-6.16809198,0.19681992,1,0,1,1,1
987,205416,0.21965393,-0.29596171,0.22970903,1.79188436,-6.32113266,0.19512471,1,0,1,1,1
988,205625,0.22532805,-0.28823889,0.16795562,2.17236023,-6.38524433,0.15885165,1,0,1,1,1
989,205833,0.23741993,-0.28034884,0.11385196,2.56370111,-6.45859499,0.16416249,1,0,1,1,1
990,206041,0.25355404,-0.26500025,0.04271026,2.97089439,-6.48701526,0.12931794,1,0,1,1,1
991,206250,0.26923523,-0.25530754,-0.01026725,3.35339637,-6.50007231,0.14297349,1,0,1,1,1
992,206458,0.27591693,-0.24640157,-0.07026449,3.68743898,-6.47294757,0.09649926,1,0,1,1,1
993,206666,0.27119789,-0.24276930,-0.13047334,4.02973414,-6.42452754,0.07717050,1,0,1,1,1
994,206875,0.29132173,-0.22340180,-0.19722285,4.34273002,-6.37006270,0.07815632,1,0,1,1,1
995,207083,0.29655511,-0.21806832,-0.25236449,4.67572828,-6.25212644,0.04921524,1,0,1,1,1
996,207291,0.28068083,-0.19367019,-0.31962496,4.94363194,-6.13278656,0.04839174,1,0,1,1,1
997,207500,0.30161274,-0.17532897,-0.37606344,5.20477177,-5.98763409,0.02088442,1,0,1,1,1
998,207708,0.29973181,-0.17423772,-0.42789414,5.46653721,-5.77851411,0.02013027,1,0,1,1,1
999,207916,0.30644251,-0.15455956,-0.48606809,5.65981382,-5.56465354,-0.00567522,1,0,1,1,1
1000,208125,0.30398795,-0.13272493,-0.54237806,5.87563437,-5.35477007,-0.02945280,1,0,1,1,1
1001,208333,0.29965418,-0.11409352,-0.59443661,6.01874248,-5.11152161,-0.03453969,1,0,1,1,1
1002,208541,0.29425579,-0.09247275,-0.63250189,6.19123069,-4.81580088,-0.06335367,1,0,1,1,1
1003,208750,0.29051554,-0.06551143,-0.68039607,6.30137213,-4.54080343,-0.07176849,1,0,1,1,1
1004,208958,0.27504853,-0.05381139,-0.72293932,6.40126997,-4.23338217,-0.09342151,1,0,1,1,1
1005,209166,0.26746299,-0.04012995,-0.75911604,6.44284616,-3.89567651,-0.09565837,1,0,1,1,1
1006,209375,0.27022835,-0.03089128,-0.80249057,6.49024209,-3.51314934,-0.13091539,1,0,1,1,1
1007,209583,0.25826974,0.01015763,-0.82750673,6.48945874,-3.15782532,-0.14939548,1,0,1,1,1
1008,209791,0.25031297,0.02212287,-0.85850018,6.46646103,-2.78354060,-0.14165963,1,0,1,1,1
1009,210000,0.23314519,0.04812169,-0.88841265,6.43672481,-2.40662310,-0.17500358,1,0,1,1,1
1010,210208,0.21913076,0.06344059,-0.90665046,6.36579469,-2.01593583,-0.17289422,1,0,1,1,1
1011,210416,0.20670774,0.08055381,-0.91488941,6.22942333,-1.59908864,-0.17595085,1,0,1,1,1
1012,210625,0.19063829,0.09745954,-0.93761519,6.13626952,-1.17596760,-0.19083089,1,0,1,1,1
1013,210833,0.18458633,0.12096216,-0.94271263,5.98419950,-0.74113587,-0.21092027,1,0,1,1,1
1014,211041,0.16675065,0.14102629,-0.94501548,5.80945253,-0.33499754,-0.20824908,1,0,1,1,1
1015,211250,0.14918004,0.15849112,-0.95274828,5.56254405,0.09285987,-0.22724822,1,0,1,1,1
1016,211458,0.13610545,0.17238305,-0.93663578,5.36686201,0.50562150,-0.24625281,1,0,1,1,1
1017,211666,0.10718495,0.18560928,-0.93554752,5.10234453,0.92716632,-0.22213375,1,0,1,1,1
1018,211875,0.08607455,0.20482071,-0.93133293,4.82310980,1.34112307,-0.25416551,1,0,1,1,1
1019,212083,0.07254954,0.21122838,-0.91339659,4.54921253,1.74426275,-0.24940864,1,0,1,1,1
1020,212291,0.05653863,0.23287829,-0.91903722,4.21532668,2.17924917,-0.25520977,1,0,1,1,1
1021,212500,0.03158056,0.23506716,-0.87023640,3.88379274,2.59779652,-0.27190032,1,0,1,1,1
1022,212708,0.01005764,0.25532817,-0.83311865,3.51735592,2.97054325,-0.25060710,1,0,1,1,1
1023,212916,-0.00832682,0.26630924,-0.81482576,3.15145589,3.33454266,-0.26345947,1,0,1,1,1
1024,213125,-0.01973017,0.27166082,-0.78445223,2.79329545,3.69628424,-0.25035768,1,0,1,1,1
1025,213333,-0.04043933,0.27984407,-0.74292248,2.42218434,4.03068024,-0.26760880,1,0,1,1,1
1026,213541,-0.05571304,0.28646252,-0.71356095,2.01304144,4.36022983,-0.26239461,1,0,1,1,1
1027,213750,-0.07460998,0.28918358,-0.65544239,1.60310326,4.66912438,-0.24640282,1,0,1,1,1
1028,213958,-0.09905200,0.29178496,-0.61677032,1.16339267,4.94753805,-0.23421144,1,0,1,1,1
1029,214166,-0.12829739,0.29979082,-0.57127656,0.76316864,5.19293744,-0.23265267,1,0,1,1,1
1030,214375,-0.13526816,0.29953566,-0.51966410,0.34466355,5.46508031,-0.24942873,1,0,1,1,1
1031,214583,-0.15338984,0.30118949,-0.46127953,-0.08790831,5.66689647,-0.21448437,1,0,1,1,1
1032,214791,-0.16893012,0.30200957,-0.40372446,-0.53454954,5.86182443,-0.21921200,1,0,1,1,1
1033,215000,-0.18932491,0.30162183,-0.35146749,-0.92094270,6.03692213,-0.21707184,1,0,1,1,1
1034,215208,-0.20702409,0.29177590,-0.28935632,-1.35413227,6.18440993,-0.18224657,1,0,1,1,1
1035,215416,-0.21391208,0.28507641,-0.23086206,-1.78473643,6.31070438,-0.18704404,1,0,1,1,1
1036,215625,-0.23597980,0.28246541,-0.17863615,-2.15921827,6.40565424,-0.15875921,1,0,1,1,1
1037,215833,-0.23571643,0.27457698,-0.10716783,-2.57401396,6.45959758,-0.15304577,1,0,1,1,1
1038,216041,-0.25885274,0.25961116,-0.04711578,-2.94990241,6.49998361,-0.14009473,1,0,1,1,1
1039,216250,-0.27180341,0.25596466,0.01215050,-3.33500234,6.49977677,-0.11664217,1,0,1,1,1
1040,216458,-0.26878164,0.24348143,0.08104031,-3.69590175,6.46938962,-0.12108411,1,0,1,1,1
1041,216666,-0.28043073,0.23383668,0.13675700,-4.02089936,6.44654302,-0.08499238,1,0,1,1,1
1042,216875,-0.29491286,0.22424258,0.20155591,-4.36755701,6.34455222,-0.09625531,1,0,1,1,1
1043,217083,-0.29430433,0.19826386,0.25198816,-4.64285215,6.24163810,-0.06182417,1,0,1,1,1
1044,217291,-0.29153586,0.19560718,0.32463793,-4.94780587,6.12413302,-0.03102540,1,0,1,1,1
1045,217500,-0.29667567,0.18324722,0.38349759,-5.21202412,5.96791666,-0.02100132,1,0,1,1,1
1046,217708,-0.30147989,0.16531449,0.42601908,-5.45519071,5.78973981,-0.01316007,1,0,1,1,1
1047,217916,-0.29999011,0.14246531,0.48079585,-5.66949303,5.59991002,0.01926459,1,0,1,1,1
1048,218125,-0.30005770,0.13805241,0.53979779,-5.87852298,5.35039805,0.01350308,1,0,1,1,1
1049,218333,-0.30256680,0.10557224,0.59722676,-6.04036882,5.09039560,0.04089751,1,0,1,1,1
1050,218541,-0.30124351,0.09332743,0.64179157,-6.16328748,4.83016458,0.05217165,1,0,1,1,1
1051,218750,-0.28957029,0.08233951,0.68123769,-6.29381748,4.54830159,0.07170124,1,0,1,1,1
1052,218958,-0.27948501,0.05192549,0.72340310,-6.39702521,4.22565417,0.09534612,1,0,1,1,1
1053,219166,-0.27717870,0.03368190,0.75765205,-6.46506747,3.88495813,0.10456677,1,0,1,1,1
1054,219375,-0.26554879,0.01587748,0.80071107,-6.50709135,3.53332656,0.11021142,1,0,1,1,1
1055,219583,-0.25215969,-0.00152802,0.82457197,-6.49196547,3.17935474,0.10779834,1,0,1,1,1
1056,219791,-0.25373573,-0.01118159,0.86519028,-6.48889311,2.77927326,0.15967150,1,0,1,1,1
1057,220000,-0.23178154,-0.04202945,0.88515132,-6.42271542,2.39781201,0.16887413,1,0,1,1,1
1058,220208,-0.23062106,-0.06277643,0.89706777,-6.35574622,1.99250598,0.17971064,1,0,1,1,1
1059,220416,-0.19827072,-0.07967138,0.92314073,-6.25221798,1.61036102,0.19044075,1,0,1,1,1
1060,220625,-0.19724910,-0.10971423,0.93466112,-6.12753810,1.19960957,0.19631577,1,0,1,1,1
1061,220833,-0.17381301,-0.11283767,0.93704260,-5.97578532,0.77158211,0.19676085,1,0,1,1,1
1062,221041,-0.16272327,-0.12529022,0.94690931,-5.79565884,0.33103894,0.22081720,1,0,1,1,1
1063,221250,-0.15132356,-0.14197546,0.95429434,-5.57781436,-0.10798017,0.22697243,1,0,1,1,1
1064,221458,-0.13932462,-0.16826420,0.94946420,-5.36234158,-0.51507660,0.24756317,1,0,1,1,1
1065,221666,-0.10964576,-0.19037428,0.94037106,-5.10569590,-0.94581766,0.24050181,1,0,1,1,1
1066,221875,-0.09210238,-0.20357603,0.92825387,-4.83420984,-1.35823639,0.25553005,1,0,1,1,1
1067,222083,-0.07238036,-0.21528892,0.90840847,-4.51512812,-1.76958514,0.25010301,1,0,1,1,1
1068,222291,-0.05763666,-0.22971693,0.89380000,-4.23617500,-2.16205247,0.25881662,1,0,1,1,1
1069,222500,-0.03493600,-0.24317303,0.87424824,-3.87747388,-2.57082563,0.24694047,1,0,1,1,1
1070,222708,-0.01298651,-0.25497416,0.84381861,-3.51316807,-2.95332090,0.24316475,1,0,1,1,1
1071,222916,0.00878220,-0.26566156,0.81980397,-3.19071397,-3.31529420,0.25701591,1,0,1,1,1
1072,223125,0.02376580,-0.27748610,0.77675140,-2.78696705,-3.68389734,0.26715086,1,0,1,1,1
1073,223333,0.03402683,-0.27676974,0.74551272,-2.41119218,-4.03484297,0.25887509,1,0,1,1,1
1074,223541,0.06198950,-0.27919537,0.70604241,-1.99377297,-4.36570243,0.25030858,1,0,1,1,1
1075,223750,0.07865944,-0.28843160,0.66663403,-1.60591357,-4.65630422,0.24305585,1,0,1,1,1
1076,223958,0.10165957,-0.28678357,0.61887662,-1.16790471,-4.93912087,0.22816360,1,0,1,1,1
1077,224166,0.11959106,-0.29278866,0.56335901,-0.76297091,-5.20796890,0.24394949,1,0,1,1,1
1078,224375,0.13982976,-0.29512207,0.52122436,-0.34585441,-5.45025513,0.22525666,1,0,1,1,1
1079,224583,0.15024338,-0.30606837,0.46103374,0.09115601,-5.65601326,0.19908105,1,0,1,1,1
1080,224791,0.16673026,-0.30359367,0.40491365,0.50938702,-5.86750500,0.21301452,1,0,1,1,1
1081,225000,0.19108717,-0.29911279,0.34974642,0.91563001,-6.04099424,0.21119061,1,0,1,1,1
1082,225208,0.19569951,-0.29476812,0.29307758,1.34494017,-6.17082085,0.21787925,1,0,1,1,1
1083,225416,0.21451076,-0.29428218,0.23935762,1.78482593,-6.30131772,0.19424588,1,0,1,1,1
1084,225625,0.22841726,-0.27556550,0.17488181,2.17379182,-6.39417744,0.17232433,1,0,1,1,1
1085,225833,0.23018348,-0.26824881,0.11678819,2.57834240,-6.44751066,0.15376841,1,0,1,1,1
1086,226041,0.25196366,-0.27140939,0.05297915,2.94741056,-6.49972900,0.14566461,1,0,1,1,1
1087,226250,0.26189568,-0.25906866,-0.00733210,3.33482345,-6.51568421,0.12386986,1,0,1,1,1
1088,226458,0.27120195,-0.25164632,-0.07607471,3.68862604,-6.47056922,0.10328858,1,0,1,1,1
1089,226666,0.27398381,-0.23952535,-0.15025738,4.04287813,-6.41276606,0.08481487,1,0,1,1,1
1090,226875,0.27936835,-0.21721725,-0.19012093,4.35528771,-6.33636322,0.05833856,1,0,1,1,1
1091,227083,0.28401855,-0.21379420,-0.25662297,4.65846680,-6.26050449,0.06561144,1,0,1,1,1
1092,227291,0.30055899,-0.19363902,-0.31225056,4.94432831,-6.12620138,0.04936517,1,0,1,1,1
1093,227500,0.29883057,-0.19371894,-0.38814973,5.21034166,-5.98802405,0.04282824,1,0,1,1,1
1094,227708,0.29598452,-0.15456461,-0.42498411,5.45980960,-5.79031451,-0.01066480,1,0,1,1,1
1095,227916,0.29387593,-0.14598602,-0.47728651,5.67923474,-5.55221179,0.00679980,1,0,1,1,1
1096,228125,0.29238115,-0.12458285,-0.52887436,5.85780180,-5.35836560,-0.01807773,1,0,1,1,1
1097,228333,0.29683722,-0.10940274,-0.59472208,6.05382750,-5.08042386,-0.02517754,1,0,1,1,1
1098,228541,0.29283296,-0.09078642,-0.64645010,6.17287167,-4.83964503,-0.03908168,1,0,1,1,1
1099,228750,0.28031474,-0.07747103,-0.68594868,6.29948279,-4.52841345,-0.08911201,1,0,1,1,1
1100,228958,0.27676104,-0.05968589,-0.72250881,6.39122526,-4.21462038,-0.08220154,1,0,1,1,1
1101,229166,0.27134727,-0.04488681,-0.75845125,6.45400262,-3.87331162,-0.10048245,1,0,1,1,1
1102,229375,0.27120974,-0.00610616,-0.80001992,6.49239229,-3.53853485,-0.11078128,1,0,1,1,1
1103,229583,0.25311078,0.01110878,-0.82567465,6.49013346,-3.18895290,-0.11705377,1,0,1,1,1
1104,229791,0.24640771,0.03036432,-0.85989447,6.48052032,-2.77664015,-0.14911537,1,0,1,1,1
1105,230000,0.24003442,0.04185291,-0.88379277,6.42835120,-2.41163039,-0.16759846,1,0,1,1,1
1106,230208,0.22721908,0.06647000,-0.90451862,6.37114099,-2.01219427,-0.17794651,1,0,1,1,1
1107,230416,0.21205830,0.07847103,-0.92813093,6.25158977,-1.59939184,-0.20289971,1,0,1,1,1
1108,230625,0.20164993,0.10656649,-0.93654526,6.14040734,-1.18978224,-0.17591311,1,0,1,1,1
1109,230833,0.18022747,0.11819796,-0.94436772,5.97263355,-0.76700557,-0.19193712,1,0,1,1,1
1110,231041,0.15910854,0.13441745,-0.95194436,5.78498688,-0.33426932,-0.22057941,1,0,1,1,1
1111,231250,0.15438767,0.14915834,-0.95327175,5.59768314,0.10139199,-0.22479866,1,0,1,1,1
1112,231458,0.13130951,0.16931480,-0.94614281,5.37061176,0.51425536,-0.24526589,1,0,1,1,1
1113,231666,0.10698370,0.18060193,-0.94851754,5.09610798,0.92684172,-0.24820790,1,0,1,1,1
1114,231875,0.09506346,0.19316842,-0.92365432,4.82803235,1.34309947,-0.23859241,1,0,1,1,1
1115,232083,0.06397222,0.21273667,-0.90680218,4.53824544,1.78147969,-0.24824396,1,0,1,1,1
1116,232291,0.05507700,0.22995661,-0.89641540,4.21754503,2.16662977,-0.25220166,1,0,1,1,1
1117,232500,0.02400541,0.23872707,-0.86987154,3.88020931,2.57723167,-0.25949334,1,0,1,1,1
1118,232708,0.01131195,0.24720897,-0.84207872,3.53025760,2.95327809,-0.25241667,1,0,1,1,1
1119,232916,-0.00735299,0.27732623,-0.80998210,3.18524927,3.33399710,-0.27948098,1,0,1,1,1
1120,233125,-0.02973305,0.26863987,-0.78195551,2.80626792,3.69419462,-0.25608352,1,0,1,1,1
1121,233333,-0.04361349,0.28505705,-0.74019677,2.39798450,4.03313682,-0.23856977,1,0,1,1,1
1122,233541,-0.06688825,0.27532139,-0.70150497,1.99987604,4.34908918,-0.24591281,1,0,1,1,1
1123,233750,-0.08192491,0.27687326,-0.66470598,1.58763918,4.66097114,-0.26512472,1,0,1,1,1
1124,233958,-0.09486706,0.30234110,-0.62040385,1.19331808,4.94297374,-0.24169664,1,0,1,1,1
1125,234166,-0.12395116,0.29933347,-0.57263330,0.75408370,5.22354041,-0.24303346,1,0,1,1,1
1126,234375,-0.13334108,0.30415597,-0.52374105,0.33701178,5.46035516,-0.21649531,1,0,1,1,1
1127,234583,-0.14289258,0.30293030,-0.46488238,-0.08042013,5.65832575,-0.22274832,1,0,1,1,1
1128,234791,-0.17017592,0.29120981,-0.40722722,-0.53620465,5.87855021,-0.19248273,1,0,1,1,1
1129,235000,-0.19431459,0.29819295,-0.35499506,-0.93901148,6.04353276,-0.18223700,1,0,1,1,1
1130,235208,-0.19943915,0.29887980,-0.29592133,-1.37463865,6.16178306,-0.18826695,1,0,1,1,1
1131,235416,-0.21657492,0.27992491,-0.23864119,-1.75488593,6.29433572,-0.17944662,1,0,1,1,1
1132,235625,-0.22164750,0.28060892,-0.16822716,-2.19338603,6.40349513,-0.15509131,1,0,1,1,1
1133,235833,-0.24659238,0.27856365,-0.10996697,-2.59265020,6.45817574,-0.16231799,1,0,1,1,1
1134,236041,-0.25300592,0.26180598,-0.04663055,-2.93947962,6.50447203,-0.13746707,1,0,1,1,1
1135,236250,-0.26342797,0.26276602,0.01132379,-3.33543810,6.50509007,-0.12940559,1,0,1,1,1
1136,236458,-0.27187061,0.24287556,0.07355768,-3.70011534,6.48276819,-0.11696666,1,0,1,1,1
1137,236666,-0.28198316,0.22475316,0.13711451,-4.04420800,6.43752072,-0.08706198,1,0,1,1,1
1138,236875,-0.28553999,0.22472456,0.19139820,-4.35050904,6.35273245,-0.07921781,1,0,1,1,1
1139,237083,-0.28706552,0.21451830,0.25873914,-4.65742568,6.26457919,-0.04263833,1,0,1,1,1
1140,237291,-0.29517520,0.20177669,0.31650191,-4.94121113,6.12619107,-0.05321795,1,0,1,1,1
1141,237500,-0.29481235,0.18822809,0.36896837,-5.21403968,5.97181903,-0.04046651,1,0,1,1,1
1142,237708,-0.29450112,0.15538855,0.42947986,-5.43471285,5.80212809,-0.01363624,1,0,1,1,1
1143,237916,-0.30186423,0.14633546,0.48440901,-5.67327472,5.59175394,0.00897862,1,0,1,1,1
1144,238125,-0.30783064,0.13476776,0.53493779,-5.87202313,5.35766672,0.01892094,1,0,1,1,1
1145,238333,-0.29903377,0.11422638,0.59563084,-6.05141266,5.09389930,0.04411573,1,0,1,1,1
1146,238541,-0.29963983,0.09075370,0.64159550,-6.19848446,4.82168707,0.04571494,1,0,1,1,1
1147,238750,-0.28353927,0.08166803,0.68009600,-6.28020094,4.53089475,0.07878233,1,0,1,1,1
1148,238958,-0.28280665,0.05760961,0.72480463,-6.40710718,4.19904659,0.07728004,1,0,1,1,1
1149,239166,-0.27268232,0.04098610,0.76017100,-6.46727794,3.89042171,0.08784626,1,0,1,1,1
1150,239375,-0.26434039,0.00881224,0.79706300,-6.49149725,3.53073986,0.10062865,1,0,1,1,1
1151,239583,-0.25215593,-0.00630809,0.83315920,-6.48346601,3.17349806,0.14772353,1,0,1,1,1
1152,239791,-0.24245570,-0.02751664,0.85307280,-6.48987463,2.78595773,0.15361782,1,0,1,1,1
1153,240000,-0.24099422,-0.04379670,0.88072508,-6.43353414,2.41778535,0.16712925,1,0,1,1,1
1154,240208,-0.22709124,-0.06453398,0.90450982,-6.35250995,1.98872461,0.17085868,1,0,1,1,1
1155,240416,-0.20950600,-0.07525953,0.91622078,-6.25169900,1.56819254,0.19449017,1,0,1,1,1
1156,240625,-0.18703301,-0.10400998,0.93633086,-6.11148486,1.18807325,0.19011646,1,0,1,1,1
1157,240833,-0.18651537,-0.11997088,0.94971402,-5.96411754,0.74169391,0.20012587,1,0,1,1,1
1158,241041,-0.16336826,-0.13257797,0.95275967,-5.76447798,0.32353742,0.21960300,1,0,1,1,1
1159,241250,-0.14313489,-0.16001243,0.95399643,-5.57672344,-0.11198426,0.23119462,1,0,1,1,1
1160,241458,-0.13089025,-0.17090361,0.94327695,-5.34886718,-0.50574829,0.22685751,1,0,1,1,1
1161,241666,-0.10258554,-0.18497764,0.93996484,-5.11300425,-0.93148270,0.25196848,1,0,1,1,1
1162,241875,-0.09628806,-0.20305709,0.93417231,-4.82204652,-1.34895736,0.23664890,1,0,1,1,1
1163,242083,-0.07570751,-0.21744857,0.90860639,-4.53920379,-1.75860058,0.25233046,1,0,1,1,1
1164,242291,-0.05152508,-0.22671970,0.88855134,-4.21804767,-2.16817575,0.26214944,1,0,1,1,1
1165,242500,-0.03690853,-0.24480496,0.87224245,-3.88041803,-2.57571882,0.23958611,1,0,1,1,1
1166,242708,-0.01299397,-0.25039360,0.84475840,-3.52866126,-2.95515769,0.25763912,1,0,1,1,1
1167,242916,0.01084250,-0.26412942,0.82154642,-3.16832958,-3.32120311,0.26642348,1,0,1,1,1
1168,243125,0.02183667,-0.26955885,0.78731977,-2.80261186,-3.68323466,0.26209422,1,0,1,1,1
1169,243333,0.03084382,-0.27516545,0.74521414,-2.41290171,-4.03669039,0.26076879,1,0,1,1,1
1170,243541,0.06937527,-0.28310023,0.70374558,-2.01394033,-4.35390471,0.24468788,1,0,1,1,1
1171,243750,0.08832379,-0.29216608,0.66024265,-1.58771595,-4.65928844,0.24562845,1,0,1,1,1
1172,243958,0.09118592,-0.28307435,0.61066671,-1.17965723,-4.93768805,0.25413627,1,0,1,1,1
1173,244166,0.11830237,-0.29518292,0.56441729,-0.75422695,-5.20971079,0.25507828,1,0,1,1,1
1174,244375,0.13671649,-0.30432070,0.51001656,-0.34477006,-5.45238659,0.21987951,1,0,1,1,1
1175,244583,0.15160060,-0.29621907,0.46213467,0.08543743,-5.68210939,0.22050593,1,0,1,1,1
1176,244791,0.17201854,-0.30086531,0.40531548,0.52950007,-5.86549009,0.19714858,1,0,1,1,1
1177,245000,0.18623943,-0.29391342,0.35365499,0.93610630,-6.04363635,0.20497777,1,0,1,1,1
1178,245208,0.20045927,-0.29161596,0.29769805,1.37424936,-6.17834866,0.19567726,1,0,1,1,1
1179,245416,0.21645715,-0.28766345,0.23546825,1.77754210,-6.30312095,0.18056794,1,0,1,1,1
1180,245625,0.23760616,-0.28039347,0.17466752,2.17147244,-6.40046966,0.17601008,1,0,1,1,1
1181,245833,0.23626675,-0.28168427,0.11528166,2.58380721,-6.45800476,0.13537028,1,0,1,1,1
1182,246041,0.24780198,-0.27077588,0.04930280,2.95980849,-6.49689423,0.14014172,1,0,1,1,1
1183,246250,0.26603366,-0.26078725,-0.00206204,3.31827468,-6.50348601,0.13320927,1,0,1,1,1
1184,246458,0.27461360,-0.24945650,-0.07185958,3.68772108,-6.48037258,0.13034454,1,0,1,1,1
1185,246666,0.27294548,-0.22799198,-0.13954101,4.03011456,-6.43214864,0.09763259,1,0,1,1,1
1186,246875,0.28156771,-0.22029880,-0.20085862,4.34699631,-6.37175590,0.08502866,1,0,1,1,1
1187,247083,0.28829617,-0.20762554,-0.26270885,4.65554723,-6.24160873,0.04754631,1,0,1,1,1
1188,247291,0.29184447,-0.19498690,-0.31786480,4.92836672,-6.12989251,0.03502598,1,0,1,1,1
1189,247500,0.29228771,-0.16781059,-0.38271846,5.21345164,-5.95348800,0.04687125,1,0,1,1,1
1190,247708,0.30650770,-0.16642576,-0.43322333,5.45041812,-5.78350256,0.01611499,1,0,1,1,1
1191,247916,0.29614519,-0.14209427,-0.49966943,5.66928170,-5.59397109,-0.00354901,1,0,1,1,1
1192,248125,0.30039131,-0.12446255,-0.53254988,5.87721159,-5.36181021,-0.02361492,1,0,1,1,1
1193,248333,0.29666667,-0.10685047,-0.58934992,6.06896640,-5.09712606,-0.03478288,1,0,1,1,1
1194,248541,0.29366533,-0.09423074,-0.62390756,6.17977546,-4.83568535,-0.06854497,1,0,1,1,1
1195,248750,0.29027763,-0.07862863,-0.68120344,6.30544979,-4.51992097,-0.05909402,1,0,1,1,1
1196,248958,0.27944276,-0.05210920,-0.72370005,6.40295408,-4.21052672,-0.08521002,1,0,1,1,1
1197,249166,0.27575661,-0.03433455,-0.76717241,6.45997614,-3.86097267,-0.11985321,1,0,1,1,1
1198,249375,0.25588549,-0.01635778,-0.79831303,6.49195333,-3.52957639,-0.11574016,1,0,1,1,1
1199,249583,0.25111764,0.00235983,-0.81995162,6.50356770,-3.17941203,-0.14144680,1,0,1,1,1
1200,249791,0.24785675,0.02821807,-0.85694212,6.48264163,-2.78485367,-0.13352823,1,0,1,1,1
1201,250000,0.18049429,0.03237152,-0.86237695,6.55289741,-2.27862440,-0.16355633,1,0,1,1,1
1202,250208,0.16395175,0.04946391,-0.89023661,6.48285816,-1.87836585,-0.17390631,1,0,1,1,1
1203,250416,0.15636844,0.08786894,-0.90156512,6.35377841,-1.46185646,-0.18772667,1,0,1,1,1
1204,250625,0.15093445,0.10373259,-0.91992538,6.19083173,-1.05688778,-0.19492142,1,0,1,1,1
1205,250833,0.14477781,0.11657715,-0.93873505,5.99041513,-0.62281005,-0.19873558,1,0,1,1,1
1206,251041,0.11428761,0.15041575,-0.93901740,5.76651155,-0.20351022,-0.22655712,1,0,1,1,1
1207,251249,0.10241071,0.15815191,-0.93946202,5.49490574,0.20534163,-0.23258827,1,0,1,1,1
1208,251458,0.10347725,0.18377111,-0.95439985,5.21766855,0.58343060,-0.25707200,1,0,1,1,1
1209,251666,0.07745644,0.21300345,-0.94233818,4.87782954,0.98948654,-0.25980032,1,0,1,1,1
1210,251875,0.06434887,0.24903497,-0.93829231,4.54912199,1.34118734,-0.26274463,1,0,1,1,1
1211,252083,0.04361281,0.26667143,-0.91252399,4.21231675,1.68688610,-0.27399692,1,0,1,1,1
1212,252291,0.02386965,0.30307872,-0.89717122,3.81982498,2.00762979,-0.26915080,1,0,1,1,1
1213,252500,-0.00553816,0.32365894,-0.88046512,3.42958035,2.30726366,-0.28850154,1,0,1,1,1
1214,252708,-0.02517312,0.35961435,-0.85585353,3.06632179,2.56639313,-0.28564438,1,0,1,1,1
1215,252916,-0.05371468,0.39062608,-0.82616692,2.66429692,2.81162386,-0.29541364,1,0,1,1,1
1216,253125,-0.07770236,0.41753829,-0.79420352,2.31135194,2.99792162,-0.27810774,1,0,1,1,1
1217,253333,-0.10568073,0.45457995,-0.74882789,1.92023625,3.15926257,-0.28232469,1,0,1,1,1
1218,253541,-0.15059878,0.47861238,-0.72367841,1.55935558,3.27786835,-0.27267454,1,0,1,1,1
1219,253749,-0.18219291,0.50758491,-0.68050514,1.21294282,3.34376450,-0.28556891,1,0,1,1,1
1220,253958,-0.22196854,0.54042157,-0.63361652,0.88216603,3.39984875,-0.24998008,1,0,1,1,1
1221,254166,-0.26106721,0.56561514,-0.58475545,0.57730572,3.39801250,-0.26874357,1,0,1,1,1
1222,254375,-0.30373227,0.59169822,-0.53897212,0.29205506,3.40909131,-0.25951702,1,0,1,1,1
1223,254583,-0.34494439,0.63094538,-0.48570009,0.03553147,3.37788125,-0.24988929,1,0,1,1,1
1224,254791,-0.39774067,0.64347843,-0.43302627,-0.19115480,3.28888450,-0.25204615,1,0,1,1,1
1225,255000,-0.44968354,0.66289691,-0.37773424,-0.40140259,3.17608841,-0.24372247,1,0,1,1,1
1226,255208,-0.49154963,0.67832788,-0.30368073,-0.54358231,3.05498320,-0.23633340,1,0,1,1,1
1227,255416,-0.53757824,0.68963690,-0.25773700,-0.71825431,2.92338596,-0.21799415,1,0,1,1,1
1228,255625,-0.57600666,0.68802728,-0.18938745,-0.82819284,2.75210780,-0.22018902,1,0,1,1,1
1229,255833,-0.62408968,0.70987432,-0.13667186,-0.93422062,2.59102692,-0.20354016,1,0,1,1,1
1230,256041,-0.66450719,0.71541826,-0.07760331,-0.99092258,2.40375158,-0.18716439,1,0,1,1,1
1231,256249,-0.71640653,0.69784649,-0.01616034,-1.03101150,2.20015526,-0.17800997,1,0,1,1,0
1232,256458,-0.75296570,0.69147986,0.05258972,-1.02200504,1.99471490,-0.19704300,1,0,1,1,0
1233,256666,-0.79601672,0.67789785,0.10749455,-1.03011613,1.81435076,-0.16065701,1,0,1,1,0
1234,256875,-0.83634711,0.65487668,0.18713492,-1.01348889,1.60734504,-0.15727373,1,0,1,1,0
1235,257083,-0.86890327,0.62983313,0.24176806,-0.98231155,1.42963651,-0.13942286,1,0,1,1,0
1236,257291,-0.90776222,0.60524718,0.30473177,-0.90469730,1.24914731,-0.11503972,1,0,1,1,0
1237,257500,-0.91400639,0.56253157,0.35906842,-0.84048426,1.06609955,-0.08894808,1,0,1,1,0
1238,257708,-0.92819401,0.53471525,0.41512655,-0.76021616,0.92769750,-0.10926012,1,0,1,1,0
1239,257916,-0.94694786,0.48463667,0.47335929,-0.69694802,0.76281948,-0.09522356,1,0,1,1,0
1240,258125,-0.95799485,0.42847646,0.53898665,-0.61074442,0.64341883,-0.07462317,1,0,1,1,0
1241,258333,-0.95826194,0.38284567,0.58983792,-0.52722957,0.52520730,-0.06217879,1,0,1,1,0
1242,258541,-0.96686918,0.33190658,0.63411748,-0.46870897,0.41316797,-0.06246023,1,0,1,1,0
1243,258749,-0.95425201,0.28024533,0.67519515,-0.37708925,0.31855622,-0.03403272,1,0,1,1,0
1244,258958,-0.94324490,0.22251137,0.72539963,-0.34283003,0.25962982,-0.03887823,1,0,1,1,0
1245,259166,-0.92062362,0.15762263,0.77132991,-0.26805303,0.21024520,-0.03457049,1,0,1,1,0
1246,259375,-0.90156746,0.09215560,0.81178328,-0.23561715,0.15587944,-0.01945921,1,0,1,1,0
1247,259583,-0.86085444,0.02962176,0.84708500,-0.20319987,0.12089545,0.00995134,1,0,1,1,0
1248,259791,-0.82796609,-0.04234998,0.86696291,-0.17470846,0.10465292,0.01017411,1,0,1,1,0
1249,260000,-0.80338490,-0.10080162,0.88697197,-0.16380959,0.08539593,0.00046983,0,0,0,0,0
1250,260208,-0.74172056,-0.16180050,0.91374638,-0.17472152,0.06026560,0.03613382,0,0,0,0,0
1251,260416,-0.70459579,-0.23464986,0.92631908,-0.17990131,0.03826695,0.04169382,0,0,0,0,0
1252,260625,-0.65557565,-0.29605666,0.94948828,-0.18323184,0.04316717,0.06065090,0,0,0,0,0
1253,260833,-0.60085836,-0.35496915,0.95956799,-0.18865609,0.01383653,0.05805851,0,0,0,0,0
1254,261041,-0.54468230,-0.41870182,0.95650158,-0.17788110,0.00066666,0.06617803,0,0,0,0,0
1255,261249,-0.49858543,-0.46179482,0.96172550,-0.16237083,0.00006784,0.06699824,0,0,0,0,0
1256,261458,-0.42801978,-0.52525305,0.96037346,-0.15935515,-0.00033293,0.07074699,0,0,0,0,0
1257,261666,-0.37330046,-0.58304354,0.94058103,-0.16027420,-0.02227019,0.07075353,0,0,0,0,0
1258,261875,-0.29782158,-0.63620636,0.93990119,-0.15498178,-0.05857148,0.07293300,0,0,0,0,0
1259,262083,-0.25561114,-0.66350508,0.91913931,-0.13450780,-0.05959072,0.09144096,0,0,0,0,0
1260,262291,-0.18071998,-0.70975713,0.89538200,-0.13151408,-0.10388683,0.08017113,0,0,0,0,0
1261,262500,-0.11701123,-0.75958077,0.86675881,-0.12663911,-0.10741672,0.08946177,0,0,0,0,0
1262,262708,-0.04603849,-0.78923562,0.84714888,-0.13452676,-0.12352313,0.10898971,0,0,0,0,0
1263,262916,0.01847273,-0.83208813,0.81668503,-0.11576374,-0.13923536,0.10080173,0,0,0,0,0
1264,263125,0.08393219,-0.85656095,0.78865813,-0.08939078,-0.14474987,0.09568129,0,0,0,0,0
1265,263333,0.14413885,-0.88612206,0.73439655,-0.09015322,-0.15573054,0.09470705,0,0,0,0,0
1266,263541,0.21609126,-0.91035075,0.70213571,-0.10379414,-0.17547794,0.08211782,0,0,0,0,0
1267,263750,0.28685637,-0.91819692,0.65744588,-0.07340390,-0.18180573,0.07722067,0,0,0,0,0
1268,263958,0.34851246,-0.93486094,0.60032821,-0.05636392,-0.20382875,0.09026346,0,0,0,0,0
1269,264166,0.40784089,-0.94831889,0.55608263,-0.05792117,-0.23290229,0.08531615,0,0,0,0,0
1270,264375,0.46555419,-0.94862326,0.49046270,-0.04027850,-0.21345809,0.05498541,0,0,0,0,0
1271,264583,0.52375672,-0.95284852,0.45135183,-0.01005964,-0.21950224,0.06708571,0,0,0,0,0
1272,264791,0.57871845,-0.95443116,0.38245972,-0.03831439,-0.22271999,0.05389563,0,0,0,0,0
1273,265000,0.63481083,-0.94810538,0.31963588,-0.02548596,-0.25226072,0.04951625,0,0,0,0,0
1274,265208,0.68980710,-0.92790312,0.26173322,-0.00939880,-0.26013978,0.03745437,0,0,0,0,0
1275,265416,0.73746958,-0.91577126,0.19997375,-0.00601524,-0.27252694,0.04913285,0,0,0,0,0
1276,265625,0.77782428,-0.89800704,0.13131560,0.02192221,-0.25260053,0.01853444,0,0,0,0,0
1277,265833,0.81630607,-0.87419266,0.07753885,0.03082533,-0.26745056,0.00431109,0,0,0,0,0
1278,266041,0.86867656,-0.83987013,0.00790688,0.03659620,-0.26929603,0.00783663,0,0,0,0,0
1279,266250,0.89346950,-0.81058536,-0.05852551,0.04506522,-0.25858793,0.02263239,0,0,0,0,0
1280,266458,0.92197267,-0.77951366,-0.12975497,0.05635885,-0.25106191,0.00363048,0,0,0,0,0
1281,266666,0.95440967,-0.72926523,-0.18531479,0.06467121,-0.27049343,-0.00291415,0,0,0,0,0
1282,266875,0.97467312,-0.69905428,-0.24862579,0.06456629,-0.25579855,-0.01776796,0,0,0,0,0
1283,267083,1.00162256,-0.65137128,-0.31403371,0.08171012,-0.25767538,-0.04300683,0,0,0,0,0
1284,267291,1.00668140,-0.60232724,-0.37903200,0.09990395,-0.24480511,-0.05275607,0,0,0,0,0
1285,267500,1.01536259,-0.56398505,-0.44134917,0.09914907,-0.25284813,-0.06666177,0,0,0,0,0
1286,267708,1.02708044,-0.50334997,-0.49688358,0.09200954,-0.25911883,-0.08860567,0,0,0,0,0
1287,267916,1.02864351,-0.44709278,-0.55402488,0.10651293,-0.25384289,-0.09819661,0,0,0,0,0
1288,268125,1.02406271,-0.40097728,-0.60515893,0.09144869,-0.22668838,-0.09170428,0,0,0,0,0
1289,268333,1.01840651,-0.32770561,-0.65958724,0.09228301,-0.21586392,-0.11719298,0,0,0,0,0
1290,268541,1.01247784,-0.27723995,-0.71996546,0.11604721,-0.23731468,-0.12055508,0,0,0,0,0
1291,268750,1.00072659,-0.19202556,-0.75567638,0.12664131,-0.23878064,-0.14285466,0,0,0,0,0
1292,268958,0.96940099,-0.13834124,-0.80361374,0.12875480,-0.20820008,-0.14651898,0,0,0,0,0
1293,269166,0.95109657,-0.08263504,-0.84725033,0.09226377,-0.21555959,-0.14797724,0,0,0,0,0
1294,269375,0.92838090,-0.00211953,-0.88541181,0.14732091,-0.20662033,-0.18008356,0,0,0,0,0
1295,269583,0.89888807,0.05696545,-0.91547687,0.11753401,-0.19234401,-0.17344046,0,0,0,0,0
1296,269791,0.86550257,0.11905528,-0.95028371,0.11968060,-0.17944272,-0.17653397,0,0,0,0,0
1297,270000,0.81424958,0.18226823,-0.96835259,0.11404036,-0.17920164,-0.19163191,0,0,0,0,0
1298,270208,0.77815957,0.24227423,-0.98252953,0.12000373,-0.14375014,-0.20922612,0,0,0,0,0
1299,270416,0.73635441,0.30531793,-1.00592786,0.09952213,-0.14217406,-0.20690974,0,0,0,0,0
1300,270625,0.68117579,0.37088957,-1.02588992,0.08882702,-0.12310500,-0.22798707,0,0,0,0,0
1301,270833,0.63616387,0.43852560,-1.03340382,0.12166036,-0.12197584,-0.22239308,0,0,0,0,0
1302,271041,0.57434138,0.49029893,-1.02120784,0.09463822,-0.10118583,-0.23563932,0,0,0,0,0
1303,271250,0.52220502,0.55124315,-1.03221515,0.07799422,-0.09073187,-0.23795524,0,0,0,0,0
1304,271458,0.46100737,0.59770049,-1.02804932,0.07925048,-0.07136722,-0.21582647,0,0,0,0,0
1305,271666,0.40628144,0.64583447,-1.02074040,0.08817224,-0.07466190,-0.22585509,0,0,0,0,0
1306,271875,0.33504389,0.70640073,-1.01757333,0.07260784,-0.04142807,-0.23492095,0,0,0,0,0
1307,272083,0.29004830,0.75353672,-1.00044229,0.05939137,-0.03790940,-0.23685388,0,0,0,0,0
1308,272291,0.22354466,0.78124793,-0.97653117,0.02912107,-0.03201674,-0.23660888,0,0,0,0,0
1309,272500,0.15716785,0.82619990,-0.94957423,0.02150249,-0.01044187,-0.24064010,0,0,0,0,0
1310,272708,0.08750540,0.86873748,-0.92217398,0.01943899,0.01084828,-0.24118587,0,0,0,0,0
1311,272916,0.01680682,0.89305443,-0.88537654,0.01152607,0.01863269,-0.24258210,0,0,0,0,0
1312,273125,-0.03611550,0.92404960,-0.84339019,0.01223528,0.03120603,-0.23281791,0,0,0,0,0
1313,273333,-0.10799270,0.95689260,-0.80215172,-0.02412870,0.03342572,-0.24157281,0,0,0,0,0
1314,273541,-0.16837955,0.97210004,-0.76809606,-0.02736521,0.03423840,-0.22339459,0,0,0,0,0
1315,273750,-0.22714421,0.98750703,-0.72027593,-0.03550286,0.05075161,-0.20698994,0,0,0,0,0
1316,273958,-0.30214927,1.00404240,-0.66805201,-0.05390534,0.06206403,-0.20657888,0,0,0,0,0
1317,274166,-0.35365599,1.01430407,-0.61672154,-0.05750186,0.08069088,-0.20433349,0,0,0,0,0
1318,274375,-0.41348318,1.00145398,-0.56285596,-0.05352283,0.07003458,-0.21377938,0,0,0,0,0
1319,274583,-0.45306718,1.02622380,-0.50307840,-0.08536044,0.09647876,-0.19448469,0,0,0,0,0
1320,274791,-0.52860441,1.01251901,-0.44336577,-0.12485029,0.10199089,-0.15693392,0,0,0,0,0
1321,275000,-0.58913022,1.00790047,-0.38183861,-0.10996531,0.11122495,-0.16892502,0,0,0,0,0
1322,275208,-0.63191948,0.99604421,-0.32368109,-0.11969136,0.11103444,-0.16964890,0,0,0,0,0
1323,275416,-0.68442549,0.96831515,-0.25590588,-0.14977693,0.10727117,-0.14862189,0,0,0,0,0
1324,275625,-0.71305530,0.94298629,-0.20942183,-0.15197132,0.10539807,-0.13499051,0,0,0,0,0
1325,275833,-0.75287739,0.93271488,-0.12886610,-0.17484257,0.12767928,-0.12597984,0,0,0,0,0
1326,276041,-0.79957292,0.90396224,-0.06002210,-0.16117807,0.12072863,-0.11099008,0,0,0,0,0
1327,276250,-0.82953847,0.86215296,-0.00226450,-0.17457407,0.10118780,-0.10780493,0,0,0,0,0
1328,276458,-0.86138286,0.83714548,0.07534836,-0.20025376,0.12872637,-0.06866467,0,0,0,0,0
1329,276666,-0.88960018,0.78556303,0.12495190,-0.20147525,0.11603980,-0.07407484,0,0,0,0,0
1330,276875,-0.91755178,0.74432548,0.19206347,-0.22525077,0.11765063,-0.05771053,0,0,0,0,0
1331,277083,-0.92632200,0.69990250,0.26609617,-0.24273434,0.13075322,-0.04596879,0,0,0,0,0
1332,277291,-0.94294871,0.64509676,0.31649235,-0.22632762,0.10717252,-0.01168271,0,0,0,0,0
1333,277500,-0.94164786,0.59646446,0.39139221,-0.25489297,0.08582712,-0.01526118,0,0,0,0,0
1334,277708,-0.96020199,0.54602461,0.45799552,-0.25955720,0.10308495,-0.00463205,0,0,0,0,0
1335,277916,-0.95928153,0.49252978,0.50971556,-0.25596165,0.09054721,0.02589120,0,0,0,0,0
1336,278125,-0.95804312,0.42826930,0.56224298,-0.26415861,0.08735765,0.02430575,0,0,0,0,0
1337,278333,-0.95473480,0.36493005,0.62451910,-0.28543466,0.07657678,0.03485426,0,0,0,0,0
1338,278541,-0.94031627,0.29850667,0.65943068,-0.27026736,0.06063557,0.06080904,0,0,0,0,0
1339,278750,-0.92693639,0.23929703,0.72082658,-0.27380941,0.07619687,0.07646627,0,0,0,0,0
1340,278958,-0.91284324,0.17038635,0.76358610,-0.26299948,0.07675163,0.10644710,0,0,0,0,0
1341,279166,-0.87802941,0.10414003,0.79787069,-0.25666881,0.05811024,0.09476139,0,0,0,0,0
1342,279375,-0.85887083,0.03825362,0.84186641,-0.26267370,0.03623351,0.11872633,0,0,0,0,0
1343,279583,-0.82081744,-0.02242778,0.87895169,-0.27866210,0.03462450,0.12927089,0,0,0,0,0
1344,279791,-0.79014094,-0.08812773,0.91126607,-0.26120229,0.05137524,0.13522012,0,0,0,0,0
1345,280000,-0.75013829,-0.15698780,0.94617456,-0.25702057,0.02234563,0.15118229,0,0,0,0,0
1346,280208,-0.70959118,-0.21567413,0.95913027,-0.26344627,0.00578053,0.17705526,0,0,0,0,0
1347,280416,-0.65862321,-0.28075788,0.97786311,-0.26257203,-0.01765080,0.20049543,0,0,0,0,0
1348,280625,-0.61159168,-0.35334718,0.99133222,-0.26549139,-0.01539908,0.20119939,0,0,0,0,0
1349,280833,-0.56738007,-0.40298686,1.00153552,-0.25743449,-0.03191544,0.21824493,0,0,0,0,0
1350,281041,-0.51013122,-0.48162869,1.02067980,-0.23686091,-0.03170499,0.18431797,0,0,0,0,0
1351,281250,-0.45902550,-0.52416795,1.01874165,-0.22339721,-0.05158360,0.21939830,0,0,0,0,0
1352,281458,-0.40057679,-0.58343208,1.00382831,-0.21864809,-0.04960827,0.22824738,0,0,0,0,0
1353,281666,-0.33318717,-0.63987725,1.00579067,-0.20192960,-0.06007672,0.24637366,0,0,0,0,0
1354,281875,-0.28330708,-0.69048653,0.99141000,-0.20638562,-0.10276493,0.26473266,0,0,0,0,0
1355,282083,-0.21507385,-0.73491218,0.97967971,-0.19811183,-0.09229060,0.25059261,0,0,0,0,0
1356,282291,-0.15450717,-0.78353977,0.94704463,-0.17632425,-0.09265592,0.24759029,0,0,0,0,0
1357,282500,-0.09339169,-0.81950039,0.92817935,-0.15766039,-0.10754463,0.24679214,0,0,0,0,0
1358,282708,-0.02740390,-0.87169315,0.90852417,-0.15722239,-0.15085172,0.25309085,0,0,0,0,0
1359,282916,0.03731146,-0.89757016,0.88201238,-0.15237787,-0.11895956,0.24278550,0,0,0,0,0
1360,283125,0.10202934,-0.92434781,0.84327721,-0.11346270,-0.16135806,0.24215345,0,0,0,0,0
1361,283333,0.16692154,-0.95348884,0.79965887,-0.11701360,-0.17324434,0.25885227,0,0,0,0,0
1362,283541,0.22949659,-0.98158716,0.76669018,-0.08595900,-0.18027092,0.25209030,0,0,0,0,0
1363,283750,0.29311966,-0.99529333,0.71830930,-0.07647734,-0.16501513,0.24701193,0,0,0,0,0
1364,283958,0.35791386,-1.00738478,0.67061611,-0.07281682,-0.18699128,0.26196915,0,0,0,0,0
1365,284166,0.41818368,-1.01830891,0.61729128,-0.06047406,-0.19137301,0.27825050,0,0,0,0,0
1366,284375,0.47454035,-1.02785184,0.57614223,-0.03933993,-0.19482755,0.23603542,0,0,0,0,0
1367,284583,0.53641147,-1.02519418,0.51205620,-0.04922826,-0.18207543,0.22641284,0,0,0,0,0
1368,284791,0.58036443,-1.02787015,0.46141731,0.00727796,-0.19101991,0.24227226,0,0,0,0,0
1369,285000,0.62815114,-1.02070865,0.39533796,0.00640097,-0.21464032,0.21225200,0,0,0,0,0
1370,285208,0.68313662,-1.00354049,0.32719925,0.02681775,-0.21166995,0.20669303,0,0,0,0,0
1371,285416,0.72545738,-0.99770928,0.27552845,0.01955533,-0.22143929,0.21391250,0,0,0,0,0
1372,285625,0.77835565,-0.97278861,0.21318776,0.06404379,-0.21356441,0.20642377,0,0,0,0,0
1373,285833,0.79815941,-0.95607674,0.13891481,0.05600218,-0.20201633,0.18992007,0,0,0,0,0
1374,286041,0.84530130,-0.91782927,0.08679793,0.07277525,-0.20817983,0.17976973,0,0,0,0,0
1375,286250,0.87148556,-0.88976630,0.01446300,0.08808108,-0.21476648,0.18827245,0,0,0,0,0
1376,286458,0.91055871,-0.84976786,-0.04212379,0.09192252,-0.19153860,0.15673422,0,0,0,0,0
1377,286666,0.92903213,-0.81076500,-0.11171601,0.10732563,-0.19631377,0.15953103,0,0,0,0,0
1378,286875,0.95616395,-0.77565270,-0.18050665,0.13712539,-0.20175799,0.13880313,0,0,0,0,0
1379,287083,0.98078307,-0.73754760,-0.24265133,0.14637918,-0.17183602,0.13873931,0,0,0,0,0
1380,287291,0.98553698,-0.68534344,-0.29369220,0.15119618,-0.17760694,0.10081234,0,0,0,0,0
1381,287500,1.00013921,-0.63503842,-0.35884019,0.14846725,-0.17474501,0.09549951,0,0,0,0,0
1382,287708,1.00487285,-0.56888136,-0.42020576,0.16395662,-0.16245790,0.07648471,0,0,0,0,0
1383,287916,1.00430212,-0.52059301,-0.47409805,0.18001897,-0.17313680,0.05951517,0,0,0,0,0
1384,288125,0.98732035,-0.46103738,-0.52870704,0.18876173,-0.16469422,0.07285837,0,0,0,0,0
1385,288333,0.99485593,-0.39693772,-0.57999392,0.20104108,-0.14789476,0.04503776,0,0,0,0,0
1386,288541,0.97380957,-0.34013936,-0.62727006,0.18732204,-0.12161363,0.02231339,0,0,0,0,0
1387,288750,0.96165952,-0.27889961,-0.67538214,0.20626278,-0.12603808,0.01743133,0,0,0,0,0
1388,288958,0.93876759,-0.21146418,-0.71590227,0.22425412,-0.11247005,-0.01150836,0,0,0,0,0
1389,289166,0.90909793,-0.16126107,-0.76896125,0.21464460,-0.07704820,-0.00701199,0,0,0,0,0
1390,289375,0.87963436,-0.09242663,-0.80697991,0.22468641,-0.10115669,-0.01072730,0,0,0,0,0
1391,289583,0.86322286,-0.02020160,-0.82764479,0.20790767,-0.06353983,-0.01379237,0,0,0,0,0
1392,289791,0.81026346,0.04918918,-0.86602942,0.22598917,-0.07126726,-0.07021195,0,0,0,0,0
1393,290000,0.77593773,0.10948282,-0.89545225,0.21754824,-0.03687522,-0.05810503,0,0,0,0,0
1394,290208,0.74211711,0.17426462,-0.91873811,0.19897244,-0.04026134,-0.05751955,0,0,0,0,0
1395,290416,0.68390827,0.22792873,-0.93187913,0.24297367,-0.02022760,-0.06851462,0,0,0,0,0
1396,290625,0.64481488,0.30525652,-0.95161461,0.21878633,-0.01360518,-0.08866436,0,0,0,0,0
1397,290833,0.58841517,0.36886094,-0.96230719,0.22623842,-0.00403159,-0.09004160,0,0,0,0,0
1398,291041,0.53824695,0.41273641,-0.96250979,0.21629384,0.01344991,-0.10331698,0,0,0,0,0
1399,291250,0.48322762,0.46736134,-0.96334356,0.19109528,0.03770945,-0.10618449,0,0,0,0,0
1400,291458,0.41549797,0.53595343,-0.95973109,0.19258322,0.04879599,-0.09915342,0,0,0,0,0
1401,291666,0.34354179,0.58947950,-0.95857765,0.19119043,0.05699088,-0.11007816,0,0,0,0,0
1402,291875,0.28233703,0.61782497,-0.94606413,0.21373175,0.08756229,-0.13477705,0,0,0,0,0
1403,292083,0.22954716,0.68451457,-0.92222912,0.17882086,0.07862934,-0.13713272,0,0,0,0,0
1404,292291,0.16065279,0.72476755,-0.90679516,0.15463944,0.11340186,-0.12457406,0,0,0,0,0
1405,292500,0.09698356,0.76424244,-0.87420346,0.14793955,0.12027497,-0.14790214,0,0,0,0,0
1406,292708,0.03694274,0.79730242,-0.85466817,0.16220255,0.14401697,-0.13194072,0,0,0,0,0
1407,292916,-0.04196827,0.84027590,-0.82505411,0.13383569,0.16531978,-0.12878905,0,0,0,0,0
1408,293125,-0.10167911,0.86611771,-0.79683816,0.12028151,0.15732176,-0.14123389,0,0,0,0,0
1409,293333,-0.17476159,0.89431750,-0.75476717,0.11703108,0.17128964,-0.13635389,0,0,0,0,0
1410,293541,-0.23992412,0.92866332,-0.71286221,0.13002191,0.19122858,-0.12461966,0,0,0,0,0
1411,293750,-0.29062832,0.94615839,-0.66198812,0.09569562,0.19652464,-0.10604362,0,0,0,0,0
1412,293958,-0.35631116,0.95680109,-0.62286202,0.09450449,0.21329440,-0.12204567,0,0,0,0,0
1413,294166,-0.42833866,0.95759536,-0.56400753,0.07607830,0.20668474,-0.12327764,0,0,0,0,0
1414,294375,-0.47664928,0.96480207,-0.51026859,0.05323828,0.22854438,-0.13324955,0,0,0,0,0
1415,294583,-0.55130110,0.96881665,-0.46238923,0.04466609,0.23223604,-0.13674553,0,0,0,0,0
1416,294791,-0.59670333,0.97228100,-0.39913185,0.04280810,0.24093619,-0.11352150,0,0,0,0,0
1417,295000,-0.63979405,0.95359653,-0.34284199,-0.00414001,0.23910438,-0.09315083,0,0,0,0,0
1418,295208,-0.70307772,0.94528733,-0.27658547,0.00286564,0.24543538,-0.09281127,0,0,0,0,0
1419,295416,-0.74254660,0.93450282,-0.21705001,-0.00958900,0.24325619,-0.08148883,0,0,0,0,0
1420,295625,-0.78585745,0.91273164,-0.14570790,-0.00522572,0.26188792,-0.07827953,0,0,0,0,0
1421,295833,-0.83280538,0.88665035,-0.09791642,-0.02857823,0.25926296,-0.06739275,0,0,0,0,0
1422,296041,-0.86986682,0.86468244,-0.01658925,-0.03817763,0.26069779,-0.06684820,0,0,0,0,0
1423,296250,-0.90655825,0.82632438,0.03448463,-0.04148683,0.25146083,-0.04490327,0,0,0,0,0
1424,296458,-0.92738429,0.79695253,0.11094795,-0.07325883,0.26529961,-0.03256255,0,0,0,0,0
1425,296666,-0.96198946,0.75209601,0.16464551,-0.08177419,0.24720558,-0.02977730,0,0,0,0,0
1426,296875,-0.98416062,0.72181149,0.23753715,-0.06539042,0.26296688,-0.02115056,0,0,0,0,0
1427,297083,-1.00407672,0.66450789,0.30304199,-0.08857772,0.23762211,-0.03151088,0,0,0,0,0
1428,297291,-1.00017897,0.61715866,0.35800975,-0.10858314,0.26879894,-0.00044889,0,0,0,0,0
1429,297500,-1.01522239,0.57115616,0.42300443,-0.09585744,0.27315593,0.01123478,0,0,0,0,0
1430,297708,-1.02703403,0.51422964,0.47539616,-0.10978416,0.24869656,0.02627730,0,0,0,0,0
1431,297916,-1.02952842,0.46511687,0.54131393,-0.10092648,0.23309406,0.05039455,0,0,0,0,0
1432,298125,-1.02076691,0.40644432,0.58563576,-0.11610783,0.21882386,0.04660551,0,0,0,0,0
1433,298333,-1.02451237,0.35166619,0.63795627,-0.13708570,0.21014652,0.08652841,0,0,0,0,0
1434,298541,-1.01464697,0.28666772,0.69171562,-0.13454579,0.20850257,0.07035124,0,0,0,0,0
1435,298750,-0.98812384,0.22829203,0.74188211,-0.12720727,0.20879050,0.08992888,0,0,0,0,0
1436,298958,-0.96461322,0.16196813,0.77762590,-0.12837446,0.19235549,0.09231362,0,0,0,0,0
1437,299166,-0.95363042,0.11099101,0.82048356,-0.12709811,0.21402706,0.08821361,0,0,0,0,0
1438,299375,-0.92094869,0.02796967,0.85641906,-0.14458787,0.16811187,0.11402223,0,0,0,0,0
1439,299583,-0.88804060,-0.03817328,0.89676598,-0.13009906,0.15774520,0.11545872,0,0,0,0,0
1440,299791,-0.85486184,-0.09483035,0.92518998,-0.11441456,0.14837031,0.14420439,0,0,0,0,0
1441,300000,-0.81465025,-0.16498477,0.94145920,-0.12554513,0.14067358,0.14026698,0,0,0,0,0
1442,300208,-0.77540672,-0.22375418,0.95311565,-0.12709641,0.11840395,0.14060355,0,0,0,0,0
1443,300416,-0.74231677,-0.27945480,0.97656554,-0.13444716,0.12146023,0.17024497,0,0,0,0,0
1444,300625,-0.68151296,-0.34513764,1.00522129,-0.11794094,0.08316627,0.17481469,0,0,0,0,0
1445,300833,-0.62601314,-0.40316593,1.01547941,-0.13744771,0.10027410,0.18930247,0,0,0,0,0
1446,301041,-0.57365192,-0.46829676,1.00995976,-0.11556638,0.07468131,0.18835033,0,0,0,0,0
1447,301250,-0.52241663,-0.52507692,1.01096821,-0.12076930,0.05445671,0.18798115,0,0,0,0,0
1448,301458,-0.45693645,-0.57149158,1.00859283,-0.11000003,0.05777612,0.19155287,0,0,0,0,0
1449,301666,-0.40190643,-0.63541897,1.00014527,-0.08907566,0.03546109,0.19701081,0,0,0,0,0
1450,301875,-0.33829595,-0.67547997,0.99386795,-0.11206923,0.00879455,0.17819938,0,0,0,0,0
1451,302083,-0.28027098,-0.72471220,0.97699157,-0.09297139,-0.00250066,0.18627968,0,0,0,0,0
1452,302291,-0.21507962,-0.76979256,0.94407928,-0.07625021,-0.01567735,0.19638425,0,0,0,0,0
1453,302500,-0.14677735,-0.80726310,0.92123587,-0.08584032,-0.01786923,0.19595675,0,0,0,0,0
1454,302708,-0.08234941,-0.84433143,0.89738345,-0.04769438,-0.03012673,0.18607114,0,0,0,0,0
1455,302916,-0.01841456,-0.87321968,0.87403553,-0.04403029,-0.05172046,0.16711290,0,0,0,0,0
1456,303125,0.04645476,-0.90397177,0.83028703,-0.02014703,-0.05816971,0.19310888,0,0,0,0,0
1457,303333,0.10276815,-0.93508406,0.78953042,-0.01307292,-0.03878823,0.18739222,0,0,0,0,0
1458,303541,0.17297830,-0.94558748,0.74346909,-0.00668098,-0.09207546,0.17439496,0,0,0,0,0
1459,303750,0.24238645,-0.96188335,0.69408167,-0.00044419,-0.09419171,0.17098782,0,0,0,0,0
1460,303958,0.30514698,-0.98102577,0.64578323,0.03159138,-0.09543405,0.17012636,0,0,0,0,0
1461,304166,0.36893974,-0.98647166,0.59425412,0.03747504,-0.09693970,0.15234421,0,0,0,0,0
1462,304375,0.43305671,-0.99631086,0.54942563,0.05526744,-0.11963613,0.18529369,0,0,0,0,0
1463,304583,0.48191501,-1.00141926,0.49322059,0.05355177,-0.14457870,0.15574281,0,0,0,0,0
1464,304791,0.53368212,-0.98957651,0.43316191,0.06269856,-0.11867350,0.13816621,0,0,0,0,0
1465,305000,0.60032183,-0.98492739,0.36482073,0.07404598,-0.12806076,0.15559198,0,0,0,0,0
1466,305208,0.64550393,-0.97164355,0.30506041,0.10915243,-0.14778047,0.12987059,0,0,0,0,0
1467,305416,0.68797784,-0.95633698,0.25645300,0.12119945,-0.14560656,0.10477505,0,0,0,0,0
1468,305625,0.72640968,-0.93060812,0.18070286,0.11634439,-0.13670693,0.09215990,0,0,0,0,0
1469,305833,0.78829632,-0.91122369,0.11007700,0.10982930,-0.15581166,0.10957576,0,0,0,0,0
1470,306041,0.81294454,-0.88183807,0.04058946,0.13733362,-0.15494825,0.08098399,0,0,0,0,0
1471,306250,0.85026410,-0.84554415,-0.01664028,0.14896384,-0.15717973,0.06008252,0,0,0,0,0
1472,306458,0.87403485,-0.80415369,-0.08490805,0.16536526,-0.16820044,0.05091435,0,0,0,0,0
1473,306666,0.89988482,-0.77540122,-0.15623451,0.15363556,-0.16323878,0.03566573,0,0,0,0,0
1474,306875,0.93422111,-0.72084413,-0.21448103,0.17849339,-0.14692345,0.04245122,0,0,0,0,0
1475,307083,0.94427734,-0.67963356,-0.28697338,0.21684970,-0.16201951,0.01774888,0,0,0,0,0
1476,307291,0.95825307,-0.63393449,-0.33629193,0.17843078,-0.14332157,0.00239346,0,0,0,0,0
1477,307500,0.97165928,-0.58041061,-0.40822205,0.20538112,-0.15103753,0.00083705,0,0,0,0,0
1478,307708,0.97774265,-0.52129699,-0.46247620,0.21229268,-0.14854491,-0.03196902,0,0,0,0,0
1479,307916,0.98472494,-0.47413169,-0.51765493,0.19947635,-0.12193312,-0.03816053,0,0,0,0,0
1480,308125,0.97642837,-0.42405259,-0.58354442,0.22311148,-0.13400742,-0.03968408,0,0,0,0,0
1481,308333,0.97339413,-0.36103792,-0.63113292,0.21979439,-0.14182078,-0.06912604,0,0,0,0,0
1482,308541,0.95611194,-0.29594867,-0.67323803,0.22977343,-0.11982106,-0.08907301,0,0,0,0,0
1483,308750,0.93968821,-0.22461098,-0.72391139,0.22374801,-0.13294374,-0.10797880,0,0,0,0,0
1484,308958,0.92053885,-0.16352847,-0.78689188,0.23030653,-0.09455895,-0.10960491,0,0,0,0,0
1485,309166,0.89816779,-0.08885602,-0.81542098,0.23101606,-0.11323709,-0.10535070,0,0,0,0,0
1486,309375,0.88305021,-0.02741013,-0.84866210,0.22484028,-0.09523973,-0.14577166,0,0,0,0,0
1487,309583,0.84096903,0.03441250,-0.88499243,0.22385511,-0.06027630,-0.14495721,0,0,0,0,0
1488,309791,0.80627952,0.09986111,-0.91827648,0.22347365,-0.07080841,-0.17782075,0,0,0,0,0
1489,310000,0.77460615,0.16373210,-0.94021297,0.21792078,-0.05042177,-0.16131175,0,0,0,0,0
1490,310208,0.73289524,0.22871218,-0.96993374,0.21468780,-0.05078953,-0.18715920,0,0,0,0,0
1491,310416,0.67922354,0.29461583,-0.97486959,0.19970894,-0.03155732,-0.18127492,0,0,0,0,0
1492,310625,0.63598322,0.35000330,-1.00793909,0.20127387,-0.03382453,-0.19305720,0,0,0,0,0
1493,310833,0.57422170,0.41050502,-1.01215405,0.18661290,-0.01565274,-0.21492837,0,0,0,0,0
1494,311041,0.53635788,0.47693611,-1.02256103,0.20615734,-0.01534416,-0.22243127,0,0,0,0,0
1495,311250,0.48189077,0.53618174,-1.01475596,0.19268836,0.01263248,-0.22049384,0,0,0,0,0
1496,311458,0.42438269,0.58972334,-1.01816709,0.18442447,0.03065560,-0.23625096,0,0,0,0,0
1497,311666,0.37203519,0.64058035,-1.02060013,0.16511483,0.03548665,-0.23694202,0,0,0,0,0
1498,311875,0.30345334,0.70058855,-1.00952238,0.15100990,0.04921830,-0.21703353,0,0,0,0,0
1499,312083,0.23944123,0.74470290,-0.99328326,0.14463325,0.04744096,-0.25540013,0,0,0,0,0
1500,312291,0.17662582,0.78492545,-0.97469565,0.13026929,0.08014995,-0.22450678,0,0,0,0,0
1501,312500,0.10871809,0.82328975,-0.93789556,0.10874974,0.08970180,-0.23678112,0,0,0,0,0
1502,312708,0.05754118,0.85982979,-0.91674371,0.11322345,0.09802500,-0.25215544,0,0,0,0,0
1503,312916,-0.00875463,0.90213265,-0.88192135,0.09424384,0.08921556,-0.25596838,0,0,0,0,0
1504,313125,-0.08523445,0.92415848,-0.84467542,0.08809502,0.12139134,-0.25452807,0,0,0,0,0
1505,313333,-0.15266595,0.96197360,-0.81702638,0.06442401,0.12534051,-0.22437877,0,0,0,0,0
1506,313541,-0.21033657,0.98074346,-0.76964188,0.04682945,0.12567456,-0.25332606,0,0,0,0,0
1507,313750,-0.27379352,0.99507209,-0.71091940,0.04673674,0.13767371,-0.25220931,0,0,0,0,0
1508,313958,-0.33493348,1.00651661,-0.66779734,0.01209810,0.13820864,-0.24263894,0,0,0,0,0
1509,314166,-0.39452356,1.02225578,-0.62018803,0.02994138,0.15173035,-0.24294361,0,0,0,0,0
1510,314375,-0.46271744,1.02461770,-0.56739160,0.00604202,0.16227857,-0.22814010,0,0,0,0,0
1511,314583,-0.51184580,1.02506955,-0.51422831,-0.01361654,0.16487109,-0.22387515,0,0,0,0,0
1512,314791,-0.56435048,1.02140472,-0.46126938,-0.02475020,0.18885525,-0.22098111,0,0,0,0,0
1513,315000,-0.62207231,1.01835572,-0.38773303,-0.02350899,0.17033778,-0.21234725,0,0,0,0,0
1514,315208,-0.66006066,1.00211161,-0.34404436,-0.05235113,0.17486011,-0.19833599,0,0,0,0,0
1515,315416,-0.71553079,0.99035781,-0.28007042,-0.06387488,0.16503714,-0.17828988,0,0,0,0,0
1516,315625,-0.75720968,0.97545605,-0.20820886,-0.08510167,0.18065998,-0.19148845,0,0,0,0,0
1517,315833,-0.78733837,0.94307454,-0.14366596,-0.07685350,0.17640316,-0.16031117,0,0,0,0,0
1518,316041,-0.84075684,0.91330658,-0.07117908,-0.09984937,0.17185280,-0.14672020,0,0,0,0,0
1519,316250,-0.86599171,0.89621740,-0.02393338,-0.10315900,0.18774214,-0.14216992,0,0,0,0,0
1520,316458,-0.89984908,0.85025391,0.05399539,-0.14864982,0.18627221,-0.12068969,0,0,0,0,0
1521,316666,-0.91833619,0.81629763,0.11788019,-0.15131546,0.17638588,-0.11298313,0,0,0,0,0
1522,316875,-0.93938343,0.76960215,0.18098248,-0.15111161,0.16797234,-0.12593471,0,0,0,0,0
1523,317083,-0.95889447,0.72313008,0.23782579,-0.15449411,0.17203412,-0.11623919,0,0,0,0,0
1524,317291,-0.97705073,0.68072752,0.30504474,-0.16205259,0.17438018,-0.09603385,0,0,0,0,0
1525,317500,-0.98616479,0.63121143,0.36692495,-0.18205471,0.16655145,-0.06596820,0,0,0,0,0
1526,317708,-0.98940529,0.56554214,0.43968308,-0.19952976,0.14811937,-0.05786210,0,0,0,0,0
1527,317916,-0.99218452,0.50407250,0.48808439,-0.20740981,0.14933183,-0.04273685,0,0,0,0,0
1528,318125,-0.98131307,0.45971613,0.53415619,-0.19248575,0.13997401,-0.02277594,0,0,0,0,0
1529,318333,-0.97859442,0.40288207,0.60107118,-0.20688076,0.14228807,-0.02872711,0,0,0,0,0
1530,318541,-0.96296710,0.33443689,0.64676242,-0.20777925,0.13463356,-0.01196803,0,0,0,0,0
1531,318750,-0.95018098,0.26958437,0.68967388,-0.20329978,0.10340369,-0.00910598,0,0,0,0,0
1532,318958,-0.92085646,0.20708291,0.73411805,-0.25677079,0.10401125,0.04168301,0,0,0,0,0
1533,319166,-0.89772482,0.14621318,0.77289535,-0.23900139,0.07550338,0.03881235,0,0,0,0,0
1534,319375,-0.87463220,0.07912143,0.81399979,-0.24306374,0.07729909,0.05671897,0,0,0,0,0
1535,319583,-0.83969193,0.00581667,0.84988676,-0.25282767,0.06565930,0.05731223,0,0,0,0,0
1536,319791,-0.80132833,-0.06155272,0.87800786,-0.22706820,0.05097175,0.08203476,0,0,0,0,0
1537,320000,-0.76690839,-0.12849341,0.90305822,-0.24275399,0.04608106,0.07070983,0,0,0,0,0
1538,320208,-0.72787461,-0.18456681,0.92787760,-0.23650525,0.02651589,0.10013554,0,0,0,0,0
1539,320416,-0.67512633,-0.24116258,0.94837442,-0.22763165,0.01163703,0.10374417,0,0,0,0,0
1540,320625,-0.63032166,-0.32330174,0.96117484,-0.22426717,-0.01195219,0.11875222,0,0,0,0,0
1541,320833,-0.58632221,-0.37748814,0.97276467,-0.20498842,-0.02101563,0.12377688,0,0,0,0,0
1542,321041,-0.52626797,-0.42736026,0.97075824,-0.21109792,-0.01982693,0.13686483,0,0,0,0,0
1543,321250,-0.46185153,-0.49389336,0.97976134,-0.23114842,-0.04805030,0.12158478,0,0,0,0,0
1544,321458,-0.40861943,-0.54197259,0.96770052,-0.20992892,-0.05144285,0.13981358,0,0,0,0,0
1545,321666,-0.35781080,-0.60171840,0.97107256,-0.20395051,-0.06579122,0.15979989,0,0,0,0,0
1546,321875,-0.29049848,-0.65382374,0.94736540,-0.16808009,-0.09332164,0.17667369,0,0,0,0,0
1547,322083,-0.22608849,-0.69328732,0.94559045,-0.16389029,-0.08334298,0.15463552,0,0,0,0,0
1548,322291,-0.16494170,-0.74662565,0.92578973,-0.16975544,-0.10487636,0.17265738,0,0,0,0,0
1549,322500,-0.10157611,-0.78227513,0.89844960,-0.16626023,-0.12189206,0.17447504,0,0,0,0,0
1550,322708,-0.03910628,-0.82016909,0.86577048,-0.14370450,-0.13447637,0.17302541,0,0,0,0,0
1551,322916,0.03608963,-0.84456455,0.83747580,-0.13209515,-0.16239558,0.18634050,0,0,0,0,0
1552,323125,0.10433095,-0.88747059,0.80766186,-0.12672898,-0.17431748,0.16633795,0,0,0,0,0
1553,323333,0.15668779,-0.91392454,0.76794937,-0.13890648,-0.15634622,0.17975919,0,0,0,0,0
1554,323541,0.24247759,-0.93046010,0.71974029,-0.10666056,-0.18481845,0.16734590,0,0,0,0,0
1555,323750,0.29110837,-0.95075080,0.67589781,-0.09536001,-0.19445466,0.18216223,0,0,0,0,0
1556,323958,0.36081540,-0.97077328,0.64275175,-0.08433072,-0.21377746,0.15761671,0,0,0,0,0
1557,324166,0.42267301,-0.98066657,0.57306669,-0.08203255,-0.19703394,0.16214157,0,0,0,0,0
1558,324375,0.47251590,-0.98793930,0.51512241,-0.04371363,-0.21116115,0.14183125,0,0,0,0,0
1559,324583,0.53578201,-0.98670296,0.46064232,-0.03978596,-0.21659880,0.14332543,0,0,0,0,0
1560,324791,0.59710691,-0.98064587,0.41329916,-0.03428714,-0.22146764,0.16054144,0,0,0,0,0
1561,325000,0.63934752,-0.98014519,0.35050302,-0.02816744,-0.22607063,0.13395446,0,0,0,0,0
1562,325208,0.70164474,-0.96821464,0.29228831,-0.00926847,-0.23573916,0.12837879,0,0,0,0,0
1563,325416,0.72884583,-0.94244507,0.23555200,0.01313100,-0.23978893,0.13333333,0,0,0,0,0
1564,325625,0.78611237,-0.93138579,0.17711464,0.03396333,-0.24463431,0.10783051,0,0,0,0,0
1565,325833,0.82969987,-0.90332634,0.10436115,0.04623759,-0.25831400,0.10676629,0,0,0,0,0
1566,326041,0.86173948,-0.87873376,0.03959632,0.03681530,-0.25690592,0.09422123,0,0,0,0,0
1567,326250,0.90198115,-0.84919534,-0.01711337,0.08275518,-0.22534779,0.09078072,0,0,0,0,0
1568,326458,0.92479095,-0.80945803,-0.08779410,0.09189766,-0.22608919,0.08344713,0,0,0,0,0
1569,326666,0.95423497,-0.77754181,-0.15276774,0.06617191,-0.26309857,0.06748121,0,0,0,0,0
1570,326875,0.98026151,-0.73364069,-0.21237986,0.07870193,-0.23272921,0.03445339,0,0,0,0,0
1571,327083,0.98753247,-0.69609417,-0.28309521,0.09807290,-0.24543740,0.04200625,0,0,0,0,0
1572,327291,1.01020460,-0.64798877,-0.35138513,0.12036023,-0.20592497,0.02483113,0,0,0,0,0
1573,327500,1.01474121,-0.59699959,-0.40426040,0.13147610,-0.23464775,0.00561989,0,0,0,0,0
1574,327708,1.02623016,-0.54471232,-0.46737089,0.13036126,-0.21265904,-0.02291450,0,0,0,0,0
1575,327916,1.01965553,-0.47618150,-0.52163998,0.14065840,-0.21068235,-0.01358801,0,0,0,0,0
1576,328125,1.02589119,-0.42908130,-0.57748090,0.14093260,-0.19750181,-0.00293527,0,0,0,0,0
1577,328333,0.99652876,-0.36684208,-0.62615399,0.14939143,-0.18481484,-0.02574748,0,0,0,0,0
1578,328541,0.99667755,-0.30042559,-0.67448780,0.15482257,-0.19709913,-0.03291255,0,0,0,0,0
1579,328750,0.99602580,-0.23480666,-0.72914820,0.14807024,-0.16232879,-0.05196281,0,0,0,0,0
1580,328958,0.96871913,-0.17967122,-0.75849518,0.17958430,-0.17444405,-0.05023872,0,0,0,0,0
1581,329166,0.93682094,-0.11541421,-0.80138531,0.17085966,-0.17436690,-0.07349187,0,0,0,0,0
1582,329375,0.90829947,-0.05632841,-0.84795687,0.16964329,-0.15089718,-0.08165896,0,0,0,0,0
1583,329583,0.87928307,0.00579265,-0.87432162,0.15930901,-0.13626092,-0.09893193,0,0,0,0,0
1584,329791,0.84547991,0.08472498,-0.89326500,0.15553602,-0.11101953,-0.10703409,0,0,0,0,0
1585,330000,0.80595174,0.14369036,-0.93007084,0.14433323,-0.10434955,-0.11921683,0,0,0,0,0
1586,330208,0.77065649,0.21070869,-0.95244853,0.15618813,-0.09262520,-0.11799390,0,0,0,0,0
1587,330416,0.72953154,0.27267017,-0.97721444,0.15890723,-0.09204300,-0.12541733,0,0,0,0,0
1588,330625,0.66969943,0.32759121,-0.98736146,0.14094499,-0.05993386,-0.14021054,0,0,0,0,0
1589,330833,0.62056858,0.38822524,-0.99192317,0.14519327,-0.05338871,-0.14333713,0,0,0,0,0
1590,331041,0.56341526,0.45364739,-0.99437344,0.14049876,-0.03871124,-0.15757781,0,0,0,0,0
1591,331250,0.50388618,0.50947625,-1.00078256,0.14607597,-0.01647062,-0.15802485,0,0,0,0,0
1592,331458,0.45391155,0.56738755,-0.99366782,0.13884932,-0.02058748,-0.16328098,0,0,0,0,0
1593,331666,0.39049282,0.61023095,-0.97827545,0.11649342,0.01617733,-0.18301642,0,0,0,0,0
1594,331875,0.33441932,0.65883429,-0.97317603,0.11285696,0.01914597,-0.19576428,0,0,0,0,0
1595,332083,0.26141470,0.71067803,-0.95179895,0.10297979,0.03570398,-0.16692645,0,0,0,0,0
1596,332291,0.20044924,0.76013704,-0.93760021,0.08809599,0.04291512,-0.17944894,0,0,0,0,0
1597,332500,0.12811705,0.80095891,-0.90696996,0.08338977,0.04997011,-0.18149345,0,0,0,0,0
1598,332708,0.06970454,0.82521766,-0.88125641,0.08050845,0.08855499,-0.18408260,0,0,0,0,0
1599,332916,0.00531540,0.86393312,-0.85566062,0.05200477,0.07796036,-0.18173097,0,0,0,0,0
1600,333125,-0.06534312,0.89966307,-0.82086712,0.06132009,0.08334613,-0.16911788,0,0,0,0,0
1601,333333,-0.12726025,0.92237339,-0.76973505,0.03555012,0.09177176,-0.18043434,0,0,0,0,0
1602,333541,-0.19118433,0.93298000,-0.73044533,0.01957396,0.13084048,-0.17316651,0,0,0,0,0
1603,333750,-0.26577419,0.96289085,-0.69256268,0.01542376,0.12946435,-0.17326933,0,0,0,0,0
1604,333958,-0.32607107,0.96811103,-0.63897745,0.00846858,0.11981276,-0.14889700,0,0,0,0,0
1605,334166,-0.38168967,0.98299570,-0.58418608,0.00273183,0.13903824,-0.14927839,0,0,0,0,0
1606,334375,-0.44352028,0.98860107,-0.54299218,-0.01999555,0.14854931,-0.12853929,0,0,0,0,0
1607,334583,-0.49339018,0.99099366,-0.47547557,-0.02101856,0.14969367,-0.14452412,0,0,0,0,0
1608,334791,-0.55202684,0.98332397,-0.41464384,-0.03564942,0.17120053,-0.13808385,0,0,0,0,0
1609,335000,-0.60642934,0.97751576,-0.35746661,-0.03754415,0.16896967,-0.12209449,0,0,0,0,0
1610,335208,-0.65450003,0.96386944,-0.29204754,-0.06341932,0.17601655,-0.12954945,0,0,0,0,0
1611,335416,-0.70185476,0.94842078,-0.23762995,-0.07811127,0.16946624,-0.10169958,0,0,0,0,0
1612,335625,-0.75311807,0.93432264,-0.15887420,-0.05723751,0.17821694,-0.09978490,0,0,0,0,0
1613,335833,-0.78812383,0.90483689,-0.11796969,-0.08482046,0.17656980,-0.08187978,0,0,0,0,0
1614,336041,-0.82010538,0.87026434,-0.04537735,-0.11314348,0.21510132,-0.08652314,0,0,0,0,0
1615,336250,-0.85909416,0.84410754,0.03228463,-0.10600773,0.16304617,-0.07088796,0,0,0,0,0
1616,336458,-0.89507558,0.80538953,0.09503485,-0.10579970,0.18282124,-0.05338155,0,0,0,0,0
1617,336666,-0.92971929,0.77243893,0.15095084,-0.13407070,0.18841282,-0.04058168,0,0,0,0,0
1618,336875,-0.94965659,0.72909544,0.23034712,-0.14344951,0.18177167,-0.03505328,0,0,0,0,0
1619,337083,-0.96051381,0.68240598,0.28274635,-0.16105148,0.18698768,-0.00815165,0,0,0,0,0
1620,337291,-0.98019771,0.62476221,0.35426803,-0.15082406,0.17269015,-0.00160765,0,0,0,0,0
1621,337500,-0.99229039,0.58088518,0.39900053,-0.16497720,0.18041115,0.01439505,0,0,0,0,0
1622,337708,-0.98817588,0.52007506,0.46424952,-0.19235263,0.18501843,0.00874165,0,0,0,0,0
1623,337916,-0.98820266,0.46392268,0.53428614,-0.18426624,0.14713038,0.01963404,0,0,0,0,0
1624,338125,-0.99685615,0.40983157,0.59473322,-0.18900023,0.15569011,0.04183696,0,0,0,0,0
1625,338333,-0.97716009,0.35318846,0.63879471,-0.19530255,0.14970819,0.06883903,0,0,0,0,0
1626,338541,-0.97680019,0.28983572,0.68880903,-0.19858762,0.16233675,0.07935841,0,0,0,0,0
1627,338750,-0.95773873,0.22269490,0.72812557,-0.21578845,0.14187869,0.10385159,0,0,0,0,0
1628,338958,-0.94807303,0.16130022,0.77640808,-0.17931992,0.12179622,0.09634879,0,0,0,0,0
1629,339166,-0.91175172,0.10377597,0.81610690,-0.20380805,0.12260267,0.11526500,0,0,0,0,0
1630,339375,-0.89672300,0.02736327,0.85490645,-0.18617901,0.09735579,0.11573940,0,0,0,0,0
1631,339583,-0.86529175,-0.04438769,0.88507743,-0.20552284,0.11761214,0.14873707,0,0,0,0,0
1632,339791,-0.82193765,-0.10086335,0.92680782,-0.21381622,0.09568299,0.14340522,0,0,0,0,0
1633,340000,-0.79250328,-0.17089579,0.94704875,-0.19629572,0.07999359,0.16810232,0,0,0,0,0
1634,340208,-0.74365822,-0.22886604,0.97909782,-0.18444206,0.07287697,0.17083304,0,0,0,0,0
1635,340416,-0.70492964,-0.30167525,0.98551704,-0.19700058,0.05545503,0.17431591,0,0,0,0,0
1636,340625,-0.64546050,-0.36632880,1.00324051,-0.17378587,0.03617037,0.17818950,0,0,0,0,0
1637,340833,-0.59566928,-0.42073978,1.01477345,-0.18481949,0.02921772,0.20232383,0,0,0,0,0
1638,341041,-0.55086202,-0.47110069,1.01725370,-0.18544289,0.03254740,0.20053279,0,0,0,0,0
1639,341250,-0.48783556,-0.53626974,1.01340089,-0.16308069,0.00941692,0.19027281,0,0,0,0,0
1640,341458,-0.43752316,-0.58463075,1.01928572,-0.14419685,0.00003470,0.23784005,0,0,0,0,0
1641,341666,-0.37024072,-0.64119077,1.01460475,-0.12860412,-0.00482678,0.22649552,0,0,0,0,0
1642,341875,-0.31264428,-0.69965458,1.00052760,-0.15382638,-0.02029417,0.23340252,0,0,0,0,0
1643,342083,-0.24459738,-0.73816639,0.98851070,-0.13640266,-0.04627107,0.22304075,0,0,0,0,0
1644,342291,-0.19067768,-0.77588791,0.95941321,-0.12447987,-0.04495587,0.21963551,0,0,0,0,0
1645,342500,-0.12364214,-0.82129452,0.95035915,-0.11195358,-0.06302693,0.22870675,0,0,0,0,0
1646,342708,-0.05627967,-0.85428636,0.91042878,-0.09381676,-0.08468311,0.24605338,0,0,0,0,0
1647,342916,0.01445540,-0.89307103,0.87878581,-0.06090575,-0.07964064,0.22329697,0,0,0,0,0
1648,343125,0.07207305,-0.91761307,0.84709925,-0.04811313,-0.08748056,0.23317047,0,0,0,0,0
1649,343333,0.13145108,-0.94856589,0.81509747,-0.03098639,-0.12275288,0.22243046,0,0,0,0,0
1650,343541,0.19167999,-0.98024110,0.76153940,-0.03467227,-0.12609651,0.22309882,0,0,0,0,0
1651,343750,0.26209633,-0.99504316,0.72422261,-0.03251468,-0.13364170,0.23637461,0,0,0,0,0
1652,343958,0.32542852,-0.99869686,0.67011594,-0.03044636,-0.11277490,0.22756754,0,0,0,0,0
1653,344166,0.37543404,-1.01741838,0.60943364,-0.02499340,-0.14789851,0.21895699,0,0,0,0,0
1654,344375,0.44499179,-1.01924286,0.56564977,0.01828208,-0.16540192,0.21364230,0,0,0,0,0
1655,344583,0.50565966,-1.01870708,0.50754751,0.02281389,-0.16560215,0.19301175,0,0,0,0,0
1656,344791,0.54941049,-1.01798064,0.45804415,0.05395605,-0.15106747,0.21026210,0,0,0,0,0
1657,345000,0.60521020,-1.01188049,0.38512539,0.04626892,-0.17025528,0.18312132,0,0,0,0,0
1658,345208,0.64667759,-0.99561359,0.32564430,0.07580363,-0.17616022,0.18720146,0,0,0,0,0
1659,345416,0.70217901,-0.98229436,0.25978667,0.08599119,-0.18778067,0.18752236,0,0,0,0,0
1660,345625,0.74502866,-0.95754758,0.20578927,0.06166967,-0.16418502,0.15187701,0,0,0,0,0
1661,345833,0.79294303,-0.94316805,0.13659480,0.10266588,-0.16557447,0.13628333,0,0,0,0,0
1662,346041,0.82484293,-0.91223362,0.07335381,0.11069923,-0.17251652,0.14096436,0,0,0,0,0
1663,346250,0.86128455,-0.86915324,0.00831296,0.11042610,-0.18365153,0.12685668,0,0,0,0,0
1664,346458,0.89252966,-0.83388614,-0.07107796,0.15599996,-0.17880595,0.11842926,0,0,0,0,0
1665,346666,0.92534220,-0.80359540,-0.13716606,0.15214198,-0.17680935,0.09506661,0,0,0,0,0
1666,346875,0.93666852,-0.76612311,-0.18422958,0.17751037,-0.17046863,0.08412634,0,0,0,0,0
1667,347083,0.94889329,-0.70955358,-0.25727036,0.17003246,-0.17193942,0.07126344,0,0,0,0,0
1668,347291,0.96273590,-0.65476176,-0.31330804,0.17994219,-0.16990251,0.07042376,0,0,0,0,0
1669,347500,0.97874220,-0.62203254,-0.37746617,0.18945081,-0.15469652,0.05507723,0,0,0,0,0
1670,347708,0.98480886,-0.55618956,-0.42809682,0.19598521,-0.13411915,0.03501632,0,0,0,0,0
1671,347916,0.98455160,-0.50161144,-0.49534566,0.21208896,-0.15337018,0.04790156,0,0,0,0,0
1672,348125,0.97637571,-0.45032534,-0.54590687,0.21030841,-0.13266811,0.01944392,0,0,0,0,0
1673,348333,0.97952959,-0.38045439,-0.60279319,0.19836416,-0.11535683,-0.01507580,0,0,0,0,0
1674,348541,0.96020926,-0.32840769,-0.65227231,0.23802273,-0.11682124,-0.02268171,0,0,0,0,0
1675,348750,0.94015625,-0.26193616,-0.70272023,0.21347791,-0.10794441,-0.01539922,0,0,0,0,0
1676,348958,0.93124287,-0.19671006,-0.74463364,0.22211847,-0.10778803,-0.05217481,0,0,0,0,0
1677,349166,0.90976044,-0.13616444,-0.78864166,0.22672328,-0.08156057,-0.03172183,0,0,0,0,0
1678,349375,0.88056737,-0.06494736,-0.82951507,0.21207903,-0.06847026,-0.07024930,0,0,0,0,0
1679,349583,0.83422864,-0.00474924,-0.86072475,0.22709785,-0.05475267,-0.07702628,0,0,0,0,0
1680,349791,0.81419922,0.06458694,-0.89049667,0.22250716,-0.05077362,-0.09645416,0,0,0,0,0
1681,350000,0.76353651,0.13901747,-0.91291357,0.23179450,-0.04890865,-0.12322416,0,0,0,0,0
1682,350208,0.72030618,0.20114257,-0.94445983,0.23630232,-0.03355581,-0.11043641,0,0,0,0,0
1683,350416,0.67993591,0.26428656,-0.96390454,0.20725494,-0.02987850,-0.13597537,0,0,0,0,0
1684,350625,0.62828382,0.32872674,-0.96830824,0.21235765,-0.00627455,-0.13614985,0,0,0,0,0
1685,350833,0.57565826,0.39236363,-0.98165982,0.21115259,0.00825990,-0.13609312,0,0,0,0,0
1686,351041,0.52266371,0.43607142,-0.97907427,0.22951125,0.02288109,-0.15347301,0,0,0,0,0
1687,351250,0.46956047,0.50360308,-0.99571000,0.19856589,0.04498901,-0.17581872,0,0,0,0,0
1688,351458,0.40868601,0.55261560,-0.98824949,0.17086235,0.04560709,-0.17461413,0,0,0,0,0
1689,351666,0.35455669,0.60703554,-0.97131023,0.18791900,0.05112867,-0.19607854,0,0,0,0,0
1690,351875,0.28837293,0.65467081,-0.97620449,0.18670963,0.06990462,-0.18714660,0,0,0,0,0
1691,352083,0.22203705,0.71906272,-0.94956953,0.15998051,0.08777035,-0.18423616,0,0,0,0,0
1692,352291,0.15627024,0.74340335,-0.93236293,0.14869212,0.10488978,-0.18773479,0,0,0,0,0
1693,352500,0.09969251,0.79490153,-0.90510034,0.14512380,0.10562802,-0.19024113,0,0,0,0,0
1694,352708,0.03288178,0.84041426,-0.87743537,0.13986558,0.11720383,-0.19491672,0,0,0,0,0
1695,352916,-0.03112794,0.86575468,-0.85537667,0.12055287,0.13883613,-0.19189414,0,0,0,0,0
1696,353125,-0.09826384,0.88327633,-0.80800232,0.12519950,0.13543644,-0.20204188,0,0,0,0,0
1697,353333,-0.16157413,0.93450144,-0.77633195,0.09908737,0.15805287,-0.19992510,0,0,0,0,0
1698,353541,-0.23172021,0.95607574,-0.73392577,0.09948412,0.17204978,-0.19755034,0,0,0,0,0
1699,353750,-0.29268403,0.95954281,-0.68802296,0.06869109,0.17237585,-0.15627942,0,0,0,0,0
1700,353958,-0.34595685,0.98477497,-0.63906415,0.07528101,0.18729674,-0.17660374,0,0,0,0,0
1701,354166,-0.41358851,0.99129927,-0.59794648,0.03928929,0.17799408,-0.15984717,0,0,0,0,0
1702,354375,-0.46864970,0.98873068,-0.53716986,0.04314865,0.19323235,-0.18228980,0,0,0,0,0
1703,354583,-0.53784790,1.00260264,-0.48152921,0.02281899,0.19327987,-0.17971192,0,0,0,0,0
1704,354791,-0.58876842,0.99220586,-0.42905849,-0.00397640,0.21324029,-0.17670592,0,0,0,0,0
1705,355000,-0.64265200,0.98833709,-0.36405114,0.00435267,0.18809033,-0.16548249,0,0,0,0,0
1706,355208,-0.69452239,0.98038646,-0.30450192,-0.00755872,0.22503865,-0.15766949,0,0,0,0,0
1707,355416,-0.73565983,0.96414882,-0.24962027,-0.02874551,0.21364076,-0.14770604,0,0,0,0,0
1708,355625,-0.78154780,0.94496304,-0.17729059,-0.03070857,0.21475249,-0.13766822,0,0,0,0,0
1709,355833,-0.82069039,0.91283218,-0.11838098,-0.04228891,0.23642547,-0.12101180,0,0,0,0,0
1710,356041,-0.85634211,0.87759276,-0.04340205,-0.06613897,0.22288699,-0.10796327,0,0,0,0,0
1711,356250,-0.89222614,0.85638067,0.01475755,-0.07810905,0.21934428,-0.09769778,0,0,0,0,0
1712,356458,-0.91765266,0.82971256,0.07401056,-0.07428362,0.22558508,-0.06545725,0,0,0,0,0
1713,356666,-0.94115769,0.78084895,0.14810827,-0.10503859,0.22210688,-0.08475648,0,0,0,0,0
1714,356875,-0.97679222,0.74465846,0.20241263,-0.08407137,0.21598766,-0.05140358,0,0,0,0,0
1715,357083,-0.98772309,0.70173852,0.27374378,-0.12394502,0.22406405,-0.04841129,0,0,0,0,0
1716,357291,-0.99503018,0.65192085,0.32930840,-0.11158767,0.18627182,-0.03570105,0,0,0,0,0
1717,357500,-1.01211139,0.60836688,0.39519807,-0.14251199,0.19281313,-0.03010099,0,0,0,0,0
1718,357708,-1.00607304,0.54563091,0.44307730,-0.15524040,0.18694519,-0.01990711,0,0,0,0,0
1719,357916,-1.00680487,0.49203652,0.50048670,-0.14474812,0.20638856,0.01041727,0,0,0,0,0
1720,358125,-1.01663209,0.43613047,0.56957027,-0.16348738,0.19656266,0.02579028,0,0,0,0,0
1721,358333,-1.00607704,0.37602273,0.62073085,-0.18974069,0.17609447,0.01861480,0,0,0,0,0
1722,358541,-0.99035573,0.30633910,0.66856063,-0.16042614,0.16535738,0.02728564,0,0,0,0,0
1723,358750,-0.96819243,0.25866754,0.71750330,-0.16853352,0.15304710,0.03787978,0,0,0,0,0
1724,358958,-0.95359112,0.19283370,0.75342645,-0.19504926,0.15687633,0.05612667,0,0,0,0,0
1725,359166,-0.93022476,0.11890337,0.79227914,-0.19224324,0.12408676,0.05281467,0,0,0,0,0
1726,359375,-0.90230514,0.06121660,0.82958410,-0.18272668,0.13398281,0.05805122,0,0,0,0,0
1727,359583,-0.86917665,-0.00851429,0.86439128,-0.18656207,0.13010928,0.08325040,0,0,0,0,0
1728,359791,-0.83563072,-0.06724593,0.90231308,-0.17131843,0.10390808,0.09254208,0,0,0,0,0
1729,360000,-0.79643655,-0.12873423,0.92046267,-0.17593530,0.09250994,0.10159803,0,0,0,0,0
1730,360208,-0.75487874,-0.20835832,0.93976283,-0.18361226,0.07847398,0.11975259,0,0,0,0,0
1731,360416,-0.70848704,-0.25433399,0.96438869,-0.18822362,0.05975401,0.13637196,0,0,0,0,0
1732,360625,-0.66060242,-0.31695630,0.97246497,-0.18799752,0.03424384,0.13989667,0,0,0,0,0
1733,360833,-0.60108414,-0.39054415,0.98514420,-0.16107770,0.03845385,0.15116377,0,0,0,0,0
1734,361041,-0.55055517,-0.45651700,0.99470220,-0.17627646,0.01676677,0.14893847,0,0,0,0,0
1735,361250,-0.49768417,-0.50111505,0.99019123,-0.16140170,0.00029709,0.15938684,0,0,0,0,0
1736,361458,-0.42956015,-0.55429354,0.98833520,-0.15317542,-0.00702087,0.17492924,0,0,0,0,0
1737,361666,-0.38813139,-0.61324658,0.98335639,-0.15900051,-0.01182579,0.15749643,0,0,0,0,0
1738,361875,-0.31884159,-0.66222331,0.97107663,-0.13422422,-0.02872699,0.17275007,0,0,0,0,0
1739,362083,-0.25352494,-0.70126185,0.94760933,-0.11897397,-0.04306280,0.17608764,0,0,0,0,0
1740,362291,-0.18971126,-0.74831937,0.92697114,-0.11925737,-0.05350465,0.17255851,0,0,0,0,0
1741,362500,-0.12130979,-0.79244091,0.90178378,-0.12196690,-0.06920473,0.17913608,0,0,0,0,0
1742,362708,-0.05527713,-0.82207517,0.87932099,-0.09078784,-0.07691461,0.18686632,0,0,0,0,0
1743,362916,0.00929857,-0.85898578,0.84534471,-0.09443200,-0.08706966,0.16930177,0,0,0,0,0
1744,363125,0.06782452,-0.87918565,0.81300302,-0.08566599,-0.10058833,0.18567975,0,0,0,0,0
1745,363333,0.14377672,-0.90383405,0.76489534,-0.04346286,-0.12759617,0.18190816,0,0,0,0,0
1746,363541,0.20114388,-0.93587180,0.72541653,-0.07133588,-0.12284816,0.15325028,0,0,0,0,0
1747,363750,0.26792646,-0.95576841,0.68811105,-0.05349388,-0.14548850,0.15900904,0,0,0,0,0
1748,363958,0.33303047,-0.96865246,0.63358885,-0.02597655,-0.16001784,0.17180451,0,0,0,0,0
1749,364166,0.38061200,-0.98203058,0.58256891,-0.01900516,-0.16551242,0.17558067,0,0,0,0,0
1750,364375,0.45050892,-0.98177360,0.52312859,-0.00312773,-0.17630080,0.15580100,0,0,0,0,0
1751,364583,0.49939630,-0.98948341,0.47778083,0.00881155,-0.16616915,0.14741934,0,0,0,0,0
1752,364791,0.56424900,-0.98063115,0.41938681,0.01745974,-0.17891886,0.13854198,0,0,0,0,0
1753,365000,0.60809250,-0.97784543,0.35673722,0.04167971,-0.17665154,0.14033279,0,0,0,0,0
1754,365208,0.67426122,-0.96656825,0.28766398,0.05124789,-0.18170577,0.11634144,0,0,0,0,0
1755,365416,0.71326556,-0.94910370,0.23492925,0.05255597,-0.19799662,0.12130426,0,0,0,0,0
1756,365625,0.75690409,-0.92896752,0.15685359,0.06380409,-0.19320399,0.10275998,0,0,0,0,0
1757,365833,0.81227465,-0.90083278,0.10140815,0.08063416,-0.21653044,0.08091841,0,0,0,0,0
1758,366041,0.83815590,-0.87265182,0.03489849,0.08675052,-0.21257367,0.07838435,0,0,0,0,0
1759,366250,0.87736542,-0.84276583,-0.02240983,0.11237884,-0.21907760,0.07065426,0,0,0,0,0
1760,366458,0.89783155,-0.80636670,-0.08968855,0.11934855,-0.21327687,0.05370036,0,0,0,0,0
1761,366666,0.92485341,-0.76618806,-0.14890732,0.12522600,-0.21081113,0.06959551,0,0,0,0,0
1762,366875,0.95179555,-0.73068404,-0.23055721,0.14321415,-0.20624880,0.03546749,0,0,0,0,0
1763,367083,0.96773473,-0.68052812,-0.28400280,0.14401176,-0.20275453,0.01469332,0,0,0,0,0
1764,367291,0.98230043,-0.63389028,-0.34889657,0.14854946,-0.20165939,0.02456539,0,0,0,0,0
1765,367500,0.99467757,-0.58508104,-0.41439577,0.15499010,-0.20110511,-0.01123713,0,0,0,0,0
1766,367708,0.99758321,-0.52306249,-0.47294974,0.16435682,-0.17542706,-0.02832378,0,0,0,0,0
1767,367916,0.99500889,-0.46206435,-0.52094554,0.18428484,-0.18094428,-0.01147588,0,0,0,0,0
1768,368125,1.00239778,-0.40740692,-0.58388475,0.17766522,-0.16742742,-0.04516952,0,0,0,0,0
1769,368333,0.99309731,-0.34893072,-0.64123283,0.16633561,-0.17309852,-0.04356704,0,0,0,0,0
1770,368541,0.97957815,-0.28983254,-0.68036396,0.17658202,-0.16844594,-0.04855511,0,0,0,0,0
1771,368750,0.97552753,-0.22734972,-0.72921454,0.19617056,-0.13935496,-0.09374222,0,0,0,0,0
1772,368958,0.95112027,-0.16274633,-0.77612448,0.18125158,-0.12903689,-0.09825702,0,0,0,0,0
1773,369166,0.92176674,-0.09745179,-0.82403615,0.19216737,-0.12877816,-0.10253957,0,0,0,0,0
1774,369375,0.89517574,-0.02879452,-0.86626725,0.19638224,-0.12233325,-0.10151267,0,0,0,0,0
1775,369583,0.85374058,0.02953765,-0.87802054,0.19202960,-0.09499064,-0.11874183,0,0,0,0,0
1776,369791,0.82543518,0.09679230,-0.92100718,0.18781991,-0.08924713,-0.13344008,0,0,0,0,0
1777,370000,0.79316140,0.16664619,-0.93541872,0.17785327,-0.09131954,-0.14099965,0,0,0,0,0
1778,370208,0.75742358,0.22223827,-0.96578374,0.19130180,-0.08710044,-0.16330169,0,0,0,0,0
1779,370416,0.70122996,0.28617087,-0.98240085,0.17066088,-0.05098567,-0.15939551,0,0,0,0,0
1780,370625,0.65503628,0.34809537,-1.00635745,0.18121033,-0.07758114,-0.17638517,0,0,0,0,0
1781,370833,0.60615916,0.40971268,-0.99957651,0.15132108,-0.04143668,-0.17641275,0,0,0,0,0
1782,371041,0.55395125,0.47544054,-1.01505697,0.15774237,-0.03217072,-0.19562632,0,0,0,0,0
1783,371250,0.49153667,0.53716349,-1.01549532,0.15933154,-0.02145744,-0.19617058,0,0,0,0,0
1784,371458,0.43318732,0.57866480,-1.00845232,0.15006831,-0.00958688,-0.21033275,0,0,0,0,0
1785,371666,0.39252809,0.62752686,-1.01045176,0.15009187,0.01044251,-0.20452568,0,0,0,0,0
1786,371875,0.31059080,0.68171860,-0.98507492,0.11499003,0.03523581,-0.21332569,0,0,0,0,0
1787,372083,0.26251992,0.73178832,-0.98284928,0.11598520,0.02899288,-0.21819256,0,0,0,0,0
1788,372291,0.19426708,0.77317774,-0.95560139,0.10292965,0.06518877,-0.21508222,0,0,0,0,0
1789,372500,0.12736389,0.81773332,-0.93205283,0.11295277,0.05875129,-0.23487251,0,0,0,0,0
1790,372708,0.06407485,0.85225444,-0.89749729,0.08223114,0.06042569,-0.20687935,0,0,0,0,0
1791,372916,0.00605438,0.89120753,-0.88072602,0.07731462,0.07679381,-0.22793529,0,0,0,0,0
1792,373125,-0.06733178,0.91824552,-0.84258752,0.06906196,0.09008048,-0.22168236,0,0,0,0,0
1793,373333,-0.13012400,0.92975083,-0.79668887,0.04893220,0.10063895,-0.22046928,0,0,0,0,0
1794,373541,-0.18853105,0.95869954,-0.76592315,0.04741836,0.10441895,-0.22919198,0,0,0,0,0
1795,373750,-0.25544175,0.98075513,-0.72023115,0.02340480,0.13068454,-0.19813265,0,0,0,0,0
1796,373958,-0.33105347,0.98840401,-0.66633316,-0.00137509,0.13906066,-0.20175339,0,0,0,0,0
1797,374166,-0.39174465,1.00785285,-0.61079781,-0.00612059,0.13927943,-0.19648394,0,0,0,0,0
1798,374375,-0.44123376,1.01527867,-0.56424220,-0.02787161,0.13695928,-0.17202169,0,0,0,0,0
1799,374583,-0.50354541,1.01311021,-0.49834706,-0.02090243,0.14852230,-0.19087789,0,0,0,0,0
1800,374791,-0.55349208,1.00729763,-0.43811141,-0.03656501,0.16113485,-0.19501531,0,0,0,0,0
1801,375000,-0.60512572,0.99996858,-0.38994103,-0.05089449,0.15294684,-0.16479490,0,0,0,0,0
1802,375208,-0.64794361,0.98531561,-0.31608898,-0.05567179,0.15750763,-0.15478982,0,0,0,0,0
1803,375416,-0.70533773,0.97247781,-0.25395847,-0.06755055,0.17094323,-0.17464482,0,0,0,0,0
1804,375625,-0.74840018,0.94725869,-0.19180865,-0.09570358,0.16116918,-0.15814608,0,0,0,0,0
1805,375833,-0.79373140,0.92620490,-0.12066945,-0.09457760,0.18506698,-0.12595409,0,0,0,0,0
1806,376041,-0.82565951,0.89669213,-0.05838021,-0.12022010,0.18055100,-0.12240040,0,0,0,0,0
1807,376250,-0.86435783,0.86481017,0.00416097,-0.13712695,0.19240011,-0.10107271,0,0,0,0,0
1808,376458,-0.88598752,0.84366689,0.06898569,-0.12037382,0.16567094,-0.09647876,0,0,0,0,0
1809,376666,-0.91660410,0.79226491,0.13758710,-0.14417521,0.16947801,-0.08180331,0,0,0,0,0
1810,376875,-0.93816255,0.75322233,0.19892932,-0.14808628,0.18151722,-0.06718669,0,0,0,0,0
1811,377083,-0.95063922,0.70499323,0.26726784,-0.17500247,0.17812653,-0.05749088,0,0,0,0,0
1812,377291,-0.96850550,0.65134449,0.33146940,-0.16853897,0.15038328,-0.04776716,0,0,0,0,0
1813,377500,-0.97412507,0.60658925,0.38871663,-0.18304609,0.17669235,-0.03827671,0,0,0,0,0
1814,377708,-0.98705164,0.54432986,0.44506567,-0.18911520,0.14799422,-0.00777725,0,0,0,0,0
1815,377916,-0.98101741,0.49584530,0.49977646,-0.17924149,0.16358737,0.01560999,0,0,0,0,0
1816,378125,-0.98731534,0.43753010,0.56165063,-0.22052375,0.14026491,0.01872359,0,0,0,0,0
1817,378333,-0.97024733,0.37470874,0.61982552,-0.20154284,0.14394079,0.01598081,0,0,0,0,0
1818,378541,-0.96650850,0.30822203,0.66678827,-0.19986145,0.10592363,0.02628574,0,0,0,0,0
1819,378750,-0.95301977,0.25357257,0.70077478,-0.21005981,0.15814751,0.03603181,0,0,0,0,0
1820,378958,-0.92672126,0.19316422,0.76025080,-0.20713758,0.10894047,0.06158818,0,0,0,0,0
1821,379166,-0.89553702,0.10997194,0.79341052,-0.22741984,0.11244477,0.07649884,0,0,0,0,0
1822,379375,-0.87573525,0.05113446,0.83559057,-0.22067834,0.08991433,0.08352109,0,0,0,0,0
1823,379583,-0.84400944,-0.01605065,0.86371623,-0.21200446,0.08220898,0.11003021,0,0,0,0,0
1824,379791,-0.81566385,-0.07982188,0.89737140,-0.22566730,0.07743244,0.10988849,0,0,0,0,0
1825,380000,-0.75708220,-0.14390401,0.91370571,-0.23283213,0.07343989,0.12266862,0,0,0,0,0
1826,380208,-0.73410573,-0.20764796,0.94597674,-0.19232003,0.04406782,0.12478741,0,0,0,0,0
1827,380416,-0.68128092,-0.26131268,0.96093631,-0.20600807,0.04793210,0.15154599,0,0,0,0,0
1828,380625,-0.63291176,-0.33486240,0.97179469,-0.20115646,0.01966968,0.14966979,0,0,0,0,0
1829,380833,-0.58415121,-0.39185387,0.99948612,-0.20347596,0.01274030,0.13706918,0,0,0,0,0
1830,381041,-0.52721628,-0.45253309,0.99480631,-0.19205708,-0.00400657,0.18063827,0,0,0,0,0
1831,381250,-0.47006879,-0.51109905,1.00700285,-0.19631571,-0.01736872,0.16470973,0,0,0,0,0
1832,381458,-0.42553769,-0.56227903,0.99414344,-0.18295061,-0.03475722,0.17141273,0,0,0,0,0
1833,381666,-0.34801082,-0.62097016,0.98996687,-0.17400867,-0.04889676,0.17533544,0,0,0,0,0
1834,381875,-0.29889219,-0.66533711,0.97831127,-0.16287116,-0.06043544,0.19883889,0,0,0,0,0
1835,382083,-0.23439186,-0.70854378,0.95797047,-0.16120755,-0.06187650,0.18684775,0,0,0,0,0
1836,382291,-0.17237772,-0.76624010,0.94413606,-0.14975181,-0.07202738,0.20323623,0,0,0,0,0
1837,382500,-0.10951539,-0.79793396,0.92753790,-0.12930529,-0.11597512,0.20112815,0,0,0,0,0
1838,382708,-0.03231313,-0.83891443,0.89258117,-0.12147815,-0.11191091,0.20710406,0,0,0,0,0
1839,382916,0.02515891,-0.87286962,0.85738135,-0.10418544,-0.13632819,0.21974331,0,0,0,0,0
1840,383125,0.09624403,-0.90590215,0.82537609,-0.11274681,-0.12770414,0.21703513,0,0,0,0,0
1841,383333,0.16139986,-0.92713512,0.78913225,-0.08206752,-0.15263956,0.20256263,0,0,0,0,0
1842,383541,0.22874585,-0.96172698,0.74201479,-0.08562431,-0.16157587,0.22292150,0,0,0,0,0
1843,383750,0.27820200,-0.97338189,0.69706289,-0.04883193,-0.16137522,0.19495659,0,0,0,0,0
1844,383958,0.34390184,-0.99323551,0.64887649,-0.04955586,-0.18175249,0.18249022,0,0,0,0,0
1845,384166,0.40988089,-1.00665747,0.60161815,-0.03760161,-0.16865871,0.17652884,0,0,0,0,0
1846,384375,0.47170068,-0.99778522,0.55277074,-0.02210286,-0.17941702,0.19025755,0,0,0,0,0
1847,384583,0.51893113,-1.01168476,0.49152933,-0.00713855,-0.19515754,0.16710351,0,0,0,0,0
1848,384791,0.57299837,-0.99414975,0.43619926,0.01137226,-0.18888683,0.17680281,0,0,0,0,0
1849,385000,0.63415554,-0.99256272,0.37572935,0.02743302,-0.20271999,0.17354577,0,0,0,0,0
1850,385208,0.68086709,-0.98292904,0.30149271,0.01095394,-0.20174355,0.16026498,0,0,0,0,0
1851,385416,0.72387997,-0.97211663,0.24878174,0.03852904,-0.17965823,0.15029597,0,0,0,0,0
1852,385625,0.76381129,-0.94417869,0.17594402,0.04865795,-0.21059531,0.14170029,0,0,0,0,0
1853,385833,0.80632186,-0.91959413,0.11711742,0.05868789,-0.20847432,0.12726846,0,0,0,0,0
1854,386041,0.85146106,-0.89711333,0.04851352,0.06500644,-0.20246318,0.13264501,0,0,0,0,0
1855,386250,0.88738626,-0.85821547,-0.00863226,0.08995947,-0.18069021,0.11615027,0,0,0,0,0
1856,386458,0.91674156,-0.83151483,-0.07653853,0.08852392,-0.21435376,0.08977732,0,0,0,0,0
1857,386666,0.93245570,-0.79424396,-0.13694712,0.12150263,-0.20989300,0.06427140,0,0,0,0,0
1858,386875,0.96462657,-0.74958846,-0.19883400,0.11522750,-0.19737721,0.09163518,0,0,0,0,0
1859,387083,0.98330805,-0.69717648,-0.26747629,0.13669213,-0.20369673,0.07189460,0,0,0,0,0
1860,387291,0.99242003,-0.66147635,-0.33071317,0.13444563,-0.19204287,0.05980532,0,0,0,0,0
1861,387500,1.00065122,-0.60113653,-0.38808616,0.14289845,-0.16965384,0.02431612,0,0,0,0,0
1862,387708,1.00822778,-0.55022990,-0.44480911,0.15554492,-0.18563130,0.01417610,0,0,0,0,0
1863,387916,0.99838219,-0.49397282,-0.50893569,0.15728328,-0.18087888,0.01779582,0,0,0,0,0
1864,388125,0.99397533,-0.44022125,-0.56338518,0.18449061,-0.15088595,-0.00459065,0,0,0,0,0
1865,388333,0.99486486,-0.38222796,-0.60656883,0.18253587,-0.16552784,-0.01594017,0,0,0,0,0
1866,388541,0.98273424,-0.31603833,-0.65716306,0.19179536,-0.14904710,-0.01392240,0,0,0,0,0
1867,388750,0.95260624,-0.25811968,-0.70275886,0.18493437,-0.16188875,-0.03857004,0,0,0,0,0
1868,388958,0.94826095,-0.19020624,-0.74878773,0.20212464,-0.12645219,-0.04951875,0,0,0,0,0
1869,389166,0.92779864,-0.12756512,-0.79438865,0.19939221,-0.12010288,-0.05418157,0,0,0,0,0
1870,389375,0.90152364,-0.05850714,-0.83924534,0.18647030,-0.12666130,-0.08512937,0,0,0,0,0
1871,389583,0.86442055,0.00748647,-0.86299373,0.19723327,-0.10096845,-0.08413227,0,0,0,0,0
1872,389791,0.82447838,0.07367747,-0.88477443,0.20314091,-0.07932074,-0.07847442,0,0,0,0,0
1873,390000,0.79394798,0.13332362,-0.91797390,0.18999518,-0.08227795,-0.09693522,0,0,0,0,0
1874,390208,0.75131775,0.20269363,-0.94383475,0.20006321,-0.06950850,-0.12280585,0,0,0,0,0
1875,390416,0.70060418,0.26757212,-0.96799613,0.17594613,-0.03982857,-0.12636230,0,0,0,0,0
1876,390625,0.65456134,0.31724453,-0.98121801,0.18557036,-0.03901860,-0.14449086,0,0,0,0,0
1877,390833,0.60325573,0.38597966,-0.98425890,0.17859206,-0.01805306,-0.14680764,0,0,0,0,0
1878,391041,0.55620694,0.43562838,-0.98868446,0.19210002,0.00117387,-0.15818214,0,0,0,0,0
1879,391250,0.47280614,0.50593252,-0.99227002,0.16258182,-0.00596749,-0.16109021,0,0,0,0,0
1880,391458,0.43524822,0.56677977,-0.98212687,0.16571813,0.00837502,-0.15673781,0,0,0,0,0
1881,391666,0.36975945,0.60882103,-0.98085811,0.17126660,0.03381658,-0.17843001,0,0,0,0,0
1882,391875,0.30917891,0.65564228,-0.97194765,0.15156228,0.03590004,-0.16294115,0,0,0,0,0
1883,392083,0.24963730,0.70468843,-0.94511965,0.13158975,0.05738178,-0.16046020,0,0,0,0,0
1884,392291,0.18143339,0.74578348,-0.92953416,0.13786136,0.07415523,-0.19550592,0,0,0,0,0
1885,392500,0.11757921,0.78297025,-0.90696921,0.13885077,0.09098758,-0.18044608,0,0,0,0,0
1886,392708,0.04965928,0.81521475,-0.88230964,0.11036787,0.09263629,-0.18120664,0,0,0,0,0
1887,392916,-0.01256890,0.85585266,-0.85203058,0.11492363,0.12543849,-0.17601092,0,0,0,0,0
1888,393125,-0.07895947,0.88828427,-0.81732545,0.09287344,0.14513757,-0.18065935,0,0,0,0,0
1889,393333,-0.15123688,0.91341901,-0.77146625,0.09519338,0.12164725,-0.18103572,0,0,0,0,0
1890,393541,-0.20890191,0.93828582,-0.72797092,0.06918708,0.16690215,-0.16064595,0,0,0,0,0
1891,393750,-0.27149069,0.95682223,-0.68900141,0.07303809,0.14404922,-0.16084118,0,0,0,0,0
1892,393958,-0.33662881,0.96660791,-0.63880650,0.03537673,0.14404816,-0.17338378,0,0,0,0,0
1893,394166,-0.39321337,0.98016222,-0.58674862,0.02876581,0.16825635,-0.16399252,0,0,0,0,0
1894,394375,-0.45933975,0.98616981,-0.53405164,0.00486020,0.18007147,-0.15421793,0,0,0,0,0
1895,394583,-0.52125661,0.98583198,-0.47927381,0.01006714,0.17685510,-0.16684804,0,0,0,0,0
1896,394791,-0.57110225,0.98776223,-0.41528420,-0.00789727,0.18639406,-0.13936265,0,0,0,0,0
1897,395000,-0.62487110,0.98997026,-0.36028496,-0.01546260,0.20178410,-0.15533396,0,0,0,0,0
1898,395208,-0.68206589,0.96954785,-0.29480456,-0.02910064,0.18208817,-0.12343717,0,0,0,0,0
1899,395416,-0.71874530,0.94871526,-0.23413617,-0.04168946,0.20203680,-0.12790107,0,0,0,0,0
1900,395625,-0.75652047,0.92520921,-0.16997479,-0.04980469,0.19405796,-0.12504937,0,0,0,0,0
1901,395833,-0.80771244,0.91875795,-0.10765559,-0.06016059,0.20341282,-0.10205544,0,0,0,0,0
1902,396041,-0.84809985,0.88136774,-0.04779685,-0.07704560,0.22557818,-0.09283811,0,0,0,0,0
1903,396250,-0.88941358,0.84650656,0.02317092,-0.08953074,0.21282040,-0.10235752,0,0,0,0,0
1904,396458,-0.90715720,0.81536090,0.09009735,-0.11114473,0.23281836,-0.09078304,0,0,0,0,0
1905,396666,-0.93067668,0.77425845,0.15517521,-0.10264343,0.20236159,-0.06243451,0,0,0,0,0
1906,396875,-0.95944558,0.73461325,0.21589520,-0.13183477,0.21767740,-0.06710349,0,0,0,0,0
1907,397083,-0.97678756,0.68620771,0.27997166,-0.13470094,0.21136390,-0.04090596,0,0,0,0,0
1908,397291,-0.99895292,0.63264578,0.35026930,-0.14097727,0.18129739,-0.01461205,0,0,0,0,0
1909,397500,-0.99894447,0.58501895,0.40049690,-0.16300970,0.18762873,-0.00550434,0,0,0,0,0
1910,397708,-1.01175769,0.52600145,0.47089095,-0.16984419,0.20248306,-0.00240039,0,0,0,0,0
1911,397916,-1.00465675,0.47961271,0.51807858,-0.17162395,0.18659733,0.01183155,0,0,0,0,0
1912,398125,-1.00407095,0.42126068,0.58111952,-0.16524589,0.16747043,0.03358846,0,0,0,0,0
1913,398333,-0.99872637,0.36254891,0.63180002,-0.17191149,0.15132673,0.03524789,0,0,0,0,0
1914,398541,-0.98051979,0.30214181,0.66692506,-0.18524466,0.14085774,0.03663685,0,0,0,0,0
1915,398750,-0.97650005,0.22138295,0.73815817,-0.16942038,0.15997622,0.05995850,0,0,0,0,0
1916,398958,-0.94210977,0.16881029,0.78020250,-0.18927014,0.13040672,0.08297437,0,0,0,0,0
1917,399166,-0.92509619,0.10437043,0.80503262,-0.17169507,0.14876955,0.07698022,0,0,0,0,0
1918,399375,-0.89984068,0.03788680,0.85331756,-0.19075311,0.13208491,0.11208565,0,0,0,0,0
1919,399583,-0.87100888,-0.02467467,0.88061453,-0.19463192,0.08501711,0.10638721,0,0,0,0,0
1920,399791,-0.82838534,-0.09552243,0.90648445,-0.16062797,0.10488748,0.14480222,0,0,0,0,0
1921,400000,-0.79667900,-0.14873514,0.93422831,-0.20596745,0.08163301,0.13062921,0,1,0,0,0
1922,400208,-0.74622881,-0.22809828,0.96193860,-0.18000443,0.07544624,0.15761502,0,1,0,0,0
1923,400416,-0.70021430,-0.28928331,0.97892901,-0.18755326,0.06540164,0.15458336,0,1,0,0,0
1924,400625,-0.66308105,-0.35006281,0.99655892,-0.18823384,0.04955016,0.14831469,0,1,0,0,0
1925,400833,-0.60547203,-0.40203440,1.00545935,-0.17166536,0.04239601,0.17339774,0,1,0,0,0
1926,401041,-0.56182177,-0.46750098,1.01079124,-0.14964097,0.01356735,0.16468396,0,1,0,0,0
1927,401250,-0.49316995,-0.51531456,1.01522303,-0.15342047,0.02116440,0.16952837,0,1,0,0,0
1928,401458,-0.43864485,-0.58165598,1.00651914,-0.16766601,-0.01682685,0.19830298,0,1,0,0,0
1929,401666,-0.38161709,-0.62830239,0.99640052,-0.15545578,-0.01737026,0.19879103,0,1,0,0,0
1930,401875,-0.32899740,-0.67597832,0.98703518,-0.14030108,-0.03057790,0.19224269,0,1,0,0,0
1931,402083,-0.25352257,-0.72238271,0.97969582,-0.13487862,-0.02534932,0.20057699,0,1,0,0,0
1932,402291,-0.19270645,-0.77358806,0.95047851,-0.10132389,-0.06435302,0.20083861,0,1,0,0,0
1933,402500,-0.13342730,-0.80821851,0.92068704,-0.09898858,-0.06226891,0.19908224,0,1,0,0,0
1934,402708,-0.06136135,-0.85620151,0.89563598,-0.09817268,-0.07028020,0.19985770,0,1,0,0,0
1935,402916,0.00991194,-0.86614974,0.86304028,-0.08257701,-0.08139791,0.20381418,0,1,0,0,0
1936,403125,0.07588100,-0.90376086,0.83446517,-0.07946989,-0.10280952,0.20130610,0,1,0,0,0
1937,403333,0.13204929,-0.93029124,0.78679633,-0.06328061,-0.10469558,0.19918691,0,1,0,0,0
1938,403541,0.19184976,-0.95834429,0.74917574,-0.05780391,-0.10611820,0.20132791,0,1,0,0,0
1939,403750,0.26640150,-0.97553247,0.70570661,-0.03226350,-0.13752213,0.20729583,0,1,0,0,0
1940,403958,0.31680592,-0.98546378,0.66081312,-0.02465975,-0.14206169,0.20435239,0,1,0,0,0
1941,404166,0.37991096,-0.99945035,0.60142785,-0.00789839,-0.14602704,0.19331163,0,1,0,0,0
1942,404375,0.44761259,-1.00066136,0.55332471,0.01548575,-0.16257769,0.18571953,0,1,0,0,0
1943,404583,0.50732951,-0.99715270,0.49667015,0.01602586,-0.14514422,0.16884459,0,1,0,0,0
1944,404791,0.55968960,-1.00646876,0.42829733,0.00601638,-0.16977217,0.15677504,0,1,0,0,0
1945,405000,0.60787808,-0.98856995,0.37428321,0.06044195,-0.17484289,0.15720648,0,1,0,0,0
1946,405208,0.66228331,-0.98622382,0.31283089,0.05763839,-0.18733715,0.15290342,0,1,0,0,0
1947,405416,0.71184906,-0.97027574,0.26279153,0.05532868,-0.17635730,0.13542982,0,1,0,0,0
1948,405625,0.75263762,-0.94557350,0.19010025,0.07819963,-0.17639448,0.11625278,0,1,0,0,0
1949,405833,0.78034502,-0.91893692,0.12388727,0.10081073,-0.19782403,0.13352147,0,1,0,0,0
1950,406041,0.82510984,-0.90147397,0.04778169,0.09976630,-0.18028925,0.10919375,0,1,0,0,0
1951,406250,0.86662472,-0.85501303,-0.01268502,0.11373102,-0.17848899,0.11051311,0,1,0,0,0
1952,406458,0.88849341,-0.83100741,-0.08638497,0.12354262,-0.18307366,0.08608437,0,1,0,0,0
1953,406666,0.92266251,-0.79916126,-0.15154882,0.15222154,-0.19355602,0.08482699,0,1,0,0,0
1954,406875,0.94230970,-0.74696212,-0.20675604,0.17037672,-0.18520637,0.06680968,0,1,0,0,0
1955,407083,0.96005337,-0.70432078,-0.27505078,0.16513973,-0.19485779,0.06001412,0,1,0,0,0
1956,407291,0.97846519,-0.64972588,-0.33436626,0.18159007,-0.18878918,0.04275532,0,1,0,0,0
1957,407500,0.98102002,-0.59733311,-0.39084443,0.15813751,-0.16189871,0.02074915,0,1,0,0,0
1958,407708,0.99154874,-0.55111002,-0.45923074,0.17694798,-0.15037116,0.00866536,0,1,0,0,0
1959,407916,0.98841524,-0.48903913,-0.50964883,0.17913406,-0.16209210,0.01236497,0,1,0,0,0
1960,408125,0.98828614,-0.42425356,-0.56428519,0.20047300,-0.14602525,-0.02107304,0,1,0,0,0
1961,408333,0.98391263,-0.35853238,-0.61732838,0.21086820,-0.15027410,-0.02717659,0,1,0,0,0
1962,408541,0.96355465,-0.30858656,-0.66628645,0.20106547,-0.13720520,-0.03956821,0,1,0,0,0
1963,408750,0.95335236,-0.24233956,-0.71493872,0.20372231,-0.12350751,-0.05086734,0,1,0,0,0
1964,408958,0.92720144,-0.18389863,-0.76084822,0.21003010,-0.11336412,-0.07241151,0,1,0,0,0
1965,409166,0.90682154,-0.11558719,-0.80650230,0.20324113,-0.11320159,-0.07262653,0,1,0,0,0
1966,409375,0.87871175,-0.04306246,-0.84389880,0.19478403,-0.09049227,-0.09467753,0,1,0,0,0
1967,409583,0.84607118,0.01468107,-0.88737549,0.22124524,-0.10007422,-0.12423925,0,1,0,0,0
1968,409791,0.81891775,0.07851335,-0.89730340,0.20553659,-0.06226957,-0.11783634,0,1,0,0,0
1969,410000,0.77563990,0.14704550,-0.91955155,0.20642958,-0.07441566,-0.12613466,0,1,0,0,0
1970,410208,0.74647349,0.20829338,-0.95591639,0.21333849,-0.04828270,-0.14335540,0,1,0,0,0
1971,410416,0.68867503,0.27242280,-0.97226942,0.19266695,-0.05699939,-0.15000265,0,1,0,0,0
1972,410625,0.63742550,0.33958945,-0.98221600,0.21784825,-0.04129418,-0.15821271,0,1,0,0,0
1973,410833,0.59342257,0.39519912,-0.99529691,0.19913986,-0.03348256,-0.15706441,0,1,0,0,0
1974,411041,0.53841635,0.44644251,-1.00275925,0.18154971,-0.01686398,-0.17167639,0,1,0,0,0
1975,411250,0.48516783,0.51348932,-1.00177254,0.19328377,0.02124906,-0.16683424,0,1,0,0,0
1976,411458,0.42010323,0.56842897,-0.99109318,0.19072034,0.01921834,-0.19822220,0,1,0,0,0
1977,411666,0.36081308,0.62456422,-0.99376295,0.14840918,0.04183279,-0.20104873,0,1,0,0,0
1978,411875,0.30256358,0.67712910,-0.98014008,0.12446843,0.05445134,-0.19229506,0,1,0,0,0
1979,412083,0.23787913,0.72208354,-0.96865521,0.14539354,0.06794545,-0.19579053,0,1,0,0,0
1980,412291,0.18064771,0.76227097,-0.94657803,0.13736197,0.08595751,-0.19552248,0,1,0,0,0
1981,412500,0.10456446,0.80814384,-0.91824546,0.12889571,0.08388094,-0.21010023,0,1,0,0,0
1982,412708,0.04966578,0.84796352,-0.89540785,0.13017627,0.09368831,-0.21602743,0,1,0,0,0
1983,412916,-0.01002405,0.87501154,-0.86801821,0.10614669,0.09431618,-0.21112651,0,1,0,0,0
1984,413125,-0.08095455,0.90756947,-0.83680528,0.08890165,0.12058122,-0.23045536,0,1,0,0,0
1985,413333,-0.14550805,0.94437761,-0.79443474,0.08762579,0.12925779,-0.19672620,0,1,0,0,0
1986,413541,-0.21425053,0.96107741,-0.74045632,0.08097395,0.12905971,-0.20920424,0,1,0,0,0
1987,413750,-0.28355266,0.98297811,-0.70362898,0.03612353,0.14156992,-0.20879550,0,1,0,0,0
1988,413958,-0.35072113,0.99141672,-0.66340540,0.05303495,0.14872136,-0.19506637,0,1,0,0,0
1989,414166,-0.39849454,0.99712606,-0.61277524,0.02427515,0.15184452,-0.17849617,0,1,0,0,0
1990,414375,-0.46038743,1.00960230,-0.54794590,0.02549127,0.18710633,-0.18038493,0,1,0,0,0
1991,414583,-0.52313434,1.00539464,-0.50326331,-0.00692469,0.18436227,-0.18328088,0,1,0,0,0
1992,414791,-0.56322692,0.99812743,-0.44362202,-0.02045219,0.19956245,-0.16767267,0,1,0,0,0
1993,415000,-0.62642636,0.99317855,-0.37509115,-0.01680427,0.19809963,-0.16202168,0,1,0,0,0
1994,415208,-0.67322393,0.98791141,-0.30868862,-0.02590650,0.20450979,-0.14246959,0,1,0,0,0
1995,415416,-0.71976747,0.96989267,-0.24921950,-0.03540205,0.17912944,-0.13925695,0,1,0,0,0
1996,415625,-0.76062681,0.94889152,-0.19625597,-0.07768586,0.19230766,-0.14410989,0,1,0,0,0
1997,415833,-0.80231575,0.92485017,-0.12149748,-0.07093242,0.21210240,-0.13076873,0,1,0,0,0
1998,416041,-0.84662902,0.89876709,-0.05345152,-0.07816049,0.20958663,-0.11870420,0,1,0,0,0
1999,416250,-0.88256487,0.87383145,0.00064161,-0.11398516,0.20956606,-0.12887524,0,1,0,0,0
2000,416458,-0.90529085,0.82328656,0.07288665,-0.12591276,0.19010354,-0.12879484,0,1,0,0,0
2001,416666,-0.93252109,0.79502370,0.14157636,-0.11781294,0.20346886,-0.08503408,0,1,0,0,0
2002,416875,-0.94877184,0.75732107,0.20412852,-0.12931348,0.18203307,-0.06621230,0,1,0,0,0
2003,417083,-0.97397004,0.70754941,0.25429560,-0.13843847,0.18955510,-0.03344429,0,1,0,0,0
2004,417291,-0.98269616,0.66054746,0.32216157,-0.15514291,0.19161547,-0.04967456,0,1,0,0,0
2005,417500,-0.98877567,0.61251346,0.38527214,-0.16494146,0.17116117,-0.03771818,0,1,0,0,0
2006,417708,-1.00586496,0.54910777,0.44504254,-0.14893251,0.17639950,-0.00995087,0,1,0,0,0
2007,417916,-0.99785397,0.49811515,0.50168327,-0.17888830,0.16594071,-0.01930649,0,1,0,0,0
2008,418125,-0.99583668,0.43324433,0.55124656,-0.17953542,0.15885775,0.02313278,0,1,0,0,0
2009,418333,-0.99177081,0.38300305,0.60693325,-0.19806272,0.14958831,0.00822134,0,1,0,0,0
2010,418541,-0.98546826,0.32553771,0.65695904,-0.18171188,0.13466500,0.03445300,0,1,0,0,0
2011,418750,-0.97297633,0.25779858,0.70845214,-0.19576307,0.12724303,0.04385221,0,1,0,0,0
2012,418958,-0.94298423,0.18564441,0.74902258,-0.19310197,0.12902717,0.04202736,0,1,0,0,0
2013,419166,-0.91609114,0.13849449,0.79138110,-0.18606301,0.10316849,0.06339164,0,1,0,0,0
2014,419375,-0.88689863,0.06590313,0.81959342,-0.20255681,0.09999963,0.06950627,0,1,0,0,0
2015,419583,-0.85983773,-0.00882447,0.86700554,-0.17731724,0.09717195,0.08622841,0,1,0,0,0
2016,419791,-0.81554811,-0.06938761,0.89363917,-0.18749399,0.08304631,0.11336560,0,1,0,0,0
2017,420000,-0.77702624,-0.13754318,0.92228355,-0.20164158,0.06335433,0.09456130,0,1,0,0,0
2018,420208,-0.74212360,-0.19943475,0.93818918,-0.20571379,0.06335783,0.10314517,0,1,0,0,0
2019,420416,-0.69544957,-0.25876611,0.95985142,-0.20662944,0.05133482,0.13222113,0,1,0,0,0
2020,420625,-0.64653254,-0.32728256,0.97475673,-0.19913186,0.04069947,0.12945133,0,1,0,0,0
2021,420833,-0.59385196,-0.39190543,0.98214949,-0.20314953,0.01821983,0.15815928,0,1,0,0,0
2022,421041,-0.53841353,-0.45195528,0.98919697,-0.17342867,0.01841514,0.15801297,0,1,0,0,0
2023,421250,-0.47629058,-0.50263957,0.99454546,-0.17006748,-0.01147006,0.17418278,0,1,0,0,0
2024,421458,-0.43137363,-0.55344056,0.98698939,-0.16923398,-0.03411728,0.15312895,0,1,0,0,0
2025,421666,-0.36799718,-0.61847383,0.98394300,-0.15390721,-0.04592030,0.17819342,0,1,0,0,0
2026,421875,-0.30326101,-0.66047051,0.97162177,-0.15450206,-0.04691880,0.20707361,0,1,0,0,0
2027,422083,-0.24560289,-0.70713516,0.94440094,-0.14869773,-0.07259057,0.19081412,0,1,0,0,0
2028,422291,-0.17952289,-0.75471965,0.93773308,-0.12722365,-0.06501275,0.19290934,0,1,0,0,0
2029,422500,-0.10263993,-0.79849433,0.90735670,-0.12919460,-0.07778666,0.19834971,0,1,0,0,0
2030,422708,-0.04098120,-0.82852990,0.88413827,-0.10218236,-0.08417558,0.18406429,0,1,0,0,0
2031,422916,0.02135416,-0.86168371,0.84983405,-0.10059747,-0.10562924,0.18468280,0,1,0,0,0
2032,423125,0.08416890,-0.89378797,0.80956106,-0.06848609,-0.13815942,0.17627424,0,1,0,0,0
2033,423333,0.14575342,-0.91981426,0.75923917,-0.07539509,-0.13335595,0.18894165,0,1,0,0,0
2034,423541,0.21884126,-0.94387962,0.74561542,-0.07601024,-0.14378745,0.21065537,0,1,0,0,0
2035,423750,0.28303466,-0.96136538,0.68342471,-0.05226857,-0.14752151,0.18792550,0,1,0,0,0
2036,423958,0.33757005,-0.96537971,0.63726179,-0.03839667,-0.16182253,0.16194149,0,1,0,0,0
2037,424166,0.40523973,-0.98337673,0.58150156,-0.03048796,-0.15885208,0.16642941,0,1,0,0,0
2038,424375,0.45419457,-0.98624567,0.52921205,-0.00862052,-0.17947991,0.17469123,0,1,0,0,0
2039,424583,0.52376974,-0.99594835,0.47758631,0.00845115,-0.18200275,0.16446795,0,1,0,0,0
2040,424791,0.56900354,-0.99301669,0.41611396,0.01045065,-0.18806748,0.15317881,0,1,0,0,0
2041,425000,0.63200411,-0.98080661,0.35800710,0.03019017,-0.19452595,0.14032611,0,1,0,0,0
2042,425208,0.68183091,-0.97348214,0.29853348,0.03467296,-0.19976757,0.12854480,0,1,0,0,0
2043,425416,0.73350294,-0.95921388,0.24118499,0.03892361,-0.20715073,0.11741968,0,1,0,0,0
2044,425625,0.77272049,-0.93865425,0.17478478,0.03891869,-0.20595278,0.13745381,0,1,0,0,0
2045,425833,0.81900878,-0.91345269,0.10180644,0.08607894,-0.21430928,0.11538882,0,1,0,0,0
2046,426041,0.84258915,-0.87209245,0.04926909,0.09744128,-0.21600785,0.11297274,0,1,0,0,0
2047,426250,0.87496473,-0.84200225,-0.02551612,0.08299193,-0.21742577,0.09349595,0,1,0,0,0
2048,426458,0.91152882,-0.81049707,-0.09554324,0.08628127,-0.20948668,0.08244796,0,1,0,0,0
2049,426666,0.92967604,-0.77202165,-0.15121424,0.11083974,-0.21328523,0.06692283,0,1,0,0,0
2050,426875,0.97207411,-0.73175723,-0.21908119,0.12259994,-0.22063332,0.05238444,0,1,0,0,0
2051,427083,0.98394155,-0.69786142,-0.29293153,0.12168172,-0.18663762,0.03120092,0,1,0,0,0
2052,427291,0.98755827,-0.63849733,-0.34428529,0.13855872,-0.20133568,0.02379134,0,1,0,0,0
2053,427500,0.99582980,-0.59982081,-0.39783252,0.16467117,-0.19829015,0.00141357,0,1,0,0,0
2054,427708,1.00662967,-0.53019332,-0.46149208,0.15968060,-0.19318698,-0.00668069,0,1,0,0,0
2055,427916,1.00785948,-0.47943938,-0.52566078,0.15811015,-0.18701951,-0.00769608,0,1,0,0,0
2056,428125,0.99727895,-0.42794976,-0.57137655,0.17669593,-0.17976864,-0.02541285,0,1,0,0,0
2057,428333,0.99845678,-0.36200834,-0.62335921,0.17373244,-0.17124860,-0.03448128,0,1,0,0,0
2058,428541,0.98760357,-0.30762693,-0.67526061,0.17201098,-0.14928250,-0.03422643,0,1,0,0,0
2059,428750,0.98076995,-0.24059349,-0.71478157,0.16899514,-0.15155957,-0.05164430,0,1,0,0,0
2060,428958,0.95288470,-0.17625712,-0.76029386,0.19403400,-0.12852508,-0.06856277,0,1,0,0,0
2061,429166,0.93240917,-0.11294141,-0.80386877,0.17596244,-0.11899560,-0.09587181,0,1,0,0,0
2062,429375,0.90232898,-0.03724307,-0.85048044,0.19377051,-0.13926788,-0.10583971,0,1,0,0,0
2063,429583,0.87024320,0.02217659,-0.87631836,0.21155376,-0.10294941,-0.11257152,0,1,0,0,0
2064,429791,0.82889860,0.08712958,-0.90831121,0.19852840,-0.10645892,-0.12447815,0,1,0,0,0
2065,430000,0.78820132,0.14658157,-0.93638844,0.19039845,-0.07355298,-0.14794838,0,1,0,0,0
2066,430208,0.75294005,0.21191576,-0.95781949,0.20077525,-0.07785951,-0.12220619,0,1,0,0,0
2067,430416,0.70386439,0.28144951,-0.98802457,0.19581270,-0.06521990,-0.14455817,0,1,0,0,0
2068,430625,0.65279934,0.33587813,-0.98720884,0.19778026,-0.04816378,-0.14966683,0,1,0,0,0
2069,430833,0.60744398,0.39650162,-0.99866375,0.16904261,-0.02871700,-0.16746617,0,1,0,0,0
2070,431041,0.54748322,0.45864901,-1.01159593,0.16007686,-0.03464776,-0.16816885,0,1,0,0,0
2071,431250,0.50434347,0.51633891,-1.00811611,0.14844970,-0.00587102,-0.17862788,0,1,0,0,0
2072,431458,0.43605462,0.56819730,-1.01260765,0.16513970,0.01778459,-0.17306588,0,1,0,0,0
2073,431666,0.36542628,0.62017596,-0.98716404,0.15941197,0.02108297,-0.18078835,0,1,0,0,0
2074,431875,0.32233927,0.66510443,-0.97042906,0.11481833,0.03315972,-0.19462340,0,1,0,0,0
2075,432083,0.26252302,0.72228544,-0.96431147,0.14154690,0.03629834,-0.20928593,0,1,0,0,0
2076,432291,0.18942391,0.75891687,-0.94439179,0.12430437,0.05993989,-0.20942073,0,1,0,0,0
2077,432500,0.12527274,0.80263953,-0.92705775,0.10227931,0.07714438,-0.20389276,0,1,0,0,0
2078,432708,0.05799140,0.82752053,-0.88818075,0.10899746,0.08460572,-0.19831703,0,1,0,0,0
2079,432916,0.00398345,0.87708998,-0.86587410,0.09060248,0.09651968,-0.21088054,0,1,0,0,0
2080,433125,-0.07175373,0.90878861,-0.82851327,0.08162638,0.11249114,-0.20079398,0,1,0,0,0
2081,433333,-0.14226485,0.93305055,-0.79607837,0.05371513,0.11805289,-0.18599467,0,1,0,0,0
2082,433541,-0.20413194,0.95527913,-0.74309370,0.04170681,0.11963013,-0.18448387,0,1,0,0,0
2083,433750,-0.26032820,0.96818096,-0.70253779,0.03870429,0.13894574,-0.19320669,0,1,0,0,0
2084,433958,-0.32131821,0.99255622,-0.65989855,0.02392169,0.13616191,-0.18542312,0,1,0,0,0
2085,434166,-0.38390020,0.99175113,-0.60484144,0.01146392,0.15503404,-0.16832924,0,1,0,0,0
2086,434375,-0.44938841,1.00564354,-0.53496324,0.01514851,0.15322308,-0.16061102,0,1,0,0,0
2087,434583,-0.50310887,0.99682951,-0.48340806,-0.00739314,0.19238630,-0.16509180,0,1,0,0,0
2088,434791,-0.56662327,1.00521526,-0.42544934,-0.03082438,0.18770129,-0.15262158,0,1,0,0,0
2089,435000,-0.61427384,0.98879582,-0.37994166,-0.03564944,0.18821424,-0.14461968,0,1,0,0,0
2090,435208,-0.66696830,0.97218645,-0.30670123,-0.02957874,0.18737404,-0.14762355,0,1,0,0,0
2091,435416,-0.69813013,0.95006412,-0.24194514,-0.06802800,0.18766254,-0.14233041,0,1,0,0,0
2092,435625,-0.75691355,0.93816417,-0.17638653,-0.08651400,0.17436728,-0.11830603,0,1,0,0,0
2093,435833,-0.79114189,0.92128959,-0.11650526,-0.08687572,0.19652452,-0.10338970,0,1,0,0,0
2094,436041,-0.82570078,0.88452001,-0.04988747,-0.10303202,0.18373724,-0.11235291,0,1,0,0,0
2095,436250,-0.86147074,0.84886160,0.01648071,-0.10479165,0.18860731,-0.10202669,0,1,0,0,0
2096,436458,-0.89919490,0.82022097,0.08635877,-0.11921614,0.18156874,-0.08848801,0,1,0,0,0
2097,436666,-0.91152640,0.79052017,0.14316583,-0.12450272,0.16948164,-0.08901571,0,1,0,0,0
2098,436875,-0.94726433,0.74810496,0.21167864,-0.14280037,0.18023177,-0.07536673,0,1,0,0,0
2099,437083,-0.96406334,0.67788818,0.28466845,-0.15419460,0.18648393,-0.06030233,0,1,0,0,0
2100,437291,-0.96786072,0.64864873,0.33810356,-0.15831279,0.15537421,-0.03445911,0,1,0,0,0
2101,437500,-0.98409612,0.59675628,0.39803368,-0.17899512,0.17728146,-0.02450085,0,1,0,0,0
2102,437708,-0.99209481,0.53322740,0.46724839,-0.16508040,0.19039327,-0.01208352,0,1,0,0,0
2103,437916,-0.99350206,0.48396662,0.51533265,-0.15186028,0.16068407,0.00533023,0,1,0,0,0
2104,438125,-1.00016371,0.43481435,0.57613193,-0.18932176,0.16687921,0.03464236,0,1,0,0,0
2105,438333,-0.99331175,0.36729753,0.63041896,-0.17701432,0.14328120,0.03654091,0,1,0,0,0
2106,438541,-0.96984548,0.31001280,0.67136288,-0.18363016,0.17062792,0.04626625,0,1,0,0,0
2107,438750,-0.95848319,0.23388086,0.72284591,-0.19565144,0.13784789,0.06545516,0,1,0,0,0
2108,438958,-0.94165717,0.18070298,0.76460413,-0.21688645,0.12444270,0.06487097,0,1,0,0,0
2109,439166,-0.91125907,0.11084345,0.80040514,-0.21747059,0.10634553,0.08450288,0,1,0,0,0
2110,439375,-0.89193971,0.04411786,0.83820622,-0.21671999,0.10321294,0.08849707,0,1,0,0,0
2111,439583,-0.85440299,-0.02388010,0.88090793,-0.21943834,0.09287309,0.08996436,0,1,0,0,0
2112,439791,-0.82269453,-0.08828804,0.91107696,-0.21442141,0.08059047,0.11718135,0,1,0,0,0
2113,440000,-0.77657207,-0.15030365,0.93709802,-0.21592746,0.05772490,0.13007441,0,1,0,0,0
2114,440208,-0.74014835,-0.21771309,0.95613073,-0.20288471,0.05224144,0.13645558,0,1,0,0,0
2115,440416,-0.68845263,-0.27411092,0.96984847,-0.18025547,0.05678053,0.16231748,0,1,0,0,0
2116,440625,-0.64745016,-0.35145972,0.99936458,-0.20462399,0.02783322,0.16076566,0,1,0,0,0
2117,440833,-0.59929667,-0.39710481,0.99479656,-0.19232132,0.04048088,0.17445243,0,1,0,0,0
2118,441041,-0.54083419,-0.46973636,1.00659533,-0.18495568,0.02703936,0.16307915,0,1,0,0,0
2119,441250,-0.48012251,-0.52275660,1.00215432,-0.18140533,-0.01408534,0.19464206,0,1,0,0,0
2120,441458,-0.43259207,-0.56898605,1.00028650,-0.17168781,-0.02740731,0.19355241,0,1,0,0,0
2121,441666,-0.37302994,-0.62146060,0.99271167,-0.15275361,-0.05136239,0.21045300,0,1,0,0,0
2122,441875,-0.31058780,-0.67409089,0.98392777,-0.15754132,-0.01724576,0.20991436,0,1,0,0,0
2123,442083,-0.23525165,-0.71846353,0.97047341,-0.14889240,-0.05668539,0.18298075,0,1,0,0,0
2124,442291,-0.18334845,-0.76593143,0.95204265,-0.12748826,-0.07082126,0.19285618,0,1,0,0,0
2125,442500,-0.10932293,-0.80913397,0.91680678,-0.11436026,-0.08091144,0.19538664,0,1,0,0,0
2126,442708,-0.05117337,-0.84747568,0.88910371,-0.10613339,-0.08686852,0.20855078,0,1,0,0,0
2127,442916,0.01245455,-0.88007329,0.86244635,-0.10358358,-0.12091057,0.21677120,0,1,0,0,0
2128,443125,0.08402646,-0.90931050,0.82916092,-0.10000105,-0.10829368,0.20361753,0,1,0,0,0
2129,443333,0.14511518,-0.93728058,0.78672321,-0.08791139,-0.11167972,0.20746650,0,1,0,0,0
2130,443541,0.21520834,-0.96245556,0.75007160,-0.06998481,-0.13140263,0.19266382,0,1,0,0,0
2131,443750,0.26953032,-0.98427155,0.70262179,-0.04266939,-0.14074361,0.19187266,0,1,0,0,0
2132,443958,0.33654320,-0.99529673,0.65082247,-0.02868843,-0.16210182,0.19882486,0,1,0,0,0
2133,444166,0.39052289,-0.99544582,0.60833767,-0.01994477,-0.14592792,0.19910001,0,1,0,0,0
2134,444375,0.44745876,-1.00728246,0.55269145,-0.01216188,-0.16253828,0.18964897,0,1,0,0,0
2135,444583,0.50949142,-1.01004309,0.49606291,-0.00366666,-0.18210973,0.17143544,0,1,0,0,0
2136,444791,0.56599413,-0.99969642,0.43482989,0.00680485,-0.17497993,0.16392389,0,1,0,0,0
2137,445000,0.61765517,-0.99752756,0.37325108,0.02817099,-0.17289733,0.15741300,0,1,0,0,0
2138,445208,0.66276995,-0.98340437,0.32091168,0.04340870,-0.20296492,0.15765189,0,1,0,0,0
2139,445416,0.71467519,-0.97167454,0.25283842,0.05623864,-0.17943936,0.16369276,0,1,0,0,0
2140,445625,0.75837111,-0.95142678,0.18260552,0.06251512,-0.19472396,0.13623360,0,1,0,0,0
2141,445833,0.80813399,-0.93158870,0.12796461,0.07680300,-0.19318738,0.12897672,0,1,0,0,0
2142,446041,0.84012708,-0.89826697,0.06939452,0.09306574,-0.20610626,0.12784310,0,1,0,0,0
2143,446250,0.86200416,-0.87036127,-0.01034963,0.10371387,-0.21783567,0.11223354,0,1,0,0,0
2144,446458,0.89749073,-0.83581188,-0.07162913,0.11021065,-0.19213738,0.10173707,0,1,0,0,0
2145,446666,0.92959291,-0.79172346,-0.13750298,0.12490127,-0.20507816,0.08302629,0,1,0,0,0
2146,446875,0.94613271,-0.74985222,-0.19792480,0.15322684,-0.20756553,0.07443622,0,1,0,0,0
2147,447083,0.96262319,-0.70876839,-0.26513620,0.13099747,-0.19824306,0.05940588,0,1,0,0,0
2148,447291,0.97455104,-0.65798109,-0.33019557,0.16321875,-0.17443409,0.02954886,0,1,0,0,0
2149,447500,0.99017258,-0.60596629,-0.38492841,0.16475913,-0.16682336,0.02127469,0,1,0,0,0
2150,447708,1.00422941,-0.54572194,-0.44547491,0.16857521,-0.15811819,0.01377207,0,1,0,0,0
2151,447916,0.99177815,-0.50322006,-0.49814667,0.17792863,-0.15353008,-0.00230109,0,1,0,0,0
2152,448125,0.99904882,-0.43095186,-0.55328793,0.17091587,-0.16688565,-0.01551118,0,1,0,0,0
2153,448333,0.98794198,-0.37200795,-0.61356917,0.17763575,-0.16189965,-0.00139569,0,1,0,0,0
2154,448541,0.97125415,-0.31512603,-0.65823057,0.19417533,-0.13591861,-0.03136994,0,1,0,0,0
2155,448750,0.96071659,-0.24993055,-0.70564340,0.21770275,-0.12881398,-0.03526528,0,1,0,0,0
2156,448958,0.93053881,-0.18546594,-0.74807062,0.19293782,-0.11562669,-0.08238623,0,1,0,0,0
2157,449166,0.91751042,-0.13015301,-0.79408104,0.20231631,-0.10674240,-0.05473871,0,1,0,0,0
2158,449375,0.88526885,-0.05657990,-0.84002701,0.21375840,-0.10314115,-0.09504701,0,1,0,0,0
2159,449583,0.85398224,0.00567168,-0.87163784,0.19389924,-0.08189491,-0.07988942,0,1,0,0,0
2160,449791,0.81906662,0.06378307,-0.89892378,0.19890016,-0.07994895,-0.11301967,0,1,0,0,0
