1,0,0.40547202,0.58679894,-1.00423578,0.16355373,0.01644256,-0.20431286,0,0,0,0,0
2,208,0.34203215,0.63669341,-0.99335459,0.15584831,0.03444049,-0.19982986,0,0,0,0,0
3,416,0.28331011,0.69180661,-0.97481472,0.14117919,0.04275224,-0.20743249,0,0,0,0,0
4,625,0.21254173,0.73182548,-0.96382122,0.12483012,0.06461906,-0.19831297,0,0,0,0,0
5,833,0.16175635,0.76095220,-0.93094708,0.11018673,0.06747978,-0.18854569,0,0,0,0,0
6,1041,0.10593165,0.81517211,-0.90863407,0.09446942,0.08808222,-0.18627140,0,0,0,0,0
7,1250,0.03936364,0.85119896,-0.88032499,0.09944396,0.10050932,-0.19795245,0,0,0,0,0
8,1458,-0.04514044,0.87441407,-0.84806052,0.06338882,0.09445333,-0.18594545,0,0,0,0,0
9,1666,-0.10557066,0.90248224,-0.81447582,0.07074374,0.09587647,-0.19249206,0,0,0,0,0
10,1875,-0.16744249,0.93653915,-0.77611026,0.03202558,0.14513977,-0.19244460,0,0,0,0,0
11,2083,-0.22772293,0.95732053,-0.72692148,0.04058187,0.13381379,-0.16766689,0,0,0,0,0
12,2291,-0.30166108,0.96949723,-0.68018715,0.05015966,0.16571829,-0.18358694,0,0,0,0,0
13,2500,-0.34889097,0.98498421,-0.62716812,0.01593236,0.17384808,-0.16039488,0,0,0,0,0
14,2708,-0.41736099,1.00244292,-0.58562154,0.02075213,0.16006104,-0.15948720,0,0,0,0,0
15,2916,-0.47672973,1.00225041,-0.52436340,-0.00284965,0.16764158,-0.16234365,0,0,0,0,0
16,3125,-0.53232931,1.00208433,-0.46331979,-0.00533118,0.19578755,-0.14847631,0,0,0,0,0
17,3333,-0.59093346,0.99203283,-0.40632789,-0.00358165,0.18879207,-0.16061207,0,0,0,0,0
18,3541,-0.64838867,0.99219924,-0.34702483,-0.02714876,0.20871427,-0.15833746,0,0,0,0,0
19,3750,-0.69111614,0.96684319,-0.28101362,-0.02872056,0.19753613,-0.14518653,0,0,0,0,0
20,3958,-0.74459872,0.94792264,-0.21660849,-0.03640935,0.19329750,-0.11468497,0,0,0,0,0
21,4166,-0.77335680,0.94124405,-0.15120909,-0.06429068,0.21074941,-0.14670687,0,0,0,0,0
22,4375,-0.82155592,0.91288509,-0.09106526,-0.07655504,0.22039206,-0.11431723,0,0,0,0,0
23,4583,-0.85417038,0.88331547,-0.02343026,-0.08295341,0.20367125,-0.11162370,0,0,0,0,0
24,4791,-0.88324406,0.84787744,0.03950355,-0.09526424,0.22096220,-0.11585874,0,0,0,0,0
25,5000,-0.91970911,0.81594845,0.10417000,-0.10206801,0.17509469,-0.08973341,0,0,0,0,0
26,5208,-0.94221753,0.77400766,0.16948415,-0.12787624,0.19933653,-0.06075211,0,0,0,0,0
27,5416,-0.95507613,0.73690980,0.22932152,-0.12003211,0.18027762,-0.08135033,0,0,0,0,0
28,5625,-0.97012095,0.68321295,0.29073239,-0.13537404,0.18008752,-0.05566859,0,0,0,0,0
29,5833,-0.99564359,0.63803074,0.35502746,-0.16609684,0.17770923,-0.03991779,0,0,0,0,0
30,6041,-0.98586198,0.58210193,0.40527705,-0.15624925,0.15391078,-0.03798554,0,0,0,0,0
31,6250,-1.00301670,0.52615684,0.47267580,-0.17824612,0.15552740,-0.02608989,0,0,0,0,0
32,6458,-0.99316340,0.46291477,0.52264612,-0.17161599,0.15481471,0.00866370,0,0,0,0,0
33,6666,-0.98818486,0.40811332,0.57772004,-0.16545160,0.14702654,0.01051726,0,0,0,0,0
34,6875,-0.98582445,0.34004535,0.64119762,-0.19003254,0.13498268,0.05879764,0,0,0,0,0
35,7083,-0.97120167,0.29397427,0.67964073,-0.18986459,0.13320442,0.04887009,0,0,0,0,0
36,7291,-0.95915924,0.20938662,0.72146696,-0.19054608,0.12812435,0.07876231,0,0,0,0,0
37,7500,-0.93608326,0.15288959,0.77533945,-0.20506431,0.09539682,0.09261584,0,0,0,0,0
38,7708,-0.90842864,0.08444806,0.81592087,-0.20780737,0.12016984,0.10467289,0,0,0,0,0
39,7916,-0.88397419,0.02238726,0.84072187,-0.21170647,0.12645684,0.12370446,0,0,0,0,0
40,8125,-0.83994637,-0.04749360,0.88610369,-0.20043121,0.10015329,0.12320563,0,0,0,0,0
41,8333,-0.81221297,-0.11978603,0.91824714,-0.20472551,0.09533691,0.11434634,0,0,0,0,0
42,8541,-0.76126655,-0.17131112,0.94039142,-0.19752793,0.09809231,0.14048422,0,0,0,0,0
43,8750,-0.71441835,-0.23923210,0.96650844,-0.23168082,0.06764473,0.13534832,0,0,0,0,0
44,8958,-0.67084339,-0.29312334,0.98584769,-0.20706457,0.07125416,0.13849168,0,0,0,0,0
45,9166,-0.61512488,-0.36032567,0.99633834,-0.19230899,0.05514215,0.15593239,0,0,0,0,0
46,9375,-0.58311891,-0.42346186,0.99802316,-0.18873677,0.02942260,0.16465113,0,0,0,0,0
47,9583,-0.52057195,-0.47328831,0.99933520,-0.18938500,0.01471408,0.18477671,0,0,0,0,0
48,9791,-0.46641307,-0.52871602,0.99302221,-0.15915240,-0.00746639,0.17317621,0,0,0,0,0
49,10000,-0.40007058,-0.57863880,1.00234062,-0.17012115,-0.01288833,0.16468416,0,0,0,0,0
50,10208,-0.34498175,-0.64290664,0.99901751,-0.14136778,-0.01856246,0.19732770,0,0,0,0,0
51,10416,-0.28437533,-0.68893193,0.98031137,-0.12621474,-0.02981349,0.17687213,0,0,0,0,0
52,10625,-0.21851620,-0.72499214,0.96528605,-0.14086279,-0.05773830,0.20705608,0,0,0,0,0
53,10833,-0.16151898,-0.76701175,0.93272251,-0.12974932,-0.06654220,0.20370460,0,0,0,0,0
54,11041,-0.09733687,-0.80950832,0.91014979,-0.08481539,-0.08066638,0.20003457,0,0,0,0,0
55,11250,-0.02743622,-0.84338994,0.87708910,-0.09411193,-0.09906490,0.19817576,0,0,0,0,0
56,11458,0.03670721,-0.87053007,0.84001719,-0.07811964,-0.11089022,0.18645386,0,0,0,0,0
57,11666,0.09363245,-0.91290081,0.80078406,-0.05421109,-0.12827481,0.20115064,0,0,0,0,0
58,11875,0.16171409,-0.93042911,0.77168937,-0.05731080,-0.15108829,0.16579827,0,0,0,0,0
59,12083,0.23108220,-0.95857404,0.71856976,-0.04536954,-0.14158264,0.16665876,0,0,0,0,0
60,12291,0.29172506,-0.97280473,0.68003872,-0.02766048,-0.17407404,0.18344341,0,0,0,0,0
61,12500,0.35727141,-0.98521792,0.63161323,-0.02195611,-0.16846187,0.16216533,0,0,0,0,0
62,12708,0.41987579,-0.99516932,0.57492104,-0.02230006,-0.18488620,0.17126650,0,0,0,0,0
63,12916,0.47371481,-0.99486361,0.51494094,-0.03215466,-0.17242556,0.16862359,0,0,0,0,0
64,13125,0.53141455,-0.99727582,0.46359576,-0.00290121,-0.18408111,0.16990207,0,0,0,0,0
65,13333,0.59289772,-0.99926119,0.40926481,-0.00345907,-0.18501241,0.17349091,0,0,0,0,0
66,13541,0.63793053,-0.98879101,0.35463485,0.02449319,-0.18884032,0.16176702,0,0,0,0,0
67,13750,0.68688119,-0.97690290,0.28352116,0.02453791,-0.20635714,0.15807110,0,0,0,0,0
68,13958,0.74088182,-0.95365344,0.21804075,0.05572811,-0.19817235,0.14443636,0,0,0,0,0
69,14166,0.77662874,-0.93521073,0.15118497,0.06682021,-0.22233764,0.11484278,0,0,0,0,0
70,14375,0.82626293,-0.90513696,0.08128788,0.06780619,-0.20751657,0.11159718,0,0,0,0,0
71,14583,0.85445165,-0.87535617,0.01649299,0.08137986,-0.20928139,0.11567491,0,0,0,0,0
72,14791,0.89774209,-0.84571896,-0.03733023,0.08440551,-0.18264130,0.10249873,0,0,0,0,0
73,15000,0.91732022,-0.81735129,-0.11285443,0.10373953,-0.20778343,0.12865706,0,0,0,0,0
74,15208,0.94161377,-0.77195322,-0.16605084,0.10022964,-0.20211789,0.09620139,0,0,0,0,0
75,15416,0.96359987,-0.73781511,-0.22553810,0.13237940,-0.19340751,0.07395118,0,0,0,0,0
76,15625,0.97526611,-0.68821638,-0.29987959,0.15398180,-0.18282837,0.06912148,0,0,0,0,0
77,15833,0.98557667,-0.63178978,-0.35220768,0.15295708,-0.14380777,0.05569781,0,0,0,0,0
78,16041,1.00008772,-0.58474199,-0.41407490,0.16025605,-0.14468259,0.02698144,0,0,0,0,0
79,16250,0.98881686,-0.52518139,-0.46384619,0.17834424,-0.15769601,0.00455895,0,0,0,0,0
80,16458,0.99654641,-0.46688152,-0.53156512,0.16874339,-0.14257420,0.00350793,0,0,0,0,0
81,16666,0.99034328,-0.40612105,-0.57647292,0.17993446,-0.14248273,-0.01296127,0,0,0,0,0
82,16875,0.98665137,-0.33841737,-0.62768261,0.18355892,-0.13773571,-0.02802256,0,0,0,0,0
83,17083,0.97448189,-0.28797289,-0.67521398,0.21090838,-0.13363987,-0.06966485,0,0,0,0,0
84,17291,0.95744981,-0.21687953,-0.72634280,0.21298884,-0.12042162,-0.08798482,0,0,0,0,0
85,17500,0.93695072,-0.15720350,-0.77575505,0.19466413,-0.11655565,-0.10162309,0,0,0,0,0
86,17708,0.90890408,-0.08487412,-0.82298266,0.22316106,-0.11300391,-0.11544668,0,0,0,0,0
87,17916,0.88367052,-0.02338102,-0.85091998,0.21310998,-0.11367559,-0.11357622,0,0,0,0,0
88,18125,0.84800982,0.04286123,-0.87537585,0.19951494,-0.09360591,-0.11975097,0,0,0,0,0
89,18333,0.80314198,0.11270377,-0.92093860,0.21077190,-0.09079915,-0.12595452,0,0,0,0,0
90,18541,0.76862791,0.16866717,-0.93614480,0.19198283,-0.10239418,-0.12910632,0,0,0,0,0
91,18750,0.72032156,0.23940870,-0.96306509,0.19922900,-0.07276886,-0.14639493,0,0,0,0,0
92,18958,0.67671809,0.29604858,-0.97958765,0.21441464,-0.04953399,-0.14090855,0,0,0,0,0
93,19166,0.63240495,0.36083628,-0.99126432,0.20688531,-0.05626781,-0.15274790,0,0,0,0,0
94,19375,0.57672344,0.41905550,-0.99707093,0.18369150,-0.02458047,-0.14704016,0,0,0,0,0
95,19583,0.52149156,0.47326153,-1.00168503,0.16976905,-0.03028643,-0.18778475,0,0,0,0,0
96,19791,0.46945596,0.52744824,-0.99591141,0.18349131,0.00830037,-0.18153619,0,0,0,0,0
97,20000,0.40909554,0.58209484,-0.99787798,0.16430562,0.02046159,-0.19373526,0,0,0,0,0
98,20208,0.34201837,0.64303958,-0.99401886,0.16162690,0.04160593,-0.18867659,0,0,0,0,0
99,20416,0.28012341,0.68678889,-0.97172181,0.14706448,0.04921113,-0.19949526,0,0,0,0,0
100,20625,0.22664844,0.72886441,-0.95590154,0.12989746,0.04750017,-0.17451397,0,0,0,0,0
101,20833,0.16432738,0.76888183,-0.94693077,0.10389547,0.06880857,-0.18068822,0,0,0,0,0
102,21041,0.09012361,0.81356691,-0.91425342,0.09497318,0.08076335,-0.21913353,0,0,0,0,0
103,21250,0.03094493,0.84650351,-0.88659422,0.09653134,0.08024555,-0.20111940,0,0,0,0,0
104,21458,-0.03801507,0.88239610,-0.84746081,0.07823289,0.11799209,-0.18455214,0,0,0,0,0
105,21666,-0.10566302,0.90515772,-0.81527309,0.04456075,0.11379810,-0.18212431,0,0,0,0,0
106,21875,-0.15461060,0.94015474,-0.76985107,0.04346856,0.13082663,-0.19101525,0,0,0,0,0
107,22083,-0.23066926,0.94962649,-0.73125489,0.05708851,0.15155938,-0.17788805,0,0,0,0,0
108,22291,-0.29315697,0.96649603,-0.67120038,0.02233308,0.16067846,-0.17646700,0,0,0,0,0
109,22500,-0.35437813,0.99210482,-0.63232229,0.04029735,0.17240373,-0.18048133,0,0,0,0,0
110,22708,-0.41445062,0.99970317,-0.57982044,0.00142923,0.17323031,-0.16085782,0,0,0,0,0
111,22916,-0.47170164,0.99169076,-0.52575018,0.01087243,0.17604973,-0.15659764,0,0,0,0,0
112,23125,-0.53203527,1.00649161,-0.45867125,-0.00333927,0.18507163,-0.17321198,0,0,0,0,0
113,23333,-0.58477183,0.99197175,-0.40675835,-0.01645143,0.19226244,-0.15358721,0,0,0,0,0
114,23541,-0.63247027,0.98780677,-0.34332569,-0.01405896,0.20646068,-0.16109601,0,0,0,0,0
115,23750,-0.68243939,0.97323198,-0.28025288,-0.02904898,0.20319705,-0.12008421,0,0,0,0,0
116,23958,-0.74381513,0.95602050,-0.21847558,-0.04437419,0.20154782,-0.14844888,0,0,0,0,0
117,24166,-0.77332193,0.93251258,-0.15500188,-0.05383842,0.21998551,-0.13859599,0,0,0,0,0
118,24375,-0.82043688,0.91209599,-0.09097565,-0.07793431,0.22641450,-0.11907420,0,0,0,0,0
119,24583,-0.86216974,0.88178880,-0.01043337,-0.07519509,0.21232947,-0.12330871,0,0,0,0,0
120,24791,-0.90099922,0.85472025,0.03633369,-0.10970149,0.20261110,-0.12476400,0,0,0,0,0
121,25000,-0.91890851,0.81529062,0.11007230,-0.11201386,0.19132629,-0.08539174,0,0,0,0,0
122,25208,-0.94461795,0.77073815,0.17084466,-0.12852842,0.21308295,-0.08912674,0,0,0,0,0
123,25416,-0.94522486,0.72618504,0.22267300,-0.13293069,0.18568772,-0.07879907,0,0,0,0,0
124,25625,-0.97328294,0.68109820,0.29179024,-0.14866667,0.18969417,-0.04102922,0,0,0,0,0
125,25833,-0.98905795,0.63829283,0.35477874,-0.14706098,0.15878376,-0.02831967,0,0,0,0,0
126,26041,-0.98289631,0.58635148,0.41008114,-0.15509891,0.15891758,-0.01544934,0,0,0,0,0
127,26250,-0.99649389,0.52869991,0.46040460,-0.18307728,0.15317345,-0.02264737,0,0,0,0,0
128,26458,-0.99424475,0.46404974,0.53285359,-0.16141882,0.14768773,0.00875847,0,0,0,0,0
129,26666,-0.99304746,0.41547730,0.57493647,-0.18146755,0.13435911,0.04033912,0,0,0,0,0
130,26875,-0.97551289,0.34945544,0.63283735,-0.19224456,0.13679088,0.03892453,0,0,0,0,0
131,27083,-0.97411664,0.28846179,0.67859176,-0.19312634,0.11457976,0.04249068,0,0,0,0,0
132,27291,-0.94897015,0.20896149,0.73056445,-0.20214200,0.12701202,0.07338789,0,0,0,0,0
133,27500,-0.93585075,0.14406937,0.77905577,-0.20701741,0.12553107,0.07699806,0,0,0,0,0
134,27708,-0.91133811,0.09029521,0.80905424,-0.20061501,0.10773290,0.10285145,0,0,0,0,0
135,27916,-0.87596544,0.02676329,0.85449279,-0.20876471,0.13309755,0.12075546,0,0,0,0,0
136,28125,-0.83957036,-0.04797820,0.88460357,-0.18925153,0.11367880,0.10994958,0,0,0,0,0
137,28333,-0.80927568,-0.11083241,0.90562589,-0.20823810,0.10099713,0.12789344,0,0,0,0,0
138,28541,-0.76222534,-0.17144363,0.93873354,-0.20334399,0.08411356,0.14198595,0,0,0,0,0
139,28750,-0.72092349,-0.23227592,0.96797304,-0.22632203,0.09458360,0.14513523,0,0,0,0,0
140,28958,-0.67187930,-0.30047902,0.97630415,-0.20238146,0.06404078,0.17552425,0,0,0,0,0
141,29166,-0.62667175,-0.36625090,0.98547839,-0.19995137,0.04010656,0.14459206,0,0,0,0,0
142,29375,-0.58003068,-0.42119072,1.00516222,-0.19034109,0.03299247,0.16892348,0,0,0,0,0
143,29583,-0.52250398,-0.48163580,1.01074510,-0.18164087,0.01636865,0.15804260,0,0,0,0,0
144,29791,-0.45765934,-0.53085898,0.99984449,-0.16166147,0.00944293,0.16658305,0,0,0,0,0
145,30000,-0.41230076,-0.57895601,1.00208849,-0.17800090,-0.00286011,0.18039145,0,0,0,0,0
146,30208,-0.33877221,-0.63778872,0.99060355,-0.16021456,-0.02432216,0.18676301,0,0,0,0,0
147,30416,-0.27575705,-0.68054577,0.97224221,-0.14708738,-0.03965399,0.19583952,0,0,0,0,0
148,30625,-0.22619350,-0.73201570,0.95804767,-0.10254826,-0.06157294,0.20296086,0,0,0,0,0
149,30833,-0.15287990,-0.77570703,0.93906681,-0.11252609,-0.07406141,0.20698544,0,0,0,0,0
150,31041,-0.09322112,-0.80585234,0.90190710,-0.10597972,-0.07624740,0.19462226,0,0,0,0,0
151,31250,-0.02945880,-0.84317406,0.88358041,-0.08420290,-0.08712805,0.19054734,0,0,0,0,0
152,31458,0.02273957,-0.88693108,0.83948840,-0.06572280,-0.11441944,0.21820296,0,0,0,0,0
153,31666,0.10667776,-0.90975214,0.81660792,-0.05477895,-0.12313663,0.19609426,0,0,0,0,0
154,31875,0.16000230,-0.92671015,0.76907471,-0.04861676,-0.14175238,0.17106378,0,0,0,0,0
155,32083,0.22515551,-0.95455370,0.72277709,-0.05697478,-0.15298970,0.17287922,0,0,0,0,0
156,32291,0.29365494,-0.96633063,0.68876745,-0.00082159,-0.15401235,0.19053455,0,0,0,0,0
157,32500,0.35221557,-0.98058452,0.62589474,-0.02898196,-0.16113591,0.18999522,0,0,0,0,0
158,32708,0.41883584,-0.98864588,0.57411631,-0.03285549,-0.16798709,0.16923800,0,0,0,0,0
159,32916,0.48169748,-0.99942180,0.52690567,-0.02239812,-0.15752590,0.16605249,0,0,0,0,0
160,33125,0.53137669,-0.99628233,0.47341366,-0.01104113,-0.17596426,0.16285842,0,0,0,0,0
161,33333,0.59063829,-1.00412626,0.40405559,-0.00217537,-0.19864662,0.14033706,0,0,0,0,0
162,33541,0.63802962,-0.99376602,0.34363155,0.03114164,-0.19141493,0.14273690,0,0,0,0,0
163,33750,0.68864072,-0.97583564,0.27452023,0.04138332,-0.18569193,0.13127537,0,0,0,0,0
164,33958,0.74440348,-0.95151884,0.21864594,0.04322796,-0.21156453,0.14305635,0,0,0,0,0
165,34166,0.77803379,-0.93181216,0.14461438,0.05365907,-0.19917330,0.14560366,0,0,0,0,0
166,34375,0.81642513,-0.91574716,0.08281157,0.06246671,-0.21842623,0.10719280,0,0,0,0,0
167,34583,0.85618784,-0.87619138,0.01936743,0.07725710,-0.19500158,0.11703337,0,0,0,0,0
168,34791,0.89489736,-0.84220813,-0.04280028,0.08951313,-0.19898009,0.10954865,0,0,0,0,0
169,35000,0.91357996,-0.81557035,-0.09896222,0.10585116,-0.18847690,0.09580115,0,0,0,0,0
170,35208,0.93992703,-0.78094742,-0.17340937,0.10573290,-0.19620681,0.07660485,0,0,0,0,0
171,35416,0.96348282,-0.73378681,-0.22437475,0.13428577,-0.21470078,0.07186341,0,0,0,0,0
172,35625,0.98336083,-0.69145746,-0.29171256,0.15955254,-0.18277103,0.07356417,0,0,0,0,0
173,35833,0.99035724,-0.62937342,-0.36257304,0.15689302,-0.17071076,0.03627274,0,0,0,0,0
174,36041,0.98866336,-0.58639069,-0.40009158,0.16932124,-0.16277390,0.04066311,0,0,0,0,0
175,36250,1.00191945,-0.53456373,-0.46169203,0.18703487,-0.14643132,0.02830419,0,0,0,0,0
176,36458,1.00964497,-0.47557328,-0.52780902,0.16222460,-0.12879215,-0.01831219,0,0,0,0,0
177,36666,0.99480335,-0.40731665,-0.59095565,0.18965704,-0.13053127,-0.03181246,0,0,0,0,0
178,36875,0.98973883,-0.35236739,-0.63481120,0.19570053,-0.13881497,-0.02366736,0,0,0,0,0
179,37083,0.98297610,-0.28032673,-0.68085312,0.20555415,-0.14254476,-0.07734336,0,0,0,0,0
180,37291,0.95843430,-0.21696762,-0.72735381,0.20149766,-0.11980795,-0.07838405,0,0,0,0,0
181,37500,0.92968811,-0.15190954,-0.77775613,0.21401956,-0.10746354,-0.08559437,0,0,0,0,0
182,37708,0.90717439,-0.08979389,-0.81976783,0.20480851,-0.09523255,-0.08879398,0,0,0,0,0
183,37916,0.87991364,-0.02477084,-0.83905449,0.19320075,-0.11030676,-0.10992009,0,0,0,0,0
184,38125,0.83973320,0.05012076,-0.88850658,0.20646564,-0.10989754,-0.12503395,0,0,0,0,0
185,38333,0.80578849,0.10897985,-0.91042482,0.21776490,-0.07994639,-0.13026153,0,0,0,0,0
186,38541,0.76477892,0.17157043,-0.93076762,0.21117279,-0.09846832,-0.13222657,0,0,0,0,0
187,38750,0.72109931,0.24076941,-0.95924613,0.20828462,-0.09281447,-0.14259373,0,0,0,0,0
188,38958,0.67181386,0.29409602,-0.97307292,0.20922689,-0.05555921,-0.14413480,0,0,0,0,0
189,39166,0.62442142,0.35812355,-0.98777095,0.21475092,-0.04037186,-0.14507716,0,0,0,0,0
190,39375,0.56191146,0.40485095,-0.99412764,0.19572962,-0.05837304,-0.17015939,0,0,0,0,0
191,39583,0.52399239,0.48361860,-1.00769622,0.16891747,-0.03821942,-0.16284576,0,0,0,0,0
192,39791,0.46155304,0.52446576,-0.99850002,0.17845686,-0.01127378,-0.17382397,0,0,0,0,0
193,40000,0.40926728,0.58340861,-1.00079648,0.17709174,0.00385562,-0.19168323,0,0,0,0,0
194,40208,0.34664818,0.63523821,-0.99870503,0.17318491,0.01900347,-0.20357398,0,0,0,0,0
195,40416,0.28545247,0.68689089,-0.96270830,0.13747273,0.05594218,-0.20220945,0,0,0,0,0
196,40625,0.22365426,0.73251077,-0.95811664,0.11359533,0.04581107,-0.18700903,0,0,0,0,0
197,40833,0.16158762,0.77274394,-0.92624493,0.10822574,0.06726963,-0.19801665,0,0,0,0,0
198,41041,0.09470574,0.80381416,-0.91891996,0.09363272,0.07541503,-0.19039379,0,0,0,0,0
199,41250,0.03486485,0.84541180,-0.87323768,0.06871096,0.09392425,-0.21053324,0,0,0,0,0
200,41458,-0.02908814,0.87607759,-0.86042951,0.06127748,0.10618862,-0.18849684,0,0,0,0,0
201,41666,-0.08773283,0.91616507,-0.81069680,0.04995697,0.13641034,-0.19991398,0,0,0,0,0
202,41875,-0.16268494,0.92217425,-0.76320365,0.05737460,0.12288114,-0.19719435,0,0,0,0,0
203,42083,-0.22829666,0.95408639,-0.72610730,0.02489819,0.13027532,-0.18213560,0,0,0,0,0
204,42291,-0.29203422,0.98048443,-0.68537380,0.01770658,0.16183277,-0.15816630,0,0,0,0,0
205,42500,-0.35139011,0.98915892,-0.62549863,0.02212617,0.17025350,-0.18871062,0,0,0,0,0
206,42708,-0.41779232,0.99966807,-0.57833450,0.01076045,0.17547660,-0.16953882,0,0,0,0,0
207,42916,-0.48537267,1.00079628,-0.52574570,0.01205919,0.16765956,-0.16046554,0,0,0,0,0
208,43125,-0.53336575,1.00072271,-0.46405889,0.00460810,0.19248684,-0.17168260,0,0,0,0,0
209,43333,-0.58817422,0.99255893,-0.40960626,-0.01613809,0.19916327,-0.16129218,0,0,0,0,0
210,43541,-0.64599509,0.99103904,-0.34552360,-0.01244435,0.19939741,-0.14094807,0,0,0,0,0
211,43750,-0.69242502,0.97054274,-0.27606321,-0.04401508,0.17813767,-0.14324669,0,0,0,0,0
212,43958,-0.75196683,0.95921402,-0.21071373,-0.05361362,0.22181541,-0.12987643,0,0,0,0,0
213,44166,-0.78367721,0.93309173,-0.14664644,-0.06136331,0.19583493,-0.13069669,0,0,0,0,0
214,44375,-0.81164664,0.91259181,-0.09177747,-0.07703113,0.20757019,-0.11796801,0,0,0,0,0
215,44583,-0.85475997,0.88689659,-0.02455906,-0.06849538,0.20153530,-0.12395686,0,0,0,0,0
216,44791,-0.89260171,0.84848762,0.03834097,-0.10217598,0.20437755,-0.09895533,0,0,0,0,0
217,45000,-0.91773962,0.81952787,0.10251613,-0.12287414,0.19484325,-0.09215440,0,0,0,0,0
218,45208,-0.93899352,0.78174214,0.16464606,-0.12624982,0.19912292,-0.09622007,0,0,0,0,0
219,45416,-0.96449802,0.73353282,0.22957445,-0.12758668,0.18636130,-0.06152213,0,0,0,0,0
220,45625,-0.97767115,0.68235271,0.28651702,-0.13980662,0.18536102,-0.07769155,0,0,0,0,0
221,45833,-0.98800868,0.64068920,0.35317592,-0.13588274,0.18503304,-0.05079983,0,0,0,0,0
222,46041,-1.00581905,0.58465661,0.41097426,-0.14179931,0.16992815,-0.02469620,0,0,0,0,0
223,46250,-0.99571509,0.52258605,0.46576739,-0.16880603,0.16626172,-0.02571014,0,0,0,0,0
224,46458,-1.00354585,0.46014034,0.52823416,-0.19783535,0.14178645,-0.01592073,0,0,0,0,0
225,46666,-0.99518085,0.40084177,0.58353806,-0.17577062,0.12367573,0.04619164,0,0,0,0,0
226,46875,-0.97671446,0.35301397,0.63512357,-0.19354271,0.12849046,0.03886414,0,0,0,0,0
227,47083,-0.97536652,0.27791057,0.68652680,-0.19341164,0.14365339,0.06734462,0,0,0,0,0
228,47291,-0.96320349,0.21886068,0.73117549,-0.19060495,0.12760451,0.06993639,0,0,0,0,0
229,47500,-0.93681644,0.16241222,0.76614547,-0.20719983,0.12779908,0.08440613,0,0,0,0,0
230,47708,-0.90464954,0.08650651,0.81170051,-0.22328827,0.12134835,0.12022633,0,0,0,0,0
231,47916,-0.87734953,0.01717063,0.85096938,-0.21537236,0.10814847,0.09540437,0,0,0,0,0
232,48125,-0.84157633,-0.05182756,0.88418553,-0.21133162,0.12171658,0.12284514,0,0,0,0,0
233,48333,-0.79934153,-0.10898040,0.92211746,-0.21764709,0.09571755,0.11922634,0,0,0,0,0
234,48541,-0.77191385,-0.17331726,0.94557212,-0.21824126,0.09341954,0.12374503,0,0,0,0,0
235,48750,-0.71351198,-0.23995350,0.96432352,-0.21924070,0.07696214,0.13894616,0,0,0,0,0
236,48958,-0.67218322,-0.29551602,0.97333031,-0.21868977,0.06845933,0.16282653,0,0,0,0,0
237,49166,-0.62051568,-0.36162404,0.99041422,-0.21189225,0.05226293,0.15842422,0,0,0,0,0
238,49375,-0.57055564,-0.41874351,0.99246822,-0.19375396,0.02738722,0.16589998,0,0,0,0,0
239,49583,-0.52145666,-0.47892070,1.00391879,-0.17089574,0.02015618,0.17853650,0,0,0,0,0
240,49791,-0.45921654,-0.53479223,0.99231120,-0.18836675,-0.00637474,0.18389819,0,0,0,0,0
241,50000,-0.40220497,-0.58030532,1.00258892,-0.19780628,0.00230714,0.17984455,0,0,0,0,0
242,50208,-0.34234355,-0.63313468,0.98943237,-0.12993383,-0.04196298,0.18251224,0,0,0,0,0
243,50416,-0.30579343,-0.68816255,0.96959608,-0.13976387,-0.04378438,0.18124063,0,0,0,0,0
244,50625,-0.23447544,-0.72419058,0.95640917,-0.12268166,-0.05595995,0.18465843,0,0,0,0,0
245,50833,-0.15819302,-0.77604883,0.93432526,-0.10101788,-0.06154341,0.19986075,0,0,0,0,0
246,51041,-0.09913673,-0.79991168,0.90923187,-0.08618820,-0.10414393,0.19518825,0,0,0,0,0
247,51250,-0.03208516,-0.85022184,0.88267342,-0.08124816,-0.09155065,0.18891425,0,0,0,0,0
248,51458,0.02937024,-0.87886191,0.84342937,-0.06416230,-0.12665180,0.20494565,0,0,0,0,0
249,51666,0.09516087,-0.91529862,0.81662111,-0.06936808,-0.13246206,0.18806989,0,0,0,0,0
250,51875,0.16300939,-0.93369953,0.77246517,-0.04997675,-0.12337180,0.17833827,0,0,0,0,0
251,52083,0.22272608,-0.95227334,0.72399581,-0.05640575,-0.14838044,0.17667445,0,0,0,0,0
252,52291,0.29556906,-0.98103253,0.67690409,-0.05186446,-0.16148897,0.16275387,0,0,0,0,0
253,52500,0.35074357,-0.98758672,0.62757422,-0.00647034,-0.17959822,0.18422830,0,0,0,0,0
254,52708,0.41031224,-0.99772575,0.58399638,-0.03006510,-0.15893989,0.14985546,0,0,0,0,0
255,52916,0.48061718,-0.98979485,0.52022414,-0.00173524,-0.18571712,0.14812751,0,0,0,0,0
256,53125,0.53586785,-1.00217011,0.46264413,0.01071878,-0.18702521,0.15611839,0,0,0,0,0
257,53333,0.58939624,-0.99194769,0.40459827,0.01872048,-0.19647700,0.14991764,0,0,0,0,0
258,53541,0.64167111,-0.99260202,0.34869131,0.03938415,-0.17802557,0.16035293,0,0,0,0,0
259,53750,0.68997032,-0.97311746,0.28704797,0.03887568,-0.20997386,0.15730698,0,0,0,0,0
260,53958,0.73946823,-0.94852376,0.22137115,0.04438563,-0.17739440,0.14622568,0,0,0,0,0
261,54166,0.77851233,-0.93213013,0.15091155,0.05957367,-0.20403456,0.12613796,0,0,0,0,0
262,54375,0.81753150,-0.91141268,0.08681843,0.09231847,-0.20384858,0.12884297,0,0,0,0,0
263,54583,0.85972127,-0.88609618,0.02507825,0.08070161,-0.20462283,0.12037928,0,0,0,0,0
264,54791,0.88751936,-0.84133593,-0.04769182,0.09146780,-0.21720343,0.10696378,0,0,0,0,0
265,55000,0.91822933,-0.80938852,-0.10290022,0.11053668,-0.18179134,0.10184599,0,0,0,0,0
266,55208,0.93827834,-0.77949251,-0.16741333,0.14443583,-0.21225514,0.10088867,0,0,0,0,0
267,55416,0.95656495,-0.72992638,-0.23974186,0.14348839,-0.18708892,0.07030056,0,0,0,0,0
268,55625,0.97161315,-0.68399833,-0.29591050,0.14959002,-0.19016496,0.07260698,0,0,0,0,0
269,55833,0.98424281,-0.63676843,-0.35835591,0.12717120,-0.16492126,0.05148847,0,0,0,0,0
270,56041,0.99127853,-0.59183265,-0.41509002,0.16915839,-0.16814757,0.04305858,0,0,0,0,0
271,56250,1.00511701,-0.52142540,-0.46253975,0.19002265,-0.14017080,0.01033451,0,0,0,0,0
272,56458,0.99018647,-0.46567469,-0.53518853,0.18961512,-0.15426140,0.01860869,0,0,0,0,0
273,56666,1.00466909,-0.40038884,-0.57392511,0.18418771,-0.16501000,-0.00621040,0,0,0,0,0
274,56875,0.98333701,-0.34681429,-0.63955919,0.21946295,-0.14067518,-0.03332455,0,0,0,0,0
275,57083,0.96924080,-0.28147294,-0.68766120,0.19587608,-0.14096293,-0.07160773,0,0,0,0,0
276,57291,0.95476201,-0.22339711,-0.73761890,0.19703986,-0.13448487,-0.07154954,0,0,0,0,0
277,57500,0.92422759,-0.15148178,-0.78092457,0.19921999,-0.10128055,-0.10079323,0,0,0,0,0
278,57708,0.91168683,-0.08762182,-0.80566958,0.19887480,-0.12021878,-0.10338842,0,0,0,0,0
279,57916,0.88234119,-0.02677760,-0.85313876,0.18670405,-0.10657246,-0.10197920,0,0,0,0,0
280,58125,0.84761027,0.03765532,-0.89092888,0.21096110,-0.10111101,-0.12157907,0,0,0,0,0
281,58333,0.81574274,0.11307678,-0.91921743,0.21794925,-0.08735817,-0.12553670,0,0,0,0,0
282,58541,0.76884405,0.17243998,-0.93201913,0.19779000,-0.08862215,-0.13694034,0,0,0,0,0
283,58750,0.72323375,0.23663887,-0.96536153,0.20476164,-0.06920116,-0.14522734,0,0,0,0,0
284,58958,0.67206671,0.29978089,-0.98069167,0.20833605,-0.06085727,-0.14846061,0,0,0,0,0
285,59166,0.62236939,0.35810804,-0.98961176,0.21001461,-0.05698080,-0.15380980,0,0,0,0,0
286,59375,0.57123667,0.41924979,-1.00939077,0.19880066,-0.03190652,-0.17271085,0,0,0,0,0
287,59583,0.52221393,0.47583266,-1.00470023,0.17783644,-0.00607905,-0.17885826,0,0,0,0,0
288,59791,0.46611959,0.52413745,-0.99748725,0.18793708,0.02299544,-0.17835519,0,0,0,0,0
289,60000,0.40145026,0.58638868,-1.00494641,0.17795650,0.00187693,-0.15819157,0,0,0,0,0
290,60208,0.34461538,0.63326666,-0.99001476,0.14914463,0.03549015,-0.18502814,0,0,0,0,0
291,60416,0.29120425,0.68071043,-0.97248658,0.13883185,0.02318215,-0.21392187,0,0,0,0,0
292,60625,0.21795015,0.72924674,-0.95577236,0.12738742,0.06422036,-0.20037444,0,0,0,0,0
293,60833,0.17323824,0.77451731,-0.93532389,0.11373664,0.04644234,-0.18654963,0,0,0,0,0
294,61041,0.09938741,0.81605589,-0.91654633,0.08834946,0.08057476,-0.19274240,0,0,0,0,0
295,61250,0.02808916,0.84542290,-0.88200437,0.08468813,0.09853776,-0.18405337,0,0,0,0,0
296,61458,-0.03057838,0.87782249,-0.83921973,0.05599613,0.09448046,-0.18666980,0,0,0,0,0
297,61666,-0.09981053,0.91423932,-0.81779070,0.06755956,0.13537762,-0.16161754,0,0,0,0,0
298,61875,-0.15947176,0.92625331,-0.75926173,0.04478269,0.14243716,-0.18751076,0,0,0,0,0
299,62083,-0.23028218,0.95081966,-0.72323776,0.03699995,0.16266926,-0.18490533,0,0,0,0,0
300,62291,-0.29894572,0.97509939,-0.67535618,0.03624343,0.14122127,-0.18866299,0,0,0,0,0
301,62500,-0.35748820,0.98126323,-0.63169316,0.02584715,0.16363242,-0.17679541,0,0,0,0,0
302,62708,-0.41517661,1.00040452,-0.57166648,0.00604860,0.16192336,-0.18382458,0,0,0,0,0
303,62916,-0.47435621,0.99940239,-0.51804148,0.00424084,0.18673554,-0.16660144,0,0,0,0,0
304,63125,-0.53155994,1.00368971,-0.46977284,0.01975485,0.18759942,-0.16155957,0,0,0,0,0
305,63333,-0.58274668,0.99337702,-0.40619986,0.00645115,0.19879784,-0.14617774,0,0,0,0,0
306,63541,-0.63919193,0.98742966,-0.34839662,-0.01804664,0.18987565,-0.15218006,0,0,0,0,0
307,63750,-0.68966045,0.96872011,-0.27091172,-0.03276109,0.21070912,-0.16748349,0,0,0,0,0
308,63958,-0.74057099,0.96139539,-0.21081809,-0.05432222,0.21002967,-0.11995897,0,0,0,0,0
309,64166,-0.78195799,0.93798320,-0.15833749,-0.06002864,0.19261784,-0.14196634,0,0,0,0,0
310,64375,-0.81611251,0.91985674,-0.08806658,-0.05737651,0.20256279,-0.14202837,0,0,0,0,0
311,64583,-0.84397079,0.88421370,-0.02078074,-0.07713734,0.20991581,-0.12796070,0,0,0,0,0
312,64791,-0.89142709,0.83903061,0.04157518,-0.10262615,0.19690883,-0.10463300,0,0,0,0,0
313,65000,-0.91383851,0.80920723,0.10891034,-0.11356348,0.19840590,-0.10074608,0,0,0,0,0
314,65208,-0.94024894,0.77262755,0.16777822,-0.11072806,0.20851839,-0.09525389,0,0,0,0,0
315,65416,-0.95914515,0.73052128,0.22737522,-0.12940829,0.19606695,-0.07441637,0,0,0,0,0
316,65625,-0.98018943,0.67518252,0.29167943,-0.14523878,0.18838314,-0.07840172,0,0,0,0,0
317,65833,-0.98956873,0.63955800,0.35460791,-0.15149047,0.17874202,-0.03233333,0,0,0,0,0
318,66041,-0.99612697,0.58037011,0.41490588,-0.16381480,0.15739644,-0.03933382,0,0,0,0,0
319,66250,-0.99408234,0.52396056,0.46281864,-0.18310201,0.17277689,-0.02472684,0,0,0,0,0
320,66458,-0.99842125,0.46556308,0.51445384,-0.18472780,0.15826677,0.01758363,0,0,0,0,0
321,66666,-0.99319144,0.40459074,0.57852441,-0.16814784,0.13898903,0.02550089,0,0,0,0,0
322,66875,-0.98193538,0.34863273,0.63351528,-0.19757155,0.13611297,0.04661633,0,0,0,0,0
323,67083,-0.97702983,0.29040769,0.67745409,-0.19845850,0.12628109,0.05303320,0,0,0,0,0
324,67291,-0.96129108,0.22473207,0.73080404,-0.20856410,0.12861549,0.06167168,0,0,0,0,0
325,67500,-0.93544024,0.15234497,0.77607442,-0.19349396,0.12353486,0.09115089,0,0,0,0,0
326,67708,-0.91086918,0.08040203,0.81179230,-0.20983300,0.11832258,0.10023600,0,0,0,0,0
327,67916,-0.88299706,0.01870512,0.83909087,-0.20124589,0.12642200,0.10046295,0,0,0,0,0
328,68125,-0.84492376,-0.04408458,0.89390526,-0.22904310,0.10892223,0.11580124,0,0,0,0,0
329,68333,-0.80768071,-0.10124012,0.91305614,-0.21046834,0.08984533,0.13347171,0,0,0,0,0
330,68541,-0.76970321,-0.17389572,0.93117719,-0.20232318,0.09959112,0.14531050,0,0,0,0,0
331,68750,-0.72849182,-0.23836518,0.95773768,-0.21296584,0.08365486,0.14243493,0,0,0,0,0
332,68958,-0.67067162,-0.30288254,0.98111123,-0.19601775,0.06739642,0.14535983,0,0,0,0,0
333,69166,-0.62322225,-0.36280060,0.99085648,-0.20097868,0.05094862,0.14141886,0,0,0,0,0
334,69375,-0.57186860,-0.40917052,1.00389736,-0.17363184,0.02787285,0.15617051,0,0,0,0,0
335,69583,-0.52183039,-0.46981500,1.00262706,-0.19021953,0.02065356,0.17840882,0,0,0,0,0
336,69791,-0.46344429,-0.53386964,1.00413464,-0.19079757,-0.00281891,0.16742407,0,0,0,0,0
337,70000,-0.40635975,-0.57867289,0.99421900,-0.16755233,-0.00660990,0.17906812,0,0,0,0,0
338,70208,-0.34401876,-0.63452566,0.99764235,-0.16283893,-0.01968290,0.18332175,0,0,0,0,0
339,70416,-0.27877726,-0.67190133,0.97607301,-0.13625585,-0.03975206,0.20664279,0,0,0,0,0
340,70625,-0.22407027,-0.72290018,0.94830951,-0.10791977,-0.06324108,0.19241082,0,0,0,0,0
341,70833,-0.15753244,-0.77327829,0.93416727,-0.12128881,-0.07727632,0.18086567,0,0,0,0,0
342,71041,-0.09968368,-0.80686792,0.90673275,-0.09650822,-0.06120983,0.19393263,0,0,0,0,0
343,71250,-0.03707337,-0.84882602,0.87628718,-0.08437600,-0.08711200,0.19970636,0,0,0,0,0
344,71458,0.03075469,-0.88257279,0.85059250,-0.05333598,-0.10998099,0.20540185,0,0,0,0,0
345,71666,0.10866930,-0.90805377,0.81821265,-0.06064389,-0.11245085,0.19383247,0,0,0,0,0
346,71875,0.15531794,-0.92621426,0.76184693,-0.05419233,-0.12762071,0.17641890,0,0,0,0,0
347,72083,0.22339320,-0.95683083,0.71874509,-0.01885444,-0.16518303,0.18703386,0,0,0,0,0
348,72291,0.29462644,-0.97683295,0.68638991,-0.01595468,-0.15102506,0.20258334,0,0,0,0,0
349,72500,0.35357379,-0.98695419,0.62040689,-0.03054954,-0.17234362,0.18063685,0,0,0,0,0
350,72708,0.41585178,-0.99459554,0.57525920,-0.03006658,-0.16525468,0.15628888,0,0,0,0,0
351,72916,0.48077844,-0.98985904,0.51785603,-0.02833779,-0.18961513,0.16973352,0,0,0,0,0
352,73125,0.53353296,-0.99613360,0.45614109,0.01374898,-0.16946183,0.16613834,0,0,0,0,0
353,73333,0.57041648,-0.99723015,0.40305817,-0.00838006,-0.19372101,0.16029690,0,0,0,0,0
354,73541,0.63487270,-0.98598495,0.34664720,0.04415114,-0.20824111,0.16692754,0,0,0,0,0
355,73750,0.69283090,-0.96979977,0.27993899,0.03017592,-0.20196701,0.12922574,0,0,0,0,0
356,73958,0.73871000,-0.96042153,0.22125979,0.03295533,-0.19330345,0.15274595,0,0,0,0,0
357,74166,0.77778546,-0.94040817,0.15144575,0.04593547,-0.20937015,0.14194844,0,0,0,0,0
358,74375,0.82829318,-0.91417963,0.08499634,0.09794851,-0.21092384,0.13497383,0,0,0,0,0
359,74583,0.85175213,-0.88292308,0.02250421,0.09281764,-0.19406915,0.09791827,0,0,0,0,0
360,74791,0.89025655,-0.84471319,-0.03426293,0.09603245,-0.20019480,0.09153702,0,0,0,0,0
361,75000,0.92254225,-0.81513958,-0.11344229,0.11085291,-0.19748291,0.10420034,0,0,0,0,0
362,75208,0.94473226,-0.77022788,-0.15230293,0.12652464,-0.19925920,0.07501649,0,0,0,0,0
363,75416,0.95725702,-0.72936240,-0.23202955,0.14836590,-0.18413770,0.07907347,0,0,0,0,0
364,75625,0.98359986,-0.69205806,-0.28350757,0.14386099,-0.18458628,0.07053055,0,0,0,0,0
365,75833,0.99230392,-0.63324119,-0.35340398,0.13392502,-0.16565903,0.05170015,0,0,0,0,0
366,76041,0.99214006,-0.57946386,-0.41912532,0.15122548,-0.15871105,0.04166498,0,0,0,0,0
367,76250,1.00130281,-0.52499035,-0.46633638,0.17842938,-0.15371598,0.01333906,0,0,0,0,0
368,76458,1.00208725,-0.48522349,-0.51741910,0.18310291,-0.15953524,0.01446476,0,0,0,0,0
369,76666,0.98985204,-0.41085479,-0.58416120,0.18578247,-0.13445781,-0.01479511,0,0,0,0,0
370,76875,0.98803513,-0.34593315,-0.63700978,0.19246321,-0.13022027,-0.02361765,0,0,0,0,0
371,77083,0.96989083,-0.28321277,-0.67624465,0.19126417,-0.10764998,-0.07516553,0,0,0,0,0
372,77291,0.95926465,-0.21604046,-0.72990305,0.20227918,-0.13372662,-0.09811106,0,0,0,0,0
373,77500,0.93076353,-0.15246565,-0.77669724,0.20902066,-0.12747956,-0.06802538,0,0,0,0,0
374,77708,0.91292905,-0.09587908,-0.81623551,0.21192830,-0.11734115,-0.12087319,0,0,0,0,0
375,77916,0.87970556,-0.02312408,-0.86060200,0.20167166,-0.11908262,-0.11781956,0,0,0,0,0
376,78125,0.84923779,0.03798789,-0.89009018,0.21606126,-0.10598918,-0.12779836,0,0,0,0,0
377,78333,0.80424542,0.10734606,-0.91327638,0.20281350,-0.09634894,-0.12247543,0,0,0,0,0
378,78541,0.77960265,0.17152496,-0.93883120,0.22370495,-0.08343111,-0.14308065,0,0,0,0,0
379,78750,0.71369789,0.23662361,-0.95666510,0.21123819,-0.08274609,-0.14407714,0,0,0,0,0
380,78958,0.67129964,0.29299296,-0.97034554,0.21769992,-0.07312120,-0.14878194,0,0,0,0,0
381,79166,0.62269820,0.34876646,-0.99096683,0.20609117,-0.05188408,-0.15870961,0,0,0,0,0
382,79375,0.57558521,0.41490841,-0.99883181,0.19593912,-0.05458958,-0.16199771,0,0,0,0,0
383,79583,0.52006772,0.47557319,-0.99960446,0.17439152,-0.00067956,-0.16187395,0,0,0,0,0
384,79791,0.46293401,0.53374268,-0.99755704,0.17068281,0.01003168,-0.17857357,0,0,0,0,0
385,80000,0.39997930,0.58738639,-0.99872264,0.17786499,0.00406968,-0.18356534,0,0,0,0,0
386,80208,0.35265436,0.63242539,-0.98878686,0.15869773,0.03623059,-0.18283909,0,0,0,0,0
387,80416,0.28722746,0.68380082,-0.97378208,0.13820336,0.02222881,-0.18843825,0,0,0,0,0
388,80625,0.22224987,0.72576508,-0.95818216,0.10984481,0.04018699,-0.18531925,0,0,0,0,0
389,80833,0.16189149,0.77092576,-0.94072367,0.10194800,0.06050620,-0.19728478,0,0,0,0,0
390,81041,0.10022064,0.80369827,-0.91305731,0.09934565,0.06297532,-0.18960000,0,0,0,0,0
391,81250,0.03090766,0.83570621,-0.88197031,0.08222871,0.08255954,-0.20978630,0,0,0,0,0
392,81458,-0.02314581,0.88005989,-0.85268027,0.07194537,0.10659577,-0.19628636,0,0,0,0,0
393,81666,-0.10660308,0.91399756,-0.81291865,0.02730161,0.12415664,-0.18091234,0,0,0,0,0
394,81875,-0.15681219,0.94058629,-0.76594297,0.03546240,0.13697841,-0.18805413,0,0,0,0,0
395,82083,-0.22141972,0.94735303,-0.72848755,0.02728178,0.13694541,-0.17193218,0,0,0,0,0
396,82291,-0.29098916,0.97444633,-0.68512363,0.04212052,0.16016524,-0.17576738,0,0,0,0,0
397,82500,-0.35213427,0.99149387,-0.63177113,0.02097941,0.15852599,-0.17952897,0,0,0,0,0
398,82708,-0.42246202,0.99749327,-0.57166448,0.00902911,0.18142118,-0.16485249,0,0,0,0,0
399,82916,-0.47514476,1.00198876,-0.51823348,0.02324032,0.17571646,-0.15589408,0,0,0,0,0
400,83125,-0.53397275,1.00913825,-0.46412547,0.00087754,0.18870605,-0.15855368,0,0,0,0,0
401,83333,-0.58221480,0.98831310,-0.40802566,-0.01564232,0.19888448,-0.14468882,0,0,0,0,0
402,83541,-0.64320360,0.98576844,-0.35029042,-0.00943165,0.20365625,-0.15465676,0,0,0,0,0
403,83750,-0.70105060,0.97810488,-0.27486568,-0.02670009,0.19828818,-0.14832293,0,0,0,0,0
404,83958,-0.73317359,0.96209514,-0.22044275,-0.07245765,0.21246665,-0.13712634,0,0,0,0,0
405,84166,-0.78627940,0.93151939,-0.15284036,-0.07766095,0.20841040,-0.14631184,0,0,0,0,0
406,84375,-0.82465857,0.91453316,-0.08650768,-0.06416656,0.21114527,-0.12128233,0,0,0,0,0
407,84583,-0.86385574,0.88299448,-0.02551641,-0.08800324,0.19794503,-0.12461217,0,0,0,0,0
408,84791,-0.88857420,0.85693937,0.03515872,-0.10282874,0.20461902,-0.10726367,0,0,0,0,0
409,85000,-0.92142938,0.81913212,0.10534772,-0.11316249,0.19057003,-0.09375089,0,0,0,0,0
410,85208,-0.94291304,0.77397112,0.16946001,-0.12371335,0.19680550,-0.06618438,0,0,0,0,0
411,85416,-0.95821317,0.73419141,0.24172269,-0.11370626,0.17388701,-0.08021387,0,0,0,0,0
412,85625,-0.96925645,0.68810674,0.28830633,-0.11448983,0.18403570,-0.06953490,0,0,0,0,0
413,85833,-0.98820099,0.63804509,0.34597809,-0.15127783,0.17235258,-0.05338886,0,0,0,0,0
414,86041,-0.99931142,0.58079695,0.40845971,-0.16941721,0.15947801,-0.04312183,0,0,0,0,0
415,86250,-1.00342629,0.52625872,0.47358154,-0.16531687,0.17063345,0.00333617,0,0,0,0,0
416,86458,-0.99883331,0.46891406,0.52937057,-0.17891544,0.15515804,0.00030607,0,0,0,0,0
417,86666,-0.98958881,0.40956405,0.59029299,-0.19488761,0.14917275,0.02376412,0,0,0,0,0
418,86875,-0.98859463,0.34420885,0.62837600,-0.19485315,0.13821386,0.04143301,0,0,0,0,0
419,87083,-0.97112461,0.28048839,0.68606471,-0.22298596,0.12878381,0.06926058,0,0,0,0,0
420,87291,-0.94679627,0.22443309,0.73362881,-0.21158538,0.12369256,0.06548365,0,0,0,0,0
421,87500,-0.92248196,0.15158987,0.77312055,-0.19379914,0.12977038,0.10526328,0,0,0,0,0
422,87708,-0.91546283,0.09958234,0.81132987,-0.21688482,0.12439598,0.08377845,0,0,0,0,0
423,87916,-0.87542374,0.02695902,0.84941487,-0.21697349,0.12054410,0.10232091,0,0,0,0,0
424,88125,-0.84875580,-0.04881133,0.88934855,-0.21422220,0.09373575,0.14182319,0,0,0,0,0
425,88333,-0.80376482,-0.10686706,0.91207059,-0.23334087,0.08356082,0.13719973,0,0,0,0,0
426,88541,-0.77114722,-0.16739235,0.94076444,-0.20233265,0.09942412,0.15155357,0,0,0,0,0
427,88750,-0.71529433,-0.23488096,0.95544028,-0.20903535,0.07710347,0.14132156,0,0,0,0,0
428,88958,-0.67269672,-0.30554125,0.98318656,-0.19803851,0.07452122,0.15704052,0,0,0,0,0
429,89166,-0.62258777,-0.37023466,0.98881968,-0.19204202,0.04974756,0.15958008,0,0,0,0,0
430,89375,-0.57488431,-0.41169663,0.99780475,-0.19996514,0.04708571,0.15034955,0,0,0,0,0
431,89583,-0.52736782,-0.48796041,1.00966675,-0.19246669,0.01816180,0.17578344,0,0,0,0,0
432,89791,-0.46763847,-0.51984580,1.00054989,-0.18409915,0.00761676,0.18077901,0,0,0,0,0
433,90000,-0.41920514,-0.58549458,0.99520381,-0.17405269,-0.00867581,0.18997005,0,0,0,0,0
434,90208,-0.34952106,-0.64549954,0.99180722,-0.14485285,-0.04714107,0.17841946,0,0,0,0,0
435,90416,-0.28830471,-0.67934009,0.97378493,-0.15182045,-0.03956884,0.19370591,0,0,0,0,0
436,90625,-0.22239186,-0.73171597,0.96280529,-0.11000266,-0.05456572,0.19332392,0,0,0,0,0
437,90833,-0.15858722,-0.77166664,0.93702984,-0.11460398,-0.07107438,0.16587487,0,0,0,0,0
438,91041,-0.11037443,-0.81438745,0.90879185,-0.09548418,-0.08816757,0.19592948,0,0,0,0,0
439,91250,-0.03251779,-0.84679887,0.88032572,-0.06584788,-0.09658662,0.18915452,0,0,0,0,0
440,91458,0.03136156,-0.87862553,0.85008690,-0.06075416,-0.10481415,0.20413353,0,0,0,0,0
441,91666,0.09553711,-0.91945093,0.81350208,-0.06073181,-0.12749010,0.18230995,0,0,0,0,0
442,91875,0.16203453,-0.93600052,0.77133019,-0.03322285,-0.12659714,0.17839336,0,0,0,0,0
443,92083,0.22135849,-0.96447336,0.73049666,-0.06389661,-0.16505654,0.17659370,0,0,0,0,0
444,92291,0.29006637,-0.98121927,0.68775263,-0.03717951,-0.17077656,0.16627426,0,0,0,0,0
445,92500,0.36334385,-0.99266368,0.63669496,-0.04144515,-0.15639077,0.17563452,0,0,0,0,0
446,92708,0.41301038,-0.99962598,0.57428705,-0.02939687,-0.16026012,0.16915218,0,0,0,0,0
447,92916,0.47120102,-0.99675781,0.52575222,-0.01271194,-0.18966009,0.14656436,0,0,0,0,0
448,93125,0.52586545,-1.00753866,0.46413309,-0.00027327,-0.18778554,0.16672917,0,0,0,0,0
449,93333,0.59319553,-0.99512654,0.40818256,0.01370623,-0.19655711,0.16507103,0,0,0,0,0
450,93541,0.63392320,-0.99039734,0.34316927,0.01614387,-0.20087950,0.14177058,0,0,0,0,0
451,93750,0.69334169,-0.96090489,0.28482236,0.02565373,-0.21008843,0.14475870,0,0,0,0,0
452,93958,0.73859219,-0.96587158,0.22390495,0.03933099,-0.19334582,0.14146594,0,0,0,0,0
453,94166,0.77534282,-0.92657216,0.15641293,0.06530506,-0.20097794,0.13604147,0,0,0,0,0
454,94375,0.81683722,-0.91212653,0.08154070,0.06201627,-0.22322130,0.12573624,0,0,0,0,0
455,94583,0.85844866,-0.88383798,0.02551989,0.08218521,-0.19815317,0.11584486,0,0,0,0,0
456,94791,0.89455542,-0.84640487,-0.04121324,0.10477251,-0.21197499,0.09670090,0,0,0,0,0
457,95000,0.92080739,-0.82085665,-0.11705585,0.09874822,-0.21608095,0.10159798,0,0,0,0,0
458,95208,0.93815038,-0.76993582,-0.17114860,0.12497044,-0.21118870,0.10254440,0,0,0,0,0
459,95416,0.96793603,-0.73430547,-0.23383647,0.11203160,-0.19728984,0.07135189,0,0,0,0,0
460,95625,0.96909299,-0.68531208,-0.28660970,0.15364921,-0.18164045,0.07841469,0,0,0,0,0
461,95833,0.98085061,-0.63862743,-0.35027293,0.14938171,-0.16550928,0.04850455,0,0,0,0,0
462,96041,0.99759463,-0.58447329,-0.41532876,0.15894604,-0.15135554,0.04220368,0,0,0,0,0
463,96250,1.00238283,-0.52371136,-0.47030684,0.16755109,-0.15554657,0.03273600,0,0,0,0,0
464,96458,0.99664662,-0.47045203,-0.52723450,0.17905508,-0.14448519,-0.00363792,0,0,0,0,0
465,96666,0.99402743,-0.40228473,-0.58664408,0.18431501,-0.14303703,-0.02289340,0,0,0,0,0
466,96875,0.98317623,-0.34759622,-0.64398854,0.20104166,-0.15155263,-0.06023316,0,0,0,0,0
467,97083,0.96923791,-0.28117316,-0.68170432,0.18922399,-0.13673870,-0.07836084,0,0,0,0,0
468,97291,0.95225291,-0.21828964,-0.73168673,0.20910329,-0.10977191,-0.08108090,0,0,0,0,0
469,97500,0.93460068,-0.15535225,-0.77320785,0.20121047,-0.10926452,-0.07688988,0,0,0,0,0
470,97708,0.90316889,-0.08380437,-0.82276696,0.21183117,-0.10552342,-0.09649659,0,0,0,0,0
471,97916,0.87456220,-0.02310469,-0.85440931,0.21494940,-0.13534867,-0.11402545,0,0,0,0,0
472,98125,0.85522449,0.04958254,-0.87859796,0.18446524,-0.10840064,-0.12920582,0,0,0,0,0
473,98333,0.81026892,0.10937551,-0.91627598,0.22022489,-0.09905273,-0.13968361,0,0,0,0,0
474,98541,0.76999062,0.16870386,-0.94255217,0.21244922,-0.08500716,-0.14611399,0,0,0,0,0
475,98750,0.71798829,0.23619972,-0.96482692,0.21776249,-0.07719277,-0.14384829,0,0,0,0,0
476,98958,0.68182703,0.29349813,-0.97521559,0.19346168,-0.05858639,-0.14553649,0,0,0,0,0
477,99166,0.62226189,0.36627787,-0.98374311,0.18617456,-0.06501890,-0.15635903,0,0,0,0,0
478,99375,0.57661984,0.41646406,-0.99698395,0.19135392,-0.04333013,-0.17270496,0,0,0,0,0
479,99583,0.52261766,0.47661483,-1.01000653,0.19143486,-0.00011027,-0.17489916,0,0,0,0,0
480,99791,0.46191368,0.53257193,-1.00581709,0.17412505,-0.00520579,-0.18449344,0,0,0,0,0
481,100000,0.40389130,0.57882361,-0.99186613,0.16170133,0.01215467,-0.17744772,0,0,0,0,0
482,100208,0.34209685,0.62929237,-0.99557359,0.16109548,0.02604153,-0.20386524,0,0,0,0,0
483,100416,0.28005485,0.67941028,-0.97481470,0.14456478,0.05687165,-0.19726204,0,0,0,0,0
484,100625,0.21250883,0.72471713,-0.95563717,0.11839479,0.05074760,-0.19873329,0,0,0,0,0
485,100833,0.14985462,0.77318614,-0.93291393,0.12002866,0.07186691,-0.19761087,0,0,0,0,0
486,101041,0.08439691,0.80831341,-0.91144903,0.11318070,0.07805348,-0.19935059,0,0,0,0,0
487,101250,0.03256670,0.83012676,-0.87323755,0.07412721,0.08993549,-0.18812474,0,0,0,0,0
488,101458,-0.02500066,0.87344524,-0.83567072,0.08567854,0.11398639,-0.20264499,0,0,0,0,0
489,101666,-0.08031184,0.89200775,-0.79726093,0.07384573,0.12178490,-0.17842011,0,0,0,0,0
490,101875,-0.12638688,0.92118274,-0.74549185,0.05788539,0.12934664,-0.19290729,0,0,0,0,0
491,102083,-0.15525681,0.92904115,-0.70995175,0.05950999,0.14216489,-0.17537875,0,0,0,0,0
492,102291,-0.18588214,0.94625061,-0.66254137,0.04340105,0.15412899,-0.17385012,0,0,0,0,0
493,102500,-0.20929124,0.95283422,-0.61413020,0.03652963,0.16591606,-0.18566381,0,0,0,0,0
494,102708,-0.23155453,0.94751789,-0.55306735,0.02969057,0.17311128,-0.14295869,0,0,0,0,0
495,102916,-0.23449358,0.95779114,-0.49563004,0.01553841,0.17026648,-0.16921846,0,0,0,0,0
496,103125,-0.24084529,0.94536838,-0.44600605,-0.01758521,0.17603170,-0.14792447,0,0,0,0,0
497,103333,-0.22653134,0.93858804,-0.37735485,-0.02291854,0.18860492,-0.13776911,0,0,0,0,0
498,103541,-0.22664019,0.92031979,-0.32641455,-0.05300588,0.18679649,-0.15370938,0,0,0,0,0
499,103750,-0.22469525,0.91339048,-0.26496690,-0.06969689,0.19717154,-0.12300166,0,0,0,0,0
500,103958,-0.20134023,0.87751569,-0.20227747,-0.09863463,0.18840577,-0.13081354,0,0,0,0,0
501,104166,-0.20338167,0.86625075,-0.13182193,-0.12893922,0.19922819,-0.14362607,0,0,0,0,0
502,104375,-0.18986875,0.84486893,-0.08159804,-0.17636232,0.19017390,-0.12475245,0,0,0,0,0
503,104583,-0.18112634,0.81197266,-0.02452862,-0.20937516,0.17709695,-0.10240797,0,0,0,0,0
504,104791,-0.18249440,0.78583147,0.03763423,-0.26457525,0.17701427,-0.10648449,0,0,0,0,0
505,105000,-0.19031184,0.74538881,0.09414841,-0.31634633,0.16468793,-0.06890769,0,0,0,0,0
506,105208,-0.18371769,0.71610479,0.15141326,-0.34034144,0.15478415,-0.07686820,0,0,0,0,0
507,105416,-0.19272030,0.66674864,0.20956064,-0.40726010,0.16570966,-0.06753249,0,0,0,0,0
508,105625,-0.18936870,0.62679912,0.26657799,-0.43870398,0.14911665,-0.05735766,0,0,0,0,0
509,105833,-0.19302797,0.58003531,0.31226747,-0.50466617,0.12395926,-0.01879563,0,0,0,0,0
510,106041,-0.19811541,0.53253074,0.37151536,-0.52542443,0.13365310,-0.03224799,0,0,0,0,0
511,106250,-0.19654985,0.47931173,0.42534439,-0.59179840,0.11649567,-0.02174644,0,0,0,0,0
512,106458,-0.19634013,0.43781317,0.48713396,-0.61988895,0.10939547,0.00511762,0,0,0,0,0
513,106666,-0.19530377,0.37705802,0.53148043,-0.67872442,0.10214307,0.02255260,0,0,0,0,0
514,106875,-0.20020503,0.31709293,0.58514338,-0.72963653,0.10342339,0.02167346,0,0,0,0,0
515,107083,-0.20044743,0.26498664,0.63484715,-0.77955439,0.08558574,0.03969071,0,0,0,0,0
516,107291,-0.18107493,0.20229334,0.66762974,-0.79852222,0.09435395,0.05640815,0,0,0,0,0
517,107500,-0.19281421,0.15259771,0.70994838,-0.84592531,0.11615618,0.07730598,0,0,0,0,0
518,107708,-0.18133720,0.08030681,0.74997235,-0.90061003,0.06599382,0.07159907,0,0,0,0,0
519,107916,-0.17851314,0.01186261,0.78528411,-0.92961069,0.08583898,0.07328813,0,0,0,0,0
520,108125,-0.17656229,-0.03453591,0.80846997,-0.95282552,0.05849792,0.07575446,0,0,0,0,0
521,108333,-0.17069780,-0.09995304,0.84335482,-0.97790266,0.05683085,0.09251265,0,0,0,0,0
522,108541,-0.16086128,-0.16863087,0.87131118,-0.97949773,0.05740831,0.08601249,0,0,0,0,0
523,108750,-0.14621923,-0.21188362,0.88627280,-0.99018587,0.03936372,0.10624012,0,0,0,0,0
524,108958,-0.13154212,-0.28554354,0.88832696,-1.01396685,0.03593292,0.10214964,0,0,0,0,0
525,109166,-0.12600666,-0.33495512,0.90595584,-1.00653199,0.03443109,0.10259516,0,0,0,0,0
526,109375,-0.12261810,-0.39215352,0.91790925,-0.99806738,0.00572760,0.10627708,0,0,0,0,0
527,109583,-0.11012548,-0.43972021,0.91894204,-0.99390890,0.00997276,0.10879346,0,0,0,0,0
528,109791,-0.09150538,-0.47715509,0.92439366,-0.97740290,-0.01070624,0.11116338,0,0,0,0,0
529,110000,-0.08215595,-0.52961726,0.91320474,-0.96078663,-0.01531789,0.09619601,0,0,0,0,0
530,110208,-0.06971458,-0.58005517,0.91363116,-0.92149491,-0.02539759,0.13354233,0,0,0,0,0
531,110416,-0.05608238,-0.63739173,0.89164575,-0.88509797,-0.03009025,0.12734234,0,0,0,0,0
532,110625,-0.04042599,-0.66848526,0.88561004,-0.86585118,-0.02384496,0.11810271,0,0,0,0,0
533,110833,-0.02120673,-0.71736187,0.85613181,-0.80297383,-0.04383144,0.11115052,0,0,0,0,0
534,111041,-0.01735143,-0.75061841,0.83730661,-0.75219045,-0.03406593,0.10601849,0,0,0,0,0
535,111250,0.00335476,-0.77901073,0.81059192,-0.69741667,-0.05769019,0.08542259,0,0,0,0,0
536,111458,0.00866258,-0.80962974,0.77802997,-0.63444571,-0.06582255,0.08725712,0,0,0,0,0
537,111666,0.01299996,-0.83658778,0.74158007,-0.55931673,-0.07386833,0.09899298,0,0,0,0,0
538,111875,0.03462084,-0.85531950,0.71153536,-0.47297788,-0.05989258,0.11579581,0,0,0,0,0
539,112083,0.04766168,-0.87874693,0.67141640,-0.39998632,-0.08281595,0.09234727,0,0,0,0,0
540,112291,0.07023508,-0.89484109,0.62071922,-0.32690238,-0.07531254,0.09483066,0,0,0,0,0
541,112500,0.06304883,-0.90386855,0.58868635,-0.20107351,-0.07248845,0.08650075,0,0,0,0,0
542,112708,0.07215822,-0.91879724,0.53820834,-0.12297520,-0.06376431,0.09792088,0,0,0,0,0
543,112916,0.09233366,-0.91752720,0.48041119,-0.04415052,-0.08430547,0.06056729,0,0,0,0,0
544,113125,0.10947419,-0.91266888,0.42340001,0.04100989,-0.06250658,0.08441490,0,0,0,0,0
545,113333,0.12288879,-0.91449255,0.37953761,0.14561693,-0.06472338,0.07017257,0,0,0,0,0
546,113541,0.12466268,-0.90669821,0.32015794,0.24887086,-0.10328602,0.05476408,0,0,0,0,0
547,113750,0.13308012,-0.89107778,0.25600368,0.35008749,-0.09060018,0.05606072,0,0,0,0,0
548,113958,0.14724091,-0.88310502,0.20645799,0.45245571,-0.08667943,0.07517570,0,0,0,0,0
549,114166,0.15644515,-0.85969327,0.13703672,0.53813018,-0.09371525,0.06932484,0,0,0,0,0
550,114375,0.16429672,-0.83116333,0.06980454,0.61937828,-0.08361703,0.04601644,0,0,0,0,0
551,114583,0.16242514,-0.81281122,0.03249914,0.70362632,-0.08578009,0.04041164,0,0,0,0,0
552,114791,0.17424855,-0.77986229,-0.03488966,0.80318490,-0.09376197,0.04413984,0,0,0,0,0
553,115000,0.18923368,-0.73992952,-0.10085230,0.88122033,-0.09376516,0.04666372,0,0,0,0,0
554,115208,0.19125755,-0.70478940,-0.15326683,0.95205770,-0.08704145,0.01523071,0,0,0,0,0
555,115416,0.19417067,-0.68118237,-0.20330615,1.03550125,-0.08669581,0.02265814,0,0,0,0,0
556,115625,0.19642697,-0.63395207,-0.26257760,1.10255272,-0.09119749,0.02614987,0,0,0,0,0
557,115833,0.19319224,-0.59242493,-0.32349719,1.17540137,-0.09894969,0.01466310,0,0,0,0,0
558,116041,0.19343905,-0.53458568,-0.37803088,1.22570714,-0.09204294,0.00051333,0,0,0,0,0
559,116250,0.19390829,-0.47409221,-0.43157737,1.28289388,-0.06220445,0.01195322,0,0,0,0,0
560,116458,0.19161997,-0.42360057,-0.48295784,1.32221659,-0.08576510,0.01013819,0,0,0,0,0
561,116666,0.19664470,-0.36988769,-0.54028272,1.36691387,-0.08336591,-0.01036060,0,0,0,0,0
562,116875,0.20003736,-0.31436140,-0.58287497,1.40740228,-0.07697050,-0.00805096,0,0,0,0,0
563,117083,0.20041899,-0.26255217,-0.62742723,1.45736713,-0.06616301,-0.02197799,0,0,0,0,0
564,117291,0.18898513,-0.19910767,-0.67514463,1.47769205,-0.05777472,-0.01633202,0,0,0,0,0
565,117500,0.18504255,-0.14726797,-0.70286851,1.49531481,-0.07430103,-0.02744712,0,0,0,0,0
566,117708,0.17657700,-0.07949448,-0.75047865,1.49711835,-0.05858636,-0.04005190,0,0,0,0,0
567,117916,0.17996730,-0.02678485,-0.78163276,1.52441668,-0.05329437,-0.04136721,0,0,0,0,0
568,118125,0.17172784,0.04258224,-0.81421573,1.50000476,-0.03612658,-0.06081929,0,0,0,0,0
569,118333,0.15560497,0.10115130,-0.83823925,1.50412603,-0.06329417,-0.05385438,0,0,0,0,0
570,118541,0.14799914,0.16158273,-0.86634620,1.48700911,-0.02377147,-0.05308564,0,0,0,0,0
571,118750,0.14935263,0.21423321,-0.88383269,1.47095448,-0.03092711,-0.07388650,0,0,0,0,0
572,118958,0.13890429,0.26729828,-0.89579711,1.44348152,-0.03013805,-0.08346265,0,0,0,0,0
573,119166,0.12246201,0.32760693,-0.91736457,1.42051747,-0.01648620,-0.07342640,0,0,0,0,0
574,119375,0.10881705,0.38683738,-0.91023367,1.38079116,-0.00698981,-0.05491474,0,0,0,0,0
575,119583,0.10909768,0.43933291,-0.91434968,1.34312674,0.00030965,-0.07341059,0,0,0,0,0
576,119791,0.09164005,0.50137585,-0.92295934,1.27861298,0.01616862,-0.07374275,0,0,0,0,0
577,120000,0.07946845,0.53521385,-0.91886147,1.22340875,0.01207769,-0.08339988,0,0,0,0,0
578,120208,0.07318900,0.59288215,-0.90756403,1.16168471,0.00575437,-0.08641779,0,0,0,0,0
579,120416,0.05723772,0.62614664,-0.89678382,1.08608171,0.02022711,-0.08851536,0,0,0,0,0
580,120625,0.04854693,0.67051912,-0.88174367,1.01672822,0.03997463,-0.07845979,0,0,0,0,0
581,120833,0.03212712,0.71019398,-0.86639515,0.97595682,0.03461381,-0.09758567,0,0,0,0,0
582,121041,0.02344904,0.74600366,-0.83753842,0.85782395,0.04202002,-0.08312583,0,0,0,0,0
583,121250,0.00353441,0.78306972,-0.80834741,0.79501189,0.04495376,-0.09502031,0,0,0,0,0
584,121458,-0.00348278,0.81375568,-0.78304552,0.72291202,0.05546306,-0.08553728,0,0,0,0,0
585,121666,-0.02201539,0.83644012,-0.74961981,0.62077983,0.05023452,-0.10210270,0,0,0,0,0
586,121875,-0.03076589,0.86106547,-0.71362406,0.52102986,0.05828533,-0.10573165,0,0,0,0,0
587,122083,-0.03919400,0.88248793,-0.66259052,0.42414565,0.05535561,-0.11036812,0,0,0,0,0
588,122291,-0.05451643,0.89421670,-0.62354065,0.33763823,0.08517156,-0.10305899,0,0,0,0,0
589,122500,-0.07410606,0.90630487,-0.57647238,0.23504615,0.07075399,-0.08444964,0,0,0,0,0
590,122708,-0.08492020,0.91477002,-0.53231693,0.12425084,0.06901959,-0.09199770,0,0,0,0,0
591,122916,-0.10422576,0.91364099,-0.48460688,0.05221278,0.09101176,-0.07264898,0,0,0,0,0
592,123125,-0.10914417,0.91730443,-0.42526016,-0.05810438,0.07124398,-0.07947314,0,0,0,0,0
593,123333,-0.11380852,0.92360184,-0.37422571,-0.15001191,0.08430191,-0.08502657,0,0,0,0,0
594,123541,-0.12569370,0.91330631,-0.32153102,-0.25965024,0.08647481,-0.07000563,0,0,0,0,0
595,123750,-0.13498611,0.89863492,-0.25618735,-0.35374219,0.07817555,-0.07198116,0,0,0,0,0
596,123958,-0.16271567,0.88138966,-0.20628023,-0.43522566,0.07254103,-0.05886553,0,0,0,0,0
597,124166,-0.15319768,0.86288528,-0.14734020,-0.54896258,0.08230368,-0.06032767,0,0,0,0,0
598,124375,-0.16448310,0.83686855,-0.08397747,-0.63646309,0.09124263,-0.05143183,0,0,0,0,0
599,124583,-0.16512652,0.81429458,-0.01857289,-0.72342847,0.07609346,-0.05630283,0,0,0,0,0
600,124791,-0.17571695,0.78964289,0.02832936,-0.78973921,0.10483713,-0.05099345,0,0,0,0,0
601,125000,-0.18972674,0.75249816,0.09090820,-0.87924280,0.10398415,-0.01866250,0,0,0,0,0
602,125208,-0.18764007,0.70757136,0.15201853,-0.96697611,0.07274783,-0.03131274,0,0,0,0,0
603,125416,-0.18513110,0.67283999,0.20583785,-1.02791542,0.09568084,-0.01916981,0,0,0,0,0
604,125624,-0.19277260,0.62970683,0.25703270,-1.12215624,0.09246102,-0.00118250,0,0,0,0,0
605,125833,-0.20355038,0.59073927,0.32072239,-1.16813254,0.10830760,-0.01485218,0,0,0,0,0
606,126041,-0.19807595,0.54181414,0.38157728,-1.21153465,0.09210701,-0.00330629,0,0,0,0,0
607,126250,-0.19378254,0.48866008,0.43248447,-1.28774944,0.07076160,-0.00620206,0,0,0,0,0
608,126458,-0.20088378,0.42854958,0.48349289,-1.34230373,0.07672840,0.00601158,0,0,0,0,0
609,126666,-0.20399605,0.38423852,0.52866255,-1.38118133,0.05869536,0.02029297,0,0,0,0,0
610,126874,-0.19275490,0.31905857,0.58336421,-1.41403275,0.06535889,0.02050092,0,0,0,0,0
611,127083,-0.19160820,0.26672727,0.62486549,-1.44925610,0.06421456,0.02026208,0,0,0,0,0
612,127291,-0.19161560,0.19786345,0.68271856,-1.46453911,0.06129831,0.02055222,0,0,0,0,0
613,127500,-0.19248399,0.14766514,0.70107702,-1.49374925,0.05373668,0.03471110,0,0,0,0,0
614,127708,-0.18877762,0.08822183,0.74586804,-1.51408991,0.05588250,0.02632609,0,0,0,0,0
615,127916,-0.16892946,0.01474691,0.77951202,-1.50063222,0.05379625,0.04410499,0,0,0,0,0
616,128124,-0.17047903,-0.03265526,0.81384118,-1.51089017,0.04720639,0.03763853,0,0,0,0,0
617,128333,-0.16386035,-0.09215444,0.83711203,-1.52993969,0.04826098,0.05031457,0,0,0,0,0
618,128541,-0.14318827,-0.15696660,0.86860677,-1.47664584,0.02507605,0.03889630,0,0,0,0,0
619,128750,-0.14469110,-0.22055299,0.89401129,-1.46756398,0.02338176,0.05142448,0,0,0,0,0
620,128958,-0.13320420,-0.27203489,0.90526567,-1.45196419,0.01989529,0.06316251,0,0,0,0,0
621,129166,-0.12815739,-0.33007487,0.90891624,-1.40156961,0.01906517,0.07034388,0,0,0,0,0
622,129374,-0.11806887,-0.38822511,0.91988199,-1.37171820,-0.00768809,0.07791340,0,0,0,0,0
623,129583,-0.10038244,-0.44051065,0.92566456,-1.32470234,-0.00457896,0.08248001,0,0,0,0,0
624,129791,-0.08704539,-0.49251507,0.91869700,-1.28031269,0.00678843,0.09463858,0,0,0,0,0
625,130000,-0.07937560,-0.53891732,0.91244980,-1.22857726,-0.01706268,0.08688278,1,0,1,0,0
626,130208,-0.07071728,-0.58586477,0.91505803,-1.15786937,-0.01368242,0.06864022,1,0,1,0,0
627,130416,-0.05190862,-0.62533511,0.89962371,-1.10974472,-0.01790756,0.08284684,1,0,1,0,0
628,130624,-0.04339158,-0.68205989,0.88965379,-1.02799405,-0.05145008,0.09863036,1,0,1,0,0
629,130833,-0.03657125,-0.71639672,0.86276969,-0.95107208,-0.02020022,0.09336073,1,0,1,0,0
630,131041,-0.02132801,-0.74670586,0.84194662,-0.88298184,-0.03689410,0.12479582,1,0,1,0,0
631,131250,-0.01198902,-0.78628648,0.79708985,-0.76944275,-0.04672120,0.09043002,1,0,1,0,0
632,131458,0.00218384,-0.81119536,0.77994427,-0.69881299,-0.07570019,0.11287229,1,0,1,0,0
633,131666,0.01791883,-0.84487271,0.74254675,-0.62465522,-0.05047570,0.09354406,1,0,1,0,0
634,131875,0.03729720,-0.85878733,0.71189724,-0.53166423,-0.05724033,0.09321844,1,0,1,0,0
635,132083,0.04634775,-0.87622045,0.66157736,-0.43677959,-0.05783068,0.08112410,1,0,1,0,0
636,132291,0.05857913,-0.88878173,0.62826900,-0.35529299,-0.06654210,0.10037565,1,0,1,0,0
637,132500,0.06773786,-0.90732391,0.58391276,-0.22279452,-0.06838859,0.07314062,1,0,1,0,0
638,132708,0.07773625,-0.91423699,0.52319943,-0.14583999,-0.06202955,0.08652913,1,0,1,0,0
639,132916,0.08688173,-0.90839754,0.48021594,-0.06586416,-0.08637527,0.07179278,1,0,1,0,0
640,133125,0.10378412,-0.92212324,0.42873730,0.05295280,-0.09627705,0.06854668,1,0,1,0,0
641,133333,0.10733889,-0.91053606,0.37227638,0.17826276,-0.08414431,0.08201743,1,0,1,0,0
642,133541,0.12244713,-0.90697849,0.32188543,0.24555969,-0.09117040,0.06446787,1,0,1,0,0
643,133750,0.13309874,-0.89744038,0.25578806,0.35522816,-0.08875230,0.05451489,1,0,1,0,0
644,133958,0.13957141,-0.88579504,0.19762316,0.44521764,-0.07709849,0.04982595,1,0,1,0,0
645,134166,0.16937990,-0.86140785,0.14203008,0.53781602,-0.07731104,0.07922954,1,0,1,0,0
646,134375,0.15619481,-0.83508833,0.08535519,0.62881480,-0.08229367,0.04403577,1,0,1,0,0
647,134583,0.17826474,-0.81103992,0.02301505,0.70541042,-0.09189621,0.05631294,1,0,1,0,0
648,134791,0.17795032,-0.78872968,-0.04248754,0.81487336,-0.10217382,0.04626794,1,0,1,0,0
649,135000,0.18470346,-0.75131358,-0.09719503,0.89659400,-0.09666335,0.04613622,1,0,1,0,0
650,135208,0.19279061,-0.70806518,-0.15984381,0.97396289,-0.09044212,0.02104455,1,0,1,0,0
651,135416,0.19027621,-0.67374500,-0.20740190,1.03108996,-0.10108276,0.02022593,1,0,1,0,0
652,135625,0.20604330,-0.63487243,-0.26241055,1.09721221,-0.08031812,0.01410107,1,0,1,0,0
653,135833,0.19421858,-0.59220236,-0.32663349,1.18402814,-0.08035129,0.00717579,1,0,1,0,0
654,136041,0.19938647,-0.53462146,-0.36937479,1.23379911,-0.07371739,0.02112564,1,0,1,0,0
655,136250,0.20414737,-0.48321969,-0.43176458,1.27676440,-0.08484731,0.01352946,1,0,1,0,0
656,136458,0.19982953,-0.42761074,-0.48655619,1.34264852,-0.07155025,-0.00642487,1,0,1,0,0
657,136666,0.20053224,-0.37522726,-0.53758659,1.38352767,-0.06051576,-0.01244799,1,0,1,0,0
658,136875,0.20124368,-0.32252429,-0.58489038,1.43143353,-0.06116874,-0.01290072,1,0,1,0,0
659,137083,0.19418773,-0.26029384,-0.63381146,1.43576552,-0.07193945,-0.02362805,1,0,1,0,0
660,137291,0.19368087,-0.19371151,-0.66980919,1.46346360,-0.05553799,-0.03831657,1,0,1,0,0
661,137500,0.18265951,-0.14291985,-0.71490322,1.50275460,-0.06032453,-0.01924566,1,0,1,0,0
662,137708,0.17944232,-0.07669328,-0.74359797,1.49207041,-0.05839971,-0.03988086,1,0,1,0,0
663,137916,0.17360634,-0.01368945,-0.78671110,1.50427355,-0.03713820,-0.03161394,1,0,1,0,0
664,138125,0.18378211,0.03600902,-0.81328177,1.49845194,-0.04668110,-0.06021854,1,0,1,0,0
665,138333,0.15742309,0.10495818,-0.83877072,1.48110791,-0.02237325,-0.05712036,1,0,1,0,0
666,138541,0.15774678,0.15555530,-0.86534251,1.49229016,-0.03342051,-0.05672139,1,0,1,0,0
667,138750,0.14705868,0.21376716,-0.88441487,1.46922762,-0.04014241,-0.05640334,1,0,1,0,0
668,138958,0.13379752,0.27252194,-0.90805820,1.43671589,-0.01926372,-0.08751794,1,0,1,0,0
669,139166,0.13383396,0.33915642,-0.91050508,1.42669486,-0.01500247,-0.08449349,1,0,1,0,0
670,139375,0.12052670,0.38595580,-0.91286922,1.38523346,-0.00604136,-0.07575597,1,0,1,0,0
671,139583,0.10696633,0.43520416,-0.91822002,1.32904043,-0.00532001,-0.08673893,1,0,1,0,0
672,139791,0.09249003,0.49207308,-0.92105077,1.27290132,0.01120341,-0.07378313,1,0,1,0,0
673,140000,0.07128337,0.54567456,-0.91750191,1.24214304,0.02028931,-0.08883240,1,0,1,1,0
674,140208,0.07036179,0.57430785,-0.91046877,1.15606710,0.00991415,-0.08486055,1,0,1,1,0
675,140416,0.05607094,0.63207359,-0.89158587,1.10527678,0.01975718,-0.09682791,1,0,1,1,0
676,140625,0.04613450,0.67968283,-0.89355223,1.02476125,0.01873998,-0.10370865,1,0,1,1,0
677,140833,0.03373940,0.70260030,-0.86653901,0.92865108,0.03334660,-0.09547726,1,0,1,1,0
678,141041,0.02194999,0.74010217,-0.83486917,0.85476967,0.03987878,-0.09018281,1,0,1,1,0
679,141250,0.00408171,0.77993967,-0.80991030,0.78005780,0.05918832,-0.08326579,1,0,1,1,0
680,141458,-0.01040390,0.80629646,-0.77754443,0.71161019,0.05333485,-0.08377042,1,0,1,1,0
681,141666,-0.02456630,0.84589903,-0.74481962,0.60897843,0.05666418,-0.10175923,1,0,1,1,0
682,141875,-0.03106637,0.87155871,-0.70702422,0.53086004,0.06869301,-0.07957777,1,0,1,1,0
683,142083,-0.03942880,0.88387878,-0.67588831,0.42125224,0.05941437,-0.09727948,1,0,1,1,0
684,142291,-0.05840611,0.90739755,-0.63896744,0.33521019,0.07465189,-0.08354340,1,0,1,1,0
685,142500,-0.06810764,0.90861406,-0.57456803,0.25070320,0.07038158,-0.07480559,1,0,1,1,0
686,142708,-0.07788862,0.92704625,-0.53768354,0.12968528,0.07364103,-0.07795835,1,0,1,1,0
687,142916,-0.09252339,0.91786649,-0.47961977,0.05153343,0.06839022,-0.10284591,1,0,1,1,0
688,143125,-0.10979402,0.92292391,-0.42241212,-0.03410228,0.08110634,-0.07209821,1,0,1,1,0
689,143333,-0.11261965,0.90734674,-0.37577494,-0.16215573,0.07689141,-0.06096666,1,0,1,1,0
690,143541,-0.12656527,0.91156012,-0.31384795,-0.24880333,0.08767262,-0.08717936,1,0,1,1,0
691,143750,-0.14179320,0.90187885,-0.26413895,-0.34659831,0.07797884,-0.05461510,1,0,1,1,0
692,143958,-0.16029331,0.88147167,-0.19580963,-0.42840178,0.07928088,-0.04966338,1,0,1,1,0
693,144166,-0.15632628,0.86004389,-0.14008136,-0.55096946,0.09133395,-0.06432953,1,0,1,1,0
694,144375,-0.16596969,0.83597138,-0.07390015,-0.62778501,0.09991708,-0.05495802,1,0,1,1,0
695,144583,-0.17177299,0.81788769,-0.02643951,-0.72153397,0.09042644,-0.04137606,1,0,1,1,0
696,144791,-0.17856082,0.78697329,0.02555944,-0.80743006,0.08437630,-0.06814943,1,0,1,1,0
697,145000,-0.18088951,0.74589702,0.09364763,-0.87300808,0.08871170,-0.03438859,1,0,1,1,0
698,145208,-0.18965003,0.71806400,0.16086988,-0.95749623,0.09362508,-0.01957680,1,0,1,1,0
699,145416,-0.18706295,0.65761917,0.21387512,-1.04043214,0.09813264,-0.01565395,1,0,1,1,0
700,145625,-0.19344452,0.62504905,0.26621266,-1.10024348,0.08412661,-0.02106386,1,0,1,1,0
701,145833,-0.19557546,0.58377992,0.33198390,-1.16866669,0.09952317,-0.01895847,1,0,1,1,0
702,146041,-0.19392246,0.52662786,0.37425015,-1.23168133,0.07884728,-0.02738720,1,0,1,1,0
703,146250,-0.20360800,0.48201839,0.42599371,-1.29720860,0.08200446,0.01484941,1,0,1,1,0
704,146458,-0.19110853,0.42027419,0.47868811,-1.33187862,0.05615437,-0.00594358,1,0,1,1,0
705,146666,-0.19397460,0.37037572,0.53559790,-1.37631058,0.07228571,0.00621459,1,0,1,1,0
706,146875,-0.20260609,0.31348436,0.58970157,-1.43132015,0.06663156,0.01119963,1,0,1,1,0
707,147083,-0.18841626,0.26238645,0.62664435,-1.44547702,0.06422449,0.02202334,1,0,1,1,0
708,147291,-0.19012795,0.20091138,0.67082116,-1.46924227,0.05752543,0.02263273,1,0,1,1,0
709,147500,-0.19128403,0.15121181,0.71096371,-1.49557222,0.06010493,0.02870627,1,0,1,1,0
710,147708,-0.17894419,0.08340165,0.73310453,-1.49772152,0.03864321,0.05219800,1,0,1,1,0
711,147916,-0.17419552,0.02610080,0.78672327,-1.51119321,0.04369398,0.04399118,1,0,1,1,0
712,148125,-0.17096950,-0.03917956,0.81441633,-1.51063598,0.02933735,0.04866423,1,0,1,1,0
713,148333,-0.16710719,-0.09862927,0.84675710,-1.49766338,0.04042740,0.05454165,1,0,1,1,0
714,148541,-0.15172366,-0.15997629,0.86812195,-1.50010636,0.02961093,0.05379337,1,0,1,1,0
715,148750,-0.14321012,-0.21325802,0.87909989,-1.47305559,0.02048294,0.05833410,1,0,1,1,0
716,148958,-0.13899305,-0.28547513,0.90052317,-1.43879367,0.01280408,0.04422277,1,0,1,1,0
717,149166,-0.12872304,-0.32820276,0.91475155,-1.40911465,0.01299895,0.06910912,1,0,1,1,0
718,149375,-0.11216486,-0.38818981,0.91698075,-1.38298162,0.00704618,0.07527722,1,0,1,1,0
719,149583,-0.09957612,-0.43742186,0.91634563,-1.33678634,0.02221990,0.09967982,1,0,1,1,0
720,149791,-0.09503930,-0.48518082,0.91871139,-1.28715956,0.00011318,0.09255551,1,0,1,1,0
721,150000,-0.07912710,-0.53684598,0.91860287,-1.21796970,-0.00090518,0.07845725,1,0,1,1,0
722,150208,-0.06952658,-0.57797067,0.91130007,-1.14260026,0.00044103,0.09475219,1,0,1,1,0
723,150416,-0.06154076,-0.62115947,0.89057493,-1.10979534,-0.03057239,0.08602848,1,0,1,1,0
724,150625,-0.04556026,-0.66582621,0.87929935,-1.01508878,-0.02873518,0.09642768,1,0,1,1,0
725,150833,-0.03357926,-0.71057770,0.86386825,-0.95786835,-0.02435888,0.08248772,1,0,1,1,0
726,151041,-0.01497276,-0.74660877,0.83363190,-0.86851732,-0.03979933,0.11231143,1,0,1,1,0
727,151250,-0.00177482,-0.78527030,0.80488242,-0.78318821,-0.03743004,0.09031250,1,0,1,1,0
728,151458,0.00407203,-0.80922873,0.78124892,-0.68873982,-0.06176508,0.09371953,1,0,1,1,0
729,151666,0.02998192,-0.84019134,0.74879654,-0.62588639,-0.03819074,0.06258157,1,0,1,1,0
730,151875,0.02281123,-0.85936750,0.70735039,-0.52019901,-0.05641985,0.06601094,1,0,1,1,0
731,152083,0.05010047,-0.88617807,0.67134374,-0.43649263,-0.07455329,0.08742424,1,0,1,1,0
732,152291,0.06671934,-0.89287725,0.62094679,-0.34506816,-0.05996657,0.07757231,1,0,1,1,0
733,152500,0.06563696,-0.90576249,0.58406728,-0.25022595,-0.05139267,0.07732236,1,0,1,1,0
734,152708,0.08072113,-0.90971652,0.52799651,-0.14705193,-0.08491125,0.09166827,1,0,1,1,0
735,152916,0.08159666,-0.91739473,0.48200589,-0.05725364,-0.07067804,0.07339086,1,0,1,1,0
736,153125,0.10754581,-0.91524579,0.43425213,0.03759691,-0.09884785,0.05459807,1,0,1,1,0
737,153333,0.11681970,-0.92351140,0.36454762,0.15243171,-0.10345515,0.07058167,1,0,1,1,0
738,153541,0.14135893,-0.90272049,0.32149567,0.25213935,-0.09003314,0.05706224,1,0,1,1,0
739,153750,0.14170295,-0.89521982,0.26412649,0.35109161,-0.09762224,0.05878794,1,0,1,1,0
740,153958,0.14356717,-0.89023915,0.18787684,0.42766129,-0.07488731,0.05125587,1,0,1,1,0
741,154166,0.15512572,-0.85608337,0.14062546,0.53684044,-0.06307569,0.07392647,1,0,1,1,0
742,154375,0.15705866,-0.83677450,0.08632514,0.61894956,-0.09270183,0.04709202,1,0,1,1,0
743,154583,0.16648889,-0.81703567,0.02999994,0.72633202,-0.09570797,0.05830334,1,0,1,1,0
744,154791,0.18119727,-0.78784663,-0.02766174,0.78583428,-0.08162342,0.04426075,1,0,1,1,0
745,155000,0.18785190,-0.75278963,-0.09423317,0.90141928,-0.09020207,0.04819250,1,0,1,1,0
746,155208,0.18520994,-0.71241601,-0.15246649,0.96286169,-0.09361086,0.03874786,1,0,1,1,0
747,155416,0.19574587,-0.66814270,-0.21391754,1.01975368,-0.09536202,0.02611581,1,0,1,1,0
748,155625,0.20221925,-0.63535067,-0.26442909,1.10603117,-0.08580283,0.01984744,1,0,1,1,0
749,155833,0.20250179,-0.58795091,-0.31902378,1.18215853,-0.08587714,0.00685358,1,0,1,1,0
750,156041,0.21065531,-0.53557627,-0.38953793,1.22567040,-0.06684505,0.00944668,1,0,1,1,0
751,156250,0.20392637,-0.48081636,-0.43262971,1.28118951,-0.08283578,-0.00709049,1,0,1,1,0
752,156458,0.20292877,-0.42482824,-0.48525741,1.34009642,-0.08167444,-0.01484692,1,0,1,1,0
753,156666,0.19963240,-0.36826545,-0.53229278,1.39024453,-0.05174761,-0.00697816,1,0,1,1,0
754,156875,0.19714254,-0.31158419,-0.57817921,1.43137777,-0.06958743,-0.00651522,1,0,1,1,0
755,157083,0.19277176,-0.25748056,-0.62034563,1.45271493,-0.07235062,-0.02399854,1,0,1,1,0
756,157291,0.19351709,-0.20080157,-0.67254203,1.48156419,-0.08211685,-0.03544282,1,0,1,1,0
757,157500,0.18524998,-0.14412302,-0.71235632,1.50164930,-0.06470176,-0.04716951,1,0,1,1,0
758,157708,0.19845807,-0.08177879,-0.75029380,1.50926348,-0.04337186,-0.04374974,1,0,1,1,0
759,157916,0.17727374,-0.01846877,-0.78787346,1.50093732,-0.04309613,-0.02926867,1,0,1,1,0
760,158125,0.16439820,0.04682410,-0.81006381,1.51271488,-0.04874648,-0.06154588,1,0,1,1,0
761,158333,0.16334936,0.10306358,-0.83382421,1.50087089,-0.05459975,-0.03604951,1,0,1,1,0
762,158541,0.14832636,0.16401066,-0.86970588,1.47437433,-0.03524237,-0.05859288,1,0,1,1,0
763,158750,0.14957897,0.22421734,-0.88706402,1.46138756,-0.01987629,-0.06526973,1,0,1,1,0
764,158958,0.13919160,0.27591340,-0.90437080,1.44403585,-0.01978271,-0.07944353,1,0,1,1,0
765,159166,0.12907386,0.32764897,-0.91631057,1.41816574,-0.00759794,-0.06725985,1,0,1,1,0
766,159375,0.11139550,0.39016079,-0.92100091,1.37055293,-0.01125629,-0.07665463,1,0,1,1,0
767,159583,0.09907920,0.43950711,-0.92085949,1.32905967,-0.00720887,-0.06618361,1,0,1,1,0
768,159791,0.09996561,0.48978805,-0.92033410,1.28145396,0.01041573,-0.09527686,1,0,1,1,0
769,160000,0.08465293,0.53410259,-0.91841920,1.21615199,0.00204798,-0.08786842,1,0,1,1,0
770,160208,0.06842749,0.58217745,-0.90837682,1.15787190,0.02165994,-0.08147661,1,0,1,1,0
771,160416,0.05964376,0.63109096,-0.89457123,1.10508684,0.01341617,-0.08534171,1,0,1,1,0
772,160625,0.03615765,0.66987789,-0.88487552,1.03242700,0.02432240,-0.08198647,1,0,1,1,0
773,160833,0.03363516,0.70604948,-0.85516744,0.95764871,0.05107549,-0.09778755,1,0,1,1,0
774,161041,0.01879191,0.74625394,-0.83970502,0.89685066,0.05194736,-0.09525281,1,0,1,1,0
775,161250,0.00510035,0.76971843,-0.81297017,0.77585239,0.06124363,-0.07944843,1,0,1,1,0
776,161458,-0.01220798,0.82002594,-0.78254813,0.71058369,0.04587210,-0.07995841,1,0,1,1,0
777,161666,-0.01424919,0.83599184,-0.74844751,0.61690487,0.06033658,-0.08193445,1,0,1,1,0
778,161875,-0.02238927,0.85159625,-0.70257466,0.53210158,0.06653902,-0.08728504,1,0,1,1,0
779,162083,-0.04391503,0.88186464,-0.66385413,0.43035960,0.06547620,-0.09360101,1,0,1,1,0
780,162291,-0.05959922,0.90047889,-0.63200450,0.35428534,0.05725548,-0.08282623,1,0,1,1,0
781,162500,-0.07067676,0.90600210,-0.58726291,0.23894367,0.06140228,-0.07897159,1,0,1,1,0
782,162708,-0.09370075,0.91740945,-0.53198974,0.14189731,0.06066770,-0.07868853,1,0,1,1,0
783,162916,-0.08861191,0.92023027,-0.47101775,0.04084418,0.05813817,-0.08316056,1,0,1,1,0
784,163125,-0.11471521,0.91131757,-0.42423549,-0.05442602,0.08734936,-0.06417090,1,0,1,1,0
785,163333,-0.11269216,0.91184679,-0.38427095,-0.16772272,0.07979895,-0.07398569,1,0,1,1,0
786,163541,-0.12398370,0.91154638,-0.31325235,-0.25465529,0.08589328,-0.08045941,1,0,1,1,0
787,163750,-0.13284433,0.89101475,-0.25947516,-0.34925963,0.09116478,-0.06502096,1,0,1,1,0
788,163958,-0.14504370,0.87905891,-0.19494154,-0.44898283,0.07857570,-0.06542970,1,0,1,1,0
789,164166,-0.14554478,0.86958962,-0.13913539,-0.54497031,0.09863961,-0.04927519,1,0,1,1,0
790,164375,-0.16271061,0.84398837,-0.08283842,-0.62967212,0.09653213,-0.05770126,1,0,1,1,0
791,164583,-0.17125927,0.80516960,-0.01836271,-0.71356057,0.09267946,-0.04829904,1,0,1,1,0
792,164791,-0.17936619,0.78162193,0.03696212,-0.81764800,0.07661188,-0.04859163,1,0,1,1,0
793,165000,-0.18204443,0.74703869,0.09897642,-0.89082688,0.10346597,-0.04133993,1,0,1,1,0
794,165208,-0.19302164,0.71588032,0.15415287,-0.95223338,0.11352683,-0.03520098,1,0,1,1,0
795,165416,-0.19442059,0.67108375,0.21629773,-1.04480524,0.08141930,-0.00897642,1,0,1,1,0
796,165625,-0.18892512,0.62895519,0.28053651,-1.09777570,0.09903432,-0.00929081,1,0,1,1,0
797,165833,-0.18939336,0.57966946,0.32375953,-1.17006863,0.08757800,0.00235402,1,0,1,1,0
798,166041,-0.19875762,0.53458020,0.37417090,-1.24495594,0.09058070,-0.00523078,1,0,1,1,0
799,166250,-0.19512695,0.48168904,0.43642872,-1.28333256,0.08907816,-0.00756235,1,0,1,1,0
800,166458,-0.19910190,0.41993482,0.48705538,-1.33719841,0.07701678,-0.01434023,1,0,1,1,0
801,166666,-0.20006258,0.36814372,0.52578250,-1.37989585,0.07909403,-0.00816016,1,0,1,1,0
802,166875,-0.19920730,0.31350927,0.58153201,-1.41676226,0.04012251,0.01936835,1,0,1,1,0
803,167083,-0.19404937,0.26491971,0.62794764,-1.42777607,0.06526858,0.02463693,1,0,1,1,0
804,167291,-0.19419165,0.19219346,0.67492502,-1.47147344,0.07826613,0.02197111,1,0,1,1,0
805,167500,-0.18375931,0.13505870,0.71258526,-1.48993564,0.05849767,0.02169299,1,0,1,1,0
806,167708,-0.17904590,0.08765702,0.75152364,-1.50387031,0.07366648,0.03782730,1,0,1,1,0
807,167916,-0.18330197,0.01992716,0.78410913,-1.51253698,0.03731393,0.04862728,1,0,1,1,0
808,168125,-0.17043169,-0.04390904,0.80819443,-1.49656235,0.03215870,0.04686439,1,0,1,1,0
809,168333,-0.16600793,-0.10616431,0.84266108,-1.51162713,0.04727901,0.04413307,1,0,1,1,0
810,168541,-0.15278199,-0.15460917,0.87167438,-1.47540256,0.02919038,0.05331220,1,0,1,1,0
811,168750,-0.14412536,-0.22152133,0.88670818,-1.46857187,0.02408820,0.03708888,1,0,1,1,0
812,168958,-0.13963854,-0.27121258,0.89609515,-1.43113183,0.02815854,0.07515604,1,0,1,1,0
813,169166,-0.12757469,-0.32625635,0.91176798,-1.42189091,0.00007601,0.06067695,1,0,1,1,0
814,169375,-0.11310751,-0.38917398,0.91733549,-1.37875736,0.01046301,0.07407715,1,0,1,1,0
815,169583,-0.10253273,-0.42838529,0.91746266,-1.34076581,-0.00480899,0.08598508,1,0,1,1,0
816,169791,-0.09273906,-0.48741005,0.93423979,-1.26831364,-0.01579099,0.09111426,1,0,1,1,0
817,170000,-0.08686475,-0.53404283,0.91917160,-1.22642478,0.00061227,0.10149824,1,0,1,1,0
818,170208,-0.06918555,-0.59405196,0.91004358,-1.16844647,-0.00793417,0.08646189,1,0,1,1,0
819,170416,-0.06317979,-0.62935131,0.90708521,-1.09512544,-0.00470820,0.08263425,1,0,1,1,0
820,170625,-0.04238270,-0.66986067,0.87700792,-0.99867683,-0.02590717,0.07190451,1,0,1,1,0
821,170833,-0.03322394,-0.70563214,0.86356394,-0.96677544,-0.01970148,0.09086412,1,0,1,1,0
822,171041,-0.02625873,-0.74593997,0.83752218,-0.87766693,-0.02009925,0.09329218,1,0,1,1,0
823,171250,-0.00324560,-0.78002693,0.81200680,-0.78286093,-0.03777163,0.09828176,1,0,1,1,0
824,171458,0.01260912,-0.81178193,0.78109409,-0.70863383,-0.04967107,0.09156113,1,0,1,1,0
825,171666,0.00970933,-0.84243106,0.73737194,-0.61846558,-0.04124112,0.08825129,1,0,1,1,0
826,171875,0.03230109,-0.86375528,0.70942027,-0.51185229,-0.05375025,0.08489074,1,0,1,1,0
827,172083,0.05201115,-0.87708407,0.67199404,-0.41910867,-0.05093860,0.09383197,1,0,1,1,0
828,172291,0.05964358,-0.89779927,0.62422241,-0.33706664,-0.05997257,0.07672861,1,0,1,1,0
829,172500,0.06200427,-0.90787764,0.58494473,-0.23944516,-0.06458599,0.08842015,1,0,1,1,0
830,172708,0.09038151,-0.91781474,0.52595697,-0.14375912,-0.08048857,0.06779419,1,0,1,1,0
831,172916,0.09456359,-0.91328270,0.48951251,-0.05219313,-0.08355935,0.08108742,1,0,1,1,0
832,173125,0.10197045,-0.90985737,0.42391002,0.04877859,-0.08667943,0.10127369,1,0,1,1,0
833,173333,0.12654786,-0.92499312,0.38115160,0.16477231,-0.09833471,0.07631858,1,0,1,1,0
834,173541,0.12064536,-0.90652677,0.30730322,0.24468592,-0.09263536,0.06979904,1,0,1,1,0
835,173750,0.14095915,-0.90666992,0.25061906,0.34850129,-0.09860067,0.05514797,1,0,1,1,0
836,173958,0.14740585,-0.88191538,0.20633834,0.43612680,-0.08477251,0.05885620,1,0,1,1,0
837,174166,0.15559163,-0.86945869,0.13777817,0.54382186,-0.10378094,0.05131270,1,0,1,1,0
838,174375,0.16245041,-0.83864372,0.08266043,0.61736177,-0.08479526,0.04925451,1,0,1,1,0
839,174583,0.17266919,-0.81241178,0.02023890,0.72309873,-0.08813367,0.03231406,1,0,1,1,0
840,174791,0.18213326,-0.78028051,-0.03333541,0.80396798,-0.09386172,0.05097992,1,0,1,1,0
841,175000,0.18140670,-0.74490309,-0.09656054,0.89799357,-0.10211850,0.04429417,1,0,1,1,0
842,175208,0.19286282,-0.70955282,-0.14823338,0.96007383,-0.12346655,0.02944899,1,0,1,1,0
843,175416,0.19444238,-0.66945119,-0.21172813,1.03852745,-0.09955348,0.02284016,1,0,1,1,0
844,175625,0.19409928,-0.63155092,-0.26639486,1.08796565,-0.08262494,-0.00388942,1,0,1,1,0
845,175833,0.19354062,-0.58360347,-0.32818165,1.16462523,-0.08464232,0.00893147,1,0,1,1,0
846,176041,0.20105423,-0.53029154,-0.37291314,1.23398251,-0.07345679,0.01762325,1,0,1,1,0
847,176250,0.19853891,-0.47491508,-0.42186694,1.29324323,-0.08237334,-0.01360436,1,0,1,1,0
848,176458,0.19203805,-0.42974080,-0.48346586,1.33641618,-0.09439622,-0.00442451,1,0,1,1,0
849,176666,0.19762248,-0.38014702,-0.53155911,1.37121775,-0.07170479,-0.00125660,1,0,1,1,0
850,176875,0.19418624,-0.31671993,-0.57863695,1.41985227,-0.08627805,-0.02385678,1,0,1,1,0
851,177083,0.19433568,-0.26738449,-0.63187256,1.42597071,-0.07010890,-0.02882017,1,0,1,1,0
852,177291,0.19040064,-0.21329919,-0.67006612,1.47610729,-0.05782236,-0.02281748,1,0,1,1,0
853,177500,0.18942459,-0.14723477,-0.71227860,1.51707065,-0.06518990,-0.04506776,1,0,1,1,0
854,177708,0.18584801,-0.08021007,-0.76206510,1.51311833,-0.04108114,-0.03111770,1,0,1,1,0
855,177916,0.18014295,-0.01910189,-0.78347740,1.51546491,-0.04142099,-0.03293819,1,0,1,1,0
856,178125,0.16125565,0.03960420,-0.81794900,1.50558108,-0.05455780,-0.05791368,1,0,1,1,0
857,178333,0.15761130,0.10628643,-0.84535968,1.49742103,-0.04155464,-0.05647421,1,0,1,1,0
858,178541,0.15146202,0.15511690,-0.87128120,1.50245893,-0.02607506,-0.07658885,1,0,1,1,0
859,178750,0.14732073,0.21907747,-0.89245179,1.45932275,-0.04642750,-0.06343076,1,0,1,1,0
860,178958,0.13418881,0.27519695,-0.89716373,1.42346413,-0.02106716,-0.05706081,1,0,1,1,0
861,179166,0.12956746,0.32838859,-0.91020959,1.40364264,-0.03402324,-0.07775573,1,0,1,1,0
862,179375,0.12429136,0.38009071,-0.92139040,1.36934351,-0.02423851,-0.08309193,1,0,1,1,0
863,179583,0.10040464,0.43133423,-0.91398117,1.32420320,0.01466630,-0.09181745,1,0,1,1,0
864,179791,0.10034436,0.48642434,-0.92794811,1.27944925,-0.00942454,-0.09053403,1,0,1,1,0
865,180000,0.08248338,0.53954927,-0.91074911,1.22116934,0.00928598,-0.09208189,1,0,1,1,0
866,180208,0.06405081,0.57578264,-0.90419934,1.16117974,0.00850112,-0.07776424,1,0,1,1,0
867,180416,0.05692092,0.62662349,-0.89648360,1.06894746,0.02241968,-0.09381804,1,0,1,1,0
868,180625,0.04285104,0.66699061,-0.88429098,1.04159621,0.03098024,-0.08949284,1,0,1,1,0
869,180833,0.03405174,0.70562722,-0.85674733,0.94114343,0.03523037,-0.09858621,1,0,1,1,0
870,181041,0.02842148,0.74148638,-0.83174268,0.88039403,0.04937661,-0.09197989,1,0,1,1,0
871,181250,0.00589246,0.77814578,-0.80961868,0.78677829,0.04606025,-0.09314726,1,0,1,1,0
872,181458,-0.00275782,0.80255051,-0.77998487,0.71493278,0.05407015,-0.10203295,1,0,1,1,0
873,181666,-0.02416410,0.84709672,-0.73980274,0.60988846,0.06719839,-0.11198761,1,0,1,1,0
874,181875,-0.03297218,0.86416095,-0.70915107,0.51357469,0.05910759,-0.09362345,1,0,1,1,0
875,182083,-0.05520971,0.87670394,-0.67420556,0.43089862,0.05861875,-0.09474790,1,0,1,1,0
876,182291,-0.06250802,0.89564588,-0.62106507,0.32958784,0.07205283,-0.09777094,1,0,1,1,0
877,182500,-0.07499722,0.90791756,-0.58087402,0.26248636,0.07989958,-0.09489175,1,0,1,1,0
878,182708,-0.08521030,0.92511105,-0.53111103,0.15159004,0.07049563,-0.10395186,1,0,1,1,0
879,182916,-0.09600708,0.92080558,-0.48136402,0.04144598,0.08142280,-0.09333660,1,0,1,1,0
880,183125,-0.10063903,0.92810261,-0.42158893,-0.07440962,0.10004858,-0.06371789,1,0,1,1,0
881,183333,-0.11659732,0.92161197,-0.37589236,-0.16598740,0.08389266,-0.07213815,1,0,1,1,0
882,183541,-0.13337499,0.91114941,-0.31386140,-0.25544356,0.09006845,-0.07820663,1,0,1,1,0
883,183750,-0.14068939,0.89665630,-0.25653461,-0.36098706,0.08400975,-0.06212646,1,0,1,1,0
884,183958,-0.13603053,0.88228192,-0.19812702,-0.45091288,0.09067624,-0.07156957,1,0,1,1,0
885,184166,-0.14757999,0.86882166,-0.13560151,-0.53907611,0.09425156,-0.05798431,1,0,1,1,0
886,184375,-0.17062980,0.83375371,-0.08693970,-0.62348782,0.07827996,-0.05401658,1,0,1,1,0
887,184583,-0.17946426,0.81531816,-0.01683023,-0.71791491,0.09848021,-0.05213639,1,0,1,1,0
888,184791,-0.17819511,0.78468567,0.03118845,-0.78260961,0.09312072,-0.04144531,1,0,1,1,0
889,185000,-0.17480920,0.74833881,0.09888078,-0.88968810,0.08419431,-0.03226977,1,0,1,1,0
890,185208,-0.18034104,0.71480131,0.15408964,-0.97209358,0.11136927,-0.03672521,1,0,1,1,0
891,185416,-0.19647117,0.67087863,0.20925347,-1.03296393,0.09854615,-0.03940319,1,0,1,1,0
892,185625,-0.19404102,0.62733036,0.26793296,-1.10011594,0.09528664,-0.01605146,1,0,1,1,0
893,185833,-0.19670429,0.58635886,0.32513804,-1.16347465,0.08274138,0.00077384,1,0,1,1,0
894,186041,-0.20261300,0.53269167,0.37348051,-1.21358709,0.09382784,-0.02146171,1,0,1,1,0
895,186250,-0.20013770,0.48239367,0.43293411,-1.27780377,0.07740173,-0.00421562,1,0,1,1,0
896,186458,-0.19462874,0.42808109,0.48184506,-1.33509818,0.06984850,0.00633069,1,0,1,1,0
897,186666,-0.19587909,0.38034164,0.53560585,-1.36044564,0.07414661,0.01789972,1,0,1,1,0
898,186875,-0.19262328,0.31951608,0.58103112,-1.42399103,0.06318595,0.02051125,1,0,1,1,0
899,187083,-0.18284375,0.26115176,0.63018053,-1.45043519,0.07236720,0.00572112,1,0,1,1,0
900,187291,-0.19071465,0.19679419,0.67262559,-1.47908178,0.06966664,0.03658628,1,0,1,1,0
901,187500,-0.18714568,0.13252689,0.71305065,-1.49796571,0.03684061,0.02877088,1,0,1,1,0
902,187708,-0.18456186,0.07873051,0.75419540,-1.51574792,0.06303901,0.05716004,1,0,1,1,0
903,187916,-0.16382355,0.02084561,0.77996825,-1.50992383,0.04467923,0.04987229,1,0,1,1,0
904,188125,-0.16648981,-0.05005418,0.81804939,-1.50013819,0.02274424,0.06242106,1,0,1,1,0
905,188333,-0.15609857,-0.10367845,0.83677126,-1.50665817,0.05520082,0.01986670,1,0,1,1,0
906,188541,-0.15196185,-0.15054375,0.86426668,-1.49356068,0.03221552,0.05014277,1,0,1,1,0
907,188750,-0.14154247,-0.22534243,0.88438910,-1.48413025,0.02900759,0.07263310,1,0,1,1,0
908,188958,-0.12755623,-0.27803986,0.89696332,-1.43827318,0.00959532,0.05366910,1,0,1,1,0
909,189166,-0.12069400,-0.33422728,0.91083651,-1.41872945,0.01321406,0.07263242,1,0,1,1,0
910,189375,-0.11931056,-0.38174402,0.92131747,-1.38021175,-0.00371820,0.05567190,1,0,1,1,0
911,189583,-0.10215113,-0.43844130,0.92559891,-1.32736285,-0.00202389,0.07438385,1,0,1,1,0
912,189791,-0.08795608,-0.48817392,0.92232559,-1.28034538,0.01746183,0.08774783,1,0,1,1,0
913,190000,-0.08353664,-0.53844578,0.92650605,-1.22650432,-0.02090851,0.07459727,1,0,1,1,0
914,190208,-0.07355066,-0.58726198,0.90557435,-1.14559603,-0.00853427,0.07370386,1,0,1,1,0
915,190416,-0.06107796,-0.63299874,0.89786369,-1.09414354,-0.00250892,0.08573714,1,0,1,1,0
916,190625,-0.04698434,-0.67001188,0.88517813,-1.00703683,-0.02717882,0.08848182,1,0,1,1,0
917,190833,-0.03533833,-0.71251825,0.86156513,-0.95037271,-0.02089758,0.10546421,1,0,1,1,0
918,191041,-0.02381185,-0.74443019,0.83901737,-0.88159049,-0.04928336,0.09350698,1,0,1,1,0
919,191250,-0.00685744,-0.77933287,0.81659456,-0.79847629,-0.03307324,0.07861710,1,0,1,1,0
920,191458,0.00590305,-0.80884936,0.78158816,-0.71413265,-0.04634711,0.08904834,1,0,1,1,0
921,191666,0.01818683,-0.84260976,0.74668967,-0.60812999,-0.05963376,0.10999411,1,0,1,1,0
922,191875,0.02211089,-0.86052631,0.70623354,-0.50939500,-0.06881534,0.08973114,1,0,1,1,0
923,192083,0.05652494,-0.88696088,0.66302553,-0.43290950,-0.06430531,0.07199733,1,0,1,1,0
924,192291,0.06030766,-0.90080690,0.62601100,-0.34519770,-0.06790787,0.08270901,1,0,1,1,0
925,192500,0.06293954,-0.90965436,0.58132886,-0.24185127,-0.07836869,0.07259764,1,0,1,1,0
926,192708,0.08437741,-0.91359944,0.52801006,-0.12614908,-0.08515978,0.08485597,1,0,1,1,0
927,192916,0.09233722,-0.92010796,0.47892367,-0.04445834,-0.09355299,0.07249837,1,0,1,1,0
928,193125,0.10659714,-0.91664218,0.43033261,0.06766573,-0.07856180,0.07174099,1,0,1,1,0
929,193333,0.12054613,-0.91797525,0.37549820,0.16049424,-0.06645680,0.08182400,1,0,1,1,0
930,193541,0.12204871,-0.90047487,0.31569788,0.22668258,-0.09662067,0.08211981,1,0,1,1,0
931,193750,0.13838154,-0.89776953,0.25423383,0.35112585,-0.09996879,0.06614813,1,0,1,1,0
932,193958,0.14650472,-0.88786265,0.20913072,0.43587593,-0.08251819,0.04761858,1,0,1,1,0
933,194166,0.15494258,-0.85928953,0.14228848,0.53959067,-0.10406932,0.05495482,1,0,1,1,0
934,194375,0.15955297,-0.84102855,0.08604746,0.62567909,-0.08364118,0.05732786,1,0,1,1,0
935,194583,0.17498423,-0.81593269,0.02061178,0.71632296,-0.07756481,0.03425581,1,0,1,1,0
936,194791,0.18033417,-0.78136346,-0.03928262,0.80334598,-0.10097822,0.05172938,1,0,1,1,0
937,195000,0.19223938,-0.74893017,-0.08756100,0.89155539,-0.09952355,0.04454224,1,0,1,1,0
938,195208,0.19229503,-0.70341359,-0.16405564,0.96042268,-0.08997804,0.01624007,1,0,1,1,0
939,195416,0.20067175,-0.67771890,-0.21737596,1.03471833,-0.08785532,0.01465512,1,0,1,1,0
940,195625,0.19226444,-0.62689376,-0.26435549,1.11754485,-0.09380970,0.01724531,1,0,1,1,0
941,195833,0.19301295,-0.57889624,-0.32566682,1.17093861,-0.07436201,0.00661280,1,0,1,1,0
942,196041,0.20195150,-0.53110016,-0.37555301,1.22515319,-0.07329900,0.00837800,1,0,1,1,0
943,196250,0.20588259,-0.48785041,-0.43142695,1.28468450,-0.06783308,-0.01575451,1,0,1,1,0
944,196458,0.19735681,-0.43497938,-0.48827655,1.31711534,-0.07741080,-0.00588979,1,0,1,1,0
945,196666,0.20033683,-0.37590413,-0.53390817,1.38084509,-0.07202537,-0.00763780,1,0,1,1,0
946,196875,0.18979913,-0.31759813,-0.58397173,1.40789221,-0.06245187,-0.00441080,1,0,1,1,0
947,197083,0.19253516,-0.26595500,-0.63565593,1.44156733,-0.07461583,-0.04121239,1,0,1,1,0
948,197291,0.19099989,-0.19246055,-0.66557201,1.48385914,-0.06156178,-0.02711197,1,0,1,1,0
949,197500,0.18882123,-0.13359691,-0.70410763,1.49691202,-0.04961327,-0.04060554,1,0,1,1,0
950,197708,0.17822219,-0.07627222,-0.75649398,1.49695235,-0.03364153,-0.03647006,1,0,1,1,0
951,197916,0.17793163,-0.01981543,-0.78777349,1.50318380,-0.03356955,-0.04806748,1,0,1,1,0
952,198125,0.16597324,0.04021270,-0.80899554,1.49345735,-0.04628909,-0.04117653,1,0,1,1,0
953,198333,0.16114851,0.10381356,-0.83087592,1.49262322,-0.03688658,-0.04437820,1,0,1,1,0
954,198541,0.15146190,0.15683338,-0.85599794,1.49529482,-0.03075691,-0.07221282,1,0,1,1,0
955,198750,0.14542197,0.21571907,-0.89466235,1.47361321,-0.03187252,-0.05994635,1,0,1,1,0
956,198958,0.13679135,0.27184474,-0.89768737,1.45332930,-0.01444144,-0.06706193,1,0,1,1,0
957,199166,0.13414693,0.32172489,-0.90958964,1.39586946,-0.02793630,-0.08407330,1,0,1,1,0
958,199375,0.11085376,0.39641786,-0.91961671,1.37194173,-0.00445598,-0.08221142,1,0,1,1,0
959,199583,0.10350772,0.43726106,-0.91934099,1.33359063,0.00187460,-0.07101822,1,0,1,1,0
960,199791,0.09125485,0.49557128,-0.91270748,1.27428776,0.00320471,-0.07801356,1,0,1,1,0
961,200000,0.08683765,0.53589683,-0.91677838,1.21713158,0.00349600,-0.08720335,1,0,1,1,0
962,200208,0.06896023,0.59028959,-0.91367738,1.16193198,0.02371085,-0.08066739,1,0,1,1,0
963,200416,0.05980106,0.62615577,-0.89078135,1.10243967,0.02945417,-0.09353520,1,0,1,1,0
964,200625,0.04918352,0.67391629,-0.88948915,1.01628150,0.03297909,-0.10058989,1,0,1,1,0
965,200833,0.03752028,0.70443793,-0.86457318,0.96823853,0.01914156,-0.09606594,1,0,1,1,0
966,201041,0.02230407,0.74943549,-0.82896459,0.87410007,0.03547586,-0.09323893,1,0,1,1,0
967,201250,0.00893913,0.78055719,-0.81036236,0.78499378,0.04961461,-0.08330207,1,0,1,1,0
968,201458,-0.00638182,0.80586284,-0.78330106,0.71468376,0.04248013,-0.07553452,1,0,1,1,0
969,201666,-0.01745676,0.83370140,-0.74132006,0.61853573,0.04703975,-0.07590274,1,0,1,1,0
970,201875,-0.02728722,0.86417232,-0.70513175,0.54506621,0.04829306,-0.09062033,1,0,1,1,0
971,202083,-0.04128300,0.87438261,-0.67105403,0.43619577,0.05778916,-0.09162254,1,0,1,1,0
972,202291,-0.06113948,0.89322532,-0.62245908,0.31255740,0.07138363,-0.09825271,1,0,1,1,0
973,202500,-0.06785320,0.91025257,-0.58054845,0.23188655,0.07364932,-0.08750380,1,0,1,1,0
974,202708,-0.08070774,0.91305025,-0.52649936,0.14113397,0.06639219,-0.07762753,1,0,1,1,0
975,202916,-0.08569554,0.92740227,-0.48381633,0.03755058,0.06228364,-0.09396790,1,0,1,1,0
976,203125,-0.09681797,0.91884619,-0.43265598,-0.06672391,0.08250155,-0.09896517,1,0,1,1,0
977,203333,-0.11097907,0.90796829,-0.38027632,-0.14453170,0.09957589,-0.07470288,1,0,1,1,0
978,203541,-0.12537500,0.90713963,-0.31416774,-0.25834509,0.07987534,-0.08137387,1,0,1,1,0
979,203750,-0.14365274,0.88519266,-0.25792670,-0.34627702,0.08633750,-0.06409774,1,0,1,1,0
980,203958,-0.14750603,0.87534547,-0.19612414,-0.46069096,0.11792533,-0.06754573,1,0,1,1,0
981,204166,-0.15616722,0.85803994,-0.13752718,-0.53739122,0.09691603,-0.06282681,1,0,1,1,0
982,204375,-0.17369570,0.83509867,-0.07536566,-0.62722015,0.09196073,-0.05000725,1,0,1,1,0
983,204583,-0.16747050,0.81062455,-0.00564502,-0.71843182,0.09753352,-0.03836626,1,0,1,1,0
984,204791,-0.18006322,0.77874203,0.04373737,-0.79280324,0.08644299,-0.05132006,1,0,1,1,0
985,205000,-0.18175121,0.73890581,0.09545644,-0.87385715,0.09351645,-0.02068055,1,0,1,1,0
986,205208,-0.18576756,0.71472313,0.16438498,-0.96531173,0.09524067,-0.03027675,1,0,1,1,0
987,205416,-0.19907664,0.67023367,0.21211560,-1.04761576,0.09345488,-0.04140009,1,0,1,1,0
988,205625,-0.19637019,0.62320296,0.27461149,-1.10842714,0.08357083,-0.03118670,1,0,1,1,0
989,205833,-0.20241397,0.58236920,0.32333506,-1.16912406,0.08705966,-0.01283543,1,0,1,1,0
990,206041,-0.20379351,0.53816473,0.37669263,-1.23718734,0.08741435,-0.02017319,1,0,1,1,0
991,206250,-0.20113082,0.48915845,0.43366795,-1.29545837,0.08633295,0.00302687,1,0,1,1,0
992,206458,-0.19188354,0.43097192,0.48697787,-1.34413356,0.07757565,-0.01368685,1,0,1,1,0
993,206666,-0.19751125,0.37381107,0.53433409,-1.38506812,0.07547686,0.01448700,1,0,1,1,0
994,206875,-0.19507873,0.31615175,0.57368385,-1.40298973,0.07786111,0.00343209,1,0,1,1,0
995,207083,-0.18910389,0.26748665,0.62302199,-1.44011261,0.06180563,0.01093957,1,0,1,1,0
996,207291,-0.18959793,0.20321722,0.66938602,-1.45851311,0.05836347,0.02860609,1,0,1,1,0
997,207500,-0.19486842,0.14534116,0.72248623,-1.48140340,0.05460330,0.03391359,1,0,1,1,0
998,207708,-0.19147240,0.07953325,0.73674890,-1.52524823,0.06156502,0.03367274,1,0,1,1,0
999,207916,-0.18013493,0.03704499,0.78304639,-1.51663578,0.05500654,0.03212551,1,0,1,1,0
1000,208125,-0.17670111,-0.03927239,0.81458476,-1.50869814,0.03215151,0.06742231,1,0,1,1,0
1001,208333,-0.16411536,-0.09678135,0.84521328,-1.51309341,0.02281406,0.06043710,1,0,1,1,0
1002,208541,-0.14257762,-0.15423255,0.86992362,-1.48626560,0.02817622,0.05653913,1,0,1,1,0
1003,208750,-0.14908282,-0.22102054,0.88044314,-1.47196764,0.02990952,0.07514455,1,0,1,1,0
1004,208958,-0.12899417,-0.27289662,0.90726017,-1.45277597,0.04224644,0.06769370,1,0,1,1,0
1005,209166,-0.13414272,-0.33065795,0.90774303,-1.40335802,0.01109256,0.07115706,1,0,1,1,0
1006,209375,-0.11531964,-0.38698057,0.90920183,-1.37998341,0.00992277,0.09554258,1,0,1,1,0
1007,209583,-0.09559373,-0.43527553,0.92462436,-1.32871955,-0.01236394,0.09004431,1,0,1,1,0
1008,209791,-0.08940771,-0.47440364,0.92414764,-1.26943247,-0.01541403,0.08651930,1,0,1,1,0
1009,210000,-0.09091206,-0.54238462,0.92322149,-1.21504377,-0.00960615,0.07264172,1,0,1,1,0
1010,210208,-0.06418751,-0.58771591,0.91198694,-1.16046046,-0.04028761,0.09569651,1,0,1,1,0
1011,210416,-0.05436740,-0.63372577,0.90568853,-1.10749018,-0.01054381,0.08674100,1,0,1,1,0
1012,210625,-0.04942348,-0.66548014,0.87916806,-1.03302773,-0.02884273,0.08808159,1,0,1,1,0
1013,210833,-0.03117442,-0.70736087,0.86824638,-0.95196901,-0.02644117,0.10338438,1,0,1,1,0
1014,211041,-0.01795217,-0.74588561,0.83410265,-0.88322316,-0.04916155,0.08515102,1,0,1,1,0
1015,211250,-0.00906256,-0.78526558,0.81603024,-0.80079131,-0.03742918,0.10732896,1,0,1,1,0
1016,211458,-0.00013680,-0.81219693,0.77593268,-0.70961296,-0.05424232,0.09047664,1,0,1,1,0
1017,211666,0.02136354,-0.83824458,0.74363049,-0.60928623,-0.05329764,0.09130897,1,0,1,1,0
1018,211875,0.02373496,-0.86081056,0.70642104,-0.52313988,-0.06754155,0.10139065,1,0,1,1,0
1019,212083,0.04544334,-0.87744332,0.66940991,-0.43314672,-0.04936327,0.10327165,1,0,1,1,0
1020,212291,0.05731967,-0.90112372,0.62450193,-0.34251793,-0.06993928,0.08039881,1,0,1,1,0
1021,212500,0.06847720,-0.90366107,0.59040221,-0.25073725,-0.07851162,0.09273866,1,0,1,1,0
1022,212708,0.08213269,-0.91768056,0.52976131,-0.13531527,-0.07385103,0.07161474,1,0,1,1,0
1023,212916,0.09366153,-0.92023149,0.47937342,-0.03156500,-0.09316273,0.07824132,1,0,1,1,0
1024,213125,0.09729117,-0.91750822,0.42564816,0.06291296,-0.08287279,0.09092472,1,0,1,1,0
1025,213333,0.11955914,-0.90518904,0.36790838,0.15562951,-0.06553698,0.07651611,1,0,1,1,0
1026,213541,0.12750683,-0.90867867,0.32083876,0.25021327,-0.09031979,0.06610483,1,0,1,1,0
1027,213750,0.13703605,-0.88542638,0.25247384,0.37189046,-0.10312402,0.06097072,1,0,1,1,0
1028,213958,0.14650356,-0.88698514,0.19606806,0.44914580,-0.06627178,0.07345728,1,0,1,1,0
1029,214166,0.15352819,-0.86321735,0.14267010,0.54940740,-0.09380564,0.05987330,1,0,1,1,0
1030,214375,0.16640068,-0.84649075,0.07396868,0.63040630,-0.09219354,0.05334928,1,0,1,1,0
1031,214583,0.16720355,-0.81444951,0.02223527,0.71671030,-0.08147776,0.06801378,1,0,1,1,0
1032,214791,0.17760823,-0.78151527,-0.03726702,0.80021220,-0.08640508,0.01778553,1,0,1,1,0
1033,215000,0.18081166,-0.74850383,-0.10427772,0.87725186,-0.08188260,0.02394837,1,0,1,1,0
1034,215208,0.19025164,-0.71720144,-0.15478498,0.95588154,-0.08828758,0.03163243,1,0,1,1,0
1035,215416,0.18868121,-0.67507528,-0.21475045,1.04311734,-0.08433754,0.03499532,1,0,1,1,0
1036,215625,0.19030601,-0.63020313,-0.26206152,1.09112437,-0.09036038,0.02925124,1,0,1,1,0
1037,215833,0.19528836,-0.57805564,-0.31756356,1.19377997,-0.09527299,0.01865488,1,0,1,1,0
1038,216041,0.19601338,-0.53465894,-0.37938774,1.22717158,-0.10105088,0.01332431,1,0,1,1,0
1039,216250,0.19879597,-0.48130570,-0.42177701,1.27564100,-0.08778846,-0.01698023,1,0,1,1,0
1040,216458,0.19864969,-0.43300049,-0.48637355,1.35852164,-0.08583101,-0.00393003,1,0,1,1,0
1041,216666,0.19565260,-0.37553152,-0.52973104,1.38206944,-0.08229137,-0.01059371,1,0,1,1,0
1042,216875,0.19617978,-0.31927167,-0.57650491,1.43147264,-0.07771913,-0.01977538,1,0,1,1,0
1043,217083,0.19580261,-0.25926734,-0.63053133,1.44467578,-0.06728270,-0.02286458,1,0,1,1,0
1044,217291,0.18838223,-0.19502782,-0.66801991,1.48838118,-0.05739648,-0.03140754,1,0,1,1,0
1045,217500,0.18603725,-0.13887953,-0.71486198,1.47470603,-0.08116786,-0.02157860,1,0,1,1,0
1046,217708,0.18845461,-0.07762567,-0.75605056,1.52804974,-0.04724540,-0.02637233,1,0,1,1,0
1047,217916,0.16962422,-0.01670690,-0.77754762,1.49157035,-0.04569239,-0.04960919,1,0,1,1,0
1048,218125,0.16267587,0.04552384,-0.81500958,1.51045546,-0.05787816,-0.04588475,1,0,1,1,0
1049,218333,0.16303110,0.10912552,-0.84263093,1.50791855,-0.02777046,-0.04482824,1,0,1,1,0
1050,218541,0.15044692,0.15503361,-0.85640906,1.49360190,-0.03470716,-0.06066258,1,0,1,1,0
1051,218750,0.13957009,0.21772311,-0.89019774,1.46888955,-0.02064384,-0.07043914,1,0,1,1,0
1052,218958,0.13445067,0.28524000,-0.88859719,1.44834957,-0.02704351,-0.07473949,1,0,1,1,0
1053,219166,0.12543983,0.33319749,-0.91121521,1.40455454,-0.02107190,-0.06938558,1,0,1,1,0
1054,219375,0.10790368,0.38400898,-0.92474392,1.38410708,0.00335857,-0.08039996,1,0,1,1,0
1055,219583,0.10033845,0.43221906,-0.92424916,1.31743974,-0.00303535,-0.06675275,1,0,1,1,0
1056,219791,0.09431422,0.47661910,-0.92696330,1.27691210,-0.00229044,-0.07899369,1,0,1,1,0
1057,220000,0.08758848,0.54325362,-0.92681984,1.20540863,-0.00413165,-0.09739954,1,0,1,1,0
1058,220208,0.07429979,0.57338937,-0.92014418,1.16133768,0.01499873,-0.09627170,1,0,1,1,0
1059,220416,0.05603580,0.62499009,-0.89771366,1.10242651,0.01018610,-0.09034907,1,0,1,1,0
1060,220625,0.05155600,0.66890753,-0.88774763,1.01685283,0.01786111,-0.11025696,1,0,1,1,0
1061,220833,0.03670024,0.71405730,-0.87305906,0.95306955,0.03686837,-0.09388569,1,0,1,1,0
1062,221041,0.01598124,0.74448868,-0.83666492,0.88265473,0.04822566,-0.08733471,1,0,1,1,0
1063,221250,0.00778437,0.78178058,-0.80341974,0.78006292,0.04490168,-0.09479662,1,0,1,1,0
1064,221458,-0.01341186,0.80871574,-0.77481136,0.69722516,0.04936533,-0.10258952,1,0,1,1,0
1065,221666,-0.00776611,0.84425351,-0.74301349,0.60054382,0.04009648,-0.09083479,1,0,1,1,0
1066,221875,-0.03169929,0.85829027,-0.70904842,0.53141756,0.09039646,-0.10514091,1,0,1,1,0
1067,222083,-0.04069287,0.88164825,-0.66821568,0.42340783,0.07347391,-0.08661990,1,0,1,1,0
1068,222291,-0.05536399,0.90970531,-0.61515318,0.33250883,0.06424357,-0.07387023,1,0,1,1,0
1069,222500,-0.07796877,0.91145672,-0.58067601,0.24663564,0.08003460,-0.11049628,1,0,1,1,0
1070,222708,-0.08399675,0.91670418,-0.53072883,0.11564775,0.08802641,-0.07503609,1,0,1,1,0
1071,222916,-0.09523407,0.91338080,-0.48861284,0.04379024,0.06603955,-0.07314103,1,0,1,1,0
1072,223125,-0.11272255,0.91914874,-0.42881471,-0.05323434,0.07115804,-0.06185635,1,0,1,1,0
1073,223333,-0.12456837,0.91678703,-0.37006527,-0.16110666,0.07918924,-0.05899904,1,0,1,1,0
1074,223541,-0.12872970,0.90964013,-0.32469690,-0.24710358,0.08646490,-0.06383291,1,0,1,1,0
1075,223750,-0.13912815,0.89221128,-0.25142735,-0.36236230,0.08956925,-0.06695322,1,0,1,1,0
1076,223958,-0.14945867,0.88531495,-0.19786505,-0.44984783,0.08369741,-0.05042474,1,0,1,1,0
1077,224166,-0.16521199,0.85682675,-0.13928798,-0.53504848,0.10404227,-0.04427048,1,0,1,1,0
1078,224375,-0.16296429,0.83191193,-0.08165772,-0.65308323,0.09650816,-0.05144198,1,0,1,1,0
1079,224583,-0.17711972,0.80380083,-0.02057819,-0.71074343,0.08991337,-0.04003098,1,0,1,1,0
1080,224791,-0.18017074,0.78104181,0.03644903,-0.79539135,0.09329729,-0.04819794,1,0,1,1,0
1081,225000,-0.17482406,0.75213661,0.08835488,-0.88337496,0.09750414,-0.04180670,1,0,1,1,0
1082,225208,-0.18416801,0.71116025,0.15269772,-0.95915917,0.08886091,-0.02295688,1,0,1,1,0
1083,225416,-0.19107957,0.67757747,0.20441818,-1.03538915,0.09269794,-0.03664717,1,0,1,1,0
1084,225625,-0.19968420,0.63418816,0.27020852,-1.10361503,0.09974273,-0.02095605,1,0,1,1,0
1085,225833,-0.19534627,0.58717494,0.31936488,-1.16522615,0.08092299,0.00220975,1,0,1,1,0
1086,226041,-0.19006969,0.53004471,0.37584616,-1.22602712,0.08067681,-0.01850663,1,0,1,1,0
1087,226250,-0.20942062,0.47689987,0.43219998,-1.26458561,0.07696914,-0.01129523,1,0,1,1,0
1088,226458,-0.20269535,0.43112871,0.48423553,-1.33542530,0.07951759,-0.00387928,1,0,1,1,0
1089,226666,-0.20024679,0.37520299,0.52473522,-1.36779064,0.07899914,0.01381714,1,0,1,1,0
1090,226875,-0.19734845,0.31918185,0.58569717,-1.43141111,0.06477205,0.01137048,1,0,1,1,0
1091,227083,-0.19708759,0.26704136,0.62231855,-1.43223048,0.08328453,0.01672648,1,0,1,1,0
1092,227291,-0.18791734,0.20402063,0.65908203,-1.46553668,0.05502606,0.03594673,1,0,1,1,0
1093,227500,-0.19254434,0.13827883,0.71825403,-1.50235854,0.06368633,0.03100662,1,0,1,1,0
1094,227708,-0.18289154,0.08073784,0.74867156,-1.49777161,0.06177186,0.04927983,1,0,1,1,0
1095,227916,-0.18238355,0.02189765,0.78868930,-1.50597515,0.05246654,0.03320830,1,0,1,1,0
1096,228125,-0.17425647,-0.03622613,0.81803146,-1.52653883,0.04967005,0.06096771,1,0,1,1,0
1097,228333,-0.16315724,-0.10198274,0.83771168,-1.49078352,0.04627600,0.06021105,1,0,1,1,0
1098,228541,-0.15567510,-0.15303139,0.86406266,-1.46878961,0.02371504,0.06031361,1,0,1,1,0
1099,228750,-0.13769796,-0.21815226,0.89238614,-1.45501323,0.02681570,0.06230268,1,0,1,1,0
1100,228958,-0.13854942,-0.27921229,0.88578670,-1.44033745,0.01693730,0.06306887,1,0,1,1,0
1101,229166,-0.13208355,-0.33753550,0.91238770,-1.40105995,0.01135256,0.06418405,1,0,1,1,0
1102,229375,-0.10575501,-0.39304925,0.91745257,-1.36554269,0.00217453,0.08020177,1,0,1,1,0
1103,229583,-0.11097967,-0.44033792,0.92098180,-1.34294610,-0.01505635,0.08798195,1,0,1,1,0
1104,229791,-0.09154698,-0.48488860,0.92886170,-1.26889329,0.00167483,0.08817692,1,0,1,1,0
1105,230000,-0.08093790,-0.54003638,0.91495320,-1.23854094,-0.00054474,0.06605390,1,0,1,1,0
1106,230208,-0.07233106,-0.58678048,0.90896779,-1.16856715,-0.00185638,0.08721619,1,0,1,1,0
1107,230416,-0.04674508,-0.63203526,0.89170985,-1.10699590,-0.01268168,0.09155982,1,0,1,1,0
1108,230625,-0.04299552,-0.66504722,0.88210674,-1.02675437,-0.05030121,0.10062727,1,0,1,1,0
1109,230833,-0.03356579,-0.70173194,0.86076404,-0.96560152,-0.01457354,0.10225854,1,0,1,1,0
1110,231041,-0.01594350,-0.74078474,0.84107900,-0.85677952,-0.04120448,0.09440363,1,0,1,1,0
1111,231250,-0.00080270,-0.78506101,0.80584040,-0.79590806,-0.06197883,0.08615562,1,0,1,1,0
1112,231458,0.01032596,-0.81559509,0.77434064,-0.70947312,-0.03662567,0.10009736,1,0,1,1,0
1113,231666,0.01414560,-0.83554465,0.74214258,-0.60905380,-0.04677339,0.09919035,1,0,1,1,0
1114,231875,0.03323644,-0.86219419,0.70987427,-0.53152923,-0.04476819,0.09625525,1,0,1,1,0
1115,232083,0.05100072,-0.87824221,0.66717114,-0.41920543,-0.05463853,0.07199726,1,0,1,1,0
1116,232291,0.06454044,-0.89860313,0.62886243,-0.35371616,-0.07921132,0.09317596,1,0,1,1,0
1117,232500,0.07051440,-0.90707830,0.58222661,-0.24970470,-0.07320381,0.07343463,1,0,1,1,0
1118,232708,0.08356473,-0.92294173,0.54032545,-0.14427557,-0.09124392,0.08600900,1,0,1,1,0
1119,232916,0.09642652,-0.92629754,0.47925278,-0.03871797,-0.06740586,0.08650434,1,0,1,1,0
1120,233125,0.11684771,-0.91983102,0.43039597,0.04799495,-0.09317396,0.06252035,1,0,1,1,0
1121,233333,0.11564886,-0.91791940,0.37535447,0.16524297,-0.09077530,0.08324816,1,0,1,1,0
1122,233541,0.13389078,-0.91809618,0.30912333,0.25650313,-0.08536511,0.08538397,1,0,1,1,0
1123,233750,0.13255442,-0.89320197,0.26114718,0.36531746,-0.07627286,0.07980760,1,0,1,1,0
1124,233958,0.14918544,-0.88512718,0.20060004,0.44401088,-0.11043893,0.05872054,1,0,1,1,0
1125,234166,0.15749209,-0.86319945,0.13722377,0.54807866,-0.08320986,0.06255749,1,0,1,1,0
1126,234375,0.16187585,-0.84816937,0.08395685,0.63631372,-0.09582767,0.03491190,1,0,1,1,0
1127,234583,0.17046442,-0.81644892,0.02822930,0.70479105,-0.10176624,0.05368535,1,0,1,1,0
1128,234791,0.17891680,-0.78389868,-0.03773375,0.81532460,-0.09930925,0.05363645,1,0,1,1,0
1129,235000,0.18452667,-0.74684863,-0.09488260,0.87825188,-0.07072763,0.03337516,1,0,1,1,0
1130,235208,0.18262652,-0.70517199,-0.14930875,0.98484838,-0.08856022,0.04410694,1,0,1,1,0
1131,235416,0.18885866,-0.67288162,-0.20552850,1.03650892,-0.10874493,0.02522726,1,0,1,1,0
1132,235625,0.19761989,-0.62574641,-0.26847181,1.11555221,-0.08240664,0.02594298,1,0,1,1,0
1133,235833,0.19373101,-0.57690157,-0.32234877,1.16630411,-0.07702337,0.01318637,1,0,1,1,0
1134,236041,0.20693517,-0.53603507,-0.37238009,1.22686067,-0.08990063,0.00816948,1,0,1,1,0
1135,236250,0.19393226,-0.48784198,-0.42469236,1.29161637,-0.07280756,0.00987914,1,0,1,1,0
1136,236458,0.19761142,-0.42956384,-0.47992791,1.34627530,-0.08175937,-0.01163392,1,0,1,1,0
1137,236666,0.20549085,-0.38203654,-0.52576979,1.39207398,-0.07067987,-0.02256447,1,0,1,1,0
1138,236875,0.20240867,-0.32892758,-0.58362317,1.41260052,-0.05394815,-0.00259234,1,0,1,1,0
1139,237083,0.19610383,-0.25610751,-0.61738913,1.46375197,-0.07694025,-0.01934423,1,0,1,1,0
1140,237291,0.19396677,-0.20476796,-0.66828932,1.47172516,-0.05520416,-0.02357218,1,0,1,1,0
1141,237500,0.18712743,-0.13976767,-0.70885613,1.49993697,-0.04872099,-0.05136299,1,0,1,1,0
1142,237708,0.18902099,-0.07796858,-0.74942606,1.49001946,-0.05368029,-0.01671415,1,0,1,1,0
1143,237916,0.16946715,-0.01941780,-0.78404519,1.51815111,-0.05144425,-0.05127560,1,0,1,1,0
1144,238125,0.16875807,0.04175548,-0.81546189,1.49864918,-0.02900778,-0.04935225,1,0,1,1,0
1145,238333,0.16664121,0.10450530,-0.84601110,1.49282675,-0.02582014,-0.04991687,1,0,1,1,0
1146,238541,0.15118177,0.16219817,-0.86700907,1.48773367,-0.02787930,-0.05194816,1,0,1,1,0
1147,238750,0.14908969,0.21546168,-0.86757500,1.47240183,-0.02145340,-0.06365204,1,0,1,1,0
1148,238958,0.13440960,0.27262513,-0.90104426,1.45268936,-0.02754817,-0.07917176,1,0,1,1,0
1149,239166,0.11889186,0.33374160,-0.90030150,1.42709232,-0.01178337,-0.07219604,1,0,1,1,0
1150,239375,0.12454021,0.39714721,-0.92651371,1.36719971,-0.03125674,-0.06773151,1,0,1,1,0
1151,239583,0.09649120,0.44838526,-0.92171747,1.32019757,-0.01779155,-0.06565589,1,0,1,1,0
1152,239791,0.08701304,0.48003809,-0.93466064,1.28617089,-0.00145633,-0.08309726,1,0,1,1,0
1153,240000,0.08479938,0.53776964,-0.92247264,1.22920028,0.01507388,-0.08530567,1,0,1,1,0
1154,240208,0.07037838,0.57381274,-0.90501445,1.15887702,0.03085611,-0.07068990,1,0,1,1,0
1155,240416,0.06371738,0.63378999,-0.90084708,1.09188902,0.02168117,-0.08303577,1,0,1,1,0
1156,240625,0.04690762,0.66247610,-0.88071766,1.04502927,0.02625509,-0.07565032,1,0,1,1,0
1157,240833,0.02961165,0.71362898,-0.85870662,0.93760375,0.02793069,-0.09152188,1,0,1,1,0
1158,241041,0.01594529,0.74389538,-0.82958120,0.86097574,0.04518300,-0.08766181,1,0,1,1,0
1159,241250,0.00793226,0.78090677,-0.81008743,0.78827835,0.05179433,-0.09207252,1,0,1,1,0
1160,241458,-0.00753800,0.81137595,-0.77943697,0.70122707,0.03344869,-0.09067128,1,0,1,1,0
1161,241666,-0.01475129,0.83257978,-0.73850886,0.62066828,0.06318876,-0.08008636,1,0,1,1,0
1162,241875,-0.02751687,0.85555839,-0.70317379,0.52326179,0.06096921,-0.08413200,1,0,1,1,0
1163,242083,-0.04393763,0.88796122,-0.66335414,0.43378836,0.04712544,-0.08669876,1,0,1,1,0
1164,242291,-0.06214162,0.89672753,-0.62842546,0.33736721,0.05984629,-0.07627212,1,0,1,1,0
1165,242500,-0.07520745,0.91035000,-0.57944051,0.23538613,0.08301101,-0.06939504,1,0,1,1,0
1166,242708,-0.08190259,0.91341339,-0.52544803,0.14837391,0.07823396,-0.07415871,1,0,1,1,0
1167,242916,-0.09951637,0.92938561,-0.48913617,0.04693402,0.08003487,-0.08845609,1,0,1,1,0
1168,243125,-0.11418149,0.92044988,-0.41998984,-0.05205471,0.09333514,-0.08699299,1,0,1,1,0
1169,243333,-0.11102795,0.91833425,-0.38403279,-0.16331686,0.08160682,-0.08011743,1,0,1,1,0
1170,243541,-0.12538218,0.90794738,-0.31676344,-0.23754452,0.06321760,-0.07962922,1,0,1,1,0
1171,243750,-0.13420536,0.89659466,-0.26175930,-0.34559503,0.09865224,-0.05449789,1,0,1,1,0
1172,243958,-0.14837914,0.88432154,-0.20160283,-0.45079348,0.05777578,-0.06169963,1,0,1,1,0
1173,244166,-0.15198917,0.86647095,-0.14267162,-0.53305624,0.07118802,-0.04970192,1,0,1,1,0
1174,244375,-0.15975186,0.84088936,-0.08363415,-0.64467201,0.08710163,-0.08036751,1,0,1,1,0
1175,244583,-0.17352326,0.81316554,-0.02167065,-0.73552555,0.09984863,-0.04717253,1,0,1,1,0
1176,244791,-0.18046244,0.78608934,0.03137508,-0.79355573,0.09739294,-0.02053115,1,0,1,1,0
1177,245000,-0.18108728,0.75725191,0.08907068,-0.89711437,0.08634316,-0.02915891,1,0,1,1,0
1178,245208,-0.18502043,0.70061541,0.16258602,-0.95040355,0.09372059,-0.03270275,1,0,1,1,0
1179,245416,-0.19250874,0.66854568,0.21609897,-1.02504516,0.09395044,-0.02559936,1,0,1,1,0
1180,245625,-0.18733292,0.63083574,0.28096718,-1.10238113,0.09591562,-0.01403098,1,0,1,1,0
1181,245833,-0.19510928,0.58088805,0.32352431,-1.15938084,0.08757987,-0.03003450,1,0,1,1,0
1182,246041,-0.19907771,0.53241036,0.38080132,-1.22774411,0.07891005,-0.00558389,1,0,1,1,0
1183,246250,-0.18807422,0.48282955,0.42390280,-1.29117415,0.06944489,-0.00661740,1,0,1,1,0
1184,246458,-0.20902918,0.43430673,0.47615247,-1.33045827,0.07608388,0.01895061,1,0,1,1,0
1185,246666,-0.18896915,0.37127415,0.53525467,-1.37668418,0.07972310,0.00201327,1,0,1,1,0
1186,246875,-0.19228533,0.32283649,0.57828510,-1.40243212,0.05843198,0.02984343,1,0,1,1,0
1187,247083,-0.18874358,0.26135568,0.62610359,-1.45214056,0.07165672,0.00743959,1,0,1,1,0
1188,247291,-0.17998560,0.20543561,0.66766483,-1.46022448,0.05712699,0.03585973,1,0,1,1,0
1189,247500,-0.17883169,0.15507150,0.70800607,-1.49683095,0.04625524,0.02065131,1,0,1,1,0
1190,247708,-0.17106587,0.08143080,0.74898166,-1.50585976,0.03829802,0.04089337,1,0,1,1,0
1191,247916,-0.18285489,0.02464430,0.78560717,-1.49546026,0.04157026,0.03979003,1,0,1,1,0
1192,248125,-0.17192116,-0.04668594,0.81435461,-1.50178017,0.04644138,0.03726288,1,0,1,1,0
1193,248333,-0.15561467,-0.09373290,0.84556382,-1.51028754,0.03783612,0.03717567,1,0,1,1,0
1194,248541,-0.15777260,-0.15657313,0.85915275,-1.48809172,0.02401373,0.06144463,1,0,1,1,0
1195,248750,-0.14508688,-0.21805653,0.89067463,-1.48187240,0.03507489,0.06591419,1,0,1,1,0
1196,248958,-0.13035368,-0.27119386,0.89172378,-1.44499811,0.00588412,0.07617260,1,0,1,1,0
1197,249166,-0.12865448,-0.33204853,0.91467138,-1.41383861,0.03039650,0.08537719,1,0,1,1,0
1198,249375,-0.12358462,-0.39085383,0.91226453,-1.38420262,0.01485781,0.06739848,1,0,1,1,0
1199,249583,-0.09534075,-0.43346986,0.92677586,-1.33478574,0.00617272,0.07268763,1,0,1,1,0
1200,249791,-0.09312348,-0.49018674,0.92606002,-1.27022422,-0.00731994,0.07742432,1,0,1,1,0
1201,250000,-0.09390938,-0.51537469,0.89489099,-1.22249933,-0.03982376,0.14079962,1,0,1,1,0
1202,250208,-0.08436699,-0.56743307,0.88765347,-1.16238458,-0.05815927,0.12893226,1,0,1,1,0
1203,250416,-0.07218314,-0.61089310,0.87945219,-1.08344264,-0.03672830,0.15461973,1,0,1,1,0
1204,250625,-0.07416942,-0.65456422,0.85719276,-1.03085543,-0.03760679,0.14855040,1,0,1,1,0
1205,250833,-0.04420215,-0.70201506,0.84363350,-0.96009889,-0.05017010,0.11963278,1,0,1,1,0
1206,251041,-0.03630394,-0.73614514,0.81729022,-0.87027387,-0.05093580,0.13399642,1,0,1,1,0
1207,251249,-0.02509712,-0.77250759,0.78927586,-0.77357609,-0.05993239,0.13417682,1,0,1,1,0
1208,251458,-0.00466652,-0.81733957,0.76682323,-0.69946744,-0.05034353,0.15733384,1,0,1,1,0
1209,251666,0.01914442,-0.84930532,0.73451749,-0.60723034,-0.09301640,0.13807065,1,0,1,1,0
1210,251875,0.03247896,-0.86490768,0.68375750,-0.50499126,-0.06659641,0.14105909,1,0,1,1,0
1211,252083,0.06104903,-0.88293100,0.64180767,-0.43161445,-0.06887799,0.14655608,1,0,1,1,0
1212,252291,0.08419002,-0.90312020,0.60728471,-0.33326212,-0.10573852,0.14884814,1,0,1,1,0
1213,252500,0.11295309,-0.92160775,0.54752136,-0.23854891,-0.08541629,0.12156259,1,0,1,1,0
1214,252708,0.13377380,-0.93734232,0.50210374,-0.16868035,-0.08480661,0.12886764,1,0,1,1,0
1215,252916,0.16309662,-0.93841778,0.46366118,-0.08002990,-0.07733320,0.12639831,1,0,1,1,0
1216,253125,0.20660060,-0.93785746,0.40889570,0.01126074,-0.08857353,0.13151042,1,0,1,1,0
1217,253333,0.23174530,-0.93930657,0.34522441,0.07615061,-0.08860119,0.10691114,1,0,1,1,0
1218,253541,0.27808531,-0.94586020,0.29726240,0.15270143,-0.09599616,0.10429442,1,0,1,1,0
1219,253749,0.31283319,-0.92664620,0.24164569,0.20030266,-0.08480734,0.10828095,1,0,1,1,0
1220,253958,0.35671795,-0.91703383,0.18294987,0.26653992,-0.09189203,0.07945507,1,0,1,1,0
1221,254166,0.40066888,-0.89771099,0.11482559,0.31054231,-0.10183695,0.09076560,1,0,1,1,0
1222,254375,0.43614932,-0.88488774,0.05425756,0.34875664,-0.10712768,0.09882939,1,0,1,1,0
1223,254583,0.47948865,-0.84972345,-0.00769580,0.37721555,-0.12573415,0.06711880,1,0,1,1,0
1224,254791,0.52107539,-0.83682093,-0.07469573,0.42961781,-0.11271867,0.07508675,1,0,1,1,0
1225,255000,0.56129659,-0.80253548,-0.13268283,0.42977629,-0.10957556,0.06136362,1,0,1,1,0
1226,255208,0.59037907,-0.76940523,-0.18628686,0.46014094,-0.10256828,0.05529360,1,0,1,1,0
1227,255416,0.63568110,-0.72511006,-0.24615993,0.47729877,-0.11364790,0.04610702,1,0,1,1,0
1228,255625,0.68153898,-0.68228915,-0.32077528,0.47895706,-0.09861558,0.02317676,1,0,1,1,0
1229,255833,0.71371188,-0.64014224,-0.37035966,0.46591345,-0.08490303,0.00159190,1,0,1,1,0
1230,256041,0.74926481,-0.58890818,-0.42723224,0.46253238,-0.08806216,0.00391498,1,0,1,1,0
1231,256249,0.77015048,-0.53351313,-0.48809904,0.44763973,-0.08448226,-0.00760463,1,0,1,1,0
1232,256458,0.79642374,-0.47906199,-0.54810341,0.45650722,-0.08228827,-0.04580703,1,0,1,1,0
1233,256666,0.81971106,-0.42895834,-0.59208527,0.41028652,-0.06402830,-0.04726058,1,0,1,1,0
1234,256875,0.82372097,-0.36995232,-0.64990401,0.39712249,-0.06128580,-0.08393433,1,0,1,1,0
1235,257083,0.85080007,-0.30152590,-0.69458259,0.35933682,-0.06172006,-0.09342277,1,0,1,1,0
1236,257291,0.84856533,-0.23983226,-0.74177365,0.34860643,-0.06718787,-0.11161217,1,0,1,1,0
1237,257500,0.84196810,-0.17075503,-0.79524533,0.31044193,-0.04755215,-0.13065627,1,0,1,1,0
1238,257708,0.84877438,-0.12148022,-0.82968591,0.29901737,-0.03573048,-0.13405156,1,0,1,1,0
1239,257916,0.83397839,-0.04672747,-0.86741847,0.27461016,-0.05095591,-0.13715249,1,0,1,1,0
1240,258125,0.81238336,0.01640206,-0.90782315,0.25990863,-0.03183855,-0.18464110,1,0,1,1,0
1241,258333,0.78936242,0.09068964,-0.93137557,0.22645439,-0.05611229,-0.16004670,1,0,1,1,0
1242,258541,0.76995651,0.14460441,-0.94979295,0.20835960,-0.03367219,-0.18090982,1,0,1,1,0
1243,258749,0.72714447,0.21250503,-0.98405940,0.20184433,-0.01274999,-0.18811857,1,0,1,1,0
1244,258958,0.69796228,0.27075046,-0.99381835,0.16697404,0.00083539,-0.19400015,1,0,1,1,0
1245,259166,0.64529071,0.33156748,-1.00675893,0.16283386,0.03180995,-0.21130967,1,0,1,1,0
1246,259375,0.60411919,0.39014353,-1.02238252,0.15466139,0.04836329,-0.22725924,1,0,1,1,0
1247,259583,0.55152038,0.44943829,-1.02134183,0.12726700,0.04044514,-0.20970981,1,0,1,1,0
1248,259791,0.50156506,0.49972955,-1.01206821,0.11966536,0.04285359,-0.20772725,1,0,1,1,0
1249,260000,0.43652871,0.54823599,-1.01263915,0.12438110,0.08353774,-0.24826343,0,0,0,0,0
1250,260208,0.38093032,0.60829446,-0.99803450,0.09234477,0.09576358,-0.25531118,0,0,0,0,0
1251,260416,0.31784789,0.65666562,-0.99045237,0.09783892,0.10876166,-0.23497431,0,0,0,0,0
1252,260625,0.25016793,0.71008349,-0.96426758,0.09086598,0.12026265,-0.24643185,0,0,0,0,0
1253,260833,0.19166100,0.74480099,-0.94050576,0.07289575,0.14069981,-0.24959101,0,0,0,0,0
1254,261041,0.12806817,0.78421146,-0.91926910,0.05930585,0.13631694,-0.26328017,0,0,0,0,0
1255,261249,0.06233324,0.81850286,-0.88050383,0.03588137,0.16211158,-0.24448822,0,0,0,0,0
1256,261458,0.00194780,0.85156348,-0.85516677,0.04049438,0.15528232,-0.24629329,0,0,0,0,0
1257,261666,-0.07033563,0.88547317,-0.82373780,0.01623908,0.18761794,-0.24653618,0,0,0,0,0
1258,261875,-0.13207984,0.91479347,-0.77276268,-0.00130446,0.20383460,-0.24928071,0,0,0,0,0
1259,262083,-0.19669089,0.92232819,-0.73212322,-0.01986684,0.20887586,-0.24877665,0,0,0,0,0
1260,262291,-0.25953483,0.94316439,-0.67892283,0.01027703,0.22813510,-0.23502701,0,0,0,0,0
1261,262500,-0.33082634,0.95993070,-0.62514138,0.00699658,0.21477403,-0.22075044,0,0,0,0,0
1262,262708,-0.38604322,0.96770237,-0.56742929,-0.01418652,0.21988995,-0.23204907,0,0,0,0,0
1263,262916,-0.44878322,0.97825881,-0.51643429,-0.00275565,0.20190174,-0.22611396,0,0,0,0,0
1264,263125,-0.50509642,0.98441506,-0.45952094,-0.02802949,0.21774646,-0.23042759,0,0,0,0,0
1265,263333,-0.56594891,0.96518604,-0.39213202,-0.03355287,0.23906347,-0.22379185,0,0,0,0,0
1266,263541,-0.60817370,0.96740609,-0.33077812,-0.04560563,0.23801118,-0.21127664,0,0,0,0,0
1267,263750,-0.66859385,0.94805258,-0.26908864,-0.05096074,0.24344441,-0.21723201,0,0,0,0,0
1268,263958,-0.71437825,0.94365935,-0.19919103,-0.06739755,0.22636376,-0.21840048,0,0,0,0,0
1269,264166,-0.75741729,0.92024031,-0.13742647,-0.06604847,0.24308448,-0.16879449,0,0,0,0,0
1270,264375,-0.81422214,0.89395806,-0.07495697,-0.06269949,0.24825118,-0.18163861,0,0,0,0,0
1271,264583,-0.83805566,0.86526541,-0.01007555,-0.08994320,0.23817648,-0.16371678,0,0,0,0,0
1272,264791,-0.86977651,0.83170885,0.05544050,-0.10811071,0.22448240,-0.14562925,0,0,0,0,0
1273,265000,-0.90227208,0.79655755,0.12449621,-0.10764668,0.22583170,-0.13279722,0,0,0,0,0
1274,265208,-0.91905439,0.76687465,0.17482865,-0.12171454,0.19188205,-0.12083796,0,0,0,0,0
1275,265416,-0.94735847,0.71864878,0.25189220,-0.13490520,0.18073518,-0.13001585,0,0,0,0,0
1276,265625,-0.95886046,0.67797887,0.31370945,-0.13337024,0.20768707,-0.09140894,0,0,0,0,0
1277,265833,-0.97289294,0.63145260,0.36398763,-0.13908645,0.19260822,-0.09648068,0,0,0,0,0
1278,266041,-0.98920191,0.56899939,0.44545408,-0.15219189,0.18988869,-0.06532706,0,0,0,0,0
1279,266250,-0.98117810,0.53207722,0.48786903,-0.14708750,0.17395279,-0.04570495,0,0,0,0,0
1280,266458,-0.99143544,0.46753185,0.54542296,-0.14536118,0.15973117,-0.01756413,0,0,0,0,0
1281,266666,-0.98840710,0.40437739,0.60714966,-0.17332302,0.13559041,-0.01210016,0,0,0,0,0
1282,266875,-0.98172291,0.33882443,0.66080878,-0.16768350,0.13935352,0.02089666,0,0,0,0,0
1283,267083,-0.96056887,0.28750751,0.71010002,-0.17746171,0.11074706,0.04145153,0,0,0,0,0
1284,267291,-0.95388215,0.23496815,0.75930841,-0.17891713,0.11994512,0.04452565,0,0,0,0,0
1285,267500,-0.92769572,0.15165009,0.80021763,-0.17931653,0.12144587,0.06970907,0,0,0,0,0
1286,267708,-0.91485824,0.09028888,0.83810826,-0.18465786,0.09729032,0.08037712,0,0,0,0,0
1287,267916,-0.87343227,0.02804812,0.88406793,-0.18106085,0.11834625,0.09692432,0,0,0,0,0
1288,268125,-0.84917874,-0.04090792,0.91669571,-0.18719647,0.09502984,0.11789655,0,0,0,0,0
1289,268333,-0.81425612,-0.10176827,0.94472475,-0.18080259,0.07688347,0.13754291,0,0,0,0,0
1290,268541,-0.77889847,-0.17217982,0.96676489,-0.17498417,0.07132352,0.12468590,0,0,0,0,0
1291,268750,-0.72382382,-0.22459326,0.97977252,-0.16588287,0.04866642,0.14222412,0,0,0,0,0
1292,268958,-0.69004999,-0.28422280,1.01079381,-0.15811795,0.03322311,0.12819133,0,0,0,0,0
1293,269166,-0.63414267,-0.34403448,1.01844352,-0.15667915,0.01287220,0.15746110,0,0,0,0,0
1294,269375,-0.58086807,-0.40465322,1.03170684,-0.13508659,0.01317413,0.15280603,0,0,0,0,0
1295,269583,-0.52656785,-0.45590995,1.02708398,-0.13292217,0.00149095,0.16446889,0,0,0,0,0
1296,269791,-0.46547168,-0.50947968,1.03048376,-0.12498155,-0.01118100,0.16932589,0,0,0,0,0
1297,270000,-0.42155966,-0.56165853,1.02975377,-0.11848775,-0.05038934,0.19501831,0,0,0,0,0
1298,270208,-0.36196482,-0.61236531,1.02497657,-0.09314874,-0.07592335,0.20457745,0,0,0,0,0
1299,270416,-0.29731028,-0.66647102,1.00335389,-0.09350535,-0.07792069,0.21921381,0,0,0,0,0
1300,270625,-0.24156377,-0.70334675,0.98614075,-0.07417717,-0.11672727,0.22748169,0,0,0,0,0
1301,270833,-0.18028084,-0.75487981,0.96260039,-0.05048989,-0.10864215,0.21583495,0,0,0,0,0
1302,271041,-0.11289677,-0.79084193,0.93402494,-0.03830093,-0.14310819,0.20841847,0,0,0,0,0
1303,271250,-0.05259619,-0.82790522,0.89654566,-0.04658313,-0.13522627,0.21900606,0,0,0,0,0
1304,271458,0.00983526,-0.85326244,0.87802062,-0.00863815,-0.17231612,0.20155093,0,0,0,0,0
1305,271666,0.07473247,-0.88025310,0.83687534,-0.01563876,-0.16808789,0.21375150,0,0,0,0,0
1306,271875,0.13911088,-0.91578242,0.79527345,-0.00070636,-0.17661043,0.21725964,0,0,0,0,0
1307,272083,0.20489239,-0.93137700,0.75110087,0.02388090,-0.19468930,0.19960322,0,0,0,0,0
1308,272291,0.25773107,-0.94043525,0.69989438,0.02184377,-0.19886333,0.20795649,0,0,0,0,0
1309,272500,0.33146667,-0.95744387,0.64999481,0.03741211,-0.22093253,0.21973082,0,0,0,0,0
1310,272708,0.38279189,-0.96980705,0.60522732,0.04399789,-0.21540352,0.21151134,0,0,0,0,0
1311,272916,0.44834573,-0.96701158,0.53373181,0.04124853,-0.22416192,0.20931091,0,0,0,0,0
1312,273125,0.50440658,-0.96876733,0.48329008,0.06476147,-0.22584499,0.21117546,0,0,0,0,0
1313,273333,0.56872387,-0.97584645,0.41194062,0.07862216,-0.24874521,0.17400970,0,0,0,0,0
1314,273541,0.61623680,-0.94941720,0.35801426,0.07819519,-0.25699579,0.19514652,0,0,0,0,0
1315,273750,0.66748369,-0.95017219,0.29785895,0.09192397,-0.26793090,0.19204708,0,0,0,0,0
1316,273958,0.70955324,-0.93059064,0.23383233,0.08351535,-0.27259788,0.17961844,0,0,0,0,0
1317,274166,0.76127497,-0.91792537,0.16616858,0.11642192,-0.24602800,0.18652818,0,0,0,0,0
1318,274375,0.79239132,-0.89279024,0.09875999,0.11942440,-0.25852088,0.16159994,0,0,0,0,0
1319,274583,0.82046647,-0.85641053,0.04494474,0.11553810,-0.26243423,0.15981421,0,0,0,0,0
1320,274791,0.86370462,-0.83124842,-0.03093035,0.13477664,-0.23382879,0.16361319,0,0,0,0,0
1321,275000,0.88800527,-0.78673232,-0.09152873,0.15476693,-0.24708316,0.15993640,0,0,0,0,0
1322,275208,0.91663921,-0.73785810,-0.16176563,0.17794809,-0.23750500,0.13149756,0,0,0,0,0
1323,275416,0.93574838,-0.70986242,-0.22582313,0.18892203,-0.23315944,0.13476160,0,0,0,0,0
1324,275625,0.95439511,-0.64902541,-0.29578179,0.17011273,-0.22369100,0.12045419,0,0,0,0,0
1325,275833,0.96617998,-0.61448800,-0.34364604,0.18724494,-0.22383319,0.10591034,0,0,0,0,0
1326,276041,0.97080400,-0.55637162,-0.41302459,0.20215810,-0.22360108,0.10294306,0,0,0,0,0
1327,276250,0.96515582,-0.50619188,-0.46681166,0.19743989,-0.20526196,0.07553906,0,0,0,0,0
1328,276458,0.97545298,-0.44985108,-0.52405872,0.20001894,-0.18370962,0.04343312,0,0,0,0,0
1329,276666,0.97473855,-0.38089142,-0.58551961,0.20885712,-0.21477050,0.04260209,0,0,0,0,0
1330,276875,0.95481253,-0.32483128,-0.62900252,0.23179246,-0.18203175,0.00498140,0,0,0,0,0
1331,277083,0.94089853,-0.26292318,-0.68803474,0.21736342,-0.16343641,-0.00509454,0,0,0,0,0
1332,277291,0.93264430,-0.19856774,-0.73716640,0.23150383,-0.17186942,-0.00874253,0,0,0,0,0
1333,277500,0.90994510,-0.13657439,-0.77573758,0.23811262,-0.14081048,-0.02320284,0,0,0,0,0
1334,277708,0.88617371,-0.06392186,-0.81652278,0.23195210,-0.16039944,-0.05489338,0,0,0,0,0
1335,277916,0.85442644,-0.00764442,-0.85555333,0.22987271,-0.14284291,-0.06985096,0,0,0,0,0
1336,278125,0.81951437,0.05779444,-0.88665600,0.22786644,-0.15144373,-0.06968315,0,0,0,0,0
1337,278333,0.78153257,0.13737719,-0.92708190,0.22136946,-0.13121546,-0.10657114,0,0,0,0,0
1338,278541,0.75229363,0.18408839,-0.94195857,0.21335061,-0.13051170,-0.07335919,0,0,0,0,0
1339,278750,0.70249674,0.25533262,-0.98065974,0.21563372,-0.11346077,-0.08292006,0,0,0,0,0
1340,278958,0.65123599,0.31476340,-0.98897688,0.20677864,-0.10450713,-0.11518898,0,0,0,0,0
1341,279166,0.61233247,0.37726420,-1.00454634,0.20183557,-0.08605441,-0.12626877,0,0,0,0,0
1342,279375,0.55733900,0.44027610,-1.01550390,0.19205531,-0.06774595,-0.13079818,0,0,0,0,0
1343,279583,0.50983253,0.48502046,-1.01139129,0.19238001,-0.04676356,-0.12029513,0,0,0,0,0
1344,279791,0.44542035,0.54028187,-1.01361487,0.16971718,-0.02122552,-0.12853956,0,0,0,0,0
1345,280000,0.38165491,0.59148405,-1.01995763,0.16618402,0.00067641,-0.12598538,0,0,0,0,0
1346,280208,0.34524689,0.63820641,-1.00967373,0.15816011,0.00429975,-0.15267057,0,0,0,0,0
1347,280416,0.26877134,0.68704326,-0.98599829,0.13195302,0.03024453,-0.14897201,0,0,0,0,0
1348,280625,0.20989258,0.73662738,-0.97734451,0.12345421,0.04430360,-0.17004879,0,0,0,0,0
1349,280833,0.15322604,0.77563402,-0.95937781,0.09496865,0.06969877,-0.18416573,0,0,0,0,0
1350,281041,0.09200127,0.80747031,-0.93356238,0.07913588,0.07145109,-0.17121433,0,0,0,0,0
1351,281250,0.01658886,0.85673127,-0.90494831,0.06852820,0.10945032,-0.17087563,0,0,0,0,0
1352,281458,-0.02497537,0.88779807,-0.86151125,0.04062795,0.10897989,-0.17964022,0,0,0,0,0
1353,281666,-0.11252878,0.90449950,-0.83231360,0.04197401,0.12144538,-0.14901248,0,0,0,0,0
1354,281875,-0.17028627,0.93814123,-0.79505228,0.01884988,0.13408477,-0.14550994,0,0,0,0,0
1355,282083,-0.23074952,0.95577740,-0.75600620,0.01607255,0.15173137,-0.16242045,0,0,0,0,0
1356,282291,-0.28557571,0.96661788,-0.70648312,0.02366043,0.16403384,-0.15362538,0,0,0,0,0
1357,282500,-0.35100985,0.97944160,-0.64841521,-0.00881043,0.16064470,-0.14959334,0,0,0,0,0
1358,282708,-0.41181430,0.98994640,-0.60364167,-0.02110512,0.18872123,-0.14300084,0,0,0,0,0
1359,282916,-0.46516089,0.99835367,-0.54155898,-0.01039838,0.20035720,-0.14095277,0,0,0,0,0
1360,283125,-0.52643935,0.99375567,-0.48137719,-0.04619807,0.20189126,-0.14837249,0,0,0,0,0
1361,283333,-0.58877809,0.98391586,-0.43453434,-0.03413703,0.19858019,-0.14131235,0,0,0,0,0
1362,283541,-0.63432937,0.98522002,-0.37713387,-0.06921103,0.22096114,-0.15056368,0,0,0,0,0
1363,283750,-0.69075454,0.96539737,-0.30089145,-0.06895571,0.21195915,-0.15010739,0,0,0,0,0
1364,283958,-0.72551665,0.94064885,-0.23544540,-0.08790049,0.23794253,-0.13494083,0,0,0,0,0
1365,284166,-0.77356084,0.92321847,-0.17911150,-0.10118336,0.23257276,-0.14554146,0,0,0,0,0
1366,284375,-0.80738993,0.89025521,-0.11308571,-0.12136238,0.22729474,-0.13110911,0,0,0,0,0
1367,284583,-0.84764122,0.86488517,-0.04922300,-0.10434989,0.25189123,-0.11339069,0,0,0,0,0
1368,284791,-0.87698458,0.83987008,0.02000962,-0.14087030,0.22481293,-0.11898629,0,0,0,0,0
1369,285000,-0.90484200,0.78925844,0.07344489,-0.16015477,0.22929426,-0.11355841,0,0,0,0,0
1370,285208,-0.92234414,0.76238112,0.15233732,-0.16414926,0.22510970,-0.06704210,0,0,0,0,0
1371,285416,-0.94806111,0.71440984,0.20348947,-0.17692443,0.23846299,-0.11328316,0,0,0,0,0
1372,285625,-0.96632604,0.67574240,0.27576290,-0.18666937,0.20461189,-0.09468540,0,0,0,0,0
1373,285833,-0.96325266,0.62110621,0.32042338,-0.20227451,0.21813619,-0.06190631,0,0,0,0,0
1374,286041,-0.97821208,0.56226424,0.38676277,-0.19803841,0.20804056,-0.05952992,0,0,0,0,0
1375,286250,-0.97928761,0.50131817,0.44017604,-0.21852092,0.18981433,-0.03594819,0,0,0,0,0
1376,286458,-0.98034395,0.44938400,0.50179068,-0.23118074,0.18380734,-0.02470230,0,0,0,0,0
1377,286666,-0.96061040,0.38428569,0.56469030,-0.24593480,0.18824322,0.00173075,0,0,0,0,0
1378,286875,-0.97598064,0.32422978,0.62316299,-0.23270661,0.17268903,0.01162616,0,0,0,0,0
1379,287083,-0.93697389,0.26965438,0.66670303,-0.25463163,0.18422201,0.04394418,0,0,0,0,0
1380,287291,-0.93658681,0.19411904,0.70828333,-0.26103923,0.16314542,0.05390757,0,0,0,0,0
1381,287500,-0.91982580,0.13351538,0.76612215,-0.25186417,0.16694563,0.05656483,0,0,0,0,0
1382,287708,-0.88638950,0.06580202,0.79825700,-0.26112829,0.14834770,0.07701990,0,0,0,0,0
1383,287916,-0.85408144,-0.00689080,0.82910555,-0.25367684,0.13997108,0.07700736,0,0,0,0,0
1384,288125,-0.82858378,-0.06297601,0.86691104,-0.23007669,0.15964522,0.08760500,0,0,0,0,0
1385,288333,-0.77888590,-0.12830853,0.89928386,-0.24876359,0.15013424,0.09949223,0,0,0,0,0
1386,288541,-0.73962238,-0.20168602,0.92166716,-0.24918288,0.13767451,0.07769304,0,0,0,0,0
1387,288750,-0.69031879,-0.26713000,0.94725347,-0.24313690,0.12394368,0.09966088,0,0,0,0,0
1388,288958,-0.65888568,-0.32219605,0.96503654,-0.22773435,0.11105552,0.11249194,0,0,0,0,0
1389,289166,-0.60539578,-0.38801935,0.98509333,-0.23900094,0.11585222,0.11385715,0,0,0,0,0
1390,289375,-0.54641239,-0.44208553,0.98927309,-0.23049537,0.09008650,0.12328722,0,0,0,0,0
1391,289583,-0.49714729,-0.50194501,0.99211836,-0.23161500,0.06069716,0.13441948,0,0,0,0,0
1392,289791,-0.44803214,-0.55552483,1.00031749,-0.22103810,0.05876131,0.12538049,0,0,0,0,0
1393,290000,-0.37853102,-0.60228321,0.98066334,-0.21858289,0.02480129,0.13365797,0,0,0,0,0
1394,290208,-0.32450779,-0.65191194,0.97549344,-0.20166615,0.01971171,0.13049747,0,0,0,0,0
1395,290416,-0.25952079,-0.70518549,0.97149382,-0.19056921,0.00352537,0.14793168,0,0,0,0,0
1396,290625,-0.20236187,-0.75705207,0.94421248,-0.15894446,-0.01883490,0.15040960,0,0,0,0,0
1397,290833,-0.14545098,-0.78867453,0.92750894,-0.15681848,-0.02170599,0.14971134,0,0,0,0,0
1398,291041,-0.07713603,-0.83003561,0.91262461,-0.11893282,-0.05239114,0.14156522,0,0,0,0,0
1399,291250,-0.01126461,-0.87523748,0.88029694,-0.11119747,-0.03978276,0.13252564,0,0,0,0,0
1400,291458,0.04981681,-0.89890875,0.83861234,-0.09234434,-0.07131700,0.14042798,0,0,0,0,0
1401,291666,0.11762865,-0.92789488,0.81659600,-0.07677822,-0.07528242,0.14242668,0,0,0,0,0
1402,291875,0.18552851,-0.95710375,0.77466955,-0.07453465,-0.09852756,0.12653441,0,0,0,0,0
1403,292083,0.24563995,-0.97252932,0.72345431,-0.08519728,-0.10771710,0.13903808,0,0,0,0,0
1404,292291,0.31151003,-0.99767801,0.68361541,-0.05019030,-0.12757145,0.13236533,0,0,0,0,0
1405,292500,0.37288480,-1.00318394,0.64300635,-0.03517865,-0.13479722,0.11862853,0,0,0,0,0
1406,292708,0.42480957,-1.00678344,0.58861863,-0.04390601,-0.14990965,0.12451960,0,0,0,0,0
1407,292916,0.49490291,-1.00795112,0.52738098,-0.04626543,-0.13110565,0.11496075,0,0,0,0,0
1408,293125,0.54924746,-1.01240437,0.46812655,-0.01980764,-0.16821093,0.10853964,0,0,0,0,0
1409,293333,0.60724024,-1.01755242,0.42386377,-0.00239506,-0.17256835,0.12169902,0,0,0,0,0
1410,293541,0.66379614,-0.99489124,0.35959152,-0.01397639,-0.16825427,0.09158602,0,0,0,0,0
1411,293750,0.70780929,-0.98695433,0.29993703,0.03218018,-0.18357054,0.10327481,0,0,0,0,0
1412,293958,0.76033662,-0.96393893,0.22700983,0.04095643,-0.17721425,0.10458917,0,0,0,0,0
1413,294166,0.79593739,-0.96264466,0.16816267,0.06330928,-0.19702103,0.08963707,0,0,0,0,0
1414,294375,0.83394012,-0.92731099,0.09621287,0.05952431,-0.18605919,0.09633587,0,0,0,0,0
1415,294583,0.86601477,-0.89716008,0.03741404,0.07203398,-0.18883807,0.09187933,0,0,0,0,0
1416,294791,0.90096081,-0.86068566,-0.02134290,0.09599672,-0.18585665,0.06995961,0,0,0,0,0
1417,295000,0.93010331,-0.83248980,-0.08646657,0.12116720,-0.18101806,0.07243782,0,0,0,0,0
1418,295208,0.95096066,-0.77047036,-0.15450522,0.12575594,-0.19416377,0.05603233,0,0,0,0,0
1419,295416,0.96916699,-0.73675082,-0.20754380,0.14381594,-0.16232670,0.05591205,0,0,0,0,0
1420,295625,0.98799113,-0.69418188,-0.27299368,0.16406103,-0.17161518,0.03363398,0,0,0,0,0
1421,295833,0.99517953,-0.63375874,-0.33423594,0.15136274,-0.16982991,0.01443699,0,0,0,0,0
1422,296041,0.99638609,-0.58384888,-0.39131663,0.20310808,-0.15864908,0.00098583,0,0,0,0,0
1423,296250,0.99995308,-0.53300038,-0.44526449,0.19363061,-0.12215167,-0.00582600,0,0,0,0,0
1424,296458,0.99618214,-0.46034796,-0.49836497,0.18721644,-0.13402266,-0.03451397,0,0,0,0,0
1425,296666,0.98990029,-0.40754901,-0.56313099,0.20595793,-0.15276353,-0.04509835,0,0,0,0,0
1426,296875,0.98701827,-0.33887460,-0.62133133,0.21672726,-0.14106432,-0.06773927,0,0,0,0,0
1427,297083,0.97583274,-0.27680542,-0.67409563,0.22997738,-0.12138773,-0.07310925,0,0,0,0,0
1428,297291,0.95341705,-0.21700744,-0.70721891,0.20862337,-0.13489218,-0.09351543,0,0,0,0,0
1429,297500,0.93365388,-0.14705503,-0.74149030,0.22976807,-0.11779529,-0.10635271,0,0,0,0,0
1430,297708,0.90445317,-0.08311869,-0.79078718,0.22800193,-0.13213400,-0.09750862,0,0,0,0,0
1431,297916,0.86707074,-0.01179073,-0.82369946,0.23085623,-0.12932728,-0.11077663,0,0,0,0,0
1432,298125,0.84083554,0.05763071,-0.85826163,0.24044616,-0.11564257,-0.12097183,0,0,0,0,0
1433,298333,0.79424165,0.10943031,-0.89036939,0.25038806,-0.09664224,-0.15909782,0,0,0,0,0
1434,298541,0.75825108,0.18046585,-0.90902635,0.24829895,-0.09750485,-0.15384844,0,0,0,0,0
1435,298750,0.72097540,0.25333797,-0.93895190,0.24985338,-0.10406032,-0.15375759,0,0,0,0,0
1436,298958,0.66436599,0.30798344,-0.95413911,0.21137405,-0.07641873,-0.14656605,0,0,0,0,0
1437,299166,0.62348796,0.36465786,-0.97691179,0.24855660,-0.06951859,-0.16397824,0,0,0,0,0
1438,299375,0.55559349,0.43581763,-0.97955727,0.22360099,-0.06132276,-0.16778218,0,0,0,0,0
1439,299583,0.50404538,0.49027223,-0.98344632,0.21276725,-0.04923301,-0.16623609,0,0,0,0,0
1440,299791,0.45448090,0.53871044,-0.97702612,0.21138817,-0.04116320,-0.18238167,0,0,0,0,0
1441,300000,0.38745666,0.59658296,-0.97707364,0.20065837,-0.01714518,-0.17397856,0,0,0,0,0
1442,300208,0.34871853,0.65379686,-0.96639903,0.20477441,-0.00733980,-0.18540038,0,0,0,0,0
1443,300416,0.27766389,0.70075457,-0.95255550,0.17820653,-0.00187014,-0.17626721,0,0,0,0,0
1444,300625,0.21002942,0.74378340,-0.93634692,0.17299019,0.03371352,-0.20354501,0,0,0,0,0
1445,300833,0.15515835,0.78765618,-0.91538344,0.15653376,0.02594351,-0.19449644,0,0,0,0,0
1446,301041,0.08550277,0.83225226,-0.89100892,0.16053088,0.03426030,-0.18063032,0,0,0,0,0
1447,301250,0.01481062,0.87587170,-0.86570569,0.11803950,0.05922149,-0.16195853,0,0,0,0,0
1448,301458,-0.04975741,0.90597611,-0.83158195,0.12302634,0.07025238,-0.16177986,0,0,0,0,0
1449,301666,-0.11712197,0.92651362,-0.79028554,0.10121457,0.06981746,-0.15537501,0,0,0,0,0
1450,301875,-0.17458232,0.96018833,-0.75420981,0.08276158,0.06712888,-0.15289147,0,0,0,0,0
1451,302083,-0.24971697,0.97206408,-0.71450540,0.08226151,0.11284984,-0.15063090,0,0,0,0,0
1452,302291,-0.30186567,0.99438678,-0.66270672,0.07404309,0.12487241,-0.15853040,0,0,0,0,0
1453,302500,-0.37090269,1.01030959,-0.61410400,0.06859262,0.11008872,-0.12602374,0,0,0,0,0
1454,302708,-0.43717377,1.02041489,-0.57363170,0.07325862,0.12913992,-0.13064594,0,0,0,0,0
1455,302916,-0.49677588,1.01635678,-0.51379513,0.04425108,0.12990455,-0.13836714,0,0,0,0,0
1456,303125,-0.54487798,1.02319840,-0.45444013,0.03453872,0.15065334,-0.12334430,0,0,0,0,0
1457,303333,-0.60120874,1.02395033,-0.39005110,0.03153123,0.15017080,-0.11088845,0,0,0,0,0
1458,303541,-0.66376241,1.01006901,-0.33053019,0.01230980,0.14947602,-0.12274837,0,0,0,0,0
1459,303750,-0.71106952,1.00149024,-0.26561567,0.01008983,0.15394084,-0.11532560,0,0,0,0,0
1460,303958,-0.76126242,0.97621892,-0.21267287,-0.01579735,0.17276081,-0.09942754,0,0,0,0,0
1461,304166,-0.81825598,0.95436701,-0.13182001,-0.03227032,0.14309365,-0.10798055,0,0,0,0,0
1462,304375,-0.85467041,0.93257504,-0.07648461,-0.02964996,0.16770031,-0.07901184,0,0,0,0,0
1463,304583,-0.87169514,0.90217253,-0.01645572,-0.04806863,0.16052558,-0.08600174,0,0,0,0,0
1464,304791,-0.90978132,0.87046801,0.05010120,-0.05756149,0.17644417,-0.07288910,0,0,0,0,0
1465,305000,-0.93706336,0.83042714,0.11061772,-0.07946192,0.13753134,-0.06732325,0,0,0,0,0
1466,305208,-0.96337441,0.79543198,0.17146991,-0.08204931,0.16311461,-0.03796919,0,0,0,0,0
1467,305416,-0.98821211,0.75625715,0.23004939,-0.12241190,0.13726016,-0.04108123,0,0,0,0,0
1468,305625,-0.99899816,0.70626654,0.29479178,-0.11931271,0.15434572,-0.04035362,0,0,0,0,0
1469,305833,-1.00652786,0.66239501,0.35502665,-0.12575127,0.13469599,-0.02776153,0,0,0,0,0
1470,306041,-1.01765518,0.60515523,0.41164716,-0.14493186,0.12808094,0.00216762,0,0,0,0,0
1471,306250,-1.01877114,0.55595873,0.46725825,-0.13942373,0.14604545,0.01554458,0,0,0,0,0
1472,306458,-1.02375209,0.48920166,0.52883087,-0.14489954,0.11107324,0.03814404,0,0,0,0,0
1473,306666,-1.01602041,0.42408019,0.58548090,-0.14210774,0.10146028,0.04959316,0,0,0,0,0
1474,306875,-1.00647645,0.36744118,0.64120773,-0.16638869,0.10162176,0.08251579,0,0,0,0,0
1475,307083,-0.98471716,0.30395617,0.67748902,-0.18164344,0.09552752,0.10134501,0,0,0,0,0
1476,307291,-0.97453644,0.24135422,0.72348902,-0.18641139,0.08273077,0.11444628,0,0,0,0,0
1477,307500,-0.95129514,0.16506326,0.77304417,-0.20168607,0.08193044,0.14255376,0,0,0,0,0
1478,307708,-0.92197628,0.09724956,0.80604739,-0.19274368,0.07674054,0.13629871,0,0,0,0,0
1479,307916,-0.89933573,0.03008303,0.85340467,-0.18085876,0.08678793,0.16535495,0,0,0,0,0
1480,308125,-0.86379941,-0.03125298,0.88235023,-0.20604641,0.08020307,0.14972543,0,0,0,0,0
1481,308333,-0.81560970,-0.10047213,0.90146870,-0.19814551,0.07715331,0.16881949,0,0,0,0,0
1482,308541,-0.77820014,-0.15972656,0.92972196,-0.18968988,0.07094658,0.17912973,0,0,0,0,0
1483,308750,-0.73207965,-0.22797801,0.94030643,-0.21978681,0.05161134,0.17595542,0,0,0,0,0
1484,308958,-0.69185722,-0.28892494,0.96372000,-0.21120847,0.02974904,0.16774307,0,0,0,0,0
1485,309166,-0.63425949,-0.34081499,0.98273232,-0.21400168,0.04350860,0.17845726,0,0,0,0,0
1486,309375,-0.58964603,-0.40892837,0.98904863,-0.18748253,0.01698417,0.19110818,0,0,0,0,0
1487,309583,-0.53242160,-0.46953019,0.98941697,-0.19142687,0.01055338,0.20750261,0,0,0,0,0
1488,309791,-0.47508312,-0.51988908,0.98712184,-0.17865565,-0.01345570,0.23041824,0,0,0,0,0
1489,310000,-0.41747169,-0.57988049,0.98060804,-0.16470942,-0.02581116,0.19775158,0,0,0,0,0
1490,310208,-0.34581552,-0.62018204,0.96752083,-0.16949983,-0.02731994,0.20374094,0,0,0,0,0
1491,310416,-0.30013984,-0.66808525,0.95956284,-0.13726000,-0.06130436,0.21504741,0,0,0,0,0
1492,310625,-0.23312563,-0.73342081,0.93624592,-0.13908245,-0.06073082,0.22647296,0,0,0,0,0
1493,310833,-0.16551039,-0.77082005,0.91260065,-0.11689153,-0.07467135,0.22317380,0,0,0,0,0
1494,311041,-0.10338778,-0.81409215,0.89499474,-0.11359754,-0.09362865,0.21674628,0,0,0,0,0
1495,311250,-0.04633498,-0.84093575,0.85790121,-0.10386932,-0.11030000,0.21857344,0,0,0,0,0
1496,311458,0.03051699,-0.87357941,0.82160509,-0.08081395,-0.11034711,0.21137864,0,0,0,0,0
1497,311666,0.09795809,-0.90923245,0.78681102,-0.07252182,-0.13647962,0.20548965,0,0,0,0,0
1498,311875,0.15303406,-0.93772692,0.75822360,-0.08736542,-0.12473321,0.20212382,0,0,0,0,0
1499,312083,0.24121178,-0.95875557,0.70274567,-0.06024691,-0.15310191,0.17574744,0,0,0,0,0
1500,312291,0.29124376,-0.98040515,0.65992684,-0.06748563,-0.15861878,0.17056562,0,0,0,0,0
1501,312500,0.35390985,-0.99641043,0.61080959,-0.06659222,-0.15883433,0.18396536,0,0,0,0,0
1502,312708,0.40767745,-0.99726129,0.56562612,-0.03267006,-0.16668254,0.18141921,0,0,0,0,0
1503,312916,0.47801502,-1.00937128,0.50103012,-0.03242634,-0.17046436,0.16686341,0,0,0,0,0
1504,313125,0.52967778,-1.01227321,0.44135078,-0.01653868,-0.17262780,0.16500842,0,0,0,0,0
1505,313333,0.59350255,-0.99262082,0.39073990,-0.02899442,-0.18019535,0.15078919,0,0,0,0,0
1506,313541,0.65019692,-0.99657404,0.32064015,0.00234981,-0.17153554,0.15301655,0,0,0,0,0
1507,313750,0.69809648,-0.98228527,0.26258883,-0.00028705,-0.18112252,0.14634594,0,0,0,0,0
1508,313958,0.73637398,-0.96588754,0.20457496,0.01424060,-0.18090820,0.15139893,0,0,0,0,0
1509,314166,0.78645412,-0.94650956,0.13434740,0.02753751,-0.17851714,0.10848424,0,0,0,0,0
1510,314375,0.83203893,-0.92341498,0.06033799,0.03850132,-0.17716983,0.11537212,0,0,0,0,0
1511,314583,0.86734397,-0.90203429,-0.00843081,0.05466328,-0.17892835,0.09710926,0,0,0,0,0
1512,314791,0.89892987,-0.86907070,-0.06082775,0.06718247,-0.17289083,0.10262249,0,0,0,0,0
1513,315000,0.93059424,-0.82671096,-0.12507157,0.07922140,-0.16913921,0.09142620,0,0,0,0,0
1514,315208,0.95908177,-0.78664308,-0.19376602,0.08004742,-0.15491957,0.07765582,0,0,0,0,0
1515,315416,0.97552303,-0.74630081,-0.24732712,0.11046908,-0.16091861,0.07091635,0,0,0,0,0
1516,315625,0.98623576,-0.69974662,-0.31125882,0.12421324,-0.12925492,0.04230886,0,0,0,0,0
1517,315833,0.99481835,-0.65572847,-0.36302638,0.11471848,-0.14111065,0.03934755,0,0,0,0,0
1518,316041,1.00270822,-0.60430041,-0.42456148,0.13108414,-0.13650001,0.02332762,0,0,0,0,0
1519,316250,1.01058010,-0.54645934,-0.49069223,0.13456491,-0.13403429,-0.00816249,0,0,0,0,0
1520,316458,1.01260749,-0.48678253,-0.55157578,0.13638744,-0.12158441,-0.03443049,0,0,0,0,0
1521,316666,1.01117078,-0.42759608,-0.59212306,0.15016295,-0.10036332,-0.04253802,0,0,0,0,0
1522,316875,1.00476927,-0.36133357,-0.65002351,0.14765395,-0.07324957,-0.05711682,0,0,0,0,0
1523,317083,0.98311236,-0.30536242,-0.69481377,0.15423317,-0.08128771,-0.09072112,0,0,0,0,0
1524,317291,0.97622491,-0.23076237,-0.74106007,0.16257414,-0.07361719,-0.10450670,0,0,0,0,0
1525,317500,0.95298608,-0.17816529,-0.78226972,0.16787361,-0.06708296,-0.11403166,0,0,0,0,0
1526,317708,0.93088684,-0.11113467,-0.82115441,0.17224680,-0.08428205,-0.13986136,0,0,0,0,0
1527,317916,0.89999975,-0.03944779,-0.87392901,0.16128001,-0.07441607,-0.15956731,0,0,0,0,0
1528,318125,0.86745990,0.02773106,-0.90370553,0.16596926,-0.05059632,-0.15501550,0,0,0,0,0
1529,318333,0.83203113,0.08671419,-0.92389935,0.16214461,-0.05805728,-0.17513702,0,0,0,0,0
1530,318541,0.78870188,0.14691513,-0.95383185,0.17370703,-0.06297897,-0.15778108,0,0,0,0,0
1531,318750,0.74187994,0.21251409,-0.97191170,0.17950246,-0.03784676,-0.18177345,0,0,0,0,0
1532,318958,0.70094411,0.28031314,-0.98674103,0.17668676,-0.03516149,-0.18072910,0,0,0,0,0
1533,319166,0.64724551,0.33171842,-0.99724349,0.17533404,0.00548144,-0.17542974,0,0,0,0,0
1534,319375,0.58923050,0.39551130,-1.00903410,0.14581961,0.00014447,-0.18807353,0,0,0,0,0
1535,319583,0.53797982,0.45111891,-1.01618415,0.16136739,0.00667359,-0.19204614,0,0,0,0,0
1536,319791,0.47770245,0.50581344,-1.00291227,0.14858299,0.05484865,-0.22007578,0,0,0,0,0
1537,320000,0.42351075,0.57454450,-1.00461968,0.13887115,0.04701026,-0.21089989,0,0,0,0,0
1538,320208,0.36799268,0.60990828,-0.99274480,0.13979371,0.05073763,-0.22179418,0,0,0,0,0
1539,320416,0.31096269,0.66406546,-0.98127715,0.10995647,0.08266503,-0.22943145,0,0,0,0,0
1540,320625,0.24731309,0.70197091,-0.95215475,0.08262585,0.08350756,-0.22527589,0,0,0,0,0
1541,320833,0.17960207,0.76149611,-0.93516980,0.09447067,0.11290863,-0.22152098,0,0,0,0,0
1542,321041,0.11414599,0.78802061,-0.91205609,0.05440386,0.10273844,-0.22727933,0,0,0,0,0
1543,321250,0.04590099,0.83079143,-0.88069095,0.06028325,0.13854302,-0.22807787,0,0,0,0,0
1544,321458,-0.01012498,0.85523336,-0.85441848,0.04638109,0.13675964,-0.24155944,0,0,0,0,0
1545,321666,-0.06879943,0.89371245,-0.81675597,0.04463661,0.14472498,-0.21658356,0,0,0,0,0
1546,321875,-0.14234740,0.92934961,-0.76513840,0.03776947,0.16472860,-0.23119267,0,0,0,0,0
1547,322083,-0.19900828,0.94867839,-0.72068109,0.02331985,0.15751858,-0.20675944,0,0,0,0,0
1548,322291,-0.27358122,0.96130435,-0.66989673,0.01427225,0.18518824,-0.21327047,0,0,0,0,0
1549,322500,-0.33409336,0.96854256,-0.62426464,0.00457164,0.18059684,-0.20545253,0,0,0,0,0
1550,322708,-0.40370008,0.98839944,-0.56838803,0.00414049,0.17240482,-0.20978824,0,0,0,0,0
1551,322916,-0.45369886,0.99092231,-0.51395891,-0.00356164,0.21560357,-0.21766355,0,0,0,0,0
1552,323125,-0.52011320,0.98498029,-0.46103293,-0.00559026,0.19929383,-0.19198111,0,0,0,0,0
1553,323333,-0.57420102,0.99001311,-0.39182738,-0.01758985,0.21254246,-0.18634855,0,0,0,0,0
1554,323541,-0.63075922,0.97676492,-0.32701923,-0.02458676,0.21376293,-0.19006980,0,0,0,0,0
1555,323750,-0.66666790,0.96329767,-0.27219245,-0.03200566,0.22396247,-0.16597517,0,0,0,0,0
1556,323958,-0.72890289,0.94874084,-0.20042489,-0.03569450,0.18756213,-0.16271353,0,0,0,0,0
1557,324166,-0.75776195,0.93244325,-0.14276728,-0.05299633,0.22638586,-0.16052313,0,0,0,0,0
1558,324375,-0.81109165,0.90821376,-0.07436159,-0.05811953,0.22850343,-0.15585032,0,0,0,0,0
1559,324583,-0.84413475,0.88156042,-0.01736553,-0.10482486,0.22388824,-0.14904905,0,0,0,0,0
1560,324791,-0.88372565,0.83912637,0.04516372,-0.08399371,0.20837031,-0.12397235,0,0,0,0,0
1561,325000,-0.91257300,0.81716810,0.12364430,-0.10574086,0.20285122,-0.11808330,0,0,0,0,0
1562,325208,-0.93549529,0.76476824,0.17500655,-0.10385551,0.20561048,-0.11518942,0,0,0,0,0
1563,325416,-0.95157714,0.73081095,0.24328243,-0.11545236,0.20078078,-0.10303312,0,0,0,0,0
1564,325625,-0.96667962,0.67062925,0.31074707,-0.12514421,0.18084249,-0.07040352,0,0,0,0,0
1565,325833,-0.97893506,0.63225575,0.36589764,-0.13490764,0.18112449,-0.07541625,0,0,0,0,0
1566,326041,-0.99145809,0.58724373,0.43536914,-0.15713491,0.15598446,-0.06821924,0,0,0,0,0
1567,326250,-0.99699339,0.52826004,0.48206170,-0.15497393,0.15375068,-0.02566210,0,0,0,0,0
1568,326458,-0.99694975,0.46451180,0.53876896,-0.16348165,0.15323939,-0.02337685,0,0,0,0,0
1569,326666,-0.99102041,0.41069619,0.60697745,-0.16135360,0.15352245,0.01010602,0,0,0,0,0
1570,326875,-0.97971437,0.35739851,0.65703149,-0.19183869,0.13966095,0.01730499,0,0,0,0,0
1571,327083,-0.96581278,0.29019306,0.70122190,-0.16282200,0.13147086,0.03892409,0,0,0,0,0
1572,327291,-0.95526951,0.22183757,0.75094698,-0.19299097,0.12320695,0.06203866,0,0,0,0,0
1573,327500,-0.93614953,0.15716057,0.78589121,-0.17608200,0.11525580,0.07180118,0,0,0,0,0
1574,327708,-0.90644099,0.09556149,0.82584291,-0.17715741,0.11973532,0.09115823,0,0,0,0,0
1575,327916,-0.87917329,0.02410103,0.87362297,-0.19945115,0.08675434,0.10417455,0,0,0,0,0
1576,328125,-0.83750379,-0.03542393,0.90486953,-0.17895438,0.09716431,0.12261925,0,0,0,0,0
1577,328333,-0.81575387,-0.10783244,0.93639400,-0.19090191,0.06447074,0.13266587,0,0,0,0,0
1578,328541,-0.77338715,-0.16342085,0.96475277,-0.18787448,0.08013243,0.14761646,0,0,0,0,0
1579,328750,-0.72693955,-0.23437194,0.97881032,-0.17662365,0.04876653,0.15883462,0,0,0,0,0
1580,328958,-0.68570166,-0.28898236,1.00636665,-0.17381249,0.04415796,0.17077526,0,0,0,0,0
1581,329166,-0.63336656,-0.34424362,1.01458743,-0.18624051,0.03805160,0.15471815,0,0,0,0,0
1582,329375,-0.58237547,-0.40988606,1.01949033,-0.17467508,0.02259728,0.16934086,0,0,0,0,0
1583,329583,-0.53693503,-0.46857374,1.01958078,-0.14982688,-0.00173716,0.18258479,0,0,0,0,0
1584,329791,-0.47450801,-0.51688878,1.01678380,-0.14065168,-0.01607335,0.18761263,0,0,0,0,0
1585,330000,-0.42116321,-0.55888070,1.01795390,-0.14282646,-0.05239607,0.20492346,0,0,0,0,0
1586,330208,-0.35414565,-0.61818087,1.01029088,-0.11769828,-0.06790428,0.20628509,0,0,0,0,0
1587,330416,-0.30358290,-0.66205983,0.99259456,-0.09784406,-0.08139848,0.19920298,0,0,0,0,0
1588,330625,-0.23908165,-0.70442491,0.97137738,-0.08870551,-0.07221688,0.21379506,0,0,0,0,0
1589,330833,-0.17568441,-0.76252314,0.94943199,-0.05050065,-0.09064653,0.21439656,0,0,0,0,0
1590,331041,-0.11313088,-0.79135137,0.92595229,-0.07271114,-0.10591707,0.21195051,0,0,0,0,0
1591,331250,-0.05317376,-0.82737174,0.90238994,-0.05441635,-0.12592715,0.20081033,0,0,0,0,0
1592,331458,0.02098615,-0.86727837,0.86254214,-0.03184620,-0.14551005,0.21778565,0,0,0,0,0
1593,331666,0.08244849,-0.89326238,0.81335494,-0.01675502,-0.15123065,0.21747771,0,0,0,0,0
1594,331875,0.14783891,-0.91865405,0.78557573,-0.01363632,-0.15932118,0.20354531,0,0,0,0,0
1595,332083,0.20705913,-0.93506094,0.74384086,-0.00926482,-0.15465365,0.18604906,0,0,0,0,0
1596,332291,0.27658346,-0.95738336,0.68936896,-0.00627429,-0.16501646,0.19761937,0,0,0,0,0
1597,332500,0.33567419,-0.97300850,0.64050761,-0.00322844,-0.18305423,0.19437780,0,0,0,0,0
1598,332708,0.39848466,-0.97625675,0.58910604,0.03419495,-0.21792561,0.18942391,0,0,0,0,0
1599,332916,0.45841982,-0.98632393,0.53119909,0.01531313,-0.20977688,0.17810633,0,0,0,0,0
1600,333125,0.51491360,-0.97511257,0.46937943,0.03012727,-0.21720777,0.18769385,0,0,0,0,0
1601,333333,0.56708006,-0.97617027,0.40783281,0.03709678,-0.21982876,0.18638655,0,0,0,0,0
1602,333541,0.60864301,-0.96881538,0.34874611,0.05385421,-0.23111039,0.17933069,0,0,0,0,0
1603,333750,0.67403938,-0.96039981,0.28338866,0.05722076,-0.23142124,0.17429619,0,0,0,0,0
1604,333958,0.71833577,-0.93323604,0.21810423,0.09002381,-0.24318946,0.18548024,0,0,0,0,0
1605,334166,0.76673963,-0.91310405,0.16063792,0.07529131,-0.22443518,0.17580175,0,0,0,0,0
1606,334375,0.80264177,-0.89518536,0.09445656,0.08177314,-0.23595797,0.16675948,0,0,0,0,0
1607,334583,0.84407759,-0.86373020,0.03100626,0.12292231,-0.23395701,0.16656287,0,0,0,0,0
1608,334791,0.87224139,-0.83905997,-0.02953531,0.10752701,-0.23508733,0.13039169,0,0,0,0,0
1609,335000,0.89550153,-0.79388149,-0.10079875,0.13564729,-0.23562099,0.14008162,0,0,0,0,0
1610,335208,0.91897694,-0.76084609,-0.15520213,0.13533236,-0.22209554,0.13202723,0,0,0,0,0
1611,335416,0.94075521,-0.72255343,-0.22387519,0.15055585,-0.21489031,0.09416497,0,0,0,0,0
1612,335625,0.95914746,-0.65796073,-0.29002596,0.15632856,-0.18648525,0.10312295,0,0,0,0,0
1613,335833,0.97398147,-0.62422627,-0.34842588,0.18233358,-0.21805476,0.07821997,0,0,0,0,0
1614,336041,0.98577756,-0.56355518,-0.41652540,0.17403293,-0.19116485,0.05196477,0,0,0,0,0
1615,336250,0.98497349,-0.51824051,-0.46562472,0.18596714,-0.17403295,0.05667206,0,0,0,0,0
1616,336458,0.98057015,-0.45819319,-0.52776281,0.17957769,-0.18507860,0.02799261,0,0,0,0,0
1617,336666,0.98577133,-0.39061265,-0.58372699,0.20719278,-0.15600751,0.00819945,0,0,0,0,0
1618,336875,0.97119186,-0.33274654,-0.63496657,0.20084920,-0.14941377,-0.00005878,0,0,0,0,0
1619,337083,0.94635385,-0.27762707,-0.68316606,0.20127598,-0.14537590,-0.03608900,0,0,0,0,0
1620,337291,0.94113524,-0.20235178,-0.73663004,0.21302918,-0.16405101,-0.04185696,0,0,0,0,0
1621,337500,0.92394378,-0.14206454,-0.78530580,0.20116338,-0.11795349,-0.05072465,0,0,0,0,0
1622,337708,0.88959345,-0.07428555,-0.82458489,0.21987865,-0.12173583,-0.07907507,0,0,0,0,0
1623,337916,0.85989278,-0.00733393,-0.85455923,0.22427656,-0.12993989,-0.07873178,0,0,0,0,0
1624,338125,0.82598664,0.04717098,-0.90072366,0.23188981,-0.11775169,-0.10675915,0,0,0,0,0
1625,338333,0.79185889,0.11625433,-0.92484258,0.21783564,-0.12080455,-0.11146238,0,0,0,0,0
1626,338541,0.75520376,0.18368376,-0.95562222,0.20755852,-0.12318719,-0.09374155,0,0,0,0,0
1627,338750,0.70778237,0.23765702,-0.96958285,0.21076916,-0.09760578,-0.10501358,0,0,0,0,0
1628,338958,0.66557180,0.30319492,-0.98497295,0.21595553,-0.08807848,-0.12252132,0,0,0,0,0
1629,339166,0.61128103,0.36566996,-1.00728198,0.19531269,-0.06313078,-0.12077703,0,0,0,0,0
1630,339375,0.56836287,0.43042837,-1.00575730,0.18828546,-0.04687151,-0.14337481,0,0,0,0,0
1631,339583,0.51864179,0.48343351,-1.01469654,0.19388245,-0.01836560,-0.14331116,0,0,0,0,0
1632,339791,0.45364909,0.54066652,-1.02212501,0.16006146,-0.02327698,-0.13879991,0,0,0,0,0
1633,340000,0.40874952,0.58823823,-1.01366729,0.16331812,0.00340308,-0.17875722,0,0,0,0,0
1634,340208,0.33689381,0.64485129,-1.00382637,0.15886229,0.01482068,-0.17093149,0,0,0,0,0
1635,340416,0.28627582,0.68428045,-0.99105560,0.13518938,0.03381488,-0.17206495,0,0,0,0,0
1636,340625,0.21998865,0.72788462,-0.97452426,0.10189301,0.06801904,-0.16066592,0,0,0,0,0
1637,340833,0.15516139,0.76907226,-0.95098429,0.09287705,0.07818922,-0.17384707,0,0,0,0,0
1638,341041,0.08802043,0.80244935,-0.92665251,0.09870024,0.08701411,-0.17469015,0,0,0,0,0
1639,341250,0.03193759,0.85053582,-0.90088718,0.04914057,0.09022013,-0.18060508,0,0,0,0,0
1640,341458,-0.03281578,0.88128962,-0.86282680,0.05163671,0.12679855,-0.14815437,0,0,0,0,0
1641,341666,-0.10056764,0.90091533,-0.81609747,0.02084694,0.13336460,-0.18160841,0,0,0,0,0
1642,341875,-0.15717131,0.92094331,-0.78922599,0.03299349,0.13639740,-0.16917815,0,0,0,0,0
1643,342083,-0.22252795,0.95874617,-0.74596306,0.01913010,0.15672338,-0.19076575,0,0,0,0,0
1644,342291,-0.27792624,0.97508763,-0.70217088,0.02202660,0.16649938,-0.15430238,0,0,0,0,0
1645,342500,-0.34332953,0.98136365,-0.65075407,0.01517569,0.16730641,-0.18704601,0,0,0,0,0
1646,342708,-0.41321744,0.99303413,-0.59380934,-0.02114076,0.18105901,-0.17207858,0,0,0,0,0
1647,342916,-0.47361724,0.99588458,-0.53062651,-0.00115374,0.19252483,-0.16595744,0,0,0,0,0
1648,343125,-0.52185872,1.00167736,-0.47038044,-0.01338774,0.20329578,-0.15490788,0,0,0,0,0
1649,343333,-0.57570530,0.98489672,-0.42058508,-0.01985675,0.20690954,-0.14672618,0,0,0,0,0
1650,343541,-0.64244044,0.97354865,-0.36683652,-0.03682239,0.21031930,-0.15706618,0,0,0,0,0
1651,343750,-0.68340499,0.97274994,-0.30082714,-0.06189096,0.21986514,-0.14900622,0,0,0,0,0
1652,343958,-0.71482818,0.95186416,-0.23475131,-0.06534274,0.22240024,-0.13583076,0,0,0,0,0
1653,344166,-0.77982412,0.92330079,-0.16572310,-0.08996935,0.21872597,-0.13150616,0,0,0,0,0
1654,344375,-0.81841435,0.89789609,-0.10231198,-0.08853036,0.22634498,-0.13029646,0,0,0,0,0
1655,344583,-0.85216277,0.87083545,-0.04321100,-0.12966786,0.23097959,-0.13257031,0,0,0,0,0
1656,344791,-0.87810025,0.83741579,0.02559840,-0.14679087,0.22841300,-0.11055476,0,0,0,0,0
1657,345000,-0.90946524,0.79035253,0.08649209,-0.13482262,0.20591646,-0.11759420,0,0,0,0,0
1658,345208,-0.92706259,0.75833683,0.14976504,-0.14342221,0.20997303,-0.09853816,0,0,0,0,0
1659,345416,-0.94824179,0.71382808,0.21377462,-0.14407962,0.21825916,-0.08471415,0,0,0,0,0
1660,345625,-0.97202454,0.66545659,0.28306660,-0.18461410,0.20773692,-0.08602869,0,0,0,0,0
1661,345833,-0.97307877,0.62327584,0.33593659,-0.19895525,0.20273287,-0.07038018,0,0,0,0,0
1662,346041,-0.97363282,0.56926274,0.39185292,-0.19331709,0.19830078,-0.05123807,0,0,0,0,0
1663,346250,-0.98148878,0.51307549,0.45700536,-0.18742404,0.17444998,-0.03855713,0,0,0,0,0
1664,346458,-0.98333886,0.45114783,0.51344475,-0.21834583,0.17748747,0.00204383,0,0,0,0,0
1665,346666,-0.98645352,0.39176013,0.56329162,-0.22072264,0.16168477,0.01566713,0,0,0,0,0
1666,346875,-0.96061001,0.34144546,0.61531441,-0.23809097,0.16727197,0.03554033,0,0,0,0,0
1667,347083,-0.96124987,0.27649909,0.65904310,-0.21626132,0.15557592,0.03255901,0,0,0,0,0
1668,347291,-0.94695483,0.20807267,0.70556086,-0.21497127,0.14627028,0.04332634,0,0,0,0,0
1669,347500,-0.92565059,0.14152183,0.76690701,-0.22713395,0.15405397,0.06837428,0,0,0,0,0
1670,347708,-0.89039345,0.07839512,0.80638209,-0.22466481,0.14880594,0.08611231,0,0,0,0,0
1671,347916,-0.86641476,0.00596212,0.84809329,-0.23651975,0.13290811,0.09402415,0,0,0,0,0
1672,348125,-0.82832536,-0.06147392,0.87784154,-0.23450335,0.12341828,0.11215039,0,0,0,0,0
1673,348333,-0.80332542,-0.11923544,0.90181321,-0.23909008,0.12211297,0.09600094,0,0,0,0,0
1674,348541,-0.74961208,-0.18821902,0.93872569,-0.23434427,0.12049200,0.12473225,0,0,0,0,0
1675,348750,-0.70584746,-0.25964587,0.95717928,-0.21225842,0.11530022,0.11808585,0,0,0,0,0
1676,348958,-0.66057816,-0.31815766,0.96777576,-0.23156935,0.09230220,0.12840177,0,0,0,0,0
1677,349166,-0.61033823,-0.37992201,0.98009243,-0.21923531,0.07190088,0.12649508,0,0,0,0,0
1678,349375,-0.54858965,-0.42660232,0.98887948,-0.22308055,0.06373272,0.13834869,0,0,0,0,0
1679,349583,-0.51267040,-0.49856168,0.99204754,-0.18815408,0.04813658,0.14791768,0,0,0,0,0
1680,349791,-0.45219143,-0.54014563,1.01677556,-0.18864035,0.03830728,0.15450751,0,0,0,0,0
1681,350000,-0.38843465,-0.60010977,0.98996510,-0.18924043,-0.00110494,0.15846491,0,0,0,0,0
1682,350208,-0.34150407,-0.64790171,0.98473230,-0.17758562,-0.02049391,0.14799554,0,0,0,0,0
1683,350416,-0.26721312,-0.69446927,0.97731499,-0.15224706,-0.02138891,0.15210998,0,0,0,0,0
1684,350625,-0.21094208,-0.74270739,0.95304567,-0.13311668,-0.02222681,0.16864669,0,0,0,0,0
1685,350833,-0.14959624,-0.78473854,0.94130461,-0.10863905,-0.05148867,0.15086949,0,0,0,0,0
1686,351041,-0.07609330,-0.83256950,0.91583904,-0.10902232,-0.05965880,0.16808424,0,0,0,0,0
1687,351250,-0.02313340,-0.86186847,0.87880722,-0.10613218,-0.07591618,0.16358108,0,0,0,0,0
1688,351458,0.05382658,-0.89777592,0.84746982,-0.09428184,-0.10306431,0.15210907,0,0,0,0,0
1689,351666,0.11158383,-0.92204326,0.81315904,-0.06668931,-0.08538563,0.15374679,0,0,0,0,0
1690,351875,0.17977241,-0.95239082,0.77928369,-0.06386628,-0.11668697,0.15945082,0,0,0,0,0
1691,352083,0.22938826,-0.96631353,0.72310264,-0.04664469,-0.13566247,0.18732899,0,0,0,0,0
1692,352291,0.30060858,-0.99127257,0.68519892,-0.04054897,-0.13868420,0.16156530,0,0,0,0,0
1693,352500,0.37200239,-0.99997285,0.62591715,-0.02925125,-0.14525681,0.16153654,0,0,0,0,0
1694,352708,0.42130146,-1.00775367,0.58194657,-0.02476168,-0.15566383,0.15969009,0,0,0,0,0
1695,352916,0.48166919,-1.00227838,0.52761513,-0.01938890,-0.15586983,0.12742931,0,0,0,0,0
1696,353125,0.54447976,-1.00803659,0.46782533,-0.00427263,-0.13780735,0.14716213,0,0,0,0,0
1697,353333,0.59689671,-1.00167218,0.40770683,0.01765229,-0.17092452,0.11362565,0,0,0,0,0
1698,353541,0.66365804,-1.00112802,0.35390184,0.02072714,-0.17878286,0.12767266,0,0,0,0,0
1699,353750,0.70652609,-0.97969705,0.27468817,0.03056559,-0.18600222,0.12076140,0,0,0,0,0
1700,353958,0.75158571,-0.97648756,0.23183216,0.04849046,-0.18423175,0.10647244,0,0,0,0,0
1701,354166,0.78499301,-0.93527189,0.15369922,0.04955606,-0.18712104,0.12087353,0,0,0,0,0
1702,354375,0.83419616,-0.93147950,0.10147395,0.06947927,-0.19684751,0.10745662,0,0,0,0,0
1703,354583,0.86390493,-0.88619706,0.03819004,0.07107733,-0.19811824,0.09889262,0,0,0,0,0
1704,354791,0.89809047,-0.85577173,-0.02030390,0.09981033,-0.19665356,0.09499151,0,0,0,0,0
1705,355000,0.91952396,-0.81246144,-0.08678832,0.11177548,-0.18371959,0.06537981,0,0,0,0,0
1706,355208,0.94618523,-0.77417742,-0.16101852,0.12178913,-0.19822384,0.07899796,0,0,0,0,0
1707,355416,0.96078621,-0.73386848,-0.21793127,0.13228057,-0.19030190,0.06751407,0,0,0,0,0
1708,355625,0.97280456,-0.69055287,-0.27541112,0.15859789,-0.20667375,0.06232005,0,0,0,0,0
1709,355833,1.00466475,-0.63142937,-0.34057487,0.15957851,-0.14814723,0.03350531,0,0,0,0,0
1710,356041,0.99060162,-0.57497287,-0.39097907,0.17370157,-0.16310981,0.02490756,0,0,0,0,0
1711,356250,1.00161037,-0.51653565,-0.45518791,0.18085267,-0.14356374,-0.01760106,0,0,0,0,0
1712,356458,0.99335685,-0.46520153,-0.51868879,0.19002572,-0.16282675,-0.01829477,0,0,0,0,0
1713,356666,0.98756272,-0.40785199,-0.56153209,0.20234773,-0.14040415,-0.02741571,0,0,0,0,0
1714,356875,0.98327844,-0.34732300,-0.61868719,0.20009068,-0.13002230,-0.05427664,0,0,0,0,0
1715,357083,0.97750776,-0.27798343,-0.66765049,0.22821999,-0.14463424,-0.06745086,0,0,0,0,0
1716,357291,0.95174252,-0.21547812,-0.72047764,0.21504862,-0.13674772,-0.07037658,0,0,0,0,0
1717,357500,0.94336161,-0.14691344,-0.75252215,0.23170427,-0.11719454,-0.08602048,0,0,0,0,0
1718,357708,0.90927503,-0.08584759,-0.80208939,0.22120673,-0.12149054,-0.09441096,0,0,0,0,0
1719,357916,0.87373871,-0.02181271,-0.84273374,0.22466059,-0.12864261,-0.11291016,0,0,0,0,0
1720,358125,0.83572108,0.05013720,-0.86751055,0.22700761,-0.10950735,-0.13477142,0,0,0,0,0
1721,358333,0.80246334,0.11818413,-0.89904423,0.21647421,-0.10794435,-0.13422628,0,0,0,0,0
1722,358541,0.75363586,0.18378754,-0.92918636,0.22705979,-0.09336176,-0.13778552,0,0,0,0,0
1723,358750,0.71353431,0.24322999,-0.95025936,0.23837613,-0.08465636,-0.12783170,0,0,0,0,0
1724,358958,0.66676002,0.30038674,-0.95346963,0.22872689,-0.07764074,-0.13925027,0,0,0,0,0
1725,359166,0.62134803,0.37418048,-0.97637034,0.21470886,-0.06507421,-0.15458796,0,0,0,0,0
1726,359375,0.56654781,0.44155299,-0.97973955,0.21947113,-0.04373371,-0.14811018,0,0,0,0,0
1727,359583,0.51259894,0.49097973,-0.98885557,0.21545640,-0.03753945,-0.16211733,0,0,0,0,0
1728,359791,0.46246819,0.54117544,-0.98272946,0.19756000,-0.01516924,-0.16511416,0,0,0,0,0
1729,360000,0.38951866,0.59128984,-0.98068282,0.19156187,-0.00858237,-0.15732366,0,0,0,0,0
1730,360208,0.34324057,0.63857225,-0.97162410,0.16620605,-0.00784141,-0.16966439,0,0,0,0,0
1731,360416,0.28324927,0.69657961,-0.97653331,0.16655087,0.02078550,-0.19076848,0,0,0,0,0
1732,360625,0.21300017,0.74155126,-0.93671875,0.14678032,0.04654080,-0.19930167,0,0,0,0,0
1733,360833,0.14313037,0.78726849,-0.93060861,0.12369736,0.05372967,-0.18116886,0,0,0,0,0
1734,361041,0.08115677,0.82310441,-0.88931930,0.11310159,0.06820768,-0.18611819,0,0,0,0,0
1735,361250,0.02160193,0.86175506,-0.86181775,0.09591453,0.08150606,-0.17755006,0,0,0,0,0
1736,361458,-0.05139525,0.89560469,-0.83452447,0.10631302,0.08502225,-0.16739939,0,0,0,0,0
1737,361666,-0.11762899,0.92789434,-0.80600106,0.06744764,0.08966689,-0.17259348,0,0,0,0,0
1738,361875,-0.17582122,0.95231294,-0.76650866,0.07013902,0.11375963,-0.18052746,0,0,0,0,0
1739,362083,-0.23741017,0.97640955,-0.71331944,0.06369201,0.10931843,-0.16090591,0,0,0,0,0
1740,362291,-0.30163344,0.99020562,-0.68047793,0.04080917,0.10904758,-0.12871248,0,0,0,0,0
1741,362500,-0.36858537,0.99979066,-0.61902918,0.06397533,0.14555047,-0.15345414,0,0,0,0,0
1742,362708,-0.42688382,1.00979483,-0.57564320,0.04616494,0.12940889,-0.13776486,0,0,0,0,0
1743,362916,-0.48922652,1.01488291,-0.51636894,0.04934617,0.15347122,-0.11744439,0,0,0,0,0
1744,363125,-0.53693939,1.01772284,-0.45914041,0.03529002,0.15106313,-0.13196264,0,0,0,0,0
1745,363333,-0.59637592,1.01223100,-0.39360830,0.02006019,0.17475601,-0.14578333,0,0,0,0,0
1746,363541,-0.64553931,1.00931706,-0.33877578,0.00463744,0.17094770,-0.12736514,0,0,0,0,0
1747,363750,-0.70010376,0.98853353,-0.27045877,-0.01290143,0.18859735,-0.14071900,0,0,0,0,0
1748,363958,-0.75413747,0.97334386,-0.20961224,-0.03491927,0.18223677,-0.10996507,0,0,0,0,0
1749,364166,-0.80203242,0.95134208,-0.14364327,-0.04158032,0.19498992,-0.10734728,0,0,0,0,0
1750,364375,-0.84346487,0.92078732,-0.07971293,-0.05981563,0.19592347,-0.11034954,0,0,0,0,0
1751,364583,-0.86734488,0.89402686,-0.02248502,-0.07902103,0.17455004,-0.11167342,0,0,0,0,0
1752,364791,-0.90554040,0.85810856,0.04303795,-0.08436696,0.17309638,-0.10068075,0,0,0,0,0
1753,365000,-0.93448539,0.82877241,0.11434742,-0.09087223,0.18390429,-0.07876746,0,0,0,0,0
1754,365208,-0.95030620,0.78272611,0.17371144,-0.09530189,0.16760926,-0.06734712,0,0,0,0,0
1755,365416,-0.97562502,0.74397975,0.23429100,-0.12202533,0.17135957,-0.04045432,0,0,0,0,0
1756,365625,-0.98510173,0.69166630,0.29055406,-0.11755655,0.16462187,-0.05119530,0,0,0,0,0
1757,365833,-1.01778371,0.64424912,0.35416334,-0.13450836,0.15649956,-0.02199350,0,0,0,0,0
1758,366041,-1.00324476,0.59310419,0.41267267,-0.14317498,0.14856963,-0.01220025,0,0,0,0,0
1759,366250,-1.00576919,0.54555749,0.46602703,-0.16879671,0.12522820,0.00825609,0,0,0,0,0
1760,366458,-1.00943718,0.47782306,0.52756245,-0.15759357,0.13086445,0.03906231,0,0,0,0,0
1761,366666,-1.00768219,0.42294428,0.56998675,-0.17027269,0.12299884,0.04652259,0,0,0,0,0
1762,366875,-1.00650563,0.36563485,0.62767382,-0.17361596,0.11405103,0.06145893,0,0,0,0,0
1763,367083,-0.98915510,0.29969236,0.67898064,-0.19903378,0.10729737,0.08410626,0,0,0,0,0
1764,367291,-0.96906347,0.22241776,0.72308947,-0.19903036,0.12591165,0.08630365,0,0,0,0,0
1765,367500,-0.94230089,0.15905684,0.76792431,-0.17777257,0.09890997,0.11240026,0,0,0,0,0
1766,367708,-0.91892291,0.09558256,0.80993242,-0.21899311,0.10071718,0.12340117,0,0,0,0,0
1767,367916,-0.89681999,0.03272624,0.84179895,-0.21810344,0.09621306,0.13722920,0,0,0,0,0
1768,368125,-0.85010319,-0.04008884,0.87287501,-0.20243246,0.10371944,0.13263178,0,0,0,0,0
1769,368333,-0.81185344,-0.10697521,0.91049809,-0.19899819,0.08628031,0.15254029,0,0,0,0,0
1770,368541,-0.77135928,-0.17475373,0.92731444,-0.21037010,0.08619996,0.14153754,0,0,0,0,0
1771,368750,-0.72656696,-0.23082273,0.95890883,-0.21121420,0.07838378,0.16458986,0,0,0,0,0
1772,368958,-0.68083359,-0.29709399,0.95800627,-0.19870346,0.04763340,0.17362593,0,0,0,0,0
1773,369166,-0.62706520,-0.36138908,0.98570376,-0.20229862,0.04086510,0.18988932,0,0,0,0,0
1774,369375,-0.57971946,-0.42227688,0.98317441,-0.19469724,0.03017693,0.17156899,0,0,0,0,0
1775,369583,-0.51956317,-0.47615783,0.98205613,-0.19260448,0.01827966,0.19581211,0,0,0,0,0
1776,369791,-0.47570509,-0.52253227,0.98702084,-0.17844990,-0.00700793,0.20350694,0,0,0,0,0
1777,370000,-0.40903040,-0.58196767,0.98906508,-0.18119927,-0.01826164,0.18192536,0,0,0,0,0
1778,370208,-0.34485942,-0.63255209,0.97356843,-0.15874034,-0.05948100,0.20998223,0,0,0,0,0
1779,370416,-0.29263162,-0.68206080,0.96119335,-0.14601101,-0.05011919,0.19036789,0,0,0,0,0
1780,370625,-0.23063082,-0.72142393,0.95001658,-0.12370935,-0.05633469,0.20083118,0,0,0,0,0
1781,370833,-0.15736811,-0.76761011,0.92589701,-0.11498739,-0.05464205,0.19869149,0,0,0,0,0
1782,371041,-0.09823671,-0.81543530,0.89604188,-0.10644423,-0.09345777,0.19167369,0,0,0,0,0
1783,371250,-0.03204716,-0.83900667,0.86585797,-0.08263145,-0.07481483,0.19926669,0,0,0,0,0
1784,371458,0.03819925,-0.88554734,0.83138087,-0.10555749,-0.10940225,0.20522130,0,0,0,0,0
1785,371666,0.09017769,-0.91273903,0.79739074,-0.07166962,-0.11895410,0.20136599,0,0,0,0,0
1786,371875,0.16031966,-0.93603756,0.75588963,-0.05670917,-0.13065946,0.19591996,0,0,0,0,0
1787,372083,0.21887189,-0.96531419,0.71564344,-0.06593063,-0.12498730,0.18857146,0,0,0,0,0
1788,372291,0.29785544,-0.98027389,0.67276106,-0.05421918,-0.15632093,0.16880846,0,0,0,0,0
1789,372500,0.35437876,-0.99389190,0.61438859,-0.05302841,-0.14944615,0.16238173,0,0,0,0,0
1790,372708,0.41996349,-1.00574181,0.55941249,-0.02503977,-0.18112672,0.19039642,0,0,0,0,0
1791,372916,0.47474077,-1.01079987,0.51792934,-0.00652400,-0.16174854,0.14416534,0,0,0,0,0
1792,373125,0.54066734,-1.01399640,0.45463468,-0.04118526,-0.18825711,0.15650082,0,0,0,0,0
1793,373333,0.59208178,-0.99635112,0.39218194,-0.00861425,-0.18078493,0.15945243,0,0,0,0,0
1794,373541,0.63550316,-0.99608389,0.32947602,0.01197895,-0.18527714,0.14876748,0,0,0,0,0
1795,373750,0.69162799,-0.98029812,0.25700965,0.00896862,-0.18942491,0.15648218,0,0,0,0,0
1796,373958,0.75349239,-0.96879807,0.19634659,0.01740068,-0.18617068,0.14251671,0,0,0,0,0
1797,374166,0.78898918,-0.94944448,0.13172896,0.03107830,-0.18358298,0.13146726,0,0,0,0,0
1798,374375,0.83167954,-0.92190904,0.07185914,0.04175487,-0.18790864,0.12153258,0,0,0,0,0
1799,374583,0.87131563,-0.90105093,0.00853975,0.07412625,-0.18292113,0.12862145,0,0,0,0,0
1800,374791,0.90404655,-0.85264674,-0.05186981,0.06561064,-0.18628908,0.12145981,0,0,0,0,0
1801,375000,0.93494585,-0.82497647,-0.11868785,0.06917031,-0.19994266,0.10374346,0,0,0,0,0
1802,375208,0.94844299,-0.78360895,-0.17663804,0.09292581,-0.17626481,0.06749834,0,0,0,0,0
1803,375416,0.97623947,-0.73376868,-0.24365913,0.10288930,-0.18096341,0.06015805,0,0,0,0,0
1804,375625,0.98723256,-0.69811900,-0.30743199,0.12399740,-0.17454972,0.06415979,0,0,0,0,0
1805,375833,0.99461788,-0.64510800,-0.37473624,0.14845589,-0.15105236,0.03534854,0,0,0,0,0
1806,376041,1.00251428,-0.59989138,-0.41905667,0.13552436,-0.12662596,0.01903165,0,0,0,0,0
1807,376250,1.01073495,-0.53771822,-0.48383237,0.14316646,-0.12756961,0.01547174,0,0,0,0,0
1808,376458,1.01090614,-0.48112341,-0.53487926,0.14796523,-0.14302673,-0.02668808,0,0,0,0,0
1809,376666,1.00091316,-0.41074198,-0.58746616,0.16547767,-0.12933233,-0.05112485,0,0,0,0,0
1810,376875,0.99686054,-0.36295461,-0.64640719,0.16519707,-0.12595777,-0.08235792,0,0,0,0,0
1811,377083,0.98998473,-0.29314464,-0.69285985,0.17376214,-0.09579984,-0.07396541,0,0,0,0,0
1812,377291,0.96227009,-0.23294492,-0.73510218,0.17292286,-0.10620800,-0.09749805,0,0,0,0,0
1813,377500,0.94718977,-0.16788411,-0.78412268,0.18507723,-0.11035826,-0.10120303,0,0,0,0,0
1814,377708,0.92908423,-0.10583042,-0.82456154,0.19750108,-0.09257413,-0.13801926,0,0,0,0,0
1815,377916,0.88765624,-0.04417328,-0.86054124,0.18040099,-0.08531111,-0.13196369,0,0,0,0,0
1816,378125,0.85770370,0.02574461,-0.89320689,0.20175972,-0.08182497,-0.12332102,0,0,0,0,0
1817,378333,0.82451054,0.09460883,-0.93321108,0.18903509,-0.08304886,-0.13198006,0,0,0,0,0
1818,378541,0.79338505,0.15864619,-0.94683686,0.18438119,-0.06424685,-0.17400993,0,0,0,0,0
1819,378750,0.72836249,0.22209539,-0.95591910,0.18976057,-0.06450572,-0.16333327,0,0,0,0,0
1820,378958,0.69163684,0.28486058,-0.97813161,0.17425055,-0.02879577,-0.17211582,0,0,0,0,0
1821,379166,0.63759951,0.35307777,-0.98764005,0.18387237,-0.02122543,-0.18301091,0,0,0,0,0
1822,379375,0.58822386,0.40600264,-1.01083094,0.17442838,0.00228977,-0.19185926,0,0,0,0,0
1823,379583,0.53771921,0.46011879,-1.00700067,0.16382376,-0.00447019,-0.18763034,0,0,0,0,0
1824,379791,0.47443304,0.51878650,-1.00248795,0.17954327,0.03089323,-0.19550790,0,0,0,0,0
1825,380000,0.43131105,0.56537275,-0.99674451,0.14558838,0.03752106,-0.20279425,0,0,0,0,0
1826,380208,0.36853937,0.62813347,-0.99563769,0.14296016,0.05092646,-0.19843650,0,0,0,0,0
1827,380416,0.29650767,0.65787043,-0.97496393,0.13257438,0.07244358,-0.20914409,0,0,0,0,0
1828,380625,0.24589192,0.71932561,-0.95701193,0.10283674,0.09674519,-0.20854030,0,0,0,0,0
1829,380833,0.17346744,0.75569736,-0.94047015,0.09799233,0.09185177,-0.21580807,0,0,0,0,0
1830,381041,0.11365409,0.80220135,-0.90881689,0.09567143,0.10068194,-0.20551765,0,0,0,0,0
1831,381250,0.03887252,0.84113852,-0.87331330,0.06154179,0.10621825,-0.21638342,0,0,0,0,0
1832,381458,-0.02844023,0.86932323,-0.85280246,0.05847269,0.13371820,-0.20290114,0,0,0,0,0
1833,381666,-0.08640873,0.89406584,-0.80769644,0.04224629,0.15668406,-0.20675413,0,0,0,0,0
1834,381875,-0.15572494,0.91144346,-0.76625343,0.04773291,0.15864941,-0.23472717,0,0,0,0,0
1835,382083,-0.22004114,0.95652160,-0.71509676,0.03092953,0.14921566,-0.21526783,0,0,0,0,0
1836,382291,-0.28524796,0.95749087,-0.67970166,0.02368248,0.16499006,-0.19626489,0,0,0,0,0
1837,382500,-0.34213232,0.97929765,-0.62938052,0.02850615,0.17933122,-0.17619102,0,0,0,0,0
1838,382708,-0.40939646,0.98671608,-0.57685221,0.01346767,0.18237111,-0.18437717,0,0,0,0,0
1839,382916,-0.46594147,0.99533651,-0.51615675,0.00097146,0.18419097,-0.18391042,0,0,0,0,0
1840,383125,-0.51551444,0.98781179,-0.46079489,0.01064823,0.19877584,-0.18574326,0,0,0,0,0
1841,383333,-0.57946061,0.99334350,-0.39202044,-0.00930895,0.20142905,-0.16720767,0,0,0,0,0
1842,383541,-0.62840857,0.97529634,-0.33623920,-0.01009132,0.20223588,-0.15209919,0,0,0,0,0
1843,383750,-0.68319525,0.96563412,-0.27764922,-0.02110412,0.20869314,-0.17138788,0,0,0,0,0
1844,383958,-0.73435114,0.94344539,-0.21322325,-0.04734251,0.21173551,-0.15605987,0,0,0,0,0
1845,384166,-0.76992610,0.92394545,-0.14642549,-0.05455132,0.22696650,-0.16173722,0,0,0,0,0
1846,384375,-0.79757239,0.90327442,-0.08054336,-0.08487127,0.22138562,-0.14017881,0,0,0,0,0
1847,384583,-0.85821075,0.88068127,-0.01613045,-0.07822207,0.20692084,-0.13870230,0,0,0,0,0
1848,384791,-0.88212140,0.84961775,0.05466645,-0.08221530,0.20494302,-0.11809660,0,0,0,0,0
1849,385000,-0.91585226,0.82462165,0.12050023,-0.10231649,0.22347367,-0.11696155,0,0,0,0,0
1850,385208,-0.93449212,0.77335301,0.16868119,-0.10320815,0.18494978,-0.09164375,0,0,0,0,0
1851,385416,-0.95774297,0.72804162,0.24054286,-0.11298719,0.17692816,-0.08716946,0,0,0,0,0
1852,385625,-0.96937920,0.68734391,0.30504757,-0.13730948,0.16747539,-0.06816416,0,0,0,0,0
1853,385833,-0.98458817,0.63966211,0.36692361,-0.14597790,0.15976593,-0.04490741,0,0,0,0,0
1854,386041,-1.00644758,0.57905718,0.43619891,-0.14145147,0.16164498,-0.03814183,0,0,0,0,0
1855,386250,-0.99991690,0.53043808,0.48171280,-0.17194579,0.16096338,-0.03561055,0,0,0,0,0
1856,386458,-0.99975443,0.46912734,0.53809053,-0.18107858,0.14496391,-0.00974106,0,0,0,0,0
1857,386666,-1.00088727,0.41557513,0.59810055,-0.17168921,0.10784374,0.01678072,0,0,0,0,0
1858,386875,-0.99101024,0.34549121,0.63860434,-0.18919932,0.13317427,0.02342628,0,0,0,0,0
1859,387083,-0.96686911,0.29482264,0.69920946,-0.19837376,0.09753161,0.05923701,0,0,0,0,0
1860,387291,-0.96696724,0.21719277,0.73967413,-0.19649335,0.09962284,0.08480591,0,0,0,0,0
1861,387500,-0.94126956,0.16333687,0.79102185,-0.19079756,0.11055071,0.09176379,0,0,0,0,0
1862,387708,-0.91585000,0.10440612,0.83639175,-0.19616302,0.10753515,0.09980560,0,0,0,0,0
1863,387916,-0.88533268,0.02317968,0.86310064,-0.20574262,0.10322754,0.12086652,0,0,0,0,0
1864,388125,-0.85652626,-0.03848021,0.89633100,-0.18944357,0.10276578,0.10251637,0,0,0,0,0
1865,388333,-0.81468539,-0.10761107,0.93426457,-0.17737160,0.09823375,0.15525773,0,0,0,0,0
1866,388541,-0.76871687,-0.17197782,0.95478475,-0.20317394,0.08949420,0.14582924,0,0,0,0,0
1867,388750,-0.72753500,-0.21559514,0.96572841,-0.19022380,0.05907757,0.13969132,0,0,0,0,0
1868,388958,-0.68202349,-0.29049338,0.99079224,-0.17293262,0.05289570,0.13984525,0,0,0,0,0
1869,389166,-0.62421828,-0.34569127,1.00171063,-0.19303746,0.03100888,0.16110403,0,0,0,0,0
1870,389375,-0.58741736,-0.41425887,1.00876548,-0.17951444,0.02133375,0.15105979,0,0,0,0,0
1871,389583,-0.52404700,-0.46069716,1.02410652,-0.17182985,-0.00147260,0.18475782,0,0,0,0,0
1872,389791,-0.47378039,-0.52121826,1.01081130,-0.15398488,-0.00409715,0.19754219,0,0,0,0,0
1873,390000,-0.42113416,-0.57190400,1.00791239,-0.13999226,-0.02304723,0.18729716,0,0,0,0,0
1874,390208,-0.35763152,-0.61759192,1.01122032,-0.13405800,-0.04519210,0.19336449,0,0,0,0,0
1875,390416,-0.30034103,-0.67786468,0.98810713,-0.12440107,-0.04311272,0.21812708,0,0,0,0,0
1876,390625,-0.23332685,-0.72682178,0.97813556,-0.08257864,-0.07961054,0.18568460,0,0,0,0,0
1877,390833,-0.17821070,-0.76263348,0.95889666,-0.10195183,-0.10649857,0.21494628,0,0,0,0,0
1878,391041,-0.11010081,-0.79363626,0.92097507,-0.06362919,-0.11005324,0.20101188,0,0,0,0,0
1879,391250,-0.04264698,-0.83592189,0.88668630,-0.06092606,-0.12393844,0.19508669,0,0,0,0,0
1880,391458,0.02871741,-0.86666042,0.84365100,-0.04824236,-0.13199434,0.21106423,0,0,0,0,0
1881,391666,0.08352321,-0.89356101,0.81692695,-0.03761615,-0.12975351,0.20782417,0,0,0,0,0
1882,391875,0.15012446,-0.93099168,0.77883430,-0.03489739,-0.17321307,0.20049873,0,0,0,0,0
1883,392083,0.21776560,-0.94607887,0.73940847,-0.00608826,-0.15921768,0.18694291,0,0,0,0,0
1884,392291,0.28003852,-0.96201967,0.68609819,-0.02515951,-0.16885969,0.17538160,0,0,0,0,0
1885,392500,0.33871109,-0.97505955,0.63086031,-0.01678880,-0.18532074,0.17696017,0,0,0,0,0
1886,392708,0.40837092,-0.98435107,0.58314773,-0.00719065,-0.18898278,0.21088374,0,0,0,0,0
1887,392916,0.45325924,-0.99078343,0.52346255,0.00061108,-0.18258930,0.19593713,0,0,0,0,0
1888,393125,0.52340536,-0.98781033,0.47174703,0.01875931,-0.20932202,0.18578255,0,0,0,0,0
1889,393333,0.57868496,-0.98355051,0.40821140,0.01617102,-0.20901126,0.16539111,0,0,0,0,0
1890,393541,0.62840728,-0.97327167,0.34256267,0.01814302,-0.23226203,0.17141702,0,0,0,0,0
1891,393750,0.67655476,-0.95214806,0.28355229,0.05353646,-0.22480712,0.16543025,0,0,0,0,0
1892,393958,0.72915606,-0.92941939,0.21579834,0.04819600,-0.22266009,0.14992586,0,0,0,0,0
1893,394166,0.76175609,-0.91963945,0.15913186,0.06011545,-0.20815728,0.17518861,0,0,0,0,0
1894,394375,0.80454171,-0.89867877,0.08463725,0.08592296,-0.22455662,0.16963824,0,0,0,0,0
1895,394583,0.84540409,-0.87222776,0.02692095,0.10935806,-0.22922396,0.12853236,0,0,0,0,0
1896,394791,0.88603342,-0.83492874,-0.04449579,0.09987160,-0.21348318,0.12814662,0,0,0,0,0
1897,395000,0.89795449,-0.79751506,-0.09898985,0.11725487,-0.22234799,0.10464628,0,0,0,0,0
1898,395208,0.92267061,-0.75997780,-0.17238282,0.14096304,-0.20675342,0.08067122,0,0,0,0,0
1899,395416,0.94404874,-0.71697064,-0.23745269,0.13120850,-0.21455620,0.10934766,0,0,0,0,0
1900,395625,0.97853781,-0.66683957,-0.28514161,0.15505409,-0.20057831,0.08598270,0,0,0,0,0
1901,395833,0.97998872,-0.62716867,-0.35314058,0.18072599,-0.19146031,0.06659142,0,0,0,0,0
1902,396041,0.99606300,-0.57536078,-0.40566112,0.16425958,-0.17736258,0.04478494,0,0,0,0,0
1903,396250,0.99377505,-0.50470068,-0.47055450,0.18406004,-0.17520473,0.04228175,0,0,0,0,0
1904,396458,0.97979546,-0.46955349,-0.52982697,0.17449705,-0.15492478,0.00723770,0,0,0,0,0
1905,396666,0.98449255,-0.39785445,-0.58316392,0.19845494,-0.13138382,0.00142463,0,0,0,0,0
1906,396875,0.97804420,-0.33728399,-0.62559945,0.20435373,-0.16526316,-0.01621195,0,0,0,0,0
1907,397083,0.96057263,-0.27562105,-0.68241505,0.20661064,-0.14829388,-0.03894514,0,0,0,0,0
1908,397291,0.94693227,-0.20699794,-0.74233077,0.18825772,-0.14129526,-0.06356873,0,0,0,0,0
1909,397500,0.91716551,-0.14442348,-0.78633105,0.22035817,-0.12092590,-0.06288994,0,0,0,0,0
1910,397708,0.90236489,-0.07709337,-0.82274721,0.20860717,-0.13635965,-0.07017876,0,0,0,0,0
1911,397916,0.86774616,-0.01374747,-0.86307115,0.18800824,-0.12172200,-0.10679164,0,0,0,0,0
1912,398125,0.83415317,0.04493298,-0.89210215,0.21861791,-0.10995082,-0.10255950,0,0,0,0,0
1913,398333,0.79781476,0.11280773,-0.91610141,0.21524519,-0.11894320,-0.13706046,0,0,0,0,0
1914,398541,0.75781431,0.18262381,-0.94626422,0.22249982,-0.10362970,-0.11626645,0,0,0,0,0
1915,398750,0.70796123,0.24370925,-0.96444392,0.20875684,-0.08012050,-0.12589830,0,0,0,0,0
1916,398958,0.66935638,0.29846078,-0.99632236,0.20283775,-0.06522034,-0.13240097,0,0,0,0,0
1917,399166,0.62726220,0.36357151,-0.99679485,0.20285716,-0.03887920,-0.17545023,0,0,0,0,0
1918,399375,0.57318008,0.41284745,-1.00376931,0.17766143,-0.04323385,-0.15561615,0,0,0,0,0
1919,399583,0.52402060,0.48059294,-1.00707278,0.18361463,-0.01901614,-0.15946253,0,0,0,0,0
1920,399791,0.46926898,0.53223717,-1.01009703,0.18658569,-0.00337085,-0.15677365,0,0,0,0,0
1921,400000,0.38741041,0.58805103,-1.00479288,0.14331411,-0.00729699,-0.16309095,0,1,0,0,0
1922,400208,0.34493085,0.63098614,-0.99433617,0.14709851,0.02631405,-0.16015393,0,1,0,0,0
1923,400416,0.28063092,0.68721830,-0.98459531,0.13816814,0.02951992,-0.19612577,0,1,0,0,0
1924,400625,0.22022974,0.72028006,-0.97248107,0.10848842,0.06008115,-0.20381439,0,1,0,0,0
1925,400833,0.15853389,0.77088905,-0.94632560,0.09210031,0.06849913,-0.18476575,0,1,0,0,0
1926,401041,0.09538889,0.80575417,-0.92271294,0.09572288,0.09651210,-0.18463584,0,1,0,0,0
1927,401250,0.03440776,0.84339905,-0.89278521,0.07727166,0.11428367,-0.17331112,0,1,0,0,0
1928,401458,-0.03649924,0.88050127,-0.86299114,0.06957165,0.11997109,-0.16920034,0,1,0,0,0
1929,401666,-0.08737137,0.91291542,-0.82599317,0.05885620,0.13680012,-0.18031585,0,1,0,0,0
1930,401875,-0.15502403,0.93640448,-0.77546184,0.05301495,0.16812829,-0.19785469,0,1,0,0,0
1931,402083,-0.22723571,0.95248911,-0.73863042,0.02716464,0.15992681,-0.19427599,0,1,0,0,0
1932,402291,-0.28823400,0.98136102,-0.68851807,0.01746719,0.17375848,-0.18422014,0,1,0,0,0
1933,402500,-0.34485015,0.97580579,-0.64118455,0.00306580,0.17680502,-0.16539149,0,1,0,0,0
1934,402708,-0.41116770,0.98550114,-0.58621678,0.00776103,0.18647107,-0.16297883,0,1,0,0,0
1935,402916,-0.47067793,0.98794813,-0.53707787,0.00487357,0.18306522,-0.14902503,0,1,0,0,0
1936,403125,-0.53184024,0.99300823,-0.46994222,-0.01610751,0.16901995,-0.16057333,0,1,0,0,0
1937,403333,-0.59313794,0.98254456,-0.42610800,-0.00937914,0.20831237,-0.14918072,0,1,0,0,0
1938,403541,-0.63372559,0.98230635,-0.35884767,-0.04153789,0.21748248,-0.16194038,0,1,0,0,0
1939,403750,-0.68480117,0.97100402,-0.28636624,-0.03440133,0.22060120,-0.14463867,0,1,0,0,0
1940,403958,-0.73402426,0.95012604,-0.22232726,-0.07510598,0.22267350,-0.14953045,0,1,0,0,0
1941,404166,-0.77371414,0.93095790,-0.17337321,-0.07902231,0.22109425,-0.12957780,0,1,0,0,0
1942,404375,-0.81584715,0.89661486,-0.10436368,-0.08688378,0.21039113,-0.14091094,0,1,0,0,0
1943,404583,-0.84981522,0.87333326,-0.03000615,-0.08935022,0.21941313,-0.12900209,0,1,0,0,0
1944,404791,-0.88068890,0.84245547,0.03053566,-0.10909255,0.21603355,-0.12919241,0,1,0,0,0
1945,405000,-0.90453972,0.80250777,0.09534110,-0.11138913,0.21646864,-0.10953719,0,1,0,0,0
1946,405208,-0.93443501,0.77222236,0.16039337,-0.14173183,0.21020256,-0.09318058,0,1,0,0,0
1947,405416,-0.95167477,0.71594161,0.22971311,-0.16399103,0.19877968,-0.08529226,0,1,0,0,0
1948,405625,-0.96669872,0.67394753,0.28487608,-0.15716453,0.18990467,-0.06646827,0,1,0,0,0
1949,405833,-0.98350091,0.61584751,0.33728940,-0.16554820,0.17893254,-0.05468137,0,1,0,0,0
1950,406041,-0.99172626,0.57017842,0.40126503,-0.16845791,0.17787828,-0.06146239,0,1,0,0,0
1951,406250,-0.98356229,0.51013350,0.46240408,-0.18739428,0.15033182,-0.01660760,0,1,0,0,0
1952,406458,-0.99086628,0.46418457,0.52481149,-0.19745514,0.16220800,-0.01363569,0,1,0,0,0
1953,406666,-0.98783716,0.39547381,0.57049002,-0.20853691,0.16820268,0.01266991,0,1,0,0,0
1954,406875,-0.97421305,0.33630882,0.62415938,-0.21531414,0.15518356,0.02465439,0,1,0,0,0
1955,407083,-0.95399662,0.27393544,0.67958945,-0.22134111,0.13928733,0.05271483,0,1,0,0,0
1956,407291,-0.93329045,0.21284608,0.72854232,-0.22492771,0.15179886,0.06320477,0,1,0,0,0
1957,407500,-0.92216118,0.14224729,0.76273175,-0.21977647,0.13790976,0.07340558,0,1,0,0,0
1958,407708,-0.89973095,0.07227072,0.80507015,-0.21252278,0.11861242,0.07139880,0,1,0,0,0
1959,407916,-0.86310108,0.00393427,0.84235295,-0.23764272,0.12949101,0.10129990,0,1,0,0,0
1960,408125,-0.83310238,-0.05493389,0.88498803,-0.21736808,0.12682718,0.12632507,0,1,0,0,0
1961,408333,-0.79358536,-0.11381246,0.92026336,-0.21535748,0.13333995,0.11193880,0,1,0,0,0
1962,408541,-0.75643181,-0.19050522,0.93231448,-0.23385955,0.09172764,0.10886188,0,1,0,0,0
1963,408750,-0.70207927,-0.25543893,0.96284637,-0.23471064,0.08879701,0.14562817,0,1,0,0,0
1964,408958,-0.66703805,-0.30773218,0.97777302,-0.23249605,0.08421664,0.13956131,0,1,0,0,0
1965,409166,-0.61088099,-0.37124338,0.98647000,-0.21919080,0.06929613,0.14632649,0,1,0,0,0
1966,409375,-0.55568664,-0.43281637,0.99652405,-0.19908248,0.06070764,0.13208102,0,1,0,0,0
1967,409583,-0.50687948,-0.48500411,1.00368517,-0.20913438,0.02370226,0.14708620,0,1,0,0,0
1968,409791,-0.45066522,-0.53863384,1.00063167,-0.19341084,0.01039659,0.15717152,0,1,0,0,0
1969,410000,-0.39792112,-0.59461119,1.00041236,-0.15591715,0.00642410,0.16343343,0,1,0,0,0
1970,410208,-0.34160201,-0.64211192,0.98797820,-0.15459605,-0.00872759,0.17163920,0,1,0,0,0
1971,410416,-0.27062527,-0.68319402,0.97286374,-0.14926353,-0.02687974,0.19634529,0,1,0,0,0
1972,410625,-0.21354549,-0.73758546,0.95218244,-0.13615737,-0.03761534,0.18103844,0,1,0,0,0
1973,410833,-0.14829851,-0.78664966,0.93601753,-0.09761234,-0.06272212,0.18809099,0,1,0,0,0
1974,411041,-0.09003639,-0.81649339,0.91174824,-0.11290713,-0.07841087,0.18937936,0,1,0,0,0
1975,411250,-0.02949012,-0.85378026,0.87879098,-0.09434184,-0.05762067,0.17308166,0,1,0,0,0
1976,411458,0.03651976,-0.88919536,0.84621381,-0.07646664,-0.12927302,0.17937692,0,1,0,0,0
1977,411666,0.10318899,-0.91858507,0.81233668,-0.06733659,-0.11358716,0.18101505,0,1,0,0,0
1978,411875,0.17256761,-0.94248707,0.77795940,-0.06400319,-0.13637964,0.17044366,0,1,0,0,0
1979,412083,0.23350769,-0.96438830,0.72391286,-0.04050770,-0.13743380,0.16369754,0,1,0,0,0
1980,412291,0.29938927,-0.98148821,0.68616788,-0.03601052,-0.14148092,0.18613952,0,1,0,0,0
1981,412500,0.35954367,-0.99894882,0.62707960,-0.02521465,-0.14518127,0.16493090,0,1,0,0,0
1982,412708,0.41918108,-1.00248995,0.58249830,-0.01060603,-0.15091291,0.15088145,0,1,0,0,0
1983,412916,0.48174732,-1.00598037,0.53503569,0.01905268,-0.19918316,0.14755059,0,1,0,0,0
1984,413125,0.53770500,-1.01066677,0.47307467,-0.01048266,-0.16861660,0.16259100,0,1,0,0,0
1985,413333,0.58659823,-0.99951397,0.41436732,0.00822348,-0.16903831,0.13357297,0,1,0,0,0
1986,413541,0.64559361,-0.99000534,0.34969965,0.01899619,-0.20409050,0.13981123,0,1,0,0,0
1987,413750,0.70403470,-0.97790565,0.28242159,0.02172984,-0.19964584,0.14165335,0,1,0,0,0
1988,413958,0.75012521,-0.95632291,0.22095537,0.05079229,-0.20788232,0.13403814,0,1,0,0,0
1989,414166,0.78683915,-0.93991193,0.15541149,0.04680818,-0.23032346,0.11412966,0,1,0,0,0
1990,414375,0.83318551,-0.91554642,0.11236010,0.08214604,-0.19887914,0.12658697,0,1,0,0,0
1991,414583,0.86183309,-0.88622063,0.03062401,0.10305590,-0.20149801,0.11018563,0,1,0,0,0
1992,414791,0.89537684,-0.85977572,-0.03819276,0.10546056,-0.19163509,0.11339376,0,1,0,0,0
1993,415000,0.92080284,-0.81834036,-0.09584714,0.13342986,-0.19454664,0.09628878,0,1,0,0,0
1994,415208,0.94323386,-0.76757754,-0.15282118,0.11106495,-0.17523091,0.08208089,0,1,0,0,0
1995,415416,0.95722082,-0.72993760,-0.21596662,0.12492866,-0.20266686,0.06837316,0,1,0,0,0
1996,415625,0.97155177,-0.68367682,-0.28507899,0.15781284,-0.17256360,0.05584678,0,1,0,0,0
1997,415833,0.99896641,-0.63586932,-0.34359133,0.17169527,-0.18678689,0.03495050,0,1,0,0,0
1998,416041,0.99022765,-0.57571843,-0.40598329,0.17621128,-0.16873355,0.04241524,0,1,0,0,0
1999,416250,0.99698787,-0.53067878,-0.45742819,0.20150668,-0.15884954,0.00075181,0,1,0,0,0
2000,416458,0.99875832,-0.45962565,-0.51648283,0.18800560,-0.14769619,-0.00266525,0,1,0,0,0
2001,416666,0.98944651,-0.40827229,-0.57464906,0.20687518,-0.13596229,-0.00985831,0,1,0,0,0
2002,416875,0.98858873,-0.34366508,-0.61995691,0.20345529,-0.13473827,-0.04303341,0,1,0,0,0
2003,417083,0.97239178,-0.27734019,-0.67110493,0.18373300,-0.11978246,-0.05409827,0,1,0,0,0
2004,417291,0.95161611,-0.21856734,-0.71940769,0.20768399,-0.14500834,-0.05086097,0,1,0,0,0
2005,417500,0.93223627,-0.13861990,-0.76272155,0.21290827,-0.11704786,-0.09304839,0,1,0,0,0
2006,417708,0.91385000,-0.08520723,-0.80843369,0.22453717,-0.13230107,-0.10601367,0,1,0,0,0
2007,417916,0.87521728,-0.02295344,-0.83671162,0.22630846,-0.12780910,-0.10519738,0,1,0,0,0
2008,418125,0.84468536,0.05210989,-0.86680607,0.24234883,-0.11842096,-0.12418018,0,1,0,0,0
2009,418333,0.80480596,0.11130719,-0.89431228,0.21192308,-0.09651417,-0.13495744,0,1,0,0,0
2010,418541,0.75932126,0.18754095,-0.91880772,0.20859683,-0.10763142,-0.14040094,0,1,0,0,0
2011,418750,0.71681770,0.23954454,-0.94862184,0.22754681,-0.09559957,-0.13627189,0,1,0,0,0
2012,418958,0.66349361,0.30226110,-0.97293802,0.21493437,-0.06832106,-0.15144054,0,1,0,0,0
2013,419166,0.61343279,0.37058343,-0.98682443,0.21328575,-0.06607558,-0.13895759,0,1,0,0,0
2014,419375,0.56643574,0.42845908,-0.99379057,0.20266738,-0.06079720,-0.15476082,0,1,0,0,0
2015,419583,0.51560831,0.49501071,-0.99303590,0.20160115,-0.02967058,-0.15109307,0,1,0,0,0
2016,419791,0.46078322,0.54083880,-1.00076647,0.18016317,-0.00917637,-0.16978020,0,1,0,0,0
2017,420000,0.40105823,0.58914129,-0.98832474,0.17886057,0.00469930,-0.19528903,0,1,0,0,0
2018,420208,0.33995995,0.65073963,-0.97212408,0.18552135,0.01595512,-0.15999819,0,1,0,0,0
2019,420416,0.27671781,0.68459084,-0.96623505,0.15637444,0.03267279,-0.17030161,0,1,0,0,0
2020,420625,0.21738560,0.73140612,-0.94144678,0.13912789,0.04873635,-0.19714034,0,1,0,0,0
2021,420833,0.14809726,0.77734549,-0.92774576,0.13199567,0.05320264,-0.18389319,0,1,0,0,0
2022,421041,0.09129759,0.82511952,-0.90578587,0.10277936,0.06949736,-0.18759845,0,1,0,0,0
2023,421250,0.01660465,0.85662498,-0.87208709,0.08133184,0.10168685,-0.17873725,0,1,0,0,0
2024,421458,-0.04209621,0.88681121,-0.83872012,0.07831317,0.10184911,-0.17622097,0,1,0,0,0
2025,421666,-0.10666802,0.92304472,-0.79699351,0.06836070,0.10827871,-0.18131250,0,1,0,0,0
2026,421875,-0.17361342,0.94761349,-0.76361696,0.04075083,0.12623958,-0.16323390,0,1,0,0,0
2027,422083,-0.24453637,0.96603618,-0.72379915,0.05508170,0.12546771,-0.17074922,0,1,0,0,0
2028,422291,-0.30116502,0.98943112,-0.67370231,0.06288998,0.14847942,-0.16645261,0,1,0,0,0
2029,422500,-0.36018879,0.99228441,-0.63137924,0.04698886,0.14848546,-0.16159743,0,1,0,0,0
2030,422708,-0.41381292,1.00683981,-0.57137926,0.04299856,0.17562035,-0.14638410,0,1,0,0,0
2031,422916,-0.48565536,1.01089735,-0.51240322,0.01272149,0.16006221,-0.15147822,0,1,0,0,0
2032,423125,-0.54058113,1.00557367,-0.46086889,0.04093135,0.17133344,-0.14037903,0,1,0,0,0
2033,423333,-0.59387338,1.01021487,-0.40969733,-0.01443260,0.18174495,-0.13937400,0,1,0,0,0
2034,423541,-0.64205278,1.00089814,-0.33239268,-0.00748820,0.18210014,-0.14905372,0,1,0,0,0
2035,423750,-0.70513560,0.98793869,-0.28280840,-0.02678060,0.18543830,-0.13544886,0,1,0,0,0
2036,423958,-0.75094553,0.96861862,-0.21416965,-0.03044375,0.22022497,-0.10996520,0,1,0,0,0
2037,424166,-0.79006853,0.94054259,-0.14795597,-0.05131132,0.19753211,-0.13060815,0,1,0,0,0
2038,424375,-0.83542025,0.92947027,-0.09113080,-0.06664947,0.19401768,-0.10501052,0,1,0,0,0
2039,424583,-0.87419189,0.89800494,-0.02251885,-0.05698709,0.18920417,-0.08608108,0,1,0,0,0
2040,424791,-0.90088710,0.85838889,0.04797024,-0.08181306,0.18692260,-0.09284386,0,1,0,0,0
2041,425000,-0.92908221,0.82072149,0.11953001,-0.08561626,0.18448569,-0.08089403,0,1,0,0,0
2042,425208,-0.95268983,0.77474840,0.16361208,-0.11895665,0.17590284,-0.08686744,0,1,0,0,0
2043,425416,-0.96744540,0.73956742,0.22033052,-0.11306214,0.17347718,-0.06629436,0,1,0,0,0
2044,425625,-0.98849437,0.69135590,0.29259738,-0.13447830,0.16167741,-0.05316801,0,1,0,0,0
2045,425833,-0.99243985,0.65176713,0.35356179,-0.15158229,0.16313431,-0.03925678,0,1,0,0,0
2046,426041,-1.00963483,0.59773976,0.40740258,-0.16665044,0.15989092,-0.02351147,0,1,0,0,0
2047,426250,-1.01314094,0.52787189,0.47020008,-0.16253793,0.15563547,-0.00349746,0,1,0,0,0
2048,426458,-1.00903572,0.47460294,0.51526971,-0.18534955,0.13600609,0.00387349,0,1,0,0,0
2049,426666,-1.00852879,0.40982830,0.58198283,-0.18743483,0.12380094,0.05435663,0,1,0,0,0
2050,426875,-0.98927774,0.35381412,0.62504699,-0.18619800,0.12788150,0.05378342,0,1,0,0,0
2051,427083,-0.98428287,0.30143031,0.66814556,-0.20078200,0.12725054,0.06734446,0,1,0,0,0
2052,427291,-0.95959732,0.22510268,0.72637101,-0.19960489,0.10527369,0.08743252,0,1,0,0,0
2053,427500,-0.94213530,0.16848542,0.76553217,-0.20607465,0.11758934,0.11030726,0,1,0,0,0
2054,427708,-0.92329669,0.09779888,0.81313654,-0.20824366,0.12367488,0.12203287,0,1,0,0,0
2055,427916,-0.89263828,0.03059768,0.85187385,-0.22383783,0.11206694,0.13278725,0,1,0,0,0
2056,428125,-0.85157348,-0.03615331,0.87922795,-0.22528806,0.10207318,0.11968884,0,1,0,0,0
2057,428333,-0.81484435,-0.11140443,0.91902066,-0.19200348,0.10293108,0.11938173,0,1,0,0,0
2058,428541,-0.76642629,-0.17180169,0.93163473,-0.20114285,0.07493439,0.13345546,0,1,0,0,0
2059,428750,-0.72605943,-0.24155442,0.95269838,-0.20577984,0.07079633,0.16481231,0,1,0,0,0
2060,428958,-0.68651334,-0.29894054,0.95955760,-0.21915021,0.07385802,0.17278794,0,1,0,0,0
2061,429166,-0.62186427,-0.36026264,0.98822399,-0.20372646,0.04385206,0.17896932,0,1,0,0,0
2062,429375,-0.57480809,-0.41715262,0.99647209,-0.20009259,0.04603182,0.17488860,0,1,0,0,0
2063,429583,-0.51925310,-0.47018950,0.99666794,-0.19735035,0.00367796,0.19748457,0,1,0,0,0
2064,429791,-0.46849070,-0.52143820,0.99586880,-0.16613585,-0.01624555,0.18410074,0,1,0,0,0
2065,430000,-0.40453287,-0.57925220,0.98538627,-0.16995052,0.00018428,0.19000789,0,1,0,0,0
2066,430208,-0.34651165,-0.63561668,0.97893953,-0.16378795,-0.03276296,0.19916979,0,1,0,0,0
2067,430416,-0.29357208,-0.69107045,0.97037716,-0.13976048,-0.04890846,0.19310916,0,1,0,0,0
2068,430625,-0.22536058,-0.73212046,0.94366739,-0.12418468,-0.05533919,0.18878906,0,1,0,0,0
2069,430833,-0.16109433,-0.77702481,0.93231957,-0.11946746,-0.06427966,0.20415613,0,1,0,0,0
2070,431041,-0.09586516,-0.81418627,0.90137315,-0.08138940,-0.06489596,0.19575190,0,1,0,0,0
2071,431250,-0.03382490,-0.84884752,0.87462908,-0.08504159,-0.09773064,0.20633377,0,1,0,0,0
2072,431458,0.02427476,-0.87265574,0.83249695,-0.07746625,-0.10101300,0.20834534,0,1,0,0,0
2073,431666,0.10157530,-0.91148904,0.79889010,-0.06673699,-0.11010881,0.19214790,0,1,0,0,0
2074,431875,0.16145742,-0.94754994,0.76262521,-0.08741063,-0.12065790,0.18431378,0,1,0,0,0
2075,432083,0.22370196,-0.95325763,0.71374406,-0.04699952,-0.13988803,0.18053360,0,1,0,0,0
2076,432291,0.28398437,-0.98442525,0.67995067,-0.04272946,-0.12163096,0.14981678,0,1,0,0,0
2077,432500,0.35877023,-0.99380353,0.61681536,-0.04231237,-0.17174740,0.19254190,0,1,0,0,0
2078,432708,0.41695558,-0.99947612,0.57498497,-0.04709050,-0.15557687,0.15616108,0,1,0,0,0
2079,432916,0.48019455,-1.00533921,0.52527568,-0.02894439,-0.18652335,0.15418712,0,1,0,0,0
2080,433125,0.53623433,-1.00546639,0.44995027,-0.00127652,-0.17211614,0.15027695,0,1,0,0,0
2081,433333,0.59357803,-0.99512026,0.38955692,-0.00507797,-0.17342691,0.16406120,0,1,0,0,0
2082,433541,0.63967659,-0.99556909,0.33261082,0.02872702,-0.17641558,0.14992677,0,1,0,0,0
2083,433750,0.69657142,-0.97292781,0.27947792,0.04704722,-0.20744634,0.14603095,0,1,0,0,0
2084,433958,0.74789924,-0.96275653,0.20270367,0.03328255,-0.19866503,0.15280951,0,1,0,0,0
2085,434166,0.79812653,-0.94464470,0.14318376,0.05110539,-0.18560887,0.11338098,0,1,0,0,0
2086,434375,0.83117076,-0.92037095,0.07422025,0.04712568,-0.21262681,0.13673995,0,1,0,0,0
2087,434583,0.87231230,-0.88785137,0.00274573,0.05702195,-0.19635070,0.12077753,0,1,0,0,0
2088,434791,0.90408188,-0.85815356,-0.04194554,0.08456073,-0.20508084,0.10084847,0,1,0,0,0
2089,435000,0.92567178,-0.81541531,-0.10669667,0.10193114,-0.19026189,0.09372078,0,1,0,0,0
2090,435208,0.94188092,-0.77532090,-0.18416768,0.10787340,-0.18699156,0.08812325,0,1,0,0,0
2091,435416,0.95802730,-0.74875805,-0.23630057,0.10442039,-0.18255455,0.06357671,0,1,0,0,0
2092,435625,0.98075863,-0.69856517,-0.29838285,0.11494475,-0.17652395,0.04415662,0,1,0,0,0
2093,435833,0.98614967,-0.64446904,-0.36184406,0.15001572,-0.16718946,0.04031793,0,1,0,0,0
2094,436041,0.99300276,-0.58982842,-0.41788500,0.14987046,-0.13821413,0.01851942,0,1,0,0,0
2095,436250,1.00744956,-0.52619711,-0.46584703,0.17122166,-0.15934040,-0.00863322,0,1,0,0,0
2096,436458,1.01656333,-0.47457160,-0.52973127,0.17112004,-0.12808488,-0.03211973,0,1,0,0,0
2097,436666,1.00719260,-0.41123188,-0.59064218,0.16807316,-0.12685965,-0.04287960,0,1,0,0,0
2098,436875,0.99468682,-0.36840008,-0.63552546,0.16232643,-0.12972420,-0.05670860,0,1,0,0,0
2099,437083,0.98042434,-0.29204252,-0.68829246,0.17603019,-0.10574997,-0.07064020,0,1,0,0,0
2100,437291,0.96504124,-0.22878108,-0.73799717,0.19879175,-0.11380540,-0.10196727,0,1,0,0,0
2101,437500,0.94050675,-0.17189091,-0.77003771,0.20961214,-0.10321782,-0.08760542,0,1,0,0,0
2102,437708,0.91858187,-0.09996028,-0.81852416,0.18853036,-0.09025510,-0.10462434,0,1,0,0,0
2103,437916,0.88987316,-0.03135652,-0.85727400,0.19994834,-0.10242756,-0.12977031,0,1,0,0,0
2104,438125,0.84787039,0.03335839,-0.89369092,0.19776723,-0.09488053,-0.12329563,0,1,0,0,0
2105,438333,0.81418576,0.10360414,-0.91621191,0.19921971,-0.07034314,-0.14668215,0,1,0,0,0
2106,438541,0.77017534,0.16498803,-0.94437467,0.22078651,-0.07985493,-0.15261663,0,1,0,0,0
2107,438750,0.73379803,0.22317632,-0.96153022,0.21320462,-0.06565304,-0.15034578,0,1,0,0,0
2108,438958,0.67846544,0.28732120,-0.98765475,0.19866026,-0.04780583,-0.17878444,0,1,0,0,0
2109,439166,0.63229093,0.36209939,-0.98575606,0.18348418,-0.03037201,-0.19454884,0,1,0,0,0
2110,439375,0.57921247,0.40748719,-0.99835635,0.18659565,-0.02515289,-0.17234517,0,1,0,0,0
2111,439583,0.52920390,0.47679113,-1.00369236,0.15659819,-0.00534334,-0.17574747,0,1,0,0,0
2112,439791,0.48608547,0.52931608,-1.00751873,0.17811064,0.01688212,-0.18986723,0,1,0,0,0
2113,440000,0.41029449,0.58068144,-0.98130082,0.16615524,0.02251258,-0.20619948,0,1,0,0,0
2114,440208,0.36249781,0.62373976,-0.98669621,0.14817432,0.03704015,-0.19491113,0,1,0,0,0
2115,440416,0.29752927,0.67532523,-0.97805146,0.13308776,0.05478485,-0.19867118,0,1,0,0,0
2116,440625,0.22842462,0.71629429,-0.96552790,0.13352025,0.06466098,-0.19854124,0,1,0,0,0
2117,440833,0.17156012,0.76916125,-0.93172769,0.12946327,0.08271737,-0.22833971,0,1,0,0,0
2118,441041,0.11072052,0.80436369,-0.90849796,0.09364757,0.07442178,-0.22337364,0,1,0,0,0
2119,441250,0.04097261,0.83970846,-0.87562867,0.08339794,0.12860572,-0.21031529,0,1,0,0,0
2120,441458,-0.01750424,0.87802370,-0.83778535,0.05319206,0.12321828,-0.22652436,0,1,0,0,0
2121,441666,-0.09468969,0.90114669,-0.79727300,0.03985666,0.13596462,-0.19502287,0,1,0,0,0
2122,441875,-0.16027508,0.93769254,-0.76850242,0.04537632,0.14479081,-0.20204461,0,1,0,0,0
2123,442083,-0.21391022,0.95613053,-0.72016851,0.03657886,0.15525421,-0.18618960,0,1,0,0,0
2124,442291,-0.28570264,0.96417398,-0.68724674,0.04886211,0.15558830,-0.18020761,0,1,0,0,0
2125,442500,-0.34244496,0.98230671,-0.62304719,0.02492931,0.17310271,-0.17720264,0,1,0,0,0
2126,442708,-0.40753342,0.98981019,-0.57938139,0.01704350,0.17655123,-0.16913534,0,1,0,0,0
2127,442916,-0.47552155,0.98802563,-0.50744463,0.01681614,0.18280504,-0.17126263,0,1,0,0,0
2128,443125,-0.52911633,0.99858361,-0.45310187,0.01238503,0.17928910,-0.15991849,0,1,0,0,0
2129,443333,-0.58407956,0.99450901,-0.39934913,-0.00567095,0.18856096,-0.16565956,0,1,0,0,0
2130,443541,-0.62557968,0.98175092,-0.33932145,-0.02281903,0.18699182,-0.17110668,0,1,0,0,0
2131,443750,-0.68134202,0.97275628,-0.27439077,-0.02447269,0.20686462,-0.15829450,0,1,0,0,0
2132,443958,-0.73627882,0.94478071,-0.21209798,-0.01333597,0.22374435,-0.14230438,0,1,0,0,0
2133,444166,-0.77962935,0.93603712,-0.13839196,-0.05107750,0.21755376,-0.13608248,0,1,0,0,0
2134,444375,-0.81735335,0.90853795,-0.08379360,-0.06598139,0.19077424,-0.12932358,0,1,0,0,0
2135,444583,-0.85312354,0.88381928,-0.01172637,-0.07487186,0.20995431,-0.11055973,0,1,0,0,0
2136,444791,-0.89588988,0.85032654,0.04744592,-0.08328450,0.20614992,-0.12714620,0,1,0,0,0
2137,445000,-0.91263663,0.80696244,0.11999738,-0.10943124,0.21016711,-0.10927239,0,1,0,0,0
2138,445208,-0.94047447,0.77793910,0.17282151,-0.11757837,0.19534978,-0.10021089,0,1,0,0,0
2139,445416,-0.95933087,0.73549398,0.23713174,-0.13696558,0.16916627,-0.05542851,0,1,0,0,0
2140,445625,-0.98369667,0.68883857,0.30622862,-0.13450704,0.17311124,-0.06082228,0,1,0,0,0
2141,445833,-0.99397552,0.63892077,0.34880819,-0.12146563,0.18575339,-0.06133123,0,1,0,0,0
2142,446041,-1.00331906,0.58459011,0.42142521,-0.14328172,0.15644201,-0.03169982,0,1,0,0,0
2143,446250,-1.00268852,0.52375041,0.47342386,-0.16628372,0.15432966,-0.02631199,0,1,0,0,0
2144,446458,-1.00486402,0.47202680,0.53134927,-0.13263238,0.13390043,-0.00243733,0,1,0,0,0
2145,446666,-1.00148735,0.42852887,0.58472381,-0.18213781,0.13787555,0.03224996,0,1,0,0,0
2146,446875,-0.99020458,0.35626918,0.63832570,-0.17745854,0.13801610,0.03636112,0,1,0,0,0
2147,447083,-0.97698302,0.28498220,0.69082879,-0.18203927,0.12111231,0.06180440,0,1,0,0,0
2148,447291,-0.96474194,0.22497251,0.73471447,-0.17833570,0.13509325,0.06841745,0,1,0,0,0
2149,447500,-0.92224381,0.14947575,0.78009524,-0.20508315,0.10492165,0.08597180,0,1,0,0,0
2150,447708,-0.91865389,0.09204429,0.82357569,-0.20018909,0.09781173,0.10519234,0,1,0,0,0
2151,447916,-0.88096286,0.02566588,0.85741830,-0.19922814,0.10791448,0.12946532,0,1,0,0,0
2152,448125,-0.84461884,-0.03674475,0.88956945,-0.16675778,0.10170186,0.13601850,0,1,0,0,0
2153,448333,-0.82759205,-0.09799979,0.92544936,-0.18821420,0.08664000,0.11617104,0,1,0,0,0
2154,448541,-0.78289678,-0.17056546,0.94519407,-0.21320808,0.08341448,0.13697811,0,1,0,0,0
2155,448750,-0.72592174,-0.24347450,0.97600500,-0.20769545,0.06422770,0.15078619,0,1,0,0,0
2156,448958,-0.67025561,-0.29329993,0.97243098,-0.19533689,0.06367745,0.14603171,0,1,0,0,0
2157,449166,-0.63774683,-0.35671990,0.99246131,-0.20058824,0.04066579,0.16544272,0,1,0,0,0
2158,449375,-0.58308458,-0.41379362,1.00697112,-0.18761097,0.01901614,0.16221668,0,1,0,0,0
2159,449583,-0.52239350,-0.46751294,1.00465693,-0.17520477,0.01328190,0.17790273,0,1,0,0,0
2160,449791,-0.46858463,-0.52597866,1.01896901,-0.17638334,0.00062745,0.18123378,0,1,0,0,0
