1,0,0.86873755,-0.85273308,-0.00970381,0.12332145,-0.20409535,0.11935140,0,0,0,0,0
2,208,0.89704666,-0.81675395,-0.07779476,0.08107233,-0.19203077,0.08449755,0,0,0,0,0
3,416,0.93538429,-0.78420865,-0.14145898,0.13153183,-0.18181991,0.09524891,0,0,0,0,0
4,625,0.94860945,-0.74219581,-0.20203637,0.12025793,-0.20774123,0.06090822,0,0,0,0,0
5,833,0.96892788,-0.70020447,-0.26331439,0.14965293,-0.17090547,0.04444030,0,0,0,0,0
6,1041,0.97551873,-0.64547686,-0.32896227,0.15104222,-0.17748186,0.02841294,0,0,0,0,0
7,1250,0.98102678,-0.60777341,-0.39336171,0.15050048,-0.18201649,0.02503214,0,0,0,0,0
8,1458,1.00045193,-0.54576218,-0.45037166,0.15716886,-0.16293040,0.00824273,0,0,0,0,0
9,1666,0.99811893,-0.49169813,-0.50891580,0.18541731,-0.16797938,-0.01508636,0,0,0,0,0
10,1875,0.99705558,-0.43355003,-0.56728637,0.19468363,-0.16328421,-0.00464585,0,0,0,0,0
11,2083,0.99427672,-0.37768730,-0.62381623,0.16678685,-0.15391854,-0.05622124,0,0,0,0,0
12,2291,0.98123118,-0.30270316,-0.66703806,0.20718360,-0.15067450,-0.05495097,0,0,0,0,0
13,2500,0.96898330,-0.24313291,-0.70942665,0.19386936,-0.15887056,-0.05818529,0,0,0,0,0
14,2708,0.94906225,-0.18030391,-0.76140601,0.20605303,-0.13303622,-0.06044340,0,0,0,0,0
15,2916,0.91262689,-0.11691480,-0.80783611,0.19857275,-0.12423151,-0.08911542,0,0,0,0,0
16,3125,0.89304858,-0.06071750,-0.84628664,0.21732241,-0.10874650,-0.10625989,0,0,0,0,0
17,3333,0.85444120,0.00755644,-0.88261516,0.19913047,-0.08774229,-0.10534905,0,0,0,0,0
18,3541,0.81395737,0.06794369,-0.90121828,0.20299835,-0.10274545,-0.11134684,0,0,0,0,0
19,3750,0.78768673,0.14180562,-0.93128810,0.21183019,-0.08333700,-0.12908043,0,0,0,0,0
20,3958,0.74299275,0.20711001,-0.94985339,0.19727360,-0.07013609,-0.14094451,0,0,0,0,0
21,4166,0.69816396,0.26849472,-0.96667895,0.19659737,-0.05085815,-0.13982122,0,0,0,0,0
22,4375,0.65856447,0.33932981,-0.98297046,0.20397919,-0.05129119,-0.15965462,0,0,0,0,0
23,4583,0.59218678,0.39511612,-0.99729226,0.19076914,-0.02930163,-0.17562147,0,0,0,0,0
24,4791,0.55231946,0.45468274,-0.99141768,0.18607608,-0.02249140,-0.18039057,0,0,0,0,0
25,5000,0.49105846,0.51642368,-1.00427269,0.18785817,-0.00214857,-0.16792025,0,0,0,0,0
26,5208,0.43442736,0.57771185,-0.99666615,0.17819923,-0.01652225,-0.17232291,0,0,0,0,0
27,5416,0.36632404,0.61877967,-0.99236834,0.15551228,0.04398465,-0.19508386,0,0,0,0,0
28,5625,0.31490677,0.66785697,-0.97748613,0.17868627,0.02209297,-0.18146584,0,0,0,0,0
29,5833,0.24839101,0.71597787,-0.95948388,0.16424638,0.05366123,-0.19488903,0,0,0,0,0
30,6041,0.18444834,0.76264957,-0.93916914,0.14084393,0.06454182,-0.16827924,0,0,0,0,0
31,6250,0.12364846,0.80349068,-0.91435782,0.10215437,0.09274048,-0.18648593,0,0,0,0,0
32,6458,0.04444356,0.84696372,-0.90374371,0.11136060,0.10982355,-0.17984812,0,0,0,0,0
33,6666,-0.01257722,0.86069255,-0.86936317,0.09879198,0.09567986,-0.18685098,0,0,0,0,0
34,6875,-0.08235642,0.90485120,-0.81666747,0.08307244,0.11851582,-0.19108116,0,0,0,0,0
35,7083,-0.14603380,0.93210497,-0.77545938,0.06249378,0.12807168,-0.18375434,0,0,0,0,0
36,7291,-0.21602105,0.96008418,-0.74399980,0.04792354,0.14260873,-0.17268083,0,0,0,0,0
37,7500,-0.27628007,0.96971368,-0.68959497,0.04677514,0.14257158,-0.18246546,0,0,0,0,0
38,7708,-0.33324822,0.97943816,-0.64760816,0.01782810,0.17589478,-0.19146110,0,0,0,0,0
39,7916,-0.40018120,1.00567298,-0.59377146,0.00802462,0.17722472,-0.18617027,0,0,0,0,0
40,8125,-0.45934282,0.99422618,-0.53686968,0.00918774,0.17735716,-0.17721005,0,0,0,0,0
41,8333,-0.51923192,1.00292416,-0.47828622,-0.01040163,0.19736208,-0.18836425,0,0,0,0,0
42,8541,-0.56328732,0.98663682,-0.42149210,-0.02731120,0.20121274,-0.17115520,0,0,0,0,0
43,8750,-0.61541997,0.99034647,-0.37817772,-0.03654246,0.19192232,-0.17242881,0,0,0,0,0
44,8958,-0.66717934,0.97851612,-0.31181796,-0.04982933,0.18619280,-0.14968750,0,0,0,0,0
45,9166,-0.71552955,0.95524471,-0.24171121,-0.06685538,0.18299022,-0.14936774,0,0,0,0,0
46,9375,-0.75383291,0.94153969,-0.18257707,-0.06373791,0.19524773,-0.15145415,0,0,0,0,0
47,9583,-0.79621341,0.92012491,-0.11684206,-0.06692288,0.20260813,-0.12300600,0,0,0,0,0
48,9791,-0.83506534,0.89139179,-0.05723377,-0.08976597,0.20956544,-0.11370911,0,0,0,0,0
49,10000,-0.87063512,0.85311820,0.00551542,-0.10090115,0.18335956,-0.08448415,0,0,0,0,0
50,10208,-0.90049218,0.82612247,0.07213761,-0.10700141,0.18617312,-0.10069072,0,0,0,0,0
51,10416,-0.92694626,0.78271042,0.14265798,-0.12731912,0.17855063,-0.06157050,0,0,0,0,0
52,10625,-0.94700621,0.74444768,0.20827917,-0.12603702,0.17895163,-0.07560884,0,0,0,0,0
53,10833,-0.96429706,0.69378467,0.26419415,-0.14266553,0.18755073,-0.04241270,0,0,0,0,0
54,11041,-0.98122392,0.65504362,0.32882850,-0.14884805,0.19768436,-0.03844692,0,0,0,0,0
55,11250,-0.99183162,0.60009290,0.39293210,-0.15987392,0.17338304,-0.01603218,0,0,0,0,0
56,11458,-0.98897164,0.54160363,0.45164673,-0.17067697,0.17670770,-0.01276222,0,0,0,0,0
57,11666,-0.99365467,0.49178047,0.50572520,-0.16831228,0.16275022,-0.00431662,0,0,0,0,0
58,11875,-0.99628229,0.43848251,0.56483767,-0.17142760,0.17244574,0.03911103,0,0,0,0,0
59,12083,-0.98912117,0.37060950,0.61552941,-0.18369011,0.16050312,0.02508069,0,0,0,0,0
60,12291,-0.97706079,0.31315767,0.67482829,-0.18203694,0.15727386,0.04668700,0,0,0,0,0
61,12500,-0.97009794,0.24970645,0.71925607,-0.20301173,0.11755573,0.07011859,0,0,0,0,0
62,12708,-0.94660196,0.18622430,0.76523037,-0.18650138,0.13776937,0.07406842,0,0,0,0,0
63,12916,-0.92782938,0.11924160,0.79397479,-0.18901531,0.11832777,0.07585762,0,0,0,0,0
64,13125,-0.89179657,0.04859845,0.84260430,-0.18944113,0.10148642,0.08971295,0,0,0,0,0
65,13333,-0.85714460,-0.00293745,0.88085094,-0.19836508,0.10659495,0.11620109,0,0,0,0,0
66,13541,-0.82234066,-0.07270826,0.90205449,-0.18545314,0.10394297,0.10952647,0,0,0,0,0
67,13750,-0.79174538,-0.13854599,0.92644019,-0.20543531,0.09432632,0.12604221,0,0,0,0,0
68,13958,-0.75635475,-0.19909066,0.96309686,-0.19369053,0.03746941,0.14755851,0,0,0,0,0
69,14166,-0.69693003,-0.26488805,0.98136139,-0.19682272,0.06543210,0.16317003,0,0,0,0,0
70,14375,-0.64605150,-0.32842019,0.98967467,-0.18451705,0.06089054,0.14258777,0,0,0,0,0
71,14583,-0.60034989,-0.39525176,0.99575571,-0.19879817,0.01198570,0.16761521,0,0,0,0,0
72,14791,-0.54878194,-0.45546925,1.00201990,-0.20028448,0.02708130,0.16566320,0,0,0,0,0
73,15000,-0.49628075,-0.51871215,1.00203693,-0.18200288,0.00970194,0.17725802,0,0,0,0,0
74,15208,-0.42547982,-0.56701267,0.99312790,-0.16854724,-0.00531659,0.15763472,0,0,0,0,0
75,15416,-0.37640566,-0.61391466,0.98193723,-0.17255541,-0.02916281,0.16545023,0,0,0,0,0
76,15625,-0.30461563,-0.67317554,0.98187983,-0.14990682,-0.02855365,0.17271712,0,0,0,0,0
77,15833,-0.25327463,-0.71938819,0.96448103,-0.16090473,-0.05228575,0.17898132,0,0,0,0,0
78,16041,-0.18690717,-0.77248981,0.93720757,-0.12590021,-0.05704689,0.18292501,0,0,0,0,0
79,16250,-0.11333153,-0.80858372,0.91115639,-0.12261836,-0.07877960,0.17820725,0,0,0,0,0
80,16458,-0.05318602,-0.83802942,0.89708025,-0.09635900,-0.07777907,0.18923806,0,0,0,0,0
81,16666,0.01171075,-0.87097035,0.85116770,-0.09584429,-0.10148054,0.19968262,0,0,0,0,0
82,16875,0.08261845,-0.90974059,0.82618434,-0.07200747,-0.11742873,0.20056748,0,0,0,0,0
83,17083,0.15674645,-0.93129995,0.78566546,-0.06626579,-0.12278544,0.19844055,0,0,0,0,0
84,17291,0.21623705,-0.95675020,0.74558478,-0.05605251,-0.14053045,0.18814736,0,0,0,0,0
85,17500,0.27597513,-0.97450629,0.69302406,-0.03096032,-0.14689294,0.19195714,0,0,0,0,0
86,17708,0.33517477,-0.98130514,0.64828398,-0.02496205,-0.17016120,0.19130877,0,0,0,0,0
87,17916,0.39749137,-0.99263555,0.59309116,0.00121012,-0.16287915,0.17442772,0,0,0,0,0
88,18125,0.46244614,-0.98907323,0.53138451,-0.00203154,-0.17799498,0.17314518,0,0,0,0,0
89,18333,0.51068908,-0.99604013,0.48637101,0.02254207,-0.17585442,0.16432367,0,0,0,0,0
90,18541,0.57235264,-0.99793937,0.42688991,0.03452165,-0.19588986,0.16730168,0,0,0,0,0
91,18750,0.61276115,-0.98555480,0.36762016,0.02611213,-0.18129925,0.15151968,0,0,0,0,0
92,18958,0.66513068,-0.96995748,0.30642721,0.04181632,-0.18950821,0.16162162,0,0,0,0,0
93,19166,0.71371081,-0.94927776,0.24494127,0.05664715,-0.20135877,0.15752842,0,0,0,0,0
94,19375,0.76631960,-0.93063966,0.17599336,0.04036432,-0.19435890,0.14540089,0,0,0,0,0
95,19583,0.80841047,-0.91081765,0.11561636,0.07483910,-0.19463862,0.13206837,0,0,0,0,0
96,19791,0.82394447,-0.87696982,0.05078673,0.09560057,-0.18719993,0.12947980,0,0,0,0,0
97,20000,0.86855270,-0.84713226,-0.00251230,0.11171078,-0.16168751,0.10646320,0,0,0,0,0
98,20208,0.90282284,-0.82595496,-0.07006033,0.11200000,-0.17534411,0.09707005,0,0,0,0,0
99,20416,0.92846121,-0.79021838,-0.13957997,0.10579381,-0.18159790,0.07520114,0,0,0,0,0
100,20625,0.94811049,-0.74707739,-0.21098725,0.13303493,-0.16209175,0.06017384,0,0,0,0,0
101,20833,0.97217509,-0.70638887,-0.26445557,0.14367621,-0.18216552,0.04434527,0,0,0,0,0
102,21041,0.98608858,-0.64740622,-0.33130265,0.13394672,-0.19344008,0.02434025,0,0,0,0,0
103,21250,0.99205828,-0.60526584,-0.39391921,0.16282742,-0.16229054,0.01732857,0,0,0,0,0
104,21458,0.99323586,-0.54452565,-0.45375472,0.15758215,-0.18165733,0.02881149,0,0,0,0,0
105,21666,0.99934404,-0.49101282,-0.50991078,0.16469560,-0.16107376,-0.00537750,0,0,0,0,0
106,21875,0.99849036,-0.41765642,-0.55950923,0.17705267,-0.16313009,-0.00120420,0,0,0,0,0
107,22083,0.98748781,-0.37109163,-0.62160669,0.19315617,-0.16571695,-0.04074231,0,0,0,0,0
108,22291,0.97770529,-0.30952636,-0.67677973,0.17852205,-0.16321214,-0.02386269,0,0,0,0,0
109,22500,0.96341403,-0.24476558,-0.71175201,0.18240326,-0.15861369,-0.07744310,0,0,0,0,0
110,22708,0.94252285,-0.18365300,-0.76370343,0.19469902,-0.14039915,-0.06229376,0,0,0,0,0
111,22916,0.91851511,-0.11607803,-0.80069755,0.20591567,-0.12525918,-0.06894006,0,0,0,0,0
112,23125,0.88961024,-0.04863977,-0.83703989,0.20458376,-0.11543021,-0.09261575,0,0,0,0,0
113,23333,0.85646292,0.01146522,-0.88226066,0.20009017,-0.11580604,-0.11124315,0,0,0,0,0
114,23541,0.82567799,0.07929322,-0.90449214,0.20220702,-0.09596108,-0.12607875,0,0,0,0,0
115,23750,0.78219259,0.14466720,-0.93160266,0.19756781,-0.08331601,-0.12343049,0,0,0,0,0
116,23958,0.74257125,0.21157611,-0.96353113,0.18396806,-0.07971496,-0.15633630,0,0,0,0,0
117,24166,0.68851010,0.27406058,-0.97711763,0.20670008,-0.05988209,-0.16104921,0,0,0,0,0
118,24375,0.65289288,0.33633767,-0.97648126,0.20736724,-0.03589579,-0.14917850,0,0,0,0,0
119,24583,0.59504187,0.39286458,-0.99278465,0.19829719,-0.03327087,-0.16867075,0,0,0,0,0
120,24791,0.55029647,0.46069567,-1.00232510,0.17967738,-0.01120856,-0.15015913,0,0,0,0,0
121,25000,0.48865955,0.50910036,-0.99514026,0.18698103,0.00178705,-0.17964132,0,0,0,0,0
122,25208,0.43204774,0.56914118,-1.00236962,0.17046204,0.00993393,-0.18338942,0,0,0,0,0
123,25416,0.37147662,0.61711611,-0.98275702,0.15479561,0.02727171,-0.17465797,0,0,0,0,0
124,25625,0.31461092,0.67277073,-0.97585972,0.16916867,0.03736456,-0.18515385,0,0,0,0,0
125,25833,0.25596375,0.71388356,-0.96318172,0.14857207,0.04519218,-0.18151933,0,0,0,0,0
126,26041,0.18999566,0.76435185,-0.94968855,0.13655638,0.07474750,-0.20146904,0,0,0,0,0
127,26250,0.11914188,0.80282671,-0.91691244,0.10661167,0.05884871,-0.18790564,0,0,0,0,0
128,26458,0.05344389,0.84128203,-0.88628122,0.12460261,0.09499518,-0.16696382,0,0,0,0,0
129,26666,-0.01118048,0.87547822,-0.85706425,0.08065442,0.10427216,-0.18452592,0,0,0,0,0
130,26875,-0.07362604,0.90657351,-0.81563580,0.08586719,0.11518742,-0.19001895,0,0,0,0,0
131,27083,-0.13991738,0.93403350,-0.78522927,0.06831483,0.13485375,-0.17491970,0,0,0,0,0
132,27291,-0.21661265,0.95949295,-0.75108789,0.05102492,0.15060583,-0.18394885,0,0,0,0,0
133,27500,-0.26940528,0.97449112,-0.69621880,0.04156742,0.14798126,-0.19322883,0,0,0,0,0
134,27708,-0.33321519,0.98192671,-0.64757514,0.01407324,0.15293060,-0.17273016,0,0,0,0,0
135,27916,-0.40429818,0.99401130,-0.60264220,-0.00275676,0.19265665,-0.18230636,0,0,0,0,0
136,28125,-0.45067156,0.99670132,-0.54002025,-0.00318554,0.20149822,-0.17779125,0,0,0,0,0
137,28333,-0.51727451,0.99453173,-0.48340346,-0.03364046,0.18088651,-0.16796349,0,0,0,0,0
138,28541,-0.56927652,0.99929713,-0.42943379,-0.02780286,0.17849845,-0.18139802,0,0,0,0,0
139,28750,-0.61886065,0.98295373,-0.36110714,-0.03485340,0.18738506,-0.17218769,0,0,0,0,0
140,28958,-0.66832308,0.97261450,-0.30393997,-0.04206645,0.20391552,-0.16648901,0,0,0,0,0
141,29166,-0.71539886,0.95612765,-0.24144813,-0.06675105,0.19656877,-0.15824412,0,0,0,0,0
142,29375,-0.75545551,0.93645251,-0.17972576,-0.06044184,0.19329872,-0.13457746,0,0,0,0,0
143,29583,-0.80052379,0.91666622,-0.11779728,-0.08354433,0.18370213,-0.10238993,0,0,0,0,0
144,29791,-0.83926699,0.88376878,-0.05321596,-0.08961871,0.18439076,-0.11965752,0,0,0,0,0
145,30000,-0.86547953,0.86429606,0.01099301,-0.07735693,0.18529539,-0.11227532,0,0,0,0,0
146,30208,-0.89623505,0.81611821,0.07419165,-0.09433839,0.17686373,-0.06997977,0,0,0,0,0
147,30416,-0.92064050,0.78316507,0.13727356,-0.10175492,0.17787142,-0.09303522,0,0,0,0,0
148,30625,-0.95143739,0.74166516,0.19844882,-0.14254810,0.18079359,-0.08578582,0,0,0,0,0
149,30833,-0.96581147,0.69483163,0.26568445,-0.14216665,0.18484331,-0.04408570,0,0,0,0,0
150,31041,-0.99091614,0.64778050,0.33070763,-0.15308486,0.19032709,-0.03229738,0,0,0,0,0
151,31250,-0.99077874,0.60831169,0.39263753,-0.15848916,0.16623965,-0.01491490,0,0,0,0,0
152,31458,-0.99241876,0.54489393,0.45141310,-0.15819063,0.18715117,-0.01009024,0,0,0,0,0
153,31666,-0.99852657,0.49800917,0.52076322,-0.16315747,0.16511100,0.00858625,0,0,0,0,0
154,31875,-0.98935470,0.42135179,0.56664346,-0.16923401,0.16880475,0.02067898,0,0,0,0,0
155,32083,-0.98404431,0.37678711,0.61576207,-0.18218425,0.14633202,0.04441271,0,0,0,0,0
156,32291,-0.97866165,0.31147531,0.66509246,-0.18176311,0.14333914,0.02275061,0,0,0,0,0
157,32500,-0.96418909,0.24439812,0.70919301,-0.19972994,0.13689532,0.05040188,0,0,0,0,0
158,32708,-0.94548918,0.19046136,0.76467134,-0.18551693,0.14238301,0.07117394,0,0,0,0,0
159,32916,-0.92201905,0.12163091,0.80510821,-0.18715949,0.11804108,0.08298996,0,0,0,0,0
160,33125,-0.89546596,0.04471869,0.84100257,-0.18865369,0.10235110,0.09534652,0,0,0,0,0
161,33333,-0.85447440,-0.00928894,0.87996808,-0.20504271,0.10681510,0.10998249,0,0,0,0,0
162,33541,-0.83377606,-0.08505132,0.90734252,-0.18554610,0.09477532,0.13780339,0,0,0,0,0
163,33750,-0.79566831,-0.14596525,0.93468109,-0.20657867,0.06682147,0.12797730,0,0,0,0,0
164,33958,-0.74617698,-0.19926770,0.95027506,-0.19136245,0.06797595,0.15485693,0,0,0,0,0
165,34166,-0.69649804,-0.26586567,0.96966398,-0.20090477,0.05200077,0.14323761,0,0,0,0,0
166,34375,-0.65313339,-0.33903724,0.99062564,-0.21017930,0.04910551,0.16253504,0,0,0,0,0
167,34583,-0.59674348,-0.39671939,0.99390617,-0.18429635,0.03316816,0.16992435,0,0,0,0,0
168,34791,-0.54736346,-0.45945985,1.00147608,-0.20037548,0.02020765,0.18117160,0,0,0,0,0
169,35000,-0.49205066,-0.51180156,0.99900384,-0.17721249,0.01016236,0.18611868,0,0,0,0,0
170,35208,-0.42905119,-0.57519963,0.99654162,-0.19081769,-0.00404374,0.18624201,0,0,0,0,0
171,35416,-0.36760319,-0.62070159,0.97895761,-0.16498206,-0.02281013,0.18774471,0,0,0,0,0
172,35625,-0.31074051,-0.67210774,0.96680402,-0.15965974,-0.03545989,0.21204814,0,0,0,0,0
173,35833,-0.24876542,-0.72184006,0.96408333,-0.14044878,-0.05921280,0.17982594,0,0,0,0,0
174,36041,-0.19122301,-0.76382078,0.93600037,-0.15513620,-0.06765607,0.18460066,0,0,0,0,0
175,36250,-0.11761041,-0.80231386,0.91649314,-0.12104582,-0.06890728,0.20313701,0,0,0,0,0
176,36458,-0.05113319,-0.85255713,0.89122207,-0.12217625,-0.09041358,0.17800015,0,0,0,0,0
177,36666,0.01546403,-0.88402600,0.85762570,-0.08938470,-0.10043530,0.17727333,0,0,0,0,0
178,36875,0.07623040,-0.90864848,0.82425322,-0.08502232,-0.11877175,0.19679826,0,0,0,0,0
179,37083,0.14935320,-0.93531553,0.78135298,-0.05257705,-0.13953276,0.18154617,0,0,0,0,0
180,37291,0.21274926,-0.95497916,0.73482324,-0.04738269,-0.14469101,0.17320475,0,0,0,0,0
181,37500,0.26789537,-0.97848741,0.69640127,-0.02166650,-0.15991827,0.17493185,0,0,0,0,0
182,37708,0.33124030,-0.98351456,0.65486799,-0.00567714,-0.15071167,0.18855603,0,0,0,0,0
183,37916,0.39783322,-0.98958786,0.58802370,-0.01902145,-0.16848690,0.16495729,0,0,0,0,0
184,38125,0.46423228,-0.98905480,0.53648134,-0.00892350,-0.17870147,0.18426428,0,0,0,0,0
185,38333,0.51182251,-1.00309036,0.47832108,0.01477852,-0.18356485,0.17617865,0,0,0,0,0
186,38541,0.56887415,-1.00704388,0.42979283,0.02326034,-0.19639726,0.15988504,0,0,0,0,0
187,38750,0.62366043,-0.98275846,0.37394166,0.02945857,-0.19461380,0.18631484,0,0,0,0,0
188,38958,0.66865656,-0.97268703,0.30110541,0.06116411,-0.20738006,0.16666850,0,0,0,0,0
189,39166,0.71316631,-0.95846504,0.24526369,0.05812167,-0.18631243,0.15132270,0,0,0,0,0
190,39375,0.75711190,-0.94025053,0.18172442,0.06179534,-0.18925632,0.14475446,0,0,0,0,0
191,39583,0.80075099,-0.91344935,0.12277777,0.07365886,-0.20729745,0.13317988,0,0,0,0,0
192,39791,0.83827306,-0.88435740,0.04650752,0.04292203,-0.20822553,0.11759230,0,0,0,0,0
193,40000,0.87180312,-0.85293125,-0.00555264,0.09080910,-0.17875990,0.11144113,0,0,0,0,0
194,40208,0.90144591,-0.81880732,-0.07663492,0.09755789,-0.19162766,0.09201088,0,0,0,0,0
195,40416,0.93667846,-0.78304607,-0.13344288,0.10628473,-0.18074374,0.08103134,0,0,0,0,0
196,40625,0.95425964,-0.74684836,-0.19933503,0.13959081,-0.17551668,0.06115928,0,0,0,0,0
197,40833,0.96370199,-0.70069295,-0.25211386,0.14258353,-0.16948325,0.02595896,0,0,0,0,0
198,41041,0.98251811,-0.64973661,-0.33743821,0.16552838,-0.18029916,0.01934967,0,0,0,0,0
199,41250,0.99225673,-0.60278891,-0.39130945,0.15757079,-0.17122746,0.01126464,0,0,0,0,0
200,41458,0.99586769,-0.55219091,-0.45310477,0.15675694,-0.17700923,-0.00421862,0,0,0,0,0
201,41666,1.00429992,-0.48157233,-0.50547368,0.17134913,-0.15939827,-0.01045314,0,0,0,0,0
202,41875,0.99789814,-0.43303946,-0.54924883,0.18576939,-0.16939443,-0.02781450,0,0,0,0,0
203,42083,0.99522615,-0.36417361,-0.61470122,0.17142365,-0.15704604,-0.06147376,0,0,0,0,0
204,42291,0.97520991,-0.31643315,-0.66581110,0.18356270,-0.14478545,-0.06337259,0,0,0,0,0
205,42500,0.96280718,-0.25441641,-0.72331577,0.19219203,-0.15608869,-0.03392608,0,0,0,0,0
206,42708,0.94719066,-0.17505136,-0.76407546,0.19317818,-0.13407146,-0.06423841,0,0,0,0,0
207,42916,0.92575881,-0.11656486,-0.79919746,0.21260522,-0.11514693,-0.08998144,0,0,0,0,0
208,43125,0.89891399,-0.05792827,-0.84085596,0.19721429,-0.11973158,-0.10995470,0,0,0,0,0
209,43333,0.86448330,0.00985664,-0.87224280,0.19889470,-0.08655689,-0.09342516,0,0,0,0,0
210,43541,0.81181898,0.06147986,-0.90549684,0.19292287,-0.09866152,-0.13650714,0,0,0,0,0
211,43750,0.78577456,0.14247421,-0.92821737,0.20772732,-0.09674381,-0.13826387,0,0,0,0,0
212,43958,0.74167599,0.19751816,-0.95827159,0.19273258,-0.06671450,-0.15475656,0,0,0,0,0
213,44166,0.69524257,0.26778284,-0.97296283,0.21296914,-0.04835585,-0.15545238,0,0,0,0,0
214,44375,0.64704646,0.32701536,-0.98518070,0.19035839,-0.02730935,-0.15364985,0,0,0,0,0
215,44583,0.59798853,0.40673125,-1.00081798,0.19899478,-0.00452339,-0.16581139,0,0,0,0,0
216,44791,0.54754295,0.45266879,-0.99960052,0.18953663,-0.00772033,-0.16395582,0,0,0,0,0
217,45000,0.48405762,0.50846795,-0.99599562,0.17645775,-0.02483126,-0.19158431,0,0,0,0,0
218,45208,0.43487361,0.57677234,-0.98663786,0.18906588,0.00522922,-0.17312889,0,0,0,0,0
219,45416,0.37228081,0.62981619,-0.98313374,0.16909781,0.01971710,-0.20485934,0,0,0,0,0
220,45625,0.31439554,0.67302935,-0.97601089,0.15805360,0.03582947,-0.17813726,0,0,0,0,0
221,45833,0.25146489,0.72036394,-0.95537596,0.14184737,0.05152043,-0.16791884,0,0,0,0,0
222,46041,0.18671472,0.76121382,-0.93958335,0.15255413,0.07251943,-0.19327726,0,0,0,0,0
223,46250,0.11766922,0.80993147,-0.91609421,0.13642383,0.07754083,-0.19637067,0,0,0,0,0
224,46458,0.04630474,0.85822499,-0.88727493,0.12362955,0.08524070,-0.18797711,0,0,0,0,0
225,46666,-0.00714422,0.88540325,-0.86050411,0.11460014,0.08507029,-0.16079392,0,0,0,0,0
226,46875,-0.08612161,0.90703279,-0.82526731,0.07821395,0.09179727,-0.17984640,0,0,0,0,0
227,47083,-0.14791657,0.93108738,-0.78002289,0.04664055,0.12019753,-0.19720687,0,0,0,0,0
228,47291,-0.22263620,0.95303010,-0.74163024,0.05498323,0.13881418,-0.17115406,0,0,0,0,0
229,47500,-0.27786381,0.96879173,-0.68947394,0.05369445,0.15000601,-0.17046350,0,0,0,0,0
230,47708,-0.33507691,0.99543832,-0.65048337,0.02222364,0.18109427,-0.18508580,0,0,0,0,0
231,47916,-0.39749666,0.99665847,-0.60265938,-0.00099449,0.17724772,-0.18269199,0,0,0,0,0
232,48125,-0.45586980,0.99791442,-0.53654765,-0.01049044,0.18211888,-0.19134993,0,0,0,0,0
233,48333,-0.51313100,1.00139125,-0.48630233,-0.01013942,0.16815710,-0.17877994,0,0,0,0,0
234,48541,-0.56577237,0.99299111,-0.42853171,-0.02435426,0.19972697,-0.17249429,0,0,0,0,0
235,48750,-0.62424062,0.98421995,-0.37267865,-0.04110635,0.20386351,-0.18476322,0,0,0,0,0
236,48958,-0.66650995,0.97591947,-0.29580875,-0.04552287,0.18965841,-0.17582319,0,0,0,0,0
237,49166,-0.71286337,0.95405733,-0.24580202,-0.05415765,0.17631659,-0.16587337,0,0,0,0,0
238,49375,-0.75675545,0.93843584,-0.18452870,-0.07433858,0.19079916,-0.13670437,0,0,0,0,0
239,49583,-0.80352059,0.92443927,-0.12300953,-0.06453899,0.20307878,-0.12455264,0,0,0,0,0
240,49791,-0.83429634,0.88485301,-0.05255835,-0.09113602,0.18874360,-0.11742183,0,0,0,0,0
241,50000,-0.86950853,0.85623208,0.01258794,-0.10080691,0.17742231,-0.10248117,0,0,0,0,0
242,50208,-0.89681494,0.81774844,0.07746858,-0.10715858,0.19393569,-0.08869911,0,0,0,0,0
243,50416,-0.92605745,0.78485043,0.14102575,-0.11417378,0.17112632,-0.07283981,0,0,0,0,0
244,50625,-0.94308413,0.73101445,0.19959875,-0.13502602,0.17139325,-0.04815688,0,0,0,0,0
245,50833,-0.97285376,0.69313925,0.26973413,-0.13622269,0.17940533,-0.05213471,0,0,0,0,0
246,51041,-0.97199805,0.65816296,0.33432129,-0.12641237,0.17042415,-0.03789092,0,0,0,0,0
247,51250,-0.99449423,0.60441080,0.38978899,-0.14752727,0.16605692,-0.01951514,0,0,0,0,0
248,51458,-0.99191516,0.54924746,0.45194918,-0.14267047,0.17674441,-0.00381863,0,0,0,0,0
249,51666,-0.99274428,0.49250602,0.51039089,-0.15845940,0.16704471,0.01373828,0,0,0,0,0
250,51875,-1.00908816,0.42955714,0.56097064,-0.17826191,0.16626827,0.02945562,0,0,0,0,0
251,52083,-0.99297640,0.36935154,0.61478897,-0.18286864,0.14730467,0.04753484,0,0,0,0,0
252,52291,-0.97809162,0.31177372,0.65992517,-0.16931903,0.15594031,0.04160583,0,0,0,0,0
253,52500,-0.96169504,0.24316610,0.71776136,-0.18037031,0.15012078,0.05612482,0,0,0,0,0
254,52708,-0.94498554,0.18111966,0.75913210,-0.20314175,0.14711511,0.07171705,0,0,0,0,0
255,52916,-0.92680364,0.12215520,0.79717677,-0.18719737,0.13725404,0.07939692,0,0,0,0,0
256,53125,-0.88735845,0.04994903,0.84322133,-0.19726345,0.12325682,0.09013841,0,0,0,0,0
257,53333,-0.85801028,-0.01505266,0.87496402,-0.19014807,0.09574084,0.11002279,0,0,0,0,0
258,53541,-0.82400611,-0.07238515,0.90451232,-0.22076314,0.09613930,0.10834616,0,0,0,0,0
259,53750,-0.78886669,-0.14185736,0.92410322,-0.20664362,0.09145937,0.13255367,0,0,0,0,0
260,53958,-0.72976687,-0.20393447,0.96469997,-0.21485629,0.06780441,0.12657442,0,0,0,0,0
261,54166,-0.69927757,-0.26695542,0.97822340,-0.17771591,0.05275639,0.15495940,0,0,0,0,0
262,54375,-0.64948758,-0.34198789,0.98320479,-0.17954166,0.04791469,0.15951919,0,0,0,0,0
263,54583,-0.60023280,-0.39979476,0.99906286,-0.19162832,0.01214355,0.18352737,0,0,0,0,0
264,54791,-0.54158155,-0.45216760,0.99792576,-0.17573746,0.00942563,0.17307968,0,0,0,0,0
265,55000,-0.49072617,-0.50893275,0.99921548,-0.20295183,-0.00582421,0.16952234,0,0,0,0,0
266,55208,-0.42655675,-0.57348210,0.99861077,-0.17342905,-0.01572563,0.16627276,0,0,0,0,0
267,55416,-0.37821262,-0.61759648,0.99201871,-0.17171898,-0.02922843,0.19447524,0,0,0,0,0
268,55625,-0.30213573,-0.67695149,0.97626407,-0.15488010,-0.03563420,0.18947515,0,0,0,0,0
269,55833,-0.24069524,-0.72475306,0.95896790,-0.14549182,-0.06053587,0.17285831,0,0,0,0,0
270,56041,-0.17671010,-0.76447118,0.94038960,-0.14550486,-0.06851737,0.19322343,0,0,0,0,0
271,56250,-0.12121067,-0.80644180,0.91399212,-0.11897058,-0.07728556,0.19420077,0,0,0,0,0
272,56458,-0.04605388,-0.84313358,0.89307091,-0.11874640,-0.09536956,0.18949326,0,0,0,0,0
273,56666,0.01515603,-0.88002908,0.85044039,-0.08148970,-0.10688202,0.19478210,0,0,0,0,0
274,56875,0.09220687,-0.90051335,0.82642616,-0.07740250,-0.12168954,0.17973698,0,0,0,0,0
275,57083,0.13904180,-0.93091233,0.77492005,-0.06364828,-0.12517787,0.16949012,0,0,0,0,0
276,57291,0.21633431,-0.96294349,0.73019600,-0.04999896,-0.15041098,0.18819314,0,0,0,0,0
277,57500,0.27824278,-0.96697823,0.69838123,-0.02891934,-0.16458983,0.18337050,0,0,0,0,0
278,57708,0.34691364,-0.99162077,0.65100137,-0.02939205,-0.19490630,0.18782139,0,0,0,0,0
279,57916,0.40286715,-0.99148266,0.60241522,0.00773219,-0.17870872,0.18795825,0,0,0,0,0
280,58125,0.45205744,-0.99989364,0.54028975,0.01895916,-0.20128567,0.18576072,0,0,0,0,0
281,58333,0.51352171,-0.99937655,0.48838319,0.02241706,-0.17873586,0.18338215,0,0,0,0,0
282,58541,0.56907367,-0.99207510,0.43639298,0.02715595,-0.20200873,0.15983849,0,0,0,0,0
283,58750,0.61733997,-0.99699468,0.37202338,0.05537200,-0.20937966,0.16161557,0,0,0,0,0
284,58958,0.67095069,-0.98146416,0.30214424,0.04737404,-0.18854668,0.16909969,0,0,0,0,0
285,59166,0.71725295,-0.95369239,0.24001146,0.03790669,-0.20897693,0.14942872,0,0,0,0,0
286,59375,0.76809776,-0.94035626,0.17902134,0.05516599,-0.20219991,0.14693272,0,0,0,0,0
287,59583,0.78705540,-0.91792770,0.11749685,0.08155371,-0.20280221,0.13384160,0,0,0,0,0
288,59791,0.83283534,-0.88568018,0.05409177,0.09148531,-0.17208763,0.13269265,0,0,0,0,0
289,60000,0.87224679,-0.84806127,-0.01839314,0.09989939,-0.19259292,0.11208158,0,0,0,0,0
290,60208,0.89785995,-0.82529963,-0.06276131,0.12248154,-0.18269939,0.09315901,0,0,0,0,0
291,60416,0.93511094,-0.78197057,-0.13584130,0.12278997,-0.18262222,0.08678362,0,0,0,0,0
292,60625,0.94528589,-0.74426234,-0.20659821,0.11831324,-0.17751289,0.06223235,0,0,0,0,0
293,60833,0.96484590,-0.69368547,-0.27571949,0.15001325,-0.19162991,0.05216021,0,0,0,0,0
294,61041,0.97428077,-0.65354623,-0.32803463,0.12355063,-0.19685541,0.03697442,0,0,0,0,0
295,61250,0.99080660,-0.60246945,-0.39445631,0.15844770,-0.16008021,0.01633324,0,0,0,0,0
296,61458,1.00178878,-0.54923079,-0.44273728,0.15403527,-0.15566934,0.01022411,0,0,0,0,0
297,61666,1.00493341,-0.49383971,-0.50806940,0.15743524,-0.17086866,0.00370427,0,0,0,0,0
298,61875,0.99778447,-0.43254856,-0.56655900,0.17614942,-0.16364851,-0.01039875,0,0,0,0,0
299,62083,0.98887279,-0.37558893,-0.62350971,0.18084235,-0.16031520,-0.03421606,0,0,0,0,0
300,62291,0.98057015,-0.31733424,-0.66925143,0.19483933,-0.13301332,-0.02914817,0,0,0,0,0
301,62500,0.95739434,-0.25242779,-0.72760234,0.18426101,-0.15723851,-0.06661446,0,0,0,0,0
302,62708,0.94653519,-0.18135982,-0.75298940,0.18114987,-0.13456708,-0.06118301,0,0,0,0,0
303,62916,0.91287287,-0.12667738,-0.80388956,0.19126677,-0.11826194,-0.06520378,0,0,0,0,0
304,63125,0.88951209,-0.05807102,-0.83907752,0.19941908,-0.11057598,-0.09238758,0,0,0,0,0
305,63333,0.86163203,0.00644199,-0.88274580,0.21692131,-0.10795953,-0.12149122,0,0,0,0,0
306,63541,0.82211883,0.07882690,-0.91127681,0.20438951,-0.08957025,-0.12861833,0,0,0,0,0
307,63750,0.78876354,0.13841295,-0.93417800,0.19486758,-0.08796574,-0.13540528,0,0,0,0,0
308,63958,0.74493637,0.20063306,-0.96181954,0.20380856,-0.06718361,-0.14724314,0,0,0,0,0
309,64166,0.69864849,0.27655597,-0.98058094,0.19586734,-0.05035201,-0.14674980,0,0,0,0,0
310,64375,0.64869015,0.32386787,-0.99052539,0.19882215,-0.04399254,-0.17791427,0,0,0,0,0
311,64583,0.59629594,0.40135332,-0.98892442,0.19901795,-0.02962331,-0.16767191,0,0,0,0,0
312,64791,0.54091845,0.46046966,-1.00278062,0.20746333,-0.02856136,-0.15447595,0,0,0,0,0
313,65000,0.49114463,0.51073912,-1.00672138,0.17875834,0.00125731,-0.17098477,0,0,0,0,0
314,65208,0.43422128,0.56650842,-1.00664017,0.19107201,-0.00545308,-0.16644038,0,0,0,0,0
315,65416,0.37085883,0.62801860,-0.98979263,0.16314361,0.03854984,-0.19400970,0,0,0,0,0
316,65625,0.31644347,0.67818454,-0.98023494,0.17067523,0.04246601,-0.16474313,0,0,0,0,0
317,65833,0.24784759,0.71299618,-0.95961849,0.14212517,0.07939735,-0.18822205,0,0,0,0,0
318,66041,0.18371354,0.76875628,-0.94068714,0.12591862,0.06780096,-0.18684408,0,0,0,0,0
319,66250,0.11784441,0.80677635,-0.91578356,0.12270926,0.08088750,-0.18025859,0,0,0,0,0
320,66458,0.04913025,0.84116059,-0.88242114,0.10356753,0.08703052,-0.17955205,0,0,0,0,0
321,66666,-0.01812874,0.87283418,-0.85905718,0.09572525,0.08359677,-0.18136125,0,0,0,0,0
322,66875,-0.08580465,0.90598204,-0.82465113,0.08290725,0.12427069,-0.17574369,0,0,0,0,0
323,67083,-0.14817546,0.94241659,-0.79098534,0.06670557,0.12958209,-0.20956681,0,0,0,0,0
324,67291,-0.21417139,0.95431995,-0.73901860,0.05698360,0.14499351,-0.18482592,0,0,0,0,0
325,67500,-0.27917808,0.98423095,-0.69644274,0.01390763,0.15372614,-0.16828226,0,0,0,0,0
326,67708,-0.34367623,0.98391382,-0.64765986,0.04753113,0.15219990,-0.18163666,0,0,0,0,0
327,67916,-0.41489077,0.99564820,-0.59197368,0.01362069,0.18023111,-0.18394223,0,0,0,0,0
328,68125,-0.45612100,0.99697283,-0.53783838,0.00041374,0.17530730,-0.17918540,0,0,0,0,0
329,68333,-0.52213919,1.00413329,-0.49479770,-0.00277131,0.18019883,-0.17550662,0,0,0,0,0
330,68541,-0.57530464,0.99390564,-0.42722747,-0.02625096,0.20239289,-0.17487409,0,0,0,0,0
331,68750,-0.61368498,0.98778801,-0.36922563,-0.03465959,0.18716058,-0.15841447,0,0,0,0,0
332,68958,-0.67405871,0.97652184,-0.30628970,-0.04445347,0.21150142,-0.17173000,0,0,0,0,0
333,69166,-0.71314918,0.95511824,-0.24984999,-0.05586717,0.21201569,-0.14566594,0,0,0,0,0
334,69375,-0.75817082,0.93383333,-0.18773494,-0.08049275,0.19753520,-0.14429178,0,0,0,0,0
335,69583,-0.79390309,0.90802263,-0.10038326,-0.08517602,0.19221464,-0.13672529,0,0,0,0,0
336,69791,-0.83803219,0.88113413,-0.05389256,-0.06630755,0.19326192,-0.12625438,0,0,0,0,0
337,70000,-0.87193898,0.86110057,0.01014318,-0.09759083,0.18147483,-0.11020676,0,0,0,0,0
338,70208,-0.90296530,0.81611707,0.07831696,-0.09908181,0.17945955,-0.08583433,0,0,0,0,0
339,70416,-0.92016664,0.79077101,0.13847324,-0.10514272,0.18456814,-0.07041199,0,0,0,0,0
340,70625,-0.94927820,0.74056467,0.20825681,-0.12808359,0.19097561,-0.05314706,0,0,0,0,0
341,70833,-0.97495358,0.69721349,0.27259668,-0.11804352,0.16420754,-0.05530341,0,0,0,0,0
342,71041,-0.99211086,0.64946512,0.32155253,-0.15531505,0.15378018,-0.04466507,0,0,0,0,0
343,71250,-0.99774561,0.60195274,0.39486514,-0.16180433,0.16633252,-0.01616084,0,0,0,0,0
344,71458,-0.99653877,0.53768311,0.45401287,-0.17174597,0.17625422,-0.01228397,0,0,0,0,0
345,71666,-1.00100905,0.49126284,0.50306190,-0.18684346,0.18369605,0.00614408,0,0,0,0,0
346,71875,-0.99639925,0.43053678,0.56966669,-0.17649060,0.15216983,0.01642847,0,0,0,0,0
347,72083,-0.99733800,0.35777265,0.62139955,-0.17601210,0.15296526,0.02903116,0,0,0,0,0
348,72291,-0.97627701,0.31135425,0.67165169,-0.19234509,0.15084579,0.04988519,0,0,0,0,0
349,72500,-0.95294954,0.25013773,0.72066033,-0.19065587,0.14860028,0.05596131,0,0,0,0,0
350,72708,-0.94199643,0.18153552,0.75110313,-0.18862262,0.12587949,0.07160324,0,0,0,0,0
351,72916,-0.92173853,0.11616975,0.79993707,-0.20476625,0.12967181,0.05129646,0,0,0,0,0
352,73125,-0.89355850,0.05149846,0.84180356,-0.18332793,0.09012772,0.08520883,0,0,0,0,0
353,73333,-0.85777539,-0.01789447,0.86798158,-0.20530299,0.09771897,0.11331018,0,0,0,0,0
354,73541,-0.82210188,-0.06972734,0.90509167,-0.19336893,0.09161351,0.10682879,0,0,0,0,0
355,73750,-0.78264211,-0.13628065,0.94023778,-0.19061642,0.09327233,0.12274374,0,0,0,0,0
356,73958,-0.75016516,-0.21237453,0.95713552,-0.20835784,0.06301497,0.13028977,0,0,0,0,0
357,74166,-0.69181430,-0.26572514,0.96427161,-0.20286814,0.05188677,0.14808133,0,0,0,0,0
358,74375,-0.65583412,-0.32557841,0.98952610,-0.19782209,0.05386624,0.14607854,0,0,0,0,0
359,74583,-0.59925046,-0.38886606,0.99640374,-0.18610138,0.04453011,0.16690058,0,0,0,0,0
360,74791,-0.54898219,-0.45569132,1.00601876,-0.19022336,0.01142045,0.15178088,0,0,0,0,0
361,75000,-0.49092792,-0.50313994,0.99969505,-0.16812242,-0.00924192,0.19174350,0,0,0,0,0
362,75208,-0.43341170,-0.56597307,0.98973357,-0.18074001,-0.00302867,0.18943252,0,0,0,0,0
363,75416,-0.36939010,-0.61537179,0.98944137,-0.16179156,-0.02661171,0.18620513,0,0,0,0,0
364,75625,-0.30883817,-0.66486054,0.97081171,-0.15548657,-0.03801116,0.17424024,0,0,0,0,0
365,75833,-0.25279347,-0.72221182,0.95244200,-0.14643431,-0.05612204,0.18434969,0,0,0,0,0
366,76041,-0.17916486,-0.76661133,0.94080597,-0.11996262,-0.05165638,0.17450402,0,0,0,0,0
367,76250,-0.11789088,-0.80253388,0.91229186,-0.11682457,-0.08206519,0.18725562,0,0,0,0,0
368,76458,-0.04960733,-0.83467326,0.89242012,-0.10498969,-0.09767511,0.17317088,0,0,0,0,0
369,76666,0.00926524,-0.87874282,0.87103419,-0.10414819,-0.10827317,0.19437237,0,0,0,0,0
370,76875,0.08539653,-0.89793631,0.83180819,-0.06640540,-0.11858032,0.18384025,0,0,0,0,0
371,77083,0.15645282,-0.93500800,0.78414929,-0.06440356,-0.13088569,0.18091522,0,0,0,0,0
372,77291,0.21650803,-0.95309052,0.73230937,-0.04288102,-0.13078987,0.21499557,0,0,0,0,0
373,77500,0.27959453,-0.96605885,0.69148902,-0.04218795,-0.14663372,0.17488757,0,0,0,0,0
374,77708,0.33398648,-0.98642209,0.64662681,-0.02015602,-0.16220490,0.16502008,0,0,0,0,0
375,77916,0.39499781,-0.99430091,0.59390695,-0.01253556,-0.16232580,0.16668208,0,0,0,0,0
376,78125,0.46071917,-0.99466317,0.53838031,0.00530041,-0.18768450,0.19057569,0,0,0,0,0
377,78333,0.50805015,-1.00691391,0.48680790,-0.00022010,-0.19435692,0.16085580,0,0,0,0,0
378,78541,0.56896936,-0.99378374,0.43235408,0.03309822,-0.19068559,0.17795900,0,0,0,0,0
379,78750,0.61336138,-0.97753546,0.36517811,0.02156137,-0.20805474,0.16772912,0,0,0,0,0
380,78958,0.66268402,-0.97472171,0.30742276,0.04006965,-0.17466624,0.15315228,0,0,0,0,0
381,79166,0.70909753,-0.96308482,0.24711761,0.06265166,-0.17770503,0.15710255,0,0,0,0,0
382,79375,0.76400689,-0.93463120,0.17947578,0.05053126,-0.18418209,0.14807379,0,0,0,0,0
383,79583,0.80227691,-0.91551499,0.12518015,0.07688955,-0.16903485,0.13223668,0,0,0,0,0
384,79791,0.84249270,-0.88431905,0.05512825,0.09402030,-0.17580159,0.11021926,0,0,0,0,0
385,80000,0.87016084,-0.86527485,-0.01081984,0.09964261,-0.18155687,0.09813524,0,0,0,0,0
386,80208,0.89901230,-0.82214220,-0.08227563,0.11982671,-0.18723063,0.07967760,0,0,0,0,0
387,80416,0.92080543,-0.78447248,-0.14737129,0.11948429,-0.18724836,0.08013155,0,0,0,0,0
388,80625,0.96626076,-0.73853405,-0.20491743,0.13777763,-0.17249093,0.05705229,0,0,0,0,0
389,80833,0.96272122,-0.69354576,-0.26273134,0.13551934,-0.17190004,0.04424553,0,0,0,0,0
390,81041,0.97199588,-0.65267169,-0.33215207,0.15111739,-0.17928235,0.04618940,0,0,0,0,0
391,81250,0.99588822,-0.60696831,-0.39622368,0.16601939,-0.18492176,0.01678728,0,0,0,0,0
392,81458,1.00118831,-0.54391846,-0.46170768,0.17064546,-0.17139958,0.01662669,0,0,0,0,0
393,81666,0.99703816,-0.49135166,-0.50530470,0.18070252,-0.16189005,-0.00089652,0,0,0,0,0
394,81875,0.99833428,-0.42894738,-0.56151419,0.19582706,-0.17224568,-0.01750087,0,0,0,0,0
395,82083,0.99112675,-0.37297503,-0.61534806,0.18403922,-0.14910938,-0.03735386,0,0,0,0,0
396,82291,0.98264044,-0.31146922,-0.66540105,0.18288427,-0.14245910,-0.03114821,0,0,0,0,0
397,82500,0.96490557,-0.24472448,-0.72287144,0.20374467,-0.14474416,-0.06810828,0,0,0,0,0
398,82708,0.94999442,-0.19236889,-0.76580958,0.17975577,-0.13476396,-0.07237826,0,0,0,0,0
399,82916,0.91601092,-0.11906708,-0.80562327,0.19737376,-0.11935254,-0.06928536,0,0,0,0,0
400,83125,0.89434392,-0.05191603,-0.84414547,0.19389433,-0.10751984,-0.11039694,0,0,0,0,0
401,83333,0.85823234,0.00594887,-0.87355110,0.19680673,-0.11044592,-0.08372803,0,0,0,0,0
402,83541,0.83665857,0.06951709,-0.90655214,0.20495121,-0.10252097,-0.13710645,0,0,0,0,0
403,83750,0.78469771,0.13798305,-0.94327488,0.20553404,-0.07018018,-0.11157377,0,0,0,0,0
404,83958,0.74930360,0.20621504,-0.94960741,0.18267440,-0.04957618,-0.15204805,0,0,0,0,0
405,84166,0.69337612,0.27400498,-0.96485954,0.18991569,-0.05945728,-0.15318869,0,0,0,0,0
406,84375,0.63921045,0.33068608,-0.99525574,0.21207044,-0.04791978,-0.12726838,0,0,0,0,0
407,84583,0.59835125,0.39907512,-0.99409203,0.19227703,-0.02551983,-0.17800559,0,0,0,0,0
408,84791,0.54329548,0.45137623,-0.99964194,0.19137461,-0.01767116,-0.17906871,0,0,0,0,0
409,85000,0.48720299,0.50675744,-1.00354759,0.16737098,-0.01857442,-0.18647919,0,0,0,0,0
410,85208,0.43091334,0.56415590,-0.99735809,0.16502694,0.00843645,-0.17830353,0,0,0,0,0
411,85416,0.36035094,0.61643077,-0.98606391,0.16322004,0.01939592,-0.17549691,0,0,0,0,0
412,85625,0.31231113,0.67539206,-0.97533444,0.15811494,0.02030163,-0.18401395,0,0,0,0,0
413,85833,0.24711773,0.71804431,-0.96059356,0.13437634,0.05392033,-0.16676377,0,0,0,0,0
414,86041,0.18630049,0.76981015,-0.94488432,0.13607170,0.08058938,-0.18813005,0,0,0,0,0
415,86250,0.11639622,0.80283914,-0.91349499,0.12612231,0.08133995,-0.19715975,0,0,0,0,0
416,86458,0.05116081,0.84437531,-0.89590612,0.09329143,0.07100246,-0.17945207,0,0,0,0,0
417,86666,-0.02006299,0.87451009,-0.86237848,0.07632418,0.11263634,-0.17540636,0,0,0,0,0
418,86875,-0.08036717,0.91082886,-0.81972775,0.09211968,0.11941921,-0.18906782,0,0,0,0,0
419,87083,-0.15229390,0.94357942,-0.78107688,0.05949162,0.13083254,-0.19548822,0,0,0,0,0
420,87291,-0.21510881,0.95066014,-0.74650198,0.04779466,0.13801219,-0.18363154,0,0,0,0,0
421,87500,-0.26769188,0.97906693,-0.69927628,0.04549493,0.15126362,-0.17965966,0,0,0,0,0
422,87708,-0.33568964,0.98570046,-0.65071730,0.01605904,0.15387897,-0.18073423,0,0,0,0,0
423,87916,-0.39500278,0.99857460,-0.59155830,0.01325541,0.18275346,-0.17731207,0,0,0,0,0
424,88125,-0.46385702,0.99342507,-0.54109244,-0.01477589,0.18109569,-0.17271137,0,0,0,0,0
425,88333,-0.51054181,0.99012025,-0.48628181,-0.03323280,0.18508434,-0.18671937,0,0,0,0,0
426,88541,-0.56862954,0.99690884,-0.42185673,-0.01134368,0.18639084,-0.17202079,0,0,0,0,0
427,88750,-0.62058822,0.98690273,-0.36269166,-0.02423548,0.21400133,-0.17753261,0,0,0,0,0
428,88958,-0.66550130,0.96252608,-0.30686315,-0.03313032,0.20712225,-0.16538861,0,0,0,0,0
429,89166,-0.72176184,0.94727805,-0.25718392,-0.05452688,0.20193927,-0.14980234,0,0,0,0,0
430,89375,-0.76131244,0.94380305,-0.18031293,-0.05512362,0.18429959,-0.14536754,0,0,0,0,0
431,89583,-0.79501153,0.91684556,-0.12267160,-0.07415863,0.20652529,-0.16716011,0,0,0,0,0
432,89791,-0.83874532,0.88175308,-0.04744832,-0.07371006,0.18677556,-0.13713760,0,0,0,0,0
433,90000,-0.88019193,0.85433382,0.00438299,-0.10149438,0.19401959,-0.09250316,0,0,0,0,0
434,90208,-0.90168288,0.81831228,0.07854801,-0.10021101,0.17004282,-0.07725577,0,0,0,0,0
435,90416,-0.92786925,0.78530747,0.13270365,-0.12470964,0.18801980,-0.08187543,0,0,0,0,0
436,90625,-0.94288424,0.74600957,0.20612628,-0.13401839,0.18700984,-0.06546489,0,0,0,0,0
437,90833,-0.96135627,0.70388949,0.26598525,-0.13860968,0.17497956,-0.03504673,0,0,0,0,0
438,91041,-0.99036540,0.65127198,0.33772165,-0.14798529,0.16527672,-0.03304792,0,0,0,0,0
439,91250,-0.99083334,0.60032517,0.39247854,-0.15562211,0.18311072,-0.01606236,0,0,0,0,0
440,91458,-0.99324451,0.55002614,0.45965417,-0.15670594,0.17905937,-0.00507047,0,0,0,0,0
441,91666,-1.00626026,0.48850034,0.49997218,-0.15597570,0.15420043,0.00915227,0,0,0,0,0
442,91875,-0.99612031,0.42698214,0.57238855,-0.16830389,0.15474229,-0.00507691,0,0,0,0,0
443,92083,-0.99710179,0.36992230,0.62908971,-0.18507372,0.17087337,0.02997896,0,0,0,0,0
444,92291,-0.97426081,0.31189482,0.67220558,-0.17408423,0.14004313,0.03478504,0,0,0,0,0
445,92500,-0.96814268,0.24818182,0.71950568,-0.19569246,0.13564692,0.06618533,0,0,0,0,0
446,92708,-0.94030955,0.19640452,0.75995587,-0.19418815,0.12964863,0.04108398,0,0,0,0,0
447,92916,-0.91454731,0.11528106,0.79936398,-0.17883629,0.10730029,0.08423521,0,0,0,0,0
448,93125,-0.89920799,0.04715650,0.83614151,-0.20187831,0.12686018,0.10391918,0,0,0,0,0
449,93333,-0.85844238,-0.00633818,0.87649065,-0.19177230,0.11409782,0.11821182,0,0,0,0,0
450,93541,-0.83297777,-0.07778044,0.91124577,-0.21315884,0.08922004,0.11690261,0,0,0,0,0
451,93750,-0.78627501,-0.14758579,0.94164132,-0.19311663,0.05794859,0.13378217,0,0,0,0,0
452,93958,-0.74818774,-0.20015787,0.95443490,-0.19793997,0.06915602,0.14525917,0,0,0,0,0
453,94166,-0.69899717,-0.27527112,0.97983231,-0.18954574,0.06200643,0.15510735,0,0,0,0,0
454,94375,-0.65551470,-0.33435089,0.99658027,-0.18837807,0.03978241,0.16506008,0,0,0,0,0
455,94583,-0.60809263,-0.39328004,0.99322817,-0.19393377,0.04344027,0.14377710,0,0,0,0,0
456,94791,-0.54442915,-0.45306660,1.00529554,-0.19282114,0.02456157,0.16772774,0,0,0,0,0
457,95000,-0.48994064,-0.50634806,1.00546528,-0.17319620,-0.00201475,0.18011909,0,0,0,0,0
458,95208,-0.43916103,-0.56995969,0.99035509,-0.16750105,-0.02731322,0.17508847,0,0,0,0,0
459,95416,-0.37324644,-0.61801296,0.98280633,-0.16867695,-0.00763528,0.17197852,0,0,0,0,0
460,95625,-0.31808888,-0.67523596,0.98174969,-0.15819150,-0.04717796,0.18501951,0,0,0,0,0
461,95833,-0.24965850,-0.71414606,0.95127484,-0.16552022,-0.05011724,0.19370226,0,0,0,0,0
462,96041,-0.18887348,-0.75765909,0.94269396,-0.13998257,-0.06075515,0.17344490,0,0,0,0,0
463,96250,-0.11355527,-0.79953258,0.91523942,-0.12577156,-0.06886541,0.18672465,0,0,0,0,0
464,96458,-0.05631424,-0.84509212,0.89302298,-0.11911731,-0.08161713,0.17813614,0,0,0,0,0
465,96666,0.02267976,-0.88287927,0.86170819,-0.12227896,-0.10660005,0.18683320,0,0,0,0,0
466,96875,0.07975665,-0.90169323,0.83078666,-0.07034535,-0.12280337,0.20353809,0,0,0,0,0
467,97083,0.14870973,-0.93400763,0.77684338,-0.06102597,-0.13638842,0.17877065,0,0,0,0,0
468,97291,0.20733817,-0.96431430,0.73932060,-0.04404898,-0.14891840,0.18630068,0,0,0,0,0
469,97500,0.27331393,-0.97491954,0.70035857,-0.04378712,-0.14400273,0.19830607,0,0,0,0,0
470,97708,0.34255454,-0.98814667,0.64829689,-0.02014008,-0.17745175,0.18815502,0,0,0,0,0
471,97916,0.40266856,-0.99081614,0.60416626,0.01291926,-0.18956050,0.18482680,0,0,0,0,0
472,98125,0.46108925,-0.99587659,0.54074015,0.00145536,-0.18400507,0.19133487,0,0,0,0,0
473,98333,0.51004280,-0.99589316,0.48378848,0.01416547,-0.18249652,0.19147736,0,0,0,0,0
474,98541,0.56745942,-1.00335370,0.43203778,0.02889857,-0.20801548,0.16724728,0,0,0,0,0
475,98750,0.61943276,-0.98811551,0.36957414,0.03194228,-0.18686512,0.17492154,0,0,0,0,0
476,98958,0.66606876,-0.97548879,0.31033786,0.04947485,-0.18455240,0.15339607,0,0,0,0,0
477,99166,0.71402485,-0.95476151,0.24076448,0.05262037,-0.18732702,0.15550739,0,0,0,0,0
478,99375,0.76164319,-0.93844909,0.17978126,0.07610937,-0.19217616,0.12466750,0,0,0,0,0
479,99583,0.79558467,-0.90259659,0.11657560,0.07703650,-0.18152057,0.13070602,0,0,0,0,0
480,99791,0.82863503,-0.88854039,0.05636854,0.08401440,-0.18404740,0.13100316,0,0,0,0,0
481,100000,0.86757610,-0.86183026,-0.00441955,0.10719956,-0.20008313,0.09427217,0,0,0,0,0
482,100208,0.89457908,-0.82329783,-0.07158328,0.10167484,-0.19130172,0.07257822,0,0,0,0,0
483,100416,0.90577133,-0.77194851,-0.13933344,0.13466744,-0.17949408,0.07517798,0,0,0,0,0
484,100625,0.91855663,-0.71869195,-0.18972523,0.10577264,-0.17057251,0.07453663,0,0,0,0,0
485,100833,0.91126682,-0.65856269,-0.25675965,0.12959925,-0.19519052,0.05665738,0,0,0,0,0
486,101041,0.89396383,-0.58658464,-0.29826122,0.14697276,-0.17304809,0.02318603,0,0,0,0,0
487,101250,0.86360725,-0.52360532,-0.33666363,0.16486230,-0.19238365,0.01806667,0,0,0,0,0
488,101458,0.82250109,-0.44488372,-0.36466207,0.17626407,-0.16627730,0.00288153,0,0,0,0,0
489,101666,0.78683281,-0.38437987,-0.39000927,0.20266438,-0.17480397,0.01209723,0,0,0,0,0
490,101875,0.72283114,-0.31263247,-0.39805447,0.19850197,-0.18141223,-0.03145687,0,0,0,0,0
491,102083,0.65901450,-0.24630468,-0.41562138,0.22322926,-0.18863667,-0.03944971,0,0,0,0,0
492,102291,0.59691809,-0.19607175,-0.40618502,0.21585114,-0.18215129,-0.06096539,0,0,0,0,0
493,102500,0.53144256,-0.13253970,-0.39561613,0.25133181,-0.16766525,-0.06852686,0,0,0,0,0
494,102708,0.46281810,-0.09656554,-0.36590854,0.29013465,-0.18172399,-0.09186465,0,0,0,0,0
495,102916,0.39810075,-0.05492451,-0.35436286,0.29656903,-0.18075699,-0.11473371,0,0,0,0,0
496,103125,0.33671973,-0.02556265,-0.31040513,0.32366268,-0.17480846,-0.17451296,0,0,0,0,0
497,103333,0.27110419,0.00576702,-0.28737842,0.34867036,-0.18427726,-0.19446310,0,0,0,0,0
498,103541,0.23647379,0.02135036,-0.25377790,0.37127469,-0.17958725,-0.22724661,0,0,0,0,0
499,103750,0.18550760,0.03357944,-0.21103531,0.42023214,-0.16754702,-0.26639435,0,0,0,0,0
500,103958,0.14490611,0.03777217,-0.18685499,0.46792211,-0.14860248,-0.32969728,0,0,0,0,0
501,104166,0.11528592,0.03744471,-0.15832571,0.47995835,-0.13040745,-0.35909038,0,0,0,0,0
502,104375,0.09077064,0.03735565,-0.12829824,0.49452319,-0.10678835,-0.42988464,0,0,0,0,0
503,104583,0.06521230,0.05437392,-0.11216350,0.52822165,-0.06801779,-0.46971925,0,0,0,0,0
504,104791,0.05498953,0.04471573,-0.10460121,0.55622627,-0.02465114,-0.51434652,0,0,0,0,0
505,105000,0.04687366,0.04909117,-0.09983312,0.55869691,0.01462388,-0.57204909,0,0,0,0,0
506,105208,0.04494747,0.05438536,-0.09782985,0.55790535,0.04965478,-0.60014894,0,0,0,0,0
507,105416,0.04016375,0.06036521,-0.09452384,0.58281640,0.10148130,-0.66182540,0,0,0,0,0
508,105625,0.02606822,0.06639634,-0.09913962,0.58397911,0.15142176,-0.70912996,0,0,0,0,0
509,105833,0.02296458,0.07163513,-0.10060081,0.56025085,0.22688864,-0.76456990,0,0,0,0,0
510,106041,0.01598710,0.07689788,-0.08325937,0.52861653,0.27553790,-0.80437982,0,0,0,0,0
511,106250,0.00896149,0.08966801,-0.08677388,0.53873308,0.35288227,-0.84164718,0,0,0,0,0
512,106458,-0.00156297,0.08636417,-0.09017734,0.48913495,0.41200499,-0.89180612,0,0,0,0,0
513,106666,0.00278654,0.08407113,-0.08823529,0.45828124,0.48953388,-0.93680873,0,0,0,0,0
514,106875,-0.00866614,0.09208447,-0.08061835,0.41136674,0.56136598,-0.97243480,0,0,0,0,0
515,107083,-0.01491738,0.09609509,-0.08486317,0.37223652,0.63582337,-0.99930079,0,0,0,0,0
516,107291,-0.01990001,0.09876895,-0.08770112,0.32259187,0.71141585,-1.01320710,0,0,0,0,0
517,107500,-0.02921168,0.09017808,-0.06176414,0.25370934,0.78981693,-1.04319555,0,0,0,0,0
518,107708,-0.02574365,0.10307996,-0.06427656,0.19143580,0.87046732,-1.05038738,0,0,0,0,0
519,107916,-0.04533965,0.10620982,-0.05576053,0.12245853,0.94951745,-1.08579317,0,0,0,0,0
520,108125,-0.04294049,0.10005096,-0.06180262,0.05316398,1.04312312,-1.07882725,0,0,0,0,0
521,108333,-0.04445519,0.09410849,-0.05074329,-0.02392811,1.07774867,-1.08172308,0,0,0,0,0
522,108541,-0.05626823,0.10617407,-0.05020141,-0.11522656,1.16905243,-1.09396046,0,0,0,0,0
523,108750,-0.06873807,0.09526274,-0.03183403,-0.18171041,1.23568250,-1.05137189,0,0,0,0,0
524,108958,-0.06943203,0.09570796,-0.04132628,-0.29250469,1.28503000,-1.01450978,0,0,0,0,0
525,109166,-0.07169330,0.09763755,-0.02158981,-0.38944002,1.36298136,-0.97901431,0,0,0,0,0
526,109375,-0.07082755,0.09631452,-0.02237043,-0.47068180,1.40488503,-0.91964905,0,0,0,0,0
527,109583,-0.07732823,0.08942572,-0.00923667,-0.57038930,1.46101001,-0.88479719,0,0,0,0,0
528,109791,-0.08489391,0.08540284,-0.00686029,-0.69579423,1.50177995,-0.82793499,0,0,0,0,0
529,110000,-0.08178555,0.08466977,-0.00653050,-0.78611695,1.53788429,-0.74176058,0,0,0,0,0
530,110208,-0.09877862,0.08120099,0.01289082,-0.89664949,1.56260223,-0.67389202,0,0,0,0,0
531,110416,-0.09676824,0.08221809,0.01649114,-0.99185075,1.59077575,-0.58705230,0,0,0,0,0
532,110625,-0.09092469,0.07707602,0.02245552,-1.10571641,1.59341447,-0.51420603,0,0,0,0,0
533,110833,-0.09746694,0.07832302,0.02342021,-1.19475616,1.59560707,-0.39760953,0,0,0,0,0
534,111041,-0.10083131,0.06404812,0.03108693,-1.28329873,1.60069493,-0.32336317,0,0,0,0,0
535,111250,-0.10405768,0.06182123,0.02806924,-1.38457876,1.59336860,-0.19146647,0,0,0,0,0
536,111458,-0.09732262,0.05156096,0.04956890,-1.48784701,1.57264552,-0.10283869,0,0,0,0,0
537,111666,-0.09321383,0.04136692,0.05121603,-1.54734295,1.53000502,0.03469014,0,0,0,0,0
538,111875,-0.10429110,0.04873602,0.05563320,-1.62361082,1.49501217,0.15136121,0,0,0,0,0
539,112083,-0.09689870,0.03398756,0.06425762,-1.69153973,1.43652369,0.28019452,0,0,0,0,0
540,112291,-0.10197525,0.02574335,0.06932102,-1.75084312,1.39758614,0.37398547,0,0,0,0,0
541,112500,-0.10619004,0.02645575,0.07570101,-1.80363400,1.31571056,0.50680602,0,0,0,0,0
542,112708,-0.09901278,0.01251898,0.07064856,-1.84718365,1.22045945,0.62680343,0,0,0,0,0
543,112916,-0.09863242,0.00949218,0.07616728,-1.90187432,1.13345816,0.76512513,0,0,0,0,0
544,113125,-0.09160703,-0.00166235,0.08633016,-1.92182080,1.04139056,0.86885715,0,0,0,0,0
545,113333,-0.07386224,-0.00046646,0.08459743,-1.95423267,0.95492122,0.99698601,0,0,0,0,0
546,113541,-0.08071036,-0.00349621,0.09918569,-1.94142139,0.85476425,1.11261865,0,0,0,0,0
547,113750,-0.07509986,-0.01193380,0.09328154,-1.93784773,0.73059729,1.21213892,0,0,0,0,0
548,113958,-0.07190555,-0.02156283,0.09128761,-1.92395360,0.62424681,1.31805770,0,0,0,0,0
549,114166,-0.05946807,-0.03257224,0.10248887,-1.89807382,0.49189481,1.41956637,0,0,0,0,0
550,114375,-0.06364076,-0.03306095,0.09877802,-1.87536068,0.36825291,1.50032222,0,0,0,0,0
551,114583,-0.05640206,-0.04350477,0.09868631,-1.83350874,0.24084950,1.58811434,0,0,0,0,0
552,114791,-0.06069633,-0.04838194,0.10933471,-1.78012241,0.12101824,1.66302112,0,0,0,0,0
553,115000,-0.04836697,-0.04592657,0.09654430,-1.70791439,-0.04679852,1.73738531,0,0,0,0,0
554,115208,-0.05133351,-0.06534577,0.09870945,-1.63727398,-0.16106779,1.80263437,0,0,0,0,0
555,115416,-0.02468583,-0.06792681,0.09962121,-1.57700912,-0.26867904,1.84450490,0,0,0,0,0
556,115625,-0.02203992,-0.06665029,0.09836809,-1.48515989,-0.40712839,1.88682571,0,0,0,0,0
557,115833,-0.02353125,-0.07189745,0.09013766,-1.38088848,-0.54349258,1.93044313,0,0,0,0,0
558,116041,-0.01455816,-0.07537737,0.08939589,-1.28523388,-0.65957325,1.93632009,0,0,0,0,0
559,116250,-0.01549737,-0.08486893,0.09411424,-1.18977736,-0.76971619,1.96754067,0,0,0,0,0
560,116458,-0.00689087,-0.08900406,0.09825753,-1.08005819,-0.91142100,1.99520310,0,0,0,0,0
561,116666,0.00125878,-0.08721429,0.09110114,-0.95763343,-1.01682688,1.98274433,0,0,0,0,0
562,116875,0.01550827,-0.09377404,0.08800868,-0.85074560,-1.12765646,1.98463567,0,0,0,0,0
563,117083,0.01357141,-0.08670669,0.07841164,-0.74770421,-1.22797889,1.98527918,0,0,0,0,0
564,117291,0.02651777,-0.08545174,0.06070404,-0.63085259,-1.33323827,1.93584010,0,0,0,0,0
565,117500,0.03314492,-0.09824866,0.06841426,-0.49124409,-1.42200589,1.91398863,0,0,0,0,0
566,117708,0.03094381,-0.09440838,0.06806614,-0.36540370,-1.50468607,1.87146027,0,0,0,0,0
567,117916,0.03825799,-0.10789786,0.04576822,-0.23895770,-1.60421116,1.83781868,0,0,0,0,0
568,118125,0.05922512,-0.10297542,0.05292315,-0.11384954,-1.65475821,1.77145431,0,0,0,0,0
569,118333,0.04922202,-0.10412662,0.05357852,0.02512066,-1.73726539,1.71229743,0,0,0,0,0
570,118541,0.05668952,-0.09650595,0.03594733,0.12850392,-1.81212353,1.62491206,0,0,0,0,0
571,118750,0.06615063,-0.09532477,0.03876065,0.28016580,-1.85594388,1.55549504,0,0,0,0,0
572,118958,0.06937880,-0.10175576,0.03127862,0.39070898,-1.89063776,1.48069700,0,0,0,0,0
573,119166,0.06536382,-0.09620012,0.02430167,0.55494397,-1.92038631,1.37812278,0,0,0,0,0
574,119375,0.07226115,-0.09018688,0.02149371,0.64346787,-1.94316412,1.28489199,0,0,0,0,0
575,119583,0.07823077,-0.09319315,0.01324528,0.79428504,-1.96828415,1.19106655,0,0,0,0,0
576,119791,0.08384385,-0.09010233,0.01306209,0.90499728,-1.99011474,1.07893670,0,0,0,0,0
577,120000,0.08763060,-0.08903941,-0.00556271,1.01085889,-1.98567691,0.97569571,0,0,0,0,0
578,120208,0.08881413,-0.07940434,-0.00810941,1.12139617,-1.98272756,0.85598319,0,0,0,0,0
579,120416,0.09191343,-0.08017130,-0.01637605,1.25340175,-1.96437237,0.74629476,0,0,0,0,0
580,120625,0.09315721,-0.07466926,-0.02603832,1.32251457,-1.93235139,0.59477225,0,0,0,0,0
581,120833,0.10359429,-0.07217288,-0.01397107,1.40862074,-1.91897301,0.47970250,0,0,0,0,0
582,121041,0.09710581,-0.07116632,-0.03490055,1.49870001,-1.87812087,0.35770350,0,0,0,0,0
583,121250,0.10288104,-0.06130027,-0.03821044,1.59134852,-1.81355889,0.24170980,0,0,0,0,0
584,121458,0.09501716,-0.05928054,-0.04748496,1.67352751,-1.77325941,0.10021871,0,0,0,0,0
585,121666,0.10413341,-0.05216250,-0.04704619,1.74089048,-1.71744458,-0.02159863,0,0,0,0,0
586,121875,0.09740443,-0.04727172,-0.05370158,1.78384578,-1.63500854,-0.13249121,0,0,0,0,0
587,122083,0.08535638,-0.03872076,-0.06461050,1.84545227,-1.52745502,-0.28899183,0,0,0,0,0
588,122291,0.10211113,-0.03495210,-0.06225689,1.88646159,-1.48190636,-0.41861870,0,0,0,0,0
589,122500,0.10055433,-0.02751235,-0.07712753,1.92493168,-1.37905423,-0.53404281,0,0,0,0,0
590,122708,0.09773492,-0.01744541,-0.08428392,1.96731773,-1.25938219,-0.65511200,0,0,0,0,0
591,122916,0.09466410,-0.02063962,-0.07915616,2.00142542,-1.18536855,-0.77152616,0,0,0,0,0
592,123125,0.08821192,-0.01179672,-0.08552178,1.97956889,-1.08599937,-0.91693812,0,0,0,0,0
593,123333,0.08751057,-0.00841513,-0.07943732,1.98595797,-0.94962211,-1.00946319,0,0,0,0,0
594,123541,0.07405756,0.01431220,-0.09216134,1.97364099,-0.86778570,-1.13276859,0,0,0,0,0
595,123750,0.06610900,0.01546008,-0.09075634,1.96848420,-0.74223806,-1.22504697,0,0,0,0,0
596,123958,0.07798362,0.02346286,-0.09577532,1.95513983,-0.59967583,-1.34043140,0,0,0,0,0
597,124166,0.07374393,0.02745457,-0.09239553,1.92298741,-0.47415757,-1.41311536,0,0,0,0,0
598,124375,0.05939978,0.02948814,-0.10871917,1.86092848,-0.35770176,-1.51267015,0,0,0,0,0
599,124583,0.05556193,0.03775636,-0.10003221,1.82451237,-0.21744404,-1.60731110,0,0,0,0,0
600,124791,0.04837258,0.03442911,-0.11186661,1.76538207,-0.10541218,-1.66800977,0,0,0,0,0
601,125000,0.04594810,0.05338008,-0.09284189,1.70549276,0.00650568,-1.73495270,0,0,0,0,0
602,125208,0.03411209,0.06264680,-0.10602474,1.65418649,0.15849091,-1.77529880,0,0,0,0,0
603,125416,0.02663972,0.06121718,-0.09315073,1.56226014,0.27671501,-1.86724608,0,0,0,0,0
604,125624,0.02609959,0.05841819,-0.09785860,1.47787646,0.40862799,-1.89716850,0,0,0,0,0
605,125833,0.02838658,0.06634792,-0.09179404,1.39898766,0.54122136,-1.93210224,0,0,0,0,0
606,126041,0.02285086,0.08318056,-0.09608124,1.28141268,0.66930959,-1.95198831,0,0,0,0,0
607,126250,0.01566872,0.07335369,-0.08378048,1.18156059,0.78331998,-1.99241822,0,0,0,0,0
608,126458,0.00306668,0.08123470,-0.09023272,1.08028966,0.90076653,-2.00379049,0,0,0,0,0
609,126666,0.01046658,0.08325934,-0.08263262,0.96994691,1.01767541,-1.99960313,0,0,0,0,0
610,126874,-0.00153437,0.08677999,-0.08057122,0.85711548,1.12471248,-1.98203957,0,0,0,0,0
611,127083,-0.01060112,0.09208686,-0.08163168,0.73225549,1.25062823,-1.98197711,0,0,0,0,0
612,127291,-0.02849442,0.09149444,-0.07480497,0.61890408,1.33269681,-1.92720812,0,0,0,0,0
613,127500,-0.03206364,0.09160421,-0.07087073,0.49285000,1.41345280,-1.91329923,0,0,0,0,0
614,127708,-0.02423269,0.09253069,-0.06375647,0.36400052,1.54324780,-1.88279590,0,0,0,0,0
615,127916,-0.03514004,0.09645587,-0.06411762,0.23770877,1.60321150,-1.82264722,0,0,0,0,0
616,128124,-0.04858205,0.10791106,-0.06347781,0.09497836,1.67831808,-1.78385440,0,0,0,0,0
617,128333,-0.06088273,0.09961233,-0.05226068,-0.02322060,1.74847689,-1.70753459,0,0,0,0,0
618,128541,-0.05299342,0.09963354,-0.03846822,-0.17063375,1.80420404,-1.65503216,0,0,0,0,0
619,128750,-0.06163737,0.09285859,-0.03642846,-0.28256628,1.85026588,-1.55682113,0,0,0,0,0
620,128958,-0.07313808,0.09060749,-0.03393405,-0.39691939,1.90208634,-1.48282614,0,0,0,0,0
621,129166,-0.07007994,0.08670631,-0.02921768,-0.54914498,1.90986256,-1.39139852,0,0,0,0,0
622,129374,-0.07626402,0.09089651,-0.02344001,-0.65972312,1.96446978,-1.29899421,0,0,0,0,0
623,129583,-0.08386921,0.09446396,-0.01269232,-0.78249069,1.97085191,-1.18528765,0,0,0,0,0
624,129791,-0.08377138,0.08548288,-0.01483825,-0.88727523,2.00034450,-1.09102344,0,0,0,0,0
625,130000,-0.09396556,0.07983323,0.00279399,-1.01386140,1.98041080,-0.97196855,1,0,1,0,0
626,130208,-0.09236438,0.08786006,0.00870337,-1.09373561,1.99275530,-0.85822370,1,0,1,0,0
627,130416,-0.09458557,0.07650560,0.02453489,-1.23723101,1.95629789,-0.75047217,1,0,1,0,0
628,130624,-0.09936982,0.07885818,0.01686695,-1.34443063,1.94467012,-0.62626856,1,0,1,0,0
629,130833,-0.10314169,0.06963136,0.03417607,-1.43839423,1.93341187,-0.50091834,1,0,1,0,0
630,131041,-0.10463134,0.05935110,0.03680928,-1.52157678,1.87229662,-0.36282850,1,0,1,0,0
631,131250,-0.08438007,0.05414522,0.03998474,-1.59815310,1.81928745,-0.23617204,1,0,1,0,0
632,131458,-0.10345935,0.04916026,0.04293570,-1.67343661,1.76887299,-0.09110374,1,0,1,0,0
633,131666,-0.10395113,0.04432323,0.05176494,-1.73902273,1.70500998,0.02424676,1,0,1,0,0
634,131875,-0.09310159,0.04487663,0.05376745,-1.77584390,1.65250982,0.15600181,1,0,1,0,0
635,132083,-0.10131450,0.03934975,0.07122124,-1.84190226,1.57707586,0.27030090,1,0,1,0,0
636,132291,-0.09563173,0.03125212,0.06021726,-1.90448708,1.48905152,0.41920162,1,0,1,0,0
637,132500,-0.09258056,0.02266710,0.07418125,-1.93051267,1.39630891,0.54539127,1,0,1,0,0
638,132708,-0.10057692,0.01714863,0.08046914,-1.93358618,1.28531375,0.65537382,1,0,1,0,0
639,132916,-0.09614079,0.01419849,0.07927199,-1.98648478,1.19532783,0.79245262,1,0,1,0,0
640,133125,-0.08724383,0.00781996,0.08515994,-1.98933188,1.08622522,0.90595218,1,0,1,0,0
641,133333,-0.07921279,-0.00495340,0.08895376,-1.98150222,0.96254362,1.01023998,1,0,1,0,0
642,133541,-0.08773261,-0.00466301,0.08857189,-1.98448620,0.84430182,1.12225662,1,0,1,0,0
643,133750,-0.08067267,-0.00854238,0.09328228,-1.97854881,0.72963326,1.22755701,1,0,1,0,0
644,133958,-0.06629821,-0.02183837,0.08950268,-1.92820195,0.61199233,1.31339159,1,0,1,0,0
645,134166,-0.07032542,-0.02742111,0.08955235,-1.91487918,0.50349316,1.43954862,1,0,1,0,0
646,134375,-0.06998870,-0.03122943,0.10120479,-1.87641986,0.37581977,1.51166766,1,0,1,0,0
647,134583,-0.05324289,-0.04677422,0.10038448,-1.82023605,0.24580771,1.58398038,1,0,1,0,0
648,134791,-0.04798318,-0.04950884,0.10111679,-1.78367768,0.11173979,1.65215861,1,0,1,0,0
649,135000,-0.04386229,-0.05908586,0.10519612,-1.71963246,-0.01791873,1.73938742,1,0,1,0,0
650,135208,-0.03967993,-0.06346139,0.09997488,-1.63606471,-0.17657686,1.79379813,1,0,1,0,0
651,135416,-0.03999694,-0.06136472,0.09730458,-1.58580812,-0.30605702,1.85155472,1,0,1,0,0
652,135625,-0.03452684,-0.06644093,0.09914025,-1.48863377,-0.42070581,1.88802540,1,0,1,0,0
653,135833,-0.02620412,-0.06630433,0.09513913,-1.38865203,-0.54726841,1.92796274,1,0,1,0,0
654,136041,-0.01528867,-0.07663964,0.10308884,-1.29891254,-0.66915446,1.97340405,1,0,1,0,0
655,136250,-0.01271334,-0.07971811,0.09711620,-1.18486864,-0.79079726,1.98008040,1,0,1,0,0
656,136458,-0.00163260,-0.07619272,0.09276953,-1.07831990,-0.92051144,1.99485917,1,0,1,0,0
657,136666,0.00711190,-0.08241691,0.07391233,-0.96163524,-1.02844837,1.99302761,1,0,1,0,0
658,136875,0.01899752,-0.09167347,0.08095862,-0.84513338,-1.13573964,1.97239751,1,0,1,0,0
659,137083,0.01718168,-0.09694213,0.08608210,-0.74535365,-1.22724461,1.96133315,1,0,1,0,0
660,137291,0.02832937,-0.09934467,0.07847287,-0.61560609,-1.32142196,1.94400526,1,0,1,0,0
661,137500,0.02938275,-0.10215064,0.06952687,-0.49217318,-1.43180420,1.92503020,1,0,1,0,0
662,137708,0.03366481,-0.09496862,0.06256685,-0.35651178,-1.51627483,1.89076111,1,0,1,0,0
663,137916,0.03646825,-0.10600095,0.07256032,-0.23658450,-1.59337268,1.82398136,1,0,1,0,0
664,138125,0.04076811,-0.09326450,0.05401160,-0.10899874,-1.68381885,1.79012650,1,0,1,0,0
665,138333,0.04486170,-0.09291935,0.04766271,0.03113488,-1.73105903,1.71960927,1,0,1,0,0
666,138541,0.05470824,-0.09903949,0.04151518,0.14125150,-1.78567786,1.65723696,1,0,1,0,0
667,138750,0.05591984,-0.09893329,0.03960988,0.27275454,-1.85510476,1.56752230,1,0,1,0,0
668,138958,0.07127736,-0.10469423,0.02658272,0.41618015,-1.89312763,1.47439637,1,0,1,0,0
669,139166,0.07183450,-0.09504383,0.02836714,0.52931513,-1.93072026,1.39739820,1,0,1,0,0
670,139375,0.07891462,-0.08146427,0.00871722,0.67858380,-1.94943608,1.29636232,1,0,1,0,0
671,139583,0.08394700,-0.08741379,0.01032744,0.78395099,-1.96418042,1.19595743,1,0,1,0,0
672,139791,0.08692363,-0.09785338,0.00920626,0.91523573,-2.00673109,1.09308772,1,0,1,0,0
673,140000,0.08751296,-0.09031548,-0.00263536,1.00852833,-1.97880928,0.96379859,1,0,1,1,0
674,140208,0.09637680,-0.07809858,-0.00812259,1.13062590,-2.00526798,0.84310098,1,0,1,1,0
675,140416,0.09361818,-0.07884007,-0.01588841,1.21799467,-1.96484256,0.73200879,1,0,1,1,0
676,140625,0.09877853,-0.07169764,-0.02312186,1.32436155,-1.93526595,0.61345673,1,0,1,1,0
677,140833,0.08623059,-0.07787710,-0.02262079,1.43026239,-1.91319717,0.49039592,1,0,1,1,0
678,141041,0.10529252,-0.06996868,-0.02710533,1.51626092,-1.87989934,0.33836274,1,0,1,1,0
679,141250,0.10031746,-0.05717326,-0.03315012,1.60435775,-1.82145015,0.24133407,1,0,1,1,0
680,141458,0.09636941,-0.04742756,-0.03860837,1.67916258,-1.78503479,0.08040585,1,0,1,1,0
681,141666,0.09859428,-0.04082615,-0.04890209,1.75129725,-1.69641558,-0.02028307,1,0,1,1,0
682,141875,0.10494562,-0.04634400,-0.05184154,1.80508928,-1.63902046,-0.15499965,1,0,1,1,0
683,142083,0.10110032,-0.04029574,-0.05680863,1.85984149,-1.55138750,-0.27309418,1,0,1,1,0
684,142291,0.09618337,-0.02962599,-0.07808076,1.87590481,-1.48300368,-0.42957447,1,0,1,1,0
685,142500,0.09820901,-0.02689887,-0.08526074,1.92971804,-1.37233490,-0.53861917,1,0,1,1,0
686,142708,0.09186229,-0.01149085,-0.06824626,1.95577424,-1.29004020,-0.67789902,1,0,1,1,0
687,142916,0.09392747,-0.00908341,-0.07500464,1.95672123,-1.18858100,-0.78438876,1,0,1,1,0
688,143125,0.08970069,-0.01043970,-0.08514328,1.98741494,-1.08500932,-0.89955247,1,0,1,1,0
689,143333,0.09517739,0.00063000,-0.09153880,1.97634269,-0.99337387,-1.00306742,1,0,1,1,0
690,143541,0.08981256,0.00569201,-0.09859654,1.98730610,-0.85152295,-1.12623332,1,0,1,1,0
691,143750,0.08054712,0.01624433,-0.09163043,1.96520546,-0.73350605,-1.23358434,1,0,1,1,0
692,143958,0.07521449,0.02502073,-0.09694774,1.94426699,-0.62084475,-1.32154954,1,0,1,1,0
693,144166,0.06862636,0.02995214,-0.09987376,1.91457746,-0.50008342,-1.43950395,1,0,1,1,0
694,144375,0.07251238,0.03013502,-0.10361148,1.87885635,-0.34982801,-1.48735180,1,0,1,1,0
695,144583,0.05801168,0.03252706,-0.10684529,1.80697461,-0.22579105,-1.58926728,1,0,1,1,0
696,144791,0.06420564,0.04334757,-0.10547765,1.77009681,-0.08623677,-1.66858058,1,0,1,1,0
697,145000,0.05473040,0.05356159,-0.09737215,1.69803663,0.02768627,-1.75469162,1,0,1,1,0
698,145208,0.05314484,0.06172259,-0.09880978,1.63544284,0.15945280,-1.80205667,1,0,1,1,0
699,145416,0.03991237,0.06570227,-0.10143453,1.56181085,0.28773415,-1.83769068,1,0,1,1,0
700,145625,0.03430393,0.06477940,-0.10561621,1.49587934,0.42812860,-1.90729531,1,0,1,1,0
701,145833,0.02883115,0.06831714,-0.09671656,1.38830943,0.52927091,-1.94832461,1,0,1,1,0
702,146041,0.02083596,0.07414247,-0.09496717,1.30996849,0.65716963,-1.95736851,1,0,1,1,0
703,146250,0.01148218,0.08604143,-0.09310182,1.19023588,0.78673005,-1.98448564,1,0,1,1,0
704,146458,0.00445765,0.07952723,-0.08575266,1.08233966,0.90140846,-2.00928390,1,0,1,1,0
705,146666,-0.00720072,0.09889290,-0.09325837,0.95900795,1.01319533,-1.97343418,1,0,1,1,0
706,146875,-0.00383182,0.09552556,-0.09077078,0.84824332,1.14406179,-1.97826797,1,0,1,1,0
707,147083,-0.01709253,0.09018584,-0.08101741,0.73063681,1.22863805,-1.97445150,1,0,1,1,0
708,147291,-0.01878672,0.09690446,-0.07079881,0.61155251,1.33310324,-1.95161269,1,0,1,1,0
709,147500,-0.03068647,0.10115298,-0.06730566,0.49346712,1.42284428,-1.93043660,1,0,1,1,0
710,147708,-0.03132285,0.10550414,-0.06527858,0.37594675,1.50284293,-1.87382406,1,0,1,1,0
711,147916,-0.04732470,0.10111941,-0.05936516,0.24051687,1.59057054,-1.82628572,1,0,1,1,0
712,148125,-0.05149960,0.09614661,-0.05477571,0.09206632,1.66044545,-1.76191722,1,0,1,1,0
713,148333,-0.05169237,0.09908546,-0.04421853,-0.03877539,1.72368537,-1.70606304,1,0,1,1,0
714,148541,-0.04757887,0.10273363,-0.04867967,-0.15727383,1.79659472,-1.64861023,1,0,1,1,0
715,148750,-0.06276256,0.09511464,-0.03982316,-0.30873729,1.83431873,-1.57090085,1,0,1,1,0
716,148958,-0.06411520,0.10064413,-0.03006041,-0.40367323,1.88728013,-1.48182960,1,0,1,1,0
717,149166,-0.06625457,0.09620259,-0.02684158,-0.56293233,1.91768383,-1.38391706,1,0,1,1,0
718,149375,-0.07604369,0.09563559,-0.02210099,-0.67581965,1.94815323,-1.30417803,1,0,1,1,0
719,149583,-0.07501732,0.08545018,-0.00747475,-0.77715034,1.97787510,-1.18021639,1,0,1,1,0
720,149791,-0.09188700,0.08766109,-0.00149534,-0.89441932,1.97657091,-1.08663721,1,0,1,1,0
721,150000,-0.08439685,0.09821236,0.00251970,-1.00556886,1.99743960,-0.96979588,1,0,1,1,0
722,150208,-0.09621223,0.09070875,0.00285187,-1.13829199,1.97516378,-0.86401163,1,0,1,1,0
723,150416,-0.09361200,0.07880793,0.01064040,-1.22851291,1.98186690,-0.73554347,1,0,1,1,0
724,150625,-0.09994370,0.07524029,0.02183023,-1.33513303,1.92134603,-0.60594953,1,0,1,1,0
725,150833,-0.10013669,0.07372883,0.02633240,-1.43702375,1.92350480,-0.47396578,1,0,1,1,0
726,151041,-0.10340621,0.06835718,0.03246558,-1.52891077,1.87434581,-0.36618819,1,0,1,1,0
727,151250,-0.09208354,0.06323090,0.04093392,-1.59511500,1.82498095,-0.22099252,1,0,1,1,0
728,151458,-0.10821296,0.05118450,0.04475090,-1.66983049,1.76479962,-0.10607160,1,0,1,1,0
729,151666,-0.09997791,0.04616314,0.04999683,-1.72328891,1.69976995,0.01719264,1,0,1,1,0
730,151875,-0.09278873,0.04794150,0.05962595,-1.79065557,1.64427352,0.15553453,1,0,1,1,0
731,152083,-0.09276639,0.03472391,0.05945231,-1.84994466,1.56043596,0.28266677,1,0,1,1,0
732,152291,-0.10075580,0.03037584,0.06616056,-1.89629400,1.48942921,0.42232930,1,0,1,1,0
733,152500,-0.09394604,0.03111279,0.07364661,-1.91662830,1.39433816,0.53080204,1,0,1,1,0
734,152708,-0.09957555,0.01643386,0.08043655,-1.96842772,1.27980731,0.66510972,1,0,1,1,0
735,152916,-0.09981796,0.00562455,0.08352943,-1.98319153,1.19216901,0.79460638,1,0,1,1,0
736,153125,-0.08906128,0.01111740,0.08265535,-2.00808973,1.08800115,0.91884327,1,0,1,1,0
737,153333,-0.08036524,-0.00788292,0.08381314,-1.98669814,0.96706831,1.02061410,1,0,1,1,0
738,153541,-0.08207534,-0.00396869,0.09888224,-1.97428140,0.85859107,1.12040784,1,0,1,1,0
739,153750,-0.07805850,-0.02501258,0.08707825,-1.96535241,0.73150137,1.22130683,1,0,1,1,0
740,153958,-0.07339580,-0.01576569,0.10168240,-1.95368101,0.61651716,1.34414319,1,0,1,1,0
741,154166,-0.07543151,-0.02796668,0.10142559,-1.91749507,0.49733738,1.43417945,1,0,1,1,0
742,154375,-0.06307745,-0.03217133,0.09709972,-1.87564106,0.35191385,1.51591419,1,0,1,1,0
743,154583,-0.05658022,-0.03063518,0.09930421,-1.84167607,0.24201501,1.59220504,1,0,1,1,0
744,154791,-0.05025359,-0.03335299,0.09717555,-1.77636416,0.10631693,1.66521639,1,0,1,1,0
745,155000,-0.04815608,-0.04170230,0.10492539,-1.69611433,-0.03482829,1.73873346,1,0,1,1,0
746,155208,-0.03345009,-0.06844691,0.09890364,-1.63953106,-0.15625633,1.78310882,1,0,1,1,0
747,155416,-0.03697084,-0.06745868,0.09760027,-1.55727874,-0.29023941,1.85431306,1,0,1,1,0
748,155625,-0.03331016,-0.07225714,0.08691151,-1.47380475,-0.41274504,1.87762048,1,0,1,1,0
749,155833,-0.02918536,-0.07364916,0.09235311,-1.39430592,-0.53589956,1.93498659,1,0,1,1,0
750,156041,-0.01913160,-0.08513646,0.09809949,-1.27211407,-0.65685118,1.95801205,1,0,1,1,0
751,156250,-0.01192166,-0.08737837,0.08998615,-1.17308774,-0.79159061,1.99116493,1,0,1,1,0
752,156458,-0.00949441,-0.08192755,0.08462895,-1.07286385,-0.89566013,1.99706826,1,0,1,1,0
753,156666,0.00042752,-0.09771491,0.08782472,-0.96545309,-1.01886000,1.99516421,1,0,1,1,0
754,156875,0.01021779,-0.09429273,0.08855786,-0.84460069,-1.12625201,1.97028032,1,0,1,1,0
755,157083,0.02247695,-0.09833383,0.07897318,-0.74829421,-1.21771762,1.98024046,1,0,1,1,0
756,157291,0.01990671,-0.09650406,0.06517925,-0.61478879,-1.34126386,1.93535894,1,0,1,1,0
757,157500,0.01985342,-0.09644218,0.06424880,-0.48663051,-1.43108808,1.91726044,1,0,1,1,0
758,157708,0.04135410,-0.09984131,0.07440007,-0.36473705,-1.49712356,1.87577338,1,0,1,1,0
759,157916,0.04900893,-0.10364190,0.05934333,-0.22050172,-1.59442608,1.82926872,1,0,1,1,0
760,158125,0.03991146,-0.09898158,0.05503813,-0.12090672,-1.65663853,1.77361879,1,0,1,1,0
761,158333,0.05415702,-0.09568924,0.05178386,0.04605925,-1.72544078,1.69333763,1,0,1,1,0
762,158541,0.05751525,-0.08911205,0.03121210,0.16231512,-1.79695296,1.64535648,1,0,1,1,0
763,158750,0.05817244,-0.09004960,0.03852770,0.28816760,-1.85834082,1.56555388,1,0,1,1,0
764,158958,0.07101238,-0.08570011,0.02796720,0.41686587,-1.88080477,1.47108350,1,0,1,1,0
765,159166,0.06917433,-0.10046429,0.02702753,0.54680723,-1.91361684,1.37530291,1,0,1,1,0
766,159375,0.08572821,-0.09282094,0.01711745,0.67496413,-1.95148391,1.29190131,1,0,1,1,0
767,159583,0.07859354,-0.08206279,0.00970409,0.77565889,-1.98471479,1.18550457,1,0,1,1,0
768,159791,0.08445997,-0.09560735,0.00133989,0.88206389,-2.01260279,1.08299941,1,0,1,1,0
769,160000,0.07925668,-0.08794772,0.00100914,1.01428426,-1.97752021,0.96993633,1,0,1,1,0
770,160208,0.08342411,-0.08142217,-0.00778828,1.13910912,-1.97563064,0.85640080,1,0,1,1,0
771,160416,0.09148809,-0.07988818,-0.00664192,1.23193261,-1.97954806,0.74260711,1,0,1,1,0
772,160625,0.08918783,-0.06553375,-0.02427108,1.33569386,-1.93737427,0.61393021,1,0,1,1,0
773,160833,0.09684492,-0.07325030,-0.03058039,1.43758712,-1.91308650,0.50129937,1,0,1,1,0
774,161041,0.09839389,-0.05819244,-0.03247894,1.52927063,-1.85110521,0.36255322,1,0,1,1,0
775,161250,0.10639642,-0.06071153,-0.04188597,1.61261451,-1.82054723,0.21818048,1,0,1,1,0
776,161458,0.09977718,-0.05647451,-0.04170382,1.66413339,-1.76547649,0.08518019,1,0,1,1,0
777,161666,0.09935710,-0.04798422,-0.04461063,1.75327728,-1.69459164,-0.01891826,1,0,1,1,0
778,161875,0.10479809,-0.04427244,-0.05313912,1.81093386,-1.64293128,-0.15774088,1,0,1,1,0
779,162083,0.09448893,-0.03486711,-0.06277649,1.84459471,-1.55742886,-0.28357794,1,0,1,1,0
780,162291,0.09626606,-0.03457640,-0.06355831,1.87885358,-1.47562158,-0.40882091,1,0,1,1,0
781,162500,0.10387925,-0.03177719,-0.07155089,1.92276595,-1.39157082,-0.54282895,1,0,1,1,0
782,162708,0.09759421,-0.02368258,-0.07395203,1.94524598,-1.29231407,-0.66442651,1,0,1,1,0
783,162916,0.08962021,-0.00797234,-0.07799612,1.98126967,-1.18417345,-0.77387109,1,0,1,1,0
784,163125,0.09297430,-0.00539893,-0.08192240,1.99566789,-1.09292772,-0.91276008,1,0,1,1,0
785,163333,0.08186418,0.00845085,-0.08127950,1.97458031,-0.96532078,-1.02868397,1,0,1,1,0
786,163541,0.07817028,0.01157707,-0.08961186,1.99306284,-0.83217504,-1.12051451,1,0,1,1,0
787,163750,0.07710459,0.01198117,-0.10231093,1.97349913,-0.75041554,-1.22940820,1,0,1,1,0
788,163958,0.07259113,0.01833821,-0.09303951,1.94994413,-0.62186825,-1.33078622,1,0,1,1,0
789,164166,0.07229540,0.02137878,-0.09660390,1.90996055,-0.47692707,-1.43716800,1,0,1,1,0
790,164375,0.06441266,0.03170976,-0.10941573,1.87709315,-0.36022080,-1.53499307,1,0,1,1,0
791,164583,0.06619384,0.04170636,-0.09677955,1.83205349,-0.23096068,-1.59112505,1,0,1,1,0
792,164791,0.05873747,0.04501265,-0.09854812,1.76960485,-0.10529674,-1.68785283,1,0,1,1,0
793,165000,0.05448708,0.05672124,-0.09851797,1.71079911,0.01444135,-1.73365095,1,0,1,1,0
794,165208,0.04321108,0.06188870,-0.09971871,1.62969340,0.14344137,-1.79603443,1,0,1,1,0
795,165416,0.04086167,0.06630529,-0.10121534,1.55435411,0.26950133,-1.87031548,1,0,1,1,0
796,165625,0.03105641,0.06902185,-0.09587419,1.49231959,0.39923709,-1.89116292,1,0,1,1,0
797,165833,0.02944121,0.06917404,-0.08487924,1.39139150,0.53321940,-1.94161814,1,0,1,1,0
798,166041,0.01331195,0.07826853,-0.09593086,1.29234433,0.67390053,-1.96481741,1,0,1,1,0
799,166250,0.01253548,0.08436829,-0.10444912,1.18425425,0.75870601,-1.97490311,1,0,1,1,0
800,166458,0.00838467,0.08320814,-0.08768754,1.08335507,0.88989391,-1.97979822,1,0,1,1,0
801,166666,-0.00301473,0.10186982,-0.08547372,0.96751852,1.01199476,-2.00816908,1,0,1,1,0
802,166875,0.00161412,0.08793891,-0.08702609,0.85626820,1.11359177,-1.98870883,1,0,1,1,0
803,167083,-0.01850823,0.09086611,-0.07717314,0.72784549,1.24863438,-1.98212079,1,0,1,1,0
804,167291,-0.02712401,0.08677339,-0.07355668,0.60756568,1.32831963,-1.93941000,1,0,1,1,0
805,167500,-0.02787784,0.08641718,-0.07399611,0.49000138,1.42673847,-1.89325257,1,0,1,1,0
806,167708,-0.03672672,0.10542808,-0.06296985,0.37373766,1.51351224,-1.87709085,1,0,1,1,0
807,167916,-0.03676471,0.10035778,-0.05161981,0.23720659,1.61247328,-1.82094323,1,0,1,1,0
808,168125,-0.05053595,0.10349797,-0.05558652,0.09412373,1.65632026,-1.77969087,1,0,1,1,0
809,168333,-0.05494155,0.10252036,-0.04452879,-0.02508536,1.75797567,-1.71545814,1,0,1,1,0
810,168541,-0.05489457,0.10112605,-0.04773159,-0.15541695,1.77887597,-1.64186677,1,0,1,1,0
811,168750,-0.06366761,0.09549058,-0.03462701,-0.27805181,1.85276992,-1.56272853,1,0,1,1,0
812,168958,-0.05930498,0.09622081,-0.02640642,-0.42130039,1.88239203,-1.48030547,1,0,1,1,0
813,169166,-0.07162849,0.09570525,-0.02404778,-0.53432060,1.90260458,-1.37661490,1,0,1,1,0
814,169375,-0.07852468,0.08267530,-0.01281880,-0.66935588,1.94912549,-1.30804630,1,0,1,1,0
815,169583,-0.07395210,0.09239815,-0.01612885,-0.79637973,1.97085766,-1.18940740,1,0,1,1,0
816,169791,-0.08600384,0.09320467,-0.02097200,-0.91478336,1.98618016,-1.07858219,1,0,1,1,0
817,170000,-0.08754714,0.08249980,-0.00128935,-1.00637104,1.99148312,-0.97209602,1,0,1,1,0
818,170208,-0.09581626,0.08221429,0.01190238,-1.13536267,1.99661177,-0.84356362,1,0,1,1,0
819,170416,-0.09709650,0.07726174,0.00596130,-1.24325756,1.96165478,-0.72273727,1,0,1,1,0
820,170625,-0.08855160,0.06823437,0.02724932,-1.33728221,1.95640251,-0.61439776,1,0,1,1,0
821,170833,-0.09635546,0.07434974,0.02830430,-1.42430588,1.92109628,-0.48778682,1,0,1,1,0
822,171041,-0.09439707,0.06865193,0.02737933,-1.51539204,1.87609260,-0.35330546,1,0,1,1,0
823,171250,-0.10656630,0.06137440,0.04503150,-1.59095895,1.80829924,-0.24408931,1,0,1,1,0
824,171458,-0.09843251,0.05069338,0.04500859,-1.64514036,1.77031839,-0.10293266,1,0,1,1,0
825,171666,-0.09551895,0.05892057,0.05615701,-1.73230707,1.71298823,0.02201141,1,0,1,1,0
826,171875,-0.10609329,0.04511868,0.05068399,-1.79011571,1.65083320,0.17280358,1,0,1,1,0
827,172083,-0.10200528,0.03536774,0.06659075,-1.84279795,1.57422909,0.28357484,1,0,1,1,0
828,172291,-0.09978091,0.03260049,0.06345009,-1.90259806,1.46059310,0.39891943,1,0,1,1,0
829,172500,-0.09222808,0.01704678,0.06610176,-1.92009937,1.39559573,0.54245394,1,0,1,1,0
830,172708,-0.10210290,0.00959315,0.07095426,-1.95218518,1.30207685,0.66916307,1,0,1,1,0
831,172916,-0.08301260,0.01454353,0.07567994,-1.97819804,1.19862475,0.78414646,1,0,1,1,0
832,173125,-0.07906535,0.00343222,0.08971092,-1.98028744,1.07300919,0.89925322,1,0,1,1,0
833,173333,-0.08755006,0.00533524,0.08541376,-1.98760926,0.97258176,1.02444216,1,0,1,1,0
834,173541,-0.08346693,-0.01154677,0.08815278,-2.00722239,0.86686939,1.13017233,1,0,1,1,0
835,173750,-0.08629113,-0.00546398,0.08743912,-1.97492400,0.72055979,1.24226786,1,0,1,1,0
836,173958,-0.07836771,-0.03022163,0.09140896,-1.94951621,0.60823446,1.33773069,1,0,1,1,0
837,174166,-0.07555296,-0.02679125,0.09501504,-1.91876086,0.48950958,1.42574141,1,0,1,1,0
838,174375,-0.06339125,-0.04054982,0.10083565,-1.87166382,0.36638287,1.50603936,1,0,1,1,0
839,174583,-0.06319394,-0.03967521,0.09994583,-1.82840962,0.22397016,1.60359424,1,0,1,1,0
840,174791,-0.04651180,-0.05310582,0.09861705,-1.76128770,0.09403236,1.66785315,1,0,1,1,0
841,175000,-0.05581258,-0.04751497,0.10374919,-1.70011766,-0.01811174,1.73155391,1,0,1,1,0
842,175208,-0.03782147,-0.06122931,0.10702807,-1.63670456,-0.15288965,1.78865897,1,0,1,1,0
843,175416,-0.03889545,-0.05874190,0.10680726,-1.55635863,-0.28225730,1.85831725,1,0,1,1,0
844,175625,-0.01907720,-0.05774926,0.09263321,-1.48201909,-0.39097690,1.89679455,1,0,1,1,0
845,175833,-0.02009506,-0.08086619,0.09934599,-1.38012047,-0.52549586,1.91844108,1,0,1,1,0
846,176041,-0.01885966,-0.07355471,0.08825226,-1.29147771,-0.65723091,1.93962168,1,0,1,1,0
847,176250,-0.00332544,-0.07803836,0.09607209,-1.20104210,-0.79601280,1.96801196,1,0,1,1,0
848,176458,-0.00251979,-0.08819039,0.08514693,-1.08679724,-0.90193217,1.98158866,1,0,1,1,0
849,176666,0.00145133,-0.09579991,0.08988087,-0.95986606,-1.03574399,1.97868609,1,0,1,1,0
850,176875,0.01334386,-0.08878285,0.08607429,-0.85920929,-1.12420551,1.98394214,1,0,1,1,0
851,177083,0.01386011,-0.09536157,0.08559852,-0.74326963,-1.23501959,1.96743114,1,0,1,1,0
852,177291,0.01724597,-0.10029392,0.07882185,-0.62581411,-1.31234770,1.94566097,1,0,1,1,0
853,177500,0.02912427,-0.09283111,0.07215268,-0.49243382,-1.43836116,1.91190784,1,0,1,1,0
854,177708,0.02677671,-0.10265433,0.07071974,-0.37119276,-1.52557786,1.86834454,1,0,1,1,0
855,177916,0.03808621,-0.09987257,0.06407056,-0.22662912,-1.59677804,1.83259450,1,0,1,1,0
856,178125,0.04171723,-0.09466765,0.04813823,-0.10038795,-1.66060523,1.77073926,1,0,1,1,0
857,178333,0.05096509,-0.09831427,0.04441719,0.03539809,-1.73256941,1.71420837,1,0,1,1,0
858,178541,0.05781796,-0.09712244,0.04603568,0.16665493,-1.79102645,1.65956333,1,0,1,1,0
859,178750,0.06168393,-0.09760740,0.03223987,0.27462131,-1.85232988,1.54992520,1,0,1,1,0
860,178958,0.06631685,-0.09502485,0.02828212,0.41355220,-1.89125003,1.48277919,1,0,1,1,0
861,179166,0.07929219,-0.09139410,0.02340174,0.53663899,-1.92213854,1.37564401,1,0,1,1,0
862,179375,0.07787865,-0.09794207,0.01229159,0.65033810,-1.95572641,1.29688180,1,0,1,1,0
863,179583,0.08117369,-0.08283049,0.01768047,0.77066810,-1.97413100,1.19718880,1,0,1,1,0
864,179791,0.08341018,-0.09653387,0.01414250,0.89626789,-1.97799232,1.07441791,1,0,1,1,0
865,180000,0.08574575,-0.08786884,-0.00206889,1.02247166,-1.99716246,0.96077296,1,0,1,1,0
866,180208,0.08759276,-0.08450058,-0.00894910,1.13348939,-1.99219183,0.86517083,1,0,1,1,0
867,180416,0.08127720,-0.07871481,-0.01227475,1.23441425,-1.95390289,0.74543252,1,0,1,1,0
868,180625,0.09718373,-0.07551209,-0.02230668,1.33119193,-1.93539831,0.60107692,1,0,1,1,0
869,180833,0.09739259,-0.06465531,-0.02490846,1.42436306,-1.93055203,0.51290600,1,0,1,1,0
870,181041,0.08541221,-0.05541768,-0.03269693,1.51384549,-1.86862902,0.37168988,1,0,1,1,0
871,181250,0.10047202,-0.06013918,-0.03980224,1.58173508,-1.81303411,0.23810931,1,0,1,1,0
872,181458,0.09215708,-0.05432092,-0.04953502,1.66986769,-1.75551444,0.09715071,1,0,1,1,0
873,181666,0.09945820,-0.04403812,-0.04411194,1.72588648,-1.70988752,-0.02920251,1,0,1,1,0
874,181875,0.09763972,-0.04555950,-0.05083677,1.79882919,-1.64671451,-0.17517926,1,0,1,1,0
875,182083,0.09916555,-0.03338387,-0.06294752,1.85914395,-1.54832960,-0.29015452,1,0,1,1,0
876,182291,0.09625652,-0.02981422,-0.07360359,1.90820890,-1.47124842,-0.40386993,1,0,1,1,0
877,182500,0.09232085,-0.02490128,-0.06872507,1.93227783,-1.38808807,-0.53207068,1,0,1,1,0
878,182708,0.09538082,-0.01901951,-0.07732732,1.94972202,-1.28338521,-0.66528470,1,0,1,1,0
879,182916,0.09776213,-0.02321229,-0.09053750,1.97846905,-1.18952125,-0.77358290,1,0,1,1,0
880,183125,0.08645244,-0.00110625,-0.08326185,1.99111043,-1.06399244,-0.90743529,1,0,1,1,0
881,183333,0.08523313,0.00196108,-0.09072813,1.97636354,-0.96855309,-1.00490965,1,0,1,1,0
882,183541,0.07630213,0.00650040,-0.08452067,1.98152354,-0.87045730,-1.12097350,1,0,1,1,0
883,183750,0.07965728,0.02284037,-0.09727669,1.97581651,-0.73529926,-1.22565592,1,0,1,1,0
884,183958,0.07651360,0.01651205,-0.10019490,1.95648454,-0.60528925,-1.33765117,1,0,1,1,0
885,184166,0.07513887,0.03106445,-0.10541300,1.90181227,-0.49708865,-1.41551813,1,0,1,1,0
886,184375,0.06612566,0.02978069,-0.09724315,1.86993895,-0.36573258,-1.50706574,1,0,1,1,0
887,184583,0.05849610,0.03576406,-0.09018527,1.83249664,-0.23237717,-1.60115598,1,0,1,1,0
888,184791,0.05302320,0.04508562,-0.10433303,1.77351364,-0.10002335,-1.67533531,1,0,1,1,0
889,185000,0.05707008,0.04818602,-0.09675425,1.72933957,0.02607073,-1.72139009,1,0,1,1,0
890,185208,0.03527513,0.06113611,-0.10262174,1.63871287,0.16675417,-1.79274227,1,0,1,1,0
891,185416,0.03178844,0.06092016,-0.09840395,1.56283241,0.29414442,-1.83559032,1,0,1,1,0
892,185625,0.03795532,0.05538810,-0.09732500,1.46643864,0.41072486,-1.88529624,1,0,1,1,0
893,185833,0.02239656,0.07679750,-0.08887684,1.38549332,0.53365826,-1.92457889,1,0,1,1,0
894,186041,0.00984090,0.07359430,-0.09230352,1.27740764,0.66129054,-1.94613078,1,0,1,1,0
895,186250,0.00987253,0.07786021,-0.08990494,1.19874040,0.80598978,-1.98634680,1,0,1,1,0
896,186458,0.00760857,0.07168751,-0.08336573,1.09482368,0.92094393,-1.99862878,1,0,1,1,0
897,186666,0.01078418,0.09917952,-0.09343358,0.96101161,1.01428532,-1.98235669,1,0,1,1,0
898,186875,-0.01167950,0.08363539,-0.08847504,0.85954756,1.14302003,-2.00242190,1,0,1,1,0
899,187083,-0.02099708,0.08953548,-0.08154224,0.73352533,1.24776841,-1.96358335,1,0,1,1,0
900,187291,-0.02358010,0.09916272,-0.07240325,0.61713387,1.33031771,-1.94491381,1,0,1,1,0
901,187500,-0.02915892,0.10334492,-0.07848714,0.48333763,1.40817396,-1.91704136,1,0,1,1,0
902,187708,-0.01757541,0.09125459,-0.06962095,0.35578473,1.51528150,-1.87319466,1,0,1,1,0
903,187916,-0.04319232,0.10349019,-0.05635901,0.22111135,1.59374435,-1.83202048,1,0,1,1,0
904,188125,-0.05140846,0.10427655,-0.05213455,0.09451309,1.66670017,-1.75014204,1,0,1,1,0
905,188333,-0.05094145,0.09877647,-0.04965320,-0.03481834,1.74513816,-1.71800730,1,0,1,1,0
906,188541,-0.05737392,0.09644355,-0.04416353,-0.16765692,1.78933116,-1.63310359,1,0,1,1,0
907,188750,-0.06436916,0.11131200,-0.03355279,-0.29749190,1.84564970,-1.56761011,1,0,1,1,0
908,188958,-0.06412445,0.10555611,-0.03086969,-0.40755207,1.90097290,-1.49428567,1,0,1,1,0
909,189166,-0.07824657,0.09720172,-0.02477288,-0.55278211,1.92102072,-1.39721632,1,0,1,1,0
910,189375,-0.07359486,0.08915468,-0.01663438,-0.65287299,1.96374753,-1.28901250,1,0,1,1,0
911,189583,-0.08313822,0.09034410,-0.01187062,-0.77507411,1.96600737,-1.17898103,1,0,1,1,0
912,189791,-0.08773483,0.08485327,-0.00623882,-0.89765663,1.97966654,-1.07392639,1,0,1,1,0
913,190000,-0.08443764,0.08133777,0.00168814,-1.02981525,1.98856661,-0.97546727,1,0,1,1,0
914,190208,-0.08746040,0.08351701,0.01356471,-1.13755337,1.97334350,-0.86484475,1,0,1,1,0
915,190416,-0.09450889,0.08756392,0.01589999,-1.23095008,1.98541562,-0.72858483,1,0,1,1,0
916,190625,-0.08620059,0.07541837,0.02114262,-1.33854568,1.95813389,-0.61968095,1,0,1,1,0
917,190833,-0.09418041,0.06943408,0.02671074,-1.41315569,1.90752867,-0.49654384,1,0,1,1,0
918,191041,-0.10242300,0.06645994,0.02670249,-1.51815751,1.88516740,-0.36232197,1,0,1,1,0
919,191250,-0.10384520,0.06063265,0.03783467,-1.61458101,1.84265085,-0.22820562,1,0,1,1,0
920,191458,-0.09527364,0.04866440,0.04364866,-1.65003071,1.77563097,-0.11393583,1,0,1,1,0
921,191666,-0.09477887,0.04254614,0.04811710,-1.72846526,1.70772101,0.03030184,1,0,1,1,0
922,191875,-0.09534350,0.03927484,0.06716419,-1.78547871,1.62782814,0.15088308,1,0,1,1,0
923,192083,-0.10229733,0.04392640,0.06265897,-1.83830074,1.55754703,0.28187253,1,0,1,1,0
924,192291,-0.09755858,0.02509658,0.05752639,-1.87977296,1.47918531,0.42194014,1,0,1,1,0
925,192500,-0.10164731,0.01868003,0.06708562,-1.93779393,1.38847585,0.55755522,1,0,1,1,0
926,192708,-0.08957788,0.02509764,0.07075926,-1.97129892,1.29933897,0.66407753,1,0,1,1,0
927,192916,-0.08619806,0.00647379,0.08068525,-1.96948060,1.20146217,0.79418514,1,0,1,1,0
928,193125,-0.09095975,0.00300645,0.08012657,-1.98837727,1.08605394,0.89693487,1,0,1,1,0
929,193333,-0.08520762,-0.00365286,0.07818210,-1.97418649,0.96545544,1.03260315,1,0,1,1,0
930,193541,-0.08397214,-0.00555874,0.09269680,-1.97761840,0.84806585,1.13751526,1,0,1,1,0
931,193750,-0.07317082,-0.01568791,0.09585760,-1.96410918,0.73957595,1.23356646,1,0,1,1,0
932,193958,-0.07596391,-0.02741844,0.09704614,-1.93922272,0.61424159,1.33806738,1,0,1,1,0
933,194166,-0.07862724,-0.02229743,0.10380508,-1.89026825,0.48828352,1.42334005,1,0,1,1,0
934,194375,-0.07500466,-0.03114876,0.10613144,-1.87896881,0.36643764,1.52559487,1,0,1,1,0
935,194583,-0.06221936,-0.03657033,0.09684358,-1.83721501,0.22972172,1.58553162,1,0,1,1,0
936,194791,-0.05894606,-0.04885697,0.10523256,-1.76109089,0.11654852,1.65331080,1,0,1,1,0
937,195000,-0.05071427,-0.05966903,0.10548391,-1.69440586,-0.02554734,1.76795985,1,0,1,1,0
938,195208,-0.03558553,-0.05728102,0.09852212,-1.63910259,-0.15753728,1.79845270,1,0,1,1,0
939,195416,-0.04217750,-0.05448141,0.09780178,-1.57469982,-0.28157900,1.85125070,1,0,1,1,0
940,195625,-0.03680174,-0.06465038,0.09193338,-1.49658449,-0.39585055,1.90266063,1,0,1,1,0
941,195833,-0.02251759,-0.08612743,0.10305334,-1.38363109,-0.55459714,1.91793427,1,0,1,1,0
942,196041,-0.01501850,-0.06864036,0.09899345,-1.29522787,-0.67171373,1.96926169,1,0,1,1,0
943,196250,-0.00545509,-0.08006982,0.09471987,-1.17865916,-0.77089670,1.97413603,1,0,1,1,0
944,196458,-0.00554964,-0.09140596,0.08050588,-1.08528634,-0.90679623,1.98826072,1,0,1,1,0
945,196666,-0.00572738,-0.09336375,0.08867730,-0.97252411,-1.03136901,1.97245693,1,0,1,1,0
946,196875,-0.00205314,-0.08731718,0.07705728,-0.84425321,-1.11887108,1.97881505,1,0,1,1,0
947,197083,0.01327093,-0.10455865,0.07867905,-0.74583821,-1.23162707,1.96776084,1,0,1,1,0
948,197291,0.01625890,-0.09724596,0.07288796,-0.60310289,-1.33736470,1.94228645,1,0,1,1,0
949,197500,0.03257597,-0.09281622,0.06306734,-0.49686814,-1.42064408,1.95005633,1,0,1,1,0
950,197708,0.03220307,-0.10383552,0.05710465,-0.36725322,-1.50811721,1.87069581,1,0,1,1,0
951,197916,0.04594249,-0.10265064,0.06030013,-0.23930671,-1.58908481,1.82659266,1,0,1,1,0
952,198125,0.04392237,-0.10164948,0.05122318,-0.09751285,-1.66867954,1.77079602,1,0,1,1,0
953,198333,0.05168582,-0.09769579,0.05182241,0.03703299,-1.73985297,1.71992639,1,0,1,1,0
954,198541,0.04862931,-0.10389653,0.04695884,0.15219999,-1.79093562,1.64948379,1,0,1,1,0
955,198750,0.06420974,-0.10496388,0.03895403,0.30606367,-1.86754879,1.57857241,1,0,1,1,0
956,198958,0.07014429,-0.09353481,0.02647646,0.39975961,-1.88090224,1.49405625,1,0,1,1,0
957,199166,0.07391704,-0.10285091,0.02067373,0.53886658,-1.92733705,1.39529013,1,0,1,1,0
958,199375,0.07432815,-0.09593041,0.01577012,0.67797187,-1.94451428,1.26853216,1,0,1,1,0
959,199583,0.07722751,-0.08888785,0.00636186,0.79375314,-1.98502223,1.19991132,1,0,1,1,0
960,199791,0.08607230,-0.08372248,0.00371936,0.89954074,-1.97733958,1.07288566,1,0,1,1,0
961,200000,0.08932836,-0.08612137,0.00378656,1.00867111,-1.97410168,0.95379404,1,0,1,1,0
962,200208,0.08837189,-0.07694021,-0.01791579,1.11441104,-1.99269028,0.84370278,1,0,1,1,0
963,200416,0.08853582,-0.07433624,-0.01046287,1.21847873,-1.96389788,0.73003098,1,0,1,1,0
964,200625,0.09865877,-0.07341291,-0.02220522,1.33882874,-1.95597282,0.61959195,1,0,1,1,0
965,200833,0.09982901,-0.06954254,-0.02238251,1.40519127,-1.92535467,0.48362227,1,0,1,1,0
966,201041,0.10094319,-0.06625206,-0.03740106,1.49505333,-1.86469927,0.36292789,1,0,1,1,0
967,201250,0.10191722,-0.05391554,-0.04515559,1.59519754,-1.83672646,0.22538777,1,0,1,1,0
968,201458,0.09830275,-0.05229660,-0.03922602,1.66373438,-1.76246149,0.11834405,1,0,1,1,0
969,201666,0.09943433,-0.05728656,-0.05442641,1.74014346,-1.70003426,-0.01246318,1,0,1,1,0
970,201875,0.09539192,-0.03660669,-0.05915750,1.77347538,-1.64394069,-0.16634028,1,0,1,1,0
971,202083,0.09820310,-0.04438279,-0.05883302,1.87059835,-1.56859702,-0.29605334,1,0,1,1,0
972,202291,0.09180205,-0.02383388,-0.06508399,1.90039269,-1.48150227,-0.42206551,1,0,1,1,0
973,202500,0.09837681,-0.01854722,-0.07270947,1.94668126,-1.38150386,-0.55083847,1,0,1,1,0
974,202708,0.09165903,-0.01871465,-0.07027504,1.95688953,-1.29435903,-0.66083633,1,0,1,1,0
975,202916,0.09161347,-0.00912492,-0.08696263,1.97703507,-1.18880702,-0.77831592,1,0,1,1,0
976,203125,0.09394672,-0.01475426,-0.07994172,1.98163629,-1.09168692,-0.89644422,1,0,1,1,0
977,203333,0.08469413,0.00020799,-0.08697244,1.98901700,-0.95114347,-1.01273706,1,0,1,1,0
978,203541,0.08428322,0.00776278,-0.09240442,1.98548211,-0.85569412,-1.14020988,1,0,1,1,0
979,203750,0.07751410,0.01496983,-0.09674486,1.95501331,-0.73801830,-1.22984196,1,0,1,1,0
980,203958,0.07879362,0.01869737,-0.09556092,1.95052207,-0.62401377,-1.33450152,1,0,1,1,0
981,204166,0.07140777,0.02708399,-0.10551248,1.92731453,-0.48121274,-1.41808145,1,0,1,1,0
982,204375,0.07031882,0.03833747,-0.10337128,1.87655876,-0.36217465,-1.49538209,1,0,1,1,0
983,204583,0.04928609,0.04839893,-0.09735431,1.85016582,-0.22169701,-1.60955069,1,0,1,1,0
984,204791,0.05349016,0.03902522,-0.10023015,1.76964657,-0.11099827,-1.67582105,1,0,1,1,0
985,205000,0.05293379,0.04525920,-0.09954978,1.71658466,0.02011906,-1.74057206,1,0,1,1,0
986,205208,0.04737729,0.05263407,-0.09526434,1.65266521,0.15461691,-1.78859194,1,0,1,1,0
987,205416,0.03576529,0.05682079,-0.09783741,1.57253630,0.29774160,-1.85113436,1,0,1,1,0
988,205625,0.03693283,0.05739329,-0.10077485,1.49400652,0.42618917,-1.89388894,1,0,1,1,0
989,205833,0.02585582,0.07830178,-0.10172282,1.40842584,0.52435135,-1.92287473,1,0,1,1,0
990,206041,0.02504799,0.06415855,-0.08666938,1.30107108,0.68118536,-1.93346851,1,0,1,1,0
991,206250,0.00662557,0.07647123,-0.09139421,1.19365376,0.78514973,-1.94928581,1,0,1,1,0
992,206458,0.00953111,0.09300337,-0.09213503,1.07945592,0.90918291,-2.00315451,1,0,1,1,0
993,206666,-0.00411268,0.08814662,-0.08522417,0.98421744,1.01760425,-2.00238941,1,0,1,1,0
994,206875,-0.01130569,0.09677492,-0.07834456,0.84432124,1.13845414,-1.99371852,1,0,1,1,0
995,207083,-0.02404674,0.09760355,-0.07823822,0.72422554,1.22973815,-1.96197015,1,0,1,1,0
996,207291,-0.02471321,0.09119748,-0.07702342,0.61679588,1.32733721,-1.95103352,1,0,1,1,0
997,207500,-0.02789768,0.09466523,-0.06837072,0.49465033,1.42998157,-1.91463432,1,0,1,1,0
998,207708,-0.03660590,0.09678805,-0.06762723,0.35044263,1.51212679,-1.86663530,1,0,1,1,0
999,207916,-0.03531181,0.10430997,-0.06222498,0.23282026,1.58526519,-1.83574213,1,0,1,1,0
1000,208125,-0.04623965,0.10331122,-0.05898282,0.09416752,1.67165942,-1.76953885,1,0,1,1,0
1001,208333,-0.05077767,0.09375130,-0.04788306,-0.03417239,1.74439044,-1.72524320,1,0,1,1,0
1002,208541,-0.05820694,0.11268462,-0.03554388,-0.16260551,1.81189759,-1.64545118,1,0,1,1,0
1003,208750,-0.04728977,0.09649110,-0.03163012,-0.30524267,1.85051930,-1.55784629,1,0,1,1,0
1004,208958,-0.06151788,0.10274170,-0.03806483,-0.39263319,1.88062660,-1.47594199,1,0,1,1,0
1005,209166,-0.06603557,0.09806311,-0.02144793,-0.55374620,1.93549358,-1.40365604,1,0,1,1,0
1006,209375,-0.07429914,0.10077866,-0.01520217,-0.67337646,1.96756470,-1.29984238,1,0,1,1,0
1007,209583,-0.08270132,0.09135593,-0.00565827,-0.77911025,1.99239520,-1.17924016,1,0,1,1,0
1008,209791,-0.08300580,0.08649044,0.00108974,-0.90325546,1.99395255,-1.09923270,1,0,1,1,0
1009,210000,-0.08698952,0.08196379,-0.00311546,-1.03716947,1.99465107,-0.97775790,1,0,1,1,0
1010,210208,-0.09089770,0.08253801,0.01477417,-1.11969278,2.00104722,-0.84922655,1,0,1,1,0
1011,210416,-0.09208174,0.08704711,0.01491322,-1.24807809,1.96505785,-0.74315806,1,0,1,1,0
1012,210625,-0.09502293,0.07536425,0.02165118,-1.32242153,1.95248754,-0.60734090,1,0,1,1,0
1013,210833,-0.09771069,0.07409314,0.02017847,-1.41871791,1.92344025,-0.49481839,1,0,1,1,0
1014,211041,-0.09119442,0.07040665,0.03656531,-1.50461067,1.86786258,-0.36368150,1,0,1,1,0
1015,211250,-0.08698613,0.05615350,0.03970522,-1.59376929,1.82457728,-0.24200975,1,0,1,1,0
1016,211458,-0.09635088,0.05614867,0.04655983,-1.67182702,1.77930867,-0.10441749,1,0,1,1,0
1017,211666,-0.10001484,0.04440520,0.04650232,-1.75161216,1.69308947,0.01538500,1,0,1,1,0
1018,211875,-0.10094282,0.04620043,0.05136605,-1.78963236,1.64764211,0.16346732,1,0,1,1,0
1019,212083,-0.10034292,0.03298469,0.06345503,-1.85652618,1.59607550,0.29099740,1,0,1,1,0
1020,212291,-0.09696750,0.03153210,0.07528265,-1.88302699,1.47481744,0.41517602,1,0,1,1,0
1021,212500,-0.10262220,0.01918260,0.07138440,-1.93908432,1.39280276,0.53713304,1,0,1,1,0
1022,212708,-0.09015637,0.01615856,0.06942196,-1.96174510,1.27574634,0.65924546,1,0,1,1,0
1023,212916,-0.09501006,0.00792589,0.08127233,-1.98122671,1.18067961,0.80751089,1,0,1,1,0
1024,213125,-0.08285699,0.00742277,0.09009755,-1.97787294,1.09932696,0.89796852,1,0,1,1,0
1025,213333,-0.07737429,0.00426150,0.09622608,-1.99383585,0.97938664,1.02574066,1,0,1,1,0
1026,213541,-0.08822029,-0.00364089,0.07822314,-1.99583094,0.86225826,1.12241621,1,0,1,1,0
1027,213750,-0.08764450,-0.01273797,0.09045048,-1.97390827,0.73634352,1.23003846,1,0,1,1,0
1028,213958,-0.07909990,-0.02075480,0.09192818,-1.94228917,0.62100111,1.33822017,1,0,1,1,0
1029,214166,-0.07167809,-0.02574551,0.09206807,-1.92225051,0.49808490,1.43583319,1,0,1,1,0
1030,214375,-0.06450340,-0.04083649,0.09259257,-1.88098195,0.36106119,1.52720007,1,0,1,1,0
1031,214583,-0.05811360,-0.03709703,0.09098149,-1.79946454,0.23018475,1.60356391,1,0,1,1,0
1032,214791,-0.06278118,-0.05233869,0.09872759,-1.76768662,0.09623804,1.65531319,1,0,1,1,0
1033,215000,-0.05163189,-0.06137638,0.09974157,-1.71859245,-0.00292209,1.73266102,1,0,1,1,0
1034,215208,-0.04933990,-0.05320344,0.09705488,-1.63171349,-0.15794619,1.80828182,1,0,1,1,0
1035,215416,-0.03285940,-0.06904258,0.09793857,-1.56110569,-0.28857629,1.85892208,1,0,1,1,0
1036,215625,-0.02875976,-0.06820519,0.08946642,-1.47842274,-0.41189111,1.88993458,1,0,1,1,0
1037,215833,-0.01497602,-0.06834189,0.10153455,-1.37306642,-0.54092695,1.95141053,1,0,1,1,0
1038,216041,-0.01510615,-0.07913976,0.09713063,-1.29025488,-0.67073656,1.94183748,1,0,1,1,0
1039,216250,-0.01856316,-0.07270699,0.08454950,-1.18482767,-0.80353039,1.94777110,1,0,1,1,0
1040,216458,-0.00979418,-0.09176804,0.09228672,-1.08123128,-0.89094294,2.01067734,1,0,1,1,0
1041,216666,0.00681751,-0.08785622,0.09284487,-0.97107157,-1.02398509,1.99721326,1,0,1,1,0
1042,216875,0.01153424,-0.08871689,0.08793245,-0.86807372,-1.12355527,2.00185730,1,0,1,1,0
1043,217083,0.01310341,-0.08954205,0.08124069,-0.75318214,-1.22372731,1.98916623,1,0,1,1,0
1044,217291,0.01869191,-0.08665153,0.07481472,-0.60833210,-1.33436459,1.94062179,1,0,1,1,0
1045,217500,0.02852114,-0.10501691,0.06625112,-0.49052276,-1.42516097,1.91296014,1,0,1,1,0
1046,217708,0.04138188,-0.09972438,0.06538792,-0.36634728,-1.49690565,1.87695963,1,0,1,1,0
1047,217916,0.03413204,-0.09044375,0.06271666,-0.22207681,-1.57623086,1.82816745,1,0,1,1,0
1048,218125,0.04575905,-0.10072870,0.04789054,-0.10848214,-1.67811770,1.77887379,1,0,1,1,0
1049,218333,0.04848421,-0.10611137,0.04925958,0.01236523,-1.73693486,1.69263157,1,0,1,1,0
1050,218541,0.05229446,-0.09764329,0.04090025,0.14836140,-1.78663362,1.63915134,1,0,1,1,0
1051,218750,0.05808800,-0.09113648,0.04527159,0.26673624,-1.86029698,1.56763206,1,0,1,1,0
1052,218958,0.06391495,-0.09898177,0.02577780,0.43167928,-1.87695495,1.48339402,1,0,1,1,0
1053,219166,0.08183976,-0.10844001,0.02342316,0.53707355,-1.93223361,1.38005878,1,0,1,1,0
1054,219375,0.08894973,-0.09485926,0.00979264,0.67094709,-1.95939245,1.30648893,1,0,1,1,0
1055,219583,0.08250782,-0.08302718,0.01499315,0.79576619,-1.98186794,1.18820651,1,0,1,1,0
1056,219791,0.08094735,-0.08989003,-0.00057262,0.90256383,-1.98763050,1.07742902,1,0,1,1,0
1057,220000,0.08568495,-0.09552433,-0.00505700,1.02843582,-1.99188063,0.96374746,1,0,1,1,0
1058,220208,0.08368788,-0.07138576,-0.00244300,1.15003040,-1.97346230,0.84873090,1,0,1,1,0
1059,220416,0.09513468,-0.07661496,-0.01124837,1.24530582,-1.98448862,0.73425820,1,0,1,1,0
1060,220625,0.09451509,-0.07399727,-0.01881875,1.32300420,-1.93941638,0.60251976,1,0,1,1,0
1061,220833,0.09133730,-0.07032835,-0.02792303,1.42321137,-1.92992653,0.49943550,1,0,1,1,0
1062,221041,0.10073521,-0.06400331,-0.03599999,1.50375872,-1.87949817,0.36627955,1,0,1,1,0
1063,221250,0.08594307,-0.05247997,-0.03245190,1.60264447,-1.82756304,0.23180237,1,0,1,1,0
1064,221458,0.09880512,-0.05568900,-0.04493736,1.67325797,-1.77417460,0.09653792,1,0,1,1,0
1065,221666,0.10783177,-0.05650974,-0.04072109,1.73567854,-1.71527788,-0.04101140,1,0,1,1,0
1066,221875,0.10335054,-0.04255637,-0.05609342,1.80029693,-1.62554405,-0.16320417,1,0,1,1,0
1067,222083,0.09884697,-0.04113581,-0.06616306,1.83997320,-1.55551533,-0.29366793,1,0,1,1,0
1068,222291,0.10135465,-0.02836980,-0.06316108,1.90645987,-1.47666283,-0.40710922,1,0,1,1,0
1069,222500,0.10631431,-0.02720195,-0.07052606,1.92171906,-1.40462096,-0.53342439,1,0,1,1,0
1070,222708,0.09163337,-0.02356724,-0.07560367,1.97169473,-1.28106973,-0.68254732,1,0,1,1,0
1071,222916,0.09195385,-0.00331977,-0.08422234,1.97959862,-1.18873129,-0.77740997,1,0,1,1,0
1072,223125,0.08574025,0.00149559,-0.08688427,1.98831395,-1.09122445,-0.90126958,1,0,1,1,0
1073,223333,0.08128517,0.00043697,-0.08397835,1.99809915,-0.96698505,-1.01713332,1,0,1,1,0
1074,223541,0.08024922,0.00179307,-0.09254552,1.98060695,-0.85985404,-1.13072009,1,0,1,1,0
1075,223750,0.07276529,0.01575910,-0.09486685,1.97807049,-0.72545439,-1.21982938,1,0,1,1,0
1076,223958,0.07274779,0.01432696,-0.09202841,1.95410107,-0.61940555,-1.33815195,1,0,1,1,0
1077,224166,0.07226883,0.02646121,-0.09814424,1.89751487,-0.49632253,-1.41095162,1,0,1,1,0
1078,224375,0.06800929,0.03422046,-0.09477534,1.88270855,-0.37051625,-1.50868645,1,0,1,1,0
1079,224583,0.06274966,0.04364729,-0.10524918,1.81980639,-0.24120213,-1.60522599,1,0,1,1,0
1080,224791,0.05063100,0.04339638,-0.10428932,1.78083768,-0.09294914,-1.69253904,1,0,1,1,0
1081,225000,0.05809438,0.04114724,-0.11066375,1.71793799,0.03080769,-1.73458430,1,0,1,1,0
1082,225208,0.04714621,0.05266992,-0.09520344,1.62923936,0.16071559,-1.78898195,1,0,1,1,0
1083,225416,0.04086779,0.06953416,-0.10433805,1.55286881,0.29361737,-1.83181373,1,0,1,1,0
1084,225625,0.02729385,0.06277172,-0.09315827,1.47057617,0.41211730,-1.90672995,1,0,1,1,0
1085,225833,0.02521109,0.07240388,-0.09454040,1.39687088,0.52719643,-1.93981556,1,0,1,1,0
1086,226041,0.01353563,0.06750213,-0.09513244,1.30211301,0.66834177,-1.95893241,1,0,1,1,0
1087,226250,0.00780674,0.08513578,-0.08778165,1.18679929,0.79266167,-1.97994318,1,0,1,1,0
1088,226458,0.01408836,0.09114705,-0.08584411,1.07834289,0.91382437,-1.98104380,1,0,1,1,0
1089,226666,-0.00711067,0.08244230,-0.09430028,0.96537940,1.01861705,-1.96685013,1,0,1,1,0
1090,226875,-0.01343250,0.09781789,-0.07645253,0.83941968,1.11401346,-1.98074902,1,0,1,1,0
1091,227083,-0.01929571,0.08702849,-0.07886394,0.74770769,1.24238589,-1.94712700,1,0,1,1,0
1092,227291,-0.02148239,0.09435936,-0.07920786,0.62754020,1.32990127,-1.92558896,1,0,1,1,0
1093,227500,-0.02591905,0.10445411,-0.06848074,0.49344015,1.41677511,-1.92541084,1,0,1,1,0
1094,227708,-0.04527123,0.09291286,-0.07212422,0.37776474,1.49755687,-1.87859975,1,0,1,1,0
1095,227916,-0.03473673,0.09844633,-0.05430690,0.23683329,1.59614868,-1.84253210,1,0,1,1,0
1096,228125,-0.05038019,0.09217199,-0.05371459,0.10097436,1.67368537,-1.75678457,1,0,1,1,0
1097,228333,-0.05891796,0.09982193,-0.04674200,-0.04173538,1.73868879,-1.71592215,1,0,1,1,0
1098,228541,-0.06262447,0.09967330,-0.03791916,-0.15719492,1.80431332,-1.63529259,1,0,1,1,0
1099,228750,-0.05365157,0.10124469,-0.03495518,-0.29936490,1.86000596,-1.56001991,1,0,1,1,0
1100,228958,-0.07239791,0.10113642,-0.03233478,-0.42532936,1.88571709,-1.48000081,1,0,1,1,0
1101,229166,-0.06915111,0.09275274,-0.01972007,-0.54086237,1.93018504,-1.37460019,1,0,1,1,0
1102,229375,-0.07611233,0.09554034,-0.01679761,-0.69373063,1.96823991,-1.29117184,1,0,1,1,0
1103,229583,-0.08113332,0.08347475,-0.00237283,-0.77600326,1.97048088,-1.18161569,1,0,1,1,0
1104,229791,-0.08054961,0.09090393,0.00280901,-0.89513134,1.98636545,-1.08947409,1,0,1,1,0
1105,230000,-0.09018259,0.09609091,0.00362700,-1.02684374,1.98856452,-0.97404366,1,0,1,1,0
1106,230208,-0.08343029,0.08277938,0.00810706,-1.12121043,1.99237259,-0.86335712,1,0,1,1,0
1107,230416,-0.09164654,0.08266523,0.01252677,-1.22182417,1.98181979,-0.72250499,1,0,1,1,0
1108,230625,-0.08944296,0.07481493,0.02483334,-1.32912795,1.93820007,-0.62043755,1,0,1,1,0
1109,230833,-0.09660618,0.06979730,0.01628403,-1.42083123,1.90984593,-0.49639854,1,0,1,1,0
1110,231041,-0.09033453,0.06628178,0.02692742,-1.51559604,1.87929542,-0.35310421,1,0,1,1,0
1111,231250,-0.09607044,0.06619271,0.03872425,-1.60629462,1.80824080,-0.26148872,1,0,1,1,0
1112,231458,-0.09070462,0.05531644,0.03981978,-1.66804362,1.77511182,-0.09990645,1,0,1,1,0
1113,231666,-0.09585148,0.05801975,0.04687344,-1.73628943,1.70207324,0.04225120,1,0,1,1,0
1114,231875,-0.10588479,0.04817502,0.05136669,-1.78297286,1.63702076,0.15183898,1,0,1,1,0
1115,232083,-0.08945378,0.04398420,0.06095864,-1.84742714,1.56010444,0.28472966,1,0,1,1,0
1116,232291,-0.08618053,0.02508940,0.06161596,-1.89467592,1.48604699,0.41920382,1,0,1,1,0
1117,232500,-0.09604334,0.02491890,0.07486069,-1.93144117,1.41386782,0.53790247,1,0,1,1,0
1118,232708,-0.08845492,0.01545295,0.06343059,-1.95546182,1.29018088,0.66384517,1,0,1,1,0
1119,232916,-0.08646168,0.00754966,0.08631794,-1.97774175,1.20149085,0.79444138,1,0,1,1,0
1120,233125,-0.08507749,0.00530964,0.08173657,-1.98378421,1.07534405,0.90368916,1,0,1,1,0
1121,233333,-0.07971114,0.00431060,0.09128367,-1.98996327,0.97067815,1.01495100,1,0,1,1,0
1122,233541,-0.08140393,-0.01003416,0.07905449,-1.98382559,0.85298969,1.13287122,1,0,1,1,0
1123,233750,-0.07922168,-0.01042079,0.09829342,-1.97579794,0.74444383,1.23142670,1,0,1,1,0
1124,233958,-0.06480664,-0.02981729,0.09092272,-1.94303738,0.61226078,1.32023659,1,0,1,1,0
1125,234166,-0.07113229,-0.02988089,0.09278307,-1.90805255,0.48868020,1.44092527,1,0,1,1,0
1126,234375,-0.06532202,-0.04082556,0.09932520,-1.87131903,0.36555572,1.51881097,1,0,1,1,0
1127,234583,-0.06255393,-0.03480845,0.09951146,-1.82442102,0.22005342,1.58738698,1,0,1,1,0
1128,234791,-0.05003306,-0.04971797,0.10848842,-1.77188259,0.11241139,1.66874935,1,0,1,1,0
1129,235000,-0.04785503,-0.05638279,0.10192583,-1.72298103,-0.04585144,1.73489398,1,0,1,1,0
1130,235208,-0.04508443,-0.05009615,0.10200554,-1.64292541,-0.16940283,1.79787234,1,0,1,1,0
1131,235416,-0.04375351,-0.06790475,0.09744047,-1.55622054,-0.30291469,1.85238318,1,0,1,1,0
1132,235625,-0.02932429,-0.06311756,0.10066848,-1.47156134,-0.41596625,1.88953531,1,0,1,1,0
1133,235833,-0.03054884,-0.07815277,0.09786392,-1.39646058,-0.52221883,1.94356613,1,0,1,1,0
1134,236041,-0.01170989,-0.07569220,0.09854909,-1.26757797,-0.66889941,1.93524705,1,0,1,1,0
1135,236250,-0.00779770,-0.08227934,0.09817976,-1.18944906,-0.77006651,1.96597039,1,0,1,1,0
1136,236458,-0.01058373,-0.08157892,0.08550701,-1.08776719,-0.89045058,1.98803368,1,0,1,1,0
1137,236666,0.00283594,-0.07498670,0.08228918,-0.97396867,-1.01817711,1.98570530,1,0,1,1,0
1138,236875,0.00371683,-0.08660715,0.08558442,-0.85912731,-1.12070301,1.98265394,1,0,1,1,0
1139,237083,0.01721816,-0.09509400,0.08134007,-0.75435888,-1.23304026,1.95863054,1,0,1,1,0
1140,237291,0.02904261,-0.08796878,0.07632908,-0.62889270,-1.33001587,1.92443731,1,0,1,1,0
1141,237500,0.01907495,-0.09907620,0.06904227,-0.48968556,-1.42903940,1.92483139,1,0,1,1,0
1142,237708,0.03919225,-0.09121239,0.06867969,-0.37048587,-1.52303032,1.88694328,1,0,1,1,0
1143,237916,0.04709359,-0.08661211,0.06249944,-0.24561668,-1.61055550,1.82594844,1,0,1,1,0
1144,238125,0.04581733,-0.10304232,0.05513686,-0.11703096,-1.66803171,1.78256137,1,0,1,1,0
1145,238333,0.04949190,-0.09931000,0.04493793,0.02260945,-1.73407140,1.71380259,1,0,1,1,0
1146,238541,0.05204732,-0.09999610,0.03795359,0.15483303,-1.79394148,1.63180066,1,0,1,1,0
1147,238750,0.06884967,-0.10597148,0.03027103,0.27951129,-1.86341796,1.54996974,1,0,1,1,0
1148,238958,0.06702816,-0.09364936,0.04047530,0.41990783,-1.89412657,1.49157631,1,0,1,1,0
1149,239166,0.06980021,-0.09486359,0.01780331,0.54153594,-1.93893007,1.37859162,1,0,1,1,0
1150,239375,0.08174747,-0.09351836,0.02143122,0.64552075,-1.96995191,1.28309278,1,0,1,1,0
1151,239583,0.07655628,-0.09999766,0.01015822,0.77721341,-1.98505910,1.18948995,1,0,1,1,0
1152,239791,0.08298966,-0.09754733,0.01022196,0.90585238,-1.98488313,1.07280144,1,0,1,1,0
1153,240000,0.08730269,-0.08023868,-0.00163200,1.03071099,-1.99755176,0.97686980,1,0,1,1,0
1154,240208,0.09449656,-0.09155276,-0.00414497,1.12525017,-1.97720351,0.84869258,1,0,1,1,0
1155,240416,0.09469279,-0.07679119,-0.02175903,1.23545610,-1.96902841,0.75161797,1,0,1,1,0
1156,240625,0.08989485,-0.07285630,-0.01236001,1.32547931,-1.95387884,0.61042306,1,0,1,1,0
1157,240833,0.09655988,-0.07026543,-0.02791401,1.42050634,-1.92942871,0.50161318,1,0,1,1,0
1158,241041,0.10223640,-0.06382343,-0.04165765,1.51679228,-1.87617383,0.34207094,1,0,1,1,0
1159,241250,0.10464137,-0.06587565,-0.04266486,1.60505295,-1.81802350,0.23161843,1,0,1,1,0
1160,241458,0.10344658,-0.05919951,-0.04960944,1.66890590,-1.78623678,0.12090256,1,0,1,1,0
1161,241666,0.09460002,-0.05257717,-0.04477447,1.74606172,-1.70094953,-0.02799167,1,0,1,1,0
1162,241875,0.09307725,-0.04406420,-0.05813406,1.78513225,-1.63175467,-0.17663106,1,0,1,1,0
1163,242083,0.10395584,-0.04175563,-0.05194958,1.85152225,-1.54768576,-0.28320310,1,0,1,1,0
1164,242291,0.08727187,-0.02667280,-0.05597709,1.89465119,-1.46488451,-0.42566689,1,0,1,1,0
1165,242500,0.09052256,-0.03010580,-0.05794362,1.93138932,-1.37487023,-0.53692953,1,0,1,1,0
1166,242708,0.09535213,-0.02053093,-0.07256327,1.95676266,-1.28435826,-0.66239117,1,0,1,1,0
1167,242916,0.08475406,-0.01025555,-0.07945325,1.96190218,-1.20693644,-0.79213774,1,0,1,1,0
1168,243125,0.08943896,-0.00795537,-0.06992874,1.98631150,-1.07970340,-0.90800408,1,0,1,1,0
1169,243333,0.07951174,0.00218528,-0.08135682,1.97647505,-0.97322290,-0.99594874,1,0,1,1,0
1170,243541,0.08720860,0.00297631,-0.09268085,1.98613703,-0.83439136,-1.11499227,1,0,1,1,0
1171,243750,0.07669557,0.01281575,-0.09581066,1.95455495,-0.73665672,-1.21583459,1,0,1,1,0
1172,243958,0.07460804,0.02157881,-0.09502431,1.97157278,-0.60724264,-1.32530294,1,0,1,1,0
1173,244166,0.06840923,0.02856635,-0.09854252,1.91833269,-0.49143320,-1.42114139,1,0,1,1,0
1174,244375,0.06527945,0.03392146,-0.10161206,1.85920674,-0.34917890,-1.50438786,1,0,1,1,0
1175,244583,0.05924318,0.04173684,-0.09422518,1.83188346,-0.22286675,-1.58508212,1,0,1,1,0
1176,244791,0.05688922,0.04921184,-0.10827530,1.77029712,-0.10552191,-1.66892875,1,0,1,1,0
1177,245000,0.04627866,0.05094141,-0.10078076,1.71103704,0.02860034,-1.74283129,1,0,1,1,0
1178,245208,0.03908263,0.05475727,-0.09373402,1.65647052,0.14883069,-1.77588380,1,0,1,1,0
1179,245416,0.03974321,0.06334205,-0.09869545,1.55464829,0.29633943,-1.85346779,1,0,1,1,0
1180,245625,0.03562597,0.07188868,-0.09583273,1.45691897,0.43132726,-1.88467307,1,0,1,1,0
1181,245833,0.02773579,0.06827055,-0.09340956,1.38939154,0.54783028,-1.92231113,1,0,1,1,0
1182,246041,0.01691625,0.06960638,-0.08407478,1.31360241,0.67374803,-1.96670400,1,0,1,1,0
1183,246250,0.00807035,0.07974500,-0.08638574,1.18464075,0.78693767,-1.98242327,1,0,1,1,0
1184,246458,0.01213336,0.09242960,-0.08937590,1.08083392,0.90167419,-1.97961999,1,0,1,1,0
1185,246666,-0.00204822,0.09195187,-0.08186636,0.95841741,1.01744239,-1.98953908,1,0,1,1,0
1186,246875,-0.00814109,0.09087402,-0.09325701,0.84852668,1.11891053,-1.99525910,1,0,1,1,0
1187,247083,-0.01903432,0.09027004,-0.07733625,0.75618283,1.22676502,-1.97680526,1,0,1,1,0
1188,247291,-0.02393823,0.09815658,-0.08352888,0.62272256,1.33481098,-1.94049593,1,0,1,1,0
1189,247500,-0.03367079,0.10102337,-0.07366751,0.49283802,1.41973190,-1.91506319,1,0,1,1,0
1190,247708,-0.02444841,0.09704598,-0.06761704,0.34815512,1.49765436,-1.87301320,1,0,1,1,0
1191,247916,-0.05083465,0.09116036,-0.06818575,0.22809451,1.59161381,-1.81344683,1,0,1,1,0
1192,248125,-0.04393267,0.09822250,-0.04844052,0.11231931,1.66216431,-1.76173063,1,0,1,1,0
1193,248333,-0.04635328,0.09569592,-0.05310542,-0.03110364,1.73033343,-1.70100939,1,0,1,1,0
1194,248541,-0.05773044,0.09912721,-0.04469685,-0.14772070,1.78622528,-1.65554304,1,0,1,1,0
1195,248750,-0.06752066,0.09868472,-0.03944805,-0.30590441,1.82100761,-1.56095908,1,0,1,1,0
1196,248958,-0.06315787,0.10015120,-0.04110717,-0.42536558,1.89022106,-1.48633051,1,0,1,1,0
1197,249166,-0.07393221,0.09967785,-0.02711509,-0.54263287,1.92763834,-1.38877714,1,0,1,1,0
1198,249375,-0.06507030,0.09207053,-0.02590947,-0.66481313,1.97893220,-1.29184442,1,0,1,1,0
1199,249583,-0.08318966,0.08331133,-0.00607442,-0.80181554,1.97462722,-1.18599191,1,0,1,1,0
1200,249791,-0.07411885,0.09823155,-0.00480223,-0.90134728,1.97739127,-1.06808851,1,0,1,1,0
1201,250000,-0.04220443,0.08084636,0.05154534,-0.92179493,1.82316336,-1.06508953,1,0,1,1,0
1202,250208,-0.04130940,0.09099997,0.05742745,-1.01747021,1.83625677,-0.93151538,1,0,1,1,0
1203,250416,-0.03671809,0.07790216,0.06910716,-1.12019842,1.82149624,-0.81269070,1,0,1,1,0
1204,250625,-0.05611868,0.08390337,0.07021350,-1.21532775,1.78573610,-0.69984356,1,0,1,1,0
1205,250833,-0.05756731,0.08722194,0.08313440,-1.29624698,1.72693064,-0.56040119,1,0,1,1,0
1206,251041,-0.07264893,0.07595410,0.09696618,-1.35067090,1.66634050,-0.43123393,1,0,1,1,0
1207,251249,-0.07084061,0.09558010,0.10720736,-1.41638767,1.61606324,-0.30963329,1,0,1,1,0
1208,251458,-0.09819594,0.08683673,0.11510625,-1.46587707,1.56976984,-0.17364515,1,0,1,1,0
1209,251666,-0.10130722,0.08535233,0.13858962,-1.51345312,1.44638413,-0.03838419,1,0,1,1,0
1210,251875,-0.12468957,0.08863946,0.15247022,-1.54690670,1.37760718,0.08006803,1,0,1,1,0
1211,252083,-0.13729637,0.08519228,0.16976135,-1.54241995,1.27739138,0.20353403,1,0,1,1,0
1212,252291,-0.16076435,0.08319470,0.18768682,-1.55190947,1.17517555,0.32598158,1,0,1,1,0
1213,252500,-0.17568195,0.07766953,0.20763644,-1.54551153,1.06468398,0.41427547,1,0,1,1,0
1214,252708,-0.20063065,0.05630700,0.24422751,-1.51652826,0.95714220,0.51349793,1,0,1,1,0
1215,252916,-0.20883336,0.05480884,0.25946388,-1.49425121,0.84353787,0.57782958,1,0,1,1,0
1216,253125,-0.22518105,0.03624921,0.30153099,-1.45537444,0.74961859,0.67603710,1,0,1,1,0
1217,253333,-0.23381069,0.02279977,0.33216011,-1.41696952,0.62340226,0.76312885,1,0,1,1,0
1218,253541,-0.24361175,-0.00750085,0.35692318,-1.35473698,0.51309465,0.79937607,1,0,1,1,0
1219,253749,-0.25480936,-0.01701542,0.39450220,-1.29230245,0.41112656,0.85583568,1,0,1,1,0
1220,253958,-0.25546614,-0.05684761,0.42789910,-1.21865832,0.30646033,0.91568462,1,0,1,1,0
1221,254166,-0.26312056,-0.09684125,0.46147954,-1.15091808,0.19507274,0.93187727,1,0,1,1,0
1222,254375,-0.25551495,-0.11968368,0.49388100,-1.05489612,0.10663190,0.93362004,1,0,1,1,0
1223,254583,-0.25603573,-0.16615802,0.53208699,-0.97677656,0.02437929,0.96815610,1,0,1,1,0
1224,254791,-0.24144622,-0.21054384,0.55322378,-0.90063131,-0.04987517,0.94784251,1,0,1,1,0
1225,255000,-0.23471716,-0.25656808,0.59640165,-0.82742080,-0.11340381,0.95537981,1,0,1,1,0
1226,255208,-0.22593396,-0.30523840,0.60333677,-0.72394268,-0.19588742,0.92837836,1,0,1,1,0
1227,255416,-0.19091974,-0.34584364,0.64458453,-0.63622761,-0.23761330,0.89916485,1,0,1,1,0
1228,255625,-0.15227261,-0.38816948,0.65831607,-0.53455724,-0.29351999,0.89508269,1,0,1,1,0
1229,255833,-0.13753191,-0.45338704,0.68130875,-0.47561019,-0.33901645,0.83885952,1,0,1,1,0
1230,256041,-0.09734057,-0.50566673,0.68574361,-0.38848054,-0.34739444,0.79970799,1,0,1,1,0
1231,256249,-0.05259293,-0.55580416,0.68807289,-0.33336387,-0.38203090,0.74564771,1,0,1,1,0
1232,256458,-0.00954752,-0.59298001,0.69490618,-0.23584796,-0.42526859,0.70752975,1,0,1,1,0
1233,256666,0.03779589,-0.64305583,0.69458930,-0.18026682,-0.39840465,0.65475589,1,0,1,1,0
1234,256875,0.09355008,-0.68690034,0.68902789,-0.09778382,-0.41352262,0.62364024,1,0,1,1,0
1235,257083,0.15517369,-0.73445733,0.66348519,-0.07571610,-0.41049565,0.55801372,1,0,1,1,0
1236,257291,0.19855959,-0.77289378,0.64545352,-0.00264318,-0.40632622,0.52405473,1,0,1,1,0
1237,257500,0.26485141,-0.80326659,0.62317348,0.03800975,-0.42452014,0.48389524,1,0,1,1,0
1238,257708,0.32659205,-0.84313468,0.59784555,0.07502915,-0.39905488,0.43700584,1,0,1,1,0
1239,257916,0.38300039,-0.86085988,0.55960153,0.09904007,-0.37586045,0.39031845,1,0,1,1,0
1240,258125,0.43603822,-0.88920974,0.52011088,0.12410910,-0.36615719,0.36490124,1,0,1,1,0
1241,258333,0.50306825,-0.89750406,0.47425240,0.13254236,-0.34645785,0.31486859,1,0,1,1,0
1242,258541,0.56927655,-0.90527935,0.42347692,0.15999149,-0.33902292,0.31509540,1,0,1,1,0
1243,258749,0.61219228,-0.91025657,0.36810190,0.17197517,-0.30646090,0.27863115,1,0,1,1,0
1244,258958,0.67520614,-0.91231064,0.31698472,0.18643115,-0.29132775,0.26443632,1,0,1,1,0
1245,259166,0.70855201,-0.89800346,0.24803118,0.18140542,-0.27037271,0.24654899,1,0,1,1,0
1246,259375,0.77034924,-0.87984311,0.19211796,0.20765025,-0.25419227,0.21801179,1,0,1,1,0
1247,259583,0.80612463,-0.86232810,0.13023048,0.18296699,-0.24560146,0.20680521,1,0,1,1,0
1248,259791,0.83871122,-0.84139384,0.06115115,0.19650980,-0.21832710,0.18715220,1,0,1,1,0
1249,260000,0.86524774,-0.81517247,-0.00076734,0.20885775,-0.21055320,0.19515456,0,0,0,0,0
1250,260208,0.91142186,-0.77425120,-0.06942239,0.22563102,-0.20844790,0.15212966,0,0,0,0,0
1251,260416,0.93741422,-0.73157469,-0.13841109,0.21296702,-0.18976096,0.18226346,0,0,0,0,0
1252,260625,0.94774836,-0.70065786,-0.19667888,0.24415795,-0.20432054,0.15504620,0,0,0,0,0
1253,260833,0.96739896,-0.66093315,-0.27375235,0.24499815,-0.18054675,0.14965116,0,0,0,0,0
1254,261041,0.97729676,-0.60738182,-0.33220692,0.25365369,-0.19076510,0.12260881,0,0,0,0,0
1255,261249,0.99052443,-0.54946997,-0.40189826,0.25650789,-0.19593745,0.10005079,0,0,0,0,0
1256,261458,0.99957031,-0.50147746,-0.44740542,0.26525747,-0.17652296,0.09856169,0,0,0,0,0
1257,261666,0.99594267,-0.43682253,-0.51567995,0.25667291,-0.17003639,0.09524750,0,0,0,0,0
1258,261875,0.99323262,-0.38286782,-0.57144432,0.28432200,-0.15912599,0.08954954,0,0,0,0,0
1259,262083,0.98690066,-0.32733226,-0.63251911,0.26910053,-0.13527978,0.06733845,0,0,0,0,0
1260,262291,0.97603230,-0.26339782,-0.68242304,0.30197706,-0.10742917,0.05065032,0,0,0,0,0
1261,262500,0.94938978,-0.21392275,-0.72924368,0.26820231,-0.12491160,0.06957825,0,0,0,0,0
1262,262708,0.93476178,-0.13058364,-0.76908834,0.27446501,-0.10040857,0.04788026,0,0,0,0,0
1263,262916,0.90327540,-0.06746687,-0.80849606,0.27421987,-0.10689669,0.03148272,0,0,0,0,0
1264,263125,0.87714313,-0.01092854,-0.85566975,0.26908787,-0.08475935,0.02124284,0,0,0,0,0
1265,263333,0.84813329,0.05034602,-0.89330477,0.27608087,-0.07479202,0.02536098,0,0,0,0,0
1266,263541,0.80635666,0.11657298,-0.91918437,0.28498896,-0.06972241,-0.01292020,0,0,0,0,0
1267,263750,0.76667114,0.19652385,-0.94868376,0.25718513,-0.03252115,-0.02046366,0,0,0,0,0
1268,263958,0.72593814,0.25484419,-0.97380234,0.27458660,-0.00907482,-0.02602872,0,0,0,0,0
1269,264166,0.69047380,0.31284576,-0.99816999,0.25578345,-0.00917577,-0.02943225,0,0,0,0,0
1270,264375,0.62623236,0.38257699,-1.00589389,0.25780409,0.00013869,-0.02272261,0,0,0,0,0
1271,264583,0.58310627,0.43932638,-1.02086161,0.25645601,0.02641542,-0.05474649,0,0,0,0,0
1272,264791,0.53282255,0.50623778,-1.03379279,0.25052711,0.03546886,-0.03966824,0,0,0,0,0
1273,265000,0.47318658,0.55987706,-1.02306215,0.23234583,0.04499954,-0.06270190,0,0,0,0,0
1274,265208,0.40727439,0.60923055,-1.02522645,0.21730600,0.06148456,-0.06003843,0,0,0,0,0
1275,265416,0.34381689,0.65759099,-1.02317696,0.21561981,0.08057695,-0.05916077,0,0,0,0,0
1276,265625,0.29018842,0.72274955,-0.99770492,0.19906722,0.10489771,-0.04954052,0,0,0,0,0
1277,265833,0.21635518,0.76177239,-0.99824029,0.17272396,0.11238078,-0.06080447,0,0,0,0,0
1278,266041,0.15398336,0.80130239,-0.97235484,0.16244734,0.12557267,-0.05998362,0,0,0,0,0
1279,266250,0.09382128,0.84876734,-0.94202391,0.15867123,0.15437327,-0.04386709,0,0,0,0,0
1280,266458,0.02526479,0.88534046,-0.92329412,0.13531951,0.16977380,-0.04785933,0,0,0,0,0
1281,266666,-0.05176067,0.90919056,-0.89262289,0.12606824,0.18985428,-0.05338973,0,0,0,0,0
1282,266875,-0.11252756,0.95442395,-0.85269953,0.09268727,0.20175245,-0.06146496,0,0,0,0,0
1283,267083,-0.18680444,0.96845660,-0.82267921,0.07162455,0.21106526,-0.07308157,0,0,0,0,0
1284,267291,-0.24213432,0.99192981,-0.77077833,0.05460867,0.21468501,-0.06295022,0,0,0,0,0
1285,267500,-0.31487287,1.00744101,-0.73358497,0.04564172,0.23112802,-0.03807282,0,0,0,0,0
1286,267708,-0.36761892,1.01942113,-0.68034173,0.04453364,0.25452228,-0.04092181,0,0,0,0,0
1287,267916,-0.44161294,1.04165359,-0.63171138,-0.00170861,0.26552635,-0.05448450,0,0,0,0,0
1288,268125,-0.49279717,1.03485914,-0.57589890,-0.00379088,0.29898322,-0.06293023,0,0,0,0,0
1289,268333,-0.54951597,1.02326952,-0.52572686,-0.02642263,0.28248348,-0.06620501,0,0,0,0,0
1290,268541,-0.61093535,1.02053889,-0.46840390,-0.04272420,0.29138595,-0.05855476,0,0,0,0,0
1291,268750,-0.66773541,1.01746212,-0.40995672,-0.04869952,0.31398559,-0.05210318,0,0,0,0,0
1292,268958,-0.70438562,0.99932293,-0.34193008,-0.06500652,0.30168822,-0.02751196,0,0,0,0,0
1293,269166,-0.75180704,0.98838145,-0.29550415,-0.08327733,0.30325271,-0.03355740,0,0,0,0,0
1294,269375,-0.80079103,0.96553620,-0.22832499,-0.09858936,0.30502650,-0.01990023,0,0,0,0,0
1295,269583,-0.83845848,0.93605413,-0.15015448,-0.09087641,0.28255842,-0.01313067,0,0,0,0,0
1296,269791,-0.86997902,0.90957881,-0.09804900,-0.10926339,0.30489720,-0.00692944,0,0,0,0,0
1297,270000,-0.91101289,0.88293666,-0.02873291,-0.12264187,0.30756398,0.01727330,0,0,0,0,0
1298,270208,-0.94222780,0.84765394,0.02545482,-0.12157443,0.31369350,0.01003984,0,0,0,0,0
1299,270416,-0.97314333,0.80088861,0.09265048,-0.15843204,0.30048379,0.03929648,0,0,0,0,0
1300,270625,-0.99187944,0.75636643,0.16261873,-0.17194500,0.29585765,0.02456250,0,0,0,0,0
1301,270833,-1.01009714,0.72187251,0.22738815,-0.18742836,0.27753811,0.06276862,0,0,0,0,0
1302,271041,-1.01213301,0.65505310,0.29388773,-0.17253860,0.30372938,0.08050445,0,0,0,0,0
1303,271250,-1.03939039,0.60875702,0.34304588,-0.20301127,0.29654470,0.07812866,0,0,0,0,0
1304,271458,-1.04585930,0.56517953,0.40327713,-0.23052407,0.28132755,0.10806944,0,0,0,0,0
1305,271666,-1.04838004,0.50591423,0.46976516,-0.23659940,0.28920247,0.10658043,0,0,0,0,0
1306,271875,-1.04401051,0.44795137,0.52549571,-0.23339258,0.28858212,0.12667437,0,0,0,0,0
1307,272083,-1.03936407,0.38153418,0.57153918,-0.23768245,0.27916632,0.11630671,0,0,0,0,0
1308,272291,-1.01598059,0.32541100,0.62671518,-0.26756946,0.27451457,0.13271059,0,0,0,0,0
1309,272500,-1.01153954,0.24962889,0.67016062,-0.26812234,0.27173832,0.14788926,0,0,0,0,0
1310,272708,-0.98535725,0.19012083,0.72371771,-0.26625089,0.25693726,0.15380514,0,0,0,0,0
1311,272916,-0.96179865,0.12011730,0.75677558,-0.25925916,0.24860761,0.16482638,0,0,0,0,0
1312,273125,-0.93567114,0.06222878,0.79892861,-0.25607763,0.21525227,0.18081815,0,0,0,0,0
1313,273333,-0.90035599,0.00139354,0.83220169,-0.27837208,0.22091086,0.20599910,0,0,0,0,0
1314,273541,-0.87017841,-0.07122916,0.86612375,-0.28139878,0.21236011,0.20442744,0,0,0,0,0
1315,273750,-0.83567106,-0.14351105,0.89594891,-0.28865186,0.21028592,0.20906236,0,0,0,0,0
1316,273958,-0.78718222,-0.20448330,0.90985486,-0.28780194,0.18559010,0.21102194,0,0,0,0,0
1317,274166,-0.73658217,-0.26597457,0.93143890,-0.27309605,0.17810703,0.23963908,0,0,0,0,0
1318,274375,-0.68288718,-0.33909340,0.93739922,-0.29313110,0.16742363,0.21908255,0,0,0,0,0
1319,274583,-0.64758749,-0.39430427,0.95756515,-0.30635306,0.14146875,0.22470785,0,0,0,0,0
1320,274791,-0.58220615,-0.46080846,0.95923380,-0.27993165,0.14504085,0.24474370,0,0,0,0,0
1321,275000,-0.53371874,-0.50904788,0.95157910,-0.27479616,0.11513110,0.22314834,0,0,0,0,0
1322,275208,-0.47319952,-0.57062707,0.95340803,-0.28802270,0.10109345,0.22496685,0,0,0,0,0
1323,275416,-0.41045233,-0.62373525,0.94802270,-0.26494499,0.08456743,0.24109172,0,0,0,0,0
1324,275625,-0.36577799,-0.67882232,0.94188980,-0.25430973,0.10251509,0.23794995,0,0,0,0,0
1325,275833,-0.28584155,-0.72237512,0.91507895,-0.24574322,0.06972432,0.21117560,0,0,0,0,0
1326,276041,-0.22111331,-0.78899915,0.89200987,-0.25233523,0.05038739,0.22131706,0,0,0,0,0
1327,276250,-0.17058562,-0.82676958,0.88588032,-0.21641255,0.01265217,0.22360623,0,0,0,0,0
1328,276458,-0.09194423,-0.86473306,0.85798977,-0.21516597,0.01609008,0.21031371,0,0,0,0,0
1329,276666,-0.01789916,-0.89801919,0.82082298,-0.20757295,-0.00235727,0.21746405,0,0,0,0,0
1330,276875,0.04119385,-0.91943478,0.79393457,-0.17998365,-0.00352988,0.20924901,0,0,0,0,0
1331,277083,0.11801833,-0.94854719,0.75076207,-0.18215489,-0.03789999,0.21452327,0,0,0,0,0
1332,277291,0.17500261,-0.97016905,0.71174718,-0.16095727,-0.05909332,0.21102233,0,0,0,0,0
1333,277500,0.24426693,-0.99490112,0.65940485,-0.16279949,-0.06856358,0.21153890,0,0,0,0,0
1334,277708,0.30085568,-0.99346547,0.61051203,-0.12633661,-0.05945836,0.19984922,0,0,0,0,0
1335,277916,0.36910464,-1.01410216,0.56052426,-0.12382501,-0.08163885,0.19399355,0,0,0,0,0
1336,278125,0.41791703,-1.02406256,0.51412356,-0.10219988,-0.08130062,0.18058709,0,0,0,0,0
1337,278333,0.48515398,-1.02893589,0.45672321,-0.12081821,-0.09964803,0.20152361,0,0,0,0,0
1338,278541,0.54553881,-1.02841294,0.38886864,-0.09177269,-0.11454944,0.18265668,0,0,0,0,0
1339,278750,0.58340466,-1.02224238,0.32826810,-0.08475109,-0.10161499,0.17621276,0,0,0,0,0
1340,278958,0.64085214,-0.99898603,0.27457533,-0.06861690,-0.10394690,0.16400390,0,0,0,0,0
1341,279166,0.67657505,-0.98635990,0.21965721,-0.05088307,-0.13344946,0.15178415,0,0,0,0,0
1342,279375,0.72762979,-0.97254971,0.15485973,-0.03433839,-0.11524255,0.14069397,0,0,0,0,0
1343,279583,0.76869264,-0.93164512,0.09612779,-0.03008005,-0.11618322,0.14885176,0,0,0,0,0
1344,279791,0.80285273,-0.91839019,0.03165028,-0.02626577,-0.11089980,0.12243470,0,0,0,0,0
1345,280000,0.84763565,-0.89017232,-0.03554621,-0.01923151,-0.11946076,0.09609190,0,0,0,0,0
1346,280208,0.87908197,-0.85470827,-0.10065415,-0.01363782,-0.10231258,0.07775902,0,0,0,0,0
1347,280416,0.89857892,-0.80941712,-0.15580333,0.00987667,-0.12593107,0.05608739,0,0,0,0,0
1348,280625,0.92460608,-0.77441546,-0.23516391,0.01240335,-0.11529236,0.05166622,0,0,0,0,0
1349,280833,0.94068777,-0.74743280,-0.29521291,0.03299078,-0.11579306,0.03209242,0,0,0,0,0
1350,281041,0.95624515,-0.68831250,-0.34251341,0.05156586,-0.11647510,-0.00889083,0,0,0,0,0
1351,281250,0.97687107,-0.63875012,-0.41043950,0.02889537,-0.13859123,-0.01232464,0,0,0,0,0
1352,281458,0.97525899,-0.58025400,-0.46604785,0.04802343,-0.10809016,-0.01199338,0,0,0,0,0
1353,281666,0.97707435,-0.52667420,-0.53262247,0.05759300,-0.10971199,-0.03497156,0,0,0,0,0
1354,281875,0.97796530,-0.46390759,-0.58825860,0.05435781,-0.09920453,-0.05778851,0,0,0,0,0
1355,282083,0.97100965,-0.41801109,-0.63623782,0.06663316,-0.10797989,-0.07187321,0,0,0,0,0
1356,282291,0.97197481,-0.34128286,-0.68039305,0.08952553,-0.11570728,-0.08661240,0,0,0,0,0
1357,282500,0.94534520,-0.29258840,-0.72318707,0.09894535,-0.11110155,-0.11644857,0,0,0,0,0
1358,282708,0.93964498,-0.22131058,-0.77015711,0.08763925,-0.08669445,-0.12840039,0,0,0,0,0
1359,282916,0.90982632,-0.15634108,-0.81709854,0.09944625,-0.07197317,-0.15129936,0,0,0,0,0
1360,283125,0.87972539,-0.09942722,-0.84557781,0.09404392,-0.07873660,-0.14233684,0,0,0,0,0
1361,283333,0.84942226,-0.02667108,-0.87956688,0.12418168,-0.07465832,-0.16056202,0,0,0,0,0
1362,283541,0.80507821,0.03797070,-0.91422210,0.09380449,-0.05881685,-0.18595506,0,0,0,0,0
1363,283750,0.78076070,0.10514337,-0.93495237,0.09667490,-0.06168161,-0.18643689,0,0,0,0,0
1364,283958,0.74306980,0.16877097,-0.95962639,0.10608659,-0.05897236,-0.21023843,0,0,0,0,0
1365,284166,0.69739012,0.22770629,-0.98141926,0.10991163,-0.04003249,-0.23346943,0,0,0,0,0
1366,284375,0.64636300,0.28667171,-0.99526185,0.11227228,-0.02656197,-0.22659400,0,0,0,0,0
1367,284583,0.59122357,0.35372231,-1.00478234,0.11302153,-0.01186041,-0.23956366,0,0,0,0,0
1368,284791,0.54206840,0.41137627,-1.00201033,0.10200888,-0.00382306,-0.24625588,0,0,0,0,0
1369,285000,0.48821750,0.47305782,-0.99507084,0.10488235,0.00893352,-0.24412866,0,0,0,0,0
1370,285208,0.43260609,0.52522458,-0.98913030,0.09147473,0.02341140,-0.24552587,0,0,0,0,0
1371,285416,0.37114933,0.57470471,-0.99023482,0.10107220,0.01369624,-0.25559972,0,0,0,0,0
1372,285625,0.32013714,0.63698695,-0.96346428,0.08126053,0.02599445,-0.25396693,0,0,0,0,0
1373,285833,0.24854502,0.67322435,-0.95696361,0.06929989,0.02752995,-0.27984748,0,0,0,0,0
1374,286041,0.18220781,0.72090385,-0.93313019,0.07607441,0.07569933,-0.27257901,0,0,0,0,0
1375,286250,0.11980859,0.76657133,-0.91455172,0.04603466,0.08136424,-0.27689740,0,0,0,0,0
1376,286458,0.06120917,0.79257886,-0.87462981,0.03898885,0.06814474,-0.29133767,0,0,0,0,0
1377,286666,-0.02195870,0.83328756,-0.84993934,0.02963182,0.08520744,-0.28261658,0,0,0,0,0
1378,286875,-0.08071494,0.86523076,-0.81141535,0.03224348,0.10559635,-0.27485525,0,0,0,0,0
1379,287083,-0.14570205,0.89576065,-0.77619195,0.00403463,0.09985025,-0.26025312,0,0,0,0,0
1380,287291,-0.21122964,0.92528496,-0.72752981,-0.01606273,0.11896403,-0.27930583,0,0,0,0,0
1381,287500,-0.26533093,0.93654670,-0.68374770,-0.01597694,0.11004416,-0.28268620,0,0,0,0,0
1382,287708,-0.33096967,0.95317607,-0.62584466,-0.04966473,0.11243187,-0.26669577,0,0,0,0,0
1383,287916,-0.39079988,0.95628641,-0.58371365,-0.04102776,0.13325362,-0.27494058,0,0,0,0,0
1384,288125,-0.44526858,0.96640610,-0.52901211,-0.05332807,0.14469350,-0.28048923,0,0,0,0,0
1385,288333,-0.50004929,0.94910339,-0.47018520,-0.06865143,0.14773541,-0.27495919,0,0,0,0,0
1386,288541,-0.55013451,0.96481420,-0.40163142,-0.07480652,0.13787789,-0.26219328,0,0,0,0,0
1387,288750,-0.60960836,0.95084563,-0.34143024,-0.08213883,0.12518707,-0.28201714,0,0,0,0,0
1388,288958,-0.64910232,0.94103569,-0.27944303,-0.09735394,0.15057308,-0.26045056,0,0,0,0,0
1389,289166,-0.68926366,0.91839278,-0.21573674,-0.09349109,0.13868257,-0.24951463,0,0,0,0,0
1390,289375,-0.74209618,0.89804329,-0.15428178,-0.09423088,0.14944301,-0.24522240,0,0,0,0,0
1391,289583,-0.77314845,0.88553875,-0.09337125,-0.09939654,0.11533451,-0.23341500,0,0,0,0,0
1392,289791,-0.81021233,0.85264789,-0.02791210,-0.11958660,0.12688841,-0.23352684,0,0,0,0,0
1393,290000,-0.85028289,0.82101552,0.04440576,-0.12442227,0.14946624,-0.20365806,0,0,0,0,0
1394,290208,-0.87449833,0.78908510,0.09850337,-0.13254980,0.10977785,-0.19421196,0,0,0,0,0
1395,290416,-0.90344887,0.74951333,0.17171087,-0.12908891,0.10990834,-0.17968829,0,0,0,0,0
1396,290625,-0.92019609,0.71023134,0.23783609,-0.13189414,0.09631378,-0.15605104,0,0,0,0,0
1397,290833,-0.94458709,0.66024898,0.29626098,-0.14648995,0.10689805,-0.14009883,0,0,0,0,0
1398,291041,-0.94031987,0.61999438,0.36211328,-0.16180601,0.09784543,-0.14139269,0,0,0,0,0
1399,291250,-0.95867271,0.56585341,0.41951033,-0.15538039,0.10167641,-0.11870348,0,0,0,0,0
1400,291458,-0.97514272,0.52487729,0.48008648,-0.16681166,0.10056598,-0.10501817,0,0,0,0,0
1401,291666,-0.97140633,0.46949903,0.54793523,-0.18471835,0.08842097,-0.09849465,0,0,0,0,0
1402,291875,-0.96717063,0.40834638,0.60034455,-0.17952425,0.09700956,-0.07723002,0,0,0,0,0
1403,292083,-0.95361435,0.35255529,0.65258575,-0.18201713,0.08710076,-0.07861249,0,0,0,0,0
1404,292291,-0.94158528,0.28653436,0.71213046,-0.17862210,0.07446973,-0.05606879,0,0,0,0,0
1405,292500,-0.93407388,0.21983212,0.74970765,-0.16856543,0.07633027,-0.01322327,0,0,0,0,0
1406,292708,-0.90392110,0.16611660,0.80141383,-0.16360771,0.03869196,-0.04110064,0,0,0,0,0
1407,292916,-0.87650064,0.10715614,0.84204528,-0.15960432,0.06151249,-0.01911360,0,0,0,0,0
1408,293125,-0.86685536,0.02340399,0.87761184,-0.19405590,0.01717700,0.00290547,0,0,0,0,0
1409,293333,-0.82195909,-0.03506873,0.91204406,-0.16456719,0.00791388,0.02243658,0,0,0,0,0
1410,293541,-0.79451239,-0.10228301,0.94203798,-0.18536809,0.00194718,0.05064847,0,0,0,0,0
1411,293750,-0.75191828,-0.16092777,0.96981012,-0.16752479,-0.00464024,0.03845784,0,0,0,0,0
1412,293958,-0.70196206,-0.22609431,0.98766988,-0.17160359,-0.02025845,0.04186042,0,0,0,0,0
1413,294166,-0.65336562,-0.28994250,1.01190165,-0.17714095,-0.04526007,0.06263960,0,0,0,0,0
1414,294375,-0.60711863,-0.35069235,1.02518089,-0.17015140,-0.03706373,0.08367377,0,0,0,0,0
1415,294583,-0.56310580,-0.40674644,1.04007818,-0.17408451,-0.06225744,0.05969736,0,0,0,0,0
1416,294791,-0.50843542,-0.46707789,1.04176458,-0.15732498,-0.08142417,0.10243285,0,0,0,0,0
1417,295000,-0.45315331,-0.52082652,1.03566595,-0.13933262,-0.08574016,0.09292437,0,0,0,0,0
1418,295208,-0.39465865,-0.57897031,1.04427457,-0.13681893,-0.09692501,0.08440163,0,0,0,0,0
1419,295416,-0.33193057,-0.63052006,1.02051111,-0.11312300,-0.10849538,0.10241212,0,0,0,0,0
1420,295625,-0.27708906,-0.67996305,1.01682804,-0.10387032,-0.12912194,0.12826672,0,0,0,0,0
1421,295833,-0.22064786,-0.72400410,0.99139888,-0.11991694,-0.15387994,0.10442493,0,0,0,0,0
1422,296041,-0.14775033,-0.77335187,0.96895598,-0.08174676,-0.16765686,0.09980997,0,0,0,0,0
1423,296250,-0.07657747,-0.81596195,0.95770096,-0.06904423,-0.18356098,0.09969698,0,0,0,0,0
1424,296458,-0.00944148,-0.85488566,0.92977736,-0.07094690,-0.17524548,0.11599570,0,0,0,0,0
1425,296666,0.05386659,-0.88382064,0.89836493,-0.05093608,-0.20642729,0.11711440,0,0,0,0,0
1426,296875,0.11327875,-0.91146634,0.86359886,-0.02204194,-0.20761641,0.08768031,0,0,0,0,0
1427,297083,0.19017169,-0.93913386,0.83341449,-0.01216516,-0.21958308,0.12032154,0,0,0,0,0
1428,297291,0.25227551,-0.95658491,0.77952381,0.00842439,-0.24355015,0.11956748,0,0,0,0,0
1429,297500,0.30998728,-0.97322216,0.73723448,0.03115874,-0.28198033,0.12942818,0,0,0,0,0
1430,297708,0.37717357,-0.99334423,0.67636827,0.05076692,-0.23498753,0.11570196,0,0,0,0,0
1431,297916,0.44529643,-0.98643118,0.63412618,0.08741855,-0.27642433,0.12987097,0,0,0,0,0
1432,298125,0.49922839,-0.99861732,0.58708039,0.07689694,-0.29201152,0.11899797,0,0,0,0,0
1433,298333,0.55764161,-1.00581217,0.52138562,0.06571139,-0.28155718,0.12377873,0,0,0,0,0
1434,298541,0.60452708,-0.98475678,0.45940220,0.09964754,-0.29507788,0.11885637,0,0,0,0,0
1435,298750,0.65778349,-0.97917945,0.39732947,0.10364473,-0.30472261,0.13541526,0,0,0,0,0
1436,298958,0.70975483,-0.97065003,0.33667178,0.13455412,-0.29452850,0.10620161,0,0,0,0,0
1437,299166,0.75210972,-0.94661166,0.27615040,0.13090374,-0.26544710,0.10839185,0,0,0,0,0
1438,299375,0.78900465,-0.92986148,0.21517436,0.14207598,-0.26786567,0.12211032,0,0,0,0,0
1439,299583,0.82757352,-0.89518408,0.14725340,0.16168913,-0.27369127,0.09291763,0,0,0,0,0
1440,299791,0.87640275,-0.87841812,0.09281913,0.15768481,-0.27158773,0.08782041,0,0,0,0,0
1441,300000,0.89967858,-0.84720165,0.01705820,0.19113524,-0.27817075,0.08280608,0,0,0,0,0
1442,300208,0.94337104,-0.81259130,-0.03394648,0.17346677,-0.27287639,0.03993978,0,0,0,0,0
1443,300416,0.95382921,-0.76437912,-0.10328353,0.20834053,-0.27558525,0.04288506,0,0,0,0,0
1444,300625,0.98855264,-0.72738158,-0.17429508,0.20610242,-0.27075297,0.02565565,0,0,0,0,0
1445,300833,0.99570253,-0.69381298,-0.23970083,0.21772166,-0.25556034,0.03433640,0,0,0,0,0
1446,301041,1.01737359,-0.64172066,-0.29764308,0.24326428,-0.26352880,0.00777915,0,0,0,0,0
1447,301250,1.02848049,-0.57690199,-0.35798693,0.24425739,-0.25715122,-0.00809408,0,0,0,0,0
1448,301458,1.02304005,-0.52736523,-0.41625263,0.24618968,-0.24518403,-0.01706935,0,0,0,0,0
1449,301666,1.03995483,-0.46716838,-0.48219768,0.25489547,-0.25133580,-0.02192136,0,0,0,0,0
1450,301875,1.02501637,-0.41220222,-0.53289326,0.27103405,-0.24058600,-0.03673021,0,0,0,0,0
1451,302083,1.01624824,-0.35078032,-0.58478053,0.27695908,-0.24332354,-0.03463908,0,0,0,0,0
1452,302291,0.99347878,-0.29451866,-0.64364405,0.28403199,-0.23324598,-0.04925277,0,0,0,0,0
1453,302500,0.99563044,-0.22786404,-0.69199453,0.27025211,-0.20161998,-0.04687928,0,0,0,0,0
1454,302708,0.97143700,-0.16754455,-0.73753870,0.28828767,-0.20546501,-0.06581192,0,0,0,0,0
1455,302916,0.94565797,-0.08730432,-0.78135201,0.27965710,-0.17478474,-0.08279469,0,0,0,0,0
1456,303125,0.92936386,-0.03300833,-0.80978713,0.29978399,-0.17670558,-0.09671630,0,0,0,0,0
1457,303333,0.88988831,0.03355170,-0.85889880,0.28162358,-0.14883763,-0.11737785,0,0,0,0,0
1458,303541,0.86206258,0.09841262,-0.88606862,0.30295779,-0.15736441,-0.11008532,0,0,0,0,0
1459,303750,0.81057969,0.16572207,-0.90644383,0.30224781,-0.14007857,-0.11440464,0,0,0,0,0
1460,303958,0.78005524,0.22386969,-0.94101755,0.28042570,-0.13146027,-0.13169911,0,0,0,0,0
1461,304166,0.71926478,0.30394400,-0.95582970,0.30353134,-0.10817077,-0.13419659,0,0,0,0,0
1462,304375,0.66960855,0.35343145,-0.96943729,0.29195914,-0.07673992,-0.13143209,0,0,0,0,0
1463,304583,0.61684459,0.42632011,-0.98088924,0.28135723,-0.08199024,-0.15186167,0,0,0,0,0
1464,304791,0.57430841,0.49107499,-0.97933562,0.26558175,-0.06622087,-0.13647422,0,0,0,0,0
1465,305000,0.51329145,0.53931301,-0.98044129,0.26658769,-0.04429041,-0.15010101,0,0,0,0,0
1466,305208,0.44811575,0.59836468,-0.98071678,0.26001995,-0.04135324,-0.14469105,0,0,0,0,0
1467,305416,0.39199659,0.64721947,-0.97797792,0.26388986,-0.02194218,-0.16503034,0,0,0,0,0
1468,305625,0.31952782,0.71252406,-0.97059589,0.22820059,0.00520088,-0.14899896,0,0,0,0,0
1469,305833,0.25909395,0.74916304,-0.95636197,0.23347628,0.01994620,-0.14795184,0,0,0,0,0
1470,306041,0.20118762,0.79699603,-0.93045431,0.23284787,0.05215990,-0.16405062,0,0,0,0,0
1471,306250,0.13155138,0.84332438,-0.90616206,0.21585693,0.05111630,-0.14085515,0,0,0,0,0
1472,306458,0.06260514,0.87683130,-0.87612405,0.16620974,0.05950674,-0.15418367,0,0,0,0,0
1473,306666,-0.00427474,0.90934189,-0.85016281,0.19507494,0.08139718,-0.13040515,0,0,0,0,0
1474,306875,-0.07143946,0.94760804,-0.81887431,0.13968894,0.10438510,-0.14710642,0,0,0,0,0
1475,307083,-0.14724172,0.96487812,-0.77477804,0.14929545,0.11053006,-0.12494822,0,0,0,0,0
1476,307291,-0.19147834,0.99038386,-0.73666634,0.11676305,0.14416860,-0.14511081,0,0,0,0,0
1477,307500,-0.26767709,1.00556762,-0.69661469,0.11504761,0.14952263,-0.13126931,0,0,0,0,0
1478,307708,-0.33911306,1.02385766,-0.64502411,0.09650447,0.15794065,-0.13862913,0,0,0,0,0
1479,307916,-0.40498150,1.03397746,-0.59325621,0.06896872,0.16524049,-0.12889542,0,0,0,0,0
1480,308125,-0.46086143,1.02326078,-0.54177516,0.06812630,0.17648802,-0.11929467,0,0,0,0,0
1481,308333,-0.51368747,1.03838992,-0.49093345,0.05736256,0.17462563,-0.10462671,0,0,0,0,0
1482,308541,-0.56641541,1.02961564,-0.43185033,0.05141061,0.19645721,-0.10910811,0,0,0,0,0
1483,308750,-0.61867239,1.02115261,-0.36790456,0.01536403,0.19151049,-0.11608141,0,0,0,0,0
1484,308958,-0.67102770,1.00287372,-0.30766922,0.01627281,0.18813509,-0.10655269,0,0,0,0,0
1485,309166,-0.70929797,0.99411364,-0.24661490,-0.00943822,0.19435935,-0.09950884,0,0,0,0,0
1486,309375,-0.75581804,0.96683462,-0.17768595,0.00095324,0.20235911,-0.06561895,0,0,0,0,0
1487,309583,-0.79581102,0.96385292,-0.12318149,0.00157251,0.18347716,-0.07813435,0,0,0,0,0
1488,309791,-0.83836394,0.92600948,-0.06199312,-0.01415054,0.20358410,-0.05239519,0,0,0,0,0
1489,310000,-0.87691458,0.88867466,-0.00339304,-0.03814093,0.18602620,-0.03266705,0,0,0,0,0
1490,310208,-0.90155744,0.85600520,0.06501990,-0.06121629,0.20610428,-0.00471202,0,0,0,0,0
1491,310416,-0.94187744,0.81157498,0.12902808,-0.06287216,0.20425622,-0.00463368,0,0,0,0,0
1492,310625,-0.94806394,0.77905840,0.19335627,-0.05937483,0.21980052,0.01091456,0,0,0,0,0
1493,310833,-0.98400699,0.73564241,0.26008294,-0.08966520,0.21653864,0.01283263,0,0,0,0,0
1494,311041,-0.99181452,0.68126844,0.31925783,-0.11167050,0.20907389,0.05238347,0,0,0,0,0
1495,311250,-0.99983144,0.63014546,0.36916303,-0.13314637,0.20795919,0.05801375,0,0,0,0,0
1496,311458,-1.01181489,0.58194448,0.43740155,-0.12120383,0.20429006,0.07742014,0,0,0,0,0
1497,311666,-1.01790216,0.51367903,0.48458870,-0.11536195,0.21001258,0.07823067,0,0,0,0,0
1498,311875,-1.00813168,0.46713907,0.55132206,-0.13802140,0.21884910,0.08235621,0,0,0,0,0
1499,312083,-1.00482032,0.40859274,0.59992924,-0.13892082,0.19569907,0.10676383,0,0,0,0,0
1500,312291,-0.99300593,0.33532978,0.64946732,-0.14774499,0.17602587,0.14516899,0,0,0,0,0
1501,312500,-0.97340084,0.27920369,0.69522689,-0.15347835,0.17726907,0.13501026,0,0,0,0,0
1502,312708,-0.95454445,0.21170588,0.74045604,-0.17570532,0.16137036,0.12575456,0,0,0,0,0
1503,312916,-0.93765838,0.14860746,0.79537973,-0.16839208,0.17402659,0.16521725,0,0,0,0,0
1504,313125,-0.91202494,0.08525727,0.81888714,-0.16461878,0.16097033,0.19357270,0,0,0,0,0
1505,313333,-0.88183445,0.01726839,0.85590646,-0.19306712,0.15659451,0.20829671,0,0,0,0,0
1506,313541,-0.84677493,-0.05436703,0.88352215,-0.17917202,0.13410066,0.20598298,0,0,0,0,0
1507,313750,-0.80583687,-0.11087360,0.90660314,-0.18352230,0.13697389,0.21205578,0,0,0,0,0
1508,313958,-0.76385041,-0.17115346,0.93539196,-0.17652678,0.11631758,0.22760306,0,0,0,0,0
1509,314166,-0.72056252,-0.24507693,0.94828702,-0.16188157,0.11041843,0.22990064,0,0,0,0,0
1510,314375,-0.67313966,-0.30543196,0.95900782,-0.18517816,0.09567836,0.22986914,0,0,0,0,0
1511,314583,-0.63005933,-0.36941934,0.97836107,-0.17174857,0.11247324,0.24022547,0,0,0,0,0
1512,314791,-0.56632865,-0.42996817,0.97866642,-0.18138833,0.07426385,0.26006316,0,0,0,0,0
1513,315000,-0.52019068,-0.48596783,0.97543657,-0.18275111,0.06838238,0.25473165,0,0,0,0,0
1514,315208,-0.45741012,-0.54092777,0.97530539,-0.16579974,0.07065118,0.25189618,0,0,0,0,0
1515,315416,-0.40769818,-0.59464296,0.96611637,-0.16940758,0.04194331,0.26270992,0,0,0,0,0
1516,315625,-0.33423786,-0.65441438,0.95758908,-0.14688863,0.03232939,0.26991162,0,0,0,0,0
1517,315833,-0.28301069,-0.68994998,0.92855886,-0.14083209,0.02144878,0.27467891,0,0,0,0,0
1518,316041,-0.21247874,-0.74126141,0.90446532,-0.14899729,-0.01496470,0.26522375,0,0,0,0,0
1519,316250,-0.13801746,-0.78155622,0.88978550,-0.11872261,0.00046757,0.28068565,0,0,0,0,0
1520,316458,-0.07250682,-0.82496447,0.85160700,-0.12523887,-0.02450402,0.25367786,0,0,0,0,0
1521,316666,-0.02221538,-0.85115041,0.82767725,-0.11295765,-0.01993876,0.27417912,0,0,0,0,0
1522,316875,0.05703282,-0.89376873,0.79112790,-0.08989059,-0.04884350,0.26351924,0,0,0,0,0
1523,317083,0.11315735,-0.92021365,0.74055042,-0.09481179,-0.04795085,0.24766432,0,0,0,0,0
1524,317291,0.17765708,-0.92897909,0.69858101,-0.06709964,-0.08313306,0.26194216,0,0,0,0,0
1525,317500,0.24822144,-0.96105957,0.65960202,-0.03900315,-0.07018549,0.25194065,0,0,0,0,0
1526,317708,0.30721865,-0.96625873,0.61126430,-0.04961572,-0.09644070,0.25995045,0,0,0,0,0
1527,317916,0.37408946,-0.97945054,0.55910351,-0.02591520,-0.10528757,0.24526016,0,0,0,0,0
1528,318125,0.42748890,-0.98093281,0.51399285,-0.02600752,-0.09387969,0.25126252,0,0,0,0,0
1529,318333,0.49241962,-0.98448782,0.45479823,0.00020238,-0.12106465,0.23084362,0,0,0,0,0
1530,318541,0.53400677,-0.98621269,0.38890501,0.00064102,-0.11410459,0.24025914,0,0,0,0,0
1531,318750,0.58751831,-0.98016402,0.32428002,-0.00387625,-0.10445107,0.23853735,0,0,0,0,0
1532,318958,0.64015294,-0.96349247,0.27099337,0.01261731,-0.10233362,0.24275781,0,0,0,0,0
1533,319166,0.68143181,-0.94921876,0.21258964,0.01048482,-0.11187418,0.22742333,0,0,0,0,0
1534,319375,0.72089605,-0.93472102,0.15252325,0.02289054,-0.08886096,0.21403378,0,0,0,0,0
1535,319583,0.77386231,-0.90330403,0.08890088,0.03287071,-0.11717123,0.20501237,0,0,0,0,0
1536,319791,0.80078286,-0.88059206,0.02078220,0.03935864,-0.12122057,0.17616584,0,0,0,0,0
1537,320000,0.82521789,-0.84626668,-0.05289897,0.03694859,-0.11298616,0.14778425,0,0,0,0,0
1538,320208,0.86934036,-0.81974580,-0.12116705,0.05794151,-0.12553805,0.16141491,0,0,0,0,0
1539,320416,0.90376232,-0.78276970,-0.16298451,0.07312688,-0.09538232,0.13378259,0,0,0,0,0
1540,320625,0.91221243,-0.73358850,-0.23912944,0.08457132,-0.10755364,0.10761495,0,0,0,0,0
1541,320833,0.92384118,-0.70276294,-0.29450268,0.07520728,-0.11945279,0.09733045,0,0,0,0,0
1542,321041,0.95218088,-0.64446944,-0.36161228,0.06964037,-0.08997059,0.08215757,0,0,0,0,0
1543,321250,0.96009574,-0.59623516,-0.43611033,0.10980609,-0.10100195,0.06982997,0,0,0,0,0
1544,321458,0.96599773,-0.54198415,-0.47865717,0.11385438,-0.11014703,0.04123183,0,0,0,0,0
1545,321666,0.96686672,-0.49854707,-0.53836165,0.08609853,-0.08215374,0.04572368,0,0,0,0,0
1546,321875,0.95843289,-0.42479283,-0.60070294,0.12708259,-0.10297644,0.03698740,0,0,0,0,0
1547,322083,0.96135762,-0.37651527,-0.64903026,0.11981317,-0.07681176,0.03183556,0,0,0,0,0
1548,322291,0.94149141,-0.31996006,-0.69980014,0.11608466,-0.07768675,-0.01284558,0,0,0,0,0
1549,322500,0.92632830,-0.25916556,-0.74497817,0.13623782,-0.05439381,-0.03264196,0,0,0,0,0
1550,322708,0.91362712,-0.18419836,-0.79701505,0.12369981,-0.06134052,-0.00424795,0,0,0,0,0
1551,322916,0.88909757,-0.12219844,-0.84226403,0.13221019,-0.03415829,-0.04092834,0,0,0,0,0
1552,323125,0.86184225,-0.06199509,-0.88284880,0.14985795,-0.03888701,-0.03781300,0,0,0,0,0
1553,323333,0.82527745,0.00235705,-0.90672365,0.12864255,-0.04745377,-0.09250936,0,0,0,0,0
1554,323541,0.79632112,0.06758367,-0.93697490,0.13177859,-0.02551249,-0.09450989,0,0,0,0,0
1555,323750,0.74312339,0.12677409,-0.95849170,0.11488113,-0.00352436,-0.10635527,0,0,0,0,0
1556,323958,0.71379387,0.19377286,-0.98089898,0.13620618,-0.00922141,-0.12191351,0,0,0,0,0
1557,324166,0.67296497,0.26552650,-1.00693024,0.13083440,-0.00160814,-0.13021252,0,0,0,0,0
1558,324375,0.62084170,0.31529586,-1.01555239,0.11481399,0.01773090,-0.15506794,0,0,0,0,0
1559,324583,0.57225674,0.37913382,-1.01937386,0.09701675,0.04634659,-0.15574139,0,0,0,0,0
1560,324791,0.51603427,0.43841334,-1.02734747,0.12019679,0.03493181,-0.14699303,0,0,0,0,0
1561,325000,0.46238612,0.49389108,-1.02479626,0.11518371,0.06665968,-0.18152731,0,0,0,0,0
1562,325208,0.40270107,0.54835725,-1.02439879,0.07899812,0.07170176,-0.15599159,0,0,0,0,0
1563,325416,0.34300096,0.59549405,-1.00753832,0.10071693,0.09529165,-0.16238547,0,0,0,0,0
1564,325625,0.28879328,0.66419851,-1.00094787,0.07455548,0.11052296,-0.18609095,0,0,0,0,0
1565,325833,0.21977584,0.70402046,-0.97448139,0.08236207,0.09445410,-0.17025732,0,0,0,0,0
1566,326041,0.15963875,0.74859923,-0.96773655,0.07389035,0.11246208,-0.18148282,0,0,0,0,0
1567,326250,0.09089115,0.79683376,-0.94281513,0.03581582,0.14342512,-0.18537438,0,0,0,0,0
1568,326458,0.02921349,0.81971319,-0.90962121,0.05299276,0.15759589,-0.19970477,0,0,0,0,0
1569,326666,-0.04841981,0.85039769,-0.87664063,0.01969640,0.14991790,-0.18640586,0,0,0,0,0
1570,326875,-0.09797419,0.88993749,-0.84014968,-0.01914101,0.16649846,-0.19581319,0,0,0,0,0
1571,327083,-0.17100562,0.89982235,-0.79768073,-0.00248638,0.17621915,-0.20448049,0,0,0,0,0
1572,327291,-0.23182814,0.93000831,-0.76394091,-0.01484024,0.18963630,-0.18689926,0,0,0,0,0
1573,327500,-0.30150205,0.95295571,-0.71542948,-0.04648512,0.20325681,-0.20387272,0,0,0,0,0
1574,327708,-0.36064009,0.95975627,-0.66637564,-0.05655448,0.22971549,-0.19611609,0,0,0,0,0
1575,327916,-0.41641146,0.96562364,-0.60641620,-0.07384211,0.21017387,-0.21700517,0,0,0,0,0
1576,328125,-0.47687489,0.98125984,-0.55319924,-0.08545564,0.23132752,-0.20915562,0,0,0,0,0
1577,328333,-0.54080829,0.97206058,-0.49949098,-0.06858215,0.22583864,-0.20077675,0,0,0,0,0
1578,328541,-0.58311772,0.96929738,-0.44239265,-0.09286093,0.24519901,-0.20429017,0,0,0,0,0
1579,328750,-0.63641287,0.95785037,-0.38508836,-0.10250514,0.23915597,-0.19671286,0,0,0,0,0
1580,328958,-0.68297659,0.95528004,-0.31827659,-0.10750106,0.23617581,-0.18224035,0,0,0,0,0
1581,329166,-0.72602274,0.92881237,-0.24323572,-0.11586820,0.21162942,-0.17870461,0,0,0,0,0
1582,329375,-0.77176969,0.90654109,-0.19873922,-0.13452732,0.21511821,-0.16226963,0,0,0,0,0
1583,329583,-0.81348000,0.88512951,-0.13395902,-0.13671106,0.21490673,-0.16067879,0,0,0,0,0
1584,329791,-0.85287417,0.85955679,-0.06182977,-0.15637798,0.20930300,-0.15720387,0,0,0,0,0
1585,330000,-0.87751301,0.83389930,0.00903425,-0.18125663,0.20656987,-0.12109933,0,0,0,0,0
1586,330208,-0.90856977,0.79577299,0.06962414,-0.17826074,0.19164608,-0.13110232,0,0,0,0,0
1587,330416,-0.93770442,0.74958321,0.13171322,-0.18618113,0.21006124,-0.13295604,0,0,0,0,0
1588,330625,-0.94908792,0.72479317,0.20366040,-0.17037737,0.19714963,-0.10185777,0,0,0,0,0
1589,330833,-0.98100953,0.66984707,0.25675262,-0.19215145,0.18475531,-0.08655575,0,0,0,0,0
1590,331041,-0.99156777,0.61510932,0.33107727,-0.22743530,0.18092530,-0.06758477,0,0,0,0,0
1591,331250,-0.99385682,0.56652312,0.39000089,-0.21413960,0.19300090,-0.05947557,0,0,0,0,0
1592,331458,-1.00431345,0.50833834,0.45606890,-0.21168884,0.17038528,-0.06191676,0,0,0,0,0
1593,331666,-0.99876240,0.45801633,0.51602800,-0.22212827,0.17959195,-0.05185203,0,0,0,0,0
1594,331875,-0.99581081,0.39885577,0.55839469,-0.21804911,0.17449795,-0.03521356,0,0,0,0,0
1595,332083,-0.99006857,0.35128964,0.62176606,-0.23275334,0.16690655,0.00310980,0,0,0,0,0
1596,332291,-0.97312870,0.27840918,0.66895181,-0.24072650,0.13955175,0.00315456,0,0,0,0,0
1597,332500,-0.96132757,0.21178024,0.71345756,-0.25342961,0.16186814,0.01144599,0,0,0,0,0
1598,332708,-0.94246419,0.14352047,0.76651863,-0.27674519,0.12121472,0.00558934,0,0,0,0,0
1599,332916,-0.92276097,0.08940472,0.80662987,-0.25763396,0.11618868,0.02593256,0,0,0,0,0
1600,333125,-0.89849497,0.02000213,0.85245760,-0.22147339,0.10302439,0.04836899,0,0,0,0,0
1601,333333,-0.85434499,-0.03594804,0.88413956,-0.23332883,0.09096461,0.04454293,0,0,0,0,0
1602,333541,-0.80968432,-0.11389988,0.91273627,-0.23974245,0.06703742,0.07501722,0,0,0,0,0
1603,333750,-0.79106817,-0.17376809,0.93741498,-0.23784659,0.06768360,0.09207373,0,0,0,0,0
1604,333958,-0.74249150,-0.23681945,0.96116599,-0.23757620,0.05314220,0.09720405,0,0,0,0,0
1605,334166,-0.70610635,-0.30545978,0.98532498,-0.24131231,0.04297597,0.09727896,0,0,0,0,0
1606,334375,-0.64281002,-0.36026298,0.99399479,-0.24270935,0.05185366,0.10212755,0,0,0,0,0
1607,334583,-0.58989970,-0.42063899,1.00888086,-0.22808024,0.02280812,0.11133855,0,0,0,0,0
1608,334791,-0.53867735,-0.48076619,1.01119916,-0.23160156,-0.00899297,0.11288760,0,0,0,0,0
1609,335000,-0.48104499,-0.52901848,1.01112588,-0.21845344,-0.00805205,0.11100846,0,0,0,0,0
1610,335208,-0.41765032,-0.59753495,1.00914917,-0.20386259,-0.04578268,0.10130747,0,0,0,0,0
1611,335416,-0.36297155,-0.64670186,1.00934759,-0.21212738,-0.05688090,0.10071813,0,0,0,0,0
1612,335625,-0.29532421,-0.69559523,0.99202863,-0.18378120,-0.07421743,0.12835272,0,0,0,0,0
1613,335833,-0.23866788,-0.75068913,0.97108749,-0.18571001,-0.08427225,0.12956511,0,0,0,0,0
1614,336041,-0.16984232,-0.80585414,0.96310101,-0.17067192,-0.10868633,0.11127272,0,0,0,0,0
1615,336250,-0.10532640,-0.83297306,0.93446600,-0.14502689,-0.08510922,0.11402241,0,0,0,0,0
1616,336458,-0.04003571,-0.87779397,0.89992805,-0.11667056,-0.12454524,0.12967245,0,0,0,0,0
1617,336666,0.03782513,-0.90657674,0.87050542,-0.11772826,-0.15414136,0.13987474,0,0,0,0,0
1618,336875,0.10090803,-0.93121798,0.84018843,-0.11275475,-0.15084499,0.10630012,0,0,0,0,0
1619,337083,0.16420570,-0.95828471,0.80595959,-0.08544241,-0.17359665,0.11859832,0,0,0,0,0
1620,337291,0.23799326,-0.98156879,0.75932012,-0.05612474,-0.20094016,0.10998546,0,0,0,0,0
1621,337500,0.29768380,-0.99227154,0.71860248,-0.05364399,-0.18836185,0.12182917,0,0,0,0,0
1622,337708,0.35114658,-1.00758182,0.67370153,-0.04481059,-0.19428136,0.11110031,0,0,0,0,0
1623,337916,0.42456139,-1.02121896,0.61004452,-0.02206242,-0.23030620,0.11934171,0,0,0,0,0
1624,338125,0.48351295,-1.02586411,0.56686912,-0.00793444,-0.22711268,0.10400962,0,0,0,0,0
1625,338333,0.54387977,-1.01825652,0.50973800,0.01015714,-0.24493941,0.11468943,0,0,0,0,0
1626,338541,0.59459673,-1.01866157,0.44447312,0.02970720,-0.23783903,0.08882680,0,0,0,0,0
1627,338750,0.63557101,-1.00450754,0.38805853,0.04864414,-0.24033424,0.09697442,0,0,0,0,0
1628,338958,0.68400787,-0.98807960,0.32803854,0.04522193,-0.26596302,0.09302660,0,0,0,0,0
1629,339166,0.73131563,-0.98121680,0.26387566,0.07450123,-0.25658877,0.11083927,0,0,0,0,0
1630,339375,0.78434363,-0.95732524,0.21601215,0.07998153,-0.24593285,0.08398487,0,0,0,0,0
1631,339583,0.81583486,-0.93225412,0.13895992,0.10401576,-0.24242850,0.06020197,0,0,0,0,0
1632,339791,0.86328953,-0.90652550,0.07947763,0.10240325,-0.23829127,0.05449891,0,0,0,0,0
1633,340000,0.88788681,-0.87875940,0.01188621,0.12113032,-0.23549805,0.04936912,0,0,0,0,0
1634,340208,0.91865305,-0.84617842,-0.05508197,0.11991329,-0.25713946,0.03024439,0,0,0,0,0
1635,340416,0.94978170,-0.80097314,-0.12077521,0.12794174,-0.24426926,0.00391885,0,0,0,0,0
1636,340625,0.98153248,-0.75591906,-0.17580496,0.12852920,-0.24198095,-0.00352875,0,0,0,0,0
1637,340833,0.98560348,-0.70982226,-0.23722017,0.14449095,-0.24058333,-0.02961107,0,0,0,0,0
1638,341041,1.00466685,-0.66385691,-0.31169902,0.16972368,-0.22900147,-0.03473795,0,0,0,0,0
1639,341250,1.01226476,-0.60541526,-0.35547662,0.16829486,-0.24484440,-0.04041924,0,0,0,0,0
1640,341458,1.03071310,-0.55754635,-0.43017939,0.20169800,-0.22871403,-0.04748321,0,0,0,0,0
1641,341666,1.02581119,-0.49932826,-0.48299295,0.19410082,-0.22653220,-0.05794120,0,0,0,0,0
1642,341875,1.01894793,-0.44504818,-0.53698429,0.19774896,-0.22393760,-0.07397810,0,0,0,0,0
1643,342083,1.01926605,-0.37659587,-0.59690405,0.20245231,-0.22901115,-0.08917522,0,0,0,0,0
1644,342291,0.99988507,-0.32201846,-0.64199896,0.20162806,-0.23079521,-0.10958723,0,0,0,0,0
1645,342500,0.98298307,-0.25332195,-0.69341498,0.19346341,-0.19431863,-0.11333019,0,0,0,0,0
1646,342708,0.97647456,-0.20402261,-0.73641459,0.23065023,-0.18025530,-0.13901774,0,0,0,0,0
1647,342916,0.95055837,-0.12845366,-0.77223541,0.21972944,-0.19014530,-0.14102828,0,0,0,0,0
1648,343125,0.92686090,-0.05628676,-0.81377591,0.24111968,-0.16606638,-0.14452898,0,0,0,0,0
1649,343333,0.88233293,0.01173444,-0.84778789,0.22329981,-0.17097172,-0.16720830,0,0,0,0,0
1650,343541,0.85045781,0.06972463,-0.87922736,0.23190573,-0.15436705,-0.16892047,0,0,0,0,0
1651,343750,0.80960979,0.13415741,-0.90297594,0.24112440,-0.11952161,-0.18279097,0,0,0,0,0
1652,343958,0.76517368,0.19757944,-0.93004815,0.24045276,-0.13197782,-0.18168934,0,0,0,0,0
1653,344166,0.73184709,0.27065509,-0.95442662,0.23485663,-0.13084039,-0.18502172,0,0,0,0,0
1654,344375,0.67597637,0.33219612,-0.96457218,0.21842736,-0.09271321,-0.20459596,0,0,0,0,0
1655,344583,0.62798863,0.38544868,-0.96931021,0.24142132,-0.08521030,-0.21413857,0,0,0,0,0
1656,344791,0.57936344,0.45595844,-0.98077588,0.24141123,-0.07149539,-0.22558755,0,0,0,0,0
1657,345000,0.51917512,0.50900517,-0.97006085,0.23038821,-0.07223700,-0.19030200,0,0,0,0,0
1658,345208,0.46266444,0.56712930,-0.97400221,0.22204579,-0.05959733,-0.20317210,0,0,0,0,0
1659,345416,0.39853787,0.62857829,-0.96661383,0.19734575,-0.03503798,-0.20635404,0,0,0,0,0
1660,345625,0.34097369,0.66904796,-0.95826834,0.23560624,-0.02378246,-0.21812602,0,0,0,0,0
1661,345833,0.28010400,0.71633662,-0.93059182,0.20336463,0.01213555,-0.22048381,0,0,0,0,0
1662,346041,0.20779694,0.76527137,-0.90496965,0.19024361,-0.00926475,-0.20813348,0,0,0,0,0
1663,346250,0.14801660,0.81011980,-0.88654009,0.17126228,0.01953547,-0.21769661,0,0,0,0,0
1664,346458,0.07463203,0.84995501,-0.85417571,0.17402835,0.02943709,-0.19325123,0,0,0,0,0
1665,346666,0.01279647,0.89219310,-0.82929935,0.13487654,0.04720866,-0.22646556,0,0,0,0,0
1666,346875,-0.07027058,0.91207347,-0.79468464,0.12628371,0.06098450,-0.23343038,0,0,0,0,0
1667,347083,-0.12656342,0.94523588,-0.76238287,0.11691521,0.07869556,-0.20423729,0,0,0,0,0
1668,347291,-0.19385546,0.96094965,-0.71830218,0.11679731,0.09314344,-0.21065870,0,0,0,0,0
1669,347500,-0.25042044,0.97869443,-0.66667601,0.08959977,0.11134849,-0.19714982,0,0,0,0,0
1670,347708,-0.30805867,0.99087305,-0.62540231,0.07134507,0.11639143,-0.21082094,0,0,0,0,0
1671,347916,-0.37524523,1.01518824,-0.58097111,0.06329890,0.13053101,-0.19605800,0,0,0,0,0
1672,348125,-0.42582122,1.00541833,-0.51899615,0.06303111,0.10937165,-0.19686017,0,0,0,0,0
1673,348333,-0.48449512,1.00162512,-0.46678576,0.02166578,0.13594384,-0.17957120,0,0,0,0,0
1674,348541,-0.54381781,0.99777417,-0.40979111,0.04314566,0.14254929,-0.17481907,0,0,0,0,0
1675,348750,-0.59936818,1.01168799,-0.33915983,0.02396298,0.13282674,-0.18219390,0,0,0,0,0
1676,348958,-0.64721819,0.99127533,-0.28666344,0.01432050,0.14736078,-0.16517188,0,0,0,0,0
1677,349166,-0.68627359,0.96816710,-0.23547253,-0.01155629,0.14772053,-0.15844712,0,0,0,0,0
1678,349375,-0.72961594,0.95789032,-0.15570085,0.00167966,0.14964985,-0.14165468,0,0,0,0,0
1679,349583,-0.78014790,0.93991203,-0.10385002,-0.03018028,0.15814566,-0.14088667,0,0,0,0,0
1680,349791,-0.81075627,0.90026627,-0.03881520,-0.02835021,0.15875359,-0.10822565,0,0,0,0,0
1681,350000,-0.84806673,0.87382802,0.01868730,-0.03962501,0.14660076,-0.09264071,0,0,0,0,0
1682,350208,-0.88394108,0.83923422,0.08330318,-0.03584050,0.13697485,-0.09754882,0,0,0,0,0
1683,350416,-0.89887506,0.79544594,0.15983367,-0.04951159,0.13530475,-0.07852455,0,0,0,0,0
1684,350625,-0.93118433,0.75023864,0.22852724,-0.05751557,0.14455384,-0.05111483,0,0,0,0,0
1685,350833,-0.94200705,0.71846443,0.28289301,-0.08651746,0.13101025,-0.04794761,0,0,0,0,0
1686,351041,-0.96337243,0.66377925,0.34375540,-0.07865036,0.15589551,-0.02548003,0,0,0,0,0
1687,351250,-0.97258691,0.62517474,0.40461282,-0.09511758,0.13804835,-0.00007507,0,0,0,0,0
1688,351458,-0.98413490,0.56562180,0.46100174,-0.11427810,0.12758366,0.00935864,0,0,0,0,0
1689,351666,-0.98440750,0.50810008,0.52917083,-0.11104686,0.13809876,0.02673714,0,0,0,0,0
1690,351875,-0.98044857,0.45568680,0.56827839,-0.11865929,0.13634891,0.00942195,0,0,0,0,0
1691,352083,-0.97264658,0.39537681,0.63029079,-0.12103946,0.13510566,0.04719733,0,0,0,0,0
1692,352291,-0.96304780,0.33048071,0.67838371,-0.12916210,0.10659565,0.05873855,0,0,0,0,0
1693,352500,-0.95420679,0.27408955,0.72816310,-0.11839017,0.10574403,0.09428709,0,0,0,0,0
1694,352708,-0.93499088,0.20343793,0.77205138,-0.14043048,0.09858059,0.09664990,0,0,0,0,0
1695,352916,-0.91326544,0.13973835,0.81258878,-0.13865952,0.07585272,0.10171467,0,0,0,0,0
1696,353125,-0.88635119,0.08024136,0.84077936,-0.12630863,0.09402979,0.11773869,0,0,0,0,0
1697,353333,-0.84606355,0.01060792,0.88546439,-0.14635271,0.08496995,0.13798907,0,0,0,0,0
1698,353541,-0.81405179,-0.05498111,0.90895572,-0.15469916,0.08585442,0.16410360,0,0,0,0,0
1699,353750,-0.77422561,-0.11149093,0.93799102,-0.13788419,0.06437462,0.16119208,0,0,0,0,0
1700,353958,-0.74188228,-0.18935694,0.96873858,-0.14849614,0.05503048,0.16363222,0,0,0,0,0
1701,354166,-0.69368095,-0.24612019,0.97256871,-0.13683571,0.05183261,0.18754144,0,0,0,0,0
1702,354375,-0.64002950,-0.30873347,0.99293065,-0.12198312,0.03147376,0.19972900,0,0,0,0,0
1703,354583,-0.58351175,-0.36973493,1.00140117,-0.12287573,0.01392636,0.20463881,0,0,0,0,0
1704,354791,-0.54069619,-0.43827009,0.99575014,-0.13431712,0.01539286,0.20190926,0,0,0,0,0
1705,355000,-0.49506857,-0.48270967,1.01639281,-0.13848441,-0.01272239,0.20968611,0,0,0,0,0
1706,355208,-0.43359889,-0.54072920,0.99615719,-0.12941652,-0.00819950,0.22688866,0,0,0,0,0
1707,355416,-0.37308379,-0.58955704,0.98883512,-0.13404608,-0.03211035,0.23988736,0,0,0,0,0
1708,355625,-0.31082474,-0.64116301,0.97852528,-0.12751983,-0.04327398,0.22421111,0,0,0,0,0
1709,355833,-0.24979615,-0.69612431,0.95879528,-0.09764945,-0.03055361,0.21389046,0,0,0,0,0
1710,356041,-0.17950824,-0.73400742,0.94613628,-0.09210446,-0.05636497,0.22074592,0,0,0,0,0
1711,356250,-0.10998096,-0.78449399,0.92106584,-0.08155153,-0.07431070,0.22682180,0,0,0,0,0
1712,356458,-0.05572214,-0.80860927,0.89713939,-0.04527692,-0.08460176,0.22582725,0,0,0,0,0
1713,356666,0.02238548,-0.84430129,0.86082955,-0.04957474,-0.10570421,0.22988947,0,0,0,0,0
1714,356875,0.06424171,-0.87226082,0.81962674,-0.03644176,-0.12271562,0.22790118,0,0,0,0,0
1715,357083,0.15231412,-0.90365083,0.77898243,-0.03146439,-0.11949887,0.23345038,0,0,0,0,0
1716,357291,0.21829895,-0.92386795,0.73122783,-0.02640788,-0.13680898,0.23103898,0,0,0,0,0
1717,357500,0.27992888,-0.94967849,0.68823404,-0.00682934,-0.15360979,0.23445183,0,0,0,0,0
1718,357708,0.32303658,-0.95930873,0.63931009,0.01153991,-0.15023891,0.22414949,0,0,0,0,0
1719,357916,0.40434751,-0.97798765,0.59130106,0.04450527,-0.16090239,0.22563637,0,0,0,0,0
1720,358125,0.45261282,-0.97297186,0.52851164,0.04003041,-0.16465072,0.23553656,0,0,0,0,0
1721,358333,0.50954400,-0.98555286,0.48063586,0.05815368,-0.17453033,0.22626244,0,0,0,0,0
1722,358541,0.56838968,-0.97279110,0.42461611,0.06860279,-0.17395027,0.23435322,0,0,0,0,0
1723,358750,0.60210700,-0.95399172,0.36438125,0.06024923,-0.16677447,0.22253455,0,0,0,0,0
1724,358958,0.65779221,-0.94707811,0.30096177,0.05182820,-0.17758582,0.19766578,0,0,0,0,0
1725,359166,0.70599808,-0.93780098,0.22989274,0.08001346,-0.18125668,0.19551035,0,0,0,0,0
1726,359375,0.75089760,-0.91558578,0.16847521,0.09432085,-0.16615433,0.19523360,0,0,0,0,0
1727,359583,0.78410365,-0.88414356,0.10778183,0.10044957,-0.18338625,0.18544039,0,0,0,0,0
1728,359791,0.82572890,-0.86374306,0.04103179,0.10485959,-0.18610422,0.15935336,0,0,0,0,0
1729,360000,0.85574556,-0.83156747,-0.02382521,0.09783426,-0.14592773,0.14862904,0,0,0,0,0
1730,360208,0.89444081,-0.79382463,-0.08597946,0.09992447,-0.17643512,0.16641542,0,0,0,0,0
1731,360416,0.90520817,-0.77120570,-0.15122516,0.12415830,-0.15071382,0.13975204,0,0,0,0,0
1732,360625,0.93197636,-0.71965496,-0.22517799,0.13682907,-0.14932423,0.11681051,0,0,0,0,0
1733,360833,0.95881693,-0.67193155,-0.28907207,0.14739287,-0.15771042,0.09757994,0,0,0,0,0
1734,361041,0.95806533,-0.63076224,-0.35804930,0.17051960,-0.15830043,0.08029111,0,0,0,0,0
1735,361250,0.97630740,-0.58109583,-0.40822683,0.16524247,-0.15237738,0.05832097,0,0,0,0,0
1736,361458,0.97484050,-0.53391129,-0.46766844,0.17457343,-0.14111314,0.06447219,0,0,0,0,0
1737,361666,0.98774220,-0.46901157,-0.52476411,0.19401191,-0.13342392,0.02524545,0,0,0,0,0
1738,361875,0.98076999,-0.41208561,-0.58074154,0.19480565,-0.13134499,0.05011916,0,0,0,0,0
1739,362083,0.96616403,-0.36172347,-0.63428463,0.18012753,-0.14089363,0.02597545,0,0,0,0,0
1740,362291,0.96509712,-0.29495183,-0.69326440,0.18177596,-0.10743285,-0.00085614,0,0,0,0,0
1741,362500,0.94425001,-0.22666713,-0.73349875,0.19408901,-0.10084200,-0.00852166,0,0,0,0,0
1742,362708,0.92268273,-0.16376813,-0.78448473,0.18665471,-0.10011658,-0.02253469,0,0,0,0,0
1743,362916,0.90562305,-0.10500881,-0.82702935,0.18411074,-0.07040391,-0.03576862,0,0,0,0,0
1744,363125,0.87869468,-0.03096539,-0.85863569,0.19638646,-0.08139395,-0.04346343,0,0,0,0,0
1745,363333,0.84466124,0.02774228,-0.89641272,0.19288368,-0.05985233,-0.06686377,0,0,0,0,0
1746,363541,0.80486608,0.09242609,-0.92560358,0.17627320,-0.03620280,-0.07949110,0,0,0,0,0
1747,363750,0.76504096,0.16166334,-0.95266533,0.19740027,-0.03607805,-0.09312219,0,0,0,0,0
1748,363958,0.72236919,0.22403415,-0.97438741,0.18288908,-0.02103538,-0.09288642,0,0,0,0,0
1749,364166,0.67759167,0.27940122,-0.98272389,0.19196287,-0.00274785,-0.12110991,0,0,0,0,0
1750,364375,0.62807436,0.34766376,-1.00826512,0.20691665,0.01790446,-0.10460562,0,0,0,0,0
1751,364583,0.58152734,0.39631788,-1.02599368,0.18330729,0.01210714,-0.12431689,0,0,0,0,0
1752,364791,0.51695904,0.46707408,-1.02420524,0.18984742,0.01508534,-0.12417801,0,0,0,0,0
1753,365000,0.46599433,0.51742575,-1.02564056,0.17267030,0.02293673,-0.13584528,0,0,0,0,0
1754,365208,0.41392514,0.56687138,-1.02444197,0.15555272,0.04650929,-0.11716776,0,0,0,0,0
1755,365416,0.34674297,0.63164985,-1.01153299,0.14113400,0.05192465,-0.12674554,0,0,0,0,0
1756,365625,0.29189000,0.68259482,-1.01161485,0.13035457,0.07842405,-0.13340207,0,0,0,0,0
1757,365833,0.22220931,0.72564739,-0.98481945,0.12021330,0.09850048,-0.15142921,0,0,0,0,0
1758,366041,0.16193974,0.77863697,-0.96502424,0.11523496,0.10359996,-0.15344890,0,0,0,0,0
1759,366250,0.09285329,0.81138415,-0.93457806,0.08855914,0.12212511,-0.15473528,0,0,0,0,0
1760,366458,0.02095554,0.85906225,-0.91261797,0.09023118,0.14028822,-0.12829116,0,0,0,0,0
1761,366666,-0.04497682,0.88094456,-0.88442317,0.06589753,0.17744089,-0.15510378,0,0,0,0,0
1762,366875,-0.10398777,0.91669330,-0.85398419,0.04750063,0.16021818,-0.13180520,0,0,0,0,0
1763,367083,-0.16989957,0.93308902,-0.81643507,0.04928471,0.16556787,-0.14082335,0,0,0,0,0
1764,367291,-0.24057152,0.94982819,-0.76543075,0.01690881,0.20461221,-0.14123861,0,0,0,0,0
1765,367500,-0.30849696,0.98033287,-0.72044676,0.00658787,0.20560755,-0.13633981,0,0,0,0,0
1766,367708,-0.36568720,0.98314548,-0.67375923,-0.01177580,0.21891619,-0.12212324,0,0,0,0,0
1767,367916,-0.42223440,0.99619077,-0.62276521,-0.02053293,0.21422851,-0.14136319,0,0,0,0,0
1768,368125,-0.48015771,1.00220007,-0.56392429,-0.02676780,0.24966649,-0.14325033,0,0,0,0,0
1769,368333,-0.54202655,0.99877180,-0.50602334,-0.04063700,0.23672724,-0.12529584,0,0,0,0,0
1770,368541,-0.59975893,1.00005437,-0.44124695,-0.06946348,0.24138186,-0.13916596,0,0,0,0,0
1771,368750,-0.64679926,0.98516255,-0.38644891,-0.07297672,0.22397446,-0.12884019,0,0,0,0,0
1772,368958,-0.70426574,0.97242925,-0.33369922,-0.08363990,0.24558199,-0.13450058,0,0,0,0,0
1773,369166,-0.74221100,0.95512031,-0.27403323,-0.09552641,0.24557371,-0.14341796,0,0,0,0,0
1774,369375,-0.77387621,0.94076057,-0.21003322,-0.09850697,0.24099617,-0.10753373,0,0,0,0,0
1775,369583,-0.82059467,0.90799193,-0.14552194,-0.11031008,0.22506751,-0.10558942,0,0,0,0,0
1776,369791,-0.85932067,0.87178965,-0.07654696,-0.13250581,0.23544048,-0.09462845,0,0,0,0,0
1777,370000,-0.88759571,0.85061531,-0.01638997,-0.14316109,0.23066765,-0.07088240,0,0,0,0,0
1778,370208,-0.92176344,0.81853624,0.06122329,-0.16166224,0.22278967,-0.06100183,0,0,0,0,0
1779,370416,-0.95585533,0.78214704,0.10816020,-0.13961640,0.24101463,-0.05647261,0,0,0,0,0
1780,370625,-0.97316377,0.73842325,0.17658798,-0.16886524,0.23094725,-0.05172922,0,0,0,0,0
1781,370833,-0.98976750,0.68630315,0.24624745,-0.18412168,0.23846908,-0.03781166,0,0,0,0,0
1782,371041,-1.00498333,0.64261294,0.30761660,-0.17041803,0.24681398,-0.01932711,0,0,0,0,0
1783,371250,-1.01835667,0.59708393,0.36828659,-0.20358017,0.22920215,-0.01376625,0,0,0,0,0
1784,371458,-1.01810992,0.53495591,0.43108589,-0.19688796,0.21617913,0.00146405,0,0,0,0,0
1785,371666,-1.02466852,0.47276566,0.48158916,-0.23282749,0.21124117,0.03371151,0,0,0,0,0
1786,371875,-1.01973788,0.41646806,0.54171574,-0.21523999,0.21178330,0.04359846,0,0,0,0,0
1787,372083,-1.00492213,0.35577841,0.58998725,-0.22610132,0.19115386,0.05198962,0,0,0,0,0
1788,372291,-0.99504107,0.30612780,0.65013417,-0.24307686,0.20141901,0.06770109,0,0,0,0,0
1789,372500,-0.97938125,0.22041774,0.69721837,-0.23649054,0.16280349,0.05374494,0,0,0,0,0
1790,372708,-0.96572788,0.17388967,0.74517162,-0.22510604,0.17114505,0.06823197,0,0,0,0,0
1791,372916,-0.93567193,0.10080947,0.79115821,-0.22495844,0.16552304,0.08300348,0,0,0,0,0
1792,373125,-0.91209074,0.04169189,0.82542179,-0.23376191,0.13345195,0.08011901,0,0,0,0,0
1793,373333,-0.87595712,-0.02894757,0.86531827,-0.24918377,0.12416402,0.10139609,0,0,0,0,0
1794,373541,-0.84433398,-0.09668985,0.89541889,-0.25225915,0.12791200,0.12298294,0,0,0,0,0
1795,373750,-0.80244699,-0.15030907,0.92149817,-0.26522930,0.11762548,0.11953143,0,0,0,0,0
1796,373958,-0.76032635,-0.22456201,0.93605274,-0.25217526,0.11335776,0.14078874,0,0,0,0,0
1797,374166,-0.72044163,-0.29433860,0.94954717,-0.23856499,0.08551926,0.15484747,0,0,0,0,0
1798,374375,-0.66832660,-0.34208195,0.97791332,-0.22303896,0.07803007,0.15223582,0,0,0,0,0
1799,374583,-0.61668994,-0.40984496,0.98264869,-0.24302603,0.06941414,0.15891739,0,0,0,0,0
1800,374791,-0.56463077,-0.47712341,0.98685328,-0.23658552,0.05891524,0.17914763,0,0,0,0,0
1801,375000,-0.49961303,-0.52886959,0.98970897,-0.24035293,0.03521999,0.17114974,0,0,0,0,0
1802,375208,-0.44792043,-0.58327230,0.98870985,-0.19929686,-0.00121623,0.17126022,0,0,0,0,0
1803,375416,-0.38280544,-0.63879156,0.97796369,-0.21646844,0.00650579,0.16745468,0,0,0,0,0
1804,375625,-0.32200064,-0.68650550,0.96581044,-0.21857780,-0.02240968,0.17992163,0,0,0,0,0
1805,375833,-0.26612114,-0.73840302,0.95210289,-0.17728269,-0.02643563,0.19747157,0,0,0,0,0
1806,376041,-0.19847412,-0.78607345,0.93923646,-0.17921892,-0.05540691,0.17836477,0,0,0,0,0
1807,376250,-0.12481161,-0.83704218,0.91114848,-0.18819470,-0.05624923,0.17230983,0,0,0,0,0
1808,376458,-0.05093402,-0.86559569,0.88796652,-0.16159664,-0.07487843,0.16864602,0,0,0,0,0
1809,376666,0.00162197,-0.88800745,0.85328769,-0.13639178,-0.07737882,0.17413829,0,0,0,0,0
1810,376875,0.07172616,-0.92227312,0.81872694,-0.14029418,-0.08915203,0.18243855,0,0,0,0,0
1811,377083,0.15468141,-0.95097029,0.77925452,-0.11496770,-0.10941366,0.16927198,0,0,0,0,0
1812,377291,0.20243562,-0.97794908,0.73466767,-0.09565771,-0.12940931,0.16477353,0,0,0,0,0
1813,377500,0.27510943,-0.99225608,0.69118281,-0.08473486,-0.13190599,0.16066335,0,0,0,0,0
1814,377708,0.33604539,-1.00684109,0.65401955,-0.06504884,-0.17451534,0.15482641,0,0,0,0,0
1815,377916,0.39557355,-1.01305786,0.59449911,-0.05710594,-0.15587939,0.14608001,0,0,0,0,0
1816,378125,0.45117974,-1.02690954,0.53794365,-0.03048762,-0.19305964,0.16687559,0,0,0,0,0
1817,378333,0.51916237,-1.02996482,0.48514642,-0.03189869,-0.18800388,0.12682480,0,0,0,0,0
1818,378541,0.55952597,-1.01653509,0.42599511,-0.01373579,-0.19705959,0.13836269,0,0,0,0,0
1819,378750,0.61387540,-1.01011800,0.36021374,0.00514530,-0.18808223,0.13850606,0,0,0,0,0
1820,378958,0.66426448,-0.99967475,0.30224934,0.01422344,-0.16169147,0.12297853,0,0,0,0,0
1821,379166,0.70875138,-0.97878864,0.24201691,0.03395392,-0.19454202,0.11662461,0,0,0,0,0
1822,379375,0.75984933,-0.97293238,0.19112504,0.04083995,-0.18890750,0.10621069,0,0,0,0,0
1823,379583,0.80183536,-0.94077078,0.11890275,0.04700724,-0.19783651,0.09739129,0,0,0,0,0
1824,379791,0.83760467,-0.91207489,0.04671656,0.04665910,-0.20310823,0.08271443,0,0,0,0,0
1825,380000,0.87190615,-0.87984979,-0.00924384,0.04025042,-0.19350831,0.08680720,0,0,0,0,0
1826,380208,0.90519576,-0.84726078,-0.07051727,0.07074793,-0.17857242,0.06732310,0,0,0,0,0
1827,380416,0.93120684,-0.79977838,-0.13968194,0.08581328,-0.18099507,0.03895627,0,0,0,0,0
1828,380625,0.94862281,-0.76668858,-0.20079159,0.09425113,-0.19363780,0.01963334,0,0,0,0,0
1829,380833,0.97038596,-0.72770983,-0.26773595,0.08831671,-0.17289305,0.00754569,0,0,0,0,0
1830,381041,0.98659217,-0.67207676,-0.32992041,0.11756570,-0.19223329,-0.00559706,0,0,0,0,0
1831,381250,0.98962695,-0.62039589,-0.38206283,0.11355624,-0.19402318,-0.01682630,0,0,0,0,0
1832,381458,1.00202388,-0.56838933,-0.44170539,0.12573280,-0.18268700,-0.02914250,0,0,0,0,0
1833,381666,1.00214899,-0.51198083,-0.50399165,0.14040513,-0.17242332,-0.05949349,0,0,0,0,0
1834,381875,1.01047255,-0.45082838,-0.55811868,0.14234401,-0.17095043,-0.05240941,0,0,0,0,0
1835,382083,0.99647934,-0.39638570,-0.61157452,0.16451345,-0.16110127,-0.08375644,0,0,0,0,0
1836,382291,0.97587721,-0.32874195,-0.66194537,0.16420226,-0.16346683,-0.07206845,0,0,0,0,0
1837,382500,0.96239660,-0.25976101,-0.71755814,0.14810214,-0.15447570,-0.10048017,0,0,0,0,0
1838,382708,0.95192087,-0.20803610,-0.75569408,0.17702158,-0.14335585,-0.13377870,0,0,0,0,0
1839,382916,0.92883140,-0.14047026,-0.80437042,0.17254881,-0.13339529,-0.13405355,0,0,0,0,0
1840,383125,0.90467972,-0.06878439,-0.82843726,0.15956968,-0.13797068,-0.15083377,0,0,0,0,0
1841,383333,0.87251593,-0.00815612,-0.86301493,0.18324355,-0.12458611,-0.13554226,0,0,0,0,0
1842,383541,0.83436352,0.06143540,-0.88571748,0.20587235,-0.10718410,-0.16988835,0,0,0,0,0
1843,383750,0.80979889,0.11234736,-0.91853740,0.19137671,-0.10443131,-0.19341721,0,0,0,0,0
1844,383958,0.74935831,0.18472028,-0.94813865,0.19440044,-0.09246844,-0.18188701,0,0,0,0,0
1845,384166,0.70860157,0.24788121,-0.95956939,0.17824237,-0.07121445,-0.19182575,0,0,0,0,0
1846,384375,0.66678043,0.32110752,-0.97229457,0.17929240,-0.07610601,-0.20789871,0,0,0,0,0
1847,384583,0.60547708,0.37582134,-0.97663334,0.16988039,-0.06310943,-0.21837687,0,0,0,0,0
1848,384791,0.55279567,0.42791812,-0.98848753,0.19605622,-0.04739820,-0.20870095,0,0,0,0,0
1849,385000,0.50810664,0.49042691,-0.98832734,0.18246081,-0.04174176,-0.22804866,0,0,0,0,0
1850,385208,0.44580359,0.55410794,-0.97592156,0.17536110,-0.02109993,-0.20798389,0,0,0,0,0
1851,385416,0.38678780,0.59623297,-0.97252692,0.15385545,0.00203454,-0.21984572,0,0,0,0,0
1852,385625,0.32948192,0.65124783,-0.95525463,0.15594560,0.00581722,-0.22774661,0,0,0,0,0
1853,385833,0.25933326,0.70955630,-0.94770028,0.15580282,0.02823163,-0.23967894,0,0,0,0,0
1854,386041,0.20705305,0.74559259,-0.92873847,0.14762850,0.03134062,-0.20490189,0,0,0,0,0
1855,386250,0.13717284,0.77845679,-0.90369938,0.12733328,0.04779976,-0.23452491,0,0,0,0,0
1856,386458,0.07316623,0.82705122,-0.86707583,0.11454446,0.04845149,-0.23635117,0,0,0,0,0
1857,386666,-0.00732120,0.86434166,-0.84151299,0.11608711,0.06044142,-0.22588905,0,0,0,0,0
1858,386875,-0.05620939,0.89104192,-0.79588894,0.06951499,0.08057218,-0.23238995,0,0,0,0,0
1859,387083,-0.12891590,0.91946245,-0.76797768,0.07611039,0.10703820,-0.22257836,0,0,0,0,0
1860,387291,-0.19615127,0.93572642,-0.73114116,0.05806927,0.10165026,-0.20531330,0,0,0,0,0
1861,387500,-0.25955603,0.96406194,-0.67475754,0.05385100,0.12235919,-0.20080939,0,0,0,0,0
1862,387708,-0.32245106,0.97777897,-0.62470450,0.03641816,0.12806916,-0.22230396,0,0,0,0,0
1863,387916,-0.37727362,0.99220577,-0.57036008,0.01178735,0.13357964,-0.20675129,0,0,0,0,0
1864,388125,-0.43135386,0.98497549,-0.53085236,-0.00816114,0.15316508,-0.21470776,0,0,0,0,0
1865,388333,-0.50020847,0.97263718,-0.45921367,-0.01404317,0.15281759,-0.20511460,0,0,0,0,0
1866,388541,-0.55117407,0.97372287,-0.39802814,-0.02171285,0.17256459,-0.19954474,0,0,0,0,0
1867,388750,-0.60015876,0.97033376,-0.34590293,-0.02881555,0.14721430,-0.21680090,0,0,0,0,0
1868,388958,-0.65352243,0.96141766,-0.29019737,-0.02596019,0.12828375,-0.22979514,0,0,0,0,0
1869,389166,-0.69873259,0.94752076,-0.22897436,-0.05131106,0.14167954,-0.19379579,0,0,0,0,0
1870,389375,-0.73749651,0.92960163,-0.17176151,-0.05543627,0.15869033,-0.19155689,0,0,0,0,0
1871,389583,-0.78664229,0.90805828,-0.09356324,-0.07062137,0.13584588,-0.17254058,0,0,0,0,0
1872,389791,-0.81548120,0.88658971,-0.03792574,-0.06683964,0.15159873,-0.16350709,0,0,0,0,0
1873,390000,-0.84721559,0.84310386,0.03455617,-0.08400547,0.13491551,-0.13694341,0,0,0,0,0
1874,390208,-0.87526987,0.82161533,0.08964009,-0.07880135,0.15055978,-0.13604384,0,0,0,0,0
1875,390416,-0.90802192,0.77254854,0.15832028,-0.09241981,0.14555605,-0.11759060,0,0,0,0,0
1876,390625,-0.93177263,0.74244928,0.22312648,-0.09434468,0.13132291,-0.09830941,0,0,0,0,0
1877,390833,-0.93912691,0.69093744,0.28682792,-0.10731526,0.15232372,-0.07409037,0,0,0,0,0
1878,391041,-0.96588670,0.64647784,0.35497311,-0.12461925,0.13443325,-0.05620442,0,0,0,0,0
1879,391250,-0.96653333,0.60476516,0.40800485,-0.12956024,0.13196127,-0.04702737,0,0,0,0,0
1880,391458,-0.97487268,0.54372750,0.47934940,-0.14602416,0.14814744,-0.03573235,0,0,0,0,0
1881,391666,-0.98247038,0.49068222,0.52818600,-0.14901224,0.10725245,-0.01170586,0,0,0,0,0
1882,391875,-0.97144258,0.42967292,0.58274927,-0.15294853,0.13382895,-0.00136007,0,0,0,0,0
1883,392083,-0.96849380,0.36489016,0.63747478,-0.14342531,0.10299177,0.01928714,0,0,0,0,0
1884,392291,-0.95942735,0.32239664,0.69608720,-0.15800679,0.08668044,0.01776792,0,0,0,0,0
1885,392500,-0.93581060,0.24186751,0.74020482,-0.14004250,0.11494715,0.01799754,0,0,0,0,0
1886,392708,-0.91129456,0.18486107,0.78788933,-0.18656410,0.07449035,0.05152613,0,0,0,0,0
1887,392916,-0.90579151,0.12656431,0.82599404,-0.17193135,0.07216719,0.06863024,0,0,0,0,0
1888,393125,-0.87655480,0.05367448,0.86066856,-0.16550929,0.07658636,0.09085698,0,0,0,0,0
1889,393333,-0.83909494,-0.01483594,0.89928961,-0.16818143,0.05676584,0.07828043,0,0,0,0,0
1890,393541,-0.81506622,-0.08204396,0.91848245,-0.17607152,0.04550830,0.09626798,0,0,0,0,0
1891,393750,-0.76514116,-0.13691822,0.95918579,-0.17376600,0.04427949,0.11135175,0,0,0,0,0
1892,393958,-0.73345089,-0.19550166,0.97726144,-0.16911643,0.04313340,0.12767737,0,0,0,0,0
1893,394166,-0.67095945,-0.26832919,0.99786734,-0.17469973,0.01840142,0.13013874,0,0,0,0,0
1894,394375,-0.62465839,-0.33318417,0.99444697,-0.16022032,0.00208702,0.14019149,0,0,0,0,0
1895,394583,-0.57290450,-0.38359398,1.01528266,-0.12876207,-0.02010617,0.15382752,0,0,0,0,0
1896,394791,-0.53496912,-0.43983208,1.01700622,-0.16506480,-0.02202501,0.17342466,0,0,0,0,0
1897,395000,-0.46703217,-0.49886171,1.02460430,-0.14158686,-0.04166638,0.17895831,0,0,0,0,0
1898,395208,-0.42060383,-0.56503496,1.00802220,-0.13797612,-0.03562503,0.17943869,0,0,0,0,0
1899,395416,-0.35425807,-0.61927785,1.00038632,-0.12655407,-0.07400397,0.16197233,0,0,0,0,0
1900,395625,-0.28979011,-0.66463784,0.99972757,-0.12422405,-0.07721066,0.16410066,0,0,0,0,0
1901,395833,-0.22935750,-0.70180503,0.97572396,-0.10455922,-0.07541244,0.17497193,0,0,0,0,0
1902,396041,-0.16515014,-0.74423255,0.96041833,-0.10535880,-0.10163058,0.17446712,0,0,0,0,0
1903,396250,-0.09356554,-0.79386001,0.93368319,-0.07576344,-0.10343119,0.18359963,0,0,0,0,0
1904,396458,-0.04201970,-0.82147959,0.91106019,-0.07742647,-0.11513911,0.15960461,0,0,0,0,0
1905,396666,0.02744357,-0.86934752,0.87296983,-0.05275259,-0.14362146,0.16775754,0,0,0,0,0
1906,396875,0.10496393,-0.89686031,0.83849747,-0.03938779,-0.13810235,0.18235043,0,0,0,0,0
1907,397083,0.16333539,-0.91839038,0.80136630,-0.03284273,-0.15116660,0.18092748,0,0,0,0,0
1908,397291,0.23163052,-0.94275347,0.75544881,-0.01584033,-0.15765870,0.16171703,0,0,0,0,0
1909,397500,0.29542154,-0.96518367,0.71056284,0.00995527,-0.19162511,0.19704338,0,0,0,0,0
1910,397708,0.34847755,-0.97129080,0.66783309,0.01985949,-0.19751562,0.15984852,0,0,0,0,0
1911,397916,0.40378275,-0.98673039,0.60966665,0.03594646,-0.19889257,0.17966308,0,0,0,0,0
1912,398125,0.47355442,-0.98705394,0.54484776,0.04923492,-0.18811746,0.17603223,0,0,0,0,0
1913,398333,0.52413581,-0.98534983,0.49810105,0.06382944,-0.18771897,0.18196849,0,0,0,0,0
1914,398541,0.57945082,-0.98158027,0.43860187,0.06012328,-0.21937950,0.17689136,0,0,0,0,0
1915,398750,0.62777283,-0.97003050,0.38780101,0.08229637,-0.20366050,0.17020314,0,0,0,0,0
1916,398958,0.67404599,-0.95363529,0.32254877,0.08283225,-0.22130472,0.17076199,0,0,0,0,0
1917,399166,0.71896996,-0.93835423,0.25510855,0.08205800,-0.20211302,0.19468946,0,0,0,0,0
1918,399375,0.76035584,-0.92542549,0.18476657,0.12091248,-0.21766130,0.16457195,0,0,0,0,0
1919,399583,0.80169050,-0.89613270,0.12774664,0.09674618,-0.22144905,0.15241029,0,0,0,0,0
1920,399791,0.85283085,-0.87940755,0.05839265,0.13024041,-0.20631161,0.12640485,0,0,0,0,0
1921,400000,0.87181234,-0.83464933,-0.00756914,0.12287943,-0.22610967,0.12121071,0,1,0,0,0
1922,400208,0.91824487,-0.80506514,-0.05873245,0.14198601,-0.22094306,0.11673025,0,1,0,0,0
1923,400416,0.93399372,-0.76829523,-0.13865634,0.14536815,-0.19737895,0.06230680,0,1,0,0,0
1924,400625,0.96000653,-0.72222689,-0.19717281,0.16272127,-0.20066662,0.06858602,0,1,0,0,0
1925,400833,0.97603297,-0.68461236,-0.26386285,0.15575793,-0.19225363,0.05588829,0,1,0,0,0
1926,401041,0.99178560,-0.62391276,-0.32619213,0.18724910,-0.19688218,0.04216653,0,1,0,0,0
1927,401250,1.00431192,-0.58471013,-0.38897177,0.19887062,-0.16825534,0.04159366,0,1,0,0,0
1928,401458,1.00264331,-0.53036134,-0.44364531,0.18517570,-0.17472656,0.02883090,0,1,0,0,0
1929,401666,0.99927733,-0.46304001,-0.51234325,0.20057562,-0.19092614,0.02079744,0,1,0,0,0
1930,401875,0.99319175,-0.41380864,-0.56168592,0.20732360,-0.16502418,-0.01415454,0,1,0,0,0
1931,402083,0.99183545,-0.34341848,-0.61744887,0.22147599,-0.16820804,-0.01733565,0,1,0,0,0
1932,402291,0.98462932,-0.29501174,-0.67208576,0.21046045,-0.13540267,-0.01464093,0,1,0,0,0
1933,402500,0.96094842,-0.22738520,-0.70880586,0.23003734,-0.14752366,-0.02268063,0,1,0,0,0
1934,402708,0.94583879,-0.16534453,-0.76417291,0.21389925,-0.13886304,-0.04888012,0,1,0,0,0
1935,402916,0.92585356,-0.09719946,-0.79559726,0.21983519,-0.13033433,-0.05070667,0,1,0,0,0
1936,403125,0.89758151,-0.03624892,-0.84359652,0.24686304,-0.11178567,-0.07689241,0,1,0,0,0
1937,403333,0.86186849,0.03035547,-0.88501186,0.23664508,-0.10306606,-0.09316882,0,1,0,0,0
1938,403541,0.82099245,0.09865124,-0.90721241,0.23171406,-0.08954970,-0.09657373,0,1,0,0,0
1939,403750,0.78675463,0.16962361,-0.93625441,0.23466565,-0.08139226,-0.10228052,0,1,0,0,0
1940,403958,0.74493726,0.22747762,-0.96901348,0.23791300,-0.05736765,-0.10031557,0,1,0,0,0
1941,404166,0.69348191,0.29725229,-0.97118398,0.21459499,-0.06813223,-0.11410013,0,1,0,0,0
1942,404375,0.65127596,0.35688499,-0.99337720,0.20956867,-0.04189303,-0.13257986,0,1,0,0,0
1943,404583,0.60073876,0.41902865,-1.00845013,0.20495141,-0.02327720,-0.13390941,0,1,0,0,0
1944,404791,0.55427300,0.47282644,-1.01307130,0.20985927,-0.03772418,-0.14393379,0,1,0,0,0
1945,405000,0.48752243,0.53325493,-1.00952351,0.21819806,-0.00931464,-0.15692396,0,1,0,0,0
1946,405208,0.43735592,0.59033967,-1.00139644,0.18659270,0.00065534,-0.13133259,0,1,0,0,0
1947,405416,0.37857188,0.63654576,-0.99380978,0.19743115,0.04986551,-0.17356445,0,1,0,0,0
1948,405625,0.30719466,0.68927591,-0.98193719,0.18388136,0.05927938,-0.15826080,0,1,0,0,0
1949,405833,0.23938641,0.73985121,-0.97036223,0.15630590,0.07861084,-0.14449947,0,1,0,0,0
1950,406041,0.17799088,0.78272544,-0.94449901,0.16962405,0.09007380,-0.16190120,0,1,0,0,0
1951,406250,0.10770296,0.81588908,-0.91972309,0.15100930,0.08073878,-0.15758229,0,1,0,0,0
1952,406458,0.04930998,0.86218893,-0.89609934,0.14369540,0.08744443,-0.16896630,0,1,0,0,0
1953,406666,-0.03378496,0.89229788,-0.86781169,0.10846689,0.12496397,-0.13961544,0,1,0,0,0
1954,406875,-0.08972271,0.92357538,-0.82181673,0.11469184,0.12193590,-0.14518162,0,1,0,0,0
1955,407083,-0.14807048,0.95207785,-0.78880541,0.05609552,0.15024641,-0.14583558,0,1,0,0,0
1956,407291,-0.22993080,0.96764743,-0.75352693,0.04953252,0.15167780,-0.14767178,0,1,0,0,0
1957,407500,-0.28552068,0.99274668,-0.70355296,0.05259911,0.18335544,-0.15127470,0,1,0,0,0
1958,407708,-0.34969660,0.99677211,-0.65895417,0.04181568,0.19681873,-0.14548774,0,1,0,0,0
1959,407916,-0.40880430,1.01474992,-0.61074894,0.01086731,0.19806636,-0.16521422,0,1,0,0,0
1960,408125,-0.47400749,1.02163833,-0.55348707,-0.01028271,0.21036306,-0.14411820,0,1,0,0,0
1961,408333,-0.52793981,1.01026743,-0.49250510,-0.01548453,0.18791483,-0.14355384,0,1,0,0,0
1962,408541,-0.58385064,1.01046362,-0.43911703,-0.02161638,0.23335425,-0.14635000,0,1,0,0,0
1963,408750,-0.62676146,1.00165937,-0.37546923,-0.02921899,0.20818778,-0.12696466,0,1,0,0,0
1964,408958,-0.67731541,0.98707708,-0.32783338,-0.02427064,0.20755372,-0.13362388,0,1,0,0,0
1965,409166,-0.72889252,0.96474094,-0.25793770,-0.03579192,0.22042138,-0.13978736,0,1,0,0,0
1966,409375,-0.77340688,0.95338058,-0.19204516,-0.05665086,0.21757376,-0.09823775,0,1,0,0,0
1967,409583,-0.80937811,0.93104961,-0.12221419,-0.06315693,0.21605955,-0.09658101,0,1,0,0,0
1968,409791,-0.85874445,0.89833655,-0.07531843,-0.09185231,0.20418363,-0.08259338,0,1,0,0,0
1969,410000,-0.87955801,0.87506802,0.00268269,-0.07633696,0.21512442,-0.08189761,0,1,0,0,0
1970,410208,-0.91350241,0.83012567,0.05750728,-0.10394056,0.20654210,-0.05312950,0,1,0,0,0
1971,410416,-0.93250079,0.79197055,0.11709546,-0.10424935,0.20683596,-0.03988311,0,1,0,0,0
1972,410625,-0.96035377,0.75880340,0.18386213,-0.14248839,0.19536079,-0.02583761,0,1,0,0,0
1973,410833,-0.98416006,0.71038308,0.24297448,-0.14062476,0.22104459,-0.02246725,0,1,0,0,0
1974,411041,-0.99703109,0.65873255,0.31278837,-0.13988413,0.20962392,-0.01016330,0,1,0,0,0
1975,411250,-1.00534109,0.60287884,0.36676260,-0.14900075,0.20945704,0.01020038,0,1,0,0,0
1976,411458,-1.01807170,0.55638156,0.42837780,-0.17283815,0.21987652,0.02898316,0,1,0,0,0
1977,411666,-1.02302159,0.50639163,0.48784107,-0.17083101,0.20448381,0.03562678,0,1,0,0,0
1978,411875,-1.01930608,0.43637628,0.54647775,-0.18414190,0.19463990,0.04741073,0,1,0,0,0
1979,412083,-1.00368522,0.37148001,0.59914592,-0.19448850,0.17732921,0.07603071,0,1,0,0,0
1980,412291,-0.99316809,0.31873860,0.64673567,-0.21399275,0.18468507,0.09349215,0,1,0,0,0
1981,412500,-0.98179865,0.26331813,0.70200112,-0.19137264,0.17236393,0.07057252,0,1,0,0,0
1982,412708,-0.96346878,0.19685915,0.74957997,-0.20639135,0.18392105,0.10556015,0,1,0,0,0
1983,412916,-0.93543652,0.12247485,0.78013729,-0.21525148,0.14193838,0.11581154,0,1,0,0,0
1984,413125,-0.90937112,0.06019059,0.83055492,-0.19699749,0.15005534,0.12006723,0,1,0,0,0
1985,413333,-0.88059640,-0.00375535,0.85542681,-0.20430623,0.13399533,0.15461139,0,1,0,0,0
1986,413541,-0.84681510,-0.07574458,0.88761755,-0.18213905,0.12331680,0.15219253,0,1,0,0,0
1987,413750,-0.80717443,-0.13901237,0.90873745,-0.20056304,0.10405368,0.16377148,0,1,0,0,0
1988,413958,-0.76307749,-0.19921740,0.93158777,-0.21328455,0.10688752,0.17246750,0,1,0,0,0
1989,414166,-0.71377333,-0.26634884,0.94944840,-0.20801230,0.10181286,0.17425089,0,1,0,0,0
1990,414375,-0.66939646,-0.32779320,0.95788424,-0.20890423,0.06661569,0.18627176,0,1,0,0,0
1991,414583,-0.61808019,-0.39305529,0.98331647,-0.21374800,0.07071673,0.20731946,0,1,0,0,0
1992,414791,-0.56879412,-0.45506083,0.98752286,-0.21722317,0.04474854,0.18744320,0,1,0,0,0
1993,415000,-0.50744189,-0.51052234,0.97959762,-0.21683523,0.04450461,0.22164210,0,1,0,0,0
1994,415208,-0.44990115,-0.57159151,0.98093932,-0.20812000,0.02780266,0.19230549,0,1,0,0,0
1995,415416,-0.39316596,-0.61618798,0.97348589,-0.18667386,0.01414664,0.20309322,0,1,0,0,0
1996,415625,-0.32587901,-0.67990570,0.95449924,-0.18813956,-0.00044720,0.19976133,0,1,0,0,0
1997,415833,-0.25871315,-0.71307364,0.93989638,-0.16686838,-0.00568851,0.20103944,0,1,0,0,0
1998,416041,-0.18856333,-0.75508053,0.91366814,-0.16238983,-0.04181583,0.20452771,0,1,0,0,0
1999,416250,-0.14251800,-0.81062014,0.90661193,-0.14078321,-0.05399935,0.19295664,0,1,0,0,0
2000,416458,-0.06414645,-0.83886964,0.87637360,-0.14901977,-0.05383687,0.20536348,0,1,0,0,0
2001,416666,-0.00321399,-0.88606201,0.83607422,-0.12191329,-0.07110276,0.21072605,0,1,0,0,0
2002,416875,0.06895463,-0.90799030,0.79759442,-0.13012087,-0.08224080,0.20364439,0,1,0,0,0
2003,417083,0.13132982,-0.93696513,0.76622796,-0.08387222,-0.11199176,0.20490369,0,1,0,0,0
2004,417291,0.19801034,-0.95429942,0.73107636,-0.06430426,-0.11882317,0.17292216,0,1,0,0,0
2005,417500,0.26019806,-0.98636210,0.67911904,-0.07065147,-0.12650905,0.21072968,0,1,0,0,0
2006,417708,0.32841711,-1.00379965,0.63592869,-0.03965849,-0.14284135,0.18958614,0,1,0,0,0
2007,417916,0.38714515,-1.00101770,0.58712629,-0.02709856,-0.14043581,0.20522634,0,1,0,0,0
2008,418125,0.44163910,-1.00053297,0.53128178,-0.02181737,-0.15732773,0.19614635,0,1,0,0,0
2009,418333,0.49681128,-1.00017569,0.46972491,-0.03231869,-0.17021451,0.18579337,0,1,0,0,0
2010,418541,0.55640659,-1.00548420,0.42080149,-0.01271712,-0.17854014,0.16872357,0,1,0,0,0
2011,418750,0.60100740,-1.00223653,0.36259035,-0.00173931,-0.16965295,0.16103619,0,1,0,0,0
2012,418958,0.64885881,-0.98176802,0.28863990,0.02296308,-0.15833725,0.17151363,0,1,0,0,0
2013,419166,0.70318517,-0.96428369,0.23415407,0.02925289,-0.15808366,0.15267810,0,1,0,0,0
2014,419375,0.74444900,-0.94673851,0.17414328,0.03543928,-0.15821578,0.14660353,0,1,0,0,0
2015,419583,0.78369625,-0.92709815,0.10349742,0.05168430,-0.14732231,0.14481935,0,1,0,0,0
2016,419791,0.81739561,-0.90426151,0.04560401,0.06101537,-0.18023390,0.15251319,0,1,0,0,0
2017,420000,0.85957593,-0.86355664,-0.02302207,0.07317403,-0.16475884,0.11448196,0,1,0,0,0
2018,420208,0.87121339,-0.82516923,-0.08836025,0.06620868,-0.17324813,0.10626190,0,1,0,0,0
2019,420416,0.91014775,-0.79628938,-0.14802234,0.08236954,-0.15534738,0.07866611,0,1,0,0,0
2020,420625,0.93274559,-0.76083558,-0.21410837,0.11585707,-0.14703714,0.04938487,0,1,0,0,0
2021,420833,0.95072402,-0.71163771,-0.26984383,0.10408503,-0.14946144,0.04132267,0,1,0,0,0
2022,421041,0.96904195,-0.66123463,-0.34208863,0.11348701,-0.15260190,0.02814439,0,1,0,0,0
2023,421250,0.98367993,-0.60290999,-0.39685930,0.12505523,-0.15154560,0.02626511,0,1,0,0,0
2024,421458,0.99021176,-0.56331171,-0.45769897,0.13066533,-0.15403893,-0.00260434,0,1,0,0,0
2025,421666,0.99253256,-0.50047071,-0.52068491,0.14481736,-0.15506870,-0.02390461,0,1,0,0,0
2026,421875,0.98189081,-0.43802611,-0.57132167,0.16439300,-0.14729890,-0.02222708,0,1,0,0,0
2027,422083,0.97324724,-0.38080086,-0.62801131,0.15094003,-0.13395065,-0.02902394,0,1,0,0,0
2028,422291,0.96008723,-0.32106507,-0.67056577,0.14655866,-0.14530333,-0.06424460,0,1,0,0,0
2029,422500,0.95652784,-0.26429523,-0.72425957,0.16502251,-0.13976429,-0.05761726,0,1,0,0,0
2030,422708,0.93450988,-0.18813090,-0.77274185,0.15471112,-0.10464186,-0.07562702,0,1,0,0,0
2031,422916,0.91538843,-0.13577301,-0.81665344,0.17407828,-0.10715890,-0.09012517,0,1,0,0,0
2032,423125,0.88693620,-0.08050721,-0.85243128,0.16684097,-0.10523411,-0.10724970,0,1,0,0,0
2033,423333,0.84684672,-0.00386752,-0.88304793,0.17582919,-0.07928041,-0.12845332,0,1,0,0,0
2034,423541,0.81627971,0.05585232,-0.91037651,0.17943710,-0.08078070,-0.13422821,0,1,0,0,0
2035,423750,0.78524261,0.12319965,-0.94035310,0.15453295,-0.05853659,-0.15639778,0,1,0,0,0
2036,423958,0.73344724,0.19351807,-0.95124604,0.16678776,-0.02736281,-0.13991371,0,1,0,0,0
2037,424166,0.69351695,0.26087517,-0.97055439,0.16107637,-0.04885292,-0.15029940,0,1,0,0,0
2038,424375,0.65232063,0.32066881,-0.98955068,0.16178746,-0.04568324,-0.17701666,0,1,0,0,0
2039,424583,0.59243450,0.37269724,-0.99223008,0.18297001,-0.02408185,-0.16221776,0,1,0,0,0
2040,424791,0.53769604,0.44414043,-1.00828532,0.15656253,-0.02198147,-0.16950721,0,1,0,0,0
2041,425000,0.48654643,0.50681261,-0.99829947,0.15950089,0.00613709,-0.20902284,0,1,0,0,0
2042,425208,0.43353526,0.54633290,-0.99889919,0.13198301,0.01652390,-0.19369668,0,1,0,0,0
2043,425416,0.36403309,0.60457018,-0.98886825,0.13860096,0.02670908,-0.20559469,0,1,0,0,0
2044,425625,0.30899079,0.66687747,-0.98030419,0.13044279,0.04363537,-0.19308279,0,1,0,0,0
2045,425833,0.24394726,0.70396979,-0.96617675,0.12788369,0.06226451,-0.21113886,0,1,0,0,0
2046,426041,0.18335629,0.73919106,-0.94969193,0.11722679,0.06207211,-0.20041520,0,1,0,0,0
2047,426250,0.11658552,0.78649580,-0.92061398,0.09537591,0.07421671,-0.20454104,0,1,0,0,0
2048,426458,0.05522414,0.82539892,-0.88773363,0.08270140,0.09079897,-0.19442127,0,1,0,0,0
2049,426666,-0.02108543,0.86079930,-0.85744098,0.06581843,0.09697442,-0.20856297,0,1,0,0,0
2050,426875,-0.07872009,0.88772075,-0.82737532,0.05803897,0.11818768,-0.19322699,0,1,0,0,0
2051,427083,-0.15703981,0.91144808,-0.78031995,0.04762247,0.14326922,-0.21309443,0,1,0,0,0
2052,427291,-0.21304460,0.92887145,-0.74560198,0.03399138,0.14806119,-0.22252730,0,1,0,0,0
2053,427500,-0.27773050,0.95177313,-0.70027059,-0.00808943,0.15498306,-0.21481112,0,1,0,0,0
2054,427708,-0.33203974,0.97411112,-0.64399344,0.00447939,0.17339797,-0.21170371,0,1,0,0,0
2055,427916,-0.39712399,0.97530653,-0.59354122,-0.01131782,0.16978107,-0.18884981,0,1,0,0,0
2056,428125,-0.45072440,0.98029339,-0.53458483,-0.04157306,0.16290657,-0.20954515,0,1,0,0,0
2057,428333,-0.50983382,0.98272875,-0.48009400,-0.01716883,0.18626668,-0.20853610,0,1,0,0,0
2058,428541,-0.56631024,0.97059018,-0.42422611,-0.07144113,0.19182689,-0.19873142,0,1,0,0,0
2059,428750,-0.61076421,0.96953368,-0.35608890,-0.05904093,0.19323441,-0.19895826,0,1,0,0,0
2060,428958,-0.66437097,0.96455080,-0.29795507,-0.07191901,0.19092623,-0.18585958,0,1,0,0,0
2061,429166,-0.71329524,0.94518696,-0.23631107,-0.07986165,0.19478984,-0.17523357,0,1,0,0,0
2062,429375,-0.76069401,0.91849804,-0.17360356,-0.07539659,0.18052828,-0.16858658,0,1,0,0,0
2063,429583,-0.78843529,0.88506271,-0.10920254,-0.08144457,0.18030806,-0.14328021,0,1,0,0,0
2064,429791,-0.82689595,0.86925272,-0.05007447,-0.09139371,0.19349825,-0.16241911,0,1,0,0,0
2065,430000,-0.86123469,0.84074018,0.02275731,-0.09949954,0.17999886,-0.13467987,0,1,0,0,0
2066,430208,-0.89388116,0.81068744,0.08125957,-0.10566247,0.17647457,-0.13261452,0,1,0,0,0
2067,430416,-0.91164721,0.76877192,0.14522877,-0.11688494,0.17811098,-0.10993606,0,1,0,0,0
2068,430625,-0.93785249,0.72678209,0.20026281,-0.13842934,0.17964574,-0.08884694,0,1,0,0,0
2069,430833,-0.94972478,0.67802612,0.27523575,-0.13751480,0.17049545,-0.08758915,0,1,0,0,0
2070,431041,-0.97584840,0.63357992,0.34182951,-0.14790330,0.17517426,-0.06158178,0,1,0,0,0
2071,431250,-0.98043972,0.59086211,0.39791981,-0.15702692,0.15474452,-0.02819749,0,1,0,0,0
2072,431458,-0.99010897,0.53159046,0.46509752,-0.17707528,0.15528260,-0.02922386,0,1,0,0,0
2073,431666,-0.99154269,0.47571755,0.51352327,-0.18125156,0.15272589,-0.01045596,0,1,0,0,0
2074,431875,-0.98348230,0.42078217,0.57258631,-0.19690426,0.13694581,-0.01552316,0,1,0,0,0
2075,432083,-0.97442108,0.35608796,0.62102669,-0.20136133,0.14429039,0.00317369,0,1,0,0,0
2076,432291,-0.96773246,0.28992469,0.67990684,-0.19716016,0.13388810,-0.00535180,0,1,0,0,0
2077,432500,-0.95075040,0.22206861,0.72925401,-0.19629328,0.11683527,0.01989137,0,1,0,0,0
2078,432708,-0.94096568,0.17269995,0.77380144,-0.19542610,0.09072412,0.04240978,0,1,0,0,0
2079,432916,-0.90537811,0.11172796,0.81553091,-0.20535810,0.09578451,0.05815181,0,1,0,0,0
2080,433125,-0.88237693,0.04148237,0.86273468,-0.20486308,0.07940524,0.08565131,0,1,0,0,0
2081,433333,-0.84289182,-0.01883902,0.88913246,-0.18846780,0.08709122,0.08458119,0,1,0,0,0
2082,433541,-0.81331584,-0.08383896,0.92352330,-0.18581112,0.07152699,0.09248300,0,1,0,0,0
2083,433750,-0.77212773,-0.15767129,0.94683073,-0.18645137,0.07242745,0.09954069,0,1,0,0,0
2084,433958,-0.72584875,-0.22406277,0.95718442,-0.20169864,0.03568298,0.10838721,0,1,0,0,0
2085,434166,-0.68106903,-0.27550653,0.98435130,-0.18406395,0.03386600,0.11571192,0,1,0,0,0
2086,434375,-0.64192720,-0.34302228,1.00276722,-0.18664971,0.00738172,0.13678964,0,1,0,0,0
2087,434583,-0.57298848,-0.40718966,1.00607002,-0.18155215,0.00570206,0.13321169,0,1,0,0,0
2088,434791,-0.52836672,-0.46585262,1.01930234,-0.17830560,0.00296127,0.14757045,0,1,0,0,0
2089,435000,-0.47846230,-0.52036974,1.02029185,-0.18364032,-0.02327101,0.13435849,0,1,0,0,0
2090,435208,-0.42633525,-0.58448813,1.02063595,-0.16983098,-0.02096471,0.15036825,0,1,0,0,0
2091,435416,-0.36088837,-0.62639471,1.00233595,-0.16321131,-0.04516908,0.14401405,0,1,0,0,0
2092,435625,-0.29239338,-0.67674265,0.98987425,-0.15402721,-0.07493442,0.15567706,0,1,0,0,0
2093,435833,-0.23207611,-0.72665452,0.97087546,-0.15234604,-0.09585875,0.14738894,0,1,0,0,0
2094,436041,-0.16976206,-0.77258612,0.96135626,-0.13229319,-0.09230175,0.15732656,0,1,0,0,0
2095,436250,-0.10660049,-0.81038924,0.93546967,-0.12411223,-0.09769559,0.13757265,0,1,0,0,0
2096,436458,-0.03451101,-0.86128347,0.90596150,-0.10229868,-0.11213107,0.16889710,0,1,0,0,0
2097,436666,0.03072686,-0.88204376,0.86573295,-0.08357139,-0.11973172,0.17109483,0,1,0,0,0
2098,436875,0.09700509,-0.91826509,0.83814104,-0.07636525,-0.13521124,0.16325355,0,1,0,0,0
2099,437083,0.16874778,-0.94267422,0.79191348,-0.06098776,-0.15969866,0.17008107,0,1,0,0,0
2100,437291,0.22148474,-0.95546167,0.75560601,-0.03108955,-0.16545820,0.15618805,0,1,0,0,0
2101,437500,0.29536603,-0.97085009,0.71867415,-0.02067551,-0.19468148,0.16083468,0,1,0,0,0
2102,437708,0.36011267,-0.98360150,0.66111853,-0.01851717,-0.21130870,0.15867496,0,1,0,0,0
2103,437916,0.41286281,-0.99453335,0.61322248,0.01742288,-0.23110351,0.17172040,0,1,0,0,0
2104,438125,0.47628856,-1.00007215,0.54883321,0.01974534,-0.21854577,0.15749065,0,1,0,0,0
2105,438333,0.53151877,-0.99857523,0.50727663,0.02299230,-0.23649761,0.13925702,0,1,0,0,0
2106,438541,0.58399470,-0.99082491,0.44628112,0.05237564,-0.21645139,0.13042063,0,1,0,0,0
2107,438750,0.63745854,-0.98673451,0.38793844,0.05589187,-0.22078146,0.15275162,0,1,0,0,0
2108,438958,0.68889909,-0.97356744,0.32207886,0.05426974,-0.21843541,0.15337716,0,1,0,0,0
2109,439166,0.73288246,-0.95433376,0.26822571,0.07089366,-0.20935194,0.11477443,0,1,0,0,0
2110,439375,0.77312894,-0.94006921,0.19516165,0.07220113,-0.21857581,0.13587538,0,1,0,0,0
2111,439583,0.81423881,-0.91250262,0.13046494,0.09490960,-0.21157289,0.11695617,0,1,0,0,0
2112,439791,0.84601028,-0.89126089,0.06498678,0.10616556,-0.21842724,0.10508603,0,1,0,0,0
2113,440000,0.88291678,-0.85681492,0.00464721,0.12179501,-0.21004835,0.08274661,0,1,0,0,0
2114,440208,0.90567473,-0.81626354,-0.06773363,0.12384926,-0.21865071,0.06889780,0,1,0,0,0
2115,440416,0.93539792,-0.78199567,-0.13074536,0.13854716,-0.19764635,0.04213578,0,1,0,0,0
2116,440625,0.95796197,-0.74069600,-0.19359741,0.15756949,-0.21427941,0.05443451,0,1,0,0,0
2117,440833,0.97788613,-0.70343725,-0.24850750,0.17132483,-0.22668376,0.03667288,0,1,0,0,0
2118,441041,0.99833584,-0.64366857,-0.31766587,0.16589622,-0.20559694,0.02059093,0,1,0,0,0
2119,441250,1.00200678,-0.59381577,-0.37977489,0.17041727,-0.19851916,0.00958534,0,1,0,0,0
2120,441458,1.01138130,-0.54810529,-0.44345917,0.19291482,-0.21038485,-0.01560382,0,1,0,0,0
2121,441666,1.01534609,-0.49393226,-0.49110071,0.19711720,-0.20665582,-0.01218676,0,1,0,0,0
2122,441875,1.02116982,-0.42678751,-0.54802095,0.21468501,-0.19313515,-0.04028996,0,1,0,0,0
2123,442083,0.99918558,-0.36665368,-0.59965787,0.21776116,-0.18772443,-0.04221072,0,1,0,0,0
2124,442291,0.98645367,-0.30050443,-0.64718154,0.22726268,-0.16831544,-0.06321871,0,1,0,0,0
2125,442500,0.96814383,-0.25070356,-0.71121519,0.20692981,-0.15011228,-0.06750391,0,1,0,0,0
2126,442708,0.95839652,-0.18602315,-0.75885247,0.22511703,-0.14897163,-0.07066900,0,1,0,0,0
2127,442916,0.93263130,-0.11765694,-0.79688033,0.20978254,-0.14461881,-0.10512020,0,1,0,0,0
2128,443125,0.90938097,-0.04727269,-0.82990043,0.21654927,-0.12015443,-0.09244082,0,1,0,0,0
2129,443333,0.87634404,0.02044741,-0.86449584,0.23288786,-0.13334003,-0.11090870,0,1,0,0,0
2130,443541,0.83719680,0.08588061,-0.89757428,0.22571227,-0.10130858,-0.13019939,0,1,0,0,0
2131,443750,0.79859726,0.15114539,-0.92413466,0.22300199,-0.09245649,-0.13968911,0,1,0,0,0
2132,443958,0.75298525,0.21094310,-0.94547370,0.21487008,-0.09447961,-0.14956050,0,1,0,0,0
2133,444166,0.71613011,0.28160839,-0.95637326,0.22272618,-0.08171105,-0.15497173,0,1,0,0,0
2134,444375,0.67782707,0.34350603,-0.97243672,0.23143027,-0.08157977,-0.15859662,0,1,0,0,0
2135,444583,0.61229875,0.40235843,-0.99039467,0.20557735,-0.08694251,-0.15957338,0,1,0,0,0
2136,444791,0.56075174,0.45853576,-0.99243329,0.21243168,-0.03985250,-0.17535742,0,1,0,0,0
2137,445000,0.49910682,0.51132498,-0.99159324,0.22471334,-0.02724728,-0.16961717,0,1,0,0,0
2138,445208,0.44403180,0.57709203,-0.98703576,0.20224337,0.00761557,-0.19624790,0,1,0,0,0
2139,445416,0.38502013,0.62405471,-0.97553817,0.20003171,0.01147935,-0.19199897,0,1,0,0,0
2140,445625,0.32800867,0.67958339,-0.96130358,0.17884304,0.02192260,-0.17275098,0,1,0,0,0
2141,445833,0.25846572,0.73713397,-0.94510759,0.17096972,0.04316686,-0.18179832,0,1,0,0,0
2142,446041,0.19730842,0.78021370,-0.93360519,0.15436203,0.05044141,-0.19363817,0,1,0,0,0
2143,446250,0.12067332,0.82334741,-0.90505174,0.15642514,0.04989521,-0.17171399,0,1,0,0,0
2144,446458,0.05801276,0.84827788,-0.88089894,0.12733702,0.07282936,-0.18138936,0,1,0,0,0
2145,446666,-0.01624845,0.89833630,-0.85845608,0.12507416,0.07983696,-0.17486601,0,1,0,0,0
2146,446875,-0.07203812,0.91727278,-0.81895304,0.11503229,0.09734956,-0.16454097,0,1,0,0,0
2147,447083,-0.13737775,0.94919090,-0.77975226,0.08412655,0.12542652,-0.17350952,0,1,0,0,0
2148,447291,-0.20884079,0.97375138,-0.73692363,0.06171128,0.11190291,-0.16760734,0,1,0,0,0
2149,447500,-0.27379234,0.99020139,-0.69860348,0.06234601,0.12585579,-0.16781870,0,1,0,0,0
2150,447708,-0.32892466,1.00279323,-0.64587367,0.05284438,0.15958936,-0.17588728,0,1,0,0,0
2151,447916,-0.40692776,1.00411093,-0.59459201,0.03695949,0.16227319,-0.16174767,0,1,0,0,0
2152,448125,-0.45267937,1.00653644,-0.53205466,0.01621623,0.18727403,-0.16353260,0,1,0,0,0
2153,448333,-0.51474888,1.00808823,-0.47942463,0.00907876,0.18702942,-0.16242356,0,1,0,0,0
2154,448541,-0.57377823,1.00327137,-0.43087838,0.00530173,0.17802474,-0.14618636,0,1,0,0,0
2155,448750,-0.61060123,0.99326930,-0.36582712,-0.02476403,0.17682955,-0.16511305,0,1,0,0,0
2156,448958,-0.66391788,0.99008617,-0.29669354,-0.01193452,0.19817599,-0.16062964,0,1,0,0,0
2157,449166,-0.72468681,0.97222925,-0.23035400,-0.02315170,0.18806107,-0.14366168,0,1,0,0,0
2158,449375,-0.75672505,0.95241207,-0.17706367,-0.04987996,0.18792218,-0.14324035,0,1,0,0,0
2159,449583,-0.79656875,0.93218973,-0.11716855,-0.03342857,0.19175195,-0.12464353,0,1,0,0,0
2160,449791,-0.82587750,0.89997831,-0.05787032,-0.05711503,0.20323103,-0.10984585,0,1,0,0,0
