1,0,-0.44472352,0.99656589,-0.54837400,0.02010504,0.16645215,-0.17490524,0,0,0,0,0
2,208,-0.49462745,1.00696109,-0.50058860,-0.01868262,0.17346561,-0.18150035,0,0,0,0,0
3,416,-0.55358064,0.99800698,-0.44239561,-0.02070661,0.20398785,-0.16744736,0,0,0,0,0
4,625,-0.61095087,0.99147506,-0.37967253,-0.03005436,0.19044823,-0.16185388,0,0,0,0,0
5,833,-0.65956487,1.00076650,-0.32104348,-0.03349918,0.18766852,-0.15621454,0,0,0,0,0
6,1041,-0.70920897,0.96816629,-0.25577503,-0.05310118,0.19948454,-0.14875882,0,0,0,0,0
7,1250,-0.75326591,0.94791604,-0.19599830,-0.06561611,0.19132260,-0.13495221,0,0,0,0,0
8,1458,-0.79917977,0.91962028,-0.13887065,-0.08284354,0.21772526,-0.12968147,0,0,0,0,0
9,1666,-0.82937973,0.90770587,-0.07151874,-0.08412514,0.19123161,-0.11557296,0,0,0,0,0
10,1875,-0.87066318,0.86463640,0.00123378,-0.10056079,0.20174696,-0.08203378,0,0,0,0,0
11,2083,-0.90282426,0.83362643,0.06611858,-0.11012114,0.20794832,-0.10208273,0,0,0,0,0
12,2291,-0.92083304,0.80024384,0.13072632,-0.11636108,0.21029408,-0.04530396,0,0,0,0,0
13,2500,-0.94070218,0.75392702,0.19168840,-0.13875606,0.19625514,-0.05678568,0,0,0,0,0
14,2708,-0.96151185,0.70213711,0.26117421,-0.12968918,0.20443137,-0.03122633,0,0,0,0,0
15,2916,-0.97727077,0.65432493,0.31374820,-0.13957876,0.17154506,-0.03316766,0,0,0,0,0
16,3125,-0.98688354,0.60535538,0.38515259,-0.16831352,0.19429295,-0.02055465,0,0,0,0,0
17,3333,-0.99828069,0.55907820,0.44672425,-0.16588987,0.18760222,-0.00324725,0,0,0,0,0
18,3541,-0.99451736,0.50140760,0.51239335,-0.16896332,0.17621894,0.00413185,0,0,0,0,0
19,3750,-0.99713643,0.43727681,0.56370892,-0.17470742,0.15823055,0.01128940,0,0,0,0,0
20,3958,-0.98907716,0.38479963,0.62065993,-0.18092738,0.15309884,0.03095074,0,0,0,0,0
21,4166,-0.98004989,0.32236631,0.65958659,-0.18021524,0.14814887,0.04519940,0,0,0,0,0
22,4375,-0.96493798,0.24455600,0.71092136,-0.18331692,0.14794106,0.06285076,0,0,0,0,0
23,4583,-0.95132307,0.20259167,0.74615198,-0.20061361,0.15357613,0.06417694,0,0,0,0,0
24,4791,-0.93423397,0.12968003,0.79223142,-0.20709759,0.13110696,0.05794352,0,0,0,0,0
25,5000,-0.90148787,0.05012762,0.83184664,-0.19283839,0.12004711,0.08844267,0,0,0,0,0
26,5208,-0.86107633,-0.00224010,0.86336242,-0.22167859,0.11413207,0.09857522,0,0,0,0,0
27,5416,-0.83077388,-0.06238143,0.89253183,-0.22226781,0.07547134,0.11353414,0,0,0,0,0
28,5625,-0.79442796,-0.13203068,0.91929397,-0.20754656,0.06738594,0.10058561,0,0,0,0,0
29,5833,-0.74919673,-0.19749738,0.95095963,-0.18785813,0.06655638,0.13985936,0,0,0,0,0
30,6041,-0.70744347,-0.26061306,0.95485505,-0.19137751,0.06690508,0.13558828,0,0,0,0,0
31,6250,-0.66137771,-0.31906941,0.98111277,-0.18121769,0.03677111,0.14324100,0,0,0,0,0
32,6458,-0.61191146,-0.38595617,0.99078476,-0.19008191,0.02750644,0.14014125,0,0,0,0,0
33,6666,-0.56146204,-0.44383854,1.00394954,-0.18593211,0.01195275,0.17727505,0,0,0,0,0
34,6875,-0.49606115,-0.51071614,1.00225784,-0.17890880,-0.01557446,0.17943047,0,0,0,0,0
35,7083,-0.44398884,-0.55137470,0.99717114,-0.17046785,-0.02620644,0.18356057,0,0,0,0,0
36,7291,-0.38169184,-0.61620951,0.99205973,-0.16090287,-0.02008456,0.17888526,0,0,0,0,0
37,7500,-0.32200887,-0.66077790,0.98532150,-0.14797875,-0.02985143,0.21287701,0,0,0,0,0
38,7708,-0.26280902,-0.70607048,0.96548212,-0.12450207,-0.02511289,0.17490603,0,0,0,0,0
39,7916,-0.18460262,-0.75817324,0.94630456,-0.13358097,-0.05804323,0.19578434,0,0,0,0,0
40,8125,-0.12212323,-0.79075476,0.92282768,-0.11834425,-0.06548914,0.20235385,0,0,0,0,0
41,8333,-0.05471824,-0.83214529,0.90084325,-0.09877301,-0.07249047,0.19642358,0,0,0,0,0
42,8541,0.00310412,-0.87131938,0.85916960,-0.08883074,-0.10235416,0.19324218,0,0,0,0,0
43,8750,0.06270967,-0.90054747,0.83515348,-0.08686099,-0.10075565,0.17836978,0,0,0,0,0
44,8958,0.13150724,-0.91912655,0.78937365,-0.06698495,-0.13080400,0.21477286,0,0,0,0,0
45,9166,0.19741438,-0.94034524,0.76052019,-0.05952462,-0.13262861,0.19991400,0,0,0,0,0
46,9375,0.26027744,-0.97185290,0.70794881,-0.05714209,-0.12844096,0.18160279,0,0,0,0,0
47,9583,0.31532077,-0.97545685,0.65588199,-0.04617100,-0.12661593,0.20534569,0,0,0,0,0
48,9791,0.37810609,-0.98873327,0.60890074,-0.03785425,-0.16676380,0.17981599,0,0,0,0,0
49,10000,0.43451618,-0.99619943,0.55894540,-0.00830698,-0.16089519,0.17459479,0,0,0,0,0
50,10208,0.48879279,-0.99926730,0.49726454,0.02479225,-0.17444760,0.16760041,0,0,0,0,0
51,10416,0.56335105,-0.99382458,0.44539330,0.00918145,-0.17097803,0.15959023,0,0,0,0,0
52,10625,0.60631285,-0.99470944,0.39902022,0.01393563,-0.18200765,0.16108316,0,0,0,0,0
53,10833,0.65799834,-0.98260752,0.32721502,0.01204716,-0.21020607,0.14168613,0,0,0,0,0
54,11041,0.70441000,-0.96296830,0.25999445,0.06786718,-0.17683639,0.14479547,0,0,0,0,0
55,11250,0.74185047,-0.94322061,0.18780818,0.06037113,-0.20192262,0.12594280,0,0,0,0,0
56,11458,0.79507134,-0.92324492,0.12625688,0.07669410,-0.20462095,0.10152036,0,0,0,0,0
57,11666,0.83450000,-0.90013855,0.07253359,0.09658660,-0.20101935,0.09652675,0,0,0,0,0
58,11875,0.86430611,-0.86448131,0.00658276,0.09692249,-0.21504517,0.09300298,0,0,0,0,0
59,12083,0.89968991,-0.83347893,-0.06329894,0.11325291,-0.20138935,0.08873888,0,0,0,0,0
60,12291,0.93082576,-0.78895481,-0.13796913,0.11180691,-0.20068273,0.10301087,0,0,0,0,0
61,12500,0.94492973,-0.75390629,-0.19765876,0.11832316,-0.18152032,0.05591201,0,0,0,0,0
62,12708,0.95930856,-0.69973605,-0.26343450,0.15070733,-0.18333094,0.06046339,0,0,0,0,0
63,12916,0.98575032,-0.66607325,-0.32172083,0.14462790,-0.18268220,0.01057137,0,0,0,0,0
64,13125,0.99475566,-0.60981208,-0.38024513,0.15934267,-0.17413362,0.02345778,0,0,0,0,0
65,13333,1.00064983,-0.56086546,-0.45605216,0.15539412,-0.17584239,0.00918487,0,0,0,0,0
66,13541,0.98745985,-0.50193207,-0.50992516,0.17586615,-0.16173984,0.00507592,0,0,0,0,0
67,13750,1.00125801,-0.44179402,-0.55227912,0.18741280,-0.17175463,-0.00681755,0,0,0,0,0
68,13958,0.99595281,-0.38020268,-0.60691668,0.18038573,-0.16586005,-0.02358134,0,0,0,0,0
69,14166,0.98171324,-0.31892194,-0.66250265,0.19111327,-0.13188197,-0.04646697,0,0,0,0,0
70,14375,0.95794138,-0.26015834,-0.70984553,0.19933504,-0.13803713,-0.06353065,0,0,0,0,0
71,14583,0.94378465,-0.20191218,-0.75196560,0.19920104,-0.12923998,-0.06242806,0,0,0,0,0
72,14791,0.92759512,-0.13388672,-0.79447816,0.20292141,-0.09535322,-0.08461260,0,0,0,0,0
73,15000,0.90222225,-0.06095002,-0.83395238,0.18638842,-0.11236601,-0.07674266,0,0,0,0,0
74,15208,0.86214841,0.00108593,-0.87370454,0.20569441,-0.08836998,-0.08471545,0,0,0,0,0
75,15416,0.83034951,0.06648850,-0.89065603,0.19724025,-0.07240177,-0.10488674,0,0,0,0,0
76,15625,0.78969941,0.13153779,-0.92676070,0.21060581,-0.07811549,-0.11203876,0,0,0,0,0
77,15833,0.76325027,0.19708416,-0.94861157,0.19251163,-0.06579355,-0.10793347,0,0,0,0,0
78,16041,0.69976050,0.26186537,-0.96119567,0.18774275,-0.04958372,-0.13288982,0,0,0,0,0
79,16250,0.66210332,0.32038999,-0.98249394,0.21434199,-0.03967409,-0.14118976,0,0,0,0,0
80,16458,0.61688059,0.38453325,-0.98259394,0.19372156,-0.01122030,-0.16093809,0,0,0,0,0
81,16666,0.56427049,0.44253569,-1.00153040,0.16309084,0.00030931,-0.16543459,0,0,0,0,0
82,16875,0.51124896,0.50985035,-0.99842228,0.18034167,0.01765502,-0.18553174,0,0,0,0,0
83,17083,0.44746624,0.55812113,-0.98760451,0.16670359,0.01965901,-0.17420096,0,0,0,0,0
84,17291,0.38678934,0.60486117,-0.98941026,0.16443517,0.00801856,-0.18785108,0,0,0,0,0
85,17500,0.32180204,0.66138108,-0.97845613,0.15887950,0.04986265,-0.17601158,0,0,0,0,0
86,17708,0.25679908,0.70860866,-0.96489076,0.14813188,0.05970837,-0.20053639,0,0,0,0,0
87,17916,0.19655268,0.74822430,-0.94827440,0.13602328,0.04922249,-0.22462161,0,0,0,0,0
88,18125,0.12790033,0.78532313,-0.91658804,0.11926118,0.08797398,-0.18774928,0,0,0,0,0
89,18333,0.05631991,0.83905643,-0.89830439,0.11723524,0.09303216,-0.21276431,0,0,0,0,0
90,18541,0.00485524,0.86632758,-0.86786134,0.09244148,0.08881790,-0.23336882,0,0,0,0,0
91,18750,-0.05640598,0.89286916,-0.84101833,0.08552091,0.11040773,-0.19246643,0,0,0,0,0
92,18958,-0.13421249,0.92123003,-0.79771852,0.06543545,0.12029876,-0.19591440,0,0,0,0,0
93,19166,-0.19569890,0.94742670,-0.75314066,0.05285419,0.14473219,-0.20449366,0,0,0,0,0
94,19375,-0.24784369,0.96958514,-0.70057509,0.05277827,0.13756612,-0.19796577,0,0,0,0,0
95,19583,-0.31872705,0.97922347,-0.67174165,0.03388835,0.14102593,-0.18162803,0,0,0,0,0
96,19791,-0.38415598,0.99228729,-0.61090003,0.02993922,0.16610417,-0.19432183,0,0,0,0,0
97,20000,-0.44322358,0.99860128,-0.55776798,0.01618753,0.17135465,-0.15476376,0,0,0,0,0
98,20208,-0.50493466,0.99706727,-0.50136425,-0.00740450,0.16162710,-0.18707497,0,0,0,0,0
99,20416,-0.55233005,0.99527828,-0.44380099,-0.02440823,0.17876881,-0.18109932,0,0,0,0,0
100,20625,-0.61283520,0.99431797,-0.38093726,-0.00198583,0.18988613,-0.16980131,0,0,0,0,0
101,20833,-0.65138655,0.98260093,-0.32612389,-0.05272140,0.17790188,-0.15614177,0,0,0,0,0
102,21041,-0.70541471,0.96682013,-0.26288361,-0.06114889,0.19891396,-0.13049882,0,0,0,0,0
103,21250,-0.75783270,0.95405490,-0.19606320,-0.06187031,0.18514670,-0.12483058,0,0,0,0,0
104,21458,-0.79405151,0.92409995,-0.13036000,-0.07955593,0.18575237,-0.12148419,0,0,0,0,0
105,21666,-0.83153446,0.89614476,-0.06073407,-0.08270452,0.20362283,-0.10338424,0,0,0,0,0
106,21875,-0.86584473,0.86196787,-0.00060488,-0.09608284,0.20764192,-0.07477877,0,0,0,0,0
107,22083,-0.90404870,0.83164182,0.06597738,-0.11251073,0.20049153,-0.09322428,0,0,0,0,0
108,22291,-0.91777252,0.78756707,0.13103218,-0.11085306,0.21544034,-0.08497556,0,0,0,0,0
109,22500,-0.94874458,0.74993954,0.18624342,-0.14349423,0.21321139,-0.05037817,0,0,0,0,0
110,22708,-0.96064274,0.69760216,0.25831431,-0.12925578,0.20040854,-0.05573864,0,0,0,0,0
111,22916,-0.98291917,0.66644230,0.32657792,-0.14638295,0.20516731,-0.05427374,0,0,0,0,0
112,23125,-0.98996815,0.60671592,0.38538039,-0.14513352,0.17666555,-0.03049441,0,0,0,0,0
113,23333,-0.98868659,0.56157522,0.44000260,-0.16782643,0.16522675,-0.01407260,0,0,0,0,0
114,23541,-1.00479488,0.50651522,0.49769038,-0.16015777,0.17123467,-0.01056814,0,0,0,0,0
115,23750,-0.99544638,0.44882250,0.55865296,-0.17491582,0.15952280,0.00491879,0,0,0,0,0
116,23958,-0.99928369,0.38135967,0.60407858,-0.17280086,0.17810537,0.03675151,0,0,0,0,0
117,24166,-0.97983269,0.32719716,0.66219090,-0.17331443,0.14584181,0.03013591,0,0,0,0,0
118,24375,-0.95958718,0.26515955,0.71150812,-0.18543397,0.17057946,0.06455332,0,0,0,0,0
119,24583,-0.95094526,0.19153757,0.75804003,-0.19316022,0.12513120,0.06612555,0,0,0,0,0
120,24791,-0.92662242,0.12596083,0.79675409,-0.21455565,0.13172122,0.06608081,0,0,0,0,0
121,25000,-0.89555331,0.06168002,0.84254023,-0.20177575,0.11282787,0.07734782,0,0,0,0,0
122,25208,-0.88004370,-0.00690833,0.86856711,-0.21203015,0.10126049,0.08253876,0,0,0,0,0
123,25416,-0.83368303,-0.06539940,0.89624809,-0.19756883,0.08286930,0.10313940,0,0,0,0,0
124,25625,-0.79530406,-0.13983536,0.92566576,-0.19835321,0.04628670,0.11433572,0,0,0,0,0
125,25833,-0.76262178,-0.18771271,0.94330641,-0.19524562,0.05323841,0.13762354,0,0,0,0,0
126,26041,-0.70263372,-0.26180431,0.96994208,-0.18097527,0.06006502,0.12449584,0,0,0,0,0
127,26250,-0.66402896,-0.32398083,0.98199504,-0.19677796,0.03634319,0.14583132,0,0,0,0,0
128,26458,-0.60968198,-0.38537117,0.99195912,-0.17879113,0.01845299,0.15333935,0,0,0,0,0
129,26666,-0.55833110,-0.44174415,0.99255472,-0.17928447,0.01397596,0.15817994,0,0,0,0,0
130,26875,-0.50126210,-0.49352027,1.00173620,-0.17984964,-0.00446080,0.15577050,0,0,0,0,0
131,27083,-0.43591469,-0.55129645,0.98945600,-0.18200677,-0.01916285,0.19948025,0,0,0,0,0
132,27291,-0.38141352,-0.61514107,0.99313353,-0.16120248,-0.01770598,0.18078571,0,0,0,0,0
133,27500,-0.32346429,-0.65056435,0.98383984,-0.14407306,-0.05014407,0.21185929,0,0,0,0,0
134,27708,-0.25326659,-0.70111936,0.97025349,-0.13700554,-0.04922428,0.18594900,0,0,0,0,0
135,27916,-0.19968085,-0.74510191,0.94224766,-0.12811395,-0.06002948,0.20407257,0,0,0,0,0
136,28125,-0.13050532,-0.79183284,0.91649138,-0.14354704,-0.06789851,0.22406319,0,0,0,0,0
137,28333,-0.06682304,-0.83051374,0.90182596,-0.11587925,-0.07558139,0.18723756,0,0,0,0,0
138,28541,-0.00647286,-0.86166435,0.86509642,-0.09570259,-0.08449267,0.20797698,0,0,0,0,0
139,28750,0.05844114,-0.90838249,0.83408624,-0.06640132,-0.09823279,0.19108079,0,0,0,0,0
140,28958,0.13030370,-0.92368011,0.78999111,-0.07919032,-0.13919845,0.22397978,0,0,0,0,0
141,29166,0.18931052,-0.94921190,0.74929922,-0.05721040,-0.10891016,0.20180123,0,0,0,0,0
142,29375,0.26366062,-0.97843673,0.69862655,-0.05001470,-0.14192858,0.18397383,0,0,0,0,0
143,29583,0.32190635,-0.97778254,0.66072858,-0.04043299,-0.15165598,0.18426869,0,0,0,0,0
144,29791,0.38390382,-0.98007629,0.61051203,-0.00764403,-0.15816103,0.17630712,0,0,0,0,0
145,30000,0.43669345,-0.99771835,0.56488965,-0.02175571,-0.17953530,0.17861939,0,0,0,0,0
146,30208,0.50195622,-0.99534423,0.51019990,0.00062734,-0.16875354,0.16911614,0,0,0,0,0
147,30416,0.54992853,-0.99589796,0.44202186,0.03019975,-0.18099231,0.16147635,0,0,0,0,0
148,30625,0.60407166,-0.98547302,0.38421646,0.00922375,-0.18661085,0.14437166,0,0,0,0,0
149,30833,0.65049190,-0.97617877,0.32092243,0.06037317,-0.19916882,0.15101241,0,0,0,0,0
150,31041,0.70618108,-0.96078858,0.26331939,0.06840430,-0.20857657,0.13602907,0,0,0,0,0
151,31250,0.75480846,-0.94361322,0.20053000,0.06588783,-0.19822946,0.12028547,0,0,0,0,0
152,31458,0.79165878,-0.93199905,0.13830344,0.08374020,-0.21972905,0.11640266,0,0,0,0,0
153,31666,0.82798399,-0.89350348,0.07057283,0.07416575,-0.20659723,0.09253301,0,0,0,0,0
154,31875,0.86125338,-0.85809738,0.01373683,0.10711357,-0.19204370,0.07773161,0,0,0,0,0
155,32083,0.88980753,-0.82844426,-0.05624718,0.09464527,-0.18572270,0.07663742,0,0,0,0,0
156,32291,0.92564387,-0.79133036,-0.12428982,0.11693834,-0.19924272,0.07295476,0,0,0,0,0
157,32500,0.94888767,-0.74753589,-0.19375635,0.13323245,-0.19656011,0.07686217,0,0,0,0,0
158,32708,0.96845493,-0.69926307,-0.26509126,0.14615496,-0.20343286,0.06712921,0,0,0,0,0
159,32916,0.98961119,-0.66260163,-0.32431716,0.12675580,-0.17358792,0.03480774,0,0,0,0,0
160,33125,0.99126692,-0.60989297,-0.38619772,0.14242775,-0.18325290,0.02319605,0,0,0,0,0
161,33333,1.00144519,-0.55281413,-0.44573622,0.16740683,-0.20801775,-0.00095359,0,0,0,0,0
162,33541,0.99441127,-0.50394106,-0.49977642,0.17677183,-0.18469014,-0.01151711,0,0,0,0,0
163,33750,0.99679917,-0.43848128,-0.55795248,0.18559494,-0.15362959,-0.01981157,0,0,0,0,0
164,33958,0.98955801,-0.38474941,-0.60830023,0.17413813,-0.15698094,-0.02857900,0,0,0,0,0
165,34166,0.97670982,-0.32882090,-0.66613529,0.19258005,-0.15816342,-0.04458895,0,0,0,0,0
166,34375,0.97036144,-0.26040869,-0.71076993,0.19019155,-0.13665660,-0.06563976,0,0,0,0,0
167,34583,0.94945784,-0.19123163,-0.75727088,0.19551919,-0.13222439,-0.06989324,0,0,0,0,0
168,34791,0.92460761,-0.13492351,-0.78743697,0.20168052,-0.10716557,-0.07305404,0,0,0,0,0
169,35000,0.89841997,-0.06721792,-0.82612089,0.19123224,-0.12552392,-0.09539778,0,0,0,0,0
170,35208,0.86774624,0.00047736,-0.86189855,0.21262130,-0.09448870,-0.10041420,0,0,0,0,0
171,35416,0.83009891,0.05934999,-0.88991701,0.21334049,-0.07144217,-0.10110408,0,0,0,0,0
172,35625,0.78837991,0.12548818,-0.92378735,0.21173890,-0.07716497,-0.12829499,0,0,0,0,0
173,35833,0.75177359,0.19581061,-0.94304332,0.19450282,-0.05630301,-0.14312066,0,0,0,0,0
174,36041,0.70857601,0.26106831,-0.96067576,0.19038904,-0.05249381,-0.15666892,0,0,0,0,0
175,36250,0.66360937,0.31972635,-0.98396524,0.21973671,-0.03195671,-0.15568617,0,0,0,0,0
176,36458,0.60803778,0.38223730,-0.98434073,0.19771451,-0.01426437,-0.17021738,0,0,0,0,0
177,36666,0.55045128,0.44121024,-1.01634001,0.18457646,-0.01417688,-0.16044879,0,0,0,0,0
178,36875,0.49385340,0.50728886,-0.99949887,0.16087119,0.00849841,-0.16070252,0,0,0,0,0
179,37083,0.44036829,0.55911920,-1.00071781,0.16719331,0.00264929,-0.17791771,0,0,0,0,0
180,37291,0.37742750,0.60407363,-1.00012747,0.16061379,0.01605125,-0.18357284,0,0,0,0,0
181,37500,0.32034147,0.65947329,-0.98900137,0.16208617,0.05123949,-0.18958528,0,0,0,0,0
182,37708,0.27177527,0.71021504,-0.96460128,0.13976586,0.06009665,-0.20040160,0,0,0,0,0
183,37916,0.19723928,0.75513800,-0.93584711,0.13037939,0.08196280,-0.20287757,0,0,0,0,0
184,38125,0.12290749,0.79601882,-0.92844013,0.12230205,0.07179865,-0.19736897,0,0,0,0,0
185,38333,0.06118792,0.83645544,-0.89622336,0.09330624,0.06657692,-0.22242312,0,0,0,0,0
186,38541,0.00520351,0.86618612,-0.86048905,0.07390168,0.08252480,-0.19683448,0,0,0,0,0
187,38750,-0.06237517,0.89089867,-0.83443865,0.07061121,0.11085843,-0.20791538,0,0,0,0,0
188,38958,-0.11960380,0.92125244,-0.80281397,0.08199111,0.12134112,-0.19374082,0,0,0,0,0
189,39166,-0.19305752,0.95450267,-0.75715047,0.05070203,0.12942914,-0.21758853,0,0,0,0,0
190,39375,-0.25639210,0.96773434,-0.70627456,0.05378150,0.13578217,-0.20051402,0,0,0,0,0
191,39583,-0.31695857,0.98270602,-0.66468767,0.02873871,0.14478622,-0.19406532,0,0,0,0,0
192,39791,-0.39339156,0.99850977,-0.61687408,0.04616688,0.14915593,-0.20269378,0,0,0,0,0
193,40000,-0.44297324,1.00061526,-0.55821971,0.00752502,0.18276609,-0.16241102,0,0,0,0,0
194,40208,-0.49164158,0.99637679,-0.50614785,-0.00868762,0.17638653,-0.17684953,0,0,0,0,0
195,40416,-0.55143184,0.99677960,-0.44769202,-0.00885352,0.17770236,-0.15874399,0,0,0,0,0
196,40625,-0.60217910,0.99691667,-0.38568980,-0.01785124,0.17786747,-0.14963483,0,0,0,0,0
197,40833,-0.65164179,0.98227635,-0.31950005,-0.04042835,0.19178424,-0.14717052,0,0,0,0,0
198,41041,-0.70800346,0.96491506,-0.26167423,-0.05484097,0.19525478,-0.13013030,0,0,0,0,0
199,41250,-0.74947098,0.93685444,-0.19069143,-0.04743679,0.20216121,-0.13021374,0,0,0,0,0
200,41458,-0.78827546,0.91978197,-0.12627075,-0.07807010,0.19468534,-0.11352624,0,0,0,0,0
201,41666,-0.81884035,0.89747303,-0.06671172,-0.07325231,0.21323818,-0.10837144,0,0,0,0,0
202,41875,-0.85863606,0.85701829,-0.01076591,-0.07837965,0.19886557,-0.09006371,0,0,0,0,0
203,42083,-0.89895633,0.82638545,0.07027506,-0.10971408,0.19912188,-0.10761469,0,0,0,0,0
204,42291,-0.92103630,0.79497181,0.13123866,-0.14058129,0.20757319,-0.06981380,0,0,0,0,0
205,42500,-0.94482448,0.76382322,0.19874853,-0.13127890,0.20408803,-0.05504005,0,0,0,0,0
206,42708,-0.96029644,0.70338902,0.24079451,-0.13024917,0.20175588,-0.04925179,0,0,0,0,0
207,42916,-0.98180461,0.66302098,0.31806163,-0.15372571,0.20144255,-0.02076637,0,0,0,0,0
208,43125,-0.99729290,0.61612912,0.37609364,-0.13511844,0.18667293,-0.04230214,0,0,0,0,0
209,43333,-0.99101511,0.55249422,0.44056188,-0.16217316,0.19842329,-0.01183781,0,0,0,0,0
210,43541,-0.99872104,0.50988836,0.50625561,-0.17703127,0.17737580,-0.00251138,0,0,0,0,0
211,43750,-0.99185674,0.44784094,0.54410993,-0.16431492,0.18393532,0.01557502,0,0,0,0,0
212,43958,-0.98462033,0.38575075,0.59983964,-0.18253670,0.18274539,0.02688212,0,0,0,0,0
213,44166,-0.98176804,0.31708767,0.65811544,-0.17623101,0.16933200,0.03714185,0,0,0,0,0
214,44375,-0.97074979,0.25937513,0.70364288,-0.17987050,0.14885131,0.04421568,0,0,0,0,0
215,44583,-0.93805264,0.19127416,0.75527342,-0.18957609,0.12401396,0.07893042,0,0,0,0,0
216,44791,-0.92083467,0.12794126,0.80051130,-0.19074079,0.12749334,0.07006053,0,0,0,0,0
217,45000,-0.89348321,0.06542244,0.84580116,-0.20110923,0.10426013,0.08170040,0,0,0,0,0
218,45208,-0.86347210,-0.00845509,0.86850551,-0.21762956,0.09330342,0.08747959,0,0,0,0,0
219,45416,-0.83309105,-0.06637485,0.90477685,-0.19877545,0.08951443,0.12939523,0,0,0,0,0
220,45625,-0.78956725,-0.12030807,0.91634474,-0.21484931,0.05912205,0.10419948,0,0,0,0,0
221,45833,-0.75822074,-0.19632769,0.94768921,-0.17969921,0.05256785,0.13458165,0,0,0,0,0
222,46041,-0.70781915,-0.25485401,0.96483019,-0.20934496,0.04249073,0.13299863,0,0,0,0,0
223,46250,-0.65904863,-0.32526867,0.97535581,-0.19036882,0.04212857,0.14296513,0,0,0,0,0
224,46458,-0.61242833,-0.39170212,0.98738046,-0.17108249,0.01305730,0.16384853,0,0,0,0,0
225,46666,-0.55376907,-0.44592607,0.99575554,-0.18274666,0.00904441,0.17447013,0,0,0,0,0
226,46875,-0.50010781,-0.49928729,0.99879169,-0.16250189,0.00188068,0.18997430,0,0,0,0,0
227,47083,-0.43976890,-0.55124795,0.99153938,-0.16059320,-0.01272377,0.17101188,0,0,0,0,0
228,47291,-0.38233616,-0.60697304,0.99101521,-0.15444611,-0.01178736,0.18180306,0,0,0,0,0
229,47500,-0.31448408,-0.66828946,0.98565583,-0.15962859,-0.06435828,0.20244933,0,0,0,0,0
230,47708,-0.25172281,-0.70848365,0.96079978,-0.14575742,-0.04806743,0.18774809,0,0,0,0,0
231,47916,-0.20223675,-0.75099771,0.94335703,-0.13644897,-0.06464595,0.19979870,0,0,0,0,0
232,48125,-0.13691232,-0.78527702,0.91661244,-0.11920383,-0.08437207,0.19418113,0,0,0,0,0
233,48333,-0.06551000,-0.82829214,0.90360906,-0.10936040,-0.06896104,0.19033667,0,0,0,0,0
234,48541,-0.01024134,-0.87290174,0.86866569,-0.07993835,-0.10154933,0.20005945,0,0,0,0,0
235,48750,0.06324540,-0.90379922,0.83683102,-0.09621036,-0.09828241,0.21617037,0,0,0,0,0
236,48958,0.12818296,-0.91881789,0.78954883,-0.06196815,-0.11634194,0.20420063,0,0,0,0,0
237,49166,0.19840125,-0.94731555,0.75144356,-0.06284995,-0.12368543,0.19677072,0,0,0,0,0
238,49375,0.25859280,-0.97542941,0.70440796,-0.05304127,-0.12870820,0.21014649,0,0,0,0,0
239,49583,0.31998031,-0.97293198,0.66447324,-0.04104519,-0.16123491,0.18833531,0,0,0,0,0
240,49791,0.38171054,-0.98964654,0.61070681,-0.04207118,-0.16245852,0.17945496,0,0,0,0,0
241,50000,0.44123198,-0.99191052,0.56149371,-0.00490766,-0.16081722,0.18605234,0,0,0,0,0
242,50208,0.50084678,-0.99700849,0.49091270,-0.00053272,-0.15246815,0.17572596,0,0,0,0,0
243,50416,0.55395453,-1.00305994,0.45384955,0.00066257,-0.15970297,0.17981900,0,0,0,0,0
244,50625,0.60654518,-0.99195016,0.39256248,0.03043403,-0.17238018,0.16574330,0,0,0,0,0
245,50833,0.66640742,-0.98835808,0.32099776,0.04081099,-0.17985109,0.14261492,0,0,0,0,0
246,51041,0.70176388,-0.96977133,0.25472239,0.05698507,-0.20072010,0.13514215,0,0,0,0,0
247,51250,0.74168454,-0.95010567,0.20300986,0.07629890,-0.19936790,0.12191779,0,0,0,0,0
248,51458,0.79365001,-0.92590170,0.13351157,0.07234335,-0.19778586,0.11273310,0,0,0,0,0
249,51666,0.83115546,-0.90346644,0.07021030,0.07946040,-0.20056617,0.09541172,0,0,0,0,0
250,51875,0.85603364,-0.85845998,-0.00391936,0.10416444,-0.22969614,0.11288595,0,0,0,0,0
251,52083,0.89629918,-0.83421641,-0.06455603,0.11542704,-0.20499704,0.06571305,0,0,0,0,0
252,52291,0.92478505,-0.79691847,-0.13037842,0.11490464,-0.22315460,0.06977454,0,0,0,0,0
253,52500,0.94876132,-0.75622778,-0.18865504,0.12322150,-0.19260462,0.04372621,0,0,0,0,0
254,52708,0.96027385,-0.71163088,-0.25551739,0.14231037,-0.19446349,0.05349519,0,0,0,0,0
255,52916,0.98379902,-0.65797556,-0.32402340,0.14962419,-0.18690783,0.04023400,0,0,0,0,0
256,53125,0.98819832,-0.61213191,-0.38504276,0.16018865,-0.19633267,0.01226862,0,0,0,0,0
257,53333,0.99661128,-0.55781922,-0.44734229,0.16335092,-0.17951131,0.00875806,0,0,0,0,0
258,53541,1.00163861,-0.49783355,-0.49700554,0.17098085,-0.17458235,0.01351967,0,0,0,0,0
259,53750,0.99793663,-0.44193300,-0.55516987,0.17799917,-0.17653598,-0.00338776,0,0,0,0,0
260,53958,0.98182013,-0.37519501,-0.61737143,0.18585672,-0.15821873,-0.01410664,0,0,0,0,0
261,54166,0.98359588,-0.31813262,-0.66516958,0.17532031,-0.14933293,-0.04305959,0,0,0,0,0
262,54375,0.96273639,-0.26337566,-0.70306482,0.19715806,-0.13316534,-0.04603697,0,0,0,0,0
263,54583,0.95002271,-0.20040041,-0.75887917,0.19570314,-0.14767893,-0.04319614,0,0,0,0,0
264,54791,0.93200882,-0.14778400,-0.79952498,0.19838149,-0.11628768,-0.06683803,0,0,0,0,0
265,55000,0.90172034,-0.05648621,-0.83069455,0.21025108,-0.10878207,-0.07476455,0,0,0,0,0
266,55208,0.87184990,0.00845345,-0.86178634,0.19958910,-0.09593174,-0.09706468,0,0,0,0,0
267,55416,0.83817490,0.06376378,-0.89476901,0.19889897,-0.07969136,-0.09304099,0,0,0,0,0
268,55625,0.79715343,0.13442001,-0.92905080,0.20006371,-0.06292760,-0.12162823,0,0,0,0,0
269,55833,0.75662384,0.20243743,-0.93787069,0.18648501,-0.05526889,-0.11398452,0,0,0,0,0
270,56041,0.70809816,0.25121327,-0.96249799,0.19946939,-0.04231971,-0.14291414,0,0,0,0,0
271,56250,0.65697660,0.31730262,-0.97606553,0.19046979,-0.01873901,-0.13126352,0,0,0,0,0
272,56458,0.61443877,0.37581384,-0.99958225,0.19219095,-0.02761291,-0.17317530,0,0,0,0,0
273,56666,0.54850774,0.44526532,-1.00238191,0.17574466,-0.00524802,-0.15540031,0,0,0,0,0
274,56875,0.50399389,0.49929435,-1.00037656,0.16827007,-0.01052203,-0.17365947,0,0,0,0,0
275,57083,0.43764024,0.55651586,-1.00476113,0.17850158,0.02249986,-0.18691653,0,0,0,0,0
276,57291,0.38287511,0.60294279,-1.00235318,0.16078782,0.03573597,-0.18548268,0,0,0,0,0
277,57500,0.31948759,0.65359239,-0.98186609,0.14379745,0.02407802,-0.18513461,0,0,0,0,0
278,57708,0.26102244,0.70584309,-0.96176122,0.14477702,0.04489273,-0.20615811,0,0,0,0,0
279,57916,0.19441059,0.75496309,-0.94252248,0.12733847,0.04544872,-0.20739240,0,0,0,0,0
280,58125,0.12775298,0.79503523,-0.91816898,0.12495828,0.06620690,-0.20535536,0,0,0,0,0
281,58333,0.06235715,0.83287337,-0.88822031,0.10628363,0.08485010,-0.19653792,0,0,0,0,0
282,58541,0.00578807,0.86039378,-0.86498672,0.08336254,0.09543446,-0.20127207,0,0,0,0,0
283,58750,-0.06327510,0.89572943,-0.83355921,0.09138478,0.10272468,-0.21683493,0,0,0,0,0
284,58958,-0.12991183,0.93128925,-0.79281313,0.07837462,0.12227416,-0.19370718,0,0,0,0,0
285,59166,-0.19080887,0.95429645,-0.74990769,0.07046379,0.12704683,-0.21346827,0,0,0,0,0
286,59375,-0.25397144,0.96084384,-0.71113637,0.04282760,0.13615939,-0.18780820,0,0,0,0,0
287,59583,-0.32463694,0.98445552,-0.66029857,0.04510647,0.14287776,-0.18082889,0,0,0,0,0
288,59791,-0.38732393,0.98466486,-0.60870904,0.01329999,0.14079563,-0.20035974,0,0,0,0,0
289,60000,-0.44281931,1.00291839,-0.55498847,0.00956487,0.17523979,-0.18321307,0,0,0,0,0
290,60208,-0.50021823,0.99384378,-0.50067368,0.02513380,0.17497105,-0.17375312,0,0,0,0,0
291,60416,-0.55892043,0.99762702,-0.43783683,-0.02027745,0.18229837,-0.15891980,0,0,0,0,0
292,60625,-0.61598288,0.99050613,-0.39490639,-0.02596044,0.19080662,-0.14731758,0,0,0,0,0
293,60833,-0.65239230,0.98700081,-0.33158538,-0.04971569,0.19226437,-0.15606982,0,0,0,0,0
294,61041,-0.70523454,0.95914367,-0.25755262,-0.05060684,0.19837212,-0.14852034,0,0,0,0,0
295,61250,-0.75712231,0.94215829,-0.19711755,-0.06330624,0.20847411,-0.13792090,0,0,0,0,0
296,61458,-0.80591825,0.92102110,-0.13255348,-0.07550261,0.19456195,-0.11897459,0,0,0,0,0
297,61666,-0.82207017,0.90053281,-0.06911910,-0.10374624,0.20137406,-0.10462762,0,0,0,0,0
298,61875,-0.86128000,0.86739115,-0.00002845,-0.09225040,0.19771794,-0.09338889,0,0,0,0,0
299,62083,-0.89785542,0.83558454,0.06171242,-0.12286402,0.19561647,-0.08379391,0,0,0,0,0
300,62291,-0.91514019,0.80077562,0.12165594,-0.13688348,0.19512492,-0.08938609,0,0,0,0,0
301,62500,-0.94725539,0.75393489,0.19676164,-0.12775143,0.20822393,-0.04184277,0,0,0,0,0
302,62708,-0.96496610,0.71139731,0.25813946,-0.12987931,0.19584251,-0.05528909,0,0,0,0,0
303,62916,-0.97009242,0.65198276,0.32826293,-0.13765066,0.19245151,-0.03409619,0,0,0,0,0
304,63125,-0.98910475,0.59878743,0.38274722,-0.16217275,0.17003959,-0.03236059,0,0,0,0,0
305,63333,-0.99528173,0.56492435,0.44637853,-0.14678756,0.19211029,-0.01723963,0,0,0,0,0
306,63541,-1.00171107,0.51133125,0.49422463,-0.18813804,0.15603631,0.00440242,0,0,0,0,0
307,63750,-0.99702059,0.44787895,0.56901033,-0.16329146,0.16098221,0.00945994,0,0,0,0,0
308,63958,-0.98975165,0.38464725,0.60853569,-0.16007362,0.15749748,0.04175510,0,0,0,0,0
309,64166,-0.99451900,0.32335026,0.66251310,-0.17172272,0.16014830,0.03453868,0,0,0,0,0
310,64375,-0.98200868,0.25209649,0.70020556,-0.18457025,0.13949891,0.04741803,0,0,0,0,0
311,64583,-0.95775236,0.19828894,0.74885484,-0.19259116,0.13928501,0.04692572,0,0,0,0,0
312,64791,-0.93278108,0.12617207,0.79955576,-0.19693491,0.11531419,0.07348880,0,0,0,0,0
313,65000,-0.90377053,0.05483138,0.82807572,-0.20155753,0.10323513,0.08970995,0,0,0,0,0
314,65208,-0.86444064,0.00277141,0.86273197,-0.20309261,0.09977667,0.09394683,0,0,0,0,0
315,65416,-0.83097457,-0.07106828,0.89055028,-0.20141858,0.08241920,0.10573054,0,0,0,0,0
316,65625,-0.79324062,-0.12808478,0.92711511,-0.20129223,0.06288473,0.10362098,0,0,0,0,0
317,65833,-0.74327139,-0.18415441,0.95040689,-0.19659612,0.05901783,0.13123727,0,0,0,0,0
318,66041,-0.71022456,-0.26550365,0.97281806,-0.17275646,0.07121739,0.13515523,0,0,0,0,0
319,66250,-0.66066025,-0.32119156,0.98264801,-0.18834571,0.03131826,0.12128543,0,0,0,0,0
320,66458,-0.61494314,-0.38229185,0.98939482,-0.17876093,0.01466355,0.13267180,0,0,0,0,0
321,66666,-0.55180536,-0.43631186,1.00095440,-0.17632499,0.00371367,0.16353275,0,0,0,0,0
322,66875,-0.49642996,-0.50618737,0.99894052,-0.18140079,0.01060439,0.16972606,0,0,0,0,0
323,67083,-0.44090693,-0.55236648,0.99251814,-0.17774383,-0.02381920,0.16314977,0,0,0,0,0
324,67291,-0.38668843,-0.60668099,0.98327814,-0.15914972,-0.03688799,0.18315203,0,0,0,0,0
325,67500,-0.31945399,-0.65469297,0.97472340,-0.13268323,-0.01380351,0.19278299,0,0,0,0,0
326,67708,-0.26217176,-0.70365817,0.96902574,-0.13636689,-0.06166349,0.18875269,0,0,0,0,0
327,67916,-0.19578465,-0.74845013,0.94929219,-0.12247408,-0.06472613,0.21719179,0,0,0,0,0
328,68125,-0.12336786,-0.79224908,0.91538442,-0.13341356,-0.05795795,0.20633147,0,0,0,0,0
329,68333,-0.06738523,-0.84101130,0.89940212,-0.11972330,-0.07299437,0.20778807,0,0,0,0,0
330,68541,0.00484964,-0.87225027,0.87058764,-0.10103202,-0.10892636,0.18776231,0,0,0,0,0
331,68750,0.06082484,-0.90104365,0.83640807,-0.07611692,-0.11048173,0.21285546,0,0,0,0,0
332,68958,0.13319998,-0.91355210,0.79438380,-0.06574776,-0.12307717,0.20977199,0,0,0,0,0
333,69166,0.19550321,-0.95767519,0.75020947,-0.05292657,-0.11882286,0.17546810,0,0,0,0,0
334,69375,0.25641730,-0.96373908,0.71047827,-0.05503434,-0.13377547,0.18868854,0,0,0,0,0
335,69583,0.31586635,-0.98391641,0.65599642,-0.04761363,-0.13077558,0.19836299,0,0,0,0,0
336,69791,0.38081459,-0.99584085,0.60361019,-0.01019662,-0.16103737,0.16202843,0,0,0,0,0
337,70000,0.44857318,-0.99541980,0.54973409,0.00250696,-0.16873483,0.17669001,0,0,0,0,0
338,70208,0.49443811,-1.00208237,0.50016082,-0.00132273,-0.19132686,0.17109492,0,0,0,0,0
339,70416,0.55388147,-0.99796772,0.44488352,0.00219761,-0.17844534,0.15783513,0,0,0,0,0
340,70625,0.60318605,-0.98983167,0.38547008,0.01374230,-0.17189500,0.16503535,0,0,0,0,0
341,70833,0.65213770,-0.98490959,0.32235733,0.03587711,-0.17875415,0.13093269,0,0,0,0,0
342,71041,0.70616774,-0.96475807,0.26102569,0.07454351,-0.19007398,0.14293219,0,0,0,0,0
343,71250,0.74614574,-0.93851890,0.19702819,0.06721909,-0.20215458,0.13487614,0,0,0,0,0
344,71458,0.78909174,-0.91532515,0.13491941,0.07643547,-0.18784078,0.10969371,0,0,0,0,0
345,71666,0.83186435,-0.90038531,0.06303119,0.08776621,-0.19929667,0.12050753,0,0,0,0,0
346,71875,0.87119203,-0.86759390,0.00031224,0.10866692,-0.20812761,0.09744724,0,0,0,0,0
347,72083,0.89736998,-0.82703063,-0.05883543,0.11182383,-0.19716490,0.07320653,0,0,0,0,0
348,72291,0.93218029,-0.79317330,-0.12822765,0.11910079,-0.19861888,0.07872415,0,0,0,0,0
349,72500,0.95388486,-0.75206361,-0.19812153,0.12300912,-0.19235796,0.05165143,0,0,0,0,0
350,72708,0.97239379,-0.70472344,-0.25683808,0.13853202,-0.19466108,0.05957413,0,0,0,0,0
351,72916,0.97972646,-0.65336356,-0.32447956,0.15215095,-0.19394976,0.03567938,0,0,0,0,0
352,73125,0.99406556,-0.60867894,-0.38307213,0.15219169,-0.18900848,0.02883071,0,0,0,0,0
353,73333,1.00074125,-0.55187904,-0.44425564,0.16798400,-0.15361627,0.01598284,0,0,0,0,0
354,73541,0.99927450,-0.49935908,-0.50619123,0.14919966,-0.17494665,0.00498020,0,0,0,0,0
355,73750,0.99999938,-0.44954166,-0.55205328,0.16868369,-0.15242716,-0.01748279,0,0,0,0,0
356,73958,0.98822429,-0.38115200,-0.61061264,0.19381832,-0.16600378,-0.01318819,0,0,0,0,0
357,74166,0.98730549,-0.32523515,-0.66194129,0.18541544,-0.17612152,-0.03537858,0,0,0,0,0
358,74375,0.96283814,-0.26450389,-0.70789779,0.19063129,-0.13778976,-0.03559453,0,0,0,0,0
359,74583,0.94852711,-0.19318853,-0.74878244,0.18666203,-0.13841082,-0.06085347,0,0,0,0,0
360,74791,0.91839043,-0.13819226,-0.79827096,0.20162090,-0.10892868,-0.07513890,0,0,0,0,0
361,75000,0.89745853,-0.06511136,-0.82832227,0.19276751,-0.10684294,-0.07563863,0,0,0,0,0
362,75208,0.86289957,0.00276707,-0.86003580,0.19455582,-0.10798219,-0.09772007,0,0,0,0,0
363,75416,0.82913339,0.06524911,-0.89274305,0.20153314,-0.08922718,-0.12457332,0,0,0,0,0
364,75625,0.78955743,0.14277224,-0.92572271,0.19085107,-0.07532617,-0.13583998,0,0,0,0,0
365,75833,0.74877611,0.19738254,-0.94050181,0.20084823,-0.05687371,-0.11712266,0,0,0,0,0
366,76041,0.70735470,0.24887127,-0.97871339,0.21603545,-0.04682231,-0.12595686,0,0,0,0,0
367,76250,0.66832754,0.31824447,-0.97206363,0.20004166,-0.02130251,-0.14555925,0,0,0,0,0
368,76458,0.60441760,0.38204671,-0.99100565,0.21215972,-0.02209302,-0.15999108,0,0,0,0,0
369,76666,0.54870510,0.45113410,-0.99630677,0.18792469,-0.00043330,-0.17520995,0,0,0,0,0
370,76875,0.50204381,0.50373948,-0.99186844,0.16842033,-0.00310300,-0.18555351,0,0,0,0,0
371,77083,0.44182779,0.55796207,-1.00214290,0.17038028,0.01686044,-0.17703798,0,0,0,0,0
372,77291,0.38414022,0.60708945,-0.99208816,0.15452584,0.01912924,-0.17935519,0,0,0,0,0
373,77500,0.32681924,0.65929842,-0.97575725,0.14935182,0.03561501,-0.19893875,0,0,0,0,0
374,77708,0.25972207,0.70227873,-0.96505126,0.14541974,0.06149492,-0.19424402,0,0,0,0,0
375,77916,0.19646433,0.76354875,-0.94348960,0.13063521,0.04479362,-0.20304324,0,0,0,0,0
376,78125,0.13271681,0.79413900,-0.92101948,0.10867346,0.06955035,-0.20258016,0,0,0,0,0
377,78333,0.06212698,0.82243842,-0.90346049,0.10076810,0.09889305,-0.21207332,0,0,0,0,0
378,78541,-0.00180641,0.87022706,-0.86631612,0.07885605,0.08983242,-0.22399093,0,0,0,0,0
379,78750,-0.06811613,0.89469355,-0.82881665,0.09889036,0.11988559,-0.22843162,0,0,0,0,0
380,78958,-0.13362107,0.92351635,-0.79535462,0.08188130,0.10496715,-0.19915610,0,0,0,0,0
381,79166,-0.19700380,0.94604069,-0.74380870,0.04566514,0.13176719,-0.21273753,0,0,0,0,0
382,79375,-0.25585969,0.95614268,-0.70959205,0.05692975,0.12153401,-0.21227824,0,0,0,0,0
383,79583,-0.31672392,0.96727234,-0.65898782,0.03474963,0.14992300,-0.18385500,0,0,0,0,0
384,79791,-0.37623301,0.98671733,-0.60536102,0.04027931,0.15616857,-0.19403830,0,0,0,0,0
385,80000,-0.43985017,1.00021241,-0.55978065,-0.00836927,0.15540137,-0.14988033,0,0,0,0,0
386,80208,-0.50175560,1.00021887,-0.49907064,0.02237248,0.18509482,-0.18573727,0,0,0,0,0
387,80416,-0.55330312,0.99697003,-0.44853158,-0.00028127,0.18225519,-0.16115982,0,0,0,0,0
388,80625,-0.61118695,0.98251116,-0.39177938,-0.01568575,0.18096869,-0.15354116,0,0,0,0,0
389,80833,-0.66598030,0.98178720,-0.33311889,-0.02367305,0.17770176,-0.13364289,0,0,0,0,0
390,81041,-0.71259335,0.96038720,-0.25679707,-0.06705880,0.18718127,-0.11800413,0,0,0,0,0
391,81250,-0.75002120,0.95051505,-0.18895672,-0.05569899,0.19988694,-0.12525520,0,0,0,0,0
392,81458,-0.79172932,0.92322443,-0.12929226,-0.08385554,0.22048668,-0.11806501,0,0,0,0,0
393,81666,-0.82918329,0.89620410,-0.06651643,-0.06986992,0.22079384,-0.11040060,0,0,0,0,0
394,81875,-0.86380402,0.86244533,0.00222164,-0.11298892,0.21773324,-0.10325231,0,0,0,0,0
395,82083,-0.89005247,0.83125724,0.07330944,-0.08977924,0.20049428,-0.08069771,0,0,0,0,0
396,82291,-0.92138677,0.80401415,0.13155037,-0.11919357,0.20754856,-0.07585342,0,0,0,0,0
397,82500,-0.94967431,0.75959334,0.20125692,-0.14623587,0.22285149,-0.07391003,0,0,0,0,0
398,82708,-0.96702787,0.70537614,0.26051525,-0.11917520,0.17264026,-0.06073708,0,0,0,0,0
399,82916,-0.97969278,0.65720368,0.31547880,-0.13602496,0.18353113,-0.04256407,0,0,0,0,0
400,83125,-0.98935148,0.60448969,0.38163233,-0.15446002,0.17819167,-0.02509339,0,0,0,0,0
401,83333,-0.99692622,0.55592781,0.44076006,-0.15712940,0.19121481,-0.00724772,0,0,0,0,0
402,83541,-1.00705148,0.50132782,0.49257297,-0.17221981,0.15943680,-0.00377188,0,0,0,0,0
403,83750,-0.99146689,0.43538874,0.55326200,-0.18634398,0.16374645,0.02547147,0,0,0,0,0
404,83958,-0.99327993,0.38586941,0.59672601,-0.19115973,0.15359098,0.02751877,0,0,0,0,0
405,84166,-0.98313916,0.31935716,0.65512484,-0.19449136,0.15289839,0.04146993,0,0,0,0,0
406,84375,-0.97184147,0.25845735,0.69723216,-0.20939736,0.15281743,0.05974321,0,0,0,0,0
407,84583,-0.94306127,0.19285367,0.74869296,-0.20056526,0.12599578,0.05999507,0,0,0,0,0
408,84791,-0.92266618,0.12608510,0.80333692,-0.20619010,0.12752002,0.09542209,0,0,0,0,0
409,85000,-0.89941986,0.06418280,0.83606672,-0.21789597,0.09835860,0.09196132,0,0,0,0,0
410,85208,-0.86855422,-0.00355740,0.86404446,-0.20365184,0.09901692,0.09424137,0,0,0,0,0
411,85416,-0.83571525,-0.07076349,0.89794106,-0.21816580,0.09205789,0.10134070,0,0,0,0,0
412,85625,-0.79626537,-0.13172492,0.91855120,-0.21826173,0.07123107,0.12180623,0,0,0,0,0
413,85833,-0.74766991,-0.19859781,0.94285435,-0.19433976,0.07060251,0.12527957,0,0,0,0,0
414,86041,-0.70826839,-0.25598938,0.97728396,-0.19364474,0.03578666,0.15607625,0,0,0,0,0
415,86250,-0.65698841,-0.32307595,0.97925558,-0.20013289,0.02474746,0.13785922,0,0,0,0,0
416,86458,-0.61009578,-0.38313334,0.98668221,-0.20242888,0.02400919,0.15683676,0,0,0,0,0
417,86666,-0.55544029,-0.44140063,0.99474416,-0.17569677,-0.00961575,0.16809302,0,0,0,0,0
418,86875,-0.50211542,-0.50788398,1.00457678,-0.18053672,-0.00239046,0.17094819,0,0,0,0,0
419,87083,-0.44123361,-0.56572750,1.00073027,-0.17234678,-0.01517424,0.14855553,0,0,0,0,0
420,87291,-0.38040582,-0.60784359,0.98423767,-0.15846815,-0.02562052,0.18808477,0,0,0,0,0
421,87500,-0.32182554,-0.66455600,0.97851578,-0.14611452,-0.03482401,0.19754267,0,0,0,0,0
422,87708,-0.26238715,-0.70202517,0.96818830,-0.15415842,-0.05166502,0.19129333,0,0,0,0,0
423,87916,-0.20216686,-0.74704783,0.93916652,-0.12458052,-0.06893218,0.19219103,0,0,0,0,0
424,88125,-0.12920681,-0.78777941,0.91747909,-0.10272578,-0.07056343,0.20611412,0,0,0,0,0
425,88333,-0.07097061,-0.83023425,0.89319700,-0.09206425,-0.08742763,0.20421345,0,0,0,0,0
426,88541,-0.00108910,-0.86725504,0.85998215,-0.07312074,-0.09471523,0.21031580,0,0,0,0,0
427,88750,0.06506725,-0.90511590,0.82879375,-0.09068035,-0.12406224,0.19265094,0,0,0,0,0
428,88958,0.13298549,-0.92013274,0.79532828,-0.07894937,-0.12239478,0.19625406,0,0,0,0,0
429,89166,0.19164754,-0.94072013,0.74845713,-0.05939945,-0.11545096,0.19831553,0,0,0,0,0
430,89375,0.24926785,-0.96860959,0.70656203,-0.05231952,-0.13271222,0.20815041,0,0,0,0,0
431,89583,0.31326106,-0.98164283,0.66353123,-0.05752459,-0.13342061,0.19779187,0,0,0,0,0
432,89791,0.38222775,-0.98521985,0.61131281,-0.02693189,-0.15297400,0.18948442,0,0,0,0,0
433,90000,0.44149107,-0.99952550,0.54183619,-0.01770253,-0.16705842,0.17674121,0,0,0,0,0
434,90208,0.50238586,-0.99631597,0.50660319,0.00050893,-0.16970433,0.16271824,0,0,0,0,0
435,90416,0.54800082,-0.99844962,0.44828841,0.00032310,-0.18678003,0.17672404,0,0,0,0,0
436,90625,0.60954736,-0.99066277,0.37892083,0.03788603,-0.17205974,0.14758378,0,0,0,0,0
437,90833,0.65943391,-0.97681345,0.32632797,0.04742513,-0.17952533,0.13422840,0,0,0,0,0
438,91041,0.70659261,-0.96083385,0.25886067,0.06501506,-0.20113271,0.12188494,0,0,0,0,0
439,91250,0.76116230,-0.95164894,0.19792118,0.07605000,-0.18476853,0.12337784,0,0,0,0,0
440,91458,0.78824848,-0.92585309,0.12841705,0.08322097,-0.18181455,0.11623489,0,0,0,0,0
441,91666,0.82763213,-0.89749580,0.06927259,0.08482158,-0.19103924,0.11281284,0,0,0,0,0
442,91875,0.86544743,-0.86396756,-0.00011175,0.10577837,-0.19770107,0.11235576,0,0,0,0,0
443,92083,0.89963627,-0.83132790,-0.06378080,0.09622917,-0.20123482,0.07085944,0,0,0,0,0
444,92291,0.91303090,-0.78554950,-0.13233687,0.12127353,-0.19961182,0.07349663,0,0,0,0,0
445,92500,0.94654094,-0.73990250,-0.19535441,0.12887877,-0.19246127,0.07038439,0,0,0,0,0
446,92708,0.96972001,-0.70476336,-0.25829954,0.11431415,-0.18968602,0.02730186,0,0,0,0,0
447,92916,0.98528121,-0.67023573,-0.31999716,0.15208564,-0.17123708,0.03986860,0,0,0,0,0
448,93125,0.98612592,-0.60792457,-0.37645744,0.15834472,-0.19697506,0.00864698,0,0,0,0,0
449,93333,1.00207037,-0.55993164,-0.43841890,0.17373921,-0.18366660,0.01219311,0,0,0,0,0
450,93541,1.00290139,-0.50511436,-0.50476322,0.17442396,-0.16617720,0.00449487,0,0,0,0,0
451,93750,1.00354614,-0.44600999,-0.56274857,0.17449149,-0.17466965,-0.01426452,0,0,0,0,0
452,93958,0.99691761,-0.37628173,-0.62039940,0.17129448,-0.15589572,-0.03159434,0,0,0,0,0
453,94166,0.97848855,-0.32359515,-0.65588134,0.19089496,-0.15616027,-0.03272456,0,0,0,0,0
454,94375,0.96564445,-0.26638679,-0.71261950,0.20519059,-0.14361645,-0.05120484,0,0,0,0,0
455,94583,0.94806764,-0.19313171,-0.75702876,0.19789021,-0.13174507,-0.06659198,0,0,0,0,0
456,94791,0.93329982,-0.11576643,-0.79341108,0.20263907,-0.11647892,-0.06705930,0,0,0,0,0
457,95000,0.90695966,-0.05854728,-0.83938817,0.18532113,-0.10755501,-0.08306195,0,0,0,0,0
458,95208,0.86147194,-0.00125357,-0.86230247,0.19091965,-0.09170916,-0.10866598,0,0,0,0,0
459,95416,0.83438837,0.06014476,-0.89996243,0.20376721,-0.07583448,-0.11110206,0,0,0,0,0
460,95625,0.78810499,0.12635108,-0.92717830,0.18338264,-0.08442597,-0.10404781,0,0,0,0,0
461,95833,0.75265063,0.19798428,-0.95122551,0.18024382,-0.07318840,-0.11837340,0,0,0,0,0
462,96041,0.70365788,0.25725919,-0.96965798,0.19534155,-0.03454653,-0.13405474,0,0,0,0,0
463,96250,0.65142363,0.32591450,-0.98354466,0.19253355,-0.03490049,-0.15582837,0,0,0,0,0
464,96458,0.60907861,0.38422040,-1.00177339,0.19383005,-0.01734033,-0.17292276,0,0,0,0,0
465,96666,0.56144747,0.45389797,-0.99963966,0.19864945,-0.01026952,-0.16213647,0,0,0,0,0
466,96875,0.50428510,0.48939793,-0.99867454,0.19410605,0.01464138,-0.18337253,0,0,0,0,0
467,97083,0.44704355,0.55616638,-0.98447866,0.16571763,0.00701330,-0.18318811,0,0,0,0,0
468,97291,0.37532732,0.60477295,-0.98310354,0.16096990,0.01785454,-0.20793766,0,0,0,0,0
469,97500,0.31463991,0.66068510,-0.97872512,0.15379748,0.01493336,-0.19021557,0,0,0,0,0
470,97708,0.26110790,0.69897908,-0.96562766,0.14741002,0.05982014,-0.20090584,0,0,0,0,0
471,97916,0.19336764,0.74856278,-0.95360138,0.13564739,0.05263189,-0.21396182,0,0,0,0,0
472,98125,0.13253159,0.79658159,-0.92143630,0.12920122,0.05700198,-0.18886626,0,0,0,0,0
473,98333,0.06968427,0.83488284,-0.90569347,0.09130578,0.09313002,-0.20396657,0,0,0,0,0
474,98541,-0.00018306,0.86523552,-0.86878761,0.08942040,0.08410965,-0.19658897,0,0,0,0,0
475,98750,-0.07450024,0.88938229,-0.83678200,0.08442125,0.10742406,-0.17669375,0,0,0,0,0
476,98958,-0.12714718,0.92784112,-0.79196115,0.08733272,0.12886874,-0.20138884,0,0,0,0,0
477,99166,-0.20358594,0.94752780,-0.76000482,0.05953541,0.11983693,-0.18676137,0,0,0,0,0
478,99375,-0.25002594,0.96828911,-0.70694919,0.03858689,0.13979807,-0.20759941,0,0,0,0,0
479,99583,-0.32041123,0.97870156,-0.66517083,0.03437384,0.14978729,-0.19202625,0,0,0,0,0
480,99791,-0.38305986,0.99066946,-0.60971930,0.01123732,0.15767202,-0.18714224,0,0,0,0,0
481,100000,-0.43608228,0.99352854,-0.55783835,0.01691731,0.15895719,-0.17812830,0,0,0,0,0
482,100208,-0.49917356,0.99208461,-0.49287164,0.00324718,0.16907292,-0.18013689,0,0,0,0,0
483,100416,-0.53902986,0.98796733,-0.43525045,-0.00766691,0.17886548,-0.16368736,0,0,0,0,0
484,100625,-0.59286234,0.96116345,-0.36865690,-0.01858439,0.18473170,-0.16099937,0,0,0,0,0
485,100833,-0.62283528,0.91101893,-0.29851664,-0.05376708,0.19877678,-0.15878561,0,0,0,0,0
486,101041,-0.64047185,0.87331096,-0.23566058,-0.05453816,0.24260277,-0.17708924,0,0,0,0,0
487,101250,-0.65871840,0.82414362,-0.18447937,-0.06831442,0.24754582,-0.18801359,0,0,0,0,0
488,101458,-0.64613505,0.76774877,-0.10622845,-0.13946657,0.31239732,-0.20683216,0,0,0,0,0
489,101666,-0.63523630,0.69934211,-0.04960770,-0.17276739,0.39752133,-0.21430312,0,0,0,0,0
490,101875,-0.62101979,0.62227112,0.00236381,-0.23259628,0.46719232,-0.26464780,0,0,0,0,0
491,102083,-0.59976105,0.55216405,0.04436204,-0.33209700,0.62208263,-0.26029850,0,0,0,0,0
492,102291,-0.56823944,0.47648373,0.07223025,-0.49039769,0.76766054,-0.27768574,0,0,0,0,0
493,102500,-0.52314970,0.41620089,0.11420313,-0.62351261,0.93296765,-0.30407457,0,0,0,0,0
494,102708,-0.47332947,0.35161724,0.12156271,-0.83230239,1.12513212,-0.31748251,0,0,0,0,0
495,102916,-0.42946167,0.28739942,0.14067384,-1.04302214,1.30667852,-0.26800307,0,0,0,0,0
496,103125,-0.37268613,0.24270656,0.14149479,-1.27985320,1.51644455,-0.21863339,0,0,0,0,0
497,103333,-0.32024437,0.17977346,0.14277257,-1.57261007,1.69267455,-0.13723177,0,0,0,0,0
498,103541,-0.27544205,0.12516332,0.13891923,-1.86475295,1.85931737,0.00297429,0,0,0,0,1
499,103750,-0.22859761,0.10074508,0.12900128,-2.14511428,1.98770573,0.16088840,0,0,0,0,1
500,103958,-0.20156481,0.07660257,0.11307838,-2.41727290,2.07432086,0.34707064,0,0,0,0,1
501,104166,-0.15204471,0.06074849,0.10371910,-2.64972604,2.11767025,0.53281889,0,0,0,0,1
502,104375,-0.13082380,0.02955090,0.09866163,-2.87420496,2.08366582,0.76658339,0,0,0,0,1
503,104583,-0.10423601,0.02108605,0.09143799,-3.03283515,2.02742821,0.99250486,0,0,0,0,1
504,104791,-0.09132836,0.01232788,0.08351853,-3.15511856,1.92559266,1.20145791,0,0,0,0,1
505,105000,-0.08241244,0.00598440,0.08555614,-3.17849609,1.77712572,1.43375974,0,0,0,0,1
506,105208,-0.08147016,-0.00182715,0.07950887,-3.20682572,1.61203999,1.60617487,0,0,0,0,1
507,105416,-0.07876550,-0.00643041,0.09650708,-3.19594219,1.43727528,1.77819922,0,0,0,0,1
508,105625,-0.07658511,-0.00945822,0.09234235,-3.16112734,1.21501759,1.96061888,0,0,0,0,1
509,105833,-0.08603578,-0.01688938,0.09931542,-3.13074544,1.03183338,2.10016030,0,0,0,0,1
510,106041,-0.07512883,-0.02606570,0.09880388,-3.09194106,0.81711176,2.26368283,0,0,0,0,1
511,106250,-0.06941295,-0.03121545,0.09117532,-3.04656165,0.62856294,2.41048771,0,0,0,0,1
512,106458,-0.06007337,-0.03207723,0.09766476,-2.95474860,0.43133878,2.53313666,0,0,0,0,1
513,106666,-0.05672606,-0.03969138,0.10312202,-2.86682081,0.20757025,2.65763358,0,0,0,0,1
514,106875,-0.05006963,-0.05489993,0.10484146,-2.78860657,0.00666785,2.76663228,0,0,0,0,1
515,107083,-0.03659651,-0.04774311,0.09282520,-2.65702748,-0.21608025,2.88369535,0,0,0,0,1
516,107291,-0.03778683,-0.06284858,0.10761055,-2.52420739,-0.43532216,2.95893037,0,0,0,0,1
517,107500,-0.03223266,-0.06730096,0.09736686,-2.42262126,-0.61865395,3.01851665,0,0,0,0,1
518,107708,-0.01803195,-0.07326123,0.08515313,-2.27646669,-0.83545539,3.09431829,0,0,0,0,1
519,107916,-0.01006145,-0.07936857,0.08925922,-2.11561262,-1.01000032,3.15869048,0,0,0,0,1
520,108125,-0.01752365,-0.08043813,0.09059561,-1.95583839,-1.22997517,3.16283316,0,0,0,0,1
521,108333,-0.00153109,-0.08488338,0.07899847,-1.77157443,-1.42539419,3.19934790,0,0,0,0,1
522,108541,-0.00209206,-0.09148349,0.08751492,-1.60928132,-1.60049630,3.20016540,0,0,0,0,1
523,108750,0.00498445,-0.08469269,0.08095186,-1.41752981,-1.76522660,3.18062404,0,0,0,0,1
524,108958,0.00860941,-0.09304569,0.08157495,-1.23206005,-1.94284598,3.15047445,0,0,0,0,1
525,109166,0.02822741,-0.09499234,0.08065263,-1.01867998,-2.09792548,3.13810502,0,0,0,0,1
526,109375,0.02162110,-0.09752491,0.07163707,-0.83884674,-2.27593916,3.07955997,0,0,0,0,1
527,109583,0.04055079,-0.10763142,0.06387484,-0.62028815,-2.39880262,3.05482399,0,0,0,0,1
528,109791,0.02731461,-0.09787698,0.05859420,-0.42074763,-2.53198456,2.96111622,0,0,0,0,1
529,110000,0.04987932,-0.09784659,0.05719966,-0.20785381,-2.66693096,2.88358666,0,0,0,0,1
530,110208,0.04109307,-0.10247802,0.05297499,0.00447758,-2.77911445,2.76465822,0,0,0,0,1
531,110416,0.04851472,-0.09926520,0.03590686,0.21064444,-2.87740199,2.67536634,0,0,0,0,1
532,110625,0.05674689,-0.09732406,0.02738784,0.43511202,-2.93458026,2.53681065,0,0,0,0,1
533,110833,0.06236569,-0.09961043,0.04130435,0.62122819,-3.02856878,2.40048618,0,0,0,0,1
534,111041,0.06812532,-0.10072819,0.02853202,0.82121298,-3.07629991,2.25752162,0,0,0,0,1
535,111250,0.06561712,-0.08993599,0.02011337,1.03317219,-3.13887528,2.11253358,0,0,0,0,1
536,111458,0.07690664,-0.09200343,0.01876722,1.23518019,-3.17536776,1.95530525,0,0,0,0,1
537,111666,0.07056456,-0.08054697,-0.00586061,1.41142956,-3.18957361,1.77362802,0,0,0,0,1
538,111875,0.09626753,-0.09439547,-0.00113143,1.61507750,-3.17803243,1.60599640,0,0,0,0,1
539,112083,0.09694288,-0.08230831,-0.00868012,1.78427226,-3.19982015,1.42191327,0,0,0,0,1
540,112291,0.09107199,-0.08549736,-0.01008425,1.94594671,-3.16997933,1.23219266,0,0,0,0,1
541,112500,0.09939800,-0.07078618,-0.02295462,2.11826099,-3.12722600,1.03008962,0,0,0,0,1
542,112708,0.08606576,-0.07074764,-0.03234542,2.26435742,-3.10428019,0.84753180,0,0,0,0,1
543,112916,0.09690204,-0.07400977,-0.02689072,2.37095940,-3.01856172,0.64236766,0,0,0,0,1
544,113125,0.10388790,-0.06437734,-0.04053458,2.54264170,-2.97869139,0.42216653,0,0,0,0,1
545,113333,0.10695486,-0.05601890,-0.03756768,2.64358742,-2.87622385,0.21907255,0,0,0,0,1
546,113541,0.09654846,-0.05742754,-0.05436005,2.77977820,-2.77214921,0.01225237,0,0,0,0,1
547,113750,0.09896656,-0.04714877,-0.05251147,2.86193874,-2.65495689,-0.20264059,0,0,0,0,1
548,113958,0.09235152,-0.02920063,-0.05946701,2.96717346,-2.54431389,-0.41564275,0,0,0,0,1
549,114166,0.09072786,-0.02040882,-0.06794948,3.03802807,-2.42420267,-0.61654279,0,0,0,0,1
550,114375,0.09251518,-0.01739886,-0.07333008,3.09412549,-2.26814775,-0.82770299,0,0,0,0,1
551,114583,0.09104403,-0.01168278,-0.07457626,3.13799237,-2.12801278,-1.01803567,0,0,0,0,1
552,114791,0.09459845,-0.01249650,-0.08196676,3.16131013,-1.94558397,-1.22755197,0,0,0,0,1
553,115000,0.08021537,-0.00261788,-0.08580763,3.18739128,-1.78597861,-1.40635146,0,0,0,0,1
554,115208,0.08383577,0.00650102,-0.08312878,3.19848304,-1.59436016,-1.59409734,0,0,0,0,1
555,115416,0.08142579,0.00113349,-0.09228926,3.20131941,-1.41610663,-1.77459811,0,0,0,0,1
556,115625,0.07784845,0.00776250,-0.08578020,3.16791027,-1.22513368,-1.94585099,0,0,0,0,1
557,115833,0.06954997,0.02302169,-0.09938191,3.13202196,-1.04267290,-2.11158910,0,0,0,0,1
558,116041,0.06132490,0.01929209,-0.10298231,3.08782472,-0.82103334,-2.25701113,0,0,0,0,1
559,116250,0.06289198,0.03665327,-0.10523990,3.04143874,-0.62738154,-2.40806785,0,0,0,0,1
560,116458,0.07087082,0.04053448,-0.09407416,2.96176556,-0.42002472,-2.53603554,0,0,0,0,1
561,116666,0.04911309,0.04856921,-0.10205650,2.88023122,-0.20710528,-2.66657295,0,0,0,0,1
562,116875,0.05176571,0.05628260,-0.10021530,2.76495516,-0.00892944,-2.77526501,0,0,0,0,1
563,117083,0.04304491,0.05002162,-0.08796764,2.64890355,0.21867785,-2.87178825,0,0,0,0,1
564,117291,0.03002368,0.06718563,-0.09027781,2.52849728,0.39915719,-2.94093307,0,0,0,0,1
565,117500,0.03744472,0.07493052,-0.08440109,2.39974662,0.62703551,-3.01503210,0,0,0,0,1
566,117708,0.02545795,0.07216940,-0.08617249,2.25671517,0.82067001,-3.07229093,0,0,0,0,1
567,117916,0.01616735,0.07397075,-0.09353914,2.12376722,1.03186768,-3.14733915,0,0,0,0,1
568,118125,0.00768766,0.07534210,-0.08552083,1.93974188,1.21889181,-3.16863287,0,0,0,0,1
569,118333,0.00023073,0.08059442,-0.09189060,1.76520488,1.41452874,-3.20750056,0,0,0,0,1
570,118541,0.00055236,0.08314293,-0.07791675,1.59969472,1.59733835,-3.22129154,0,0,0,0,1
571,118750,-0.00998229,0.08775679,-0.07990057,1.39979511,1.76583382,-3.16685730,0,0,0,0,1
572,118958,-0.01829060,0.09283331,-0.08539739,1.22416634,1.95981906,-3.16729417,0,0,0,0,1
573,119166,-0.02679273,0.08598619,-0.07608488,1.03926778,2.09704157,-3.13221323,0,0,0,0,1
574,119375,-0.02177080,0.09626681,-0.07282080,0.81753313,2.26743933,-3.10209275,0,0,0,0,1
575,119583,-0.03439790,0.10205902,-0.06362408,0.61800076,2.40078566,-3.01623653,0,0,0,0,1
576,119791,-0.03728381,0.10589010,-0.06065625,0.40999842,2.51323706,-2.92619329,0,0,0,0,1
577,120000,-0.04111181,0.10432613,-0.05007427,0.21346110,2.66560971,-2.87147517,0,0,0,0,1
578,120208,-0.04688518,0.10016358,-0.04758535,-0.00667431,2.77586894,-2.77774403,0,0,0,0,1
579,120416,-0.06090953,0.10121118,-0.04386043,-0.20099367,2.85819997,-2.67282356,0,0,0,0,1
580,120625,-0.05461066,0.09835812,-0.03634381,-0.41290479,2.96613633,-2.55196859,0,0,0,0,1
581,120833,-0.07395868,0.09794326,-0.02970459,-0.61761009,3.03550144,-2.41017909,0,0,0,0,1
582,121041,-0.08250155,0.09094248,-0.03046823,-0.82419720,3.09848241,-2.27169569,0,0,0,0,1
583,121250,-0.07353993,0.08534849,-0.01730940,-1.01508328,3.14062639,-2.10593228,0,0,0,0,1
584,121458,-0.08377706,0.09911370,-0.00755281,-1.22017447,3.19627698,-1.94846549,0,0,0,0,1
585,121666,-0.08178742,0.08504590,-0.00642817,-1.40158606,3.20740051,-1.78697666,0,0,0,0,1
586,121875,-0.08046009,0.08118742,0.00559835,-1.58596508,3.20827862,-1.60460107,0,0,0,0,1
587,122083,-0.09387650,0.07940054,0.00707228,-1.78050241,3.18356128,-1.43374647,0,0,0,0,1
588,122291,-0.08517121,0.08177890,0.02249762,-1.93945302,3.17768761,-1.22998390,0,0,0,0,1
589,122500,-0.10163700,0.07944255,0.02147422,-2.11634892,3.14416036,-1.02635003,0,0,0,0,1
590,122708,-0.10716584,0.06451637,0.02604300,-2.26430029,3.09638238,-0.83778784,0,0,0,0,1
591,122916,-0.09735284,0.06058376,0.03952167,-2.39779780,3.02538541,-0.62472297,0,0,0,0,1
592,123125,-0.09876480,0.05284537,0.04354288,-2.54666888,2.95592471,-0.40618736,0,0,0,0,1
593,123333,-0.09893679,0.05051399,0.04503089,-2.65204185,2.87994655,-0.21546766,0,0,0,0,1
594,123541,-0.09561120,0.06150194,0.05149364,-2.77380043,2.78647597,-0.00485425,0,0,0,0,1
595,123750,-0.10319467,0.04532498,0.05943516,-2.87430499,2.66897571,0.21066755,0,0,0,0,1
596,123958,-0.09655361,0.03366428,0.05688274,-2.96370971,2.53465294,0.42853063,0,0,0,0,1
597,124166,-0.10472567,0.03361171,0.06539203,-3.04128320,2.40323547,0.62721318,0,0,0,0,1
598,124375,-0.10483834,0.02866578,0.07047819,-3.08454520,2.26757224,0.83568461,0,0,0,0,1
599,124583,-0.09745680,0.01343175,0.07433902,-3.12815504,2.09695935,1.01355714,0,0,0,0,1
600,124791,-0.09540551,0.00554176,0.08824262,-3.15585858,1.94858520,1.21632380,0,0,0,0,1
601,125000,-0.08895645,0.00660243,0.08711853,-3.18885912,1.78859926,1.41337094,0,0,0,0,1
602,125208,-0.09292411,-0.00537254,0.09456205,-3.19102786,1.60877125,1.58382702,0,0,0,0,1
603,125416,-0.08816155,-0.00286686,0.09721681,-3.19864002,1.41694427,1.78904822,0,0,0,0,1
604,125624,-0.07998440,-0.00543560,0.08993276,-3.17272603,1.22128435,1.95225481,0,0,0,0,1
605,125833,-0.07651617,-0.01889101,0.09528514,-3.13420938,1.03644905,2.10568018,0,0,0,0,1
606,126041,-0.08375014,-0.01727163,0.09363572,-3.07135629,0.84319178,2.27209582,0,0,0,0,1
607,126250,-0.06676279,-0.02640248,0.09070392,-3.03374163,0.63256262,2.39536773,0,0,0,0,1
608,126458,-0.06222631,-0.04091443,0.09957970,-2.97416185,0.41998778,2.56313926,0,0,0,0,1
609,126666,-0.05360404,-0.04504658,0.11116083,-2.88257310,0.20091014,2.65492132,0,0,0,0,1
610,126874,-0.04735158,-0.05374935,0.09179217,-2.75812781,0.00016938,2.77216584,0,0,0,0,1
611,127083,-0.03589045,-0.04941964,0.10354467,-2.66362179,-0.20656525,2.88003690,0,0,0,0,1
612,127291,-0.04177787,-0.05924484,0.09208471,-2.53810576,-0.41032563,2.95145109,0,0,0,0,1
613,127500,-0.02999820,-0.07026955,0.09668176,-2.38835349,-0.61906663,3.03290239,0,0,0,0,1
614,127708,-0.02515618,-0.07373733,0.09578286,-2.26351010,-0.83196839,3.09333642,0,0,0,0,1
615,127916,-0.01890643,-0.07277930,0.09223666,-2.11699790,-1.02627183,3.14910944,0,0,0,0,1
616,128124,-0.02055953,-0.07899687,0.09130861,-1.95541856,-1.22593663,3.16747053,0,0,0,0,1
617,128333,-0.00751864,-0.07995524,0.08831596,-1.76213478,-1.41577934,3.20470779,0,0,0,0,1
618,128541,0.00648825,-0.08546172,0.08943575,-1.60262338,-1.60347241,3.20336323,0,0,0,0,1
619,128750,0.01206456,-0.08289465,0.08745389,-1.40483276,-1.77233655,3.22242577,0,0,0,0,1
620,128958,0.01439196,-0.09946293,0.07409590,-1.23130305,-1.93974759,3.16694571,0,0,0,0,1
621,129166,0.02332992,-0.08666871,0.06804433,-1.03574996,-2.10610647,3.13838350,0,0,0,0,1
622,129374,0.02417303,-0.09736592,0.07400388,-0.82564955,-2.26245107,3.10475349,0,0,0,0,1
623,129583,0.02898336,-0.09891511,0.07221704,-0.62984579,-2.38752108,3.03432516,0,0,0,0,1
624,129791,0.03800246,-0.09366512,0.06460700,-0.41388668,-2.53312923,2.95616345,0,0,0,0,1
625,130000,0.05901660,-0.09858512,0.06644045,-0.21757426,-2.67646295,2.86489373,1,0,1,0,1
626,130208,0.04477558,-0.09968514,0.05425483,-0.00999586,-2.75811029,2.75700600,1,0,1,0,1
627,130416,0.05145694,-0.09708448,0.04215887,0.21185899,-2.87395223,2.65270192,1,0,1,0,1
628,130624,0.06084960,-0.09667360,0.03636687,0.41967560,-2.95667050,2.54091885,1,0,1,0,1
629,130833,0.06361820,-0.10027024,0.03397791,0.62667526,-3.02572697,2.41005067,1,0,1,0,1
630,131041,0.06870486,-0.08654009,0.02026200,0.83004546,-3.07575189,2.26368613,1,0,1,0,1
631,131250,0.07367950,-0.08998585,0.02397642,1.01862245,-3.14855925,2.11926920,1,0,1,0,1
632,131458,0.08913997,-0.09118934,0.00581829,1.21076023,-3.18180898,1.94146686,1,0,1,0,1
633,131666,0.08587858,-0.08505496,0.01361488,1.41431776,-3.19302874,1.76758332,1,0,1,0,1
634,131875,0.08574907,-0.09014466,-0.00226241,1.59434212,-3.19488183,1.59530158,1,0,1,0,1
635,132083,0.08260953,-0.08997015,-0.00047368,1.77862138,-3.18957162,1.42274275,1,0,1,0,1
636,132291,0.10242666,-0.07309079,-0.01460544,1.93940479,-3.18290244,1.23704917,1,0,1,0,1
637,132500,0.08831857,-0.08347820,-0.01369840,2.12398645,-3.14705377,1.02957772,1,0,1,0,1
638,132708,0.09798752,-0.06702209,-0.01995688,2.26097689,-3.09312188,0.83889178,1,0,1,0,1
639,132916,0.09765616,-0.06588654,-0.02456456,2.40509200,-3.04084113,0.61470735,1,0,1,0,1
640,133125,0.10061003,-0.06442456,-0.03980023,2.54898777,-2.95619313,0.41918857,1,0,1,0,1
641,133333,0.09763922,-0.06026001,-0.04059561,2.65981508,-2.86108601,0.22129407,1,0,1,0,1
642,133541,0.09836699,-0.05429818,-0.04191063,2.78470179,-2.75773838,-0.00018224,1,0,1,0,1
643,133750,0.10293243,-0.04431849,-0.06075790,2.87007281,-2.66381903,-0.22689996,1,0,1,0,1
644,133958,0.10290478,-0.04086609,-0.05355441,2.93890857,-2.51423103,-0.40758008,1,0,1,0,1
645,134166,0.09503182,-0.03687310,-0.07080796,3.03887020,-2.40402317,-0.61010795,1,0,1,0,1
646,134375,0.09703241,-0.02460072,-0.07417587,3.11047474,-2.26684639,-0.82606735,1,0,1,0,1
647,134583,0.09226232,-0.01790251,-0.07865028,3.13313289,-2.12085052,-1.01705563,1,0,1,0,1
648,134791,0.09038700,-0.01475461,-0.07363524,3.16706843,-1.96111719,-1.24047910,1,0,1,0,1
649,135000,0.09272641,-0.01314027,-0.08036195,3.19965025,-1.78017128,-1.41491503,1,0,1,0,1
650,135208,0.08806419,0.00328503,-0.07994989,3.20373313,-1.59967810,-1.60148246,1,0,1,0,1
651,135416,0.08487936,0.00685164,-0.09046709,3.19395430,-1.43197663,-1.78610791,1,0,1,0,1
652,135625,0.07984831,0.01282300,-0.08983358,3.18158559,-1.22153034,-1.94861806,1,0,1,0,1
653,135833,0.06307016,0.01700589,-0.10470432,3.13685162,-1.03457552,-2.10224057,1,0,1,0,1
654,136041,0.07525350,0.01767166,-0.10021292,3.08336076,-0.82857860,-2.26378011,1,0,1,0,1
655,136250,0.06665298,0.03042308,-0.10373574,3.03418638,-0.61743725,-2.39884225,1,0,1,0,1
656,136458,0.06957321,0.04446400,-0.09143802,2.96617388,-0.40689049,-2.53942732,1,0,1,0,1
657,136666,0.05619202,0.04302388,-0.09697359,2.87169625,-0.21552582,-2.64660558,1,0,1,0,1
658,136875,0.05589721,0.04498420,-0.09708085,2.76940098,-0.00865841,-2.78398893,1,0,1,0,1
659,137083,0.04858949,0.05720051,-0.09190817,2.66693130,0.20704978,-2.85883911,1,0,1,0,1
660,137291,0.03390312,0.06083086,-0.10882781,2.54346592,0.41552634,-2.94714459,1,0,1,0,1
661,137500,0.03394146,0.06925406,-0.09627783,2.40273297,0.60950534,-3.01789472,1,0,1,0,1
662,137708,0.03421744,0.06696781,-0.09494368,2.26223606,0.81646644,-3.09329454,1,0,1,0,1
663,137916,0.01925755,0.07043666,-0.08665036,2.12233677,1.02261113,-3.14572657,1,0,1,0,1
664,138125,0.01084085,0.07972006,-0.08601319,1.95138933,1.21708183,-3.15915600,1,0,1,0,1
665,138333,0.01047364,0.08238659,-0.09137675,1.78378588,1.41210122,-3.17841752,1,0,1,0,1
666,138541,-0.00228695,0.08968829,-0.09035493,1.61266281,1.60934576,-3.18149629,1,0,1,0,1
667,138750,0.00202893,0.08424932,-0.08552662,1.41278980,1.76492616,-3.17660500,1,0,1,0,1
668,138958,-0.01573306,0.09114987,-0.07025714,1.24150730,1.92594125,-3.16051878,1,0,1,0,1
669,139166,-0.02088831,0.09045879,-0.07160762,1.02520458,2.11080661,-3.14380927,1,0,1,0,1
670,139375,-0.01940666,0.09588311,-0.06753109,0.83266721,2.26796248,-3.09759803,1,0,1,0,1
671,139583,-0.02198936,0.09417711,-0.06491614,0.61970388,2.40540516,-3.02544343,1,0,1,0,1
672,139791,-0.03779380,0.09779975,-0.05820687,0.40731381,2.51569939,-2.94948674,1,0,1,0,1
673,140000,-0.04096741,0.10214314,-0.06532293,0.20338247,2.66523069,-2.86077894,1,0,1,1,1
674,140208,-0.04269257,0.10419898,-0.04336963,0.00366068,2.76881076,-2.76394866,1,0,1,1,1
675,140416,-0.06035886,0.09316109,-0.04073234,-0.20972210,2.87872974,-2.65029718,1,0,1,1,1
676,140625,-0.06681908,0.10504641,-0.04395596,-0.40925162,2.95753912,-2.53345704,1,0,1,1,1
677,140833,-0.07247599,0.10287224,-0.03188969,-0.64294621,3.04144171,-2.39846229,1,0,1,1,1
678,141041,-0.06602306,0.08593372,-0.03219935,-0.81141969,3.09391790,-2.26660501,1,0,1,1,1
679,141250,-0.07487993,0.08449654,-0.00973677,-1.01974031,3.12569857,-2.09311271,1,0,1,1,1
680,141458,-0.07975264,0.09690927,-0.01267431,-1.22234581,3.16431021,-1.96147968,1,0,1,1,1
681,141666,-0.08586607,0.08024405,0.00158555,-1.42754372,3.19500538,-1.77684776,1,0,1,1,1
682,141875,-0.08163704,0.09177690,-0.00046484,-1.59069141,3.21206978,-1.61022807,1,0,1,1,1
683,142083,-0.09250503,0.09162229,0.00311301,-1.77065610,3.18690375,-1.40063217,1,0,1,1,1
684,142291,-0.08949446,0.09048543,0.01906125,-1.93540278,3.16772778,-1.21504381,1,0,1,1,1
685,142500,-0.08853070,0.07488212,0.01408028,-2.11813805,3.14513566,-1.04162597,1,0,1,1,1
686,142708,-0.10663468,0.06281509,0.02020103,-2.26734349,3.10182045,-0.83490567,1,0,1,1,1
687,142916,-0.10620852,0.05555585,0.03573277,-2.39745062,3.02009282,-0.62078352,1,0,1,1,1
688,143125,-0.10309618,0.06039675,0.02287691,-2.55736109,2.98285343,-0.42694533,1,0,1,1,1
689,143333,-0.09125809,0.04875462,0.04458231,-2.65790716,2.85398090,-0.21391359,1,0,1,1,1
690,143541,-0.10437242,0.04850055,0.04515369,-2.78408577,2.75534870,-0.00385565,1,0,1,1,1
691,143750,-0.10080692,0.02850504,0.05232905,-2.86831599,2.65592679,0.21794934,1,0,1,1,1
692,143958,-0.09597695,0.04540870,0.05371301,-2.94435264,2.54521888,0.40699566,1,0,1,1,1
693,144166,-0.09657150,0.03518758,0.07144534,-3.03110278,2.41661315,0.62860515,1,0,1,1,1
694,144375,-0.08730812,0.03475424,0.07174716,-3.10077178,2.25406373,0.82436259,1,0,1,1,1
695,144583,-0.09702508,0.02197138,0.07465414,-3.12931605,2.10121595,1.03548548,1,0,1,1,1
696,144791,-0.10161624,0.00547446,0.08369359,-3.16255422,1.94590416,1.22366386,1,0,1,1,1
697,145000,-0.08911830,0.01029166,0.08917030,-3.18467460,1.78395710,1.41753732,1,0,1,1,1
698,145208,-0.09508165,-0.00065611,0.07299603,-3.19737776,1.60153326,1.59803190,1,0,1,1,1
699,145416,-0.07499415,-0.00618747,0.09311647,-3.21338391,1.41085501,1.77946706,1,0,1,1,1
700,145625,-0.08138398,-0.01863371,0.08711290,-3.16834540,1.22813826,1.93719587,1,0,1,1,1
701,145833,-0.07247337,-0.02038585,0.10163348,-3.11853920,1.04148275,2.11070221,1,0,1,1,1
702,146041,-0.06791814,-0.02572537,0.09360210,-3.10065613,0.82025812,2.26883017,1,0,1,1,1
703,146250,-0.06850608,-0.03543380,0.09197611,-3.03186591,0.62293977,2.41598929,1,0,1,1,1
704,146458,-0.06375614,-0.03958919,0.10026143,-2.96470805,0.42942097,2.53970250,1,0,1,1,1
705,146666,-0.05799160,-0.03728370,0.09340071,-2.87431923,0.21338724,2.65661390,1,0,1,1,1
706,146875,-0.04280487,-0.04748454,0.10672489,-2.76485635,0.00357364,2.78415649,1,0,1,1,1
707,147083,-0.04158086,-0.05528433,0.09669210,-2.64498756,-0.20490485,2.87389091,1,0,1,1,1
708,147291,-0.04053955,-0.06267771,0.10147042,-2.54074719,-0.40872010,2.96457268,1,0,1,1,1
709,147500,-0.03046303,-0.06884096,0.10185993,-2.40954995,-0.62366523,3.03241740,1,0,1,1,1
710,147708,-0.03130436,-0.06585279,0.09224529,-2.27761953,-0.83436612,3.08602397,1,0,1,1,1
711,147916,-0.02345931,-0.07977377,0.09843046,-2.10560455,-1.03130683,3.13934825,1,0,1,1,1
712,148125,-0.02102064,-0.08372928,0.09864042,-1.96401105,-1.22780267,3.14352505,1,0,1,1,1
713,148333,-0.00549614,-0.08633028,0.09728210,-1.75693443,-1.41560691,3.20216881,1,0,1,1,1
714,148541,-0.00721333,-0.07638233,0.08884227,-1.60226462,-1.59049041,3.18830307,1,0,1,1,1
715,148750,0.00906399,-0.09417751,0.08626703,-1.39897669,-1.77425436,3.18502158,1,0,1,1,1
716,148958,0.01947923,-0.08655627,0.08100644,-1.22589373,-1.94846804,3.18719877,1,0,1,1,1
717,149166,0.01073820,-0.09575582,0.07760474,-1.04303243,-2.11473139,3.15131971,1,0,1,1,1
718,149375,0.03051769,-0.10403304,0.07167416,-0.83090524,-2.26447999,3.07878724,1,0,1,1,1
719,149583,0.02745712,-0.10091843,0.06932414,-0.62916563,-2.39110511,3.02193300,1,0,1,1,1
720,149791,0.03636050,-0.09815979,0.05953540,-0.40833552,-2.53951556,2.93800609,1,0,1,1,1
721,150000,0.04548573,-0.09280110,0.05712290,-0.22034779,-2.67675121,2.85675700,1,0,1,1,1
722,150208,0.05250997,-0.10676028,0.06040451,-0.00034934,-2.77409289,2.77302010,1,0,1,1,1
723,150416,0.04930214,-0.09448726,0.04472033,0.20335015,-2.86848624,2.66182661,1,0,1,1,1
724,150625,0.05393951,-0.09420520,0.03574226,0.40716056,-2.97003631,2.55014699,1,0,1,1,1
725,150833,0.06345143,-0.09045220,0.03408460,0.61831036,-3.02074613,2.39020677,1,0,1,1,1
726,151041,0.07428223,-0.10138573,0.04121313,0.84581660,-3.09152893,2.26090733,1,0,1,1,1
727,151250,0.07969497,-0.09163303,0.01859034,1.03352607,-3.13195784,2.10227128,1,0,1,1,1
728,151458,0.08764354,-0.08211776,0.01690554,1.21320042,-3.18028271,1.93703210,1,0,1,1,1
729,151666,0.08855048,-0.08772929,-0.00400223,1.39243666,-3.19389212,1.78759262,1,0,1,1,1
730,151875,0.07430327,-0.08668126,0.00020088,1.59329204,-3.20372335,1.62238765,1,0,1,1,1
731,152083,0.08588293,-0.07896034,-0.00024552,1.77344875,-3.17692777,1.39283435,1,0,1,1,1
732,152291,0.08941372,-0.07960701,-0.01121079,1.93725756,-3.16672158,1.23252193,1,0,1,1,1
733,152500,0.09729435,-0.07474050,-0.01757635,2.11079427,-3.15397588,1.02320613,1,0,1,1,1
734,152708,0.10270640,-0.07595003,-0.02145312,2.26793485,-3.08789452,0.83614771,1,0,1,1,1
735,152916,0.10346347,-0.06490854,-0.02745777,2.40475491,-3.02919150,0.63457684,1,0,1,1,1
736,153125,0.10332309,-0.06559702,-0.04177070,2.54568296,-2.94998893,0.41205799,1,0,1,1,1
737,153333,0.08985772,-0.05393742,-0.04213367,2.65611597,-2.87196600,0.19580481,1,0,1,1,1
738,153541,0.10453000,-0.05195704,-0.05131438,2.78556670,-2.75632840,-0.01070389,1,0,1,1,1
739,153750,0.09720733,-0.05278287,-0.06126012,2.87841571,-2.65880147,-0.22154044,1,0,1,1,1
740,153958,0.09908190,-0.03464944,-0.05567185,2.94869564,-2.54764298,-0.41542502,1,0,1,1,1
741,154166,0.10010647,-0.02962935,-0.05450115,3.04320029,-2.39775802,-0.60492369,1,0,1,1,1
742,154375,0.09754918,-0.02911689,-0.06934749,3.09647743,-2.26979150,-0.81469002,1,0,1,1,1
743,154583,0.08671656,-0.01506744,-0.06940231,3.14162221,-2.11935634,-1.02448252,1,0,1,1,1
744,154791,0.09578885,-0.01024073,-0.08004887,3.16365546,-1.94600825,-1.23221050,1,0,1,1,1
745,155000,0.08141268,-0.00408137,-0.08237278,3.19881540,-1.77718981,-1.42767310,1,0,1,1,1
746,155208,0.08321158,-0.00370451,-0.08068072,3.20858943,-1.59743557,-1.60120572,1,0,1,1,1
747,155416,0.08643931,0.00471608,-0.08795337,3.19290243,-1.42034423,-1.77645145,1,0,1,1,1
748,155625,0.08114777,0.00844698,-0.08715759,3.18104764,-1.23620277,-1.95027989,1,0,1,1,1
749,155833,0.07945811,0.01763586,-0.09301193,3.12006539,-1.01596622,-2.10397405,1,0,1,1,1
750,156041,0.06778887,0.02779256,-0.09594529,3.10566177,-0.83021917,-2.27019247,1,0,1,1,1
751,156250,0.06618976,0.02674608,-0.09430946,3.01056468,-0.62812950,-2.42074147,1,0,1,1,1
752,156458,0.05807110,0.04338605,-0.09623549,2.97167823,-0.40364421,-2.55306680,1,0,1,1,1
753,156666,0.05532145,0.05788009,-0.09468952,2.85518588,-0.21904876,-2.66590951,1,0,1,1,1
754,156875,0.04027321,0.04975956,-0.08797374,2.77205398,0.00341725,-2.77468694,1,0,1,1,1
755,157083,0.04448554,0.05325354,-0.10445696,2.65485521,0.19579425,-2.86167911,1,0,1,1,1
756,157291,0.03612805,0.05657551,-0.08880295,2.55041905,0.40828219,-2.96163128,1,0,1,1,1
757,157500,0.03322592,0.07330581,-0.10145155,2.41891004,0.61818266,-3.03865048,1,0,1,1,1
758,157708,0.02683161,0.06758791,-0.09234439,2.26776029,0.82592174,-3.08621860,1,0,1,1,1
759,157916,0.02251896,0.07849233,-0.09692146,2.11800983,1.01353676,-3.13213369,1,0,1,1,1
760,158125,0.01461141,0.07810756,-0.10013826,1.95346492,1.22874370,-3.19162041,1,0,1,1,1
761,158333,0.01705976,0.08440337,-0.09802960,1.77371641,1.41941828,-3.20395578,1,0,1,1,1
762,158541,-0.00506193,0.09086971,-0.08250784,1.59380291,1.59451554,-3.18946632,1,0,1,1,1
763,158750,0.00139357,0.08764939,-0.08322148,1.41191136,1.78826181,-3.17879521,1,0,1,1,1
764,158958,-0.01434865,0.08789765,-0.08033712,1.24554249,1.94868694,-3.15990301,1,0,1,1,1
765,159166,-0.01144648,0.08894111,-0.07967956,1.03333462,2.10611798,-3.12162011,1,0,1,1,1
766,159375,-0.02394580,0.09217385,-0.06633899,0.83648712,2.24924622,-3.09845620,1,0,1,1,1
767,159583,-0.03212982,0.10110738,-0.06990760,0.62893100,2.40968681,-3.03967391,1,0,1,1,1
768,159791,-0.03374845,0.09826036,-0.06433856,0.42544856,2.52044713,-2.95909386,1,0,1,1,1
769,160000,-0.04562426,0.10084497,-0.06638677,0.20181609,2.67889943,-2.86943374,1,0,1,1,1
770,160208,-0.04904947,0.10827458,-0.04979645,0.00187717,2.76106950,-2.77954727,1,0,1,1,1
771,160416,-0.04894211,0.11168160,-0.03911527,-0.20302474,2.87482515,-2.65769928,1,0,1,1,1
772,160625,-0.05899966,0.09039210,-0.04003446,-0.43483125,2.95510966,-2.53230826,1,0,1,1,1
773,160833,-0.06597485,0.09205473,-0.03222546,-0.62382202,3.04392208,-2.40449664,1,0,1,1,1
774,161041,-0.08046731,0.09255369,-0.03113393,-0.82361016,3.08666543,-2.27856314,1,0,1,1,1
775,161250,-0.08482967,0.10090412,-0.01511051,-1.01170419,3.13980778,-2.11681056,1,0,1,1,1
776,161458,-0.07935214,0.09396788,-0.01887499,-1.22207680,3.18645879,-1.94254070,1,0,1,1,1
777,161666,-0.08398581,0.09296444,-0.00491041,-1.41811503,3.18766350,-1.77296446,1,0,1,1,1
778,161875,-0.08402927,0.08996135,0.00286958,-1.59558585,3.20684738,-1.61080896,1,0,1,1,1
779,162083,-0.08855098,0.07915168,0.01067065,-1.76740521,3.18200781,-1.40671742,1,0,1,1,1
780,162291,-0.09994607,0.08184668,0.01102551,-1.93619777,3.15154627,-1.23502043,1,0,1,1,1
781,162500,-0.09072743,0.07572095,0.01165274,-2.10940742,3.12634738,-1.02804872,1,0,1,1,1
782,162708,-0.08995839,0.06607323,0.03573685,-2.25393772,3.09611464,-0.83165207,1,0,1,1,1
783,162916,-0.09505051,0.07320309,0.03936988,-2.41139761,3.03826000,-0.62465065,1,0,1,1,1
784,163125,-0.10213817,0.06755215,0.04679281,-2.53510986,2.96323361,-0.42830252,1,0,1,1,1
785,163333,-0.09292586,0.06085394,0.04297355,-2.65980282,2.86697280,-0.19787236,1,0,1,1,1
786,163541,-0.10460335,0.05031726,0.04417245,-2.77237760,2.78595161,0.00702913,1,0,1,1,1
787,163750,-0.10014649,0.04307705,0.05843788,-2.88173405,2.66854989,0.20972841,1,0,1,1,1
788,163958,-0.09710907,0.03889302,0.06281303,-2.94793335,2.53878444,0.41949438,1,0,1,1,1
789,164166,-0.10505978,0.03477267,0.06479002,-3.03553962,2.40013466,0.62765148,1,0,1,1,1
790,164375,-0.10770784,0.02358041,0.06750177,-3.09381273,2.26359754,0.82438901,1,0,1,1,1
791,164583,-0.09548172,0.02131075,0.07473442,-3.11172218,2.09903477,1.03831968,1,0,1,1,1
792,164791,-0.10056804,0.00719331,0.08242789,-3.14880777,1.95709168,1.24014481,1,0,1,1,1
793,165000,-0.08787684,0.01164831,0.08003608,-3.19305941,1.79434222,1.41242622,1,0,1,1,1
794,165208,-0.08590565,-0.00467629,0.08351639,-3.19882186,1.60843335,1.60306261,1,0,1,1,1
795,165416,-0.07882349,-0.00407840,0.08648450,-3.20446099,1.41402134,1.77657555,1,0,1,1,1
796,165625,-0.07836021,-0.00735980,0.09110687,-3.15735186,1.21451911,1.93900570,1,0,1,1,1
797,165833,-0.07436048,-0.02482138,0.09431104,-3.13035335,1.03542296,2.11281397,1,0,1,1,1
798,166041,-0.06875763,-0.02096944,0.10428621,-3.09986948,0.81503184,2.24531161,1,0,1,1,1
799,166250,-0.06575810,-0.03485541,0.10417460,-3.04414011,0.62189300,2.40056730,1,0,1,1,1
800,166458,-0.04932951,-0.04032264,0.09340996,-2.95984440,0.41032121,2.54689763,1,0,1,1,1
801,166666,-0.05772518,-0.04083247,0.09966194,-2.87914787,0.21889367,2.66512327,1,0,1,1,1
802,166875,-0.05021025,-0.04759158,0.09497835,-2.78698388,-0.01112128,2.79182122,1,0,1,1,1
803,167083,-0.03708327,-0.05065852,0.10614776,-2.65546320,-0.19433551,2.88052983,1,0,1,1,1
804,167291,-0.03688604,-0.06445885,0.10317546,-2.54161997,-0.42160195,2.94719618,1,0,1,1,1
805,167500,-0.03657715,-0.06993863,0.09493570,-2.39994638,-0.65130493,3.04128527,1,0,1,1,1
806,167708,-0.01386622,-0.06910593,0.08808638,-2.27207537,-0.82278779,3.09901844,1,0,1,1,1
807,167916,-0.01996197,-0.06533174,0.09882508,-2.11897994,-1.03043238,3.13450950,1,0,1,1,1
808,168125,-0.01055119,-0.08200653,0.09701201,-1.95408791,-1.21800917,3.19506710,1,0,1,1,1
809,168333,-0.00831749,-0.07810388,0.09345838,-1.78003008,-1.40858463,3.19834011,1,0,1,1,1
810,168541,-0.00559338,-0.09020509,0.08516986,-1.58082270,-1.58064096,3.19584085,1,0,1,1,1
811,168750,0.00333286,-0.08393979,0.08739422,-1.42747802,-1.77047287,3.18202716,1,0,1,1,1
812,168958,0.00534272,-0.09953576,0.07015606,-1.23609274,-1.95229826,3.18234801,1,0,1,1,1
813,169166,0.02083011,-0.09284603,0.07143067,-1.02840007,-2.10822608,3.14513189,1,0,1,1,1
814,169375,0.02558828,-0.09215454,0.07739526,-0.83365251,-2.26929918,3.08269746,1,0,1,1,1
815,169583,0.03553780,-0.10281815,0.06991673,-0.62714275,-2.39704000,3.03440063,1,0,1,1,1
816,169791,0.04189598,-0.09136315,0.05230446,-0.40421212,-2.55918630,2.96365761,1,0,1,1,1
817,170000,0.04149413,-0.10432385,0.06438494,-0.22305034,-2.66704890,2.87229162,1,0,1,1,1
818,170208,0.04765334,-0.09470973,0.05100482,0.01761887,-2.77078948,2.77018932,1,0,1,1,1
819,170416,0.05595833,-0.10193825,0.04518529,0.21300390,-2.88038141,2.65695209,1,0,1,1,1
820,170625,0.07408270,-0.10391505,0.04131490,0.41273542,-2.95012727,2.54277645,1,0,1,1,1
821,170833,0.06674619,-0.10073476,0.03010993,0.62555863,-3.03941020,2.41591304,1,0,1,1,1
822,171041,0.07071899,-0.08896506,0.01611385,0.81430357,-3.10400215,2.26499985,1,0,1,1,1
823,171250,0.07259260,-0.09293404,0.01979608,1.02826606,-3.12704484,2.12383652,1,0,1,1,1
824,171458,0.07322537,-0.08859283,0.01231087,1.22290573,-3.17300717,1.94054864,1,0,1,1,1
825,171666,0.08898565,-0.08960147,0.00459850,1.41099716,-3.18511234,1.77183790,1,0,1,1,1
826,171875,0.08134181,-0.08486331,0.00057794,1.59906571,-3.20692503,1.61731568,1,0,1,1,1
827,172083,0.09069674,-0.08147350,-0.00521838,1.77243031,-3.18339406,1.40477533,1,0,1,1,1
828,172291,0.08553269,-0.07310689,-0.00958370,1.93306064,-3.16715501,1.22425908,1,0,1,1,1
829,172500,0.09660331,-0.07530279,-0.01522420,2.10203861,-3.13538575,1.03600889,1,0,1,1,1
830,172708,0.09218509,-0.06964203,-0.02519969,2.26917034,-3.08706519,0.83803979,1,0,1,1,1
831,172916,0.10205334,-0.06831573,-0.03731242,2.39480312,-3.02920313,0.62442769,1,0,1,1,1
832,173125,0.09789803,-0.05990392,-0.03947318,2.53104509,-2.93527954,0.41770326,1,0,1,1,1
833,173333,0.10018515,-0.05727107,-0.04100136,2.64379171,-2.88632278,0.20725754,1,0,1,1,1
834,173541,0.10157935,-0.04585153,-0.04703460,2.77646687,-2.76856981,0.00354435,1,0,1,1,1
835,173750,0.10167690,-0.04421127,-0.05625087,2.86445408,-2.66955261,-0.20705867,1,0,1,1,1
836,173958,0.10278199,-0.03690069,-0.05336683,2.95205350,-2.54679649,-0.40926437,1,0,1,1,1
837,174166,0.09505418,-0.04036479,-0.07016540,3.03651138,-2.40086372,-0.64964445,1,0,1,1,1
838,174375,0.09614281,-0.02222490,-0.07538478,3.08916757,-2.25617874,-0.80781113,1,0,1,1,1
839,174583,0.08796868,-0.01890234,-0.07438597,3.12946800,-2.11855289,-1.02263495,1,0,1,1,1
840,174791,0.08210356,-0.01538306,-0.07743997,3.15516955,-1.93074097,-1.22944534,1,0,1,1,1
841,175000,0.08541338,0.00306302,-0.08940333,3.18899177,-1.79444125,-1.41026746,1,0,1,1,1
842,175208,0.08502141,-0.00373888,-0.09116091,3.20092294,-1.60578620,-1.61074319,1,0,1,1,1
843,175416,0.08128170,0.00278961,-0.09652773,3.18464241,-1.42164189,-1.77026389,1,0,1,1,1
844,175625,0.07233063,0.01642643,-0.09097938,3.16547271,-1.22821681,-1.95213965,1,0,1,1,1
845,175833,0.06719138,0.00702014,-0.09755525,3.12855939,-1.03333087,-2.12372678,1,0,1,1,1
846,176041,0.07353657,0.02175062,-0.09784019,3.10451246,-0.82424339,-2.27138326,1,0,1,1,1
847,176250,0.07065647,0.02619004,-0.10109387,3.03590172,-0.62590559,-2.41836855,1,0,1,1,1
848,176458,0.05973562,0.03715854,-0.09806510,2.96981119,-0.40806966,-2.52419591,1,0,1,1,1
849,176666,0.05074699,0.04352186,-0.10657338,2.86592370,-0.21101087,-2.65163228,1,0,1,1,1
850,176875,0.05291757,0.04830432,-0.09736741,2.76949525,0.00040392,-2.78407712,1,0,1,1,1
851,177083,0.04146205,0.05440400,-0.10386502,2.67450850,0.21392536,-2.87909906,1,0,1,1,1
852,177291,0.04104406,0.05648564,-0.11287750,2.53264624,0.43511963,-2.96081565,1,0,1,1,1
853,177500,0.02002089,0.06800721,-0.10131164,2.40636769,0.63272956,-3.00546311,1,0,1,1,1
854,177708,0.02254629,0.07004725,-0.09533457,2.26705873,0.83802249,-3.07680154,1,0,1,1,1
855,177916,0.01744857,0.07621098,-0.09373811,2.09993624,1.03213989,-3.12515844,1,0,1,1,1
856,178125,0.01703169,0.07171801,-0.09319185,1.95270266,1.22525003,-3.15542153,1,0,1,1,1
857,178333,0.01062869,0.08898654,-0.08893580,1.78141249,1.42570463,-3.19219214,1,0,1,1,1
858,178541,-0.00321775,0.07423530,-0.09092983,1.60623983,1.59348855,-3.18908597,1,0,1,1,1
859,178750,-0.00657317,0.09166501,-0.07546468,1.40098606,1.78024693,-3.20897979,1,0,1,1,1
860,178958,-0.01343236,0.09583056,-0.08635745,1.22222508,1.95382153,-3.19157033,1,0,1,1,1
861,179166,-0.01758503,0.09924719,-0.07693803,1.03872911,2.11953541,-3.14442041,1,0,1,1,1
862,179375,-0.02610584,0.10048054,-0.07157597,0.82121346,2.25362069,-3.10851921,1,0,1,1,1
863,179583,-0.02649824,0.09633026,-0.05947445,0.61969061,2.41666984,-3.01108813,1,0,1,1,1
864,179791,-0.04063479,0.09966409,-0.05623786,0.43501302,2.53035849,-2.96501526,1,0,1,1,1
865,180000,-0.04324171,0.09795664,-0.06056467,0.20130992,2.67553791,-2.86944528,1,0,1,1,1
866,180208,-0.05379546,0.10748318,-0.05165802,-0.00424635,2.78757121,-2.77689495,1,0,1,1,1
867,180416,-0.05601090,0.09486063,-0.04717227,-0.20648305,2.87174149,-2.65934386,1,0,1,1,1
868,180625,-0.05962685,0.09581457,-0.04362433,-0.40925092,2.96986297,-2.54548772,1,0,1,1,1
869,180833,-0.06378998,0.09526330,-0.02534725,-0.63122475,3.02651630,-2.40679642,1,0,1,1,1
870,181041,-0.05994033,0.09384084,-0.02554423,-0.83846261,3.08360231,-2.25031383,1,0,1,1,1
871,181250,-0.07377490,0.09766435,-0.02801369,-1.03044277,3.14289660,-2.10755625,1,0,1,1,1
872,181458,-0.07522951,0.10136161,-0.00675036,-1.22868440,3.17985007,-1.96102535,1,0,1,1,1
873,181666,-0.08136105,0.09688572,-0.01263888,-1.42385452,3.20290336,-1.78752715,1,0,1,1,1
874,181875,-0.08604271,0.08340222,-0.00157580,-1.59937433,3.20383511,-1.59711989,1,0,1,1,1
875,182083,-0.08808081,0.08434028,0.00209677,-1.77307670,3.18996755,-1.42157157,1,0,1,1,1
876,182291,-0.09308616,0.07508067,0.00898151,-1.94098469,3.17611198,-1.21358262,1,0,1,1,1
877,182500,-0.09884727,0.07279487,0.01334319,-2.09717306,3.14466369,-1.01592028,1,0,1,1,1
878,182708,-0.09726657,0.07711996,0.02431785,-2.25556264,3.08029225,-0.82027501,1,0,1,1,1
879,182916,-0.09690949,0.05491345,0.02815658,-2.41324968,3.01162416,-0.62690345,1,0,1,1,1
880,183125,-0.09525584,0.06022615,0.03168161,-2.53399573,2.96627420,-0.42357866,1,0,1,1,1
881,183333,-0.10037588,0.06245564,0.04104000,-2.66047824,2.86105523,-0.19580919,1,0,1,1,1
882,183541,-0.09516231,0.05525915,0.04623409,-2.77470061,2.77201919,-0.00716903,1,0,1,1,1
883,183750,-0.10132068,0.04413727,0.05522042,-2.87272398,2.64898883,0.21083774,1,0,1,1,1
884,183958,-0.09240505,0.04867875,0.06072583,-2.95445683,2.53370102,0.41139418,1,0,1,1,1
885,184166,-0.09577412,0.02324565,0.06173441,-3.03774848,2.41328638,0.62121807,1,0,1,1,1
886,184375,-0.09299108,0.01790373,0.07241017,-3.08806924,2.25617983,0.82279593,1,0,1,1,1
887,184583,-0.09670714,0.02129819,0.07110288,-3.13774042,2.10792320,1.02846304,1,0,1,1,1
888,184791,-0.08835584,0.02056667,0.07904721,-3.17647801,1.95143548,1.23353532,1,0,1,1,1
889,185000,-0.08942050,0.01961709,0.08151372,-3.19117176,1.77383337,1.41492988,1,0,1,1,1
890,185208,-0.08242389,-0.00355914,0.08470720,-3.18420688,1.60421984,1.59207672,1,0,1,1,1
891,185416,-0.07962611,-0.00580151,0.09449631,-3.19942348,1.41894033,1.77172065,1,0,1,1,1
892,185625,-0.07588395,-0.01271702,0.09345466,-3.17477441,1.22287254,1.94823532,1,0,1,1,1
893,185833,-0.07914586,-0.02311915,0.09257684,-3.12917195,1.01376441,2.11732478,1,0,1,1,1
894,186041,-0.07066103,-0.03163572,0.09836637,-3.09996328,0.82618612,2.23695759,1,0,1,1,1
895,186250,-0.06975174,-0.01979160,0.10147397,-3.02042390,0.62412904,2.39960529,1,0,1,1,1
896,186458,-0.06174895,-0.03647456,0.09806080,-2.96969916,0.41796721,2.55565132,1,0,1,1,1
897,186666,-0.05377100,-0.04306326,0.10383847,-2.87897684,0.22003483,2.67386837,1,0,1,1,1
898,186875,-0.05679534,-0.04176812,0.09708242,-2.77329266,0.01157291,2.78288171,1,0,1,1,1
899,187083,-0.04396284,-0.05303233,0.09973704,-2.63720158,-0.20442390,2.87560797,1,0,1,1,1
900,187291,-0.05074108,-0.05865778,0.10211326,-2.54414936,-0.43601603,2.95653343,1,0,1,1,1
901,187500,-0.02775327,-0.06804132,0.09278634,-2.38868199,-0.61975319,3.03047448,1,0,1,1,1
902,187708,-0.01939402,-0.07722083,0.09875816,-2.26324800,-0.82733434,3.08805683,1,0,1,1,1
903,187916,-0.02468606,-0.07439705,0.09538631,-2.09882584,-1.02079511,3.14997951,1,0,1,1,1
904,188125,-0.00828506,-0.07482359,0.09087775,-1.95073187,-1.23388202,3.17752621,1,0,1,1,1
905,188333,-0.00924253,-0.07943606,0.08125968,-1.76998610,-1.41181402,3.18737146,1,0,1,1,1
906,188541,0.00084930,-0.08099704,0.08257802,-1.59709281,-1.61648195,3.20505707,1,0,1,1,1
907,188750,0.01257537,-0.08921090,0.08911194,-1.41912324,-1.78094703,3.18650417,1,0,1,1,1
908,188958,0.01711894,-0.10265625,0.07367969,-1.20332457,-1.93633981,3.17574369,1,0,1,1,1
909,189166,0.01189144,-0.09223261,0.07467175,-1.02251373,-2.11693158,3.12142512,1,0,1,1,1
910,189375,0.02175744,-0.09487815,0.06786239,-0.82394925,-2.26522506,3.08633366,1,0,1,1,1
911,189583,0.03303293,-0.09434316,0.05794300,-0.59322729,-2.41220850,3.02293610,1,0,1,1,1
912,189791,0.03431243,-0.09211331,0.05290615,-0.43351703,-2.52911749,2.94701761,1,0,1,1,1
913,190000,0.04925057,-0.09613470,0.06126581,-0.21673992,-2.65672724,2.86356446,1,0,1,1,1
914,190208,0.05759884,-0.09964084,0.05164525,-0.01955779,-2.79059633,2.77912176,1,0,1,1,1
915,190416,0.05595474,-0.09690894,0.04505453,0.20666867,-2.87014144,2.67029320,1,0,1,1,1
916,190625,0.06884153,-0.10588360,0.02814360,0.41470895,-2.94780316,2.54110449,1,0,1,1,1
917,190833,0.06046070,-0.09873187,0.02944841,0.62580847,-3.03242013,2.40984586,1,0,1,1,1
918,191041,0.07017219,-0.09865407,0.03243860,0.82990183,-3.10487813,2.25768763,1,0,1,1,1
919,191250,0.08192488,-0.09879404,0.01734655,1.04913203,-3.13399543,2.12029624,1,0,1,1,1
920,191458,0.07868638,-0.09927567,0.01672976,1.20019881,-3.18617810,1.94062542,1,0,1,1,1
921,191666,0.08784199,-0.08482685,0.00284677,1.42703476,-3.19299812,1.77564249,1,0,1,1,1
922,191875,0.08578246,-0.09544015,0.00432778,1.58678728,-3.18853786,1.61056741,1,0,1,1,1
923,192083,0.08889181,-0.08813210,-0.00384535,1.76592285,-3.19634606,1.44068865,1,0,1,1,1
924,192291,0.08991795,-0.08293997,-0.00572845,1.95557373,-3.15932040,1.22467447,1,0,1,1,1
925,192500,0.08705011,-0.07879895,-0.01720922,2.10857822,-3.14553746,1.01434195,1,0,1,1,1
926,192708,0.10086578,-0.06801969,-0.03640261,2.27919652,-3.08634412,0.83602440,1,0,1,1,1
927,192916,0.10556197,-0.05918188,-0.03370954,2.39940100,-3.03669299,0.61855079,1,0,1,1,1
928,193125,0.09133950,-0.05338279,-0.03512003,2.52792642,-2.95757117,0.42849841,1,0,1,1,1
929,193333,0.10333093,-0.05803519,-0.04076749,2.65667883,-2.86526811,0.20681622,1,0,1,1,1
930,193541,0.10025071,-0.05202383,-0.05291063,2.76258644,-2.77387505,-0.00797904,1,0,1,1,1
931,193750,0.09795993,-0.04206285,-0.06621994,2.87148209,-2.64995190,-0.19495754,1,0,1,1,1
932,193958,0.09947029,-0.04167816,-0.06125925,2.94496232,-2.55446190,-0.40871132,1,0,1,1,1
933,194166,0.10036157,-0.04034663,-0.06265610,3.03818864,-2.41587443,-0.62126531,1,0,1,1,1
934,194375,0.09349956,-0.02602395,-0.07528641,3.09925882,-2.27421345,-0.82112196,1,0,1,1,1
935,194583,0.09602369,-0.01032584,-0.07537996,3.15411530,-2.10845434,-1.01198639,1,0,1,1,1
936,194791,0.10064532,-0.00401271,-0.07761756,3.15529434,-1.95125682,-1.22786600,1,0,1,1,1
937,195000,0.08844121,-0.00937314,-0.08474656,3.19492901,-1.78555875,-1.41453679,1,0,1,1,1
938,195208,0.08841098,0.00090809,-0.08057851,3.20807053,-1.60831370,-1.61448540,1,0,1,1,1
939,195416,0.08003538,0.00798260,-0.08421372,3.19464813,-1.41775275,-1.79885132,1,0,1,1,1
940,195625,0.08690527,0.00725652,-0.10002608,3.16069765,-1.22719190,-1.93895763,1,0,1,1,1
941,195833,0.07404922,0.01726942,-0.09683050,3.13487435,-1.02884472,-2.10164533,1,0,1,1,1
942,196041,0.06801970,0.02572703,-0.09473703,3.06994547,-0.84448531,-2.27899693,1,0,1,1,1
943,196250,0.06483655,0.03692547,-0.10088293,3.03041855,-0.61540738,-2.41843478,1,0,1,1,1
944,196458,0.06190018,0.03239264,-0.09493131,2.95056029,-0.41224971,-2.51721955,1,0,1,1,1
945,196666,0.04903291,0.03932688,-0.09783857,2.85801771,-0.19739150,-2.66690118,1,0,1,1,1
946,196875,0.04647216,0.05801685,-0.09879708,2.78556210,0.00615110,-2.77799445,1,0,1,1,1
947,197083,0.04521232,0.05169142,-0.10486069,2.68621452,0.20176407,-2.86700778,1,0,1,1,1
948,197291,0.04068372,0.06184552,-0.10970574,2.54916006,0.41499061,-2.96560732,1,0,1,1,1
949,197500,0.03137332,0.07242412,-0.10016875,2.38535136,0.60991626,-3.01950232,1,0,1,1,1
950,197708,0.02727520,0.06335865,-0.10150474,2.24951509,0.83039808,-3.08451128,1,0,1,1,1
951,197916,0.02442216,0.08027089,-0.09222500,2.10907067,1.02837828,-3.15508129,1,0,1,1,1
952,198125,0.01190951,0.09066993,-0.09299446,1.95227175,1.22747692,-3.15349976,1,0,1,1,1
953,198333,0.01193200,0.08083949,-0.08576159,1.77951775,1.40596164,-3.18730694,1,0,1,1,1
954,198541,-0.00223244,0.08150663,-0.08299179,1.57727306,1.60019544,-3.20766938,1,0,1,1,1
955,198750,-0.00512298,0.08297586,-0.08953106,1.42266584,1.77171172,-3.20445577,1,0,1,1,1
956,198958,-0.01479817,0.09028634,-0.07979989,1.22070984,1.95610541,-3.18997417,1,0,1,1,1
957,199166,-0.02461026,0.09009424,-0.08248741,1.02651780,2.10814274,-3.14227461,1,0,1,1,1
958,199375,-0.03054045,0.10062831,-0.07238330,0.84260317,2.26728594,-3.10728092,1,0,1,1,1
959,199583,-0.02888264,0.09779474,-0.06524921,0.61065810,2.39498562,-3.02235132,1,0,1,1,1
960,199791,-0.03721957,0.10347326,-0.05328244,0.42674949,2.54263112,-2.96507253,1,0,1,1,1
961,200000,-0.04888083,0.09919907,-0.05570162,0.23969377,2.67331692,-2.87740686,1,0,1,1,1
962,200208,-0.05524257,0.10442284,-0.05872127,0.01030315,2.75971560,-2.77038530,1,0,1,1,1
963,200416,-0.05131482,0.10730848,-0.05145016,-0.20580799,2.87198813,-2.67202278,1,0,1,1,1
964,200625,-0.06063504,0.10026886,-0.05023435,-0.41226772,2.96485685,-2.54226114,1,0,1,1,1
965,200833,-0.06544572,0.10586298,-0.03561565,-0.60802283,3.05692143,-2.40961070,1,0,1,1,1
966,201041,-0.06694842,0.09817242,-0.02507297,-0.82807273,3.10038676,-2.26736956,1,0,1,1,1
967,201250,-0.07018107,0.09519813,-0.02021269,-1.02681405,3.12930791,-2.09731553,1,0,1,1,1
968,201458,-0.07726520,0.08923967,-0.01573891,-1.21628738,3.17742982,-1.94231177,1,0,1,1,1
969,201666,-0.08786737,0.08733255,-0.01533909,-1.41109679,3.22040856,-1.78811789,1,0,1,1,1
970,201875,-0.09535237,0.08977611,-0.00199926,-1.59690409,3.21171013,-1.60730784,1,0,1,1,1
971,202083,-0.09410889,0.08785808,0.00986903,-1.76700091,3.19430729,-1.41036949,1,0,1,1,1
972,202291,-0.09611448,0.07495687,0.01486788,-1.94123881,3.17826361,-1.23997409,1,0,1,1,1
973,202500,-0.08682219,0.07416083,0.02421158,-2.09863777,3.15551129,-1.04397352,1,0,1,1,1
974,202708,-0.08928553,0.07109192,0.02293370,-2.27640747,3.11255710,-0.81396376,1,0,1,1,1
975,202916,-0.10049265,0.05631412,0.03175017,-2.40748040,3.03483075,-0.61621159,1,0,1,1,1
976,203125,-0.09910182,0.06177006,0.03253174,-2.53228490,2.96187154,-0.41130266,1,0,1,1,1
977,203333,-0.10791081,0.05884572,0.04568423,-2.64302551,2.85249642,-0.20429397,1,0,1,1,1
978,203541,-0.10249229,0.04334407,0.05273826,-2.77155371,2.77388105,-0.01056083,1,0,1,1,1
979,203750,-0.09252133,0.04599884,0.05250800,-2.86418034,2.65385388,0.21114553,1,0,1,1,1
980,203958,-0.10453855,0.02974713,0.06708701,-2.96676427,2.55144222,0.42222662,1,0,1,1,1
981,204166,-0.10350835,0.04043839,0.05873498,-3.03608636,2.39953561,0.61870560,1,0,1,1,1
982,204375,-0.09912644,0.02526982,0.06134721,-3.09094814,2.26199765,0.80220739,1,0,1,1,1
983,204583,-0.09846789,0.01363121,0.07778025,-3.14678421,2.10732758,1.02822008,1,0,1,1,1
984,204791,-0.08972670,0.02007130,0.07766489,-3.17616633,1.95939206,1.21799688,1,0,1,1,1
985,205000,-0.09478472,0.00897141,0.08181876,-3.18769508,1.77455489,1.41523063,1,0,1,1,1
986,205208,-0.08202430,0.00107078,0.08675422,-3.22172268,1.57930249,1.60651546,1,0,1,1,1
987,205416,-0.08610146,-0.00360930,0.09722828,-3.19942606,1.41147435,1.77515242,1,0,1,1,1
988,205625,-0.07850059,-0.00764026,0.08864417,-3.16270632,1.22496327,1.96436214,1,0,1,1,1
989,205833,-0.08079412,-0.02044209,0.09216525,-3.12754367,1.01566525,2.11171975,1,0,1,1,1
990,206041,-0.07803322,-0.02664454,0.09893388,-3.09625702,0.83491572,2.25401791,1,0,1,1,1
991,206250,-0.06587585,-0.03958357,0.09794712,-3.04403287,0.62930179,2.41225175,1,0,1,1,1
992,206458,-0.06010948,-0.04097492,0.09446334,-2.96377274,0.43620526,2.53397467,1,0,1,1,1
993,206666,-0.06266689,-0.03545532,0.10538641,-2.88020001,0.21507115,2.64564915,1,0,1,1,1
994,206875,-0.05053871,-0.05258244,0.10801778,-2.78093166,-0.00966152,2.78690884,1,0,1,1,1
995,207083,-0.03843829,-0.05953488,0.09896345,-2.66455450,-0.21714164,2.85935122,1,0,1,1,1
996,207291,-0.04393515,-0.06798097,0.10824908,-2.53358261,-0.41234263,2.95045714,1,0,1,1,1
997,207500,-0.02609959,-0.06935656,0.09260778,-2.41209761,-0.62449132,3.02454211,1,0,1,1,1
998,207708,-0.02164150,-0.06912772,0.09664239,-2.26411414,-0.82461283,3.07532998,1,0,1,1,1
999,207916,-0.01149779,-0.06972768,0.08878685,-2.08341710,-1.03074348,3.14014334,1,0,1,1,1
1000,208125,-0.02018098,-0.06910425,0.08705075,-1.96213727,-1.22059025,3.17490169,1,0,1,1,1
1001,208333,-0.00525843,-0.08247907,0.08944875,-1.78061706,-1.39223092,3.17887362,1,0,1,1,1
1002,208541,0.00186029,-0.07471133,0.09155599,-1.59689223,-1.59372829,3.19698456,1,0,1,1,1
1003,208750,0.00221463,-0.08735629,0.08193894,-1.40493323,-1.78949442,3.20809464,1,0,1,1,1
1004,208958,0.00795193,-0.09070828,0.06907679,-1.21270272,-1.94787666,3.17386423,1,0,1,1,1
1005,209166,0.01984915,-0.09299960,0.06909846,-1.02129689,-2.08638517,3.13944017,1,0,1,1,1
1006,209375,0.02123048,-0.09474566,0.06496025,-0.82951598,-2.26757125,3.10391107,1,0,1,1,1
1007,209583,0.02888604,-0.09200856,0.07212450,-0.63737444,-2.39681148,3.02999006,1,0,1,1,1
1008,209791,0.03791549,-0.09962266,0.05632980,-0.42655589,-2.53749745,2.93805813,1,0,1,1,1
1009,210000,0.03919561,-0.10265001,0.05724107,-0.22182702,-2.65663043,2.88705352,1,0,1,1,1
1010,210208,0.05167389,-0.10014481,0.05246589,0.01738680,-2.77336791,2.76952016,1,0,1,1,1
1011,210416,0.05633501,-0.10139903,0.04047744,0.21859092,-2.87653820,2.65577819,1,0,1,1,1
1012,210625,0.06058929,-0.09715542,0.03495487,0.41335638,-2.94830144,2.56516930,1,0,1,1,1
1013,210833,0.05806338,-0.09181240,0.02616042,0.63196508,-3.02134802,2.41056978,1,0,1,1,1
1014,211041,0.06862452,-0.09304510,0.02448801,0.81489562,-3.08380712,2.26655770,1,0,1,1,1
1015,211250,0.07811819,-0.09184781,0.02052207,1.03662454,-3.14094015,2.10809001,1,0,1,1,1
1016,211458,0.07586368,-0.08199833,0.01669931,1.22858226,-3.16538687,1.97487792,1,0,1,1,1
1017,211666,0.08825611,-0.08971194,-0.00203441,1.43490990,-3.20228813,1.78971970,1,0,1,1,1
1018,211875,0.08451931,-0.08598452,0.00158157,1.59253685,-3.19523250,1.59977756,1,0,1,1,1
1019,212083,0.08372760,-0.07903091,-0.00058469,1.77425185,-3.19401482,1.41536804,1,0,1,1,1
1020,212291,0.09176483,-0.08358092,-0.01550615,1.94859463,-3.17173469,1.22005999,1,0,1,1,1
1021,212500,0.08370493,-0.07471617,-0.02261661,2.10312460,-3.13146084,1.03499328,1,0,1,1,1
1022,212708,0.10066728,-0.07377155,-0.02581721,2.26552051,-3.09228699,0.83099655,1,0,1,1,1
1023,212916,0.09694652,-0.06641247,-0.03857872,2.41807626,-3.04103398,0.62286704,1,0,1,1,1
1024,213125,0.09847993,-0.06123330,-0.03959535,2.52619735,-2.96603694,0.40512438,1,0,1,1,1
1025,213333,0.09871681,-0.04975984,-0.04544294,2.66145379,-2.86189327,0.19622758,1,0,1,1,1
1026,213541,0.10064091,-0.04233915,-0.05528418,2.77298561,-2.76715932,-0.00237525,1,0,1,1,1
1027,213750,0.10802768,-0.03375197,-0.05684303,2.85548588,-2.67757448,-0.20493980,1,0,1,1,1
1028,213958,0.09804229,-0.03892681,-0.05870926,2.94488979,-2.53439781,-0.40059137,1,0,1,1,1
1029,214166,0.09570060,-0.03211042,-0.07087146,3.03710735,-2.39398729,-0.61707728,1,0,1,1,1
1030,214375,0.10482319,-0.03614705,-0.07350272,3.08637184,-2.27280006,-0.83504154,1,0,1,1,1
1031,214583,0.10012692,-0.01858845,-0.07285495,3.14115799,-2.12459411,-1.03556495,1,0,1,1,1
1032,214791,0.09086560,-0.01418685,-0.08302514,3.16772334,-1.94224563,-1.22788487,1,0,1,1,1
1033,215000,0.08525817,-0.00845324,-0.09259481,3.20727160,-1.79601003,-1.40318577,1,0,1,1,1
1034,215208,0.08227689,0.00270994,-0.09407299,3.19333526,-1.60218021,-1.58994121,1,0,1,1,1
1035,215416,0.08391915,0.00298112,-0.09436188,3.20253154,-1.41700005,-1.77785564,1,0,1,1,1
1036,215625,0.08359479,0.01183812,-0.09308685,3.17967356,-1.22343007,-1.94540056,1,0,1,1,1
1037,215833,0.07857575,0.02280174,-0.09716632,3.14373794,-1.02425263,-2.11836454,1,0,1,1,1
1038,216041,0.06414949,0.02036032,-0.10591095,3.10890733,-0.83325906,-2.26770387,1,0,1,1,1
1039,216250,0.07037332,0.02996678,-0.10041539,3.02449795,-0.60979460,-2.40321945,1,0,1,1,1
1040,216458,0.05970250,0.03851709,-0.10433787,2.94792902,-0.41713697,-2.54687698,1,0,1,1,1
1041,216666,0.05769205,0.04576773,-0.09569209,2.87754434,-0.21921289,-2.64812611,1,0,1,1,1
1042,216875,0.04764148,0.04245531,-0.10356583,2.77225206,-0.00913060,-2.75867930,1,0,1,1,1
1043,217083,0.03968267,0.05387003,-0.10853290,2.65741682,0.20371527,-2.86971083,1,0,1,1,1
1044,217291,0.04279679,0.06216831,-0.09910639,2.52531948,0.40695096,-2.96530342,1,0,1,1,1
1045,217500,0.02873704,0.06097219,-0.10167993,2.40585210,0.62189345,-3.03964787,1,0,1,1,1
1046,217708,0.02862618,0.06716947,-0.09755483,2.26283860,0.82108936,-3.07766880,1,0,1,1,1
1047,217916,0.01879689,0.07593257,-0.09694113,2.11994194,1.02847257,-3.11905997,1,0,1,1,1
1048,218125,0.01087074,0.08312939,-0.09034616,1.94032302,1.23421796,-3.19647698,1,0,1,1,1
1049,218333,0.00281767,0.08005261,-0.08491821,1.77662310,1.39812688,-3.21302075,1,0,1,1,1
1050,218541,-0.00158399,0.09066044,-0.08334604,1.58212816,1.60127179,-3.20066653,1,0,1,1,1
1051,218750,-0.01070798,0.08325981,-0.08224682,1.42755063,1.78572013,-3.19285478,1,0,1,1,1
1052,218958,-0.01228878,0.09546838,-0.07648499,1.24413479,1.95325141,-3.18141074,1,0,1,1,1
1053,219166,-0.01918275,0.09663471,-0.07413788,1.01568670,2.10443245,-3.12049638,1,0,1,1,1
1054,219375,-0.03026591,0.10403023,-0.07240195,0.83307389,2.26288349,-3.09321090,1,0,1,1,1
1055,219583,-0.03324266,0.09650797,-0.06655870,0.62502069,2.39381780,-3.02423395,1,0,1,1,1
1056,219791,-0.03675177,0.10955574,-0.06943236,0.42199663,2.53696619,-2.95738514,1,0,1,1,1
1057,220000,-0.03708660,0.09462271,-0.06118965,0.21787864,2.64371770,-2.86441991,1,0,1,1,1
1058,220208,-0.04945465,0.09457728,-0.04453190,-0.01365984,2.77552347,-2.76501677,1,0,1,1,1
1059,220416,-0.05061224,0.09627335,-0.04468586,-0.21019812,2.87298236,-2.66825152,1,0,1,1,1
1060,220625,-0.05917090,0.09870483,-0.03599023,-0.42467878,2.94961643,-2.53486915,1,0,1,1,1
1061,220833,-0.06303387,0.10425479,-0.01930121,-0.61267891,3.03318702,-2.40393687,1,0,1,1,1
1062,221041,-0.07585343,0.09202106,-0.02894037,-0.83249821,3.10622136,-2.27308331,1,0,1,1,1
1063,221250,-0.07464870,0.09070045,-0.01308017,-1.01795205,3.13022600,-2.11749492,1,0,1,1,1
1064,221458,-0.08333857,0.09183203,-0.01887254,-1.20619972,3.17722644,-1.97960655,1,0,1,1,1
1065,221666,-0.08671381,0.08485943,-0.00402971,-1.41327177,3.20285606,-1.77234984,1,0,1,1,1
1066,221875,-0.09370656,0.08650316,-0.00270179,-1.56636286,3.20217120,-1.61822607,1,0,1,1,1
1067,222083,-0.07648113,0.07585518,0.00353424,-1.77437853,3.19854701,-1.42411277,1,0,1,1,1
1068,222291,-0.09049036,0.07202441,0.00996431,-1.96319868,3.17367607,-1.22965374,1,0,1,1,1
1069,222500,-0.09891787,0.07509847,0.01372368,-2.11193326,3.13908277,-1.01045372,1,0,1,1,1
1070,222708,-0.10658867,0.07240373,0.02505326,-2.28524711,3.08461245,-0.83083867,1,0,1,1,1
1071,222916,-0.10197579,0.06161170,0.03488589,-2.39326015,3.01988882,-0.62772308,1,0,1,1,1
1072,223125,-0.09838448,0.05846385,0.04027070,-2.54603118,2.96511190,-0.41077112,1,0,1,1,1
1073,223333,-0.10099240,0.04990145,0.04581719,-2.66605528,2.85650892,-0.20473938,1,0,1,1,1
1074,223541,-0.09758024,0.05433955,0.04516929,-2.76068005,2.78268431,0.01857657,1,0,1,1,1
1075,223750,-0.10250027,0.03976400,0.05958720,-2.87769366,2.65377831,0.20364409,1,0,1,1,1
1076,223958,-0.10184915,0.03924989,0.05813551,-2.94852834,2.53826375,0.42126590,1,0,1,1,1
1077,224166,-0.09862612,0.02495937,0.06734911,-3.03248107,2.41400230,0.62704722,1,0,1,1,1
1078,224375,-0.09925580,0.02298223,0.07170352,-3.09867316,2.27156021,0.82776929,1,0,1,1,1
1079,224583,-0.09209228,0.02014108,0.07559079,-3.13479402,2.10298866,1.01926008,1,0,1,1,1
1080,224791,-0.08910046,0.01096559,0.06960724,-3.17490770,1.94935734,1.23425660,1,0,1,1,1
1081,225000,-0.09425484,0.01233105,0.07759852,-3.18795917,1.77857021,1.41390923,1,0,1,1,1
1082,225208,-0.07912905,-0.00196021,0.08851899,-3.19813685,1.58083011,1.61105681,1,0,1,1,1
1083,225416,-0.08509758,-0.00860256,0.09519088,-3.20614649,1.41712250,1.76636296,1,0,1,1,1
1084,225625,-0.08776801,-0.00811295,0.08454134,-3.16990738,1.22936686,1.96395612,1,0,1,1,1
1085,225833,-0.07998469,-0.02341281,0.09558114,-3.14165237,1.02102169,2.11495032,1,0,1,1,1
1086,226041,-0.07823011,-0.02741340,0.10171233,-3.11222052,0.83799944,2.26706887,1,0,1,1,1
1087,226250,-0.06811737,-0.03120749,0.09815222,-3.03074112,0.63736662,2.41449311,1,0,1,1,1
1088,226458,-0.05786464,-0.02962642,0.10174545,-2.94924736,0.41866061,2.55158108,1,0,1,1,1
1089,226666,-0.06304401,-0.03759055,0.09201694,-2.87897224,0.19736715,2.65247059,1,0,1,1,1
1090,226875,-0.05798020,-0.05120811,0.09047096,-2.76661142,0.00042302,2.77755335,1,0,1,1,1
1091,227083,-0.04663383,-0.04453032,0.09740377,-2.65278466,-0.20527509,2.86055962,1,0,1,1,1
1092,227291,-0.03391911,-0.06143873,0.08821161,-2.55703096,-0.41994654,2.93524633,1,0,1,1,1
1093,227500,-0.02763187,-0.06133816,0.10361565,-2.38450682,-0.63788693,3.01565771,1,0,1,1,1
1094,227708,-0.02369809,-0.07375134,0.08890180,-2.26554351,-0.84215147,3.08194884,1,0,1,1,1
1095,227916,-0.01336797,-0.08340586,0.08873052,-2.12045801,-1.00368198,3.11974263,1,0,1,1,1
1096,228125,-0.00603354,-0.07968819,0.09062464,-1.96167688,-1.20818859,3.18461609,1,0,1,1,1
1097,228333,-0.00473507,-0.08584050,0.09248685,-1.78163091,-1.42110905,3.18426644,1,0,1,1,1
1098,228541,-0.00791921,-0.08908953,0.09539150,-1.60714527,-1.60986979,3.21845357,1,0,1,1,1
1099,228750,0.00652462,-0.09846025,0.08388859,-1.41840895,-1.77217347,3.17170343,1,0,1,1,1
1100,228958,0.00682398,-0.09698825,0.07978096,-1.21732640,-1.93839386,3.17302062,1,0,1,1,1
1101,229166,0.01683452,-0.09955107,0.06891768,-1.01810639,-2.12267415,3.11803175,1,0,1,1,1
1102,229375,0.02940923,-0.09336974,0.07402163,-0.83192926,-2.26890100,3.09811849,1,0,1,1,1
1103,229583,0.03074153,-0.10148037,0.07468604,-0.64515806,-2.40483985,3.03232522,1,0,1,1,1
1104,229791,0.03628557,-0.10208682,0.06895129,-0.42734015,-2.55774693,2.95387898,1,0,1,1,1
1105,230000,0.03794084,-0.09475377,0.05956609,-0.21041356,-2.67002131,2.87221619,1,0,1,1,1
1106,230208,0.04319141,-0.10034432,0.04615455,-0.00057158,-2.76749382,2.77301350,1,0,1,1,1
1107,230416,0.06319746,-0.10300521,0.04112982,0.20829266,-2.88016040,2.66960386,1,0,1,1,1
1108,230625,0.05829274,-0.09922025,0.03973072,0.42022930,-2.96098712,2.54543207,1,0,1,1,1
1109,230833,0.06008002,-0.10377336,0.03114756,0.64385422,-3.02996662,2.40298620,1,0,1,1,1
1110,231041,0.06831568,-0.10004120,0.01719702,0.82277565,-3.08481352,2.24381890,1,0,1,1,1
1111,231250,0.07884027,-0.08504914,0.02406523,1.02382903,-3.13419197,2.11211818,1,0,1,1,1
1112,231458,0.08155856,-0.08480587,0.01591488,1.20674154,-3.18272977,1.94534923,1,0,1,1,1
1113,231666,0.09086183,-0.08433313,0.00771843,1.42617110,-3.20213974,1.78895895,1,0,1,1,1
1114,231875,0.09406869,-0.08663674,0.00025738,1.60138755,-3.19851925,1.59693508,1,0,1,1,1
1115,232083,0.08043532,-0.08266234,-0.00143238,1.77692535,-3.20441606,1.42274033,1,0,1,1,1
1116,232291,0.09107505,-0.06616250,-0.01401856,1.95336786,-3.15997206,1.23851581,1,0,1,1,1
1117,232500,0.10206660,-0.07814590,-0.02025398,2.11385863,-3.14869386,1.03841492,1,0,1,1,1
1118,232708,0.10451704,-0.08193217,-0.02179697,2.25055588,-3.09610693,0.82449988,1,0,1,1,1
1119,232916,0.09694396,-0.05908801,-0.03512902,2.40699508,-3.01989941,0.61730559,1,0,1,1,1
1120,233125,0.10116952,-0.06659285,-0.03111102,2.54906830,-2.95472693,0.42730627,1,0,1,1,1
1121,233333,0.09922117,-0.05783614,-0.03878957,2.65758367,-2.87641280,0.22331615,1,0,1,1,1
1122,233541,0.09697685,-0.04972177,-0.05274280,2.77851017,-2.78350189,0.00014333,1,0,1,1,1
1123,233750,0.11074049,-0.04993579,-0.05563851,2.85759670,-2.65491554,-0.22255106,1,0,1,1,1
1124,233958,0.10082688,-0.02262013,-0.04804017,2.94589915,-2.54748493,-0.41425880,1,0,1,1,1
1125,234166,0.09376768,-0.03207834,-0.06892934,3.01933605,-2.42123246,-0.62029925,1,0,1,1,1
1126,234375,0.09451873,-0.01485538,-0.06600226,3.09708333,-2.25780328,-0.82965261,1,0,1,1,1
1127,234583,0.09525383,-0.00933488,-0.07940020,3.14932935,-2.11993626,-1.02803900,1,0,1,1,1
1128,234791,0.08735551,-0.01199809,-0.07123827,3.16378819,-1.94843562,-1.23184325,1,0,1,1,1
1129,235000,0.09381060,-0.00423593,-0.08696546,3.19668937,-1.75431518,-1.40571159,1,0,1,1,1
1130,235208,0.08256439,0.00595312,-0.09157557,3.20039306,-1.58037077,-1.60546261,1,0,1,1,1
1131,235416,0.08461859,0.01107830,-0.07766264,3.20379286,-1.40832922,-1.78136141,1,0,1,1,1
1132,235625,0.08002941,0.01390739,-0.09296358,3.19932671,-1.21320463,-1.96451224,1,0,1,1,1
1133,235833,0.08086211,0.00780109,-0.09321492,3.13436438,-1.01979052,-2.12726762,1,0,1,1,1
1134,236041,0.06721053,0.01948446,-0.09991431,3.09389179,-0.81717798,-2.26649361,1,0,1,1,1
1135,236250,0.06653860,0.02975087,-0.09534549,3.03005457,-0.62490699,-2.40158596,1,0,1,1,1
1136,236458,0.05432915,0.03924502,-0.10070711,2.94211808,-0.42736976,-2.53253553,1,0,1,1,1
1137,236666,0.06567898,0.04147335,-0.09781963,2.86696960,-0.20594997,-2.66165439,1,0,1,1,1
1138,236875,0.04879489,0.05404597,-0.09671636,2.78341209,-0.00911449,-2.75889419,1,0,1,1,1
1139,237083,0.04738332,0.06077861,-0.09952389,2.67556950,0.21221496,-2.87607468,1,0,1,1,1
1140,237291,0.03468930,0.05877655,-0.09691958,2.55962245,0.40700578,-2.95482480,1,0,1,1,1
1141,237500,0.02765903,0.05702123,-0.10344979,2.38116959,0.63060921,-3.02302216,1,0,1,1,1
1142,237708,0.02158162,0.06507719,-0.08943702,2.27709325,0.84906737,-3.08440183,1,0,1,1,1
1143,237916,0.01761984,0.07881021,-0.09174007,2.09224853,1.01667291,-3.13748859,1,0,1,1,1
1144,238125,0.00798581,0.07783560,-0.08550106,1.94070532,1.23555631,-3.19097148,1,0,1,1,1
1145,238333,0.00137334,0.08213568,-0.08792071,1.78246540,1.42795212,-3.17806512,1,0,1,1,1
1146,238541,-0.00229921,0.08594439,-0.08648090,1.59619468,1.60051098,-3.19288089,1,0,1,1,1
1147,238750,-0.00166815,0.09165047,-0.08775004,1.40602859,1.78544817,-3.19337336,1,0,1,1,1
1148,238958,-0.02025149,0.08613437,-0.08245380,1.23537427,1.93887077,-3.17349720,1,0,1,1,1
1149,239166,-0.02495127,0.09019299,-0.07362548,1.02210390,2.10895533,-3.13550897,1,0,1,1,1
1150,239375,-0.03415281,0.09965375,-0.07661994,0.85107556,2.26898485,-3.09265959,1,0,1,1,1
1151,239583,-0.04403178,0.10179342,-0.07083661,0.63506855,2.40336633,-3.03114942,1,0,1,1,1
1152,239791,-0.03668946,0.09703194,-0.06297380,0.41918694,2.54686726,-2.94784445,1,0,1,1,1
1153,240000,-0.04468897,0.09986901,-0.06069990,0.20972948,2.67149946,-2.88547787,1,0,1,1,1
1154,240208,-0.05681372,0.09728037,-0.05341946,-0.01096132,2.78424414,-2.77520149,1,0,1,1,1
1155,240416,-0.04781680,0.09348711,-0.04525206,-0.21138507,2.87954609,-2.65281673,1,0,1,1,1
1156,240625,-0.05718740,0.09956309,-0.03933399,-0.42684008,2.95385635,-2.52994677,1,0,1,1,1
1157,240833,-0.06735869,0.09925597,-0.02513714,-0.61445760,3.02353066,-2.40868542,1,0,1,1,1
1158,241041,-0.07574025,0.10049271,-0.03342198,-0.81480729,3.07843932,-2.29903780,1,0,1,1,1
1159,241250,-0.07313738,0.09467654,-0.02545964,-1.02024562,3.13660129,-2.11233957,1,0,1,1,1
1160,241458,-0.08645008,0.08971429,-0.02581884,-1.22308673,3.16745341,-1.93604071,1,0,1,1,1
1161,241666,-0.08525416,0.08809261,-0.00729479,-1.41869616,3.18086726,-1.75687207,1,0,1,1,1
1162,241875,-0.08249057,0.08513941,-0.00142884,-1.59576308,3.19966343,-1.60407275,1,0,1,1,1
1163,242083,-0.09708091,0.08216746,0.00182836,-1.76540861,3.20324911,-1.41809485,1,0,1,1,1
1164,242291,-0.10064058,0.08016789,0.01386272,-1.94493492,3.18303493,-1.22884262,1,0,1,1,1
1165,242500,-0.09686596,0.07066501,0.01636736,-2.11655644,3.13851968,-1.02658296,1,0,1,1,1
1166,242708,-0.09802044,0.07675640,0.02837887,-2.26711022,3.07702971,-0.83312416,1,0,1,1,1
1167,242916,-0.09624593,0.06275755,0.02957137,-2.38154926,3.03026701,-0.63163314,1,0,1,1,1
1168,243125,-0.09021928,0.05543331,0.03079638,-2.54018981,2.95017519,-0.42850275,1,0,1,1,1
1169,243333,-0.10172866,0.04933625,0.03653734,-2.65875248,2.87933626,-0.21060318,1,0,1,1,1
1170,243541,-0.09654270,0.04132739,0.05239192,-2.77835014,2.75876185,-0.01235789,1,0,1,1,1
1171,243750,-0.10521143,0.04130208,0.04610887,-2.87610130,2.66587905,0.21055611,1,0,1,1,1
1172,243958,-0.09378095,0.03608670,0.05893593,-2.96086918,2.54052348,0.41711204,1,0,1,1,1
1173,244166,-0.08897160,0.03263443,0.06442036,-3.02038909,2.42053574,0.61782880,1,0,1,1,1
1174,244375,-0.09179464,0.02417257,0.07111415,-3.09834325,2.26715813,0.82730328,1,0,1,1,1
1175,244583,-0.09409250,0.02506352,0.07091215,-3.14109117,2.12058792,1.03420900,1,0,1,1,1
1176,244791,-0.09390810,0.00439111,0.08383913,-3.17862420,1.94840778,1.22346087,1,0,1,1,1
1177,245000,-0.10078737,0.00644422,0.08372712,-3.19690678,1.78097981,1.41851136,1,0,1,1,1
1178,245208,-0.08818899,-0.00050135,0.07544590,-3.21254563,1.60411246,1.60846284,1,0,1,1,1
1179,245416,-0.09171757,-0.01434643,0.08949656,-3.17962888,1.42028741,1.78105312,1,0,1,1,1
1180,245625,-0.08140119,-0.01516676,0.08884350,-3.18054685,1.22666825,1.95029718,1,0,1,1,1
1181,245833,-0.07309638,-0.03044623,0.09186213,-3.12816765,1.02650366,2.12089682,1,0,1,1,1
1182,246041,-0.06977962,-0.02646365,0.10538431,-3.09879100,0.80950347,2.26200206,1,0,1,1,1
1183,246250,-0.07501365,-0.04028250,0.09395286,-3.02631193,0.62998566,2.40715984,1,0,1,1,1
1184,246458,-0.05971219,-0.03601083,0.09732714,-2.94175211,0.41856967,2.52784498,1,0,1,1,1
1185,246666,-0.05739750,-0.04826751,0.09874762,-2.86757953,0.22212754,2.65640168,1,0,1,1,1
1186,246875,-0.05302706,-0.04784122,0.10228733,-2.76559676,-0.00660275,2.76515320,1,0,1,1,1
1187,247083,-0.03669663,-0.06179271,0.10312191,-2.66598061,-0.21741872,2.86808984,1,0,1,1,1
1188,247291,-0.04194644,-0.05936438,0.09041509,-2.54090470,-0.41462696,2.95016207,1,0,1,1,1
1189,247500,-0.03402470,-0.06881918,0.09397204,-2.41676528,-0.62582651,3.02159158,1,0,1,1,1
1190,247708,-0.03215227,-0.06955618,0.09829144,-2.26700688,-0.83407751,3.10269665,1,0,1,1,1
1191,247916,-0.01403912,-0.07931333,0.09425396,-2.11455316,-1.03223179,3.15944989,1,0,1,1,1
1192,248125,-0.00937475,-0.07688724,0.09382124,-1.94816815,-1.23641992,3.16832247,1,0,1,1,1
1193,248333,-0.00393793,-0.08156431,0.08670360,-1.78864031,-1.40916412,3.18247209,1,0,1,1,1
1194,248541,0.00601328,-0.07665592,0.09866345,-1.61130850,-1.59476903,3.19567830,1,0,1,1,1
1195,248750,0.01437201,-0.09144690,0.08675100,-1.40982952,-1.77151579,3.20933608,1,0,1,1,1
1196,248958,0.01017772,-0.09341557,0.08276217,-1.21433621,-1.97021410,3.17971034,1,0,1,1,1
1197,249166,0.01872606,-0.08274163,0.07545290,-1.03332587,-2.10813419,3.14395419,1,0,1,1,1
1198,249375,0.02233252,-0.09427675,0.06605462,-0.84311441,-2.25928175,3.08979409,1,0,1,1,1
1199,249583,0.03306533,-0.09102576,0.06638803,-0.62700289,-2.40729525,3.04599658,1,0,1,1,1
1200,249791,0.03274058,-0.09698175,0.06483149,-0.42649625,-2.54702308,2.98555954,1,0,1,1,1
1201,250000,0.06597000,-0.05577713,0.03609698,-0.24872654,-2.59549624,2.87372753,1,0,1,1,1
1202,250208,0.06508825,-0.07103626,0.02761467,-0.02838850,-2.69260220,2.80286115,1,0,1,1,1
1203,250416,0.07253126,-0.06215536,0.01997447,0.17694995,-2.79055655,2.69069501,1,0,1,1,1
1204,250625,0.08027525,-0.06677403,0.00999886,0.35228533,-2.85306977,2.55642484,1,0,1,1,1
1205,250833,0.08787359,-0.06914266,0.01784741,0.56765584,-2.91387732,2.39138839,1,0,1,1,1
1206,251041,0.08647952,-0.08243444,0.01106709,0.74701639,-2.93908215,2.23570997,1,0,1,1,1
1207,251249,0.11573866,-0.08863373,0.00524537,0.93430245,-2.95539260,2.07694174,1,0,1,1,1
1208,251458,0.11300685,-0.09650181,0.01554639,1.11819932,-2.95471393,1.89524430,1,0,1,1,1
1209,251666,0.13805521,-0.11218357,-0.00826654,1.25853416,-2.92295368,1.70605270,1,0,1,1,1
1210,251875,0.14641863,-0.10980313,-0.01588814,1.41252272,-2.87152508,1.52819718,1,0,1,1,1
1211,252083,0.16449376,-0.12949106,-0.01869134,1.54214356,-2.82809186,1.33409289,1,0,1,1,1
1212,252291,0.18960560,-0.13220920,-0.04125098,1.65774636,-2.75597819,1.13094760,1,0,1,1,1
1213,252500,0.21309814,-0.15199307,-0.05511921,1.76258078,-2.65852026,0.92660659,1,0,1,1,1
1214,252708,0.24714984,-0.15153144,-0.06400063,1.83784555,-2.57190792,0.74848980,1,0,1,1,1
1215,252916,0.26499872,-0.14805336,-0.10533400,1.88651914,-2.41838380,0.57610169,1,0,1,1,1
1216,253125,0.29202342,-0.15787802,-0.10855342,1.94287879,-2.28761529,0.39963846,1,0,1,1,1
1217,253333,0.29797988,-0.15421896,-0.14072918,1.96311470,-2.15970818,0.21304102,1,0,1,1,1
1218,253541,0.34255013,-0.14371690,-0.16722470,1.97021993,-2.00328746,0.05927029,1,0,1,1,1
1219,253749,0.36537291,-0.15702536,-0.20588395,1.97555392,-1.85498670,-0.10867807,1,0,1,1,1
1220,253958,0.38972617,-0.13587577,-0.24400016,1.94110539,-1.70932487,-0.21816360,1,0,1,1,0
1221,254166,0.40201382,-0.12244805,-0.27479381,1.88707958,-1.54998379,-0.34142168,1,0,1,1,0
1222,254375,0.43262046,-0.09767292,-0.31878799,1.85214683,-1.39020004,-0.45623838,1,0,1,1,0
1223,254583,0.45047695,-0.07973178,-0.35427961,1.77764513,-1.23682545,-0.52352163,1,0,1,1,0
1224,254791,0.46430741,-0.05611057,-0.39471674,1.70847980,-1.07024875,-0.62635011,1,0,1,1,0
1225,255000,0.46859557,-0.02709450,-0.44830124,1.62379708,-0.92266469,-0.69355222,1,0,1,1,0
1226,255208,0.48203403,0.00710694,-0.48736885,1.52509181,-0.76611511,-0.72703924,1,0,1,1,0
1227,255416,0.48121165,0.05002776,-0.53074845,1.43788264,-0.67579116,-0.75864169,1,0,1,1,0
1228,255625,0.47915903,0.09400425,-0.56961968,1.32994036,-0.52304247,-0.78423819,1,0,1,1,0
1229,255833,0.45863876,0.13911507,-0.60983822,1.22577167,-0.40238574,-0.78636335,1,0,1,1,0
1230,256041,0.46289909,0.18582691,-0.66103426,1.12723085,-0.31347167,-0.77663769,1,0,1,1,0
1231,256249,0.44143238,0.23608647,-0.68440313,1.00601768,-0.23519127,-0.78967352,1,0,1,1,0
1232,256458,0.41883175,0.28232808,-0.72407917,0.90351199,-0.13988828,-0.75084642,1,0,1,1,0
1233,256666,0.40066888,0.33674853,-0.73796022,0.78773865,-0.08533293,-0.71856031,1,0,1,1,0
1234,256875,0.36591757,0.39507970,-0.76909222,0.71094976,-0.00479497,-0.68659820,1,0,1,1,0
1235,257083,0.32693967,0.44675707,-0.79341785,0.58900470,0.03445395,-0.64924567,1,0,1,1,0
1236,257291,0.29845613,0.49387491,-0.80680747,0.51692602,0.06632864,-0.57940118,1,0,1,1,0
1237,257500,0.24201704,0.57257520,-0.81360093,0.40263434,0.10766146,-0.53821765,1,0,1,1,0
1238,257708,0.19335077,0.61404260,-0.82018752,0.35179084,0.11459210,-0.49587237,1,0,1,1,0
1239,257916,0.13755277,0.67017387,-0.83745105,0.28958442,0.14451231,-0.43170698,1,0,1,1,0
1240,258125,0.07894442,0.71815195,-0.81321970,0.21308916,0.14910697,-0.39636814,1,0,1,1,0
1241,258333,0.01980432,0.76433832,-0.80834629,0.18068269,0.14793320,-0.33684396,1,0,1,1,0
1242,258541,-0.04613708,0.80772440,-0.78694924,0.12649171,0.13515203,-0.30402054,1,0,1,1,0
1243,258749,-0.10354211,0.84364925,-0.76728674,0.09116651,0.12834849,-0.27480927,1,0,1,1,0
1244,258958,-0.15958234,0.88297134,-0.72975532,0.07117155,0.12348009,-0.23750874,1,0,1,1,0
1245,259166,-0.23059766,0.90419102,-0.69063501,0.04380217,0.13095262,-0.18802406,1,0,1,1,0
1246,259375,-0.29767795,0.92585929,-0.66471161,0.00489382,0.11188358,-0.16429384,1,0,1,1,0
1247,259583,-0.36561047,0.94961589,-0.61850419,-0.01104400,0.10087273,-0.14866517,1,0,1,1,0
1248,259791,-0.42553116,0.96976656,-0.56930225,-0.00777144,0.09930168,-0.13686787,1,0,1,1,0
1249,260000,-0.48699470,0.96908708,-0.52279236,-0.02562223,0.13759955,-0.13174851,0,0,0,0,0
1250,260208,-0.53956913,0.96896145,-0.45341750,-0.03946404,0.13179497,-0.10959449,0,0,0,0,0
1251,260416,-0.58849096,0.96898604,-0.40023075,-0.02159822,0.11786261,-0.13966371,0,0,0,0,0
1252,260625,-0.64619509,0.95788400,-0.34229258,-0.04970049,0.12910310,-0.12635078,0,0,0,0,0
1253,260833,-0.69475173,0.94359869,-0.28040449,-0.05815039,0.14247366,-0.10063747,0,0,0,0,0
1254,261041,-0.74767968,0.93532243,-0.22746924,-0.07915072,0.12393724,-0.11871867,0,0,0,0,0
1255,261249,-0.78387617,0.91955938,-0.15114635,-0.08974504,0.15420052,-0.10624473,0,0,0,0,0
1256,261458,-0.83276001,0.89357737,-0.08389540,-0.08980822,0.13827890,-0.08526331,0,0,0,0,0
1257,261666,-0.87272300,0.86575112,-0.03287849,-0.09451506,0.13694372,-0.08735103,0,0,0,0,0
1258,261875,-0.88829111,0.83656977,0.03796310,-0.09481189,0.14451288,-0.06697249,0,0,0,0,0
1259,262083,-0.93431977,0.79295652,0.10868205,-0.10559967,0.13288098,-0.05890583,0,0,0,0,0
1260,262291,-0.95483982,0.75535948,0.16415963,-0.12476769,0.15262237,-0.04942667,0,0,0,0,0
1261,262500,-0.98212514,0.71427902,0.23690876,-0.12250973,0.14126432,-0.04502133,0,0,0,0,0
1262,262708,-0.98970353,0.67210899,0.29611553,-0.13735821,0.12880133,-0.05766718,0,0,0,0,0
1263,262916,-1.00913220,0.62138786,0.35778190,-0.14258415,0.12232475,-0.04401986,0,0,0,0,0
1264,263125,-1.02482953,0.57521154,0.42252842,-0.15633971,0.13313453,-0.00625755,0,0,0,0,0
1265,263333,-1.02966296,0.52179261,0.47567495,-0.14947028,0.09811627,-0.00610411,0,0,0,0,0
1266,263541,-1.02177174,0.45930048,0.53571337,-0.17787238,0.12655371,0.01786745,0,0,0,0,0
1267,263750,-1.03362803,0.40299929,0.59122961,-0.15395139,0.10740734,-0.00057485,0,0,0,0,0
1268,263958,-1.01831037,0.34483742,0.64123219,-0.17881779,0.11038783,0.02412242,0,0,0,0,0
1269,264166,-0.99644274,0.28486840,0.69894560,-0.17166672,0.08750185,0.04071067,0,0,0,0,0
1270,264375,-0.98705838,0.22704691,0.73646774,-0.18071797,0.10236415,0.05365741,0,0,0,0,0
1271,264583,-0.96942679,0.15251480,0.77435828,-0.19070949,0.05952590,0.05343799,0,0,0,0,0
1272,264791,-0.94133477,0.09436569,0.81833518,-0.15952015,0.05569200,0.07143206,0,0,0,0,0
1273,265000,-0.91301689,0.02903171,0.85899292,-0.19521043,0.06256114,0.07376755,0,0,0,0,0
1274,265208,-0.87982011,-0.04148058,0.88998077,-0.18018478,0.03236344,0.08318215,0,0,0,0,0
1275,265416,-0.84891476,-0.10960624,0.92659274,-0.17987587,0.02465123,0.09543128,0,0,0,0,0
1276,265625,-0.80765063,-0.16802643,0.94512804,-0.17083607,0.03881619,0.10399750,0,0,0,0,0
1277,265833,-0.76378301,-0.23527696,0.96225999,-0.14850642,-0.00138207,0.09991984,0,0,0,0,0
1278,266041,-0.71714634,-0.30137565,0.97359731,-0.16573546,-0.01138162,0.10548490,0,0,0,0,0
1279,266250,-0.66876797,-0.35826036,0.99802898,-0.16576707,-0.01396196,0.10681717,0,0,0,0,0
1280,266458,-0.61946796,-0.41361010,1.00624537,-0.13906855,-0.03477477,0.11386902,0,0,0,0,0
1281,266666,-0.56017457,-0.47891186,1.01327897,-0.13682834,-0.05083986,0.13814390,0,0,0,0,0
1282,266875,-0.50323619,-0.53110483,1.01588232,-0.13561095,-0.03883484,0.15308625,0,0,0,0,0
1283,267083,-0.44385332,-0.58365457,1.01018222,-0.11503953,-0.06802862,0.14515987,0,0,0,0,0
1284,267291,-0.38521873,-0.63276221,0.98289196,-0.12598183,-0.05283182,0.14513477,0,0,0,0,0
1285,267500,-0.32087020,-0.67806744,0.98573519,-0.10463454,-0.07697331,0.16271849,0,0,0,0,0
1286,267708,-0.25119765,-0.72952046,0.97291251,-0.07597223,-0.09519883,0.15316510,0,0,0,0,0
1287,267916,-0.18139164,-0.77481017,0.94892972,-0.07544976,-0.10758930,0.14758099,0,0,0,0,0
1288,268125,-0.12429534,-0.81109485,0.93115373,-0.06967604,-0.09641990,0.16069529,0,0,0,0,0
1289,268333,-0.07061183,-0.85153591,0.89569327,-0.05843774,-0.11007475,0.15291069,0,0,0,0,0
1290,268541,0.02242418,-0.88222851,0.86821663,-0.05680702,-0.12346390,0.14648541,0,0,0,0,0
1291,268750,0.07637402,-0.91115226,0.82516253,-0.03406927,-0.14056200,0.14069223,0,0,0,0,0
1292,268958,0.14194333,-0.93787013,0.79182295,-0.00181805,-0.17411561,0.15253973,0,0,0,0,0
1293,269166,0.20831377,-0.95804550,0.74273945,-0.00856048,-0.14263775,0.13216468,0,0,0,0,0
1294,269375,0.26955352,-0.98051510,0.69312349,-0.01581770,-0.14866843,0.13751877,0,0,0,0,0
1295,269583,0.34398867,-0.99916601,0.66014974,0.03865560,-0.17407300,0.13989397,0,0,0,0,0
1296,269791,0.39175892,-0.99474319,0.59300828,0.01634346,-0.17019646,0.13666128,0,0,0,0,0
1297,270000,0.46602245,-1.01194231,0.54800095,0.05237455,-0.17634642,0.12129561,0,0,0,0,0
1298,270208,0.51484319,-1.00482780,0.48612330,0.05792968,-0.19044231,0.11981482,0,0,0,0,0
1299,270416,0.57282851,-1.01027494,0.43408876,0.06761874,-0.19050593,0.09677902,0,0,0,0,0
1300,270625,0.62966692,-1.00420061,0.36719916,0.06871148,-0.18992112,0.11961735,0,0,0,0,0
1301,270833,0.67934943,-0.99268217,0.30302625,0.07916657,-0.18345388,0.08921625,0,0,0,0,0
1302,271041,0.72298511,-0.96778269,0.24617423,0.09361427,-0.17907922,0.08157868,0,0,0,0,0
1303,271250,0.77191384,-0.94420116,0.17424273,0.11950796,-0.20329218,0.08430618,0,0,0,0,0
1304,271458,0.81682039,-0.92445006,0.11301144,0.11824753,-0.20971624,0.07461633,0,0,0,0,0
1305,271666,0.85330855,-0.89843125,0.05502989,0.14049608,-0.19572691,0.05343527,0,0,0,0,0
1306,271875,0.89821575,-0.86007312,-0.02452631,0.15915071,-0.20132955,0.03039819,0,0,0,0,0
1307,272083,0.93780154,-0.82452382,-0.10671312,0.15157683,-0.19844472,0.04281708,0,0,0,0,0
1308,272291,0.95249425,-0.79131428,-0.14773619,0.17245558,-0.18562064,0.01755752,0,0,0,0,0
1309,272500,0.98114525,-0.74487528,-0.22561833,0.20254467,-0.19444631,0.00636140,0,0,0,0,0
1310,272708,1.00273070,-0.70014115,-0.28375252,0.17647167,-0.16699310,-0.01340287,0,0,0,0,0
1311,272916,1.01233932,-0.64852754,-0.35362006,0.19193277,-0.18167727,-0.01149776,0,0,0,0,0
1312,273125,1.02360232,-0.59317716,-0.41147846,0.19500301,-0.15114364,-0.02024352,0,0,0,0,0
1313,273333,1.03067739,-0.55050136,-0.46670266,0.21997335,-0.16857622,-0.03624278,0,0,0,0,0
1314,273541,1.03925178,-0.49241254,-0.53034396,0.21865320,-0.15727635,-0.04352326,0,0,0,0,0
1315,273750,1.03061172,-0.42488290,-0.59475383,0.22413828,-0.13915397,-0.06220290,0,0,0,0,0
1316,273958,1.02142464,-0.36261650,-0.64266989,0.20915911,-0.14305546,-0.06243046,0,0,0,0,0
1317,274166,1.01098950,-0.30966965,-0.69801475,0.20967175,-0.14139601,-0.08810878,0,0,0,0,0
1318,274375,0.99675459,-0.23785829,-0.73142334,0.21815557,-0.12968695,-0.10946229,0,0,0,0,0
1319,274583,0.98533121,-0.17623068,-0.78782192,0.23276371,-0.09373971,-0.10538997,0,0,0,0,0
1320,274791,0.95918656,-0.10451088,-0.83286353,0.24025689,-0.08472222,-0.12483976,0,0,0,0,0
1321,275000,0.93545053,-0.05110755,-0.86717224,0.24180747,-0.07204348,-0.13211804,0,0,0,0,0
1322,275208,0.90085419,0.02084111,-0.89400108,0.22262327,-0.05590280,-0.14560324,0,0,0,0,0
1323,275416,0.87010343,0.08647901,-0.93453645,0.22016190,-0.06354147,-0.16581697,0,0,0,0,0
1324,275625,0.83231329,0.15913836,-0.95599023,0.22708790,-0.03171667,-0.14575363,0,0,0,0,0
1325,275833,0.78139306,0.22723857,-0.98158148,0.21631953,-0.02542831,-0.15941494,0,0,0,0,0
1326,276041,0.73391750,0.27945162,-1.00964063,0.21558023,-0.01114141,-0.16594003,0,0,0,0,0
1327,276250,0.68225879,0.35026660,-1.01717017,0.21211402,0.00420083,-0.16285524,0,0,0,0,0
1328,276458,0.63922563,0.40898070,-1.02819193,0.22171812,0.02617889,-0.18334646,0,0,0,0,0
1329,276666,0.59127934,0.48360818,-1.02822935,0.20567481,0.04574158,-0.17487550,0,0,0,0,0
1330,276875,0.52619591,0.52764067,-1.03598890,0.18044185,0.05457159,-0.20210322,0,0,0,0,0
1331,277083,0.46974707,0.58456231,-1.02191671,0.16757316,0.06627781,-0.19976456,0,0,0,0,0
1332,277291,0.40697200,0.64719932,-1.02130284,0.16570937,0.07261024,-0.19985078,0,0,0,0,0
1333,277500,0.34411698,0.69344468,-1.01068935,0.15733497,0.08141992,-0.21842768,0,0,0,0,0
1334,277708,0.27810352,0.74432788,-0.99326831,0.14693019,0.09290441,-0.22423519,0,0,0,0,0
1335,277916,0.21983947,0.78705853,-0.97766641,0.14008720,0.10725901,-0.19742265,0,0,0,0,0
1336,278125,0.14796036,0.80973874,-0.96174685,0.11164022,0.10133673,-0.20469466,0,0,0,0,0
1337,278333,0.09787740,0.86364363,-0.92944925,0.10517214,0.13810027,-0.20823414,0,0,0,0,0
1338,278541,0.02344645,0.90161228,-0.89887968,0.07533362,0.14404421,-0.20810936,0,0,0,0,0
1339,278750,-0.04608269,0.92230216,-0.85980467,0.08125688,0.15374069,-0.20090341,0,0,0,0,0
1340,278958,-0.10725770,0.95718127,-0.82626105,0.07190493,0.16145403,-0.22674679,0,0,0,0,0
1341,279166,-0.17369410,0.97572045,-0.77836947,0.05180352,0.16091601,-0.19839084,0,0,0,0,0
1342,279375,-0.24788548,0.99705516,-0.72822557,0.04325081,0.19200750,-0.20113173,0,0,0,0,0
1343,279583,-0.29513717,1.01973130,-0.68951083,0.01145764,0.20873794,-0.17877681,0,0,0,0,0
1344,279791,-0.36052225,1.02363950,-0.63988977,-0.00052150,0.19365971,-0.16292320,0,0,0,0,0
1345,280000,-0.42264387,1.02726170,-0.58459665,-0.01741859,0.20957637,-0.16828823,0,0,0,0,0
1346,280208,-0.48370067,1.03131323,-0.52259386,-0.02445425,0.21910062,-0.16858398,0,0,0,0,0
1347,280416,-0.54530603,1.02689480,-0.46366295,-0.01960777,0.21384229,-0.16008084,0,0,0,0,0
1348,280625,-0.59714335,1.03062966,-0.39817901,-0.05197769,0.22454090,-0.13029122,0,0,0,0,0
1349,280833,-0.64437316,1.01127454,-0.34322152,-0.06516684,0.23039101,-0.11879466,0,0,0,0,0
1350,281041,-0.69382915,0.99172161,-0.27965243,-0.08434366,0.23733942,-0.10806510,0,0,0,0,0
1351,281250,-0.74397300,0.97919402,-0.21777045,-0.09809755,0.22214461,-0.09311012,0,0,0,0,0
1352,281458,-0.79469955,0.94580172,-0.14639972,-0.11192699,0.23106239,-0.09306642,0,0,0,0,0
1353,281666,-0.82376526,0.92535338,-0.08576177,-0.13746174,0.25666128,-0.07596516,0,0,0,0,0
1354,281875,-0.86574122,0.89800830,-0.01861096,-0.13618725,0.24233706,-0.06961270,0,0,0,0,0
1355,282083,-0.89411075,0.85130705,0.05008269,-0.16938806,0.22835858,-0.05554264,0,0,0,0,0
1356,282291,-0.92713301,0.82116232,0.12135708,-0.16807988,0.23573334,-0.04347873,0,0,0,0,0
1357,282500,-0.95440958,0.77646910,0.18001239,-0.17520881,0.24162578,-0.04236155,0,0,0,0,0
1358,282708,-0.97217285,0.73543615,0.25514962,-0.17181919,0.23032206,-0.01925418,0,0,0,0,0
1359,282916,-0.98750520,0.67865598,0.31734849,-0.18583704,0.21509597,-0.01524186,0,0,0,0,0
1360,283125,-0.99937801,0.63165732,0.37637683,-0.18217212,0.21117212,0.00088824,0,0,0,0,0
1361,283333,-0.99956966,0.57953977,0.44050617,-0.20886878,0.19214377,0.02621886,0,0,0,0,0
1362,283541,-1.00567366,0.52216965,0.48970696,-0.21794557,0.20401228,0.04366761,0,0,0,0,0
1363,283750,-1.01241180,0.46899945,0.55818677,-0.23246053,0.18606003,0.05091247,0,0,0,0,0
1364,283958,-0.99794053,0.39546708,0.60728908,-0.22451418,0.17712662,0.06447928,0,0,0,0,0
1365,284166,-0.99259356,0.33745027,0.65455770,-0.23749324,0.17791756,0.09151065,0,0,0,0,0
1366,284375,-0.97705668,0.27459072,0.70191558,-0.25023137,0.16851512,0.09952758,0,0,0,0,0
1367,284583,-0.96932634,0.21632755,0.75861180,-0.24227392,0.15106591,0.10119688,0,0,0,0,0
1368,284791,-0.93878848,0.14524347,0.80143072,-0.20969950,0.14871006,0.13002538,0,0,0,0,0
1369,285000,-0.92038444,0.07918281,0.83827139,-0.24726774,0.11634206,0.14245799,0,0,0,0,0
1370,285208,-0.87562697,0.00469836,0.87468052,-0.25473652,0.10628562,0.13383973,0,0,0,0,0
1371,285416,-0.85975507,-0.06175563,0.90273169,-0.24873629,0.09406766,0.16933840,0,0,0,0,0
1372,285625,-0.80908203,-0.12388018,0.93937287,-0.23654541,0.06367164,0.14686004,0,0,0,0,0
1373,285833,-0.76931455,-0.19283266,0.97162909,-0.24477057,0.05718062,0.17364616,0,0,0,0,0
1374,286041,-0.73201164,-0.25189352,0.97104201,-0.23293992,0.05501927,0.19404910,0,0,0,0,0
1375,286250,-0.67691093,-0.32301701,1.00363593,-0.22200095,0.03789462,0.18736273,0,0,0,0,0
1376,286458,-0.62450543,-0.38470328,1.00947045,-0.23155064,0.01353578,0.20926328,0,0,0,0,0
1377,286666,-0.57837187,-0.43803408,1.01736553,-0.23701109,-0.00533735,0.20541378,0,0,0,0,0
1378,286875,-0.53389139,-0.50142443,1.02180458,-0.21014665,-0.01462926,0.19323753,0,0,0,0,0
1379,287083,-0.46814501,-0.55744743,1.02217732,-0.21605666,-0.02298571,0.22207880,0,0,0,0,0
1380,287291,-0.40469614,-0.61616498,1.01046595,-0.20229390,-0.04979009,0.23260031,0,0,0,0,0
1381,287500,-0.34585240,-0.67317290,1.00496871,-0.19348003,-0.04131333,0.25829284,0,0,0,0,0
1382,287708,-0.28624305,-0.71465767,0.98531626,-0.18459376,-0.06746346,0.21936800,0,0,0,0,0
1383,287916,-0.22045723,-0.75304278,0.97344615,-0.15396163,-0.06525305,0.22029319,0,0,0,0,0
1384,288125,-0.15971129,-0.80154580,0.94306989,-0.14507454,-0.07820430,0.26281167,0,0,0,0,0
1385,288333,-0.09840882,-0.84015911,0.92099476,-0.15652565,-0.11275079,0.22909784,0,0,0,0,0
1386,288541,-0.02875900,-0.87487886,0.89386150,-0.13540841,-0.09119259,0.26061839,0,0,0,0,0
1387,288750,0.03854630,-0.90936486,0.85558043,-0.11781351,-0.11911439,0.23757579,0,0,0,0,0
1388,288958,0.09275414,-0.93307479,0.81920971,-0.09977138,-0.14894687,0.21955121,0,0,0,0,0
1389,289166,0.16238045,-0.95650535,0.79671811,-0.09145017,-0.14089772,0.22848740,0,0,0,0,0
1390,289375,0.23506094,-0.97846679,0.73279362,-0.06480325,-0.16872895,0.23571551,0,0,0,0,0
1391,289583,0.28716165,-1.00315667,0.68831375,-0.07535658,-0.19236256,0.22442829,0,0,0,0,0
1392,289791,0.35534560,-1.01208150,0.63822779,-0.04070004,-0.19118115,0.21301159,0,0,0,0,0
1393,290000,0.41186198,-1.01930941,0.58144925,-0.01587872,-0.19651845,0.20604597,0,0,0,0,0
1394,290208,0.47257167,-1.02268715,0.52598198,-0.02019160,-0.20355897,0.21900076,0,0,0,0,0
1395,290416,0.52747658,-1.02219589,0.47143284,-0.00478631,-0.20623783,0.20385411,0,0,0,0,0
1396,290625,0.58691613,-1.01129101,0.41862172,-0.02256059,-0.19774867,0.16920076,0,0,0,0,0
1397,290833,0.63159387,-1.00268208,0.35296504,0.01293122,-0.22695356,0.17195900,0,0,0,0,0
1398,291041,0.68345912,-0.99217356,0.28771100,0.01990537,-0.22146995,0.16127658,0,0,0,0,0
1399,291250,0.73112325,-0.98031938,0.23006259,0.05579202,-0.23934030,0.15691820,0,0,0,0,0
1400,291458,0.77186872,-0.94134749,0.15890839,0.07760862,-0.23674767,0.12744706,0,0,0,0,0
1401,291666,0.81106505,-0.92106893,0.09325402,0.06796832,-0.23408144,0.12829372,0,0,0,0,0
1402,291875,0.84271089,-0.89581674,0.02536535,0.07197212,-0.22858418,0.11291043,0,0,0,0,0
1403,292083,0.86508535,-0.85811850,-0.03728969,0.11107440,-0.25738443,0.10271982,0,0,0,0,0
1404,292291,0.90361367,-0.81902578,-0.10283879,0.10624184,-0.24257956,0.10160008,0,0,0,0,0
1405,292500,0.92387046,-0.77498156,-0.17452361,0.12104971,-0.22325526,0.06482000,0,0,0,0,0
1406,292708,0.93929751,-0.74015727,-0.22174143,0.13846211,-0.23618158,0.06796326,0,0,0,0,0
1407,292916,0.95862634,-0.69493613,-0.30124420,0.15653757,-0.22878584,0.05765010,0,0,0,0,0
1408,293125,0.97301555,-0.63883272,-0.35132015,0.15397327,-0.21973768,0.01457160,0,0,0,0,0
1409,293333,0.97468852,-0.58919736,-0.42245457,0.16432264,-0.19416335,0.03095643,0,0,0,0,0
1410,293541,0.97643540,-0.52334461,-0.47468091,0.17176099,-0.21086603,-0.00861102,0,0,0,0,0
1411,293750,0.98747702,-0.47154551,-0.53425036,0.15955877,-0.20279377,-0.03718726,0,0,0,0,0
1412,293958,0.98160457,-0.41331670,-0.58421576,0.20782967,-0.21278713,-0.02528035,0,0,0,0,0
1413,294166,0.96337751,-0.34768141,-0.63563914,0.20524885,-0.19943915,-0.03115839,0,0,0,0,0
1414,294375,0.95011508,-0.28805409,-0.68623736,0.18839410,-0.17280186,-0.04978917,0,0,0,0,0
1415,294583,0.93739438,-0.22240633,-0.72897345,0.19168864,-0.16572820,-0.05464413,0,0,0,0,0
1416,294791,0.91517032,-0.15741857,-0.76745879,0.22086881,-0.16111677,-0.10524030,0,0,0,0,0
1417,295000,0.87939476,-0.08966117,-0.81417444,0.21105320,-0.15979035,-0.07417716,0,0,0,0,0
1418,295208,0.85291376,-0.02036746,-0.84607279,0.20917384,-0.12674427,-0.11661688,0,0,0,0,0
1419,295416,0.82211582,0.04048104,-0.88058344,0.21696160,-0.13581019,-0.11226297,0,0,0,0,0
1420,295625,0.77334273,0.11172408,-0.90876405,0.21029290,-0.10212191,-0.12658146,0,0,0,0,0
1421,295833,0.74822356,0.16691890,-0.92597002,0.22125841,-0.09844857,-0.12969724,0,0,0,0,0
1422,296041,0.70155105,0.23881687,-0.94656659,0.21726144,-0.08791824,-0.15286782,0,0,0,0,0
1423,296250,0.64634608,0.30376953,-0.96491947,0.21236936,-0.06833879,-0.17484838,0,0,0,0,0
1424,296458,0.60901288,0.36124657,-0.97633996,0.21679581,-0.04442600,-0.17365402,0,0,0,0,0
1425,296666,0.55337360,0.42063656,-0.98476717,0.21047600,-0.02288459,-0.19889323,0,0,0,0,0
1426,296875,0.49537239,0.47243918,-0.98649528,0.21177025,-0.03461266,-0.19972078,0,0,0,0,0
1427,297083,0.43385306,0.53395361,-0.98914314,0.19703068,-0.02058387,-0.19967484,0,0,0,0,0
1428,297291,0.37629525,0.58453519,-0.98473158,0.18975776,-0.00067562,-0.20918518,0,0,0,0,0
1429,297500,0.33067150,0.63861280,-0.97368627,0.18302151,-0.00584731,-0.20195037,0,0,0,0,0
1430,297708,0.25557252,0.68415265,-0.95498981,0.16453339,0.01501303,-0.22803562,0,0,0,0,0
1431,297916,0.19897636,0.73170967,-0.93000668,0.15467530,0.03590880,-0.21462804,0,0,0,0,0
1432,298125,0.13458403,0.77286337,-0.91155304,0.13704474,0.04581021,-0.23431564,0,0,0,0,0
1433,298333,0.07031036,0.80907781,-0.89198055,0.16097136,0.04321872,-0.21895984,0,0,0,0,0
1434,298541,-0.00001889,0.85166189,-0.85840391,0.10353799,0.07481356,-0.22847420,0,0,0,0,0
1435,298750,-0.04767787,0.88579789,-0.82868827,0.12226288,0.09464056,-0.23185936,0,0,0,0,0
1436,298958,-0.11862256,0.91094588,-0.78351424,0.10352010,0.09069690,-0.23691235,0,0,0,0,0
1437,299166,-0.18758942,0.92575574,-0.74962405,0.10364635,0.14317398,-0.26047967,0,0,0,0,0
1438,299375,-0.25131285,0.95118423,-0.71159835,0.08997621,0.12137888,-0.22290357,0,0,0,0,0
1439,299583,-0.30784721,0.97320974,-0.65842390,0.09941374,0.14143029,-0.21811854,0,0,0,0,0
1440,299791,-0.37104715,0.97924593,-0.60982941,0.06144524,0.15448404,-0.22367941,0,0,0,0,0
1441,300000,-0.42709379,0.98994438,-0.55227865,0.06229238,0.15165665,-0.22088909,0,0,0,0,0
1442,300208,-0.48118469,0.98432361,-0.50646131,0.03335395,0.15670913,-0.20688937,0,0,0,0,0
1443,300416,-0.54620048,0.99621496,-0.45234973,0.00950661,0.18732247,-0.19849667,0,0,0,0,0
1444,300625,-0.57769757,0.98709693,-0.39661193,0.02341930,0.18952381,-0.17459720,0,0,0,0,0
1445,300833,-0.64823102,0.97261878,-0.33382570,-0.00705973,0.19239345,-0.21447275,0,0,0,0,0
1446,301041,-0.68932700,0.95914433,-0.27110889,-0.01547454,0.18483372,-0.18425199,0,0,0,0,0
1447,301250,-0.73872043,0.93954661,-0.21566891,-0.02441700,0.18060616,-0.18130413,0,0,0,0,0
1448,301458,-0.76697915,0.92396761,-0.15182516,-0.03394669,0.21022114,-0.15249983,0,0,0,0,0
1449,301666,-0.80273621,0.89975613,-0.08555471,-0.04621224,0.18597620,-0.15045805,0,0,0,0,0
1450,301875,-0.84155636,0.86471223,-0.02278314,-0.05427706,0.20765991,-0.12894811,0,0,0,0,0
1451,302083,-0.87695704,0.82728984,0.04917462,-0.08485989,0.20034948,-0.12481506,0,0,0,0,0
1452,302291,-0.90382028,0.79632791,0.11628389,-0.08241046,0.22952326,-0.09497557,0,0,0,0,0
1453,302500,-0.91973104,0.75934837,0.16760362,-0.11432419,0.21089560,-0.10830912,0,0,0,0,0
1454,302708,-0.93462106,0.71170966,0.24352013,-0.10107021,0.20755669,-0.08144407,0,0,0,0,0
1455,302916,-0.95593548,0.66719096,0.30076884,-0.11879711,0.20349233,-0.06789513,0,0,0,0,0
1456,303125,-0.97615230,0.61843192,0.36043604,-0.11461815,0.18811021,-0.05806018,0,0,0,0,0
1457,303333,-0.97749604,0.57532500,0.43397518,-0.12527233,0.19156556,-0.04102794,0,0,0,0,0
1458,303541,-0.97821838,0.51192817,0.48402841,-0.15280793,0.19407410,-0.02725671,0,0,0,0,0
1459,303750,-0.97167211,0.45780597,0.53640107,-0.16620335,0.17681164,-0.01977968,0,0,0,0,0
1460,303958,-0.96136253,0.39765460,0.58807583,-0.16778401,0.17709315,-0.00512898,0,0,0,0,0
1461,304166,-0.95422175,0.34171545,0.64203062,-0.17316861,0.17071210,0.00049158,0,0,0,0,0
1462,304375,-0.93953293,0.26711560,0.68151041,-0.17446488,0.17310766,0.02805688,0,0,0,0,0
1463,304583,-0.92629278,0.20540783,0.72263159,-0.16130880,0.14317288,0.01076308,0,0,0,0,0
1464,304791,-0.90199442,0.14357333,0.76571733,-0.17621083,0.17482926,0.04265717,0,0,0,0,0
1465,305000,-0.86855990,0.08172745,0.80608631,-0.18052304,0.13282895,0.07807869,0,0,0,0,0
1466,305208,-0.83954457,0.01321782,0.83683682,-0.17371763,0.13324274,0.08111079,0,0,0,0,0
1467,305416,-0.79881877,-0.04642591,0.87108754,-0.17266315,0.10565934,0.08797435,0,0,0,0,0
1468,305625,-0.77014514,-0.10488623,0.90274502,-0.19216560,0.08398791,0.11221156,0,0,0,0,0
1469,305833,-0.72166773,-0.17209853,0.92965424,-0.17158998,0.07374001,0.09971895,0,0,0,0,0
1470,306041,-0.68218777,-0.24416813,0.94189793,-0.17919751,0.06908362,0.11546916,0,0,0,0,0
1471,306250,-0.62767984,-0.30690247,0.94615396,-0.18889956,0.06588797,0.12965790,0,0,0,0,0
1472,306458,-0.58737344,-0.36278187,0.95673038,-0.18340821,0.05848607,0.14339301,0,0,0,0,0
1473,306666,-0.53218734,-0.41649768,0.97033810,-0.16790784,0.03689576,0.14325264,0,0,0,0,0
1474,306875,-0.47894591,-0.48348191,0.97149955,-0.15534540,0.00903333,0.15102574,0,0,0,0,0
1475,307083,-0.41286005,-0.54231027,0.96587125,-0.16215428,0.01518965,0.18732273,0,0,0,0,0
1476,307291,-0.36254768,-0.58554422,0.96569821,-0.16493225,0.02073309,0.17779175,0,0,0,0,0
1477,307500,-0.30759572,-0.63817898,0.95036377,-0.14957879,-0.01105822,0.19761509,0,0,0,0,0
1478,307708,-0.23686232,-0.67750018,0.93269636,-0.12701294,-0.00909753,0.18345082,0,0,0,0,0
1479,307916,-0.17854103,-0.72172138,0.92703595,-0.14390929,-0.02830427,0.19142565,0,0,0,0,0
1480,308125,-0.11336497,-0.77121500,0.89660265,-0.11265992,-0.02855168,0.18086325,0,0,0,0,0
1481,308333,-0.04072252,-0.80297498,0.87947820,-0.12707744,-0.06805046,0.20306909,0,0,0,0,0
1482,308541,0.02963664,-0.84926811,0.84125933,-0.10199283,-0.06223975,0.19803993,0,0,0,0,0
1483,308750,0.08004147,-0.87191938,0.80962692,-0.09409847,-0.08078167,0.19388481,0,0,0,0,0
1484,308958,0.15290764,-0.89609011,0.77287092,-0.07326700,-0.07656402,0.20139133,0,0,0,0,0
1485,309166,0.21391276,-0.93052432,0.73140444,-0.06549178,-0.10111009,0.19729886,0,0,0,0,0
1486,309375,0.27469644,-0.93601023,0.68790420,-0.06324450,-0.10095522,0.19260933,0,0,0,0,0
1487,309583,0.32696828,-0.94692754,0.63830380,-0.03611083,-0.09405026,0.20081330,0,0,0,0,0
1488,309791,0.39570791,-0.96625900,0.59049181,-0.03906612,-0.13089314,0.17896367,0,0,0,0,0
1489,310000,0.44461522,-0.97102496,0.54183037,-0.02974669,-0.15037193,0.18305708,0,0,0,0,0
1490,310208,0.50733349,-0.98075089,0.48668046,-0.01335213,-0.13014663,0.17561188,0,0,0,0,0
1491,310416,0.56395516,-0.97023540,0.42914107,-0.00029088,-0.14679864,0.17400472,0,0,0,0,0
1492,310625,0.61166725,-0.96560219,0.37062528,0.00250711,-0.15877671,0.15768003,0,0,0,0,0
1493,310833,0.66060400,-0.96097437,0.30834547,0.00390158,-0.17106948,0.17157931,0,0,0,0,0
1494,311041,0.71387964,-0.94843498,0.23877524,0.03035970,-0.19504193,0.13988758,0,0,0,0,0
1495,311250,0.75678751,-0.91992995,0.18146668,0.05814375,-0.17199092,0.15587960,0,0,0,0,0
1496,311458,0.80366433,-0.89812875,0.12916714,0.05650656,-0.15269322,0.13343703,0,0,0,0,0
1497,311666,0.83933648,-0.87641613,0.05711511,0.06774427,-0.17768042,0.13459480,0,0,0,0,0
1498,311875,0.87313854,-0.84463004,-0.00356219,0.09263856,-0.17471759,0.12139092,0,0,0,0,0
1499,312083,0.90203734,-0.81082305,-0.07246947,0.08571087,-0.18637898,0.09806092,0,0,0,0,0
1500,312291,0.93853347,-0.77909592,-0.13163940,0.09432764,-0.15198479,0.09343071,0,0,0,0,0
1501,312500,0.94242116,-0.73518785,-0.21032061,0.09565546,-0.18245621,0.09210285,0,0,0,0,0
1502,312708,0.96651120,-0.68449425,-0.26781393,0.11263961,-0.16886018,0.07754365,0,0,0,0,0
1503,312916,0.98651661,-0.64569502,-0.31816899,0.13130346,-0.17048574,0.05741992,0,0,0,0,0
1504,313125,0.98226339,-0.58930875,-0.38211853,0.15499960,-0.16444039,0.04515873,0,0,0,0,0
1505,313333,0.99358755,-0.54105266,-0.44960693,0.15087384,-0.16826592,0.01468518,0,0,0,0,0
1506,313541,0.99350713,-0.48352694,-0.49784478,0.13564692,-0.15094585,0.02734238,0,0,0,0,0
1507,313750,0.99670687,-0.44207928,-0.55294716,0.15590724,-0.16101624,0.01548927,0,0,0,0,0
1508,313958,0.98810912,-0.37567269,-0.61504755,0.14304770,-0.14465474,-0.01525070,0,0,0,0,0
1509,314166,0.98342654,-0.30817960,-0.66153444,0.16229979,-0.14590361,-0.00614116,0,0,0,0,0
1510,314375,0.96042205,-0.24641169,-0.71234593,0.15004569,-0.12512687,-0.03113921,0,0,0,0,0
1511,314583,0.93294380,-0.18198478,-0.75386935,0.17982361,-0.11050756,-0.02739910,0,0,0,0,0
1512,314791,0.92308634,-0.11893277,-0.79506225,0.17257785,-0.10914221,-0.05260984,0,0,0,0,0
1513,315000,0.87870829,-0.05132002,-0.83064570,0.16511375,-0.10535135,-0.05946698,0,0,0,0,0
1514,315208,0.86452167,0.00213429,-0.85835062,0.16846829,-0.09450791,-0.06633327,0,0,0,0,0
1515,315416,0.82261964,0.07235117,-0.88662642,0.18555420,-0.09869002,-0.07893295,0,0,0,0,0
1516,315625,0.78165629,0.13881338,-0.91448018,0.16208286,-0.07599488,-0.09661657,0,0,0,0,0
1517,315833,0.74546349,0.20137944,-0.93202515,0.14999822,-0.04969328,-0.09068779,0,0,0,0,0
1518,316041,0.69355669,0.26232142,-0.95073845,0.16520716,-0.03600996,-0.10457319,0,0,0,0,0
1519,316250,0.65859983,0.32763804,-0.97591530,0.15018432,-0.01779113,-0.10373374,0,0,0,0,0
1520,316458,0.60193471,0.39559210,-0.97758599,0.16214566,-0.00695622,-0.14683194,0,0,0,0,0
1521,316666,0.54368604,0.44474570,-0.98434803,0.17179036,-0.00989326,-0.14595379,0,0,0,0,0
1522,316875,0.47618885,0.50153553,-0.97713103,0.14104020,-0.00343216,-0.12310687,0,0,0,0,0
1523,317083,0.42147981,0.55887807,-0.98138885,0.15320119,0.01052083,-0.13974180,0,0,0,0,0
1524,317291,0.36542789,0.60264014,-0.97966023,0.13481040,0.02948838,-0.16502659,0,0,0,0,0
1525,317500,0.30012667,0.65781149,-0.97018072,0.12642822,0.03551777,-0.16922598,0,0,0,0,0
1526,317708,0.22471267,0.70223383,-0.94893562,0.09903680,0.02964169,-0.16592124,0,0,0,0,0
1527,317916,0.16789576,0.74689913,-0.92413076,0.11397726,0.04941377,-0.18299733,0,0,0,0,0
1528,318125,0.10812000,0.78474699,-0.90317786,0.09253498,0.06255273,-0.17023319,0,0,0,0,0
1529,318333,0.04920392,0.82155487,-0.88127112,0.06462857,0.07819461,-0.17503681,0,0,0,0,0
1530,318541,-0.01579586,0.85782503,-0.84957706,0.05543798,0.08205591,-0.16435351,0,0,0,0,0
1531,318750,-0.08036846,0.88565782,-0.81780373,0.06339159,0.10231089,-0.16913029,0,0,0,0,0
1532,318958,-0.14833341,0.90531836,-0.77897479,0.03841868,0.10554451,-0.19398975,0,0,0,0,0
1533,319166,-0.21430910,0.93893307,-0.72958687,0.03587766,0.10915936,-0.17586896,0,0,0,0,0
1534,319375,-0.27309958,0.95221222,-0.69200638,0.03997891,0.12115084,-0.17357447,0,0,0,0,0
1535,319583,-0.34855922,0.96502184,-0.63731532,0.01188407,0.14329135,-0.16710560,0,0,0,0,0
1536,319791,-0.40226560,0.97495141,-0.58489036,0.00276976,0.14100866,-0.16857158,0,0,0,0,0
1537,320000,-0.46354991,0.98421548,-0.54032637,0.00160612,0.14602593,-0.17138577,0,0,0,0,0
1538,320208,-0.52240506,0.98078032,-0.48475325,-0.01937288,0.15226798,-0.15850681,0,0,0,0,0
1539,320416,-0.57247830,0.98323308,-0.42085187,-0.02468117,0.16042589,-0.15146021,0,0,0,0,0
1540,320625,-0.63101685,0.97998253,-0.37177987,-0.04071373,0.15477303,-0.13246221,0,0,0,0,0
1541,320833,-0.68891447,0.96264436,-0.30277390,-0.06460817,0.18565822,-0.12019737,0,0,0,0,0
1542,321041,-0.73114908,0.94699225,-0.23139620,-0.07821945,0.18367893,-0.12038182,0,0,0,0,0
1543,321250,-0.77272637,0.93457254,-0.17872393,-0.08421286,0.19023642,-0.11031795,0,0,0,0,0
1544,321458,-0.81237896,0.92187657,-0.10042559,-0.08948383,0.17925017,-0.10055577,0,0,0,0,0
1545,321666,-0.85629077,0.87513810,-0.03954443,-0.09369698,0.16795395,-0.08463658,0,0,0,0,0
1546,321875,-0.89096218,0.84580440,0.01772544,-0.09267334,0.16754022,-0.08756213,0,0,0,0,0
1547,322083,-0.92616092,0.81901566,0.07681759,-0.12367843,0.18175744,-0.07726050,0,0,0,0,0
1548,322291,-0.94270138,0.77790166,0.14256183,-0.13864753,0.16478158,-0.06107624,0,0,0,0,0
1549,322500,-0.96863414,0.73714200,0.21799277,-0.15024916,0.17845269,-0.06052339,0,0,0,0,0
1550,322708,-0.98839291,0.68376707,0.27475679,-0.15459418,0.16430066,-0.05026817,0,0,0,0,0
1551,322916,-1.00487984,0.63883779,0.34404788,-0.15410606,0.17059784,-0.01943965,0,0,0,0,0
1552,323125,-1.01137437,0.58924920,0.40239054,-0.14183479,0.14038323,-0.03152501,0,0,0,0,0
1553,323333,-1.01126100,0.53579297,0.46421790,-0.17333686,0.16866601,-0.01819140,0,0,0,0,0
1554,323541,-1.03067688,0.48136622,0.52313957,-0.18353259,0.15321341,-0.00463637,0,0,0,0,0
1555,323750,-1.01253684,0.42493684,0.57531620,-0.16074084,0.14776435,0.01051213,0,0,0,0,0
1556,323958,-1.00701509,0.35785338,0.63457514,-0.17647131,0.14032664,0.02172061,0,0,0,0,0
1557,324166,-0.99591412,0.29240804,0.67909100,-0.18479656,0.12417659,0.01793648,0,0,0,0,0
1558,324375,-0.98091061,0.24424919,0.72600800,-0.17605245,0.12061861,0.04201003,0,0,0,0,0
1559,324583,-0.95341108,0.17611415,0.76564300,-0.20007830,0.12526794,0.05905615,0,0,0,0,0
1560,324791,-0.93576247,0.11927888,0.80788636,-0.19389714,0.08998888,0.05548262,0,0,0,0,0
1561,325000,-0.90642312,0.03632089,0.85360785,-0.19061796,0.08611917,0.08729867,0,0,0,0,0
1562,325208,-0.87698032,-0.02340650,0.87793848,-0.18645807,0.07172088,0.08303846,0,0,0,0,0
1563,325416,-0.84302699,-0.08991378,0.91976290,-0.18893339,0.05189772,0.11018326,0,0,0,0,0
1564,325625,-0.80037606,-0.14603083,0.94143781,-0.18419886,0.05646857,0.12198287,0,0,0,0,0
1565,325833,-0.76227916,-0.21676589,0.96201842,-0.19428737,0.01575378,0.11304410,0,0,0,0,0
1566,326041,-0.71490046,-0.28447129,0.97667229,-0.19362096,0.02471658,0.12427317,0,0,0,0,0
1567,326250,-0.66292018,-0.33465267,0.99928643,-0.16862419,0.01827851,0.14706491,0,0,0,0,0
1568,326458,-0.61495931,-0.39925812,1.00631564,-0.15973181,0.00130458,0.15348316,0,0,0,0,0
1569,326666,-0.56161209,-0.45947097,1.00887728,-0.17320366,-0.00582903,0.15608020,0,0,0,0,0
1570,326875,-0.51042269,-0.52576436,1.00659584,-0.16155585,-0.02761000,0.15481196,0,0,0,0,0
1571,327083,-0.44549152,-0.58170514,0.99079169,-0.15166963,-0.06653311,0.15928454,0,0,0,0,0
1572,327291,-0.38377270,-0.63044121,0.99727365,-0.14691086,-0.04023193,0.18973558,0,0,0,0,0
1573,327500,-0.32037681,-0.67348992,0.98233739,-0.13767702,-0.05730526,0.19147555,0,0,0,0,0
1574,327708,-0.25189082,-0.72903326,0.97116975,-0.10461058,-0.07574878,0.16767423,0,0,0,0,0
1575,327916,-0.19389428,-0.77061452,0.95421944,-0.11929661,-0.05842302,0.17982361,0,0,0,0,0
1576,328125,-0.13178452,-0.80409651,0.92409791,-0.10155816,-0.10163827,0.19268677,0,0,0,0,0
1577,328333,-0.05913042,-0.84912671,0.89546925,-0.09853351,-0.11022181,0.17649475,0,0,0,0,0
1578,328541,0.00423069,-0.88734850,0.86987637,-0.09187666,-0.10879910,0.18395865,0,0,0,0,0
1579,328750,0.07397092,-0.91059240,0.84127888,-0.06626278,-0.12041722,0.19344304,0,0,0,0,0
1580,328958,0.13617340,-0.93855074,0.78763901,-0.03712210,-0.12826027,0.18704480,0,0,0,0,0
1581,329166,0.19829363,-0.95716917,0.76735865,-0.02677486,-0.12980994,0.17852073,0,0,0,0,0
1582,329375,0.26840929,-0.97704204,0.70371050,-0.02697144,-0.13664263,0.16133849,0,0,0,0,0
1583,329583,0.32954205,-0.98382377,0.66554265,-0.01714260,-0.13846092,0.18401641,0,0,0,0,0
1584,329791,0.38496588,-0.99686829,0.61026657,-0.00689963,-0.17136631,0.16740019,0,0,0,0,0
1585,330000,0.45436849,-1.00594974,0.54841348,0.01148575,-0.16196392,0.15805071,0,0,0,0,0
1586,330208,0.51777232,-1.00416912,0.49524525,0.01680895,-0.19402962,0.16585739,0,0,0,0,0
1587,330416,0.57032246,-1.00680848,0.43154989,0.04291592,-0.20197248,0.16570476,0,0,0,0,0
1588,330625,0.62952725,-0.99391384,0.37330609,0.04077853,-0.17671210,0.13821333,0,0,0,0,0
1589,330833,0.66368920,-0.99422768,0.31091325,0.06692397,-0.18659936,0.14163084,0,0,0,0,0
1590,331041,0.71683348,-0.97074683,0.25069344,0.08680241,-0.20449376,0.12128256,0,0,0,0,0
1591,331250,0.76419722,-0.94488909,0.18118437,0.09655039,-0.18784806,0.09337375,0,0,0,0,0
1592,331458,0.80163846,-0.92839204,0.11898841,0.08949204,-0.20852037,0.08296462,0,0,0,0,0
1593,331666,0.84452675,-0.89645541,0.05632855,0.10869492,-0.20581613,0.08394308,0,0,0,0,0
1594,331875,0.88406063,-0.86720905,-0.00210568,0.13717792,-0.19094500,0.08383653,0,0,0,0,0
1595,332083,0.91051405,-0.83033360,-0.08204563,0.13182828,-0.18474146,0.08590336,0,0,0,0,0
1596,332291,0.94372123,-0.79498107,-0.14453282,0.14302191,-0.19876147,0.05009517,0,0,0,0,0
1597,332500,0.95799235,-0.74630437,-0.21108782,0.15524141,-0.19694128,0.05191328,0,0,0,0,0
1598,332708,0.97780160,-0.69829602,-0.27715038,0.17204101,-0.18564074,0.03336411,0,0,0,0,0
1599,332916,1.00341440,-0.65996872,-0.33074890,0.15743729,-0.18423020,-0.00065749,0,0,0,0,0
1600,333125,1.01368334,-0.62019227,-0.40039006,0.18934568,-0.16734772,-0.00290849,0,0,0,0,0
1601,333333,1.01159233,-0.55612329,-0.46800242,0.17416870,-0.17102747,-0.01072891,0,0,0,0,0
1602,333541,1.01503112,-0.50655093,-0.52009571,0.18187611,-0.16113335,-0.03185519,0,0,0,0,0
1603,333750,1.00958566,-0.44201684,-0.56913042,0.22485970,-0.16255714,-0.04662333,0,0,0,0,0
1604,333958,1.00200992,-0.37196367,-0.62801339,0.19665777,-0.15316020,-0.05282902,0,0,0,0,0
1605,334166,0.99711426,-0.31257476,-0.67577989,0.19334184,-0.11748428,-0.05844279,0,0,0,0,0
1606,334375,0.98046558,-0.25148977,-0.71655783,0.19705315,-0.12624153,-0.06666574,0,0,0,0,0
1607,334583,0.96605389,-0.18877202,-0.76986340,0.22471552,-0.14422552,-0.07646366,0,0,0,0,0
1608,334791,0.94411980,-0.11941814,-0.82389656,0.20948403,-0.10476048,-0.08668166,0,0,0,0,0
1609,335000,0.91509939,-0.06083135,-0.85212591,0.22721085,-0.11031508,-0.08522986,0,0,0,0,0
1610,335208,0.88185003,0.01288343,-0.89288922,0.19821153,-0.07745725,-0.09248672,0,0,0,0,0
1611,335416,0.83771928,0.08513907,-0.92543235,0.20073426,-0.07736556,-0.11593019,0,0,0,0,0
1612,335625,0.81440478,0.13128896,-0.94742228,0.22075517,-0.05719285,-0.12350261,0,0,0,0,0
1613,335833,0.77251785,0.20826018,-0.96414083,0.20755811,-0.04031937,-0.14776014,0,0,0,0,0
1614,336041,0.72237313,0.26972587,-0.99035553,0.22163477,-0.03534762,-0.14987800,0,0,0,0,0
1615,336250,0.68130979,0.34308899,-1.00120514,0.20774794,-0.02269027,-0.15675558,0,0,0,0,0
1616,336458,0.64044146,0.39715628,-1.00472728,0.19400782,0.00518196,-0.17790938,0,0,0,0,0
1617,336666,0.57822108,0.45396333,-1.01536241,0.19687884,0.00039753,-0.18231341,0,0,0,0,0
1618,336875,0.52236579,0.51253929,-1.02315524,0.19442117,0.03814975,-0.18514943,0,0,0,0,0
1619,337083,0.45814020,0.57371245,-1.01048635,0.15968390,0.04015057,-0.19148647,0,0,0,0,0
1620,337291,0.39962997,0.62516005,-1.00744335,0.16998042,0.04205436,-0.22103644,0,0,0,0,0
1621,337500,0.33267312,0.68020695,-1.00183494,0.15680380,0.05096382,-0.19535983,0,0,0,0,0
1622,337708,0.27501030,0.73148991,-0.98093499,0.12259137,0.06749959,-0.21246942,0,0,0,0,0
1623,337916,0.21781967,0.76759597,-0.96821963,0.13734552,0.07674811,-0.19407004,0,0,0,0,0
1624,338125,0.14880133,0.81311496,-0.93636879,0.10361586,0.09253966,-0.20941259,0,0,0,0,0
1625,338333,0.08570061,0.85179612,-0.91772194,0.11595483,0.11611109,-0.22039623,0,0,0,0,0
1626,338541,0.00931294,0.87666319,-0.88340757,0.10155347,0.13452669,-0.21899748,0,0,0,0,0
1627,338750,-0.05191231,0.90724695,-0.84196560,0.08571208,0.13288618,-0.19660723,0,0,0,0,0
1628,338958,-0.10696511,0.93853063,-0.81392593,0.06771962,0.13270355,-0.20648683,0,0,0,0,0
1629,339166,-0.18464237,0.96584979,-0.77173052,0.07417582,0.13222307,-0.20038644,0,0,0,0,0
1630,339375,-0.23977381,0.97974803,-0.72430436,0.04950481,0.17605386,-0.19354825,0,0,0,0,0
1631,339583,-0.31330514,1.00990829,-0.67091610,0.04331595,0.14599110,-0.19238478,0,0,0,0,0
1632,339791,-0.36963631,1.00342253,-0.62340324,0.03193606,0.14812455,-0.18574784,0,0,0,0,0
1633,340000,-0.42837717,1.01419485,-0.57267700,-0.00155830,0.18686145,-0.18615255,0,0,0,0,0
1634,340208,-0.48922307,1.01875172,-0.51251148,-0.00556580,0.17940946,-0.16510247,0,0,0,0,0
1635,340416,-0.55420335,1.01934430,-0.45421247,-0.03003524,0.19635333,-0.15574108,0,0,0,0,0
1636,340625,-0.59842939,1.00831839,-0.39450266,-0.03715400,0.19894157,-0.15002346,0,0,0,0,0
1637,340833,-0.65582631,0.99534997,-0.32720209,-0.03741572,0.21640310,-0.13948399,0,0,0,0,0
1638,341041,-0.70011959,0.97852586,-0.26322898,-0.04979325,0.20346327,-0.13453112,0,0,0,0,0
1639,341250,-0.74468892,0.95957171,-0.20788874,-0.05789748,0.22623212,-0.12780959,0,0,0,0,0
1640,341458,-0.77862661,0.92845017,-0.14061025,-0.09094760,0.22173608,-0.11107807,0,0,0,0,0
1641,341666,-0.82469907,0.91804415,-0.07280048,-0.10891138,0.24406723,-0.08555729,0,0,0,0,0
1642,341875,-0.85693434,0.87693991,0.00190025,-0.11361526,0.23308955,-0.05954550,0,0,0,0,0
1643,342083,-0.89404418,0.85136376,0.05603621,-0.12962150,0.20918015,-0.06516156,0,0,0,0,0
1644,342291,-0.91883206,0.80714985,0.11936033,-0.11990177,0.20882586,-0.06386488,0,0,0,0,0
1645,342500,-0.94782136,0.76659090,0.19201767,-0.13705513,0.20887316,-0.03883923,0,0,0,0,0
1646,342708,-0.96825303,0.72301369,0.24755090,-0.16181675,0.22321930,-0.04245951,0,0,0,0,0
1647,342916,-0.97619449,0.67977192,0.30746344,-0.16263511,0.19859468,-0.01959666,0,0,0,0,0
1648,343125,-0.98970926,0.62658450,0.38144123,-0.15906428,0.21655671,-0.02587334,0,0,0,0,0
1649,343333,-1.00169319,0.56878846,0.44083598,-0.17380066,0.19576498,0.00048023,0,0,0,0,0
1650,343541,-0.99003454,0.50236496,0.50493513,-0.18119719,0.19426896,0.00632941,0,0,0,0,0
1651,343750,-0.99966081,0.45403979,0.55073968,-0.19324111,0.18441095,0.03723016,0,0,0,0,0
1652,343958,-0.98623776,0.39569450,0.61269083,-0.18735915,0.16059932,0.03337360,0,0,0,0,0
1653,344166,-0.98259007,0.33261453,0.66129377,-0.20034918,0.15604500,0.05546107,0,0,0,0,0
1654,344375,-0.96570945,0.26804797,0.71205919,-0.20105567,0.16014900,0.08522612,0,0,0,0,0
1655,344583,-0.95437468,0.20054453,0.75095200,-0.22103047,0.13993048,0.08698220,0,0,0,0,0
1656,344791,-0.94110312,0.13891693,0.79462927,-0.19581792,0.13874264,0.09629694,0,0,0,0,0
1657,345000,-0.90359650,0.06947174,0.82899130,-0.22938144,0.10704783,0.10648171,0,0,0,0,0
1658,345208,-0.87660347,0.01230683,0.88246332,-0.21032241,0.10307711,0.11296822,0,0,0,0,0
1659,345416,-0.83925842,-0.05666117,0.91371049,-0.20646837,0.08620665,0.13782577,0,0,0,0,0
1660,345625,-0.79823647,-0.13144391,0.93210921,-0.22487006,0.07563047,0.12397159,0,0,0,0,0
1661,345833,-0.76519664,-0.19182829,0.93960798,-0.23561034,0.05107103,0.12888709,0,0,0,0,0
1662,346041,-0.71947130,-0.25765527,0.98681320,-0.19909395,0.06497435,0.14640227,0,0,0,0,0
1663,346250,-0.66829933,-0.33216152,0.99480834,-0.20344281,0.04359794,0.18142319,0,0,0,0,0
1664,346458,-0.61924155,-0.37940793,1.00387714,-0.20422135,0.03568511,0.17851146,0,0,0,0,0
1665,346666,-0.55518308,-0.43467369,1.00736659,-0.20792434,0.01296964,0.18160396,0,0,0,0,0
1666,346875,-0.50741610,-0.49741786,1.00647740,-0.18668572,-0.00545393,0.19304615,0,0,0,0,0
1667,347083,-0.46836596,-0.55522874,1.00533406,-0.19012339,-0.02489667,0.19455880,0,0,0,0,0
1668,347291,-0.39680813,-0.61684906,1.00264472,-0.17364712,-0.03211001,0.22276921,0,0,0,0,0
1669,347500,-0.33788524,-0.65839462,0.99430936,-0.16858929,-0.03770076,0.20383364,0,0,0,0,0
1670,347708,-0.27702309,-0.69972182,0.97989063,-0.15575539,-0.06175675,0.22929309,0,0,0,0,0
1671,347916,-0.21164610,-0.74936486,0.95097835,-0.15590439,-0.05595629,0.22258175,0,0,0,0,0
1672,348125,-0.13598226,-0.78861140,0.93430520,-0.12962012,-0.06963211,0.22818445,0,0,0,0,0
1673,348333,-0.08506590,-0.83932824,0.90476524,-0.12310723,-0.09435559,0.24003035,0,0,0,0,0
1674,348541,-0.01867282,-0.86919358,0.87789023,-0.11294528,-0.09339963,0.22591270,0,0,0,0,0
1675,348750,0.05046937,-0.89552902,0.84006727,-0.11174029,-0.13122251,0.21724799,0,0,0,0,0
1676,348958,0.12021184,-0.92824851,0.80279257,-0.08815809,-0.12116275,0.22092962,0,0,0,0,0
1677,349166,0.18078069,-0.95436588,0.76432896,-0.08419160,-0.11940060,0.23480826,0,0,0,0,0
1678,349375,0.24842820,-0.96312865,0.71651814,-0.06208923,-0.14773556,0.22675535,0,0,0,0,0
1679,349583,0.30352762,-0.98759983,0.67005601,-0.04097717,-0.15158700,0.19738522,0,0,0,0,0
1680,349791,0.36497449,-0.99782211,0.62766885,-0.02332245,-0.17507245,0.19484551,0,0,0,0,0
1681,350000,0.42668045,-1.00419950,0.57416577,-0.03088451,-0.18714026,0.18834272,0,0,0,0,0
1682,350208,0.48869538,-1.00782336,0.51597928,0.00293944,-0.18099528,0.18727962,0,0,0,0,0
1683,350416,0.53208501,-1.00721304,0.46149777,0.00629776,-0.16996408,0.16433518,0,0,0,0,0
1684,350625,0.58766517,-0.99751340,0.40643855,0.01698410,-0.19634679,0.17507086,0,0,0,0,0
1685,350833,0.62836255,-0.98288224,0.33452929,0.01761252,-0.20381332,0.15105664,0,0,0,0,0
1686,351041,0.68872530,-0.97742146,0.28253755,0.04275247,-0.21998800,0.15265268,0,0,0,0,0
1687,351250,0.74262626,-0.96107570,0.21026121,0.05933107,-0.22613832,0.15652593,0,0,0,0,0
1688,351458,0.78225759,-0.94187170,0.14927980,0.07260003,-0.20979064,0.12322018,0,0,0,0,0
1689,351666,0.82027710,-0.91380764,0.08404918,0.08524821,-0.21172914,0.10543150,0,0,0,0,0
1690,351875,0.84528345,-0.87727313,0.02066525,0.10388763,-0.21882039,0.10119933,0,0,0,0,0
1691,352083,0.88186359,-0.85039144,-0.05282412,0.11073836,-0.20696747,0.09316807,0,0,0,0,0
1692,352291,0.91282867,-0.80630089,-0.11064830,0.10782084,-0.22702034,0.09176424,0,0,0,0,0
1693,352500,0.92809434,-0.76309996,-0.18726406,0.13200911,-0.21895912,0.08193289,0,0,0,0,0
1694,352708,0.95302906,-0.73348965,-0.23606439,0.12619836,-0.22382121,0.06997437,0,0,0,0,0
1695,352916,0.96428610,-0.67132261,-0.30536173,0.13778785,-0.21749832,0.04441843,0,0,0,0,0
1696,353125,0.98372686,-0.62457539,-0.37004204,0.14695364,-0.22483715,0.02620845,0,0,0,0,0
1697,353333,0.98153711,-0.57662159,-0.44006029,0.17117719,-0.19244387,0.01804169,0,0,0,0,0
1698,353541,0.98230961,-0.50750154,-0.48447786,0.16293909,-0.17146274,0.00715394,0,0,0,0,0
1699,353750,0.99064706,-0.45675946,-0.54363726,0.17534684,-0.16972442,-0.01287539,0,0,0,0,0
1700,353958,0.98137627,-0.39561511,-0.60323721,0.18126828,-0.18708281,-0.02482597,0,0,0,0,0
1701,354166,0.96331505,-0.33426735,-0.64745485,0.19409401,-0.15524106,-0.03127982,0,0,0,0,0
1702,354375,0.95860261,-0.28257515,-0.69479469,0.20620040,-0.15552993,-0.05696061,0,0,0,0,0
1703,354583,0.93669526,-0.21136614,-0.73531891,0.18364571,-0.12474921,-0.05407295,0,0,0,0,0
1704,354791,0.91286130,-0.14140223,-0.78046154,0.20579286,-0.14279447,-0.08026270,0,0,0,0,0
1705,355000,0.88365192,-0.08155641,-0.81810034,0.20551253,-0.13077263,-0.08578312,0,0,0,0,0
1706,355208,0.85669235,-0.01818706,-0.85011106,0.20641601,-0.11273278,-0.10957303,0,0,0,0,0
1707,355416,0.82705400,0.04255478,-0.88368928,0.20386018,-0.08959928,-0.12990317,0,0,0,0,0
1708,355625,0.78546743,0.11735990,-0.90701434,0.22448067,-0.07659208,-0.11180933,0,0,0,0,0
1709,355833,0.75474480,0.17898982,-0.94345212,0.20233789,-0.06445878,-0.13219550,0,0,0,0,0
1710,356041,0.70429247,0.23998073,-0.95404937,0.22224234,-0.05396303,-0.13187390,0,0,0,0,0
1711,356250,0.65320970,0.30867434,-0.98009215,0.19023730,-0.05343613,-0.13970797,0,0,0,0,0
1712,356458,0.60278770,0.37696575,-0.98126713,0.20151211,-0.04129138,-0.17048226,0,0,0,0,0
1713,356666,0.55753041,0.42913898,-0.99942330,0.19898367,-0.02363681,-0.16548958,0,0,0,0,0
1714,356875,0.49207247,0.48785877,-0.99076346,0.19703991,-0.00849187,-0.18955904,0,0,0,0,0
1715,357083,0.44020044,0.53848531,-0.98869784,0.16671125,0.00041709,-0.19668509,0,0,0,0,0
1716,357291,0.37564579,0.58564247,-0.98926163,0.17195727,-0.01404910,-0.19751632,0,0,0,0,0
1717,357500,0.32128899,0.63976881,-0.97114603,0.15885901,0.02297975,-0.21787225,0,0,0,0,0
1718,357708,0.26316744,0.69107879,-0.96704077,0.15774625,0.02914095,-0.22553346,0,0,0,0,0
1719,357916,0.20119274,0.74673692,-0.94930070,0.14970667,0.07503871,-0.19823255,0,0,0,0,0
1720,358125,0.13941052,0.77457668,-0.92652964,0.13526019,0.06748452,-0.19802500,0,0,0,0,0
1721,358333,0.06422631,0.82131240,-0.88619994,0.11544992,0.08673002,-0.20878843,0,0,0,0,0
1722,358541,0.00131495,0.85489876,-0.85547955,0.11062894,0.09531316,-0.22128285,0,0,0,0,0
1723,358750,-0.06955904,0.88664572,-0.82723746,0.10497462,0.09592138,-0.20944862,0,0,0,0,0
1724,358958,-0.13233678,0.91367233,-0.79662885,0.08240308,0.11170747,-0.21760536,0,0,0,0,0
1725,359166,-0.18838824,0.93205797,-0.75004911,0.07271713,0.12085663,-0.22515562,0,0,0,0,0
1726,359375,-0.26064532,0.95934238,-0.70929759,0.06643308,0.10264063,-0.20360931,0,0,0,0,0
1727,359583,-0.32076964,0.97018545,-0.66617527,0.04812299,0.12164975,-0.19414428,0,0,0,0,0
1728,359791,-0.38279035,0.97985919,-0.61379150,0.04425956,0.15589861,-0.20948735,0,0,0,0,0
1729,360000,-0.43780705,0.98391494,-0.56059637,0.03263290,0.14426600,-0.20011596,0,0,0,0,0
1730,360208,-0.49072559,0.99816319,-0.50158886,0.01711312,0.15859970,-0.19244718,0,0,0,0,0
1731,360416,-0.54543646,0.98420885,-0.45098607,-0.00602188,0.17985332,-0.18888313,0,0,0,0,0
1732,360625,-0.59312353,0.98729819,-0.38591353,0.00303921,0.17703908,-0.16678321,0,0,0,0,0
1733,360833,-0.64513965,0.97176989,-0.32963701,-0.00518039,0.16433242,-0.18138537,0,0,0,0,0
1734,361041,-0.70072654,0.96340304,-0.26228853,-0.03661459,0.19558928,-0.15851837,0,0,0,0,0
1735,361250,-0.75188854,0.94627661,-0.20052340,-0.03650123,0.20367161,-0.14680277,0,0,0,0,0
1736,361458,-0.77798650,0.91388814,-0.13736293,-0.06052636,0.20767202,-0.13244986,0,0,0,0,0
1737,361666,-0.81792174,0.88959138,-0.07084093,-0.09299767,0.19325387,-0.13214909,0,0,0,0,0
1738,361875,-0.86254153,0.86256036,-0.01473255,-0.09737642,0.18403792,-0.11332867,0,0,0,0,0
1739,362083,-0.89425087,0.82608403,0.05145685,-0.10233479,0.21581124,-0.09990185,0,0,0,0,0
1740,362291,-0.91894664,0.80074360,0.12803122,-0.10344307,0.20726821,-0.07107824,0,0,0,0,0
1741,362500,-0.93396443,0.75183784,0.18240909,-0.10639744,0.20835928,-0.09099985,0,0,0,0,0
1742,362708,-0.96077494,0.70533409,0.24134636,-0.12690967,0.19879929,-0.06672696,0,0,0,0,0
1743,362916,-0.97282021,0.66822199,0.31670760,-0.13265238,0.22304030,-0.05835743,0,0,0,0,0
1744,363125,-0.97851684,0.62103927,0.37451783,-0.14418006,0.17321161,-0.04166361,0,0,0,0,0
1745,363333,-0.98571500,0.56887200,0.43765749,-0.13639031,0.19165313,-0.01516223,0,0,0,0,0
1746,363541,-0.98607664,0.50920730,0.48905319,-0.15614162,0.19256865,-0.00534080,0,0,0,0,0
1747,363750,-0.98713651,0.45030920,0.54898237,-0.16319588,0.18250412,0.00605598,0,0,0,0,0
1748,363958,-0.97623770,0.38523702,0.60277736,-0.17318896,0.17861553,0.00850203,0,0,0,0,0
1749,364166,-0.96863172,0.32597744,0.64467092,-0.17275087,0.16768930,0.03399048,0,0,0,0,0
1750,364375,-0.95899826,0.26744182,0.70493194,-0.17886985,0.16259299,0.02103669,0,0,0,0,0
1751,364583,-0.93986166,0.20728024,0.74530651,-0.19155173,0.14096690,0.06353218,0,0,0,0,0
1752,364791,-0.91520798,0.12888932,0.78142021,-0.18882251,0.14044601,0.05519491,0,0,0,0,0
1753,365000,-0.88471337,0.06671700,0.81625007,-0.18181656,0.11224720,0.07979655,0,0,0,0,0
1754,365208,-0.85951135,0.00950785,0.85647540,-0.17672207,0.11894869,0.07319386,0,0,0,0,0
1755,365416,-0.81811631,-0.05666168,0.88803390,-0.20961243,0.10439089,0.09204995,0,0,0,0,0
1756,365625,-0.78601149,-0.12317696,0.91023259,-0.19751644,0.07194227,0.10538340,0,0,0,0,0
1757,365833,-0.73637228,-0.18493896,0.93728668,-0.19591241,0.06575262,0.11404117,0,0,0,0,0
1758,366041,-0.68980271,-0.25763299,0.95528046,-0.17399428,0.07169294,0.12813156,0,0,0,0,0
1759,366250,-0.65100504,-0.31182532,0.97033007,-0.16208250,0.05187769,0.12466815,0,0,0,0,0
1760,366458,-0.59856693,-0.37125051,0.97207537,-0.18739024,0.03084034,0.15397281,0,0,0,0,0
1761,366666,-0.53978655,-0.43300788,0.98497770,-0.17010906,0.02818228,0.13763996,0,0,0,0,0
1762,366875,-0.48316068,-0.49702185,0.97912970,-0.17813044,0.02245326,0.16711995,0,0,0,0,0
1763,367083,-0.43701628,-0.54532429,0.98220159,-0.15863993,0.00091025,0.16842759,0,0,0,0,0
1764,367291,-0.37133269,-0.59498658,0.97836685,-0.15493934,-0.00744385,0.17707040,0,0,0,0,0
1765,367500,-0.30533011,-0.65336778,0.96359775,-0.16969068,-0.02673691,0.19092648,0,0,0,0,0
1766,367708,-0.24171794,-0.69456824,0.94681039,-0.13554658,-0.04506006,0.18227223,0,0,0,0,0
1767,367916,-0.18831142,-0.74389757,0.93568688,-0.12446433,-0.03634183,0.18673783,0,0,0,0,0
1768,368125,-0.11520810,-0.77943086,0.90079296,-0.09553678,-0.05288315,0.19720481,0,0,0,0,0
1769,368333,-0.04804545,-0.81250047,0.88745696,-0.10254987,-0.07762322,0.19367555,0,0,0,0,0
1770,368541,0.00932252,-0.85445552,0.85687011,-0.10794030,-0.09973845,0.19884083,0,0,0,0,0
1771,368750,0.08000036,-0.88209176,0.82066994,-0.07381931,-0.08582642,0.19904965,0,0,0,0,0
1772,368958,0.13935152,-0.90248262,0.77846590,-0.07405623,-0.11650599,0.20400242,0,0,0,0,0
1773,369166,0.20746289,-0.93226846,0.74209968,-0.06789858,-0.10230052,0.17566039,0,0,0,0,0
1774,369375,0.27882432,-0.94977722,0.69498030,-0.05853488,-0.10572709,0.19455222,0,0,0,0,0
1775,369583,0.32656994,-0.96399677,0.65051580,-0.04815979,-0.13359366,0.19294423,0,0,0,0,0
1776,369791,0.39069478,-0.97026873,0.59606957,-0.02576592,-0.13447100,0.17973005,0,0,0,0,0
1777,370000,0.44181709,-0.98251252,0.54073357,-0.00305407,-0.15320825,0.19127513,0,0,0,0,0
1778,370208,0.49295386,-0.99349984,0.49573139,0.00334535,-0.16412778,0.15958435,0,0,0,0,0
1779,370416,0.55804590,-0.97931627,0.43446118,0.02260089,-0.17110432,0.17773445,0,0,0,0,0
1780,370625,0.62313723,-0.98594933,0.37490550,0.02430283,-0.16892769,0.16479655,0,0,0,0,0
1781,370833,0.66930782,-0.96237027,0.31666442,0.03954253,-0.17159718,0.14173504,0,0,0,0,0
1782,371041,0.71084173,-0.95015088,0.26541106,0.04700608,-0.18744591,0.13783056,0,0,0,0,0
1783,371250,0.74698447,-0.92977492,0.19052457,0.07800926,-0.19897363,0.13470705,0,0,0,0,0
1784,371458,0.79130526,-0.90388540,0.12584373,0.06792282,-0.15409872,0.13219586,0,0,0,0,0
1785,371666,0.84126331,-0.88355007,0.05179890,0.07820362,-0.18337380,0.11572911,0,0,0,0,0
1786,371875,0.86539928,-0.85360184,-0.00215571,0.10979587,-0.18272420,0.08763977,0,0,0,0,0
1787,372083,0.88613525,-0.81468893,-0.07229517,0.11586871,-0.21122236,0.10959112,0,0,0,0,0
1788,372291,0.92272602,-0.77912204,-0.13395283,0.10069222,-0.18723066,0.08160852,0,0,0,0,0
1789,372500,0.95303491,-0.74858015,-0.20387390,0.12691270,-0.19867326,0.08518410,0,0,0,0,0
1790,372708,0.95862322,-0.69604167,-0.26342509,0.14645758,-0.18700989,0.06316975,0,0,0,0,0
1791,372916,0.97268747,-0.65124284,-0.31973423,0.13419087,-0.18424449,0.02950351,0,0,0,0,0
1792,373125,0.98903825,-0.59647883,-0.39329073,0.14455156,-0.17309583,0.02848054,0,0,0,0,0
1793,373333,0.99673573,-0.55012410,-0.43610775,0.16131052,-0.17098589,0.01828368,0,0,0,0,0
1794,373541,1.00390181,-0.49195576,-0.50666714,0.16528914,-0.16638817,0.00367274,0,0,0,0,0
1795,373750,0.99306191,-0.43632146,-0.55511659,0.17307750,-0.15537381,-0.00096701,0,0,0,0,0
1796,373958,0.99807005,-0.37374597,-0.60745081,0.15767405,-0.15508966,-0.02375023,0,0,0,0,0
1797,374166,0.98449738,-0.31190051,-0.66230446,0.19135141,-0.15106471,-0.04074556,0,0,0,0,0
1798,374375,0.96433648,-0.25721902,-0.70594246,0.19412636,-0.13340173,-0.04547613,0,0,0,0,0
1799,374583,0.94453564,-0.18539835,-0.75337465,0.20148116,-0.13674450,-0.04490578,0,0,0,0,0
1800,374791,0.92080070,-0.11678565,-0.79297177,0.16437002,-0.10846499,-0.04621833,0,0,0,0,0
1801,375000,0.89153214,-0.06265616,-0.83118724,0.18288718,-0.12599964,-0.07706627,0,0,0,0,0
1802,375208,0.86150058,0.00984173,-0.86852934,0.18821471,-0.07637711,-0.08705159,0,0,0,0,0
1803,375416,0.82927931,0.07480163,-0.90404048,0.18658210,-0.08697452,-0.07713102,0,0,0,0,0
1804,375625,0.79057657,0.12676673,-0.91636156,0.18813126,-0.05749005,-0.10725811,0,0,0,0,0
1805,375833,0.75301571,0.19703778,-0.93849196,0.20690108,-0.04864971,-0.11362107,0,0,0,0,0
1806,376041,0.69925479,0.25742125,-0.95439650,0.17335979,-0.04177335,-0.11036785,0,0,0,0,0
1807,376250,0.64779096,0.32875357,-0.98037002,0.16865004,-0.03682849,-0.13559015,0,0,0,0,0
1808,376458,0.59910752,0.38288150,-0.97357455,0.18794840,-0.02816730,-0.15355939,0,0,0,0,0
1809,376666,0.54575814,0.44679845,-0.98890169,0.18048724,-0.00163046,-0.14395246,0,0,0,0,0
1810,376875,0.48242348,0.49968135,-1.00024711,0.15820327,0.01639845,-0.16845720,0,0,0,0,0
1811,377083,0.43108036,0.56702121,-0.99724378,0.16879094,0.03049755,-0.16914740,0,0,0,0,0
1812,377291,0.36855628,0.61438802,-0.98718279,0.15551718,0.03131610,-0.18035967,0,0,0,0,0
1813,377500,0.31124821,0.65620602,-0.97624006,0.12842951,0.03983367,-0.16241791,0,0,0,0,0
1814,377708,0.24835277,0.70567349,-0.96508565,0.12332778,0.04325428,-0.18263412,0,0,0,0,0
1815,377916,0.19172368,0.74668642,-0.93909450,0.10003968,0.04822116,-0.18027460,0,0,0,0,0
1816,378125,0.12385825,0.79373863,-0.91008167,0.11261672,0.07797539,-0.17856688,0,0,0,0,0
1817,378333,0.05239343,0.82357910,-0.89182266,0.09176185,0.07117446,-0.18417075,0,0,0,0,0
1818,378541,-0.00615205,0.85767986,-0.85991846,0.08858815,0.08540715,-0.20086677,0,0,0,0,0
1819,378750,-0.07576732,0.89429705,-0.81981715,0.05293238,0.11276528,-0.20953290,0,0,0,0,0
1820,378958,-0.14340893,0.92335842,-0.77584134,0.06967716,0.12386442,-0.18915079,0,0,0,0,0
1821,379166,-0.20728083,0.94710729,-0.73898025,0.03590190,0.12558186,-0.17590678,0,0,0,0,0
1822,379375,-0.26937833,0.96633513,-0.71103940,0.03191392,0.11951228,-0.17967365,0,0,0,0,0
1823,379583,-0.33712149,0.97189031,-0.65455586,0.03537055,0.13068848,-0.16805676,0,0,0,0,0
1824,379791,-0.39005655,0.98911409,-0.60412100,0.01766941,0.16834853,-0.19333435,0,0,0,0,0
1825,380000,-0.46005415,0.99646031,-0.55166794,0.00070540,0.15917179,-0.16772622,0,0,0,0,0
1826,380208,-0.51013483,0.98661632,-0.48870646,-0.00810085,0.16222944,-0.16427444,0,0,0,0,0
1827,380416,-0.55705405,0.99792104,-0.43458827,-0.03377488,0.17773624,-0.14405598,0,0,0,0,0
1828,380625,-0.62178319,0.98727683,-0.37681618,-0.02190499,0.19780787,-0.14107479,0,0,0,0,0
1829,380833,-0.66408996,0.96963867,-0.31194546,-0.06266444,0.17156412,-0.13791626,0,0,0,0,0
1830,381041,-0.71505709,0.96620293,-0.24434896,-0.05988085,0.17526849,-0.13129907,0,0,0,0,0
1831,381250,-0.76047308,0.93795338,-0.18099509,-0.06245214,0.18757928,-0.14161348,0,0,0,0,0
1832,381458,-0.80316296,0.90536499,-0.11334606,-0.06573324,0.19716975,-0.12264666,0,0,0,0,0
1833,381666,-0.84431032,0.88369333,-0.05048434,-0.08722726,0.18037822,-0.08732635,0,0,0,0,0
1834,381875,-0.87671974,0.85580924,0.00540408,-0.09287481,0.18931504,-0.09493543,0,0,0,0,0
1835,382083,-0.90900568,0.82209076,0.07489709,-0.12799168,0.19127985,-0.06249091,0,0,0,0,0
1836,382291,-0.93209270,0.78241453,0.13561844,-0.14599188,0.18515428,-0.08455082,0,0,0,0,0
1837,382500,-0.95201828,0.73959224,0.21020126,-0.14494841,0.18602042,-0.05025794,0,0,0,0,0
1838,382708,-0.96845882,0.69785895,0.26859528,-0.15353465,0.19014609,-0.04623689,0,0,0,0,0
1839,382916,-0.98835679,0.65249734,0.33624098,-0.14590077,0.16700058,-0.04857981,0,0,0,0,0
1840,383125,-0.99575963,0.60126489,0.39650698,-0.15889172,0.18682190,-0.01187695,0,0,0,0,0
1841,383333,-1.00676445,0.54533282,0.45369312,-0.16646451,0.16688594,-0.01167399,0,0,0,0,0
1842,383541,-1.01284428,0.49104029,0.50621683,-0.17286406,0.17817953,0.00370830,0,0,0,0,0
1843,383750,-1.00483508,0.43829747,0.56551632,-0.19152448,0.14856463,0.02536340,0,0,0,0,0
1844,383958,-0.99943009,0.36961953,0.61152501,-0.19880152,0.15590146,0.02466752,0,0,0,0,0
1845,384166,-0.99533536,0.30743444,0.66627235,-0.16997875,0.13438066,0.04437397,0,0,0,0,0
1846,384375,-0.98395179,0.24788721,0.71819576,-0.21917021,0.14665749,0.06409152,0,0,0,0,0
1847,384583,-0.95984134,0.18084782,0.76584203,-0.18368345,0.12729407,0.05264623,0,0,0,0,0
1848,384791,-0.93203649,0.12180532,0.80330620,-0.18782573,0.11984405,0.06952412,0,0,0,0,0
1849,385000,-0.90586064,0.05393078,0.84374710,-0.18724629,0.09590720,0.07641171,0,0,0,0,0
1850,385208,-0.87675665,-0.00927743,0.87908837,-0.19557061,0.07662200,0.08405812,0,0,0,0,0
1851,385416,-0.84201147,-0.07176612,0.90141508,-0.19990416,0.07609854,0.11314380,0,0,0,0,0
1852,385625,-0.80869838,-0.14307872,0.93007610,-0.20577117,0.07634625,0.11244105,0,0,0,0,0
1853,385833,-0.75925987,-0.21352850,0.95155892,-0.19203353,0.03334573,0.13857738,0,0,0,0,0
1854,386041,-0.70462680,-0.27400781,0.97938205,-0.20431333,0.05054639,0.13752234,0,0,0,0,0
1855,386250,-0.66344672,-0.33388146,0.98950877,-0.19424403,0.02009465,0.13312352,0,0,0,0,0
1856,386458,-0.62031716,-0.39856450,0.99647312,-0.17357741,-0.00602183,0.14553292,0,0,0,0,0
1857,386666,-0.55479982,-0.45627561,1.00956382,-0.17654635,0.01128770,0.15340653,0,0,0,0,0
1858,386875,-0.50341808,-0.51354058,0.99882318,-0.18002184,-0.00572567,0.17891110,0,0,0,0,0
1859,387083,-0.43950932,-0.57374554,1.00199168,-0.18665335,-0.02689133,0.17788056,0,0,0,0,0
1860,387291,-0.39043444,-0.61133860,0.99605995,-0.16932381,-0.02190229,0.18789901,0,0,0,0,0
1861,387500,-0.32637231,-0.67552065,0.98396032,-0.13330673,-0.04477944,0.20150475,0,0,0,0,0
1862,387708,-0.26085937,-0.71598495,0.97242881,-0.12820225,-0.05001533,0.19512287,0,0,0,0,0
1863,387916,-0.18642985,-0.76263850,0.94570709,-0.12569974,-0.06157999,0.21510239,0,0,0,0,0
1864,388125,-0.12832170,-0.80475587,0.92314729,-0.10309705,-0.08419933,0.20269527,0,0,0,0,0
1865,388333,-0.06928864,-0.83893555,0.89943384,-0.10339722,-0.09940608,0.20948345,0,0,0,0,0
1866,388541,0.00374650,-0.86743926,0.85889343,-0.09092060,-0.10796643,0.18313135,0,0,0,0,0
1867,388750,0.06645602,-0.89329417,0.83853185,-0.08968212,-0.11194292,0.20005690,0,0,0,0,0
1868,388958,0.13436561,-0.93707346,0.79874234,-0.05100583,-0.12679125,0.19740760,0,0,0,0,0
1869,389166,0.19935559,-0.95816071,0.74922372,-0.03762793,-0.13816054,0.19130607,0,0,0,0,0
1870,389375,0.26282376,-0.97057952,0.70254013,-0.04018630,-0.13566927,0.18801854,0,0,0,0,0
1871,389583,0.32056908,-0.99485856,0.65519366,-0.02061513,-0.14693280,0.18473954,0,0,0,0,0
1872,389791,0.38445485,-0.99875441,0.62061687,-0.01494768,-0.16744043,0.17113141,0,0,0,0,0
1873,390000,0.44195955,-1.00367805,0.55272639,-0.01145584,-0.16814653,0.16875370,0,0,0,0,0
1874,390208,0.48929075,-1.00026998,0.49769154,0.02135308,-0.18978577,0.16141247,0,0,0,0,0
1875,390416,0.56772460,-0.99832577,0.44563213,0.01724246,-0.17631253,0.16789616,0,0,0,0,0
1876,390625,0.61194925,-1.00047847,0.38224153,0.02581882,-0.20124805,0.14499140,0,0,0,0,0
1877,390833,0.66386624,-0.99802583,0.32733842,0.04377052,-0.20468407,0.13857245,0,0,0,0,0
1878,391041,0.70925632,-0.96797224,0.25855981,0.08199586,-0.19607382,0.11199555,0,0,0,0,0
1879,391250,0.75066486,-0.94923679,0.18317641,0.08919212,-0.19391078,0.15026387,0,0,0,0,0
1880,391458,0.79170818,-0.92919890,0.12859342,0.08565656,-0.19771851,0.11149107,0,0,0,0,0
1881,391666,0.83316745,-0.89951008,0.05857735,0.09971699,-0.20108923,0.11472618,0,0,0,0,0
1882,391875,0.87281664,-0.86755692,-0.00355109,0.12115217,-0.20608548,0.10252097,0,0,0,0,0
1883,392083,0.89741167,-0.83868052,-0.06649287,0.10398330,-0.20265738,0.09338182,0,0,0,0,0
1884,392291,0.92980276,-0.79748272,-0.13243051,0.11854394,-0.21016910,0.04611665,0,0,0,0,0
1885,392500,0.95242253,-0.76292438,-0.19351708,0.14849352,-0.20567553,0.03418575,0,0,0,0,0
1886,392708,0.97616888,-0.71292901,-0.26053523,0.15542520,-0.20977978,0.04158053,0,0,0,0,0
1887,392916,0.97959399,-0.65394802,-0.32402324,0.15063852,-0.18931166,0.03765382,0,0,0,0,0
1888,393125,1.00151549,-0.61746208,-0.38436492,0.16904366,-0.19702041,0.00865529,0,0,0,0,0
1889,393333,1.00771760,-0.56126933,-0.44914597,0.16748818,-0.18568324,-0.00734786,0,0,0,0,0
1890,393541,1.00817084,-0.50143836,-0.50903343,0.19948458,-0.17719977,-0.02668892,0,0,0,0,0
1891,393750,1.00398525,-0.43805886,-0.56391061,0.19090926,-0.17650084,-0.02898411,0,0,0,0,0
1892,393958,0.99370313,-0.37845363,-0.61990399,0.19830143,-0.14461286,-0.03870430,0,0,0,0,0
1893,394166,0.99172203,-0.32057505,-0.67433992,0.19663603,-0.16996998,-0.05151893,0,0,0,0,0
1894,394375,0.97067467,-0.25922044,-0.71918422,0.19559584,-0.15894837,-0.06954771,0,0,0,0,0
1895,394583,0.96665365,-0.19671248,-0.76611819,0.21054711,-0.15453454,-0.07946517,0,0,0,0,0
1896,394791,0.93497050,-0.12568879,-0.80418854,0.21065370,-0.12155442,-0.09175012,0,0,0,0,0
1897,395000,0.91602872,-0.05842185,-0.83141456,0.21664020,-0.10429016,-0.08370551,0,0,0,0,0
1898,395208,0.88501790,0.00676982,-0.87398197,0.19034894,-0.09804610,-0.10151254,0,0,0,0,0
1899,395416,0.83544014,0.07530626,-0.90322506,0.20305621,-0.06053425,-0.10563012,0,0,0,0,0
1900,395625,0.80476131,0.13770947,-0.94399418,0.19293413,-0.09090678,-0.12094048,0,0,0,0,0
1901,395833,0.74925484,0.20353294,-0.96803198,0.20197255,-0.05737292,-0.14533535,0,0,0,0,0
1902,396041,0.71492931,0.25949353,-0.97780890,0.20477357,-0.03937192,-0.14871883,0,0,0,0,0
1903,396250,0.66690366,0.32642866,-0.98967759,0.22832992,-0.01892904,-0.16533016,0,0,0,0,0
1904,396458,0.62018293,0.38770495,-1.01013021,0.19428488,-0.01817825,-0.17236990,0,0,0,0,0
1905,396666,0.57223812,0.45027724,-1.00435621,0.20571774,0.00338451,-0.16877665,0,0,0,0,0
1906,396875,0.51075960,0.50965440,-1.00947056,0.17866638,0.01439337,-0.18610089,0,0,0,0,0
1907,397083,0.45126900,0.56541217,-1.00621855,0.16859938,0.01672404,-0.18798175,0,0,0,0,0
1908,397291,0.39456977,0.62485507,-1.00755063,0.15912060,0.02742821,-0.18748352,0,0,0,0,0
1909,397500,0.33899858,0.66312937,-0.99827056,0.13950299,0.06238483,-0.21245857,0,0,0,0,0
1910,397708,0.27356933,0.71562439,-0.97704476,0.14779127,0.05561530,-0.20695989,0,0,0,0,0
1911,397916,0.20182694,0.76418362,-0.95840531,0.14953138,0.09420974,-0.20349251,0,0,0,0,0
1912,398125,0.14523336,0.80203906,-0.93481212,0.11379829,0.08395203,-0.21197503,0,0,0,0,0
1913,398333,0.06550974,0.83526773,-0.90366506,0.11644718,0.08506816,-0.22782574,0,0,0,0,0
1914,398541,0.00926363,0.87583428,-0.87965863,0.08304370,0.09872175,-0.21034056,0,0,0,0,0
1915,398750,-0.05757457,0.89818132,-0.84224808,0.07351471,0.12670083,-0.19488230,0,0,0,0,0
1916,398958,-0.11620878,0.93690244,-0.80069778,0.06939654,0.13588956,-0.19373189,0,0,0,0,0
1917,399166,-0.17857352,0.95803603,-0.76025180,0.05706452,0.16055137,-0.20280908,0,0,0,0,0
1918,399375,-0.24819169,0.97660569,-0.71972935,0.06209186,0.14538268,-0.19158818,0,0,0,0,0
1919,399583,-0.30730966,0.99263660,-0.66823416,0.03154117,0.14563274,-0.19412136,0,0,0,0,0
1920,399791,-0.37448263,1.00530142,-0.61990396,0.02428620,0.16603507,-0.18840557,0,0,0,0,0
1921,400000,-0.43162743,1.01421137,-0.57075234,0.00606238,0.15949382,-0.18490300,0,1,0,0,0
1922,400208,-0.50218854,1.01486611,-0.50388431,-0.00141600,0.17712042,-0.18718718,0,1,0,0,0
1923,400416,-0.54916592,1.01684420,-0.44918530,-0.02310729,0.18719956,-0.15413154,0,1,0,0,0
1924,400625,-0.59678477,1.00107131,-0.39622239,-0.03890518,0.20654084,-0.13712790,0,1,0,0,0
1925,400833,-0.65419715,0.98200310,-0.33676585,-0.04898102,0.20579972,-0.13589120,0,1,0,0,0
1926,401041,-0.70673014,0.98198730,-0.27133499,-0.05000784,0.20247215,-0.14709742,0,1,0,0,0
1927,401250,-0.73819843,0.95800587,-0.20369880,-0.06077921,0.20691683,-0.12682499,0,1,0,0,0
1928,401458,-0.78945965,0.93453487,-0.14244835,-0.06246113,0.20669618,-0.12496249,0,1,0,0,0
1929,401666,-0.83496653,0.90569466,-0.07254757,-0.10414438,0.20940793,-0.11488068,0,1,0,0,0
1930,401875,-0.86810788,0.87412920,-0.00429746,-0.09786340,0.21267322,-0.09270433,0,1,0,0,0
1931,402083,-0.89599571,0.83762747,0.06113926,-0.10215238,0.22086603,-0.07891566,0,1,0,0,0
1932,402291,-0.91474260,0.80268306,0.13357503,-0.13843009,0.23105583,-0.07210444,0,1,0,0,0
1933,402500,-0.93425483,0.76002833,0.19246618,-0.12601358,0.21732116,-0.06006083,0,1,0,0,0
1934,402708,-0.97789667,0.71024162,0.25678478,-0.15666814,0.19891035,-0.04188487,0,1,0,0,0
1935,402916,-0.97575146,0.66550981,0.31726392,-0.14668226,0.19360722,-0.03457923,0,1,0,0,0
1936,403125,-0.99622962,0.61733355,0.37254398,-0.16903912,0.17902572,-0.00849509,0,1,0,0,0
1937,403333,-1.00178871,0.56953192,0.43791374,-0.16732311,0.18022855,-0.01924086,0,1,0,0,0
1938,403541,-0.99526682,0.50716196,0.49974373,-0.18020899,0.18645363,-0.01350340,0,1,0,0,0
1939,403750,-0.99774430,0.45286037,0.55282718,-0.19794640,0.16999780,0.01984734,0,1,0,0,0
1940,403958,-0.98737639,0.38497412,0.59950789,-0.19427237,0.15179614,0.02928693,0,1,0,0,0
1941,404166,-0.98323248,0.33545208,0.65418343,-0.18728848,0.14974495,0.04076399,0,1,0,0,0
1942,404375,-0.97083728,0.26149632,0.69240590,-0.19221254,0.16466598,0.07336928,0,1,0,0,0
1943,404583,-0.95155816,0.20236580,0.75796460,-0.21181887,0.14174051,0.07399624,0,1,0,0,0
1944,404791,-0.93960654,0.13830948,0.80592035,-0.21562371,0.12489357,0.08364936,0,1,0,0,0
1945,405000,-0.89886961,0.07324298,0.84079509,-0.21458439,0.13302533,0.07529979,0,1,0,0,0
1946,405208,-0.87943407,-0.00152083,0.87549972,-0.20450821,0.11126742,0.08985385,0,1,0,0,0
1947,405416,-0.82808075,-0.06759812,0.90068475,-0.21045653,0.10519931,0.10300241,0,1,0,0,0
1948,405625,-0.79148059,-0.12411638,0.92640286,-0.19708214,0.07863093,0.11131150,0,1,0,0,0
1949,405833,-0.75927068,-0.19274428,0.95494181,-0.20578405,0.07663920,0.13272821,0,1,0,0,0
1950,406041,-0.71524959,-0.25693838,0.96939725,-0.21425389,0.05965618,0.14564745,0,1,0,0,0
1951,406250,-0.67810215,-0.31440682,0.98665869,-0.23464189,0.05201696,0.15624481,0,1,0,0,0
1952,406458,-0.60779137,-0.38115500,1.00351075,-0.18351627,0.02082747,0.16457964,0,1,0,0,0
1953,406666,-0.56170005,-0.44139222,1.00113176,-0.17664143,-0.00358078,0.18081301,0,1,0,0,0
1954,406875,-0.50306062,-0.49676404,1.00837393,-0.19207218,-0.01283255,0.18202733,0,1,0,0,0
1955,407083,-0.44847054,-0.55228932,0.99799502,-0.18371193,-0.00319177,0.17067933,0,1,0,0,0
1956,407291,-0.38689135,-0.61219516,0.98856526,-0.19282458,-0.02806572,0.17856015,0,1,0,0,0
1957,407500,-0.32739214,-0.65708766,0.98410150,-0.14963671,-0.02991269,0.19327059,0,1,0,0,0
1958,407708,-0.26119711,-0.70022819,0.96256466,-0.14668054,-0.05058736,0.20980170,0,1,0,0,0
1959,407916,-0.20414541,-0.75960401,0.94928078,-0.13938765,-0.07336794,0.21015301,0,1,0,0,0
1960,408125,-0.14828740,-0.79261384,0.92371357,-0.13540664,-0.08570443,0.22041460,0,1,0,0,0
1961,408333,-0.06471564,-0.83019943,0.90155802,-0.12963387,-0.08750898,0.23065235,0,1,0,0,0
1962,408541,-0.01438377,-0.86946250,0.87732811,-0.09923500,-0.10386522,0.22303231,0,1,0,0,0
1963,408750,0.05695851,-0.89774871,0.84029922,-0.10061384,-0.11744032,0.21526904,0,1,0,0,0
1964,408958,0.11665593,-0.92315706,0.80358604,-0.07776628,-0.12444286,0.19468938,0,1,0,0,0
1965,409166,0.19469409,-0.93973961,0.76523511,-0.05555199,-0.12361014,0.21127109,0,1,0,0,0
1966,409375,0.25475620,-0.96439716,0.71935098,-0.05569537,-0.14548862,0.22494157,0,1,0,0,0
1967,409583,0.31236188,-0.98625357,0.66739124,-0.04771727,-0.15477666,0.18806273,0,1,0,0,0
1968,409791,0.36871867,-0.98834477,0.61996749,-0.02347513,-0.15195141,0.18510469,0,1,0,0,0
1969,410000,0.43223743,-1.00075459,0.56090820,-0.02334677,-0.15163165,0.17562681,0,1,0,0,0
1970,410208,0.48611183,-0.99843610,0.50473757,-0.00731436,-0.17834739,0.19692536,0,1,0,0,0
1971,410416,0.54095813,-1.00573545,0.45063185,0.00049534,-0.19235341,0.17238714,0,1,0,0,0
1972,410625,0.60282984,-1.00038201,0.39362781,0.01586188,-0.19045238,0.15787661,0,1,0,0,0
1973,410833,0.64642211,-0.98951069,0.32877011,0.02978877,-0.18744570,0.15073067,0,1,0,0,0
1974,411041,0.69965139,-0.97002737,0.26538594,0.04511567,-0.20730952,0.16365518,0,1,0,0,0
1975,411250,0.74233759,-0.95222096,0.21395238,0.07045533,-0.19332738,0.11693716,0,1,0,0,0
1976,411458,0.78540366,-0.93065738,0.14000897,0.06941946,-0.20282245,0.13291104,0,1,0,0,0
1977,411666,0.81427275,-0.90928718,0.07261711,0.07080425,-0.20075495,0.11617950,0,1,0,0,0
1978,411875,0.85921538,-0.87009832,0.02276431,0.07900915,-0.21304043,0.10826713,0,1,0,0,0
1979,412083,0.88536687,-0.84413450,-0.05397939,0.09447652,-0.19946022,0.08656632,0,1,0,0,0
1980,412291,0.91085403,-0.80554955,-0.12203465,0.12745873,-0.21785698,0.07858154,0,1,0,0,0
1981,412500,0.94178655,-0.75839417,-0.17714311,0.12011180,-0.19244726,0.05202018,0,1,0,0,0
1982,412708,0.95506131,-0.70643823,-0.24428607,0.15161863,-0.19008479,0.06611971,0,1,0,0,0
1983,412916,0.97110650,-0.66510720,-0.31081273,0.15087812,-0.19153434,0.06212102,0,1,0,0,0
1984,413125,0.97738474,-0.61718294,-0.37609844,0.15775528,-0.19673226,0.02837494,0,1,0,0,0
1985,413333,0.98724936,-0.56346522,-0.43658705,0.16400714,-0.19185713,0.02172879,0,1,0,0,0
1986,413541,1.00469957,-0.51257891,-0.49029464,0.15524519,-0.17987089,-0.01193004,0,1,0,0,0
1987,413750,0.99333893,-0.45264432,-0.54610760,0.16331321,-0.16395564,-0.01147271,0,1,0,0,0
1988,413958,0.99012293,-0.39152737,-0.60024939,0.17905496,-0.14993162,-0.01664816,0,1,0,0,0
1989,414166,0.97537594,-0.33751578,-0.64103196,0.19712779,-0.16726608,-0.02707020,0,1,0,0,0
1990,414375,0.96003913,-0.27025854,-0.69737213,0.19326852,-0.15183872,-0.03836656,0,1,0,0,0
1991,414583,0.94776542,-0.20253454,-0.74434823,0.21571116,-0.14213522,-0.05480549,0,1,0,0,0
1992,414791,0.91974246,-0.15050405,-0.78043515,0.19803449,-0.13063475,-0.06111216,0,1,0,0,0
1993,415000,0.89013179,-0.07048929,-0.82101021,0.20268050,-0.10681330,-0.07921553,0,1,0,0,0
1994,415208,0.86119839,-0.00384976,-0.85511774,0.20190400,-0.10737845,-0.10261628,0,1,0,0,0
1995,415416,0.82527081,0.05420690,-0.88867629,0.18649075,-0.08566797,-0.09148883,0,1,0,0,0
1996,415625,0.78063678,0.11356944,-0.92966913,0.21482195,-0.07071028,-0.12283680,0,1,0,0,0
1997,415833,0.75693814,0.18751323,-0.94230362,0.20282762,-0.05887819,-0.13593968,0,1,0,0,0
1998,416041,0.70247128,0.25151812,-0.96077704,0.19885165,-0.06445213,-0.13996311,0,1,0,0,0
1999,416250,0.64869042,0.31326319,-0.97643575,0.18419108,-0.03601612,-0.13963835,0,1,0,0,0
2000,416458,0.60309384,0.37813549,-0.99130315,0.19966006,-0.03228653,-0.15056120,0,1,0,0,0
2001,416666,0.54763758,0.44447235,-0.98750037,0.19107628,-0.01332449,-0.16806114,0,1,0,0,0
2002,416875,0.49193504,0.49906986,-0.99068128,0.19241723,0.00305630,-0.17421275,0,1,0,0,0
2003,417083,0.43937545,0.54452166,-0.99173399,0.17325369,-0.00553987,-0.18890468,0,1,0,0,0
2004,417291,0.38480692,0.59850067,-0.97180121,0.17458485,0.03304374,-0.18890244,0,1,0,0,0
2005,417500,0.31876142,0.65414136,-0.97510236,0.16134690,0.01945818,-0.18156542,0,1,0,0,0
2006,417708,0.25642478,0.69767490,-0.95352507,0.13987888,0.04001004,-0.20281141,0,1,0,0,0
2007,417916,0.19776484,0.74897321,-0.94327454,0.13198153,0.05738667,-0.20148812,0,1,0,0,0
2008,418125,0.12381330,0.79481357,-0.91839653,0.10962833,0.05655218,-0.21127916,0,1,0,0,0
2009,418333,0.06061422,0.81944836,-0.89218191,0.10675774,0.06930695,-0.21382945,0,1,0,0,0
2010,418541,-0.00870986,0.86180270,-0.85559459,0.11611920,0.09452225,-0.21645487,0,1,0,0,0
2011,418750,-0.06504651,0.89165376,-0.83083395,0.08693059,0.09961151,-0.20825721,0,1,0,0,0
2012,418958,-0.13267435,0.91876875,-0.78980439,0.07518183,0.12500655,-0.19118917,0,1,0,0,0
2013,419166,-0.18808054,0.94016253,-0.74593488,0.08226485,0.12585850,-0.20654543,0,1,0,0,0
2014,419375,-0.25574012,0.94400564,-0.70018025,0.05765673,0.13263836,-0.20141985,0,1,0,0,0
2015,419583,-0.31709619,0.97771254,-0.65768984,0.04425236,0.13928417,-0.19381153,0,1,0,0,0
2016,419791,-0.37807623,0.98427160,-0.61193148,0.03222807,0.15744295,-0.18586903,0,1,0,0,0
2017,420000,-0.43766254,1.00116806,-0.55093675,0.01955893,0.16388220,-0.18881984,0,1,0,0,0
2018,420208,-0.49241220,0.99298931,-0.49255817,0.01237968,0.16168879,-0.16041661,0,1,0,0,0
2019,420416,-0.54819548,0.98304748,-0.44748604,-0.02502135,0.17848925,-0.15530401,0,1,0,0,0
2020,420625,-0.60909166,0.98242705,-0.37932462,-0.02990112,0.19427885,-0.15065738,0,1,0,0,0
2021,420833,-0.65140496,0.97633227,-0.32536354,-0.03684514,0.19238532,-0.13496973,0,1,0,0,0
2022,421041,-0.71171461,0.96267119,-0.26364683,-0.05215627,0.17832240,-0.14677217,0,1,0,0,0
2023,421250,-0.74971410,0.94509657,-0.20555386,-0.07401433,0.20008230,-0.15047746,0,1,0,0,0
2024,421458,-0.79706481,0.91502189,-0.12656905,-0.07687804,0.19666081,-0.14687032,0,1,0,0,0
2025,421666,-0.82877712,0.89506083,-0.07010302,-0.08692295,0.17137973,-0.10764426,0,1,0,0,0
2026,421875,-0.86278400,0.86454992,-0.00280271,-0.10382942,0.20961186,-0.09496661,0,1,0,0,0
2027,422083,-0.88986686,0.83672767,0.06064557,-0.10780233,0.22622123,-0.08920387,0,1,0,0,0
2028,422291,-0.91368930,0.79146745,0.12650672,-0.10281375,0.18918293,-0.08566243,0,1,0,0,0
2029,422500,-0.94548012,0.75934306,0.19270558,-0.11073905,0.19585121,-0.07939959,0,1,0,0,0
2030,422708,-0.95621806,0.70397360,0.25739819,-0.13832670,0.18549813,-0.03489260,0,1,0,0,0
2031,422916,-0.97338447,0.65150249,0.31875199,-0.14247526,0.20494183,-0.02999681,0,1,0,0,0
2032,423125,-0.98488717,0.61246424,0.38227736,-0.14656263,0.18234033,-0.02498182,0,1,0,0,0
2033,423333,-0.99129758,0.56215819,0.43317175,-0.16176056,0.17222362,0.00824343,0,1,0,0,0
2034,423541,-1.00169635,0.50030244,0.49431764,-0.15333188,0.17110167,-0.00730196,0,1,0,0,0
2035,423750,-0.99473232,0.43610156,0.55290498,-0.17502482,0.16268867,0.00476622,0,1,0,0,0
2036,423958,-0.98551162,0.38576679,0.60463199,-0.18211664,0.17372775,0.01129257,0,1,0,0,0
2037,424166,-0.96842950,0.32103872,0.65740795,-0.18609329,0.17183705,0.03919141,0,1,0,0,0
2038,424375,-0.95952193,0.25600827,0.70717649,-0.18504090,0.14588298,0.05875951,0,1,0,0,0
2039,424583,-0.94514915,0.20252867,0.75168570,-0.19371018,0.12487426,0.07204788,0,1,0,0,0
2040,424791,-0.91687661,0.13449252,0.78795098,-0.18894954,0.12205062,0.06139774,0,1,0,0,0
2041,425000,-0.89661232,0.06400345,0.82414667,-0.18985705,0.13447972,0.09593240,0,1,0,0,0
2042,425208,-0.85981431,0.00474811,0.84971588,-0.21548307,0.09900670,0.08704753,0,1,0,0,0
2043,425416,-0.82514616,-0.06415552,0.87795508,-0.17865295,0.08709883,0.10727434,0,1,0,0,0
2044,425625,-0.78966338,-0.12970635,0.92152335,-0.18760286,0.06843886,0.11706420,0,1,0,0,0
2045,425833,-0.74585603,-0.19697448,0.93022372,-0.19538041,0.06220332,0.11538599,0,1,0,0,0
2046,426041,-0.69714384,-0.26077343,0.96065605,-0.19171154,0.04858280,0.12142469,0,1,0,0,0
2047,426250,-0.65539662,-0.32436935,0.96530437,-0.19190697,0.04564052,0.13803636,0,1,0,0,0
2048,426458,-0.60218947,-0.37349709,0.98168749,-0.19407058,0.03178103,0.14730607,0,1,0,0,0
2049,426666,-0.54505221,-0.44101789,0.99383861,-0.18093774,0.00879806,0.14967142,0,1,0,0,0
2050,426875,-0.48071142,-0.49051133,0.98934650,-0.16516391,0.02192269,0.15466948,0,1,0,0,0
2051,427083,-0.43462188,-0.54552184,0.99070481,-0.16633970,-0.00470209,0.18835849,0,1,0,0,0
2052,427291,-0.37989302,-0.61172324,0.97208756,-0.15265678,-0.00037292,0.19496331,0,1,0,0,0
2053,427500,-0.31898173,-0.66030779,0.97200679,-0.13610526,-0.02325861,0.18755649,0,1,0,0,0
2054,427708,-0.24294743,-0.69891696,0.96962642,-0.12501288,-0.03566122,0.19230679,0,1,0,0,0
2055,427916,-0.18985966,-0.74412718,0.93962402,-0.14276105,-0.05490706,0.19372440,0,1,0,0,0
2056,428125,-0.13078300,-0.78988339,0.91225755,-0.13364137,-0.05863133,0.20098823,0,1,0,0,0
2057,428333,-0.05584198,-0.82351782,0.88638526,-0.09061214,-0.07576363,0.20192604,0,1,0,0,0
2058,428541,0.00485124,-0.85428006,0.84697550,-0.10130390,-0.10827708,0.20897005,0,1,0,0,0
2059,428750,0.07533360,-0.88680011,0.83013604,-0.05909733,-0.10040529,0.21065874,0,1,0,0,0
2060,428958,0.13210122,-0.92147355,0.79315596,-0.08585993,-0.12738213,0.20486914,0,1,0,0,0
2061,429166,0.19879361,-0.93801885,0.74379811,-0.06437149,-0.11890277,0.21284396,0,1,0,0,0
2062,429375,0.26024760,-0.96315752,0.69772401,-0.04709471,-0.14128666,0.19585334,0,1,0,0,0
2063,429583,0.32818535,-0.96987279,0.64907344,-0.03975768,-0.13891460,0.17724631,0,1,0,0,0
2064,429791,0.39004489,-0.98216133,0.59782040,-0.04309687,-0.13099674,0.17946380,0,1,0,0,0
2065,430000,0.44894111,-0.98978205,0.54444757,-0.01634774,-0.15674510,0.16625679,0,1,0,0,0
2066,430208,0.50698073,-0.99179392,0.49828044,-0.00138140,-0.14912899,0.15897753,0,1,0,0,0
2067,430416,0.56020738,-0.99069870,0.43288384,0.02382546,-0.18275300,0.17070612,0,1,0,0,0
2068,430625,0.60243853,-0.98613812,0.37869508,0.02655320,-0.19074991,0.15243842,0,1,0,0,0
2069,430833,0.65806923,-0.97299373,0.32577888,0.04999141,-0.18059157,0.15039372,0,1,0,0,0
2070,431041,0.70966054,-0.95384250,0.25621132,0.05164756,-0.18396956,0.13298257,0,1,0,0,0
2071,431250,0.75214620,-0.93718077,0.18655520,0.05517183,-0.19761909,0.12591443,0,1,0,0,0
2072,431458,0.79432270,-0.91510495,0.12682737,0.07906724,-0.18967244,0.12748658,0,1,0,0,0
2073,431666,0.84553387,-0.89497742,0.06524497,0.06807985,-0.22097143,0.10777331,0,1,0,0,0
2074,431875,0.88503715,-0.85644996,-0.00644835,0.10012311,-0.19241043,0.10088801,0,1,0,0,0
2075,432083,0.89668903,-0.82548562,-0.07623719,0.10535411,-0.20269813,0.08708924,0,1,0,0,0
2076,432291,0.93345093,-0.79143749,-0.13475799,0.10994944,-0.19764992,0.07929723,0,1,0,0,0
2077,432500,0.94763373,-0.74127704,-0.20679408,0.12799365,-0.18718364,0.06950233,0,1,0,0,0
2078,432708,0.97453509,-0.69599950,-0.26355130,0.12813459,-0.19064534,0.06188232,0,1,0,0,0
2079,432916,0.98851659,-0.65854659,-0.32190757,0.13628721,-0.16592339,0.02865915,0,1,0,0,0
2080,433125,0.99476873,-0.60669128,-0.38614030,0.15653812,-0.18436358,0.03043041,0,1,0,0,0
2081,433333,0.99825863,-0.55079869,-0.44940592,0.17213787,-0.16159793,0.01009100,0,1,0,0,0
2082,433541,1.00720875,-0.49784521,-0.49740844,0.17774912,-0.17855795,-0.00489754,0,1,0,0,0
2083,433750,0.99154646,-0.43711562,-0.55805069,0.15262994,-0.17958389,-0.01987216,0,1,0,0,0
2084,433958,0.99846790,-0.37574601,-0.62312931,0.18127208,-0.16220504,-0.02427976,0,1,0,0,0
2085,434166,0.97155063,-0.31779653,-0.65941880,0.17670095,-0.16313139,-0.02366321,0,1,0,0,0
2086,434375,0.97184033,-0.24940505,-0.70444150,0.18219306,-0.11791835,-0.04367260,0,1,0,0,0
2087,434583,0.95553591,-0.18292476,-0.75134966,0.20449765,-0.13165442,-0.05212463,0,1,0,0,0
2088,434791,0.92174162,-0.12497741,-0.79078436,0.19131025,-0.12677098,-0.08718244,0,1,0,0,0
2089,435000,0.90173467,-0.05069779,-0.83741491,0.20367057,-0.09366340,-0.07861671,0,1,0,0,0
2090,435208,0.86080344,-0.00095555,-0.86764512,0.18628738,-0.09802209,-0.08061207,0,1,0,0,0
2091,435416,0.82830471,0.07324476,-0.89517966,0.19665212,-0.06313915,-0.09297269,0,1,0,0,0
2092,435625,0.79280305,0.13296976,-0.92258999,0.20228096,-0.07950167,-0.10453020,0,1,0,0,0
2093,435833,0.74528816,0.19690800,-0.94933922,0.19320593,-0.04362447,-0.12286089,0,1,0,0,0
2094,436041,0.69235834,0.26488604,-0.96746973,0.19966330,-0.06371181,-0.12124449,0,1,0,0,0
2095,436250,0.65542899,0.32302088,-0.97990027,0.18169748,-0.02057467,-0.15437596,0,1,0,0,0
2096,436458,0.59283985,0.38651859,-0.98461584,0.17535875,-0.01447296,-0.15263613,0,1,0,0,0
2097,436666,0.54955628,0.45073271,-0.99364006,0.18861932,0.00165932,-0.15902676,0,1,0,0,0
2098,436875,0.50040811,0.49555080,-0.99455174,0.17202722,-0.00159836,-0.15853273,0,1,0,0,0
2099,437083,0.43773435,0.55499645,-0.99493725,0.15394351,0.00541032,-0.15300406,0,1,0,0,0
2100,437291,0.38745910,0.60639584,-0.99468845,0.15272263,0.01722774,-0.19337181,0,1,0,0,0
2101,437500,0.32329773,0.65753961,-0.97278180,0.16232869,0.05722325,-0.19691331,0,1,0,0,0
2102,437708,0.25119199,0.70187890,-0.95816172,0.14077945,0.04072427,-0.18216217,0,1,0,0,0
2103,437916,0.18977480,0.74790630,-0.94209615,0.12907326,0.06913891,-0.20235126,0,1,0,0,0
2104,438125,0.12833084,0.79155499,-0.92688991,0.12134062,0.07756534,-0.19639397,0,1,0,0,0
2105,438333,0.06259838,0.83449420,-0.89147672,0.10338465,0.07982025,-0.20842593,0,1,0,0,0
2106,438541,-0.00491683,0.87284822,-0.86659876,0.09111712,0.08316924,-0.19041956,0,1,0,0,0
2107,438750,-0.07477824,0.89319336,-0.82139200,0.08693136,0.11188589,-0.20421425,0,1,0,0,0
2108,438958,-0.13005622,0.91350947,-0.78704554,0.05107145,0.12800794,-0.19392557,0,1,0,0,0
2109,439166,-0.20834208,0.94572340,-0.75145897,0.06952409,0.13520624,-0.18219522,0,1,0,0,0
2110,439375,-0.27319901,0.96654236,-0.70309642,0.03760524,0.13641819,-0.18623317,0,1,0,0,0
2111,439583,-0.32553394,0.98117644,-0.65722815,0.05330820,0.13169702,-0.19046253,0,1,0,0,0
2112,439791,-0.39050817,0.98574119,-0.59942425,0.02334701,0.14594825,-0.18597205,0,1,0,0,0
2113,440000,-0.45913458,0.98591778,-0.55670950,0.01192736,0.15911652,-0.15875244,0,1,0,0,0
2114,440208,-0.50137943,0.99674510,-0.50082721,0.00497162,0.16871685,-0.15940408,0,1,0,0,0
2115,440416,-0.56824290,0.99279001,-0.43655973,-0.03174998,0.18911881,-0.15543969,0,1,0,0,0
2116,440625,-0.62294529,0.98371575,-0.38506559,-0.02736645,0.19414402,-0.15300243,0,1,0,0,0
2117,440833,-0.66160844,0.97940503,-0.32773761,-0.05307145,0.19524344,-0.15312168,0,1,0,0,0
2118,441041,-0.71250123,0.96486831,-0.25695920,-0.04977239,0.17789387,-0.14932142,0,1,0,0,0
2119,441250,-0.75387854,0.94369243,-0.18391871,-0.06865406,0.19742044,-0.12102466,0,1,0,0,0
2120,441458,-0.80017562,0.91353443,-0.12614559,-0.07606618,0.20222004,-0.11631203,0,1,0,0,0
2121,441666,-0.83216408,0.89021740,-0.05976001,-0.10791739,0.19474193,-0.12221434,0,1,0,0,0
2122,441875,-0.87113617,0.86726431,0.00816883,-0.10975532,0.20913217,-0.10945499,0,1,0,0,0
2123,442083,-0.89994724,0.83014881,0.06537737,-0.11497599,0.19488510,-0.08881669,0,1,0,0,0
2124,442291,-0.92692531,0.79868528,0.13353248,-0.10970347,0.19528974,-0.05728557,0,1,0,0,0
2125,442500,-0.95330099,0.74799614,0.19885487,-0.11320876,0.19902219,-0.05212989,0,1,0,0,0
2126,442708,-0.97357723,0.70732449,0.26628053,-0.15312727,0.17033810,-0.05229664,0,1,0,0,0
2127,442916,-0.98911093,0.65076082,0.32355374,-0.15548669,0.19294691,-0.03832506,0,1,0,0,0
2128,443125,-0.99950277,0.60227709,0.39294678,-0.15378622,0.18022247,-0.02276075,0,1,0,0,0
2129,443333,-1.00932223,0.55077581,0.44770137,-0.16170833,0.16763887,0.00377830,0,1,0,0,0
2130,443541,-0.99984001,0.50021974,0.50534924,-0.17087435,0.16998521,0.01820084,0,1,0,0,0
2131,443750,-1.00600736,0.43958499,0.56578190,-0.19418457,0.18027110,0.03899535,0,1,0,0,0
2132,443958,-1.00240546,0.37148602,0.61531672,-0.17642752,0.13072311,0.00278711,0,1,0,0,0
2133,444166,-0.99068163,0.30939436,0.67235885,-0.19469158,0.14709693,0.04941457,0,1,0,0,0
2134,444375,-0.97886615,0.25497472,0.71130457,-0.19424399,0.14004533,0.05716636,0,1,0,0,0
2135,444583,-0.95656707,0.19277447,0.75611904,-0.18979026,0.13204288,0.07225586,0,1,0,0,0
2136,444791,-0.93173759,0.11803620,0.80474239,-0.21076409,0.12634300,0.07163583,0,1,0,0,0
2137,445000,-0.90486126,0.05323052,0.83270659,-0.18911555,0.10923077,0.09009054,0,1,0,0,0
2138,445208,-0.87213552,-0.00617776,0.86778923,-0.20816855,0.08809275,0.08731806,0,1,0,0,0
2139,445416,-0.83249175,-0.07701251,0.89100056,-0.19698024,0.08773226,0.11738884,0,1,0,0,0
2140,445625,-0.79749736,-0.13187044,0.92641963,-0.19440468,0.07156269,0.11696738,0,1,0,0,0
2141,445833,-0.75639837,-0.19592695,0.94369483,-0.19745569,0.06383597,0.13715896,0,1,0,0,0
2142,446041,-0.70713214,-0.25876670,0.97802632,-0.19491599,0.02820613,0.13004841,0,1,0,0,0
2143,446250,-0.66711894,-0.32890906,0.98514868,-0.19113699,0.02777806,0.14028335,0,1,0,0,0
2144,446458,-0.61423960,-0.39366518,1.00478278,-0.19047284,0.00647797,0.15554939,0,1,0,0,0
2145,446666,-0.56159688,-0.45471297,1.00417836,-0.18555585,0.01665348,0.16806285,0,1,0,0,0
2146,446875,-0.51543440,-0.50120426,0.99574253,-0.17605569,-0.01165062,0.15299653,0,1,0,0,0
2147,447083,-0.44329912,-0.55770858,0.99496375,-0.16088840,-0.01922848,0.16156898,0,1,0,0,0
2148,447291,-0.39059355,-0.61993414,0.98850174,-0.19088088,-0.04721026,0.18459312,0,1,0,0,0
2149,447500,-0.32129918,-0.66520199,0.98775500,-0.13591004,-0.04007294,0.18515822,0,1,0,0,0
2150,447708,-0.26146845,-0.71939369,0.97407159,-0.13020999,-0.05668042,0.17805324,0,1,0,0,0
2151,447916,-0.19875617,-0.75286121,0.95507416,-0.14091786,-0.06399293,0.20693643,0,1,0,0,0
2152,448125,-0.13281639,-0.80245508,0.91717119,-0.12313601,-0.08982250,0.22827310,0,1,0,0,0
2153,448333,-0.06405560,-0.83916270,0.89492181,-0.10001884,-0.09337097,0.20041306,0,1,0,0,0
2154,448541,0.00274064,-0.86929809,0.87869910,-0.07366817,-0.09768767,0.20373709,0,1,0,0,0
2155,448750,0.06242892,-0.90565355,0.82854679,-0.07270314,-0.12979658,0.20277325,0,1,0,0,0
2156,448958,0.13447770,-0.92975711,0.79415824,-0.07429732,-0.10583121,0.17930709,0,1,0,0,0
2157,449166,0.20080790,-0.94876061,0.75297702,-0.07548995,-0.11949948,0.18001440,0,1,0,0,0
2158,449375,0.26206397,-0.96908857,0.69889370,-0.04754634,-0.13866807,0.19299388,0,1,0,0,0
2159,449583,0.32203178,-0.98640275,0.66184830,-0.05002277,-0.14937331,0.19142419,0,1,0,0,0
2160,449791,0.38370186,-0.99116455,0.61370882,-0.03739424,-0.15226451,0.18700404,0,1,0,0,0
