1,0,-0.58991881,0.99774498,-0.40988844,-0.02906873,0.19081791,-0.19061666,0,0,0,0,0
2,208,-0.63995727,0.98246797,-0.34479827,-0.02462140,0.18282484,-0.15226002,0,0,0,0,0
3,416,-0.68363844,0.97437532,-0.28707043,-0.03943613,0.19030779,-0.14690382,0,0,0,0,0
4,625,-0.74146239,0.94966476,-0.22647675,-0.06619854,0.20454633,-0.13673036,0,0,0,0,0
5,833,-0.77417545,0.93514766,-0.15213308,-0.06464991,0.19776301,-0.12898680,0,0,0,0,0
6,1041,-0.82305779,0.91985287,-0.09592435,-0.08314193,0.19943168,-0.11905027,0,0,0,0,0
7,1250,-0.84285351,0.89209125,-0.02957300,-0.10316288,0.18901154,-0.12399563,0,0,0,0,0
8,1458,-0.88547476,0.84055616,0.03445086,-0.10606923,0.20400636,-0.09013650,0,0,0,0,0
9,1666,-0.92554341,0.80502526,0.10243427,-0.12122127,0.20885144,-0.07607801,0,0,0,0,0
10,1875,-0.92744437,0.77584001,0.16879488,-0.13642998,0.20001703,-0.06401195,0,0,0,0,0
11,2083,-0.95079105,0.72736947,0.22868450,-0.13984788,0.20344833,-0.05815022,0,0,0,0,0
12,2291,-0.97582384,0.68440352,0.29649267,-0.15452025,0.19421897,-0.02286392,0,0,0,0,0
13,2500,-0.99008980,0.63273696,0.35377224,-0.16582468,0.17941597,-0.01982204,0,0,0,0,0
14,2708,-0.99848266,0.57512259,0.41738765,-0.18047672,0.16868720,-0.01559630,0,0,0,0,0
15,2916,-1.00216250,0.53066247,0.48142926,-0.17112515,0.19116000,-0.01591509,0,0,0,0,0
16,3125,-0.99508458,0.45821296,0.52891857,-0.18682642,0.19230695,0.00368417,0,0,0,0,0
17,3333,-0.98967771,0.40532205,0.58688774,-0.18106275,0.17731445,0.01987394,0,0,0,0,0
18,3541,-0.99689703,0.34490786,0.64333693,-0.18940673,0.14572861,0.04622185,0,0,0,0,0
19,3750,-0.97448037,0.27866677,0.68223223,-0.19217861,0.15111306,0.04559951,0,0,0,0,0
20,3958,-0.95544527,0.21800214,0.72439586,-0.18657307,0.12510142,0.05282617,0,0,0,0,0
21,4166,-0.94209253,0.15705883,0.77459078,-0.19821463,0.11125195,0.07421865,0,0,0,0,0
22,4375,-0.90681883,0.09250193,0.81639955,-0.20463504,0.12034516,0.08598707,0,0,0,0,0
23,4583,-0.89286623,0.03059474,0.85309874,-0.19800643,0.08849560,0.09077157,0,0,0,0,0
24,4791,-0.85250178,-0.02825273,0.88168943,-0.19346631,0.08183669,0.10896726,0,0,0,0,0
25,5000,-0.80873591,-0.10190886,0.91150619,-0.19113687,0.07044030,0.11837665,0,0,0,0,0
26,5208,-0.77350603,-0.16759748,0.93409313,-0.19961004,0.05559088,0.13032260,0,0,0,0,0
27,5416,-0.73407672,-0.23093837,0.95931763,-0.16811814,0.06636151,0.13189138,0,0,0,0,0
28,5625,-0.68026266,-0.29953874,0.97432918,-0.19942908,0.05407787,0.13322977,0,0,0,0,0
29,5833,-0.63827835,-0.35094916,0.98233816,-0.18683319,0.01343578,0.14734480,0,0,0,0,0
30,6041,-0.57545667,-0.41691262,1.00204963,-0.17846140,0.02191096,0.16639926,0,0,0,0,0
31,6250,-0.53151218,-0.46515690,1.00270118,-0.16381079,0.00434467,0.18097069,0,0,0,0,0
32,6458,-0.46217640,-0.53304426,0.99436844,-0.15776536,-0.01311550,0.18315141,0,0,0,0,0
33,6666,-0.40404964,-0.58296657,0.99086124,-0.13808725,-0.02161286,0.18017642,0,0,0,0,0
34,6875,-0.33788036,-0.63008886,0.98414436,-0.13767453,-0.02784850,0.19570538,0,0,0,0,0
35,7083,-0.28878233,-0.68443264,0.98751953,-0.13821295,-0.04094208,0.18474990,0,0,0,0,0
36,7291,-0.22155608,-0.72947314,0.94661513,-0.11802404,-0.04788114,0.20711742,0,0,0,0,0
37,7500,-0.16472988,-0.77114793,0.94895470,-0.12124372,-0.05907102,0.21508048,0,0,0,0,0
38,7708,-0.08610968,-0.81791826,0.90982924,-0.12300193,-0.09230664,0.21026168,0,0,0,0,0
39,7916,-0.02882916,-0.84126555,0.87810113,-0.08661200,-0.09080316,0.19096646,0,0,0,0,0
40,8125,0.04502620,-0.89250805,0.85583771,-0.09426420,-0.10333064,0.19171289,0,0,0,0,0
41,8333,0.10871154,-0.91338664,0.81134540,-0.09468987,-0.10391126,0.21071196,0,0,0,0,0
42,8541,0.16726249,-0.93840220,0.78192721,-0.05623023,-0.14636451,0.20450252,0,0,0,0,0
43,8750,0.23237530,-0.95350236,0.72843414,-0.05896884,-0.11649020,0.18947738,0,0,0,0,0
44,8958,0.29511386,-0.97680201,0.68377767,-0.04713524,-0.14442482,0.18789352,0,0,0,0,0
45,9166,0.35730405,-0.99491715,0.63204791,-0.05595159,-0.15032363,0.19604518,0,0,0,0,0
46,9375,0.41778072,-0.99632879,0.58711686,-0.01396150,-0.18111346,0.17733934,0,0,0,0,0
47,9583,0.47090651,-0.99842002,0.52038622,-0.02865824,-0.17334836,0.18580536,0,0,0,0,0
48,9791,0.53371228,-1.00389407,0.46450983,0.01715098,-0.18790229,0.18953198,0,0,0,0,0
49,10000,0.58880815,-1.00021248,0.40646577,0.00810018,-0.17272320,0.17070394,0,0,0,0,0
50,10208,0.63103996,-0.98756439,0.34564363,0.01711972,-0.19279748,0.17896120,0,0,0,0,0
51,10416,0.69509325,-0.98032177,0.29220923,0.05940558,-0.19350478,0.15740405,0,0,0,0,0
52,10625,0.72256965,-0.95481365,0.22386304,0.03936356,-0.20253039,0.14156183,0,0,0,0,0
53,10833,0.77791879,-0.93678060,0.15535750,0.07768109,-0.20838380,0.13789668,0,0,0,0,0
54,11041,0.81218238,-0.91271508,0.09065278,0.07916197,-0.19342322,0.12708961,0,0,0,0,0
55,11250,0.84577069,-0.87531902,0.02146030,0.11410991,-0.21213451,0.09525062,0,0,0,0,0
56,11458,0.88124957,-0.84404171,-0.03842479,0.10586346,-0.20156447,0.08757634,0,0,0,0,0
57,11666,0.90755582,-0.81704950,-0.09920681,0.12427290,-0.20903047,0.06556677,0,0,0,0,0
58,11875,0.94071382,-0.77258334,-0.17025432,0.11459971,-0.19910924,0.04534916,0,0,0,0,0
59,12083,0.94554403,-0.72876979,-0.23586165,0.14405617,-0.19292791,0.04665254,0,0,0,0,0
60,12291,0.96705263,-0.67601344,-0.28936917,0.16616248,-0.19765508,0.03923292,0,0,0,0,0
61,12500,0.98464797,-0.63104330,-0.35097362,0.18055984,-0.18503811,0.01952367,0,0,0,0,0
62,12708,0.98695475,-0.57785888,-0.42144275,0.18253188,-0.17972213,0.01329980,0,0,0,0,0
63,12916,0.99618966,-0.52370674,-0.47835009,0.19267750,-0.17831280,-0.00431685,0,0,0,0,0
64,13125,0.99967008,-0.46332918,-0.52419687,0.18263098,-0.17133943,-0.02103051,0,0,0,0,0
65,13333,0.98767042,-0.41485647,-0.58864147,0.18503140,-0.17191786,-0.02015553,0,0,0,0,0
66,13541,0.97964385,-0.33971580,-0.63344304,0.18519959,-0.16040521,-0.04482625,0,0,0,0,0
67,13750,0.96575051,-0.28255200,-0.69083250,0.18219415,-0.13958728,-0.04676197,0,0,0,0,0
68,13958,0.95036114,-0.22632465,-0.73320602,0.20186167,-0.13856637,-0.06607601,0,0,0,0,0
69,14166,0.93930345,-0.16314311,-0.76120740,0.20326675,-0.12390657,-0.07414328,0,0,0,0,0
70,14375,0.90974298,-0.09094232,-0.82164792,0.20187298,-0.10072712,-0.08689004,0,0,0,0,0
71,14583,0.87773383,-0.02783772,-0.85495260,0.20771091,-0.08635237,-0.07462174,0,0,0,0,0
72,14791,0.84148163,0.03671102,-0.88871533,0.18772901,-0.11273527,-0.10002035,0,0,0,0,0
73,15000,0.80915362,0.10333008,-0.90861685,0.19619146,-0.07424909,-0.11914301,0,0,0,0,0
74,15208,0.76967623,0.17063345,-0.94628318,0.20568030,-0.05426409,-0.12743301,0,0,0,0,0
75,15416,0.71861837,0.22655072,-0.94838241,0.17918605,-0.05529245,-0.12436475,0,0,0,0,0
76,15625,0.68287051,0.28234298,-0.97460291,0.18201840,-0.03387258,-0.13999569,0,0,0,0,0
77,15833,0.62714633,0.35439624,-0.99112323,0.19275700,-0.02357953,-0.14389938,0,0,0,0,0
78,16041,0.57515644,0.41444726,-0.98934038,0.16904850,-0.01829805,-0.15403746,0,0,0,0,0
79,16250,0.52375112,0.47349893,-1.00027360,0.17065919,-0.01097349,-0.15707626,0,0,0,0,0
80,16458,0.47005774,0.52641854,-0.99231790,0.14985797,-0.00536228,-0.18968429,0,0,0,0,0
81,16666,0.39997325,0.58423593,-0.99416319,0.14799621,0.00244879,-0.18109592,0,0,0,0,0
82,16875,0.34367564,0.64247376,-0.98853015,0.17252926,0.03134958,-0.20178705,0,0,0,0,0
83,17083,0.28185415,0.68270660,-0.97114721,0.12983110,0.02629687,-0.17294871,0,0,0,0,0
84,17291,0.21432894,0.72903684,-0.95331236,0.13461459,0.06053038,-0.19744434,0,0,0,0,0
85,17500,0.16228649,0.77540390,-0.93545516,0.12478228,0.07506868,-0.18570426,0,0,0,0,0
86,17708,0.09592103,0.81992093,-0.91514301,0.10626949,0.08643097,-0.19353856,0,0,0,0,0
87,17916,0.02508482,0.84703497,-0.87235810,0.10835316,0.08368885,-0.20771406,0,0,0,0,0
88,18125,-0.04002627,0.88496204,-0.84988276,0.07059117,0.11187398,-0.18777486,0,0,0,0,0
89,18333,-0.09652412,0.90705297,-0.81586711,0.10384479,0.08555556,-0.20258540,0,0,0,0,0
90,18541,-0.17362628,0.94365687,-0.76747436,0.06908971,0.11741677,-0.18780925,0,0,0,0,0
91,18750,-0.23841904,0.95301842,-0.72561702,0.05328401,0.11456748,-0.20412857,0,0,0,0,0
92,18958,-0.29340023,0.97084281,-0.67856691,0.04443951,0.14713662,-0.18965443,0,0,0,0,0
93,19166,-0.36308332,0.98460558,-0.63443938,0.02739514,0.14660751,-0.19206120,0,0,0,0,0
94,19375,-0.41752322,0.99582252,-0.58521677,0.02638033,0.15202987,-0.18451952,0,0,0,0,0
95,19583,-0.48074567,0.99316758,-0.52109683,0.01928233,0.15310832,-0.18951320,0,0,0,0,0
96,19791,-0.53592953,1.00666371,-0.46792212,-0.00613366,0.17910427,-0.19120884,0,0,0,0,0
97,20000,-0.58822964,0.99534105,-0.40651233,-0.01817042,0.18115676,-0.18215242,0,0,0,0,0
98,20208,-0.64731720,0.98492473,-0.33790915,-0.01493329,0.17986503,-0.14724874,0,0,0,0,0
99,20416,-0.68075867,0.97456850,-0.27653760,-0.04813033,0.19689521,-0.16204581,0,0,0,0,0
100,20625,-0.73230067,0.95987838,-0.22572359,-0.05237860,0.18867905,-0.14495746,0,0,0,0,0
101,20833,-0.77938447,0.93166357,-0.14916831,-0.09141020,0.20367664,-0.13265207,0,0,0,0,0
102,21041,-0.82166184,0.91627915,-0.08589029,-0.08108456,0.18590892,-0.10675250,0,0,0,0,0
103,21250,-0.86136316,0.88035845,-0.02754590,-0.09944568,0.21823750,-0.08761693,0,0,0,0,0
104,21458,-0.87890272,0.84307828,0.04439549,-0.11087961,0.22079780,-0.07445995,0,0,0,0,0
105,21666,-0.91164039,0.80342365,0.10029353,-0.13798938,0.19749932,-0.08914767,0,0,0,0,0
106,21875,-0.94726161,0.76803982,0.16773989,-0.12942507,0.21657906,-0.07558422,0,0,0,0,0
107,22083,-0.95398995,0.71934580,0.23615109,-0.14028838,0.19545857,-0.05771063,0,0,0,0,0
108,22291,-0.97142586,0.67373775,0.29085806,-0.14551377,0.20264071,-0.02747839,0,0,0,0,0
109,22500,-0.97554642,0.62630387,0.35034509,-0.14626749,0.17357490,-0.01760349,0,0,0,0,0
110,22708,-0.98066948,0.58571530,0.41860644,-0.18208640,0.18163464,0.00179692,0,0,0,0,0
111,22916,-0.99567128,0.53001117,0.47261311,-0.17330168,0.18925933,-0.01065884,0,0,0,0,0
112,23125,-0.98943608,0.46652700,0.53397882,-0.18750568,0.19101823,0.00438493,0,0,0,0,0
113,23333,-0.99098829,0.40348393,0.58407794,-0.16751646,0.16238141,0.02704978,0,0,0,0,0
114,23541,-0.98483576,0.34987531,0.62685491,-0.19196272,0.14029515,0.02728377,0,0,0,0,0
115,23750,-0.97789967,0.28497101,0.68428365,-0.18131951,0.14531853,0.05603720,0,0,0,0,0
116,23958,-0.95326114,0.22178611,0.73724263,-0.20363913,0.11655675,0.04165892,0,0,0,0,0
117,24166,-0.93543750,0.15719746,0.77471692,-0.20062140,0.10911359,0.08874041,0,0,0,0,0
118,24375,-0.91177119,0.09642864,0.81306892,-0.21608558,0.10255307,0.07761902,0,0,0,0,0
119,24583,-0.87944133,0.02397845,0.84562810,-0.19144816,0.09993344,0.07301143,0,0,0,0,0
120,24791,-0.85101325,-0.03746917,0.88735558,-0.21630790,0.07460181,0.12176445,0,0,0,0,0
121,25000,-0.82002089,-0.10041583,0.90373327,-0.19782851,0.06850952,0.10020937,0,0,0,0,0
122,25208,-0.77750309,-0.17141007,0.93532077,-0.18744465,0.06360621,0.13018075,0,0,0,0,0
123,25416,-0.73022976,-0.22286897,0.96568779,-0.19047101,0.05742988,0.12742523,0,0,0,0,0
124,25625,-0.68281017,-0.29666311,0.96943972,-0.20999459,0.02597894,0.12749346,0,0,0,0,0
125,25833,-0.63024361,-0.35529611,0.98960681,-0.18730821,0.02362110,0.14597029,0,0,0,0,0
126,26041,-0.58096413,-0.41364446,0.99361194,-0.16564946,0.01822097,0.17062375,0,0,0,0,0
127,26250,-0.52188252,-0.47348424,0.99209712,-0.16572959,0.00774731,0.17143260,0,0,0,0,0
128,26458,-0.46540391,-0.53497584,1.00415952,-0.16619418,-0.00309658,0.15907702,0,0,0,0,0
129,26666,-0.40465535,-0.58195512,0.98526050,-0.16594523,-0.01572555,0.18608115,0,0,0,0,0
130,26875,-0.35949918,-0.64183437,0.98645369,-0.14279095,-0.03265693,0.18310446,0,0,0,0,0
131,27083,-0.28425396,-0.68209028,0.98677432,-0.14277842,-0.03240370,0.20067323,0,0,0,0,0
132,27291,-0.21537219,-0.72265063,0.95693661,-0.13889284,-0.04721613,0.17795590,0,0,0,0,0
133,27500,-0.15672519,-0.77196509,0.92846457,-0.12324885,-0.05406576,0.17829082,0,0,0,0,0
134,27708,-0.09593506,-0.81682459,0.90800070,-0.10529638,-0.08421808,0.18369480,0,0,0,0,0
135,27916,-0.02354626,-0.84365075,0.88651143,-0.10986738,-0.10160814,0.21167373,0,0,0,0,0
136,28125,0.04522587,-0.88974708,0.84916236,-0.09464048,-0.10387725,0.20380027,0,0,0,0,0
137,28333,0.10725998,-0.91548810,0.80689676,-0.08804095,-0.11203115,0.22528988,0,0,0,0,0
138,28541,0.15681175,-0.93308739,0.77114340,-0.08735548,-0.12082749,0.19261060,0,0,0,0,0
139,28750,0.23593767,-0.95743110,0.72878656,-0.06794762,-0.15315754,0.18790470,0,0,0,0,0
140,28958,0.29692021,-0.97242100,0.68674161,-0.05288528,-0.15372951,0.17679861,0,0,0,0,0
141,29166,0.35410320,-0.99218222,0.62965600,-0.04008135,-0.16172059,0.20197522,0,0,0,0,0
142,29375,0.42497347,-1.00306127,0.58010306,-0.01742075,-0.15987100,0.19097291,0,0,0,0,0
143,29583,0.46933196,-1.00181925,0.51891061,-0.01237770,-0.18343372,0.18616935,0,0,0,0,0
144,29791,0.53567428,-1.00248203,0.46924451,-0.01049186,-0.17208179,0.17892354,0,0,0,0,0
145,30000,0.58989875,-0.99510623,0.40170400,0.02072219,-0.19606715,0.18504593,0,0,0,0,0
146,30208,0.63707556,-0.98256692,0.34479619,0.02330784,-0.19601869,0.15158442,0,0,0,0,0
147,30416,0.68949011,-0.97726784,0.27993987,0.03499640,-0.20360706,0.16442507,0,0,0,0,0
148,30625,0.74311811,-0.95813946,0.22385366,0.07522042,-0.19428530,0.14521105,0,0,0,0,0
149,30833,0.77599259,-0.93354291,0.15821323,0.07573058,-0.19198758,0.12342905,0,0,0,0,0
150,31041,0.81469491,-0.92043602,0.09310070,0.08382527,-0.18155286,0.11404946,0,0,0,0,0
151,31250,0.85001132,-0.87713550,0.03587264,0.09320852,-0.19977283,0.09588430,0,0,0,0,0
152,31458,0.87764808,-0.85732421,-0.03457290,0.11948799,-0.20617104,0.09611767,0,0,0,0,0
153,31666,0.91160909,-0.81642927,-0.09948291,0.13643562,-0.20932061,0.08867008,0,0,0,0,0
154,31875,0.92950330,-0.76300956,-0.16326841,0.14285866,-0.20178339,0.07078229,0,0,0,0,0
155,32083,0.95433905,-0.72533763,-0.23291303,0.15148527,-0.17965088,0.06123205,0,0,0,0,0
156,32291,0.97497472,-0.67695301,-0.29544593,0.15577895,-0.20728396,0.03420136,0,0,0,0,0
157,32500,0.98471866,-0.63561099,-0.35668970,0.14479605,-0.17789719,0.01395389,0,0,0,0,0
158,32708,0.98562936,-0.58139739,-0.42389064,0.16342766,-0.18212604,0.01163752,0,0,0,0,0
159,32916,0.99615117,-0.52531804,-0.48161355,0.18026112,-0.18908402,-0.01275824,0,0,0,0,0
160,33125,1.00077045,-0.46411269,-0.53024900,0.17593392,-0.17333987,-0.01060967,0,0,0,0,0
161,33333,0.98997763,-0.40330223,-0.57950697,0.17803186,-0.18137500,-0.01892682,0,0,0,0,0
162,33541,0.98808567,-0.34295905,-0.63856134,0.18766338,-0.14888339,-0.02997890,0,0,0,0,0
163,33750,0.96954065,-0.28280690,-0.69356856,0.18157150,-0.15399622,-0.06109208,0,0,0,0,0
164,33958,0.96359806,-0.21979818,-0.73723567,0.17775887,-0.13032475,-0.05641806,0,0,0,0,0
165,34166,0.93559071,-0.15647753,-0.78351302,0.19615492,-0.12054413,-0.08135260,0,0,0,0,0
166,34375,0.91580400,-0.09353465,-0.80568439,0.20405403,-0.10415417,-0.08735140,0,0,0,0,0
167,34583,0.88501251,-0.03405956,-0.85089518,0.20056682,-0.10078727,-0.08814818,0,0,0,0,0
168,34791,0.85802155,0.03569644,-0.88039120,0.21829917,-0.08101396,-0.10065673,0,0,0,0,0
169,35000,0.81805549,0.11099983,-0.90598084,0.20668270,-0.07753249,-0.13357156,0,0,0,0,0
170,35208,0.77386108,0.16528442,-0.93858281,0.20019820,-0.06569799,-0.12534166,0,0,0,0,0
171,35416,0.72765968,0.22849594,-0.95763066,0.20205131,-0.04703637,-0.13493911,0,0,0,0,0
172,35625,0.67644312,0.29139989,-0.97378313,0.16773523,-0.05469351,-0.14436160,0,0,0,0,0
173,35833,0.62594083,0.35170391,-0.98153786,0.16641073,-0.02723492,-0.15389940,0,0,0,0,0
174,36041,0.57579785,0.41285182,-0.99418182,0.18188540,-0.02521099,-0.14324428,0,0,0,0,0
175,36250,0.51812328,0.46844835,-0.99758057,0.18492792,-0.01239399,-0.19699749,0,0,0,0,0
176,36458,0.46483597,0.53000829,-1.00256309,0.14652142,-0.00887610,-0.17832388,0,0,0,0,0
177,36666,0.40546601,0.58713731,-0.99925675,0.13896181,0.00207779,-0.20261551,0,0,0,0,0
178,36875,0.35205530,0.63111651,-0.98391663,0.15447901,0.02477384,-0.19088150,0,0,0,0,0
179,37083,0.29023457,0.68904674,-0.97230430,0.13849844,0.04057138,-0.18136362,0,0,0,0,0
180,37291,0.21637380,0.73336082,-0.95986259,0.13135712,0.05618166,-0.16590271,0,0,0,0,0
181,37500,0.14954912,0.76859360,-0.93811025,0.11587697,0.06447325,-0.19154159,0,0,0,0,0
182,37708,0.09003503,0.81921299,-0.90994780,0.10305916,0.08148893,-0.19970885,0,0,0,0,0
183,37916,0.02920426,0.85259027,-0.88586711,0.09826957,0.08439668,-0.19303790,0,0,0,0,0
184,38125,-0.04795061,0.87883597,-0.85417980,0.09278457,0.09659601,-0.20760487,0,0,0,0,0
185,38333,-0.09262058,0.91135076,-0.82162576,0.07068351,0.12734399,-0.19431708,0,0,0,0,0
186,38541,-0.16638108,0.94257242,-0.76898223,0.06085060,0.13015255,-0.19580871,0,0,0,0,0
187,38750,-0.23359495,0.95927546,-0.73046515,0.06058291,0.12747896,-0.18496579,0,0,0,0,0
188,38958,-0.30163672,0.97294923,-0.68446263,0.07089353,0.14082650,-0.19456336,0,0,0,0,0
189,39166,-0.35338024,0.98922283,-0.63093720,0.03008527,0.14381258,-0.18694018,0,0,0,0,0
190,39375,-0.42061980,0.99347942,-0.57914929,0.03001323,0.17446311,-0.19066985,0,0,0,0,0
191,39583,-0.48439275,0.99930369,-0.52875090,0.01224180,0.16978635,-0.18133393,0,0,0,0,0
192,39791,-0.53525139,1.00019807,-0.46812830,-0.01070941,0.16334586,-0.17468675,0,0,0,0,0
193,40000,-0.58483497,1.00391341,-0.40437628,-0.01812868,0.18075872,-0.16343057,0,0,0,0,0
194,40208,-0.63722150,0.98326410,-0.34562142,-0.02938215,0.17391840,-0.15922249,0,0,0,0,0
195,40416,-0.68155241,0.97989575,-0.27882393,-0.04137559,0.18762719,-0.15318570,0,0,0,0,0
196,40625,-0.73620460,0.94324194,-0.21719313,-0.06316067,0.19398351,-0.14726870,0,0,0,0,0
197,40833,-0.77915301,0.93462025,-0.15405091,-0.06340903,0.19331254,-0.13057428,0,0,0,0,0
198,41041,-0.81638439,0.91164152,-0.09956888,-0.09116823,0.20203569,-0.12047149,0,0,0,0,0
199,41250,-0.85417171,0.88501010,-0.01871111,-0.10949683,0.20416371,-0.10303318,0,0,0,0,0
200,41458,-0.88121205,0.85038417,0.03890556,-0.09125771,0.20728528,-0.10092332,0,0,0,0,0
201,41666,-0.91512530,0.79754324,0.10627932,-0.12132200,0.20911255,-0.05926639,0,0,0,0,0
202,41875,-0.93982446,0.77729161,0.17522332,-0.14169283,0.21314731,-0.06800363,0,0,0,0,0
203,42083,-0.95557886,0.72258556,0.23259130,-0.12875672,0.20464946,-0.03211136,0,0,0,0,0
204,42291,-0.97055080,0.67651853,0.28461822,-0.16788184,0.18851948,-0.04600404,0,0,0,0,0
205,42500,-0.98975499,0.62326578,0.34589769,-0.15710856,0.20741445,-0.00421094,0,0,0,0,0
206,42708,-0.99356488,0.58130299,0.40784454,-0.18498391,0.20936114,-0.00270117,0,0,0,0,0
207,42916,-0.99155888,0.52571273,0.46862317,-0.19673027,0.17169978,-0.00982919,0,0,0,0,0
208,43125,-0.98560306,0.46416407,0.53681146,-0.18683118,0.16450633,0.01552312,0,0,0,0,0
209,43333,-0.98820388,0.40131299,0.58862576,-0.19993720,0.17386696,0.02825640,0,0,0,0,0
210,43541,-0.98651381,0.34690216,0.63860813,-0.17080845,0.16284265,0.05002026,0,0,0,0,0
211,43750,-0.97457350,0.27481499,0.68502565,-0.19928160,0.13708839,0.04471373,0,0,0,0,0
212,43958,-0.95289553,0.23439453,0.73998300,-0.20038361,0.11551237,0.06685601,0,0,0,0,0
213,44166,-0.93401220,0.15646668,0.77401638,-0.19881760,0.10118393,0.06771269,0,0,0,0,0
214,44375,-0.91128915,0.09830188,0.80682477,-0.19873915,0.10024491,0.06519299,0,0,0,0,0
215,44583,-0.89039060,0.03015652,0.84816465,-0.19869501,0.10809981,0.09536153,0,0,0,0,0
216,44791,-0.84763662,-0.03918566,0.88603868,-0.19085416,0.08527426,0.09825176,0,0,0,0,0
217,45000,-0.81166014,-0.10621872,0.91375631,-0.18812930,0.06844801,0.11308059,0,0,0,0,0
218,45208,-0.77458473,-0.16193949,0.92497932,-0.19736015,0.07669511,0.13068142,0,0,0,0,0
219,45416,-0.72523596,-0.23007814,0.95542281,-0.19015407,0.05420204,0.14744834,0,0,0,0,0
220,45625,-0.67801875,-0.28758791,0.98143064,-0.17698575,0.03509272,0.13338274,0,0,0,0,0
221,45833,-0.63800060,-0.35470399,0.98248648,-0.18606493,0.01581665,0.14609501,0,0,0,0,0
222,46041,-0.57720467,-0.40557528,0.99047641,-0.18215174,0.00787894,0.15502191,0,0,0,0,0
223,46250,-0.51872286,-0.47050387,0.99950920,-0.17683522,0.02037105,0.17040161,0,0,0,0,0
224,46458,-0.46558642,-0.53323861,1.00648320,-0.17233409,-0.00840132,0.17419174,0,0,0,0,0
225,46666,-0.40544443,-0.57890290,0.98878602,-0.15216650,-0.03435442,0.17926474,0,0,0,0,0
226,46875,-0.35161886,-0.63432549,0.98845387,-0.13328757,-0.03399507,0.18101109,0,0,0,0,0
227,47083,-0.28793707,-0.68793974,0.97214497,-0.14235513,-0.03909491,0.18116826,0,0,0,0,0
228,47291,-0.22116097,-0.73324242,0.94894603,-0.12332949,-0.05439056,0.18732515,0,0,0,0,0
229,47500,-0.15695990,-0.77878673,0.93559036,-0.11047788,-0.05251617,0.19272084,0,0,0,0,0
230,47708,-0.09874921,-0.81856179,0.90912943,-0.09799063,-0.06859068,0.20668314,0,0,0,0,0
231,47916,-0.02633224,-0.84781327,0.88262420,-0.09516478,-0.09988172,0.19302752,0,0,0,0,0
232,48125,0.03890045,-0.87650873,0.84615907,-0.09092827,-0.10776691,0.21979211,0,0,0,0,0
233,48333,0.09809949,-0.91063546,0.81188428,-0.08978658,-0.11139721,0.18097834,0,0,0,0,0
234,48541,0.17100633,-0.93844346,0.76877325,-0.08260034,-0.11949974,0.19478860,0,0,0,0,0
235,48750,0.22856097,-0.95974351,0.73565545,-0.06290512,-0.14281592,0.19744763,0,0,0,0,0
236,48958,0.29653389,-0.97432000,0.67581222,-0.04881870,-0.13742292,0.19718095,0,0,0,0,0
237,49166,0.35355969,-0.98616913,0.63185532,-0.05809507,-0.15881263,0.19348951,0,0,0,0,0
238,49375,0.41615403,-1.00174266,0.57656684,-0.02108791,-0.15694270,0.18555853,0,0,0,0,0
239,49583,0.47497468,-1.00187266,0.52184405,-0.02585532,-0.17062862,0.18855380,0,0,0,0,0
240,49791,0.53300341,-0.99855735,0.46536425,0.00824070,-0.17743871,0.16325299,0,0,0,0,0
241,50000,0.57805651,-1.00057525,0.40332673,0.01272987,-0.18093583,0.18038957,0,0,0,0,0
242,50208,0.64118410,-0.97951643,0.33594473,0.03381646,-0.18561041,0.14870973,0,0,0,0,0
243,50416,0.69238550,-0.96059109,0.29057839,0.05281009,-0.19115630,0.14421233,0,0,0,0,0
244,50625,0.72592309,-0.95137104,0.21758354,0.06338641,-0.19625887,0.13913452,0,0,0,0,0
245,50833,0.78267445,-0.93998514,0.16082956,0.06692974,-0.19025529,0.13705710,0,0,0,0,0
246,51041,0.82356233,-0.90723881,0.08681254,0.10068973,-0.17915998,0.12090586,0,0,0,0,0
247,51250,0.83829925,-0.87773606,0.03082542,0.09645546,-0.19290081,0.11582093,0,0,0,0,0
248,51458,0.87530448,-0.85153216,-0.04125240,0.10292504,-0.20852020,0.08554364,0,0,0,0,0
249,51666,0.91925525,-0.81438433,-0.10333489,0.12644854,-0.19469073,0.08120275,0,0,0,0,0
250,51875,0.93243609,-0.77521265,-0.17411264,0.12456273,-0.19766423,0.05159036,0,0,0,0,0
251,52083,0.95014245,-0.72961478,-0.23832384,0.12939168,-0.19224060,0.05477233,0,0,0,0,0
252,52291,0.97490865,-0.68685127,-0.29816458,0.14494563,-0.19409827,0.03902658,0,0,0,0,0
253,52500,0.97941412,-0.63375177,-0.35063264,0.15999831,-0.19218868,0.01829160,0,0,0,0,0
254,52708,0.99383105,-0.57530625,-0.41081822,0.16068481,-0.21119637,0.00470975,0,0,0,0,0
255,52916,1.00515567,-0.52767738,-0.47317569,0.17135884,-0.18715792,0.01069491,0,0,0,0,0
256,53125,0.98893606,-0.46140390,-0.52317831,0.15852850,-0.16533128,-0.00945604,0,0,0,0,0
257,53333,0.99417570,-0.41207355,-0.58618851,0.19836073,-0.15204546,-0.01040359,0,0,0,0,0
258,53541,0.97950826,-0.34239236,-0.64073327,0.19077864,-0.16608363,-0.03549618,0,0,0,0,0
259,53750,0.97860648,-0.28074179,-0.68849192,0.18559874,-0.15330141,-0.03732144,0,0,0,0,0
260,53958,0.95698434,-0.22020176,-0.72949746,0.20922913,-0.12305515,-0.03916601,0,0,0,0,0
261,54166,0.93855060,-0.15751198,-0.77658564,0.18367190,-0.12292481,-0.06088955,0,0,0,0,0
262,54375,0.90938414,-0.09104649,-0.80736276,0.18925334,-0.10452084,-0.06553022,0,0,0,0,0
263,54583,0.88847156,-0.02258842,-0.85283575,0.19424498,-0.09197948,-0.07712782,0,0,0,0,0
264,54791,0.84297116,0.03331868,-0.87761672,0.19190384,-0.07498451,-0.09112313,0,0,0,0,0
265,55000,0.81705578,0.10274415,-0.90872837,0.19307766,-0.05912475,-0.10962893,0,0,0,0,0
266,55208,0.78040264,0.16457671,-0.93257890,0.20181256,-0.07155872,-0.10806820,0,0,0,0,0
267,55416,0.73521455,0.23063152,-0.96212565,0.20205578,-0.05821569,-0.12829643,0,0,0,0,0
268,55625,0.68883804,0.29107126,-0.98545586,0.19897434,-0.02940227,-0.14194547,0,0,0,0,0
269,55833,0.62940763,0.35832891,-0.98591520,0.19780156,-0.02962380,-0.15117142,0,0,0,0,0
270,56041,0.58167521,0.40727224,-0.99794075,0.17079110,-0.01381898,-0.15379956,0,0,0,0,0
271,56250,0.53533961,0.47158484,-0.99760143,0.17549557,-0.01786324,-0.16379696,0,0,0,0,0
272,56458,0.47445949,0.52957283,-0.99707046,0.15643764,0.00380085,-0.18661491,0,0,0,0,0
273,56666,0.41408629,0.57929871,-0.99810977,0.14810601,0.02653939,-0.15983920,0,0,0,0,0
274,56875,0.35048976,0.62803864,-0.99094931,0.13203615,0.03327197,-0.18643018,0,0,0,0,0
275,57083,0.27868574,0.68973359,-0.97401082,0.15383755,0.04140299,-0.18609833,0,0,0,0,0
276,57291,0.21214742,0.72961650,-0.96739364,0.14232409,0.03492479,-0.17992867,0,0,0,0,0
277,57500,0.16315341,0.77042981,-0.93843828,0.14380348,0.05158478,-0.20935112,0,0,0,0,0
278,57708,0.09105886,0.81539565,-0.91193825,0.12030015,0.08736651,-0.19165192,0,0,0,0,0
279,57916,0.03220021,0.84801804,-0.88001001,0.10785733,0.09407010,-0.20920728,0,0,0,0,0
280,58125,-0.03920688,0.88040393,-0.85409732,0.08979557,0.10454384,-0.20032380,0,0,0,0,0
281,58333,-0.10463535,0.91186204,-0.81343370,0.09667407,0.12272382,-0.18771218,0,0,0,0,0
282,58541,-0.17341998,0.93583680,-0.76885718,0.07970697,0.12772597,-0.18880096,0,0,0,0,0
283,58750,-0.23953149,0.96508965,-0.72733612,0.05221379,0.12557004,-0.20206958,0,0,0,0,0
284,58958,-0.28333666,0.97731815,-0.67812385,0.05478995,0.14709073,-0.20882200,0,0,0,0,0
285,59166,-0.35871953,0.98389769,-0.63707915,0.02800984,0.15715682,-0.21287278,0,0,0,0,0
286,59375,-0.41676918,1.00305379,-0.58186891,0.03205389,0.16377178,-0.17042990,0,0,0,0,0
287,59583,-0.46892590,0.99926429,-0.52282597,0.02401869,0.17443706,-0.20316666,0,0,0,0,0
288,59791,-0.52588107,1.00858598,-0.47131113,-0.00294418,0.17538471,-0.17638973,0,0,0,0,0
289,60000,-0.58921526,0.99115450,-0.40893502,-0.02195936,0.17953169,-0.17711171,0,0,0,0,0
290,60208,-0.63954192,0.98411954,-0.34119740,-0.00977123,0.18687345,-0.17820878,0,0,0,0,0
291,60416,-0.68971366,0.96635209,-0.28309693,-0.04117456,0.20116453,-0.15906881,0,0,0,0,0
292,60625,-0.73453342,0.95380917,-0.21736259,-0.05255253,0.21252511,-0.14428914,0,0,0,0,0
293,60833,-0.77498435,0.95320646,-0.14843102,-0.06885341,0.19867227,-0.12082893,0,0,0,0,0
294,61041,-0.81406475,0.90888630,-0.09378609,-0.07574416,0.20832318,-0.11338300,0,0,0,0,0
295,61250,-0.84604034,0.88363837,-0.01934020,-0.09105778,0.20769508,-0.11063626,0,0,0,0,0
296,61458,-0.88613054,0.84462621,0.03643174,-0.11247639,0.22400479,-0.10299917,0,0,0,0,0
297,61666,-0.91464394,0.81046389,0.09560903,-0.13817236,0.22118417,-0.06360334,0,0,0,0,0
298,61875,-0.93879669,0.77164097,0.16836686,-0.13788010,0.20416698,-0.06560910,0,0,0,0,0
299,62083,-0.95030874,0.73185376,0.22876733,-0.14117769,0.19762684,-0.05491850,0,0,0,0,0
300,62291,-0.97171795,0.67933462,0.28672038,-0.14047289,0.17829945,-0.02374561,0,0,0,0,0
301,62500,-0.97629727,0.63637514,0.35228628,-0.14421884,0.19642522,-0.02789654,0,0,0,0,0
302,62708,-0.99160681,0.57492311,0.41197715,-0.16988060,0.19156197,-0.01127737,0,0,0,0,0
303,62916,-0.99193778,0.52285336,0.47750565,-0.15503453,0.18339361,0.00810657,0,0,0,0,0
304,63125,-0.99180980,0.46429798,0.53952668,-0.17500409,0.17600551,0.01728324,0,0,0,0,0
305,63333,-0.99408437,0.40874153,0.58693379,-0.18300033,0.16984712,0.01527874,0,0,0,0,0
306,63541,-0.98452369,0.34733462,0.63906563,-0.18685774,0.15288343,0.02573217,0,0,0,0,0
307,63750,-0.97632645,0.29142874,0.68198141,-0.18526136,0.13211709,0.05037797,0,0,0,0,0
308,63958,-0.95983790,0.22487738,0.72855896,-0.19489685,0.13591721,0.04915526,0,0,0,0,0
309,64166,-0.93661326,0.15629100,0.77689709,-0.19691716,0.11898831,0.07048829,0,0,0,0,0
310,64375,-0.90873070,0.08889968,0.81633856,-0.18912561,0.10243329,0.06908070,0,0,0,0,0
311,64583,-0.88405023,0.02511340,0.85572993,-0.18735389,0.11616285,0.09740439,0,0,0,0,0
312,64791,-0.84953903,-0.04112974,0.88050897,-0.19824280,0.08637780,0.11553757,0,0,0,0,0
313,65000,-0.81712482,-0.10308582,0.90781642,-0.19800926,0.06797394,0.11664669,0,0,0,0,0
314,65208,-0.76823933,-0.16022831,0.94729379,-0.20347844,0.06717073,0.12740442,0,0,0,0,0
315,65416,-0.73328817,-0.22462310,0.96102886,-0.19589440,0.07367564,0.11878647,0,0,0,0,0
316,65625,-0.67556948,-0.28542204,0.97737249,-0.17681527,0.04587298,0.12286258,0,0,0,0,0
317,65833,-0.63548444,-0.35932649,0.98017974,-0.18283730,0.02430161,0.14509233,0,0,0,0,0
318,66041,-0.57704099,-0.40962156,0.99595465,-0.16838295,0.04258111,0.14842150,0,0,0,0,0
319,66250,-0.52568849,-0.47700728,1.00502365,-0.17765143,0.01155718,0.16798638,0,0,0,0,0
320,66458,-0.46981768,-0.52732221,1.00302551,-0.16036336,-0.00104725,0.18611825,0,0,0,0,0
321,66666,-0.41004557,-0.58522396,0.99967014,-0.14944592,-0.02498386,0.15579030,0,0,0,0,0
322,66875,-0.34518058,-0.63342244,0.98530891,-0.13000538,-0.03004054,0.19071776,0,0,0,0,0
323,67083,-0.29072999,-0.67884560,0.96893513,-0.15727418,-0.03324991,0.19184226,0,0,0,0,0
324,67291,-0.22480175,-0.73266911,0.95442704,-0.11927053,-0.04594132,0.19951019,0,0,0,0,0
325,67500,-0.14718428,-0.77819942,0.93817424,-0.11928573,-0.08710865,0.21308003,0,0,0,0,0
326,67708,-0.08298529,-0.81767568,0.90878253,-0.11105291,-0.08084218,0.19521591,0,0,0,0,0
327,67916,-0.02492789,-0.84518433,0.88642680,-0.12209713,-0.08660495,0.20451381,0,0,0,0,0
328,68125,0.03724576,-0.88211393,0.84998268,-0.10878416,-0.11490960,0.19816231,0,0,0,0,0
329,68333,0.10799255,-0.91748943,0.81223074,-0.07959090,-0.12881762,0.21625434,0,0,0,0,0
330,68541,0.16493344,-0.93577405,0.77204139,-0.06013464,-0.11339046,0.19714150,0,0,0,0,0
331,68750,0.24080328,-0.95473836,0.72052661,-0.06224460,-0.13419541,0.20121280,0,0,0,0,0
332,68958,0.30527344,-0.96173199,0.67597652,-0.03808568,-0.14761392,0.18986717,0,0,0,0,0
333,69166,0.36255669,-0.99367059,0.63768259,-0.06944152,-0.15628947,0.19140188,0,0,0,0,0
334,69375,0.41776304,-0.99600161,0.57789799,-0.04466754,-0.15659009,0.19175029,0,0,0,0,0
335,69583,0.47174333,-1.00418318,0.52156728,-0.03188480,-0.16507193,0.18009901,0,0,0,0,0
336,69791,0.52700847,-0.99419581,0.45983603,0.01069136,-0.16856966,0.16730932,0,0,0,0,0
337,70000,0.59109961,-0.99885301,0.40944299,0.02019597,-0.17903312,0.16015337,0,0,0,0,0
338,70208,0.64051054,-0.98983033,0.33601500,0.02965851,-0.18085470,0.17880102,0,0,0,0,0
339,70416,0.69264174,-0.97213504,0.28578449,0.05398832,-0.18229209,0.14876659,0,0,0,0,0
340,70625,0.73611310,-0.95897406,0.20924723,0.05615627,-0.18171635,0.15747398,0,0,0,0,0
341,70833,0.78628921,-0.92866256,0.15595026,0.08568356,-0.19556702,0.13328451,0,0,0,0,0
342,71041,0.81874470,-0.89982720,0.09597333,0.10223935,-0.20049132,0.12399523,0,0,0,0,0
343,71250,0.84678584,-0.88654700,0.02506980,0.08129180,-0.18857069,0.09778772,0,0,0,0,0
344,71458,0.88037587,-0.84392978,-0.03873721,0.11803380,-0.21221715,0.10000200,0,0,0,0,0
345,71666,0.91892332,-0.80557565,-0.09734860,0.12903243,-0.21015371,0.08299275,0,0,0,0,0
346,71875,0.93669953,-0.77388069,-0.17516956,0.12126282,-0.19643803,0.07884537,0,0,0,0,0
347,72083,0.95735251,-0.72408674,-0.23259293,0.12770546,-0.19280379,0.04064661,0,0,0,0,0
348,72291,0.96570157,-0.67471737,-0.29770999,0.15060755,-0.20571294,0.03874334,0,0,0,0,0
349,72500,0.98154942,-0.63470044,-0.35678561,0.16314389,-0.18955982,0.03940180,0,0,0,0,0
350,72708,1.00310344,-0.58211867,-0.41676250,0.17455443,-0.19043159,0.00316813,0,0,0,0,0
351,72916,1.00095319,-0.52463780,-0.46998062,0.18832650,-0.18478705,-0.00862077,0,0,0,0,0
352,73125,1.00160323,-0.46621054,-0.53860875,0.18152144,-0.17206996,-0.00624415,0,0,0,0,0
353,73333,0.99008287,-0.40930207,-0.58345728,0.18796375,-0.15525506,-0.02473555,0,0,0,0,0
354,73541,0.98082803,-0.33584704,-0.62910197,0.21448424,-0.14208106,-0.03194434,0,0,0,0,0
355,73750,0.97211372,-0.28236483,-0.68904363,0.19687948,-0.12941625,-0.05372665,0,0,0,0,0
356,73958,0.95862593,-0.22282570,-0.73099021,0.19060936,-0.12683152,-0.05588246,0,0,0,0,0
357,74166,0.93252220,-0.15276284,-0.77962043,0.20521967,-0.12354110,-0.05844096,0,0,0,0,0
358,74375,0.91041040,-0.09421896,-0.80536225,0.19454154,-0.10874345,-0.07909246,0,0,0,0,0
359,74583,0.88325489,-0.03059344,-0.85987643,0.19501984,-0.09688704,-0.07833731,0,0,0,0,0
360,74791,0.84076420,0.03990616,-0.88354995,0.18875144,-0.09623991,-0.11874691,0,0,0,0,0
361,75000,0.81594354,0.09521439,-0.91135365,0.20113069,-0.08368600,-0.10672123,0,0,0,0,0
362,75208,0.76715289,0.16575003,-0.94596951,0.21016605,-0.08554349,-0.11811062,0,0,0,0,0
363,75416,0.73404149,0.22498082,-0.96415437,0.19780223,-0.05569700,-0.13228724,0,0,0,0,0
364,75625,0.67881475,0.29500876,-0.97736478,0.19625567,-0.04906212,-0.12340730,0,0,0,0,0
365,75833,0.62533568,0.35327920,-0.98851552,0.19170811,-0.02641014,-0.14888474,0,0,0,0,0
366,76041,0.57296177,0.41342680,-0.99448751,0.19315821,-0.02135671,-0.16382654,0,0,0,0,0
367,76250,0.51730438,0.46578253,-1.01111868,0.16413894,0.00891521,-0.16300715,0,0,0,0,0
368,76458,0.46191979,0.53498878,-0.99584382,0.15803976,0.01229826,-0.18949188,0,0,0,0,0
369,76666,0.40624705,0.58238553,-0.99730238,0.15963835,-0.01377051,-0.18488639,0,0,0,0,0
370,76875,0.35296563,0.63435249,-0.98618767,0.14762635,0.01953941,-0.19459831,0,0,0,0,0
371,77083,0.27328453,0.67666325,-0.97581044,0.13100629,0.03852085,-0.21198538,0,0,0,0,0
372,77291,0.21754691,0.73786518,-0.96173648,0.13216982,0.04899340,-0.20211790,0,0,0,0,0
373,77500,0.16898460,0.77336128,-0.93269980,0.10014780,0.06170731,-0.19276344,0,0,0,0,0
374,77708,0.09074443,0.81312525,-0.90522635,0.12248588,0.06176957,-0.20010804,0,0,0,0,0
375,77916,0.03035432,0.85895767,-0.87572139,0.09557164,0.09281637,-0.18904286,0,0,0,0,0
376,78125,-0.03530367,0.87963600,-0.84732588,0.07473968,0.09688191,-0.20616776,0,0,0,0,0
377,78333,-0.10680051,0.91307672,-0.81868309,0.09562984,0.10217393,-0.20944492,0,0,0,0,0
378,78541,-0.17061444,0.94244248,-0.77487818,0.07671111,0.11255621,-0.19670604,0,0,0,0,0
379,78750,-0.22719520,0.95945452,-0.73318849,0.07028502,0.13235247,-0.18861587,0,0,0,0,0
380,78958,-0.28804412,0.97541521,-0.68453165,0.07226593,0.16680658,-0.19159271,0,0,0,0,0
381,79166,-0.36534952,0.99032412,-0.63891333,0.05157296,0.14918325,-0.19219880,0,0,0,0,0
382,79375,-0.41198522,0.99868471,-0.57236260,0.04157672,0.17008368,-0.17967918,0,0,0,0,0
383,79583,-0.48558691,0.99966009,-0.52400143,0.01871347,0.18067886,-0.18434522,0,0,0,0,0
384,79791,-0.52794996,1.00338577,-0.47025631,0.02246078,0.17124084,-0.16800750,0,0,0,0,0
385,80000,-0.58147492,1.00091628,-0.40435416,-0.00934527,0.18444613,-0.17674176,0,0,0,0,0
386,80208,-0.63708573,0.98584192,-0.34831058,-0.04278842,0.17627007,-0.16275239,0,0,0,0,0
387,80416,-0.68811713,0.97771597,-0.28378165,-0.05947149,0.16863411,-0.15363744,0,0,0,0,0
388,80625,-0.72582273,0.96763956,-0.22497154,-0.04959082,0.19602237,-0.12480362,0,0,0,0,0
389,80833,-0.77843360,0.93966191,-0.16131368,-0.08106727,0.19818091,-0.12373980,0,0,0,0,0
390,81041,-0.81381778,0.90985259,-0.08679766,-0.08366391,0.19342096,-0.13954560,0,0,0,0,0
391,81250,-0.85431980,0.87618458,-0.02382066,-0.09193396,0.21417372,-0.08532944,0,0,0,0,0
392,81458,-0.87587076,0.84554407,0.04438898,-0.11360998,0.20713060,-0.08021583,0,0,0,0,0
393,81666,-0.91107238,0.80732308,0.10116050,-0.13270667,0.18324732,-0.06040118,0,0,0,0,0
394,81875,-0.93202240,0.76928638,0.16686315,-0.14325630,0.19737882,-0.05035171,0,0,0,0,0
395,82083,-0.96709403,0.73416350,0.23345600,-0.14514688,0.20264958,-0.05662474,0,0,0,0,0
396,82291,-0.97444956,0.68713409,0.29076157,-0.14635194,0.20454739,-0.04172123,0,0,0,0,0
397,82500,-0.98868245,0.64061605,0.34930735,-0.17206125,0.19813131,-0.03275863,0,0,0,0,0
398,82708,-0.99736496,0.57482543,0.41820369,-0.14648872,0.19168426,-0.00899231,0,0,0,0,0
399,82916,-0.99332501,0.52268925,0.47197691,-0.16874313,0.18946074,-0.01667605,0,0,0,0,0
400,83125,-1.00244214,0.45760226,0.52981215,-0.17624625,0.15782279,0.01601903,0,0,0,0,0
401,83333,-0.99341553,0.41179245,0.59251151,-0.18598188,0.16187690,0.02482237,0,0,0,0,0
402,83541,-0.97460563,0.35499768,0.63418110,-0.18860788,0.14489504,0.02718271,0,0,0,0,0
403,83750,-0.97360245,0.27842706,0.68758148,-0.18922640,0.15812295,0.06433153,0,0,0,0,0
404,83958,-0.96366675,0.23051408,0.73149550,-0.19426614,0.13501448,0.06512425,0,0,0,0,0
405,84166,-0.93033627,0.15751420,0.77513343,-0.18378037,0.12347168,0.03718768,0,0,0,0,0
406,84375,-0.91346736,0.09565056,0.80557080,-0.18563617,0.11355840,0.08639848,0,0,0,0,0
407,84583,-0.88305242,0.02094557,0.85247908,-0.19670805,0.09409402,0.08690946,0,0,0,0,0
408,84791,-0.85625879,-0.03484756,0.89025051,-0.20564976,0.07512528,0.09961822,0,0,0,0,0
409,85000,-0.80555288,-0.09639160,0.91768734,-0.20631514,0.07305294,0.12150962,0,0,0,0,0
410,85208,-0.76640840,-0.17017543,0.93487586,-0.19524126,0.06669830,0.12229955,0,0,0,0,0
411,85416,-0.72478969,-0.22785566,0.96621102,-0.19461121,0.07157705,0.12888397,0,0,0,0,0
412,85625,-0.67461800,-0.29111208,0.97934902,-0.18229289,0.05322421,0.13009848,0,0,0,0,0
413,85833,-0.62972863,-0.35381661,0.98550826,-0.16620368,0.01999008,0.15145927,0,0,0,0,0
414,86041,-0.58457390,-0.40708732,1.00270795,-0.17422222,0.02367582,0.15427473,0,0,0,0,0
415,86250,-0.53002644,-0.47258107,0.99847628,-0.17754106,0.01427677,0.17243851,0,0,0,0,0
416,86458,-0.46806632,-0.52522779,1.00147228,-0.17579101,-0.01813089,0.17802982,0,0,0,0,0
417,86666,-0.40855671,-0.57816714,1.00233074,-0.15647420,-0.02213446,0.20310095,0,0,0,0,0
418,86875,-0.34862431,-0.64485470,0.98390897,-0.14399084,-0.03281452,0.17848678,0,0,0,0,0
419,87083,-0.29625406,-0.68536387,0.97338890,-0.14766417,-0.05477189,0.18420460,0,0,0,0,0
420,87291,-0.22109906,-0.73418940,0.94899912,-0.12919416,-0.05805952,0.20083408,0,0,0,0,0
421,87500,-0.16535425,-0.77669416,0.93317634,-0.10780183,-0.06780604,0.19034308,0,0,0,0,0
422,87708,-0.08887228,-0.81814085,0.91375606,-0.11607453,-0.06970139,0.19099987,0,0,0,0,0
423,87916,-0.03406165,-0.85346706,0.88213800,-0.10453862,-0.09277320,0.18947640,0,0,0,0,0
424,88125,0.04282468,-0.89287840,0.85244015,-0.08600692,-0.10755165,0.21771255,0,0,0,0,0
425,88333,0.10427855,-0.91578500,0.80287903,-0.06889745,-0.11747133,0.19584831,0,0,0,0,0
426,88541,0.16377689,-0.94342151,0.77421296,-0.06781892,-0.11082590,0.19902116,0,0,0,0,0
427,88750,0.23475508,-0.96253152,0.72459971,-0.07883835,-0.12687794,0.18768156,0,0,0,0,0
428,88958,0.30257539,-0.97194948,0.68621358,-0.03859767,-0.15847922,0.20106346,0,0,0,0,0
429,89166,0.35904949,-0.98156044,0.62691364,-0.04752295,-0.15275901,0.19478584,0,0,0,0,0
430,89375,0.41249065,-0.99428326,0.58361616,-0.03279296,-0.16991335,0.19109957,0,0,0,0,0
431,89583,0.47405335,-0.99817539,0.51661212,-0.02735865,-0.18577525,0.17619213,0,0,0,0,0
432,89791,0.53086450,-1.00445578,0.46782501,-0.00492283,-0.17880331,0.17793272,0,0,0,0,0
433,90000,0.58313758,-0.99973131,0.40685882,0.01797882,-0.16734183,0.16989181,0,0,0,0,0
434,90208,0.63000477,-0.98727481,0.34688183,0.01809760,-0.18339289,0.16104728,0,0,0,0,0
435,90416,0.69703542,-0.97418145,0.28240754,0.04276999,-0.19627868,0.16087116,0,0,0,0,0
436,90625,0.72974513,-0.95370721,0.22409913,0.04316610,-0.18636091,0.13875613,0,0,0,0,0
437,90833,0.76746980,-0.93319253,0.15742496,0.07857266,-0.19188337,0.13462793,0,0,0,0,0
438,91041,0.80887969,-0.90798355,0.09227696,0.08167461,-0.20447419,0.10863619,0,0,0,0,0
439,91250,0.84689118,-0.87162620,0.02697721,0.10104548,-0.19022568,0.10793094,0,0,0,0,0
440,91458,0.86678379,-0.84781729,-0.04384715,0.10504344,-0.21457544,0.08020465,0,0,0,0,0
441,91666,0.91496816,-0.80798055,-0.10168260,0.12389331,-0.19027456,0.11162199,0,0,0,0,0
442,91875,0.93823675,-0.76335148,-0.17181249,0.12458738,-0.19741567,0.06889510,0,0,0,0,0
443,92083,0.95674239,-0.72614296,-0.22629663,0.13122125,-0.19989931,0.03818348,0,0,0,0,0
444,92291,0.96581747,-0.68156679,-0.29563672,0.15269397,-0.20222927,0.03505247,0,0,0,0,0
445,92500,0.98845805,-0.63693508,-0.35626450,0.17287177,-0.21436318,0.02179907,0,0,0,0,0
446,92708,0.99125081,-0.58469168,-0.41153635,0.15054989,-0.19728623,0.01180217,0,0,0,0,0
447,92916,1.00393153,-0.51949182,-0.47720412,0.16360716,-0.18192876,-0.00922507,0,0,0,0,0
448,93125,0.98660038,-0.46494253,-0.53352667,0.19056990,-0.18020340,-0.03320326,0,0,0,0,0
449,93333,0.98876019,-0.40283085,-0.58553044,0.18610433,-0.17287351,-0.00774280,0,0,0,0,0
450,93541,0.97989577,-0.34665451,-0.63212196,0.19155475,-0.15035778,-0.03518077,0,0,0,0,0
451,93750,0.96676398,-0.28677865,-0.68202033,0.21467376,-0.15540932,-0.03769775,0,0,0,0,0
452,93958,0.95918280,-0.22532754,-0.72987068,0.19223702,-0.13141813,-0.06875113,0,0,0,0,0
453,94166,0.94188747,-0.15492829,-0.78240662,0.18813115,-0.12989582,-0.05994825,0,0,0,0,0
454,94375,0.91486612,-0.09389031,-0.80941946,0.19050297,-0.11891403,-0.07947903,0,0,0,0,0
455,94583,0.88221442,-0.02930315,-0.85487794,0.21032150,-0.08328188,-0.09111940,0,0,0,0,0
456,94791,0.85060811,0.04818298,-0.88191793,0.18143743,-0.09588821,-0.11392697,0,0,0,0,0
457,95000,0.81537100,0.10885676,-0.90351410,0.18758635,-0.09521418,-0.11205487,0,0,0,0,0
458,95208,0.76785190,0.16425834,-0.93943563,0.19110472,-0.04385487,-0.11363477,0,0,0,0,0
459,95416,0.72968372,0.23537807,-0.95239040,0.17723152,-0.05759021,-0.13258642,0,0,0,0,0
460,95625,0.68117016,0.29047537,-0.97461237,0.17958553,-0.05020755,-0.12283575,0,0,0,0,0
461,95833,0.62349749,0.35810806,-0.99406961,0.19530281,-0.02097077,-0.14530000,0,0,0,0,0
462,96041,0.59080958,0.41822488,-0.99073357,0.16785031,-0.02411031,-0.14088318,0,0,0,0,0
463,96250,0.52683739,0.46146245,-1.00055345,0.15252643,-0.01005690,-0.17404864,0,0,0,0,0
464,96458,0.46283528,0.52863044,-1.00211075,0.16331802,0.00429366,-0.18575336,0,0,0,0,0
465,96666,0.40663020,0.58506440,-0.99074580,0.13368081,0.02209696,-0.18581756,0,0,0,0,0
466,96875,0.35079494,0.63304738,-0.98500668,0.15961720,0.03414005,-0.19402636,0,0,0,0,0
467,97083,0.28733795,0.68304527,-0.97751758,0.13288164,0.05578313,-0.19623212,0,0,0,0,0
468,97291,0.22178013,0.73054073,-0.96431660,0.12364992,0.06648162,-0.19276993,0,0,0,0,0
469,97500,0.16570536,0.77382831,-0.93705437,0.11902510,0.06654754,-0.19467343,0,0,0,0,0
470,97708,0.09156886,0.80971125,-0.91295202,0.11941346,0.09127594,-0.20611052,0,0,0,0,0
471,97916,0.03161912,0.85022395,-0.88213097,0.09770739,0.10015950,-0.19909978,0,0,0,0,0
472,98125,-0.03269127,0.87880147,-0.84761621,0.07037961,0.09563805,-0.21174828,0,0,0,0,0
473,98333,-0.09871130,0.91415087,-0.80800302,0.07603304,0.12194494,-0.20269386,0,0,0,0,0
474,98541,-0.16981772,0.93113349,-0.76766759,0.08151995,0.15094092,-0.20488958,0,0,0,0,0
475,98750,-0.23891294,0.95238350,-0.71323823,0.05241998,0.12941816,-0.20437564,0,0,0,0,0
476,98958,-0.30667778,0.98363775,-0.68001682,0.04841438,0.14505706,-0.18638176,0,0,0,0,0
477,99166,-0.35735169,0.99460541,-0.63676936,0.04125224,0.12908392,-0.19477950,0,0,0,0,0
478,99375,-0.41659560,1.00325999,-0.57835405,0.01981993,0.16626195,-0.18315336,0,0,0,0,0
479,99583,-0.48009677,1.00310055,-0.52602245,0.01799408,0.17709390,-0.18934208,0,0,0,0,0
480,99791,-0.53228931,1.00425624,-0.47166250,-0.00721332,0.17960310,-0.17491852,0,0,0,0,0
481,100000,-0.58213042,1.00868882,-0.40896836,0.00151565,0.18744794,-0.16418119,0,0,0,0,0
482,100208,-0.64208517,0.97468601,-0.33484907,-0.01949794,0.19729732,-0.15008494,0,0,0,0,0
483,100416,-0.68309843,0.96470490,-0.28478661,-0.04511804,0.18452251,-0.15587602,0,0,0,0,0
484,100625,-0.72211036,0.93858364,-0.21307974,-0.04379004,0.18725542,-0.15186022,0,0,0,0,0
485,100833,-0.74214393,0.88601333,-0.15044485,-0.07098310,0.20792076,-0.12933283,0,0,0,0,0
486,101041,-0.75338061,0.84222202,-0.08955773,-0.08551672,0.21259688,-0.13137858,0,0,0,0,0
487,101250,-0.76610881,0.78588111,-0.02133339,-0.09906814,0.21023834,-0.09554932,0,0,0,0,0
488,101458,-0.76275562,0.72618143,0.04016474,-0.12055433,0.22973642,-0.09026017,0,0,0,0,0
489,101666,-0.75774878,0.66077709,0.09542943,-0.13745718,0.23981115,-0.08764729,0,0,0,0,0
490,101875,-0.72650924,0.60620759,0.16747821,-0.16780502,0.27143823,-0.06579461,0,0,0,0,0
491,102083,-0.70351343,0.54407876,0.22727399,-0.19924267,0.29368087,-0.03870788,0,0,0,0,0
492,102291,-0.68148607,0.47563531,0.27935330,-0.22445607,0.32068757,-0.04477985,0,0,0,0,0
493,102500,-0.63926652,0.40879463,0.34759031,-0.27498111,0.34541692,-0.01565718,0,0,0,0,0
494,102708,-0.59761452,0.34963486,0.40411247,-0.35942333,0.37901556,0.00573555,0,0,0,0,0
495,102916,-0.54791340,0.29224521,0.46086513,-0.41561598,0.43723851,0.01121337,0,0,0,0,0
496,103125,-0.51042582,0.24785487,0.52606833,-0.49378484,0.49869286,0.01505360,0,0,0,0,0
497,103333,-0.46613324,0.19101977,0.57186823,-0.59706783,0.51455415,0.02068701,0,0,0,0,0
498,103541,-0.43094832,0.15496751,0.61262641,-0.65614336,0.53940935,0.02262730,0,0,0,0,0
499,103750,-0.39157105,0.13180797,0.66192011,-0.78318000,0.60113209,0.04903070,0,0,0,0,0
500,103958,-0.35470442,0.08287102,0.69716517,-0.86894948,0.62371293,0.05488435,0,0,0,0,0
501,104166,-0.32673607,0.04609910,0.73536521,-0.99822114,0.63772847,0.07365117,0,0,0,0,0
502,104375,-0.29216278,0.04193137,0.77896157,-1.08817767,0.62327823,0.06794212,0,0,0,0,0
503,104583,-0.27662685,0.00272046,0.80673137,-1.18548814,0.61149392,0.07343692,0,0,0,0,0
504,104791,-0.25518545,-0.00601838,0.84029103,-1.26086000,0.58418072,0.09041217,0,0,0,0,0
505,105000,-0.25030070,-0.02652066,0.86225908,-1.34123628,0.54296457,0.09643764,0,0,0,0,0
506,105208,-0.23647241,-0.05185244,0.88948472,-1.39629076,0.49475565,0.07149741,0,0,0,0,0
507,105416,-0.22181000,-0.07393244,0.91236958,-1.45737059,0.42485531,0.10890198,0,0,0,0,0
508,105625,-0.20257694,-0.08010108,0.93040157,-1.50956512,0.34989101,0.10883808,0,0,0,0,0
509,105833,-0.18391533,-0.10739625,0.93430906,-1.54687006,0.26424319,0.10054000,0,0,0,0,0
510,106041,-0.18017563,-0.13094932,0.95390044,-1.55408100,0.15776544,0.11004190,0,0,0,0,0
511,106250,-0.16040729,-0.13707875,0.95114867,-1.58374652,0.03753527,0.12012662,0,0,0,0,0
512,106458,-0.13890406,-0.15634256,0.94969580,-1.57415868,-0.07878042,0.12488726,0,0,0,0,0
513,106666,-0.12108169,-0.18391447,0.94702263,-1.57022558,-0.19683393,0.12052653,0,0,0,0,0
514,106875,-0.09707573,-0.18625062,0.93812553,-1.52992519,-0.33006209,0.11792038,0,0,0,0,0
515,107083,-0.08288348,-0.20417581,0.92690271,-1.48379983,-0.48824932,0.12106249,0,0,0,0,0
516,107291,-0.06614651,-0.21543023,0.91131152,-1.43576786,-0.62186509,0.12092922,0,0,0,0,0
517,107500,-0.04706218,-0.22023233,0.88978479,-1.38335683,-0.76502154,0.13738918,0,0,0,0,0
518,107708,-0.02415892,-0.24938961,0.87299282,-1.27402239,-0.91342988,0.12603251,0,0,0,0,0
519,107916,0.00695340,-0.25406483,0.83835200,-1.19083022,-1.06999750,0.11696577,0,0,0,0,0
520,108125,0.01544138,-0.26534672,0.79957265,-1.05946473,-1.21647107,0.10010674,0,0,0,0,0
521,108333,0.03775572,-0.26989472,0.78078737,-0.95494400,-1.36799909,0.11384217,0,0,0,0,0
522,108541,0.05575431,-0.28433078,0.73582896,-0.82044023,-1.53506267,0.10138389,0,0,0,0,0
523,108750,0.07010459,-0.28557150,0.68560677,-0.71137055,-1.65868873,0.09920350,0,0,0,0,0
524,108958,0.07945442,-0.28558828,0.64321013,-0.55008292,-1.78067905,0.08935951,0,0,0,0,0
525,109166,0.10522788,-0.28670483,0.59932856,-0.38465127,-1.91877294,0.09676352,0,0,0,0,0
526,109375,0.12578067,-0.29643094,0.55246912,-0.23282276,-2.01350087,0.09350342,0,0,0,0,0
527,109583,0.14572146,-0.30610381,0.48212666,-0.08676067,-2.13696773,0.10405554,0,0,0,0,0
528,109791,0.16370121,-0.29451611,0.43009674,0.08067303,-2.19394929,0.08216507,0,0,0,0,0
529,110000,0.17966185,-0.30690411,0.38705549,0.25601766,-2.28014380,0.08485668,0,0,0,0,0
530,110208,0.17930259,-0.30597822,0.33547169,0.41657842,-2.35529961,0.08654424,0,0,0,0,0
531,110416,0.20595720,-0.29590889,0.27618445,0.55790152,-2.40511001,0.07848188,0,0,0,0,0
532,110625,0.21873375,-0.29184885,0.20430461,0.75170351,-2.43420881,0.06901420,0,0,0,0,0
533,110833,0.22735057,-0.27943020,0.15131838,0.89046900,-2.47213188,0.07753587,0,0,0,0,1
534,111041,0.24601717,-0.26780950,0.08987400,1.05041822,-2.47096312,0.02918466,0,0,0,0,1
535,111250,0.25763148,-0.26186010,0.02654179,1.20052979,-2.50242860,0.06881277,0,0,0,0,1
536,111458,0.26076920,-0.26338772,-0.03018336,1.32221325,-2.49610052,0.02601812,0,0,0,0,1
537,111666,0.27779758,-0.25073782,-0.10163304,1.46627786,-2.47099803,0.05302760,0,0,0,0,1
538,111875,0.27272523,-0.23216453,-0.15707761,1.58939196,-2.46062404,0.04272392,0,0,0,0,1
539,112083,0.28240027,-0.21850031,-0.20981806,1.72481190,-2.43679353,0.03152471,0,0,0,0,1
540,112291,0.29601851,-0.20001995,-0.28095918,1.84045445,-2.39403486,0.03625071,0,0,0,0,1
541,112500,0.29888026,-0.18530664,-0.34029465,1.93218695,-2.32524049,0.01641150,0,0,0,0,1
542,112708,0.30208810,-0.17097884,-0.39142433,2.03098444,-2.25673457,0.01358792,0,0,0,0,1
543,112916,0.30144166,-0.16172906,-0.44900284,2.11870683,-2.20682129,-0.00445691,0,0,0,0,1
544,113125,0.29887276,-0.15392791,-0.51370287,2.21573716,-2.12379419,-0.00290291,0,0,0,0,1
545,113333,0.29437376,-0.12823212,-0.55091185,2.27762592,-2.03135780,0.00406415,0,0,0,0,1
546,113541,0.29443075,-0.09731003,-0.61136535,2.33130668,-1.92306905,-0.01023651,0,0,0,0,1
547,113750,0.30100046,-0.07203626,-0.64762824,2.39958485,-1.79910390,-0.01449761,0,0,0,0,1
548,113958,0.29649220,-0.07511700,-0.69601700,2.42532850,-1.69224977,-0.02861541,0,0,0,0,1
549,114166,0.27926192,-0.05384497,-0.73618146,2.45909701,-1.57599327,-0.03554860,0,0,0,0,1
550,114375,0.28231657,-0.01947767,-0.77308265,2.48652943,-1.44504819,-0.04872148,0,0,0,0,1
551,114583,0.27808353,-0.00763375,-0.81194541,2.50090978,-1.30553795,-0.04540723,0,0,0,0,1
552,114791,0.24816108,0.01594176,-0.83225199,2.50050014,-1.18567836,-0.06578944,0,0,0,0,1
553,115000,0.24347285,0.02458543,-0.86495960,2.49107697,-1.01884092,-0.06450119,0,0,0,0,1
554,115208,0.22683643,0.04970237,-0.89071818,2.45474460,-0.84635039,-0.07210870,0,0,0,0,0
555,115416,0.22767259,0.07830738,-0.90055616,2.44105263,-0.72218946,-0.05759731,0,0,0,0,0
556,115625,0.19962826,0.08704477,-0.92530440,2.38786011,-0.58087833,-0.06415565,0,0,0,0,0
557,115833,0.18825451,0.10598765,-0.94127611,2.34293423,-0.38029831,-0.06676883,0,0,0,0,0
558,116041,0.17561488,0.12818446,-0.94093568,2.26798839,-0.23953522,-0.07930314,0,0,0,0,0
559,116250,0.15722051,0.14966550,-0.95212812,2.18253351,-0.06964278,-0.07476239,0,0,0,0,0
560,116458,0.13498011,0.16154805,-0.94091225,2.13195278,0.10056455,-0.08122902,0,0,0,0,0
561,116666,0.11881098,0.17738193,-0.94694149,2.01315647,0.26461491,-0.10050593,0,0,0,0,0
562,116875,0.10113944,0.18738858,-0.94003011,1.91780753,0.43390340,-0.11462940,0,0,0,0,0
563,117083,0.07991706,0.20944531,-0.92922226,1.82578046,0.58394995,-0.10090026,0,0,0,0,0
564,117291,0.07008562,0.22252581,-0.90923976,1.70966094,0.74006875,-0.09192347,0,0,0,0,0
565,117500,0.05030240,0.23655251,-0.89134090,1.58314052,0.90127516,-0.08064211,0,0,0,0,0
566,117708,0.02596031,0.24964399,-0.86651973,1.42509286,1.02699274,-0.09182521,0,0,0,0,0
567,117916,0.00688989,0.26076433,-0.84504118,1.30431808,1.20479083,-0.10931923,0,0,0,0,0
568,118125,-0.01368728,0.26779832,-0.80524697,1.16584737,1.29508999,-0.09721361,0,0,0,0,0
569,118333,-0.03786433,0.27040842,-0.76914355,1.01419431,1.46568621,-0.09197329,0,0,0,0,0
570,118541,-0.05039683,0.28558209,-0.72914118,0.86143519,1.59683077,-0.08992695,0,0,0,0,0
571,118750,-0.06730535,0.29339663,-0.69533839,0.72593609,1.72325535,-0.09813294,0,0,0,0,0
572,118958,-0.09570241,0.29445543,-0.64598373,0.56695022,1.80505480,-0.10482167,0,0,0,0,0
573,119166,-0.11121926,0.29474273,-0.59542201,0.38839916,1.92610641,-0.08277378,0,0,0,0,0
574,119375,-0.11801119,0.30139285,-0.54827820,0.23557923,2.04497043,-0.10339463,0,0,0,0,0
575,119583,-0.13945256,0.29741362,-0.50088581,0.05935680,2.14352209,-0.08182991,0,0,0,0,0
576,119791,-0.15986597,0.29631318,-0.43897912,-0.08047303,2.20551098,-0.09255923,0,0,0,0,0
577,120000,-0.17566595,0.29946858,-0.37981689,-0.26385042,2.27664332,-0.10654714,0,0,0,0,0
578,120208,-0.19249614,0.29670013,-0.32792105,-0.42667675,2.33953718,-0.07747227,0,0,0,0,0
579,120416,-0.20121878,0.28829795,-0.26760343,-0.56216103,2.40634048,-0.07371073,0,0,0,0,0
580,120625,-0.22321588,0.29025064,-0.21454316,-0.73062938,2.45283605,-0.07559316,0,0,0,0,0
581,120833,-0.23555022,0.28278321,-0.15073467,-0.90822028,2.46822778,-0.05079398,0,0,0,0,1
582,121041,-0.24609960,0.26822392,-0.08226044,-1.04513208,2.49216314,-0.07470372,0,0,0,0,1
583,121250,-0.25369601,0.26745504,-0.02528936,-1.19010731,2.49377113,-0.04709810,0,0,0,0,1
584,121458,-0.25737614,0.25238536,0.03189218,-1.34790293,2.49806068,-0.04013482,0,0,0,0,1
585,121666,-0.28225902,0.24943658,0.10482325,-1.48125287,2.49124470,-0.03836826,0,0,0,0,1
586,121875,-0.28096289,0.22611599,0.16424789,-1.59614649,2.47408273,-0.03657884,0,0,0,0,1
587,122083,-0.29179603,0.21809341,0.21814800,-1.70717028,2.42450868,-0.03868049,0,0,0,0,1
588,122291,-0.28702512,0.20482826,0.29225853,-1.81946989,2.39735581,-0.02391028,0,0,0,0,1
589,122500,-0.30053815,0.18988636,0.33554471,-1.91885633,2.32593521,-0.00852400,0,0,0,0,1
590,122708,-0.29034671,0.18320494,0.38726437,-2.03603019,2.24941953,-0.02041514,0,0,0,0,1
591,122916,-0.29658925,0.16169214,0.45013123,-2.13169904,2.21012439,-0.02462814,0,0,0,0,1
592,123125,-0.29163462,0.14161194,0.49694927,-2.20433810,2.12133382,-0.00159433,0,0,0,0,1
593,123333,-0.29822642,0.12259200,0.55872748,-2.27820744,2.04270193,0.00521482,0,0,0,0,1
594,123541,-0.29815448,0.10885687,0.61240280,-2.35167676,1.91511622,-0.00230214,0,0,0,0,1
595,123750,-0.28962269,0.07867991,0.64787915,-2.39218384,1.82677278,0.01640487,0,0,0,0,1
596,123958,-0.28737538,0.07070903,0.69335755,-2.43548535,1.69778932,0.04652768,0,0,0,0,1
597,124166,-0.28095531,0.04493123,0.73352155,-2.45036128,1.58978709,0.04618895,0,0,0,0,1
598,124375,-0.26650662,0.02197886,0.77171382,-2.49313852,1.44949092,0.04776053,0,0,0,0,1
599,124583,-0.26951478,0.00903057,0.80702062,-2.50058439,1.30840344,0.05040937,0,0,0,0,1
600,124791,-0.25217303,-0.01303529,0.83501539,-2.51103277,1.16065670,0.02967883,0,0,0,0,1
601,125000,-0.23808220,-0.02617304,0.86867850,-2.50407853,1.02648976,0.07046239,0,0,0,0,1
602,125208,-0.23348738,-0.05095628,0.88377063,-2.46731665,0.87131617,0.04951247,0,0,0,0,1
603,125416,-0.20947903,-0.06432071,0.91025530,-2.41751553,0.71049962,0.06124676,0,0,0,0,0
604,125624,-0.21272954,-0.08478347,0.92910096,-2.39252317,0.56835071,0.06937756,0,0,0,0,0
605,125833,-0.19139416,-0.10845663,0.93212372,-2.33728510,0.40349359,0.07886390,0,0,0,0,0
606,126041,-0.17783551,-0.12785416,0.93722887,-2.26492781,0.21588952,0.07077034,0,0,0,0,0
607,126250,-0.16695750,-0.13780453,0.94302069,-2.18945251,0.06471474,0.07537694,0,0,0,0,0
608,126458,-0.13616904,-0.15639083,0.94732876,-2.12189258,-0.08696761,0.09784579,0,0,0,0,0
609,126666,-0.11569541,-0.17656469,0.93911300,-2.02294584,-0.26177576,0.11075693,0,0,0,0,0
610,126874,-0.10140025,-0.18648065,0.94490730,-1.92879587,-0.42862441,0.09119106,0,0,0,0,0
611,127083,-0.08100205,-0.20870347,0.92521529,-1.82851605,-0.59134843,0.10345265,0,0,0,0,0
612,127291,-0.06631038,-0.21920908,0.90583720,-1.71366883,-0.74747884,0.09551539,0,0,0,0,0
613,127500,-0.05481335,-0.23632071,0.88555536,-1.57055118,-0.88535858,0.10794366,0,0,0,0,0
614,127708,-0.03064787,-0.24567836,0.86979510,-1.43851232,-1.04462806,0.10487146,0,0,0,0,0
615,127916,-0.00837185,-0.25325851,0.84357128,-1.32670119,-1.20450629,0.10561584,0,0,0,0,0
616,128124,0.00926346,-0.27165386,0.80469084,-1.16489836,-1.33756030,0.09083937,0,0,0,0,0
617,128333,0.03494157,-0.27072030,0.77321976,-1.00966204,-1.46957557,0.09447779,0,0,0,0,0
618,128541,0.03939963,-0.27851210,0.73643850,-0.86209699,-1.59000065,0.09883107,0,0,0,0,0
619,128750,0.08377281,-0.28218394,0.69472635,-0.72267687,-1.72863096,0.09408893,0,0,0,0,0
620,128958,0.08539325,-0.28614869,0.65120559,-0.55467044,-1.85083119,0.10140234,0,0,0,0,0
621,129166,0.11235310,-0.29267617,0.60564707,-0.39511968,-1.93764126,0.07624918,0,0,0,0,0
622,129374,0.12527529,-0.29495711,0.55335757,-0.24233407,-2.03527900,0.10682337,0,0,0,0,0
623,129583,0.13846736,-0.30601797,0.49520303,-0.05762900,-2.11533445,0.10312309,0,0,0,0,0
624,129791,0.15908919,-0.29653734,0.44148590,0.09770082,-2.19820381,0.08975202,0,0,0,0,0
625,130000,0.17725164,-0.29195697,0.37911822,0.27733447,-2.28909664,0.07835106,1,0,1,0,0
626,130208,0.20475856,-0.28958361,0.32959546,0.40905419,-2.33679127,0.07392209,1,0,1,0,0
627,130416,0.20274351,-0.28954053,0.27004175,0.57953860,-2.38858097,0.06834875,1,0,1,0,0
628,130624,0.22063807,-0.28111506,0.20690507,0.74700791,-2.44657474,0.07213408,1,0,1,0,0
629,130833,0.22907439,-0.27039403,0.14988902,0.86923659,-2.46701316,0.05806360,1,0,1,0,1
630,131041,0.24770455,-0.27469380,0.08486647,1.04432622,-2.49215365,0.05334497,1,0,1,0,1
631,131250,0.25063311,-0.25827495,0.02123928,1.16889848,-2.49983799,0.03598897,1,0,1,0,1
632,131458,0.26675798,-0.24966349,-0.03011552,1.31174243,-2.50213703,0.04755458,1,0,1,0,1
633,131666,0.26881581,-0.24711724,-0.10054375,1.46041007,-2.47250037,0.03774672,1,0,1,0,1
634,131875,0.28123904,-0.22860220,-0.15944181,1.60357938,-2.45475210,0.05202953,1,0,1,0,1
635,132083,0.28235522,-0.21457256,-0.21622686,1.71305383,-2.42201505,0.02914740,1,0,1,0,1
636,132291,0.29280083,-0.20681226,-0.28437650,1.82265459,-2.37565198,-0.00169374,1,0,1,0,1
637,132500,0.28988541,-0.19388843,-0.33703007,1.94256974,-2.34255384,0.02004585,1,0,1,0,1
638,132708,0.30857395,-0.16986018,-0.39983255,2.04438713,-2.27495189,0.01195435,1,0,1,0,1
639,132916,0.29907237,-0.15627116,-0.44785582,2.13343312,-2.19442715,-0.00405987,1,0,1,0,1
640,133125,0.28882027,-0.14195233,-0.49378103,2.19308687,-2.12671979,0.01659839,1,0,1,0,1
641,133333,0.30553323,-0.12934889,-0.55125655,2.28496592,-2.01374547,-0.00729917,1,0,1,0,1
642,133541,0.29222277,-0.10259561,-0.59901332,2.35389196,-1.93180613,-0.02499417,1,0,1,0,1
643,133750,0.29969918,-0.08685864,-0.64904675,2.39624355,-1.83727681,-0.00940397,1,0,1,0,1
644,133958,0.28375655,-0.07181717,-0.68673570,2.44213484,-1.70576081,-0.02769524,1,0,1,0,1
645,134166,0.27325712,-0.04399194,-0.74617186,2.48134578,-1.58204855,-0.03691746,1,0,1,0,1
646,134375,0.27124397,-0.02503696,-0.77184552,2.47830343,-1.44361622,-0.04793393,1,0,1,0,1
647,134583,0.26545618,-0.01251185,-0.80277806,2.49769798,-1.33609207,-0.05011833,1,0,1,0,1
648,134791,0.24711464,0.00683583,-0.83969625,2.48742196,-1.16728085,-0.06811967,1,0,1,0,1
649,135000,0.24419917,0.02610898,-0.86225675,2.48368469,-1.02008723,-0.06171902,1,0,1,0,1
650,135208,0.23188934,0.05232349,-0.89184767,2.45485987,-0.85492446,-0.07363391,1,0,1,0,1
651,135416,0.21276700,0.07321495,-0.90180217,2.43282811,-0.71985024,-0.05730087,1,0,1,0,0
652,135625,0.19687959,0.07727283,-0.92486846,2.40581150,-0.55472870,-0.07285454,1,0,1,0,0
653,135833,0.18963000,0.10435770,-0.93819402,2.33323452,-0.39938220,-0.06255078,1,0,1,0,0
654,136041,0.17994516,0.12397958,-0.94851404,2.27425469,-0.23457770,-0.06755255,1,0,1,0,0
655,136250,0.15578897,0.15920166,-0.94880684,2.21474842,-0.07777369,-0.09450723,1,0,1,0,0
656,136458,0.14333936,0.15892258,-0.94171442,2.11001512,0.11615976,-0.08722293,1,0,1,0,0
657,136666,0.12175887,0.17236617,-0.93950040,2.02204233,0.25223576,-0.09092932,1,0,1,0,0
658,136875,0.10542629,0.19664079,-0.94145863,1.92528163,0.41735746,-0.09222671,1,0,1,0,0
659,137083,0.09247764,0.19953486,-0.92467251,1.81328928,0.58860000,-0.08445338,1,0,1,0,0
660,137291,0.06685223,0.21214254,-0.90682682,1.71449283,0.72939925,-0.09828311,1,0,1,0,0
661,137500,0.04946179,0.23607105,-0.89030813,1.56776181,0.90715682,-0.09760414,1,0,1,0,0
662,137708,0.01919993,0.24700073,-0.86452810,1.44504038,1.04518680,-0.09906142,1,0,1,0,0
663,137916,0.00327942,0.25110001,-0.83200302,1.32291227,1.19273852,-0.09962639,1,0,1,0,0
664,138125,-0.01839028,0.26801748,-0.80732260,1.17064133,1.33061653,-0.10953548,1,0,1,0,0
665,138333,-0.02914168,0.27246751,-0.76970395,1.01471692,1.46666370,-0.10513679,1,0,1,0,0
666,138541,-0.05433237,0.27657768,-0.72838230,0.86603281,1.59224216,-0.12136242,1,0,1,0,0
667,138750,-0.06639577,0.29432459,-0.68855698,0.71967054,1.72621787,-0.09338824,1,0,1,0,0
668,138958,-0.09337176,0.28961663,-0.64687890,0.54143427,1.81635816,-0.09392492,1,0,1,0,0
669,139166,-0.11055833,0.29774105,-0.59300897,0.40970182,1.94879596,-0.09101339,1,0,1,0,0
670,139375,-0.12128330,0.30658532,-0.55365365,0.23497239,2.04309301,-0.07615217,1,0,1,0,0
671,139583,-0.14266406,0.30483450,-0.50574865,0.07627958,2.15055676,-0.08155185,1,0,1,0,0
672,139791,-0.16173669,0.29672524,-0.44118398,-0.09534684,2.21990389,-0.07273903,1,0,1,0,0
673,140000,-0.17535258,0.30597796,-0.37690690,-0.25677261,2.27134552,-0.07025074,1,0,1,1,0
674,140208,-0.18824404,0.29474879,-0.31757388,-0.41544800,2.34716975,-0.05996756,1,0,1,1,0
675,140416,-0.21158522,0.28792711,-0.27365572,-0.57387924,2.41310729,-0.05977911,1,0,1,1,0
676,140625,-0.22343972,0.28722291,-0.21185767,-0.71939679,2.43641453,-0.07643581,1,0,1,1,0
677,140833,-0.22941749,0.27659848,-0.15675193,-0.88541803,2.46213754,-0.05665308,1,0,1,1,1
678,141041,-0.25056177,0.26824559,-0.08620304,-1.03708973,2.49995225,-0.05086490,1,0,1,1,1
679,141250,-0.24889817,0.26030209,-0.02169217,-1.18982713,2.49947244,-0.04800823,1,0,1,1,1
680,141458,-0.26524445,0.26735557,0.03169816,-1.32132695,2.49309681,-0.02645737,1,0,1,1,1
681,141666,-0.27300710,0.24729066,0.09585782,-1.46851865,2.47339084,-0.03814641,1,0,1,1,1
682,141875,-0.27657781,0.22318172,0.16592556,-1.58940876,2.47078057,-0.02892633,1,0,1,1,1
683,142083,-0.28630257,0.22278433,0.22950959,-1.71582480,2.41783780,-0.02903893,1,0,1,1,1
684,142291,-0.29917368,0.20935619,0.28372602,-1.84316107,2.39887286,-0.02390785,1,0,1,1,1
685,142500,-0.29637924,0.18443344,0.33545416,-1.93237827,2.34037409,-0.01911645,1,0,1,1,1
686,142708,-0.29672817,0.17171520,0.40421650,-2.04638166,2.26294830,-0.01820747,1,0,1,1,1
687,142916,-0.29504937,0.14661532,0.45371982,-2.10386923,2.21226548,0.00163982,1,0,1,1,1
688,143125,-0.30529215,0.13808346,0.50289141,-2.20539022,2.11607303,0.02090252,1,0,1,1,1
689,143333,-0.30263701,0.11277997,0.55328843,-2.27640317,2.01890961,0.00867004,1,0,1,1,1
690,143541,-0.30241918,0.10473591,0.59407501,-2.36017142,1.91302081,0.02004484,1,0,1,1,1
691,143750,-0.29267718,0.09280447,0.66056429,-2.37588864,1.80748299,0.01490913,1,0,1,1,1
692,143958,-0.28827840,0.07059199,0.70851707,-2.44772881,1.70452975,0.01177317,1,0,1,1,1
693,144166,-0.28524616,0.04943937,0.73602853,-2.49011000,1.57577684,0.03577961,1,0,1,1,1
694,144375,-0.27252944,0.02933866,0.77679991,-2.48723128,1.44671855,0.03525318,1,0,1,1,1
695,144583,-0.27508525,0.01659416,0.80744732,-2.51885107,1.30841320,0.03777927,1,0,1,1,1
696,144791,-0.25660505,-0.00579313,0.83951815,-2.49697812,1.19025401,0.03641264,1,0,1,1,1
697,145000,-0.24023650,-0.03987590,0.86025189,-2.48987349,1.03465307,0.04334562,1,0,1,1,1
698,145208,-0.22854396,-0.05029788,0.89148047,-2.48302393,0.88940177,0.06535295,1,0,1,1,1
699,145416,-0.21183920,-0.07430946,0.91854177,-2.43580280,0.71135253,0.08760336,1,0,1,1,0
700,145625,-0.19968206,-0.08183630,0.92486048,-2.38740766,0.56623933,0.06786190,1,0,1,1,0
701,145833,-0.18861908,-0.10329647,0.93546801,-2.32359910,0.39083608,0.08293502,1,0,1,1,0
702,146041,-0.18034606,-0.12822746,0.95077212,-2.28102514,0.21157350,0.07206965,1,0,1,1,0
703,146250,-0.15995525,-0.13431993,0.94601899,-2.18863177,0.06062553,0.07812996,1,0,1,1,0
704,146458,-0.14271886,-0.15583575,0.94800937,-2.10789288,-0.07603622,0.07345977,1,0,1,1,0
705,146666,-0.11637348,-0.16148765,0.94374077,-2.02976921,-0.25133281,0.08788529,1,0,1,1,0
706,146875,-0.09957478,-0.19431277,0.93496975,-1.93285110,-0.40471505,0.07100238,1,0,1,1,0
707,147083,-0.09086170,-0.20646254,0.92106459,-1.82802030,-0.58970760,0.08568385,1,0,1,1,0
708,147291,-0.05523240,-0.22618305,0.91349095,-1.69947721,-0.73555112,0.09325802,1,0,1,1,0
709,147500,-0.04829513,-0.23488244,0.89704195,-1.58357871,-0.89178721,0.09328939,1,0,1,1,0
710,147708,-0.03101684,-0.24750272,0.86997116,-1.44968947,-1.06148084,0.10373977,1,0,1,1,0
711,147916,-0.01116034,-0.25329889,0.84855253,-1.30667940,-1.17291824,0.10692551,1,0,1,1,0
712,148125,0.00416094,-0.26834475,0.81126481,-1.16024889,-1.32154836,0.09834555,1,0,1,1,0
713,148333,0.02713305,-0.27538235,0.77268219,-1.02060507,-1.46963159,0.11024223,1,0,1,1,0
714,148541,0.05951472,-0.28376629,0.73298943,-0.87932942,-1.57989108,0.08059412,1,0,1,1,0
715,148750,0.07504675,-0.28868576,0.69317879,-0.72449035,-1.73111084,0.10456246,1,0,1,1,0
716,148958,0.08968519,-0.28969266,0.65282171,-0.56977812,-1.83063959,0.09400764,1,0,1,1,0
717,149166,0.11331839,-0.30748312,0.60195941,-0.38399088,-1.94025494,0.07763255,1,0,1,1,0
718,149375,0.12358702,-0.29581731,0.55643457,-0.23551795,-2.04181793,0.09895384,1,0,1,1,0
719,149583,0.14539455,-0.29999097,0.49399126,-0.06108583,-2.11538159,0.09088973,1,0,1,1,0
720,149791,0.16310496,-0.30280345,0.44195394,0.10714622,-2.20902551,0.07931165,1,0,1,1,0
721,150000,0.18430459,-0.29904154,0.38899742,0.24309462,-2.29199558,0.09146010,1,0,1,1,0
722,150208,0.19559416,-0.29403748,0.32421637,0.43633945,-2.34003186,0.07741282,1,0,1,1,0
723,150416,0.19918771,-0.28727986,0.27186242,0.58714612,-2.40163315,0.08121318,1,0,1,1,0
724,150625,0.22679921,-0.28828913,0.19847663,0.74393667,-2.43951172,0.07162638,1,0,1,1,0
725,150833,0.23181295,-0.27347613,0.15206841,0.89841584,-2.45971120,0.05203321,1,0,1,1,1
726,151041,0.24145486,-0.26465220,0.08462148,1.05107845,-2.49650001,0.04135401,1,0,1,1,1
727,151250,0.24212532,-0.26365160,0.02430135,1.18878922,-2.49572969,0.04146640,1,0,1,1,1
728,151458,0.25643583,-0.24466327,-0.03955807,1.31848807,-2.50298582,0.04970162,1,0,1,1,1
729,151666,0.27503955,-0.25002365,-0.09774055,1.46582130,-2.48438006,0.03539167,1,0,1,1,1
730,151875,0.27748827,-0.23636160,-0.16324250,1.57836278,-2.45963552,0.03830511,1,0,1,1,1
731,152083,0.28150658,-0.21307626,-0.22391129,1.70708713,-2.41198224,0.02294792,1,0,1,1,1
732,152291,0.29294779,-0.19526517,-0.27746215,1.82133383,-2.38127479,0.00479157,1,0,1,1,1
733,152500,0.29535598,-0.19440922,-0.35132548,1.93372858,-2.32123773,0.02018560,1,0,1,1,1
734,152708,0.29614310,-0.16908030,-0.39732787,2.03408546,-2.27362527,0.01840562,1,0,1,1,1
735,152916,0.28894649,-0.14936519,-0.44736961,2.10939249,-2.20764320,0.00115238,1,0,1,1,1
736,153125,0.29625339,-0.14314348,-0.50801080,2.20225127,-2.12472374,-0.00633298,1,0,1,1,1
737,153333,0.29161669,-0.12717801,-0.55121311,2.28187785,-2.01930517,-0.00075474,1,0,1,1,1
738,153541,0.29740717,-0.10276143,-0.61207987,2.32819339,-1.90496216,-0.01096577,1,0,1,1,1
739,153750,0.28864554,-0.08881217,-0.65756028,2.38937084,-1.81732456,-0.01050232,1,0,1,1,1
740,153958,0.28288525,-0.07720253,-0.70424927,2.44043157,-1.68471040,-0.01978125,1,0,1,1,1
741,154166,0.29105705,-0.04232973,-0.74418091,2.44907964,-1.59254680,-0.04211303,1,0,1,1,1
742,154375,0.26930392,-0.02735784,-0.77857672,2.48332452,-1.44295400,-0.04544169,1,0,1,1,1
743,154583,0.26704881,-0.01060130,-0.80469929,2.49959374,-1.31227234,-0.04725098,1,0,1,1,1
744,154791,0.24531297,0.01534829,-0.84438102,2.50875356,-1.17204703,-0.05549109,1,0,1,1,1
745,155000,0.24452703,0.03055224,-0.86738678,2.50247569,-1.02251713,-0.06343807,1,0,1,1,1
746,155208,0.23434461,0.05572785,-0.89633868,2.47035310,-0.87583964,-0.05882378,1,0,1,1,1
747,155416,0.21434302,0.07195568,-0.90771069,2.44971869,-0.71339806,-0.06682429,1,0,1,1,0
748,155625,0.20389804,0.08263034,-0.92947565,2.41001150,-0.55503361,-0.07846092,1,0,1,1,0
749,155833,0.18945891,0.11162711,-0.93129902,2.34072654,-0.38951555,-0.08844762,1,0,1,1,0
750,156041,0.17640151,0.12974873,-0.94395376,2.26620278,-0.23394803,-0.07964595,1,0,1,1,0
751,156250,0.16056121,0.14126588,-0.95758616,2.19744881,-0.07010657,-0.09133462,1,0,1,1,0
752,156458,0.14264032,0.16754454,-0.96014103,2.11741254,0.09441428,-0.09386754,1,0,1,1,0
753,156666,0.12332941,0.17670761,-0.94598652,2.03203359,0.25253492,-0.09956047,1,0,1,1,0
754,156875,0.10066614,0.19402660,-0.94277317,1.90905051,0.41132102,-0.09759780,1,0,1,1,0
755,157083,0.07874643,0.20557652,-0.92438121,1.81438909,0.57781612,-0.10159108,1,0,1,1,0
756,157291,0.07704342,0.21082450,-0.90816445,1.70414853,0.72180155,-0.08674290,1,0,1,1,0
757,157500,0.04932470,0.23746712,-0.88693239,1.58133692,0.88374838,-0.10130150,1,0,1,1,0
758,157708,0.02233841,0.24500641,-0.86140501,1.44753139,1.02636803,-0.11398424,1,0,1,1,0
759,157916,0.01688302,0.24922662,-0.84044496,1.29969267,1.18205317,-0.09910487,1,0,1,1,0
760,158125,-0.01784626,0.26773716,-0.80175143,1.16879864,1.33111990,-0.08793619,1,0,1,1,0
761,158333,-0.03118961,0.27618559,-0.77924105,1.01281077,1.45374913,-0.10031641,1,0,1,1,0
762,158541,-0.05218379,0.28226152,-0.73030976,0.85934868,1.59184307,-0.10046110,1,0,1,1,0
763,158750,-0.06596636,0.28694867,-0.69404001,0.73335157,1.71988080,-0.11362567,1,0,1,1,0
764,158958,-0.08948247,0.29323806,-0.64143461,0.53869284,1.83420343,-0.09738765,1,0,1,1,0
765,159166,-0.10928620,0.29470144,-0.59199097,0.39739459,1.94247643,-0.10029061,1,0,1,1,0
766,159375,-0.12104397,0.30003476,-0.54439433,0.24183229,2.02531216,-0.10895340,1,0,1,1,0
767,159583,-0.14790083,0.29796764,-0.49186920,0.08067691,2.13265798,-0.09841011,1,0,1,1,0
768,159791,-0.16353048,0.29705731,-0.44303059,-0.08997262,2.20841129,-0.07256647,1,0,1,1,0
769,160000,-0.17840003,0.29665011,-0.40069985,-0.25640325,2.29775283,-0.07170672,1,0,1,1,0
770,160208,-0.19260153,0.30100453,-0.32244527,-0.40636429,2.34370333,-0.06445223,1,0,1,1,0
771,160416,-0.21714705,0.29036808,-0.26885170,-0.57784633,2.40206436,-0.07228928,1,0,1,1,0
772,160625,-0.21876256,0.28747916,-0.20477999,-0.72413764,2.43469096,-0.08886453,1,0,1,1,0
773,160833,-0.23520853,0.27322098,-0.14969725,-0.87820572,2.46519580,-0.06022078,1,0,1,1,1
774,161041,-0.23383776,0.27453083,-0.08399173,-1.04340816,2.48142235,-0.03430334,1,0,1,1,1
775,161250,-0.26390442,0.26872902,-0.01921016,-1.17514606,2.46885701,-0.06467341,1,0,1,1,1
776,161458,-0.26836231,0.25706906,0.03281188,-1.34205830,2.48842418,-0.06370265,1,0,1,1,1
777,161666,-0.28154802,0.24010207,0.10071151,-1.45645581,2.49754090,-0.05125681,1,0,1,1,1
778,161875,-0.27957950,0.23275655,0.15901668,-1.61316469,2.46426613,-0.02874125,1,0,1,1,1
779,162083,-0.28227403,0.21564600,0.22149119,-1.70559543,2.44173450,-0.05011136,1,0,1,1,1
780,162291,-0.28506874,0.20606840,0.28076919,-1.80781658,2.40334262,-0.01712134,1,0,1,1,1
781,162500,-0.29005182,0.18530446,0.34417043,-1.93729020,2.32940911,-0.02025094,1,0,1,1,1
782,162708,-0.30077308,0.17926564,0.39204331,-2.03568219,2.28159185,-0.01028786,1,0,1,1,1
783,162916,-0.29864186,0.16355346,0.45158425,-2.11168088,2.18499956,0.00172431,1,0,1,1,1
784,163125,-0.30406248,0.13907928,0.50515223,-2.21064810,2.10763938,-0.00013236,1,0,1,1,1
785,163333,-0.29133826,0.11898015,0.55759229,-2.30657792,2.02649319,0.00884808,1,0,1,1,1
786,163541,-0.29640301,0.09632826,0.59908021,-2.34065814,1.92815363,0.01713203,1,0,1,1,1
787,163750,-0.28468676,0.09692164,0.65380323,-2.40435742,1.82018307,0.03334796,1,0,1,1,1
788,163958,-0.28756613,0.06833155,0.70154462,-2.43834243,1.71962184,0.02829005,1,0,1,1,1
789,164166,-0.27851690,0.04555986,0.73403874,-2.47912004,1.59298813,0.01930055,1,0,1,1,1
790,164375,-0.27621337,0.02513178,0.76663722,-2.47352337,1.45085220,0.04439666,1,0,1,1,1
791,164583,-0.26349838,0.00272706,0.81113840,-2.49405505,1.31098625,0.05329752,1,0,1,1,1
792,164791,-0.25089823,-0.00709975,0.83490775,-2.50201834,1.18259591,0.07731469,1,0,1,1,1
793,165000,-0.24528660,-0.02856997,0.85839159,-2.48087628,1.01682968,0.06024674,1,0,1,1,1
794,165208,-0.23483765,-0.05252698,0.88917949,-2.46543448,0.87506967,0.07274576,1,0,1,1,1
795,165416,-0.21954004,-0.06695275,0.90240532,-2.41668007,0.70022602,0.06941100,1,0,1,1,0
796,165625,-0.20700009,-0.08461942,0.91800268,-2.38415425,0.55952342,0.07512809,1,0,1,1,0
797,165833,-0.18761366,-0.10465149,0.94118478,-2.32147947,0.42026407,0.09027529,1,0,1,1,0
798,166041,-0.16447353,-0.11515494,0.94524269,-2.27856911,0.24651951,0.10180209,1,0,1,1,0
799,166250,-0.16682985,-0.14337141,0.94277674,-2.19757804,0.07431485,0.09058722,1,0,1,1,0
800,166458,-0.14711460,-0.16609351,0.94668103,-2.10659069,-0.08440243,0.10136148,1,0,1,1,0
801,166666,-0.12258373,-0.17302756,0.95785353,-2.02358101,-0.27186143,0.06534592,1,0,1,1,0
802,166875,-0.10189781,-0.19203223,0.93674745,-1.94829934,-0.41060260,0.08254909,1,0,1,1,0
803,167083,-0.09271088,-0.20553899,0.92447953,-1.81983273,-0.57627881,0.08960805,1,0,1,1,0
804,167291,-0.06154675,-0.21653452,0.90355305,-1.71103582,-0.72294870,0.10129850,1,0,1,1,0
805,167500,-0.04288586,-0.23764444,0.88949868,-1.56530422,-0.88550186,0.08791076,1,0,1,1,0
806,167708,-0.02056539,-0.25179919,0.85941242,-1.44045537,-1.05265615,0.09503289,1,0,1,1,0
807,167916,-0.00643682,-0.25121837,0.83028519,-1.30103996,-1.17137957,0.10103421,1,0,1,1,0
808,168125,0.01769592,-0.26408818,0.80800001,-1.17741367,-1.33091678,0.11006110,1,0,1,1,0
809,168333,0.03518939,-0.26589892,0.76518350,-1.03078554,-1.44608408,0.10089707,1,0,1,1,0
810,168541,0.05809787,-0.27682982,0.73506489,-0.88365071,-1.59563161,0.10515464,1,0,1,1,0
811,168750,0.06707383,-0.28632483,0.70134966,-0.71869354,-1.72593091,0.09514150,1,0,1,1,0
812,168958,0.09257916,-0.29880295,0.65079009,-0.55826015,-1.84326295,0.08961286,1,0,1,1,0
813,169166,0.10495979,-0.28669791,0.59257925,-0.38698530,-1.95400370,0.10835831,1,0,1,1,0
814,169375,0.12507662,-0.30901225,0.54608170,-0.23724444,-2.03037843,0.09266142,1,0,1,1,0
815,169583,0.12843669,-0.30047445,0.49190063,-0.08070870,-2.13300790,0.07618693,1,0,1,1,0
816,169791,0.15824749,-0.30548426,0.44259413,0.10198763,-2.20185764,0.08268214,1,0,1,1,0
817,170000,0.17734730,-0.29857166,0.38874878,0.24594848,-2.28997101,0.09105937,1,0,1,1,0
818,170208,0.19201694,-0.29513315,0.32130297,0.42946634,-2.33818460,0.06375743,1,0,1,1,0
819,170416,0.20888854,-0.29621564,0.26964010,0.60437319,-2.39737676,0.06313757,1,0,1,1,0
820,170625,0.22383372,-0.29238118,0.21501425,0.73105208,-2.43748717,0.05771127,1,0,1,1,0
821,170833,0.22920369,-0.28263758,0.14871747,0.86498182,-2.46198255,0.06637918,1,0,1,1,1
822,171041,0.25229836,-0.27273214,0.08415344,1.04342472,-2.47780274,0.05227365,1,0,1,1,1
823,171250,0.24689948,-0.26152089,0.03073112,1.19197721,-2.49342397,0.03941693,1,0,1,1,1
824,171458,0.26645850,-0.25201346,-0.02996702,1.32878723,-2.48279287,0.03436529,1,0,1,1,1
825,171666,0.25951196,-0.24576203,-0.09747446,1.47409436,-2.50310995,0.05167231,1,0,1,1,1
826,171875,0.28772041,-0.23504441,-0.16043147,1.59376425,-2.47450409,0.03455835,1,0,1,1,1
827,172083,0.28318321,-0.21117397,-0.21834984,1.70663265,-2.43764889,0.03228735,1,0,1,1,1
828,172291,0.30003006,-0.21161628,-0.27178228,1.82277468,-2.38323250,0.02005473,1,0,1,1,1
829,172500,0.28580825,-0.18563310,-0.34238960,1.93489000,-2.35102817,0.00170078,1,0,1,1,1
830,172708,0.30711334,-0.17720556,-0.39324031,2.03570786,-2.28337881,0.01671466,1,0,1,1,1
831,172916,0.29836684,-0.15574222,-0.44360416,2.12379745,-2.19620336,-0.00299811,1,0,1,1,1
832,173125,0.29678620,-0.13316095,-0.49922753,2.20908634,-2.12235162,0.00079070,1,0,1,1,1
833,173333,0.29643107,-0.12211429,-0.56690741,2.27011103,-2.04393393,-0.01468983,1,0,1,1,1
834,173541,0.30250348,-0.10088543,-0.60484201,2.36131953,-1.92177037,-0.02447813,1,0,1,1,1
835,173750,0.28371978,-0.08421864,-0.64806220,2.39087372,-1.81979386,-0.01915274,1,0,1,1,1
836,173958,0.29038055,-0.06473703,-0.69146292,2.42678762,-1.71423017,-0.03421248,1,0,1,1,1
837,174166,0.28569529,-0.04645059,-0.72860276,2.47105875,-1.57643903,-0.01681071,1,0,1,1,1
838,174375,0.27306837,-0.02515590,-0.77934192,2.48356914,-1.47697747,-0.02999632,1,0,1,1,1
839,174583,0.26274265,-0.01056689,-0.80956785,2.49545958,-1.32004582,-0.06095527,1,0,1,1,1
840,174791,0.25436655,0.00937681,-0.83606407,2.50064214,-1.15129841,-0.05229805,1,0,1,1,1
841,175000,0.24164464,0.02725037,-0.86406193,2.48828357,-1.01296362,-0.06111042,1,0,1,1,1
842,175208,0.22625417,0.05430319,-0.87955756,2.45241652,-0.87161907,-0.07089714,1,0,1,1,1
843,175416,0.22145123,0.08084121,-0.91458467,2.43890498,-0.71078314,-0.07774624,1,0,1,1,0
844,175625,0.20813575,0.09325470,-0.91945742,2.38800262,-0.57075755,-0.07780580,1,0,1,1,0
845,175833,0.18865485,0.11017390,-0.93483772,2.33048844,-0.38104980,-0.06297579,1,0,1,1,0
846,176041,0.17244606,0.12117682,-0.94672351,2.28797022,-0.23311939,-0.07709380,1,0,1,1,0
847,176250,0.15979249,0.13264241,-0.94794650,2.20502295,-0.07087360,-0.08429124,1,0,1,1,0
848,176458,0.14094664,0.14761438,-0.94748929,2.10687250,0.09359238,-0.10186329,1,0,1,1,0
849,176666,0.11811383,0.16177422,-0.95477333,2.02018683,0.25589108,-0.12739658,1,0,1,1,0
850,176875,0.09427833,0.19093898,-0.93703031,1.92062016,0.41725327,-0.10435418,1,0,1,1,0
851,177083,0.08478448,0.20182813,-0.92246146,1.82655946,0.59203864,-0.08175615,1,0,1,1,0
852,177291,0.06419220,0.22095285,-0.90424642,1.69433166,0.74019995,-0.10183963,1,0,1,1,0
853,177500,0.04129124,0.23550001,-0.88851211,1.57185330,0.88501713,-0.10452278,1,0,1,1,0
854,177708,0.03326687,0.24236902,-0.86304224,1.43686438,1.03959664,-0.09232088,1,0,1,1,0
855,177916,0.00140022,0.25159813,-0.83588860,1.31873790,1.20003589,-0.09965249,1,0,1,1,0
856,178125,-0.01532963,0.27165635,-0.80534338,1.16660249,1.34269541,-0.10745918,1,0,1,1,0
857,178333,-0.02639360,0.27658435,-0.77166338,1.01175549,1.45193251,-0.09496003,1,0,1,1,0
858,178541,-0.04607811,0.28177640,-0.73264088,0.85091011,1.59602940,-0.09323528,1,0,1,1,0
859,178750,-0.07905792,0.28862694,-0.68831474,0.71240165,1.70183135,-0.07447983,1,0,1,1,0
860,178958,-0.08921655,0.29729109,-0.65165318,0.54926135,1.83445931,-0.08249410,1,0,1,1,0
861,179166,-0.11084727,0.29420844,-0.60329291,0.39315580,1.93257398,-0.09694469,1,0,1,1,0
862,179375,-0.11609006,0.30412372,-0.55151341,0.24579178,2.02453689,-0.09102280,1,0,1,1,0
863,179583,-0.13385956,0.30359996,-0.49922176,0.08615620,2.14181435,-0.10112922,1,0,1,1,0
864,179791,-0.16331665,0.30790272,-0.44699094,-0.10196328,2.22112377,-0.08677051,1,0,1,1,0
865,180000,-0.17925271,0.30684625,-0.38599360,-0.26549559,2.27369577,-0.07620728,1,0,1,1,0
866,180208,-0.19126189,0.29975629,-0.32735877,-0.41754493,2.34797632,-0.07739070,1,0,1,1,0
867,180416,-0.20098582,0.29822007,-0.26219458,-0.57179344,2.39394473,-0.08439618,1,0,1,1,0
868,180625,-0.21693303,0.28731003,-0.21301628,-0.72755820,2.43520506,-0.07450819,1,0,1,1,0
869,180833,-0.23833485,0.28470033,-0.14967750,-0.87426792,2.47671814,-0.07022475,1,0,1,1,1
870,181041,-0.23918794,0.26668702,-0.07649913,-1.04017460,2.49266349,-0.05190638,1,0,1,1,1
871,181250,-0.25696102,0.27102202,-0.02982798,-1.18919856,2.49897808,-0.04684330,1,0,1,1,1
872,181458,-0.27108645,0.25546959,0.03903473,-1.33418512,2.52206322,-0.04593140,1,0,1,1,1
873,181666,-0.26549243,0.23814760,0.09174890,-1.47357660,2.48651695,-0.03608003,1,0,1,1,1
874,181875,-0.27413888,0.23583841,0.16026553,-1.58991303,2.46348482,-0.03787662,1,0,1,1,1
875,182083,-0.29235860,0.22436447,0.21902992,-1.69572401,2.41355767,-0.03735678,1,0,1,1,1
876,182291,-0.28813776,0.20558872,0.28241682,-1.83119600,2.41236521,-0.02478114,1,0,1,1,1
877,182500,-0.28883431,0.18830577,0.33704727,-1.91905346,2.32400783,-0.01497083,1,0,1,1,1
878,182708,-0.29274023,0.16404013,0.39862130,-2.02561379,2.28592207,-0.00690263,1,0,1,1,1
879,182916,-0.30213389,0.15695728,0.45321789,-2.15042534,2.18975492,-0.00878312,1,0,1,1,1
880,183125,-0.30439092,0.14813526,0.51468597,-2.20310254,2.11661196,-0.01354622,1,0,1,1,1
881,183333,-0.30039461,0.11951146,0.55205736,-2.30167834,2.03244538,0.01209438,1,0,1,1,1
882,183541,-0.29866828,0.10129363,0.59957844,-2.33618803,1.94973874,-0.00195726,1,0,1,1,1
883,183750,-0.30573158,0.09092661,0.65127974,-2.40070884,1.80884801,0.01925608,1,0,1,1,1
884,183958,-0.28504551,0.05882978,0.69834025,-2.43627470,1.71629487,0.01323081,1,0,1,1,1
885,184166,-0.28720041,0.04429258,0.74001105,-2.47635623,1.57096959,0.04642207,1,0,1,1,1
886,184375,-0.27522462,0.03115432,0.77073972,-2.48320890,1.45107376,0.04922999,1,0,1,1,1
887,184583,-0.26049450,0.01212308,0.81663225,-2.47708133,1.30023566,0.05586306,1,0,1,1,1
888,184791,-0.25029032,-0.01711704,0.83812227,-2.47349448,1.17107899,0.04064369,1,0,1,1,1
889,185000,-0.24022075,-0.02633714,0.85790233,-2.49520289,1.02803697,0.04372002,1,0,1,1,1
890,185208,-0.22705006,-0.04567847,0.89005931,-2.46558150,0.87944267,0.08476752,1,0,1,1,1
891,185416,-0.21420647,-0.07211917,0.90879827,-2.42194096,0.72378090,0.06959675,1,0,1,1,0
892,185625,-0.19928654,-0.08755190,0.92374530,-2.38746581,0.55679346,0.05409671,1,0,1,1,0
893,185833,-0.19081138,-0.10143090,0.93813319,-2.34094530,0.39261840,0.07315102,1,0,1,1,0
894,186041,-0.17511510,-0.12527341,0.94659300,-2.26292665,0.24531177,0.07239827,1,0,1,1,0
895,186250,-0.16604058,-0.14948720,0.94516003,-2.20382121,0.08631127,0.09217971,1,0,1,1,0
896,186458,-0.14154361,-0.15494492,0.94453488,-2.11344922,-0.10419917,0.07691828,1,0,1,1,0
897,186666,-0.13081349,-0.16868450,0.94067584,-2.01875526,-0.25679429,0.08601460,1,0,1,1,0
898,186875,-0.10936807,-0.18912748,0.94774018,-1.92330555,-0.42336988,0.10019187,1,0,1,1,0
899,187083,-0.07807321,-0.20740068,0.92422994,-1.82491071,-0.57476471,0.09790740,1,0,1,1,0
900,187291,-0.07205440,-0.21920992,0.91513698,-1.70103770,-0.74193958,0.09266897,1,0,1,1,0
901,187500,-0.04573516,-0.23694430,0.89534806,-1.57093689,-0.88852300,0.08769344,1,0,1,1,0
902,187708,-0.03696613,-0.25364700,0.86378753,-1.45017369,-1.03149060,0.10188639,1,0,1,1,0
903,187916,-0.00092122,-0.25103721,0.84071420,-1.30799696,-1.20492878,0.08086755,1,0,1,1,0
904,188125,0.01859371,-0.26010731,0.81011846,-1.16275446,-1.33498833,0.10301097,1,0,1,1,0
905,188333,0.02306557,-0.26942618,0.76798684,-1.01312768,-1.46441978,0.09949364,1,0,1,1,0
906,188541,0.05609526,-0.28071189,0.73011673,-0.87145792,-1.60251251,0.09501189,1,0,1,1,0
907,188750,0.06607809,-0.28021936,0.69566884,-0.72300785,-1.71211814,0.08692557,1,0,1,1,0
908,188958,0.08310457,-0.29200326,0.64778651,-0.55333498,-1.84268464,0.09880136,1,0,1,1,0
909,189166,0.10521190,-0.29575669,0.58937745,-0.39974918,-1.93537042,0.09558820,1,0,1,1,0
910,189375,0.12471895,-0.31506072,0.54706213,-0.24545143,-2.03872444,0.08193155,1,0,1,1,0
911,189583,0.14979446,-0.30148141,0.49355381,-0.08565712,-2.13658313,0.06366703,1,0,1,1,0
912,189791,0.15840327,-0.31003891,0.44115465,0.09625274,-2.22301775,0.08493861,1,0,1,1,0
913,190000,0.17866562,-0.29182979,0.37919156,0.24192791,-2.27784449,0.09213894,1,0,1,1,0
914,190208,0.19269835,-0.29577984,0.32909674,0.43165639,-2.32410770,0.07359059,1,0,1,1,0
915,190416,0.20289848,-0.28547017,0.27079244,0.57229547,-2.38782774,0.06899909,1,0,1,1,0
916,190625,0.21479140,-0.29268143,0.20861302,0.71938439,-2.42990826,0.07012025,1,0,1,1,0
917,190833,0.23739994,-0.28042512,0.14627782,0.90628510,-2.47215582,0.05449354,1,0,1,1,1
918,191041,0.25652205,-0.27510177,0.08361245,1.03988279,-2.48880833,0.05500852,1,0,1,1,1
919,191250,0.25363189,-0.27558062,0.02698328,1.18964833,-2.50882311,0.06235210,1,0,1,1,1
920,191458,0.26002068,-0.24768979,-0.04371881,1.31967951,-2.50623865,0.04863701,1,0,1,1,1
921,191666,0.27266928,-0.23847599,-0.08857163,1.47648202,-2.48143330,0.05765263,1,0,1,1,1
922,191875,0.28602285,-0.22998855,-0.15331839,1.59203125,-2.47604906,0.03646104,1,0,1,1,1
923,192083,0.28440935,-0.21478273,-0.23148209,1.69653802,-2.43406699,0.03453049,1,0,1,1,1
924,192291,0.28680008,-0.20815823,-0.27167399,1.82905083,-2.39753003,0.01693959,1,0,1,1,1
925,192500,0.29367518,-0.19535702,-0.33632565,1.94547738,-2.33825260,0.01312748,1,0,1,1,1
926,192708,0.29712123,-0.17730024,-0.39383909,2.03037566,-2.28214852,0.01103297,1,0,1,1,1
927,192916,0.29853952,-0.16105368,-0.45279045,2.11403572,-2.21947810,0.01491388,1,0,1,1,1
928,193125,0.30459420,-0.14117087,-0.50125692,2.20713662,-2.11312136,-0.00535903,1,0,1,1,1
929,193333,0.30188572,-0.12081714,-0.55838758,2.30110228,-2.02603122,-0.00136866,1,0,1,1,1
930,193541,0.29623652,-0.10492438,-0.60906803,2.35755227,-1.91777027,-0.00433911,1,0,1,1,1
931,193750,0.28291083,-0.07659862,-0.65405681,2.40824943,-1.80221095,-0.00356778,1,0,1,1,1
932,193958,0.27555516,-0.07411258,-0.69785139,2.44743334,-1.69664891,-0.02774026,1,0,1,1,1
933,194166,0.28009636,-0.04335509,-0.73627340,2.46660264,-1.56955660,-0.03171310,1,0,1,1,1
934,194375,0.27299144,-0.03136051,-0.77227572,2.48350949,-1.43947015,-0.04702500,1,0,1,1,1
935,194583,0.26851485,-0.00977071,-0.81951471,2.50171713,-1.29357774,-0.04413435,1,0,1,1,1
936,194791,0.26362432,0.01978182,-0.83592323,2.50639277,-1.17732340,-0.04814996,1,0,1,1,1
937,195000,0.24239391,0.02820149,-0.86633273,2.47455790,-1.02498714,-0.06002906,1,0,1,1,1
938,195208,0.22865800,0.04703266,-0.88562076,2.46277833,-0.87617866,-0.07694288,1,0,1,1,1
939,195416,0.21159341,0.06635831,-0.90800937,2.44625317,-0.71499005,-0.07225562,1,0,1,1,0
940,195625,0.21042771,0.08666055,-0.93499450,2.39642438,-0.56429016,-0.09844571,1,0,1,1,0
941,195833,0.18717309,0.10641857,-0.93604952,2.34591562,-0.40678054,-0.07869563,1,0,1,1,0
942,196041,0.17299183,0.12351956,-0.94759021,2.24789419,-0.24002112,-0.09242170,1,0,1,1,0
943,196250,0.16112149,0.13274297,-0.95871420,2.20246954,-0.08034425,-0.08113350,1,0,1,1,0
944,196458,0.13408285,0.15414090,-0.95257645,2.11851705,0.08496104,-0.06574117,1,0,1,1,0
945,196666,0.11782332,0.18023207,-0.95124149,2.01393725,0.23822440,-0.08189592,1,0,1,1,0
946,196875,0.10179692,0.19522405,-0.93433164,1.92980571,0.43817576,-0.10091317,1,0,1,1,0
947,197083,0.07992723,0.20673531,-0.91854284,1.82974375,0.56986198,-0.08470234,1,0,1,1,0
948,197291,0.05919283,0.21720402,-0.90779576,1.69843487,0.74628873,-0.09440369,1,0,1,1,0
949,197500,0.04831588,0.23267263,-0.88607441,1.58282788,0.90082245,-0.09246454,1,0,1,1,0
950,197708,0.02996222,0.24052826,-0.87059701,1.44330896,1.04246958,-0.10142523,1,0,1,1,0
951,197916,0.01111915,0.26150038,-0.83495735,1.31469247,1.17832455,-0.08985449,1,0,1,1,0
952,198125,-0.00619949,0.27043477,-0.80941245,1.14971864,1.33993789,-0.10810842,1,0,1,1,0
953,198333,-0.02531496,0.27472629,-0.78094250,1.01401927,1.47416135,-0.11778865,1,0,1,1,0
954,198541,-0.05138814,0.27821785,-0.73473680,0.86318290,1.60281057,-0.10469325,1,0,1,1,0
955,198750,-0.06838651,0.28967305,-0.69108172,0.71326654,1.72570504,-0.09394408,1,0,1,1,0
956,198958,-0.08481090,0.29567156,-0.64221384,0.54712821,1.83693455,-0.10123105,1,0,1,1,0
957,199166,-0.10638525,0.29693052,-0.60214767,0.40409816,1.94562945,-0.08518948,1,0,1,1,0
958,199375,-0.12038962,0.29452917,-0.55562487,0.24694624,2.04773624,-0.08891629,1,0,1,1,0
959,199583,-0.14718372,0.30530921,-0.49591223,0.07603206,2.12239488,-0.09308321,1,0,1,1,0
960,199791,-0.15906097,0.30324820,-0.44350791,-0.08886973,2.20901980,-0.08415409,1,0,1,1,0
961,200000,-0.16673917,0.29357435,-0.38962439,-0.25409916,2.26792566,-0.11240229,1,0,1,1,0
962,200208,-0.19577406,0.29668938,-0.32761137,-0.40567705,2.35828060,-0.07086718,1,0,1,1,0
963,200416,-0.21077778,0.28780404,-0.26420892,-0.58999892,2.39991435,-0.07031896,1,0,1,1,0
964,200625,-0.22107184,0.28555609,-0.21000874,-0.75770214,2.42437404,-0.07616472,1,0,1,1,0
965,200833,-0.22966316,0.27935014,-0.13426037,-0.90326896,2.44529591,-0.05350809,1,0,1,1,1
966,201041,-0.25557414,0.26700721,-0.09302053,-1.04747998,2.49016466,-0.06271478,1,0,1,1,1
967,201250,-0.26266274,0.25985782,-0.02471407,-1.18631067,2.49723436,-0.05086083,1,0,1,1,1
968,201458,-0.25572839,0.26043831,0.03881385,-1.32131907,2.49331198,-0.05033101,1,0,1,1,1
969,201666,-0.26525100,0.23435736,0.08942947,-1.46681560,2.48999242,-0.05833846,1,0,1,1,1
970,201875,-0.27704186,0.23439815,0.15938595,-1.60224618,2.47462221,-0.03816670,1,0,1,1,1
971,202083,-0.28228014,0.21927624,0.21233213,-1.71782270,2.44454812,-0.04655439,1,0,1,1,1
972,202291,-0.29252547,0.20924070,0.27581472,-1.82248452,2.40359758,-0.02189588,1,0,1,1,1
973,202500,-0.29595389,0.18274130,0.33400450,-1.94125572,2.33655306,-0.01509782,1,0,1,1,1
974,202708,-0.29902944,0.17569416,0.39120254,-2.04370514,2.28997669,-0.00526182,1,0,1,1,1
975,202916,-0.30362731,0.16256547,0.46437641,-2.11850234,2.19546799,-0.01036299,1,0,1,1,1
976,203125,-0.30501062,0.15337192,0.50333608,-2.19016479,2.12065187,-0.00672550,1,0,1,1,1
977,203333,-0.29643434,0.12400281,0.55935349,-2.27905275,2.03081291,0.01373221,1,0,1,1,1
978,203541,-0.30106222,0.10558551,0.60026389,-2.35163639,1.93348874,-0.00585464,1,0,1,1,1
979,203750,-0.29446181,0.08346414,0.65348205,-2.40354270,1.80646498,0.02482900,1,0,1,1,1
980,203958,-0.28646545,0.07314560,0.68855708,-2.42078860,1.70957707,0.04083807,1,0,1,1,1
981,204166,-0.28747330,0.04304678,0.74681428,-2.46088226,1.58402490,0.03114827,1,0,1,1,1
982,204375,-0.26588780,0.02649159,0.77659164,-2.48471340,1.43354961,0.05268402,1,0,1,1,1
983,204583,-0.26807478,-0.00059380,0.80983398,-2.49394422,1.31273762,0.05080425,1,0,1,1,1
984,204791,-0.25443961,-0.02000112,0.83638482,-2.50233839,1.16715986,0.06581945,1,0,1,1,1
985,205000,-0.24145526,-0.03387666,0.86673733,-2.47872217,1.04125955,0.06403406,1,0,1,1,1
986,205208,-0.22527245,-0.05081285,0.89807055,-2.45400701,0.87478559,0.06057847,1,0,1,1,1
987,205416,-0.21262423,-0.06867440,0.90793614,-2.43041899,0.71199641,0.06794983,1,0,1,1,0
988,205625,-0.19939811,-0.09956030,0.92642360,-2.39342956,0.55243072,0.06709032,1,0,1,1,0
989,205833,-0.19418007,-0.10217795,0.93084247,-2.33795592,0.40628543,0.06931705,1,0,1,1,0
990,206041,-0.17712593,-0.13424151,0.95150062,-2.27327040,0.23767670,0.08603747,1,0,1,1,0
991,206250,-0.16339754,-0.14747316,0.95007356,-2.18964987,0.07260796,0.08418282,1,0,1,1,0
992,206458,-0.13755266,-0.16009841,0.95157124,-2.10810766,-0.08563668,0.08087976,1,0,1,1,0
993,206666,-0.12601693,-0.17380302,0.94049520,-2.02321126,-0.25449651,0.10283108,1,0,1,1,0
994,206875,-0.11144822,-0.19240227,0.93158939,-1.92196851,-0.40435851,0.09833756,1,0,1,1,0
995,207083,-0.09414332,-0.20617721,0.92347849,-1.81678401,-0.58031442,0.06924179,1,0,1,1,0
996,207291,-0.06033465,-0.23083454,0.91237524,-1.72674068,-0.74560933,0.10321881,1,0,1,1,0
997,207500,-0.06014108,-0.22881304,0.89162250,-1.58434728,-0.89372020,0.09122408,1,0,1,1,0
998,207708,-0.01683070,-0.25034553,0.86663353,-1.44936215,-1.04163912,0.10970696,1,0,1,1,0
999,207916,-0.00335566,-0.25374777,0.83157587,-1.31011279,-1.18554756,0.10840599,1,0,1,1,0
1000,208125,0.00704173,-0.25975056,0.80097342,-1.18812589,-1.32663048,0.11144014,1,0,1,1,0
1001,208333,0.02949786,-0.27749589,0.77241905,-1.01047748,-1.46204260,0.10612013,1,0,1,1,0
1002,208541,0.05094004,-0.28423125,0.72127909,-0.88102157,-1.60001424,0.11064793,1,0,1,1,0
1003,208750,0.06977238,-0.28318096,0.68818794,-0.70979667,-1.73103423,0.07515164,1,0,1,1,0
1004,208958,0.08686131,-0.29216418,0.64990943,-0.56060349,-1.85097566,0.07918747,1,0,1,1,0
1005,209166,0.10629890,-0.29336403,0.60825877,-0.39259434,-1.93197398,0.10255427,1,0,1,1,0
1006,209375,0.13195859,-0.29689492,0.55036223,-0.24990677,-2.06169245,0.07722798,1,0,1,1,0
1007,209583,0.14886993,-0.29985756,0.50209148,-0.07703168,-2.12574693,0.08435812,1,0,1,1,0
1008,209791,0.16515914,-0.30138894,0.44711598,0.10535487,-2.20499047,0.09347136,1,0,1,1,0
1009,210000,0.18088451,-0.29844987,0.38311346,0.25007549,-2.27543446,0.10641160,1,0,1,1,0
1010,210208,0.18725709,-0.29038115,0.33745270,0.40342775,-2.33891467,0.08008572,1,0,1,1,0
1011,210416,0.20221992,-0.28932922,0.27259215,0.57992137,-2.39613775,0.07371881,1,0,1,1,0
1012,210625,0.21929565,-0.29299879,0.21037311,0.73517457,-2.45015743,0.04758095,1,0,1,1,0
1013,210833,0.23226756,-0.28808483,0.15539362,0.88486688,-2.47477234,0.06701469,1,0,1,1,1
1014,211041,0.24134751,-0.27043964,0.09204330,1.04924699,-2.47530153,0.05761624,1,0,1,1,1
1015,211250,0.25810618,-0.27764987,0.02910621,1.18170572,-2.49407391,0.06155621,1,0,1,1,1
1016,211458,0.26823942,-0.26189910,-0.04382785,1.32097245,-2.50941611,0.05234968,1,0,1,1,1
1017,211666,0.26703637,-0.24843949,-0.09588949,1.47131569,-2.49622021,0.05049186,1,0,1,1,1
1018,211875,0.28562230,-0.22820382,-0.15833090,1.58781873,-2.44470994,0.02399636,1,0,1,1,1
1019,212083,0.28713696,-0.21311666,-0.21956163,1.70852907,-2.44413285,0.03658705,1,0,1,1,1
1020,212291,0.29433139,-0.20499294,-0.27556971,1.86076883,-2.38933821,0.01632750,1,0,1,1,1
1021,212500,0.30120836,-0.19297965,-0.34127272,1.94827595,-2.33408467,0.00474688,1,0,1,1,1
1022,212708,0.30220295,-0.17445785,-0.39045833,2.05553848,-2.26287225,0.00596735,1,0,1,1,1
1023,212916,0.30231963,-0.14172536,-0.45143676,2.12840118,-2.19015627,0.00298815,1,0,1,1,1
1024,213125,0.30430417,-0.13560203,-0.50107788,2.20331226,-2.11136604,-0.00174755,1,0,1,1,1
1025,213333,0.29613735,-0.12598039,-0.56355160,2.26944380,-2.02484689,-0.02299104,1,0,1,1,1
1026,213541,0.30056122,-0.10509858,-0.60423181,2.34159854,-1.92042417,-0.00468462,1,0,1,1,1
1027,213750,0.28686768,-0.09253337,-0.66177324,2.37585258,-1.78643655,-0.01505946,1,0,1,1,1
1028,213958,0.28483998,-0.06601609,-0.68876487,2.41574717,-1.66613976,-0.01826466,1,0,1,1,1
1029,214166,0.27176748,-0.04956504,-0.73481997,2.46356242,-1.57155400,-0.01919404,1,0,1,1,1
1030,214375,0.28020006,-0.02821429,-0.77511163,2.48597523,-1.45150711,-0.04693751,1,0,1,1,1
1031,214583,0.26378940,-0.01504673,-0.80518849,2.49597069,-1.31088511,-0.03358522,1,0,1,1,1
1032,214791,0.25189133,0.01340934,-0.83885944,2.50414186,-1.16047981,-0.05819363,1,0,1,1,1
1033,215000,0.24461401,0.03223307,-0.87135512,2.48018428,-1.03164944,-0.05554631,1,0,1,1,1
1034,215208,0.23213466,0.05560136,-0.89018832,2.47037674,-0.86349726,-0.05540723,1,0,1,1,1
1035,215416,0.20829651,0.06285351,-0.91128409,2.43259490,-0.71367899,-0.06892084,1,0,1,1,0
1036,215625,0.20599173,0.08430352,-0.92915833,2.38622860,-0.57275533,-0.06534052,1,0,1,1,0
1037,215833,0.19671586,0.11088203,-0.94011177,2.32406737,-0.39280877,-0.08557497,1,0,1,1,0
1038,216041,0.17530631,0.12678648,-0.94665843,2.29436181,-0.23966941,-0.08088823,1,0,1,1,0
1039,216250,0.15530668,0.14387644,-0.94450150,2.21612137,-0.06036521,-0.07877930,1,0,1,1,0
1040,216458,0.13941316,0.16136239,-0.94408961,2.11434103,0.09060112,-0.08519525,1,0,1,1,0
1041,216666,0.12324787,0.17888331,-0.94292348,2.03736860,0.24099349,-0.10483414,1,0,1,1,0
1042,216875,0.10762197,0.20005629,-0.93064836,1.93146904,0.41301409,-0.09932357,1,0,1,1,0
1043,217083,0.08714087,0.21426320,-0.91735458,1.82718830,0.57984605,-0.10012184,1,0,1,1,0
1044,217291,0.06010977,0.21729241,-0.89680548,1.69488713,0.71559418,-0.09387384,1,0,1,1,0
1045,217500,0.04718079,0.23633096,-0.89447239,1.59147108,0.89693409,-0.08128793,1,0,1,1,0
1046,217708,0.03243185,0.23577797,-0.86158198,1.43289815,1.03347916,-0.11324979,1,0,1,1,0
1047,217916,0.00930998,0.25746343,-0.83419285,1.29085328,1.19548318,-0.10950432,1,0,1,1,0
1048,218125,-0.01933831,0.26694064,-0.80514544,1.16641609,1.34775512,-0.08419824,1,0,1,1,0
1049,218333,-0.03242143,0.27553736,-0.77496649,1.01596395,1.47660574,-0.09008742,1,0,1,1,0
1050,218541,-0.05421561,0.29440514,-0.72978224,0.87680172,1.59278601,-0.09671011,1,0,1,1,0
1051,218750,-0.06984076,0.29234896,-0.68315937,0.69862774,1.72662513,-0.09299161,1,0,1,1,0
1052,218958,-0.08740624,0.29304269,-0.63985909,0.55907610,1.83740147,-0.08921563,1,0,1,1,0
1053,219166,-0.10825608,0.28730287,-0.59278243,0.39029739,1.93991507,-0.09144754,1,0,1,1,0
1054,219375,-0.12765436,0.30066614,-0.54952730,0.24963099,2.06963183,-0.08992319,1,0,1,1,0
1055,219583,-0.13607644,0.30920058,-0.50922220,0.05560637,2.13816591,-0.07448205,1,0,1,1,0
1056,219791,-0.16256213,0.28852152,-0.44263213,-0.07764272,2.20451380,-0.10094360,1,0,1,1,0
1057,220000,-0.17618585,0.30196307,-0.38920662,-0.24388554,2.28407622,-0.06859776,1,0,1,1,0
1058,220208,-0.20061442,0.29423069,-0.31707599,-0.41864072,2.34903384,-0.08971457,1,0,1,1,0
1059,220416,-0.20130961,0.29653106,-0.26872843,-0.57290048,2.40009647,-0.05802223,1,0,1,1,0
1060,220625,-0.22186589,0.28336721,-0.21056277,-0.72772589,2.43734999,-0.06936477,1,0,1,1,0
1061,220833,-0.23691948,0.27842314,-0.14788399,-0.89111623,2.47197135,-0.06553927,1,0,1,1,1
1062,221041,-0.25155930,0.27724573,-0.08407577,-1.03229550,2.48722857,-0.07013651,1,0,1,1,1
1063,221250,-0.25618959,0.26473712,-0.02550652,-1.19255695,2.50217303,-0.04345859,1,0,1,1,1
1064,221458,-0.25804371,0.25797545,0.03635412,-1.31988166,2.51760749,-0.04255855,1,0,1,1,1
1065,221666,-0.26963454,0.24729997,0.10326986,-1.46910405,2.49131479,-0.04164138,1,0,1,1,1
1066,221875,-0.28166689,0.23159546,0.15074123,-1.59691249,2.46666135,-0.04366006,1,0,1,1,1
1067,222083,-0.28981358,0.23073301,0.22306845,-1.70845639,2.44595301,-0.01841935,1,0,1,1,1
1068,222291,-0.28467357,0.20150732,0.27731956,-1.84447309,2.39875901,-0.02451477,1,0,1,1,1
1069,222500,-0.29965606,0.19197492,0.34377633,-1.92552538,2.33369603,-0.02005989,1,0,1,1,1
1070,222708,-0.29704977,0.18371816,0.39485759,-2.04068459,2.26134001,0.00284636,1,0,1,1,1
1071,222916,-0.29983986,0.15188842,0.44754701,-2.12355170,2.18489756,0.00290331,1,0,1,1,1
1072,223125,-0.29136723,0.13952215,0.50595505,-2.20946618,2.12549690,0.02794141,1,0,1,1,1
1073,223333,-0.29876086,0.12488673,0.55332455,-2.27586600,2.05407893,0.01142000,1,0,1,1,1
1074,223541,-0.28373317,0.09321734,0.61263441,-2.34809644,1.92447413,0.03834538,1,0,1,1,1
1075,223750,-0.29053048,0.08249765,0.65370372,-2.39127377,1.79161370,0.02864492,1,0,1,1,1
1076,223958,-0.29339858,0.06941378,0.69040118,-2.44119397,1.71403623,0.03725082,1,0,1,1,1
1077,224166,-0.27564804,0.05223370,0.73295643,-2.44132081,1.58132941,0.03681689,1,0,1,1,1
1078,224375,-0.26583472,0.02773631,0.77307545,-2.49644579,1.44582159,0.04777603,1,0,1,1,1
1079,224583,-0.26354685,0.01263161,0.80704076,-2.49026796,1.29888281,0.05784343,1,0,1,1,1
1080,224791,-0.25044033,-0.01111067,0.83957623,-2.50800483,1.18279216,0.05365919,1,0,1,1,1
1081,225000,-0.23341361,-0.03450282,0.85854340,-2.49790363,1.02310510,0.05254931,1,0,1,1,1
1082,225208,-0.22838794,-0.05148045,0.89857542,-2.45861607,0.88125912,0.05864745,1,0,1,1,1
1083,225416,-0.22637645,-0.07030355,0.90648836,-2.46460665,0.71606834,0.07199246,1,0,1,1,0
1084,225625,-0.20934067,-0.08596971,0.92096104,-2.40173416,0.57665439,0.07066973,1,0,1,1,0
1085,225833,-0.18966392,-0.10495097,0.93183836,-2.34609051,0.39917009,0.07942058,1,0,1,1,0
1086,226041,-0.17511726,-0.12643487,0.94014271,-2.26741548,0.22774794,0.08863378,1,0,1,1,0
1087,226250,-0.16152425,-0.14860472,0.95320816,-2.20306056,0.07695295,0.08976170,1,0,1,1,0
1088,226458,-0.13415167,-0.15089184,0.94711180,-2.13407644,-0.09105944,0.09867378,1,0,1,1,0
1089,226666,-0.12435165,-0.17155673,0.93817691,-2.02842826,-0.26682077,0.09317493,1,0,1,1,0
1090,226875,-0.09388395,-0.18984524,0.93492740,-1.92760590,-0.42632087,0.08543984,1,0,1,1,0
1091,227083,-0.08720596,-0.20123330,0.92686086,-1.81361416,-0.57698923,0.09200853,1,0,1,1,0
1092,227291,-0.06328211,-0.21476691,0.91305296,-1.71926169,-0.72163137,0.10297977,1,0,1,1,0
1093,227500,-0.03920767,-0.23061991,0.88283067,-1.57850543,-0.89554836,0.11100367,1,0,1,1,0
1094,227708,-0.02394877,-0.24846513,0.85364545,-1.44653394,-1.03058518,0.10131331,1,0,1,1,0
1095,227916,-0.00600747,-0.25791267,0.83233866,-1.30813767,-1.18935183,0.09335616,1,0,1,1,0
1096,228125,0.01646155,-0.25819327,0.81668389,-1.16367470,-1.31432227,0.10523009,1,0,1,1,0
1097,228333,0.03663674,-0.27984513,0.76060523,-1.01841140,-1.44469996,0.11473273,1,0,1,1,0
1098,228541,0.05270053,-0.28290721,0.72822637,-0.86120386,-1.59168137,0.10154313,1,0,1,1,0
1099,228750,0.07231633,-0.28266002,0.69346390,-0.70374906,-1.72241947,0.08803305,1,0,1,1,0
1100,228958,0.09411093,-0.29631797,0.65975656,-0.57059328,-1.83776474,0.08079921,1,0,1,1,0
1101,229166,0.10660323,-0.29651956,0.59802090,-0.39422824,-1.92821738,0.11072201,1,0,1,1,0
1102,229375,0.12129897,-0.30187257,0.55178591,-0.22814790,-2.04712934,0.09230402,1,0,1,1,0
1103,229583,0.15271001,-0.29802211,0.50400370,-0.07576837,-2.14532468,0.07769978,1,0,1,1,0
1104,229791,0.15993643,-0.30644158,0.43803049,0.08809388,-2.19701707,0.08160808,1,0,1,1,0
1105,230000,0.17178654,-0.29454377,0.39494401,0.27940923,-2.28972724,0.10147178,1,0,1,1,0
1106,230208,0.19418056,-0.29463790,0.32403375,0.41524267,-2.35655342,0.09256256,1,0,1,1,0
1107,230416,0.19797229,-0.29661725,0.27304038,0.58861192,-2.40291274,0.07146945,1,0,1,1,0
1108,230625,0.22305284,-0.29399313,0.22243475,0.74751679,-2.43877698,0.05851083,1,0,1,1,0
1109,230833,0.23169079,-0.27547869,0.14506651,0.90396732,-2.48031240,0.07805249,1,0,1,1,1
1110,231041,0.23489764,-0.27393637,0.08655731,1.05536020,-2.49997284,0.06756877,1,0,1,1,1
1111,231250,0.25567364,-0.27553826,0.02320627,1.18983471,-2.49614080,0.05368368,1,0,1,1,1
1112,231458,0.26024381,-0.25716164,-0.03684913,1.33006906,-2.50316872,0.02102579,1,0,1,1,1
1113,231666,0.27448121,-0.23375604,-0.10012683,1.46420383,-2.48197973,0.04259015,1,0,1,1,1
1114,231875,0.27909430,-0.23806955,-0.15542623,1.59663516,-2.45835570,0.04250592,1,0,1,1,1
1115,232083,0.28224879,-0.21808827,-0.21902114,1.71671319,-2.43787311,0.02658890,1,0,1,1,1
1116,232291,0.29409590,-0.20015058,-0.27762910,1.83029156,-2.39050001,0.01537959,1,0,1,1,1
1117,232500,0.28794447,-0.19227478,-0.33836175,1.92531667,-2.32739612,0.00450559,1,0,1,1,1
1118,232708,0.29360499,-0.18054028,-0.39564442,2.04547847,-2.26037253,0.01101855,1,0,1,1,1
1119,232916,0.29954112,-0.15653632,-0.45039551,2.12212405,-2.22365952,-0.01052458,1,0,1,1,1
1120,233125,0.29899307,-0.14122520,-0.50440232,2.21176892,-2.13183590,0.00101192,1,0,1,1,1
1121,233333,0.29556638,-0.12520682,-0.55786438,2.27654214,-2.02358622,-0.02364211,1,0,1,1,1
1122,233541,0.29123289,-0.10181109,-0.60161767,2.33239183,-1.92515379,-0.02248312,1,0,1,1,1
1123,233750,0.28742729,-0.07712680,-0.65261818,2.38715543,-1.81991080,-0.03223012,1,0,1,1,1
1124,233958,0.29003840,-0.07043581,-0.69266855,2.44750073,-1.70470199,-0.04018947,1,0,1,1,1
1125,234166,0.28156380,-0.04664015,-0.73410928,2.45371193,-1.58546590,-0.04798786,1,0,1,1,1
1126,234375,0.27812106,-0.02477173,-0.76545472,2.48764368,-1.43210097,-0.02848441,1,0,1,1,1
1127,234583,0.25755457,-0.00722914,-0.81359536,2.50490422,-1.32120348,-0.04877964,1,0,1,1,1
1128,234791,0.25791393,0.00379678,-0.83807361,2.49391667,-1.16978429,-0.06594336,1,0,1,1,1
1129,235000,0.24367615,0.02777220,-0.86352797,2.48084760,-1.02268940,-0.05174803,1,0,1,1,1
1130,235208,0.23018827,0.04832798,-0.88511791,2.46101497,-0.86159929,-0.07127829,1,0,1,1,1
1131,235416,0.21924875,0.06767015,-0.91103855,2.42540917,-0.70770554,-0.05473742,1,0,1,1,0
1132,235625,0.20565754,0.09582967,-0.91896472,2.37595608,-0.55705705,-0.07832227,1,0,1,1,0
1133,235833,0.18980523,0.09622884,-0.94692522,2.33475348,-0.39890235,-0.08164324,1,0,1,1,0
1134,236041,0.16800698,0.13236394,-0.94446324,2.25366060,-0.24373992,-0.09542187,1,0,1,1,0
1135,236250,0.15406735,0.13649853,-0.94115268,2.19825068,-0.05861135,-0.07122641,1,0,1,1,0
1136,236458,0.14187874,0.15342289,-0.94940560,2.12603436,0.07498648,-0.09767487,1,0,1,1,0
1137,236666,0.12312646,0.17188028,-0.94744976,2.02572633,0.24581611,-0.09643496,1,0,1,1,0
1138,236875,0.10040174,0.19570019,-0.93215725,1.93005949,0.42693438,-0.10440271,1,0,1,1,0
1139,237083,0.09020277,0.21008800,-0.92602836,1.81757108,0.56827301,-0.10707241,1,0,1,1,0
1140,237291,0.06697679,0.21791176,-0.91694644,1.69767633,0.74257981,-0.09298456,1,0,1,1,0
1141,237500,0.04938474,0.23057323,-0.88616683,1.57572097,0.90445158,-0.07874473,1,0,1,1,0
1142,237708,0.03510722,0.24351173,-0.86970919,1.45822494,1.05357477,-0.09249003,1,0,1,1,0
1143,237916,0.00989336,0.25491816,-0.83461832,1.31796235,1.18143900,-0.11766685,1,0,1,1,0
1144,238125,-0.01342846,0.26467984,-0.80237801,1.17427976,1.32555806,-0.09063627,1,0,1,1,0
1145,238333,-0.03982135,0.27936942,-0.76553989,1.03515555,1.45456183,-0.10039155,1,0,1,1,0
1146,238541,-0.05645504,0.28280683,-0.73120403,0.88032982,1.59597007,-0.10760485,1,0,1,1,0
1147,238750,-0.07643024,0.29171443,-0.68865584,0.70966467,1.73345664,-0.09408286,1,0,1,1,0
1148,238958,-0.09648363,0.28847695,-0.64848741,0.55052676,1.83244983,-0.10293461,1,0,1,1,0
1149,239166,-0.10761735,0.28909401,-0.59456829,0.40284937,1.93950671,-0.07732451,1,0,1,1,0
1150,239375,-0.13691847,0.29845712,-0.54483072,0.23769882,2.03992430,-0.08526532,1,0,1,1,0
1151,239583,-0.14378598,0.30490081,-0.49268919,0.08133561,2.12772843,-0.09910197,1,0,1,1,0
1152,239791,-0.16005431,0.30094987,-0.43884308,-0.09192430,2.21624415,-0.08375105,1,0,1,1,0
1153,240000,-0.17495117,0.29942253,-0.39042309,-0.25118167,2.26660935,-0.10659820,1,0,1,1,0
1154,240208,-0.18896951,0.29626433,-0.32204192,-0.40505150,2.34508600,-0.08263208,1,0,1,1,0
1155,240416,-0.20463423,0.28955422,-0.26577145,-0.59031022,2.40249826,-0.06108644,1,0,1,1,0
1156,240625,-0.21701735,0.29291056,-0.22285617,-0.73949274,2.44755177,-0.05329236,1,0,1,1,0
1157,240833,-0.23708203,0.28314126,-0.14127792,-0.87985616,2.48351241,-0.06839958,1,0,1,1,1
1158,241041,-0.24755670,0.27057553,-0.08773669,-1.04183635,2.48172208,-0.05719380,1,0,1,1,1
1159,241250,-0.24057993,0.26976797,-0.02412550,-1.18517510,2.49016313,-0.05057818,1,0,1,1,1
1160,241458,-0.26035291,0.25106864,0.03505842,-1.33423175,2.49457317,-0.03655605,1,0,1,1,1
1161,241666,-0.26820096,0.24251983,0.10175443,-1.46024083,2.49499012,-0.05014536,1,0,1,1,1
1162,241875,-0.28851906,0.22296524,0.16082673,-1.59415127,2.45105800,-0.02283853,1,0,1,1,1
1163,242083,-0.28081237,0.22097003,0.21884772,-1.72079811,2.43470434,-0.02548879,1,0,1,1,1
1164,242291,-0.30113375,0.20395720,0.27039118,-1.82564175,2.39204833,-0.01953018,1,0,1,1,1
1165,242500,-0.30402912,0.18515654,0.34654200,-1.94553161,2.33054779,-0.01264648,1,0,1,1,1
1166,242708,-0.29374732,0.18708699,0.39424497,-2.03298766,2.28048282,-0.00915172,1,0,1,1,1
1167,242916,-0.29133736,0.16005546,0.44538379,-2.12440611,2.18664718,0.00844313,1,0,1,1,1
1168,243125,-0.30539408,0.14857485,0.51793702,-2.20677872,2.13133679,-0.00504678,1,0,1,1,1
1169,243333,-0.30399635,0.12471623,0.56200607,-2.27280070,2.03227651,-0.00006477,1,0,1,1,1
1170,243541,-0.29837054,0.10312251,0.60273741,-2.32072934,1.92369127,0.01228739,1,0,1,1,1
1171,243750,-0.30450946,0.07884491,0.64492938,-2.40684201,1.80468538,0.04343471,1,0,1,1,1
1172,243958,-0.28604600,0.06526055,0.69508957,-2.44470981,1.70115566,0.04399511,1,0,1,1,1
1173,244166,-0.27814334,0.05651193,0.74312252,-2.47109717,1.58387080,0.02922179,1,0,1,1,1
1174,244375,-0.27699425,0.02698362,0.76710785,-2.49439537,1.44233305,0.03942914,1,0,1,1,1
1175,244583,-0.27634189,0.00791185,0.80658412,-2.51208872,1.29210193,0.04187744,1,0,1,1,1
1176,244791,-0.25866027,-0.01064229,0.84499127,-2.50764594,1.16098005,0.05636111,1,0,1,1,1
1177,245000,-0.23719913,-0.01964091,0.85591033,-2.47137204,1.04739528,0.05501786,1,0,1,1,1
1178,245208,-0.22777659,-0.05521625,0.88384961,-2.47427464,0.87505096,0.05836505,1,0,1,1,1
1179,245416,-0.21890424,-0.06959983,0.90757892,-2.42483686,0.71284742,0.06621274,1,0,1,1,0
1180,245625,-0.20517659,-0.08532804,0.92313197,-2.39433529,0.58311426,0.07541252,1,0,1,1,0
1181,245833,-0.19144327,-0.10153804,0.93920565,-2.33448244,0.40632979,0.09108825,1,0,1,1,0
1182,246041,-0.16978020,-0.12386310,0.93450647,-2.27689090,0.25249533,0.07731163,1,0,1,1,0
1183,246250,-0.15378274,-0.14981229,0.95209012,-2.20544377,0.07511361,0.08715901,1,0,1,1,0
1184,246458,-0.14730769,-0.15359859,0.94821840,-2.12009877,-0.08290985,0.09807329,1,0,1,1,0
1185,246666,-0.12412998,-0.17409023,0.94738873,-2.01283132,-0.25317865,0.08303940,1,0,1,1,0
1186,246875,-0.10681250,-0.18692423,0.93193402,-1.92686410,-0.42536424,0.09551907,1,0,1,1,0
1187,247083,-0.08017421,-0.20811139,0.91738266,-1.81808516,-0.57918314,0.10291871,1,0,1,1,0
1188,247291,-0.06138913,-0.21208461,0.90613772,-1.69827861,-0.73449458,0.10385381,1,0,1,1,0
1189,247500,-0.05151754,-0.23178585,0.88909268,-1.56211884,-0.89119082,0.11373419,1,0,1,1,0
1190,247708,-0.02539724,-0.24758429,0.86355280,-1.45016045,-1.04802183,0.10481352,1,0,1,1,0
1191,247916,-0.00500848,-0.24581037,0.83171770,-1.31664684,-1.19035614,0.10051743,1,0,1,1,0
1192,248125,0.01083570,-0.26671640,0.80154722,-1.17497332,-1.33308075,0.10417263,1,0,1,1,0
1193,248333,0.03116286,-0.27233322,0.76908067,-1.01898827,-1.46946614,0.09750865,1,0,1,1,0
1194,248541,0.05720218,-0.27886819,0.74430192,-0.88064776,-1.58015833,0.11034783,1,0,1,1,0
1195,248750,0.06714659,-0.28405490,0.69748051,-0.72715210,-1.71371052,0.09649174,1,0,1,1,0
1196,248958,0.09472059,-0.29889155,0.64817628,-0.56202452,-1.84497711,0.09389485,1,0,1,1,0
1197,249166,0.11268051,-0.28314960,0.59991623,-0.39484730,-1.95308187,0.08599520,1,0,1,1,0
1198,249375,0.12651719,-0.29559795,0.55615651,-0.24421024,-2.04199922,0.08647700,1,0,1,1,0
1199,249583,0.13878270,-0.29269270,0.49787614,-0.05995833,-2.13769839,0.09357755,1,0,1,1,0
1200,249791,0.16237869,-0.30523122,0.44309049,0.09927199,-2.21209174,0.07178398,1,0,1,1,0
1201,250000,0.21273837,-0.32036881,0.35609672,0.27139171,-2.22534187,0.10741159,1,0,1,1,0
1202,250208,0.21835025,-0.31851204,0.30878736,0.44157163,-2.31277754,0.10469163,1,0,1,1,0
1203,250416,0.24532796,-0.31682120,0.24053041,0.59271829,-2.36152428,0.11182040,1,0,1,1,0
1204,250625,0.25501993,-0.30768727,0.17799702,0.76413144,-2.37855350,0.11102318,1,0,1,1,0
1205,250833,0.27728206,-0.31029160,0.12049173,0.88513060,-2.40525906,0.11361305,1,0,1,1,0
1206,251041,0.29860826,-0.31968652,0.06685259,1.01896643,-2.41612315,0.08797694,1,0,1,1,1
1207,251249,0.30009256,-0.30450841,-0.00291854,1.15493042,-2.38482508,0.09871417,1,0,1,1,1
1208,251458,0.32198933,-0.31854595,-0.07145997,1.29176684,-2.36752686,0.08897720,1,0,1,1,1
1209,251666,0.33979480,-0.30906848,-0.13035472,1.40666951,-2.31577080,0.08079865,1,0,1,1,1
1210,251875,0.35988187,-0.31091108,-0.18722462,1.50586879,-2.24469268,0.08344099,1,0,1,1,1
1211,252083,0.38471789,-0.29451942,-0.24919496,1.59885913,-2.19121757,0.05718646,1,0,1,1,1
1212,252291,0.40128809,-0.29577489,-0.31562244,1.64591741,-2.08443358,0.05918647,1,0,1,1,1
1213,252500,0.41502950,-0.28798643,-0.38265683,1.70982418,-2.00232858,0.04729180,1,0,1,1,1
1214,252708,0.43364108,-0.26970174,-0.43180443,1.72709125,-1.88106754,0.06458363,1,0,1,1,0
1215,252916,0.44812165,-0.25799651,-0.48724236,1.76686629,-1.78502958,0.05346622,1,0,1,1,0
1216,253125,0.48121336,-0.24698732,-0.54369386,1.80012013,-1.66866328,0.02684797,1,0,1,1,0
1217,253333,0.49118086,-0.22462245,-0.59111291,1.78741844,-1.54291802,0.01678668,1,0,1,1,0
1218,253541,0.50344660,-0.20481835,-0.64112787,1.77710515,-1.41058414,0.02855951,1,0,1,1,0
1219,253749,0.51936453,-0.17711257,-0.69042202,1.74444636,-1.27244382,0.00601013,1,0,1,1,0
1220,253958,0.53400853,-0.15497427,-0.74778838,1.70645424,-1.16591791,0.01308832,1,0,1,1,0
1221,254166,0.53956085,-0.11883427,-0.78526166,1.65972395,-1.02573074,0.01583487,1,0,1,1,0
1222,254375,0.55225219,-0.08973295,-0.82975991,1.61899296,-0.89914861,-0.01947611,1,0,1,1,0
1223,254583,0.55166554,-0.04856420,-0.86400225,1.55267974,-0.76262275,-0.01386982,1,0,1,1,0
1224,254791,0.54693591,-0.02140550,-0.89350675,1.45677255,-0.65296498,-0.03148211,1,0,1,1,0
1225,255000,0.53722457,0.02817480,-0.93034963,1.39239160,-0.55086056,-0.02265665,1,0,1,1,0
1226,255208,0.53884571,0.06991350,-0.95032320,1.30977317,-0.43520092,-0.06350863,1,0,1,1,0
1227,255416,0.52311066,0.11683795,-0.97973571,1.20417594,-0.35239465,-0.07076829,1,0,1,1,0
1228,255625,0.49121408,0.17411450,-0.99093829,1.10067584,-0.23149841,-0.06521681,1,0,1,1,0
1229,255833,0.48305768,0.22767113,-1.00829787,1.03665721,-0.17154658,-0.06207575,1,0,1,1,0
1230,256041,0.45428334,0.28416687,-1.01789824,0.91938563,-0.10455097,-0.08818218,1,0,1,1,0
1231,256249,0.42224924,0.33721841,-1.02143961,0.82501422,-0.02075546,-0.10224190,1,0,1,1,0
1232,256458,0.38745540,0.38378271,-1.02136823,0.75694686,0.03144590,-0.12029515,1,0,1,1,0
1233,256666,0.34496305,0.44537149,-1.02491030,0.66170132,0.09112775,-0.10691810,1,0,1,1,0
1234,256875,0.30669345,0.49965677,-1.01130261,0.59989193,0.11113566,-0.13275423,1,0,1,1,0
1235,257083,0.24981011,0.54969497,-1.00234119,0.49948565,0.14397958,-0.10449222,1,0,1,1,0
1236,257291,0.18389597,0.60519974,-0.98931363,0.43801776,0.16531117,-0.13090570,1,0,1,1,0
1237,257500,0.14629965,0.66263987,-0.96432165,0.37823974,0.17129800,-0.13694436,1,0,1,1,0
1238,257708,0.09071992,0.70905394,-0.93736141,0.33520809,0.18312290,-0.14496661,1,0,1,1,0
1239,257916,0.02540209,0.74757831,-0.90352053,0.26607493,0.20080497,-0.15392082,1,0,1,1,0
1240,258125,-0.04010244,0.79183819,-0.88796944,0.22801913,0.18183478,-0.14988450,1,0,1,1,0
1241,258333,-0.09585948,0.83437290,-0.83934060,0.16227992,0.18767205,-0.14438502,1,0,1,1,0
1242,258541,-0.16446305,0.85731825,-0.80785236,0.16213450,0.16002280,-0.14035102,1,0,1,1,0
1243,258749,-0.24082572,0.89404689,-0.76044778,0.11276145,0.18236044,-0.14979207,1,0,1,1,0
1244,258958,-0.29753822,0.92379272,-0.72114805,0.12573232,0.17614342,-0.15019248,1,0,1,1,0
1245,259166,-0.36624135,0.93757792,-0.66245332,0.09459628,0.17838146,-0.14541602,1,0,1,1,0
1246,259375,-0.42248062,0.95682453,-0.61575877,0.09241274,0.16136642,-0.15142300,1,0,1,1,0
1247,259583,-0.48840411,0.95218238,-0.55632432,0.05448055,0.14552973,-0.12306347,1,0,1,1,0
1248,259791,-0.53424460,0.96900199,-0.50207501,0.04659887,0.15662101,-0.14106725,1,0,1,1,0
1249,260000,-0.60778378,0.95810165,-0.44171034,0.01776259,0.18492688,-0.13602056,0,0,0,0,0
1250,260208,-0.63959397,0.95701733,-0.38064506,0.01409178,0.14771804,-0.11567604,0,0,0,0,0
1251,260416,-0.68874634,0.94780299,-0.30460055,0.00286808,0.16587787,-0.11679814,0,0,0,0,0
1252,260625,-0.75085566,0.92675921,-0.25441480,-0.01680897,0.15033439,-0.08755462,0,0,0,0,0
1253,260833,-0.79440117,0.90152295,-0.18071863,-0.02124866,0.18265732,-0.08741082,0,0,0,0,0
1254,261041,-0.82770802,0.88606401,-0.12134945,-0.05267226,0.16756075,-0.08973733,0,0,0,0,0
1255,261249,-0.86135420,0.84894160,-0.05774892,-0.03525834,0.17918798,-0.05784878,0,0,0,0,0
1256,261458,-0.90512886,0.81638069,0.01287387,-0.06454471,0.15627327,-0.05522821,0,0,0,0,0
1257,261666,-0.93218044,0.78005657,0.08174348,-0.09381309,0.16842110,-0.02753527,0,0,0,0,0
1258,261875,-0.94699213,0.74113752,0.13741915,-0.09141618,0.14809704,-0.03635876,0,0,0,0,0
1259,262083,-0.97264761,0.69448260,0.21807103,-0.10758529,0.15976579,-0.01361803,0,0,0,0,0
1260,262291,-0.99401756,0.64961938,0.27940502,-0.10636068,0.16930642,0.00368568,0,0,0,0,0
1261,262500,-1.00757336,0.61182549,0.33288307,-0.13746726,0.14700639,-0.00305695,0,0,0,0,0
1262,262708,-1.00670713,0.56184129,0.39655296,-0.12983155,0.16570033,0.03359473,0,0,0,0,0
1263,262916,-1.02196817,0.49651810,0.45534177,-0.11814296,0.13657340,0.02876778,0,0,0,0,0
1264,263125,-1.02579120,0.44642353,0.51142067,-0.14010371,0.13099028,0.04175528,0,0,0,0,0
1265,263333,-1.01705414,0.38451657,0.56991149,-0.16796370,0.11481838,0.02531938,0,0,0,0,0
1266,263541,-1.00759644,0.32082823,0.61550560,-0.15263216,0.13175542,0.04753214,0,0,0,0,0
1267,263750,-1.00443339,0.26690389,0.67506943,-0.16095843,0.08216013,0.05887641,0,0,0,0,0
1268,263958,-0.98265235,0.19839948,0.71396374,-0.15429472,0.09366131,0.09111546,0,0,0,0,0
1269,264166,-0.96377513,0.14238968,0.76230487,-0.16055483,0.07682823,0.06967970,0,0,0,0,0
1270,264375,-0.93711723,0.07194049,0.79927897,-0.16312116,0.08302290,0.08985341,0,0,0,0,0
1271,264583,-0.90497957,0.01259421,0.83337404,-0.17298431,0.05023388,0.10921290,0,0,0,0,0
1272,264791,-0.87718624,-0.05559686,0.86436633,-0.18766943,0.04089120,0.12288602,0,0,0,0,0
1273,265000,-0.83823062,-0.11470611,0.89819606,-0.16647587,0.02633054,0.13571521,0,0,0,0,0
1274,265208,-0.80632064,-0.18702880,0.92437274,-0.17854614,0.02080477,0.14054402,0,0,0,0,0
1275,265416,-0.75895380,-0.24961447,0.95274767,-0.15732344,0.01602285,0.14014403,0,0,0,0,0
1276,265625,-0.71826034,-0.30101420,0.96222794,-0.17283206,-0.00298707,0.14307834,0,0,0,0,0
1277,265833,-0.66953732,-0.36473517,0.98407098,-0.13138179,-0.02333937,0.17689864,0,0,0,0,0
1278,266041,-0.60791306,-0.42654796,0.98144765,-0.16523013,-0.02914011,0.17602640,0,0,0,0,0
1279,266250,-0.55776956,-0.48055984,0.99089873,-0.14579188,-0.03132882,0.17409617,0,0,0,0,0
1280,266458,-0.49779994,-0.54392512,0.99984857,-0.16234484,-0.04157282,0.17426072,0,0,0,0,0
1281,266666,-0.44316009,-0.58579616,0.99490272,-0.11598958,-0.04214393,0.18539977,0,0,0,0,0
1282,266875,-0.38609880,-0.64628824,0.98497076,-0.13717028,-0.07644237,0.18799495,0,0,0,0,0
1283,267083,-0.30818469,-0.69089841,0.96520589,-0.11713520,-0.08384049,0.19071742,0,0,0,0,0
1284,267291,-0.26099281,-0.73692138,0.96083653,-0.10745643,-0.09237904,0.18948232,0,0,0,0,0
1285,267500,-0.19381861,-0.77077658,0.93420017,-0.09683018,-0.10050438,0.20847512,0,0,0,0,0
1286,267708,-0.11633542,-0.82587379,0.91546601,-0.09211120,-0.11281299,0.19404735,0,0,0,0,0
1287,267916,-0.06288626,-0.86017015,0.88333270,-0.09140615,-0.14430812,0.19537973,0,0,0,0,0
1288,268125,0.00216770,-0.89360604,0.85175515,-0.07333698,-0.15881373,0.20775289,0,0,0,0,0
1289,268333,0.06748771,-0.91079272,0.81529246,-0.07335705,-0.14945113,0.19950999,0,0,0,0,0
1290,268541,0.12472647,-0.93761386,0.78782671,-0.08223087,-0.17316491,0.20867791,0,0,0,0,0
1291,268750,0.19396996,-0.94751619,0.73298837,-0.06528149,-0.18297500,0.17263859,0,0,0,0,0
1292,268958,0.26513274,-0.96921914,0.68417387,-0.03540446,-0.18715239,0.18579690,0,0,0,0,0
1293,269166,0.31991116,-0.99063311,0.64306869,-0.02712483,-0.21105087,0.18205446,0,0,0,0,0
1294,269375,0.37299876,-0.99189524,0.57912093,-0.03964258,-0.20380626,0.18142254,0,0,0,0,0
1295,269583,0.43538217,-0.99041000,0.53001804,-0.01544983,-0.21195339,0.16863642,0,0,0,0,0
1296,269791,0.50155830,-0.99296114,0.48503779,-0.00847467,-0.21904825,0.16575407,0,0,0,0,0
1297,270000,0.55259015,-0.98875544,0.41827014,0.01471807,-0.23215268,0.16348820,0,0,0,0,0
1298,270208,0.61615550,-0.98001621,0.35704844,0.02644641,-0.20799766,0.13862566,0,0,0,0,0
1299,270416,0.64728813,-0.96360839,0.30810511,0.04395469,-0.21508365,0.14374756,0,0,0,0,0
1300,270625,0.70057174,-0.95049165,0.23565576,0.06613908,-0.21387306,0.11706406,0,0,0,0,0
1301,270833,0.74070316,-0.92275662,0.16860086,0.06938504,-0.24379597,0.11224334,0,0,0,0,0
1302,271041,0.78186796,-0.89475014,0.11143878,0.07573932,-0.22983350,0.08055071,0,0,0,0,0
1303,271250,0.81136944,-0.86821198,0.04251899,0.09972813,-0.21315977,0.06925045,0,0,0,0,0
1304,271458,0.84699003,-0.83227843,-0.02000397,0.10598810,-0.23349190,0.06111463,0,0,0,0,0
1305,271666,0.88565461,-0.79506649,-0.08440717,0.10608675,-0.23200176,0.03923353,0,0,0,0,0
1306,271875,0.90339097,-0.75607401,-0.15607681,0.11450796,-0.23488869,0.03588926,0,0,0,0,0
1307,272083,0.93115580,-0.70465226,-0.20695229,0.13032232,-0.23147572,0.03506148,0,0,0,0,0
1308,272291,0.94048101,-0.67348791,-0.26166282,0.13247088,-0.20844588,0.00827843,0,0,0,0,0
1309,272500,0.95753515,-0.61916364,-0.34403663,0.13643017,-0.23775536,-0.00120452,0,0,0,0,0
1310,272708,0.96153457,-0.55595403,-0.38629220,0.16212981,-0.21791892,0.00384950,0,0,0,0,0
1311,272916,0.96784990,-0.49853155,-0.45197643,0.17491879,-0.19914542,-0.02606411,0,0,0,0,0
1312,273125,0.96476792,-0.44661801,-0.51041104,0.18253648,-0.20456482,-0.04000094,0,0,0,0,0
1313,273333,0.96697261,-0.38015978,-0.55894793,0.16779926,-0.18136583,-0.06202016,0,0,0,0,0
1314,273541,0.96779833,-0.32616726,-0.60828850,0.17634787,-0.17362775,-0.06128631,0,0,0,0,0
1315,273750,0.94815329,-0.26334463,-0.65907723,0.16853623,-0.15330770,-0.06739263,0,0,0,0,0
1316,273958,0.93953272,-0.19411108,-0.70949219,0.17485632,-0.15516399,-0.09429514,0,0,0,0,0
1317,274166,0.91475721,-0.12805837,-0.74917930,0.16810374,-0.14293868,-0.09707795,0,0,0,0,0
1318,274375,0.88797854,-0.06603312,-0.78609083,0.18765650,-0.12446672,-0.12382458,0,0,0,0,0
1319,274583,0.85383356,0.00751244,-0.82029283,0.17440864,-0.11420983,-0.11948700,0,0,0,0,0
1320,274791,0.82467890,0.06791962,-0.84848012,0.18473906,-0.09923668,-0.13782394,0,0,0,0,0
1321,275000,0.79551453,0.11673518,-0.88969888,0.18149805,-0.08274850,-0.14105892,0,0,0,0,0
1322,275208,0.74505224,0.19461387,-0.90554240,0.17343349,-0.07458774,-0.17579729,0,0,0,0,0
1323,275416,0.70719011,0.26105094,-0.92762606,0.17013800,-0.06760195,-0.16720836,0,0,0,0,0
1324,275625,0.66615688,0.32651183,-0.94345397,0.15273487,-0.06276621,-0.16878514,0,0,0,0,0
1325,275833,0.61485122,0.38967819,-0.95136835,0.14662927,-0.03708403,-0.18122290,0,0,0,0,0
1326,276041,0.57685256,0.44607298,-0.96784420,0.13016558,-0.03966442,-0.19700323,0,0,0,0,0
1327,276250,0.51129056,0.50310184,-0.97224681,0.13412442,-0.00935525,-0.22830351,0,0,0,0,0
1328,276458,0.45226772,0.56120363,-0.97441342,0.12552194,-0.00438085,-0.19728144,0,0,0,0,0
1329,276666,0.39134478,0.61536407,-0.96330028,0.13332306,0.00774929,-0.22777748,0,0,0,0,0
1330,276875,0.33144999,0.65327595,-0.95975924,0.12466557,0.01884514,-0.21344190,0,0,0,0,0
1331,277083,0.27060387,0.71883236,-0.94678938,0.10586978,0.03904772,-0.23657587,0,0,0,0,0
1332,277291,0.21227653,0.75550939,-0.92403663,0.10188685,0.04859046,-0.24304901,0,0,0,0,0
1333,277500,0.16077234,0.81668840,-0.90671739,0.07803509,0.06012299,-0.23745380,0,0,0,0,0
1334,277708,0.08170279,0.84475024,-0.88160245,0.07609848,0.08102017,-0.25343300,0,0,0,0,0
1335,277916,0.01844193,0.88517338,-0.84787452,0.05417277,0.08622827,-0.25131724,0,0,0,0,0
1336,278125,-0.04776578,0.91917030,-0.82109554,0.05788537,0.10597585,-0.22778974,0,0,0,0,0
1337,278333,-0.11267156,0.94889857,-0.77875445,0.04889584,0.12539582,-0.22964420,0,0,0,0,0
1338,278541,-0.18277223,0.97209572,-0.73509581,0.02796283,0.12705512,-0.24625666,0,0,0,0,0
1339,278750,-0.24194406,0.99142186,-0.70014189,0.03635085,0.13887886,-0.24051361,0,0,0,0,0
1340,278958,-0.30335946,1.01975032,-0.64522835,0.01114310,0.12944450,-0.25193075,0,0,0,0,0
1341,279166,-0.35342267,1.02631028,-0.60544125,-0.01438792,0.16601726,-0.23242545,0,0,0,0,0
1342,279375,-0.42720723,1.02355089,-0.53781489,-0.01685527,0.15237297,-0.22970451,0,0,0,0,0
1343,279583,-0.47800423,1.03104902,-0.49028338,-0.01557586,0.18239273,-0.20384699,0,0,0,0,0
1344,279791,-0.53062141,1.04526965,-0.43796394,-0.05261823,0.18273437,-0.21147366,0,0,0,0,0
1345,280000,-0.58618103,1.01562056,-0.37091940,-0.04990480,0.19120260,-0.20419135,0,0,0,0,0
1346,280208,-0.64346166,1.01661964,-0.31992202,-0.07468749,0.18885810,-0.19255494,0,0,0,0,0
1347,280416,-0.68653915,0.99965392,-0.26141815,-0.08843493,0.19689204,-0.19229211,0,0,0,0,0
1348,280625,-0.74456915,0.98336808,-0.19536835,-0.10383912,0.18693923,-0.16960057,0,0,0,0,0
1349,280833,-0.76742142,0.95753212,-0.13333177,-0.11477473,0.22410665,-0.15895737,0,0,0,0,0
1350,281041,-0.80870802,0.94359887,-0.06941917,-0.12873642,0.21495367,-0.14853712,0,0,0,0,0
1351,281250,-0.85122132,0.91583898,0.00568157,-0.12693301,0.21437614,-0.13265181,0,0,0,0,0
1352,281458,-0.87155297,0.87856695,0.07010668,-0.14036305,0.19881416,-0.10225750,0,0,0,0,0
1353,281666,-0.90510353,0.84061869,0.12776378,-0.14997999,0.21778167,-0.13198586,0,0,0,0,0
1354,281875,-0.92572059,0.79725642,0.20214535,-0.16863645,0.21027741,-0.10594346,0,0,0,0,0
1355,282083,-0.94674038,0.76163549,0.25217714,-0.18008636,0.19949068,-0.08462919,0,0,0,0,0
1356,282291,-0.96440894,0.71466397,0.32646804,-0.18604424,0.22392649,-0.05774559,0,0,0,0,0
1357,282500,-0.97734610,0.66689230,0.37708429,-0.19099354,0.21061144,-0.05293257,0,0,0,0,0
1358,282708,-0.97510307,0.59964309,0.44268572,-0.20307100,0.23716291,-0.03372886,0,0,0,0,0
1359,282916,-0.98549584,0.54754481,0.49719487,-0.21060770,0.20343950,-0.02984002,0,0,0,0,0
1360,283125,-0.98733611,0.49214074,0.55487427,-0.20487603,0.19337118,-0.02370127,0,0,0,0,0
1361,283333,-0.98104242,0.43660225,0.60997356,-0.22039115,0.20456722,0.00200121,0,0,0,0,0
1362,283541,-0.96910490,0.36963568,0.65758547,-0.22220184,0.17514061,0.00355491,0,0,0,0,0
1363,283750,-0.95678622,0.31166760,0.70805095,-0.21687998,0.16886077,0.02955011,0,0,0,0,0
1364,283958,-0.93589689,0.23549867,0.74997842,-0.21011100,0.17049281,0.01858632,0,0,0,0,0
1365,284166,-0.91694777,0.18279312,0.78944801,-0.23803798,0.14794239,0.05662071,0,0,0,0,0
1366,284375,-0.89257426,0.11099898,0.82563020,-0.23385684,0.13185308,0.06302685,0,0,0,0,0
1367,284583,-0.86183858,0.04294023,0.87029850,-0.22241813,0.13744396,0.06429628,0,0,0,0,0
1368,284791,-0.82689697,-0.01672548,0.91022996,-0.22599310,0.12302461,0.06560469,0,0,0,0,0
1369,285000,-0.80014391,-0.07875698,0.92534240,-0.23108803,0.12432769,0.08412233,0,0,0,0,0
1370,285208,-0.75381809,-0.15262601,0.95663021,-0.20264996,0.10294904,0.09888706,0,0,0,0,0
1371,285416,-0.71458966,-0.20327048,0.97884039,-0.21355634,0.08269773,0.12259287,0,0,0,0,0
1372,285625,-0.66434383,-0.27752450,0.98750207,-0.22327146,0.07208659,0.12033889,0,0,0,0,0
1373,285833,-0.61091212,-0.32399216,0.99797266,-0.21998855,0.06005991,0.14015586,0,0,0,0,0
1374,286041,-0.55818012,-0.40241116,1.01093376,-0.20285346,0.04023123,0.13514732,0,0,0,0,0
1375,286250,-0.50378918,-0.46071832,1.01660210,-0.19404746,0.04055225,0.14832911,0,0,0,0,0
1376,286458,-0.44645684,-0.51851347,1.01591531,-0.19177641,0.03908468,0.15725407,0,0,0,0,0
1377,286666,-0.39083688,-0.56915075,1.00196362,-0.18020273,0.02553054,0.19195466,0,0,0,0,0
1378,286875,-0.32808606,-0.61577246,1.00760034,-0.16774865,-0.00412417,0.18442625,0,0,0,0,0
1379,287083,-0.27081500,-0.67489642,0.98341663,-0.16309038,-0.01496562,0.18446988,0,0,0,0,0
1380,287291,-0.20030366,-0.71982518,0.96593177,-0.15229441,-0.01083030,0.18813697,0,0,0,0,0
1381,287500,-0.13333781,-0.76590162,0.94561210,-0.15296747,-0.03941151,0.20081722,0,0,0,0,0
1382,287708,-0.06786963,-0.80102113,0.92430363,-0.12097520,-0.05205827,0.17486773,0,0,0,0,0
1383,287916,0.00298692,-0.83989261,0.90121619,-0.13282274,-0.06381711,0.16855635,0,0,0,0,0
1384,288125,0.06957679,-0.86053531,0.85580226,-0.09984594,-0.06922805,0.19677168,0,0,0,0,0
1385,288333,0.12898236,-0.90278531,0.81305632,-0.09142372,-0.06634078,0.19022103,0,0,0,0,0
1386,288541,0.19366610,-0.92778768,0.77825417,-0.09668937,-0.08958733,0.18560711,0,0,0,0,0
1387,288750,0.26821828,-0.94812417,0.73513229,-0.06719142,-0.10438071,0.19934096,0,0,0,0,0
1388,288958,0.32340674,-0.97869206,0.68161995,-0.06610993,-0.09780031,0.16875321,0,0,0,0,0
1389,289166,0.38390712,-0.98784037,0.62717475,-0.06249719,-0.12607522,0.19831491,0,0,0,0,0
1390,289375,0.44757114,-0.99053405,0.58640436,-0.03717920,-0.13792271,0.19981391,0,0,0,0,0
1391,289583,0.50993876,-0.99015036,0.52985484,-0.03309334,-0.13919461,0.16935530,0,0,0,0,0
1392,289791,0.56466266,-0.99999867,0.46618417,-0.01608100,-0.14636191,0.19336372,0,0,0,0,0
1393,290000,0.61814375,-0.99553770,0.41163753,-0.00029617,-0.14670126,0.17968708,0,0,0,0,0
1394,290208,0.66741258,-0.98889571,0.34230210,0.02376594,-0.13317992,0.15969994,0,0,0,0,0
1395,290416,0.71465849,-0.97294941,0.27366416,0.03748705,-0.17037031,0.15231002,0,0,0,0,0
1396,290625,0.77484380,-0.94986431,0.22122548,0.06094758,-0.16609922,0.14488500,0,0,0,0,0
1397,290833,0.79359710,-0.93966430,0.15055651,0.08031578,-0.15908758,0.13590304,0,0,0,0,0
1398,291041,0.84271122,-0.90633925,0.09622952,0.08429350,-0.16041949,0.12637418,0,0,0,0,0
1399,291250,0.88093474,-0.89524427,0.01133051,0.10426149,-0.15035913,0.12837646,0,0,0,0,0
1400,291458,0.90955956,-0.84774206,-0.04350717,0.10775921,-0.16223520,0.09095974,0,0,0,0,0
1401,291666,0.93509580,-0.81543700,-0.11745155,0.11249967,-0.17642156,0.08389939,0,0,0,0,0
1402,291875,0.96066150,-0.77842017,-0.17213644,0.13034362,-0.17458290,0.07311414,0,0,0,0,0
1403,292083,0.98136592,-0.73042743,-0.23595139,0.14416325,-0.18004558,0.04346082,0,0,0,0,0
1404,292291,1.00417026,-0.68889335,-0.30900415,0.16611038,-0.17029294,0.05155853,0,0,0,0,0
1405,292500,1.01221871,-0.64983831,-0.35871546,0.15232449,-0.15923970,0.03028464,0,0,0,0,0
1406,292708,1.01896097,-0.58904371,-0.43743925,0.16798051,-0.16074719,0.02845437,0,0,0,0,0
1407,292916,1.02657252,-0.53387733,-0.48538964,0.17887798,-0.15538544,0.01087256,0,0,0,0,0
1408,293125,1.01614489,-0.47859322,-0.54295456,0.19126045,-0.13953848,0.01270063,0,0,0,0,0
1409,293333,1.01836381,-0.42056648,-0.59756150,0.18776992,-0.12813306,-0.02390732,0,0,0,0,0
1410,293541,1.00802005,-0.36059565,-0.64754600,0.19056487,-0.11969885,-0.03725662,0,0,0,0,0
1411,293750,0.99796918,-0.29860075,-0.70059321,0.19091290,-0.10614448,-0.01733200,0,0,0,0,0
1412,293958,0.97673318,-0.23783353,-0.74674209,0.19742397,-0.10358914,-0.04196242,0,0,0,0,0
1413,294166,0.96588411,-0.17231919,-0.79781682,0.22748861,-0.10507156,-0.04016654,0,0,0,0,0
1414,294375,0.93187266,-0.10444519,-0.83630550,0.20640412,-0.08879486,-0.02579320,0,0,0,0,0
1415,294583,0.90015064,-0.05299163,-0.87035452,0.22472955,-0.07659200,-0.07364266,0,0,0,0,0
1416,294791,0.87152676,0.01979228,-0.89619964,0.21255868,-0.06102363,-0.08447670,0,0,0,0,0
1417,295000,0.83458041,0.08491455,-0.92832760,0.20474987,-0.04177315,-0.08786897,0,0,0,0,0
1418,295208,0.79741669,0.14878110,-0.95516529,0.22281848,-0.03935714,-0.11509758,0,0,0,0,0
1419,295416,0.75855958,0.20568605,-0.99055717,0.21614817,-0.04166054,-0.11346233,0,0,0,0,0
1420,295625,0.70453771,0.27505206,-1.00205430,0.20244527,-0.01388746,-0.11081307,0,0,0,0,0
1421,295833,0.65684477,0.33414711,-1.00669287,0.18786808,-0.00704480,-0.13046418,0,0,0,0,0
1422,296041,0.59788916,0.39088601,-1.01998430,0.19692693,0.00420123,-0.13523488,0,0,0,0,0
1423,296250,0.53925511,0.44781204,-1.02349004,0.19989812,0.03308451,-0.15989782,0,0,0,0,0
1424,296458,0.49070202,0.50963069,-1.01833203,0.19150328,0.04580325,-0.14096080,0,0,0,0,0
1425,296666,0.43674422,0.55414541,-1.01841833,0.17556131,0.03824123,-0.14063715,0,0,0,0,0
1426,296875,0.36510389,0.61496993,-1.01843804,0.17543756,0.04200677,-0.18094538,0,0,0,0,0
1427,297083,0.30302648,0.66390939,-1.00122125,0.15207695,0.06284625,-0.15953157,0,0,0,0,0
1428,297291,0.24469414,0.69958300,-0.98055790,0.15750207,0.04204760,-0.15817497,0,0,0,0,0
1429,297500,0.17869857,0.75132691,-0.95743190,0.14512991,0.06301143,-0.16918111,0,0,0,0,0
1430,297708,0.10730306,0.78501991,-0.94025865,0.13451007,0.10047988,-0.16907269,0,0,0,0,0
1431,297916,0.04946392,0.83539969,-0.90335104,0.14726143,0.09348421,-0.15904518,0,0,0,0,0
1432,298125,-0.02725500,0.85280559,-0.88665491,0.12021889,0.10404075,-0.15443430,0,0,0,0,0
1433,298333,-0.08836395,0.89498344,-0.83972725,0.09282515,0.13091685,-0.16924679,0,0,0,0,0
1434,298541,-0.16032593,0.91093215,-0.80712174,0.10726270,0.13258042,-0.18194406,0,0,0,0,0
1435,298750,-0.21954509,0.93442418,-0.76004139,0.11577768,0.14076386,-0.17054900,0,0,0,0,0
1436,298958,-0.28103423,0.95106792,-0.70515906,0.06801439,0.15303667,-0.16336314,0,0,0,0,0
1437,299166,-0.34858470,0.95407141,-0.66122306,0.06921275,0.16628084,-0.17356919,0,0,0,0,0
1438,299375,-0.40804557,0.96735718,-0.61074366,0.05335511,0.18144381,-0.15073405,0,0,0,0,0
1439,299583,-0.46574881,0.97194339,-0.55514370,0.04646913,0.15848558,-0.16095691,0,0,0,0,0
1440,299791,-0.52237341,0.96566185,-0.48704915,0.02236284,0.18366370,-0.12726558,0,0,0,0,0
1441,300000,-0.58173254,0.96786378,-0.43009047,0.01566574,0.19704098,-0.15196527,0,0,0,0,0
1442,300208,-0.62286811,0.96024840,-0.37343640,-0.01470542,0.16631472,-0.10588270,0,0,0,0,0
1443,300416,-0.68062894,0.94048313,-0.31919461,-0.00534077,0.19725147,-0.13259242,0,0,0,0,0
1444,300625,-0.72518643,0.93643219,-0.25689564,-0.03365063,0.19250157,-0.13038787,0,0,0,0,0
1445,300833,-0.77744460,0.90389425,-0.18664113,-0.02329017,0.18225737,-0.08683853,0,0,0,0,0
1446,301041,-0.80947329,0.87587933,-0.12054961,-0.04553347,0.19392290,-0.09554182,0,0,0,0,0
1447,301250,-0.85307959,0.85885618,-0.04030484,-0.07437561,0.21618804,-0.06945581,0,0,0,0,0
1448,301458,-0.87524327,0.81518450,0.00742419,-0.07122604,0.17899007,-0.05743786,0,0,0,0,0
1449,301666,-0.90799152,0.78038368,0.07445268,-0.08104477,0.20507949,-0.05798425,0,0,0,0,0
1450,301875,-0.93744738,0.74864454,0.13948115,-0.11360505,0.18513647,-0.05624704,0,0,0,0,0
1451,302083,-0.95588060,0.69709100,0.20022181,-0.12127795,0.21435551,-0.02281356,0,0,0,0,0
1452,302291,-0.96872532,0.65935911,0.27693800,-0.12724119,0.21764391,0.00002682,0,0,0,0,0
1453,302500,-0.98621273,0.60443506,0.32815272,-0.15162239,0.17611506,0.00247645,0,0,0,0,0
1454,302708,-0.99713519,0.54886116,0.38076391,-0.13480812,0.17718315,0.01695195,0,0,0,0,0
1455,302916,-0.99753448,0.49912116,0.45200018,-0.13344071,0.17823098,0.03507452,0,0,0,0,0
1456,303125,-1.00091837,0.43665122,0.50854655,-0.14741300,0.17415200,0.02261486,0,0,0,0,0
1457,303333,-0.99116498,0.38669533,0.56522009,-0.14848409,0.15654836,0.04578326,0,0,0,0,0
1458,303541,-0.98281034,0.32009107,0.61089795,-0.15768102,0.12491423,0.07521251,0,0,0,0,0
1459,303750,-0.98619091,0.26149765,0.65536604,-0.16033966,0.11864555,0.06673890,0,0,0,0,0
1460,303958,-0.96482265,0.18781811,0.70868948,-0.18752378,0.11702623,0.08459707,0,0,0,0,0
1461,304166,-0.93102978,0.12741362,0.75188980,-0.16081025,0.09798023,0.08797995,0,0,0,0,0
1462,304375,-0.91639072,0.06001360,0.78837264,-0.16815936,0.09166107,0.10139105,0,0,0,0,0
1463,304583,-0.88680195,0.00965195,0.82402498,-0.17105805,0.06603159,0.11512679,0,0,0,0,0
1464,304791,-0.85732005,-0.06348531,0.86292102,-0.17692978,0.05654303,0.11252162,0,0,0,0,0
1465,305000,-0.82143030,-0.13087245,0.88587080,-0.17877918,0.04240288,0.15092055,0,0,0,0,0
1466,305208,-0.79503198,-0.19231752,0.92165250,-0.16784284,0.04941700,0.15314182,0,0,0,0,0
1467,305416,-0.73747623,-0.25644533,0.94039487,-0.16202942,0.03942129,0.16801749,0,0,0,0,0
1468,305625,-0.68638231,-0.30587836,0.95942064,-0.17059249,0.02001291,0.16228745,0,0,0,0,0
1469,305833,-0.65082735,-0.37318949,0.96213135,-0.14497220,-0.00892243,0.15579261,0,0,0,0,0
1470,306041,-0.59732431,-0.44147265,0.97610957,-0.15859712,-0.00105227,0.17554496,0,0,0,0,0
1471,306250,-0.53976275,-0.49567669,0.97812469,-0.14450164,-0.01667530,0.19217730,0,0,0,0,0
1472,306458,-0.49113760,-0.54843973,0.97843918,-0.12995435,-0.01488556,0.20153178,0,0,0,0,0
1473,306666,-0.42647354,-0.60130592,0.98645213,-0.13949837,-0.04115234,0.19913845,0,0,0,0,0
1474,306875,-0.37030135,-0.65463324,0.97570121,-0.14261037,-0.06317070,0.19276183,0,0,0,0,0
1475,307083,-0.30037732,-0.70865565,0.95939969,-0.11709806,-0.06461501,0.21909168,0,0,0,0,0
1476,307291,-0.23891490,-0.74633255,0.94971837,-0.10396088,-0.08397559,0.21077265,0,0,0,0,0
1477,307500,-0.17768060,-0.79183461,0.92734997,-0.08728735,-0.09591266,0.21091519,0,0,0,0,0
1478,307708,-0.11377147,-0.82888676,0.89483387,-0.09112015,-0.10700830,0.21750355,0,0,0,0,0
1479,307916,-0.04608375,-0.87773176,0.86092424,-0.07690422,-0.11799004,0.21929759,0,0,0,0,0
1480,308125,0.02385519,-0.89790999,0.82460967,-0.05738230,-0.12926498,0.21464449,0,0,0,0,0
1481,308333,0.08069449,-0.92112887,0.79513346,-0.07147776,-0.14275457,0.22247823,0,0,0,0,0
1482,308541,0.14824860,-0.95186010,0.76886121,-0.04964689,-0.14167174,0.22010582,0,0,0,0,0
1483,308750,0.21869744,-0.97308759,0.71758225,-0.03280251,-0.17238270,0.21525448,0,0,0,0,0
1484,308958,0.27040997,-0.99221678,0.67592812,-0.04169844,-0.16974672,0.19949744,0,0,0,0,0
1485,309166,0.34120899,-1.01042196,0.62508976,-0.02865284,-0.18601501,0.19517798,0,0,0,0,0
1486,309375,0.39461597,-1.00791945,0.57021915,-0.00760738,-0.19518321,0.19430281,0,0,0,0,0
1487,309583,0.46329373,-1.01398719,0.51348011,-0.00768378,-0.18814974,0.19765528,0,0,0,0,0
1488,309791,0.49711782,-1.00389862,0.46170260,0.00472885,-0.19552399,0.17273166,0,0,0,0,0
1489,310000,0.56051394,-1.01102601,0.41061980,0.02706028,-0.20683860,0.17928676,0,0,0,0,0
1490,310208,0.61667212,-0.99507884,0.34214269,0.03576807,-0.20525945,0.16908050,0,0,0,0,0
1491,310416,0.66528463,-0.97975306,0.27085164,0.05465309,-0.20178432,0.16204502,0,0,0,0,0
1492,310625,0.71382403,-0.96202070,0.20677564,0.07292336,-0.21489888,0.14880913,0,0,0,0,0
1493,310833,0.75150148,-0.94585435,0.15397343,0.10042933,-0.22394007,0.13702698,0,0,0,0,0
1494,311041,0.79776751,-0.91744314,0.08740796,0.10402122,-0.21825763,0.11506269,0,0,0,0,0
1495,311250,0.83066520,-0.88376488,0.01807546,0.11245444,-0.24062799,0.08886887,0,0,0,0,0
1496,311458,0.85359486,-0.85294295,-0.03334134,0.10845063,-0.23606957,0.08604056,0,0,0,0,0
1497,311666,0.89244440,-0.81294571,-0.10574645,0.11427750,-0.23091382,0.08232584,0,0,0,0,0
1498,311875,0.91249912,-0.78166232,-0.16395835,0.13802990,-0.22763676,0.07475948,0,0,0,0,0
1499,312083,0.93435213,-0.73086084,-0.22488217,0.15851994,-0.24020851,0.04741963,0,0,0,0,0
1500,312291,0.95422875,-0.67858676,-0.29909380,0.17803594,-0.24062607,0.05025143,0,0,0,0,0
1501,312500,0.95072128,-0.63230900,-0.35355173,0.17015732,-0.22322281,0.02239642,0,0,0,0,0
1502,312708,0.95959051,-0.58851088,-0.41667647,0.19013400,-0.21103136,0.00401135,0,0,0,0,0
1503,312916,0.97481248,-0.52147849,-0.46699456,0.17180820,-0.19181197,-0.00326856,0,0,0,0,0
1504,313125,0.96015737,-0.46518588,-0.51973074,0.18794140,-0.19928016,-0.01823443,0,0,0,0,0
1505,313333,0.96768759,-0.40838306,-0.57864438,0.17575742,-0.18483171,-0.00904346,0,0,0,0,0
1506,313541,0.96141168,-0.33761394,-0.62912699,0.18773056,-0.17818354,-0.04215287,0,0,0,0,0
1507,313750,0.94633038,-0.27511663,-0.68025886,0.20849791,-0.14191510,-0.05404157,0,0,0,0,0
1508,313958,0.93783477,-0.21800607,-0.72122743,0.19329703,-0.15051615,-0.07258463,0,0,0,0,0
1509,314166,0.91231781,-0.14923422,-0.77107591,0.19107489,-0.15294150,-0.06576565,0,0,0,0,0
1510,314375,0.89879833,-0.08526283,-0.81478661,0.18960599,-0.12578652,-0.10126767,0,0,0,0,0
1511,314583,0.85219271,-0.02318811,-0.83674121,0.20770184,-0.11768045,-0.11389619,0,0,0,0,0
1512,314791,0.82895962,0.05196560,-0.86954245,0.20500247,-0.11003253,-0.12641520,0,0,0,0,0
1513,315000,0.79224472,0.10828384,-0.89537789,0.19637009,-0.10218796,-0.13627202,0,0,0,0,0
1514,315208,0.74780289,0.17492982,-0.92139181,0.19385795,-0.08351718,-0.13050341,0,0,0,0,0
1515,315416,0.70765452,0.23808207,-0.95039760,0.17528063,-0.07624205,-0.14382883,0,0,0,0,0
1516,315625,0.65851858,0.30441704,-0.96606467,0.17731640,-0.06483754,-0.16843228,0,0,0,0,0
1517,315833,0.60222770,0.37331050,-0.96773454,0.18711618,-0.04603862,-0.16450042,0,0,0,0,0
1518,316041,0.55813926,0.43113027,-0.98614818,0.17436458,-0.03148968,-0.17075734,0,0,0,0,0
1519,316250,0.51118668,0.49500232,-0.98565973,0.16633407,-0.02651986,-0.18193094,0,0,0,0,0
1520,316458,0.45426617,0.54653869,-0.98912313,0.16349917,-0.01752157,-0.21573706,0,0,0,0,0
1521,316666,0.38253081,0.60002617,-0.97274635,0.14390685,-0.00439174,-0.18789145,0,0,0,0,0
1522,316875,0.32747217,0.63717576,-0.97745445,0.15461114,0.01879368,-0.19672060,0,0,0,0,0
1523,317083,0.27242794,0.70188372,-0.95436801,0.11518433,0.02637703,-0.20867974,0,0,0,0,0
1524,317291,0.19606232,0.74415239,-0.94450040,0.12807589,0.02976296,-0.19998359,0,0,0,0,0
1525,317500,0.13900566,0.78542083,-0.91547705,0.11681156,0.02912321,-0.20519976,0,0,0,0,0
1526,317708,0.06914822,0.82868226,-0.89008244,0.10465386,0.07184555,-0.23382105,0,0,0,0,0
1527,317916,0.01359988,0.86593288,-0.86201253,0.06776158,0.06460913,-0.21093637,0,0,0,0,0
1528,318125,-0.05518637,0.89500908,-0.82317504,0.08657683,0.07476556,-0.22855646,0,0,0,0,0
1529,318333,-0.12532241,0.92863026,-0.78335192,0.06632342,0.10509717,-0.23292476,0,0,0,0,0
1530,318541,-0.18803576,0.96667349,-0.77144203,0.07620765,0.09524279,-0.21606365,0,0,0,0,0
1531,318750,-0.24416973,0.96991026,-0.70953139,0.04159399,0.11564681,-0.22602088,0,0,0,0,0
1532,318958,-0.31314858,0.99612965,-0.66412645,0.04591542,0.14137802,-0.20528853,0,0,0,0,0
1533,319166,-0.37796297,1.00920449,-0.60628825,0.02075260,0.14775326,-0.20920646,0,0,0,0,0
1534,319375,-0.42991685,1.01823766,-0.55270754,-0.00384655,0.14850666,-0.19440121,0,0,0,0,0
1535,319583,-0.48989272,1.02081519,-0.51018228,-0.00289335,0.15719782,-0.20575031,0,0,0,0,0
1536,319791,-0.54747402,1.02329387,-0.44478756,-0.01026226,0.16048090,-0.18775047,0,0,0,0,0
1537,320000,-0.60278531,1.00974260,-0.38849596,-0.03390856,0.17104935,-0.19548128,0,0,0,0,0
1538,320208,-0.65043483,1.00571867,-0.32093630,-0.04645045,0.17658138,-0.17164808,0,0,0,0,0
1539,320416,-0.69625812,0.99426796,-0.25548342,-0.05893461,0.18502289,-0.16982725,0,0,0,0,0
1540,320625,-0.74972106,0.98824596,-0.20302580,-0.07102845,0.19851521,-0.16601019,0,0,0,0,0
1541,320833,-0.79101184,0.95522971,-0.13340505,-0.10064007,0.19770215,-0.13420615,0,0,0,0,0
1542,321041,-0.82448099,0.92738177,-0.07366694,-0.08903622,0.19548817,-0.14897837,0,0,0,0,0
1543,321250,-0.86147878,0.90702128,-0.01177097,-0.12475031,0.19332592,-0.12784474,0,0,0,0,0
1544,321458,-0.89247745,0.87542076,0.06722336,-0.12651856,0.20841808,-0.10655403,0,0,0,0,0
1545,321666,-0.92364372,0.83408891,0.13165698,-0.12831173,0.21245284,-0.09268649,0,0,0,0,0
1546,321875,-0.94038797,0.78503466,0.18549644,-0.16166275,0.20214571,-0.09626916,0,0,0,0,0
1547,322083,-0.96752292,0.75067358,0.26007702,-0.15931603,0.20559163,-0.08538943,0,0,0,0,0
1548,322291,-0.97332946,0.70064342,0.31121131,-0.17933163,0.17497404,-0.06394314,0,0,0,0,0
1549,322500,-0.98437942,0.65505776,0.38313040,-0.19266740,0.18866547,-0.04516993,0,0,0,0,0
1550,322708,-0.99119552,0.59798265,0.43426747,-0.17593068,0.17611189,-0.03990489,0,0,0,0,0
1551,322916,-0.99155997,0.54622983,0.49802484,-0.19633622,0.18559710,-0.02167788,0,0,0,0,0
1552,323125,-1.00353378,0.48615674,0.55379197,-0.20497350,0.16448563,0.00241041,0,0,0,0,0
1553,323333,-0.99054397,0.42020799,0.59640849,-0.21195769,0.19682016,0.00309862,0,0,0,0,0
1554,323541,-0.99118979,0.37423892,0.65851511,-0.21657561,0.16526143,0.01024870,0,0,0,0,0
1555,323750,-0.98220786,0.30139141,0.70844095,-0.23318777,0.15034199,0.02846122,0,0,0,0,0
1556,323958,-0.96387424,0.24363492,0.74899697,-0.20662323,0.13115710,0.02821187,0,0,0,0,0
1557,324166,-0.94070778,0.18704838,0.79479795,-0.21409751,0.12093874,0.03835430,0,0,0,0,0
1558,324375,-0.91920586,0.11029234,0.84196192,-0.24169481,0.11690005,0.05084086,0,0,0,0,0
1559,324583,-0.87142378,0.05196672,0.87195481,-0.22140688,0.12387252,0.06796259,0,0,0,0,0
1560,324791,-0.84901315,-0.02057389,0.90191937,-0.21686040,0.10039872,0.09250810,0,0,0,0,0
1561,325000,-0.80447269,-0.07767979,0.92610090,-0.21929567,0.08759492,0.09882477,0,0,0,0,0
1562,325208,-0.76319966,-0.14710526,0.95349205,-0.21256422,0.06903775,0.11032275,0,0,0,0,0
1563,325416,-0.72911945,-0.21821486,0.97749828,-0.20661444,0.04147945,0.09742802,0,0,0,0,0
1564,325625,-0.67733157,-0.26759370,0.99303690,-0.21290662,0.04630642,0.11380673,0,0,0,0,0
1565,325833,-0.63445764,-0.33366129,1.00205362,-0.20473210,0.03522837,0.14133886,0,0,0,0,0
1566,326041,-0.57245866,-0.39121034,1.01175060,-0.20742979,0.02702458,0.13863797,0,0,0,0,0
1567,326250,-0.51614183,-0.45128077,1.01465545,-0.17113501,0.01738789,0.13691475,0,0,0,0,0
1568,326458,-0.45293230,-0.51246507,1.02625160,-0.16792716,0.00822469,0.16423187,0,0,0,0,0
1569,326666,-0.40227880,-0.55842336,1.02121018,-0.18536300,-0.01245324,0.14457198,0,0,0,0,0
1570,326875,-0.33617652,-0.61413781,1.00564852,-0.16989711,-0.00689961,0.17177772,0,0,0,0,0
1571,327083,-0.28074457,-0.66875525,0.99473429,-0.16903574,-0.01153413,0.15982353,0,0,0,0,0
1572,327291,-0.20559211,-0.71247385,0.98276238,-0.13875353,-0.04233328,0.18433822,0,0,0,0,0
1573,327500,-0.14521141,-0.74815989,0.95867274,-0.13833795,-0.04920507,0.17898293,0,0,0,0,0
1574,327708,-0.08992445,-0.79734793,0.92431206,-0.13440700,-0.07274586,0.19043381,0,0,0,0,0
1575,327916,-0.02238705,-0.83399818,0.90075095,-0.11647983,-0.08501755,0.17698029,0,0,0,0,0
1576,328125,0.04970161,-0.85903358,0.86411001,-0.12238909,-0.07176973,0.16783276,0,0,0,0,0
1577,328333,0.11631700,-0.88345278,0.83300252,-0.11036878,-0.08671957,0.17887408,0,0,0,0,0
1578,328541,0.17822644,-0.92528183,0.77611711,-0.10389131,-0.10578352,0.17025789,0,0,0,0,0
1579,328750,0.24639018,-0.94267898,0.72973730,-0.07371730,-0.11243141,0.18025187,0,0,0,0,0
1580,328958,0.29826674,-0.95997192,0.69822288,-0.08082484,-0.12137337,0.17553840,0,0,0,0,0
1581,329166,0.36687694,-0.96773459,0.64680209,-0.07041409,-0.14634169,0.18933376,0,0,0,0,0
1582,329375,0.42797687,-0.97312555,0.59493448,-0.03849175,-0.15761538,0.16434699,0,0,0,0,0
1583,329583,0.49679723,-0.98725626,0.53206250,-0.05714962,-0.16748128,0.16178222,0,0,0,0,0
1584,329791,0.54398078,-0.99544357,0.47094633,-0.01692433,-0.15491110,0.15517995,0,0,0,0,0
1585,330000,0.59318284,-0.98258745,0.41580196,0.00004988,-0.15111443,0.16369064,0,0,0,0,0
1586,330208,0.65879905,-0.97453680,0.34795496,0.01705705,-0.16254710,0.15102400,0,0,0,0,0
1587,330416,0.70890288,-0.95661158,0.28815932,0.01476091,-0.17882533,0.12211167,0,0,0,0,0
1588,330625,0.74279756,-0.95132736,0.23419678,0.04926685,-0.19517748,0.15261487,0,0,0,0,0
1589,330833,0.79289466,-0.92667575,0.16343544,0.03446295,-0.16888356,0.12773015,0,0,0,0,0
1590,331041,0.82567248,-0.89371643,0.09727381,0.06548458,-0.17926174,0.10267500,0,0,0,0,0
1591,331250,0.86768968,-0.86864152,0.02944924,0.08049106,-0.18228032,0.07376857,0,0,0,0,0
1592,331458,0.89959466,-0.83764616,-0.03380990,0.11102919,-0.17997144,0.08212393,0,0,0,0,0
1593,331666,0.93689055,-0.80011804,-0.09541476,0.10636573,-0.18963663,0.06399782,0,0,0,0,0
1594,331875,0.96027699,-0.76343367,-0.15906786,0.13357213,-0.18643674,0.04990789,0,0,0,0,0
1595,332083,0.97223582,-0.72569081,-0.23226155,0.13481046,-0.18484243,0.04720021,0,0,0,0,0
1596,332291,0.99383692,-0.67388982,-0.28867556,0.16475397,-0.17205870,0.03567770,0,0,0,0,0
1597,332500,1.00199110,-0.62411749,-0.34232832,0.14332251,-0.18038842,0.03861757,0,0,0,0,0
1598,332708,1.01554222,-0.56294641,-0.41664346,0.15364705,-0.17166383,-0.00633401,0,0,0,0,0
1599,332916,1.01746282,-0.51969115,-0.46986257,0.17564096,-0.16671266,0.00653320,0,0,0,0,0
1600,333125,1.01562145,-0.45885263,-0.53047581,0.17958424,-0.15932224,-0.02655520,0,0,0,0,0
1601,333333,1.01952964,-0.40101010,-0.58408508,0.18408882,-0.14618161,-0.01871155,0,0,0,0,0
1602,333541,1.00546992,-0.33709356,-0.63218543,0.18679151,-0.13176440,-0.03643823,0,0,0,0,0
1603,333750,1.00303404,-0.28087024,-0.68417327,0.18514987,-0.11537875,-0.04057639,0,0,0,0,0
1604,333958,0.97493497,-0.22233690,-0.72959358,0.17359531,-0.09938510,-0.04862959,0,0,0,0,0
1605,334166,0.96031953,-0.13761897,-0.78121485,0.17676101,-0.07026858,-0.08090816,0,0,0,0,0
1606,334375,0.92754107,-0.09837452,-0.81859104,0.19613739,-0.07645865,-0.09288952,0,0,0,0,0
1607,334583,0.90662595,-0.02991218,-0.84779245,0.18041699,-0.06750387,-0.08614777,0,0,0,0,0
1608,334791,0.87892592,0.03655631,-0.89016671,0.19985038,-0.06577859,-0.11799818,0,0,0,0,0
1609,335000,0.83766526,0.11062838,-0.91307278,0.19088210,-0.04287321,-0.10347946,0,0,0,0,0
1610,335208,0.80233477,0.16227653,-0.93516149,0.20385974,-0.02551886,-0.11603914,0,0,0,0,0
1611,335416,0.74496717,0.22250282,-0.95788721,0.19507685,-0.02758215,-0.14430763,0,0,0,0,0
1612,335625,0.70644511,0.29157270,-0.98166272,0.17836946,-0.01973446,-0.13051851,0,0,0,0,0
1613,335833,0.65259402,0.35692197,-0.99342429,0.18977269,-0.00352217,-0.13878400,0,0,0,0,0
1614,336041,0.59529752,0.40343643,-1.00003546,0.18230539,0.01872563,-0.16435714,0,0,0,0,0
1615,336250,0.54570544,0.47067504,-1.01037910,0.17136794,0.00652319,-0.15389955,0,0,0,0,0
1616,336458,0.49522216,0.52572145,-1.01137991,0.17181896,0.03926970,-0.16980287,0,0,0,0,0
1617,336666,0.42945835,0.57340452,-1.00599880,0.14821216,0.04369962,-0.19019045,0,0,0,0,0
1618,336875,0.37198586,0.62316748,-0.98944152,0.14206741,0.04229178,-0.16642104,0,0,0,0,0
1619,337083,0.30229824,0.67915622,-0.98997680,0.13047187,0.05730944,-0.18196849,0,0,0,0,0
1620,337291,0.24737137,0.71952053,-0.96560964,0.11057492,0.07486588,-0.17092502,0,0,0,0,0
1621,337500,0.17859674,0.76533080,-0.94492468,0.10950086,0.07628843,-0.19715089,0,0,0,0,0
1622,337708,0.11279126,0.81226500,-0.91352193,0.11125439,0.10795058,-0.19163249,0,0,0,0,0
1623,337916,0.04876089,0.84286252,-0.88332500,0.10520390,0.11356430,-0.18751122,0,0,0,0,0
1624,338125,-0.00725034,0.87225821,-0.86615554,0.10703862,0.10345677,-0.17963485,0,0,0,0,0
1625,338333,-0.07699059,0.91284886,-0.82193748,0.07486535,0.13511496,-0.19501371,0,0,0,0,0
1626,338541,-0.15411543,0.92884214,-0.78824770,0.07118361,0.14036041,-0.18116965,0,0,0,0,0
1627,338750,-0.21213455,0.94409421,-0.73969030,0.06729561,0.15284120,-0.19278175,0,0,0,0,0
1628,338958,-0.27909100,0.96643851,-0.70127281,0.05865024,0.16582138,-0.16807213,0,0,0,0,0
1629,339166,-0.33930076,0.98093326,-0.64435827,0.05469795,0.16981227,-0.20178543,0,0,0,0,0
1630,339375,-0.40241056,0.98682720,-0.58477248,0.02073364,0.18017569,-0.16043735,0,0,0,0,0
1631,339583,-0.45784654,0.99215871,-0.54454909,0.03883085,0.17686328,-0.17555898,0,0,0,0,0
1632,339791,-0.50834227,0.99258708,-0.47718871,0.00564469,0.20445874,-0.17624705,0,0,0,0,0
1633,340000,-0.57712685,0.98087580,-0.41958858,0.00962570,0.20109042,-0.13373608,0,0,0,0,0
1634,340208,-0.62424770,0.97917442,-0.35532488,-0.01230714,0.18811302,-0.15033457,0,0,0,0,0
1635,340416,-0.67296280,0.96673833,-0.29892965,-0.04652400,0.20961589,-0.13660868,0,0,0,0,0
1636,340625,-0.72197902,0.94238662,-0.23604411,-0.05534564,0.18850144,-0.11630648,0,0,0,0,0
1637,340833,-0.76360254,0.93087323,-0.16909590,-0.08509579,0.19284589,-0.10760227,0,0,0,0,0
1638,341041,-0.80677940,0.89191117,-0.09855867,-0.08613675,0.22517947,-0.09306254,0,0,0,0,0
1639,341250,-0.83249229,0.86274983,-0.04445674,-0.08917017,0.22569609,-0.08334176,0,0,0,0,0
1640,341458,-0.87676064,0.82465657,0.02209801,-0.10488420,0.20980511,-0.07943374,0,0,0,0,0
1641,341666,-0.88716356,0.79463709,0.08616800,-0.12155082,0.21638700,-0.05333605,0,0,0,0,0
1642,341875,-0.92399045,0.75115105,0.14287845,-0.12493549,0.21385324,-0.02173664,0,0,0,0,0
1643,342083,-0.94827093,0.70747783,0.20882437,-0.13672841,0.20648043,-0.02291016,0,0,0,0,0
1644,342291,-0.96590444,0.66587582,0.27017449,-0.14695889,0.19615721,-0.01991755,0,0,0,0,0
1645,342500,-0.97053607,0.60976807,0.33963073,-0.14408983,0.18660274,-0.00770846,0,0,0,0,0
1646,342708,-0.98391805,0.55799604,0.39570245,-0.17087048,0.20285584,0.00792180,0,0,0,0,0
1647,342916,-0.97691264,0.51146989,0.45376912,-0.15139614,0.18286728,0.00921408,0,0,0,0,0
1648,343125,-0.98992364,0.44161902,0.51417358,-0.16660366,0.15984619,0.04286314,0,0,0,0,0
1649,343333,-0.97947216,0.39332259,0.56161193,-0.16651619,0.16422428,0.03566705,0,0,0,0,0
1650,343541,-0.97835457,0.33735790,0.61685938,-0.17674397,0.15317377,0.05809715,0,0,0,0,0
1651,343750,-0.96942049,0.27189007,0.67059248,-0.18127139,0.16963777,0.09250130,0,0,0,0,0
1652,343958,-0.94562517,0.19716433,0.71299725,-0.19696993,0.12711634,0.06908651,0,0,0,0,0
1653,344166,-0.92207957,0.12821489,0.75932254,-0.15423408,0.12225479,0.08250831,0,0,0,0,0
1654,344375,-0.91066528,0.06996285,0.78557107,-0.17528665,0.11024110,0.10200529,0,0,0,0,0
1655,344583,-0.88412319,0.00439719,0.83133067,-0.18366001,0.09614622,0.11935362,0,0,0,0,0
1656,344791,-0.84586007,-0.06732558,0.86286598,-0.17650267,0.07870201,0.11079067,0,0,0,0,0
1657,345000,-0.82363048,-0.12718722,0.89350250,-0.18243321,0.07359579,0.13659185,0,0,0,0,0
1658,345208,-0.76810814,-0.18801778,0.90954559,-0.18920921,0.05315837,0.14486955,0,0,0,0,0
1659,345416,-0.73112749,-0.24663060,0.93419844,-0.18559109,0.05583406,0.13880617,0,0,0,0,0
1660,345625,-0.68194444,-0.31117507,0.94801885,-0.15535032,0.03701613,0.15519997,0,0,0,0,0
1661,345833,-0.63029716,-0.37444429,0.96454809,-0.16804698,0.01758212,0.18149022,0,0,0,0,0
1662,346041,-0.57015379,-0.43091561,0.98548688,-0.15118961,0.02223189,0.17194334,0,0,0,0,0
1663,346250,-0.52287880,-0.49188010,0.97832705,-0.14492136,0.00469980,0.16793159,0,0,0,0,0
1664,346458,-0.45736808,-0.54979069,0.97518028,-0.14778717,-0.01498074,0.18867522,0,0,0,0,0
1665,346666,-0.40424058,-0.61281389,0.96945636,-0.13828318,-0.01258113,0.21417830,0,0,0,0,0
1666,346875,-0.34721646,-0.65911174,0.96380518,-0.13533595,-0.03440863,0.18230632,0,0,0,0,0
1667,347083,-0.27688372,-0.70352812,0.95435672,-0.11905117,-0.04035016,0.20953968,0,0,0,0,0
1668,347291,-0.22230163,-0.75845246,0.94200495,-0.10195662,-0.06827249,0.21737789,0,0,0,0,0
1669,347500,-0.15937837,-0.78828843,0.92043711,-0.09183181,-0.07538352,0.21547190,0,0,0,0,0
1670,347708,-0.09291996,-0.83300894,0.89680119,-0.10788827,-0.07874351,0.20091827,0,0,0,0,0
1671,347916,-0.01903598,-0.86014187,0.86999931,-0.08838465,-0.10015549,0.21397654,0,0,0,0,0
1672,348125,0.03538173,-0.90129608,0.83542352,-0.08679118,-0.11444169,0.21061816,0,0,0,0,0
1673,348333,0.09824130,-0.92870823,0.79999533,-0.05325670,-0.11116363,0.23589667,0,0,0,0,0
1674,348541,0.15385773,-0.96099334,0.76868541,-0.05719863,-0.12108387,0.20308692,0,0,0,0,0
1675,348750,0.22839234,-0.96895035,0.71490448,-0.04287387,-0.14355087,0.21864044,0,0,0,0,0
1676,348958,0.28411700,-0.99014804,0.66595724,-0.03546290,-0.16983487,0.19815393,0,0,0,0,0
1677,349166,0.34183376,-1.00518496,0.61605706,-0.03042371,-0.15377825,0.21262126,0,0,0,0,0
1678,349375,0.40909309,-1.01022381,0.56146189,0.00841370,-0.19446198,0.19703073,0,0,0,0,0
1679,349583,0.47590393,-1.01735019,0.50429684,0.01527765,-0.18047687,0.19043890,0,0,0,0,0
1680,349791,0.52928725,-1.02096821,0.44398693,0.02070800,-0.17462931,0.20301107,0,0,0,0,0
1681,350000,0.58177504,-1.01465696,0.40589216,0.02207843,-0.20237069,0.17649649,0,0,0,0,0
1682,350208,0.63490404,-1.00116276,0.32813086,0.04313979,-0.19419967,0.15762367,0,0,0,0,0
1683,350416,0.66877076,-0.98063438,0.27410540,0.06313463,-0.21860990,0.15601441,0,0,0,0,0
1684,350625,0.71942643,-0.97406878,0.20763153,0.07128649,-0.21306350,0.15243048,0,0,0,0,0
1685,350833,0.76660648,-0.94619872,0.14315161,0.07941889,-0.20304656,0.14889643,0,0,0,0,0
1686,351041,0.79837514,-0.92898292,0.08092792,0.10047605,-0.21493691,0.10862052,0,0,0,0,0
1687,351250,0.84113165,-0.89165572,0.01559209,0.10951005,-0.24171388,0.11094374,0,0,0,0,0
1688,351458,0.86859531,-0.85860753,-0.05941797,0.10901702,-0.22249653,0.08672348,0,0,0,0,0
1689,351666,0.90635363,-0.82768094,-0.11281415,0.12009105,-0.23588239,0.06603444,0,0,0,0,0
1690,351875,0.91421763,-0.78049207,-0.17417088,0.14879727,-0.22049555,0.08789909,0,0,0,0,0
1691,352083,0.93294849,-0.74603165,-0.23765819,0.15715284,-0.22383026,0.05658621,0,0,0,0,0
1692,352291,0.96358598,-0.69226616,-0.30803135,0.17206223,-0.24006843,0.03010099,0,0,0,0,0
1693,352500,0.97124411,-0.64336606,-0.36150606,0.18633686,-0.21802910,0.02641806,0,0,0,0,0
1694,352708,0.98434639,-0.58251123,-0.42900160,0.16479795,-0.21587351,0.01029130,0,0,0,0,0
1695,352916,0.97765861,-0.53483565,-0.49722985,0.17976511,-0.19634115,-0.00268631,0,0,0,0,0
1696,353125,0.99250080,-0.46924922,-0.54749321,0.17624146,-0.19757771,0.00059656,0,0,0,0,0
1697,353333,0.98211311,-0.40952716,-0.60083375,0.21545211,-0.17783402,0.00006461,0,0,0,0,0
1698,353541,0.96865888,-0.34401542,-0.63541781,0.20085763,-0.16404096,-0.01865748,0,0,0,0,0
1699,353750,0.95717409,-0.30382889,-0.69131243,0.18942067,-0.14429506,-0.05146843,0,0,0,0,0
1700,353958,0.93887359,-0.22602381,-0.74599407,0.20816342,-0.14560970,-0.05846037,0,0,0,0,0
1701,354166,0.91540940,-0.15600302,-0.77542248,0.19753490,-0.13107230,-0.06999105,0,0,0,0,0
1702,354375,0.89300546,-0.09569547,-0.81378814,0.21779230,-0.12664381,-0.06981081,0,0,0,0,0
1703,354583,0.86637880,-0.03230687,-0.85063166,0.20202491,-0.12180420,-0.08163099,0,0,0,0,0
1704,354791,0.83143429,0.03518266,-0.88533378,0.20488641,-0.09599051,-0.10748201,0,0,0,0,0
1705,355000,0.78711391,0.09441000,-0.91180214,0.19111584,-0.08908479,-0.10537395,0,0,0,0,0
1706,355208,0.75954052,0.17065206,-0.94247276,0.19832317,-0.07900122,-0.11295309,0,0,0,0,0
1707,355416,0.69836709,0.22607648,-0.95569199,0.19766812,-0.06888797,-0.12725996,0,0,0,0,0
1708,355625,0.65488163,0.28795343,-0.97404038,0.19782937,-0.05993584,-0.14838108,0,0,0,0,0
1709,355833,0.61686715,0.34004574,-0.99662850,0.20977264,-0.05192348,-0.14143654,0,0,0,0,0
1710,356041,0.56048624,0.41609446,-0.99797980,0.15350545,-0.03476952,-0.15196837,0,0,0,0,0
1711,356250,0.51069076,0.46476169,-0.99865150,0.18355053,-0.03129959,-0.16748256,0,0,0,0,0
1712,356458,0.44879241,0.53568933,-1.00626811,0.16316873,0.00177438,-0.16589475,0,0,0,0,0
1713,356666,0.39817294,0.58875005,-0.99505671,0.15762412,0.00358113,-0.17177446,0,0,0,0,0
1714,356875,0.32535670,0.63495891,-0.98894894,0.14352834,-0.01467540,-0.16363293,0,0,0,0,0
1715,357083,0.27022821,0.67591315,-0.98013412,0.13606552,0.03790699,-0.19155596,0,0,0,0,0
1716,357291,0.21148898,0.72907401,-0.94808449,0.11687680,0.05125146,-0.19595677,0,0,0,0,0
1717,357500,0.14217779,0.77734851,-0.93036400,0.13340601,0.04787964,-0.21575062,0,0,0,0,0
1718,357708,0.07960205,0.81743337,-0.90955831,0.11087127,0.05807796,-0.19699317,0,0,0,0,0
1719,357916,0.01136213,0.85040722,-0.87256443,0.12380415,0.08590408,-0.20738574,0,0,0,0,0
1720,358125,-0.05180047,0.89507314,-0.83633565,0.10544361,0.09839199,-0.20597393,0,0,0,0,0
1721,358333,-0.12694867,0.91195692,-0.81239772,0.09401631,0.08060965,-0.22094532,0,0,0,0,0
1722,358541,-0.18468283,0.93203514,-0.75969667,0.10069800,0.11644376,-0.21437355,0,0,0,0,0
1723,358750,-0.25131924,0.96733109,-0.71752544,0.05982156,0.13114424,-0.20557105,0,0,0,0,0
1724,358958,-0.31484052,0.98444827,-0.67071869,0.06102872,0.12355933,-0.21491205,0,0,0,0,0
1725,359166,-0.38473798,0.99269320,-0.61671574,0.02302582,0.13057036,-0.18986159,0,0,0,0,0
1726,359375,-0.43122228,1.00172018,-0.55924312,0.03222950,0.15485557,-0.18946929,0,0,0,0,0
1727,359583,-0.48968084,1.00648807,-0.51116652,0.01912095,0.17669384,-0.18188853,0,0,0,0,0
1728,359791,-0.54434734,1.00585436,-0.45346566,0.00649555,0.17761810,-0.18488945,0,0,0,0,0
1729,360000,-0.60609868,1.00773608,-0.39877223,-0.02505610,0.17727198,-0.16177793,0,0,0,0,0
1730,360208,-0.66035870,0.99608594,-0.33851667,-0.02884616,0.17398366,-0.14412741,0,0,0,0,0
1731,360416,-0.69926461,0.97886257,-0.26862755,-0.05291263,0.18011103,-0.16194023,0,0,0,0,0
1732,360625,-0.75266773,0.97048330,-0.21266520,-0.06707070,0.18305612,-0.14948632,0,0,0,0,0
1733,360833,-0.79457379,0.95134640,-0.13803904,-0.07999798,0.18387571,-0.13926954,0,0,0,0,0
1734,361041,-0.82955998,0.92057409,-0.08269007,-0.08944522,0.18285000,-0.13379752,0,0,0,0,0
1735,361250,-0.87132793,0.89119118,-0.00454687,-0.10198883,0.19834280,-0.13002831,0,0,0,0,0
1736,361458,-0.90156093,0.86381749,0.05400442,-0.10405327,0.17915761,-0.10357973,0,0,0,0,0
1737,361666,-0.92644723,0.83128347,0.11548348,-0.11714271,0.20185338,-0.07878953,0,0,0,0,0
1738,361875,-0.94365666,0.78060765,0.17446706,-0.14033621,0.18828263,-0.07212061,0,0,0,0,0
1739,362083,-0.97352294,0.73978548,0.23822037,-0.14271653,0.19694767,-0.06609786,0,0,0,0,0
1740,362291,-0.98760565,0.69382256,0.31078966,-0.15716772,0.18209264,-0.03482502,0,0,0,0,0
1741,362500,-0.99050323,0.64291094,0.37701234,-0.17460323,0.16950430,-0.03028882,0,0,0,0,0
1742,362708,-1.00553858,0.59228256,0.42301245,-0.17684721,0.19509458,0.00685572,0,0,0,0,0
1743,362916,-1.00834100,0.55249827,0.49385680,-0.17785652,0.18378042,-0.00423626,0,0,0,0,0
1744,363125,-1.00661562,0.47804829,0.54868662,-0.17928495,0.16264954,0.00484594,0,0,0,0,0
1745,363333,-1.00837637,0.42630774,0.60759677,-0.19151453,0.17746774,0.00692200,0,0,0,0,0
1746,363541,-0.99011232,0.35599396,0.65675997,-0.19069363,0.16324898,0.02937084,0,0,0,0,0
1747,363750,-0.98167125,0.29592840,0.70559060,-0.19338157,0.14192514,0.02078217,0,0,0,0,0
1748,363958,-0.96743751,0.21935574,0.74946934,-0.19961036,0.11057066,0.04422153,0,0,0,0,0
1749,364166,-0.94784985,0.17083502,0.79292928,-0.20978120,0.10035947,0.05292044,0,0,0,0,0
1750,364375,-0.92577239,0.09994574,0.82935501,-0.21148335,0.10435365,0.07116159,0,0,0,0,0
1751,364583,-0.89165235,0.04322842,0.86329767,-0.21778375,0.10181476,0.08003859,0,0,0,0,0
1752,364791,-0.85800378,-0.02429045,0.89828064,-0.20533338,0.09769768,0.08854911,0,0,0,0,0
1753,365000,-0.82320433,-0.09493346,0.92419736,-0.22409467,0.07245783,0.11010504,0,0,0,0,0
1754,365208,-0.77553178,-0.15136406,0.95045214,-0.19089189,0.06751615,0.12346320,0,0,0,0,0
1755,365416,-0.73610711,-0.21559598,0.97832328,-0.20658203,0.06065816,0.13240618,0,0,0,0,0
1756,365625,-0.68611258,-0.26613179,0.98597583,-0.21391331,0.02133270,0.13586511,0,0,0,0,0
1757,365833,-0.63949720,-0.33662293,1.00287735,-0.18761573,0.02143450,0.14039941,0,0,0,0,0
1758,366041,-0.58213217,-0.40428716,1.00490770,-0.19748041,0.02056687,0.15294243,0,0,0,0,0
1759,366250,-0.53120155,-0.45439967,1.01507820,-0.18248390,0.01093331,0.15659955,0,0,0,0,0
1760,366458,-0.47061792,-0.51043225,1.02312183,-0.18698392,-0.01703428,0.16885784,0,0,0,0,0
1761,366666,-0.42213172,-0.56919507,1.01254718,-0.17643972,-0.01068180,0.16471020,0,0,0,0,0
1762,366875,-0.35463089,-0.62025716,0.99842519,-0.14771898,-0.02114929,0.17399212,0,0,0,0,0
1763,367083,-0.29047430,-0.66486739,0.99038055,-0.15423772,-0.03849627,0.19146060,0,0,0,0,0
1764,367291,-0.22242150,-0.71988376,0.97292126,-0.13856144,-0.04569550,0.18929451,0,0,0,0,0
1765,367500,-0.16194471,-0.74890572,0.95086661,-0.13480436,-0.06036993,0.19115782,0,0,0,0,0
1766,367708,-0.09793079,-0.79241554,0.93023411,-0.12759546,-0.07037715,0.18580410,0,0,0,0,0
1767,367916,-0.02745487,-0.83204731,0.89714162,-0.12388772,-0.08885239,0.18762153,0,0,0,0,0
1768,368125,0.03502431,-0.87305416,0.86697930,-0.12108373,-0.10531743,0.17766472,0,0,0,0,0
1769,368333,0.10870581,-0.88964012,0.82561078,-0.09530404,-0.11084620,0.18648658,0,0,0,0,0
1770,368541,0.16995594,-0.92687988,0.79288980,-0.08935439,-0.11610719,0.18673466,0,0,0,0,0
1771,368750,0.23269747,-0.94095464,0.75375311,-0.08468969,-0.15079027,0.18599018,0,0,0,0,0
1772,368958,0.29235253,-0.96000344,0.69611754,-0.07193799,-0.15091600,0.16831924,0,0,0,0,0
1773,369166,0.35239315,-0.96833683,0.64784576,-0.04416062,-0.15595028,0.19331244,0,0,0,0,0
1774,369375,0.41732342,-0.98163785,0.59643346,-0.03562156,-0.17166909,0.16925442,0,0,0,0,0
1775,369583,0.48118095,-0.99007013,0.53995238,-0.02708435,-0.16441985,0.15375012,0,0,0,0,0
1776,369791,0.53805317,-0.98750143,0.48473449,-0.02297064,-0.19408674,0.15425316,0,0,0,0,0
1777,370000,0.59232985,-0.98181542,0.42669031,0.00369170,-0.17198947,0.14499057,0,0,0,0,0
1778,370208,0.64115743,-0.96586056,0.35408537,0.00755973,-0.18405957,0.14039991,0,0,0,0,0
1779,370416,0.69617950,-0.95829273,0.30027848,0.02565534,-0.18254736,0.14245567,0,0,0,0,0
1780,370625,0.73577928,-0.94704536,0.23605937,0.05729563,-0.17623760,0.13858607,0,0,0,0,0
1781,370833,0.77569222,-0.91638607,0.17823805,0.04740143,-0.18226228,0.11323593,0,0,0,0,0
1782,371041,0.81710640,-0.89235048,0.10623538,0.06546034,-0.20419655,0.07878450,0,0,0,0,0
1783,371250,0.85772459,-0.87011548,0.03635753,0.09137333,-0.20269386,0.07680651,0,0,0,0,0
1784,371458,0.88947507,-0.83787353,-0.01752819,0.10718844,-0.20244880,0.08142203,0,0,0,0,0
1785,371666,0.92480630,-0.79850421,-0.08343239,0.09924323,-0.16676158,0.05208996,0,0,0,0,0
1786,371875,0.94764798,-0.76010691,-0.14890574,0.11556350,-0.21077476,0.04891052,0,0,0,0,0
1787,372083,0.95782957,-0.70987523,-0.21158269,0.14362320,-0.19446913,0.02411365,0,0,0,0,0
1788,372291,0.97716869,-0.66724654,-0.28589112,0.15266887,-0.17719902,0.02267971,0,0,0,0,0
1789,372500,0.99279611,-0.62318665,-0.34829411,0.14136665,-0.18458785,0.00884307,0,0,0,0,0
1790,372708,0.99531281,-0.56550434,-0.40188012,0.15333539,-0.18061575,-0.00200783,0,0,0,0,0
1791,372916,1.00390407,-0.51081277,-0.46379152,0.16413305,-0.15650653,-0.01568811,0,0,0,0,0
1792,373125,1.00927844,-0.45895407,-0.52625353,0.17685839,-0.17955615,-0.03684239,0,0,0,0,0
1793,373333,1.00553882,-0.39739428,-0.57563654,0.16872205,-0.14706295,-0.02284523,0,0,0,0,0
1794,373541,0.99776658,-0.33288544,-0.62218551,0.17458291,-0.14901270,-0.04607455,0,0,0,0,0
1795,373750,0.98385379,-0.26612742,-0.68789710,0.21552695,-0.12795761,-0.04588178,0,0,0,0,0
1796,373958,0.97449543,-0.20597584,-0.71944908,0.19477108,-0.10736511,-0.06413599,0,0,0,0,0
1797,374166,0.94055200,-0.14959258,-0.77449923,0.19222136,-0.11250310,-0.07046161,0,0,0,0,0
1798,374375,0.92745474,-0.07443492,-0.80639930,0.18221378,-0.09595530,-0.08992776,0,0,0,0,0
1799,374583,0.89637230,-0.01950879,-0.84295676,0.19071745,-0.07247539,-0.09824761,0,0,0,0,0
1800,374791,0.86252255,0.05001458,-0.87788367,0.18694918,-0.08756793,-0.11549251,0,0,0,0,0
1801,375000,0.82521523,0.11732496,-0.90375172,0.18307153,-0.05280799,-0.11807030,0,0,0,0,0
1802,375208,0.78555544,0.17738203,-0.92120768,0.17905668,-0.05479888,-0.12585087,0,0,0,0,0
1803,375416,0.73196916,0.23524362,-0.95237830,0.17520959,-0.02848965,-0.14997734,0,0,0,0,0
1804,375625,0.69362173,0.30158945,-0.96703950,0.17867539,-0.02854514,-0.14423642,0,0,0,0,0
1805,375833,0.64933661,0.36269461,-0.98082194,0.16203741,-0.02067682,-0.14815803,0,0,0,0,0
1806,376041,0.58637365,0.41533080,-0.98985749,0.14870345,-0.00223892,-0.14650559,0,0,0,0,0
1807,376250,0.54435701,0.47710788,-0.99667326,0.15401120,0.01976537,-0.17130699,0,0,0,0,0
1808,376458,0.48439718,0.53854706,-1.00100197,0.15583913,0.01524704,-0.18100160,0,0,0,0,0
1809,376666,0.43172358,0.58671021,-0.99378901,0.13426310,0.02653842,-0.20071888,0,0,0,0,0
1810,376875,0.36145610,0.63684781,-0.97452643,0.12277531,0.05536424,-0.19352721,0,0,0,0,0
1811,377083,0.30079503,0.67980043,-0.96668796,0.12023394,0.05454548,-0.18727981,0,0,0,0,0
1812,377291,0.23608113,0.72717770,-0.95770531,0.12535573,0.06404246,-0.19975821,0,0,0,0,0
1813,377500,0.16669987,0.78895418,-0.92648570,0.11602447,0.07649050,-0.22303196,0,0,0,0,0
1814,377708,0.10927140,0.81299996,-0.91863220,0.09675672,0.10079714,-0.20468018,0,0,0,0,0
1815,377916,0.04600352,0.85006743,-0.88113272,0.08948388,0.11098114,-0.20298039,0,0,0,0,0
1816,378125,-0.01240793,0.89137861,-0.85773252,0.08851811,0.10516242,-0.20126766,0,0,0,0,0
1817,378333,-0.08848226,0.90929745,-0.80549249,0.08095742,0.12034205,-0.18679018,0,0,0,0,0
1818,378541,-0.15743573,0.93635495,-0.77791712,0.06667624,0.14596564,-0.19329492,0,0,0,0,0
1819,378750,-0.21818036,0.96387284,-0.72557693,0.07183831,0.15249952,-0.20466215,0,0,0,0,0
1820,378958,-0.28206896,0.97606154,-0.67882803,0.04662769,0.13244782,-0.19440981,0,0,0,0,0
1821,379166,-0.33320906,0.98098066,-0.62893699,0.04732538,0.16911606,-0.19797497,0,0,0,0,0
1822,379375,-0.40559677,0.99281133,-0.58231672,0.03512546,0.17386061,-0.17999265,0,0,0,0,0
1823,379583,-0.45596389,1.00411017,-0.53846662,-0.00489197,0.19363220,-0.18057919,0,0,0,0,0
1824,379791,-0.51574719,0.99707183,-0.46902753,0.00593077,0.20566700,-0.17093528,0,0,0,0,0
1825,380000,-0.56569178,0.99360592,-0.41264102,-0.00739039,0.19180738,-0.17064914,0,0,0,0,0
1826,380208,-0.62503892,0.98424604,-0.35131397,-0.02374671,0.22654379,-0.17460800,0,0,0,0,0
1827,380416,-0.67805082,0.97694483,-0.29195412,-0.05969211,0.18637784,-0.14656270,0,0,0,0,0
1828,380625,-0.70830325,0.94894474,-0.23051251,-0.06354208,0.20605992,-0.13269758,0,0,0,0,0
1829,380833,-0.75842590,0.92355246,-0.16810216,-0.07784198,0.21039284,-0.11143894,0,0,0,0,0
1830,381041,-0.79196389,0.90998333,-0.09631248,-0.07127997,0.21927496,-0.10990083,0,0,0,0,0
1831,381250,-0.82737986,0.86910038,-0.03473989,-0.08534589,0.22328816,-0.10095474,0,0,0,0,0
1832,381458,-0.87077737,0.83575857,0.02681243,-0.11611750,0.22618921,-0.06690280,0,0,0,0,0
1833,381666,-0.89336992,0.81033375,0.09108130,-0.12414015,0.22241420,-0.07129177,0,0,0,0,0
1834,381875,-0.91703938,0.76286077,0.15614372,-0.14614032,0.21718939,-0.06037995,0,0,0,0,0
1835,382083,-0.94108782,0.72159350,0.21412880,-0.14122241,0.21015881,-0.04128184,0,0,0,0,0
1836,382291,-0.95343991,0.66340080,0.28471479,-0.13109159,0.19732185,-0.02886674,0,0,0,0,0
1837,382500,-0.96417450,0.62692111,0.34523409,-0.17636639,0.20178727,-0.02196158,0,0,0,0,0
1838,382708,-0.98241889,0.56580761,0.39984187,-0.18141317,0.19695166,-0.01407703,0,0,0,0,0
1839,382916,-0.97467697,0.52070041,0.46619552,-0.17900804,0.17807043,0.00929427,0,0,0,0,0
1840,383125,-0.98278721,0.45748539,0.51901423,-0.17644640,0.19043696,0.00458002,0,0,0,0,0
1841,383333,-0.98062359,0.40191415,0.57776819,-0.18074363,0.16524236,0.02779538,0,0,0,0,0
1842,383541,-0.97382445,0.33881235,0.63310751,-0.19413883,0.16777542,0.03934091,0,0,0,0,0
1843,383750,-0.96639607,0.27326485,0.67300003,-0.18260913,0.15413920,0.05419991,0,0,0,0,0
1844,383958,-0.93638115,0.20719837,0.72780723,-0.18943222,0.12664504,0.06739785,0,0,0,0,0
1845,384166,-0.92417166,0.14205496,0.76240442,-0.17988392,0.11706776,0.07293861,0,0,0,0,0
1846,384375,-0.90473023,0.08667814,0.80636611,-0.19420786,0.10824453,0.08675868,0,0,0,0,0
1847,384583,-0.86595108,0.00716292,0.84137081,-0.19788414,0.09796747,0.10195222,0,0,0,0,0
1848,384791,-0.84328980,-0.05586900,0.86475436,-0.18421503,0.10569299,0.11002076,0,0,0,0,0
1849,385000,-0.80367884,-0.11546050,0.89946987,-0.17532537,0.08196811,0.11514083,0,0,0,0,0
1850,385208,-0.76110268,-0.18922102,0.92472137,-0.20411733,0.06112512,0.13297828,0,0,0,0,0
1851,385416,-0.72907802,-0.24385734,0.94800626,-0.17487746,0.06390695,0.16075026,0,0,0,0,0
1852,385625,-0.66825933,-0.30479772,0.96075462,-0.19502609,0.06073136,0.15342431,0,0,0,0,0
1853,385833,-0.62096517,-0.36202974,0.97330055,-0.16182905,0.02880915,0.16389890,0,0,0,0,0
1854,386041,-0.57591122,-0.41977073,0.97627193,-0.18757227,0.02141039,0.16449469,0,0,0,0,0
1855,386250,-0.50451517,-0.49343034,0.98707338,-0.15572884,0.00398612,0.17404139,0,0,0,0,0
1856,386458,-0.46266611,-0.54158218,0.97985734,-0.14903200,0.00394336,0.17858388,0,0,0,0,0
1857,386666,-0.41111114,-0.59250673,0.98105187,-0.14765602,-0.00928832,0.19074705,0,0,0,0,0
1858,386875,-0.34188297,-0.64731775,0.97387373,-0.13096421,-0.02398938,0.20532309,0,0,0,0,0
1859,387083,-0.28159590,-0.69608339,0.96760521,-0.12127025,-0.03804060,0.20153543,0,0,0,0,0
1860,387291,-0.21391595,-0.74751807,0.93361827,-0.11487043,-0.06369872,0.21727376,0,0,0,0,0
1861,387500,-0.15487571,-0.79066354,0.92706991,-0.12026749,-0.07889861,0.21055372,0,0,0,0,0
1862,387708,-0.08712142,-0.83240821,0.90328881,-0.11131915,-0.07615694,0.20358169,0,0,0,0,0
1863,387916,-0.01806571,-0.86304576,0.86754439,-0.08610642,-0.09949177,0.21346636,0,0,0,0,0
1864,388125,0.04271962,-0.89170986,0.83802350,-0.09574684,-0.09767178,0.20475664,0,0,0,0,0
1865,388333,0.10420951,-0.92431637,0.79624419,-0.09567948,-0.12611381,0.20502101,0,0,0,0,0
1866,388541,0.17378584,-0.95700338,0.75156864,-0.07067701,-0.12849767,0.20789252,0,0,0,0,0
1867,388750,0.23457207,-0.97759771,0.72097469,-0.06285014,-0.13883626,0.22720473,0,0,0,0,0
1868,388958,0.30242762,-0.99591260,0.66789314,-0.03557104,-0.16957528,0.21521352,0,0,0,0,0
1869,389166,0.35587666,-1.00846024,0.61996306,-0.02744202,-0.16331684,0.19179112,0,0,0,0,0
1870,389375,0.41904074,-1.01033205,0.55450558,-0.00505569,-0.16081690,0.19788924,0,0,0,0,0
1871,389583,0.48082955,-1.02086665,0.51002514,0.00864982,-0.15608739,0.20506267,0,0,0,0,0
1872,389791,0.53702706,-1.01843547,0.44574384,0.01903905,-0.16367575,0.19276277,0,0,0,0,0
1873,390000,0.59352314,-1.00589318,0.40120928,0.01463188,-0.18273246,0.18007840,0,0,0,0,0
1874,390208,0.63670831,-1.00335106,0.33381579,0.04941025,-0.18734465,0.15466598,0,0,0,0,0
1875,390416,0.68201446,-0.98970441,0.27270293,0.07833384,-0.18587931,0.15205287,0,0,0,0,0
1876,390625,0.74246340,-0.97169788,0.19898290,0.07068552,-0.20893152,0.15048785,0,0,0,0,0
1877,390833,0.77143163,-0.94765913,0.14661745,0.09210358,-0.21599928,0.15105243,0,0,0,0,0
1878,391041,0.81231614,-0.92619130,0.07844046,0.09432276,-0.21343473,0.14161612,0,0,0,0,0
1879,391250,0.85267358,-0.90537097,0.01806930,0.08462035,-0.21036970,0.10896124,0,0,0,0,0
1880,391458,0.88261917,-0.86237524,-0.04799430,0.11573912,-0.20264479,0.10917157,0,0,0,0,0
1881,391666,0.91063631,-0.82832589,-0.10840944,0.14782338,-0.22039600,0.07830026,0,0,0,0,0
1882,391875,0.92876916,-0.77619290,-0.18153201,0.14140244,-0.20398419,0.07828206,0,0,0,0,0
1883,392083,0.94991486,-0.74776928,-0.23970471,0.16374534,-0.20996371,0.03547835,0,0,0,0,0
1884,392291,0.97035374,-0.69148071,-0.30675753,0.17809835,-0.21463725,0.03515245,0,0,0,0,0
1885,392500,0.98498212,-0.64582234,-0.37413308,0.16643601,-0.18966638,0.02188140,0,0,0,0,0
1886,392708,0.98508091,-0.57994037,-0.42661373,0.17327581,-0.18587107,0.00510926,0,0,0,0,0
1887,392916,0.99197784,-0.53376466,-0.49224330,0.18130291,-0.18463091,0.01122483,0,0,0,0,0
1888,393125,0.99215950,-0.47072473,-0.54169117,0.18027404,-0.16697268,-0.01193682,0,0,0,0,0
1889,393333,0.98675139,-0.43277769,-0.60088963,0.19636882,-0.17075199,-0.02379123,0,0,0,0,0
1890,393541,0.97434059,-0.35898972,-0.65016547,0.18443004,-0.16279500,-0.02605934,0,0,0,0,0
1891,393750,0.96963923,-0.29925579,-0.70276264,0.17951784,-0.15286030,-0.04908962,0,0,0,0,0
1892,393958,0.94582795,-0.22828604,-0.73433176,0.21127611,-0.15021830,-0.06041774,0,0,0,0,0
1893,394166,0.93403402,-0.16592170,-0.78931068,0.20388656,-0.12836981,-0.05447369,0,0,0,0,0
1894,394375,0.90056628,-0.09982888,-0.82545803,0.20291725,-0.11837246,-0.06588946,0,0,0,0,0
1895,394583,0.88423597,-0.03791888,-0.86162775,0.21908322,-0.11089231,-0.07073392,0,0,0,0,0
1896,394791,0.84424501,0.03194736,-0.89233479,0.21186697,-0.10291151,-0.08235634,0,0,0,0,0
1897,395000,0.79797941,0.09213149,-0.92557647,0.19662345,-0.07503885,-0.11550505,0,0,0,0,0
1898,395208,0.76403491,0.15334210,-0.94556177,0.20927426,-0.06604490,-0.11426109,0,0,0,0,0
1899,395416,0.71970027,0.22049489,-0.96482376,0.21510856,-0.05420178,-0.10960183,0,0,0,0,0
1900,395625,0.67230734,0.28902554,-0.98121124,0.20916593,-0.05802787,-0.12677824,0,0,0,0,0
1901,395833,0.63126913,0.34723130,-0.98769788,0.20461583,-0.02946460,-0.15434383,0,0,0,0,0
1902,396041,0.57912362,0.40693620,-0.99959758,0.18819068,-0.02273629,-0.14722649,0,0,0,0,0
1903,396250,0.51373149,0.46668792,-0.99728115,0.17687157,-0.02217544,-0.16777572,0,0,0,0,0
1904,396458,0.46575830,0.52204119,-1.00639870,0.18283559,-0.00244487,-0.17109905,0,0,0,0,0
1905,396666,0.39609125,0.57343328,-1.00233751,0.18302971,-0.01282480,-0.17038972,0,0,0,0,0
1906,396875,0.33238966,0.62858070,-0.99804686,0.15352059,0.03526748,-0.17626897,0,0,0,0,0
1907,397083,0.28032766,0.66647475,-0.98267762,0.14172952,0.03194500,-0.18915008,0,0,0,0,0
1908,397291,0.20928474,0.71229686,-0.96192839,0.15454677,0.03327841,-0.20663939,0,0,0,0,0
1909,397500,0.15030807,0.77160218,-0.94240922,0.12731634,0.06416813,-0.19678341,0,0,0,0,0
1910,397708,0.08395916,0.80282725,-0.90906099,0.11624977,0.05431549,-0.19551564,0,0,0,0,0
1911,397916,0.01346397,0.83916136,-0.88700421,0.10552067,0.08040332,-0.21880544,0,0,0,0,0
1912,398125,-0.04695526,0.87908851,-0.85847943,0.10791486,0.09441723,-0.20173511,0,0,0,0,0
1913,398333,-0.10741645,0.90667495,-0.82225159,0.09188913,0.10767261,-0.20536520,0,0,0,0,0
1914,398541,-0.18119000,0.93385526,-0.76631090,0.07770122,0.10887057,-0.20067495,0,0,0,0,0
1915,398750,-0.24266664,0.94884308,-0.72970503,0.07064927,0.12082020,-0.20005597,0,0,0,0,0
1916,398958,-0.31100834,0.97342786,-0.68882429,0.05721851,0.14631656,-0.21110756,0,0,0,0,0
1917,399166,-0.36627979,0.98182532,-0.62512376,0.04277933,0.14548970,-0.19467286,0,0,0,0,0
1918,399375,-0.43592770,0.99918674,-0.58253246,0.03784953,0.15750201,-0.19115354,0,0,0,0,0
1919,399583,-0.48748341,0.99517998,-0.53353532,0.02158160,0.14976580,-0.17695057,0,0,0,0,0
1920,399791,-0.54939230,0.99997999,-0.47220415,0.00873766,0.16830531,-0.18927018,0,0,0,0,0
1921,400000,-0.60173187,0.98972490,-0.40856475,0.00043841,0.16996426,-0.16814169,0,1,0,0,0
1922,400208,-0.66090680,0.99483159,-0.34763657,-0.03754798,0.15999415,-0.17139853,0,1,0,0,0
1923,400416,-0.70576704,0.97177459,-0.28206649,-0.05552394,0.17542413,-0.14651371,0,1,0,0,0
1924,400625,-0.75409144,0.95700405,-0.20955074,-0.06321099,0.18290293,-0.13149381,0,1,0,0,0
1925,400833,-0.79199068,0.93900272,-0.15703092,-0.06892896,0.19436347,-0.11767655,0,1,0,0,0
1926,401041,-0.82699819,0.90836784,-0.09025686,-0.08122895,0.17010452,-0.09779013,0,1,0,0,0
1927,401250,-0.86875533,0.89253293,-0.02843691,-0.10236889,0.20283270,-0.13317188,0,1,0,0,0
1928,401458,-0.90210487,0.85312795,0.04073444,-0.10858169,0.21497513,-0.09833315,0,1,0,0,0
1929,401666,-0.92772537,0.80533947,0.11823651,-0.12696885,0.19554524,-0.06671878,0,1,0,0,0
1930,401875,-0.94734025,0.77440514,0.16324029,-0.14605627,0.18648526,-0.07376684,0,1,0,0,0
1931,402083,-0.97577675,0.73260639,0.22380498,-0.15419797,0.18642488,-0.03635253,0,1,0,0,0
1932,402291,-0.98714254,0.68639601,0.29194849,-0.14454963,0.17342523,-0.03676601,0,1,0,0,0
1933,402500,-0.99068125,0.62830716,0.35337497,-0.17563169,0.17990867,-0.02337493,0,1,0,0,0
1934,402708,-1.00776378,0.58014974,0.42138396,-0.15650101,0.16064936,-0.01956850,0,1,0,0,0
1935,402916,-1.00617431,0.53148258,0.48501912,-0.17351345,0.17002382,0.00808196,0,1,0,0,0
1936,403125,-1.01589187,0.46692118,0.53719590,-0.18977821,0.19762364,0.01658278,0,1,0,0,0
1937,403333,-0.99877333,0.40601772,0.59398332,-0.18760202,0.16162658,0.02148004,0,1,0,0,0
1938,403541,-1.00935492,0.34551875,0.64341175,-0.20036418,0.13774767,0.00839066,0,1,0,0,0
1939,403750,-0.99796170,0.28462661,0.69036052,-0.17824862,0.11416184,0.03047088,0,1,0,0,0
1940,403958,-0.96709210,0.21542340,0.73961916,-0.20139404,0.11741926,0.02700227,0,1,0,0,0
1941,404166,-0.94966968,0.15656093,0.77462039,-0.21058647,0.11921232,0.07178113,0,1,0,0,0
1942,404375,-0.92317631,0.09885186,0.83292056,-0.17402306,0.09915262,0.08478985,0,1,0,0,0
1943,404583,-0.89785349,0.03806560,0.85654058,-0.20210906,0.09396350,0.08017169,0,1,0,0,0
1944,404791,-0.85810667,-0.03388314,0.88773833,-0.19434614,0.09241735,0.09519564,0,1,0,0,0
1945,405000,-0.83181200,-0.09552132,0.91483215,-0.19897032,0.07376178,0.10299713,0,1,0,0,0
1946,405208,-0.77871907,-0.16020992,0.94399894,-0.19595971,0.05834336,0.13067146,0,1,0,0,0
1947,405416,-0.72990315,-0.22429459,0.96731010,-0.18869774,0.04070551,0.12630847,0,1,0,0,0
1948,405625,-0.70290150,-0.29099649,0.98301963,-0.18385367,0.02223412,0.12920369,0,1,0,0,0
1949,405833,-0.63998000,-0.35296004,0.99558166,-0.19550094,0.02696904,0.14289488,0,1,0,0,0
1950,406041,-0.58125381,-0.40023325,1.00117106,-0.18297401,0.02180501,0.15205226,0,1,0,0,0
1951,406250,-0.53376105,-0.46497980,1.00925054,-0.17521663,-0.01823329,0.16302719,0,1,0,0,0
1952,406458,-0.48063909,-0.51755526,1.01870514,-0.17123711,-0.00129918,0.15756727,0,1,0,0,0
1953,406666,-0.42357656,-0.57484568,1.00310621,-0.14706137,-0.01435163,0.16313236,0,1,0,0,0
1954,406875,-0.35636989,-0.62029594,1.00264321,-0.13969385,-0.04976012,0.15985003,0,1,0,0,0
1955,407083,-0.29259225,-0.68236684,0.98262414,-0.16763579,-0.04838959,0.17487033,0,1,0,0,0
1956,407291,-0.23710682,-0.72332401,0.96756390,-0.12784041,-0.05560459,0.19175642,0,1,0,0,0
1957,407500,-0.16302242,-0.76730072,0.95219306,-0.12155097,-0.07374540,0.19252876,0,1,0,0,0
1958,407708,-0.10097490,-0.80870968,0.90998589,-0.11241023,-0.06665659,0.20133490,0,1,0,0,0
1959,407916,-0.04754038,-0.85240428,0.89687855,-0.10497459,-0.08066482,0.16340754,0,1,0,0,0
1960,408125,0.03226871,-0.87329312,0.85637481,-0.10497116,-0.10988850,0.19737735,0,1,0,0,0
1961,408333,0.08546979,-0.89966566,0.82402439,-0.07569922,-0.12214039,0.18793024,0,1,0,0,0
1962,408541,0.15811905,-0.91967443,0.78541664,-0.10892300,-0.12298480,0.18943007,0,1,0,0,0
1963,408750,0.23124598,-0.94975925,0.74697540,-0.09144817,-0.13300141,0.18467110,0,1,0,0,0
1964,408958,0.29009797,-0.97028294,0.69454206,-0.07286522,-0.15551005,0.18174749,0,1,0,0,0
1965,409166,0.34703627,-0.98232488,0.64552255,-0.04584663,-0.16302411,0.18111127,0,1,0,0,0
1966,409375,0.41487500,-0.98898682,0.58584893,-0.04388584,-0.17769636,0.18617164,0,1,0,0,0
1967,409583,0.46800035,-0.98849742,0.53049165,-0.02163162,-0.17232533,0.18187707,0,1,0,0,0
1968,409791,0.53235504,-0.99387120,0.47963686,-0.01600710,-0.18454088,0.15249613,0,1,0,0,0
1969,410000,0.57821945,-0.98426142,0.42208133,-0.00351449,-0.19499145,0.16238186,0,1,0,0,0
1970,410208,0.63137984,-0.98091635,0.36390126,0.02515791,-0.18859212,0.14209132,0,1,0,0,0
1971,410416,0.68457748,-0.96311095,0.29800385,0.04084769,-0.17833569,0.14177787,0,1,0,0,0
1972,410625,0.73617804,-0.93483885,0.22938214,0.07218234,-0.21245866,0.13116199,0,1,0,0,0
1973,410833,0.77277539,-0.92224550,0.16905803,0.06658266,-0.20109482,0.12563544,0,1,0,0,0
1974,411041,0.81400929,-0.90311570,0.10139285,0.07261320,-0.20623952,0.09207567,0,1,0,0,0
1975,411250,0.84777835,-0.85489416,0.03446602,0.08526848,-0.20626632,0.09776893,0,1,0,0,0
1976,411458,0.88701599,-0.83052674,-0.02943614,0.08135688,-0.19819992,0.08040916,0,1,0,0,0
1977,411666,0.90001844,-0.79579255,-0.09770473,0.11867555,-0.20938371,0.07513272,0,1,0,0,0
1978,411875,0.92579898,-0.76029211,-0.16010472,0.12490106,-0.20525963,0.04645136,0,1,0,0,0
1979,412083,0.94933161,-0.71154914,-0.22657433,0.13149267,-0.20211779,0.04387428,0,1,0,0,0
1980,412291,0.97535612,-0.66531885,-0.27795970,0.14287444,-0.18934286,0.01402514,0,1,0,0,0
1981,412500,0.98573200,-0.62389563,-0.35034189,0.14092872,-0.20072174,0.00413294,0,1,0,0,0
1982,412708,0.99770425,-0.56118876,-0.40761608,0.13583475,-0.18188601,0.00259335,0,1,0,0,0
1983,412916,0.99874494,-0.50720866,-0.46566554,0.16302710,-0.17344631,-0.02005768,0,1,0,0,0
1984,413125,1.00278690,-0.45444000,-0.51674072,0.16781329,-0.16572064,-0.01776854,0,1,0,0,0
1985,413333,0.99635770,-0.39782289,-0.57245990,0.17862742,-0.17316140,-0.05563769,0,1,0,0,0
1986,413541,0.98932293,-0.32724311,-0.62449302,0.18155252,-0.14770302,-0.04445881,0,1,0,0,0
1987,413750,0.96581163,-0.27383016,-0.68308130,0.18481451,-0.13467561,-0.05507931,0,1,0,0,0
1988,413958,0.96497489,-0.20835044,-0.71983848,0.18010152,-0.13354758,-0.07063767,0,1,0,0,0
1989,414166,0.93846422,-0.15001400,-0.76590798,0.20846922,-0.10641029,-0.06902192,0,1,0,0,0
1990,414375,0.91986470,-0.08552641,-0.80818651,0.20105885,-0.10012178,-0.08580265,0,1,0,0,0
1991,414583,0.89107471,-0.00625213,-0.84087931,0.18054290,-0.09023056,-0.10362743,0,1,0,0,0
1992,414791,0.85326417,0.05651867,-0.87528129,0.20336486,-0.07906676,-0.11647653,0,1,0,0,0
1993,415000,0.81291682,0.11949490,-0.91151989,0.19265774,-0.06370722,-0.11985887,0,1,0,0,0
1994,415208,0.78151479,0.17914005,-0.92326552,0.17110557,-0.06473677,-0.13071348,0,1,0,0,0
1995,415416,0.72812829,0.23384914,-0.95445980,0.19548569,-0.05133290,-0.14207263,0,1,0,0,0
1996,415625,0.68786451,0.30521355,-0.95587795,0.17508144,-0.03055753,-0.14233865,0,1,0,0,0
1997,415833,0.62656958,0.36677630,-0.98609758,0.17068767,-0.01288229,-0.16866561,0,1,0,0,0
1998,416041,0.58649429,0.42419799,-0.98154818,0.16708046,-0.01240048,-0.16857277,0,1,0,0,0
1999,416250,0.53453535,0.48603436,-0.99074083,0.16373356,-0.00729405,-0.15696102,0,1,0,0,0
2000,416458,0.47691368,0.54860470,-0.98169633,0.15237546,0.01307405,-0.18349860,0,1,0,0,0
2001,416666,0.41287367,0.59055826,-0.99430722,0.15660622,0.03157979,-0.19409844,0,1,0,0,0
2002,416875,0.35109448,0.64654621,-0.97244802,0.15523777,0.04092675,-0.19500064,0,1,0,0,0
2003,417083,0.29610014,0.68912621,-0.96095104,0.12653848,0.06305298,-0.20303626,0,1,0,0,0
2004,417291,0.23557281,0.74322532,-0.94979887,0.10613663,0.06991895,-0.20490745,0,1,0,0,0
2005,417500,0.15556076,0.78225245,-0.92283190,0.10814060,0.08282914,-0.19928574,0,1,0,0,0
2006,417708,0.09927472,0.82370440,-0.90870043,0.09501726,0.08910586,-0.20414487,0,1,0,0,0
2007,417916,0.03544653,0.85519335,-0.87289212,0.08990758,0.09965718,-0.22739515,0,1,0,0,0
2008,418125,-0.03409006,0.88820558,-0.84591953,0.07279636,0.09210232,-0.19426175,0,1,0,0,0
2009,418333,-0.08961797,0.90749878,-0.80667173,0.08198767,0.12110485,-0.20931756,0,1,0,0,0
2010,418541,-0.15856693,0.94496657,-0.76257192,0.05367030,0.13589413,-0.21170464,0,1,0,0,0
2011,418750,-0.22367374,0.96382971,-0.72441239,0.04613821,0.13475780,-0.19782327,0,1,0,0,0
2012,418958,-0.28876675,0.98290967,-0.67933590,0.06248253,0.14693360,-0.18481203,0,1,0,0,0
2013,419166,-0.34680600,0.99436014,-0.62839923,0.01963259,0.16243061,-0.18760010,0,1,0,0,0
2014,419375,-0.41037928,1.00583208,-0.57555786,0.00903782,0.15563515,-0.19302032,0,1,0,0,0
2015,419583,-0.47137849,1.01484505,-0.51953496,0.02331249,0.18994594,-0.18294404,0,1,0,0,0
2016,419791,-0.52598747,1.00145313,-0.45934609,-0.00725600,0.16708952,-0.18056273,0,1,0,0,0
2017,420000,-0.58144600,1.00453028,-0.40224239,-0.03217274,0.17841645,-0.18587734,0,1,0,0,0
2018,420208,-0.62926441,0.98680613,-0.33843152,-0.04571682,0.20054333,-0.17156097,0,1,0,0,0
2019,420416,-0.67319654,0.97626319,-0.28013645,-0.02272019,0.21602605,-0.16947080,0,1,0,0,0
2020,420625,-0.73077379,0.96019660,-0.22683078,-0.05596252,0.21189381,-0.12063398,0,1,0,0,0
2021,420833,-0.76503442,0.94300816,-0.15416768,-0.07493030,0.21789553,-0.13919292,0,1,0,0,0
2022,421041,-0.79355142,0.90717334,-0.08534271,-0.08258098,0.21064537,-0.11630587,0,1,0,0,0
2023,421250,-0.83808542,0.87721110,-0.01493809,-0.10681839,0.20830565,-0.09773667,0,1,0,0,0
2024,421458,-0.87125863,0.85070937,0.02862067,-0.11374216,0.20246822,-0.09099776,0,1,0,0,0
2025,421666,-0.89228150,0.79806853,0.10316478,-0.12142892,0.21501304,-0.07272596,0,1,0,0,0
2026,421875,-0.93537635,0.77811886,0.17196523,-0.14227100,0.22709708,-0.06799980,0,1,0,0,0
2027,422083,-0.93648511,0.73258012,0.23000875,-0.14523244,0.19640417,-0.04407168,0,1,0,0,0
2028,422291,-0.96515766,0.68189682,0.28711584,-0.13980834,0.21063097,-0.04493719,0,1,0,0,0
2029,422500,-0.97166730,0.63564387,0.35429864,-0.17487770,0.20480444,-0.02720114,0,1,0,0,0
2030,422708,-0.98832878,0.56962731,0.41654036,-0.17587124,0.21810728,-0.00296990,0,1,0,0,0
2031,422916,-0.99325009,0.52695462,0.47627619,-0.18361083,0.19718357,-0.00440488,0,1,0,0,0
2032,423125,-0.98762600,0.46919866,0.51941341,-0.17573353,0.18292902,0.01914094,0,1,0,0,0
2033,423333,-0.98164403,0.39727763,0.58736289,-0.17712552,0.18367058,0.01476195,0,1,0,0,0
2034,423541,-0.97293179,0.34558572,0.63894150,-0.20713208,0.15758385,0.05135539,0,1,0,0,0
2035,423750,-0.95521128,0.28044183,0.68420650,-0.19871310,0.16472807,0.06096150,0,1,0,0,0
2036,423958,-0.95529411,0.20877660,0.72562353,-0.20520451,0.12243174,0.05672275,0,1,0,0,0
2037,424166,-0.92598416,0.15299377,0.77992129,-0.19453100,0.12158738,0.08015998,0,1,0,0,0
2038,424375,-0.90805670,0.09184323,0.80949746,-0.20019519,0.11514518,0.08260534,0,1,0,0,0
2039,424583,-0.87091789,0.01321674,0.84766741,-0.19151490,0.12194563,0.08173462,0,1,0,0,0
2040,424791,-0.82719131,-0.03782120,0.88033070,-0.18073846,0.08003426,0.11623475,0,1,0,0,0
2041,425000,-0.79487665,-0.09977210,0.91087328,-0.21945060,0.08813741,0.10077396,0,1,0,0,0
2042,425208,-0.76676624,-0.17646652,0.93173527,-0.21709752,0.07248713,0.12268821,0,1,0,0,0
2043,425416,-0.71706058,-0.24127542,0.95282672,-0.19271787,0.04650200,0.12745160,0,1,0,0,0
2044,425625,-0.67388978,-0.29148695,0.96853425,-0.18437374,0.04407043,0.15638785,0,1,0,0,0
2045,425833,-0.61323268,-0.36057949,0.97449933,-0.19210673,0.04151186,0.15349129,0,1,0,0,0
2046,426041,-0.56572987,-0.41309384,0.98191623,-0.17656853,0.01896157,0.16053338,0,1,0,0,0
2047,426250,-0.52049919,-0.47754048,0.99738205,-0.16744410,0.01569502,0.17215014,0,1,0,0,0
2048,426458,-0.45584982,-0.54124562,0.99356054,-0.17596331,0.00292112,0.19357374,0,1,0,0,0
2049,426666,-0.39741180,-0.59544335,0.98927098,-0.15103159,-0.01042185,0.19492706,0,1,0,0,0
2050,426875,-0.33647223,-0.63127849,0.98521832,-0.13890306,-0.01436858,0.20716382,0,1,0,0,0
2051,427083,-0.27525812,-0.69995517,0.96647284,-0.13618223,-0.05509004,0.18984159,0,1,0,0,0
2052,427291,-0.20729619,-0.73984886,0.95473400,-0.14246900,-0.06640852,0.21039438,0,1,0,0,0
2053,427500,-0.14490850,-0.78570279,0.92439230,-0.12809539,-0.07404569,0.19807379,0,1,0,0,0
2054,427708,-0.08254765,-0.83162037,0.91337935,-0.10493871,-0.07357179,0.18779310,0,1,0,0,0
2055,427916,-0.02016335,-0.85541918,0.88617898,-0.08273331,-0.08988642,0.20024830,0,1,0,0,0
2056,428125,0.04685142,-0.89570935,0.84663051,-0.08704915,-0.09233706,0.20313572,0,1,0,0,0
2057,428333,0.11024187,-0.91731216,0.81099016,-0.08456112,-0.10908122,0.19236749,0,1,0,0,0
2058,428541,0.17304579,-0.94597779,0.76442484,-0.06992951,-0.12691971,0.22425736,0,1,0,0,0
2059,428750,0.23514728,-0.96353529,0.72602216,-0.06388018,-0.12224643,0.19145509,0,1,0,0,0
2060,428958,0.30607174,-0.99529418,0.67156153,-0.04615527,-0.13771581,0.19972169,0,1,0,0,0
2061,429166,0.37239678,-0.99822056,0.62977717,-0.03262567,-0.15822822,0.18607377,0,1,0,0,0
2062,429375,0.42786000,-1.00052703,0.56272866,-0.03990855,-0.16168694,0.20083706,0,1,0,0,0
2063,429583,0.47900331,-1.01210415,0.50966677,0.00236446,-0.16587579,0.18708580,0,1,0,0,0
2064,429791,0.53572699,-1.01096523,0.46393074,0.02179530,-0.14803435,0.18342382,0,1,0,0,0
2065,430000,0.59806639,-1.01103891,0.39467634,0.00732418,-0.17533413,0.18139742,0,1,0,0,0
2066,430208,0.64251310,-0.99730522,0.33693429,0.02755596,-0.19712527,0.15924352,0,1,0,0,0
2067,430416,0.69384646,-0.98911644,0.26483957,0.05662397,-0.17817710,0.16800245,0,1,0,0,0
2068,430625,0.73833848,-0.96781874,0.21224966,0.06079222,-0.18463717,0.14627167,0,1,0,0,0
2069,430833,0.77531879,-0.94990687,0.14152545,0.06650125,-0.18513599,0.11039773,0,1,0,0,0
2070,431041,0.82388966,-0.91452044,0.07697763,0.07573444,-0.21426359,0.11421909,0,1,0,0,0
2071,431250,0.85410309,-0.88624499,0.01343812,0.10283019,-0.20545144,0.13007035,0,1,0,0,0
2072,431458,0.88094898,-0.86381414,-0.05191032,0.10371641,-0.21557599,0.10315568,0,1,0,0,0
2073,431666,0.91688758,-0.80923885,-0.11361339,0.13350040,-0.19122668,0.07662862,0,1,0,0,0
2074,431875,0.94033212,-0.77992426,-0.17868634,0.13876020,-0.20918662,0.07009578,0,1,0,0,0
2075,432083,0.96856914,-0.73631410,-0.24826051,0.16618401,-0.22510067,0.06108903,0,1,0,0,0
2076,432291,0.97606218,-0.68388676,-0.30106133,0.16984468,-0.18568196,0.04759703,0,1,0,0,0
2077,432500,0.97791521,-0.63929737,-0.36979262,0.16613237,-0.18591361,0.04961963,0,1,0,0,0
2078,432708,1.00320794,-0.59339547,-0.42616830,0.18605019,-0.19779621,0.02199611,0,1,0,0,0
2079,432916,1.00348484,-0.54271760,-0.47877004,0.17498644,-0.17826032,0.01691525,0,1,0,0,0
2080,433125,0.99677773,-0.49542974,-0.54569426,0.17973647,-0.16911255,0.00269032,0,1,0,0,0
2081,433333,1.00804751,-0.40689419,-0.59152442,0.20535267,-0.17118706,-0.02276269,0,1,0,0,0
2082,433541,0.98567935,-0.35536905,-0.65129881,0.21629536,-0.13661148,-0.01919584,0,1,0,0,0
2083,433750,0.98257916,-0.29242664,-0.69309636,0.21163356,-0.13494447,-0.03949051,0,1,0,0,0
2084,433958,0.95944066,-0.22784689,-0.74887016,0.19122613,-0.14036027,-0.05431536,0,1,0,0,0
2085,434166,0.94497548,-0.16955331,-0.78368028,0.19248271,-0.12869487,-0.05482865,0,1,0,0,0
2086,434375,0.90878348,-0.09960357,-0.83240367,0.21343294,-0.11021564,-0.06035023,0,1,0,0,0
2087,434583,0.88204433,-0.04438299,-0.86289151,0.19777958,-0.10354409,-0.07805187,0,1,0,0,0
2088,434791,0.84804471,0.02826094,-0.89685643,0.19799914,-0.08491930,-0.07533546,0,1,0,0,0
2089,435000,0.80682206,0.09613189,-0.91966393,0.20367182,-0.08346234,-0.09691846,0,1,0,0,0
2090,435208,0.76714430,0.15151402,-0.94565409,0.19659136,-0.05821801,-0.09938842,0,1,0,0,0
2091,435416,0.71923134,0.23451724,-0.96579034,0.21913424,-0.05418934,-0.12729501,0,1,0,0,0
2092,435625,0.68525826,0.27533177,-0.98108533,0.21314892,-0.04976455,-0.15278139,0,1,0,0,0
2093,435833,0.63586408,0.34679771,-0.99718139,0.20779729,-0.02268165,-0.15394861,0,1,0,0,0
2094,436041,0.58416772,0.40393886,-0.99675969,0.18260449,-0.02257117,-0.14917478,0,1,0,0,0
2095,436250,0.52059055,0.46985833,-1.01454922,0.19622118,0.00238276,-0.17094663,0,1,0,0,0
2096,436458,0.45886289,0.51792757,-1.01008935,0.16992850,-0.00664716,-0.16636684,0,1,0,0,0
2097,436666,0.40136271,0.56897106,-1.00389020,0.17050846,0.02733049,-0.17043533,0,1,0,0,0
2098,436875,0.34779283,0.63060717,-0.99324961,0.16279121,0.02555966,-0.18843914,0,1,0,0,0
2099,437083,0.28084035,0.67145518,-0.98152910,0.13934473,0.03943498,-0.17919373,0,1,0,0,0
2100,437291,0.21341418,0.72637339,-0.96653931,0.14524312,0.06021070,-0.18468055,0,1,0,0,0
2101,437500,0.16261089,0.75882382,-0.94458939,0.12565548,0.04211673,-0.20381417,0,1,0,0,0
2102,437708,0.08570152,0.80191698,-0.91906475,0.12517627,0.08600924,-0.19320838,0,1,0,0,0
2103,437916,0.03123102,0.83736958,-0.88885164,0.10301855,0.10572213,-0.17594570,0,1,0,0,0
2104,438125,-0.04513924,0.86756848,-0.85748015,0.10685753,0.07832860,-0.19561398,0,1,0,0,0
2105,438333,-0.11031199,0.89736770,-0.82085278,0.09898639,0.11457154,-0.20843490,0,1,0,0,0
2106,438541,-0.17339090,0.93681848,-0.78249289,0.08980664,0.10474005,-0.20750631,0,1,0,0,0
2107,438750,-0.23778659,0.96131570,-0.73431098,0.09294514,0.12881804,-0.18196893,0,1,0,0,0
2108,438958,-0.29801969,0.95774154,-0.68527396,0.07449817,0.14279153,-0.19364241,0,1,0,0,0
2109,439166,-0.36131307,0.98664220,-0.64690282,0.04128371,0.15486247,-0.17960851,0,1,0,0,0
2110,439375,-0.41829524,0.99107262,-0.58097957,0.02683966,0.15241666,-0.18763446,0,1,0,0,0
2111,439583,-0.48864119,0.99318064,-0.53006073,0.03263332,0.15384933,-0.18148057,0,1,0,0,0
2112,439791,-0.54382173,0.98589074,-0.47297700,0.02174466,0.18689092,-0.16553889,0,1,0,0,0
2113,440000,-0.58883459,0.99438999,-0.40853199,-0.02996267,0.15426528,-0.15866706,0,1,0,0,0
2114,440208,-0.65025366,0.97075360,-0.34646617,-0.01889857,0.18051334,-0.15055041,0,1,0,0,0
2115,440416,-0.69508255,0.96640114,-0.29192285,-0.05671939,0.18828565,-0.14656571,0,1,0,0,0
2116,440625,-0.74680437,0.94636384,-0.22010486,-0.04740747,0.19313793,-0.12204412,0,1,0,0,0
2117,440833,-0.77894156,0.92800008,-0.16054639,-0.05700368,0.20952130,-0.11960742,0,1,0,0,0
2118,441041,-0.83022335,0.91114241,-0.10175356,-0.07927573,0.17990143,-0.12100348,0,1,0,0,0
2119,441250,-0.86065259,0.86502384,-0.03484979,-0.09312465,0.19353048,-0.10213183,0,1,0,0,0
2120,441458,-0.89592721,0.83564370,0.03774944,-0.10754337,0.19254146,-0.08464772,0,1,0,0,0
2121,441666,-0.91740179,0.80391964,0.09908352,-0.11018054,0.19675787,-0.08447203,0,1,0,0,0
2122,441875,-0.94164977,0.77148824,0.15526804,-0.12127298,0.20275959,-0.06276670,0,1,0,0,0
2123,442083,-0.95728276,0.72584729,0.23462213,-0.12719298,0.22317545,-0.03152837,0,1,0,0,0
2124,442291,-0.97914170,0.68565513,0.29577152,-0.14224524,0.20013892,-0.04254016,0,1,0,0,0
2125,442500,-0.99683336,0.62788384,0.35628007,-0.16684912,0.19971457,-0.02451862,0,1,0,0,0
2126,442708,-1.00098499,0.57647823,0.41210335,-0.18140610,0.19183348,-0.01209039,0,1,0,0,0
2127,442916,-1.00321553,0.51671495,0.47663441,-0.17896993,0.19029449,0.00587672,0,1,0,0,0
2128,443125,-1.00205048,0.44826212,0.52192724,-0.17806546,0.15140256,0.01988609,0,1,0,0,0
2129,443333,-1.00254871,0.41195181,0.57692691,-0.16618791,0.16260306,0.02205612,0,1,0,0,0
2130,443541,-0.98976655,0.34462744,0.63497416,-0.17777803,0.13055813,0.04491458,0,1,0,0,0
2131,443750,-0.98268791,0.28065426,0.68432864,-0.17102398,0.15566429,0.03700754,0,1,0,0,0
2132,443958,-0.97137596,0.21373732,0.73146683,-0.18574453,0.12729608,0.04883685,0,1,0,0,0
2133,444166,-0.95013069,0.16217895,0.76271139,-0.18271781,0.11444483,0.08760453,0,1,0,0,0
2134,444375,-0.92146627,0.08204687,0.81426508,-0.21450760,0.10495646,0.08267893,0,1,0,0,0
2135,444583,-0.89276912,0.01932134,0.83936810,-0.21114968,0.07149366,0.09443989,0,1,0,0,0
2136,444791,-0.85906254,-0.04158680,0.88480032,-0.18209858,0.05459831,0.08982983,0,1,0,0,0
2137,445000,-0.81432177,-0.10051689,0.90093763,-0.19346807,0.06296042,0.11629931,0,1,0,0,0
2138,445208,-0.78142731,-0.16841474,0.94229181,-0.19464855,0.04831073,0.10931248,0,1,0,0,0
2139,445416,-0.73415693,-0.22693935,0.95992611,-0.20916865,0.04157531,0.12909644,0,1,0,0,0
2140,445625,-0.68932948,-0.28842319,0.97724526,-0.18028757,0.02845175,0.13182019,0,1,0,0,0
2141,445833,-0.63844637,-0.35500847,0.98816386,-0.18398872,0.02536439,0.14658951,0,1,0,0,0
2142,446041,-0.59435476,-0.40711101,1.00070413,-0.19730865,0.01513020,0.15345031,0,1,0,0,0
2143,446250,-0.53279481,-0.47844765,1.00689504,-0.16315834,0.00390898,0.17254773,0,1,0,0,0
2144,446458,-0.47028952,-0.53038154,0.99421436,-0.16410647,-0.01522634,0.16910601,0,1,0,0,0
2145,446666,-0.42169946,-0.58234624,0.98869646,-0.15706645,-0.01685345,0.17602987,0,1,0,0,0
2146,446875,-0.36071224,-0.62982874,0.99427065,-0.13887928,-0.04558973,0.18426305,0,1,0,0,0
2147,447083,-0.29791937,-0.67586462,0.97432245,-0.14509888,-0.03094654,0.20377276,0,1,0,0,0
2148,447291,-0.22799378,-0.73292256,0.95939151,-0.14203876,-0.05812771,0.21125047,0,1,0,0,0
2149,447500,-0.17164086,-0.77080879,0.94273527,-0.12706733,-0.07846170,0.18732316,0,1,0,0,0
2150,447708,-0.10487284,-0.81701041,0.92202926,-0.10346727,-0.08124586,0.19107249,0,1,0,0,0
2151,447916,-0.03987435,-0.84947003,0.88964466,-0.11422178,-0.10482139,0.20010505,0,1,0,0,0
2152,448125,0.02399486,-0.87794059,0.85971787,-0.09352607,-0.11671455,0.20315914,0,1,0,0,0
2153,448333,0.08728866,-0.90618443,0.81932296,-0.07531733,-0.11549429,0.21515109,0,1,0,0,0
2154,448541,0.15879110,-0.93253176,0.77366830,-0.07562416,-0.13761411,0.19196321,0,1,0,0,0
2155,448750,0.22797142,-0.95760990,0.73828834,-0.07160158,-0.12437777,0.19835740,0,1,0,0,0
2156,448958,0.27926181,-0.97154268,0.67764620,-0.04877587,-0.15827698,0.19280563,0,1,0,0,0
2157,449166,0.34959981,-0.98578143,0.64384182,-0.04315102,-0.15181290,0.18313554,0,1,0,0,0
2158,449375,0.41956229,-0.99115954,0.58258809,-0.03265334,-0.17534740,0.18146538,0,1,0,0,0
2159,449583,0.46515649,-0.99798146,0.53399202,-0.02291925,-0.16643160,0.17453201,0,1,0,0,0
2160,449791,0.52639713,-0.99850342,0.47109615,-0.00153610,-0.17423583,0.15859960,0,1,0,0,0
