1,0,-0.24500413,-0.71732985,0.96280180,-0.14144323,-0.03977302,0.21276417,0,0,0,0,0
2,208,-0.18367645,-0.76321643,0.94817487,-0.11298190,-0.03546894,0.21111389,0,0,0,0,0
3,416,-0.11724347,-0.79863663,0.91988150,-0.11669059,-0.06400590,0.21375249,0,0,0,0,0
4,625,-0.06327548,-0.83133691,0.89610928,-0.12857856,-0.08800822,0.21792011,0,0,0,0,0
5,833,0.01404583,-0.87167657,0.85336365,-0.10458487,-0.10793534,0.21709029,0,0,0,0,0
6,1041,0.07642919,-0.89952353,0.82824243,-0.10338539,-0.11427465,0.18599628,0,0,0,0,0
7,1250,0.14802430,-0.92629918,0.78151978,-0.08470407,-0.12876136,0.18936109,0,0,0,0,0
8,1458,0.20779168,-0.94890345,0.74323935,-0.08983012,-0.14907153,0.19515557,0,0,0,0,0
9,1666,0.27434882,-0.97132580,0.70771040,-0.07210092,-0.15408943,0.18803776,0,0,0,0,0
10,1875,0.33587309,-0.98557398,0.64472734,-0.05369180,-0.14040658,0.18897338,0,0,0,0,0
11,2083,0.39805299,-0.99813224,0.60001120,-0.04118492,-0.17730841,0.18465428,0,0,0,0,0
12,2291,0.44983690,-1.00722545,0.52953347,-0.00931260,-0.19539907,0.18331051,0,0,0,0,0
13,2500,0.51888591,-1.00050396,0.48260942,-0.02518286,-0.18221414,0.17466559,0,0,0,0,0
14,2708,0.56486251,-0.99819821,0.42266940,0.03054190,-0.17563410,0.15023427,0,0,0,0,0
15,2916,0.61195220,-0.98684027,0.36945621,0.02596871,-0.19198962,0.15491782,0,0,0,0,0
16,3125,0.66346885,-0.98202666,0.30974105,0.03722851,-0.20637829,0.12211116,0,0,0,0,0
17,3333,0.72221588,-0.94993923,0.24820374,0.05529060,-0.19556689,0.13411063,0,0,0,0,0
18,3541,0.75881333,-0.94063416,0.18862884,0.07741010,-0.19395340,0.13688088,0,0,0,0,0
19,3750,0.81321648,-0.92052689,0.10887272,0.06537224,-0.21218019,0.11836060,0,0,0,0,0
20,3958,0.83871635,-0.89789764,0.04363677,0.08813627,-0.21491924,0.10760923,0,0,0,0,0
21,4166,0.88295049,-0.85166780,-0.00945932,0.10818552,-0.18089953,0.08346358,0,0,0,0,0
22,4375,0.89709029,-0.81868277,-0.08802220,0.11677716,-0.18246767,0.08037161,0,0,0,0,0
23,4583,0.92857590,-0.78235875,-0.14542156,0.13818045,-0.20363874,0.06671866,0,0,0,0,0
24,4791,0.95807195,-0.73826831,-0.22041019,0.13358070,-0.18894715,0.07080627,0,0,0,0,0
25,5000,0.96983599,-0.69417320,-0.28517324,0.15114139,-0.17983623,0.04279852,0,0,0,0,0
26,5208,0.98721883,-0.64332685,-0.33409671,0.15815507,-0.19588092,0.02819048,0,0,0,0,0
27,5416,0.99247005,-0.60141281,-0.38886561,0.16978688,-0.19559977,0.04140688,0,0,0,0,0
28,5625,0.99294438,-0.54006433,-0.45360484,0.17538953,-0.14413369,0.02385858,0,0,0,0,0
29,5833,0.99159222,-0.48290527,-0.50741496,0.18450068,-0.16239921,0.00642293,0,0,0,0,0
30,6041,0.99917357,-0.42937909,-0.55933772,0.19941171,-0.14679433,0.00209260,0,0,0,0,0
31,6250,0.98507115,-0.36836394,-0.61975071,0.17641649,-0.16165073,-0.01209713,0,0,0,0,0
32,6458,0.97166149,-0.31326633,-0.66442621,0.19539528,-0.14904404,-0.04495923,0,0,0,0,0
33,6666,0.95019583,-0.23796889,-0.70873122,0.19587773,-0.12182112,-0.05260082,0,0,0,0,0
34,6875,0.94065850,-0.18050896,-0.76786236,0.18761557,-0.11521035,-0.07714524,0,0,0,0,0
35,7083,0.91746043,-0.11980996,-0.80019257,0.19495179,-0.12077498,-0.06803986,0,0,0,0,0
36,7291,0.89741143,-0.05718751,-0.83809232,0.19685841,-0.09844617,-0.08687302,0,0,0,0,0
37,7500,0.86025494,0.00098123,-0.87308100,0.20576162,-0.07390488,-0.07995757,0,0,0,0,0
38,7708,0.81708727,0.08143497,-0.90022812,0.19928958,-0.09807294,-0.10900059,0,0,0,0,0
39,7916,0.79073638,0.14414202,-0.93055966,0.20417951,-0.08772296,-0.11774245,0,0,0,0,0
40,8125,0.74797400,0.20982098,-0.94841283,0.17183789,-0.08029399,-0.11475036,0,0,0,0,0
41,8333,0.69957562,0.26164920,-0.96976057,0.17412332,-0.05003563,-0.14369773,0,0,0,0,0
42,8541,0.63552923,0.34012453,-0.98070193,0.18368133,-0.02175290,-0.14039288,0,0,0,0,0
43,8750,0.59922903,0.39468339,-0.99864978,0.16760879,-0.02955850,-0.16839652,0,0,0,0,0
44,8958,0.54752726,0.44895276,-0.99719776,0.17300135,-0.02070653,-0.16919756,0,0,0,0,0
45,9166,0.48917103,0.50794319,-1.00528291,0.16631955,-0.00357677,-0.15957312,0,0,0,0,0
46,9375,0.42480850,0.57045076,-1.00005148,0.15729899,-0.00088193,-0.18275666,0,0,0,0,0
47,9583,0.37399444,0.61919418,-1.00083024,0.15166306,0.02513780,-0.18991524,0,0,0,0,0
48,9791,0.30599403,0.66638609,-0.98277984,0.15439378,0.04150725,-0.20182264,0,0,0,0,0
49,10000,0.25539953,0.71685972,-0.97315174,0.13004843,0.03705544,-0.21017945,0,0,0,0,0
50,10208,0.18547084,0.75973772,-0.94839077,0.13614073,0.06376752,-0.21390031,0,0,0,0,0
51,10416,0.12855853,0.80662638,-0.91678579,0.12301120,0.05110107,-0.22235130,0,0,0,0,0
52,10625,0.04776734,0.84811069,-0.89460506,0.13129984,0.08827440,-0.20043126,0,0,0,0,0
53,10833,-0.01162124,0.86641515,-0.85877116,0.09584154,0.10214750,-0.19372428,0,0,0,0,0
54,11041,-0.08181414,0.91008021,-0.82112193,0.10939324,0.10957596,-0.20807129,0,0,0,0,0
55,11250,-0.14307068,0.93557404,-0.77800762,0.08410731,0.14267331,-0.21936380,0,0,0,0,0
56,11458,-0.20762172,0.95390187,-0.74553411,0.08157696,0.14636967,-0.18840232,0,0,0,0,0
57,11666,-0.25989963,0.97036013,-0.69259177,0.08087425,0.17429873,-0.18942664,0,0,0,0,0
58,11875,-0.33467060,0.98568348,-0.65339528,0.05611035,0.16339954,-0.18530145,0,0,0,0,0
59,12083,-0.39327772,0.99740153,-0.60287947,0.03709329,0.17292610,-0.18313421,0,0,0,0,0
60,12291,-0.45013034,1.00705435,-0.54300923,0.02877689,0.16788710,-0.16744357,0,0,0,0,0
61,12500,-0.49747113,1.00077150,-0.48381384,-0.00291424,0.20982445,-0.15750067,0,0,0,0,0
62,12708,-0.58015993,0.99141210,-0.42785688,-0.02414108,0.18919786,-0.13525139,0,0,0,0,0
63,12916,-0.62167374,0.98772095,-0.37139544,-0.02331584,0.19747009,-0.15697625,0,0,0,0,0
64,13125,-0.66689702,0.98764896,-0.30253465,-0.03243297,0.19657945,-0.15380837,0,0,0,0,0
65,13333,-0.71458371,0.96141516,-0.24257458,-0.06264256,0.21149452,-0.12820336,0,0,0,0,0
66,13541,-0.75879885,0.94387758,-0.18421869,-0.08506222,0.23719822,-0.11278731,0,0,0,0,0
67,13750,-0.81045352,0.91841140,-0.12089760,-0.10180057,0.21211765,-0.10145752,0,0,0,0,0
68,13958,-0.84472007,0.89879985,-0.03938926,-0.09272269,0.19499914,-0.08700875,0,0,0,0,0
69,14166,-0.88479545,0.85793628,0.01301184,-0.10996786,0.19231694,-0.10197290,0,0,0,0,0
70,14375,-0.90055588,0.81596855,0.07627987,-0.12888200,0.20104568,-0.08187564,0,0,0,0,0
71,14583,-0.93367611,0.78070014,0.14846581,-0.14928716,0.18961939,-0.08247520,0,0,0,0,0
72,14791,-0.95833778,0.74084305,0.22175519,-0.15195947,0.19490214,-0.07148293,0,0,0,0,0
73,15000,-0.97282880,0.69150765,0.27409364,-0.15140235,0.18431386,-0.05793025,0,0,0,0,0
74,15208,-0.98203602,0.63549046,0.34016422,-0.17622145,0.16841278,-0.02695899,0,0,0,0,0
75,15416,-0.99540860,0.59582968,0.40524396,-0.17861377,0.16310380,-0.02539114,0,0,0,0,0
76,15625,-1.00600933,0.53134703,0.44927861,-0.18604202,0.17627648,-0.00940503,0,0,0,0,0
77,15833,-0.99783644,0.49343030,0.51492137,-0.19555204,0.16956049,-0.01465974,0,0,0,0,0
78,16041,-0.99111467,0.42650116,0.56842734,-0.17830485,0.15745019,0.00898141,0,0,0,0,0
79,16250,-0.98589719,0.37653624,0.60558903,-0.17880106,0.14836950,0.03148390,0,0,0,0,0
80,16458,-0.97895939,0.30905017,0.66968087,-0.17834566,0.14341305,0.04049034,0,0,0,0,0
81,16666,-0.95940228,0.25189402,0.70800330,-0.19618869,0.14955436,0.04652792,0,0,0,0,0
82,16875,-0.94840375,0.18079521,0.75927948,-0.20264806,0.12143909,0.07434871,0,0,0,0,0
83,17083,-0.91107944,0.12191013,0.79474822,-0.18393911,0.10287824,0.06898380,0,0,0,0,0
84,17291,-0.88069539,0.05408797,0.83366332,-0.20486255,0.12323138,0.09339602,0,0,0,0,0
85,17500,-0.85501139,-0.01849278,0.86242215,-0.21466126,0.09910898,0.10007462,0,0,0,0,0
86,17708,-0.81648342,-0.08732873,0.89201580,-0.19181093,0.09929810,0.11444294,0,0,0,0,0
87,17916,-0.78050704,-0.14713706,0.92266900,-0.19765667,0.07818029,0.11825681,0,0,0,0,0
88,18125,-0.74122586,-0.20790281,0.95747374,-0.18933067,0.06790146,0.15498023,0,0,0,0,0
89,18333,-0.70245130,-0.27792464,0.97181519,-0.20582990,0.04105747,0.14051573,0,0,0,0,0
90,18541,-0.64937097,-0.32535039,0.97654530,-0.17881312,0.04164400,0.14640776,0,0,0,0,0
91,18750,-0.60042950,-0.39054707,0.98728456,-0.15143898,0.01989978,0.13666102,0,0,0,0,0
92,18958,-0.55531800,-0.45116378,0.99857324,-0.16435683,0.02812899,0.17206434,0,0,0,0,0
93,19166,-0.49593866,-0.51127111,1.00587544,-0.17716164,0.00531428,0.18043002,0,0,0,0,0
94,19375,-0.42282708,-0.56636457,1.00307236,-0.15460183,-0.00111119,0.18626649,0,0,0,0,0
95,19583,-0.37443150,-0.62197854,0.99372074,-0.14855969,-0.02771320,0.19734107,0,0,0,0,0
96,19791,-0.31125314,-0.67741469,0.98286465,-0.14753429,-0.03121893,0.19370584,0,0,0,0,0
97,20000,-0.24727376,-0.71703135,0.96039729,-0.13274961,-0.05317227,0.21919746,0,0,0,0,0
98,20208,-0.19003220,-0.76314525,0.94377719,-0.13397930,-0.05054173,0.21628495,0,0,0,0,0
99,20416,-0.12543909,-0.79183315,0.91928000,-0.10983367,-0.09375842,0.21701638,0,0,0,0,0
100,20625,-0.05768644,-0.83473984,0.89075035,-0.12085471,-0.08483333,0.19290507,0,0,0,0,0
101,20833,0.01028535,-0.87091529,0.85897672,-0.08982402,-0.06446015,0.19571747,0,0,0,0,0
102,21041,0.07752441,-0.90765560,0.83354903,-0.09362643,-0.12749271,0.20389088,0,0,0,0,0
103,21250,0.14790950,-0.93779298,0.78904541,-0.08605831,-0.11379370,0.21087747,0,0,0,0,0
104,21458,0.20129818,-0.95555841,0.74093121,-0.08856373,-0.14072457,0.19706620,0,0,0,0,0
105,21666,0.27174748,-0.97455690,0.70411760,-0.05261980,-0.13176967,0.18671292,0,0,0,0,0
106,21875,0.32792015,-0.98382253,0.64818441,-0.04909146,-0.17067654,0.17269831,0,0,0,0,0
107,22083,0.39761211,-1.00132542,0.59181740,-0.02278517,-0.16599392,0.18541789,0,0,0,0,0
108,22291,0.45351753,-1.00822246,0.54256268,-0.03569167,-0.18030648,0.17382562,0,0,0,0,0
109,22500,0.51147739,-0.99833446,0.47993781,0.01041483,-0.19865260,0.14903682,0,0,0,0,0
110,22708,0.56893197,-0.99709073,0.43788958,0.01861359,-0.19209799,0.15162098,0,0,0,0,0
111,22916,0.62258538,-0.99588069,0.37563061,0.04939213,-0.18994712,0.13976839,0,0,0,0,0
112,23125,0.67335938,-0.97245298,0.29361325,0.03637224,-0.18251038,0.12541523,0,0,0,0,0
113,23333,0.71385696,-0.96723675,0.23980192,0.05679631,-0.20981461,0.11419545,0,0,0,0,0
114,23541,0.76133941,-0.94022749,0.18348571,0.07671555,-0.19900976,0.12421051,0,0,0,0,0
115,23750,0.80128887,-0.90968401,0.12120801,0.07488846,-0.20182958,0.11181567,0,0,0,0,0
116,23958,0.84057161,-0.89080343,0.06179162,0.10069396,-0.20728024,0.10133517,0,0,0,0,0
117,24166,0.87712037,-0.85313943,-0.00249383,0.11345450,-0.19142366,0.08159743,0,0,0,0,0
118,24375,0.90997864,-0.81658535,-0.07838753,0.11549715,-0.18634190,0.09333253,0,0,0,0,0
119,24583,0.92920643,-0.79443440,-0.14550505,0.12322656,-0.19203508,0.08498875,0,0,0,0,0
120,24791,0.94706824,-0.73627215,-0.20734127,0.14870030,-0.18920837,0.07288508,0,0,0,0,0
121,25000,0.97679739,-0.69514260,-0.26885751,0.14704003,-0.18927614,0.04248165,0,0,0,0,0
122,25208,0.97799482,-0.64570422,-0.33953559,0.14205898,-0.17388686,0.04717676,0,0,0,0,0
123,25416,0.99626499,-0.59686059,-0.39291129,0.14854451,-0.16982352,0.01672787,0,0,0,0,0
124,25625,0.99586602,-0.54639959,-0.45187766,0.17569624,-0.17907600,0.00104145,0,0,0,0,0
125,25833,1.00642470,-0.48287002,-0.51285648,0.17996869,-0.15533205,-0.01287842,0,0,0,0,0
126,26041,0.99748249,-0.42777093,-0.56122940,0.19172554,-0.15015344,-0.01013565,0,0,0,0,0
127,26250,0.97629905,-0.37767857,-0.61608980,0.18360814,-0.15857390,-0.02716563,0,0,0,0,0
128,26458,0.98341394,-0.30655645,-0.66731354,0.19924478,-0.13757382,-0.02429694,0,0,0,0,0
129,26666,0.95541447,-0.25477471,-0.71131200,0.18869471,-0.11591964,-0.04606171,0,0,0,0,0
130,26875,0.93557940,-0.18074538,-0.75636375,0.19311068,-0.12377010,-0.05792442,0,0,0,0,0
131,27083,0.91909553,-0.11592765,-0.80103868,0.20001551,-0.10597042,-0.05607951,0,0,0,0,0
132,27291,0.88766161,-0.05277624,-0.83410705,0.21093199,-0.09598194,-0.09313062,0,0,0,0,0
133,27500,0.85847885,0.01733391,-0.87703943,0.20088839,-0.08923546,-0.09081129,0,0,0,0,0
134,27708,0.82925501,0.08355888,-0.89739171,0.21918358,-0.09311570,-0.10280822,0,0,0,0,0
135,27916,0.77998371,0.14701841,-0.93950799,0.18567817,-0.07694597,-0.12302778,0,0,0,0,0
136,28125,0.74659982,0.20764016,-0.94494780,0.19012285,-0.06971080,-0.11613422,0,0,0,0,0
137,28333,0.69661591,0.27486317,-0.96675135,0.17649859,-0.05568544,-0.14467156,0,0,0,0,0
138,28541,0.64391353,0.33031748,-0.99321771,0.17850724,-0.03506344,-0.14119284,0,0,0,0,0
139,28750,0.58890678,0.38680881,-0.98939402,0.18319422,-0.02394880,-0.16709168,0,0,0,0,0
140,28958,0.55378148,0.45496363,-1.00214855,0.17107655,-0.02080797,-0.18709954,0,0,0,0,0
141,29166,0.48605892,0.50977262,-0.99498235,0.16426183,-0.00167646,-0.17491517,0,0,0,0,0
142,29375,0.43287676,0.56248555,-0.99468654,0.17051621,-0.01330283,-0.17915627,0,0,0,0,0
143,29583,0.37203085,0.61889747,-0.98846430,0.14662660,0.01110423,-0.19948361,0,0,0,0,0
144,29791,0.31289842,0.67524039,-0.98037383,0.13526177,0.03260228,-0.20481607,0,0,0,0,0
145,30000,0.23809595,0.71712972,-0.95942037,0.13323773,0.05368044,-0.20845758,0,0,0,0,0
146,30208,0.17805004,0.75946618,-0.93841615,0.14087761,0.05870287,-0.19928974,0,0,0,0,0
147,30416,0.11657616,0.80061027,-0.91890153,0.12129573,0.11038246,-0.19389657,0,0,0,0,0
148,30625,0.05842659,0.84733109,-0.89105055,0.11552614,0.08377188,-0.19540965,0,0,0,0,0
149,30833,-0.00439761,0.86841134,-0.86324841,0.08653383,0.10379809,-0.21091674,0,0,0,0,0
150,31041,-0.08225399,0.90342843,-0.82550405,0.09189695,0.13825924,-0.19329424,0,0,0,0,0
151,31250,-0.14285509,0.91933041,-0.78446817,0.08012310,0.11404280,-0.20558368,0,0,0,0,0
152,31458,-0.20256814,0.95452673,-0.74290062,0.08178029,0.13552181,-0.19369196,0,0,0,0,0
153,31666,-0.26867267,0.96729728,-0.69913464,0.06557824,0.15273367,-0.19557265,0,0,0,0,0
154,31875,-0.33877271,0.99226239,-0.64883445,0.05020755,0.18149393,-0.17452950,0,0,0,0,0
155,32083,-0.40116131,0.99221275,-0.59227955,0.02982957,0.18314746,-0.17858500,0,0,0,0,0
156,32291,-0.46070010,1.00113229,-0.53939969,0.01496438,0.19810692,-0.17303376,0,0,0,0,0
157,32500,-0.51509170,0.99732941,-0.48418793,-0.00691037,0.17984505,-0.17909217,0,0,0,0,0
158,32708,-0.56817939,0.99915930,-0.44199567,-0.00691813,0.19884145,-0.15989498,0,0,0,0,0
159,32916,-0.62001152,0.99272087,-0.35850559,-0.02757314,0.17976541,-0.15191438,0,0,0,0,0
160,33125,-0.67301818,0.98572113,-0.30373812,-0.03635450,0.20972374,-0.14277316,0,0,0,0,0
161,33333,-0.71673633,0.96626522,-0.25079787,-0.06161142,0.19616958,-0.13643542,0,0,0,0,0
162,33541,-0.76623941,0.94394616,-0.17581863,-0.06317388,0.19527345,-0.11794313,0,0,0,0,0
163,33750,-0.80114596,0.91502044,-0.11367687,-0.08339874,0.18917618,-0.10686395,0,0,0,0,0
164,33958,-0.85438686,0.89349650,-0.04811402,-0.08336742,0.20384673,-0.12081306,0,0,0,0,0
165,34166,-0.87566824,0.84861616,0.02112209,-0.11584341,0.18928607,-0.08957522,0,0,0,0,0
166,34375,-0.90971345,0.81859110,0.07936115,-0.10707739,0.17763151,-0.07838003,0,0,0,0,0
167,34583,-0.93046284,0.78077434,0.13817332,-0.14555745,0.20169046,-0.04923726,0,0,0,0,0
168,34791,-0.96009409,0.73033204,0.20392851,-0.15648491,0.19231069,-0.05662699,0,0,0,0,0
169,35000,-0.97810674,0.69709956,0.27320449,-0.14718828,0.18420373,-0.04840302,0,0,0,0,0
170,35208,-0.98200960,0.64806821,0.33672495,-0.15639505,0.18116386,-0.03790439,0,0,0,0,0
171,35416,-0.99615526,0.59761164,0.39207853,-0.16696390,0.18030223,-0.02907117,0,0,0,0,0
172,35625,-1.00376866,0.53928036,0.45222566,-0.16423938,0.16701779,0.00045038,0,0,0,0,0
173,35833,-1.00049595,0.47959747,0.50738931,-0.19170078,0.15968999,-0.00274676,0,0,0,0,0
174,36041,-0.99589709,0.42915809,0.57015551,-0.18176023,0.16331826,0.00391070,0,0,0,0,0
175,36250,-0.98052908,0.37400066,0.61972001,-0.20604154,0.14348669,0.03936621,0,0,0,0,0
176,36458,-0.98021117,0.32129562,0.66829071,-0.20764433,0.14602786,0.02847328,0,0,0,0,0
177,36666,-0.95986488,0.24914457,0.71654438,-0.20228710,0.14965957,0.05438972,0,0,0,0,0
178,36875,-0.93346279,0.18907509,0.76214931,-0.19370734,0.13321205,0.05392349,0,0,0,0,0
179,37083,-0.91795785,0.11641827,0.80136259,-0.19236080,0.10660419,0.07862681,0,0,0,0,0
180,37291,-0.88687986,0.05534664,0.83711466,-0.21108635,0.10890270,0.06681752,0,0,0,0,0
181,37500,-0.85278916,-0.00820339,0.87043458,-0.21016189,0.09381993,0.09207756,0,0,0,0,0
182,37708,-0.82062575,-0.08747942,0.90451057,-0.20471050,0.08090587,0.11441472,0,0,0,0,0
183,37916,-0.78435452,-0.14258167,0.92012403,-0.20266482,0.06839957,0.13646550,0,0,0,0,0
184,38125,-0.74900104,-0.20975066,0.94862822,-0.18429360,0.05279255,0.13208679,0,0,0,0,0
185,38333,-0.69575394,-0.26768779,0.96891117,-0.18230968,0.04764057,0.14828951,0,0,0,0,0
186,38541,-0.64381736,-0.33541285,0.98977994,-0.17666160,0.02935200,0.15263744,0,0,0,0,0
187,38750,-0.59670723,-0.40130905,1.00022209,-0.17575350,0.02062934,0.15461907,0,0,0,0,0
188,38958,-0.55100210,-0.45433631,0.99240949,-0.16493051,0.01428105,0.17379381,0,0,0,0,0
189,39166,-0.48409444,-0.50910003,1.00795868,-0.14624718,0.01350861,0.17069529,0,0,0,0,0
190,39375,-0.43567581,-0.57270779,1.00448182,-0.14535842,0.00070775,0.18248720,0,0,0,0,0
191,39583,-0.36271262,-0.61865134,1.00027985,-0.14754701,-0.00215907,0.18617937,0,0,0,0,0
192,39791,-0.30234450,-0.67568738,0.98171306,-0.14853410,-0.03563507,0.19588356,0,0,0,0,0
193,40000,-0.24706981,-0.72159476,0.97038907,-0.14711416,-0.04360136,0.18940754,0,0,0,0,0
194,40208,-0.17758605,-0.76307443,0.94078623,-0.12447626,-0.05351834,0.20754880,0,0,0,0,0
195,40416,-0.11402241,-0.80043590,0.92669717,-0.13119103,-0.06158998,0.20245095,0,0,0,0,0
196,40625,-0.05386479,-0.84512482,0.89840816,-0.11057815,-0.09266599,0.20687619,0,0,0,0,0
197,40833,0.01743839,-0.87533199,0.86992628,-0.10343101,-0.10501385,0.22535874,0,0,0,0,0
198,41041,0.08202733,-0.91031423,0.81248454,-0.09997079,-0.13009630,0.22422659,0,0,0,0,0
199,41250,0.15514516,-0.92743248,0.78285426,-0.09629173,-0.12243206,0.19436839,0,0,0,0,0
200,41458,0.20857889,-0.94964514,0.74440133,-0.09234652,-0.13579196,0.19731278,0,0,0,0,0
201,41666,0.27371319,-0.97368265,0.69448530,-0.05245031,-0.14656922,0.20541442,0,0,0,0,0
202,41875,0.33141600,-0.98742518,0.63881357,-0.03687981,-0.15458221,0.17208605,0,0,0,0,0
203,42083,0.39546652,-0.99272128,0.59674535,-0.02311270,-0.18590188,0.18612890,0,0,0,0,0
204,42291,0.45718664,-0.99675148,0.54713548,-0.02088023,-0.17703885,0.16449861,0,0,0,0,0
205,42500,0.49692336,-1.00777055,0.48377586,0.00803169,-0.18856250,0.16650920,0,0,0,0,0
206,42708,0.56402830,-0.99557580,0.42424407,0.00431519,-0.18919985,0.16285276,0,0,0,0,0
207,42916,0.61697408,-1.00211529,0.36476605,0.02473712,-0.18181645,0.13889990,0,0,0,0,0
208,43125,0.67948446,-0.97812158,0.30395577,0.04239392,-0.19979667,0.14219333,0,0,0,0,0
209,43333,0.71318862,-0.97242594,0.24480084,0.05828982,-0.20175175,0.13249838,0,0,0,0,0
210,43541,0.77192334,-0.95017555,0.18528969,0.07310523,-0.20743373,0.12931958,0,0,0,0,0
211,43750,0.80666292,-0.91665564,0.11483326,0.08126013,-0.20386313,0.09548940,0,0,0,0,0
212,43958,0.84910506,-0.89269045,0.05215345,0.09752592,-0.19714273,0.09675701,0,0,0,0,0
213,44166,0.87601107,-0.86523236,-0.01412650,0.10000287,-0.18620633,0.08586985,0,0,0,0,0
214,44375,0.90067816,-0.81836818,-0.08288309,0.10961970,-0.19699813,0.07236400,0,0,0,0,0
215,44583,0.93255542,-0.78209108,-0.15698053,0.14289253,-0.21409531,0.08261529,0,0,0,0,0
216,44791,0.95752493,-0.74192613,-0.21177758,0.12508030,-0.20804339,0.07945223,0,0,0,0,0
217,45000,0.98330383,-0.69821393,-0.27929220,0.16168386,-0.18666000,0.04402039,0,0,0,0,0
218,45208,0.98960629,-0.64881232,-0.32978588,0.15409228,-0.19203367,0.03074358,0,0,0,0,0
219,45416,0.99142854,-0.59522210,-0.40286774,0.17019592,-0.17378785,0.03452338,0,0,0,0,0
220,45625,0.99883433,-0.54939136,-0.45373700,0.18775970,-0.18207897,0.02121454,0,0,0,0,0
221,45833,0.99435348,-0.47840158,-0.50549147,0.17572900,-0.15663816,-0.00445060,0,0,0,0,0
222,46041,0.98837126,-0.42361697,-0.56660420,0.19378517,-0.15916170,0.00050626,0,0,0,0,0
223,46250,0.97773217,-0.37190174,-0.61435932,0.19519484,-0.14620242,-0.02621881,0,0,0,0,0
224,46458,0.97754471,-0.30823164,-0.66668934,0.17671754,-0.14921649,-0.04256397,0,0,0,0,0
225,46666,0.95662454,-0.24565310,-0.71583493,0.17644947,-0.14219500,-0.05556762,0,0,0,0,0
226,46875,0.93641739,-0.19103584,-0.75429373,0.21929308,-0.11334247,-0.07649560,0,0,0,0,0
227,47083,0.91905170,-0.11706208,-0.79531489,0.18808318,-0.12410438,-0.09645496,0,0,0,0,0
228,47291,0.89035809,-0.04958631,-0.84337143,0.18313156,-0.10432570,-0.08519839,0,0,0,0,0
229,47500,0.85164121,0.01240595,-0.87120468,0.18537073,-0.08996349,-0.10509123,0,0,0,0,0
230,47708,0.82108156,0.08602408,-0.90257203,0.21741292,-0.08757099,-0.08700185,0,0,0,0,0
231,47916,0.78556449,0.13739853,-0.92062503,0.19037648,-0.07722947,-0.11698471,0,0,0,0,0
232,48125,0.74321316,0.20682756,-0.94954710,0.20593916,-0.06902301,-0.12132526,0,0,0,0,0
233,48333,0.69898474,0.27535395,-0.97577729,0.17109487,-0.04988303,-0.14866137,0,0,0,0,0
234,48541,0.65654019,0.33986335,-0.98304764,0.17256008,-0.05376989,-0.15032963,0,0,0,0,0
235,48750,0.59517057,0.40398153,-0.99498006,0.18039546,-0.01721041,-0.15266375,0,0,0,0,0
236,48958,0.54458332,0.44851331,-0.99837104,0.16916793,-0.02556435,-0.17177027,0,0,0,0,0
237,49166,0.49401084,0.50994253,-0.99326286,0.15326070,-0.01596851,-0.17948261,0,0,0,0,0
238,49375,0.42945373,0.56693767,-0.99873428,0.14792178,0.00537740,-0.20196339,0,0,0,0,0
239,49583,0.37677108,0.61567034,-0.99754409,0.15858635,0.02026080,-0.19563084,0,0,0,0,0
240,49791,0.29960590,0.66877493,-0.98511501,0.13503666,0.04276878,-0.19913515,0,0,0,0,0
241,50000,0.25569314,0.70606738,-0.97103647,0.12504896,0.03854236,-0.19795381,0,0,0,0,0
242,50208,0.19166747,0.76182421,-0.95440170,0.11966615,0.07524319,-0.20128922,0,0,0,0,0
243,50416,0.11371942,0.79390315,-0.93487548,0.12085484,0.06257133,-0.20844849,0,0,0,0,0
244,50625,0.04989322,0.84036068,-0.88978522,0.09904324,0.08971129,-0.21057288,0,0,0,0,0
245,50833,-0.01390786,0.87815403,-0.86109867,0.12084560,0.10587428,-0.22184804,0,0,0,0,0
246,51041,-0.07689976,0.91089222,-0.83068715,0.10818263,0.12066570,-0.21319742,0,0,0,0,0
247,51250,-0.13647897,0.92787398,-0.78734906,0.08348956,0.12719280,-0.19783911,0,0,0,0,0
248,51458,-0.21826894,0.95055741,-0.74193084,0.07742601,0.14187439,-0.18573961,0,0,0,0,0
249,51666,-0.27761129,0.97861747,-0.69373481,0.06620702,0.15300059,-0.19986107,0,0,0,0,0
250,51875,-0.34144603,0.98767619,-0.64373964,0.05393690,0.16268304,-0.18675596,0,0,0,0,0
251,52083,-0.38975413,0.99952057,-0.59612482,0.03159890,0.17206519,-0.16570316,0,0,0,0,0
252,52291,-0.45682463,0.99776344,-0.54120428,0.01665864,0.16019450,-0.16364887,0,0,0,0,0
253,52500,-0.52003133,0.99963691,-0.48785105,-0.00579985,0.18765272,-0.15112908,0,0,0,0,0
254,52708,-0.55896405,0.99668474,-0.42340816,-0.00384875,0.16989478,-0.14439404,0,0,0,0,0
255,52916,-0.61497490,0.99224123,-0.37465636,-0.03093893,0.19938510,-0.13921218,0,0,0,0,0
256,53125,-0.66345687,0.98308550,-0.29762436,-0.06257480,0.20032154,-0.12399660,0,0,0,0,0
257,53333,-0.71953426,0.97261092,-0.24456828,-0.04366941,0.19401175,-0.13769919,0,0,0,0,0
258,53541,-0.76698370,0.93707507,-0.19491266,-0.06409771,0.21992776,-0.12188224,0,0,0,0,0
259,53750,-0.80827070,0.92173201,-0.11383618,-0.07706622,0.18917879,-0.10494155,0,0,0,0,0
260,53958,-0.83659632,0.89308738,-0.05487842,-0.08823894,0.20874768,-0.09368471,0,0,0,0,0
261,54166,-0.87818601,0.85890591,0.01257290,-0.10789759,0.19191377,-0.08496393,0,0,0,0,0
262,54375,-0.90054125,0.81793520,0.08545152,-0.11259669,0.19757763,-0.08549634,0,0,0,0,0
263,54583,-0.93255979,0.77530856,0.14116484,-0.13448152,0.18886932,-0.09040885,0,0,0,0,0
264,54791,-0.95226426,0.74495319,0.21222256,-0.13667103,0.19719599,-0.07066316,0,0,0,0,0
265,55000,-0.98609151,0.69780332,0.27120302,-0.15703055,0.18366645,-0.05086948,0,0,0,0,0
266,55208,-0.97574301,0.64168926,0.32740751,-0.16717973,0.16490761,-0.02507944,0,0,0,0,0
267,55416,-0.99423863,0.60011008,0.39886734,-0.16637704,0.16140279,-0.03498532,0,0,0,0,0
268,55625,-1.00509736,0.54977211,0.45068255,-0.16926559,0.16117161,-0.01995405,0,0,0,0,0
269,55833,-0.99910690,0.48471830,0.52200330,-0.17044192,0.15747605,-0.00045740,0,0,0,0,0
270,56041,-0.98951054,0.42681226,0.56265475,-0.19081331,0.15540206,0.01004537,0,0,0,0,0
271,56250,-0.98636914,0.37726159,0.61545362,-0.17664445,0.14989881,0.02419487,0,0,0,0,0
272,56458,-0.96276907,0.31660183,0.66658784,-0.17137305,0.14142833,0.03834151,0,0,0,0,0
273,56666,-0.95317906,0.23800014,0.71206876,-0.18137183,0.14478849,0.04532957,0,0,0,0,0
274,56875,-0.94132157,0.17688059,0.75931753,-0.19199110,0.11048608,0.06026426,0,0,0,0,0
275,57083,-0.91064428,0.11380568,0.79290954,-0.17817326,0.11293650,0.08529204,0,0,0,0,0
276,57291,-0.88136970,0.04746057,0.83859106,-0.20160560,0.09738887,0.08306576,0,0,0,0,0
277,57500,-0.85658199,-0.01456770,0.87946970,-0.19461718,0.09989121,0.10464059,0,0,0,0,0
278,57708,-0.81657557,-0.08165420,0.90233537,-0.19606727,0.06698829,0.11320231,0,0,0,0,0
279,57916,-0.78209870,-0.15172396,0.92225533,-0.19829271,0.08062791,0.09876907,0,0,0,0,0
280,58125,-0.74508139,-0.20720154,0.95018092,-0.17973851,0.05841660,0.12967111,0,0,0,0,0
281,58333,-0.70104065,-0.26979069,0.96487172,-0.20485749,0.05158246,0.12697494,0,0,0,0,0
282,58541,-0.64414875,-0.33021067,0.98694493,-0.17195963,0.03745438,0.15487134,0,0,0,0,0
283,58750,-0.60026686,-0.39156246,0.98809303,-0.18468221,0.02402107,0.17318654,0,0,0,0,0
284,58958,-0.54975806,-0.44656864,0.99842522,-0.15618073,0.03173630,0.15663939,0,0,0,0,0
285,59166,-0.48128734,-0.51546113,1.00277848,-0.16144705,-0.00348029,0.16953894,0,0,0,0,0
286,59375,-0.43213117,-0.56713270,0.99092285,-0.15672255,0.00708257,0.19208717,0,0,0,0,0
287,59583,-0.37068378,-0.62036349,0.99119871,-0.14900227,-0.02371913,0.21530080,0,0,0,0,0
288,59791,-0.30104434,-0.66844275,0.97916179,-0.14169757,-0.03325326,0.19974011,0,0,0,0,0
289,60000,-0.24030490,-0.71408754,0.97335067,-0.13571301,-0.04247922,0.19443993,0,0,0,0,0
290,60208,-0.18101974,-0.76059417,0.93994294,-0.13571017,-0.04771888,0.22426667,0,0,0,0,0
291,60416,-0.12298086,-0.79936091,0.91967867,-0.11074239,-0.06761332,0.21133544,0,0,0,0,0
292,60625,-0.04689235,-0.84505681,0.90358192,-0.11199898,-0.08362333,0.20540196,0,0,0,0,0
293,60833,0.01240666,-0.87339468,0.86964613,-0.11681871,-0.09604367,0.22018154,0,0,0,0,0
294,61041,0.07871618,-0.90202140,0.82154431,-0.09382660,-0.11676744,0.17586082,0,0,0,0,0
295,61250,0.14755679,-0.94395330,0.78213653,-0.08660393,-0.10963453,0.21274627,0,0,0,0,0
296,61458,0.21988478,-0.95256093,0.74130784,-0.06797319,-0.14099155,0.21117744,0,0,0,0,0
297,61666,0.27916999,-0.97014678,0.69979150,-0.04145417,-0.15792356,0.19167080,0,0,0,0,0
298,61875,0.34399911,-0.98884686,0.64328418,-0.06809813,-0.17241163,0.20255475,0,0,0,0,0
299,62083,0.40132133,-0.99498108,0.59433468,-0.04481384,-0.16917568,0.18119923,0,0,0,0,0
300,62291,0.45854172,-0.99658979,0.54250199,-0.01971540,-0.18181523,0.17503940,0,0,0,0,0
301,62500,0.50646953,-0.99482125,0.49061996,-0.01043958,-0.19261061,0.17295155,0,0,0,0,0
302,62708,0.56658050,-1.00359356,0.42585531,0.00351797,-0.19210361,0.13176691,0,0,0,0,0
303,62916,0.62139245,-0.98933556,0.36165508,0.00437173,-0.21189058,0.13481641,0,0,0,0,0
304,63125,0.67520650,-0.97685935,0.30664892,0.04714747,-0.18805628,0.14287962,0,0,0,0,0
305,63333,0.71918305,-0.95899358,0.23864272,0.03805456,-0.18201250,0.11388097,0,0,0,0,0
306,63541,0.76609484,-0.93861479,0.18645787,0.07537839,-0.18853262,0.12207194,0,0,0,0,0
307,63750,0.80147227,-0.91613995,0.12053914,0.09161555,-0.20763348,0.10346715,0,0,0,0,0
308,63958,0.85519692,-0.88884897,0.05191056,0.09125836,-0.20720513,0.09531577,0,0,0,0,0
309,64166,0.87924683,-0.85383132,-0.00525168,0.12169822,-0.19894869,0.09761205,0,0,0,0,0
310,64375,0.90897314,-0.81521507,-0.08383137,0.10789620,-0.18371660,0.08320664,0,0,0,0,0
311,64583,0.93428500,-0.77884293,-0.15343728,0.13434652,-0.19252619,0.06250020,0,0,0,0,0
312,64791,0.94624533,-0.73014748,-0.20930942,0.13991872,-0.16589624,0.06638069,0,0,0,0,0
313,65000,0.98062560,-0.69881048,-0.26339224,0.15829239,-0.19631299,0.03294903,0,0,0,0,0
314,65208,0.98951960,-0.64883667,-0.33312841,0.16672865,-0.19389429,0.03452658,0,0,0,0,0
315,65416,0.98851810,-0.59584391,-0.39349501,0.15219358,-0.17964139,0.03816621,0,0,0,0,0
316,65625,0.99091011,-0.53965379,-0.45355495,0.18239475,-0.16772685,0.02315011,0,0,0,0,0
317,65833,0.99162974,-0.48940085,-0.50899389,0.16061695,-0.15650614,0.00338972,0,0,0,0,0
318,66041,0.99471120,-0.42978003,-0.56568110,0.17880230,-0.15857632,-0.02150264,0,0,0,0,0
319,66250,0.99997134,-0.37010902,-0.61488988,0.19349996,-0.13776769,-0.01727061,0,0,0,0,0
320,66458,0.97536061,-0.30277671,-0.67016212,0.19994745,-0.15650260,-0.03817699,0,0,0,0,0
321,66666,0.96171863,-0.23599978,-0.71023350,0.17990996,-0.14985374,-0.05036212,0,0,0,0,0
322,66875,0.94813337,-0.18283962,-0.76868027,0.19485983,-0.11879164,-0.04559466,0,0,0,0,0
323,67083,0.91112410,-0.11825258,-0.80069385,0.20280921,-0.11433715,-0.07834109,0,0,0,0,0
324,67291,0.87822051,-0.05503264,-0.84489411,0.19792743,-0.09702084,-0.07332394,0,0,0,0,0
325,67500,0.84588687,0.01241829,-0.86330520,0.18799750,-0.09312392,-0.10263154,0,0,0,0,0
326,67708,0.82285474,0.07913828,-0.89179270,0.22146019,-0.09652095,-0.13147983,0,0,0,0,0
327,67916,0.78464071,0.14426571,-0.92542761,0.18343758,-0.06006256,-0.10463722,0,0,0,0,0
328,68125,0.74270880,0.21271421,-0.95138794,0.19194068,-0.04416414,-0.13454741,0,0,0,0,0
329,68333,0.69326715,0.26954165,-0.96386743,0.19455235,-0.03610686,-0.12829648,0,0,0,0,0
330,68541,0.64437843,0.33147070,-0.98058807,0.17935842,-0.04414220,-0.13836746,0,0,0,0,0
331,68750,0.60304844,0.38211139,-0.99479149,0.18277645,-0.01599412,-0.16694287,0,0,0,0,0
332,68958,0.54832231,0.45348789,-1.00693336,0.17323827,-0.03001365,-0.16841064,0,0,0,0,0
333,69166,0.49392396,0.51258109,-1.00773590,0.14480942,-0.01403295,-0.17211409,0,0,0,0,0
334,69375,0.43406789,0.56850105,-0.98578689,0.14462776,-0.01302959,-0.17671546,0,0,0,0,0
335,69583,0.37017414,0.61652093,-0.99292172,0.16563857,0.03975364,-0.21489896,0,0,0,0,0
336,69791,0.32134024,0.66256355,-0.98472560,0.13962154,0.04780678,-0.20918548,0,0,0,0,0
337,70000,0.24885294,0.71872742,-0.96784440,0.11369094,0.05844528,-0.20729330,0,0,0,0,0
338,70208,0.18357408,0.75991000,-0.95718045,0.12135982,0.07087176,-0.19499865,0,0,0,0,0
339,70416,0.11965766,0.80828046,-0.91739537,0.11397508,0.07241200,-0.20927030,0,0,0,0,0
340,70625,0.05772021,0.83614587,-0.88886457,0.11576507,0.09536380,-0.20666265,0,0,0,0,0
341,70833,-0.00574812,0.87355563,-0.85814916,0.11915525,0.10290300,-0.20623470,0,0,0,0,0
342,71041,-0.07913334,0.91073433,-0.83109088,0.08653416,0.10202758,-0.20043296,0,0,0,0,0
343,71250,-0.13804022,0.92589584,-0.78702027,0.08617114,0.13369336,-0.19074916,0,0,0,0,0
344,71458,-0.20757172,0.96044037,-0.74432829,0.06772165,0.15815276,-0.19943294,0,0,0,0,0
345,71666,-0.27262075,0.97540384,-0.69417532,0.07960985,0.14762925,-0.18084958,0,0,0,0,0
346,71875,-0.33823842,0.98203486,-0.64839329,0.06880290,0.16216234,-0.18064409,0,0,0,0,0
347,72083,-0.38825163,1.00688383,-0.59234041,0.04007773,0.17165874,-0.18713392,0,0,0,0,0
348,72291,-0.45854675,0.99670908,-0.55054929,0.02314326,0.17866576,-0.16797501,0,0,0,0,0
349,72500,-0.50439968,1.00231967,-0.48715461,-0.00576252,0.19066803,-0.15910663,0,0,0,0,0
350,72708,-0.56522131,0.99860250,-0.41977325,-0.00136086,0.21230805,-0.14234224,0,0,0,0,0
351,72916,-0.62364843,0.99054779,-0.36040867,-0.02588679,0.18921115,-0.14467759,0,0,0,0,0
352,73125,-0.67178293,0.98800788,-0.30889601,-0.04825846,0.18617010,-0.14716816,0,0,0,0,0
353,73333,-0.71860788,0.95643217,-0.24007394,-0.04227110,0.19739879,-0.11125286,0,0,0,0,0
354,73541,-0.76644450,0.94753362,-0.17910050,-0.07158659,0.20643505,-0.11060638,0,0,0,0,0
355,73750,-0.80555942,0.91242106,-0.11172350,-0.09193978,0.20828252,-0.10437924,0,0,0,0,0
356,73958,-0.84007747,0.88627452,-0.04675770,-0.08818737,0.19741484,-0.07625371,0,0,0,0,0
357,74166,-0.87004867,0.85589874,0.01390235,-0.11028336,0.19539978,-0.09936653,0,0,0,0,0
358,74375,-0.90848267,0.82817452,0.08118742,-0.11231746,0.18965911,-0.07623918,0,0,0,0,0
359,74583,-0.92200489,0.78306901,0.13961365,-0.12439766,0.19240531,-0.07327215,0,0,0,0,0
360,74791,-0.95936169,0.73134787,0.21247552,-0.15760957,0.17600340,-0.05333048,0,0,0,0,0
361,75000,-0.97896389,0.69521534,0.27423156,-0.14735281,0.17889696,-0.05318144,0,0,0,0,0
362,75208,-0.98887736,0.64985360,0.32219493,-0.15674249,0.17394112,-0.03552347,0,0,0,0,0
363,75416,-0.99205787,0.59461900,0.40047380,-0.16454748,0.16396662,-0.03268839,0,0,0,0,0
364,75625,-1.00406898,0.54131411,0.45270962,-0.17656760,0.16162469,-0.01139773,0,0,0,0,0
365,75833,-1.00162477,0.48334494,0.50764141,-0.19704509,0.17155661,0.00048306,0,0,0,0,0
366,76041,-0.99523245,0.42849573,0.56491290,-0.17405941,0.15409491,0.01410869,0,0,0,0,0
367,76250,-0.97722764,0.37189435,0.61278318,-0.19447160,0.15057296,0.02111528,0,0,0,0,0
368,76458,-0.97152909,0.29847462,0.66170953,-0.17053025,0.12702081,0.03146620,0,0,0,0,0
369,76666,-0.95856382,0.25037355,0.71093293,-0.19271993,0.13987900,0.03964905,0,0,0,0,0
370,76875,-0.93795759,0.18764372,0.76239092,-0.21171133,0.11594746,0.06657737,0,0,0,0,0
371,77083,-0.91310152,0.11692533,0.79512738,-0.19593821,0.12027228,0.07818654,0,0,0,0,0
372,77291,-0.89282202,0.05392406,0.83910127,-0.20340514,0.10291470,0.06968446,0,0,0,0,0
373,77500,-0.86048920,-0.01649144,0.86867311,-0.21111579,0.10240958,0.08339521,0,0,0,0,0
374,77708,-0.81131517,-0.07753793,0.89361071,-0.20439026,0.07253741,0.11771626,0,0,0,0,0
375,77916,-0.78885354,-0.14416397,0.93133695,-0.20736024,0.08188857,0.13178987,0,0,0,0,0
376,78125,-0.73996045,-0.21304980,0.95422006,-0.18106662,0.06833881,0.12214793,0,0,0,0,0
377,78333,-0.69930768,-0.27381758,0.95728752,-0.19118471,0.04818374,0.12872223,0,0,0,0,0
378,78541,-0.65238816,-0.33360904,0.98773548,-0.19099268,0.04472936,0.14777601,0,0,0,0,0
379,78750,-0.60042027,-0.39735418,0.98435601,-0.16613292,0.03126927,0.15750715,0,0,0,0,0
380,78958,-0.54751176,-0.45407072,1.00541082,-0.18418192,0.00528277,0.18488762,0,0,0,0,0
381,79166,-0.48992731,-0.51245384,1.00245292,-0.13898350,0.00244797,0.17370017,0,0,0,0,0
382,79375,-0.43667954,-0.56315253,0.99859269,-0.15588819,-0.01593221,0.17983855,0,0,0,0,0
383,79583,-0.37592911,-0.61666305,0.99992067,-0.13502271,-0.01555559,0.19110243,0,0,0,0,0
384,79791,-0.31868028,-0.66593893,0.98443052,-0.14528651,-0.03267489,0.19684857,0,0,0,0,0
385,80000,-0.25208677,-0.71633756,0.96467562,-0.13736007,-0.04185311,0.22565235,0,0,0,0,0
386,80208,-0.17887691,-0.75998397,0.95018159,-0.10096154,-0.04963609,0.21715894,0,0,0,0,0
387,80416,-0.11988238,-0.79910440,0.91944776,-0.10825054,-0.07214384,0.22039400,0,0,0,0,0
388,80625,-0.04546208,-0.84191995,0.88875897,-0.10619229,-0.09918133,0.20814704,0,0,0,0,0
389,80833,0.00810945,-0.87312619,0.86438150,-0.10158018,-0.11119920,0.21914816,0,0,0,0,0
390,81041,0.07978207,-0.90042010,0.82592328,-0.09661792,-0.12040051,0.22184498,0,0,0,0,0
391,81250,0.14224719,-0.93356607,0.78028497,-0.08091098,-0.12583955,0.19850143,0,0,0,0,0
392,81458,0.21065965,-0.95047384,0.75230365,-0.09686421,-0.14331334,0.19690723,0,0,0,0,0
393,81666,0.28531384,-0.97418328,0.70061663,-0.06476862,-0.17996295,0.17731456,0,0,0,0,0
394,81875,0.33583466,-0.98181921,0.64642339,-0.05330930,-0.16876071,0.19526154,0,0,0,0,0
395,82083,0.39327425,-1.00170284,0.59161309,-0.04569442,-0.18430695,0.17959733,0,0,0,0,0
396,82291,0.46247589,-1.00161657,0.54651186,-0.00858755,-0.19220967,0.16699678,0,0,0,0,0
397,82500,0.50734614,-1.00503116,0.48023714,0.00251870,-0.18690870,0.17208884,0,0,0,0,0
398,82708,0.57144390,-1.00185531,0.42704973,0.02265508,-0.19841688,0.15433800,0,0,0,0,0
399,82916,0.61918062,-0.99108834,0.37524790,0.01313548,-0.18897618,0.14551802,0,0,0,0,0
400,83125,0.67014218,-0.97849779,0.29873545,0.05288845,-0.20210278,0.14170470,0,0,0,0,0
401,83333,0.72126094,-0.95661169,0.24266283,0.04733697,-0.21084323,0.12302477,0,0,0,0,0
402,83541,0.76120897,-0.93439654,0.17588549,0.05696718,-0.20476106,0.10874730,0,0,0,0,0
403,83750,0.80674046,-0.91296911,0.11931988,0.09404753,-0.18196893,0.11798739,0,0,0,0,0
404,83958,0.84864908,-0.88329086,0.04715253,0.11217349,-0.20181700,0.10412805,0,0,0,0,0
405,84166,0.87734402,-0.86368685,-0.02262973,0.10657982,-0.19755761,0.09342897,0,0,0,0,0
406,84375,0.91005338,-0.81770594,-0.08943907,0.14317377,-0.19012076,0.08747582,0,0,0,0,0
407,84583,0.93456225,-0.77763220,-0.14986567,0.13380636,-0.19742362,0.08954288,0,0,0,0,0
408,84791,0.96041524,-0.74096874,-0.21273654,0.15118103,-0.20109656,0.06439466,0,0,0,0,0
409,85000,0.96081001,-0.69867803,-0.26999420,0.15367115,-0.17361999,0.04197637,0,0,0,0,0
410,85208,0.97963469,-0.64231006,-0.33221611,0.15600365,-0.17196563,0.04562720,0,0,0,0,0
411,85416,0.98560561,-0.59719348,-0.39560058,0.15064183,-0.17942898,0.03904500,0,0,0,0,0
412,85625,0.99507170,-0.53593477,-0.45087937,0.17091529,-0.17896377,0.02780766,0,0,0,0,0
413,85833,1.00500565,-0.47787783,-0.51519055,0.18588447,-0.17705918,0.00738840,0,0,0,0,0
414,86041,0.99250783,-0.42803647,-0.56229359,0.19674158,-0.16916169,-0.01622906,0,0,0,0,0
415,86250,0.98601050,-0.37054889,-0.62840551,0.18510977,-0.13204729,-0.02825331,0,0,0,0,0
416,86458,0.96731377,-0.31114599,-0.66657847,0.20267633,-0.14048647,-0.03745957,0,0,0,0,0
417,86666,0.97202954,-0.24417622,-0.71736569,0.18813403,-0.13228606,-0.04957911,0,0,0,0,0
418,86875,0.93883056,-0.17729880,-0.75956990,0.18959828,-0.14822859,-0.05928013,0,0,0,0,0
419,87083,0.91859793,-0.11065319,-0.79619986,0.20130007,-0.11216958,-0.05814312,0,0,0,0,0
420,87291,0.88866121,-0.04896902,-0.83601748,0.18558115,-0.09044691,-0.08046744,0,0,0,0,0
421,87500,0.86042281,0.00727660,-0.86932368,0.20417218,-0.10707678,-0.09290990,0,0,0,0,0
422,87708,0.82073449,0.07987391,-0.89668874,0.20061731,-0.07585015,-0.10288686,0,0,0,0,0
423,87916,0.79007144,0.13621733,-0.92468267,0.19273586,-0.06264869,-0.10996065,0,0,0,0,0
424,88125,0.73599019,0.20654309,-0.94833706,0.18886505,-0.08586665,-0.14411312,0,0,0,0,0
425,88333,0.69217816,0.27808212,-0.96487887,0.17923110,-0.05209711,-0.14791872,0,0,0,0,0
426,88541,0.65239382,0.32572547,-0.99466452,0.18417744,-0.03762786,-0.14774876,0,0,0,0,0
427,88750,0.60125141,0.39788768,-0.99986592,0.17172460,-0.02666003,-0.16160863,0,0,0,0,0
428,88958,0.53712388,0.44694765,-1.00123369,0.16777125,-0.02700693,-0.16273159,0,0,0,0,0
429,89166,0.48766407,0.50289440,-0.99834188,0.16826902,-0.01610770,-0.16727194,0,0,0,0,0
430,89375,0.43046543,0.56081140,-0.99881353,0.14628808,0.00196421,-0.18646605,0,0,0,0,0
431,89583,0.36940128,0.62084408,-0.99726352,0.14687840,0.00622382,-0.19411175,0,0,0,0,0
432,89791,0.31432110,0.66626493,-0.98105915,0.14223174,0.05482046,-0.20403080,0,0,0,0,0
433,90000,0.24230637,0.72174578,-0.96559827,0.13527215,0.02871270,-0.21724858,0,0,0,0,0
434,90208,0.17656519,0.75663460,-0.95047875,0.13372130,0.06138271,-0.21402005,0,0,0,0,0
435,90416,0.12629197,0.79628009,-0.91611043,0.11490388,0.07736546,-0.22397722,0,0,0,0,0
436,90625,0.05260432,0.83869423,-0.88377892,0.09549531,0.08458156,-0.21551983,0,0,0,0,0
437,90833,-0.00991151,0.87156903,-0.86290061,0.11644182,0.10048834,-0.18985793,0,0,0,0,0
438,91041,-0.08036744,0.90277579,-0.81723450,0.08881433,0.11562707,-0.19066964,0,0,0,0,0
439,91250,-0.14714356,0.92755085,-0.78362637,0.07755104,0.13572180,-0.19881067,0,0,0,0,0
440,91458,-0.21204208,0.96201409,-0.74098157,0.07222544,0.12979181,-0.20891242,0,0,0,0,0
441,91666,-0.27894541,0.98070732,-0.70569185,0.07272477,0.14336544,-0.18238062,0,0,0,0,0
442,91875,-0.34141876,0.98375538,-0.64749214,0.05478122,0.16979630,-0.18109403,0,0,0,0,0
443,92083,-0.40030723,0.99271256,-0.59301064,0.03451817,0.18291272,-0.19536613,0,0,0,0,0
444,92291,-0.45463816,1.00037074,-0.52779004,0.00786039,0.17071975,-0.15643924,0,0,0,0,0
445,92500,-0.51505192,1.00247415,-0.48881227,-0.00102760,0.18400290,-0.16554060,0,0,0,0,0
446,92708,-0.56778738,0.99188403,-0.42872870,-0.00918603,0.20389316,-0.15159186,0,0,0,0,0
447,92916,-0.62386483,0.98705834,-0.37148486,-0.05339076,0.19634995,-0.15375652,0,0,0,0,0
448,93125,-0.66712313,0.97919906,-0.30540083,-0.05677411,0.19435498,-0.10827001,0,0,0,0,0
449,93333,-0.72241314,0.96163311,-0.24259589,-0.05754963,0.19891397,-0.10845449,0,0,0,0,0
450,93541,-0.75897502,0.94522324,-0.17277960,-0.07972002,0.20079186,-0.11912283,0,0,0,0,0
451,93750,-0.80189485,0.92406548,-0.11406123,-0.07559096,0.20231746,-0.10174838,0,0,0,0,0
452,93958,-0.83675618,0.88408457,-0.05293035,-0.09438728,0.21369224,-0.09077074,0,0,0,0,0
453,94166,-0.87106541,0.85966061,0.01637425,-0.10978404,0.18192847,-0.10166777,0,0,0,0,0
454,94375,-0.90906199,0.81677458,0.08524544,-0.11436378,0.19551481,-0.08083682,0,0,0,0,0
455,94583,-0.93449603,0.78233456,0.14543761,-0.14226425,0.20088418,-0.08166484,0,0,0,0,0
456,94791,-0.95528985,0.73670986,0.19867051,-0.15639460,0.18983928,-0.07656027,0,0,0,0,0
457,95000,-0.97407088,0.69317665,0.26842003,-0.16240341,0.18915316,-0.05257342,0,0,0,0,0
458,95208,-0.98802902,0.65233764,0.33643018,-0.18265452,0.16683094,-0.01480496,0,0,0,0,0
459,95416,-1.00062670,0.59054136,0.39215688,-0.15273595,0.16337075,-0.04668428,0,0,0,0,0
460,95625,-0.99318554,0.53792179,0.46268518,-0.16352693,0.15272207,-0.00017066,0,0,0,0,0
461,95833,-0.99981713,0.48963158,0.50999820,-0.18897520,0.15952547,0.00119157,0,0,0,0,0
462,96041,-0.98971976,0.43089509,0.56334937,-0.17128791,0.14877120,0.00811289,0,0,0,0,0
463,96250,-0.98545207,0.36974671,0.61589339,-0.17948214,0.14293948,0.02682454,0,0,0,0,0
464,96458,-0.97059282,0.30251949,0.66328331,-0.20586447,0.14590405,0.04192776,0,0,0,0,0
465,96666,-0.95374088,0.24407246,0.72432349,-0.18321608,0.13898234,0.05365369,0,0,0,0,0
466,96875,-0.94497914,0.17741919,0.76026308,-0.20675580,0.13982672,0.06162866,0,0,0,0,0
467,97083,-0.92167213,0.11685114,0.80165296,-0.21878639,0.13161652,0.06370443,0,0,0,0,0
468,97291,-0.88329682,0.05112424,0.83259933,-0.20085482,0.09501240,0.07935915,0,0,0,0,0
469,97500,-0.85787188,-0.01496245,0.85920236,-0.20076033,0.10370875,0.09185484,0,0,0,0,0
470,97708,-0.82757957,-0.07139415,0.90326807,-0.20072133,0.07279609,0.09561021,0,0,0,0,0
471,97916,-0.78483307,-0.14504056,0.93046574,-0.18494874,0.06187161,0.10757927,0,0,0,0,0
472,98125,-0.74551149,-0.21844802,0.94065009,-0.19365781,0.05563749,0.13731574,0,0,0,0,0
473,98333,-0.69419952,-0.27162807,0.97440432,-0.17132441,0.04786222,0.14479432,0,0,0,0,0
474,98541,-0.64703047,-0.33193037,0.98120344,-0.18027129,0.04057872,0.13868538,0,0,0,0,0
475,98750,-0.59940195,-0.39581477,0.99167308,-0.15452365,0.01700604,0.15439307,0,0,0,0,0
476,98958,-0.54078326,-0.44408612,0.99445522,-0.16053150,0.01810581,0.17710411,0,0,0,0,0
477,99166,-0.48590987,-0.51062064,0.99606001,-0.16728109,0.00757277,0.17248053,0,0,0,0,0
478,99375,-0.42739019,-0.56215852,0.99603540,-0.14621324,0.00417910,0.17279772,0,0,0,0,0
479,99583,-0.36582517,-0.61321436,0.98667585,-0.14747057,-0.01647741,0.19769199,0,0,0,0,0
480,99791,-0.30889919,-0.66641418,0.97529279,-0.12829764,-0.03039486,0.21067578,0,0,0,0,0
481,100000,-0.25652689,-0.70787432,0.98016910,-0.13267033,-0.04489603,0.21618964,0,0,0,0,0
482,100208,-0.17930372,-0.75332422,0.93873304,-0.14215706,-0.06391396,0.18401015,0,0,0,0,0
483,100416,-0.12044186,-0.79456023,0.90688302,-0.10984354,-0.08160047,0.18834765,0,0,0,0,0
484,100625,-0.04990803,-0.80575505,0.85142818,-0.11221012,-0.09624374,0.22491000,0,0,0,0,0
485,100833,0.01229569,-0.82582942,0.80186986,-0.10462821,-0.12617401,0.22781034,0,0,0,0,0
486,101041,0.06546711,-0.81166528,0.75125411,-0.10910532,-0.13041652,0.21866764,0,0,0,0,0
487,101250,0.12601013,-0.81211891,0.68407631,-0.09012399,-0.17049631,0.24362407,0,0,0,0,0
488,101458,0.16949546,-0.78722266,0.60296981,-0.09344553,-0.19515295,0.24643190,0,0,0,0,0
489,101666,0.20860733,-0.74820715,0.52893013,-0.07967003,-0.22054959,0.30513166,0,0,0,0,0
490,101875,0.24085169,-0.71093463,0.46342175,-0.06830178,-0.28656702,0.32901390,0,0,0,0,0
491,102083,0.25068343,-0.65672796,0.39817075,-0.06358898,-0.35898141,0.41392505,0,0,0,0,0
492,102291,0.27638399,-0.61629479,0.33044516,-0.03001014,-0.46012805,0.45783207,0,0,0,0,0
493,102500,0.28405016,-0.55110887,0.27437445,0.00031425,-0.55892380,0.52437982,0,0,0,0,0
494,102708,0.27582991,-0.49530535,0.21922456,0.03982192,-0.67999755,0.59955869,0,0,0,0,0
495,102916,0.27199973,-0.43090047,0.16258499,0.13094842,-0.83129823,0.69197466,0,0,0,0,0
496,103125,0.25906345,-0.36198144,0.11281422,0.21238351,-0.97897825,0.77064282,0,0,0,0,0
497,103333,0.22893555,-0.32220208,0.07797292,0.32874969,-1.13070956,0.80620097,0,0,0,0,0
498,103541,0.21148590,-0.25982882,0.05242862,0.43494699,-1.30252363,0.84693209,0,0,0,0,0
499,103750,0.17943520,-0.21037032,0.03001599,0.57640961,-1.44973128,0.86593934,0,0,0,0,0
500,103958,0.15874881,-0.16798413,0.01555781,0.70588428,-1.57445172,0.86267587,0,0,0,0,0
501,104166,0.13580978,-0.13544281,-0.00812952,0.85077225,-1.70885835,0.83211539,0,0,0,0,0
502,104375,0.12397357,-0.11004380,-0.01775123,1.01909968,-1.79039603,0.74402001,0,0,0,0,0
503,104583,0.10260745,-0.08659803,-0.01660267,1.15191496,-1.82413440,0.69345891,0,0,0,0,0
504,104791,0.09687502,-0.08160372,-0.02669313,1.27631182,-1.87344409,0.59191604,0,0,0,0,0
505,105000,0.09243031,-0.06539884,-0.02723071,1.37339268,-1.84837014,0.46851931,0,0,0,0,0
506,105208,0.09866373,-0.06966778,-0.04563965,1.46622387,-1.81036553,0.33614154,0,0,0,0,0
507,105416,0.09769923,-0.05903020,-0.03530082,1.51610749,-1.76591906,0.21209355,0,0,0,0,0
508,105625,0.10264730,-0.06002258,-0.04454981,1.60948450,-1.71881453,0.10993954,0,0,0,0,0
509,105833,0.10301802,-0.04499211,-0.06012857,1.69481002,-1.63978739,-0.03829839,0,0,0,0,0
510,106041,0.10662748,-0.04125186,-0.06139186,1.73819866,-1.57414786,-0.16135746,0,0,0,0,0
511,106250,0.10524130,-0.03668813,-0.06037455,1.79455991,-1.51490172,-0.30015907,0,0,0,0,0
512,106458,0.09798330,-0.03544674,-0.06876151,1.82675240,-1.41979102,-0.39431995,0,0,0,0,0
513,106666,0.09073567,-0.02438880,-0.07135198,1.88089081,-1.33433854,-0.52777128,0,0,0,0,0
514,106875,0.10040787,-0.01985398,-0.07949094,1.89371028,-1.24261895,-0.64300110,0,0,0,0,0
515,107083,0.09788042,-0.01393007,-0.07762100,1.90718252,-1.13861568,-0.74378160,0,0,0,0,0
516,107291,0.08926383,-0.01288385,-0.07895459,1.92156736,-1.04953171,-0.86841618,0,0,0,0,0
517,107500,0.09410817,-0.00611731,-0.08781052,1.92690746,-0.92567848,-0.98598692,0,0,0,0,0
518,107708,0.08090950,0.01143909,-0.09273915,1.90241520,-0.83300452,-1.08246254,0,0,0,0,0
519,107916,0.07450109,0.01058724,-0.09403487,1.90892515,-0.68921412,-1.19952963,0,0,0,0,0
520,108125,0.07750798,0.01701805,-0.09524764,1.88292886,-0.58198635,-1.27276245,0,0,0,0,0
521,108333,0.07226034,0.02307518,-0.09410999,1.84578601,-0.48499009,-1.35723426,0,0,0,0,0
522,108541,0.06102091,0.02894443,-0.11144901,1.81676596,-0.35080687,-1.46231425,0,0,0,0,0
523,108750,0.06795010,0.03945487,-0.10179138,1.76441535,-0.22308363,-1.53032813,0,0,0,0,0
524,108958,0.04746095,0.04489227,-0.10021307,1.70822877,-0.09538000,-1.60606441,0,0,0,0,0
525,109166,0.04866503,0.04885583,-0.10820792,1.63918363,0.02233362,-1.67260043,0,0,0,0,0
526,109375,0.04141086,0.06067209,-0.10098267,1.59079777,0.16127126,-1.73281271,0,0,0,0,0
527,109583,0.03923597,0.06133357,-0.10064155,1.49795966,0.28470014,-1.79510083,0,0,0,0,0
528,109791,0.03331983,0.06782048,-0.10206086,1.42253470,0.41664016,-1.82136733,0,0,0,0,0
529,110000,0.01490596,0.06490510,-0.08669280,1.35830165,0.50443404,-1.85898491,0,0,0,0,0
530,110208,0.01595953,0.07619008,-0.09435657,1.23850074,0.64336007,-1.88903195,0,0,0,0,0
531,110416,0.00900892,0.07629261,-0.09081022,1.15250264,0.76090844,-1.92285310,0,0,0,0,0
532,110625,0.00005982,0.08330481,-0.08727568,1.05347805,0.86704027,-1.90624969,0,0,0,0,0
533,110833,0.00194363,0.09492247,-0.08750649,0.96274223,0.98109451,-1.92227238,0,0,0,0,0
534,111041,-0.00491878,0.08528141,-0.08102813,0.81760245,1.09337127,-1.90487008,0,0,0,0,0
535,111250,-0.01588040,0.09214655,-0.07941579,0.72143784,1.19977236,-1.89707179,0,0,0,0,0
536,111458,-0.01936171,0.09494531,-0.07521670,0.61051209,1.29542546,-1.87343378,0,0,0,0,0
537,111666,-0.03198515,0.09568666,-0.06844777,0.46643703,1.37012142,-1.82875157,0,0,0,0,0
538,111875,-0.03967273,0.10036541,-0.06066036,0.33154629,1.46994749,-1.82257888,0,0,0,0,0
539,112083,-0.03925224,0.10434285,-0.06301681,0.20928502,1.54450999,-1.77696965,0,0,0,0,0
540,112291,-0.04367825,0.10249642,-0.05553014,0.10088351,1.61967298,-1.69638527,0,0,0,0,0
541,112500,-0.05633630,0.08981562,-0.05283807,-0.02043206,1.65593817,-1.65789085,0,0,0,0,0
542,112708,-0.05849059,0.09429163,-0.05591508,-0.15556110,1.73086868,-1.56736146,0,0,0,0,0
543,112916,-0.06618505,0.10031856,-0.04146916,-0.27791159,1.77533247,-1.50805399,0,0,0,0,0
544,113125,-0.06881168,0.09400197,-0.03087663,-0.39559903,1.83076667,-1.41918506,0,0,0,0,0
545,113333,-0.06615570,0.09232681,-0.03046929,-0.51704073,1.86265541,-1.30067791,0,0,0,0,0
546,113541,-0.08695246,0.09660814,-0.02194106,-0.61991662,1.89291727,-1.24856216,0,0,0,0,0
547,113750,-0.07748746,0.09945343,-0.01429757,-0.75427784,1.90168520,-1.13884743,0,0,0,0,0
548,113958,-0.08072121,0.08551783,-0.00315955,-0.85661865,1.92009050,-1.03577346,0,0,0,0,0
549,114166,-0.07892128,0.07674494,0.00172968,-0.98787199,1.92438498,-0.93082448,0,0,0,0,0
550,114375,-0.08918299,0.08016844,0.02030616,-1.07842725,1.90108378,-0.82821954,0,0,0,0,0
551,114583,-0.09709542,0.07923506,0.01817952,-1.18794250,1.90198790,-0.71037736,0,0,0,0,0
552,114791,-0.09335787,0.07449343,0.02084534,-1.27217954,1.86636987,-0.58795922,0,0,0,0,0
553,115000,-0.10466783,0.06397161,0.02037012,-1.36904850,1.86510638,-0.47525480,0,0,0,0,0
554,115208,-0.10157820,0.06042917,0.03042380,-1.44726653,1.82050445,-0.37034920,0,0,0,0,0
555,115416,-0.09641325,0.06720239,0.03806891,-1.54810346,1.76447655,-0.23430592,0,0,0,0,0
556,115625,-0.09811572,0.05102157,0.04453957,-1.62724757,1.71372077,-0.09133652,0,0,0,0,0
557,115833,-0.10637896,0.04779686,0.05197783,-1.66679862,1.66261525,0.03450653,0,0,0,0,0
558,116041,-0.10343330,0.04152945,0.05554611,-1.72929834,1.57671170,0.14264733,0,0,0,0,0
559,116250,-0.09583900,0.03479016,0.06623296,-1.79194993,1.51591760,0.27158773,0,0,0,0,0
560,116458,-0.08646024,0.02905527,0.06233271,-1.83696670,1.42406785,0.41548626,0,0,0,0,0
561,116666,-0.09271617,0.03143667,0.06392452,-1.86171862,1.32119006,0.52835890,0,0,0,0,0
562,116875,-0.09668971,0.01643405,0.08024821,-1.89909580,1.25121548,0.63816148,0,0,0,0,0
563,117083,-0.09352698,0.01844543,0.08532999,-1.91483638,1.15357953,0.76927080,0,0,0,0,0
564,117291,-0.09170479,0.00011267,0.09022740,-1.90621955,1.03656102,0.87701150,0,0,0,0,0
565,117500,-0.07681214,0.01163427,0.08775744,-1.90444762,0.93698715,0.96956589,0,0,0,0,0
566,117708,-0.08178700,-0.01078917,0.08824373,-1.91772961,0.84043211,1.10002228,0,0,0,0,0
567,117916,-0.08225093,-0.01539201,0.09886972,-1.91407420,0.71661442,1.18183037,0,0,0,0,0
568,118125,-0.07010832,-0.02172365,0.10137616,-1.88852153,0.58984650,1.27639294,0,0,0,0,0
569,118333,-0.06374150,-0.02687395,0.09374861,-1.84456642,0.45858827,1.38498337,0,0,0,0,0
570,118541,-0.06156559,-0.03243303,0.10093624,-1.82112150,0.37396945,1.46715235,0,0,0,0,0
571,118750,-0.04936952,-0.03505878,0.10274041,-1.77847420,0.23201103,1.53932116,0,0,0,0,0
572,118958,-0.05123662,-0.04041035,0.10416476,-1.70711887,0.10622828,1.62068840,0,0,0,0,0
573,119166,-0.04815990,-0.05081907,0.10016095,-1.63858301,-0.03456631,1.69579926,0,0,0,0,0
574,119375,-0.04411973,-0.06962856,0.10739451,-1.59668488,-0.15080816,1.74746367,0,0,0,0,0
575,119583,-0.03592125,-0.05134371,0.10323881,-1.49208588,-0.27708264,1.78942855,0,0,0,0,0
576,119791,-0.03493440,-0.07614579,0.09611169,-1.43370498,-0.40032709,1.82982515,0,0,0,0,0
577,120000,-0.01707452,-0.06973318,0.09337973,-1.32059391,-0.53862038,1.85553897,0,0,0,0,0
578,120208,-0.01255455,-0.07406745,0.09915723,-1.23529751,-0.63649111,1.88102962,0,0,0,0,0
579,120416,-0.01756647,-0.08152843,0.09078970,-1.16035873,-0.74947095,1.89816284,0,0,0,0,0
580,120625,0.00308151,-0.07867225,0.08792662,-1.03212607,-0.87043161,1.92727466,0,0,0,0,0
581,120833,0.00509559,-0.09478121,0.09236211,-0.91931387,-1.00334197,1.91391162,0,0,0,0,0
582,121041,0.01243801,-0.08694307,0.08619735,-0.82260862,-1.08565403,1.91096418,0,0,0,0,0
583,121250,0.01875799,-0.09598141,0.08161525,-0.70037297,-1.19300330,1.90036237,0,0,0,0,0
584,121458,0.02404544,-0.10033828,0.07377206,-0.58251635,-1.27578749,1.88491077,0,0,0,0,0
585,121666,0.03364267,-0.09244125,0.06937468,-0.48365379,-1.37246300,1.85215068,0,0,0,0,0
586,121875,0.03483353,-0.10295015,0.06816836,-0.34110669,-1.46455938,1.79482059,0,0,0,0,0
587,122083,0.04828764,-0.10211437,0.05454821,-0.23157598,-1.52990935,1.77005624,0,0,0,0,0
588,122291,0.04410818,-0.10590825,0.05410710,-0.10146322,-1.61904202,1.70571475,0,0,0,0,0
589,122500,0.05382669,-0.09303854,0.03726751,0.01781874,-1.67333995,1.64662915,0,0,0,0,0
590,122708,0.05649264,-0.09721884,0.04288252,0.15933444,-1.73411644,1.57578940,0,0,0,0,0
591,122916,0.06582003,-0.10378310,0.03583528,0.28389101,-1.80510642,1.50020043,0,0,0,0,0
592,123125,0.07360868,-0.10011307,0.03066655,0.38489728,-1.81929866,1.43063407,0,0,0,0,0
593,123333,0.07079113,-0.09542437,0.01990944,0.51924153,-1.87014720,1.33632403,0,0,0,0,0
594,123541,0.07628840,-0.09168218,0.01632370,0.63621622,-1.87608320,1.23751893,0,0,0,0,0
595,123750,0.07868646,-0.09586782,0.01311282,0.75414553,-1.91324614,1.14568195,0,0,0,0,0
596,123958,0.07780869,-0.08868576,0.00884235,0.87768866,-1.92358329,1.05002412,0,0,0,0,0
597,124166,0.09235542,-0.08827008,-0.00522976,0.98846716,-1.91851434,0.94624762,0,0,0,0,0
598,124375,0.08895313,-0.08224945,-0.00721199,1.10695339,-1.90743372,0.85548812,0,0,0,0,0
599,124583,0.09165751,-0.08040318,-0.01377443,1.19651713,-1.88871540,0.71525467,0,0,0,0,0
600,124791,0.09538091,-0.08040929,-0.02224941,1.28739603,-1.86372474,0.57153180,0,0,0,0,0
601,125000,0.09584641,-0.06461861,-0.02249037,1.37910364,-1.85479174,0.45478207,0,0,0,0,0
602,125208,0.09815999,-0.06202533,-0.03740250,1.45384963,-1.81199878,0.34631241,0,0,0,0,0
603,125416,0.09680779,-0.06196221,-0.04250992,1.53783543,-1.76243481,0.21769108,0,0,0,0,0
604,125624,0.09497183,-0.05107983,-0.04010460,1.59930347,-1.70707979,0.08731812,0,0,0,0,0
605,125833,0.10443241,-0.04967631,-0.05725148,1.69067726,-1.64649375,-0.01733613,0,0,0,0,0
606,126041,0.10073089,-0.04635630,-0.05773021,1.73564840,-1.59127810,-0.16603513,0,0,0,0,0
607,126250,0.09863575,-0.04595499,-0.06098009,1.78704093,-1.52596353,-0.26368855,0,0,0,0,0
608,126458,0.08506367,-0.03365706,-0.06093592,1.81511923,-1.43770903,-0.40218907,0,0,0,0,0
609,126666,0.09408299,-0.01557336,-0.07609327,1.85494673,-1.31881628,-0.51713559,0,0,0,0,0
610,126874,0.09667695,-0.01885271,-0.07028492,1.88211682,-1.25285705,-0.64071856,0,0,0,0,0
611,127083,0.09737079,-0.00764401,-0.07894731,1.90515450,-1.13998346,-0.75734269,0,0,0,0,0
612,127291,0.08702976,-0.00583173,-0.08151234,1.91382649,-1.04360016,-0.85738583,0,0,0,0,0
613,127500,0.07524935,0.00434975,-0.10515186,1.92690405,-0.95731946,-0.99348777,0,0,0,0,0
614,127708,0.07802341,0.01142221,-0.09301403,1.90418437,-0.84679767,-1.08279296,0,0,0,0,0
615,127916,0.07616445,0.01358128,-0.08299284,1.90023664,-0.70626207,-1.18376701,0,0,0,0,0
616,128124,0.07699135,0.02148156,-0.09528277,1.87538432,-0.58291024,-1.28574071,0,0,0,0,0
617,128333,0.07081092,0.02612720,-0.10010320,1.85136909,-0.47145561,-1.37228005,0,0,0,0,0
618,128541,0.06027976,0.03408902,-0.09575354,1.82428342,-0.34139795,-1.46112227,0,0,0,0,0
619,128750,0.05922607,0.05036050,-0.10153946,1.77922108,-0.21589512,-1.55091739,0,0,0,0,0
620,128958,0.05082469,0.04783642,-0.10885642,1.70344928,-0.11893171,-1.61858369,0,0,0,0,0
621,129166,0.04852672,0.04617212,-0.09731927,1.64660489,0.04670778,-1.68082208,0,0,0,0,0
622,129374,0.04863456,0.05443625,-0.10496874,1.58913841,0.14871698,-1.74623941,0,0,0,0,0
623,129583,0.03300435,0.05944781,-0.10060729,1.51499114,0.28414770,-1.78188328,0,0,0,0,0
624,129791,0.02607938,0.06324328,-0.09310617,1.43740299,0.40514018,-1.81547301,0,0,0,0,0
625,130000,0.01505492,0.07046457,-0.09662164,1.33593849,0.50307438,-1.86386785,1,0,1,0,0
626,130208,0.01671367,0.07583826,-0.09208562,1.25185475,0.63910736,-1.88595384,1,0,1,0,0
627,130416,0.00990435,0.08948112,-0.10443148,1.16397485,0.76539143,-1.91071434,1,0,1,0,0
628,130624,-0.00328081,0.08815714,-0.07594129,1.04351773,0.87165858,-1.91363522,1,0,1,0,0
629,130833,0.00050025,0.08582451,-0.08986448,0.93010431,1.00215452,-1.93265361,1,0,1,0,0
630,131041,-0.00014286,0.08888054,-0.07437478,0.83337205,1.11136881,-1.92305649,1,0,1,0,0
631,131250,-0.01599505,0.09979969,-0.07409506,0.70199035,1.20112890,-1.89187742,1,0,1,0,0
632,131458,-0.01802552,0.09393631,-0.07399829,0.59033074,1.27503425,-1.91105330,1,0,1,0,0
633,131666,-0.02669790,0.10524247,-0.07155815,0.45531123,1.38882929,-1.84879971,1,0,1,0,0
634,131875,-0.03316131,0.10223730,-0.06032193,0.36270326,1.44667442,-1.80411582,1,0,1,0,0
635,132083,-0.04077361,0.10963193,-0.05479048,0.23678767,1.53271135,-1.74925986,1,0,1,0,0
636,132291,-0.04504031,0.11222554,-0.04808204,0.10477920,1.61597943,-1.70856515,1,0,1,0,0
637,132500,-0.05605769,0.09661848,-0.05268741,-0.03477133,1.69136824,-1.65218226,1,0,1,0,0
638,132708,-0.05399595,0.10350535,-0.04582371,-0.14796827,1.74243812,-1.55453576,1,0,1,0,0
639,132916,-0.05941482,0.09918322,-0.03223675,-0.28392306,1.77794102,-1.52339864,1,0,1,0,0
640,133125,-0.06699718,0.10274484,-0.02240426,-0.39563192,1.82567846,-1.41436584,1,0,1,0,0
641,133333,-0.06682493,0.09163625,-0.02863692,-0.51565853,1.87484188,-1.37185460,1,0,1,0,0
642,133541,-0.08155461,0.09592891,-0.00792453,-0.66386797,1.87288871,-1.25212063,1,0,1,0,0
643,133750,-0.07200601,0.09030106,-0.01630116,-0.76849081,1.89819634,-1.13853609,1,0,1,0,0
644,133958,-0.08430920,0.08644044,-0.01486257,-0.89726143,1.92232859,-1.04040922,1,0,1,0,0
645,134166,-0.07819698,0.09166485,0.00035445,-0.97319975,1.91896784,-0.92350125,1,0,1,0,0
646,134375,-0.09313212,0.07493915,0.00781813,-1.08397777,1.92428832,-0.83268499,1,0,1,0,0
647,134583,-0.09436693,0.08392860,0.01162806,-1.20937969,1.90593411,-0.69979948,1,0,1,0,0
648,134791,-0.10801444,0.06896965,0.01987994,-1.29248923,1.87634509,-0.57799870,1,0,1,0,0
649,135000,-0.10301888,0.07236653,0.02865746,-1.37497544,1.84121052,-0.48810983,1,0,1,0,0
650,135208,-0.10521272,0.06853891,0.02786583,-1.47603641,1.82165156,-0.35520773,1,0,1,0,0
651,135416,-0.09914524,0.06530501,0.05092745,-1.54010825,1.73349250,-0.23343267,1,0,1,0,0
652,135625,-0.10060262,0.05238220,0.04813663,-1.61539161,1.69151857,-0.09904338,1,0,1,0,0
653,135833,-0.10804027,0.04461697,0.04758580,-1.67723392,1.65252228,0.02865900,1,0,1,0,0
654,136041,-0.09880347,0.03971299,0.04520806,-1.74073562,1.59292064,0.15767758,1,0,1,0,0
655,136250,-0.10312617,0.02470161,0.05670342,-1.78294483,1.51848797,0.28366665,1,0,1,0,0
656,136458,-0.10100310,0.02839452,0.06545265,-1.81088066,1.42840817,0.39749790,1,0,1,0,0
657,136666,-0.09036008,0.01851953,0.07293087,-1.85624803,1.33194467,0.50858671,1,0,1,0,0
658,136875,-0.09620340,0.02190518,0.07530203,-1.88798778,1.24589035,0.62683779,1,0,1,0,0
659,137083,-0.09019748,0.00879645,0.08165748,-1.91401467,1.15419349,0.77425702,1,0,1,0,0
660,137291,-0.09097146,0.00859838,0.08255841,-1.90529440,1.02896083,0.87194770,1,0,1,0,0
661,137500,-0.08390428,-0.00582994,0.07959095,-1.90714503,0.95524034,0.98511310,1,0,1,0,0
662,137708,-0.09278685,-0.01034352,0.09315313,-1.93730390,0.80038444,1.08846132,1,0,1,0,0
663,137916,-0.07782893,-0.01589742,0.10176292,-1.88124082,0.72146078,1.17997681,1,0,1,0,0
664,138125,-0.07992609,-0.02450000,0.10036173,-1.87117716,0.58447214,1.28240374,1,0,1,0,0
665,138333,-0.07454062,-0.02075775,0.09830892,-1.84377429,0.45939921,1.38212709,1,0,1,0,0
666,138541,-0.05674753,-0.03515762,0.10102433,-1.79700309,0.34696582,1.46079447,1,0,1,0,0
667,138750,-0.05835129,-0.04037888,0.09776140,-1.76040607,0.21650230,1.53324363,1,0,1,0,0
668,138958,-0.06319319,-0.04002785,0.09198095,-1.71162082,0.08734108,1.62209067,1,0,1,0,0
669,139166,-0.05210808,-0.05514099,0.10504263,-1.65624799,-0.04390384,1.66802526,1,0,1,0,0
670,139375,-0.04241854,-0.04905823,0.09714582,-1.58700755,-0.14949413,1.73517885,1,0,1,0,0
671,139583,-0.03763188,-0.05948326,0.09891791,-1.52094027,-0.27171010,1.77765660,1,0,1,0,0
672,139791,-0.02962836,-0.07228883,0.09594476,-1.42857464,-0.39902810,1.82505324,1,0,1,0,0
673,140000,-0.02591559,-0.07044392,0.09335409,-1.33638867,-0.53071658,1.86604036,1,0,1,1,0
674,140208,-0.00699422,-0.07844769,0.10441302,-1.24854457,-0.64449331,1.89608352,1,0,1,1,0
675,140416,-0.01635288,-0.08458231,0.09167197,-1.14824532,-0.76495081,1.91426930,1,0,1,1,0
676,140625,-0.00373474,-0.08316470,0.09387032,-1.03916787,-0.87872557,1.92615730,1,0,1,1,0
677,140833,0.00478305,-0.08577317,0.07783445,-0.93075722,-0.97777114,1.90979839,1,0,1,1,0
678,141041,0.00985329,-0.08164995,0.07842522,-0.83287715,-1.08362949,1.92878133,1,0,1,1,0
679,141250,0.01439332,-0.08767236,0.08182967,-0.71754967,-1.18305264,1.91259685,1,0,1,1,0
680,141458,0.02070880,-0.08993264,0.07206779,-0.59708829,-1.27735399,1.87128141,1,0,1,1,0
681,141666,0.03020062,-0.10109784,0.07890968,-0.47137279,-1.36184128,1.84544857,1,0,1,1,0
682,141875,0.03109182,-0.09652226,0.06829689,-0.33869708,-1.44725016,1.81178152,1,0,1,1,0
683,142083,0.04068809,-0.09594949,0.05134150,-0.22573326,-1.53990117,1.75151830,1,0,1,1,0
684,142291,0.04903082,-0.10041325,0.05314187,-0.09680473,-1.62601756,1.69893274,1,0,1,1,0
685,142500,0.05436609,-0.10283929,0.05528369,0.01465331,-1.66137980,1.65207128,1,0,1,1,0
686,142708,0.05268628,-0.10048229,0.03604027,0.16017513,-1.73029963,1.58763747,1,0,1,1,0
687,142916,0.06096873,-0.10303675,0.03279562,0.27607673,-1.78605853,1.50252833,1,0,1,1,0
688,143125,0.05913128,-0.09461384,0.02884751,0.38624987,-1.82646755,1.41325103,1,0,1,1,0
689,143333,0.07376303,-0.09593052,0.03015694,0.53488241,-1.84790938,1.33578344,1,0,1,1,0
690,143541,0.07312182,-0.08787779,0.01394301,0.63274406,-1.89778753,1.24273659,1,0,1,1,0
691,143750,0.07980555,-0.09533430,0.02484933,0.76527755,-1.90047596,1.15673031,1,0,1,1,0
692,143958,0.08469834,-0.09071714,0.00932707,0.87389780,-1.91947579,1.03920260,1,0,1,1,0
693,144166,0.09171519,-0.08935559,0.00076310,0.99446160,-1.91869634,0.93886354,1,0,1,1,0
694,144375,0.09116616,-0.07266688,-0.00955490,1.08962420,-1.91377876,0.81456014,1,0,1,1,0
695,144583,0.09585412,-0.07114261,-0.01218666,1.18475981,-1.89573559,0.71798411,1,0,1,1,0
696,144791,0.08389635,-0.07950667,-0.01305350,1.29411048,-1.89621394,0.58338406,1,0,1,1,0
697,145000,0.09745961,-0.07870354,-0.02121348,1.37605636,-1.85582966,0.48130150,1,0,1,1,0
698,145208,0.10052776,-0.07203593,-0.04089219,1.48623011,-1.82221017,0.35668612,1,0,1,1,0
699,145416,0.09748880,-0.05908885,-0.03912524,1.53555510,-1.75164287,0.23815996,1,0,1,1,0
700,145625,0.10029593,-0.05407608,-0.04595520,1.61387281,-1.71535747,0.10030069,1,0,1,1,0
701,145833,0.09655221,-0.04386510,-0.05804185,1.67077482,-1.65420960,-0.02281633,1,0,1,1,0
702,146041,0.10366322,-0.04005956,-0.06026917,1.74343044,-1.58779307,-0.15748044,1,0,1,1,0
703,146250,0.09836960,-0.04715607,-0.06232367,1.79326134,-1.50192916,-0.28128567,1,0,1,1,0
704,146458,0.09951779,-0.02870705,-0.07078945,1.82870935,-1.42996861,-0.40495761,1,0,1,1,0
705,146666,0.09795168,-0.02278906,-0.07554394,1.84681465,-1.32080297,-0.53067735,1,0,1,1,0
706,146875,0.09800466,-0.02334546,-0.07891317,1.88747697,-1.22434511,-0.63757230,1,0,1,1,0
707,147083,0.09341272,-0.00817037,-0.07592074,1.90527570,-1.14254995,-0.75937244,1,0,1,1,0
708,147291,0.08676327,-0.00797622,-0.08347472,1.91498756,-1.03513326,-0.87545489,1,0,1,1,0
709,147500,0.09162382,-0.00703631,-0.08200285,1.92589879,-0.92395544,-0.99352547,1,0,1,1,0
710,147708,0.08394611,0.01078043,-0.08488169,1.92269055,-0.83038629,-1.08587191,1,0,1,1,0
711,147916,0.08345779,0.01129622,-0.08304722,1.90172094,-0.70913529,-1.20936549,1,0,1,1,0
712,148125,0.06759517,0.02024940,-0.08869545,1.87464782,-0.59562169,-1.27532688,1,0,1,1,0
713,148333,0.06653516,0.02453518,-0.08982741,1.84734437,-0.46995565,-1.38009407,1,0,1,1,0
714,148541,0.06766091,0.02437594,-0.09620965,1.78900087,-0.35821329,-1.45972595,1,0,1,1,0
715,148750,0.05923579,0.03757873,-0.09718795,1.76284471,-0.20749083,-1.54015581,1,0,1,1,0
716,148958,0.04364105,0.05232290,-0.10121127,1.70243412,-0.09227244,-1.61431488,1,0,1,1,0
717,149166,0.04509196,0.05707033,-0.09893764,1.64066137,0.02666957,-1.66414443,1,0,1,1,0
718,149375,0.04350345,0.05416001,-0.10560969,1.58117427,0.17206134,-1.72887473,1,0,1,1,0
719,149583,0.03969623,0.06190257,-0.10290343,1.50301877,0.27498213,-1.78924950,1,0,1,1,0
720,149791,0.03242974,0.06998252,-0.10107301,1.42845801,0.39763590,-1.80614186,1,0,1,1,0
721,150000,0.01946616,0.07280912,-0.09647404,1.33352493,0.51711284,-1.85643777,1,0,1,1,0
722,150208,0.01617948,0.07416919,-0.08722647,1.24444202,0.63252803,-1.90377449,1,0,1,1,0
723,150416,0.00770825,0.08436913,-0.10235798,1.14016519,0.77297869,-1.92655532,1,0,1,1,0
724,150625,0.00781945,0.09242346,-0.09017121,1.04651774,0.88106462,-1.93324952,1,0,1,1,0
725,150833,0.00107126,0.08706555,-0.09077459,0.94692296,0.98006206,-1.91759677,1,0,1,1,0
726,151041,-0.02178809,0.09277556,-0.08458707,0.82521599,1.09337621,-1.91177769,1,0,1,1,0
727,151250,-0.01579714,0.09715365,-0.08512549,0.71065941,1.19904131,-1.89471860,1,0,1,1,0
728,151458,-0.02261292,0.10352869,-0.07654129,0.57101961,1.28651247,-1.87598849,1,0,1,1,0
729,151666,-0.03811019,0.10452211,-0.07272445,0.47689900,1.39137436,-1.84006733,1,0,1,1,0
730,151875,-0.03613182,0.10178848,-0.06828708,0.35142357,1.47866688,-1.80457567,1,0,1,1,0
731,152083,-0.03026793,0.10605856,-0.06478823,0.22766059,1.53247595,-1.76955500,1,0,1,1,0
732,152291,-0.05150998,0.10446945,-0.04866385,0.11637678,1.61235606,-1.70687964,1,0,1,1,0
733,152500,-0.05086675,0.10084237,-0.04117708,-0.04235783,1.67420867,-1.65831469,1,0,1,1,0
734,152708,-0.05558064,0.10321744,-0.03444561,-0.16325319,1.73200043,-1.58042990,1,0,1,1,0
735,152916,-0.05803055,0.09831328,-0.03522247,-0.28634391,1.79988681,-1.50255423,1,0,1,1,0
736,153125,-0.06752501,0.08823608,-0.02768651,-0.40543397,1.83348391,-1.42155908,1,0,1,1,0
737,153333,-0.07120368,0.09649159,-0.03014286,-0.51718783,1.85417988,-1.33612072,1,0,1,1,0
738,153541,-0.07624488,0.09072445,-0.01368758,-0.62218323,1.89700692,-1.24284707,1,0,1,1,0
739,153750,-0.08973072,0.09242637,-0.00089990,-0.75605649,1.91428495,-1.14330465,1,0,1,1,0
740,153958,-0.08686419,0.08125638,-0.00784779,-0.86023394,1.89542496,-1.05590386,1,0,1,1,0
741,154166,-0.07985357,0.07496111,-0.00187287,-0.98757635,1.93480630,-0.93053415,1,0,1,1,0
742,154375,-0.10039101,0.07889803,0.01304897,-1.08944645,1.92042361,-0.82477246,1,0,1,1,0
743,154583,-0.08637250,0.06853016,0.01352779,-1.19743674,1.89239711,-0.71271647,1,0,1,1,0
744,154791,-0.10172332,0.06695886,0.02105965,-1.27047771,1.87856473,-0.57192191,1,0,1,1,0
745,155000,-0.08701693,0.07092618,0.03169026,-1.37746214,1.85252578,-0.46205832,1,0,1,1,0
746,155208,-0.10374156,0.06804090,0.04154940,-1.45544037,1.79840527,-0.34971081,1,0,1,1,0
747,155416,-0.10341224,0.06402608,0.03661167,-1.53754071,1.77567608,-0.24626358,1,0,1,1,0
748,155625,-0.10257686,0.05625913,0.05718574,-1.61747032,1.71981668,-0.10139095,1,0,1,1,0
749,155833,-0.08954471,0.04545987,0.05808864,-1.68302686,1.64148831,0.02012809,1,0,1,1,0
750,156041,-0.10787950,0.04942339,0.04880955,-1.72455852,1.57833691,0.17009047,1,0,1,1,0
751,156250,-0.09660223,0.03350861,0.06217310,-1.76734346,1.50480941,0.28552881,1,0,1,1,0
752,156458,-0.10045776,0.03522291,0.07444776,-1.82756883,1.43161364,0.38742672,1,0,1,1,0
753,156666,-0.09316973,0.02325634,0.08163702,-1.84367286,1.32979828,0.53168246,1,0,1,1,0
754,156875,-0.09879255,0.01675012,0.07594593,-1.89973449,1.27133886,0.63339365,1,0,1,1,0
755,157083,-0.08974769,0.00732573,0.07982263,-1.90979398,1.13989449,0.76120918,1,0,1,1,0
756,157291,-0.09095835,0.00448597,0.07705783,-1.90933737,1.03249135,0.88950716,1,0,1,1,0
757,157500,-0.08468533,0.00899459,0.08964930,-1.91037070,0.92186026,0.97264026,1,0,1,1,0
758,157708,-0.07694092,-0.00603470,0.09414113,-1.90673664,0.81125036,1.07914666,1,0,1,1,0
759,157916,-0.07541719,-0.01285959,0.09045057,-1.90429222,0.71352639,1.17548353,1,0,1,1,0
760,158125,-0.07311865,-0.01932479,0.09120271,-1.87367229,0.58075651,1.31437698,1,0,1,1,0
761,158333,-0.06567634,-0.01970172,0.08901041,-1.83948205,0.48407958,1.37968133,1,0,1,1,0
762,158541,-0.06254580,-0.03812888,0.09628892,-1.81841559,0.34685075,1.46939206,1,0,1,1,0
763,158750,-0.05593803,-0.03577354,0.09871096,-1.77712731,0.22013260,1.51994634,1,0,1,1,0
764,158958,-0.04710834,-0.04478067,0.10067866,-1.70513287,0.08809512,1.63418438,1,0,1,1,0
765,159166,-0.04418933,-0.05780668,0.10856684,-1.64549112,-0.02360427,1.68560889,1,0,1,1,0
766,159375,-0.03890267,-0.05238841,0.09900464,-1.59794284,-0.14934210,1.74203565,1,0,1,1,0
767,159583,-0.03570641,-0.05567295,0.10192150,-1.48523702,-0.26759168,1.77539670,1,0,1,1,0
768,159791,-0.03720310,-0.06408337,0.10111463,-1.41942722,-0.42647257,1.82751645,1,0,1,1,0
769,160000,-0.02720137,-0.07298812,0.09774240,-1.33872312,-0.53246167,1.84242989,1,0,1,1,0
770,160208,-0.02265460,-0.08398663,0.09174976,-1.24103317,-0.65039605,1.88565499,1,0,1,1,0
771,160416,-0.00526650,-0.08030521,0.08217290,-1.12215552,-0.76294132,1.90565788,1,0,1,1,0
772,160625,-0.00374634,-0.08313564,0.09641106,-1.04605120,-0.88440965,1.90418904,1,0,1,1,0
773,160833,-0.00156700,-0.09598555,0.07682863,-0.91754736,-0.98618339,1.91462225,1,0,1,1,0
774,161041,0.00572548,-0.09134419,0.07696082,-0.82111420,-1.08395145,1.91323054,1,0,1,1,0
775,161250,0.01546403,-0.08891192,0.08224474,-0.72715517,-1.17063671,1.89653429,1,0,1,1,0
776,161458,0.01947352,-0.09345337,0.06901007,-0.59193809,-1.29650666,1.88592911,1,0,1,1,0
777,161666,0.02086775,-0.09923365,0.07734364,-0.46711746,-1.37818870,1.85472113,1,0,1,1,0
778,161875,0.03433899,-0.10489600,0.06363317,-0.34571746,-1.47205379,1.81295815,1,0,1,1,0
779,162083,0.04571966,-0.09392421,0.05926362,-0.23708371,-1.53760313,1.78223244,1,0,1,1,0
780,162291,0.04881574,-0.10248442,0.05353695,-0.08636959,-1.63100102,1.70891059,1,0,1,1,0
781,162500,0.05589968,-0.09858467,0.04830967,0.01742036,-1.67832801,1.64429207,1,0,1,1,0
782,162708,0.05442440,-0.10371526,0.04295275,0.15171174,-1.74254853,1.57195034,1,0,1,1,0
783,162916,0.06763011,-0.09195639,0.03978997,0.26919997,-1.78911109,1.51523892,1,0,1,1,0
784,163125,0.07287845,-0.09375990,0.02865694,0.41345728,-1.81760811,1.42078020,1,0,1,1,0
785,163333,0.06832072,-0.09366639,0.02134037,0.51301670,-1.86286667,1.33205005,1,0,1,1,0
786,163541,0.07243787,-0.09004107,0.01293346,0.63030153,-1.88666613,1.24148930,1,0,1,1,0
787,163750,0.07749498,-0.09440559,0.01335192,0.76624037,-1.90896155,1.16193190,1,0,1,1,0
788,163958,0.08582692,-0.09019959,0.00957782,0.88798564,-1.92141018,1.04528133,1,0,1,1,0
789,164166,0.08226630,-0.08627640,0.01110573,0.98898104,-1.92862773,0.93026078,1,0,1,1,0
790,164375,0.08869812,-0.09042020,-0.00246661,1.06942069,-1.93638248,0.82466759,1,0,1,1,0
791,164583,0.09535349,-0.07986900,-0.01339060,1.18176245,-1.88080819,0.71941900,1,0,1,1,0
792,164791,0.10542221,-0.06891982,-0.02413585,1.28114577,-1.88619356,0.58018863,1,0,1,1,0
793,165000,0.09484069,-0.06188720,-0.03797971,1.36787966,-1.86102476,0.47957072,1,0,1,1,0
794,165208,0.09285168,-0.05839201,-0.03068184,1.46369097,-1.81591848,0.34603371,1,0,1,1,0
795,165416,0.10017249,-0.05768086,-0.04026713,1.53646442,-1.74774658,0.21024200,1,0,1,1,0
796,165625,0.09885113,-0.05321991,-0.04420895,1.61133416,-1.69228283,0.10429780,1,0,1,1,0
797,165833,0.09439681,-0.04851231,-0.03860493,1.68455879,-1.63607082,-0.05003644,1,0,1,1,0
798,166041,0.09893543,-0.04311698,-0.05456064,1.73291597,-1.59350940,-0.13576911,1,0,1,1,0
799,166250,0.09906618,-0.04383079,-0.05865142,1.78757611,-1.51359632,-0.27064506,1,0,1,1,0
800,166458,0.10044086,-0.02392017,-0.06398568,1.82567970,-1.41995356,-0.39363852,1,0,1,1,0
801,166666,0.09187270,-0.02655817,-0.07146127,1.86369230,-1.33895940,-0.51997719,1,0,1,1,0
802,166875,0.10209134,-0.02322054,-0.07015731,1.87163274,-1.24392418,-0.62968463,1,0,1,1,0
803,167083,0.08698124,-0.01061172,-0.07433870,1.90437557,-1.14319005,-0.76820865,1,0,1,1,0
804,167291,0.09371395,-0.00770767,-0.07451805,1.92250047,-1.03775301,-0.86081887,1,0,1,1,0
805,167500,0.08566894,-0.00295365,-0.09088694,1.94235244,-0.94221156,-0.98132445,1,0,1,1,0
806,167708,0.08766757,0.01197380,-0.08666481,1.92953587,-0.82764294,-1.08115040,1,0,1,1,0
807,167916,0.08398273,0.00326426,-0.09956675,1.89231018,-0.68929091,-1.19692475,1,0,1,1,0
808,168125,0.06943826,0.01616056,-0.10570779,1.91480676,-0.59433496,-1.28754002,1,0,1,1,0
809,168333,0.07063031,0.02503831,-0.10061063,1.85215101,-0.48365428,-1.35827135,1,0,1,1,0
810,168541,0.07126784,0.03958443,-0.09650647,1.81324810,-0.35627197,-1.45851494,1,0,1,1,0
811,168750,0.06222290,0.04398622,-0.08920255,1.75686461,-0.23034662,-1.55402520,1,0,1,1,0
812,168958,0.05230509,0.04648373,-0.09864342,1.70476304,-0.11115062,-1.59826305,1,0,1,1,0
813,169166,0.04833070,0.05258981,-0.10004287,1.63130022,0.01124117,-1.67426277,1,0,1,1,0
814,169375,0.03741520,0.05625968,-0.10090046,1.57897464,0.15171812,-1.73557717,1,0,1,1,0
815,169583,0.03403475,0.06565107,-0.09369529,1.50221595,0.27687182,-1.78278996,1,0,1,1,0
816,169791,0.03638248,0.06409833,-0.08704755,1.42067589,0.39725334,-1.82016367,1,0,1,1,0
817,170000,0.02373877,0.06973444,-0.09906153,1.31904277,0.51919444,-1.86719915,1,0,1,1,0
818,170208,0.02311956,0.08007337,-0.09659907,1.21779781,0.63974604,-1.87134306,1,0,1,1,0
819,170416,0.01683427,0.08080804,-0.09032465,1.15778825,0.75542952,-1.92546055,1,0,1,1,0
820,170625,0.00647326,0.08758821,-0.08434047,1.04565114,0.86786137,-1.94034099,1,0,1,1,0
821,170833,-0.00046480,0.09027361,-0.08077828,0.93895154,0.98684682,-1.92381281,1,0,1,1,0
822,171041,-0.00749561,0.08640992,-0.08330109,0.81321309,1.08017978,-1.91206064,1,0,1,1,0
823,171250,-0.01137327,0.08733979,-0.08305844,0.69661701,1.19875390,-1.90694905,1,0,1,1,0
824,171458,-0.02915670,0.10536033,-0.08000784,0.58864301,1.28734405,-1.87748785,1,0,1,1,0
825,171666,-0.02832877,0.09703886,-0.06626445,0.46693684,1.36913508,-1.86563553,1,0,1,1,0
826,171875,-0.03163371,0.09385159,-0.07076857,0.35058809,1.45535588,-1.80687171,1,0,1,1,0
827,172083,-0.04852751,0.10480193,-0.05661001,0.21970097,1.55892469,-1.76196041,1,0,1,1,0
828,172291,-0.04564171,0.09435507,-0.05128489,0.09712113,1.60155710,-1.71831804,1,0,1,1,0
829,172500,-0.05225869,0.10542337,-0.04675265,-0.04369235,1.68041905,-1.66534522,1,0,1,1,0
830,172708,-0.05578056,0.09444028,-0.04033557,-0.14683179,1.73414774,-1.56869482,1,0,1,1,0
831,172916,-0.06346688,0.09197700,-0.03961504,-0.28411472,1.79129236,-1.49481645,1,0,1,1,0
832,173125,-0.07197903,0.10356167,-0.03485191,-0.39624487,1.84215241,-1.42598672,1,0,1,1,0
833,173333,-0.07594207,0.09456453,-0.02892663,-0.51297940,1.84342082,-1.33704043,1,0,1,1,0
834,173541,-0.08404482,0.09207051,-0.02087933,-0.64772714,1.87477642,-1.23743349,1,0,1,1,0
835,173750,-0.07458291,0.09409260,-0.02084893,-0.75938436,1.89358801,-1.14470809,1,0,1,1,0
836,173958,-0.08536835,0.08920383,-0.01104123,-0.88361874,1.92009823,-1.06632860,1,0,1,1,0
837,174166,-0.08621954,0.09307979,0.00060428,-0.99248801,1.91586830,-0.93742625,1,0,1,1,0
838,174375,-0.09444222,0.07625220,0.01160888,-1.06863356,1.92159557,-0.83290455,1,0,1,1,0
839,174583,-0.09791459,0.07290890,0.01619448,-1.19322026,1.87849518,-0.71588581,1,0,1,1,0
840,174791,-0.09774979,0.07591074,0.01791868,-1.29939365,1.88751387,-0.59557115,1,0,1,1,0
841,175000,-0.09683750,0.05974594,0.02170055,-1.37288863,1.84781114,-0.46503282,1,0,1,1,0
842,175208,-0.10298061,0.06420806,0.02374893,-1.44684341,1.78645723,-0.35049517,1,0,1,1,0
843,175416,-0.09454628,0.05510914,0.04372441,-1.53295199,1.75948400,-0.21799724,1,0,1,1,0
844,175625,-0.09343428,0.05084842,0.03698314,-1.61496067,1.69075273,-0.10762323,1,0,1,1,0
845,175833,-0.09602441,0.04306708,0.05204170,-1.68569921,1.66640533,0.02132148,1,0,1,1,0
846,176041,-0.10667794,0.03728994,0.05659998,-1.73958672,1.57316455,0.14506587,1,0,1,1,0
847,176250,-0.09198153,0.03589376,0.05180455,-1.79236841,1.51214710,0.28693423,1,0,1,1,0
848,176458,-0.10653245,0.03259342,0.07166681,-1.82041430,1.41689417,0.39719115,1,0,1,1,0
849,176666,-0.09635140,0.02832515,0.07650254,-1.85902169,1.36073144,0.51590545,1,0,1,1,0
850,176875,-0.08771339,0.01936338,0.07848754,-1.89598832,1.25500087,0.65012971,1,0,1,1,0
851,177083,-0.09160773,0.00922412,0.07544196,-1.90049686,1.14452136,0.76558323,1,0,1,1,0
852,177291,-0.08654641,0.00117842,0.08360458,-1.91297006,1.04997970,0.87693915,1,0,1,1,0
853,177500,-0.08988749,0.01230830,0.08744674,-1.91339478,0.92863741,0.97879962,1,0,1,1,0
854,177708,-0.08700902,-0.00992226,0.10110831,-1.92497129,0.83342009,1.08450299,1,0,1,1,0
855,177916,-0.08235401,-0.01861311,0.09527049,-1.89937167,0.71279676,1.21015903,1,0,1,1,0
856,178125,-0.07235017,-0.03276924,0.08682077,-1.88348219,0.60053792,1.28099538,1,0,1,1,0
857,178333,-0.07427443,-0.03116005,0.10432315,-1.84330798,0.48719236,1.37912382,1,0,1,1,0
858,178541,-0.07035443,-0.03935920,0.10269999,-1.79679145,0.34125921,1.45453032,1,0,1,1,0
859,178750,-0.05764711,-0.03832731,0.10055543,-1.76583787,0.22841075,1.53465175,1,0,1,1,0
860,178958,-0.05396661,-0.04478105,0.09457800,-1.70293856,0.09997361,1.60879629,1,0,1,1,0
861,179166,-0.04975736,-0.05101623,0.10545376,-1.64595942,-0.00952273,1.67766782,1,0,1,1,0
862,179375,-0.04818906,-0.05464701,0.09632756,-1.58528952,-0.14669700,1.75443467,1,0,1,1,0
863,179583,-0.04281186,-0.05712556,0.10614906,-1.50995859,-0.26676487,1.79755105,1,0,1,1,0
864,179791,-0.02326050,-0.06142589,0.10465913,-1.43347100,-0.38773088,1.83388356,1,0,1,1,0
865,180000,-0.01906301,-0.07344840,0.09966294,-1.34856325,-0.52829603,1.86850837,1,0,1,1,0
866,180208,-0.01513126,-0.06329580,0.10467346,-1.23386215,-0.63889809,1.87478723,1,0,1,1,0
867,180416,-0.00258128,-0.07819813,0.09924519,-1.14804595,-0.76232492,1.87948123,1,0,1,1,0
868,180625,-0.01290836,-0.08325272,0.09194050,-1.04978193,-0.88965427,1.93200992,1,0,1,1,0
869,180833,0.00335897,-0.08871412,0.09124704,-0.93992492,-0.97926843,1.91786295,1,0,1,1,0
870,181041,0.01210422,-0.08626970,0.08438147,-0.81861758,-1.09335278,1.90888494,1,0,1,1,0
871,181250,0.00467118,-0.09776668,0.07897494,-0.70520853,-1.18061750,1.90825145,1,0,1,1,0
872,181458,0.01562130,-0.09575466,0.08101970,-0.59092811,-1.27776495,1.86781866,1,0,1,1,0
873,181666,0.02819025,-0.09992395,0.07227777,-0.47134525,-1.36449880,1.85179907,1,0,1,1,0
874,181875,0.03514294,-0.11024067,0.05593873,-0.34505302,-1.45531783,1.81710597,1,0,1,1,0
875,182083,0.03901185,-0.10912888,0.07349134,-0.24221915,-1.53923798,1.74581281,1,0,1,1,0
876,182291,0.05422948,-0.10359258,0.06104889,-0.09073850,-1.60546542,1.71199328,1,0,1,1,0
877,182500,0.05332291,-0.10068828,0.05538096,0.02461603,-1.67156237,1.64567851,1,0,1,1,0
878,182708,0.06212434,-0.09543786,0.03610369,0.16693703,-1.73519917,1.57910249,1,0,1,1,0
879,182916,0.05556406,-0.10326385,0.04170462,0.27988428,-1.78249685,1.49425120,1,0,1,1,0
880,183125,0.07292349,-0.09825144,0.02372760,0.40267166,-1.81876333,1.42868178,1,0,1,1,0
881,183333,0.07809451,-0.10212359,0.02110652,0.51774374,-1.86220524,1.33127492,1,0,1,1,0
882,183541,0.07789914,-0.09375470,0.01767246,0.64240710,-1.89397772,1.22759218,1,0,1,1,0
883,183750,0.08524891,-0.10008399,0.00715171,0.75942123,-1.90195476,1.14773712,1,0,1,1,0
884,183958,0.08296603,-0.09464589,-0.00449207,0.87730101,-1.90379344,1.02363016,1,0,1,1,0
885,184166,0.08875208,-0.08559202,0.00446082,0.98020163,-1.92198588,0.93260836,1,0,1,1,0
886,184375,0.09712279,-0.09202460,-0.00889544,1.09269644,-1.92333918,0.82563802,1,0,1,1,0
887,184583,0.09272526,-0.08219546,-0.00893392,1.19903549,-1.92003681,0.70305642,1,0,1,1,0
888,184791,0.10239060,-0.07950659,-0.02801904,1.28635590,-1.85898005,0.59352617,1,0,1,1,0
889,185000,0.09711574,-0.07354717,-0.03750161,1.37675343,-1.85138820,0.48082852,1,0,1,1,0
890,185208,0.10256815,-0.06249001,-0.03503885,1.46983319,-1.81562425,0.36091397,1,0,1,1,0
891,185416,0.08358255,-0.06038248,-0.03670993,1.55543442,-1.76707293,0.22092060,1,0,1,1,0
892,185625,0.10629561,-0.05874929,-0.04915598,1.62432713,-1.72255777,0.08691259,1,0,1,1,0
893,185833,0.09392627,-0.05016392,-0.05523333,1.67022221,-1.64998043,-0.02263127,1,0,1,1,0
894,186041,0.09655250,-0.03490675,-0.06367919,1.74363459,-1.58606316,-0.15354231,1,0,1,1,0
895,186250,0.09994096,-0.04816093,-0.06524896,1.77957071,-1.51010270,-0.28273450,1,0,1,1,0
896,186458,0.09853279,-0.03218779,-0.06865502,1.83245716,-1.42575721,-0.41351890,1,0,1,1,0
897,186666,0.10212680,-0.02741560,-0.06730088,1.86940283,-1.34161831,-0.52870397,1,0,1,1,0
898,186875,0.10074142,-0.01327764,-0.06779929,1.88953558,-1.24302234,-0.65209388,1,0,1,1,0
899,187083,0.09800235,-0.00839564,-0.06708059,1.89939472,-1.13129169,-0.77046620,1,0,1,1,0
900,187291,0.08643267,-0.00768543,-0.07585090,1.89467851,-1.06499185,-0.85943790,1,0,1,1,0
901,187500,0.07960936,0.00749664,-0.09451939,1.90860860,-0.93515643,-0.99861457,1,0,1,1,0
902,187708,0.08477131,0.02217335,-0.09184199,1.89952252,-0.82779051,-1.07902850,1,0,1,1,0
903,187916,0.07571743,0.01033568,-0.09035666,1.91671265,-0.71305262,-1.20430397,1,0,1,1,0
904,188125,0.07219009,0.02589540,-0.10029243,1.87249081,-0.59014675,-1.29073204,1,0,1,1,0
905,188333,0.06791487,0.02411140,-0.08816908,1.84621032,-0.47169460,-1.37033766,1,0,1,1,0
906,188541,0.06224505,0.03076596,-0.09693293,1.80734448,-0.34392328,-1.45966234,1,0,1,1,0
907,188750,0.06216091,0.03009345,-0.09270440,1.75962417,-0.23467628,-1.54457070,1,0,1,1,0
908,188958,0.04690948,0.04749044,-0.10112545,1.72883317,-0.09763767,-1.62036039,1,0,1,1,0
909,189166,0.04647690,0.04918240,-0.09467464,1.64410117,0.01767677,-1.65604575,1,0,1,1,0
910,189375,0.04844875,0.05057796,-0.10275633,1.59835736,0.14546996,-1.74297344,1,0,1,1,0
911,189583,0.04195836,0.05618474,-0.09535178,1.51817723,0.29359540,-1.78918639,1,0,1,1,0
912,189791,0.02738497,0.07452941,-0.09371659,1.43913301,0.39036297,-1.80872734,1,0,1,1,0
913,190000,0.02594430,0.07009738,-0.09220994,1.33366394,0.51870636,-1.85962723,1,0,1,1,0
914,190208,0.00885673,0.06966679,-0.09174630,1.23106846,0.63472637,-1.88959293,1,0,1,1,0
915,190416,0.00629758,0.07234806,-0.09349306,1.15863016,0.75917108,-1.89974194,1,0,1,1,0
916,190625,0.00693623,0.09228055,-0.09038763,1.03707126,0.87438725,-1.91904406,1,0,1,1,0
917,190833,-0.00962507,0.09134450,-0.09211851,0.92776447,0.98401108,-1.93693925,1,0,1,1,0
918,191041,-0.00625574,0.09147228,-0.08285437,0.82374152,1.10158587,-1.92374212,1,0,1,1,0
919,191250,-0.00312620,0.08666973,-0.08204384,0.70571224,1.20073842,-1.90914077,1,0,1,1,0
920,191458,-0.01619392,0.09543462,-0.07998199,0.59302581,1.29303059,-1.87880876,1,0,1,1,0
921,191666,-0.02656081,0.09631864,-0.06631414,0.45554259,1.37293594,-1.85647725,1,0,1,1,0
922,191875,-0.03322955,0.09903361,-0.07191638,0.34180032,1.46365891,-1.81157905,1,0,1,1,0
923,192083,-0.03655206,0.09913178,-0.05780111,0.22938927,1.53376508,-1.77798361,1,0,1,1,0
924,192291,-0.04490537,0.09806379,-0.06139576,0.10471433,1.61352393,-1.70812144,1,0,1,1,0
925,192500,-0.05275535,0.10370285,-0.05310975,-0.02572053,1.68319275,-1.64120025,1,0,1,1,0
926,192708,-0.05779250,0.10064943,-0.03370100,-0.15111432,1.72548441,-1.58805212,1,0,1,1,0
927,192916,-0.06268812,0.10636991,-0.04444635,-0.27554797,1.77592081,-1.51263961,1,0,1,1,0
928,193125,-0.07401688,0.09537574,-0.03534640,-0.41101950,1.83674788,-1.42331900,1,0,1,1,0
929,193333,-0.07836607,0.09620800,-0.02823860,-0.52301175,1.85510572,-1.33817887,1,0,1,1,0
930,193541,-0.07826732,0.09490563,-0.01790181,-0.64474644,1.87765046,-1.24901543,1,0,1,1,0
931,193750,-0.07706983,0.09215771,-0.01962415,-0.76634802,1.89717829,-1.15967994,1,0,1,1,0
932,193958,-0.08763599,0.09093183,-0.00055761,-0.84984872,1.90908780,-1.03956353,1,0,1,1,0
933,194166,-0.08551798,0.08985300,-0.00228834,-0.98603914,1.92822615,-0.92491885,1,0,1,1,0
934,194375,-0.09453808,0.07980674,0.01508882,-1.08309158,1.90462244,-0.83450047,1,0,1,1,0
935,194583,-0.09419720,0.08640897,0.01482947,-1.18690358,1.89774005,-0.71472017,1,0,1,1,0
936,194791,-0.09410531,0.07325605,0.01794830,-1.29287937,1.88848924,-0.58005422,1,0,1,1,0
937,195000,-0.09878968,0.06783847,0.02156759,-1.39365423,1.83662369,-0.47259794,1,0,1,1,0
938,195208,-0.10010501,0.06921293,0.02807584,-1.46336230,1.80769956,-0.34679508,1,0,1,1,0
939,195416,-0.08867258,0.06275432,0.05325786,-1.51557638,1.76577025,-0.21269854,1,0,1,1,0
940,195625,-0.09785928,0.05493734,0.04873958,-1.61025999,1.71780738,-0.10037700,1,0,1,1,0
941,195833,-0.09601535,0.05626880,0.05253577,-1.68201814,1.65578012,0.03655809,1,0,1,1,0
942,196041,-0.09797958,0.04952710,0.05900240,-1.74355482,1.56230890,0.15508469,1,0,1,1,0
943,196250,-0.10279546,0.03951399,0.06175252,-1.79490849,1.51615878,0.28429639,1,0,1,1,0
944,196458,-0.09884864,0.03969152,0.05045534,-1.82446096,1.42892575,0.38656957,1,0,1,1,0
945,196666,-0.09504670,0.02252908,0.06990612,-1.86777859,1.34717192,0.52582430,1,0,1,1,0
946,196875,-0.09215860,0.02306043,0.07213988,-1.88014205,1.22633650,0.64229110,1,0,1,1,0
947,197083,-0.08458869,0.01790247,0.07601632,-1.89496227,1.14590381,0.74695611,1,0,1,1,0
948,197291,-0.09155376,-0.00677525,0.08198454,-1.92072160,1.04674147,0.87882531,1,0,1,1,0
949,197500,-0.08874060,-0.00278991,0.08460967,-1.91721304,0.90951168,0.98337349,1,0,1,1,0
950,197708,-0.08111277,-0.00924668,0.07692591,-1.91674677,0.83225766,1.06063591,1,0,1,1,0
951,197916,-0.08100564,-0.01044492,0.09169366,-1.90021972,0.69985069,1.19445489,1,0,1,1,0
952,198125,-0.06806308,-0.01857303,0.09477748,-1.87938800,0.57886872,1.28482793,1,0,1,1,0
953,198333,-0.06809288,-0.03083976,0.09762481,-1.85657352,0.48070263,1.36433738,1,0,1,1,0
954,198541,-0.07106793,-0.02807348,0.10037826,-1.80780229,0.34127849,1.45102779,1,0,1,1,0
955,198750,-0.05372855,-0.03175892,0.09774404,-1.76672926,0.22702386,1.53242089,1,0,1,1,0
956,198958,-0.05171754,-0.04724613,0.10635515,-1.70542419,0.11175773,1.59442832,1,0,1,1,0
957,199166,-0.04600490,-0.05869640,0.09453332,-1.65969131,-0.03010306,1.68030482,1,0,1,1,0
958,199375,-0.04728353,-0.05485719,0.10386795,-1.58960775,-0.14581016,1.73389996,1,0,1,1,0
959,199583,-0.04456856,-0.06197547,0.10172466,-1.52707762,-0.27713438,1.79655537,1,0,1,1,0
960,199791,-0.03419424,-0.06887229,0.10378897,-1.41834811,-0.39014761,1.81084367,1,0,1,1,0
961,200000,-0.02919828,-0.06314491,0.10086307,-1.34786035,-0.51558048,1.86992883,1,0,1,1,0
962,200208,-0.02340423,-0.08203500,0.09058477,-1.23317012,-0.65274733,1.88192581,1,0,1,1,0
963,200416,-0.00946692,-0.07917481,0.09318954,-1.15129126,-0.74205683,1.91811592,1,0,1,1,0
964,200625,-0.00670178,-0.07877276,0.09097328,-1.05956963,-0.86920735,1.92058800,1,0,1,1,0
965,200833,0.00429763,-0.08822484,0.08177125,-0.93186454,-0.96827550,1.91098101,1,0,1,1,0
966,201041,0.00592289,-0.08959393,0.07947438,-0.81388367,-1.07830168,1.90027573,1,0,1,1,0
967,201250,0.01786002,-0.09512968,0.08009777,-0.69970041,-1.19826820,1.90776876,1,0,1,1,0
968,201458,0.02480765,-0.08931142,0.07124391,-0.57894682,-1.28129622,1.89268408,1,0,1,1,0
969,201666,0.02705672,-0.09355346,0.06879502,-0.46294215,-1.38447318,1.84642047,1,0,1,1,0
970,201875,0.03127384,-0.10413389,0.06107617,-0.36093576,-1.46467312,1.83042142,1,0,1,1,0
971,202083,0.03821079,-0.09578769,0.06734296,-0.19893898,-1.54510272,1.77530814,1,0,1,1,0
972,202291,0.05016670,-0.10055110,0.06294718,-0.10519917,-1.60511848,1.72116976,1,0,1,1,0
973,202500,0.04244763,-0.10192758,0.04540301,0.04397195,-1.68087173,1.63346261,1,0,1,1,0
974,202708,0.06359555,-0.10367930,0.05265260,0.14967951,-1.73603255,1.57286316,1,0,1,1,0
975,202916,0.06326556,-0.10316347,0.04368623,0.28464746,-1.78052435,1.48367224,1,0,1,1,0
976,203125,0.05939284,-0.10269027,0.03307388,0.40946807,-1.82740209,1.43066102,1,0,1,1,0
977,203333,0.06843005,-0.09159006,0.03192117,0.51933094,-1.83226317,1.33541401,1,0,1,1,0
978,203541,0.07599138,-0.10289562,0.01835860,0.65600623,-1.88227034,1.24782469,1,0,1,1,0
979,203750,0.07741004,-0.09995262,0.01095117,0.75937648,-1.91038878,1.14386546,1,0,1,1,0
980,203958,0.08553998,-0.10025762,-0.00030807,0.85402418,-1.92492638,1.04510814,1,0,1,1,0
981,204166,0.09136918,-0.09015854,-0.00165694,0.99555120,-1.90631061,0.91810885,1,0,1,1,0
982,204375,0.08742810,-0.08557316,-0.00584595,1.07362294,-1.91153348,0.81952713,1,0,1,1,0
983,204583,0.08851161,-0.08065882,-0.01709430,1.20674273,-1.89235894,0.70742892,1,0,1,1,0
984,204791,0.10020453,-0.06938674,-0.02838588,1.28743353,-1.86712082,0.58192761,1,0,1,1,0
985,205000,0.09356027,-0.07479061,-0.03454754,1.37496934,-1.84814329,0.47932035,1,0,1,1,0
986,205208,0.09451889,-0.07057282,-0.02490712,1.46665139,-1.79934399,0.33981681,1,0,1,1,0
987,205416,0.09533280,-0.05600447,-0.02794054,1.53429030,-1.76675534,0.21867603,1,0,1,1,0
988,205625,0.09819236,-0.05166577,-0.03968987,1.61704466,-1.70805429,0.09952224,1,0,1,1,0
989,205833,0.09476025,-0.05702850,-0.04644235,1.68598788,-1.64125254,-0.02141515,1,0,1,1,0
990,206041,0.10583221,-0.04142109,-0.06260796,1.71738587,-1.57427063,-0.15777629,1,0,1,1,0
991,206250,0.09944955,-0.03823923,-0.06314012,1.78421227,-1.52082564,-0.28726270,1,0,1,1,0
992,206458,0.10018022,-0.03476973,-0.06045736,1.83217856,-1.41723688,-0.39870380,1,0,1,1,0
993,206666,0.09674740,-0.02013547,-0.06985250,1.87653939,-1.33517642,-0.52542823,1,0,1,1,0
994,206875,0.09809705,-0.01704105,-0.07170792,1.88630447,-1.24854026,-0.64418472,1,0,1,1,0
995,207083,0.09554014,-0.02076742,-0.08048130,1.89551701,-1.16263704,-0.74791602,1,0,1,1,0
996,207291,0.07990586,-0.00327577,-0.09547908,1.92089668,-1.03243407,-0.87878346,1,0,1,1,0
997,207500,0.08195729,0.00303204,-0.09897569,1.92863243,-0.94183432,-0.98993891,1,0,1,1,0
998,207708,0.07599644,0.01728988,-0.08963968,1.90564624,-0.81753601,-1.08969048,1,0,1,1,0
999,207916,0.07618617,0.00630218,-0.08999881,1.88075072,-0.70089663,-1.20056238,1,0,1,1,0
1000,208125,0.06992420,0.02293483,-0.09985494,1.89232677,-0.60052460,-1.29935018,1,0,1,1,0
1001,208333,0.08141812,0.02855028,-0.09260921,1.83600924,-0.46473007,-1.37489448,1,0,1,1,0
1002,208541,0.06226575,0.03474257,-0.09132231,1.79654005,-0.35413629,-1.44580618,1,0,1,1,0
1003,208750,0.06198870,0.03954740,-0.09097172,1.76473607,-0.22012888,-1.51895462,1,0,1,1,0
1004,208958,0.04959452,0.04101613,-0.10233225,1.69125664,-0.09956068,-1.62151703,1,0,1,1,0
1005,209166,0.04154355,0.05017450,-0.10119469,1.64934771,0.03077208,-1.69035909,1,0,1,1,0
1006,209375,0.04397253,0.06585928,-0.09361859,1.56365900,0.14471440,-1.72973556,1,0,1,1,0
1007,209583,0.03642241,0.05871326,-0.10113730,1.52569900,0.28272600,-1.78502436,1,0,1,1,0
1008,209791,0.02977439,0.06423126,-0.09534637,1.41995140,0.40529044,-1.82638290,1,0,1,1,0
1009,210000,0.02230438,0.07060581,-0.09280191,1.32832517,0.52813152,-1.85073854,1,0,1,1,0
1010,210208,0.02029547,0.08071680,-0.10022778,1.24000826,0.63713296,-1.89516171,1,0,1,1,0
1011,210416,0.00929716,0.07859935,-0.08546918,1.15675083,0.77254652,-1.90119489,1,0,1,1,0
1012,210625,-0.00072535,0.08755897,-0.09968387,1.05069775,0.87692256,-1.92039959,1,0,1,1,0
1013,210833,-0.00720146,0.08171672,-0.09738563,0.92412326,0.97402596,-1.90635261,1,0,1,1,0
1014,211041,-0.00121237,0.09249044,-0.06928285,0.79833061,1.09212708,-1.92568724,1,0,1,1,0
1015,211250,-0.01723030,0.09630230,-0.08333897,0.71160833,1.18779812,-1.91593092,1,0,1,1,0
1016,211458,-0.02242372,0.09683820,-0.07514635,0.59069515,1.28611096,-1.87779255,1,0,1,1,0
1017,211666,-0.02897294,0.09710206,-0.06868909,0.48021250,1.36550690,-1.84497166,1,0,1,1,0
1018,211875,-0.02675642,0.10706920,-0.06479057,0.35276093,1.45220575,-1.81008562,1,0,1,1,0
1019,212083,-0.03360845,0.09667220,-0.05187429,0.20983211,1.54948896,-1.75762312,1,0,1,1,0
1020,212291,-0.04610487,0.10145373,-0.04572532,0.11203798,1.62034630,-1.71982203,1,0,1,1,0
1021,212500,-0.04927068,0.09604035,-0.05666173,-0.01271531,1.67436107,-1.63398715,1,0,1,1,0
1022,212708,-0.06137726,0.10536656,-0.04265245,-0.15393409,1.74223394,-1.58782827,1,0,1,1,0
1023,212916,-0.06806988,0.09350475,-0.04457687,-0.28347879,1.77883566,-1.50034146,1,0,1,1,0
1024,213125,-0.06521715,0.09472289,-0.03305538,-0.40839396,1.82332591,-1.41383718,1,0,1,1,0
1025,213333,-0.07553103,0.09974469,-0.02628052,-0.51838832,1.85414003,-1.33477210,1,0,1,1,0
1026,213541,-0.07519449,0.09146073,-0.01988885,-0.64224402,1.90249686,-1.25606171,1,0,1,1,0
1027,213750,-0.07692387,0.09152505,-0.00279724,-0.76362428,1.89912683,-1.15300101,1,0,1,1,0
1028,213958,-0.09290164,0.08171315,-0.01085248,-0.86909040,1.90927409,-1.04080042,1,0,1,1,0
1029,214166,-0.09183445,0.08980684,-0.00136702,-0.99516597,1.92630408,-0.91777324,1,0,1,1,0
1030,214375,-0.08808098,0.08734748,0.00296114,-1.08567346,1.90165555,-0.81949655,1,0,1,1,0
1031,214583,-0.08996042,0.07987956,0.02435374,-1.18632487,1.90732341,-0.71571667,1,0,1,1,0
1032,214791,-0.09406805,0.07365609,0.01785650,-1.29914329,1.86518692,-0.59872474,1,0,1,1,0
1033,215000,-0.09939585,0.06478161,0.02779557,-1.36937835,1.82909211,-0.46796253,1,0,1,1,0
1034,215208,-0.10054722,0.06391414,0.02710422,-1.46900236,1.81068903,-0.34937841,1,0,1,1,0
1035,215416,-0.09808457,0.05584928,0.03392766,-1.55262713,1.76667256,-0.23692020,1,0,1,1,0
1036,215625,-0.10085881,0.05271152,0.05383699,-1.64939822,1.71026390,-0.09570350,1,0,1,1,0
1037,215833,-0.09923380,0.05789245,0.05467367,-1.67010736,1.63372884,0.04717257,1,0,1,1,0
1038,216041,-0.08996576,0.04411378,0.05432962,-1.72054141,1.58965288,0.15453689,1,0,1,1,0
1039,216250,-0.10346744,0.03618690,0.06286820,-1.78575183,1.50951322,0.30305084,1,0,1,1,0
1040,216458,-0.09667002,0.03077223,0.06324260,-1.81363431,1.40432239,0.39874349,1,0,1,1,0
1041,216666,-0.10481878,0.01900870,0.07167080,-1.87533904,1.31171259,0.52635707,1,0,1,1,0
1042,216875,-0.09581647,0.01763473,0.06965798,-1.87657461,1.23068556,0.63951524,1,0,1,1,0
1043,217083,-0.07709942,0.01377458,0.08141939,-1.88727785,1.13341135,0.77168413,1,0,1,1,0
1044,217291,-0.08916729,0.00264990,0.08507520,-1.88649838,1.04215379,0.85938737,1,0,1,1,0
1045,217500,-0.07698044,-0.00395504,0.08060930,-1.91064398,0.95204648,0.97430749,1,0,1,1,0
1046,217708,-0.08212496,-0.01198538,0.09215158,-1.90325712,0.82467824,1.09276560,1,0,1,1,0
1047,217916,-0.07160140,-0.01044844,0.08796729,-1.88580697,0.71527361,1.19285876,1,0,1,1,0
1048,218125,-0.07851225,-0.01784008,0.09607697,-1.88443672,0.57879571,1.28489576,1,0,1,1,0
1049,218333,-0.07034362,-0.02399826,0.09063892,-1.84753748,0.45076126,1.36282570,1,0,1,1,0
1050,218541,-0.06469668,-0.03728302,0.09362744,-1.81071920,0.37611329,1.46492475,1,0,1,1,0
1051,218750,-0.05866882,-0.04078026,0.09641187,-1.77210348,0.24385705,1.53799229,1,0,1,1,0
1052,218958,-0.05564070,-0.04752132,0.10680181,-1.71016460,0.11022634,1.61834262,1,0,1,1,0
1053,219166,-0.05018802,-0.05259493,0.10113770,-1.63961396,-0.02572686,1.69142295,1,0,1,1,0
1054,219375,-0.04025991,-0.04291381,0.10628239,-1.58307288,-0.15442127,1.74253463,1,0,1,1,0
1055,219583,-0.03761682,-0.07263573,0.11313463,-1.52542597,-0.28810783,1.77006375,1,0,1,1,0
1056,219791,-0.03260206,-0.07532978,0.09599435,-1.43114511,-0.42081018,1.81763597,1,0,1,1,0
1057,220000,-0.02460416,-0.06948982,0.09718490,-1.34939964,-0.52602842,1.87149685,1,0,1,1,0
1058,220208,-0.00453358,-0.07228155,0.09929240,-1.23779915,-0.63501832,1.89688641,1,0,1,1,0
1059,220416,-0.01189860,-0.08612818,0.08836074,-1.14876414,-0.75716064,1.91556982,1,0,1,1,0
1060,220625,0.00660531,-0.08927620,0.09367481,-1.04820950,-0.88334242,1.90931187,1,0,1,1,0
1061,220833,-0.00015834,-0.08760374,0.08515302,-0.93400893,-0.99212680,1.92295714,1,0,1,1,0
1062,221041,0.00883999,-0.08878056,0.07785856,-0.81730008,-1.08810944,1.90764643,1,0,1,1,0
1063,221250,0.01274922,-0.09070071,0.07960482,-0.69119807,-1.18669972,1.89733604,1,0,1,1,0
1064,221458,0.02132453,-0.08630100,0.07807058,-0.60972317,-1.28348310,1.89556032,1,0,1,1,0
1065,221666,0.02941860,-0.09477919,0.06753110,-0.47959153,-1.39219861,1.85653259,1,0,1,1,0
1066,221875,0.02697567,-0.10305535,0.06215578,-0.33526932,-1.46039988,1.82044109,1,0,1,1,0
1067,222083,0.04432243,-0.10488455,0.06775021,-0.21825442,-1.55888180,1.77764359,1,0,1,1,0
1068,222291,0.04892831,-0.10518473,0.05270440,-0.09949605,-1.61567411,1.71939037,1,0,1,1,0
1069,222500,0.05370766,-0.09418395,0.05300614,0.01073774,-1.68179171,1.63883191,1,0,1,1,0
1070,222708,0.05542272,-0.10587472,0.03299196,0.15327874,-1.75107165,1.58497981,1,0,1,1,0
1071,222916,0.06460927,-0.10228897,0.03884259,0.27404059,-1.78246387,1.50534170,1,0,1,1,0
1072,223125,0.07618570,-0.09057289,0.02727032,0.40707717,-1.82747263,1.41293090,1,0,1,1,0
1073,223333,0.06569337,-0.08951870,0.02429884,0.52184829,-1.87290932,1.33283216,1,0,1,1,0
1074,223541,0.08021310,-0.09170783,0.01883945,0.64911031,-1.88851707,1.23881333,1,0,1,1,0
1075,223750,0.08639055,-0.09165393,0.01663763,0.74623931,-1.92298586,1.14838673,1,0,1,1,0
1076,223958,0.08419863,-0.09728793,0.01155518,0.86819664,-1.93388712,1.06312675,1,0,1,1,0
1077,224166,0.08381608,-0.08781446,0.00523983,0.98536648,-1.92689907,0.94488883,1,0,1,1,0
1078,224375,0.10008699,-0.07387368,-0.01001322,1.08481712,-1.90667562,0.81471893,1,0,1,1,0
1079,224583,0.08851160,-0.07624790,-0.02203990,1.19412261,-1.90572827,0.71852360,1,0,1,1,0
1080,224791,0.09093061,-0.07293266,-0.02296931,1.28453597,-1.89398645,0.60141491,1,0,1,1,0
1081,225000,0.09306448,-0.07261580,-0.02786362,1.37378673,-1.84706529,0.45504630,1,0,1,1,0
1082,225208,0.09299080,-0.06149196,-0.03047526,1.46626564,-1.81264798,0.36277856,1,0,1,1,0
1083,225416,0.10654172,-0.05902164,-0.04559820,1.52616745,-1.75666907,0.23239603,1,0,1,1,0
1084,225625,0.09603412,-0.05512155,-0.04438278,1.60323185,-1.69899640,0.11607930,1,0,1,1,0
1085,225833,0.09880618,-0.04748150,-0.04828382,1.68991783,-1.66929280,-0.03551478,1,0,1,1,0
1086,226041,0.09952877,-0.04673692,-0.05756958,1.73600931,-1.56862694,-0.13136693,1,0,1,1,0
1087,226250,0.10823073,-0.04232748,-0.05788762,1.78522959,-1.49647671,-0.26693509,1,0,1,1,0
1088,226458,0.10462897,-0.03657583,-0.06954704,1.82503278,-1.42997498,-0.39671479,1,0,1,1,0
1089,226666,0.09227638,-0.01916148,-0.08611702,1.86191307,-1.34556882,-0.52639489,1,0,1,1,0
1090,226875,0.09554648,-0.02242017,-0.08122517,1.88211647,-1.24485072,-0.64779356,1,0,1,1,0
1091,227083,0.09868374,-0.01021550,-0.08546647,1.90843714,-1.16725669,-0.75105626,1,0,1,1,0
1092,227291,0.08922539,0.00769525,-0.08281256,1.92921581,-1.04268753,-0.86423176,1,0,1,1,0
1093,227500,0.08036829,0.01003755,-0.08426172,1.91817825,-0.94310187,-1.00260601,1,0,1,1,0
1094,227708,0.08042859,0.00804643,-0.08429570,1.90130017,-0.81681504,-1.08141525,1,0,1,1,0
1095,227916,0.08923511,0.01321769,-0.09038718,1.89227693,-0.71038428,-1.19613381,1,0,1,1,0
1096,228125,0.07337538,0.02289360,-0.09222853,1.86370940,-0.60218085,-1.29516760,1,0,1,1,0
1097,228333,0.06911483,0.02185900,-0.09207064,1.84507019,-0.47053157,-1.39255077,1,0,1,1,0
1098,228541,0.07137080,0.03217348,-0.08935707,1.81052533,-0.32434401,-1.46168583,1,0,1,1,0
1099,228750,0.05524318,0.04272250,-0.09494395,1.75481487,-0.23174121,-1.55032899,1,0,1,1,0
1100,228958,0.06534008,0.04538648,-0.09520054,1.72327765,-0.09723579,-1.61584026,1,0,1,1,0
1101,229166,0.05027162,0.05038560,-0.09784710,1.65658880,0.03724747,-1.67265584,1,0,1,1,0
1102,229375,0.02745551,0.05885651,-0.10489186,1.59544727,0.16362361,-1.74529595,1,0,1,1,0
1103,229583,0.03599764,0.06849251,-0.09544710,1.50394671,0.28631919,-1.78042701,1,0,1,1,0
1104,229791,0.03392506,0.07370654,-0.09552051,1.41725353,0.42471655,-1.84594051,1,0,1,1,0
1105,230000,0.02713571,0.07881394,-0.09628404,1.33253928,0.52404168,-1.85870375,1,0,1,1,0
1106,230208,0.01529536,0.08018242,-0.10092908,1.23563939,0.63256399,-1.89264829,1,0,1,1,0
1107,230416,0.00234190,0.07474450,-0.08825475,1.15896260,0.74068700,-1.90004069,1,0,1,1,0
1108,230625,-0.00000959,0.07203267,-0.09007176,1.03664139,0.89188317,-1.90945652,1,0,1,1,0
1109,230833,0.00130969,0.09194011,-0.08548514,0.94225444,0.98587090,-1.91524598,1,0,1,1,0
1110,231041,-0.00120533,0.09042225,-0.08502853,0.82548783,1.07757819,-1.90434380,1,0,1,1,0
1111,231250,-0.01283572,0.10289507,-0.07262676,0.69785456,1.20062860,-1.89483600,1,0,1,1,0
1112,231458,-0.01668677,0.08932552,-0.07237033,0.61048994,1.27916130,-1.88338502,1,0,1,1,0
1113,231666,-0.02824158,0.09484762,-0.06634048,0.46764158,1.36996969,-1.84013261,1,0,1,1,0
1114,231875,-0.03267619,0.10412727,-0.07168615,0.35083435,1.46445732,-1.79766166,1,0,1,1,0
1115,232083,-0.03690000,0.09558762,-0.05655806,0.23329682,1.53380062,-1.75364994,1,0,1,1,0
1116,232291,-0.04531679,0.09508889,-0.04254946,0.11166658,1.61705900,-1.70131664,1,0,1,1,0
1117,232500,-0.04942464,0.09667421,-0.05009466,-0.03606649,1.68329845,-1.64409250,1,0,1,1,0
1118,232708,-0.05373198,0.10672568,-0.04124849,-0.15740844,1.73050404,-1.57834836,1,0,1,1,0
1119,232916,-0.06458112,0.10013535,-0.03318707,-0.28208668,1.76475185,-1.49952193,1,0,1,1,0
1120,233125,-0.06725875,0.10332271,-0.04510039,-0.40601543,1.82914224,-1.42619115,1,0,1,1,0
1121,233333,-0.06053277,0.10478302,-0.01858358,-0.52469917,1.85784332,-1.33565881,1,0,1,1,0
1122,233541,-0.08261849,0.10205757,-0.02411304,-0.65588689,1.90341369,-1.26229068,1,0,1,1,0
1123,233750,-0.07968777,0.09931938,-0.01230412,-0.77071871,1.87859635,-1.14501733,1,0,1,1,0
1124,233958,-0.07373209,0.08823225,-0.00388106,-0.87194914,1.91843085,-1.03683104,1,0,1,1,0
1125,234166,-0.08930181,0.08560127,-0.00001096,-0.97101186,1.92799615,-0.93897600,1,0,1,1,0
1126,234375,-0.07992152,0.08704860,0.00689479,-1.09885209,1.90763360,-0.83243204,1,0,1,1,0
1127,234583,-0.09394907,0.07399117,0.01605835,-1.19432513,1.88956672,-0.72719383,1,0,1,1,0
1128,234791,-0.10063278,0.08224280,0.02003752,-1.28708787,1.88615636,-0.56174109,1,0,1,1,0
1129,235000,-0.09292954,0.06386514,0.02893465,-1.36443185,1.87069953,-0.47646039,1,0,1,1,0
1130,235208,-0.09544358,0.06555809,0.04045786,-1.46744398,1.81471715,-0.35945678,1,0,1,1,0
1131,235416,-0.09381356,0.06500453,0.03973314,-1.54011993,1.75676201,-0.22318217,1,0,1,1,0
1132,235625,-0.10174516,0.05674522,0.03860795,-1.62298332,1.71337397,-0.09040735,1,0,1,1,0
1133,235833,-0.10560291,0.03916081,0.05476140,-1.69174852,1.63281514,0.02894467,1,0,1,1,0
1134,236041,-0.09831919,0.04714925,0.05745334,-1.72678317,1.57361532,0.16184131,1,0,1,1,0
1135,236250,-0.09767950,0.03351925,0.05918865,-1.78264703,1.50505892,0.27923395,1,0,1,1,0
1136,236458,-0.09850295,0.02506802,0.07788076,-1.84271106,1.42759375,0.40146533,1,0,1,1,0
1137,236666,-0.10409549,0.02675260,0.07406401,-1.85860135,1.33173293,0.52481614,1,0,1,1,0
1138,236875,-0.09669800,0.01318853,0.08716136,-1.89129140,1.23673007,0.62527966,1,0,1,1,0
1139,237083,-0.09989502,0.00652536,0.08332830,-1.90130156,1.13848471,0.76916352,1,0,1,1,0
1140,237291,-0.09147033,0.00552400,0.08183722,-1.90769157,1.03541120,0.87591603,1,0,1,1,0
1141,237500,-0.08694862,-0.00264910,0.08724910,-1.91957431,0.92441203,0.97065894,1,0,1,1,0
1142,237708,-0.08643799,-0.01221821,0.08818824,-1.91520743,0.83719402,1.07684945,1,0,1,1,0
1143,237916,-0.07299981,-0.01478959,0.09020296,-1.89842171,0.71416807,1.18880024,1,0,1,1,0
1144,238125,-0.07412394,-0.01500376,0.09494852,-1.89513163,0.57670268,1.26555276,1,0,1,1,0
1145,238333,-0.07126286,-0.01806896,0.10012210,-1.85275048,0.47243766,1.38301479,1,0,1,1,0
1146,238541,-0.06201144,-0.04003793,0.09225402,-1.82341011,0.33977649,1.45726479,1,0,1,1,0
1147,238750,-0.06269389,-0.04694757,0.10553596,-1.75281052,0.19870258,1.54094155,1,0,1,1,0
1148,238958,-0.05272894,-0.04281187,0.09911713,-1.71014229,0.08983408,1.61882743,1,0,1,1,0
1149,239166,-0.04630331,-0.04635330,0.09326080,-1.63666994,-0.02756507,1.68161531,1,0,1,1,0
1150,239375,-0.05032153,-0.04261321,0.09915467,-1.59789658,-0.15925773,1.74548173,1,0,1,1,0
1151,239583,-0.03206826,-0.06604599,0.09731558,-1.50847013,-0.28313713,1.78493046,1,0,1,1,0
1152,239791,-0.02414391,-0.06610744,0.09924046,-1.42800749,-0.38567470,1.82249886,1,0,1,1,0
1153,240000,-0.02055992,-0.07703074,0.09403635,-1.32871176,-0.52316038,1.85780161,1,0,1,1,0
1154,240208,-0.02157742,-0.07410711,0.08746074,-1.23643132,-0.62983986,1.90438498,1,0,1,1,0
1155,240416,-0.01071033,-0.07459087,0.09186485,-1.13235751,-0.75850171,1.90854309,1,0,1,1,0
1156,240625,-0.00352593,-0.08021276,0.09669062,-1.03943352,-0.89041073,1.92936212,1,0,1,1,0
1157,240833,0.00219916,-0.08314582,0.08843414,-0.93171784,-0.96620487,1.91771222,1,0,1,1,0
1158,241041,0.01147852,-0.08661220,0.08164450,-0.83804478,-1.09141394,1.91103584,1,0,1,1,0
1159,241250,0.01769755,-0.09021937,0.07879630,-0.71004797,-1.17798894,1.90047070,1,0,1,1,0
1160,241458,0.01825024,-0.09533417,0.07188251,-0.59985484,-1.28218438,1.87204813,1,0,1,1,0
1161,241666,0.02528576,-0.10066574,0.07202560,-0.46997555,-1.38001912,1.84801022,1,0,1,1,0
1162,241875,0.03473023,-0.10372935,0.06151537,-0.35960505,-1.47733395,1.80051774,1,0,1,1,0
1163,242083,0.04259222,-0.09109503,0.06469354,-0.22730348,-1.54258953,1.75581961,1,0,1,1,0
1164,242291,0.04872385,-0.10226093,0.06035984,-0.09321485,-1.61033240,1.72716489,1,0,1,1,0
1165,242500,0.05141567,-0.08989049,0.04899438,0.02679011,-1.68006995,1.64976995,1,0,1,1,0
1166,242708,0.05627408,-0.10248259,0.03947838,0.14916727,-1.74061944,1.58177467,1,0,1,1,0
1167,242916,0.06794034,-0.09846345,0.03716209,0.28546643,-1.78125343,1.49681870,1,0,1,1,0
1168,243125,0.07020741,-0.10143767,0.03010590,0.40764163,-1.81358373,1.42635460,1,0,1,1,0
1169,243333,0.07247166,-0.09125579,0.03022643,0.53220123,-1.86651971,1.32522068,1,0,1,1,0
1170,243541,0.07683467,-0.09374752,0.01909111,0.65019409,-1.88014472,1.24860243,1,0,1,1,0
1171,243750,0.07600704,-0.08220656,0.01321317,0.75174922,-1.92036287,1.14505022,1,0,1,1,0
1172,243958,0.08078111,-0.08918166,-0.00108539,0.87887918,-1.90854649,1.05753944,1,0,1,1,0
1173,244166,0.08125454,-0.08696238,-0.00194461,0.98342850,-1.90766519,0.93428426,1,0,1,1,0
1174,244375,0.08936798,-0.08905912,-0.00512015,1.08831364,-1.91050950,0.81751092,1,0,1,1,0
1175,244583,0.09940029,-0.08215359,-0.01312825,1.18341720,-1.90546593,0.69112017,1,0,1,1,0
1176,244791,0.10833447,-0.08153840,-0.01740121,1.27231628,-1.88781249,0.58926542,1,0,1,1,0
1177,245000,0.10955450,-0.06962915,-0.01866544,1.35790407,-1.85027559,0.46312146,1,0,1,1,0
1178,245208,0.08982728,-0.06710351,-0.03180186,1.48201005,-1.80235337,0.33644013,1,0,1,1,0
1179,245416,0.09814112,-0.06079732,-0.03941922,1.53706271,-1.76904343,0.22774803,1,0,1,1,0
1180,245625,0.10039322,-0.04662633,-0.03860968,1.60977261,-1.71585221,0.10230174,1,0,1,1,0
1181,245833,0.09178606,-0.04356614,-0.04682518,1.66914591,-1.64744538,-0.02257775,1,0,1,1,0
1182,246041,0.10054547,-0.04765760,-0.04919440,1.74403312,-1.57499691,-0.15114868,1,0,1,1,0
1183,246250,0.10794680,-0.03502091,-0.06107938,1.78443849,-1.51894306,-0.28654995,1,0,1,1,0
1184,246458,0.10674667,-0.02920757,-0.07241802,1.82630976,-1.43365200,-0.39188563,1,0,1,1,0
1185,246666,0.09729689,-0.02692856,-0.08406503,1.86262331,-1.33649847,-0.52669912,1,0,1,1,0
1186,246875,0.10232375,-0.01940050,-0.07431444,1.89121404,-1.24475461,-0.63495755,1,0,1,1,0
1187,247083,0.09639152,-0.01090351,-0.07842657,1.91838134,-1.15321779,-0.76046892,1,0,1,1,0
1188,247291,0.08775298,-0.00897792,-0.08323407,1.91101305,-1.03980484,-0.86232402,1,0,1,1,0
1189,247500,0.08692104,0.00635916,-0.09346910,1.92339409,-0.91730443,-0.97623827,1,0,1,1,0
1190,247708,0.09269923,0.00691038,-0.09283551,1.91933632,-0.83183580,-1.07153467,1,0,1,1,0
1191,247916,0.07790749,0.02219942,-0.09061286,1.87897359,-0.69940652,-1.19103269,1,0,1,1,0
1192,248125,0.06697186,0.01773941,-0.10122327,1.86482303,-0.58704971,-1.27870884,1,0,1,1,0
1193,248333,0.07095587,0.02512699,-0.10070144,1.84408801,-0.46630598,-1.38387049,1,0,1,1,0
1194,248541,0.06445938,0.03191281,-0.10826925,1.80944190,-0.35000476,-1.45900513,1,0,1,1,0
1195,248750,0.05576188,0.04292917,-0.10450817,1.77132613,-0.22249703,-1.53812108,1,0,1,1,0
1196,248958,0.04236952,0.05024693,-0.10803482,1.69149681,-0.08693247,-1.59980020,1,0,1,1,0
1197,249166,0.04222441,0.04730487,-0.10232240,1.64266642,0.01860175,-1.68644131,1,0,1,1,0
1198,249375,0.04662192,0.04923943,-0.09815787,1.56319722,0.14674710,-1.72389619,1,0,1,1,0
1199,249583,0.02607043,0.06692991,-0.09829409,1.50681188,0.27927268,-1.79832425,1,0,1,1,0
1200,249791,0.02779269,0.05961050,-0.09874471,1.42275322,0.38226492,-1.82801243,1,0,1,1,0
1201,250000,-0.01709688,0.08407352,-0.11680753,1.28547742,0.53023504,-1.88894488,1,0,1,1,0
1202,250208,-0.02007467,0.08294455,-0.11154543,1.19597821,0.63350924,-1.92288160,1,0,1,1,0
1203,250416,-0.02670673,0.09022530,-0.09896734,1.10133754,0.74590145,-1.92884531,1,0,1,1,0
1204,250625,-0.02585962,0.09432345,-0.11054452,0.99363585,0.88423875,-1.95368944,1,0,1,1,0
1205,250833,-0.03741048,0.10322449,-0.10213241,0.86339184,0.96774907,-1.92681507,1,0,1,1,0
1206,251041,-0.03855276,0.11135339,-0.12391820,0.73439628,1.07037537,-1.92169977,1,0,1,1,0
1207,251249,-0.05040835,0.12275378,-0.10963934,0.60461864,1.16239682,-1.86529050,1,0,1,1,0
1208,251458,-0.05799699,0.13862344,-0.11949402,0.48589373,1.22647970,-1.84546573,1,0,1,1,0
1209,251666,-0.06897835,0.14826129,-0.11279949,0.38632495,1.29870061,-1.78993177,1,0,1,1,0
1210,251875,-0.08931906,0.16616559,-0.12334662,0.26046096,1.35779173,-1.72736674,1,0,1,1,0
1211,252083,-0.10052159,0.19165115,-0.12365792,0.12578885,1.40311161,-1.66146020,1,0,1,1,0
1212,252291,-0.11639013,0.21214295,-0.11147748,0.00931956,1.44655481,-1.56690313,1,0,1,1,0
1213,252500,-0.13957515,0.22711331,-0.11046323,-0.09700717,1.47928855,-1.49291245,1,0,1,1,0
1214,252708,-0.16370975,0.24285647,-0.10678307,-0.22144954,1.47573726,-1.38851800,1,0,1,1,0
1215,252916,-0.19102048,0.26749252,-0.10292670,-0.30916206,1.50411318,-1.29362559,1,0,1,1,0
1216,253125,-0.22664499,0.29223721,-0.09206916,-0.39850470,1.50055229,-1.21078762,1,0,1,1,0
1217,253333,-0.25961252,0.30536030,-0.06154491,-0.46484797,1.47934504,-1.09207379,1,0,1,1,0
1218,253541,-0.28961116,0.32117893,-0.04634355,-0.57032303,1.44164572,-1.00414639,1,0,1,1,0
1219,253749,-0.31812373,0.34070149,-0.03826440,-0.62582812,1.41332343,-0.90003595,1,0,1,1,0
1220,253958,-0.36364498,0.35742914,-0.00491443,-0.69271390,1.38472424,-0.80981698,1,0,1,1,0
1221,254166,-0.38826013,0.35902282,0.01780110,-0.74781913,1.31916791,-0.68795285,1,0,1,1,0
1222,254375,-0.43645860,0.36240981,0.04291949,-0.78325871,1.27783280,-0.60897055,1,0,1,1,0
1223,254583,-0.46275187,0.36397482,0.09354140,-0.80146720,1.21354931,-0.52013798,1,0,1,1,0
1224,254791,-0.49739603,0.36606369,0.12479247,-0.83422316,1.12801100,-0.43287734,1,0,1,1,0
1225,255000,-0.54679716,0.36093024,0.16491991,-0.83319906,1.07552741,-0.33749083,1,0,1,1,0
1226,255208,-0.58427972,0.36800262,0.20509750,-0.85652586,0.99323188,-0.26042185,1,0,1,1,0
1227,255416,-0.60619357,0.35267241,0.25478801,-0.84059793,0.92970184,-0.18545138,1,0,1,1,0
1228,255625,-0.63706454,0.32129826,0.31420135,-0.82155420,0.85772380,-0.13443439,1,0,1,1,0
1229,255833,-0.67053857,0.30192378,0.36093341,-0.82684209,0.79058640,-0.05075521,1,0,1,1,0
1230,256041,-0.68472594,0.27908469,0.41970832,-0.80202944,0.69236944,0.00143286,1,0,1,1,0
1231,256249,-0.70636698,0.24407368,0.46846781,-0.76956695,0.64608711,0.02462019,1,0,1,1,0
1232,256458,-0.72469832,0.19677308,0.51664690,-0.71381389,0.54725239,0.04990085,1,0,1,1,0
1233,256666,-0.73414564,0.15813363,0.57866792,-0.70153011,0.50159534,0.09888657,1,0,1,1,0
1234,256875,-0.74529300,0.10743523,0.63191584,-0.64895651,0.44007407,0.09917953,1,0,1,1,0
1235,257083,-0.74457678,0.06788390,0.68351098,-0.61428518,0.38809354,0.13579902,1,0,1,1,0
1236,257291,-0.74311027,0.00231140,0.73908556,-0.57804560,0.33960366,0.15344544,1,0,1,1,0
1237,257500,-0.73657598,-0.04287079,0.78731746,-0.52396045,0.28644200,0.13786378,1,0,1,1,0
1238,257708,-0.71416410,-0.09992574,0.82065907,-0.49790863,0.26228696,0.13775135,1,0,1,1,0
1239,257916,-0.70011586,-0.17218804,0.86245785,-0.43685623,0.20935124,0.13793725,1,0,1,1,0
1240,258125,-0.67312487,-0.23382932,0.91053800,-0.40811723,0.18485833,0.13703110,1,0,1,1,0
1241,258333,-0.63072029,-0.29282828,0.94239651,-0.37306186,0.15874989,0.12226208,1,0,1,1,0
1242,258541,-0.60478302,-0.35322558,0.97148464,-0.33400518,0.12187767,0.13665194,1,0,1,1,0
1243,258749,-0.55871948,-0.41166530,0.99561175,-0.32239629,0.10520046,0.14332696,1,0,1,1,0
1244,258958,-0.51776761,-0.47689559,1.01799793,-0.29406369,0.09604295,0.13318785,1,0,1,1,0
1245,259166,-0.47565132,-0.54747077,1.02047917,-0.27114321,0.08785308,0.11595964,1,0,1,1,0
1246,259375,-0.40079087,-0.59771994,1.02553997,-0.23807900,0.07398140,0.12604284,1,0,1,1,0
1247,259583,-0.34882478,-0.65703648,1.02576065,-0.23196489,0.05880465,0.13153205,1,0,1,1,0
1248,259791,-0.28912853,-0.70168594,1.01919397,-0.20876545,0.04641209,0.13133305,1,0,1,1,0
1249,260000,-0.22008589,-0.75792419,1.00158646,-0.20607775,0.04461003,0.12280771,0,0,0,0,0
1250,260208,-0.16229499,-0.79605989,0.98859492,-0.19624519,0.01997246,0.14193602,0,0,0,0,0
1251,260416,-0.09319022,-0.85029878,0.95796315,-0.18426240,-0.01236258,0.12926814,0,0,0,0,0
1252,260625,-0.03055040,-0.88210316,0.93243463,-0.18797247,-0.01797743,0.10543823,0,0,0,0,0
1253,260833,0.03699099,-0.91700669,0.90521960,-0.18110741,-0.03784319,0.10270114,0,0,0,0,0
1254,261041,0.10664973,-0.94798144,0.86468439,-0.16775224,-0.02148624,0.11918390,0,0,0,0,0
1255,261249,0.17285647,-0.98071108,0.81648708,-0.14677311,-0.03262437,0.13799934,0,0,0,0,0
1256,261458,0.23629613,-0.99113993,0.79280317,-0.14364425,-0.05355462,0.12657861,0,0,0,0,0
1257,261666,0.30117920,-1.01202159,0.74197241,-0.13764749,-0.07809369,0.11792623,0,0,0,0,0
1258,261875,0.36206081,-1.03765607,0.69694177,-0.10786626,-0.07859428,0.11616284,0,0,0,0,0
1259,262083,0.42083180,-1.04719362,0.63218305,-0.10107504,-0.10006863,0.10657560,0,0,0,0,0
1260,262291,0.47784094,-1.04376537,0.58609062,-0.08519214,-0.10754801,0.10240407,0,0,0,0,0
1261,262500,0.53235214,-1.04965134,0.52164771,-0.05851173,-0.08343307,0.08974290,0,0,0,0,0
1262,262708,0.59113023,-1.04579447,0.46517311,-0.05769074,-0.09623323,0.06480770,0,0,0,0,0
1263,262916,0.65276635,-1.04061509,0.41233905,-0.02847549,-0.11783063,0.05590092,0,0,0,0,0
1264,263125,0.70320795,-1.01817941,0.35026396,-0.01449609,-0.12891122,0.06900510,0,0,0,0,0
1265,263333,0.75715861,-1.00863440,0.29927058,0.01148107,-0.12697755,0.05894478,0,0,0,0,0
1266,263541,0.80572282,-0.98271647,0.22443413,0.02293728,-0.11218314,0.05964586,0,0,0,0,0
1267,263750,0.83772379,-0.96426623,0.15468652,0.03500260,-0.12439734,0.05498157,0,0,0,0,0
1268,263958,0.88457690,-0.93213247,0.09566538,0.03660298,-0.12748162,0.05138649,0,0,0,0,0
1269,264166,0.91112333,-0.90566527,0.02005637,0.08542750,-0.11183346,0.04159148,0,0,0,0,0
1270,264375,0.95597305,-0.85521062,-0.04602174,0.08625449,-0.12070614,0.02464761,0,0,0,0,0
1271,264583,0.97050709,-0.82270888,-0.09684975,0.08624081,-0.10277133,0.01670471,0,0,0,0,0
1272,264791,0.99640521,-0.77872355,-0.17079143,0.09325844,-0.11806343,0.00819948,0,0,0,0,0
1273,265000,1.01354213,-0.73530967,-0.22756403,0.10549050,-0.10406706,-0.00349056,0,0,0,0,0
1274,265208,1.02391293,-0.68018931,-0.29675396,0.12682029,-0.10293704,-0.01286582,0,0,0,0,0
1275,265416,1.03523121,-0.63423969,-0.35738665,0.13664127,-0.09552930,-0.01770415,0,0,0,0,0
1276,265625,1.04707439,-0.58239967,-0.40930207,0.14129767,-0.10321390,-0.02823321,0,0,0,0,0
1277,265833,1.03604140,-0.52520394,-0.46484402,0.13845199,-0.11166558,-0.04668924,0,0,0,0,0
1278,266041,1.03655194,-0.46343326,-0.53410811,0.16718199,-0.10014323,-0.04292586,0,0,0,0,0
1279,266250,1.03205609,-0.40902631,-0.57664511,0.14854122,-0.09667831,-0.08750051,0,0,0,0,0
1280,266458,1.00217179,-0.34580912,-0.63765101,0.17669391,-0.09216350,-0.08424889,0,0,0,0,0
1281,266666,0.99748046,-0.27959926,-0.67598127,0.17957590,-0.08096883,-0.09147848,0,0,0,0,0
1282,266875,0.98344984,-0.21474197,-0.71234959,0.17335338,-0.06293976,-0.11329767,0,0,0,0,0
1283,267083,0.96680643,-0.15834425,-0.75238702,0.18601664,-0.04745056,-0.09152702,0,0,0,0,0
1284,267291,0.93040059,-0.08331043,-0.80529144,0.19367891,-0.05602812,-0.11288416,0,0,0,0,0
1285,267500,0.89277742,-0.01799579,-0.83190548,0.19651550,-0.04647613,-0.14492782,0,0,0,0,0
1286,267708,0.86458257,0.03613946,-0.87088976,0.19832839,-0.03055698,-0.13004560,0,0,0,0,0
1287,267916,0.82183196,0.11759587,-0.89595612,0.19352919,-0.02596722,-0.14391985,0,0,0,0,0
1288,268125,0.78488935,0.17824179,-0.91630247,0.18130253,0.00136074,-0.15321600,0,0,0,0,0
1289,268333,0.74319500,0.24253689,-0.93571322,0.17484758,-0.01025962,-0.16927051,0,0,0,0,0
1290,268541,0.69617102,0.29767540,-0.94396677,0.18207705,0.01155311,-0.16052901,0,0,0,0,0
1291,268750,0.64547444,0.36420400,-0.95348036,0.16574628,0.01793204,-0.17755644,0,0,0,0,0
1292,268958,0.59515214,0.42156166,-0.96701392,0.16943870,0.02872526,-0.17417121,0,0,0,0,0
1293,269166,0.52930635,0.48326406,-0.97330795,0.16407787,0.03266713,-0.17235508,0,0,0,0,0
1294,269375,0.47592812,0.54128330,-0.96709318,0.15991279,0.04025213,-0.20477034,0,0,0,0,0
1295,269583,0.40748521,0.59276108,-0.96334867,0.14582625,0.05230082,-0.20420952,0,0,0,0,0
1296,269791,0.35238626,0.63982194,-0.96124498,0.15940203,0.06783240,-0.19154691,0,0,0,0,0
1297,270000,0.29460276,0.68411448,-0.93908078,0.16621314,0.07600304,-0.21283545,0,0,0,0,0
1298,270208,0.22470503,0.75275259,-0.91870503,0.14320674,0.09075691,-0.21203745,0,0,0,0,0
1299,270416,0.14679818,0.77731263,-0.89341192,0.15943495,0.10510680,-0.20956055,0,0,0,0,0
1300,270625,0.08930568,0.81933198,-0.86835276,0.12746654,0.11675124,-0.19884090,0,0,0,0,0
1301,270833,0.02968471,0.85512858,-0.84294542,0.12866752,0.10961199,-0.19896295,0,0,0,0,0
1302,271041,-0.04367129,0.89649501,-0.80303801,0.12185095,0.14127536,-0.20291997,0,0,0,0,0
1303,271250,-0.10535078,0.91082864,-0.76638849,0.09527732,0.15300481,-0.20400445,0,0,0,0,0
1304,271458,-0.17191181,0.93455408,-0.71910089,0.10909818,0.18286981,-0.18681467,0,0,0,0,0
1305,271666,-0.23657604,0.94570496,-0.67782438,0.10258947,0.17649877,-0.18602638,0,0,0,0,0
1306,271875,-0.30038441,0.96736969,-0.62800162,0.08034453,0.18901485,-0.17287357,0,0,0,0,0
1307,272083,-0.36606266,0.99080740,-0.56622961,0.08024904,0.21240948,-0.14972297,0,0,0,0,0
1308,272291,-0.42588850,0.99281857,-0.52528205,0.05963163,0.17920007,-0.15170728,0,0,0,0,0
1309,272500,-0.48613652,0.99299592,-0.46447244,0.05727520,0.19726227,-0.13949563,0,0,0,0,0
1310,272708,-0.53740733,0.99052248,-0.41223075,0.02757210,0.21724415,-0.12922822,0,0,0,0,0
1311,272916,-0.59356856,0.98634014,-0.35787441,0.00964688,0.21829707,-0.11705869,0,0,0,0,0
1312,273125,-0.64901977,0.97681896,-0.29511172,0.00236707,0.20028524,-0.10407967,0,0,0,0,0
1313,273333,-0.69712875,0.95636980,-0.23635322,-0.01888371,0.20472869,-0.10037863,0,0,0,0,0
1314,273541,-0.73660115,0.94087826,-0.17176676,-0.02039381,0.19181592,-0.09084233,0,0,0,0,0
1315,273750,-0.77985564,0.91687120,-0.10497340,-0.03732973,0.20178957,-0.05976511,0,0,0,0,0
1316,273958,-0.81163554,0.88765584,-0.04466482,-0.04403147,0.19143285,-0.08876008,0,0,0,0,0
1317,274166,-0.85321864,0.84717342,0.02472461,-0.05896799,0.19907372,-0.06618857,0,0,0,0,0
1318,274375,-0.88881573,0.81807220,0.08568962,-0.06245795,0.18853765,-0.04138927,0,0,0,0,0
1319,274583,-0.90865500,0.76834364,0.14549546,-0.08497287,0.18122705,-0.04937650,0,0,0,0,0
1320,274791,-0.93500021,0.74010349,0.21521897,-0.10283697,0.17113005,-0.03101723,0,0,0,0,0
1321,275000,-0.95208030,0.69205193,0.26550751,-0.10112716,0.16376526,-0.01557625,0,0,0,0,0
1322,275208,-0.97072251,0.65244914,0.33315959,-0.10237669,0.16531256,0.01623419,0,0,0,0,0
1323,275416,-0.96957470,0.59350071,0.39157583,-0.10528309,0.16627587,0.00748918,0,0,0,0,0
1324,275625,-0.97642604,0.54392185,0.45329401,-0.13034324,0.14836425,0.03167685,0,0,0,0,0
1325,275833,-0.98911175,0.49406260,0.50786185,-0.11651015,0.13603705,0.03456329,0,0,0,0,0
1326,276041,-0.97456565,0.43348207,0.56622640,-0.15221188,0.13598446,0.06283879,0,0,0,0,0
1327,276250,-0.96532130,0.37698688,0.61479709,-0.14374247,0.11701081,0.06713440,0,0,0,0,0
1328,276458,-0.95272170,0.31661929,0.67182989,-0.12905299,0.11057548,0.07670275,0,0,0,0,0
1329,276666,-0.94065013,0.25303001,0.70634524,-0.13921066,0.10582474,0.10224520,0,0,0,0,0
1330,276875,-0.92678713,0.19790574,0.75848564,-0.13612092,0.10149621,0.11693761,0,0,0,0,0
1331,277083,-0.89489179,0.13160084,0.79472383,-0.14141809,0.06541895,0.12145766,0,0,0,0,0
1332,277291,-0.88743044,0.06698918,0.82301242,-0.13255260,0.08811656,0.12642998,0,0,0,0,0
1333,277500,-0.85156397,0.00098171,0.85841212,-0.14365403,0.07459160,0.14780173,0,0,0,0,0
1334,277708,-0.80930032,-0.06687908,0.89196699,-0.11955229,0.03524079,0.16571629,0,0,0,0,0
1335,277916,-0.76964663,-0.12403996,0.90776674,-0.13377221,0.03877579,0.18697539,0,0,0,0,0
1336,278125,-0.73406072,-0.19087181,0.94403021,-0.12168039,0.02662510,0.18331077,0,0,0,0,0
1337,278333,-0.68940926,-0.26391198,0.94983600,-0.09583385,0.01616332,0.19145365,0,0,0,0,0
1338,278541,-0.64412157,-0.31078390,0.96668478,-0.10401604,-0.01933257,0.19533911,0,0,0,0,0
1339,278750,-0.59785354,-0.37508620,0.98479256,-0.11446346,-0.01779169,0.22614386,0,0,0,0,0
1340,278958,-0.53906941,-0.42714946,0.98733386,-0.11262249,-0.02648667,0.22539912,0,0,0,0,0
1341,279166,-0.49102563,-0.48964869,0.98135795,-0.08347930,-0.03185824,0.23612549,0,0,0,0,0
1342,279375,-0.42977763,-0.53936721,0.98113214,-0.09822943,-0.03010190,0.24175530,0,0,0,0,0
1343,279583,-0.37995152,-0.60246004,0.96887458,-0.05664423,-0.06169863,0.26815714,0,0,0,0,0
1344,279791,-0.30793762,-0.65031498,0.96249912,-0.09523515,-0.07403373,0.26564760,0,0,0,0,0
1345,280000,-0.25160374,-0.67632835,0.94473424,-0.07740267,-0.09239562,0.27334697,0,0,0,0,0
1346,280208,-0.18191741,-0.73706469,0.92503854,-0.05196821,-0.11583081,0.28063360,0,0,0,0,0
1347,280416,-0.13196329,-0.77182037,0.89534896,-0.05119741,-0.12593453,0.27724139,0,0,0,0,0
1348,280625,-0.06406401,-0.80762878,0.85963153,-0.04972843,-0.14866169,0.27031982,0,0,0,0,0
1349,280833,0.00872755,-0.84300107,0.84421738,-0.05406667,-0.15428408,0.28062902,0,0,0,0,0
1350,281041,0.06974113,-0.87327043,0.78965169,-0.04672154,-0.16454103,0.27267538,0,0,0,0,0
1351,281250,0.11902116,-0.90271093,0.76543970,-0.01438144,-0.19026982,0.29019373,0,0,0,0,0
1352,281458,0.20077661,-0.93074381,0.72242187,-0.01298288,-0.20380754,0.28925273,0,0,0,0,0
1353,281666,0.25584518,-0.94357446,0.66939088,-0.00478275,-0.20342247,0.25703336,0,0,0,0,0
1354,281875,0.32033459,-0.95466649,0.61675470,0.00321929,-0.21704516,0.26183146,0,0,0,0,0
1355,282083,0.39114554,-0.95739824,0.56840119,0.02392201,-0.22561950,0.24662682,0,0,0,0,0
1356,282291,0.43437906,-0.95960729,0.51561740,0.02385445,-0.22347456,0.21727442,0,0,0,0,0
1357,282500,0.49431300,-0.96617732,0.45341391,0.05571750,-0.26517951,0.21533693,0,0,0,0,0
1358,282708,0.54820339,-0.96349852,0.39844207,0.06121707,-0.24912231,0.20286076,0,0,0,0,0
1359,282916,0.60462686,-0.95792564,0.33473490,0.10672854,-0.24082990,0.20418799,0,0,0,0,0
1360,283125,0.64416090,-0.94557748,0.27207559,0.10169401,-0.26789595,0.20400150,0,0,0,0,0
1361,283333,0.70420069,-0.92981844,0.21340419,0.10094446,-0.26890145,0.19210411,0,0,0,0,0
1362,283541,0.74904717,-0.91128687,0.13822343,0.13622614,-0.26133466,0.18289010,0,0,0,0,0
1363,283750,0.78713362,-0.89196716,0.08253996,0.15669750,-0.26537789,0.17763197,0,0,0,0,0
1364,283958,0.82476046,-0.85263914,0.01932265,0.15985641,-0.26622339,0.15475011,0,0,0,0,0
1365,284166,0.86004234,-0.82022265,-0.04300128,0.18614729,-0.26467057,0.17171687,0,0,0,0,0
1366,284375,0.88155672,-0.79197560,-0.11218247,0.17439894,-0.25797776,0.13984453,0,0,0,0,0
1367,284583,0.91053690,-0.74769560,-0.18019329,0.19228579,-0.24945264,0.15661067,0,0,0,0,0
1368,284791,0.93512864,-0.70040324,-0.25431475,0.18543095,-0.25133358,0.12366511,0,0,0,0,0
1369,285000,0.94983149,-0.66116134,-0.30898207,0.19134465,-0.24964141,0.09481231,0,0,0,0,0
1370,285208,0.96261102,-0.61228024,-0.37648879,0.20924841,-0.23578970,0.07661083,0,0,0,0,0
1371,285416,0.96768848,-0.56112896,-0.42918299,0.21305882,-0.23057460,0.09403389,0,0,0,0,0
1372,285625,0.97771592,-0.49697732,-0.48960905,0.21328731,-0.25742425,0.06544517,0,0,0,0,0
1373,285833,0.97120376,-0.45379493,-0.54087345,0.22279141,-0.24084998,0.05149707,0,0,0,0,0
1374,286041,0.96037160,-0.39584193,-0.59901566,0.23164489,-0.19928095,0.05196888,0,0,0,0,0
1375,286250,0.96071111,-0.33837981,-0.66145927,0.23274884,-0.22549796,0.01905307,0,0,0,0,0
1376,286458,0.94066790,-0.27019678,-0.70971161,0.23560440,-0.20642923,0.00885229,0,0,0,0,0
1377,286666,0.93540043,-0.21426300,-0.75111221,0.22265725,-0.20086142,0.00830311,0,0,0,0,0
1378,286875,0.90408905,-0.15516395,-0.80157956,0.23751603,-0.18218432,-0.03065361,0,0,0,0,0
1379,287083,0.88220135,-0.07380270,-0.83104192,0.24403855,-0.17303469,-0.03083838,0,0,0,0,0
1380,287291,0.85816020,-0.02073135,-0.86849194,0.22867814,-0.15892870,-0.01988973,0,0,0,0,0
1381,287500,0.82001848,0.05337933,-0.89737383,0.22303670,-0.13183307,-0.05742144,0,0,0,0,0
1382,287708,0.79527147,0.11019568,-0.94354117,0.23264737,-0.14573193,-0.05725474,0,0,0,0,0
1383,287916,0.74372041,0.16977826,-0.95858516,0.23051639,-0.12507030,-0.06690447,0,0,0,0,0
1384,288125,0.70054866,0.23850332,-0.97972356,0.20797211,-0.12117888,-0.08866885,0,0,0,0,0
1385,288333,0.67457100,0.30834395,-1.00715765,0.21984927,-0.11565278,-0.09295894,0,0,0,0,0
1386,288541,0.62196847,0.35200811,-1.02022013,0.18781246,-0.08692372,-0.11019324,0,0,0,0,0
1387,288750,0.56695672,0.42351089,-1.02240573,0.19067274,-0.08963989,-0.11620190,0,0,0,0,0
1388,288958,0.51618664,0.48769523,-1.03244914,0.20039077,-0.07588612,-0.14492302,0,0,0,0,0
1389,289166,0.46125603,0.54225389,-1.03781477,0.19022624,-0.06469181,-0.14150605,0,0,0,0,0
1390,289375,0.40136065,0.59470523,-1.03281851,0.16818533,-0.05975994,-0.17294294,0,0,0,0,0
1391,289583,0.34251689,0.64873058,-1.01861672,0.17046977,-0.02033485,-0.15791604,0,0,0,0,0
1392,289791,0.27757866,0.70284157,-1.01032356,0.15652419,-0.01784964,-0.17533117,0,0,0,0,0
1393,290000,0.20715889,0.74572629,-0.99314453,0.13326704,-0.01087562,-0.17625398,0,0,0,0,0
1394,290208,0.16112722,0.79469069,-0.97226694,0.14846027,0.01100080,-0.16285579,0,0,0,0,0
1395,290416,0.08125875,0.83370709,-0.95426088,0.12109793,0.02215130,-0.17176843,0,0,0,0,0
1396,290625,0.01590196,0.86851209,-0.92834065,0.10753489,0.05907521,-0.18687955,0,0,0,0,0
1397,290833,-0.03971036,0.90294694,-0.88843950,0.10794400,0.05525501,-0.19809512,0,0,0,0,0
1398,291041,-0.10106059,0.93607273,-0.85545213,0.09497063,0.09859996,-0.17914170,0,0,0,0,0
1399,291250,-0.17686879,0.96152231,-0.80903196,0.09686935,0.08721729,-0.16517160,0,0,0,0,0
1400,291458,-0.23770129,0.97515078,-0.77619333,0.08091939,0.09812491,-0.17648041,0,0,0,0,0
1401,291666,-0.31435403,0.99840382,-0.71825839,0.06431820,0.09936224,-0.18793731,0,0,0,0,0
1402,291875,-0.36667766,1.01337386,-0.67510239,0.06161639,0.11462272,-0.16105348,0,0,0,0,0
1403,292083,-0.42629116,1.02278622,-0.62014841,0.04706881,0.14636221,-0.15413847,0,0,0,0,0
1404,292291,-0.49058826,1.02907953,-0.57522246,0.02731107,0.12508224,-0.15841688,0,0,0,0,0
1405,292500,-0.54570123,1.02318490,-0.50424108,-0.01455808,0.16770590,-0.16588124,0,0,0,0,0
1406,292708,-0.59932513,1.01951325,-0.45160355,-0.02536861,0.16245779,-0.14289081,0,0,0,0,0
1407,292916,-0.66013884,1.01977241,-0.38781729,-0.03041018,0.14025754,-0.12838405,0,0,0,0,0
1408,293125,-0.69934778,0.99843109,-0.32959914,-0.05821998,0.15302946,-0.13126486,0,0,0,0,0
1409,293333,-0.74803496,0.97677478,-0.26561996,-0.07832218,0.17474604,-0.11308661,0,0,0,0,0
1410,293541,-0.79639095,0.95493932,-0.20113654,-0.06497754,0.18134954,-0.13478352,0,0,0,0,0
1411,293750,-0.84707050,0.93100693,-0.13500202,-0.10203040,0.17282359,-0.10858982,0,0,0,0,0
1412,293958,-0.87320986,0.91067099,-0.07505563,-0.10936051,0.18518035,-0.11377378,0,0,0,0,0
1413,294166,-0.91813787,0.87063379,-0.00466288,-0.13883470,0.18270497,-0.09440360,0,0,0,0,0
1414,294375,-0.93195827,0.82895557,0.07114169,-0.14358594,0.17064145,-0.08895776,0,0,0,0,0
1415,294583,-0.95746893,0.79503312,0.12774343,-0.15299155,0.19057913,-0.08099492,0,0,0,0,0
1416,294791,-0.98911347,0.75591355,0.20176007,-0.15869764,0.18022320,-0.06945363,0,0,0,0,0
1417,295000,-0.99540548,0.71029117,0.24950128,-0.18269072,0.17670555,-0.05860969,0,0,0,0,0
1418,295208,-1.01381436,0.65914959,0.31993161,-0.17493052,0.15591580,-0.05430732,0,0,0,0,0
1419,295416,-1.02144898,0.60556249,0.37486335,-0.18250568,0.17193519,-0.04032458,0,0,0,0,0
1420,295625,-1.02375832,0.54927026,0.44296802,-0.20457668,0.15462205,-0.03199568,0,0,0,0,0
1421,295833,-1.01665750,0.48879472,0.49735565,-0.20604338,0.15183422,0.00148412,0,0,0,0,0
1422,296041,-1.02103754,0.43860459,0.55559135,-0.21327445,0.14948780,-0.00212830,0,0,0,0,0
1423,296250,-1.00257602,0.37560054,0.59924583,-0.21926652,0.14296268,0.01309773,0,0,0,0,0
1424,296458,-1.00273364,0.31531659,0.66209798,-0.22841764,0.15460358,0.00367925,0,0,0,0,0
1425,296666,-0.98277344,0.25325094,0.70431565,-0.22024977,0.13951879,0.04494686,0,0,0,0,0
1426,296875,-0.95887396,0.18148418,0.75094709,-0.21860477,0.13268754,0.03769516,0,0,0,0,0
1427,297083,-0.93787645,0.12193748,0.79326776,-0.22919478,0.12430856,0.05867754,0,0,0,0,0
1428,297291,-0.91199963,0.05251134,0.83514213,-0.21993594,0.11308357,0.05690088,0,0,0,0,0
1429,297500,-0.87473589,-0.01133385,0.85942285,-0.24286254,0.11667574,0.05450510,0,0,0,0,0
1430,297708,-0.83757137,-0.08487901,0.89382741,-0.23358158,0.08082586,0.07498737,0,0,0,0,0
1431,297916,-0.80629138,-0.14711897,0.92638338,-0.23821406,0.10010547,0.09913965,0,0,0,0,0
1432,298125,-0.75955155,-0.21580754,0.94395338,-0.23833867,0.08231770,0.11072902,0,0,0,0,0
1433,298333,-0.70897881,-0.26973022,0.97760595,-0.21757878,0.05552801,0.12748016,0,0,0,0,0
1434,298541,-0.66762072,-0.32751026,0.98193267,-0.25296381,0.06090068,0.12469772,0,0,0,0,0
1435,298750,-0.61170144,-0.39558870,0.98954339,-0.21206346,0.02302711,0.12424285,0,0,0,0,0
1436,298958,-0.56399751,-0.45232337,1.01528301,-0.21992852,0.03723902,0.14799270,0,0,0,0,0
1437,299166,-0.49616917,-0.50424246,0.99977256,-0.21529450,0.01899900,0.15264449,0,0,0,0,0
1438,299375,-0.44488009,-0.56571743,0.99088262,-0.21263788,0.00263477,0.16408373,0,0,0,0,0
1439,299583,-0.39611941,-0.62457538,1.00151589,-0.19693771,0.01464622,0.15376980,0,0,0,0,0
1440,299791,-0.32411451,-0.67572734,0.99161958,-0.19354772,-0.02226237,0.16324576,0,0,0,0,0
1441,300000,-0.25582553,-0.72286415,0.97952226,-0.18689651,-0.02709719,0.16837206,0,0,0,0,0
1442,300208,-0.19862811,-0.77495476,0.95236937,-0.17984598,-0.04717198,0.15563845,0,0,0,0,0
1443,300416,-0.12580715,-0.80709563,0.92783849,-0.16805043,-0.04082665,0.15574759,0,0,0,0,0
1444,300625,-0.05517998,-0.84135540,0.90116433,-0.17465278,-0.05764893,0.17240297,0,0,0,0,0
1445,300833,0.00034315,-0.87966123,0.87569453,-0.16291014,-0.07271150,0.17681266,0,0,0,0,0
1446,301041,0.06523296,-0.92474695,0.83520424,-0.14390999,-0.08600786,0.17999788,0,0,0,0,0
1447,301250,0.14232232,-0.95118232,0.79787573,-0.13957690,-0.09482169,0.13923705,0,0,0,0,0
1448,301458,0.20161208,-0.96401066,0.75055332,-0.09694000,-0.11427778,0.14885230,0,0,0,0,0
1449,301666,0.26383049,-0.98876564,0.71037754,-0.11320755,-0.13172919,0.15827678,0,0,0,0,0
1450,301875,0.33633822,-1.00923315,0.65528498,-0.09585327,-0.14001452,0.13661929,0,0,0,0,0
1451,302083,0.39483650,-1.00911482,0.61010266,-0.07676389,-0.13862984,0.11942032,0,0,0,0,0
1452,302291,0.45561065,-1.02239577,0.55400101,-0.07712632,-0.16107020,0.13097864,0,0,0,0,0
1453,302500,0.51818763,-1.03097159,0.50047908,-0.05685540,-0.14049017,0.12308997,0,0,0,0,0
1454,302708,0.56139420,-1.01902294,0.44688185,-0.05652715,-0.16147823,0.10272918,0,0,0,0,0
1455,302916,0.62626440,-1.01774762,0.38434477,-0.03113684,-0.16228572,0.08768937,0,0,0,0,0
1456,303125,0.66837949,-1.00084649,0.32477174,0.00058882,-0.15520857,0.09884246,0,0,0,0,0
1457,303333,0.71247481,-0.97813395,0.25652819,0.01170517,-0.13264707,0.06102058,0,0,0,0,0
1458,303541,0.77040145,-0.95701263,0.20083991,0.03402950,-0.15169554,0.08548123,0,0,0,0,0
1459,303750,0.80821853,-0.94085806,0.13322757,0.02362836,-0.15997835,0.07525805,0,0,0,0,0
1460,303958,0.85558352,-0.91111306,0.06101042,0.04638692,-0.13699224,0.04578146,0,0,0,0,0
1461,304166,0.87610037,-0.88012883,0.00725751,0.05585842,-0.16630309,0.03910182,0,0,0,0,0
1462,304375,0.92275422,-0.84430555,-0.06678712,0.06707861,-0.13406217,0.04013454,0,0,0,0,0
1463,304583,0.94073555,-0.81398486,-0.11744642,0.10097272,-0.13893249,0.03961448,0,0,0,0,0
1464,304791,0.95476597,-0.76185542,-0.19047191,0.09685635,-0.13382710,0.01781086,0,0,0,0,0
1465,305000,0.97869405,-0.71586262,-0.24893172,0.11417858,-0.12883877,0.00090912,0,0,0,0,0
1466,305208,0.99932634,-0.67741786,-0.31745651,0.10667958,-0.13874708,-0.00996602,0,0,0,0,0
1467,305416,0.99917008,-0.62144669,-0.37904053,0.11022750,-0.12726361,-0.01499955,0,0,0,0,0
1468,305625,1.00580395,-0.57008446,-0.43005028,0.12445712,-0.14453151,-0.04095704,0,0,0,0,0
1469,305833,1.00703956,-0.50945580,-0.49073572,0.14729400,-0.11630622,-0.04477955,0,0,0,0,0
1470,306041,1.01657725,-0.46008411,-0.53658882,0.14203425,-0.11103837,-0.03144502,0,0,0,0,0
1471,306250,1.00500425,-0.39806713,-0.60194068,0.14232786,-0.11009287,-0.08135617,0,0,0,0,0
1472,306458,0.99083254,-0.33377500,-0.64978431,0.14280391,-0.09050741,-0.08057304,0,0,0,0,0
1473,306666,0.96956563,-0.28167167,-0.68187294,0.13897028,-0.08007034,-0.08804708,0,0,0,0,0
1474,306875,0.95191064,-0.21212260,-0.73425812,0.13659047,-0.07717209,-0.10177248,0,0,0,0,0
1475,307083,0.92462492,-0.14669747,-0.76404523,0.15748246,-0.06121293,-0.11435658,0,0,0,0,0
1476,307291,0.90308079,-0.07194447,-0.81213806,0.16143280,-0.05824227,-0.10954141,0,0,0,0,0
1477,307500,0.88058752,-0.02219152,-0.84013237,0.15404936,-0.04669261,-0.14460329,0,0,0,0,0
1478,307708,0.84084284,0.05081636,-0.87299700,0.16265061,-0.02791358,-0.16911772,0,0,0,0,0
1479,307916,0.79819753,0.11700336,-0.89857276,0.15157130,-0.02685677,-0.17423264,0,0,0,0,0
1480,308125,0.76396413,0.18102402,-0.92228438,0.17288902,-0.01476308,-0.18504338,0,0,0,0,0
1481,308333,0.72085765,0.25026666,-0.94204072,0.16003377,0.00436940,-0.18018056,0,0,0,0,0
1482,308541,0.67190942,0.30662089,-0.96109086,0.16606696,0.00240539,-0.19579129,0,0,0,0,0
1483,308750,0.61745274,0.36868343,-0.96382372,0.15086197,0.01440918,-0.22366633,0,0,0,0,0
1484,308958,0.56575036,0.42405813,-0.97895651,0.14343318,0.00310337,-0.22321336,0,0,0,0,0
1485,309166,0.50248809,0.47042790,-0.96315371,0.10983424,0.03522796,-0.21876933,0,0,0,0,0
1486,309375,0.45340455,0.53355954,-0.96624348,0.12997719,0.04654748,-0.21204833,0,0,0,0,0
1487,309583,0.40154423,0.58542788,-0.96171509,0.09787166,0.05658916,-0.22019334,0,0,0,0,0
1488,309791,0.33101693,0.63399648,-0.94756572,0.09736958,0.06969385,-0.22934402,0,0,0,0,0
1489,310000,0.26172986,0.68254020,-0.93966787,0.09181412,0.08520008,-0.23423537,0,0,0,0,0
1490,310208,0.20737799,0.73640653,-0.91703320,0.09983337,0.10545686,-0.21278625,0,0,0,0,0
1491,310416,0.15358612,0.76947877,-0.89292289,0.11127910,0.10771546,-0.24822160,0,0,0,0,0
1492,310625,0.08672799,0.81433666,-0.86797268,0.09385422,0.13064059,-0.25175880,0,0,0,0,0
1493,310833,0.01077129,0.84538090,-0.82997679,0.07625123,0.13060147,-0.24906770,0,0,0,0,0
1494,311041,-0.05409531,0.87577651,-0.80151171,0.08387833,0.16609164,-0.24279572,0,0,0,0,0
1495,311250,-0.11837029,0.90705047,-0.75341515,0.06470004,0.17869892,-0.23973955,0,0,0,0,0
1496,311458,-0.17314802,0.92878761,-0.70639024,0.04021911,0.18127569,-0.22770316,0,0,0,0,0
1497,311666,-0.23950243,0.94976414,-0.67182696,0.04284847,0.20344923,-0.21403158,0,0,0,0,0
1498,311875,-0.31485302,0.96649879,-0.62145917,0.01696672,0.21826503,-0.20931758,0,0,0,0,0
1499,312083,-0.36196053,0.96163999,-0.56736464,0.02545743,0.21205537,-0.20909930,0,0,0,0,0
1500,312291,-0.43720429,0.97208060,-0.51469168,0.00920651,0.21907919,-0.19831597,0,0,0,0,0
1501,312500,-0.47251121,0.97773661,-0.46105412,-0.02161131,0.21137842,-0.19789947,0,0,0,0,0
1502,312708,-0.53663227,0.97835339,-0.39525398,-0.01448653,0.21659519,-0.17424491,0,0,0,0,0
1503,312916,-0.60158704,0.96570382,-0.33545327,-0.05667586,0.22484611,-0.14548442,0,0,0,0,0
1504,313125,-0.63942473,0.96078965,-0.27442534,-0.05905271,0.23946385,-0.15117312,0,0,0,0,0
1505,313333,-0.68651354,0.93688927,-0.21449951,-0.06947026,0.21913718,-0.14213181,0,0,0,0,0
1506,313541,-0.73446211,0.91643151,-0.15983167,-0.05945453,0.23283705,-0.14702202,0,0,0,0,0
1507,313750,-0.77943316,0.89420301,-0.09368654,-0.11790593,0.24110536,-0.12803843,0,0,0,0,0
1508,313958,-0.81520480,0.86581342,-0.02080628,-0.08604951,0.23581856,-0.11497101,0,0,0,0,0
1509,314166,-0.84179437,0.83833595,0.03582778,-0.11794106,0.22062495,-0.11463815,0,0,0,0,0
1510,314375,-0.88265591,0.79648647,0.10929766,-0.12807427,0.24526197,-0.09517030,0,0,0,0,0
1511,314583,-0.90618914,0.75570144,0.17358085,-0.11436592,0.21577604,-0.07944160,0,0,0,0,0
1512,314791,-0.92079079,0.71543567,0.23098497,-0.14322482,0.20842565,-0.08310144,0,0,0,0,0
1513,315000,-0.94020162,0.67717765,0.29757786,-0.14673164,0.20030095,-0.06624941,0,0,0,0,0
1514,315208,-0.95355442,0.63378283,0.35895877,-0.15176122,0.21270765,-0.05384111,0,0,0,0,0
1515,315416,-0.96778876,0.57315922,0.41699231,-0.16155761,0.20568051,-0.03980538,0,0,0,0,0
1516,315625,-0.97005088,0.53064564,0.46172579,-0.15680405,0.19541439,-0.02080948,0,0,0,0,0
1517,315833,-0.96263850,0.45910279,0.53262403,-0.15115752,0.18831139,-0.00139567,0,0,0,0,0
1518,316041,-0.96638439,0.41455031,0.58469898,-0.16799021,0.18260696,0.01395536,0,0,0,0,0
1519,316250,-0.96173985,0.35508176,0.64516908,-0.17951634,0.17311210,0.02221909,0,0,0,0,0
1520,316458,-0.95172618,0.30072039,0.68148836,-0.16647153,0.17890206,0.03089986,0,0,0,0,0
1521,316666,-0.93077692,0.22619881,0.73261997,-0.19561766,0.15822156,0.04580037,0,0,0,0,0
1522,316875,-0.91225084,0.16865381,0.77129290,-0.17241385,0.12776301,0.07191973,0,0,0,0,0
1523,317083,-0.89035154,0.10322599,0.81191673,-0.17780967,0.12554578,0.08441631,0,0,0,0,0
1524,317291,-0.85825444,0.03812296,0.84827888,-0.16183697,0.13321879,0.08175444,0,0,0,0,0
1525,317500,-0.83256682,-0.02570512,0.88474193,-0.19505597,0.10604038,0.10218502,0,0,0,0,0
1526,317708,-0.79550252,-0.09431093,0.91628052,-0.18994013,0.10767847,0.09046582,0,0,0,0,0
1527,317916,-0.76657946,-0.15138045,0.93470265,-0.17697658,0.07218005,0.12262697,0,0,0,0,0
1528,318125,-0.72182576,-0.21484480,0.96405128,-0.15530593,0.08858586,0.13700553,0,0,0,0,0
1529,318333,-0.67197855,-0.27954928,0.98311871,-0.15726794,0.03752171,0.13048877,0,0,0,0,0
1530,318541,-0.63091486,-0.34183371,0.99346379,-0.14103634,0.04332790,0.16691735,0,0,0,0,0
1531,318750,-0.57243036,-0.39516274,1.00117359,-0.16744018,0.04389363,0.17243347,0,0,0,0,0
1532,318958,-0.52492652,-0.46804999,1.00455945,-0.12984006,0.00352580,0.18175397,0,0,0,0,0
1533,319166,-0.46842162,-0.51510366,1.00454987,-0.12555360,0.02490241,0.18026776,0,0,0,0,0
1534,319375,-0.41257548,-0.57048119,1.01274335,-0.13189757,-0.00522919,0.19914742,0,0,0,0,0
1535,319583,-0.35885078,-0.61731475,0.99281043,-0.12793554,-0.01382228,0.20907178,0,0,0,0,0
1536,319791,-0.29184209,-0.67240255,0.98853510,-0.11778797,-0.01922079,0.20844502,0,0,0,0,0
1537,320000,-0.22439841,-0.72536420,0.96822093,-0.10818096,-0.04274310,0.23367407,0,0,0,0,0
1538,320208,-0.15993863,-0.75984123,0.95185512,-0.10473016,-0.04502646,0.24454770,0,0,0,0,0
1539,320416,-0.11104551,-0.80350261,0.93607919,-0.09493531,-0.06561563,0.23002254,0,0,0,0,0
1540,320625,-0.03226410,-0.83856531,0.89568293,-0.09098149,-0.08883977,0.23226038,0,0,0,0,0
1541,320833,0.02768866,-0.87465584,0.86141469,-0.08596241,-0.12344469,0.21747660,0,0,0,0,0
1542,321041,0.07933258,-0.90290779,0.83233547,-0.07701610,-0.13909475,0.22587013,0,0,0,0,0
1543,321250,0.14930043,-0.93175459,0.77877532,-0.06053185,-0.14544896,0.22524679,0,0,0,0,0
1544,321458,0.21542054,-0.95101340,0.74232410,-0.05911573,-0.16038957,0.22318231,0,0,0,0,0
1545,321666,0.27855607,-0.96826430,0.69966801,-0.01358641,-0.16463507,0.20513708,0,0,0,0,0
1546,321875,0.34391102,-0.97707021,0.64875789,-0.01759385,-0.19060297,0.21970107,0,0,0,0,0
1547,322083,0.40384387,-0.99971132,0.59197713,0.00066219,-0.17820375,0.19579256,0,0,0,0,0
1548,322291,0.46076850,-1.01149637,0.54120798,0.03388718,-0.18506884,0.21244120,0,0,0,0,0
1549,322500,0.53085485,-1.00168691,0.48722538,0.02790296,-0.18618613,0.19698494,0,0,0,0,0
1550,322708,0.57524776,-0.99329880,0.42217722,0.04518981,-0.21436398,0.18653730,0,0,0,0,0
1551,322916,0.62706400,-0.98990783,0.36317499,0.06085385,-0.19068842,0.16476477,0,0,0,0,0
1552,323125,0.68419523,-0.97722999,0.30095218,0.08028615,-0.21653573,0.16009630,0,0,0,0,0
1553,323333,0.72042715,-0.95446722,0.23411677,0.07716128,-0.22108620,0.14555296,0,0,0,0,0
1554,323541,0.76262513,-0.93236855,0.17267264,0.11151471,-0.21470294,0.15827977,0,0,0,0,0
1555,323750,0.80954417,-0.90758795,0.11481970,0.14670932,-0.22507954,0.12185261,0,0,0,0,0
1556,323958,0.84202152,-0.87486739,0.04604620,0.14243424,-0.22016161,0.13262463,0,0,0,0,0
1557,324166,0.88700912,-0.83932031,-0.02117348,0.14267677,-0.21986632,0.11649135,0,0,0,0,0
1558,324375,0.90620531,-0.80316539,-0.08645929,0.16047444,-0.21223720,0.12124122,0,0,0,0,0
1559,324583,0.93743574,-0.77188704,-0.15637726,0.17431510,-0.22030332,0.10901077,0,0,0,0,0
1560,324791,0.96196329,-0.72134617,-0.21938739,0.16805088,-0.21387056,0.11436475,0,0,0,0,0
1561,325000,0.96765712,-0.67525980,-0.26982654,0.19759465,-0.21529857,0.09701740,0,0,0,0,0
1562,325208,0.99493990,-0.63590128,-0.34264873,0.18801433,-0.22235929,0.06742230,0,0,0,0,0
1563,325416,0.99204214,-0.57159358,-0.40118685,0.20854726,-0.20644816,0.06571438,0,0,0,0,0
1564,325625,0.99874185,-0.52543261,-0.46522035,0.21043609,-0.19941892,0.05500883,0,0,0,0,0
1565,325833,0.98628284,-0.46700060,-0.51390069,0.20660462,-0.18067237,0.03168754,0,0,0,0,0
1566,326041,0.98644224,-0.41529171,-0.58064800,0.22387917,-0.18427211,0.01673865,0,0,0,0,0
1567,326250,0.98871195,-0.36055289,-0.63794931,0.23140862,-0.18515671,0.00543626,0,0,0,0,0
1568,326458,0.96731018,-0.28888130,-0.68569095,0.22463460,-0.17124605,-0.00307233,0,0,0,0,0
1569,326666,0.95396549,-0.23469399,-0.72832180,0.22397312,-0.15888525,-0.00944206,0,0,0,0,0
1570,326875,0.93582405,-0.16100966,-0.76567250,0.24320000,-0.15702220,-0.02827943,0,0,0,0,0
1571,327083,0.89680042,-0.08812197,-0.81125540,0.24386191,-0.16093010,-0.04108960,0,0,0,0,0
1572,327291,0.88286643,-0.03128167,-0.85644382,0.23619351,-0.15058474,-0.04887241,0,0,0,0,0
1573,327500,0.84394087,0.03749171,-0.88542180,0.23693107,-0.14645522,-0.05857752,0,0,0,0,0
1574,327708,0.80766321,0.08979321,-0.92419327,0.23103663,-0.11354590,-0.06549712,0,0,0,0,0
1575,327916,0.77391669,0.16208601,-0.95029909,0.23600916,-0.11044941,-0.09032392,0,0,0,0,0
1576,328125,0.73437063,0.23174790,-0.96814396,0.21827447,-0.08704804,-0.08993837,0,0,0,0,0
1577,328333,0.69361360,0.28646241,-0.97656394,0.21545527,-0.07997393,-0.10048705,0,0,0,0,0
1578,328541,0.63626080,0.35310264,-0.99967494,0.22562010,-0.07789739,-0.11380883,0,0,0,0,0
1579,328750,0.58635046,0.40877906,-1.02334167,0.23208280,-0.05900615,-0.11932768,0,0,0,0,0
1580,328958,0.52284940,0.47277441,-1.01951192,0.20868280,-0.04679508,-0.13149089,0,0,0,0,0
1581,329166,0.47871593,0.52756632,-1.03333228,0.20955532,-0.04282980,-0.14015239,0,0,0,0,0
1582,329375,0.40954911,0.58517036,-1.00878397,0.20626739,-0.03219775,-0.15347605,0,0,0,0,0
1583,329583,0.36998473,0.63423986,-1.01687427,0.17327363,-0.00036487,-0.16866671,0,0,0,0,0
1584,329791,0.29123584,0.69141200,-1.00774779,0.16836750,-0.00810853,-0.16345916,0,0,0,0,0
1585,330000,0.22435698,0.73553910,-0.98946679,0.15733875,-0.00341946,-0.16503970,0,0,0,0,0
1586,330208,0.16736097,0.78244540,-0.97220319,0.14955055,0.01666132,-0.15635248,0,0,0,0,0
1587,330416,0.10974227,0.82274097,-0.94545440,0.15279401,0.03519265,-0.17961489,0,0,0,0,0
1588,330625,0.02911012,0.85317180,-0.91824577,0.13378060,0.06049859,-0.17287408,0,0,0,0,0
1589,330833,-0.02237927,0.90120274,-0.88501018,0.12730954,0.07908408,-0.17271778,0,0,0,0,0
1590,331041,-0.09036269,0.92704731,-0.84983267,0.13721357,0.06738448,-0.16434256,0,0,0,0,0
1591,331250,-0.15949492,0.95547803,-0.79785852,0.12193131,0.08110555,-0.18257612,0,0,0,0,0
1592,331458,-0.22961097,0.98329156,-0.76591055,0.09643961,0.11973880,-0.15852187,0,0,0,0,0
1593,331666,-0.29467591,0.99212048,-0.71854152,0.09089240,0.12810710,-0.15035837,0,0,0,0,0
1594,331875,-0.34897305,1.01856310,-0.67663229,0.06687398,0.12459550,-0.14220986,0,0,0,0,0
1595,332083,-0.41713540,1.02475503,-0.61912790,0.06379046,0.14625352,-0.15349632,0,0,0,0,0
1596,332291,-0.46889816,1.03634210,-0.56452179,0.04133974,0.13618854,-0.14046116,0,0,0,0,0
1597,332500,-0.54460834,1.03244184,-0.50459187,0.03262721,0.15538691,-0.13488082,0,0,0,0,0
1598,332708,-0.58292955,1.01430829,-0.44943484,0.00898564,0.15657135,-0.13395232,0,0,0,0,0
1599,332916,-0.65010246,1.01772007,-0.38881195,0.01170074,0.16616433,-0.12098565,0,0,0,0,0
1600,333125,-0.68475002,1.00928980,-0.32801278,-0.02053865,0.15442200,-0.08753178,0,0,0,0,0
1601,333333,-0.73199875,0.98453609,-0.26423257,-0.03955353,0.16283279,-0.10529855,0,0,0,0,0
1602,333541,-0.78562256,0.96409245,-0.20507600,-0.05917880,0.16245448,-0.09484414,0,0,0,0,0
1603,333750,-0.82527400,0.94745897,-0.14414308,-0.05154286,0.16599071,-0.08733695,0,0,0,0,0
1604,333958,-0.86661885,0.90928503,-0.07807107,-0.08257083,0.17758611,-0.07850803,0,0,0,0,0
1605,334166,-0.89971887,0.89366936,-0.00617096,-0.08331666,0.16863440,-0.07821990,0,0,0,0,0
1606,334375,-0.92955217,0.84642576,0.06061142,-0.11786779,0.14564901,-0.04948175,0,0,0,0,0
1607,334583,-0.94927436,0.80049392,0.11053008,-0.10253143,0.16231968,-0.04104042,0,0,0,0,0
1608,334791,-0.97366871,0.75668004,0.19039843,-0.14238314,0.15183313,-0.05165660,0,0,0,0,0
1609,335000,-1.00116223,0.71348290,0.25651456,-0.16025155,0.16249082,-0.02372768,0,0,0,0,0
1610,335208,-1.00549508,0.67621297,0.31290338,-0.15395637,0.16049290,-0.01713749,0,0,0,0,0
1611,335416,-1.01650130,0.62373429,0.38213568,-0.16172180,0.13517628,-0.03057281,0,0,0,0,0
1612,335625,-1.01290226,0.55970367,0.42869030,-0.14334566,0.14299717,0.01155011,0,0,0,0,0
1613,335833,-1.01743936,0.50532594,0.49669537,-0.15862393,0.15896497,0.04305684,0,0,0,0,0
1614,336041,-1.01781254,0.44896473,0.54162202,-0.18275284,0.11871082,0.02150347,0,0,0,0,0
1615,336250,-1.00731554,0.39073972,0.60260218,-0.19003973,0.12090866,0.04052277,0,0,0,0,0
1616,336458,-0.99993792,0.33476416,0.64637028,-0.19842626,0.11589714,0.03988003,0,0,0,0,0
1617,336666,-0.98017660,0.26488389,0.70067772,-0.18161866,0.11202597,0.07339422,0,0,0,0,0
1618,336875,-0.96530347,0.20636791,0.71836525,-0.18642317,0.09002708,0.06425703,0,0,0,0,0
1619,337083,-0.93631120,0.13065332,0.77923218,-0.19856345,0.09851636,0.10050842,0,0,0,0,0
1620,337291,-0.90669356,0.06538050,0.81158729,-0.18965506,0.07453165,0.09817537,0,0,0,0,0
1621,337500,-0.87089701,0.00291021,0.84689319,-0.20572412,0.08236645,0.10920789,0,0,0,0,0
1622,337708,-0.84872797,-0.06622393,0.88116112,-0.20762938,0.04772050,0.12267902,0,0,0,0,0
1623,337916,-0.80389573,-0.13182569,0.90740777,-0.19798633,0.05888660,0.11770612,0,0,0,0,0
1624,338125,-0.76777152,-0.19968753,0.92947344,-0.19109023,0.02891268,0.13458674,0,0,0,0,0
1625,338333,-0.71965409,-0.25805461,0.95499659,-0.19096812,0.03326807,0.14217504,0,0,0,0,0
1626,338541,-0.66928635,-0.31617269,0.97118877,-0.17021927,0.03570807,0.13935073,0,0,0,0,0
1627,338750,-0.62038428,-0.38385557,0.97934135,-0.17093313,0.01377587,0.16404409,0,0,0,0,0
1628,338958,-0.56309529,-0.44737264,0.98383403,-0.16606104,-0.01230974,0.15463514,0,0,0,0,0
1629,339166,-0.51196283,-0.49463183,0.97774949,-0.15952183,-0.03352773,0.18228703,0,0,0,0,0
1630,339375,-0.46024354,-0.55172650,0.98705510,-0.16897484,-0.02570176,0.19067082,0,0,0,0,0
1631,339583,-0.38549198,-0.61005333,0.97471098,-0.13756686,-0.02411341,0.18771368,0,0,0,0,0
1632,339791,-0.33300515,-0.65830319,0.97149244,-0.12259938,-0.03382818,0.19780012,0,0,0,0,0
1633,340000,-0.26958770,-0.70526696,0.96075120,-0.15923610,-0.05745800,0.18983135,0,0,0,0,0
1634,340208,-0.20549317,-0.74514795,0.92912468,-0.14574899,-0.08046040,0.20979581,0,0,0,0,0
1635,340416,-0.14379435,-0.78162754,0.90678411,-0.13952624,-0.07603411,0.20430534,0,0,0,0,0
1636,340625,-0.07651912,-0.83458102,0.89229891,-0.13355404,-0.08928066,0.19264237,0,0,0,0,0
1637,340833,-0.01030728,-0.85528867,0.85395251,-0.10935824,-0.11914939,0.22611456,0,0,0,0,0
1638,341041,0.06223746,-0.89538731,0.80830667,-0.11586900,-0.13247093,0.20588984,0,0,0,0,0
1639,341250,0.12077479,-0.93269313,0.76757213,-0.09503498,-0.14338149,0.19211852,0,0,0,0,0
1640,341458,0.20019363,-0.93560502,0.72943217,-0.08288105,-0.15000512,0.18375003,0,0,0,0,0
1641,341666,0.25766027,-0.97450942,0.68725201,-0.09120216,-0.14666187,0.19014985,0,0,0,0,0
1642,341875,0.31368924,-0.97891816,0.63528776,-0.06627633,-0.18195134,0.18839400,0,0,0,0,0
1643,342083,0.37884135,-0.99418509,0.58613286,-0.06189922,-0.18269393,0.16381661,0,0,0,0,0
1644,342291,0.43447326,-1.00893006,0.53610202,-0.03578346,-0.18568530,0.15680003,0,0,0,0,0
1645,342500,0.50639925,-0.99313615,0.48461998,0.00074679,-0.19120269,0.13639414,0,0,0,0,0
1646,342708,0.55845257,-0.99025778,0.41855754,0.00255738,-0.20933934,0.14192506,0,0,0,0,0
1647,342916,0.60355214,-0.99030715,0.36111148,0.01911535,-0.17367380,0.13843966,0,0,0,0,0
1648,343125,0.65885902,-0.97439711,0.30399665,0.03777651,-0.20434503,0.11875471,0,0,0,0,0
1649,343333,0.70029308,-0.95545878,0.23849485,0.03205738,-0.18477713,0.10879127,0,0,0,0,0
1650,343541,0.74688683,-0.93749940,0.17627945,0.05196201,-0.19918508,0.09373146,0,0,0,0,0
1651,343750,0.78826066,-0.91753675,0.11310586,0.04987138,-0.19961363,0.09964422,0,0,0,0,0
1652,343958,0.82026569,-0.88607573,0.04260356,0.08663312,-0.19385159,0.08974134,0,0,0,0,0
1653,344166,0.86779132,-0.85964685,-0.02271924,0.09551764,-0.18353589,0.08760093,0,0,0,0,0
1654,344375,0.90065344,-0.82543414,-0.07616113,0.10878593,-0.19749672,0.05672055,0,0,0,0,0
1655,344583,0.92105501,-0.78107269,-0.13882454,0.10022848,-0.17479225,0.04435464,0,0,0,0,0
1656,344791,0.94297528,-0.73611050,-0.21000357,0.12546899,-0.19467569,0.06277532,0,0,0,0,0
1657,345000,0.96303684,-0.69994094,-0.26923896,0.13536016,-0.20179576,0.02915097,0,0,0,0,0
1658,345208,0.96799926,-0.65709327,-0.33672595,0.15641576,-0.16162673,0.01385496,0,0,0,0,0
1659,345416,0.98744466,-0.59832252,-0.38503947,0.14126866,-0.18011221,0.01662850,0,0,0,0,0
1660,345625,0.99301438,-0.54378642,-0.45352696,0.14406607,-0.14276586,-0.00422551,0,0,0,0,0
1661,345833,0.99111269,-0.49284454,-0.50286039,0.14681917,-0.16245873,-0.02139870,0,0,0,0,0
1662,346041,0.97974381,-0.43811475,-0.55218097,0.15052742,-0.16475151,-0.02380681,0,0,0,0,0
1663,346250,0.98148437,-0.37883163,-0.61188712,0.17348723,-0.14171010,-0.05871927,0,0,0,0,0
1664,346458,0.97314544,-0.31229926,-0.66647674,0.15826579,-0.14564269,-0.05028117,0,0,0,0,0
1665,346666,0.96253561,-0.24478123,-0.70158088,0.15377802,-0.09817243,-0.07425634,0,0,0,0,0
1666,346875,0.93251811,-0.19079305,-0.75678843,0.17354134,-0.09408609,-0.09525654,0,0,0,0,0
1667,347083,0.91497317,-0.12616374,-0.79403333,0.14636347,-0.09205000,-0.11407235,0,0,0,0,0
1668,347291,0.88073054,-0.06357827,-0.82606671,0.14766441,-0.08319821,-0.10522553,0,0,0,0,0
1669,347500,0.84459852,-0.00013230,-0.84992449,0.16867091,-0.09420695,-0.12930229,0,0,0,0,0
1670,347708,0.82822803,0.07318019,-0.88833254,0.16969401,-0.05509603,-0.12575681,0,0,0,0,0
1671,347916,0.78811232,0.14173497,-0.92148910,0.17127084,-0.05543343,-0.13966855,0,0,0,0,0
1672,348125,0.74249383,0.20141042,-0.93911359,0.17815612,-0.03650842,-0.15537224,0,0,0,0,0
1673,348333,0.69262020,0.25487015,-0.95170214,0.15065338,-0.04108778,-0.17250334,0,0,0,0,0
1674,348541,0.64627498,0.31615678,-0.96806952,0.14133508,-0.00734769,-0.19073143,0,0,0,0,0
1675,348750,0.59925781,0.39318550,-0.98282739,0.14549465,-0.02461964,-0.20639684,0,0,0,0,0
1676,348958,0.55729693,0.44046621,-0.99438070,0.12062737,0.01458369,-0.18616820,0,0,0,0,0
1677,349166,0.49319412,0.48946866,-0.99583411,0.12216567,-0.00235612,-0.22265529,0,0,0,0,0
1678,349375,0.44430138,0.54481037,-0.99067423,0.12372060,0.02470911,-0.21919636,0,0,0,0,0
1679,349583,0.37493529,0.60477149,-0.98346492,0.10524798,0.02206686,-0.21683792,0,0,0,0,0
1680,349791,0.32021522,0.65214992,-0.96819192,0.11842292,0.05581046,-0.23790014,0,0,0,0,0
1681,350000,0.25047651,0.69257031,-0.94781728,0.08921764,0.07603817,-0.22722270,0,0,0,0,0
1682,350208,0.19235160,0.74980789,-0.93095494,0.11356825,0.06166176,-0.23745815,0,0,0,0,0
1683,350416,0.12808453,0.77542151,-0.90518867,0.08576208,0.07769707,-0.24611285,0,0,0,0,0
1684,350625,0.06120143,0.82291606,-0.87686910,0.09788505,0.11560518,-0.22396028,0,0,0,0,0
1685,350833,-0.01897966,0.86169337,-0.84792998,0.08251820,0.12996868,-0.25341545,0,0,0,0,0
1686,351041,-0.06920398,0.88242759,-0.81405430,0.06688567,0.12825828,-0.25054959,0,0,0,0,0
1687,351250,-0.14113032,0.91571102,-0.77037201,0.04240154,0.16332331,-0.22707868,0,0,0,0,0
1688,351458,-0.19403731,0.93216012,-0.72118703,0.05256504,0.16432459,-0.21960386,0,0,0,0,0
1689,351666,-0.25447273,0.94855361,-0.68274318,0.04996917,0.17231225,-0.22737453,0,0,0,0,0
1690,351875,-0.32732527,0.96088397,-0.62311736,0.02740279,0.17292083,-0.20850362,0,0,0,0,0
1691,352083,-0.39083724,0.98149646,-0.57379804,-0.00847769,0.19538343,-0.20735013,0,0,0,0,0
1692,352291,-0.44362873,0.98219312,-0.52617048,0.00622245,0.19679265,-0.21237190,0,0,0,0,0
1693,352500,-0.50595911,0.99362122,-0.46070035,-0.02656932,0.19651088,-0.18797487,0,0,0,0,0
1694,352708,-0.55039882,0.97853788,-0.40661556,-0.02376061,0.21180089,-0.16506586,0,0,0,0,0
1695,352916,-0.61018995,0.96614978,-0.35698652,-0.03688322,0.21436201,-0.16787041,0,0,0,0,0
1696,353125,-0.65257076,0.96039180,-0.28846475,-0.06438831,0.22546388,-0.16816833,0,0,0,0,0
1697,353333,-0.70706123,0.94401098,-0.21738919,-0.07798117,0.23747408,-0.14180544,0,0,0,0,0
1698,353541,-0.75513221,0.91790661,-0.15435468,-0.09968102,0.22098858,-0.14552208,0,0,0,0,0
1699,353750,-0.79142040,0.90115372,-0.08402742,-0.10472490,0.23425608,-0.11643318,0,0,0,0,0
1700,353958,-0.83677136,0.86373259,-0.04163222,-0.10569960,0.22045228,-0.14372553,0,0,0,0,0
1701,354166,-0.86401899,0.83615846,0.03591861,-0.12893432,0.19995213,-0.11528602,0,0,0,0,0
1702,354375,-0.90134756,0.81291660,0.09507717,-0.13624087,0.21547361,-0.09565318,0,0,0,0,0
1703,354583,-0.91098256,0.76516126,0.15805832,-0.16523962,0.23661133,-0.09635659,0,0,0,0,0
1704,354791,-0.94218967,0.72625057,0.22722947,-0.16592531,0.21479865,-0.06572742,0,0,0,0,0
1705,355000,-0.96566937,0.67675160,0.30173112,-0.16328917,0.21267907,-0.07348102,0,0,0,0,0
1706,355208,-0.97271995,0.62194205,0.35714476,-0.18077243,0.21383891,-0.05244405,0,0,0,0,0
1707,355416,-0.97784207,0.57719978,0.40828976,-0.17222144,0.21770987,-0.07177212,0,0,0,0,0
1708,355625,-0.97982949,0.52028257,0.48084383,-0.19792781,0.18985269,-0.03390261,0,0,0,0,0
1709,355833,-0.97739046,0.46754324,0.52676970,-0.20809951,0.19229245,-0.03534373,0,0,0,0,0
1710,356041,-0.96951794,0.40517674,0.57523407,-0.19361341,0.17955760,-0.00960906,0,0,0,0,0
1711,356250,-0.96636422,0.34602277,0.63671554,-0.19845137,0.18423111,0.00557655,0,0,0,0,0
1712,356458,-0.95352731,0.29048865,0.69011712,-0.20475035,0.16184487,0.00905103,0,0,0,0,0
1713,356666,-0.93957639,0.22956847,0.73801558,-0.20181580,0.15352306,0.03274983,0,0,0,0,0
1714,356875,-0.92695572,0.15585943,0.77727645,-0.21014653,0.14532824,0.04833004,0,0,0,0,0
1715,357083,-0.89001230,0.09260536,0.82531657,-0.20037443,0.15776745,0.06772862,0,0,0,0,0
1716,357291,-0.86195376,0.03491047,0.84963897,-0.20190774,0.12336297,0.06643388,0,0,0,0,0
1717,357500,-0.84397328,-0.02755807,0.89081315,-0.21521524,0.11071726,0.06730360,0,0,0,0,0
1718,357708,-0.80323639,-0.10210404,0.91302631,-0.21559584,0.13404490,0.08077122,0,0,0,0,0
1719,357916,-0.77696352,-0.16667730,0.93574356,-0.19654296,0.10315929,0.10419189,0,0,0,0,0
1720,358125,-0.71623116,-0.23121250,0.96658453,-0.18523125,0.08130226,0.10786160,0,0,0,0,0
1721,358333,-0.67537318,-0.28514666,0.98681731,-0.17573487,0.06421402,0.10758411,0,0,0,0,0
1722,358541,-0.63557423,-0.35082958,0.99787502,-0.18683531,0.05191997,0.12047235,0,0,0,0,0
1723,358750,-0.58598472,-0.41081947,1.01635517,-0.18981505,0.04751110,0.12969078,0,0,0,0,0
1724,358958,-0.53402561,-0.46480141,1.00882666,-0.17384226,0.03632570,0.15411737,0,0,0,0,0
1725,359166,-0.46824231,-0.52855999,1.02187534,-0.17721891,0.01822456,0.16385514,0,0,0,0,0
1726,359375,-0.41403798,-0.57711928,1.01331782,-0.15338167,0.02280046,0.16659817,0,0,0,0,0
1727,359583,-0.34920325,-0.63159294,1.00295776,-0.13070156,0.00477631,0.16931489,0,0,0,0,0
1728,359791,-0.29083330,-0.68238027,0.99807400,-0.15629885,-0.00361923,0.19781366,0,0,0,0,0
1729,360000,-0.22397934,-0.73195888,0.97434795,-0.13334923,-0.02183916,0.19563350,0,0,0,0,0
1730,360208,-0.16780798,-0.76900725,0.95520471,-0.13003651,-0.02375063,0.20022587,0,0,0,0,0
1731,360416,-0.10019811,-0.81692593,0.93237704,-0.12281861,-0.05851125,0.22269421,0,0,0,0,0
1732,360625,-0.04104836,-0.85411042,0.90263653,-0.10356300,-0.06329157,0.20362984,0,0,0,0,0
1733,360833,0.02712270,-0.88592861,0.87265504,-0.09446260,-0.08881212,0.20520060,0,0,0,0,0
1734,361041,0.09909814,-0.92140234,0.83837951,-0.09834554,-0.10663400,0.19119131,0,0,0,0,0
1735,361250,0.16152141,-0.94541806,0.79917517,-0.08138445,-0.13569952,0.20334560,0,0,0,0,0
1736,361458,0.23306432,-0.95779683,0.75178098,-0.06100934,-0.13590673,0.18681902,0,0,0,0,0
1737,361666,0.28791904,-0.98595306,0.70796036,-0.06336092,-0.12970506,0.17890736,0,0,0,0,0
1738,361875,0.34718275,-0.99735194,0.65898040,-0.02803406,-0.13544891,0.18329620,0,0,0,0,0
1739,362083,0.41655297,-1.01224249,0.60631300,-0.03604612,-0.14817856,0.18191571,0,0,0,0,0
1740,362291,0.46578545,-1.01621289,0.55589067,-0.02013901,-0.17712124,0.16275743,0,0,0,0,0
1741,362500,0.52114285,-1.00864001,0.49692114,-0.01061889,-0.16740241,0.16408206,0,0,0,0,0
1742,362708,0.58556140,-1.00780021,0.43273449,0.01659003,-0.18099220,0.14050730,0,0,0,0,0
1743,362916,0.63109701,-1.00229448,0.35916234,0.03602157,-0.18826698,0.14726278,0,0,0,0,0
1744,363125,0.68200655,-0.99076275,0.31560717,0.04341834,-0.18936519,0.13294549,0,0,0,0,0
1745,363333,0.73212910,-0.97657876,0.25817988,0.06812814,-0.20290043,0.12610899,0,0,0,0,0
1746,363541,0.77809647,-0.94407717,0.18999520,0.09106423,-0.18724353,0.11005368,0,0,0,0,0
1747,363750,0.82624383,-0.91933554,0.13169792,0.11752995,-0.17895310,0.10953777,0,0,0,0,0
1748,363958,0.85708764,-0.89690754,0.06003029,0.09321056,-0.19800921,0.11232945,0,0,0,0,0
1749,364166,0.89528815,-0.85814269,0.00165834,0.12656347,-0.18012005,0.07584172,0,0,0,0,0
1750,364375,0.93680078,-0.81678363,-0.07307544,0.14375062,-0.17783460,0.09215212,0,0,0,0,0
1751,364583,0.94877211,-0.77647663,-0.13262294,0.16241457,-0.18489404,0.07404142,0,0,0,0,0
1752,364791,0.96984927,-0.74816039,-0.20676199,0.16318717,-0.18364091,0.07655030,0,0,0,0,0
1753,365000,0.98473787,-0.70581653,-0.26621198,0.17353215,-0.17806886,0.07108272,0,0,0,0,0
1754,365208,1.00174267,-0.65183550,-0.32770150,0.17313342,-0.17144505,0.03831518,0,0,0,0,0
1755,365416,0.99837568,-0.59044847,-0.39010246,0.20141852,-0.17519288,0.02767870,0,0,0,0,0
1756,365625,1.00939834,-0.54141922,-0.44789157,0.18469114,-0.18138644,0.04716863,0,0,0,0,0
1757,365833,1.01126443,-0.47957901,-0.50123760,0.18986681,-0.15097283,0.01628319,0,0,0,0,0
1758,366041,1.01305002,-0.43049483,-0.56676429,0.20117212,-0.14952624,0.00694415,0,0,0,0,0
1759,366250,1.00855515,-0.37388584,-0.62325255,0.18901122,-0.18117110,-0.00827230,0,0,0,0,0
1760,366458,0.99071900,-0.30479217,-0.67401056,0.18139088,-0.13814856,-0.03322576,0,0,0,0,0
1761,366666,0.96636470,-0.25196830,-0.72048512,0.20242601,-0.15765437,-0.02642593,0,0,0,0,0
1762,366875,0.94677603,-0.17635050,-0.75628019,0.17911133,-0.12745856,-0.03463682,0,0,0,0,0
1763,367083,0.92832598,-0.10542146,-0.79626760,0.20990212,-0.12085325,-0.06287596,0,0,0,0,0
1764,367291,0.90296349,-0.05153257,-0.82478983,0.19508455,-0.12018373,-0.06705790,0,0,0,0,0
1765,367500,0.87054202,0.00677888,-0.86704994,0.21330142,-0.07793354,-0.08396806,0,0,0,0,0
1766,367708,0.82373700,0.08487681,-0.90473814,0.22556575,-0.08401553,-0.08370575,0,0,0,0,0
1767,367916,0.78704478,0.14643254,-0.94010725,0.21254495,-0.07795940,-0.09895755,0,0,0,0,0
1768,368125,0.75333643,0.21479177,-0.94508257,0.20735687,-0.06864860,-0.10230562,0,0,0,0,0
1769,368333,0.70513933,0.28081984,-0.96270075,0.20519165,-0.04603574,-0.14077012,0,0,0,0,0
1770,368541,0.65982421,0.34321773,-0.99086624,0.21142456,-0.04045015,-0.12721554,0,0,0,0,0
1771,368750,0.60722939,0.40088294,-0.99702545,0.18607087,-0.03517391,-0.13323333,0,0,0,0,0
1772,368958,0.54428672,0.45246844,-1.00787013,0.19733184,-0.00793865,-0.15993779,0,0,0,0,0
1773,369166,0.49939464,0.51074761,-0.99966766,0.17686442,-0.02872802,-0.15740246,0,0,0,0,0
1774,369375,0.44088301,0.58227568,-1.01077845,0.16624550,0.00125617,-0.15896789,0,0,0,0,0
1775,369583,0.38041281,0.62712706,-0.99717632,0.17990261,0.01592780,-0.17662816,0,0,0,0,0
1776,369791,0.30436816,0.68212920,-0.99261152,0.15353573,0.01950120,-0.17847839,0,0,0,0,0
1777,370000,0.24792506,0.72485957,-0.96796459,0.15095541,0.03591293,-0.20235480,0,0,0,0,0
1778,370208,0.18743633,0.76021280,-0.95134547,0.14691854,0.05648700,-0.18850646,0,0,0,0,0
1779,370416,0.11543623,0.80348397,-0.93414711,0.13583971,0.06672220,-0.18581148,0,0,0,0,0
1780,370625,0.05777599,0.85205619,-0.88954572,0.13682519,0.07627023,-0.18572664,0,0,0,0,0
1781,370833,-0.00171022,0.88487349,-0.86943027,0.13323515,0.07737372,-0.16254772,0,0,0,0,0
1782,371041,-0.07919694,0.91635860,-0.83560319,0.12166866,0.10764291,-0.19366679,0,0,0,0,0
1783,371250,-0.14755666,0.93520369,-0.78929585,0.11885194,0.11318373,-0.20899758,0,0,0,0,0
1784,371458,-0.20847000,0.96235738,-0.75901503,0.09935518,0.14183522,-0.17005700,0,0,0,0,0
1785,371666,-0.27218918,0.98079731,-0.70902828,0.10324327,0.14704677,-0.17849171,0,0,0,0,0
1786,371875,-0.33900784,1.00023185,-0.65618814,0.07405474,0.15687595,-0.14974172,0,0,0,0,0
1787,372083,-0.40191484,1.00251255,-0.60165156,0.05949042,0.15756399,-0.15778775,0,0,0,0,0
1788,372291,-0.45737231,1.01097537,-0.54705793,0.02065797,0.16533773,-0.14730519,0,0,0,0,0
1789,372500,-0.50919603,1.01177636,-0.50360305,0.03967157,0.16472247,-0.13439834,0,0,0,0,0
1790,372708,-0.56864421,1.01014155,-0.44343924,0.00509511,0.16185726,-0.13510245,0,0,0,0,0
1791,372916,-0.61754928,1.00265763,-0.37140832,-0.00090136,0.17618186,-0.12718428,0,0,0,0,0
1792,373125,-0.66801209,0.98574072,-0.31779881,-0.02470065,0.20848385,-0.11840764,0,0,0,0,0
1793,373333,-0.72865164,0.97027373,-0.25659892,-0.03903789,0.18581725,-0.11435048,0,0,0,0,0
1794,373541,-0.76633326,0.95888535,-0.19006618,-0.06231157,0.18287450,-0.08771804,0,0,0,0,0
1795,373750,-0.81164648,0.92192825,-0.12587592,-0.05785811,0.18534407,-0.08634760,0,0,0,0,0
1796,373958,-0.84810267,0.90097310,-0.05954333,-0.06345721,0.17916038,-0.07475750,0,0,0,0,0
1797,374166,-0.87883158,0.87190082,-0.00003646,-0.10598248,0.17414370,-0.06817068,0,0,0,0,0
1798,374375,-0.91229018,0.84290095,0.06905699,-0.11236453,0.16486540,-0.06650815,0,0,0,0,0
1799,374583,-0.93862148,0.79518296,0.13104192,-0.09899010,0.16459668,-0.06086732,0,0,0,0,0
1800,374791,-0.96286760,0.75622752,0.19516136,-0.11738796,0.15264469,-0.04374889,0,0,0,0,0
1801,375000,-0.97907874,0.71640927,0.25499315,-0.13106982,0.15687467,-0.03546806,0,0,0,0,0
1802,375208,-0.98616311,0.66395357,0.32079026,-0.13359711,0.17011301,-0.05200536,0,0,0,0,0
1803,375416,-1.00190975,0.61518612,0.38031566,-0.13620628,0.14964452,-0.01061817,0,0,0,0,0
1804,375625,-1.01207634,0.56684531,0.45246061,-0.15620945,0.16424752,-0.01642247,0,0,0,0,0
1805,375833,-0.99691892,0.49290651,0.48615011,-0.15524799,0.15101130,0.01664686,0,0,0,0,0
1806,376041,-1.00582945,0.44066843,0.55188116,-0.15534410,0.14790042,0.03593164,0,0,0,0,0
1807,376250,-0.99894270,0.38843559,0.60721249,-0.16627737,0.14737600,0.04631272,0,0,0,0,0
1808,376458,-0.98270563,0.32909094,0.65071100,-0.16207440,0.12024633,0.04938640,0,0,0,0,0
1809,376666,-0.96669956,0.27272880,0.69996186,-0.19212551,0.09109892,0.07599147,0,0,0,0,0
1810,376875,-0.94916704,0.20307120,0.74584069,-0.19586381,0.11226281,0.09005900,0,0,0,0,0
1811,377083,-0.91651975,0.12806422,0.78964435,-0.17720701,0.09535668,0.07418859,0,0,0,0,0
1812,377291,-0.89810229,0.06758586,0.81886721,-0.17634404,0.08233962,0.09538807,0,0,0,0,0
1813,377500,-0.87396101,0.00828432,0.85585694,-0.18109453,0.05892636,0.10750354,0,0,0,0,0
1814,377708,-0.83148115,-0.05787889,0.88500165,-0.16994377,0.06835717,0.12672846,0,0,0,0,0
1815,377916,-0.79719895,-0.13079526,0.91358401,-0.17385073,0.03903102,0.13204189,0,0,0,0,0
1816,378125,-0.75416636,-0.19959681,0.93920110,-0.17490382,0.05241845,0.15615299,0,0,0,0,0
1817,378333,-0.70638588,-0.25371976,0.94470839,-0.16089361,0.05118914,0.13014945,0,0,0,0,0
1818,378541,-0.65993796,-0.31957270,0.95958095,-0.17922188,0.04445622,0.16231771,0,0,0,0,0
1819,378750,-0.60604499,-0.38077181,0.97635747,-0.16608494,0.00080714,0.18331590,0,0,0,0,0
1820,378958,-0.55732887,-0.44077520,0.98667362,-0.16010200,-0.00744457,0.17281132,0,0,0,0,0
1821,379166,-0.50642058,-0.48837869,0.98575948,-0.14474800,-0.00691757,0.19522977,0,0,0,0,0
1822,379375,-0.44358638,-0.54714928,0.98262787,-0.12813797,-0.02348759,0.20170078,0,0,0,0,0
1823,379583,-0.38484688,-0.60672137,0.97559254,-0.13362507,-0.04446158,0.22478732,0,0,0,0,0
1824,379791,-0.31477040,-0.64398594,0.96644189,-0.14111288,-0.05355920,0.20638408,0,0,0,0,0
1825,380000,-0.26314210,-0.69848088,0.95654185,-0.11213216,-0.06379505,0.21903113,0,0,0,0,0
1826,380208,-0.18892847,-0.74538988,0.93187790,-0.12545096,-0.08761151,0.22221979,0,0,0,0,0
1827,380416,-0.13502389,-0.78213637,0.90640071,-0.10415136,-0.09521568,0.21248791,0,0,0,0,0
1828,380625,-0.07341236,-0.81851980,0.88061415,-0.12727386,-0.11690593,0.21585002,0,0,0,0,0
1829,380833,0.00409439,-0.84294014,0.84789320,-0.11113362,-0.14805069,0.21152613,0,0,0,0,0
1830,381041,0.06031822,-0.89704601,0.81508753,-0.10097972,-0.12692925,0.23410653,0,0,0,0,0
1831,381250,0.13043895,-0.91310816,0.77398243,-0.08546900,-0.14119201,0.19582613,0,0,0,0,0
1832,381458,0.19149497,-0.93786920,0.72837793,-0.03894588,-0.15360854,0.20948189,0,0,0,0,0
1833,381666,0.25226842,-0.95512001,0.67441866,-0.05274900,-0.15170990,0.20902893,0,0,0,0,0
1834,381875,0.32301334,-0.96599802,0.63015222,-0.05438924,-0.16742373,0.20003325,0,0,0,0,0
1835,382083,0.38398536,-0.98706673,0.59126630,-0.02977555,-0.18795294,0.20359487,0,0,0,0,0
1836,382291,0.44288638,-0.98884187,0.52556487,-0.01976465,-0.18994361,0.19264234,0,0,0,0,0
1837,382500,0.50299078,-0.98855593,0.46198753,0.00023324,-0.20502585,0.16887939,0,0,0,0,0
1838,382708,0.55101184,-0.98916847,0.41115029,0.01719072,-0.18818370,0.17819227,0,0,0,0,0
1839,382916,0.61280695,-0.98101666,0.36193759,0.02554996,-0.21491744,0.16928168,0,0,0,0,0
1840,383125,0.65667394,-0.97100794,0.29364726,0.02812833,-0.18866716,0.13682923,0,0,0,0,0
1841,383333,0.69880707,-0.95392438,0.23743896,0.06526888,-0.23334975,0.12388868,0,0,0,0,0
1842,383541,0.74847845,-0.92507045,0.16455015,0.07168642,-0.22110082,0.13022371,0,0,0,0,0
1843,383750,0.78731929,-0.91178742,0.10200664,0.08053757,-0.20704003,0.13273355,0,0,0,0,0
1844,383958,0.82548837,-0.87370793,0.03310814,0.10060990,-0.22388125,0.10841909,0,0,0,0,0
1845,384166,0.85851446,-0.84889659,-0.02817709,0.09981309,-0.19506907,0.08667457,0,0,0,0,0
1846,384375,0.89253836,-0.81015628,-0.09875012,0.11817095,-0.20486080,0.08158429,0,0,0,0,0
1847,384583,0.91816309,-0.77516973,-0.16385687,0.11170090,-0.19274028,0.09116599,0,0,0,0,0
1848,384791,0.93470062,-0.73516399,-0.22287609,0.15010686,-0.19294953,0.06552284,0,0,0,0,0
1849,385000,0.96240329,-0.67782913,-0.29138922,0.13652996,-0.19299036,0.07387433,0,0,0,0,0
1850,385208,0.97453442,-0.63122876,-0.34431800,0.16090205,-0.18737729,0.03267740,0,0,0,0,0
1851,385416,0.98146120,-0.59319064,-0.39961476,0.15453205,-0.19394658,0.04168241,0,0,0,0,0
1852,385625,0.98537229,-0.53414498,-0.46962390,0.17765998,-0.16888331,0.02542803,0,0,0,0,0
1853,385833,0.98709676,-0.48366115,-0.51876789,0.18575278,-0.18313389,-0.01844612,0,0,0,0,0
1854,386041,0.97664763,-0.41414921,-0.57642153,0.19051789,-0.17338962,-0.01040301,0,0,0,0,0
1855,386250,0.97470954,-0.36233535,-0.63112864,0.16196522,-0.13796924,-0.01528510,0,0,0,0,0
1856,386458,0.95860608,-0.29822192,-0.67657619,0.18680817,-0.14785898,-0.03672871,0,0,0,0,0
1857,386666,0.94207478,-0.23286607,-0.73124026,0.18484814,-0.14130338,-0.05398931,0,0,0,0,0
1858,386875,0.92817199,-0.17252747,-0.76254393,0.18205771,-0.13359047,-0.07677389,0,0,0,0,0
1859,387083,0.90307595,-0.10065704,-0.80477409,0.19795459,-0.11485524,-0.08428998,0,0,0,0,0
1860,387291,0.88162267,-0.04551581,-0.83479750,0.21527488,-0.11863071,-0.08988537,0,0,0,0,0
1861,387500,0.84116770,0.01851717,-0.87533683,0.20412319,-0.09217819,-0.09986519,0,0,0,0,0
1862,387708,0.80373872,0.08682310,-0.90721401,0.19084263,-0.09811401,-0.09137301,0,0,0,0,0
1863,387916,0.76808201,0.15338353,-0.93418327,0.18991050,-0.08622184,-0.11416175,0,0,0,0,0
1864,388125,0.73125851,0.21307201,-0.95685921,0.19059417,-0.05783198,-0.13973845,0,0,0,0,0
1865,388333,0.68112819,0.27379683,-0.96479114,0.17001972,-0.04491465,-0.14426776,0,0,0,0,0
1866,388541,0.63902555,0.34348093,-0.99282081,0.16854659,-0.04647113,-0.15301136,0,0,0,0,0
1867,388750,0.58416179,0.39909961,-1.00417979,0.17403861,-0.01113301,-0.17188280,0,0,0,0,0
1868,388958,0.53853335,0.44890679,-0.99767523,0.14272957,-0.01351096,-0.17544061,0,0,0,0,0
1869,389166,0.48916731,0.50784451,-1.00118558,0.15180028,-0.00692689,-0.20503202,0,0,0,0,0
1870,389375,0.41866601,0.56616191,-1.00252924,0.11892536,-0.00049651,-0.17932176,0,0,0,0,0
1871,389583,0.36762029,0.62458182,-1.00313213,0.13019828,0.02264253,-0.22657770,0,0,0,0,0
1872,389791,0.29761878,0.65898757,-0.98238730,0.12567650,0.03944996,-0.20640089,0,0,0,0,0
1873,390000,0.23759065,0.71600662,-0.96650925,0.12795676,0.04788965,-0.21590881,0,0,0,0,0
1874,390208,0.17018536,0.76220064,-0.93899804,0.12515524,0.08620852,-0.21150664,0,0,0,0,0
1875,390416,0.10284224,0.80325173,-0.91418442,0.11369691,0.08193776,-0.21311316,0,0,0,0,0
1876,390625,0.04658699,0.83881455,-0.90707662,0.09686502,0.10611350,-0.22040006,0,0,0,0,0
1877,390833,-0.02243224,0.87786603,-0.86038576,0.09848179,0.09986539,-0.21501414,0,0,0,0,0
1878,391041,-0.08483299,0.90783358,-0.82432564,0.06851634,0.11490559,-0.21413587,0,0,0,0,0
1879,391250,-0.14576779,0.92769887,-0.78582913,0.09721751,0.15514849,-0.21624825,0,0,0,0,0
1880,391458,-0.20872672,0.95269830,-0.74523776,0.05700896,0.14138160,-0.21205920,0,0,0,0,0
1881,391666,-0.28288514,0.96496285,-0.69578560,0.04414387,0.17771473,-0.21714712,0,0,0,0,0
1882,391875,-0.33533126,0.98361567,-0.64592444,0.03386799,0.18205893,-0.19610486,0,0,0,0,0
1883,392083,-0.39328896,0.99842643,-0.58863070,0.00927942,0.16681056,-0.19179017,0,0,0,0,0
1884,392291,-0.45860117,0.99440813,-0.53825675,0.03447044,0.18408943,-0.16394888,0,0,0,0,0
1885,392500,-0.52083920,1.00690214,-0.47492332,-0.01501512,0.19708946,-0.15614410,0,0,0,0,0
1886,392708,-0.56957202,1.00227514,-0.42082590,-0.01773533,0.20873592,-0.16955374,0,0,0,0,0
1887,392916,-0.61543255,0.98359661,-0.36281727,-0.05621950,0.21430385,-0.16529465,0,0,0,0,0
1888,393125,-0.67030328,0.97240051,-0.29416277,-0.06676456,0.20875032,-0.15883902,0,0,0,0,0
1889,393333,-0.72839384,0.95044827,-0.24554277,-0.08212823,0.19817749,-0.14027355,0,0,0,0,0
1890,393541,-0.75987442,0.93740088,-0.17301646,-0.08558174,0.20773967,-0.12528175,0,0,0,0,0
1891,393750,-0.82223364,0.91636111,-0.11245558,-0.09847267,0.21493229,-0.12292336,0,0,0,0,0
1892,393958,-0.83826524,0.88096587,-0.04090170,-0.11798921,0.19660761,-0.12991509,0,0,0,0,0
1893,394166,-0.87815387,0.85038471,0.02685387,-0.12448649,0.22642077,-0.10868448,0,0,0,0,0
1894,394375,-0.91072592,0.80943552,0.07873146,-0.13709844,0.19500878,-0.09501526,0,0,0,0,0
1895,394583,-0.93263846,0.76754651,0.14752665,-0.15341345,0.20517293,-0.09262717,0,0,0,0,0
1896,394791,-0.95631200,0.73092369,0.22193708,-0.15658472,0.21142710,-0.07955505,0,0,0,0,0
1897,395000,-0.97375396,0.68340697,0.28164980,-0.18098526,0.20398010,-0.07715661,0,0,0,0,0
1898,395208,-0.98432759,0.63822897,0.35957868,-0.18118684,0.21661981,-0.06831400,0,0,0,0,0
1899,395416,-0.98579348,0.57728976,0.40878714,-0.17075934,0.16771235,-0.04644364,0,0,0,0,0
1900,395625,-0.99489626,0.53035993,0.47212260,-0.18211485,0.18856322,-0.01145029,0,0,0,0,0
1901,395833,-0.99157637,0.47391199,0.51671472,-0.19927311,0.17711102,-0.01574006,0,0,0,0,0
1902,396041,-0.99126692,0.42067544,0.56863001,-0.21872161,0.17539626,0.00707756,0,0,0,0,0
1903,396250,-0.98501086,0.36195854,0.63411665,-0.20845923,0.14686532,0.01966914,0,0,0,0,0
1904,396458,-0.97400481,0.29462574,0.67849787,-0.21751249,0.16159134,0.01175631,0,0,0,0,0
1905,396666,-0.96276888,0.22737546,0.72330638,-0.20995417,0.13939153,0.02506267,0,0,0,0,0
1906,396875,-0.93443299,0.16657272,0.76502920,-0.21211804,0.14799650,0.05312763,0,0,0,0,0
1907,397083,-0.90677434,0.10570810,0.81605306,-0.23229940,0.13250600,0.07020282,0,0,0,0,0
1908,397291,-0.87674014,0.03261740,0.84991147,-0.20800063,0.12514705,0.07354678,0,0,0,0,0
1909,397500,-0.85256698,-0.02708781,0.87889725,-0.21299219,0.11778329,0.08542809,0,0,0,0,0
1910,397708,-0.81201159,-0.09402508,0.92188957,-0.21169984,0.10297369,0.08559828,0,0,0,0,0
1911,397916,-0.78200680,-0.16135340,0.93599306,-0.20413271,0.07661420,0.10588875,0,0,0,0,0
1912,398125,-0.73490990,-0.22339445,0.96386095,-0.20418796,0.07649276,0.10121603,0,0,0,0,0
1913,398333,-0.69542501,-0.28328490,0.97646520,-0.20194861,0.06369762,0.13192175,0,0,0,0,0
1914,398541,-0.63992483,-0.34881459,0.99097082,-0.21781310,0.06237440,0.12949841,0,0,0,0,0
1915,398750,-0.59447518,-0.39253064,1.01026094,-0.18276159,0.04809794,0.13342091,0,0,0,0,0
1916,398958,-0.54336186,-0.46843716,1.01991770,-0.18107214,0.02834221,0.14359128,0,0,0,0,0
1917,399166,-0.48191553,-0.51691217,1.01774229,-0.17563766,0.02268827,0.16471324,0,0,0,0,0
1918,399375,-0.41989969,-0.57719527,1.00567156,-0.15992691,-0.00299571,0.18298653,0,0,0,0,0
1919,399583,-0.36464029,-0.62530623,0.99932635,-0.17651602,-0.00150991,0.19728145,0,0,0,0,0
1920,399791,-0.30023322,-0.67733476,0.99065715,-0.14328783,-0.00856487,0.16759654,0,0,0,0,0
1921,400000,-0.23896150,-0.72097097,0.98007413,-0.15206777,-0.02326808,0.18489762,0,1,0,0,0
1922,400208,-0.17792219,-0.77474975,0.96018980,-0.14333296,-0.04376392,0.18324474,0,1,0,0,0
1923,400416,-0.10494295,-0.82267735,0.93469750,-0.14969559,-0.05938025,0.18618308,0,1,0,0,0
1924,400625,-0.04077674,-0.85068271,0.90075604,-0.11527240,-0.08408382,0.21546108,0,1,0,0,0
1925,400833,0.01894649,-0.88688187,0.88146589,-0.12188901,-0.09547105,0.20377027,0,1,0,0,0
1926,401041,0.08825606,-0.92103756,0.83528848,-0.08601242,-0.10919673,0.19335778,0,1,0,0,0
1927,401250,0.14881417,-0.94332503,0.79342742,-0.08521923,-0.12198714,0.17551828,0,1,0,0,0
1928,401458,0.22006977,-0.97212055,0.74525435,-0.08422808,-0.13445906,0.18911147,0,1,0,0,0
1929,401666,0.27587235,-0.98547120,0.70907726,-0.06279031,-0.14214967,0.18972653,0,1,0,0,0
1930,401875,0.34289901,-0.99767183,0.66695472,-0.04727487,-0.15177803,0.15927165,0,1,0,0,0
1931,402083,0.41330202,-1.00867229,0.61216645,-0.04272304,-0.17396229,0.16497499,0,1,0,0,0
1932,402291,0.46554501,-1.02028829,0.55302722,-0.00591339,-0.14791929,0.15100666,0,1,0,0,0
1933,402500,0.52595075,-1.01245274,0.48844554,-0.00546854,-0.17690521,0.13543515,0,1,0,0,0
1934,402708,0.58078077,-1.00812685,0.44270319,-0.00748389,-0.17729616,0.14454817,0,1,0,0,0
1935,402916,0.63801980,-1.00121811,0.38132797,0.04625187,-0.19890774,0.13543717,0,1,0,0,0
1936,403125,0.67099821,-0.98548160,0.31717700,0.03639489,-0.18987806,0.11458693,0,1,0,0,0
1937,403333,0.74003107,-0.97621195,0.26242601,0.03177060,-0.20666823,0.12743915,0,1,0,0,0
1938,403541,0.77677256,-0.95831183,0.19094905,0.05282258,-0.18487624,0.10834668,0,1,0,0,0
1939,403750,0.81562267,-0.92113791,0.11882048,0.08097083,-0.17325602,0.11560004,0,1,0,0,0
1940,403958,0.85178475,-0.89401676,0.07230615,0.08984771,-0.18663703,0.07609387,0,1,0,0,0
1941,404166,0.90095320,-0.87973712,-0.00354438,0.07967582,-0.16102163,0.09473177,0,1,0,0,0
1942,404375,0.91565139,-0.83711196,-0.07374743,0.13024517,-0.16991306,0.07483765,0,1,0,0,0
1943,404583,0.94947047,-0.79786416,-0.13672867,0.12276924,-0.18811158,0.06736231,0,1,0,0,0
1944,404791,0.96833137,-0.74954128,-0.20177176,0.13881226,-0.18778758,0.05825416,0,1,0,0,0
1945,405000,0.99130330,-0.70371364,-0.25817803,0.16588477,-0.16735601,0.04453757,0,1,0,0,0
1946,405208,0.99736847,-0.65464018,-0.31964289,0.16151451,-0.16778946,0.04101919,0,1,0,0,0
1947,405416,0.99989572,-0.59923866,-0.38295889,0.16791078,-0.15259347,0.00485345,0,1,0,0,0
1948,405625,1.01085870,-0.55084504,-0.44031685,0.18117738,-0.14903358,0.00126794,0,1,0,0,0
1949,405833,1.00575637,-0.50303642,-0.50125481,0.17764320,-0.14637595,0.00151104,0,1,0,0,0
1950,406041,1.00240675,-0.43775757,-0.54214936,0.16662272,-0.14240321,-0.02376954,0,1,0,0,0
1951,406250,0.99955883,-0.38154044,-0.60065557,0.19104974,-0.14763804,-0.02287238,0,1,0,0,0
1952,406458,0.98749004,-0.31831482,-0.65670632,0.18867537,-0.15013602,-0.02803524,0,1,0,0,0
1953,406666,0.97123078,-0.24655798,-0.70411852,0.19634338,-0.11521031,-0.06978433,0,1,0,0,0
1954,406875,0.95413177,-0.19503116,-0.75257694,0.19687125,-0.10171368,-0.06965484,0,1,0,0,0
1955,407083,0.92776718,-0.13178378,-0.78726086,0.20407947,-0.11916659,-0.09129868,0,1,0,0,0
1956,407291,0.89514010,-0.06089488,-0.82717480,0.21061452,-0.10253294,-0.08169214,0,1,0,0,0
1957,407500,0.86612321,0.00757205,-0.85655284,0.20618698,-0.08846235,-0.11728213,0,1,0,0,0
1958,407708,0.83259699,0.07069320,-0.89213011,0.21230167,-0.08043992,-0.11387530,0,1,0,0,0
1959,407916,0.79675361,0.13425501,-0.91116704,0.18851267,-0.07004913,-0.10481441,0,1,0,0,0
1960,408125,0.75588210,0.20517794,-0.94272829,0.20307131,-0.05405698,-0.13158937,0,1,0,0,0
1961,408333,0.71105444,0.27164629,-0.96874031,0.17303416,-0.03070538,-0.14119418,0,1,0,0,0
1962,408541,0.64925311,0.33675253,-0.97437143,0.19648222,-0.03033946,-0.15107722,0,1,0,0,0
1963,408750,0.61367497,0.38901213,-0.99456106,0.17051398,-0.01524559,-0.15631172,0,1,0,0,0
1964,408958,0.56222936,0.43850352,-0.98765134,0.16665107,-0.01521183,-0.15666886,0,1,0,0,0
1965,409166,0.49936808,0.50801704,-0.98547502,0.18223281,-0.00688503,-0.18984321,0,1,0,0,0
1966,409375,0.44143255,0.55715543,-0.99199199,0.15009076,-0.00716820,-0.19167565,0,1,0,0,0
1967,409583,0.38779002,0.60684533,-0.98151407,0.14203632,0.01924704,-0.18648314,0,1,0,0,0
1968,409791,0.32489088,0.65351520,-0.97250767,0.16756865,0.02558219,-0.20146721,0,1,0,0,0
1969,410000,0.25372646,0.70264816,-0.96033742,0.13365375,0.04323361,-0.19238488,0,1,0,0,0
1970,410208,0.19101073,0.75274346,-0.94176253,0.10446706,0.05967110,-0.20579096,0,1,0,0,0
1971,410416,0.12848698,0.79885888,-0.91329235,0.13075936,0.08330358,-0.19637389,0,1,0,0,0
1972,410625,0.06669986,0.84240235,-0.88692888,0.11958244,0.07845347,-0.20569288,0,1,0,0,0
1973,410833,0.00016747,0.86824330,-0.85568154,0.10317421,0.11650423,-0.20703101,0,1,0,0,0
1974,411041,-0.06589653,0.90403689,-0.82061051,0.09974534,0.13478244,-0.18962878,0,1,0,0,0
1975,411250,-0.14049805,0.91976987,-0.77702964,0.10054436,0.14578511,-0.21085661,0,1,0,0,0
1976,411458,-0.20305083,0.94564091,-0.74312710,0.07504924,0.15927180,-0.20861010,0,1,0,0,0
1977,411666,-0.26861953,0.96514722,-0.69523320,0.06705956,0.15539313,-0.19621962,0,1,0,0,0
1978,411875,-0.32310731,0.97531551,-0.64946475,0.04384437,0.17295747,-0.17457608,0,1,0,0,0
1979,412083,-0.37849272,0.99778336,-0.59417443,0.03162998,0.17600902,-0.16493573,0,1,0,0,0
1980,412291,-0.45258861,0.99980696,-0.53716175,0.01922471,0.18096396,-0.16687016,0,1,0,0,0
1981,412500,-0.49637473,1.00746089,-0.47967374,0.00698095,0.18637464,-0.15851425,0,1,0,0,0
1982,412708,-0.55454933,1.00482608,-0.42491002,0.00208169,0.19620343,-0.14841606,0,1,0,0,0
1983,412916,-0.61755246,0.99100162,-0.36809536,-0.03213986,0.19688365,-0.13269895,0,1,0,0,0
1984,413125,-0.64956351,0.98291848,-0.31093056,-0.02688049,0.20741771,-0.12365535,0,1,0,0,0
1985,413333,-0.71536381,0.95681718,-0.24455831,-0.05325297,0.20824763,-0.09466435,0,1,0,0,0
1986,413541,-0.74801545,0.93961576,-0.17865585,-0.08993619,0.19434803,-0.11912263,0,1,0,0,0
1987,413750,-0.79393120,0.92046233,-0.12151288,-0.08888355,0.20120872,-0.08909916,0,1,0,0,0
1988,413958,-0.84716022,0.88393363,-0.04030544,-0.08755168,0.19895403,-0.10438362,0,1,0,0,0
1989,414166,-0.88201918,0.85859017,0.01770660,-0.10056269,0.18366370,-0.07392194,0,1,0,0,0
1990,414375,-0.89861779,0.81505679,0.08450974,-0.11491549,0.19289266,-0.06938050,0,1,0,0,0
1991,414583,-0.93317333,0.78679207,0.14207336,-0.11968134,0.19501590,-0.06986482,0,1,0,0,0
1992,414791,-0.95062752,0.74172944,0.20769142,-0.10850250,0.19151646,-0.05403122,0,1,0,0,0
1993,415000,-0.98371811,0.68633782,0.26769068,-0.12612471,0.16934626,-0.03470395,0,1,0,0,0
1994,415208,-0.98347883,0.65803619,0.33194980,-0.14835877,0.17759528,-0.03409982,0,1,0,0,0
1995,415416,-0.98062542,0.60390214,0.39924978,-0.14510593,0.16170501,-0.02161450,0,1,0,0,0
1996,415625,-0.99835580,0.54901031,0.44681517,-0.16500133,0.16952304,-0.01130102,0,1,0,0,0
1997,415833,-0.99316984,0.48645942,0.50633669,-0.16232281,0.15963903,-0.00229289,0,1,0,0,0
1998,416041,-0.99716647,0.44095985,0.56490507,-0.16288933,0.15702936,0.03173844,0,1,0,0,0
1999,416250,-0.98366767,0.37024907,0.62893234,-0.18553553,0.13386267,0.01496046,0,1,0,0,0
2000,416458,-0.98150985,0.31116863,0.67420345,-0.17303251,0.13778125,0.03991960,0,1,0,0,0
2001,416666,-0.95566406,0.25137178,0.70977858,-0.18422953,0.11465155,0.07070066,0,1,0,0,0
2002,416875,-0.93193478,0.19238269,0.75204136,-0.17724872,0.13268641,0.07723391,0,1,0,0,0
2003,417083,-0.90690429,0.11594222,0.79431528,-0.19640895,0.11775409,0.11103900,0,1,0,0,0
2004,417291,-0.89132616,0.06454979,0.83099169,-0.20490077,0.10689081,0.10327926,0,1,0,0,0
2005,417500,-0.85291715,-0.00932115,0.86324918,-0.19806032,0.08278991,0.10948634,0,1,0,0,0
2006,417708,-0.82585531,-0.07818039,0.89629564,-0.17710639,0.07221532,0.11958508,0,1,0,0,0
2007,417916,-0.78236165,-0.13783039,0.92315031,-0.17657571,0.06986417,0.12973148,0,1,0,0,0
2008,418125,-0.73434819,-0.20588032,0.94850779,-0.18863899,0.05221819,0.13794866,0,1,0,0,0
2009,418333,-0.70031763,-0.25725274,0.96240449,-0.16516563,0.04780265,0.13795161,0,1,0,0,0
2010,418541,-0.64890384,-0.33026956,0.97305004,-0.18515081,0.02675834,0.16820531,0,1,0,0,0
2011,418750,-0.59571602,-0.38793293,0.98538645,-0.17011296,0.02755290,0.17395423,0,1,0,0,0
2012,418958,-0.53670936,-0.44015806,0.99420133,-0.15188014,0.00732473,0.19329794,0,1,0,0,0
2013,419166,-0.49586738,-0.50251345,0.99632401,-0.14681067,0.00477724,0.18951828,0,1,0,0,0
2014,419375,-0.43120595,-0.54970015,0.98741408,-0.15148982,-0.03101276,0.17970368,0,1,0,0,0
2015,419583,-0.37457675,-0.60447143,0.98439209,-0.12443816,-0.01837836,0.21129260,0,1,0,0,0
2016,419791,-0.32018404,-0.65618330,0.96961924,-0.13419401,-0.05072776,0.20642192,0,1,0,0,0
2017,420000,-0.25214506,-0.70262080,0.94785685,-0.11374912,-0.05385258,0.21180240,0,1,0,0,0
2018,420208,-0.18413132,-0.74875306,0.93247858,-0.13485165,-0.07628431,0.22037000,0,1,0,0,0
2019,420416,-0.12075689,-0.78644836,0.92057981,-0.13841172,-0.08241805,0.24004537,0,1,0,0,0
2020,420625,-0.06286098,-0.82879967,0.87922172,-0.10488235,-0.09394405,0.21845940,0,1,0,0,0
2021,420833,0.00628945,-0.86103148,0.85405054,-0.12442922,-0.11876466,0.22203038,0,1,0,0,0
2022,421041,0.06443328,-0.89388056,0.80885880,-0.08171589,-0.12746742,0.21853308,0,1,0,0,0
2023,421250,0.12957024,-0.92033392,0.77250364,-0.08792622,-0.14368031,0.22979711,0,1,0,0,0
2024,421458,0.20262465,-0.94540516,0.73409916,-0.05654166,-0.16177133,0.19413188,0,1,0,0,0
2025,421666,0.26958020,-0.95330127,0.68749081,-0.06868223,-0.16086904,0.18470920,0,1,0,0,0
2026,421875,0.33702789,-0.97374569,0.63479651,-0.04625855,-0.17599494,0.19475819,0,1,0,0,0
2027,422083,0.37624707,-0.98770257,0.58244472,-0.02081635,-0.17450984,0.18035636,0,1,0,0,0
2028,422291,0.44200124,-0.98564567,0.52337667,-0.00257606,-0.18320650,0.18355096,0,1,0,0,0
2029,422500,0.49874154,-0.99515810,0.47287382,-0.00834957,-0.18433279,0.16051659,0,1,0,0,0
2030,422708,0.56227357,-1.00268884,0.41729606,0.02009748,-0.18248343,0.13964656,0,1,0,0,0
2031,422916,0.61676258,-0.98140972,0.35986170,0.02829179,-0.21566561,0.16078656,0,1,0,0,0
2032,423125,0.66621824,-0.96754306,0.30108574,0.03646807,-0.19190017,0.13928435,0,1,0,0,0
2033,423333,0.71078208,-0.95988926,0.23316449,0.06197650,-0.21924349,0.13761920,0,1,0,0,0
2034,423541,0.75203803,-0.93792884,0.17330820,0.08389465,-0.21648541,0.12929763,0,1,0,0,0
2035,423750,0.78577873,-0.91021535,0.10374924,0.09545644,-0.19703039,0.11852878,0,1,0,0,0
2036,423958,0.84351907,-0.87263820,0.03481346,0.11379949,-0.20142986,0.11910050,0,1,0,0,0
2037,424166,0.87672516,-0.84328558,-0.02515097,0.12517309,-0.21705064,0.09318961,0,1,0,0,0
2038,424375,0.89338457,-0.80863692,-0.09545440,0.14585597,-0.19205309,0.07779390,0,1,0,0,0
2039,424583,0.93024945,-0.76869033,-0.15842732,0.14579680,-0.20632315,0.10376331,0,1,0,0,0
2040,424791,0.94226886,-0.72998859,-0.22666893,0.16025765,-0.19242731,0.05393932,0,1,0,0,0
2041,425000,0.96701178,-0.68273369,-0.28894352,0.15359179,-0.18288364,0.05281713,0,1,0,0,0
2042,425208,0.97344016,-0.63456304,-0.34559700,0.15543113,-0.19140788,0.04391978,0,1,0,0,0
2043,425416,0.98262629,-0.58169547,-0.41084653,0.15816506,-0.17247369,0.05215021,0,1,0,0,0
2044,425625,0.98849147,-0.52910195,-0.47303828,0.16796472,-0.18271534,0.01718631,0,1,0,0,0
2045,425833,0.98164750,-0.48605610,-0.52899104,0.17727920,-0.17410134,0.00994946,0,1,0,0,0
2046,426041,0.98039848,-0.42008434,-0.58591124,0.19686353,-0.15655051,-0.00336461,0,1,0,0,0
2047,426250,0.98198662,-0.36581397,-0.63321316,0.20283297,-0.17215907,-0.00777468,0,1,0,0,0
2048,426458,0.95285643,-0.28983602,-0.68055311,0.17933251,-0.16215817,-0.01914757,0,1,0,0,0
2049,426666,0.95113479,-0.23305944,-0.73275919,0.20486076,-0.14583281,-0.04846682,0,1,0,0,0
2050,426875,0.93062474,-0.17529583,-0.76975421,0.18826590,-0.12154047,-0.05144123,0,1,0,0,0
2051,427083,0.89749216,-0.11200925,-0.80615047,0.20908960,-0.12323901,-0.07323871,0,1,0,0,0
2052,427291,0.87869037,-0.04861619,-0.84746919,0.19037999,-0.09579106,-0.08386380,0,1,0,0,0
2053,427500,0.84254776,0.02097587,-0.88366079,0.20061240,-0.11531086,-0.09721702,0,1,0,0,0
2054,427708,0.80984278,0.07910132,-0.90873446,0.20649631,-0.09177625,-0.07991827,0,1,0,0,0
2055,427916,0.76783274,0.15573678,-0.93902711,0.20926344,-0.08418240,-0.11114829,0,1,0,0,0
2056,428125,0.73106036,0.22102208,-0.96545576,0.18121406,-0.06706880,-0.12929226,0,1,0,0,0
2057,428333,0.69299951,0.28524493,-0.98320730,0.18285539,-0.06772468,-0.13494497,0,1,0,0,0
2058,428541,0.63663039,0.34781178,-0.98865402,0.19755528,-0.05408565,-0.12873288,0,1,0,0,0
2059,428750,0.58584203,0.41085391,-0.99566138,0.18044038,-0.04505794,-0.15852984,0,1,0,0,0
2060,428958,0.53605237,0.46111823,-1.02292859,0.16677103,-0.04227205,-0.16487149,0,1,0,0,0
2061,429166,0.47106151,0.51395985,-1.01789991,0.17376517,-0.00730536,-0.14874786,0,1,0,0,0
2062,429375,0.41787309,0.57705286,-1.01686410,0.15292504,-0.00136920,-0.18213555,0,1,0,0,0
2063,429583,0.35539284,0.62865124,-1.00360935,0.16391731,-0.01643874,-0.18187467,0,1,0,0,0
2064,429791,0.29674042,0.67482728,-0.99249220,0.14107361,0.01955276,-0.18065977,0,1,0,0,0
2065,430000,0.24128376,0.71856386,-0.97952378,0.13362806,0.05019116,-0.21557127,0,1,0,0,0
2066,430208,0.16833704,0.77235354,-0.95806774,0.13254439,0.04889175,-0.19146973,0,1,0,0,0
2067,430416,0.10430916,0.81138321,-0.93131757,0.12691618,0.05756735,-0.20559325,0,1,0,0,0
2068,430625,0.03432307,0.85017421,-0.90313976,0.10544031,0.08510171,-0.21301891,0,1,0,0,0
2069,430833,-0.02692184,0.88122249,-0.87619608,0.10698177,0.08638955,-0.20969750,0,1,0,0,0
2070,431041,-0.08112614,0.91251850,-0.84258027,0.09504789,0.10201002,-0.21053742,0,1,0,0,0
2071,431250,-0.14937748,0.94476763,-0.80629807,0.09061323,0.11936274,-0.21051083,0,1,0,0,0
2072,431458,-0.21722855,0.96479319,-0.75501692,0.07519337,0.13449896,-0.20450292,0,1,0,0,0
2073,431666,-0.27968028,0.97389461,-0.69772218,0.07340539,0.14066856,-0.19169499,0,1,0,0,0
2074,431875,-0.34717839,0.98708302,-0.65919502,0.03972494,0.16735402,-0.19382816,0,1,0,0,0
2075,432083,-0.40582059,1.00299507,-0.60816333,0.03738083,0.16177554,-0.17286311,0,1,0,0,0
2076,432291,-0.46414620,1.01984168,-0.54931595,0.00104558,0.18808955,-0.17494277,0,1,0,0,0
2077,432500,-0.52007612,1.00471066,-0.49981791,0.00339258,0.19271490,-0.16086672,0,1,0,0,0
2078,432708,-0.57481742,1.00808065,-0.43693806,-0.02697082,0.20862902,-0.16941359,0,1,0,0,0
2079,432916,-0.63400375,0.99067219,-0.37421076,-0.05248110,0.18960725,-0.12849055,0,1,0,0,0
2080,433125,-0.68359407,0.98670232,-0.31233422,-0.04723664,0.19477402,-0.12205953,0,1,0,0,0
2081,433333,-0.72022914,0.96122442,-0.25116748,-0.04888734,0.20526167,-0.12406198,0,1,0,0,0
2082,433541,-0.77621507,0.94798006,-0.17337596,-0.08127119,0.19672677,-0.10981355,0,1,0,0,0
2083,433750,-0.81145752,0.91979297,-0.11672881,-0.09192549,0.18982236,-0.13280355,0,1,0,0,0
2084,433958,-0.85245320,0.89503542,-0.04574374,-0.10143793,0.18452670,-0.11279053,0,1,0,0,0
2085,434166,-0.88289242,0.85979010,0.01083794,-0.12939723,0.19704544,-0.08643030,0,1,0,0,0
2086,434375,-0.90935751,0.82148828,0.07206339,-0.13118052,0.19923749,-0.10551930,0,1,0,0,0
2087,434583,-0.93504771,0.79170690,0.14094030,-0.11850232,0.19662183,-0.07049758,0,1,0,0,0
2088,434791,-0.96788285,0.74837042,0.20515085,-0.16193383,0.19047802,-0.06684749,0,1,0,0,0
2089,435000,-0.98006402,0.69101500,0.28186200,-0.15181022,0.18715996,-0.06809351,0,1,0,0,0
2090,435208,-0.99887310,0.64258645,0.33931134,-0.15107918,0.17586804,-0.04027558,0,1,0,0,0
2091,435416,-1.00341146,0.58919253,0.39862754,-0.16102787,0.17487971,-0.03459254,0,1,0,0,0
2092,435625,-1.00582053,0.54516635,0.45000232,-0.19048408,0.17418160,-0.01620178,0,1,0,0,0
2093,435833,-1.00605088,0.48547576,0.50289550,-0.17570097,0.15653794,0.00115922,0,1,0,0,0
2094,436041,-1.00518048,0.42414580,0.56319327,-0.20461678,0.15880010,-0.00608130,0,1,0,0,0
2095,436250,-0.98351051,0.37206678,0.61818557,-0.19904499,0.14154971,0.02215543,0,1,0,0,0
2096,436458,-0.98046894,0.30571747,0.66466283,-0.18186393,0.15030500,0.03822406,0,1,0,0,0
2097,436666,-0.95835884,0.24609668,0.71790202,-0.19789602,0.13871388,0.03668243,0,1,0,0,0
2098,436875,-0.94315693,0.18596910,0.75208271,-0.20369136,0.12371321,0.05162674,0,1,0,0,0
2099,437083,-0.91568497,0.11110980,0.80483771,-0.19386627,0.11887507,0.05925964,0,1,0,0,0
2100,437291,-0.89611353,0.05559636,0.83971088,-0.20433568,0.12359795,0.07424273,0,1,0,0,0
2101,437500,-0.85554322,-0.02448947,0.87195812,-0.20879706,0.09131194,0.09346586,0,1,0,0,0
2102,437708,-0.81884477,-0.07945290,0.90603095,-0.22928533,0.08310885,0.08995797,0,1,0,0,0
2103,437916,-0.78577404,-0.15152141,0.92719455,-0.20752344,0.07003295,0.11018099,0,1,0,0,0
2104,438125,-0.74583972,-0.20477908,0.95164159,-0.20019988,0.06474425,0.11149947,0,1,0,0,0
2105,438333,-0.69915516,-0.27835820,0.97716299,-0.20532740,0.05312237,0.13910584,0,1,0,0,0
2106,438541,-0.64790045,-0.33482544,0.99822715,-0.18387435,0.04550823,0.14943473,0,1,0,0,0
2107,438750,-0.59899346,-0.39188213,0.99385781,-0.16863640,0.03219686,0.12833192,0,1,0,0,0
2108,438958,-0.53883181,-0.45665263,1.00077866,-0.18673780,0.02740852,0.16005273,0,1,0,0,0
2109,439166,-0.48605710,-0.52050810,1.00869981,-0.15365243,0.00397413,0.16422616,0,1,0,0,0
2110,439375,-0.44114177,-0.57007267,0.99828997,-0.15959867,-0.01555282,0.19244814,0,1,0,0,0
2111,439583,-0.37509081,-0.62449437,0.99914486,-0.18401674,-0.01960821,0.19165912,0,1,0,0,0
2112,439791,-0.30875114,-0.66687457,0.98376041,-0.14689833,-0.02202096,0.19061106,0,1,0,0,0
2113,440000,-0.24428196,-0.71554881,0.96853920,-0.14587827,-0.03518400,0.19654062,0,1,0,0,0
2114,440208,-0.18129952,-0.76375801,0.95131850,-0.13816283,-0.05392075,0.21068156,0,1,0,0,0
2115,440416,-0.11921616,-0.79893583,0.93440629,-0.12544744,-0.06705675,0.18977964,0,1,0,0,0
2116,440625,-0.05058527,-0.84958701,0.90078844,-0.11876203,-0.08665788,0.20799846,0,1,0,0,0
2117,440833,0.01944202,-0.87373348,0.86758790,-0.10935807,-0.09051028,0.18601317,0,1,0,0,0
2118,441041,0.06846234,-0.91665374,0.82974172,-0.10022039,-0.11015287,0.18198158,0,1,0,0,0
2119,441250,0.14147671,-0.93613623,0.78295663,-0.09649678,-0.11404270,0.18855645,0,1,0,0,0
2120,441458,0.20446008,-0.96169268,0.74622103,-0.09246421,-0.14627194,0.17445912,0,1,0,0,0
2121,441666,0.26904098,-0.97465722,0.70668008,-0.07443814,-0.16128125,0.17876019,0,1,0,0,0
2122,441875,0.34711151,-0.99582707,0.64668927,-0.09081326,-0.15669509,0.18070218,0,1,0,0,0
2123,442083,0.38971461,-1.00636056,0.60170016,-0.04869054,-0.17031334,0.17762053,0,1,0,0,0
2124,442291,0.45343799,-1.00517902,0.54158144,-0.02135446,-0.17431054,0.15787709,0,1,0,0,0
2125,442500,0.52144899,-1.01134541,0.49331465,-0.00943172,-0.19316019,0.15713887,0,1,0,0,0
2126,442708,0.56731110,-1.00746899,0.43385223,-0.01054939,-0.17826912,0.14973854,0,1,0,0,0
2127,442916,0.62820049,-0.99490001,0.36790233,0.01842043,-0.18998578,0.14352539,0,1,0,0,0
2128,443125,0.67549204,-0.98793186,0.30969725,0.03539992,-0.19354499,0.11533692,0,1,0,0,0
2129,443333,0.71951011,-0.97254624,0.25061903,0.04126167,-0.20793740,0.11500863,0,1,0,0,0
2130,443541,0.76553347,-0.94749083,0.18454886,0.06825306,-0.16967771,0.09380069,0,1,0,0,0
2131,443750,0.81472928,-0.92203908,0.12001179,0.06245909,-0.20038753,0.09094524,0,1,0,0,0
2132,443958,0.84134823,-0.89622293,0.05759115,0.07531630,-0.17226369,0.07886985,0,1,0,0,0
2133,444166,0.88465667,-0.85485010,-0.00638256,0.09362333,-0.20433700,0.08766940,0,1,0,0,0
2134,444375,0.91368306,-0.83077560,-0.08122240,0.11635674,-0.17169215,0.07773053,0,1,0,0,0
2135,444583,0.93819890,-0.79784019,-0.14265603,0.13307617,-0.18369731,0.06626745,0,1,0,0,0
2136,444791,0.96476311,-0.75414797,-0.19991657,0.13018637,-0.18850104,0.05762116,0,1,0,0,0
2137,445000,0.97501552,-0.70481389,-0.25869495,0.12880113,-0.17646862,0.05345712,0,1,0,0,0
2138,445208,0.99088835,-0.64837863,-0.32422400,0.16483395,-0.17368160,0.02477019,0,1,0,0,0
2139,445416,1.00030472,-0.60659216,-0.39099099,0.15135399,-0.16073270,0.00898327,0,1,0,0,0
2140,445625,1.01026603,-0.54975783,-0.44759704,0.15143001,-0.15755884,0.00269183,0,1,0,0,0
2141,445833,1.01179308,-0.50414765,-0.51857999,0.16618542,-0.15417683,-0.00191364,0,1,0,0,0
2142,446041,1.00462664,-0.43349970,-0.55916847,0.16511136,-0.16092323,-0.01889290,0,1,0,0,0
2143,446250,0.99831038,-0.37880769,-0.60885935,0.17893711,-0.13574287,-0.01100567,0,1,0,0,0
2144,446458,0.97940077,-0.31903345,-0.64528724,0.18450087,-0.14520528,-0.05282901,0,1,0,0,0
2145,446666,0.95975834,-0.25840078,-0.70868597,0.18932365,-0.13034663,-0.05939974,0,1,0,0,0
2146,446875,0.94914356,-0.19130513,-0.74575352,0.18365252,-0.10750926,-0.05340839,0,1,0,0,0
2147,447083,0.91956871,-0.12742686,-0.79237043,0.21154431,-0.09381844,-0.07654876,0,1,0,0,0
2148,447291,0.89148685,-0.05026750,-0.82167647,0.18379412,-0.10606203,-0.09852401,0,1,0,0,0
2149,447500,0.86073393,0.00712005,-0.86700781,0.19726999,-0.07990415,-0.11645896,0,1,0,0,0
2150,447708,0.83426012,0.07497593,-0.88456508,0.20679167,-0.08051633,-0.10936203,0,1,0,0,0
2151,447916,0.79273432,0.13734616,-0.92284427,0.19863015,-0.04658550,-0.13075475,0,1,0,0,0
2152,448125,0.74540851,0.19154054,-0.93143873,0.17795423,-0.04345659,-0.12911081,0,1,0,0,0
2153,448333,0.70693105,0.25682201,-0.95316373,0.19011226,-0.04803232,-0.14453458,0,1,0,0,0
2154,448541,0.65731509,0.33208456,-0.98019813,0.16765840,-0.03408744,-0.16701404,0,1,0,0,0
2155,448750,0.60325486,0.38235009,-0.97753440,0.18146015,-0.01370290,-0.16736819,0,1,0,0,0
2156,448958,0.55342799,0.44021340,-0.98917639,0.15873182,-0.04334518,-0.18278545,0,1,0,0,0
2157,449166,0.48710399,0.50247729,-0.99550285,0.15140143,0.01532028,-0.18529452,0,1,0,0,0
2158,449375,0.43779297,0.56071583,-0.98803686,0.14652593,0.01921369,-0.17974731,0,1,0,0,0
2159,449583,0.38433308,0.60554604,-0.98853476,0.13070216,0.05061655,-0.20219432,0,1,0,0,0
2160,449791,0.30886203,0.66049355,-0.97137182,0.11615393,0.03123738,-0.19328030,0,1,0,0,0
