1,0,0.26345699,-0.95810115,0.69982855,-0.05554308,-0.14396771,0.20128235,0,0,0,0,0
2,208,0.31879059,-0.97549315,0.66269888,-0.04010850,-0.14202103,0.19741437,0,0,0,0,0
3,416,0.37170076,-0.99624076,0.60905753,-0.01704465,-0.14738528,0.19504671,0,0,0,0,0
4,625,0.44846111,-1.00305886,0.54805515,-0.00190204,-0.16134273,0.16914927,0,0,0,0,0
5,833,0.49719776,-1.00694475,0.48739504,-0.00195673,-0.16766296,0.17632114,0,0,0,0,0
6,1041,0.55809057,-0.98985779,0.43495996,0.00231091,-0.18972588,0.15936706,0,0,0,0,0
7,1250,0.60309320,-0.99159141,0.37809202,0.04128926,-0.19459680,0.16552255,0,0,0,0,0
8,1458,0.66549481,-0.98684900,0.32223898,0.03933519,-0.16669091,0.12570647,0,0,0,0,0
9,1666,0.70342353,-0.96954737,0.25661778,0.07175602,-0.20448955,0.14985903,0,0,0,0,0
10,1875,0.76413837,-0.95239899,0.19070475,0.07129979,-0.19589902,0.13954976,0,0,0,0,0
11,2083,0.79786222,-0.92886312,0.12163033,0.06699079,-0.19485863,0.12691796,0,0,0,0,0
12,2291,0.83397071,-0.89074650,0.04802622,0.09319158,-0.20860541,0.09288353,0,0,0,0,0
13,2500,0.87412347,-0.86695115,-0.00515140,0.09067196,-0.20832133,0.09738691,0,0,0,0,0
14,2708,0.89556580,-0.83750928,-0.07144304,0.09500524,-0.19503247,0.07717008,0,0,0,0,0
15,2916,0.93127211,-0.78862085,-0.13456468,0.11564518,-0.18050108,0.07041004,0,0,0,0,0
16,3125,0.94817647,-0.75111867,-0.19901016,0.15417452,-0.21148577,0.04273463,0,0,0,0,0
17,3333,0.97010366,-0.70316924,-0.26652992,0.12050213,-0.21205583,0.04726441,0,0,0,0,0
18,3541,0.98671617,-0.65691298,-0.32779777,0.16023164,-0.20944801,0.01224043,0,0,0,0,0
19,3750,0.98362644,-0.60483692,-0.38454890,0.14984242,-0.18706217,0.03179998,0,0,0,0,0
20,3958,0.99460212,-0.54780005,-0.44924156,0.17662540,-0.18560214,0.00395069,0,0,0,0,0
21,4166,1.00087213,-0.48871276,-0.50919676,0.17994748,-0.19394579,-0.00361501,0,0,0,0,0
22,4375,0.99235922,-0.42858247,-0.56488866,0.19850605,-0.17538499,-0.01083784,0,0,0,0,0
23,4583,0.99513049,-0.37778827,-0.61820114,0.19560972,-0.14764878,-0.02865544,0,0,0,0,0
24,4791,0.97705459,-0.31447641,-0.66635725,0.18654531,-0.15428773,-0.02960770,0,0,0,0,0
25,5000,0.96325421,-0.25083431,-0.71318487,0.18728589,-0.16254471,-0.05057267,0,0,0,0,0
26,5208,0.94638801,-0.18306890,-0.75039990,0.18268225,-0.12661710,-0.04844463,0,0,0,0,0
27,5416,0.92831743,-0.12168196,-0.80524563,0.17776258,-0.10328278,-0.07932965,0,0,0,0,0
28,5625,0.90489137,-0.06218282,-0.84299645,0.20922837,-0.11336276,-0.09755413,0,0,0,0,0
29,5833,0.86060836,0.00625760,-0.86527722,0.19532171,-0.06681405,-0.09554889,0,0,0,0,0
30,6041,0.83263138,0.07739135,-0.89640355,0.18792679,-0.09201735,-0.10248477,0,0,0,0,0
31,6250,0.79232222,0.13439238,-0.91539894,0.17612334,-0.07243140,-0.12996872,0,0,0,0,0
32,6458,0.74931436,0.19978754,-0.95298121,0.19405582,-0.05531377,-0.14150333,0,0,0,0,0
33,6666,0.70184283,0.26377070,-0.97194076,0.20760070,-0.06354116,-0.16094282,0,0,0,0,0
34,6875,0.64965192,0.31801667,-0.98040817,0.18204630,-0.03576545,-0.14121814,0,0,0,0,0
35,7083,0.60638674,0.38769655,-0.99522085,0.17267868,-0.01412921,-0.15336355,0,0,0,0,0
36,7291,0.54177646,0.44585889,-1.00081943,0.18437470,-0.01157782,-0.17688478,0,0,0,0,0
37,7500,0.48631945,0.51033498,-0.98802763,0.17676381,0.02017855,-0.17945848,0,0,0,0,0
38,7708,0.41958437,0.56101878,-0.99650511,0.14803336,0.02724052,-0.17600057,0,0,0,0,0
39,7916,0.37464625,0.60421242,-0.98861397,0.16175009,0.01572984,-0.17995258,0,0,0,0,0
40,8125,0.30733095,0.66992605,-0.98075056,0.15902586,0.05296821,-0.17146803,0,0,0,0,0
41,8333,0.25213684,0.71247550,-0.96486483,0.14078525,0.06258372,-0.18566673,0,0,0,0,0
42,8541,0.18460008,0.74403737,-0.94801715,0.13782856,0.06482621,-0.19086560,0,0,0,0,0
43,8750,0.12296993,0.79589369,-0.92314687,0.12663336,0.07572751,-0.20857039,0,0,0,0,0
44,8958,0.06026114,0.83057190,-0.89601939,0.10463791,0.10153271,-0.20299089,0,0,0,0,0
45,9166,-0.00326595,0.86334927,-0.85705398,0.08757922,0.07747173,-0.18727429,0,0,0,0,0
46,9375,-0.07735528,0.90396300,-0.82434717,0.09131188,0.11870006,-0.20998906,0,0,0,0,0
47,9583,-0.13616470,0.92199860,-0.79159925,0.05665690,0.12764111,-0.19369197,0,0,0,0,0
48,9791,-0.20009680,0.94668426,-0.75115289,0.05607954,0.14169838,-0.20099477,0,0,0,0,0
49,10000,-0.26299645,0.97290635,-0.69076973,0.04734938,0.14242031,-0.19870817,0,0,0,0,0
50,10208,-0.32632763,0.98246931,-0.65656150,0.03396430,0.16259416,-0.20555453,0,0,0,0,0
51,10416,-0.38390015,0.98980242,-0.60778112,0.01267374,0.15410835,-0.19365122,0,0,0,0,0
52,10625,-0.43985313,0.99599487,-0.54853671,0.00989184,0.17511009,-0.18634961,0,0,0,0,0
53,10833,-0.49598274,1.00209666,-0.49320152,-0.02343656,0.17411732,-0.19508854,0,0,0,0,0
54,11041,-0.55245569,1.00089592,-0.44229082,-0.04656989,0.17207143,-0.19543969,0,0,0,0,0
55,11250,-0.61570499,0.98880543,-0.37817904,-0.03844328,0.18530875,-0.16674720,0,0,0,0,0
56,11458,-0.64268275,0.97874879,-0.31627658,-0.04870141,0.18638073,-0.16417920,0,0,0,0,0
57,11666,-0.71908717,0.96653731,-0.24913731,-0.04002803,0.20753664,-0.14777405,0,0,0,0,0
58,11875,-0.75283747,0.94746884,-0.17882542,-0.09200222,0.20442032,-0.14335390,0,0,0,0,0
59,12083,-0.79530100,0.91273277,-0.11574797,-0.08264953,0.18544108,-0.12448474,0,0,0,0,0
60,12291,-0.82892672,0.89873016,-0.05644443,-0.08337013,0.19805556,-0.11847044,0,0,0,0,0
61,12500,-0.87709072,0.86726397,0.00375663,-0.09934263,0.19024904,-0.11503496,0,0,0,0,0
62,12708,-0.88959093,0.82093308,0.06943381,-0.11172728,0.18807096,-0.08249874,0,0,0,0,0
63,12916,-0.92843975,0.79090210,0.13944406,-0.13381160,0.20015112,-0.08510821,0,0,0,0,0
64,13125,-0.95110572,0.75237836,0.19970968,-0.14047816,0.20131259,-0.04823622,0,0,0,0,0
65,13333,-0.96365966,0.69724332,0.26571390,-0.14442699,0.20951012,-0.04597572,0,0,0,0,0
66,13541,-0.98788010,0.65897473,0.32917598,-0.14859747,0.18909927,-0.01662210,0,0,0,0,0
67,13750,-0.99471937,0.60558363,0.39778249,-0.16750363,0.19939448,-0.00117592,0,0,0,0,0
68,13958,-0.99778768,0.54709603,0.45011590,-0.16051997,0.19331025,-0.03052353,0,0,0,0,0
69,14166,-0.99588258,0.49704345,0.50839688,-0.17079173,0.18311843,-0.00713181,0,0,0,0,0
70,14375,-1.00164098,0.43813613,0.56066665,-0.17669846,0.17177155,0.01482545,0,0,0,0,0
71,14583,-0.98177664,0.36599531,0.60586341,-0.17146081,0.15364184,0.03342072,0,0,0,0,0
72,14791,-0.97548345,0.31068407,0.66072131,-0.19594038,0.17685942,0.05515664,0,0,0,0,0
73,15000,-0.96637083,0.25166323,0.70760920,-0.18431540,0.15063925,0.06564582,0,0,0,0,0
74,15208,-0.94398245,0.19287825,0.75656864,-0.18724274,0.14618688,0.05941202,0,0,0,0,0
75,15416,-0.92299045,0.12741897,0.79589433,-0.19344741,0.12430912,0.07164063,0,0,0,0,0
76,15625,-0.89888211,0.06217192,0.83726781,-0.20939955,0.11472196,0.08150489,0,0,0,0,0
77,15833,-0.85723544,0.00006513,0.86412485,-0.17286591,0.09708801,0.08854070,0,0,0,0,0
78,16041,-0.82257176,-0.06794156,0.90975767,-0.19271404,0.07665832,0.09316128,0,0,0,0,0
79,16250,-0.78877276,-0.13973877,0.92741191,-0.18512435,0.07345626,0.11578562,0,0,0,0,0
80,16458,-0.74917803,-0.20796513,0.95357751,-0.18762509,0.05983951,0.13362658,0,0,0,0,0
81,16666,-0.70197460,-0.27078231,0.96529778,-0.19868295,0.03340732,0.15298135,0,0,0,0,0
82,16875,-0.65976183,-0.32837198,0.99433750,-0.18538527,0.04683810,0.14439807,0,0,0,0,0
83,17083,-0.60183817,-0.38196799,0.98018336,-0.17616087,0.00140902,0.15505060,0,0,0,0,0
84,17291,-0.54529516,-0.44549099,0.99944004,-0.19597648,0.01006901,0.17595052,0,0,0,0,0
85,17500,-0.49005733,-0.49714610,0.99051628,-0.16989221,0.00092333,0.17520237,0,0,0,0,0
86,17708,-0.44343794,-0.56220636,0.99445991,-0.18011414,-0.02144896,0.17603809,0,0,0,0,0
87,17916,-0.37108895,-0.61335845,0.99416896,-0.16179638,-0.03183703,0.16957846,0,0,0,0,0
88,18125,-0.32067003,-0.65591098,0.97355254,-0.17145718,-0.03956214,0.18910139,0,0,0,0,0
89,18333,-0.24091395,-0.70847024,0.96261137,-0.14310207,-0.02744161,0.19215407,0,0,0,0,0
90,18541,-0.18699869,-0.75202363,0.94395739,-0.13115243,-0.06697067,0.19047601,0,0,0,0,0
91,18750,-0.12586417,-0.79577657,0.91814694,-0.13795026,-0.08277824,0.19432028,0,0,0,0,0
92,18958,-0.06017181,-0.83401753,0.89674904,-0.11110728,-0.08784125,0.18138507,0,0,0,0,0
93,19166,0.00938762,-0.88071717,0.87221219,-0.08683412,-0.10439993,0.19095984,0,0,0,0,0
94,19375,0.07321341,-0.90364364,0.82247056,-0.08795947,-0.13322994,0.22307314,0,0,0,0,0
95,19583,0.12522317,-0.92252040,0.79806253,-0.06892186,-0.12874231,0.20413031,0,0,0,0,0
96,19791,0.20914083,-0.95038311,0.74864199,-0.06519775,-0.12531260,0.20178504,0,0,0,0,0
97,20000,0.26598782,-0.96620865,0.70186600,-0.04610792,-0.12136395,0.20651387,0,0,0,0,0
98,20208,0.32169757,-0.98781365,0.65787412,-0.03311968,-0.14726421,0.19201208,0,0,0,0,0
99,20416,0.37531936,-0.99357815,0.60082452,-0.02304326,-0.15897933,0.19576270,0,0,0,0,0
100,20625,0.45435167,-0.99874685,0.55962532,-0.01561706,-0.16834626,0.19244627,0,0,0,0,0
101,20833,0.50355955,-0.99825228,0.49835834,0.01248220,-0.15673707,0.19868969,0,0,0,0,0
102,21041,0.55954856,-1.00075893,0.43895865,0.02980851,-0.16408124,0.16827229,0,0,0,0,0
103,21250,0.60765847,-0.98794841,0.37904905,0.05247605,-0.19947420,0.17304922,0,0,0,0,0
104,21458,0.65607339,-0.97656315,0.31499230,0.05123340,-0.19748546,0.15275370,0,0,0,0,0
105,21666,0.71461562,-0.97845187,0.25189718,0.04941884,-0.20175973,0.13555875,0,0,0,0,0
106,21875,0.75719597,-0.93553625,0.18589967,0.08656507,-0.19483347,0.13827753,0,0,0,0,0
107,22083,0.79506590,-0.91349943,0.12222473,0.10456901,-0.20690119,0.14256472,0,0,0,0,0
108,22291,0.83978067,-0.89353739,0.06131839,0.07619166,-0.20085831,0.10386554,0,0,0,0,0
109,22500,0.86846190,-0.86725012,-0.00908476,0.09780404,-0.20687521,0.09783002,0,0,0,0,0
110,22708,0.89345112,-0.82388476,-0.07562912,0.10187538,-0.20760232,0.09089719,0,0,0,0,0
111,22916,0.91986530,-0.78557271,-0.13416130,0.12818477,-0.17841837,0.07424759,0,0,0,0,0
112,23125,0.94483117,-0.74556857,-0.19658719,0.13651172,-0.22161611,0.07001117,0,0,0,0,0
113,23333,0.96640201,-0.69966997,-0.26038435,0.14196593,-0.18577843,0.03810158,0,0,0,0,0
114,23541,0.98368915,-0.64910827,-0.32477738,0.13990528,-0.19366421,0.02097346,0,0,0,0,0
115,23750,0.99123381,-0.60071669,-0.38136285,0.14268697,-0.18678826,0.02848842,0,0,0,0,0
116,23958,1.00634585,-0.54504456,-0.45822605,0.16268872,-0.18662073,0.00699514,0,0,0,0,0
117,24166,1.00037970,-0.48771585,-0.50212311,0.19415288,-0.16151909,-0.01341263,0,0,0,0,0
118,24375,1.00217121,-0.43575690,-0.55881829,0.19306084,-0.16392194,0.00230975,0,0,0,0,0
119,24583,0.99075143,-0.37546154,-0.60814833,0.19763667,-0.15919216,-0.02973779,0,0,0,0,0
120,24791,0.98227856,-0.31490311,-0.67124158,0.15763254,-0.13332035,-0.03329040,0,0,0,0,0
121,25000,0.96733571,-0.25869984,-0.70707232,0.18873987,-0.14814215,-0.05303867,0,0,0,0,0
122,25208,0.94656774,-0.18510326,-0.75694381,0.21318978,-0.13191716,-0.06779868,0,0,0,0,0
123,25416,0.92803669,-0.11956225,-0.79006312,0.18380619,-0.12035911,-0.08686681,0,0,0,0,0
124,25625,0.88721004,-0.06332133,-0.83053708,0.19283214,-0.12192352,-0.08086623,0,0,0,0,0
125,25833,0.86455312,0.00585030,-0.86218172,0.19332880,-0.09003843,-0.09968461,0,0,0,0,0
126,26041,0.82693134,0.06589505,-0.90308133,0.19659524,-0.07717416,-0.11248627,0,0,0,0,0
127,26250,0.78875318,0.13906399,-0.92094963,0.19640345,-0.06057661,-0.11981289,0,0,0,0,0
128,26458,0.74647415,0.19810067,-0.95587061,0.20787399,-0.04882591,-0.12989128,0,0,0,0,0
129,26666,0.69917546,0.24947362,-0.95887928,0.18851808,-0.04733406,-0.14145270,0,0,0,0,0
130,26875,0.64925491,0.32846031,-0.98464242,0.19193615,-0.03191561,-0.15030162,0,0,0,0,0
131,27083,0.59559937,0.38389436,-0.99368087,0.17436346,-0.02281907,-0.15743328,0,0,0,0,0
132,27291,0.54628280,0.44301216,-1.00014536,0.17696894,0.01431943,-0.15686121,0,0,0,0,0
133,27500,0.49885149,0.50293480,-1.00079645,0.17975662,0.00230859,-0.16865377,0,0,0,0,0
134,27708,0.43693107,0.56345753,-1.00009752,0.17667943,0.02309858,-0.19365449,0,0,0,0,0
135,27916,0.38166985,0.60836282,-0.98928341,0.16690147,0.03459376,-0.18241731,0,0,0,0,0
136,28125,0.31145155,0.66479625,-0.97514738,0.15607164,0.02115152,-0.18185012,0,0,0,0,0
137,28333,0.25702721,0.69741873,-0.96462071,0.13575975,0.03349192,-0.17952989,0,0,0,0,0
138,28541,0.19071186,0.76125886,-0.95434670,0.13375405,0.08384809,-0.19214115,0,0,0,0,0
139,28750,0.12218586,0.79696870,-0.91841288,0.12565696,0.06962765,-0.18070978,0,0,0,0,0
140,28958,0.06303914,0.83417960,-0.88038133,0.11615506,0.09486294,-0.21192687,0,0,0,0,0
141,29166,-0.00435851,0.86346670,-0.86093690,0.10835168,0.09767981,-0.20377133,0,0,0,0,0
142,29375,-0.07126721,0.89366311,-0.81812724,0.08425013,0.09937694,-0.19451517,0,0,0,0,0
143,29583,-0.13326600,0.92564304,-0.77665418,0.07230354,0.11506030,-0.21724803,0,0,0,0,0
144,29791,-0.19897809,0.95711242,-0.74340405,0.07184368,0.13902160,-0.20574758,0,0,0,0,0
145,30000,-0.27199325,0.96577287,-0.70325647,0.05051620,0.13844262,-0.19882460,0,0,0,0,0
146,30208,-0.32493151,0.98190045,-0.64865261,0.03174064,0.18148797,-0.19532524,0,0,0,0,0
147,30416,-0.38614953,0.99134804,-0.60977346,0.01543645,0.14889860,-0.17949645,0,0,0,0,0
148,30625,-0.44453264,0.99663137,-0.55088614,0.02029531,0.17310989,-0.17888744,0,0,0,0,0
149,30833,-0.49821183,0.99561015,-0.50173988,0.00274053,0.17829021,-0.18194256,0,0,0,0,0
150,31041,-0.55270401,0.99422464,-0.44095888,-0.02076581,0.17048557,-0.18904556,0,0,0,0,0
151,31250,-0.61029996,0.98656914,-0.37835754,-0.03212580,0.17756098,-0.16980642,0,0,0,0,0
152,31458,-0.66061301,0.98934981,-0.31782784,-0.03926636,0.17748285,-0.15102544,0,0,0,0,0
153,31666,-0.70297360,0.96187626,-0.25031628,-0.06971684,0.18051050,-0.14328971,0,0,0,0,0
154,31875,-0.75301640,0.93616418,-0.19159711,-0.04947174,0.18450340,-0.13420495,0,0,0,0,0
155,32083,-0.78953510,0.91986768,-0.12578904,-0.09328116,0.19671871,-0.11346195,0,0,0,0,0
156,32291,-0.83214055,0.89686669,-0.06101984,-0.07854697,0.17458611,-0.10111032,0,0,0,0,0
157,32500,-0.87554194,0.87122519,0.01371305,-0.10685287,0.18954441,-0.09265443,0,0,0,0,0
158,32708,-0.89856616,0.82386375,0.07515267,-0.10616374,0.19865713,-0.06673134,0,0,0,0,0
159,32916,-0.92910701,0.79139032,0.14047770,-0.12669427,0.19692156,-0.08555505,0,0,0,0,0
160,33125,-0.94583866,0.75179359,0.20140115,-0.14552090,0.19385930,-0.06140538,0,0,0,0,0
161,33333,-0.96809386,0.70601900,0.27044042,-0.14408800,0.19569738,-0.05838493,0,0,0,0,0
162,33541,-0.99404225,0.64763759,0.33049534,-0.14555169,0.18150579,-0.02172574,0,0,0,0,0
163,33750,-0.99063388,0.60990628,0.38653830,-0.14970524,0.18721098,-0.01830822,0,0,0,0,0
164,33958,-0.99706572,0.54525459,0.45195472,-0.16165733,0.20347327,-0.01070138,0,0,0,0,0
165,34166,-1.00067583,0.49804281,0.50005016,-0.17669968,0.18454779,0.00629844,0,0,0,0,0
166,34375,-0.99049726,0.44392325,0.56134928,-0.18582097,0.16351350,0.00447791,0,0,0,0,0
167,34583,-0.99135445,0.37260607,0.61690414,-0.19307301,0.15944937,0.04731925,0,0,0,0,0
168,34791,-0.98265805,0.32027001,0.65753164,-0.19264530,0.16416666,0.05240749,0,0,0,0,0
169,35000,-0.96299293,0.25345701,0.70655663,-0.17135740,0.14481093,0.03017417,0,0,0,0,0
170,35208,-0.95283649,0.18425911,0.76248740,-0.17920916,0.12814761,0.07132423,0,0,0,0,0
171,35416,-0.92587203,0.11172790,0.80241436,-0.20343941,0.12154692,0.07489704,0,0,0,0,0
172,35625,-0.89369163,0.06140946,0.83033275,-0.21425141,0.10920027,0.08883385,0,0,0,0,0
173,35833,-0.87022089,-0.00972422,0.86643481,-0.21057290,0.09541010,0.10816067,0,0,0,0,0
174,36041,-0.82746012,-0.07202731,0.89725414,-0.19571745,0.07852752,0.10529748,0,0,0,0,0
175,36250,-0.79927791,-0.13546391,0.92310436,-0.18327133,0.05865463,0.13450190,0,0,0,0,0
176,36458,-0.74201668,-0.19990787,0.95032471,-0.18663759,0.05662399,0.12303156,0,0,0,0,0
177,36666,-0.70907446,-0.26695064,0.96030115,-0.19279580,0.04800077,0.13572590,0,0,0,0,0
178,36875,-0.65859568,-0.32446728,0.98222108,-0.20493282,0.03338407,0.15726393,0,0,0,0,0
179,37083,-0.60599315,-0.40008092,0.99734034,-0.18687185,0.01559175,0.16567626,0,0,0,0,0
180,37291,-0.54501087,-0.43863789,0.99834020,-0.18367689,0.02022521,0.14829625,0,0,0,0,0
181,37500,-0.49874886,-0.49944307,1.00173996,-0.17190117,-0.01774882,0.17480405,0,0,0,0,0
182,37708,-0.43422642,-0.55147337,1.00391841,-0.16964981,-0.03508823,0.18408598,0,0,0,0,0
183,37916,-0.37509230,-0.61476521,0.98308821,-0.18568399,-0.05110785,0.18297204,0,0,0,0,0
184,38125,-0.31116027,-0.65771283,0.97826370,-0.17830501,-0.05794180,0.17471485,0,0,0,0,0
185,38333,-0.24828022,-0.70154647,0.96159161,-0.14172416,-0.04686592,0.19382350,0,0,0,0,0
186,38541,-0.18605042,-0.75395399,0.94686232,-0.15387168,-0.06917513,0.17328713,0,0,0,0,0
187,38750,-0.11799834,-0.79098921,0.91689151,-0.12369609,-0.07976158,0.19261110,0,0,0,0,0
188,38958,-0.06218084,-0.82476681,0.89023058,-0.14055213,-0.08846049,0.19307763,0,0,0,0,0
189,39166,0.00873404,-0.86735629,0.86225675,-0.09399364,-0.10457587,0.18864920,0,0,0,0,0
190,39375,0.07342039,-0.89905696,0.82738732,-0.07425527,-0.11540632,0.20002391,0,0,0,0,0
191,39583,0.14505574,-0.92162383,0.78729300,-0.06634134,-0.11301677,0.19700130,0,0,0,0,0
192,39791,0.19644195,-0.94808276,0.75210705,-0.06159188,-0.13105220,0.20905830,0,0,0,0,0
193,40000,0.26743666,-0.97588338,0.69907061,-0.04480447,-0.14904487,0.18150368,0,0,0,0,0
194,40208,0.32215697,-0.98225783,0.64945097,-0.04445833,-0.15154341,0.19867851,0,0,0,0,0
195,40416,0.38460543,-0.99230334,0.60457480,-0.02211910,-0.14902612,0.18694233,0,0,0,0,0
196,40625,0.44420036,-0.99806155,0.55306442,-0.02199190,-0.16375306,0.20361338,0,0,0,0,0
197,40833,0.49841975,-0.99721452,0.49340930,-0.00575891,-0.15973602,0.15888349,0,0,0,0,0
198,41041,0.55644921,-0.99836137,0.44662620,0.02594007,-0.17403487,0.16446507,0,0,0,0,0
199,41250,0.60390587,-0.99274441,0.38333039,0.03230166,-0.18584502,0.16022045,0,0,0,0,0
200,41458,0.66319221,-0.97847554,0.32684664,0.02279020,-0.18604388,0.14116098,0,0,0,0,0
201,41666,0.70648445,-0.96576489,0.25139601,0.05754282,-0.19758673,0.14284681,0,0,0,0,0
202,41875,0.74550924,-0.94534766,0.18792885,0.07042757,-0.19364160,0.14264535,0,0,0,0,0
203,42083,0.79661477,-0.91740087,0.11866439,0.08683690,-0.19337772,0.12464657,0,0,0,0,0
204,42291,0.83516243,-0.88982112,0.06256679,0.08060859,-0.20478877,0.11688399,0,0,0,0,0
205,42500,0.86696951,-0.86419465,-0.00878810,0.10199902,-0.19741603,0.09467879,0,0,0,0,0
206,42708,0.89056828,-0.82555174,-0.06450821,0.12532875,-0.18548209,0.08140821,0,0,0,0,0
207,42916,0.92025619,-0.79477013,-0.13867050,0.13328535,-0.19684090,0.05223247,0,0,0,0,0
208,43125,0.95377252,-0.75143480,-0.19732979,0.12521324,-0.20162273,0.05183768,0,0,0,0,0
209,43333,0.96891518,-0.70778568,-0.25960806,0.13626444,-0.17857208,0.04921308,0,0,0,0,0
210,43541,0.97213863,-0.65214368,-0.32710807,0.15426176,-0.19334957,0.03013431,0,0,0,0,0
211,43750,0.99550759,-0.60660062,-0.38387553,0.16144634,-0.16848181,0.03560557,0,0,0,0,0
212,43958,0.99859906,-0.55044628,-0.44854549,0.16621656,-0.18128025,0.00741081,0,0,0,0,0
213,44166,1.00935672,-0.49507432,-0.51044352,0.18985352,-0.17827973,0.01125231,0,0,0,0,0
214,44375,0.99582342,-0.43836442,-0.55727945,0.19010358,-0.16794153,-0.02041874,0,0,0,0,0
215,44583,0.98857233,-0.39275661,-0.60734948,0.19316777,-0.14943897,-0.02980693,0,0,0,0,0
216,44791,0.98693843,-0.31107907,-0.67368979,0.18341333,-0.17026578,-0.04133316,0,0,0,0,0
217,45000,0.97179423,-0.24987677,-0.72119380,0.18535422,-0.16961771,-0.05301279,0,0,0,0,0
218,45208,0.95193681,-0.18768223,-0.75583975,0.19659042,-0.15071694,-0.06530520,0,0,0,0,0
219,45416,0.92154396,-0.13205817,-0.79737377,0.18928678,-0.12958819,-0.07595990,0,0,0,0,0
220,45625,0.90177719,-0.06011062,-0.84419887,0.19136440,-0.11152577,-0.08775060,0,0,0,0,0
221,45833,0.86664852,0.00780658,-0.86291087,0.18581709,-0.09243763,-0.08390851,0,0,0,0,0
222,46041,0.82482324,0.06865341,-0.89852152,0.18550163,-0.09379820,-0.12579376,0,0,0,0,0
223,46250,0.79344272,0.13474852,-0.91972469,0.19290826,-0.07261554,-0.13567400,0,0,0,0,0
224,46458,0.74569766,0.19851633,-0.94928738,0.19828212,-0.05548546,-0.12207466,0,0,0,0,0
225,46666,0.69400931,0.26769264,-0.97168748,0.20738891,-0.04739313,-0.13336190,0,0,0,0,0
226,46875,0.65422588,0.32151294,-0.98289245,0.20335688,-0.03371595,-0.15846731,0,0,0,0,0
227,47083,0.60486358,0.38325161,-0.99476708,0.17869324,-0.02169831,-0.15900986,0,0,0,0,0
228,47291,0.54979650,0.44421264,-0.99818286,0.18105625,0.01996576,-0.17207407,0,0,0,0,0
229,47500,0.48964022,0.50360215,-1.00390971,0.19362796,0.00379089,-0.18480818,0,0,0,0,0
230,47708,0.43449223,0.55193027,-0.99812970,0.18119068,0.04275937,-0.17299310,0,0,0,0,0
231,47916,0.36518400,0.61936582,-0.98568432,0.17435465,0.04145495,-0.18318539,0,0,0,0,0
232,48125,0.31174964,0.67354009,-0.97812605,0.14492710,0.04878345,-0.18158483,0,0,0,0,0
233,48333,0.25597730,0.71347628,-0.96462495,0.14788043,0.05149035,-0.18823921,0,0,0,0,0
234,48541,0.18965704,0.76149923,-0.94235399,0.13842022,0.07185995,-0.15687229,0,0,0,0,0
235,48750,0.12512912,0.78786463,-0.92508622,0.12643057,0.06263254,-0.18412977,0,0,0,0,0
236,48958,0.06034944,0.83956747,-0.89145654,0.12210710,0.08103105,-0.18799359,0,0,0,0,0
237,49166,-0.00973697,0.85987914,-0.85999871,0.08752625,0.08677530,-0.17999056,0,0,0,0,0
238,49375,-0.07175700,0.89802384,-0.83429182,0.08425229,0.12125744,-0.19907793,0,0,0,0,0
239,49583,-0.14244080,0.93058517,-0.78593885,0.06977580,0.13024976,-0.18346946,0,0,0,0,0
240,49791,-0.20748807,0.95308517,-0.75510816,0.07596246,0.13057242,-0.19535993,0,0,0,0,0
241,50000,-0.26058258,0.97081382,-0.70023688,0.05372729,0.13153638,-0.19532330,0,0,0,0,0
242,50208,-0.32228418,0.97414875,-0.65412096,0.04643196,0.13508030,-0.18250693,0,0,0,0,0
243,50416,-0.39065919,0.99624345,-0.60317164,0.01582214,0.16560726,-0.19453037,0,0,0,0,0
244,50625,-0.44369431,1.00249992,-0.55506253,-0.00481118,0.16236316,-0.18066110,0,0,0,0,0
245,50833,-0.50983889,0.99338563,-0.49794529,-0.01514856,0.17636012,-0.18879149,0,0,0,0,0
246,51041,-0.56216793,0.99703628,-0.43585395,-0.00465937,0.17989634,-0.15227618,0,0,0,0,0
247,51250,-0.60566803,0.98380216,-0.37833327,-0.01936564,0.17680732,-0.15067951,0,0,0,0,0
248,51458,-0.65813187,0.97758661,-0.31179219,-0.03824916,0.18455918,-0.16538492,0,0,0,0,0
249,51666,-0.72415716,0.96212635,-0.25439964,-0.05056985,0.20681223,-0.15848268,0,0,0,0,0
250,51875,-0.75848476,0.93851748,-0.19022077,-0.06899391,0.18153891,-0.11899815,0,0,0,0,0
251,52083,-0.79073536,0.92336640,-0.13218926,-0.08626623,0.18122092,-0.15046090,0,0,0,0,0
252,52291,-0.83139084,0.89369722,-0.05471880,-0.09152583,0.19318494,-0.09008703,0,0,0,0,0
253,52500,-0.86952127,0.86962838,0.01057244,-0.11954081,0.20597478,-0.09682556,0,0,0,0,0
254,52708,-0.89288329,0.82754675,0.07573074,-0.11904887,0.19637181,-0.08428899,0,0,0,0,0
255,52916,-0.93401292,0.78650899,0.14050750,-0.09842838,0.20453373,-0.07415790,0,0,0,0,0
256,53125,-0.94952353,0.74356256,0.19460379,-0.13574809,0.20223212,-0.05844661,0,0,0,0,0
257,53333,-0.96082194,0.70767422,0.27260381,-0.14553793,0.18800434,-0.03493693,0,0,0,0,0
258,53541,-0.98491453,0.65587112,0.33133134,-0.14838719,0.18195385,-0.03735705,0,0,0,0,0
259,53750,-0.99640781,0.60672229,0.39063275,-0.16817280,0.18305588,-0.01479852,0,0,0,0,0
260,53958,-1.00390560,0.55480833,0.44263587,-0.17775637,0.20707885,0.00511611,0,0,0,0,0
261,54166,-0.99804881,0.49479623,0.50667843,-0.16880509,0.18962996,-0.00165159,0,0,0,0,0
262,54375,-0.99668002,0.43929225,0.57221194,-0.17510592,0.16379456,0.02357503,0,0,0,0,0
263,54583,-0.98773961,0.37405254,0.61308706,-0.18532868,0.16844648,0.02519990,0,0,0,0,0
264,54791,-0.98356647,0.31756506,0.67157216,-0.21257540,0.16612104,0.05651428,0,0,0,0,0
265,55000,-0.96603136,0.24905371,0.70842085,-0.16378445,0.13696141,0.04294012,0,0,0,0,0
266,55208,-0.94653998,0.17968921,0.75830466,-0.16867650,0.14580349,0.07760570,0,0,0,0,0
267,55416,-0.92922610,0.11430797,0.79017068,-0.17641511,0.12679640,0.07230145,0,0,0,0,0
268,55625,-0.89979333,0.06044142,0.84322907,-0.20190328,0.11732118,0.09441758,0,0,0,0,0
269,55833,-0.86131709,-0.00153467,0.87272153,-0.20327809,0.10247598,0.08342272,0,0,0,0,0
270,56041,-0.83476844,-0.06993581,0.89780542,-0.19853049,0.08683484,0.09796317,0,0,0,0,0
271,56250,-0.78839629,-0.14241273,0.93295890,-0.20274380,0.07297835,0.11285823,0,0,0,0,0
272,56458,-0.75141093,-0.19810071,0.95636427,-0.21617474,0.06658460,0.11615742,0,0,0,0,0
273,56666,-0.70643173,-0.27184324,0.97178665,-0.19790184,0.06215578,0.12133412,0,0,0,0,0
274,56875,-0.65632113,-0.33299486,0.97973112,-0.19209331,0.02524606,0.15978649,0,0,0,0,0
275,57083,-0.60085219,-0.39394139,0.98796184,-0.20181594,0.00978223,0.16518359,0,0,0,0,0
276,57291,-0.54819415,-0.44705511,1.00250696,-0.18264586,0.02082228,0.14447618,0,0,0,0,0
277,57500,-0.49695347,-0.49277346,1.00053360,-0.17782548,-0.00023112,0.15695180,0,0,0,0,0
278,57708,-0.43984032,-0.56380924,0.99700396,-0.16099039,-0.02069033,0.19638314,0,0,0,0,0
279,57916,-0.38088034,-0.60423764,0.99164984,-0.16720229,-0.02639026,0.17283798,0,0,0,0,0
280,58125,-0.31088203,-0.65789396,0.97724123,-0.13566280,-0.04071324,0.18802866,0,0,0,0,0
281,58333,-0.25113776,-0.70692915,0.96154656,-0.14257086,-0.06469408,0.18554220,0,0,0,0,0
282,58541,-0.18713202,-0.75045686,0.94814884,-0.13730640,-0.06109705,0.17976661,0,0,0,0,0
283,58750,-0.12640371,-0.79147461,0.91117240,-0.10866196,-0.08183787,0.19277101,0,0,0,0,0
284,58958,-0.05093919,-0.82615178,0.89600355,-0.10795198,-0.09334097,0.20809026,0,0,0,0,0
285,59166,0.00795656,-0.87648333,0.85397836,-0.10570231,-0.07533655,0.19361801,0,0,0,0,0
286,59375,0.06979079,-0.90246056,0.82877758,-0.08787974,-0.10091150,0.19555100,0,0,0,0,0
287,59583,0.13812721,-0.92322713,0.79098977,-0.06455039,-0.11485673,0.21604792,0,0,0,0,0
288,59791,0.20127243,-0.95213178,0.75153971,-0.05824799,-0.13846528,0.19356810,0,0,0,0,0
289,60000,0.26207725,-0.96558108,0.70572997,-0.04405889,-0.14283332,0.19743318,0,0,0,0,0
290,60208,0.32322034,-0.98482614,0.65794058,-0.02534651,-0.13620154,0.19379561,0,0,0,0,0
291,60416,0.38835452,-0.99448070,0.59546537,-0.03277345,-0.16661772,0.18990528,0,0,0,0,0
292,60625,0.44128069,-0.99152495,0.56566149,-0.01363269,-0.15775411,0.17885651,0,0,0,0,0
293,60833,0.50439564,-1.00376877,0.48854275,0.01037143,-0.17553687,0.20505784,0,0,0,0,0
294,61041,0.56227771,-0.99447196,0.44874755,0.03322036,-0.16360311,0.17949388,0,0,0,0,0
295,61250,0.60992257,-0.99128472,0.38482070,0.03333772,-0.17995666,0.18270742,0,0,0,0,0
296,61458,0.65680191,-0.98537606,0.30919186,0.05588996,-0.16886755,0.14267031,0,0,0,0,0
297,61666,0.71235064,-0.96984877,0.25772400,0.05678717,-0.21331516,0.14824584,0,0,0,0,0
298,61875,0.75337803,-0.93812910,0.19134633,0.07805617,-0.18515268,0.14405102,0,0,0,0,0
299,62083,0.78971796,-0.91384718,0.13553781,0.07643409,-0.19842808,0.11501510,0,0,0,0,0
300,62291,0.84610602,-0.89577511,0.06360592,0.10269748,-0.19222608,0.11211242,0,0,0,0,0
301,62500,0.86431832,-0.86927064,-0.00174120,0.09859124,-0.18038812,0.10110917,0,0,0,0,0
302,62708,0.89476249,-0.82948363,-0.07047893,0.12098003,-0.20348085,0.09359508,0,0,0,0,0
303,62916,0.91676223,-0.78623897,-0.13970861,0.10935073,-0.19351807,0.07517210,0,0,0,0,0
304,63125,0.95325129,-0.74008927,-0.19982892,0.12816391,-0.19249724,0.07042373,0,0,0,0,0
305,63333,0.95727825,-0.71119688,-0.26343111,0.15058055,-0.21817342,0.05206093,0,0,0,0,0
306,63541,0.97863519,-0.64726458,-0.32043655,0.13747324,-0.19344819,0.00988395,0,0,0,0,0
307,63750,0.99511211,-0.60104496,-0.39036753,0.14735350,-0.17412029,0.03350291,0,0,0,0,0
308,63958,1.00016807,-0.55186520,-0.45360729,0.15931382,-0.17426463,-0.00179812,0,0,0,0,0
309,64166,1.00581584,-0.49318975,-0.50558360,0.16724840,-0.17728079,-0.00520467,0,0,0,0,0
310,64375,0.99661624,-0.42857600,-0.56204371,0.17056493,-0.15945430,-0.01987611,0,0,0,0,0
311,64583,0.99585190,-0.37614150,-0.60902185,0.17377336,-0.18456528,-0.03086953,0,0,0,0,0
312,64791,0.98019301,-0.31265533,-0.66075574,0.18335041,-0.16335906,-0.04171563,0,0,0,0,0
313,65000,0.96130534,-0.25788648,-0.71104816,0.19138594,-0.14415869,-0.05439216,0,0,0,0,0
314,65208,0.94698650,-0.18882631,-0.75799820,0.18067058,-0.13791729,-0.05563263,0,0,0,0,0
315,65416,0.92537215,-0.12259323,-0.79750976,0.20221484,-0.12656995,-0.08599601,0,0,0,0,0
316,65625,0.89765020,-0.05600135,-0.83282817,0.18662690,-0.11322218,-0.09467414,0,0,0,0,0
317,65833,0.87307359,0.00474035,-0.87583143,0.19801061,-0.09037084,-0.09455952,0,0,0,0,0
318,66041,0.83539474,0.07036843,-0.89981226,0.18417530,-0.07816529,-0.12318977,0,0,0,0,0
319,66250,0.79347443,0.13416545,-0.92485876,0.18397316,-0.06721854,-0.09944090,0,0,0,0,0
320,66458,0.74528175,0.19991315,-0.94979388,0.19361200,-0.06055652,-0.13435009,0,0,0,0,0
321,66666,0.69964112,0.25994221,-0.96288991,0.17707163,-0.02886008,-0.12624275,0,0,0,0,0
322,66875,0.65925607,0.32166515,-0.98013420,0.19791161,-0.03848246,-0.15111978,0,0,0,0,0
323,67083,0.60693479,0.39091299,-0.98980223,0.18327027,-0.00029265,-0.16684901,0,0,0,0,0
324,67291,0.55322110,0.44971400,-0.99519679,0.19305755,0.01195102,-0.16297098,0,0,0,0,0
325,67500,0.49704753,0.51324658,-1.00258341,0.17370612,0.00262719,-0.16566392,0,0,0,0,0
326,67708,0.43098730,0.55881797,-0.99410129,0.17932620,0.00956041,-0.17990622,0,0,0,0,0
327,67916,0.38138984,0.61266732,-0.98306356,0.15829464,0.03210886,-0.20719539,0,0,0,0,0
328,68125,0.31784196,0.66582420,-0.97037697,0.16582766,0.02920842,-0.18714320,0,0,0,0,0
329,68333,0.25040898,0.70248215,-0.95966666,0.14966109,0.05904899,-0.19041668,0,0,0,0,0
330,68541,0.20016988,0.75266100,-0.93976730,0.13766512,0.06688923,-0.20401186,0,0,0,0,0
331,68750,0.12570817,0.79170499,-0.92203017,0.13554545,0.07867255,-0.18034310,0,0,0,0,0
332,68958,0.05733083,0.83311735,-0.89494012,0.12854934,0.09266859,-0.19574640,0,0,0,0,0
333,69166,-0.00486133,0.87324795,-0.85540894,0.11453885,0.08960458,-0.18794057,0,0,0,0,0
334,69375,-0.07068770,0.89313048,-0.82383160,0.10082289,0.09963083,-0.19186369,0,0,0,0,0
335,69583,-0.13061055,0.92991421,-0.78832848,0.08203018,0.10431218,-0.20986782,0,0,0,0,0
336,69791,-0.20563102,0.95330242,-0.74833376,0.06952463,0.13294171,-0.21134104,0,0,0,0,0
337,70000,-0.26254273,0.95991747,-0.69896506,0.05375194,0.11688249,-0.20457409,0,0,0,0,0
338,70208,-0.33243523,0.97881409,-0.65508246,0.03427328,0.13891103,-0.18852175,0,0,0,0,0
339,70416,-0.38699053,0.99857577,-0.60378673,0.02772797,0.15641745,-0.18288581,0,0,0,0,0
340,70625,-0.44799217,1.00832670,-0.54565078,0.02304009,0.15925810,-0.16825587,0,0,0,0,0
341,70833,-0.49431902,0.99934936,-0.49536938,-0.00122757,0.19020724,-0.17594879,0,0,0,0,0
342,71041,-0.55779414,0.99773017,-0.43660848,-0.01872103,0.15984523,-0.16803093,0,0,0,0,0
343,71250,-0.60390167,0.98850184,-0.38375671,-0.01629110,0.16888141,-0.17229024,0,0,0,0,0
344,71458,-0.66409294,0.97225008,-0.31612992,-0.05782392,0.18255780,-0.17246283,0,0,0,0,0
345,71666,-0.71171401,0.97483028,-0.25360725,-0.05875916,0.18712678,-0.13936159,0,0,0,0,0
346,71875,-0.76407943,0.94232499,-0.19561714,-0.06666891,0.20097883,-0.14973291,0,0,0,0,0
347,72083,-0.78728698,0.92239132,-0.12422998,-0.06600715,0.20361260,-0.11416689,0,0,0,0,0
348,72291,-0.83541144,0.89052355,-0.05732974,-0.10485685,0.21666057,-0.10004969,0,0,0,0,0
349,72500,-0.86165778,0.85379151,0.01671277,-0.10000418,0.20221543,-0.09324982,0,0,0,0,0
350,72708,-0.89871772,0.83155413,0.07193550,-0.11508704,0.18504496,-0.08790477,0,0,0,0,0
351,72916,-0.92379914,0.78597953,0.13531919,-0.13126475,0.18264164,-0.07504511,0,0,0,0,0
352,73125,-0.94334927,0.75136464,0.20344519,-0.15055077,0.21070959,-0.06007535,0,0,0,0,0
353,73333,-0.97629971,0.70550789,0.25374374,-0.13317782,0.20599749,-0.02632460,0,0,0,0,0
354,73541,-0.98518201,0.65882435,0.32836358,-0.15995651,0.18538357,-0.02461492,0,0,0,0,0
355,73750,-0.98621439,0.60861332,0.38030310,-0.14284069,0.17846957,-0.01124793,0,0,0,0,0
356,73958,-1.00187785,0.55045153,0.44787033,-0.16575493,0.18092258,-0.00593360,0,0,0,0,0
357,74166,-1.00430789,0.49567441,0.50251174,-0.17805367,0.15500995,0.01770680,0,0,0,0,0
358,74375,-1.00066592,0.43761693,0.56548187,-0.17981541,0.18309873,0.00390041,0,0,0,0,0
359,74583,-0.98691740,0.37280949,0.62156214,-0.18658573,0.17130574,0.02129120,0,0,0,0,0
360,74791,-0.98524818,0.31364791,0.66429901,-0.17960700,0.15604441,0.04091347,0,0,0,0,0
361,75000,-0.96514264,0.25683298,0.71875248,-0.18455095,0.12852906,0.05484847,0,0,0,0,0
362,75208,-0.94657421,0.18537544,0.76219301,-0.18954958,0.13566248,0.06937662,0,0,0,0,0
363,75416,-0.92730152,0.11983235,0.79754115,-0.17851028,0.14446398,0.06704504,0,0,0,0,0
364,75625,-0.89326323,0.05883262,0.83349563,-0.19959564,0.08826485,0.07402816,0,0,0,0,0
365,75833,-0.87021584,-0.01098594,0.86720701,-0.19942109,0.09960867,0.08628310,0,0,0,0,0
366,76041,-0.82817349,-0.07479821,0.89640427,-0.19079599,0.06766430,0.11077820,0,0,0,0,0
367,76250,-0.79806147,-0.13940739,0.92907644,-0.19294668,0.05663173,0.11157914,0,0,0,0,0
368,76458,-0.75651202,-0.20105296,0.95629284,-0.18193366,0.06772531,0.11812069,0,0,0,0,0
369,76666,-0.70018784,-0.25741541,0.95745727,-0.20058242,0.03792479,0.13051856,0,0,0,0,0
370,76875,-0.65354740,-0.32656989,0.98411529,-0.18811228,0.02509364,0.15811184,0,0,0,0,0
371,77083,-0.60059212,-0.38097931,0.99364236,-0.17070779,0.03141912,0.15093897,0,0,0,0,0
372,77291,-0.55901391,-0.43799889,0.99007582,-0.18970483,0.00660988,0.18452626,0,0,0,0,0
373,77500,-0.49337859,-0.50390840,1.00196382,-0.19675700,-0.01852796,0.18844721,0,0,0,0,0
374,77708,-0.43404091,-0.55291002,0.99809444,-0.16836565,-0.02365589,0.17436110,0,0,0,0,0
375,77916,-0.37851501,-0.60693199,0.99123418,-0.16955997,-0.03220008,0.17718335,0,0,0,0,0
376,78125,-0.31827265,-0.66570542,0.98062754,-0.14004780,-0.03769135,0.19252727,0,0,0,0,0
377,78333,-0.24652753,-0.71494305,0.96691004,-0.14858020,-0.06185349,0.18822640,0,0,0,0,0
378,78541,-0.18592013,-0.74838942,0.93997755,-0.13800927,-0.05682250,0.19370224,0,0,0,0,0
379,78750,-0.12373724,-0.79543899,0.92382907,-0.11177307,-0.07924427,0.19147801,0,0,0,0,0
380,78958,-0.06273317,-0.83059977,0.88999321,-0.10707350,-0.08120390,0.18328112,0,0,0,0,0
381,79166,0.00367778,-0.86162022,0.86380078,-0.11553123,-0.09612715,0.20461484,0,0,0,0,0
382,79375,0.06943107,-0.90108085,0.83176560,-0.07715180,-0.11785347,0.20459355,0,0,0,0,0
383,79583,0.14772379,-0.92700531,0.78634790,-0.06618471,-0.11651225,0.20728251,0,0,0,0,0
384,79791,0.19058788,-0.95785700,0.75071133,-0.06068627,-0.12272331,0.20540209,0,0,0,0,0
385,80000,0.25889916,-0.96713613,0.70301018,-0.05407097,-0.10806453,0.18659828,0,0,0,0,0
386,80208,0.31594373,-0.97669828,0.66655484,-0.04854346,-0.14119348,0.20039286,0,0,0,0,0
387,80416,0.39751877,-0.99102221,0.60343405,-0.01582022,-0.16444398,0.18822210,0,0,0,0,0
388,80625,0.44538385,-1.00366165,0.54788112,-0.01896988,-0.17799541,0.19227615,0,0,0,0,0
389,80833,0.50813883,-1.00071878,0.49704110,0.00277384,-0.17155404,0.17161469,0,0,0,0,0
390,81041,0.55711880,-0.99686726,0.44564170,-0.00130190,-0.16423441,0.18710613,0,0,0,0,0
391,81250,0.60984973,-0.99035438,0.37452872,0.02412100,-0.17528915,0.18126669,0,0,0,0,0
392,81458,0.66824518,-0.97148500,0.31873127,0.05659074,-0.19121178,0.14832904,0,0,0,0,0
393,81666,0.71410911,-0.96710074,0.25077062,0.06156100,-0.20978243,0.14590317,0,0,0,0,0
394,81875,0.75136877,-0.94813991,0.19184048,0.07947574,-0.18753224,0.13691476,0,0,0,0,0
395,82083,0.80472172,-0.92019902,0.12777573,0.07648151,-0.20033361,0.12336385,0,0,0,0,0
396,82291,0.84009927,-0.88764981,0.05918406,0.09857245,-0.19198635,0.10239007,0,0,0,0,0
397,82500,0.86972612,-0.85356729,-0.00658515,0.10735113,-0.19479308,0.08023900,0,0,0,0,0
398,82708,0.89303639,-0.82661164,-0.07361051,0.09134929,-0.20399444,0.08669301,0,0,0,0,0
399,82916,0.91906745,-0.79197433,-0.14616002,0.11293464,-0.19257771,0.06484100,0,0,0,0,0
400,83125,0.94565241,-0.75230970,-0.20137648,0.12659200,-0.19494728,0.06125174,0,0,0,0,0
401,83333,0.96851747,-0.70749524,-0.26651760,0.13946520,-0.21484419,0.04269471,0,0,0,0,0
402,83541,0.98535208,-0.64655769,-0.32268625,0.15534747,-0.18273963,0.05314305,0,0,0,0,0
403,83750,0.99229444,-0.59684956,-0.39601756,0.15716405,-0.19588088,0.01673370,0,0,0,0,0
404,83958,1.00456327,-0.55617119,-0.45145558,0.16441314,-0.19778192,0.01933361,0,0,0,0,0
405,84166,0.99717156,-0.49008306,-0.50687582,0.16823123,-0.17694035,-0.01582430,0,0,0,0,0
406,84375,0.98835391,-0.43739943,-0.56651026,0.15452345,-0.17556573,-0.00945784,0,0,0,0,0
407,84583,0.99729317,-0.37062359,-0.60659774,0.18799277,-0.15818231,-0.02827745,0,0,0,0,0
408,84791,0.99378764,-0.31279712,-0.66045215,0.17521819,-0.16161281,-0.04272858,0,0,0,0,0
409,85000,0.96132088,-0.25523099,-0.71375512,0.18129964,-0.14328196,-0.05776628,0,0,0,0,0
410,85208,0.95708311,-0.18136955,-0.75601438,0.20667288,-0.13358671,-0.05770696,0,0,0,0,0
411,85416,0.92299654,-0.12377745,-0.79705508,0.19162401,-0.12809851,-0.06659849,0,0,0,0,0
412,85625,0.89872811,-0.05367914,-0.83221362,0.19544488,-0.10564330,-0.08610258,0,0,0,0,0
413,85833,0.86535929,0.00231124,-0.87482014,0.17853431,-0.09124058,-0.09377956,0,0,0,0,0
414,86041,0.82588043,0.07042234,-0.90381155,0.18845295,-0.08091615,-0.10064729,0,0,0,0,0
415,86250,0.79876807,0.12574065,-0.93464201,0.17837248,-0.05332586,-0.09727140,0,0,0,0,0
416,86458,0.75434775,0.19400964,-0.94662336,0.19915200,-0.04860733,-0.11143604,0,0,0,0,0
417,86666,0.70868492,0.26040041,-0.96463903,0.20251319,-0.02780104,-0.14689547,0,0,0,0,0
418,86875,0.64933108,0.31621949,-0.98123810,0.19416057,-0.03527358,-0.14568251,0,0,0,0,0
419,87083,0.60188084,0.39569794,-0.99648532,0.19067931,-0.02579499,-0.15204401,0,0,0,0,0
420,87291,0.55043992,0.44637902,-0.99924071,0.19942903,-0.00055581,-0.16377207,0,0,0,0,0
421,87500,0.49425122,0.50201910,-1.00437445,0.17044299,-0.01138566,-0.16753655,0,0,0,0,0
422,87708,0.43828946,0.55708298,-0.99978896,0.17757289,-0.00082852,-0.18659907,0,0,0,0,0
423,87916,0.37381022,0.61304115,-0.99905013,0.15800862,0.03907213,-0.20917389,0,0,0,0,0
424,88125,0.32240697,0.66517093,-0.97553542,0.17382949,0.04163439,-0.17865640,0,0,0,0,0
425,88333,0.24663166,0.71823435,-0.96726371,0.14505976,0.04614510,-0.17533360,0,0,0,0,0
426,88541,0.19091526,0.75783863,-0.94582994,0.12387729,0.06387814,-0.20490130,0,0,0,0,0
427,88750,0.12735365,0.79634593,-0.91689080,0.13160394,0.09899501,-0.20948468,0,0,0,0,0
428,88958,0.05400329,0.83436036,-0.89827134,0.12694351,0.08837945,-0.19006611,0,0,0,0,0
429,89166,-0.00980977,0.87340252,-0.86152767,0.10480040,0.09086526,-0.20454116,0,0,0,0,0
430,89375,-0.06898834,0.89760123,-0.82663667,0.08633496,0.09084579,-0.21084478,0,0,0,0,0
431,89583,-0.13623865,0.92368645,-0.79513083,0.08292066,0.10810836,-0.19759292,0,0,0,0,0
432,89791,-0.19755076,0.95036623,-0.74767288,0.07640406,0.13500659,-0.19438140,0,0,0,0,0
433,90000,-0.25997222,0.97393629,-0.70031092,0.03845280,0.13084408,-0.18520912,0,0,0,0,0
434,90208,-0.32847179,0.98007884,-0.64785024,0.03521764,0.14614764,-0.19417108,0,0,0,0,0
435,90416,-0.38803571,0.99730921,-0.60730363,0.00290609,0.15655628,-0.19219273,0,0,0,0,0
436,90625,-0.44516249,0.99434927,-0.55480952,0.02005768,0.15936922,-0.18149605,0,0,0,0,0
437,90833,-0.49747923,0.99312852,-0.48400249,-0.02220040,0.16601818,-0.17033420,0,0,0,0,0
438,91041,-0.55662523,1.00734007,-0.44223989,-0.02020002,0.16518355,-0.17456842,0,0,0,0,0
439,91250,-0.61562050,0.98716688,-0.37888674,-0.03285292,0.18957615,-0.15397359,0,0,0,0,0
440,91458,-0.66546432,0.98586239,-0.31635357,-0.02978357,0.19147985,-0.16331857,0,0,0,0,0
441,91666,-0.71023100,0.96826101,-0.26061446,-0.04367587,0.19342505,-0.16871840,0,0,0,0,0
442,91875,-0.75028571,0.95418592,-0.18668914,-0.07517238,0.19563180,-0.13505312,0,0,0,0,0
443,92083,-0.79771651,0.91510071,-0.11573194,-0.07645229,0.19021242,-0.12638127,0,0,0,0,0
444,92291,-0.83308301,0.88889867,-0.06285872,-0.08945748,0.20298601,-0.11549278,0,0,0,0,0
445,92500,-0.87625559,0.86194425,0.00934115,-0.10812606,0.21634462,-0.08298368,0,0,0,0,0
446,92708,-0.89753898,0.81748799,0.06304020,-0.12035487,0.18800506,-0.07637467,0,0,0,0,0
447,92916,-0.92841950,0.78773337,0.13800607,-0.12412538,0.20289470,-0.08818810,0,0,0,0,0
448,93125,-0.95391647,0.75369850,0.19613096,-0.14068739,0.20923086,-0.06220702,0,0,0,0,0
449,93333,-0.97107617,0.70720433,0.27041588,-0.15234707,0.17936226,-0.04030346,0,0,0,0,0
450,93541,-0.97569843,0.65287999,0.32254986,-0.15526674,0.18622101,-0.03776432,0,0,0,0,0
451,93750,-0.98747322,0.59773157,0.38236121,-0.16114881,0.19184902,-0.04195041,0,0,0,0,0
452,93958,-0.99612300,0.54089476,0.44764956,-0.15425468,0.17681815,-0.00685812,0,0,0,0,0
453,94166,-1.00314740,0.49201329,0.50209883,-0.15622916,0.17971139,0.02028265,0,0,0,0,0
454,94375,-0.99670747,0.43892751,0.56143077,-0.18714349,0.14995711,0.02717127,0,0,0,0,0
455,94583,-0.99138222,0.37621881,0.61158766,-0.18249615,0.15318345,0.02485177,0,0,0,0,0
456,94791,-0.97124499,0.31655323,0.66523045,-0.19247572,0.15906789,0.04941851,0,0,0,0,0
457,95000,-0.96966127,0.25735639,0.71748944,-0.21799178,0.14705160,0.06237677,0,0,0,0,0
458,95208,-0.94436684,0.18628676,0.75456283,-0.19942401,0.13293190,0.07368772,0,0,0,0,0
459,95416,-0.91974433,0.12173381,0.80175833,-0.20415925,0.13173431,0.08896269,0,0,0,0,0
460,95625,-0.90057291,0.06047106,0.83339804,-0.20690133,0.11125514,0.07694778,0,0,0,0,0
461,95833,-0.87121691,-0.00109462,0.86472914,-0.20083256,0.10262637,0.09459820,0,0,0,0,0
462,96041,-0.83083775,-0.07961039,0.91001632,-0.20866747,0.08488046,0.11002680,0,0,0,0,0
463,96250,-0.79188455,-0.13652027,0.92910315,-0.19802001,0.08854386,0.11209516,0,0,0,0,0
464,96458,-0.74159560,-0.19916655,0.95383093,-0.19303328,0.06431253,0.12374772,0,0,0,0,0
465,96666,-0.70270732,-0.26967537,0.96425179,-0.20021940,0.03792239,0.14909777,0,0,0,0,0
466,96875,-0.65270980,-0.31883709,0.98410255,-0.20519311,0.03319158,0.16643467,0,0,0,0,0
467,97083,-0.59783663,-0.38752544,0.99569952,-0.18624939,0.01896578,0.15149580,0,0,0,0,0
468,97291,-0.55428698,-0.45168969,1.00493476,-0.17192061,0.01774999,0.16342959,0,0,0,0,0
469,97500,-0.49814918,-0.50104107,1.00201380,-0.18258231,-0.01743117,0.17451113,0,0,0,0,0
470,97708,-0.44672133,-0.55895807,1.00021110,-0.17985327,-0.01967890,0.17515996,0,0,0,0,0
471,97916,-0.36901491,-0.61611849,0.98300977,-0.15579000,-0.04301565,0.18441047,0,0,0,0,0
472,98125,-0.31137864,-0.65939123,0.97544702,-0.15569342,-0.05499377,0.18650902,0,0,0,0,0
473,98333,-0.25511802,-0.71800457,0.97036772,-0.13596917,-0.05345746,0.18705511,0,0,0,0,0
474,98541,-0.18835583,-0.75602904,0.94710421,-0.13641306,-0.05520941,0.17805212,0,0,0,0,0
475,98750,-0.13054823,-0.79671785,0.91967821,-0.13847310,-0.08291350,0.19997190,0,0,0,0,0
476,98958,-0.05615901,-0.83560133,0.89682766,-0.10100549,-0.09497024,0.20059771,0,0,0,0,0
477,99166,-0.00245720,-0.86271234,0.85483069,-0.11344021,-0.08268938,0.21427502,0,0,0,0,0
478,99375,0.06994192,-0.89264891,0.82609540,-0.08017458,-0.09362722,0.20357096,0,0,0,0,0
479,99583,0.13614577,-0.91770137,0.79068807,-0.07676277,-0.12125445,0.20832855,0,0,0,0,0
480,99791,0.20695130,-0.95479366,0.73659387,-0.03998493,-0.12072913,0.17839527,0,0,0,0,0
481,100000,0.26348734,-0.97308736,0.70325910,-0.05484238,-0.13619688,0.19972531,0,0,0,0,0
482,100208,0.32640753,-0.98556640,0.65597843,-0.04490386,-0.14313609,0.17418968,0,0,0,0,0
483,100416,0.38975907,-0.98173479,0.60389465,-0.02491637,-0.16381265,0.19316490,0,0,0,0,0
484,100625,0.43256114,-0.97848569,0.55019284,-0.00627220,-0.15391367,0.18228156,0,0,0,0,0
485,100833,0.47881095,-0.95350831,0.49638021,0.00398909,-0.16683028,0.18269082,0,0,0,0,0
486,101041,0.52405809,-0.93450871,0.44013432,-0.00008153,-0.16579661,0.17820666,0,0,0,0,0
487,101250,0.54616598,-0.89686625,0.37108498,0.04701007,-0.19063448,0.16665466,0,0,0,0,0
488,101458,0.56408022,-0.84740903,0.31692708,0.05222407,-0.19014855,0.14441294,0,0,0,0,0
489,101666,0.58129889,-0.79578827,0.25553210,0.06066250,-0.19795768,0.14305972,0,0,0,0,0
490,101875,0.58985720,-0.75025757,0.19086745,0.07136019,-0.21643776,0.12516277,0,0,0,0,0
491,102083,0.59121077,-0.68130219,0.12309602,0.09447734,-0.21189593,0.12836204,0,0,0,0,0
492,102291,0.58135518,-0.61355970,0.05961475,0.09747136,-0.23896087,0.11792887,0,0,0,0,0
493,102500,0.56639879,-0.54845243,0.00434766,0.12361806,-0.24253597,0.10328557,0,0,0,0,0
494,102708,0.53493392,-0.50047032,-0.07083654,0.15825229,-0.23734156,0.08939887,0,0,0,0,0
495,102916,0.51357612,-0.44437245,-0.13344470,0.17462053,-0.27651601,0.07110893,0,0,0,0,0
496,103125,0.48791031,-0.38467007,-0.19485811,0.18724830,-0.29301082,0.05185846,0,0,0,0,0
497,103333,0.45436218,-0.32911220,-0.25332189,0.23598579,-0.29934860,0.03631420,0,0,0,0,0
498,103541,0.42705264,-0.28223382,-0.31905451,0.25042114,-0.31489004,0.01512876,0,0,0,0,0
499,103750,0.39696443,-0.23416813,-0.37945679,0.29392658,-0.34093109,0.01218662,0,0,0,0,0
500,103958,0.37261348,-0.20678992,-0.42849138,0.32947950,-0.34494414,0.00116901,0,0,0,0,0
501,104166,0.34517753,-0.17309130,-0.47653374,0.36849795,-0.35757239,-0.01188694,0,0,0,0,0
502,104375,0.32831276,-0.14230399,-0.54467412,0.41316533,-0.36954322,-0.00904645,0,0,0,0,0
503,104583,0.31588506,-0.12729835,-0.59111227,0.42568440,-0.39649085,-0.02434230,0,0,0,0,0
504,104791,0.29245085,-0.09817197,-0.63303098,0.47052360,-0.37768373,-0.03737493,0,0,0,0,0
505,105000,0.29035218,-0.07784093,-0.68176516,0.50336686,-0.37628177,-0.04506361,0,0,0,0,0
506,105208,0.28028350,-0.05863398,-0.71792552,0.53668627,-0.37069825,-0.05444716,0,0,0,0,0
507,105416,0.26875147,-0.03572910,-0.75795972,0.56159521,-0.35329506,-0.05969931,0,0,0,0,0
508,105625,0.26605834,-0.01260720,-0.80093315,0.61661986,-0.33224547,-0.08883953,0,0,0,0,0
509,105833,0.25821736,0.01095982,-0.82334714,0.61928665,-0.32414148,-0.10858260,0,0,0,0,0
510,106041,0.24293182,0.01672028,-0.85015548,0.66600720,-0.29250032,-0.09149001,0,0,0,0,0
511,106250,0.23648627,0.04170132,-0.87849567,0.71009088,-0.26536329,-0.11485780,0,0,0,0,0
512,106458,0.21877984,0.05870524,-0.90421885,0.74476553,-0.23039678,-0.11657689,0,0,0,0,0
513,106666,0.20661420,0.07923709,-0.92011601,0.76708668,-0.20260880,-0.09981106,0,0,0,0,0
514,106875,0.19844406,0.09609400,-0.93742198,0.77516988,-0.14470610,-0.10352917,0,0,0,0,0
515,107083,0.18299132,0.11336093,-0.93773781,0.76433268,-0.08852651,-0.13062926,0,0,0,0,0
516,107291,0.16827560,0.13183030,-0.94582024,0.78870828,-0.05788512,-0.12977372,0,0,0,0,0
517,107500,0.15708422,0.14751926,-0.94333035,0.79183067,0.00092711,-0.13352564,0,0,0,0,0
518,107708,0.12715741,0.16944688,-0.94618401,0.76506387,0.08487249,-0.16124448,0,0,0,0,0
519,107916,0.10744120,0.18559252,-0.94588702,0.76264782,0.12198213,-0.14958477,0,0,0,0,0
520,108125,0.10007787,0.19007339,-0.93177525,0.78741680,0.18712777,-0.14597609,0,0,0,0,0
521,108333,0.07667516,0.20753035,-0.91334135,0.72447944,0.29079742,-0.14904431,0,0,0,0,0
522,108541,0.05435705,0.22644325,-0.90429866,0.71621285,0.36389198,-0.15246004,0,0,0,0,0
523,108750,0.02921983,0.23470207,-0.87060475,0.70658723,0.42840811,-0.14086775,0,0,0,0,0
524,108958,0.01215670,0.24662196,-0.84790725,0.63671102,0.50548768,-0.14875786,0,0,0,0,0
525,109166,-0.00031694,0.26619436,-0.82940935,0.61167467,0.62129765,-0.17893099,0,0,0,0,0
526,109375,-0.01871759,0.27118399,-0.79145938,0.53935581,0.68579727,-0.14943582,0,0,0,0,0
527,109583,-0.03865303,0.28173810,-0.74896939,0.46910731,0.79664215,-0.15880225,0,0,0,0,0
528,109791,-0.05124937,0.28024257,-0.70674081,0.41624213,0.86371119,-0.15564388,0,0,0,0,0
529,110000,-0.07937757,0.29734867,-0.66781761,0.33035854,0.95529455,-0.12699806,0,0,0,0,0
530,110208,-0.10015046,0.29073091,-0.62652722,0.26066507,1.03911032,-0.14853539,0,0,0,0,0
531,110416,-0.12609376,0.28798630,-0.58054998,0.17376187,1.12728989,-0.14033246,0,0,0,0,0
532,110625,-0.13903878,0.29987457,-0.53372245,0.09719143,1.20801589,-0.15129138,0,0,0,0,0
533,110833,-0.15136546,0.29957623,-0.46763178,-0.00900224,1.30133622,-0.13026948,0,0,0,0,0
534,111041,-0.16311752,0.29405868,-0.42903122,-0.10192741,1.39401000,-0.12621413,0,0,0,0,0
535,111250,-0.18620252,0.29803074,-0.36051321,-0.21462381,1.44990913,-0.09176171,0,0,0,0,0
536,111458,-0.19814579,0.29113963,-0.29620339,-0.31932231,1.53368116,-0.08586167,0,0,0,0,0
537,111666,-0.20775948,0.29461979,-0.24652800,-0.43796791,1.59027872,-0.10604079,0,0,0,0,0
538,111875,-0.22197897,0.28044978,-0.19179241,-0.55820597,1.64224631,-0.07408402,0,0,0,0,0
539,112083,-0.23152605,0.27577510,-0.12485067,-0.66407602,1.68924102,-0.08062189,0,0,0,0,0
540,112291,-0.25899137,0.25992435,-0.05865141,-0.78634772,1.74388231,-0.08150692,0,0,0,0,0
541,112500,-0.25997243,0.26339831,0.00349718,-0.90481676,1.79570321,-0.06711821,0,0,0,0,0
542,112708,-0.27234867,0.25232020,0.05894926,-1.01645639,1.81568394,-0.06361999,0,0,0,0,0
543,112916,-0.28366137,0.23576192,0.13011214,-1.14888415,1.86366067,-0.05901631,0,0,0,0,0
544,113125,-0.28472485,0.21951471,0.18533118,-1.26805628,1.85257342,-0.03945090,0,0,0,0,0
545,113333,-0.28744656,0.20681139,0.25206792,-1.38502241,1.85794609,-0.02952222,0,0,0,0,0
546,113541,-0.29339058,0.19583492,0.30885028,-1.48537660,1.84178582,-0.02488499,0,0,0,0,0
547,113750,-0.30501085,0.17788083,0.37064935,-1.59400937,1.80779826,-0.00068734,0,0,0,0,0
548,113958,-0.29232850,0.16515830,0.42397560,-1.68955443,1.81591594,-0.01255889,0,0,0,0,0
549,114166,-0.29717515,0.14988600,0.47746915,-1.79641866,1.76686670,0.00310856,0,0,0,0,0
550,114375,-0.30611197,0.13508814,0.53020479,-1.86910819,1.72112881,0.02536673,0,0,0,0,0
551,114583,-0.30175670,0.10949443,0.57433864,-1.95385277,1.65051813,0.01680270,0,0,0,0,0
552,114791,-0.29162893,0.08973615,0.64091153,-2.01751757,1.58906743,0.01880483,0,0,0,0,0
553,115000,-0.28793732,0.07501233,0.67487508,-2.07295955,1.52319925,0.05276545,0,0,0,0,0
554,115208,-0.28040259,0.05682717,0.71973582,-2.13517670,1.42610647,0.04565474,0,0,0,0,0
555,115416,-0.27754074,0.02951375,0.75681037,-2.21060513,1.34169804,0.03125331,0,0,0,0,0
556,115625,-0.27095948,0.01259148,0.79541269,-2.25224813,1.23287606,0.04563540,0,0,0,0,0
557,115833,-0.25583308,0.00042109,0.82840459,-2.26843064,1.12371857,0.06111377,0,0,0,0,0
558,116041,-0.24670446,-0.02745207,0.86346496,-2.27987735,0.97997687,0.04984615,0,0,0,0,0
559,116250,-0.24249426,-0.03705221,0.87728495,-2.28127358,0.87279431,0.07549470,0,0,0,0,0
560,116458,-0.22700273,-0.05113622,0.90674198,-2.27987211,0.71700804,0.07487137,0,0,0,0,0
561,116666,-0.21498123,-0.07854681,0.92052473,-2.26615176,0.59813948,0.08425211,0,0,0,0,0
562,116875,-0.20092669,-0.09914206,0.92312246,-2.23903442,0.43740003,0.07683657,0,0,0,0,0
563,117083,-0.18250678,-0.10951543,0.94411913,-2.19100568,0.29483568,0.07759158,0,0,0,0,0
564,117291,-0.16880089,-0.13434270,0.95336585,-2.15019564,0.14584309,0.08313716,0,0,0,0,0
565,117500,-0.15251307,-0.14924770,0.95107625,-2.09249994,-0.00043356,0.08607799,0,0,0,0,0
566,117708,-0.13100908,-0.16996093,0.94019489,-2.01117013,-0.16232686,0.09778734,0,0,0,0,0
567,117916,-0.11820701,-0.17075573,0.94518455,-1.91606387,-0.33387278,0.08707837,0,0,0,0,0
568,118125,-0.09258909,-0.20400871,0.93171135,-1.83148236,-0.48494216,0.07590716,0,0,0,0,0
569,118333,-0.07948689,-0.21304237,0.90876921,-1.72493114,-0.65276854,0.08050685,0,0,0,0,0
570,118541,-0.05108509,-0.23213814,0.88430629,-1.62000674,-0.80004399,0.11271516,0,0,0,0,0
571,118750,-0.02965266,-0.23774002,0.87368563,-1.50100761,-0.95223116,0.10450446,0,0,0,0,0
572,118958,-0.01405974,-0.24682860,0.85025280,-1.37101199,-1.12150355,0.08224184,0,0,0,0,0
573,119166,0.01332129,-0.26510508,0.80870914,-1.21141536,-1.25017615,0.10811334,0,0,0,0,0
574,119375,0.02265359,-0.27597308,0.79112209,-1.08345336,-1.39193765,0.10162521,0,0,0,0,0
575,119583,0.04475440,-0.28397227,0.74251832,-0.92000154,-1.51814275,0.09625581,0,0,0,0,0
576,119791,0.06434182,-0.28426266,0.70889003,-0.77577872,-1.67038866,0.11858188,0,0,0,0,0
577,120000,0.07840414,-0.28777339,0.66486339,-0.61768018,-1.79688898,0.09140839,0,0,0,0,0
578,120208,0.09502660,-0.29341364,0.62484721,-0.46450389,-1.89048655,0.10434867,0,0,0,0,0
579,120416,0.11524469,-0.29722715,0.57779963,-0.31113894,-1.99850396,0.11497588,0,0,0,0,0
580,120625,0.13246838,-0.29879639,0.52062876,-0.14609813,-2.10090097,0.08955773,0,0,0,0,0
581,120833,0.15776198,-0.29679897,0.47863630,0.02175750,-2.16570559,0.08594748,0,0,0,0,0
582,121041,0.17591572,-0.29821594,0.41991463,0.16502423,-2.23577938,0.07892229,0,0,0,0,0
583,121250,0.18926337,-0.29943595,0.36039479,0.33587115,-2.32474490,0.07816699,0,0,0,0,0
584,121458,0.20055987,-0.29408434,0.30177516,0.48279291,-2.36218597,0.06519099,0,0,0,0,0
585,121666,0.21072536,-0.29024649,0.23938004,0.65652707,-2.41916366,0.06756910,0,0,0,0,0
586,121875,0.22119422,-0.28763295,0.17691466,0.82408723,-2.45937103,0.06231121,0,0,0,0,0
587,122083,0.23832199,-0.27910739,0.12470477,0.97681138,-2.49351626,0.06691786,0,0,0,0,1
588,122291,0.24271186,-0.27525550,0.06503616,1.11089618,-2.48056065,0.05260070,0,0,0,0,1
589,122500,0.26195276,-0.26031001,-0.00199195,1.25195475,-2.49449264,0.04835899,0,0,0,0,1
590,122708,0.27195310,-0.24950968,-0.07238213,1.39907681,-2.47137354,0.04872257,0,0,0,0,1
591,122916,0.28459465,-0.23589635,-0.13024293,1.53674171,-2.47114616,0.04241500,0,0,0,0,1
592,123125,0.27252325,-0.23120786,-0.19154566,1.67313168,-2.42806034,0.03020268,0,0,0,0,1
593,123333,0.28401619,-0.21708774,-0.25609736,1.78385434,-2.39262326,0.00456163,0,0,0,0,1
594,123541,0.28824328,-0.19216266,-0.31417928,1.87941860,-2.35959550,0.03633964,0,0,0,0,1
595,123750,0.29989066,-0.17605385,-0.37784296,1.97645125,-2.31029283,0.02268195,0,0,0,0,1
596,123958,0.30710466,-0.17015548,-0.42700174,2.09095102,-2.23776962,0.01538518,0,0,0,0,1
597,124166,0.29901866,-0.14953981,-0.48268254,2.17701215,-2.16422694,0.00013225,0,0,0,0,1
598,124375,0.29572649,-0.13659664,-0.54193715,2.25395203,-2.07725347,0.00381624,0,0,0,0,1
599,124583,0.29986523,-0.10729170,-0.57779287,2.31237070,-1.97986847,-0.00200568,0,0,0,0,1
600,124791,0.29787695,-0.09208344,-0.63847144,2.37849330,-1.87156514,-0.02706316,0,0,0,0,1
601,125000,0.27814831,-0.07541675,-0.67279875,2.41385114,-1.75017933,-0.02922542,0,0,0,0,1
602,125208,0.27461954,-0.05952541,-0.72046157,2.44859866,-1.65474745,-0.03105834,0,0,0,0,1
603,125416,0.28154817,-0.03205363,-0.75715485,2.48821688,-1.51977816,-0.03680623,0,0,0,0,1
604,125624,0.26777332,-0.01560581,-0.79160664,2.50164233,-1.37998311,-0.05295935,0,0,0,0,1
605,125833,0.25559669,0.00831768,-0.82779697,2.49137260,-1.23269021,-0.05612654,0,0,0,0,1
606,126041,0.24727560,0.02538236,-0.84691635,2.50050828,-1.09378269,-0.04775658,0,0,0,0,1
607,126250,0.22912884,0.03915739,-0.87954194,2.46157537,-0.95310646,-0.08329964,0,0,0,0,1
608,126458,0.22056750,0.05182741,-0.90305719,2.44806433,-0.79322428,-0.06975588,0,0,0,0,0
609,126666,0.20878935,0.07880849,-0.91970948,2.43471198,-0.63362158,-0.06998295,0,0,0,0,0
610,126874,0.18656688,0.09914644,-0.92388769,2.34730026,-0.48679235,-0.07924830,0,0,0,0,0
611,127083,0.18147386,0.11445171,-0.94803902,2.28973030,-0.30922118,-0.07919200,0,0,0,0,0
612,127291,0.16525096,0.13059891,-0.94765565,2.22041993,-0.16525553,-0.08882198,0,0,0,0,0
613,127500,0.14791523,0.15180738,-0.94908308,2.16972894,0.01022468,-0.07846191,0,0,0,0,0
614,127708,0.13638678,0.16938415,-0.94458164,2.07974256,0.17603343,-0.07120251,0,0,0,0,0
615,127916,0.11428064,0.17818350,-0.94157585,1.96289921,0.34967665,-0.08278509,0,0,0,0,0
616,128124,0.09969481,0.19521711,-0.92817871,1.86358944,0.49802967,-0.07923185,0,0,0,0,0
617,128333,0.07656080,0.20814898,-0.90816122,1.75174583,0.67070194,-0.10321155,0,0,0,0,0
618,128541,0.05813863,0.22205773,-0.90027907,1.65956173,0.82771187,-0.10298288,0,0,0,0,0
619,128750,0.03331069,0.24609366,-0.87783750,1.51793835,0.97499963,-0.10575953,0,0,0,0,0
620,128958,0.01915234,0.24961134,-0.85198286,1.36424081,1.11621396,-0.08886114,0,0,0,0,0
621,129166,-0.00023636,0.25362268,-0.82174451,1.23493731,1.26790200,-0.10572402,0,0,0,0,0
622,129374,-0.01642902,0.27459233,-0.78921550,1.10458962,1.41245882,-0.09530565,0,0,0,0,0
623,129583,-0.03440498,0.27410490,-0.74862926,0.95029267,1.52876834,-0.09244674,0,0,0,0,0
624,129791,-0.05886335,0.28406860,-0.71684323,0.78432382,1.64719705,-0.09834900,0,0,0,0,0
625,130000,-0.07286551,0.29459079,-0.66020456,0.63376139,1.77426637,-0.08865124,1,0,1,0,0
626,130208,-0.10660427,0.29642374,-0.61888724,0.47434693,1.89793547,-0.09580577,1,0,1,0,0
627,130416,-0.11918060,0.30397531,-0.57585881,0.31602255,2.01444271,-0.07505226,1,0,1,0,0
628,130624,-0.14418093,0.29033588,-0.51714290,0.16551421,2.08880062,-0.07978494,1,0,1,0,0
629,130833,-0.15800310,0.30181025,-0.47633202,-0.01182156,2.16686538,-0.08738257,1,0,1,0,0
630,131041,-0.16477974,0.30291298,-0.41731904,-0.18654925,2.24384627,-0.08095597,1,0,1,0,0
631,131250,-0.18710863,0.29900198,-0.35406491,-0.33977052,2.29336288,-0.10675731,1,0,1,0,0
632,131458,-0.19716443,0.28530609,-0.29930538,-0.50124161,2.36412208,-0.07089324,1,0,1,0,0
633,131666,-0.20746516,0.29124756,-0.24357203,-0.66358165,2.41281053,-0.09156886,1,0,1,0,0
634,131875,-0.22978736,0.27539490,-0.18065715,-0.82014459,2.46398542,-0.07427988,1,0,1,0,0
635,132083,-0.23771725,0.28063994,-0.10830044,-0.96202945,2.48433477,-0.04797280,1,0,1,0,1
636,132291,-0.24654690,0.27010173,-0.06309607,-1.11381725,2.50813088,-0.04945428,1,0,1,0,1
637,132500,-0.25925540,0.27031143,0.01176800,-1.27372065,2.50427519,-0.04613190,1,0,1,0,1
638,132708,-0.27003002,0.24215707,0.06743805,-1.40098408,2.49292586,-0.04505423,1,0,1,0,1
639,132916,-0.28690188,0.22476572,0.12488314,-1.52252344,2.47628684,-0.04601568,1,0,1,0,1
640,133125,-0.28466995,0.21405748,0.19915051,-1.64686797,2.43888272,-0.04123749,1,0,1,0,1
641,133333,-0.28883822,0.21565304,0.25792349,-1.77755696,2.41288585,-0.02153668,1,0,1,0,1
642,133541,-0.29683960,0.18778086,0.31591288,-1.90487460,2.37412256,-0.02972080,1,0,1,0,1
643,133750,-0.30090645,0.17891313,0.37131109,-1.99116906,2.29386264,-0.01203750,1,0,1,0,1
644,133958,-0.30732040,0.16174151,0.42637319,-2.07901707,2.23947784,-0.00421652,1,0,1,0,1
645,134166,-0.30216678,0.15381348,0.48287885,-2.17359027,2.15206618,-0.00203004,1,0,1,0,1
646,134375,-0.29612855,0.13079275,0.53257390,-2.23907751,2.06653686,-0.00075743,1,0,1,0,1
647,134583,-0.29750935,0.11605602,0.58734974,-2.32080353,1.96597915,0.01545878,1,0,1,0,1
648,134791,-0.29075758,0.09328480,0.63031395,-2.37031833,1.87378037,0.01259723,1,0,1,0,1
649,135000,-0.27923657,0.07445364,0.67501252,-2.40994398,1.76385483,0.02765476,1,0,1,0,1
650,135208,-0.28316762,0.05520750,0.72080789,-2.45163920,1.63673692,0.03318030,1,0,1,0,1
651,135416,-0.26972596,0.03931092,0.76081314,-2.47273001,1.51281878,0.05914630,1,0,1,0,1
652,135625,-0.26698943,0.01560194,0.78357124,-2.51591916,1.38541730,0.05158882,1,0,1,0,1
653,135833,-0.25905420,0.00296006,0.83085527,-2.51418995,1.25778250,0.04039560,1,0,1,0,1
654,136041,-0.24877646,-0.02133242,0.85584841,-2.48677086,1.09573458,0.06634319,1,0,1,0,1
655,136250,-0.24976385,-0.04302405,0.88033042,-2.47449459,0.93762689,0.05269178,1,0,1,0,1
656,136458,-0.22801464,-0.05946484,0.90481871,-2.46667661,0.79415354,0.08554355,1,0,1,0,0
657,136666,-0.21129147,-0.07733036,0.91726211,-2.40608617,0.61523018,0.06696422,1,0,1,0,0
658,136875,-0.19647554,-0.09480363,0.93319074,-2.36446491,0.47681594,0.09406620,1,0,1,0,0
659,137083,-0.18869958,-0.12008935,0.93359880,-2.31176360,0.30513263,0.08213558,1,0,1,0,0
660,137291,-0.16742434,-0.13010616,0.94983957,-2.23535760,0.16226926,0.07606803,1,0,1,0,0
661,137500,-0.14265676,-0.15247074,0.94083269,-2.15793379,-0.01400589,0.07824892,1,0,1,0,0
662,137708,-0.12596699,-0.15912138,0.94785935,-2.08145994,-0.18216919,0.10194132,1,0,1,0,0
663,137916,-0.10993640,-0.18325000,0.95047418,-1.98501343,-0.34780798,0.09321739,1,0,1,0,0
664,138125,-0.08161989,-0.20054753,0.92781033,-1.86768009,-0.50556868,0.08942378,1,0,1,0,0
665,138333,-0.07026801,-0.21367763,0.91312914,-1.77577149,-0.66919925,0.09993466,1,0,1,0,0
666,138541,-0.04987783,-0.22069832,0.89386286,-1.63197689,-0.82257927,0.10907124,1,0,1,0,0
667,138750,-0.03357933,-0.23381749,0.86995501,-1.53336696,-0.98632967,0.10971269,1,0,1,0,0
668,138958,-0.01095127,-0.24550932,0.83691116,-1.38001925,-1.09715661,0.11709852,1,0,1,0,0
669,139166,0.00379388,-0.27066343,0.80481518,-1.23962567,-1.26159911,0.11610898,1,0,1,0,0
670,139375,0.02778557,-0.27316798,0.78748262,-1.10154946,-1.39822865,0.10988516,1,0,1,0,0
671,139583,0.03411889,-0.27991079,0.74577503,-0.94324376,-1.53979796,0.09922669,1,0,1,0,0
672,139791,0.06372241,-0.27994100,0.72063668,-0.79618823,-1.67702568,0.09616456,1,0,1,0,0
673,140000,0.08168469,-0.29607635,0.66605835,-0.64259681,-1.79253701,0.07722639,1,0,1,1,0
674,140208,0.09786069,-0.29546235,0.62534929,-0.47661907,-1.89510384,0.11152351,1,0,1,1,0
675,140416,0.12496218,-0.30423079,0.57671761,-0.29928728,-1.99412433,0.08238513,1,0,1,1,0
676,140625,0.13756706,-0.30017465,0.52693454,-0.15088069,-2.08513356,0.10132884,1,0,1,1,0
677,140833,0.15067883,-0.29872580,0.46877086,0.00834771,-2.17064511,0.09106857,1,0,1,1,0
678,141041,0.16794801,-0.29545513,0.42130152,0.17863083,-2.25273420,0.09005849,1,0,1,1,0
679,141250,0.18132213,-0.29272421,0.35712928,0.33941924,-2.32554212,0.09031264,1,0,1,1,0
680,141458,0.19282277,-0.29536916,0.30366446,0.49825183,-2.38180690,0.06794292,1,0,1,1,0
681,141666,0.20848042,-0.29882680,0.24379317,0.67244480,-2.42577156,0.06305599,1,0,1,1,0
682,141875,0.21624338,-0.28737069,0.18579102,0.84119531,-2.47458184,0.06690115,1,0,1,1,1
683,142083,0.23522907,-0.28258931,0.11803128,0.98381043,-2.48954126,0.06287782,1,0,1,1,1
684,142291,0.25306654,-0.26386069,0.05922697,1.13720304,-2.51491511,0.06029227,1,0,1,1,1
685,142500,0.26275715,-0.25461872,-0.01196307,1.25110026,-2.52255825,0.05284650,1,0,1,1,1
686,142708,0.26956292,-0.24588279,-0.07076560,1.39251759,-2.48344428,0.03860182,1,0,1,1,1
687,142916,0.27144530,-0.22531989,-0.12926447,1.54825001,-2.46464947,0.04075640,1,0,1,1,1
688,143125,0.29383012,-0.22626500,-0.20230355,1.65484830,-2.43548635,0.03700177,1,0,1,1,1
689,143333,0.27277144,-0.20064108,-0.25509166,1.78404729,-2.41107008,0.03947513,1,0,1,1,1
690,143541,0.29561335,-0.20222251,-0.31332565,1.88551620,-2.35325843,0.03409964,1,0,1,1,1
691,143750,0.31262522,-0.17781081,-0.36888291,1.99798071,-2.29783959,0.01169186,1,0,1,1,1
692,143958,0.30353451,-0.16489741,-0.41707430,2.08738849,-2.25213785,0.01475854,1,0,1,1,1
693,144166,0.29635755,-0.14708700,-0.48752173,2.16002676,-2.17729041,0.01662762,1,0,1,1,1
694,144375,0.30245519,-0.13158072,-0.52949447,2.24808741,-2.06938763,-0.00972222,1,0,1,1,1
695,144583,0.29935284,-0.11972361,-0.57224425,2.30118503,-1.98092651,-0.02088302,1,0,1,1,1
696,144791,0.29522072,-0.08975407,-0.63066089,2.38148361,-1.87868838,-0.02222230,1,0,1,1,1
697,145000,0.30128506,-0.07943724,-0.66841976,2.42264302,-1.76506542,-0.02989475,1,0,1,1,1
698,145208,0.28833977,-0.04782116,-0.72042142,2.45333331,-1.64803326,-0.02011698,1,0,1,1,1
699,145416,0.27814681,-0.03913141,-0.76154442,2.48129223,-1.51152941,-0.02508242,1,0,1,1,1
700,145625,0.27204177,-0.01581566,-0.79374522,2.49654984,-1.36785848,-0.02635905,1,0,1,1,1
701,145833,0.25893691,0.00661776,-0.82587182,2.50194195,-1.24442380,-0.04488818,1,0,1,1,1
702,146041,0.24547435,0.03320939,-0.85748328,2.47471317,-1.09742610,-0.04479849,1,0,1,1,1
703,146250,0.23446960,0.03981439,-0.87962706,2.47307459,-0.94057314,-0.05748324,1,0,1,1,1
704,146458,0.22869516,0.05210822,-0.90479349,2.43758661,-0.79281558,-0.04369931,1,0,1,1,0
705,146666,0.21312033,0.07589278,-0.92288071,2.40480143,-0.63550493,-0.05856041,1,0,1,1,0
706,146875,0.19311050,0.10069426,-0.93622717,2.36955153,-0.46799062,-0.06774534,1,0,1,1,0
707,147083,0.18714792,0.11589183,-0.94653387,2.32538331,-0.31455727,-0.07559604,1,0,1,1,0
708,147291,0.16516723,0.13878849,-0.95150857,2.23190282,-0.15165997,-0.07804135,1,0,1,1,0
709,147500,0.15326893,0.15097475,-0.94395188,2.15924963,0.00135024,-0.07981352,1,0,1,1,0
710,147708,0.12794843,0.16886256,-0.94563803,2.08040429,0.18995063,-0.09794029,1,0,1,1,0
711,147916,0.11310146,0.18773527,-0.94578217,1.98593727,0.33414094,-0.10539277,1,0,1,1,0
712,148125,0.09386001,0.20045363,-0.92791723,1.86688980,0.49111836,-0.07561934,1,0,1,1,0
713,148333,0.07481774,0.20844793,-0.91382502,1.76760567,0.67006899,-0.09901730,1,0,1,1,0
714,148541,0.05394420,0.22630570,-0.90066906,1.65001034,0.81597430,-0.10055285,1,0,1,1,0
715,148750,0.03927506,0.24065136,-0.87599722,1.52052396,0.95800242,-0.10222962,1,0,1,1,0
716,148958,0.01776101,0.24608646,-0.84764952,1.36617701,1.10897113,-0.09090788,1,0,1,1,0
717,149166,-0.00263975,0.25373369,-0.81884676,1.23598316,1.25435670,-0.10667961,1,0,1,1,0
718,149375,-0.03247505,0.26293761,-0.78320912,1.09401677,1.39393569,-0.11022161,1,0,1,1,0
719,149583,-0.03878492,0.27402910,-0.74416668,0.94999169,1.51770387,-0.09843620,1,0,1,1,0
720,149791,-0.05973649,0.29017314,-0.71753543,0.79505650,1.63996126,-0.10803627,1,0,1,1,0
721,150000,-0.08278186,0.28662633,-0.66987163,0.63945277,1.77507998,-0.09638085,1,0,1,1,0
722,150208,-0.09931649,0.29024144,-0.61719412,0.46973535,1.89255269,-0.09885759,1,0,1,1,0
723,150416,-0.12305054,0.29783978,-0.57695129,0.29076467,1.99870765,-0.08307360,1,0,1,1,0
724,150625,-0.13387728,0.29705811,-0.52290367,0.14652738,2.10704004,-0.08128938,1,0,1,1,0
725,150833,-0.15103881,0.29806468,-0.47110661,-0.01113861,2.18479009,-0.10786597,1,0,1,1,0
726,151041,-0.17198767,0.30780143,-0.41802136,-0.15543073,2.24961716,-0.07865001,1,0,1,1,0
727,151250,-0.18849457,0.30232815,-0.35664413,-0.33853140,2.31337463,-0.10014570,1,0,1,1,0
728,151458,-0.20120367,0.29108755,-0.30790868,-0.50918852,2.36352720,-0.06587371,1,0,1,1,0
729,151666,-0.20414337,0.30232841,-0.24473325,-0.64424301,2.40906917,-0.06614777,1,0,1,1,0
730,151875,-0.22595275,0.28191418,-0.18132776,-0.81361395,2.44734205,-0.04732570,1,0,1,1,0
731,152083,-0.24063839,0.28636752,-0.10972058,-0.95279916,2.46402117,-0.03862052,1,0,1,1,1
732,152291,-0.25701113,0.25535740,-0.05956900,-1.11857398,2.49427708,-0.05836737,1,0,1,1,1
733,152500,-0.26733913,0.25978671,0.00410383,-1.25255719,2.50279569,-0.04987072,1,0,1,1,1
734,152708,-0.27265752,0.24933948,0.06703147,-1.40010460,2.48894667,-0.04672328,1,0,1,1,1
735,152916,-0.27930025,0.23708957,0.13412976,-1.52547009,2.48509015,-0.01460830,1,0,1,1,1
736,153125,-0.28571509,0.20839962,0.19668868,-1.65748541,2.44305203,-0.02138285,1,0,1,1,1
737,153333,-0.29630474,0.20942064,0.24856142,-1.79167833,2.40652838,-0.02065333,1,0,1,1,1
738,153541,-0.29411010,0.18756820,0.30911685,-1.87954213,2.38164104,-0.02606986,1,0,1,1,1
739,153750,-0.30869762,0.18593269,0.37327166,-1.99721327,2.30861740,-0.02350001,1,0,1,1,1
740,153958,-0.29845845,0.16652391,0.42644421,-2.08331126,2.24330052,-0.00473654,1,0,1,1,1
741,154166,-0.30670881,0.14827375,0.48228345,-2.16145850,2.15334255,0.01248934,1,0,1,1,1
742,154375,-0.30295062,0.13416586,0.52718476,-2.26340740,2.07090381,0.00679698,1,0,1,1,1
743,154583,-0.29971326,0.11347292,0.58892645,-2.30676274,1.97552694,0.00657260,1,0,1,1,1
744,154791,-0.28552928,0.09143126,0.63927120,-2.36404292,1.87205585,0.03426817,1,0,1,1,1
745,155000,-0.29543419,0.07523693,0.67330367,-2.41470816,1.74924101,0.02704388,1,0,1,1,1
746,155208,-0.27745318,0.05729862,0.71630861,-2.44914244,1.65179977,0.03999879,1,0,1,1,1
747,155416,-0.27576166,0.04084541,0.75422970,-2.47874227,1.50898946,0.04975958,1,0,1,1,1
748,155625,-0.26814401,0.01037106,0.78676267,-2.50136239,1.38713923,0.05227421,1,0,1,1,1
749,155833,-0.26584757,-0.00510887,0.82381153,-2.51138064,1.22422892,0.04021678,1,0,1,1,1
750,156041,-0.24851790,-0.02823521,0.85361967,-2.47822609,1.08753865,0.06262880,1,0,1,1,1
751,156250,-0.23671340,-0.03765283,0.88676854,-2.47303074,0.94763680,0.03853295,1,0,1,1,1
752,156458,-0.22976566,-0.05738142,0.89486408,-2.45595279,0.78496166,0.06674569,1,0,1,1,0
753,156666,-0.21214130,-0.07794745,0.91625803,-2.40154450,0.63311023,0.08092623,1,0,1,1,0
754,156875,-0.20053124,-0.10041872,0.93577586,-2.36201254,0.47160921,0.07146598,1,0,1,1,0
755,157083,-0.18176087,-0.12408406,0.94000748,-2.29642233,0.30942403,0.07950395,1,0,1,1,0
756,157291,-0.16065484,-0.13309274,0.94618662,-2.23864293,0.14842808,0.08719304,1,0,1,1,0
757,157500,-0.15393178,-0.14896760,0.94909278,-2.15831406,-0.00276562,0.08370013,1,0,1,1,0
758,157708,-0.13057461,-0.16554798,0.94554334,-2.08946364,-0.17860096,0.08105131,1,0,1,1,0
759,157916,-0.11816839,-0.19848039,0.94058471,-1.98508407,-0.34586783,0.06827139,1,0,1,1,0
760,158125,-0.09779660,-0.19484700,0.93256773,-1.86774956,-0.51361093,0.11815385,1,0,1,1,0
761,158333,-0.07880619,-0.20686102,0.91807991,-1.76744053,-0.64956177,0.09709766,1,0,1,1,0
762,158541,-0.06339085,-0.22249032,0.89493023,-1.64343996,-0.82356346,0.10251251,1,0,1,1,0
763,158750,-0.03142434,-0.25020860,0.87696344,-1.51141020,-0.96922650,0.10029272,1,0,1,1,0
764,158958,-0.01972248,-0.25193651,0.84054362,-1.38052745,-1.12496210,0.09121321,1,0,1,1,0
765,159166,0.00355973,-0.25764307,0.81391758,-1.23535445,-1.25336760,0.09535731,1,0,1,1,0
766,159375,0.01715567,-0.27536596,0.78898674,-1.09008273,-1.39209434,0.09798499,1,0,1,1,0
767,159583,0.04632135,-0.28413396,0.75170487,-0.93635639,-1.53702876,0.11407721,1,0,1,1,0
768,159791,0.05831561,-0.28132596,0.70654701,-0.77833477,-1.66971656,0.10397075,1,0,1,1,0
769,160000,0.07499786,-0.30035862,0.66263732,-0.63049129,-1.77245267,0.09026823,1,0,1,1,0
770,160208,0.09703976,-0.29396568,0.62930536,-0.47026743,-1.88456407,0.08861189,1,0,1,1,0
771,160416,0.11505838,-0.29461391,0.58622898,-0.30354381,-1.97444731,0.10297013,1,0,1,1,0
772,160625,0.13539070,-0.30017775,0.52773793,-0.15389523,-2.08542381,0.08064183,1,0,1,1,0
773,160833,0.15118175,-0.29855655,0.48054494,-0.00129597,-2.17579754,0.09505346,1,0,1,1,0
774,161041,0.17290192,-0.29849359,0.40774403,0.17637172,-2.24435034,0.08276518,1,0,1,1,0
775,161250,0.17535392,-0.29742336,0.36001482,0.34507388,-2.30055984,0.07842140,1,0,1,1,0
776,161458,0.19705240,-0.29840301,0.29382831,0.49441310,-2.37028726,0.06252429,1,0,1,1,0
777,161666,0.21531949,-0.28871438,0.24656500,0.64545928,-2.42141148,0.07808881,1,0,1,1,0
778,161875,0.22445976,-0.28164789,0.18503007,0.80110373,-2.44842734,0.07621377,1,0,1,1,0
779,162083,0.23780230,-0.27277357,0.12261799,0.97628793,-2.48844287,0.03715562,1,0,1,1,1
780,162291,0.26095331,-0.26388349,0.05134119,1.13065844,-2.50522108,0.07340424,1,0,1,1,1
781,162500,0.25152690,-0.25589074,-0.00301458,1.28474837,-2.52056758,0.04905680,1,0,1,1,1
782,162708,0.27662099,-0.24226279,-0.06790072,1.40956336,-2.48045294,0.05630146,1,0,1,1,1
783,162916,0.27205212,-0.23666601,-0.13510920,1.53547515,-2.46464987,0.04146222,1,0,1,1,1
784,163125,0.27918797,-0.22770189,-0.19370652,1.65869174,-2.43775221,0.04733610,1,0,1,1,1
785,163333,0.29193502,-0.20629938,-0.25431081,1.77081011,-2.41215601,0.05358965,1,0,1,1,1
786,163541,0.28672944,-0.20509463,-0.31597070,1.89537081,-2.34759502,0.02154905,1,0,1,1,1
787,163750,0.29191997,-0.18512803,-0.37750364,1.99431027,-2.30319903,0.02825712,1,0,1,1,1
788,163958,0.30048992,-0.17494985,-0.41748357,2.09771620,-2.23635116,0.00956102,1,0,1,1,1
789,164166,0.30222791,-0.15024131,-0.47769254,2.16000149,-2.15023455,0.00789630,1,0,1,1,1
790,164375,0.29186620,-0.12972405,-0.52765158,2.24740562,-2.05315582,-0.02337701,1,0,1,1,1
791,164583,0.30755900,-0.11370162,-0.58029491,2.30746442,-1.96837025,-0.01121199,1,0,1,1,1
792,164791,0.28288081,-0.09902868,-0.62973157,2.39563354,-1.87466849,-0.02033824,1,0,1,1,1
793,165000,0.28990179,-0.07888331,-0.68569162,2.42742613,-1.74691864,-0.02986309,1,0,1,1,1
794,165208,0.28405166,-0.05641025,-0.72193105,2.45186840,-1.65766274,-0.03185777,1,0,1,1,1
795,165416,0.28158203,-0.02950973,-0.75907571,2.47714434,-1.52596189,-0.03646262,1,0,1,1,1
796,165625,0.28150605,-0.02348961,-0.80634559,2.49318178,-1.39139998,-0.04762790,1,0,1,1,1
797,165833,0.26484165,-0.00099874,-0.81900267,2.51226403,-1.23892167,-0.04590590,1,0,1,1,1
798,166041,0.24856111,0.02887561,-0.85799965,2.49522052,-1.10419223,-0.06167985,1,0,1,1,1
799,166250,0.23480107,0.04214451,-0.87967847,2.47152940,-0.93384836,-0.08315155,1,0,1,1,1
800,166458,0.22908721,0.05895739,-0.90336192,2.45006636,-0.78946130,-0.07763004,1,0,1,1,0
801,166666,0.21107536,0.08515041,-0.91741364,2.40330441,-0.65074897,-0.11200710,1,0,1,1,0
802,166875,0.19833839,0.09938084,-0.93890206,2.35294664,-0.50002919,-0.08380665,1,0,1,1,0
803,167083,0.17954927,0.11394888,-0.93532164,2.29989594,-0.32084002,-0.07053098,1,0,1,1,0
804,167291,0.16052003,0.14355325,-0.94659013,2.23494761,-0.14408997,-0.07867466,1,0,1,1,0
805,167500,0.14508412,0.15562655,-0.94243152,2.14332781,0.00827919,-0.08311852,1,0,1,1,0
806,167708,0.12776872,0.16487422,-0.94904268,2.06836968,0.17630657,-0.07788792,1,0,1,1,0
807,167916,0.12152624,0.18461551,-0.94007360,1.97543680,0.33721577,-0.10342600,1,0,1,1,0
808,168125,0.09831015,0.20405438,-0.93048953,1.88135450,0.50559820,-0.09885353,1,0,1,1,0
809,168333,0.07717155,0.21210846,-0.92101299,1.78220197,0.67225220,-0.08481082,1,0,1,1,0
810,168541,0.05196507,0.21684984,-0.88965528,1.63202683,0.82817618,-0.10490958,1,0,1,1,0
811,168750,0.04112899,0.24139935,-0.87539987,1.52335057,0.96565444,-0.08730454,1,0,1,1,0
812,168958,0.01376782,0.25846422,-0.84518705,1.37179384,1.12346210,-0.09605266,1,0,1,1,0
813,169166,-0.00548939,0.26184943,-0.81119667,1.25043177,1.26134391,-0.10194687,1,0,1,1,0
814,169375,-0.02662627,0.27223370,-0.78550874,1.09144065,1.39298083,-0.09906263,1,0,1,1,0
815,169583,-0.04175311,0.27531120,-0.75459774,0.94950272,1.53835470,-0.10083550,1,0,1,1,0
816,169791,-0.06054949,0.28590878,-0.70825071,0.79979082,1.65717628,-0.10076489,1,0,1,1,0
817,170000,-0.07671280,0.28222957,-0.66409043,0.62571933,1.78070239,-0.10014825,1,0,1,1,0
818,170208,-0.09603995,0.30112874,-0.62195410,0.46433706,1.89589168,-0.08995773,1,0,1,1,0
819,170416,-0.10847082,0.29944006,-0.57587697,0.30218627,1.98893625,-0.08279702,1,0,1,1,0
820,170625,-0.12937537,0.29622014,-0.52603868,0.13509708,2.08606699,-0.09097558,1,0,1,1,0
821,170833,-0.15179032,0.30068658,-0.48266328,0.01295698,2.17125846,-0.08239271,1,0,1,1,0
822,171041,-0.16494659,0.30154203,-0.41362564,-0.17755157,2.24406185,-0.08351646,1,0,1,1,0
823,171250,-0.17497213,0.29973672,-0.35510584,-0.34662538,2.30961289,-0.07123387,1,0,1,1,0
824,171458,-0.19841104,0.29535555,-0.29149456,-0.49689422,2.36384769,-0.07969648,1,0,1,1,0
825,171666,-0.21302436,0.29758548,-0.23996310,-0.66577526,2.41422970,-0.07630937,1,0,1,1,0
826,171875,-0.22982774,0.29226463,-0.18536129,-0.83932973,2.46685542,-0.05482815,1,0,1,1,1
827,172083,-0.23631779,0.28617716,-0.12533327,-0.97526538,2.49886031,-0.05321928,1,0,1,1,1
828,172291,-0.25069805,0.27168182,-0.05551937,-1.11174359,2.50900194,-0.04814486,1,0,1,1,1
829,172500,-0.25625022,0.25181264,0.01939952,-1.26823832,2.48651686,-0.04026546,1,0,1,1,1
830,172708,-0.27603611,0.24832146,0.07345784,-1.41023531,2.48130266,-0.04813727,1,0,1,1,1
831,172916,-0.27618005,0.23707165,0.13442668,-1.53761859,2.48309139,-0.03163254,1,0,1,1,1
832,173125,-0.28623229,0.22564125,0.18182281,-1.65711112,2.45023598,-0.01809130,1,0,1,1,1
833,173333,-0.28813519,0.20580251,0.24830613,-1.75828397,2.43474481,-0.00274433,1,0,1,1,1
834,173541,-0.28727771,0.18830248,0.31167758,-1.88387389,2.36260961,-0.01315120,1,0,1,1,1
835,173750,-0.29990184,0.18078816,0.36518224,-1.99644936,2.31744957,-0.01157717,1,0,1,1,1
836,173958,-0.30507213,0.16739525,0.41962722,-2.08626588,2.22492048,-0.00185864,1,0,1,1,1
837,174166,-0.29740849,0.14817086,0.48323664,-2.17952175,2.16753368,-0.00726948,1,0,1,1,1
838,174375,-0.29589448,0.13210222,0.52605412,-2.23788009,2.08044053,0.00720084,1,0,1,1,1
839,174583,-0.29047753,0.11702662,0.57841944,-2.31344808,1.97877265,-0.00045738,1,0,1,1,1
840,174791,-0.29779482,0.10155553,0.63517999,-2.37471786,1.88063307,0.00583237,1,0,1,1,1
841,175000,-0.29282929,0.07716012,0.67714699,-2.41617511,1.75485253,0.03915551,1,0,1,1,1
842,175208,-0.28203894,0.05655440,0.71888475,-2.44934127,1.62648744,0.02108012,1,0,1,1,1
843,175416,-0.28225828,0.03931034,0.75653882,-2.49335518,1.49377712,0.02786227,1,0,1,1,1
844,175625,-0.27277713,0.01479098,0.79725419,-2.50382515,1.38393263,0.04589770,1,0,1,1,1
845,175833,-0.25677813,-0.00403640,0.82973492,-2.50750345,1.23540956,0.06229321,1,0,1,1,1
846,176041,-0.24323342,-0.01421603,0.85965221,-2.48546711,1.08966116,0.04972531,1,0,1,1,1
847,176250,-0.24262016,-0.04047368,0.87978412,-2.46905909,0.93305009,0.04586385,1,0,1,1,1
848,176458,-0.22843468,-0.06138458,0.91071380,-2.44437075,0.80906958,0.06952129,1,0,1,1,0
849,176666,-0.22688513,-0.07636301,0.91763413,-2.42404781,0.64422009,0.09204217,1,0,1,1,0
850,176875,-0.19121148,-0.09805652,0.93020558,-2.34808050,0.48158278,0.05695752,1,0,1,1,0
851,177083,-0.17430732,-0.11713066,0.95016739,-2.30044690,0.29768017,0.05999473,1,0,1,1,0
852,177291,-0.16451185,-0.13560216,0.95808851,-2.24442181,0.15038668,0.08016987,1,0,1,1,0
853,177500,-0.15769593,-0.15672008,0.94058253,-2.16382541,-0.02233258,0.10963525,1,0,1,1,0
854,177708,-0.12659367,-0.17312768,0.94930146,-2.08039614,-0.16116983,0.07802470,1,0,1,1,0
855,177916,-0.10632411,-0.17994006,0.94150526,-1.96692735,-0.34226859,0.08316124,1,0,1,1,0
856,178125,-0.10034908,-0.19612944,0.92920474,-1.88493608,-0.49280698,0.10121257,1,0,1,1,0
857,178333,-0.07095989,-0.20681089,0.91703887,-1.75382435,-0.67630608,0.10847739,1,0,1,1,0
858,178541,-0.06217573,-0.23234373,0.89419183,-1.63202063,-0.81554807,0.09692902,1,0,1,1,0
859,178750,-0.03313636,-0.23747071,0.87108573,-1.51367031,-0.97725349,0.12440033,1,0,1,1,0
860,178958,-0.02209896,-0.24796116,0.84895923,-1.37131027,-1.12999827,0.10628246,1,0,1,1,0
861,179166,0.00170428,-0.26183437,0.81565502,-1.21450365,-1.27932103,0.09022564,1,0,1,1,0
862,179375,0.02115557,-0.28243528,0.78021935,-1.10963273,-1.41604859,0.10275547,1,0,1,1,0
863,179583,0.03893525,-0.27495840,0.74742531,-0.94243241,-1.54929889,0.09364745,1,0,1,1,0
864,179791,0.05619408,-0.28591671,0.70274123,-0.81122333,-1.67628509,0.10346832,1,0,1,1,0
865,180000,0.08115285,-0.29270872,0.66257459,-0.65834800,-1.77098295,0.09956246,1,0,1,1,0
866,180208,0.10325144,-0.30006774,0.62485122,-0.48118859,-1.90576471,0.09659049,1,0,1,1,0
867,180416,0.12464664,-0.29554407,0.56818795,-0.31830862,-1.98185429,0.07571996,1,0,1,1,0
868,180625,0.13598562,-0.30187063,0.52378591,-0.13802236,-2.08598103,0.10424895,1,0,1,1,0
869,180833,0.15201244,-0.28780835,0.47077409,0.02265416,-2.15924695,0.09325811,1,0,1,1,0
870,181041,0.16116679,-0.30029797,0.42757946,0.16556172,-2.26492526,0.06683927,1,0,1,1,0
871,181250,0.18343958,-0.29244570,0.35871704,0.34706439,-2.32023989,0.09531005,1,0,1,1,0
872,181458,0.19329740,-0.29337396,0.30026575,0.50684799,-2.37529093,0.07448931,1,0,1,1,0
873,181666,0.21255624,-0.29321213,0.24095180,0.67474379,-2.41295205,0.05131573,1,0,1,1,0
874,181875,0.21545909,-0.27976121,0.18103641,0.83268145,-2.44267744,0.07428228,1,0,1,1,0
875,182083,0.23526892,-0.28277253,0.11306999,0.97733609,-2.45434766,0.08296399,1,0,1,1,1
876,182291,0.24851091,-0.27252808,0.06546107,1.11172188,-2.51008655,0.05760337,1,0,1,1,1
877,182500,0.26600137,-0.26016911,-0.00393534,1.25001641,-2.49118967,0.06510614,1,0,1,1,1
878,182708,0.26945568,-0.24690190,-0.06698765,1.39269091,-2.50865706,0.04449286,1,0,1,1,1
879,182916,0.27668610,-0.24480995,-0.13135636,1.54005870,-2.46551616,0.02810465,1,0,1,1,1
880,183125,0.28732544,-0.22315922,-0.19140297,1.66758553,-2.45840496,0.04898035,1,0,1,1,1
881,183333,0.28845714,-0.21371252,-0.25613995,1.77417015,-2.40161724,0.02522144,1,0,1,1,1
882,183541,0.29830199,-0.19599057,-0.30459381,1.87791959,-2.35689522,0.01624592,1,0,1,1,1
883,183750,0.29458763,-0.17963023,-0.37272841,1.99433948,-2.30403607,0.00760308,1,0,1,1,1
884,183958,0.29637020,-0.16850922,-0.42382747,2.09139831,-2.23980464,0.01314929,1,0,1,1,1
885,184166,0.30342892,-0.14987430,-0.47695587,2.16466965,-2.16179030,0.00538335,1,0,1,1,1
886,184375,0.29980887,-0.13535691,-0.52632068,2.24211463,-2.07260724,-0.00453335,1,0,1,1,1
887,184583,0.30232873,-0.10853420,-0.58066888,2.32091167,-1.97360678,-0.00404528,1,0,1,1,1
888,184791,0.29881848,-0.09591656,-0.62654191,2.36823609,-1.86684986,-0.01902937,1,0,1,1,1
889,185000,0.29255216,-0.07444495,-0.67807359,2.40376773,-1.76583587,-0.03486677,1,0,1,1,1
890,185208,0.28440522,-0.06841555,-0.72640678,2.46471304,-1.63344263,-0.03907812,1,0,1,1,1
891,185416,0.28030413,-0.03629718,-0.75897790,2.48437617,-1.50507996,-0.03280181,1,0,1,1,1
892,185625,0.27018833,-0.00934679,-0.79307815,2.48296928,-1.37194989,-0.04731736,1,0,1,1,1
893,185833,0.25867902,0.00515482,-0.82723123,2.48997958,-1.22610660,-0.05735789,1,0,1,1,1
894,186041,0.24345269,0.01953407,-0.85377618,2.49709114,-1.08877895,-0.05507506,1,0,1,1,1
895,186250,0.23936565,0.04106509,-0.88260810,2.45908983,-0.94292495,-0.04745952,1,0,1,1,1
896,186458,0.22558068,0.06217137,-0.89697439,2.45339004,-0.79355801,-0.08296036,1,0,1,1,0
897,186666,0.21215608,0.08344526,-0.92615498,2.41524526,-0.62063611,-0.05554300,1,0,1,1,0
898,186875,0.20229226,0.09659171,-0.93054827,2.37083379,-0.46821753,-0.08962294,1,0,1,1,0
899,187083,0.18325831,0.11849948,-0.93857479,2.31079895,-0.32195358,-0.08224621,1,0,1,1,0
900,187291,0.16184120,0.12592984,-0.94209479,2.22485610,-0.15808138,-0.07290456,1,0,1,1,0
901,187500,0.15815646,0.14222769,-0.95220061,2.16796831,-0.00212919,-0.08400769,1,0,1,1,0
902,187708,0.12956231,0.16532552,-0.94635961,2.06105490,0.16567115,-0.09698605,1,0,1,1,0
903,187916,0.11667626,0.19477165,-0.93711248,1.95043548,0.34969400,-0.08933058,1,0,1,1,0
904,188125,0.09858914,0.19460959,-0.93693108,1.86674461,0.49518532,-0.09861156,1,0,1,1,0
905,188333,0.08129617,0.21587734,-0.92149489,1.74896728,0.64906334,-0.09377791,1,0,1,1,0
906,188541,0.06900178,0.23770021,-0.89529537,1.63451852,0.80980314,-0.08963801,1,0,1,1,0
907,188750,0.03885288,0.23706172,-0.87050126,1.50881024,0.95386633,-0.09693658,1,0,1,1,0
908,188958,0.01396987,0.25367275,-0.85370096,1.36916249,1.13435227,-0.10466447,1,0,1,1,0
909,189166,0.00299360,0.26119874,-0.81527465,1.22582384,1.28053028,-0.11458475,1,0,1,1,0
910,189375,-0.01582897,0.26614645,-0.79371505,1.08864000,1.42090865,-0.10122091,1,0,1,1,0
911,189583,-0.04379597,0.27894026,-0.74938164,0.94409974,1.52784025,-0.08709120,1,0,1,1,0
912,189791,-0.05909499,0.28439160,-0.71173347,0.78229284,1.65959518,-0.09077125,1,0,1,1,0
913,190000,-0.07526442,0.28978877,-0.65685980,0.64419235,1.80012354,-0.09467189,1,0,1,1,0
914,190208,-0.09748966,0.28313474,-0.62740876,0.47673189,1.88631404,-0.08097801,1,0,1,1,0
915,190416,-0.10654866,0.29203243,-0.57273525,0.32139982,1.99175576,-0.08895409,1,0,1,1,0
916,190625,-0.12950604,0.29630762,-0.51922337,0.16033179,2.08121762,-0.10405862,1,0,1,1,0
917,190833,-0.15541991,0.30327722,-0.47875456,-0.02029680,2.16505744,-0.09197783,1,0,1,1,0
918,191041,-0.16656668,0.30084992,-0.41872230,-0.19977172,2.25004795,-0.08300507,1,0,1,1,0
919,191250,-0.18703219,0.29928694,-0.35295436,-0.32713840,2.30084497,-0.06820624,1,0,1,1,0
920,191458,-0.20601013,0.29182212,-0.31051465,-0.48244616,2.37072738,-0.08245348,1,0,1,1,0
921,191666,-0.21707520,0.29258781,-0.24144517,-0.65488226,2.43091649,-0.07336231,1,0,1,1,0
922,191875,-0.22052888,0.29134297,-0.18497272,-0.81942748,2.46178489,-0.06595338,1,0,1,1,0
923,192083,-0.23641970,0.28176292,-0.12222023,-0.98078495,2.49848351,-0.05527019,1,0,1,1,1
924,192291,-0.25282207,0.26516183,-0.06432284,-1.10954266,2.52344982,-0.05760118,1,0,1,1,1
925,192500,-0.26695391,0.25971907,0.01231413,-1.27663475,2.51315322,-0.05615167,1,0,1,1,1
926,192708,-0.27327093,0.25436234,0.06811199,-1.40477899,2.49687977,-0.03651678,1,0,1,1,1
927,192916,-0.27194892,0.23837944,0.12440253,-1.54839690,2.48365348,-0.02528999,1,0,1,1,1
928,193125,-0.27967680,0.21990323,0.18769224,-1.65731660,2.46011296,-0.02531734,1,0,1,1,1
929,193333,-0.28265575,0.20916226,0.24417912,-1.75504074,2.40123611,-0.01921886,1,0,1,1,1
930,193541,-0.29514144,0.19065446,0.30706474,-1.89841834,2.36422366,-0.01132188,1,0,1,1,1
931,193750,-0.30140025,0.17930718,0.36939860,-1.98253493,2.30367293,0.00144513,1,0,1,1,1
932,193958,-0.29844503,0.16695187,0.41986406,-2.08217076,2.24184924,-0.00984752,1,0,1,1,1
933,194166,-0.29359660,0.14478795,0.47298967,-2.17992997,2.16266116,0.02648025,1,0,1,1,1
934,194375,-0.28792409,0.13251342,0.53406101,-2.24327918,2.07892036,0.01210749,1,0,1,1,1
935,194583,-0.29454484,0.11442540,0.58081732,-2.31069842,1.98493391,0.00772133,1,0,1,1,1
936,194791,-0.29047665,0.09782003,0.63504677,-2.37060468,1.87076943,0.02941600,1,0,1,1,1
937,195000,-0.28505406,0.07789242,0.67799967,-2.41678358,1.74593261,0.03311270,1,0,1,1,1
938,195208,-0.28069697,0.05957188,0.71753245,-2.46810181,1.63211239,0.03245461,1,0,1,1,1
939,195416,-0.27430835,0.03272047,0.75804998,-2.48214852,1.52170371,0.04896135,1,0,1,1,1
940,195625,-0.27398726,0.01646724,0.79359900,-2.49970544,1.36796678,0.05196815,1,0,1,1,1
941,195833,-0.25350252,-0.00013448,0.82908660,-2.50723069,1.22674600,0.04049538,1,0,1,1,1
942,196041,-0.24559082,-0.01210085,0.85002478,-2.51754678,1.10149630,0.05926989,1,0,1,1,1
943,196250,-0.23725268,-0.03589683,0.88517310,-2.48720287,0.94372225,0.05544791,1,0,1,1,1
944,196458,-0.22323151,-0.06175451,0.90567426,-2.45496198,0.79233432,0.05908824,1,0,1,1,0
945,196666,-0.21631706,-0.08110245,0.91876124,-2.41589650,0.63068374,0.05452746,1,0,1,1,0
946,196875,-0.19932294,-0.09420570,0.93587076,-2.37294814,0.44948075,0.07015002,1,0,1,1,0
947,197083,-0.17430284,-0.11552822,0.94606805,-2.31162563,0.31570170,0.07453938,1,0,1,1,0
948,197291,-0.16018774,-0.13337193,0.94774873,-2.24302541,0.13388574,0.08701438,1,0,1,1,0
949,197500,-0.14619671,-0.15301988,0.95220837,-2.13793357,-0.03643074,0.08911558,1,0,1,1,0
950,197708,-0.13367549,-0.17057875,0.94666141,-2.07742792,-0.16608188,0.08495485,1,0,1,1,0
951,197916,-0.11742028,-0.18780284,0.93884816,-1.97426815,-0.33316844,0.10578368,1,0,1,1,0
952,198125,-0.09995734,-0.19366952,0.93096206,-1.87180550,-0.51310928,0.08349251,1,0,1,1,0
953,198333,-0.07222304,-0.21152429,0.92116498,-1.76044000,-0.65891736,0.09437661,1,0,1,1,0
954,198541,-0.05646060,-0.22957975,0.88821507,-1.62376191,-0.82047929,0.09359387,1,0,1,1,0
955,198750,-0.03613866,-0.23839503,0.87902766,-1.49597815,-0.96716295,0.09842145,1,0,1,1,0
956,198958,-0.01764379,-0.25176242,0.84788328,-1.37751290,-1.11417383,0.09690136,1,0,1,1,0
957,199166,0.00123225,-0.26111973,0.81744280,-1.23684739,-1.25744126,0.08792903,1,0,1,1,0
958,199375,0.01899007,-0.27025102,0.78758041,-1.09478650,-1.39265922,0.09420282,1,0,1,1,0
959,199583,0.04397250,-0.27907318,0.74443383,-0.94062635,-1.52171027,0.08785646,1,0,1,1,0
960,199791,0.05724635,-0.28624988,0.70030417,-0.79404918,-1.64583992,0.11482216,1,0,1,1,0
961,200000,0.07634197,-0.28894464,0.65452645,-0.63630083,-1.76009716,0.09248939,1,0,1,1,0
962,200208,0.09933691,-0.28738224,0.62703368,-0.47471927,-1.86167985,0.08550592,1,0,1,1,0
963,200416,0.11393816,-0.30170300,0.57497764,-0.30917098,-1.99261874,0.11120228,1,0,1,1,0
964,200625,0.12853354,-0.30979761,0.52510318,-0.15122017,-2.07432519,0.10234423,1,0,1,1,0
965,200833,0.15696611,-0.30290191,0.47808721,0.02702065,-2.17453209,0.08193820,1,0,1,1,0
966,201041,0.16363236,-0.29707567,0.41751270,0.18216690,-2.24415593,0.07530873,1,0,1,1,0
967,201250,0.18395405,-0.29662232,0.36511163,0.33835846,-2.30881820,0.09141620,1,0,1,1,0
968,201458,0.19383440,-0.29092220,0.29790189,0.53204418,-2.36624247,0.07412876,1,0,1,1,0
969,201666,0.20650568,-0.29461898,0.24351803,0.67269582,-2.42916918,0.05829365,1,0,1,1,0
970,201875,0.23504726,-0.27774617,0.17815005,0.82041193,-2.45233192,0.07650639,1,0,1,1,0
971,202083,0.23920489,-0.27317878,0.11952146,0.97432280,-2.49824160,0.05434005,1,0,1,1,1
972,202291,0.23496312,-0.27752131,0.05424993,1.12452543,-2.51212077,0.05447954,1,0,1,1,1
973,202500,0.26816112,-0.26753411,0.00021274,1.27410002,-2.51172552,0.05778488,1,0,1,1,1
974,202708,0.26395626,-0.24816166,-0.06998722,1.41580960,-2.49303576,0.04573278,1,0,1,1,1
975,202916,0.27359663,-0.23618550,-0.13531532,1.52839779,-2.47891389,0.03601028,1,0,1,1,1
976,203125,0.28945648,-0.21850679,-0.18790530,1.63904077,-2.45646830,0.03630519,1,0,1,1,1
977,203333,0.29065011,-0.20440261,-0.25139502,1.76978003,-2.40088119,0.01535939,1,0,1,1,1
978,203541,0.30230629,-0.20443820,-0.30544415,1.88456976,-2.35092227,0.02092664,1,0,1,1,1
979,203750,0.29354367,-0.17902724,-0.36870744,1.99396929,-2.31738481,0.00235400,1,0,1,1,1
980,203958,0.30219257,-0.16431100,-0.42886041,2.08980842,-2.23480040,-0.01333815,1,0,1,1,1
981,204166,0.30489562,-0.14975867,-0.47330477,2.17559344,-2.16521059,-0.00841115,1,0,1,1,1
982,204375,0.30691060,-0.13731445,-0.53368327,2.26299319,-2.06097172,-0.00964060,1,0,1,1,1
983,204583,0.29774914,-0.12479223,-0.58357021,2.30854212,-1.98597787,-0.01526259,1,0,1,1,1
984,204791,0.28903343,-0.09155010,-0.63941903,2.38481420,-1.88816703,-0.02349865,1,0,1,1,1
985,205000,0.27925719,-0.07863036,-0.67601467,2.41834162,-1.76218635,-0.04416971,1,0,1,1,1
986,205208,0.29241922,-0.05691274,-0.70971642,2.46232930,-1.63053245,-0.01997096,1,0,1,1,1
987,205416,0.27813331,-0.03059512,-0.75392821,2.48974143,-1.52370348,-0.03144030,1,0,1,1,1
988,205625,0.26753060,-0.01697523,-0.79464535,2.49336467,-1.36926000,-0.03067541,1,0,1,1,1
989,205833,0.26154099,-0.00518981,-0.83044158,2.50363895,-1.23366486,-0.04046646,1,0,1,1,1
990,206041,0.24687729,0.02384080,-0.86312325,2.48638470,-1.09508322,-0.05367474,1,0,1,1,1
991,206250,0.23857527,0.04315320,-0.87765654,2.46564793,-0.93957633,-0.06604673,1,0,1,1,1
992,206458,0.23035774,0.06543192,-0.90120723,2.44524620,-0.77802054,-0.07773015,1,0,1,1,0
993,206666,0.20952994,0.08300432,-0.92143303,2.39842167,-0.63889228,-0.05869962,1,0,1,1,0
994,206875,0.18932689,0.09661420,-0.93305219,2.35911823,-0.48714922,-0.08041736,1,0,1,1,0
995,207083,0.18121303,0.12089198,-0.93643675,2.31243205,-0.31798973,-0.07207312,1,0,1,1,0
996,207291,0.16567528,0.12855670,-0.94966605,2.22916032,-0.16432962,-0.08529120,1,0,1,1,0
997,207500,0.14665581,0.14902886,-0.94930791,2.16146780,0.04253057,-0.08952691,1,0,1,1,0
998,207708,0.13623218,0.16798383,-0.94002462,2.06838972,0.18713015,-0.09398868,1,0,1,1,0
999,207916,0.11394224,0.17942488,-0.92428567,1.97617840,0.34836706,-0.08635000,1,0,1,1,0
1000,208125,0.09677664,0.19685570,-0.93592171,1.88584609,0.49922053,-0.08766426,1,0,1,1,0
1001,208333,0.08145954,0.20475835,-0.91050583,1.77728678,0.65057392,-0.09733587,1,0,1,1,0
1002,208541,0.06185156,0.22679830,-0.90105421,1.62514743,0.80365440,-0.09562674,1,0,1,1,0
1003,208750,0.03949778,0.24035117,-0.88025472,1.51461395,0.97818040,-0.09021340,1,0,1,1,0
1004,208958,0.02290705,0.23532483,-0.84752443,1.35955674,1.12037616,-0.11897573,1,0,1,1,0
1005,209166,-0.01087732,0.25608165,-0.82108421,1.24886601,1.25208825,-0.10779176,1,0,1,1,0
1006,209375,-0.02841782,0.27166015,-0.78303800,1.09478457,1.38630980,-0.09617007,1,0,1,1,0
1007,209583,-0.04480062,0.28482470,-0.74317075,0.94624585,1.53058566,-0.10702222,1,0,1,1,0
1008,209791,-0.06157118,0.28993958,-0.71306148,0.76130672,1.64811473,-0.09411533,1,0,1,1,0
1009,210000,-0.08188382,0.28794246,-0.66218956,0.63142506,1.77642938,-0.10060736,1,0,1,1,0
1010,210208,-0.09399416,0.29350627,-0.62294944,0.49167875,1.90143659,-0.10222157,1,0,1,1,0
1011,210416,-0.11435181,0.29370887,-0.57792827,0.31726681,1.96902048,-0.09158287,1,0,1,1,0
1012,210625,-0.13664820,0.29426423,-0.52268962,0.15065113,2.08385956,-0.08836293,1,0,1,1,0
1013,210833,-0.15982454,0.30364109,-0.46981477,-0.00100892,2.18380027,-0.07991291,1,0,1,1,0
1014,211041,-0.16928656,0.29714901,-0.42678835,-0.17236440,2.25146589,-0.07576768,1,0,1,1,0
1015,211250,-0.17402460,0.29163645,-0.36346536,-0.35355067,2.33627258,-0.08094802,1,0,1,1,0
1016,211458,-0.18964137,0.30229316,-0.30658727,-0.51000823,2.37191332,-0.07074720,1,0,1,1,0
1017,211666,-0.20979293,0.27969787,-0.23444932,-0.63634908,2.43538447,-0.08047016,1,0,1,1,0
1018,211875,-0.22569494,0.28233233,-0.19121754,-0.80954564,2.45924416,-0.07098827,1,0,1,1,0
1019,212083,-0.23417306,0.28386575,-0.12239870,-0.97156576,2.47594058,-0.04249705,1,0,1,1,1
1020,212291,-0.25033655,0.27401111,-0.05535643,-1.12527857,2.49471292,-0.02797267,1,0,1,1,1
1021,212500,-0.26499920,0.26148913,0.01868104,-1.25737555,2.50706420,-0.05414464,1,0,1,1,1
1022,212708,-0.27258344,0.25418283,0.06518077,-1.40267682,2.49452726,-0.02174273,1,0,1,1,1
1023,212916,-0.28035153,0.23348305,0.12889671,-1.51194998,2.48323535,-0.05425042,1,0,1,1,1
1024,213125,-0.28115214,0.22100560,0.18514602,-1.65859739,2.43620282,-0.04057503,1,0,1,1,1
1025,213333,-0.28907951,0.21457853,0.25304263,-1.75845516,2.41617985,-0.01298218,1,0,1,1,1
1026,213541,-0.29335795,0.20254469,0.31029624,-1.88786111,2.35571586,-0.01785041,1,0,1,1,1
1027,213750,-0.28764847,0.18920075,0.36541103,-1.99551733,2.29551212,-0.00300923,1,0,1,1,1
1028,213958,-0.29775765,0.16657206,0.42565554,-2.10061422,2.23889160,-0.00048462,1,0,1,1,1
1029,214166,-0.30147645,0.14708789,0.48296189,-2.15449253,2.14977341,-0.00299219,1,0,1,1,1
1030,214375,-0.30582490,0.13315029,0.52515740,-2.24775176,2.08735690,0.00429704,1,0,1,1,1
1031,214583,-0.29545974,0.10580264,0.59377903,-2.30518678,1.97228339,0.02036215,1,0,1,1,1
1032,214791,-0.29565308,0.09158998,0.63270088,-2.36371555,1.85643952,0.01535049,1,0,1,1,1
1033,215000,-0.29124998,0.07098898,0.66928299,-2.41872229,1.73674381,0.02925458,1,0,1,1,1
1034,215208,-0.29171742,0.05314444,0.71640237,-2.43492629,1.63481693,0.01256962,1,0,1,1,1
1035,215416,-0.28217724,0.03854856,0.75271573,-2.48092221,1.50924995,0.03175204,1,0,1,1,1
1036,215625,-0.25982667,0.01686519,0.80163820,-2.51387302,1.36425957,0.03337890,1,0,1,1,1
1037,215833,-0.25544945,0.01155486,0.83105339,-2.50681394,1.23983521,0.04157136,1,0,1,1,1
1038,216041,-0.25018468,-0.01779915,0.85334522,-2.46491693,1.09063235,0.05363427,1,0,1,1,1
1039,216250,-0.24073135,-0.03715258,0.87868943,-2.47806996,0.93772294,0.05563937,1,0,1,1,1
1040,216458,-0.22692211,-0.05497235,0.90376905,-2.43998373,0.77452061,0.06944258,1,0,1,1,0
1041,216666,-0.20620503,-0.08403618,0.91524713,-2.40165469,0.60367651,0.08522147,1,0,1,1,0
1042,216875,-0.20201637,-0.10010536,0.93948771,-2.37518937,0.47158655,0.06850025,1,0,1,1,0
1043,217083,-0.17915452,-0.11550595,0.94393359,-2.30460130,0.31750667,0.08039389,1,0,1,1,0
1044,217291,-0.16028368,-0.13751667,0.95092092,-2.22568991,0.14886538,0.07093104,1,0,1,1,0
1045,217500,-0.14803376,-0.15269923,0.95274326,-2.14602874,-0.01320251,0.09399900,1,0,1,1,0
1046,217708,-0.13295903,-0.16022896,0.94432397,-2.07998865,-0.18528680,0.08461436,1,0,1,1,0
1047,217916,-0.10756018,-0.18739701,0.94490482,-1.97349743,-0.34262845,0.09092618,1,0,1,1,0
1048,218125,-0.09645959,-0.20062611,0.93124073,-1.88098268,-0.52372586,0.08030313,1,0,1,1,0
1049,218333,-0.07597937,-0.20058696,0.91399284,-1.76849263,-0.64944593,0.09743634,1,0,1,1,0
1050,218541,-0.05674273,-0.21877153,0.89361173,-1.65490645,-0.83042326,0.08520053,1,0,1,1,0
1051,218750,-0.03729416,-0.23241468,0.86976535,-1.49715763,-0.96244352,0.07718914,1,0,1,1,0
1052,218958,-0.01532113,-0.25037109,0.84930178,-1.37594559,-1.11708960,0.11052997,1,0,1,1,0
1053,219166,-0.00259103,-0.26934671,0.81052706,-1.24785646,-1.27062940,0.08742077,1,0,1,1,0
1054,219375,0.01764568,-0.26719495,0.78160866,-1.07496509,-1.39516785,0.09046976,1,0,1,1,0
1055,219583,0.03716821,-0.27129103,0.74277266,-0.95292920,-1.52638994,0.10165869,1,0,1,1,0
1056,219791,0.07387708,-0.28753788,0.71757153,-0.79981285,-1.65914908,0.09349674,1,0,1,1,0
1057,220000,0.06804060,-0.29710775,0.66932931,-0.64511710,-1.78531099,0.08215774,1,0,1,1,0
1058,220208,0.09525823,-0.29401189,0.62897300,-0.47242572,-1.89936586,0.09949029,1,0,1,1,0
1059,220416,0.11232805,-0.29430277,0.57395474,-0.30406645,-2.00709569,0.08162344,1,0,1,1,0
1060,220625,0.13276575,-0.30003726,0.51734653,-0.15965872,-2.09268895,0.08490351,1,0,1,1,0
1061,220833,0.14687276,-0.29104299,0.47167180,0.01221854,-2.17311729,0.08376720,1,0,1,1,0
1062,221041,0.17293497,-0.30254830,0.42564865,0.17719885,-2.24260741,0.08375842,1,0,1,1,0
1063,221250,0.18354754,-0.30100441,0.35913850,0.33228072,-2.30826746,0.08183061,1,0,1,1,0
1064,221458,0.20367063,-0.29232657,0.30295991,0.50733162,-2.37602245,0.08467420,1,0,1,1,0
1065,221666,0.20242032,-0.28802401,0.24347654,0.64055291,-2.42018655,0.08181365,1,0,1,1,0
1066,221875,0.22099124,-0.27729740,0.18202058,0.80674454,-2.45013383,0.06261031,1,0,1,1,0
1067,222083,0.23512564,-0.27814848,0.12057793,0.96127874,-2.48854204,0.07043658,1,0,1,1,1
1068,222291,0.25764521,-0.26104414,0.06032536,1.11318316,-2.49267902,0.05762328,1,0,1,1,1
1069,222500,0.26729375,-0.25007982,-0.00525976,1.27864977,-2.49397033,0.04710123,1,0,1,1,1
1070,222708,0.26913356,-0.25032281,-0.06670547,1.40752542,-2.49527240,0.03727945,1,0,1,1,1
1071,222916,0.28153376,-0.23115204,-0.12974953,1.52446601,-2.48076775,0.04165394,1,0,1,1,1
1072,223125,0.27631019,-0.21487657,-0.18516003,1.65231733,-2.43424526,0.03072157,1,0,1,1,1
1073,223333,0.29499442,-0.20351483,-0.25235320,1.78228867,-2.41866589,0.01520510,1,0,1,1,1
1074,223541,0.29485708,-0.20159413,-0.31246070,1.88470421,-2.36579969,-0.00888922,1,0,1,1,1
1075,223750,0.29975993,-0.18206217,-0.37075311,1.97942914,-2.29873334,0.02813943,1,0,1,1,1
1076,223958,0.30005647,-0.16549673,-0.43042126,2.09782534,-2.24617897,-0.01349848,1,0,1,1,1
1077,224166,0.30354378,-0.15029445,-0.48183717,2.17123923,-2.16882653,0.01709495,1,0,1,1,1
1078,224375,0.30033155,-0.13426229,-0.52857965,2.24485740,-2.06935755,-0.00113741,1,0,1,1,1
1079,224583,0.29731390,-0.11785533,-0.58797459,2.30090293,-1.98116247,-0.01808328,1,0,1,1,1
1080,224791,0.29351191,-0.09094376,-0.63131382,2.37784848,-1.85522276,-0.00729783,1,0,1,1,1
1081,225000,0.28710462,-0.07809084,-0.68150032,2.42033440,-1.74446402,-0.01090548,1,0,1,1,1
1082,225208,0.28178421,-0.05837004,-0.71648933,2.46841112,-1.64042616,-0.01989045,1,0,1,1,1
1083,225416,0.27249874,-0.03168535,-0.75686513,2.48325518,-1.50670847,-0.04630181,1,0,1,1,1
1084,225625,0.27207091,-0.01394344,-0.79117103,2.50976042,-1.38003289,-0.04283891,1,0,1,1,1
1085,225833,0.26577378,0.00706897,-0.82681541,2.48918205,-1.23738832,-0.05906908,1,0,1,1,1
1086,226041,0.24656643,0.02411515,-0.85975823,2.48840518,-1.08168938,-0.05006509,1,0,1,1,1
1087,226250,0.23174239,0.04173073,-0.87705671,2.48252907,-0.94320834,-0.06307265,1,0,1,1,1
1088,226458,0.21991509,0.05428377,-0.90274350,2.45099148,-0.79497038,-0.06946170,1,0,1,1,0
1089,226666,0.20163447,0.07141767,-0.91659286,2.40054885,-0.66171788,-0.08460314,1,0,1,1,0
1090,226875,0.19845443,0.09785573,-0.93962654,2.36016941,-0.48656496,-0.06784380,1,0,1,1,0
1091,227083,0.17547052,0.10923986,-0.94877205,2.30248478,-0.29738459,-0.06276884,1,0,1,1,0
1092,227291,0.16659740,0.14998655,-0.94762152,2.23745695,-0.13726785,-0.07946456,1,0,1,1,0
1093,227500,0.14799627,0.15557560,-0.94922030,2.15408838,0.00285312,-0.08376641,1,0,1,1,0
1094,227708,0.12971660,0.16933633,-0.95228273,2.05418159,0.17251684,-0.08370887,1,0,1,1,0
1095,227916,0.11062973,0.18330396,-0.94210272,1.96405195,0.33637795,-0.06953574,1,0,1,1,0
1096,228125,0.09438129,0.20473753,-0.92512025,1.85492507,0.49737475,-0.07031186,1,0,1,1,0
1097,228333,0.08010794,0.21834422,-0.91270807,1.76693325,0.64907443,-0.08978486,1,0,1,1,0
1098,228541,0.06186625,0.22167721,-0.90025346,1.62322694,0.80717221,-0.10569704,1,0,1,1,0
1099,228750,0.03218310,0.24648678,-0.87402447,1.52849182,0.96740953,-0.10757338,1,0,1,1,0
1100,228958,0.01861607,0.24488560,-0.84053756,1.37105325,1.11866720,-0.09626422,1,0,1,1,0
1101,229166,-0.00708555,0.25428445,-0.81618250,1.24540644,1.24566496,-0.08848816,1,0,1,1,0
1102,229375,-0.02111888,0.27310444,-0.78735952,1.10323986,1.41528119,-0.09531219,1,0,1,1,0
1103,229583,-0.06029957,0.26647273,-0.75287452,0.95754769,1.53463073,-0.08996960,1,0,1,1,0
1104,229791,-0.06552321,0.29295420,-0.71095146,0.79742054,1.65902460,-0.09114555,1,0,1,1,0
1105,230000,-0.07249393,0.29228822,-0.66753820,0.63389219,1.78451775,-0.11445916,1,0,1,1,0
1106,230208,-0.11307693,0.30184848,-0.62138681,0.45129516,1.88257823,-0.10826765,1,0,1,1,0
1107,230416,-0.10714667,0.29159675,-0.56363893,0.32051917,1.97786616,-0.10575960,1,0,1,1,0
1108,230625,-0.12834854,0.30282940,-0.52738181,0.14185783,2.06862554,-0.09781671,1,0,1,1,0
1109,230833,-0.14992689,0.30194590,-0.47873059,-0.01238199,2.17940550,-0.07546505,1,0,1,1,0
1110,231041,-0.15984605,0.29455761,-0.41170391,-0.18570513,2.25462454,-0.08870513,1,0,1,1,0
1111,231250,-0.19005299,0.29972045,-0.36288462,-0.33880664,2.32450251,-0.08289023,1,0,1,1,0
1112,231458,-0.20335888,0.29340495,-0.30145617,-0.49587455,2.38461615,-0.07680029,1,0,1,1,0
1113,231666,-0.21186488,0.28531959,-0.23837358,-0.66365055,2.41615928,-0.06903912,1,0,1,1,0
1114,231875,-0.22981180,0.28529757,-0.18119537,-0.81296270,2.47769395,-0.07069680,1,0,1,1,1
1115,232083,-0.24660139,0.27067073,-0.11569557,-0.97573939,2.47509088,-0.06488664,1,0,1,1,1
1116,232291,-0.24373811,0.26650901,-0.04954561,-1.13776347,2.48326747,-0.04640464,1,0,1,1,1
1117,232500,-0.26002672,0.25760041,0.00708087,-1.25550563,2.49172944,-0.05045266,1,0,1,1,1
1118,232708,-0.27229980,0.24921523,0.06907905,-1.40128163,2.50856067,-0.04673445,1,0,1,1,1
1119,232916,-0.27573349,0.23187146,0.13682368,-1.53867680,2.47619954,-0.03650615,1,0,1,1,1
1120,233125,-0.28533643,0.22304646,0.18817986,-1.65063781,2.46056190,-0.02457001,1,0,1,1,1
1121,233333,-0.28789126,0.21346205,0.24405563,-1.79519615,2.42522035,-0.01270436,1,0,1,1,1
1122,233541,-0.29354959,0.19457385,0.31097202,-1.88821966,2.35137184,-0.02010781,1,0,1,1,1
1123,233750,-0.30649056,0.18089481,0.37071388,-2.01281831,2.29870400,-0.00725965,1,0,1,1,1
1124,233958,-0.29631772,0.15946488,0.41224897,-2.11613336,2.22556801,-0.01290063,1,0,1,1,1
1125,234166,-0.30247529,0.14810883,0.48634830,-2.16763814,2.16524783,-0.00945514,1,0,1,1,1
1126,234375,-0.30075460,0.13843630,0.52755272,-2.24211746,2.07619122,0.00513643,1,0,1,1,1
1127,234583,-0.29575175,0.10653509,0.58290668,-2.32424441,1.97913568,0.01541143,1,0,1,1,1
1128,234791,-0.29546081,0.09407093,0.63489054,-2.37433084,1.86040940,0.03067600,1,0,1,1,1
1129,235000,-0.29678264,0.07364172,0.67499684,-2.43525708,1.76448531,0.03955299,1,0,1,1,1
1130,235208,-0.28110408,0.06159563,0.71361416,-2.45941152,1.63391625,0.03389571,1,0,1,1,1
1131,235416,-0.27332540,0.04211121,0.75839599,-2.46721367,1.51392902,0.03874227,1,0,1,1,1
1132,235625,-0.27430335,0.02084286,0.80460138,-2.48095276,1.37499894,0.04708668,1,0,1,1,1
1133,235833,-0.26548029,-0.00510655,0.81943533,-2.50353480,1.23190328,0.04566520,1,0,1,1,1
1134,236041,-0.25345324,-0.02333353,0.84858746,-2.50034920,1.09581136,0.05182198,1,0,1,1,1
1135,236250,-0.23427740,-0.03336122,0.87596333,-2.48118594,0.95134645,0.06750663,1,0,1,1,1
1136,236458,-0.22820756,-0.05867778,0.89819297,-2.45868613,0.80057013,0.07326462,1,0,1,1,0
1137,236666,-0.21035423,-0.08397407,0.91902373,-2.41574510,0.61927285,0.07115889,1,0,1,1,0
1138,236875,-0.18719381,-0.09316495,0.94328818,-2.36171443,0.46420749,0.08707440,1,0,1,1,0
1139,237083,-0.18023172,-0.11764093,0.94522465,-2.30085799,0.30128299,0.08086232,1,0,1,1,0
1140,237291,-0.16556194,-0.13755481,0.94506240,-2.24258304,0.13321437,0.07895359,1,0,1,1,0
1141,237500,-0.15075706,-0.15592772,0.95076240,-2.16975852,-0.00169211,0.08810925,1,0,1,1,0
1142,237708,-0.12497230,-0.16789454,0.94825085,-2.05780640,-0.19259433,0.10717781,1,0,1,1,0
1143,237916,-0.11095682,-0.18392287,0.94957854,-1.98374205,-0.34937823,0.09032856,1,0,1,1,0
1144,238125,-0.09574754,-0.20052190,0.92917454,-1.88115118,-0.50032544,0.09275680,1,0,1,1,0
1145,238333,-0.08093433,-0.21004893,0.90923735,-1.74600297,-0.66270131,0.09271823,1,0,1,1,0
1146,238541,-0.06383938,-0.23172905,0.89867263,-1.61914784,-0.80839150,0.09586616,1,0,1,1,0
1147,238750,-0.03344975,-0.24661836,0.86793811,-1.52548065,-0.96504411,0.09733445,1,0,1,1,0
1148,238958,-0.01860623,-0.24294358,0.84686151,-1.37930289,-1.10533034,0.10221081,1,0,1,1,0
1149,239166,0.00478751,-0.26305607,0.81975005,-1.24319295,-1.25218178,0.10445973,1,0,1,1,0
1150,239375,0.01634696,-0.27707639,0.78710525,-1.08438609,-1.40200384,0.10078106,1,0,1,1,0
1151,239583,0.05000270,-0.27917174,0.75202370,-0.94321258,-1.53683972,0.11325063,1,0,1,1,0
1152,239791,0.05678247,-0.28998276,0.71237926,-0.78567377,-1.66071294,0.08867384,1,0,1,1,0
1153,240000,0.07587690,-0.28031787,0.67176255,-0.63466346,-1.78834657,0.10383376,1,0,1,1,0
1154,240208,0.10141294,-0.30172547,0.61283591,-0.46411401,-1.89868807,0.10278891,1,0,1,1,0
1155,240416,0.12061736,-0.29586834,0.57338241,-0.31820747,-1.99504038,0.10978927,1,0,1,1,0
1156,240625,0.12712251,-0.30059896,0.52971385,-0.16148913,-2.11434265,0.10360329,1,0,1,1,0
1157,240833,0.14296195,-0.29791546,0.46451384,0.02440006,-2.17321397,0.09716158,1,0,1,1,0
1158,241041,0.16776207,-0.30357182,0.41731932,0.17708787,-2.25325220,0.07204459,1,0,1,1,0
1159,241250,0.18345832,-0.29573340,0.35385226,0.35142122,-2.31518986,0.08685460,1,0,1,1,0
1160,241458,0.19993568,-0.29363827,0.30325569,0.50241584,-2.38099702,0.06339544,1,0,1,1,0
1161,241666,0.21839845,-0.29200531,0.24347978,0.66672211,-2.41671276,0.05731864,1,0,1,1,0
1162,241875,0.23167907,-0.28528901,0.18171773,0.83234307,-2.46886068,0.06537344,1,0,1,1,1
1163,242083,0.23444213,-0.27482651,0.11686611,0.97255234,-2.46943864,0.04604458,1,0,1,1,1
1164,242291,0.25710419,-0.26664299,0.05220452,1.09887976,-2.49341138,0.04108692,1,0,1,1,1
1165,242500,0.25978988,-0.25994312,-0.00000196,1.26693903,-2.50413346,0.04795521,1,0,1,1,1
1166,242708,0.26686231,-0.24703135,-0.06991738,1.39748689,-2.48642436,0.04121808,1,0,1,1,1
1167,242916,0.28039083,-0.23422625,-0.12926112,1.55531646,-2.48830376,0.03386966,1,0,1,1,1
1168,243125,0.28891483,-0.22764232,-0.18948704,1.64262203,-2.43895479,0.01634231,1,0,1,1,1
1169,243333,0.29136428,-0.21578859,-0.25661928,1.78787676,-2.39853861,0.02229465,1,0,1,1,1
1170,243541,0.29915673,-0.20814342,-0.31043270,1.89099292,-2.35691563,0.03011542,1,0,1,1,1
1171,243750,0.29624629,-0.18282005,-0.36555990,1.99030689,-2.32748263,0.00997234,1,0,1,1,1
1172,243958,0.30974513,-0.16053947,-0.42397932,2.08953231,-2.23756781,0.01659973,1,0,1,1,1
1173,244166,0.29777982,-0.14360654,-0.48209010,2.16574527,-2.17045579,0.01997765,1,0,1,1,1
1174,244375,0.30173218,-0.12826108,-0.53666981,2.25264589,-2.07229919,0.00268792,1,0,1,1,1
1175,244583,0.29764816,-0.11867590,-0.58532373,2.30325921,-1.95721078,-0.00670078,1,0,1,1,1
1176,244791,0.29548608,-0.09086565,-0.63611471,2.38121132,-1.87590987,-0.01648486,1,0,1,1,1
1177,245000,0.28521764,-0.07725708,-0.67180932,2.43637851,-1.76828489,-0.02978380,1,0,1,1,1
1178,245208,0.28565084,-0.05024228,-0.71665818,2.44950424,-1.64484872,-0.02793809,1,0,1,1,1
1179,245416,0.28622210,-0.03675698,-0.75105816,2.48276035,-1.51789696,-0.04139498,1,0,1,1,1
1180,245625,0.26008128,-0.01825098,-0.79267246,2.51127016,-1.38827512,-0.02885683,1,0,1,1,1
1181,245833,0.26135846,0.00589284,-0.82470708,2.50150344,-1.24656372,-0.04706544,1,0,1,1,1
1182,246041,0.24842278,0.02619760,-0.85526591,2.50621961,-1.10461879,-0.05371346,1,0,1,1,1
1183,246250,0.24350435,0.04602380,-0.87009672,2.47777018,-0.95177380,-0.05920650,1,0,1,1,1
1184,246458,0.23250623,0.06418879,-0.90326379,2.44736357,-0.81197749,-0.06674270,1,0,1,1,0
1185,246666,0.21022865,0.07932886,-0.91875556,2.41481897,-0.62382917,-0.08631534,1,0,1,1,0
1186,246875,0.19670342,0.09658284,-0.92844926,2.34234203,-0.47003751,-0.06280060,1,0,1,1,0
1187,247083,0.19013641,0.11569432,-0.93934131,2.31217081,-0.29685393,-0.10089877,1,0,1,1,0
1188,247291,0.17455953,0.12253703,-0.94400925,2.23202044,-0.15122252,-0.08512606,1,0,1,1,0
1189,247500,0.15902389,0.14613316,-0.95600266,2.16823512,0.01196172,-0.08870472,1,0,1,1,0
1190,247708,0.12766343,0.16472824,-0.95210912,2.07278214,0.17786699,-0.08956034,1,0,1,1,0
1191,247916,0.10956225,0.18855643,-0.94605750,1.97814211,0.33313567,-0.11445844,1,0,1,1,0
1192,248125,0.10001829,0.20083102,-0.93394580,1.86836544,0.48575018,-0.08540208,1,0,1,1,0
1193,248333,0.08007315,0.22320649,-0.91549305,1.78875067,0.66955765,-0.09234626,1,0,1,1,0
1194,248541,0.05708938,0.22775136,-0.89617478,1.63719020,0.81869212,-0.09444513,1,0,1,1,0
1195,248750,0.04395389,0.23349104,-0.87050415,1.52433633,0.96658534,-0.10491730,1,0,1,1,0
1196,248958,0.01233887,0.25606280,-0.85592009,1.40322537,1.11576129,-0.09141533,1,0,1,1,0
1197,249166,-0.00494052,0.26665314,-0.82750876,1.22911092,1.26008047,-0.11669825,1,0,1,1,0
1198,249375,-0.02299671,0.27286906,-0.77686225,1.07923301,1.40814187,-0.08784277,1,0,1,1,0
1199,249583,-0.03834996,0.27621323,-0.75484781,0.94840829,1.52639766,-0.08179923,1,0,1,1,0
1200,249791,-0.05435863,0.29373967,-0.70496743,0.78152162,1.64873337,-0.08338621,1,0,1,1,0
1201,250000,-0.11395550,0.30417598,-0.70557030,0.73002972,1.78396621,-0.04909361,1,0,1,1,0
1202,250208,-0.14112427,0.29722124,-0.65957388,0.56926474,1.89255236,-0.03680346,1,0,1,1,0
1203,250416,-0.15006412,0.32154769,-0.61384221,0.39516401,1.98434562,-0.04232026,1,0,1,1,0
1204,250625,-0.17365451,0.32268002,-0.56886467,0.24355057,2.05479557,-0.08152186,1,0,1,1,0
1205,250833,-0.19605144,0.31263087,-0.52007300,0.07089769,2.11867046,-0.05629449,1,0,1,1,0
1206,251041,-0.22316111,0.34064069,-0.46256770,-0.08112624,2.18947619,-0.04054738,1,0,1,1,0
1207,251249,-0.24391508,0.34720751,-0.40926550,-0.24026828,2.22216292,-0.06111413,1,0,1,1,0
1208,251458,-0.26645000,0.34758267,-0.34383401,-0.38732444,2.24313273,-0.05841026,1,0,1,1,0
1209,251666,-0.28154358,0.35228290,-0.29008466,-0.53097632,2.26254440,-0.05343637,1,0,1,1,0
1210,251875,-0.30752682,0.36315645,-0.21818242,-0.67306437,2.23531442,-0.04229737,1,0,1,1,0
1211,252083,-0.34429922,0.36571637,-0.16618077,-0.80421805,2.22188369,-0.03704150,1,0,1,1,0
1212,252291,-0.36050600,0.38018306,-0.09752584,-0.91158336,2.18832708,-0.05772767,1,0,1,1,0
1213,252500,-0.39083571,0.37386546,-0.04038836,-1.04478989,2.13216146,-0.04845766,1,0,1,1,0
1214,252708,-0.42434070,0.36730733,0.02232004,-1.13837122,2.06541444,-0.04346663,1,0,1,1,0
1215,252916,-0.44768217,0.36920909,0.08869841,-1.22346375,1.98832871,-0.05038660,1,0,1,1,0
1216,253125,-0.46913797,0.36337056,0.14790926,-1.26216507,1.90566631,-0.03450279,1,0,1,1,0
1217,253333,-0.51016606,0.36077182,0.20613682,-1.32062091,1.80213221,-0.02269794,1,0,1,1,0
1218,253541,-0.52966097,0.36246463,0.27218146,-1.36475070,1.71157664,-0.02947919,1,0,1,1,0
1219,253749,-0.56071926,0.34152435,0.33167777,-1.38840618,1.61238180,-0.04000612,1,0,1,1,0
1220,253958,-0.57786456,0.32678089,0.38771640,-1.38924640,1.47089189,-0.02907073,1,0,1,1,0
1221,254166,-0.61047925,0.30765670,0.44671181,-1.40912233,1.38538066,-0.01199321,1,0,1,1,0
1222,254375,-0.62616931,0.29169579,0.50213742,-1.38054892,1.22228847,-0.00959307,1,0,1,1,0
1223,254583,-0.64554901,0.25204933,0.55610109,-1.34809089,1.12343186,-0.00863482,1,0,1,1,0
1224,254791,-0.65902650,0.23873104,0.60719292,-1.32409791,1.00679971,-0.00721528,1,0,1,1,0
1225,255000,-0.67249073,0.20332747,0.65630283,-1.27806589,0.86799419,0.00999339,1,0,1,1,0
1226,255208,-0.67490189,0.17003129,0.69355173,-1.20954061,0.75923682,0.00362671,1,0,1,1,0
1227,255416,-0.68983878,0.12073185,0.73483707,-1.17648948,0.63850272,0.02979686,1,0,1,1,0
1228,255625,-0.68192937,0.08412977,0.78006949,-1.09016501,0.54007815,0.02899666,1,0,1,1,0
1229,255833,-0.68087090,0.03530101,0.81412522,-1.05054456,0.44923533,0.03797348,1,0,1,1,0
1230,256041,-0.67088192,-0.01462106,0.85058627,-0.97609281,0.36076694,0.06073560,1,0,1,1,0
1231,256249,-0.66991668,-0.06708254,0.88099518,-0.90609263,0.25408039,0.05573128,1,0,1,1,0
1232,256458,-0.64258928,-0.11978378,0.89690440,-0.80919534,0.19828485,0.07932220,1,0,1,1,0
1233,256666,-0.61324727,-0.17574661,0.92739686,-0.75047643,0.09349974,0.06329778,1,0,1,1,0
1234,256875,-0.59080450,-0.24397574,0.94407226,-0.68176586,0.05506495,0.06730736,1,0,1,1,0
1235,257083,-0.55816109,-0.29537820,0.95377806,-0.59774920,-0.01341907,0.07377581,1,0,1,1,0
1236,257291,-0.52154082,-0.35023931,0.95979042,-0.54194106,-0.06405162,0.09727683,1,0,1,1,0
1237,257500,-0.47831858,-0.41315199,0.95457454,-0.48254814,-0.09182256,0.10091936,1,0,1,1,0
1238,257708,-0.44082254,-0.45747302,0.96168291,-0.42594869,-0.12085836,0.10660458,1,0,1,1,0
1239,257916,-0.38751296,-0.52599359,0.95611488,-0.37125389,-0.14123263,0.09677040,1,0,1,1,0
1240,258125,-0.33879818,-0.57189309,0.94908615,-0.31393066,-0.16601824,0.08513449,1,0,1,1,0
1241,258333,-0.28681305,-0.62604505,0.93492964,-0.27117327,-0.19106477,0.11809167,1,0,1,1,0
1242,258541,-0.21450752,-0.68431624,0.91650979,-0.22299767,-0.19264763,0.10389433,1,0,1,1,0
1243,258749,-0.15419389,-0.73087234,0.89065607,-0.19984125,-0.21129444,0.10822691,1,0,1,1,0
1244,258958,-0.08938670,-0.77908742,0.86934798,-0.18363196,-0.20876995,0.09840758,1,0,1,1,0
1245,259166,-0.02369229,-0.81894463,0.84259009,-0.16604989,-0.22753790,0.11577357,1,0,1,1,0
1246,259375,0.03563957,-0.85329457,0.81152223,-0.13216532,-0.24612612,0.08919803,1,0,1,1,0
1247,259583,0.09730596,-0.87795488,0.76563713,-0.12368666,-0.20889265,0.10693688,1,0,1,1,0
1248,259791,0.17064349,-0.90940530,0.73345470,-0.11869051,-0.22162967,0.11778690,1,0,1,1,0
1249,260000,0.23377537,-0.93296671,0.68729367,-0.08928463,-0.23825250,0.10561346,0,0,0,0,0
1250,260208,0.30616375,-0.93450549,0.63907813,-0.09216283,-0.22809060,0.09282024,0,0,0,0,0
1251,260416,0.35615277,-0.95135652,0.58470694,-0.08361937,-0.24222957,0.09432544,0,0,0,0,0
1252,260625,0.42573309,-0.96322505,0.54260722,-0.06021360,-0.26527852,0.10008511,0,0,0,0,0
1253,260833,0.47509869,-0.96575755,0.47847402,-0.05467608,-0.28990889,0.08331624,0,0,0,0,0
1254,261041,0.53385486,-0.95392979,0.42609246,-0.03400805,-0.28708058,0.08346874,0,0,0,0,0
1255,261249,0.58723609,-0.95079891,0.37041336,-0.04183325,-0.27918144,0.05832821,0,0,0,0,0
1256,261458,0.63541903,-0.93747181,0.31778004,-0.03316327,-0.30277850,0.06319011,0,0,0,0,0
1257,261666,0.68670001,-0.92766135,0.24952708,-0.02217788,-0.30494100,0.05831773,0,0,0,0,0
1258,261875,0.74041285,-0.91193267,0.18017964,0.01976013,-0.29300213,0.03964235,0,0,0,0,0
1259,262083,0.78228021,-0.88743688,0.12493001,0.02675372,-0.29688619,0.03213413,0,0,0,0,0
1260,262291,0.82156381,-0.85456647,0.06242398,-0.00030164,-0.28907935,0.01037507,0,0,0,0,0
1261,262500,0.85564108,-0.82719045,-0.00700434,0.01808111,-0.28158207,0.00340655,0,0,0,0,0
1262,262708,0.89069415,-0.79693250,-0.06338672,0.03568363,-0.28425790,0.00488185,0,0,0,0,0
1263,262916,0.91576992,-0.75421707,-0.13457979,0.04462765,-0.30033595,-0.02468486,0,0,0,0,0
1264,263125,0.93843668,-0.72322322,-0.20486149,0.05985728,-0.27322245,-0.04484469,0,0,0,0,0
1265,263333,0.95843932,-0.67109565,-0.26877635,0.06683244,-0.28386855,-0.03733339,0,0,0,0,0
1266,263541,0.96419127,-0.62663565,-0.32463014,0.06537081,-0.28134725,-0.05176816,0,0,0,0,0
1267,263750,0.98437780,-0.56426610,-0.38098108,0.07854210,-0.26549797,-0.07744060,0,0,0,0,0
1268,263958,0.99214233,-0.52234527,-0.43831220,0.07533053,-0.28582321,-0.09484904,0,0,0,0,0
1269,264166,0.99416158,-0.45263146,-0.50103575,0.09797293,-0.25054296,-0.10295311,0,0,0,0,0
1270,264375,0.99116253,-0.40507951,-0.55100196,0.10245470,-0.26277220,-0.09923132,0,0,0,0,0
1271,264583,0.99251108,-0.34059613,-0.61098336,0.06945717,-0.23770253,-0.13090691,0,0,0,0,0
1272,264791,0.97305733,-0.29364799,-0.65704253,0.08302963,-0.23321801,-0.11228641,0,0,0,0,0
1273,265000,0.96627412,-0.22054760,-0.69979570,0.10675910,-0.22213448,-0.15357280,0,0,0,0,0
1274,265208,0.95026162,-0.16281659,-0.74541311,0.09155913,-0.20547458,-0.16241994,0,0,0,0,0
1275,265416,0.92080181,-0.09773367,-0.78806935,0.09712442,-0.20901700,-0.17602836,0,0,0,0,0
1276,265625,0.89525171,-0.03489171,-0.81856712,0.09383601,-0.18308885,-0.18006475,0,0,0,0,0
1277,265833,0.87058075,0.02353636,-0.85144390,0.08202352,-0.16774237,-0.16871374,0,0,0,0,0
1278,266041,0.83277435,0.09237097,-0.87378796,0.10240213,-0.16781725,-0.20335269,0,0,0,0,0
1279,266250,0.79206536,0.15129648,-0.91312987,0.10413583,-0.13776475,-0.20467460,0,0,0,0,0
1280,266458,0.75830443,0.21924999,-0.93430565,0.11087138,-0.12208185,-0.20068398,0,0,0,0,0
1281,266666,0.71387354,0.28363500,-0.94061515,0.10292732,-0.09185048,-0.20859147,0,0,0,0,0
1282,266875,0.66700833,0.33668146,-0.96051444,0.10212425,-0.08704664,-0.23824007,0,0,0,0,0
1283,267083,0.62187879,0.39762266,-0.96898640,0.10565261,-0.07008456,-0.24130197,0,0,0,0,0
1284,267291,0.56809653,0.46953661,-0.97401246,0.08367605,-0.04523565,-0.22482255,0,0,0,0,0
1285,267500,0.50585864,0.51849213,-0.96903885,0.08112110,-0.04388314,-0.25545879,0,0,0,0,0
1286,267708,0.44865569,0.57230359,-0.96773023,0.08573938,-0.03397107,-0.22936022,0,0,0,0,0
1287,267916,0.38886928,0.61683138,-0.96790667,0.07663764,-0.01317159,-0.26747348,0,0,0,0,0
1288,268125,0.33604768,0.66876295,-0.94829791,0.08700709,-0.00222628,-0.25976807,0,0,0,0,0
1289,268333,0.27388862,0.72420673,-0.94093985,0.05173978,0.00922908,-0.27059911,0,0,0,0,0
1290,268541,0.21113304,0.76397189,-0.90819277,0.05865616,0.03082914,-0.22850387,0,0,0,0,0
1291,268750,0.14788973,0.80591344,-0.88758911,0.04038016,0.04337629,-0.25925764,0,0,0,0,0
1292,268958,0.08366738,0.83454398,-0.86395819,0.03041578,0.04822404,-0.26311613,0,0,0,0,0
1293,269166,0.01765622,0.87505153,-0.83142125,0.03632471,0.09075403,-0.23083537,0,0,0,0,0
1294,269375,-0.03768048,0.89372904,-0.80054321,-0.01427818,0.08420762,-0.24751094,0,0,0,0,0
1295,269583,-0.11298697,0.91390768,-0.75546655,-0.01486538,0.09639971,-0.25068111,0,0,0,0,0
1296,269791,-0.17759116,0.94654418,-0.71848735,-0.03429211,0.11261741,-0.23798161,0,0,0,0,0
1297,270000,-0.24402761,0.96834195,-0.67348619,-0.02824653,0.14483530,-0.23733487,0,0,0,0,0
1298,270208,-0.29851043,0.98272554,-0.61709887,-0.04401584,0.12196477,-0.22563685,0,0,0,0,0
1299,270416,-0.35987272,1.00073613,-0.57180543,-0.04869146,0.12378064,-0.23819593,0,0,0,0,0
1300,270625,-0.41265633,0.99281317,-0.51386030,-0.07091400,0.16224161,-0.22967158,0,0,0,0,0
1301,270833,-0.47805293,0.98854764,-0.45626524,-0.07217214,0.17728441,-0.20696638,0,0,0,0,0
1302,271041,-0.52272974,0.99376156,-0.40221954,-0.10206241,0.16660917,-0.21538375,0,0,0,0,0
1303,271250,-0.57841344,0.97398316,-0.34461032,-0.09276909,0.17549324,-0.19609344,0,0,0,0,0
1304,271458,-0.63436089,0.96629225,-0.27755670,-0.14023964,0.18130383,-0.17642187,0,0,0,0,0
1305,271666,-0.67421282,0.94475548,-0.22090144,-0.10875418,0.21228325,-0.16251619,0,0,0,0,0
1306,271875,-0.71471873,0.93135414,-0.15431406,-0.13289076,0.20841185,-0.14227350,0,0,0,0,0
1307,272083,-0.76761402,0.91654727,-0.08285004,-0.14678752,0.22579257,-0.13288996,0,0,0,0,0
1308,272291,-0.79444955,0.87937552,-0.02617112,-0.14969660,0.20548767,-0.12952286,0,0,0,0,0
1309,272500,-0.83284412,0.84760811,0.04470238,-0.16152510,0.21911084,-0.11739118,0,0,0,0,0
1310,272708,-0.85943267,0.80733457,0.10973021,-0.18389744,0.22506753,-0.10850016,0,0,0,0,0
1311,272916,-0.89147838,0.77270911,0.17902136,-0.17429275,0.22035762,-0.07830061,0,0,0,0,0
1312,273125,-0.91549258,0.72925181,0.23571078,-0.19657938,0.20990743,-0.06790550,0,0,0,0,0
1313,273333,-0.92942749,0.67997449,0.29649862,-0.20034747,0.24060624,-0.03437108,0,0,0,0,0
1314,273541,-0.95090835,0.62567902,0.36066392,-0.20017055,0.23143541,-0.03292047,0,0,0,0,0
1315,273750,-0.95515889,0.58195138,0.42438954,-0.20835603,0.22636602,-0.01746520,0,0,0,0,0
1316,273958,-0.96324275,0.53237492,0.48838316,-0.21913578,0.22210128,-0.01395890,0,0,0,0,0
1317,274166,-0.96792558,0.47932636,0.52931843,-0.20444748,0.23267414,-0.00480846,0,0,0,0,0
1318,274375,-0.97057523,0.41923422,0.60155722,-0.24036254,0.20829323,0.01663113,0,0,0,0,0
1319,274583,-0.96048535,0.34902969,0.66060291,-0.23703626,0.21441965,0.02974831,0,0,0,0,0
1320,274791,-0.94690816,0.28338359,0.69968316,-0.23484977,0.19754725,0.05088355,0,0,0,0,0
1321,275000,-0.92609072,0.22598578,0.75645198,-0.21931311,0.16424160,0.07737440,0,0,0,0,0
1322,275208,-0.91491626,0.15765516,0.79712177,-0.22180916,0.17062972,0.09531171,0,0,0,0,0
1323,275416,-0.88907287,0.09828616,0.82609731,-0.21487926,0.16903594,0.10044039,0,0,0,0,0
1324,275625,-0.87009142,0.03432491,0.87262659,-0.22281820,0.15901226,0.11286496,0,0,0,0,0
1325,275833,-0.83024829,-0.03999285,0.90377191,-0.19039427,0.13738847,0.10623469,0,0,0,0,0
1326,276041,-0.80328620,-0.09728555,0.93201081,-0.22628520,0.13490739,0.13099341,0,0,0,0,0
1327,276250,-0.75007410,-0.16692572,0.96534533,-0.20544678,0.12884796,0.15703453,0,0,0,0,0
1328,276458,-0.71417820,-0.23105395,0.98588093,-0.20949689,0.13142704,0.17097762,0,0,0,0,0
1329,276666,-0.66518616,-0.29948531,0.99437082,-0.20380316,0.09689434,0.16112714,0,0,0,0,0
1330,276875,-0.62271971,-0.35087960,1.01437856,-0.19564047,0.08541851,0.17941082,0,0,0,0,0
1331,277083,-0.56232085,-0.42850311,1.01357402,-0.20378378,0.07053136,0.19704136,0,0,0,0,0
1332,277291,-0.52396303,-0.47797882,1.03003351,-0.18307389,0.07638883,0.18908720,0,0,0,0,0
1333,277500,-0.45527902,-0.53708286,1.02705685,-0.18890021,0.06989362,0.20591428,0,0,0,0,0
1334,277708,-0.40236318,-0.59496963,1.02054307,-0.16450003,0.06242668,0.24440930,0,0,0,0,0
1335,277916,-0.34289061,-0.64639488,1.01227704,-0.16817327,0.04034372,0.24750717,0,0,0,0,0
1336,278125,-0.28647289,-0.70429279,1.00251853,-0.14338144,0.03175557,0.22951598,0,0,0,0,0
1337,278333,-0.21932174,-0.75122982,0.99142782,-0.13990240,0.01057022,0.24807763,0,0,0,0,0
1338,278541,-0.15205946,-0.79109802,0.96762993,-0.12447032,-0.01025134,0.24722338,0,0,0,0,0
1339,278750,-0.09871589,-0.83754907,0.94380910,-0.11243607,-0.01192022,0.25140827,0,0,0,0,0
1340,278958,-0.03549371,-0.87453089,0.92309506,-0.10685338,-0.00545204,0.24992338,0,0,0,0,0
1341,279166,0.04188071,-0.90007537,0.88884018,-0.07857868,-0.02020597,0.25022149,0,0,0,0,0
1342,279375,0.09942819,-0.92980532,0.85187592,-0.07588017,-0.02978125,0.25088042,0,0,0,0,0
1343,279583,0.15509569,-0.96726537,0.80730826,-0.05641466,-0.02801764,0.26259612,0,0,0,0,0
1344,279791,0.22241051,-0.99090404,0.77063358,-0.03342267,-0.06233199,0.26548233,0,0,0,0,0
1345,280000,0.28536392,-1.01723246,0.72416821,-0.02620137,-0.06400122,0.26851620,0,0,0,0,0
1346,280208,0.35150576,-1.01970591,0.67877860,0.00545693,-0.08866702,0.28078921,0,0,0,0,0
1347,280416,0.40507519,-1.02600749,0.62902798,0.01694038,-0.09920707,0.27896338,0,0,0,0,0
1348,280625,0.47055326,-1.03828085,0.57791784,0.03549901,-0.09455331,0.25807450,0,0,0,0,0
1349,280833,0.52883585,-1.03432054,0.50911120,0.03907968,-0.07971025,0.22560213,0,0,0,0,0
1350,281041,0.58182527,-1.03067609,0.45483046,0.06398950,-0.09642773,0.21836282,0,0,0,0,0
1351,281250,0.63270973,-1.02132251,0.38875497,0.07512036,-0.10689288,0.23612110,0,0,0,0,0
1352,281458,0.68475643,-1.01466126,0.32084926,0.10775013,-0.10806426,0.23389945,0,0,0,0,0
1353,281666,0.72723158,-0.99778718,0.26260134,0.08151636,-0.10497535,0.22319634,0,0,0,0,0
1354,281875,0.77355198,-0.98089551,0.20764593,0.11335559,-0.11338289,0.18808480,0,0,0,0,0
1355,282083,0.81013130,-0.95492696,0.13416620,0.13337886,-0.11726908,0.19207843,0,0,0,0,0
1356,282291,0.84113531,-0.93497511,0.07188739,0.13191383,-0.12722161,0.18175636,0,0,0,0,0
1357,282500,0.88299779,-0.89658754,0.00374522,0.14951875,-0.12057139,0.17841217,0,0,0,0,0
1358,282708,0.91594766,-0.86439774,-0.07440486,0.17519955,-0.12170869,0.16071130,0,0,0,0,0
1359,282916,0.94226494,-0.81829254,-0.13450146,0.17226496,-0.12868088,0.15567233,0,0,0,0,0
1360,283125,0.96453446,-0.76749117,-0.19376948,0.19454302,-0.12354639,0.14493491,0,0,0,0,0
1361,283333,0.97154780,-0.72520256,-0.26106449,0.20799122,-0.12361215,0.11008794,0,0,0,0,0
1362,283541,0.99506876,-0.68112200,-0.32394371,0.21769687,-0.10799291,0.09199904,0,0,0,0,0
1363,283750,1.00927826,-0.63365823,-0.39972484,0.22914393,-0.10947328,0.08485117,0,0,0,0,0
1364,283958,1.00276343,-0.57843271,-0.45318331,0.22877016,-0.12155609,0.07370871,0,0,0,0,0
1365,284166,1.00369299,-0.52096043,-0.50956355,0.23877647,-0.11247938,0.07322086,0,0,0,0,0
1366,284375,1.01060540,-0.46516062,-0.55584789,0.26304400,-0.10586370,0.06411871,0,0,0,0,0
1367,284583,0.99773600,-0.39792210,-0.62447007,0.24248953,-0.09283572,0.05915112,0,0,0,0,0
1368,284791,0.98951267,-0.33780486,-0.66695676,0.26299585,-0.08157788,0.03018746,0,0,0,0,0
1369,285000,0.96593871,-0.28513826,-0.72206519,0.25884673,-0.08870002,0.01085739,0,0,0,0,0
1370,285208,0.95505400,-0.20932242,-0.75919204,0.26523256,-0.08717818,0.01468670,0,0,0,0,0
1371,285416,0.92283755,-0.14733577,-0.80855472,0.26018816,-0.04865847,-0.01595940,0,0,0,0,0
1372,285625,0.89187510,-0.08990655,-0.84390232,0.26423217,-0.04489465,-0.01382808,0,0,0,0,0
1373,285833,0.85501702,-0.00689518,-0.88049106,0.26313952,-0.04412375,-0.01613850,0,0,0,0,0
1374,286041,0.81672466,0.04720687,-0.92545415,0.26164569,-0.02836106,-0.04386474,0,0,0,0,0
1375,286250,0.79294832,0.12370363,-0.94212309,0.27732283,-0.01157828,-0.06456285,0,0,0,0,0
1376,286458,0.73966087,0.17624215,-0.96589300,0.27729080,-0.00869703,-0.04372034,0,0,0,0,0
1377,286666,0.70077444,0.24348807,-0.98079172,0.26306844,0.00817816,-0.06512713,0,0,0,0,0
1378,286875,0.65429455,0.30480042,-0.99783918,0.26891993,0.01345526,-0.08679066,0,0,0,0,0
1379,287083,0.59996539,0.36884279,-1.00779127,0.25340576,0.03825048,-0.07418760,0,0,0,0,0
1380,287291,0.53778169,0.43445634,-1.01695719,0.25277674,0.05174860,-0.11495305,0,0,0,0,0
1381,287500,0.47625145,0.49063009,-1.01081776,0.22841698,0.05935943,-0.08638210,0,0,0,0,0
1382,287708,0.42767065,0.53967321,-1.00748048,0.25916164,0.07316897,-0.11458170,0,0,0,0,0
1383,287916,0.36698749,0.59439910,-1.01317421,0.23953684,0.05773082,-0.12532724,0,0,0,0,0
1384,288125,0.30814096,0.65220323,-1.00516820,0.22435073,0.08550615,-0.14054706,0,0,0,0,0
1385,288333,0.23022021,0.69658431,-0.98334255,0.22079761,0.10014597,-0.13232568,0,0,0,0,0
1386,288541,0.17649855,0.74079421,-0.96103004,0.18280399,0.10399089,-0.12532213,0,0,0,0,0
1387,288750,0.11563951,0.78655041,-0.94634642,0.19404874,0.10591056,-0.13467778,0,0,0,0,0
1388,288958,0.03999539,0.82530074,-0.92233319,0.16287517,0.13867716,-0.12988684,0,0,0,0,0
1389,289166,-0.01555411,0.85572320,-0.88371704,0.18049382,0.13844693,-0.14501317,0,0,0,0,0
1390,289375,-0.08904681,0.89249544,-0.84892429,0.16990103,0.13370197,-0.14100269,0,0,0,0,0
1391,289583,-0.15523700,0.92926055,-0.79899499,0.12936492,0.15532813,-0.14255945,0,0,0,0,0
1392,289791,-0.22852871,0.93901424,-0.76773297,0.13532779,0.14241887,-0.16568783,0,0,0,0,0
1393,290000,-0.28066517,0.96681694,-0.72651002,0.11309335,0.16234867,-0.14425797,0,0,0,0,0
1394,290208,-0.34709469,0.98046969,-0.67383390,0.08652037,0.15146583,-0.14053869,0,0,0,0,0
1395,290416,-0.40289010,0.99714868,-0.61978352,0.11367402,0.17970264,-0.14436133,0,0,0,0,0
1396,290625,-0.46417470,1.00857002,-0.58071330,0.06147498,0.16235286,-0.14368828,0,0,0,0,0
1397,290833,-0.52530049,1.01019078,-0.52117489,0.07038905,0.18782887,-0.15213064,0,0,0,0,0
1398,291041,-0.57836807,0.99271628,-0.47279749,0.03760037,0.19628357,-0.13416839,0,0,0,0,0
1399,291250,-0.64479287,0.99173860,-0.40551711,0.01324398,0.21338885,-0.14647782,0,0,0,0,0
1400,291458,-0.68807180,0.98413238,-0.34824162,0.01593711,0.18653028,-0.13711217,0,0,0,0,0
1401,291666,-0.74369618,0.97975705,-0.28541487,0.01347041,0.20166036,-0.11530221,0,0,0,0,0
1402,291875,-0.77574077,0.94049927,-0.22266382,-0.02303091,0.17314682,-0.11368489,0,0,0,0,0
1403,292083,-0.82501903,0.93046232,-0.15644899,-0.02129059,0.21397819,-0.09531498,0,0,0,0,0
1404,292291,-0.86101965,0.90955023,-0.09371383,-0.03483600,0.21136328,-0.07854833,0,0,0,0,0
1405,292500,-0.88776491,0.86947427,-0.02598528,-0.04970561,0.18714655,-0.07619362,0,0,0,0,0
1406,292708,-0.92631787,0.84851496,0.04555926,-0.03812200,0.17974829,-0.07176456,0,0,0,0,0
1407,292916,-0.95164058,0.79960555,0.09874035,-0.08163742,0.18693260,-0.04693812,0,0,0,0,0
1408,293125,-0.98510728,0.76374708,0.16852313,-0.07510638,0.19587596,-0.03837544,0,0,0,0,0
1409,293333,-0.99484405,0.72463747,0.24044550,-0.10588119,0.17601598,-0.03878977,0,0,0,0,0
1410,293541,-1.01539963,0.67209116,0.29489069,-0.11751774,0.16551748,-0.03226232,0,0,0,0,0
1411,293750,-1.03584940,0.61546319,0.35764814,-0.11293946,0.17572732,-0.01471764,0,0,0,0,0
1412,293958,-1.03330349,0.57346829,0.41483527,-0.12122144,0.17904726,0.00799022,0,0,0,0,0
1413,294166,-1.02775890,0.51795530,0.47326149,-0.12314245,0.17570989,0.01830972,0,0,0,0,0
1414,294375,-1.03817655,0.45403033,0.53531486,-0.13907709,0.14545396,0.02664097,0,0,0,0,0
1415,294583,-1.01957593,0.39618784,0.58131486,-0.16033441,0.12992869,0.03234084,0,0,0,0,0
1416,294791,-1.00896809,0.33019852,0.63262904,-0.15733658,0.12231912,0.04157885,0,0,0,0,0
1417,295000,-0.99059918,0.27650217,0.67643234,-0.14859160,0.13147208,0.03811562,0,0,0,0,0
1418,295208,-0.97255685,0.19952286,0.72473306,-0.16477202,0.10359947,0.06358446,0,0,0,0,0
1419,295416,-0.95641004,0.14382100,0.76644905,-0.18315777,0.09018654,0.07634340,0,0,0,0,0
1420,295625,-0.92855285,0.08552882,0.79812923,-0.16069389,0.07250391,0.05790595,0,0,0,0,0
1421,295833,-0.89786141,0.01637809,0.84174973,-0.17166488,0.03224233,0.08527415,0,0,0,0,0
1422,296041,-0.85674668,-0.04607347,0.87069338,-0.15648498,0.04608698,0.09998215,0,0,0,0,0
1423,296250,-0.82200500,-0.11629184,0.89999662,-0.16057046,0.03275797,0.10572046,0,0,0,0,0
1424,296458,-0.77971163,-0.17248240,0.92618514,-0.20133962,0.02693928,0.10467236,0,0,0,0,0
1425,296666,-0.73035869,-0.23572339,0.94173428,-0.17796388,0.00238185,0.10402442,0,0,0,0,0
1426,296875,-0.69591021,-0.30246015,0.95204586,-0.16751272,-0.00771380,0.14107280,0,0,0,0,0
1427,297083,-0.63251173,-0.35501968,0.96482937,-0.17082654,-0.02827734,0.13432348,0,0,0,0,0
1428,297291,-0.57668673,-0.41312465,0.97054659,-0.18638815,-0.02953408,0.13768791,0,0,0,0,0
1429,297500,-0.53104513,-0.47860518,0.98343388,-0.17113543,-0.04752609,0.13954757,0,0,0,0,0
1430,297708,-0.46016513,-0.52728932,0.97116111,-0.17796750,-0.05913245,0.15970366,0,0,0,0,0
1431,297916,-0.40668518,-0.58860529,0.96318999,-0.15384357,-0.09002609,0.17811286,0,0,0,0,0
1432,298125,-0.34663011,-0.63477060,0.95278766,-0.15355856,-0.08895381,0.16596172,0,0,0,0,0
1433,298333,-0.27671827,-0.68445306,0.93251928,-0.12576042,-0.10204795,0.14073213,0,0,0,0,0
1434,298541,-0.21767394,-0.73305841,0.91711507,-0.13830980,-0.11925785,0.15884488,0,0,0,0,0
1435,298750,-0.14226133,-0.76836505,0.90084624,-0.12832159,-0.13888252,0.15780395,0,0,0,0,0
1436,298958,-0.07379009,-0.81561067,0.86552040,-0.14491349,-0.13055299,0.14681673,0,0,0,0,0
1437,299166,-0.00919584,-0.84306276,0.84658602,-0.09844416,-0.15495125,0.16127014,0,0,0,0,0
1438,299375,0.03997588,-0.86840912,0.80721197,-0.10556745,-0.15747263,0.17682036,0,0,0,0,0
1439,299583,0.11456770,-0.89374125,0.75916485,-0.10273669,-0.17201856,0.16422020,0,0,0,0,0
1440,299791,0.18096108,-0.91835462,0.72976749,-0.08249166,-0.17787906,0.15987681,0,0,0,0,0
1441,300000,0.23158308,-0.94298405,0.68089399,-0.06541265,-0.18999636,0.14854498,0,0,0,0,0
1442,300208,0.29041312,-0.95127184,0.64690064,-0.03527920,-0.21233990,0.14080499,0,0,0,0,0
1443,300416,0.36424131,-0.96466778,0.59248202,-0.03795943,-0.22455800,0.14166713,0,0,0,0,0
1444,300625,0.41627352,-0.96831545,0.53646571,-0.02211115,-0.22314624,0.14513720,0,0,0,0,0
1445,300833,0.49016519,-0.97661744,0.48172280,-0.02480606,-0.23199570,0.12843184,0,0,0,0,0
1446,301041,0.53674658,-0.96753841,0.42660869,0.01944979,-0.24292919,0.12128228,0,0,0,0,0
1447,301250,0.59015764,-0.96265740,0.37406888,-0.00229598,-0.23566956,0.11273025,0,0,0,0,0
1448,301458,0.64327069,-0.95340380,0.30509746,0.01138604,-0.24944608,0.11081942,0,0,0,0,0
1449,301666,0.68803898,-0.93550417,0.23820388,0.00757424,-0.23473354,0.08280352,0,0,0,0,0
1450,301875,0.73145679,-0.90865427,0.18207959,0.03295528,-0.24111450,0.07832133,0,0,0,0,0
1451,302083,0.77472291,-0.89003761,0.11407944,0.04925105,-0.23750443,0.06652706,0,0,0,0,0
1452,302291,0.81504710,-0.87188503,0.05310776,0.06469979,-0.25976866,0.05034493,0,0,0,0,0
1453,302500,0.85265015,-0.82796263,-0.01137292,0.07063251,-0.26407995,0.03844735,0,0,0,0,0
1454,302708,0.88369529,-0.79289346,-0.06864485,0.08570794,-0.26771106,0.02328381,0,0,0,0,0
1455,302916,0.91905087,-0.76227209,-0.13964476,0.07596342,-0.26210590,0.02020377,0,0,0,0,0
1456,303125,0.93769741,-0.71527148,-0.21021142,0.08594645,-0.24584069,-0.00804040,0,0,0,0,0
1457,303333,0.95058907,-0.68226563,-0.27181263,0.11662910,-0.25421416,-0.01667186,0,0,0,0,0
1458,303541,0.96980368,-0.62858259,-0.33011723,0.12484770,-0.25794678,-0.04602002,0,0,0,0,0
1459,303750,0.97448694,-0.58011057,-0.39695253,0.12537189,-0.22223489,-0.04974754,0,0,0,0,0
1460,303958,0.98131392,-0.52197466,-0.44828096,0.12922034,-0.23739669,-0.03850921,0,0,0,0,0
1461,304166,0.99836601,-0.46771437,-0.50308494,0.11993505,-0.24593374,-0.07024224,0,0,0,0,0
1462,304375,0.98242321,-0.41685467,-0.55558088,0.14493630,-0.23353915,-0.04333323,0,0,0,0,0
1463,304583,0.98327314,-0.34044843,-0.61970198,0.13144681,-0.22821989,-0.09661552,0,0,0,0,0
1464,304791,0.97481743,-0.28433089,-0.65501708,0.14507923,-0.22366944,-0.08600495,0,0,0,0,0
1465,305000,0.95640328,-0.22201165,-0.70824611,0.13225932,-0.20269661,-0.10971115,0,0,0,0,0
1466,305208,0.93943179,-0.16035985,-0.74723749,0.14658969,-0.20145638,-0.12646697,0,0,0,0,0
1467,305416,0.92064935,-0.09912060,-0.80314806,0.14503811,-0.18303916,-0.13187146,0,0,0,0,0
1468,305625,0.89372878,-0.03885128,-0.83045590,0.14677043,-0.17955784,-0.13284408,0,0,0,0,0
1469,305833,0.86568043,0.03312302,-0.86010490,0.15350661,-0.14405134,-0.14979876,0,0,0,0,0
1470,306041,0.82469128,0.09263312,-0.88731830,0.13618733,-0.12594177,-0.16308493,0,0,0,0,0
1471,306250,0.78930408,0.15886892,-0.91321539,0.12628903,-0.11575888,-0.19279171,0,0,0,0,0
1472,306458,0.75228352,0.21260325,-0.94727905,0.13283653,-0.10102974,-0.20427862,0,0,0,0,0
1473,306666,0.69255460,0.27923578,-0.96091541,0.14278395,-0.09796132,-0.18903543,0,0,0,0,0
1474,306875,0.66410420,0.34601678,-0.96797618,0.14467682,-0.08294928,-0.22583660,0,0,0,0,0
1475,307083,0.61899520,0.40257006,-0.98340992,0.14053571,-0.07154952,-0.21234206,0,0,0,0,0
1476,307291,0.56129711,0.45302126,-0.98331279,0.13544249,-0.03035564,-0.22444841,0,0,0,0,0
1477,307500,0.49622348,0.51766490,-0.98447841,0.12050959,-0.04373326,-0.22337840,0,0,0,0,0
1478,307708,0.44024142,0.56138995,-0.99736517,0.10324062,-0.03102212,-0.22343711,0,0,0,0,0
1479,307916,0.37963019,0.63499640,-0.97212536,0.12109114,-0.02337298,-0.24025335,0,0,0,0,0
1480,308125,0.31914128,0.67752105,-0.96817084,0.08876843,0.01329074,-0.24467039,0,0,0,0,0
1481,308333,0.25868413,0.72209468,-0.94373318,0.10190047,0.02441695,-0.23807983,0,0,0,0,0
1482,308541,0.19414651,0.76607607,-0.92976463,0.07855804,0.01746747,-0.23843611,0,0,0,0,0
1483,308750,0.12548590,0.79982169,-0.90204089,0.05627485,0.03124691,-0.23666540,0,0,0,0,0
1484,308958,0.06523837,0.85606159,-0.87464458,0.06542170,0.05412370,-0.24489306,0,0,0,0,0
1485,309166,0.00816558,0.87643506,-0.83669297,0.04838038,0.06636236,-0.25142402,0,0,0,0,0
1486,309375,-0.05166376,0.90793152,-0.80763371,0.02464221,0.06232916,-0.24091747,0,0,0,0,0
1487,309583,-0.13098171,0.93308284,-0.76920790,0.01586789,0.09867637,-0.24385762,0,0,0,0,0
1488,309791,-0.18734013,0.96067138,-0.72379429,0.00134406,0.11247763,-0.24516067,0,0,0,0,0
1489,310000,-0.25461075,0.97635781,-0.67986749,-0.00931220,0.10148633,-0.25441760,0,0,0,0,0
1490,310208,-0.31710856,0.98876245,-0.63107882,-0.00975982,0.13634006,-0.22815000,0,0,0,0,0
1491,310416,-0.37381059,0.99929505,-0.58490888,-0.02039794,0.13311188,-0.23848987,0,0,0,0,0
1492,310625,-0.42999663,1.00088467,-0.52261254,-0.03603973,0.14139760,-0.21063221,0,0,0,0,0
1493,310833,-0.47995146,1.00985540,-0.47954671,-0.06300288,0.15375657,-0.20496378,0,0,0,0,0
1494,311041,-0.54937974,1.00858215,-0.40967643,-0.07908364,0.15855633,-0.19666133,0,0,0,0,0
1495,311250,-0.59477985,0.99289822,-0.34692455,-0.07947104,0.17717730,-0.18720171,0,0,0,0,0
1496,311458,-0.65014011,0.96799677,-0.30463007,-0.09560769,0.19610096,-0.19906756,0,0,0,0,0
1497,311666,-0.68906107,0.97267425,-0.23489645,-0.11774026,0.16685042,-0.17345181,0,0,0,0,0
1498,311875,-0.73215786,0.94432635,-0.17210585,-0.11563424,0.18462941,-0.16998717,0,0,0,0,0
1499,312083,-0.77546654,0.92707702,-0.10367891,-0.14009675,0.17676584,-0.15005428,0,0,0,0,0
1500,312291,-0.81448969,0.89295381,-0.03772362,-0.13211777,0.18004485,-0.13488224,0,0,0,0,0
1501,312500,-0.84565354,0.85987683,0.02791821,-0.15698487,0.18503325,-0.11399311,0,0,0,0,0
1502,312708,-0.87681164,0.82207612,0.10065916,-0.16775791,0.19170629,-0.10881058,0,0,0,0,0
1503,312916,-0.90540808,0.78057317,0.16039296,-0.17926481,0.19582304,-0.07673264,0,0,0,0,0
1504,313125,-0.93226201,0.74191143,0.22987396,-0.17958459,0.19307863,-0.09606081,0,0,0,0,0
1505,313333,-0.94755905,0.70130502,0.29436411,-0.18583464,0.19326365,-0.08190827,0,0,0,0,0
1506,313541,-0.95928395,0.64401531,0.35506336,-0.19270795,0.18171584,-0.05211383,0,0,0,0,0
1507,313750,-0.96610283,0.59440953,0.41875088,-0.20564151,0.19706364,-0.04173454,0,0,0,0,0
1508,313958,-0.96758345,0.55008371,0.47183902,-0.19431147,0.19371508,-0.00440429,0,0,0,0,0
1509,314166,-0.97505497,0.47917572,0.52653330,-0.19975027,0.19052245,-0.00715100,0,0,0,0,0
1510,314375,-0.96379995,0.42365522,0.59001827,-0.21461340,0.17641415,0.01450382,0,0,0,0,0
1511,314583,-0.96906520,0.35483298,0.65463337,-0.21407123,0.15958508,0.01785832,0,0,0,0,0
1512,314791,-0.94678432,0.30617131,0.69838050,-0.22178714,0.16497243,0.03044069,0,0,0,0,0
1513,315000,-0.94083137,0.24067874,0.73848154,-0.21344579,0.15647559,0.04350000,0,0,0,0,0
1514,315208,-0.92068811,0.16872211,0.78651590,-0.21709206,0.13324810,0.05316788,0,0,0,0,0
1515,315416,-0.89956064,0.10408301,0.82041641,-0.21730943,0.12979475,0.07563462,0,0,0,0,0
1516,315625,-0.86860250,0.04778691,0.86474372,-0.21028490,0.14517356,0.08237629,0,0,0,0,0
1517,315833,-0.84149045,-0.01931037,0.89398807,-0.21334365,0.12025639,0.08599747,0,0,0,0,0
1518,316041,-0.81086892,-0.08792855,0.93261482,-0.22689086,0.10644312,0.10034455,0,0,0,0,0
1519,316250,-0.77086027,-0.14807008,0.94808955,-0.21794531,0.09093323,0.11829713,0,0,0,0,0
1520,316458,-0.71611557,-0.21330452,0.98411850,-0.20852833,0.06860486,0.14827855,0,0,0,0,0
1521,316666,-0.67456632,-0.28239245,0.98763513,-0.22581966,0.07178935,0.14728208,0,0,0,0,0
1522,316875,-0.62496348,-0.33928195,1.01508706,-0.19076150,0.03936533,0.16776863,0,0,0,0,0
1523,317083,-0.57911688,-0.40021656,1.01510110,-0.20287060,0.05617257,0.16625147,0,0,0,0,0
1524,317291,-0.51656819,-0.46534739,1.02421200,-0.19317517,0.04472897,0.17516553,0,0,0,0,0
1525,317500,-0.47004384,-0.52564722,1.02489024,-0.19401784,0.03131349,0.19353538,0,0,0,0,0
1526,317708,-0.40845776,-0.57477785,1.02434122,-0.18125686,0.00902528,0.17715608,0,0,0,0,0
1527,317916,-0.34828330,-0.63235933,1.00722023,-0.17253926,0.00167916,0.19113646,0,0,0,0,0
1528,318125,-0.27846799,-0.68714485,0.99711232,-0.16474218,-0.00633033,0.17876117,0,0,0,0,0
1529,318333,-0.23070102,-0.73976068,0.98705377,-0.14651849,0.00210384,0.20011013,0,0,0,0,0
1530,318541,-0.15811465,-0.78526086,0.95939881,-0.14082078,-0.02940908,0.21785741,0,0,0,0,0
1531,318750,-0.09428183,-0.81671530,0.93509708,-0.13169120,-0.04407504,0.22027109,0,0,0,0,0
1532,318958,-0.02517377,-0.85483603,0.91680435,-0.12191661,-0.05176095,0.23639191,0,0,0,0,0
1533,319166,0.03765933,-0.89842692,0.88114487,-0.08595313,-0.05505744,0.22108815,0,0,0,0,0
1534,319375,0.09024621,-0.92380005,0.85211032,-0.10222402,-0.06636490,0.23947666,0,0,0,0,0
1535,319583,0.16699970,-0.95481911,0.80109180,-0.08503407,-0.08005391,0.23006693,0,0,0,0,0
1536,319791,0.21828146,-0.98039125,0.76406860,-0.06089230,-0.06715835,0.22021556,0,0,0,0,0
1537,320000,0.27912843,-0.98958636,0.72244574,-0.05333462,-0.10144791,0.21613555,0,0,0,0,0
1538,320208,0.34799301,-1.00951365,0.67699466,-0.03060240,-0.10093529,0.24124519,0,0,0,0,0
1539,320416,0.39781805,-1.02155289,0.61589054,-0.02148070,-0.10615344,0.22275349,0,0,0,0,0
1540,320625,0.46685002,-1.01480606,0.57077877,0.00535795,-0.11781934,0.21165059,0,0,0,0,0
1541,320833,0.51806518,-1.02671118,0.50879454,0.01042189,-0.12567115,0.20652716,0,0,0,0,0
1542,321041,0.58037576,-1.03295830,0.46150939,0.03732854,-0.13279059,0.22229960,0,0,0,0,0
1543,321250,0.62857029,-1.01333900,0.39685028,0.03803276,-0.13259076,0.20187511,0,0,0,0,0
1544,321458,0.67273581,-1.00122556,0.33528018,0.07365859,-0.13713052,0.18237166,0,0,0,0,0
1545,321666,0.72999071,-0.98468515,0.27087758,0.07535791,-0.14863859,0.17515059,0,0,0,0,0
1546,321875,0.77415972,-0.97485889,0.20290090,0.08615988,-0.16291639,0.16459041,0,0,0,0,0
1547,322083,0.80967180,-0.94539746,0.13679914,0.12750113,-0.15912681,0.16282197,0,0,0,0,0
1548,322291,0.84991576,-0.92001725,0.06525473,0.11903653,-0.13878225,0.16697603,0,0,0,0,0
1549,322500,0.88148659,-0.88697340,0.00518608,0.13024146,-0.13496565,0.12414452,0,0,0,0,0
1550,322708,0.91138699,-0.85608992,-0.05782055,0.15108517,-0.16255436,0.12497895,0,0,0,0,0
1551,322916,0.95015697,-0.81956184,-0.13035064,0.15450559,-0.16428780,0.12620653,0,0,0,0,0
1552,323125,0.96538938,-0.77014052,-0.20226413,0.15241145,-0.14060779,0.09903786,0,0,0,0,0
1553,323333,0.99331680,-0.72657251,-0.25918021,0.16369094,-0.15249293,0.09220175,0,0,0,0,0
1554,323541,0.99449281,-0.67938137,-0.30638665,0.19246036,-0.14766630,0.07722725,0,0,0,0,0
1555,323750,1.00710881,-0.62516259,-0.38347250,0.20346827,-0.15937378,0.04325139,0,0,0,0,0
1556,323958,1.00881118,-0.57561562,-0.44239217,0.17744172,-0.15862354,0.04840773,0,0,0,0,0
1557,324166,1.00893630,-0.51245433,-0.49678444,0.20694046,-0.12359277,0.02916966,0,0,0,0,0
1558,324375,1.01455550,-0.45601526,-0.55989286,0.19886586,-0.12944221,0.03734875,0,0,0,0,0
1559,324583,1.00565779,-0.39482278,-0.61107002,0.20984799,-0.11086018,0.02903580,0,0,0,0,0
1560,324791,0.98727133,-0.33497835,-0.65967718,0.21414956,-0.09915873,0.00872360,0,0,0,0,0
1561,325000,0.97640976,-0.27471350,-0.70669201,0.21193898,-0.10599326,0.00062602,0,0,0,0,0
1562,325208,0.94624392,-0.20740977,-0.75643683,0.22188682,-0.09565634,-0.02367391,0,0,0,0,0
1563,325416,0.92761305,-0.14278907,-0.80019761,0.23996105,-0.08074229,-0.01601589,0,0,0,0,0
1564,325625,0.90471043,-0.07955328,-0.84269117,0.24335811,-0.05833958,-0.03521922,0,0,0,0,0
1565,325833,0.87584239,-0.01515782,-0.87056384,0.23467925,-0.06227558,-0.06074949,0,0,0,0,0
1566,326041,0.84186435,0.05383237,-0.90539876,0.22576870,-0.05473884,-0.08237221,0,0,0,0,0
1567,326250,0.78932428,0.11897677,-0.92861808,0.24181415,-0.02883503,-0.06241940,0,0,0,0,0
1568,326458,0.75250352,0.19015233,-0.95456441,0.22615080,-0.00262962,-0.09709433,0,0,0,0,0
1569,326666,0.70852999,0.24120596,-0.97260379,0.23204039,0.01576431,-0.08974873,0,0,0,0,0
1570,326875,0.65431626,0.31510851,-0.98712384,0.24260565,0.01186605,-0.09576995,0,0,0,0,0
1571,327083,0.60319602,0.38079454,-0.99048971,0.23218446,0.00243705,-0.12168377,0,0,0,0,0
1572,327291,0.54334613,0.43630162,-1.00626066,0.22946910,0.03027276,-0.10006402,0,0,0,0,0
1573,327500,0.48949411,0.49903427,-1.00945444,0.20272634,0.04785832,-0.13339699,0,0,0,0,0
1574,327708,0.43061103,0.53758860,-1.01275709,0.22576816,0.04580588,-0.13960584,0,0,0,0,0
1575,327916,0.37266248,0.59914128,-0.99552650,0.21329987,0.07693513,-0.13797213,0,0,0,0,0
1576,328125,0.30754141,0.64941207,-0.98444446,0.19329184,0.06768522,-0.14408415,0,0,0,0,0
1577,328333,0.24925297,0.69642574,-0.96849166,0.19001226,0.08991156,-0.15306089,0,0,0,0,0
1578,328541,0.17666791,0.74074992,-0.94944533,0.18377047,0.10779117,-0.15225428,0,0,0,0,0
1579,328750,0.11640735,0.78427887,-0.93165250,0.15760082,0.10582886,-0.14605408,0,0,0,0,0
1580,328958,0.04795125,0.82236950,-0.89936729,0.14113571,0.10764494,-0.16171431,0,0,0,0,0
1581,329166,-0.00568102,0.85854065,-0.87376413,0.12845593,0.13522198,-0.16318850,0,0,0,0,0
1582,329375,-0.08345125,0.88404253,-0.84175374,0.13570930,0.13570480,-0.17927968,0,0,0,0,0
1583,329583,-0.15019689,0.91712574,-0.80476456,0.11635389,0.14915880,-0.17225838,0,0,0,0,0
1584,329791,-0.21350983,0.94681458,-0.75536053,0.10344668,0.14894209,-0.17689468,0,0,0,0,0
1585,330000,-0.27527322,0.96624705,-0.71839178,0.08553830,0.14499339,-0.15037391,0,0,0,0,0
1586,330208,-0.33439050,0.98038132,-0.67335995,0.06339038,0.17135540,-0.15430172,0,0,0,0,0
1587,330416,-0.39941169,0.98468363,-0.61937977,0.06615928,0.17749623,-0.15281826,0,0,0,0,0
1588,330625,-0.44771947,0.98730714,-0.56286726,0.04836877,0.17037871,-0.15255172,0,0,0,0,0
1589,330833,-0.51179783,0.98971336,-0.51198727,0.03287376,0.20852025,-0.14292641,0,0,0,0,0
1590,331041,-0.56476258,0.98532941,-0.46407909,0.02942321,0.20410817,-0.12934244,0,0,0,0,0
1591,331250,-0.61842273,0.97934780,-0.39599758,0.02365608,0.19296479,-0.12486763,0,0,0,0,0
1592,331458,-0.68173199,0.97895584,-0.33296385,-0.00736989,0.21553208,-0.13305560,0,0,0,0,0
1593,331666,-0.72482100,0.96864904,-0.26916306,-0.03385576,0.17926416,-0.13417354,0,0,0,0,0
1594,331875,-0.77290534,0.93860860,-0.20689597,-0.03067095,0.21885299,-0.11602342,0,0,0,0,0
1595,332083,-0.81233595,0.91362425,-0.14100077,-0.05817627,0.20411576,-0.10579742,0,0,0,0,0
1596,332291,-0.85311255,0.89045451,-0.08739287,-0.06546710,0.20101648,-0.07659207,0,0,0,0,0
1597,332500,-0.87821528,0.85697717,-0.01738150,-0.05571653,0.20275443,-0.06477894,0,0,0,0,0
1598,332708,-0.90789278,0.82925115,0.04834065,-0.07186650,0.19976617,-0.03756602,0,0,0,0,0
1599,332916,-0.94782992,0.79282110,0.12251536,-0.07848236,0.20955042,-0.06059884,0,0,0,0,0
1600,333125,-0.96318452,0.74820185,0.17994761,-0.08397972,0.20776387,-0.03512305,0,0,0,0,0
1601,333333,-0.98741760,0.71371217,0.25098363,-0.12102270,0.18149258,-0.01572158,0,0,0,0,0
1602,333541,-0.99983873,0.65911307,0.31271788,-0.12360946,0.19683194,-0.00422903,0,0,0,0,0
1603,333750,-1.01081843,0.59748307,0.36420311,-0.10240955,0.18827398,-0.01471305,0,0,0,0,0
1604,333958,-1.01570782,0.56296214,0.42447294,-0.12228166,0.19292693,0.01893155,0,0,0,0,0
1605,334166,-1.02090715,0.50385832,0.48091490,-0.12634983,0.17105186,0.02399320,0,0,0,0,0
1606,334375,-1.01638671,0.45076343,0.53838784,-0.14344218,0.16222674,0.03442420,0,0,0,0,0
1607,334583,-1.01291481,0.38171525,0.58543981,-0.16305340,0.16474580,0.05420242,0,0,0,0,0
1608,334791,-0.99639851,0.32659414,0.63713225,-0.15032741,0.14180169,0.04300044,0,0,0,0,0
1609,335000,-0.99033217,0.25484295,0.68760531,-0.15546646,0.14864636,0.06271028,0,0,0,0,0
1610,335208,-0.96673665,0.19621094,0.73802387,-0.16779247,0.11755357,0.05819134,0,0,0,0,0
1611,335416,-0.93452888,0.13604249,0.77337090,-0.16574184,0.10990886,0.09169062,0,0,0,0,0
1612,335625,-0.90427360,0.06972962,0.80971029,-0.16510403,0.11502915,0.08730872,0,0,0,0,0
1613,335833,-0.88757520,0.00696350,0.84677012,-0.16867527,0.07742094,0.09405106,0,0,0,0,0
1614,336041,-0.85682554,-0.06042744,0.87495269,-0.15443677,0.07633312,0.09888228,0,0,0,0,0
1615,336250,-0.81769660,-0.11713227,0.90615523,-0.18390733,0.06182566,0.13252407,0,0,0,0,0
1616,336458,-0.76602912,-0.18960529,0.93827948,-0.16125726,0.04750096,0.13525071,0,0,0,0,0
1617,336666,-0.72540475,-0.25004332,0.94647555,-0.16921890,0.02433216,0.15592384,0,0,0,0,0
1618,336875,-0.67290953,-0.31536815,0.95777341,-0.15799939,0.03284142,0.16365085,0,0,0,0,0
1619,337083,-0.62541950,-0.39172324,0.97462563,-0.17526856,0.00531967,0.16311568,0,0,0,0,0
1620,337291,-0.57043995,-0.43095619,0.97229367,-0.16131988,-0.01978433,0.15042265,0,0,0,0,0
1621,337500,-0.50982539,-0.48441578,0.97406267,-0.17811627,-0.03508382,0.16119431,0,0,0,0,0
1622,337708,-0.45719585,-0.54653550,0.97227588,-0.14985440,-0.04963591,0.17043052,0,0,0,0,0
1623,337916,-0.40170974,-0.59724985,0.96214861,-0.14578088,-0.04768562,0.18552331,0,0,0,0,0
1624,338125,-0.33106226,-0.63547467,0.96187499,-0.13459733,-0.05974827,0.20044541,0,0,0,0,0
1625,338333,-0.26823050,-0.69740403,0.94153188,-0.13777498,-0.07954132,0.18274431,0,0,0,0,0
1626,338541,-0.21750339,-0.73112876,0.91423528,-0.12339178,-0.09577881,0.17006208,0,0,0,0,0
1627,338750,-0.14592821,-0.76731473,0.90472787,-0.09789538,-0.12446806,0.19022126,0,0,0,0,0
1628,338958,-0.07999346,-0.80818423,0.86772011,-0.09692085,-0.12637441,0.19108162,0,0,0,0,0
1629,339166,-0.00938445,-0.84845269,0.84426103,-0.08713226,-0.11052950,0.17946843,0,0,0,0,0
1630,339375,0.05421626,-0.87431259,0.81166822,-0.09341142,-0.14199593,0.19026719,0,0,0,0,0
1631,339583,0.11040844,-0.90854167,0.76910214,-0.07759095,-0.15729116,0.17332393,0,0,0,0,0
1632,339791,0.17447096,-0.93227219,0.72754556,-0.05322026,-0.15713281,0.17008152,0,0,0,0,0
1633,340000,0.24425331,-0.95107319,0.68648536,-0.04975239,-0.16403182,0.19325337,0,0,0,0,0
1634,340208,0.30838132,-0.96231713,0.64268311,-0.05247830,-0.18805226,0.17470746,0,0,0,0,0
1635,340416,0.36231317,-0.97134110,0.59302440,-0.02349065,-0.18379397,0.18460517,0,0,0,0,0
1636,340625,0.42315207,-0.97202473,0.53371898,-0.01974704,-0.18694126,0.16060650,0,0,0,0,0
1637,340833,0.49322689,-0.98349951,0.48765154,0.00670888,-0.19549282,0.15621116,0,0,0,0,0
1638,341041,0.53941372,-0.97584377,0.42281901,0.00637718,-0.21404258,0.15909614,0,0,0,0,0
1639,341250,0.58871983,-0.97749743,0.35817196,0.02081717,-0.21736409,0.12418395,0,0,0,0,0
1640,341458,0.65171306,-0.95376087,0.30121681,0.03420316,-0.23507887,0.13385694,0,0,0,0,0
1641,341666,0.68577771,-0.93972822,0.24152095,0.06101115,-0.23358890,0.11639201,0,0,0,0,0
1642,341875,0.73331526,-0.92130780,0.17611006,0.06479841,-0.21019975,0.09844081,0,0,0,0,0
1643,342083,0.77820205,-0.89920490,0.10432582,0.06958878,-0.24369200,0.08922288,0,0,0,0,0
1644,342291,0.82031038,-0.88090341,0.04090009,0.08863994,-0.25656945,0.08574726,0,0,0,0,0
1645,342500,0.85088617,-0.84410949,-0.02205221,0.06488346,-0.22424701,0.07936207,0,0,0,0,0
1646,342708,0.88635137,-0.80558241,-0.07643105,0.10074566,-0.24253178,0.07125413,0,0,0,0,0
1647,342916,0.90208665,-0.75801312,-0.15068293,0.11556454,-0.23395842,0.04032754,0,0,0,0,0
1648,343125,0.94006311,-0.72608633,-0.20842041,0.12208160,-0.25136595,0.03608013,0,0,0,0,0
1649,343333,0.95881618,-0.68661289,-0.27263605,0.11914932,-0.23441573,0.03415909,0,0,0,0,0
1650,343541,0.95130907,-0.63490099,-0.33553244,0.13679120,-0.22896389,0.00366853,0,0,0,0,0
1651,343750,0.97214020,-0.58394123,-0.39534457,0.13953263,-0.22415315,-0.00250605,0,0,0,0,0
1652,343958,0.98308915,-0.52927921,-0.45117541,0.15810907,-0.21172917,-0.02631553,0,0,0,0,0
1653,344166,0.98311587,-0.48129500,-0.51113494,0.14583489,-0.22067781,-0.01646234,0,0,0,0,0
1654,344375,0.98283312,-0.41740934,-0.56483982,0.17508672,-0.21618534,-0.04809136,0,0,0,0,0
1655,344583,0.98394904,-0.35398023,-0.61608300,0.15442641,-0.20129792,-0.07643296,0,0,0,0,0
1656,344791,0.96895374,-0.29592463,-0.67280917,0.16069790,-0.19093348,-0.06169679,0,0,0,0,0
1657,345000,0.95071424,-0.23583522,-0.71771588,0.15632845,-0.18051830,-0.07472032,0,0,0,0,0
1658,345208,0.93756070,-0.16531616,-0.77126254,0.15423643,-0.18429636,-0.08322463,0,0,0,0,0
1659,345416,0.91223339,-0.10274597,-0.80678723,0.15615307,-0.14356293,-0.12043604,0,0,0,0,0
1660,345625,0.88802094,-0.03908033,-0.83104369,0.17298990,-0.12740417,-0.12184864,0,0,0,0,0
1661,345833,0.86295774,0.02397966,-0.87065394,0.17751038,-0.10834015,-0.14771471,0,0,0,0,0
1662,346041,0.81412962,0.08840549,-0.89631705,0.14737450,-0.11226339,-0.16591363,0,0,0,0,0
1663,346250,0.78578131,0.15652976,-0.91842959,0.16007752,-0.11623220,-0.15878413,0,0,0,0,0
1664,346458,0.72913754,0.22318194,-0.95139745,0.16062285,-0.08701822,-0.16507073,0,0,0,0,0
1665,346666,0.69481134,0.27609941,-0.95709124,0.16494757,-0.08500005,-0.17960199,0,0,0,0,0
1666,346875,0.65304672,0.34423950,-0.98409723,0.15180451,-0.05511573,-0.18255818,0,0,0,0,0
1667,347083,0.60333514,0.40619127,-0.98697496,0.16743810,-0.04776862,-0.18550092,0,0,0,0,0
1668,347291,0.54383968,0.46430385,-1.00321262,0.14898424,-0.04506064,-0.17467909,0,0,0,0,0
1669,347500,0.49137920,0.51583501,-1.00321960,0.16201220,-0.01914308,-0.20633630,0,0,0,0,0
1670,347708,0.43182470,0.56274707,-0.99319194,0.12108207,0.00216616,-0.23123849,0,0,0,0,0
1671,347916,0.37247891,0.61980522,-0.98684867,0.13540781,-0.01237768,-0.23097929,0,0,0,0,0
1672,348125,0.31078044,0.67063894,-0.98026298,0.13500441,0.00518272,-0.22054949,0,0,0,0,0
1673,348333,0.25599346,0.73048423,-0.95801799,0.10425653,0.03422792,-0.22404082,0,0,0,0,0
1674,348541,0.18057255,0.76911137,-0.93053697,0.09797790,0.03076453,-0.22834569,0,0,0,0,0
1675,348750,0.12660525,0.80964380,-0.91031337,0.06333637,0.02308140,-0.20618848,0,0,0,0,0
1676,348958,0.05126446,0.84107370,-0.88435907,0.07708986,0.04465710,-0.23510681,0,0,0,0,0
1677,349166,-0.00234485,0.87918114,-0.85376307,0.06797291,0.08401937,-0.23315714,0,0,0,0,0
1678,349375,-0.06799043,0.91259815,-0.81943418,0.05101661,0.09132874,-0.22479561,0,0,0,0,0
1679,349583,-0.13309855,0.93626192,-0.77254333,0.03365858,0.08451622,-0.23974069,0,0,0,0,0
1680,349791,-0.18193871,0.96168750,-0.74188217,0.02664030,0.09378738,-0.23705081,0,0,0,0,0
1681,350000,-0.25343510,0.97962295,-0.69009214,0.00984845,0.12200076,-0.21618810,0,0,0,0,0
1682,350208,-0.30982611,0.98712019,-0.64570880,-0.00570263,0.10787156,-0.22052155,0,0,0,0,0
1683,350416,-0.38261595,0.99785515,-0.59887487,-0.01885693,0.14572816,-0.21659813,0,0,0,0,0
1684,350625,-0.45143309,1.01115672,-0.53498684,-0.01377770,0.14484039,-0.22629356,0,0,0,0,0
1685,350833,-0.49841898,1.00829213,-0.48203417,-0.04294523,0.14510863,-0.18845939,0,0,0,0,0
1686,351041,-0.54873680,1.00031605,-0.42368343,-0.06568526,0.16717209,-0.17531158,0,0,0,0,0
1687,351250,-0.60456677,1.00204629,-0.36485614,-0.07385308,0.16559831,-0.21403062,0,0,0,0,0
1688,351458,-0.64713301,0.99111331,-0.29830523,-0.06197576,0.16459201,-0.18617839,0,0,0,0,0
1689,351666,-0.69716452,0.96198426,-0.24465552,-0.08326029,0.17604243,-0.17721466,0,0,0,0,0
1690,351875,-0.74301296,0.95013815,-0.17405431,-0.10379765,0.19387616,-0.16255809,0,0,0,0,0
1691,352083,-0.78431517,0.92577614,-0.10512951,-0.10621697,0.16816308,-0.15102696,0,0,0,0,0
1692,352291,-0.82559577,0.89990795,-0.04518061,-0.12515858,0.16981791,-0.14537284,0,0,0,0,0
1693,352500,-0.86069763,0.87580551,0.01316036,-0.14142028,0.19266362,-0.12262747,0,0,0,0,0
1694,352708,-0.89593086,0.82617040,0.09305066,-0.13243474,0.20328325,-0.11855014,0,0,0,0,0
1695,352916,-0.91162158,0.78520284,0.15672525,-0.14655508,0.18576064,-0.09955268,0,0,0,0,0
1696,353125,-0.93997964,0.75333160,0.21709964,-0.16951732,0.20485617,-0.07159436,0,0,0,0,0
1697,353333,-0.94442937,0.70610024,0.27996277,-0.16919528,0.18071477,-0.07423933,0,0,0,0,0
1698,353541,-0.97661288,0.64298976,0.34649862,-0.17572564,0.17241036,-0.04799681,0,0,0,0,0
1699,353750,-0.98872093,0.60541209,0.40609027,-0.18278436,0.19380937,-0.02247371,0,0,0,0,0
1700,353958,-0.97722204,0.53773769,0.46739648,-0.19947011,0.17045618,-0.02187040,0,0,0,0,0
1701,354166,-0.98213216,0.49293898,0.52382448,-0.21043350,0.16669995,-0.00636326,0,0,0,0,0
1702,354375,-0.98616656,0.44221469,0.56707864,-0.19682173,0.17642355,0.01205640,0,0,0,0,0
1703,354583,-0.97995094,0.36957376,0.63425629,-0.19975207,0.15576144,0.01755251,0,0,0,0,0
1704,354791,-0.97095416,0.30700326,0.68139181,-0.20460828,0.16483267,0.02382948,0,0,0,0,0
1705,355000,-0.94626345,0.25093962,0.73262436,-0.21771189,0.13810283,0.04670811,0,0,0,0,0
1706,355208,-0.93020317,0.18796163,0.77040038,-0.21021495,0.14232158,0.04854633,0,0,0,0,0
1707,355416,-0.90336299,0.11844158,0.81805859,-0.21141891,0.13850426,0.05422893,0,0,0,0,0
1708,355625,-0.87840179,0.05688964,0.85813029,-0.23118532,0.11385527,0.08461466,0,0,0,0,0
1709,355833,-0.85116580,-0.01593429,0.88424857,-0.22022563,0.09443644,0.09145794,0,0,0,0,0
1710,356041,-0.81641755,-0.07541996,0.92491017,-0.21423123,0.07599394,0.09784213,0,0,0,0,0
1711,356250,-0.77280212,-0.14431241,0.95201178,-0.21199896,0.08943110,0.13052242,0,0,0,0,0
1712,356458,-0.73679781,-0.21472438,0.96876237,-0.21336741,0.05570161,0.13037081,0,0,0,0,0
1713,356666,-0.68037497,-0.26930370,0.98865155,-0.22910829,0.03537017,0.14647155,0,0,0,0,0
1714,356875,-0.64143834,-0.33715919,0.99678121,-0.19885826,0.05424330,0.14927554,0,0,0,0,0
1715,357083,-0.58161846,-0.39691160,1.01075521,-0.21045789,0.01831571,0.16642819,0,0,0,0,0
1716,357291,-0.53185491,-0.45573435,1.02371904,-0.20985458,0.04101099,0.15919905,0,0,0,0,0
1717,357500,-0.47368792,-0.51452787,1.01809590,-0.18298307,-0.00514348,0.15751149,0,0,0,0,0
1718,357708,-0.41670788,-0.56768937,1.01794988,-0.19702213,-0.00327294,0.17208606,0,0,0,0,0
1719,357916,-0.36177435,-0.62059288,1.01013647,-0.18645922,-0.01768278,0.19231396,0,0,0,0,0
1720,358125,-0.29594808,-0.67680530,0.99276844,-0.16515605,-0.02816626,0.17524196,0,0,0,0,0
1721,358333,-0.23757051,-0.71831937,0.97480670,-0.16417354,-0.02682247,0.19538942,0,0,0,0,0
1722,358541,-0.16521946,-0.76447872,0.95356957,-0.12701310,-0.06329173,0.20197956,0,0,0,0,0
1723,358750,-0.10619118,-0.81073843,0.93425952,-0.13919807,-0.05106361,0.21462932,0,0,0,0,0
1724,358958,-0.03936406,-0.85030021,0.90607078,-0.12600622,-0.07681847,0.21538240,0,0,0,0,0
1725,359166,0.02988892,-0.87907055,0.87940487,-0.10378424,-0.07025485,0.19852007,0,0,0,0,0
1726,359375,0.09215032,-0.91761581,0.84289244,-0.11524223,-0.08776753,0.19989671,0,0,0,0,0
1727,359583,0.15201781,-0.94364323,0.80321946,-0.08208913,-0.07914034,0.23540745,0,0,0,0,0
1728,359791,0.21583651,-0.95994641,0.77314056,-0.06108744,-0.11464206,0.23121710,0,0,0,0,0
1729,360000,0.28872848,-0.98099719,0.72420616,-0.06426316,-0.10445453,0.19747114,0,0,0,0,0
1730,360208,0.34761935,-1.00236591,0.67559173,-0.04100379,-0.13133843,0.19941391,0,0,0,0,0
1731,360416,0.41641878,-1.00637041,0.61302933,-0.03089926,-0.13799459,0.21156041,0,0,0,0,0
1732,360625,0.46597851,-1.01105516,0.56189916,-0.02015480,-0.14487294,0.18424637,0,0,0,0,0
1733,360833,0.52569597,-1.00753243,0.52507512,0.00666595,-0.13285809,0.19126826,0,0,0,0,0
1734,361041,0.57152850,-1.01071338,0.45894489,0.03449357,-0.13932168,0.18636811,0,0,0,0,0
1735,361250,0.63056392,-1.00672797,0.39489894,0.02696456,-0.15608609,0.18451150,0,0,0,0,0
1736,361458,0.67699701,-1.00067635,0.32621227,0.06004466,-0.17424370,0.18353126,0,0,0,0,0
1737,361666,0.71638262,-0.97650020,0.26793318,0.05925967,-0.15123562,0.17909396,0,0,0,0,0
1738,361875,0.76436532,-0.97351741,0.20091717,0.07948859,-0.16244578,0.14814248,0,0,0,0,0
1739,362083,0.81464165,-0.93487269,0.13086581,0.06915188,-0.17757803,0.13727480,0,0,0,0,0
1740,362291,0.85662703,-0.91239378,0.06094598,0.10962625,-0.17301761,0.13924438,0,0,0,0,0
1741,362500,0.88409535,-0.87866551,0.00877096,0.09905100,-0.18077202,0.13276388,0,0,0,0,0
1742,362708,0.92386809,-0.85091565,-0.05855580,0.11577519,-0.18233795,0.10872757,0,0,0,0,0
1743,362916,0.94169311,-0.80702371,-0.12643760,0.12680671,-0.16318391,0.10629744,0,0,0,0,0
1744,363125,0.95920330,-0.77218601,-0.18790478,0.12260157,-0.18165776,0.08424591,0,0,0,0,0
1745,363333,0.97830139,-0.72807604,-0.24849873,0.15997384,-0.17161175,0.07070511,0,0,0,0,0
1746,363541,1.00347422,-0.67444080,-0.31858392,0.15095063,-0.16533360,0.05195030,0,0,0,0,0
1747,363750,1.00706326,-0.61725225,-0.37689078,0.19123385,-0.14242192,0.03184436,0,0,0,0,0
1748,363958,1.01088661,-0.56594948,-0.44137540,0.18248368,-0.15543390,0.02041852,0,0,0,0,0
1749,364166,1.01183205,-0.50347814,-0.49531907,0.18180058,-0.15037004,0.01307152,0,0,0,0,0
1750,364375,1.01789780,-0.45493256,-0.54720197,0.19232382,-0.13708104,0.01314593,0,0,0,0,0
1751,364583,1.00390428,-0.38577076,-0.60906327,0.17760617,-0.14027765,0.00262380,0,0,0,0,0
1752,364791,0.98874562,-0.33080156,-0.65718069,0.19076573,-0.13841410,-0.01394220,0,0,0,0,0
1753,365000,0.97158500,-0.26798894,-0.70539014,0.21306513,-0.12211374,-0.03379798,0,0,0,0,0
1754,365208,0.95526585,-0.19724838,-0.75066544,0.20973922,-0.10467451,-0.03510183,0,0,0,0,0
1755,365416,0.92992962,-0.13888283,-0.78718603,0.21394836,-0.09997310,-0.05770185,0,0,0,0,0
1756,365625,0.90766126,-0.07671686,-0.83398600,0.21534698,-0.07936935,-0.06504570,0,0,0,0,0
1757,365833,0.86510810,-0.00663337,-0.87068721,0.19545928,-0.04039605,-0.07233337,0,0,0,0,0
1758,366041,0.83499261,0.05065425,-0.89427344,0.20142082,-0.06693504,-0.08405479,0,0,0,0,0
1759,366250,0.79186611,0.12576681,-0.91708863,0.21907480,-0.04752989,-0.10599086,0,0,0,0,0
1760,366458,0.75039853,0.18953202,-0.94998225,0.22293576,-0.04061132,-0.10266481,0,0,0,0,0
1761,366666,0.71649779,0.24727732,-0.97261985,0.20624711,-0.00322771,-0.11435644,0,0,0,0,0
1762,366875,0.65869160,0.31034054,-0.98159427,0.21621570,-0.00662559,-0.11060696,0,0,0,0,0
1763,367083,0.60375853,0.37190996,-0.99237665,0.21743496,0.00586505,-0.13578227,0,0,0,0,0
1764,367291,0.54621676,0.43717833,-0.99493742,0.21974822,0.02086382,-0.12680377,0,0,0,0,0
1765,367500,0.49895649,0.48557126,-0.99068118,0.21228304,0.02969426,-0.12748563,0,0,0,0,0
1766,367708,0.43672235,0.54842096,-0.99284673,0.19066680,0.03765123,-0.15189452,0,0,0,0,0
1767,367916,0.38443924,0.58615399,-0.98956472,0.21439082,0.06473266,-0.14684464,0,0,0,0,0
1768,368125,0.32215839,0.64681336,-0.98396105,0.18483523,0.05907881,-0.14006540,0,0,0,0,0
1769,368333,0.25458090,0.69587441,-0.96747014,0.17549466,0.09736534,-0.18002347,0,0,0,0,0
1770,368541,0.18590962,0.73920457,-0.95222053,0.17817890,0.08036343,-0.16954526,0,0,0,0,0
1771,368750,0.12839629,0.78953281,-0.92148466,0.13589059,0.09246786,-0.14529966,0,0,0,0,0
1772,368958,0.05910823,0.82497551,-0.89944632,0.14462890,0.11702035,-0.16455894,0,0,0,0,0
1773,369166,-0.00609891,0.85090454,-0.86300656,0.12064955,0.12867777,-0.16459272,0,0,0,0,0
1774,369375,-0.07212131,0.88220074,-0.82830595,0.11284687,0.12818303,-0.18610707,0,0,0,0,0
1775,369583,-0.13868967,0.91700154,-0.79405260,0.09644167,0.14848368,-0.17028282,0,0,0,0,0
1776,369791,-0.20777308,0.94484412,-0.75508006,0.09167180,0.13567691,-0.16908777,0,0,0,0,0
1777,370000,-0.26149454,0.95873841,-0.70998369,0.06038994,0.14836465,-0.17590787,0,0,0,0,0
1778,370208,-0.32423401,0.98005337,-0.66503915,0.06634449,0.17406272,-0.16569629,0,0,0,0,0
1779,370416,-0.38448211,0.98760342,-0.61698826,0.03826923,0.18127357,-0.18386725,0,0,0,0,0
1780,370625,-0.45678562,0.98955922,-0.55336359,0.05954813,0.18413839,-0.14635510,0,0,0,0,0
1781,370833,-0.50233350,0.98638350,-0.50669522,0.02815350,0.20438980,-0.13781483,0,0,0,0,0
1782,371041,-0.56371656,0.99421319,-0.45088040,-0.00716663,0.19537979,-0.16034663,0,0,0,0,0
1783,371250,-0.61594497,0.98286058,-0.38805317,-0.02354535,0.17848975,-0.13762382,0,0,0,0,0
1784,371458,-0.66699463,0.97168907,-0.32214613,-0.02632529,0.23092143,-0.14004091,0,0,0,0,0
1785,371666,-0.71782548,0.96113848,-0.26722759,-0.02819515,0.21291375,-0.11758777,0,0,0,0,0
1786,371875,-0.75262171,0.94381441,-0.21403152,-0.04865690,0.20739035,-0.11257812,0,0,0,0,0
1787,372083,-0.80708530,0.91872864,-0.13929304,-0.05603861,0.21591911,-0.10353499,0,0,0,0,0
1788,372291,-0.84940342,0.88411509,-0.07006973,-0.05831324,0.20226600,-0.08073494,0,0,0,0,0
1789,372500,-0.88331611,0.85585993,-0.00871652,-0.08668017,0.22443825,-0.06664754,0,0,0,0,0
1790,372708,-0.91130792,0.82181668,0.06250205,-0.08787235,0.20254932,-0.07946582,0,0,0,0,0
1791,372916,-0.94081639,0.79478065,0.12577402,-0.10913558,0.20751595,-0.03735366,0,0,0,0,0
1792,373125,-0.95454311,0.74788599,0.17810516,-0.10417918,0.20262763,-0.03480349,0,0,0,0,0
1793,373333,-0.98528511,0.70547278,0.24771267,-0.12343533,0.20425422,-0.03717587,0,0,0,0,0
1794,373541,-1.00343385,0.65695485,0.32109335,-0.13047261,0.18906256,-0.01280371,0,0,0,0,0
1795,373750,-1.00113488,0.60523243,0.37219811,-0.14697065,0.18629352,-0.00505284,0,0,0,0,0
1796,373958,-1.00778013,0.55191005,0.42795402,-0.12895956,0.18723000,0.01182373,0,0,0,0,0
1797,374166,-1.01414668,0.49644555,0.49096370,-0.14273012,0.18131953,0.02108437,0,0,0,0,0
1798,374375,-1.01009073,0.43126241,0.55238396,-0.17091908,0.17736999,0.02545876,0,0,0,0,0
1799,374583,-1.00945909,0.38244753,0.59906283,-0.14794294,0.16434788,0.03477599,0,0,0,0,0
1800,374791,-0.99477138,0.32984390,0.64538487,-0.17119543,0.14944205,0.04827676,0,0,0,0,0
1801,375000,-0.97983449,0.24811389,0.70500464,-0.17480394,0.15908666,0.05534100,0,0,0,0,0
1802,375208,-0.96333395,0.19039063,0.74120203,-0.15157194,0.13033740,0.08940396,0,0,0,0,0
1803,375416,-0.92657766,0.12257063,0.78181721,-0.15671210,0.14362601,0.08448037,0,0,0,0,0
1804,375625,-0.90527069,0.07287500,0.81267012,-0.18084623,0.10937651,0.09709855,0,0,0,0,0
1805,375833,-0.87528504,-0.00014497,0.85418255,-0.18579615,0.10190952,0.11525422,0,0,0,0,0
1806,376041,-0.84440965,-0.07954857,0.87795649,-0.18156764,0.07174916,0.13495451,0,0,0,0,0
1807,376250,-0.80518399,-0.12889965,0.91086004,-0.18841235,0.07843043,0.12810742,0,0,0,0,0
1808,376458,-0.75937384,-0.19778070,0.94064495,-0.18206025,0.05169348,0.14597887,0,0,0,0,0
1809,376666,-0.71835381,-0.25370242,0.94612091,-0.17029749,0.04732308,0.14859900,0,0,0,0,0
1810,376875,-0.66233147,-0.31590813,0.96284183,-0.19241471,0.02417318,0.15817556,0,0,0,0,0
1811,377083,-0.62328577,-0.37747016,0.98611322,-0.18486275,0.01479629,0.15965631,0,0,0,0,0
1812,377291,-0.56269595,-0.43631527,0.98350785,-0.17967511,-0.00172152,0.16711489,0,0,0,0,0
1813,377500,-0.50885708,-0.48720229,0.97816766,-0.16089233,-0.01749113,0.18228895,0,0,0,0,0
1814,377708,-0.45940792,-0.54967504,0.98360566,-0.15119395,-0.02364735,0.17886397,0,0,0,0,0
1815,377916,-0.39155038,-0.60131711,0.97198681,-0.16074257,-0.02566142,0.17560768,0,0,0,0,0
1816,378125,-0.33161078,-0.65074028,0.96058473,-0.14719815,-0.03794463,0.18647721,0,0,0,0,0
1817,378333,-0.26918870,-0.70648405,0.93766479,-0.12028377,-0.06185236,0.18400432,0,0,0,0,0
1818,378541,-0.21508230,-0.74939934,0.92943270,-0.10936132,-0.07579415,0.19758129,0,0,0,0,0
1819,378750,-0.13485203,-0.78276624,0.90466275,-0.10343851,-0.08987476,0.17828228,0,0,0,0,0
1820,378958,-0.07316071,-0.81657598,0.87984064,-0.11927013,-0.09290073,0.20126590,0,0,0,0,0
1821,379166,-0.00644265,-0.86206143,0.84495566,-0.08289959,-0.11873325,0.20271991,0,0,0,0,0
1822,379375,0.05289937,-0.88430017,0.80724238,-0.09103077,-0.11931719,0.20179528,0,0,0,0,0
1823,379583,0.12184323,-0.92064089,0.76558414,-0.07739894,-0.12757186,0.18737064,0,0,0,0,0
1824,379791,0.18083901,-0.92931599,0.74129078,-0.05984706,-0.14047413,0.19189938,0,0,0,0,0
1825,380000,0.24309048,-0.95932936,0.68227645,-0.02779740,-0.14968503,0.19509991,0,0,0,0,0
1826,380208,0.30106078,-0.96959677,0.63220499,-0.02468221,-0.15020227,0.17850553,0,0,0,0,0
1827,380416,0.36901625,-0.98534702,0.60158379,-0.00865738,-0.18176580,0.17192665,0,0,0,0,0
1828,380625,0.42360668,-0.98334339,0.53459329,-0.01259882,-0.18732180,0.17664467,0,0,0,0,0
1829,380833,0.48553126,-0.98938430,0.48476879,0.00219861,-0.18358409,0.17090165,0,0,0,0,0
1830,381041,0.53481112,-0.98827093,0.41405916,0.02102132,-0.20146958,0.16937244,0,0,0,0,0
1831,381250,0.58534615,-0.97943577,0.37126716,0.04480917,-0.19175207,0.15559656,0,0,0,0,0
1832,381458,0.63953140,-0.96929768,0.30459299,0.03126519,-0.20767735,0.12320234,0,0,0,0,0
1833,381666,0.69712330,-0.95504815,0.24290945,0.05260743,-0.21317128,0.12932690,0,0,0,0,0
1834,381875,0.73802528,-0.93807022,0.18028898,0.06591455,-0.23170907,0.12708866,0,0,0,0,0
1835,382083,0.78475112,-0.90806024,0.11254249,0.06550806,-0.20759377,0.10299649,0,0,0,0,0
1836,382291,0.81684324,-0.87535974,0.04658299,0.09974551,-0.22430904,0.10105399,0,0,0,0,0
1837,382500,0.85145275,-0.84744973,-0.01998923,0.08175862,-0.23164329,0.07487910,0,0,0,0,0
1838,382708,0.88867171,-0.81028942,-0.07535316,0.12216660,-0.22260245,0.06852857,0,0,0,0,0
1839,382916,0.91749470,-0.77483501,-0.13697066,0.11995100,-0.22437801,0.05917864,0,0,0,0,0
1840,383125,0.93950410,-0.73095909,-0.22166574,0.13385031,-0.23650419,0.05924346,0,0,0,0,0
1841,383333,0.95797469,-0.67645129,-0.27217306,0.14779498,-0.21078238,0.02598929,0,0,0,0,0
1842,383541,0.96842780,-0.64073237,-0.33062551,0.13709680,-0.20538673,0.01883302,0,0,0,0,0
1843,383750,0.98537134,-0.58574447,-0.39288935,0.15470191,-0.18917961,-0.00343729,0,0,0,0,0
1844,383958,0.98560753,-0.53865772,-0.45655555,0.16695265,-0.19176707,-0.02097794,0,0,0,0,0
1845,384166,0.98496416,-0.47761799,-0.51775566,0.14970801,-0.19027790,-0.02791542,0,0,0,0,0
1846,384375,0.98542218,-0.42354724,-0.56193048,0.17405264,-0.19187953,-0.04044196,0,0,0,0,0
1847,384583,0.97572192,-0.35681114,-0.63593857,0.18285355,-0.17513869,-0.05192407,0,0,0,0,0
1848,384791,0.97101527,-0.30031039,-0.67123169,0.16912288,-0.17978515,-0.05858172,0,0,0,0,0
1849,385000,0.96583289,-0.23002028,-0.71950957,0.18277604,-0.17051901,-0.07528530,0,0,0,0,0
1850,385208,0.93576881,-0.17161955,-0.75501245,0.17329511,-0.14769602,-0.09600387,0,0,0,0,0
1851,385416,0.91066481,-0.10559845,-0.80624585,0.16956862,-0.14212145,-0.09780546,0,0,0,0,0
1852,385625,0.89173781,-0.05033192,-0.83621644,0.17261251,-0.13649879,-0.10037714,0,0,0,0,0
1853,385833,0.85355299,0.02681037,-0.86758940,0.18579883,-0.09780965,-0.10788903,0,0,0,0,0
1854,386041,0.81626831,0.08888044,-0.90569098,0.16998636,-0.12664247,-0.12280236,0,0,0,0,0
1855,386250,0.78654396,0.15276692,-0.92532349,0.16808824,-0.09438056,-0.13741790,0,0,0,0,0
1856,386458,0.74382323,0.21965844,-0.95370388,0.17778482,-0.07608122,-0.15469814,0,0,0,0,0
1857,386666,0.69539693,0.27573363,-0.97343877,0.19368103,-0.05606600,-0.18173316,0,0,0,0,0
1858,386875,0.64692825,0.34997388,-0.98503803,0.18130858,-0.04677680,-0.18239918,0,0,0,0,0
1859,387083,0.59196598,0.39962640,-0.98815572,0.18045832,-0.03753409,-0.17218315,0,0,0,0,0
1860,387291,0.54446776,0.46021766,-1.00741732,0.17667263,-0.02118199,-0.16859691,0,0,0,0,0
1861,387500,0.48488063,0.52084335,-0.99563072,0.16333703,-0.02595364,-0.20082174,0,0,0,0,0
1862,387708,0.43428112,0.56828632,-0.99662903,0.14977097,-0.00740755,-0.18927635,0,0,0,0,0
1863,387916,0.37441905,0.62718633,-0.99226455,0.13674988,0.00795571,-0.20916249,0,0,0,0,0
1864,388125,0.30721445,0.67309160,-0.98470344,0.11259637,0.01791358,-0.21441914,0,0,0,0,0
1865,388333,0.24971809,0.72220772,-0.96688483,0.11411929,0.04428217,-0.20631730,0,0,0,0,0
1866,388541,0.18302473,0.76860198,-0.94382399,0.09290034,0.05472251,-0.21903152,0,0,0,0,0
1867,388750,0.11255966,0.81246571,-0.91397463,0.10699446,0.06507451,-0.23041068,0,0,0,0,0
1868,388958,0.06144852,0.85292357,-0.88760962,0.07635974,0.07251530,-0.22219170,0,0,0,0,0
1869,389166,-0.01078280,0.87643862,-0.85665483,0.08142343,0.08048097,-0.22352198,0,0,0,0,0
1870,389375,-0.08055580,0.90895348,-0.82344751,0.06778379,0.09645568,-0.23552459,0,0,0,0,0
1871,389583,-0.14564586,0.94625850,-0.78634261,0.05056284,0.09759999,-0.20669959,0,0,0,0,0
1872,389791,-0.19642859,0.96248299,-0.75783252,0.04901452,0.10801717,-0.21579295,0,0,0,0,0
1873,390000,-0.26241452,0.98153856,-0.69693282,0.02519628,0.12129520,-0.22297324,0,0,0,0,0
1874,390208,-0.33252360,0.98891723,-0.65330765,0.02529632,0.12799236,-0.22405822,0,0,0,0,0
1875,390416,-0.39014738,0.99522269,-0.60181791,0.01411541,0.13587992,-0.21073270,0,0,0,0,0
1876,390625,-0.44833716,1.01123812,-0.54921094,-0.03338952,0.14092673,-0.21542581,0,0,0,0,0
1877,390833,-0.51210666,0.99549820,-0.48292505,-0.03869877,0.14550495,-0.19793777,0,0,0,0,0
1878,391041,-0.55205170,1.00743194,-0.42817222,-0.06297612,0.15736287,-0.21337648,0,0,0,0,0
1879,391250,-0.60838459,1.00818784,-0.36612372,-0.03962847,0.16570496,-0.18715016,0,0,0,0,0
1880,391458,-0.66009560,0.98660979,-0.31672363,-0.05882597,0.17023122,-0.15083039,0,0,0,0,0
1881,391666,-0.70853619,0.97425752,-0.23940204,-0.06993315,0.17119516,-0.16370482,0,0,0,0,0
1882,391875,-0.75393691,0.94965342,-0.17815833,-0.08933265,0.18980200,-0.17043223,0,0,0,0,0
1883,392083,-0.79579881,0.92626014,-0.12319107,-0.09255829,0.18473874,-0.12644601,0,0,0,0,0
1884,392291,-0.82504029,0.90198589,-0.04972309,-0.12546331,0.19484355,-0.12252444,0,0,0,0,0
1885,392500,-0.86211827,0.87265137,0.00779320,-0.13418873,0.20183386,-0.11864848,0,0,0,0,0
1886,392708,-0.89799757,0.83001377,0.07360684,-0.13403717,0.17672788,-0.09343691,0,0,0,0,0
1887,392916,-0.91940652,0.78728643,0.14474325,-0.14429161,0.18466703,-0.10437840,0,0,0,0,0
1888,393125,-0.95127171,0.75250708,0.20446639,-0.15412476,0.19447834,-0.08070203,0,0,0,0,0
1889,393333,-0.96410656,0.70805684,0.27259763,-0.16748325,0.17304127,-0.05498051,0,0,0,0,0
1890,393541,-0.97605811,0.65317673,0.33793059,-0.16447951,0.18482869,-0.03213061,0,0,0,0,0
1891,393750,-1.00102724,0.61891150,0.40011615,-0.19489743,0.17936023,-0.04682033,0,0,0,0,0
1892,393958,-0.98643883,0.54389624,0.46345404,-0.20301562,0.17932598,-0.04879465,0,0,0,0,0
1893,394166,-0.99481141,0.49170529,0.51428408,-0.18924222,0.14827157,-0.00339658,0,0,0,0,0
1894,394375,-0.98599531,0.43665811,0.57564650,-0.21075820,0.18791101,0.00724206,0,0,0,0,0
1895,394583,-0.98947874,0.37253720,0.61909055,-0.20350208,0.15737211,0.00755388,0,0,0,0,0
1896,394791,-0.96811056,0.31759699,0.67775729,-0.20736975,0.13511534,0.03218474,0,0,0,0,0
1897,395000,-0.95974013,0.25026085,0.72784691,-0.19710405,0.14482568,0.04384905,0,0,0,0,0
1898,395208,-0.93144229,0.18661277,0.76961711,-0.18672054,0.12647781,0.06191296,0,0,0,0,0
1899,395416,-0.90679326,0.13001973,0.80704602,-0.20079405,0.10178431,0.07554252,0,0,0,0,0
1900,395625,-0.88772026,0.06569912,0.84418744,-0.21324171,0.12283376,0.07175771,0,0,0,0,0
1901,395833,-0.85037969,-0.00516124,0.87604741,-0.22272824,0.09815223,0.09020497,0,0,0,0,0
1902,396041,-0.82530886,-0.07048784,0.90970483,-0.22218947,0.07963135,0.09426537,0,0,0,0,0
1903,396250,-0.77674345,-0.12622317,0.93937670,-0.21410128,0.06941415,0.11748597,0,0,0,0,0
1904,396458,-0.73987591,-0.20773716,0.96064148,-0.20369087,0.05935735,0.11916317,0,0,0,0,0
1905,396666,-0.69388817,-0.25848110,0.97751010,-0.21105524,0.03348866,0.14950794,0,0,0,0,0
1906,396875,-0.64139519,-0.32469069,1.00182570,-0.20682832,0.03786663,0.14255685,0,0,0,0,0
1907,397083,-0.59599271,-0.39098243,1.00565477,-0.19271409,0.01966654,0.14328765,0,0,0,0,0
1908,397291,-0.53922659,-0.45071946,1.00560783,-0.17878091,-0.00119320,0.15038068,0,0,0,0,0
1909,397500,-0.48057471,-0.51128787,1.01054946,-0.18273536,0.01976615,0.16102170,0,0,0,0,0
1910,397708,-0.42514467,-0.56844588,1.02321495,-0.17624440,-0.02385519,0.17411119,0,0,0,0,0
1911,397916,-0.37135752,-0.61908790,1.00459115,-0.17048043,-0.01896661,0.18948246,0,0,0,0,0
1912,398125,-0.30401803,-0.67866174,0.99639119,-0.16183664,-0.03108972,0.18552350,0,0,0,0,0
1913,398333,-0.24049380,-0.71696651,0.97671346,-0.17424943,-0.05184469,0.18794278,0,0,0,0,0
1914,398541,-0.16808613,-0.76039828,0.96333119,-0.14312972,-0.05587528,0.18424871,0,0,0,0,0
1915,398750,-0.10803153,-0.80566127,0.93184612,-0.13622121,-0.06934037,0.18505390,0,0,0,0,0
1916,398958,-0.04093174,-0.83454287,0.90411018,-0.12425576,-0.09002973,0.17926359,0,0,0,0,0
1917,399166,0.01238691,-0.87005262,0.87659788,-0.09850439,-0.08588715,0.20594116,0,0,0,0,0
1918,399375,0.07917204,-0.90759516,0.83567103,-0.07938572,-0.10649132,0.19532320,0,0,0,0,0
1919,399583,0.14653012,-0.92661264,0.80692936,-0.09362026,-0.11763187,0.20745898,0,0,0,0,0
1920,399791,0.21036023,-0.96351530,0.75685334,-0.08141847,-0.12202405,0.19928164,0,0,0,0,0
1921,400000,0.27480911,-0.97798050,0.71848296,-0.06361352,-0.12181704,0.18480278,0,1,0,0,0
1922,400208,0.33987945,-1.00267549,0.67044725,-0.04545216,-0.13443228,0.19208098,0,1,0,0,0
1923,400416,0.40677251,-1.00323927,0.61178916,-0.02618361,-0.13927061,0.20906729,0,1,0,0,0
1924,400625,0.45549047,-1.01388583,0.56625145,-0.02291309,-0.12827950,0.19843194,0,1,0,0,0
1925,400833,0.51501578,-1.01444099,0.51014585,-0.01423068,-0.16269014,0.17021524,0,1,0,0,0
1926,401041,0.57560989,-1.00994143,0.44719071,0.00253480,-0.16375139,0.16616023,0,1,0,0,0
1927,401250,0.62528232,-1.00035751,0.38300917,0.03531567,-0.17200320,0.17669265,0,1,0,0,0
1928,401458,0.67131764,-0.99218542,0.33561688,0.03400877,-0.17993328,0.15970600,0,1,0,0,0
1929,401666,0.71780776,-0.98144565,0.27796286,0.05016280,-0.18086678,0.16510085,0,1,0,0,0
1930,401875,0.76597198,-0.94812824,0.19765221,0.05732123,-0.19124243,0.14517385,0,1,0,0,0
1931,402083,0.81443606,-0.93504200,0.14062552,0.08873095,-0.18542830,0.10393752,0,1,0,0,0
1932,402291,0.85124529,-0.90715212,0.07318929,0.09258677,-0.19175538,0.10453899,0,1,0,0,0
1933,402500,0.87880438,-0.87302323,0.00648543,0.10209993,-0.20068017,0.09664974,0,1,0,0,0
1934,402708,0.91117063,-0.84907352,-0.06330846,0.11900885,-0.18526477,0.10278235,0,1,0,0,0
1935,402916,0.94248373,-0.79538087,-0.12969980,0.12296697,-0.20111886,0.10126208,0,1,0,0,0
1936,403125,0.96738957,-0.76605866,-0.19098878,0.12244101,-0.17352586,0.07333441,0,1,0,0,0
1937,403333,0.98938614,-0.71866804,-0.26233402,0.14114902,-0.18292156,0.04414742,0,1,0,0,0
1938,403541,0.99666025,-0.66166807,-0.32173830,0.16129577,-0.17593811,0.06031225,0,1,0,0,0
1939,403750,0.99934528,-0.61631342,-0.38227328,0.17172847,-0.18238904,0.02726966,0,1,0,0,0
1940,403958,1.00726856,-0.55662644,-0.43672612,0.20204466,-0.16493352,0.02243270,0,1,0,0,0
1941,404166,1.01465168,-0.50449719,-0.50532687,0.18165130,-0.17113111,0.02942479,0,1,0,0,0
1942,404375,1.01448177,-0.44619254,-0.55199260,0.16894229,-0.15531472,-0.00902761,0,1,0,0,0
1943,404583,0.98962506,-0.39622994,-0.60976917,0.19496564,-0.15771853,-0.02466021,0,1,0,0,0
1944,404791,0.99049391,-0.33347465,-0.64891025,0.19193808,-0.14500646,-0.01334743,0,1,0,0,0
1945,405000,0.97881309,-0.25626225,-0.69893408,0.16810201,-0.12635175,-0.04738984,0,1,0,0,0
1946,405208,0.95503192,-0.19820201,-0.74427793,0.18053000,-0.11057197,-0.06339485,0,1,0,0,0
1947,405416,0.93859408,-0.13439057,-0.79516088,0.18741047,-0.12167548,-0.04730429,0,1,0,0,0
1948,405625,0.89867284,-0.07019198,-0.82840078,0.21166990,-0.09124926,-0.07158198,0,1,0,0,0
1949,405833,0.86591606,-0.00805692,-0.86645183,0.20901299,-0.08312009,-0.08018041,0,1,0,0,0
1950,406041,0.84537684,0.06589800,-0.89695761,0.20303655,-0.07401228,-0.08566706,0,1,0,0,0
1951,406250,0.80422024,0.12602562,-0.92508766,0.20526162,-0.04042347,-0.08034505,0,1,0,0,0
1952,406458,0.75762673,0.19150330,-0.94042274,0.21384454,-0.03511669,-0.10815240,0,1,0,0,0
1953,406666,0.70685746,0.25288213,-0.97104516,0.21196138,-0.02310180,-0.11497864,0,1,0,0,0
1954,406875,0.65640501,0.31188743,-0.98409503,0.19325741,-0.02698719,-0.15258193,0,1,0,0,0
1955,407083,0.61091081,0.37410779,-0.99171637,0.20647283,0.01205941,-0.12702116,0,1,0,0,0
1956,407291,0.56153413,0.43075940,-0.99478793,0.20942961,0.01142178,-0.13154406,0,1,0,0,0
1957,407500,0.49949783,0.49282174,-0.98929612,0.19828117,0.01463840,-0.16669048,0,1,0,0,0
1958,407708,0.44390725,0.54924627,-0.99285729,0.17329300,0.03071983,-0.16190563,0,1,0,0,0
1959,407916,0.38009579,0.59958253,-0.98353204,0.17964857,0.06405484,-0.15848021,0,1,0,0,0
1960,408125,0.31414895,0.66109444,-0.97833818,0.15586991,0.07441865,-0.15546768,0,1,0,0,0
1961,408333,0.24853230,0.70824693,-0.95311588,0.14786167,0.08542459,-0.19133669,0,1,0,0,0
1962,408541,0.19637523,0.73683885,-0.94781442,0.13714203,0.07718299,-0.17693389,0,1,0,0,0
1963,408750,0.13018316,0.78417564,-0.92238579,0.15112624,0.09486098,-0.18857764,0,1,0,0,0
1964,408958,0.06338672,0.81549041,-0.89033286,0.11834184,0.09173186,-0.20662111,0,1,0,0,0
1965,409166,-0.00048474,0.84895629,-0.86511149,0.09825588,0.11374173,-0.17573414,0,1,0,0,0
1966,409375,-0.07899068,0.89708707,-0.82178181,0.09307861,0.11180999,-0.18563535,0,1,0,0,0
1967,409583,-0.13925094,0.92017156,-0.79340152,0.09374382,0.13911465,-0.17512762,0,1,0,0,0
1968,409791,-0.19646974,0.94875542,-0.74948453,0.08949207,0.14924139,-0.18817862,0,1,0,0,0
1969,410000,-0.25252947,0.95580826,-0.70630314,0.05950490,0.14460489,-0.17251878,0,1,0,0,0
1970,410208,-0.32517361,0.97710135,-0.65325501,0.06648742,0.16069939,-0.18736107,0,1,0,0,0
1971,410416,-0.38835855,0.98185837,-0.60564835,0.04033793,0.16435494,-0.18656059,0,1,0,0,0
1972,410625,-0.44821845,0.98737874,-0.56355453,0.02034115,0.16769434,-0.16659030,0,1,0,0,0
1973,410833,-0.50458037,0.99471965,-0.49757065,0.00673566,0.19914618,-0.16770996,0,1,0,0,0
1974,411041,-0.55364528,0.99405953,-0.44470726,-0.00538041,0.18246307,-0.16846161,0,1,0,0,0
1975,411250,-0.60855808,0.98731500,-0.38395108,-0.01595504,0.19997382,-0.15103656,0,1,0,0,0
1976,411458,-0.66812837,0.97525209,-0.32143790,-0.02790026,0.21318980,-0.15447238,0,1,0,0,0
1977,411666,-0.70836418,0.94852595,-0.25999482,-0.03291118,0.19938390,-0.12654757,0,1,0,0,0
1978,411875,-0.75447452,0.93053447,-0.19921821,-0.06056806,0.20335140,-0.12445541,0,1,0,0,0
1979,412083,-0.78936343,0.91980059,-0.13217866,-0.06506414,0.21499254,-0.11019331,0,1,0,0,0
1980,412291,-0.83825684,0.88703294,-0.07126583,-0.08034709,0.22436644,-0.09670542,0,1,0,0,0
1981,412500,-0.86976870,0.85537583,-0.00644017,-0.07768032,0.19929345,-0.08381533,0,1,0,0,0
1982,412708,-0.91035571,0.81720197,0.06518258,-0.10006615,0.21481759,-0.07783271,0,1,0,0,0
1983,412916,-0.92642649,0.78645786,0.12543188,-0.09562615,0.21078257,-0.06965313,0,1,0,0,0
1984,413125,-0.95403181,0.74474653,0.20141340,-0.10810692,0.21499311,-0.03999842,0,1,0,0,0
1985,413333,-0.96917609,0.69611289,0.24742539,-0.14640784,0.20158340,-0.02625001,0,1,0,0,0
1986,413541,-0.98525206,0.65069936,0.31264660,-0.14731230,0.21085830,-0.01985503,0,1,0,0,0
1987,413750,-0.99301567,0.60298054,0.37622130,-0.14984678,0.22116691,-0.01311264,0,1,0,0,0
1988,413958,-1.00264857,0.53650500,0.44496343,-0.14215503,0.19968300,0.00685543,0,1,0,0,0
1989,414166,-1.00135117,0.49265301,0.49313180,-0.14307621,0.17718486,0.01124013,0,1,0,0,0
1990,414375,-0.99591045,0.43472016,0.55401192,-0.16623798,0.18174240,0.03142665,0,1,0,0,0
1991,414583,-0.99085872,0.37389004,0.61008286,-0.18282617,0.18263231,0.02354034,0,1,0,0,0
1992,414791,-0.99117842,0.32009300,0.65473530,-0.18201797,0.15609245,0.04840543,0,1,0,0,0
1993,415000,-0.96883893,0.24691207,0.70379905,-0.17214286,0.14449989,0.06504191,0,1,0,0,0
1994,415208,-0.94834136,0.19036132,0.75600038,-0.17740934,0.14024114,0.08639007,0,1,0,0,0
1995,415416,-0.92783353,0.12898123,0.79137619,-0.17242733,0.12772836,0.07875370,0,1,0,0,0
1996,415625,-0.90238632,0.06425116,0.82517114,-0.17849159,0.14058749,0.11547869,0,1,0,0,0
1997,415833,-0.87406881,-0.00017670,0.86808836,-0.18761815,0.10198197,0.12139999,0,1,0,0,0
1998,416041,-0.83831324,-0.07424697,0.89463827,-0.18494057,0.08258143,0.11676174,0,1,0,0,0
1999,416250,-0.80248813,-0.13372880,0.91711831,-0.18409996,0.08292618,0.13298189,0,1,0,0,0
2000,416458,-0.75615226,-0.19474495,0.92926951,-0.18484800,0.04633712,0.14228263,0,1,0,0,0
2001,416666,-0.70228375,-0.26399650,0.95903769,-0.18038846,0.04870054,0.13071191,0,1,0,0,0
2002,416875,-0.66463366,-0.32140405,0.96779469,-0.16206419,0.02796275,0.16361605,0,1,0,0,0
2003,417083,-0.60597495,-0.38698031,0.98240744,-0.17131685,0.02272643,0.15560772,0,1,0,0,0
2004,417291,-0.55498247,-0.44744662,0.98968737,-0.16429027,-0.00267741,0.17592653,0,1,0,0,0
2005,417500,-0.50303908,-0.51346638,0.98754941,-0.18038478,0.00084717,0.18025769,0,1,0,0,0
2006,417708,-0.44254589,-0.55785378,0.97457466,-0.16210595,-0.00974405,0.17471416,0,1,0,0,0
2007,417916,-0.37983845,-0.60709969,0.97134899,-0.12139087,-0.03022640,0.18633382,0,1,0,0,0
2008,418125,-0.32457933,-0.65407704,0.97203320,-0.14127030,-0.06009920,0.19053630,0,1,0,0,0
2009,418333,-0.26662417,-0.70057640,0.93691199,-0.13186068,-0.04085355,0.18313911,0,1,0,0,0
2010,418541,-0.20563564,-0.75194325,0.93240118,-0.12864683,-0.07017353,0.18072565,0,1,0,0,0
2011,418750,-0.13568102,-0.78629322,0.90520362,-0.11029051,-0.07463422,0.16786777,0,1,0,0,0
2012,418958,-0.06919151,-0.82028156,0.88002292,-0.09896797,-0.08464897,0.19457170,0,1,0,0,0
2013,419166,-0.00134982,-0.86442992,0.85142108,-0.07180740,-0.10276887,0.20527711,0,1,0,0,0
2014,419375,0.06414907,-0.89376936,0.81594926,-0.07193292,-0.11166161,0.19257152,0,1,0,0,0
2015,419583,0.12247715,-0.92187436,0.78024273,-0.05849828,-0.12988464,0.20296810,0,1,0,0,0
2016,419791,0.19022282,-0.94121006,0.74203133,-0.06256453,-0.14459115,0.21384493,0,1,0,0,0
2017,420000,0.26018832,-0.96019382,0.69367796,-0.04681639,-0.15153220,0.19826270,0,1,0,0,0
2018,420208,0.32503288,-0.97294946,0.63436779,-0.03555093,-0.14939570,0.19612294,0,1,0,0,0
2019,420416,0.38600312,-0.99309697,0.59084613,-0.02873158,-0.15008557,0.17947808,0,1,0,0,0
2020,420625,0.43796966,-0.98826172,0.55039149,-0.00963263,-0.16730765,0.18715965,0,1,0,0,0
2021,420833,0.49010760,-0.99297824,0.48224855,0.00026741,-0.16176475,0.18101089,0,1,0,0,0
2022,421041,0.55174474,-0.98544106,0.43524757,0.03020239,-0.17812979,0.17249833,0,1,0,0,0
2023,421250,0.60008512,-0.98558085,0.36726349,0.03210095,-0.18773854,0.16073168,0,1,0,0,0
2024,421458,0.66006956,-0.96771501,0.30230230,0.04339431,-0.18527756,0.16231507,0,1,0,0,0
2025,421666,0.70015239,-0.95870791,0.24695092,0.05180849,-0.20189100,0.12130392,0,1,0,0,0
2026,421875,0.74601119,-0.93442282,0.18848030,0.06726199,-0.19583399,0.12826368,0,1,0,0,0
2027,422083,0.77477644,-0.91634534,0.12048542,0.10074290,-0.20508711,0.11989726,0,1,0,0,0
2028,422291,0.81549206,-0.88510973,0.04969478,0.11572765,-0.20412438,0.09151162,0,1,0,0,0
2029,422500,0.86442520,-0.85816373,-0.01907292,0.11506048,-0.20421120,0.10401328,0,1,0,0,0
2030,422708,0.89023239,-0.81512815,-0.07825567,0.11920118,-0.21616530,0.07481702,0,1,0,0,0
2031,422916,0.90868897,-0.78116416,-0.14746167,0.12078645,-0.21287043,0.07135057,0,1,0,0,0
2032,423125,0.94300730,-0.74462577,-0.21379471,0.13725379,-0.19058763,0.05220387,0,1,0,0,0
2033,423333,0.96358531,-0.68462603,-0.27120737,0.15659339,-0.23237076,0.03130542,0,1,0,0,0
2034,423541,0.96665543,-0.63669327,-0.33404763,0.13943297,-0.21104401,0.01997684,0,1,0,0,0
2035,423750,0.98912341,-0.59693595,-0.39584927,0.14764457,-0.18429462,0.01384842,0,1,0,0,0
2036,423958,0.99145143,-0.53132340,-0.46459883,0.17064221,-0.20588429,-0.01579447,0,1,0,0,0
2037,424166,0.98693836,-0.47653743,-0.51096488,0.17739691,-0.18136249,-0.01637050,0,1,0,0,0
2038,424375,0.98547308,-0.42392446,-0.56793117,0.18312917,-0.18992056,-0.02343574,0,1,0,0,0
2039,424583,0.98793120,-0.36547048,-0.62226364,0.16401296,-0.16359732,-0.03881830,0,1,0,0,0
2040,424791,0.97226435,-0.30230168,-0.67849748,0.17911851,-0.15960346,-0.06434567,0,1,0,0,0
2041,425000,0.95663246,-0.25248389,-0.72343596,0.18512070,-0.15012810,-0.05820453,0,1,0,0,0
2042,425208,0.93222344,-0.16849700,-0.76230923,0.18203988,-0.14467324,-0.07909984,0,1,0,0,0
2043,425416,0.91776428,-0.11743635,-0.80907730,0.18169931,-0.13369653,-0.07616686,0,1,0,0,0
2044,425625,0.88121096,-0.04947348,-0.84537678,0.18219305,-0.13430488,-0.08349808,0,1,0,0,0
2045,425833,0.86817542,0.02010092,-0.87589143,0.19669563,-0.11367926,-0.11732522,0,1,0,0,0
2046,426041,0.83385921,0.08636686,-0.90764102,0.17273269,-0.11525784,-0.12960825,0,1,0,0,0
2047,426250,0.79014054,0.14157884,-0.92815268,0.20000414,-0.09039434,-0.13625078,0,1,0,0,0
2048,426458,0.74266962,0.21933644,-0.95108388,0.18372110,-0.06345417,-0.13896770,0,1,0,0,0
2049,426666,0.69369253,0.27124745,-0.97150442,0.18516716,-0.05094821,-0.15784777,0,1,0,0,0
2050,426875,0.64411657,0.33803523,-0.99019833,0.18475340,-0.06205342,-0.17076028,0,1,0,0,0
2051,427083,0.59666536,0.40064776,-1.00345795,0.19165001,-0.03258553,-0.16515020,0,1,0,0,0
2052,427291,0.53768908,0.45618103,-1.00183320,0.19512697,-0.01256205,-0.18348978,0,1,0,0,0
2053,427500,0.49677633,0.51635472,-0.99966942,0.18519273,-0.02159432,-0.16627429,0,1,0,0,0
2054,427708,0.43214227,0.56892082,-0.99739108,0.15690685,0.01634891,-0.19886100,0,1,0,0,0
2055,427916,0.37052524,0.62119760,-0.99409351,0.14543251,0.01911581,-0.19787107,0,1,0,0,0
2056,428125,0.30884440,0.67552542,-0.97554019,0.13554987,0.03793216,-0.21129919,0,1,0,0,0
2057,428333,0.24462717,0.71960829,-0.96482934,0.11742227,0.03986969,-0.19831264,0,1,0,0,0
2058,428541,0.18622810,0.76438688,-0.94513300,0.12737913,0.04471710,-0.21429273,0,1,0,0,0
2059,428750,0.12702505,0.80782224,-0.92943766,0.12323555,0.05361270,-0.20570892,0,1,0,0,0
2060,428958,0.05422344,0.83720564,-0.88877484,0.11577763,0.07204493,-0.19489927,0,1,0,0,0
2061,429166,-0.01173075,0.87887441,-0.86103572,0.10166924,0.09692572,-0.22314855,0,1,0,0,0
2062,429375,-0.07808911,0.90187420,-0.82472007,0.07441707,0.11212633,-0.19860383,0,1,0,0,0
2063,429583,-0.14099761,0.94289760,-0.78136989,0.06107075,0.10229918,-0.19346977,0,1,0,0,0
2064,429791,-0.20372756,0.95515319,-0.75181063,0.03729815,0.12942770,-0.19374609,0,1,0,0,0
2065,430000,-0.27870763,0.97723445,-0.70181280,0.03333695,0.13684475,-0.19122596,0,1,0,0,0
2066,430208,-0.32610768,0.99427445,-0.65751065,0.02173011,0.13528718,-0.19844738,0,1,0,0,0
2067,430416,-0.39415238,0.99516186,-0.60411736,0.00943403,0.15005861,-0.21439875,0,1,0,0,0
2068,430625,-0.44487828,1.01596718,-0.54800714,0.00056697,0.14420880,-0.20744055,0,1,0,0,0
2069,430833,-0.51260386,1.01482413,-0.48515685,0.00576332,0.16481732,-0.20653100,0,1,0,0,0
2070,431041,-0.55566493,1.00722921,-0.44244373,-0.03323338,0.18542739,-0.18225284,0,1,0,0,0
2071,431250,-0.60794410,0.99364762,-0.37626957,-0.03461513,0.16742714,-0.19520159,0,1,0,0,0
2072,431458,-0.66735653,0.98192099,-0.31757966,-0.06411847,0.16933087,-0.16231811,0,1,0,0,0
2073,431666,-0.70549072,0.96803998,-0.25036883,-0.07295785,0.18536152,-0.14750557,0,1,0,0,0
2074,431875,-0.76302170,0.95485874,-0.18698440,-0.09014431,0.19192795,-0.15706000,0,1,0,0,0
2075,432083,-0.79002246,0.93015815,-0.12450699,-0.09205649,0.19577958,-0.14408263,0,1,0,0,0
2076,432291,-0.83584608,0.90011635,-0.05503491,-0.11218942,0.17357476,-0.15289669,0,1,0,0,0
2077,432500,-0.86529617,0.86632283,0.00556142,-0.10829584,0.17172047,-0.11120038,0,1,0,0,0
2078,432708,-0.89809076,0.83483758,0.07784288,-0.15517981,0.17438522,-0.08992830,0,1,0,0,0
2079,432916,-0.92460591,0.79229836,0.14429461,-0.12526289,0.19264952,-0.07715460,0,1,0,0,0
2080,433125,-0.94310911,0.75750336,0.20637810,-0.14343830,0.19067927,-0.08556033,0,1,0,0,0
2081,433333,-0.96785140,0.71219085,0.27553422,-0.14523571,0.17448093,-0.05441382,0,1,0,0,0
2082,433541,-0.97721668,0.65367841,0.34249992,-0.17942112,0.17727470,-0.04513920,0,1,0,0,0
2083,433750,-0.99000968,0.60633476,0.39623479,-0.18554442,0.17191596,-0.03980776,0,1,0,0,0
2084,433958,-0.98831057,0.55616428,0.45262883,-0.18736613,0.19255548,-0.02694341,0,1,0,0,0
2085,434166,-1.00082648,0.50538724,0.50677258,-0.19502290,0.17598949,0.00267928,0,1,0,0,0
2086,434375,-0.98887660,0.43857590,0.56949287,-0.18095507,0.15694302,-0.00146187,0,1,0,0,0
2087,434583,-0.98889989,0.38568565,0.62314455,-0.20823549,0.16466751,0.02200303,0,1,0,0,0
2088,434791,-0.97481559,0.31563418,0.66878729,-0.19343549,0.16006444,0.03459212,0,1,0,0,0
2089,435000,-0.96364134,0.25924978,0.72188896,-0.20689779,0.13041607,0.03061689,0,1,0,0,0
2090,435208,-0.94898288,0.19535165,0.76657355,-0.20165582,0.11575773,0.07636965,0,1,0,0,0
2091,435416,-0.91940486,0.13217411,0.80736741,-0.20036872,0.11837385,0.05946990,0,1,0,0,0
2092,435625,-0.89370645,0.06395226,0.84316328,-0.18083467,0.09214098,0.06939419,0,1,0,0,0
2093,435833,-0.85637043,0.00498783,0.87836027,-0.21348862,0.08813962,0.07848326,0,1,0,0,0
2094,436041,-0.82677973,-0.06765968,0.91169765,-0.20370410,0.07566901,0.10193250,0,1,0,0,0
2095,436250,-0.79033130,-0.14094675,0.93198805,-0.20966249,0.06536878,0.10559208,0,1,0,0,0
2096,436458,-0.73305009,-0.19937618,0.95440677,-0.19971772,0.05743920,0.12827410,0,1,0,0,0
2097,436666,-0.69574647,-0.26967959,0.97676570,-0.20661239,0.04725774,0.14123315,0,1,0,0,0
2098,436875,-0.64477346,-0.32302578,0.99253781,-0.20715027,0.04008738,0.14732910,0,1,0,0,0
2099,437083,-0.58897671,-0.39757792,1.00275730,-0.19758442,0.01175858,0.14717363,0,1,0,0,0
2100,437291,-0.54716155,-0.44212323,1.00368049,-0.18289108,-0.00415978,0.13879077,0,1,0,0,0
2101,437500,-0.49130422,-0.49876074,1.00974863,-0.18138037,-0.00951723,0.14286057,0,1,0,0,0
2102,437708,-0.41835945,-0.56479100,1.00457469,-0.16913668,-0.03588638,0.19174756,0,1,0,0,0
2103,437916,-0.36929525,-0.61480486,1.00284196,-0.16297595,-0.02165736,0.18627914,0,1,0,0,0
2104,438125,-0.30304175,-0.67106039,0.98697833,-0.15414900,-0.04205325,0.16377252,0,1,0,0,0
2105,438333,-0.24372541,-0.72498193,0.97825434,-0.16815171,-0.05267032,0.18158179,0,1,0,0,0
2106,438541,-0.17778479,-0.75615808,0.95778487,-0.15223251,-0.08071454,0.18693515,0,1,0,0,0
2107,438750,-0.11388999,-0.80745921,0.92997051,-0.13237035,-0.08785813,0.21069508,0,1,0,0,0
2108,438958,-0.04611993,-0.83512864,0.89989761,-0.11541506,-0.09473271,0.19295084,0,1,0,0,0
2109,439166,0.00907075,-0.88200697,0.86982580,-0.11540165,-0.07927849,0.18393456,0,1,0,0,0
2110,439375,0.08382332,-0.89795216,0.83366277,-0.11252465,-0.10220390,0.18855081,0,1,0,0,0
2111,439583,0.14172733,-0.92844684,0.79271601,-0.08081320,-0.10949765,0.20234220,0,1,0,0,0
2112,439791,0.21364294,-0.94863399,0.75701387,-0.06440929,-0.13230153,0.20779032,0,1,0,0,0
2113,440000,0.26303306,-0.96872833,0.71650451,-0.06794443,-0.12653269,0.20356064,0,1,0,0,0
2114,440208,0.33391116,-0.98659420,0.68163617,-0.04793416,-0.14627211,0.18178237,0,1,0,0,0
2115,440416,0.39930443,-1.00935115,0.61657643,-0.04411609,-0.15351657,0.18079971,0,1,0,0,0
2116,440625,0.45125696,-1.01005726,0.55944343,-0.01015935,-0.15677933,0.18705939,0,1,0,0,0
2117,440833,0.51821201,-1.00740579,0.51520622,-0.00744701,-0.15586502,0.18748772,0,1,0,0,0
2118,441041,0.56368270,-0.99305013,0.45627391,0.01816082,-0.16872718,0.16591721,0,1,0,0,0
2119,441250,0.61693084,-0.99530556,0.38643976,0.03545715,-0.16072825,0.17092175,0,1,0,0,0
2120,441458,0.67596765,-0.98970506,0.32263296,0.04534773,-0.16647234,0.16318869,0,1,0,0,0
2121,441666,0.71838743,-0.97515781,0.26466561,0.03798465,-0.17521761,0.14741773,0,1,0,0,0
2122,441875,0.77049667,-0.94953208,0.19461422,0.05703283,-0.18755157,0.12687177,0,1,0,0,0
2123,442083,0.80656124,-0.93763211,0.13455253,0.05056549,-0.17644681,0.11375975,0,1,0,0,0
2124,442291,0.83921967,-0.90019511,0.06337776,0.08443993,-0.20131325,0.11914946,0,1,0,0,0
2125,442500,0.88561402,-0.87001646,0.00095843,0.10753374,-0.21026239,0.09231957,0,1,0,0,0
2126,442708,0.91182983,-0.83385232,-0.06210144,0.10175905,-0.18625105,0.09130948,0,1,0,0,0
2127,442916,0.93504090,-0.80133653,-0.12797575,0.13450150,-0.17908248,0.07558749,0,1,0,0,0
2128,443125,0.95717502,-0.75954968,-0.19179526,0.14243557,-0.20032494,0.03937224,0,1,0,0,0
2129,443333,0.97679660,-0.70690938,-0.25491362,0.14395135,-0.19733773,0.04950882,0,1,0,0,0
2130,443541,0.99246017,-0.66802847,-0.32134517,0.15451982,-0.17800270,0.03360545,0,1,0,0,0
2131,443750,0.99866468,-0.60402099,-0.37866556,0.15134466,-0.17907852,0.01356343,0,1,0,0,0
2132,443958,1.01342669,-0.55154354,-0.43443075,0.15293340,-0.17526701,-0.00085795,0,1,0,0,0
2133,444166,1.01509532,-0.50394270,-0.49559278,0.16290324,-0.16570337,0.01557059,0,1,0,0,0
2134,444375,1.00793086,-0.43989778,-0.54962934,0.19116548,-0.15167478,-0.01700149,0,1,0,0,0
2135,444583,0.99895574,-0.38864914,-0.60863678,0.17103473,-0.16075735,-0.03029134,0,1,0,0,0
2136,444791,0.98898340,-0.32567633,-0.65720942,0.19452459,-0.14900955,-0.02961142,0,1,0,0,0
2137,445000,0.97098314,-0.26975428,-0.69787471,0.20375993,-0.13378438,-0.04524672,0,1,0,0,0
2138,445208,0.95547853,-0.19678633,-0.75458559,0.19671793,-0.13087696,-0.06339461,0,1,0,0,0
2139,445416,0.93386536,-0.12743356,-0.78834125,0.17758608,-0.12499803,-0.06172322,0,1,0,0,0
2140,445625,0.90696948,-0.06816671,-0.82966706,0.21565584,-0.09683301,-0.07473483,0,1,0,0,0
2141,445833,0.87245801,0.00267795,-0.85715449,0.19584543,-0.10746257,-0.08999918,0,1,0,0,0
2142,446041,0.83479027,0.05569027,-0.89144384,0.19527263,-0.07765076,-0.10610898,0,1,0,0,0
2143,446250,0.79240943,0.12666875,-0.91851623,0.18957724,-0.06439302,-0.10953921,0,1,0,0,0
2144,446458,0.74692809,0.19619291,-0.94358583,0.20239522,-0.04955332,-0.11897942,0,1,0,0,0
2145,446666,0.71683914,0.24464026,-0.95917964,0.20864496,-0.05057815,-0.13847289,0,1,0,0,0
2146,446875,0.66676336,0.31436175,-0.98570152,0.20114024,-0.02556265,-0.14245549,0,1,0,0,0
2147,447083,0.61045507,0.38161954,-0.98918439,0.19325527,-0.00982150,-0.14359473,0,1,0,0,0
2148,447291,0.55620515,0.43425072,-0.99473600,0.19262448,0.00596082,-0.16557580,0,1,0,0,0
2149,447500,0.49222860,0.49209485,-0.99909668,0.17660090,0.01690438,-0.17567598,0,1,0,0,0
2150,447708,0.45165591,0.55307364,-0.99138774,0.17959147,0.03140477,-0.17743505,0,1,0,0,0
2151,447916,0.38483034,0.59559109,-0.99015079,0.18177337,0.03408887,-0.17679111,0,1,0,0,0
2152,448125,0.31970780,0.65548605,-0.98173782,0.16545681,0.04502165,-0.17588490,0,1,0,0,0
2153,448333,0.26393073,0.70453178,-0.95561411,0.15955078,0.05534013,-0.18935060,0,1,0,0,0
2154,448541,0.18371858,0.75671597,-0.94738053,0.12508699,0.07728260,-0.17864311,0,1,0,0,0
2155,448750,0.12618945,0.79711570,-0.91109178,0.13690260,0.09993300,-0.20140555,0,1,0,0,0
2156,448958,0.06278294,0.82657016,-0.89488822,0.11285909,0.07574869,-0.20894324,0,1,0,0,0
2157,449166,-0.00497714,0.85669119,-0.86045428,0.10689821,0.12067695,-0.18819871,0,1,0,0,0
2158,449375,-0.05582007,0.88978206,-0.82850351,0.09237557,0.13360404,-0.17035605,0,1,0,0,0
2159,449583,-0.13626129,0.91684995,-0.78538460,0.08444780,0.10737033,-0.19284738,0,1,0,0,0
2160,449791,-0.19637740,0.94253746,-0.74218762,0.07108247,0.14977938,-0.19424232,0,1,0,0,0
