1,0,-0.90821133,0.13173150,0.79662697,-0.19789170,0.11458246,0.09169951,0,0,0,0,0
2,208,-0.89742112,0.07193607,0.83561051,-0.22170810,0.11494523,0.08762822,0,0,0,0,0
3,416,-0.86848771,0.00295698,0.86465549,-0.20243766,0.08902030,0.12309615,0,0,0,0,0
4,625,-0.83247223,-0.05489097,0.88980477,-0.19957532,0.09454085,0.11045540,0,0,0,0,0
5,833,-0.79259965,-0.12655345,0.93039023,-0.20894282,0.07181351,0.13054621,0,0,0,0,0
6,1041,-0.74938772,-0.18569931,0.95097284,-0.19953046,0.06740563,0.14650372,0,0,0,0,0
7,1250,-0.70441500,-0.25020707,0.97490697,-0.19688073,0.04093549,0.16048127,0,0,0,0,0
8,1458,-0.66992459,-0.32325638,0.97895699,-0.20867907,0.03586880,0.15852292,0,0,0,0,0
9,1666,-0.60879979,-0.37800882,0.99362104,-0.19063385,0.01774525,0.18414732,0,0,0,0,0
10,1875,-0.56192619,-0.43201622,0.99828915,-0.19958774,0.00138326,0.15264721,0,0,0,0,0
11,2083,-0.50696046,-0.49569253,0.99656247,-0.18669859,0.00374256,0.15159482,0,0,0,0,0
12,2291,-0.44953480,-0.54894082,0.98895778,-0.17893845,-0.01966399,0.16171410,0,0,0,0,0
13,2500,-0.38461368,-0.60315601,0.98870188,-0.15115118,-0.03058758,0.16424295,0,0,0,0,0
14,2708,-0.32930390,-0.65898162,0.97539942,-0.14903857,-0.05292515,0.16937476,0,0,0,0,0
15,2916,-0.25685528,-0.69421134,0.97058746,-0.13233680,-0.03382078,0.17838012,0,0,0,0,0
16,3125,-0.20017894,-0.75167755,0.94707301,-0.14247724,-0.06269525,0.18050892,0,0,0,0,0
17,3333,-0.13024631,-0.79445157,0.91994831,-0.12694149,-0.07503105,0.18321037,0,0,0,0,0
18,3541,-0.06580165,-0.82307446,0.90174203,-0.10814333,-0.08859390,0.17703495,0,0,0,0,0
19,3750,-0.00766894,-0.86606782,0.86995447,-0.09587856,-0.09869208,0.19071243,0,0,0,0,0
20,3958,0.05879731,-0.89428275,0.83240422,-0.07143229,-0.11328463,0.19980198,0,0,0,0,0
21,4166,0.13224431,-0.92004122,0.79423173,-0.06159015,-0.12843420,0.18792496,0,0,0,0,0
22,4375,0.18703819,-0.94066156,0.74880350,-0.04520642,-0.12141925,0.19006481,0,0,0,0,0
23,4583,0.25858477,-0.97583742,0.71073752,-0.04377457,-0.14340958,0.20181279,0,0,0,0,0
24,4791,0.31825252,-0.98157318,0.66196909,-0.02051323,-0.13607593,0.19832904,0,0,0,0,0
25,5000,0.37971309,-0.99367928,0.61887864,-0.02085831,-0.15312327,0.18212825,0,0,0,0,0
26,5208,0.44303397,-0.99953591,0.56274438,0.01943178,-0.18236755,0.19444107,0,0,0,0,0
27,5416,0.50504211,-0.99830980,0.50396850,0.00339248,-0.16248090,0.17347682,0,0,0,0,0
28,5625,0.55617931,-0.99329701,0.45489750,0.01858739,-0.17481121,0.17589532,0,0,0,0,0
29,5833,0.59925035,-0.99381818,0.38637883,0.03534658,-0.17990925,0.14999003,0,0,0,0,0
30,6041,0.65629615,-0.98843143,0.32615747,0.06219312,-0.17920563,0.14537131,0,0,0,0,0
31,6250,0.70750265,-0.96875179,0.26639911,0.05952725,-0.19895853,0.13179993,0,0,0,0,0
32,6458,0.74597592,-0.94798260,0.20530430,0.05104894,-0.18199803,0.13404106,0,0,0,0,0
33,6666,0.78839459,-0.92616163,0.13949107,0.08118838,-0.20178367,0.11963403,0,0,0,0,0
34,6875,0.82427095,-0.89481234,0.08107020,0.06561253,-0.18386233,0.10684966,0,0,0,0,0
35,7083,0.86732594,-0.87203337,0.00900862,0.08734236,-0.21401534,0.10689248,0,0,0,0,0
36,7291,0.88793834,-0.83650782,-0.06892104,0.09578058,-0.21317907,0.10309115,0,0,0,0,0
37,7500,0.91842487,-0.79372008,-0.12460947,0.10997814,-0.20080722,0.08103029,0,0,0,0,0
38,7708,0.93886082,-0.74672118,-0.19044015,0.13233268,-0.19794999,0.07318075,0,0,0,0,0
39,7916,0.96766340,-0.69868403,-0.25960794,0.14553600,-0.20048576,0.05792481,0,0,0,0,0
40,8125,0.97395971,-0.65662874,-0.31924914,0.15660051,-0.19530767,0.03615461,0,0,0,0,0
41,8333,0.98650282,-0.60713092,-0.38648720,0.14803674,-0.18365161,0.02768653,0,0,0,0,0
42,8541,0.99540167,-0.56055612,-0.43839370,0.14709924,-0.19084959,0.03210038,0,0,0,0,0
43,8750,0.99998845,-0.49707209,-0.49818956,0.17431734,-0.19282130,-0.00009649,0,0,0,0,0
44,8958,0.99548117,-0.44925668,-0.55807580,0.17890752,-0.16095241,0.00882222,0,0,0,0,0
45,9166,0.99118622,-0.37931239,-0.60879153,0.16511134,-0.15477413,-0.03070910,0,0,0,0,0
46,9375,0.97108404,-0.32331889,-0.65093070,0.18526108,-0.14650757,-0.04763273,0,0,0,0,0
47,9583,0.96947800,-0.26151390,-0.70422524,0.18334426,-0.15797431,-0.03403162,0,0,0,0,0
48,9791,0.94904785,-0.19254280,-0.75115022,0.17603340,-0.14237687,-0.05518055,0,0,0,0,0
49,10000,0.92522706,-0.13424712,-0.79498684,0.20174149,-0.11576071,-0.08837220,0,0,0,0,0
50,10208,0.88601342,-0.07195639,-0.82688647,0.19541558,-0.08956673,-0.09715713,0,0,0,0,0
51,10416,0.86850919,-0.00355055,-0.86078418,0.19633867,-0.07888586,-0.12950564,0,0,0,0,0
52,10625,0.83111965,0.05610185,-0.89255948,0.20308203,-0.08162493,-0.11276353,0,0,0,0,0
53,10833,0.79397404,0.12665017,-0.92044750,0.18176986,-0.07473813,-0.13596395,0,0,0,0,0
54,11041,0.75628210,0.18917356,-0.94182019,0.18821114,-0.06419325,-0.14121709,0,0,0,0,0
55,11250,0.71825785,0.25034597,-0.96794562,0.19926196,-0.04401714,-0.16091345,0,0,0,0,0
56,11458,0.67418577,0.32832460,-0.98480397,0.19919257,-0.00177164,-0.14484401,0,0,0,0,0
57,11666,0.62073266,0.37667240,-0.98992387,0.20343811,-0.02846890,-0.17054883,0,0,0,0,0
58,11875,0.56101526,0.43431190,-0.99726873,0.18748573,-0.00723332,-0.16506402,0,0,0,0,0
59,12083,0.51419178,0.48655002,-1.00081749,0.18582856,-0.00461658,-0.17466645,0,0,0,0,0
60,12291,0.45563333,0.54697273,-0.99673434,0.17464731,0.01671478,-0.16199638,0,0,0,0,0
61,12500,0.38871797,0.60779901,-0.98019656,0.17502344,0.00639764,-0.17156964,0,0,0,0,0
62,12708,0.31747391,0.64712978,-0.97743200,0.14609200,0.02409412,-0.18111129,0,0,0,0,0
63,12916,0.25941100,0.69711460,-0.96038962,0.14055098,0.03735544,-0.18622250,0,0,0,0,0
64,13125,0.18855367,0.75281259,-0.95229787,0.13532622,0.04682909,-0.19685464,0,0,0,0,0
65,13333,0.13197599,0.78799116,-0.91630526,0.12391052,0.06227344,-0.20442734,0,0,0,0,0
66,13541,0.06899416,0.82596760,-0.89530171,0.09828332,0.08294746,-0.20264836,0,0,0,0,0
67,13750,-0.00588983,0.86372347,-0.86453408,0.08081348,0.10861348,-0.18778748,0,0,0,0,0
68,13958,-0.05883093,0.90063593,-0.83259139,0.07334421,0.10385700,-0.18402840,0,0,0,0,0
69,14166,-0.12798184,0.91741298,-0.80003114,0.06089732,0.10921117,-0.18146354,0,0,0,0,0
70,14375,-0.20302359,0.95554752,-0.76112990,0.05764697,0.13231201,-0.19336736,0,0,0,0,0
71,14583,-0.25677255,0.96577699,-0.71345577,0.02011988,0.14707556,-0.19168295,0,0,0,0,0
72,14791,-0.32950951,0.98060698,-0.64497597,0.05102685,0.13396905,-0.19499970,0,0,0,0,0
73,15000,-0.37135818,0.99536782,-0.60509251,0.00709897,0.14580097,-0.19086826,0,0,0,0,0
74,15208,-0.44754239,0.98849338,-0.55950991,-0.01188066,0.15427689,-0.17585849,0,0,0,0,0
75,15416,-0.50315537,1.00359681,-0.50336971,-0.02013843,0.16552312,-0.18393249,0,0,0,0,0
76,15625,-0.55572238,1.00162817,-0.44065064,-0.01869939,0.17276735,-0.16771051,0,0,0,0,0
77,15833,-0.60550715,1.00393663,-0.38789767,-0.03722942,0.18206748,-0.16061983,0,0,0,0,0
78,16041,-0.65812872,0.99604189,-0.33757841,-0.04018944,0.18238999,-0.15365233,0,0,0,0,0
79,16250,-0.71117997,0.97079152,-0.25922916,-0.05292658,0.19620634,-0.14494295,0,0,0,0,0
80,16458,-0.74722874,0.95146046,-0.20158074,-0.05865370,0.19148875,-0.12351074,0,0,0,0,0
81,16666,-0.79185718,0.92669915,-0.13600609,-0.07178535,0.18201020,-0.11949835,0,0,0,0,0
82,16875,-0.83005675,0.89991272,-0.07181460,-0.07755996,0.20587119,-0.11135740,0,0,0,0,0
83,17083,-0.85382609,0.86669629,-0.00686267,-0.07614798,0.19334501,-0.09749374,0,0,0,0,0
84,17291,-0.89504372,0.83840077,0.06421080,-0.10760828,0.19812278,-0.09819735,0,0,0,0,0
85,17500,-0.92222511,0.80150673,0.12672779,-0.12479159,0.21029283,-0.07188211,0,0,0,0,0
86,17708,-0.94342095,0.75862001,0.19232886,-0.11548416,0.20538973,-0.06025284,0,0,0,0,0
87,17916,-0.96128254,0.71383286,0.25125937,-0.13077904,0.19413655,-0.06355382,0,0,0,0,0
88,18125,-0.97780089,0.66181249,0.33024915,-0.14531979,0.20830549,-0.04498174,0,0,0,0,0
89,18333,-1.00209916,0.61263326,0.38682865,-0.15136679,0.20374377,-0.03461847,0,0,0,0,0
90,18541,-0.99856701,0.55941129,0.44514684,-0.16720124,0.17475988,-0.01146837,0,0,0,0,0
91,18750,-1.00138285,0.49332191,0.50588321,-0.15612971,0.15300150,0.00007824,0,0,0,0,0
92,18958,-1.00348184,0.44224530,0.55422203,-0.16739106,0.17438852,0.00076864,0,0,0,0,0
93,19166,-0.99763152,0.38179596,0.61175757,-0.18070487,0.16442772,0.02446208,0,0,0,0,0
94,19375,-0.97520169,0.32363238,0.66145791,-0.19222917,0.16510544,0.05419122,0,0,0,0,0
95,19583,-0.96549775,0.26146100,0.70573369,-0.21134508,0.15981734,0.05187131,0,0,0,0,0
96,19791,-0.95020957,0.20216204,0.74953841,-0.18970626,0.14931049,0.07865452,0,0,0,0,0
97,20000,-0.92327918,0.13279203,0.79160240,-0.19934319,0.14102486,0.09862520,0,0,0,0,0
98,20208,-0.89246001,0.05867121,0.83113473,-0.19217549,0.09665295,0.09544838,0,0,0,0,0
99,20416,-0.86579638,0.00657151,0.85866306,-0.21688833,0.10834289,0.12110298,0,0,0,0,0
100,20625,-0.82780898,-0.06164015,0.89970655,-0.20399081,0.06329649,0.10866444,0,0,0,0,0
101,20833,-0.79591642,-0.12305862,0.92986962,-0.20368271,0.04033662,0.13234276,0,0,0,0,0
102,21041,-0.75300287,-0.19584487,0.94453141,-0.21818416,0.04060536,0.14440535,0,0,0,0,0
103,21250,-0.71344031,-0.25147567,0.96402131,-0.21199615,0.04193793,0.14376200,0,0,0,0,0
104,21458,-0.65900033,-0.32058869,0.97806894,-0.19111137,0.03334947,0.15249451,0,0,0,0,0
105,21666,-0.60628842,-0.38595940,0.99020138,-0.16402357,0.01390320,0.16870165,0,0,0,0,0
106,21875,-0.56073460,-0.43893990,0.99237697,-0.17257567,0.00628105,0.17054434,0,0,0,0,0
107,22083,-0.51252548,-0.50372910,0.99761778,-0.19832626,-0.00171532,0.17812889,0,0,0,0,0
108,22291,-0.44761450,-0.55400649,1.00239557,-0.17186093,-0.01419433,0.20508109,0,0,0,0,0
109,22500,-0.38881115,-0.60347822,0.98506815,-0.17344751,-0.03577727,0.17798975,0,0,0,0,0
110,22708,-0.32336967,-0.66167375,0.97841896,-0.15112432,-0.03453336,0.16919420,0,0,0,0,0
111,22916,-0.26543747,-0.70134717,0.96804330,-0.14651464,-0.03244802,0.17641287,0,0,0,0,0
112,23125,-0.19891800,-0.75483099,0.94724039,-0.14277524,-0.06088965,0.18514618,0,0,0,0,0
113,23333,-0.13133010,-0.79466901,0.92540612,-0.11577274,-0.08444687,0.17329587,0,0,0,0,0
114,23541,-0.07190688,-0.83372899,0.89850377,-0.11017505,-0.06553759,0.19157286,0,0,0,0,0
115,23750,-0.00106970,-0.86034218,0.86649788,-0.09435137,-0.09403424,0.20532702,0,0,0,0,0
116,23958,0.06446652,-0.89373438,0.82595276,-0.08263574,-0.10884454,0.20849411,0,0,0,0,0
117,24166,0.11782031,-0.92464974,0.79468539,-0.06826300,-0.10122326,0.19316038,0,0,0,0,0
118,24375,0.19316312,-0.95665622,0.75041625,-0.05344061,-0.13572408,0.19868327,0,0,0,0,0
119,24583,0.25049368,-0.96579681,0.71382771,-0.02772514,-0.13407624,0.20175987,0,0,0,0,0
120,24791,0.32751699,-0.98695075,0.65945596,-0.01921353,-0.16338883,0.21797823,0,0,0,0,0
121,25000,0.37876234,-0.99863999,0.61793543,-0.00422848,-0.16153526,0.18777128,0,0,0,0,0
122,25208,0.43883692,-0.99634895,0.56095513,-0.02485823,-0.17632419,0.17370228,0,0,0,0,0
123,25416,0.50242275,-1.00658062,0.50794099,0.01079856,-0.17029622,0.17346081,0,0,0,0,0
124,25625,0.54149410,-1.00048951,0.45158485,0.00664408,-0.16975816,0.16193882,0,0,0,0,0
125,25833,0.60017217,-0.99951182,0.39605475,0.02949872,-0.18260821,0.16573778,0,0,0,0,0
126,26041,0.66242629,-0.98023156,0.33274002,0.04997038,-0.18059434,0.16098524,0,0,0,0,0
127,26250,0.70295781,-0.96734186,0.26402601,0.03798533,-0.19079186,0.14460858,0,0,0,0,0
128,26458,0.74020621,-0.94593704,0.20569797,0.06189282,-0.20492331,0.12698879,0,0,0,0,0
129,26666,0.78500843,-0.92171979,0.13969415,0.06496743,-0.18853677,0.11862575,0,0,0,0,0
130,26875,0.82024777,-0.90763507,0.07661858,0.09155227,-0.19398860,0.12409210,0,0,0,0,0
131,27083,0.85837431,-0.85883513,0.00680099,0.09472407,-0.19537463,0.09928675,0,0,0,0,0
132,27291,0.89102684,-0.84581369,-0.05216615,0.10033892,-0.20907458,0.11947293,0,0,0,0,0
133,27500,0.92921542,-0.79761611,-0.12448811,0.11172571,-0.21872107,0.07304871,0,0,0,0,0
134,27708,0.93863830,-0.75475796,-0.19837943,0.12743549,-0.20130355,0.06084867,0,0,0,0,0
135,27916,0.95671389,-0.71611607,-0.25443854,0.15184585,-0.19035539,0.04946252,0,0,0,0,0
136,28125,0.97761028,-0.66195497,-0.32220882,0.14671378,-0.20127310,0.05824963,0,0,0,0,0
137,28333,0.99033524,-0.60409885,-0.38166771,0.15810865,-0.19961803,0.02959514,0,0,0,0,0
138,28541,0.99524820,-0.55526625,-0.43995206,0.17124041,-0.18480571,0.01454980,0,0,0,0,0
139,28750,0.99902583,-0.50882779,-0.49479743,0.16773460,-0.19920754,0.02212445,0,0,0,0,0
140,28958,1.00547019,-0.44533562,-0.55477925,0.16683061,-0.19409694,-0.03669513,0,0,0,0,0
141,29166,0.98557652,-0.38017239,-0.59850477,0.18430124,-0.15903402,-0.02263287,0,0,0,0,0
142,29375,0.97964480,-0.32825652,-0.65620529,0.19800776,-0.15523951,-0.04306345,0,0,0,0,0
143,29583,0.97311052,-0.26425446,-0.70558320,0.19291125,-0.14160844,-0.02984921,0,0,0,0,0
144,29791,0.95606201,-0.19685442,-0.74430436,0.18702212,-0.13258270,-0.07385515,0,0,0,0,0
145,30000,0.92658136,-0.13115329,-0.78960608,0.20695542,-0.13547444,-0.09027644,0,0,0,0,0
146,30208,0.88944564,-0.06697490,-0.83667891,0.21965427,-0.11477450,-0.08870716,0,0,0,0,0
147,30416,0.87228540,-0.00679995,-0.87006760,0.20319149,-0.09714258,-0.10453939,0,0,0,0,0
148,30625,0.83878484,0.05195800,-0.88722526,0.19431245,-0.07497296,-0.11363309,0,0,0,0,0
149,30833,0.79898385,0.12667604,-0.92331158,0.21181586,-0.07142877,-0.13418171,0,0,0,0,0
150,31041,0.75429275,0.18233786,-0.94695966,0.20869552,-0.04889610,-0.14612011,0,0,0,0,0
151,31250,0.70869501,0.25294867,-0.95960404,0.20278861,-0.04923010,-0.15818828,0,0,0,0,0
152,31458,0.66965073,0.31204688,-0.98087670,0.19618271,-0.01450323,-0.15393167,0,0,0,0,0
153,31666,0.61683365,0.37656953,-0.99312544,0.19179115,-0.01682020,-0.16146699,0,0,0,0,0
154,31875,0.56722865,0.44335409,-0.99741834,0.20097880,-0.00344084,-0.16519545,0,0,0,0,0
155,32083,0.50480677,0.49630458,-1.00098469,0.18740264,0.00821013,-0.14877587,0,0,0,0,0
156,32291,0.45063754,0.55602455,-0.99711822,0.17319495,-0.01120829,-0.16136756,0,0,0,0,0
157,32500,0.38314076,0.60017453,-0.98930328,0.17045186,0.02831107,-0.18013871,0,0,0,0,0
158,32708,0.33453936,0.65628407,-0.97670465,0.15601489,0.03469717,-0.18659959,0,0,0,0,0
159,32916,0.27266275,0.69737586,-0.96490030,0.14565328,0.04397353,-0.17159817,0,0,0,0,0
160,33125,0.19935546,0.74670987,-0.94500759,0.13416989,0.06253894,-0.17819461,0,0,0,0,0
161,33333,0.12538121,0.79227249,-0.92170497,0.13118933,0.06615704,-0.18426572,0,0,0,0,0
162,33541,0.07476875,0.81850321,-0.88334894,0.10880731,0.09588591,-0.18227525,0,0,0,0,0
163,33750,0.01305047,0.86254859,-0.86270908,0.09647816,0.11269872,-0.20057818,0,0,0,0,0
164,33958,-0.06494803,0.89707012,-0.84404627,0.08484342,0.10780183,-0.18369943,0,0,0,0,0
165,34166,-0.13061986,0.91978094,-0.79457729,0.07621690,0.12486469,-0.19818707,0,0,0,0,0
166,34375,-0.19556247,0.94974676,-0.75949939,0.06703465,0.12388798,-0.19419013,0,0,0,0,0
167,34583,-0.25926098,0.96473710,-0.71090234,0.03475517,0.12581272,-0.18463205,0,0,0,0,0
168,34791,-0.31503449,0.97367902,-0.66375763,0.03361241,0.14986052,-0.18089628,0,0,0,0,0
169,35000,-0.37922193,0.99364680,-0.62047576,0.02197524,0.14313698,-0.20784003,0,0,0,0,0
170,35208,-0.44647943,0.99956448,-0.55098874,0.00632862,0.15465872,-0.16633831,0,0,0,0,0
171,35416,-0.49980883,1.00128040,-0.50446475,-0.02361280,0.16829820,-0.16704391,0,0,0,0,0
172,35625,-0.55196865,1.00034922,-0.44287027,-0.01737375,0.17369352,-0.17782288,0,0,0,0,0
173,35833,-0.60922762,0.99842102,-0.39225882,-0.02562310,0.18022295,-0.16582779,0,0,0,0,0
174,36041,-0.65385350,0.98440679,-0.32812201,-0.02512964,0.19694453,-0.15087360,0,0,0,0,0
175,36250,-0.70266057,0.97282698,-0.26188031,-0.03651347,0.20055421,-0.14767773,0,0,0,0,0
176,36458,-0.74202712,0.95818609,-0.20785415,-0.05302575,0.20440006,-0.14741873,0,0,0,0,0
177,36666,-0.78514234,0.93112472,-0.12402662,-0.04638888,0.19981158,-0.13337216,0,0,0,0,0
178,36875,-0.82926339,0.90005974,-0.06541502,-0.07592511,0.18771733,-0.10780493,0,0,0,0,0
179,37083,-0.86154887,0.86833847,-0.00459885,-0.09725360,0.19884293,-0.11478680,0,0,0,0,0
180,37291,-0.89681597,0.83190437,0.05737400,-0.09390129,0.19637674,-0.09417004,0,0,0,0,0
181,37500,-0.91018043,0.79482928,0.12717157,-0.11544432,0.20390867,-0.07797677,0,0,0,0,0
182,37708,-0.94073315,0.75302034,0.18049648,-0.12022579,0.21281579,-0.06815902,0,0,0,0,0
183,37916,-0.97068335,0.70380329,0.25749895,-0.14367103,0.20311140,-0.06214068,0,0,0,0,0
184,38125,-0.98029359,0.65676530,0.32616928,-0.14933476,0.19534220,-0.05178431,0,0,0,0,0
185,38333,-0.99835730,0.60428604,0.37312407,-0.16778142,0.20000517,-0.04322399,0,0,0,0,0
186,38541,-0.99911801,0.55945747,0.43729067,-0.16133743,0.18731910,-0.01460891,0,0,0,0,0
187,38750,-0.99899982,0.50180050,0.49351037,-0.17594130,0.18030460,-0.01258670,0,0,0,0,0
188,38958,-0.99311506,0.44343352,0.55929051,-0.15380081,0.18183864,0.03168275,0,0,0,0,0
189,39166,-0.98614806,0.38134761,0.60929995,-0.17076119,0.17092662,0.02344177,0,0,0,0,0
190,39375,-0.98753868,0.32713480,0.65433035,-0.19331784,0.15005923,0.04310116,0,0,0,0,0
191,39583,-0.96520715,0.25894225,0.70495726,-0.20111437,0.13150389,0.04838384,0,0,0,0,0
192,39791,-0.94585031,0.19552724,0.75076561,-0.20428578,0.13549671,0.07559284,0,0,0,0,0
193,40000,-0.92446311,0.13855929,0.78585607,-0.20816134,0.11751916,0.06354596,0,0,0,0,0
194,40208,-0.90601621,0.06810637,0.82480300,-0.21121767,0.10304873,0.09981611,0,0,0,0,0
195,40416,-0.87242475,0.00625852,0.86274671,-0.20325468,0.08845732,0.10556720,0,0,0,0,0
196,40625,-0.83548532,-0.06302535,0.89205137,-0.20886073,0.07884904,0.14707790,0,0,0,0,0
197,40833,-0.79333205,-0.12664939,0.92330957,-0.21164896,0.06686694,0.12978157,0,0,0,0,0
198,41041,-0.76104601,-0.19021806,0.94330005,-0.18679992,0.04794038,0.13220528,0,0,0,0,0
199,41250,-0.71505815,-0.24855450,0.96729933,-0.20237519,0.03281687,0.15848528,0,0,0,0,0
200,41458,-0.66630784,-0.31449150,0.98107634,-0.19941240,0.01209686,0.15855635,0,0,0,0,0
201,41666,-0.62289271,-0.37517817,0.99510080,-0.17348365,0.01842660,0.14915975,0,0,0,0,0
202,41875,-0.56365166,-0.43482139,0.99946165,-0.16678430,0.01465381,0.18570291,0,0,0,0,0
203,42083,-0.50419925,-0.48992686,0.99028815,-0.17100009,-0.00198986,0.16086649,0,0,0,0,0
204,42291,-0.45311923,-0.54254637,0.99501391,-0.17143349,-0.02829858,0.17293114,0,0,0,0,0
205,42500,-0.39077966,-0.60132783,0.99288459,-0.17334658,-0.03331197,0.18303116,0,0,0,0,0
206,42708,-0.32969898,-0.65939037,0.98558498,-0.14705351,-0.04634431,0.18324407,0,0,0,0,0
207,42916,-0.26048692,-0.70142049,0.97027145,-0.15284669,-0.05630595,0.19281490,0,0,0,0,0
208,43125,-0.20775765,-0.74137048,0.95183971,-0.15075181,-0.06640268,0.17267476,0,0,0,0,0
209,43333,-0.13714058,-0.79618570,0.92307271,-0.12827488,-0.07756962,0.18573313,0,0,0,0,0
210,43541,-0.06103949,-0.82004046,0.90145070,-0.12184656,-0.06013006,0.18096013,0,0,0,0,0
211,43750,0.00291881,-0.85980409,0.87490534,-0.10490699,-0.10042138,0.19716362,0,0,0,0,0
212,43958,0.06850544,-0.89307752,0.83583783,-0.06858283,-0.12600504,0.20158241,0,0,0,0,0
213,44166,0.13569927,-0.92360711,0.79587457,-0.05371329,-0.10720353,0.18969579,0,0,0,0,0
214,44375,0.18900959,-0.94841331,0.75637471,-0.06135552,-0.12641235,0.19176847,0,0,0,0,0
215,44583,0.26420907,-0.96026301,0.70014327,-0.04757587,-0.12869485,0.18707807,0,0,0,0,0
216,44791,0.31009710,-0.98734069,0.66046833,-0.03675115,-0.14683924,0.17954959,0,0,0,0,0
217,45000,0.37897667,-0.98118985,0.59989251,0.00156467,-0.14084999,0.19326004,0,0,0,0,0
218,45208,0.44425036,-0.99474449,0.56004970,0.01103237,-0.16008921,0.17288200,0,0,0,0,0
219,45416,0.49938823,-0.99947843,0.50116326,-0.00001812,-0.15903054,0.17655437,0,0,0,0,0
220,45625,0.55457815,-0.99876532,0.44028716,0.02814771,-0.16576187,0.17597276,0,0,0,0,0
221,45833,0.60121261,-0.99824485,0.39139408,0.03025669,-0.18454883,0.14698203,0,0,0,0,0
222,46041,0.64189212,-0.98351945,0.32466616,0.04238986,-0.18412597,0.15494354,0,0,0,0,0
223,46250,0.70517457,-0.97717910,0.26487677,0.05506365,-0.17911339,0.13353664,0,0,0,0,0
224,46458,0.75263535,-0.95615725,0.20401972,0.05742927,-0.18981573,0.13839376,0,0,0,0,0
225,46666,0.78941920,-0.93550648,0.12978538,0.06749032,-0.18790675,0.12549282,0,0,0,0,0
226,46875,0.82820577,-0.89971226,0.07535661,0.09808148,-0.17628748,0.10767395,0,0,0,0,0
227,47083,0.86357408,-0.87086462,0.00612429,0.09270068,-0.20703661,0.10739460,0,0,0,0,0
228,47291,0.88872152,-0.83436735,-0.05758842,0.10754020,-0.20609541,0.09899979,0,0,0,0,0
229,47500,0.91968490,-0.79351986,-0.12977934,0.13303846,-0.21823606,0.07057541,0,0,0,0,0
230,47708,0.93814175,-0.74625788,-0.18575825,0.12994344,-0.21222827,0.07221660,0,0,0,0,0
231,47916,0.96879244,-0.71488549,-0.25533089,0.13557663,-0.20686777,0.05188844,0,0,0,0,0
232,48125,0.96746330,-0.65221121,-0.31765294,0.14026197,-0.19340027,0.05323317,0,0,0,0,0
233,48333,0.98882382,-0.60822363,-0.38214324,0.14607778,-0.19536974,0.00968086,0,0,0,0,0
234,48541,1.00561793,-0.55816021,-0.44722187,0.16448725,-0.19380178,0.02263458,0,0,0,0,0
235,48750,1.00169382,-0.49942689,-0.49741742,0.16338601,-0.18399993,-0.00922208,0,0,0,0,0
236,48958,0.99167947,-0.44160201,-0.55033443,0.17392823,-0.18064796,-0.01551977,0,0,0,0,0
237,49166,0.99325832,-0.37889127,-0.60743598,0.16535235,-0.16938138,-0.01202009,0,0,0,0,0
238,49375,0.98466284,-0.32508016,-0.66184673,0.19346427,-0.17145782,-0.05538463,0,0,0,0,0
239,49583,0.96686719,-0.26867048,-0.70698522,0.18581792,-0.13207772,-0.05262626,0,0,0,0,0
240,49791,0.95026711,-0.20593521,-0.74703864,0.21725354,-0.13628141,-0.07933553,0,0,0,0,0
241,50000,0.91869845,-0.13140385,-0.78743666,0.19247582,-0.12693214,-0.06908443,0,0,0,0,0
242,50208,0.89498747,-0.06761878,-0.82531803,0.19862462,-0.11003151,-0.09180765,0,0,0,0,0
243,50416,0.86999448,0.00407310,-0.86007438,0.20225628,-0.10257578,-0.08147221,0,0,0,0,0
244,50625,0.83290134,0.05322632,-0.90162822,0.19872528,-0.06885815,-0.11800014,0,0,0,0,0
245,50833,0.79496309,0.12772604,-0.92167607,0.18363943,-0.08078984,-0.12135289,0,0,0,0,0
246,51041,0.75128129,0.19429772,-0.94618610,0.20035392,-0.05254507,-0.14141124,0,0,0,0,0
247,51250,0.71922771,0.25524765,-0.96810403,0.20205828,-0.02500781,-0.12996936,0,0,0,0,0
248,51458,0.66545028,0.31548836,-0.99028743,0.19093859,-0.03716619,-0.15566346,0,0,0,0,0
249,51666,0.61957081,0.37605696,-0.99388377,0.18783041,-0.03938790,-0.14998279,0,0,0,0,0
250,51875,0.55072124,0.43568779,-0.98917438,0.18241727,-0.00868116,-0.18643780,0,0,0,0,0
251,52083,0.51075778,0.49625282,-0.99802072,0.17218050,0.00131198,-0.17244752,0,0,0,0,0
252,52291,0.44253412,0.55665169,-0.99811736,0.16785157,0.01249276,-0.18144078,0,0,0,0,0
253,52500,0.38696541,0.59773940,-0.99469323,0.18180007,0.01829085,-0.17232512,0,0,0,0,0
254,52708,0.32766996,0.65294520,-0.97607863,0.16256712,0.03824340,-0.16973609,0,0,0,0,0
255,52916,0.27354268,0.71038683,-0.95604920,0.15631161,0.05553018,-0.16496980,0,0,0,0,0
256,53125,0.20849802,0.74147124,-0.94223356,0.13152050,0.05307251,-0.19757573,0,0,0,0,0
257,53333,0.13396526,0.79203975,-0.92833292,0.13389984,0.07300172,-0.17566144,0,0,0,0,0
258,53541,0.07073075,0.81483667,-0.90052061,0.12273768,0.07568414,-0.19220978,0,0,0,0,0
259,53750,-0.00035362,0.86094379,-0.87117030,0.09344598,0.11575412,-0.17760921,0,0,0,0,0
260,53958,-0.06308940,0.89009414,-0.82094772,0.10865128,0.11672870,-0.19144626,0,0,0,0,0
261,54166,-0.12901090,0.92779873,-0.79282916,0.05938956,0.13630704,-0.17701710,0,0,0,0,0
262,54375,-0.19225418,0.93992637,-0.74985083,0.04307785,0.13631511,-0.19941234,0,0,0,0,0
263,54583,-0.26066654,0.95979376,-0.70769951,0.03316229,0.12414412,-0.18242858,0,0,0,0,0
264,54791,-0.31813591,0.97643059,-0.66044786,0.02381250,0.13851490,-0.20240644,0,0,0,0,0
265,55000,-0.37994239,0.98954256,-0.61650545,0.02373712,0.16085732,-0.19957736,0,0,0,0,0
266,55208,-0.44649713,0.99715445,-0.56531246,-0.00204697,0.15842180,-0.19425876,0,0,0,0,0
267,55416,-0.49898010,0.99921019,-0.51119779,-0.02586530,0.17529939,-0.17832599,0,0,0,0,0
268,55625,-0.55613227,1.00210019,-0.44832216,-0.02247408,0.17298250,-0.17186061,0,0,0,0,0
269,55833,-0.59587968,0.98933571,-0.39148799,-0.03061430,0.18880479,-0.15707927,0,0,0,0,0
270,56041,-0.64965126,0.98676992,-0.33073611,-0.03402067,0.20567037,-0.15033762,0,0,0,0,0
271,56250,-0.69835904,0.96607832,-0.26514184,-0.07361836,0.17744598,-0.14580431,0,0,0,0,0
272,56458,-0.75009761,0.94035067,-0.21016099,-0.06265325,0.17856612,-0.13104342,0,0,0,0,0
273,56666,-0.77968775,0.92674856,-0.14330400,-0.07087650,0.19524786,-0.12732958,0,0,0,0,0
274,56875,-0.82872886,0.90235601,-0.06613762,-0.08089097,0.19989700,-0.10870171,0,0,0,0,0
275,57083,-0.86531146,0.86384937,0.00095244,-0.08523990,0.19677854,-0.11374069,0,0,0,0,0
276,57291,-0.88165105,0.83381515,0.06791856,-0.11275363,0.20665570,-0.08868257,0,0,0,0,0
277,57500,-0.91716145,0.79216327,0.12450640,-0.11548416,0.19930064,-0.09894971,0,0,0,0,0
278,57708,-0.94805640,0.74955404,0.19074664,-0.12365948,0.19359258,-0.05520981,0,0,0,0,0
279,57916,-0.96564542,0.71029863,0.26098976,-0.13731298,0.20235626,-0.06934454,0,0,0,0,0
280,58125,-0.97521276,0.66252353,0.31068842,-0.13990852,0.20469106,-0.05726623,0,0,0,0,0
281,58333,-0.99173202,0.60297518,0.37910963,-0.16239832,0.19508056,-0.01769743,0,0,0,0,0
282,58541,-0.99743363,0.55087909,0.44213086,-0.15673010,0.20708033,-0.02358448,0,0,0,0,0
283,58750,-0.99097277,0.50424150,0.49644931,-0.17186999,0.17866940,0.00976687,0,0,0,0,0
284,58958,-1.00072280,0.43824932,0.55888139,-0.16893399,0.16586343,0.01153822,0,0,0,0,0
285,59166,-0.99349061,0.38013131,0.60706227,-0.17161702,0.16903788,0.00948807,0,0,0,0,0
286,59375,-0.96670277,0.32268286,0.65102749,-0.18013931,0.13901086,0.03812531,0,0,0,0,0
287,59583,-0.96369283,0.25919343,0.70293654,-0.20667822,0.16552512,0.03155448,0,0,0,0,0
288,59791,-0.94492505,0.19643215,0.74531042,-0.20387564,0.15046237,0.07352591,0,0,0,0,0
289,60000,-0.91717046,0.13357199,0.79681890,-0.19783019,0.13421160,0.09128916,0,0,0,0,0
290,60208,-0.89559532,0.06893086,0.83408429,-0.20529863,0.08437592,0.10135547,0,0,0,0,0
291,60416,-0.86171316,0.00598143,0.86882179,-0.20882163,0.08952781,0.10055701,0,0,0,0,0
292,60625,-0.84156668,-0.05992123,0.90011341,-0.19375782,0.07962191,0.12144646,0,0,0,0,0
293,60833,-0.79471478,-0.11679534,0.92833351,-0.21198888,0.06735359,0.11676259,0,0,0,0,0
294,61041,-0.75719195,-0.18687833,0.95883159,-0.21568775,0.06026036,0.14535261,0,0,0,0,0
295,61250,-0.70967721,-0.25409245,0.96517285,-0.20654755,0.05171097,0.15496397,0,0,0,0,0
296,61458,-0.67596135,-0.30813282,0.98141103,-0.19023881,0.04559575,0.15030169,0,0,0,0,0
297,61666,-0.62185274,-0.38204830,0.99192923,-0.17539539,0.02562787,0.15559891,0,0,0,0,0
298,61875,-0.56187884,-0.42761452,0.99940001,-0.16693002,0.00590438,0.15862183,0,0,0,0,0
299,62083,-0.50232408,-0.48221671,1.00139861,-0.18262015,-0.00372585,0.18866877,0,0,0,0,0
300,62291,-0.45473030,-0.54634315,1.00493656,-0.18335163,-0.00662001,0.16942151,0,0,0,0,0
301,62500,-0.39107406,-0.60477985,0.99802334,-0.16603318,-0.03664405,0.19170009,0,0,0,0,0
302,62708,-0.32492172,-0.64996982,0.98057648,-0.15604641,-0.03748210,0.18043335,0,0,0,0,0
303,62916,-0.26412554,-0.69674403,0.96874869,-0.16469528,-0.03092881,0.16975690,0,0,0,0,0
304,63125,-0.19423376,-0.75263880,0.93784564,-0.15481660,-0.05233347,0.17880564,0,0,0,0,0
305,63333,-0.12859374,-0.78582812,0.92544037,-0.13696865,-0.06030726,0.18555684,0,0,0,0,0
306,63541,-0.07387414,-0.82949117,0.90534714,-0.09854015,-0.07995924,0.18291990,0,0,0,0,0
307,63750,-0.00305720,-0.86743288,0.84995403,-0.09939498,-0.08484085,0.19778911,0,0,0,0,0
308,63958,0.06069598,-0.89303805,0.83577779,-0.08803012,-0.10104999,0.18709041,0,0,0,0,0
309,64166,0.13526426,-0.92172084,0.79912914,-0.06331365,-0.09846640,0.19362625,0,0,0,0,0
310,64375,0.19839224,-0.95247511,0.75305492,-0.04360845,-0.13172380,0.18984398,0,0,0,0,0
311,64583,0.25321701,-0.95832718,0.71348117,-0.04842068,-0.14441996,0.18882969,0,0,0,0,0
312,64791,0.32750722,-0.97988944,0.66089206,-0.02679565,-0.16331998,0.18441054,0,0,0,0,0
313,65000,0.37518713,-0.98802245,0.62197853,-0.01378874,-0.15437551,0.18339744,0,0,0,0,0
314,65208,0.43885746,-0.99467101,0.56563610,0.00417878,-0.15245020,0.19534644,0,0,0,0,0
315,65416,0.49303700,-1.00562508,0.50754698,0.00639297,-0.15599851,0.17526479,0,0,0,0,0
316,65625,0.55124711,-0.98975497,0.44190466,0.00256016,-0.17450041,0.17465636,0,0,0,0,0
317,65833,0.59491180,-0.98429406,0.38589002,0.02739225,-0.16701324,0.16839046,0,0,0,0,0
318,66041,0.65604217,-0.98933575,0.31735888,0.04163141,-0.18299077,0.14310049,0,0,0,0,0
319,66250,0.69470882,-0.96963635,0.26579971,0.04745552,-0.20230586,0.13268237,0,0,0,0,0
320,66458,0.74520615,-0.94979956,0.20384344,0.05283067,-0.18567780,0.11965371,0,0,0,0,0
321,66666,0.79468961,-0.93067451,0.13609107,0.05730475,-0.20384866,0.11657337,0,0,0,0,0
322,66875,0.82782239,-0.90189968,0.07049280,0.09271142,-0.20482289,0.12105492,0,0,0,0,0
323,67083,0.87292873,-0.85656131,0.00411799,0.09976796,-0.18897317,0.08646159,0,0,0,0,0
324,67291,0.89838978,-0.83572637,-0.06419335,0.10382851,-0.18967450,0.09769890,0,0,0,0,0
325,67500,0.92577311,-0.78479832,-0.12703064,0.10389772,-0.19841243,0.07358240,0,0,0,0,0
326,67708,0.94138696,-0.74627069,-0.18954441,0.13145054,-0.20900122,0.07635758,0,0,0,0,0
327,67916,0.96233944,-0.70490678,-0.26370995,0.12891638,-0.21052044,0.05280177,0,0,0,0,0
328,68125,0.98176781,-0.65253798,-0.31071182,0.12650896,-0.19189660,0.05049232,0,0,0,0,0
329,68333,0.98772753,-0.60402516,-0.38187932,0.16212770,-0.19019979,0.03864849,0,0,0,0,0
330,68541,0.99706457,-0.55266584,-0.44312291,0.14109926,-0.19134282,0.01012812,0,0,0,0,0
331,68750,1.00504294,-0.49539291,-0.49314621,0.16702381,-0.17674063,-0.00030354,0,0,0,0,0
332,68958,0.99813794,-0.44592566,-0.54742056,0.18438982,-0.17337525,-0.01709710,0,0,0,0,0
333,69166,0.98392653,-0.38547864,-0.59738295,0.18469943,-0.17162939,-0.02773242,0,0,0,0,0
334,69375,0.98415619,-0.33095096,-0.64997642,0.19585825,-0.16728181,-0.04216597,0,0,0,0,0
335,69583,0.96397699,-0.25832852,-0.71130723,0.20437274,-0.14621350,-0.05010146,0,0,0,0,0
336,69791,0.94482382,-0.20201843,-0.74752327,0.18785389,-0.13729880,-0.04643432,0,0,0,0,0
337,70000,0.93702957,-0.14216034,-0.78656574,0.20016631,-0.12429827,-0.06991194,0,0,0,0,0
338,70208,0.89924726,-0.06693961,-0.82561769,0.20128491,-0.10831848,-0.10998958,0,0,0,0,0
339,70416,0.87885061,-0.00607602,-0.87224161,0.20155916,-0.09364791,-0.11900906,0,0,0,0,0
340,70625,0.83082125,0.06879250,-0.89990308,0.20900776,-0.08532123,-0.11467443,0,0,0,0,0
341,70833,0.79386620,0.13002924,-0.92696204,0.20761891,-0.06015711,-0.13912160,0,0,0,0,0
342,71041,0.75403566,0.19714423,-0.94302416,0.20940383,-0.05675678,-0.14708869,0,0,0,0,0
343,71250,0.71178547,0.25352579,-0.96856027,0.18691040,-0.03783195,-0.16041372,0,0,0,0,0
344,71458,0.66349278,0.31810821,-0.97818345,0.19679789,-0.03798457,-0.15859199,0,0,0,0,0
345,71666,0.60977037,0.38261224,-0.99246961,0.17910188,-0.02306349,-0.17678317,0,0,0,0,0
346,71875,0.56639351,0.42507888,-0.99373316,0.18956512,-0.00193909,-0.15786545,0,0,0,0,0
347,72083,0.50660244,0.48732214,-0.99813882,0.19628970,-0.01016448,-0.16569242,0,0,0,0,0
348,72291,0.45246344,0.55054801,-0.99495681,0.18876854,0.02669642,-0.19323975,0,0,0,0,0
349,72500,0.38997879,0.59577885,-0.99924988,0.15325013,0.03045684,-0.17368380,0,0,0,0,0
350,72708,0.33953920,0.65100041,-0.98328033,0.14640819,0.03620747,-0.17677712,0,0,0,0,0
351,72916,0.26443403,0.70602677,-0.96027353,0.15188025,0.05240074,-0.18003741,0,0,0,0,0
352,73125,0.20436165,0.74992569,-0.94624295,0.13067906,0.04694143,-0.18452065,0,0,0,0,0
353,73333,0.14083165,0.79345909,-0.92722337,0.13655492,0.07453609,-0.18730461,0,0,0,0,0
354,73541,0.06283251,0.82306109,-0.90253642,0.11828606,0.06598502,-0.18536199,0,0,0,0,0
355,73750,-0.00256721,0.86806563,-0.87376513,0.10184233,0.10403578,-0.20171023,0,0,0,0,0
356,73958,-0.06823726,0.89081795,-0.82891097,0.07201377,0.09711449,-0.19732726,0,0,0,0,0
357,74166,-0.13070687,0.92524194,-0.78378215,0.07620829,0.12530930,-0.17832798,0,0,0,0,0
358,74375,-0.19534329,0.94953447,-0.76171918,0.06015387,0.11778979,-0.19268077,0,0,0,0,0
359,74583,-0.25663599,0.97619408,-0.70717108,0.04029203,0.13755955,-0.18944564,0,0,0,0,0
360,74791,-0.31257380,0.98976466,-0.66378771,0.01344962,0.14680552,-0.17374923,0,0,0,0,0
361,75000,-0.38971866,0.99600404,-0.61319177,0.03085935,0.15465140,-0.17924028,0,0,0,0,0
362,75208,-0.44881032,0.99795107,-0.55888448,-0.00695810,0.16749330,-0.16104951,0,0,0,0,0
363,75416,-0.50129301,1.00312221,-0.51270198,-0.02145176,0.15797914,-0.17892064,0,0,0,0,0
364,75625,-0.55831389,1.00280680,-0.44750564,-0.01235080,0.15650843,-0.17305801,0,0,0,0,0
365,75833,-0.61356625,0.99202030,-0.37992218,-0.01742290,0.17364734,-0.16390006,0,0,0,0,0
366,76041,-0.65770502,0.98814556,-0.32637030,-0.04557980,0.19669648,-0.14882177,0,0,0,0,0
367,76250,-0.70208658,0.97398767,-0.26466440,-0.05828286,0.18685191,-0.13460910,0,0,0,0,0
368,76458,-0.74795799,0.95495652,-0.20084454,-0.05631958,0.18840034,-0.12976813,0,0,0,0,0
369,76666,-0.79167201,0.92226497,-0.13764112,-0.05159549,0.21609613,-0.11702000,0,0,0,0,0
370,76875,-0.82692972,0.90014132,-0.06735425,-0.06433160,0.18997316,-0.12377537,0,0,0,0,0
371,77083,-0.87036924,0.87365737,0.00048023,-0.08335016,0.21132331,-0.10604957,0,0,0,0,0
372,77291,-0.88944119,0.83742045,0.05915971,-0.10047878,0.19261563,-0.08394611,0,0,0,0,0
373,77500,-0.92046720,0.79399335,0.11910497,-0.11638977,0.19217758,-0.08408913,0,0,0,0,0
374,77708,-0.94229728,0.75242286,0.19638902,-0.12714483,0.21025679,-0.08413287,0,0,0,0,0
375,77916,-0.96332612,0.70544709,0.25526018,-0.13766115,0.20614371,-0.04652388,0,0,0,0,0
376,78125,-0.98711103,0.66246903,0.31781958,-0.14232005,0.18850294,-0.05472911,0,0,0,0,0
377,78333,-0.99239473,0.60073096,0.38531571,-0.15774443,0.17233061,-0.03371327,0,0,0,0,0
378,78541,-0.99007410,0.55117779,0.43938169,-0.16434869,0.18664448,-0.01779489,0,0,0,0,0
379,78750,-0.99633909,0.49798877,0.50380679,-0.17569712,0.18036129,-0.02171728,0,0,0,0,0
380,78958,-0.99840532,0.44652767,0.56022411,-0.17846052,0.19411668,0.00074217,0,0,0,0,0
381,79166,-0.98702250,0.39210754,0.61252801,-0.18416748,0.15394448,0.02096986,0,0,0,0,0
382,79375,-0.97553481,0.32616290,0.65974507,-0.18647065,0.15424127,0.04973849,0,0,0,0,0
383,79583,-0.95907563,0.25642633,0.70542007,-0.18821515,0.14465500,0.05725428,0,0,0,0,0
384,79791,-0.94340816,0.19810212,0.74817142,-0.16809423,0.13306081,0.09530593,0,0,0,0,0
385,80000,-0.91743236,0.13037908,0.78682909,-0.18781125,0.11465544,0.10190080,0,0,0,0,0
386,80208,-0.89812965,0.06896059,0.83697004,-0.19050882,0.10237790,0.09315613,0,0,0,0,0
387,80416,-0.86361499,0.00040881,0.86575030,-0.18942387,0.09200574,0.10976043,0,0,0,0,0
388,80625,-0.83952822,-0.06210645,0.89404628,-0.19734936,0.08300116,0.11023069,0,0,0,0,0
389,80833,-0.79318242,-0.12950490,0.92708763,-0.21720964,0.07540961,0.12256740,0,0,0,0,0
390,81041,-0.75532789,-0.17967169,0.95483482,-0.19414211,0.05656854,0.13118562,0,0,0,0,0
391,81250,-0.70916426,-0.25161513,0.96759050,-0.20008282,0.03555944,0.13126734,0,0,0,0,0
392,81458,-0.65865462,-0.32063191,0.98678687,-0.19918521,0.04042006,0.14591873,0,0,0,0,0
393,81666,-0.61918855,-0.37774588,0.99789461,-0.20494964,0.02113439,0.17804262,0,0,0,0,0
394,81875,-0.55435653,-0.42837209,0.99885644,-0.19938806,0.01009567,0.17467658,0,0,0,0,0
395,82083,-0.50264143,-0.49061285,0.99869320,-0.18202642,-0.01138483,0.15330759,0,0,0,0,0
396,82291,-0.44670179,-0.55142414,1.00219964,-0.17088898,-0.00212060,0.17213846,0,0,0,0,0
397,82500,-0.39429544,-0.60676091,0.99207656,-0.16601566,-0.02397266,0.18735516,0,0,0,0,0
398,82708,-0.32969496,-0.65311857,0.98095231,-0.16188330,-0.02704091,0.17520489,0,0,0,0,0
399,82916,-0.25890758,-0.70541272,0.96420849,-0.14261903,-0.05116683,0.18718886,0,0,0,0,0
400,83125,-0.19936450,-0.74207789,0.94679208,-0.12927773,-0.06652364,0.16200730,0,0,0,0,0
401,83333,-0.12838585,-0.77702895,0.92031276,-0.11866527,-0.08622614,0.17062927,0,0,0,0,0
402,83541,-0.06443279,-0.82733882,0.89363654,-0.10493085,-0.08196293,0.18276595,0,0,0,0,0
403,83750,-0.00632077,-0.86275373,0.87660511,-0.08910325,-0.10479203,0.19150819,0,0,0,0,0
404,83958,0.06319850,-0.90049287,0.83143988,-0.10056275,-0.11625480,0.19511171,0,0,0,0,0
405,84166,0.12846657,-0.91431058,0.79814945,-0.06459256,-0.10851185,0.17374883,0,0,0,0,0
406,84375,0.19842093,-0.94291701,0.75211387,-0.06008669,-0.12257450,0.19214360,0,0,0,0,0
407,84583,0.25833854,-0.97387805,0.71660161,-0.02257847,-0.14588753,0.20137813,0,0,0,0,0
408,84791,0.32041024,-0.97895948,0.66466378,-0.01678937,-0.17315551,0.17722132,0,0,0,0,0
409,85000,0.38411343,-0.99215780,0.61229903,-0.01309913,-0.16629445,0.18654746,0,0,0,0,0
410,85208,0.43992123,-0.99849388,0.55117962,-0.00648341,-0.14048801,0.18362319,0,0,0,0,0
411,85416,0.50261478,-1.00408716,0.50260341,-0.01512006,-0.16739531,0.18380311,0,0,0,0,0
412,85625,0.55445093,-1.00002365,0.45243282,0.00565033,-0.18219517,0.17285884,0,0,0,0,0
413,85833,0.61240629,-1.00007312,0.37834334,0.02288813,-0.17301517,0.16143890,0,0,0,0,0
414,86041,0.66010625,-0.98394114,0.32394813,0.04187858,-0.19308923,0.14965332,0,0,0,0,0
415,86250,0.70441536,-0.96570601,0.24985961,0.04489186,-0.20081945,0.14368568,0,0,0,0,0
416,86458,0.75507319,-0.95168853,0.19081313,0.07428593,-0.19242972,0.15245864,0,0,0,0,0
417,86666,0.78617268,-0.93098588,0.13862407,0.06460359,-0.19709024,0.11294029,0,0,0,0,0
418,86875,0.82800284,-0.89283003,0.06543528,0.10467589,-0.21397824,0.10399802,0,0,0,0,0
419,87083,0.86257475,-0.86281269,0.00747673,0.08021962,-0.20540234,0.10655872,0,0,0,0,0
420,87291,0.89518306,-0.83845205,-0.05457187,0.11062456,-0.21357636,0.08033797,0,0,0,0,0
421,87500,0.91791315,-0.79651966,-0.12727460,0.11308152,-0.19953265,0.06826069,0,0,0,0,0
422,87708,0.94495349,-0.75217161,-0.19121131,0.12142696,-0.20324301,0.09514312,0,0,0,0,0
423,87916,0.96096739,-0.70570991,-0.25857601,0.13389471,-0.18932145,0.06017078,0,0,0,0,0
424,88125,0.97217624,-0.65603453,-0.31710370,0.13604344,-0.20911642,0.05086304,0,0,0,0,0
425,88333,0.98963042,-0.61010436,-0.38011729,0.15576279,-0.18994165,0.03106101,0,0,0,0,0
426,88541,0.99847720,-0.56040227,-0.44619815,0.15399874,-0.19434773,0.02708593,0,0,0,0,0
427,88750,0.99438188,-0.49920768,-0.50010539,0.17162653,-0.17492669,0.00650174,0,0,0,0,0
428,88958,0.99579356,-0.44713903,-0.54671305,0.18062341,-0.19688887,-0.02093968,0,0,0,0,0
429,89166,0.99399112,-0.38163262,-0.59985460,0.18462793,-0.15432212,-0.02174620,0,0,0,0,0
430,89375,0.98416428,-0.32128890,-0.65644196,0.18370415,-0.14775962,-0.04702473,0,0,0,0,0
431,89583,0.97000525,-0.25313468,-0.71857762,0.20750882,-0.14411387,-0.05843072,0,0,0,0,0
432,89791,0.94250975,-0.19224574,-0.74529781,0.18004659,-0.11785417,-0.07528128,0,0,0,0,0
433,90000,0.93625330,-0.13136715,-0.79813630,0.20488101,-0.12589421,-0.09854478,0,0,0,0,0
434,90208,0.89095125,-0.07180688,-0.83287626,0.21903204,-0.09349536,-0.08873856,0,0,0,0,0
435,90416,0.86749416,-0.00895030,-0.86478779,0.21359395,-0.08673239,-0.12232987,0,0,0,0,0
436,90625,0.82308514,0.06588126,-0.88876462,0.19127712,-0.08193291,-0.11914415,0,0,0,0,0
437,90833,0.79229606,0.12763549,-0.92504929,0.19410444,-0.05053989,-0.15383684,0,0,0,0,0
438,91041,0.75203823,0.18618863,-0.94404319,0.19836312,-0.05001760,-0.13008835,0,0,0,0,0
439,91250,0.71863294,0.25463987,-0.97495650,0.18540232,-0.04400324,-0.14799469,0,0,0,0,0
440,91458,0.67345887,0.31568909,-0.98009518,0.18671567,-0.02098645,-0.15912811,0,0,0,0,0
441,91666,0.61591554,0.37622153,-0.98674391,0.17515623,-0.02185896,-0.16382237,0,0,0,0,0
442,91875,0.55932665,0.43808437,-0.99994001,0.19215054,-0.01833698,-0.16582256,0,0,0,0,0
443,92083,0.49324566,0.49200545,-1.00046308,0.19081842,0.00692622,-0.16795360,0,0,0,0,0
444,92291,0.44422493,0.54483853,-0.98982642,0.16687961,0.01692656,-0.16887846,0,0,0,0,0
445,92500,0.37923045,0.61349820,-0.99210755,0.16280478,0.02550234,-0.16840045,0,0,0,0,0
446,92708,0.32340451,0.65394816,-0.97710797,0.14790856,0.03545374,-0.16295685,0,0,0,0,0
447,92916,0.26207029,0.70601862,-0.96825134,0.15325015,0.04219872,-0.18203354,0,0,0,0,0
448,93125,0.20050244,0.74029623,-0.94558109,0.12920044,0.05094053,-0.19311445,0,0,0,0,0
449,93333,0.13337189,0.78323228,-0.92764212,0.11453671,0.08137014,-0.18682347,0,0,0,0,0
450,93541,0.06634704,0.82388591,-0.90348713,0.11798627,0.08459709,-0.21200268,0,0,0,0,0
451,93750,0.00015209,0.85876638,-0.86779432,0.10872513,0.09567535,-0.20345173,0,0,0,0,0
452,93958,-0.06398908,0.88974001,-0.82558173,0.08372395,0.09228101,-0.18988608,0,0,0,0,0
453,94166,-0.12344895,0.91758009,-0.79284489,0.05154773,0.12507176,-0.19827769,0,0,0,0,0
454,94375,-0.19045824,0.94979690,-0.74963604,0.06549909,0.12073990,-0.18737322,0,0,0,0,0
455,94583,-0.26118252,0.96172462,-0.71516694,0.02484621,0.13200332,-0.19390070,0,0,0,0,0
456,94791,-0.32225418,0.97007669,-0.65200687,0.01552889,0.15178085,-0.18905830,0,0,0,0,0
457,95000,-0.37197050,0.99286319,-0.60799400,0.01206166,0.14699190,-0.19073267,0,0,0,0,0
458,95208,-0.44413155,0.99695827,-0.56523970,0.00723639,0.16160713,-0.17826988,0,0,0,0,0
459,95416,-0.49517924,1.00982772,-0.50771885,-0.01094746,0.16972431,-0.18243763,0,0,0,0,0
460,95625,-0.54854494,1.00037109,-0.45590616,-0.00417769,0.17697434,-0.18320768,0,0,0,0,0
461,95833,-0.60594582,1.00116601,-0.39731311,-0.02517906,0.18225013,-0.15166746,0,0,0,0,0
462,96041,-0.65929090,0.98333504,-0.32614759,-0.03774374,0.18919400,-0.14797451,0,0,0,0,0
463,96250,-0.71265051,0.96690897,-0.27693149,-0.06218905,0.20010980,-0.13871659,0,0,0,0,0
464,96458,-0.74458086,0.95385874,-0.20129401,-0.04622915,0.19747260,-0.11671250,0,0,0,0,0
465,96666,-0.78776159,0.92137450,-0.14085742,-0.07200075,0.21330926,-0.13627837,0,0,0,0,0
466,96875,-0.83063206,0.90574019,-0.06901748,-0.09172053,0.19810948,-0.10556372,0,0,0,0,0
467,97083,-0.85904453,0.86673201,-0.00525803,-0.09904329,0.20227577,-0.10247074,0,0,0,0,0
468,97291,-0.89228301,0.82563260,0.05303259,-0.08971578,0.22552621,-0.10970901,0,0,0,0,0
469,97500,-0.92435934,0.79719469,0.12464042,-0.11169538,0.19552812,-0.08029620,0,0,0,0,0
470,97708,-0.95126035,0.75142772,0.19178257,-0.12671293,0.19599651,-0.06466596,0,0,0,0,0
471,97916,-0.96585957,0.70129029,0.25579386,-0.14005767,0.19641483,-0.06940296,0,0,0,0,0
472,98125,-0.97195661,0.66136519,0.31805355,-0.13915883,0.21328103,-0.05151105,0,0,0,0,0
473,98333,-0.98684088,0.60626398,0.38630417,-0.16727108,0.19833905,-0.03643285,0,0,0,0,0
474,98541,-0.99506377,0.55937888,0.44547767,-0.16010855,0.19668836,-0.02795554,0,0,0,0,0
475,98750,-0.99723322,0.50003337,0.49214853,-0.17437134,0.17948825,0.00446990,0,0,0,0,0
476,98958,-1.00166113,0.44588392,0.54635457,-0.19079783,0.16647818,0.02678185,0,0,0,0,0
477,99166,-0.99356743,0.38326107,0.60003186,-0.18669746,0.15678967,0.02058590,0,0,0,0,0
478,99375,-0.98036114,0.31659602,0.65604589,-0.20355052,0.15368196,0.03872946,0,0,0,0,0
479,99583,-0.96638694,0.26654277,0.70592965,-0.19959686,0.15615924,0.05757656,0,0,0,0,0
480,99791,-0.95274986,0.19534522,0.75879795,-0.21945034,0.13233160,0.07996197,0,0,0,0,0
481,100000,-0.93046254,0.12491676,0.78702659,-0.20682456,0.12493489,0.06717964,0,0,0,0,0
482,100208,-0.89582280,0.06811757,0.82972479,-0.21409316,0.08770037,0.09749418,0,0,0,0,0
483,100416,-0.85898199,0.00152493,0.86263869,-0.20339762,0.09007694,0.10097180,0,0,0,0,0
484,100625,-0.81053239,-0.05564462,0.89591714,-0.20444558,0.07357824,0.11932982,0,0,0,0,0
485,100833,-0.75545736,-0.12804143,0.91849838,-0.19938444,0.06894670,0.12857037,0,0,0,0,0
486,101041,-0.68687608,-0.18897854,0.93505286,-0.18902425,0.07043771,0.14751771,0,0,0,0,0
487,101250,-0.63109549,-0.24800639,0.95576270,-0.18772552,0.05116782,0.15181548,0,0,0,0,0
488,101458,-0.55848448,-0.31111607,0.97452137,-0.20299010,0.02466613,0.15179375,0,0,0,0,0
489,101666,-0.49706395,-0.36496810,0.97167601,-0.19883122,0.00499344,0.16025792,0,0,0,0,0
490,101875,-0.41606114,-0.42115592,0.98164781,-0.20896611,0.01155882,0.17247958,0,0,0,0,0
491,102083,-0.34726467,-0.48498741,0.96954253,-0.20107261,-0.00173490,0.16277224,0,0,0,0,0
492,102291,-0.29429661,-0.52969257,0.96840213,-0.18622647,-0.01168236,0.18383413,0,0,0,0,0
493,102500,-0.23927709,-0.57172263,0.94778754,-0.20948040,-0.02978999,0.16156995,0,0,0,0,0
494,102708,-0.18762522,-0.62947229,0.93746057,-0.18065548,-0.02807117,0.20311353,0,0,0,0,0
495,102916,-0.12998593,-0.67321084,0.92138261,-0.21921304,-0.04881791,0.19582992,0,0,0,0,0
496,103125,-0.09063222,-0.70312400,0.89714960,-0.19545307,-0.07057368,0.18321088,0,0,0,0,0
497,103333,-0.04671265,-0.74619898,0.87592641,-0.20171091,-0.05596156,0.18812697,0,0,0,0,0
498,103541,-0.02298789,-0.76510256,0.85211916,-0.21027966,-0.07756197,0.18002447,0,0,0,0,0
499,103750,-0.00424348,-0.80611594,0.79884539,-0.16932609,-0.07945049,0.18249996,0,0,0,0,0
500,103958,0.02244727,-0.83506031,0.76609992,-0.16660427,-0.09379975,0.18826119,0,0,0,0,0
501,104166,0.02223843,-0.85598902,0.72767723,-0.14882097,-0.10393066,0.18217388,0,0,0,0,0
502,104375,0.04454067,-0.86581989,0.70512990,-0.14316612,-0.09790615,0.17799628,0,0,0,0,0
503,104583,0.05549873,-0.89582386,0.65071823,-0.10669005,-0.12109016,0.18862893,0,0,0,0,0
504,104791,0.06769433,-0.90445302,0.60809742,-0.09448140,-0.14946816,0.17459563,0,0,0,0,0
505,105000,0.07365913,-0.91410462,0.56639601,-0.05243593,-0.15307337,0.17369293,0,0,0,0,0
506,105208,0.08747597,-0.93218278,0.51529202,-0.03572398,-0.15202174,0.16583593,0,0,0,0,0
507,105416,0.09709365,-0.92441131,0.46675731,0.01314780,-0.16906149,0.16177110,0,0,0,0,0
508,105625,0.11323291,-0.92158705,0.40938903,0.04546433,-0.17157882,0.15415288,0,0,0,0,0
509,105833,0.12493952,-0.91958075,0.36516287,0.09799029,-0.15037730,0.13419521,0,0,0,0,0
510,106041,0.12698904,-0.90218035,0.29638756,0.13195331,-0.15854236,0.11452982,0,0,0,0,0
511,106250,0.14427721,-0.88834026,0.24388916,0.18792346,-0.16161971,0.12365504,0,0,0,0,0
512,106458,0.14352288,-0.87410455,0.18709661,0.23235783,-0.17843825,0.12564190,0,0,0,0,0
513,106666,0.15652694,-0.85916726,0.12950298,0.29387267,-0.18223359,0.11650158,0,0,0,0,0
514,106875,0.16986290,-0.83261754,0.06789842,0.34487737,-0.17675685,0.10012570,0,0,0,0,0
515,107083,0.17001543,-0.79378103,0.00379370,0.40672951,-0.16369872,0.07917958,0,0,0,0,0
516,107291,0.17617801,-0.75513018,-0.05888648,0.48329568,-0.17427094,0.06275505,0,0,0,0,0
517,107500,0.18506664,-0.72639758,-0.10713866,0.53766744,-0.16307725,0.07363869,0,0,0,0,0
518,107708,0.17359207,-0.68996129,-0.18237770,0.58931662,-0.15163731,0.07113496,0,0,0,0,0
519,107916,0.18921642,-0.65561949,-0.23084399,0.67810944,-0.16788085,0.04855257,0,0,0,0,0
520,108125,0.19387172,-0.60610565,-0.29928346,0.75765850,-0.17203076,0.05308606,0,0,0,0,0
521,108333,0.19692583,-0.56660305,-0.34746589,0.81505547,-0.13753812,0.03259200,0,0,0,0,0
522,108541,0.20044877,-0.50855533,-0.40005449,0.88399524,-0.14498257,0.01151286,0,0,0,0,0
523,108750,0.19966691,-0.46253858,-0.46473390,0.94804206,-0.15282494,-0.00935718,0,0,0,0,0
524,108958,0.20559028,-0.41405750,-0.50577187,1.01472349,-0.14421666,-0.01540275,0,0,0,0,0
525,109166,0.20697552,-0.35621005,-0.56126640,1.07736707,-0.11808902,-0.04255052,0,0,0,0,0
526,109375,0.19560788,-0.29629123,-0.61615986,1.14634486,-0.12206709,-0.02707758,0,0,0,0,0
527,109583,0.18992228,-0.24027179,-0.64453192,1.19401103,-0.12140466,-0.03855288,0,0,0,0,0
528,109791,0.19573082,-0.18290749,-0.69513076,1.24344894,-0.11269857,-0.04259622,0,0,0,0,0
529,110000,0.18367843,-0.12252035,-0.73165866,1.31314071,-0.08374071,-0.06233162,0,0,0,0,0
530,110208,0.17651003,-0.07002561,-0.77105294,1.36763563,-0.07507565,-0.07492634,0,0,0,0,0
531,110416,0.17771283,-0.00967421,-0.79944131,1.38412192,-0.05404980,-0.07635813,0,0,0,0,0
532,110625,0.16699596,0.05103276,-0.81763063,1.45609850,-0.08579259,-0.08779062,0,0,0,0,0
533,110833,0.16368640,0.10866335,-0.84103580,1.47026247,-0.04972965,-0.08331771,0,0,0,0,0
534,111041,0.14773440,0.17469533,-0.87568003,1.48405622,-0.04958907,-0.08345822,0,0,0,0,0
535,111250,0.14104524,0.22593146,-0.89007313,1.51068179,-0.04664380,-0.10804830,0,0,0,0,0
536,111458,0.13721681,0.29212106,-0.90154520,1.49618308,-0.02515854,-0.09198537,0,0,0,0,0
537,111666,0.11189158,0.33945038,-0.91784802,1.49787262,-0.01149858,-0.09806875,0,0,0,0,0
538,111875,0.10999542,0.40585209,-0.91503427,1.47042914,0.00326336,-0.11710177,0,0,0,0,0
539,112083,0.10627611,0.45663420,-0.91270044,1.46749206,0.01857692,-0.11377343,0,0,0,0,0
540,112291,0.08839439,0.49898592,-0.92356716,1.44337028,-0.00148008,-0.12189349,0,0,0,0,0
541,112500,0.08303074,0.55796179,-0.90434304,1.39671622,0.01892708,-0.12215523,0,0,0,0,0
542,112708,0.06165187,0.60182145,-0.90705064,1.34990795,0.01893007,-0.12963270,0,0,0,0,0
543,112916,0.05396143,0.65226032,-0.88864444,1.28407540,0.01849679,-0.13087263,0,0,0,0,0
544,113125,0.03841154,0.68740368,-0.85715966,1.24538066,0.05082856,-0.11929936,0,0,0,0,0
545,113333,0.01868356,0.71823128,-0.83928965,1.13760335,0.05635122,-0.13020683,0,0,0,0,0
546,113541,0.01206355,0.75982936,-0.83093163,1.08970482,0.05667467,-0.13026026,0,0,0,0,0
547,113750,-0.00178349,0.79327349,-0.79201866,0.97333645,0.06492655,-0.11013809,0,0,0,0,0
548,113958,-0.01587445,0.82039903,-0.77168228,0.86507646,0.06205199,-0.10951289,0,0,0,0,0
549,114166,-0.03017890,0.85098757,-0.72807277,0.77299067,0.07512716,-0.11617913,0,0,0,0,0
550,114375,-0.03176203,0.87518569,-0.69522168,0.65954238,0.07866507,-0.11951782,0,0,0,0,0
551,114583,-0.05497682,0.89048120,-0.64975354,0.54236564,0.07941448,-0.09920282,0,0,0,0,0
552,114791,-0.06248176,0.89724237,-0.60798620,0.40863111,0.09372828,-0.12151565,0,0,0,0,0
553,115000,-0.07698353,0.91455944,-0.56257764,0.29961312,0.08418847,-0.10437754,0,0,0,0,0
554,115208,-0.08407041,0.91897067,-0.51650303,0.15461440,0.10397344,-0.11739463,0,0,0,0,0
555,115416,-0.09101955,0.91804604,-0.45376955,0.00895783,0.10938229,-0.10532600,0,0,0,0,0
556,115625,-0.10296439,0.92781197,-0.41483486,-0.13789452,0.10508892,-0.09980875,0,0,0,0,0
557,115833,-0.12386427,0.91563873,-0.36126577,-0.25489753,0.10287483,-0.08208380,0,0,0,0,0
558,116041,-0.12840537,0.90176791,-0.29404612,-0.43068074,0.10085819,-0.08932180,0,0,0,0,0
559,116250,-0.13474893,0.89165048,-0.24962637,-0.57672241,0.10037913,-0.08039937,0,0,0,0,0
560,116458,-0.15097150,0.87588343,-0.18069969,-0.72763045,0.10883293,-0.07621341,0,0,0,0,0
561,116666,-0.15272322,0.86171100,-0.12778709,-0.85878761,0.09686147,-0.06714909,0,0,0,0,0
562,116875,-0.16524614,0.83068018,-0.07025349,-1.01493409,0.09600664,-0.05802516,0,0,0,0,0
563,117083,-0.17876102,0.79589675,0.00033523,-1.16716979,0.09594754,-0.05565520,0,0,0,0,0
564,117291,-0.16866251,0.77003937,0.05687505,-1.29188092,0.10049758,-0.04075135,0,0,0,0,0
565,117500,-0.19273903,0.73176051,0.11620250,-1.42460085,0.09415682,-0.02407948,0,0,0,0,0
566,117708,-0.19570113,0.68449251,0.17678077,-1.56652838,0.08970912,-0.02111687,0,0,0,0,0
567,117916,-0.19509628,0.64401492,0.23846990,-1.67730556,0.09220797,-0.00755531,0,0,0,0,0
568,118125,-0.19123274,0.60261494,0.28583280,-1.77729792,0.09600100,-0.02517228,0,0,0,0,0
569,118333,-0.19511160,0.55509417,0.35520224,-1.89143953,0.09131359,-0.00818288,0,0,0,0,0
570,118541,-0.18992664,0.50589544,0.39619060,-1.99513143,0.09346719,-0.00618806,0,0,0,0,0
571,118750,-0.19483278,0.46291477,0.45252213,-2.09630683,0.09779042,0.01876798,0,0,0,0,0
572,118958,-0.19862931,0.41284479,0.51287951,-2.17823857,0.08672333,0.01243838,0,0,0,0,0
573,119166,-0.19216703,0.34745449,0.56315732,-2.23921222,0.06897527,0.01874214,0,0,0,0,0
574,119375,-0.19754136,0.29752201,0.60187188,-2.32911550,0.08584068,0.02231581,0,0,0,0,0
575,119583,-0.19261587,0.24724732,0.65275661,-2.36311750,0.06998400,0.02317208,0,0,0,0,0
576,119791,-0.19193485,0.18753972,0.68816294,-2.40760594,0.06877091,0.05442185,0,0,0,0,0
577,120000,-0.17961174,0.12257245,0.72002982,-2.43399722,0.06494753,0.02608246,0,0,0,0,0
578,120208,-0.18148779,0.06213428,0.76046381,-2.44034964,0.05814386,0.04249896,0,0,0,0,0
579,120416,-0.18029688,0.01215245,0.78886987,-2.44441836,0.06835144,0.05872911,0,0,0,0,0
580,120625,-0.17357963,-0.04863223,0.82460379,-2.45352627,0.04323518,0.04845932,0,0,0,0,0
581,120833,-0.16503312,-0.10786440,0.85127058,-2.44709001,0.04849669,0.05802806,0,0,0,0,0
582,121041,-0.14889703,-0.17583976,0.87356698,-2.39402852,0.03280061,0.07555378,0,0,0,0,0
583,121250,-0.14329512,-0.23450589,0.88240256,-2.36631192,0.02721520,0.06844161,0,0,0,0,0
584,121458,-0.13290051,-0.29655640,0.90497802,-2.32530654,0.01683137,0.06356530,0,0,0,0,0
585,121666,-0.12101197,-0.34608214,0.91531526,-2.27711537,-0.00159148,0.09706939,0,0,0,0,0
586,121875,-0.10981308,-0.40438216,0.92483234,-2.19854131,0.01293551,0.08303676,0,0,0,0,0
587,122083,-0.10287304,-0.45537213,0.91693167,-2.13515277,0.00754575,0.08287273,0,0,0,0,0
588,122291,-0.09018061,-0.51814225,0.91202920,-2.04801151,-0.03378858,0.10196169,0,0,0,0,0
589,122500,-0.07999928,-0.55774502,0.90705551,-1.94114307,-0.01302262,0.08307674,0,0,0,0,0
590,122708,-0.06356571,-0.59581937,0.90193037,-1.84306095,-0.01805588,0.08075893,0,0,0,0,0
591,122916,-0.05329111,-0.64584302,0.88694700,-1.73512481,-0.02560733,0.09464251,0,0,0,0,0
592,123125,-0.04433630,-0.70183570,0.86870849,-1.61288508,-0.02727965,0.10006745,0,0,0,0,0
593,123333,-0.02644652,-0.72321818,0.84570513,-1.51069915,-0.04181371,0.08363690,0,0,0,0,0
594,123541,-0.01039543,-0.75580283,0.82704820,-1.36058497,-0.04201237,0.09484703,0,0,0,0,0
595,123750,0.00824820,-0.80189216,0.79885778,-1.22485076,-0.03220849,0.10115407,0,0,0,0,0
596,123958,0.00674095,-0.82193353,0.76361121,-1.08093252,-0.07180802,0.09539059,0,0,0,0,0
597,124166,0.01930287,-0.84989923,0.74229155,-0.94326887,-0.05536464,0.09125433,0,0,0,0,0
598,124375,0.03157897,-0.86767181,0.68650207,-0.79643698,-0.06892149,0.08891573,0,0,0,0,0
599,124583,0.04836589,-0.88462346,0.65012901,-0.63805200,-0.07546134,0.09509298,0,0,0,0,0
600,124791,0.06313419,-0.90321908,0.60453040,-0.47676246,-0.06181481,0.09892839,0,0,0,0,0
601,125000,0.07406120,-0.91247282,0.55993957,-0.32954427,-0.07836637,0.09052738,0,0,0,0,0
602,125208,0.08099255,-0.91036832,0.51425492,-0.16137240,-0.08483815,0.07668072,0,0,0,0,0
603,125416,0.10683111,-0.90177466,0.46654651,-0.04261257,-0.08504266,0.08087529,0,0,0,0,0
604,125624,0.10134894,-0.91662067,0.41249586,0.13276620,-0.10059820,0.08931297,0,0,0,0,0
605,125833,0.13005385,-0.91372768,0.37197764,0.31974472,-0.07960882,0.07980635,0,0,0,0,0
606,126041,0.13402202,-0.90853951,0.29373294,0.47136726,-0.08910081,0.05960541,0,0,0,0,0
607,126250,0.14778675,-0.89253715,0.24259948,0.62854398,-0.10298493,0.09113047,0,0,0,0,0
608,126458,0.14455009,-0.87432275,0.18893319,0.77333476,-0.10280183,0.07360471,0,0,0,0,0
609,126666,0.15598210,-0.85246558,0.11218015,0.91092286,-0.09850660,0.06892078,0,0,0,0,0
610,126874,0.16435417,-0.83881467,0.06958201,1.08642402,-0.09090227,0.05102898,0,0,0,0,0
611,127083,0.17008783,-0.80199532,0.01236408,1.22331683,-0.10899363,0.05183606,0,0,0,0,0
612,127291,0.17980008,-0.76778831,-0.05704254,1.36517225,-0.10800854,0.03980895,0,0,0,0,0
613,127500,0.18536531,-0.73263207,-0.11931965,1.46263393,-0.09360644,0.04423393,0,0,0,0,0
614,127708,0.18437243,-0.69027368,-0.17836688,1.61808365,-0.10376212,0.03766430,0,0,0,0,0
615,127916,0.20221226,-0.64159245,-0.23335090,1.73471217,-0.10019091,0.00683581,0,0,0,0,0
616,128124,0.19025003,-0.60346444,-0.29237176,1.84094356,-0.09159430,0.03275099,0,0,0,0,0
617,128333,0.20050203,-0.55754220,-0.34676666,1.93831773,-0.10832488,0.02090372,0,0,0,0,0
618,128541,0.20064773,-0.50733870,-0.40901672,2.02496810,-0.08142141,0.01380031,0,0,0,0,0
619,128750,0.20126205,-0.45343093,-0.45344020,2.12227377,-0.09348743,-0.00657367,0,0,0,0,0
620,128958,0.18706125,-0.39353915,-0.50976120,2.18845229,-0.06397197,-0.00287827,0,0,0,0,0
621,129166,0.19730084,-0.35224848,-0.54533717,2.26670951,-0.06101368,-0.03056256,0,0,0,0,0
622,129374,0.19524226,-0.29669183,-0.60959747,2.31211838,-0.06139995,-0.01342362,0,0,0,0,0
623,129583,0.19510229,-0.23922314,-0.64147836,2.36132382,-0.07869768,-0.02655493,0,0,0,0,0
624,129791,0.18283579,-0.18098248,-0.69339517,2.39240732,-0.07675390,-0.02525743,0,0,0,0,0
625,130000,0.18659286,-0.12744694,-0.73457467,2.42744578,-0.06358393,-0.05095025,1,0,1,0,0
626,130208,0.18380083,-0.06380905,-0.76375662,2.44443956,-0.04745822,-0.05121421,1,0,1,0,0
627,130416,0.17700801,-0.00790071,-0.80175542,2.46256027,-0.04217820,-0.05292680,1,0,1,0,0
628,130624,0.16712038,0.06080220,-0.82286947,2.44669640,-0.04634204,-0.05411008,1,0,1,0,0
629,130833,0.16540102,0.13151221,-0.84496971,2.40232562,-0.06302448,-0.05698656,1,0,1,0,0
630,131041,0.15576945,0.17666583,-0.87384085,2.42991627,-0.03105631,-0.05053207,1,0,1,0,0
631,131250,0.13897942,0.23802063,-0.89327416,2.36332649,-0.04178815,-0.07376096,1,0,1,0,0
632,131458,0.13400120,0.29749317,-0.89793932,2.30670322,-0.01719551,-0.08088157,1,0,1,0,0
633,131666,0.12792396,0.34245965,-0.91763874,2.27828448,-0.01363927,-0.06569103,1,0,1,0,0
634,131875,0.12054303,0.40648814,-0.92592821,2.21051301,-0.01720546,-0.08881655,1,0,1,0,0
635,132083,0.09815574,0.45781597,-0.91530263,2.12363889,0.01738967,-0.07963992,1,0,1,0,0
636,132291,0.08535669,0.49938837,-0.91644619,2.03062929,0.00696882,-0.09917496,1,0,1,0,0
637,132500,0.07255060,0.55509087,-0.91134515,1.95257667,0.01970786,-0.09971911,1,0,1,0,0
638,132708,0.05895163,0.58955823,-0.90564275,1.84479009,0.02969828,-0.07847051,1,0,1,0,0
639,132916,0.05286502,0.63817289,-0.88383139,1.74012312,0.01785668,-0.08783283,1,0,1,0,0
640,133125,0.03667470,0.68185419,-0.86585703,1.62381981,0.03438287,-0.09295486,1,0,1,0,0
641,133333,0.02982920,0.71947326,-0.85835882,1.48048847,0.02350913,-0.08764003,1,0,1,0,0
642,133541,0.01079101,0.76926237,-0.80958280,1.36402056,0.04271313,-0.09715470,1,0,1,0,0
643,133750,-0.00503480,0.78837085,-0.80314652,1.22928869,0.04242727,-0.10334711,1,0,1,0,0
644,133958,-0.00780458,0.82454518,-0.76833926,1.09194362,0.05426059,-0.10418542,1,0,1,0,0
645,134166,-0.02595641,0.84786897,-0.73302918,0.94730493,0.05905701,-0.09486968,1,0,1,0,0
646,134375,-0.03448829,0.86945891,-0.70323835,0.78083839,0.05772294,-0.09959477,1,0,1,0,0
647,134583,-0.05403971,0.88581082,-0.65766218,0.63783074,0.07966260,-0.09998478,1,0,1,0,0
648,134791,-0.05538777,0.89882839,-0.61266468,0.48537068,0.07996971,-0.07783077,1,0,1,0,0
649,135000,-0.07450113,0.91659212,-0.56571650,0.32752815,0.07795058,-0.08601940,1,0,1,0,0
650,135208,-0.09371922,0.90706042,-0.51952738,0.18093081,0.10845378,-0.09873304,1,0,1,0,0
651,135416,-0.10783694,0.92714640,-0.45922350,0.01735117,0.07510586,-0.07125794,1,0,1,0,0
652,135625,-0.10913870,0.91846268,-0.41078716,-0.12222126,0.07693967,-0.09067577,1,0,1,0,0
653,135833,-0.11901084,0.91632641,-0.35332764,-0.32030293,0.10686350,-0.08075029,1,0,1,0,0
654,136041,-0.12760931,0.90916377,-0.30355651,-0.45869958,0.10367931,-0.07518014,1,0,1,0,0
655,136250,-0.14955539,0.89884049,-0.24105322,-0.62077649,0.10794658,-0.06246865,1,0,1,0,0
656,136458,-0.15828010,0.87109285,-0.18479998,-0.78096819,0.11247782,-0.05782585,1,0,1,0,0
657,136666,-0.16678155,0.85121722,-0.12242859,-0.92455529,0.11305240,-0.07243353,1,0,1,0,0
658,136875,-0.17001752,0.82022763,-0.07124084,-1.06257557,0.09167122,-0.04960030,1,0,1,0,0
659,137083,-0.16928361,0.80107440,0.00053443,-1.21897558,0.09865512,-0.05724008,1,0,1,0,0
660,137291,-0.17848567,0.77691682,0.05627524,-1.34228788,0.10696672,-0.04165330,1,0,1,0,0
661,137500,-0.19258151,0.72837023,0.11602941,-1.48029240,0.08594838,-0.05084707,1,0,1,0,0
662,137708,-0.19639455,0.69108299,0.18276834,-1.60686110,0.09120027,-0.02495786,1,0,1,0,0
663,137916,-0.19103216,0.65311865,0.23359785,-1.70146365,0.11464742,-0.03440549,1,0,1,0,0
664,138125,-0.19006959,0.60614624,0.29125518,-1.84419485,0.08321329,-0.01395351,1,0,1,0,0
665,138333,-0.19545782,0.56408937,0.35635853,-1.93043046,0.09766193,-0.01431283,1,0,1,0,0
666,138541,-0.19159476,0.51113169,0.40284649,-2.02023176,0.09050872,0.00175966,1,0,1,0,0
667,138750,-0.19784762,0.46556615,0.45697147,-2.11200269,0.09148404,0.00074528,1,0,1,0,0
668,138958,-0.19178048,0.40581185,0.50156867,-2.19552288,0.07102886,0.00919379,1,0,1,0,0
669,139166,-0.18608851,0.35441915,0.55343835,-2.25705707,0.08463040,0.00597434,1,0,1,0,0
670,139375,-0.19712191,0.29347228,0.60959169,-2.33025571,0.05859050,0.02057109,1,0,1,0,0
671,139583,-0.18961583,0.23802463,0.64975406,-2.37250965,0.06776170,0.00734143,1,0,1,0,0
672,139791,-0.20024704,0.18372187,0.68437054,-2.39229407,0.06506605,0.03977872,1,0,1,0,0
673,140000,-0.18130378,0.12418177,0.72528585,-2.43325045,0.06361748,0.05913820,1,0,1,1,0
674,140208,-0.18499866,0.06946143,0.75895494,-2.45489565,0.06811739,0.04546682,1,0,1,1,0
675,140416,-0.17056539,0.00624439,0.79763467,-2.44615096,0.04173610,0.05938963,1,0,1,1,0
676,140625,-0.16912182,-0.05609231,0.82697291,-2.45024446,0.05385009,0.04732499,1,0,1,1,0
677,140833,-0.15715415,-0.11772828,0.84686351,-2.42532342,0.05291301,0.06753229,1,0,1,1,0
678,141041,-0.15717210,-0.17400028,0.86613213,-2.38601589,0.02525632,0.06967142,1,0,1,1,0
679,141250,-0.14420623,-0.22871706,0.88072357,-2.37029456,0.00977406,0.07647269,1,0,1,1,0
680,141458,-0.12919536,-0.29440297,0.91004319,-2.32752161,0.01669139,0.07934910,1,0,1,1,0
681,141666,-0.12112781,-0.33352927,0.91111335,-2.27778828,0.02513338,0.07937186,1,0,1,1,0
682,141875,-0.12199819,-0.40903099,0.92091603,-2.20975903,0.01959738,0.08070505,1,0,1,1,0
683,142083,-0.10191888,-0.45942996,0.91444769,-2.13096524,-0.00670681,0.08147057,1,0,1,1,0
684,142291,-0.09278184,-0.50891232,0.91555209,-2.05764269,-0.00452105,0.10519785,1,0,1,1,0
685,142500,-0.08263368,-0.55100083,0.90530808,-1.94024545,-0.00523528,0.09408067,1,0,1,1,0
686,142708,-0.06889596,-0.59512383,0.90416955,-1.85181381,-0.00900457,0.09235419,1,0,1,1,0
687,142916,-0.04886370,-0.64828907,0.89097787,-1.73413437,-0.01803062,0.10957671,1,0,1,1,0
688,143125,-0.03205630,-0.69243060,0.87365189,-1.61892104,-0.01748036,0.10452500,1,0,1,1,0
689,143333,-0.02377674,-0.73116199,0.84455607,-1.49469735,-0.02986286,0.10596177,1,0,1,1,0
690,143541,-0.01688729,-0.75729534,0.82457561,-1.37197298,-0.04418970,0.10270780,1,0,1,1,0
691,143750,-0.00028282,-0.80040138,0.79007934,-1.22512518,-0.04693797,0.11592242,1,0,1,1,0
692,143958,0.01288369,-0.82159188,0.76561449,-1.08304074,-0.05285273,0.09578158,1,0,1,1,0
693,144166,0.03036503,-0.84644740,0.73448930,-0.94460065,-0.05366705,0.09343912,1,0,1,1,0
694,144375,0.03890690,-0.86835711,0.69121888,-0.80924248,-0.07976527,0.08942532,1,0,1,1,0
695,144583,0.05465108,-0.89205139,0.65201868,-0.63136353,-0.07626216,0.09883902,1,0,1,1,0
696,144791,0.06444839,-0.90864541,0.60481420,-0.49362112,-0.07130626,0.10027460,1,0,1,1,0
697,145000,0.07903459,-0.91280768,0.55960575,-0.31999382,-0.07024616,0.08411999,1,0,1,1,0
698,145208,0.09272781,-0.91627581,0.51140497,-0.16590168,-0.07341571,0.09710339,1,0,1,1,0
699,145416,0.09426841,-0.92386073,0.46137373,-0.01922664,-0.10993221,0.09024449,1,0,1,1,0
700,145625,0.10990545,-0.91745025,0.41716987,0.15369383,-0.07729647,0.09691504,1,0,1,1,0
701,145833,0.11997133,-0.91597327,0.35435063,0.30474940,-0.09071459,0.09702991,1,0,1,1,0
702,146041,0.13506649,-0.90279008,0.30176114,0.46264814,-0.10959102,0.06934336,1,0,1,1,0
703,146250,0.14056433,-0.89753968,0.24846850,0.63791480,-0.10316953,0.06587765,1,0,1,1,0
704,146458,0.14582462,-0.87591885,0.18729243,0.76556368,-0.11403810,0.05500960,1,0,1,1,0
705,146666,0.15564114,-0.84483942,0.13909942,0.92916772,-0.09561077,0.05931032,1,0,1,1,0
706,146875,0.16611665,-0.83103440,0.06936194,1.08416210,-0.10354141,0.03625738,1,0,1,1,0
707,147083,0.17536366,-0.79736075,0.00376103,1.21701261,-0.10488247,0.03981218,1,0,1,1,0
708,147291,0.17510549,-0.76686393,-0.06250534,1.34410194,-0.07711942,0.05289233,1,0,1,1,0
709,147500,0.18130004,-0.73357331,-0.10992213,1.48909882,-0.09343053,0.04591175,1,0,1,1,0
710,147708,0.18582931,-0.68813458,-0.17812106,1.60267447,-0.08790371,0.04112834,1,0,1,1,0
711,147916,0.18995442,-0.65411231,-0.23898821,1.72176931,-0.09893383,0.02902983,1,0,1,1,0
712,148125,0.19371924,-0.60114320,-0.29775196,1.81475125,-0.09431952,0.02489660,1,0,1,1,0
713,148333,0.19996399,-0.55649282,-0.35540048,1.94738499,-0.09319527,0.02302521,1,0,1,1,0
714,148541,0.20405835,-0.51824998,-0.40598035,2.03782303,-0.08016781,0.00291342,1,0,1,1,0
715,148750,0.19697341,-0.45664507,-0.46061534,2.12334645,-0.07722185,0.00628908,1,0,1,1,0
716,148958,0.19083633,-0.40759495,-0.50818218,2.18357841,-0.08204199,0.00313519,1,0,1,1,0
717,149166,0.19966991,-0.35931065,-0.54699030,2.24844054,-0.08806615,-0.00925865,1,0,1,1,0
718,149375,0.18821570,-0.30092729,-0.60425208,2.32155624,-0.06166287,-0.01953791,1,0,1,1,0
719,149583,0.19987886,-0.24534720,-0.63981923,2.36574211,-0.06966224,-0.01453854,1,0,1,1,0
720,149791,0.18905300,-0.18141000,-0.69144135,2.42020552,-0.08424614,-0.05430431,1,0,1,1,0
721,150000,0.18595487,-0.11453137,-0.72939602,2.43402234,-0.03630352,-0.06500131,1,0,1,1,0
722,150208,0.18482882,-0.06464824,-0.77523226,2.43520166,-0.05208404,-0.04703979,1,0,1,1,0
723,150416,0.17232344,-0.00728247,-0.78976832,2.44035835,-0.04930441,-0.06528328,1,0,1,1,0
724,150625,0.16878925,0.05539894,-0.82898965,2.44825846,-0.06302638,-0.03765239,1,0,1,1,0
725,150833,0.16136683,0.11478548,-0.84603583,2.43719108,-0.03039970,-0.04230166,1,0,1,1,0
726,151041,0.15973519,0.17750147,-0.88380480,2.41620115,-0.04632599,-0.06359817,1,0,1,1,0
727,151250,0.15269591,0.23121222,-0.89257652,2.37300948,-0.00817753,-0.08870950,1,0,1,1,0
728,151458,0.13271517,0.27646507,-0.90223207,2.31701792,-0.04220010,-0.08634966,1,0,1,1,0
729,151666,0.13041313,0.34784320,-0.91361327,2.26310978,-0.00497137,-0.08763139,1,0,1,1,0
730,151875,0.10182492,0.40071750,-0.92240076,2.18972663,0.00835832,-0.08473884,1,0,1,1,0
731,152083,0.09992574,0.44988483,-0.91882297,2.13902217,0.00213648,-0.10718816,1,0,1,1,0
732,152291,0.09280638,0.50527574,-0.91370715,2.04335975,0.00748854,-0.07415626,1,0,1,1,0
733,152500,0.07056723,0.56182945,-0.91839215,1.91888707,0.01582050,-0.09497766,1,0,1,1,0
734,152708,0.07610059,0.59807491,-0.89855359,1.85461616,0.00156729,-0.09898632,1,0,1,1,0
735,152916,0.06012261,0.64599514,-0.88179003,1.73927883,0.02004245,-0.09254867,1,0,1,1,0
736,153125,0.03806456,0.68589662,-0.86478019,1.61784735,0.03470990,-0.09982126,1,0,1,1,0
737,153333,0.03762264,0.71970953,-0.84850604,1.50216805,0.04662710,-0.11443368,1,0,1,1,0
738,153541,0.01766052,0.76335424,-0.82562528,1.37211763,0.05272698,-0.08634132,1,0,1,1,0
739,153750,0.00172725,0.79395456,-0.79303417,1.24086378,0.03961621,-0.10737769,1,0,1,1,0
740,153958,-0.01043136,0.83439275,-0.76588514,1.09695942,0.06304397,-0.10396939,1,0,1,1,0
741,154166,-0.02958834,0.85192489,-0.72443550,0.95028373,0.06770687,-0.08798829,1,0,1,1,0
742,154375,-0.03793964,0.87418488,-0.68161734,0.79331966,0.04522050,-0.11260123,1,0,1,1,0
743,154583,-0.05563936,0.88393893,-0.65869951,0.65356197,0.05507938,-0.10140108,1,0,1,1,0
744,154791,-0.06411190,0.90609263,-0.60791127,0.46784249,0.08431784,-0.08278655,1,0,1,1,0
745,155000,-0.07583149,0.91558731,-0.56424727,0.33271031,0.07917925,-0.09182085,1,0,1,1,0
746,155208,-0.08714645,0.90728405,-0.52556405,0.15914858,0.09434059,-0.10054653,1,0,1,1,0
747,155416,-0.09975157,0.92765155,-0.46301404,0.00787073,0.10603767,-0.09075976,1,0,1,1,0
748,155625,-0.09893395,0.92007727,-0.41309101,-0.14433807,0.10237507,-0.09059917,1,0,1,1,0
749,155833,-0.12927629,0.91073600,-0.35381691,-0.31315729,0.08732038,-0.09598249,1,0,1,1,0
750,156041,-0.14022294,0.90527743,-0.29740446,-0.47009660,0.09045365,-0.09107759,1,0,1,1,0
751,156250,-0.14504098,0.88920446,-0.24355996,-0.61595231,0.09559543,-0.07322282,1,0,1,1,0
752,156458,-0.14961058,0.87649842,-0.18110729,-0.79048869,0.10393174,-0.08661206,1,0,1,1,0
753,156666,-0.15976705,0.85137788,-0.13245670,-0.92055393,0.11136022,-0.07085125,1,0,1,1,0
754,156875,-0.17247472,0.83667892,-0.06631084,-1.07642583,0.08278385,-0.07009354,1,0,1,1,0
755,157083,-0.16281210,0.80776339,0.00047858,-1.20248841,0.10143449,-0.05380228,1,0,1,1,0
756,157291,-0.17590022,0.76800413,0.05954184,-1.36060100,0.10926723,-0.04006655,1,0,1,1,0
757,157500,-0.18576318,0.73389203,0.11499067,-1.47788593,0.11215222,-0.04461704,1,0,1,1,0
758,157708,-0.19344165,0.70074826,0.17798897,-1.60318311,0.11104971,-0.03425857,1,0,1,1,0
759,157916,-0.19409040,0.64909645,0.23097336,-1.74335904,0.07972546,-0.01671725,1,0,1,1,0
760,158125,-0.19836300,0.60571002,0.30078423,-1.83220392,0.07757320,-0.03042876,1,0,1,1,0
761,158333,-0.19612486,0.56309516,0.35444624,-1.93112455,0.09758383,-0.01384510,1,0,1,1,0
762,158541,-0.20589977,0.51109741,0.40542263,-2.03653416,0.10748625,0.00439484,1,0,1,1,0
763,158750,-0.20379516,0.46199751,0.45991454,-2.10325970,0.08967321,0.01558021,1,0,1,1,0
764,158958,-0.19522182,0.40646851,0.51149025,-2.20544206,0.08333252,0.01771225,1,0,1,1,0
765,159166,-0.20125967,0.34901319,0.56113065,-2.27143439,0.06780498,0.00424182,1,0,1,1,0
766,159375,-0.19298472,0.29319172,0.60317797,-2.32273408,0.06856272,0.01121242,1,0,1,1,0
767,159583,-0.19357634,0.24720363,0.65192713,-2.37221537,0.06191822,0.03224460,1,0,1,1,0
768,159791,-0.19082235,0.18511878,0.69968519,-2.39768421,0.06381118,0.04065621,1,0,1,1,0
769,160000,-0.18851304,0.12872253,0.73264201,-2.42023382,0.05502676,0.04615945,1,0,1,1,0
770,160208,-0.17935874,0.06005806,0.76198247,-2.45625794,0.06200777,0.02326703,1,0,1,1,0
771,160416,-0.17470991,0.00690980,0.79414225,-2.45527234,0.06327120,0.03293020,1,0,1,1,0
772,160625,-0.17894250,-0.05244131,0.82580268,-2.44881050,0.04189263,0.06660614,1,0,1,1,0
773,160833,-0.15385610,-0.11858390,0.85748098,-2.42618106,0.03357230,0.06307124,1,0,1,1,0
774,161041,-0.14965170,-0.17716182,0.87369404,-2.41713498,0.02681759,0.06697370,1,0,1,1,0
775,161250,-0.14962598,-0.22606296,0.88015754,-2.38233878,0.04409100,0.06593018,1,0,1,1,0
776,161458,-0.13393628,-0.29202619,0.89778471,-2.32350916,0.00892932,0.06593231,1,0,1,1,0
777,161666,-0.12466138,-0.34377828,0.90750033,-2.26494430,0.01517126,0.07750338,1,0,1,1,0
778,161875,-0.11712161,-0.40637049,0.92134946,-2.19350441,-0.00416824,0.07496317,1,0,1,1,0
779,162083,-0.09798861,-0.44815179,0.91348221,-2.10233629,-0.01856364,0.08368905,1,0,1,1,0
780,162291,-0.08259369,-0.50846161,0.92277201,-2.04914649,-0.01026737,0.11197039,1,0,1,1,0
781,162500,-0.07994756,-0.55642859,0.91958246,-1.95777820,-0.01178313,0.09443185,1,0,1,1,0
782,162708,-0.06746347,-0.60000699,0.90534677,-1.84424452,-0.02816426,0.08762424,1,0,1,1,0
783,162916,-0.05746269,-0.63257285,0.87691797,-1.73804458,-0.03537934,0.09028906,1,0,1,1,0
784,163125,-0.05101651,-0.69047423,0.86541683,-1.61282387,-0.04386648,0.09660636,1,0,1,1,0
785,163333,-0.02475905,-0.72632996,0.84728231,-1.50355563,-0.04054106,0.08052770,1,0,1,1,0
786,163541,-0.00422515,-0.75567977,0.82138193,-1.37798697,-0.04567877,0.10517916,1,0,1,1,0
787,163750,-0.00132050,-0.79351350,0.79158207,-1.22610189,-0.03517045,0.11717313,1,0,1,1,0
788,163958,0.01175161,-0.82251576,0.76099436,-1.09211463,-0.04637144,0.10452945,1,0,1,1,0
789,164166,0.02543976,-0.83758046,0.73108837,-0.93643467,-0.06108552,0.09277882,1,0,1,1,0
790,164375,0.03622036,-0.86338996,0.69059180,-0.79677270,-0.07851458,0.09205011,1,0,1,1,0
791,164583,0.04583877,-0.87687327,0.65122223,-0.64256863,-0.08239879,0.09476105,1,0,1,1,0
792,164791,0.07691142,-0.90507661,0.61318077,-0.50440895,-0.06986899,0.09575827,1,0,1,1,0
793,165000,0.07868437,-0.90810027,0.55241736,-0.33762837,-0.05639923,0.09176260,1,0,1,1,0
794,165208,0.09118013,-0.91871465,0.50744039,-0.16215413,-0.08518709,0.09292628,1,0,1,1,0
795,165416,0.11097858,-0.92216953,0.46253214,0.01087526,-0.10372906,0.08427128,1,0,1,1,0
796,165625,0.11170004,-0.92029468,0.41032484,0.16467255,-0.08271368,0.09351528,1,0,1,1,0
797,165833,0.11698061,-0.91124418,0.35487374,0.32701002,-0.08055298,0.05932151,1,0,1,1,0
798,166041,0.12576682,-0.90519139,0.30194635,0.46621830,-0.09125443,0.06296675,1,0,1,1,0
799,166250,0.15025791,-0.89612230,0.24253486,0.62881355,-0.09709400,0.08125318,1,0,1,1,0
800,166458,0.15350699,-0.87854930,0.19335001,0.78121817,-0.10565039,0.06218965,1,0,1,1,0
801,166666,0.15727984,-0.85874608,0.12105150,0.92307751,-0.10822732,0.06133309,1,0,1,1,0
802,166875,0.16266325,-0.82769271,0.06646389,1.07478828,-0.09533173,0.05126061,1,0,1,1,0
803,167083,0.17091372,-0.79561178,0.00404439,1.21862518,-0.10903670,0.03587491,1,0,1,1,0
804,167291,0.18057396,-0.76079767,-0.05565137,1.34412044,-0.09644293,0.04750317,1,0,1,1,0
805,167500,0.19325587,-0.72822943,-0.11749004,1.48758200,-0.10728932,0.03965410,1,0,1,1,0
806,167708,0.18849344,-0.69072092,-0.17145061,1.61267011,-0.08877184,0.06068665,1,0,1,1,0
807,167916,0.18845420,-0.64458790,-0.23315997,1.71692963,-0.10076274,0.02728086,1,0,1,1,0
808,168125,0.18940996,-0.61321512,-0.29871793,1.82669132,-0.09593087,0.03305242,1,0,1,1,0
809,168333,0.20119653,-0.55707244,-0.34364220,1.93708014,-0.08803547,0.01267750,1,0,1,1,0
810,168541,0.20480633,-0.50881832,-0.40228640,2.03326326,-0.07798209,0.02023910,1,0,1,1,0
811,168750,0.20906907,-0.46618747,-0.45976084,2.11050838,-0.07913065,-0.00666691,1,0,1,1,0
812,168958,0.21293800,-0.41715416,-0.50526718,2.20686749,-0.08242584,-0.01775786,1,0,1,1,0
813,169166,0.19070972,-0.35392916,-0.56119497,2.28721571,-0.07905669,-0.02515063,1,0,1,1,0
814,169375,0.19629433,-0.29459293,-0.60362326,2.35172920,-0.08658088,-0.02573808,1,0,1,1,0
815,169583,0.19126369,-0.24772023,-0.65411992,2.35983478,-0.07353019,-0.03011657,1,0,1,1,0
816,169791,0.18854009,-0.18613414,-0.68594719,2.39607851,-0.05182965,-0.04282469,1,0,1,1,0
817,170000,0.18082592,-0.12420806,-0.72638377,2.41974630,-0.05992503,-0.02951876,1,0,1,1,0
818,170208,0.18140790,-0.05915277,-0.76366143,2.45304376,-0.06338082,-0.07475947,1,0,1,1,0
819,170416,0.16736675,-0.00218549,-0.79318908,2.44152722,-0.04271671,-0.04406476,1,0,1,1,0
820,170625,0.16934475,0.05779013,-0.83238453,2.45139271,-0.04277428,-0.05838820,1,0,1,1,0
821,170833,0.16527800,0.11420265,-0.84583579,2.43617757,-0.05769626,-0.04469755,1,0,1,1,0
822,171041,0.14871985,0.18248374,-0.87527368,2.41668280,-0.04111073,-0.06723201,1,0,1,1,0
823,171250,0.14813469,0.23559792,-0.88060685,2.37826664,-0.03827754,-0.07208832,1,0,1,1,0
824,171458,0.13367492,0.28844198,-0.90305707,2.32696177,-0.03027112,-0.06424123,1,0,1,1,0
825,171666,0.12767528,0.34538145,-0.91892530,2.26441522,-0.01997509,-0.08969049,1,0,1,1,0
826,171875,0.11390921,0.40169393,-0.90689884,2.21067311,-0.00065744,-0.08358728,1,0,1,1,0
827,172083,0.09658622,0.45410243,-0.91634260,2.14216105,-0.01005852,-0.07776692,1,0,1,1,0
828,172291,0.08952758,0.49820715,-0.92256683,2.04520147,-0.00725188,-0.08803943,1,0,1,1,0
829,172500,0.07546613,0.55311022,-0.90978900,1.95313405,0.02001260,-0.08109496,1,0,1,1,0
830,172708,0.06956252,0.60485831,-0.89590760,1.83517386,0.01784894,-0.10087233,1,0,1,1,0
831,172916,0.05155140,0.64279408,-0.90258836,1.73251692,0.03399899,-0.10279884,1,0,1,1,0
832,173125,0.04516523,0.68874613,-0.86878168,1.61643239,0.03304664,-0.09067444,1,0,1,1,0
833,173333,0.02944960,0.72115458,-0.84854386,1.49468135,0.07508521,-0.10731505,1,0,1,1,0
834,173541,0.01473351,0.75147319,-0.82384548,1.38670735,0.04227873,-0.10704037,1,0,1,1,0
835,173750,0.00177270,0.79283030,-0.80413946,1.22982085,0.04123818,-0.10024627,1,0,1,1,0
836,173958,-0.00773380,0.82415289,-0.76632638,1.09518895,0.05766665,-0.09519343,1,0,1,1,0
837,174166,-0.02244593,0.84583041,-0.73820302,0.94645722,0.05728611,-0.08989809,1,0,1,1,0
838,174375,-0.03399433,0.86515224,-0.69139670,0.80350551,0.06894733,-0.09864335,1,0,1,1,0
839,174583,-0.05673455,0.89133835,-0.65566552,0.63903097,0.06723980,-0.09117662,1,0,1,1,0
840,174791,-0.06683741,0.90223796,-0.60870224,0.47358331,0.08695796,-0.07967721,1,0,1,1,0
841,175000,-0.07632617,0.91605429,-0.56379148,0.34066415,0.09165284,-0.08303919,1,0,1,1,0
842,175208,-0.08955159,0.92888900,-0.51448903,0.17402334,0.07693455,-0.09205476,1,0,1,1,0
843,175416,-0.10437963,0.92433841,-0.46740777,0.02013406,0.09350434,-0.08224612,1,0,1,1,0
844,175625,-0.10443017,0.92301658,-0.41239325,-0.13870953,0.09840821,-0.06502916,1,0,1,1,0
845,175833,-0.12691819,0.91167067,-0.35708453,-0.31743993,0.10267602,-0.07264566,1,0,1,1,0
846,176041,-0.12631669,0.90568955,-0.29506684,-0.46506124,0.08073857,-0.07723596,1,0,1,1,0
847,176250,-0.13175019,0.88613740,-0.24302090,-0.63154849,0.10067966,-0.05042598,1,0,1,1,0
848,176458,-0.15204364,0.86985632,-0.18220799,-0.80026277,0.08758027,-0.05257819,1,0,1,1,0
849,176666,-0.16885740,0.85482711,-0.12254974,-0.93350433,0.09398275,-0.04895351,1,0,1,1,0
850,176875,-0.16778882,0.82659540,-0.06609343,-1.08158166,0.10071045,-0.05950967,1,0,1,1,0
851,177083,-0.17619652,0.79622620,-0.00225902,-1.20843078,0.09380779,-0.05836005,1,0,1,1,0
852,177291,-0.18563279,0.76735914,0.05765940,-1.35477131,0.09993633,-0.03223123,1,0,1,1,0
853,177500,-0.18200531,0.72827178,0.10734711,-1.47669595,0.10773754,-0.04647779,1,0,1,1,0
854,177708,-0.18662338,0.69101455,0.17892070,-1.60128089,0.10120802,-0.04802243,1,0,1,1,0
855,177916,-0.19042594,0.65218488,0.24025027,-1.73687987,0.09201754,-0.01990433,1,0,1,1,0
856,178125,-0.20046533,0.60424252,0.29522325,-1.84574794,0.09662458,-0.00366336,1,0,1,1,0
857,178333,-0.19263907,0.55534348,0.34467293,-1.93301761,0.09471019,-0.02743681,1,0,1,1,0
858,178541,-0.20268313,0.51761001,0.40058602,-2.04417697,0.09560865,0.00933800,1,0,1,1,0
859,178750,-0.20513503,0.47035544,0.45401581,-2.12415061,0.07727231,-0.00788175,1,0,1,1,0
860,178958,-0.20492786,0.40812841,0.51072444,-2.18169929,0.08061911,0.01060971,1,0,1,1,0
861,179166,-0.20194764,0.35309987,0.56211989,-2.26105086,0.07976363,0.02443071,1,0,1,1,0
862,179375,-0.19558398,0.29842729,0.59429637,-2.33653893,0.09128734,0.01869466,1,0,1,1,0
863,179583,-0.19847840,0.23778321,0.64642508,-2.37800300,0.06319425,0.03246409,1,0,1,1,0
864,179791,-0.19356130,0.18895274,0.68972033,-2.38876734,0.06898459,0.02867503,1,0,1,1,0
865,180000,-0.17704234,0.12889666,0.72924101,-2.42109437,0.05623548,0.04803353,1,0,1,1,0
866,180208,-0.18291459,0.06222067,0.75935140,-2.44939246,0.04569309,0.05873312,1,0,1,1,0
867,180416,-0.16926776,0.00292074,0.79562332,-2.44773843,0.05445763,0.04741953,1,0,1,1,0
868,180625,-0.16649595,-0.05358734,0.82520907,-2.43622056,0.03883451,0.04927602,1,0,1,1,0
869,180833,-0.15466908,-0.10948241,0.84934977,-2.43950305,0.04862261,0.05589145,1,0,1,1,0
870,181041,-0.15022435,-0.17256714,0.87286081,-2.40019167,0.02449184,0.07048050,1,0,1,1,0
871,181250,-0.14239815,-0.23055360,0.88828643,-2.37777441,0.02534708,0.05920153,1,0,1,1,0
872,181458,-0.13463909,-0.28889857,0.90405644,-2.31886873,0.02252144,0.08074436,1,0,1,1,0
873,181666,-0.12691253,-0.34633021,0.90875088,-2.25667919,0.01339557,0.08071660,1,0,1,1,0
874,181875,-0.11106039,-0.40030823,0.91788241,-2.18979294,-0.00711612,0.08698949,1,0,1,1,0
875,182083,-0.10395198,-0.45138797,0.91725351,-2.12887344,-0.01282377,0.08658322,1,0,1,1,0
876,182291,-0.09938369,-0.50493900,0.91777191,-2.03542514,-0.00123729,0.09663519,1,0,1,1,0
877,182500,-0.07593991,-0.55667516,0.91103756,-1.94512751,-0.00012131,0.08348910,1,0,1,1,0
878,182708,-0.06587943,-0.59058041,0.89825200,-1.85430069,-0.03159981,0.06841254,1,0,1,1,0
879,182916,-0.05084207,-0.65449438,0.88530540,-1.75259711,-0.04903064,0.10330538,1,0,1,1,0
880,183125,-0.03988603,-0.68360784,0.86824785,-1.61019305,-0.02761142,0.08501649,1,0,1,1,0
881,183333,-0.02294370,-0.72899440,0.84702495,-1.49982084,-0.03216814,0.10128081,1,0,1,1,0
882,183541,-0.01147110,-0.77025527,0.81418037,-1.37197601,-0.03558511,0.08880725,1,0,1,1,0
883,183750,-0.00117032,-0.80442713,0.80251769,-1.22860912,-0.04568883,0.10908952,1,0,1,1,0
884,183958,0.01465456,-0.82398863,0.76360933,-1.07155965,-0.04830763,0.09268439,1,0,1,1,0
885,184166,0.03238854,-0.83812021,0.73339688,-0.96774834,-0.04103862,0.09195392,1,0,1,1,0
886,184375,0.03451733,-0.86088936,0.68454550,-0.77823629,-0.07198459,0.10627739,1,0,1,1,0
887,184583,0.04161600,-0.89086358,0.65360452,-0.64528021,-0.05877272,0.10260159,1,0,1,1,0
888,184791,0.06887547,-0.90532831,0.60858209,-0.48699434,-0.05654905,0.10190979,1,0,1,1,0
889,185000,0.07942948,-0.91473593,0.55573510,-0.33972423,-0.07802431,0.08240551,1,0,1,1,0
890,185208,0.10214201,-0.91828199,0.52322202,-0.18628007,-0.08500051,0.07925676,1,0,1,1,0
891,185416,0.10023880,-0.91227970,0.47167849,-0.00566433,-0.09223515,0.09330255,1,0,1,1,0
892,185625,0.10940633,-0.91580461,0.41437471,0.14652409,-0.10275263,0.08042165,1,0,1,1,0
893,185833,0.12347311,-0.91190853,0.36208842,0.30365533,-0.12280345,0.06750928,1,0,1,1,0
894,186041,0.13554116,-0.90444404,0.30399577,0.45915428,-0.08315425,0.07687934,1,0,1,1,0
895,186250,0.14372510,-0.90180244,0.24240373,0.60585237,-0.10104550,0.09557807,1,0,1,1,0
896,186458,0.14838134,-0.88438673,0.17696502,0.77634867,-0.09961872,0.06216449,1,0,1,1,0
897,186666,0.16420069,-0.85716106,0.12087054,0.92937283,-0.10899282,0.05283453,1,0,1,1,0
898,186875,0.16052545,-0.83412239,0.06320210,1.08139572,-0.10133252,0.05061177,1,0,1,1,0
899,187083,0.16901825,-0.80741236,0.01565616,1.21837356,-0.08907480,0.04258527,1,0,1,1,0
900,187291,0.18651621,-0.76186428,-0.05992001,1.35296318,-0.10624353,0.05503025,1,0,1,1,0
901,187500,0.18759593,-0.73214959,-0.11754584,1.47237727,-0.08032084,0.05591071,1,0,1,1,0
902,187708,0.18673011,-0.69650982,-0.17554142,1.61689255,-0.10032751,0.03754688,1,0,1,1,0
903,187916,0.19343904,-0.65712753,-0.23264379,1.72156731,-0.09559251,0.02965414,1,0,1,1,0
904,188125,0.20617844,-0.60287594,-0.29415399,1.83719527,-0.08473809,0.01978889,1,0,1,1,0
905,188333,0.19697672,-0.56033176,-0.35186095,1.93014857,-0.08379465,0.03200261,1,0,1,1,0
906,188541,0.19593308,-0.51874145,-0.39241160,2.04012919,-0.08090013,0.01699765,1,0,1,1,0
907,188750,0.20025101,-0.46290074,-0.46051283,2.12875056,-0.06118123,0.01704476,1,0,1,1,0
908,188958,0.20397575,-0.39872293,-0.49712067,2.18690398,-0.07468102,-0.02082779,1,0,1,1,0
909,189166,0.20015915,-0.34877363,-0.56006789,2.27562955,-0.07802816,0.00190622,1,0,1,1,0
910,189375,0.20144994,-0.29794946,-0.60416222,2.32663184,-0.06663161,-0.01216470,1,0,1,1,0
911,189583,0.18905451,-0.23936379,-0.64456374,2.38439433,-0.07919103,-0.01274729,1,0,1,1,0
912,189791,0.18361132,-0.18536706,-0.69167465,2.41446051,-0.06428746,-0.01458673,1,0,1,1,0
913,190000,0.19052650,-0.12551116,-0.73494902,2.42798783,-0.03897677,-0.04609905,1,0,1,1,0
914,190208,0.17401186,-0.07022263,-0.76231022,2.43193578,-0.05982732,-0.04037725,1,0,1,1,0
915,190416,0.16793201,-0.00798205,-0.80218394,2.45449902,-0.04285603,-0.06017096,1,0,1,1,0
916,190625,0.16326741,0.05795605,-0.83649852,2.42950926,-0.05025297,-0.03976357,1,0,1,1,0
917,190833,0.15485859,0.12251993,-0.84776795,2.44068769,-0.04725065,-0.06948857,1,0,1,1,0
918,191041,0.14812248,0.17651615,-0.87693292,2.40757716,-0.03761088,-0.08279344,1,0,1,1,0
919,191250,0.13387201,0.23827463,-0.88470792,2.36389742,-0.00924512,-0.08069258,1,0,1,1,0
920,191458,0.14001081,0.28074519,-0.90161440,2.32119599,-0.01575713,-0.08130910,1,0,1,1,0
921,191666,0.11529458,0.34978685,-0.90892847,2.28097627,-0.01602604,-0.08771766,1,0,1,1,0
922,191875,0.12375208,0.40393065,-0.91151456,2.20626146,-0.00953114,-0.08140217,1,0,1,1,0
923,192083,0.10538328,0.45151555,-0.91619421,2.12670606,-0.00278082,-0.07779520,1,0,1,1,0
924,192291,0.10337602,0.50628453,-0.91206185,2.03934462,0.00756327,-0.10267585,1,0,1,1,0
925,192500,0.07412981,0.56235342,-0.91433667,1.95186783,0.00400606,-0.07975565,1,0,1,1,0
926,192708,0.06336658,0.60455184,-0.89543918,1.85719979,0.02422387,-0.09124132,1,0,1,1,0
927,192916,0.05969101,0.64498545,-0.88443762,1.74507416,0.03625413,-0.08451056,1,0,1,1,0
928,193125,0.03503250,0.69726796,-0.86720891,1.61316123,0.03080804,-0.09572477,1,0,1,1,0
929,193333,0.03111346,0.72675137,-0.84345241,1.50501723,0.02471983,-0.08784137,1,0,1,1,0
930,193541,0.01340281,0.76965893,-0.81870473,1.36090687,0.04643188,-0.11106118,1,0,1,1,0
931,193750,0.00546225,0.79233754,-0.79461884,1.23469005,0.03729079,-0.09919801,1,0,1,1,0
932,193958,-0.00559587,0.82327586,-0.77424304,1.07340189,0.04077519,-0.10699687,1,0,1,1,0
933,194166,-0.02824952,0.85581326,-0.72375357,0.94407642,0.06766056,-0.09276583,1,0,1,1,0
934,194375,-0.04250307,0.86520797,-0.69567966,0.79148522,0.04201755,-0.09253099,1,0,1,1,0
935,194583,-0.05789752,0.89996307,-0.65110490,0.63283213,0.07203943,-0.08823312,1,0,1,1,0
936,194791,-0.07131224,0.89863594,-0.60622504,0.48476749,0.08357406,-0.08793708,1,0,1,1,0
937,195000,-0.07892025,0.91618160,-0.57430833,0.33957576,0.10066579,-0.08416694,1,0,1,1,0
938,195208,-0.08806903,0.92206815,-0.51719244,0.16364453,0.06608329,-0.08732509,1,0,1,1,0
939,195416,-0.10234831,0.91638673,-0.46409634,-0.00355092,0.08270719,-0.09103165,1,0,1,1,0
940,195625,-0.10917768,0.91299178,-0.39733431,-0.13411561,0.08140143,-0.07237226,1,0,1,1,0
941,195833,-0.11737604,0.90884806,-0.35339569,-0.31306488,0.09718564,-0.08725550,1,0,1,1,0
942,196041,-0.13380488,0.90479690,-0.30642089,-0.45488788,0.08466038,-0.07972741,1,0,1,1,0
943,196250,-0.14271252,0.89574530,-0.23841198,-0.63376683,0.11868162,-0.06378299,1,0,1,1,0
944,196458,-0.14331811,0.87339660,-0.17839761,-0.76681099,0.08830425,-0.06745691,1,0,1,1,0
945,196666,-0.15573880,0.85064946,-0.12740394,-0.91920888,0.10007091,-0.06469586,1,0,1,1,0
946,196875,-0.16612529,0.82489596,-0.06566157,-1.06565059,0.10602242,-0.04234011,1,0,1,1,0
947,197083,-0.17549918,0.79812093,-0.00275351,-1.20995176,0.10542417,-0.07688195,1,0,1,1,0
948,197291,-0.17401311,0.76501338,0.05798779,-1.34176051,0.09745526,-0.03570827,1,0,1,1,0
949,197500,-0.18528176,0.72873966,0.11571347,-1.48415300,0.08249432,-0.05973741,1,0,1,1,0
950,197708,-0.19830472,0.68717516,0.17047674,-1.60935971,0.09553274,-0.03270429,1,0,1,1,0
951,197916,-0.20278712,0.64660091,0.22675854,-1.71722560,0.08104431,-0.01679181,1,0,1,1,0
952,198125,-0.19968521,0.61073782,0.28829473,-1.81764600,0.09396840,-0.01435741,1,0,1,1,0
953,198333,-0.20298299,0.55661260,0.34702972,-1.90757591,0.09561437,-0.01994648,1,0,1,1,0
954,198541,-0.19903535,0.51543045,0.40411925,-2.02907905,0.08467405,-0.00226497,1,0,1,1,0
955,198750,-0.20909043,0.46123642,0.46155266,-2.12365164,0.08230499,-0.00819897,1,0,1,1,0
956,198958,-0.19916247,0.41769743,0.50481460,-2.19343217,0.07202358,-0.00689825,1,0,1,1,0
957,199166,-0.20304459,0.35470710,0.55355779,-2.26641598,0.10623228,0.00325921,1,0,1,1,0
958,199375,-0.19089892,0.30115052,0.60699761,-2.31658435,0.08105360,0.00969772,1,0,1,1,0
959,199583,-0.19695477,0.23597293,0.64459844,-2.36365234,0.05878016,0.03202094,1,0,1,1,0
960,199791,-0.18502310,0.17627095,0.68650668,-2.39751721,0.05546440,0.05868838,1,0,1,1,0
961,200000,-0.18532169,0.13367858,0.72757914,-2.42333665,0.06578597,0.04148202,1,0,1,1,0
962,200208,-0.18210859,0.06912283,0.76250441,-2.44041900,0.03640963,0.03872313,1,0,1,1,0
963,200416,-0.18005000,-0.00188052,0.79013291,-2.46372531,0.04223446,0.03666869,1,0,1,1,0
964,200625,-0.17093859,-0.05226048,0.82817838,-2.45247431,0.05319759,0.04846721,1,0,1,1,0
965,200833,-0.15258366,-0.11166345,0.85550182,-2.44023407,0.04830339,0.04909442,1,0,1,1,0
966,201041,-0.15177443,-0.16671145,0.86920899,-2.39795030,0.03540136,0.05496926,1,0,1,1,0
967,201250,-0.14677470,-0.23768488,0.90006973,-2.38801849,0.02614095,0.06378324,1,0,1,1,0
968,201458,-0.13145862,-0.29178774,0.89917625,-2.31005132,0.03580757,0.07347185,1,0,1,1,0
969,201666,-0.12536421,-0.34991974,0.91256594,-2.26071746,0.00233434,0.06968961,1,0,1,1,0
970,201875,-0.11590716,-0.40114530,0.91165217,-2.19917976,0.00011923,0.09459737,1,0,1,1,0
971,202083,-0.10336183,-0.45735517,0.91736673,-2.13743246,0.01721354,0.09901526,1,0,1,1,0
972,202291,-0.08487680,-0.50303018,0.92655923,-2.04285573,-0.00713951,0.08849204,1,0,1,1,0
973,202500,-0.07787647,-0.56264083,0.91283642,-1.96459835,-0.00741399,0.07242117,1,0,1,1,0
974,202708,-0.06188359,-0.60156464,0.90122959,-1.83970652,-0.01798447,0.09769070,1,0,1,1,0
975,202916,-0.05494103,-0.65360941,0.88295342,-1.73909701,0.00257502,0.10395337,1,0,1,1,0
976,203125,-0.04301585,-0.68224171,0.86263644,-1.60689066,-0.03694888,0.08798315,1,0,1,1,0
977,203333,-0.01957481,-0.72793993,0.85476840,-1.48428463,-0.02809862,0.08533405,1,0,1,1,0
978,203541,-0.01909616,-0.76289217,0.82605762,-1.36677438,-0.06148892,0.11574918,1,0,1,1,0
979,203750,-0.00214856,-0.79013213,0.79206868,-1.22515147,-0.04678151,0.09237475,1,0,1,1,0
980,203958,0.01821801,-0.82204838,0.76049051,-1.07584526,-0.04355480,0.09369005,1,0,1,1,0
981,204166,0.02344513,-0.84836585,0.73337198,-0.96152617,-0.05156724,0.09039572,1,0,1,1,0
982,204375,0.04802509,-0.87309026,0.69823827,-0.79941340,-0.06023543,0.09074894,1,0,1,1,0
983,204583,0.04709402,-0.88914629,0.64555925,-0.64477052,-0.06233371,0.09141412,1,0,1,1,0
984,204791,0.06727952,-0.90722422,0.60935889,-0.47959533,-0.08141191,0.09338785,1,0,1,1,0
985,205000,0.08488321,-0.91784401,0.56497030,-0.32707190,-0.07086602,0.08061659,1,0,1,1,0
986,205208,0.08916694,-0.91765986,0.51604827,-0.16828010,-0.06297276,0.06503518,1,0,1,1,0
987,205416,0.10171836,-0.92869215,0.46431884,-0.02337933,-0.09270455,0.08966152,1,0,1,1,0
988,205625,0.11482290,-0.92170907,0.40510403,0.14310776,-0.07284259,0.07667537,1,0,1,1,0
989,205833,0.10842382,-0.91408393,0.35829389,0.31641204,-0.09083840,0.06593401,1,0,1,1,0
990,206041,0.13834988,-0.90407499,0.30580709,0.46803265,-0.09026431,0.07549741,1,0,1,1,0
991,206250,0.14235995,-0.90381729,0.23733078,0.62073432,-0.12103088,0.07017851,1,0,1,1,0
992,206458,0.14982491,-0.87812661,0.18659694,0.77571969,-0.11003405,0.07635465,1,0,1,1,0
993,206666,0.15856421,-0.84926198,0.12831999,0.93759929,-0.09945622,0.03549255,1,0,1,1,0
994,206875,0.15516953,-0.82520434,0.06041156,1.07953872,-0.08801700,0.05475629,1,0,1,1,0
995,207083,0.17687771,-0.79894108,0.00227304,1.21035838,-0.10531925,0.04527173,1,0,1,1,0
996,207291,0.18047402,-0.76935943,-0.05965779,1.37251666,-0.10705083,0.03406400,1,0,1,1,0
997,207500,0.17931686,-0.73200660,-0.11566083,1.48382514,-0.10401419,0.04672746,1,0,1,1,0
998,207708,0.19088087,-0.69038988,-0.18136042,1.60105166,-0.07739346,0.03499365,1,0,1,1,0
999,207916,0.19547438,-0.65258906,-0.24348708,1.71793521,-0.08636960,0.02536536,1,0,1,1,0
1000,208125,0.19305389,-0.60406549,-0.29090564,1.84090587,-0.09712050,0.01110400,1,0,1,1,0
1001,208333,0.20442767,-0.55531998,-0.34449209,1.94746376,-0.09238293,0.02219425,1,0,1,1,0
1002,208541,0.19877993,-0.51306660,-0.40633446,2.04492918,-0.11163950,-0.01177788,1,0,1,1,0
1003,208750,0.19848585,-0.45784821,-0.46779073,2.12537534,-0.09680891,0.01016108,1,0,1,1,0
1004,208958,0.20283537,-0.41074034,-0.51500207,2.19724025,-0.09327645,-0.01497820,1,0,1,1,0
1005,209166,0.19388484,-0.35573229,-0.56059730,2.24957050,-0.08200701,-0.01626043,1,0,1,1,0
1006,209375,0.19380815,-0.29529818,-0.60365287,2.32664338,-0.06286482,-0.00604700,1,0,1,1,0
1007,209583,0.18747753,-0.23155158,-0.65245167,2.36704352,-0.07412422,-0.01292897,1,0,1,1,0
1008,209791,0.18861644,-0.18421892,-0.68869824,2.40925736,-0.07773934,-0.02866455,1,0,1,1,0
1009,210000,0.18332117,-0.11226602,-0.73264682,2.43054669,-0.06514843,-0.03468205,1,0,1,1,0
1010,210208,0.18034755,-0.06726751,-0.75785478,2.44292901,-0.05898910,-0.04672512,1,0,1,1,0
1011,210416,0.17876624,0.00072234,-0.80351403,2.44956425,-0.05217108,-0.04029368,1,0,1,1,0
1012,210625,0.17031034,0.06069188,-0.82583879,2.44887554,-0.04549462,-0.04996408,1,0,1,1,0
1013,210833,0.16008450,0.12162971,-0.85288971,2.42946434,-0.03375266,-0.05385988,1,0,1,1,0
1014,211041,0.15771834,0.17293670,-0.87063193,2.39078795,-0.04266922,-0.07582341,1,0,1,1,0
1015,211250,0.13934164,0.23598639,-0.89591324,2.38934464,-0.01186324,-0.06875426,1,0,1,1,0
1016,211458,0.13547250,0.29193429,-0.90225653,2.31491724,-0.02847986,-0.07629085,1,0,1,1,0
1017,211666,0.12751921,0.34664193,-0.91529698,2.24944043,-0.00949041,-0.08707911,1,0,1,1,0
1018,211875,0.12179829,0.40189565,-0.91718867,2.19718552,-0.01753595,-0.08307336,1,0,1,1,0
1019,212083,0.10195004,0.44851230,-0.92268475,2.11589844,-0.01053018,-0.07181015,1,0,1,1,0
1020,212291,0.08770819,0.50625792,-0.91183586,2.07213402,0.01737451,-0.08438948,1,0,1,1,0
1021,212500,0.07774774,0.55363662,-0.91124664,1.94836071,0.02051087,-0.09347715,1,0,1,1,0
1022,212708,0.06567764,0.60129020,-0.90277078,1.85836469,0.03124694,-0.09848663,1,0,1,1,0
1023,212916,0.04936885,0.64055601,-0.88870862,1.74115153,0.03603924,-0.10065593,1,0,1,1,0
1024,213125,0.03998386,0.68657791,-0.87106472,1.60123973,0.01216885,-0.09639698,1,0,1,1,0
1025,213333,0.03573021,0.72805807,-0.84549861,1.51004185,0.04340495,-0.09954090,1,0,1,1,0
1026,213541,0.00533771,0.75760537,-0.82383732,1.35797664,0.04553859,-0.08874461,1,0,1,1,0
1027,213750,-0.01158052,0.79589334,-0.79761046,1.23867843,0.03908962,-0.10435416,1,0,1,1,0
1028,213958,-0.02024202,0.82366027,-0.76137597,1.07815636,0.04789981,-0.08947823,1,0,1,1,0
1029,214166,-0.03044248,0.84668191,-0.72021649,0.94909779,0.05004387,-0.10394784,1,0,1,1,0
1030,214375,-0.04473405,0.87300528,-0.69658761,0.79588416,0.07055607,-0.08742358,1,0,1,1,0
1031,214583,-0.05561027,0.89297043,-0.65164221,0.64186435,0.08065762,-0.07452877,1,0,1,1,0
1032,214791,-0.06928327,0.90016362,-0.61365215,0.48781427,0.07518321,-0.07211765,1,0,1,1,0
1033,215000,-0.07410109,0.90932818,-0.56123596,0.32407387,0.06058888,-0.08026488,1,0,1,1,0
1034,215208,-0.09294982,0.92249255,-0.50904032,0.14718372,0.08090713,-0.06826187,1,0,1,1,0
1035,215416,-0.10546047,0.91900674,-0.47190704,0.01781691,0.07038119,-0.09640433,1,0,1,1,0
1036,215625,-0.12047544,0.91462356,-0.41074183,-0.13858516,0.11247215,-0.09245272,1,0,1,1,0
1037,215833,-0.11623853,0.91875507,-0.36630790,-0.30658797,0.10268913,-0.07802759,1,0,1,1,0
1038,216041,-0.12451214,0.90315401,-0.30481845,-0.48269016,0.10359290,-0.06918935,1,0,1,1,0
1039,216250,-0.13938365,0.89488119,-0.24489110,-0.62844084,0.08142337,-0.07154108,1,0,1,1,0
1040,216458,-0.14888610,0.86818769,-0.18274540,-0.77552714,0.10786632,-0.06484752,1,0,1,1,0
1041,216666,-0.15448957,0.85456994,-0.13160396,-0.93832568,0.10155938,-0.05157853,1,0,1,1,0
1042,216875,-0.16133297,0.82813270,-0.07211680,-1.06846016,0.09768780,-0.05762070,1,0,1,1,0
1043,217083,-0.17812715,0.80320662,-0.00911447,-1.20695666,0.10436476,-0.05593307,1,0,1,1,0
1044,217291,-0.17983935,0.75805385,0.05618331,-1.35987697,0.07723230,-0.03940108,1,0,1,1,0
1045,217500,-0.17920313,0.72454887,0.10842992,-1.47122923,0.10065971,-0.03523648,1,0,1,1,0
1046,217708,-0.19154315,0.69839898,0.18783760,-1.61319439,0.09480632,-0.03681962,1,0,1,1,0
1047,217916,-0.19195412,0.65024546,0.23145777,-1.72691370,0.09010252,-0.03061336,1,0,1,1,0
1048,218125,-0.18976278,0.60083294,0.28863250,-1.83537883,0.08563721,-0.01373605,1,0,1,1,0
1049,218333,-0.18608343,0.56207792,0.34307599,-1.92567351,0.08780336,-0.02020005,1,0,1,1,0
1050,218541,-0.19447000,0.50882384,0.40730011,-2.03354441,0.08634921,-0.02116167,1,0,1,1,0
1051,218750,-0.20621638,0.45710547,0.45524997,-2.10310339,0.09140124,-0.01382340,1,0,1,1,0
1052,218958,-0.20295897,0.41639958,0.51188818,-2.20129800,0.07993883,-0.00603855,1,0,1,1,0
1053,219166,-0.19217157,0.35163428,0.55972098,-2.23649611,0.05039817,0.00067779,1,0,1,1,0
1054,219375,-0.19987203,0.28827846,0.61399987,-2.33041105,0.06968599,0.02325484,1,0,1,1,0
1055,219583,-0.18886215,0.23953504,0.64256169,-2.35815014,0.06983736,0.02220977,1,0,1,1,0
1056,219791,-0.18088166,0.17912694,0.68948714,-2.40491815,0.06550295,0.03789750,1,0,1,1,0
1057,220000,-0.17963815,0.11228519,0.72695200,-2.45086103,0.07903540,0.03937739,1,0,1,1,0
1058,220208,-0.17073321,0.06782768,0.75331328,-2.43972022,0.04647906,0.04344960,1,0,1,1,0
1059,220416,-0.17936458,0.01079679,0.79804570,-2.44397817,0.03575638,0.05153057,1,0,1,1,0
1060,220625,-0.17660799,-0.05379809,0.82311430,-2.43513353,0.05344045,0.06268939,1,0,1,1,0
1061,220833,-0.16337186,-0.11630783,0.85352011,-2.43521410,0.03999502,0.05344695,1,0,1,1,0
1062,221041,-0.15125641,-0.17710915,0.87221224,-2.40363490,0.04184483,0.07081791,1,0,1,1,0
1063,221250,-0.14702129,-0.23445916,0.88870488,-2.36120067,0.00344873,0.07403333,1,0,1,1,0
1064,221458,-0.13689399,-0.28680781,0.90937267,-2.32510929,0.01328771,0.08510406,1,0,1,1,0
1065,221666,-0.12366070,-0.35793523,0.90878794,-2.27277188,0.01884333,0.05882796,1,0,1,1,0
1066,221875,-0.11465294,-0.40247354,0.92218020,-2.20005426,0.00036749,0.08899558,1,0,1,1,0
1067,222083,-0.09704991,-0.45023643,0.92145284,-2.11107247,0.01392054,0.09137488,1,0,1,1,0
1068,222291,-0.08957480,-0.51337578,0.92544790,-2.04815959,-0.01687275,0.08238666,1,0,1,1,0
1069,222500,-0.08063694,-0.55118541,0.90987512,-1.95203784,0.00606380,0.08701166,1,0,1,1,0
1070,222708,-0.06057755,-0.59447402,0.91219426,-1.85878512,-0.02325221,0.08718151,1,0,1,1,0
1071,222916,-0.03844702,-0.64960880,0.88482309,-1.73833065,-0.02140717,0.09285742,1,0,1,1,0
1072,223125,-0.03758678,-0.69494996,0.87174746,-1.61275503,-0.04090433,0.10523214,1,0,1,1,0
1073,223333,-0.02954656,-0.72981955,0.84549255,-1.51544786,-0.04167308,0.09387499,1,0,1,1,0
1074,223541,-0.02203435,-0.76040654,0.82821330,-1.37235205,-0.02637964,0.11554490,1,0,1,1,0
1075,223750,-0.00190894,-0.78192329,0.79347377,-1.22374870,-0.05656428,0.08970918,1,0,1,1,0
1076,223958,0.00666836,-0.82704354,0.77828659,-1.09768839,-0.05562636,0.08059145,1,0,1,1,0
1077,224166,0.02827607,-0.85210336,0.73157095,-0.95341191,-0.04696095,0.08861586,1,0,1,1,0
1078,224375,0.04713649,-0.87072457,0.69273345,-0.80302822,-0.07421420,0.09624290,1,0,1,1,0
1079,224583,0.04724724,-0.88753242,0.64813281,-0.63753959,-0.06189496,0.09907492,1,0,1,1,0
1080,224791,0.06117320,-0.90250429,0.59953587,-0.48662800,-0.07802379,0.09834393,1,0,1,1,0
1081,225000,0.07991287,-0.92119713,0.56540005,-0.31877706,-0.09510010,0.08092863,1,0,1,1,0
1082,225208,0.08455079,-0.92554709,0.51010190,-0.17476781,-0.07376665,0.08885626,1,0,1,1,0
1083,225416,0.09089639,-0.91798184,0.46857666,-0.00932392,-0.06154395,0.08298553,1,0,1,1,0
1084,225625,0.11661369,-0.91423420,0.39894231,0.14917352,-0.07724366,0.09636828,1,0,1,1,0
1085,225833,0.11417812,-0.92191833,0.35253327,0.31390543,-0.08886207,0.07453080,1,0,1,1,0
1086,226041,0.13070113,-0.89973323,0.30223498,0.45219635,-0.10023123,0.07973531,1,0,1,1,0
1087,226250,0.13989741,-0.90395014,0.25137097,0.62460761,-0.09375925,0.07286668,1,0,1,1,0
1088,226458,0.14729977,-0.87351240,0.18534391,0.78234410,-0.08944136,0.07999200,1,0,1,1,0
1089,226666,0.16072664,-0.85506242,0.12702783,0.89593470,-0.11151690,0.06618237,1,0,1,1,0
1090,226875,0.15767811,-0.82636477,0.06031816,1.06895227,-0.12318753,0.04526478,1,0,1,1,0
1091,227083,0.17403538,-0.80599014,0.00526407,1.21594821,-0.11594983,0.07087143,1,0,1,1,0
1092,227291,0.17422358,-0.76273498,-0.05747278,1.35758416,-0.10732260,0.04670428,1,0,1,1,0
1093,227500,0.18424845,-0.73265169,-0.10769238,1.49666547,-0.10286227,0.05287175,1,0,1,1,0
1094,227708,0.18458510,-0.69620676,-0.18610704,1.63030521,-0.10296507,0.03621639,1,0,1,1,0
1095,227916,0.19321172,-0.65308889,-0.23140196,1.72692964,-0.09753016,0.02688425,1,0,1,1,0
1096,228125,0.19986740,-0.60297224,-0.29667948,1.84177790,-0.10495860,0.02197639,1,0,1,1,0
1097,228333,0.19711086,-0.56045742,-0.35079307,1.93565159,-0.09092931,-0.00478329,1,0,1,1,0
1098,228541,0.19768325,-0.50980285,-0.40584268,2.03906671,-0.09353873,-0.00369298,1,0,1,1,0
1099,228750,0.19577790,-0.45727348,-0.46055699,2.11557729,-0.09261273,0.00406395,1,0,1,1,0
1100,228958,0.19986974,-0.41181120,-0.51460620,2.21285339,-0.08363490,0.01117876,1,0,1,1,0
1101,229166,0.20308290,-0.35716477,-0.56583033,2.27438674,-0.08590154,-0.02237619,1,0,1,1,0
1102,229375,0.19563592,-0.28537825,-0.59216236,2.31852445,-0.06131202,-0.01260618,1,0,1,1,0
1103,229583,0.20007900,-0.24803160,-0.64931709,2.36054875,-0.07607694,-0.01531053,1,0,1,1,0
1104,229791,0.18809008,-0.19389825,-0.69501044,2.40303797,-0.06755834,-0.02578294,1,0,1,1,0
1105,230000,0.19445797,-0.12818538,-0.72471965,2.42359769,-0.04583125,-0.04305068,1,0,1,1,0
1106,230208,0.16980089,-0.06621281,-0.75933688,2.44628602,-0.06312352,-0.04106783,1,0,1,1,0
1107,230416,0.17084446,-0.00098454,-0.79572283,2.43857852,-0.04088108,-0.06827909,1,0,1,1,0
1108,230625,0.16269054,0.05208340,-0.82978702,2.45991704,-0.04968405,-0.03484569,1,0,1,1,0
1109,230833,0.15885096,0.11912631,-0.84523081,2.42482438,-0.01761946,-0.03738424,1,0,1,1,0
1110,231041,0.15415568,0.17225072,-0.87561391,2.41171759,-0.03745687,-0.06358540,1,0,1,1,0
1111,231250,0.15526988,0.23585797,-0.89369685,2.34673697,-0.03788215,-0.07174594,1,0,1,1,0
1112,231458,0.13347380,0.29644848,-0.90826139,2.31531263,-0.00871785,-0.07162543,1,0,1,1,0
1113,231666,0.12718193,0.34413241,-0.91802860,2.28558997,0.00883069,-0.06308473,1,0,1,1,0
1114,231875,0.10824730,0.40637825,-0.91454106,2.20612212,-0.00132971,-0.08124396,1,0,1,1,0
1115,232083,0.09966005,0.44949277,-0.92247594,2.14371845,-0.00365361,-0.09355851,1,0,1,1,0
1116,232291,0.09303846,0.50683097,-0.90525928,2.04267049,-0.00763138,-0.08366444,1,0,1,1,0
1117,232500,0.07008479,0.55653398,-0.90983471,1.94702862,0.01534818,-0.08976528,1,0,1,1,0
1118,232708,0.05962639,0.60297575,-0.90030935,1.85885376,0.03643849,-0.09281344,1,0,1,1,0
1119,232916,0.05312897,0.64774158,-0.88590468,1.74158252,0.03234249,-0.09237272,1,0,1,1,0
1120,233125,0.03906530,0.68898498,-0.87255304,1.62204404,0.02850736,-0.10496977,1,0,1,1,0
1121,233333,0.02794959,0.71142091,-0.84437352,1.51731164,0.03367994,-0.10655389,1,0,1,1,0
1122,233541,0.00531243,0.76284852,-0.82835978,1.38689903,0.04695985,-0.11888327,1,0,1,1,0
1123,233750,-0.00117373,0.78584217,-0.79861087,1.24855901,0.03974563,-0.10329401,1,0,1,1,0
1124,233958,-0.01393721,0.81998655,-0.76063902,1.08884023,0.05804858,-0.10422593,1,0,1,1,0
1125,234166,-0.02481738,0.85229703,-0.72384152,0.91498527,0.07138404,-0.10463001,1,0,1,1,0
1126,234375,-0.03453720,0.87250199,-0.68281990,0.79082204,0.07033629,-0.08908675,1,0,1,1,0
1127,234583,-0.05134614,0.89531516,-0.65502109,0.64234630,0.07189573,-0.07963857,1,0,1,1,0
1128,234791,-0.06960798,0.90419595,-0.60688142,0.47991975,0.06417143,-0.10738375,1,0,1,1,0
1129,235000,-0.07473540,0.90876412,-0.57286190,0.32513560,0.08365864,-0.08101067,1,0,1,1,0
1130,235208,-0.09698654,0.91268964,-0.50763287,0.17856057,0.07365940,-0.09601470,1,0,1,1,0
1131,235416,-0.09920031,0.92779528,-0.46580811,-0.00179547,0.09426937,-0.08908640,1,0,1,1,0
1132,235625,-0.10828362,0.91505960,-0.40884851,-0.15984922,0.09740318,-0.08950751,1,0,1,1,0
1133,235833,-0.12153269,0.90919106,-0.35473915,-0.31336061,0.07825457,-0.08761936,1,0,1,1,0
1134,236041,-0.12793975,0.90591235,-0.29951395,-0.46819517,0.08582042,-0.06287069,1,0,1,1,0
1135,236250,-0.14726610,0.89809454,-0.24757369,-0.60513260,0.09468912,-0.07900006,1,0,1,1,0
1136,236458,-0.13818809,0.87495051,-0.18945514,-0.78208914,0.09166804,-0.05244667,1,0,1,1,0
1137,236666,-0.16239924,0.85158982,-0.12163516,-0.91392761,0.09352614,-0.05543317,1,0,1,1,0
1138,236875,-0.17843502,0.82414507,-0.06854141,-1.07437081,0.10743058,-0.05066166,1,0,1,1,0
1139,237083,-0.17875618,0.80086529,-0.00885630,-1.21062896,0.10667567,-0.05826552,1,0,1,1,0
1140,237291,-0.16393165,0.75756985,0.05480864,-1.34296814,0.10698510,-0.02252986,1,0,1,1,0
1141,237500,-0.17864995,0.72370776,0.11517939,-1.45901206,0.10596533,-0.03843806,1,0,1,1,0
1142,237708,-0.19516385,0.68807261,0.17373231,-1.61525631,0.11597931,-0.04134483,1,0,1,1,0
1143,237916,-0.18687081,0.64665718,0.23429540,-1.72058690,0.09438451,-0.02903633,1,0,1,1,0
1144,238125,-0.18942997,0.60341771,0.29444880,-1.82722481,0.10160381,-0.02281725,1,0,1,1,0
1145,238333,-0.20530689,0.56465766,0.34471260,-1.95003124,0.06959067,-0.01462337,1,0,1,1,0
1146,238541,-0.19329732,0.51766313,0.39897819,-2.04720215,0.07605407,-0.00469972,1,0,1,1,0
1147,238750,-0.20193833,0.45583027,0.46083421,-2.13406157,0.09339633,-0.00308626,1,0,1,1,0
1148,238958,-0.19599556,0.40657612,0.51116844,-2.21307983,0.08385604,-0.00442300,1,0,1,1,0
1149,239166,-0.19343250,0.34987294,0.55633171,-2.26651830,0.07945288,0.00034839,1,0,1,1,0
1150,239375,-0.19144931,0.29507620,0.60175741,-2.30934492,0.07392103,0.01985500,1,0,1,1,0
1151,239583,-0.19422256,0.24370796,0.65251842,-2.36956866,0.05004974,0.00248119,1,0,1,1,0
1152,239791,-0.19360488,0.18859543,0.68393183,-2.40328399,0.05656855,0.05025229,1,0,1,1,0
1153,240000,-0.18235207,0.13018614,0.72257319,-2.43166232,0.06077909,0.03517266,1,0,1,1,0
1154,240208,-0.17559477,0.06456780,0.75981238,-2.43518065,0.06900839,0.05193943,1,0,1,1,0
1155,240416,-0.17133888,-0.00475990,0.78360763,-2.44307523,0.05263362,0.04723709,1,0,1,1,0
1156,240625,-0.16722651,-0.06249840,0.83457483,-2.44191993,0.04292324,0.06864961,1,0,1,1,0
1157,240833,-0.15607973,-0.12416855,0.84338622,-2.41506767,0.03784745,0.05253904,1,0,1,1,0
1158,241041,-0.15943310,-0.16986518,0.87653782,-2.40735552,0.02527162,0.08530111,1,0,1,1,0
1159,241250,-0.13879898,-0.23676373,0.89054110,-2.36313521,0.04108312,0.07065360,1,0,1,1,0
1160,241458,-0.13402366,-0.29056167,0.90471123,-2.32733707,0.01733910,0.06011612,1,0,1,1,0
1161,241666,-0.11738779,-0.33999880,0.92081762,-2.27861825,0.02991422,0.07176971,1,0,1,1,0
1162,241875,-0.11153397,-0.40781440,0.92042435,-2.19658048,0.00377105,0.08491726,1,0,1,1,0
1163,242083,-0.09820848,-0.45711535,0.91948904,-2.12662059,-0.00039238,0.08112921,1,0,1,1,0
1164,242291,-0.08672943,-0.50641909,0.92482127,-2.04480623,-0.00725673,0.10076939,1,0,1,1,0
1165,242500,-0.07953473,-0.56314076,0.90035323,-1.94713120,-0.00996842,0.08083129,1,0,1,1,0
1166,242708,-0.06910173,-0.59854754,0.90736742,-1.84683284,-0.03319029,0.08425675,1,0,1,1,0
1167,242916,-0.04805586,-0.64080237,0.88760975,-1.74111909,-0.02523885,0.08726395,1,0,1,1,0
1168,243125,-0.03826526,-0.68486106,0.86921907,-1.64250326,-0.03802989,0.09970907,1,0,1,1,0
1169,243333,-0.02548398,-0.72333186,0.84735977,-1.50741876,-0.03862227,0.10418107,1,0,1,1,0
1170,243541,-0.00911542,-0.76175964,0.82584880,-1.37102429,-0.04767560,0.08769789,1,0,1,1,0
1171,243750,0.00256484,-0.79264358,0.79370148,-1.23153661,-0.06669466,0.10748420,1,0,1,1,0
1172,243958,0.01945782,-0.81721053,0.76019448,-1.09041341,-0.05895835,0.10693976,1,0,1,1,0
1173,244166,0.02402836,-0.84309271,0.73101542,-0.95710554,-0.05147835,0.09921037,1,0,1,1,0
1174,244375,0.04144572,-0.86818096,0.69672964,-0.80038339,-0.06741177,0.08859985,1,0,1,1,0
1175,244583,0.05825246,-0.89253239,0.65217957,-0.67551306,-0.07597091,0.09963657,1,0,1,1,0
1176,244791,0.06102887,-0.91550829,0.61202371,-0.48451965,-0.09598218,0.08800143,1,0,1,1,0
1177,245000,0.07152181,-0.90622598,0.56738629,-0.32078842,-0.08320248,0.09585508,1,0,1,1,0
1178,245208,0.08773922,-0.91108301,0.51882572,-0.15769659,-0.07983790,0.08304490,1,0,1,1,0
1179,245416,0.09987086,-0.92505932,0.46782960,-0.02163237,-0.07388545,0.08057691,1,0,1,1,0
1180,245625,0.11183593,-0.91501107,0.41548535,0.13921301,-0.12068910,0.06960283,1,0,1,1,0
1181,245833,0.12516763,-0.92610553,0.35939802,0.31982872,-0.07925198,0.08345129,1,0,1,1,0
1182,246041,0.13386917,-0.90231471,0.29122993,0.47982760,-0.08855064,0.07299983,1,0,1,1,0
1183,246250,0.15372256,-0.89036608,0.24081705,0.62121673,-0.09803066,0.07885352,1,0,1,1,0
1184,246458,0.15591312,-0.87811812,0.18441694,0.77932006,-0.10567858,0.08203522,1,0,1,1,0
1185,246666,0.15475121,-0.84357443,0.13032033,0.93385594,-0.08994821,0.05543341,1,0,1,1,0
1186,246875,0.16988472,-0.82944338,0.06356293,1.06147793,-0.09845659,0.04331491,1,0,1,1,0
1187,247083,0.17217145,-0.79452849,0.01025865,1.22182429,-0.11507280,0.05482214,1,0,1,1,0
1188,247291,0.18182055,-0.75742596,-0.04818309,1.36248598,-0.09110988,0.05805722,1,0,1,1,0
1189,247500,0.18571720,-0.73164951,-0.10486720,1.48104337,-0.09569723,0.02917702,1,0,1,1,0
1190,247708,0.18000967,-0.68789881,-0.17268145,1.62503033,-0.08392586,0.02388141,1,0,1,1,0
1191,247916,0.18919333,-0.65097210,-0.23834276,1.72193324,-0.09280126,0.02281745,1,0,1,1,0
1192,248125,0.19658750,-0.60498299,-0.29112370,1.81827854,-0.07779113,0.03575073,1,0,1,1,0
1193,248333,0.20182282,-0.56494037,-0.34560595,1.93647482,-0.07734310,0.00634259,1,0,1,1,0
1194,248541,0.19388794,-0.51071270,-0.41230176,2.01780181,-0.09408599,0.01260087,1,0,1,1,0
1195,248750,0.20682031,-0.45980996,-0.45201437,2.12117612,-0.07265787,-0.00116170,1,0,1,1,0
1196,248958,0.20398669,-0.40756737,-0.51165654,2.20352141,-0.09248172,0.00653198,1,0,1,1,0
1197,249166,0.19332867,-0.34815792,-0.55701735,2.24798875,-0.09542592,-0.00870848,1,0,1,1,0
1198,249375,0.19611344,-0.29686735,-0.60969240,2.32448213,-0.08005219,-0.01187902,1,0,1,1,0
1199,249583,0.19774005,-0.24640758,-0.64319255,2.37003193,-0.05585815,-0.02730060,1,0,1,1,0
1200,249791,0.19544214,-0.18047415,-0.69909461,2.39355159,-0.06211360,-0.04081782,1,0,1,1,0
1201,250000,0.13154344,-0.08338935,-0.73206596,2.41644719,-0.09787943,-0.03049163,1,0,1,1,0
1202,250208,0.13080099,-0.01961888,-0.76875897,2.43246717,-0.08650651,-0.03443389,1,0,1,1,0
1203,250416,0.13568878,0.04037749,-0.79378846,2.43001773,-0.10091492,-0.05187847,1,0,1,1,0
1204,250625,0.12181203,0.10363681,-0.82807818,2.40708916,-0.08966467,-0.05259985,1,0,1,1,0
1205,250833,0.12779274,0.16129527,-0.84458206,2.37152521,-0.07899002,-0.04993061,1,0,1,1,0
1206,251041,0.12211301,0.22315973,-0.87358022,2.31890624,-0.07348238,-0.07780302,1,0,1,1,0
1207,251249,0.11827522,0.28007323,-0.88673860,2.26059061,-0.07022443,-0.06844648,1,0,1,1,0
1208,251458,0.10423364,0.34917071,-0.90014715,2.18992294,-0.08129101,-0.06818554,1,0,1,1,0
1209,251666,0.11713536,0.39321250,-0.91171979,2.11790769,-0.06616227,-0.07459249,1,0,1,1,0
1210,251875,0.10283143,0.44813603,-0.91706506,1.99435831,-0.05512374,-0.07289838,1,0,1,1,0
1211,252083,0.09681259,0.50831948,-0.92992164,1.90374020,-0.05795155,-0.10129942,1,0,1,1,0
1212,252291,0.09372973,0.55576361,-0.92317935,1.80308877,-0.05121014,-0.08518273,1,0,1,1,0
1213,252500,0.08082780,0.61266700,-0.91728898,1.64177049,-0.02917235,-0.10371255,1,0,1,1,0
1214,252708,0.06797180,0.65125439,-0.90219057,1.53977420,-0.04197518,-0.08477138,1,0,1,1,0
1215,252916,0.05184320,0.70445262,-0.88660141,1.39909568,-0.03245706,-0.09839690,1,0,1,1,0
1216,253125,0.03164370,0.74976586,-0.87440826,1.26671343,-0.01828807,-0.10784071,1,0,1,1,0
1217,253333,0.01022133,0.78294031,-0.85701803,1.12765786,0.01123467,-0.11354192,1,0,1,1,0
1218,253541,-0.00785965,0.82855322,-0.83151467,1.00274978,0.01647911,-0.09719168,1,0,1,1,0
1219,253749,-0.04285121,0.85179933,-0.80273157,0.84935871,-0.00418797,-0.10561216,1,0,1,1,0
1220,253958,-0.07185383,0.89348208,-0.77382170,0.71711456,0.01635261,-0.10188979,1,0,1,1,0
1221,254166,-0.10192859,0.92752332,-0.74246160,0.58639744,0.03847638,-0.11215085,1,0,1,1,0
1222,254375,-0.13566679,0.94202077,-0.70735130,0.47094015,0.05379952,-0.12990727,1,0,1,1,0
1223,254583,-0.18201550,0.96698409,-0.66579438,0.34555390,0.03815675,-0.09777318,1,0,1,1,0
1224,254791,-0.22443304,0.98034004,-0.62256280,0.24181473,0.05914130,-0.10666707,1,0,1,1,0
1225,255000,-0.26626316,1.00131364,-0.56906148,0.14639095,0.05440590,-0.10214596,1,0,1,1,0
1226,255208,-0.31579848,1.01117380,-0.52336804,0.04529521,0.08105666,-0.12547479,1,0,1,1,0
1227,255416,-0.36015533,1.01497985,-0.46466736,-0.04394692,0.07488167,-0.08012453,1,0,1,1,0
1228,255625,-0.42028066,1.01697953,-0.42413060,-0.13174332,0.08443786,-0.09567114,1,0,1,1,0
1229,255833,-0.45197903,1.00649647,-0.36000805,-0.15688480,0.07915131,-0.07468726,1,0,1,1,0
1230,256041,-0.51074429,1.00161974,-0.29777330,-0.21612226,0.10886647,-0.09321409,1,0,1,1,0
1231,256249,-0.57028898,0.98415791,-0.23516191,-0.27547143,0.11080951,-0.08403347,1,0,1,1,0
1232,256458,-0.61473178,0.96882293,-0.17319904,-0.30239487,0.11530170,-0.07646855,1,0,1,1,0
1233,256666,-0.66112868,0.95148690,-0.10498848,-0.30641961,0.11375729,-0.08641351,1,0,1,1,0
1234,256875,-0.71017379,0.93314363,-0.03773211,-0.35249995,0.11780034,-0.06102330,1,0,1,1,0
1235,257083,-0.76237712,0.89351479,0.02253730,-0.34429459,0.13247324,-0.05428682,1,0,1,1,0
1236,257291,-0.79320174,0.86604508,0.08663742,-0.34255589,0.12379953,-0.04646610,1,0,1,1,0
1237,257500,-0.83569544,0.82297651,0.15448976,-0.36151272,0.14046907,-0.03928374,1,0,1,1,0
1238,257708,-0.88351122,0.78070444,0.21674917,-0.36370517,0.14545102,-0.02743344,1,0,1,1,0
1239,257916,-0.90820746,0.74961145,0.28800728,-0.34127510,0.12931307,0.00041361,1,0,1,1,0
1240,258125,-0.94271756,0.70142692,0.34550965,-0.33441314,0.13308141,-0.00722927,1,0,1,1,0
1241,258333,-0.96818651,0.64199918,0.40710377,-0.31589464,0.11229593,0.00806731,1,0,1,1,0
1242,258541,-0.98387449,0.59182229,0.47119972,-0.31024098,0.12564258,0.03105942,1,0,1,1,0
1243,258749,-0.98789845,0.53955067,0.52408595,-0.29627522,0.12152419,0.04313363,1,0,1,1,0
1244,258958,-1.00313407,0.47667031,0.59160941,-0.27164421,0.12032128,0.05780836,1,0,1,1,0
1245,259166,-0.99733928,0.42524202,0.63046092,-0.28617259,0.11704216,0.06854017,1,0,1,1,0
1246,259375,-1.00050070,0.35394600,0.68425720,-0.25474702,0.10463102,0.07353574,1,0,1,1,0
1247,259583,-0.97872790,0.29699139,0.74350687,-0.25765845,0.10181899,0.08757898,1,0,1,1,0
1248,259791,-0.96663913,0.23423771,0.79174285,-0.24816003,0.07958242,0.11730765,1,0,1,1,0
1249,260000,-0.94049235,0.17361656,0.83586643,-0.26612896,0.05650873,0.12281001,0,0,0,0,0
1250,260208,-0.92152534,0.11226065,0.86219455,-0.23236565,0.06555999,0.14477845,0,0,0,0,0
1251,260416,-0.87364181,0.03492830,0.89992622,-0.25070102,0.02858725,0.15537580,0,0,0,0,0
1252,260625,-0.84005890,-0.02643257,0.93372155,-0.24261600,0.01754603,0.18161657,0,0,0,0,0
1253,260833,-0.82422266,-0.08854840,0.96224504,-0.26258402,0.01254021,0.17430706,0,0,0,0,0
1254,261041,-0.76341750,-0.15702122,0.98917468,-0.25665948,-0.01074363,0.19495079,0,0,0,0,0
1255,261249,-0.72402010,-0.22196333,1.00567216,-0.24712088,-0.01449620,0.18549389,0,0,0,0,0
1256,261458,-0.67422119,-0.28021807,1.03167221,-0.24490760,-0.03835035,0.21108582,0,0,0,0,0
1257,261666,-0.62337241,-0.35549950,1.03522627,-0.23762572,-0.03904211,0.22022509,0,0,0,0,0
1258,261875,-0.56698724,-0.40757827,1.04216530,-0.23774243,-0.05877642,0.22891220,0,0,0,0,0
1259,262083,-0.51807846,-0.46463584,1.03382033,-0.23268162,-0.04883467,0.21874607,0,0,0,0,0
1260,262291,-0.46387540,-0.52140511,1.04048009,-0.22454798,-0.06271567,0.23553573,0,0,0,0,0
1261,262500,-0.39891732,-0.57924042,1.03515514,-0.21940945,-0.08622759,0.24487928,0,0,0,0,0
1262,262708,-0.33706749,-0.62237200,1.02341371,-0.21310834,-0.09833624,0.22781191,0,0,0,0,0
1263,262916,-0.26906313,-0.67410529,0.99545582,-0.20521208,-0.10173173,0.23706095,0,0,0,0,0
1264,263125,-0.20411143,-0.73797315,0.98135559,-0.17926319,-0.11055328,0.24129488,0,0,0,0,0
1265,263333,-0.14062220,-0.76090983,0.95876099,-0.18521256,-0.11115797,0.23333728,0,0,0,0,0
1266,263541,-0.07495382,-0.80397235,0.93525257,-0.17520448,-0.14436606,0.23764118,0,0,0,0,0
1267,263750,-0.00127965,-0.83454158,0.90449787,-0.14878627,-0.13191389,0.23647507,0,0,0,0,0
1268,263958,0.05685368,-0.86432868,0.88778138,-0.12925907,-0.15710055,0.24559932,0,0,0,0,0
1269,264166,0.13244694,-0.89886865,0.83264128,-0.08504187,-0.16782666,0.23738573,0,0,0,0,0
1270,264375,0.19422146,-0.92742609,0.79479259,-0.11266730,-0.18504803,0.23434804,0,0,0,0,0
1271,264583,0.25653619,-0.93940135,0.75393773,-0.09133898,-0.18469698,0.26238725,0,0,0,0,0
1272,264791,0.31791486,-0.95282155,0.70449573,-0.08342754,-0.20205087,0.24663745,0,0,0,0,0
1273,265000,0.39192485,-0.97068864,0.66390335,-0.06672566,-0.19655198,0.22769025,0,0,0,0,0
1274,265208,0.43645259,-0.98050815,0.60441444,-0.04940606,-0.19294921,0.22163154,0,0,0,0,0
1275,265416,0.50548402,-0.97915837,0.54569028,-0.05224187,-0.18885240,0.20443505,0,0,0,0,0
1276,265625,0.55851199,-0.98747356,0.48837818,-0.02978121,-0.21646029,0.21096392,0,0,0,0,0
1277,265833,0.61129161,-0.97763222,0.43551510,-0.03079975,-0.21848527,0.20010710,0,0,0,0,0
1278,266041,0.65697094,-0.97089556,0.37639527,-0.01620478,-0.22307356,0.20357010,0,0,0,0,0
1279,266250,0.70760683,-0.95196579,0.31027137,0.00728598,-0.21174393,0.19225530,0,0,0,0,0
1280,266458,0.76822798,-0.93764684,0.24095851,0.00647239,-0.23236760,0.17125147,0,0,0,0,0
1281,266666,0.80417576,-0.91499006,0.17585260,0.02001159,-0.24376915,0.18294204,0,0,0,0,0
1282,266875,0.84264917,-0.88464434,0.11626527,0.04344575,-0.23874125,0.15111542,0,0,0,0,0
1283,267083,0.87671715,-0.84993712,0.05534155,0.06568089,-0.25018355,0.16166764,0,0,0,0,0
1284,267291,0.90649034,-0.81922984,-0.01496190,0.06603398,-0.22045403,0.13356283,0,0,0,0,0
1285,267500,0.94071058,-0.78036054,-0.08643192,0.06692884,-0.23180448,0.14095248,0,0,0,0,0
1286,267708,0.95898230,-0.73792723,-0.15092707,0.06926959,-0.22446835,0.11244598,0,0,0,0,0
1287,267916,0.99004830,-0.70035780,-0.22459877,0.08033690,-0.23896095,0.09981629,0,0,0,0,0
1288,268125,1.00078377,-0.65064076,-0.27214460,0.08738582,-0.22313121,0.10655087,0,0,0,0,0
1289,268333,1.00805175,-0.60247794,-0.34547442,0.10048350,-0.22451802,0.06834899,0,0,0,0,0
1290,268541,1.01703150,-0.54978422,-0.39404768,0.11596437,-0.23581877,0.07718506,0,0,0,0,0
1291,268750,1.01659945,-0.49735770,-0.45716886,0.12252653,-0.22252950,0.04745487,0,0,0,0,0
1292,268958,1.02436668,-0.44009599,-0.50315569,0.12993856,-0.19938530,0.02720333,0,0,0,0,0
1293,269166,1.00718590,-0.38260282,-0.56163978,0.14404529,-0.16922090,0.02141557,0,0,0,0,0
1294,269375,1.00362296,-0.32516428,-0.61595571,0.15078827,-0.17351934,0.00948426,0,0,0,0,0
1295,269583,0.98703083,-0.27267284,-0.66576424,0.15321501,-0.16421537,-0.02085333,0,0,0,0,0
1296,269791,0.96448107,-0.19788132,-0.71414555,0.16102206,-0.14271970,-0.02471189,0,0,0,0,0
1297,270000,0.94865358,-0.12698679,-0.75275377,0.18788892,-0.15004976,-0.03555672,0,0,0,0,0
1298,270208,0.90707993,-0.06817064,-0.79252306,0.16687266,-0.12380602,-0.06295760,0,0,0,0,0
1299,270416,0.89575508,-0.00714979,-0.83466708,0.17319070,-0.12649446,-0.05710814,0,0,0,0,0
1300,270625,0.86587932,0.05144516,-0.85254827,0.17100703,-0.10028718,-0.06953511,0,0,0,0,0
1301,270833,0.81874428,0.11799559,-0.88818037,0.15957033,-0.09270751,-0.08544674,0,0,0,0,0
1302,271041,0.77937445,0.17697546,-0.91210144,0.17069090,-0.06300666,-0.09585729,0,0,0,0,0
1303,271250,0.73669032,0.25103898,-0.93921906,0.15275132,-0.07898612,-0.10697769,0,0,0,0,0
1304,271458,0.69604997,0.30686108,-0.94763030,0.14537659,-0.05576398,-0.12261210,0,0,0,0,0
1305,271666,0.64887526,0.37691050,-0.95280828,0.16500520,-0.01894247,-0.12242202,0,0,0,0,0
1306,271875,0.59527818,0.41854182,-0.96691291,0.17137960,-0.01215715,-0.11321902,0,0,0,0,0
1307,272083,0.53957618,0.48445583,-0.97027736,0.14134398,-0.00944616,-0.16433733,0,0,0,0,0
1308,272291,0.47823155,0.54701364,-0.96448731,0.14611299,0.00636991,-0.14935919,0,0,0,0,0
1309,272500,0.40688760,0.58806886,-0.95627538,0.11951175,0.01604298,-0.15071265,0,0,0,0,0
1310,272708,0.35482892,0.63805193,-0.94130944,0.14413817,0.04846838,-0.15558282,0,0,0,0,0
1311,272916,0.29788550,0.68893909,-0.92551604,0.11350465,0.03995695,-0.16005205,0,0,0,0,0
1312,273125,0.23403866,0.73049119,-0.91371560,0.10830080,0.05458055,-0.14971138,0,0,0,0,0
1313,273333,0.16384617,0.77521631,-0.89755670,0.09169403,0.05798373,-0.14135394,0,0,0,0,0
1314,273541,0.09022733,0.80375673,-0.86776961,0.08077671,0.07680491,-0.15949374,0,0,0,0,0
1315,273750,0.03844865,0.85524298,-0.83012133,0.05336037,0.07485059,-0.14204479,0,0,0,0,0
1316,273958,-0.03590646,0.88387575,-0.80746503,0.04660754,0.10358149,-0.14154860,0,0,0,0,0
1317,274166,-0.10110545,0.90395031,-0.76181189,0.04188229,0.11778609,-0.15347944,0,0,0,0,0
1318,274375,-0.15616259,0.92034221,-0.71323896,0.03241022,0.12719960,-0.16679872,0,0,0,0,0
1319,274583,-0.22413627,0.94399114,-0.67690553,0.02648096,0.14740001,-0.17620430,0,0,0,0,0
1320,274791,-0.28281863,0.96696105,-0.63349731,0.00472774,0.15845413,-0.15946361,0,0,0,0,0
1321,275000,-0.35507277,0.97782786,-0.57936613,0.01646355,0.16833801,-0.15212888,0,0,0,0,0
1322,275208,-0.40766255,0.97725530,-0.53213503,-0.01240084,0.15083470,-0.15072609,0,0,0,0,0
1323,275416,-0.47250141,0.98487005,-0.48186563,-0.02113794,0.17869986,-0.13402462,0,0,0,0,0
1324,275625,-0.51385285,0.97281369,-0.42239330,-0.04482328,0.18326104,-0.12096637,0,0,0,0,0
1325,275833,-0.56721627,0.97353320,-0.37028109,-0.03654451,0.19362782,-0.12630148,0,0,0,0,0
1326,276041,-0.62584559,0.95664156,-0.31107872,-0.05149497,0.18838895,-0.12883370,0,0,0,0,0
1327,276250,-0.66921408,0.94963157,-0.24350938,-0.05157664,0.19684200,-0.12733463,0,0,0,0,0
1328,276458,-0.70907019,0.92599686,-0.18329620,-0.09025309,0.19344783,-0.12090352,0,0,0,0,0
1329,276666,-0.75817751,0.90296555,-0.11929493,-0.11064921,0.21854601,-0.09239641,0,0,0,0,0
1330,276875,-0.79974592,0.87619556,-0.05621173,-0.09594525,0.20915011,-0.09940612,0,0,0,0,0
1331,277083,-0.82591175,0.83530142,0.01289337,-0.09981362,0.22779451,-0.08950361,0,0,0,0,0
1332,277291,-0.85290471,0.80858990,0.07598281,-0.10751057,0.20101154,-0.07998873,0,0,0,0,0
1333,277500,-0.88910508,0.77488566,0.14477135,-0.12608197,0.21482745,-0.06152083,0,0,0,0,0
1334,277708,-0.90092104,0.72708272,0.20579117,-0.11449703,0.21374986,-0.06079733,0,0,0,0,0
1335,277916,-0.92509003,0.68621877,0.26923078,-0.14671866,0.19484931,-0.02801414,0,0,0,0,0
1336,278125,-0.93591828,0.63049676,0.33410915,-0.15438038,0.21698612,-0.04375778,0,0,0,0,0
1337,278333,-0.95867000,0.58269729,0.38777347,-0.15861236,0.21804437,-0.00379352,0,0,0,0,0
1338,278541,-0.96515226,0.52987701,0.45071123,-0.17970862,0.19523431,-0.01351620,0,0,0,0,0
1339,278750,-0.96578127,0.47568934,0.51838988,-0.17654566,0.19768655,-0.00422098,0,0,0,0,0
1340,278958,-0.95315293,0.41968300,0.57046611,-0.18902018,0.18297809,0.02636447,0,0,0,0,0
1341,279166,-0.95383110,0.34870874,0.61955227,-0.18257665,0.19651617,0.04281505,0,0,0,0,0
1342,279375,-0.94466956,0.29085770,0.66176551,-0.19554370,0.15725712,0.05270334,0,0,0,0,0
1343,279583,-0.92225865,0.23484068,0.71115605,-0.19849597,0.14414272,0.06623964,0,0,0,0,0
1344,279791,-0.91659213,0.17070287,0.75924535,-0.20340426,0.16075606,0.08149733,0,0,0,0,0
1345,280000,-0.88665988,0.10424687,0.80348693,-0.19808092,0.14585879,0.08931028,0,0,0,0,0
1346,280208,-0.86212270,0.05230359,0.83615283,-0.18922691,0.13434099,0.09384330,0,0,0,0,0
1347,280416,-0.82350569,-0.02585378,0.87633599,-0.21070092,0.11779715,0.10272586,0,0,0,0,0
1348,280625,-0.79310808,-0.09050092,0.90329264,-0.20125498,0.11188171,0.12799197,0,0,0,0,0
1349,280833,-0.76304216,-0.16410907,0.93513930,-0.19178254,0.08966121,0.13918128,0,0,0,0,0
1350,281041,-0.71136275,-0.21749698,0.95556422,-0.19299291,0.07328654,0.15162248,0,0,0,0,0
1351,281250,-0.67499338,-0.28577631,0.97632858,-0.17877879,0.08465127,0.14430449,0,0,0,0,0
1352,281458,-0.62585774,-0.34882968,0.98612290,-0.20934761,0.05818552,0.16876874,0,0,0,0,0
1353,281666,-0.57666645,-0.40116989,0.99323020,-0.19115717,0.03970368,0.18234342,0,0,0,0,0
1354,281875,-0.51724867,-0.47138612,1.00549349,-0.18043635,0.03202770,0.16776429,0,0,0,0,0
1355,282083,-0.48247706,-0.52296298,1.00303663,-0.16812806,0.01236085,0.15691946,0,0,0,0,0
1356,282291,-0.41005197,-0.57892159,0.99986891,-0.16843835,0.02758496,0.16309554,0,0,0,0,0
1357,282500,-0.34173728,-0.63894498,0.99371293,-0.16096081,-0.00716286,0.17097367,0,0,0,0,0
1358,282708,-0.29800787,-0.69614854,0.98541610,-0.14967708,-0.00741353,0.15802511,0,0,0,0,0
1359,282916,-0.23374807,-0.74036727,0.96592685,-0.14087850,-0.01446877,0.18035608,0,0,0,0,0
1360,283125,-0.16371028,-0.77687041,0.94934439,-0.11283681,-0.04821824,0.18425057,0,0,0,0,0
1361,283333,-0.09375482,-0.82639801,0.90890172,-0.10875134,-0.04421296,0.18447474,0,0,0,0,0
1362,283541,-0.03295708,-0.86935137,0.89564506,-0.09997769,-0.05219627,0.16775305,0,0,0,0,0
1363,283750,0.02995026,-0.89750178,0.86914910,-0.08044980,-0.07101410,0.16309383,0,0,0,0,0
1364,283958,0.09660952,-0.93500389,0.83273322,-0.08146910,-0.07888284,0.19008102,0,0,0,0,0
1365,284166,0.16012761,-0.96188834,0.78442160,-0.05938383,-0.07932920,0.20499581,0,0,0,0,0
1366,284375,0.22425573,-0.98593384,0.74466422,-0.04448890,-0.08357831,0.19677312,0,0,0,0,0
1367,284583,0.28341891,-0.99561946,0.71203149,-0.01361772,-0.10146879,0.18070550,0,0,0,0,0
1368,284791,0.36321301,-1.00977328,0.66774497,0.00255492,-0.12905129,0.16952620,0,0,0,0,0
1369,285000,0.41427935,-1.03423587,0.60764261,-0.00509234,-0.12651441,0.16860748,0,0,0,0,0
1370,285208,0.46730480,-1.03352816,0.56970473,0.02594725,-0.13442056,0.17406765,0,0,0,0,0
1371,285416,0.53489414,-1.03486944,0.49539871,0.02769127,-0.14679722,0.15679577,0,0,0,0,0
1372,285625,0.57223707,-1.03937267,0.44484913,0.03446680,-0.15509292,0.15135444,0,0,0,0,0
1373,285833,0.62961548,-1.03403580,0.37428853,0.04267611,-0.14383880,0.14567624,0,0,0,0,0
1374,286041,0.68712369,-1.01147535,0.31957877,0.05652204,-0.15716411,0.14871134,0,0,0,0,0
1375,286250,0.73216505,-1.01127254,0.24789553,0.06870400,-0.14845144,0.14030754,0,0,0,0,0
1376,286458,0.77911642,-0.98284758,0.19281893,0.06766937,-0.14782031,0.13143768,0,0,0,0,0
1377,286666,0.81254507,-0.96023436,0.12120221,0.09101517,-0.18393455,0.09357810,0,0,0,0,0
1378,286875,0.85258140,-0.92291989,0.05341790,0.10518500,-0.14540319,0.09295366,0,0,0,0,0
1379,287083,0.88801640,-0.89765446,-0.00088769,0.10386639,-0.15991868,0.08876817,0,0,0,0,0
1380,287291,0.91563033,-0.87578293,-0.07209841,0.12320337,-0.16055006,0.06793088,0,0,0,0,0
1381,287500,0.94114596,-0.83511718,-0.14529771,0.13494702,-0.16008176,0.05582927,0,0,0,0,0
1382,287708,0.97766019,-0.79015820,-0.21047699,0.13669609,-0.16624976,0.06497631,0,0,0,0,0
1383,287916,0.98366365,-0.74094900,-0.27969589,0.17267981,-0.17573719,0.06034340,0,0,0,0,0
1384,288125,1.00249129,-0.70188524,-0.33896581,0.17079710,-0.16093202,0.01407602,0,0,0,0,0
1385,288333,1.00951380,-0.64062957,-0.40138071,0.16347015,-0.18410807,0.00059600,0,0,0,0,0
1386,288541,1.01750131,-0.58792756,-0.45639773,0.19537741,-0.13331933,-0.01677296,0,0,0,0,0
1387,288750,1.01516067,-0.53607106,-0.51574693,0.19047347,-0.15166128,-0.02376349,0,0,0,0,0
1388,288958,1.01343467,-0.47071388,-0.57764362,0.19189753,-0.13476574,-0.01877062,0,0,0,0,0
1389,289166,1.01123337,-0.41445254,-0.63156069,0.21122622,-0.14237601,-0.05811269,0,0,0,0,0
1390,289375,1.00032748,-0.35061607,-0.66864983,0.23570656,-0.10684346,-0.06452456,0,0,0,0,0
1391,289583,0.98813788,-0.28124108,-0.72161879,0.22323191,-0.10767000,-0.05707574,0,0,0,0,0
1392,289791,0.97806744,-0.23541887,-0.76673190,0.22147330,-0.08452801,-0.09195189,0,0,0,0,0
1393,290000,0.94552486,-0.16386304,-0.81381603,0.23778027,-0.07184830,-0.10048115,0,0,0,0,0
1394,290208,0.91487837,-0.10421434,-0.85848022,0.22504790,-0.08659817,-0.12894536,0,0,0,0,0
1395,290416,0.87483515,-0.03222945,-0.88615996,0.24936484,-0.05833789,-0.13887753,0,0,0,0,0
1396,290625,0.84572385,0.02783658,-0.92292062,0.23322209,-0.04645897,-0.14199656,0,0,0,0,0
1397,290833,0.82307709,0.09346179,-0.93414008,0.23998623,-0.03845555,-0.14894951,0,0,0,0,0
1398,291041,0.77644795,0.15496176,-0.97540276,0.21474099,-0.00782708,-0.18458119,0,0,0,0,0
1399,291250,0.72966355,0.22692869,-0.98416257,0.22986990,-0.00398851,-0.17620057,0,0,0,0,0
1400,291458,0.68291124,0.29590558,-1.00790557,0.21572969,0.01035957,-0.19092808,0,0,0,0,0
1401,291666,0.62339470,0.34382007,-1.01749889,0.22015419,0.01718062,-0.21042946,0,0,0,0,0
1402,291875,0.57730157,0.39888575,-1.01679764,0.22100296,0.03121055,-0.20486239,0,0,0,0,0
1403,292083,0.51815196,0.47068309,-1.03163040,0.20925885,0.03560107,-0.20075807,0,0,0,0,0
1404,292291,0.46638901,0.52980778,-1.01764965,0.20287930,0.06195962,-0.20720664,0,0,0,0,0
1405,292500,0.39952769,0.59006409,-1.01972875,0.21441069,0.06459708,-0.20210557,0,0,0,0,0
1406,292708,0.33396536,0.62778728,-1.00339818,0.16931318,0.05708287,-0.20903715,0,0,0,0,0
1407,292916,0.27582240,0.67626741,-0.98721232,0.18977861,0.08584791,-0.22589192,0,0,0,0,0
1408,293125,0.20715447,0.72547456,-0.96935379,0.16880563,0.09328153,-0.22601073,0,0,0,0,0
1409,293333,0.14654763,0.76046922,-0.95693867,0.15219922,0.11155304,-0.21054479,0,0,0,0,0
1410,293541,0.07737129,0.80025814,-0.92677006,0.14025316,0.11777311,-0.21571529,0,0,0,0,0
1411,293750,0.01552667,0.84387577,-0.89353900,0.13448640,0.13214110,-0.21550467,0,0,0,0,0
1412,293958,-0.06070037,0.86432805,-0.86570328,0.12279306,0.14673406,-0.22881760,0,0,0,0,0
1413,294166,-0.11447089,0.89414139,-0.82168393,0.09736897,0.16413633,-0.21055172,0,0,0,0,0
1414,294375,-0.18591550,0.91591230,-0.77791526,0.09239245,0.16224923,-0.22702643,0,0,0,0,0
1415,294583,-0.25241630,0.93977308,-0.74198175,0.05612213,0.17331755,-0.19913988,0,0,0,0,0
1416,294791,-0.31097150,0.95771246,-0.68816991,0.07318865,0.19684899,-0.22294661,0,0,0,0,0
1417,295000,-0.37431587,0.97002463,-0.64311956,0.05361845,0.19331567,-0.21761289,0,0,0,0,0
1418,295208,-0.43458060,0.97789705,-0.58951682,0.02542280,0.15642375,-0.20282956,0,0,0,0,0
1419,295416,-0.49354242,0.98623398,-0.53269025,0.04016553,0.19010414,-0.22010839,0,0,0,0,0
1420,295625,-0.54792902,0.98065264,-0.47313853,0.02187390,0.20655275,-0.20408149,0,0,0,0,0
1421,295833,-0.60598194,0.97217568,-0.42498572,0.00982872,0.21950036,-0.20546647,0,0,0,0,0
1422,296041,-0.65245264,0.96060125,-0.35459266,-0.01124872,0.23066746,-0.18686593,0,0,0,0,0
1423,296250,-0.70597159,0.95057897,-0.29242411,-0.02537515,0.20484044,-0.19364672,0,0,0,0,0
1424,296458,-0.75221851,0.94362183,-0.23244156,-0.03242457,0.21764173,-0.15563327,0,0,0,0,0
1425,296666,-0.79276240,0.91259196,-0.17379593,-0.00730941,0.23098388,-0.15138885,0,0,0,0,0
1426,296875,-0.83761774,0.89296058,-0.10058053,-0.05033066,0.22649930,-0.15221183,0,0,0,0,0
1427,297083,-0.87055578,0.84317843,-0.03519802,-0.05098177,0.23138632,-0.13398511,0,0,0,0,0
1428,297291,-0.89788604,0.81420506,0.02758715,-0.06119032,0.22896155,-0.12374107,0,0,0,0,0
1429,297500,-0.93246831,0.77161998,0.09815196,-0.06178802,0.23471938,-0.11012020,0,0,0,0,0
1430,297708,-0.95065070,0.73857913,0.15613957,-0.08524652,0.24589823,-0.11489905,0,0,0,0,0
1431,297916,-0.96473218,0.69699463,0.22699453,-0.11264925,0.22411354,-0.08762873,0,0,0,0,0
1432,298125,-0.98656380,0.65195920,0.28720216,-0.11390628,0.21967561,-0.08972740,0,0,0,0,0
1433,298333,-0.99863104,0.60107116,0.35251055,-0.12685233,0.22225241,-0.05635941,0,0,0,0,0
1434,298541,-1.00489896,0.54984167,0.40182899,-0.12350544,0.21463085,-0.04774673,0,0,0,0,0
1435,298750,-1.02019127,0.48943125,0.45243504,-0.12797506,0.23158104,-0.04261622,0,0,0,0,0
1436,298958,-1.00519191,0.43131094,0.51541859,-0.13534987,0.19629342,-0.00848373,0,0,0,0,0
1437,299166,-0.99657773,0.37117574,0.57547262,-0.14175893,0.19646826,0.00613679,0,0,0,0,0
1438,299375,-0.98549803,0.32373397,0.63581573,-0.13408933,0.17402890,0.00043165,0,0,0,0,0
1439,299583,-0.97863183,0.25852826,0.67549770,-0.15108141,0.16500324,0.01130903,0,0,0,0,0
1440,299791,-0.95080040,0.19016391,0.72605469,-0.17988255,0.14627923,0.02678648,0,0,0,0,0
1441,300000,-0.93494015,0.12888741,0.76449318,-0.17508413,0.14539766,0.05131106,0,0,0,0,0
1442,300208,-0.90542074,0.06958513,0.78898989,-0.15308476,0.11565517,0.05714091,0,0,0,0,0
1443,300416,-0.88239581,-0.00360060,0.83482735,-0.17576243,0.11462490,0.07742567,0,0,0,0,0
1444,300625,-0.84028631,-0.06341920,0.86261549,-0.16889169,0.11140899,0.09818148,0,0,0,0,0
1445,300833,-0.81320578,-0.13014890,0.88889754,-0.17631230,0.09226249,0.11582514,0,0,0,0,0
1446,301041,-0.76866220,-0.18675466,0.91723856,-0.18239531,0.07094066,0.09350048,0,0,0,0,0
1447,301250,-0.72674760,-0.25776006,0.93830090,-0.16385484,0.07880240,0.09379165,0,0,0,0,0
1448,301458,-0.68634399,-0.31474028,0.94278656,-0.15238969,0.03926700,0.12286223,0,0,0,0,0
1449,301666,-0.62262385,-0.38376830,0.95800345,-0.16305861,0.05094874,0.12054906,0,0,0,0,0
1450,301875,-0.57951872,-0.44333553,0.96566937,-0.17884525,0.01675041,0.13190446,0,0,0,0,0
1451,302083,-0.52880862,-0.50110096,0.96991200,-0.15367868,0.01742361,0.14153519,0,0,0,0,0
1452,302291,-0.46955663,-0.54512984,0.97197111,-0.14847582,-0.00669181,0.15534582,0,0,0,0,0
1453,302500,-0.40199600,-0.59951448,0.95814499,-0.13913233,-0.00711463,0.15124379,0,0,0,0,0
1454,302708,-0.33673571,-0.64625803,0.95338039,-0.13645209,-0.00939723,0.14721949,0,0,0,0,0
1455,302916,-0.28671931,-0.69718728,0.94641155,-0.13681475,-0.03897186,0.15781648,0,0,0,0,0
1456,303125,-0.21622408,-0.74414913,0.91765103,-0.11853439,-0.03172075,0.15714899,0,0,0,0,0
1457,303333,-0.15628375,-0.78746173,0.89671639,-0.10825195,-0.06049449,0.15656472,0,0,0,0,0
1458,303541,-0.10028252,-0.81887257,0.86740600,-0.07781822,-0.07872517,0.15194009,0,0,0,0,0
1459,303750,-0.01945449,-0.85527740,0.83489799,-0.07206255,-0.06939392,0.15989102,0,0,0,0,0
1460,303958,0.03732206,-0.89312083,0.80241525,-0.05117811,-0.10350190,0.17125066,0,0,0,0,0
1461,304166,0.11120026,-0.91884982,0.77187436,-0.04832232,-0.12709026,0.17269075,0,0,0,0,0
1462,304375,0.17506329,-0.93821260,0.72221074,-0.03708410,-0.13620225,0.15682651,0,0,0,0,0
1463,304583,0.23370644,-0.95795760,0.68083345,-0.02213689,-0.12323036,0.16361877,0,0,0,0,0
1464,304791,0.30012353,-0.96898993,0.63457435,-0.01436443,-0.14790718,0.15616039,0,0,0,0,0
1465,305000,0.36334109,-0.98034086,0.59054263,0.01111578,-0.15047049,0.17126154,0,0,0,0,0
1466,305208,0.40955568,-0.99410609,0.53454955,-0.00197489,-0.15918032,0.15946227,0,0,0,0,0
1467,305416,0.47661495,-0.99797349,0.47980543,0.02370311,-0.15071952,0.14481889,0,0,0,0,0
1468,305625,0.53217137,-0.99876750,0.42321513,0.03303765,-0.16409793,0.14271312,0,0,0,0,0
1469,305833,0.58094529,-0.98411845,0.36715223,0.04403694,-0.17056569,0.11675379,0,0,0,0,0
1470,306041,0.63960504,-0.96426487,0.31209212,0.06092720,-0.17783212,0.12744897,0,0,0,0,0
1471,306250,0.67970899,-0.95914560,0.25056736,0.04931815,-0.19154168,0.12699360,0,0,0,0,0
1472,306458,0.73379978,-0.93865024,0.17439333,0.08100118,-0.20183252,0.11846487,0,0,0,0,0
1473,306666,0.77103699,-0.91343123,0.11654298,0.08904874,-0.20836894,0.09890865,0,0,0,0,0
1474,306875,0.81072605,-0.88664827,0.05499940,0.10216699,-0.19585967,0.09449390,0,0,0,0,0
1475,307083,0.83982807,-0.86085119,-0.00513343,0.11314623,-0.20625655,0.09030936,0,0,0,0,0
1476,307291,0.87286063,-0.82246492,-0.08554780,0.11627363,-0.19484312,0.08488960,0,0,0,0,0
1477,307500,0.89307733,-0.78097187,-0.14429628,0.13020458,-0.20593842,0.06241715,0,0,0,0,0
1478,307708,0.92829981,-0.72924615,-0.20516718,0.15217154,-0.19792755,0.06116690,0,0,0,0,0
1479,307916,0.93167342,-0.68545445,-0.27666507,0.13040841,-0.18564234,0.03211418,0,0,0,0,0
1480,308125,0.96143449,-0.64872949,-0.33899343,0.17136609,-0.17895359,0.03446373,0,0,0,0,0
1481,308333,0.96252990,-0.58528810,-0.39974269,0.18737334,-0.19807119,0.01937128,0,0,0,0,0
1482,308541,0.96307958,-0.52987155,-0.45496699,0.18186840,-0.18577460,-0.01455513,0,0,0,0,0
1483,308750,0.97519850,-0.48081595,-0.51550499,0.17826156,-0.20374587,-0.01172530,0,0,0,0,0
1484,308958,0.96960909,-0.42851843,-0.56681138,0.18715506,-0.19097123,-0.01187996,0,0,0,0,0
1485,309166,0.96683017,-0.36583461,-0.62481309,0.20328154,-0.17139560,-0.05031808,0,0,0,0,0
1486,309375,0.96283608,-0.29737576,-0.66579589,0.20591137,-0.15565065,-0.05056313,0,0,0,0,0
1487,309583,0.93251585,-0.24851210,-0.71667937,0.20594181,-0.15879948,-0.05966573,0,0,0,0,0
1488,309791,0.92735958,-0.18137299,-0.77233493,0.19520580,-0.15017510,-0.07085629,0,0,0,0,0
1489,310000,0.90072713,-0.11279200,-0.80154354,0.22227479,-0.13725819,-0.09059797,0,0,0,0,0
1490,310208,0.87476859,-0.05137977,-0.85013331,0.21519002,-0.10848463,-0.11023076,0,0,0,0,0
1491,310416,0.83132617,0.00751195,-0.87987348,0.21328967,-0.10205084,-0.10892210,0,0,0,0,0
1492,310625,0.80900666,0.07581534,-0.90818692,0.21850793,-0.08673615,-0.12891194,0,0,0,0,0
1493,310833,0.77461875,0.14016726,-0.93720622,0.20513332,-0.07415392,-0.15116676,0,0,0,0,0
1494,311041,0.73835194,0.20968651,-0.95403167,0.20755123,-0.05920822,-0.14951198,0,0,0,0,0
1495,311250,0.67630261,0.28498383,-0.96608612,0.19543301,-0.05287339,-0.17380267,0,0,0,0,0
1496,311458,0.63523095,0.34584840,-1.00082294,0.19479562,-0.03799583,-0.16200732,0,0,0,0,0
1497,311666,0.60041351,0.40066868,-1.00337505,0.19845581,-0.02745969,-0.17035346,0,0,0,0,0
1498,311875,0.52312648,0.46365797,-1.00512482,0.18818153,-0.03909084,-0.18589858,0,0,0,0,0
1499,312083,0.48383986,0.51935430,-1.00799497,0.18307745,-0.00448116,-0.15462514,0,0,0,0,0
1500,312291,0.42165516,0.57345846,-1.01364036,0.17232071,0.00168385,-0.19238151,0,0,0,0,0
1501,312500,0.35710944,0.62821906,-0.99047420,0.14814607,0.01068321,-0.18002278,0,0,0,0,0
1502,312708,0.29690718,0.67747652,-0.98437381,0.17000828,0.01066652,-0.18598524,0,0,0,0,0
1503,312916,0.24865048,0.72101151,-0.96566036,0.13836121,0.02833619,-0.19219614,0,0,0,0,0
1504,313125,0.17616960,0.77282168,-0.94706437,0.14360631,0.04158203,-0.19137176,0,0,0,0,0
1505,313333,0.10603963,0.81078576,-0.92787559,0.12197511,0.03169237,-0.19610527,0,0,0,0,0
1506,313541,0.03728964,0.85093677,-0.90563438,0.11236446,0.06561105,-0.18614345,0,0,0,0,0
1507,313750,-0.02011135,0.89101789,-0.86788139,0.09130997,0.07577470,-0.17537835,0,0,0,0,0
1508,313958,-0.09200373,0.91225344,-0.84060028,0.07481276,0.09268250,-0.17300976,0,0,0,0,0
1509,314166,-0.16039836,0.94234197,-0.79059476,0.05405867,0.09607935,-0.18547174,0,0,0,0,0
1510,314375,-0.22181750,0.97160464,-0.74876892,0.06230648,0.10623661,-0.19848124,0,0,0,0,0
1511,314583,-0.28236254,0.98546670,-0.70813478,0.04277965,0.11764133,-0.18534725,0,0,0,0,0
1512,314791,-0.34802062,1.00381768,-0.66357467,0.02660225,0.10889749,-0.18601756,0,0,0,0,0
1513,315000,-0.39913483,1.02278418,-0.60704332,0.01688149,0.12751293,-0.17951297,0,0,0,0,0
1514,315208,-0.46319489,1.02435652,-0.55301585,0.00151541,0.14262356,-0.19219701,0,0,0,0,0
1515,315416,-0.52586938,1.02493859,-0.50077154,-0.02568466,0.13408657,-0.18871266,0,0,0,0,0
1516,315625,-0.57519663,1.03124258,-0.43948928,-0.01948202,0.15250046,-0.15237548,0,0,0,0,0
1517,315833,-0.63309557,1.01286580,-0.37957568,-0.04068662,0.15211899,-0.15727783,0,0,0,0,0
1518,316041,-0.68219897,1.00406089,-0.31717434,-0.04233295,0.15585482,-0.15097497,0,0,0,0,0
1519,316250,-0.72828723,0.98985456,-0.25527504,-0.06503522,0.17435131,-0.13552495,0,0,0,0,0
1520,316458,-0.77477947,0.97436152,-0.21065434,-0.09070150,0.15944550,-0.14199759,0,0,0,0,0
1521,316666,-0.80777342,0.94662707,-0.12984336,-0.08595094,0.17012349,-0.10161808,0,0,0,0,0
1522,316875,-0.84590394,0.93626309,-0.06553870,-0.09769047,0.16083656,-0.11914779,0,0,0,0,0
1523,317083,-0.89058260,0.88262111,0.00424253,-0.09038960,0.17403322,-0.11223047,0,0,0,0,0
1524,317291,-0.90813833,0.86243992,0.05914574,-0.10828278,0.15939548,-0.07161542,0,0,0,0,0
1525,317500,-0.94134691,0.81951065,0.12710221,-0.09711574,0.18009401,-0.04468535,0,0,0,0,0
1526,317708,-0.97779368,0.77972169,0.20785726,-0.13689914,0.18827650,-0.07182007,0,0,0,0,0
1527,317916,-0.98539469,0.73135509,0.26677924,-0.14928290,0.17288615,-0.04361230,0,0,0,0,0
1528,318125,-0.99843276,0.68502650,0.32875931,-0.15960142,0.17389365,-0.00402487,0,0,0,0,0
1529,318333,-1.01584244,0.63059251,0.38654109,-0.16751769,0.16014885,-0.03757463,0,0,0,0,0
1530,318541,-1.00677111,0.58848370,0.44450434,-0.17532244,0.15702815,-0.00499063,0,0,0,0,0
1531,318750,-1.02530039,0.52079356,0.50431037,-0.19136404,0.16195297,0.01941189,0,0,0,0,0
1532,318958,-1.01571430,0.46939205,0.56041108,-0.19445352,0.14099492,0.01875540,0,0,0,0,0
1533,319166,-1.01534155,0.42313831,0.62104847,-0.20516123,0.13179915,0.05250364,0,0,0,0,0
1534,319375,-1.00424258,0.35448253,0.67022940,-0.20518283,0.11048490,0.06066627,0,0,0,0,0
1535,319583,-0.98547920,0.28230237,0.71246913,-0.19334683,0.10945267,0.05853819,0,0,0,0,0
1536,319791,-0.97110686,0.23158006,0.76686863,-0.20269292,0.10211362,0.07099579,0,0,0,0,0
1537,320000,-0.94581179,0.16252311,0.79038734,-0.18690976,0.07889287,0.09127242,0,0,0,0,0
1538,320208,-0.92060229,0.09372636,0.82932485,-0.21817086,0.08018552,0.10654033,0,0,0,0,0
1539,320416,-0.89469753,0.03462801,0.88265555,-0.20761524,0.07030518,0.12444792,0,0,0,0,0
1540,320625,-0.85409906,-0.02820898,0.91915851,-0.22337722,0.04570470,0.15533725,0,0,0,0,0
1541,320833,-0.80427692,-0.10376770,0.92454716,-0.21455140,0.04009783,0.14168303,0,0,0,0,0
1542,321041,-0.77635358,-0.16714574,0.95979149,-0.22068855,0.02202042,0.15848248,0,0,0,0,0
1543,321250,-0.72923027,-0.23128213,0.99082548,-0.19422709,0.02925380,0.18448831,0,0,0,0,0
1544,321458,-0.68070988,-0.28880384,0.98915915,-0.21399097,-0.01387591,0.18437930,0,0,0,0,0
1545,321666,-0.62173128,-0.34866751,1.01281273,-0.21594164,-0.00014220,0.18197250,0,0,0,0,0
1546,321875,-0.57476276,-0.40976198,1.01293166,-0.20268513,-0.01584181,0.18492323,0,0,0,0,0
1547,322083,-0.52544865,-0.47579430,1.02162714,-0.20517291,-0.04040881,0.17619915,0,0,0,0,0
1548,322291,-0.47115063,-0.51741695,1.02061875,-0.17354931,-0.04105586,0.19367716,0,0,0,0,0
1549,322500,-0.40694446,-0.58461699,1.00992655,-0.18364523,-0.04900072,0.22241767,0,0,0,0,0
1550,322708,-0.33956578,-0.63021902,0.99309894,-0.15786656,-0.05096753,0.19488227,0,0,0,0,0
1551,322916,-0.28254027,-0.68076300,0.97776649,-0.16650008,-0.07106390,0.21472947,0,0,0,0,0
1552,323125,-0.20527826,-0.73048975,0.96151834,-0.15545680,-0.10219850,0.19930817,0,0,0,0,0
1553,323333,-0.14803927,-0.76618458,0.93306693,-0.14297654,-0.09634141,0.21644077,0,0,0,0,0
1554,323541,-0.07340556,-0.80585690,0.91885357,-0.12991972,-0.10169444,0.22037692,0,0,0,0,0
1555,323750,-0.01563371,-0.83803020,0.87554494,-0.11219872,-0.10077227,0.20651005,0,0,0,0,0
1556,323958,0.04856966,-0.87336217,0.85897361,-0.09975706,-0.14025930,0.20694348,0,0,0,0,0
1557,324166,0.11399429,-0.89984641,0.81044595,-0.09813793,-0.12593545,0.22073203,0,0,0,0,0
1558,324375,0.18684120,-0.91589714,0.77275528,-0.07637693,-0.15169654,0.22198646,0,0,0,0,0
1559,324583,0.25520418,-0.94578462,0.72742681,-0.06625798,-0.18024808,0.22284163,0,0,0,0,0
1560,324791,0.31430745,-0.96893231,0.69217778,-0.05572805,-0.15531836,0.21265336,0,0,0,0,0
1561,325000,0.36772525,-0.96775892,0.63679561,-0.05456322,-0.18719056,0.19861110,0,0,0,0,0
1562,325208,0.43403314,-0.97557341,0.58718942,-0.04096020,-0.17833299,0.20402776,0,0,0,0,0
1563,325416,0.49054221,-0.99014554,0.52457042,-0.02010250,-0.20353047,0.18844114,0,0,0,0,0
1564,325625,0.53615572,-0.98814406,0.47384244,-0.00917623,-0.18812092,0.19826179,0,0,0,0,0
1565,325833,0.60027568,-0.97906730,0.41514191,0.01857676,-0.20245623,0.17412052,0,0,0,0,0
1566,326041,0.65500166,-0.97129629,0.35088271,0.00899746,-0.21639060,0.16839839,0,0,0,0,0
1567,326250,0.70646377,-0.95416153,0.28945090,0.01031228,-0.22333199,0.16562269,0,0,0,0,0
1568,326458,0.74725283,-0.93528495,0.22624557,0.02324943,-0.22526739,0.17155649,0,0,0,0,0
1569,326666,0.77699621,-0.91136814,0.16143364,0.04581633,-0.22897604,0.13609137,0,0,0,0,0
1570,326875,0.81922942,-0.87747106,0.09886264,0.06574806,-0.23990325,0.13150403,0,0,0,0,0
1571,327083,0.86355812,-0.84231427,0.02479542,0.07861014,-0.23715222,0.12300773,0,0,0,0,0
1572,327291,0.88487177,-0.82424139,-0.05159591,0.07797234,-0.20543236,0.12181577,0,0,0,0,0
1573,327500,0.92162582,-0.77904471,-0.10589194,0.11010617,-0.22937751,0.09725846,0,0,0,0,0
1574,327708,0.94031246,-0.73243371,-0.17079156,0.09564469,-0.22137139,0.08244930,0,0,0,0,0
1575,327916,0.96251764,-0.68699995,-0.23046382,0.09877011,-0.22761500,0.07467256,0,0,0,0,0
1576,328125,0.97314843,-0.65288376,-0.29426572,0.11615196,-0.20715353,0.07324090,0,0,0,0,0
1577,328333,0.99210872,-0.59550460,-0.35919192,0.11777715,-0.20603455,0.03998945,0,0,0,0,0
1578,328541,0.99549866,-0.53843741,-0.42545152,0.13386041,-0.21455147,0.05260031,0,0,0,0,0
1579,328750,1.00937651,-0.49255972,-0.47686197,0.14325170,-0.21125957,0.03490274,0,0,0,0,0
1580,328958,0.99678183,-0.43483873,-0.52756692,0.16927512,-0.20694186,0.01958863,0,0,0,0,0
1581,329166,1.00506903,-0.36861913,-0.57623274,0.14956170,-0.19470025,0.00228915,0,0,0,0,0
1582,329375,0.98585104,-0.31557850,-0.63648720,0.18580025,-0.17100968,-0.01577582,0,0,0,0,0
1583,329583,0.96822042,-0.24870863,-0.68118491,0.17380783,-0.16932697,-0.03929476,0,0,0,0,0
1584,329791,0.94760285,-0.18052001,-0.72701355,0.19354852,-0.16133524,-0.04981799,0,0,0,0,0
1585,330000,0.92804522,-0.12430171,-0.77275671,0.18590438,-0.14667431,-0.06380737,0,0,0,0,0
1586,330208,0.90087312,-0.06280303,-0.80170106,0.17343362,-0.11338992,-0.08665166,0,0,0,0,0
1587,330416,0.87342409,0.00693504,-0.83896009,0.17654386,-0.11679510,-0.07003263,0,0,0,0,0
1588,330625,0.83886361,0.07062503,-0.85922080,0.17819335,-0.09245292,-0.10851436,0,0,0,0,0
1589,330833,0.81105172,0.13058573,-0.90553252,0.17517743,-0.08067084,-0.11185286,0,0,0,0,0
1590,331041,0.76651380,0.19761001,-0.92390511,0.19305277,-0.06929920,-0.12021906,0,0,0,0,0
1591,331250,0.72417183,0.26430910,-0.94203549,0.17108479,-0.06308782,-0.12270661,0,0,0,0,0
1592,331458,0.67828503,0.32385885,-0.96141920,0.15296700,-0.03258005,-0.13820368,0,0,0,0,0
1593,331666,0.62042012,0.37888285,-0.96214639,0.16568703,-0.02915574,-0.14772272,0,0,0,0,0
1594,331875,0.56376460,0.44653285,-0.97606685,0.16141809,-0.02440624,-0.13654334,0,0,0,0,0
1595,332083,0.51680409,0.49870481,-0.97948671,0.15612466,-0.01899264,-0.11809314,0,0,0,0,0
1596,332291,0.45748138,0.55333236,-0.96912606,0.15315442,-0.00871748,-0.13337592,0,0,0,0,0
1597,332500,0.39724021,0.59962546,-0.97181640,0.14791613,0.02254259,-0.15683150,0,0,0,0,0
1598,332708,0.34860455,0.66486132,-0.95463762,0.15204949,0.02984609,-0.17696328,0,0,0,0,0
1599,332916,0.27711388,0.70837399,-0.94539952,0.13251083,0.05239498,-0.17967199,0,0,0,0,0
1600,333125,0.20515021,0.74827403,-0.92388072,0.09479385,0.04871206,-0.15464298,0,0,0,0,0
1601,333333,0.14700916,0.79479018,-0.89948529,0.09272621,0.06401645,-0.16571319,0,0,0,0,0
1602,333541,0.08264281,0.83526039,-0.86993967,0.08746120,0.04820167,-0.16647115,0,0,0,0,0
1603,333750,0.01120231,0.86861620,-0.84272363,0.08410084,0.08896328,-0.16685476,0,0,0,0,0
1604,333958,-0.04687862,0.89332628,-0.81187615,0.06666029,0.10448655,-0.17828403,0,0,0,0,0
1605,334166,-0.12173619,0.91730021,-0.76999139,0.03881625,0.12093016,-0.17251955,0,0,0,0,0
1606,334375,-0.18467657,0.94236987,-0.73593527,0.04205562,0.09262395,-0.16739307,0,0,0,0,0
1607,334583,-0.24578709,0.96605571,-0.68235338,0.02847830,0.11047400,-0.15600397,0,0,0,0,0
1608,334791,-0.30871099,0.97283191,-0.62671165,0.02086149,0.14226074,-0.15389405,0,0,0,0,0
1609,335000,-0.36688272,0.99918694,-0.59102980,-0.00667207,0.14718617,-0.16031975,0,0,0,0,0
1610,335208,-0.43022163,0.99846051,-0.53651256,-0.00587677,0.13826947,-0.16798036,0,0,0,0,0
1611,335416,-0.48144353,1.00458665,-0.49052585,-0.02101974,0.16486841,-0.15578616,0,0,0,0,0
1612,335625,-0.53647851,0.99280091,-0.42790283,-0.04932016,0.16442032,-0.13888927,0,0,0,0,0
1613,335833,-0.60650176,0.99173074,-0.36525304,-0.03581588,0.16484669,-0.12483846,0,0,0,0,0
1614,336041,-0.63340015,0.97729616,-0.30591254,-0.05371047,0.16926270,-0.12221367,0,0,0,0,0
1615,336250,-0.68450525,0.95605892,-0.24929002,-0.05828762,0.17623918,-0.13165487,0,0,0,0,0
1616,336458,-0.73191242,0.94864545,-0.18485157,-0.09713042,0.18076852,-0.10546393,0,0,0,0,0
1617,336666,-0.77617380,0.92819623,-0.11927046,-0.08715345,0.17606184,-0.11359709,0,0,0,0,0
1618,336875,-0.80637187,0.90586818,-0.05409387,-0.10257906,0.21293706,-0.08717189,0,0,0,0,0
1619,337083,-0.84748061,0.86355504,0.00894258,-0.09513188,0.21283045,-0.07508793,0,0,0,0,0
1620,337291,-0.87743320,0.82431595,0.08438927,-0.12019063,0.20975412,-0.06944386,0,0,0,0,0
1621,337500,-0.90402678,0.79167442,0.14858566,-0.12739321,0.19758534,-0.07259858,0,0,0,0,0
1622,337708,-0.92782618,0.74107458,0.20267043,-0.13994528,0.18978666,-0.06625136,0,0,0,0,0
1623,337916,-0.94654071,0.69607425,0.28318846,-0.14362306,0.17921246,-0.04686033,0,0,0,0,0
1624,338125,-0.96870777,0.65025405,0.33983658,-0.15632512,0.20137872,-0.02514885,0,0,0,0,0
1625,338333,-0.96918429,0.59503939,0.39424443,-0.17067520,0.18736396,-0.02615230,0,0,0,0,0
1626,338541,-0.98195347,0.54189097,0.45536170,-0.16833444,0.20397515,-0.02211998,0,0,0,0,0
1627,338750,-0.98077498,0.49840527,0.51319309,-0.18094077,0.18166473,0.02428112,0,0,0,0,0
1628,338958,-0.98032607,0.42890191,0.56334584,-0.19200163,0.17447039,0.01143130,0,0,0,0,0
1629,339166,-0.97151106,0.37686785,0.61324374,-0.19772955,0.15680408,0.04067726,0,0,0,0,0
1630,339375,-0.96164192,0.30889302,0.66911023,-0.19071596,0.17504842,0.05665597,0,0,0,0,0
1631,339583,-0.94807838,0.24999476,0.72427186,-0.19993935,0.12476359,0.05908599,0,0,0,0,0
1632,339791,-0.92647880,0.18900452,0.75594471,-0.22018807,0.13486821,0.07888325,0,0,0,0,0
1633,340000,-0.90005591,0.12331676,0.80472080,-0.20953495,0.11474689,0.10951653,0,0,0,0,0
1634,340208,-0.87638104,0.05339261,0.84178359,-0.19506306,0.11832483,0.08923352,0,0,0,0,0
1635,340416,-0.84232534,-0.00350624,0.87563730,-0.21722540,0.09618139,0.12936796,0,0,0,0,0
1636,340625,-0.80755861,-0.07298933,0.90734829,-0.20866827,0.07443766,0.13000327,0,0,0,0,0
1637,340833,-0.77848603,-0.14754462,0.93968343,-0.21802957,0.07208785,0.13188885,0,0,0,0,0
1638,341041,-0.72720579,-0.19935351,0.95473914,-0.21021780,0.06966955,0.15322983,0,0,0,0,0
1639,341250,-0.69308500,-0.26760115,0.97587171,-0.20522922,0.04851164,0.15353131,0,0,0,0,0
1640,341458,-0.65017694,-0.33172463,0.99479116,-0.19371724,0.04015861,0.16659733,0,0,0,0,0
1641,341666,-0.59226776,-0.39119911,0.99820151,-0.20085787,0.03332629,0.17924657,0,0,0,0,0
1642,341875,-0.53742724,-0.46084040,1.01197495,-0.17532911,0.00883179,0.18519460,0,0,0,0,0
1643,342083,-0.47476749,-0.51455305,1.01598099,-0.19489345,0.01906172,0.17637794,0,0,0,0,0
1644,342291,-0.42239729,-0.56556332,1.00379522,-0.17509356,-0.00818799,0.19170651,0,0,0,0,0
1645,342500,-0.36034187,-0.62507412,1.00510677,-0.18520131,-0.01901998,0.20635444,0,0,0,0,0
1646,342708,-0.29881189,-0.66766347,0.98407830,-0.15982652,-0.00933123,0.17616508,0,0,0,0,0
1647,342916,-0.24490084,-0.72585513,0.96462358,-0.13995032,-0.04236110,0.18152505,0,0,0,0,0
1648,343125,-0.17509744,-0.76559559,0.96134958,-0.13579366,-0.04456833,0.17630332,0,0,0,0,0
1649,343333,-0.11573517,-0.80009849,0.92989552,-0.13845382,-0.08041375,0.21002912,0,0,0,0,0
1650,343541,-0.04640320,-0.85005157,0.90366922,-0.09239113,-0.08860555,0.19381293,0,0,0,0,0
1651,343750,0.01936099,-0.88087808,0.86889378,-0.08787639,-0.07603236,0.19285404,0,0,0,0,0
1652,343958,0.08665388,-0.91706232,0.83279477,-0.08698905,-0.10361430,0.20143266,0,0,0,0,0
1653,344166,0.15871378,-0.94793234,0.79969083,-0.06792503,-0.10069663,0.20516463,0,0,0,0,0
1654,344375,0.22218928,-0.96093517,0.76924193,-0.05292990,-0.10381826,0.19778039,0,0,0,0,0
1655,344583,0.27946467,-0.98404924,0.71230942,-0.05626261,-0.13816980,0.20837105,0,0,0,0,0
1656,344791,0.34031185,-0.99913065,0.67222238,-0.03487135,-0.11109675,0.19096774,0,0,0,0,0
1657,345000,0.40929577,-1.00953499,0.62718662,-0.01485664,-0.15292827,0.17655589,0,0,0,0,0
1658,345208,0.46369309,-1.02249350,0.56304216,0.01074537,-0.14677541,0.19853910,0,0,0,0,0
1659,345416,0.52636196,-1.02738286,0.50879219,0.00160608,-0.14594185,0.17548664,0,0,0,0,0
1660,345625,0.56301441,-1.01908867,0.44926897,0.01725609,-0.15979243,0.15338982,0,0,0,0,0
1661,345833,0.62734224,-1.00689663,0.38836887,0.03942053,-0.16202623,0.13199076,0,0,0,0,0
1662,346041,0.68348545,-1.00258146,0.32711391,0.04776153,-0.18026015,0.13776955,0,0,0,0,0
1663,346250,0.71810042,-0.99671192,0.25494276,0.06619583,-0.18173046,0.13668555,0,0,0,0,0
1664,346458,0.76098576,-0.95604480,0.20043317,0.07060798,-0.17817691,0.13339989,0,0,0,0,0
1665,346666,0.80236072,-0.95372569,0.13378180,0.07784680,-0.17817326,0.12605642,0,0,0,0,0
1666,346875,0.84813558,-0.92934564,0.07202031,0.08933633,-0.20009743,0.09739010,0,0,0,0,0
1667,347083,0.87869737,-0.88002854,0.01762202,0.11046393,-0.18326302,0.09858260,0,0,0,0,0
1668,347291,0.91516348,-0.85773650,-0.05881050,0.10241370,-0.19426744,0.08429117,0,0,0,0,0
1669,347500,0.94536989,-0.81742207,-0.12588203,0.12736677,-0.19567363,0.08341457,0,0,0,0,0
1670,347708,0.96073422,-0.76710385,-0.19502712,0.12612970,-0.17453531,0.07569616,0,0,0,0,0
1671,347916,0.98602218,-0.71945200,-0.25458073,0.13718666,-0.18714481,0.07061224,0,0,0,0,0
1672,348125,0.99902832,-0.68076674,-0.32109192,0.15296750,-0.18236098,0.05519010,0,0,0,0,0
1673,348333,0.99944635,-0.62562788,-0.38738513,0.16013655,-0.17305579,0.01392687,0,0,0,0,0
1674,348541,1.01125354,-0.56737241,-0.44123599,0.16321882,-0.16691852,0.01486387,0,0,0,0,0
1675,348750,1.02086022,-0.52725295,-0.50645813,0.17553862,-0.16707359,-0.00432212,0,0,0,0,0
1676,348958,1.01910125,-0.46281846,-0.55945872,0.18416514,-0.15938016,-0.01840711,0,0,0,0,0
1677,349166,1.00258774,-0.40729486,-0.61214564,0.19701863,-0.15853033,-0.03275005,0,0,0,0,0
1678,349375,0.99822194,-0.35088534,-0.66357187,0.19766063,-0.13888741,-0.03094909,0,0,0,0,0
1679,349583,0.97328661,-0.27822596,-0.70234037,0.20675519,-0.12667279,-0.05468878,0,0,0,0,0
1680,349791,0.96504598,-0.21372413,-0.75076948,0.21033332,-0.10756962,-0.07562310,0,0,0,0,0
1681,350000,0.94535468,-0.15236638,-0.80367702,0.20401366,-0.09297797,-0.08857920,0,0,0,0,0
1682,350208,0.90783170,-0.08785388,-0.84144403,0.21535075,-0.09748696,-0.11558095,0,0,0,0,0
1683,350416,0.88023620,-0.02686942,-0.87087894,0.18805048,-0.06670146,-0.10965886,0,0,0,0,0
1684,350625,0.84449511,0.04145684,-0.89658637,0.23207783,-0.07381895,-0.13053627,0,0,0,0,0
1685,350833,0.81449222,0.10779169,-0.93330878,0.23368571,-0.04701719,-0.14697259,0,0,0,0,0
1686,351041,0.77636047,0.18133728,-0.96204325,0.21242404,-0.02475900,-0.16219341,0,0,0,0,0
1687,351250,0.73639153,0.22535503,-0.97372552,0.20197741,-0.01098906,-0.13915223,0,0,0,0,0
1688,351458,0.67294342,0.29309972,-0.99182122,0.21020707,-0.00681199,-0.17121965,0,0,0,0,0
1689,351666,0.62975003,0.35653740,-0.99099485,0.18858415,0.01067483,-0.16443548,0,0,0,0,0
1690,351875,0.58160726,0.41962548,-1.01170665,0.21113834,0.01409967,-0.17577787,0,0,0,0,0
1691,352083,0.52218375,0.48255006,-1.01471696,0.19763790,0.01585983,-0.17138104,0,0,0,0,0
1692,352291,0.45564637,0.53600784,-1.00969412,0.17927910,0.04364079,-0.20382494,0,0,0,0,0
1693,352500,0.40141952,0.58290914,-1.00589518,0.16719195,0.01859039,-0.17771944,0,0,0,0,0
1694,352708,0.34545026,0.63852619,-0.98843053,0.14665595,0.05883562,-0.17825742,0,0,0,0,0
1695,352916,0.27709375,0.68291654,-0.97682094,0.16537317,0.06051984,-0.20534486,0,0,0,0,0
1696,353125,0.21583306,0.72998291,-0.95180929,0.13411852,0.07680903,-0.18980227,0,0,0,0,0
1697,353333,0.15170671,0.77591877,-0.92143280,0.13368389,0.11195861,-0.20915752,0,0,0,0,0
1698,353541,0.07393007,0.79616041,-0.90938403,0.12421741,0.10706314,-0.20487111,0,0,0,0,0
1699,353750,0.01052330,0.84327074,-0.88463653,0.10555015,0.10649509,-0.21340860,0,0,0,0,0
1700,353958,-0.05519958,0.87123462,-0.84671986,0.08306414,0.10592595,-0.19941343,0,0,0,0,0
1701,354166,-0.11816346,0.89939941,-0.81104142,0.08316172,0.12676179,-0.20903535,0,0,0,0,0
1702,354375,-0.18332786,0.92453097,-0.76342399,0.06916417,0.15457267,-0.20638104,0,0,0,0,0
1703,354583,-0.24283410,0.93802211,-0.72039358,0.05429787,0.15000457,-0.21585319,0,0,0,0,0
1704,354791,-0.31425595,0.96950277,-0.67367311,0.06015095,0.16233743,-0.19480636,0,0,0,0,0
1705,355000,-0.36453814,0.98741005,-0.62749396,0.04999620,0.16875549,-0.20328875,0,0,0,0,0
1706,355208,-0.42457934,0.98295680,-0.57635648,0.01793300,0.16979115,-0.19539224,0,0,0,0,0
1707,355416,-0.48486836,0.99315773,-0.51533751,0.01730089,0.20415679,-0.19641702,0,0,0,0,0
1708,355625,-0.53622873,0.98054859,-0.45761129,-0.00637004,0.19450083,-0.20141256,0,0,0,0,0
1709,355833,-0.59863490,0.98485937,-0.39501381,-0.02699853,0.20241836,-0.18578594,0,0,0,0,0
1710,356041,-0.65552269,0.96586836,-0.33809322,-0.01861092,0.22166100,-0.17037560,0,0,0,0,0
1711,356250,-0.70213061,0.95090743,-0.28015131,-0.04694363,0.20616531,-0.16074875,0,0,0,0,0
1712,356458,-0.73944720,0.93581753,-0.22213886,-0.03274281,0.20730180,-0.13458707,0,0,0,0,0
1713,356666,-0.78402411,0.92103355,-0.14816225,-0.05503868,0.21562206,-0.12447556,0,0,0,0,0
1714,356875,-0.82423340,0.89055103,-0.08782681,-0.06856869,0.20385833,-0.12318970,0,0,0,0,0
1715,357083,-0.85167133,0.86093436,-0.02077260,-0.08640932,0.22111927,-0.10004262,0,0,0,0,0
1716,357291,-0.88799962,0.81148207,0.04370621,-0.08738769,0.21903211,-0.11413944,0,0,0,0,0
1717,357500,-0.92183480,0.77461025,0.09856845,-0.10179796,0.21717277,-0.09145123,0,0,0,0,0
1718,357708,-0.94519003,0.73584523,0.17870477,-0.12420865,0.22892720,-0.08323722,0,0,0,0,0
1719,357916,-0.95423176,0.70081460,0.23502300,-0.12045461,0.21802655,-0.07029068,0,0,0,0,0
1720,358125,-0.98221615,0.64919721,0.30297939,-0.12776117,0.21622056,-0.07106306,0,0,0,0,0
1721,358333,-0.99315026,0.58652978,0.36501532,-0.13190402,0.21261885,-0.04746897,0,0,0,0,0
1722,358541,-0.98789606,0.54143459,0.42052188,-0.15032800,0.20826048,-0.03846425,0,0,0,0,0
1723,358750,-0.99268124,0.48467284,0.48476327,-0.15403717,0.19531776,-0.03075182,0,0,0,0,0
1724,358958,-0.98755902,0.43056452,0.54563796,-0.16473630,0.17498887,-0.00005722,0,0,0,0,0
1725,359166,-0.98488263,0.38401413,0.58758925,-0.17136921,0.17341004,-0.00763445,0,0,0,0,0
1726,359375,-0.97593008,0.31149017,0.63736073,-0.17611729,0.16895876,0.03666468,0,0,0,0,0
1727,359583,-0.96347632,0.24884079,0.68677145,-0.17454000,0.16752934,0.03926940,0,0,0,0,0
1728,359791,-0.94515776,0.18212682,0.73446012,-0.18440775,0.15274132,0.04127532,0,0,0,0,0
1729,360000,-0.91889740,0.12842595,0.77016140,-0.18693201,0.14907516,0.06300427,0,0,0,0,0
1730,360208,-0.90264616,0.05914869,0.80918469,-0.17554529,0.12259299,0.07895032,0,0,0,0,0
1731,360416,-0.86989071,-0.00937805,0.84640873,-0.18578102,0.13430601,0.10231583,0,0,0,0,0
1732,360625,-0.84052494,-0.06678369,0.87446620,-0.17725310,0.10630045,0.11671901,0,0,0,0,0
1733,360833,-0.79707092,-0.13658120,0.90219780,-0.20057978,0.07336766,0.11208792,0,0,0,0,0
1734,361041,-0.75432535,-0.20001717,0.93133541,-0.16683538,0.06586247,0.12298064,0,0,0,0,0
1735,361250,-0.71159055,-0.26747709,0.94424969,-0.17761158,0.04978523,0.15152584,0,0,0,0,0
1736,361458,-0.67211259,-0.33427219,0.96415398,-0.17890915,0.04935483,0.12444782,0,0,0,0,0
1737,361666,-0.61157698,-0.38148797,0.96831126,-0.16634828,0.03687438,0.13247718,0,0,0,0,0
1738,361875,-0.56766565,-0.44278278,0.98013319,-0.15338818,0.02701168,0.16705047,0,0,0,0,0
1739,362083,-0.51064128,-0.50068912,0.97717794,-0.17273056,-0.01070764,0.15500212,0,0,0,0,0
1740,362291,-0.44695164,-0.55823781,0.97812072,-0.17765560,-0.00925886,0.16758539,0,0,0,0,0
1741,362500,-0.39199259,-0.61333678,0.97868658,-0.14835017,-0.02238370,0.17797481,0,0,0,0,0
1742,362708,-0.33219177,-0.66046346,0.95694221,-0.15772306,-0.02302312,0.14701151,0,0,0,0,0
1743,362916,-0.25576848,-0.70522028,0.94120274,-0.14225549,-0.04590409,0.18114218,0,0,0,0,0
1744,363125,-0.20285451,-0.75138444,0.92808767,-0.10042709,-0.05383200,0.17753591,0,0,0,0,0
1745,363333,-0.13951987,-0.79837703,0.90237550,-0.11983273,-0.07241799,0.15704619,0,0,0,0,0
1746,363541,-0.07561672,-0.82817784,0.89189802,-0.10889538,-0.07056238,0.16832851,0,0,0,0,0
1747,363750,-0.01064228,-0.86734399,0.83939515,-0.07477503,-0.06611633,0.17558481,0,0,0,0,0
1748,363958,0.05719107,-0.89839493,0.81329755,-0.06018944,-0.08842579,0.18310947,0,0,0,0,0
1749,364166,0.11827535,-0.92845923,0.78892736,-0.03980271,-0.09694352,0.16715226,0,0,0,0,0
1750,364375,0.18270314,-0.95122197,0.73689044,-0.05444131,-0.09750503,0.18551539,0,0,0,0,0
1751,364583,0.24842660,-0.96709250,0.69303780,-0.02973854,-0.11948508,0.17794024,0,0,0,0,0
1752,364791,0.31634022,-0.98993036,0.63702170,-0.00724847,-0.13188046,0.16679150,0,0,0,0,0
1753,365000,0.37879636,-0.99629220,0.59325594,-0.00632558,-0.16275830,0.16678754,0,0,0,0,0
1754,365208,0.42389913,-1.00366505,0.54306667,0.02309863,-0.14319175,0.17264904,0,0,0,0,0
1755,365416,0.49120101,-1.00449755,0.47736114,0.01557952,-0.16515420,0.15596169,0,0,0,0,0
1756,365625,0.54361652,-1.00022911,0.43544596,0.02762379,-0.16281071,0.15196867,0,0,0,0,0
1757,365833,0.60952172,-1.00235775,0.36661316,0.03755312,-0.16533533,0.14403721,0,0,0,0,0
1758,366041,0.64520570,-0.97631459,0.31719255,0.06296297,-0.18053929,0.12279534,0,0,0,0,0
1759,366250,0.68770101,-0.96988262,0.23913269,0.06559734,-0.18255645,0.12487764,0,0,0,0,0
1760,366458,0.74128104,-0.94745693,0.18809153,0.06858734,-0.20382936,0.11846121,0,0,0,0,0
1761,366666,0.78213103,-0.92194482,0.12514364,0.07499189,-0.20289587,0.11130927,0,0,0,0,0
1762,366875,0.81514769,-0.88966915,0.04963030,0.09511549,-0.19411632,0.10833568,0,0,0,0,0
1763,367083,0.85298637,-0.86618687,-0.00641245,0.10849293,-0.21611980,0.08199475,0,0,0,0,0
1764,367291,0.88736345,-0.83591149,-0.07727510,0.11781311,-0.18065376,0.09004273,0,0,0,0,0
1765,367500,0.91543086,-0.79852550,-0.14749878,0.12601858,-0.19892380,0.06598955,0,0,0,0,0
1766,367708,0.93510666,-0.74750288,-0.21229184,0.13902518,-0.19326065,0.05761165,0,0,0,0,0
1767,367916,0.94844242,-0.70598854,-0.27169100,0.13946777,-0.21019488,0.03018341,0,0,0,0,0
1768,368125,0.96040811,-0.64771691,-0.33325960,0.15684153,-0.19966460,0.02307050,0,0,0,0,0
1769,368333,0.97443034,-0.60856597,-0.39198518,0.16242372,-0.19223829,0.02954196,0,0,0,0,0
1770,368541,0.98911232,-0.55673192,-0.45562172,0.16168079,-0.20445618,-0.00309967,0,0,0,0,0
1771,368750,0.98918548,-0.50157650,-0.50916445,0.18016672,-0.17530595,-0.01810669,0,0,0,0,0
1772,368958,0.97511670,-0.42708954,-0.56687145,0.18703016,-0.15983651,-0.02171207,0,0,0,0,0
1773,369166,0.96794788,-0.37155251,-0.62077317,0.18017395,-0.16375970,-0.03013441,0,0,0,0,0
1774,369375,0.95419589,-0.32377336,-0.67766406,0.20764292,-0.15323589,-0.05283318,0,0,0,0,0
1775,369583,0.95459434,-0.25809342,-0.72372545,0.19844008,-0.14560830,-0.08510843,0,0,0,0,0
1776,369791,0.93167373,-0.19489702,-0.76288492,0.20692177,-0.14020326,-0.09332402,0,0,0,0,0
1777,370000,0.90888268,-0.13727646,-0.80195904,0.20146891,-0.11903034,-0.07938620,0,0,0,0,0
1778,370208,0.88386770,-0.06397176,-0.83696667,0.20875352,-0.10509483,-0.09916705,0,0,0,0,0
1779,370416,0.85165853,0.00546484,-0.87497122,0.23234028,-0.08725712,-0.13381955,0,0,0,0,0
1780,370625,0.81709396,0.06810422,-0.90526062,0.21513912,-0.08764832,-0.13178771,0,0,0,0,0
1781,370833,0.78947172,0.13182989,-0.93118727,0.20652123,-0.06630200,-0.12149659,0,0,0,0,0
1782,371041,0.74545049,0.19599761,-0.96024014,0.19501988,-0.05884543,-0.14911793,0,0,0,0,0
1783,371250,0.70181138,0.25993401,-0.97331644,0.20041858,-0.04467361,-0.16487437,0,0,0,0,0
1784,371458,0.65742473,0.32591813,-0.98923872,0.19585536,-0.02671291,-0.17952677,0,0,0,0,0
1785,371666,0.60484293,0.39365299,-0.99917621,0.20051949,-0.04116425,-0.17584574,0,0,0,0,0
1786,371875,0.54110502,0.44455040,-1.00770279,0.18511527,0.00167042,-0.16881736,0,0,0,0,0
1787,372083,0.49335218,0.50062470,-1.00775117,0.19358254,0.00493430,-0.16021641,0,0,0,0,0
1788,372291,0.42329604,0.55584296,-1.00646327,0.17732556,0.02537059,-0.17128381,0,0,0,0,0
1789,372500,0.36859002,0.62340085,-1.00792753,0.15747222,-0.00072118,-0.18235128,0,0,0,0,0
1790,372708,0.31563095,0.67433775,-0.98177050,0.17345525,0.04210108,-0.18997886,0,0,0,0,0
1791,372916,0.24448550,0.71315166,-0.96856081,0.14872708,0.03467354,-0.20172790,0,0,0,0,0
1792,373125,0.18550377,0.75927772,-0.95324802,0.13316322,0.06463708,-0.19462519,0,0,0,0,0
1793,373333,0.12626985,0.79958056,-0.92723702,0.12787825,0.07593657,-0.21133922,0,0,0,0,0
1794,373541,0.05200093,0.83402582,-0.90675236,0.11873661,0.09769870,-0.18635484,0,0,0,0,0
1795,373750,-0.01504212,0.87471125,-0.87698901,0.09538302,0.09516952,-0.19437133,0,0,0,0,0
1796,373958,-0.08111900,0.89903494,-0.84129580,0.09248117,0.08179571,-0.19836799,0,0,0,0,0
1797,374166,-0.14729633,0.93007424,-0.80246482,0.06235644,0.10798651,-0.21195633,0,0,0,0,0
1798,374375,-0.21268385,0.95544214,-0.76042398,0.06887131,0.12726917,-0.19435732,0,0,0,0,0
1799,374583,-0.27499311,0.98307135,-0.72304746,0.02753191,0.13316893,-0.19905932,0,0,0,0,0
1800,374791,-0.33539516,0.99374741,-0.67889369,0.02506034,0.13009550,-0.18986345,0,0,0,0,0
1801,375000,-0.39968097,1.00008274,-0.62533354,0.02864844,0.15585673,-0.19118263,0,0,0,0,0
1802,375208,-0.45908519,1.01776728,-0.57025082,0.00065860,0.18175225,-0.17586154,0,0,0,0,0
1803,375416,-0.51466558,1.01470637,-0.50465740,-0.00896334,0.16392804,-0.20262107,0,0,0,0,0
1804,375625,-0.57575664,1.00906239,-0.46302706,-0.03140228,0.17999546,-0.17032279,0,0,0,0,0
1805,375833,-0.62366109,1.01146518,-0.39056148,-0.01722385,0.17788055,-0.15591525,0,0,0,0,0
1806,376041,-0.66927622,0.99907665,-0.33786585,-0.03819562,0.17114723,-0.15363891,0,0,0,0,0
1807,376250,-0.72567582,0.97261010,-0.27183182,-0.04122547,0.17053032,-0.14652097,0,0,0,0,0
1808,376458,-0.76163187,0.96568017,-0.20480346,-0.05597162,0.19015776,-0.12276639,0,0,0,0,0
1809,376666,-0.80185692,0.93829967,-0.14042990,-0.08820369,0.19314483,-0.13818027,0,0,0,0,0
1810,376875,-0.83440824,0.91028552,-0.07160142,-0.10047009,0.18946678,-0.12844493,0,0,0,0,0
1811,377083,-0.87648340,0.88150343,-0.02260671,-0.09943148,0.19505093,-0.10545578,0,0,0,0,0
1812,377291,-0.91303045,0.83882993,0.06778018,-0.08673299,0.18455307,-0.08676178,0,0,0,0,0
1813,377500,-0.93703721,0.80810823,0.12827502,-0.11868102,0.19409705,-0.08019272,0,0,0,0,0
1814,377708,-0.96293709,0.76865908,0.18584147,-0.10906093,0.19379504,-0.05880361,0,0,0,0,0
1815,377916,-0.98077950,0.71808606,0.25754996,-0.15028265,0.18458666,-0.04210264,0,0,0,0,0
1816,378125,-1.00168652,0.67289270,0.32381469,-0.13997831,0.17703094,-0.05013312,0,0,0,0,0
1817,378333,-1.00652868,0.62411004,0.39544152,-0.14891087,0.17136280,-0.02530707,0,0,0,0,0
1818,378541,-1.00648149,0.57339560,0.44392686,-0.17742498,0.20014735,-0.01041911,0,0,0,0,0
1819,378750,-1.00852529,0.51910834,0.49677674,-0.19106970,0.16161360,0.00362019,0,0,0,0,0
1820,378958,-1.00969634,0.45590994,0.55240675,-0.16529791,0.16713674,0.00732818,0,0,0,0,0
1821,379166,-1.01063251,0.39880425,0.60126430,-0.19571919,0.16503385,0.02271477,0,0,0,0,0
1822,379375,-0.99347153,0.33201445,0.66374559,-0.18045682,0.15845697,0.04138422,0,0,0,0,0
1823,379583,-0.98226681,0.27454335,0.70860134,-0.20479715,0.15649929,0.06729327,0,0,0,0,0
1824,379791,-0.96407246,0.22129843,0.75428896,-0.19109798,0.11056493,0.05531361,0,0,0,0,0
1825,380000,-0.93392268,0.14572709,0.79511420,-0.20619828,0.11023092,0.09074935,0,0,0,0,0
1826,380208,-0.91490944,0.09174141,0.81947437,-0.19775086,0.08761098,0.08927786,0,0,0,0,0
1827,380416,-0.88480743,0.01508639,0.86262442,-0.20028446,0.08583728,0.11724683,0,0,0,0,0
1828,380625,-0.84671130,-0.04104835,0.88508335,-0.19277372,0.06116502,0.11917888,0,0,0,0,0
1829,380833,-0.81833044,-0.10842731,0.92906540,-0.19253564,0.05652982,0.14065526,0,0,0,0,0
1830,381041,-0.77147446,-0.16586200,0.94710352,-0.19789836,0.03275002,0.15498059,0,0,0,0,0
1831,381250,-0.71991249,-0.25006016,0.96966958,-0.20564610,0.01833429,0.12618541,0,0,0,0,0
1832,381458,-0.67138135,-0.30451450,0.98418764,-0.21741493,0.00882588,0.15309200,0,0,0,0,0
1833,381666,-0.63277511,-0.35345292,1.00551217,-0.19780733,-0.00486262,0.16794769,0,0,0,0,0
1834,381875,-0.58003053,-0.42093342,0.99983414,-0.19444155,-0.00049897,0.16850527,0,0,0,0,0
1835,382083,-0.52227086,-0.47649337,1.00242168,-0.17138775,-0.01803074,0.16163449,0,0,0,0,0
1836,382291,-0.47760792,-0.53915143,0.99743503,-0.16702968,-0.02390621,0.18325590,0,0,0,0,0
1837,382500,-0.39266425,-0.59368518,0.99061342,-0.17202877,-0.05169850,0.17150798,0,0,0,0,0
1838,382708,-0.33584365,-0.63312768,0.98323328,-0.15900722,-0.04545835,0.20048647,0,0,0,0,0
1839,382916,-0.28164063,-0.68753415,0.96788145,-0.13712912,-0.06287716,0.18510914,0,0,0,0,0
1840,383125,-0.21850441,-0.71613594,0.95294921,-0.15113633,-0.05767057,0.18726412,0,0,0,0,0
1841,383333,-0.14627429,-0.77356948,0.92074244,-0.12913219,-0.06275065,0.20510661,0,0,0,0,0
1842,383541,-0.07860332,-0.80900169,0.89662131,-0.12615738,-0.09035681,0.18317543,0,0,0,0,0
1843,383750,-0.00390737,-0.84270295,0.87396144,-0.09753213,-0.09917691,0.18523545,0,0,0,0,0
1844,383958,0.04952902,-0.87690911,0.83251342,-0.09581607,-0.12121459,0.19810535,0,0,0,0,0
1845,384166,0.11895536,-0.90290448,0.80127663,-0.09446141,-0.12600355,0.20429675,0,0,0,0,0
1846,384375,0.18065483,-0.92405529,0.76253607,-0.05085283,-0.14304161,0.19278136,0,0,0,0,0
1847,384583,0.24639792,-0.95049564,0.71668298,-0.05036125,-0.14808366,0.18097550,0,0,0,0,0
1848,384791,0.31966329,-0.96877308,0.66955639,-0.02297418,-0.16136196,0.19686052,0,0,0,0,0
1849,385000,0.38538948,-0.97247834,0.62224581,-0.01249430,-0.16329943,0.19350631,0,0,0,0,0
1850,385208,0.43479871,-0.97650765,0.56482331,-0.01046168,-0.16907835,0.18639603,0,0,0,0,0
1851,385416,0.48225442,-0.99118114,0.52394790,-0.01738189,-0.17954188,0.18497223,0,0,0,0,0
1852,385625,0.54883020,-0.97778358,0.45401617,0.01201294,-0.18481826,0.18729658,0,0,0,0,0
1853,385833,0.59720215,-0.98629511,0.40350757,0.01431298,-0.17534269,0.17001164,0,0,0,0,0
1854,386041,0.64864767,-0.97011853,0.34166768,0.05146039,-0.19884076,0.16535053,0,0,0,0,0
1855,386250,0.69405395,-0.96350813,0.26544559,0.04474156,-0.19505746,0.15637828,0,0,0,0,0
1856,386458,0.73654339,-0.94626580,0.20621820,0.06462148,-0.20874678,0.14568104,0,0,0,0,0
1857,386666,0.78356175,-0.91499015,0.14946033,0.06323537,-0.20235486,0.12984103,0,0,0,0,0
1858,386875,0.81651965,-0.88405219,0.09328466,0.08564747,-0.20287387,0.12601407,0,0,0,0,0
1859,387083,0.85300948,-0.85580378,0.02060273,0.08906811,-0.20382239,0.12441637,0,0,0,0,0
1860,387291,0.88606664,-0.81081872,-0.04247437,0.09007886,-0.20648944,0.09623602,0,0,0,0,0
1861,387500,0.91517775,-0.78762318,-0.11590651,0.11571765,-0.20261905,0.07806388,0,0,0,0,0
1862,387708,0.93024238,-0.73963248,-0.17166169,0.09860674,-0.22277256,0.08723525,0,0,0,0,0
1863,387916,0.95931808,-0.69826473,-0.23779385,0.13901495,-0.22185099,0.06163088,0,0,0,0,0
1864,388125,0.97085980,-0.64897949,-0.32298615,0.14923672,-0.19570119,0.06129227,0,0,0,0,0
1865,388333,0.98722854,-0.59967949,-0.37048697,0.14817430,-0.21370144,0.02706994,0,0,0,0,0
1866,388541,1.00265471,-0.54580231,-0.43114878,0.14577178,-0.19773457,0.02143858,0,0,0,0,0
1867,388750,0.99003442,-0.48955433,-0.49095601,0.14758392,-0.18147724,0.01670671,0,0,0,0,0
1868,388958,0.99229527,-0.43827256,-0.53989047,0.17443936,-0.18842836,-0.00438239,0,0,0,0,0
1869,389166,0.98482004,-0.36806965,-0.58613565,0.17851788,-0.18284539,-0.01123551,0,0,0,0,0
1870,389375,0.97379601,-0.30683189,-0.64529277,0.15848192,-0.17934620,-0.02238475,0,0,0,0,0
1871,389583,0.95635495,-0.25053810,-0.69561483,0.17858032,-0.15366806,-0.04642620,0,0,0,0,0
1872,389791,0.94452868,-0.18920024,-0.73547622,0.17033311,-0.14335297,-0.06047918,0,0,0,0,0
1873,390000,0.91697478,-0.12573767,-0.77650891,0.18840854,-0.11599154,-0.07521220,0,0,0,0,0
1874,390208,0.90376728,-0.05502140,-0.81517600,0.18522334,-0.11404356,-0.08822109,0,0,0,0,0
1875,390416,0.86722508,0.00011024,-0.85823027,0.19177990,-0.08954785,-0.08877200,0,0,0,0,0
1876,390625,0.82584860,0.07297767,-0.87658863,0.18035972,-0.07933833,-0.10442804,0,0,0,0,0
1877,390833,0.79691516,0.13320136,-0.91824455,0.20361357,-0.06864974,-0.12478094,0,0,0,0,0
1878,391041,0.75508704,0.19712327,-0.93914262,0.17130605,-0.07255859,-0.11532366,0,0,0,0,0
1879,391250,0.70512192,0.26220855,-0.94886541,0.19496323,-0.03682257,-0.12229987,0,0,0,0,0
1880,391458,0.66357018,0.32601296,-0.96113557,0.19362647,-0.04680637,-0.14585586,0,0,0,0,0
1881,391666,0.61486886,0.37906595,-0.98044708,0.16580670,-0.03111783,-0.16343768,0,0,0,0,0
1882,391875,0.57180390,0.44085121,-0.98718847,0.16966993,-0.02357706,-0.16320783,0,0,0,0,0
1883,392083,0.50027923,0.49999508,-0.98890871,0.16941954,-0.00359523,-0.16458925,0,0,0,0,0
1884,392291,0.45000716,0.55990345,-0.98877924,0.14459548,-0.00301496,-0.16328205,0,0,0,0,0
1885,392500,0.38276490,0.60245785,-0.97922342,0.15287641,-0.00109458,-0.15302337,0,0,0,0,0
1886,392708,0.32557055,0.66677066,-0.96986829,0.13172843,0.05541857,-0.15604222,0,0,0,0,0
1887,392916,0.25950700,0.71763137,-0.95477466,0.13448203,0.02507773,-0.17013133,0,0,0,0,0
1888,393125,0.20783168,0.75066759,-0.93276482,0.11904194,0.06340955,-0.20260311,0,0,0,0,0
1889,393333,0.14217895,0.79640477,-0.90769693,0.11488797,0.07263673,-0.18902539,0,0,0,0,0
1890,393541,0.07594310,0.83958117,-0.87779885,0.09577795,0.08030031,-0.19173368,0,0,0,0,0
1891,393750,0.00152630,0.86890202,-0.85152756,0.08912560,0.08429364,-0.16734185,0,0,0,0,0
1892,393958,-0.06519043,0.89889527,-0.81740034,0.06445065,0.08448215,-0.19212393,0,0,0,0,0
1893,394166,-0.12624517,0.93209108,-0.78134166,0.02358446,0.11137009,-0.20027460,0,0,0,0,0
1894,394375,-0.18168313,0.95714375,-0.74378101,0.04057647,0.13197458,-0.16422358,0,0,0,0,0
1895,394583,-0.24969494,0.96742280,-0.69601832,0.01554032,0.13602815,-0.18596722,0,0,0,0,0
1896,394791,-0.30489215,0.98242523,-0.64589940,0.02684715,0.13942838,-0.17798454,0,0,0,0,0
1897,395000,-0.37966941,0.99884165,-0.59631661,-0.00707269,0.16321810,-0.17315066,0,0,0,0,0
1898,395208,-0.43722890,1.00019956,-0.54962855,0.00435789,0.16236856,-0.16499073,0,0,0,0,0
1899,395416,-0.49061846,1.00083545,-0.49195316,-0.01125918,0.15985377,-0.18241329,0,0,0,0,0
1900,395625,-0.54929753,1.00118062,-0.43025564,-0.02606639,0.17564223,-0.17253662,0,0,0,0,0
1901,395833,-0.60161811,0.99294655,-0.37347750,-0.02589149,0.17348644,-0.13696825,0,0,0,0,0
1902,396041,-0.65615245,0.98097669,-0.31776143,-0.07328919,0.16528117,-0.15358092,0,0,0,0,0
1903,396250,-0.70234818,0.98053768,-0.25827524,-0.06013961,0.20778495,-0.13540875,0,0,0,0,0
1904,396458,-0.73055663,0.94667779,-0.20064918,-0.07003578,0.19467308,-0.10678767,0,0,0,0,0
1905,396666,-0.78585329,0.92986053,-0.11682942,-0.08476072,0.16597239,-0.09832351,0,0,0,0,0
1906,396875,-0.81544552,0.89250338,-0.04656141,-0.09120456,0.20424819,-0.09943105,0,0,0,0,0
1907,397083,-0.86381586,0.87801256,0.01146154,-0.10448051,0.21003064,-0.10034721,0,0,0,0,0
1908,397291,-0.88621460,0.83487587,0.06937346,-0.12694986,0.20615694,-0.08044003,0,0,0,0,0
1909,397500,-0.91897413,0.80303790,0.13776162,-0.11873284,0.21112900,-0.08339141,0,0,0,0,0
1910,397708,-0.93823164,0.74911510,0.20128058,-0.13913537,0.20262620,-0.05448415,0,0,0,0,0
1911,397916,-0.95187421,0.71962469,0.26706611,-0.14092882,0.18837950,-0.04247492,0,0,0,0,0
1912,398125,-0.97313988,0.65352908,0.33324607,-0.15264577,0.19683330,-0.04889555,0,0,0,0,0
1913,398333,-0.97298001,0.61132895,0.39544495,-0.15240198,0.20351287,0.00665808,0,0,0,0,0
1914,398541,-0.98746434,0.54300951,0.44810807,-0.15245434,0.19703193,-0.00218368,0,0,0,0,0
1915,398750,-0.99030149,0.49763595,0.51218603,-0.19554879,0.16729667,-0.00123903,0,0,0,0,0
1916,398958,-0.99091961,0.44221451,0.55262765,-0.17405428,0.18577955,0.03534566,0,0,0,0,0
1917,399166,-0.98703504,0.38338455,0.62629448,-0.18475259,0.15916186,0.03519478,0,0,0,0,0
1918,399375,-0.97560602,0.32014434,0.66261543,-0.19345019,0.15196865,0.04831132,0,0,0,0,0
1919,399583,-0.95474940,0.26238199,0.71743913,-0.19198918,0.14325233,0.05739696,0,0,0,0,0
1920,399791,-0.94214645,0.19430077,0.76438665,-0.18774678,0.15140560,0.08673755,0,0,0,0,0
1921,400000,-0.91696300,0.13977419,0.80456076,-0.21380340,0.10389830,0.10603825,0,1,0,0,0
1922,400208,-0.89069457,0.06985305,0.84437953,-0.17617247,0.10130982,0.10219642,0,1,0,0,0
1923,400416,-0.85028091,-0.00466543,0.88317171,-0.22272931,0.09845020,0.11760993,0,1,0,0,0
1924,400625,-0.82393221,-0.06153738,0.90473141,-0.21269302,0.07929639,0.11994914,0,1,0,0,0
1925,400833,-0.78583526,-0.12917319,0.93620480,-0.20194542,0.06583174,0.13503072,0,1,0,0,0
1926,401041,-0.75053459,-0.20530043,0.95512310,-0.21126828,0.06315234,0.15457032,0,1,0,0,0
1927,401250,-0.70619998,-0.25008937,0.98301476,-0.20452062,0.02650921,0.16638438,0,1,0,0,0
1928,401458,-0.65969336,-0.32565916,0.99130381,-0.19464595,0.02349519,0.16259363,0,1,0,0,0
1929,401666,-0.60464951,-0.38152828,1.00175844,-0.19393968,0.04599532,0.16862382,0,1,0,0,0
1930,401875,-0.55922475,-0.44005398,1.00722537,-0.17414789,-0.00213531,0.17556042,0,1,0,0,0
1931,402083,-0.49143507,-0.49989779,1.01159152,-0.17217940,-0.00080139,0.17423719,0,1,0,0,0
1932,402291,-0.43490596,-0.55198238,1.00665820,-0.18455785,-0.01724387,0.19175999,0,1,0,0,0
1933,402500,-0.38327896,-0.60513303,0.99960709,-0.16863204,-0.04246920,0.18933834,0,1,0,0,0
1934,402708,-0.31663224,-0.65957780,0.98692949,-0.15345058,-0.04480793,0.19344057,0,1,0,0,0
1935,402916,-0.24647174,-0.71357937,0.97229388,-0.17359906,-0.05588310,0.17986563,0,1,0,0,0
1936,403125,-0.18809976,-0.75359326,0.95485789,-0.13924180,-0.04794844,0.20179729,0,1,0,0,0
1937,403333,-0.12892411,-0.79034653,0.93634330,-0.13271336,-0.07815595,0.18662650,0,1,0,0,0
1938,403541,-0.05087322,-0.83562752,0.90618848,-0.11587457,-0.06879271,0.19106790,0,1,0,0,0
1939,403750,0.01423578,-0.87751235,0.87149070,-0.08235258,-0.10005173,0.18754112,0,1,0,0,0
1940,403958,0.08132686,-0.89601560,0.83779886,-0.07825705,-0.09916332,0.19144822,0,1,0,0,0
1941,404166,0.13601658,-0.93176246,0.81014886,-0.06778284,-0.11155574,0.19655661,0,1,0,0,0
1942,404375,0.22156669,-0.94884791,0.75361636,-0.06535847,-0.12479038,0.19535266,0,1,0,0,0
1943,404583,0.27181388,-0.97578849,0.71040225,-0.03278533,-0.12590360,0.19124977,0,1,0,0,0
1944,404791,0.33249698,-0.98618089,0.66618299,-0.04262309,-0.14129155,0.20896927,0,1,0,0,0
1945,405000,0.39561965,-1.00160619,0.62311181,-0.02055680,-0.14363055,0.19971230,0,1,0,0,0
1946,405208,0.45779117,-1.01071905,0.56277074,-0.00340677,-0.17411078,0.19278823,0,1,0,0,0
1947,405416,0.51868147,-1.00819946,0.50745240,0.00635329,-0.17763269,0.19250213,0,1,0,0,0
1948,405625,0.56173980,-1.01330968,0.45942452,0.01072697,-0.17773104,0.16969252,0,1,0,0,0
1949,405833,0.61695372,-1.01236975,0.38794638,0.01817201,-0.18870582,0.16812391,0,1,0,0,0
1950,406041,0.66474163,-0.98997379,0.33751599,0.05380009,-0.17945078,0.15688335,0,1,0,0,0
1951,406250,0.70767146,-0.98198732,0.27752067,0.03426308,-0.18661608,0.12843723,0,1,0,0,0
1952,406458,0.76153280,-0.95880750,0.21100747,0.06715146,-0.17473781,0.14512156,0,1,0,0,0
1953,406666,0.80628796,-0.93586033,0.14344595,0.06622285,-0.18616276,0.12418780,0,1,0,0,0
1954,406875,0.83576090,-0.90637748,0.08021246,0.07073740,-0.20215211,0.11859171,0,1,0,0,0
1955,407083,0.87117506,-0.87397587,0.02362902,0.08825206,-0.19597378,0.10045747,0,1,0,0,0
1956,407291,0.90242723,-0.84094511,-0.05553683,0.10004832,-0.18942747,0.09558176,0,1,0,0,0
1957,407500,0.93814890,-0.80162066,-0.12153853,0.10180391,-0.19072013,0.10997432,0,1,0,0,0
1958,407708,0.95421911,-0.75819213,-0.17654554,0.13814128,-0.19506983,0.04819285,0,1,0,0,0
1959,407916,0.96533977,-0.72041029,-0.25463304,0.13687637,-0.20365610,0.06978705,0,1,0,0,0
1960,408125,0.99220477,-0.67294489,-0.31639588,0.13348413,-0.19134877,0.06786357,0,1,0,0,0
1961,408333,1.00071682,-0.61642513,-0.36783820,0.14539661,-0.19768669,0.01473756,0,1,0,0,0
1962,408541,1.00430246,-0.57511331,-0.43230033,0.14323506,-0.17466291,0.01285992,0,1,0,0,0
1963,408750,1.01205851,-0.51793778,-0.50140448,0.17272858,-0.16826405,0.01050928,0,1,0,0,0
1964,408958,1.01090574,-0.46295864,-0.55040882,0.17326781,-0.17472472,-0.01419486,0,1,0,0,0
1965,409166,1.00217602,-0.39026891,-0.60076364,0.16852607,-0.15830494,-0.03127178,0,1,0,0,0
1966,409375,0.99232606,-0.32995191,-0.65560864,0.17979127,-0.14817792,-0.03303883,0,1,0,0,0
1967,409583,0.97000122,-0.26939680,-0.70388053,0.18819271,-0.13834639,-0.07899273,0,1,0,0,0
1968,409791,0.95495447,-0.21022734,-0.75497932,0.18982096,-0.13518885,-0.06128286,0,1,0,0,0
1969,410000,0.93866209,-0.14868826,-0.78720497,0.22691266,-0.12153528,-0.07462054,0,1,0,0,0
1970,410208,0.91433286,-0.08284698,-0.81870582,0.21320574,-0.09357231,-0.08473241,0,1,0,0,0
1971,410416,0.87664218,-0.01467637,-0.86241202,0.19137448,-0.08275355,-0.10320915,0,1,0,0,0
1972,410625,0.85588403,0.05211690,-0.89119602,0.21025357,-0.06621382,-0.11142698,0,1,0,0,0
1973,410833,0.80812444,0.10808892,-0.92808147,0.20139170,-0.05808438,-0.13099010,0,1,0,0,0
1974,411041,0.76472641,0.18172480,-0.95267804,0.20336235,-0.06068621,-0.15872427,0,1,0,0,0
1975,411250,0.72493284,0.24723060,-0.97075958,0.19544040,-0.03267400,-0.15488877,0,1,0,0,0
1976,411458,0.67846545,0.30849342,-0.98047641,0.20265307,-0.02253973,-0.16022980,0,1,0,0,0
1977,411666,0.62659501,0.35819171,-0.99216514,0.20602123,-0.01717124,-0.16735842,0,1,0,0,0
1978,411875,0.57302443,0.42893233,-1.00723540,0.18957062,-0.01825168,-0.17779992,0,1,0,0,0
1979,412083,0.52028809,0.48257083,-1.00288378,0.17360638,-0.00337513,-0.18017444,0,1,0,0,0
1980,412291,0.46627537,0.54640912,-0.99857285,0.17737482,0.01307502,-0.17238333,0,1,0,0,0
1981,412500,0.39469342,0.59129147,-0.99049524,0.17762805,0.03185486,-0.17949076,0,1,0,0,0
1982,412708,0.33372150,0.64822921,-0.98111332,0.17023778,0.05138871,-0.19324431,0,1,0,0,0
1983,412916,0.27507330,0.69806729,-0.96223181,0.14850967,0.06976345,-0.18032636,0,1,0,0,0
1984,413125,0.21453568,0.73986735,-0.95470034,0.12578960,0.06193350,-0.18684861,0,1,0,0,0
1985,413333,0.13584645,0.77495643,-0.91605271,0.13944914,0.08456729,-0.20554986,0,1,0,0,0
1986,413541,0.07991173,0.81864575,-0.90890171,0.11313310,0.09384080,-0.19101072,0,1,0,0,0
1987,413750,0.02138732,0.84721161,-0.86331365,0.10512828,0.11408994,-0.18846996,0,1,0,0,0
1988,413958,-0.05172704,0.87976740,-0.82832655,0.10670807,0.12914557,-0.20411458,0,1,0,0,0
1989,414166,-0.11590952,0.91590938,-0.80282742,0.07864852,0.13869464,-0.19506985,0,1,0,0,0
1990,414375,-0.18333502,0.93394857,-0.74787028,0.06583550,0.14352679,-0.20687445,0,1,0,0,0
1991,414583,-0.24656424,0.95262997,-0.71449677,0.04419535,0.14451082,-0.20288675,0,1,0,0,0
1992,414791,-0.30747214,0.97712072,-0.66791952,0.04023415,0.15556646,-0.19102619,0,1,0,0,0
1993,415000,-0.37619907,0.98726071,-0.61295859,-0.00056893,0.16323512,-0.17692088,0,1,0,0,0
1994,415208,-0.43844258,0.98203626,-0.56455192,-0.01289974,0.16678507,-0.18183477,0,1,0,0,0
1995,415416,-0.48635224,0.99086667,-0.51284057,0.00086158,0.16559087,-0.18910714,0,1,0,0,0
1996,415625,-0.54424361,0.98692583,-0.45521520,-0.02726777,0.16305080,-0.16879090,0,1,0,0,0
1997,415833,-0.58785622,0.98187895,-0.39354324,-0.00514076,0.17307549,-0.16803997,0,1,0,0,0
1998,416041,-0.65440763,0.97812788,-0.33679691,-0.02204243,0.19180441,-0.14769066,0,1,0,0,0
1999,416250,-0.69018689,0.96168850,-0.26886023,-0.02654708,0.19896637,-0.14660929,0,1,0,0,0
2000,416458,-0.74422766,0.93141059,-0.21053123,-0.05733272,0.20739087,-0.15107183,0,1,0,0,0
2001,416666,-0.77975771,0.92173604,-0.14571373,-0.06131641,0.20724522,-0.12999568,0,1,0,0,0
2002,416875,-0.81578721,0.88643513,-0.08034693,-0.07620665,0.21641159,-0.12047045,0,1,0,0,0
2003,417083,-0.85404713,0.85954109,-0.02242681,-0.08951772,0.20911363,-0.12872954,0,1,0,0,0
2004,417291,-0.88495563,0.82563907,0.05187044,-0.10726370,0.22131117,-0.09613752,0,1,0,0,0
2005,417500,-0.91383734,0.78725520,0.12095842,-0.11074002,0.21712666,-0.06469240,0,1,0,0,0
2006,417708,-0.93680755,0.73864897,0.19226292,-0.12601003,0.20377588,-0.08230153,0,1,0,0,0
2007,417916,-0.96292536,0.69861483,0.25563238,-0.12307086,0.22052439,-0.09326498,0,1,0,0,0
2008,418125,-0.97702255,0.65281755,0.31105230,-0.14309391,0.20237902,-0.05663780,0,1,0,0,0
2009,418333,-0.98389145,0.59741735,0.37236323,-0.13354820,0.20039044,-0.01496380,0,1,0,0,0
2010,418541,-0.99041198,0.54297178,0.42868020,-0.16304505,0.19639036,-0.03513817,0,1,0,0,0
2011,418750,-0.99381046,0.48523837,0.49356296,-0.16517090,0.19660848,0.00196957,0,1,0,0,0
2012,418958,-0.99694429,0.44230707,0.53889620,-0.16598680,0.20056678,-0.00287315,0,1,0,0,0
2013,419166,-0.98065108,0.36851876,0.59377405,-0.17676946,0.16642120,0.02229261,0,1,0,0,0
2014,419375,-0.97371176,0.30947599,0.64107991,-0.18762650,0.17532690,0.03321198,0,1,0,0,0
2015,419583,-0.95950395,0.25346322,0.69571836,-0.17868013,0.17100515,0.03881802,0,1,0,0,0
2016,419791,-0.94228418,0.18431418,0.74198151,-0.19353524,0.15558647,0.05259390,0,1,0,0,0
2017,420000,-0.92530354,0.13430939,0.77689253,-0.18195230,0.12230302,0.08689692,0,1,0,0,0
2018,420208,-0.90214871,0.05458131,0.81620647,-0.19544027,0.12774113,0.10196807,0,1,0,0,0
2019,420416,-0.86371032,-0.00346033,0.85870161,-0.18910000,0.10458677,0.10434976,0,1,0,0,0
2020,420625,-0.83373340,-0.06491743,0.88582328,-0.19054564,0.07601419,0.10362541,0,1,0,0,0
2021,420833,-0.79624839,-0.14046502,0.90965476,-0.21038392,0.06379363,0.12219314,0,1,0,0,0
2022,421041,-0.74932776,-0.20286271,0.93457027,-0.17339832,0.04805060,0.13082521,0,1,0,0,0
2023,421250,-0.70978601,-0.26183088,0.96025326,-0.20484533,0.05015706,0.14626472,0,1,0,0,0
2024,421458,-0.65853732,-0.32817122,0.97449281,-0.17559281,0.03982738,0.14846271,0,1,0,0,0
2025,421666,-0.61502956,-0.38388136,0.98131760,-0.18633057,0.02697565,0.15065736,0,1,0,0,0
2026,421875,-0.56060505,-0.44655225,0.98271450,-0.17810539,0.00591230,0.15631485,0,1,0,0,0
2027,422083,-0.50426780,-0.50250294,0.98333573,-0.17868581,-0.00640093,0.16442253,0,1,0,0,0
2028,422291,-0.45498870,-0.55513093,0.97808749,-0.15634183,-0.00285389,0.18424809,0,1,0,0,0
2029,422500,-0.39022307,-0.61607731,0.97562716,-0.16613478,-0.01016997,0.19020132,0,1,0,0,0
2030,422708,-0.31814924,-0.66230564,0.97216565,-0.16112252,-0.02786261,0.17942295,0,1,0,0,0
2031,422916,-0.26542726,-0.71133350,0.95000767,-0.12642152,-0.04857618,0.17909566,0,1,0,0,0
2032,423125,-0.19729414,-0.75960841,0.92971057,-0.11491267,-0.05663925,0.17025693,0,1,0,0,0
2033,423333,-0.13691250,-0.79272098,0.90722337,-0.11737315,-0.05719884,0.17719717,0,1,0,0,0
2034,423541,-0.07137480,-0.84340101,0.88294075,-0.11494378,-0.08347227,0.18198362,0,1,0,0,0
2035,423750,-0.00090638,-0.87670937,0.86002458,-0.09373433,-0.08204874,0.19286045,0,1,0,0,0
2036,423958,0.05777566,-0.89763450,0.81626443,-0.07907861,-0.10229414,0.18222614,0,1,0,0,0
2037,424166,0.13304365,-0.93540039,0.78045752,-0.05081789,-0.11234192,0.17835644,0,1,0,0,0
2038,424375,0.19744846,-0.94318503,0.73679344,-0.03061440,-0.10962780,0.18418222,0,1,0,0,0
2039,424583,0.26056400,-0.97847063,0.70341566,-0.02751237,-0.12975050,0.19450373,0,1,0,0,0
2040,424791,0.30952488,-0.97884244,0.65158461,-0.02226515,-0.14691779,0.18940740,0,1,0,0,0
2041,425000,0.38120124,-0.99302263,0.59494197,-0.01940025,-0.16158518,0.18264765,0,1,0,0,0
2042,425208,0.44959972,-1.01248384,0.54418304,0.00863004,-0.17449420,0.17511215,0,1,0,0,0
2043,425416,0.48797641,-1.00696931,0.49652765,0.02117633,-0.16112263,0.16286777,0,1,0,0,0
2044,425625,0.56013447,-1.01253461,0.44272777,0.01097520,-0.16938041,0.16018516,0,1,0,0,0
2045,425833,0.59193973,-1.00350341,0.37502656,0.03348530,-0.15843593,0.14951749,0,1,0,0,0
2046,426041,0.65708313,-0.99125239,0.32054609,0.05287731,-0.17600521,0.13786545,0,1,0,0,0
2047,426250,0.69301093,-0.98436013,0.25663155,0.05268926,-0.17949812,0.12999457,0,1,0,0,0
2048,426458,0.74631757,-0.95837726,0.20044476,0.06737988,-0.19428171,0.12544531,0,1,0,0,0
2049,426666,0.79204088,-0.93249063,0.12134423,0.08707881,-0.19924282,0.12198167,0,1,0,0,0
2050,426875,0.81790575,-0.90477989,0.06981585,0.08932137,-0.18743690,0.10804896,0,1,0,0,0
2051,427083,0.86952231,-0.87901585,-0.00112757,0.07696784,-0.19982054,0.09592004,0,1,0,0,0
2052,427291,0.88426978,-0.83891435,-0.07552387,0.12223451,-0.20632247,0.09007679,0,1,0,0,0
2053,427500,0.91897584,-0.79654790,-0.13339453,0.12586304,-0.18395444,0.06417064,0,1,0,0,0
2054,427708,0.93539290,-0.75149725,-0.20573536,0.11594411,-0.19933695,0.04358217,0,1,0,0,0
2055,427916,0.96621686,-0.69719679,-0.26502464,0.15072210,-0.20338476,0.03755518,0,1,0,0,0
2056,428125,0.98384426,-0.65595958,-0.32629124,0.14237635,-0.17198414,0.04421810,0,1,0,0,0
2057,428333,0.98419359,-0.61536383,-0.39392165,0.16879698,-0.19461179,0.04255000,0,1,0,0,0
2058,428541,1.00048635,-0.56026674,-0.44147682,0.15481642,-0.18780696,0.00812842,0,1,0,0,0
2059,428750,0.99625556,-0.50039928,-0.50840557,0.18205005,-0.16424102,0.00231021,0,1,0,0,0
2060,428958,0.99129727,-0.43858197,-0.56361616,0.18578153,-0.15053167,-0.03279100,0,1,0,0,0
2061,429166,0.98087146,-0.37708795,-0.61290263,0.17973631,-0.16104930,-0.04694099,0,1,0,0,0
2062,429375,0.97182387,-0.33370281,-0.66375403,0.19589197,-0.13589451,-0.04740515,0,1,0,0,0
2063,429583,0.96543747,-0.25793303,-0.71072061,0.21555756,-0.14309835,-0.04676340,0,1,0,0,0
2064,429791,0.93820956,-0.20595580,-0.75642293,0.22314196,-0.13891822,-0.07509744,0,1,0,0,0
2065,430000,0.92272472,-0.13659273,-0.79090089,0.20345817,-0.12778975,-0.10462534,0,1,0,0,0
2066,430208,0.89113732,-0.06528626,-0.83883509,0.21830890,-0.08986652,-0.10685044,0,1,0,0,0
2067,430416,0.87032429,-0.00891700,-0.87398578,0.19299695,-0.08463627,-0.12737253,0,1,0,0,0
2068,430625,0.82514052,0.05836113,-0.89950532,0.22168611,-0.07362018,-0.12263538,0,1,0,0,0
2069,430833,0.78274942,0.13565414,-0.93350858,0.21735223,-0.07070586,-0.14597935,0,1,0,0,0
2070,431041,0.74364843,0.19888648,-0.96266113,0.22196288,-0.05433888,-0.13560784,0,1,0,0,0
2071,431250,0.70810985,0.25706110,-0.97842665,0.19740940,-0.03392926,-0.16469230,0,1,0,0,0
2072,431458,0.65802837,0.30834665,-0.99320405,0.19408844,-0.03665185,-0.17193025,0,1,0,0,0
2073,431666,0.60794675,0.37085105,-0.99269488,0.20714099,-0.02785078,-0.15275953,0,1,0,0,0
2074,431875,0.55801882,0.43955884,-1.01105224,0.19420931,-0.00941091,-0.18894963,0,1,0,0,0
2075,432083,0.49295971,0.49922204,-1.01479375,0.18551753,0.00637373,-0.16713197,0,1,0,0,0
2076,432291,0.43761635,0.55406482,-1.00178968,0.18710706,0.01343332,-0.19157700,0,1,0,0,0
2077,432500,0.37875941,0.60114357,-0.98891772,0.17821729,0.04270615,-0.19556970,0,1,0,0,0
2078,432708,0.31993430,0.65702649,-0.99517746,0.16304423,0.05400495,-0.17867838,0,1,0,0,0
2079,432916,0.25163911,0.71072160,-0.96234550,0.16216135,0.05183871,-0.18906176,0,1,0,0,0
2080,433125,0.18928679,0.75001501,-0.95847236,0.14593106,0.05085077,-0.20172360,0,1,0,0,0
2081,433333,0.12370734,0.78835288,-0.93982635,0.12861697,0.07646327,-0.19841318,0,1,0,0,0
2082,433541,0.05278026,0.83206263,-0.91136802,0.10091940,0.07987091,-0.21025038,0,1,0,0,0
2083,433750,-0.00809658,0.86921427,-0.87314775,0.09705850,0.06793637,-0.21064487,0,1,0,0,0
2084,433958,-0.06952389,0.89653594,-0.84154788,0.08968557,0.12500860,-0.19399691,0,1,0,0,0
2085,434166,-0.14307795,0.92756568,-0.80236258,0.05782950,0.10638774,-0.20566780,0,1,0,0,0
2086,434375,-0.20969749,0.94890670,-0.76381549,0.04521002,0.14825997,-0.18366065,0,1,0,0,0
2087,434583,-0.26824968,0.96235681,-0.72362376,0.03049778,0.13739766,-0.20465711,0,1,0,0,0
2088,434791,-0.33278620,0.98361990,-0.66655167,0.03114187,0.15931814,-0.20619472,0,1,0,0,0
2089,435000,-0.40007775,1.00182284,-0.62265363,0.01875013,0.16973642,-0.19350585,0,1,0,0,0
2090,435208,-0.45965194,1.00213915,-0.56167383,-0.00531055,0.17093319,-0.19234917,0,1,0,0,0
2091,435416,-0.50267538,1.01723054,-0.50882215,-0.01311869,0.17171731,-0.18537502,0,1,0,0,0
2092,435625,-0.56642542,0.99645221,-0.45668735,-0.00217820,0.17645975,-0.18332927,0,1,0,0,0
2093,435833,-0.61093294,1.00222879,-0.39819004,-0.01885014,0.18264500,-0.16433336,0,1,0,0,0
2094,436041,-0.66225051,0.99298295,-0.34512344,-0.02978450,0.17250343,-0.15970240,0,1,0,0,0
2095,436250,-0.70434272,0.96997274,-0.26763837,-0.05919915,0.18338365,-0.13660050,0,1,0,0,0
2096,436458,-0.75569178,0.95639150,-0.20698507,-0.05219229,0.17477813,-0.11732046,0,1,0,0,0
2097,436666,-0.80153790,0.92242095,-0.14059945,-0.07239074,0.19308616,-0.13482883,0,1,0,0,0
2098,436875,-0.83324617,0.90645061,-0.08192460,-0.09396280,0.18490641,-0.11959111,0,1,0,0,0
2099,437083,-0.88210198,0.87265732,-0.01122210,-0.10302094,0.20709322,-0.08335872,0,1,0,0,0
2100,437291,-0.89790360,0.84155323,0.04868091,-0.09115875,0.17970639,-0.11390988,0,1,0,0,0
2101,437500,-0.92099908,0.80400629,0.11567332,-0.12951540,0.19857695,-0.07036673,0,1,0,0,0
2102,437708,-0.95972583,0.75813237,0.19283664,-0.09690270,0.20236111,-0.06685941,0,1,0,0,0
2103,437916,-0.97464566,0.70831917,0.24897195,-0.15202864,0.20068393,-0.07891980,0,1,0,0,0
2104,438125,-0.98832201,0.65945982,0.31330247,-0.13195607,0.17925332,-0.05402262,0,1,0,0,0
2105,438333,-1.00184625,0.61014288,0.36842183,-0.14885191,0.20475124,-0.01564607,0,1,0,0,0
2106,438541,-1.00732665,0.56452962,0.43097496,-0.15271371,0.18592813,-0.01622573,0,1,0,0,0
2107,438750,-1.01316269,0.50942927,0.48813886,-0.16177773,0.17520591,-0.01210041,0,1,0,0,0
2108,438958,-1.01032512,0.43979043,0.54810575,-0.16532545,0.16145785,-0.00138530,0,1,0,0,0
2109,439166,-0.98637096,0.40134952,0.59980398,-0.18304874,0.16259705,0.00655709,0,1,0,0,0
2110,439375,-0.98985303,0.33332554,0.65201511,-0.18460535,0.13846460,0.04146252,0,1,0,0,0
2111,439583,-0.98877309,0.26751499,0.70438778,-0.18971979,0.14409058,0.06477508,0,1,0,0,0
2112,439791,-0.96011254,0.20318031,0.75398024,-0.19136075,0.11335068,0.07332987,0,1,0,0,0
2113,440000,-0.93683465,0.14072950,0.79108477,-0.19817672,0.11251051,0.08048302,0,1,0,0,0
2114,440208,-0.90010605,0.08417986,0.82221118,-0.19077364,0.10074940,0.09788849,0,1,0,0,0
2115,440416,-0.87076635,0.01713658,0.85607314,-0.21488125,0.08295318,0.10418210,0,1,0,0,0
2116,440625,-0.84375300,-0.05259681,0.88909154,-0.19571397,0.07082871,0.12420271,0,1,0,0,0
2117,440833,-0.81261567,-0.11202343,0.92255120,-0.20608659,0.05731445,0.11349045,0,1,0,0,0
2118,441041,-0.76494513,-0.17764538,0.95043775,-0.19905821,0.05006404,0.12651395,0,1,0,0,0
2119,441250,-0.72634191,-0.24617810,0.96960800,-0.17475191,0.04760833,0.14125199,0,1,0,0,0
2120,441458,-0.67308069,-0.30226794,0.99028424,-0.18120507,0.03971989,0.14156857,0,1,0,0,0
2121,441666,-0.61934985,-0.36253186,0.99009913,-0.20718652,0.02443297,0.17888215,0,1,0,0,0
2122,441875,-0.57415579,-0.42264092,0.99427874,-0.19034363,0.01734888,0.16462174,0,1,0,0,0
2123,442083,-0.51459867,-0.48342121,0.99861415,-0.18819132,0.00358075,0.17248650,0,1,0,0,0
2124,442291,-0.45386816,-0.53921371,0.98741415,-0.16818312,-0.01851362,0.18585472,0,1,0,0,0
2125,442500,-0.39518771,-0.59945174,0.98981624,-0.15544979,-0.03188015,0.17302945,0,1,0,0,0
2126,442708,-0.34431513,-0.65556065,0.97727433,-0.16893495,-0.02196889,0.16693953,0,1,0,0,0
2127,442916,-0.27320924,-0.69251930,0.95818672,-0.15133764,-0.05112695,0.17600531,0,1,0,0,0
2128,443125,-0.22337189,-0.74004288,0.95182559,-0.13665431,-0.07442374,0.18088604,0,1,0,0,0
2129,443333,-0.14187811,-0.78267353,0.91900481,-0.13171512,-0.06995198,0.19069549,0,1,0,0,0
2130,443541,-0.07342634,-0.82618593,0.89379071,-0.11130687,-0.07072215,0.18036907,0,1,0,0,0
2131,443750,-0.00941400,-0.85047430,0.85836275,-0.09083009,-0.09065026,0.19019998,0,1,0,0,0
2132,443958,0.05605238,-0.88639478,0.83320601,-0.07952507,-0.11276106,0.19367964,0,1,0,0,0
2133,444166,0.12160964,-0.91812838,0.80501757,-0.07565745,-0.11010433,0.19145584,0,1,0,0,0
2134,444375,0.18807498,-0.93994403,0.75578383,-0.04101709,-0.14271680,0.21014306,0,1,0,0,0
2135,444583,0.24476929,-0.96152929,0.71651781,-0.06530734,-0.13763309,0.19724123,0,1,0,0,0
2136,444791,0.30885885,-0.97318756,0.66098233,-0.05197804,-0.15359965,0.19335045,0,1,0,0,0
2137,445000,0.37397919,-0.98300293,0.61796065,-0.02314768,-0.16576580,0.20013560,0,1,0,0,0
2138,445208,0.43907249,-0.98766388,0.55858797,-0.00381839,-0.17440027,0.18891058,0,1,0,0,0
2139,445416,0.49286600,-1.00205114,0.50232625,-0.00682582,-0.17157176,0.15463923,0,1,0,0,0
2140,445625,0.54894915,-0.99074307,0.45278332,0.03855436,-0.18003892,0.18482158,0,1,0,0,0
2141,445833,0.59657241,-0.99332451,0.39867673,0.02630436,-0.17571235,0.15346211,0,1,0,0,0
2142,446041,0.64867346,-0.97745414,0.32654313,0.03351632,-0.20122364,0.15603726,0,1,0,0,0
2143,446250,0.69513471,-0.95859256,0.27016576,0.05569134,-0.16775509,0.13636942,0,1,0,0,0
2144,446458,0.73368961,-0.94282425,0.19516986,0.04088997,-0.19741225,0.13992401,0,1,0,0,0
2145,446666,0.78289844,-0.92869041,0.13502845,0.08154576,-0.19951241,0.11771006,0,1,0,0,0
2146,446875,0.81873873,-0.89331978,0.08816767,0.06617466,-0.19769762,0.11743202,0,1,0,0,0
2147,447083,0.85887872,-0.85170842,0.00705896,0.07632431,-0.22271920,0.11572173,0,1,0,0,0
2148,447291,0.87829363,-0.81916386,-0.05952109,0.10118238,-0.18759389,0.08456246,0,1,0,0,0
2149,447500,0.91108378,-0.77333116,-0.11885182,0.10509153,-0.21469197,0.07607122,0,1,0,0,0
2150,447708,0.92799768,-0.74313680,-0.19238281,0.12849365,-0.19734982,0.05934894,0,1,0,0,0
2151,447916,0.95893649,-0.70197111,-0.24812095,0.12672650,-0.20006778,0.07738806,0,1,0,0,0
2152,448125,0.97657762,-0.65242668,-0.31102253,0.14907664,-0.20567579,0.04674144,0,1,0,0,0
2153,448333,0.98567501,-0.59908790,-0.37730675,0.15546118,-0.19078061,0.03305117,0,1,0,0,0
2154,448541,1.00050870,-0.54852121,-0.42803916,0.16116796,-0.19507883,0.01209009,0,1,0,0,0
2155,448750,0.99596744,-0.48844226,-0.50089501,0.16553561,-0.18361042,0.00054730,0,1,0,0,0
2156,448958,0.98701159,-0.43221650,-0.55024615,0.16850095,-0.17352785,-0.02757641,0,1,0,0,0
2157,449166,0.99137788,-0.38327843,-0.59478849,0.17692860,-0.17162203,-0.01666741,0,1,0,0,0
2158,449375,0.98525836,-0.31127584,-0.64715098,0.18499002,-0.15916793,-0.04638540,0,1,0,0,0
2159,449583,0.96393142,-0.25291416,-0.70181142,0.19749045,-0.15704721,-0.05131500,0,1,0,0,0
2160,449791,0.93835440,-0.18275107,-0.74761019,0.19462902,-0.14832459,-0.06176182,0,1,0,0,0
