1,0,-0.25543607,0.96890341,-0.70476680,0.06313805,0.12924712,-0.19730611,0,0,0,0,0
2,208,-0.31867453,0.98278035,-0.64680372,0.04636454,0.14628254,-0.21043325,0,0,0,0,0
3,416,-0.38845111,0.99133673,-0.59768182,0.03093079,0.16185543,-0.16178272,0,0,0,0,0
4,625,-0.44464057,0.99164787,-0.55089684,0.00944936,0.18622979,-0.18812150,0,0,0,0,0
5,833,-0.49641888,0.99590481,-0.50043767,0.00518736,0.18064179,-0.18943068,0,0,0,0,0
6,1041,-0.55287363,0.99428223,-0.43305587,-0.03542947,0.17503885,-0.16215211,0,0,0,0,0
7,1250,-0.60446870,0.98349425,-0.38915030,-0.02446712,0.17989132,-0.15892275,0,0,0,0,0
8,1458,-0.66004915,0.97266810,-0.31395738,-0.06187654,0.20401235,-0.15712056,0,0,0,0,0
9,1666,-0.70595612,0.95259775,-0.25939220,-0.05229736,0.19506370,-0.13460150,0,0,0,0,0
10,1875,-0.74762843,0.94127038,-0.18546888,-0.07804410,0.18887890,-0.13432162,0,0,0,0,0
11,2083,-0.79802188,0.92491592,-0.13428808,-0.06826323,0.21321296,-0.11938311,0,0,0,0,0
12,2291,-0.83229247,0.89245612,-0.06568614,-0.09236298,0.20690867,-0.09046659,0,0,0,0,0
13,2500,-0.87978676,0.86125456,0.00510786,-0.10484384,0.19149350,-0.09253701,0,0,0,0,0
14,2708,-0.90771338,0.83183811,0.07123718,-0.11176919,0.18851971,-0.07627151,0,0,0,0,0
15,2916,-0.92413620,0.79819292,0.13014099,-0.13477064,0.17767357,-0.07625916,0,0,0,0,0
16,3125,-0.94614190,0.75955792,0.19609740,-0.12452330,0.18958474,-0.05807742,0,0,0,0,0
17,3333,-0.96996891,0.70420958,0.26617144,-0.13770357,0.19446315,-0.05577900,0,0,0,0,0
18,3541,-0.98548446,0.65439148,0.32898282,-0.15830500,0.19591458,-0.04451513,0,0,0,0,0
19,3750,-0.99439823,0.60324647,0.38335514,-0.17078865,0.18486404,-0.02856961,0,0,0,0,0
20,3958,-0.99755109,0.55517475,0.44160918,-0.17106326,0.16139932,-0.01924227,0,0,0,0,0
21,4166,-1.01168175,0.49595535,0.49544412,-0.17431199,0.16505325,0.01044874,0,0,0,0,0
22,4375,-0.99510655,0.43833570,0.55906889,-0.18927345,0.17527837,0.01839699,0,0,0,0,0
23,4583,-0.99033480,0.37912196,0.61500223,-0.18750598,0.14860820,0.00231999,0,0,0,0,0
24,4791,-0.97810065,0.31365103,0.66222823,-0.19272496,0.15377293,0.05513346,0,0,0,0,0
25,5000,-0.96463164,0.24412874,0.70454926,-0.19209960,0.14443527,0.05686771,0,0,0,0,0
26,5208,-0.95151161,0.18876511,0.76276859,-0.19470292,0.13694038,0.07429225,0,0,0,0,0
27,5416,-0.92667068,0.13488892,0.78474319,-0.18997506,0.12440358,0.07327243,0,0,0,0,0
28,5625,-0.88625652,0.06958841,0.83765912,-0.19602237,0.11774633,0.07185954,0,0,0,0,0
29,5833,-0.86601884,0.00188924,0.86878327,-0.19312101,0.08477363,0.08501237,0,0,0,0,0
30,6041,-0.82407673,-0.07062859,0.90075898,-0.19471404,0.10350329,0.12637676,0,0,0,0,0
31,6250,-0.79536800,-0.13719107,0.92136074,-0.19838414,0.05846638,0.10365119,0,0,0,0,0
32,6458,-0.74856227,-0.18964498,0.94747193,-0.18792504,0.06736026,0.11562483,0,0,0,0,0
33,6666,-0.70607942,-0.26688577,0.96861071,-0.21956706,0.05112514,0.13541068,0,0,0,0,0
34,6875,-0.65773233,-0.32387007,0.98151856,-0.19209131,0.03251515,0.13500534,0,0,0,0,0
35,7083,-0.60762248,-0.37683585,0.98360918,-0.18961135,0.01610406,0.16270316,0,0,0,0,0
36,7291,-0.54572602,-0.44422908,1.00753959,-0.17719035,0.01846538,0.17134827,0,0,0,0,0
37,7500,-0.48792467,-0.50396960,1.00434806,-0.17837234,0.00819598,0.17654381,0,0,0,0,0
38,7708,-0.43879574,-0.55219490,0.99907561,-0.15946113,-0.01349033,0.17268754,0,0,0,0,0
39,7916,-0.38250373,-0.61072939,0.99287036,-0.15001223,-0.02784091,0.18736612,0,0,0,0,0
40,8125,-0.32582554,-0.66058803,0.98993464,-0.16292390,-0.02448103,0.20717896,0,0,0,0,0
41,8333,-0.26345912,-0.70165505,0.96263985,-0.13825396,-0.05373855,0.17908603,0,0,0,0,0
42,8541,-0.18534628,-0.76660360,0.94210342,-0.14433787,-0.06206701,0.20790548,0,0,0,0,0
43,8750,-0.13519341,-0.79354793,0.92762804,-0.11741522,-0.07570696,0.20737399,0,0,0,0,0
44,8958,-0.06474888,-0.83728095,0.89808593,-0.11717385,-0.06087353,0.20004435,0,0,0,0,0
45,9166,0.00378493,-0.86907482,0.85922840,-0.11040379,-0.10573525,0.20379863,0,0,0,0,0
46,9375,0.05550449,-0.89838902,0.83451046,-0.10880583,-0.10055459,0.20594079,0,0,0,0,0
47,9583,0.12741696,-0.92942146,0.79180711,-0.08138369,-0.13709417,0.19199065,0,0,0,0,0
48,9791,0.19150753,-0.94802452,0.74378845,-0.08017877,-0.14051986,0.18388435,0,0,0,0,0
49,10000,0.25850589,-0.96626534,0.70556736,-0.07093811,-0.14438954,0.20671024,0,0,0,0,0
50,10208,0.32561434,-0.98198808,0.65676079,-0.04114743,-0.15239512,0.18154402,0,0,0,0,0
51,10416,0.39055621,-0.99295812,0.60387385,-0.01969790,-0.16297299,0.17826516,0,0,0,0,0
52,10625,0.44157165,-1.00024556,0.55301637,-0.01142542,-0.16965528,0.17808053,0,0,0,0,0
53,10833,0.50019853,-1.00188921,0.49873836,-0.01540287,-0.18321515,0.17898298,0,0,0,0,0
54,11041,0.55744154,-0.99834438,0.44263243,0.01191172,-0.17029019,0.16298409,0,0,0,0,0
55,11250,0.60722787,-0.99642783,0.37920863,0.03439136,-0.19913452,0.15163721,0,0,0,0,0
56,11458,0.66401058,-0.97403493,0.31631078,0.04031239,-0.18671685,0.15852177,0,0,0,0,0
57,11666,0.71204725,-0.96529424,0.25646841,0.05867933,-0.19142380,0.13517555,0,0,0,0,0
58,11875,0.74106439,-0.94719982,0.19770460,0.06435537,-0.21066638,0.11961244,0,0,0,0,0
59,12083,0.79950256,-0.91956046,0.13050867,0.07766645,-0.20674487,0.12037244,0,0,0,0,0
60,12291,0.83513161,-0.89461217,0.06074153,0.08713128,-0.20385168,0.10570869,0,0,0,0,0
61,12500,0.87034765,-0.85660137,-0.00263887,0.11145257,-0.18668081,0.09405965,0,0,0,0,0
62,12708,0.90571215,-0.82353080,-0.05990082,0.12305023,-0.20561473,0.08684705,0,0,0,0,0
63,12916,0.91770464,-0.78928339,-0.12952502,0.12105051,-0.16311366,0.06966342,0,0,0,0,0
64,13125,0.94312776,-0.74349669,-0.19699897,0.14376359,-0.18812974,0.06805657,0,0,0,0,0
65,13333,0.96768129,-0.70231069,-0.25570637,0.13084219,-0.18798236,0.03378685,0,0,0,0,0
66,13541,0.97084551,-0.66157105,-0.32666429,0.15155960,-0.17746692,0.04877714,0,0,0,0,0
67,13750,0.99156214,-0.60086253,-0.38346941,0.14714025,-0.19780041,0.01531391,0,0,0,0,0
68,13958,1.00274077,-0.56172097,-0.43526673,0.15600918,-0.16272882,-0.00406925,0,0,0,0,0
69,14166,1.00209631,-0.51432116,-0.49902148,0.15957870,-0.18111847,-0.00795151,0,0,0,0,0
70,14375,0.99782962,-0.43560937,-0.54969645,0.17186889,-0.15228803,-0.01610087,0,0,0,0,0
71,14583,0.98933322,-0.37733650,-0.61135788,0.18913489,-0.15965455,-0.03259285,0,0,0,0,0
72,14791,0.97719845,-0.31647795,-0.66385246,0.18602581,-0.15407690,-0.04754326,0,0,0,0,0
73,15000,0.96158559,-0.24884194,-0.70337315,0.18423809,-0.12025670,-0.04035064,0,0,0,0,0
74,15208,0.94573979,-0.19223488,-0.76297757,0.19102528,-0.13033878,-0.07155253,0,0,0,0,0
75,15416,0.91342524,-0.12949278,-0.79435926,0.17429311,-0.13540219,-0.09755979,0,0,0,0,0
76,15625,0.90118952,-0.05855283,-0.82811361,0.20205296,-0.10043113,-0.09030446,0,0,0,0,0
77,15833,0.85911752,-0.00075930,-0.86488715,0.17466533,-0.11179568,-0.07779897,0,0,0,0,0
78,16041,0.83090419,0.06696940,-0.90892809,0.19013014,-0.07474250,-0.11994466,0,0,0,0,0
79,16250,0.79035799,0.13450136,-0.93202486,0.19564625,-0.07669425,-0.12892049,0,0,0,0,0
80,16458,0.74271909,0.19943067,-0.94880594,0.19921769,-0.07698048,-0.13411785,0,0,0,0,0
81,16666,0.71033933,0.25980500,-0.96476963,0.19451685,-0.04339633,-0.12429682,0,0,0,0,0
82,16875,0.66170216,0.32161467,-0.97937701,0.18800850,-0.03355956,-0.15244833,0,0,0,0,0
83,17083,0.59806915,0.37968372,-0.99260881,0.19847966,-0.04708928,-0.16760507,0,0,0,0,0
84,17291,0.55257778,0.44091294,-0.99532588,0.19853263,-0.01360204,-0.16160956,0,0,0,0,0
85,17500,0.49859893,0.51159765,-0.99891259,0.17209954,0.00280596,-0.16952043,0,0,0,0,0
86,17708,0.42962721,0.55666621,-0.99954570,0.16394927,0.01486487,-0.17396258,0,0,0,0,0
87,17916,0.36983752,0.61203571,-0.98968691,0.15566828,0.02310108,-0.19510168,0,0,0,0,0
88,18125,0.31501109,0.65411250,-0.98475328,0.14297517,0.04474513,-0.19498808,0,0,0,0,0
89,18333,0.24990267,0.72204467,-0.96316939,0.14424751,0.05521088,-0.18216928,0,0,0,0,0
90,18541,0.18737544,0.74957165,-0.95117909,0.14424433,0.06195665,-0.19264848,0,0,0,0,0
91,18750,0.12128516,0.78946676,-0.92094042,0.09731006,0.07130729,-0.19120741,0,0,0,0,0
92,18958,0.06193523,0.83314344,-0.89345821,0.11081184,0.08706264,-0.20163806,0,0,0,0,0
93,19166,-0.00746978,0.86357631,-0.86577219,0.11724758,0.09129849,-0.19157115,0,0,0,0,0
94,19375,-0.06294248,0.90077870,-0.82589229,0.09563301,0.09864387,-0.19944207,0,0,0,0,0
95,19583,-0.13276858,0.91848589,-0.78261883,0.08459981,0.10886264,-0.20699130,0,0,0,0,0
96,19791,-0.19422810,0.95485238,-0.75337831,0.05258966,0.12994047,-0.19275256,0,0,0,0,0
97,20000,-0.27027575,0.97289146,-0.69834475,0.06312389,0.13272010,-0.20639564,0,0,0,0,0
98,20208,-0.32746205,0.98241196,-0.64962486,0.05309834,0.14949753,-0.17855762,0,0,0,0,0
99,20416,-0.38473624,0.98523759,-0.60535037,0.03138971,0.17352972,-0.17911539,0,0,0,0,0
100,20625,-0.44262454,0.99559629,-0.54709031,0.00881464,0.16659055,-0.18616332,0,0,0,0,0
101,20833,-0.50574531,1.00171217,-0.49688027,0.00552120,0.17770656,-0.17798776,0,0,0,0,0
102,21041,-0.56054510,0.99268879,-0.43178045,-0.02365809,0.18087881,-0.16665403,0,0,0,0,0
103,21250,-0.61321325,0.98647664,-0.39236691,-0.03928766,0.20219537,-0.16060562,0,0,0,0,0
104,21458,-0.66341085,0.98563201,-0.31043941,-0.03365496,0.21073932,-0.13580417,0,0,0,0,0
105,21666,-0.69898280,0.96561326,-0.26083450,-0.04446587,0.19350471,-0.14389529,0,0,0,0,0
106,21875,-0.75310606,0.94579959,-0.19130035,-0.07615419,0.20846599,-0.14262286,0,0,0,0,0
107,22083,-0.79610607,0.92417698,-0.13142876,-0.09316671,0.22398641,-0.11901270,0,0,0,0,0
108,22291,-0.84079062,0.89321960,-0.05489262,-0.10250586,0.19222047,-0.09759742,0,0,0,0,0
109,22500,-0.87523054,0.86251696,0.00177185,-0.10335593,0.21323822,-0.08362574,0,0,0,0,0
110,22708,-0.90088022,0.83028414,0.06551860,-0.12794141,0.18451578,-0.08127459,0,0,0,0,0
111,22916,-0.92098424,0.79379301,0.13887237,-0.11376389,0.19964620,-0.07737632,0,0,0,0,0
112,23125,-0.95040091,0.75068178,0.20141871,-0.14086395,0.19440769,-0.06005030,0,0,0,0,0
113,23333,-0.96881404,0.71078897,0.25974009,-0.14144902,0.17434722,-0.05462246,0,0,0,0,0
114,23541,-0.98617364,0.65592364,0.31899289,-0.16070282,0.19720134,-0.05941703,0,0,0,0,0
115,23750,-1.00132876,0.59857601,0.37948272,-0.15483674,0.18209096,-0.03296635,0,0,0,0,0
116,23958,-0.99632597,0.55766010,0.45102019,-0.16066891,0.16517508,-0.00719326,0,0,0,0,0
117,24166,-1.00138487,0.49551145,0.50438387,-0.19001343,0.17117612,-0.00263826,0,0,0,0,0
118,24375,-0.99520449,0.43525590,0.55866776,-0.18522282,0.17002297,0.00952013,0,0,0,0,0
119,24583,-0.98972368,0.38311606,0.61340023,-0.18450359,0.13604147,0.03631133,0,0,0,0,0
120,24791,-0.98415830,0.32021557,0.65172817,-0.19206116,0.11460111,0.02825186,0,0,0,0,0
121,25000,-0.96288594,0.24939599,0.70755161,-0.18136136,0.13756190,0.04179426,0,0,0,0,0
122,25208,-0.95105143,0.19546445,0.75234615,-0.19873227,0.12165934,0.06615560,0,0,0,0,0
123,25416,-0.92009199,0.13697311,0.80016714,-0.18770753,0.13347650,0.06786345,0,0,0,0,0
124,25625,-0.89418813,0.06415412,0.82592253,-0.19148817,0.10647480,0.07963175,0,0,0,0,0
125,25833,-0.85510272,-0.00409059,0.87296795,-0.19822111,0.10268353,0.11374523,0,0,0,0,0
126,26041,-0.83245025,-0.07650622,0.90738770,-0.18963903,0.08648019,0.09858386,0,0,0,0,0
127,26250,-0.79659062,-0.12298241,0.91669943,-0.21181430,0.06107263,0.11259900,0,0,0,0,0
128,26458,-0.75055310,-0.20035276,0.94831728,-0.19537919,0.06454738,0.13447000,0,0,0,0,0
129,26666,-0.70083058,-0.26851006,0.96964067,-0.19986934,0.03834774,0.13924994,0,0,0,0,0
130,26875,-0.67028346,-0.32351284,0.98631295,-0.18957261,0.02502022,0.13511843,0,0,0,0,0
131,27083,-0.60154480,-0.38024207,0.98175534,-0.18859883,0.01487988,0.17521193,0,0,0,0,0
132,27291,-0.55398871,-0.43866924,1.00066517,-0.17778423,0.00111462,0.15729763,0,0,0,0,0
133,27500,-0.50327165,-0.50586331,1.00000336,-0.17193413,-0.00192201,0.16995163,0,0,0,0,0
134,27708,-0.44182312,-0.55848673,0.99748627,-0.16356259,-0.01637951,0.18319732,0,0,0,0,0
135,27916,-0.38414561,-0.61108739,1.00272018,-0.15548172,-0.02210701,0.20610215,0,0,0,0,0
136,28125,-0.32530493,-0.65668610,0.98043815,-0.14335027,-0.05303717,0.18524583,0,0,0,0,0
137,28333,-0.26616179,-0.70626444,0.96860277,-0.15307624,-0.05203840,0.18423185,0,0,0,0,0
138,28541,-0.18894066,-0.75252585,0.94634292,-0.12643525,-0.06645853,0.20171583,0,0,0,0,0
139,28750,-0.13064783,-0.79076800,0.92458379,-0.13733819,-0.07165687,0.22017553,0,0,0,0,0
140,28958,-0.06450457,-0.84025969,0.89853567,-0.14045208,-0.08308787,0.20245655,0,0,0,0,0
141,29166,0.00723229,-0.86593433,0.86874452,-0.08263701,-0.09577267,0.19928023,0,0,0,0,0
142,29375,0.06879163,-0.89784582,0.82518219,-0.10108974,-0.11877160,0.20628656,0,0,0,0,0
143,29583,0.12587285,-0.92629414,0.79109545,-0.08494224,-0.11985376,0.18100221,0,0,0,0,0
144,29791,0.20156365,-0.95041550,0.74921805,-0.08723607,-0.13607262,0.19405702,0,0,0,0,0
145,30000,0.26925359,-0.96752142,0.69487553,-0.06064716,-0.12815543,0.17939194,0,0,0,0,0
146,30208,0.32683640,-0.98585630,0.65028901,-0.04093911,-0.14998235,0.19039305,0,0,0,0,0
147,30416,0.38109226,-0.97987873,0.60876869,-0.02696256,-0.15943497,0.18406680,0,0,0,0,0
148,30625,0.43752551,-0.99286268,0.54878667,-0.02743794,-0.18147015,0.15686094,0,0,0,0,0
149,30833,0.49799986,-0.99593499,0.50866742,-0.00552952,-0.18222890,0.17793053,0,0,0,0,0
150,31041,0.55855461,-1.00138973,0.44287682,0.01696711,-0.18057796,0.17415871,0,0,0,0,0
151,31250,0.61838683,-0.99650172,0.38093140,0.02997120,-0.18991760,0.15694291,0,0,0,0,0
152,31458,0.65812475,-0.98144527,0.32521584,0.04295884,-0.19505661,0.13371014,0,0,0,0,0
153,31666,0.70655923,-0.96426788,0.25913672,0.06302828,-0.21573704,0.15115996,0,0,0,0,0
154,31875,0.75977949,-0.95242489,0.19267135,0.06763807,-0.20932874,0.14656904,0,0,0,0,0
155,32083,0.79413539,-0.91913980,0.12028818,0.09543590,-0.20582415,0.12042809,0,0,0,0,0
156,32291,0.84306547,-0.88862797,0.06570186,0.09079594,-0.19181000,0.10158136,0,0,0,0,0
157,32500,0.86831329,-0.87399288,0.00406643,0.11227761,-0.22234574,0.09036154,0,0,0,0,0
158,32708,0.90565303,-0.83250606,-0.07119347,0.12360060,-0.21236383,0.08674610,0,0,0,0,0
159,32916,0.92855003,-0.78360892,-0.14240161,0.11021071,-0.21833208,0.07193789,0,0,0,0,0
160,33125,0.95294067,-0.74632144,-0.20310446,0.14062399,-0.19255442,0.06396473,0,0,0,0,0
161,33333,0.96714714,-0.70781864,-0.25261310,0.13871054,-0.17955579,0.05257031,0,0,0,0,0
162,33541,0.98189408,-0.65212368,-0.32354784,0.14318233,-0.18270385,0.02898247,0,0,0,0,0
163,33750,0.99471499,-0.60828294,-0.37781510,0.15643270,-0.17484242,0.01621721,0,0,0,0,0
164,33958,1.00250114,-0.55339935,-0.44454962,0.16894465,-0.18476795,0.00949332,0,0,0,0,0
165,34166,1.00274343,-0.50243126,-0.50477184,0.15758636,-0.16419600,0.00460690,0,0,0,0,0
166,34375,0.98859742,-0.43901478,-0.54712773,0.17869502,-0.16870929,-0.02819969,0,0,0,0,0
167,34583,0.99178525,-0.37446336,-0.61279717,0.18076161,-0.15313178,-0.02752961,0,0,0,0,0
168,34791,0.97605486,-0.32074924,-0.66271679,0.19719120,-0.14106000,-0.03825154,0,0,0,0,0
169,35000,0.96128359,-0.25256244,-0.70687121,0.18374175,-0.14090107,-0.05532407,0,0,0,0,0
170,35208,0.94688369,-0.19236085,-0.75528649,0.20465856,-0.12114057,-0.04881901,0,0,0,0,0
171,35416,0.92966929,-0.12220649,-0.79136936,0.19872403,-0.12172755,-0.06266156,0,0,0,0,0
172,35625,0.89271369,-0.06485122,-0.83103831,0.19599990,-0.10744272,-0.08264445,0,0,0,0,0
173,35833,0.87267012,0.01058477,-0.86527207,0.20987829,-0.08067944,-0.08054884,0,0,0,0,0
174,36041,0.82263081,0.07156789,-0.90149880,0.21642786,-0.08337510,-0.10052078,0,0,0,0,0
175,36250,0.79611489,0.13445856,-0.93360688,0.19432954,-0.08402603,-0.11858286,0,0,0,0,0
176,36458,0.75064075,0.19917050,-0.95239495,0.18736140,-0.06904696,-0.13485039,0,0,0,0,0
177,36666,0.70491879,0.25914519,-0.97086398,0.19641684,-0.04287868,-0.14369147,0,0,0,0,0
178,36875,0.66321065,0.32142037,-0.98048450,0.17427312,-0.02834441,-0.14504795,0,0,0,0,0
179,37083,0.60273980,0.38659428,-0.99665341,0.17089447,-0.02622023,-0.16108969,0,0,0,0,0
180,37291,0.55933348,0.43885514,-1.00630358,0.19145280,-0.02823869,-0.18040978,0,0,0,0,0
181,37500,0.49652053,0.49949375,-1.00683004,0.17774759,-0.00968513,-0.17621379,0,0,0,0,0
182,37708,0.43677336,0.55330782,-0.99696457,0.15636844,0.01426704,-0.16855305,0,0,0,0,0
183,37916,0.37380695,0.61394855,-0.98893782,0.18861603,0.03075220,-0.21021922,0,0,0,0,0
184,38125,0.32710617,0.66450403,-0.98404914,0.13526254,0.04734302,-0.17531272,0,0,0,0,0
185,38333,0.26217508,0.71556773,-0.96835385,0.14668616,0.02919955,-0.18768540,0,0,0,0,0
186,38541,0.19020274,0.75220571,-0.94387470,0.12356391,0.07035989,-0.19908280,0,0,0,0,0
187,38750,0.13057753,0.79130329,-0.92255022,0.14002255,0.08794097,-0.19641758,0,0,0,0,0
188,38958,0.06318020,0.82610287,-0.88984212,0.10719917,0.06164588,-0.19148593,0,0,0,0,0
189,39166,-0.00477296,0.86939346,-0.86506612,0.09951551,0.09728237,-0.20180093,0,0,0,0,0
190,39375,-0.06368852,0.90593777,-0.83322424,0.07361377,0.11644665,-0.19288710,0,0,0,0,0
191,39583,-0.13679702,0.92567105,-0.78490027,0.10128831,0.10598642,-0.19324769,0,0,0,0,0
192,39791,-0.20915787,0.94930029,-0.74983471,0.06241926,0.12594650,-0.19845561,0,0,0,0,0
193,40000,-0.26053523,0.96816110,-0.70705949,0.06090450,0.14689951,-0.20875216,0,0,0,0,0
194,40208,-0.32398710,0.98427541,-0.65059325,0.04305432,0.14585827,-0.19497069,0,0,0,0,0
195,40416,-0.38838368,0.99850044,-0.59706783,0.02387578,0.15659246,-0.20960991,0,0,0,0,0
196,40625,-0.44935153,1.00925350,-0.55017859,-0.00690679,0.17086927,-0.17877921,0,0,0,0,0
197,40833,-0.51030382,1.00389107,-0.50062883,-0.00119002,0.16462688,-0.18033503,0,0,0,0,0
198,41041,-0.55985306,1.00156270,-0.43038756,-0.01599639,0.17249696,-0.17413044,0,0,0,0,0
199,41250,-0.61563171,0.99051943,-0.37678856,-0.02439804,0.19381427,-0.15232192,0,0,0,0,0
200,41458,-0.65709956,0.97984645,-0.31656517,-0.02022162,0.20365081,-0.16169836,0,0,0,0,0
201,41666,-0.70722127,0.96423213,-0.25729297,-0.04897908,0.20218522,-0.13738650,0,0,0,0,0
202,41875,-0.75709494,0.94335220,-0.18610107,-0.06012936,0.21480035,-0.13099552,0,0,0,0,0
203,42083,-0.79369185,0.92217731,-0.13290134,-0.08456512,0.20727171,-0.11823032,0,0,0,0,0
204,42291,-0.83503295,0.89716309,-0.06839380,-0.10686015,0.22229714,-0.10227997,0,0,0,0,0
205,42500,-0.87040105,0.86313227,0.01238967,-0.10812508,0.20409287,-0.07553809,0,0,0,0,0
206,42708,-0.90008823,0.82660162,0.06391700,-0.12364427,0.20444993,-0.07842779,0,0,0,0,0
207,42916,-0.91777957,0.79037809,0.13806990,-0.12710294,0.20338198,-0.05745518,0,0,0,0,0
208,43125,-0.94618512,0.74339198,0.20465021,-0.14115662,0.18952817,-0.04565468,0,0,0,0,0
209,43333,-0.96952489,0.70750373,0.26245908,-0.16188888,0.18365668,-0.04037406,0,0,0,0,0
210,43541,-0.97798308,0.65373470,0.31954375,-0.14060104,0.17730820,-0.05480335,0,0,0,0,0
211,43750,-0.98833135,0.59953702,0.38826283,-0.16208484,0.17505730,-0.02684243,0,0,0,0,0
212,43958,-0.99721185,0.55452747,0.45160372,-0.17062813,0.19515513,-0.02320355,0,0,0,0,0
213,44166,-1.00175597,0.49929379,0.50400164,-0.18428313,0.18610511,0.02870488,0,0,0,0,0
214,44375,-0.99940770,0.43479969,0.55406844,-0.18318019,0.15770534,0.00256783,0,0,0,0,0
215,44583,-0.99587257,0.38267215,0.61246942,-0.19157045,0.14952393,0.01027056,0,0,0,0,0
216,44791,-0.97843534,0.32153121,0.65454832,-0.19874933,0.12461569,0.01018792,0,0,0,0,0
217,45000,-0.96706233,0.26566413,0.70430592,-0.18844994,0.12803919,0.04009374,0,0,0,0,0
218,45208,-0.94677977,0.19093617,0.75254278,-0.19744856,0.12124885,0.06407467,0,0,0,0,0
219,45416,-0.91805961,0.12732964,0.79556783,-0.18737002,0.11569479,0.08585437,0,0,0,0,0
220,45625,-0.88543804,0.05950205,0.82725783,-0.19993838,0.10448217,0.07609832,0,0,0,0,0
221,45833,-0.86093471,-0.00034130,0.86894839,-0.19599379,0.10173675,0.10996762,0,0,0,0,0
222,46041,-0.82864153,-0.06818297,0.90102388,-0.19633967,0.09609947,0.10866737,0,0,0,0,0
223,46250,-0.79005000,-0.12829885,0.92422126,-0.19258691,0.06925420,0.11506984,0,0,0,0,0
224,46458,-0.74279746,-0.19993771,0.93744302,-0.20317387,0.07861146,0.13180947,0,0,0,0,0
225,46666,-0.70193749,-0.25911084,0.96766624,-0.18313582,0.05506634,0.15391469,0,0,0,0,0
226,46875,-0.65532616,-0.32525629,0.99102196,-0.20030350,0.04765428,0.14936416,0,0,0,0,0
227,47083,-0.60459961,-0.39449572,0.99486661,-0.18348040,0.02146019,0.14628914,0,0,0,0,0
228,47291,-0.56008872,-0.44170861,0.99905520,-0.19043333,0.01843248,0.16948172,0,0,0,0,0
229,47500,-0.49560972,-0.51124246,0.99923482,-0.17323627,0.00471770,0.17648834,0,0,0,0,0
230,47708,-0.44435999,-0.55879152,1.00178824,-0.15604172,0.00221626,0.17692633,0,0,0,0,0
231,47916,-0.37846815,-0.61180879,0.99341712,-0.15171077,-0.01842149,0.19469396,0,0,0,0,0
232,48125,-0.32285535,-0.66161074,0.98505251,-0.13849831,-0.02875823,0.16645179,0,0,0,0,0
233,48333,-0.25351292,-0.70899206,0.96087182,-0.14352118,-0.05481157,0.19699670,0,0,0,0,0
234,48541,-0.19335842,-0.75369164,0.94755126,-0.12243965,-0.04968597,0.20458211,0,0,0,0,0
235,48750,-0.13357724,-0.79352677,0.92107168,-0.12913411,-0.08643243,0.18480596,0,0,0,0,0
236,48958,-0.06400060,-0.83399301,0.89763046,-0.11709290,-0.09131187,0.18626438,0,0,0,0,0
237,49166,0.01403784,-0.85496022,0.85454996,-0.10106130,-0.09452246,0.21211621,0,0,0,0,0
238,49375,0.05714703,-0.90066576,0.82710339,-0.08320134,-0.12039595,0.21411812,0,0,0,0,0
239,49583,0.13450164,-0.93215716,0.79304458,-0.08593527,-0.12933245,0.21535362,0,0,0,0,0
240,49791,0.19314684,-0.95621720,0.75179686,-0.06164739,-0.14016739,0.19327732,0,0,0,0,0
241,50000,0.26871880,-0.96490088,0.70296329,-0.05379074,-0.13751079,0.19965571,0,0,0,0,0
242,50208,0.32840247,-0.99096354,0.64425528,-0.03963826,-0.15267507,0.19732581,0,0,0,0,0
243,50416,0.38634687,-0.99956393,0.60752077,-0.03793663,-0.15059144,0.17212458,0,0,0,0,0
244,50625,0.44947659,-1.00642635,0.55901553,-0.01921722,-0.14985529,0.18480886,0,0,0,0,0
245,50833,0.50372968,-0.99911383,0.49141349,-0.00202934,-0.17362050,0.17752514,0,0,0,0,0
246,51041,0.55807004,-0.99208780,0.43593210,0.01665453,-0.18828068,0.17543076,0,0,0,0,0
247,51250,0.60826125,-0.99643549,0.38270486,0.01951160,-0.18544697,0.15316132,0,0,0,0,0
248,51458,0.66011696,-0.97827530,0.32183009,0.02875653,-0.20311845,0.16149853,0,0,0,0,0
249,51666,0.70748348,-0.97802340,0.26075828,0.03409632,-0.19883666,0.13931103,0,0,0,0,0
250,51875,0.75472400,-0.94890666,0.19682337,0.07618609,-0.17656548,0.14469466,0,0,0,0,0
251,52083,0.78684494,-0.91852731,0.11969795,0.09095430,-0.20510590,0.12389228,0,0,0,0,0
252,52291,0.83964390,-0.89560024,0.05997826,0.07363057,-0.20080031,0.10789981,0,0,0,0,0
253,52500,0.87878817,-0.85784434,0.00021505,0.10608914,-0.20505023,0.08195350,0,0,0,0,0
254,52708,0.89765310,-0.83917017,-0.06865995,0.11252806,-0.20601881,0.06921270,0,0,0,0,0
255,52916,0.93251087,-0.79342297,-0.13144202,0.13877254,-0.19454093,0.08704656,0,0,0,0,0
256,53125,0.94873470,-0.74592753,-0.19841014,0.13411231,-0.20851760,0.06838673,0,0,0,0,0
257,53333,0.96502097,-0.70128605,-0.26358749,0.15056705,-0.19307923,0.04522004,0,0,0,0,0
258,53541,0.98054347,-0.65321581,-0.32515821,0.14901846,-0.19988353,0.03219624,0,0,0,0,0
259,53750,0.99304885,-0.60427431,-0.39072307,0.15380603,-0.16516987,0.02666470,0,0,0,0,0
260,53958,0.99490391,-0.55793936,-0.44826215,0.17500013,-0.16457552,-0.00115470,0,0,0,0,0
261,54166,1.00314403,-0.50063245,-0.50262390,0.18401895,-0.17557203,-0.00474514,0,0,0,0,0
262,54375,0.99483825,-0.42751743,-0.55804445,0.16573703,-0.17954294,-0.00648024,0,0,0,0,0
263,54583,0.98513071,-0.38585120,-0.60810128,0.19436179,-0.14882557,-0.01777994,0,0,0,0,0
264,54791,0.97923822,-0.32543957,-0.66289729,0.17706148,-0.14652140,-0.04157254,0,0,0,0,0
265,55000,0.96054331,-0.25239027,-0.70079538,0.16675655,-0.11554409,-0.03445390,0,0,0,0,0
266,55208,0.94295960,-0.19740764,-0.74768636,0.19286852,-0.11532487,-0.05239635,0,0,0,0,0
267,55416,0.92090815,-0.11864046,-0.79777203,0.19992775,-0.11374014,-0.08266953,0,0,0,0,0
268,55625,0.88717541,-0.04886380,-0.83227893,0.18117750,-0.11546137,-0.09955818,0,0,0,0,0
269,55833,0.87010004,0.00160497,-0.86163550,0.17731402,-0.10220510,-0.09230719,0,0,0,0,0
270,56041,0.83217902,0.06970721,-0.90161911,0.19225461,-0.08532889,-0.11380499,0,0,0,0,0
271,56250,0.78680591,0.12411521,-0.92903358,0.19014940,-0.07298184,-0.12632439,0,0,0,0,0
272,56458,0.74839165,0.20292599,-0.94173726,0.20845843,-0.07131887,-0.12785217,0,0,0,0,0
273,56666,0.70705495,0.25027694,-0.96368707,0.19224792,-0.06525028,-0.13254516,0,0,0,0,0
274,56875,0.65733841,0.31736938,-0.97657863,0.19584890,-0.01948920,-0.14093383,0,0,0,0,0
275,57083,0.61532172,0.38587628,-0.99100084,0.18600167,-0.02551708,-0.15681992,0,0,0,0,0
276,57291,0.55175232,0.44758710,-1.00025153,0.19407101,-0.00872599,-0.18817940,0,0,0,0,0
277,57500,0.50350700,0.49508272,-1.00780651,0.16311201,-0.00875695,-0.16286272,0,0,0,0,0
278,57708,0.43331071,0.55528143,-0.99821838,0.16407060,0.02612156,-0.18688986,0,0,0,0,0
279,57916,0.37453624,0.60278159,-0.98621444,0.14157485,0.03534922,-0.18139473,0,0,0,0,0
280,58125,0.32760176,0.65998375,-0.97529693,0.15719783,0.03790007,-0.19056483,0,0,0,0,0
281,58333,0.25430899,0.70522484,-0.96099971,0.15162916,0.05162259,-0.17098541,0,0,0,0,0
282,58541,0.18675582,0.75070049,-0.94300847,0.14025664,0.06449503,-0.17615967,0,0,0,0,0
283,58750,0.12761181,0.79859821,-0.91232231,0.12096504,0.07465273,-0.20388885,0,0,0,0,0
284,58958,0.06886708,0.83485720,-0.90353110,0.09761408,0.09116052,-0.21454336,0,0,0,0,0
285,59166,-0.00682602,0.87084464,-0.86312311,0.10149764,0.10110134,-0.21479914,0,0,0,0,0
286,59375,-0.06872084,0.89830779,-0.83375088,0.08492418,0.10710986,-0.19965792,0,0,0,0,0
287,59583,-0.14294238,0.92962877,-0.78257012,0.08968839,0.10841488,-0.20715341,0,0,0,0,0
288,59791,-0.20054386,0.94899165,-0.75104138,0.06433163,0.13068721,-0.21131847,0,0,0,0,0
289,60000,-0.25684842,0.96573524,-0.69807323,0.05162203,0.14880003,-0.20288177,0,0,0,0,0
290,60208,-0.32824264,0.98585821,-0.65730402,0.06474689,0.15780712,-0.18948122,0,0,0,0,0
291,60416,-0.39177685,0.99139808,-0.60221274,0.03738354,0.17335291,-0.18997929,0,0,0,0,0
292,60625,-0.44877000,0.99801011,-0.55163741,0.02612950,0.18284353,-0.18806014,0,0,0,0,0
293,60833,-0.50555523,1.00674089,-0.49567633,-0.00402805,0.18334112,-0.17970688,0,0,0,0,0
294,61041,-0.55421588,1.00361178,-0.43639331,-0.02428315,0.18504033,-0.16959695,0,0,0,0,0
295,61250,-0.60935666,0.99023006,-0.37407462,-0.01691775,0.19256533,-0.15665071,0,0,0,0,0
296,61458,-0.65905683,0.98474980,-0.31821043,-0.02675527,0.18841767,-0.14618132,0,0,0,0,0
297,61666,-0.70966162,0.95844781,-0.25081630,-0.06828894,0.20619278,-0.15499161,0,0,0,0,0
298,61875,-0.75777158,0.94372625,-0.18656103,-0.07390288,0.21442475,-0.12593050,0,0,0,0,0
299,62083,-0.80018727,0.91778068,-0.12944455,-0.09065599,0.21349121,-0.12004673,0,0,0,0,0
300,62291,-0.83233394,0.89402997,-0.05294921,-0.08891324,0.20939043,-0.11526079,0,0,0,0,0
301,62500,-0.86110879,0.86648742,0.00664304,-0.09446897,0.20102843,-0.09749957,0,0,0,0,0
302,62708,-0.90451786,0.83078260,0.06607203,-0.11998248,0.19836326,-0.07085135,0,0,0,0,0
303,62916,-0.93172603,0.79184624,0.13634160,-0.13031428,0.19775210,-0.06295165,0,0,0,0,0
304,63125,-0.95508435,0.74887872,0.20295016,-0.15578238,0.18850683,-0.05863737,0,0,0,0,0
305,63333,-0.96387484,0.70269019,0.26435666,-0.15465435,0.19416410,-0.05704185,0,0,0,0,0
306,63541,-0.98266311,0.66180643,0.32495820,-0.13819768,0.15834393,-0.04996059,0,0,0,0,0
307,63750,-0.98984341,0.59757923,0.36785709,-0.15575035,0.17522672,-0.03386401,0,0,0,0,0
308,63958,-1.00105028,0.54888489,0.43980807,-0.15806487,0.17512905,-0.01217509,0,0,0,0,0
309,64166,-0.99702194,0.49879329,0.50568220,-0.17688695,0.19290688,0.00040119,0,0,0,0,0
310,64375,-0.99887282,0.44673876,0.55286456,-0.18115680,0.16102889,0.00609201,0,0,0,0,0
311,64583,-0.99822147,0.37782512,0.61350840,-0.18275120,0.15414202,0.03402100,0,0,0,0,0
312,64791,-0.97472331,0.31705707,0.66589512,-0.18356703,0.13774893,0.04173654,0,0,0,0,0
313,65000,-0.96419412,0.24934013,0.70861117,-0.17631673,0.15517715,0.02394360,0,0,0,0,0
314,65208,-0.94614767,0.18940370,0.74501266,-0.19948786,0.12120832,0.06393792,0,0,0,0,0
315,65416,-0.91977325,0.13114268,0.79157645,-0.19623692,0.14041962,0.08253663,0,0,0,0,0
316,65625,-0.90109478,0.07043250,0.83669187,-0.20426733,0.10277956,0.08882439,0,0,0,0,0
317,65833,-0.86065210,-0.00427610,0.87398451,-0.21682332,0.10900546,0.10406794,0,0,0,0,0
318,66041,-0.83109485,-0.07215482,0.88800741,-0.18800114,0.08778301,0.10666953,0,0,0,0,0
319,66250,-0.79073671,-0.13288974,0.92569894,-0.17896050,0.07090839,0.11927144,0,0,0,0,0
320,66458,-0.74279082,-0.20584136,0.94089651,-0.18710767,0.07433810,0.12963757,0,0,0,0,0
321,66666,-0.70066503,-0.25529221,0.96759621,-0.18982410,0.06489467,0.14157978,0,0,0,0,0
322,66875,-0.65717675,-0.33022073,0.98116254,-0.16996906,0.03691618,0.14306201,0,0,0,0,0
323,67083,-0.60642788,-0.38371436,1.00437995,-0.17931599,0.02561381,0.16829661,0,0,0,0,0
324,67291,-0.56574848,-0.44335384,0.99628311,-0.17035659,0.00884180,0.17946812,0,0,0,0,0
325,67500,-0.50167156,-0.49936351,1.00634104,-0.17061927,0.00242316,0.16709672,0,0,0,0,0
326,67708,-0.43914826,-0.55671614,1.00394743,-0.16201314,-0.02340621,0.16714205,0,0,0,0,0
327,67916,-0.38426107,-0.61107589,0.99140046,-0.15859508,-0.05188227,0.17102599,0,0,0,0,0
328,68125,-0.32581156,-0.65942590,0.98211019,-0.14075808,-0.05599759,0.19339290,0,0,0,0,0
329,68333,-0.25406802,-0.70505517,0.96635588,-0.15140175,-0.05173208,0.19930433,0,0,0,0,0
330,68541,-0.18606084,-0.74489669,0.94322577,-0.12733630,-0.07234402,0.20083033,0,0,0,0,0
331,68750,-0.13145742,-0.80085473,0.91922629,-0.13074230,-0.07484679,0.20424570,0,0,0,0,0
332,68958,-0.05817215,-0.84264460,0.89372332,-0.10740985,-0.09070627,0.19541325,0,0,0,0,0
333,69166,0.00663243,-0.87577317,0.85858579,-0.07842037,-0.10439917,0.18223342,0,0,0,0,0
334,69375,0.06362822,-0.90802017,0.82656509,-0.08470283,-0.11535733,0.19740070,0,0,0,0,0
335,69583,0.13003150,-0.93204252,0.78935499,-0.06872262,-0.11042863,0.21829457,0,0,0,0,0
336,69791,0.20721518,-0.95580020,0.74908733,-0.05957400,-0.12858780,0.20285520,0,0,0,0,0
337,70000,0.25624930,-0.97027400,0.70533416,-0.07936024,-0.12564794,0.20189042,0,0,0,0,0
338,70208,0.32127583,-0.97872975,0.65407563,-0.04432400,-0.15005293,0.20304055,0,0,0,0,0
339,70416,0.39524607,-0.99038276,0.60046864,-0.02491161,-0.17932827,0.18079580,0,0,0,0,0
340,70625,0.44204508,-1.00276871,0.55322261,-0.03625902,-0.17909921,0.18547103,0,0,0,0,0
341,70833,0.50927178,-1.00407884,0.49956224,-0.00393168,-0.17517360,0.18126009,0,0,0,0,0
342,71041,0.55292936,-0.98868746,0.43563217,0.01248711,-0.18074612,0.15865246,0,0,0,0,0
343,71250,0.61194689,-0.98874183,0.37375906,0.01526981,-0.19499020,0.16251559,0,0,0,0,0
344,71458,0.66735114,-0.97952197,0.31543253,0.03197941,-0.20211879,0.16194781,0,0,0,0,0
345,71666,0.70746645,-0.96423116,0.25436527,0.06879755,-0.20427976,0.13450063,0,0,0,0,0
346,71875,0.75517095,-0.94662917,0.19747554,0.03291968,-0.20263258,0.11037384,0,0,0,0,0
347,72083,0.80002763,-0.91152399,0.13082792,0.08422810,-0.20356507,0.11815213,0,0,0,0,0
348,72291,0.82998561,-0.89498795,0.06235877,0.10536312,-0.21480559,0.09855736,0,0,0,0,0
349,72500,0.88025558,-0.86206801,0.00658632,0.10506108,-0.20097243,0.09558331,0,0,0,0,0
350,72708,0.90500280,-0.83624830,-0.06840303,0.13038566,-0.19955271,0.07399122,0,0,0,0,0
351,72916,0.92484970,-0.79292992,-0.12620260,0.12232846,-0.20044944,0.07164761,0,0,0,0,0
352,73125,0.94823110,-0.75094485,-0.19165171,0.12716428,-0.20271842,0.07188169,0,0,0,0,0
353,73333,0.97759109,-0.70105556,-0.25565505,0.14501758,-0.18470163,0.04779286,0,0,0,0,0
354,73541,0.98067832,-0.65967659,-0.32234303,0.14945529,-0.17307284,0.01987279,0,0,0,0,0
355,73750,0.99025960,-0.60507030,-0.38453016,0.15495874,-0.18509699,0.02820313,0,0,0,0,0
356,73958,1.00424127,-0.55525052,-0.44461908,0.16552312,-0.18073255,0.01249626,0,0,0,0,0
357,74166,0.99311033,-0.50224008,-0.49803844,0.16531542,-0.16323113,0.00206391,0,0,0,0,0
358,74375,0.99704299,-0.44480582,-0.56174729,0.17004732,-0.17269047,-0.00287366,0,0,0,0,0
359,74583,0.99091764,-0.38042129,-0.61225386,0.17171751,-0.16649490,-0.03049369,0,0,0,0,0
360,74791,0.97581923,-0.31784640,-0.65313662,0.19097475,-0.15257265,-0.04077205,0,0,0,0,0
361,75000,0.95618500,-0.25675835,-0.70605730,0.18008736,-0.13488696,-0.06075064,0,0,0,0,0
362,75208,0.94494167,-0.19627561,-0.74906543,0.18033985,-0.13814664,-0.06091261,0,0,0,0,0
363,75416,0.92462060,-0.12829031,-0.80136598,0.18411893,-0.12027916,-0.07331050,0,0,0,0,0
364,75625,0.89047867,-0.06414959,-0.83542822,0.19839116,-0.13027233,-0.08939732,0,0,0,0,0
365,75833,0.85690668,-0.00239966,-0.86603054,0.20383546,-0.09342123,-0.09078203,0,0,0,0,0
366,76041,0.83439621,0.06857537,-0.89862296,0.20471286,-0.07394542,-0.11967121,0,0,0,0,0
367,76250,0.79259682,0.14229013,-0.93142164,0.19857804,-0.08563087,-0.11865448,0,0,0,0,0
368,76458,0.74667827,0.19702005,-0.94443524,0.20011766,-0.05980117,-0.12406997,0,0,0,0,0
369,76666,0.70848028,0.25416472,-0.96175682,0.19157910,-0.05369024,-0.14515954,0,0,0,0,0
370,76875,0.65750354,0.33140979,-0.98337441,0.19305941,-0.03770979,-0.16258841,0,0,0,0,0
371,77083,0.61486854,0.39156893,-0.98859934,0.18830694,-0.02831459,-0.17432535,0,0,0,0,0
372,77291,0.55626648,0.45201145,-0.98883162,0.17108768,-0.01600293,-0.16368716,0,0,0,0,0
373,77500,0.49061277,0.50229112,-0.99347044,0.16127251,-0.00851395,-0.15546666,0,0,0,0,0
374,77708,0.43669020,0.55407633,-1.00010561,0.17847168,0.00153087,-0.18492629,0,0,0,0,0
375,77916,0.37738571,0.60662432,-0.99789252,0.15851910,0.03594230,-0.17996530,0,0,0,0,0
376,78125,0.32072720,0.66727501,-0.98036516,0.15960177,0.02050473,-0.21359657,0,0,0,0,0
377,78333,0.25495133,0.71725801,-0.95461863,0.12948904,0.04933462,-0.18969322,0,0,0,0,0
378,78541,0.18695662,0.74927711,-0.94025432,0.12747336,0.06100400,-0.20762267,0,0,0,0,0
379,78750,0.13079613,0.78274160,-0.92340815,0.10844557,0.07320164,-0.20322735,0,0,0,0,0
380,78958,0.06754778,0.83336042,-0.88796125,0.11897173,0.09223014,-0.20030831,0,0,0,0,0
381,79166,-0.00352207,0.86351741,-0.85843427,0.09621677,0.09362809,-0.21874277,0,0,0,0,0
382,79375,-0.06746502,0.89541747,-0.83856422,0.08615856,0.11539890,-0.17091716,0,0,0,0,0
383,79583,-0.13850772,0.92485302,-0.78502415,0.10001989,0.13995944,-0.20780906,0,0,0,0,0
384,79791,-0.20081235,0.95121650,-0.74768443,0.07526157,0.12941848,-0.19413715,0,0,0,0,0
385,80000,-0.26424258,0.96428735,-0.70744865,0.06264348,0.12097765,-0.18271837,0,0,0,0,0
386,80208,-0.32152799,0.98368574,-0.65460106,0.03098595,0.14966007,-0.19106119,0,0,0,0,0
387,80416,-0.38413719,0.99288442,-0.60224272,0.01081488,0.15782124,-0.20147386,0,0,0,0,0
388,80625,-0.44653789,0.98813081,-0.55506541,0.02507650,0.17268136,-0.18220921,0,0,0,0,0
389,80833,-0.50435374,1.00412442,-0.49620689,-0.02131080,0.15638419,-0.19451446,0,0,0,0,0
390,81041,-0.56787854,0.99648632,-0.43971543,-0.01829532,0.18641088,-0.17128754,0,0,0,0,0
391,81250,-0.60322618,0.98539644,-0.37469588,-0.03570212,0.18491604,-0.14210806,0,0,0,0,0
392,81458,-0.67234876,0.97675552,-0.31917080,-0.05092771,0.20218876,-0.16310616,0,0,0,0,0
393,81666,-0.70769438,0.96585350,-0.26377274,-0.05983347,0.19301546,-0.14674936,0,0,0,0,0
394,81875,-0.75448372,0.94541410,-0.19398770,-0.07928519,0.20986785,-0.10906141,0,0,0,0,0
395,82083,-0.79763386,0.92476185,-0.13209074,-0.09367351,0.18796765,-0.11816855,0,0,0,0,0
396,82291,-0.83453654,0.89622164,-0.06884528,-0.09117658,0.20400465,-0.11405984,0,0,0,0,0
397,82500,-0.87236872,0.85695647,0.00881897,-0.09466924,0.19371666,-0.08988039,0,0,0,0,0
398,82708,-0.89655010,0.81323267,0.07224694,-0.13366203,0.19704186,-0.08710070,0,0,0,0,0
399,82916,-0.93320395,0.79035262,0.12843679,-0.12464670,0.22655082,-0.09819760,0,0,0,0,0
400,83125,-0.94776614,0.75134602,0.19141113,-0.13080081,0.18631281,-0.07321401,0,0,0,0,0
401,83333,-0.97142130,0.70247481,0.26089503,-0.14064680,0.18769140,-0.02750095,0,0,0,0,0
402,83541,-0.98458703,0.65910351,0.31733148,-0.15548307,0.17487163,-0.03308283,0,0,0,0,0
403,83750,-0.99461993,0.60030365,0.38390345,-0.16664768,0.17754465,-0.00980898,0,0,0,0,0
404,83958,-0.99933722,0.55048865,0.44499742,-0.15974191,0.17294799,-0.02258916,0,0,0,0,0
405,84166,-0.99760235,0.49213399,0.50381165,-0.16988237,0.16054459,-0.00048200,0,0,0,0,0
406,84375,-0.99761363,0.44258584,0.55950138,-0.19736919,0.17674828,0.01091666,0,0,0,0,0
407,84583,-0.98583194,0.37500230,0.60703540,-0.18514800,0.16528095,0.01977008,0,0,0,0,0
408,84791,-0.97411331,0.32866096,0.66182424,-0.18625454,0.13661614,0.03999398,0,0,0,0,0
409,85000,-0.96246915,0.25327976,0.71557699,-0.20101440,0.14614887,0.03930872,0,0,0,0,0
410,85208,-0.94118322,0.19610220,0.74335047,-0.19519477,0.12454132,0.07494105,0,0,0,0,0
411,85416,-0.91105505,0.12515580,0.79688869,-0.18994066,0.10779852,0.07965444,0,0,0,0,0
412,85625,-0.90094059,0.06922414,0.82737639,-0.20460815,0.10300044,0.08505901,0,0,0,0,0
413,85833,-0.85742503,0.00368787,0.87471917,-0.19481179,0.08702950,0.09958564,0,0,0,0,0
414,86041,-0.82039157,-0.06977878,0.90250063,-0.20709785,0.09776186,0.10628074,0,0,0,0,0
415,86250,-0.78778783,-0.13186500,0.92922062,-0.20880183,0.06776823,0.10268865,0,0,0,0,0
416,86458,-0.73896706,-0.19139817,0.94396710,-0.18860637,0.07712353,0.12017431,0,0,0,0,0
417,86666,-0.69500723,-0.25994847,0.96846310,-0.18038701,0.05301840,0.13793825,0,0,0,0,0
418,86875,-0.65798001,-0.32867069,0.98382355,-0.20034071,0.03473572,0.14532502,0,0,0,0,0
419,87083,-0.60722468,-0.38493299,0.98072201,-0.17437451,0.02083469,0.16384761,0,0,0,0,0
420,87291,-0.55029260,-0.44858992,0.99970963,-0.17851430,0.03049431,0.17084395,0,0,0,0,0
421,87500,-0.50068267,-0.50174723,1.00416341,-0.19416348,0.00028566,0.16680848,0,0,0,0,0
422,87708,-0.42642779,-0.56193146,0.99183238,-0.17929960,-0.01750296,0.16925923,0,0,0,0,0
423,87916,-0.37649606,-0.60922542,0.99538482,-0.15118291,-0.01641400,0.19202677,0,0,0,0,0
424,88125,-0.31894671,-0.67051285,0.98201420,-0.16532337,-0.03143983,0.19123616,0,0,0,0,0
425,88333,-0.26351978,-0.71483852,0.97325983,-0.14667451,-0.05940239,0.18721005,0,0,0,0,0
426,88541,-0.19133347,-0.75784510,0.94487908,-0.13234247,-0.06159273,0.18531892,0,0,0,0,0
427,88750,-0.13377868,-0.79614320,0.92426589,-0.11773165,-0.09175781,0.19253578,0,0,0,0,0
428,88958,-0.05874761,-0.84100976,0.89747883,-0.11066164,-0.08591598,0.20501650,0,0,0,0,0
429,89166,-0.00950259,-0.87245599,0.85024007,-0.08667606,-0.09419343,0.21900298,0,0,0,0,0
430,89375,0.07543093,-0.89506319,0.82729416,-0.09985938,-0.10439023,0.20025447,0,0,0,0,0
431,89583,0.13154921,-0.92155829,0.79076381,-0.07947582,-0.13009537,0.19342598,0,0,0,0,0
432,89791,0.18974106,-0.96183526,0.73649573,-0.06407256,-0.13832610,0.22177928,0,0,0,0,0
433,90000,0.26175246,-0.97112589,0.70648681,-0.04897828,-0.13882349,0.19392613,0,0,0,0,0
434,90208,0.32440504,-0.97663118,0.65548667,-0.03249436,-0.13858071,0.18605203,0,0,0,0,0
435,90416,0.38509573,-0.99158500,0.60471521,-0.03373103,-0.15930812,0.18512358,0,0,0,0,0
436,90625,0.45178806,-0.99762081,0.55470077,-0.00885532,-0.17424227,0.17866511,0,0,0,0,0
437,90833,0.50441122,-0.99857881,0.49355322,-0.01035153,-0.16662264,0.18884356,0,0,0,0,0
438,91041,0.56201989,-1.00353599,0.43827805,0.01250258,-0.18187500,0.15124032,0,0,0,0,0
439,91250,0.61001192,-0.99064560,0.38299759,0.03259819,-0.18734295,0.16482212,0,0,0,0,0
440,91458,0.66405653,-0.97802684,0.31794123,0.05143021,-0.18618426,0.14888458,0,0,0,0,0
441,91666,0.70326134,-0.96430327,0.24605419,0.06112625,-0.19916305,0.13294071,0,0,0,0,0
442,91875,0.75596279,-0.94715110,0.19200800,0.06963346,-0.21052226,0.12423829,0,0,0,0,0
443,92083,0.79251440,-0.92178012,0.12767869,0.08071857,-0.20462079,0.11391938,0,0,0,0,0
444,92291,0.84109376,-0.89973944,0.06687804,0.09921534,-0.19270545,0.10600363,0,0,0,0,0
445,92500,0.86943133,-0.85974371,-0.00463331,0.12722458,-0.18450824,0.08925919,0,0,0,0,0
446,92708,0.90312852,-0.83518089,-0.07311894,0.12484530,-0.21411036,0.08175763,0,0,0,0,0
447,92916,0.92794773,-0.79382939,-0.13814494,0.13041773,-0.18297745,0.06326445,0,0,0,0,0
448,93125,0.95843672,-0.74478234,-0.19054496,0.12252525,-0.19947755,0.08142867,0,0,0,0,0
449,93333,0.96023067,-0.70203575,-0.25996198,0.13666715,-0.19121278,0.05816355,0,0,0,0,0
450,93541,0.98188341,-0.65822124,-0.31699116,0.15003006,-0.16931035,0.04124992,0,0,0,0,0
451,93750,0.98781996,-0.61387418,-0.37743269,0.16977718,-0.18471164,0.02000768,0,0,0,0,0
452,93958,0.98826227,-0.55244941,-0.44836256,0.15796014,-0.17719156,0.02051183,0,0,0,0,0
453,94166,0.99498797,-0.49988776,-0.50638904,0.17965985,-0.17431819,0.00292451,0,0,0,0,0
454,94375,1.00329483,-0.43669726,-0.55843915,0.17962317,-0.16060589,-0.01141511,0,0,0,0,0
455,94583,0.99034596,-0.38213743,-0.60786707,0.18648669,-0.15061164,-0.03057323,0,0,0,0,0
456,94791,0.97823894,-0.32711505,-0.66847928,0.18464988,-0.15295498,-0.03514583,0,0,0,0,0
457,95000,0.96788050,-0.26270838,-0.70689975,0.18411087,-0.12347819,-0.03362078,0,0,0,0,0
458,95208,0.94517333,-0.19424627,-0.75181475,0.18302272,-0.13681549,-0.06203947,0,0,0,0,0
459,95416,0.92424637,-0.12705769,-0.80088725,0.20097199,-0.11510766,-0.07761871,0,0,0,0,0
460,95625,0.89548817,-0.06835547,-0.83871968,0.19556759,-0.10991353,-0.08580770,0,0,0,0,0
461,95833,0.86551922,-0.00098275,-0.86547722,0.18636927,-0.08715193,-0.09781499,0,0,0,0,0
462,96041,0.82586736,0.07212231,-0.88805052,0.19943533,-0.09638929,-0.11477558,0,0,0,0,0
463,96250,0.79519162,0.13878672,-0.92676919,0.23066801,-0.07080684,-0.12733609,0,0,0,0,0
464,96458,0.74242663,0.19915254,-0.94658527,0.19274754,-0.04003140,-0.12214846,0,0,0,0,0
465,96666,0.70344611,0.26004494,-0.97016899,0.20866803,-0.06602582,-0.12768555,0,0,0,0,0
466,96875,0.66177945,0.32095999,-0.98076521,0.16265063,-0.04777734,-0.12619475,0,0,0,0,0
467,97083,0.60515214,0.38797944,-0.99570490,0.18120006,-0.00501594,-0.15278914,0,0,0,0,0
468,97291,0.55079136,0.44326697,-1.00027176,0.18793195,-0.01430954,-0.16407322,0,0,0,0,0
469,97500,0.50900430,0.50710285,-0.98885151,0.17218455,0.00095333,-0.16338908,0,0,0,0,0
470,97708,0.44707685,0.56285752,-0.99836729,0.15852381,0.00913694,-0.18790920,0,0,0,0,0
471,97916,0.38114841,0.61313984,-1.00019577,0.15700129,0.04149026,-0.17805273,0,0,0,0,0
472,98125,0.31432701,0.65908079,-0.97830172,0.15893497,0.02115933,-0.17895555,0,0,0,0,0
473,98333,0.24629335,0.70712669,-0.96070684,0.16192336,0.06189180,-0.18318373,0,0,0,0,0
474,98541,0.19613637,0.74566046,-0.94356707,0.14218397,0.04687012,-0.18006583,0,0,0,0,0
475,98750,0.13417978,0.79507886,-0.92426152,0.11716459,0.05800140,-0.20527823,0,0,0,0,0
476,98958,0.06452605,0.83303089,-0.90035928,0.11017972,0.07471174,-0.20602042,0,0,0,0,0
477,99166,-0.01156190,0.86115108,-0.86874171,0.10010727,0.09605711,-0.20428648,0,0,0,0,0
478,99375,-0.06771071,0.91077457,-0.83001573,0.08302886,0.10172570,-0.21352915,0,0,0,0,0
479,99583,-0.13610419,0.92882535,-0.79216641,0.07891121,0.11236443,-0.19637190,0,0,0,0,0
480,99791,-0.19739138,0.94496490,-0.75106933,0.06586071,0.12166473,-0.19345572,0,0,0,0,0
481,100000,-0.25211728,0.97846313,-0.69703915,0.04409706,0.13219452,-0.19202949,0,0,0,0,0
482,100208,-0.31926407,0.98018872,-0.65022732,0.05139774,0.14175572,-0.19249747,0,0,0,0,0
483,100416,-0.37728384,0.99631276,-0.59715544,0.03369804,0.16255396,-0.17911041,0,0,0,0,0
484,100625,-0.43157007,0.99705194,-0.55335869,0.00919862,0.16217855,-0.17734874,0,0,0,0,0
485,100833,-0.47350519,0.99372427,-0.49755544,0.00252092,0.14927105,-0.18176064,0,0,0,0,0
486,101041,-0.51552774,0.98880117,-0.43405360,-0.02491539,0.18179666,-0.19656940,0,0,0,0,0
487,101250,-0.53686783,0.98728034,-0.37216084,-0.04084872,0.19455252,-0.16047490,0,0,0,0,0
488,101458,-0.55930068,0.96942408,-0.31233497,-0.05523239,0.18757115,-0.14577037,0,0,0,0,0
489,101666,-0.57195431,0.94492988,-0.24843341,-0.09476800,0.17924723,-0.13378142,0,0,0,0,0
490,101875,-0.56424859,0.91159224,-0.17909011,-0.15702805,0.19882149,-0.12349012,0,0,0,0,0
491,102083,-0.57138065,0.89574072,-0.12467511,-0.22089488,0.17508211,-0.11412741,0,0,0,0,0
492,102291,-0.54698988,0.85671261,-0.05617014,-0.32087562,0.18095590,-0.10416849,0,0,0,0,0
493,102500,-0.51836568,0.83099487,0.00539028,-0.45364945,0.17735748,-0.09308376,0,0,0,0,0
494,102708,-0.48678586,0.78699073,0.06562033,-0.59828275,0.18007203,-0.06576298,0,0,0,0,0
495,102916,-0.45769072,0.74693496,0.13036608,-0.77466520,0.16541208,-0.04704600,0,0,0,0,0
496,103125,-0.42767490,0.70362038,0.18298079,-0.98555717,0.15144983,-0.05883734,0,0,0,0,0
497,103333,-0.38746765,0.66638038,0.24087840,-1.23787798,0.14733351,-0.03601377,0,0,0,0,0
498,103541,-0.34878341,0.60476809,0.30526694,-1.46746456,0.11537828,-0.01735084,0,0,0,0,0
499,103750,-0.30701412,0.56766739,0.35062658,-1.72401674,0.13203930,-0.01778332,0,0,0,0,0
500,103958,-0.27763464,0.51431731,0.41530634,-1.99498421,0.07552358,-0.00022987,0,0,0,0,0
501,104166,-0.24897888,0.45929676,0.45915701,-2.22115070,0.11125441,0.01109453,0,0,0,0,0
502,104375,-0.22952991,0.40306814,0.52246470,-2.41922740,0.08036775,0.01125774,0,0,0,0,0
503,104583,-0.21695444,0.35213969,0.56091532,-2.58477432,0.08544579,0.00884017,0,0,0,0,0
504,104791,-0.20624911,0.29080161,0.61604624,-2.74384638,0.09004649,0.03315402,0,0,0,0,1
505,105000,-0.19430893,0.23308119,0.65138621,-2.79398066,0.07607422,0.02354247,0,0,0,0,1
506,105208,-0.18542208,0.17706116,0.69226141,-2.86502798,0.06939736,0.02979817,0,0,0,0,1
507,105416,-0.18674537,0.12599218,0.73596898,-2.86251167,0.06926363,0.04373772,0,0,0,0,1
508,105625,-0.17591392,0.04996879,0.76807138,-2.89681855,0.04046864,0.04152519,0,0,0,0,1
509,105833,-0.17653457,-0.00008138,0.79795022,-2.90712975,0.03639959,0.04806222,0,0,0,0,1
510,106041,-0.16882526,-0.06342236,0.82452182,-2.88956962,0.04663082,0.05210797,0,0,0,0,1
511,106250,-0.15095119,-0.12368240,0.84929857,-2.88348366,0.03597130,0.05934457,0,0,0,0,1
512,106458,-0.14586310,-0.18958138,0.88416298,-2.83713688,0.02868692,0.06816484,0,0,0,0,1
513,106666,-0.14230765,-0.24933143,0.88139597,-2.79980203,0.03792842,0.05122878,0,0,0,0,1
514,106875,-0.13541172,-0.29644204,0.89737919,-2.78094491,0.03068324,0.07443321,0,0,0,0,1
515,107083,-0.11643992,-0.36080736,0.91905618,-2.68348895,0.00350100,0.06189660,0,0,0,0,1
516,107291,-0.10620683,-0.40417905,0.92456824,-2.59455155,0.01061806,0.07927336,0,0,0,0,0
517,107500,-0.09631643,-0.46738133,0.91639680,-2.49576006,-0.01599037,0.09015671,0,0,0,0,0
518,107708,-0.08888592,-0.51059969,0.91022832,-2.40233914,-0.02277043,0.08656559,0,0,0,0,0
519,107916,-0.08156100,-0.56508256,0.91934655,-2.28407701,-0.02232520,0.09954977,0,0,0,0,0
520,108125,-0.06391006,-0.61176338,0.89776069,-2.18262394,-0.02037911,0.09828026,0,0,0,0,0
521,108333,-0.04425576,-0.65705960,0.88658967,-2.03620202,-0.03274766,0.07512111,0,0,0,0,0
522,108541,-0.04306381,-0.69138458,0.87166962,-1.89707802,-0.02796034,0.11012511,0,0,0,0,0
523,108750,-0.02533282,-0.72813690,0.84414441,-1.77372013,-0.03874217,0.10168610,0,0,0,0,0
524,108958,-0.00433048,-0.76835107,0.82873285,-1.59177795,-0.03339907,0.09411574,0,0,0,0,0
525,109166,-0.00091949,-0.79563958,0.79524026,-1.43799879,-0.04484396,0.09530141,0,0,0,0,0
526,109375,0.01306505,-0.82697445,0.75833151,-1.27641492,-0.06623064,0.07891602,0,0,0,0,0
527,109583,0.01998197,-0.85863172,0.72313612,-1.10346095,-0.05214495,0.10127654,0,0,0,0,0
528,109791,0.04275594,-0.87134110,0.69490087,-0.93301574,-0.07481473,0.10452225,0,0,0,0,0
529,110000,0.04866389,-0.89223948,0.64547271,-0.73453812,-0.06684103,0.08970205,0,0,0,0,0
530,110208,0.05709117,-0.91743641,0.60572509,-0.55286394,-0.08033531,0.08553128,0,0,0,0,0
531,110416,0.07231567,-0.91598784,0.55591903,-0.36271300,-0.06630539,0.09365982,0,0,0,0,0
532,110625,0.09002012,-0.92815245,0.49823450,-0.17883206,-0.07602748,0.10147984,0,0,0,0,0
533,110833,0.09260084,-0.92744528,0.45969303,0.01212541,-0.09370180,0.09733662,0,0,0,0,0
534,111041,0.10467881,-0.92008679,0.40838579,0.19675492,-0.09370042,0.09124284,0,0,0,0,0
535,111250,0.12504753,-0.91275459,0.35759054,0.39927304,-0.05982711,0.09932485,0,0,0,0,0
536,111458,0.13202239,-0.90612994,0.28274786,0.58169631,-0.10741355,0.08419808,0,0,0,0,0
537,111666,0.13739081,-0.88501508,0.21905899,0.76202371,-0.10388097,0.08203143,0,0,0,0,0
538,111875,0.14932812,-0.87014091,0.17960560,0.94035640,-0.10485582,0.06654400,0,0,0,0,0
539,112083,0.16795194,-0.84993640,0.11417368,1.10139695,-0.11077853,0.05713350,0,0,0,0,0
540,112291,0.17330777,-0.82229860,0.05023512,1.27181243,-0.11034653,0.06661480,0,0,0,0,0
541,112500,0.17327359,-0.78776404,-0.00214611,1.45502700,-0.10108605,0.03988863,0,0,0,0,0
542,112708,0.18404375,-0.77251546,-0.06501730,1.63220174,-0.09499726,0.04815512,0,0,0,0,0
543,112916,0.18593224,-0.72007063,-0.12899071,1.76633600,-0.11503003,0.03186815,0,0,0,0,0
544,113125,0.18101007,-0.69141918,-0.18235136,1.91300514,-0.10302461,0.03520754,0,0,0,0,0
545,113333,0.18384072,-0.65110267,-0.23766309,2.04799265,-0.10454202,0.02822544,0,0,0,0,0
546,113541,0.19194381,-0.60534733,-0.29715829,2.17405642,-0.10628570,0.02079821,0,0,0,0,0
547,113750,0.19064531,-0.56132043,-0.35339229,2.29769963,-0.08229667,0.01253117,0,0,0,0,0
548,113958,0.20105992,-0.51324312,-0.40685613,2.41962688,-0.09718334,0.01151919,0,0,0,0,0
549,114166,0.19727293,-0.45276380,-0.47056300,2.51157390,-0.10012737,0.00658086,0,0,0,0,0
550,114375,0.20161357,-0.40317298,-0.51343313,2.59999591,-0.07415210,-0.02087570,0,0,0,0,1
551,114583,0.20030285,-0.35877842,-0.56086416,2.67682449,-0.06661111,-0.01385040,0,0,0,0,1
552,114791,0.19931770,-0.28952223,-0.61044343,2.75168689,-0.07257807,-0.02403024,0,0,0,0,1
553,115000,0.18814949,-0.23268433,-0.65658746,2.80767666,-0.07987327,-0.02427579,0,0,0,0,1
554,115208,0.19149759,-0.18416533,-0.69726001,2.82753420,-0.06844981,-0.03663372,0,0,0,0,1
555,115416,0.17945863,-0.11649211,-0.73310634,2.86888430,-0.06715072,-0.02583789,0,0,0,0,1
556,115625,0.18233149,-0.05443085,-0.76203463,2.89353800,-0.05576195,-0.04522260,0,0,0,0,1
557,115833,0.17867441,-0.00543658,-0.79064762,2.90437163,-0.04253995,-0.04043488,0,0,0,0,1
558,116041,0.16923893,0.06413358,-0.81992508,2.89439193,-0.04416952,-0.06536703,0,0,0,0,1
559,116250,0.15710585,0.11920393,-0.85907500,2.88208725,-0.03798266,-0.06395852,0,0,0,0,1
560,116458,0.15253130,0.18465748,-0.87707187,2.82817760,-0.03694586,-0.07234221,0,0,0,0,1
561,116666,0.13310885,0.23588427,-0.88648513,2.80271417,-0.01889777,-0.06701892,0,0,0,0,1
562,116875,0.12246544,0.30335292,-0.89688822,2.76335768,-0.01548557,-0.08726222,0,0,0,0,1
563,117083,0.12351847,0.35324298,-0.91800581,2.67585903,-0.03109025,-0.09663451,0,0,0,0,1
564,117291,0.11712780,0.40618644,-0.91814255,2.59734726,-0.02400871,-0.08959536,0,0,0,0,1
565,117500,0.09335518,0.45868943,-0.92666860,2.51161737,-0.00296930,-0.08116455,0,0,0,0,0
566,117708,0.08807270,0.51772467,-0.91760799,2.40020075,0.01659341,-0.09793774,0,0,0,0,0
567,117916,0.07828237,0.55858648,-0.91620216,2.28511357,0.02506321,-0.08986448,0,0,0,0,0
568,118125,0.06076312,0.61394561,-0.90208006,2.17426452,0.02747889,-0.10127722,0,0,0,0,0
569,118333,0.04959684,0.65355742,-0.89510423,2.02693840,0.02471040,-0.11421022,0,0,0,0,0
570,118541,0.04158483,0.68664060,-0.87935840,1.90848183,0.04712151,-0.08962619,0,0,0,0,0
571,118750,0.02611102,0.73184466,-0.83401603,1.76305564,0.03136389,-0.09269555,0,0,0,0,0
572,118958,0.01307223,0.76700770,-0.82376398,1.58673479,0.04112973,-0.10020628,0,0,0,0,0
573,119166,-0.00551317,0.79150483,-0.78446204,1.44290256,0.03609101,-0.09957048,0,0,0,0,0
574,119375,-0.01385821,0.82707890,-0.75519643,1.27143542,0.05239197,-0.10183788,0,0,0,0,0
575,119583,-0.02872355,0.85467148,-0.73528377,1.11525285,0.05253398,-0.10942434,0,0,0,0,0
576,119791,-0.04136184,0.87887453,-0.68660705,0.93573398,0.08157390,-0.08495015,0,0,0,0,0
577,120000,-0.05507390,0.89615847,-0.65333886,0.74926239,0.08436573,-0.09750825,0,0,0,0,0
578,120208,-0.06500059,0.91631010,-0.60413373,0.56799124,0.07604522,-0.09096444,0,0,0,0,0
579,120416,-0.08142485,0.91403690,-0.56539344,0.36489002,0.08421565,-0.09724276,0,0,0,0,0
580,120625,-0.08891744,0.92245396,-0.51487837,0.18222139,0.07729728,-0.08510445,0,0,0,0,0
581,120833,-0.10232652,0.91825641,-0.46023276,-0.01259208,0.06140908,-0.07497684,0,0,0,0,0
582,121041,-0.11626836,0.92826318,-0.40574528,-0.20968550,0.08221563,-0.08128735,0,0,0,0,0
583,121250,-0.13199407,0.90792382,-0.34818425,-0.38767844,0.09999988,-0.07551787,0,0,0,0,0
584,121458,-0.12764698,0.91115085,-0.29743169,-0.57646507,0.09918560,-0.06617460,0,0,0,0,0
585,121666,-0.13822921,0.89620627,-0.23410471,-0.76231842,0.09276114,-0.06339131,0,0,0,0,0
586,121875,-0.15495873,0.86564384,-0.17073136,-0.94229450,0.10554069,-0.05523175,0,0,0,0,0
587,122083,-0.15585275,0.85299814,-0.11580084,-1.11846847,0.09448093,-0.05739167,0,0,0,0,0
588,122291,-0.17202305,0.82479927,-0.05772177,-1.28277995,0.08839188,-0.05206479,0,0,0,0,0
589,122500,-0.17534641,0.79172941,0.00439191,-1.46455477,0.10739532,-0.04730537,0,0,0,0,0
590,122708,-0.18261423,0.76108483,0.05559588,-1.63231116,0.09364437,-0.03526971,0,0,0,0,0
591,122916,-0.18671518,0.72789563,0.12736980,-1.76660462,0.10936470,-0.04226488,0,0,0,0,0
592,123125,-0.18665014,0.69013916,0.17594923,-1.91109473,0.07803355,-0.02650951,0,0,0,0,0
593,123333,-0.19561587,0.65467903,0.24825492,-2.05413661,0.09080671,-0.00257205,0,0,0,0,0
594,123541,-0.19818868,0.60619258,0.30188670,-2.19834821,0.10055262,-0.01557889,0,0,0,0,0
595,123750,-0.19480794,0.55303757,0.35708764,-2.30815445,0.09719320,-0.02467992,0,0,0,0,0
596,123958,-0.19939355,0.51175934,0.41207375,-2.41399012,0.08732177,-0.00909542,0,0,0,0,0
597,124166,-0.20298156,0.44825964,0.46209663,-2.52717574,0.08930166,0.00655507,0,0,0,0,0
598,124375,-0.19828372,0.40203847,0.50924472,-2.61301258,0.08435518,0.00018076,0,0,0,0,1
599,124583,-0.19313606,0.34773838,0.55735507,-2.68455293,0.06423315,0.00361775,0,0,0,0,1
600,124791,-0.19058798,0.29618435,0.61731069,-2.73748749,0.07131842,0.00605674,0,0,0,0,1
601,125000,-0.19942574,0.24418057,0.65295682,-2.80152206,0.07273868,0.02413421,0,0,0,0,1
602,125208,-0.19529195,0.17783086,0.68795447,-2.85194956,0.07073536,0.04858958,0,0,0,0,1
603,125416,-0.17924052,0.11558657,0.73422295,-2.87850351,0.05994914,0.03327693,0,0,0,0,1
604,125624,-0.18021239,0.05404175,0.76832097,-2.90109464,0.04974843,0.05329828,0,0,0,0,1
605,125833,-0.18356117,0.00159031,0.79663703,-2.90410261,0.03635408,0.04750986,0,0,0,0,1
606,126041,-0.16927267,-0.06368133,0.82205222,-2.88589230,0.05144505,0.05197261,0,0,0,0,1
607,126250,-0.16018645,-0.12509543,0.85494909,-2.89305867,0.04437586,0.06632072,0,0,0,0,1
608,126458,-0.15126030,-0.17719009,0.87710553,-2.82914665,0.04168736,0.05085818,0,0,0,0,1
609,126666,-0.13695056,-0.23470613,0.89138443,-2.77667052,0.01476271,0.08764941,0,0,0,0,1
610,126874,-0.13590481,-0.30293849,0.90374956,-2.74121909,0.02038855,0.08078560,0,0,0,0,1
611,127083,-0.11650683,-0.36194357,0.90925980,-2.68369258,0.00578569,0.09006034,0,0,0,0,1
612,127291,-0.10916346,-0.40974982,0.92145811,-2.58483018,0.00665835,0.08076055,0,0,0,0,0
613,127500,-0.10594512,-0.46800322,0.91783584,-2.50364531,0.02871947,0.09173947,0,0,0,0,0
614,127708,-0.08959415,-0.51973985,0.91262807,-2.41091375,0.00214977,0.09916833,0,0,0,0,0
615,127916,-0.07361471,-0.56740558,0.91861290,-2.30430101,-0.02095310,0.09161316,0,0,0,0,0
616,128124,-0.06363807,-0.60341073,0.89784517,-2.17774268,-0.02237569,0.08607200,0,0,0,0,0
617,128333,-0.04939889,-0.64923840,0.87956053,-2.04155267,-0.02983789,0.08725060,0,0,0,0,0
618,128541,-0.04145569,-0.68128127,0.87773409,-1.89556710,-0.03123340,0.09391749,0,0,0,0,0
619,128750,-0.02279625,-0.73492457,0.84078525,-1.75456843,-0.05382832,0.10145904,0,0,0,0,0
620,128958,-0.01450175,-0.76012423,0.82216199,-1.59823194,-0.04130294,0.09817972,0,0,0,0,0
621,129166,0.01333251,-0.79612783,0.78965752,-1.44460993,-0.07147647,0.09510526,0,0,0,0,0
622,129374,0.00710520,-0.82981943,0.75912268,-1.26505088,-0.07257239,0.10654283,0,0,0,0,0
623,129583,0.04022374,-0.85269396,0.73822609,-1.10254128,-0.04113445,0.09448794,0,0,0,0,0
624,129791,0.03488419,-0.87603945,0.68790816,-0.90425565,-0.06980280,0.09203419,0,0,0,0,0
625,130000,0.05872301,-0.88944317,0.64866600,-0.74737396,-0.05669327,0.10589594,1,0,1,0,0
626,130208,0.06900139,-0.89943142,0.60660518,-0.55193448,-0.08351406,0.10008645,1,0,1,0,0
627,130416,0.07253564,-0.91587683,0.55273483,-0.34664836,-0.10056126,0.08000427,1,0,1,0,0
628,130624,0.09197524,-0.91544303,0.51238294,-0.16920239,-0.09384613,0.07622478,1,0,1,0,0
629,130833,0.09802232,-0.91493143,0.45783886,0.01752170,-0.05989560,0.07535109,1,0,1,0,0
630,131041,0.11298214,-0.91137245,0.40678557,0.20268224,-0.10394709,0.08264733,1,0,1,0,0
631,131250,0.12299045,-0.91824322,0.34475456,0.38903344,-0.07475538,0.09090798,1,0,1,0,0
632,131458,0.13063776,-0.90220043,0.29447070,0.57389397,-0.09135189,0.08942842,1,0,1,0,0
633,131666,0.13979861,-0.88410442,0.23480656,0.75467715,-0.09548350,0.07796969,1,0,1,0,0
634,131875,0.15263882,-0.87500198,0.18205895,0.92634482,-0.10563163,0.08480202,1,0,1,0,0
635,132083,0.15474198,-0.85436439,0.11446861,1.12548264,-0.10820133,0.06261661,1,0,1,0,0
636,132291,0.16256864,-0.82264768,0.06754623,1.27627849,-0.09416705,0.06635832,1,0,1,0,0
637,132500,0.17858564,-0.79585415,-0.00099015,1.46522387,-0.08680664,0.04398700,1,0,1,0,0
638,132708,0.18210477,-0.76262560,-0.06339688,1.61642234,-0.09779968,0.02835620,1,0,1,0,0
639,132916,0.17879389,-0.72892498,-0.12382072,1.76382990,-0.09170289,0.03486086,1,0,1,0,0
640,133125,0.18486464,-0.67753651,-0.18197161,1.93371738,-0.10226611,0.03056360,1,0,1,0,0
641,133333,0.18292394,-0.64951631,-0.24363890,2.04322518,-0.07477130,0.05139509,1,0,1,0,0
642,133541,0.20103893,-0.60040830,-0.29469936,2.18029893,-0.09219499,0.01916410,1,0,1,0,0
643,133750,0.20196696,-0.55429393,-0.35436440,2.30111303,-0.07192254,0.00253026,1,0,1,0,0
644,133958,0.19425830,-0.51648532,-0.39935520,2.41833632,-0.09918522,0.01584034,1,0,1,0,0
645,134166,0.20327088,-0.44966733,-0.46427270,2.51036551,-0.08687855,-0.00794302,1,0,1,0,0
646,134375,0.20941444,-0.40084241,-0.51377988,2.61998519,-0.07223864,-0.00545129,1,0,1,0,1
647,134583,0.19040267,-0.34840521,-0.56423551,2.66937423,-0.07770338,-0.00462387,1,0,1,0,1
648,134791,0.19279206,-0.28760561,-0.59920852,2.79017111,-0.06977726,-0.02916578,1,0,1,0,1
649,135000,0.18499664,-0.23556546,-0.65966895,2.79318596,-0.08024256,-0.01104248,1,0,1,0,1
650,135208,0.19366195,-0.17233274,-0.69306091,2.87578295,-0.06972811,-0.02120446,1,0,1,0,1
651,135416,0.18375565,-0.12677452,-0.73007448,2.88741727,-0.06935358,-0.03505605,1,0,1,0,1
652,135625,0.17678427,-0.05344552,-0.77224666,2.89332899,-0.05612331,-0.02702314,1,0,1,0,1
653,135833,0.17369823,0.00350307,-0.78506780,2.90224882,-0.05158305,-0.05412283,1,0,1,0,1
654,136041,0.16283849,0.06370348,-0.83119516,2.88932738,-0.04920766,-0.04790367,1,0,1,0,1
655,136250,0.15598307,0.11836799,-0.85110368,2.87732927,-0.03162392,-0.05836301,1,0,1,0,1
656,136458,0.15107127,0.18085238,-0.86395515,2.83492598,-0.04246675,-0.07257364,1,0,1,0,1
657,136666,0.13772481,0.23931191,-0.89164777,2.80565225,-0.04703834,-0.07703354,1,0,1,0,1
658,136875,0.12891404,0.29244608,-0.90267370,2.74466470,-0.02488415,-0.05510171,1,0,1,0,1
659,137083,0.12040189,0.35625216,-0.91489562,2.66548670,0.00881568,-0.06895305,1,0,1,0,1
660,137291,0.11104583,0.41712680,-0.91932532,2.60073399,-0.00109488,-0.07444426,1,0,1,0,1
661,137500,0.10252064,0.45519559,-0.91560202,2.51007898,-0.00811526,-0.09302828,1,0,1,0,0
662,137708,0.09091292,0.51580580,-0.92109830,2.39848276,0.01133704,-0.08276083,1,0,1,0,0
663,137916,0.06859010,0.56010010,-0.92625720,2.29030503,0.01205525,-0.09620058,1,0,1,0,0
664,138125,0.07087564,0.60596382,-0.90315944,2.17880917,0.02372566,-0.07782364,1,0,1,0,0
665,138333,0.05158934,0.65286414,-0.88873062,2.05438586,0.03502441,-0.08455279,1,0,1,0,0
666,138541,0.03686031,0.69401826,-0.87021183,1.90309963,0.03440762,-0.08895240,1,0,1,0,0
667,138750,0.02105238,0.73263816,-0.85042397,1.76671694,0.03979432,-0.09101150,1,0,1,0,0
668,138958,0.02245528,0.76111908,-0.82842337,1.61444372,0.05940498,-0.10068586,1,0,1,0,0
669,139166,0.01119764,0.80404523,-0.79636132,1.45430516,0.05569702,-0.09512763,1,0,1,0,0
670,139375,-0.00437156,0.82744318,-0.75391572,1.27777000,0.05779372,-0.08434924,1,0,1,0,0
671,139583,-0.02612691,0.85492971,-0.72731596,1.09145658,0.06157333,-0.09443199,1,0,1,0,0
672,139791,-0.03791941,0.87930675,-0.68515143,0.93154854,0.06053621,-0.10641744,1,0,1,0,0
673,140000,-0.04491170,0.88113119,-0.65203513,0.73893221,0.05850036,-0.08395268,1,0,1,1,0
674,140208,-0.06606794,0.90751723,-0.60410984,0.56094947,0.08211642,-0.10137513,1,0,1,1,0
675,140416,-0.07437695,0.91321306,-0.56097201,0.36225222,0.09231207,-0.09255016,1,0,1,1,0
676,140625,-0.08784179,0.92477933,-0.50053887,0.17362024,0.08761767,-0.09426993,1,0,1,1,0
677,140833,-0.09090753,0.91728091,-0.46373771,-0.01708148,0.09243494,-0.11251827,1,0,1,1,0
678,141041,-0.10442625,0.92351876,-0.40115454,-0.21296367,0.08096932,-0.08120085,1,0,1,1,0
679,141250,-0.12294097,0.90710347,-0.34667466,-0.39437257,0.08655830,-0.05739578,1,0,1,1,0
680,141458,-0.12475905,0.90396574,-0.29087105,-0.58596223,0.08198586,-0.07175478,1,0,1,1,0
681,141666,-0.14197997,0.88907287,-0.24657567,-0.75463255,0.09418666,-0.04083176,1,0,1,1,0
682,141875,-0.15366334,0.86879119,-0.18652487,-0.95235088,0.10797771,-0.06720536,1,0,1,1,0
683,142083,-0.16068777,0.84265608,-0.11658501,-1.12577078,0.09221494,-0.05838588,1,0,1,1,0
684,142291,-0.16616206,0.82067213,-0.06200075,-1.29162697,0.09906137,-0.05631034,1,0,1,1,0
685,142500,-0.17773601,0.79840366,-0.00053051,-1.44058576,0.10702393,-0.04909572,1,0,1,1,0
686,142708,-0.18255093,0.76920275,0.06064809,-1.62643587,0.11184382,-0.04021725,1,0,1,1,0
687,142916,-0.19254414,0.73633905,0.11734492,-1.78720685,0.08262824,-0.02284439,1,0,1,1,0
688,143125,-0.19399346,0.69096994,0.17581084,-1.93277912,0.09324334,-0.04020351,1,0,1,1,0
689,143333,-0.19243376,0.64846520,0.24049532,-2.06632253,0.08911936,-0.02545927,1,0,1,1,0
690,143541,-0.19127979,0.60558107,0.28850252,-2.19352861,0.08581385,-0.01301100,1,0,1,1,0
691,143750,-0.19395392,0.56652951,0.35177582,-2.28379351,0.08842494,0.00009247,1,0,1,1,0
692,143958,-0.19755289,0.51064435,0.40573618,-2.40717313,0.07005836,-0.02777167,1,0,1,1,0
693,144166,-0.20766899,0.45743395,0.46198765,-2.51964249,0.08275244,-0.01363656,1,0,1,1,0
694,144375,-0.20379194,0.40259488,0.52511255,-2.58683951,0.08330370,0.00729285,1,0,1,1,0
695,144583,-0.19908658,0.34839101,0.55715422,-2.68921299,0.06869218,0.02458969,1,0,1,1,1
696,144791,-0.19105339,0.29482477,0.61058558,-2.75342947,0.07013753,0.01504284,1,0,1,1,1
697,145000,-0.19558687,0.23156936,0.65354427,-2.80848606,0.07066035,0.03290670,1,0,1,1,1
698,145208,-0.19501801,0.17361020,0.69632859,-2.83595578,0.06687136,0.05225118,1,0,1,1,1
699,145416,-0.17699450,0.11707430,0.73057294,-2.87718658,0.04425615,0.03869232,1,0,1,1,1
700,145625,-0.18244945,0.05527357,0.77381383,-2.87935863,0.06227060,0.04225837,1,0,1,1,1
701,145833,-0.17820050,0.00039754,0.80171022,-2.89564249,0.05694210,0.05501892,1,0,1,1,1
702,146041,-0.16448648,-0.05933753,0.83004837,-2.88402523,0.03649287,0.05764560,1,0,1,1,1
703,146250,-0.15824161,-0.12126685,0.84420005,-2.89201998,0.05472686,0.06370369,1,0,1,1,1
704,146458,-0.15219809,-0.17949706,0.87285699,-2.85928754,0.03637332,0.06438657,1,0,1,1,1
705,146666,-0.14077336,-0.23996455,0.88722317,-2.81522469,0.02865915,0.06838436,1,0,1,1,1
706,146875,-0.13588867,-0.31710299,0.89908366,-2.74712582,0.02599907,0.06536813,1,0,1,1,1
707,147083,-0.12374240,-0.35883999,0.91003943,-2.69077029,0.00237840,0.08567909,1,0,1,1,1
708,147291,-0.11076977,-0.40572418,0.91877932,-2.58405932,0.00265949,0.07294180,1,0,1,1,0
709,147500,-0.10969170,-0.46649612,0.92329313,-2.50841666,0.00582885,0.07860424,1,0,1,1,0
710,147708,-0.08322145,-0.50907749,0.92389845,-2.39950070,-0.01486453,0.07786170,1,0,1,1,0
711,147916,-0.08295257,-0.55764415,0.91765839,-2.29950480,-0.01692114,0.08925873,1,0,1,1,0
712,148125,-0.06853016,-0.60997084,0.90445814,-2.16543629,-0.01383918,0.09506333,1,0,1,1,0
713,148333,-0.04629299,-0.65544304,0.88932333,-2.06312936,-0.02311857,0.08568482,1,0,1,1,0
714,148541,-0.03567205,-0.69352070,0.86956658,-1.90501106,-0.03226318,0.09548244,1,0,1,1,0
715,148750,-0.02513347,-0.73193482,0.84826947,-1.75240319,-0.03796311,0.10080650,1,0,1,1,0
716,148958,-0.02105039,-0.76363839,0.82020922,-1.59692308,-0.04628882,0.08411479,1,0,1,1,0
717,149166,-0.00242672,-0.81030116,0.79299330,-1.44444931,-0.04177259,0.09240493,1,0,1,1,0
718,149375,0.01262168,-0.83070784,0.76451081,-1.29071015,-0.03494470,0.11780908,1,0,1,1,0
719,149583,0.02601640,-0.85702256,0.73480750,-1.09036112,-0.05822448,0.09201229,1,0,1,1,0
720,149791,0.04534703,-0.88582527,0.68766734,-0.92655830,-0.05337495,0.10509448,1,0,1,1,0
721,150000,0.06233835,-0.89321086,0.64282807,-0.74390005,-0.07532280,0.09142712,1,0,1,1,0
722,150208,0.06793845,-0.91186292,0.60749901,-0.53369233,-0.08222811,0.09658193,1,0,1,1,0
723,150416,0.07441151,-0.91597140,0.54595687,-0.36757625,-0.08742809,0.08428151,1,0,1,1,0
724,150625,0.09504995,-0.92212475,0.51222298,-0.18481106,-0.09252277,0.07051565,1,0,1,1,0
725,150833,0.09755352,-0.91902068,0.44879462,0.00427938,-0.08971095,0.08201855,1,0,1,1,0
726,151041,0.09848942,-0.92009286,0.40630235,0.20616563,-0.08097919,0.08737189,1,0,1,1,0
727,151250,0.11600344,-0.92083581,0.34599794,0.38029635,-0.08249090,0.08590628,1,0,1,1,0
728,151458,0.12052470,-0.90022198,0.29385529,0.58074968,-0.09990056,0.07638494,1,0,1,1,0
729,151666,0.14004161,-0.87555213,0.24526700,0.77130864,-0.09992109,0.06269084,1,0,1,1,0
730,151875,0.15004304,-0.86419291,0.17222130,0.94081914,-0.09816611,0.07487568,1,0,1,1,0
731,152083,0.15129773,-0.84442033,0.11216754,1.12895474,-0.09684826,0.05338065,1,0,1,1,0
732,152291,0.16262854,-0.82349290,0.05777621,1.29097035,-0.09394091,0.04866085,1,0,1,1,0
733,152500,0.16667898,-0.79624386,0.00494287,1.45183546,-0.10399086,0.03989673,1,0,1,1,0
734,152708,0.17932782,-0.76456530,-0.06187496,1.60286906,-0.10176682,0.03968685,1,0,1,1,0
735,152916,0.18105979,-0.72536503,-0.12238668,1.77613573,-0.08555171,0.03499157,1,0,1,1,0
736,153125,0.19493074,-0.69401564,-0.18109199,1.92262137,-0.10079607,0.03474819,1,0,1,1,0
737,153333,0.19445492,-0.64610632,-0.24551896,2.06752931,-0.10224828,0.01201742,1,0,1,1,0
738,153541,0.20451442,-0.60665462,-0.29713680,2.19580987,-0.09543619,0.01456481,1,0,1,1,0
739,153750,0.19625025,-0.56545927,-0.35626898,2.32751321,-0.09147306,0.00470250,1,0,1,1,0
740,153958,0.21042392,-0.51142996,-0.40246095,2.41103026,-0.10494198,0.01046954,1,0,1,1,0
741,154166,0.20003522,-0.45074194,-0.45811615,2.52005139,-0.09086524,0.00267822,1,0,1,1,0
742,154375,0.19684461,-0.40327951,-0.51979533,2.59849193,-0.07875394,-0.01718169,1,0,1,1,1
743,154583,0.21014305,-0.36695250,-0.56347962,2.69238783,-0.05907853,-0.00847431,1,0,1,1,1
744,154791,0.18672503,-0.29626092,-0.60591380,2.74004787,-0.08024349,-0.02037296,1,0,1,1,1
745,155000,0.19003921,-0.23081025,-0.65734794,2.81291077,-0.06281598,-0.01828530,1,0,1,1,1
746,155208,0.18059399,-0.17823423,-0.69892547,2.83885888,-0.06388112,-0.03893383,1,0,1,1,1
747,155416,0.17504456,-0.11477444,-0.73394930,2.88415197,-0.04900024,-0.03268440,1,0,1,1,1
748,155625,0.16843911,-0.05950962,-0.76488434,2.90649654,-0.06145654,-0.03589011,1,0,1,1,1
749,155833,0.17564493,0.00350460,-0.79309797,2.88444155,-0.03866718,-0.04961113,1,0,1,1,1
750,156041,0.15897790,0.06288363,-0.82538197,2.87964306,-0.02989652,-0.03486693,1,0,1,1,1
751,156250,0.15671736,0.11934998,-0.83895961,2.87620777,-0.02350128,-0.05623642,1,0,1,1,1
752,156458,0.15415704,0.18480393,-0.87575910,2.84358064,-0.01754094,-0.04856715,1,0,1,1,1
753,156666,0.14309193,0.24821021,-0.88607069,2.79564070,-0.02363775,-0.04573723,1,0,1,1,1
754,156875,0.13332857,0.30006492,-0.90893733,2.73808211,-0.01331897,-0.09214134,1,0,1,1,1
755,157083,0.12725360,0.35498046,-0.90511687,2.66682983,-0.01690413,-0.06802966,1,0,1,1,1
756,157291,0.11863628,0.40504503,-0.91226186,2.59977320,-0.02842317,-0.07817593,1,0,1,1,1
757,157500,0.09325374,0.46699309,-0.91745177,2.49678054,0.00290590,-0.08434155,1,0,1,1,0
758,157708,0.09041279,0.51079931,-0.92767210,2.40931511,0.00527673,-0.09644887,1,0,1,1,0
759,157916,0.07472697,0.56500573,-0.90947371,2.28883829,0.02302736,-0.10143331,1,0,1,1,0
760,158125,0.06310250,0.61245187,-0.90709033,2.16945745,0.02846917,-0.10533541,1,0,1,1,0
761,158333,0.04373638,0.65742787,-0.88677710,2.05563627,0.01559541,-0.07444887,1,0,1,1,0
762,158541,0.03585887,0.69859929,-0.87846225,1.91406699,0.05586405,-0.09327184,1,0,1,1,0
763,158750,0.02345636,0.73656456,-0.84815753,1.74744139,0.04247019,-0.11278098,1,0,1,1,0
764,158958,0.01966071,0.76049229,-0.82587845,1.59404391,0.03169828,-0.11033414,1,0,1,1,0
765,159166,-0.00637820,0.79430022,-0.79902677,1.44905084,0.03885909,-0.12025058,1,0,1,1,0
766,159375,-0.02562974,0.82017512,-0.75977867,1.25926160,0.03406777,-0.08785198,1,0,1,1,0
767,159583,-0.02676449,0.84476148,-0.72736223,1.11501404,0.06878765,-0.09864571,1,0,1,1,0
768,159791,-0.04592376,0.88086031,-0.68944078,0.92398710,0.06092653,-0.09291842,1,0,1,1,0
769,160000,-0.05306477,0.88580715,-0.64318052,0.73506405,0.06255186,-0.09647783,1,0,1,1,0
770,160208,-0.06156041,0.89873228,-0.59313295,0.55598938,0.06897275,-0.08510282,1,0,1,1,0
771,160416,-0.07758254,0.91375463,-0.55459058,0.38215310,0.07654008,-0.09622303,1,0,1,1,0
772,160625,-0.09113411,0.91595507,-0.51603710,0.15831069,0.08909590,-0.08657875,1,0,1,1,0
773,160833,-0.10128417,0.93259710,-0.46375021,0.00019550,0.07033097,-0.08368794,1,0,1,1,0
774,161041,-0.10737089,0.91747491,-0.40267198,-0.18776845,0.07914228,-0.09455656,1,0,1,1,0
775,161250,-0.12802444,0.91460436,-0.34324603,-0.39171411,0.09717059,-0.08635389,1,0,1,1,0
776,161458,-0.12874190,0.89805231,-0.29157720,-0.57634845,0.08886326,-0.07798365,1,0,1,1,0
777,161666,-0.14698296,0.87934140,-0.23229343,-0.75893073,0.10250470,-0.06725478,1,0,1,1,0
778,161875,-0.14792410,0.86592474,-0.17670428,-0.93436678,0.09317103,-0.05178894,1,0,1,1,0
779,162083,-0.16697654,0.84422662,-0.11235981,-1.12637378,0.11493733,-0.05944298,1,0,1,1,0
780,162291,-0.16418656,0.81889071,-0.05430213,-1.29180390,0.10189470,-0.05614519,1,0,1,1,0
781,162500,-0.17432012,0.78578904,-0.00241412,-1.45970885,0.11226206,-0.04659930,1,0,1,1,0
782,162708,-0.17948006,0.76244424,0.06500980,-1.61272637,0.10494021,-0.04548790,1,0,1,1,0
783,162916,-0.18053251,0.72488427,0.11489660,-1.74663042,0.10488138,-0.03817441,1,0,1,1,0
784,163125,-0.19398651,0.68062638,0.18417751,-1.92699927,0.09048601,-0.01665593,1,0,1,1,0
785,163333,-0.19373175,0.64773943,0.23908309,-2.05692778,0.10817597,-0.02777707,1,0,1,1,0
786,163541,-0.19497398,0.60714762,0.29883640,-2.19456835,0.09673846,-0.01654902,1,0,1,1,0
787,163750,-0.20001913,0.56287557,0.35592491,-2.31172790,0.08271657,-0.01915792,1,0,1,1,0
788,163958,-0.19611814,0.49593979,0.41048144,-2.42760015,0.06843328,0.00641456,1,0,1,1,0
789,164166,-0.19837352,0.45334343,0.46919346,-2.53179712,0.08782784,-0.00876681,1,0,1,1,0
790,164375,-0.20238657,0.39711752,0.51334705,-2.59353950,0.09803232,0.00616783,1,0,1,1,0
791,164583,-0.19179571,0.34592839,0.56300854,-2.67952641,0.07005205,0.02322171,1,0,1,1,1
792,164791,-0.19305808,0.29983554,0.61520281,-2.74838817,0.06554656,0.01118955,1,0,1,1,1
793,165000,-0.19701544,0.23169045,0.66192430,-2.81251323,0.06730218,0.03489590,1,0,1,1,1
794,165208,-0.19318221,0.17436719,0.69344056,-2.84697390,0.07668555,0.01198167,1,0,1,1,1
795,165416,-0.18533350,0.11324804,0.72907897,-2.88805042,0.04223248,0.02766951,1,0,1,1,1
796,165625,-0.17653740,0.06566281,0.76429398,-2.89470447,0.04876625,0.04359808,1,0,1,1,1
797,165833,-0.18362835,-0.01408372,0.80053734,-2.89664522,0.03964144,0.07439675,1,0,1,1,1
798,166041,-0.16962571,-0.06548898,0.82552540,-2.89853999,0.04953826,0.05730003,1,0,1,1,1
799,166250,-0.16087863,-0.12690745,0.84252504,-2.88142678,0.03652023,0.06281888,1,0,1,1,1
800,166458,-0.15688573,-0.19055238,0.87799054,-2.84721912,0.02834922,0.07767244,1,0,1,1,1
801,166666,-0.14588404,-0.23504142,0.89384939,-2.79041416,0.02374562,0.06009221,1,0,1,1,1
802,166875,-0.13057246,-0.30715722,0.90912506,-2.74082848,0.02701668,0.04507920,1,0,1,1,1
803,167083,-0.12362905,-0.35675789,0.91989238,-2.69145097,0.02392438,0.09688471,1,0,1,1,1
804,167291,-0.11264076,-0.40965457,0.92001198,-2.58922790,0.01644016,0.08938591,1,0,1,1,0
805,167500,-0.10640562,-0.46605664,0.92231207,-2.50099221,0.00540691,0.08232285,1,0,1,1,0
806,167708,-0.08906436,-0.52202589,0.92402373,-2.40378315,0.00695236,0.09041386,1,0,1,1,0
807,167916,-0.08360837,-0.56304359,0.90690969,-2.27812593,-0.02271287,0.10304161,1,0,1,1,0
808,168125,-0.05654073,-0.61245254,0.90123230,-2.17344598,-0.01597260,0.09351138,1,0,1,1,0
809,168333,-0.04257712,-0.64844708,0.88874859,-2.03917105,-0.00273119,0.09813071,1,0,1,1,0
810,168541,-0.04088444,-0.69098810,0.87579870,-1.89982800,-0.05083987,0.11849903,1,0,1,1,0
811,168750,-0.03118229,-0.72199338,0.84681440,-1.74863623,-0.04393117,0.08675368,1,0,1,1,0
812,168958,-0.00823643,-0.76622352,0.82054994,-1.60500176,-0.05489839,0.10498011,1,0,1,1,0
813,169166,0.00356350,-0.79564935,0.79298076,-1.44772092,-0.04741315,0.08777923,1,0,1,1,0
814,169375,0.02307619,-0.82883217,0.76508983,-1.26386945,-0.04146702,0.11539476,1,0,1,1,0
815,169583,0.03743938,-0.84340194,0.72676436,-1.09126067,-0.05577612,0.10202964,1,0,1,1,0
816,169791,0.02950590,-0.87318242,0.68116230,-0.90988723,-0.06836837,0.09114194,1,0,1,1,0
817,170000,0.05816018,-0.89124956,0.64059859,-0.73669052,-0.06549894,0.08149642,1,0,1,1,0
818,170208,0.06375165,-0.90166204,0.60333576,-0.57237198,-0.07830961,0.09107891,1,0,1,1,0
819,170416,0.07982891,-0.91725877,0.55681846,-0.36690144,-0.07760277,0.09411082,1,0,1,1,0
820,170625,0.09286713,-0.92218303,0.50714516,-0.17928503,-0.07715321,0.10111750,1,0,1,1,0
821,170833,0.10418094,-0.91858829,0.45360525,0.02236205,-0.06924737,0.07549233,1,0,1,1,0
822,171041,0.11660974,-0.91518086,0.40695479,0.21029825,-0.08534594,0.07470738,1,0,1,1,0
823,171250,0.11944976,-0.90939317,0.35022329,0.39463318,-0.09034329,0.07415314,1,0,1,1,0
824,171458,0.12761990,-0.90235558,0.29392530,0.55490267,-0.07445001,0.06720278,1,0,1,1,0
825,171666,0.14789532,-0.88629944,0.23670324,0.75204704,-0.11624151,0.06531924,1,0,1,1,0
826,171875,0.14657581,-0.86476619,0.18439726,0.93805926,-0.09906582,0.05622146,1,0,1,1,0
827,172083,0.16856808,-0.85328639,0.11204893,1.11566278,-0.10660202,0.06477176,1,0,1,1,0
828,172291,0.16307724,-0.82250866,0.05527980,1.29332753,-0.10219209,0.05043865,1,0,1,1,0
829,172500,0.17190658,-0.80834633,-0.00436548,1.47351206,-0.09395965,0.04980712,1,0,1,1,0
830,172708,0.17901078,-0.75806270,-0.05648246,1.62730740,-0.08995596,0.04696029,1,0,1,1,0
831,172916,0.17762192,-0.73048131,-0.12447853,1.76419463,-0.10430259,0.02415333,1,0,1,1,0
832,173125,0.18219016,-0.69211626,-0.18589968,1.91137383,-0.09131889,0.03775128,1,0,1,1,0
833,173333,0.19816667,-0.64781756,-0.24102464,2.04852621,-0.10547860,0.02764096,1,0,1,1,0
834,173541,0.18789028,-0.60024093,-0.29751006,2.18579189,-0.10738573,0.02127329,1,0,1,1,0
835,173750,0.21112239,-0.54492774,-0.34832291,2.31489505,-0.09154597,0.01137530,1,0,1,1,0
836,173958,0.19923146,-0.51580642,-0.41097169,2.42648076,-0.09171858,0.00349808,1,0,1,1,0
837,174166,0.19487590,-0.46124548,-0.46554334,2.51273015,-0.07152310,0.00019092,1,0,1,1,0
838,174375,0.20158802,-0.40282798,-0.51772588,2.60506663,-0.06166908,-0.00592965,1,0,1,1,1
839,174583,0.18578983,-0.35282359,-0.56378538,2.69982899,-0.08520902,-0.02519852,1,0,1,1,1
840,174791,0.19419972,-0.28871309,-0.59573546,2.73446838,-0.09306991,-0.00409641,1,0,1,1,1
841,175000,0.19177589,-0.23616553,-0.65052822,2.81015332,-0.08413651,-0.03317467,1,0,1,1,1
842,175208,0.18258821,-0.17231584,-0.69053772,2.85152376,-0.07403016,-0.03180541,1,0,1,1,1
843,175416,0.18107703,-0.11863586,-0.73164085,2.87352040,-0.05852730,-0.02693681,1,0,1,1,1
844,175625,0.18640491,-0.05480873,-0.76591963,2.89424741,-0.05787996,-0.04795774,1,0,1,1,1
845,175833,0.17347739,-0.00220075,-0.79435117,2.90418472,-0.06228416,-0.04793060,1,0,1,1,1
846,176041,0.16762050,0.07239426,-0.82372894,2.89016945,-0.02605587,-0.07775769,1,0,1,1,1
847,176250,0.15405711,0.11408112,-0.84952551,2.86748264,-0.03131879,-0.08096924,1,0,1,1,1
848,176458,0.14308046,0.17840770,-0.87229469,2.83516693,-0.01422483,-0.06645103,1,0,1,1,1
849,176666,0.13956990,0.23345059,-0.89153398,2.81718402,-0.04355734,-0.06906106,1,0,1,1,1
850,176875,0.11897086,0.30214319,-0.90127014,2.73844178,-0.00644165,-0.06435116,1,0,1,1,1
851,177083,0.11570043,0.35715871,-0.91275396,2.67739533,-0.01419863,-0.07153462,1,0,1,1,1
852,177291,0.10432663,0.40316997,-0.90839509,2.60431504,-0.01011223,-0.09925981,1,0,1,1,1
853,177500,0.08931859,0.46728760,-0.91575633,2.50430980,0.00059045,-0.07409294,1,0,1,1,0
854,177708,0.09124287,0.50986186,-0.92236184,2.40601201,-0.00010828,-0.10174593,1,0,1,1,0
855,177916,0.07543552,0.56413889,-0.91883267,2.29960954,0.01196678,-0.08389244,1,0,1,1,0
856,178125,0.06073753,0.61175402,-0.90498574,2.16520499,0.02931363,-0.09932116,1,0,1,1,0
857,178333,0.05464884,0.65126597,-0.89446137,2.02811395,0.00658697,-0.06952387,1,0,1,1,0
858,178541,0.03029726,0.69811793,-0.87348057,1.89721612,0.04744561,-0.10404915,1,0,1,1,0
859,178750,0.01885219,0.73099422,-0.85435530,1.77469506,0.04251275,-0.09992951,1,0,1,1,0
860,178958,0.01809607,0.76846708,-0.82574584,1.59702152,0.04343778,-0.09822497,1,0,1,1,0
861,179166,0.01080536,0.79722498,-0.79671120,1.44257900,0.05965648,-0.10242455,1,0,1,1,0
862,179375,-0.01028133,0.81769638,-0.76200582,1.26034205,0.05948348,-0.10973427,1,0,1,1,0
863,179583,-0.02437613,0.85134291,-0.72814012,1.11389551,0.05635209,-0.07705755,1,0,1,1,0
864,179791,-0.04254923,0.86886543,-0.69292746,0.91962472,0.05846662,-0.10411685,1,0,1,1,0
865,180000,-0.05516120,0.89769814,-0.64079198,0.73629677,0.08595123,-0.10296709,1,0,1,1,0
866,180208,-0.06372784,0.89754405,-0.60063780,0.55455010,0.06062218,-0.09567484,1,0,1,1,0
867,180416,-0.07021897,0.92015907,-0.55869126,0.39367263,0.07757713,-0.09032206,1,0,1,1,0
868,180625,-0.08684517,0.91879109,-0.51143787,0.18403722,0.06923515,-0.09638180,1,0,1,1,0
869,180833,-0.09571158,0.92331859,-0.46329495,-0.01163548,0.09165347,-0.07689355,1,0,1,1,0
870,181041,-0.11618903,0.91194245,-0.41071890,-0.22854209,0.08886982,-0.08142632,1,0,1,1,0
871,181250,-0.11916648,0.91083454,-0.34314109,-0.37497514,0.08002504,-0.07892256,1,0,1,1,0
872,181458,-0.13574103,0.89863157,-0.28754435,-0.58258153,0.08611405,-0.06937365,1,0,1,1,0
873,181666,-0.14126000,0.89816779,-0.23777255,-0.76882172,0.09712593,-0.07895077,1,0,1,1,0
874,181875,-0.14785535,0.86612158,-0.16957928,-0.94933457,0.10099642,-0.07152353,1,0,1,1,0
875,182083,-0.16191725,0.85358339,-0.11408647,-1.10442623,0.07981750,-0.06082084,1,0,1,1,0
876,182291,-0.17198450,0.82835245,-0.05636889,-1.29208041,0.09275374,-0.04596883,1,0,1,1,0
877,182500,-0.17199778,0.79948570,0.00699347,-1.47393063,0.10160393,-0.05213786,1,0,1,1,0
878,182708,-0.18063670,0.75879450,0.06586309,-1.62155617,0.11186083,-0.04708825,1,0,1,1,0
879,182916,-0.18464657,0.73559273,0.12337815,-1.78169999,0.10749118,-0.05903146,1,0,1,1,0
880,183125,-0.18659532,0.69839687,0.18073717,-1.91606511,0.09346061,-0.03875019,1,0,1,1,0
881,183333,-0.18707007,0.64904365,0.23995962,-2.06158032,0.10649309,-0.04205187,1,0,1,1,0
882,183541,-0.19317415,0.60100946,0.28999306,-2.20265326,0.09143018,-0.03318310,1,0,1,1,0
883,183750,-0.19586438,0.55258368,0.35030118,-2.30766444,0.06103063,-0.00905065,1,0,1,1,0
884,183958,-0.20220397,0.51040004,0.41807406,-2.41740853,0.10394195,0.02699470,1,0,1,1,0
885,184166,-0.20175682,0.45732244,0.45796878,-2.52902724,0.09100499,0.00228949,1,0,1,1,0
886,184375,-0.19721441,0.40488498,0.50392337,-2.62496876,0.08483413,0.01021424,1,0,1,1,1
887,184583,-0.19991561,0.34245062,0.56658377,-2.68026104,0.07920577,0.00579168,1,0,1,1,1
888,184791,-0.19361576,0.29305753,0.60979680,-2.75212336,0.07798180,0.00936540,1,0,1,1,1
889,185000,-0.19688068,0.24104579,0.65396466,-2.80592550,0.07053782,0.04677850,1,0,1,1,1
890,185208,-0.17927249,0.18081832,0.69274149,-2.83876593,0.06278205,0.02441878,1,0,1,1,1
891,185416,-0.18326755,0.11532280,0.73619320,-2.89587367,0.05406933,0.01859004,1,0,1,1,1
892,185625,-0.17813476,0.05698794,0.77425492,-2.89382886,0.05603756,0.04699554,1,0,1,1,1
893,185833,-0.17497417,-0.00992657,0.79567649,-2.89335674,0.04088631,0.04600270,1,0,1,1,1
894,186041,-0.15605806,-0.06603341,0.82970675,-2.89494147,0.03249253,0.06180388,1,0,1,1,1
895,186250,-0.16425769,-0.12427956,0.85686377,-2.88802020,0.04064538,0.07682742,1,0,1,1,1
896,186458,-0.15321254,-0.17877948,0.86948647,-2.84890439,0.04161498,0.06988515,1,0,1,1,1
897,186666,-0.13650724,-0.24408425,0.89732034,-2.80307699,0.01758447,0.07322489,1,0,1,1,1
898,186875,-0.13006069,-0.30332162,0.90896768,-2.75863451,0.01294597,0.08200859,1,0,1,1,1
899,187083,-0.12406833,-0.35067226,0.90696170,-2.67166807,-0.00425020,0.10659323,1,0,1,1,1
900,187291,-0.11332956,-0.41137393,0.92703380,-2.59643048,-0.00696789,0.10612437,1,0,1,1,1
901,187500,-0.10096687,-0.46649676,0.91506141,-2.51285407,-0.01313084,0.08361598,1,0,1,1,0
902,187708,-0.08748608,-0.50929251,0.91555321,-2.39579888,0.00285598,0.09933830,1,0,1,1,0
903,187916,-0.06831989,-0.55990838,0.91640323,-2.29980193,-0.03076043,0.11038111,1,0,1,1,0
904,188125,-0.06081007,-0.60968073,0.90820197,-2.15888526,-0.01525762,0.10173835,1,0,1,1,0
905,188333,-0.04617708,-0.65424673,0.88953860,-2.04616776,-0.02886912,0.09601855,1,0,1,1,0
906,188541,-0.04068998,-0.69167102,0.86803967,-1.91406757,-0.02641946,0.09316734,1,0,1,1,0
907,188750,-0.02299144,-0.72902094,0.84820688,-1.76665392,-0.02692700,0.10017543,1,0,1,1,0
908,188958,-0.02028338,-0.76572885,0.82221826,-1.60186230,-0.04483936,0.08840977,1,0,1,1,0
909,189166,0.00151237,-0.79799241,0.79934171,-1.45197736,-0.03896302,0.10895274,1,0,1,1,0
910,189375,0.01429226,-0.83007062,0.76071229,-1.27215616,-0.04034679,0.11367182,1,0,1,1,0
911,189583,0.03584107,-0.85469409,0.72384650,-1.10447926,-0.04768774,0.09512912,1,0,1,1,0
912,189791,0.04742786,-0.87409288,0.68102975,-0.92687008,-0.07291706,0.09350484,1,0,1,1,0
913,190000,0.05107468,-0.89554230,0.64389533,-0.74126251,-0.09065013,0.08594084,1,0,1,1,0
914,190208,0.06077848,-0.90975517,0.60206089,-0.54583758,-0.07666088,0.09925025,1,0,1,1,0
915,190416,0.07313500,-0.91448264,0.55031695,-0.37397220,-0.07776229,0.09214580,1,0,1,1,0
916,190625,0.08750466,-0.91473772,0.49828361,-0.17778065,-0.10287335,0.07509928,1,0,1,1,0
917,190833,0.10701007,-0.93165213,0.46085861,0.01451054,-0.08616475,0.11557759,1,0,1,1,0
918,191041,0.11368243,-0.92079923,0.39801446,0.18761549,-0.11556766,0.06517060,1,0,1,1,0
919,191250,0.12484115,-0.91101590,0.34183173,0.39373271,-0.07706221,0.06472561,1,0,1,1,0
920,191458,0.13644034,-0.89659314,0.30009837,0.58378642,-0.09002983,0.08434984,1,0,1,1,0
921,191666,0.13698997,-0.87865209,0.23909512,0.76995665,-0.10486151,0.07703577,1,0,1,1,0
922,191875,0.14738916,-0.87085749,0.18153761,0.93061459,-0.09687867,0.05853015,1,0,1,1,0
923,192083,0.16186225,-0.83795389,0.11969629,1.10868782,-0.09668737,0.05281312,1,0,1,1,0
924,192291,0.16300451,-0.82023779,0.06394202,1.29111529,-0.09497885,0.05984690,1,0,1,1,0
925,192500,0.16617872,-0.78971819,0.00173325,1.45759756,-0.09930544,0.05348028,1,0,1,1,0
926,192708,0.17454992,-0.76709076,-0.06449299,1.61970796,-0.09031274,0.03687821,1,0,1,1,0
927,192916,0.19059903,-0.72430124,-0.12793500,1.76981852,-0.11177710,0.04788602,1,0,1,1,0
928,193125,0.18801064,-0.68383315,-0.18835312,1.92151883,-0.09930190,0.03753361,1,0,1,1,0
929,193333,0.19473575,-0.65065484,-0.24119409,2.03217539,-0.07863556,0.03891124,1,0,1,1,0
930,193541,0.19132785,-0.61636450,-0.30353290,2.19354111,-0.09809827,0.01867019,1,0,1,1,0
931,193750,0.20042110,-0.55614188,-0.35829324,2.32155842,-0.08984068,0.02081027,1,0,1,1,0
932,193958,0.19835413,-0.50911592,-0.40983472,2.41131007,-0.09948565,0.00391113,1,0,1,1,0
933,194166,0.20225361,-0.45027666,-0.45511668,2.51851587,-0.06485981,0.00506365,1,0,1,1,0
934,194375,0.19709752,-0.40666296,-0.52072954,2.62217473,-0.08010076,-0.00330847,1,0,1,1,1
935,194583,0.20062079,-0.35271501,-0.56191533,2.68342182,-0.09171066,-0.00491576,1,0,1,1,1
936,194791,0.19323250,-0.29874988,-0.61481089,2.75237119,-0.06405096,-0.01465443,1,0,1,1,1
937,195000,0.19240098,-0.23847697,-0.65522202,2.82219070,-0.08119700,-0.04510554,1,0,1,1,1
938,195208,0.18756083,-0.16340762,-0.68887985,2.86658854,-0.05883519,-0.03873780,1,0,1,1,1
939,195416,0.18436713,-0.12532666,-0.73588107,2.86587920,-0.05030061,-0.03775711,1,0,1,1,1
940,195625,0.18017011,-0.06420960,-0.76792340,2.89031696,-0.03500125,-0.03987624,1,0,1,1,1
941,195833,0.17008663,0.00231338,-0.79757862,2.90891842,-0.04746062,-0.04205173,1,0,1,1,1
942,196041,0.16502507,0.07257998,-0.82303645,2.89808614,-0.04342879,-0.05035847,1,0,1,1,1
943,196250,0.15892367,0.12628715,-0.85401075,2.88091911,-0.05821644,-0.06819811,1,0,1,1,1
944,196458,0.15223589,0.18970817,-0.86607139,2.81608045,-0.03638172,-0.05701402,1,0,1,1,1
945,196666,0.14039477,0.23862725,-0.89199810,2.77902356,-0.03268904,-0.07904617,1,0,1,1,1
946,196875,0.12682370,0.29119118,-0.90097008,2.76068687,-0.02097597,-0.06277987,1,0,1,1,1
947,197083,0.12161676,0.35221458,-0.91412133,2.68312055,-0.01790922,-0.06624648,1,0,1,1,1
948,197291,0.11394085,0.40863739,-0.91535439,2.59999893,0.00166822,-0.08344035,1,0,1,1,1
949,197500,0.09284676,0.46235682,-0.91087177,2.49400187,-0.00524846,-0.09325588,1,0,1,1,0
950,197708,0.08138945,0.51228464,-0.92037844,2.40150424,0.01164201,-0.09680075,1,0,1,1,0
951,197916,0.07277699,0.56515597,-0.91306499,2.30027861,0.01224143,-0.10346020,1,0,1,1,0
952,198125,0.06287423,0.60508379,-0.90515481,2.15985349,0.01362199,-0.10403026,1,0,1,1,0
953,198333,0.04030918,0.64785453,-0.89197495,2.03642594,0.01908117,-0.09848641,1,0,1,1,0
954,198541,0.04138906,0.68754556,-0.87468550,1.90827617,0.03480236,-0.10373989,1,0,1,1,0
955,198750,0.02465743,0.73273989,-0.84960068,1.76330781,0.05229615,-0.11528827,1,0,1,1,0
956,198958,0.00075394,0.76730216,-0.82799558,1.59754262,0.03723157,-0.10464370,1,0,1,1,0
957,199166,-0.00616752,0.80405272,-0.79886877,1.45109519,0.05077573,-0.09907050,1,0,1,1,0
958,199375,-0.01520538,0.83477244,-0.77856919,1.28309794,0.06068372,-0.10315371,1,0,1,1,0
959,199583,-0.03559667,0.84592371,-0.72018098,1.08254653,0.06095306,-0.10804775,1,0,1,1,0
960,199791,-0.03478763,0.87335137,-0.68019697,0.93901523,0.04859318,-0.12192211,1,0,1,1,0
961,200000,-0.05143272,0.88971001,-0.64362269,0.75251036,0.07574600,-0.08504776,1,0,1,1,0
962,200208,-0.06147324,0.89668128,-0.60702215,0.55795011,0.06034837,-0.09497700,1,0,1,1,0
963,200416,-0.08222857,0.91139314,-0.56228638,0.36716926,0.06462038,-0.08904754,1,0,1,1,0
964,200625,-0.08692102,0.92751804,-0.51482975,0.18751537,0.07029233,-0.08772498,1,0,1,1,0
965,200833,-0.10380458,0.91812407,-0.45276301,-0.00473036,0.08515764,-0.08145475,1,0,1,1,0
966,201041,-0.11257023,0.91484710,-0.39669006,-0.20242945,0.08020417,-0.08054775,1,0,1,1,0
967,201250,-0.12048696,0.91211823,-0.34754795,-0.37244238,0.07816583,-0.07813742,1,0,1,1,0
968,201458,-0.13273463,0.90651312,-0.28796161,-0.59667964,0.09860386,-0.06732167,1,0,1,1,0
969,201666,-0.13791866,0.88612820,-0.23262702,-0.76694414,0.09641230,-0.06068596,1,0,1,1,0
970,201875,-0.15023907,0.87020674,-0.18026459,-0.93722431,0.10572224,-0.05184022,1,0,1,1,0
971,202083,-0.16157672,0.83639351,-0.11212295,-1.11959751,0.09189411,-0.06891950,1,0,1,1,0
972,202291,-0.16268471,0.82537725,-0.05265730,-1.28466288,0.09917226,-0.05277373,1,0,1,1,0
973,202500,-0.16854250,0.79489499,-0.00226865,-1.47265641,0.10800266,-0.06575284,1,0,1,1,0
974,202708,-0.17952485,0.76618728,0.06680632,-1.62205925,0.08662898,-0.04873133,1,0,1,1,0
975,202916,-0.17864669,0.71723012,0.12187173,-1.76188094,0.09248268,-0.03991718,1,0,1,1,0
976,203125,-0.19105825,0.68682355,0.18063294,-1.93459759,0.10793812,-0.02440593,1,0,1,1,0
977,203333,-0.19424617,0.65202898,0.24244864,-2.06012082,0.09669776,-0.02672436,1,0,1,1,0
978,203541,-0.19646858,0.60055177,0.29983150,-2.19226848,0.09307523,-0.01244036,1,0,1,1,0
979,203750,-0.19917306,0.55714218,0.35874825,-2.30320592,0.09186865,-0.01615933,1,0,1,1,0
980,203958,-0.20125481,0.50599312,0.40482674,-2.41290963,0.10176342,-0.01197090,1,0,1,1,0
981,204166,-0.20359692,0.45507231,0.46493408,-2.51552132,0.08618773,-0.00767433,1,0,1,1,0
982,204375,-0.20445754,0.40980707,0.50737679,-2.60826658,0.08340922,0.01379393,1,0,1,1,1
983,204583,-0.19754556,0.34207300,0.56117019,-2.68245451,0.07895608,0.00961279,1,0,1,1,1
984,204791,-0.18987586,0.29264140,0.60799334,-2.75096344,0.05879533,-0.00441551,1,0,1,1,1
985,205000,-0.18873159,0.23658536,0.65729053,-2.80409832,0.07549092,0.03257450,1,0,1,1,1
986,205208,-0.18697881,0.18143290,0.69357543,-2.83165458,0.05746167,0.02317980,1,0,1,1,1
987,205416,-0.17799010,0.11678363,0.73033019,-2.88850943,0.04797828,0.04052075,1,0,1,1,1
988,205625,-0.17867855,0.06237755,0.77373619,-2.89101532,0.03780349,0.03324884,1,0,1,1,1
989,205833,-0.17750521,-0.00285805,0.79613875,-2.90940365,0.03431136,0.05044766,1,0,1,1,1
990,206041,-0.16737039,-0.06210944,0.82418658,-2.87356507,0.02122388,0.02714123,1,0,1,1,1
991,206250,-0.15829454,-0.12217273,0.84188882,-2.87296791,0.02769668,0.06081433,1,0,1,1,1
992,206458,-0.15225957,-0.17867014,0.87129096,-2.85497482,0.02746855,0.05744350,1,0,1,1,1
993,206666,-0.13772487,-0.23784385,0.88507403,-2.80088148,0.03615899,0.05827838,1,0,1,1,1
994,206875,-0.12658127,-0.30370700,0.90213820,-2.75743390,0.01977563,0.08305424,1,0,1,1,1
995,207083,-0.12984511,-0.35337555,0.91437155,-2.68171413,0.01524332,0.07835945,1,0,1,1,1
996,207291,-0.11131643,-0.40655760,0.91363340,-2.59030499,0.01898772,0.08089823,1,0,1,1,0
997,207500,-0.11402803,-0.45499338,0.91689440,-2.49281239,-0.02885941,0.07953253,1,0,1,1,0
998,207708,-0.08845465,-0.51839785,0.91099314,-2.39484726,-0.00297003,0.09878596,1,0,1,1,0
999,207916,-0.07660181,-0.55951006,0.91043585,-2.29563085,-0.01024772,0.08817289,1,0,1,1,0
1000,208125,-0.05495483,-0.61038280,0.89827225,-2.16798375,-0.01161292,0.10968143,1,0,1,1,0
1001,208333,-0.04391247,-0.65153104,0.89976617,-2.03539341,-0.04418001,0.10897753,1,0,1,1,0
1002,208541,-0.03385686,-0.69893615,0.87870921,-1.88202489,-0.03821262,0.11239867,1,0,1,1,0
1003,208750,-0.03036878,-0.73178168,0.85621665,-1.76345014,-0.04789869,0.10886933,1,0,1,1,0
1004,208958,-0.01759698,-0.76517878,0.81763676,-1.58767920,-0.05741888,0.09374532,1,0,1,1,0
1005,209166,-0.00487859,-0.80344624,0.79424877,-1.45219290,-0.02717387,0.10052390,1,0,1,1,0
1006,209375,0.02133555,-0.81979369,0.75672573,-1.26180079,-0.06150587,0.09773192,1,0,1,1,0
1007,209583,0.02218178,-0.85968169,0.73631985,-1.10668062,-0.05187888,0.10748025,1,0,1,1,0
1008,209791,0.03771208,-0.87054598,0.69257139,-0.92947288,-0.05913822,0.09790425,1,0,1,1,0
1009,210000,0.04786804,-0.90287899,0.64160355,-0.74369270,-0.08535774,0.09406972,1,0,1,1,0
1010,210208,0.05857332,-0.90563985,0.60450011,-0.56364436,-0.08066377,0.11116114,1,0,1,1,0
1011,210416,0.07874655,-0.91163579,0.54855613,-0.36428171,-0.07894347,0.08898032,1,0,1,1,0
1012,210625,0.08974460,-0.91612181,0.50632482,-0.16735652,-0.07938466,0.08328881,1,0,1,1,0
1013,210833,0.08937857,-0.92181444,0.45508100,-0.01104807,-0.08346857,0.08240897,1,0,1,1,0
1014,211041,0.10509822,-0.92005016,0.40671479,0.19796790,-0.07230887,0.09366593,1,0,1,1,0
1015,211250,0.12352705,-0.90954128,0.35331758,0.37763948,-0.08341621,0.08100136,1,0,1,1,0
1016,211458,0.13202324,-0.89720136,0.29235236,0.58468345,-0.08823470,0.07953917,1,0,1,1,0
1017,211666,0.13995610,-0.88075351,0.23373125,0.77449924,-0.08699895,0.07282474,1,0,1,1,0
1018,211875,0.15396284,-0.87602237,0.16023388,0.93995567,-0.08461781,0.04374419,1,0,1,1,0
1019,212083,0.15204592,-0.84881974,0.12498091,1.11204342,-0.10541939,0.04991225,1,0,1,1,0
1020,212291,0.16392416,-0.83348328,0.05409720,1.27550674,-0.11560331,0.05248036,1,0,1,1,0
1021,212500,0.17640095,-0.80062683,-0.00217303,1.47819791,-0.10606579,0.05284653,1,0,1,1,0
1022,212708,0.17671636,-0.76528447,-0.05147533,1.63270413,-0.11349893,0.03407419,1,0,1,1,0
1023,212916,0.18688996,-0.72224319,-0.12858004,1.75359955,-0.10892834,0.02779597,1,0,1,1,0
1024,213125,0.18414989,-0.69074043,-0.18183103,1.92621527,-0.09701210,0.02869203,1,0,1,1,0
1025,213333,0.18948725,-0.64865289,-0.23801131,2.04659479,-0.10203663,0.03880923,1,0,1,1,0
1026,213541,0.18757949,-0.60183630,-0.29257063,2.18187503,-0.08810012,-0.00236024,1,0,1,1,0
1027,213750,0.18823845,-0.56023972,-0.35429873,2.29435480,-0.08921848,-0.01380716,1,0,1,1,0
1028,213958,0.19732235,-0.51801462,-0.40319534,2.39683261,-0.08588573,0.02354732,1,0,1,1,0
1029,214166,0.20227274,-0.46072756,-0.46418429,2.51603645,-0.09907803,-0.01565099,1,0,1,1,0
1030,214375,0.19891294,-0.40457502,-0.51045906,2.62432216,-0.09172951,-0.01093991,1,0,1,1,1
1031,214583,0.20390079,-0.34684765,-0.55999417,2.67382683,-0.09822325,-0.02840433,1,0,1,1,1
1032,214791,0.19390356,-0.29392472,-0.60900927,2.75823011,-0.06927424,-0.02287507,1,0,1,1,1
1033,215000,0.18220190,-0.23306738,-0.65082280,2.81425662,-0.05124325,-0.02757834,1,0,1,1,1
1034,215208,0.19064021,-0.17211886,-0.69790194,2.85344175,-0.06388514,-0.01636582,1,0,1,1,1
1035,215416,0.17884330,-0.11179059,-0.73313264,2.89645142,-0.05792341,-0.03138209,1,0,1,1,1
1036,215625,0.17940419,-0.05667160,-0.77304095,2.90398396,-0.06058397,-0.05737120,1,0,1,1,1
1037,215833,0.16113373,-0.00310090,-0.80049153,2.91802907,-0.05186470,-0.06938006,1,0,1,1,1
1038,216041,0.16424791,0.05648208,-0.82085143,2.88164433,-0.03117068,-0.05084855,1,0,1,1,1
1039,216250,0.16150470,0.11682008,-0.84916922,2.88131227,-0.03703987,-0.06634732,1,0,1,1,1
1040,216458,0.15259986,0.17657209,-0.87083564,2.85740509,-0.02542201,-0.07342622,1,0,1,1,1
1041,216666,0.13952149,0.24104954,-0.89776685,2.79084232,-0.01253828,-0.05910790,1,0,1,1,1
1042,216875,0.13100231,0.30757891,-0.90179159,2.70798310,-0.00816394,-0.09297684,1,0,1,1,1
1043,217083,0.11869856,0.35552018,-0.91348563,2.66270846,-0.01238503,-0.08320932,1,0,1,1,1
1044,217291,0.10909763,0.40884093,-0.91637184,2.58921482,-0.00513559,-0.07703156,1,0,1,1,0
1045,217500,0.10264629,0.46711148,-0.91409322,2.51203658,-0.00351606,-0.09857864,1,0,1,1,0
1046,217708,0.08424734,0.50921175,-0.92103504,2.39998977,0.01187596,-0.07685922,1,0,1,1,0
1047,217916,0.07282856,0.56741247,-0.91456294,2.29461329,0.00926350,-0.10263682,1,0,1,1,0
1048,218125,0.05593813,0.61348295,-0.89840401,2.16764098,0.02335051,-0.09550820,1,0,1,1,0
1049,218333,0.05452724,0.65278531,-0.89206231,2.04219306,0.03659998,-0.10361494,1,0,1,1,0
1050,218541,0.03691930,0.70403739,-0.87075205,1.90385991,0.01561132,-0.12554677,1,0,1,1,0
1051,218750,0.01925538,0.73729092,-0.85949039,1.75108661,0.02001407,-0.10339508,1,0,1,1,0
1052,218958,0.01662119,0.76700035,-0.82565096,1.61098565,0.04409336,-0.09188527,1,0,1,1,0
1053,219166,-0.00110690,0.79787734,-0.78861049,1.45507566,0.05698880,-0.11034477,1,0,1,1,0
1054,219375,-0.01768645,0.82487794,-0.76106450,1.26211146,0.05871416,-0.10604466,1,0,1,1,0
1055,219583,-0.02254342,0.85130688,-0.72260865,1.10264723,0.04904208,-0.10426315,1,0,1,1,0
1056,219791,-0.04161965,0.87272477,-0.68363440,0.90834027,0.07519228,-0.09264957,1,0,1,1,0
1057,220000,-0.06048624,0.88913934,-0.64012019,0.72331896,0.09003863,-0.10009963,1,0,1,1,0
1058,220208,-0.06034416,0.90329508,-0.60438858,0.56624984,0.06672558,-0.09434918,1,0,1,1,0
1059,220416,-0.08155608,0.90807151,-0.55125754,0.38861632,0.07229597,-0.09189220,1,0,1,1,0
1060,220625,-0.07414938,0.91684426,-0.49576914,0.17633829,0.08359556,-0.09476748,1,0,1,1,0
1061,220833,-0.10300223,0.91330128,-0.45609038,0.00826543,0.08551803,-0.06953221,1,0,1,1,0
1062,221041,-0.12195771,0.92091420,-0.40961487,-0.20619593,0.10187106,-0.09320655,1,0,1,1,0
1063,221250,-0.11375155,0.91277879,-0.35135316,-0.39084993,0.09535615,-0.07209384,1,0,1,1,0
1064,221458,-0.13293815,0.90134174,-0.28990906,-0.55895527,0.09188804,-0.06219660,1,0,1,1,0
1065,221666,-0.14095333,0.89208275,-0.24315980,-0.76942185,0.09078492,-0.07184779,1,0,1,1,0
1066,221875,-0.14929759,0.86525059,-0.18022061,-0.93253530,0.08286991,-0.06506475,1,0,1,1,0
1067,222083,-0.16633629,0.84426236,-0.11881921,-1.12255924,0.11288426,-0.05529670,1,0,1,1,0
1068,222291,-0.17800452,0.81510956,-0.05683586,-1.29886583,0.10608444,-0.05898061,1,0,1,1,0
1069,222500,-0.16431389,0.79890443,0.01166632,-1.46379806,0.09909455,-0.06866000,1,0,1,1,0
1070,222708,-0.18805150,0.76479154,0.06620986,-1.64119782,0.10084996,-0.04641098,1,0,1,1,0
1071,222916,-0.17740893,0.73321618,0.11704045,-1.76077373,0.09802195,-0.02148936,1,0,1,1,0
1072,223125,-0.18752044,0.69624882,0.20127542,-1.91739752,0.08035477,-0.02612655,1,0,1,1,0
1073,223333,-0.19300214,0.64508625,0.24041300,-2.05919613,0.08228990,-0.02477503,1,0,1,1,0
1074,223541,-0.19910288,0.59978071,0.28963082,-2.19388973,0.09253838,-0.01160597,1,0,1,1,0
1075,223750,-0.18725103,0.54790959,0.34911292,-2.30372180,0.09004264,-0.01415231,1,0,1,1,0
1076,223958,-0.20343706,0.50255131,0.40391095,-2.40800607,0.08941194,-0.00589911,1,0,1,1,0
1077,224166,-0.20361791,0.45537340,0.45536618,-2.51923776,0.10340388,-0.00396507,1,0,1,1,0
1078,224375,-0.19639271,0.39366667,0.51574146,-2.59573214,0.08009020,0.01166174,1,0,1,1,0
1079,224583,-0.20173451,0.34380331,0.54872937,-2.68033619,0.07149595,0.00803538,1,0,1,1,1
1080,224791,-0.20119513,0.29247860,0.61346498,-2.75025074,0.07548472,0.01669659,1,0,1,1,1
1081,225000,-0.19335923,0.23979373,0.65651234,-2.79465006,0.05649625,0.03500679,1,0,1,1,1
1082,225208,-0.18574681,0.17315700,0.69124672,-2.85130341,0.06722884,0.03052941,1,0,1,1,1
1083,225416,-0.17510354,0.11803330,0.73621796,-2.88900217,0.05335211,0.04424140,1,0,1,1,1
1084,225625,-0.16862258,0.06685194,0.76114283,-2.89496278,0.05751857,0.05101937,1,0,1,1,1
1085,225833,-0.18177949,-0.01161512,0.79407211,-2.89962974,0.04789654,0.04953328,1,0,1,1,1
1086,226041,-0.16067434,-0.05727779,0.82929008,-2.89533821,0.04250231,0.05235019,1,0,1,1,1
1087,226250,-0.16317476,-0.12067556,0.85022359,-2.86195975,0.04421247,0.04795363,1,0,1,1,1
1088,226458,-0.15463168,-0.17561387,0.86924976,-2.83729117,0.03915890,0.05523129,1,0,1,1,1
1089,226666,-0.14373532,-0.23571805,0.88920477,-2.79971298,0.04587778,0.07704678,1,0,1,1,1
1090,226875,-0.13453750,-0.30145771,0.90998567,-2.74289982,0.02611151,0.08131859,1,0,1,1,1
1091,227083,-0.12679506,-0.35445165,0.91957173,-2.67457552,0.01025862,0.06964763,1,0,1,1,1
1092,227291,-0.12247764,-0.41656362,0.92118955,-2.59120199,-0.00013238,0.08730342,1,0,1,1,0
1093,227500,-0.09253844,-0.46491671,0.91923215,-2.50589942,0.00312143,0.08893904,1,0,1,1,0
1094,227708,-0.08376248,-0.51320833,0.92159750,-2.40719874,0.00772768,0.09919540,1,0,1,1,0
1095,227916,-0.07642710,-0.56068436,0.90867268,-2.30792413,-0.00483384,0.11417515,1,0,1,1,0
1096,228125,-0.06893002,-0.60469620,0.90883941,-2.18078227,-0.02697236,0.10055229,1,0,1,1,0
1097,228333,-0.04537391,-0.64457569,0.89379734,-2.04070846,-0.02169119,0.08977390,1,0,1,1,0
1098,228541,-0.03909190,-0.69574639,0.88084696,-1.90264212,-0.03025235,0.10557956,1,0,1,1,0
1099,228750,-0.02870143,-0.72599092,0.84549656,-1.77226370,-0.02809774,0.08876981,1,0,1,1,0
1100,228958,-0.02098578,-0.76543689,0.81947920,-1.60839228,-0.04152587,0.12202192,1,0,1,1,0
1101,229166,0.00303763,-0.80513269,0.79789222,-1.45057004,-0.04766014,0.08773550,1,0,1,1,0
1102,229375,0.01177548,-0.82778951,0.76137287,-1.25995383,-0.06765791,0.10414776,1,0,1,1,0
1103,229583,0.02778489,-0.85138118,0.73210233,-1.09796273,-0.05323061,0.09911727,1,0,1,1,0
1104,229791,0.04022830,-0.87741725,0.69500453,-0.91833209,-0.08010113,0.09387341,1,0,1,1,0
1105,230000,0.05529071,-0.89593962,0.65538050,-0.74151341,-0.07005975,0.09173611,1,0,1,1,0
1106,230208,0.06569732,-0.90973572,0.60294473,-0.56214769,-0.08092014,0.10819882,1,0,1,1,0
1107,230416,0.07530576,-0.91675172,0.56037087,-0.37299666,-0.08564384,0.09791905,1,0,1,1,0
1108,230625,0.09149848,-0.92400810,0.50442244,-0.17469471,-0.07751339,0.08800966,1,0,1,1,0
1109,230833,0.10500343,-0.91513554,0.45704489,0.00746657,-0.08680783,0.10375044,1,0,1,1,0
1110,231041,0.11908780,-0.93109759,0.40274936,0.20474478,-0.11377448,0.08176678,1,0,1,1,0
1111,231250,0.11639662,-0.91182214,0.34784452,0.38993483,-0.09449871,0.08647228,1,0,1,1,0
1112,231458,0.13769359,-0.89931310,0.30137033,0.57858808,-0.09868728,0.06155061,1,0,1,1,0
1113,231666,0.13376992,-0.89246570,0.22814086,0.76376078,-0.08410754,0.05759500,1,0,1,1,0
1114,231875,0.15575604,-0.87072787,0.17638529,0.93644054,-0.11056966,0.07277070,1,0,1,1,0
1115,232083,0.15605779,-0.84952702,0.11743914,1.11596726,-0.08001993,0.06368096,1,0,1,1,0
1116,232291,0.17085667,-0.82290251,0.06060166,1.30074725,-0.09124080,0.07673537,1,0,1,1,0
1117,232500,0.18102394,-0.79047466,-0.00816963,1.47697362,-0.10277969,0.04264585,1,0,1,1,0
1118,232708,0.18085939,-0.75889697,-0.06426571,1.62869475,-0.10395127,0.05067442,1,0,1,1,0
1119,232916,0.18509050,-0.72956813,-0.12558860,1.74549532,-0.10548128,0.03549001,1,0,1,1,0
1120,233125,0.18938905,-0.69585822,-0.19319695,1.91208055,-0.09481656,0.04029730,1,0,1,1,0
1121,233333,0.19125358,-0.64638272,-0.23468321,2.05886331,-0.10438071,0.03323446,1,0,1,1,0
1122,233541,0.20211253,-0.60661982,-0.30538260,2.17597813,-0.09575423,0.01889317,1,0,1,1,0
1123,233750,0.19798518,-0.55952569,-0.36232092,2.29538868,-0.10312054,0.00530298,1,0,1,1,0
1124,233958,0.18882584,-0.50692401,-0.40433512,2.41265341,-0.08240551,0.00280172,1,0,1,1,0
1125,234166,0.20444345,-0.45917329,-0.46378036,2.51994554,-0.08473370,-0.01147498,1,0,1,1,0
1126,234375,0.20364513,-0.40243782,-0.51467807,2.61154341,-0.08763334,-0.00323881,1,0,1,1,1
1127,234583,0.19831496,-0.33662568,-0.56347006,2.67941372,-0.08154103,-0.04148560,1,0,1,1,1
1128,234791,0.19192646,-0.28946356,-0.60318188,2.74487568,-0.08188346,-0.02566060,1,0,1,1,1
1129,235000,0.18700153,-0.22860206,-0.65519941,2.79533687,-0.06733184,-0.01717604,1,0,1,1,1
1130,235208,0.18499247,-0.17418793,-0.69055378,2.85129522,-0.07822380,-0.02367066,1,0,1,1,1
1131,235416,0.18523001,-0.11700782,-0.73734527,2.88088575,-0.05158082,-0.05470979,1,0,1,1,1
1132,235625,0.16955708,-0.05490282,-0.76495632,2.90350234,-0.05353508,-0.03871097,1,0,1,1,1
1133,235833,0.17468322,0.00497144,-0.79377027,2.90128005,-0.05418552,-0.06171215,1,0,1,1,1
1134,236041,0.16598597,0.06702118,-0.81951686,2.88000294,-0.03804031,-0.05962848,1,0,1,1,1
1135,236250,0.16442760,0.12287625,-0.85901694,2.87036980,-0.03406122,-0.05349159,1,0,1,1,1
1136,236458,0.15320369,0.17540495,-0.87385878,2.85086529,-0.04227131,-0.07594659,1,0,1,1,1
1137,236666,0.13715991,0.23321181,-0.88178063,2.78120755,-0.01247270,-0.05668640,1,0,1,1,1
1138,236875,0.12280450,0.30044787,-0.89878250,2.74199644,-0.04413395,-0.07284332,1,0,1,1,1
1139,237083,0.11707836,0.34882968,-0.91416681,2.67823332,-0.00181294,-0.07491911,1,0,1,1,1
1140,237291,0.11749530,0.41269304,-0.91903987,2.61649939,-0.00782531,-0.07256708,1,0,1,1,1
1141,237500,0.10098423,0.46899530,-0.91952421,2.50041362,0.01025264,-0.07787084,1,0,1,1,0
1142,237708,0.09098347,0.51225127,-0.92085535,2.40443735,0.02129088,-0.08180799,1,0,1,1,0
1143,237916,0.07294213,0.56825902,-0.91024916,2.31145811,0.00912210,-0.09909759,1,0,1,1,0
1144,238125,0.06625970,0.60993807,-0.90054213,2.16780108,0.01604476,-0.10591331,1,0,1,1,0
1145,238333,0.04369294,0.65261993,-0.89461912,2.05422554,0.02936338,-0.09950465,1,0,1,1,0
1146,238541,0.04319463,0.69393289,-0.87363787,1.90844877,0.02113607,-0.09340158,1,0,1,1,0
1147,238750,0.01979295,0.72756051,-0.85177788,1.75520026,0.03527206,-0.11204511,1,0,1,1,0
1148,238958,0.00263737,0.76198023,-0.82538830,1.60728928,0.04037411,-0.09397944,1,0,1,1,0
1149,239166,0.01070998,0.79037540,-0.79378622,1.43979739,0.03843881,-0.09625470,1,0,1,1,0
1150,239375,-0.01302803,0.82337201,-0.76183931,1.29617831,0.05115388,-0.10158066,1,0,1,1,0
1151,239583,-0.02619795,0.86265755,-0.73070451,1.07981850,0.06868165,-0.09848335,1,0,1,1,0
1152,239791,-0.04898971,0.86576693,-0.68171460,0.91981090,0.07300393,-0.09735910,1,0,1,1,0
1153,240000,-0.04925408,0.88485411,-0.64684120,0.73831464,0.06918366,-0.09208602,1,0,1,1,0
1154,240208,-0.06043409,0.90033698,-0.59533464,0.55454450,0.07603617,-0.08711667,1,0,1,1,0
1155,240416,-0.07807994,0.91024070,-0.54876801,0.37934651,0.07650423,-0.06354020,1,0,1,1,0
1156,240625,-0.08452835,0.92103157,-0.51230325,0.17515157,0.06572567,-0.08784240,1,0,1,1,0
1157,240833,-0.09464882,0.91822852,-0.45841051,-0.00514714,0.07660862,-0.09286954,1,0,1,1,0
1158,241041,-0.10897928,0.91784946,-0.40510288,-0.19739926,0.09943018,-0.10201544,1,0,1,1,0
1159,241250,-0.13308222,0.90813099,-0.34681183,-0.38012033,0.10449257,-0.09320315,1,0,1,1,0
1160,241458,-0.13814236,0.89957856,-0.28861870,-0.57700445,0.08622076,-0.08252833,1,0,1,1,0
1161,241666,-0.13352628,0.88735321,-0.23411662,-0.75707314,0.10787273,-0.06357037,1,0,1,1,0
1162,241875,-0.15052253,0.86889553,-0.17916471,-0.94293649,0.08613872,-0.06962192,1,0,1,1,0
1163,242083,-0.15882669,0.85772033,-0.10891227,-1.12893700,0.09401780,-0.05653308,1,0,1,1,0
1164,242291,-0.17105740,0.82237469,-0.05957729,-1.27566842,0.09861993,-0.06258854,1,0,1,1,0
1165,242500,-0.17699813,0.79274062,0.00639291,-1.46633185,0.09726765,-0.04514464,1,0,1,1,0
1166,242708,-0.17399959,0.74927906,0.06258497,-1.62429970,0.09284087,-0.03519310,1,0,1,1,0
1167,242916,-0.17783486,0.72776787,0.12228393,-1.78195285,0.10036597,-0.04196946,1,0,1,1,0
1168,243125,-0.18589500,0.67846054,0.18530615,-1.91564031,0.10577475,-0.02746521,1,0,1,1,0
1169,243333,-0.19084864,0.64996654,0.24821061,-2.06249775,0.08196461,-0.02995047,1,0,1,1,0
1170,243541,-0.19335737,0.60404854,0.29955789,-2.17180788,0.09584304,-0.03148715,1,0,1,1,0
1171,243750,-0.19887595,0.56087640,0.35186066,-2.30150005,0.10190370,-0.00717140,1,0,1,1,0
1172,243958,-0.20572039,0.50486910,0.41647362,-2.41960903,0.08540583,-0.00206638,1,0,1,1,0
1173,244166,-0.20712161,0.45713283,0.46457531,-2.52558982,0.08095967,0.00628174,1,0,1,1,0
1174,244375,-0.19291310,0.40735023,0.51402846,-2.60647511,0.07444537,0.01644201,1,0,1,1,1
1175,244583,-0.19826399,0.34454222,0.56720233,-2.67788688,0.09912706,0.01090864,1,0,1,1,1
1176,244791,-0.19348221,0.29594295,0.61016482,-2.74977578,0.08988657,0.01809792,1,0,1,1,1
1177,245000,-0.19174881,0.23814783,0.66472506,-2.80517724,0.06751595,0.02336825,1,0,1,1,1
1178,245208,-0.18761178,0.17606806,0.69353840,-2.85642895,0.07747599,0.03592537,1,0,1,1,1
1179,245416,-0.18251121,0.12528607,0.73738766,-2.85405538,0.05533936,0.03720137,1,0,1,1,1
1180,245625,-0.17528778,0.06011091,0.76881649,-2.89644300,0.05371195,0.04579910,1,0,1,1,1
1181,245833,-0.17639892,-0.01095566,0.80047715,-2.91372770,0.03909953,0.04309391,1,0,1,1,1
1182,246041,-0.15971112,-0.05776371,0.82473195,-2.90386546,0.02548610,0.04556939,1,0,1,1,1
1183,246250,-0.16167990,-0.12586996,0.84948572,-2.87729972,0.03214560,0.05206393,1,0,1,1,1
1184,246458,-0.14850014,-0.17795812,0.87485845,-2.82284833,0.02756485,0.07036110,1,0,1,1,1
1185,246666,-0.14669016,-0.23907488,0.88543114,-2.80026637,0.02981222,0.07052711,1,0,1,1,1
1186,246875,-0.13209212,-0.31135041,0.90051410,-2.74659274,0.02571782,0.07047705,1,0,1,1,1
1187,247083,-0.12448365,-0.35143633,0.91324825,-2.66693489,0.01148137,0.08617957,1,0,1,1,1
1188,247291,-0.11046805,-0.41036919,0.92526078,-2.58728567,-0.00371751,0.09791761,1,0,1,1,0
1189,247500,-0.09583541,-0.46459927,0.92141196,-2.49983389,-0.00692659,0.08182788,1,0,1,1,0
1190,247708,-0.08761651,-0.51546556,0.91931389,-2.40365536,0.00902433,0.07900034,1,0,1,1,0
1191,247916,-0.06628375,-0.55825790,0.90769184,-2.30562545,-0.00710527,0.10197150,1,0,1,1,0
1192,248125,-0.05985628,-0.61324973,0.91147311,-2.18119448,-0.00562097,0.09495832,1,0,1,1,0
1193,248333,-0.05243602,-0.64692392,0.89458079,-2.05938776,-0.00844742,0.09484809,1,0,1,1,0
1194,248541,-0.03894914,-0.70116691,0.87728754,-1.90676179,-0.03904715,0.10832319,1,0,1,1,0
1195,248750,-0.02368127,-0.73023629,0.84224417,-1.76165698,-0.03038708,0.09656374,1,0,1,1,0
1196,248958,-0.00898782,-0.76291120,0.82586845,-1.60805758,-0.05356186,0.10377861,1,0,1,1,0
1197,249166,-0.00556858,-0.79485612,0.79044432,-1.43847988,-0.03996731,0.10160205,1,0,1,1,0
1198,249375,0.01688573,-0.82611710,0.76659983,-1.28017207,-0.04756704,0.13220759,1,0,1,1,0
1199,249583,0.02069353,-0.85299456,0.72871420,-1.10387872,-0.08229193,0.09775565,1,0,1,1,0
1200,249791,0.04233918,-0.87598369,0.69101013,-0.92749889,-0.06216746,0.10737838,1,0,1,1,0
1201,250000,0.09075284,-0.93231388,0.62038206,-0.74933017,-0.08106551,0.12562232,1,0,1,1,0
1202,250208,0.10002176,-0.94321650,0.57589729,-0.56284845,-0.08348332,0.13338553,1,0,1,1,0
1203,250416,0.10058058,-0.95432262,0.53268739,-0.39464981,-0.09408844,0.12739345,1,0,1,1,0
1204,250625,0.11764768,-0.96095373,0.49004842,-0.19053197,-0.08566079,0.13746827,1,0,1,1,0
1205,250833,0.14461050,-0.94817011,0.43789790,-0.00735564,-0.10865927,0.12838387,1,0,1,1,0
1206,251041,0.14584480,-0.96368903,0.38911295,0.17627964,-0.12152674,0.13383363,1,0,1,1,0
1207,251249,0.17871360,-0.94342612,0.32976494,0.35069202,-0.12353883,0.12029122,1,0,1,1,0
1208,251458,0.19948525,-0.94529634,0.28035835,0.52363959,-0.12412848,0.11849602,1,0,1,1,0
1209,251666,0.22054615,-0.93044208,0.23152178,0.67825092,-0.12416454,0.10578096,1,0,1,1,0
1210,251875,0.23540080,-0.91297244,0.16920611,0.83938779,-0.12231648,0.12590489,1,0,1,1,0
1211,252083,0.26193275,-0.89209511,0.11156814,0.98769706,-0.13482394,0.11289584,1,0,1,1,0
1212,252291,0.28522469,-0.85709346,0.05292960,1.10009793,-0.13942745,0.13797017,1,0,1,1,0
1213,252500,0.30242723,-0.83042379,-0.01081870,1.21569811,-0.14274562,0.10741509,1,0,1,1,0
1214,252708,0.34011343,-0.80277111,-0.05952992,1.32739764,-0.14632011,0.12022419,1,0,1,1,0
1215,252916,0.37069262,-0.75299199,-0.12534377,1.40125680,-0.14796315,0.11432720,1,0,1,1,0
1216,253125,0.39502154,-0.72830917,-0.18544734,1.46975591,-0.13644206,0.09504521,1,0,1,1,0
1217,253333,0.41706722,-0.68650492,-0.24162083,1.53553008,-0.15603800,0.08424771,1,0,1,1,0
1218,253541,0.45111718,-0.64581122,-0.29834754,1.56554966,-0.16307423,0.08384927,1,0,1,1,0
1219,253749,0.48120045,-0.59911920,-0.36630386,1.60499471,-0.17181826,0.08957850,1,0,1,1,0
1220,253958,0.50690339,-0.54775990,-0.41560591,1.59581517,-0.16463303,0.09355352,1,0,1,1,0
1221,254166,0.53122084,-0.48829351,-0.45906858,1.58536511,-0.15610821,0.05024737,1,0,1,1,0
1222,254375,0.54137445,-0.43480617,-0.51462732,1.57275836,-0.17909625,0.05406919,1,0,1,1,0
1223,254583,0.57237989,-0.37418159,-0.57415589,1.54354800,-0.15293795,0.03866782,1,0,1,1,0
1224,254791,0.59205859,-0.32528341,-0.61852397,1.49704236,-0.16771940,0.03137752,1,0,1,1,0
1225,255000,0.60944224,-0.25814498,-0.66992052,1.44338091,-0.16297320,0.04189368,1,0,1,1,0
1226,255208,0.61883320,-0.19754113,-0.70999617,1.36746839,-0.15185277,0.00657211,1,0,1,1,0
1227,255416,0.63224679,-0.13371381,-0.75466682,1.31163488,-0.15790349,-0.01268203,1,0,1,1,0
1228,255625,0.61947845,-0.07612456,-0.79228958,1.20473036,-0.14270213,-0.00571269,1,0,1,1,0
1229,255833,0.63115204,-0.01229536,-0.82714653,1.12966092,-0.15250974,-0.01524351,1,0,1,1,0
1230,256041,0.62586807,0.06064648,-0.84661171,1.05065799,-0.12495438,-0.03467259,1,0,1,1,0
1231,256249,0.61827602,0.12743339,-0.88466620,0.95412291,-0.12352716,-0.04874910,1,0,1,1,0
1232,256458,0.60679583,0.18487289,-0.90005867,0.86816990,-0.11639936,-0.05178883,1,0,1,1,0
1233,256666,0.57490930,0.25538669,-0.92756465,0.77224476,-0.10368222,-0.07825619,1,0,1,1,0
1234,256875,0.56206518,0.32189788,-0.94379546,0.69258568,-0.09599873,-0.07172887,1,0,1,1,0
1235,257083,0.52869512,0.37653260,-0.95069099,0.61481701,-0.08017141,-0.09034492,1,0,1,1,0
1236,257291,0.48878886,0.43216942,-0.96652566,0.52426501,-0.07498694,-0.08355241,1,0,1,1,0
1237,257500,0.44543270,0.49210345,-0.95984137,0.44506809,-0.06378760,-0.10432766,1,0,1,1,0
1238,257708,0.40656584,0.55260076,-0.96264997,0.37904310,-0.06623762,-0.11857810,1,0,1,1,0
1239,257916,0.35825139,0.60879383,-0.95915232,0.33064177,-0.02235445,-0.12823461,1,0,1,1,0
1240,258125,0.30574278,0.66335535,-0.95025708,0.27308749,-0.03487665,-0.15346877,1,0,1,1,0
1241,258333,0.24450159,0.71319794,-0.92221311,0.20668170,0.00584576,-0.14282093,1,0,1,1,0
1242,258541,0.19114056,0.75865689,-0.91353132,0.17269346,0.00036479,-0.15028266,1,0,1,1,0
1243,258749,0.12390822,0.80694191,-0.89075911,0.13019199,0.02818573,-0.15360294,1,0,1,1,0
1244,258958,0.06781556,0.83984994,-0.85886943,0.11219073,0.03972575,-0.16105500,1,0,1,1,0
1245,259166,0.00463685,0.88647114,-0.83628811,0.07585557,0.05220928,-0.14903160,1,0,1,1,0
1246,259375,-0.07444754,0.91754134,-0.79141983,0.05137283,0.05622093,-0.16923657,1,0,1,1,0
1247,259583,-0.13675298,0.94589038,-0.75864854,0.05281270,0.05674239,-0.17721270,1,0,1,1,0
1248,259791,-0.19843634,0.96283106,-0.72335272,0.01400861,0.07943038,-0.18655168,1,0,1,1,0
1249,260000,-0.26713292,0.98582671,-0.67386507,0.01485674,0.09016275,-0.17430841,0,0,0,0,0
1250,260208,-0.33915269,1.00596824,-0.62857248,0.01413798,0.10379275,-0.17910743,0,0,0,0,0
1251,260416,-0.39053151,1.01295226,-0.57195538,-0.00449451,0.10348347,-0.17929672,0,0,0,0,0
1252,260625,-0.45870063,1.01764034,-0.52318249,-0.03075061,0.12321259,-0.16598341,0,0,0,0,0
1253,260833,-0.51360348,1.02017567,-0.46838277,-0.04344575,0.10647065,-0.14692016,0,0,0,0,0
1254,261041,-0.57639525,1.01870508,-0.40505842,-0.06155477,0.14156438,-0.14334900,0,0,0,0,0
1255,261249,-0.62192217,1.01022016,-0.34717483,-0.04470846,0.15388550,-0.15899106,0,0,0,0,0
1256,261458,-0.67988540,1.01988581,-0.28066727,-0.08266706,0.15199706,-0.13850454,0,0,0,0,0
1257,261666,-0.72234205,0.98101043,-0.21888648,-0.07561491,0.16336800,-0.12674192,0,0,0,0,0
1258,261875,-0.77392928,0.96694118,-0.16132993,-0.10793933,0.17295013,-0.11680461,0,0,0,0,0
1259,262083,-0.81799469,0.95185361,-0.09525562,-0.07847342,0.18565367,-0.09802669,0,0,0,0,0
1260,262291,-0.85277418,0.91857878,-0.04037401,-0.12734044,0.18918039,-0.11702931,0,0,0,0,0
1261,262500,-0.89577642,0.88955688,0.03481311,-0.12251805,0.18368997,-0.10539728,0,0,0,0,0
1262,262708,-0.91313712,0.85897477,0.09802019,-0.11929526,0.18125636,-0.09434142,0,0,0,0,0
1263,262916,-0.94893612,0.82433713,0.16504768,-0.14623907,0.18498213,-0.07518719,0,0,0,0,0
1264,263125,-0.97632759,0.77662248,0.22244907,-0.14066223,0.19836354,-0.09712019,0,0,0,0,0
1265,263333,-0.99493067,0.73820440,0.28530920,-0.15548856,0.18347954,-0.06309357,0,0,0,0,0
1266,263541,-1.00802243,0.67766706,0.34699919,-0.15442015,0.17846608,-0.06932761,0,0,0,0,0
1267,263750,-1.01400028,0.63281935,0.41586559,-0.15237820,0.18340407,-0.04196676,0,0,0,0,0
1268,263958,-1.02998667,0.58535108,0.46866614,-0.17160794,0.16949971,-0.01140267,0,0,0,0,0
1269,264166,-1.02954773,0.53731911,0.51640215,-0.15576517,0.15643554,-0.01298250,0,0,0,0,0
1270,264375,-1.02580141,0.46498403,0.58156172,-0.16992321,0.16515345,-0.02391391,0,0,0,0,0
1271,264583,-1.01137285,0.40449168,0.62807070,-0.15602125,0.15749423,-0.00533450,0,0,0,0,0
1272,264791,-1.00333954,0.35058424,0.68521645,-0.18527433,0.14842520,0.00053511,0,0,0,0,0
1273,265000,-0.98540804,0.28638058,0.72903154,-0.18425471,0.15038765,0.03294606,0,0,0,0,0
1274,265208,-0.97407425,0.21859267,0.77601312,-0.18049022,0.12059809,0.00844854,0,0,0,0,0
1275,265416,-0.94387509,0.15128012,0.81521324,-0.19008387,0.12644589,0.03636386,0,0,0,0,0
1276,265625,-0.91756100,0.08935788,0.85147245,-0.16791944,0.11549435,0.04384323,0,0,0,0,0
1277,265833,-0.88944789,0.02875891,0.88562627,-0.17653810,0.10824167,0.04884773,0,0,0,0,0
1278,266041,-0.85439768,-0.04134956,0.91346198,-0.18515293,0.10546299,0.08662142,0,0,0,0,0
1279,266250,-0.82307532,-0.09944817,0.93149672,-0.17906385,0.08828526,0.06348826,0,0,0,0,0
1280,266458,-0.76941024,-0.17110997,0.95087283,-0.17583906,0.10401005,0.07595049,0,0,0,0,0
1281,266666,-0.73502364,-0.23177400,0.97002360,-0.15331202,0.08120992,0.11218697,0,0,0,0,0
1282,266875,-0.68321542,-0.29668715,0.99129742,-0.15246960,0.05793331,0.10312669,0,0,0,0,0
1283,267083,-0.63199567,-0.36206508,0.98581666,-0.15195985,0.03751164,0.10976132,0,0,0,0,0
1284,267291,-0.58893788,-0.41624579,1.00191181,-0.14703645,0.03807781,0.11210667,0,0,0,0,0
1285,267500,-0.52657406,-0.48499671,1.00143502,-0.13776717,0.02963973,0.12458158,0,0,0,0,0
1286,267708,-0.46728755,-0.53805997,1.00534689,-0.10892572,0.01567758,0.12591341,0,0,0,0,0
1287,267916,-0.40883599,-0.59138932,0.99077653,-0.11991423,0.03661508,0.12779159,0,0,0,0,0
1288,268125,-0.34665817,-0.63886438,0.97733132,-0.09943054,-0.01613005,0.12537628,0,0,0,0,0
1289,268333,-0.27568853,-0.68628866,0.96927210,-0.10140851,-0.00982133,0.14336898,0,0,0,0,0
1290,268541,-0.22276077,-0.73921607,0.94151708,-0.07112868,-0.02236075,0.13990767,0,0,0,0,0
1291,268750,-0.15952486,-0.78246457,0.91585156,-0.08972262,-0.03427535,0.14344731,0,0,0,0,0
1292,268958,-0.09006034,-0.81651060,0.88579455,-0.05874862,-0.06187841,0.15634888,0,0,0,0,0
1293,269166,-0.01705426,-0.86032223,0.85692195,-0.06335665,-0.05355107,0.14564945,0,0,0,0,0
1294,269375,0.04977865,-0.87967764,0.81739635,-0.02216028,-0.06183411,0.14986787,0,0,0,0,0
1295,269583,0.11464290,-0.91411812,0.77747595,-0.02537247,-0.06685253,0.16721230,0,0,0,0,0
1296,269791,0.18162778,-0.94318307,0.74313644,-0.03691507,-0.07913625,0.15299278,0,0,0,0,0
1297,270000,0.24294891,-0.96353943,0.68982139,-0.01619271,-0.08142210,0.14152896,0,0,0,0,0
1298,270208,0.30256737,-0.97208914,0.63816386,0.01346878,-0.12323562,0.13273666,0,0,0,0,0
1299,270416,0.36256506,-0.98399690,0.58360702,0.02710826,-0.11374923,0.13811884,0,0,0,0,0
1300,270625,0.42152190,-0.99668563,0.53531318,0.04057479,-0.09437213,0.14199329,0,0,0,0,0
1301,270833,0.48541380,-0.99643720,0.47503020,0.05067637,-0.11616790,0.12184459,0,0,0,0,0
1302,271041,0.54715163,-1.00014395,0.41747741,0.06028099,-0.14793486,0.11997404,0,0,0,0,0
1303,271250,0.59876366,-0.99005597,0.35475029,0.08852889,-0.13837677,0.10606448,0,0,0,0,0
1304,271458,0.64953593,-0.97134813,0.29810611,0.08289422,-0.15475870,0.09926351,0,0,0,0,0
1305,271666,0.69322318,-0.95381640,0.22738163,0.10550141,-0.15273552,0.08117096,0,0,0,0,0
1306,271875,0.75747951,-0.94715784,0.17164699,0.11165424,-0.13160920,0.08631304,0,0,0,0,0
1307,272083,0.78331913,-0.92157495,0.10172873,0.12312898,-0.14420521,0.07513066,0,0,0,0,0
1308,272291,0.82748260,-0.89554011,0.04237267,0.13714334,-0.17013749,0.07846505,0,0,0,0,0
1309,272500,0.86770614,-0.87613902,-0.02471347,0.14528279,-0.16269153,0.05481707,0,0,0,0,0
1310,272708,0.89492409,-0.83971431,-0.09251681,0.16830448,-0.15410791,0.03672479,0,0,0,0,0
1311,272916,0.91876582,-0.80851130,-0.15438070,0.15746416,-0.15486887,0.04854838,0,0,0,0,0
1312,273125,0.95088159,-0.75433538,-0.21579170,0.18517546,-0.14632624,0.02785404,0,0,0,0,0
1313,273333,0.96003639,-0.70333202,-0.28130822,0.18236188,-0.15367517,0.01623776,0,0,0,0,0
1314,273541,0.99113030,-0.66120127,-0.35711450,0.19602714,-0.14543708,0.00422801,0,0,0,0,0
1315,273750,0.99526001,-0.61695075,-0.41506538,0.20024113,-0.14497706,-0.00425277,0,0,0,0,0
1316,273958,0.99972488,-0.56566515,-0.47424140,0.20227163,-0.13574527,-0.02473400,0,0,0,0,0
1317,274166,0.99675548,-0.51253438,-0.52647893,0.22393254,-0.11967136,-0.02742976,0,0,0,0,0
1318,274375,0.99662908,-0.44887535,-0.58793902,0.21184285,-0.11811261,-0.03941974,0,0,0,0,0
1319,274583,0.99640556,-0.39455408,-0.64136153,0.22559038,-0.12218670,-0.04433692,0,0,0,0,0
1320,274791,0.99616799,-0.33509434,-0.69278870,0.22802022,-0.09762512,-0.04739445,0,0,0,0,0
1321,275000,0.97372165,-0.27927923,-0.73530119,0.21976720,-0.09169497,-0.05944181,0,0,0,0,0
1322,275208,0.95603030,-0.20796683,-0.77820298,0.21090998,-0.09525429,-0.07433306,0,0,0,0,0
1323,275416,0.93393960,-0.14805812,-0.82872195,0.21502325,-0.09018380,-0.10674943,0,0,0,0,0
1324,275625,0.91762735,-0.08106005,-0.86305108,0.23632290,-0.06173226,-0.10359837,0,0,0,0,0
1325,275833,0.87360692,-0.01346097,-0.90414042,0.22743398,-0.05441864,-0.12682899,0,0,0,0,0
1326,276041,0.84999536,0.03800874,-0.93703946,0.22208382,-0.07616731,-0.10673735,0,0,0,0,0
1327,276250,0.80302666,0.10912049,-0.94918392,0.21234673,-0.03907111,-0.12727862,0,0,0,0,0
1328,276458,0.76100893,0.17231055,-0.97256415,0.23171912,-0.02334154,-0.13560037,0,0,0,0,0
1329,276666,0.72045732,0.23500749,-0.99173312,0.20111275,-0.02327300,-0.14854617,0,0,0,0,0
1330,276875,0.67375273,0.29414996,-0.99895803,0.20557133,-0.02359599,-0.13607555,0,0,0,0,0
1331,277083,0.62747428,0.35685088,-1.02534741,0.20257752,-0.01142238,-0.15414457,0,0,0,0,0
1332,277291,0.56088693,0.41415187,-1.03316654,0.17694976,0.02004906,-0.16211827,0,0,0,0,0
1333,277500,0.51863891,0.48106518,-1.02985506,0.17402341,0.02208243,-0.16485599,0,0,0,0,0
1334,277708,0.45805939,0.53401611,-1.03195011,0.16790299,0.02982643,-0.16850452,0,0,0,0,0
1335,277916,0.39857556,0.58651515,-1.01715618,0.17135892,0.05814186,-0.17554520,0,0,0,0,0
1336,278125,0.33509437,0.62562382,-0.99954029,0.14812674,0.03504712,-0.16449507,0,0,0,0,0
1337,278333,0.27762920,0.69252144,-0.98499414,0.12750050,0.05440227,-0.16677664,0,0,0,0,0
1338,278541,0.21353589,0.72529810,-0.96107774,0.11554111,0.06729321,-0.17981081,0,0,0,0,0
1339,278750,0.14973449,0.77749451,-0.93990622,0.11185191,0.07326728,-0.18926498,0,0,0,0,0
1340,278958,0.07881185,0.81064585,-0.91525308,0.09290993,0.06686290,-0.17825200,0,0,0,0,0
1341,279166,0.02232896,0.84040671,-0.88341435,0.10336463,0.10504475,-0.18679425,0,0,0,0,0
1342,279375,-0.04728704,0.88282514,-0.84240323,0.09113568,0.09702952,-0.16514796,0,0,0,0,0
1343,279583,-0.11637749,0.90271835,-0.81249586,0.06995695,0.10610494,-0.16148790,0,0,0,0,0
1344,279791,-0.17524160,0.92209719,-0.77764337,0.05349376,0.11909313,-0.16689789,0,0,0,0,0
1345,280000,-0.23982787,0.94059461,-0.71358220,0.04918298,0.12881398,-0.18166464,0,0,0,0,0
1346,280208,-0.29811361,0.96286018,-0.66522349,0.03385174,0.13779727,-0.16965202,0,0,0,0,0
1347,280416,-0.36215191,0.96591484,-0.60670669,0.00158862,0.15593643,-0.16085497,0,0,0,0,0
1348,280625,-0.42604614,0.97328311,-0.55673699,-0.01278068,0.16460334,-0.16002250,0,0,0,0,0
1349,280833,-0.48089268,0.97441733,-0.50205719,-0.01318770,0.15621111,-0.14634623,0,0,0,0,0
1350,281041,-0.54070469,0.97149656,-0.44647756,-0.03354718,0.15793628,-0.13170406,0,0,0,0,0
1351,281250,-0.57974222,0.96535327,-0.38843382,-0.04604716,0.16691958,-0.11860960,0,0,0,0,0
1352,281458,-0.62979678,0.96697819,-0.32361489,-0.07667067,0.16267231,-0.10015082,0,0,0,0,0
1353,281666,-0.67731732,0.94827018,-0.25388651,-0.09044508,0.17379363,-0.10186930,0,0,0,0,0
1354,281875,-0.73252378,0.92545760,-0.19165820,-0.09297830,0.16609210,-0.09293608,0,0,0,0,0
1355,282083,-0.76506612,0.89864418,-0.12375174,-0.11853993,0.19726179,-0.09092039,0,0,0,0,0
1356,282291,-0.80809966,0.87190568,-0.06174571,-0.14038215,0.17663365,-0.06262208,0,0,0,0,0
1357,282500,-0.84924439,0.84242318,-0.00032992,-0.14463287,0.16826354,-0.05871605,0,0,0,0,0
1358,282708,-0.87952411,0.81924309,0.07643008,-0.15208668,0.17793615,-0.04444203,0,0,0,0,0
1359,282916,-0.90459649,0.77438153,0.14215774,-0.14435299,0.15480224,-0.03625323,0,0,0,0,0
1360,283125,-0.92657089,0.73602309,0.20334732,-0.18031514,0.15535668,-0.02424384,0,0,0,0,0
1361,283333,-0.94451634,0.68952413,0.26996146,-0.18231766,0.16128442,0.00006242,0,0,0,0,0
1362,283541,-0.96142168,0.63738052,0.33332230,-0.17022390,0.15233345,0.00414962,0,0,0,0,0
1363,283750,-0.97402535,0.59282759,0.39071747,-0.20970607,0.15489188,0.03229812,0,0,0,0,0
1364,283958,-0.97215276,0.53485947,0.45234610,-0.19944880,0.11013940,0.01760167,0,0,0,0,0
1365,284166,-0.98186199,0.49177055,0.50777605,-0.21961936,0.13833736,0.05352289,0,0,0,0,0
1366,284375,-0.98028195,0.42546827,0.56752564,-0.21414866,0.11717595,0.04841106,0,0,0,0,0
1367,284583,-0.97442079,0.36787764,0.62811943,-0.19971184,0.10309279,0.06513031,0,0,0,0,0
1368,284791,-0.96361821,0.31469462,0.67865648,-0.21931237,0.08944253,0.08289730,0,0,0,0,0
1369,285000,-0.95544578,0.24566059,0.72586959,-0.22919053,0.09262154,0.10032401,0,0,0,0,0
1370,285208,-0.93516610,0.18548284,0.77342609,-0.24303308,0.10512856,0.11256907,0,0,0,0,0
1371,285416,-0.89546345,0.10999092,0.80908524,-0.23741756,0.08944286,0.12389417,0,0,0,0,0
1372,285625,-0.88962240,0.05761629,0.84387500,-0.24275817,0.08603981,0.12247687,0,0,0,0,0
1373,285833,-0.84994719,-0.00202748,0.88417403,-0.25229671,0.05790830,0.15337179,0,0,0,0,0
1374,286041,-0.81592675,-0.07236393,0.91603260,-0.25893889,0.04889841,0.15160754,0,0,0,0,0
1375,286250,-0.77545638,-0.13039926,0.94738608,-0.24490339,0.02032545,0.12574293,0,0,0,0,0
1376,286458,-0.73827231,-0.19669581,0.97016983,-0.23487792,0.00822079,0.16494348,0,0,0,0,0
1377,286666,-0.68710836,-0.25377487,0.99219935,-0.22029161,0.01018528,0.16941896,0,0,0,0,0
1378,286875,-0.64886148,-0.32439192,0.99245625,-0.23472327,-0.01460159,0.17810821,0,0,0,0,0
1379,287083,-0.59403443,-0.38205842,1.00970736,-0.22023071,-0.02190146,0.19496130,0,0,0,0,0
1380,287291,-0.54368933,-0.44669534,1.02013104,-0.23296795,-0.02528100,0.19831249,0,0,0,0,0
1381,287500,-0.48689174,-0.49640737,1.02554985,-0.21686231,-0.02519637,0.19437121,0,0,0,0,0
1382,287708,-0.43799679,-0.55251090,1.03182917,-0.22543952,-0.04981021,0.22125847,0,0,0,0,0
1383,287916,-0.37768456,-0.59768187,1.01029422,-0.17005872,-0.07527499,0.19764939,0,0,0,0,0
1384,288125,-0.32135278,-0.65509127,1.00107608,-0.18129038,-0.09144061,0.20041586,0,0,0,0,0
1385,288333,-0.25708600,-0.70077532,0.98760136,-0.17199931,-0.08338513,0.20569903,0,0,0,0,0
1386,288541,-0.19401521,-0.74573781,0.96678789,-0.15827774,-0.10206802,0.22281078,0,0,0,0,0
1387,288750,-0.14180609,-0.78277147,0.94266551,-0.12785688,-0.10564662,0.22305690,0,0,0,0,0
1388,288958,-0.06789134,-0.81018325,0.91984009,-0.14664105,-0.11970422,0.21148947,0,0,0,0,0
1389,289166,0.00178334,-0.87134585,0.89309413,-0.14070694,-0.12900565,0.21309682,0,0,0,0,0
1390,289375,0.05505683,-0.88418596,0.85357312,-0.09894406,-0.12664713,0.21761853,0,0,0,0,0
1391,289583,0.12102150,-0.90437364,0.80990567,-0.11867444,-0.13813299,0.20470668,0,0,0,0,0
1392,289791,0.19526887,-0.93518519,0.77108327,-0.08013564,-0.15454450,0.22016050,0,0,0,0,0
1393,290000,0.25887055,-0.94828313,0.72157514,-0.07993170,-0.17621745,0.22359043,0,0,0,0,0
1394,290208,0.31059082,-0.95916317,0.68344352,-0.06029869,-0.18119685,0.20080464,0,0,0,0,0
1395,290416,0.37473975,-0.97629882,0.63491263,-0.06388147,-0.17578393,0.19954667,0,0,0,0,0
1396,290625,0.43205776,-0.98372170,0.56608736,-0.00802521,-0.17738482,0.18949598,0,0,0,0,0
1397,290833,0.49508538,-0.97696385,0.51940066,-0.02194423,-0.20931405,0.19327784,0,0,0,0,0
1398,291041,0.54123213,-0.97598842,0.45645374,-0.00917560,-0.18662452,0.18914420,0,0,0,0,0
1399,291250,0.59441968,-0.97127748,0.40086125,0.01923712,-0.21411445,0.15535654,0,0,0,0,0
1400,291458,0.65291439,-0.95614923,0.33865941,0.02302227,-0.20308721,0.14768065,0,0,0,0,0
1401,291666,0.68834294,-0.93847191,0.26949810,0.04910732,-0.18420768,0.14377280,0,0,0,0,0
1402,291875,0.73504156,-0.92354330,0.21819104,0.04721171,-0.22948881,0.12606600,0,0,0,0,0
1403,292083,0.77917003,-0.89781397,0.14642444,0.07572620,-0.20879646,0.10068274,0,0,0,0,0
1404,292291,0.82369445,-0.86898061,0.07923839,0.08212048,-0.21609747,0.07878367,0,0,0,0,0
1405,292500,0.84408648,-0.84247737,0.01623046,0.09359347,-0.20644242,0.07795436,0,0,0,0,0
1406,292708,0.87672222,-0.79926409,-0.05469831,0.10464787,-0.21393589,0.07427786,0,0,0,0,0
1407,292916,0.90956280,-0.77199553,-0.11702176,0.13488477,-0.22830905,0.05414712,0,0,0,0,0
1408,293125,0.93264964,-0.72588060,-0.19052433,0.13378836,-0.20585376,0.03460992,0,0,0,0,0
1409,293333,0.94818923,-0.67666971,-0.25755152,0.14599194,-0.18880182,0.02635164,0,0,0,0,0
1410,293541,0.96060124,-0.63813673,-0.31396345,0.16188655,-0.17202684,0.03733161,0,0,0,0,0
1411,293750,0.97167935,-0.57808971,-0.37377344,0.17803132,-0.17413598,-0.00556113,0,0,0,0,0
1412,293958,0.96910826,-0.52852830,-0.44028578,0.16563406,-0.15567823,-0.01090772,0,0,0,0,0
1413,294166,0.97852346,-0.46754425,-0.49251403,0.18454188,-0.16718217,-0.02657465,0,0,0,0,0
1414,294375,0.98256345,-0.41368608,-0.54910948,0.17996327,-0.15951022,-0.01562606,0,0,0,0,0
1415,294583,0.96147529,-0.35828077,-0.60080917,0.19298861,-0.14152057,-0.06373508,0,0,0,0,0
1416,294791,0.95290390,-0.29542200,-0.64890243,0.21106580,-0.13952782,-0.07064188,0,0,0,0,0
1417,295000,0.93946828,-0.23301916,-0.69207041,0.18165486,-0.11495177,-0.07577987,0,0,0,0,0
1418,295208,0.92036560,-0.16095282,-0.74411966,0.19996339,-0.13012753,-0.08814141,0,0,0,0,0
1419,295416,0.90787082,-0.10656800,-0.79358535,0.21032652,-0.09676420,-0.09169567,0,0,0,0,0
1420,295625,0.86678953,-0.04308803,-0.82432909,0.21923244,-0.08200680,-0.10544036,0,0,0,0,0
1421,295833,0.83485830,0.02145921,-0.85608652,0.22969164,-0.07849591,-0.13494559,0,0,0,0,0
1422,296041,0.80986308,0.08818225,-0.90040828,0.20179430,-0.06047343,-0.13658787,0,0,0,0,0
1423,296250,0.76483878,0.14605961,-0.92801401,0.23331545,-0.06301376,-0.15277321,0,0,0,0,0
1424,296458,0.73081106,0.21372630,-0.95374111,0.22380371,-0.05133323,-0.16640974,0,0,0,0,0
1425,296666,0.68158743,0.27362734,-0.96937310,0.21460705,-0.02570214,-0.16189438,0,0,0,0,0
1426,296875,0.63764002,0.33619109,-0.98049012,0.19969534,-0.02249825,-0.17912317,0,0,0,0,0
1427,297083,0.57752762,0.40511787,-0.98656740,0.20499995,0.00170045,-0.17466906,0,0,0,0,0
1428,297291,0.53510307,0.46004775,-0.99691402,0.21633271,0.01559839,-0.19408177,0,0,0,0,0
1429,297500,0.47900394,0.51308652,-1.00254565,0.20080552,0.02563497,-0.19702505,0,0,0,0,0
1430,297708,0.41957152,0.57073647,-1.00302003,0.19240704,0.04265605,-0.24008021,0,0,0,0,0
1431,297916,0.35568952,0.62252903,-0.99572058,0.17750439,0.05948973,-0.21783220,0,0,0,0,0
1432,298125,0.30226050,0.67365593,-0.98550931,0.18700750,0.06524804,-0.21934172,0,0,0,0,0
1433,298333,0.24270404,0.71264990,-0.96700881,0.17012674,0.07440097,-0.22251102,0,0,0,0,0
1434,298541,0.17320322,0.75849403,-0.95512758,0.16078856,0.10015069,-0.21554101,0,0,0,0,0
1435,298750,0.10924111,0.79730395,-0.93103460,0.15330907,0.10724787,-0.22723510,0,0,0,0,0
1436,298958,0.05117677,0.83720338,-0.90764584,0.13846147,0.12143565,-0.24714478,0,0,0,0,0
1437,299166,-0.00905695,0.87174701,-0.87438328,0.12690202,0.13493713,-0.23040323,0,0,0,0,0
1438,299375,-0.07764706,0.90016187,-0.84183743,0.10941906,0.14249544,-0.22732323,0,0,0,0,0
1439,299583,-0.14556371,0.93529684,-0.80855870,0.10733143,0.14909734,-0.24078022,0,0,0,0,0
1440,299791,-0.21164192,0.96284027,-0.75695178,0.08374455,0.15744067,-0.23678550,0,0,0,0,0
1441,300000,-0.27336161,0.97583111,-0.70944614,0.09412216,0.17324335,-0.22170945,0,0,0,0,0
1442,300208,-0.34148197,0.98272390,-0.66971683,0.06944081,0.18882761,-0.22530437,0,0,0,0,0
1443,300416,-0.39584888,0.99614501,-0.61779454,0.05845788,0.19846401,-0.20894824,0,0,0,0,0
1444,300625,-0.44805967,0.99993852,-0.56256214,0.04780337,0.20301071,-0.21136273,0,0,0,0,0
1445,300833,-0.51017423,0.99800539,-0.51269968,0.02562402,0.21264988,-0.22718296,0,0,0,0,0
1446,301041,-0.56811621,1.00405651,-0.45405345,0.00720691,0.20474907,-0.19579856,0,0,0,0,0
1447,301250,-0.62086817,0.99949169,-0.39722457,0.00648889,0.21687679,-0.19038867,0,0,0,0,0
1448,301458,-0.66716796,0.96983216,-0.33836869,0.00862741,0.23295764,-0.16945019,0,0,0,0,0
1449,301666,-0.72012309,0.96790398,-0.27107379,-0.01541310,0.22158577,-0.15992343,0,0,0,0,0
1450,301875,-0.76241517,0.93717155,-0.20800819,-0.02558372,0.23389169,-0.16166042,0,0,0,0,0
1451,302083,-0.79089292,0.91426527,-0.14193892,-0.06477463,0.23439102,-0.13802706,0,0,0,0,0
1452,302291,-0.84097844,0.88859883,-0.08191624,-0.06659810,0.23293831,-0.12225327,0,0,0,0,0
1453,302500,-0.87341597,0.86282668,-0.02289646,-0.07900283,0.23986449,-0.11068979,0,0,0,0,0
1454,302708,-0.89776727,0.82083089,0.05370405,-0.07449309,0.23317116,-0.09283159,0,0,0,0,0
1455,302916,-0.92731517,0.78239831,0.10932833,-0.09075082,0.21563123,-0.10024892,0,0,0,0,0
1456,303125,-0.94649974,0.74223613,0.17356354,-0.11206142,0.22845246,-0.07892503,0,0,0,0,0
1457,303333,-0.96033215,0.69753502,0.23819021,-0.14313615,0.21300373,-0.08684402,0,0,0,0,0
1458,303541,-0.98588891,0.64658834,0.29459212,-0.14098003,0.19845342,-0.03977108,0,0,0,0,0
1459,303750,-0.98364989,0.59789772,0.36334887,-0.13149194,0.21289875,-0.03712284,0,0,0,0,0
1460,303958,-0.99533704,0.53602387,0.42706858,-0.14874338,0.18648406,-0.02572869,0,0,0,0,0
1461,304166,-0.99458812,0.47418427,0.47949410,-0.15364748,0.18722876,-0.01217950,0,0,0,0,0
1462,304375,-0.98001654,0.43370037,0.54395247,-0.15273730,0.18575468,0.00780151,0,0,0,0,0
1463,304583,-0.98886946,0.35923034,0.59691000,-0.15323717,0.17374284,0.02741539,0,0,0,0,0
1464,304791,-0.96693196,0.29997868,0.64567787,-0.17741647,0.15946381,0.02812626,0,0,0,0,0
1465,305000,-0.94813129,0.23787438,0.67946997,-0.16820816,0.14650953,0.04908445,0,0,0,0,0
1466,305208,-0.93700713,0.17282554,0.74122542,-0.16194731,0.13901818,0.06274731,0,0,0,0,0
1467,305416,-0.91277207,0.10673208,0.77458472,-0.16715420,0.12537772,0.05030922,0,0,0,0,0
1468,305625,-0.88325839,0.04717985,0.82249838,-0.18951704,0.12373282,0.07841874,0,0,0,0,0
1469,305833,-0.85310976,-0.01851029,0.84588323,-0.18338012,0.10768964,0.10268778,0,0,0,0,0
1470,306041,-0.81398544,-0.08349129,0.87932262,-0.18020959,0.08683191,0.12309554,0,0,0,0,0
1471,306250,-0.77107115,-0.14920383,0.90778705,-0.18808689,0.08460749,0.13632918,0,0,0,0,0
1472,306458,-0.73528936,-0.21888355,0.92608890,-0.19045501,0.06746092,0.12199674,0,0,0,0,0
1473,306666,-0.68366004,-0.28283493,0.94206447,-0.20398567,0.06261322,0.15522690,0,0,0,0,0
1474,306875,-0.63319147,-0.33794510,0.95352094,-0.19306463,0.04937761,0.16599076,0,0,0,0,0
1475,307083,-0.58717863,-0.40752464,0.99147328,-0.18812506,0.04491656,0.16959590,0,0,0,0,0
1476,307291,-0.53327522,-0.46730928,0.97536490,-0.18961898,0.02373966,0.15440527,0,0,0,0,0
1477,307500,-0.48307096,-0.51768809,0.97818200,-0.17090403,-0.00775396,0.17763898,0,0,0,0,0
1478,307708,-0.43525713,-0.57795890,0.98777708,-0.15759552,-0.03259033,0.19172661,0,0,0,0,0
1479,307916,-0.35932728,-0.63348462,0.97195126,-0.16409910,-0.03987723,0.19511344,0,0,0,0,0
1480,308125,-0.29670814,-0.68387438,0.96086876,-0.17507925,-0.04339584,0.18179780,0,0,0,0,0
1481,308333,-0.23650208,-0.72335395,0.94011042,-0.14693217,-0.06800008,0.20606443,0,0,0,0,0
1482,308541,-0.16906338,-0.77057136,0.93728601,-0.13533129,-0.07151634,0.20375639,0,0,0,0,0
1483,308750,-0.11142407,-0.81362023,0.90767376,-0.12795224,-0.07835393,0.22256039,0,0,0,0,0
1484,308958,-0.04063985,-0.85854120,0.88942224,-0.12876240,-0.09749666,0.22424631,0,0,0,0,0
1485,309166,0.02979111,-0.88585598,0.85513420,-0.12466678,-0.10208884,0.22666458,0,0,0,0,0
1486,309375,0.09132994,-0.91876238,0.82154712,-0.09427716,-0.12372936,0.21888260,0,0,0,0,0
1487,309583,0.15990040,-0.94903738,0.78094749,-0.08953868,-0.13770509,0.22301894,0,0,0,0,0
1488,309791,0.22444975,-0.97025642,0.74062244,-0.08912701,-0.12502730,0.22123778,0,0,0,0,0
1489,310000,0.27517980,-0.98240767,0.69321496,-0.08591761,-0.15394673,0.22941116,0,0,0,0,0
1490,310208,0.34727783,-0.99407013,0.64648781,-0.05663480,-0.16340458,0.21199923,0,0,0,0,0
1491,310416,0.40148825,-1.01562634,0.59513330,-0.05523175,-0.16631180,0.20562195,0,0,0,0,0
1492,310625,0.45841387,-1.02065290,0.55582620,-0.02938099,-0.17546640,0.21745391,0,0,0,0,0
1493,310833,0.51993353,-1.01375158,0.49165769,-0.01828214,-0.19657363,0.20950045,0,0,0,0,0
1494,311041,0.58542085,-1.01606371,0.42563812,0.01439513,-0.19026685,0.19828772,0,0,0,0,0
1495,311250,0.62686599,-1.00365330,0.37973515,0.00631244,-0.21211057,0.20076300,0,0,0,0,0
1496,311458,0.67114262,-0.99659744,0.31427964,0.04039559,-0.20337837,0.19635684,0,0,0,0,0
1497,311666,0.72024035,-0.97542368,0.25654561,0.03420884,-0.23076069,0.17762263,0,0,0,0,0
1498,311875,0.77433678,-0.96486806,0.19275116,0.03932769,-0.22527492,0.14720587,0,0,0,0,0
1499,312083,0.80936344,-0.93093265,0.13800407,0.04758126,-0.22261791,0.15203558,0,0,0,0,0
1500,312291,0.84067875,-0.91597581,0.06448668,0.06098489,-0.22268856,0.13368334,0,0,0,0,0
1501,312500,0.87794289,-0.86890970,0.00601667,0.08510843,-0.23499149,0.11571052,0,0,0,0,0
1502,312708,0.91604862,-0.83815829,-0.05901267,0.09258675,-0.24213092,0.10260874,0,0,0,0,0
1503,312916,0.94538943,-0.79677081,-0.13364469,0.08277594,-0.21901524,0.10132764,0,0,0,0,0
1504,313125,0.96146062,-0.75546382,-0.18958054,0.12059542,-0.22263924,0.09530850,0,0,0,0,0
1505,313333,0.98496280,-0.71968972,-0.25719991,0.13373337,-0.22053064,0.08927270,0,0,0,0,0
1506,313541,1.00008858,-0.65584277,-0.32125034,0.10836401,-0.19535891,0.07033695,0,0,0,0,0
1507,313750,1.00111553,-0.60970814,-0.38167481,0.14416238,-0.20947230,0.05718521,0,0,0,0,0
1508,313958,1.00964765,-0.55368912,-0.43037683,0.15736345,-0.20582342,0.03695350,0,0,0,0,0
1509,314166,1.00816254,-0.50516102,-0.47823749,0.12837454,-0.21232210,0.02847413,0,0,0,0,0
1510,314375,1.01046981,-0.44149399,-0.55034033,0.14680386,-0.19841193,-0.00156674,0,0,0,0,0
1511,314583,0.99704731,-0.38886891,-0.59774920,0.14749782,-0.17168404,0.00595729,0,0,0,0,0
1512,314791,0.98213791,-0.31954513,-0.64721109,0.16966471,-0.18011008,-0.00851609,0,0,0,0,0
1513,315000,0.97238137,-0.26158109,-0.69854723,0.15916138,-0.15847208,-0.00679332,0,0,0,0,0
1514,315208,0.95747947,-0.16733390,-0.73298165,0.16161441,-0.16899188,-0.03930656,0,0,0,0,0
1515,315416,0.93027858,-0.12400270,-0.76995011,0.17269014,-0.15540340,-0.03976203,0,0,0,0,0
1516,315625,0.90465854,-0.05448151,-0.82145333,0.18582655,-0.14558751,-0.06890987,0,0,0,0,0
1517,315833,0.87234725,0.00378286,-0.84377883,0.17074640,-0.12107160,-0.05936387,0,0,0,0,0
1518,316041,0.83246228,0.07318907,-0.88548736,0.16709253,-0.11645565,-0.07364643,0,0,0,0,0
1519,316250,0.79028875,0.14160274,-0.91410504,0.16861447,-0.11331026,-0.08823579,0,0,0,0,0
1520,316458,0.74663956,0.19703398,-0.93254444,0.17684065,-0.08240389,-0.10994100,0,0,0,0,0
1521,316666,0.69762312,0.26351661,-0.94610224,0.15483112,-0.07155864,-0.12328935,0,0,0,0,0
1522,316875,0.66310198,0.33510431,-0.96549697,0.16492376,-0.05979635,-0.13478958,0,0,0,0,0
1523,317083,0.60430973,0.39111740,-0.97167771,0.15172314,-0.04682266,-0.15025529,0,0,0,0,0
1524,317291,0.54364629,0.44876725,-0.98042936,0.14420366,-0.04487156,-0.14467843,0,0,0,0,0
1525,317500,0.50214743,0.50771790,-0.97675072,0.13112681,-0.01036114,-0.15999012,0,0,0,0,0
1526,317708,0.43806471,0.56094611,-0.97853642,0.13907941,-0.01067268,-0.16111123,0,0,0,0,0
1527,317916,0.38209257,0.61102961,-0.96691488,0.14810444,0.00619029,-0.16992082,0,0,0,0,0
1528,318125,0.31389895,0.66347504,-0.96793893,0.11011009,0.02040953,-0.18827319,0,0,0,0,0
1529,318333,0.24775478,0.72047004,-0.94948464,0.12761872,0.02011862,-0.17207517,0,0,0,0,0
1530,318541,0.18931218,0.76885107,-0.92908142,0.10761799,0.06145249,-0.18612478,0,0,0,0,0
1531,318750,0.12423634,0.82012583,-0.90982779,0.09506044,0.05507510,-0.18211747,0,0,0,0,0
1532,318958,0.05415862,0.84597928,-0.88307630,0.10036311,0.06845415,-0.20530536,0,0,0,0,0
1533,319166,-0.00414438,0.87489542,-0.84475884,0.10084274,0.07664328,-0.20344637,0,0,0,0,0
1534,319375,-0.07218452,0.91255856,-0.80829090,0.09304032,0.10472428,-0.20109350,0,0,0,0,0
1535,319583,-0.13992162,0.94376641,-0.77251259,0.07066343,0.11732710,-0.19525108,0,0,0,0,0
1536,319791,-0.21347973,0.96895545,-0.72595420,0.05628580,0.11880159,-0.19829666,0,0,0,0,0
1537,320000,-0.27845111,0.98789341,-0.69186468,0.04945086,0.11391272,-0.18218410,0,0,0,0,0
1538,320208,-0.32929675,1.00127089,-0.64053928,0.05826756,0.13772993,-0.18295532,0,0,0,0,0
1539,320416,-0.40791362,1.00972650,-0.59406657,0.01802566,0.14890118,-0.19693482,0,0,0,0,0
1540,320625,-0.45745666,1.01937626,-0.53460913,0.01936368,0.15451596,-0.15531554,0,0,0,0,0
1541,320833,-0.51441675,1.01177605,-0.47776794,-0.01109595,0.15792506,-0.17963149,0,0,0,0,0
1542,321041,-0.57363406,1.00523283,-0.41637045,-0.02675419,0.16013041,-0.15880198,0,0,0,0,0
1543,321250,-0.62505230,1.01891151,-0.37002367,-0.01396416,0.19743091,-0.16653646,0,0,0,0,0
1544,321458,-0.67388462,0.99704223,-0.30174169,-0.04461453,0.19625546,-0.14862182,0,0,0,0,0
1545,321666,-0.72721845,0.98452730,-0.23453382,-0.05504102,0.19431590,-0.13592645,0,0,0,0,0
1546,321875,-0.76512663,0.94828553,-0.18372674,-0.06402179,0.19155705,-0.15058055,0,0,0,0,0
1547,322083,-0.80860551,0.94643252,-0.12105945,-0.09010878,0.20463809,-0.10789757,0,0,0,0,0
1548,322291,-0.85092647,0.91700826,-0.05784089,-0.09669177,0.20492311,-0.12285263,0,0,0,0,0
1549,322500,-0.88900282,0.87216353,0.01735013,-0.10925663,0.19956681,-0.10813041,0,0,0,0,0
1550,322708,-0.91633675,0.84354673,0.07529581,-0.10941492,0.20704483,-0.10025381,0,0,0,0,0
1551,322916,-0.93237073,0.80812564,0.14572013,-0.11832034,0.20677146,-0.08939252,0,0,0,0,0
1552,323125,-0.96966501,0.75880181,0.20608214,-0.13656732,0.20604139,-0.07835479,0,0,0,0,0
1553,323333,-0.97700165,0.72270940,0.27914776,-0.11816199,0.18694384,-0.07438408,0,0,0,0,0
1554,323541,-1.00796738,0.67762285,0.33593826,-0.14587242,0.19606280,-0.04392030,0,0,0,0,0
1555,323750,-1.01374491,0.62330979,0.38844661,-0.15099861,0.19884759,-0.03922114,0,0,0,0,0
1556,323958,-1.01809114,0.56051482,0.44977568,-0.14428735,0.18486551,-0.03033037,0,0,0,0,0
1557,324166,-1.01224771,0.50739900,0.51214888,-0.17144940,0.19840249,-0.00710530,0,0,0,0,0
1558,324375,-1.01401601,0.45401362,0.55764781,-0.17219693,0.16856366,0.01229040,0,0,0,0,0
1559,324583,-1.00074857,0.39349693,0.62130268,-0.16777023,0.14686316,-0.00894147,0,0,0,0,0
1560,324791,-0.99771311,0.33203368,0.66392960,-0.18841000,0.14880806,0.03498010,0,0,0,0,0
1561,325000,-0.98087081,0.26888391,0.71618008,-0.17848364,0.14337502,0.03055679,0,0,0,0,0
1562,325208,-0.96267131,0.19708024,0.75506582,-0.15750468,0.14785796,0.02919128,0,0,0,0,0
1563,325416,-0.92728988,0.14516370,0.79409917,-0.16107510,0.14215226,0.05852957,0,0,0,0,0
1564,325625,-0.91549557,0.07872549,0.83053665,-0.17116332,0.12606191,0.06466214,0,0,0,0,0
1565,325833,-0.88111370,0.01235012,0.87631729,-0.16844376,0.11778237,0.08554517,0,0,0,0,0
1566,326041,-0.84848820,-0.05399210,0.89614852,-0.17476558,0.12347788,0.08914614,0,0,0,0,0
1567,326250,-0.80225750,-0.12319068,0.93916397,-0.18265368,0.08487158,0.10162679,0,0,0,0,0
1568,326458,-0.76901599,-0.18990687,0.94672299,-0.15967700,0.08079902,0.10365655,0,0,0,0,0
1569,326666,-0.70921600,-0.25625343,0.95989123,-0.18245397,0.06496733,0.10722127,0,0,0,0,0
1570,326875,-0.66994141,-0.30665786,0.97030308,-0.15918784,0.04547102,0.13392251,0,0,0,0,0
1571,327083,-0.61748288,-0.37631863,0.99431477,-0.16893869,0.02456021,0.12970537,0,0,0,0,0
1572,327291,-0.56379887,-0.44472765,0.99288433,-0.16243224,0.04536069,0.14682479,0,0,0,0,0
1573,327500,-0.51035270,-0.49488185,0.99940274,-0.14586108,0.01239982,0.16484929,0,0,0,0,0
1574,327708,-0.45156362,-0.56131964,1.00403729,-0.12353366,0.00528424,0.15488371,0,0,0,0,0
1575,327916,-0.39167969,-0.60343596,0.98858930,-0.12165148,-0.00004971,0.16924566,0,0,0,0,0
1576,328125,-0.32769982,-0.65513307,0.97543681,-0.12416295,-0.02830138,0.16696202,0,0,0,0,0
1577,328333,-0.27113046,-0.70691855,0.96410198,-0.11816608,-0.03671498,0.16790654,0,0,0,0,0
1578,328541,-0.20751740,-0.75426531,0.94198432,-0.10190433,-0.04049985,0.15948791,0,0,0,0,0
1579,328750,-0.13310584,-0.78893326,0.90750605,-0.08667979,-0.05652347,0.17756118,0,0,0,0,0
1580,328958,-0.07129682,-0.83098640,0.89232261,-0.10820795,-0.07668758,0.17844570,0,0,0,0,0
1581,329166,-0.01512848,-0.87559073,0.85340255,-0.08174475,-0.06953295,0.17278874,0,0,0,0,0
1582,329375,0.05868098,-0.89150085,0.82561983,-0.08040223,-0.09174746,0.16179511,0,0,0,0,0
1583,329583,0.13452613,-0.93003262,0.78122983,-0.06093277,-0.09698076,0.16527606,0,0,0,0,0
1584,329791,0.19127686,-0.95576869,0.74214022,-0.05961307,-0.10867446,0.19876835,0,0,0,0,0
1585,330000,0.25374094,-0.96212774,0.68946534,-0.05279269,-0.11000392,0.17925511,0,0,0,0,0
1586,330208,0.31209906,-0.97915020,0.63453916,-0.03506545,-0.12610025,0.16142136,0,0,0,0,0
1587,330416,0.37852767,-0.99776841,0.59382468,-0.01406940,-0.14758576,0.16555799,0,0,0,0,0
1588,330625,0.43572291,-1.00877125,0.54232341,0.01103243,-0.13599797,0.16634465,0,0,0,0,0
1589,330833,0.50201171,-1.00949130,0.47884857,0.01094630,-0.16028580,0.16428890,0,0,0,0,0
1590,331041,0.55635382,-1.00515380,0.42278199,0.02440306,-0.17084257,0.14999255,0,0,0,0,0
1591,331250,0.60821618,-0.99053010,0.35307887,0.05088778,-0.17863841,0.16414882,0,0,0,0,0
1592,331458,0.65759795,-0.97946354,0.30213785,0.06341663,-0.19787297,0.15547618,0,0,0,0,0
1593,331666,0.71763114,-0.97020540,0.23407427,0.09081025,-0.18498779,0.12889915,0,0,0,0,0
1594,331875,0.75204516,-0.94875732,0.17922389,0.09589679,-0.17838765,0.11128280,0,0,0,0,0
1595,332083,0.79439648,-0.93002334,0.11378676,0.08850088,-0.19835867,0.10840702,0,0,0,0,0
1596,332291,0.83557316,-0.90643387,0.04710141,0.10366103,-0.16893905,0.08081519,0,0,0,0,0
1597,332500,0.87151649,-0.87892392,-0.01172490,0.12879908,-0.20860622,0.09359263,0,0,0,0,0
1598,332708,0.90587963,-0.83555159,-0.08248492,0.12276951,-0.19311740,0.07481507,0,0,0,0,0
1599,332916,0.93561026,-0.79494277,-0.14777285,0.13800095,-0.19821612,0.05052637,0,0,0,0,0
1600,333125,0.95866015,-0.76095371,-0.21159510,0.13303339,-0.17127569,0.04621106,0,0,0,0,0
1601,333333,0.98580133,-0.70824837,-0.27971274,0.14522539,-0.17022481,0.04714537,0,0,0,0,0
1602,333541,0.98023561,-0.66889011,-0.33429653,0.17827866,-0.17501214,0.01395623,0,0,0,0,0
1603,333750,1.00063513,-0.61649940,-0.40488379,0.17397653,-0.18160956,0.01066488,0,0,0,0,0
1604,333958,1.00336479,-0.56534629,-0.45757215,0.17185991,-0.17396646,0.00370742,0,0,0,0,0
1605,334166,1.01819756,-0.50296651,-0.51105996,0.17834991,-0.15370260,0.00667003,0,0,0,0,0
1606,334375,1.00690834,-0.44941084,-0.57759082,0.20474066,-0.15685528,0.00244224,0,0,0,0,0
1607,334583,0.98948437,-0.39295641,-0.63207341,0.18467891,-0.14927348,-0.02263462,0,0,0,0,0
1608,334791,0.99116416,-0.33139633,-0.68085080,0.19898912,-0.13757580,-0.06975868,0,0,0,0,0
1609,335000,0.97550006,-0.27543065,-0.71395630,0.20536411,-0.13370568,-0.06098034,0,0,0,0,0
1610,335208,0.95901272,-0.21722478,-0.77043152,0.21290052,-0.13929312,-0.02634381,0,0,0,0,0
1611,335416,0.92864119,-0.14442566,-0.81446692,0.19114767,-0.12672137,-0.07096813,0,0,0,0,0
1612,335625,0.90701916,-0.07786350,-0.84427066,0.18624991,-0.11744148,-0.10954100,0,0,0,0,0
1613,335833,0.87336112,-0.00905213,-0.89375868,0.18911907,-0.10194184,-0.07033067,0,0,0,0,0
1614,336041,0.83704272,0.05269570,-0.91521028,0.20663077,-0.08341266,-0.11761216,0,0,0,0,0
1615,336250,0.80430288,0.11614351,-0.92980537,0.21757681,-0.07289602,-0.10829467,0,0,0,0,0
1616,336458,0.76220651,0.16821138,-0.96412913,0.20275055,-0.05011959,-0.13482417,0,0,0,0,0
1617,336666,0.72237612,0.24924788,-0.97908293,0.18497463,-0.06431302,-0.11019058,0,0,0,0,0
1618,336875,0.66994602,0.31025494,-0.99060921,0.19894295,-0.03522764,-0.15470874,0,0,0,0,0
1619,337083,0.62269601,0.37450650,-1.00071539,0.17690186,-0.03412500,-0.15414649,0,0,0,0,0
1620,337291,0.56087135,0.43019040,-1.01071170,0.16689176,0.00550716,-0.14492997,0,0,0,0,0
1621,337500,0.51867718,0.49352296,-1.00688222,0.16468772,-0.00339087,-0.16740014,0,0,0,0,0
1622,337708,0.45039048,0.54063861,-0.99961864,0.15427347,0.00383480,-0.16273561,0,0,0,0,0
1623,337916,0.39936792,0.59642379,-1.00504651,0.14455758,0.02383434,-0.16427659,0,0,0,0,0
1624,338125,0.33499864,0.64847734,-0.99070522,0.15480532,0.03457342,-0.17504025,0,0,0,0,0
1625,338333,0.27171481,0.69843109,-0.97303877,0.12804595,0.04020856,-0.19139753,0,0,0,0,0
1626,338541,0.21099011,0.74208905,-0.94898727,0.10760117,0.06126626,-0.19089225,0,0,0,0,0
1627,338750,0.13174696,0.78411032,-0.92812781,0.11926709,0.08166923,-0.18886608,0,0,0,0,0
1628,338958,0.07424744,0.82145249,-0.90069040,0.09343240,0.08688965,-0.18044751,0,0,0,0,0
1629,339166,0.01523205,0.85403914,-0.87566704,0.08290540,0.08722551,-0.17876164,0,0,0,0,0
1630,339375,-0.04447936,0.89075413,-0.83773025,0.08780390,0.11728903,-0.18461960,0,0,0,0,0
1631,339583,-0.11948551,0.90532109,-0.79171898,0.06164640,0.11487309,-0.17861952,0,0,0,0,0
1632,339791,-0.19622647,0.93404804,-0.75254753,0.05188518,0.10923721,-0.19963217,0,0,0,0,0
1633,340000,-0.24943222,0.96457898,-0.70587561,0.04374383,0.13046868,-0.17783569,0,0,0,0,0
1634,340208,-0.31083416,0.96849282,-0.65576595,0.02679722,0.13691548,-0.17750510,0,0,0,0,0
1635,340416,-0.36631047,0.98241850,-0.59235667,0.01121639,0.14221579,-0.16683962,0,0,0,0,0
1636,340625,-0.43134274,0.99635425,-0.55268820,-0.02244496,0.15863854,-0.15807787,0,0,0,0,0
1637,340833,-0.49586605,0.99100923,-0.48713808,-0.01549296,0.14383124,-0.16881975,0,0,0,0,0
1638,341041,-0.54050344,0.98531244,-0.42932297,-0.01244096,0.18498751,-0.15109220,0,0,0,0,0
1639,341250,-0.59602590,0.98896514,-0.37185632,-0.03699010,0.18056591,-0.12742815,0,0,0,0,0
1640,341458,-0.65338321,0.97072909,-0.31848462,-0.06150264,0.16062225,-0.12776945,0,0,0,0,0
1641,341666,-0.69454789,0.95607090,-0.25056086,-0.06712913,0.18866760,-0.12128143,0,0,0,0,0
1642,341875,-0.74614820,0.92817904,-0.18907714,-0.07916150,0.18971341,-0.12154117,0,0,0,0,0
1643,342083,-0.78695995,0.91437348,-0.11207414,-0.10690557,0.20148125,-0.09279388,0,0,0,0,0
1644,342291,-0.82674837,0.89150754,-0.05453487,-0.09835551,0.20451625,-0.10088925,0,0,0,0,0
1645,342500,-0.86066805,0.85530733,0.00819835,-0.12109347,0.20554050,-0.07752459,0,0,0,0,0
1646,342708,-0.88582339,0.81684612,0.08404570,-0.13696988,0.18209228,-0.06943347,0,0,0,0,0
1647,342916,-0.92660376,0.78320314,0.13892952,-0.12836380,0.18750840,-0.04938809,0,0,0,0,0
1648,343125,-0.93543515,0.74158718,0.20844793,-0.17464629,0.17359437,-0.04809189,0,0,0,0,0
1649,343333,-0.95922835,0.69931002,0.27334523,-0.17466354,0.18366710,-0.03409635,0,0,0,0,0
1650,343541,-0.97702114,0.65092620,0.33458451,-0.16465731,0.14707222,-0.02849138,0,0,0,0,0
1651,343750,-0.98568848,0.61197309,0.39393450,-0.17171134,0.15018683,-0.01026216,0,0,0,0,0
1652,343958,-0.99679238,0.55269422,0.45861795,-0.16857176,0.15241999,0.00617414,0,0,0,0,0
1653,344166,-1.00258433,0.48762442,0.50933620,-0.21340804,0.14962028,0.01254326,0,0,0,0,0
1654,344375,-0.99673585,0.43966856,0.57395469,-0.18731782,0.14500827,0.02501373,0,0,0,0,0
1655,344583,-0.99546425,0.38018639,0.62048316,-0.21270046,0.14895401,0.04199691,0,0,0,0,0
1656,344791,-0.98219032,0.32578179,0.67945344,-0.19972674,0.12219213,0.06254834,0,0,0,0,0
1657,345000,-0.96882088,0.25706770,0.72601617,-0.20759676,0.10783102,0.07205828,0,0,0,0,0
1658,345208,-0.93578023,0.19384925,0.76848564,-0.20086095,0.10843367,0.06354833,0,0,0,0,0
1659,345416,-0.92551587,0.14017387,0.80697943,-0.21350740,0.09722765,0.09575518,0,0,0,0,0
1660,345625,-0.89260896,0.06103589,0.85119288,-0.20218887,0.09917022,0.11301396,0,0,0,0,0
1661,345833,-0.85636491,0.00559905,0.88318177,-0.22102284,0.09859295,0.11725899,0,0,0,0,0
1662,346041,-0.82362152,-0.06285523,0.89514802,-0.21322379,0.08677979,0.09651139,0,0,0,0,0
1663,346250,-0.79179926,-0.13020504,0.93418309,-0.20929188,0.07186277,0.13328724,0,0,0,0,0
1664,346458,-0.75091552,-0.19493187,0.96218910,-0.19233026,0.04336885,0.15398701,0,0,0,0,0
1665,346666,-0.70455404,-0.24807736,0.98176139,-0.19765629,0.03522903,0.14466263,0,0,0,0,0
1666,346875,-0.64791021,-0.31463080,0.99878232,-0.19981703,0.02869655,0.18658788,0,0,0,0,0
1667,347083,-0.60662454,-0.37467584,1.01367383,-0.19033807,0.00429711,0.14361219,0,0,0,0,0
1668,347291,-0.55295457,-0.43232338,1.01528731,-0.17980509,-0.00716497,0.17404232,0,0,0,0,0
1669,347500,-0.49015365,-0.49225985,1.00405037,-0.17999563,-0.00891246,0.18626803,0,0,0,0,0
1670,347708,-0.44308143,-0.55432917,1.01323678,-0.18632356,-0.03840224,0.18645459,0,0,0,0,0
1671,347916,-0.37973928,-0.60956118,1.01174370,-0.16149267,-0.02575744,0.19119286,0,0,0,0,0
1672,348125,-0.32236825,-0.64408766,0.99528075,-0.15924997,-0.05246179,0.18337978,0,0,0,0,0
1673,348333,-0.26025601,-0.69803090,0.98046819,-0.15325747,-0.05466412,0.19136949,0,0,0,0,0
1674,348541,-0.20402375,-0.74297259,0.95743520,-0.14796065,-0.06950431,0.20542769,0,0,0,0,0
1675,348750,-0.14060558,-0.77547958,0.94092427,-0.12432506,-0.07041879,0.18036330,0,0,0,0,0
1676,348958,-0.07269705,-0.82762530,0.90662038,-0.11461004,-0.11550049,0.21161076,0,0,0,0,0
1677,349166,-0.00063166,-0.86922803,0.87964431,-0.11844333,-0.09270197,0.20171059,0,0,0,0,0
1678,349375,0.06419172,-0.89632562,0.84337605,-0.10858377,-0.10378014,0.20787092,0,0,0,0,0
1679,349583,0.13141887,-0.91677961,0.80251004,-0.06665453,-0.12389134,0.20945730,0,0,0,0,0
1680,349791,0.18882297,-0.93645446,0.76232253,-0.06438284,-0.13163173,0.23601617,0,0,0,0,0
1681,350000,0.25481839,-0.94892483,0.71544269,-0.05890249,-0.14053128,0.20941478,0,0,0,0,0
1682,350208,0.31696394,-0.96632363,0.67243548,-0.03988531,-0.16458107,0.17904337,0,0,0,0,0
1683,350416,0.37447262,-0.99372785,0.61834130,-0.03628030,-0.16345409,0.20717671,0,0,0,0,0
1684,350625,0.43255683,-0.97295351,0.56656891,-0.01857848,-0.16280646,0.15177268,0,0,0,0,0
1685,350833,0.48406234,-0.99067350,0.50167579,-0.00163572,-0.19652328,0.16669016,0,0,0,0,0
1686,351041,0.54598634,-0.97977177,0.44341033,0.02288938,-0.18005417,0.16403720,0,0,0,0,0
1687,351250,0.59919824,-0.97612961,0.38804409,0.01413922,-0.18913562,0.14931000,0,0,0,0,0
1688,351458,0.65583378,-0.96750339,0.33002926,0.03287477,-0.18804376,0.14485101,0,0,0,0,0
1689,351666,0.70401150,-0.95319538,0.26609265,0.04528485,-0.21035890,0.12924359,0,0,0,0,0
1690,351875,0.74327117,-0.93796902,0.19568543,0.08006612,-0.20735352,0.13227169,0,0,0,0,0
1691,352083,0.79434564,-0.91528180,0.13846908,0.08400009,-0.21506132,0.10285387,0,0,0,0,0
1692,352291,0.82304730,-0.88227673,0.06594628,0.08873710,-0.21522492,0.09466124,0,0,0,0,0
1693,352500,0.86172442,-0.85729149,0.00665391,0.10795582,-0.19176899,0.10164917,0,0,0,0,0
1694,352708,0.88674984,-0.80745468,-0.06111357,0.11547128,-0.20377960,0.08174577,0,0,0,0,0
1695,352916,0.90832724,-0.77713176,-0.12924271,0.11838311,-0.20127839,0.05850503,0,0,0,0,0
1696,353125,0.93465266,-0.72579841,-0.19582023,0.15556474,-0.17955747,0.05303770,0,0,0,0,0
1697,353333,0.96278369,-0.69396153,-0.25666851,0.15096742,-0.18887254,0.05506734,0,0,0,0,0
1698,353541,0.96854536,-0.64729808,-0.32000962,0.17403833,-0.17007320,0.01037983,0,0,0,0,0
1699,353750,0.97776036,-0.59117333,-0.38737752,0.15468669,-0.18390802,0.00105076,0,0,0,0,0
1700,353958,0.98604627,-0.54262339,-0.43922370,0.18141187,-0.17012628,-0.00632300,0,0,0,0,0
1701,354166,0.98583044,-0.48129305,-0.49465607,0.16837384,-0.16859883,-0.01109607,0,0,0,0,0
1702,354375,0.99120152,-0.42166341,-0.55221057,0.21294319,-0.14661357,-0.01641813,0,0,0,0,0
1703,354583,0.98787971,-0.36416670,-0.60863940,0.17618218,-0.14638371,-0.04665551,0,0,0,0,0
1704,354791,0.96750442,-0.30201940,-0.66355851,0.21576082,-0.12885795,-0.06130974,0,0,0,0,0
1705,355000,0.95505693,-0.24257101,-0.70892679,0.20129708,-0.12606100,-0.07778251,0,0,0,0,0
1706,355208,0.93802477,-0.18613215,-0.75544731,0.20275215,-0.13795648,-0.08665628,0,0,0,0,0
1707,355416,0.91054151,-0.11360017,-0.79614520,0.21294334,-0.11145853,-0.09607430,0,0,0,0,0
1708,355625,0.87857500,-0.05118360,-0.83063940,0.19949607,-0.11385650,-0.12308651,0,0,0,0,0
1709,355833,0.85014170,0.00713374,-0.87083411,0.21785426,-0.08407058,-0.11860450,0,0,0,0,0
1710,356041,0.81987207,0.07265318,-0.91072970,0.21893936,-0.07039462,-0.13459377,0,0,0,0,0
1711,356250,0.78195400,0.13925015,-0.92494920,0.20997101,-0.05721687,-0.13638282,0,0,0,0,0
1712,356458,0.72990658,0.20930780,-0.95041501,0.21091421,-0.05244970,-0.12791553,0,0,0,0,0
1713,356666,0.69244272,0.26753881,-0.97106579,0.22528023,-0.05464303,-0.17045364,0,0,0,0,0
1714,356875,0.64374647,0.32901538,-0.99298371,0.20904796,-0.02315000,-0.15342907,0,0,0,0,0
1715,357083,0.60187384,0.38894865,-1.00238398,0.19026178,-0.00804953,-0.15531583,0,0,0,0,0
1716,357291,0.54141313,0.44702075,-1.00866517,0.20018509,-0.00087881,-0.17008901,0,0,0,0,0
1717,357500,0.48764845,0.50009305,-1.01057913,0.18103215,0.01473723,-0.18332796,0,0,0,0,0
1718,357708,0.43034256,0.56484769,-1.00835394,0.17207415,0.00776621,-0.17985370,0,0,0,0,0
1719,357916,0.37769577,0.60834325,-1.00570533,0.17685887,0.03988795,-0.19210554,0,0,0,0,0
1720,358125,0.31779394,0.66370873,-0.97858380,0.15345479,0.05055038,-0.19195673,0,0,0,0,0
1721,358333,0.25318912,0.70844551,-0.96705584,0.15538565,0.05176527,-0.20569756,0,0,0,0,0
1722,358541,0.19286942,0.75843095,-0.95413996,0.15263827,0.08130173,-0.22051217,0,0,0,0,0
1723,358750,0.12927230,0.79381230,-0.93247655,0.15559097,0.08307550,-0.20051395,0,0,0,0,0
1724,358958,0.04924851,0.82806013,-0.89590025,0.13305545,0.10216434,-0.18752071,0,0,0,0,0
1725,359166,-0.00378140,0.87209199,-0.86572902,0.10167912,0.11642321,-0.21769822,0,0,0,0,0
1726,359375,-0.07357384,0.89339938,-0.84262553,0.09240648,0.12625145,-0.21392347,0,0,0,0,0
1727,359583,-0.14264181,0.92486695,-0.79922046,0.11136703,0.12064658,-0.21200649,0,0,0,0,0
1728,359791,-0.20195879,0.95306563,-0.75956271,0.07567008,0.14088495,-0.22584217,0,0,0,0,0
1729,360000,-0.25981068,0.96155822,-0.71505877,0.05409799,0.17618202,-0.21662679,0,0,0,0,0
1730,360208,-0.31814427,0.97899995,-0.66668229,0.04584030,0.17840893,-0.20098259,0,0,0,0,0
1731,360416,-0.39271138,0.98737608,-0.61571859,0.04990892,0.18169419,-0.19968816,0,0,0,0,0
1732,360625,-0.44183595,0.99584637,-0.56117282,0.02874835,0.18425162,-0.19212313,0,0,0,0,0
1733,360833,-0.49218944,0.99611467,-0.50578931,0.01946570,0.17899392,-0.18441286,0,0,0,0,0
1734,361041,-0.54787178,0.99793869,-0.44224326,-0.00208286,0.19377127,-0.17715133,0,0,0,0,0
1735,361250,-0.62698777,0.98275832,-0.39416452,-0.02748135,0.19678978,-0.17400417,0,0,0,0,0
1736,361458,-0.64897770,0.98046717,-0.32434873,-0.04883006,0.20483185,-0.15156129,0,0,0,0,0
1737,361666,-0.70244033,0.96615191,-0.27220553,-0.05348468,0.19486483,-0.14157449,0,0,0,0,0
1738,361875,-0.76314943,0.93935013,-0.20213759,-0.05767699,0.22145449,-0.14217809,0,0,0,0,0
1739,362083,-0.79658080,0.91008414,-0.13370454,-0.08398485,0.18650414,-0.11747458,0,0,0,0,0
1740,362291,-0.82416988,0.88595594,-0.07105949,-0.07501982,0.22224597,-0.11596355,0,0,0,0,0
1741,362500,-0.86274180,0.85395801,-0.01013808,-0.10695524,0.22158198,-0.09125259,0,0,0,0,0
1742,362708,-0.89771081,0.82829732,0.05825893,-0.12495600,0.23409640,-0.08625550,0,0,0,0,0
1743,362916,-0.92088012,0.78034569,0.13024079,-0.11926024,0.20526213,-0.06990366,0,0,0,0,0
1744,363125,-0.94081430,0.74592026,0.18363195,-0.12181188,0.19850955,-0.06005155,0,0,0,0,0
1745,363333,-0.96464361,0.69458077,0.25322019,-0.12394064,0.19999954,-0.05023006,0,0,0,0,0
1746,363541,-0.97639340,0.64630800,0.31792198,-0.16370272,0.19875183,-0.03408362,0,0,0,0,0
1747,363750,-0.98104718,0.59358094,0.37251142,-0.14132185,0.18601200,-0.01641025,0,0,0,0,0
1748,363958,-0.99454790,0.54073828,0.44287008,-0.16093112,0.16836232,-0.01087616,0,0,0,0,0
1749,364166,-0.99907018,0.49081597,0.50243489,-0.17548281,0.17865797,0.00192464,0,0,0,0,0
1750,364375,-0.99244949,0.42490426,0.55330136,-0.16824085,0.16559030,0.01047292,0,0,0,0,0
1751,364583,-0.98644388,0.37366048,0.60672055,-0.16659508,0.14768356,0.00904822,0,0,0,0,0
1752,364791,-0.97355745,0.31474548,0.64341741,-0.20140261,0.13329109,0.04079967,0,0,0,0,0
1753,365000,-0.96355761,0.24190445,0.69346581,-0.19278089,0.16554174,0.04093348,0,0,0,0,0
1754,365208,-0.93405708,0.18714209,0.74463390,-0.19719317,0.13994658,0.06088714,0,0,0,0,0
1755,365416,-0.90723254,0.12177348,0.78353202,-0.18817246,0.12738137,0.07057132,0,0,0,0,0
1756,365625,-0.88809583,0.05577542,0.82831414,-0.18189839,0.11013715,0.08441123,0,0,0,0,0
1757,365833,-0.85602215,-0.01711135,0.84575099,-0.19715531,0.10701021,0.09701229,0,0,0,0,0
1758,366041,-0.81882394,-0.07987038,0.89418579,-0.20145082,0.07776398,0.11998128,0,0,0,0,0
1759,366250,-0.78412010,-0.14492520,0.91748791,-0.19388046,0.07788227,0.12956867,0,0,0,0,0
1760,366458,-0.73303376,-0.19834450,0.93900775,-0.19957146,0.06545230,0.13798761,0,0,0,0,0
1761,366666,-0.69766469,-0.27247522,0.97058218,-0.21684391,0.03954438,0.15909352,0,0,0,0,0
1762,366875,-0.64817187,-0.33584120,0.97474573,-0.18690214,0.03537405,0.18714355,0,0,0,0,0
1763,367083,-0.59891075,-0.40176193,0.97927545,-0.17815400,0.01882014,0.17057902,0,0,0,0,0
1764,367291,-0.53702694,-0.46030692,0.99649480,-0.17227859,0.00187478,0.18286183,0,0,0,0,0
1765,367500,-0.48780527,-0.51636072,0.99870029,-0.18873336,-0.00919493,0.18413950,0,0,0,0,0
1766,367708,-0.41909752,-0.56644357,0.99419162,-0.16452239,-0.03404128,0.19460551,0,0,0,0,0
1767,367916,-0.36776423,-0.62826420,1.00076219,-0.14806670,-0.01934536,0.17787883,0,0,0,0,0
1768,368125,-0.30251580,-0.67473144,0.97967431,-0.13037614,-0.02719566,0.17226601,0,0,0,0,0
1769,368333,-0.24727639,-0.72812633,0.96901627,-0.14275144,-0.06479267,0.18255740,0,0,0,0,0
1770,368541,-0.18657186,-0.75620336,0.94663259,-0.12917849,-0.05702248,0.20104448,0,0,0,0,0
1771,368750,-0.11738286,-0.80386723,0.92828891,-0.14004481,-0.08092151,0.22377151,0,0,0,0,0
1772,368958,-0.05543117,-0.84066040,0.89316318,-0.13204911,-0.09305047,0.21469273,0,0,0,0,0
1773,369166,0.00338401,-0.88194112,0.85849240,-0.10117565,-0.11807434,0.20948007,0,0,0,0,0
1774,369375,0.08378470,-0.90127330,0.83291292,-0.12110824,-0.12263273,0.21950517,0,0,0,0,0
1775,369583,0.14385490,-0.92631310,0.79232931,-0.08829658,-0.12334059,0.21688534,0,0,0,0,0
1776,369791,0.20451626,-0.95626073,0.75323541,-0.06400002,-0.14962387,0.19839041,0,0,0,0,0
1777,370000,0.27331162,-0.97764628,0.70148969,-0.05898138,-0.15798572,0.21418048,0,0,0,0,0
1778,370208,0.33391060,-0.98692014,0.65938727,-0.04622625,-0.16575865,0.21424997,0,0,0,0,0
1779,370416,0.40156243,-0.99612272,0.59873731,-0.04041763,-0.20419275,0.22220054,0,0,0,0,0
1780,370625,0.45587340,-1.00118178,0.55154931,-0.03023135,-0.17554689,0.19447403,0,0,0,0,0
1781,370833,0.51024907,-1.00354011,0.49538864,0.00948592,-0.18037858,0.20512163,0,0,0,0,0
1782,371041,0.56972426,-0.99895615,0.44428829,0.01446424,-0.19017558,0.17596374,0,0,0,0,0
1783,371250,0.61896882,-0.99977999,0.38043115,0.02473739,-0.19056667,0.19413931,0,0,0,0,0
1784,371458,0.67039451,-0.97998577,0.31540255,0.03050867,-0.20965219,0.15498142,0,0,0,0,0
1785,371666,0.72313520,-0.97081959,0.25744636,0.03802566,-0.19130081,0.15678694,0,0,0,0,0
1786,371875,0.75566360,-0.96099093,0.20015684,0.06788027,-0.22098696,0.14220846,0,0,0,0,0
1787,372083,0.79844450,-0.92665464,0.13381569,0.06673785,-0.21678522,0.14293729,0,0,0,0,0
1788,372291,0.83846391,-0.89914618,0.06482468,0.08276926,-0.21861505,0.13013005,0,0,0,0,0
1789,372500,0.87335276,-0.86348232,0.00781341,0.09972980,-0.21319441,0.09463044,0,0,0,0,0
1790,372708,0.91085011,-0.82522048,-0.05352283,0.10664420,-0.21598343,0.09013424,0,0,0,0,0
1791,372916,0.92439602,-0.78972254,-0.12151873,0.13038585,-0.21206236,0.10316521,0,0,0,0,0
1792,373125,0.95366320,-0.73861890,-0.20177355,0.11135625,-0.21427075,0.07122364,0,0,0,0,0
1793,373333,0.96924899,-0.70611633,-0.25240379,0.13420675,-0.20745052,0.06657257,0,0,0,0,0
1794,373541,0.99448385,-0.66527843,-0.31655970,0.16317659,-0.22024723,0.03574273,0,0,0,0,0
1795,373750,1.00012198,-0.60299938,-0.38693236,0.15829904,-0.18410958,0.03176947,0,0,0,0,0
1796,373958,1.00233515,-0.55356240,-0.44249271,0.15415763,-0.19608764,0.01467539,0,0,0,0,0
1797,374166,1.00713401,-0.50033131,-0.48946429,0.17019452,-0.18409534,0.01832186,0,0,0,0,0
1798,374375,0.99255702,-0.43830526,-0.54783624,0.16711190,-0.18273661,0.00354927,0,0,0,0,0
1799,374583,1.00189523,-0.38074834,-0.60131250,0.18697722,-0.15902097,-0.00459531,0,0,0,0,0
1800,374791,0.97593004,-0.31862873,-0.65533075,0.18463148,-0.16231919,-0.04071496,0,0,0,0,0
1801,375000,0.97064017,-0.24459460,-0.69422368,0.17127468,-0.17300719,-0.03733647,0,0,0,0,0
1802,375208,0.94723899,-0.18749044,-0.75031791,0.18527893,-0.13689933,-0.05542056,0,0,0,0,0
1803,375416,0.92193016,-0.12452234,-0.78992497,0.18946803,-0.13768047,-0.09262666,0,0,0,0,0
1804,375625,0.89892624,-0.04974585,-0.82499444,0.19175015,-0.12026179,-0.07579904,0,0,0,0,0
1805,375833,0.86631608,0.00651910,-0.86539900,0.19138897,-0.10083062,-0.07940715,0,0,0,0,0
1806,376041,0.82673632,0.06756868,-0.89284792,0.19425159,-0.10748526,-0.08812409,0,0,0,0,0
1807,376250,0.78549369,0.13252530,-0.90998495,0.19238418,-0.08598010,-0.11526604,0,0,0,0,0
1808,376458,0.74631644,0.20363325,-0.94244770,0.17968124,-0.08056105,-0.11724290,0,0,0,0,0
1809,376666,0.70015194,0.25985615,-0.95324652,0.18007884,-0.04999276,-0.13021784,0,0,0,0,0
1810,376875,0.65443901,0.32511928,-0.96881479,0.17887709,-0.04586461,-0.15286774,0,0,0,0,0
1811,377083,0.60699297,0.39059338,-0.98351711,0.17818612,-0.03358828,-0.16323686,0,0,0,0,0
1812,377291,0.55085927,0.45801076,-0.99624364,0.16962301,-0.03248470,-0.16310610,0,0,0,0,0
1813,377500,0.49367113,0.51673301,-0.99104650,0.17723786,0.00061774,-0.17264258,0,0,0,0,0
1814,377708,0.43152402,0.56931663,-0.99983721,0.14997032,0.01494621,-0.17631743,0,0,0,0,0
1815,377916,0.37651088,0.61932956,-0.98553302,0.13499047,0.01143037,-0.18751914,0,0,0,0,0
1816,378125,0.30479728,0.66719378,-0.97096509,0.16428062,0.03341459,-0.18657406,0,0,0,0,0
1817,378333,0.24624242,0.71984662,-0.95284137,0.12830568,0.05042739,-0.20393596,0,0,0,0,0
1818,378541,0.18906317,0.77164585,-0.93872700,0.13899335,0.07930382,-0.18183737,0,0,0,0,0
1819,378750,0.12540767,0.80506833,-0.91764672,0.12523173,0.07352056,-0.21831169,0,0,0,0,0
1820,378958,0.05528282,0.84030152,-0.89066434,0.10209656,0.08198077,-0.20320569,0,0,0,0,0
1821,379166,-0.00944109,0.87653639,-0.85831006,0.09892185,0.09265192,-0.20594355,0,0,0,0,0
1822,379375,-0.07435897,0.90701080,-0.81789199,0.08725236,0.10525310,-0.20596881,0,0,0,0,0
1823,379583,-0.13820431,0.93826330,-0.78079766,0.08287732,0.12559555,-0.21289682,0,0,0,0,0
1824,379791,-0.20737470,0.95488947,-0.74088901,0.06025674,0.12041952,-0.21847151,0,0,0,0,0
1825,380000,-0.27512609,0.97980943,-0.69276520,0.05414879,0.14940154,-0.19883850,0,0,0,0,0
1826,380208,-0.33095291,0.99545848,-0.64816664,0.04292251,0.13492796,-0.20007230,0,0,0,0,0
1827,380416,-0.38436643,1.00485406,-0.60442531,0.04116974,0.16662337,-0.18980460,0,0,0,0,0
1828,380625,-0.45839662,1.00383172,-0.55042051,0.01248907,0.17831454,-0.20459984,0,0,0,0,0
1829,380833,-0.51217188,1.01022483,-0.48672137,-0.00696990,0.18506274,-0.16423477,0,0,0,0,0
1830,381041,-0.56911782,1.00562795,-0.43941254,-0.01657570,0.18701253,-0.17442422,0,0,0,0,0
1831,381250,-0.60843426,1.00079589,-0.37542670,-0.02131414,0.19468352,-0.19531347,0,0,0,0,0
1832,381458,-0.67604823,0.98641176,-0.31346175,-0.05634860,0.19221923,-0.15348352,0,0,0,0,0
1833,381666,-0.71998823,0.98030593,-0.25605262,-0.03997377,0.18945898,-0.14994622,0,0,0,0,0
1834,381875,-0.76591764,0.95524082,-0.19609453,-0.06463052,0.20663455,-0.14597553,0,0,0,0,0
1835,382083,-0.81201957,0.92242731,-0.12963787,-0.07286692,0.20714640,-0.11146206,0,0,0,0,0
1836,382291,-0.85048243,0.89620568,-0.06823387,-0.08681909,0.21686813,-0.10347523,0,0,0,0,0
1837,382500,-0.87563742,0.87747380,0.00875540,-0.10689940,0.20623920,-0.09828042,0,0,0,0,0
1838,382708,-0.90565933,0.83554256,0.07258281,-0.12163729,0.20813103,-0.08982655,0,0,0,0,0
1839,382916,-0.93876599,0.79602459,0.13142279,-0.12775886,0.20723247,-0.07441349,0,0,0,0,0
1840,383125,-0.95161782,0.76183052,0.19245160,-0.14507710,0.20691796,-0.08403433,0,0,0,0,0
1841,383333,-0.98845085,0.71048170,0.26834960,-0.13509596,0.20665288,-0.05500237,0,0,0,0,0
1842,383541,-0.99779752,0.65731807,0.32683946,-0.14804491,0.18287143,-0.03302017,0,0,0,0,0
1843,383750,-1.00566729,0.60689369,0.38227701,-0.16886259,0.19406705,-0.02324098,0,0,0,0,0
1844,383958,-1.00733143,0.56228959,0.45042928,-0.16604744,0.17939790,-0.03214314,0,0,0,0,0
1845,384166,-1.01097958,0.51351784,0.50240870,-0.15899767,0.18137738,-0.00754050,0,0,0,0,0
1846,384375,-1.00687068,0.44961895,0.55840774,-0.15752605,0.18311902,-0.00819117,0,0,0,0,0
1847,384583,-0.99630485,0.38364321,0.60433542,-0.18757042,0.14026722,0.01716035,0,0,0,0,0
1848,384791,-0.98007231,0.32289219,0.65209023,-0.15677197,0.16610543,0.02065238,0,0,0,0,0
1849,385000,-0.96779186,0.26135177,0.69912300,-0.19104839,0.14491207,0.03199497,0,0,0,0,0
1850,385208,-0.95186270,0.18697733,0.76165553,-0.20100447,0.12912120,0.05664212,0,0,0,0,0
1851,385416,-0.92886965,0.13232234,0.78813890,-0.16831637,0.12425123,0.05793533,0,0,0,0,0
1852,385625,-0.89538433,0.06968969,0.83023027,-0.19763566,0.10858217,0.06908033,0,0,0,0,0
1853,385833,-0.86011704,0.00991090,0.86626247,-0.17267282,0.11354536,0.09203229,0,0,0,0,0
1854,386041,-0.83135940,-0.05923399,0.89421359,-0.19451746,0.08702788,0.08480790,0,0,0,0,0
1855,386250,-0.79853249,-0.12050566,0.92007301,-0.18994816,0.09772696,0.10709739,0,0,0,0,0
1856,386458,-0.75299648,-0.18667554,0.94255842,-0.19833127,0.08041906,0.10519824,0,0,0,0,0
1857,386666,-0.70644887,-0.25220468,0.96441978,-0.16982594,0.06322560,0.11678913,0,0,0,0,0
1858,386875,-0.66420432,-0.32204463,0.97130545,-0.16755118,0.02782153,0.15129181,0,0,0,0,0
1859,387083,-0.60637775,-0.38207034,0.98462524,-0.18095283,0.02208925,0.14408929,0,0,0,0,0
1860,387291,-0.55605153,-0.45211504,0.98141442,-0.16959030,0.02165355,0.14911601,0,0,0,0,0
1861,387500,-0.49579944,-0.50117044,0.98545745,-0.15589896,0.00942160,0.17214876,0,0,0,0,0
1862,387708,-0.44855603,-0.55488758,0.98582164,-0.16020786,0.00642345,0.18642246,0,0,0,0,0
1863,387916,-0.39245790,-0.61263371,0.98980100,-0.13423856,-0.04461895,0.17864554,0,0,0,0,0
1864,388125,-0.32407013,-0.66980577,0.97307287,-0.14084791,-0.03548122,0.19143415,0,0,0,0,0
1865,388333,-0.25888938,-0.70224181,0.96253942,-0.13649794,-0.03181278,0.18004157,0,0,0,0,0
1866,388541,-0.20374565,-0.75317080,0.94136212,-0.13829820,-0.05576614,0.18967695,0,0,0,0,0
1867,388750,-0.13264685,-0.78845188,0.91698158,-0.12623435,-0.06919768,0.19203850,0,0,0,0,0
1868,388958,-0.05748766,-0.83183681,0.88318227,-0.09787005,-0.09268032,0.19729643,0,0,0,0,0
1869,389166,0.00471358,-0.86367447,0.85662622,-0.09143283,-0.07786725,0.20504472,0,0,0,0,0
1870,389375,0.06863951,-0.89598937,0.82217361,-0.07516488,-0.10499334,0.18125615,0,0,0,0,0
1871,389583,0.12822387,-0.93265793,0.79304751,-0.07792184,-0.10061306,0.18675815,0,0,0,0,0
1872,389791,0.20467943,-0.95528633,0.73815496,-0.07706955,-0.10792336,0.18959397,0,0,0,0,0
1873,390000,0.26036942,-0.97425728,0.69829611,-0.05336455,-0.11997328,0.18252879,0,0,0,0,0
1874,390208,0.32580811,-0.99209983,0.64588730,-0.01518194,-0.14347908,0.19123128,0,0,0,0,0
1875,390416,0.38885334,-0.98928165,0.59219996,-0.03186167,-0.15737694,0.18667329,0,0,0,0,0
1876,390625,0.44752704,-1.00435694,0.54680511,-0.00883947,-0.16674183,0.17949580,0,0,0,0,0
1877,390833,0.51212421,-1.00432010,0.49641111,-0.01862807,-0.14946410,0.16816158,0,0,0,0,0
1878,391041,0.56344468,-1.01091007,0.43071811,0.01437542,-0.17838552,0.17788857,0,0,0,0,0
1879,391250,0.61584142,-0.99341946,0.36662203,0.02942397,-0.17198968,0.15786421,0,0,0,0,0
1880,391458,0.66474064,-0.98849949,0.31140225,0.05064506,-0.18303050,0.14470502,0,0,0,0,0
1881,391666,0.71556357,-0.96485715,0.24812441,0.05755798,-0.19632157,0.13678135,0,0,0,0,0
1882,391875,0.75756278,-0.95517604,0.19435728,0.05850991,-0.19804818,0.13304688,0,0,0,0,0
1883,392083,0.80152363,-0.92167464,0.12268174,0.07948837,-0.18590381,0.11697115,0,0,0,0,0
1884,392291,0.83737904,-0.89634240,0.04942312,0.09594069,-0.19851905,0.09528687,0,0,0,0,0
1885,392500,0.87145876,-0.87234937,-0.00470737,0.09925622,-0.20332812,0.11060730,0,0,0,0,0
1886,392708,0.90043483,-0.82830443,-0.07237951,0.11130297,-0.20570422,0.08663852,0,0,0,0,0
1887,392916,0.93076811,-0.79156070,-0.13646943,0.13978805,-0.19222591,0.05952199,0,0,0,0,0
1888,393125,0.95348385,-0.75345086,-0.20324087,0.13271783,-0.19741970,0.04185065,0,0,0,0,0
1889,393333,0.98320378,-0.71629772,-0.26389145,0.15187748,-0.18230004,0.05575154,0,0,0,0,0
1890,393541,0.99368580,-0.65976087,-0.32907327,0.15347902,-0.15806834,0.05047118,0,0,0,0,0
1891,393750,0.99845783,-0.61304442,-0.39350216,0.14996520,-0.17301714,0.03053093,0,0,0,0,0
1892,393958,1.00312193,-0.56011946,-0.45086527,0.16519516,-0.15437535,0.02036759,0,0,0,0,0
1893,394166,1.01012233,-0.50458313,-0.50952262,0.17695128,-0.17339458,0.00862616,0,0,0,0,0
1894,394375,1.01427091,-0.44751631,-0.56249700,0.19620981,-0.15288902,-0.00987690,0,0,0,0,0
1895,394583,1.00178016,-0.39218272,-0.61668271,0.17524194,-0.14030557,-0.03901892,0,0,0,0,0
1896,394791,0.97819814,-0.33425574,-0.66891140,0.18559741,-0.13180658,-0.04149216,0,0,0,0,0
1897,395000,0.97593368,-0.27271542,-0.71566475,0.19842492,-0.12509625,-0.03878200,0,0,0,0,0
1898,395208,0.95753083,-0.19891479,-0.75914172,0.20424277,-0.12946808,-0.05292617,0,0,0,0,0
1899,395416,0.94002089,-0.14798704,-0.80914908,0.18686890,-0.11186578,-0.07255809,0,0,0,0,0
1900,395625,0.90057274,-0.06712094,-0.83281618,0.19290895,-0.12140609,-0.08759164,0,0,0,0,0
1901,395833,0.87151807,-0.00280860,-0.87030909,0.20603678,-0.08494284,-0.09152597,0,0,0,0,0
1902,396041,0.83844888,0.05858042,-0.90549324,0.19972796,-0.09966491,-0.10746083,0,0,0,0,0
1903,396250,0.79426384,0.13040449,-0.92602349,0.20383056,-0.06614684,-0.11517048,0,0,0,0,0
1904,396458,0.75237092,0.18861600,-0.95411742,0.20319582,-0.05631885,-0.12294885,0,0,0,0,0
1905,396666,0.71404156,0.25584187,-0.97268042,0.19405047,-0.04409875,-0.14145343,0,0,0,0,0
1906,396875,0.65674406,0.30670080,-0.98271848,0.18600143,-0.02131769,-0.13456099,0,0,0,0,0
1907,397083,0.60748073,0.36665927,-0.98771323,0.17294373,-0.01886612,-0.15250746,0,0,0,0,0
1908,397291,0.56512996,0.43643210,-0.99950723,0.17138737,-0.03009151,-0.15364803,0,0,0,0,0
1909,397500,0.50810347,0.49756528,-1.00654472,0.16540360,0.00154468,-0.16486539,0,0,0,0,0
1910,397708,0.45421487,0.55589661,-1.00186703,0.17181270,-0.01090840,-0.15632456,0,0,0,0,0
1911,397916,0.39065283,0.60356984,-0.98897110,0.15363308,0.01927045,-0.17180792,0,0,0,0,0
1912,398125,0.32702639,0.65639651,-0.97997189,0.14529015,0.02802372,-0.17788182,0,0,0,0,0
1913,398333,0.27059203,0.70699475,-0.96166994,0.12465382,0.05058352,-0.18219960,0,0,0,0,0
1914,398541,0.19802453,0.74732680,-0.94472884,0.13744950,0.04784228,-0.16827327,0,0,0,0,0
1915,398750,0.13358269,0.79262771,-0.91891479,0.10819866,0.05992458,-0.19201406,0,0,0,0,0
1916,398958,0.06946225,0.82242764,-0.88474129,0.10311990,0.08454670,-0.19165697,0,0,0,0,0
1917,399166,0.00630622,0.85466174,-0.86971914,0.10872745,0.10281978,-0.19322278,0,0,0,0,0
1918,399375,-0.06197211,0.89148170,-0.81536114,0.09366702,0.10242918,-0.21412253,0,0,0,0,0
1919,399583,-0.13442402,0.92541567,-0.78363462,0.06490660,0.13667698,-0.19288442,0,0,0,0,0
1920,399791,-0.19307636,0.94141820,-0.73279860,0.05061127,0.12068016,-0.18208902,0,0,0,0,0
1921,400000,-0.25576305,0.96756823,-0.70534390,0.04673978,0.14110841,-0.18454396,0,1,0,0,0
1922,400208,-0.31775650,0.97431480,-0.65013049,0.02980681,0.14736819,-0.17094755,0,1,0,0,0
1923,400416,-0.38192402,0.98737513,-0.60018362,0.00718527,0.14954324,-0.17344054,0,1,0,0,0
1924,400625,-0.43688169,0.99797364,-0.54303266,0.00022728,0.17440457,-0.17036566,0,1,0,0,0
1925,400833,-0.50535050,0.99550621,-0.48931199,-0.03406036,0.15995417,-0.15946538,0,1,0,0,0
1926,401041,-0.55103186,0.99403699,-0.43203324,-0.01195969,0.15485892,-0.15662724,0,1,0,0,0
1927,401250,-0.59765148,0.97680388,-0.37025492,-0.02692622,0.18025514,-0.15407708,0,1,0,0,0
1928,401458,-0.66061306,0.98305905,-0.31340258,-0.03534529,0.18392939,-0.14278475,0,1,0,0,0
1929,401666,-0.70547805,0.96307176,-0.25279511,-0.05965666,0.20113159,-0.15496947,0,1,0,0,0
1930,401875,-0.75218150,0.93963209,-0.18417636,-0.08095936,0.18097602,-0.10441864,0,1,0,0,0
1931,402083,-0.79404846,0.93022843,-0.12440185,-0.07899541,0.20059571,-0.11133503,0,1,0,0,0
1932,402291,-0.83655375,0.88996821,-0.05723026,-0.10841021,0.20015093,-0.10865119,0,1,0,0,0
1933,402500,-0.85634043,0.86046019,0.00169783,-0.12620268,0.19899003,-0.09071025,0,1,0,0,0
1934,402708,-0.89546249,0.82376502,0.07469561,-0.12529839,0.20473575,-0.05830920,0,1,0,0,0
1935,402916,-0.92790370,0.79618042,0.13500233,-0.12992533,0.19154760,-0.06399300,0,1,0,0,0
1936,403125,-0.95158126,0.75661414,0.20414069,-0.15166042,0.18883773,-0.05093060,0,1,0,0,0
1937,403333,-0.96631914,0.71174690,0.26268511,-0.16279088,0.18851758,-0.02132808,0,1,0,0,0
1938,403541,-0.99222771,0.66434456,0.33070431,-0.16450721,0.17799143,-0.02236811,0,1,0,0,0
1939,403750,-0.98663675,0.60457415,0.39659521,-0.16347632,0.15990266,-0.02193484,0,1,0,0,0
1940,403958,-1.00070372,0.56315036,0.44876426,-0.17553779,0.16329627,-0.02416124,0,1,0,0,0
1941,404166,-0.99813607,0.49864241,0.50482235,-0.15345060,0.15840049,0.01132534,0,1,0,0,0
1942,404375,-0.99556511,0.43457663,0.56899440,-0.18617928,0.14861978,0.01041440,0,1,0,0,0
1943,404583,-0.98631829,0.38091151,0.62286169,-0.18162357,0.14399572,0.03614972,0,1,0,0,0
1944,404791,-0.97785937,0.32377191,0.67100277,-0.20727843,0.14149626,0.04142649,0,1,0,0,0
1945,405000,-0.96161517,0.25662796,0.71429889,-0.18996764,0.12905487,0.05826402,0,1,0,0,0
1946,405208,-0.94114819,0.19718063,0.75816435,-0.20291076,0.13190232,0.07522183,0,1,0,0,0
1947,405416,-0.92480285,0.13488187,0.80108915,-0.20023281,0.12302656,0.06079843,0,1,0,0,0
1948,405625,-0.88540815,0.06943860,0.84045285,-0.18449965,0.08085962,0.09088392,0,1,0,0,0
1949,405833,-0.86364571,0.00555669,0.86653239,-0.20563678,0.07996525,0.10055127,0,1,0,0,0
1950,406041,-0.83116671,-0.06373964,0.90092371,-0.21478655,0.05925859,0.11434433,0,1,0,0,0
1951,406250,-0.79737214,-0.13133628,0.93892223,-0.21218374,0.06900744,0.12680669,0,1,0,0,0
1952,406458,-0.75302464,-0.19937428,0.95657848,-0.19697789,0.05636109,0.13311604,0,1,0,0,0
1953,406666,-0.70565218,-0.25597222,0.98050595,-0.19459543,0.04887151,0.13445040,0,1,0,0,0
1954,406875,-0.65987837,-0.32063479,0.99415852,-0.19109233,0.04322892,0.13842350,0,1,0,0,0
1955,407083,-0.60111021,-0.37958966,0.99803950,-0.19981959,0.02174707,0.14203384,0,1,0,0,0
1956,407291,-0.55947572,-0.44876217,1.00439157,-0.16087540,0.00355022,0.16665169,0,1,0,0,0
1957,407500,-0.49899052,-0.50351468,1.01269508,-0.15983017,-0.00295180,0.17756571,0,1,0,0,0
1958,407708,-0.45067058,-0.54873834,1.00931185,-0.16578149,-0.02018771,0.17497972,0,1,0,0,0
1959,407916,-0.37480587,-0.61244900,1.00376587,-0.17429726,-0.04220511,0.19203862,0,1,0,0,0
1960,408125,-0.33064031,-0.65560354,0.98772768,-0.13474372,-0.02989129,0.18713651,0,1,0,0,0
1961,408333,-0.25178909,-0.70638386,0.97315921,-0.13030788,-0.04713805,0.19119704,0,1,0,0,0
1962,408541,-0.19915061,-0.75128324,0.95156144,-0.13137019,-0.04870448,0.18067772,0,1,0,0,0
1963,408750,-0.14507544,-0.78779424,0.92879565,-0.11077597,-0.08727476,0.19288106,0,1,0,0,0
1964,408958,-0.06200013,-0.82614591,0.89780960,-0.11768662,-0.10264701,0.20802941,0,1,0,0,0
1965,409166,-0.00294066,-0.85812211,0.86913902,-0.11188371,-0.10729730,0.21354747,0,1,0,0,0
1966,409375,0.05975040,-0.89726877,0.83326224,-0.08973371,-0.10516752,0.19762593,0,1,0,0,0
1967,409583,0.13026337,-0.92327615,0.79278482,-0.09528456,-0.11148465,0.20730849,0,1,0,0,0
1968,409791,0.19480042,-0.93638014,0.75672251,-0.07868787,-0.12773952,0.21096657,0,1,0,0,0
1969,410000,0.25709383,-0.96217840,0.70028738,-0.04934806,-0.13921370,0.18462850,0,1,0,0,0
1970,410208,0.32310465,-0.97408725,0.66069415,-0.03899230,-0.14158652,0.19327609,0,1,0,0,0
1971,410416,0.37972495,-0.98897462,0.60337517,-0.04129798,-0.16356705,0.18696903,0,1,0,0,0
1972,410625,0.44113369,-0.99043166,0.55023874,-0.01726269,-0.15654272,0.18962594,0,1,0,0,0
1973,410833,0.49285885,-1.00698394,0.49488781,-0.01199404,-0.15462764,0.16320701,0,1,0,0,0
1974,411041,0.55480777,-0.98622885,0.44320964,0.01114905,-0.19165877,0.16634618,0,1,0,0,0
1975,411250,0.60160313,-0.98735390,0.36987638,0.02463039,-0.18925472,0.15130760,0,1,0,0,0
1976,411458,0.64924190,-0.98012201,0.32069436,0.05488259,-0.20536867,0.14807119,0,1,0,0,0
1977,411666,0.70173834,-0.96378593,0.25737882,0.05739234,-0.20489293,0.14537410,0,1,0,0,0
1978,411875,0.74629623,-0.94029088,0.18846673,0.07007532,-0.19404346,0.13686014,0,1,0,0,0
1979,412083,0.79399812,-0.91604886,0.12952441,0.08160343,-0.21645989,0.12306702,0,1,0,0,0
1980,412291,0.82034847,-0.88746875,0.05724901,0.08076045,-0.20790792,0.08942104,0,1,0,0,0
1981,412500,0.86771956,-0.86310371,-0.00251071,0.10880022,-0.18894938,0.08311826,0,1,0,0,0
1982,412708,0.88998908,-0.81817504,-0.07417362,0.12578650,-0.19551409,0.08643864,0,1,0,0,0
1983,412916,0.90770686,-0.78710714,-0.12302349,0.13377088,-0.18728027,0.07094867,0,1,0,0,0
1984,413125,0.93688193,-0.74602134,-0.19376750,0.14817666,-0.20414926,0.05075804,0,1,0,0,0
1985,413333,0.96013959,-0.69980703,-0.26080331,0.15773196,-0.18595089,0.03260843,0,1,0,0,0
1986,413541,0.97846181,-0.64791397,-0.32966042,0.18061873,-0.16246900,-0.00906175,0,1,0,0,0
1987,413750,0.98589772,-0.60115628,-0.38773240,0.15490468,-0.18208837,0.00209902,0,1,0,0,0
1988,413958,0.98657377,-0.55086042,-0.44735794,0.17532600,-0.17402168,0.00280359,0,1,0,0,0
1989,414166,0.99050994,-0.49454781,-0.50291880,0.18247783,-0.15661809,-0.00943049,0,1,0,0,0
1990,414375,0.98594919,-0.42946469,-0.55793901,0.18111400,-0.16439057,-0.01496130,0,1,0,0,0
1991,414583,0.98646923,-0.37101356,-0.61223218,0.18259671,-0.14083939,-0.02568703,0,1,0,0,0
1992,414791,0.97377321,-0.31354910,-0.66245770,0.19786717,-0.15822086,-0.02174258,0,1,0,0,0
1993,415000,0.96218951,-0.25234863,-0.71299495,0.20024802,-0.15630835,-0.06456359,0,1,0,0,0
1994,415208,0.93108116,-0.17813489,-0.75536163,0.18843240,-0.12018058,-0.08872193,0,1,0,0,0
1995,415416,0.91408261,-0.12316894,-0.80194663,0.18312987,-0.12379802,-0.09057715,0,1,0,0,0
1996,415625,0.89983562,-0.05981440,-0.84233285,0.19770255,-0.10968286,-0.07626875,0,1,0,0,0
1997,415833,0.86208092,0.00331892,-0.86244963,0.19671205,-0.08462040,-0.10427755,0,1,0,0,0
1998,416041,0.82296458,0.07116290,-0.90055772,0.20954254,-0.07586934,-0.10523955,0,1,0,0,0
1999,416250,0.78161440,0.11892917,-0.92070991,0.19350304,-0.08254382,-0.13150528,0,1,0,0,0
2000,416458,0.75089250,0.20352089,-0.95426650,0.19927623,-0.05277332,-0.14093020,0,1,0,0,0
2001,416666,0.70868256,0.25542305,-0.95995212,0.18131761,-0.04834287,-0.16258687,0,1,0,0,0
2002,416875,0.64797609,0.32048649,-0.98660362,0.17920532,-0.02834704,-0.15772672,0,1,0,0,0
2003,417083,0.59836215,0.37799150,-0.99208335,0.18237130,-0.01983182,-0.16267892,0,1,0,0,0
2004,417291,0.55233859,0.44057696,-1.00421774,0.18197258,-0.02181762,-0.16182035,0,1,0,0,0
2005,417500,0.49771425,0.49991437,-1.00583546,0.16984507,-0.00118190,-0.17188159,0,1,0,0,0
2006,417708,0.44098257,0.56126124,-1.00518776,0.17230037,-0.00559457,-0.16386382,0,1,0,0,0
2007,417916,0.38853757,0.61606537,-1.00068193,0.14607295,0.03279003,-0.19073399,0,1,0,0,0
2008,418125,0.31349919,0.66951942,-0.98257921,0.15263951,0.04716539,-0.19143839,0,1,0,0,0
2009,418333,0.25614248,0.70770398,-0.97247111,0.14403522,0.04827805,-0.19789729,0,1,0,0,0
2010,418541,0.19597046,0.75047230,-0.94896174,0.12249567,0.06617746,-0.20779239,0,1,0,0,0
2011,418750,0.13147021,0.79665893,-0.92511113,0.12979504,0.06949720,-0.19908065,0,1,0,0,0
2012,418958,0.05967068,0.82633428,-0.89502327,0.09596165,0.10357943,-0.20751101,0,1,0,0,0
2013,419166,-0.00539455,0.86010865,-0.86855135,0.10048765,0.08976663,-0.18892764,0,1,0,0,0
2014,419375,-0.06986258,0.89376786,-0.84304497,0.10437974,0.11089607,-0.21345466,0,1,0,0,0
2015,419583,-0.12391958,0.92228381,-0.79838687,0.06283150,0.11209271,-0.20809779,0,1,0,0,0
2016,419791,-0.20157542,0.93500884,-0.75487497,0.07973750,0.13809171,-0.21534087,0,1,0,0,0
2017,420000,-0.26166009,0.96947871,-0.70952838,0.04867231,0.15630167,-0.19670586,0,1,0,0,0
2018,420208,-0.31837333,0.97994251,-0.65493086,0.04112481,0.13475893,-0.20945786,0,1,0,0,0
2019,420416,-0.38852194,0.99303750,-0.60507615,0.04726429,0.17100529,-0.19120929,0,1,0,0,0
2020,420625,-0.44099666,0.98714092,-0.55822730,0.01268882,0.18900868,-0.19659690,0,1,0,0,0
2021,420833,-0.50914495,0.99322478,-0.48981665,0.02059233,0.18143518,-0.18738316,0,1,0,0,0
2022,421041,-0.55396694,0.99013843,-0.44610445,-0.01320242,0.18002116,-0.17677229,0,1,0,0,0
2023,421250,-0.60764157,0.98551436,-0.38623596,-0.02553890,0.19212843,-0.15246302,0,1,0,0,0
2024,421458,-0.65751659,0.97487758,-0.32926537,-0.03060206,0.19185465,-0.15055626,0,1,0,0,0
2025,421666,-0.71033504,0.96370555,-0.26911053,-0.04757699,0.22075794,-0.14008746,0,1,0,0,0
2026,421875,-0.74950242,0.94006646,-0.20358235,-0.06502943,0.21221386,-0.12206200,0,1,0,0,0
2027,422083,-0.79226073,0.91210529,-0.12810165,-0.08424068,0.21451236,-0.12285383,0,1,0,0,0
2028,422291,-0.82356078,0.89914460,-0.06434530,-0.10758413,0.22756346,-0.12434704,0,1,0,0,0
2029,422500,-0.86123602,0.85556111,-0.00703455,-0.11895822,0.21881707,-0.10407078,0,1,0,0,0
2030,422708,-0.90225133,0.81746416,0.06334894,-0.10202893,0.20239370,-0.08432631,0,1,0,0,0
2031,422916,-0.92582261,0.77424851,0.13208891,-0.10872702,0.20103422,-0.07033048,0,1,0,0,0
2032,423125,-0.94735271,0.74251424,0.18255083,-0.13429661,0.22058164,-0.05257766,0,1,0,0,0
2033,423333,-0.96184951,0.70076924,0.26541307,-0.16248428,0.18494354,-0.04783600,0,1,0,0,0
2034,423541,-0.97788152,0.64389918,0.32454847,-0.16088623,0.18525526,-0.02426973,0,1,0,0,0
2035,423750,-0.98794637,0.60221825,0.38470534,-0.16904446,0.17089157,-0.01867249,0,1,0,0,0
2036,423958,-0.97876942,0.54641399,0.44640418,-0.17328819,0.15641539,-0.02399331,0,1,0,0,0
2037,424166,-0.99692514,0.48165536,0.48804833,-0.18273671,0.15898856,-0.02279870,0,1,0,0,0
2038,424375,-0.98463986,0.43603398,0.55289981,-0.17412355,0.15202632,0.00535152,0,1,0,0,0
2039,424583,-0.98531743,0.37206864,0.61365487,-0.18161236,0.14687068,0.02964854,0,1,0,0,0
2040,424791,-0.98425079,0.30661652,0.65809851,-0.17239954,0.15135150,0.04482901,0,1,0,0,0
2041,425000,-0.95702574,0.25451759,0.70979390,-0.19559698,0.13676284,0.05282087,0,1,0,0,0
2042,425208,-0.93293087,0.19081405,0.75823249,-0.19261963,0.13811130,0.06765136,0,1,0,0,0
2043,425416,-0.91191729,0.11595796,0.79618804,-0.18953353,0.12002356,0.09196574,0,1,0,0,0
2044,425625,-0.88648449,0.05819230,0.82964745,-0.18842892,0.11015967,0.09088529,0,1,0,0,0
2045,425833,-0.85657732,-0.00749926,0.86850821,-0.21201758,0.09463864,0.10585435,0,1,0,0,0
2046,426041,-0.82449070,-0.07408930,0.88825564,-0.19589055,0.10556103,0.12952055,0,1,0,0,0
2047,426250,-0.77940033,-0.14127945,0.92620935,-0.19790769,0.06982403,0.10620077,0,1,0,0,0
2048,426458,-0.74461960,-0.20383509,0.95071457,-0.19486916,0.07072538,0.15169723,0,1,0,0,0
2049,426666,-0.70108709,-0.26195471,0.96690220,-0.19485355,0.03690129,0.11878613,0,1,0,0,0
2050,426875,-0.64831115,-0.32704059,0.98703081,-0.17487784,0.03325496,0.14534031,0,1,0,0,0
2051,427083,-0.60156418,-0.39977457,0.99351900,-0.19648824,0.04266127,0.15662659,0,1,0,0,0
2052,427291,-0.54076615,-0.46024149,0.99953186,-0.19172268,0.01636781,0.15384199,0,1,0,0,0
2053,427500,-0.48954542,-0.51627785,1.01035010,-0.18423199,-0.01743736,0.17577051,0,1,0,0,0
2054,427708,-0.43829950,-0.56908158,0.99447491,-0.17199104,-0.02656484,0.18339656,0,1,0,0,0
2055,427916,-0.38070656,-0.61896013,0.99996524,-0.15860767,-0.01286895,0.19701442,0,1,0,0,0
2056,428125,-0.31671758,-0.66771815,0.98897624,-0.15804744,-0.04049996,0.20160254,0,1,0,0,0
2057,428333,-0.23958705,-0.71322606,0.97173833,-0.13494508,-0.05649912,0.20037726,0,1,0,0,0
2058,428541,-0.18873680,-0.75749514,0.94633981,-0.13619044,-0.07378839,0.21316243,0,1,0,0,0
2059,428750,-0.11917237,-0.79880339,0.92676441,-0.12789932,-0.08131587,0.21099604,0,1,0,0,0
2060,428958,-0.06435550,-0.83071509,0.89367531,-0.13062158,-0.07602177,0.20310268,0,1,0,0,0
2061,429166,0.00213728,-0.87916664,0.86363760,-0.08903813,-0.10901318,0.20857228,0,1,0,0,0
2062,429375,0.07193030,-0.89978446,0.83213523,-0.09712954,-0.11965457,0.20124403,0,1,0,0,0
2063,429583,0.14634332,-0.92665097,0.78855992,-0.06910030,-0.11894893,0.19469906,0,1,0,0,0
2064,429791,0.19571398,-0.95748128,0.74998564,-0.07987618,-0.14624883,0.20964438,0,1,0,0,0
2065,430000,0.26244657,-0.96726932,0.70070136,-0.05288588,-0.15561562,0.18776395,0,1,0,0,0
2066,430208,0.33237629,-0.98263144,0.66163194,-0.05374694,-0.15603785,0.19716609,0,1,0,0,0
2067,430416,0.39670690,-0.99496129,0.61600511,-0.01632718,-0.16496667,0.17119374,0,1,0,0,0
2068,430625,0.45017698,-1.01271534,0.56579489,-0.00929278,-0.18183083,0.18884328,0,1,0,0,0
2069,430833,0.50875524,-0.99728853,0.49434563,0.00227940,-0.17668575,0.17367605,0,1,0,0,0
2070,431041,0.55618757,-0.99805406,0.43785981,0.00092718,-0.18607529,0.17836870,0,1,0,0,0
2071,431250,0.60703298,-0.98988243,0.38268230,0.04157515,-0.21395739,0.16125363,0,1,0,0,0
2072,431458,0.65833988,-0.99726283,0.32619874,0.05701711,-0.19143249,0.15220322,0,1,0,0,0
2073,431666,0.70733654,-0.96716034,0.25938982,0.04663687,-0.20894571,0.14338957,0,1,0,0,0
2074,431875,0.75744909,-0.95175760,0.20185820,0.06541200,-0.19814112,0.12570995,0,1,0,0,0
2075,432083,0.79160300,-0.91422320,0.13544323,0.08591673,-0.18724551,0.11484684,0,1,0,0,0
2076,432291,0.83688849,-0.89846166,0.05908264,0.06921813,-0.20940908,0.10339954,0,1,0,0,0
2077,432500,0.86836268,-0.85406649,0.00301896,0.11209024,-0.21472924,0.09630322,0,1,0,0,0
2078,432708,0.89762956,-0.82164258,-0.06866404,0.12193090,-0.19290552,0.08046341,0,1,0,0,0
2079,432916,0.93143223,-0.78680250,-0.13024731,0.11647001,-0.21242713,0.07899409,0,1,0,0,0
2080,433125,0.94472427,-0.74043877,-0.19388905,0.10990402,-0.18147656,0.04518892,0,1,0,0,0
2081,433333,0.97506932,-0.70590206,-0.25170592,0.14417724,-0.20054310,0.03617607,0,1,0,0,0
2082,433541,0.98621038,-0.65709391,-0.31804406,0.13779691,-0.19695763,0.05816126,0,1,0,0,0
2083,433750,0.98702098,-0.59794738,-0.38134730,0.14079451,-0.16121594,0.02282523,0,1,0,0,0
2084,433958,1.00362241,-0.55395188,-0.42803492,0.16717865,-0.17495057,0.00467625,0,1,0,0,0
2085,434166,0.99342528,-0.50019370,-0.50060576,0.18270989,-0.15566910,0.00200400,0,1,0,0,0
2086,434375,1.00250932,-0.43733454,-0.55019996,0.17268971,-0.16510330,-0.00280962,0,1,0,0,0
2087,434583,0.99053055,-0.38040236,-0.60144271,0.19140574,-0.15841027,-0.01691320,0,1,0,0,0
2088,434791,0.96957530,-0.30528883,-0.65448492,0.19023778,-0.17888782,-0.04366213,0,1,0,0,0
2089,435000,0.95543807,-0.24799203,-0.70754358,0.17330785,-0.13125430,-0.05408197,0,1,0,0,0
2090,435208,0.94024735,-0.19090409,-0.75249472,0.18436241,-0.12871125,-0.06489458,0,1,0,0,0
2091,435416,0.92297447,-0.12836399,-0.78611631,0.20297748,-0.12425773,-0.07079264,0,1,0,0,0
2092,435625,0.89026213,-0.05645038,-0.82205771,0.18823073,-0.10712930,-0.08548427,0,1,0,0,0
2093,435833,0.85886157,0.01327814,-0.86204490,0.20304501,-0.10189215,-0.10677692,0,1,0,0,0
2094,436041,0.82514983,0.07427387,-0.89916444,0.19101053,-0.10028194,-0.11396836,0,1,0,0,0
2095,436250,0.77662043,0.13326135,-0.91949351,0.20175738,-0.07521197,-0.12236048,0,1,0,0,0
2096,436458,0.74906222,0.19547085,-0.93500806,0.19736609,-0.06825996,-0.11525786,0,1,0,0,0
2097,436666,0.70685021,0.26456411,-0.96663106,0.18816204,-0.04611139,-0.14172228,0,1,0,0,0
2098,436875,0.65634799,0.33071827,-0.97811048,0.19415897,-0.04328529,-0.11618648,0,1,0,0,0
2099,437083,0.59975041,0.38807964,-0.98699023,0.16123936,-0.03204980,-0.16069310,0,1,0,0,0
2100,437291,0.54431376,0.45510215,-0.98837463,0.16667000,-0.01971199,-0.18290710,0,1,0,0,0
2101,437500,0.48780289,0.51040800,-0.99872905,0.16674514,-0.01011777,-0.16993332,0,1,0,0,0
2102,437708,0.42983523,0.56449499,-0.99161973,0.17623946,0.00634653,-0.16959559,0,1,0,0,0
2103,437916,0.38715634,0.61897406,-0.98071952,0.14257565,0.02858835,-0.18116228,0,1,0,0,0
2104,438125,0.31406469,0.65999274,-0.98439407,0.14871756,0.02932791,-0.18900323,0,1,0,0,0
2105,438333,0.25616780,0.71211827,-0.96855536,0.14385137,0.03750492,-0.19903736,0,1,0,0,0
2106,438541,0.19192327,0.75405877,-0.94324378,0.13439837,0.06948443,-0.20158645,0,1,0,0,0
2107,438750,0.12356233,0.80263438,-0.91449704,0.12182392,0.07244098,-0.22474366,0,1,0,0,0
2108,438958,0.05281509,0.83367303,-0.89032628,0.10710203,0.09361820,-0.19485378,0,1,0,0,0
2109,439166,-0.00555082,0.87376475,-0.85534965,0.10089301,0.09569219,-0.20844021,0,1,0,0,0
2110,439375,-0.07911217,0.90340456,-0.83420622,0.10264251,0.10391152,-0.19358387,0,1,0,0,0
2111,439583,-0.13588625,0.93426380,-0.78544405,0.07496418,0.10362648,-0.20991004,0,1,0,0,0
2112,439791,-0.20864169,0.94833954,-0.75957036,0.04857862,0.12079413,-0.20371736,0,1,0,0,0
2113,440000,-0.26929185,0.97553255,-0.69376010,0.06252119,0.13391516,-0.18826875,0,1,0,0,0
2114,440208,-0.33179492,0.98265534,-0.64661654,0.05990122,0.15542646,-0.18388288,0,1,0,0,0
2115,440416,-0.38370480,0.99359695,-0.60368756,0.02098784,0.16085351,-0.18415895,0,1,0,0,0
2116,440625,-0.46232882,1.00374433,-0.56060423,0.03125590,0.16029936,-0.20544033,0,1,0,0,0
2117,440833,-0.49609784,1.01205804,-0.49484532,0.00874087,0.15058428,-0.19251143,0,1,0,0,0
2118,441041,-0.56727938,0.99909820,-0.43090650,-0.02224501,0.19002728,-0.16467173,0,1,0,0,0
2119,441250,-0.61703778,0.98726084,-0.37526504,-0.03187403,0.20030232,-0.16966078,0,1,0,0,0
2120,441458,-0.66496513,0.97995404,-0.30731684,-0.04625838,0.20636344,-0.15214208,0,1,0,0,0
2121,441666,-0.71321038,0.96706039,-0.25588888,-0.05070287,0.19125811,-0.14039629,0,1,0,0,0
2122,441875,-0.75542336,0.95852051,-0.18096856,-0.06737939,0.21430679,-0.12906762,0,1,0,0,0
2123,442083,-0.79813759,0.92731102,-0.13707528,-0.06717297,0.21172349,-0.13107578,0,1,0,0,0
2124,442291,-0.82909981,0.89393237,-0.06601028,-0.08183299,0.21255835,-0.09903813,0,1,0,0,0
2125,442500,-0.87008089,0.86559154,-0.00363097,-0.11727630,0.20058426,-0.10320375,0,1,0,0,0
2126,442708,-0.90497282,0.83915961,0.07160921,-0.12687943,0.20395521,-0.08073500,0,1,0,0,0
2127,442916,-0.93385096,0.79165797,0.12668636,-0.11675729,0.22113368,-0.07735590,0,1,0,0,0
2128,443125,-0.95661867,0.74996681,0.20204032,-0.13758260,0.21615179,-0.04466369,0,1,0,0,0
2129,443333,-0.96574662,0.70417780,0.26386814,-0.14299770,0.19459769,-0.03785640,0,1,0,0,0
2130,443541,-0.97770998,0.66179462,0.32366258,-0.14387426,0.19197450,-0.01931785,0,1,0,0,0
2131,443750,-0.99147915,0.60499025,0.38314661,-0.14810168,0.16249040,-0.01217785,0,1,0,0,0
2132,443958,-1.01805022,0.55867331,0.43776968,-0.17561995,0.19038187,-0.01788182,0,1,0,0,0
2133,444166,-1.01489807,0.50392826,0.50348099,-0.19136718,0.17930193,-0.00948597,0,1,0,0,0
2134,444375,-1.00084668,0.44382580,0.55323971,-0.17543940,0.16844288,-0.00292829,0,1,0,0,0
2135,444583,-0.99452341,0.37987128,0.61255311,-0.18734211,0.15175665,0.02376913,0,1,0,0,0
2136,444791,-0.98224451,0.31258437,0.66655082,-0.18198640,0.15083494,0.03405062,0,1,0,0,0
2137,445000,-0.96056834,0.25566031,0.70504137,-0.18679448,0.15675260,0.04600144,0,1,0,0,0
2138,445208,-0.94120368,0.18953327,0.75768041,-0.19834591,0.13709320,0.05059812,0,1,0,0,0
2139,445416,-0.92272048,0.12424503,0.79328956,-0.16982763,0.15054945,0.07470968,0,1,0,0,0
2140,445625,-0.90370301,0.06165139,0.83317665,-0.19202217,0.12243608,0.07918183,0,1,0,0,0
2141,445833,-0.87095208,-0.00032738,0.85786740,-0.19876210,0.09453649,0.08971796,0,1,0,0,0
2142,446041,-0.82956649,-0.07141320,0.89162144,-0.19210479,0.08836141,0.10733045,0,1,0,0,0
2143,446250,-0.78944463,-0.14047586,0.91831639,-0.18709467,0.07352961,0.11563625,0,1,0,0,0
2144,446458,-0.75592883,-0.20314743,0.95135183,-0.19709590,0.07688266,0.11242044,0,1,0,0,0
2145,446666,-0.70170898,-0.25382444,0.96166463,-0.16499031,0.06716841,0.12857948,0,1,0,0,0
2146,446875,-0.66597149,-0.32234718,0.98126147,-0.19986047,0.05990943,0.15101925,0,1,0,0,0
2147,447083,-0.61993128,-0.39131058,0.98827569,-0.19463934,0.02645109,0.15386269,0,1,0,0,0
2148,447291,-0.55779204,-0.43985374,0.99318544,-0.19066149,0.02150350,0.14291665,0,1,0,0,0
2149,447500,-0.49094528,-0.50535949,0.98965423,-0.16836133,0.01677125,0.17663541,0,1,0,0,0
2150,447708,-0.43239911,-0.54846476,0.98520894,-0.15668588,0.00674486,0.17571864,0,1,0,0,0
2151,447916,-0.38822060,-0.61183866,0.98647722,-0.15713612,-0.03363300,0.17139305,0,1,0,0,0
2152,448125,-0.32635782,-0.66099443,0.97586342,-0.14105718,-0.02756572,0.18033799,0,1,0,0,0
2153,448333,-0.25203217,-0.70748358,0.95767355,-0.13270963,-0.05802234,0.19291808,0,1,0,0,0
2154,448541,-0.19394885,-0.74907303,0.94335772,-0.13204189,-0.06433870,0.17265160,0,1,0,0,0
2155,448750,-0.11995780,-0.80033755,0.92886728,-0.11496785,-0.08352609,0.20166108,0,1,0,0,0
2156,448958,-0.05755307,-0.82942199,0.89890196,-0.11163292,-0.08869553,0.20929138,0,1,0,0,0
2157,449166,0.00906780,-0.87429133,0.85986207,-0.10374687,-0.10886007,0.20953534,0,1,0,0,0
2158,449375,0.06608309,-0.90405091,0.82483815,-0.09412112,-0.11784423,0.21258052,0,1,0,0,0
2159,449583,0.13776765,-0.92943827,0.78903771,-0.07571018,-0.12643552,0.19279252,0,1,0,0,0
2160,449791,0.21035409,-0.94814502,0.74504408,-0.05414779,-0.12533677,0.20955574,0,1,0,0,0
