1,0,0.47338145,-1.00263844,0.52632874,-0.00501020,-0.16641716,0.18796892,0,0,0,0,0
2,208,0.53808985,-1.00583672,0.46546959,0.00203027,-0.16470153,0.18896318,0,0,0,0,0
3,416,0.58854333,-0.99750845,0.40225054,0.01721703,-0.18340157,0.17118272,0,0,0,0,0
4,625,0.63983109,-0.98639405,0.33739580,0.03651176,-0.19100192,0.16976138,0,0,0,0,0
5,833,0.69058607,-0.96379123,0.28295667,0.06092131,-0.20127647,0.15096681,0,0,0,0,0
6,1041,0.72913040,-0.95130197,0.21995059,0.05064769,-0.20947065,0.14786544,0,0,0,0,0
7,1250,0.77642181,-0.93132792,0.15603802,0.08498059,-0.21654046,0.11705835,0,0,0,0,0
8,1458,0.81812956,-0.90087113,0.09954941,0.09270699,-0.20370206,0.11126137,0,0,0,0,0
9,1666,0.84933341,-0.87738039,0.02427873,0.09940786,-0.21004185,0.08787900,0,0,0,0,0
10,1875,0.88406221,-0.83290537,-0.04349607,0.10773154,-0.19790817,0.09729252,0,0,0,0,0
11,2083,0.91092245,-0.81374071,-0.10168207,0.11183881,-0.18618781,0.10342668,0,0,0,0,0
12,2291,0.93644139,-0.76550424,-0.17361269,0.12621759,-0.20035930,0.08157824,0,0,0,0,0
13,2500,0.96308420,-0.71697356,-0.25089991,0.12833554,-0.20458559,0.05632206,0,0,0,0,0
14,2708,0.97170861,-0.67371298,-0.30122161,0.14872286,-0.17014000,0.04065586,0,0,0,0,0
15,2916,0.98382754,-0.63051524,-0.35791309,0.14566825,-0.18782040,0.03059224,0,0,0,0,0
16,3125,0.99404850,-0.57684765,-0.41121366,0.16846198,-0.17847495,0.00956993,0,0,0,0,0
17,3333,0.99362373,-0.51937910,-0.47582616,0.16096820,-0.16780797,-0.00037213,0,0,0,0,0
18,3541,0.99128639,-0.46869649,-0.54580061,0.17724387,-0.15707395,-0.00343494,0,0,0,0,0
19,3750,0.99172512,-0.40220173,-0.57940886,0.19629025,-0.14747613,-0.01018681,0,0,0,0,0
20,3958,0.98565833,-0.34922640,-0.63657086,0.19639479,-0.13850230,-0.05144042,0,0,0,0,0
21,4166,0.97391989,-0.28842720,-0.68705541,0.19040672,-0.15273354,-0.04656516,0,0,0,0,0
22,4375,0.95186690,-0.22380945,-0.73522520,0.19732785,-0.12498097,-0.08982093,0,0,0,0,0
23,4583,0.93391752,-0.16022518,-0.77468493,0.21217810,-0.11934565,-0.05877519,0,0,0,0,0
24,4791,0.90492322,-0.08585401,-0.82151160,0.20333706,-0.11759580,-0.10810045,0,0,0,0,0
25,5000,0.87539358,-0.02226540,-0.84715695,0.19498175,-0.09366585,-0.09762741,0,0,0,0,0
26,5208,0.84436901,0.04102044,-0.88870886,0.19367263,-0.08506404,-0.10467747,0,0,0,0,0
27,5416,0.79681250,0.10795858,-0.90979149,0.19721841,-0.06672492,-0.11858347,0,0,0,0,0
28,5625,0.77790067,0.17020597,-0.93618929,0.20201922,-0.07281879,-0.13405746,0,0,0,0,0
29,5833,0.72381040,0.22581564,-0.96375112,0.20677931,-0.04735202,-0.15863462,0,0,0,0,0
30,6041,0.68321454,0.29231745,-0.97444514,0.17690932,-0.05340971,-0.13998039,0,0,0,0,0
31,6250,0.63067986,0.35984752,-0.98910742,0.17423863,-0.01804099,-0.16658990,0,0,0,0,0
32,6458,0.58310020,0.41189572,-0.99565144,0.18598818,-0.01762361,-0.16381537,0,0,0,0,0
33,6666,0.51692527,0.47258425,-0.99879927,0.14478965,-0.00243695,-0.16502271,0,0,0,0,0
34,6875,0.47163416,0.53236835,-1.00106764,0.15628508,0.00408347,-0.18203382,0,0,0,0,0
35,7083,0.39930607,0.59307884,-0.99183460,0.16566211,0.02602240,-0.19522497,0,0,0,0,0
36,7291,0.35135361,0.64384074,-0.99094754,0.12965544,0.03257722,-0.17537570,0,0,0,0,0
37,7500,0.28339857,0.69243712,-0.97243521,0.15042524,0.02497874,-0.20260236,0,0,0,0,0
38,7708,0.22519649,0.72707515,-0.96162028,0.15312847,0.07109064,-0.17706761,0,0,0,0,0
39,7916,0.15712126,0.77244551,-0.92908392,0.13155386,0.07906802,-0.19176205,0,0,0,0,0
40,8125,0.09021272,0.82480245,-0.90736808,0.11998671,0.08986160,-0.20366283,0,0,0,0,0
41,8333,0.02105846,0.85731185,-0.86762838,0.10475037,0.08485784,-0.20460109,0,0,0,0,0
42,8541,-0.04353890,0.89331453,-0.84441932,0.07689357,0.08377561,-0.20246063,0,0,0,0,0
43,8750,-0.09609412,0.92598543,-0.80823314,0.08135264,0.10655971,-0.20803580,0,0,0,0,0
44,8958,-0.16739877,0.93545739,-0.77676129,0.08807864,0.11978489,-0.20589988,0,0,0,0,0
45,9166,-0.24115711,0.96648754,-0.73308082,0.06619307,0.10917149,-0.21828957,0,0,0,0,0
46,9375,-0.29971250,0.97289168,-0.67171498,0.04490835,0.13917604,-0.21600433,0,0,0,0,0
47,9583,-0.36419439,0.97415852,-0.62721482,0.05228890,0.15682189,-0.20664355,0,0,0,0,0
48,9791,-0.41537393,0.99234265,-0.57596914,0.03234836,0.16412564,-0.19435966,0,0,0,0,0
49,10000,-0.48087190,0.99878749,-0.51346540,0.01070060,0.17692478,-0.18298631,0,0,0,0,0
50,10208,-0.53170551,1.00545533,-0.46076767,0.00036969,0.16046412,-0.17818982,0,0,0,0,0
51,10416,-0.59025895,0.99914490,-0.41285761,-0.02287545,0.16131439,-0.16460600,0,0,0,0,0
52,10625,-0.62866850,0.98350149,-0.35139746,-0.04191303,0.19808301,-0.16405281,0,0,0,0,0
53,10833,-0.68838178,0.97580274,-0.27946276,-0.04751498,0.18743314,-0.15912587,0,0,0,0,0
54,11041,-0.73875163,0.96468444,-0.21084293,-0.06000141,0.20961839,-0.13759750,0,0,0,0,0
55,11250,-0.77072599,0.92882685,-0.14830527,-0.06269776,0.21715513,-0.13597455,0,0,0,0,0
56,11458,-0.82060847,0.90550237,-0.08741714,-0.09062076,0.20979838,-0.10019285,0,0,0,0,0
57,11666,-0.85175082,0.87331047,-0.03517947,-0.09138373,0.22322177,-0.12422836,0,0,0,0,0
58,11875,-0.89022147,0.84244380,0.04230849,-0.11057310,0.20766744,-0.07746850,0,0,0,0,0
59,12083,-0.92301712,0.80225189,0.10744105,-0.11289341,0.19851889,-0.08780978,0,0,0,0,0
60,12291,-0.93628749,0.77142453,0.17330785,-0.13330152,0.19623058,-0.07933641,0,0,0,0,0
61,12500,-0.95943862,0.71988469,0.23637548,-0.14267489,0.20227016,-0.04740460,0,0,0,0,0
62,12708,-0.97432685,0.67860898,0.29758131,-0.13088049,0.20393033,-0.04311130,0,0,0,0,0
63,12916,-0.98983031,0.63040764,0.36598834,-0.14849074,0.17673886,-0.02546408,0,0,0,0,0
64,13125,-0.99149174,0.57036323,0.42848748,-0.17608122,0.19838746,-0.03298544,0,0,0,0,0
65,13333,-0.99819170,0.52182785,0.47399062,-0.17233784,0.17339493,-0.00920203,0,0,0,0,0
66,13541,-0.99837011,0.45665466,0.53267644,-0.17429036,0.16607603,0.02406720,0,0,0,0,0
67,13750,-0.99449088,0.40710716,0.59144417,-0.18678758,0.15870273,-0.00623657,0,0,0,0,0
68,13958,-0.97872689,0.35514563,0.63992688,-0.18691320,0.14406818,0.03406233,0,0,0,0,0
69,14166,-0.97350536,0.28120401,0.68671299,-0.19440009,0.15817617,0.05408915,0,0,0,0,0
70,14375,-0.95090247,0.22922626,0.72921587,-0.21059197,0.14578042,0.05200151,0,0,0,0,0
71,14583,-0.93070782,0.15921890,0.77206627,-0.20971006,0.11290600,0.06780659,0,0,0,0,0
72,14791,-0.91177423,0.08808042,0.82022669,-0.19729999,0.12628380,0.09289519,0,0,0,0,0
73,15000,-0.88425179,0.02857768,0.85100254,-0.21018859,0.11413892,0.11934120,0,0,0,0,0
74,15208,-0.83467197,-0.04302986,0.88755435,-0.19459064,0.07495298,0.11121397,0,0,0,0,0
75,15416,-0.80573027,-0.11038439,0.91508033,-0.20173378,0.07266446,0.11071745,0,0,0,0,0
76,15625,-0.76681495,-0.16135636,0.94342287,-0.16552408,0.07453160,0.13101260,0,0,0,0,0
77,15833,-0.73486301,-0.22848285,0.95744357,-0.16908188,0.06211438,0.14800621,0,0,0,0,0
78,16041,-0.68603303,-0.28910913,0.97552310,-0.19092124,0.04556826,0.15747402,0,0,0,0,0
79,16250,-0.62669880,-0.35302916,0.99589705,-0.17995155,0.03192766,0.16362340,0,0,0,0,0
80,16458,-0.57887022,-0.42349877,0.99939674,-0.15844345,0.01266013,0.16158593,0,0,0,0,0
81,16666,-0.52631506,-0.48039980,0.99941753,-0.17109454,0.01511052,0.16905186,0,0,0,0,0
82,16875,-0.45933961,-0.52724345,1.00123330,-0.17304048,-0.01083265,0.16883495,0,0,0,0,0
83,17083,-0.40018618,-0.58842404,0.99287306,-0.13653807,-0.01466124,0.17190515,0,0,0,0,0
84,17291,-0.34579914,-0.63642091,0.98884551,-0.15967434,-0.03176933,0.18434300,0,0,0,0,0
85,17500,-0.28489283,-0.69121102,0.97176420,-0.15922297,-0.05612537,0.18546061,0,0,0,0,0
86,17708,-0.22466624,-0.73149969,0.95808246,-0.14153855,-0.05771982,0.17896021,0,0,0,0,0
87,17916,-0.15691920,-0.77576200,0.93022183,-0.12157840,-0.05093096,0.19613194,0,0,0,0,0
88,18125,-0.08610324,-0.82067654,0.90599232,-0.09565460,-0.08264791,0.18591595,0,0,0,0,0
89,18333,-0.01953912,-0.85099158,0.87292090,-0.10251652,-0.10453954,0.21445164,0,0,0,0,0
90,18541,0.04392155,-0.87677814,0.85714429,-0.09240566,-0.11008072,0.18428924,0,0,0,0,0
91,18750,0.10784389,-0.92134325,0.80287955,-0.08505745,-0.08723521,0.19479534,0,0,0,0,0
92,18958,0.16817424,-0.93983923,0.76797740,-0.07469812,-0.12011642,0.18075581,0,0,0,0,0
93,19166,0.23422587,-0.95889961,0.72947601,-0.04700281,-0.13889978,0.19148922,0,0,0,0,0
94,19375,0.29649093,-0.97585027,0.68083017,-0.05634971,-0.12345602,0.18050117,0,0,0,0,0
95,19583,0.36276634,-0.98820038,0.62619537,-0.03594282,-0.14586559,0.19455358,0,0,0,0,0
96,19791,0.42121781,-0.99323164,0.58381805,-0.03518937,-0.16172579,0.17432775,0,0,0,0,0
97,20000,0.47795178,-1.00661831,0.52393659,-0.01367745,-0.18380591,0.18723152,0,0,0,0,0
98,20208,0.53657122,-1.00000759,0.46421581,-0.00372000,-0.18409834,0.16191523,0,0,0,0,0
99,20416,0.57646489,-0.99237174,0.40219066,0.01139119,-0.20044701,0.16175593,0,0,0,0,0
100,20625,0.63027563,-0.98587262,0.34512525,0.02511629,-0.18908902,0.14667372,0,0,0,0,0
101,20833,0.67884153,-0.96774301,0.27466204,0.03159484,-0.20779860,0.15772902,0,0,0,0,0
102,21041,0.72969491,-0.95575960,0.22908701,0.04413232,-0.21685755,0.13950068,0,0,0,0,0
103,21250,0.76560482,-0.93526317,0.15770263,0.06006245,-0.19573281,0.12991095,0,0,0,0,0
104,21458,0.81866341,-0.91273255,0.08258473,0.06237816,-0.19082497,0.11192463,0,0,0,0,0
105,21666,0.85578137,-0.88357830,0.01671083,0.10830592,-0.19368023,0.10780598,0,0,0,0,0
106,21875,0.89167191,-0.83991908,-0.04379873,0.10323387,-0.19840408,0.08547765,0,0,0,0,0
107,22083,0.91069461,-0.79737543,-0.10740338,0.11685742,-0.20203155,0.07314845,0,0,0,0,0
108,22291,0.92705809,-0.77012968,-0.17771097,0.12373321,-0.19543872,0.08793388,0,0,0,0,0
109,22500,0.96111810,-0.72018211,-0.23421338,0.14679672,-0.17833515,0.06938989,0,0,0,0,0
110,22708,0.98249470,-0.68132768,-0.29767329,0.14358694,-0.19166447,0.04000708,0,0,0,0,0
111,22916,0.99706095,-0.62551090,-0.35817163,0.16506855,-0.19578295,0.02317398,0,0,0,0,0
112,23125,0.99717401,-0.56060090,-0.42264339,0.17694245,-0.18241036,0.02582250,0,0,0,0,0
113,23333,0.99473162,-0.51982167,-0.47780231,0.17915043,-0.18103590,0.01476696,0,0,0,0,0
114,23541,1.00129114,-0.46226842,-0.53891107,0.19331920,-0.15811319,-0.00861508,0,0,0,0,0
115,23750,0.99509001,-0.40194835,-0.58743520,0.17787087,-0.15807317,-0.03670359,0,0,0,0,0
116,23958,0.98782663,-0.34462881,-0.63094960,0.17586779,-0.14900819,-0.03617340,0,0,0,0,0
117,24166,0.97291833,-0.28187180,-0.68723164,0.19564801,-0.13201823,-0.05249920,0,0,0,0,0
118,24375,0.95384044,-0.22638807,-0.73029514,0.20365669,-0.14548787,-0.05991112,0,0,0,0,0
119,24583,0.93638398,-0.16427475,-0.77029930,0.20249882,-0.12943157,-0.05581379,0,0,0,0,0
120,24791,0.91258960,-0.09695435,-0.81383337,0.18768887,-0.10585872,-0.08684447,0,0,0,0,0
121,25000,0.87770092,-0.03516256,-0.85834570,0.19535962,-0.09628143,-0.09824299,0,0,0,0,0
122,25208,0.84672244,0.04123915,-0.88731809,0.19641264,-0.08523162,-0.12196206,0,0,0,0,0
123,25416,0.80454803,0.09675553,-0.90816506,0.21085910,-0.08722207,-0.11880954,0,0,0,0,0
124,25625,0.76383212,0.16890277,-0.93859161,0.20326793,-0.06179162,-0.12462373,0,0,0,0,0
125,25833,0.72879386,0.23826918,-0.95244644,0.18876947,-0.05148392,-0.13667890,0,0,0,0,0
126,26041,0.68829382,0.29947470,-0.97001647,0.18059976,-0.02444683,-0.13325032,0,0,0,0,0
127,26250,0.62547120,0.35940876,-0.98723176,0.17633077,-0.03057687,-0.16742407,0,0,0,0,0
128,26458,0.58243822,0.42582930,-0.99302572,0.17379135,-0.02835190,-0.17071445,0,0,0,0,0
129,26666,0.52731559,0.47092557,-1.00073442,0.16919036,-0.01024400,-0.16484836,0,0,0,0,0
130,26875,0.46475873,0.53137816,-1.00053917,0.16640844,0.02948371,-0.17050483,0,0,0,0,0
131,27083,0.41452391,0.57856995,-1.00076837,0.15517921,0.04655302,-0.17912194,0,0,0,0,0
132,27291,0.34785327,0.64053334,-0.98221286,0.15086799,0.03311426,-0.18973788,0,0,0,0,0
133,27500,0.27601977,0.68443789,-0.98155290,0.14619202,0.04853088,-0.18823251,0,0,0,0,0
134,27708,0.21493326,0.73437565,-0.96002383,0.14995903,0.05140512,-0.18424370,0,0,0,0,0
135,27916,0.16319849,0.77654922,-0.94389118,0.13821265,0.07753605,-0.19978872,0,0,0,0,0
136,28125,0.09485908,0.81853675,-0.90338535,0.10381786,0.09201601,-0.18413961,0,0,0,0,0
137,28333,0.02788111,0.85122374,-0.88020904,0.11002350,0.09044621,-0.19630352,0,0,0,0,0
138,28541,-0.03979534,0.88219628,-0.84322919,0.08732683,0.10511438,-0.19424503,0,0,0,0,0
139,28750,-0.11377726,0.91118774,-0.81229656,0.08465909,0.11930886,-0.21344875,0,0,0,0,0
140,28958,-0.16904445,0.94573827,-0.76552063,0.07342001,0.12354031,-0.19534109,0,0,0,0,0
141,29166,-0.22553461,0.95341103,-0.72922642,0.05655165,0.14374439,-0.22043832,0,0,0,0,0
142,29375,-0.29976896,0.98586556,-0.68006743,0.04585560,0.13592815,-0.17553235,0,0,0,0,0
143,29583,-0.35873100,0.99148697,-0.61958034,0.05277631,0.14018404,-0.17986089,0,0,0,0,0
144,29791,-0.42323762,0.99707072,-0.57362418,0.03026148,0.14713067,-0.17799736,0,0,0,0,0
145,30000,-0.48229565,1.00252619,-0.52609244,-0.00343827,0.17234293,-0.18942843,0,0,0,0,0
146,30208,-0.53712245,0.99611143,-0.45850681,-0.00512862,0.18887715,-0.18029582,0,0,0,0,0
147,30416,-0.60110699,1.00343796,-0.40142584,-0.02347576,0.18740227,-0.15718036,0,0,0,0,0
148,30625,-0.64456080,0.98343191,-0.34812097,-0.03332235,0.20128724,-0.15173778,0,0,0,0,0
149,30833,-0.68979244,0.96914790,-0.28656172,-0.06522730,0.20274136,-0.15426590,0,0,0,0,0
150,31041,-0.73685599,0.94934217,-0.22911810,-0.06236650,0.20799705,-0.13134884,0,0,0,0,0
151,31250,-0.77867436,0.92947835,-0.15907070,-0.07449753,0.19281879,-0.15422312,0,0,0,0,0
152,31458,-0.81898120,0.91091512,-0.09331149,-0.08495183,0.19717695,-0.10927271,0,0,0,0,0
153,31666,-0.85387659,0.87694987,-0.03107827,-0.09383747,0.18851301,-0.09799233,0,0,0,0,0
154,31875,-0.88860295,0.83976971,0.04044389,-0.12266585,0.20433651,-0.08363863,0,0,0,0,0
155,32083,-0.92023148,0.80222380,0.11465646,-0.12611141,0.20455478,-0.08950923,0,0,0,0,0
156,32291,-0.93494502,0.76826106,0.16999188,-0.13031713,0.19888689,-0.08098953,0,0,0,0,0
157,32500,-0.95086255,0.71761585,0.24042914,-0.16593358,0.21073994,-0.06052088,0,0,0,0,0
158,32708,-0.97195578,0.67914455,0.30200019,-0.15308060,0.21301819,-0.04111788,0,0,0,0,0
159,32916,-0.97850617,0.62457904,0.35894069,-0.16030936,0.18422646,-0.02804647,0,0,0,0,0
160,33125,-0.99454839,0.58039270,0.42265627,-0.18198343,0.17738464,-0.02055247,0,0,0,0,0
161,33333,-0.99093145,0.52440173,0.48093903,-0.17841550,0.17715665,-0.01656863,0,0,0,0,0
162,33541,-0.99299039,0.46254475,0.53199048,-0.16887398,0.15299517,-0.00645039,0,0,0,0,0
163,33750,-0.99497427,0.40794465,0.58335186,-0.20210913,0.16359723,0.00499267,0,0,0,0,0
164,33958,-0.98723740,0.34317233,0.63826454,-0.20213789,0.14391261,0.03624132,0,0,0,0,0
165,34166,-0.97003643,0.28064622,0.67806173,-0.20657110,0.14626876,0.05625055,0,0,0,0,0
166,34375,-0.95451364,0.21547348,0.73373059,-0.19462916,0.14522308,0.06006115,0,0,0,0,0
167,34583,-0.92909840,0.16394039,0.78394054,-0.18046507,0.10129087,0.06946915,0,0,0,0,0
168,34791,-0.90409605,0.09562094,0.82129786,-0.19859749,0.13544272,0.08962446,0,0,0,0,0
169,35000,-0.88250684,0.02500871,0.84568557,-0.21080034,0.10448476,0.09840011,0,0,0,0,0
170,35208,-0.85041324,-0.03635300,0.88544107,-0.21116811,0.08149805,0.10290637,0,0,0,0,0
171,35416,-0.80151561,-0.09737723,0.91669092,-0.19779851,0.08685552,0.12760776,0,0,0,0,0
172,35625,-0.77146927,-0.17795156,0.93206977,-0.20488323,0.05539845,0.12949301,0,0,0,0,0
173,35833,-0.73135671,-0.24012051,0.95952163,-0.18742477,0.07564131,0.15536642,0,0,0,0,0
174,36041,-0.67734635,-0.29581414,0.96393106,-0.19507251,0.02782378,0.12805945,0,0,0,0,0
175,36250,-0.62996206,-0.35987794,0.98824040,-0.18289005,0.05520555,0.14866350,0,0,0,0,0
176,36458,-0.57539551,-0.41931859,0.98278073,-0.17690385,0.02425819,0.17668245,0,0,0,0,0
177,36666,-0.52565700,-0.47280988,0.99888026,-0.16799757,0.01953535,0.16542156,0,0,0,0,0
178,36875,-0.46074588,-0.53938111,1.00117840,-0.16992661,-0.01461698,0.17345326,0,0,0,0,0
179,37083,-0.40466662,-0.59340212,0.99318150,-0.13903602,-0.00512715,0.18932346,0,0,0,0,0
180,37291,-0.33846920,-0.64416498,0.98030305,-0.15678888,-0.02194678,0.17361830,0,0,0,0,0
181,37500,-0.29441550,-0.68885685,0.97328073,-0.14175863,-0.06058014,0.18925796,0,0,0,0,0
182,37708,-0.22813454,-0.73230771,0.95528880,-0.12771084,-0.08060491,0.20141924,0,0,0,0,0
183,37916,-0.16012745,-0.77710584,0.92850219,-0.12121937,-0.05087236,0.18943491,0,0,0,0,0
184,38125,-0.08321463,-0.81207267,0.90542563,-0.12281703,-0.07699575,0.21018579,0,0,0,0,0
185,38333,-0.02920211,-0.84771364,0.87157708,-0.10869171,-0.08566116,0.19549486,0,0,0,0,0
186,38541,0.04381967,-0.88970211,0.84288361,-0.08859895,-0.10273161,0.19011067,0,0,0,0,0
187,38750,0.10782884,-0.91856199,0.80572646,-0.08942939,-0.10747877,0.19667466,0,0,0,0,0
188,38958,0.17272811,-0.94957562,0.76793407,-0.08646201,-0.13102602,0.20736572,0,0,0,0,0
189,39166,0.23576048,-0.94822856,0.73141361,-0.06057001,-0.13440957,0.18753951,0,0,0,0,0
190,39375,0.29785130,-0.97175502,0.68107682,-0.06705483,-0.15135619,0.20194604,0,0,0,0,0
191,39583,0.35930200,-0.98893918,0.62752721,-0.04982315,-0.15149272,0.18615999,0,0,0,0,0
192,39791,0.42398454,-0.99784185,0.57788924,-0.03177523,-0.17268443,0.17893434,0,0,0,0,0
193,40000,0.47711807,-1.00205342,0.52307903,-0.00878206,-0.17217956,0.17058694,0,0,0,0,0
194,40208,0.53293969,-1.00052470,0.45532516,-0.00105425,-0.18323953,0.18278524,0,0,0,0,0
195,40416,0.58566594,-0.98650731,0.40944880,0.02357959,-0.16630553,0.17434763,0,0,0,0,0
196,40625,0.63509008,-0.99224645,0.34813522,0.01697814,-0.20342148,0.17012292,0,0,0,0,0
197,40833,0.68927606,-0.97070308,0.27999274,0.04951935,-0.20553837,0.15363378,0,0,0,0,0
198,41041,0.73094758,-0.95885678,0.21746091,0.05602011,-0.19535845,0.12825402,0,0,0,0,0
199,41250,0.77480467,-0.93269145,0.16128350,0.07549434,-0.17950866,0.12636116,0,0,0,0,0
200,41458,0.81871965,-0.90524403,0.09510198,0.08909094,-0.18687642,0.12249314,0,0,0,0,0
201,41666,0.85900537,-0.87884505,0.02262590,0.10471235,-0.20515226,0.10862696,0,0,0,0,0
202,41875,0.89544225,-0.84451090,-0.03989330,0.11598676,-0.20077928,0.08501970,0,0,0,0,0
203,42083,0.91320817,-0.81309313,-0.10460732,0.12989126,-0.21873167,0.07963092,0,0,0,0,0
204,42291,0.93245603,-0.76533037,-0.17985555,0.11887160,-0.19444639,0.05687688,0,0,0,0,0
205,42500,0.96402498,-0.72275779,-0.23990711,0.14941523,-0.18626849,0.05224775,0,0,0,0,0
206,42708,0.97383047,-0.68042665,-0.29506433,0.16638703,-0.17803620,0.03852980,0,0,0,0,0
207,42916,0.98975721,-0.62041612,-0.35691729,0.16010149,-0.19556397,0.02834799,0,0,0,0,0
208,43125,0.99257726,-0.57762079,-0.42607977,0.18418965,-0.17537502,0.01288431,0,0,0,0,0
209,43333,1.00276210,-0.52556726,-0.48041122,0.17101514,-0.16522926,0.00472234,0,0,0,0,0
210,43541,0.99257460,-0.46358533,-0.52924759,0.16544712,-0.16072613,0.00303770,0,0,0,0,0
211,43750,0.99035914,-0.40129551,-0.58722317,0.17068748,-0.16719687,-0.03273312,0,0,0,0,0
212,43958,0.98711420,-0.33658658,-0.63359461,0.18044114,-0.15419658,-0.04593433,0,0,0,0,0
213,44166,0.96976327,-0.28696787,-0.68421971,0.20023176,-0.13943561,-0.05526800,0,0,0,0,0
214,44375,0.95368799,-0.21182238,-0.74006752,0.19861262,-0.11348785,-0.06102164,0,0,0,0,0
215,44583,0.93345513,-0.16033627,-0.77852127,0.21354357,-0.12140617,-0.08368467,0,0,0,0,0
216,44791,0.91058740,-0.09648265,-0.81126489,0.20599110,-0.13785060,-0.09085063,0,0,0,0,0
217,45000,0.87479464,-0.02788043,-0.85085903,0.18305534,-0.10461361,-0.10060282,0,0,0,0,0
218,45208,0.84793765,0.04103929,-0.88751881,0.19828028,-0.08643586,-0.12297818,0,0,0,0,0
219,45416,0.79956211,0.10273714,-0.91952541,0.19396046,-0.08436063,-0.13387539,0,0,0,0,0
220,45625,0.76800244,0.17645425,-0.93409831,0.20073833,-0.07942413,-0.12232725,0,0,0,0,0
221,45833,0.72686815,0.23427716,-0.95594481,0.19302999,-0.06441094,-0.13699367,0,0,0,0,0
222,46041,0.67951683,0.30269269,-0.97225714,0.17229488,-0.04315951,-0.13911242,0,0,0,0,0
223,46250,0.63020203,0.35966395,-0.99179922,0.18029820,-0.01766704,-0.17927936,0,0,0,0,0
224,46458,0.58425443,0.40979073,-0.99247504,0.16774843,-0.02465140,-0.15166411,0,0,0,0,0
225,46666,0.52346382,0.46966448,-1.00199948,0.15034881,-0.00345614,-0.16605493,0,0,0,0,0
226,46875,0.46692536,0.52882220,-0.99839634,0.15847078,0.01892879,-0.19232718,0,0,0,0,0
227,47083,0.41140136,0.59241561,-1.00031406,0.16020565,0.03497081,-0.15748898,0,0,0,0,0
228,47291,0.34926533,0.63155584,-0.97374670,0.16022780,0.03652760,-0.18320170,0,0,0,0,0
229,47500,0.27890692,0.68682307,-0.96789017,0.14315508,0.04758227,-0.18679887,0,0,0,0,0
230,47708,0.23047420,0.73501022,-0.95220802,0.14559446,0.06370566,-0.19272429,0,0,0,0,0
231,47916,0.15771879,0.77573665,-0.93709280,0.10411615,0.06858411,-0.18900100,0,0,0,0,0
232,48125,0.08194639,0.81796990,-0.90971087,0.11546672,0.08569331,-0.18263455,0,0,0,0,0
233,48333,0.02202347,0.85991743,-0.87591015,0.10644740,0.07871377,-0.19910267,0,0,0,0,0
234,48541,-0.04186410,0.88518799,-0.84866536,0.09616723,0.09607295,-0.19586689,0,0,0,0,0
235,48750,-0.10253473,0.91613157,-0.80690202,0.08686173,0.10409369,-0.18832793,0,0,0,0,0
236,48958,-0.16644997,0.93996141,-0.76972710,0.07705278,0.11649450,-0.17916886,0,0,0,0,0
237,49166,-0.22392691,0.96129043,-0.72901745,0.06359511,0.14166392,-0.19714755,0,0,0,0,0
238,49375,-0.28882494,0.96044434,-0.68292267,0.04378211,0.14635507,-0.19974842,0,0,0,0,0
239,49583,-0.36249217,0.98988058,-0.62181752,0.04856580,0.14283695,-0.18249442,0,0,0,0,0
240,49791,-0.41688570,1.00026343,-0.57993288,0.01638259,0.15873611,-0.16963074,0,0,0,0,0
241,50000,-0.48487305,0.99677484,-0.52032581,0.01934042,0.18564215,-0.20760806,0,0,0,0,0
242,50208,-0.53815914,1.00210065,-0.46175068,-0.00957065,0.17777332,-0.18663529,0,0,0,0,0
243,50416,-0.59412906,0.99185437,-0.40997671,-0.01166827,0.18219336,-0.16279905,0,0,0,0,0
244,50625,-0.64024868,0.97805593,-0.34631794,-0.05031247,0.19373618,-0.14355541,0,0,0,0,0
245,50833,-0.70178123,0.97677789,-0.28874196,-0.05714950,0.19438621,-0.14959475,0,0,0,0,0
246,51041,-0.73015267,0.96545644,-0.22743684,-0.06092616,0.19916352,-0.13759268,0,0,0,0,0
247,51250,-0.77295011,0.93771480,-0.15472404,-0.07539420,0.18734999,-0.15717545,0,0,0,0,0
248,51458,-0.81588853,0.90620701,-0.09144275,-0.10920372,0.20022233,-0.13186721,0,0,0,0,0
249,51666,-0.84701780,0.88052219,-0.02246563,-0.09251557,0.22418183,-0.10650181,0,0,0,0,0
250,51875,-0.88714866,0.84560979,0.04231619,-0.12415546,0.20707349,-0.07148396,0,0,0,0,0
251,52083,-0.90510190,0.80904287,0.10804886,-0.11437246,0.19974759,-0.08324179,0,0,0,0,0
252,52291,-0.94262126,0.77333212,0.16971797,-0.13066610,0.21528184,-0.07738868,0,0,0,0,0
253,52500,-0.96041742,0.72819478,0.24241915,-0.14802708,0.20995548,-0.06962234,0,0,0,0,0
254,52708,-0.96725817,0.68298645,0.30374509,-0.13594274,0.20283801,-0.06095365,0,0,0,0,0
255,52916,-0.98774895,0.62405355,0.35657473,-0.15494372,0.20077196,-0.02860536,0,0,0,0,0
256,53125,-0.98856033,0.57590267,0.41632195,-0.15071083,0.18105910,-0.01062872,0,0,0,0,0
257,53333,-0.99643976,0.51821904,0.47091137,-0.19441638,0.16191173,-0.01657742,0,0,0,0,0
258,53541,-0.99321351,0.45827015,0.53556502,-0.18047979,0.15691778,0.01508364,0,0,0,0,0
259,53750,-0.99075930,0.40082881,0.58957083,-0.20904699,0.16566409,0.04284238,0,0,0,0,0
260,53958,-0.99515614,0.34361185,0.63207122,-0.19303825,0.15758773,0.03109908,0,0,0,0,0
261,54166,-0.96166319,0.27093886,0.68779101,-0.18440868,0.13155655,0.06532627,0,0,0,0,0
262,54375,-0.94885418,0.21411991,0.73331368,-0.20447747,0.13722131,0.06255222,0,0,0,0,0
263,54583,-0.93259941,0.15985251,0.77772174,-0.18805870,0.14011264,0.09246668,0,0,0,0,0
264,54791,-0.90979708,0.08117795,0.80892996,-0.21348056,0.13162102,0.08676097,0,0,0,0,0
265,55000,-0.87339547,0.03161403,0.85323705,-0.20888825,0.09188795,0.08216955,0,0,0,0,0
266,55208,-0.84694338,-0.03960422,0.88731693,-0.19241271,0.08476797,0.09926604,0,0,0,0,0
267,55416,-0.82160283,-0.09483563,0.91635955,-0.20014993,0.08538159,0.12813807,0,0,0,0,0
268,55625,-0.77278624,-0.18189485,0.93182178,-0.19445794,0.04657832,0.12019544,0,0,0,0,0
269,55833,-0.72629031,-0.23014514,0.96040093,-0.20533378,0.04440881,0.13737048,0,0,0,0,0
270,56041,-0.67696745,-0.29028636,0.97206021,-0.18308542,0.04095178,0.14740730,0,0,0,0,0
271,56250,-0.61733519,-0.35775908,0.98521686,-0.19832130,0.02129520,0.15088691,0,0,0,0,0
272,56458,-0.57225670,-0.41564426,0.99220356,-0.18294879,0.02984886,0.16016334,0,0,0,0,0
273,56666,-0.52528250,-0.48244498,0.99789851,-0.15614092,-0.00492202,0.18171224,0,0,0,0,0
274,56875,-0.46053581,-0.54235652,1.00254040,-0.16860177,-0.01391018,0.16292511,0,0,0,0,0
275,57083,-0.40366913,-0.58718896,0.99091118,-0.15890429,-0.03097984,0.16087750,0,0,0,0,0
276,57291,-0.34359639,-0.63468312,0.99135334,-0.14100166,-0.03154555,0.17934817,0,0,0,0,0
277,57500,-0.28447707,-0.68886835,0.97988299,-0.13932609,-0.04226716,0.18946839,0,0,0,0,0
278,57708,-0.22766229,-0.72648474,0.95916864,-0.12426342,-0.04707258,0.18049248,0,0,0,0,0
279,57916,-0.14733019,-0.77854983,0.94110035,-0.14462529,-0.08493369,0.20201437,0,0,0,0,0
280,58125,-0.08497576,-0.81481705,0.90840814,-0.12012168,-0.07738326,0.18865745,0,0,0,0,0
281,58333,-0.01949493,-0.85674913,0.87590843,-0.11634595,-0.10679956,0.18166946,0,0,0,0,0
282,58541,0.03197169,-0.89859539,0.84905291,-0.10393123,-0.10474613,0.18301508,0,0,0,0,0
283,58750,0.10799198,-0.91542994,0.80451123,-0.08157564,-0.11002382,0.20065888,0,0,0,0,0
284,58958,0.17396199,-0.94417522,0.77276810,-0.07425614,-0.11120823,0.17194128,0,0,0,0,0
285,59166,0.23134959,-0.96339873,0.73499145,-0.06243478,-0.12011159,0.20196574,0,0,0,0,0
286,59375,0.29388194,-0.97380199,0.67816700,-0.06602382,-0.14379971,0.19885220,0,0,0,0,0
287,59583,0.36485837,-0.98969558,0.62109144,-0.03129423,-0.13494661,0.18752581,0,0,0,0,0
288,59791,0.42959648,-1.01000996,0.57555015,-0.02274088,-0.15674083,0.18984555,0,0,0,0,0
289,60000,0.48284631,-0.99930922,0.51897679,-0.01700454,-0.18047434,0.19009990,0,0,0,0,0
290,60208,0.53828296,-1.00273258,0.46187020,0.01430827,-0.18060250,0.17614620,0,0,0,0,0
291,60416,0.58719986,-0.99204473,0.40423007,0.01912344,-0.19870452,0.15478103,0,0,0,0,0
292,60625,0.62909099,-0.98344623,0.34074687,0.03366910,-0.19396097,0.15948069,0,0,0,0,0
293,60833,0.69271371,-0.97526277,0.28659011,0.05345540,-0.18430182,0.16249990,0,0,0,0,0
294,61041,0.72842634,-0.95603587,0.22984005,0.05007792,-0.19812371,0.14743995,0,0,0,0,0
295,61250,0.77499300,-0.93077128,0.15209072,0.07618389,-0.19531721,0.12428850,0,0,0,0,0
296,61458,0.82702608,-0.91373863,0.08560495,0.08688906,-0.21211332,0.11739580,0,0,0,0,0
297,61666,0.85400668,-0.88190211,0.02558755,0.08943239,-0.19915038,0.08356686,0,0,0,0,0
298,61875,0.88447460,-0.84658104,-0.04083754,0.11203601,-0.20249110,0.08291743,0,0,0,0,0
299,62083,0.90922042,-0.80530614,-0.11776783,0.11616826,-0.21832125,0.06907129,0,0,0,0,0
300,62291,0.94016297,-0.76639410,-0.17044002,0.14097034,-0.20980191,0.06463112,0,0,0,0,0
301,62500,0.95167146,-0.72539040,-0.23151072,0.14236069,-0.19670252,0.06167798,0,0,0,0,0
302,62708,0.96864432,-0.67308047,-0.29631487,0.14103913,-0.18677388,0.04802768,0,0,0,0,0
303,62916,0.98448170,-0.62002122,-0.36176322,0.13357069,-0.19821682,0.03895244,0,0,0,0,0
304,63125,1.00325187,-0.56974495,-0.42098441,0.16643728,-0.17630685,0.02015163,0,0,0,0,0
305,63333,0.99354513,-0.51366092,-0.47722569,0.17510075,-0.18200295,0.00557602,0,0,0,0,0
306,63541,0.99477675,-0.46020364,-0.53273908,0.17535051,-0.15704232,-0.00470719,0,0,0,0,0
307,63750,0.99360906,-0.40013029,-0.60069648,0.18967966,-0.14377064,-0.01759963,0,0,0,0,0
308,63958,0.98670685,-0.34607313,-0.63624552,0.19112966,-0.14405841,-0.03232221,0,0,0,0,0
309,64166,0.97148829,-0.28497366,-0.68779081,0.17655312,-0.14110869,-0.03938814,0,0,0,0,0
310,64375,0.94195798,-0.22361442,-0.74183954,0.21186580,-0.13157017,-0.06368984,0,0,0,0,0
311,64583,0.92733896,-0.15207861,-0.76600432,0.19746694,-0.11664232,-0.08906061,0,0,0,0,0
312,64791,0.90177173,-0.08904418,-0.81136643,0.20971711,-0.11770838,-0.09917043,0,0,0,0,0
313,65000,0.87816747,-0.02134399,-0.85036937,0.18410625,-0.09201864,-0.10594850,0,0,0,0,0
314,65208,0.84147553,0.03534789,-0.88053267,0.21012046,-0.08840821,-0.11215987,0,0,0,0,0
315,65416,0.80337351,0.11540857,-0.91725844,0.21001743,-0.09301980,-0.13593157,0,0,0,0,0
316,65625,0.76875430,0.16593166,-0.93809800,0.18033370,-0.07978919,-0.15022743,0,0,0,0,0
317,65833,0.72346994,0.23062080,-0.96233184,0.20775284,-0.04695090,-0.14179445,0,0,0,0,0
318,66041,0.68933254,0.29963612,-0.96788236,0.19334637,-0.03682867,-0.14463700,0,0,0,0,0
319,66250,0.62461802,0.36129350,-0.99433997,0.18352728,-0.03705302,-0.15546740,0,0,0,0,0
320,66458,0.57828607,0.41487162,-0.99993852,0.19199580,-0.02546485,-0.16749233,0,0,0,0,0
321,66666,0.53148252,0.48227337,-1.00112632,0.16337207,-0.00409334,-0.16468804,0,0,0,0,0
322,66875,0.45984427,0.53559419,-0.99012220,0.15529192,0.00306119,-0.18340853,0,0,0,0,0
323,67083,0.42141638,0.59012709,-0.99390956,0.14300529,0.01427776,-0.17344862,0,0,0,0,0
324,67291,0.35031157,0.64068270,-0.99236904,0.16157547,0.04764936,-0.17257595,0,0,0,0,0
325,67500,0.28954739,0.67967631,-0.97485806,0.14755239,0.05705760,-0.19529468,0,0,0,0,0
326,67708,0.21932017,0.72959110,-0.96021111,0.12860044,0.05047108,-0.18014891,0,0,0,0,0
327,67916,0.16015902,0.77696692,-0.93482123,0.12126285,0.07579176,-0.20175819,0,0,0,0,0
328,68125,0.09485003,0.81704518,-0.90212828,0.11176436,0.06800087,-0.20068636,0,0,0,0,0
329,68333,0.02354306,0.84980738,-0.89324244,0.11227042,0.11010476,-0.19390034,0,0,0,0,0
330,68541,-0.03339071,0.89037092,-0.84896639,0.08275845,0.09601320,-0.17800132,0,0,0,0,0
331,68750,-0.10291611,0.91546446,-0.81722865,0.08858151,0.10717377,-0.19218381,0,0,0,0,0
332,68958,-0.16723788,0.93808038,-0.77267565,0.07988179,0.13839832,-0.21302121,0,0,0,0,0
333,69166,-0.23083582,0.96383869,-0.72333119,0.07199447,0.14167728,-0.20510695,0,0,0,0,0
334,69375,-0.30473355,0.97581107,-0.67301408,0.05671661,0.14196274,-0.18467364,0,0,0,0,0
335,69583,-0.35742462,0.98456928,-0.64215018,0.03278520,0.14325779,-0.17646388,0,0,0,0,0
336,69791,-0.41883509,0.99805094,-0.56832324,0.01551222,0.14559454,-0.19736724,0,0,0,0,0
337,70000,-0.47766069,0.99855846,-0.52407051,0.01515715,0.14267079,-0.18721235,0,0,0,0,0
338,70208,-0.53454231,0.99730068,-0.46526771,0.00247491,0.17390830,-0.17637642,0,0,0,0,0
339,70416,-0.59085753,0.99802230,-0.40045713,-0.03522367,0.17997945,-0.16650962,0,0,0,0,0
340,70625,-0.63891556,0.97919256,-0.34321561,-0.02692104,0.19860827,-0.16874515,0,0,0,0,0
341,70833,-0.69483472,0.97233664,-0.28175303,-0.03509593,0.20441299,-0.15344901,0,0,0,0,0
342,71041,-0.73181370,0.94723666,-0.21539061,-0.05874388,0.19515956,-0.13091168,0,0,0,0,0
343,71250,-0.77017936,0.93175270,-0.15761837,-0.05616262,0.19019072,-0.13029547,0,0,0,0,0
344,71458,-0.82350776,0.90823379,-0.08214458,-0.10619440,0.20980973,-0.12583666,0,0,0,0,0
345,71666,-0.85325697,0.87012028,-0.02888982,-0.08338604,0.20467948,-0.10446251,0,0,0,0,0
346,71875,-0.88088108,0.85125976,0.04738256,-0.10665667,0.18831667,-0.09065329,0,0,0,0,0
347,72083,-0.92386896,0.81355619,0.10920378,-0.11550211,0.20010489,-0.08017838,0,0,0,0,0
348,72291,-0.94170310,0.76365126,0.17546197,-0.11284180,0.19276177,-0.07672212,0,0,0,0,0
349,72500,-0.96061395,0.72219129,0.22876789,-0.11616087,0.21135021,-0.06282176,0,0,0,0,0
350,72708,-0.97201767,0.68477198,0.29088980,-0.16299306,0.18328100,-0.04041796,0,0,0,0,0
351,72916,-0.99173377,0.62437145,0.35629057,-0.15995249,0.17652800,-0.03049928,0,0,0,0,0
352,73125,-0.99462957,0.56690505,0.41864563,-0.16427065,0.19294576,-0.02805738,0,0,0,0,0
353,73333,-0.99840363,0.52514177,0.47369644,-0.16271999,0.16838366,0.00353173,0,0,0,0,0
354,73541,-0.99259758,0.45731701,0.52918579,-0.18349691,0.15557243,-0.00914348,0,0,0,0,0
355,73750,-0.99384379,0.40664196,0.59176326,-0.16927711,0.16794106,0.03167773,0,0,0,0,0
356,73958,-0.98662235,0.34791548,0.63008190,-0.19733241,0.16656170,0.01487411,0,0,0,0,0
357,74166,-0.97335976,0.28403318,0.68754008,-0.19500542,0.14056330,0.03503199,0,0,0,0,0
358,74375,-0.96088883,0.22426115,0.73463335,-0.18756607,0.13285939,0.06916985,0,0,0,0,0
359,74583,-0.93189394,0.15823087,0.76865920,-0.20534454,0.12380684,0.10943533,0,0,0,0,0
360,74791,-0.91439241,0.09463490,0.81822941,-0.19325194,0.09944862,0.08378556,0,0,0,0,0
361,75000,-0.88194484,0.03216083,0.84962064,-0.19253553,0.10565781,0.10032489,0,0,0,0,0
362,75208,-0.83841517,-0.04111835,0.87989926,-0.18727322,0.09159250,0.10886250,0,0,0,0,0
363,75416,-0.80382107,-0.11363330,0.92186665,-0.21007758,0.06069356,0.10606845,0,0,0,0,0
364,75625,-0.77073828,-0.17252910,0.93190214,-0.18215459,0.06476118,0.14589521,0,0,0,0,0
365,75833,-0.73770960,-0.23776660,0.96421133,-0.19123367,0.05063265,0.13842609,0,0,0,0,0
366,76041,-0.67696718,-0.29438066,0.97166715,-0.17624268,0.03704949,0.14795498,0,0,0,0,0
367,76250,-0.63467610,-0.36217336,0.98755546,-0.21244590,0.03721499,0.15724524,0,0,0,0,0
368,76458,-0.57561632,-0.42855101,0.99333385,-0.17694543,0.02218834,0.14962612,0,0,0,0,0
369,76666,-0.51291315,-0.48002586,1.00537441,-0.16421165,-0.01532034,0.16759362,0,0,0,0,0
370,76875,-0.47185284,-0.52774300,0.99892703,-0.15749919,-0.01852976,0.18294290,0,0,0,0,0
371,77083,-0.41094259,-0.58370794,0.99828361,-0.14985796,-0.03784232,0.16452973,0,0,0,0,0
372,77291,-0.34271135,-0.64030919,0.99495182,-0.14075516,-0.05853053,0.18762369,0,0,0,0,0
373,77500,-0.28850173,-0.68529312,0.96950249,-0.12606750,-0.04480068,0.19246955,0,0,0,0,0
374,77708,-0.22298908,-0.73039459,0.96255689,-0.12223758,-0.06445810,0.19143560,0,0,0,0,0
375,77916,-0.15473628,-0.78044280,0.93449822,-0.13895114,-0.05933487,0.20394370,0,0,0,0,0
376,78125,-0.09788574,-0.81441548,0.90983707,-0.11286587,-0.08102691,0.18507423,0,0,0,0,0
377,78333,-0.01774399,-0.85481856,0.88100265,-0.09856629,-0.09797242,0.18803647,0,0,0,0,0
378,78541,0.03993298,-0.87482728,0.85096767,-0.11243922,-0.10285183,0.19000953,0,0,0,0,0
379,78750,0.09918373,-0.91165484,0.80280329,-0.09336630,-0.12686249,0.20416523,0,0,0,0,0
380,78958,0.17283541,-0.94297198,0.77100847,-0.08886071,-0.12674666,0.19568414,0,0,0,0,0
381,79166,0.24017622,-0.96383818,0.72766224,-0.07103114,-0.15349868,0.19301474,0,0,0,0,0
382,79375,0.30441563,-0.98140686,0.67245274,-0.05794180,-0.13797031,0.19761285,0,0,0,0,0
383,79583,0.36992387,-0.98539864,0.63019180,-0.03085112,-0.16094220,0.17651521,0,0,0,0,0
384,79791,0.41209849,-0.99984025,0.56972173,-0.02479674,-0.13420261,0.17608478,0,0,0,0,0
385,80000,0.47164542,-1.00253864,0.51908562,-0.02763084,-0.16098780,0.16952825,0,0,0,0,0
386,80208,0.54144489,-1.00971396,0.45677236,-0.00451162,-0.18639001,0.18388376,0,0,0,0,0
387,80416,0.59305720,-0.99151584,0.41127566,0.02349516,-0.17785874,0.17212836,0,0,0,0,0
388,80625,0.65046095,-0.99349810,0.34291280,0.04294916,-0.18468917,0.16176703,0,0,0,0,0
389,80833,0.69443241,-0.97277399,0.29173396,0.03835452,-0.19138164,0.15524150,0,0,0,0,0
390,81041,0.73349736,-0.95953489,0.22533904,0.06637602,-0.19610443,0.13707796,0,0,0,0,0
391,81250,0.76947808,-0.92576861,0.15852584,0.07701750,-0.19821432,0.11042867,0,0,0,0,0
392,81458,0.81207125,-0.90733334,0.08123511,0.09956456,-0.20153700,0.13017265,0,0,0,0,0
393,81666,0.86076340,-0.88038462,0.02823068,0.10396634,-0.21447203,0.10761518,0,0,0,0,0
394,81875,0.88435633,-0.84739566,-0.04209481,0.09920295,-0.20523919,0.10143162,0,0,0,0,0
395,82083,0.91173973,-0.81205228,-0.09436683,0.12927729,-0.20634374,0.09809603,0,0,0,0,0
396,82291,0.93342582,-0.76268806,-0.17776247,0.13193206,-0.19868147,0.07974999,0,0,0,0,0
397,82500,0.95740443,-0.72911450,-0.22947133,0.12785781,-0.18962623,0.04915904,0,0,0,0,0
398,82708,0.98034894,-0.67945653,-0.29907274,0.14669181,-0.20140061,0.04325114,0,0,0,0,0
399,82916,0.98289677,-0.62091270,-0.36489941,0.16150778,-0.21259732,0.03750866,0,0,0,0,0
400,83125,0.99359640,-0.57063032,-0.41639792,0.17768606,-0.19286658,0.01233639,0,0,0,0,0
401,83333,0.99844651,-0.51265234,-0.48060752,0.18867854,-0.17298877,-0.00201507,0,0,0,0,0
402,83541,1.00052465,-0.46545858,-0.52918506,0.17482815,-0.17018775,-0.01042704,0,0,0,0,0
403,83750,0.99476358,-0.39766488,-0.58323621,0.18664740,-0.15934477,-0.01745262,0,0,0,0,0
404,83958,0.98116728,-0.34207324,-0.64198048,0.18911237,-0.13487987,-0.02022452,0,0,0,0,0
405,84166,0.96399282,-0.27634444,-0.68175198,0.18876622,-0.14207087,-0.05100638,0,0,0,0,0
406,84375,0.95745600,-0.21608439,-0.72918608,0.19482930,-0.14989333,-0.08549890,0,0,0,0,0
407,84583,0.93128758,-0.16258354,-0.77378070,0.20272404,-0.10785897,-0.07946764,0,0,0,0,0
408,84791,0.90781726,-0.08949332,-0.81572637,0.18617470,-0.10305670,-0.07622037,0,0,0,0,0
409,85000,0.87327894,-0.02989797,-0.85057200,0.19952435,-0.11008703,-0.09180008,0,0,0,0,0
410,85208,0.84428295,0.04379272,-0.87886601,0.19848513,-0.09367899,-0.11039339,0,0,0,0,0
411,85416,0.80349894,0.10008930,-0.91149128,0.21009389,-0.08131189,-0.12272184,0,0,0,0,0
412,85625,0.76744167,0.16801944,-0.94012704,0.19259554,-0.06938025,-0.13231825,0,0,0,0,0
413,85833,0.72602450,0.23991930,-0.96509715,0.19787334,-0.04190804,-0.13993590,0,0,0,0,0
414,86041,0.68039141,0.29296899,-0.97906388,0.19336685,-0.03578114,-0.14778525,0,0,0,0,0
415,86250,0.62646148,0.36051743,-0.98159119,0.17992781,-0.02794178,-0.14026181,0,0,0,0,0
416,86458,0.57733559,0.42451060,-0.99101518,0.17177799,-0.00382808,-0.17052064,0,0,0,0,0
417,86666,0.52256154,0.47546337,-1.00611462,0.17269889,-0.01874720,-0.16617045,0,0,0,0,0
418,86875,0.47252192,0.53120026,-0.99227040,0.15494176,0.01073367,-0.15824135,0,0,0,0,0
419,87083,0.40567431,0.59685412,-0.99795141,0.13891610,0.02333671,-0.18368739,0,0,0,0,0
420,87291,0.34631664,0.63990930,-0.98165625,0.16244584,0.03095297,-0.17802557,0,0,0,0,0
421,87500,0.28468845,0.69459722,-0.97931627,0.13093729,0.06524585,-0.20006245,0,0,0,0,0
422,87708,0.22024261,0.74045017,-0.95317834,0.12539310,0.07880356,-0.19746633,0,0,0,0,0
423,87916,0.15705151,0.76948942,-0.93574281,0.11051285,0.06278421,-0.18839431,0,0,0,0,0
424,88125,0.08726781,0.80871603,-0.91428300,0.11858723,0.08093320,-0.20157031,0,0,0,0,0
425,88333,0.02934770,0.85465542,-0.88397567,0.09641960,0.08143350,-0.19065625,0,0,0,0,0
426,88541,-0.04321885,0.89812492,-0.84594786,0.09576056,0.09536739,-0.19486536,0,0,0,0,0
427,88750,-0.11009073,0.92202634,-0.81473231,0.08594063,0.09776466,-0.22761280,0,0,0,0,0
428,88958,-0.17989335,0.93711983,-0.76787201,0.08631962,0.12997555,-0.22249865,0,0,0,0,0
429,89166,-0.23655079,0.96546435,-0.72267926,0.06237481,0.12914174,-0.18147599,0,0,0,0,0
430,89375,-0.30621740,0.97503761,-0.67709346,0.04669980,0.14778981,-0.17295455,0,0,0,0,0
431,89583,-0.35779621,0.98391170,-0.63249889,0.04652305,0.16012380,-0.17713628,0,0,0,0,0
432,89791,-0.42205471,0.99474874,-0.57753151,0.03536756,0.14774145,-0.18418192,0,0,0,0,0
433,90000,-0.47767096,0.99781722,-0.51457789,0.03307750,0.18901391,-0.16956138,0,0,0,0,0
434,90208,-0.54028449,1.00246643,-0.47050390,-0.02203245,0.17694848,-0.17896987,0,0,0,0,0
435,90416,-0.58946757,1.00056515,-0.40364799,-0.01165521,0.18315379,-0.16954285,0,0,0,0,0
436,90625,-0.63942837,0.99484905,-0.35408619,-0.03623756,0.18713348,-0.14607407,0,0,0,0,0
437,90833,-0.68434986,0.97406329,-0.29002847,-0.05516631,0.20081715,-0.14485432,0,0,0,0,0
438,91041,-0.74324906,0.95116571,-0.21936816,-0.05936245,0.19739218,-0.13726514,0,0,0,0,0
439,91250,-0.78548314,0.93479113,-0.16135647,-0.07150268,0.20487709,-0.14259646,0,0,0,0,0
440,91458,-0.82566795,0.90651827,-0.08970113,-0.08781992,0.20877359,-0.10650166,0,0,0,0,0
441,91666,-0.84853434,0.87636588,-0.02787663,-0.09170734,0.19988513,-0.09922361,0,0,0,0,0
442,91875,-0.89618691,0.84429949,0.03618057,-0.11020620,0.21862372,-0.10449915,0,0,0,0,0
443,92083,-0.92098177,0.81646875,0.09197688,-0.11877894,0.20109854,-0.08009900,0,0,0,0,0
444,92291,-0.93544819,0.76416159,0.17452894,-0.12817309,0.20233768,-0.07958596,0,0,0,0,0
445,92500,-0.96645444,0.71400016,0.23966615,-0.14421105,0.20443764,-0.06523955,0,0,0,0,0
446,92708,-0.97539359,0.66919968,0.29966785,-0.15470467,0.19180108,-0.04899182,0,0,0,0,0
447,92916,-0.99455862,0.62921605,0.35811307,-0.16263675,0.17674037,-0.02051950,0,0,0,0,0
448,93125,-1.00051582,0.57716066,0.42822617,-0.16009660,0.17820054,0.00073801,0,0,0,0,0
449,93333,-0.99486050,0.51436512,0.48017916,-0.17125630,0.19201138,-0.00679007,0,0,0,0,0
450,93541,-0.99747231,0.46175543,0.53937840,-0.20083322,0.15572992,0.02544158,0,0,0,0,0
451,93750,-0.99345071,0.40648854,0.58601439,-0.18045096,0.15959907,0.02425604,0,0,0,0,0
452,93958,-0.98094879,0.34112487,0.63721339,-0.19258839,0.14696337,0.05826541,0,0,0,0,0
453,94166,-0.96534970,0.28220822,0.68433021,-0.19954719,0.13089770,0.06471563,0,0,0,0,0
454,94375,-0.95432939,0.21152905,0.72727877,-0.19569926,0.15913871,0.06347407,0,0,0,0,0
455,94583,-0.93859191,0.15887482,0.78066625,-0.19810237,0.11101662,0.07690639,0,0,0,0,0
456,94791,-0.89521195,0.09220875,0.81323269,-0.19702695,0.10454219,0.08906435,0,0,0,0,0
457,95000,-0.88379248,0.02545002,0.84728117,-0.21947094,0.11261532,0.10412636,0,0,0,0,0
458,95208,-0.84248493,-0.04403050,0.88785572,-0.19019944,0.07428853,0.11024351,0,0,0,0,0
459,95416,-0.81029677,-0.09735457,0.91354583,-0.18138225,0.08325703,0.12069292,0,0,0,0,0
460,95625,-0.76658387,-0.17136111,0.93292912,-0.19319595,0.04280773,0.14098223,0,0,0,0,0
461,95833,-0.72880541,-0.22894556,0.96119738,-0.20004252,0.05173234,0.13697892,0,0,0,0,0
462,96041,-0.67640138,-0.29498238,0.97816663,-0.18072426,0.03412927,0.14892920,0,0,0,0,0
463,96250,-0.62834628,-0.36347486,0.98536151,-0.18801838,0.03465612,0.15645450,0,0,0,0,0
464,96458,-0.57473865,-0.42119476,0.99771016,-0.18177455,0.02109721,0.16544088,0,0,0,0,0
465,96666,-0.52919049,-0.47788409,0.99958705,-0.16429745,0.00886472,0.16407303,0,0,0,0,0
466,96875,-0.46940131,-0.53210805,0.99943641,-0.15576574,-0.00571399,0.16369828,0,0,0,0,0
467,97083,-0.40665117,-0.58857128,0.99719172,-0.16639430,-0.03521451,0.17832556,0,0,0,0,0
468,97291,-0.34848578,-0.64197871,0.98635400,-0.17830626,-0.04050716,0.19553053,0,0,0,0,0
469,97500,-0.28794650,-0.69148714,0.97218097,-0.13413237,-0.06286089,0.19736070,0,0,0,0,0
470,97708,-0.21830399,-0.74272064,0.95401309,-0.14410396,-0.06348041,0.17163133,0,0,0,0,0
471,97916,-0.16224486,-0.77982770,0.93010370,-0.13277679,-0.06585541,0.18208343,0,0,0,0,0
472,98125,-0.09376796,-0.81916658,0.90461004,-0.11330790,-0.05954665,0.17304045,0,0,0,0,0
473,98333,-0.02554557,-0.85171868,0.88967739,-0.10163555,-0.10432699,0.18115775,0,0,0,0,0
474,98541,0.03546245,-0.87952102,0.84883128,-0.09320908,-0.10097764,0.20242142,0,0,0,0,0
475,98750,0.10461292,-0.91313632,0.79587144,-0.08440013,-0.12238222,0.20878197,0,0,0,0,0
476,98958,0.18064486,-0.94834607,0.77083190,-0.08062907,-0.11790639,0.21155053,0,0,0,0,0
477,99166,0.23701531,-0.96370928,0.72463261,-0.05479648,-0.14229166,0.19211513,0,0,0,0,0
478,99375,0.29744841,-0.97750048,0.67512267,-0.04119264,-0.15316411,0.20118530,0,0,0,0,0
479,99583,0.36218176,-0.99554515,0.63259051,-0.03102537,-0.14190512,0.18961702,0,0,0,0,0
480,99791,0.42219948,-1.00669114,0.58248248,-0.02789503,-0.16681963,0.17930482,0,0,0,0,0
481,100000,0.48846034,-1.00127684,0.51670233,-0.02318139,-0.15942317,0.16808238,0,0,0,0,0
482,100208,0.53554275,-1.00938620,0.46714839,-0.00412296,-0.17700740,0.17882324,0,0,0,0,0
483,100416,0.58257941,-1.00013601,0.39752006,0.01764896,-0.18161998,0.15016933,0,0,0,0,0
484,100625,0.62292986,-0.99023705,0.34878990,0.02969770,-0.19781625,0.15246695,0,0,0,0,0
485,100833,0.64747707,-0.96477581,0.28311953,0.05993180,-0.20079283,0.14288677,0,0,0,0,0
486,101041,0.67632419,-0.94592088,0.20273120,0.07347228,-0.19756497,0.14580261,0,0,0,0,0
487,101250,0.68406561,-0.93074903,0.15107974,0.07461852,-0.21684362,0.12332388,0,0,0,0,0
488,101458,0.69099400,-0.89051955,0.08865363,0.10733178,-0.21579863,0.11127462,0,0,0,0,0
489,101666,0.68850618,-0.85906700,0.02824073,0.15094796,-0.18796335,0.11453574,0,0,0,0,0
490,101875,0.66511444,-0.82398823,-0.04543363,0.18114856,-0.18543343,0.07373801,0,0,0,0,0
491,102083,0.64436917,-0.78335855,-0.10318309,0.26598297,-0.16660301,0.07022702,0,0,0,0,0
492,102291,0.60558986,-0.73396233,-0.15870067,0.32738214,-0.18927456,0.07493279,0,0,0,0,0
493,102500,0.57132428,-0.69667552,-0.22122984,0.43039378,-0.16595551,0.05062424,0,0,0,0,0
494,102708,0.53554924,-0.63784217,-0.28919304,0.51599800,-0.17320439,0.02029012,0,0,0,0,0
495,102916,0.48926546,-0.59924832,-0.34215296,0.66859005,-0.14264539,0.04714669,0,0,0,0,0
496,103125,0.44443659,-0.54391115,-0.40700699,0.79179809,-0.11970180,0.01933098,0,0,0,0,0
497,103333,0.40311897,-0.49041755,-0.44829209,0.94561088,-0.12065553,-0.00032452,0,0,0,0,0
498,103541,0.36000065,-0.42226902,-0.50680841,1.08534963,-0.11818962,-0.01243832,0,0,0,0,0
499,103750,0.30910003,-0.37902536,-0.55499623,1.25208758,-0.08724197,-0.00819392,0,0,0,0,0
500,103958,0.28543153,-0.31734001,-0.60078189,1.40905441,-0.08981514,-0.01962770,0,0,0,0,0
501,104166,0.24288190,-0.26506244,-0.63367530,1.55313385,-0.05440076,-0.01970850,0,0,0,0,0
502,104375,0.21639611,-0.20401276,-0.68891783,1.65024652,-0.08925403,-0.03553356,0,0,0,0,0
503,104583,0.20080759,-0.14130771,-0.72297563,1.75025323,-0.04698774,-0.01469029,0,0,0,0,0
504,104791,0.18818253,-0.09149020,-0.75210567,1.79029608,-0.06297900,-0.03759550,0,0,0,0,0
505,105000,0.17350662,-0.02628745,-0.77659166,1.82209985,-0.06052301,-0.04132275,0,0,0,0,0
506,105208,0.17114780,0.03434406,-0.81424416,1.81469632,-0.03315919,-0.05318955,0,0,0,0,0
507,105416,0.16374733,0.09609049,-0.83447834,1.81502677,-0.03021836,-0.06509007,0,0,0,0,0
508,105625,0.15260120,0.16891310,-0.85389076,1.79409700,-0.03605051,-0.06851229,0,0,0,0,0
509,105833,0.14399567,0.20931933,-0.87912164,1.77068159,-0.02668056,-0.06162053,0,0,0,0,0
510,106041,0.14235738,0.26750437,-0.89559513,1.74788659,-0.02938791,-0.07648129,0,0,0,0,0
511,106250,0.13023901,0.32650118,-0.90881344,1.69735348,-0.02466908,-0.09049907,0,0,0,0,0
512,106458,0.11585049,0.38286877,-0.92106708,1.64750583,-0.00789896,-0.04805942,0,0,0,0,0
513,106666,0.10153708,0.44139205,-0.92355087,1.59507599,0.00389029,-0.05115150,0,0,0,0,0
514,106875,0.09360925,0.49962874,-0.91879706,1.55948184,0.00968196,-0.06836212,0,0,0,0,0
515,107083,0.08026235,0.54274766,-0.91644021,1.48262076,-0.00888402,-0.08516121,0,0,0,0,0
516,107291,0.08135013,0.59909650,-0.91143050,1.38098677,0.02912709,-0.08986444,0,0,0,0,0
517,107500,0.05470245,0.62348246,-0.89318697,1.31671088,0.01975784,-0.08079785,0,0,0,0,0
518,107708,0.04153188,0.67169182,-0.87469853,1.23061655,0.02759361,-0.07772839,0,0,0,0,0
519,107916,0.02994443,0.71846321,-0.85819777,1.14981180,0.03942896,-0.09545081,0,0,0,0,0
520,108125,0.02013443,0.74722636,-0.83848020,1.03750933,0.02994003,-0.07322014,0,0,0,0,0
521,108333,0.00737015,0.78627868,-0.82162963,0.96866461,0.05086252,-0.08167225,0,0,0,0,0
522,108541,-0.01265361,0.82068042,-0.78331764,0.83274343,0.03236774,-0.09039116,0,0,0,0,0
523,108750,-0.01905122,0.84334533,-0.74927509,0.74322940,0.03816761,-0.08977624,0,0,0,0,0
524,108958,-0.03929709,0.87487210,-0.71280270,0.63678525,0.04053297,-0.09773198,0,0,0,0,0
525,109166,-0.05280371,0.87659379,-0.67041197,0.52166082,0.06848910,-0.07384919,0,0,0,0,0
526,109375,-0.06226111,0.89296111,-0.62680087,0.40391790,0.06214727,-0.08979226,0,0,0,0,0
527,109583,-0.08103212,0.90638083,-0.58499682,0.28830459,0.06074914,-0.07547057,0,0,0,0,0
528,109791,-0.08079949,0.92244112,-0.53729645,0.15625406,0.06835625,-0.08507513,0,0,0,0,0
529,110000,-0.09487021,0.91918507,-0.48266000,0.04993203,0.06493575,-0.06933934,0,0,0,0,0
530,110208,-0.11014907,0.92032284,-0.43401140,-0.05255143,0.08796713,-0.07275107,0,0,0,0,0
531,110416,-0.12628248,0.91491561,-0.37430653,-0.18093215,0.07476053,-0.06861698,0,0,0,0,0
532,110625,-0.13242030,0.90444047,-0.31449906,-0.31464144,0.05241063,-0.05678626,0,0,0,0,0
533,110833,-0.13250512,0.90040408,-0.25257144,-0.43114880,0.07944976,-0.06702415,0,0,0,0,0
534,111041,-0.14762885,0.88594342,-0.19445629,-0.55728281,0.08873187,-0.05414914,0,0,0,0,0
535,111250,-0.15383012,0.85203552,-0.13984593,-0.66025962,0.08464533,-0.04290049,0,0,0,0,0
536,111458,-0.16366298,0.83495347,-0.09376349,-0.76932607,0.08100026,-0.04754029,0,0,0,0,0
537,111666,-0.17368316,0.80202831,-0.01957064,-0.85045063,0.08989126,-0.05194438,0,0,0,0,0
538,111875,-0.16219939,0.77852503,0.03759947,-0.97316342,0.09836807,-0.05635072,0,0,0,0,0
539,112083,-0.18646430,0.74788778,0.09897947,-1.06335192,0.07828131,-0.03103104,0,0,0,0,0
540,112291,-0.18441353,0.70561443,0.15954864,-1.16713660,0.08750018,-0.03348076,0,0,0,0,0
541,112500,-0.19117675,0.65937697,0.21220708,-1.26339191,0.07917764,-0.02541820,0,0,0,0,0
542,112708,-0.18208876,0.61869118,0.27740847,-1.31851640,0.08143820,-0.02042235,0,0,0,0,0
543,112916,-0.19150583,0.57277641,0.33902856,-1.40654659,0.08460951,-0.02020897,0,0,0,0,0
544,113125,-0.19631223,0.52654475,0.38823567,-1.48877398,0.08765662,-0.01143459,0,0,0,0,0
545,113333,-0.20341779,0.48158939,0.43849251,-1.54797625,0.07666403,0.00965135,0,0,0,0,0
546,113541,-0.19994625,0.42982717,0.49105629,-1.60831542,0.05997316,-0.00092727,0,0,0,0,0
547,113750,-0.18771270,0.37445694,0.54271915,-1.66623068,0.04703738,0.01390279,0,0,0,0,0
548,113958,-0.20195365,0.31916122,0.59431044,-1.72203871,0.06488440,0.00778606,0,0,0,0,0
549,114166,-0.20063845,0.25430210,0.63032953,-1.76962794,0.07718182,0.02528709,0,0,0,0,0
550,114375,-0.19278953,0.19924018,0.67045966,-1.76668902,0.05961829,0.04321731,0,0,0,0,0
551,114583,-0.19933785,0.14091674,0.70902546,-1.79157449,0.05775711,0.03738900,0,0,0,0,0
552,114791,-0.18182787,0.09432810,0.75039000,-1.83725175,0.04151732,0.03659553,0,0,0,0,0
553,115000,-0.17440948,0.03058750,0.78172413,-1.81474498,0.05340161,0.03403892,0,0,0,0,0
554,115208,-0.16645314,-0.04580360,0.81443058,-1.82099816,0.04353771,0.04215108,0,0,0,0,0
555,115416,-0.16815498,-0.08991859,0.83877012,-1.80467651,0.02563280,0.02630338,0,0,0,0,0
556,115625,-0.15165987,-0.15221936,0.86706817,-1.79323466,0.03334483,0.05750763,0,0,0,0,0
557,115833,-0.13974376,-0.21379548,0.88047083,-1.77726435,0.01704976,0.06405653,0,0,0,0,0
558,116041,-0.13876288,-0.27262930,0.90354613,-1.72982242,0.02143137,0.07092377,0,0,0,0,0
559,116250,-0.13613674,-0.32379222,0.91548530,-1.66710220,0.02799898,0.05479206,0,0,0,0,0
560,116458,-0.10715354,-0.37782207,0.91136192,-1.68593462,0.01910431,0.07399911,0,0,0,0,0
561,116666,-0.10754434,-0.44606287,0.92526546,-1.60304985,-0.00926907,0.06536516,0,0,0,0,0
562,116875,-0.08964057,-0.48350657,0.91733469,-1.54391821,0.00135214,0.07635285,0,0,0,0,0
563,117083,-0.08587407,-0.54439511,0.90815102,-1.46639971,-0.01248640,0.09729492,0,0,0,0,0
564,117291,-0.06399423,-0.58683457,0.90394278,-1.40129314,-0.03511000,0.06790219,0,0,0,0,0
565,117500,-0.05574600,-0.63651550,0.89535980,-1.31436295,-0.02190638,0.08160674,0,0,0,0,0
566,117708,-0.04674831,-0.67806277,0.88484217,-1.23401920,-0.01754641,0.07367516,0,0,0,0,0
567,117916,-0.02898257,-0.71922855,0.86337679,-1.13887983,-0.04148720,0.08379129,0,0,0,0,0
568,118125,-0.01671129,-0.76123062,0.83361184,-1.05494156,-0.02808478,0.09053571,0,0,0,0,0
569,118333,-0.00619842,-0.78516264,0.80904948,-0.94756984,-0.02840840,0.09651094,0,0,0,0,0
570,118541,0.01494723,-0.82596880,0.78022041,-0.86476012,-0.04098040,0.08835567,0,0,0,0,0
571,118750,0.02671534,-0.83995034,0.73752753,-0.73883006,-0.05625979,0.08203602,0,0,0,0,0
572,118958,0.02913575,-0.86248647,0.71221521,-0.63547992,-0.04384254,0.08151802,0,0,0,0,0
573,119166,0.04646262,-0.88661324,0.67560988,-0.52337928,-0.04241575,0.06891518,0,0,0,0,0
574,119375,0.05598065,-0.89881105,0.62500998,-0.39198126,-0.06610999,0.08281586,0,0,0,0,0
575,119583,0.07158764,-0.92012809,0.58021417,-0.27416042,-0.07184387,0.07656715,0,0,0,0,0
576,119791,0.08752511,-0.91565041,0.54169511,-0.16127324,-0.07665210,0.07386309,0,0,0,0,0
577,120000,0.09405935,-0.91637249,0.48025229,-0.03085402,-0.07685786,0.07112769,0,0,0,0,0
578,120208,0.10934620,-0.92275169,0.43091727,0.06366973,-0.09159788,0.05640671,0,0,0,0,0
579,120416,0.11853843,-0.91901856,0.37267712,0.20662386,-0.07453000,0.06913060,0,0,0,0,0
580,120625,0.12583139,-0.90776730,0.31192598,0.31047090,-0.07127042,0.05387035,0,0,0,0,0
581,120833,0.13867971,-0.89513159,0.26062093,0.42939773,-0.06691594,0.05147864,0,0,0,0,0
582,121041,0.14338364,-0.88360011,0.20683672,0.55123831,-0.09026839,0.06571984,0,0,0,0,0
583,121250,0.15189997,-0.86151079,0.13785573,0.67180693,-0.07645201,0.05695533,0,0,0,0,0
584,121458,0.16753344,-0.84017592,0.08070655,0.76417188,-0.08291764,0.06236917,0,0,0,0,0
585,121666,0.17509614,-0.80614125,0.02096566,0.87628662,-0.09536277,0.03921674,0,0,0,0,0
586,121875,0.17488767,-0.77852477,-0.03715631,0.96217886,-0.08038697,0.04469104,0,0,0,0,0
587,122083,0.18991012,-0.73918152,-0.09091400,1.06587187,-0.07143059,0.04318012,0,0,0,0,0
588,122291,0.18926474,-0.70199767,-0.15919345,1.15774450,-0.07884674,0.02456038,0,0,0,0,0
589,122500,0.19017775,-0.66328427,-0.22357716,1.25222777,-0.06691517,0.02495812,0,0,0,0,0
590,122708,0.19514586,-0.63192563,-0.27668980,1.34195840,-0.07165817,0.02079417,0,0,0,0,0
591,122916,0.19480009,-0.57311585,-0.34061779,1.41343226,-0.07582708,0.00283955,0,0,0,0,0
592,123125,0.19247439,-0.52184711,-0.38249523,1.50116413,-0.07734463,-0.00101273,0,0,0,0,0
593,123333,0.20614545,-0.48084063,-0.44249929,1.54087697,-0.07191254,-0.00244831,0,0,0,0,0
594,123541,0.20150330,-0.42720527,-0.48973538,1.61753347,-0.05071552,-0.00995288,0,0,0,0,0
595,123750,0.19158468,-0.37037051,-0.54193475,1.66121736,-0.07689671,-0.01843700,0,0,0,0,0
596,123958,0.19896765,-0.32732576,-0.59459345,1.71269972,-0.06205962,-0.00586593,0,0,0,0,0
597,124166,0.19721276,-0.24896011,-0.62683405,1.73198304,-0.06698228,-0.01091885,0,0,0,0,0
598,124375,0.19295336,-0.20393315,-0.67485981,1.77096236,-0.04369688,-0.01371590,0,0,0,0,0
599,124583,0.17950947,-0.14579640,-0.71769385,1.79650298,-0.04843098,-0.03724965,0,0,0,0,0
600,124791,0.18853454,-0.09315211,-0.73611311,1.80622930,-0.06144761,-0.03826176,0,0,0,0,0
601,125000,0.17630849,-0.01960715,-0.78596268,1.82014651,-0.03897693,-0.04318906,0,0,0,0,0
602,125208,0.16477490,0.03045287,-0.80313393,1.83382908,-0.04679076,-0.04382800,0,0,0,0,0
603,125416,0.15743540,0.09226904,-0.84385608,1.82221298,-0.04158494,-0.06375364,0,0,0,0,0
604,125624,0.15541752,0.15381458,-0.86719424,1.78715985,-0.01360724,-0.06095468,0,0,0,0,0
605,125833,0.15424913,0.21567137,-0.87925561,1.78846665,-0.01920262,-0.06924071,0,0,0,0,0
606,126041,0.13434512,0.26220097,-0.90150238,1.74327884,-0.00559441,-0.06476040,0,0,0,0,0
607,126250,0.12174795,0.34056741,-0.90708747,1.69830163,-0.00797584,-0.06752743,0,0,0,0,0
608,126458,0.11579305,0.39726250,-0.91105246,1.63607457,-0.00406723,-0.04996505,0,0,0,0,0
609,126666,0.10362774,0.44485854,-0.91866602,1.61609338,0.00317351,-0.08086392,0,0,0,0,0
610,126874,0.08834187,0.48680087,-0.91914914,1.54883854,-0.01481769,-0.07414944,0,0,0,0,0
611,127083,0.08717277,0.53975023,-0.92362115,1.47547767,0.00720083,-0.07899302,0,0,0,0,0
612,127291,0.06599547,0.57228695,-0.90968013,1.40811554,0.01013612,-0.06021974,0,0,0,0,0
613,127500,0.06054646,0.63405646,-0.89479235,1.31379726,0.01028256,-0.08831796,0,0,0,0,0
614,127708,0.04581283,0.67063721,-0.88676666,1.25396381,0.02472491,-0.08275333,0,0,0,0,0
615,127916,0.03318638,0.71847766,-0.86819134,1.14106299,0.02000766,-0.09016290,0,0,0,0,0
616,128124,0.01488745,0.75278721,-0.84265105,1.04386057,0.04314921,-0.08972284,0,0,0,0,0
617,128333,0.00187895,0.78652438,-0.80637975,0.92964007,0.04431835,-0.07908665,0,0,0,0,0
618,128541,-0.00782106,0.81629779,-0.78225092,0.84284194,0.05000767,-0.08826902,0,0,0,0,0
619,128750,-0.01959425,0.83637206,-0.74212216,0.74108173,0.04735303,-0.08632015,0,0,0,0,0
620,128958,-0.03762213,0.85915358,-0.70838657,0.62886693,0.07540983,-0.08249786,0,0,0,0,0
621,129166,-0.04854213,0.88878925,-0.66695231,0.51247092,0.07467662,-0.07026705,0,0,0,0,0
622,129374,-0.07134665,0.90331817,-0.62267453,0.40355084,0.05307972,-0.08446947,0,0,0,0,0
623,129583,-0.07095783,0.91006822,-0.58034054,0.27869871,0.08786901,-0.09119469,0,0,0,0,0
624,129791,-0.07673011,0.91972679,-0.53143875,0.16965102,0.06528083,-0.06479831,0,0,0,0,0
625,130000,-0.09035135,0.92171968,-0.48166335,0.04709396,0.06574473,-0.05736145,1,0,1,0,0
626,130208,-0.11028025,0.91429826,-0.42562247,-0.06299342,0.08443588,-0.07374824,1,0,1,0,0
627,130416,-0.12071411,0.90969867,-0.37061193,-0.19209925,0.07647116,-0.06519377,1,0,1,0,0
628,130624,-0.12976587,0.90307334,-0.30877204,-0.32256888,0.08220813,-0.07107080,1,0,1,0,0
629,130833,-0.14065606,0.89567335,-0.26756872,-0.42410890,0.09378891,-0.06151643,1,0,1,0,0
630,131041,-0.13972208,0.87975471,-0.19680599,-0.54093027,0.07662316,-0.04562048,1,0,1,0,0
631,131250,-0.16312127,0.87024842,-0.15093550,-0.63548459,0.07045587,-0.05490896,1,0,1,0,0
632,131458,-0.15992984,0.84099434,-0.08651528,-0.75821542,0.08776249,-0.04418446,1,0,1,0,0
633,131666,-0.16713412,0.81134096,-0.01898239,-0.86000003,0.05293137,-0.05170259,1,0,1,0,0
634,131875,-0.16810599,0.76951888,0.04297108,-0.98568745,0.08100401,-0.03308954,1,0,1,0,0
635,132083,-0.17771117,0.74966500,0.09519864,-1.08100492,0.07261141,-0.01994521,1,0,1,0,0
636,132291,-0.18815405,0.70309933,0.15540449,-1.15159636,0.08160879,-0.02670976,1,0,1,0,0
637,132500,-0.18445610,0.65371424,0.22845244,-1.25085560,0.06913322,-0.02193319,1,0,1,0,0
638,132708,-0.18959376,0.61756446,0.26780456,-1.33311867,0.08935542,-0.01073366,1,0,1,0,0
639,132916,-0.18817966,0.58147580,0.33178121,-1.39917777,0.06525187,-0.00392959,1,0,1,0,0
640,133125,-0.20064039,0.53650115,0.39326546,-1.49172041,0.07983892,-0.01037953,1,0,1,0,0
641,133333,-0.20420960,0.48198815,0.45022416,-1.55101470,0.07807335,0.00902025,1,0,1,0,0
642,133541,-0.19761471,0.43427254,0.49266256,-1.61315987,0.07277056,0.00093131,1,0,1,0,0
643,133750,-0.19914833,0.37703346,0.53759151,-1.66065922,0.06739291,0.01092939,1,0,1,0,0
644,133958,-0.19341461,0.31739889,0.59126496,-1.70425171,0.06576655,-0.00404248,1,0,1,0,0
645,134166,-0.19648209,0.26012753,0.64841522,-1.74670477,0.06386334,0.00429757,1,0,1,0,0
646,134375,-0.18974168,0.20025418,0.67048618,-1.79742405,0.04239669,0.00726008,1,0,1,0,0
647,134583,-0.19215800,0.14597756,0.72409350,-1.79088135,0.05419392,0.02954070,1,0,1,0,0
648,134791,-0.19111937,0.08750333,0.74816906,-1.81183439,0.03834392,0.02998147,1,0,1,0,0
649,135000,-0.18243217,0.02224880,0.78540499,-1.80818288,0.03966204,0.03741368,1,0,1,0,0
650,135208,-0.16321843,-0.02884703,0.81301316,-1.81555155,0.03936381,0.06247937,1,0,1,0,0
651,135416,-0.15826671,-0.09974462,0.84361302,-1.80458990,0.01511280,0.04677541,1,0,1,0,0
652,135625,-0.14893958,-0.15364331,0.85552413,-1.78701747,0.02068743,0.05158430,1,0,1,0,0
653,135833,-0.15263495,-0.20734206,0.88280301,-1.77616200,0.02633147,0.06032586,1,0,1,0,0
654,136041,-0.14220391,-0.26756930,0.89455422,-1.74076208,0.02554735,0.05305916,1,0,1,0,0
655,136250,-0.11892698,-0.32498063,0.91679353,-1.68560611,-0.00383960,0.07186442,1,0,1,0,0
656,136458,-0.12381715,-0.38032767,0.91125287,-1.66253744,-0.00088036,0.07349678,1,0,1,0,0
657,136666,-0.10338363,-0.43672118,0.91993108,-1.60308943,-0.01790415,0.06994066,1,0,1,0,0
658,136875,-0.09686203,-0.48221528,0.92740774,-1.55072817,0.01261682,0.08618047,1,0,1,0,0
659,137083,-0.07385798,-0.54124746,0.90982956,-1.46257445,-0.00966614,0.06831363,1,0,1,0,0
660,137291,-0.06897423,-0.59183885,0.90416257,-1.39898110,-0.02011407,0.07819654,1,0,1,0,0
661,137500,-0.05435414,-0.63019122,0.89085338,-1.31424472,-0.01635450,0.08302072,1,0,1,0,0
662,137708,-0.04205306,-0.67480241,0.88456028,-1.22972903,-0.02827642,0.07766353,1,0,1,0,0
663,137916,-0.02403440,-0.71445352,0.86468236,-1.15093720,-0.02981054,0.09645078,1,0,1,0,0
664,138125,-0.01764556,-0.74890239,0.82958714,-1.04754662,-0.03939995,0.07619182,1,0,1,0,0
665,138333,-0.00745952,-0.79202202,0.80974300,-0.95229765,-0.05895973,0.08254990,1,0,1,0,0
666,138541,0.00231943,-0.81800728,0.78238762,-0.84299922,-0.04283818,0.09261408,1,0,1,0,0
667,138750,0.02832244,-0.83867169,0.74982007,-0.72492200,-0.03326103,0.07193929,1,0,1,0,0
668,138958,0.02870100,-0.86342674,0.70939829,-0.61598553,-0.03496459,0.08883180,1,0,1,0,0
669,139166,0.04462525,-0.87981330,0.66558654,-0.52181447,-0.05136996,0.06014750,1,0,1,0,0
670,139375,0.04892673,-0.90490849,0.62174798,-0.39361245,-0.06067378,0.08230703,1,0,1,0,0
671,139583,0.06378431,-0.90839016,0.57495730,-0.29085428,-0.07068024,0.08513881,1,0,1,0,0
672,139791,0.07756476,-0.91643780,0.52789351,-0.16037980,-0.05845471,0.08773187,1,0,1,0,0
673,140000,0.09229815,-0.91747062,0.47741539,-0.04396659,-0.09113061,0.08073474,1,0,1,1,0
674,140208,0.11338739,-0.93117813,0.42640677,0.05438076,-0.08500020,0.06242690,1,0,1,1,0
675,140416,0.12400091,-0.90089155,0.37106579,0.18750074,-0.06878573,0.05648020,1,0,1,1,0
676,140625,0.12332453,-0.91558626,0.31728963,0.31902714,-0.08352112,0.06479982,1,0,1,1,0
677,140833,0.13273381,-0.88756111,0.25241344,0.42331262,-0.09527084,0.04382205,1,0,1,1,0
678,141041,0.15298906,-0.88102235,0.20640255,0.52329683,-0.07194187,0.06521021,1,0,1,1,0
679,141250,0.15847695,-0.85275060,0.14249831,0.64893278,-0.06729891,0.06790968,1,0,1,1,0
680,141458,0.16799280,-0.84218152,0.08016685,0.75924513,-0.10065925,0.04460746,1,0,1,1,0
681,141666,0.16173574,-0.81192677,0.01822802,0.86588297,-0.07134460,0.05098702,1,0,1,1,0
682,141875,0.17525578,-0.77266161,-0.04372775,0.99099505,-0.08867807,0.05952947,1,0,1,1,0
683,142083,0.18403101,-0.74062130,-0.10572873,1.06703895,-0.07399444,0.02251015,1,0,1,1,0
684,142291,0.18761762,-0.70394035,-0.16013246,1.17323503,-0.10141088,0.01156797,1,0,1,1,0
685,142500,0.19344446,-0.66503242,-0.21577538,1.24611061,-0.09095206,0.02827369,1,0,1,1,0
686,142708,0.19296479,-0.62646293,-0.27674058,1.34515875,-0.08573935,0.03943369,1,0,1,1,0
687,142916,0.20011201,-0.57373259,-0.33772799,1.40342207,-0.04817477,0.02381099,1,0,1,1,0
688,143125,0.19819686,-0.52747993,-0.38967314,1.50070936,-0.08196100,0.00581756,1,0,1,1,0
689,143333,0.20166880,-0.48128088,-0.44329930,1.56950086,-0.07732765,-0.00239685,1,0,1,1,0
690,143541,0.20294173,-0.42457353,-0.48851312,1.59500216,-0.07584051,-0.00269586,1,0,1,1,0
691,143750,0.19630494,-0.37845158,-0.53755135,1.67114490,-0.06854562,-0.00118703,1,0,1,1,0
692,143958,0.19282592,-0.30772898,-0.59016995,1.69238089,-0.06065493,-0.01940244,1,0,1,1,0
693,144166,0.18688333,-0.26044502,-0.62713427,1.75152439,-0.05086069,-0.03180235,1,0,1,1,0
694,144375,0.19027795,-0.19463806,-0.67665696,1.78955895,-0.05205022,-0.02067733,1,0,1,1,0
695,144583,0.18780331,-0.14717410,-0.70609302,1.81226553,-0.04771571,-0.04198757,1,0,1,1,0
696,144791,0.18241840,-0.08138101,-0.75858099,1.81689352,-0.05229718,-0.04167140,1,0,1,1,0
697,145000,0.18763507,-0.01669379,-0.77705331,1.82149339,-0.03557935,-0.06222125,1,0,1,1,0
698,145208,0.17035515,0.03677181,-0.82331552,1.81900338,-0.05693322,-0.02424841,1,0,1,1,0
699,145416,0.16132196,0.09276490,-0.84647736,1.80991966,-0.04077447,-0.03106853,1,0,1,1,0
700,145625,0.15568154,0.16089775,-0.86830651,1.79203592,-0.02567988,-0.04788144,1,0,1,1,0
701,145833,0.13781227,0.21280324,-0.88447058,1.76565029,-0.02894518,-0.04757488,1,0,1,1,0
702,146041,0.13543461,0.27938487,-0.89495708,1.73682508,-0.02451933,-0.06725262,1,0,1,1,0
703,146250,0.12957860,0.32977711,-0.91006317,1.72146945,-0.02914655,-0.06516841,1,0,1,1,0
704,146458,0.11780048,0.38504598,-0.92288617,1.66055054,0.01244788,-0.06940156,1,0,1,1,0
705,146666,0.11615962,0.43121142,-0.92253773,1.60961824,-0.00347743,-0.06970524,1,0,1,1,0
706,146875,0.08948859,0.48433178,-0.90763479,1.54133116,-0.00454911,-0.07638043,1,0,1,1,0
707,147083,0.08376543,0.54336100,-0.91808240,1.46909482,0.03083974,-0.07188542,1,0,1,1,0
708,147291,0.06581419,0.59157577,-0.91592365,1.40314414,-0.00424030,-0.08547054,1,0,1,1,0
709,147500,0.06418125,0.63054631,-0.90302359,1.33663085,0.01806023,-0.08591011,1,0,1,1,0
710,147708,0.04456145,0.67231020,-0.87786382,1.22445839,0.01307252,-0.08039558,1,0,1,1,0
711,147916,0.03199953,0.71507005,-0.85730034,1.15556891,0.03343110,-0.06585267,1,0,1,1,0
712,148125,0.02262007,0.75426340,-0.84978567,1.05327944,0.04887032,-0.09326569,1,0,1,1,0
713,148333,0.00321927,0.77866076,-0.80952080,0.96458106,0.02410016,-0.08170254,1,0,1,1,0
714,148541,-0.00973902,0.81463559,-0.77918921,0.84089845,0.03217383,-0.09938603,1,0,1,1,0
715,148750,-0.02781613,0.84281126,-0.74168623,0.73138323,0.05267203,-0.09030032,1,0,1,1,0
716,148958,-0.02811839,0.86260736,-0.70852782,0.63759601,0.04731364,-0.09339013,1,0,1,1,0
717,149166,-0.04453627,0.87848680,-0.67299473,0.50980300,0.05912598,-0.08071761,1,0,1,1,0
718,149375,-0.04769300,0.89258662,-0.62121749,0.40597717,0.07868530,-0.09039200,1,0,1,1,0
719,149583,-0.07130517,0.90935886,-0.57894277,0.27896373,0.07103532,-0.06459723,1,0,1,1,0
720,149791,-0.08310823,0.91110400,-0.53158618,0.15759213,0.06212931,-0.08594029,1,0,1,1,0
721,150000,-0.09945435,0.92457990,-0.48225620,0.06469540,0.06813997,-0.08346633,1,0,1,1,0
722,150208,-0.10207070,0.92158258,-0.43155177,-0.06447994,0.07013060,-0.07287096,1,0,1,1,0
723,150416,-0.11586187,0.92280909,-0.38038282,-0.20170532,0.08555282,-0.04651685,1,0,1,1,0
724,150625,-0.12874622,0.90627412,-0.31570141,-0.32414171,0.07928903,-0.06039550,1,0,1,1,0
725,150833,-0.13368731,0.88952439,-0.25743773,-0.43354641,0.07864622,-0.04116469,1,0,1,1,0
726,151041,-0.14553111,0.88140730,-0.20892013,-0.52979446,0.08194127,-0.05732958,1,0,1,1,0
727,151250,-0.15638487,0.85924335,-0.13950793,-0.66233157,0.08018924,-0.04915235,1,0,1,1,0
728,151458,-0.15774397,0.84285819,-0.08457565,-0.77008406,0.09597354,-0.05383127,1,0,1,1,0
729,151666,-0.17168981,0.80499336,-0.02196835,-0.86847230,0.08406102,-0.04639698,1,0,1,1,0
730,151875,-0.18693422,0.77365891,0.03437831,-0.97779201,0.07869901,-0.02469874,1,0,1,1,0
731,152083,-0.18465091,0.74742052,0.08910588,-1.07989405,0.09609013,-0.01807912,1,0,1,1,0
732,152291,-0.19356189,0.70749722,0.15614563,-1.16049160,0.07873353,-0.03678867,1,0,1,1,0
733,152500,-0.18995329,0.66910016,0.21492042,-1.26628191,0.07475787,-0.02097604,1,0,1,1,0
734,152708,-0.18704155,0.61581941,0.27969031,-1.33536441,0.07670956,-0.01561968,1,0,1,1,0
735,152916,-0.19700186,0.58144934,0.32783360,-1.40356894,0.07429357,-0.01805396,1,0,1,1,0
736,153125,-0.19945965,0.52726786,0.38422145,-1.48259263,0.07582313,0.00077738,1,0,1,1,0
737,153333,-0.19545078,0.48320795,0.43386596,-1.56797787,0.06499515,0.00722075,1,0,1,1,0
738,153541,-0.19635692,0.42647164,0.49914435,-1.60485791,0.08531541,0.00058453,1,0,1,1,0
739,153750,-0.20249069,0.36925611,0.53994363,-1.65156122,0.06653887,0.02377501,1,0,1,1,0
740,153958,-0.19803540,0.30977126,0.58566374,-1.72161504,0.06457494,0.01327526,1,0,1,1,0
741,154166,-0.18689973,0.26505464,0.63546345,-1.73357715,0.04960653,0.02880698,1,0,1,1,0
742,154375,-0.19146964,0.21024649,0.68503464,-1.77571208,0.04732384,0.03223349,1,0,1,1,0
743,154583,-0.18988473,0.13689178,0.71946051,-1.80633697,0.04876442,0.01766294,1,0,1,1,0
744,154791,-0.17841445,0.08877645,0.75179352,-1.82178151,0.04448227,0.05893249,1,0,1,1,0
745,155000,-0.17186543,0.02153231,0.77653671,-1.81046141,0.03234380,0.04616907,1,0,1,1,0
746,155208,-0.16899012,-0.03301803,0.81576479,-1.81583896,0.05754844,0.04611563,1,0,1,1,0
747,155416,-0.17158395,-0.09379540,0.83751475,-1.80948890,0.02936648,0.05371363,1,0,1,1,0
748,155625,-0.14919770,-0.15390191,0.86246630,-1.81819299,0.02373357,0.06893314,1,0,1,1,0
749,155833,-0.14783621,-0.22706488,0.88818186,-1.76777551,0.01697901,0.05478325,1,0,1,1,0
750,156041,-0.12778636,-0.27521047,0.90274859,-1.73766890,0.02199994,0.04842661,1,0,1,1,0
751,156250,-0.12110928,-0.32418823,0.91114938,-1.69291600,0.02122549,0.08629801,1,0,1,1,0
752,156458,-0.10188102,-0.38281323,0.91540938,-1.65364018,-0.00758538,0.07993294,1,0,1,1,0
753,156666,-0.10137453,-0.43169933,0.91960770,-1.59332720,-0.00203504,0.04203611,1,0,1,1,0
754,156875,-0.08780608,-0.49087262,0.91983988,-1.54607337,-0.00463989,0.08459914,1,0,1,1,0
755,157083,-0.08456312,-0.54918822,0.91069851,-1.46170238,-0.01301333,0.10063853,1,0,1,1,0
756,157291,-0.07382280,-0.58435925,0.90043141,-1.39435087,-0.01703236,0.06556971,1,0,1,1,0
757,157500,-0.05664275,-0.62692963,0.89713406,-1.30130244,-0.03219185,0.07333839,1,0,1,1,0
758,157708,-0.03819502,-0.67276666,0.88216282,-1.23446329,-0.02524973,0.08359377,1,0,1,1,0
759,157916,-0.02898126,-0.71046840,0.85861744,-1.15090443,-0.02352707,0.08918259,1,0,1,1,0
760,158125,-0.01955794,-0.73848377,0.83818557,-1.04498182,-0.03559282,0.07334181,1,0,1,1,0
761,158333,-0.01318090,-0.78113388,0.80926627,-0.94540969,-0.04872473,0.08700101,1,0,1,1,0
762,158541,0.00344444,-0.82337319,0.77281830,-0.84402256,-0.02795018,0.08903114,1,0,1,1,0
763,158750,0.01494033,-0.84238555,0.74811749,-0.74716640,-0.05448700,0.08301988,1,0,1,1,0
764,158958,0.02869187,-0.86913403,0.70684740,-0.63055390,-0.04849852,0.07484251,1,0,1,1,0
765,159166,0.05077208,-0.88546465,0.67211115,-0.50884188,-0.06707886,0.07162514,1,0,1,1,0
766,159375,0.07451590,-0.89625669,0.62703923,-0.38366627,-0.04659266,0.07036270,1,0,1,1,0
767,159583,0.07494687,-0.90861566,0.57506463,-0.26607641,-0.07337218,0.05631100,1,0,1,1,0
768,159791,0.07927000,-0.92038414,0.52753816,-0.16845586,-0.06042339,0.09004567,1,0,1,1,0
769,160000,0.09312937,-0.92431225,0.48052551,-0.03765985,-0.07643069,0.05257329,1,0,1,1,0
770,160208,0.11021702,-0.91317774,0.41519149,0.05062279,-0.06714768,0.06806084,1,0,1,1,0
771,160416,0.11813801,-0.90975998,0.37444640,0.20024427,-0.05589568,0.06696253,1,0,1,1,0
772,160625,0.12368048,-0.91332301,0.31144541,0.29586940,-0.06420468,0.07073606,1,0,1,1,0
773,160833,0.13667111,-0.88595730,0.26601566,0.44438037,-0.06835712,0.06630152,1,0,1,1,0
774,161041,0.14670384,-0.87105404,0.20338973,0.53224462,-0.09903864,0.05411724,1,0,1,1,0
775,161250,0.15815415,-0.86107494,0.14790483,0.64701709,-0.07464400,0.05127417,1,0,1,1,0
776,161458,0.16175500,-0.84228398,0.07679940,0.76867511,-0.10183273,0.03751001,1,0,1,1,0
777,161666,0.16387399,-0.80632056,0.01616954,0.88311297,-0.07401974,0.05076189,1,0,1,1,0
778,161875,0.17254115,-0.78103693,-0.04079939,0.95761222,-0.08201370,0.02566126,1,0,1,1,0
779,162083,0.17927774,-0.74154060,-0.09538233,1.07079515,-0.09638186,0.02831864,1,0,1,1,0
780,162291,0.19103055,-0.71013249,-0.14721002,1.16669394,-0.09608294,0.02876504,1,0,1,1,0
781,162500,0.19084868,-0.66157971,-0.21705012,1.24000054,-0.09028532,0.03004377,1,0,1,1,0
782,162708,0.19151901,-0.62884232,-0.28061413,1.34015230,-0.08226605,0.00804952,1,0,1,1,0
783,162916,0.20323747,-0.57241574,-0.33529850,1.41026649,-0.07466917,0.03096091,1,0,1,1,0
784,163125,0.19463156,-0.53183577,-0.38937490,1.50347120,-0.07958974,0.00241440,1,0,1,1,0
785,163333,0.19565414,-0.47495826,-0.44228311,1.54690728,-0.08024859,-0.00271415,1,0,1,1,0
786,163541,0.20145009,-0.42503834,-0.49156706,1.60633180,-0.06319577,-0.01071166,1,0,1,1,0
787,163750,0.20064880,-0.37430655,-0.53703911,1.66085822,-0.06532227,-0.01953458,1,0,1,1,0
788,163958,0.19336263,-0.31955530,-0.57757587,1.69867079,-0.04778667,-0.01364311,1,0,1,1,0
789,164166,0.20167047,-0.26904855,-0.62885914,1.75505200,-0.04834697,-0.02436874,1,0,1,1,0
790,164375,0.19340429,-0.20256592,-0.68007180,1.77822148,-0.04461535,-0.02502703,1,0,1,1,0
791,164583,0.18650820,-0.14626206,-0.71486117,1.78684490,-0.05012299,-0.03077068,1,0,1,1,0
792,164791,0.18185290,-0.09446644,-0.76296891,1.81027828,-0.05109725,-0.04401767,1,0,1,1,0
793,165000,0.18214102,-0.02113530,-0.78545288,1.82476388,-0.05081594,-0.03207007,1,0,1,1,0
794,165208,0.16985437,0.03855669,-0.81634022,1.83270399,-0.04211316,-0.05116661,1,0,1,1,0
795,165416,0.16395217,0.09694955,-0.83721520,1.81333607,-0.02480983,-0.03840491,1,0,1,1,0
796,165625,0.16596755,0.15172161,-0.86478087,1.79925264,-0.02808493,-0.04217577,1,0,1,1,0
797,165833,0.14755298,0.21166032,-0.87811042,1.77005952,-0.01449630,-0.04819990,1,0,1,1,0
798,166041,0.13208995,0.26924464,-0.89799089,1.71597179,-0.02581702,-0.08247302,1,0,1,1,0
799,166250,0.12898727,0.33594099,-0.90125338,1.70315486,-0.01790137,-0.05970311,1,0,1,1,0
800,166458,0.11480706,0.38213754,-0.91609687,1.64099051,-0.00978007,-0.08079114,1,0,1,1,0
801,166666,0.11298383,0.44459325,-0.91357983,1.61675735,-0.01021086,-0.06764906,1,0,1,1,0
802,166875,0.09981274,0.49554947,-0.92163486,1.55229304,0.00216921,-0.06355569,1,0,1,1,0
803,167083,0.08871593,0.53424085,-0.91639146,1.48071719,0.00454476,-0.07960488,1,0,1,1,0
804,167291,0.07106742,0.58586614,-0.90930737,1.39500785,0.00833969,-0.09973172,1,0,1,1,0
805,167500,0.06358371,0.62910879,-0.89741011,1.33939202,0.02595613,-0.08623483,1,0,1,1,0
806,167708,0.04762517,0.67654310,-0.87974816,1.22553301,0.02989851,-0.07570236,1,0,1,1,0
807,167916,0.04683063,0.71486948,-0.86572971,1.13827801,0.02254699,-0.08346454,1,0,1,1,0
808,168125,0.02417283,0.75152876,-0.83585147,1.05911952,0.02530390,-0.09685490,1,0,1,1,0
809,168333,-0.00220737,0.78171071,-0.80773844,0.95447459,0.03668809,-0.08906272,1,0,1,1,0
810,168541,-0.01336038,0.81615458,-0.78182919,0.84921501,0.05993383,-0.08958707,1,0,1,1,0
811,168750,-0.02823707,0.84152771,-0.74972100,0.74622712,0.05485349,-0.10197881,1,0,1,1,0
812,168958,-0.02660686,0.86715184,-0.70943700,0.62814681,0.06652347,-0.08156081,1,0,1,1,0
813,169166,-0.05327657,0.88159606,-0.66859838,0.50573157,0.05268373,-0.06962593,1,0,1,1,0
814,169375,-0.05655191,0.88627792,-0.63239125,0.38966875,0.06110282,-0.07709318,1,0,1,1,0
815,169583,-0.06208264,0.90811176,-0.57366471,0.30725221,0.05566976,-0.07893708,1,0,1,1,0
816,169791,-0.08457730,0.92791914,-0.53256309,0.17188150,0.05594351,-0.08138576,1,0,1,1,0
817,170000,-0.09943071,0.91390665,-0.49000471,0.06371816,0.07543007,-0.08432410,1,0,1,1,0
818,170208,-0.10510276,0.92098454,-0.43476645,-0.06206620,0.06841068,-0.06700256,1,0,1,1,0
819,170416,-0.11963792,0.91068552,-0.36748936,-0.19437627,0.07451859,-0.07891968,1,0,1,1,0
820,170625,-0.13090513,0.90579470,-0.32254706,-0.29757207,0.09424196,-0.08228120,1,0,1,1,0
821,170833,-0.14891644,0.89972353,-0.26567981,-0.43461414,0.07726401,-0.05200327,1,0,1,1,0
822,171041,-0.14839322,0.87794828,-0.19733939,-0.56396697,0.06630436,-0.07490919,1,0,1,1,0
823,171250,-0.14623149,0.86305917,-0.14771043,-0.64485754,0.08149980,-0.05968435,1,0,1,1,0
824,171458,-0.15971929,0.83689086,-0.07718194,-0.76547669,0.07630726,-0.05123835,1,0,1,1,0
825,171666,-0.17965871,0.80739090,-0.02303216,-0.85754722,0.08659609,-0.04246002,1,0,1,1,0
826,171875,-0.17879069,0.78048005,0.04477974,-0.95877700,0.07773475,-0.05071437,1,0,1,1,0
827,172083,-0.18037171,0.74276504,0.09650979,-1.06577249,0.08774362,-0.03408051,1,0,1,1,0
828,172291,-0.19262478,0.69963280,0.16402387,-1.17384062,0.08976819,-0.03096594,1,0,1,1,0
829,172500,-0.19232384,0.66311692,0.21319794,-1.25750276,0.08540204,-0.02641290,1,0,1,1,0
830,172708,-0.20233446,0.63154262,0.27743034,-1.33944842,0.06876434,-0.01170704,1,0,1,1,0
831,172916,-0.20194871,0.57219249,0.34005477,-1.40643127,0.06751606,-0.02887621,1,0,1,1,0
832,173125,-0.20408906,0.52658387,0.39122595,-1.48943123,0.07951437,-0.01306909,1,0,1,1,0
833,173333,-0.20126427,0.48746256,0.43623195,-1.54451791,0.06148837,-0.00483166,1,0,1,1,0
834,173541,-0.20351327,0.41823746,0.48843959,-1.61898722,0.06076817,0.00663516,1,0,1,1,0
835,173750,-0.20009858,0.37877828,0.53843483,-1.65706443,0.04311225,-0.01821320,1,0,1,1,0
836,173958,-0.19849457,0.31460758,0.59446923,-1.72408615,0.05605734,-0.00106606,1,0,1,1,0
837,174166,-0.20138497,0.25900386,0.64052246,-1.75564921,0.08424853,0.03070937,1,0,1,1,0
838,174375,-0.19367168,0.19955517,0.68037772,-1.76836133,0.05929556,0.03619488,1,0,1,1,0
839,174583,-0.18831969,0.13852743,0.71325665,-1.80797522,0.05295715,0.01397604,1,0,1,1,0
840,174791,-0.18289154,0.08349715,0.74309047,-1.81727460,0.03871713,0.04059590,1,0,1,1,0
841,175000,-0.18008417,0.01572953,0.77733877,-1.80542601,0.04997552,0.03963092,1,0,1,1,0
842,175208,-0.17574397,-0.04957073,0.81746686,-1.81707364,0.03365388,0.04589010,1,0,1,1,0
843,175416,-0.16110021,-0.09552071,0.83572246,-1.82706761,0.03386034,0.03058416,1,0,1,1,0
844,175625,-0.15022766,-0.15342348,0.86080046,-1.79230885,0.04836767,0.05395506,1,0,1,1,0
845,175833,-0.14080165,-0.21710675,0.88251051,-1.75738074,0.03395730,0.04157737,1,0,1,1,0
846,176041,-0.14880936,-0.27627562,0.89661058,-1.73003235,0.01793889,0.06067672,1,0,1,1,0
847,176250,-0.12646087,-0.32782208,0.91800189,-1.69802327,0.01156967,0.07642319,1,0,1,1,0
848,176458,-0.11674993,-0.38064752,0.90918975,-1.64578493,0.01037174,0.05946981,1,0,1,1,0
849,176666,-0.10901767,-0.43773999,0.92476732,-1.59518606,-0.00852069,0.07655308,1,0,1,1,0
850,176875,-0.09177253,-0.49116829,0.92226079,-1.54574189,-0.00463552,0.07564726,1,0,1,1,0
851,177083,-0.07796822,-0.53444639,0.92419335,-1.46338932,-0.02464088,0.08464898,1,0,1,1,0
852,177291,-0.07885149,-0.59335930,0.90141191,-1.38925006,0.00636437,0.07070103,1,0,1,1,0
853,177500,-0.06240997,-0.62455902,0.89243560,-1.31935888,-0.03609907,0.07101291,1,0,1,1,0
854,177708,-0.04939882,-0.67293225,0.87586926,-1.23136070,-0.01518352,0.09900476,1,0,1,1,0
855,177916,-0.02558255,-0.72091616,0.86271411,-1.15336957,-0.02918550,0.06521262,1,0,1,1,0
856,178125,-0.01363330,-0.75092480,0.82882516,-1.03372195,-0.04100648,0.08331358,1,0,1,1,0
857,178333,-0.00387924,-0.78690282,0.80317716,-0.96065393,-0.03434338,0.07708433,1,0,1,1,0
858,178541,0.01205656,-0.81048404,0.78992358,-0.84011663,-0.05768607,0.09290731,1,0,1,1,0
859,178750,0.01852296,-0.85050123,0.74399687,-0.75013392,-0.04015488,0.08214656,1,0,1,1,0
860,178958,0.03250668,-0.87248929,0.70349157,-0.64019216,-0.04192492,0.09617743,1,0,1,1,0
861,179166,0.04748848,-0.87215713,0.67529630,-0.51738496,-0.05848554,0.07550300,1,0,1,1,0
862,179375,0.05708691,-0.89909358,0.62048747,-0.39034940,-0.07047437,0.06096895,1,0,1,1,0
863,179583,0.06949286,-0.90472840,0.57949855,-0.29306955,-0.04778358,0.07051716,1,0,1,1,0
864,179791,0.08340199,-0.91779928,0.53635743,-0.17627406,-0.06908372,0.08169116,1,0,1,1,0
865,180000,0.10339846,-0.92648000,0.48855954,-0.04310365,-0.06890461,0.06153749,1,0,1,1,0
866,180208,0.11673114,-0.91703808,0.43253802,0.06758583,-0.07805869,0.07874711,1,0,1,1,0
867,180416,0.12309285,-0.91485005,0.37402206,0.19544503,-0.08096844,0.07403385,1,0,1,1,0
868,180625,0.12166896,-0.91039019,0.31425111,0.30649033,-0.09339758,0.07095217,1,0,1,1,0
869,180833,0.13348614,-0.89886726,0.25982554,0.44384180,-0.08410838,0.04512809,1,0,1,1,0
870,181041,0.14510998,-0.87762596,0.19394228,0.52820687,-0.06638030,0.06162134,1,0,1,1,0
871,181250,0.15096969,-0.85657992,0.13719961,0.64856837,-0.08259708,0.04441253,1,0,1,1,0
872,181458,0.16523604,-0.83282725,0.08052269,0.76106637,-0.07202768,0.05609214,1,0,1,1,0
873,181666,0.16591491,-0.80043206,0.02371687,0.86428310,-0.08251622,0.03553199,1,0,1,1,0
874,181875,0.18312425,-0.77395422,-0.04125232,0.97416270,-0.07753493,0.03037084,1,0,1,1,0
875,182083,0.18332581,-0.73604269,-0.10487897,1.07581653,-0.07243480,0.04124841,1,0,1,1,0
876,182291,0.17659956,-0.71026143,-0.16303137,1.17127644,-0.07878391,0.03885794,1,0,1,1,0
877,182500,0.18706853,-0.65598312,-0.21187373,1.23746249,-0.06749018,0.03048798,1,0,1,1,0
878,182708,0.19852669,-0.61728892,-0.27697682,1.34288564,-0.07628444,0.02073736,1,0,1,1,0
879,182916,0.19873313,-0.56947819,-0.33304347,1.40285323,-0.06602838,0.00355677,1,0,1,1,0
880,183125,0.21085984,-0.53411152,-0.38988164,1.49650316,-0.08169642,0.00909275,1,0,1,1,0
881,183333,0.19360839,-0.48053572,-0.43198550,1.55181466,-0.09157276,0.01277059,1,0,1,1,0
882,183541,0.19956387,-0.43660651,-0.49301671,1.60241297,-0.06706915,-0.00526819,1,0,1,1,0
883,183750,0.19573582,-0.37948771,-0.54594185,1.66244017,-0.05381144,-0.01132274,1,0,1,1,0
884,183958,0.19889557,-0.30868859,-0.58215077,1.71820817,-0.06644083,-0.02640823,1,0,1,1,0
885,184166,0.19120606,-0.25316276,-0.63956137,1.75202414,-0.06217640,-0.01758079,1,0,1,1,0
886,184375,0.18304685,-0.21399321,-0.67573117,1.77194927,-0.04098876,-0.01742340,1,0,1,1,0
887,184583,0.18754580,-0.14635690,-0.71075416,1.79896750,-0.06483605,-0.03820641,1,0,1,1,0
888,184791,0.17727017,-0.08690508,-0.75175031,1.81156673,-0.04513482,-0.03393076,1,0,1,1,0
889,185000,0.17538379,-0.03479186,-0.78622636,1.81947241,-0.05876674,-0.03600608,1,0,1,1,0
890,185208,0.16563020,0.03742235,-0.81523470,1.82788621,-0.04221777,-0.05843764,1,0,1,1,0
891,185416,0.15319471,0.09452598,-0.84133617,1.81564631,-0.04206729,-0.05574930,1,0,1,1,0
892,185625,0.14875683,0.16442287,-0.86575122,1.79960699,-0.00928744,-0.05538620,1,0,1,1,0
893,185833,0.14485896,0.21784793,-0.88072856,1.76502891,-0.01637754,-0.03936180,1,0,1,1,0
894,186041,0.14523551,0.27294956,-0.89696390,1.74633440,-0.02551486,-0.05890211,1,0,1,1,0
895,186250,0.12075211,0.33665032,-0.90871644,1.70691263,-0.02027114,-0.06377064,1,0,1,1,0
896,186458,0.10867349,0.37948019,-0.92599731,1.65147004,-0.00804004,-0.08297991,1,0,1,1,0
897,186666,0.10965147,0.43644835,-0.92417005,1.60731395,-0.00172156,-0.08277538,1,0,1,1,0
898,186875,0.10015628,0.48767547,-0.92243421,1.52252893,0.00505809,-0.07781175,1,0,1,1,0
899,187083,0.07231685,0.54027433,-0.91880548,1.48426681,0.01568382,-0.05820412,1,0,1,1,0
900,187291,0.07333925,0.59194768,-0.91500204,1.39366968,0.02630580,-0.08318073,1,0,1,1,0
901,187500,0.06038043,0.64025804,-0.89013788,1.30799619,0.03255669,-0.08405308,1,0,1,1,0
902,187708,0.04996087,0.67338179,-0.87409479,1.24649823,0.02237281,-0.08137990,1,0,1,1,0
903,187916,0.02995196,0.70865822,-0.86586488,1.15297712,0.01158778,-0.09759411,1,0,1,1,0
904,188125,0.02098123,0.74980771,-0.83672751,1.05467941,0.03467576,-0.08221872,1,0,1,1,0
905,188333,0.00703575,0.78328328,-0.81876422,0.94556897,0.04457196,-0.07526340,1,0,1,1,0
906,188541,-0.00860725,0.81940771,-0.78450186,0.84611950,0.05988018,-0.09933652,1,0,1,1,0
907,188750,-0.01504697,0.84688920,-0.74988231,0.73265162,0.05104212,-0.09074065,1,0,1,1,0
908,188958,-0.03029052,0.86268061,-0.70734325,0.62545036,0.06586544,-0.07593946,1,0,1,1,0
909,189166,-0.04172879,0.87520196,-0.67004914,0.51410035,0.05969541,-0.08134857,1,0,1,1,0
910,189375,-0.05487427,0.89849251,-0.62273221,0.40785181,0.05643372,-0.06964402,1,0,1,1,0
911,189583,-0.07367843,0.91419377,-0.58094325,0.27583043,0.05517219,-0.08960704,1,0,1,1,0
912,189791,-0.08675855,0.90577133,-0.53454018,0.15993681,0.07763083,-0.07267823,1,0,1,1,0
913,190000,-0.09453276,0.92461683,-0.47941812,0.01213359,0.06171015,-0.07693793,1,0,1,1,0
914,190208,-0.10695919,0.92197144,-0.42982016,-0.06641077,0.09536432,-0.03873344,1,0,1,1,0
915,190416,-0.12918066,0.91024573,-0.37136388,-0.20240469,0.07883177,-0.07138457,1,0,1,1,0
916,190625,-0.12409491,0.90024998,-0.32193670,-0.31981263,0.08990699,-0.07104956,1,0,1,1,0
917,190833,-0.13495805,0.90258359,-0.25598887,-0.41727826,0.06073836,-0.07051955,1,0,1,1,0
918,191041,-0.14535519,0.88338161,-0.20655890,-0.53870888,0.08179708,-0.06604512,1,0,1,1,0
919,191250,-0.15271335,0.86447578,-0.14185766,-0.66606963,0.08441274,-0.04333041,1,0,1,1,0
920,191458,-0.16328565,0.83976162,-0.07444708,-0.76896632,0.08023932,-0.04067545,1,0,1,1,0
921,191666,-0.17084526,0.80951099,-0.01395296,-0.87109165,0.08344846,-0.04436117,1,0,1,1,0
922,191875,-0.17795140,0.77509640,0.03883097,-0.95579713,0.07456642,-0.03170659,1,0,1,1,0
923,192083,-0.18922878,0.74557586,0.09727993,-1.07888821,0.08522509,-0.03375205,1,0,1,1,0
924,192291,-0.19207950,0.70151058,0.14919132,-1.15871007,0.08657225,-0.04032427,1,0,1,1,0
925,192500,-0.18342288,0.66194694,0.21182862,-1.24067826,0.09421834,-0.02385905,1,0,1,1,0
926,192708,-0.19892371,0.62564242,0.27453431,-1.34171369,0.10198091,-0.03777188,1,0,1,1,0
927,192916,-0.19631844,0.57036954,0.32990283,-1.42913146,0.08216608,-0.01783973,1,0,1,1,0
928,193125,-0.19813071,0.52691232,0.38571128,-1.50947750,0.07967598,-0.00584700,1,0,1,1,0
929,193333,-0.19662315,0.48298179,0.44015076,-1.53669096,0.07286723,0.00064966,1,0,1,1,0
930,193541,-0.20112061,0.42563805,0.49109969,-1.61302375,0.07470008,0.01181191,1,0,1,1,0
931,193750,-0.19118374,0.37498449,0.53246709,-1.66470128,0.06586896,0.01117241,1,0,1,1,0
932,193958,-0.19466580,0.31928527,0.58991391,-1.70173549,0.06816580,0.00120999,1,0,1,1,0
933,194166,-0.19700271,0.26713685,0.63254025,-1.73276791,0.07201586,0.01559588,1,0,1,1,0
934,194375,-0.18484585,0.20359809,0.67503512,-1.77678124,0.05178665,0.03399886,1,0,1,1,0
935,194583,-0.18314594,0.13961963,0.71050920,-1.81010545,0.05486612,0.02492075,1,0,1,1,0
936,194791,-0.17851302,0.08097316,0.75761698,-1.83431545,0.04409188,0.02422372,1,0,1,1,0
937,195000,-0.17901340,0.01831684,0.77549820,-1.79895229,0.04488818,0.02927111,1,0,1,1,0
938,195208,-0.17379286,-0.03635386,0.80783425,-1.81609326,0.03050688,0.06559244,1,0,1,1,0
939,195416,-0.16697617,-0.10485452,0.83722663,-1.79890417,0.04426628,0.06029247,1,0,1,1,0
940,195625,-0.15768895,-0.14631866,0.86227779,-1.80486489,0.04423798,0.05920689,1,0,1,1,0
941,195833,-0.14522447,-0.20755021,0.88329436,-1.75264982,0.01780676,0.07051593,1,0,1,1,0
942,196041,-0.13088850,-0.26697823,0.90571133,-1.74178112,0.03936489,0.08024557,1,0,1,1,0
943,196250,-0.12609087,-0.33189742,0.90802748,-1.69732035,0.01362007,0.07217487,1,0,1,1,0
944,196458,-0.11766647,-0.38602488,0.90970266,-1.64726221,0.00180446,0.05012737,1,0,1,1,0
945,196666,-0.10808416,-0.43368030,0.92766071,-1.61557566,-0.00690799,0.07881741,1,0,1,1,0
946,196875,-0.09193549,-0.49148376,0.91678722,-1.53816821,-0.00432915,0.08209467,1,0,1,1,0
947,197083,-0.08225158,-0.54761657,0.91022836,-1.47812435,-0.01551756,0.07849565,1,0,1,1,0
948,197291,-0.06860051,-0.59188025,0.90954810,-1.39422633,-0.03336632,0.08923995,1,0,1,1,0
949,197500,-0.05889067,-0.63415454,0.89787025,-1.31917555,-0.02178804,0.07827011,1,0,1,1,0
950,197708,-0.05160846,-0.67187890,0.87654751,-1.22855634,-0.02240761,0.09110713,1,0,1,1,0
951,197916,-0.02426823,-0.72411057,0.86069785,-1.13477781,-0.01846988,0.08350543,1,0,1,1,0
952,198125,-0.01430662,-0.74932033,0.84218915,-1.05133780,-0.02264856,0.09056206,1,0,1,1,0
953,198333,-0.01135348,-0.77939550,0.80392856,-0.93494608,-0.04795343,0.09388678,1,0,1,1,0
954,198541,0.01000510,-0.81771814,0.77632475,-0.86183081,-0.04222043,0.06550909,1,0,1,1,0
955,198750,0.03583650,-0.84231253,0.74257184,-0.74442320,-0.04149998,0.09042257,1,0,1,1,0
956,198958,0.03739816,-0.85950639,0.70940881,-0.62825943,-0.04755565,0.06740625,1,0,1,1,0
957,199166,0.04574168,-0.89115251,0.66662172,-0.52225072,-0.04923085,0.07931801,1,0,1,1,0
958,199375,0.05783325,-0.90013322,0.62508357,-0.41047035,-0.06161261,0.09291871,1,0,1,1,0
959,199583,0.06782305,-0.91187651,0.57633576,-0.27624845,-0.06629354,0.07935589,1,0,1,1,0
960,199791,0.09017917,-0.92743829,0.53735040,-0.17297230,-0.07494164,0.06521078,1,0,1,1,0
961,200000,0.09671873,-0.92186153,0.47432620,-0.05852368,-0.06952204,0.06546956,1,0,1,1,0
962,200208,0.10986942,-0.91867782,0.42952844,0.06833562,-0.07149892,0.07408546,1,0,1,1,0
963,200416,0.11146292,-0.91060149,0.36872739,0.18430474,-0.07737130,0.05175934,1,0,1,1,0
964,200625,0.12797201,-0.90236883,0.31791743,0.30558028,-0.08173077,0.06704148,1,0,1,1,0
965,200833,0.13575317,-0.88743590,0.26027093,0.42982600,-0.08221042,0.06662797,1,0,1,1,0
966,201041,0.14446331,-0.88195001,0.20604962,0.53200864,-0.06432052,0.07606762,1,0,1,1,0
967,201250,0.15610245,-0.86139750,0.15015825,0.64607258,-0.07190334,0.06047431,1,0,1,1,0
968,201458,0.16137897,-0.83247716,0.07698581,0.78733291,-0.07711611,0.05285173,1,0,1,1,0
969,201666,0.16442181,-0.81320034,0.02167103,0.88131712,-0.07267232,0.03997980,1,0,1,1,0
970,201875,0.17755943,-0.77434976,-0.04073900,0.97986643,-0.09032141,0.03857843,1,0,1,1,0
971,202083,0.18668210,-0.74981556,-0.09424768,1.06233651,-0.07421236,0.03007335,1,0,1,1,0
972,202291,0.18748788,-0.71121715,-0.15562165,1.15010432,-0.07211379,0.04092037,1,0,1,1,0
973,202500,0.18824641,-0.66852944,-0.21861357,1.24800751,-0.06659986,0.03301656,1,0,1,1,0
974,202708,0.19142965,-0.62165019,-0.27218310,1.34510386,-0.06535104,0.00920399,1,0,1,1,0
975,202916,0.19426373,-0.57222468,-0.34018229,1.42307271,-0.10018312,0.01962968,1,0,1,1,0
976,203125,0.20243729,-0.52920954,-0.38860291,1.48446317,-0.09510527,-0.00025109,1,0,1,1,0
977,203333,0.20177052,-0.47613075,-0.43457857,1.55166649,-0.05327644,0.01440630,1,0,1,1,0
978,203541,0.19525512,-0.42223846,-0.49867192,1.61550469,-0.06575421,-0.00363844,1,0,1,1,0
979,203750,0.20154221,-0.36640144,-0.54629024,1.66127672,-0.06638942,-0.02183011,1,0,1,1,0
980,203958,0.19582753,-0.30991127,-0.58941059,1.70430531,-0.07601729,-0.01696300,1,0,1,1,0
981,204166,0.18549654,-0.26126645,-0.63469129,1.74365133,-0.06732396,-0.00684328,1,0,1,1,0
982,204375,0.19152433,-0.20768987,-0.67004983,1.78741009,-0.06591028,-0.01226038,1,0,1,1,0
983,204583,0.19548014,-0.14180917,-0.71026621,1.79856452,-0.06579827,-0.02520407,1,0,1,1,0
984,204791,0.18823450,-0.08080229,-0.74094070,1.80933205,-0.03766138,-0.04643775,1,0,1,1,0
985,205000,0.17885670,-0.03136065,-0.78651248,1.82216750,-0.02127196,-0.05661735,1,0,1,1,0
986,205208,0.16884037,0.03253313,-0.81499063,1.80368927,-0.03791739,-0.04048311,1,0,1,1,0
987,205416,0.15876136,0.09624876,-0.83984313,1.79727730,-0.01915258,-0.05725446,1,0,1,1,0
988,205625,0.15703584,0.15689763,-0.86349115,1.79216367,-0.01843757,-0.06364954,1,0,1,1,0
989,205833,0.13529234,0.21361710,-0.88265466,1.78257356,-0.03941797,-0.07277241,1,0,1,1,0
990,206041,0.13959972,0.27751899,-0.90101809,1.73700092,-0.03164941,-0.06099889,1,0,1,1,0
991,206250,0.12725234,0.33231624,-0.90291862,1.70224260,-0.01677683,-0.07590554,1,0,1,1,0
992,206458,0.11397442,0.38233777,-0.90975795,1.64805507,-0.02501573,-0.06346687,1,0,1,1,0
993,206666,0.11148861,0.43551918,-0.92009709,1.57284131,-0.00204941,-0.07830049,1,0,1,1,0
994,206875,0.09505020,0.48496247,-0.91980269,1.52362563,0.01671004,-0.04256601,1,0,1,1,0
995,207083,0.08516332,0.54161691,-0.90742472,1.47608262,0.01130316,-0.06431076,1,0,1,1,0
996,207291,0.06457893,0.59159698,-0.91522442,1.40564053,0.02623032,-0.06514090,1,0,1,1,0
997,207500,0.04737305,0.63417137,-0.89764114,1.32541933,0.00972386,-0.05988416,1,0,1,1,0
998,207708,0.04497248,0.67815336,-0.88539529,1.22464502,0.02004582,-0.09061071,1,0,1,1,0
999,207916,0.02499645,0.72907898,-0.85314848,1.13347997,0.03286523,-0.07869315,1,0,1,1,0
1000,208125,0.01877344,0.75670554,-0.83761671,1.04267187,0.03275381,-0.07736745,1,0,1,1,0
1001,208333,0.00761413,0.78310560,-0.80903502,0.95053836,0.03770987,-0.09100159,1,0,1,1,0
1002,208541,-0.00543543,0.81452327,-0.77974754,0.83942140,0.05090849,-0.08164416,1,0,1,1,0
1003,208750,-0.02982610,0.84530437,-0.74857527,0.73785735,0.04126766,-0.07377482,1,0,1,1,0
1004,208958,-0.03729325,0.86222331,-0.70963653,0.64209263,0.05891744,-0.10784945,1,0,1,1,0
1005,209166,-0.05190429,0.88051065,-0.66608036,0.49866277,0.06449147,-0.08270608,1,0,1,1,0
1006,209375,-0.05621693,0.89980055,-0.64007011,0.40066416,0.05715512,-0.07738018,1,0,1,1,0
1007,209583,-0.08157159,0.91304819,-0.58091818,0.28663525,0.06581681,-0.07351534,1,0,1,1,0
1008,209791,-0.08736157,0.92476200,-0.52504067,0.19205877,0.08195284,-0.08529157,1,0,1,1,0
1009,210000,-0.09840150,0.91346107,-0.47839865,0.05960836,0.07841616,-0.07252702,1,0,1,1,0
1010,210208,-0.10398147,0.92634990,-0.43189798,-0.07223137,0.07556721,-0.08106357,1,0,1,1,0
1011,210416,-0.12098962,0.91460289,-0.37590641,-0.19811990,0.07103087,-0.06859329,1,0,1,1,0
1012,210625,-0.12229724,0.89378200,-0.31066371,-0.29819407,0.07975654,-0.07516441,1,0,1,1,0
1013,210833,-0.14299107,0.89036602,-0.24608037,-0.43022991,0.09074471,-0.05973526,1,0,1,1,0
1014,211041,-0.14321676,0.86990584,-0.21417134,-0.54147836,0.09609666,-0.07367300,1,0,1,1,0
1015,211250,-0.15077784,0.85783179,-0.14621608,-0.65565709,0.08342152,-0.05921852,1,0,1,1,0
1016,211458,-0.16416539,0.82879643,-0.08546278,-0.76760927,0.08150035,-0.03480569,1,0,1,1,0
1017,211666,-0.17463426,0.80665284,-0.02492430,-0.85871138,0.06118553,-0.03696053,1,0,1,1,0
1018,211875,-0.17945467,0.77503033,0.03221042,-0.97981058,0.07798991,-0.04811135,1,0,1,1,0
1019,212083,-0.19061828,0.74385285,0.09682037,-1.08046305,0.07118875,-0.02272132,1,0,1,1,0
1020,212291,-0.18423690,0.69818368,0.16130263,-1.15752271,0.10487868,-0.02271184,1,0,1,1,0
1021,212500,-0.18956482,0.64943510,0.21593179,-1.25946780,0.07993075,-0.01737725,1,0,1,1,0
1022,212708,-0.20123771,0.62573271,0.27267059,-1.33174185,0.08254934,-0.02357769,1,0,1,1,0
1023,212916,-0.20010782,0.57569759,0.33218008,-1.42795370,0.06241345,-0.02718391,1,0,1,1,0
1024,213125,-0.19078665,0.52972182,0.38016394,-1.49057119,0.08934026,0.00329159,1,0,1,1,0
1025,213333,-0.20010102,0.47377850,0.43654980,-1.55171742,0.07269496,-0.00593447,1,0,1,1,0
1026,213541,-0.20221745,0.43095412,0.48873576,-1.63737353,0.06624190,0.01557682,1,0,1,1,0
1027,213750,-0.20108615,0.37155175,0.54258337,-1.66661163,0.06097155,0.00684062,1,0,1,1,0
1028,213958,-0.19824109,0.31282627,0.58849049,-1.69121438,0.06957667,0.00505319,1,0,1,1,0
1029,214166,-0.19488049,0.25154878,0.62991011,-1.74107716,0.05306246,0.00171267,1,0,1,1,0
1030,214375,-0.18089157,0.20600709,0.66690966,-1.78447878,0.05177922,0.02164949,1,0,1,1,0
1031,214583,-0.18552976,0.12958925,0.71642295,-1.80090054,0.04066722,0.02105269,1,0,1,1,0
1032,214791,-0.17472399,0.08784324,0.75253224,-1.82225048,0.02864892,0.04426778,1,0,1,1,0
1033,215000,-0.17663797,0.02368277,0.78422769,-1.82341251,0.03021894,0.03302026,1,0,1,1,0
1034,215208,-0.16851476,-0.03107268,0.81471204,-1.80073431,0.03507884,0.04113570,1,0,1,1,0
1035,215416,-0.15551649,-0.09819991,0.84509534,-1.82427187,0.02699308,0.05446221,1,0,1,1,0
1036,215625,-0.15736306,-0.14490833,0.86907145,-1.79405090,0.03632032,0.05548862,1,0,1,1,0
1037,215833,-0.14902613,-0.21683501,0.88417825,-1.76222465,0.02587439,0.05758198,1,0,1,1,0
1038,216041,-0.14169094,-0.26273166,0.89431220,-1.73563486,0.00427001,0.06686221,1,0,1,1,0
1039,216250,-0.11924454,-0.32193109,0.90325348,-1.72173801,0.01792527,0.06489524,1,0,1,1,0
1040,216458,-0.11114842,-0.38191425,0.89764269,-1.64460979,0.01260969,0.07011047,1,0,1,1,0
1041,216666,-0.10681544,-0.44559644,0.91550600,-1.60254912,0.00594259,0.06712775,1,0,1,1,0
1042,216875,-0.09770051,-0.48797505,0.92590548,-1.52921664,0.01502332,0.07855524,1,0,1,1,0
1043,217083,-0.08065594,-0.54341926,0.92411118,-1.48400853,-0.00558823,0.09116367,1,0,1,1,0
1044,217291,-0.07402612,-0.58834811,0.91438236,-1.39089386,-0.01879500,0.07954968,1,0,1,1,0
1045,217500,-0.05282773,-0.64015991,0.89518053,-1.31476751,0.00472960,0.09165440,1,0,1,1,0
1046,217708,-0.04571206,-0.68277260,0.87328261,-1.25591809,-0.02752416,0.07523441,1,0,1,1,0
1047,217916,-0.03110544,-0.71651939,0.85372195,-1.14665940,-0.04032954,0.08653051,1,0,1,1,0
1048,218125,-0.01793995,-0.74404601,0.83598027,-1.06533039,-0.02971414,0.07065603,1,0,1,1,0
1049,218333,-0.00282258,-0.78418176,0.80892307,-0.93731220,-0.02350217,0.08414871,1,0,1,1,0
1050,218541,0.00908320,-0.82041445,0.77467360,-0.84273492,-0.05356384,0.08994296,1,0,1,1,0
1051,218750,0.01421709,-0.84040593,0.73544140,-0.73792251,-0.04764214,0.08598223,1,0,1,1,0
1052,218958,0.03052292,-0.86150704,0.70402980,-0.63252542,-0.05240499,0.08191431,1,0,1,1,0
1053,219166,0.04634121,-0.87464514,0.66945846,-0.51067748,-0.07120532,0.07172126,1,0,1,1,0
1054,219375,0.05711016,-0.90520773,0.62774784,-0.40067217,-0.06949310,0.06176309,1,0,1,1,0
1055,219583,0.07126224,-0.91448621,0.58321253,-0.28667879,-0.05839403,0.08220617,1,0,1,1,0
1056,219791,0.08324973,-0.91746500,0.53795992,-0.17000931,-0.08203120,0.08430479,1,0,1,1,0
1057,220000,0.09175873,-0.91817560,0.49201376,-0.05182760,-0.07837777,0.06033201,1,0,1,1,0
1058,220208,0.10873360,-0.92354376,0.42832121,0.05746684,-0.05828217,0.07591057,1,0,1,1,0
1059,220416,0.12006599,-0.92122058,0.37225040,0.19681237,-0.05160564,0.07467290,1,0,1,1,0
1060,220625,0.13486661,-0.89486984,0.31783620,0.30861223,-0.09081813,0.07726329,1,0,1,1,0
1061,220833,0.13572605,-0.88957855,0.25827427,0.43932136,-0.09502005,0.07253791,1,0,1,1,0
1062,221041,0.15039162,-0.87305668,0.20639962,0.55423347,-0.09483963,0.06044092,1,0,1,1,0
1063,221250,0.16147825,-0.86033684,0.13373567,0.65957124,-0.07368266,0.06113429,1,0,1,1,0
1064,221458,0.16623044,-0.83076319,0.09121649,0.75847380,-0.09313034,0.04676400,1,0,1,1,0
1065,221666,0.17365531,-0.80168578,0.01905967,0.86505189,-0.08336254,0.04003821,1,0,1,1,0
1066,221875,0.18173128,-0.77212244,-0.04152712,0.97251181,-0.08732479,0.04524677,1,0,1,1,0
1067,222083,0.18046065,-0.73993299,-0.10177717,1.09435493,-0.08690997,0.04453488,1,0,1,1,0
1068,222291,0.18606910,-0.69286998,-0.15234408,1.16309395,-0.07642674,0.02864414,1,0,1,1,0
1069,222500,0.18921673,-0.67099536,-0.21621759,1.25061790,-0.08523858,0.03642597,1,0,1,1,0
1070,222708,0.20236965,-0.62967077,-0.27362631,1.34061873,-0.08383892,-0.00789267,1,0,1,1,0
1071,222916,0.20206295,-0.56854260,-0.33365691,1.41664020,-0.07602291,0.00596265,1,0,1,1,0
1072,223125,0.19490539,-0.52742758,-0.39287515,1.48161284,-0.06639251,0.00516617,1,0,1,1,0
1073,223333,0.19155433,-0.47995942,-0.44701485,1.56261102,-0.08887110,0.01207668,1,0,1,1,0
1074,223541,0.19560853,-0.42456594,-0.49006984,1.60987078,-0.06307031,0.00733699,1,0,1,1,0
1075,223750,0.20311658,-0.37779329,-0.54602875,1.66596163,-0.08123144,-0.01469963,1,0,1,1,0
1076,223958,0.19666560,-0.31053451,-0.58847195,1.72140146,-0.06604803,0.00879127,1,0,1,1,0
1077,224166,0.18753694,-0.26018264,-0.62834260,1.74480586,-0.06567821,-0.01689308,1,0,1,1,0
1078,224375,0.18794945,-0.20663814,-0.66800732,1.78663834,-0.04949885,-0.03878105,1,0,1,1,0
1079,224583,0.18750144,-0.14757499,-0.70806273,1.80164128,-0.05722388,-0.05381140,1,0,1,1,0
1080,224791,0.17905787,-0.08817661,-0.75853731,1.80511084,-0.05860595,-0.01310935,1,0,1,1,0
1081,225000,0.18157714,-0.02175416,-0.78452672,1.83230645,-0.04704445,-0.01959468,1,0,1,1,0
1082,225208,0.17836222,0.03529677,-0.80535995,1.83869104,-0.03363774,-0.03816822,1,0,1,1,0
1083,225416,0.16554098,0.09253892,-0.83170959,1.81879829,-0.02181084,-0.04300768,1,0,1,1,0
1084,225625,0.14843931,0.16018075,-0.85502845,1.79193038,-0.02865574,-0.06851117,1,0,1,1,0
1085,225833,0.14514809,0.21074410,-0.87346745,1.78451003,-0.02177162,-0.05897894,1,0,1,1,0
1086,226041,0.13190355,0.27259030,-0.89286885,1.74191974,-0.02043317,-0.06529527,1,0,1,1,0
1087,226250,0.12172463,0.32833948,-0.90689016,1.70008599,-0.01413260,-0.04745912,1,0,1,1,0
1088,226458,0.11414852,0.38873964,-0.91380028,1.64748489,-0.01011761,-0.06776703,1,0,1,1,0
1089,226666,0.09847170,0.44475872,-0.92095120,1.60109942,0.01362185,-0.09324308,1,0,1,1,0
1090,226875,0.08720594,0.48551577,-0.91484415,1.51887260,0.00721809,-0.08973743,1,0,1,1,0
1091,227083,0.07585321,0.53060868,-0.92328914,1.47327242,0.01209886,-0.07985102,1,0,1,1,0
1092,227291,0.06593156,0.58735283,-0.91095920,1.41514508,0.03298130,-0.09102094,1,0,1,1,0
1093,227500,0.06031729,0.63890170,-0.89693343,1.32742568,0.00771854,-0.08230418,1,0,1,1,0
1094,227708,0.03963979,0.67291066,-0.87941105,1.22411323,0.00464488,-0.07689127,1,0,1,1,0
1095,227916,0.02939902,0.71896521,-0.85940442,1.15469439,0.01088125,-0.08793417,1,0,1,1,0
1096,228125,0.01118312,0.75120889,-0.83228675,1.05489973,0.02985438,-0.06521979,1,0,1,1,0
1097,228333,0.01306976,0.78619514,-0.80767181,0.97022260,0.03997205,-0.10505690,1,0,1,1,0
1098,228541,-0.00827606,0.81279948,-0.78666002,0.84603849,0.03691352,-0.08992968,1,0,1,1,0
1099,228750,-0.02616484,0.83934230,-0.74186140,0.75538339,0.04225711,-0.06234657,1,0,1,1,0
1100,228958,-0.03398293,0.86435447,-0.72325029,0.63704218,0.03352785,-0.07267947,1,0,1,1,0
1101,229166,-0.04859204,0.88484495,-0.67675059,0.51154245,0.06259600,-0.08437124,1,0,1,1,0
1102,229375,-0.05535886,0.90308313,-0.62410371,0.41867445,0.06013145,-0.08918537,1,0,1,1,0
1103,229583,-0.06889314,0.91068533,-0.57827711,0.28447086,0.08361643,-0.06616802,1,0,1,1,0
1104,229791,-0.09495977,0.90782027,-0.52281119,0.17333301,0.05171730,-0.07860346,1,0,1,1,0
1105,230000,-0.10173601,0.92247752,-0.47316146,0.05158522,0.06757670,-0.06188638,1,0,1,1,0
1106,230208,-0.10370017,0.92628973,-0.42668747,-0.06718651,0.08086108,-0.06830773,1,0,1,1,0
1107,230416,-0.13178733,0.91759408,-0.36645486,-0.20249900,0.07356319,-0.05494857,1,0,1,1,0
1108,230625,-0.12914248,0.89827603,-0.32347477,-0.29970370,0.07716653,-0.06371885,1,0,1,1,0
1109,230833,-0.14440583,0.88909979,-0.25817184,-0.43563799,0.07449741,-0.06370536,1,0,1,1,0
1110,231041,-0.13247852,0.88753543,-0.20200065,-0.53022579,0.08577738,-0.06594180,1,0,1,1,0
1111,231250,-0.14967562,0.86014573,-0.13976199,-0.63776483,0.09515996,-0.05657148,1,0,1,1,0
1112,231458,-0.16183702,0.83496364,-0.08616738,-0.75013124,0.08707534,-0.05931487,1,0,1,1,0
1113,231666,-0.16542138,0.81072146,-0.02964880,-0.87299963,0.06322444,-0.02271742,1,0,1,1,0
1114,231875,-0.17562354,0.77461724,0.03973721,-0.98616658,0.07811571,-0.03499165,1,0,1,1,0
1115,232083,-0.17813961,0.74687109,0.09446892,-1.05583697,0.07048489,-0.04079538,1,0,1,1,0
1116,232291,-0.19195918,0.70785445,0.15586597,-1.16563081,0.07726755,-0.02412551,1,0,1,1,0
1117,232500,-0.18133684,0.65993674,0.21569787,-1.24547697,0.06688918,-0.01164448,1,0,1,1,0
1118,232708,-0.19630476,0.61756722,0.27497387,-1.32019933,0.07595263,-0.01985922,1,0,1,1,0
1119,232916,-0.20033683,0.58300194,0.32854168,-1.42444209,0.08133261,-0.01247004,1,0,1,1,0
1120,233125,-0.19490621,0.52889984,0.38009299,-1.49276791,0.08615283,-0.01663712,1,0,1,1,0
1121,233333,-0.20067039,0.48203812,0.43495152,-1.57750076,0.06650429,0.01817145,1,0,1,1,0
1122,233541,-0.19349394,0.43289873,0.49376025,-1.62554319,0.08701864,0.00449462,1,0,1,1,0
1123,233750,-0.19077539,0.38053090,0.55013260,-1.67748485,0.07613343,0.01681734,1,0,1,1,0
1124,233958,-0.19086768,0.31957752,0.59190216,-1.70883436,0.06673703,0.01994284,1,0,1,1,0
1125,234166,-0.20015202,0.26012117,0.62804804,-1.73967984,0.06694009,0.02103204,1,0,1,1,0
1126,234375,-0.19920909,0.19966012,0.67026714,-1.76899669,0.06788908,0.01809279,1,0,1,1,0
1127,234583,-0.19140433,0.14564859,0.71371922,-1.81181367,0.05063402,0.02926088,1,0,1,1,0
1128,234791,-0.17617581,0.09319269,0.74359573,-1.81047939,0.07242524,0.05863993,1,0,1,1,0
1129,235000,-0.17791132,0.03440775,0.77642791,-1.83213161,0.04976608,0.03886401,1,0,1,1,0
1130,235208,-0.16328663,-0.03101718,0.81598939,-1.79623619,0.05128450,0.04853220,1,0,1,1,0
1131,235416,-0.15825705,-0.09989561,0.84420849,-1.79266901,0.04159717,0.06132533,1,0,1,1,0
1132,235625,-0.15016817,-0.15201754,0.85739288,-1.78638535,0.03014245,0.05299735,1,0,1,1,0
1133,235833,-0.14247004,-0.21033867,0.88452313,-1.76870719,0.02165844,0.06737153,1,0,1,1,0
1134,236041,-0.13773880,-0.26418919,0.90011689,-1.73809124,0.02755621,0.05602541,1,0,1,1,0
1135,236250,-0.12180906,-0.33161031,0.91062183,-1.69137518,0.02512886,0.07056792,1,0,1,1,0
1136,236458,-0.11962090,-0.38309658,0.92230870,-1.64823831,0.01446086,0.06105473,1,0,1,1,0
1137,236666,-0.10957096,-0.43364821,0.91466987,-1.62377202,0.00006410,0.07981838,1,0,1,1,0
1138,236875,-0.08454652,-0.48363210,0.91849756,-1.54302147,-0.00834260,0.07873096,1,0,1,1,0
1139,237083,-0.09108549,-0.54722979,0.91456898,-1.47487826,-0.01145706,0.08085584,1,0,1,1,0
1140,237291,-0.07070388,-0.59129293,0.90251518,-1.38193609,-0.01455176,0.07258548,1,0,1,1,0
1141,237500,-0.06399114,-0.63563897,0.89522033,-1.30934696,-0.00589398,0.07168484,1,0,1,1,0
1142,237708,-0.04469246,-0.68676789,0.88764162,-1.23278851,-0.01981404,0.07635476,1,0,1,1,0
1143,237916,-0.02810385,-0.71470338,0.85419987,-1.14408158,-0.02111656,0.08746811,1,0,1,1,0
1144,238125,-0.01589281,-0.74905421,0.83493507,-1.04737416,-0.03838611,0.08868780,1,0,1,1,0
1145,238333,-0.01177722,-0.78298582,0.80623593,-0.95188642,-0.05061975,0.08357762,1,0,1,1,0
1146,238541,0.00566606,-0.82097705,0.77467874,-0.84643100,-0.04285946,0.07085920,1,0,1,1,0
1147,238750,0.02869120,-0.84223498,0.74068602,-0.72741811,-0.05600297,0.08619501,1,0,1,1,0
1148,238958,0.03876826,-0.85397921,0.71437734,-0.64307486,-0.04163825,0.06682895,1,0,1,1,0
1149,239166,0.04807583,-0.88189393,0.66384238,-0.51885457,-0.05869488,0.10215818,1,0,1,1,0
1150,239375,0.06777736,-0.88762597,0.62849218,-0.38860588,-0.03158651,0.06168919,1,0,1,1,0
1151,239583,0.06718953,-0.91085157,0.59305192,-0.28768520,-0.06926682,0.07642534,1,0,1,1,0
1152,239791,0.09270634,-0.92291076,0.53010421,-0.18767037,-0.05978711,0.08837666,1,0,1,1,0
1153,240000,0.09572563,-0.91747058,0.47650278,-0.03832607,-0.06834472,0.07962808,1,0,1,1,0
1154,240208,0.10062934,-0.91690238,0.43428553,0.08348161,-0.07708971,0.08205596,1,0,1,1,0
1155,240416,0.12482246,-0.91468973,0.38305352,0.18030886,-0.07235714,0.06986078,1,0,1,1,0
1156,240625,0.12652196,-0.91211117,0.32630276,0.29481902,-0.08684521,0.05696972,1,0,1,1,0
1157,240833,0.14195742,-0.88832630,0.26190452,0.42909634,-0.09501526,0.09023742,1,0,1,1,0
1158,241041,0.15237581,-0.87724207,0.20038812,0.54641273,-0.06932485,0.05760309,1,0,1,1,0
1159,241250,0.15356082,-0.85919094,0.14532923,0.65281915,-0.07891386,0.05016786,1,0,1,1,0
1160,241458,0.15788376,-0.83807303,0.08211593,0.74755567,-0.06564880,0.04042954,1,0,1,1,0
1161,241666,0.16901398,-0.80418586,0.02457995,0.86593359,-0.08063678,0.05224321,1,0,1,1,0
1162,241875,0.17061027,-0.77863511,-0.02929509,0.98724571,-0.08488428,0.04910886,1,0,1,1,0
1163,242083,0.17566343,-0.74737377,-0.10098303,1.07563098,-0.07454649,0.03367424,1,0,1,1,0
1164,242291,0.18725052,-0.70649119,-0.15419291,1.16030672,-0.09440268,0.02805813,1,0,1,1,0
1165,242500,0.20556865,-0.66090924,-0.22407949,1.24367874,-0.09451725,0.03999408,1,0,1,1,0
1166,242708,0.19493177,-0.62284798,-0.27405673,1.33542089,-0.09115708,0.02550904,1,0,1,1,0
1167,242916,0.19942830,-0.57787480,-0.33294484,1.42223331,-0.07980270,0.00235038,1,0,1,1,0
1168,243125,0.18628393,-0.53121395,-0.38985448,1.47074420,-0.08075284,0.00440304,1,0,1,1,0
1169,243333,0.20110769,-0.47048850,-0.43944536,1.54446094,-0.06378349,0.00816790,1,0,1,1,0
1170,243541,0.19165763,-0.42698428,-0.49949883,1.62452849,-0.08560637,-0.00305038,1,0,1,1,0
1171,243750,0.20498159,-0.37478700,-0.53850300,1.67956932,-0.04775952,-0.01363710,1,0,1,1,0
1172,243958,0.19269442,-0.31398278,-0.59050500,1.71506437,-0.07276702,-0.01549207,1,0,1,1,0
1173,244166,0.19812000,-0.26350342,-0.62835675,1.74599614,-0.05851130,-0.03549395,1,0,1,1,0
1174,244375,0.20172407,-0.20939487,-0.67486033,1.79295147,-0.06962938,-0.02203413,1,0,1,1,0
1175,244583,0.17654106,-0.14926892,-0.70864473,1.79572860,-0.04038223,-0.01886249,1,0,1,1,0
1176,244791,0.17545726,-0.08166985,-0.75655297,1.82960372,-0.04122361,-0.01072168,1,0,1,1,0
1177,245000,0.17230808,-0.02595280,-0.78282410,1.81895067,-0.05796188,-0.04595248,1,0,1,1,0
1178,245208,0.16838575,0.03331629,-0.81669617,1.80682081,-0.03343556,-0.05668572,1,0,1,1,0
1179,245416,0.15102723,0.09366202,-0.83343296,1.82503902,-0.03506573,-0.05369324,1,0,1,1,0
1180,245625,0.15414759,0.15220334,-0.86272697,1.80831174,-0.03243672,-0.05864614,1,0,1,1,0
1181,245833,0.13835840,0.21976043,-0.88324114,1.76875621,-0.00041172,-0.04900822,1,0,1,1,0
1182,246041,0.14153430,0.27898408,-0.89826671,1.74021488,0.00250351,-0.05587261,1,0,1,1,0
1183,246250,0.12223900,0.32844011,-0.90816926,1.69170999,0.00295558,-0.08960993,1,0,1,1,0
1184,246458,0.12267458,0.38518119,-0.92627144,1.67432288,-0.00336125,-0.08005961,1,0,1,1,0
1185,246666,0.10780986,0.43262849,-0.92220819,1.60414234,-0.00600284,-0.07883062,1,0,1,1,0
1186,246875,0.08963763,0.48982453,-0.92216841,1.52945087,-0.00151003,-0.05591898,1,0,1,1,0
1187,247083,0.07893813,0.54295231,-0.91539105,1.47355345,0.02305439,-0.08552970,1,0,1,1,0
1188,247291,0.07276002,0.58513034,-0.91017374,1.41033514,0.01331875,-0.09765671,1,0,1,1,0
1189,247500,0.06015832,0.62989615,-0.89395002,1.31439686,0.01872758,-0.06882447,1,0,1,1,0
1190,247708,0.03736542,0.66694503,-0.86856904,1.22429405,0.01623478,-0.09318569,1,0,1,1,0
1191,247916,0.02653348,0.71887150,-0.86609423,1.14342903,0.03088571,-0.05973048,1,0,1,1,0
1192,248125,0.01337914,0.75032440,-0.83723829,1.04797702,0.03663785,-0.07676014,1,0,1,1,0
1193,248333,0.00219779,0.79211254,-0.81319798,0.95256894,0.04763139,-0.07541863,1,0,1,1,0
1194,248541,-0.00850810,0.81792570,-0.77959346,0.84417212,0.04050551,-0.09674424,1,0,1,1,0
1195,248750,-0.02081414,0.84425595,-0.74608327,0.73500724,0.04367209,-0.06992444,1,0,1,1,0
1196,248958,-0.04461394,0.86271702,-0.70377798,0.61558457,0.06651203,-0.08949072,1,0,1,1,0
1197,249166,-0.04847656,0.88433282,-0.67278276,0.52182221,0.03962460,-0.07750575,1,0,1,1,0
1198,249375,-0.06176276,0.90251591,-0.62492733,0.40262860,0.05408807,-0.07594186,1,0,1,1,0
1199,249583,-0.07206094,0.89470978,-0.57518715,0.28536926,0.06306537,-0.07970341,1,0,1,1,0
1200,249791,-0.08860181,0.91923719,-0.53714511,0.14735710,0.05978673,-0.07441172,1,0,1,1,0
1201,250000,-0.09384960,0.90126797,-0.48121873,0.06761799,0.02879975,0.03419970,1,0,1,1,0
1202,250208,-0.09468959,0.89739816,-0.42205869,-0.03887566,0.06005124,0.02965664,1,0,1,1,0
1203,250416,-0.11042016,0.89647994,-0.38462667,-0.17213616,0.05688200,0.02915541,1,0,1,1,0
1204,250625,-0.13005920,0.88866212,-0.32153649,-0.29469468,0.08608142,0.01723104,1,0,1,1,0
1205,250833,-0.14355588,0.87440291,-0.25863681,-0.40047931,0.07309545,0.06473456,1,0,1,1,0
1206,251041,-0.16059652,0.85463678,-0.20434176,-0.52121945,0.08141971,0.06344571,1,0,1,1,0
1207,251249,-0.18991462,0.83894508,-0.13906128,-0.63349806,0.10037681,0.05536036,1,0,1,1,0
1208,251458,-0.20007691,0.81899407,-0.06954246,-0.73568943,0.08529461,0.05384391,1,0,1,1,0
1209,251666,-0.22320186,0.79912272,-0.02245703,-0.81150549,0.09447418,0.06401020,1,0,1,1,0
1210,251875,-0.25065847,0.76055287,0.04581861,-0.90338200,0.11125121,0.07504244,1,0,1,1,0
1211,252083,-0.26282502,0.72618133,0.09559075,-0.96594811,0.11355122,0.07414926,1,0,1,1,0
1212,252291,-0.28028738,0.68419350,0.16511870,-1.05569900,0.11545149,0.08781891,1,0,1,1,0
1213,252500,-0.31740242,0.65390027,0.22465506,-1.09094565,0.11093757,0.10417438,1,0,1,1,0
1214,252708,-0.33178479,0.60643252,0.28838329,-1.14727336,0.13173045,0.11864009,1,0,1,1,0
1215,252916,-0.35796937,0.55933969,0.34160530,-1.19662469,0.12530146,0.09967600,1,0,1,1,0
1216,253125,-0.37677063,0.51732021,0.40283175,-1.20979272,0.11894753,0.11578532,1,0,1,1,0
1217,253333,-0.39998898,0.46272762,0.45195555,-1.22990065,0.13215447,0.10750363,1,0,1,1,0
1218,253541,-0.43115274,0.42032622,0.51817526,-1.24479339,0.12355853,0.12679130,1,0,1,1,0
1219,253749,-0.45147214,0.35893116,0.55925629,-1.24115419,0.13795909,0.13117647,1,0,1,1,0
1220,253958,-0.48197922,0.30047374,0.61946256,-1.22038713,0.14468031,0.14911921,1,0,1,1,0
1221,254166,-0.49562036,0.24445705,0.66274332,-1.20309947,0.13962675,0.16872734,1,0,1,1,0
1222,254375,-0.50747617,0.18598198,0.71724181,-1.17288018,0.13835415,0.14899490,1,0,1,1,0
1223,254583,-0.52610573,0.13481010,0.75606706,-1.14451126,0.14327246,0.17619360,1,0,1,1,0
1224,254791,-0.52447043,0.06448464,0.79203967,-1.10455246,0.14258137,0.19223692,1,0,1,1,0
1225,255000,-0.53676511,0.00777848,0.82825462,-1.05732721,0.12366778,0.19370209,1,0,1,1,0
1226,255208,-0.54812961,-0.05915185,0.85510439,-1.01725969,0.13532220,0.20873662,1,0,1,1,0
1227,255416,-0.54292463,-0.12642038,0.89167142,-0.97495444,0.10969908,0.21885710,1,0,1,1,0
1228,255625,-0.54139740,-0.18598426,0.92821858,-0.89826656,0.10558633,0.23283356,1,0,1,1,0
1229,255833,-0.52197828,-0.25061947,0.94309954,-0.83574216,0.10792321,0.23379724,1,0,1,1,0
1230,256041,-0.51142651,-0.31975594,0.96575748,-0.76431842,0.10836509,0.23860002,1,0,1,1,0
1231,256249,-0.48920772,-0.38156131,0.98018852,-0.72059570,0.10119924,0.25376448,1,0,1,1,0
1232,256458,-0.46579162,-0.42746025,0.99020318,-0.65121592,0.08094533,0.26696104,1,0,1,1,0
1233,256666,-0.43301836,-0.49153879,0.98872764,-0.59540102,0.06891194,0.26869194,1,0,1,1,0
1234,256875,-0.40066195,-0.55242086,1.00192983,-0.53023124,0.06626314,0.25706157,1,0,1,1,0
1235,257083,-0.36549226,-0.60188992,0.99274907,-0.48593113,0.06847779,0.27282916,1,0,1,1,0
1236,257291,-0.32341705,-0.65352561,0.99546149,-0.44167433,0.05297064,0.28184101,1,0,1,1,0
1237,257500,-0.27348431,-0.69929608,0.98236602,-0.39998969,0.03272901,0.29605400,1,0,1,1,0
1238,257708,-0.22145389,-0.74897754,0.96007684,-0.35590325,0.03367369,0.29427751,1,0,1,1,0
1239,257916,-0.16083574,-0.79577262,0.94612050,-0.31901896,0.03058809,0.29848466,1,0,1,1,0
1240,258125,-0.09995195,-0.83815105,0.92404621,-0.27304463,0.01204769,0.29959259,1,0,1,1,0
1241,258333,-0.04578360,-0.87325062,0.88901378,-0.22741979,-0.00325233,0.30536602,1,0,1,1,0
1242,258541,0.01619233,-0.90713148,0.86606595,-0.23499754,-0.00450116,0.29306089,1,0,1,1,0
1243,258749,0.09433161,-0.93760405,0.82535437,-0.19267782,-0.01572960,0.31950217,1,0,1,1,0
1244,258958,0.14666146,-0.95778066,0.78948400,-0.19924308,-0.01125359,0.29627782,1,0,1,1,0
1245,259166,0.20767383,-0.98157307,0.74209233,-0.15563789,-0.02612732,0.29980694,1,0,1,1,0
1246,259375,0.27872697,-0.99515768,0.70559373,-0.16679639,-0.03394450,0.28329574,1,0,1,1,0
1247,259583,0.34004611,-1.00578452,0.64573658,-0.13861988,-0.06735732,0.29744684,1,0,1,1,0
1248,259791,0.40102590,-1.01894687,0.60240927,-0.12512509,-0.05269737,0.30018287,1,0,1,1,0
1249,260000,0.45574003,-1.01983494,0.53719715,-0.12214714,-0.07265768,0.26619195,0,0,0,0,0
1250,260208,0.51304768,-1.02498223,0.49700014,-0.09079503,-0.06959038,0.25502036,0,0,0,0,0
1251,260416,0.56967190,-1.01550243,0.43303211,-0.08638195,-0.07404419,0.26793021,0,0,0,0,0
1252,260625,0.62160707,-1.00080651,0.37626311,-0.08472589,-0.11376162,0.24792197,0,0,0,0,0
1253,260833,0.67015423,-0.99374462,0.31196304,-0.05444863,-0.09390639,0.25309224,0,0,0,0,0
1254,261041,0.71050416,-0.98173694,0.23728306,-0.05613214,-0.11898021,0.22588952,0,0,0,0,0
1255,261249,0.75550885,-0.95286892,0.18214209,-0.03697819,-0.08591922,0.22669894,0,0,0,0,0
1256,261458,0.79616690,-0.92781734,0.10629373,-0.02107602,-0.08763537,0.20316476,0,0,0,0,0
1257,261666,0.82254683,-0.90674139,0.04378668,0.00446884,-0.12216649,0.18748938,0,0,0,0,0
1258,261875,0.86142012,-0.86515041,-0.01805589,-0.01279789,-0.08854664,0.19222064,0,0,0,0,0
1259,262083,0.88689178,-0.82316147,-0.08267054,0.02583947,-0.07619615,0.16501432,0,0,0,0,0
1260,262291,0.91452933,-0.78104491,-0.14375876,0.02510273,-0.09798698,0.15167268,0,0,0,0,0
1261,262500,0.93748775,-0.73642388,-0.20844837,0.02126639,-0.09117074,0.13529542,0,0,0,0,0
1262,262708,0.94689365,-0.69034317,-0.27978512,0.04777149,-0.08523610,0.11861907,0,0,0,0,0
1263,262916,0.95999413,-0.63037550,-0.32837030,0.05523914,-0.07057108,0.08797214,0,0,0,0,0
1264,263125,0.97506876,-0.59019894,-0.39561612,0.06065137,-0.08303853,0.09420264,0,0,0,0,0
1265,263333,0.97834647,-0.53788341,-0.45104171,0.05275203,-0.05432828,0.08346464,0,0,0,0,0
1266,263541,0.96735814,-0.48011246,-0.51690221,0.07603349,-0.06732044,0.06655218,0,0,0,0,0
1267,263750,0.97063553,-0.41426721,-0.56146176,0.06851983,-0.04137042,0.04435949,0,0,0,0,0
1268,263958,0.95292275,-0.36640016,-0.61539606,0.08360382,-0.04230713,0.02656936,0,0,0,0,0
1269,264166,0.94418554,-0.29503649,-0.67180218,0.08299408,-0.02438142,0.01554132,0,0,0,0,0
1270,264375,0.92903102,-0.23478141,-0.71290589,0.09118413,-0.02692672,-0.00639206,0,0,0,0,0
1271,264583,0.90980102,-0.16524723,-0.75327171,0.09121783,-0.01121048,-0.01271341,0,0,0,0,0
1272,264791,0.89305792,-0.10351762,-0.78531476,0.08712248,0.00085106,-0.04305856,0,0,0,0,0
1273,265000,0.85847292,-0.04507556,-0.82302237,0.09248677,0.01611419,-0.05365266,0,0,0,0,0
1274,265208,0.81408815,0.02672348,-0.85897774,0.09218652,0.00928632,-0.09439143,0,0,0,0,0
1275,265416,0.78440143,0.09108481,-0.88367112,0.09401089,0.02024907,-0.07176581,0,0,0,0,0
1276,265625,0.74447696,0.15451522,-0.91406769,0.08631063,0.02802787,-0.09710833,0,0,0,0,0
1277,265833,0.70012497,0.21405082,-0.94906783,0.07643438,0.06130459,-0.09670727,0,0,0,0,0
1278,266041,0.66335286,0.28950325,-0.95323406,0.06427604,0.06205714,-0.11463203,0,0,0,0,0
1279,266250,0.61063773,0.34888822,-0.96123552,0.07941440,0.05950456,-0.11668437,0,0,0,0,0
1280,266458,0.56006242,0.40915426,-0.97618781,0.08504255,0.09394046,-0.11958488,0,0,0,0,0
1281,266666,0.50888414,0.46978447,-0.98068531,0.07020231,0.11798385,-0.12655959,0,0,0,0,0
1282,266875,0.44490203,0.53205603,-0.98173432,0.06945673,0.12462887,-0.14704698,0,0,0,0,0
1283,267083,0.39103048,0.58424926,-0.97769487,0.05769894,0.12993284,-0.15402152,0,0,0,0,0
1284,267291,0.33747569,0.63332006,-0.95701251,0.06006628,0.12991175,-0.18289002,0,0,0,0,0
1285,267500,0.26269048,0.68443287,-0.96030121,0.04586164,0.14822870,-0.16770185,0,0,0,0,0
1286,267708,0.19886364,0.73459535,-0.94412603,0.03099179,0.14954845,-0.19020060,0,0,0,0,0
1287,267916,0.13232951,0.76950258,-0.91083958,0.01896801,0.15505144,-0.17749674,0,0,0,0,0
1288,268125,0.06479607,0.81710044,-0.89590159,-0.01251593,0.17726881,-0.17217607,0,0,0,0,0
1289,268333,0.00681416,0.84777998,-0.86678274,0.01895940,0.20248345,-0.18192348,0,0,0,0,0
1290,268541,-0.05775142,0.87764160,-0.82835790,-0.00136750,0.17949942,-0.19049951,0,0,0,0,0
1291,268750,-0.12854436,0.91752162,-0.79151032,0.00517364,0.18763695,-0.19692044,0,0,0,0,0
1292,268958,-0.18815449,0.94424913,-0.74835761,-0.03111499,0.21969128,-0.18687603,0,0,0,0,0
1293,269166,-0.25025653,0.96075369,-0.71552425,-0.03280212,0.21731072,-0.19996208,0,0,0,0,0
1294,269375,-0.32659719,0.98005164,-0.65626594,-0.03013519,0.22721173,-0.20315913,0,0,0,0,0
1295,269583,-0.37634687,0.98885810,-0.61270723,-0.05929906,0.24203056,-0.20880206,0,0,0,0,0
1296,269791,-0.43240365,0.99978054,-0.55468024,-0.06468700,0.24014699,-0.18330302,0,0,0,0,0
1297,270000,-0.48974447,0.99479143,-0.50344070,-0.07009470,0.24288118,-0.19449826,0,0,0,0,0
1298,270208,-0.54425710,1.01082759,-0.45008620,-0.11192580,0.24306377,-0.19357027,0,0,0,0,0
1299,270416,-0.60478333,0.99564723,-0.39623718,-0.09490916,0.25586988,-0.19866531,0,0,0,0,0
1300,270625,-0.66120894,1.00146839,-0.32526955,-0.10721615,0.27358655,-0.17807651,0,0,0,0,0
1301,270833,-0.70849215,0.97838954,-0.27143936,-0.10419362,0.26900263,-0.16208843,0,0,0,0,0
1302,271041,-0.74663652,0.96417646,-0.20390054,-0.12763456,0.28571374,-0.16713415,0,0,0,0,0
1303,271250,-0.79740189,0.93901464,-0.14020213,-0.12628533,0.26969127,-0.16792382,0,0,0,0,0
1304,271458,-0.82087634,0.91199303,-0.07453174,-0.13607097,0.28016583,-0.15540255,0,0,0,0,0
1305,271666,-0.86077064,0.88789765,-0.00855610,-0.16107294,0.26491315,-0.13831738,0,0,0,0,0
1306,271875,-0.89946292,0.84618108,0.04956140,-0.17609661,0.26915061,-0.13367161,0,0,0,0,0
1307,272083,-0.92317558,0.80318171,0.12210636,-0.19418426,0.26990138,-0.11948345,0,0,0,0,0
1308,272291,-0.95743734,0.76905249,0.18041201,-0.19490920,0.27233673,-0.10709003,0,0,0,0,0
1309,272500,-0.95971728,0.72675454,0.25512832,-0.17576860,0.24620954,-0.11408081,0,0,0,0,0
1310,272708,-0.98775981,0.68733550,0.31445684,-0.22315265,0.23763722,-0.10831987,0,0,0,0,0
1311,272916,-1.00317818,0.64470814,0.37513166,-0.22086280,0.21877891,-0.08726319,0,0,0,0,0
1312,273125,-1.00642734,0.58428359,0.43526739,-0.22510764,0.21652182,-0.06958383,0,0,0,0,0
1313,273333,-1.00594554,0.53598950,0.49565797,-0.21193914,0.20270307,-0.04072890,0,0,0,0,0
1314,273541,-1.00581880,0.46958512,0.53914613,-0.22687329,0.20605309,-0.04918551,0,0,0,0,0
1315,273750,-0.99417157,0.42046551,0.58571045,-0.22796057,0.19082232,-0.02222011,0,0,0,0,0
1316,273958,-0.99029732,0.35339470,0.65054451,-0.24124143,0.19901571,-0.00955898,0,0,0,0,0
1317,274166,-0.97398920,0.29809894,0.69205829,-0.22501363,0.16411484,0.00445565,0,0,0,0,0
1318,274375,-0.96000932,0.23543124,0.73874580,-0.22121569,0.15456098,-0.01368936,0,0,0,0,0
1319,274583,-0.93363358,0.16733579,0.78786297,-0.23599638,0.13977598,0.02828801,0,0,0,0,0
1320,274791,-0.91654881,0.10487070,0.81338425,-0.21890885,0.12730398,0.01127850,0,0,0,0,0
1321,275000,-0.88300032,0.03993828,0.86493493,-0.23694829,0.14644055,0.05258678,0,0,0,0,0
1322,275208,-0.84569456,-0.02330834,0.88323865,-0.22858829,0.10263356,0.03756703,0,0,0,0,0
1323,275416,-0.81742572,-0.09120457,0.91768640,-0.23721139,0.09875585,0.05633696,0,0,0,0,0
1324,275625,-0.76902422,-0.15737347,0.94026076,-0.21783430,0.08618838,0.06225973,0,0,0,0,0
1325,275833,-0.72838730,-0.21805485,0.95942446,-0.21762017,0.06854173,0.06716402,0,0,0,0,0
1326,276041,-0.68186635,-0.27858635,0.98080606,-0.19273663,0.04301510,0.06643693,0,0,0,0,0
1327,276250,-0.62733221,-0.34213171,0.98764724,-0.20066123,0.04621229,0.09077202,0,0,0,0,0
1328,276458,-0.58326584,-0.40499016,0.99950297,-0.19202548,0.04826645,0.09545573,0,0,0,0,0
1329,276666,-0.51850112,-0.46386099,1.00559169,-0.15701278,0.01495176,0.10353035,0,0,0,0,0
1330,276875,-0.46683389,-0.52561192,1.00157513,-0.17143064,0.02122094,0.09262889,0,0,0,0,0
1331,277083,-0.40917680,-0.57808190,0.99734712,-0.17951563,-0.02164180,0.10157398,0,0,0,0,0
1332,277291,-0.34225609,-0.62570196,0.98735270,-0.14927073,-0.05656932,0.09386475,0,0,0,0,0
1333,277500,-0.28676341,-0.67292024,0.96519685,-0.13652198,-0.03346420,0.12396567,0,0,0,0,0
1334,277708,-0.21514090,-0.72029325,0.94855646,-0.12780315,-0.06825670,0.11956240,0,0,0,0,0
1335,277916,-0.15343010,-0.75114226,0.93669931,-0.12638914,-0.06941906,0.09197984,0,0,0,0,0
1336,278125,-0.08792301,-0.80601361,0.90152897,-0.11696398,-0.08322804,0.11134886,0,0,0,0,0
1337,278333,-0.02146417,-0.82525806,0.87139428,-0.09619230,-0.10570512,0.12586978,0,0,0,0,0
1338,278541,0.04016222,-0.86888178,0.83644891,-0.09699151,-0.12057389,0.10075531,0,0,0,0,0
1339,278750,0.11243482,-0.89948467,0.80008343,-0.07495069,-0.13766946,0.10674561,0,0,0,0,0
1340,278958,0.17994777,-0.92260698,0.76159350,-0.06637501,-0.15647407,0.11732789,0,0,0,0,0
1341,279166,0.23209157,-0.94911853,0.72647899,-0.05576214,-0.14101285,0.11977722,0,0,0,0,0
1342,279375,0.30391538,-0.95697193,0.67592662,-0.03874678,-0.14431200,0.11703460,0,0,0,0,0
1343,279583,0.36832407,-0.96864051,0.62189461,-0.01005176,-0.17134318,0.10737931,0,0,0,0,0
1344,279791,0.42718672,-0.97052286,0.56400068,-0.01823091,-0.18159525,0.11968993,0,0,0,0,0
1345,280000,0.48181637,-0.97720378,0.51185219,0.03506608,-0.18261305,0.11037700,0,0,0,0,0
1346,280208,0.53283807,-0.98727156,0.46095150,0.01808808,-0.21370265,0.07539468,0,0,0,0,0
1347,280416,0.59739031,-0.97589122,0.39879622,0.04875348,-0.22831284,0.08236765,0,0,0,0,0
1348,280625,0.64658120,-0.96827746,0.33532120,0.06132192,-0.23718265,0.05924472,0,0,0,0,0
1349,280833,0.69603870,-0.94189211,0.27282134,0.07062976,-0.22650327,0.05708897,0,0,0,0,0
1350,281041,0.74782240,-0.92614346,0.21283041,0.09331797,-0.21854654,0.04491861,0,0,0,0,0
1351,281250,0.77938415,-0.91124705,0.14425061,0.10351001,-0.24656158,0.05010372,0,0,0,0,0
1352,281458,0.81851419,-0.88620562,0.08401578,0.12408740,-0.26320441,0.04199862,0,0,0,0,0
1353,281666,0.87159937,-0.87131719,0.00978333,0.13764328,-0.25529139,0.01605172,0,0,0,0,0
1354,281875,0.89944700,-0.82070786,-0.05454937,0.17178136,-0.24906678,0.00840162,0,0,0,0,0
1355,282083,0.92880304,-0.78235892,-0.10978683,0.17665087,-0.25241028,0.00234582,0,0,0,0,0
1356,282291,0.94781222,-0.75296765,-0.17757133,0.16723548,-0.25138212,-0.02066373,0,0,0,0,0
1357,282500,0.98384931,-0.70123006,-0.25092169,0.18154662,-0.27113535,-0.03378872,0,0,0,0,0
1358,282708,0.99377937,-0.65475551,-0.31361454,0.18757944,-0.25523275,-0.04469705,0,0,0,0,0
1359,282916,1.00313030,-0.60462555,-0.38263304,0.20454552,-0.23751220,-0.06534184,0,0,0,0,0
1360,283125,1.00893109,-0.55850048,-0.43453579,0.20526443,-0.25106657,-0.05021290,0,0,0,0,0
1361,283333,1.01313878,-0.50204679,-0.49949484,0.21082412,-0.23331097,-0.09240825,0,0,0,0,0
1362,283541,1.01328927,-0.43600316,-0.54696286,0.22864755,-0.21961318,-0.09513162,0,0,0,0,0
1363,283750,1.00515938,-0.38754644,-0.60033021,0.23835176,-0.21733161,-0.08689410,0,0,0,0,0
1364,283958,0.99898541,-0.32022657,-0.65857851,0.25170381,-0.19661552,-0.10364101,0,0,0,0,0
1365,284166,0.97976454,-0.26656006,-0.70256713,0.24109934,-0.21038300,-0.12444678,0,0,0,0,0
1366,284375,0.96733188,-0.20387138,-0.74506466,0.25665367,-0.17196194,-0.14966529,0,0,0,0,0
1367,284583,0.94400510,-0.14277136,-0.78994490,0.27524290,-0.19622204,-0.13916862,0,0,0,0,0
1368,284791,0.91580264,-0.07401530,-0.82828864,0.26346841,-0.20129666,-0.18343018,0,0,0,0,0
1369,285000,0.89918447,-0.01064760,-0.86899119,0.23423723,-0.17450558,-0.16254239,0,0,0,0,0
1370,285208,0.85662940,0.05941812,-0.90567598,0.24738286,-0.16613923,-0.20501260,0,0,0,0,0
1371,285416,0.82479420,0.13062063,-0.92537573,0.26273824,-0.14632119,-0.18539561,0,0,0,0,0
1372,285625,0.79343274,0.18284142,-0.94354579,0.25860317,-0.13233983,-0.20102042,0,0,0,0,0
1373,285833,0.74325059,0.24618946,-0.98101402,0.25661851,-0.11730096,-0.21118384,0,0,0,0,0
1374,286041,0.69317657,0.31131838,-0.99060059,0.27904304,-0.10264367,-0.23883306,0,0,0,0,0
1375,286250,0.64523044,0.37542978,-1.01172344,0.24130754,-0.08685059,-0.22703303,0,0,0,0,0
1376,286458,0.60226068,0.43613643,-1.01791598,0.24935175,-0.09030952,-0.23035825,0,0,0,0,0
1377,286666,0.54243253,0.49909602,-1.02444889,0.23382641,-0.06667026,-0.23998172,0,0,0,0,0
1378,286875,0.48665382,0.55384790,-1.01532640,0.22931596,-0.06675180,-0.22594531,0,0,0,0,0
1379,287083,0.43480379,0.60381275,-1.01835829,0.23661761,-0.07186260,-0.24473446,0,0,0,0,0
1380,287291,0.36415417,0.65278552,-1.00410949,0.21864961,-0.06427234,-0.25303183,0,0,0,0,0
1381,287500,0.29495447,0.70240510,-0.97790302,0.20856494,-0.03129836,-0.25054149,0,0,0,0,0
1382,287708,0.23699050,0.74531799,-0.97703865,0.20661131,-0.01287645,-0.25209994,0,0,0,0,0
1383,287916,0.17074160,0.79909209,-0.95158902,0.18948695,-0.02542096,-0.26865452,0,0,0,0,0
1384,288125,0.10895874,0.83380454,-0.91787610,0.20563674,0.00785523,-0.23651618,0,0,0,0,0
1385,288333,0.04819808,0.87214908,-0.90450359,0.18513782,0.02439660,-0.26042603,0,0,0,0,0
1386,288541,-0.03371209,0.91128379,-0.86135260,0.18704756,0.00883251,-0.24609496,0,0,0,0,0
1387,288750,-0.08899517,0.92300956,-0.82807255,0.17330997,0.03869419,-0.23883825,0,0,0,0,0
1388,288958,-0.15358712,0.94102846,-0.77852864,0.15445229,0.06545454,-0.23103856,0,0,0,0,0
1389,289166,-0.22945662,0.97293176,-0.73162803,0.14335630,0.04663251,-0.24441220,0,0,0,0,0
1390,289375,-0.27375202,0.98795780,-0.69705211,0.12003300,0.06865938,-0.23236100,0,0,0,0,0
1391,289583,-0.34523968,0.99178750,-0.65021615,0.10239606,0.09257071,-0.24307837,0,0,0,0,0
1392,289791,-0.40318237,1.00306171,-0.59460762,0.08568421,0.08542247,-0.22986701,0,0,0,0,0
1393,290000,-0.46276009,1.01460995,-0.54035169,0.07189899,0.09209171,-0.22339614,0,0,0,0,0
1394,290208,-0.51854107,1.01258002,-0.48262958,0.07956028,0.10429390,-0.21583177,0,0,0,0,0
1395,290416,-0.57105637,0.99953332,-0.42562547,0.06695165,0.10568621,-0.21273420,0,0,0,0,0
1396,290625,-0.62075611,0.99161709,-0.35741941,0.03619254,0.10045565,-0.20562335,0,0,0,0,0
1397,290833,-0.67249490,0.97455780,-0.31076448,0.01376386,0.11064979,-0.19278637,0,0,0,0,0
1398,291041,-0.72276390,0.96279968,-0.23510248,0.01745387,0.12977087,-0.18191322,0,0,0,0,0
1399,291250,-0.76199139,0.94164078,-0.16556912,0.00786865,0.13108503,-0.14718550,0,0,0,0,0
1400,291458,-0.79829308,0.91657164,-0.10453188,-0.01469028,0.13503414,-0.17153662,0,0,0,0,0
1401,291666,-0.83966293,0.89421948,-0.03996513,-0.02665060,0.12882673,-0.14059854,0,0,0,0,0
1402,291875,-0.87060001,0.84596851,0.02167889,-0.04327601,0.11839930,-0.14515273,0,0,0,0,0
1403,292083,-0.90700399,0.81393936,0.08050952,-0.03592481,0.11395843,-0.11477499,0,0,0,0,0
1404,292291,-0.92272898,0.76623852,0.15188043,-0.06329067,0.14277780,-0.09969664,0,0,0,0,0
1405,292500,-0.94923297,0.73459277,0.21104513,-0.06768518,0.12001228,-0.07809919,0,0,0,0,0
1406,292708,-0.95008457,0.68099667,0.28001584,-0.08038607,0.11666809,-0.09049124,0,0,0,0,0
1407,292916,-0.97580336,0.63268430,0.34302918,-0.09219288,0.11955666,-0.04275810,0,0,0,0,0
1408,293125,-0.97473689,0.57497615,0.40654053,-0.09327578,0.11079736,-0.03886140,0,0,0,0,0
1409,293333,-0.98264723,0.53883410,0.46827831,-0.10441213,0.09445760,-0.00787594,0,0,0,0,0
1410,293541,-0.98699513,0.46791926,0.50942920,-0.10667828,0.11834704,0.01724295,0,0,0,0,0
1411,293750,-0.97872098,0.41511726,0.57016340,-0.11455255,0.08551523,0.01188252,0,0,0,0,0
1412,293958,-0.97477752,0.33933703,0.62717586,-0.12795344,0.07991153,0.03237722,0,0,0,0,0
1413,294166,-0.95160249,0.29236801,0.68054025,-0.12625495,0.05606405,0.04360235,0,0,0,0,0
1414,294375,-0.93587546,0.21814100,0.71841555,-0.15269212,0.05851914,0.06469060,0,0,0,0,0
1415,294583,-0.91152102,0.15973683,0.75659028,-0.12919881,0.06472765,0.06864094,0,0,0,0,0
1416,294791,-0.89210239,0.09002319,0.79765956,-0.13330646,0.05345622,0.08174427,0,0,0,0,0
1417,295000,-0.85843060,0.02384381,0.83662521,-0.13113429,0.04721943,0.11668307,0,0,0,0,0
1418,295208,-0.82572238,-0.04210635,0.87478477,-0.13571411,0.03740171,0.10971541,0,0,0,0,0
1419,295416,-0.79329130,-0.10475298,0.90119504,-0.13049242,0.00620567,0.12978317,0,0,0,0,0
1420,295625,-0.75280089,-0.17758394,0.91987441,-0.13535617,-0.00512939,0.13082310,0,0,0,0,0
1421,295833,-0.72232525,-0.24200459,0.95122906,-0.12311935,0.02370150,0.15351172,0,0,0,0,0
1422,296041,-0.66185546,-0.29636272,0.96818100,-0.13272232,-0.02443389,0.16490749,0,0,0,0,0
1423,296250,-0.62443541,-0.36070763,0.97009929,-0.12051990,-0.02758094,0.18819425,0,0,0,0,0
1424,296458,-0.56444365,-0.41441461,0.98723693,-0.12694735,-0.06574546,0.18530688,0,0,0,0,0
1425,296666,-0.50809271,-0.47706684,0.98270171,-0.11704798,-0.04545356,0.17290939,0,0,0,0,0
1426,296875,-0.46131454,-0.54688736,0.99370659,-0.10404704,-0.05955141,0.18877388,0,0,0,0,0
1427,297083,-0.39576569,-0.59586566,0.98955770,-0.10514543,-0.07301541,0.18764951,0,0,0,0,0
1428,297291,-0.33828640,-0.64817497,0.97232777,-0.09443186,-0.08591920,0.19078870,0,0,0,0,0
1429,297500,-0.27158430,-0.68594749,0.96447217,-0.08012012,-0.09923184,0.19900775,0,0,0,0,0
1430,297708,-0.20636214,-0.73559616,0.93974317,-0.08922199,-0.10491142,0.22472965,0,0,0,0,0
1431,297916,-0.13965978,-0.77975505,0.92469275,-0.08957374,-0.11422368,0.20440229,0,0,0,0,0
1432,298125,-0.07868995,-0.81349535,0.90288319,-0.05961524,-0.13002408,0.20053077,0,0,0,0,0
1433,298333,-0.01624527,-0.85882003,0.86652247,-0.06379297,-0.12517446,0.21149725,0,0,0,0,0
1434,298541,0.04615130,-0.89503284,0.83792254,-0.05822250,-0.14843483,0.22203361,0,0,0,0,0
1435,298750,0.12027987,-0.92218273,0.79339850,-0.05986687,-0.13052815,0.23100029,0,0,0,0,0
1436,298958,0.17011025,-0.94173204,0.76131615,-0.04693733,-0.14785710,0.21735708,0,0,0,0,0
1437,299166,0.23569664,-0.96314008,0.72124434,-0.03323832,-0.18274961,0.24859987,0,0,0,0,0
1438,299375,0.30209396,-0.98236407,0.68098458,-0.02887636,-0.17295479,0.23219091,0,0,0,0,0
1439,299583,0.36422235,-0.99052117,0.62366910,-0.01907011,-0.18378099,0.23779407,0,0,0,0,0
1440,299791,0.42288492,-1.00359343,0.57084776,0.01734672,-0.19580959,0.22580553,0,0,0,0,0
1441,300000,0.48236910,-1.01383852,0.52284895,0.01661242,-0.19615975,0.21347707,0,0,0,0,0
1442,300208,0.54196097,-1.00837402,0.46156053,0.02201245,-0.19905200,0.22189694,0,0,0,0,0
1443,300416,0.59249015,-0.99941710,0.40513812,0.05343010,-0.19775648,0.20471736,0,0,0,0,0
1444,300625,0.63988068,-1.00006412,0.33706071,0.05459910,-0.21682010,0.19598443,0,0,0,0,0
1445,300833,0.69589867,-0.99329442,0.27848486,0.09371248,-0.22555465,0.20899326,0,0,0,0,0
1446,301041,0.74538139,-0.95711073,0.21170772,0.08172446,-0.21024048,0.19007303,0,0,0,0,0
1447,301250,0.77724581,-0.94406769,0.14539847,0.10168524,-0.19668967,0.18496402,0,0,0,0,0
1448,301458,0.82690285,-0.92587657,0.08951923,0.11111640,-0.23113851,0.15962711,0,0,0,0,0
1449,301666,0.85373598,-0.87962490,0.02438240,0.12449710,-0.22043968,0.14541002,0,0,0,0,0
1450,301875,0.88153419,-0.85359614,-0.04507535,0.12876805,-0.21896280,0.13966764,0,0,0,0,0
1451,302083,0.92019403,-0.81180879,-0.10749071,0.13288491,-0.21649591,0.13908209,0,0,0,0,0
1452,302291,0.95212315,-0.78473804,-0.17942503,0.16303155,-0.20625138,0.11849556,0,0,0,0,0
1453,302500,0.96386010,-0.73253625,-0.23990345,0.15825648,-0.19242709,0.10441514,0,0,0,0,0
1454,302708,0.97799648,-0.68621972,-0.29651075,0.14995663,-0.18040385,0.08663124,0,0,0,0,0
1455,302916,0.98571660,-0.63876748,-0.35814324,0.16654097,-0.16979600,0.08371408,0,0,0,0,0
1456,303125,0.99756249,-0.58344532,-0.42022875,0.17051551,-0.17158935,0.06533832,0,0,0,0,0
1457,303333,0.99861862,-0.53487422,-0.47543487,0.16475761,-0.17668767,0.06808659,0,0,0,0,0
1458,303541,1.00185382,-0.47721580,-0.53490600,0.17389718,-0.16494511,0.03357792,0,0,0,0,0
1459,303750,0.98714456,-0.41797802,-0.59084606,0.18730388,-0.14964025,0.04013218,0,0,0,0,0
1460,303958,0.98150521,-0.35680830,-0.64523930,0.18864583,-0.15049194,0.01851599,0,0,0,0,0
1461,304166,0.96459323,-0.30089126,-0.70164503,0.19340698,-0.11197905,0.01186509,0,0,0,0,0
1462,304375,0.95031715,-0.23849426,-0.73718283,0.20456312,-0.11918939,-0.01603816,0,0,0,0,0
1463,304583,0.92617019,-0.16954643,-0.77752687,0.20431090,-0.11122763,-0.04043870,0,0,0,0,0
1464,304791,0.90105478,-0.11118620,-0.81120985,0.18160108,-0.10678238,-0.00003819,0,0,0,0,0
1465,305000,0.87573191,-0.04116506,-0.84617412,0.19031833,-0.09051995,-0.04874798,0,0,0,0,0
1466,305208,0.83525841,0.02545121,-0.87924875,0.19159048,-0.10140913,-0.06182492,0,0,0,0,0
1467,305416,0.80965621,0.08418854,-0.91251524,0.17491060,-0.05326707,-0.05880398,0,0,0,0,0
1468,305625,0.76440319,0.15085935,-0.93791520,0.17246913,-0.03641387,-0.07652211,0,0,0,0,0
1469,305833,0.71859563,0.21952611,-0.95098505,0.18583230,-0.03477687,-0.08115381,0,0,0,0,0
1470,306041,0.68258905,0.28187172,-0.97327090,0.16393572,-0.00745306,-0.10010366,0,0,0,0,0
1471,306250,0.62712416,0.35156185,-0.98263188,0.16119166,-0.00566650,-0.08670415,0,0,0,0,0
1472,306458,0.58096520,0.40545777,-0.97879873,0.16352541,0.02532315,-0.10332913,0,0,0,0,0
1473,306666,0.51550545,0.46528299,-0.99822518,0.15398687,0.02608948,-0.11058487,0,0,0,0,0
1474,306875,0.46105128,0.52389564,-0.98030285,0.14715354,0.03516220,-0.11093703,0,0,0,0,0
1475,307083,0.40181411,0.56663496,-0.97939672,0.13494397,0.05377519,-0.12584914,0,0,0,0,0
1476,307291,0.34994309,0.62354547,-0.98913110,0.13257102,0.05530039,-0.13991486,0,0,0,0,0
1477,307500,0.27754450,0.67896705,-0.96599686,0.11408619,0.05670119,-0.12092507,0,0,0,0,0
1478,307708,0.20695509,0.72659387,-0.94488299,0.10637789,0.07100839,-0.12580936,0,0,0,0,0
1479,307916,0.14546044,0.76501838,-0.90995120,0.08876942,0.10858070,-0.12937356,0,0,0,0,0
1480,308125,0.07588280,0.79293634,-0.90540930,0.07913210,0.11288489,-0.14333998,0,0,0,0,0
1481,308333,0.01239651,0.83869584,-0.87306566,0.08253823,0.12951709,-0.13805566,0,0,0,0,0
1482,308541,-0.04612847,0.87591364,-0.84439704,0.06169675,0.13964008,-0.14949800,0,0,0,0,0
1483,308750,-0.12213992,0.89892493,-0.80892454,0.05008702,0.14052241,-0.15744261,0,0,0,0,0
1484,308958,-0.18279444,0.92483116,-0.76161082,0.02013483,0.15272899,-0.16592009,0,0,0,0,0
1485,309166,-0.24088673,0.94014912,-0.71609064,0.02307692,0.15240144,-0.15120567,0,0,0,0,0
1486,309375,-0.30605014,0.96246334,-0.67391628,0.01344478,0.18823427,-0.13354721,0,0,0,0,0
1487,309583,-0.36771150,0.97487442,-0.62241599,0.00040879,0.18336645,-0.12107382,0,0,0,0,0
1488,309791,-0.43671833,0.97631704,-0.56618690,-0.01312404,0.18646947,-0.15565584,0,0,0,0,0
1489,310000,-0.48562403,0.99154670,-0.51038466,-0.02783563,0.20623711,-0.11492796,0,0,0,0,0
1490,310208,-0.54881302,0.97920450,-0.45562889,-0.02960474,0.22231478,-0.12762984,0,0,0,0,0
1491,310416,-0.60117448,0.97574534,-0.39784408,-0.05894434,0.22624745,-0.12501320,0,0,0,0,0
1492,310625,-0.65407768,0.97368575,-0.33774388,-0.08893460,0.23592041,-0.10143215,0,0,0,0,0
1493,310833,-0.70263548,0.96003225,-0.26540895,-0.09312649,0.25035541,-0.08205348,0,0,0,0,0
1494,311041,-0.75194517,0.93358978,-0.20494140,-0.09927867,0.25963119,-0.09791810,0,0,0,0,0
1495,311250,-0.79233146,0.91675718,-0.13428739,-0.14042978,0.25994093,-0.06795185,0,0,0,0,0
1496,311458,-0.83536775,0.89724461,-0.07217260,-0.12702660,0.25923558,-0.06490192,0,0,0,0,0
1497,311666,-0.86873079,0.86386221,-0.00555731,-0.13319525,0.24330725,-0.04977021,0,0,0,0,0
1498,311875,-0.90460379,0.82991564,0.05684849,-0.16419473,0.26381531,-0.04895221,0,0,0,0,0
1499,312083,-0.93397556,0.79553331,0.12195077,-0.16875301,0.26389375,-0.05259820,0,0,0,0,0
1500,312291,-0.96125890,0.75229686,0.18759235,-0.17371713,0.25564454,-0.00192749,0,0,0,0,0
1501,312500,-0.96943884,0.71265507,0.24404885,-0.18520574,0.22468793,-0.02804551,0,0,0,0,0
1502,312708,-0.98144310,0.65934906,0.30327460,-0.20749485,0.23931284,0.00111628,0,0,0,0,0
1503,312916,-1.00005971,0.62589814,0.37105726,-0.19699027,0.23598782,0.00324236,0,0,0,0,0
1504,313125,-1.01156471,0.56539194,0.43182634,-0.20729653,0.23177938,0.03215679,0,0,0,0,0
1505,313333,-1.00944578,0.51525826,0.49683686,-0.22376791,0.21661394,0.03642692,0,0,0,0,0
1506,313541,-1.01386722,0.44934249,0.55398003,-0.23605085,0.21549317,0.06191725,0,0,0,0,0
1507,313750,-1.00898447,0.39129487,0.60513156,-0.25362916,0.21282415,0.08132604,0,0,0,0,0
1508,313958,-1.00362485,0.32787551,0.64323000,-0.24980967,0.21757423,0.07678814,0,0,0,0,0
1509,314166,-0.99033766,0.27202392,0.70512521,-0.24333582,0.18725996,0.09797648,0,0,0,0,0
1510,314375,-0.95927029,0.21313454,0.74472310,-0.24462493,0.17572284,0.11640216,0,0,0,0,0
1511,314583,-0.94544420,0.14338439,0.79256701,-0.25247160,0.18903162,0.10497930,0,0,0,0,0
1512,314791,-0.92501901,0.08164670,0.82757314,-0.24483086,0.15952274,0.13934571,0,0,0,0,0
1513,315000,-0.88997322,0.02002171,0.86584431,-0.26243833,0.15944143,0.15691154,0,0,0,0,0
1514,315208,-0.85280359,-0.04953527,0.89493718,-0.26142986,0.14653929,0.13658038,0,0,0,0,0
1515,315416,-0.83064482,-0.10932225,0.92479807,-0.24656771,0.11922766,0.13944523,0,0,0,0,0
1516,315625,-0.78536214,-0.17901949,0.94234020,-0.24090088,0.10014876,0.17301047,0,0,0,0,0
1517,315833,-0.73672763,-0.23886412,0.97212956,-0.23545966,0.12054870,0.16680123,0,0,0,0,0
1518,316041,-0.69636210,-0.31299766,0.98853761,-0.22704749,0.11009466,0.17603296,0,0,0,0,0
1519,316250,-0.64706864,-0.36241382,0.99951832,-0.24145726,0.08318856,0.17713377,0,0,0,0,0
1520,316458,-0.59741421,-0.42310012,1.00680932,-0.24350942,0.07310138,0.20604177,0,0,0,0,0
1521,316666,-0.53661282,-0.48633429,1.02131691,-0.21337637,0.07086722,0.17920892,0,0,0,0,0
1522,316875,-0.47885320,-0.54346807,1.01753534,-0.20629636,0.03968863,0.20703517,0,0,0,0,0
1523,317083,-0.42336531,-0.58764429,1.01096307,-0.20816484,0.03132270,0.18725572,0,0,0,0,0
1524,317291,-0.35895622,-0.64223579,0.99611892,-0.20815523,0.03793816,0.19929624,0,0,0,0,0
1525,317500,-0.30156155,-0.69809550,0.98814458,-0.19111737,0.01807295,0.18902797,0,0,0,0,0
1526,317708,-0.23710423,-0.73944657,0.96094919,-0.17529682,-0.01088497,0.22806563,0,0,0,0,0
1527,317916,-0.17735556,-0.78620451,0.95468839,-0.18993761,-0.03030694,0.21201168,0,0,0,0,0
1528,318125,-0.09981311,-0.82247210,0.92240809,-0.16683360,-0.05053479,0.20180187,0,0,0,0,0
1529,318333,-0.03984817,-0.86159084,0.90305719,-0.16706071,-0.03608809,0.20474703,0,0,0,0,0
1530,318541,0.03554353,-0.89454183,0.86375681,-0.15133684,-0.06702718,0.21226507,0,0,0,0,0
1531,318750,0.08859503,-0.91281520,0.82478492,-0.13525008,-0.04676392,0.20895681,0,0,0,0,0
1532,318958,0.15668471,-0.94851319,0.78022271,-0.13862581,-0.07762373,0.20448376,0,0,0,0,0
1533,319166,0.22109903,-0.96809885,0.73648000,-0.09328180,-0.09545105,0.20863649,0,0,0,0,0
1534,319375,0.28002156,-0.97505005,0.68096988,-0.09226196,-0.10151454,0.20179122,0,0,0,0,0
1535,319583,0.35349922,-0.99141522,0.63757435,-0.07990739,-0.08130725,0.21118235,0,0,0,0,0
1536,319791,0.40843841,-0.99370092,0.58459643,-0.07327040,-0.11236359,0.22174314,0,0,0,0,0
1537,320000,0.46563369,-0.99853019,0.53336496,-0.05031647,-0.12306936,0.19360270,0,0,0,0,0
1538,320208,0.53110469,-1.00410961,0.48422762,-0.01589454,-0.11985892,0.19939031,0,0,0,0,0
1539,320416,0.58330302,-0.99900724,0.41930727,-0.02187874,-0.16994043,0.17199750,0,0,0,0,0
1540,320625,0.61921134,-0.98632503,0.35863171,-0.01906010,-0.14047457,0.16638764,0,0,0,0,0
1541,320833,0.68752230,-0.97161869,0.29686010,-0.00267056,-0.15463947,0.14335430,0,0,0,0,0
1542,321041,0.73752626,-0.95329378,0.23201556,0.03756023,-0.16838063,0.13772423,0,0,0,0,0
1543,321250,0.75588866,-0.93529461,0.17037137,0.02894677,-0.16586613,0.13837211,0,0,0,0,0
1544,321458,0.79985591,-0.91071575,0.09540906,0.05395159,-0.16959596,0.11047986,0,0,0,0,0
1545,321666,0.84425575,-0.87196831,0.03776620,0.08893630,-0.16252554,0.12069516,0,0,0,0,0
1546,321875,0.87554397,-0.84700697,-0.03252750,0.04134137,-0.16700013,0.09579243,0,0,0,0,0
1547,322083,0.89855274,-0.80781904,-0.09485838,0.10034805,-0.15892310,0.07687411,0,0,0,0,0
1548,322291,0.93133506,-0.76761261,-0.16852812,0.09203994,-0.15822147,0.05080363,0,0,0,0,0
1549,322500,0.95487756,-0.72824989,-0.22451308,0.11755905,-0.14620923,0.05267169,0,0,0,0,0
1550,322708,0.96128293,-0.67203652,-0.28474542,0.12503747,-0.17104443,0.02896643,0,0,0,0,0
1551,322916,0.97220080,-0.62822584,-0.34664239,0.13262697,-0.16477673,0.01981341,0,0,0,0,0
1552,323125,0.99205834,-0.57171555,-0.41510232,0.11114590,-0.15105948,0.01656687,0,0,0,0,0
1553,323333,0.98947644,-0.52330636,-0.46753392,0.14069055,-0.13626345,-0.01621042,0,0,0,0,0
1554,323541,0.99761203,-0.46907534,-0.52261840,0.14723243,-0.13832756,-0.02218782,0,0,0,0,0
1555,323750,0.98756498,-0.39495563,-0.58501291,0.14883759,-0.12817808,-0.03171950,0,0,0,0,0
1556,323958,0.97593119,-0.33193932,-0.63428782,0.16154184,-0.11590499,-0.05932070,0,0,0,0,0
1557,324166,0.95575549,-0.28535550,-0.68207230,0.17279745,-0.12003808,-0.06920441,0,0,0,0,0
1558,324375,0.94645775,-0.21566963,-0.72668960,0.16512689,-0.10270350,-0.08852016,0,0,0,0,0
1559,324583,0.92826577,-0.15499928,-0.77026269,0.16063307,-0.11027747,-0.10007969,0,0,0,0,0
1560,324791,0.89533244,-0.08584954,-0.81896877,0.17862638,-0.09041636,-0.11617437,0,0,0,0,0
1561,325000,0.85964783,-0.02469976,-0.84571773,0.16351756,-0.05651223,-0.11134066,0,0,0,0,0
1562,325208,0.83797974,0.04877892,-0.88201970,0.18131010,-0.06291356,-0.14781310,0,0,0,0,0
1563,325416,0.80291543,0.10313831,-0.91195636,0.18575081,-0.06205045,-0.15610651,0,0,0,0,0
1564,325625,0.75546033,0.16953860,-0.93020785,0.18962046,-0.03976109,-0.15133560,0,0,0,0,0
1565,325833,0.73560812,0.23472611,-0.95277870,0.17928353,-0.03945834,-0.17392361,0,0,0,0,0
1566,326041,0.68336566,0.30416710,-0.97535694,0.14842413,-0.01418973,-0.16646321,0,0,0,0,0
1567,326250,0.62850865,0.37020815,-0.98492412,0.15950893,-0.01134971,-0.17507517,0,0,0,0,0
1568,326458,0.57599841,0.42493121,-0.99449135,0.15140458,0.01494892,-0.19420081,0,0,0,0,0
1569,326666,0.51865135,0.48365379,-0.99410490,0.17074304,0.01296703,-0.20374899,0,0,0,0,0
1570,326875,0.47218667,0.54434531,-1.00057254,0.16568087,0.02057964,-0.20250685,0,0,0,0,0
1571,327083,0.40505158,0.59325745,-1.00054196,0.13094164,0.03699470,-0.21109598,0,0,0,0,0
1572,327291,0.34217851,0.64597081,-0.98274353,0.12786881,0.03297642,-0.20791970,0,0,0,0,0
1573,327500,0.28001365,0.69550192,-0.96984408,0.13651538,0.05381455,-0.22081067,0,0,0,0,0
1574,327708,0.21436978,0.74723118,-0.95516426,0.12507241,0.05521919,-0.22329127,0,0,0,0,0
1575,327916,0.14394738,0.76992984,-0.92784287,0.10402541,0.07138896,-0.21165086,0,0,0,0,0
1576,328125,0.09481873,0.82601766,-0.90905488,0.11725555,0.08151917,-0.23107142,0,0,0,0,0
1577,328333,0.01832709,0.86114844,-0.87622512,0.08939059,0.09370411,-0.23011783,0,0,0,0,0
1578,328541,-0.04992043,0.89490282,-0.85487652,0.10085824,0.10421517,-0.23365042,0,0,0,0,0
1579,328750,-0.11475215,0.92449635,-0.80598656,0.08769776,0.12168556,-0.22563292,0,0,0,0,0
1580,328958,-0.17775232,0.94479645,-0.76834386,0.07719740,0.11613150,-0.23172691,0,0,0,0,0
1581,329166,-0.22675802,0.96309391,-0.72482540,0.06980319,0.12465774,-0.22169530,0,0,0,0,0
1582,329375,-0.30272875,0.98898172,-0.66926250,0.05687123,0.13951564,-0.23371663,0,0,0,0,0
1583,329583,-0.36016656,0.99744747,-0.63093214,0.04365945,0.13779093,-0.23177178,0,0,0,0,0
1584,329791,-0.42496186,1.00232879,-0.58417187,0.03189166,0.16144360,-0.23012301,0,0,0,0,0
1585,330000,-0.47803795,1.01480633,-0.51910367,0.00890519,0.16652509,-0.21868808,0,0,0,0,0
1586,330208,-0.53556963,1.00752196,-0.46031978,-0.02246287,0.17475949,-0.20962229,0,0,0,0,0
1587,330416,-0.59029420,1.01016304,-0.40625559,-0.01025515,0.18385246,-0.20483856,0,0,0,0,0
1588,330625,-0.63823056,0.99956830,-0.35186316,-0.01580930,0.17808339,-0.19085836,0,0,0,0,0
1589,330833,-0.69171660,0.99191046,-0.27875976,-0.04262203,0.19306993,-0.18383660,0,0,0,0,0
1590,331041,-0.73520811,0.97385690,-0.22489599,-0.05888040,0.19973194,-0.17175604,0,0,0,0,0
1591,331250,-0.77066242,0.93775375,-0.15159136,-0.06691730,0.20404300,-0.14634805,0,0,0,0,0
1592,331458,-0.81561704,0.91916308,-0.08645015,-0.07868228,0.20691394,-0.15909128,0,0,0,0,0
1593,331666,-0.85204909,0.89776078,-0.02426101,-0.10952632,0.19419868,-0.13773455,0,0,0,0,0
1594,331875,-0.88978427,0.85862199,0.02923303,-0.12573266,0.19325808,-0.14297192,0,0,0,0,0
1595,332083,-0.91183470,0.81595121,0.10190731,-0.11582154,0.19379930,-0.10670593,0,0,0,0,0
1596,332291,-0.93563249,0.77498549,0.16655716,-0.10915104,0.17988202,-0.11030752,0,0,0,0,0
1597,332500,-0.95411567,0.73382914,0.23092558,-0.10849612,0.17442517,-0.09507214,0,0,0,0,0
1598,332708,-0.96376815,0.68872883,0.29683084,-0.12344766,0.19164692,-0.07556969,0,0,0,0,0
1599,332916,-0.97951778,0.64494990,0.36541160,-0.14166235,0.17213198,-0.05820806,0,0,0,0,0
1600,333125,-0.99620159,0.58980628,0.41775708,-0.14367902,0.17238064,-0.06052098,0,0,0,0,0
1601,333333,-0.99204226,0.53480649,0.48327198,-0.15860175,0.14029982,-0.05068373,0,0,0,0,0
1602,333541,-0.99187462,0.48253182,0.52654794,-0.14922726,0.14508409,-0.04738288,0,0,0,0,0
1603,333750,-0.97882069,0.41978239,0.57669819,-0.16936355,0.14014681,-0.00286506,0,0,0,0,0
1604,333958,-0.97697209,0.36099528,0.63839577,-0.15070064,0.12363811,-0.00678854,0,0,0,0,0
1605,334166,-0.96068982,0.29561224,0.68551177,-0.18379174,0.11543862,-0.00284408,0,0,0,0,0
1606,334375,-0.94222472,0.23515561,0.72857586,-0.18408873,0.11572256,0.01321401,0,0,0,0,0
1607,334583,-0.91780800,0.16915680,0.77027238,-0.17560654,0.11845207,0.04370726,0,0,0,0,0
1608,334791,-0.90407818,0.11252834,0.80582928,-0.17603560,0.08739502,0.05210006,0,0,0,0,0
1609,335000,-0.87334478,0.05056105,0.83621067,-0.18802372,0.05165171,0.07484062,0,0,0,0,0
1610,335208,-0.83857575,-0.03162702,0.87505521,-0.17286873,0.06553551,0.08049847,0,0,0,0,0
1611,335416,-0.80334358,-0.08665743,0.90756639,-0.18433061,0.05666678,0.08530086,0,0,0,0,0
1612,335625,-0.75622648,-0.16439421,0.93093822,-0.17317083,0.04434046,0.09580658,0,0,0,0,0
1613,335833,-0.72089507,-0.21905220,0.93686895,-0.17533895,0.02732462,0.11183644,0,0,0,0,0
1614,336041,-0.67287506,-0.28252320,0.95658311,-0.17582026,-0.00352732,0.10994139,0,0,0,0,0
1615,336250,-0.62461304,-0.35277686,0.99230622,-0.16359674,0.00976873,0.09282840,0,0,0,0,0
1616,336458,-0.56842493,-0.40703989,0.99019114,-0.16025315,-0.00406119,0.12595190,0,0,0,0,0
1617,336666,-0.51421588,-0.47212578,0.98873019,-0.13425614,-0.03491946,0.11617759,0,0,0,0,0
1618,336875,-0.46072195,-0.52703020,0.98844982,-0.11859661,-0.05410936,0.15119667,0,0,0,0,0
1619,337083,-0.39401880,-0.56931738,0.98384087,-0.13151363,-0.03525531,0.14862590,0,0,0,0,0
1620,337291,-0.33548503,-0.62580325,0.98533244,-0.12030920,-0.04377128,0.16253449,0,0,0,0,0
1621,337500,-0.28521758,-0.68301172,0.97463978,-0.11838983,-0.07564331,0.13865563,0,0,0,0,0
1622,337708,-0.20599249,-0.71670654,0.94309573,-0.10578849,-0.08751429,0.15581536,0,0,0,0,0
1623,337916,-0.14825569,-0.75933319,0.93646647,-0.10644311,-0.09719450,0.13577143,0,0,0,0,0
1624,338125,-0.07789149,-0.80289830,0.91044536,-0.09592314,-0.10744318,0.16734638,0,0,0,0,0
1625,338333,-0.00590200,-0.84737150,0.86210660,-0.06689774,-0.11264195,0.15689694,0,0,0,0,0
1626,338541,0.04412149,-0.87478145,0.83653482,-0.04537321,-0.11269249,0.15874567,0,0,0,0,0
1627,338750,0.12542296,-0.90230365,0.80217097,-0.05134748,-0.14567412,0.14805031,0,0,0,0,0
1628,338958,0.18311582,-0.92870830,0.75495848,-0.04596209,-0.16817276,0.16553441,0,0,0,0,0
1629,339166,0.25293942,-0.94465458,0.71531554,-0.02025405,-0.18341533,0.16516668,0,0,0,0,0
1630,339375,0.31001337,-0.97427057,0.66152380,-0.01681755,-0.17700064,0.16856143,0,0,0,0,0
1631,339583,0.36522790,-0.97498368,0.61384321,-0.01191764,-0.17477062,0.17516895,0,0,0,0,0
1632,339791,0.42459052,-0.99567843,0.56247059,0.01160850,-0.19899519,0.15101333,0,0,0,0,0
1633,340000,0.49195794,-0.99600895,0.50682650,0.04887979,-0.19709777,0.16479681,0,0,0,0,0
1634,340208,0.54673312,-0.99246881,0.45723457,0.04137505,-0.19301248,0.14652801,0,0,0,0,0
1635,340416,0.60342766,-0.97543528,0.38775405,0.03372287,-0.21437114,0.15199475,0,0,0,0,0
1636,340625,0.65813216,-0.97978126,0.33366335,0.07064782,-0.23876857,0.13507903,0,0,0,0,0
1637,340833,0.69410454,-0.96875851,0.27090564,0.08724755,-0.21170192,0.12017067,0,0,0,0,0
1638,341041,0.74444676,-0.94901850,0.21560941,0.11157827,-0.22181269,0.11020886,0,0,0,0,0
1639,341250,0.79504169,-0.93120934,0.14360095,0.11084042,-0.23869020,0.11412375,0,0,0,0,0
1640,341458,0.83593311,-0.90707149,0.07403795,0.11585295,-0.23933003,0.09745670,0,0,0,0,0
1641,341666,0.85857943,-0.86825883,0.01022141,0.12894832,-0.26497005,0.07360774,0,0,0,0,0
1642,341875,0.90034662,-0.83836006,-0.05066637,0.13632614,-0.24934794,0.07049239,0,0,0,0,0
1643,342083,0.92963072,-0.79779868,-0.11680789,0.14945454,-0.23464380,0.07081582,0,0,0,0,0
1644,342291,0.94704058,-0.76165956,-0.18463042,0.15192264,-0.22034446,0.04723130,0,0,0,0,0
1645,342500,0.97071778,-0.71529459,-0.23741377,0.17289725,-0.23028636,0.04616179,0,0,0,0,0
1646,342708,0.98570461,-0.67471857,-0.30685660,0.19404761,-0.22081205,0.03747206,0,0,0,0,0
1647,342916,0.99781406,-0.62047709,-0.37248666,0.19212198,-0.22910729,0.03052872,0,0,0,0,0
1648,343125,1.00039454,-0.57378604,-0.43615341,0.18222658,-0.21261760,-0.00245983,0,0,0,0,0
1649,343333,1.00456227,-0.51484194,-0.48663638,0.21236650,-0.22653162,-0.00859571,0,0,0,0,0
1650,343541,1.00691694,-0.46641517,-0.55262591,0.22428735,-0.20804327,-0.02136383,0,0,0,0,0
1651,343750,1.00219852,-0.39200376,-0.60611765,0.23759631,-0.19395886,-0.02726218,0,0,0,0,0
1652,343958,0.98606935,-0.33844924,-0.64607871,0.23639481,-0.21335068,-0.05927691,0,0,0,0,0
1653,344166,0.98131372,-0.28099537,-0.68881162,0.22650554,-0.17286830,-0.05472279,0,0,0,0,0
1654,344375,0.95948462,-0.21910130,-0.74779278,0.22856091,-0.16579876,-0.08107018,0,0,0,0,0
1655,344583,0.93866843,-0.15672129,-0.78832423,0.24522235,-0.16720638,-0.09198021,0,0,0,0,0
1656,344791,0.91671498,-0.09081855,-0.81692896,0.21800041,-0.16112198,-0.10180355,0,0,0,0,0
1657,345000,0.88878359,-0.02258699,-0.87134506,0.23671193,-0.13988161,-0.11878538,0,0,0,0,0
1658,345208,0.85462063,0.03000112,-0.88454775,0.23513575,-0.14041596,-0.12343077,0,0,0,0,0
1659,345416,0.82398360,0.10899091,-0.91695067,0.24381500,-0.11187165,-0.12066445,0,0,0,0,0
1660,345625,0.77723222,0.15330387,-0.94488426,0.22200125,-0.09730797,-0.14349670,0,0,0,0,0
1661,345833,0.73112641,0.23079857,-0.96706671,0.22315455,-0.08836020,-0.13661418,0,0,0,0,0
1662,346041,0.69521368,0.30377270,-0.98294330,0.20985236,-0.08568681,-0.16838333,0,0,0,0,0
1663,346250,0.64168894,0.36954028,-1.00024383,0.20703847,-0.06600730,-0.15479292,0,0,0,0,0
1664,346458,0.59350416,0.41592304,-1.00213817,0.20735818,-0.05167707,-0.15604163,0,0,0,0,0
1665,346666,0.52862805,0.47876461,-1.01652465,0.19807464,-0.02074657,-0.17386325,0,0,0,0,0
1666,346875,0.47774514,0.53949159,-1.00469275,0.20394377,-0.01700095,-0.18643570,0,0,0,0,0
1667,347083,0.41063469,0.58041153,-1.00865101,0.19451233,-0.02061364,-0.16802703,0,0,0,0,0
1668,347291,0.35582620,0.62949861,-0.99833293,0.18002152,0.01651842,-0.18983173,0,0,0,0,0
1669,347500,0.30086772,0.67955207,-0.97916303,0.16207261,0.03447590,-0.17944188,0,0,0,0,0
1670,347708,0.23236162,0.73591305,-0.95970869,0.15949015,0.01641783,-0.19353973,0,0,0,0,0
1671,347916,0.16275223,0.78338393,-0.94592682,0.14920847,0.04666043,-0.18936053,0,0,0,0,0
1672,348125,0.09708719,0.81641748,-0.91135050,0.14387149,0.05526552,-0.16528657,0,0,0,0,0
1673,348333,0.04126552,0.84910436,-0.88309614,0.14312067,0.05595250,-0.17604476,0,0,0,0,0
1674,348541,-0.03691942,0.88647531,-0.85735293,0.11165495,0.08556947,-0.19002720,0,0,0,0,0
1675,348750,-0.10146812,0.91115923,-0.81720220,0.11843865,0.07560695,-0.18971066,0,0,0,0,0
1676,348958,-0.16859467,0.92807634,-0.78220042,0.12306039,0.12368765,-0.19903020,0,0,0,0,0
1677,349166,-0.21804529,0.95105102,-0.72935402,0.07755615,0.12343774,-0.20000850,0,0,0,0,0
1678,349375,-0.30176533,0.97105031,-0.67975539,0.08757965,0.12134877,-0.18327223,0,0,0,0,0
1679,349583,-0.34803476,0.98987594,-0.63703860,0.05671156,0.12877660,-0.17095941,0,0,0,0,0
1680,349791,-0.41365119,0.99030681,-0.56905460,0.04235963,0.13099494,-0.19051918,0,0,0,0,0
1681,350000,-0.47136219,0.99727213,-0.53288100,0.03152755,0.15058979,-0.17041536,0,0,0,0,0
1682,350208,-0.52357203,0.99318335,-0.47167074,0.01426726,0.15177621,-0.16391011,0,0,0,0,0
1683,350416,-0.58567171,0.98670837,-0.40907424,-0.01046859,0.17050815,-0.15378064,0,0,0,0,0
1684,350625,-0.63778634,0.97630012,-0.36024668,-0.02491861,0.16587166,-0.13604397,0,0,0,0,0
1685,350833,-0.68643415,0.97508286,-0.28727370,-0.02252171,0.18358170,-0.13348434,0,0,0,0,0
1686,351041,-0.73503685,0.93986355,-0.22494270,-0.04076273,0.18475921,-0.11714921,0,0,0,0,0
1687,351250,-0.77058880,0.93394836,-0.16246037,-0.06625617,0.19215486,-0.12401349,0,0,0,0,0
1688,351458,-0.80962338,0.90541546,-0.08757453,-0.07805677,0.18391870,-0.10963313,0,0,0,0,0
1689,351666,-0.84649066,0.87379950,-0.02595118,-0.08663576,0.19639006,-0.08468100,0,0,0,0,0
1690,351875,-0.88387840,0.84312359,0.03374867,-0.09289055,0.17737620,-0.08063469,0,0,0,0,0
1691,352083,-0.91270933,0.79002223,0.10222225,-0.09728829,0.19920921,-0.03794351,0,0,0,0,0
1692,352291,-0.93896412,0.76544007,0.16580642,-0.10614773,0.16948774,-0.05698471,0,0,0,0,0
1693,352500,-0.95188894,0.70877007,0.22715996,-0.13769144,0.17483495,-0.01765808,0,0,0,0,0
1694,352708,-0.97236503,0.67667373,0.28929610,-0.13255838,0.17579906,-0.03828421,0,0,0,0,0
1695,352916,-0.98501941,0.62305316,0.35987719,-0.15416378,0.17434704,-0.02002715,0,0,0,0,0
1696,353125,-1.00477853,0.57009938,0.41637318,-0.15600269,0.15769971,0.00691898,0,0,0,0,0
1697,353333,-0.99806555,0.50402124,0.47335276,-0.17203388,0.17265565,0.01056619,0,0,0,0,0
1698,353541,-0.99696908,0.45604298,0.52535465,-0.17345329,0.15440582,0.02634093,0,0,0,0,0
1699,353750,-0.98982318,0.39048609,0.58066311,-0.17109841,0.16206420,0.04147568,0,0,0,0,0
1700,353958,-0.98912271,0.34113386,0.64008134,-0.18775210,0.14041128,0.06330402,0,0,0,0,0
1701,354166,-0.96907830,0.28547716,0.68566821,-0.18166156,0.14585559,0.06397978,0,0,0,0,0
1702,354375,-0.95635191,0.21935933,0.73364185,-0.19545761,0.12205272,0.07319183,0,0,0,0,0
1703,354583,-0.93337509,0.14921021,0.77572616,-0.17735895,0.11940146,0.09800594,0,0,0,0,0
1704,354791,-0.90068574,0.07551322,0.81268889,-0.18563395,0.09933163,0.11470212,0,0,0,0,0
1705,355000,-0.87757282,0.01886301,0.85093500,-0.19275013,0.10123188,0.09752693,0,0,0,0,0
1706,355208,-0.84183947,-0.04748120,0.88072904,-0.19866020,0.07116554,0.11945419,0,0,0,0,0
1707,355416,-0.80828591,-0.10582740,0.91561896,-0.19305746,0.07557092,0.16560005,0,0,0,0,0
1708,355625,-0.76957540,-0.17657358,0.94048096,-0.18302967,0.06351017,0.16106966,0,0,0,0,0
1709,355833,-0.71812156,-0.23990991,0.95940571,-0.20827111,0.07486489,0.16114820,0,0,0,0,0
1710,356041,-0.68322103,-0.30570071,0.97191487,-0.20378043,0.02043291,0.16820493,0,0,0,0,0
1711,356250,-0.63529952,-0.37236109,0.99176970,-0.18581031,0.01328134,0.18772409,0,0,0,0,0
1712,356458,-0.58695918,-0.42181353,0.99419691,-0.17353239,0.01878275,0.19541130,0,0,0,0,0
1713,356666,-0.52256852,-0.49250913,0.99708857,-0.16726808,-0.00631850,0.18987780,0,0,0,0,0
1714,356875,-0.47325415,-0.54618209,1.00474589,-0.16754461,-0.00649646,0.18454611,0,0,0,0,0
1715,357083,-0.40897127,-0.59273191,0.99767447,-0.14584424,-0.02702946,0.19185786,0,0,0,0,0
1716,357291,-0.35894628,-0.64858877,0.99420584,-0.16040338,-0.04181178,0.22304702,0,0,0,0,0
1717,357500,-0.29115488,-0.69734411,0.97761987,-0.13395778,-0.04330697,0.22559909,0,0,0,0,0
1718,357708,-0.22386738,-0.74599829,0.95307162,-0.13494377,-0.03763010,0.21739218,0,0,0,0,0
1719,357916,-0.15423911,-0.78450663,0.93079202,-0.11972292,-0.04273587,0.21042682,0,0,0,0,0
1720,358125,-0.08813095,-0.82145119,0.90777163,-0.11992434,-0.08825030,0.23728327,0,0,0,0,0
1721,358333,-0.04268307,-0.86577141,0.87803540,-0.11712597,-0.07685324,0.21828663,0,0,0,0,0
1722,358541,0.04715816,-0.88349366,0.84790373,-0.09913776,-0.08352458,0.23542828,0,0,0,0,0
1723,358750,0.10443542,-0.91625367,0.81315022,-0.10510451,-0.09172180,0.22364393,0,0,0,0,0
1724,358958,0.16517807,-0.95383172,0.77363710,-0.07497360,-0.11753272,0.24096327,0,0,0,0,0
1725,359166,0.22704600,-0.96860404,0.73660342,-0.05205809,-0.10154353,0.21476778,0,0,0,0,0
1726,359375,0.28617098,-0.98414326,0.68073512,-0.07345599,-0.13273309,0.23763431,0,0,0,0,0
1727,359583,0.35153314,-1.00316757,0.64148180,-0.04628799,-0.13654800,0.22403861,0,0,0,0,0
1728,359791,0.40998611,-1.01359021,0.58482344,-0.02525731,-0.15840100,0.22302152,0,0,0,0,0
1729,360000,0.48197784,-1.00724617,0.53550276,-0.03976655,-0.15461824,0.21750717,0,0,0,0,0
1730,360208,0.54276464,-1.00430224,0.47074030,-0.01275133,-0.17103369,0.20632694,0,0,0,0,0
1731,360416,0.57337807,-1.00558423,0.40379952,0.00866924,-0.18748137,0.20625431,0,0,0,0,0
1732,360625,0.63553985,-0.98933964,0.35611326,0.02272199,-0.18259218,0.17858309,0,0,0,0,0
1733,360833,0.67964328,-0.98369940,0.28714134,0.02442494,-0.19794109,0.17502903,0,0,0,0,0
1734,361041,0.72912596,-0.97420031,0.22780204,0.05759805,-0.17452412,0.15704170,0,0,0,0,0
1735,361250,0.76827774,-0.95031506,0.15712819,0.06011675,-0.18789867,0.16272156,0,0,0,0,0
1736,361458,0.80762714,-0.92161370,0.09822662,0.06913462,-0.18674929,0.13490088,0,0,0,0,0
1737,361666,0.85272516,-0.88051397,0.01832667,0.09257381,-0.18185095,0.13591651,0,0,0,0,0
1738,361875,0.88696211,-0.84644138,-0.03586371,0.09398472,-0.18748438,0.10851817,0,0,0,0,0
1739,362083,0.91595223,-0.80779033,-0.11215526,0.11058544,-0.18313283,0.10653822,0,0,0,0,0
1740,362291,0.93465957,-0.77023913,-0.16710475,0.12528270,-0.17623129,0.08662595,0,0,0,0,0
1741,362500,0.95508099,-0.73159465,-0.23521756,0.11442025,-0.18074046,0.08243272,0,0,0,0,0
1742,362708,0.96650509,-0.67892961,-0.29372112,0.13471223,-0.15961600,0.06988348,0,0,0,0,0
1743,362916,0.97542851,-0.63447037,-0.36057217,0.13825870,-0.16849514,0.06280727,0,0,0,0,0
1744,363125,0.98720905,-0.57938145,-0.41893506,0.15401419,-0.14599214,0.03999503,0,0,0,0,0
1745,363333,0.99051682,-0.52481539,-0.46739159,0.15388885,-0.14128153,0.02463515,0,0,0,0,0
1746,363541,0.99037481,-0.45978751,-0.53890045,0.15764935,-0.16811046,0.03428449,0,0,0,0,0
1747,363750,0.98088121,-0.41707107,-0.57546809,0.16785350,-0.12839015,0.00047767,0,0,0,0,0
1748,363958,0.97614130,-0.35002948,-0.62896465,0.18098838,-0.13532125,0.00947795,0,0,0,0,0
1749,364166,0.95625633,-0.29281843,-0.67795970,0.16346739,-0.12149006,-0.00848738,0,0,0,0,0
1750,364375,0.94465107,-0.23530043,-0.73041055,0.17747389,-0.11256047,-0.03483991,0,0,0,0,0
1751,364583,0.92482314,-0.16588821,-0.76581171,0.16802024,-0.08521928,-0.05331904,0,0,0,0,0
1752,364791,0.90047156,-0.09491119,-0.79897452,0.18910274,-0.09419935,-0.07481694,0,0,0,0,0
1753,365000,0.85983201,-0.03619457,-0.84241305,0.17955777,-0.07591406,-0.08542602,0,0,0,0,0
1754,365208,0.84036433,0.03590754,-0.87889757,0.17561220,-0.07211997,-0.09638796,0,0,0,0,0
1755,365416,0.79952189,0.09376704,-0.89992260,0.17389277,-0.05627568,-0.09728720,0,0,0,0,0
1756,365625,0.74815510,0.17190208,-0.92858228,0.18614370,-0.03444334,-0.10234868,0,0,0,0,0
1757,365833,0.72254838,0.23629028,-0.95200305,0.17757454,-0.02035685,-0.10890260,0,0,0,0,0
1758,366041,0.67186203,0.29778687,-0.96756593,0.15755034,-0.00475698,-0.14518895,0,0,0,0,0
1759,366250,0.62542599,0.34922736,-0.97971450,0.15303727,-0.00232038,-0.15101602,0,0,0,0,0
1760,366458,0.56986292,0.41171289,-0.99020713,0.15443221,0.00722348,-0.14226574,0,0,0,0,0
1761,366666,0.51911540,0.47729639,-1.00029019,0.12637541,0.02210277,-0.15075032,0,0,0,0,0
1762,366875,0.46438127,0.52660189,-0.99867281,0.12225898,0.01123526,-0.14780582,0,0,0,0,0
1763,367083,0.39963926,0.57483403,-0.98113658,0.13228158,0.04745143,-0.17371237,0,0,0,0,0
1764,367291,0.34020290,0.63641272,-0.97888589,0.13485364,0.06674474,-0.15752113,0,0,0,0,0
1765,367500,0.28242131,0.69427306,-0.97359611,0.12597487,0.06702192,-0.16977603,0,0,0,0,0
1766,367708,0.21024262,0.74374696,-0.95050432,0.11164488,0.07605064,-0.17836276,0,0,0,0,0
1767,367916,0.14801111,0.77858684,-0.92508521,0.09270857,0.07668694,-0.16029653,0,0,0,0,0
1768,368125,0.07888746,0.80218109,-0.90279689,0.09258695,0.09347670,-0.17235293,0,0,0,0,0
1769,368333,0.02126085,0.85276510,-0.87357182,0.08560725,0.10325675,-0.19678222,0,0,0,0,0
1770,368541,-0.06022799,0.88764874,-0.83549681,0.07559492,0.14248859,-0.18979087,0,0,0,0,0
1771,368750,-0.11337519,0.92297103,-0.80751689,0.06882459,0.13618237,-0.19039664,0,0,0,0,0
1772,368958,-0.17832069,0.93455266,-0.75843441,0.04985745,0.14363915,-0.18142423,0,0,0,0,0
1773,369166,-0.24576593,0.95421620,-0.71335098,0.04166158,0.15943948,-0.18600183,0,0,0,0,0
1774,369375,-0.30569547,0.96701310,-0.67425665,0.01050862,0.17456227,-0.18060547,0,0,0,0,0
1775,369583,-0.36083540,0.97439635,-0.62089834,0.00948373,0.17205540,-0.15867372,0,0,0,0,0
1776,369791,-0.42437275,0.98957962,-0.56342369,-0.00587054,0.18719103,-0.16940204,0,0,0,0,0
1777,370000,-0.49219075,1.00241881,-0.51431038,-0.00983627,0.19549520,-0.16707780,0,0,0,0,0
1778,370208,-0.54819998,1.00390715,-0.46045533,-0.02746351,0.21068160,-0.16251548,0,0,0,0,0
1779,370416,-0.59469055,0.99220031,-0.41403963,-0.04658020,0.22020689,-0.16145411,0,0,0,0,0
1780,370625,-0.65347971,0.98782008,-0.32940084,-0.06559313,0.22430899,-0.15339607,0,0,0,0,0
1781,370833,-0.69015078,0.97456022,-0.27818589,-0.06993047,0.20883774,-0.13339663,0,0,0,0,0
1782,371041,-0.73353591,0.95956118,-0.20923651,-0.08309198,0.21235873,-0.12221283,0,0,0,0,0
1783,371250,-0.79289386,0.92685517,-0.14446493,-0.08879344,0.23530148,-0.11692935,0,0,0,0,0
1784,371458,-0.82471559,0.90899981,-0.08271382,-0.10142545,0.21365008,-0.09062033,0,0,0,0,0
1785,371666,-0.86682257,0.87719852,-0.01209454,-0.11447174,0.24806339,-0.10790812,0,0,0,0,0
1786,371875,-0.89226198,0.85417753,0.04761990,-0.12638466,0.23249087,-0.09946818,0,0,0,0,0
1787,372083,-0.92001521,0.80892280,0.11487023,-0.13924253,0.22221621,-0.07490214,0,0,0,0,0
1788,372291,-0.94176737,0.76516615,0.17471446,-0.15465155,0.19498469,-0.07020665,0,0,0,0,0
1789,372500,-0.95713721,0.71058036,0.24516208,-0.17293772,0.21723138,-0.04186419,0,0,0,0,0
1790,372708,-0.97966301,0.67703279,0.30637450,-0.18207554,0.21840545,-0.04402971,0,0,0,0,0
1791,372916,-0.99913860,0.63260271,0.36883136,-0.19177158,0.21237143,-0.03185335,0,0,0,0,0
1792,373125,-1.00358036,0.57832009,0.42809184,-0.19067851,0.21218457,-0.02526087,0,0,0,0,0
1793,373333,-1.00549102,0.50796634,0.48080757,-0.20361724,0.19479289,0.00384315,0,0,0,0,0
1794,373541,-1.00653481,0.45102482,0.54047337,-0.18629668,0.19297597,0.02299122,0,0,0,0,0
1795,373750,-1.00230443,0.40654882,0.59432864,-0.19058089,0.18692113,0.01937649,0,0,0,0,0
1796,373958,-0.99691706,0.34894099,0.63875725,-0.20222328,0.17213356,0.02115000,0,0,0,0,0
1797,374166,-0.96898517,0.28012532,0.68654163,-0.21510057,0.15477619,0.06185797,0,0,0,0,0
1798,374375,-0.96124956,0.23306544,0.74398091,-0.21348302,0.15699579,0.04762009,0,0,0,0,0
1799,374583,-0.93819360,0.15842932,0.78518321,-0.22501755,0.14866726,0.07294387,0,0,0,0,0
1800,374791,-0.90409681,0.09600161,0.82461976,-0.22433536,0.12177392,0.08148024,0,0,0,0,0
1801,375000,-0.88523647,0.02477193,0.85424483,-0.20555046,0.11588780,0.10639128,0,0,0,0,0
1802,375208,-0.85234144,-0.02658556,0.88587091,-0.19838898,0.11724718,0.10696893,0,0,0,0,0
1803,375416,-0.80819934,-0.09884824,0.91396724,-0.20849778,0.09455256,0.12599556,0,0,0,0,0
1804,375625,-0.77523501,-0.16825942,0.94543772,-0.19916424,0.09408983,0.12202871,0,0,0,0,0
1805,375833,-0.73360350,-0.22554071,0.96456891,-0.22026372,0.06124816,0.12837496,0,0,0,0,0
1806,376041,-0.67204650,-0.29850264,0.96938413,-0.20131882,0.06749050,0.13980070,0,0,0,0,0
1807,376250,-0.63925066,-0.36222062,0.99491578,-0.20582612,0.05295243,0.15335842,0,0,0,0,0
1808,376458,-0.58268316,-0.41749877,1.00436548,-0.19667869,0.04590139,0.15016420,0,0,0,0,0
1809,376666,-0.53474557,-0.47432509,1.00487073,-0.18385590,0.02904389,0.16912680,0,0,0,0,0
1810,376875,-0.46498667,-0.52812849,1.00711478,-0.17412233,0.01642720,0.15149347,0,0,0,0,0
1811,377083,-0.41239011,-0.57798462,1.00506651,-0.16170157,-0.02687034,0.16587603,0,0,0,0,0
1812,377291,-0.35024691,-0.63269028,0.98993504,-0.15926712,-0.01620826,0.16711722,0,0,0,0,0
1813,377500,-0.29057189,-0.68677518,0.97487093,-0.14978372,-0.03259299,0.17999160,0,0,0,0,0
1814,377708,-0.23404109,-0.72849322,0.96223631,-0.14692036,-0.03364015,0.16900964,0,0,0,0,0
1815,377916,-0.16203843,-0.77668946,0.94104211,-0.13109023,-0.06587534,0.17585209,0,0,0,0,0
1816,378125,-0.09140736,-0.80825120,0.90996363,-0.13212350,-0.06327539,0.15813289,0,0,0,0,0
1817,378333,-0.02973771,-0.85148881,0.89066375,-0.11584693,-0.08580139,0.18536434,0,0,0,0,0
1818,378541,0.03309424,-0.88582090,0.84661309,-0.09367631,-0.08625742,0.17296471,0,0,0,0,0
1819,378750,0.11387848,-0.91309500,0.81429049,-0.10818312,-0.08598679,0.18969107,0,0,0,0,0
1820,378958,0.17692621,-0.93757995,0.77962050,-0.09071480,-0.11103599,0.18785727,0,0,0,0,0
1821,379166,0.23371258,-0.94918440,0.73641419,-0.07345193,-0.12013876,0.18782207,0,0,0,0,0
1822,379375,0.29511380,-0.97037596,0.67923109,-0.05208323,-0.12051970,0.18382111,0,0,0,0,0
1823,379583,0.35702018,-0.99176912,0.62421827,-0.05495448,-0.13136572,0.16718887,0,0,0,0,0
1824,379791,0.41442687,-0.99963250,0.58058977,-0.04092458,-0.16507146,0.16626318,0,0,0,0,0
1825,380000,0.48247878,-1.00560136,0.52730153,-0.02399130,-0.17928690,0.15250563,0,0,0,0,0
1826,380208,0.53460317,-0.99859855,0.47196365,-0.00645604,-0.18393648,0.15794448,0,0,0,0,0
1827,380416,0.58190677,-0.99720989,0.39919134,-0.00019896,-0.18497584,0.15032513,0,0,0,0,0
1828,380625,0.64150057,-0.98129862,0.34335324,0.03002652,-0.18746437,0.12947401,0,0,0,0,0
1829,380833,0.69256629,-0.96632061,0.27868810,0.02442358,-0.21294810,0.12334555,0,0,0,0,0
1830,381041,0.72779859,-0.95413510,0.22584552,0.06115092,-0.19483569,0.13568601,0,0,0,0,0
1831,381250,0.78157516,-0.92548259,0.15174115,0.07618481,-0.21056041,0.11388658,0,0,0,0,0
1832,381458,0.81812675,-0.89446452,0.09484473,0.08054755,-0.20448475,0.09931841,0,0,0,0,0
1833,381666,0.85934282,-0.87545721,0.02315271,0.10113738,-0.20026166,0.09186438,0,0,0,0,0
1834,381875,0.88381859,-0.83773585,-0.03830914,0.07611429,-0.20731324,0.06381256,0,0,0,0,0
1835,382083,0.91711379,-0.79713986,-0.11000417,0.13824279,-0.20523473,0.05644504,0,0,0,0,0
1836,382291,0.94279896,-0.75655771,-0.17327859,0.14678192,-0.22023570,0.05361928,0,0,0,0,0
1837,382500,0.96091318,-0.71419340,-0.23880303,0.13799059,-0.18469367,0.04199614,0,0,0,0,0
1838,382708,0.97650761,-0.67605889,-0.30999592,0.14210896,-0.19903390,0.02553371,0,0,0,0,0
1839,382916,0.99448281,-0.62945426,-0.36334703,0.14988982,-0.18199979,0.00439515,0,0,0,0,0
1840,383125,0.99071694,-0.57448619,-0.42724596,0.17165601,-0.17076336,-0.00611414,0,0,0,0,0
1841,383333,1.01221549,-0.51441664,-0.48517806,0.18013880,-0.16613567,-0.00779530,0,0,0,0,0
1842,383541,1.00351829,-0.45524734,-0.53645729,0.19049834,-0.16684214,-0.02388186,0,0,0,0,0
1843,383750,0.99415903,-0.40446663,-0.58663429,0.19197001,-0.16019942,-0.04648123,0,0,0,0,0
1844,383958,0.98904631,-0.32992433,-0.64617892,0.17981855,-0.16084084,-0.03944374,0,0,0,0,0
1845,384166,0.98124337,-0.26768095,-0.69326334,0.19449972,-0.15235567,-0.06732294,0,0,0,0,0
1846,384375,0.94921383,-0.21203853,-0.73349869,0.20390630,-0.14495260,-0.08064732,0,0,0,0,0
1847,384583,0.92674521,-0.14812476,-0.77470279,0.21762626,-0.13483043,-0.10680776,0,0,0,0,0
1848,384791,0.90874850,-0.09178257,-0.80549204,0.20826870,-0.13330634,-0.09580646,0,0,0,0,0
1849,385000,0.87928841,-0.01906453,-0.84224701,0.19249449,-0.10669679,-0.12863935,0,0,0,0,0
1850,385208,0.84329638,0.04608697,-0.89322878,0.20306421,-0.10141215,-0.13996708,0,0,0,0,0
1851,385416,0.81502872,0.11349579,-0.91645359,0.19956683,-0.07156653,-0.12528230,0,0,0,0,0
1852,385625,0.76643733,0.17797406,-0.94924223,0.20057524,-0.07971440,-0.14018938,0,0,0,0,0
1853,385833,0.72144520,0.24586896,-0.96282836,0.19590597,-0.07074895,-0.16009941,0,0,0,0,0
1854,386041,0.68575031,0.31078134,-0.97135754,0.19274410,-0.05704652,-0.16843416,0,0,0,0,0
1855,386250,0.63459797,0.36886898,-0.99950025,0.18935556,-0.04091816,-0.16676390,0,0,0,0,0
1856,386458,0.58866704,0.42942102,-0.99754220,0.17165955,-0.01598552,-0.17559557,0,0,0,0,0
1857,386666,0.53296281,0.49135147,-1.00089479,0.19178563,-0.01882760,-0.19369953,0,0,0,0,0
1858,386875,0.47141159,0.53226498,-1.00758296,0.17496956,0.00192824,-0.19144778,0,0,0,0,0
1859,387083,0.41163758,0.60266316,-1.00602002,0.17018923,0.00925824,-0.18845968,0,0,0,0,0
1860,387291,0.34238868,0.64555281,-0.99065709,0.15239159,0.00167016,-0.19453495,0,0,0,0,0
1861,387500,0.28983103,0.69920937,-0.97905783,0.16566319,0.03016342,-0.21920879,0,0,0,0,0
1862,387708,0.23616467,0.73649724,-0.95885777,0.14668266,0.04206291,-0.20927803,0,0,0,0,0
1863,387916,0.16300422,0.79164195,-0.93949828,0.12299333,0.06391378,-0.21816617,0,0,0,0,0
1864,388125,0.10176930,0.82266100,-0.91480438,0.11491666,0.05639153,-0.20503353,0,0,0,0,0
1865,388333,0.03273948,0.85650533,-0.88143186,0.11980171,0.07680617,-0.19919221,0,0,0,0,0
1866,388541,-0.04118859,0.88774297,-0.85489616,0.11820257,0.08483655,-0.20468436,0,0,0,0,0
1867,388750,-0.10192945,0.91803884,-0.80839746,0.10673382,0.09016171,-0.21601567,0,0,0,0,0
1868,388958,-0.16060140,0.95207913,-0.77480596,0.10343428,0.09775318,-0.21400612,0,0,0,0,0
1869,389166,-0.22394466,0.95747296,-0.72779670,0.07039763,0.11170545,-0.20718588,0,0,0,0,0
1870,389375,-0.28998023,0.98797509,-0.68281831,0.07669902,0.12756749,-0.20576011,0,0,0,0,0
1871,389583,-0.34914289,0.99090535,-0.63240120,0.06658091,0.13380617,-0.21917856,0,0,0,0,0
1872,389791,-0.41074661,0.99966525,-0.58742883,0.04070691,0.15008999,-0.21985402,0,0,0,0,0
1873,390000,-0.47914640,1.01335662,-0.53113513,0.01967102,0.14949214,-0.19312166,0,0,0,0,0
1874,390208,-0.52293131,1.00147130,-0.46861185,0.02514050,0.16126769,-0.17916681,0,0,0,0,0
1875,390416,-0.58327570,1.00070152,-0.40813608,-0.00188515,0.17856802,-0.18483988,0,0,0,0,0
1876,390625,-0.63370376,0.99283654,-0.34516791,-0.02880301,0.16108917,-0.16692722,0,0,0,0,0
1877,390833,-0.68702299,0.98086835,-0.28687959,-0.01251470,0.18617332,-0.15229225,0,0,0,0,0
1878,391041,-0.73204120,0.96034818,-0.22597160,-0.04545754,0.20239112,-0.14578386,0,0,0,0,0
1879,391250,-0.76586054,0.93930573,-0.16325653,-0.04177261,0.19814491,-0.12498863,0,0,0,0,0
1880,391458,-0.81193200,0.90540476,-0.10453218,-0.08369775,0.20235856,-0.13021515,0,0,0,0,0
1881,391666,-0.84679179,0.87920308,-0.02066085,-0.07098924,0.18433666,-0.11248599,0,0,0,0,0
1882,391875,-0.88001971,0.84867617,0.04391905,-0.09342385,0.19302535,-0.11850720,0,0,0,0,0
1883,392083,-0.90094763,0.81530982,0.09856739,-0.10281642,0.18170888,-0.08512072,0,0,0,0,0
1884,392291,-0.94293877,0.77782479,0.16426136,-0.10729535,0.17567345,-0.09930370,0,0,0,0,0
1885,392500,-0.94381900,0.72643985,0.23170442,-0.12683666,0.16479384,-0.07093901,0,0,0,0,0
1886,392708,-0.96208893,0.67152308,0.30118028,-0.13730457,0.17623967,-0.05117716,0,0,0,0,0
1887,392916,-0.97593923,0.62936063,0.34729135,-0.13882584,0.15985092,-0.03657531,0,0,0,0,0
1888,393125,-0.98912879,0.58453634,0.40802855,-0.14723798,0.14612925,-0.03405345,0,0,0,0,0
1889,393333,-0.98629657,0.52779322,0.46881056,-0.16702935,0.17377047,-0.03438374,0,0,0,0,0
1890,393541,-0.98950757,0.47529796,0.52882106,-0.15337514,0.14972570,-0.00317369,0,0,0,0,0
1891,393750,-0.97916896,0.40874035,0.58620747,-0.18574722,0.15659289,0.01084365,0,0,0,0,0
1892,393958,-0.97507101,0.34987030,0.63958868,-0.17346996,0.13754501,0.02926047,0,0,0,0,0
1893,394166,-0.96280888,0.28774348,0.68284475,-0.17471676,0.11278426,0.05466409,0,0,0,0,0
1894,394375,-0.95065499,0.22449904,0.73089681,-0.17613480,0.10353309,0.08330170,0,0,0,0,0
1895,394583,-0.92433770,0.15087919,0.76766953,-0.17067416,0.10949821,0.08681143,0,0,0,0,0
1896,394791,-0.90072574,0.08946170,0.81233715,-0.16255963,0.09652037,0.09092923,0,0,0,0,0
1897,395000,-0.86984929,0.03072688,0.84220745,-0.18386140,0.08920504,0.09631519,0,0,0,0,0
1898,395208,-0.84114183,-0.03221524,0.87932547,-0.18359952,0.06582027,0.11158303,0,0,0,0,0
1899,395416,-0.80303198,-0.09934648,0.90798440,-0.16123450,0.05919064,0.11596797,0,0,0,0,0
1900,395625,-0.76356109,-0.16738027,0.93029119,-0.17992225,0.05001478,0.12632282,0,0,0,0,0
1901,395833,-0.72512033,-0.23505800,0.95241999,-0.16814496,0.05663413,0.14714732,0,0,0,0,0
1902,396041,-0.67427669,-0.30270672,0.96853724,-0.17708910,0.01766044,0.15503761,0,0,0,0,0
1903,396250,-0.62271393,-0.34584483,0.98001180,-0.14371349,0.00936977,0.16550620,0,0,0,0,0
1904,396458,-0.56775561,-0.41259953,0.99059482,-0.16476681,-0.00263487,0.16202125,0,0,0,0,0
1905,396666,-0.51709938,-0.48738417,0.99440265,-0.15231223,-0.01163590,0.17795476,0,0,0,0,0
1906,396875,-0.46515850,-0.54111670,0.99675955,-0.14742318,-0.02934312,0.16485287,0,0,0,0,0
1907,397083,-0.41125276,-0.58685635,0.98651333,-0.13350409,-0.06482328,0.16048727,0,0,0,0,0
1908,397291,-0.33790681,-0.64954515,0.98737094,-0.13691979,-0.08065220,0.18100501,0,0,0,0,0
1909,397500,-0.27844831,-0.68120366,0.96372104,-0.12233684,-0.05250753,0.16919769,0,0,0,0,0
1910,397708,-0.21208205,-0.73265829,0.94857785,-0.12256101,-0.05964223,0.19588830,0,0,0,0,0
1911,397916,-0.14511990,-0.78669165,0.92717744,-0.11666695,-0.07970821,0.18420996,0,0,0,0,0
1912,398125,-0.08056808,-0.81675295,0.91161570,-0.11923559,-0.09503840,0.20661611,0,0,0,0,0
1913,398333,-0.01393409,-0.85211859,0.87382567,-0.08152365,-0.10628303,0.19057705,0,0,0,0,0
1914,398541,0.04932172,-0.88119686,0.84195299,-0.07947668,-0.12101092,0.19365506,0,0,0,0,0
1915,398750,0.11733010,-0.91574280,0.79812917,-0.06359657,-0.12608883,0.19984499,0,0,0,0,0
1916,398958,0.17985632,-0.93566734,0.75692828,-0.06948201,-0.13283090,0.19779719,0,0,0,0,0
1917,399166,0.24921188,-0.96089159,0.72058300,-0.04434340,-0.15180628,0.20367196,0,0,0,0,0
1918,399375,0.29852768,-0.97037764,0.67053392,-0.04690334,-0.15326917,0.20951545,0,0,0,0,0
1919,399583,0.36349424,-0.99355590,0.62739290,-0.03314389,-0.16003615,0.19376444,0,0,0,0,0
1920,399791,0.42534053,-0.99315795,0.57806408,-0.01260985,-0.19105664,0.20232000,0,0,0,0,0
1921,400000,0.48109949,-0.99084947,0.51758129,-0.00030002,-0.18620790,0.19007206,0,1,0,0,0
1922,400208,0.53483307,-1.00255184,0.45904555,0.01030896,-0.18937210,0.18654803,0,1,0,0,0
1923,400416,0.59053840,-0.99275257,0.40865413,0.03422561,-0.20631236,0.16879115,0,1,0,0,0
1924,400625,0.64041098,-0.99110212,0.34063263,0.04761358,-0.18276414,0.15780863,0,1,0,0,0
1925,400833,0.70327544,-0.98277899,0.27160261,0.06621927,-0.19588560,0.14034271,0,1,0,0,0
1926,401041,0.73899120,-0.95598093,0.22362706,0.08531647,-0.21997980,0.13819133,0,1,0,0,0
1927,401250,0.79087448,-0.93094891,0.14667482,0.07626490,-0.21577454,0.12809328,0,1,0,0,0
1928,401458,0.82105348,-0.91205302,0.08502945,0.08837118,-0.23741009,0.12121936,0,1,0,0,0
1929,401666,0.85914965,-0.87570278,0.02029473,0.10732564,-0.21973017,0.10286199,0,1,0,0,0
1930,401875,0.89474313,-0.84066476,-0.04644074,0.10300890,-0.22299103,0.10848342,0,1,0,0,0
1931,402083,0.92065899,-0.79795487,-0.12331866,0.13429140,-0.21299136,0.07560434,0,1,0,0,0
1932,402291,0.92854273,-0.75986767,-0.16994152,0.15381879,-0.20240838,0.06884709,0,1,0,0,0
1933,402500,0.96061971,-0.73200489,-0.24119295,0.16646947,-0.19972857,0.06413325,0,1,0,0,0
1934,402708,0.97125520,-0.67139478,-0.30132213,0.15699276,-0.21477522,0.04770828,0,1,0,0,0
1935,402916,0.98373251,-0.63266324,-0.37066036,0.16654665,-0.18507479,0.04631122,0,1,0,0,0
1936,403125,0.98892694,-0.57651474,-0.41667448,0.17777123,-0.18130134,0.02092137,0,1,0,0,0
1937,403333,0.99135012,-0.51818233,-0.50225714,0.19415285,-0.17903963,0.01365854,0,1,0,0,0
1938,403541,0.99345919,-0.46185475,-0.54142292,0.18381621,-0.17934533,-0.00096784,0,1,0,0,0
1939,403750,0.99764386,-0.40165413,-0.59910746,0.22059485,-0.16147750,-0.02187138,0,1,0,0,0
1940,403958,0.97709039,-0.35121025,-0.64275677,0.18671134,-0.16466879,-0.01844028,0,1,0,0,0
1941,404166,0.98139478,-0.28247433,-0.70457012,0.18018890,-0.15351874,-0.05826704,0,1,0,0,0
1942,404375,0.95251419,-0.21756933,-0.73899597,0.21021970,-0.14204818,-0.03817431,0,1,0,0,0
1943,404583,0.92916942,-0.16243048,-0.77862889,0.22685714,-0.11191381,-0.07264794,0,1,0,0,0
1944,404791,0.90756243,-0.10072004,-0.81942663,0.21315237,-0.11110370,-0.06482732,0,1,0,0,0
1945,405000,0.88295889,-0.03233482,-0.84779377,0.21263096,-0.10012007,-0.10938618,0,1,0,0,0
1946,405208,0.84394580,0.04282293,-0.89043071,0.21829602,-0.08465862,-0.09271271,0,1,0,0,0
1947,405416,0.80036620,0.10968070,-0.90240060,0.20036597,-0.09462485,-0.08316120,0,1,0,0,0
1948,405625,0.77044358,0.16390042,-0.93799411,0.18655876,-0.07016319,-0.12082908,0,1,0,0,0
1949,405833,0.72819979,0.22910662,-0.95783700,0.19560865,-0.07418842,-0.14241478,0,1,0,0,0
1950,406041,0.68046249,0.28747630,-0.98316283,0.19035636,-0.04253800,-0.13611791,0,1,0,0,0
1951,406250,0.63293139,0.35260933,-0.99213262,0.17056688,-0.03206584,-0.15879603,0,1,0,0,0
1952,406458,0.58710163,0.41962459,-1.00229575,0.18930424,-0.01963122,-0.15497617,0,1,0,0,0
1953,406666,0.53443393,0.46854298,-1.00192363,0.17239125,0.00513030,-0.15123081,0,1,0,0,0
1954,406875,0.47506056,0.52389606,-1.00311242,0.18213488,0.01759212,-0.16694190,0,1,0,0,0
1955,407083,0.40891856,0.58587850,-0.98927753,0.13347266,0.03439469,-0.15586409,0,1,0,0,0
1956,407291,0.35151012,0.63107575,-0.98970598,0.16474773,0.01913780,-0.14753328,0,1,0,0,0
1957,407500,0.28759295,0.68016638,-0.97520014,0.13498251,0.04961288,-0.15643754,0,1,0,0,0
1958,407708,0.21903170,0.73210632,-0.95435780,0.12399070,0.03812595,-0.16771913,0,1,0,0,0
1959,407916,0.15710175,0.78100967,-0.93592984,0.12233065,0.07141957,-0.16994004,0,1,0,0,0
1960,408125,0.08725413,0.81221335,-0.89788852,0.14919444,0.08237934,-0.18450072,0,1,0,0,0
1961,408333,0.02529980,0.84707267,-0.87969268,0.11529158,0.07802546,-0.17705312,0,1,0,0,0
1962,408541,-0.05301662,0.87903274,-0.84587686,0.09768463,0.10746236,-0.17302865,0,1,0,0,0
1963,408750,-0.10856849,0.91272166,-0.81106126,0.07767856,0.11028790,-0.18960386,0,1,0,0,0
1964,408958,-0.16451120,0.93547657,-0.77674739,0.06902928,0.13865594,-0.19363796,0,1,0,0,0
1965,409166,-0.23620650,0.95733006,-0.72473708,0.04606122,0.12793651,-0.21544482,0,1,0,0,0
1966,409375,-0.30186954,0.97615636,-0.68107838,0.06018067,0.13469542,-0.18699829,0,1,0,0,0
1967,409583,-0.36136009,0.97631875,-0.62119739,0.02883685,0.15317894,-0.18809318,0,1,0,0,0
1968,409791,-0.42442069,0.99277989,-0.58934260,0.02670161,0.16680996,-0.17221631,0,1,0,0,0
1969,410000,-0.47944645,0.99515209,-0.51994968,0.00662412,0.17002640,-0.17640271,0,1,0,0,0
1970,410208,-0.54486901,0.99242213,-0.46860788,-0.00656685,0.19144481,-0.15734723,0,1,0,0,0
1971,410416,-0.58826153,0.99110078,-0.40744748,-0.02117015,0.20233721,-0.14628190,0,1,0,0,0
1972,410625,-0.64032548,0.97696030,-0.35073171,-0.04972583,0.21176172,-0.13957985,0,1,0,0,0
1973,410833,-0.69775552,0.96991988,-0.27931629,-0.05353159,0.20279485,-0.12552069,0,1,0,0,0
1974,411041,-0.73237141,0.94378393,-0.20952960,-0.07237708,0.21118715,-0.11787801,0,1,0,0,0
1975,411250,-0.78238467,0.92442784,-0.14715776,-0.07038970,0.22158021,-0.11276361,0,1,0,0,0
1976,411458,-0.81989152,0.90472274,-0.09268212,-0.08603790,0.20335289,-0.10589746,0,1,0,0,0
1977,411666,-0.84856166,0.87316733,-0.02303860,-0.09738683,0.21050126,-0.09053059,0,1,0,0,0
1978,411875,-0.88832684,0.84324897,0.04957770,-0.10622348,0.21046247,-0.07516447,0,1,0,0,0
1979,412083,-0.91824044,0.80316103,0.11878103,-0.11876952,0.20961750,-0.07382507,0,1,0,0,0
1980,412291,-0.93963421,0.76489170,0.17749952,-0.13083996,0.20618063,-0.06320810,0,1,0,0,0
1981,412500,-0.95275075,0.71709742,0.23719071,-0.14399610,0.20262562,-0.04650881,0,1,0,0,0
1982,412708,-0.97634133,0.67514517,0.30398758,-0.16150572,0.18800668,-0.03319758,0,1,0,0,0
1983,412916,-0.98940550,0.62225336,0.36621663,-0.15985394,0.17329538,-0.02773469,0,1,0,0,0
1984,413125,-0.99753368,0.55996491,0.42153989,-0.18845556,0.19212840,-0.00476653,0,1,0,0,0
1985,413333,-1.01023696,0.52441888,0.48553189,-0.18983337,0.19249146,-0.00358679,0,1,0,0,0
1986,413541,-1.00498798,0.45841032,0.53928426,-0.18253701,0.17553894,0.00913561,0,1,0,0,0
1987,413750,-0.99009297,0.39653966,0.58240698,-0.19794358,0.17677736,0.03862751,0,1,0,0,0
1988,413958,-0.98751682,0.33800186,0.64795467,-0.20227588,0.17636537,0.04748646,0,1,0,0,0
1989,414166,-0.96719966,0.27781034,0.69219340,-0.19211135,0.17060291,0.06238769,0,1,0,0,0
1990,414375,-0.96296370,0.22548950,0.73831677,-0.20683897,0.13637395,0.07508831,0,1,0,0,0
1991,414583,-0.93859067,0.15218466,0.78388817,-0.22336904,0.13824220,0.09359705,0,1,0,0,0
1992,414791,-0.91159916,0.09479298,0.82109914,-0.21662816,0.12771405,0.11758270,0,1,0,0,0
1993,415000,-0.87611942,0.01939782,0.85480513,-0.19789437,0.09745350,0.10541417,0,1,0,0,0
1994,415208,-0.85264211,-0.04641088,0.88477029,-0.20771588,0.09001806,0.11520259,0,1,0,0,0
1995,415416,-0.81447329,-0.10810073,0.91273562,-0.20834545,0.08232408,0.12244574,0,1,0,0,0
1996,415625,-0.76773014,-0.16737179,0.94338521,-0.21162556,0.07913407,0.13177481,0,1,0,0,0
1997,415833,-0.73359193,-0.23936672,0.96204911,-0.20504568,0.05859274,0.15366089,0,1,0,0,0
1998,416041,-0.68586764,-0.30466229,0.97774572,-0.18957610,0.04275194,0.14979712,0,1,0,0,0
1999,416250,-0.63183093,-0.36424255,0.99234764,-0.17563155,0.02871039,0.16850916,0,1,0,0,0
2000,416458,-0.58109858,-0.42269257,1.00215664,-0.21031385,0.01983555,0.17689347,0,1,0,0,0
2001,416666,-0.52706164,-0.48029741,1.00638039,-0.19914738,-0.01135967,0.17891288,0,1,0,0,0
2002,416875,-0.47180365,-0.53539217,1.01121429,-0.17831442,0.00362223,0.17859943,0,1,0,0,0
2003,417083,-0.41014650,-0.59055884,0.99951692,-0.18017863,-0.01639509,0.19936859,0,1,0,0,0
2004,417291,-0.35380255,-0.64695689,0.98953523,-0.16815053,-0.04022197,0.17278021,0,1,0,0,0
2005,417500,-0.28162850,-0.69228081,0.98478442,-0.15427826,-0.01986569,0.19653189,0,1,0,0,0
2006,417708,-0.23075419,-0.74046342,0.95808760,-0.16688577,-0.03780324,0.20706756,0,1,0,0,0
2007,417916,-0.15271154,-0.78010504,0.94102452,-0.10770723,-0.06901533,0.19936348,0,1,0,0,0
2008,418125,-0.10240261,-0.82281834,0.90753373,-0.12681845,-0.08409688,0.19408865,0,1,0,0,0
2009,418333,-0.02663891,-0.85023338,0.87984798,-0.10728055,-0.08230347,0.20924272,0,1,0,0,0
2010,418541,0.03818121,-0.89278714,0.84776798,-0.10408502,-0.07381162,0.19542558,0,1,0,0,0
2011,418750,0.09319353,-0.92194291,0.82086288,-0.10351307,-0.07270463,0.20638339,0,1,0,0,0
2012,418958,0.16350257,-0.94587754,0.76688822,-0.08811396,-0.09917439,0.20729773,0,1,0,0,0
2013,419166,0.22552004,-0.95770667,0.72474246,-0.08738571,-0.11266642,0.20930118,0,1,0,0,0
2014,419375,0.28946298,-0.98130796,0.69206717,-0.08050670,-0.12822394,0.18979485,0,1,0,0,0
2015,419583,0.35658558,-0.99343172,0.63222332,-0.04262921,-0.14976336,0.19826748,0,1,0,0,0
2016,419791,0.40609106,-0.99441292,0.58775471,-0.05771116,-0.15797322,0.20970914,0,1,0,0,0
2017,420000,0.47036781,-0.99735624,0.52110612,-0.01725784,-0.16575419,0.18571313,0,1,0,0,0
2018,420208,0.53025042,-1.00851301,0.46436917,-0.01030822,-0.17007143,0.19642075,0,1,0,0,0
2019,420416,0.58190618,-0.99640803,0.41335481,0.01005749,-0.17712864,0.16903935,0,1,0,0,0
2020,420625,0.63862534,-0.99000609,0.35617871,0.03745433,-0.17432025,0.15063927,0,1,0,0,0
2021,420833,0.68351046,-0.97479851,0.28816491,0.03748802,-0.18377693,0.17695526,0,1,0,0,0
2022,421041,0.73791471,-0.96492526,0.22771232,0.04843009,-0.19997090,0.13436368,0,1,0,0,0
2023,421250,0.77231124,-0.94463649,0.16136413,0.05921253,-0.18027956,0.12663479,0,1,0,0,0
2024,421458,0.81478717,-0.91659375,0.09458527,0.07693581,-0.21180998,0.12196240,0,1,0,0,0
2025,421666,0.84629822,-0.88785195,0.02886761,0.08319599,-0.19435333,0.12207566,0,1,0,0,0
2026,421875,0.88308539,-0.84095573,-0.04061755,0.09668122,-0.20210241,0.08772781,0,1,0,0,0
2027,422083,0.89742479,-0.80031013,-0.10781897,0.12462648,-0.19091346,0.08051591,0,1,0,0,0
2028,422291,0.93241442,-0.77545151,-0.16622382,0.12188111,-0.18261356,0.06232763,0,1,0,0,0
2029,422500,0.96024010,-0.72073336,-0.22816258,0.12183477,-0.19050651,0.07150218,0,1,0,0,0
2030,422708,0.97012901,-0.67755474,-0.28980762,0.13759273,-0.19632451,0.03754008,0,1,0,0,0
2031,422916,0.98745733,-0.62213093,-0.35997268,0.15100345,-0.16843441,0.02711111,0,1,0,0,0
2032,423125,1.00080916,-0.57490788,-0.41508879,0.14904508,-0.17894677,0.01140793,0,1,0,0,0
2033,423333,0.99410178,-0.52308837,-0.47566030,0.17522199,-0.16039603,-0.00763457,0,1,0,0,0
2034,423541,1.00346886,-0.47069523,-0.53371272,0.19230441,-0.15900749,-0.01972680,0,1,0,0,0
2035,423750,0.99499925,-0.40530607,-0.57051043,0.17652368,-0.14650519,-0.01272392,0,1,0,0,0
2036,423958,0.97944508,-0.34635793,-0.64077611,0.18188924,-0.13788704,-0.05063549,0,1,0,0,0
2037,424166,0.96548752,-0.29186052,-0.68486611,0.18029520,-0.12058013,-0.05384932,0,1,0,0,0
2038,424375,0.95581511,-0.21390353,-0.72944936,0.18383585,-0.10951146,-0.05849599,0,1,0,0,0
2039,424583,0.92226227,-0.15046243,-0.76865723,0.19043585,-0.11842276,-0.08645765,0,1,0,0,0
2040,424791,0.90179421,-0.09667673,-0.81180280,0.18941271,-0.09464078,-0.09014011,0,1,0,0,0
2041,425000,0.87607943,-0.01936053,-0.84845946,0.18994327,-0.08290507,-0.10653839,0,1,0,0,0
2042,425208,0.84227887,0.03842236,-0.87669244,0.17806660,-0.08048839,-0.10785928,0,1,0,0,0
2043,425416,0.81318944,0.09799427,-0.90992709,0.17889299,-0.06201557,-0.13855798,0,1,0,0,0
2044,425625,0.77015665,0.17214994,-0.92966628,0.17927147,-0.05514442,-0.13917827,0,1,0,0,0
2045,425833,0.72067094,0.22697023,-0.95673772,0.16875729,-0.02836306,-0.13097254,0,1,0,0,0
2046,426041,0.68296483,0.29288365,-0.97422968,0.16575162,-0.02056244,-0.15627882,0,1,0,0,0
2047,426250,0.62648179,0.35533504,-0.98847431,0.16604912,-0.00333783,-0.15124410,0,1,0,0,0
2048,426458,0.58252532,0.42102657,-0.99693903,0.16490779,0.00315907,-0.16975132,0,1,0,0,0
2049,426666,0.52321945,0.47804361,-0.98720315,0.17763929,-0.00891793,-0.18458353,0,1,0,0,0
2050,426875,0.46151216,0.52402367,-0.99493365,0.15265717,0.00339345,-0.15404307,0,1,0,0,0
2051,427083,0.40362053,0.58656301,-0.99021009,0.14502134,0.03078928,-0.17555314,0,1,0,0,0
2052,427291,0.35104491,0.64316856,-0.98596727,0.14943808,0.05174048,-0.18516872,0,1,0,0,0
2053,427500,0.27690371,0.68601417,-0.97060359,0.13864914,0.04968091,-0.17718674,0,1,0,0,0
2054,427708,0.22184823,0.72909507,-0.95501418,0.11181400,0.06749067,-0.19292645,0,1,0,0,0
2055,427916,0.15439047,0.77322847,-0.93475030,0.11797012,0.07065678,-0.19182119,0,1,0,0,0
2056,428125,0.08107399,0.81624254,-0.89685702,0.09632174,0.06895015,-0.17835067,0,1,0,0,0
2057,428333,0.03530904,0.84924318,-0.88371482,0.08635078,0.08660684,-0.19241335,0,1,0,0,0
2058,428541,-0.04099169,0.88079186,-0.84370903,0.09378251,0.11691109,-0.20358258,0,1,0,0,0
2059,428750,-0.10944112,0.92204037,-0.80835840,0.08331820,0.11820172,-0.19383547,0,1,0,0,0
2060,428958,-0.16931940,0.94466149,-0.75662574,0.07299067,0.12976076,-0.21823778,0,1,0,0,0
2061,429166,-0.24084851,0.95781406,-0.71815323,0.07242049,0.13984246,-0.22278673,0,1,0,0,0
2062,429375,-0.30248068,0.97839535,-0.67775507,0.05110951,0.14383970,-0.20796116,0,1,0,0,0
2063,429583,-0.35956237,0.98777411,-0.63103809,0.02830630,0.15551590,-0.22369426,0,1,0,0,0
2064,429791,-0.42740405,1.00036107,-0.58394219,0.01030249,0.18572641,-0.20762026,0,1,0,0,0
2065,430000,-0.47164840,1.00026799,-0.51991163,-0.01755586,0.18564030,-0.19319833,0,1,0,0,0
2066,430208,-0.54118518,0.99780459,-0.47049565,-0.02242376,0.19365313,-0.17091489,0,1,0,0,0
2067,430416,-0.58823089,1.00633656,-0.40202806,-0.01928503,0.19727266,-0.18170286,0,1,0,0,0
2068,430625,-0.64430879,0.99149052,-0.34380172,-0.03258109,0.19232506,-0.16084038,0,1,0,0,0
2069,430833,-0.69536103,0.97110660,-0.27625965,-0.05435667,0.20476887,-0.16324862,0,1,0,0,0
2070,431041,-0.74246286,0.96010069,-0.22206375,-0.06335426,0.20264853,-0.14573952,0,1,0,0,0
2071,431250,-0.77564522,0.93167045,-0.15767766,-0.06359128,0.19537750,-0.13623787,0,1,0,0,0
2072,431458,-0.81957294,0.91954157,-0.09025060,-0.09691211,0.22219684,-0.12177157,0,1,0,0,0
2073,431666,-0.85282535,0.88480624,-0.03341923,-0.09679852,0.20717804,-0.13796700,0,1,0,0,0
2074,431875,-0.89068341,0.85078224,0.04229283,-0.10385308,0.21867056,-0.10152350,0,1,0,0,0
2075,432083,-0.91886093,0.80623183,0.11107075,-0.13388041,0.21944068,-0.08230925,0,1,0,0,0
2076,432291,-0.94615650,0.77288684,0.16716733,-0.11955990,0.20105870,-0.08394821,0,1,0,0,0
2077,432500,-0.95134508,0.71833611,0.23229322,-0.15406329,0.19404483,-0.07389004,0,1,0,0,0
2078,432708,-0.97269238,0.67899548,0.30005133,-0.14936689,0.20424517,-0.04879272,0,1,0,0,0
2079,432916,-0.98537600,0.63160542,0.35536742,-0.17199159,0.17198353,-0.03664262,0,1,0,0,0
2080,433125,-0.99148777,0.57503514,0.42138262,-0.16010111,0.18689224,-0.01914897,0,1,0,0,0
2081,433333,-1.00108707,0.51947723,0.48158891,-0.17381948,0.16641124,-0.01753791,0,1,0,0,0
2082,433541,-0.99464240,0.46807620,0.54323294,-0.19013072,0.17583079,-0.01175481,0,1,0,0,0
2083,433750,-0.98686230,0.41046153,0.59457367,-0.18724366,0.16328880,0.01015721,0,1,0,0,0
2084,433958,-0.98100018,0.34125200,0.64417771,-0.19902795,0.14776092,0.02010719,0,1,0,0,0
2085,434166,-0.96937829,0.28836462,0.67995035,-0.18124574,0.13966610,0.04540485,0,1,0,0,0
2086,434375,-0.95725731,0.22214640,0.72869930,-0.20467706,0.11870935,0.05862816,0,1,0,0,0
2087,434583,-0.92963431,0.16423992,0.77360093,-0.19212351,0.13232804,0.06016373,0,1,0,0,0
2088,434791,-0.91140793,0.09945897,0.80377789,-0.19730673,0.11053833,0.05919263,0,1,0,0,0
2089,435000,-0.88612702,0.02792725,0.85168333,-0.21207214,0.10567829,0.09395609,0,1,0,0,0
2090,435208,-0.83813971,-0.03817557,0.87288946,-0.20135261,0.09249152,0.10241562,0,1,0,0,0
2091,435416,-0.80926127,-0.08971443,0.91114358,-0.19996339,0.07442299,0.12171868,0,1,0,0,0
2092,435625,-0.77059213,-0.15750872,0.94115730,-0.17981842,0.06652118,0.12580361,0,1,0,0,0
2093,435833,-0.71960146,-0.21790453,0.94672407,-0.18436306,0.05548811,0.12713969,0,1,0,0,0
2094,436041,-0.68009607,-0.29971556,0.96371229,-0.18628236,0.04704313,0.12060843,0,1,0,0,0
2095,436250,-0.62578431,-0.34879362,0.98369813,-0.16192535,0.02245058,0.15809997,0,1,0,0,0
2096,436458,-0.58216407,-0.41863383,0.99516595,-0.15525636,0.01654444,0.15061725,0,1,0,0,0
2097,436666,-0.53130605,-0.46489360,0.99531626,-0.16525447,0.00564238,0.15430317,0,1,0,0,0
2098,436875,-0.45796672,-0.52859897,0.99805261,-0.13969461,-0.01305741,0.16422314,0,1,0,0,0
2099,437083,-0.39983607,-0.57770122,0.99362783,-0.14027117,-0.03791800,0.17663878,0,1,0,0,0
2100,437291,-0.34357500,-0.62589972,0.99494933,-0.13832231,-0.03883250,0.16573138,0,1,0,0,0
2101,437500,-0.28893614,-0.68466491,0.96912172,-0.14167336,-0.05268803,0.16818631,0,1,0,0,0
2102,437708,-0.22594196,-0.73372676,0.94854500,-0.15451025,-0.06603408,0.17820481,0,1,0,0,0
2103,437916,-0.15623237,-0.77485323,0.93883793,-0.13338112,-0.08362832,0.19119345,0,1,0,0,0
2104,438125,-0.08997224,-0.81309453,0.90641223,-0.10059151,-0.08609210,0.17236822,0,1,0,0,0
2105,438333,-0.02064854,-0.85497401,0.88142340,-0.09964421,-0.08520866,0.17050377,0,1,0,0,0
2106,438541,0.03999849,-0.87051368,0.85145228,-0.09547934,-0.09889239,0.20173232,0,1,0,0,0
2107,438750,0.10832026,-0.90719919,0.80624168,-0.08085681,-0.11090338,0.20374651,0,1,0,0,0
2108,438958,0.17434191,-0.93639994,0.76950991,-0.05437750,-0.13411318,0.18671657,0,1,0,0,0
2109,439166,0.23548679,-0.95798837,0.72420098,-0.06604561,-0.14922058,0.16354542,0,1,0,0,0
2110,439375,0.30711261,-0.98202724,0.68010300,-0.03936708,-0.16696972,0.20053386,0,1,0,0,0
2111,439583,0.35858243,-0.98733443,0.62806015,-0.02051202,-0.13849708,0.17198208,0,1,0,0,0
2112,439791,0.42132480,-0.99900539,0.57984253,-0.00034940,-0.18337091,0.18187896,0,1,0,0,0
2113,440000,0.47692044,-1.00167270,0.51888532,-0.01089710,-0.17120975,0.18706942,0,1,0,0,0
2114,440208,0.54183102,-0.99330501,0.46011239,0.00751544,-0.18461533,0.18717441,0,1,0,0,0
2115,440416,0.58553727,-0.99175516,0.41370505,0.01992891,-0.19158974,0.16316538,0,1,0,0,0
2116,440625,0.64344554,-0.98076030,0.34185035,0.03046961,-0.20904765,0.14790585,0,1,0,0,0
2117,440833,0.69304264,-0.97009173,0.28081585,0.05135062,-0.21822948,0.13246093,0,1,0,0,0
2118,441041,0.72785924,-0.95158834,0.21285054,0.09001846,-0.21207842,0.12230144,0,1,0,0,0
2119,441250,0.78378936,-0.93472095,0.15605526,0.08548093,-0.21748078,0.11338056,0,1,0,0,0
2120,441458,0.82066465,-0.90711707,0.08778082,0.10787038,-0.22217157,0.12328149,0,1,0,0,0
2121,441666,0.85346948,-0.88064095,0.02778952,0.11969022,-0.19585441,0.09196975,0,1,0,0,0
2122,441875,0.89551460,-0.84663962,-0.04025314,0.11558744,-0.21637470,0.08055866,0,1,0,0,0
2123,442083,0.91764077,-0.81058233,-0.11279192,0.13580358,-0.20200511,0.07294038,0,1,0,0,0
2124,442291,0.93486939,-0.76654060,-0.17156410,0.11607336,-0.21577169,0.07232403,0,1,0,0,0
2125,442500,0.96075278,-0.71711304,-0.24262285,0.15668849,-0.19355735,0.04380126,0,1,0,0,0
2126,442708,0.97921613,-0.67559427,-0.30095600,0.14638120,-0.20176159,0.02858849,0,1,0,0,0
2127,442916,0.98859062,-0.62135188,-0.36107991,0.15066068,-0.19790244,0.03410193,0,1,0,0,0
2128,443125,0.99669281,-0.55831041,-0.41150020,0.18258766,-0.20202041,0.00402256,0,1,0,0,0
2129,443333,0.99288456,-0.51909863,-0.48015492,0.17699095,-0.18850604,0.01695218,0,1,0,0,0
2130,443541,1.00591460,-0.46647798,-0.53201979,0.19644615,-0.16735119,-0.02857016,0,1,0,0,0
2131,443750,0.99162479,-0.39127738,-0.58936937,0.20184510,-0.16629084,-0.03870089,0,1,0,0,0
2132,443958,0.99008389,-0.33907137,-0.64483443,0.21073493,-0.16187513,-0.05813920,0,1,0,0,0
2133,444166,0.97566417,-0.28405629,-0.68468040,0.21629282,-0.16214490,-0.07427327,0,1,0,0,0
2134,444375,0.95827479,-0.22890145,-0.74181450,0.22220322,-0.16314329,-0.09279658,0,1,0,0,0
2135,444583,0.93498659,-0.15261903,-0.78185490,0.20019914,-0.12742656,-0.08068643,0,1,0,0,0
2136,444791,0.90896118,-0.09392128,-0.82063762,0.20211083,-0.11788089,-0.08008964,0,1,0,0,0
2137,445000,0.88757063,-0.02482333,-0.85493426,0.20151871,-0.11840748,-0.11843822,0,1,0,0,0
2138,445208,0.84408497,0.03470106,-0.88313705,0.23093886,-0.11357343,-0.11985731,0,1,0,0,0
2139,445416,0.82318083,0.10707804,-0.91347466,0.21222421,-0.09332104,-0.10624418,0,1,0,0,0
2140,445625,0.77269362,0.16876683,-0.93971365,0.20395564,-0.07465026,-0.14061726,0,1,0,0,0
2141,445833,0.72792719,0.24206852,-0.95306172,0.21135625,-0.05920265,-0.12699475,0,1,0,0,0
2142,446041,0.68083954,0.30880690,-0.97377092,0.20648311,-0.05258390,-0.17529869,0,1,0,0,0
2143,446250,0.62810551,0.36079582,-0.98866128,0.19255111,-0.03859106,-0.18375680,0,1,0,0,0
2144,446458,0.57444381,0.42892662,-1.00228726,0.19295047,-0.00688914,-0.17639677,0,1,0,0,0
2145,446666,0.53122029,0.48415538,-1.00657432,0.17763594,-0.00814933,-0.17568894,0,1,0,0,0
2146,446875,0.46393263,0.53931902,-1.01298356,0.16755833,0.00720092,-0.18154215,0,1,0,0,0
2147,447083,0.40794561,0.58783968,-0.98979101,0.16910083,0.00657294,-0.17314009,0,1,0,0,0
2148,447291,0.34597113,0.63506042,-1.00062603,0.13752291,0.02289870,-0.18931527,0,1,0,0,0
2149,447500,0.28913086,0.67939104,-0.97042915,0.12584137,0.05240612,-0.19228021,0,1,0,0,0
2150,447708,0.22286926,0.73737261,-0.96584619,0.14938974,0.04909851,-0.18986395,0,1,0,0,0
2151,447916,0.15994611,0.77621648,-0.94202858,0.12653710,0.04531371,-0.21487947,0,1,0,0,0
2152,448125,0.08945615,0.82245860,-0.91890761,0.13480429,0.08285968,-0.20615257,0,1,0,0,0
2153,448333,0.02273812,0.85531696,-0.87519390,0.11010914,0.08468178,-0.21053802,0,1,0,0,0
2154,448541,-0.03253469,0.88747033,-0.85340117,0.11882693,0.08874444,-0.20885554,0,1,0,0,0
2155,448750,-0.09701045,0.92138583,-0.81485801,0.10984471,0.09997436,-0.18739984,0,1,0,0,0
2156,448958,-0.18089859,0.93938573,-0.77195530,0.07660036,0.11724334,-0.20627233,0,1,0,0,0
2157,449166,-0.23190710,0.96139400,-0.72775133,0.09051632,0.13030100,-0.19415158,0,1,0,0,0
2158,449375,-0.29067557,0.97332317,-0.68078487,0.05391235,0.11547163,-0.20430371,0,1,0,0,0
2159,449583,-0.35618276,0.99638215,-0.63554949,0.03917010,0.14522638,-0.19518882,0,1,0,0,0
2160,449791,-0.42007359,1.00294889,-0.57020938,0.03790341,0.16219269,-0.20591330,0,1,0,0,0
