1,0,-0.67136725,0.97705582,-0.29912148,-0.02921593,0.19599866,-0.17237131,0,0,0,0,0
2,208,-0.72027843,0.96199798,-0.24001733,-0.05154391,0.20220684,-0.15248605,0,0,0,0,0
3,416,-0.76090953,0.94397285,-0.18190077,-0.06818972,0.20656394,-0.11849967,0,0,0,0,0
4,625,-0.80951507,0.90706458,-0.10437066,-0.07865275,0.20916200,-0.12831180,0,0,0,0,0
5,833,-0.84200807,0.88650550,-0.05014591,-0.10429878,0.20751377,-0.12972074,0,0,0,0,0
6,1041,-0.87652507,0.86363227,0.01894737,-0.10161940,0.19510328,-0.11076868,0,0,0,0,0
7,1250,-0.89950801,0.82901037,0.08462146,-0.10887694,0.19181581,-0.09025343,0,0,0,0,0
8,1458,-0.92735279,0.77803400,0.13591555,-0.08588075,0.20990188,-0.08191408,0,0,0,0,0
9,1666,-0.94887081,0.73469148,0.20930867,-0.12017273,0.18961970,-0.06199364,0,0,0,0,0
10,1875,-0.96431046,0.68344405,0.27121050,-0.14487033,0.18590245,-0.05597690,0,0,0,0,0
11,2083,-0.98973026,0.64333058,0.33038202,-0.16311729,0.18327695,-0.04510492,0,0,0,0,0
12,2291,-0.98578517,0.59728466,0.39655344,-0.15916983,0.16393000,-0.02605097,0,0,0,0,0
13,2500,-0.99476079,0.54539328,0.45697928,-0.17201253,0.17075210,-0.02281084,0,0,0,0,0
14,2708,-1.00736855,0.47853634,0.51646769,-0.17587493,0.15008688,0.00425038,0,0,0,0,0
15,2916,-0.99345566,0.42616347,0.56956391,-0.19704201,0.16461728,0.00647822,0,0,0,0,0
16,3125,-0.98704072,0.36461929,0.62161531,-0.20928455,0.14605153,0.02827465,0,0,0,0,0
17,3333,-0.97607238,0.30036165,0.68006958,-0.19351129,0.13641767,0.04672295,0,0,0,0,0
18,3541,-0.96679807,0.23972795,0.71765684,-0.20572461,0.11452961,0.05293223,0,0,0,0,0
19,3750,-0.94206890,0.18290247,0.75527585,-0.20315869,0.12814597,0.06894821,0,0,0,0,0
20,3958,-0.91449831,0.11613126,0.80058472,-0.21470298,0.13988638,0.08826704,0,0,0,0,0
21,4166,-0.88948861,0.04998642,0.84779256,-0.19264780,0.10102978,0.08587588,0,0,0,0,0
22,4375,-0.86437359,-0.01091902,0.87503230,-0.21510346,0.09679492,0.12125965,0,0,0,0,0
23,4583,-0.82401283,-0.08391842,0.90172936,-0.19157552,0.10325320,0.10278339,0,0,0,0,0
24,4791,-0.78138818,-0.14949635,0.93585037,-0.19755271,0.10089953,0.13833775,0,0,0,0,0
25,5000,-0.74171001,-0.21138737,0.96209400,-0.19547957,0.05429174,0.14060454,0,0,0,0,0
26,5208,-0.68586721,-0.28238775,0.97125142,-0.18698927,0.06702576,0.15084312,0,0,0,0,0
27,5416,-0.64300090,-0.33585295,0.98904973,-0.18577676,0.01499326,0.16561493,0,0,0,0,0
28,5625,-0.59188085,-0.39807514,1.00248859,-0.18113666,-0.00161195,0.16440977,0,0,0,0,0
29,5833,-0.54060106,-0.45862048,1.01049737,-0.17224263,-0.00152426,0.17412891,0,0,0,0,0
30,6041,-0.48734882,-0.52134506,1.00354638,-0.17027693,-0.00138146,0.17991854,0,0,0,0,0
31,6250,-0.41814170,-0.56945675,0.99680212,-0.15511462,-0.03201720,0.19355212,0,0,0,0,0
32,6458,-0.36802292,-0.61677348,0.98880997,-0.13774667,-0.01344656,0.19998089,0,0,0,0,0
33,6666,-0.30370780,-0.67243666,0.96611740,-0.11740080,-0.04053023,0.19308305,0,0,0,0,0
34,6875,-0.24103865,-0.72462862,0.95438991,-0.12434190,-0.04884603,0.19175065,0,0,0,0,0
35,7083,-0.18305564,-0.75651302,0.94302822,-0.11891882,-0.07210150,0.18591901,0,0,0,0,0
36,7291,-0.10874910,-0.80335766,0.92942137,-0.13740817,-0.08753969,0.19838730,0,0,0,0,0
37,7500,-0.04053334,-0.83358132,0.88542479,-0.10871646,-0.09474147,0.19083169,0,0,0,0,0
38,7708,0.01733815,-0.88011372,0.85533212,-0.10410845,-0.08600745,0.17646027,0,0,0,0,0
39,7916,0.08409078,-0.90799280,0.82306131,-0.10227349,-0.11440557,0.19104105,0,0,0,0,0
40,8125,0.14629710,-0.92612562,0.78981134,-0.06575790,-0.12508498,0.19058406,0,0,0,0,0
41,8333,0.22341072,-0.96489804,0.73540134,-0.08116171,-0.14698361,0.19547726,0,0,0,0,0
42,8541,0.27959891,-0.95988571,0.69167877,-0.06074205,-0.15575570,0.18436829,0,0,0,0,0
43,8750,0.34575139,-0.97658588,0.64534103,-0.05738282,-0.16128983,0.17108416,0,0,0,0,0
44,8958,0.39735581,-0.99595302,0.59447162,-0.02819013,-0.15666271,0.18797659,0,0,0,0,0
45,9166,0.46076135,-0.99176263,0.54067533,-0.00193761,-0.16731790,0.15282021,0,0,0,0,0
46,9375,0.50681745,-0.99876575,0.48521017,-0.01185500,-0.19746068,0.15342622,0,0,0,0,0
47,9583,0.56618678,-0.99715280,0.42779176,0.00878527,-0.17960169,0.16060439,0,0,0,0,0
48,9791,0.63156367,-0.99348865,0.36641926,0.03571468,-0.18240783,0.15370655,0,0,0,0,0
49,10000,0.67311608,-0.97186278,0.30313301,0.05359269,-0.18827002,0.14711226,0,0,0,0,0
50,10208,0.71632144,-0.95765944,0.23347044,0.05408725,-0.19199186,0.13309844,0,0,0,0,0
51,10416,0.75266385,-0.93962326,0.17016575,0.05397321,-0.19418925,0.14195211,0,0,0,0,0
52,10625,0.80347384,-0.92258156,0.10861642,0.07514665,-0.19784002,0.12072995,0,0,0,0,0
53,10833,0.83776824,-0.88612382,0.05326970,0.08562432,-0.21516646,0.09854648,0,0,0,0,0
54,11041,0.87784632,-0.85180779,-0.01020179,0.09498780,-0.19143265,0.10487613,0,0,0,0,0
55,11250,0.89635048,-0.81236857,-0.08885504,0.09870963,-0.18223031,0.08160506,0,0,0,0,0
56,11458,0.93421438,-0.78278074,-0.14196444,0.12971984,-0.18423938,0.06769277,0,0,0,0,0
57,11666,0.94966927,-0.74232338,-0.21856399,0.12950402,-0.19077540,0.06360158,0,0,0,0,0
58,11875,0.96485241,-0.69956924,-0.27082894,0.12493783,-0.19008992,0.06740770,0,0,0,0,0
59,12083,0.98490736,-0.64551389,-0.33828723,0.15880775,-0.19072076,0.01612327,0,0,0,0,0
60,12291,1.00280060,-0.59082402,-0.40759445,0.17924718,-0.19758222,0.00756823,0,0,0,0,0
61,12500,1.00278997,-0.53171534,-0.46119425,0.17415779,-0.16291270,0.00090747,0,0,0,0,0
62,12708,1.00188899,-0.48315944,-0.51646004,0.16922019,-0.18054661,0.01261871,0,0,0,0,0
63,12916,0.99450095,-0.42105758,-0.56653518,0.20771660,-0.16191375,-0.02914308,0,0,0,0,0
64,13125,0.99681062,-0.36712954,-0.62181038,0.19230616,-0.15427590,-0.02140138,0,0,0,0,0
65,13333,0.97971496,-0.30276462,-0.67239870,0.20504007,-0.12967855,-0.03655492,0,0,0,0,0
66,13541,0.95212426,-0.24608149,-0.72055901,0.19687451,-0.12706651,-0.04708677,0,0,0,0,0
67,13750,0.94566939,-0.17792813,-0.75845053,0.19639755,-0.13108215,-0.08002364,0,0,0,0,0
68,13958,0.91887129,-0.11934924,-0.80940236,0.21111040,-0.11708495,-0.08214992,0,0,0,0,0
69,14166,0.88894050,-0.04332970,-0.83927514,0.19384255,-0.10882684,-0.08780026,0,0,0,0,0
70,14375,0.86383882,0.02764888,-0.86381463,0.19784756,-0.09103889,-0.10221640,0,0,0,0,0
71,14583,0.81837958,0.08362651,-0.90316322,0.19873421,-0.09756911,-0.08873207,0,0,0,0,0
72,14791,0.78038878,0.14606862,-0.92947023,0.20953233,-0.07425603,-0.10859521,0,0,0,0,0
73,15000,0.73976887,0.23239627,-0.95735984,0.17896393,-0.06841110,-0.12620197,0,0,0,0,0
74,15208,0.69719394,0.28263423,-0.96174495,0.19920815,-0.03041132,-0.14054807,0,0,0,0,0
75,15416,0.64357189,0.34704567,-0.98954720,0.19128469,-0.05064127,-0.14911181,0,0,0,0,0
76,15625,0.59032783,0.40263269,-0.99529825,0.18382328,-0.01763233,-0.15463915,0,0,0,0,0
77,15833,0.54035330,0.45487984,-1.01076728,0.17882527,-0.02059041,-0.15569134,0,0,0,0,0
78,16041,0.48250541,0.51628718,-1.00376807,0.15391646,-0.00322993,-0.18813491,0,0,0,0,0
79,16250,0.43474461,0.57280240,-0.99305222,0.14408172,0.02561298,-0.17414108,0,0,0,0,0
80,16458,0.35576202,0.62471186,-0.98958726,0.13241655,0.03204672,-0.18790219,0,0,0,0,0
81,16666,0.30835706,0.66913889,-0.97155003,0.13872291,0.03985743,-0.18341441,0,0,0,0,0
82,16875,0.23026706,0.72121570,-0.95954426,0.13734645,0.05152419,-0.19519867,0,0,0,0,0
83,17083,0.17561080,0.75911640,-0.93785803,0.11572363,0.08256851,-0.20155512,0,0,0,0,0
84,17291,0.10541510,0.79838884,-0.91112688,0.12227524,0.07806476,-0.20144459,0,0,0,0,0
85,17500,0.03751274,0.83785225,-0.89597872,0.10541930,0.09033454,-0.19513241,0,0,0,0,0
86,17708,-0.01373434,0.87336933,-0.85204180,0.09720452,0.09870887,-0.18959897,0,0,0,0,0
87,17916,-0.08206989,0.90302964,-0.82264571,0.09296484,0.13450273,-0.19711619,0,0,0,0,0
88,18125,-0.15023515,0.92898162,-0.78419230,0.07603163,0.11414988,-0.20527562,0,0,0,0,0
89,18333,-0.21392918,0.96029028,-0.74476093,0.05260108,0.13934261,-0.18140061,0,0,0,0,0
90,18541,-0.28140016,0.96827385,-0.69147013,0.06799749,0.14908337,-0.18634581,0,0,0,0,0
91,18750,-0.34161302,0.97330285,-0.64437356,0.04521709,0.14254180,-0.20280003,0,0,0,0,0
92,18958,-0.40300593,0.99032199,-0.58930335,0.01551269,0.16011722,-0.19440651,0,0,0,0,0
93,19166,-0.46074319,0.99610117,-0.54715131,0.01104472,0.16686093,-0.17137943,0,0,0,0,0
94,19375,-0.51583488,0.98718745,-0.47776877,0.00121010,0.17166690,-0.16288069,0,0,0,0,0
95,19583,-0.56266534,0.99535287,-0.42206173,-0.02617251,0.18514614,-0.15274481,0,0,0,0,0
96,19791,-0.61856707,0.98526753,-0.36887250,-0.02001313,0.19273961,-0.16270102,0,0,0,0,0
97,20000,-0.66964091,0.97590736,-0.29781739,-0.05231625,0.19129584,-0.15672473,0,0,0,0,0
98,20208,-0.72304769,0.96155196,-0.23811003,-0.03703218,0.21777524,-0.13672718,0,0,0,0,0
99,20416,-0.75974628,0.93962110,-0.18277254,-0.05711887,0.19357372,-0.14189935,0,0,0,0,0
100,20625,-0.81513040,0.91554220,-0.11120188,-0.08525594,0.20411460,-0.13188115,0,0,0,0,0
101,20833,-0.84344967,0.88537657,-0.05995736,-0.10065049,0.20304082,-0.11131520,0,0,0,0,0
102,21041,-0.87988873,0.85881309,0.02098875,-0.09973662,0.20721191,-0.09944113,0,0,0,0,0
103,21250,-0.90558933,0.81838650,0.07909255,-0.12600460,0.20158108,-0.08501977,0,0,0,0,0
104,21458,-0.93131428,0.78452300,0.13864908,-0.12438577,0.18854194,-0.07715505,0,0,0,0,0
105,21666,-0.95422101,0.73352704,0.19914582,-0.13328474,0.20004430,-0.07559085,0,0,0,0,0
106,21875,-0.97024276,0.69151519,0.27569209,-0.13951616,0.18956998,-0.05602816,0,0,0,0,0
107,22083,-0.98334971,0.64774010,0.33566705,-0.14335295,0.19427201,-0.03816625,0,0,0,0,0
108,22291,-0.98713394,0.58873028,0.39550857,-0.15416121,0.18670430,-0.01253150,0,0,0,0,0
109,22500,-1.00334360,0.53806156,0.45765072,-0.16184325,0.17862494,-0.00437758,0,0,0,0,0
110,22708,-1.00462523,0.48778624,0.51383215,-0.17580498,0.17507643,0.00440883,0,0,0,0,0
111,22916,-0.99784615,0.42330546,0.57270552,-0.18510083,0.15270022,0.02313219,0,0,0,0,0
112,23125,-0.98832458,0.37328514,0.62179564,-0.19929359,0.15142739,0.04328593,0,0,0,0,0
113,23333,-0.97790431,0.30583539,0.66969560,-0.21715898,0.15338626,0.03088943,0,0,0,0,0
114,23541,-0.95298027,0.24129820,0.71712650,-0.19946564,0.13609287,0.05720311,0,0,0,0,0
115,23750,-0.93774577,0.18165458,0.76474724,-0.21518829,0.11726966,0.05324467,0,0,0,0,0
116,23958,-0.91092445,0.11411862,0.80696411,-0.20275345,0.10559952,0.08181751,0,0,0,0,0
117,24166,-0.88741118,0.04841838,0.83920203,-0.22619878,0.11450049,0.08862482,0,0,0,0,0
118,24375,-0.85734044,-0.01849500,0.87363833,-0.21444360,0.09177222,0.11830036,0,0,0,0,0
119,24583,-0.83486438,-0.08404558,0.90744308,-0.20762400,0.08696298,0.12733903,0,0,0,0,0
120,24791,-0.78293199,-0.15394805,0.93386942,-0.16529825,0.09130904,0.14689288,0,0,0,0,0
121,25000,-0.74245295,-0.21025179,0.94962467,-0.20058679,0.05798989,0.13396363,0,0,0,0,0
122,25208,-0.69680114,-0.28033066,0.96581148,-0.19306197,0.06676852,0.14912761,0,0,0,0,0
123,25416,-0.64186641,-0.33502660,0.98606255,-0.18305994,0.03274591,0.15544531,0,0,0,0,0
124,25625,-0.60213566,-0.40574309,0.99748730,-0.17016402,0.04186783,0.17785694,0,0,0,0,0
125,25833,-0.53613533,-0.45458645,1.00143698,-0.17919603,0.01807721,0.17230875,0,0,0,0,0
126,26041,-0.48209083,-0.52159962,0.99372284,-0.18486048,-0.01474889,0.16995902,0,0,0,0,0
127,26250,-0.42562174,-0.56911781,0.99869604,-0.17378574,-0.02421622,0.16835166,0,0,0,0,0
128,26458,-0.36223574,-0.62735083,0.99341468,-0.15404667,-0.03513736,0.20259098,0,0,0,0,0
129,26666,-0.31319295,-0.67413405,0.97482919,-0.12751021,-0.03960976,0.19668130,0,0,0,0,0
130,26875,-0.23889081,-0.72472832,0.95746411,-0.14450633,-0.04377918,0.19750698,0,0,0,0,0
131,27083,-0.18376718,-0.76925215,0.94637379,-0.11798399,-0.06474260,0.21203025,0,0,0,0,0
132,27291,-0.10940439,-0.80731949,0.92161891,-0.12175240,-0.09022134,0.19817232,0,0,0,0,0
133,27500,-0.05164538,-0.83900577,0.88353993,-0.10919918,-0.07944392,0.18110113,0,0,0,0,0
134,27708,0.01597285,-0.87206895,0.85740175,-0.10892684,-0.10610156,0.18199834,0,0,0,0,0
135,27916,0.08304624,-0.90192410,0.81548293,-0.08321620,-0.12554704,0.19866737,0,0,0,0,0
136,28125,0.14872123,-0.92894052,0.78409144,-0.07038260,-0.12786010,0.19749565,0,0,0,0,0
137,28333,0.21512128,-0.94142875,0.73710104,-0.08149218,-0.13635858,0.21013015,0,0,0,0,0
138,28541,0.28069892,-0.97346128,0.68891549,-0.06092413,-0.15425722,0.18573516,0,0,0,0,0
139,28750,0.35088629,-0.98363592,0.63803985,-0.04117087,-0.14499658,0.20081548,0,0,0,0,0
140,28958,0.39573932,-1.00481527,0.59987958,-0.02165928,-0.16643482,0.16725692,0,0,0,0,0
141,29166,0.45830761,-0.99588382,0.53722332,0.01038651,-0.17886697,0.16702834,0,0,0,0,0
142,29375,0.51387291,-1.00354166,0.49900561,-0.00629112,-0.17159392,0.15871536,0,0,0,0,0
143,29583,0.56352785,-0.99627318,0.43184223,-0.01279483,-0.18011797,0.16635857,0,0,0,0,0
144,29791,0.61123013,-0.99235205,0.37106412,0.02179031,-0.18172834,0.16991470,0,0,0,0,0
145,30000,0.66595181,-0.97790539,0.29273553,0.04443324,-0.18652061,0.14893866,0,0,0,0,0
146,30208,0.71479807,-0.96049533,0.23953482,0.05866366,-0.20429905,0.13317969,0,0,0,0,0
147,30416,0.75958125,-0.94466724,0.16600129,0.06425310,-0.20129844,0.14003805,0,0,0,0,0
148,30625,0.79503623,-0.91542436,0.11450319,0.06751199,-0.22399267,0.12277752,0,0,0,0,0
149,30833,0.83796820,-0.89096423,0.04711020,0.09352654,-0.20045991,0.12011400,0,0,0,0,0
150,31041,0.87233492,-0.86012638,-0.01008998,0.10196566,-0.19870833,0.10168339,0,0,0,0,0
151,31250,0.89872203,-0.81808176,-0.08762573,0.11427680,-0.20147274,0.08996450,0,0,0,0,0
152,31458,0.93315250,-0.78115255,-0.14458168,0.11516679,-0.20648844,0.09896317,0,0,0,0,0
153,31666,0.94299445,-0.74856522,-0.21074972,0.14141222,-0.18295172,0.05547211,0,0,0,0,0
154,31875,0.97103943,-0.69614466,-0.27429113,0.14504495,-0.20145336,0.05702045,0,0,0,0,0
155,32083,0.98245107,-0.65111981,-0.33238282,0.15198752,-0.16942027,0.04655783,0,0,0,0,0
156,32291,0.99375828,-0.58866160,-0.39471632,0.17289723,-0.19403734,0.03615155,0,0,0,0,0
157,32500,1.00087201,-0.54540645,-0.45204116,0.16782527,-0.17523495,0.00070482,0,0,0,0,0
158,32708,1.00142694,-0.48905466,-0.51106079,0.18832027,-0.18851963,0.00159609,0,0,0,0,0
159,32916,0.98701965,-0.42776378,-0.56715927,0.18080874,-0.16589240,-0.02103326,0,0,0,0,0
160,33125,0.98806332,-0.36567064,-0.62557733,0.18115153,-0.14806104,-0.03075390,0,0,0,0,0
161,33333,0.97992802,-0.30997422,-0.67361110,0.19713978,-0.13909771,-0.04782665,0,0,0,0,0
162,33541,0.96411624,-0.24289834,-0.72460927,0.18021812,-0.13612242,-0.06176197,0,0,0,0,0
163,33750,0.93749444,-0.17824244,-0.76516621,0.20636733,-0.12997134,-0.05363076,0,0,0,0,0
164,33958,0.91188765,-0.12272790,-0.80242350,0.21411192,-0.09234893,-0.07117140,0,0,0,0,0
165,34166,0.89202976,-0.04678859,-0.84931897,0.22768130,-0.10757415,-0.10699894,0,0,0,0,0
166,34375,0.85970773,0.01422382,-0.87207644,0.21242182,-0.06893526,-0.10721692,0,0,0,0,0
167,34583,0.81631242,0.07679130,-0.90743039,0.21797661,-0.07213096,-0.11673312,0,0,0,0,0
168,34791,0.77623999,0.15675362,-0.93295047,0.19984078,-0.08389302,-0.11248751,0,0,0,0,0
169,35000,0.73825040,0.20838566,-0.95439612,0.20701781,-0.07124173,-0.14796314,0,0,0,0,0
170,35208,0.69080613,0.28022425,-0.97129963,0.19049352,-0.03874237,-0.15318610,0,0,0,0,0
171,35416,0.64679944,0.34144098,-0.99802139,0.19774491,-0.05665790,-0.16312394,0,0,0,0,0
172,35625,0.60158151,0.39209427,-0.99560276,0.15635950,-0.01585835,-0.18403658,0,0,0,0,0
173,35833,0.53464456,0.45592230,-1.00356096,0.16070105,-0.01748962,-0.19181315,0,0,0,0,0
174,36041,0.48383234,0.51153113,-1.00201220,0.16150050,-0.02714984,-0.17676660,0,0,0,0,0
175,36250,0.42211546,0.57642433,-0.99321163,0.16694976,0.00071769,-0.19268174,0,0,0,0,0
176,36458,0.36929296,0.62835206,-0.99158503,0.15783011,0.02415291,-0.18757314,0,0,0,0,0
177,36666,0.30752282,0.68204092,-0.98084182,0.13324506,0.03579043,-0.20937526,0,0,0,0,0
178,36875,0.23543315,0.71612762,-0.95918689,0.12015568,0.04784504,-0.20689686,0,0,0,0,0
179,37083,0.18095529,0.77612076,-0.94638848,0.12432581,0.05382098,-0.20084967,0,0,0,0,0
180,37291,0.11445218,0.80929142,-0.91031580,0.11188739,0.08126104,-0.21152384,0,0,0,0,0
181,37500,0.04389054,0.84955943,-0.87850842,0.10310044,0.10916829,-0.19892043,0,0,0,0,0
182,37708,-0.01715992,0.87520832,-0.86332186,0.09451852,0.12051608,-0.19765428,0,0,0,0,0
183,37916,-0.09309163,0.90243567,-0.81781791,0.08460860,0.12847410,-0.19662684,0,0,0,0,0
184,38125,-0.14155487,0.92514429,-0.77444425,0.08571719,0.12493132,-0.20406693,0,0,0,0,0
185,38333,-0.21485207,0.95719841,-0.74187571,0.07354201,0.14861763,-0.17603981,0,0,0,0,0
186,38541,-0.27183429,0.96799627,-0.69680526,0.04811428,0.12994793,-0.19703506,0,0,0,0,0
187,38750,-0.34285773,0.98168931,-0.64818745,0.03600900,0.16066012,-0.18352246,0,0,0,0,0
188,38958,-0.40802568,0.99740189,-0.58747311,0.03473640,0.17874292,-0.17985020,0,0,0,0,0
189,39166,-0.45633399,1.00127791,-0.53291431,0.01603164,0.17799876,-0.17368354,0,0,0,0,0
190,39375,-0.51904021,0.99741171,-0.48445400,0.00891147,0.16148053,-0.18306058,0,0,0,0,0
191,39583,-0.57304286,0.99607017,-0.41712897,-0.00909435,0.17512981,-0.16096473,0,0,0,0,0
192,39791,-0.62090099,0.98945437,-0.37058587,-0.02801310,0.18308978,-0.16434190,0,0,0,0,0
193,40000,-0.66758599,0.97675809,-0.30039452,-0.03897698,0.18336073,-0.14482772,0,0,0,0,0
194,40208,-0.71686714,0.96639267,-0.24448848,-0.07286884,0.19439849,-0.13302297,0,0,0,0,0
195,40416,-0.75727041,0.94309300,-0.17564388,-0.07264925,0.19913640,-0.13267560,0,0,0,0,0
196,40625,-0.80425661,0.91477569,-0.11389043,-0.06361957,0.19920330,-0.12918133,0,0,0,0,0
197,40833,-0.83375137,0.89460596,-0.05262571,-0.07947226,0.19278303,-0.09702194,0,0,0,0,0
198,41041,-0.87017513,0.85320799,0.01919623,-0.10359475,0.21217495,-0.09784398,0,0,0,0,0
199,41250,-0.90973019,0.82016713,0.07631293,-0.12302965,0.19761661,-0.09811046,0,0,0,0,0
200,41458,-0.92726954,0.78047062,0.15052832,-0.11597502,0.18263989,-0.08949438,0,0,0,0,0
201,41666,-0.95249127,0.73734377,0.21461109,-0.15232867,0.18904118,-0.06160354,0,0,0,0,0
202,41875,-0.97471192,0.69235583,0.27472625,-0.13838154,0.18374187,-0.05558090,0,0,0,0,0
203,42083,-0.98180799,0.65040066,0.33480249,-0.15256681,0.16621070,-0.04979627,0,0,0,0,0
204,42291,-0.99229845,0.59498556,0.40078611,-0.16526115,0.17499341,-0.02417229,0,0,0,0,0
205,42500,-0.99655429,0.54969840,0.46047550,-0.16082592,0.18540785,-0.02360339,0,0,0,0,0
206,42708,-1.00655020,0.48282209,0.51134304,-0.17044070,0.16317834,0.00374915,0,0,0,0,0
207,42916,-1.00886862,0.42446229,0.56989364,-0.17888409,0.15645601,0.01951848,0,0,0,0,0
208,43125,-0.99216752,0.36110691,0.61983519,-0.17701684,0.15595790,0.02204979,0,0,0,0,0
209,43333,-0.98010286,0.29956610,0.67436629,-0.20288956,0.13627057,0.04734327,0,0,0,0,0
210,43541,-0.96034922,0.23930895,0.71571927,-0.20614484,0.12278527,0.04938894,0,0,0,0,0
211,43750,-0.95611034,0.17500970,0.76470503,-0.20227271,0.13194194,0.06925082,0,0,0,0,0
212,43958,-0.91524744,0.11120906,0.80413237,-0.18577584,0.11573907,0.06617574,0,0,0,0,0
213,44166,-0.88619880,0.04931014,0.84662199,-0.21998475,0.08959752,0.09433973,0,0,0,0,0
214,44375,-0.85396671,-0.02129574,0.87332217,-0.20749979,0.10136191,0.11545272,0,0,0,0,0
215,44583,-0.81863051,-0.07473850,0.90747197,-0.20612103,0.09062276,0.10077295,0,0,0,0,0
216,44791,-0.78925198,-0.14892507,0.93012974,-0.19189810,0.05969665,0.13372115,0,0,0,0,0
217,45000,-0.74577719,-0.20914927,0.94665265,-0.20449547,0.04245512,0.13101919,0,0,0,0,0
218,45208,-0.69689060,-0.28139351,0.97090565,-0.18793453,0.04823043,0.15546672,0,0,0,0,0
219,45416,-0.64814838,-0.34159245,0.98894679,-0.16644129,0.06816055,0.17322430,0,0,0,0,0
220,45625,-0.60079857,-0.39925291,0.99841214,-0.19032842,0.05361984,0.16547196,0,0,0,0,0
221,45833,-0.54123546,-0.45804323,0.99697082,-0.18047242,0.03148955,0.17792172,0,0,0,0,0
222,46041,-0.48344543,-0.51304045,1.00561503,-0.16395756,-0.00523010,0.18311978,0,0,0,0,0
223,46250,-0.42550883,-0.57899964,1.00339055,-0.14896516,-0.02035686,0.19488888,0,0,0,0,0
224,46458,-0.36600165,-0.61186135,0.98446793,-0.14869953,-0.03954082,0.18766203,0,0,0,0,0
225,46666,-0.30263403,-0.66672774,0.97765118,-0.13306798,-0.05331569,0.19997513,0,0,0,0,0
226,46875,-0.24237395,-0.72033755,0.96607011,-0.12488839,-0.04884259,0.18845348,0,0,0,0,0
227,47083,-0.17396721,-0.76328977,0.94700058,-0.13698361,-0.05128529,0.20776443,0,0,0,0,0
228,47291,-0.10938897,-0.80412746,0.91734346,-0.11801443,-0.08413706,0.18600519,0,0,0,0,0
229,47500,-0.04980433,-0.84667753,0.89378639,-0.12721069,-0.09938191,0.19118693,0,0,0,0,0
230,47708,0.02897261,-0.88175625,0.86293225,-0.09201415,-0.11473214,0.18806557,0,0,0,0,0
231,47916,0.09274936,-0.91000713,0.82379812,-0.06563439,-0.11857227,0.19636956,0,0,0,0,0
232,48125,0.15344810,-0.93615054,0.78055132,-0.08194370,-0.13532428,0.19794398,0,0,0,0,0
233,48333,0.21970644,-0.94297828,0.74137373,-0.06772815,-0.15055358,0.19304997,0,0,0,0,0
234,48541,0.27860050,-0.97149687,0.69051012,-0.05954274,-0.14391822,0.17955269,0,0,0,0,0
235,48750,0.33706612,-0.97717028,0.64208731,-0.02498514,-0.16256170,0.19628488,0,0,0,0,0
236,48958,0.40467088,-0.99344355,0.58596219,-0.02034697,-0.16807209,0.18973150,0,0,0,0,0
237,49166,0.45907756,-0.99824088,0.54395035,-0.01627290,-0.17043066,0.17658866,0,0,0,0,0
238,49375,0.51788582,-0.99999287,0.48845190,-0.01334281,-0.19840349,0.16303640,0,0,0,0,0
239,49583,0.57659313,-0.99863195,0.41529068,0.01130916,-0.19940132,0.15008435,0,0,0,0,0
240,49791,0.61337503,-0.97964591,0.36219117,0.01707722,-0.18829132,0.16424930,0,0,0,0,0
241,50000,0.67309568,-0.97610615,0.29990922,0.03997107,-0.20580255,0.14693163,0,0,0,0,0
242,50208,0.71318674,-0.95387927,0.24272986,0.05536829,-0.19721129,0.15153751,0,0,0,0,0
243,50416,0.76077144,-0.93965008,0.17642008,0.05776896,-0.20748518,0.14336632,0,0,0,0,0
244,50625,0.79846436,-0.90954895,0.11536673,0.07445013,-0.19871878,0.11896334,0,0,0,0,0
245,50833,0.84545652,-0.88802538,0.04751552,0.09972365,-0.21782547,0.11309708,0,0,0,0,0
246,51041,0.87569892,-0.85788147,-0.01618994,0.09473499,-0.20940856,0.10161207,0,0,0,0,0
247,51250,0.90367388,-0.82829516,-0.08215589,0.12776020,-0.18341129,0.10469617,0,0,0,0,0
248,51458,0.92178055,-0.77817301,-0.14107558,0.12777076,-0.19321453,0.07433461,0,0,0,0,0
249,51666,0.94903249,-0.73188925,-0.21586673,0.13647080,-0.18424655,0.07181562,0,0,0,0,0
250,51875,0.96742802,-0.68918602,-0.27792323,0.14794028,-0.18926490,0.05288756,0,0,0,0,0
251,52083,0.98526348,-0.64800397,-0.34067165,0.13080626,-0.19716039,0.05415659,0,0,0,0,0
252,52291,0.99132186,-0.59089723,-0.39495094,0.17192453,-0.18623962,0.01829841,0,0,0,0,0
253,52500,0.99733890,-0.54668785,-0.46455783,0.18312562,-0.17913262,0.00058297,0,0,0,0,0
254,52708,0.98790982,-0.49062121,-0.52344318,0.18496387,-0.17223859,-0.02179946,0,0,0,0,0
255,52916,1.00158255,-0.43107772,-0.56559179,0.17273052,-0.14523750,-0.01525335,0,0,0,0,0
256,53125,0.98355980,-0.37116033,-0.62876676,0.19717254,-0.15274956,-0.02824682,0,0,0,0,0
257,53333,0.97423030,-0.30329770,-0.67656043,0.18702105,-0.15616651,-0.04622081,0,0,0,0,0
258,53541,0.96434599,-0.23916179,-0.72623131,0.20792997,-0.14052851,-0.04801755,0,0,0,0,0
259,53750,0.94596590,-0.18125277,-0.76726727,0.20906722,-0.12088900,-0.05450403,0,0,0,0,0
260,53958,0.91748414,-0.10627385,-0.79001443,0.20017291,-0.13111642,-0.08963690,0,0,0,0,0
261,54166,0.89109988,-0.05125170,-0.84385685,0.20607118,-0.09586839,-0.09589873,0,0,0,0,0
262,54375,0.86212904,0.02294270,-0.87616089,0.20527626,-0.08274147,-0.12187653,0,0,0,0,0
263,54583,0.80872802,0.08102802,-0.91120320,0.21275533,-0.09591393,-0.11533828,0,0,0,0,0
264,54791,0.78715713,0.14833919,-0.93283689,0.20175287,-0.07194440,-0.13293515,0,0,0,0,0
265,55000,0.72959009,0.21339248,-0.94943253,0.18339172,-0.05693326,-0.14112936,0,0,0,0,0
266,55208,0.69325067,0.28107776,-0.97166701,0.17103294,-0.06514328,-0.14821558,0,0,0,0,0
267,55416,0.64844320,0.33850562,-0.97577451,0.19739605,-0.04696713,-0.15121145,0,0,0,0,0
268,55625,0.59016348,0.39224664,-0.99896243,0.16486563,-0.03264075,-0.16745225,0,0,0,0,0
269,55833,0.54009489,0.46384557,-1.01080940,0.16032363,-0.01266135,-0.15296748,0,0,0,0,0
270,56041,0.46886374,0.51730148,-0.99869091,0.16068255,0.01223678,-0.18070781,0,0,0,0,0
271,56250,0.41971934,0.58107970,-0.99493340,0.15376226,0.00936062,-0.19977244,0,0,0,0,0
272,56458,0.36174941,0.61840321,-0.98876342,0.13489702,0.01121299,-0.19770592,0,0,0,0,0
273,56666,0.29870673,0.67356936,-0.98381322,0.14331853,0.02315728,-0.18758619,0,0,0,0,0
274,56875,0.23945937,0.71328763,-0.96348996,0.12190886,0.04722560,-0.18932600,0,0,0,0,0
275,57083,0.18435125,0.76540587,-0.93949627,0.12961030,0.06563375,-0.19716058,0,0,0,0,0
276,57291,0.11482816,0.80560776,-0.91503883,0.12152901,0.09341575,-0.19718319,0,0,0,0,0
277,57500,0.04947097,0.84879562,-0.88487224,0.11820283,0.07634553,-0.19452220,0,0,0,0,0
278,57708,-0.01829254,0.87726642,-0.86136733,0.10188279,0.10347163,-0.18834665,0,0,0,0,0
279,57916,-0.09308494,0.90162925,-0.83041838,0.09343700,0.13101148,-0.19345979,0,0,0,0,0
280,58125,-0.14485829,0.93012774,-0.78282874,0.06128374,0.13046524,-0.20339317,0,0,0,0,0
281,58333,-0.21293331,0.95621254,-0.73639760,0.05634840,0.12385725,-0.19539554,0,0,0,0,0
282,58541,-0.27520005,0.96016775,-0.70047503,0.05098673,0.14720615,-0.19134082,0,0,0,0,0
283,58750,-0.33550262,0.98530169,-0.63723532,0.04848332,0.15371457,-0.19403516,0,0,0,0,0
284,58958,-0.39724200,0.98856395,-0.59536804,0.02629514,0.17495116,-0.19089231,0,0,0,0,0
285,59166,-0.45650944,0.99571077,-0.53388880,0.01057535,0.17747679,-0.17129312,0,0,0,0,0
286,59375,-0.51909490,0.99880722,-0.47429422,0.00547184,0.18004496,-0.17032262,0,0,0,0,0
287,59583,-0.57465995,0.98806511,-0.43289062,-0.03327825,0.18921412,-0.15749057,0,0,0,0,0
288,59791,-0.62683717,0.98077094,-0.36211634,-0.03793023,0.18952011,-0.14058269,0,0,0,0,0
289,60000,-0.68597727,0.97993949,-0.29389196,-0.03923442,0.18599325,-0.14316316,0,0,0,0,0
290,60208,-0.72085798,0.95867722,-0.24241909,-0.05358153,0.20439037,-0.13601460,0,0,0,0,0
291,60416,-0.75950795,0.94053828,-0.16670991,-0.06165303,0.19287897,-0.14861061,0,0,0,0,0
292,60625,-0.79730099,0.91769066,-0.10715923,-0.07570012,0.20457617,-0.11837348,0,0,0,0,0
293,60833,-0.84384680,0.88220987,-0.04903695,-0.08591725,0.20826856,-0.11408946,0,0,0,0,0
294,61041,-0.87446096,0.85275240,0.01734538,-0.10687202,0.18803018,-0.09092988,0,0,0,0,0
295,61250,-0.90648984,0.81639737,0.07449633,-0.09858176,0.19665105,-0.10347082,0,0,0,0,0
296,61458,-0.92896426,0.77018867,0.14352481,-0.13312432,0.21189802,-0.07001096,0,0,0,0,0
297,61666,-0.95909978,0.73851302,0.21427221,-0.13536726,0.20629342,-0.07185843,0,0,0,0,0
298,61875,-0.97300015,0.69328408,0.27278663,-0.14285118,0.19308297,-0.06292603,0,0,0,0,0
299,62083,-0.98830062,0.64819423,0.33805115,-0.14669197,0.18205808,-0.01910070,0,0,0,0,0
300,62291,-0.99084043,0.59659578,0.40293467,-0.17184833,0.17552749,-0.02486766,0,0,0,0,0
301,62500,-1.00801974,0.53266339,0.46198784,-0.17223281,0.16528324,-0.01278928,0,0,0,0,0
302,62708,-0.99876542,0.47695262,0.51574161,-0.16906615,0.16440879,-0.00304217,0,0,0,0,0
303,62916,-0.99285460,0.42446836,0.56623487,-0.18664934,0.17062981,0.01307257,0,0,0,0,0
304,63125,-0.99725639,0.36877028,0.62275677,-0.19094344,0.14356090,0.02594965,0,0,0,0,0
305,63333,-0.98139037,0.30361524,0.67325138,-0.20117562,0.12888480,0.04093222,0,0,0,0,0
306,63541,-0.96648231,0.23935511,0.71621320,-0.20077259,0.14286662,0.05496106,0,0,0,0,0
307,63750,-0.93405767,0.18575017,0.76555586,-0.20323046,0.12064344,0.06647493,0,0,0,0,0
308,63958,-0.91098610,0.11707775,0.80061441,-0.19971682,0.10545207,0.07047024,0,0,0,0,0
309,64166,-0.88503691,0.05220962,0.84208488,-0.21587016,0.10642429,0.09307500,0,0,0,0,0
310,64375,-0.85567522,-0.01538346,0.87307516,-0.20358289,0.09328540,0.10693479,0,0,0,0,0
311,64583,-0.81771885,-0.08841147,0.90376049,-0.19854157,0.08732949,0.12298435,0,0,0,0,0
312,64791,-0.78011249,-0.14462688,0.93683483,-0.18885597,0.08143472,0.13671948,0,0,0,0,0
313,65000,-0.73272200,-0.20044670,0.95885648,-0.18636438,0.06925005,0.13288888,0,0,0,0,0
314,65208,-0.69495143,-0.27385821,0.97133371,-0.17464589,0.05870957,0.14938261,0,0,0,0,0
315,65416,-0.65900982,-0.34002916,0.99211350,-0.18333353,0.04332617,0.16274416,0,0,0,0,0
316,65625,-0.59780331,-0.40832763,0.99882120,-0.19099283,0.01126870,0.15844307,0,0,0,0,0
317,65833,-0.53868142,-0.46379316,1.00304651,-0.17258997,0.01636610,0.17404684,0,0,0,0,0
318,66041,-0.48669627,-0.51386462,1.00034814,-0.18142446,-0.01141454,0.18215687,0,0,0,0,0
319,66250,-0.42059307,-0.56914544,1.00036950,-0.17440286,-0.02009505,0.16669243,0,0,0,0,0
320,66458,-0.37028375,-0.63004770,0.98695235,-0.15695766,-0.03444663,0.18924597,0,0,0,0,0
321,66666,-0.29950519,-0.67220187,0.97812761,-0.14031369,-0.03608132,0.19408623,0,0,0,0,0
322,66875,-0.24788408,-0.72618034,0.96696492,-0.14505574,-0.07377208,0.18801643,0,0,0,0,0
323,67083,-0.17441607,-0.76057876,0.94511423,-0.11234330,-0.07148081,0.20528658,0,0,0,0,0
324,67291,-0.11496978,-0.80205677,0.91338457,-0.11438504,-0.08342467,0.21342308,0,0,0,0,0
325,67500,-0.05205261,-0.83689001,0.89376164,-0.09476203,-0.08701710,0.19883429,0,0,0,0,0
326,67708,0.01995277,-0.87730338,0.85035432,-0.07989764,-0.10536311,0.18229275,0,0,0,0,0
327,67916,0.07953008,-0.90054637,0.82081276,-0.07707169,-0.11181261,0.18996432,0,0,0,0,0
328,68125,0.15429062,-0.92911347,0.78768313,-0.08085578,-0.12642229,0.18080557,0,0,0,0,0
329,68333,0.21267118,-0.94932137,0.73554084,-0.07508180,-0.12022351,0.20747042,0,0,0,0,0
330,68541,0.27793625,-0.96864186,0.69550980,-0.06198144,-0.15092170,0.17908688,0,0,0,0,0
331,68750,0.33892956,-0.98692114,0.64751801,-0.03851601,-0.13205586,0.18299224,0,0,0,0,0
332,68958,0.40226831,-0.99051140,0.60012456,-0.03120013,-0.16921561,0.18860204,0,0,0,0,0
333,69166,0.45453101,-0.99527152,0.53713487,-0.02367622,-0.16360843,0.16513412,0,0,0,0,0
334,69375,0.52026371,-1.00424311,0.48739177,0.00630397,-0.16326133,0.16150826,0,0,0,0,0
335,69583,0.57943042,-0.99279958,0.42126187,0.01920356,-0.18674814,0.17544752,0,0,0,0,0
336,69791,0.61588453,-0.98571640,0.36280248,0.01848064,-0.19112076,0.16878198,0,0,0,0,0
337,70000,0.67905671,-0.98006278,0.30299871,0.03542305,-0.20839556,0.14005952,0,0,0,0,0
338,70208,0.71521883,-0.95947738,0.23957566,0.03917719,-0.16456143,0.13153489,0,0,0,0,0
339,70416,0.75934714,-0.94380517,0.18135468,0.06720097,-0.20296578,0.13846380,0,0,0,0,0
340,70625,0.80680294,-0.91362986,0.12430242,0.07377617,-0.18794811,0.12869077,0,0,0,0,0
341,70833,0.83434614,-0.89286262,0.04742074,0.09968322,-0.20950696,0.10696608,0,0,0,0,0
342,71041,0.87660553,-0.84985777,-0.01733707,0.10085214,-0.21567803,0.10434635,0,0,0,0,0
343,71250,0.90637295,-0.81452598,-0.07381166,0.10421601,-0.20632366,0.07884106,0,0,0,0,0
344,71458,0.92940373,-0.77773791,-0.13484518,0.12261920,-0.19557003,0.08282036,0,0,0,0,0
345,71666,0.95138244,-0.72975709,-0.21165600,0.12988703,-0.19277659,0.06745106,0,0,0,0,0
346,71875,0.96735848,-0.68696528,-0.27251966,0.13539934,-0.19634805,0.03537140,0,0,0,0,0
347,72083,0.98760054,-0.64113614,-0.34297282,0.15138216,-0.18938122,0.03472425,0,0,0,0,0
348,72291,0.99177435,-0.58702196,-0.40093007,0.14904833,-0.17780014,0.02144185,0,0,0,0,0
349,72500,1.00474223,-0.54195793,-0.46449467,0.17258401,-0.18082448,0.01696772,0,0,0,0,0
350,72708,1.00606400,-0.48828298,-0.51526719,0.18143224,-0.17078446,-0.01359636,0,0,0,0,0
351,72916,0.98991345,-0.42267457,-0.56060183,0.19698267,-0.16951281,-0.00613655,0,0,0,0,0
352,73125,0.98311099,-0.36827467,-0.62615420,0.19394632,-0.14290691,-0.03040260,0,0,0,0,0
353,73333,0.97704668,-0.30159850,-0.67520668,0.18714332,-0.15571300,-0.03388503,0,0,0,0,0
354,73541,0.95729379,-0.24711826,-0.71701778,0.16980241,-0.13705711,-0.07110015,0,0,0,0,0
355,73750,0.93841745,-0.18246305,-0.77151904,0.19163094,-0.11984962,-0.06725537,0,0,0,0,0
356,73958,0.91358987,-0.12150359,-0.80297762,0.20678124,-0.11009771,-0.08045907,0,0,0,0,0
357,74166,0.89918786,-0.05423821,-0.85465027,0.21550545,-0.11833992,-0.09186249,0,0,0,0,0
358,74375,0.86336797,0.01883484,-0.87734009,0.20293641,-0.08963535,-0.10176572,0,0,0,0,0
359,74583,0.81787434,0.07582392,-0.91390565,0.19149160,-0.08292422,-0.11346738,0,0,0,0,0
360,74791,0.77339933,0.14333605,-0.93588373,0.19904754,-0.07067018,-0.14900242,0,0,0,0,0
361,75000,0.73782888,0.20905175,-0.95487009,0.16868547,-0.06761846,-0.12045859,0,0,0,0,0
362,75208,0.68874795,0.27485575,-0.97271409,0.18881076,-0.05051962,-0.15324408,0,0,0,0,0
363,75416,0.65019478,0.33995694,-0.98674883,0.18938717,-0.03680887,-0.16197470,0,0,0,0,0
364,75625,0.59563484,0.41044663,-0.98384235,0.16993919,-0.00511714,-0.16413265,0,0,0,0,0
365,75833,0.53852510,0.46397942,-0.99641225,0.18152909,-0.03359541,-0.16785838,0,0,0,0,0
366,76041,0.48463774,0.51439016,-1.00905954,0.17926025,0.00176323,-0.19275097,0,0,0,0,0
367,76250,0.42077136,0.57248762,-1.00394295,0.16371808,0.01929915,-0.20033105,0,0,0,0,0
368,76458,0.36493033,0.62218989,-0.98235977,0.15429637,0.02950232,-0.17525921,0,0,0,0,0
369,76666,0.31216356,0.67903298,-0.97691804,0.10785422,0.05106077,-0.19687093,0,0,0,0,0
370,76875,0.23713010,0.72416015,-0.95437298,0.13732737,0.06462319,-0.19260178,0,0,0,0,0
371,77083,0.17658904,0.76218902,-0.93527748,0.13528405,0.07221670,-0.20680484,0,0,0,0,0
372,77291,0.10699932,0.80702286,-0.91763152,0.11534847,0.08061340,-0.18057637,0,0,0,0,0
373,77500,0.04136517,0.84405504,-0.88738680,0.11530491,0.07332288,-0.18759363,0,0,0,0,0
374,77708,-0.01610201,0.87511867,-0.85930196,0.09867927,0.12721057,-0.20010872,0,0,0,0,0
375,77916,-0.09180270,0.90613318,-0.81612973,0.08737175,0.09336753,-0.17727671,0,0,0,0,0
376,78125,-0.15135549,0.93257532,-0.78122029,0.08086569,0.13337088,-0.18367523,0,0,0,0,0
377,78333,-0.21886848,0.96195665,-0.73334563,0.06269075,0.14042146,-0.17964873,0,0,0,0,0
378,78541,-0.27060275,0.97495599,-0.69720781,0.04485791,0.13300913,-0.17605338,0,0,0,0,0
379,78750,-0.34266514,0.97779065,-0.64647961,0.03734643,0.17769601,-0.18543191,0,0,0,0,0
380,78958,-0.40580763,0.99339902,-0.59634406,0.02324661,0.17243614,-0.16005844,0,0,0,0,0
381,79166,-0.45881695,1.00817753,-0.53198528,0.01710955,0.17423132,-0.15641478,0,0,0,0,0
382,79375,-0.51545650,1.00054474,-0.48331326,-0.00932675,0.16533536,-0.15124459,0,0,0,0,0
383,79583,-0.56373689,1.00487833,-0.42524300,-0.00249789,0.20013519,-0.18674637,0,0,0,0,0
384,79791,-0.62416731,1.00141954,-0.36550195,-0.02447636,0.20634149,-0.15690072,0,0,0,0,0
385,80000,-0.66897434,0.97203714,-0.29706148,-0.02903379,0.19646272,-0.14643643,0,0,0,0,0
386,80208,-0.72298335,0.96045404,-0.22524144,-0.05644869,0.21682094,-0.14515579,0,0,0,0,0
387,80416,-0.75644183,0.94109613,-0.16391173,-0.07962305,0.20300786,-0.13297550,0,0,0,0,0
388,80625,-0.79816119,0.91004392,-0.10855993,-0.09066737,0.20612524,-0.12369129,0,0,0,0,0
389,80833,-0.83710457,0.89537977,-0.05213900,-0.09637795,0.20187211,-0.09951391,0,0,0,0,0
390,81041,-0.86944381,0.85819609,0.01460373,-0.11165361,0.20928235,-0.08981289,0,0,0,0,0
391,81250,-0.90232853,0.81261636,0.08387919,-0.12760351,0.20565001,-0.08673453,0,0,0,0,0
392,81458,-0.92919649,0.78343999,0.13531943,-0.12068618,0.19211274,-0.07357737,0,0,0,0,0
393,81666,-0.95768279,0.73556411,0.20769847,-0.12960043,0.18255532,-0.06500110,0,0,0,0,0
394,81875,-0.97339720,0.69399219,0.27852593,-0.14542179,0.18775672,-0.03206254,0,0,0,0,0
395,82083,-0.97976842,0.63336052,0.32830848,-0.13903822,0.19209309,-0.03487513,0,0,0,0,0
396,82291,-0.98968770,0.59391040,0.39981260,-0.16280652,0.17741266,-0.00743500,0,0,0,0,0
397,82500,-0.99473895,0.54554924,0.45363891,-0.17469061,0.16353561,-0.00122924,0,0,0,0,0
398,82708,-1.00249464,0.48341125,0.51056927,-0.18244735,0.16525107,0.00894625,0,0,0,0,0
399,82916,-0.98880239,0.41869254,0.57193003,-0.17910347,0.14682471,0.00177025,0,0,0,0,0
400,83125,-0.99058321,0.36743948,0.62974717,-0.20622770,0.14516287,0.04300463,0,0,0,0,0
401,83333,-0.97568253,0.30519858,0.67171172,-0.21568293,0.12427014,0.02684854,0,0,0,0,0
402,83541,-0.94811063,0.25110747,0.72627313,-0.19867084,0.13513028,0.05524458,0,0,0,0,0
403,83750,-0.94443169,0.18137766,0.76533485,-0.20082643,0.13298467,0.05610313,0,0,0,0,0
404,83958,-0.91408209,0.11305545,0.79898754,-0.19791285,0.11645801,0.09171858,0,0,0,0,0
405,84166,-0.89711623,0.04266761,0.84767490,-0.20380072,0.11090531,0.08959125,0,0,0,0,0
406,84375,-0.85949638,-0.01734120,0.88259442,-0.18461251,0.09902438,0.11157353,0,0,0,0,0
407,84583,-0.81911063,-0.07318891,0.90809816,-0.19169795,0.09237242,0.09501352,0,0,0,0,0
408,84791,-0.78613725,-0.14638444,0.92585928,-0.21986378,0.08331778,0.13559131,0,0,0,0,0
409,85000,-0.74048874,-0.20976935,0.94690486,-0.20677233,0.07270929,0.14525681,0,0,0,0,0
410,85208,-0.69402849,-0.28926323,0.97453877,-0.20728652,0.06654202,0.13648573,0,0,0,0,0
411,85416,-0.64584992,-0.33493214,0.98814688,-0.18278253,0.02668602,0.15062694,0,0,0,0,0
412,85625,-0.60636483,-0.40017675,0.99863867,-0.17606108,0.03773259,0.17817290,0,0,0,0,0
413,85833,-0.53019433,-0.45989085,0.98914379,-0.15475544,0.01417383,0.17543777,0,0,0,0,0
414,86041,-0.49061068,-0.51647219,0.99637273,-0.17261712,-0.00242692,0.18811748,0,0,0,0,0
415,86250,-0.43057080,-0.57137260,0.99416262,-0.16710853,-0.03138260,0.16775678,0,0,0,0,0
416,86458,-0.37421705,-0.62617074,0.99446821,-0.14806413,-0.04240598,0.18842384,0,0,0,0,0
417,86666,-0.30915255,-0.67708256,0.97709044,-0.15295884,-0.04597280,0.20375906,0,0,0,0,0
418,86875,-0.24092118,-0.72836283,0.96643380,-0.13687508,-0.06334785,0.18836296,0,0,0,0,0
419,87083,-0.17117465,-0.76674915,0.93555826,-0.11641416,-0.05867946,0.19022096,0,0,0,0,0
420,87291,-0.11414014,-0.79953594,0.90704385,-0.10883121,-0.07424660,0.19667306,0,0,0,0,0
421,87500,-0.04486521,-0.84457739,0.89245000,-0.09651351,-0.07887070,0.18834141,0,0,0,0,0
422,87708,0.02166584,-0.87086415,0.85531299,-0.11034732,-0.10702020,0.20885215,0,0,0,0,0
423,87916,0.07977923,-0.90953110,0.82120082,-0.08135866,-0.10985545,0.19994041,0,0,0,0,0
424,88125,0.14094170,-0.93646004,0.77571817,-0.07594969,-0.14244933,0.19040772,0,0,0,0,0
425,88333,0.20944360,-0.95345198,0.74021181,-0.04088900,-0.11255062,0.20895062,0,0,0,0,0
426,88541,0.28390123,-0.96434035,0.69492501,-0.04531603,-0.12775873,0.18386928,0,0,0,0,0
427,88750,0.33492922,-0.98994874,0.64528334,-0.03981051,-0.16279959,0.18688368,0,0,0,0,0
428,88958,0.39549206,-0.98327042,0.59700467,-0.01649397,-0.14680208,0.16910728,0,0,0,0,0
429,89166,0.45940814,-0.98684807,0.54350386,-0.00747799,-0.18207582,0.17374546,0,0,0,0,0
430,89375,0.51751670,-0.99518397,0.48947307,0.00799595,-0.18443610,0.17630397,0,0,0,0,0
431,89583,0.56314364,-0.99833629,0.42509683,0.01923262,-0.18398328,0.17043633,0,0,0,0,0
432,89791,0.62475390,-0.99068199,0.37303271,0.02395449,-0.19836696,0.14842581,0,0,0,0,0
433,90000,0.67317516,-0.98012464,0.29655196,0.03717690,-0.18811059,0.13725038,0,0,0,0,0
434,90208,0.71470630,-0.96425146,0.24485678,0.06096513,-0.18631924,0.14297873,0,0,0,0,0
435,90416,0.75212599,-0.94182227,0.17670853,0.06018078,-0.21433806,0.13722121,0,0,0,0,0
436,90625,0.80615633,-0.92570255,0.11161546,0.08016561,-0.20032539,0.10387780,0,0,0,0,0
437,90833,0.84123178,-0.88668079,0.04518051,0.09500430,-0.21171942,0.13475738,0,0,0,0,0
438,91041,0.87411622,-0.86213325,-0.01476736,0.09542908,-0.19836254,0.10521125,0,0,0,0,0
439,91250,0.89627293,-0.82518189,-0.07307620,0.11649211,-0.19646878,0.07014409,0,0,0,0,0
440,91458,0.94070233,-0.78563044,-0.14030929,0.12294025,-0.20327173,0.08240400,0,0,0,0,0
441,91666,0.94644644,-0.73769464,-0.20639665,0.12926830,-0.19515972,0.04937017,0,0,0,0,0
442,91875,0.96686742,-0.68857913,-0.27481922,0.15099336,-0.18831930,0.04208096,0,0,0,0,0
443,92083,0.98841777,-0.65090126,-0.32810412,0.14057394,-0.19128819,0.04349184,0,0,0,0,0
444,92291,0.99377485,-0.58881739,-0.39502011,0.14997943,-0.19558549,0.01249423,0,0,0,0,0
445,92500,0.99975052,-0.54695957,-0.46161406,0.17195626,-0.16482408,0.00163633,0,0,0,0,0
446,92708,0.99392393,-0.48915899,-0.51781850,0.16836493,-0.15803727,0.00568057,0,0,0,0,0
447,92916,0.99038786,-0.42309227,-0.56089370,0.19959758,-0.15110457,-0.01787691,0,0,0,0,0
448,93125,0.99126501,-0.37603726,-0.61619769,0.18937193,-0.16040077,-0.03502159,0,0,0,0,0
449,93333,0.97556523,-0.30896684,-0.66571615,0.18350117,-0.14456811,-0.04563307,0,0,0,0,0
450,93541,0.97114393,-0.24790534,-0.71859754,0.19930929,-0.15001655,-0.03995284,0,0,0,0,0
451,93750,0.93566086,-0.18146077,-0.76792012,0.22084884,-0.10407647,-0.06115115,0,0,0,0,0
452,93958,0.91533198,-0.11764058,-0.81347163,0.19509739,-0.12923731,-0.09559967,0,0,0,0,0
453,94166,0.89020091,-0.05738417,-0.84632639,0.19744409,-0.09422929,-0.07848697,0,0,0,0,0
454,94375,0.85512363,0.02015399,-0.88337994,0.20786047,-0.10503889,-0.10910033,0,0,0,0,0
455,94583,0.81783026,0.08460484,-0.89446865,0.21408429,-0.08443557,-0.11669267,0,0,0,0,0
456,94791,0.78314205,0.15275902,-0.93502054,0.18697066,-0.07976879,-0.13617920,0,0,0,0,0
457,95000,0.75053176,0.21101337,-0.95707371,0.18555311,-0.07023625,-0.14138581,0,0,0,0,0
458,95208,0.69166167,0.27642510,-0.97498892,0.17319002,-0.05085019,-0.14464570,0,0,0,0,0
459,95416,0.63832087,0.34398069,-0.99451987,0.18344928,-0.04826498,-0.15521719,0,0,0,0,0
460,95625,0.59785097,0.40176637,-1.00421620,0.18049735,-0.04600859,-0.14735939,0,0,0,0,0
461,95833,0.53935041,0.46453639,-0.99197505,0.18102053,-0.01801737,-0.18389696,0,0,0,0,0
462,96041,0.47968556,0.52150454,-0.99174686,0.16955648,0.00881758,-0.18096188,0,0,0,0,0
463,96250,0.42943352,0.57260033,-0.99105923,0.15923483,0.01221141,-0.20623889,0,0,0,0,0
464,96458,0.36824441,0.62535570,-0.98650772,0.15325190,0.01714603,-0.19567778,0,0,0,0,0
465,96666,0.30038761,0.67426929,-0.98302292,0.14868218,0.06860093,-0.18295691,0,0,0,0,0
466,96875,0.23203962,0.72183013,-0.95427994,0.12256652,0.05512156,-0.18045905,0,0,0,0,0
467,97083,0.18049586,0.76216772,-0.94042154,0.12824822,0.06013226,-0.18067126,0,0,0,0,0
468,97291,0.10731387,0.80679961,-0.91356566,0.10004068,0.10309678,-0.20046429,0,0,0,0,0
469,97500,0.04650950,0.84270470,-0.88671298,0.11863508,0.07658155,-0.19900684,0,0,0,0,0
470,97708,-0.02108622,0.87183062,-0.85248552,0.11538435,0.09616527,-0.20417145,0,0,0,0,0
471,97916,-0.08323651,0.90610890,-0.81603012,0.08115930,0.12661721,-0.19453612,0,0,0,0,0
472,98125,-0.14941594,0.93585081,-0.78260948,0.07925984,0.11721616,-0.17852578,0,0,0,0,0
473,98333,-0.20804793,0.95134728,-0.73425547,0.07272638,0.14376627,-0.17942811,0,0,0,0,0
474,98541,-0.27430311,0.96931180,-0.69529554,0.06814414,0.15430487,-0.18997194,0,0,0,0,0
475,98750,-0.34915784,0.98352002,-0.64006681,0.03864178,0.17519831,-0.18494315,0,0,0,0,0
476,98958,-0.40133306,0.98261537,-0.58842083,0.01980381,0.17344444,-0.18096461,0,0,0,0,0
477,99166,-0.45737988,0.99571594,-0.54797708,0.01806829,0.16599376,-0.17941224,0,0,0,0,0
478,99375,-0.51675385,1.01029789,-0.48293183,0.01288465,0.17033433,-0.16683001,0,0,0,0,0
479,99583,-0.56335475,0.99586792,-0.43547118,-0.01326442,0.17351958,-0.15622752,0,0,0,0,0
480,99791,-0.61919121,0.98382129,-0.37221018,-0.01413017,0.17843717,-0.13426431,0,0,0,0,0
481,100000,-0.68062885,0.97649099,-0.30259221,-0.03084591,0.19810614,-0.14995326,0,0,0,0,0
482,100208,-0.71740098,0.95765265,-0.24073036,-0.04650472,0.17992029,-0.13504814,0,0,0,0,0
483,100416,-0.75139749,0.94029451,-0.17749448,-0.06663197,0.20175466,-0.14319782,0,0,0,0,0
484,100625,-0.78215488,0.91468898,-0.10846042,-0.08083849,0.18221081,-0.12233486,0,0,0,0,0
485,100833,-0.79148698,0.88335162,-0.04897942,-0.07302046,0.20435965,-0.11453235,0,0,0,0,0
486,101041,-0.79864855,0.85385369,0.01158734,-0.11072628,0.19556544,-0.09522013,0,0,0,0,0
487,101250,-0.79583640,0.80520800,0.07376681,-0.10896853,0.20563937,-0.08527790,0,0,0,0,0
488,101458,-0.78062962,0.77124162,0.13636175,-0.12251813,0.16963671,-0.07103603,0,0,0,0,0
489,101666,-0.75487289,0.72993484,0.20236586,-0.13750226,0.20257670,-0.06656486,0,0,0,0,0
490,101875,-0.72638162,0.67558273,0.26369545,-0.16737027,0.18883810,-0.05544224,0,0,0,0,0
491,102083,-0.68823548,0.63073501,0.33347041,-0.17328673,0.17887398,-0.05052773,0,0,0,0,0
492,102291,-0.64820750,0.57300387,0.38423842,-0.19916453,0.18285826,-0.02267389,0,0,0,0,0
493,102500,-0.60240931,0.51422742,0.43308331,-0.20681102,0.17544223,-0.01188373,0,0,0,0,0
494,102708,-0.53774923,0.45405142,0.49477608,-0.23850802,0.14993092,0.01662117,0,0,0,0,0
495,102916,-0.49300774,0.40326852,0.54441002,-0.25375554,0.15742394,0.01498685,0,0,0,0,0
496,103125,-0.44715848,0.34581218,0.58532944,-0.28428567,0.15484542,0.02457473,0,0,0,0,0
497,103333,-0.39158008,0.29880009,0.63818257,-0.33493908,0.12288224,0.04858803,0,0,0,0,0
498,103541,-0.34469524,0.22783906,0.67834546,-0.35078345,0.13185258,0.04156965,0,0,0,0,0
499,103750,-0.29458062,0.16411591,0.71001792,-0.40681993,0.13263632,0.07000958,0,0,0,0,0
500,103958,-0.26095503,0.10867057,0.74674607,-0.42346087,0.11291819,0.07212145,0,0,0,0,0
501,104166,-0.23328752,0.04309610,0.77760809,-0.48450874,0.09696504,0.07684807,0,0,0,0,0
502,104375,-0.19471559,-0.01063433,0.81139874,-0.49269229,0.07825310,0.10043305,0,0,0,0,0
503,104583,-0.17829098,-0.06864458,0.82342046,-0.54720309,0.07099420,0.08485502,0,0,0,0,0
504,104791,-0.17082265,-0.13566592,0.86277176,-0.57274047,0.06768988,0.12366193,0,0,0,0,0
505,105000,-0.14360498,-0.20491441,0.87084946,-0.59576541,0.06888403,0.12750202,0,0,0,0,0
506,105208,-0.14559336,-0.25524543,0.89121541,-0.62085550,0.05597467,0.12883800,0,0,0,0,0
507,105416,-0.13427549,-0.31316350,0.91748653,-0.61948157,0.03448482,0.15191012,0,0,0,0,0
508,105625,-0.11866651,-0.36041130,0.91394734,-0.66528302,0.01820438,0.15438136,0,0,0,0,0
509,105833,-0.10758003,-0.42097331,0.92196486,-0.65466964,0.00797659,0.14256864,0,0,0,0,0
510,106041,-0.09972748,-0.47790655,0.92291630,-0.66134995,0.01301683,0.16623226,0,0,0,0,0
511,106250,-0.08348358,-0.51959663,0.91924861,-0.68099706,-0.02649371,0.16936259,0,0,0,0,0
512,106458,-0.06903010,-0.57547886,0.90803330,-0.67333475,-0.02362295,0.16268713,0,0,0,0,0
513,106666,-0.06540401,-0.62127738,0.90125236,-0.67184716,-0.04148299,0.16662642,0,0,0,0,0
514,106875,-0.04775148,-0.66614208,0.88374210,-0.65253520,-0.04142840,0.18593224,0,0,0,0,0
515,107083,-0.03456715,-0.69790874,0.85674187,-0.62172305,-0.06140898,0.17334476,0,0,0,0,0
516,107291,-0.01620266,-0.74337409,0.83737106,-0.60978914,-0.08235816,0.15578786,0,0,0,0,0
517,107500,-0.00801905,-0.77119389,0.81654886,-0.57174662,-0.06369116,0.16755486,0,0,0,0,0
518,107708,-0.00517936,-0.80285559,0.79070243,-0.53742320,-0.08628518,0.14862308,0,0,0,0,0
519,107916,0.02864591,-0.83149869,0.75814372,-0.47107724,-0.09510805,0.16623832,0,0,0,0,0
520,108125,0.03061385,-0.85074913,0.72048905,-0.43742292,-0.11829081,0.15228188,0,0,0,0,0
521,108333,0.04413604,-0.86749380,0.68054908,-0.38762244,-0.11457267,0.14975981,0,0,0,0,0
522,108541,0.05491916,-0.89760555,0.63788594,-0.30972801,-0.12505498,0.14137400,0,0,0,0,0
523,108750,0.06916069,-0.90480562,0.59536912,-0.23109940,-0.12446105,0.14317722,0,0,0,0,0
524,108958,0.08197208,-0.91398924,0.54147960,-0.16248749,-0.14762031,0.14431342,0,0,0,0,0
525,109166,0.09541652,-0.91720099,0.49675116,-0.05654060,-0.13222953,0.13055580,0,0,0,0,0
526,109375,0.10210902,-0.92172181,0.44911671,0.00831486,-0.12921369,0.12401518,0,0,0,0,0
527,109583,0.10184403,-0.92114127,0.39141983,0.12004433,-0.14634096,0.12636908,0,0,0,0,0
528,109791,0.12202863,-0.90978569,0.33058917,0.22969196,-0.14070235,0.11599013,0,0,0,0,0
529,110000,0.13308122,-0.89346166,0.27382508,0.34929845,-0.15560143,0.10963101,0,0,0,0,0
530,110208,0.14008893,-0.88494924,0.22748482,0.46793668,-0.12940020,0.09771130,0,0,0,0,0
531,110416,0.14687161,-0.86339435,0.16175361,0.58568435,-0.15666594,0.08712086,0,0,0,0,0
532,110625,0.15803721,-0.83558290,0.09601706,0.69445486,-0.14782313,0.08702119,0,0,0,0,0
533,110833,0.17217483,-0.81652141,0.03861468,0.82762341,-0.15273864,0.08691840,0,0,0,0,0
534,111041,0.17621336,-0.78300460,-0.02446360,0.94810752,-0.15214885,0.07011030,0,0,0,0,0
535,111250,0.17387172,-0.74979170,-0.08396356,1.06888462,-0.12442532,0.05876497,0,0,0,0,0
536,111458,0.17710194,-0.71307104,-0.13369342,1.18890497,-0.12246099,0.03833041,0,0,0,0,0
537,111666,0.18146935,-0.66993523,-0.19697339,1.32191410,-0.13857616,0.03861336,0,0,0,0,0
538,111875,0.19513007,-0.63921468,-0.25835721,1.45637197,-0.09531004,0.02873690,0,0,0,0,0
539,112083,0.18915661,-0.58958961,-0.30322321,1.56630101,-0.11397621,0.02571542,0,0,0,0,0
540,112291,0.19820152,-0.54616259,-0.36682616,1.67997507,-0.10998584,0.01616323,0,0,0,0,0
541,112500,0.20298348,-0.49553811,-0.41976076,1.80937339,-0.11485424,0.02995120,0,0,0,0,0
542,112708,0.20193093,-0.44461952,-0.46897630,1.90220077,-0.09748522,-0.00574611,0,0,0,0,0
543,112916,0.19758363,-0.38740081,-0.53100280,2.01481074,-0.10232978,-0.00267542,0,0,0,0,0
544,113125,0.20559460,-0.34084711,-0.57855571,2.10872939,-0.10737863,-0.01067140,0,0,0,0,0
545,113333,0.19241047,-0.27974627,-0.61819417,2.20162351,-0.09144858,-0.02068417,0,0,0,0,0
546,113541,0.19293548,-0.23015866,-0.67852562,2.27974329,-0.08921804,-0.03449623,0,0,0,0,0
547,113750,0.18631453,-0.16882357,-0.69241648,2.34807502,-0.09049874,-0.01649869,0,0,0,0,0
548,113958,0.18240616,-0.10795625,-0.73838376,2.39791058,-0.06128605,-0.05715977,0,0,0,0,0
549,114166,0.18187536,-0.04182369,-0.77539199,2.44509189,-0.06276633,-0.05032488,0,0,0,0,0
550,114375,0.17461992,0.01784404,-0.80359869,2.49141189,-0.05819637,-0.05405283,0,0,0,0,0
551,114583,0.15519647,0.08324347,-0.83036381,2.51681243,-0.03285734,-0.08350973,0,0,0,0,0
552,114791,0.15132106,0.14135700,-0.85602792,2.55336524,-0.04143812,-0.08656666,0,0,0,0,0
553,115000,0.15212536,0.19593488,-0.87387082,2.53393875,-0.02340757,-0.06510620,0,0,0,0,0
554,115208,0.13233562,0.26980284,-0.88858586,2.52033715,-0.03889046,-0.07904942,0,0,0,0,0
555,115416,0.12410471,0.31330168,-0.89824342,2.48989900,-0.02877004,-0.09772087,0,0,0,0,0
556,115625,0.12063811,0.36160006,-0.91969205,2.44845374,-0.01339587,-0.07782750,0,0,0,0,0
557,115833,0.11298944,0.41687996,-0.92631993,2.39358870,-0.00499691,-0.09504928,0,0,0,0,0
558,116041,0.10109320,0.47943765,-0.92691234,2.33494491,0.00437357,-0.08667701,0,0,0,0,0
559,116250,0.07710123,0.51877152,-0.91623783,2.26692243,0.01866262,-0.08149558,0,0,0,0,0
560,116458,0.07170798,0.57579959,-0.91916254,2.19099974,0.05189704,-0.10229804,0,0,0,0,0
561,116666,0.05874531,0.61896449,-0.90585100,2.08476159,0.00644813,-0.12116764,0,0,0,0,0
562,116875,0.04495611,0.67318204,-0.88126632,1.95809502,0.02310540,-0.11061541,0,0,0,0,0
563,117083,0.02718938,0.69787273,-0.86769622,1.83779268,0.03963324,-0.12354476,0,0,0,0,0
564,117291,0.02886814,0.74566486,-0.84372294,1.70791593,0.06129992,-0.11277794,0,0,0,0,0
565,117500,0.00834769,0.77270127,-0.80919318,1.56061366,0.04539043,-0.08973577,0,0,0,0,0
566,117708,-0.00908495,0.80266024,-0.78286974,1.40116068,0.05305061,-0.11035972,0,0,0,0,0
567,117916,-0.01548170,0.83945943,-0.75409772,1.22214701,0.05449635,-0.11325850,0,0,0,0,0
568,118125,-0.03109089,0.85273444,-0.72466212,1.06550007,0.06895494,-0.08539097,0,0,0,0,0
569,118333,-0.03885621,0.87070580,-0.68136418,0.88865086,0.06813820,-0.10124016,0,0,0,0,0
570,118541,-0.05810499,0.88909906,-0.64278994,0.72696800,0.08108155,-0.09504359,0,0,0,0,0
571,118750,-0.07016876,0.89894783,-0.59497858,0.54162063,0.08933150,-0.10592477,0,0,0,0,0
572,118958,-0.07990582,0.90511849,-0.55088914,0.31729982,0.07713331,-0.08003112,0,0,0,0,0
573,119166,-0.08829603,0.91382943,-0.49610618,0.14943622,0.09402832,-0.08893818,0,0,0,0,0
574,119375,-0.10796887,0.91076709,-0.44620967,-0.04152663,0.08016295,-0.07810450,0,0,0,0,0
575,119583,-0.12097125,0.91168296,-0.39553536,-0.25734593,0.09274255,-0.09682735,0,0,0,0,0
576,119791,-0.12185611,0.90479900,-0.34184612,-0.46105298,0.08632795,-0.06538113,0,0,0,0,0
577,120000,-0.13293047,0.89979154,-0.27077827,-0.62158130,0.07861346,-0.07086185,0,0,0,0,0
578,120208,-0.14345675,0.87747157,-0.22470682,-0.83022672,0.10620897,-0.07685179,0,0,0,0,0
579,120416,-0.15207363,0.86844284,-0.15727782,-1.00240008,0.08813968,-0.06891619,0,0,0,0,0
580,120625,-0.16047372,0.83244556,-0.10397952,-1.19676991,0.09193184,-0.06484760,0,0,0,0,0
581,120833,-0.16133679,0.81270817,-0.04333232,-1.36021409,0.09625677,-0.05160295,0,0,0,0,0
582,121041,-0.17378298,0.78688014,0.01646240,-1.54176791,0.11896368,-0.04735394,0,0,0,0,0
583,121250,-0.18180326,0.75318662,0.07409013,-1.71481709,0.11588138,-0.02679859,0,0,0,0,0
584,121458,-0.19124080,0.71955616,0.13490618,-1.87353314,0.08207447,-0.05702621,0,0,0,0,0
585,121666,-0.19241196,0.67361410,0.19659010,-2.02400355,0.08532410,-0.02449292,0,0,0,0,0
586,121875,-0.19133320,0.64807795,0.24560944,-2.16107309,0.11487291,-0.04044416,0,0,0,0,0
587,122083,-0.19318772,0.60225428,0.30823965,-2.29133494,0.11595644,0.00736839,0,0,0,0,0
588,122291,-0.20615210,0.53426532,0.36529517,-2.40877804,0.09647007,0.00359470,0,0,0,0,0
589,122500,-0.19550050,0.50104307,0.42293855,-2.52786420,0.09025092,-0.00527302,0,0,0,0,0
590,122708,-0.20076878,0.44490843,0.47035937,-2.60699098,0.08506670,0.00592038,0,0,0,0,1
591,122916,-0.18776918,0.39274560,0.52222730,-2.69783421,0.07994224,0.00892494,0,0,0,0,1
592,123125,-0.19195687,0.33779022,0.57577355,-2.78891947,0.06574899,0.00855516,0,0,0,0,1
593,123333,-0.19661716,0.27771019,0.60996479,-2.83910115,0.08226176,0.01382784,0,0,0,0,1
594,123541,-0.19835769,0.22320781,0.66722895,-2.89660920,0.06000342,0.02712974,0,0,0,0,1
595,123750,-0.19365831,0.17244883,0.69808127,-2.95528703,0.07110455,0.00706952,0,0,0,0,1
596,123958,-0.18634796,0.11416261,0.74532131,-2.97605161,0.05978608,0.05296559,0,0,0,0,1
597,124166,-0.16907912,0.04417051,0.78083666,-2.99709867,0.06500490,0.06283348,0,0,0,0,1
598,124375,-0.17323470,-0.02389623,0.80396805,-2.98496469,0.04158077,0.04887151,0,0,0,0,1
599,124583,-0.16350169,-0.07754910,0.83839611,-2.99810404,0.02984871,0.07137802,0,0,0,0,1
600,124791,-0.15750035,-0.13800008,0.85561845,-2.98088168,0.02648851,0.05708808,0,0,0,0,1
601,125000,-0.14929460,-0.18885477,0.87411771,-2.93144820,0.03022328,0.06154258,0,0,0,0,1
602,125208,-0.14130894,-0.26081076,0.89612330,-2.89177915,0.02259000,0.07391457,0,0,0,0,1
603,125416,-0.12220721,-0.32180601,0.91110048,-2.83115504,0.00492168,0.08148730,0,0,0,0,1
604,125624,-0.11493405,-0.37217212,0.91046569,-2.75226511,0.00593891,0.07187636,0,0,0,0,1
605,125833,-0.11560753,-0.41997136,0.91115798,-2.67067063,0.00553382,0.08740674,0,0,0,0,1
606,126041,-0.10547462,-0.48070863,0.92146535,-2.57352672,0.00527279,0.09024625,0,0,0,0,0
607,126250,-0.08143391,-0.52791320,0.92529462,-2.46606352,-0.00855885,0.06782156,0,0,0,0,0
608,126458,-0.06801775,-0.57124063,0.90967379,-2.34400309,-0.00781462,0.09020449,0,0,0,0,0
609,126666,-0.06560296,-0.62843409,0.90511239,-2.22605751,-0.02084452,0.09291884,0,0,0,0,0
610,126874,-0.05044298,-0.66426656,0.88921802,-2.08836934,-0.02713082,0.09084218,0,0,0,0,0
611,127083,-0.02989033,-0.70260415,0.86955081,-1.92834980,-0.02883574,0.09224497,0,0,0,0,0
612,127291,-0.01915598,-0.73756947,0.84202192,-1.77133433,-0.05184217,0.10410613,0,0,0,0,0
613,127500,-0.00921629,-0.77661914,0.81375926,-1.60363754,-0.02696363,0.08383877,0,0,0,0,0
614,127708,0.00675895,-0.79726244,0.78846021,-1.45261208,-0.05077167,0.11075673,0,0,0,0,0
615,127916,0.01573750,-0.83440024,0.74935167,-1.26693798,-0.05792087,0.09830653,0,0,0,0,0
616,128124,0.02793065,-0.85137377,0.72343476,-1.10106439,-0.05979954,0.11124246,0,0,0,0,0
617,128333,0.04810161,-0.86968651,0.67824551,-0.90840358,-0.05588116,0.09135292,0,0,0,0,0
618,128541,0.05205262,-0.90430187,0.63746463,-0.72317940,-0.06780968,0.10576882,0,0,0,0,0
619,128750,0.06537726,-0.89638836,0.59248784,-0.51482215,-0.06998386,0.09955234,0,0,0,0,0
620,128958,0.08826547,-0.91831405,0.54215599,-0.34423108,-0.07952644,0.07379274,0,0,0,0,0
621,129166,0.08719136,-0.92002163,0.49356684,-0.15053959,-0.09494133,0.08700251,0,0,0,0,0
622,129374,0.11115127,-0.91346293,0.44628323,0.05440986,-0.11344369,0.11101419,0,0,0,0,0
623,129583,0.11461528,-0.91828164,0.38494042,0.23069746,-0.08217167,0.09059431,0,0,0,0,0
624,129791,0.12420002,-0.90977022,0.32978961,0.44568701,-0.08296949,0.06718161,0,0,0,0,0
625,130000,0.13671462,-0.89402246,0.27427020,0.61356417,-0.10723589,0.06927112,1,0,1,0,0
626,130208,0.14768062,-0.88319405,0.22115186,0.81965607,-0.11021110,0.07770734,1,0,1,0,0
627,130416,0.15908072,-0.87060337,0.15416940,1.01514125,-0.11012014,0.06795587,1,0,1,0,0
628,130624,0.15928390,-0.83737446,0.09944836,1.18116929,-0.10577480,0.04428631,1,0,1,0,0
629,130833,0.17009301,-0.81572534,0.03186012,1.37753745,-0.10943275,0.03645510,1,0,1,0,0
630,131041,0.17238018,-0.79587203,-0.02429220,1.52460107,-0.09922222,0.05554375,1,0,1,0,0
631,131250,0.17787962,-0.75589820,-0.07800445,1.71051315,-0.09855869,0.03979059,1,0,1,0,0
632,131458,0.18645153,-0.71769424,-0.13373479,1.87609834,-0.09900712,0.04729198,1,0,1,0,0
633,131666,0.19395451,-0.68244491,-0.19371175,2.02990015,-0.10360423,0.03386342,1,0,1,0,0
634,131875,0.18928973,-0.64682865,-0.25242792,2.17437022,-0.10589663,0.01595775,1,0,1,0,0
635,132083,0.18869910,-0.60117739,-0.31236098,2.28187104,-0.10961675,0.01734607,1,0,1,0,0
636,132291,0.19351976,-0.55069821,-0.35955823,2.40840495,-0.09818557,0.00700239,1,0,1,0,0
637,132500,0.19732450,-0.49633240,-0.42235266,2.51700707,-0.08334312,0.00763494,1,0,1,0,0
638,132708,0.20638670,-0.44096476,-0.48007274,2.63314883,-0.10271124,-0.01078326,1,0,1,0,1
639,132916,0.19510760,-0.40049804,-0.51666555,2.71608369,-0.08364661,-0.02351754,1,0,1,0,1
640,133125,0.20031271,-0.34133183,-0.57663985,2.79169644,-0.08962884,-0.01643195,1,0,1,0,1
641,133333,0.20115065,-0.29231980,-0.61981990,2.85701814,-0.08781705,-0.02984648,1,0,1,0,1
642,133541,0.18843182,-0.22409420,-0.65705777,2.91693417,-0.06057853,-0.01816263,1,0,1,0,1
643,133750,0.19505633,-0.15740753,-0.70593883,2.94383702,-0.05305536,-0.03622951,1,0,1,0,1
644,133958,0.18630095,-0.10007422,-0.73478960,2.98881265,-0.05523777,-0.03730855,1,0,1,0,1
645,134166,0.17295328,-0.04626563,-0.77426123,2.99991502,-0.06673229,-0.04960200,1,0,1,0,1
646,134375,0.16944222,0.01394920,-0.80347493,3.00997797,-0.04085352,-0.04994657,1,0,1,0,1
647,134583,0.16033664,0.07430082,-0.83251110,2.98598354,-0.03595231,-0.05097258,1,0,1,0,1
648,134791,0.15519593,0.13479174,-0.85899574,2.96734084,-0.01737586,-0.05990120,1,0,1,0,1
649,135000,0.14999627,0.19599754,-0.87020903,2.94233671,-0.03652275,-0.08363546,1,0,1,0,1
650,135208,0.13564294,0.25278623,-0.89066190,2.87185147,-0.02112382,-0.07641745,1,0,1,0,1
651,135416,0.13104256,0.31217483,-0.91571952,2.83518133,-0.02738167,-0.05593323,1,0,1,0,1
652,135625,0.11982040,0.36280978,-0.91782977,2.74799567,-0.03099585,-0.07669428,1,0,1,0,1
653,135833,0.10283475,0.42530148,-0.91620102,2.67419384,-0.02379403,-0.08861297,1,0,1,0,1
654,136041,0.09874896,0.47890553,-0.93255486,2.57886353,0.00166639,-0.09259206,1,0,1,0,0
655,136250,0.09055195,0.53886685,-0.92145252,2.46230910,0.00021276,-0.07643817,1,0,1,0,0
656,136458,0.07189474,0.57723082,-0.90467331,2.34722478,0.01934478,-0.08777782,1,0,1,0,0
657,136666,0.06435391,0.61974004,-0.89727951,2.20612174,0.02704328,-0.10789349,1,0,1,0,0
658,136875,0.04286969,0.67154152,-0.88656750,2.06498247,0.02711569,-0.07705364,1,0,1,0,0
659,137083,0.04279328,0.71061331,-0.86171730,1.93829428,0.01767724,-0.09558938,1,0,1,0,0
660,137291,0.02509233,0.73700050,-0.83213781,1.79501528,0.02941574,-0.09677391,1,0,1,0,0
661,137500,0.01247738,0.78303349,-0.82187688,1.61987704,0.04755126,-0.08508879,1,0,1,0,0
662,137708,-0.00747115,0.80646270,-0.79405723,1.43233204,0.05427194,-0.09835676,1,0,1,0,0
663,137916,-0.01370383,0.82475648,-0.74666564,1.27361540,0.05990796,-0.09539513,1,0,1,0,0
664,138125,-0.02813128,0.85161751,-0.71433099,1.09313754,0.07032434,-0.11409566,1,0,1,0,0
665,138333,-0.03929137,0.87203742,-0.68179929,0.90962358,0.06423220,-0.09860328,1,0,1,0,0
666,138541,-0.04909933,0.89882630,-0.63807276,0.71408939,0.07343513,-0.10873901,1,0,1,0,0
667,138750,-0.07037941,0.90483748,-0.58933010,0.52510222,0.08130680,-0.09928839,1,0,1,0,0
668,138958,-0.07349636,0.91324171,-0.54192588,0.32315414,0.08946486,-0.08918925,1,0,1,0,0
669,139166,-0.08788742,0.91740901,-0.49182263,0.16300834,0.08336856,-0.11129374,1,0,1,0,0
670,139375,-0.10888919,0.92869965,-0.44859739,-0.03712369,0.08637486,-0.08244536,1,0,1,0,0
671,139583,-0.10566376,0.91493666,-0.39207732,-0.25951138,0.09291782,-0.07374729,1,0,1,0,0
672,139791,-0.12699582,0.90713701,-0.32566464,-0.44442109,0.09290025,-0.09655195,1,0,1,0,0
673,140000,-0.13324758,0.90445964,-0.27544732,-0.64396750,0.09190192,-0.08078131,1,0,1,1,0
674,140208,-0.14240888,0.88474301,-0.21259501,-0.82993025,0.09006746,-0.08457275,1,0,1,1,0
675,140416,-0.15719014,0.87250261,-0.16136827,-1.01118263,0.08060707,-0.05938500,1,0,1,1,0
676,140625,-0.15621663,0.84113677,-0.10570457,-1.19571648,0.10408165,-0.06446778,1,0,1,1,0
677,140833,-0.17019115,0.81821773,-0.04834013,-1.36513301,0.10390533,-0.04281454,1,0,1,1,0
678,141041,-0.18112106,0.79691619,0.01405466,-1.55150608,0.10199703,-0.06155491,1,0,1,1,0
679,141250,-0.18484314,0.75269747,0.08190539,-1.71109450,0.10312816,-0.04064100,1,0,1,1,0
680,141458,-0.19504122,0.72412594,0.13571206,-1.89343882,0.09661125,-0.04495940,1,0,1,1,0
681,141666,-0.19707370,0.67258082,0.18680185,-2.01661191,0.11579750,-0.03027260,1,0,1,1,0
682,141875,-0.18907847,0.64224281,0.24732595,-2.17993103,0.10434893,-0.02742292,1,0,1,1,0
683,142083,-0.20447609,0.59086948,0.32111096,-2.30331807,0.11291660,-0.01071545,1,0,1,1,0
684,142291,-0.19704600,0.55165204,0.36118004,-2.39974953,0.08447176,-0.00838937,1,0,1,1,0
685,142500,-0.20276800,0.49238481,0.42121281,-2.51109285,0.08770952,0.00673034,1,0,1,1,0
686,142708,-0.19468428,0.45175295,0.47713827,-2.63465020,0.08452211,0.00083005,1,0,1,1,1
687,142916,-0.19956199,0.39299449,0.52194122,-2.69684570,0.09604501,-0.00079826,1,0,1,1,1
688,143125,-0.20398520,0.34029724,0.56023232,-2.78455602,0.05697288,0.02096353,1,0,1,1,1
689,143333,-0.19269119,0.28224875,0.61215401,-2.85284181,0.07955864,0.02052410,1,0,1,1,1
690,143541,-0.19433461,0.22320740,0.65710702,-2.92285932,0.07102412,0.02495011,1,0,1,1,1
691,143750,-0.18504492,0.16145469,0.69544305,-2.93418754,0.07502324,0.03724079,1,0,1,1,1
692,143958,-0.18193532,0.10017783,0.74741485,-2.97358551,0.05384947,0.03233538,1,0,1,1,1
693,144166,-0.18321542,0.04818583,0.77879376,-3.00455260,0.03668882,0.06363516,1,0,1,1,1
694,144375,-0.17220279,-0.02152076,0.81216179,-3.02272600,0.06737164,0.06205599,1,0,1,1,1
695,144583,-0.16729705,-0.07712001,0.82914358,-3.00121124,0.04249895,0.06069662,1,0,1,1,1
696,144791,-0.15792897,-0.14158009,0.85647902,-2.96525076,0.04616038,0.06484874,1,0,1,1,1
697,145000,-0.14885479,-0.19783382,0.88307656,-2.93351053,0.02736385,0.06769329,1,0,1,1,1
698,145208,-0.14703057,-0.26425958,0.88556512,-2.86840663,0.03553171,0.06677769,1,0,1,1,1
699,145416,-0.12787008,-0.30656183,0.91614409,-2.83370463,0.02549148,0.08141375,1,0,1,1,1
700,145625,-0.12075342,-0.36510447,0.92126170,-2.74750914,0.02350092,0.07617938,1,0,1,1,1
701,145833,-0.11469500,-0.42355819,0.92215112,-2.65588984,0.00146967,0.10054982,1,0,1,1,1
702,146041,-0.10286257,-0.47513806,0.91753431,-2.58389264,0.01175476,0.10183901,1,0,1,1,0
703,146250,-0.09403440,-0.52079849,0.91063528,-2.45797096,-0.00302695,0.09267251,1,0,1,1,0
704,146458,-0.06350700,-0.57767268,0.91332918,-2.34704548,-0.03294617,0.10231128,1,0,1,1,0
705,146666,-0.06100567,-0.61418007,0.90643298,-2.22514870,-0.00759933,0.08020943,1,0,1,1,0
706,146875,-0.04629765,-0.66726538,0.88574157,-2.10484955,-0.02179428,0.09870236,1,0,1,1,0
707,147083,-0.02806059,-0.70399481,0.86846238,-1.93267672,-0.03677383,0.08088616,1,0,1,1,0
708,147291,-0.00857074,-0.74773250,0.84632988,-1.79000386,-0.04119563,0.10039836,1,0,1,1,0
709,147500,-0.01266485,-0.76765536,0.81805969,-1.62546497,-0.05585601,0.09183548,1,0,1,1,0
710,147708,0.00140122,-0.80637504,0.79041279,-1.43910219,-0.05002109,0.10903519,1,0,1,1,0
711,147916,0.01204979,-0.83023224,0.76292860,-1.27866031,-0.05145814,0.10045622,1,0,1,1,0
712,148125,0.02929107,-0.85924362,0.72223934,-1.09567378,-0.06110311,0.09516082,1,0,1,1,0
713,148333,0.03381482,-0.87631859,0.68105093,-0.89364866,-0.06492025,0.09414432,1,0,1,1,0
714,148541,0.06199428,-0.89657134,0.63436875,-0.72261500,-0.07738922,0.07414436,1,0,1,1,0
715,148750,0.07030668,-0.90832284,0.59770598,-0.54031891,-0.08552165,0.10293885,1,0,1,1,0
716,148958,0.07882189,-0.92102734,0.54659764,-0.32543979,-0.08004264,0.10547193,1,0,1,1,0
717,149166,0.08426110,-0.91915778,0.49691113,-0.14173113,-0.08150225,0.09667677,1,0,1,1,0
718,149375,0.11009838,-0.92250303,0.44730620,0.04871867,-0.09155567,0.08072151,1,0,1,1,0
719,149583,0.11160519,-0.90509175,0.39088851,0.24094960,-0.08569835,0.07344994,1,0,1,1,0
720,149791,0.13294271,-0.91503046,0.33733250,0.44205137,-0.08438073,0.06147528,1,0,1,1,0
721,150000,0.13269429,-0.90220846,0.27969055,0.64749099,-0.08547527,0.07011819,1,0,1,1,0
722,150208,0.14394381,-0.88033741,0.21920089,0.82277014,-0.10188084,0.04633504,1,0,1,1,0
723,150416,0.14611532,-0.87066053,0.16679323,1.01684088,-0.11499231,0.04319957,1,0,1,1,0
724,150625,0.16653464,-0.84419132,0.09022306,1.18922248,-0.09500610,0.06911229,1,0,1,1,0
725,150833,0.15959470,-0.81404468,0.04654104,1.38919945,-0.10273153,0.07007142,1,0,1,1,0
726,151041,0.17859157,-0.78502628,-0.02122154,1.53262649,-0.09971705,0.04221515,1,0,1,1,0
727,151250,0.18761536,-0.75531193,-0.07003577,1.70141780,-0.10445363,0.04732384,1,0,1,1,0
728,151458,0.17762558,-0.72009243,-0.14433803,1.86212215,-0.08252483,0.03166816,1,0,1,1,0
729,151666,0.19503734,-0.67587279,-0.19672184,2.00460169,-0.10185170,0.04221519,1,0,1,1,0
730,151875,0.20119721,-0.63285159,-0.25021749,2.16432547,-0.07736221,0.02641611,1,0,1,1,0
731,152083,0.19895531,-0.59418847,-0.31010467,2.29748266,-0.08628537,0.02390912,1,0,1,1,0
732,152291,0.20167894,-0.54504779,-0.36894456,2.41892153,-0.08114419,-0.00690020,1,0,1,1,0
733,152500,0.20175470,-0.50101165,-0.41439980,2.53081190,-0.09016192,0.00381126,1,0,1,1,0
734,152708,0.20040366,-0.44133922,-0.47925715,2.60971178,-0.09399272,-0.00706148,1,0,1,1,1
735,152916,0.19431453,-0.38989374,-0.52299149,2.71658025,-0.07510798,0.00537477,1,0,1,1,1
736,153125,0.19767307,-0.34031352,-0.57524864,2.80557995,-0.07477291,-0.02028894,1,0,1,1,1
737,153333,0.19408027,-0.28473065,-0.61446989,2.85424489,-0.07900706,-0.02375630,1,0,1,1,1
738,153541,0.20178801,-0.21516986,-0.66474503,2.92202656,-0.06230163,-0.04620723,1,0,1,1,1
739,153750,0.18803772,-0.16775761,-0.70254919,2.95080181,-0.05867766,-0.03230711,1,0,1,1,1
740,153958,0.18337654,-0.10651824,-0.74179988,2.97964220,-0.07664640,-0.03889063,1,0,1,1,1
741,154166,0.17885646,-0.05142812,-0.77511407,2.98453410,-0.04784537,-0.04872590,1,0,1,1,1
742,154375,0.17378392,0.02048243,-0.80521141,2.99474615,-0.03877318,-0.03880558,1,0,1,1,1
743,154583,0.16054299,0.07327595,-0.83342148,3.00240704,-0.05781858,-0.05684148,1,0,1,1,1
744,154791,0.16136400,0.13614898,-0.85796327,2.96045057,-0.01704777,-0.06858256,1,0,1,1,1
745,155000,0.14773316,0.19529870,-0.88144753,2.95032975,-0.01640715,-0.07527920,1,0,1,1,1
746,155208,0.14270486,0.26620915,-0.89323391,2.88173180,-0.04131767,-0.06447634,1,0,1,1,1
747,155416,0.12481774,0.32095642,-0.91282314,2.83651147,-0.02132106,-0.09256602,1,0,1,1,1
748,155625,0.11838745,0.36988422,-0.91362236,2.75068408,-0.02019668,-0.08704530,1,0,1,1,1
749,155833,0.11571674,0.41965170,-0.92014195,2.64322643,-0.01660497,-0.08539847,1,0,1,1,1
750,156041,0.10696457,0.47629176,-0.93184305,2.56346374,0.00494097,-0.09159079,1,0,1,1,0
751,156250,0.08866132,0.52595951,-0.91630096,2.45686387,0.00982742,-0.09120051,1,0,1,1,0
752,156458,0.06763192,0.58255930,-0.90147998,2.33999109,0.00573744,-0.08174715,1,0,1,1,0
753,156666,0.05159719,0.63324579,-0.89931323,2.20709115,0.01332739,-0.09795981,1,0,1,1,0
754,156875,0.05146221,0.66502498,-0.88298933,2.07302301,0.02773267,-0.10700862,1,0,1,1,0
755,157083,0.04513191,0.70745311,-0.86882185,1.94332316,0.03795633,-0.08302334,1,0,1,1,0
756,157291,0.02025245,0.75025004,-0.83111469,1.80953025,0.03166868,-0.10213447,1,0,1,1,0
757,157500,0.00813519,0.77683757,-0.80594793,1.62370143,0.04653129,-0.09565265,1,0,1,1,0
758,157708,-0.00265998,0.80060681,-0.77922606,1.44961977,0.05707639,-0.08520370,1,0,1,1,0
759,157916,-0.00452676,0.83108146,-0.74476656,1.25363023,0.06620970,-0.10685094,1,0,1,1,0
760,158125,-0.02912181,0.85508909,-0.72377821,1.11790107,0.06524220,-0.08105667,1,0,1,1,0
761,158333,-0.04184294,0.87139023,-0.68669938,0.92381696,0.06887852,-0.07987885,1,0,1,1,0
762,158541,-0.05733731,0.89149758,-0.62417072,0.71973911,0.06958232,-0.10341983,1,0,1,1,0
763,158750,-0.06727044,0.89620901,-0.59436223,0.53545539,0.07227784,-0.09982795,1,0,1,1,0
764,158958,-0.07419589,0.90270393,-0.55030323,0.33339454,0.08220613,-0.08432966,1,0,1,1,0
765,159166,-0.09479428,0.91727072,-0.49407590,0.13066925,0.08508819,-0.07438044,1,0,1,1,0
766,159375,-0.09810683,0.91756308,-0.45009337,-0.05783009,0.09162248,-0.07740178,1,0,1,1,0
767,159583,-0.10879940,0.92479269,-0.38942741,-0.24134001,0.08282518,-0.08254875,1,0,1,1,0
768,159791,-0.12819846,0.90674023,-0.33952777,-0.44126392,0.09947357,-0.07287980,1,0,1,1,0
769,160000,-0.13017870,0.89996562,-0.27418309,-0.64017652,0.08006674,-0.06686039,1,0,1,1,0
770,160208,-0.13326570,0.88174682,-0.22531347,-0.82183985,0.10386905,-0.06628541,1,0,1,1,0
771,160416,-0.15843196,0.85621488,-0.16827886,-1.01838824,0.09629548,-0.06908019,1,0,1,1,0
772,160625,-0.16120790,0.84291064,-0.10786015,-1.18519014,0.08805750,-0.05126429,1,0,1,1,0
773,160833,-0.16664011,0.81840669,-0.04191511,-1.38544958,0.08864329,-0.05667302,1,0,1,1,0
774,161041,-0.17274327,0.78516340,0.01303753,-1.55000146,0.10547904,-0.06732969,1,0,1,1,0
775,161250,-0.18542919,0.75416382,0.08018536,-1.70328496,0.10090141,-0.05623847,1,0,1,1,0
776,161458,-0.19217358,0.72396104,0.13501572,-1.86152821,0.10095964,-0.02362667,1,0,1,1,0
777,161666,-0.19404178,0.67894824,0.19713597,-2.02495341,0.09581167,-0.04110429,1,0,1,1,0
778,161875,-0.19347302,0.64492320,0.24750382,-2.16780860,0.09204858,-0.02305478,1,0,1,1,0
779,162083,-0.19910729,0.59521652,0.30859390,-2.28554136,0.09530207,-0.00493235,1,0,1,1,0
780,162291,-0.19436086,0.55252208,0.36524021,-2.39813202,0.09134181,-0.00946137,1,0,1,1,0
781,162500,-0.19375723,0.50593972,0.41584134,-2.51491254,0.08124738,0.01830735,1,0,1,1,0
782,162708,-0.20433395,0.44215864,0.47018379,-2.63640913,0.06890841,0.00085868,1,0,1,1,1
783,162916,-0.19774305,0.39874085,0.52549128,-2.72073738,0.07512086,0.00013107,1,0,1,1,1
784,163125,-0.19741848,0.34491687,0.56362767,-2.80266381,0.07976115,0.00043270,1,0,1,1,1
785,163333,-0.18284193,0.28707545,0.61605979,-2.84347988,0.08225756,0.00277825,1,0,1,1,1
786,163541,-0.19448633,0.22246970,0.66123164,-2.91186404,0.04943962,0.04308365,1,0,1,1,1
787,163750,-0.18629151,0.15106926,0.69609591,-2.95545640,0.05954020,0.02271572,1,0,1,1,1
788,163958,-0.17352957,0.11732454,0.72994347,-2.97814456,0.06154818,0.02383275,1,0,1,1,1
789,164166,-0.18783928,0.03693142,0.77439688,-2.99188657,0.05525125,0.04226876,1,0,1,1,1
790,164375,-0.16410966,-0.00576806,0.80095817,-3.00344864,0.04894350,0.04572542,1,0,1,1,1
791,164583,-0.16747177,-0.08206999,0.82504962,-2.98675156,0.03733242,0.05041215,1,0,1,1,1
792,164791,-0.16384291,-0.14270000,0.85347326,-2.96581728,0.02879304,0.07525777,1,0,1,1,1
793,165000,-0.14653607,-0.19561118,0.87919938,-2.91496296,0.03488688,0.06954463,1,0,1,1,1
794,165208,-0.13798323,-0.25507467,0.89636413,-2.88301825,0.02640607,0.08071873,1,0,1,1,1
795,165416,-0.12620566,-0.30143452,0.90571578,-2.81898498,0.01696408,0.09931645,1,0,1,1,1
796,165625,-0.11526175,-0.37185930,0.92114339,-2.75688710,0.03124366,0.07250147,1,0,1,1,1
797,165833,-0.10877299,-0.41861626,0.92340697,-2.67253710,0.01688512,0.08646594,1,0,1,1,1
798,166041,-0.08818046,-0.47339344,0.91454485,-2.56611923,0.00310608,0.07358703,1,0,1,1,0
799,166250,-0.07829746,-0.53101065,0.91426421,-2.47320143,0.00090118,0.10587277,1,0,1,1,0
800,166458,-0.07091642,-0.57208097,0.89930345,-2.34355474,-0.00836868,0.09101814,1,0,1,1,0
801,166666,-0.05895681,-0.62100955,0.90556274,-2.22204277,-0.02401472,0.06444677,1,0,1,1,0
802,166875,-0.04213686,-0.65771295,0.88145585,-2.07675455,-0.03874807,0.08373200,1,0,1,1,0
803,167083,-0.03493840,-0.70476104,0.87611845,-1.95678589,-0.02420260,0.11332077,1,0,1,1,0
804,167291,-0.02826381,-0.73323291,0.84069174,-1.76882075,-0.04006881,0.08111897,1,0,1,1,0
805,167500,-0.00953274,-0.77254389,0.81613949,-1.63815481,-0.03683215,0.09890015,1,0,1,1,0
806,167708,0.00242981,-0.81086456,0.79073004,-1.43519099,-0.04336330,0.10494018,1,0,1,1,0
807,167916,0.01788751,-0.84070296,0.76412209,-1.27758015,-0.07204595,0.10529921,1,0,1,1,0
808,168125,0.02425325,-0.84612420,0.72902635,-1.09296406,-0.05601559,0.12449701,1,0,1,1,0
809,168333,0.03771661,-0.87544811,0.68034715,-0.91360540,-0.04993768,0.09693129,1,0,1,1,0
810,168541,0.06133304,-0.89172958,0.63791033,-0.72349930,-0.07375352,0.08647777,1,0,1,1,0
811,168750,0.06830075,-0.90269758,0.59055410,-0.54188196,-0.07287742,0.08532993,1,0,1,1,0
812,168958,0.07857906,-0.91293296,0.55545807,-0.33188398,-0.07000760,0.10334397,1,0,1,1,0
813,169166,0.08956700,-0.91711637,0.49973564,-0.13798308,-0.09875928,0.06432853,1,0,1,1,0
814,169375,0.10227016,-0.92695261,0.44138185,0.05810915,-0.10783462,0.08803498,1,0,1,1,0
815,169583,0.11480742,-0.91128842,0.39544123,0.26489067,-0.09200835,0.09856514,1,0,1,1,0
816,169791,0.11614060,-0.90834793,0.33872537,0.43090775,-0.10871252,0.07913399,1,0,1,1,0
817,170000,0.13235035,-0.89501160,0.27525001,0.63882150,-0.08178564,0.08716168,1,0,1,1,0
818,170208,0.14471605,-0.88667017,0.21830895,0.81347605,-0.08842319,0.04802155,1,0,1,1,0
819,170416,0.15177012,-0.86547864,0.15647410,1.02684730,-0.08539201,0.07733619,1,0,1,1,0
820,170625,0.15193979,-0.85037435,0.10888516,1.20494601,-0.09979981,0.06149288,1,0,1,1,0
821,170833,0.16823590,-0.81175038,0.04085527,1.37259934,-0.08866260,0.04865738,1,0,1,1,0
822,171041,0.17468223,-0.78851982,-0.02222111,1.55529032,-0.09904792,0.04319903,1,0,1,1,0
823,171250,0.17739497,-0.76718697,-0.06845094,1.71622556,-0.09563844,0.06004041,1,0,1,1,0
824,171458,0.18147121,-0.72103998,-0.13360255,1.85387016,-0.07745745,0.02827565,1,0,1,1,0
825,171666,0.19153075,-0.67839264,-0.20487022,2.02478203,-0.11025427,0.02262927,1,0,1,1,0
826,171875,0.19470131,-0.63116517,-0.24871575,2.15051179,-0.07873623,0.04029057,1,0,1,1,0
827,172083,0.19926750,-0.60143366,-0.31919644,2.29224936,-0.11286798,0.02074730,1,0,1,1,0
828,172291,0.20929967,-0.54067966,-0.36952408,2.42186997,-0.09183459,0.01623414,1,0,1,1,0
829,172500,0.20286412,-0.49444139,-0.41770787,2.52441796,-0.08327207,-0.00556102,1,0,1,1,0
830,172708,0.19659827,-0.44889754,-0.47063846,2.62393537,-0.09061240,-0.01225449,1,0,1,1,1
831,172916,0.20587915,-0.38886277,-0.52739025,2.72822185,-0.07926125,0.00926636,1,0,1,1,1
832,173125,0.19683954,-0.33671109,-0.57882394,2.79357310,-0.07453352,-0.01148816,1,0,1,1,1
833,173333,0.19450892,-0.28446052,-0.60937160,2.85506791,-0.06777936,-0.02154914,1,0,1,1,1
834,173541,0.18804518,-0.21824318,-0.65445102,2.89542874,-0.07141743,-0.03095243,1,0,1,1,1
835,173750,0.19139871,-0.15782748,-0.70410300,2.95263688,-0.07135894,-0.03544940,1,0,1,1,1
836,173958,0.18219745,-0.11208680,-0.74063457,2.98787698,-0.05755057,-0.04784805,1,0,1,1,1
837,174166,0.18250031,-0.04294666,-0.77854841,3.01156333,-0.05726481,-0.04198789,1,0,1,1,1
838,174375,0.17466305,0.01497406,-0.80753573,2.98388243,-0.04814423,-0.05829700,1,0,1,1,1
839,174583,0.16041063,0.07861355,-0.83373210,2.99406163,-0.04570266,-0.06133520,1,0,1,1,1
840,174791,0.15205920,0.13479169,-0.85397863,2.97371662,-0.03459672,-0.05774400,1,0,1,1,1
841,175000,0.14958348,0.20359510,-0.88651722,2.92714527,-0.03649183,-0.05324119,1,0,1,1,1
842,175208,0.14546753,0.24536483,-0.89251160,2.89996727,-0.02891872,-0.05974423,1,0,1,1,1
843,175416,0.13485197,0.31326434,-0.89932015,2.81463473,-0.02883238,-0.08299687,1,0,1,1,1
844,175625,0.12690896,0.36595323,-0.91741280,2.76890132,-0.00969921,-0.08267230,1,0,1,1,1
845,175833,0.10934805,0.42203734,-0.92522491,2.66775256,-0.01374227,-0.10124369,1,0,1,1,1
846,176041,0.10180765,0.46629223,-0.91533637,2.57843358,0.00489110,-0.08139142,1,0,1,1,0
847,176250,0.09126232,0.53296160,-0.92295994,2.46001758,0.01852321,-0.08324747,1,0,1,1,0
848,176458,0.08354362,0.56787676,-0.91675943,2.33154672,0.03050334,-0.09317327,1,0,1,1,0
849,176666,0.06314722,0.62291241,-0.90822061,2.21861311,0.02017095,-0.08276702,1,0,1,1,0
850,176875,0.04653336,0.66085950,-0.88158930,2.08936702,0.05533953,-0.10325498,1,0,1,1,0
851,177083,0.04134320,0.70232045,-0.87180131,1.93180906,0.04000662,-0.09772045,1,0,1,1,0
852,177291,0.01592039,0.74362057,-0.85168326,1.78045583,0.04119855,-0.11124510,1,0,1,1,0
853,177500,0.01484550,0.78062333,-0.81668845,1.62248878,0.06525004,-0.10151436,1,0,1,1,0
854,177708,0.00303453,0.79821934,-0.79352237,1.43792782,0.04272352,-0.10504875,1,0,1,1,0
855,177916,-0.01165988,0.82977717,-0.75248114,1.27550563,0.05689510,-0.09388989,1,0,1,1,0
856,178125,-0.03440136,0.85670408,-0.71703587,1.10020576,0.05931708,-0.10295770,1,0,1,1,0
857,178333,-0.04139017,0.87497825,-0.68019563,0.90786516,0.05436758,-0.08604041,1,0,1,1,0
858,178541,-0.04965086,0.89569794,-0.64250262,0.73671316,0.08187384,-0.11337773,1,0,1,1,0
859,178750,-0.06480890,0.91152340,-0.58974659,0.53461573,0.07930606,-0.08869709,1,0,1,1,0
860,178958,-0.07930159,0.90943279,-0.55353526,0.31679169,0.08709491,-0.11953488,1,0,1,1,0
861,179166,-0.09012537,0.91354713,-0.49089224,0.13731860,0.09064754,-0.09026216,1,0,1,1,0
862,179375,-0.08712739,0.92158316,-0.44592180,-0.06079895,0.07058023,-0.07410756,1,0,1,1,0
863,179583,-0.11839775,0.91005637,-0.39147051,-0.25848781,0.10241574,-0.08346328,1,0,1,1,0
864,179791,-0.13023111,0.91161911,-0.33378480,-0.42954539,0.08556016,-0.06629120,1,0,1,1,0
865,180000,-0.13853365,0.89828308,-0.27247217,-0.63175863,0.10503227,-0.08420129,1,0,1,1,0
866,180208,-0.13255067,0.88311250,-0.21964869,-0.83216482,0.08454283,-0.06788235,1,0,1,1,0
867,180416,-0.14837280,0.86901183,-0.16485116,-1.01986720,0.10207008,-0.07303893,1,0,1,1,0
868,180625,-0.16290914,0.84080271,-0.10044730,-1.20080547,0.09309516,-0.04490775,1,0,1,1,0
869,180833,-0.15643351,0.83377360,-0.03813017,-1.38080214,0.10216621,-0.06279978,1,0,1,1,0
870,181041,-0.18001615,0.78647352,0.02105036,-1.55337822,0.09844644,-0.05847633,1,0,1,1,0
871,181250,-0.18329620,0.75148648,0.07666184,-1.70616866,0.10255931,-0.03018964,1,0,1,1,0
872,181458,-0.19146669,0.73063699,0.13618524,-1.88935928,0.09664925,-0.04942790,1,0,1,1,0
873,181666,-0.18964792,0.68021203,0.19587691,-2.01302316,0.09294371,-0.03899270,1,0,1,1,0
874,181875,-0.19128289,0.63324983,0.25632230,-2.17431325,0.10864056,-0.01889605,1,0,1,1,0
875,182083,-0.19568862,0.59333063,0.30860653,-2.28555397,0.10662516,-0.01576945,1,0,1,1,0
876,182291,-0.19238927,0.55637736,0.36612567,-2.40180423,0.11072968,-0.01857108,1,0,1,1,0
877,182500,-0.20146623,0.49929885,0.42048407,-2.53434542,0.08941668,-0.00616776,1,0,1,1,0
878,182708,-0.20113120,0.44207763,0.46553490,-2.63189558,0.08492136,0.01942356,1,0,1,1,1
879,182916,-0.19756147,0.39813923,0.52028957,-2.70425624,0.08322500,-0.00207691,1,0,1,1,1
880,183125,-0.18839759,0.34147078,0.57703663,-2.79493666,0.07176859,0.01456935,1,0,1,1,1
881,183333,-0.19292032,0.28473477,0.62806526,-2.86546108,0.06203715,0.01806597,1,0,1,1,1
882,183541,-0.19348259,0.21561271,0.66216602,-2.91849130,0.06443737,0.03735815,1,0,1,1,1
883,183750,-0.18400503,0.15956058,0.70192947,-2.92822408,0.05763462,0.02125098,1,0,1,1,1
884,183958,-0.18424800,0.09733337,0.73748193,-2.98584866,0.06547826,0.03286287,1,0,1,1,1
885,184166,-0.17627880,0.04307238,0.76267688,-2.99155071,0.06231183,0.04221145,1,0,1,1,1
886,184375,-0.17206316,-0.00844274,0.81370847,-2.99300893,0.02931408,0.04439896,1,0,1,1,1
887,184583,-0.17018985,-0.08555561,0.82965726,-2.97392827,0.03511867,0.06106289,1,0,1,1,1
888,184791,-0.15951838,-0.14239659,0.84932017,-2.94750572,0.04096501,0.06898007,1,0,1,1,1
889,185000,-0.14015170,-0.20460231,0.87943276,-2.95018522,0.03233468,0.07118977,1,0,1,1,1
890,185208,-0.13719148,-0.25083489,0.89436459,-2.86885593,0.02252591,0.05398751,1,0,1,1,1
891,185416,-0.12824957,-0.30301110,0.91759468,-2.82161609,0.01583627,0.07271116,1,0,1,1,1
892,185625,-0.11858131,-0.36732705,0.91791819,-2.76085425,0.01512638,0.07762820,1,0,1,1,1
893,185833,-0.10941739,-0.42084605,0.92799263,-2.65657543,0.00919217,0.07236150,1,0,1,1,1
894,186041,-0.09647821,-0.47615005,0.92423026,-2.57974967,-0.01439494,0.07832955,1,0,1,1,0
895,186250,-0.08688146,-0.52751142,0.91428263,-2.45113922,-0.02576491,0.10785785,1,0,1,1,0
896,186458,-0.07164768,-0.57141218,0.92255102,-2.35069951,-0.01524353,0.10080135,1,0,1,1,0
897,186666,-0.06577422,-0.62521951,0.90697731,-2.20887570,-0.01353340,0.08281087,1,0,1,1,0
898,186875,-0.04436368,-0.66045529,0.88678111,-2.07547345,-0.03160991,0.10322931,1,0,1,1,0
899,187083,-0.03530515,-0.70529795,0.87084731,-1.94930322,-0.01164770,0.10389564,1,0,1,1,0
900,187291,-0.02831213,-0.74090949,0.84476150,-1.79735507,-0.03123583,0.09120679,1,0,1,1,0
901,187500,-0.01025292,-0.77726459,0.81835819,-1.61997339,-0.05009178,0.10446924,1,0,1,1,0
902,187708,0.00235726,-0.81544738,0.79038154,-1.45797431,-0.06843479,0.09501585,1,0,1,1,0
903,187916,0.02240954,-0.82814671,0.76582723,-1.27172272,-0.04931076,0.08113591,1,0,1,1,0
904,188125,0.02950274,-0.85593094,0.72558227,-1.10044197,-0.07026090,0.09410455,1,0,1,1,0
905,188333,0.03920862,-0.87556303,0.68035856,-0.92184388,-0.07262200,0.08660222,1,0,1,1,0
906,188541,0.04577388,-0.88199436,0.63952178,-0.72084358,-0.07926217,0.08969690,1,0,1,1,0
907,188750,0.06516992,-0.90332139,0.58574850,-0.55309211,-0.08871189,0.09895294,1,0,1,1,0
908,188958,0.08601917,-0.91654100,0.54690015,-0.35139754,-0.08535545,0.09654854,1,0,1,1,0
909,189166,0.09415525,-0.92550683,0.49954390,-0.15280055,-0.08919026,0.09246242,1,0,1,1,0
910,189375,0.09883075,-0.92047846,0.44660735,0.02989627,-0.09562049,0.08856885,1,0,1,1,0
911,189583,0.11320024,-0.91399127,0.39180576,0.25355199,-0.09654255,0.07133546,1,0,1,1,0
912,189791,0.12493087,-0.91653663,0.33210326,0.43636872,-0.07496287,0.07016325,1,0,1,1,0
913,190000,0.14230950,-0.89319238,0.28327444,0.64035577,-0.08786510,0.08548614,1,0,1,1,0
914,190208,0.14387014,-0.88599661,0.22608345,0.83581921,-0.09834893,0.08715451,1,0,1,1,0
915,190416,0.14996740,-0.86638478,0.16280015,1.02783917,-0.11542572,0.06441963,1,0,1,1,0
916,190625,0.16250044,-0.84340951,0.10362052,1.20560564,-0.09393435,0.06237794,1,0,1,1,0
917,190833,0.17138476,-0.82456369,0.04349536,1.35893619,-0.08154251,0.07524858,1,0,1,1,0
918,191041,0.17876582,-0.79067065,-0.01452922,1.53737554,-0.08267957,0.04412541,1,0,1,1,0
919,191250,0.18467094,-0.75325389,-0.07312302,1.69384448,-0.10099599,0.04422655,1,0,1,1,0
920,191458,0.19688722,-0.71978439,-0.14343868,1.85954451,-0.09542859,0.02994618,1,0,1,1,0
921,191666,0.18456965,-0.68293141,-0.19640683,2.03286938,-0.10877835,0.00918296,1,0,1,1,0
922,191875,0.19357767,-0.64034563,-0.25858829,2.16204388,-0.09346255,0.01817629,1,0,1,1,0
923,192083,0.19695653,-0.59149534,-0.31213685,2.30061639,-0.08723540,0.02146083,1,0,1,1,0
924,192291,0.19254054,-0.54032159,-0.35926758,2.39910486,-0.08662621,-0.00456399,1,0,1,1,0
925,192500,0.19447561,-0.49902321,-0.42484940,2.52186796,-0.07712312,0.00970197,1,0,1,1,0
926,192708,0.19899606,-0.45120458,-0.48065457,2.63056094,-0.07909611,-0.01477675,1,0,1,1,1
927,192916,0.19783028,-0.38118058,-0.53015426,2.70392892,-0.09846524,-0.01455895,1,0,1,1,1
928,193125,0.19558568,-0.33331156,-0.57076990,2.78956474,-0.08205324,-0.01683118,1,0,1,1,1
929,193333,0.18683744,-0.28240100,-0.61472789,2.86709865,-0.06403447,-0.03055326,1,0,1,1,1
930,193541,0.18700745,-0.22689699,-0.66174536,2.92126103,-0.08574576,-0.02735201,1,0,1,1,1
931,193750,0.18572589,-0.15632478,-0.71302256,2.95767487,-0.06388831,-0.03501703,1,0,1,1,1
932,193958,0.18249940,-0.10940375,-0.74384134,2.98049184,-0.06369323,-0.03926201,1,0,1,1,1
933,194166,0.17953492,-0.04479159,-0.76661333,2.99771480,-0.06643489,-0.03115160,1,0,1,1,1
934,194375,0.17037832,0.01914079,-0.80548162,2.98834862,-0.03902976,-0.05978282,1,0,1,1,1
935,194583,0.16122949,0.07717541,-0.84406266,3.00836089,-0.05045912,-0.05232043,1,0,1,1,1
936,194791,0.15853747,0.13160612,-0.86180222,2.95395507,-0.01542339,-0.06981083,1,0,1,1,1
937,195000,0.14956483,0.19395737,-0.88838448,2.94433028,-0.03258193,-0.06717252,1,0,1,1,1
938,195208,0.13452991,0.25463120,-0.89684328,2.86411453,-0.01339476,-0.06236980,1,0,1,1,1
939,195416,0.13928336,0.30645951,-0.90636990,2.82028906,-0.00096665,-0.06647058,1,0,1,1,1
940,195625,0.10780381,0.36765939,-0.91630865,2.75435145,-0.00797920,-0.08505090,1,0,1,1,1
941,195833,0.11173705,0.43049695,-0.92203360,2.65906104,-0.00390597,-0.07504788,1,0,1,1,1
942,196041,0.10169368,0.48493567,-0.91022723,2.55568874,0.00947745,-0.08464927,1,0,1,1,0
943,196250,0.09063754,0.52542624,-0.91616377,2.45583014,0.02488966,-0.08925070,1,0,1,1,0
944,196458,0.07498911,0.57452419,-0.91174146,2.34438053,0.01808858,-0.09029453,1,0,1,1,0
945,196666,0.05409558,0.61956710,-0.89494852,2.22130244,0.01426641,-0.09549206,1,0,1,1,0
946,196875,0.05801765,0.65306173,-0.87997807,2.08166991,0.01320751,-0.10574352,1,0,1,1,0
947,197083,0.02854385,0.70591492,-0.86319019,1.93846355,0.03728889,-0.09979927,1,0,1,1,0
948,197291,0.01695301,0.74191817,-0.82927146,1.78658257,0.02984493,-0.08505236,1,0,1,1,0
949,197500,0.00650483,0.77952998,-0.82091182,1.62835582,0.05508927,-0.10609665,1,0,1,1,0
950,197708,-0.01025924,0.81008122,-0.78157178,1.44848866,0.06416793,-0.06760820,1,0,1,1,0
951,197916,-0.02329062,0.83484379,-0.74942637,1.28173797,0.06287321,-0.10716074,1,0,1,1,0
952,198125,-0.03441263,0.85837645,-0.72664099,1.08633866,0.06171207,-0.09016256,1,0,1,1,0
953,198333,-0.05252366,0.86993821,-0.67761207,0.89705543,0.07344837,-0.11229321,1,0,1,1,0
954,198541,-0.05483254,0.89225270,-0.64315960,0.71964423,0.07225175,-0.09193848,1,0,1,1,0
955,198750,-0.06995783,0.89687423,-0.59316010,0.56340275,0.07374490,-0.11071515,1,0,1,1,0
956,198958,-0.08105675,0.91077533,-0.53994518,0.33798101,0.07604419,-0.08279052,1,0,1,1,0
957,199166,-0.09011881,0.92579922,-0.49568191,0.15083487,0.08529848,-0.08856129,1,0,1,1,0
958,199375,-0.10350071,0.92136987,-0.45545253,-0.04199630,0.08767525,-0.07573992,1,0,1,1,0
959,199583,-0.11703567,0.91737838,-0.38678634,-0.25303808,0.10291626,-0.09415770,1,0,1,1,0
960,199791,-0.12194200,0.90898869,-0.34324654,-0.43005714,0.09880508,-0.07622959,1,0,1,1,0
961,200000,-0.13552464,0.89836164,-0.28107895,-0.63305137,0.08202997,-0.06783953,1,0,1,1,0
962,200208,-0.14758931,0.88467858,-0.21476979,-0.81744081,0.10205609,-0.06336911,1,0,1,1,0
963,200416,-0.15304550,0.86581709,-0.16819447,-1.01319632,0.09938686,-0.07345510,1,0,1,1,0
964,200625,-0.15411495,0.84646495,-0.10067518,-1.19509893,0.10223239,-0.05796272,1,0,1,1,0
965,200833,-0.17078047,0.82744577,-0.04722635,-1.36070445,0.09744859,-0.05916240,1,0,1,1,0
966,201041,-0.17141280,0.79511406,0.00482405,-1.55127676,0.10038769,-0.04643201,1,0,1,1,0
967,201250,-0.18561867,0.75296233,0.07213166,-1.70790163,0.11616314,-0.05930564,1,0,1,1,0
968,201458,-0.18579323,0.71615124,0.13183705,-1.86775713,0.09527751,-0.02178340,1,0,1,1,0
969,201666,-0.18897642,0.67766858,0.18760855,-2.01681555,0.09139014,-0.03649036,1,0,1,1,0
970,201875,-0.19830825,0.63536792,0.25233014,-2.15204836,0.08915365,-0.01928359,1,0,1,1,0
971,202083,-0.19852627,0.58541366,0.30978868,-2.28727524,0.08347007,-0.02935949,1,0,1,1,0
972,202291,-0.20343590,0.54778402,0.36322533,-2.41304442,0.09774338,-0.02789301,1,0,1,1,0
973,202500,-0.20406798,0.49595938,0.41787118,-2.50694632,0.10066706,0.00195763,1,0,1,1,0
974,202708,-0.20011443,0.44652107,0.47606219,-2.62054658,0.07978245,0.00828371,1,0,1,1,1
975,202916,-0.19137607,0.39084409,0.51658361,-2.72020835,0.08747503,0.01684641,1,0,1,1,1
976,203125,-0.19583822,0.33858689,0.57818196,-2.79152628,0.08862495,0.01841180,1,0,1,1,1
977,203333,-0.19540317,0.27839462,0.61511677,-2.85741032,0.07627753,0.03306485,1,0,1,1,1
978,203541,-0.18527047,0.22059238,0.66005593,-2.91659307,0.06963703,0.03105236,1,0,1,1,1
979,203750,-0.19487704,0.17480194,0.69788076,-2.95669030,0.05801932,0.02461989,1,0,1,1,1
980,203958,-0.17674901,0.09892919,0.73433464,-2.98186672,0.06567751,0.06396488,1,0,1,1,1
981,204166,-0.17970688,0.06036739,0.77990125,-2.99143903,0.05169965,0.03749066,1,0,1,1,1
982,204375,-0.17004117,-0.02254847,0.80176555,-3.01068846,0.05446149,0.05997382,1,0,1,1,1
983,204583,-0.16093641,-0.08041025,0.83623203,-2.98374134,0.03749784,0.06202534,1,0,1,1,1
984,204791,-0.15409550,-0.14274569,0.85971814,-2.96875449,0.03985850,0.07290206,1,0,1,1,1
985,205000,-0.14983463,-0.19797352,0.87669400,-2.94211361,0.04134067,0.06633529,1,0,1,1,1
986,205208,-0.13475955,-0.27169801,0.90004097,-2.87806708,0.02898199,0.07533162,1,0,1,1,1
987,205416,-0.13124952,-0.30745143,0.90743723,-2.81978669,0.01138424,0.07008452,1,0,1,1,1
988,205625,-0.12101214,-0.37272870,0.90450119,-2.74471994,0.00032076,0.08621931,1,0,1,1,1
989,205833,-0.10840652,-0.42163303,0.91683100,-2.65515343,0.00546232,0.07129448,1,0,1,1,1
990,206041,-0.09436712,-0.46732575,0.93461374,-2.55226402,0.01208988,0.10018619,1,0,1,1,0
991,206250,-0.09016500,-0.52920379,0.91750252,-2.46311453,-0.00041354,0.11397822,1,0,1,1,0
992,206458,-0.07751681,-0.57295000,0.90955944,-2.34944985,0.00495023,0.10407362,1,0,1,1,0
993,206666,-0.06930979,-0.62523007,0.90394836,-2.22068614,0.00614231,0.07452263,1,0,1,1,0
994,206875,-0.04938188,-0.65949914,0.89119821,-2.08625645,-0.02860799,0.09172244,1,0,1,1,0
995,207083,-0.02980586,-0.70198399,0.86050100,-1.94251856,-0.02748891,0.10823479,1,0,1,1,0
996,207291,-0.00597169,-0.74697636,0.84307524,-1.78290666,-0.03995331,0.08819356,1,0,1,1,0
997,207500,-0.00770657,-0.76766273,0.81716181,-1.63675009,-0.05126550,0.08642002,1,0,1,1,0
998,207708,0.01241036,-0.80540794,0.78057037,-1.44455058,-0.04712248,0.10137222,1,0,1,1,0
999,207916,0.01743899,-0.83269477,0.75420217,-1.27459473,-0.05448924,0.09487201,1,0,1,1,0
1000,208125,0.03076925,-0.85187595,0.72047721,-1.08274179,-0.06276172,0.09354833,1,0,1,1,0
1001,208333,0.04241911,-0.87006071,0.67934359,-0.92156881,-0.07078595,0.08375109,1,0,1,1,0
1002,208541,0.05542328,-0.89662348,0.64855716,-0.70973802,-0.07060316,0.11305758,1,0,1,1,0
1003,208750,0.06779721,-0.89934992,0.59749751,-0.52266813,-0.08001482,0.08432818,1,0,1,1,0
1004,208958,0.07840820,-0.91257850,0.54789360,-0.34740899,-0.08178188,0.08737880,1,0,1,1,0
1005,209166,0.10061396,-0.91896464,0.49655101,-0.15316086,-0.09516023,0.09307074,1,0,1,1,0
1006,209375,0.10584016,-0.92206519,0.44834694,0.05742076,-0.09558844,0.08340235,1,0,1,1,0
1007,209583,0.11043201,-0.91488371,0.38957185,0.25595442,-0.09583650,0.07734334,1,0,1,1,0
1008,209791,0.12763686,-0.91631454,0.32751659,0.45300429,-0.09104945,0.08761312,1,0,1,1,0
1009,210000,0.13935953,-0.90272014,0.27247502,0.63192515,-0.09444349,0.07765686,1,0,1,1,0
1010,210208,0.13758821,-0.89235180,0.22222479,0.85255577,-0.10294448,0.07266279,1,0,1,1,0
1011,210416,0.15771598,-0.86129437,0.16883806,1.00415775,-0.10341348,0.06035494,1,0,1,1,0
1012,210625,0.16518464,-0.84240852,0.10095725,1.20951702,-0.09726597,0.04630978,1,0,1,1,0
1013,210833,0.17000573,-0.81617440,0.04820570,1.35779754,-0.10465753,0.06550028,1,0,1,1,0
1014,211041,0.18279661,-0.79027490,-0.01381762,1.53878541,-0.10951947,0.04118890,1,0,1,1,0
1015,211250,0.18591977,-0.75618753,-0.06984645,1.72028760,-0.09282679,0.02894645,1,0,1,1,0
1016,211458,0.18408866,-0.72023903,-0.14084411,1.88641525,-0.11251390,0.03292302,1,0,1,1,0
1017,211666,0.19128416,-0.67865218,-0.19990630,2.02963529,-0.10810601,0.02970754,1,0,1,1,0
1018,211875,0.20128429,-0.64624706,-0.24321370,2.15765576,-0.08489599,0.00999590,1,0,1,1,0
1019,212083,0.19468330,-0.59368500,-0.31820543,2.27935441,-0.10566432,0.01323593,1,0,1,1,0
1020,212291,0.19701363,-0.54497862,-0.36344677,2.42541357,-0.07673595,0.01106499,1,0,1,1,0
1021,212500,0.20152215,-0.49556710,-0.41185054,2.52238266,-0.10045928,-0.00821094,1,0,1,1,0
1022,212708,0.19923874,-0.43665934,-0.47052506,2.63930486,-0.09533156,0.00928048,1,0,1,1,1
1023,212916,0.21209342,-0.39204112,-0.51624483,2.72569570,-0.09264687,-0.02137651,1,0,1,1,1
1024,213125,0.20505536,-0.33395548,-0.56529957,2.79732491,-0.09132317,-0.00837949,1,0,1,1,1
1025,213333,0.20682775,-0.27694953,-0.61409851,2.84977894,-0.06000799,-0.01977216,1,0,1,1,1
1026,213541,0.19882039,-0.22751277,-0.65997480,2.90398906,-0.05741386,-0.00223108,1,0,1,1,1
1027,213750,0.18972705,-0.16087958,-0.70828610,2.95867204,-0.07848611,-0.03325809,1,0,1,1,1
1028,213958,0.17387239,-0.11467201,-0.74757009,2.98275032,-0.04368928,-0.05397126,1,0,1,1,1
1029,214166,0.17994695,-0.04884781,-0.77589449,3.01581173,-0.06628600,-0.05853021,1,0,1,1,1
1030,214375,0.16618046,0.01921503,-0.81534020,3.00601705,-0.01879107,-0.05475261,1,0,1,1,1
1031,214583,0.15683518,0.07064332,-0.83059798,2.99523368,-0.04406164,-0.08200875,1,0,1,1,1
1032,214791,0.16273684,0.14186340,-0.84544030,2.98275367,-0.04258509,-0.07581125,1,0,1,1,1
1033,215000,0.14284584,0.20123942,-0.87773307,2.92543996,-0.02542598,-0.06104582,1,0,1,1,1
1034,215208,0.13565699,0.25693975,-0.89252787,2.88904825,-0.03291376,-0.05033944,1,0,1,1,1
1035,215416,0.12713311,0.31385472,-0.91303079,2.81495097,-0.03185541,-0.07738585,1,0,1,1,1
1036,215625,0.11997782,0.36746847,-0.91616235,2.76003786,-0.01560736,-0.09102497,1,0,1,1,1
1037,215833,0.10815351,0.42417989,-0.91972866,2.68268564,-0.00390927,-0.07384506,1,0,1,1,1
1038,216041,0.10093415,0.48111747,-0.92188305,2.57315480,-0.01980329,-0.07444023,1,0,1,1,0
1039,216250,0.08837886,0.53241449,-0.91521631,2.44773568,-0.00060915,-0.09500802,1,0,1,1,0
1040,216458,0.06553341,0.57544944,-0.91333581,2.35754472,0.03437973,-0.08681791,1,0,1,1,0
1041,216666,0.06864923,0.61400850,-0.89820178,2.23529883,0.02120031,-0.08219873,1,0,1,1,0
1042,216875,0.04254885,0.66225331,-0.88147863,2.07600736,0.00365838,-0.09373795,1,0,1,1,0
1043,217083,0.03031746,0.70505279,-0.85821379,1.93109203,0.03387342,-0.10531952,1,0,1,1,0
1044,217291,0.03112195,0.74473804,-0.84253336,1.79361121,0.04351728,-0.10459209,1,0,1,1,0
1045,217500,0.00880328,0.77663906,-0.82020594,1.61297994,0.04567354,-0.11222133,1,0,1,1,0
1046,217708,0.00171394,0.81137070,-0.78864536,1.44252357,0.05941383,-0.10783101,1,0,1,1,0
1047,217916,-0.01344535,0.82848924,-0.75292935,1.26990781,0.05416548,-0.09342606,1,0,1,1,0
1048,218125,-0.02774755,0.85198053,-0.72402279,1.09418863,0.07246869,-0.10110771,1,0,1,1,0
1049,218333,-0.04636072,0.88023606,-0.68403471,0.92119859,0.06715745,-0.11293748,1,0,1,1,0
1050,218541,-0.05644896,0.88692612,-0.63772983,0.72646253,0.07314205,-0.09269794,1,0,1,1,0
1051,218750,-0.05941106,0.89885895,-0.60384902,0.54247139,0.07983226,-0.08307909,1,0,1,1,0
1052,218958,-0.08330669,0.91310730,-0.54685799,0.34442325,0.08738415,-0.09346475,1,0,1,1,0
1053,219166,-0.09122860,0.92154939,-0.49867927,0.15651970,0.08770106,-0.08970797,1,0,1,1,0
1054,219375,-0.10032597,0.91997369,-0.44159288,-0.04278521,0.08005606,-0.07098478,1,0,1,1,0
1055,219583,-0.11579861,0.90292699,-0.39522262,-0.26042336,0.10649463,-0.07038768,1,0,1,1,0
1056,219791,-0.12773177,0.90856637,-0.33764846,-0.44779545,0.08523422,-0.07276769,1,0,1,1,0
1057,220000,-0.13510077,0.89485994,-0.27894868,-0.62463385,0.08657934,-0.05974571,1,0,1,1,0
1058,220208,-0.14458536,0.88993207,-0.22455835,-0.82371557,0.07759534,-0.05768292,1,0,1,1,0
1059,220416,-0.15987085,0.85779622,-0.16740351,-1.01983735,0.09586806,-0.06574232,1,0,1,1,0
1060,220625,-0.15912698,0.84611618,-0.10654199,-1.20079231,0.09438311,-0.05556611,1,0,1,1,0
1061,220833,-0.16132594,0.81744711,-0.05432860,-1.36569280,0.10056640,-0.05283680,1,0,1,1,0
1062,221041,-0.19145770,0.78929220,0.01103466,-1.54951603,0.09169207,-0.02864059,1,0,1,1,0
1063,221250,-0.17980363,0.75920870,0.07871186,-1.69931832,0.11615413,-0.03829654,1,0,1,1,0
1064,221458,-0.20096224,0.71826089,0.12736254,-1.87025648,0.09302601,-0.03305162,1,0,1,1,0
1065,221666,-0.18300192,0.68083696,0.18852172,-2.00282400,0.09184314,-0.01171985,1,0,1,1,0
1066,221875,-0.19696239,0.64728290,0.25068891,-2.14690057,0.09539841,-0.02240399,1,0,1,1,0
1067,222083,-0.19674308,0.59917622,0.31281666,-2.29591656,0.09784550,-0.02108404,1,0,1,1,0
1068,222291,-0.20380114,0.55191061,0.35890309,-2.40430497,0.10378250,-0.03286770,1,0,1,1,0
1069,222500,-0.18995480,0.50253040,0.41645002,-2.53727383,0.09413340,-0.00903281,1,0,1,1,0
1070,222708,-0.18965035,0.45618907,0.47933144,-2.62366391,0.09076908,0.00371720,1,0,1,1,1
1071,222916,-0.20499585,0.39628397,0.52417037,-2.71389530,0.08333026,0.01816854,1,0,1,1,1
1072,223125,-0.20408368,0.33894538,0.57533276,-2.80856160,0.07003710,0.01476877,1,0,1,1,1
1073,223333,-0.19140474,0.28489921,0.61284292,-2.87511242,0.06782254,0.01264137,1,0,1,1,1
1074,223541,-0.18809210,0.22103580,0.65849926,-2.89913474,0.04724637,0.03158989,1,0,1,1,1
1075,223750,-0.19031383,0.16908355,0.70754785,-2.95266017,0.06144107,0.01618175,1,0,1,1,1
1076,223958,-0.18882060,0.11022061,0.74191949,-2.97925356,0.06584077,0.05290526,1,0,1,1,1
1077,224166,-0.17040192,0.04314909,0.77761846,-2.99949284,0.05145997,0.06016441,1,0,1,1,1
1078,224375,-0.17288036,-0.01637761,0.80932785,-2.98684442,0.05276371,0.03402262,1,0,1,1,1
1079,224583,-0.16606001,-0.07447018,0.83778567,-3.00453882,0.06160740,0.04859767,1,0,1,1,1
1080,224791,-0.15601552,-0.13956980,0.85562452,-2.95835720,0.03766582,0.06582514,1,0,1,1,1
1081,225000,-0.15554864,-0.20116456,0.87240503,-2.91158032,0.03618166,0.08489592,1,0,1,1,1
1082,225208,-0.14220063,-0.25592537,0.89081229,-2.89139115,0.02530875,0.07145106,1,0,1,1,1
1083,225416,-0.13439809,-0.31197128,0.90473827,-2.83268266,0.00956824,0.08026410,1,0,1,1,1
1084,225625,-0.12902094,-0.36524818,0.90411830,-2.74669622,0.00913706,0.08295749,1,0,1,1,1
1085,225833,-0.11261875,-0.42040981,0.92235578,-2.65984251,-0.00614563,0.06861000,1,0,1,1,1
1086,226041,-0.09733292,-0.47615552,0.92493651,-2.58353910,0.00668814,0.08408456,1,0,1,1,0
1087,226250,-0.08935221,-0.52369354,0.91770885,-2.46764599,0.00096112,0.08288364,1,0,1,1,0
1088,226458,-0.07399064,-0.57749071,0.90653637,-2.33169351,-0.01575665,0.09541431,1,0,1,1,0
1089,226666,-0.06620604,-0.62815775,0.89920594,-2.20049284,-0.00357014,0.08842578,1,0,1,1,0
1090,226875,-0.04512975,-0.66463318,0.87527494,-2.08451454,-0.02987289,0.09736780,1,0,1,1,0
1091,227083,-0.03035737,-0.70245301,0.85617418,-1.93589623,-0.02511088,0.09789296,1,0,1,1,0
1092,227291,-0.01894624,-0.74357348,0.85135736,-1.78005469,-0.04239503,0.09966935,1,0,1,1,0
1093,227500,-0.00835277,-0.78174971,0.80684521,-1.64948352,-0.04136326,0.11056761,1,0,1,1,0
1094,227708,0.00807556,-0.80917410,0.79188634,-1.46063556,-0.06548522,0.10384722,1,0,1,1,0
1095,227916,0.01397501,-0.83785418,0.76206466,-1.27884058,-0.06199065,0.09721112,1,0,1,1,0
1096,228125,0.02605374,-0.86212712,0.71910605,-1.07465404,-0.06162771,0.10386816,1,0,1,1,0
1097,228333,0.04247247,-0.87490354,0.67984088,-0.90891191,-0.05877099,0.09230220,1,0,1,1,0
1098,228541,0.05270985,-0.88548922,0.63905136,-0.70970903,-0.07149653,0.08535414,1,0,1,1,0
1099,228750,0.07464022,-0.90377145,0.58262719,-0.53424184,-0.06269073,0.10483852,1,0,1,1,0
1100,228958,0.08995310,-0.90687191,0.54283505,-0.33361644,-0.08403643,0.08511001,1,0,1,1,0
1101,229166,0.10472702,-0.93075419,0.50333601,-0.15203573,-0.09338775,0.07876341,1,0,1,1,0
1102,229375,0.10752615,-0.91782242,0.44492438,0.03905630,-0.06878446,0.10088309,1,0,1,1,0
1103,229583,0.11563491,-0.91317113,0.38978918,0.23858811,-0.10563517,0.09092759,1,0,1,1,0
1104,229791,0.11445447,-0.91304684,0.33558492,0.44043593,-0.10040732,0.07638995,1,0,1,1,0
1105,230000,0.13211583,-0.90296067,0.27503101,0.63696306,-0.09533791,0.08291617,1,0,1,1,0
1106,230208,0.13988716,-0.88569648,0.21459947,0.82186794,-0.09997782,0.06478416,1,0,1,1,0
1107,230416,0.14903355,-0.86099274,0.16685681,0.99147354,-0.09714942,0.06939243,1,0,1,1,0
1108,230625,0.16727230,-0.84911000,0.09830010,1.20409187,-0.09837950,0.06000016,1,0,1,1,0
1109,230833,0.17522514,-0.82144562,0.05456506,1.36586420,-0.07792426,0.05042134,1,0,1,1,0
1110,231041,0.17260571,-0.79449317,-0.01780708,1.54590721,-0.10237206,0.05103062,1,0,1,1,0
1111,231250,0.17765048,-0.75217867,-0.07414178,1.70296679,-0.09605197,0.03141547,1,0,1,1,0
1112,231458,0.18484829,-0.72277790,-0.12698665,1.87782487,-0.09837129,0.03089798,1,0,1,1,0
1113,231666,0.18123552,-0.68082755,-0.19187848,1.99970416,-0.12201544,0.00992752,1,0,1,1,0
1114,231875,0.20044679,-0.63618765,-0.25931488,2.16709035,-0.10811690,0.02088046,1,0,1,1,0
1115,232083,0.20093276,-0.59663606,-0.31254244,2.28504039,-0.11622755,0.02028619,1,0,1,1,0
1116,232291,0.19255867,-0.55457651,-0.37414746,2.40795078,-0.10287995,-0.00315396,1,0,1,1,0
1117,232500,0.19374771,-0.49549974,-0.42110595,2.52307104,-0.09087637,0.00855685,1,0,1,1,0
1118,232708,0.20838203,-0.44377718,-0.47804940,2.62259331,-0.07736949,-0.02376939,1,0,1,1,1
1119,232916,0.20367262,-0.38534547,-0.52482971,2.72666074,-0.06901893,-0.01422040,1,0,1,1,1
1120,233125,0.20722700,-0.33675604,-0.56541199,2.79697909,-0.05336968,-0.01582032,1,0,1,1,1
1121,233333,0.19184907,-0.28133867,-0.60999303,2.86965206,-0.07342720,-0.02148426,1,0,1,1,1
1122,233541,0.20153415,-0.22241140,-0.67087707,2.91489393,-0.06943126,-0.02528850,1,0,1,1,1
1123,233750,0.18380088,-0.16574142,-0.71168278,2.94968425,-0.07937545,-0.05041842,1,0,1,1,1
1124,233958,0.18450467,-0.10523138,-0.74013597,2.97834697,-0.06978578,-0.03826028,1,0,1,1,1
1125,234166,0.16942647,-0.04777426,-0.77605180,2.97927193,-0.04630346,-0.03903110,1,0,1,1,1
1126,234375,0.16920146,0.01707878,-0.81298094,3.01714211,-0.02945237,-0.05601894,1,0,1,1,1
1127,234583,0.16558306,0.07766643,-0.83506420,2.98688471,-0.02898369,-0.05945126,1,0,1,1,1
1128,234791,0.15478799,0.13560113,-0.85809198,2.94764912,-0.04308232,-0.07670337,1,0,1,1,1
1129,235000,0.15154707,0.19130497,-0.87994627,2.91970044,-0.04233288,-0.05865877,1,0,1,1,1
1130,235208,0.13521903,0.24732845,-0.88852655,2.86625377,-0.04264033,-0.08466574,1,0,1,1,1
1131,235416,0.12959027,0.30969042,-0.90190214,2.81439087,-0.01889177,-0.06557167,1,0,1,1,1
1132,235625,0.11765928,0.36540626,-0.91651314,2.75472886,0.00792039,-0.05846978,1,0,1,1,1
1133,235833,0.10681169,0.42123009,-0.91409318,2.64430789,-0.01022443,-0.08912731,1,0,1,1,1
1134,236041,0.10129088,0.47364871,-0.91647633,2.58250038,-0.00490220,-0.09521654,1,0,1,1,0
1135,236250,0.08206369,0.53516567,-0.91706034,2.45636731,0.00543848,-0.09233840,1,0,1,1,0
1136,236458,0.07254282,0.57293969,-0.92327292,2.34330283,0.01168882,-0.08311928,1,0,1,1,0
1137,236666,0.05861512,0.61397202,-0.90635067,2.21747408,0.02169616,-0.10439546,1,0,1,1,0
1138,236875,0.05633658,0.66372875,-0.88634595,2.07047930,0.00203983,-0.11853900,1,0,1,1,0
1139,237083,0.03521278,0.70180310,-0.86322422,1.94295998,0.02357378,-0.08714192,1,0,1,1,0
1140,237291,0.02221865,0.74998245,-0.85007842,1.76774327,0.03563067,-0.09916793,1,0,1,1,0
1141,237500,0.00782895,0.77593042,-0.81204346,1.63563646,0.04814834,-0.10220581,1,0,1,1,0
1142,237708,-0.00176981,0.80934214,-0.78094495,1.44107497,0.04545902,-0.09947625,1,0,1,1,0
1143,237916,-0.01911095,0.83199100,-0.75329985,1.27653993,0.05876670,-0.10790650,1,0,1,1,0
1144,238125,-0.03230209,0.85627193,-0.71718595,1.08981815,0.05562705,-0.10087478,1,0,1,1,0
1145,238333,-0.04510498,0.87253295,-0.67701456,0.92266302,0.07530125,-0.09515426,1,0,1,1,0
1146,238541,-0.05511758,0.89119785,-0.63669860,0.71151422,0.07480083,-0.09131449,1,0,1,1,0
1147,238750,-0.06237864,0.89947619,-0.59353770,0.54495998,0.07788826,-0.09384338,1,0,1,1,0
1148,238958,-0.08144751,0.91057812,-0.54721082,0.35818002,0.08817687,-0.11590089,1,0,1,1,0
1149,239166,-0.09811779,0.91930948,-0.49210137,0.12712195,0.08961366,-0.09220860,1,0,1,1,0
1150,239375,-0.11034350,0.92075038,-0.44039567,-0.07418727,0.08148323,-0.08529981,1,0,1,1,0
1151,239583,-0.09929968,0.91709596,-0.39807682,-0.25406099,0.08209097,-0.08090752,1,0,1,1,0
1152,239791,-0.12837408,0.90618831,-0.33591180,-0.44485465,0.10626241,-0.08264466,1,0,1,1,0
1153,240000,-0.12469915,0.90963009,-0.27656642,-0.64163990,0.11449084,-0.05450424,1,0,1,1,0
1154,240208,-0.14477598,0.88347239,-0.22873224,-0.83254115,0.10856844,-0.07402583,1,0,1,1,0
1155,240416,-0.15715956,0.86668663,-0.15950414,-1.00965078,0.10968445,-0.06023922,1,0,1,1,0
1156,240625,-0.16090231,0.84955196,-0.10439206,-1.19542399,0.08897194,-0.06421071,1,0,1,1,0
1157,240833,-0.16483495,0.81269635,-0.03407291,-1.39228552,0.09815184,-0.04947108,1,0,1,1,0
1158,241041,-0.17584101,0.78706191,0.01951164,-1.55501469,0.09695222,-0.06336286,1,0,1,1,0
1159,241250,-0.18372941,0.76438641,0.07601648,-1.69925126,0.09626931,-0.02764558,1,0,1,1,0
1160,241458,-0.19374792,0.72156585,0.13716051,-1.86840678,0.09074638,-0.03339260,1,0,1,1,0
1161,241666,-0.19351756,0.68431755,0.19440305,-2.01988280,0.10107155,-0.03587941,1,0,1,1,0
1162,241875,-0.19198826,0.63671393,0.24417308,-2.17298682,0.09958980,-0.02830788,1,0,1,1,0
1163,242083,-0.20451902,0.59210579,0.30885890,-2.28442550,0.08490688,-0.02527033,1,0,1,1,0
1164,242291,-0.20092620,0.54186466,0.35683882,-2.41371576,0.08422876,-0.01497204,1,0,1,1,0
1165,242500,-0.19850398,0.50803611,0.41804804,-2.52519131,0.09081170,-0.00510101,1,0,1,1,0
1166,242708,-0.19409011,0.44443192,0.47314325,-2.61588377,0.08531615,-0.00396718,1,0,1,1,1
1167,242916,-0.20498769,0.38662267,0.51705329,-2.72561246,0.07605918,0.01553186,1,0,1,1,1
1168,243125,-0.18775248,0.34419331,0.57145633,-2.78113804,0.07614912,0.03690888,1,0,1,1,1
1169,243333,-0.19329850,0.27838077,0.62547610,-2.85568707,0.06081220,0.01888191,1,0,1,1,1
1170,243541,-0.19823770,0.22733027,0.65887172,-2.90073960,0.07604544,0.00516735,1,0,1,1,1
1171,243750,-0.18763261,0.16820687,0.69756015,-2.95629407,0.06057829,0.03023046,1,0,1,1,1
1172,243958,-0.18715042,0.11025706,0.74554759,-2.96911664,0.05510190,0.03872482,1,0,1,1,1
1173,244166,-0.18574210,0.03780948,0.77565262,-3.02591326,0.05879802,0.05325498,1,0,1,1,1
1174,244375,-0.17233368,-0.01386797,0.80556135,-3.01434932,0.05888482,0.04431340,1,0,1,1,1
1175,244583,-0.16508785,-0.08167285,0.83606784,-2.99987030,0.04262759,0.04998543,1,0,1,1,1
1176,244791,-0.15521286,-0.13612711,0.85825198,-2.97546273,0.03032442,0.05497848,1,0,1,1,1
1177,245000,-0.15288003,-0.19172111,0.87387363,-2.92143583,0.03443005,0.05427223,1,0,1,1,1
1178,245208,-0.14342155,-0.26330929,0.88841985,-2.90388918,0.02472073,0.05400964,1,0,1,1,1
1179,245416,-0.12462480,-0.31455427,0.91567583,-2.81514407,0.02086238,0.07706337,1,0,1,1,1
1180,245625,-0.11526062,-0.37332465,0.91762330,-2.75182315,0.01935515,0.06578744,1,0,1,1,1
1181,245833,-0.11450658,-0.42239960,0.92766725,-2.67869799,0.00297710,0.08094522,1,0,1,1,1
1182,246041,-0.10536827,-0.48153723,0.91921177,-2.55424933,0.00841912,0.09386797,1,0,1,1,0
1183,246250,-0.09091262,-0.52317313,0.92324616,-2.47866757,-0.01411589,0.08115943,1,0,1,1,0
1184,246458,-0.06762726,-0.57612925,0.90582061,-2.33895189,-0.02169455,0.10435701,1,0,1,1,0
1185,246666,-0.07524894,-0.62090923,0.89071439,-2.20753591,-0.01231489,0.08779967,1,0,1,1,0
1186,246875,-0.05103829,-0.66249057,0.88602790,-2.10266778,-0.02320206,0.08167528,1,0,1,1,0
1187,247083,-0.03060054,-0.71767316,0.86971862,-1.94871665,-0.03543249,0.09410132,1,0,1,1,0
1188,247291,-0.02121864,-0.74602933,0.84802630,-1.77080645,-0.04008064,0.10264160,1,0,1,1,0
1189,247500,-0.00983240,-0.76714928,0.81908053,-1.62096665,-0.04881899,0.10775671,1,0,1,1,0
1190,247708,0.00865683,-0.81101323,0.78428384,-1.44747541,-0.05355545,0.10364588,1,0,1,1,0
1191,247916,0.01600713,-0.83711554,0.75698131,-1.27862717,-0.06936265,0.11716820,1,0,1,1,0
1192,248125,0.02735858,-0.85711265,0.72101340,-1.09131920,-0.07003871,0.10072704,1,0,1,1,0
1193,248333,0.04665056,-0.87129800,0.67977915,-0.92623393,-0.06881787,0.09231654,1,0,1,1,0
1194,248541,0.06506868,-0.89838039,0.63588218,-0.71784744,-0.08765377,0.09546718,1,0,1,1,0
1195,248750,0.05645255,-0.90531275,0.58769890,-0.53498264,-0.09794712,0.08100403,1,0,1,1,0
1196,248958,0.07596502,-0.90666620,0.54697355,-0.34118625,-0.09655422,0.09996323,1,0,1,1,0
1197,249166,0.09006445,-0.91614554,0.49738046,-0.15699778,-0.07236452,0.07494084,1,0,1,1,0
1198,249375,0.10011262,-0.92377689,0.43695243,0.03736630,-0.06831518,0.07524972,1,0,1,1,0
1199,249583,0.11414434,-0.91082883,0.40026578,0.24754513,-0.08769850,0.08068809,1,0,1,1,0
1200,249791,0.12417657,-0.91090774,0.32801657,0.45623751,-0.09483370,0.06864693,1,0,1,1,0
1201,250000,0.13194560,-0.86570369,0.27366553,0.70508153,-0.03543731,0.13377465,1,0,1,1,0
1202,250208,0.14943947,-0.85817019,0.21907812,0.88579771,-0.05626470,0.13175967,1,0,1,1,0
1203,250416,0.15527701,-0.83193287,0.15973942,1.08016179,-0.04053195,0.13463909,1,0,1,1,0
1204,250625,0.17237398,-0.81756229,0.09310651,1.25756605,-0.03867587,0.13139751,1,0,1,1,0
1205,250833,0.18274393,-0.79035373,0.03149379,1.42080138,-0.04245609,0.12578262,1,0,1,1,0
1206,251041,0.18873952,-0.77279794,-0.02554905,1.59057216,-0.05646882,0.12029909,1,0,1,1,0
1207,251249,0.20598942,-0.72513287,-0.08643866,1.72123557,-0.02466872,0.12533905,1,0,1,1,0
1208,251458,0.20650658,-0.69194467,-0.14024623,1.85446079,-0.03921908,0.11512971,1,0,1,1,0
1209,251666,0.22303165,-0.66729373,-0.21353703,1.96550845,-0.03805916,0.12551270,1,0,1,1,0
1210,251875,0.25573798,-0.61380576,-0.26799154,2.06788212,-0.04347641,0.11638296,1,0,1,1,0
1211,252083,0.26695638,-0.58558619,-0.32853508,2.17300240,-0.01956547,0.10015752,1,0,1,1,0
1212,252291,0.29189884,-0.54007545,-0.38422915,2.21550223,-0.01866200,0.10969579,1,0,1,1,0
1213,252500,0.30923281,-0.48724913,-0.44462344,2.26513329,-0.01351044,0.10727854,1,0,1,1,0
1214,252708,0.31426124,-0.43546597,-0.49358136,2.30772014,-0.01979609,0.10733888,1,0,1,1,0
1215,252916,0.34305706,-0.38000723,-0.54935478,2.32251511,-0.01423206,0.09088160,1,0,1,1,0
1216,253125,0.35303731,-0.33099594,-0.59805495,2.30242851,-0.01385458,0.06175593,1,0,1,1,0
1217,253333,0.37154581,-0.28017756,-0.65362099,2.29896677,0.00015324,0.05530675,1,0,1,1,0
1218,253541,0.38134405,-0.21225561,-0.70148938,2.23984093,0.00259012,0.04640457,1,0,1,1,0
1219,253749,0.40550791,-0.15988292,-0.74791819,2.20502994,0.00477497,0.05861865,1,0,1,1,0
1220,253958,0.41357042,-0.09609901,-0.79498134,2.13249065,0.00107853,0.06528401,1,0,1,1,0
1221,254166,0.41610354,-0.03398031,-0.82418322,2.06029865,0.01603640,0.03454059,1,0,1,1,0
1222,254375,0.42024378,0.01958822,-0.85906825,1.97393525,0.01049401,0.02203158,1,0,1,1,0
1223,254583,0.42972619,0.08254922,-0.89027116,1.86987469,0.02540575,0.01708499,1,0,1,1,0
1224,254791,0.42002867,0.14848608,-0.92313516,1.77078554,0.03024208,0.00795392,1,0,1,1,0
1225,255000,0.41513428,0.21121213,-0.95126901,1.66240835,0.04336118,0.00491500,1,0,1,1,0
1226,255208,0.40457701,0.26394551,-0.96984712,1.52308892,0.05619236,-0.02376627,1,0,1,1,0
1227,255416,0.39024187,0.32659423,-0.98090332,1.41261896,0.06031281,-0.02356079,1,0,1,1,0
1228,255625,0.37855727,0.37846310,-0.98855804,1.31156582,0.06501190,-0.03012609,1,0,1,1,0
1229,255833,0.35287862,0.44060557,-1.00980812,1.16478186,0.07809381,-0.04573686,1,0,1,1,0
1230,256041,0.32084322,0.50559388,-0.99734127,1.05619964,0.09265971,-0.07346968,1,0,1,1,0
1231,256249,0.28566160,0.54261453,-1.01518714,0.96978994,0.10632674,-0.08568901,1,0,1,1,0
1232,256458,0.25355598,0.61219158,-0.99035352,0.84196651,0.12685497,-0.08894596,1,0,1,1,0
1233,256666,0.21064482,0.66116736,-0.99536739,0.74457177,0.14873958,-0.07149460,1,0,1,1,0
1234,256875,0.17010007,0.69208216,-0.96926360,0.64999364,0.15104172,-0.07334502,1,0,1,1,0
1235,257083,0.11299747,0.73592656,-0.96101270,0.56090427,0.14782381,-0.10565300,1,0,1,1,0
1236,257291,0.06578542,0.78119982,-0.92978882,0.46936087,0.14959307,-0.09117126,1,0,1,1,0
1237,257500,0.00639974,0.81564783,-0.92244294,0.39693419,0.16579903,-0.12351962,1,0,1,1,0
1238,257708,-0.04930930,0.85601359,-0.87796289,0.35594147,0.18148707,-0.11251032,1,0,1,1,0
1239,257916,-0.10301480,0.88397318,-0.84188701,0.26300524,0.18466696,-0.10519518,1,0,1,1,0
1240,258125,-0.17424473,0.90528145,-0.80778980,0.21863676,0.19440931,-0.10259754,1,0,1,1,0
1241,258333,-0.22471989,0.92077149,-0.76501992,0.17027124,0.21239319,-0.11944385,1,0,1,1,0
1242,258541,-0.29962145,0.94371619,-0.71789766,0.14263251,0.21159243,-0.11502292,1,0,1,1,0
1243,258749,-0.36646144,0.97140198,-0.67400594,0.10373657,0.22384317,-0.11551456,1,0,1,1,0
1244,258958,-0.41531481,0.96928250,-0.62600412,0.09890695,0.22483683,-0.12849094,1,0,1,1,0
1245,259166,-0.47461737,0.98054137,-0.57625126,0.07929646,0.21271324,-0.10432924,1,0,1,1,0
1246,259375,-0.54700527,0.97610965,-0.50847608,0.04331977,0.21756082,-0.11183992,1,0,1,1,0
1247,259583,-0.60245575,0.97943264,-0.44889207,0.01587661,0.24532664,-0.11982790,1,0,1,1,0
1248,259791,-0.64762715,0.96252388,-0.39023028,0.02782531,0.24341719,-0.10964262,1,0,1,1,0
1249,260000,-0.69857956,0.95661967,-0.32760583,-0.01437279,0.24725984,-0.09418527,0,0,0,0,0
1250,260208,-0.75185462,0.93882857,-0.26667780,-0.02103038,0.24894184,-0.10852333,0,0,0,0,0
1251,260416,-0.79560398,0.91366648,-0.20573712,-0.03559543,0.24752659,-0.10648713,0,0,0,0,0
1252,260625,-0.82977661,0.88890859,-0.13264755,-0.06469036,0.24287198,-0.09984010,0,0,0,0,0
1253,260833,-0.86851231,0.85241690,-0.07518077,-0.07425501,0.25307659,-0.05786218,0,0,0,0,0
1254,261041,-0.89795973,0.82540896,-0.00635910,-0.06634534,0.23826077,-0.06547155,0,0,0,0,0
1255,261249,-0.92722064,0.80372123,0.06157656,-0.09667201,0.23338124,-0.07605618,0,0,0,0,0
1256,261458,-0.95085645,0.76079526,0.13127141,-0.10879198,0.21974847,-0.05654399,0,0,0,0,0
1257,261666,-0.98696447,0.70872505,0.17475922,-0.11965905,0.20639424,-0.04606228,0,0,0,0,0
1258,261875,-0.98463167,0.65921181,0.25797681,-0.13738348,0.23189915,-0.03853072,0,0,0,0,0
1259,262083,-1.00437559,0.62114337,0.31460149,-0.14511532,0.20988884,-0.03497014,0,0,0,0,0
1260,262291,-1.01789235,0.56525275,0.38129895,-0.16286348,0.19495659,-0.03309749,0,0,0,0,0
1261,262500,-1.02071673,0.51256805,0.42972202,-0.18208742,0.18023963,-0.01610650,0,0,0,0,0
1262,262708,-1.01706700,0.45278857,0.49392398,-0.16080233,0.17831812,-0.00361955,0,0,0,0,0
1263,262916,-1.01491262,0.40382168,0.55994626,-0.20892463,0.15601270,0.02010870,0,0,0,0,0
1264,263125,-1.00627777,0.33783926,0.61399433,-0.21633589,0.15664559,0.02368608,0,0,0,0,0
1265,263333,-0.99510858,0.27825185,0.65859009,-0.20678581,0.15275769,0.03742599,0,0,0,0,0
1266,263541,-0.96917169,0.20705918,0.71664468,-0.21956636,0.12492929,0.03014282,0,0,0,0,0
1267,263750,-0.95450258,0.14453524,0.75362404,-0.23698355,0.12891363,0.04804837,0,0,0,0,0
1268,263958,-0.92512622,0.07799465,0.79752704,-0.24186907,0.09829648,0.06985762,0,0,0,0,0
1269,264166,-0.89056669,0.02074107,0.83052699,-0.23988094,0.07048453,0.05496252,0,0,0,0,0
1270,264375,-0.86351835,-0.04651967,0.86753794,-0.23846880,0.08364646,0.09266846,0,0,0,0,0
1271,264583,-0.83002394,-0.11895024,0.90326911,-0.24231200,0.06126071,0.08465400,0,0,0,0,0
1272,264791,-0.80042672,-0.17565857,0.91700855,-0.24734275,0.05700410,0.09747460,0,0,0,0,0
1273,265000,-0.74963825,-0.24085405,0.95247321,-0.23438747,0.02348657,0.07915034,0,0,0,0,0
1274,265208,-0.69018680,-0.31412531,0.97335409,-0.23878915,0.01522454,0.11228442,0,0,0,0,0
1275,265416,-0.64934617,-0.37042232,0.98608575,-0.22818596,0.01828215,0.10281313,0,0,0,0,0
1276,265625,-0.60506577,-0.42604904,1.00385750,-0.23241438,-0.00805391,0.11814122,0,0,0,0,0
1277,265833,-0.54424454,-0.49110701,1.00050036,-0.24530636,-0.01244656,0.11061111,0,0,0,0,0
1278,266041,-0.49144931,-0.54383899,1.00362454,-0.22091856,-0.05052758,0.13695399,0,0,0,0,0
1279,266250,-0.42803533,-0.60052433,1.00038838,-0.21110569,-0.03772038,0.11968553,0,0,0,0,0
1280,266458,-0.36603746,-0.65636795,0.99420460,-0.21140963,-0.05567801,0.13721122,0,0,0,0,0
1281,266666,-0.30359044,-0.70791891,0.98401685,-0.22517807,-0.08780776,0.13723367,0,0,0,0,0
1282,266875,-0.23557359,-0.74906143,0.96700710,-0.19990704,-0.11030124,0.13634862,0,0,0,0,0
1283,267083,-0.18045606,-0.77583945,0.95635310,-0.20045327,-0.12337828,0.13084644,0,0,0,0,0
1284,267291,-0.10052674,-0.83119233,0.93467498,-0.18763799,-0.13241603,0.13629942,0,0,0,0,0
1285,267500,-0.02990124,-0.86154753,0.90651423,-0.17523959,-0.15467592,0.12766321,0,0,0,0,0
1286,267708,0.02053734,-0.89303608,0.87365347,-0.17402615,-0.17417433,0.12251530,0,0,0,0,0
1287,267916,0.10159320,-0.91126688,0.83083390,-0.15604439,-0.19369072,0.12912742,0,0,0,0,0
1288,268125,0.16553762,-0.95574478,0.79736426,-0.14765837,-0.21711368,0.13858721,0,0,0,0,0
1289,268333,0.22924971,-0.96949640,0.76679813,-0.13830635,-0.20964897,0.11395342,0,0,0,0,0
1290,268541,0.29176283,-0.98097919,0.71064252,-0.13408652,-0.23796980,0.09695349,0,0,0,0,0
1291,268750,0.35545125,-0.99553833,0.66594547,-0.10847743,-0.22896659,0.10332139,0,0,0,0,0
1292,268958,0.41994779,-1.00543213,0.60590725,-0.09104991,-0.22127559,0.10798148,0,0,0,0,0
1293,269166,0.47627703,-1.00475372,0.56288277,-0.09268762,-0.24636582,0.09320552,0,0,0,0,0
1294,269375,0.54627588,-1.01808672,0.50124807,-0.08380176,-0.26308476,0.07700495,0,0,0,0,0
1295,269583,0.58513225,-1.00472087,0.44567757,-0.06929089,-0.26588426,0.08797261,0,0,0,0,0
1296,269791,0.64964654,-0.99755135,0.37381641,-0.04358047,-0.27502301,0.07678356,0,0,0,0,0
1297,270000,0.69130750,-0.97742393,0.32644380,-0.03691720,-0.25487873,0.06514508,0,0,0,0,0
1298,270208,0.73768483,-0.97534620,0.26908401,-0.02697555,-0.28230006,0.06611327,0,0,0,0,0
1299,270416,0.78938257,-0.94454950,0.20622895,-0.01898802,-0.29623206,0.06356193,0,0,0,0,0
1300,270625,0.82424838,-0.91892902,0.13581590,0.00497724,-0.25427999,0.04100284,0,0,0,0,0
1301,270833,0.87248876,-0.89086566,0.07742192,0.01954439,-0.28186416,0.04326247,0,0,0,0,0
1302,271041,0.89443903,-0.85850509,0.01395869,0.02477934,-0.28780839,0.02568208,0,0,0,0,0
1303,271250,0.93513851,-0.81942945,-0.05910702,0.04018982,-0.27688308,0.00355091,0,0,0,0,0
1304,271458,0.95850935,-0.77300279,-0.11458309,0.05424643,-0.27627516,-0.01717206,0,0,0,0,0
1305,271666,0.97736446,-0.73172056,-0.18475837,0.07022775,-0.26518518,-0.00728173,0,0,0,0,0
1306,271875,0.99183899,-0.69198009,-0.25264593,0.06387707,-0.26656136,-0.02221098,0,0,0,0,0
1307,272083,1.00618409,-0.64255263,-0.31143379,0.07695196,-0.28053803,-0.04108262,0,0,0,0,0
1308,272291,1.01696509,-0.59225254,-0.36750356,0.09119828,-0.25427226,-0.05232222,0,0,0,0,0
1309,272500,1.03253286,-0.52712150,-0.43523664,0.10615852,-0.23619616,-0.07059127,0,0,0,0,0
1310,272708,1.02865427,-0.47822406,-0.49528894,0.11119708,-0.24229034,-0.06867497,0,0,0,0,0
1311,272916,1.02944012,-0.42235272,-0.53824169,0.12213334,-0.22083666,-0.09413110,0,0,0,0,0
1312,273125,1.01895721,-0.35486527,-0.59130567,0.14022092,-0.20930051,-0.09829219,0,0,0,0,0
1313,273333,1.00107004,-0.29137160,-0.64470601,0.12548759,-0.19708712,-0.11185976,0,0,0,0,0
1314,273541,0.99242147,-0.23022313,-0.69035221,0.13777220,-0.20897245,-0.13317668,0,0,0,0,0
1315,273750,0.97359217,-0.16317856,-0.73196342,0.14334812,-0.19731543,-0.12259874,0,0,0,0,0
1316,273958,0.93755805,-0.09868140,-0.78499992,0.16600284,-0.17682643,-0.14041613,0,0,0,0,0
1317,274166,0.91511656,-0.02884224,-0.82766795,0.15651724,-0.18393664,-0.12434486,0,0,0,0,0
1318,274375,0.88197390,0.03666262,-0.84436625,0.15925359,-0.16498356,-0.16579713,0,0,0,0,0
1319,274583,0.84402620,0.09871486,-0.87700199,0.14901753,-0.13915743,-0.14784317,0,0,0,0,0
1320,274791,0.81174682,0.17138839,-0.90277222,0.15209670,-0.15039907,-0.17330022,0,0,0,0,0
1321,275000,0.76974850,0.22942895,-0.93209643,0.13026165,-0.13428231,-0.18628604,0,0,0,0,0
1322,275208,0.72908607,0.29291095,-0.94535902,0.15489321,-0.09729345,-0.19861525,0,0,0,0,0
1323,275416,0.67766697,0.36244318,-0.95517739,0.14542768,-0.10388706,-0.20872157,0,0,0,0,0
1324,275625,0.62036662,0.42527621,-0.96935036,0.13328548,-0.04528206,-0.20775926,0,0,0,0,0
1325,275833,0.56597400,0.48765847,-0.97857443,0.14929653,-0.06619380,-0.21380204,0,0,0,0,0
1326,276041,0.51949598,0.55052873,-0.97617428,0.13329183,-0.05006917,-0.21469455,0,0,0,0,0
1327,276250,0.45408663,0.58767536,-0.96761196,0.13949113,-0.03627046,-0.22075393,0,0,0,0,0
1328,276458,0.39625425,0.64689274,-0.96633968,0.13685127,-0.00512006,-0.20619829,0,0,0,0,0
1329,276666,0.32071010,0.70061268,-0.96145789,0.15684144,0.01033149,-0.22641877,0,0,0,0,0
1330,276875,0.25572573,0.75556806,-0.93180126,0.11990507,0.03321419,-0.22222427,0,0,0,0,0
1331,277083,0.19638537,0.78902906,-0.92250983,0.12009207,0.04337465,-0.21539942,0,0,0,0,0
1332,277291,0.13741013,0.82328834,-0.90114165,0.11169865,0.07102310,-0.21813005,0,0,0,0,0
1333,277500,0.07413608,0.86295377,-0.87363574,0.09814284,0.07475375,-0.19669256,0,0,0,0,0
1334,277708,-0.00407534,0.90067091,-0.83715565,0.10096962,0.08791108,-0.21092867,0,0,0,0,0
1335,277916,-0.06384370,0.93310526,-0.80818521,0.09929848,0.10785606,-0.20000506,0,0,0,0,0
1336,278125,-0.13013553,0.96776910,-0.77533339,0.08913517,0.09928514,-0.19545798,0,0,0,0,0
1337,278333,-0.20297559,0.97514754,-0.72349246,0.08209296,0.12043649,-0.18979593,0,0,0,0,0
1338,278541,-0.26535873,0.99874589,-0.68006012,0.05809464,0.16094664,-0.15876595,0,0,0,0,0
1339,278750,-0.32435269,1.01485505,-0.63300947,0.05704832,0.13787978,-0.16149161,0,0,0,0,0
1340,278958,-0.39143379,1.01622662,-0.58818831,0.03011727,0.17580024,-0.16249433,0,0,0,0,0
1341,279166,-0.43195489,1.03267967,-0.53209722,0.01809376,0.15376806,-0.15762815,0,0,0,0,0
1342,279375,-0.50762437,1.02240431,-0.47251523,0.04139926,0.17160468,-0.13443869,0,0,0,0,0
1343,279583,-0.56020756,1.01681799,-0.41690907,0.01449020,0.18912245,-0.14632627,0,0,0,0,0
1344,279791,-0.60937742,1.02206673,-0.35679076,0.00869343,0.20959527,-0.13842299,0,0,0,0,0
1345,280000,-0.66074837,1.00216889,-0.29025566,-0.00202648,0.21120349,-0.12625647,0,0,0,0,0
1346,280208,-0.70686280,0.98052627,-0.23492555,-0.01908711,0.22289867,-0.11611168,0,0,0,0,0
1347,280416,-0.76001750,0.96344359,-0.17120834,-0.01549916,0.21876063,-0.10029505,0,0,0,0,0
1348,280625,-0.80355036,0.93741120,-0.11513503,-0.03986372,0.22649738,-0.09044449,0,0,0,0,0
1349,280833,-0.83470030,0.90956927,-0.05256221,-0.06932825,0.23136326,-0.09970372,0,0,0,0,0
1350,281041,-0.87459910,0.88073243,0.02029196,-0.05502211,0.24233667,-0.06218654,0,0,0,0,0
1351,281250,-0.90484887,0.84192295,0.07827137,-0.05620222,0.25097353,-0.04605532,0,0,0,0,0
1352,281458,-0.93249133,0.81426920,0.13530481,-0.08832656,0.22274814,-0.03174108,0,0,0,0,0
1353,281666,-0.95579994,0.75918183,0.20940749,-0.08558130,0.23082414,-0.02811283,0,0,0,0,0
1354,281875,-0.97827019,0.71411511,0.27426023,-0.08006864,0.22647007,-0.02021757,0,0,0,0,0
1355,282083,-0.99142343,0.67325281,0.32486236,-0.09050003,0.23085684,0.02058590,0,0,0,0,0
1356,282291,-0.99875334,0.62031810,0.38131499,-0.10857191,0.23828896,0.02139869,0,0,0,0,0
1357,282500,-0.99782371,0.56355049,0.45526599,-0.12236310,0.22093262,0.03602160,0,0,0,0,0
1358,282708,-0.99558974,0.50113376,0.51096049,-0.12145023,0.20933845,0.05022560,0,0,0,0,0
1359,282916,-0.99904471,0.45153864,0.56377486,-0.12481811,0.21970888,0.07674609,0,0,0,0,0
1360,283125,-0.99606235,0.38165256,0.60638277,-0.12468486,0.20081393,0.09603311,0,0,0,0,0
1361,283333,-0.98145750,0.31582890,0.65829548,-0.13725800,0.19510112,0.10572554,0,0,0,0,0
1362,283541,-0.97239476,0.25427949,0.70816825,-0.12281183,0.19559104,0.11967008,0,0,0,0,0
1363,283750,-0.95120536,0.19620076,0.75395799,-0.13737128,0.16895741,0.12605844,0,0,0,0,0
1364,283958,-0.92569293,0.12494535,0.78893412,-0.14342166,0.16059029,0.13851781,0,0,0,0,0
1365,284166,-0.89941641,0.06072944,0.83949219,-0.14459110,0.15638042,0.15170895,0,0,0,0,0
1366,284375,-0.86636259,-0.01199691,0.86229639,-0.14582504,0.15514825,0.17163227,0,0,0,0,0
1367,284583,-0.83310880,-0.06976473,0.88920506,-0.12443891,0.15947073,0.17388332,0,0,0,0,0
1368,284791,-0.80200935,-0.14403613,0.91315432,-0.13336389,0.13296853,0.19616044,0,0,0,0,0
1369,285000,-0.75361038,-0.21059110,0.93640028,-0.15601938,0.12438533,0.20754882,0,0,0,0,0
1370,285208,-0.71586514,-0.27214111,0.95435579,-0.12692194,0.12045368,0.21815495,0,0,0,0,0
1371,285416,-0.66074086,-0.34129955,0.95976937,-0.10581823,0.09764664,0.21695508,0,0,0,0,0
1372,285625,-0.61588526,-0.40160478,0.96806801,-0.11738314,0.08972969,0.22129988,0,0,0,0,0
1373,285833,-0.56708059,-0.46179215,0.97473428,-0.12050065,0.08081510,0.23792580,0,0,0,0,0
1374,286041,-0.51196180,-0.51470227,0.97693369,-0.10563417,0.07297825,0.23984496,0,0,0,0,0
1375,286250,-0.43629122,-0.57554290,0.97518989,-0.08848388,0.06236666,0.24400856,0,0,0,0,0
1376,286458,-0.39249294,-0.62407227,0.96374101,-0.08999129,0.03672436,0.25174535,0,0,0,0,0
1377,286666,-0.32097563,-0.67718466,0.95330654,-0.08977157,0.02072337,0.26333692,0,0,0,0,0
1378,286875,-0.25941839,-0.72655499,0.92970608,-0.06718986,0.00712622,0.25048089,0,0,0,0,0
1379,287083,-0.19419966,-0.76264079,0.92228089,-0.05384106,-0.00273969,0.27611669,0,0,0,0,0
1380,287291,-0.13911190,-0.81830000,0.88483082,-0.04282168,-0.00364167,0.26381470,0,0,0,0,0
1381,287500,-0.07101628,-0.84472775,0.86497487,-0.04718317,-0.00953553,0.25234734,0,0,0,0,0
1382,287708,-0.00853325,-0.88757248,0.82631927,-0.04242816,-0.02515912,0.26169656,0,0,0,0,0
1383,287916,0.06630703,-0.91632075,0.79779470,-0.02737877,-0.04478886,0.24268503,0,0,0,0,0
1384,288125,0.13335092,-0.94091805,0.76447141,-0.00976003,-0.07696159,0.24964670,0,0,0,0,0
1385,288333,0.18951980,-0.96250680,0.71828844,-0.00205013,-0.07541150,0.24853952,0,0,0,0,0
1386,288541,0.26328457,-0.98025364,0.66409630,-0.00277431,-0.09169224,0.24646023,0,0,0,0,0
1387,288750,0.31546429,-0.99403720,0.62103641,-0.00067103,-0.09948271,0.23383680,0,0,0,0,0
1388,288958,0.37328131,-1.00758325,0.56661254,0.02256000,-0.09039375,0.21927745,0,0,0,0,0
1389,289166,0.43331775,-1.02322596,0.50785297,0.03156990,-0.10373652,0.22414832,0,0,0,0,0
1390,289375,0.49190206,-1.01703579,0.46315646,0.04795812,-0.11723290,0.22993860,0,0,0,0,0
1391,289583,0.53667990,-1.00700114,0.41162151,0.04416822,-0.10756610,0.20364480,0,0,0,0,0
1392,289791,0.59767926,-1.00183115,0.34651755,0.06001645,-0.13270454,0.19506953,0,0,0,0,0
1393,290000,0.64536178,-0.99082896,0.27263477,0.08652602,-0.13245709,0.19055413,0,0,0,0,0
1394,290208,0.69190528,-0.97990321,0.22664284,0.09029731,-0.14717184,0.18851999,0,0,0,0,0
1395,290416,0.73667988,-0.95690040,0.14984968,0.08684278,-0.15514237,0.16088412,0,0,0,0,0
1396,290625,0.78318441,-0.93817121,0.08696225,0.12135776,-0.14019261,0.15387414,0,0,0,0,0
1397,290833,0.81592240,-0.91019186,0.02099975,0.11451157,-0.17071247,0.13719839,0,0,0,0,0
1398,291041,0.84429801,-0.87992392,-0.03890746,0.13002813,-0.18042425,0.14771044,0,0,0,0,0
1399,291250,0.88073231,-0.83716349,-0.11428762,0.12980285,-0.17443819,0.11073745,0,0,0,0,0
1400,291458,0.90571052,-0.81637502,-0.17288969,0.14556688,-0.16908053,0.10670331,0,0,0,0,0
1401,291666,0.92958877,-0.76104330,-0.22557875,0.16387804,-0.15424383,0.08376975,0,0,0,0,0
1402,291875,0.94777078,-0.71610094,-0.28105666,0.17162520,-0.14898593,0.07873664,0,0,0,0,0
1403,292083,0.96440672,-0.66781794,-0.36659301,0.18131934,-0.16687013,0.06845867,0,0,0,0,0
1404,292291,0.96599120,-0.61863990,-0.41038045,0.16802269,-0.16188741,0.04100819,0,0,0,0,0
1405,292500,0.97224038,-0.55888290,-0.48021105,0.18558938,-0.15638598,0.03388462,0,0,0,0,0
1406,292708,0.98036363,-0.50932409,-0.53309682,0.16796726,-0.14708867,0.01559592,0,0,0,0,0
1407,292916,0.97702598,-0.45289477,-0.59157270,0.19252866,-0.14257905,-0.00421238,0,0,0,0,0
1408,293125,0.96678649,-0.38893161,-0.63227414,0.21124425,-0.13360328,-0.01406734,0,0,0,0,0
1409,293333,0.95034457,-0.33877492,-0.68379221,0.18288543,-0.14094829,-0.01633339,0,0,0,0,0
1410,293541,0.94658654,-0.27163849,-0.73254113,0.18761382,-0.13620876,-0.04198829,0,0,0,0,0
1411,293750,0.92373657,-0.19870070,-0.77264846,0.19417709,-0.12789942,-0.08533503,0,0,0,0,0
1412,293958,0.90427835,-0.13765721,-0.81348560,0.19162104,-0.11230022,-0.09787646,0,0,0,0,0
1413,294166,0.87668572,-0.08049905,-0.85887809,0.19960659,-0.11822592,-0.09923238,0,0,0,0,0
1414,294375,0.84785098,0.00546008,-0.88450026,0.19521484,-0.10805328,-0.13239107,0,0,0,0,0
1415,294583,0.80428815,0.05738144,-0.91845371,0.16269673,-0.08656874,-0.12703232,0,0,0,0,0
1416,294791,0.77158743,0.11992991,-0.94424823,0.16719986,-0.06918284,-0.15374577,0,0,0,0,0
1417,295000,0.74045922,0.18155050,-0.95899280,0.17004664,-0.07159883,-0.14961481,0,0,0,0,0
1418,295208,0.68666248,0.25954145,-0.97177819,0.15920629,-0.07728970,-0.15954914,0,0,0,0,0
1419,295416,0.64534112,0.31097615,-0.99144308,0.16136710,-0.04968716,-0.17654517,0,0,0,0,0
1420,295625,0.59102924,0.37515144,-0.99111117,0.15413461,-0.05179038,-0.18946347,0,0,0,0,0
1421,295833,0.53011816,0.43844195,-1.00498154,0.11941682,-0.02080569,-0.20315350,0,0,0,0,0
1422,296041,0.49123554,0.48447058,-1.01143927,0.13016314,-0.01873934,-0.20421230,0,0,0,0,0
1423,296250,0.42861232,0.55406761,-1.00504513,0.11576395,-0.01936080,-0.22520468,0,0,0,0,0
1424,296458,0.35577410,0.59843608,-0.99726636,0.11607718,0.00269159,-0.22880399,0,0,0,0,0
1425,296666,0.30033133,0.65853978,-0.97421264,0.11188707,-0.00021085,-0.22090204,0,0,0,0,0
1426,296875,0.24758555,0.70183812,-0.94939310,0.09308281,0.02759641,-0.23271258,0,0,0,0,0
1427,297083,0.17839493,0.75024955,-0.93194181,0.07208194,0.03482947,-0.23677387,0,0,0,0,0
1428,297291,0.10180100,0.78635137,-0.90804757,0.08750652,0.06957339,-0.22438231,0,0,0,0,0
1429,297500,0.04295713,0.82777756,-0.87538495,0.05554956,0.06110816,-0.23529396,0,0,0,0,0
1430,297708,-0.02212850,0.85864606,-0.84739411,0.04692326,0.06943083,-0.23978857,0,0,0,0,0
1431,297916,-0.07515332,0.88608819,-0.80867105,0.02149991,0.05418372,-0.22793491,0,0,0,0,0
1432,298125,-0.14384539,0.91431456,-0.77392848,0.03377005,0.09306320,-0.24284580,0,0,0,0,0
1433,298333,-0.21103930,0.92012202,-0.73554235,0.01602560,0.10664499,-0.26455582,0,0,0,0,0
1434,298541,-0.27544655,0.95067972,-0.69079752,0.00769984,0.11452107,-0.21738922,0,0,0,0,0
1435,298750,-0.32900639,0.97373194,-0.63698506,-0.01884613,0.10894249,-0.24090468,0,0,0,0,0
1436,298958,-0.39230553,0.97178708,-0.59134907,-0.01821222,0.11103873,-0.20991549,0,0,0,0,0
1437,299166,-0.44844516,0.98148772,-0.52947987,-0.02476817,0.13617971,-0.22901266,0,0,0,0,0
1438,299375,-0.50209101,0.97885177,-0.47214804,-0.07614601,0.12889663,-0.23839789,0,0,0,0,0
1439,299583,-0.55793870,0.97538152,-0.40689367,-0.06308869,0.13476078,-0.22417616,0,0,0,0,0
1440,299791,-0.61696326,0.97582885,-0.35114149,-0.09621115,0.13640175,-0.20550702,0,0,0,0,0
1441,300000,-0.65475826,0.96908725,-0.28168645,-0.09072452,0.12096988,-0.18708088,0,0,0,0,0
1442,300208,-0.69994887,0.95063824,-0.22684324,-0.09769507,0.13801356,-0.18615813,0,0,0,0,0
1443,300416,-0.73772381,0.92657491,-0.16523950,-0.13135942,0.14900706,-0.17651920,0,0,0,0,0
1444,300625,-0.79133897,0.90371149,-0.08621127,-0.14115512,0.15483346,-0.18994377,0,0,0,0,0
1445,300833,-0.81839680,0.87757453,-0.02404349,-0.14319023,0.14837558,-0.15893163,0,0,0,0,0
1446,301041,-0.85146806,0.84990055,0.03631780,-0.15573968,0.15300521,-0.15858339,0,0,0,0,0
1447,301250,-0.88188231,0.81197626,0.09804944,-0.17990201,0.12856191,-0.12705271,0,0,0,0,0
1448,301458,-0.91194693,0.78412522,0.17750551,-0.18221381,0.13342540,-0.12776627,0,0,0,0,0
1449,301666,-0.93890883,0.73369271,0.23073568,-0.19425195,0.16254051,-0.11561428,0,0,0,0,0
1450,301875,-0.95332511,0.69038320,0.29860908,-0.19850729,0.14244013,-0.12000541,0,0,0,0,0
1451,302083,-0.97089196,0.64813637,0.36431108,-0.18796907,0.14412646,-0.08598528,0,0,0,0,0
1452,302291,-0.98207955,0.58528293,0.42022057,-0.21271276,0.12247421,-0.08426781,0,0,0,0,0
1453,302500,-0.97578311,0.55047391,0.47175973,-0.23312352,0.12954841,-0.05693001,0,0,0,0,0
1454,302708,-0.98449289,0.49215534,0.53429087,-0.22687585,0.12269674,-0.05100084,0,0,0,0,0
1455,302916,-0.98666651,0.43500370,0.58814101,-0.23833769,0.12743568,-0.03951409,0,0,0,0,0
1456,303125,-0.96833742,0.36836904,0.64361142,-0.22634321,0.10305466,-0.01489039,0,0,0,0,0
1457,303333,-0.95284340,0.30713459,0.69574109,-0.24882620,0.08057800,-0.00413615,0,0,0,0,0
1458,303541,-0.93750122,0.24634865,0.73961780,-0.24965847,0.07562410,-0.00424085,0,0,0,0,0
1459,303750,-0.92522909,0.18423435,0.78409650,-0.23638406,0.07837682,0.03708258,0,0,0,0,0
1460,303958,-0.89892619,0.12841535,0.82770621,-0.25553077,0.04119810,0.03312992,0,0,0,0,0
1461,304166,-0.86559098,0.04764377,0.85691534,-0.25728268,0.06320521,0.05673227,0,0,0,0,0
1462,304375,-0.83109970,-0.00105731,0.89663264,-0.23984225,0.05631406,0.05955279,0,0,0,0,0
1463,304583,-0.79782110,-0.07359719,0.92969471,-0.23705847,0.05685509,0.06425240,0,0,0,0,0
1464,304791,-0.75656387,-0.13177876,0.95521139,-0.24736153,0.01484856,0.08309034,0,0,0,0,0
1465,305000,-0.71940859,-0.19924879,0.97243290,-0.24850969,0.01240442,0.10233088,0,0,0,0,0
1466,305208,-0.67110444,-0.26108355,0.99137138,-0.21923962,0.01458002,0.13230941,0,0,0,0,0
1467,305416,-0.62359312,-0.32143122,0.99974828,-0.21249939,0.00226286,0.12923137,0,0,0,0,0
1468,305625,-0.57898818,-0.38725112,1.01243216,-0.20283056,-0.00846330,0.12400171,0,0,0,0,0
1469,305833,-0.52854557,-0.45011171,1.01163448,-0.19019001,-0.01086001,0.12385893,0,0,0,0,0
1470,306041,-0.46787590,-0.50660079,1.02007161,-0.19074771,-0.02955098,0.14800085,0,0,0,0,0
1471,306250,-0.40898226,-0.55171008,1.01952226,-0.18426407,-0.03035246,0.15590269,0,0,0,0,0
1472,306458,-0.33847197,-0.60075454,1.00524438,-0.16604005,-0.04643817,0.17171118,0,0,0,0,0
1473,306666,-0.28393752,-0.66131205,0.98502055,-0.16225596,-0.07782944,0.18031277,0,0,0,0,0
1474,306875,-0.22445825,-0.69834027,0.98395264,-0.16789204,-0.08034479,0.17749234,0,0,0,0,0
1475,307083,-0.15713411,-0.74217011,0.95993476,-0.13986567,-0.08939348,0.18371367,0,0,0,0,0
1476,307291,-0.09038225,-0.79431794,0.92977881,-0.12457038,-0.08712913,0.17425873,0,0,0,0,0
1477,307500,-0.02849765,-0.81842299,0.90093527,-0.12867056,-0.11418144,0.18612402,0,0,0,0,0
1478,307708,0.03592137,-0.85875456,0.87760548,-0.09048360,-0.12023584,0.18129860,0,0,0,0,0
1479,307916,0.10167718,-0.87719743,0.83921118,-0.09831454,-0.13967080,0.19829722,0,0,0,0,0
1480,308125,0.16902027,-0.90874659,0.80089594,-0.07141227,-0.13781897,0.18035520,0,0,0,0,0
1481,308333,0.23055208,-0.91881648,0.74672150,-0.07840074,-0.16170589,0.17571759,0,0,0,0,0
1482,308541,0.29147863,-0.94887386,0.71067110,-0.04614627,-0.16475275,0.18449462,0,0,0,0,0
1483,308750,0.35110316,-0.96525846,0.65328457,-0.02594374,-0.15224241,0.19095792,0,0,0,0,0
1484,308958,0.41618735,-0.96888194,0.59920291,-0.03250282,-0.16254455,0.18233210,0,0,0,0,0
1485,309166,0.47046900,-0.97296218,0.55128185,-0.00604232,-0.16321870,0.17647267,0,0,0,0,0
1486,309375,0.53121279,-0.97508007,0.49667372,0.00441331,-0.15924724,0.16896229,0,0,0,0,0
1487,309583,0.59005982,-0.97672853,0.43520959,0.01228867,-0.17673603,0.15718221,0,0,0,0,0
1488,309791,0.62808742,-0.96361347,0.37446432,0.03926956,-0.18714128,0.17349959,0,0,0,0,0
1489,310000,0.68135794,-0.96180332,0.30579545,0.05019537,-0.19769083,0.16835322,0,0,0,0,0
1490,310208,0.72070072,-0.95148937,0.23814183,0.06565632,-0.19898301,0.12936647,0,0,0,0,0
1491,310416,0.77059626,-0.91838052,0.18572200,0.07096428,-0.19384463,0.13502283,0,0,0,0,0
1492,310625,0.82113777,-0.88502642,0.11948321,0.10505949,-0.19395499,0.14297216,0,0,0,0,0
1493,310833,0.85114900,-0.86516708,0.05021134,0.10567270,-0.18302016,0.12231320,0,0,0,0,0
1494,311041,0.87774141,-0.84039803,-0.01537153,0.11986129,-0.19785095,0.12370264,0,0,0,0,0
1495,311250,0.91255038,-0.80281953,-0.07836245,0.12497540,-0.19108624,0.09840322,0,0,0,0,0
1496,311458,0.92989829,-0.76244765,-0.14636269,0.15853591,-0.17743152,0.08956609,0,0,0,0,0
1497,311666,0.95120912,-0.72501034,-0.20563069,0.14670540,-0.19056054,0.07548664,0,0,0,0,0
1498,311875,0.97736865,-0.68040498,-0.26951076,0.15553358,-0.15516613,0.07444251,0,0,0,0,0
1499,312083,0.98561112,-0.62569744,-0.33672913,0.18439851,-0.15450908,0.06374515,0,0,0,0,0
1500,312291,0.99491627,-0.57487547,-0.39913405,0.18895920,-0.15376517,0.03951752,0,0,0,0,0
1501,312500,1.00037669,-0.52866506,-0.45678098,0.21046217,-0.15811533,0.02893985,0,0,0,0,0
1502,312708,0.99963441,-0.47556854,-0.53075440,0.22911926,-0.14080742,0.02247720,0,0,0,0,0
1503,312916,1.00341549,-0.41239341,-0.57276473,0.23483643,-0.12331381,0.01085495,0,0,0,0,0
1504,313125,0.98126401,-0.35418828,-0.63417463,0.23875929,-0.12737560,-0.00575975,0,0,0,0,0
1505,313333,0.97193774,-0.28794144,-0.67506840,0.22595003,-0.12782772,-0.00416137,0,0,0,0,0
1506,313541,0.96024613,-0.23256651,-0.72082422,0.25003364,-0.09681312,-0.02615214,0,0,0,0,0
1507,313750,0.93229696,-0.16374416,-0.78315003,0.23815945,-0.08823609,-0.03180783,0,0,0,0,0
1508,313958,0.90929755,-0.09902152,-0.80882054,0.23308847,-0.08600056,-0.04030390,0,0,0,0,0
1509,314166,0.88846154,-0.03227107,-0.85101491,0.25047401,-0.04730379,-0.06407046,0,0,0,0,0
1510,314375,0.84722159,0.02846046,-0.88264095,0.24014229,-0.06836390,-0.06021193,0,0,0,0,0
1511,314583,0.81916941,0.09047295,-0.91096617,0.24129460,-0.03536744,-0.07397411,0,0,0,0,0
1512,314791,0.76852910,0.15707956,-0.94168995,0.24712755,-0.03132255,-0.08450561,0,0,0,0,0
1513,315000,0.74239281,0.22164321,-0.96485636,0.24488363,-0.02264858,-0.10328724,0,0,0,0,0
1514,315208,0.68924545,0.29559785,-0.98991951,0.23002265,0.00925507,-0.09500807,0,0,0,0,0
1515,315416,0.64012322,0.34485365,-1.00274991,0.22975955,0.01053127,-0.12924023,0,0,0,0,0
1516,315625,0.58264297,0.41729205,-0.99830951,0.23230092,0.00584417,-0.12241623,0,0,0,0,0
1517,315833,0.53001248,0.46663353,-1.00892524,0.20990766,0.02093338,-0.13697260,0,0,0,0,0
1518,316041,0.48643954,0.52091230,-1.01279749,0.19477176,0.03353483,-0.13930888,0,0,0,0,0
1519,316250,0.40832255,0.57377412,-1.01678263,0.19866140,0.05911305,-0.15476820,0,0,0,0,0
1520,316458,0.34989913,0.62339565,-1.00281117,0.19273095,0.06381539,-0.15224610,0,0,0,0,0
1521,316666,0.28837820,0.67676022,-0.99513789,0.18659707,0.06449220,-0.15951808,0,0,0,0,0
1522,316875,0.22688632,0.72323833,-0.96606430,0.20201066,0.09504612,-0.16556053,0,0,0,0,0
1523,317083,0.16445695,0.76634701,-0.95045057,0.16314401,0.12283330,-0.14641206,0,0,0,0,0
1524,317291,0.09781496,0.81668631,-0.93774154,0.15934243,0.14025795,-0.15906639,0,0,0,0,0
1525,317500,0.02391286,0.84839956,-0.90955644,0.14249208,0.14727510,-0.15343044,0,0,0,0,0
1526,317708,-0.03291351,0.87415746,-0.87554134,0.14308757,0.14913975,-0.14663982,0,0,0,0,0
1527,317916,-0.09872945,0.90016885,-0.83279617,0.13501016,0.17166887,-0.14587944,0,0,0,0,0
1528,318125,-0.16740532,0.91982642,-0.79500425,0.12569938,0.19068519,-0.14834715,0,0,0,0,0
1529,318333,-0.23529456,0.94899757,-0.76923349,0.10854253,0.18582310,-0.15170814,0,0,0,0,0
1530,318541,-0.29404840,0.96948260,-0.71079147,0.09409927,0.18980584,-0.14649401,0,0,0,0,0
1531,318750,-0.35890193,0.98389952,-0.65855330,0.05541111,0.21513230,-0.13814001,0,0,0,0,0
1532,318958,-0.41824538,0.98331813,-0.61405325,0.07277289,0.19907710,-0.12662801,0,0,0,0,0
1533,319166,-0.47669146,0.98394741,-0.55623390,0.06488940,0.22023262,-0.15704881,0,0,0,0,0
1534,319375,-0.53800980,0.99118715,-0.49317121,0.02855485,0.18813253,-0.12594849,0,0,0,0,0
1535,319583,-0.58815347,0.98973324,-0.43728973,0.01286451,0.22079400,-0.13716903,0,0,0,0,0
1536,319791,-0.63532731,0.97759471,-0.38164833,-0.00419486,0.20688319,-0.12509694,0,0,0,0,0
1537,320000,-0.68703539,0.96926538,-0.32074486,-0.00160349,0.24051999,-0.11593683,0,0,0,0,0
1538,320208,-0.73833200,0.94975352,-0.25976659,-0.03328430,0.22750297,-0.10794557,0,0,0,0,0
1539,320416,-0.78250508,0.93035584,-0.19299183,-0.03703608,0.24346684,-0.10541278,0,0,0,0,0
1540,320625,-0.81317966,0.90593419,-0.13229361,-0.06401337,0.23134563,-0.07915588,0,0,0,0,0
1541,320833,-0.86356920,0.87561777,-0.06112822,-0.05796457,0.23133113,-0.07585274,0,0,0,0,0
1542,321041,-0.88964224,0.83700601,-0.00640946,-0.07910036,0.22764860,-0.07634481,0,0,0,0,0
1543,321250,-0.91666760,0.81328832,0.06074176,-0.08500626,0.23703124,-0.04570793,0,0,0,0,0
1544,321458,-0.95425804,0.76464906,0.12662763,-0.10787468,0.23098084,-0.05781789,0,0,0,0,0
1545,321666,-0.97158424,0.71307748,0.19909983,-0.11845397,0.21392805,-0.04722951,0,0,0,0,0
1546,321875,-0.98308090,0.67822260,0.26049750,-0.12886483,0.21639937,-0.02682505,0,0,0,0,0
1547,322083,-1.00596662,0.63184455,0.32054352,-0.14317138,0.20403989,-0.02171274,0,0,0,0,0
1548,322291,-1.01103281,0.58326885,0.38201428,-0.15479502,0.19908060,0.00023854,0,0,0,0,0
1549,322500,-1.02391479,0.52562834,0.42994374,-0.16914616,0.19124061,0.00561518,0,0,0,0,0
1550,322708,-1.01976722,0.46877021,0.50099181,-0.16142273,0.18202094,0.02426081,0,0,0,0,0
1551,322916,-1.00724882,0.41083267,0.54790696,-0.17197293,0.18555410,0.02424005,0,0,0,0,0
1552,323125,-1.01257805,0.34636393,0.60337247,-0.18692641,0.17595718,0.06331725,0,0,0,0,0
1553,323333,-1.00235854,0.28635322,0.67303864,-0.18165182,0.14357336,0.05199503,0,0,0,0,0
1554,323541,-0.97794552,0.22924172,0.70779711,-0.17961636,0.14677418,0.08263511,0,0,0,0,0
1555,323750,-0.95448078,0.15798753,0.75084981,-0.20536783,0.16473423,0.06570096,0,0,0,0,0
1556,323958,-0.93489097,0.09606889,0.79058548,-0.19882168,0.14094270,0.10762126,0,0,0,0,0
1557,324166,-0.90533519,0.02753518,0.83606420,-0.20027638,0.13889485,0.09838401,0,0,0,0,0
1558,324375,-0.86762620,-0.03942683,0.85888240,-0.20919966,0.09598476,0.10689019,0,0,0,0,0
1559,324583,-0.82907421,-0.10305401,0.89223872,-0.21526190,0.09068504,0.09319966,0,0,0,0,0
1560,324791,-0.79296862,-0.16846078,0.92761818,-0.17638508,0.07392864,0.11411877,0,0,0,0,0
1561,325000,-0.74784469,-0.23311956,0.94458849,-0.19534670,0.07013791,0.12624926,0,0,0,0,0
1562,325208,-0.70657312,-0.29487945,0.96512094,-0.19570723,0.05934288,0.13279776,0,0,0,0,0
1563,325416,-0.66039010,-0.36839702,0.97446661,-0.18937062,0.04795044,0.15781971,0,0,0,0,0
1564,325625,-0.61272149,-0.42202619,0.99044742,-0.16442227,0.02369705,0.15415685,0,0,0,0,0
1565,325833,-0.55755349,-0.47643531,0.99055124,-0.18633851,0.00642612,0.16476606,0,0,0,0,0
1566,326041,-0.49425158,-0.52944173,0.98654026,-0.17863478,-0.01162670,0.17201596,0,0,0,0,0
1567,326250,-0.42789637,-0.59730182,0.99662081,-0.17297617,-0.02034529,0.14231829,0,0,0,0,0
1568,326458,-0.37792721,-0.64909751,0.97998698,-0.15664205,-0.02878060,0.17427229,0,0,0,0,0
1569,326666,-0.29502324,-0.69204914,0.96679569,-0.15838220,-0.04345205,0.19968099,0,0,0,0,0
1570,326875,-0.24708658,-0.73455377,0.95271288,-0.16971748,-0.05384127,0.19041184,0,0,0,0,0
1571,327083,-0.18600615,-0.78671712,0.93845956,-0.16455918,-0.07814789,0.18398190,0,0,0,0,0
1572,327291,-0.11781176,-0.83186441,0.91100797,-0.12885764,-0.08837286,0.17921955,0,0,0,0,0
1573,327500,-0.04910772,-0.85797017,0.89672320,-0.12859406,-0.12429884,0.18990331,0,0,0,0,0
1574,327708,0.02445969,-0.89615133,0.86197071,-0.12578155,-0.11288296,0.17880707,0,0,0,0,0
1575,327916,0.08433580,-0.91289036,0.82229671,-0.12122196,-0.12407696,0.16808022,0,0,0,0,0
1576,328125,0.14314027,-0.94648256,0.77883363,-0.08609073,-0.12935529,0.16969577,0,0,0,0,0
1577,328333,0.22295197,-0.97291336,0.74662719,-0.09087729,-0.13707202,0.17041330,0,0,0,0,0
1578,328541,0.27484248,-0.98871755,0.69850498,-0.07695008,-0.18022801,0.17083827,0,0,0,0,0
1579,328750,0.33634604,-0.99668488,0.64549270,-0.06235582,-0.16949749,0.13987774,0,0,0,0,0
1580,328958,0.40375427,-1.00811770,0.59940912,-0.05404797,-0.19177292,0.15052383,0,0,0,0,0
1581,329166,0.46569672,-1.01079874,0.54590838,-0.05017761,-0.20188509,0.15376018,0,0,0,0,0
1582,329375,0.52294709,-0.99731692,0.48535241,-0.03484854,-0.20894241,0.13246273,0,0,0,0,0
1583,329583,0.56465721,-1.01351650,0.42444258,-0.01338391,-0.21754118,0.12991177,0,0,0,0,0
1584,329791,0.63446970,-0.99657003,0.37796493,0.00194602,-0.22070532,0.14107476,0,0,0,0,0
1585,330000,0.67146465,-0.98147148,0.31462104,0.01634457,-0.22893174,0.11899250,0,0,0,0,0
1586,330208,0.72746785,-0.96561567,0.24818532,0.01016161,-0.22433638,0.10034854,0,0,0,0,0
1587,330416,0.77118404,-0.95589491,0.18845035,0.03193232,-0.22533070,0.08402655,0,0,0,0,0
1588,330625,0.81325944,-0.92550338,0.12655476,0.03361051,-0.22252663,0.08686185,0,0,0,0,0
1589,330833,0.84712906,-0.90442040,0.05588224,0.05165961,-0.22996676,0.07115188,0,0,0,0,0
1590,331041,0.88836199,-0.86063892,-0.00801959,0.06119628,-0.23610842,0.07809615,0,0,0,0,0
1591,331250,0.91337612,-0.83059488,-0.06195612,0.07432356,-0.22713361,0.04602689,0,0,0,0,0
1592,331458,0.94697213,-0.78686714,-0.13797725,0.09412513,-0.22187576,0.04980668,0,0,0,0,0
1593,331666,0.95710023,-0.73862780,-0.18880639,0.08673604,-0.22309154,0.02767058,0,0,0,0,0
1594,331875,0.99031195,-0.69815909,-0.24417528,0.12504355,-0.21986700,0.00997540,0,0,0,0,0
1595,332083,0.98719923,-0.64923327,-0.32129381,0.12786632,-0.19324280,-0.00197395,0,0,0,0,0
1596,332291,1.01471446,-0.59972442,-0.39161778,0.10882863,-0.22115136,-0.00035924,0,0,0,0,0
1597,332500,1.00957222,-0.53809451,-0.44235909,0.13709626,-0.19998949,-0.01895179,0,0,0,0,0
1598,332708,1.01585765,-0.49056917,-0.49847717,0.13070638,-0.20074369,-0.03854458,0,0,0,0,0
1599,332916,1.00879532,-0.42698364,-0.55415902,0.15325577,-0.21156723,-0.06062486,0,0,0,0,0
1600,333125,0.99941757,-0.36564136,-0.59975453,0.14180755,-0.20420724,-0.06069406,0,0,0,0,0
1601,333333,0.99048901,-0.30247610,-0.65861063,0.17284453,-0.19756448,-0.08003640,0,0,0,0,0
1602,333541,0.98107276,-0.24099753,-0.70101440,0.17726074,-0.16969232,-0.09814208,0,0,0,0,0
1603,333750,0.95923155,-0.18272235,-0.74530617,0.16321093,-0.17711440,-0.11536621,0,0,0,0,0
1604,333958,0.93965812,-0.11205109,-0.78591948,0.17115370,-0.15268549,-0.12357747,0,0,0,0,0
1605,334166,0.90830162,-0.05410697,-0.83012062,0.15706618,-0.14061987,-0.13986580,0,0,0,0,0
1606,334375,0.87575619,0.01946851,-0.85450193,0.16364831,-0.13710836,-0.14811442,0,0,0,0,0
1607,334583,0.84697855,0.09039168,-0.89415030,0.16608815,-0.12451526,-0.12322731,0,0,0,0,0
1608,334791,0.80212085,0.15824404,-0.91318926,0.14975812,-0.10195127,-0.17850516,0,0,0,0,0
1609,335000,0.75262090,0.21554062,-0.93463470,0.17885376,-0.10853758,-0.16081378,0,0,0,0,0
1610,335208,0.70598232,0.29347519,-0.96001286,0.16038002,-0.08696560,-0.17377521,0,0,0,0,0
1611,335416,0.67300150,0.33878922,-0.97403385,0.16741131,-0.09712537,-0.20302453,0,0,0,0,0
1612,335625,0.61203543,0.41058676,-0.97976024,0.14858724,-0.05851673,-0.18672772,0,0,0,0,0
1613,335833,0.55888453,0.47105141,-0.97745046,0.13836643,-0.03365344,-0.18107542,0,0,0,0,0
1614,336041,0.49931814,0.52906109,-0.98163312,0.14084390,-0.02385161,-0.20790168,0,0,0,0,0
1615,336250,0.43588226,0.58378723,-0.97498575,0.14343147,-0.01899130,-0.20329395,0,0,0,0,0
1616,336458,0.39306488,0.63527676,-0.96682167,0.12081520,-0.00517474,-0.21759916,0,0,0,0,0
1617,336666,0.31483931,0.69359649,-0.95677067,0.12343214,0.03121043,-0.21423741,0,0,0,0,0
1618,336875,0.25255448,0.72719681,-0.94467194,0.10790678,0.03589395,-0.23817036,0,0,0,0,0
1619,337083,0.19128764,0.77481022,-0.94072541,0.08506048,0.04491463,-0.21920723,0,0,0,0,0
1620,337291,0.12518725,0.81769274,-0.89712249,0.09507365,0.06491610,-0.21794331,0,0,0,0,0
1621,337500,0.05887273,0.85353589,-0.86106066,0.09187558,0.06621784,-0.22045190,0,0,0,0,0
1622,337708,-0.00059826,0.88306629,-0.84499766,0.08210745,0.08313168,-0.19871953,0,0,0,0,0
1623,337916,-0.06406955,0.92049386,-0.80635874,0.07026282,0.08941950,-0.21062398,0,0,0,0,0
1624,338125,-0.13500634,0.94459152,-0.75864062,0.06455295,0.11719931,-0.20807017,0,0,0,0,0
1625,338333,-0.19762268,0.97370853,-0.72286190,0.04710896,0.10992013,-0.20630030,0,0,0,0,0
1626,338541,-0.26704378,0.98735307,-0.67792986,0.04789634,0.12487474,-0.20270273,0,0,0,0,0
1627,338750,-0.32157545,1.00263584,-0.63412278,0.02727789,0.14412535,-0.19521461,0,0,0,0,0
1628,338958,-0.38646697,1.01224663,-0.57956890,0.02826290,0.12394031,-0.19160976,0,0,0,0,0
1629,339166,-0.44595659,1.00758687,-0.52638227,-0.00582735,0.15076278,-0.17877751,0,0,0,0,0
1630,339375,-0.49633272,1.01240206,-0.46942355,-0.00334184,0.15798323,-0.17142416,0,0,0,0,0
1631,339583,-0.56333032,1.00965401,-0.41931741,-0.01158517,0.17669280,-0.15540949,0,0,0,0,0
1632,339791,-0.60365694,1.00962290,-0.34188794,-0.01615996,0.18348163,-0.16663590,0,0,0,0,0
1633,340000,-0.65926621,0.99340860,-0.29281509,-0.04585587,0.20753961,-0.16354379,0,0,0,0,0
1634,340208,-0.70877107,0.97694234,-0.23570483,-0.04029784,0.18335327,-0.14241100,0,0,0,0,0
1635,340416,-0.74201110,0.95658908,-0.17111115,-0.05867010,0.18136540,-0.13182044,0,0,0,0,0
1636,340625,-0.78802766,0.93814373,-0.10939067,-0.05633571,0.21138277,-0.11315810,0,0,0,0,0
1637,340833,-0.83840712,0.89969214,-0.04099869,-0.09847032,0.19456639,-0.12455801,0,0,0,0,0
1638,341041,-0.85938194,0.87288039,0.02294897,-0.09120713,0.20303103,-0.09898281,0,0,0,0,0
1639,341250,-0.89185521,0.84449735,0.09369276,-0.10345639,0.19636405,-0.07360968,0,0,0,0,0
1640,341458,-0.92795541,0.80046925,0.14629120,-0.11076993,0.20645216,-0.06268642,0,0,0,0,0
1641,341666,-0.94473452,0.75362461,0.20910106,-0.11280308,0.20178700,-0.04570319,0,0,0,0,0
1642,341875,-0.95905899,0.71132085,0.26851112,-0.11650052,0.19181290,-0.04657021,0,0,0,0,0
1643,342083,-0.98683147,0.65424352,0.34189280,-0.13579363,0.19221979,-0.05025988,0,0,0,0,0
1644,342291,-0.98413344,0.60696930,0.40363921,-0.16338895,0.18286077,-0.01066276,0,0,0,0,0
1645,342500,-0.99610184,0.55502914,0.44177141,-0.15880272,0.18333403,0.00672609,0,0,0,0,0
1646,342708,-0.99688024,0.49502117,0.51759992,-0.13039494,0.17270580,0.01066351,0,0,0,0,0
1647,342916,-0.98781431,0.44570444,0.56650086,-0.17750610,0.18573015,0.03595254,0,0,0,0,0
1648,343125,-0.99053450,0.37628187,0.62742493,-0.17108760,0.16171318,0.04845979,0,0,0,0,0
1649,343333,-0.98115011,0.32624670,0.68138113,-0.16932580,0.15288567,0.04709779,0,0,0,0,0
1650,343541,-0.95678565,0.25970027,0.70987620,-0.16909903,0.13210783,0.08633069,0,0,0,0,0
1651,343750,-0.94036321,0.18928545,0.75914487,-0.18630728,0.13161811,0.07457157,0,0,0,0,0
1652,343958,-0.91958827,0.12463873,0.80750816,-0.16582262,0.14054791,0.10995272,0,0,0,0,0
1653,344166,-0.89670692,0.06119934,0.84439814,-0.16691160,0.12482171,0.10664702,0,0,0,0,0
1654,344375,-0.86070728,-0.00050284,0.87169444,-0.17260386,0.11469345,0.12965450,0,0,0,0,0
1655,344583,-0.82679090,-0.07154265,0.90650005,-0.18312391,0.11653466,0.14070602,0,0,0,0,0
1656,344791,-0.78668839,-0.13210142,0.92973196,-0.17579028,0.11293692,0.15214622,0,0,0,0,0
1657,345000,-0.75172816,-0.20242129,0.95371955,-0.17237606,0.08144362,0.17313614,0,0,0,0,0
1658,345208,-0.70237226,-0.26350386,0.97133293,-0.16313674,0.07697299,0.18133123,0,0,0,0,0
1659,345416,-0.64901601,-0.32263584,0.97847669,-0.14136302,0.04703444,0.17514271,0,0,0,0,0
1660,345625,-0.60078337,-0.39046558,0.99200260,-0.14611912,0.06537212,0.19279148,0,0,0,0,0
1661,345833,-0.54803593,-0.45672156,0.99166268,-0.13627821,0.07149064,0.20675458,0,0,0,0,0
1662,346041,-0.49609864,-0.51031876,0.99667549,-0.13391258,0.02610982,0.21364751,0,0,0,0,0
1663,346250,-0.43800366,-0.55530859,0.98438234,-0.11281884,0.01208500,0.21992537,0,0,0,0,0
1664,346458,-0.37493712,-0.62063096,0.98188057,-0.13588958,0.00109357,0.22021401,0,0,0,0,0
1665,346666,-0.31215249,-0.67757811,0.96915371,-0.14985293,-0.00961011,0.23199499,0,0,0,0,0
1666,346875,-0.25330124,-0.72052290,0.95506574,-0.10412090,-0.02283018,0.23369257,0,0,0,0,0
1667,347083,-0.18424918,-0.76114221,0.92904199,-0.09508035,-0.03606467,0.23076713,0,0,0,0,0
1668,347291,-0.11959547,-0.79836919,0.90025468,-0.08627576,-0.06540694,0.22537704,0,0,0,0,0
1669,347500,-0.06058344,-0.83240121,0.87610770,-0.08331578,-0.06406148,0.24339600,0,0,0,0,0
1670,347708,0.01582305,-0.87587479,0.83703140,-0.07966157,-0.06846819,0.22251024,0,0,0,0,0
1671,347916,0.07050284,-0.89514698,0.80632936,-0.05744338,-0.09754693,0.21489002,0,0,0,0,0
1672,348125,0.13454389,-0.92435880,0.76120945,-0.04933241,-0.10941319,0.21841033,0,0,0,0,0
1673,348333,0.19950170,-0.94491844,0.72672300,-0.03205294,-0.11106839,0.22052390,0,0,0,0,0
1674,348541,0.25851994,-0.96359837,0.68587358,-0.01570762,-0.11303123,0.21277355,0,0,0,0,0
1675,348750,0.31792701,-0.98470497,0.63613320,0.00140550,-0.11738603,0.20414111,0,0,0,0,0
1676,348958,0.39188030,-0.98398514,0.57117093,0.01065494,-0.12420892,0.20753321,0,0,0,0,0
1677,349166,0.44936501,-0.99245622,0.52658362,0.01523772,-0.14857849,0.21545064,0,0,0,0,0
1678,349375,0.49680941,-1.00035639,0.48127567,0.03324084,-0.16608426,0.18549630,0,0,0,0,0
1679,349583,0.55867277,-0.99134582,0.40733800,0.03016616,-0.13820399,0.19464226,0,0,0,0,0
1680,349791,0.60422986,-0.97849582,0.35216993,0.04653465,-0.14738941,0.17515809,0,0,0,0,0
1681,350000,0.65180338,-0.97564827,0.29415219,0.08469219,-0.16915861,0.16767664,0,0,0,0,0
1682,350208,0.70233526,-0.97491562,0.21773607,0.09029035,-0.16100733,0.15350299,0,0,0,0,0
1683,350416,0.74602296,-0.95390823,0.16329794,0.07697938,-0.16874241,0.16065835,0,0,0,0,0
1684,350625,0.79282449,-0.92076363,0.10185542,0.09586391,-0.17524561,0.13274823,0,0,0,0,0
1685,350833,0.81321864,-0.89916358,0.03066636,0.13210585,-0.15632462,0.14055683,0,0,0,0,0
1686,351041,0.85729702,-0.86687331,-0.03990941,0.11623997,-0.18073329,0.12601628,0,0,0,0,0
1687,351250,0.89997094,-0.82699304,-0.09108165,0.11546485,-0.18725936,0.11950601,0,0,0,0,0
1688,351458,0.90360957,-0.79151930,-0.17074277,0.13855453,-0.16988098,0.08066532,0,0,0,0,0
1689,351666,0.93413401,-0.74355279,-0.23711623,0.14829744,-0.17452905,0.07145984,0,0,0,0,0
1690,351875,0.95352049,-0.69802362,-0.29604043,0.17388667,-0.16356422,0.07039912,0,0,0,0,0
1691,352083,0.96983103,-0.66028082,-0.35300133,0.18000847,-0.16418195,0.05984594,0,0,0,0,0
1692,352291,0.98257034,-0.60319766,-0.41947017,0.17516815,-0.16355968,0.05520699,0,0,0,0,0
1693,352500,0.98517296,-0.55402844,-0.47665856,0.18720070,-0.15331800,0.02879693,0,0,0,0,0
1694,352708,0.99366051,-0.49254954,-0.53132069,0.19781513,-0.16044761,0.00725852,0,0,0,0,0
1695,352916,0.98087760,-0.43970631,-0.57613909,0.20818822,-0.15408533,0.01188393,0,0,0,0,0
1696,353125,0.98073827,-0.37449526,-0.63306220,0.20211149,-0.13442637,-0.02053838,0,0,0,0,0
1697,353333,0.96317168,-0.31838745,-0.68412579,0.21238881,-0.12074739,-0.04371476,0,0,0,0,0
1698,353541,0.95207449,-0.24755292,-0.72401896,0.22606784,-0.13395909,-0.03953360,0,0,0,0,0
1699,353750,0.92508123,-0.19032438,-0.76765967,0.21129076,-0.10493207,-0.05642552,0,0,0,0,0
1700,353958,0.89990451,-0.13463299,-0.82161172,0.21385093,-0.10641246,-0.06135578,0,0,0,0,0
1701,354166,0.86997842,-0.05890745,-0.85906494,0.21708246,-0.08956062,-0.09326551,0,0,0,0,0
1702,354375,0.84367675,0.00231043,-0.89071812,0.20274516,-0.08277054,-0.09478719,0,0,0,0,0
1703,354583,0.80620227,0.05922768,-0.91585360,0.19614057,-0.06668903,-0.11419260,0,0,0,0,0
1704,354791,0.77273870,0.13293277,-0.93577303,0.20463642,-0.06881498,-0.11671869,0,0,0,0,0
1705,355000,0.73246217,0.20191959,-0.96986296,0.20150298,-0.07409287,-0.13770538,0,0,0,0,0
1706,355208,0.68910534,0.26673306,-0.98226393,0.18921339,-0.02703193,-0.14156395,0,0,0,0,0
1707,355416,0.63997513,0.32868564,-0.99567164,0.17742062,-0.03541001,-0.14071385,0,0,0,0,0
1708,355625,0.59045435,0.38628580,-0.99645109,0.17233854,-0.02320425,-0.16149348,0,0,0,0,0
1709,355833,0.53492514,0.44382339,-1.00372185,0.17228711,-0.01376218,-0.17451869,0,0,0,0,0
1710,356041,0.46999828,0.49843118,-1.01369639,0.15011534,0.01447122,-0.16521344,0,0,0,0,0
1711,356250,0.41899311,0.56218243,-0.99998982,0.16408593,0.00139008,-0.18772237,0,0,0,0,0
1712,356458,0.35402310,0.61399883,-0.99717555,0.16057904,0.01311396,-0.18983799,0,0,0,0,0
1713,356666,0.29535338,0.65729655,-0.98162618,0.12084048,0.03316730,-0.18828844,0,0,0,0,0
1714,356875,0.23290860,0.71441819,-0.97270354,0.13196546,0.05699247,-0.20188435,0,0,0,0,0
1715,357083,0.15676437,0.75521816,-0.95568241,0.12455210,0.05827177,-0.20350762,0,0,0,0,0
1716,357291,0.09937242,0.79558454,-0.92214260,0.11522121,0.06968400,-0.20478376,0,0,0,0,0
1717,357500,0.03707759,0.82769593,-0.89700583,0.07947479,0.07732545,-0.20068878,0,0,0,0,0
1718,357708,-0.03944039,0.87106845,-0.86055945,0.08185715,0.10748426,-0.17933770,0,0,0,0,0
1719,357916,-0.08371831,0.88647918,-0.82691800,0.06805271,0.11230879,-0.19103492,0,0,0,0,0
1720,358125,-0.15390821,0.90559709,-0.78366381,0.05943152,0.12589967,-0.19128809,0,0,0,0,0
1721,358333,-0.21739142,0.94263875,-0.73964887,0.03710181,0.12123484,-0.20884531,0,0,0,0,0
1722,358541,-0.27527223,0.96082080,-0.69094872,0.05372737,0.13411366,-0.20227888,0,0,0,0,0
1723,358750,-0.33795918,0.97416847,-0.64171096,0.02733086,0.15013539,-0.19003718,0,0,0,0,0
1724,358958,-0.39760534,0.98596049,-0.58657605,-0.00115459,0.14182407,-0.21180110,0,0,0,0,0
1725,359166,-0.45402380,0.99124276,-0.53806763,-0.01079091,0.16674978,-0.19784223,0,0,0,0,0
1726,359375,-0.51371039,0.99302302,-0.48788910,-0.00572465,0.16721235,-0.17399183,0,0,0,0,0
1727,359583,-0.56754696,0.98624070,-0.41748804,-0.03520999,0.18127234,-0.17076125,0,0,0,0,0
1728,359791,-0.61855663,0.97926981,-0.36041337,-0.03570935,0.18239935,-0.17293976,0,0,0,0,0
1729,360000,-0.67647395,0.96680283,-0.29566690,-0.05570902,0.16036893,-0.16223357,0,0,0,0,0
1730,360208,-0.72673943,0.95600441,-0.23210321,-0.08956962,0.17372967,-0.13999086,0,0,0,0,0
1731,360416,-0.76981901,0.92750335,-0.17343733,-0.09891379,0.15775357,-0.15628189,0,0,0,0,0
1732,360625,-0.79612909,0.90655680,-0.10862890,-0.11326149,0.16223953,-0.12324246,0,0,0,0,0
1733,360833,-0.83902623,0.87427917,-0.03166278,-0.10889229,0.17150821,-0.13016075,0,0,0,0,0
1734,361041,-0.87092230,0.85131571,0.01688743,-0.10610287,0.19337071,-0.12631540,0,0,0,0,0
1735,361250,-0.89822560,0.82116176,0.08655255,-0.13470269,0.17752838,-0.09893065,0,0,0,0,0
1736,361458,-0.91753267,0.77031940,0.15834371,-0.14849318,0.17903198,-0.10926748,0,0,0,0,0
1737,361666,-0.94297719,0.72436505,0.21744538,-0.15278160,0.16565471,-0.08870427,0,0,0,0,0
1738,361875,-0.96286110,0.68737753,0.27922100,-0.16936413,0.16275160,-0.07871405,0,0,0,0,0
1739,362083,-0.97524418,0.64147985,0.34882918,-0.18208945,0.16734999,-0.04756193,0,0,0,0,0
1740,362291,-0.97536371,0.58867372,0.41296044,-0.18641881,0.15292293,-0.05371961,0,0,0,0,0
1741,362500,-0.99651070,0.53050676,0.46655619,-0.18974723,0.14587651,-0.03874268,0,0,0,0,0
1742,362708,-0.98530432,0.48674316,0.51553840,-0.21059722,0.14605029,-0.02312270,0,0,0,0,0
1743,362916,-0.98855348,0.42552550,0.57966183,-0.22264400,0.12246971,-0.02757669,0,0,0,0,0
1744,363125,-0.98117010,0.37356951,0.63435258,-0.20915589,0.12696035,0.01738157,0,0,0,0,0
1745,363333,-0.96549105,0.30846228,0.67760676,-0.24551234,0.11904057,0.01789148,0,0,0,0,0
1746,363541,-0.96145890,0.23700699,0.73822870,-0.23989864,0.09033949,0.02709427,0,0,0,0,0
1747,363750,-0.93708761,0.18009258,0.77782016,-0.22856429,0.08814739,0.05211312,0,0,0,0,0
1748,363958,-0.90524825,0.11627056,0.81132767,-0.22046586,0.08362823,0.05382399,0,0,0,0,0
1749,364166,-0.87646699,0.05649902,0.85695384,-0.22680041,0.07609756,0.07153268,0,0,0,0,0
1750,364375,-0.84367688,-0.01976708,0.89096640,-0.23293325,0.07646963,0.07055468,0,0,0,0,0
1751,364583,-0.80712093,-0.08832772,0.91533337,-0.21653402,0.05265278,0.08405961,0,0,0,0,0
1752,364791,-0.76133577,-0.14676990,0.93836273,-0.22900853,0.04236189,0.10414973,0,0,0,0,0
1753,365000,-0.73198400,-0.21213641,0.96555587,-0.21029129,0.04744436,0.10613519,0,0,0,0,0
1754,365208,-0.68106572,-0.27555668,0.98181868,-0.21656169,0.03940614,0.10626746,0,0,0,0,0
1755,365416,-0.63056378,-0.33484613,1.00012385,-0.21843384,0.02785590,0.14617604,0,0,0,0,0
1756,365625,-0.58094000,-0.41114762,1.00676461,-0.19327639,-0.00583085,0.12680300,0,0,0,0,0
1757,365833,-0.52926132,-0.46159620,1.01575642,-0.17792138,-0.01694215,0.15788553,0,0,0,0,0
1758,366041,-0.47612985,-0.51213027,1.01510529,-0.19048150,-0.03846648,0.15482209,0,0,0,0,0
1759,366250,-0.41464833,-0.56769707,1.01413648,-0.16881022,-0.06132552,0.17427359,0,0,0,0,0
1760,366458,-0.34658777,-0.60927042,1.00537048,-0.19037335,-0.06181213,0.16880612,0,0,0,0,0
1761,366666,-0.27994707,-0.66847065,0.99533988,-0.17559875,-0.06979918,0.17122772,0,0,0,0,0
1762,366875,-0.23613884,-0.72156765,0.96948719,-0.16273619,-0.07473364,0.17984863,0,0,0,0,0
1763,367083,-0.16284606,-0.76135200,0.95901295,-0.14518191,-0.08143297,0.17722895,0,0,0,0,0
1764,367291,-0.10667514,-0.79266535,0.93925951,-0.12894037,-0.10319879,0.17982587,0,0,0,0,0
1765,367500,-0.03588163,-0.83514801,0.90741060,-0.13572229,-0.09947424,0.17664373,0,0,0,0,0
1766,367708,0.03450155,-0.87669168,0.86161810,-0.12216863,-0.13372462,0.18574495,0,0,0,0,0
1767,367916,0.09266789,-0.89211785,0.84199307,-0.09351120,-0.12123963,0.16921127,0,0,0,0,0
1768,368125,0.16109876,-0.91484435,0.79833158,-0.09837658,-0.15279194,0.18845101,0,0,0,0,0
1769,368333,0.22425018,-0.94236152,0.75698488,-0.06373518,-0.14855207,0.17634564,0,0,0,0,0
1770,368541,0.29108256,-0.96187628,0.70180277,-0.07188293,-0.15968712,0.18160953,0,0,0,0,0
1771,368750,0.34957150,-0.96818162,0.64957495,-0.03943624,-0.15799066,0.16149853,0,0,0,0,0
1772,368958,0.41760309,-0.99163251,0.61271695,-0.02885697,-0.16247854,0.18557104,0,0,0,0,0
1773,369166,0.46977536,-0.98298166,0.54838254,-0.02173404,-0.19427145,0.16852998,0,0,0,0,0
1774,369375,0.52214477,-0.98747611,0.48986775,-0.00569781,-0.21343799,0.17795624,0,0,0,0,0
1775,369583,0.57296354,-0.97994041,0.42738533,0.00810178,-0.19794361,0.15055003,0,0,0,0,0
1776,369791,0.62846368,-0.98243838,0.36604286,0.03272608,-0.19653259,0.13809073,0,0,0,0,0
1777,370000,0.68111378,-0.96523467,0.31290969,0.01390966,-0.20417341,0.14101398,0,0,0,0,0
1778,370208,0.73121405,-0.94400858,0.25438728,0.04624522,-0.17754161,0.14333761,0,0,0,0,0
1779,370416,0.77585034,-0.92589014,0.18720054,0.06498348,-0.20267653,0.13997104,0,0,0,0,0
1780,370625,0.81720448,-0.91679370,0.12022904,0.08813722,-0.20310504,0.11296146,0,0,0,0,0
1781,370833,0.85238297,-0.87179456,0.06261505,0.08289342,-0.22084088,0.12017258,0,0,0,0,0
1782,371041,0.88778885,-0.83867768,-0.00202215,0.07989859,-0.21164354,0.10288231,0,0,0,0,0
1783,371250,0.91086135,-0.80622058,-0.07952616,0.08746465,-0.19874564,0.09808248,0,0,0,0,0
1784,371458,0.93739822,-0.76886716,-0.13887918,0.12497616,-0.19683319,0.06611494,0,0,0,0,0
1785,371666,0.95704766,-0.72183803,-0.20367487,0.12251858,-0.19490773,0.05793508,0,0,0,0,0
1786,371875,0.97374574,-0.68083553,-0.26956613,0.14447995,-0.17783547,0.04039935,0,0,0,0,0
1787,372083,0.99810550,-0.64207210,-0.32830437,0.14489810,-0.19131481,0.04067122,0,0,0,0,0
1788,372291,0.99961176,-0.58590381,-0.38451600,0.16447930,-0.17372846,0.03796353,0,0,0,0,0
1789,372500,0.99985444,-0.52104857,-0.46180909,0.19741219,-0.17723162,0.02787529,0,0,0,0,0
1790,372708,1.00193880,-0.47422404,-0.50841261,0.19956806,-0.13446178,-0.00465991,0,0,0,0,0
1791,372916,1.01309412,-0.41403948,-0.56458437,0.19471430,-0.16213678,-0.00655885,0,0,0,0,0
1792,373125,0.99590589,-0.36382307,-0.61991181,0.19898125,-0.12489866,-0.01946778,0,0,0,0,0
1793,373333,0.98473075,-0.29138748,-0.66557285,0.19842568,-0.13897889,-0.05366890,0,0,0,0,0
1794,373541,0.96325275,-0.22829632,-0.71861226,0.21721151,-0.13355807,-0.04543066,0,0,0,0,0
1795,373750,0.93415034,-0.15597211,-0.76570223,0.21098963,-0.11778438,-0.07860045,0,0,0,0,0
1796,373958,0.91424145,-0.09861054,-0.79958207,0.22970855,-0.11895996,-0.07260328,0,0,0,0,0
1797,374166,0.88867701,-0.03250022,-0.84793502,0.21786389,-0.10665517,-0.08899137,0,0,0,0,0
1798,374375,0.85638751,0.01912101,-0.87949718,0.21767066,-0.07080441,-0.08710155,0,0,0,0,0
1799,374583,0.82338159,0.09092079,-0.91081032,0.19780139,-0.07196270,-0.09609504,0,0,0,0,0
1800,374791,0.78803900,0.16943004,-0.92474971,0.20638225,-0.05621236,-0.09933046,0,0,0,0,0
1801,375000,0.74109482,0.22784400,-0.95507069,0.22760016,-0.05852421,-0.12193400,0,0,0,0,0
1802,375208,0.69704597,0.28926294,-0.98111288,0.18968536,-0.03469360,-0.12853078,0,0,0,0,0
1803,375416,0.65046530,0.35828698,-0.98704867,0.19809821,-0.02735282,-0.14894969,0,0,0,0,0
1804,375625,0.60130323,0.40572756,-1.00375542,0.19326377,-0.02229311,-0.15462571,0,0,0,0,0
1805,375833,0.53498331,0.47085472,-1.00215610,0.19246453,0.03076014,-0.16108387,0,0,0,0,0
1806,376041,0.48483736,0.52834103,-1.01139007,0.18761990,-0.00028050,-0.16351020,0,0,0,0,0
1807,376250,0.42604752,0.57988439,-1.00915415,0.17160775,0.02945869,-0.14720587,0,0,0,0,0
1808,376458,0.36411285,0.62553820,-0.99046227,0.17856599,0.04928263,-0.17028874,0,0,0,0,0
1809,376666,0.29820187,0.68943553,-0.98550826,0.15605935,0.06172057,-0.16104803,0,0,0,0,0
1810,376875,0.23141040,0.72874441,-0.96028627,0.16003462,0.06876194,-0.17035972,0,0,0,0,0
1811,377083,0.17052004,0.77361354,-0.95778301,0.13034489,0.08083364,-0.16887519,0,0,0,0,0
1812,377291,0.10692251,0.80770199,-0.92007340,0.12933679,0.10418165,-0.17479338,0,0,0,0,0
1813,377500,0.04503753,0.84375092,-0.89777155,0.11262117,0.10604780,-0.17675650,0,0,0,0,0
1814,377708,-0.02707996,0.87829538,-0.86021590,0.12076719,0.13691344,-0.17219986,0,0,0,0,0
1815,377916,-0.09801063,0.90767050,-0.83089679,0.11095835,0.13893642,-0.17962533,0,0,0,0,0
1816,378125,-0.16239826,0.93944586,-0.78708582,0.09300641,0.14543432,-0.17516444,0,0,0,0,0
1817,378333,-0.22778694,0.95690644,-0.74946266,0.08828079,0.15839032,-0.16662925,0,0,0,0,0
1818,378541,-0.28566379,0.96720337,-0.70226896,0.06170808,0.17194418,-0.16249694,0,0,0,0,0
1819,378750,-0.35419150,0.97777798,-0.64781870,0.07327898,0.18885103,-0.18041563,0,0,0,0,0
1820,378958,-0.41184360,0.99903032,-0.60286550,0.05671068,0.18810071,-0.16678738,0,0,0,0,0
1821,379166,-0.45876729,1.00445642,-0.55246686,0.02477945,0.19397819,-0.14640861,0,0,0,0,0
1822,379375,-0.52465886,0.99839020,-0.49797202,0.00838668,0.20823911,-0.14024664,0,0,0,0,0
1823,379583,-0.57824292,0.99320984,-0.43256525,0.00154649,0.19127487,-0.15853119,0,0,0,0,0
1824,379791,-0.63766426,0.98877578,-0.36944721,-0.00504356,0.20559419,-0.13420529,0,0,0,0,0
1825,380000,-0.68131778,0.97667599,-0.31030692,-0.01970371,0.21400142,-0.09463352,0,0,0,0,0
1826,380208,-0.73650802,0.96140961,-0.24233503,-0.04467951,0.21021348,-0.10960026,0,0,0,0,0
1827,380416,-0.77165240,0.94479085,-0.18604596,-0.05108962,0.22855858,-0.12401219,0,0,0,0,0
1828,380625,-0.81950314,0.91973155,-0.12613267,-0.05585696,0.22276442,-0.10121160,0,0,0,0,0
1829,380833,-0.84414537,0.89050607,-0.05188254,-0.07511441,0.21128767,-0.09066197,0,0,0,0,0
1830,381041,-0.87499947,0.84865847,-0.00062584,-0.08162905,0.20922691,-0.08397063,0,0,0,0,0
1831,381250,-0.91806522,0.82030594,0.06684675,-0.08404526,0.21962583,-0.06064469,0,0,0,0,0
1832,381458,-0.94893353,0.77983160,0.13575732,-0.11129916,0.22343329,-0.04734100,0,0,0,0,0
1833,381666,-0.96564923,0.72897789,0.19421782,-0.10699364,0.21401984,-0.05189495,0,0,0,0,0
1834,381875,-0.98984478,0.68766309,0.26523413,-0.12708760,0.23458508,-0.02747024,0,0,0,0,0
1835,382083,-0.99735019,0.64329360,0.32253625,-0.13834782,0.20134575,-0.02794911,0,0,0,0,0
1836,382291,-1.00982117,0.58231889,0.39084437,-0.16064854,0.19138375,-0.00871502,0,0,0,0,0
1837,382500,-1.00516738,0.53251505,0.44728241,-0.14876570,0.20358937,0.02190685,0,0,0,0,0
1838,382708,-1.02243329,0.47972703,0.51174687,-0.14559628,0.18640364,0.01002841,0,0,0,0,0
1839,382916,-1.01545005,0.41882097,0.54876896,-0.18333055,0.18860842,0.04090700,0,0,0,0,0
1840,383125,-0.99702761,0.36610601,0.61290233,-0.18892212,0.18110071,0.03284314,0,0,0,0,0
1841,383333,-0.99260389,0.30251074,0.66153178,-0.16947665,0.15449248,0.05252130,0,0,0,0,0
1842,383541,-0.96592165,0.22898674,0.70896443,-0.18266124,0.14296519,0.06423769,0,0,0,0,0
1843,383750,-0.95310160,0.16678129,0.75069053,-0.19874228,0.14677008,0.07414444,0,0,0,0,0
1844,383958,-0.92785205,0.11151732,0.79556954,-0.17672718,0.12172444,0.08022739,0,0,0,0,0
1845,384166,-0.89914393,0.04282573,0.82179314,-0.19856761,0.11524847,0.09243850,0,0,0,0,0
1846,384375,-0.86665593,-0.04052726,0.85571509,-0.19313905,0.09045284,0.09772170,0,0,0,0,0
1847,384583,-0.83395698,-0.08500625,0.89188464,-0.18856503,0.09778345,0.11789126,0,0,0,0,0
1848,384791,-0.79450204,-0.15772570,0.91236088,-0.18205207,0.10305711,0.12679453,0,0,0,0,0
1849,385000,-0.74502543,-0.22299401,0.94665672,-0.18225490,0.07704818,0.14503730,0,0,0,0,0
1850,385208,-0.70907761,-0.29128978,0.95789204,-0.16239685,0.04798768,0.16796458,0,0,0,0,0
1851,385416,-0.65577015,-0.34337162,0.97641251,-0.16509150,0.07223707,0.16799503,0,0,0,0,0
1852,385625,-0.60708186,-0.40839470,0.98782451,-0.15835077,0.03142831,0.17416699,0,0,0,0,0
1853,385833,-0.54763046,-0.47119607,0.99084791,-0.17538219,0.02407539,0.17098925,0,0,0,0,0
1854,386041,-0.48781373,-0.54169647,0.99591125,-0.15973826,0.01211301,0.18877345,0,0,0,0,0
1855,386250,-0.43802140,-0.58559462,0.98690107,-0.13986848,0.00225394,0.19513534,0,0,0,0,0
1856,386458,-0.37955019,-0.64120578,0.98137374,-0.15397894,-0.01700006,0.18668618,0,0,0,0,0
1857,386666,-0.31595783,-0.68753185,0.96739487,-0.14678615,-0.03835119,0.20612745,0,0,0,0,0
1858,386875,-0.24381356,-0.73680666,0.95877324,-0.12617559,-0.05199078,0.19338564,0,0,0,0,0
1859,387083,-0.18233523,-0.77197725,0.92754157,-0.12284980,-0.07326914,0.19381869,0,0,0,0,0
1860,387291,-0.11842058,-0.80845506,0.91230573,-0.11948133,-0.09048488,0.19991867,0,0,0,0,0
1861,387500,-0.05306691,-0.85326087,0.89046631,-0.10792544,-0.09625026,0.18176675,0,0,0,0,0
1862,387708,0.01035213,-0.89172642,0.85376227,-0.11979279,-0.09010441,0.18706190,0,0,0,0,0
1863,387916,0.08395045,-0.91701977,0.81335800,-0.09535445,-0.12796126,0.18829471,0,0,0,0,0
1864,388125,0.14577218,-0.94289909,0.77945037,-0.09037447,-0.14166695,0.18036948,0,0,0,0,0
1865,388333,0.21825559,-0.95436671,0.73252953,-0.05512238,-0.13721141,0.18820624,0,0,0,0,0
1866,388541,0.27261913,-0.97959764,0.69604560,-0.06161980,-0.13882537,0.17164967,0,0,0,0,0
1867,388750,0.33622781,-0.98607947,0.64464012,-0.04709177,-0.16536834,0.16976844,0,0,0,0,0
1868,388958,0.39329898,-1.00982885,0.59212177,-0.02451692,-0.17744954,0.18037304,0,0,0,0,0
1869,389166,0.45138622,-1.00797873,0.54471373,-0.00721957,-0.17256036,0.16624181,0,0,0,0,0
1870,389375,0.51137576,-1.01421528,0.48207282,-0.00704933,-0.18241399,0.16806227,0,0,0,0,0
1871,389583,0.57268234,-1.00639381,0.41644522,-0.00514814,-0.17602477,0.16028174,0,0,0,0,0
1872,389791,0.61703892,-0.99570769,0.36434535,0.01085300,-0.18539621,0.16523942,0,0,0,0,0
1873,390000,0.66706970,-0.99390718,0.30148737,0.03199204,-0.21535079,0.13509960,0,0,0,0,0
1874,390208,0.70970576,-0.97299517,0.24041047,0.04461912,-0.21724266,0.11838865,0,0,0,0,0
1875,390416,0.77358765,-0.95089923,0.17979503,0.04519647,-0.23793131,0.10522037,0,0,0,0,0
1876,390625,0.79937410,-0.92458558,0.11691686,0.04413371,-0.21008868,0.10522538,0,0,0,0,0
1877,390833,0.83296280,-0.90484903,0.04370049,0.05957036,-0.22061402,0.11088389,0,0,0,0,0
1878,391041,0.87518251,-0.86280283,-0.01525436,0.07462218,-0.19300475,0.09512807,0,0,0,0,0
1879,391250,0.90599048,-0.82672437,-0.08075291,0.09471609,-0.21676086,0.07466222,0,0,0,0,0
1880,391458,0.93529777,-0.78460088,-0.14282357,0.10394843,-0.21306159,0.08539614,0,0,0,0,0
1881,391666,0.95491625,-0.75488453,-0.20538690,0.10053663,-0.21390552,0.03774102,0,0,0,0,0
1882,391875,0.96372396,-0.70278047,-0.27061710,0.12456834,-0.20231556,0.04696537,0,0,0,0,0
1883,392083,0.98307736,-0.65263238,-0.33812559,0.15324598,-0.18527182,0.01771567,0,0,0,0,0
1884,392291,1.00236016,-0.60024591,-0.39293672,0.14931271,-0.21467969,0.02667421,0,0,0,0,0
1885,392500,1.00755633,-0.54696871,-0.44549959,0.17437583,-0.17657550,-0.00914733,0,0,0,0,0
1886,392708,1.00662306,-0.49389466,-0.51389536,0.16226214,-0.20090238,-0.00864383,0,0,0,0,0
1887,392916,1.00909964,-0.43227640,-0.55639121,0.16887670,-0.17718825,-0.03561355,0,0,0,0,0
1888,393125,0.99348488,-0.35821531,-0.62413882,0.17779054,-0.17754926,-0.02233462,0,0,0,0,0
1889,393333,0.98908403,-0.30775248,-0.66456432,0.19778852,-0.16909288,-0.05895562,0,0,0,0,0
1890,393541,0.96549744,-0.25496768,-0.71565761,0.19865630,-0.16437634,-0.07441055,0,0,0,0,0
1891,393750,0.95657736,-0.17511502,-0.75663857,0.19258409,-0.13804327,-0.08386161,0,0,0,0,0
1892,393958,0.92150930,-0.10904460,-0.79357482,0.19012499,-0.13766164,-0.09258270,0,0,0,0,0
1893,394166,0.89045015,-0.04722749,-0.82975921,0.17698316,-0.11880210,-0.09529925,0,0,0,0,0
1894,394375,0.85865482,0.02133582,-0.86165281,0.17083642,-0.10822275,-0.10803034,0,0,0,0,0
1895,394583,0.83638369,0.09273890,-0.90562611,0.17757416,-0.10787185,-0.15362670,0,0,0,0,0
1896,394791,0.79819541,0.14833261,-0.92816292,0.19436097,-0.08836170,-0.14710188,0,0,0,0,0
1897,395000,0.74391322,0.21740845,-0.94847125,0.19322713,-0.08340525,-0.16091689,0,0,0,0,0
1898,395208,0.69994835,0.28400154,-0.96704602,0.15497589,-0.07747688,-0.15682088,0,0,0,0,0
1899,395416,0.64310496,0.33560857,-0.97458307,0.17970310,-0.05133184,-0.17948832,0,0,0,0,0
1900,395625,0.59780666,0.40855355,-0.98186694,0.17909396,-0.03281006,-0.16224814,0,0,0,0,0
1901,395833,0.54890720,0.46181770,-0.99994091,0.16742736,-0.02138988,-0.19846127,0,0,0,0,0
1902,396041,0.49272561,0.52341201,-0.99661221,0.14405565,-0.03683457,-0.21154772,0,0,0,0,0
1903,396250,0.42530762,0.57864343,-0.98819456,0.15000167,-0.00466415,-0.20054547,0,0,0,0,0
1904,396458,0.36817547,0.62359886,-0.97937619,0.11915990,0.02241598,-0.19920185,0,0,0,0,0
1905,396666,0.32285135,0.68393396,-0.95922407,0.11296756,0.01171434,-0.21982806,0,0,0,0,0
1906,396875,0.25601202,0.72209877,-0.95699567,0.14405567,0.03735835,-0.19910101,0,0,0,0,0
1907,397083,0.18659889,0.76961334,-0.93325310,0.10622083,0.04466112,-0.21880700,0,0,0,0,0
1908,397291,0.12166987,0.81298169,-0.89977795,0.09075755,0.06812359,-0.21571864,0,0,0,0,0
1909,397500,0.05539704,0.84876198,-0.88080834,0.08960975,0.10725215,-0.20992205,0,0,0,0,0
1910,397708,-0.01079683,0.87650776,-0.84279305,0.10243125,0.08987941,-0.21500748,0,0,0,0,0
1911,397916,-0.07542679,0.90263432,-0.81333211,0.08555887,0.09957288,-0.18735139,0,0,0,0,0
1912,398125,-0.14815400,0.93078854,-0.77333459,0.05689567,0.13419406,-0.21728198,0,0,0,0,0
1913,398333,-0.20561478,0.96050361,-0.72682219,0.05195368,0.12409923,-0.21608440,0,0,0,0,0
1914,398541,-0.27744718,0.97757107,-0.68546674,0.04609838,0.12554413,-0.20515179,0,0,0,0,0
1915,398750,-0.33013263,0.98786434,-0.63921449,0.03585824,0.12456641,-0.20568672,0,0,0,0,0
1916,398958,-0.38730166,0.99755777,-0.58058495,0.02167914,0.16071722,-0.20594488,0,0,0,0,0
1917,399166,-0.45084250,1.00286076,-0.53464074,-0.00574417,0.14624136,-0.18275606,0,0,0,0,0
1918,399375,-0.50349587,1.00043375,-0.47009861,-0.01162684,0.16378708,-0.19175454,0,0,0,0,0
1919,399583,-0.55993276,1.00767854,-0.41736386,-0.03348232,0.17699436,-0.17522588,0,0,0,0,0
1920,399791,-0.60951103,0.99048625,-0.36019106,-0.02580904,0.18512550,-0.17185407,0,0,0,0,0
1921,400000,-0.65975299,0.98525767,-0.28997383,-0.04896267,0.16748109,-0.14539326,0,1,0,0,0
1922,400208,-0.71283468,0.97535702,-0.23382095,-0.05689672,0.17723302,-0.16301570,0,1,0,0,0
1923,400416,-0.75976079,0.94895913,-0.16913142,-0.07869178,0.19328916,-0.13649508,0,1,0,0,0
1924,400625,-0.80026968,0.93309206,-0.11395635,-0.07693224,0.17721677,-0.13113951,0,1,0,0,0
1925,400833,-0.83559407,0.89188626,-0.04541797,-0.08744735,0.20082425,-0.12626366,0,1,0,0,0
1926,401041,-0.86092430,0.85880542,0.03087994,-0.11891843,0.18061549,-0.10872896,0,1,0,0,0
1927,401250,-0.89157704,0.81849410,0.09061922,-0.10690468,0.18998622,-0.09133697,0,1,0,0,0
1928,401458,-0.92394802,0.79486525,0.15967707,-0.13634481,0.18594496,-0.09768533,0,1,0,0,0
1929,401666,-0.94547778,0.73903180,0.21717064,-0.14132213,0.19622295,-0.06737816,0,1,0,0,0
1930,401875,-0.96905217,0.71154478,0.28094324,-0.13481298,0.17957513,-0.05505414,0,1,0,0,0
1931,402083,-0.98295743,0.66406669,0.35072103,-0.15970673,0.18767606,-0.03296060,0,1,0,0,0
1932,402291,-0.98455336,0.60581720,0.40503866,-0.16078521,0.18715357,-0.02231648,0,1,0,0,0
1933,402500,-0.99454993,0.54699240,0.47004031,-0.17107118,0.16966504,0.00443332,0,1,0,0,0
1934,402708,-0.99554596,0.48597030,0.51655690,-0.19193666,0.16633352,0.01376047,0,1,0,0,0
1935,402916,-0.98770566,0.43932372,0.57247260,-0.16985748,0.15021384,0.01502865,0,1,0,0,0
1936,403125,-0.98170320,0.37739945,0.62235790,-0.17505683,0.13893471,0.04568660,0,1,0,0,0
1937,403333,-0.97366021,0.31711100,0.67880546,-0.18877529,0.12958894,0.04778938,0,1,0,0,0
1938,403541,-0.95092833,0.25564761,0.71850457,-0.19920875,0.13561481,0.07015620,0,1,0,0,0
1939,403750,-0.93976691,0.18335149,0.77533129,-0.19675365,0.12076400,0.07208064,0,1,0,0,0
1940,403958,-0.91808857,0.12270436,0.79934048,-0.18458810,0.12240985,0.08940348,0,1,0,0,0
1941,404166,-0.89185562,0.05893528,0.84459208,-0.20226252,0.10669094,0.08031180,0,1,0,0,0
1942,404375,-0.84799787,0.00368038,0.87518391,-0.19941667,0.09579102,0.11200947,0,1,0,0,0
1943,404583,-0.82198783,-0.06966581,0.90906351,-0.19450321,0.08969256,0.12748703,0,1,0,0,0
1944,404791,-0.78010240,-0.13838511,0.92970222,-0.21045139,0.06071854,0.13879865,0,1,0,0,0
1945,405000,-0.72883281,-0.20911718,0.95626515,-0.17728205,0.08097806,0.12648108,0,1,0,0,0
1946,405208,-0.69704351,-0.26165917,0.97465698,-0.17733374,0.05734114,0.15029336,0,1,0,0,0
1947,405416,-0.64439301,-0.32239621,0.98859619,-0.16541035,0.04542799,0.15597212,0,1,0,0,0
1948,405625,-0.59350812,-0.39971046,1.00358481,-0.17232732,0.05298436,0.17271799,0,1,0,0,0
1949,405833,-0.54028248,-0.46098335,0.99908032,-0.17549804,0.02091744,0.16006798,0,1,0,0,0
1950,406041,-0.47999104,-0.50899431,0.99817434,-0.15256938,0.01649334,0.18168971,0,1,0,0,0
1951,406250,-0.42455139,-0.56553358,0.99455390,-0.15804219,-0.02291480,0.19610201,0,1,0,0,0
1952,406458,-0.36547405,-0.61023335,0.97992565,-0.13274785,-0.02357765,0.19578029,0,1,0,0,0
1953,406666,-0.29632452,-0.67296254,0.97948948,-0.12356907,-0.01961704,0.22114800,0,1,0,0,0
1954,406875,-0.24907115,-0.71904954,0.95318591,-0.10005407,-0.03604064,0.20318127,0,1,0,0,0
1955,407083,-0.18352079,-0.76580618,0.94272636,-0.09836983,-0.05116860,0.20760260,0,1,0,0,0
1956,407291,-0.11312665,-0.80366239,0.90846221,-0.10032298,-0.07854826,0.19168169,0,1,0,0,0
1957,407500,-0.04501474,-0.83483502,0.87612839,-0.09587907,-0.08002667,0.19832288,0,1,0,0,0
1958,407708,0.01739630,-0.87663504,0.84024350,-0.07436466,-0.09742733,0.21568406,0,1,0,0,0
1959,407916,0.07930058,-0.88249125,0.82086760,-0.06956503,-0.10062240,0.19969775,0,1,0,0,0
1960,408125,0.15338481,-0.93712218,0.78356402,-0.06619972,-0.10519935,0.20253752,0,1,0,0,0
1961,408333,0.21479426,-0.94921453,0.73626642,-0.07049148,-0.12152631,0.19593062,0,1,0,0,0
1962,408541,0.27038368,-0.96333630,0.68327005,-0.01463376,-0.12195867,0.20560647,0,1,0,0,0
1963,408750,0.34297796,-0.97207384,0.63354597,-0.01418600,-0.12987779,0.18376456,0,1,0,0,0
1964,408958,0.39261267,-0.99346936,0.58531786,-0.00521376,-0.16089620,0.18642499,0,1,0,0,0
1965,409166,0.45157402,-1.00337386,0.53778825,0.00249703,-0.17596430,0.19260958,0,1,0,0,0
1966,409375,0.50162501,-1.00083999,0.47517475,0.03463153,-0.15323497,0.18039368,0,1,0,0,0
1967,409583,0.56483370,-0.98384139,0.41049685,0.03827630,-0.16893950,0.15885607,0,1,0,0,0
1968,409791,0.62506401,-0.99625488,0.35300106,0.02905293,-0.16102532,0.17111651,0,1,0,0,0
1969,410000,0.67425430,-0.96957421,0.29657992,0.05369794,-0.17612521,0.14782885,0,1,0,0,0
1970,410208,0.70965962,-0.95787206,0.23864431,0.07667267,-0.16710187,0.15610925,0,1,0,0,0
1971,410416,0.75239097,-0.93761229,0.17187674,0.09355326,-0.17777204,0.15622729,0,1,0,0,0
1972,410625,0.79565492,-0.90983251,0.09993759,0.09041905,-0.18284169,0.13202991,0,1,0,0,0
1973,410833,0.83975437,-0.89180970,0.03910569,0.12003523,-0.19106535,0.13766880,0,1,0,0,0
1974,411041,0.86716543,-0.85162071,-0.02074114,0.10246464,-0.19163046,0.12306046,0,1,0,0,0
1975,411250,0.89994147,-0.82050715,-0.09107220,0.12386500,-0.20258765,0.11286224,0,1,0,0,0
1976,411458,0.92538699,-0.78919882,-0.16354980,0.13470896,-0.17602206,0.07539586,0,1,0,0,0
1977,411666,0.94957357,-0.74114739,-0.22305711,0.15656730,-0.18731583,0.07656309,0,1,0,0,0
1978,411875,0.96615755,-0.69587489,-0.29914352,0.17004562,-0.17772712,0.07238346,0,1,0,0,0
1979,412083,0.97246756,-0.65999876,-0.34366196,0.17942114,-0.17064409,0.04682675,0,1,0,0,0
1980,412291,0.98604400,-0.60202917,-0.39952588,0.16188373,-0.17034475,0.02047509,0,1,0,0,0
1981,412500,0.98837299,-0.54155262,-0.45800313,0.18576986,-0.15694770,0.03413447,0,1,0,0,0
1982,412708,0.99635676,-0.48779080,-0.52312241,0.17675683,-0.17659855,0.01890922,0,1,0,0,0
1983,412916,0.99104147,-0.42567374,-0.58248984,0.19922395,-0.14472622,0.00909586,0,1,0,0,0
1984,413125,0.98371566,-0.36498947,-0.63199207,0.22112144,-0.13077093,-0.03746179,0,1,0,0,0
1985,413333,0.97094107,-0.31469857,-0.68037896,0.22906408,-0.14723989,-0.03433302,0,1,0,0,0
1986,413541,0.94550832,-0.25130595,-0.72220892,0.21665324,-0.12829567,-0.05003984,0,1,0,0,0
1987,413750,0.93574731,-0.19171186,-0.77081964,0.21647305,-0.09877934,-0.06863680,0,1,0,0,0
1988,413958,0.90243668,-0.11663395,-0.82195828,0.21227592,-0.10512895,-0.06957626,0,1,0,0,0
1989,414166,0.87561909,-0.05668588,-0.84699179,0.21304441,-0.10255598,-0.08028263,0,1,0,0,0
1990,414375,0.85440664,0.01739176,-0.89435210,0.22599413,-0.07857023,-0.09799391,0,1,0,0,0
1991,414583,0.81133248,0.08222294,-0.91380626,0.20002429,-0.08833574,-0.09015029,0,1,0,0,0
1992,414791,0.76742661,0.14464356,-0.93237897,0.20239519,-0.07759547,-0.13762742,0,1,0,0,0
1993,415000,0.72889220,0.20450013,-0.97084170,0.20092033,-0.06628056,-0.12406907,0,1,0,0,0
1994,415208,0.69029147,0.27576337,-0.98104789,0.18866404,-0.03153897,-0.15183307,0,1,0,0,0
1995,415416,0.63580226,0.33268275,-0.99422464,0.19520619,-0.04445141,-0.14743170,0,1,0,0,0
1996,415625,0.59253195,0.39480751,-1.00300376,0.19950103,-0.02228741,-0.15334684,0,1,0,0,0
1997,415833,0.53772240,0.44309182,-1.00369377,0.18361815,0.00322397,-0.15292844,0,1,0,0,0
1998,416041,0.48199860,0.51180245,-1.01162125,0.16309171,-0.00532764,-0.17649096,0,1,0,0,0
1999,416250,0.42188603,0.56498812,-1.00097893,0.15492296,0.00084931,-0.17832643,0,1,0,0,0
2000,416458,0.35199849,0.61653548,-0.99753532,0.14157783,0.05452894,-0.20767852,0,1,0,0,0
2001,416666,0.29514672,0.66376095,-0.98320236,0.14464491,0.04808035,-0.17757218,0,1,0,0,0
2002,416875,0.23539982,0.70557873,-0.97436955,0.12851007,0.05366091,-0.18586619,0,1,0,0,0
2003,417083,0.16494694,0.75643716,-0.94147865,0.12999236,0.07168956,-0.19178505,0,1,0,0,0
2004,417291,0.10655843,0.78599032,-0.92155764,0.11091868,0.09341387,-0.19237547,0,1,0,0,0
2005,417500,0.04402058,0.83226207,-0.89107122,0.09383676,0.08150356,-0.20037826,0,1,0,0,0
2006,417708,-0.03230444,0.86357882,-0.85630147,0.07806255,0.10365551,-0.19753402,0,1,0,0,0
2007,417916,-0.10081775,0.90223766,-0.82756977,0.09278305,0.12706770,-0.19891152,0,1,0,0,0
2008,418125,-0.15585694,0.93050578,-0.78808434,0.06114188,0.14367496,-0.19876712,0,1,0,0,0
2009,418333,-0.20788911,0.93512871,-0.75303830,0.06796739,0.15276215,-0.18604308,0,1,0,0,0
2010,418541,-0.28306667,0.96430652,-0.69726391,0.04387584,0.14759835,-0.17138025,0,1,0,0,0
2011,418750,-0.35060259,0.97068664,-0.64227093,0.03982854,0.17016238,-0.18756572,0,1,0,0,0
2012,418958,-0.40139863,0.98120231,-0.59755396,0.02307824,0.14499238,-0.17850443,0,1,0,0,0
2013,419166,-0.46078712,0.98653968,-0.54699395,0.01103030,0.17113901,-0.17801540,0,1,0,0,0
2014,419375,-0.51589699,0.99673459,-0.48166747,0.00488277,0.14928526,-0.17390056,0,1,0,0,0
2015,419583,-0.56205420,0.98665700,-0.43450479,-0.02598942,0.19664021,-0.16985586,0,1,0,0,0
2016,419791,-0.63094265,0.98207572,-0.36986318,-0.01812751,0.19152744,-0.14538565,0,1,0,0,0
2017,420000,-0.67042941,0.96007383,-0.30820694,-0.03916888,0.20915412,-0.15541119,0,1,0,0,0
2018,420208,-0.72085449,0.94692684,-0.23726147,-0.06357221,0.18786483,-0.13783606,0,1,0,0,0
2019,420416,-0.76221002,0.92993119,-0.17652391,-0.07543955,0.18220513,-0.13892618,0,1,0,0,0
2020,420625,-0.80803006,0.90867845,-0.11591709,-0.08440235,0.20494330,-0.11198792,0,1,0,0,0
2021,420833,-0.84859617,0.88404171,-0.05042945,-0.10179871,0.19498316,-0.10634784,0,1,0,0,0
2022,421041,-0.86672285,0.84596227,0.01825221,-0.12651433,0.20658593,-0.10062647,0,1,0,0,0
2023,421250,-0.89566859,0.82047574,0.08360431,-0.13019607,0.20126752,-0.09023125,0,1,0,0,0
2024,421458,-0.92071045,0.77322668,0.14825001,-0.14124770,0.18720325,-0.07931636,0,1,0,0,0
2025,421666,-0.95594803,0.72902203,0.20852050,-0.14417822,0.18616244,-0.07817377,0,1,0,0,0
2026,421875,-0.97076313,0.69159763,0.28080746,-0.16493361,0.17949509,-0.05813330,0,1,0,0,0
2027,422083,-0.97750487,0.64276591,0.34591494,-0.15468222,0.17683269,-0.02407434,0,1,0,0,0
2028,422291,-0.99376328,0.57948436,0.40618729,-0.17146964,0.16541319,-0.02975974,0,1,0,0,0
2029,422500,-1.00152861,0.54314289,0.46479714,-0.18607398,0.17002770,-0.02650355,0,1,0,0,0
2030,422708,-0.99684094,0.47691897,0.52827897,-0.19847179,0.13925988,-0.02147907,0,1,0,0,0
2031,422916,-1.00160848,0.42087165,0.56845534,-0.19745605,0.12951549,0.00192696,0,1,0,0,0
2032,423125,-0.99673333,0.35797861,0.62193031,-0.19449234,0.13622584,0.00862346,0,1,0,0,0
2033,423333,-0.96382160,0.29898011,0.66867728,-0.22766093,0.12587158,0.03700191,0,1,0,0,0
2034,423541,-0.96076109,0.22988874,0.72209427,-0.22750199,0.11808509,0.03245183,0,1,0,0,0
2035,423750,-0.93471208,0.17614023,0.76164046,-0.22511849,0.12672349,0.04346672,0,1,0,0,0
2036,423958,-0.91568640,0.10682410,0.81572273,-0.22896619,0.10636848,0.07239518,0,1,0,0,0
2037,424166,-0.88469365,0.04320935,0.84801029,-0.23017785,0.10339258,0.06677500,0,1,0,0,0
2038,424375,-0.85340127,-0.01579386,0.87940743,-0.21436799,0.09114858,0.09516158,0,1,0,0,0
2039,424583,-0.82531652,-0.08389377,0.90594057,-0.21265407,0.09104229,0.11994978,0,1,0,0,0
2040,424791,-0.78151809,-0.15128555,0.93137060,-0.21303287,0.05910235,0.11851230,0,1,0,0,0
2041,425000,-0.73226662,-0.20587302,0.95744826,-0.20347738,0.06029108,0.13170574,0,1,0,0,0
2042,425208,-0.68844319,-0.28507535,0.98627294,-0.20184366,0.04078394,0.14039875,0,1,0,0,0
2043,425416,-0.64141495,-0.34118051,0.99772844,-0.20359346,0.01957169,0.12449051,0,1,0,0,0
2044,425625,-0.59997386,-0.39595467,1.00529717,-0.19470244,0.00553473,0.13029932,0,1,0,0,0
2045,425833,-0.53304499,-0.45370820,0.99578888,-0.18204952,0.00193021,0.16465176,0,1,0,0,0
2046,426041,-0.48133783,-0.52572421,1.00698962,-0.18966643,0.00062200,0.17398043,0,1,0,0,0
2047,426250,-0.42339929,-0.57669710,1.00273280,-0.16735872,-0.03015863,0.17768669,0,1,0,0,0
2048,426458,-0.36383645,-0.61949800,0.99270381,-0.19478640,-0.04388176,0.18071230,0,1,0,0,0
2049,426666,-0.29698849,-0.67691167,0.98448753,-0.15491286,-0.06014201,0.17433252,0,1,0,0,0
2050,426875,-0.23433289,-0.72069223,0.96359635,-0.14292892,-0.07924802,0.18742297,0,1,0,0,0
2051,427083,-0.17115868,-0.76662390,0.94526804,-0.14691106,-0.08562566,0.19348180,0,1,0,0,0
2052,427291,-0.09708138,-0.80412159,0.91951968,-0.11735542,-0.08234699,0.17998051,0,1,0,0,0
2053,427500,-0.03796100,-0.85771609,0.89269505,-0.10689714,-0.10320334,0.17612177,0,1,0,0,0
2054,427708,0.02029284,-0.87506512,0.84764601,-0.10614372,-0.12300036,0.16934415,0,1,0,0,0
2055,427916,0.08988165,-0.90245216,0.82910148,-0.08143801,-0.13184724,0.16810451,0,1,0,0,0
2056,428125,0.15905515,-0.92958392,0.79289206,-0.09448200,-0.13484213,0.17491370,0,1,0,0,0
2057,428333,0.22545435,-0.94805707,0.74336322,-0.06591030,-0.15379209,0.17863917,0,1,0,0,0
2058,428541,0.28020116,-0.97260413,0.70734471,-0.04822791,-0.14791956,0.18826614,0,1,0,0,0
2059,428750,0.34199265,-0.97793541,0.64870965,-0.06082557,-0.15296763,0.16537874,0,1,0,0,0
2060,428958,0.40967697,-0.98029500,0.59542219,-0.03519474,-0.18497430,0.15591236,0,1,0,0,0
2061,429166,0.46621000,-0.98718827,0.55266242,-0.03692492,-0.18395047,0.16679486,0,1,0,0,0
2062,429375,0.52434129,-0.99103818,0.48832764,0.00026112,-0.18375589,0.15430241,0,1,0,0,0
2063,429583,0.57362940,-0.98991304,0.43365572,0.02267824,-0.18082158,0.16682100,0,1,0,0,0
2064,429791,0.63338915,-0.98718127,0.36494231,0.01452425,-0.22513577,0.15571877,0,1,0,0,0
2065,430000,0.68273004,-0.97421881,0.30976861,0.03336187,-0.20967040,0.14736651,0,1,0,0,0
2066,430208,0.72885524,-0.95130086,0.24607189,0.04190744,-0.23194766,0.11998873,0,1,0,0,0
2067,430416,0.76724777,-0.93604481,0.18199024,0.08481569,-0.20099249,0.11933445,0,1,0,0,0
2068,430625,0.80778397,-0.90036605,0.11762719,0.06321309,-0.20955128,0.12623951,0,1,0,0,0
2069,430833,0.84647881,-0.89132390,0.05548490,0.07515337,-0.19922549,0.10379534,0,1,0,0,0
2070,431041,0.87220744,-0.85148240,-0.00991814,0.10146463,-0.21077285,0.07327644,0,1,0,0,0
2071,431250,0.90888185,-0.81746044,-0.07292213,0.10632102,-0.20861491,0.10089324,0,1,0,0,0
2072,431458,0.94128163,-0.77154828,-0.15014649,0.14341708,-0.19978679,0.06931395,0,1,0,0,0
2073,431666,0.95476405,-0.72799487,-0.19691170,0.14904470,-0.19875480,0.06329805,0,1,0,0,0
2074,431875,0.98594197,-0.69382935,-0.26891273,0.14601239,-0.20022958,0.05165365,0,1,0,0,0
2075,432083,0.98434628,-0.64567746,-0.33277867,0.15952778,-0.18087738,0.03318887,0,1,0,0,0
2076,432291,0.99544612,-0.59172612,-0.38950539,0.16746212,-0.17248687,0.03303333,0,1,0,0,0
2077,432500,1.00201727,-0.53150018,-0.45159270,0.17994747,-0.17363733,0.00604210,0,1,0,0,0
2078,432708,1.00930287,-0.47614160,-0.50770152,0.18329476,-0.15571255,-0.00903231,0,1,0,0,0
2079,432916,1.00133424,-0.42845234,-0.56563533,0.17556403,-0.14693606,0.00527875,0,1,0,0,0
2080,433125,0.98926820,-0.35890584,-0.61399010,0.18389591,-0.15933186,-0.04878084,0,1,0,0,0
2081,433333,0.98608855,-0.29800103,-0.67535454,0.20706133,-0.14451959,-0.04383470,0,1,0,0,0
2082,433541,0.96852483,-0.23609584,-0.71371930,0.19625978,-0.13194447,-0.05421299,0,1,0,0,0
2083,433750,0.94300577,-0.16872981,-0.76199207,0.21730830,-0.14243537,-0.06404298,0,1,0,0,0
2084,433958,0.93106282,-0.10555440,-0.80978970,0.21250415,-0.11596036,-0.06234254,0,1,0,0,0
2085,434166,0.89769642,-0.04074849,-0.83297209,0.19355257,-0.10864476,-0.09173081,0,1,0,0,0
2086,434375,0.86473408,0.03046850,-0.87453781,0.19306248,-0.10482335,-0.11503646,0,1,0,0,0
2087,434583,0.82305922,0.09801551,-0.89795060,0.18966170,-0.08465483,-0.11203946,0,1,0,0,0
2088,434791,0.78159938,0.15370299,-0.92580693,0.20792931,-0.08583247,-0.12519393,0,1,0,0,0
2089,435000,0.75130821,0.22016023,-0.95549415,0.20834976,-0.08065901,-0.12274559,0,1,0,0,0
2090,435208,0.69384478,0.28761976,-0.96414774,0.18879297,-0.07709529,-0.13686003,0,1,0,0,0
2091,435416,0.65212127,0.34586864,-0.98507071,0.18801739,-0.05780600,-0.15484640,0,1,0,0,0
2092,435625,0.60253782,0.41133657,-0.99686993,0.18607536,-0.03942243,-0.16571190,0,1,0,0,0
2093,435833,0.53664428,0.46776825,-1.00374862,0.18590389,-0.01307538,-0.16447300,0,1,0,0,0
2094,436041,0.48597753,0.52822457,-1.00373587,0.16741890,0.00436088,-0.17227134,0,1,0,0,0
2095,436250,0.42334124,0.58261854,-0.99451636,0.16852461,0.00983965,-0.19637580,0,1,0,0,0
2096,436458,0.36929476,0.63121275,-0.99243306,0.15628042,0.03684048,-0.19878786,0,1,0,0,0
2097,436666,0.30093909,0.68570230,-0.97479952,0.13381987,0.04873126,-0.18301256,0,1,0,0,0
2098,436875,0.23686891,0.73136361,-0.96358181,0.15510928,0.05104401,-0.19933514,0,1,0,0,0
2099,437083,0.16991699,0.78278441,-0.93631294,0.13622394,0.06440848,-0.20411291,0,1,0,0,0
2100,437291,0.11065887,0.80202805,-0.91909220,0.12240908,0.09964639,-0.18677748,0,1,0,0,0
2101,437500,0.03671859,0.85104368,-0.89035198,0.10759511,0.09477102,-0.20094960,0,1,0,0,0
2102,437708,-0.01331500,0.88579258,-0.85858733,0.09849120,0.12932731,-0.18989995,0,1,0,0,0
2103,437916,-0.08747578,0.92083796,-0.82180415,0.08101514,0.11047316,-0.17752705,0,1,0,0,0
2104,438125,-0.14746910,0.93242369,-0.78381827,0.07358845,0.13122448,-0.19399585,0,1,0,0,0
2105,438333,-0.21631665,0.95694980,-0.74666292,0.06419978,0.12858623,-0.17433979,0,1,0,0,0
2106,438541,-0.27766898,0.97151904,-0.68699148,0.05617004,0.13342523,-0.16845360,0,1,0,0,0
2107,438750,-0.34772986,0.99610390,-0.64482495,0.06251166,0.15553275,-0.18326247,0,1,0,0,0
2108,438958,-0.39909486,0.99266595,-0.59221728,0.04231920,0.17810689,-0.15410176,0,1,0,0,0
2109,439166,-0.46659890,0.99920442,-0.53713143,0.01384018,0.17248289,-0.17268796,0,1,0,0,0
2110,439375,-0.51076994,0.99530438,-0.48793391,-0.00645572,0.19206567,-0.15680434,0,1,0,0,0
2111,439583,-0.57497478,0.98527180,-0.42456113,-0.01330117,0.18399338,-0.16476586,0,1,0,0,0
2112,439791,-0.62143274,0.99166407,-0.36201719,-0.00316597,0.21203298,-0.15589246,0,1,0,0,0
2113,440000,-0.68096603,0.97921613,-0.30025638,-0.02420931,0.19498254,-0.12592757,0,1,0,0,0
2114,440208,-0.71823197,0.96241294,-0.24014345,-0.04549908,0.22164946,-0.11505077,0,1,0,0,0
2115,440416,-0.77453030,0.94626310,-0.18245083,-0.05626970,0.21002306,-0.11380216,0,1,0,0,0
2116,440625,-0.81505146,0.92260070,-0.11047299,-0.05659809,0.20063276,-0.11830065,0,1,0,0,0
2117,440833,-0.83938027,0.88689519,-0.05906027,-0.07980311,0.20279783,-0.11335355,0,1,0,0,0
2118,441041,-0.87382656,0.85839655,0.00885752,-0.06809963,0.21462050,-0.11007347,0,1,0,0,0
2119,441250,-0.91101762,0.82160995,0.06519176,-0.10083108,0.19778986,-0.07821960,0,1,0,0,0
2120,441458,-0.93693173,0.78285996,0.13988634,-0.12164524,0.20943272,-0.08562615,0,1,0,0,0
2121,441666,-0.95814124,0.74769658,0.20289529,-0.14301970,0.19603649,-0.05889506,0,1,0,0,0
2122,441875,-0.97431986,0.69659301,0.26568544,-0.12867392,0.18825520,-0.03727925,0,1,0,0,0
2123,442083,-0.98490954,0.65112994,0.32898455,-0.14517969,0.18571673,-0.03821272,0,1,0,0,0
2124,442291,-1.00143835,0.59363852,0.38530781,-0.16203514,0.17288710,-0.01599569,0,1,0,0,0
2125,442500,-1.01316466,0.53518922,0.45305324,-0.15474484,0.18347937,-0.00597187,0,1,0,0,0
2126,442708,-1.00708279,0.49012131,0.50609027,-0.16719602,0.17726318,0.01744928,0,1,0,0,0
2127,442916,-1.00731972,0.43018366,0.56072586,-0.18177664,0.16013773,0.02634240,0,1,0,0,0
2128,443125,-0.98977687,0.36401977,0.60842315,-0.18029840,0.15185366,0.03315749,0,1,0,0,0
2129,443333,-0.98652595,0.30368112,0.66016941,-0.18967917,0.13641576,0.03956388,0,1,0,0,0
2130,443541,-0.96278000,0.24410104,0.70788023,-0.18272489,0.13630765,0.08561841,0,1,0,0,0
2131,443750,-0.94889142,0.17880480,0.75916101,-0.19343179,0.13826729,0.07213240,0,1,0,0,0
2132,443958,-0.92782289,0.11113050,0.81155732,-0.19928599,0.11758233,0.08159289,0,1,0,0,0
2133,444166,-0.89064295,0.04049474,0.83645452,-0.18297786,0.11763995,0.11399344,0,1,0,0,0
2134,444375,-0.86854013,-0.01053799,0.87303952,-0.20505366,0.11136648,0.11180195,0,1,0,0,0
2135,444583,-0.82913415,-0.08613911,0.90349220,-0.20645855,0.08356073,0.13351237,0,1,0,0,0
2136,444791,-0.79184931,-0.14601121,0.91722792,-0.19557106,0.10692918,0.13437530,0,1,0,0,0
2137,445000,-0.75180513,-0.22901923,0.95320792,-0.20393455,0.08309865,0.14688802,0,1,0,0,0
2138,445208,-0.70067662,-0.28701765,0.96664322,-0.19731863,0.05867037,0.15881124,0,1,0,0,0
2139,445416,-0.65669349,-0.33817583,0.98441226,-0.17962403,0.03225083,0.16259040,0,1,0,0,0
2140,445625,-0.60653179,-0.40596615,0.98330500,-0.17137892,0.02641403,0.16135547,0,1,0,0,0
2141,445833,-0.54928895,-0.45933756,0.99485513,-0.16883635,0.04240311,0.17450069,0,1,0,0,0
2142,446041,-0.49504950,-0.52509039,0.99768277,-0.15488870,0.01307888,0.16398738,0,1,0,0,0
2143,446250,-0.43547634,-0.57802988,0.99020265,-0.15786512,-0.01157670,0.19777630,0,1,0,0,0
2144,446458,-0.37362673,-0.63385266,0.97706626,-0.16500071,-0.02540282,0.18795834,0,1,0,0,0
2145,446666,-0.30777669,-0.67506123,0.96211738,-0.13098067,-0.02160397,0.18608451,0,1,0,0,0
2146,446875,-0.24951905,-0.72851370,0.95827860,-0.13133412,-0.04575419,0.20665990,0,1,0,0,0
2147,447083,-0.18911805,-0.76640195,0.93751864,-0.11523125,-0.06793791,0.20082256,0,1,0,0,0
2148,447291,-0.11480143,-0.80335305,0.90712091,-0.10728442,-0.09374264,0.21203868,0,1,0,0,0
2149,447500,-0.05468569,-0.84872067,0.88675763,-0.09366830,-0.09186304,0.17834370,0,1,0,0,0
2150,447708,0.01580916,-0.88135699,0.84825505,-0.10387778,-0.09593030,0.19421421,0,1,0,0,0
2151,447916,0.08510731,-0.91290965,0.81082010,-0.09693663,-0.10816353,0.18955429,0,1,0,0,0
2152,448125,0.14431990,-0.92601162,0.77905279,-0.07546182,-0.13400845,0.20066865,0,1,0,0,0
2153,448333,0.20438719,-0.95818056,0.72602718,-0.06498170,-0.13411704,0.19175976,0,1,0,0,0
2154,448541,0.27082640,-0.97655162,0.69031223,-0.03934191,-0.13795501,0.20284657,0,1,0,0,0
2155,448750,0.32998543,-0.99463488,0.63233485,-0.03448204,-0.13843892,0.20012472,0,1,0,0,0
2156,448958,0.39021154,-1.00144324,0.58366747,-0.02539973,-0.16506192,0.18601030,0,1,0,0,0
2157,449166,0.45113532,-1.00630343,0.53371596,-0.02594244,-0.15161503,0.17741986,0,1,0,0,0
2158,449375,0.50377619,-0.99983262,0.48298549,-0.00755512,-0.17200587,0.15544324,0,1,0,0,0
2159,449583,0.55928201,-1.00375469,0.41105889,-0.00330797,-0.18961573,0.16931559,0,1,0,0,0
2160,449791,0.62047390,-0.99671475,0.36502324,0.01787743,-0.19983877,0.17797488,0,1,0,0,0
