1,0,-0.95048719,0.21993782,0.74244548,-0.19023583,0.12768698,0.07334941,0,0,0,0,0
2,208,-0.93485303,0.15242662,0.78377701,-0.20040544,0.11739094,0.07736625,0,0,0,0,0
3,416,-0.91054848,0.08726594,0.82269847,-0.20459580,0.12345100,0.09876561,0,0,0,0,0
4,625,-0.86999709,0.02744603,0.84301663,-0.20194996,0.08492576,0.11125212,0,0,0,0,0
5,833,-0.83678774,-0.03930585,0.87945743,-0.20566286,0.08775760,0.09237219,0,0,0,0,0
6,1041,-0.80702484,-0.11014387,0.91253248,-0.17128974,0.07727568,0.10536872,0,0,0,0,0
7,1250,-0.75831626,-0.17912960,0.93809047,-0.20742051,0.07818090,0.12984685,0,0,0,0,0
8,1458,-0.71698424,-0.23705514,0.96263101,-0.19977445,0.04677960,0.12446665,0,0,0,0,0
9,1666,-0.67608191,-0.30613760,0.97301908,-0.19821908,0.04293210,0.14247220,0,0,0,0,0
10,1875,-0.62649474,-0.37020614,0.98970042,-0.18297103,0.04265469,0.15890070,0,0,0,0,0
11,2083,-0.57501949,-0.42103078,0.99944527,-0.18091426,0.02862089,0.13907738,0,0,0,0,0
12,2291,-0.51769583,-0.48614128,1.00378489,-0.19077439,-0.01697291,0.15520027,0,0,0,0,0
13,2500,-0.46309015,-0.53717798,0.99318530,-0.18251634,-0.01442345,0.17463735,0,0,0,0,0
14,2708,-0.40665172,-0.58728043,0.98900986,-0.15933575,-0.02903701,0.19171589,0,0,0,0,0
15,2916,-0.34364273,-0.65097833,0.99418410,-0.16100618,-0.04614843,0.20633835,0,0,0,0,0
16,3125,-0.27958582,-0.68895101,0.95840590,-0.13298605,-0.06295888,0.19193121,0,0,0,0,0
17,3333,-0.20258072,-0.73796731,0.95437785,-0.13458708,-0.04801468,0.19998424,0,0,0,0,0
18,3541,-0.15519542,-0.77863157,0.92816932,-0.11768121,-0.07278499,0.20856743,0,0,0,0,0
19,3750,-0.08332238,-0.81398998,0.90324331,-0.12002486,-0.09920493,0.20402566,0,0,0,0,0
20,3958,-0.02279822,-0.86155228,0.87258524,-0.10115779,-0.10524821,0.20965504,0,0,0,0,0
21,4166,0.04776493,-0.88907708,0.84482295,-0.09899197,-0.11331309,0.20245979,0,0,0,0,0
22,4375,0.10828093,-0.91417997,0.81206576,-0.08413296,-0.11512917,0.20098797,0,0,0,0,0
23,4583,0.17247763,-0.94010832,0.77285105,-0.06802056,-0.13200334,0.17893131,0,0,0,0,0
24,4791,0.23016515,-0.96304985,0.72348302,-0.04363497,-0.14147464,0.21158104,0,0,0,0,0
25,5000,0.31071294,-0.98173522,0.67581544,-0.03683977,-0.12707749,0.19075489,0,0,0,0,0
26,5208,0.36639119,-0.98545679,0.62430311,-0.02382697,-0.14024167,0.18336753,0,0,0,0,0
27,5416,0.43013628,-0.98915999,0.58206681,-0.02121299,-0.15309156,0.19240639,0,0,0,0,0
28,5625,0.48214369,-1.00592790,0.51851837,0.00074581,-0.19587120,0.17856031,0,0,0,0,0
29,5833,0.53734930,-0.99840424,0.46617316,-0.00442042,-0.19063534,0.15538777,0,0,0,0,0
30,6041,0.58843128,-0.99642583,0.39366970,0.03173971,-0.18191952,0.15462036,0,0,0,0,0
31,6250,0.64366555,-0.99644631,0.33088424,0.03862618,-0.19172859,0.14791698,0,0,0,0,0
32,6458,0.69282347,-0.95945122,0.27953482,0.04412538,-0.19869012,0.12885056,0,0,0,0,0
33,6666,0.75033481,-0.95315567,0.20774816,0.04956260,-0.19226539,0.13751874,0,0,0,0,0
34,6875,0.78443412,-0.93133042,0.15806638,0.07884270,-0.18841376,0.12040538,0,0,0,0,0
35,7083,0.82407860,-0.90134783,0.07961036,0.08723010,-0.17758233,0.12795502,0,0,0,0,0
36,7291,0.85953029,-0.87026234,0.02254271,0.11992276,-0.20782103,0.09112586,0,0,0,0,0
37,7500,0.88339165,-0.84731013,-0.03799462,0.11432470,-0.18513930,0.08426579,0,0,0,0,0
38,7708,0.92010640,-0.80832314,-0.11369800,0.10460808,-0.19670216,0.08741746,0,0,0,0,0
39,7916,0.94233002,-0.76134483,-0.16959061,0.12924275,-0.21269112,0.08218369,0,0,0,0,0
40,8125,0.96468009,-0.70789989,-0.24140236,0.14318903,-0.19604900,0.07104682,0,0,0,0,0
41,8333,0.97824618,-0.67903898,-0.30607166,0.13490465,-0.18368983,0.05252931,0,0,0,0,0
42,8541,0.98777874,-0.62592994,-0.35878543,0.15205585,-0.18934112,0.03796362,0,0,0,0,0
43,8750,0.99163347,-0.57432390,-0.43138632,0.16626304,-0.18337830,0.02876152,0,0,0,0,0
44,8958,0.98946483,-0.51805300,-0.48159698,0.16999324,-0.17260490,0.00132228,0,0,0,0,0
45,9166,0.99973752,-0.45491324,-0.54029689,0.16006787,-0.17575365,-0.00932952,0,0,0,0,0
46,9375,0.99714892,-0.40267006,-0.59700304,0.18794583,-0.16315552,-0.04383667,0,0,0,0,0
47,9583,0.98294006,-0.34002640,-0.65048759,0.18371964,-0.17631488,-0.05817058,0,0,0,0,0
48,9791,0.97095829,-0.27654929,-0.68686130,0.18869130,-0.14320521,-0.04560729,0,0,0,0,0
49,10000,0.95302144,-0.21002660,-0.74495395,0.18682621,-0.13656210,-0.07011926,0,0,0,0,0
50,10208,0.94033381,-0.15244399,-0.78342120,0.18340680,-0.12259720,-0.06443690,0,0,0,0,0
51,10416,0.89966803,-0.09436751,-0.82150603,0.20782366,-0.11528073,-0.07410882,0,0,0,0,0
52,10625,0.87278362,-0.02477943,-0.85962256,0.19084033,-0.10951588,-0.09104805,0,0,0,0,0
53,10833,0.84243252,0.04345587,-0.89094200,0.19682613,-0.09768727,-0.11473826,0,0,0,0,0
54,11041,0.80819084,0.11187743,-0.91140730,0.18842811,-0.08568444,-0.12145380,0,0,0,0,0
55,11250,0.76233674,0.17528523,-0.93068636,0.19902727,-0.06786332,-0.12655707,0,0,0,0,0
56,11458,0.72794023,0.23742207,-0.96335994,0.20281125,-0.04486917,-0.14933491,0,0,0,0,0
57,11666,0.66228845,0.30341062,-0.96868588,0.18408463,-0.03932552,-0.13957103,0,0,0,0,0
58,11875,0.62956505,0.36539836,-0.98779251,0.17931683,-0.03417300,-0.15048522,0,0,0,0,0
59,12083,0.57275460,0.42923630,-0.99406459,0.18986827,0.00491268,-0.17398352,0,0,0,0,0
60,12291,0.51380933,0.48441741,-1.00271423,0.17392475,-0.00190677,-0.16628324,0,0,0,0,0
61,12500,0.45774613,0.53694826,-0.99434205,0.16886242,0.00213193,-0.16766243,0,0,0,0,0
62,12708,0.39717484,0.58429325,-0.98559752,0.17539005,0.02381404,-0.16781331,0,0,0,0,0
63,12916,0.34726968,0.64289552,-0.97703534,0.14859571,0.01733231,-0.20797094,0,0,0,0,0
64,13125,0.28040808,0.68825274,-0.96877345,0.14352509,0.06161824,-0.19984831,0,0,0,0,0
65,13333,0.20784868,0.73484874,-0.95269742,0.14517617,0.06141281,-0.18888556,0,0,0,0,0
66,13541,0.14394948,0.78210352,-0.92516663,0.11375876,0.06446322,-0.20130176,0,0,0,0,0
67,13750,0.08577501,0.82881650,-0.90836591,0.10878691,0.06895123,-0.20014989,0,0,0,0,0
68,13958,0.01513512,0.85281756,-0.87478317,0.10038314,0.10076239,-0.19113195,0,0,0,0,0
69,14166,-0.05225563,0.87538490,-0.84237534,0.10511394,0.11082260,-0.20399931,0,0,0,0,0
70,14375,-0.10739270,0.91562403,-0.80762405,0.09071232,0.11268077,-0.19377326,0,0,0,0,0
71,14583,-0.16696210,0.93135085,-0.76867380,0.07550218,0.12812036,-0.18409150,0,0,0,0,0
72,14791,-0.23832634,0.96051292,-0.72203727,0.06102828,0.12614454,-0.20189227,0,0,0,0,0
73,15000,-0.30061075,0.98365229,-0.67857672,0.02771280,0.13156476,-0.18965916,0,0,0,0,0
74,15208,-0.37276891,0.98321438,-0.62889615,0.03686290,0.17107173,-0.17211207,0,0,0,0,0
75,15416,-0.41591970,0.99474461,-0.57071475,0.01410148,0.15612654,-0.17249515,0,0,0,0,0
76,15625,-0.48522142,0.99953481,-0.50866009,-0.00059283,0.17826730,-0.17379531,0,0,0,0,0
77,15833,-0.54305392,1.00156110,-0.46021699,-0.00753709,0.17878424,-0.18673429,0,0,0,0,0
78,16041,-0.59308975,0.99375900,-0.39254639,-0.01450314,0.19579047,-0.17351023,0,0,0,0,0
79,16250,-0.64987428,0.97813636,-0.34209316,-0.04269356,0.17991293,-0.16500575,0,0,0,0,0
80,16458,-0.68961529,0.97219567,-0.28582007,-0.05156689,0.17713556,-0.12205350,0,0,0,0,0
81,16666,-0.73704912,0.95809924,-0.21636224,-0.06067744,0.18221481,-0.13351880,0,0,0,0,0
82,16875,-0.78206227,0.93237777,-0.14727423,-0.05558664,0.20242918,-0.14086297,0,0,0,0,0
83,17083,-0.81764175,0.91418639,-0.07808531,-0.08786034,0.20207269,-0.11622234,0,0,0,0,0
84,17291,-0.86983801,0.87950562,-0.02801133,-0.10209705,0.19450448,-0.12962726,0,0,0,0,0
85,17500,-0.88696543,0.84476524,0.03827337,-0.12093883,0.18832491,-0.08510878,0,0,0,0,0
86,17708,-0.91860199,0.81053022,0.11212797,-0.11992531,0.19779043,-0.08168731,0,0,0,0,0
87,17916,-0.94066226,0.77258114,0.18705358,-0.13603363,0.20071139,-0.07628281,0,0,0,0,0
88,18125,-0.96186701,0.72226603,0.24438206,-0.13124167,0.19503867,-0.07370773,0,0,0,0,0
89,18333,-0.98758443,0.66505156,0.30463756,-0.14528608,0.18859577,-0.02468623,0,0,0,0,0
90,18541,-0.99162022,0.62608643,0.35865573,-0.16446508,0.19550043,-0.02523026,0,0,0,0,0
91,18750,-0.99882667,0.57119806,0.42682744,-0.16397232,0.18041995,-0.01474166,0,0,0,0,0
92,18958,-0.99912653,0.51460697,0.47599558,-0.18361078,0.16068072,-0.01023822,0,0,0,0,0
93,19166,-0.99227435,0.46702420,0.53565349,-0.20277679,0.15779082,0.00611020,0,0,0,0,0
94,19375,-0.99687622,0.40284449,0.59123082,-0.16298414,0.15835617,0.04124290,0,0,0,0,0
95,19583,-0.99659727,0.33736556,0.64705759,-0.17657266,0.14782129,0.01974420,0,0,0,0,0
96,19791,-0.96624643,0.28145586,0.69483875,-0.18006783,0.16009588,0.07099450,0,0,0,0,0
97,20000,-0.95339627,0.21888936,0.73575970,-0.18488859,0.15501348,0.05928415,0,0,0,0,0
98,20208,-0.92972902,0.14216059,0.78263060,-0.18767935,0.12870073,0.07980732,0,0,0,0,0
99,20416,-0.91447569,0.07615205,0.81898092,-0.21412332,0.09618973,0.08179845,0,0,0,0,0
100,20625,-0.87820709,0.02528249,0.86730350,-0.17463669,0.10453162,0.09811471,0,0,0,0,0
101,20833,-0.85255772,-0.04553380,0.88616266,-0.20446648,0.09778455,0.11978618,0,0,0,0,0
102,21041,-0.80284020,-0.10471298,0.92004440,-0.20830305,0.09453284,0.11841500,0,0,0,0,0
103,21250,-0.76434190,-0.16454181,0.94756263,-0.19335943,0.06566646,0.13487717,0,0,0,0,0
104,21458,-0.72289577,-0.23758670,0.96298747,-0.19224990,0.05643300,0.14428456,0,0,0,0,0
105,21666,-0.67560093,-0.30106602,0.97017795,-0.19074861,0.03074298,0.14182416,0,0,0,0,0
106,21875,-0.62979635,-0.36537735,0.98349557,-0.17902880,0.05038707,0.13742481,0,0,0,0,0
107,22083,-0.56318692,-0.42327173,0.99592081,-0.16688327,0.01152751,0.16999679,0,0,0,0,0
108,22291,-0.52041666,-0.48778320,0.99538436,-0.18678690,-0.00409355,0.16439306,0,0,0,0,0
109,22500,-0.45922099,-0.53660063,0.99963694,-0.15603578,-0.00412515,0.17553994,0,0,0,0,0
110,22708,-0.39954338,-0.59957147,0.99879585,-0.14874116,-0.01993147,0.18739459,0,0,0,0,0
111,22916,-0.32751926,-0.64637132,0.98819970,-0.15913598,-0.04475219,0.18671328,0,0,0,0,0
112,23125,-0.28394948,-0.69062559,0.97417867,-0.15904006,-0.05691943,0.20103562,0,0,0,0,0
113,23333,-0.21847616,-0.73799165,0.96633395,-0.15392340,-0.04517224,0.18353015,0,0,0,0,0
114,23541,-0.15668834,-0.77626079,0.94050461,-0.13837801,-0.08118628,0.20331458,0,0,0,0,0
115,23750,-0.10235524,-0.82316857,0.90634772,-0.11185477,-0.07709254,0.21094557,0,0,0,0,0
116,23958,-0.01539039,-0.85604512,0.87674062,-0.08902249,-0.07606533,0.19463096,0,0,0,0,0
117,24166,0.04263522,-0.88350085,0.83866621,-0.10439405,-0.11569479,0.19260840,0,0,0,0,0
118,24375,0.11332744,-0.91335157,0.80165180,-0.07922327,-0.11038848,0.20277775,0,0,0,0,0
119,24583,0.17395780,-0.92430646,0.76551261,-0.05167248,-0.11796049,0.19673933,0,0,0,0,0
120,24791,0.24456526,-0.95506979,0.72658144,-0.04787766,-0.12037954,0.18005271,0,0,0,0,0
121,25000,0.29296608,-0.97479799,0.67540124,-0.04336501,-0.13403677,0.19114428,0,0,0,0,0
122,25208,0.35852378,-0.99764887,0.62191238,-0.04526834,-0.14417627,0.17767535,0,0,0,0,0
123,25416,0.42367648,-0.99320285,0.56819731,-0.02613235,-0.15779976,0.17974872,0,0,0,0,0
124,25625,0.47371321,-1.00224387,0.51265112,-0.01032048,-0.16722771,0.18496797,0,0,0,0,0
125,25833,0.53882712,-1.00192696,0.46528625,0.00619061,-0.18535448,0.18300623,0,0,0,0,0
126,26041,0.59735231,-0.98512030,0.40258116,0.01191768,-0.18728304,0.16100999,0,0,0,0,0
127,26250,0.64285253,-0.98604403,0.34573208,0.03621419,-0.19279861,0.14512573,0,0,0,0,0
128,26458,0.69014510,-0.97494300,0.27654850,0.05437108,-0.17712303,0.14411229,0,0,0,0,0
129,26666,0.74738090,-0.94551247,0.22216483,0.04402114,-0.17228634,0.14881774,0,0,0,0,0
130,26875,0.77642763,-0.93278843,0.15018623,0.06252114,-0.18953809,0.12618413,0,0,0,0,0
131,27083,0.81826217,-0.90418405,0.08305295,0.08555482,-0.19103814,0.10807177,0,0,0,0,0
132,27291,0.85623857,-0.87669021,0.01404983,0.09509966,-0.19097069,0.10605202,0,0,0,0,0
133,27500,0.88709127,-0.84185630,-0.05291577,0.12243945,-0.20659679,0.08741170,0,0,0,0,0
134,27708,0.91812646,-0.79987127,-0.10250623,0.12354555,-0.20864847,0.07591398,0,0,0,0,0
135,27916,0.94012877,-0.76432815,-0.17698975,0.13869807,-0.18124749,0.06301728,0,0,0,0,0
136,28125,0.96308516,-0.71855801,-0.23550892,0.13770769,-0.19552260,0.05903469,0,0,0,0,0
137,28333,0.97669482,-0.67587908,-0.30109526,0.13884069,-0.20284317,0.04573169,0,0,0,0,0
138,28541,0.99775527,-0.61759704,-0.35912397,0.14981641,-0.19922498,0.01958310,0,0,0,0,0
139,28750,0.99190882,-0.57703033,-0.42107696,0.18244407,-0.18866218,0.03482494,0,0,0,0,0
140,28958,1.00363419,-0.51829348,-0.47486297,0.18691874,-0.16376103,0.02975835,0,0,0,0,0
141,29166,0.99343540,-0.47177752,-0.53870815,0.18267536,-0.16146581,-0.02014465,0,0,0,0,0
142,29375,0.99802924,-0.40470355,-0.59371711,0.19255182,-0.15044813,-0.01752062,0,0,0,0,0
143,29583,0.98238543,-0.33457439,-0.65717271,0.18059959,-0.15702706,-0.04707081,0,0,0,0,0
144,29791,0.96499961,-0.28186242,-0.69225736,0.18192162,-0.14932273,-0.04051500,0,0,0,0,0
145,30000,0.96008268,-0.21650276,-0.74463200,0.19029679,-0.13636025,-0.06289698,0,0,0,0,0
146,30208,0.93231228,-0.14973947,-0.77305180,0.18303734,-0.12026590,-0.06996155,0,0,0,0,0
147,30416,0.91015192,-0.08738268,-0.81557900,0.19395919,-0.11383637,-0.08538213,0,0,0,0,0
148,30625,0.87924750,-0.01977092,-0.85877567,0.20868285,-0.10392706,-0.10620215,0,0,0,0,0
149,30833,0.83619414,0.04634383,-0.89617446,0.23509774,-0.09908628,-0.11888987,0,0,0,0,0
150,31041,0.81641463,0.11443090,-0.90595243,0.20503408,-0.06714877,-0.14251534,0,0,0,0,0
151,31250,0.76380276,0.17550880,-0.94421046,0.20262189,-0.06943701,-0.13008368,0,0,0,0,0
152,31458,0.72176931,0.23202031,-0.95747436,0.18983882,-0.05389810,-0.14191670,0,0,0,0,0
153,31666,0.67722437,0.29830329,-0.97307294,0.19483275,-0.04713688,-0.12269586,0,0,0,0,0
154,31875,0.62299317,0.36785662,-0.98519533,0.17246943,-0.01107516,-0.14740568,0,0,0,0,0
155,32083,0.57969459,0.42417416,-1.00046288,0.18151868,-0.02914097,-0.16127020,0,0,0,0,0
156,32291,0.51606084,0.48936485,-0.99473242,0.17331735,-0.00450512,-0.17274292,0,0,0,0,0
157,32500,0.45850369,0.53687012,-0.99821119,0.14715886,0.02069872,-0.16142574,0,0,0,0,0
158,32708,0.39700324,0.58874190,-1.00306724,0.17661982,0.02300951,-0.17024345,0,0,0,0,0
159,32916,0.33973570,0.64585225,-0.99276665,0.15196775,0.03787832,-0.19894421,0,0,0,0,0
160,33125,0.28343172,0.69255677,-0.96790737,0.16573483,0.04885329,-0.19329340,0,0,0,0,0
161,33333,0.21765442,0.72881338,-0.95307221,0.12556863,0.04008072,-0.18714216,0,0,0,0,0
162,33541,0.14653392,0.77946861,-0.93778455,0.11226746,0.06218003,-0.17405196,0,0,0,0,0
163,33750,0.08869600,0.81970057,-0.90964988,0.10075469,0.08213351,-0.18413084,0,0,0,0,0
164,33958,0.02263437,0.86007708,-0.87706587,0.09814228,0.09290470,-0.21434937,0,0,0,0,0
165,34166,-0.04086880,0.88937106,-0.84435820,0.10349842,0.09691510,-0.20884582,0,0,0,0,0
166,34375,-0.10655037,0.92066112,-0.80988277,0.07547551,0.12231223,-0.20680263,0,0,0,0,0
167,34583,-0.17751389,0.93789702,-0.77537256,0.06097826,0.13678385,-0.19487872,0,0,0,0,0
168,34791,-0.24048297,0.96908509,-0.70983258,0.06902767,0.12279879,-0.20596417,0,0,0,0,0
169,35000,-0.30312832,0.98152963,-0.69205230,0.02653336,0.15517890,-0.20462571,0,0,0,0,0
170,35208,-0.35589345,0.98123719,-0.62036729,0.02700463,0.15529635,-0.19166524,0,0,0,0,0
171,35416,-0.42611191,1.00102606,-0.56306924,0.01218469,0.15495262,-0.17948357,0,0,0,0,0
172,35625,-0.48200894,1.00279586,-0.51997225,-0.00817550,0.17620385,-0.17625951,0,0,0,0,0
173,35833,-0.54023668,0.99771481,-0.45900867,-0.00571819,0.17411625,-0.17492329,0,0,0,0,0
174,36041,-0.58622409,1.00369364,-0.39968623,-0.02198488,0.18532808,-0.15348812,0,0,0,0,0
175,36250,-0.64483236,0.97911845,-0.33096040,-0.04280929,0.17635665,-0.14997667,0,0,0,0,0
176,36458,-0.70279386,0.97709978,-0.28079881,-0.05350507,0.21169891,-0.13810780,0,0,0,0,0
177,36666,-0.74709698,0.95245418,-0.21021671,-0.06080275,0.19431298,-0.14756795,0,0,0,0,0
178,36875,-0.77858884,0.92419206,-0.15194012,-0.06992189,0.20020173,-0.13817566,0,0,0,0,0
179,37083,-0.81483085,0.90099775,-0.08576729,-0.08218825,0.18163885,-0.11482846,0,0,0,0,0
180,37291,-0.86443539,0.86820375,-0.01668398,-0.09080063,0.20635469,-0.10534921,0,0,0,0,0
181,37500,-0.88526303,0.84520017,0.04479931,-0.10449398,0.20141252,-0.10182431,0,0,0,0,0
182,37708,-0.92069574,0.80789700,0.11013192,-0.12482229,0.20960412,-0.08430352,0,0,0,0,0
183,37916,-0.93863321,0.76113566,0.17488425,-0.13318160,0.20476656,-0.05280215,0,0,0,0,0
184,38125,-0.95409809,0.71218277,0.23567794,-0.12157584,0.20139369,-0.04058880,0,0,0,0,0
185,38333,-0.96588667,0.66634760,0.30136776,-0.14452045,0.17567306,-0.05293756,0,0,0,0,0
186,38541,-0.98835580,0.62622761,0.35920045,-0.18182957,0.17356100,-0.04096816,0,0,0,0,0
187,38750,-0.99473754,0.56198944,0.43133299,-0.17389798,0.19479459,-0.02689006,0,0,0,0,0
188,38958,-0.99882390,0.50770070,0.47860196,-0.16623698,0.15395708,-0.00007446,0,0,0,0,0
189,39166,-0.99870424,0.45961293,0.54176605,-0.17660888,0.17670338,0.00694207,0,0,0,0,0
190,39375,-0.99292289,0.40310006,0.59403411,-0.18155016,0.15032927,0.01614636,0,0,0,0,0
191,39583,-0.98210759,0.34023902,0.64454014,-0.18364860,0.16808508,0.05772514,0,0,0,0,0
192,39791,-0.96796843,0.28044640,0.69353439,-0.18820038,0.15429460,0.04069653,0,0,0,0,0
193,40000,-0.95548757,0.21397515,0.73561196,-0.20047145,0.13811534,0.05476056,0,0,0,0,0
194,40208,-0.92812335,0.15462822,0.77929211,-0.19237239,0.13074366,0.08076423,0,0,0,0,0
195,40416,-0.89808067,0.08011995,0.82207870,-0.21035127,0.10541739,0.08763254,0,0,0,0,0
196,40625,-0.86743908,0.02902518,0.86031250,-0.21084283,0.10425654,0.09578353,0,0,0,0,0
197,40833,-0.83657768,-0.04125226,0.89075705,-0.20212563,0.10362001,0.11286113,0,0,0,0,0
198,41041,-0.80384270,-0.09955784,0.91116926,-0.20321958,0.09950960,0.13488515,0,0,0,0,0
199,41250,-0.76467527,-0.18009053,0.93848697,-0.20705485,0.07069014,0.11949660,0,0,0,0,0
200,41458,-0.71385363,-0.24218573,0.95772975,-0.19336691,0.05542980,0.15236120,0,0,0,0,0
201,41666,-0.67494060,-0.30466898,0.97390750,-0.19624882,0.06498066,0.14952555,0,0,0,0,0
202,41875,-0.63182749,-0.37070924,0.98955986,-0.18539040,0.03898018,0.17446823,0,0,0,0,0
203,42083,-0.57425567,-0.42065730,1.00164015,-0.17395343,-0.00158772,0.16120269,0,0,0,0,0
204,42291,-0.52278743,-0.49024908,0.99084194,-0.18153985,0.00584577,0.17517177,0,0,0,0,0
205,42500,-0.45030508,-0.54334038,0.99920314,-0.17263856,-0.00233503,0.19459489,0,0,0,0,0
206,42708,-0.40221077,-0.58721915,0.98844164,-0.16761403,-0.01336469,0.18676572,0,0,0,0,0
207,42916,-0.33884220,-0.64076044,0.98313567,-0.15638543,-0.03153711,0.19515654,0,0,0,0,0
208,43125,-0.27946204,-0.68953680,0.97750077,-0.13560684,-0.04301542,0.19216640,0,0,0,0,0
209,43333,-0.21221245,-0.74196201,0.95137283,-0.12504244,-0.06280753,0.20191721,0,0,0,0,0
210,43541,-0.15107470,-0.78037979,0.93180109,-0.12998683,-0.07106818,0.20255516,0,0,0,0,0
211,43750,-0.08188119,-0.82203137,0.90210163,-0.11340757,-0.07671025,0.20691138,0,0,0,0,0
212,43958,-0.01966099,-0.85869050,0.87075410,-0.11083517,-0.12215300,0.20133853,0,0,0,0,0
213,44166,0.04534754,-0.87982694,0.83333783,-0.08760707,-0.10364982,0.20595570,0,0,0,0,0
214,44375,0.09912961,-0.92368734,0.80767341,-0.08998196,-0.12406849,0.20663534,0,0,0,0,0
215,44583,0.17396176,-0.93841455,0.75985910,-0.07753530,-0.11873442,0.19784823,0,0,0,0,0
216,44791,0.23844370,-0.95905353,0.72158564,-0.06078049,-0.14534157,0.18087768,0,0,0,0,0
217,45000,0.30619190,-0.97418358,0.67534618,-0.03254551,-0.17037511,0.18783620,0,0,0,0,0
218,45208,0.36368998,-0.99319396,0.62835692,-0.02267873,-0.16997667,0.20340894,0,0,0,0,0
219,45416,0.43518059,-0.99489690,0.56914569,-0.00919944,-0.14469037,0.16624395,0,0,0,0,0
220,45625,0.48533815,-1.00053231,0.51634763,0.01082876,-0.17638769,0.17632522,0,0,0,0,0
221,45833,0.53524320,-0.99917608,0.45549555,0.00601933,-0.18108628,0.17268867,0,0,0,0,0
222,46041,0.58523349,-0.99124805,0.40659507,0.00681464,-0.17929893,0.15825226,0,0,0,0,0
223,46250,0.65129767,-0.98283182,0.35326276,0.03044966,-0.20064894,0.14231177,0,0,0,0,0
224,46458,0.68954790,-0.97022556,0.28493960,0.05605467,-0.18298986,0.13419861,0,0,0,0,0
225,46666,0.74606108,-0.95630135,0.22168402,0.04315955,-0.18576362,0.15593396,0,0,0,0,0
226,46875,0.78110159,-0.93033121,0.15335560,0.06623950,-0.18631927,0.12162613,0,0,0,0,0
227,47083,0.82561934,-0.90174462,0.08456842,0.08235681,-0.20767804,0.12938889,0,0,0,0,0
228,47291,0.85130007,-0.87798852,0.02172802,0.09838631,-0.19959541,0.09812416,0,0,0,0,0
229,47500,0.89935832,-0.84590695,-0.05148813,0.09433320,-0.21248694,0.08509831,0,0,0,0,0
230,47708,0.91864059,-0.81119006,-0.11014435,0.12401915,-0.19177056,0.07780559,0,0,0,0,0
231,47916,0.94723326,-0.76440606,-0.17639902,0.13814363,-0.19085182,0.07709984,0,0,0,0,0
232,48125,0.96688734,-0.72808404,-0.23538609,0.12512394,-0.20750241,0.05240788,0,0,0,0,0
233,48333,0.97500704,-0.65804982,-0.30650455,0.13277446,-0.18761957,0.04187068,0,0,0,0,0
234,48541,0.98254799,-0.62643209,-0.36204260,0.15282404,-0.20710406,0.02739746,0,0,0,0,0
235,48750,0.99403877,-0.57377898,-0.42869718,0.15429384,-0.17447963,0.00867176,0,0,0,0,0
236,48958,0.99614606,-0.51991225,-0.48176718,0.17873227,-0.16982684,-0.00174167,0,0,0,0,0
237,49166,1.00538628,-0.45572693,-0.53943227,0.17634119,-0.17716488,-0.00902028,0,0,0,0,0
238,49375,0.98304464,-0.39923851,-0.58861065,0.18277096,-0.16179692,-0.03561496,0,0,0,0,0
239,49583,0.98467587,-0.33993830,-0.65197631,0.17197997,-0.14925821,-0.03883753,0,0,0,0,0
240,49791,0.96998552,-0.27224191,-0.68396653,0.18365518,-0.14649196,-0.05154353,0,0,0,0,0
241,50000,0.95210522,-0.21255864,-0.75044513,0.19024895,-0.13038663,-0.06783364,0,0,0,0,0
242,50208,0.92775631,-0.15869453,-0.78265835,0.21010813,-0.11354812,-0.08126578,0,0,0,0,0
243,50416,0.90803687,-0.08668532,-0.81077819,0.18604052,-0.10604356,-0.08725499,0,0,0,0,0
244,50625,0.87533253,-0.01440093,-0.86153904,0.18782616,-0.09986768,-0.10712203,0,0,0,0,0
245,50833,0.84608639,0.04173547,-0.88497117,0.18948529,-0.07492078,-0.12149920,0,0,0,0,0
246,51041,0.81367640,0.10935359,-0.91032936,0.19852814,-0.08137305,-0.11853232,0,0,0,0,0
247,51250,0.77384702,0.17720090,-0.93819049,0.20416656,-0.06049228,-0.14338715,0,0,0,0,0
248,51458,0.72690303,0.23310401,-0.96123341,0.17713436,-0.05658190,-0.14040312,0,0,0,0,0
249,51666,0.66977882,0.30312715,-0.97875237,0.19431600,-0.04397347,-0.14420765,0,0,0,0,0
250,51875,0.62158036,0.36448941,-0.99134222,0.17204186,-0.04862552,-0.14475645,0,0,0,0,0
251,52083,0.57105445,0.42660245,-1.00140544,0.18072919,-0.00793721,-0.15468510,0,0,0,0,0
252,52291,0.51488900,0.47933174,-1.00206011,0.17264300,0.00223274,-0.17727709,0,0,0,0,0
253,52500,0.45969308,0.54430653,-1.00172800,0.17675332,0.00515688,-0.17090172,0,0,0,0,0
254,52708,0.41019285,0.58767993,-0.99918083,0.16444312,0.02083662,-0.18276553,0,0,0,0,0
255,52916,0.35141560,0.63841769,-0.98924349,0.14756052,0.04074624,-0.18661799,0,0,0,0,0
256,53125,0.28402125,0.69222957,-0.97643147,0.13430910,0.03922856,-0.18554254,0,0,0,0,0
257,53333,0.20705688,0.73505330,-0.96322152,0.13345496,0.06103525,-0.19215400,0,0,0,0,0
258,53541,0.15170125,0.79037315,-0.93508737,0.11707772,0.07062651,-0.20145809,0,0,0,0,0
259,53750,0.07593409,0.81767305,-0.90470096,0.12419423,0.08220571,-0.22369227,0,0,0,0,0
260,53958,0.02092187,0.86227297,-0.87144841,0.11870229,0.10363458,-0.22394197,0,0,0,0,0
261,54166,-0.03936227,0.88778594,-0.84088563,0.10026569,0.11418252,-0.20607483,0,0,0,0,0
262,54375,-0.10614964,0.90878478,-0.80562518,0.07907807,0.13131462,-0.19062610,0,0,0,0,0
263,54583,-0.17654852,0.93659143,-0.76134815,0.06642038,0.13182970,-0.18397397,0,0,0,0,0
264,54791,-0.24074203,0.95922542,-0.72003439,0.06838399,0.13113540,-0.19798966,0,0,0,0,0
265,55000,-0.29903776,0.98222874,-0.68022512,0.04447853,0.15458918,-0.18842947,0,0,0,0,0
266,55208,-0.36291949,0.98752598,-0.61731147,0.02423298,0.13936936,-0.17272022,0,0,0,0,0
267,55416,-0.42518790,0.99453031,-0.57329121,0.02572122,0.15561473,-0.18519298,0,0,0,0,0
268,55625,-0.47412450,0.99580455,-0.51590410,-0.01036932,0.17154583,-0.18584483,0,0,0,0,0
269,55833,-0.53813381,0.99605434,-0.46668648,-0.02913710,0.17993142,-0.16746795,0,0,0,0,0
270,56041,-0.58990078,0.99635106,-0.40783622,-0.03012324,0.17541265,-0.16349706,0,0,0,0,0
271,56250,-0.64720695,0.98977122,-0.33637371,-0.03091907,0.19543511,-0.14732866,0,0,0,0,0
272,56458,-0.69172891,0.97454240,-0.27549618,-0.03294394,0.20147373,-0.14714173,0,0,0,0,0
273,56666,-0.73858536,0.95840267,-0.20861742,-0.05882750,0.19696417,-0.14272682,0,0,0,0,0
274,56875,-0.78528299,0.92399860,-0.14380060,-0.08753013,0.19199151,-0.12813485,0,0,0,0,0
275,57083,-0.82606043,0.90413758,-0.07948436,-0.07994787,0.20721269,-0.11293091,0,0,0,0,0
276,57291,-0.85067633,0.88156810,-0.01782711,-0.09665441,0.21617052,-0.10593639,0,0,0,0,0
277,57500,-0.88571764,0.85197058,0.03441614,-0.12617082,0.20838974,-0.09635458,0,0,0,0,0
278,57708,-0.91855443,0.80132337,0.11647559,-0.12230774,0.20712161,-0.07441795,0,0,0,0,0
279,57916,-0.93696882,0.76658350,0.17565882,-0.11149021,0.18262985,-0.04567069,0,0,0,0,0
280,58125,-0.96273501,0.71877576,0.23369845,-0.15109591,0.20093285,-0.04288611,0,0,0,0,0
281,58333,-0.98359883,0.67784130,0.29843966,-0.14600281,0.18044251,-0.03884431,0,0,0,0,0
282,58541,-0.99113155,0.63013116,0.35627250,-0.17652894,0.20157721,-0.04728731,0,0,0,0,0
283,58750,-0.99279853,0.56507366,0.42450844,-0.15121838,0.18596426,-0.02955277,0,0,0,0,0
284,58958,-0.99407195,0.52040953,0.48190040,-0.18532563,0.17744345,-0.02723379,0,0,0,0,0
285,59166,-1.00673121,0.45837031,0.53669771,-0.16886212,0.17000511,0.01036291,0,0,0,0,0
286,59375,-0.98813967,0.39635939,0.59305296,-0.19321585,0.16474119,0.01349603,0,0,0,0,0
287,59583,-0.98627510,0.33903139,0.63908620,-0.20632721,0.15638692,0.01752659,0,0,0,0,0
288,59791,-0.96966016,0.27903357,0.70362430,-0.18559627,0.14833296,0.05108696,0,0,0,0,0
289,60000,-0.96119634,0.21098098,0.73623712,-0.19450721,0.13530814,0.06388757,0,0,0,0,0
290,60208,-0.93294347,0.15125586,0.78672511,-0.18915321,0.11651084,0.08849801,0,0,0,0,0
291,60416,-0.90711350,0.08627332,0.82489379,-0.18412312,0.13750104,0.08926431,0,0,0,0,0
292,60625,-0.88177308,0.01181544,0.85501539,-0.19318479,0.09804814,0.10188099,0,0,0,0,0
293,60833,-0.84019730,-0.05036012,0.88543676,-0.21177021,0.10041252,0.12402818,0,0,0,0,0
294,61041,-0.80349747,-0.11851546,0.91923606,-0.20398149,0.07588907,0.12082079,0,0,0,0,0
295,61250,-0.76595673,-0.18297077,0.93302423,-0.19666164,0.06688321,0.13457539,0,0,0,0,0
296,61458,-0.71947984,-0.24406562,0.97160703,-0.18951520,0.05756721,0.15179281,0,0,0,0,0
297,61666,-0.68269928,-0.30483948,0.97960080,-0.19872684,0.03167105,0.14068289,0,0,0,0,0
298,61875,-0.62149792,-0.36548778,0.99036499,-0.18729347,0.02300050,0.16630427,0,0,0,0,0
299,62083,-0.57593565,-0.42937631,0.99132646,-0.18454119,0.03739109,0.18211075,0,0,0,0,0
300,62291,-0.51826269,-0.48347926,0.99737645,-0.19809328,-0.00030181,0.16870261,0,0,0,0,0
301,62500,-0.46299481,-0.53992723,0.99938540,-0.18503312,-0.02689703,0.18495602,0,0,0,0,0
302,62708,-0.39858645,-0.58918678,0.98667985,-0.17216171,-0.00648171,0.18089126,0,0,0,0,0
303,62916,-0.34407637,-0.64223437,0.98586079,-0.14886993,-0.02683859,0.18886218,0,0,0,0,0
304,63125,-0.27859091,-0.70037660,0.96401937,-0.13705562,-0.03889464,0.18197598,0,0,0,0,0
305,63333,-0.21761900,-0.73927177,0.94620120,-0.12979361,-0.06125891,0.17595656,0,0,0,0,0
306,63541,-0.15409225,-0.78069769,0.92669165,-0.12439873,-0.08310627,0.20090400,0,0,0,0,0
307,63750,-0.08802077,-0.81611061,0.90607882,-0.11316087,-0.09153806,0.20123676,0,0,0,0,0
308,63958,-0.03316919,-0.86608669,0.86614489,-0.08467732,-0.09490305,0.19773444,0,0,0,0,0
309,64166,0.04252679,-0.88995119,0.84262782,-0.08610005,-0.12466331,0.18688175,0,0,0,0,0
310,64375,0.11763696,-0.91526359,0.80986776,-0.08936399,-0.12606385,0.20134100,0,0,0,0,0
311,64583,0.17363844,-0.93733733,0.76595946,-0.07750849,-0.13014098,0.21651933,0,0,0,0,0
312,64791,0.23527435,-0.95980225,0.73379028,-0.04782726,-0.12413764,0.20899818,0,0,0,0,0
313,65000,0.31231596,-0.96489274,0.67811367,-0.05353826,-0.13663697,0.18851412,0,0,0,0,0
314,65208,0.35612769,-0.98311276,0.61629710,-0.03009806,-0.16863390,0.19789652,0,0,0,0,0
315,65416,0.41827861,-0.99091090,0.57422801,-0.02450026,-0.16927455,0.16860676,0,0,0,0,0
316,65625,0.47366201,-1.00287346,0.51117565,-0.00499415,-0.17674519,0.15363031,0,0,0,0,0
317,65833,0.53936747,-1.00137415,0.45895838,0.00767673,-0.17134621,0.14755671,0,0,0,0,0
318,66041,0.58768789,-0.99864394,0.40373773,0.03185849,-0.18138900,0.15354620,0,0,0,0,0
319,66250,0.64200912,-0.99051946,0.34125616,0.04593719,-0.16279849,0.16434501,0,0,0,0,0
320,66458,0.69708262,-0.97271474,0.28067366,0.03531738,-0.19089043,0.14600333,0,0,0,0,0
321,66666,0.72971213,-0.94733141,0.22521652,0.07424404,-0.21315965,0.12924852,0,0,0,0,0
322,66875,0.78963174,-0.93248666,0.15489240,0.08638415,-0.18843039,0.12490765,0,0,0,0,0
323,67083,0.82417548,-0.91212871,0.08519886,0.08089191,-0.20438994,0.10147085,0,0,0,0,0
324,67291,0.86092793,-0.87082213,0.01610774,0.10044372,-0.19560763,0.12817805,0,0,0,0,0
325,67500,0.88115210,-0.83606744,-0.04162866,0.10115901,-0.19872876,0.08394788,0,0,0,0,0
326,67708,0.91780683,-0.80243655,-0.10212243,0.10232252,-0.20575418,0.07041943,0,0,0,0,0
327,67916,0.93988920,-0.76809783,-0.16460980,0.10432610,-0.19964252,0.06590734,0,0,0,0,0
328,68125,0.97321251,-0.72295490,-0.24404393,0.13698567,-0.19808782,0.02358528,0,0,0,0,0
329,68333,0.98194534,-0.66499107,-0.30007550,0.15762115,-0.18542099,0.03945063,0,0,0,0,0
330,68541,0.98599473,-0.62074496,-0.36513766,0.14959383,-0.19798565,0.01688678,0,0,0,0,0
331,68750,0.99564746,-0.57150920,-0.42179846,0.17419290,-0.19844211,0.01518750,0,0,0,0,0
332,68958,0.99444525,-0.52418089,-0.49187388,0.17016067,-0.17844498,-0.00417683,0,0,0,0,0
333,69166,0.99999752,-0.45978313,-0.54086165,0.18067381,-0.16837184,-0.01559132,0,0,0,0,0
334,69375,0.98296072,-0.40433824,-0.59375680,0.18194882,-0.15063374,-0.04591436,0,0,0,0,0
335,69583,0.98135289,-0.33628221,-0.64772295,0.19739046,-0.15114875,-0.02207448,0,0,0,0,0
336,69791,0.97269584,-0.27543525,-0.68984473,0.19773202,-0.15119566,-0.05395562,0,0,0,0,0
337,70000,0.95446044,-0.21003238,-0.74245299,0.18849351,-0.13442243,-0.06135250,0,0,0,0,0
338,70208,0.92093855,-0.15200112,-0.78289586,0.20719306,-0.11605873,-0.05982388,0,0,0,0,0
339,70416,0.89552313,-0.09769629,-0.81832596,0.20267254,-0.10837570,-0.05970448,0,0,0,0,0
340,70625,0.88360308,-0.02707416,-0.85700783,0.21088127,-0.11408045,-0.09849538,0,0,0,0,0
341,70833,0.84327791,0.04345131,-0.87827337,0.19893084,-0.08258931,-0.10667764,0,0,0,0,0
342,71041,0.80929747,0.11367140,-0.92637590,0.20058830,-0.09612462,-0.11999550,0,0,0,0,0
343,71250,0.75875540,0.17437467,-0.93814935,0.20078439,-0.06900505,-0.13521547,0,0,0,0,0
344,71458,0.72239997,0.23914925,-0.96101457,0.19986980,-0.05998651,-0.13471946,0,0,0,0,0
345,71666,0.67373150,0.30602591,-0.97295003,0.19626739,-0.03780878,-0.15011443,0,0,0,0,0
346,71875,0.61236916,0.36083127,-0.98293140,0.18439092,-0.03107849,-0.16052877,0,0,0,0,0
347,72083,0.57003598,0.42105653,-0.99558389,0.19534084,-0.03842460,-0.17686503,0,0,0,0,0
348,72291,0.51131637,0.48180564,-1.00468504,0.17509129,-0.01606297,-0.16248767,0,0,0,0,0
349,72500,0.45905800,0.53238145,-0.99786350,0.16148480,0.00895851,-0.15657195,0,0,0,0,0
350,72708,0.40802698,0.58333163,-0.98414477,0.15287713,0.00785662,-0.17747569,0,0,0,0,0
351,72916,0.34411312,0.63851121,-0.98732155,0.14245974,0.03860546,-0.18526390,0,0,0,0,0
352,73125,0.28060552,0.69311669,-0.97169610,0.14010939,0.04124876,-0.19575508,0,0,0,0,0
353,73333,0.21684381,0.73263012,-0.94103162,0.14633905,0.04153532,-0.18562919,0,0,0,0,0
354,73541,0.13797491,0.78308957,-0.93951511,0.14363039,0.08078886,-0.20536790,0,0,0,0,0
355,73750,0.09567192,0.82602071,-0.90526831,0.11288982,0.08128913,-0.19417276,0,0,0,0,0
356,73958,0.01956567,0.85564169,-0.88068617,0.10058329,0.11852768,-0.19797620,0,0,0,0,0
357,74166,-0.04373202,0.88771303,-0.83985305,0.09440606,0.10692887,-0.22184566,0,0,0,0,0
358,74375,-0.11361344,0.91148721,-0.80334825,0.07965840,0.11542479,-0.20503589,0,0,0,0,0
359,74583,-0.18056291,0.93581021,-0.76347131,0.06926714,0.12789166,-0.18720584,0,0,0,0,0
360,74791,-0.23302598,0.96156163,-0.72019996,0.05311910,0.14562583,-0.18260692,0,0,0,0,0
361,75000,-0.30820211,0.96800023,-0.66575687,0.04341291,0.14162146,-0.16533281,0,0,0,0,0
362,75208,-0.36974684,0.98224850,-0.63054574,0.02991608,0.14967732,-0.19254638,0,0,0,0,0
363,75416,-0.42635813,0.99812216,-0.57376074,0.01657735,0.15040705,-0.18889428,0,0,0,0,0
364,75625,-0.47683922,0.99975795,-0.52508192,-0.00846333,0.16172738,-0.16899121,0,0,0,0,0
365,75833,-0.53888311,0.99875699,-0.46049007,-0.00363300,0.18009703,-0.16930700,0,0,0,0,0
366,76041,-0.59982589,0.99402326,-0.40056400,-0.03590236,0.18200786,-0.16798958,0,0,0,0,0
367,76250,-0.64459257,0.98769448,-0.34471376,-0.05620539,0.17970166,-0.14773426,0,0,0,0,0
368,76458,-0.70025100,0.96532723,-0.28193544,-0.03844383,0.19606264,-0.13666985,0,0,0,0,0
369,76666,-0.73818977,0.96095952,-0.21442491,-0.06768414,0.18655023,-0.11823789,0,0,0,0,0
370,76875,-0.78832526,0.94727065,-0.14025677,-0.06033337,0.18380604,-0.13207085,0,0,0,0,0
371,77083,-0.81725802,0.90207137,-0.09314282,-0.07573169,0.19693681,-0.12556527,0,0,0,0,0
372,77291,-0.84813534,0.87390049,-0.02707592,-0.08955934,0.21285681,-0.08914187,0,0,0,0,0
373,77500,-0.89574882,0.83457792,0.03853380,-0.09568679,0.20532887,-0.10311771,0,0,0,0,0
374,77708,-0.91437520,0.80805122,0.10262309,-0.11816655,0.18019724,-0.06685602,0,0,0,0,0
375,77916,-0.93614333,0.77243066,0.16793491,-0.12574360,0.19779317,-0.07799609,0,0,0,0,0
376,78125,-0.96811186,0.72262297,0.23749008,-0.13616938,0.18503435,-0.06782499,0,0,0,0,0
377,78333,-0.97935235,0.67987006,0.30226084,-0.14344367,0.20181500,-0.03581078,0,0,0,0,0
378,78541,-0.99097761,0.62370953,0.36509828,-0.15437812,0.20470485,-0.03103180,0,0,0,0,0
379,78750,-0.99856825,0.57753423,0.43486372,-0.14759695,0.18844103,-0.01855472,0,0,0,0,0
380,78958,-0.99816658,0.51764676,0.48104922,-0.17923587,0.16711574,-0.00393692,0,0,0,0,0
381,79166,-0.99476975,0.45552439,0.53578996,-0.17867851,0.17163705,-0.00415877,0,0,0,0,0
382,79375,-0.99305175,0.40281723,0.59010936,-0.17257124,0.16235779,0.01406040,0,0,0,0,0
383,79583,-0.99113595,0.34305653,0.64928775,-0.18168692,0.16502004,0.03585152,0,0,0,0,0
384,79791,-0.97771157,0.27754140,0.69328020,-0.18683946,0.11687136,0.04410658,0,0,0,0,0
385,80000,-0.94951407,0.22423485,0.74059647,-0.20793955,0.12044235,0.04798324,0,0,0,0,0
386,80208,-0.93204733,0.15444176,0.78105945,-0.19643940,0.13916483,0.07596939,0,0,0,0,0
387,80416,-0.91184884,0.08671353,0.81566086,-0.21497519,0.08927192,0.09662217,0,0,0,0,0
388,80625,-0.87806597,0.02233163,0.86158787,-0.19076639,0.10276358,0.10775615,0,0,0,0,0
389,80833,-0.84437416,-0.04305222,0.89008132,-0.19229276,0.08875821,0.09158827,0,0,0,0,0
390,81041,-0.80175729,-0.10542998,0.91032402,-0.20095203,0.09343561,0.11946417,0,0,0,0,0
391,81250,-0.77024248,-0.16737013,0.94175095,-0.19089430,0.05820967,0.11855829,0,0,0,0,0
392,81458,-0.71979861,-0.23739609,0.95316210,-0.20249674,0.05536739,0.12269932,0,0,0,0,0
393,81666,-0.67006228,-0.30312241,0.98222962,-0.19064633,0.03022504,0.13597640,0,0,0,0,0
394,81875,-0.62417812,-0.36229710,0.99130459,-0.17646867,0.03328661,0.13662385,0,0,0,0,0
395,82083,-0.57722326,-0.41834809,0.98788160,-0.18080406,0.01730024,0.14057161,0,0,0,0,0
396,82291,-0.51490622,-0.48031856,0.99488934,-0.16516615,0.01025726,0.16916294,0,0,0,0,0
397,82500,-0.45773419,-0.52807010,1.00145478,-0.16741514,-0.00651296,0.17770920,0,0,0,0,0
398,82708,-0.40435216,-0.59678710,0.99281269,-0.16893980,-0.02389317,0.19025443,0,0,0,0,0
399,82916,-0.33589266,-0.65291033,0.97739878,-0.16436171,-0.02457568,0.19520071,0,0,0,0,0
400,83125,-0.28281862,-0.68613811,0.96790040,-0.13878085,-0.03847889,0.19926868,0,0,0,0,0
401,83333,-0.21293433,-0.74627420,0.96354876,-0.14839435,-0.06685066,0.18898146,0,0,0,0,0
402,83541,-0.14780137,-0.78208303,0.93548444,-0.13141589,-0.06769580,0.18440958,0,0,0,0,0
403,83750,-0.08171519,-0.82483420,0.90598497,-0.10409210,-0.08815467,0.20396247,0,0,0,0,0
404,83958,-0.01763386,-0.85959252,0.87037453,-0.09044497,-0.09380990,0.19916743,0,0,0,0,0
405,84166,0.04079825,-0.88236440,0.84210921,-0.08400388,-0.10134332,0.17909982,0,0,0,0,0
406,84375,0.10062380,-0.91564439,0.80956954,-0.09451654,-0.10377181,0.19619848,0,0,0,0,0
407,84583,0.16946490,-0.94182712,0.76284591,-0.06641588,-0.14424998,0.18934593,0,0,0,0,0
408,84791,0.24425683,-0.96924281,0.72555951,-0.04876204,-0.13882182,0.19332739,0,0,0,0,0
409,85000,0.30315733,-0.97881502,0.68220486,-0.02335104,-0.13638727,0.18476985,0,0,0,0,0
410,85208,0.36468702,-0.99240650,0.62788500,-0.02597419,-0.14748666,0.19218500,0,0,0,0,0
411,85416,0.43730736,-0.99178986,0.56527228,-0.02056823,-0.15283904,0.17639339,0,0,0,0,0
412,85625,0.47677228,-1.00346988,0.51129208,0.00025306,-0.16746740,0.18326682,0,0,0,0,0
413,85833,0.54253512,-0.99626348,0.45012928,-0.01079402,-0.16296547,0.18446317,0,0,0,0,0
414,86041,0.58102277,-0.98817230,0.40174813,0.02928358,-0.18664821,0.15408122,0,0,0,0,0
415,86250,0.64601350,-0.98669335,0.34442278,0.02635731,-0.17449758,0.14625797,0,0,0,0,0
416,86458,0.69282480,-0.97783611,0.28585365,0.04808370,-0.18934426,0.14866055,0,0,0,0,0
417,86666,0.73352795,-0.96430615,0.21469309,0.04115680,-0.19153076,0.12632059,0,0,0,0,0
418,86875,0.78689903,-0.92556756,0.15961705,0.06287597,-0.19391546,0.11150408,0,0,0,0,0
419,87083,0.82195753,-0.89844486,0.09006438,0.08323548,-0.20801010,0.11982174,0,0,0,0,0
420,87291,0.86022882,-0.87696655,0.02182118,0.11247669,-0.21687023,0.10130232,0,0,0,0,0
421,87500,0.89083296,-0.84581425,-0.04463068,0.10371488,-0.19884273,0.10860926,0,0,0,0,0
422,87708,0.91655918,-0.81016558,-0.11569744,0.12471581,-0.20342586,0.07442836,0,0,0,0,0
423,87916,0.94121191,-0.76179966,-0.17842118,0.13771930,-0.19360661,0.06688543,0,0,0,0,0
424,88125,0.96579680,-0.71567674,-0.25113068,0.14712925,-0.19606917,0.05929922,0,0,0,0,0
425,88333,0.98611424,-0.67290171,-0.30202313,0.13678478,-0.19721302,0.04894586,0,0,0,0,0
426,88541,0.98407370,-0.62227042,-0.36112404,0.15700744,-0.19226694,0.02791533,0,0,0,0,0
427,88750,0.99568365,-0.57600274,-0.41573288,0.17068351,-0.17794631,0.01068415,0,0,0,0,0
428,88958,0.99813551,-0.51870664,-0.48561720,0.18405694,-0.16381823,0.00633730,0,0,0,0,0
429,89166,0.99334043,-0.46311852,-0.54439525,0.17343377,-0.16762215,0.00405263,0,0,0,0,0
430,89375,0.98772987,-0.40100012,-0.59235069,0.19511996,-0.16662662,-0.03607710,0,0,0,0,0
431,89583,0.98446985,-0.33411502,-0.63726282,0.18619663,-0.15378245,-0.04670819,0,0,0,0,0
432,89791,0.97978140,-0.27468632,-0.69508215,0.20310334,-0.16481475,-0.05474210,0,0,0,0,0
433,90000,0.95232611,-0.21670311,-0.74744350,0.20012459,-0.13209968,-0.05848357,0,0,0,0,0
434,90208,0.92421831,-0.14396500,-0.78679627,0.21556782,-0.13696776,-0.06374916,0,0,0,0,0
435,90416,0.90370140,-0.08715978,-0.80982684,0.19349962,-0.10427221,-0.09371062,0,0,0,0,0
436,90625,0.87143694,-0.02463490,-0.85548445,0.20588644,-0.11879844,-0.08776324,0,0,0,0,0
437,90833,0.83163498,0.04772447,-0.88772317,0.19946684,-0.11708269,-0.10596105,0,0,0,0,0
438,91041,0.79696514,0.11708900,-0.91864962,0.21010189,-0.08259120,-0.11575633,0,0,0,0,0
439,91250,0.75904124,0.17419794,-0.93302900,0.19283778,-0.05158027,-0.14376431,0,0,0,0,0
440,91458,0.71542527,0.23818765,-0.96136372,0.18880935,-0.06575327,-0.13974638,0,0,0,0,0
441,91666,0.66960835,0.30763704,-0.97472448,0.21588634,-0.04969426,-0.13179635,0,0,0,0,0
442,91875,0.61282021,0.36266883,-0.99222536,0.18753562,-0.03509932,-0.13057906,0,0,0,0,0
443,92083,0.57287074,0.42091334,-0.99046596,0.19301103,-0.02189213,-0.15965723,0,0,0,0,0
444,92291,0.51163188,0.48695299,-1.00493003,0.16383513,0.00531549,-0.15872089,0,0,0,0,0
445,92500,0.45616267,0.53317382,-1.01013196,0.17672501,0.01356504,-0.16523688,0,0,0,0,0
446,92708,0.40875718,0.59085472,-0.98606177,0.16844842,0.01100701,-0.18727156,0,0,0,0,0
447,92916,0.33924396,0.64534846,-0.99160919,0.15270363,0.02139160,-0.17648026,0,0,0,0,0
448,93125,0.27909289,0.69143471,-0.97058901,0.13511745,0.05093541,-0.19064938,0,0,0,0,0
449,93333,0.22400428,0.74180497,-0.95807991,0.12559135,0.07486498,-0.18489061,0,0,0,0,0
450,93541,0.15773153,0.77371827,-0.93388803,0.12128783,0.08096797,-0.20429856,0,0,0,0,0
451,93750,0.09321275,0.81748864,-0.90263426,0.11271290,0.08791300,-0.19037700,0,0,0,0,0
452,93958,0.01141698,0.85356400,-0.87373097,0.10173986,0.08631815,-0.19974654,0,0,0,0,0
453,94166,-0.04518744,0.88854759,-0.84097451,0.09928870,0.10312832,-0.20735847,0,0,0,0,0
454,94375,-0.11338147,0.92389711,-0.80731620,0.08777394,0.12553414,-0.19375572,0,0,0,0,0
455,94583,-0.17525228,0.93507583,-0.76403420,0.08059598,0.12505311,-0.21028683,0,0,0,0,0
456,94791,-0.24300238,0.96035147,-0.71806110,0.07497346,0.15255225,-0.19649168,0,0,0,0,0
457,95000,-0.29341510,0.96735209,-0.68189004,0.05751920,0.13959897,-0.18657045,0,0,0,0,0
458,95208,-0.35711695,0.98991429,-0.62840734,0.02724589,0.17334696,-0.16771669,0,0,0,0,0
459,95416,-0.42723628,0.99167464,-0.56072191,0.01572502,0.18807025,-0.18466250,0,0,0,0,0
460,95625,-0.48794942,0.99117374,-0.51303081,0.01875261,0.16088261,-0.17613518,0,0,0,0,0
461,95833,-0.53248426,0.99926766,-0.45360954,-0.00947752,0.16504045,-0.16919733,0,0,0,0,0
462,96041,-0.58787166,0.99642924,-0.39672640,-0.02390393,0.18509511,-0.16231844,0,0,0,0,0
463,96250,-0.63963591,0.98010521,-0.33487632,-0.00891288,0.19077996,-0.14355745,0,0,0,0,0
464,96458,-0.69994111,0.97060836,-0.27495566,-0.05547172,0.17768311,-0.14365840,0,0,0,0,0
465,96666,-0.74410826,0.95549401,-0.21497033,-0.05961018,0.18171543,-0.14936731,0,0,0,0,0
466,96875,-0.77904595,0.93187947,-0.15648279,-0.08565594,0.18900450,-0.12806887,0,0,0,0,0
467,97083,-0.81718211,0.90488494,-0.08478068,-0.10245583,0.20391939,-0.13189820,0,0,0,0,0
468,97291,-0.85989331,0.87452189,-0.02747390,-0.11151001,0.20191774,-0.09810081,0,0,0,0,0
469,97500,-0.88463215,0.84335575,0.04623208,-0.11208915,0.20976394,-0.09262299,0,0,0,0,0
470,97708,-0.91474031,0.80846996,0.10971382,-0.12933755,0.20551152,-0.07176373,0,0,0,0,0
471,97916,-0.94526557,0.76883946,0.17543442,-0.11988977,0.19475173,-0.07973958,0,0,0,0,0
472,98125,-0.96217419,0.71751943,0.23113328,-0.13917962,0.17716516,-0.04511244,0,0,0,0,0
473,98333,-0.97333333,0.67701893,0.30500597,-0.15046562,0.20081947,-0.05781796,0,0,0,0,0
474,98541,-0.99421070,0.62541371,0.37138055,-0.16645404,0.19165061,-0.02614121,0,0,0,0,0
475,98750,-0.99452758,0.57064775,0.42926153,-0.14538322,0.17103662,-0.01434404,0,0,0,0,0
476,98958,-1.00176480,0.51846019,0.48652395,-0.15920688,0.17350614,0.00438414,0,0,0,0,0
477,99166,-0.99393626,0.46261361,0.54203123,-0.17785486,0.17961299,0.00983065,0,0,0,0,0
478,99375,-0.99904555,0.39869707,0.59184005,-0.17690019,0.15506802,0.00414984,0,0,0,0,0
479,99583,-0.97879019,0.34564809,0.64500686,-0.20174474,0.15530747,0.04045480,0,0,0,0,0
480,99791,-0.96641554,0.28490592,0.69206463,-0.18907311,0.14442068,0.05104459,0,0,0,0,0
481,100000,-0.95637564,0.21929248,0.73202354,-0.18954032,0.13071980,0.06617487,0,0,0,0,0
482,100208,-0.93213747,0.15164251,0.76820364,-0.21046135,0.10524453,0.08811683,0,0,0,0,0
483,100416,-0.89297066,0.08060601,0.80675397,-0.20203278,0.12074418,0.09016188,0,0,0,0,0
484,100625,-0.84528082,0.02445163,0.83292514,-0.20106167,0.11747129,0.11037565,0,0,0,0,0
485,100833,-0.79458162,-0.04484896,0.82268243,-0.20933173,0.09509247,0.11652573,0,0,0,0,0
486,101041,-0.72455264,-0.09857969,0.83326848,-0.23789543,0.09071313,0.12544892,0,0,0,0,0
487,101250,-0.65998927,-0.15207937,0.81723154,-0.21971024,0.07655185,0.16579805,0,0,0,0,0
488,101458,-0.59495715,-0.19795233,0.79137207,-0.27150729,0.06806804,0.21805124,0,0,0,0,0
489,101666,-0.51851499,-0.23003904,0.75539460,-0.34119753,0.08943018,0.26608030,0,0,0,0,0
490,101875,-0.43983400,-0.25704895,0.70464564,-0.40417768,0.07660009,0.33171213,0,0,0,0,0
491,102083,-0.39120241,-0.27112369,0.66667420,-0.50998086,0.05113457,0.43548288,0,0,0,0,0
492,102291,-0.30853592,-0.29436353,0.60984616,-0.58600071,0.01199959,0.58306688,0,0,0,0,0
493,102500,-0.25522886,-0.30526382,0.54858102,-0.72527375,-0.03319152,0.74905078,0,0,0,0,0
494,102708,-0.19163961,-0.29072877,0.48135193,-0.84434466,-0.09508400,0.96928751,0,0,0,0,0
495,102916,-0.14264054,-0.27196891,0.43380961,-0.99173076,-0.22151525,1.21505740,0,0,0,0,0
496,103125,-0.09734345,-0.26204631,0.35613674,-1.14591259,-0.37662003,1.51244343,0,0,0,0,0
497,103333,-0.07200649,-0.24414703,0.30315856,-1.25928747,-0.57625031,1.80862635,0,0,0,0,0
498,103541,-0.04410852,-0.22347545,0.25940627,-1.37547923,-0.80865378,2.16844938,0,0,0,0,1
499,103750,-0.01653145,-0.18806549,0.20539913,-1.45564827,-1.08046364,2.54522689,0,0,0,0,1
500,103958,-0.00203043,-0.16546744,0.15670545,-1.49694244,-1.39446205,2.90218382,0,0,0,0,1
501,104166,0.00872590,-0.13451726,0.14459279,-1.52579921,-1.76576189,3.26715662,0,0,0,0,1
502,104375,0.02364204,-0.11691473,0.10959588,-1.47223562,-2.15026330,3.62725537,0,0,0,0,1
503,104583,0.01894073,-0.10881485,0.09020041,-1.37997735,-2.59734817,3.94859252,0,0,0,0,1
504,104791,0.03659692,-0.10188736,0.07467934,-1.20663627,-3.00899018,4.23036631,0,0,0,0,1
505,105000,0.02990517,-0.09306987,0.06673265,-1.00536991,-3.45368716,4.45635920,0,0,0,0,1
506,105208,0.04147337,-0.09205236,0.07184825,-0.72722492,-3.85740574,4.62183258,0,0,0,0,1
507,105416,0.03690044,-0.10135383,0.06647584,-0.44559080,-4.29208239,4.73195527,0,0,0,0,1
508,105625,0.04793778,-0.09684613,0.04795529,-0.11310733,-4.72537784,4.81956195,0,0,0,0,1
509,105833,0.05356727,-0.09953023,0.04239677,0.27841247,-5.13158365,4.88970163,0,0,0,0,1
510,106041,0.05662720,-0.09786023,0.04850903,0.66844753,-5.55742791,4.88894447,0,0,0,0,1
511,106250,0.06187231,-0.09952103,0.02921236,1.12145607,-5.96436477,4.86016877,0,0,0,0,1
512,106458,0.07158876,-0.09797781,0.02493818,1.58497004,-6.34629395,4.79094042,0,0,0,0,1
513,106666,0.07418127,-0.10259668,0.01503244,2.07113256,-6.71524394,4.65656236,0,0,0,0,1
514,106875,0.08021568,-0.10323575,0.01298250,2.56931808,-7.04926033,4.45276478,0,0,0,0,1
515,107083,0.08633216,-0.08645756,0.01099709,3.12423100,-7.32651278,4.22091324,0,0,0,0,1
516,107291,0.08518430,-0.08255909,0.00310508,3.67742905,-7.58767392,3.92239522,0,0,0,0,1
517,107500,0.09219062,-0.08405948,-0.00883035,4.19791026,-7.79207687,3.58182789,0,0,0,0,1
518,107708,0.08795313,-0.08061515,0.00132196,4.74873351,-7.94417553,3.21278324,0,0,0,0,1
519,107916,0.09578216,-0.07981101,-0.02474972,5.27471592,-8.03555659,2.77251572,0,0,0,0,1
520,108125,0.10035325,-0.06701516,-0.02779875,5.78295699,-8.10182851,2.31049147,0,0,0,0,1
521,108333,0.09582657,-0.07414953,-0.03270315,6.26533853,-8.09323163,1.83172267,0,0,0,0,1
522,108541,0.09886995,-0.05578996,-0.03319802,6.74139393,-8.06157448,1.28338877,0,0,0,0,1
523,108750,0.09356098,-0.05714233,-0.05201300,7.18838578,-7.92993743,0.74443529,0,0,0,0,1
524,108958,0.10404767,-0.05726356,-0.04781704,7.58367465,-7.77357627,0.16831364,0,0,0,0,1
525,109166,0.10315169,-0.04533524,-0.05099493,7.93684094,-7.53088534,-0.40471903,0,0,0,0,1
526,109375,0.10526445,-0.03291021,-0.05817525,8.25193730,-7.25039246,-0.99999901,0,0,0,0,1
527,109583,0.10919478,-0.04618488,-0.06559150,8.53299068,-6.92970087,-1.57568362,0,0,0,0,1
528,109791,0.09378116,-0.02406967,-0.07446682,8.74406843,-6.54666178,-2.17411656,0,0,0,0,1
529,110000,0.08941931,-0.03225519,-0.07815050,8.88925536,-6.15397951,-2.75656624,0,0,0,0,1
530,110208,0.09680811,-0.02122194,-0.08248385,9.00075886,-5.68480924,-3.31228789,0,0,0,0,1
531,110416,0.08632011,-0.01218194,-0.08676321,9.06889010,-5.21199837,-3.86965562,0,0,0,0,1
532,110625,0.08303895,0.00421804,-0.09070183,9.10844674,-4.70879042,-4.40263068,0,0,0,0,1
533,110833,0.08440037,0.00098437,-0.08569879,9.10481513,-4.19124644,-4.91464716,0,0,0,0,1
534,111041,0.07905603,0.01158046,-0.09406926,9.04127209,-3.65367102,-5.42469179,0,0,0,0,1
535,111250,0.07952061,0.01459956,-0.08893939,8.95952355,-3.08998198,-5.87630891,0,0,0,0,1
536,111458,0.07125642,0.02809667,-0.09524570,8.83761829,-2.52459103,-6.31741329,0,0,0,0,1
537,111666,0.06335981,0.03828832,-0.09579491,8.66329943,-1.94869004,-6.74509470,0,0,0,0,1
538,111875,0.06478829,0.03927037,-0.09241112,8.45657613,-1.37091493,-7.11191950,0,0,0,0,1
539,112083,0.05954038,0.03172942,-0.09597009,8.23373474,-0.76575266,-7.48361013,0,0,0,0,1
540,112291,0.05160576,0.04208226,-0.10589619,7.95532024,-0.18188273,-7.77651637,0,0,0,0,1
541,112500,0.04487072,0.05130486,-0.09933052,7.64187595,0.41395785,-8.08903351,0,0,0,0,1
542,112708,0.03949023,0.05560187,-0.10299014,7.32632573,1.00712221,-8.33966219,0,0,0,0,1
543,112916,0.03399543,0.06331873,-0.10231579,6.96540866,1.59510617,-8.56837077,0,0,0,0,1
544,113125,0.02644629,0.06832267,-0.09952427,6.55874166,2.16823913,-8.75980617,0,0,0,0,1
545,113333,0.02581855,0.07347231,-0.09437128,6.11523273,2.76242755,-8.86301535,0,0,0,0,1
546,113541,0.01289081,0.07778253,-0.08673086,5.68314134,3.31885392,-8.98622158,0,0,0,0,1
547,113750,0.00101725,0.08270228,-0.08892352,5.22378328,3.85058998,-9.09378246,0,0,0,0,1
548,113958,0.01692722,0.08568568,-0.08391706,4.71302143,4.38634501,-9.08885390,0,0,0,0,1
549,114166,-0.00635877,0.09179145,-0.08098062,4.19379469,4.89678948,-9.09866857,0,0,0,0,1
550,114375,-0.01411888,0.09606216,-0.08134858,3.65529329,5.41135317,-9.05637487,0,0,0,0,1
551,114583,-0.00587248,0.09424487,-0.07634283,3.09456442,5.86883053,-8.96694851,0,0,0,0,1
552,114791,-0.02988765,0.09003209,-0.06985550,2.53248305,6.30871700,-8.83211013,0,0,0,0,1
553,115000,-0.02861687,0.09539952,-0.07202370,1.97453441,6.72003422,-8.66593250,0,0,0,0,1
554,115208,-0.03510798,0.09541459,-0.05733007,1.38108592,7.09865137,-8.48096731,0,0,0,0,1
555,115416,-0.04388529,0.10240157,-0.05815292,0.78065297,7.45781661,-8.23684138,0,0,0,0,1
556,115625,-0.05742656,0.10067021,-0.05258631,0.18572282,7.77587234,-7.98730698,0,0,0,0,1
557,115833,-0.05809260,0.10327175,-0.04561358,-0.42785957,8.07317751,-7.66853464,0,0,0,0,1
558,116041,-0.06075525,0.09788261,-0.04348998,-1.02698853,8.32385843,-7.33156863,0,0,0,0,1
559,116250,-0.05144654,0.08887883,-0.03273863,-1.61500404,8.56040237,-6.96073427,0,0,0,0,1
560,116458,-0.08192395,0.10012159,-0.02357980,-2.17329310,8.74327571,-6.56685097,0,0,0,0,1
561,116666,-0.07010330,0.09392934,-0.02380426,-2.73222106,8.87323581,-6.15214903,0,0,0,0,1
562,116875,-0.07599051,0.09423174,-0.01591671,-3.31530022,8.99434784,-5.66842028,0,0,0,0,1
563,117083,-0.08173112,0.09937946,-0.01347452,-3.84754582,9.06362674,-5.19407393,0,0,0,0,1
564,117291,-0.08582344,0.08019665,-0.00302310,-4.39553426,9.08513659,-4.69727761,0,0,0,0,1
565,117500,-0.09326496,0.08512281,0.00433493,-4.90567201,9.08586441,-4.19298787,0,0,0,0,1
566,117708,-0.09246838,0.07993455,0.00902979,-5.39610271,9.04906567,-3.63677941,0,0,0,0,1
567,117916,-0.09125123,0.07467776,0.01402955,-5.85648484,8.96555489,-3.09513789,0,0,0,0,1
568,118125,-0.10236877,0.06538577,0.02809334,-6.30489183,8.83404364,-2.51924734,0,0,0,0,1
569,118333,-0.10537706,0.06386532,0.02997235,-6.71863316,8.67697230,-1.95546166,0,0,0,0,1
570,118541,-0.10642798,0.06640397,0.03226113,-7.08447431,8.45466713,-1.37465408,0,0,0,0,1
571,118750,-0.11005751,0.05470090,0.04449212,-7.47381359,8.23657273,-0.78431919,0,0,0,0,1
572,118958,-0.10424906,0.04443743,0.04566208,-7.79143199,7.96974711,-0.17002909,0,0,0,0,1
573,119166,-0.09653553,0.03830368,0.05271093,-8.09492211,7.67084086,0.41624299,0,0,0,0,1
574,119375,-0.10126356,0.04131967,0.06832269,-8.33949169,7.33572195,1.00742567,0,0,0,0,1
575,119583,-0.09743325,0.04438732,0.05589317,-8.54878212,6.94775317,1.59976917,0,0,0,0,1
576,119791,-0.09507555,0.03169102,0.07074511,-8.74060470,6.55232654,2.17397675,0,0,0,0,1
577,120000,-0.10423411,0.02524992,0.07074631,-8.89342451,6.14234552,2.75873675,0,0,0,0,1
578,120208,-0.08854275,0.02240474,0.08168727,-8.99498759,5.68513524,3.30028176,0,0,0,0,1
579,120416,-0.08123057,0.01247114,0.07300007,-9.08756556,5.19942189,3.86056146,0,0,0,0,1
580,120625,-0.08599164,0.00362289,0.08492800,-9.09915027,4.69837112,4.37657184,0,0,0,0,1
581,120833,-0.07597911,-0.01234695,0.09571840,-9.08695738,4.16739391,4.90558025,0,0,0,0,1
582,121041,-0.07639251,0.00451579,0.09141345,-9.04182548,3.65203785,5.40586206,0,0,0,0,1
583,121250,-0.07505085,-0.01835004,0.09179861,-8.94849046,3.08509537,5.83980599,0,0,0,0,1
584,121458,-0.07272528,-0.02072203,0.09368974,-8.84263320,2.52973993,6.30496501,0,0,0,0,1
585,121666,-0.05821534,-0.03632056,0.09602477,-8.69610523,1.96487021,6.72440569,0,0,0,0,1
586,121875,-0.06581683,-0.03160227,0.10220261,-8.48461860,1.36082100,7.11742644,0,0,0,0,1
587,122083,-0.05899556,-0.04327918,0.10331830,-8.25041330,0.78331331,7.46122104,0,0,0,0,1
588,122291,-0.04852622,-0.04818221,0.09506763,-7.97241111,0.16741103,7.78115791,0,0,0,0,1
589,122500,-0.04258099,-0.05451794,0.10446494,-7.66810172,-0.40245306,8.08686367,0,0,0,0,1
590,122708,-0.04489273,-0.06413678,0.09392737,-7.33021462,-1.00386439,8.34365873,0,0,0,0,1
591,122916,-0.03862285,-0.07299939,0.09603843,-6.97643742,-1.59927786,8.55004371,0,0,0,0,1
592,123125,-0.03146427,-0.06250532,0.09510945,-6.55523125,-2.19121168,8.74277151,0,0,0,0,1
593,123333,-0.02740560,-0.07435021,0.09890348,-6.14247343,-2.74161903,8.89448899,0,0,0,0,1
594,123541,-0.01064347,-0.07551057,0.09647670,-5.67392633,-3.32463611,8.98322963,0,0,0,0,1
595,123750,-0.00195631,-0.08444677,0.09650525,-5.19135884,-3.86138339,9.07936548,0,0,0,0,1
596,123958,-0.00335472,-0.08447873,0.09027921,-4.71245576,-4.40111545,9.10078174,0,0,0,0,1
597,124166,0.01160946,-0.09130742,0.08683801,-4.18797973,-4.89375238,9.09864077,0,0,0,0,1
598,124375,0.01204515,-0.08711596,0.06954511,-3.64961333,-5.39605882,9.04543273,0,0,0,0,1
599,124583,0.01514457,-0.09566251,0.07311302,-3.09583209,-5.88295862,8.96262442,0,0,0,0,1
600,124791,0.02330753,-0.09721229,0.07070845,-2.51550220,-6.28399890,8.83164079,0,0,0,0,1
601,125000,0.02930667,-0.09601457,0.05849774,-1.95698103,-6.71835610,8.68596837,0,0,0,0,1
602,125208,0.03763508,-0.10127026,0.06036758,-1.37045503,-7.09535787,8.49399530,0,0,0,0,1
603,125416,0.04010168,-0.09624163,0.06055104,-0.77062365,-7.46806151,8.24256523,0,0,0,0,1
604,125624,0.06036437,-0.10723364,0.05623693,-0.18010358,-7.78251390,7.98554964,0,0,0,0,1
605,125833,0.04986674,-0.10261234,0.04608874,0.42628509,-8.07562210,7.67106446,0,0,0,0,1
606,126041,0.06037462,-0.09357374,0.03873702,1.01346978,-8.32526280,7.31117410,0,0,0,0,1
607,126250,0.06376492,-0.09934596,0.03487946,1.58788624,-8.55823265,6.95542427,0,0,0,0,1
608,126458,0.05930683,-0.09348893,0.02461225,2.17949460,-8.73873225,6.56012476,0,0,0,0,1
609,126666,0.06334078,-0.09917269,0.02845204,2.75107865,-8.87495903,6.15218639,0,0,0,0,1
610,126874,0.07633459,-0.08341284,0.01183929,3.31914497,-8.99820016,5.67756892,0,0,0,0,1
611,127083,0.06498039,-0.08844673,0.00005367,3.87854544,-9.07030774,5.19817694,0,0,0,0,1
612,127291,0.07632419,-0.09376438,0.01023469,4.37236292,-9.10084216,4.71436711,0,0,0,0,1
613,127500,0.07957785,-0.08735352,-0.00361291,4.90586477,-9.06814269,4.18989663,0,0,0,0,1
614,127708,0.09191698,-0.08633358,-0.01203883,5.38820487,-9.04311067,3.65209795,0,0,0,0,1
615,127916,0.09074838,-0.07524119,-0.01447847,5.86554195,-8.96186411,3.10339615,0,0,0,0,1
616,128124,0.09631315,-0.08183446,-0.01848118,6.31289626,-8.83922699,2.52677522,0,0,0,0,1
617,128333,0.10148909,-0.06440810,-0.02639377,6.70762817,-8.68304415,1.95198433,0,0,0,0,1
618,128541,0.09527714,-0.05590819,-0.02966797,7.10659297,-8.46575155,1.36551717,0,0,0,0,1
619,128750,0.09465210,-0.05478163,-0.04942970,7.46809560,-8.23681619,0.78540785,0,0,0,0,1
620,128958,0.10367702,-0.05726686,-0.04756290,7.78455229,-7.98687647,0.18796556,0,0,0,0,1
621,129166,0.10385710,-0.05185051,-0.05269124,8.08946872,-7.66701072,-0.39816918,0,0,0,0,1
622,129374,0.10068960,-0.04628683,-0.05493450,8.32792658,-7.32706481,-1.01021650,0,0,0,0,1
623,129583,0.09489462,-0.03149014,-0.06650193,8.56204094,-6.96633943,-1.60206631,0,0,0,0,1
624,129791,0.10472201,-0.03010145,-0.06876900,8.74780496,-6.54867840,-2.17012028,0,0,0,0,1
625,130000,0.10178597,-0.01432880,-0.07245559,8.86663778,-6.13941471,-2.75725453,1,0,1,0,1
626,130208,0.09045239,-0.01243223,-0.08842705,8.99119325,-5.68450978,-3.32596148,1,0,1,0,1
627,130416,0.09717463,0.00132681,-0.08613729,9.07657481,-5.19298826,-3.85837885,1,0,1,0,1
628,130624,0.08881187,-0.00697487,-0.07854480,9.11403691,-4.71090249,-4.37900523,1,0,1,0,1
629,130833,0.07377201,-0.00376441,-0.09650959,9.09149776,-4.18515290,-4.92576502,1,0,1,0,1
630,131041,0.08142895,0.00670754,-0.09273152,9.06193068,-3.63867093,-5.40552115,1,0,1,0,1
631,131250,0.06386868,0.01291926,-0.09970429,8.95620478,-3.09711534,-5.86465207,1,0,1,0,1
632,131458,0.06951643,0.02332248,-0.08634683,8.82876045,-2.52458794,-6.30416858,1,0,1,0,1
633,131666,0.06462176,0.02703063,-0.09190811,8.67975053,-1.93960007,-6.72671002,1,0,1,0,1
634,131875,0.07105522,0.04113209,-0.11198278,8.47125822,-1.36895137,-7.11865901,1,0,1,0,1
635,132083,0.05453245,0.04385210,-0.10256840,8.24550894,-0.76618593,-7.47737119,1,0,1,0,1
636,132291,0.04301080,0.04661523,-0.10705449,7.95947612,-0.17948583,-7.77746927,1,0,1,0,1
637,132500,0.04350873,0.05519281,-0.09885557,7.67675224,0.41141025,-8.07338881,1,0,1,0,1
638,132708,0.04602617,0.06551678,-0.09854947,7.32940540,1.00784951,-8.33809299,1,0,1,0,1
639,132916,0.02750602,0.06596021,-0.09648097,6.96127637,1.57952414,-8.55716495,1,0,1,0,1
640,133125,0.03009637,0.07577685,-0.09379497,6.56690075,2.18943434,-8.73299920,1,0,1,0,1
641,133333,0.02489157,0.07731675,-0.09138840,6.12292733,2.73398120,-8.89687968,1,0,1,0,1
642,133541,0.02551041,0.07986685,-0.09757652,5.67239542,3.30760037,-8.99984758,1,0,1,0,1
643,133750,0.00481143,0.08389803,-0.08883536,5.19393346,3.86193688,-9.07541817,1,0,1,0,1
644,133958,0.00367020,0.07691963,-0.07987252,4.71067928,4.39021243,-9.09626760,1,0,1,0,1
645,134166,0.00197458,0.08827577,-0.08011419,4.18063685,4.89482213,-9.09685563,1,0,1,0,1
646,134375,-0.00780351,0.09217261,-0.07237847,3.66110976,5.39717832,-9.03430756,1,0,1,0,1
647,134583,-0.01800639,0.09841757,-0.07891542,3.08728725,5.86704942,-8.96081681,1,0,1,0,1
648,134791,-0.03120188,0.08717666,-0.07648115,2.53143588,6.29771659,-8.81962925,1,0,1,0,1
649,135000,-0.02425912,0.09881730,-0.06828525,1.95707365,6.72872974,-8.66565709,1,0,1,0,1
650,135208,-0.03649424,0.10690108,-0.06204614,1.36424079,7.09979196,-8.46403585,1,0,1,0,1
651,135416,-0.05203504,0.10124337,-0.05908251,0.77267182,7.46033263,-8.25333703,1,0,1,0,1
652,135625,-0.04639928,0.10449997,-0.05302390,0.17252341,7.78672702,-7.96154375,1,0,1,0,1
653,135833,-0.05552374,0.10632087,-0.04686916,-0.41100311,8.07634483,-7.65551882,1,0,1,0,1
654,136041,-0.06186960,0.10185267,-0.03947194,-0.99762433,8.33619070,-7.35184848,1,0,1,0,1
655,136250,-0.06303935,0.09623047,-0.03172250,-1.60725054,8.53709448,-6.96160062,1,0,1,0,1
656,136458,-0.07132061,0.09330069,-0.03279511,-2.16816934,8.74839884,-6.55886752,1,0,1,0,1
657,136666,-0.07328827,0.09948203,-0.00855843,-2.73717751,8.88841089,-6.12978328,1,0,1,0,1
658,136875,-0.07428752,0.09512897,-0.01402718,-3.32373337,9.00053136,-5.68953008,1,0,1,0,1
659,137083,-0.08035722,0.08647570,-0.00968824,-3.86930472,9.06497873,-5.20857485,1,0,1,0,1
660,137291,-0.08862848,0.08839906,-0.00795090,-4.41215451,9.09780163,-4.70527589,1,0,1,0,1
661,137500,-0.09590332,0.08927213,0.00944634,-4.90571404,9.11383221,-4.18272246,1,0,1,0,1
662,137708,-0.08957057,0.07998384,0.01401424,-5.39581286,9.04694059,-3.66927634,1,0,1,0,1
663,137916,-0.08960906,0.07883017,0.01702662,-5.87018134,8.95179565,-3.08357037,1,0,1,0,1
664,138125,-0.09729672,0.06239518,0.02594337,-6.31560229,8.83875900,-2.53041129,1,0,1,0,1
665,138333,-0.09061662,0.06966654,0.02930582,-6.70010163,8.67018762,-1.94555509,1,0,1,0,1
666,138541,-0.10451477,0.06426316,0.04681736,-7.12316297,8.46563333,-1.36705307,1,0,1,0,1
667,138750,-0.09832800,0.05179303,0.03890423,-7.45926980,8.23619125,-0.77121281,1,0,1,0,1
668,138958,-0.09580598,0.04726619,0.05312600,-7.78777648,7.98121529,-0.18867920,1,0,1,0,1
669,139166,-0.09841564,0.05250668,0.05397981,-8.06902689,7.66429877,0.42776047,1,0,1,0,1
670,139375,-0.09989138,0.04528233,0.06672279,-8.33414809,7.33262522,0.99364693,1,0,1,0,1
671,139583,-0.10001585,0.02494503,0.07007816,-8.56110211,6.94995877,1.59655549,1,0,1,0,1
672,139791,-0.09415473,0.03238493,0.07733094,-8.75065921,6.56579136,2.18239411,1,0,1,0,1
673,140000,-0.09945578,0.02631014,0.07527621,-8.88182715,6.12615098,2.75163013,1,0,1,1,1
674,140208,-0.10035367,0.01729596,0.07500311,-9.00748509,5.68779010,3.32229272,1,0,1,1,1
675,140416,-0.08899043,0.01204861,0.08414677,-9.05353352,5.21227170,3.85282751,1,0,1,1,1
676,140625,-0.08465685,0.00213343,0.08849107,-9.09297221,4.69841705,4.38224015,1,0,1,1,1
677,140833,-0.08441618,-0.00541338,0.09330518,-9.08290936,4.18579987,4.90225321,1,0,1,1,1
678,141041,-0.07523060,-0.01599622,0.09237772,-9.04432528,3.65345195,5.39785028,1,0,1,1,1
679,141250,-0.07427425,-0.02819383,0.08786004,-8.94467908,3.09811060,5.86197091,1,0,1,1,1
680,141458,-0.08115015,-0.02123452,0.09351269,-8.83273726,2.52412951,6.32153762,1,0,1,1,1
681,141666,-0.06987293,-0.04062129,0.09925234,-8.68345634,1.94008029,6.70147787,1,0,1,1,1
682,141875,-0.06167373,-0.03913231,0.09953945,-8.48348386,1.36809670,7.11453769,1,0,1,1,1
683,142083,-0.05571402,-0.04672387,0.10246886,-8.25466440,0.78672932,7.45767419,1,0,1,1,1
684,142291,-0.04908861,-0.04750705,0.09627053,-7.96145271,0.20147751,7.80572667,1,0,1,1,1
685,142500,-0.04047728,-0.06198044,0.10189877,-7.65569688,-0.41688871,8.09366625,1,0,1,1,1
686,142708,-0.04763423,-0.05900898,0.10058565,-7.32711949,-1.00975961,8.33745863,1,0,1,1,1
687,142916,-0.03670712,-0.06232140,0.09856295,-6.95029215,-1.60989475,8.55347093,1,0,1,1,1
688,143125,-0.02366945,-0.06929417,0.09843646,-6.54339463,-2.17184106,8.74449768,1,0,1,1,1
689,143333,-0.02641092,-0.07084830,0.09814776,-6.13985611,-2.75963748,8.87832660,1,0,1,1,1
690,143541,-0.01175693,-0.08603255,0.09309716,-5.68132095,-3.31545833,8.98210292,1,0,1,1,1
691,143750,-0.00907790,-0.08218923,0.09459977,-5.21418327,-3.84264885,9.06386588,1,0,1,1,1
692,143958,-0.00473668,-0.08665440,0.09248119,-4.71917081,-4.38418201,9.09534306,1,0,1,1,1
693,144166,0.00364026,-0.09676003,0.08760744,-4.17227311,-4.88538579,9.10088705,1,0,1,1,1
694,144375,0.01453208,-0.08998478,0.08110906,-3.64680064,-5.38353222,9.04363712,1,0,1,1,1
695,144583,0.00725130,-0.08611597,0.08319746,-3.09461522,-5.85811957,8.96566948,1,0,1,1,1
696,144791,0.01644956,-0.09594391,0.06325622,-2.53019054,-6.31873122,8.84733221,1,0,1,1,1
697,145000,0.02626099,-0.08942267,0.06526125,-1.95693864,-6.72232282,8.68559651,1,0,1,1,1
698,145208,0.03811036,-0.10329706,0.05942985,-1.35589777,-7.10786918,8.47071443,1,0,1,1,1
699,145416,0.04573357,-0.09423593,0.06030218,-0.77574031,-7.46277271,8.23625392,1,0,1,1,1
700,145625,0.04862335,-0.09870664,0.04679435,-0.18274628,-7.79636334,7.96058036,1,0,1,1,1
701,145833,0.04905043,-0.09661947,0.04167115,0.41416411,-8.08175837,7.66091441,1,0,1,1,1
702,146041,0.06206201,-0.10489373,0.04099846,1.01477791,-8.34862785,7.33956808,1,0,1,1,1
703,146250,0.06651963,-0.09231416,0.03235896,1.59971286,-8.54943628,6.95080408,1,0,1,1,1
704,146458,0.06707572,-0.10490580,0.02495699,2.19085475,-8.75484318,6.58645410,1,0,1,1,1
705,146666,0.07960012,-0.09756309,0.01194921,2.76253802,-8.88846938,6.13563765,1,0,1,1,1
706,146875,0.07744370,-0.08512968,0.01796570,3.30406574,-8.98557360,5.68548094,1,0,1,1,1
707,147083,0.08146223,-0.08845522,0.00792415,3.87378860,-9.07679851,5.23077545,1,0,1,1,1
708,147291,0.09060343,-0.09023546,0.00318877,4.37282885,-9.09675610,4.69400292,1,0,1,1,1
709,147500,0.09546770,-0.08419698,-0.00346364,4.91673803,-9.09149115,4.18611620,1,0,1,1,1
710,147708,0.09487200,-0.08124313,-0.01377879,5.39824719,-9.04303450,3.64424140,1,0,1,1,1
711,147916,0.09523461,-0.07913703,-0.02531616,5.86162631,-8.96568635,3.08034654,1,0,1,1,1
712,148125,0.10971460,-0.06648039,-0.01445439,6.30804116,-8.80906441,2.53344700,1,0,1,1,1
713,148333,0.09846108,-0.06241039,-0.03183049,6.70785813,-8.67639514,1.95995178,1,0,1,1,1
714,148541,0.09861183,-0.06374071,-0.03217888,7.10036122,-8.47754432,1.35534160,1,0,1,1,1
715,148750,0.10331069,-0.05011175,-0.04467478,7.44790506,-8.25027934,0.76701839,1,0,1,1,1
716,148958,0.09210466,-0.05657862,-0.05068773,7.79464191,-7.97140286,0.17806208,1,0,1,1,1
717,149166,0.09761423,-0.04608171,-0.04610350,8.07299185,-7.68685058,-0.41810826,1,0,1,1,1
718,149375,0.09864220,-0.03667659,-0.05849091,8.33933295,-7.31035965,-1.01211620,1,0,1,1,1
719,149583,0.09595657,-0.03223860,-0.05679444,8.57321998,-6.97093754,-1.58515493,1,0,1,1,1
720,149791,0.09684937,-0.03027719,-0.06932325,8.73603621,-6.55987239,-2.18096577,1,0,1,1,1
721,150000,0.09345811,-0.01731289,-0.07632142,8.88422287,-6.14760364,-2.76176838,1,0,1,1,1
722,150208,0.09478739,-0.02517100,-0.07785076,9.00745378,-5.69124134,-3.30503118,1,0,1,1,1
723,150416,0.09027743,-0.01209886,-0.08404187,9.05764489,-5.20617131,-3.86538721,1,0,1,1,1
724,150625,0.08784948,0.00535280,-0.08775056,9.09036368,-4.72187859,-4.39206527,1,0,1,1,1
725,150833,0.08233079,0.00591055,-0.09206359,9.08948459,-4.18306547,-4.90604899,1,0,1,1,1
726,151041,0.08098110,0.00694998,-0.10040722,9.04402955,-3.63342874,-5.38410246,1,0,1,1,1
727,151250,0.07265324,0.01900211,-0.09312217,8.95439970,-3.08367184,-5.86934953,1,0,1,1,1
728,151458,0.07066149,0.02432549,-0.09527778,8.82396770,-2.52384057,-6.30703839,1,0,1,1,1
729,151666,0.06988275,0.03089144,-0.09352229,8.67847742,-1.95642431,-6.71775432,1,0,1,1,1
730,151875,0.06344304,0.03654989,-0.09802349,8.47994411,-1.37570426,-7.11231609,1,0,1,1,1
731,152083,0.05480710,0.04017078,-0.10690046,8.23321762,-0.78092254,-7.44500682,1,0,1,1,1
732,152291,0.04715981,0.04671730,-0.09217219,7.96962722,-0.18170083,-7.77714109,1,0,1,1,1
733,152500,0.04969402,0.04756856,-0.10799557,7.67345121,0.40677125,-8.06827776,1,0,1,1,1
734,152708,0.03652259,0.07157183,-0.10771699,7.33533457,0.99795541,-8.31422619,1,0,1,1,1
735,152916,0.02809335,0.05924714,-0.09388917,6.95664364,1.59550906,-8.54922169,1,0,1,1,1
736,153125,0.01463623,0.06082674,-0.08629806,6.57086515,2.16282548,-8.73994068,1,0,1,1,1
737,153333,0.02542648,0.07197388,-0.09775598,6.15885195,2.74007488,-8.89125041,1,0,1,1,1
738,153541,0.00722582,0.07421594,-0.08376291,5.67975897,3.31572034,-9.01285059,1,0,1,1,1
739,153750,0.00573538,0.07530525,-0.08590694,5.20343568,3.88034625,-9.06014831,1,0,1,1,1
740,153958,0.00476781,0.08877271,-0.09052303,4.71653572,4.39749383,-9.10238999,1,0,1,1,1
741,154166,0.00046450,0.09026257,-0.08081829,4.17351735,4.90031242,-9.08744364,1,0,1,1,1
742,154375,-0.01417361,0.09182990,-0.08574930,3.66247510,5.38626893,-9.04660569,1,0,1,1,1
743,154583,-0.01057456,0.08864158,-0.07121285,3.10440407,5.86287633,-8.97107935,1,0,1,1,1
744,154791,-0.02732739,0.09701884,-0.07482779,2.52252894,6.30713102,-8.81832481,1,0,1,1,1
745,155000,-0.02387295,0.10112189,-0.05973938,1.96550502,6.73711284,-8.68830477,1,0,1,1,1
746,155208,-0.03543464,0.09549436,-0.06582001,1.38301601,7.11246717,-8.46513196,1,0,1,1,1
747,155416,-0.04137966,0.09857904,-0.04912630,0.76637369,7.47887258,-8.22283636,1,0,1,1,1
748,155625,-0.04882057,0.09847939,-0.04343489,0.17615999,7.79200984,-7.99480541,1,0,1,1,1
749,155833,-0.05035072,0.09488277,-0.04630513,-0.41019120,8.06818226,-7.66248954,1,0,1,1,1
750,156041,-0.05249279,0.09973615,-0.03409503,-1.00847745,8.33607947,-7.32243649,1,0,1,1,1
751,156250,-0.06703588,0.09117413,-0.03209489,-1.59349858,8.55348626,-6.95936958,1,0,1,1,1
752,156458,-0.07216761,0.09638532,-0.02941725,-2.18701919,8.74851528,-6.54669784,1,0,1,1,1
753,156666,-0.07257474,0.09376040,-0.01797490,-2.75127498,8.88869920,-6.14078483,1,0,1,1,1
754,156875,-0.07877893,0.08771339,-0.00784293,-3.30786041,9.00731639,-5.67025200,1,0,1,1,1
755,157083,-0.08019635,0.09771679,-0.00556460,-3.85090478,9.05303062,-5.20113109,1,0,1,1,1
756,157291,-0.09067610,0.09205805,0.00526152,-4.41222683,9.11063676,-4.72118341,1,0,1,1,1
757,157500,-0.08747280,0.08205616,0.00489974,-4.91242563,9.07767942,-4.19262835,1,0,1,1,1
758,157708,-0.09831668,0.07591843,0.00515413,-5.38938682,9.04435591,-3.64456804,1,0,1,1,1
759,157916,-0.10117178,0.07621310,0.01861122,-5.87440763,8.95413224,-3.11610420,1,0,1,1,1
760,158125,-0.08872744,0.07354739,0.01523672,-6.31303424,8.82757877,-2.53158062,1,0,1,1,1
761,158333,-0.09323983,0.06351439,0.03654933,-6.72099862,8.66716979,-1.93723880,1,0,1,1,1
762,158541,-0.08891141,0.06865831,0.04169061,-7.11091576,8.47867421,-1.37329537,1,0,1,1,1
763,158750,-0.09860662,0.06119805,0.04676043,-7.45498213,8.24622257,-0.78669522,1,0,1,1,1
764,158958,-0.10479893,0.06177071,0.05192074,-7.77190416,7.96820807,-0.18097083,1,0,1,1,1
765,159166,-0.10581919,0.05183351,0.05990774,-8.07242927,7.66123238,0.43513097,1,0,1,1,1
766,159375,-0.09839090,0.04245392,0.06340264,-8.33377778,7.32415297,0.99902383,1,0,1,1,1
767,159583,-0.09944370,0.02877011,0.06194656,-8.55022518,6.96851314,1.58797891,1,0,1,1,1
768,159791,-0.09803233,0.01977322,0.06574277,-8.74123326,6.56296025,2.18470211,1,0,1,1,1
769,160000,-0.09594509,0.01468572,0.06639720,-8.88329250,6.13289661,2.76046964,1,0,1,1,1
770,160208,-0.08951828,0.01639058,0.07961867,-8.99663671,5.67830325,3.31632467,1,0,1,1,1
771,160416,-0.09435352,0.00956367,0.08294828,-9.06900722,5.22276974,3.84914067,1,0,1,1,1
772,160625,-0.08607767,-0.00081025,0.07768332,-9.10951702,4.70059011,4.38900236,1,0,1,1,1
773,160833,-0.08408640,-0.00755532,0.09282714,-9.08718263,4.17015424,4.90206657,1,0,1,1,1
774,161041,-0.08247415,-0.01384534,0.08815327,-9.05034105,3.65183703,5.38493273,1,0,1,1,1
775,161250,-0.08276170,-0.01192114,0.09683068,-8.96440140,3.09185685,5.86899450,1,0,1,1,1
776,161458,-0.07273431,-0.02545706,0.09647615,-8.80984604,2.52461076,6.30545842,1,0,1,1,1
777,161666,-0.06217065,-0.03038718,0.09239634,-8.67331803,1.92450045,6.73174932,1,0,1,1,1
778,161875,-0.06140887,-0.04500123,0.10451939,-8.47213804,1.37147610,7.10680382,1,0,1,1,1
779,162083,-0.06123387,-0.03918523,0.09869479,-8.22814681,0.79059616,7.46334196,1,0,1,1,1
780,162291,-0.05897392,-0.04992716,0.10588016,-7.97614524,0.17199708,7.78765967,1,0,1,1,1
781,162500,-0.04831644,-0.05207884,0.11072975,-7.67660383,-0.40619061,8.06952327,1,0,1,1,1
782,162708,-0.04866465,-0.06428656,0.09745439,-7.34548887,-1.01340298,8.32124826,1,0,1,1,1
783,162916,-0.03523913,-0.06169528,0.10476647,-6.97115893,-1.59921085,8.56221540,1,0,1,1,1
784,163125,-0.02289873,-0.07369373,0.09892479,-6.54849789,-2.18279760,8.75034165,1,0,1,1,1
785,163333,-0.02073475,-0.07802942,0.09251659,-6.14644789,-2.73757770,8.88247149,1,0,1,1,1
786,163541,-0.01427738,-0.08559979,0.09559080,-5.69312451,-3.28973954,8.98880197,1,0,1,1,1
787,163750,-0.01262765,-0.07582841,0.08800801,-5.22173918,-3.86639295,9.06561857,1,0,1,1,1
788,163958,-0.00863186,-0.08973075,0.08810492,-4.71122598,-4.38689096,9.10730819,1,0,1,1,1
789,164166,-0.00802754,-0.09160010,0.08346776,-4.19807981,-4.91476920,9.07810653,1,0,1,1,1
790,164375,0.01086210,-0.09410474,0.07550378,-3.65868096,-5.39598808,9.04796933,1,0,1,1,1
791,164583,0.01394722,-0.09693536,0.07474347,-3.09204087,-5.85398863,8.95324908,1,0,1,1,1
792,164791,0.02582142,-0.09507748,0.06864918,-2.52197811,-6.29053518,8.84637028,1,0,1,1,1
793,165000,0.02763970,-0.09201258,0.06946774,-1.98228322,-6.70265370,8.67524614,1,0,1,1,1
794,165208,0.03177701,-0.09540490,0.06589011,-1.36020239,-7.11676157,8.48594201,1,0,1,1,1
795,165416,0.04166425,-0.10585382,0.05340542,-0.78412204,-7.44107442,8.24357057,1,0,1,1,1
796,165625,0.05556622,-0.10779801,0.05676845,-0.18462630,-7.80065725,7.97532787,1,0,1,1,1
797,165833,0.05694973,-0.10264272,0.04754012,0.40621301,-8.08219995,7.66328611,1,0,1,1,1
798,166041,0.05923636,-0.09896634,0.04969136,1.01115747,-8.34352965,7.33621048,1,0,1,1,1
799,166250,0.05686162,-0.09268788,0.03459080,1.59171341,-8.55935840,6.96454229,1,0,1,1,1
800,166458,0.07110357,-0.09075146,0.04122165,2.18132285,-8.75007521,6.56775597,1,0,1,1,1
801,166666,0.06894783,-0.08486536,0.02656017,2.74585486,-8.89108884,6.11960648,1,0,1,1,1
802,166875,0.08477422,-0.09385078,0.01700449,3.30318449,-8.99882159,5.67894932,1,0,1,1,1
803,167083,0.08334278,-0.08775249,0.00653293,3.87493293,-9.07203635,5.20276745,1,0,1,1,1
804,167291,0.07738364,-0.08566933,0.00176921,4.39216641,-9.10484162,4.69663459,1,0,1,1,1
805,167500,0.08904580,-0.07990312,-0.00487580,4.91276909,-9.08570728,4.18470298,1,0,1,1,1
806,167708,0.09234416,-0.07988111,-0.01143618,5.37976714,-9.05578363,3.64645784,1,0,1,1,1
807,167916,0.09307592,-0.08224376,-0.01551362,5.87102797,-8.96626770,3.08250475,1,0,1,1,1
808,168125,0.08669996,-0.08118674,-0.02929930,6.31409390,-8.83283933,2.53203670,1,0,1,1,1
809,168333,0.09261058,-0.07094697,-0.02963566,6.72838731,-8.68222494,1.95027160,1,0,1,1,1
810,168541,0.10357290,-0.05902478,-0.03992846,7.10006564,-8.45073053,1.37212740,1,0,1,1,1
811,168750,0.10465860,-0.05230804,-0.04627687,7.46495413,-8.23743856,0.78586055,1,0,1,1,1
812,168958,0.10040608,-0.05000706,-0.04247036,7.79187514,-7.97670155,0.17369168,1,0,1,1,1
813,169166,0.10459877,-0.05119647,-0.04672082,8.08779124,-7.68114583,-0.43723598,1,0,1,1,1
814,169375,0.10250699,-0.03631134,-0.05506409,8.32686680,-7.33622686,-1.01257580,1,0,1,1,1
815,169583,0.10470357,-0.03560218,-0.06386875,8.56784129,-6.93620765,-1.58413401,1,0,1,1,1
816,169791,0.10018998,-0.02608148,-0.07538009,8.74955403,-6.55047498,-2.17485448,1,0,1,1,1
817,170000,0.09227323,-0.02418802,-0.06516463,8.87991258,-6.14399896,-2.74746353,1,0,1,1,1
818,170208,0.10108330,-0.02156047,-0.07132256,8.99193829,-5.67816237,-3.29557536,1,0,1,1,1
819,170416,0.08834828,-0.00359541,-0.07124011,9.06206263,-5.20652435,-3.87869701,1,0,1,1,1
820,170625,0.08498177,-0.00855028,-0.08316044,9.09636141,-4.69721040,-4.42208751,1,0,1,1,1
821,170833,0.08324231,-0.00175247,-0.08674444,9.08998072,-4.17799003,-4.89660993,1,0,1,1,1
822,171041,0.08038406,0.01335721,-0.09504717,9.04605368,-3.65857197,-5.39050233,1,0,1,1,1
823,171250,0.07082675,0.02223734,-0.08520333,8.94589634,-3.10165532,-5.86671488,1,0,1,1,1
824,171458,0.07681827,0.02289306,-0.10151743,8.82207866,-2.51468822,-6.30781138,1,0,1,1,1
825,171666,0.06225391,0.02331264,-0.10503880,8.65769895,-1.93524405,-6.72841358,1,0,1,1,1
826,171875,0.06596822,0.03027907,-0.09825487,8.46072652,-1.38021121,-7.10619678,1,0,1,1,1
827,172083,0.05797035,0.04816442,-0.11083698,8.23486265,-0.77301452,-7.48534241,1,0,1,1,1
828,172291,0.06183880,0.04347921,-0.09840151,7.96220016,-0.17117736,-7.79379017,1,0,1,1,1
829,172500,0.03926083,0.05982140,-0.10143442,7.64149692,0.42558355,-8.08225148,1,0,1,1,1
830,172708,0.04333106,0.06029204,-0.10735909,7.32264121,1.01031824,-8.31083187,1,0,1,1,1
831,172916,0.03217178,0.05704410,-0.10052885,6.97039725,1.59136266,-8.54502924,1,0,1,1,1
832,173125,0.02835183,0.06843308,-0.09876824,6.56178337,2.18837351,-8.72862038,1,0,1,1,1
833,173333,0.02240940,0.07237060,-0.09311355,6.12943980,2.74688300,-8.88067227,1,0,1,1,1
834,173541,0.01251697,0.08798514,-0.09350226,5.68240256,3.31242289,-9.00003689,1,0,1,1,1
835,173750,0.00369956,0.07561824,-0.08609956,5.18343142,3.85962585,-9.05928036,1,0,1,1,1
836,173958,0.00964572,0.08328951,-0.08272304,4.70805697,4.39602767,-9.08822672,1,0,1,1,1
837,174166,-0.00697947,0.09490708,-0.07956373,4.19418785,4.89279408,-9.09645641,1,0,1,1,1
838,174375,-0.01038576,0.08622817,-0.07685896,3.63093772,5.40486856,-9.03146634,1,0,1,1,1
839,174583,-0.01743933,0.09232051,-0.07541549,3.09466106,5.85647137,-8.94739855,1,0,1,1,1
840,174791,-0.02410102,0.08952476,-0.06985920,2.53034262,6.31277627,-8.82634023,1,0,1,1,1
841,175000,-0.01844446,0.10011294,-0.05983824,1.94908710,6.73295749,-8.68148216,1,0,1,1,1
842,175208,-0.04275088,0.09944062,-0.06028552,1.35720911,7.11752666,-8.46430069,1,0,1,1,1
843,175416,-0.03732760,0.09244464,-0.06277895,0.76911236,7.45953391,-8.25065307,1,0,1,1,1
844,175625,-0.04729580,0.10013329,-0.05332303,0.17502126,7.78475521,-7.96956624,1,0,1,1,1
845,175833,-0.05707952,0.10112031,-0.04054394,-0.40206297,8.08446937,-7.65710878,1,0,1,1,1
846,176041,-0.06281357,0.10080257,-0.03222193,-1.01860287,8.33754368,-7.33935397,1,0,1,1,1
847,176250,-0.06360880,0.09877379,-0.03292472,-1.59153735,8.54538046,-6.96001917,1,0,1,1,1
848,176458,-0.07154972,0.09625047,-0.01972857,-2.17132650,8.75294852,-6.56735741,1,0,1,1,1
849,176666,-0.08043545,0.09107129,-0.01839468,-2.77336082,8.88417806,-6.14856160,1,0,1,1,1
850,176875,-0.07407895,0.08639604,-0.00874307,-3.31999930,8.99925467,-5.68669375,1,0,1,1,1
851,177083,-0.09305763,0.09090638,-0.00195155,-3.86448889,9.06454920,-5.19322242,1,0,1,1,1
852,177291,-0.08443297,0.09092175,0.00383582,-4.40760394,9.10651433,-4.71090575,1,0,1,1,1
853,177500,-0.07867544,0.08192603,0.00486354,-4.90872961,9.10669687,-4.19503089,1,0,1,1,1
854,177708,-0.08990311,0.08176590,0.01048894,-5.40612049,9.05256069,-3.65902609,1,0,1,1,1
855,177916,-0.10288117,0.07738194,0.02556829,-5.85447244,8.96023647,-3.10146980,1,0,1,1,1
856,178125,-0.09753481,0.07109446,0.02679802,-6.31007276,8.83330484,-2.52354887,1,0,1,1,1
857,178333,-0.10179102,0.06480503,0.02895546,-6.72433471,8.66203052,-1.95513921,1,0,1,1,1
858,178541,-0.09822132,0.05963064,0.03287949,-7.10109126,8.48092277,-1.35669920,1,0,1,1,1
859,178750,-0.09647419,0.06171868,0.04110300,-7.46209737,8.25585272,-0.76972157,1,0,1,1,1
860,178958,-0.09629398,0.05203457,0.06058116,-7.79185906,7.97782021,-0.17504995,1,0,1,1,1
861,179166,-0.09337069,0.03781058,0.06730137,-8.09490493,7.66750133,0.40822519,1,0,1,1,1
862,179375,-0.10481727,0.03319943,0.05612809,-8.35503414,7.32932300,0.98374519,1,0,1,1,1
863,179583,-0.10288364,0.03698770,0.05780866,-8.54570457,6.94260349,1.59478084,1,0,1,1,1
864,179791,-0.09779073,0.03028633,0.06559272,-8.74708270,6.57081324,2.17633821,1,0,1,1,1
865,180000,-0.09281736,0.02830876,0.07894919,-8.89804185,6.14129957,2.74956978,1,0,1,1,1
866,180208,-0.10192383,0.01310206,0.08316111,-9.01040734,5.67683065,3.32280033,1,0,1,1,1
867,180416,-0.08976271,0.00947165,0.07950563,-9.05882987,5.21233522,3.85690776,1,0,1,1,1
868,180625,-0.08376929,0.00256740,0.08407706,-9.09718478,4.69289960,4.39896285,1,0,1,1,1
869,180833,-0.07560997,-0.00765819,0.08805450,-9.08862195,4.17794769,4.90858507,1,0,1,1,1
870,181041,-0.07980752,-0.01207771,0.08891972,-9.05062678,3.64906157,5.39175406,1,0,1,1,1
871,181250,-0.08549696,-0.01758718,0.09905521,-8.96841444,3.09536952,5.86272347,1,0,1,1,1
872,181458,-0.06846267,-0.02005659,0.09582690,-8.83210927,2.53786490,6.30590717,1,0,1,1,1
873,181666,-0.06896793,-0.03210507,0.09102180,-8.66985203,1.96795547,6.72528464,1,0,1,1,1
874,181875,-0.05473813,-0.03293755,0.09879121,-8.46530122,1.37288015,7.10168691,1,0,1,1,1
875,182083,-0.05818527,-0.04804016,0.09942511,-8.24810917,0.77533067,7.44877686,1,0,1,1,1
876,182291,-0.06100445,-0.05025693,0.10158742,-7.98259589,0.19066361,7.78487316,1,0,1,1,1
877,182500,-0.05278809,-0.05770855,0.10045126,-7.67036305,-0.42452742,8.09541317,1,0,1,1,1
878,182708,-0.04322907,-0.06993217,0.08960301,-7.31780231,-1.01432981,8.31628356,1,0,1,1,1
879,182916,-0.03233367,-0.05869621,0.09225940,-6.98082107,-1.60127193,8.56737577,1,0,1,1,1
880,183125,-0.02354532,-0.07612555,0.09385843,-6.56324034,-2.17561730,8.74139710,1,0,1,1,1
881,183333,-0.02302825,-0.07240257,0.09357404,-6.13260801,-2.75209616,8.88819600,1,0,1,1,1
882,183541,-0.01713325,-0.07808464,0.08371707,-5.67581487,-3.30133029,8.98724829,1,0,1,1,1
883,183750,-0.00682941,-0.08879146,0.08336856,-5.22059306,-3.84620637,9.05898078,1,0,1,1,1
884,183958,0.00817224,-0.08779162,0.08668078,-4.70394921,-4.39306808,9.09368776,1,0,1,1,1
885,184166,0.00392112,-0.08636376,0.08702811,-4.20178137,-4.87674158,9.09727851,1,0,1,1,1
886,184375,0.01568730,-0.09151609,0.08182193,-3.66664863,-5.40549311,9.04966921,1,0,1,1,1
887,184583,0.02320899,-0.09912907,0.08218579,-3.09184487,-5.86816717,8.95509775,1,0,1,1,1
888,184791,0.02299415,-0.10194327,0.06969974,-2.54021793,-6.30625632,8.83201144,1,0,1,1,1
889,185000,0.02851436,-0.09721187,0.05234612,-1.95455628,-6.73354078,8.68131543,1,0,1,1,1
890,185208,0.04067304,-0.10063148,0.06790752,-1.35753156,-7.10488449,8.47600451,1,0,1,1,1
891,185416,0.05049921,-0.09663115,0.06027842,-0.77433408,-7.47174489,8.25299699,1,0,1,1,1
892,185625,0.04476508,-0.10288689,0.05863150,-0.18561749,-7.79005996,7.96014352,1,0,1,1,1
893,185833,0.05006763,-0.09486533,0.05264443,0.41222261,-8.06538674,7.66882971,1,0,1,1,1
894,186041,0.05068141,-0.10159081,0.05211252,1.00088115,-8.34488803,7.33177804,1,0,1,1,1
895,186250,0.06784811,-0.09181305,0.03196025,1.60254169,-8.55598643,6.96432186,1,0,1,1,1
896,186458,0.07426709,-0.09147094,0.01934464,2.17563738,-8.74608111,6.56535997,1,0,1,1,1
897,186666,0.07377197,-0.09413905,0.02623084,2.73662317,-8.87146808,6.14075705,1,0,1,1,1
898,186875,0.08558073,-0.09083359,0.02046579,3.30827804,-9.01337285,5.69076284,1,0,1,1,1
899,187083,0.07943567,-0.08124137,0.01692406,3.87746812,-9.06119597,5.18242791,1,0,1,1,1
900,187291,0.08307243,-0.08415869,0.00066922,4.38513023,-9.10732529,4.71067674,1,0,1,1,1
901,187500,0.07850483,-0.08489517,-0.00371412,4.91363006,-9.09073222,4.19022829,1,0,1,1,1
902,187708,0.09339707,-0.08179491,-0.00452632,5.39957534,-9.04287569,3.63564040,1,0,1,1,1
903,187916,0.08831890,-0.07724763,-0.02509255,5.87717928,-8.95297106,3.08328949,1,0,1,1,1
904,188125,0.10024176,-0.07966056,-0.01965822,6.30088598,-8.84156861,2.52095668,1,0,1,1,1
905,188333,0.09776571,-0.06275337,-0.03730423,6.70913076,-8.68040058,1.95384238,1,0,1,1,1
906,188541,0.10305374,-0.05850380,-0.04132820,7.10372377,-8.47504442,1.39933320,1,0,1,1,1
907,188750,0.10126909,-0.06046395,-0.04491029,7.46405533,-8.23657565,0.80165219,1,0,1,1,1
908,188958,0.10493843,-0.05507291,-0.05013380,7.77720359,-7.95347036,0.18555460,1,0,1,1,1
909,189166,0.09959957,-0.04791412,-0.04861111,8.06103361,-7.68281537,-0.40805635,1,0,1,1,1
910,189375,0.10018092,-0.04009809,-0.06401990,8.33707136,-7.33874941,-1.01976693,1,0,1,1,1
911,189583,0.10082941,-0.03778977,-0.06141997,8.56146749,-6.95548904,-1.61278464,1,0,1,1,1
912,189791,0.09214194,-0.03556743,-0.06697147,8.73693921,-6.57798814,-2.19026073,1,0,1,1,1
913,190000,0.10149872,-0.01822075,-0.07917608,8.88177275,-6.13958481,-2.74515128,1,0,1,1,1
914,190208,0.08960689,-0.00633741,-0.08808377,8.99953284,-5.68536593,-3.33432914,1,0,1,1,1
915,190416,0.08875613,-0.00516167,-0.07831087,9.06603849,-5.20402638,-3.85371327,1,0,1,1,1
916,190625,0.09516126,-0.00053412,-0.08828775,9.08961493,-4.69685684,-4.38094949,1,0,1,1,1
917,190833,0.08332205,0.00553304,-0.08850988,9.08836230,-4.19781386,-4.89963996,1,0,1,1,1
918,191041,0.08178391,0.00952748,-0.09712166,9.06156972,-3.64958079,-5.39527686,1,0,1,1,1
919,191250,0.07435531,0.01492233,-0.09461481,8.97248942,-3.10428576,-5.86072863,1,0,1,1,1
920,191458,0.07012198,0.02677250,-0.09667738,8.84393317,-2.54414238,-6.30987197,1,0,1,1,1
921,191666,0.06711522,0.03264796,-0.09788045,8.66743220,-1.95859198,-6.72658185,1,0,1,1,1
922,191875,0.06063201,0.03744507,-0.09517076,8.47777310,-1.36163822,-7.11230937,1,0,1,1,1
923,192083,0.05450464,0.04873903,-0.09583194,8.24959779,-0.77383454,-7.46809611,1,0,1,1,1
924,192291,0.04223835,0.04171846,-0.10457195,7.96720814,-0.18021724,-7.78288295,1,0,1,1,1
925,192500,0.05125354,0.05124334,-0.10084786,7.66379762,0.42075831,-8.08164018,1,0,1,1,1
926,192708,0.04896942,0.06012688,-0.10709920,7.33635758,1.01704401,-8.33092939,1,0,1,1,1
927,192916,0.04633428,0.06628862,-0.09438208,6.95150151,1.59777788,-8.57095498,1,0,1,1,1
928,193125,0.02586259,0.05732205,-0.10255160,6.58543418,2.17838362,-8.73810950,1,0,1,1,1
929,193333,0.01108209,0.07352274,-0.09392420,6.15347859,2.76095124,-8.86873562,1,0,1,1,1
930,193541,0.00680897,0.09025409,-0.10480607,5.66528363,3.31136083,-8.99096963,1,0,1,1,1
931,193750,0.00912306,0.08985121,-0.09318157,5.20112440,3.84478986,-9.06218153,1,0,1,1,1
932,193958,-0.00253828,0.08536797,-0.08668850,4.71133098,4.40489239,-9.09232711,1,0,1,1,1
933,194166,-0.00460619,0.09059799,-0.08437375,4.17860842,4.91067332,-9.08902338,1,0,1,1,1
934,194375,-0.01054602,0.09141174,-0.09025876,3.64699635,5.36755065,-9.03954395,1,0,1,1,1
935,194583,-0.00874500,0.09094778,-0.06919733,3.10654414,5.85383357,-8.97100069,1,0,1,1,1
936,194791,-0.02726274,0.09863803,-0.07243984,2.53072971,6.30865097,-8.83055993,1,0,1,1,1
937,195000,-0.03404572,0.09973076,-0.05869630,1.95705024,6.71714279,-8.67170051,1,0,1,1,1
938,195208,-0.03680904,0.09837954,-0.05790642,1.34643775,7.12093294,-8.48193026,1,0,1,1,1
939,195416,-0.03537387,0.10280490,-0.04819356,0.78578774,7.47429473,-8.24607678,1,0,1,1,1
940,195625,-0.05048234,0.10877615,-0.05832354,0.19205668,7.78851824,-7.97170541,1,0,1,1,1
941,195833,-0.05106303,0.10170348,-0.04446295,-0.40701862,8.08715816,-7.66633840,1,0,1,1,1
942,196041,-0.07323456,0.10333437,-0.03029749,-0.99832724,8.33864006,-7.34382027,1,0,1,1,1
943,196250,-0.06389334,0.10594876,-0.03481378,-1.60382511,8.56078533,-6.95083687,1,0,1,1,1
944,196458,-0.06655087,0.09523133,-0.02293711,-2.17378209,8.73503764,-6.55788193,1,0,1,1,1
945,196666,-0.07274137,0.09736984,-0.01384008,-2.75927862,8.90715961,-6.14900818,1,0,1,1,1
946,196875,-0.08372610,0.08631682,-0.00799447,-3.31086172,8.99288246,-5.66922242,1,0,1,1,1
947,197083,-0.08852985,0.08357657,-0.01786309,-3.83947090,9.05545994,-5.19593694,1,0,1,1,1
948,197291,-0.08292340,0.08264395,0.00500133,-4.39713937,9.10429153,-4.72535089,1,0,1,1,1
949,197500,-0.07752154,0.08059193,0.00724249,-4.90569744,9.08149716,-4.18385135,1,0,1,1,1
950,197708,-0.08851346,0.08230156,0.00377743,-5.40593712,9.06145258,-3.67124694,1,0,1,1,1
951,197916,-0.08380801,0.07016721,0.02740824,-5.85106139,8.96474407,-3.08601538,1,0,1,1,1
952,198125,-0.08864741,0.07864299,0.01514470,-6.32214893,8.84161043,-2.53100097,1,0,1,1,1
953,198333,-0.09646706,0.06206990,0.03465698,-6.72323615,8.67688577,-1.94566335,1,0,1,1,1
954,198541,-0.10262162,0.06197487,0.04563719,-7.10898940,8.47309742,-1.36344833,1,0,1,1,1
955,198750,-0.09106852,0.05950246,0.04294592,-7.47011018,8.22422736,-0.78746574,1,0,1,1,1
956,198958,-0.10053184,0.04664278,0.05094797,-7.78669401,7.95939843,-0.16915685,1,0,1,1,1
957,199166,-0.09347622,0.04957324,0.05817030,-8.07963921,7.67180653,0.40223354,1,0,1,1,1
958,199375,-0.10305294,0.03296589,0.05238242,-8.35542008,7.32684892,1.00314597,1,0,1,1,1
959,199583,-0.10741313,0.03348494,0.06100310,-8.55261780,6.95978889,1.58540082,1,0,1,1,1
960,199791,-0.09707009,0.01911472,0.07193699,-8.73708589,6.56898932,2.18994090,1,0,1,1,1
961,200000,-0.09060497,0.02479087,0.07414827,-8.87731583,6.12524482,2.73991547,1,0,1,1,1
962,200208,-0.09387415,0.01181146,0.07702140,-8.99475166,5.66451863,3.32920266,1,0,1,1,1
963,200416,-0.08527092,0.00867266,0.08826215,-9.07546588,5.21350011,3.84921424,1,0,1,1,1
964,200625,-0.08234005,0.00255857,0.08668668,-9.09162847,4.70315607,4.38412663,1,0,1,1,1
965,200833,-0.09098852,-0.00269543,0.08482451,-9.08675884,4.18723103,4.92751114,1,0,1,1,1
966,201041,-0.09184474,-0.01127455,0.09894047,-9.05287303,3.66550706,5.39077902,1,0,1,1,1
967,201250,-0.07860174,-0.01339104,0.09981894,-8.95060916,3.10725196,5.88274317,1,0,1,1,1
968,201458,-0.07462000,-0.01869352,0.10246836,-8.83855301,2.52470536,6.30972412,1,0,1,1,1
969,201666,-0.05230539,-0.03455064,0.10292637,-8.66798838,1.94384628,6.71828543,1,0,1,1,1
970,201875,-0.06540347,-0.03351273,0.09483284,-8.47374577,1.38573186,7.10284201,1,0,1,1,1
971,202083,-0.05222751,-0.04081886,0.10127421,-8.24917422,0.78900089,7.46093026,1,0,1,1,1
972,202291,-0.05024525,-0.05044202,0.10155323,-7.98463049,0.17690007,7.79393936,1,0,1,1,1
973,202500,-0.03881834,-0.05148222,0.09743533,-7.66575046,-0.42142605,8.07415587,1,0,1,1,1
974,202708,-0.04584919,-0.05780551,0.09889610,-7.32593252,-1.02504820,8.32468378,1,0,1,1,1
975,202916,-0.03764798,-0.06154085,0.10421516,-6.95745483,-1.61034377,8.55227510,1,0,1,1,1
976,203125,-0.03294473,-0.06641709,0.09940082,-6.56155677,-2.17858527,8.75224932,1,0,1,1,1
977,203333,-0.02567827,-0.06833900,0.09663585,-6.13934275,-2.76202295,8.87573804,1,0,1,1,1
978,203541,-0.01938473,-0.07969373,0.08997054,-5.69274372,-3.31638318,8.99309134,1,0,1,1,1
979,203750,-0.01166986,-0.08330353,0.09015986,-5.21674898,-3.87549562,9.07085371,1,0,1,1,1
980,203958,-0.00318205,-0.08676724,0.09117917,-4.70806802,-4.40641302,9.09541556,1,0,1,1,1
981,204166,0.01115621,-0.09268534,0.09132369,-4.18662044,-4.90832803,9.09785599,1,0,1,1,1
982,204375,0.00861389,-0.09563418,0.08648311,-3.65840563,-5.40474512,9.04778288,1,0,1,1,1
983,204583,0.01000162,-0.10110210,0.06686321,-3.10203213,-5.87437092,8.95319582,1,0,1,1,1
984,204791,0.00880279,-0.10010175,0.07147181,-2.53884203,-6.31981774,8.84526043,1,0,1,1,1
985,205000,0.02550672,-0.10145499,0.07498364,-1.94136986,-6.71732286,8.67339335,1,0,1,1,1
986,205208,0.03481297,-0.09144663,0.06873584,-1.37715293,-7.10234860,8.48213179,1,0,1,1,1
987,205416,0.03575620,-0.09281944,0.06249973,-0.77529789,-7.45755579,8.24755192,1,0,1,1,1
988,205625,0.05555634,-0.09998960,0.04621454,-0.17856558,-7.79533717,7.97250848,1,0,1,1,1
989,205833,0.05459703,-0.09974289,0.04235942,0.42004254,-8.06896993,7.67302810,1,0,1,1,1
990,206041,0.06196303,-0.09637819,0.04140666,1.00591579,-8.32138872,7.32435188,1,0,1,1,1
991,206250,0.06186830,-0.10202355,0.03107982,1.60073893,-8.55873584,6.96452791,1,0,1,1,1
992,206458,0.06922892,-0.09362867,0.02522511,2.18802303,-8.73625363,6.56173186,1,0,1,1,1
993,206666,0.08652502,-0.09183938,0.02796095,2.75804124,-8.87281125,6.13034751,1,0,1,1,1
994,206875,0.08154639,-0.09324859,0.01548429,3.31148252,-8.99822610,5.68871989,1,0,1,1,1
995,207083,0.08497082,-0.08628752,0.00840942,3.84745883,-9.04800440,5.20977917,1,0,1,1,1
996,207291,0.07925763,-0.08561613,0.00213777,4.40239288,-9.10576614,4.72194471,1,0,1,1,1
997,207500,0.09149258,-0.08862259,0.00526249,4.90857701,-9.07201712,4.18769718,1,0,1,1,1
998,207708,0.09290744,-0.07370315,-0.01070601,5.40296280,-9.04258550,3.64898631,1,0,1,1,1
999,207916,0.08830164,-0.07376912,-0.01278318,5.85546912,-8.96651205,3.10458854,1,0,1,1,1
1000,208125,0.09420957,-0.07087517,-0.01547951,6.30668419,-8.83595103,2.52989089,1,0,1,1,1
1001,208333,0.09726525,-0.06479939,-0.03335955,6.72205577,-8.67211927,1.96708217,1,0,1,1,1
1002,208541,0.09660802,-0.05620349,-0.03244201,7.12396630,-8.49852401,1.37302210,1,0,1,1,1
1003,208750,0.09936685,-0.05868543,-0.04320338,7.46896749,-8.24931685,0.77137334,1,0,1,1,1
1004,208958,0.10397979,-0.04934605,-0.04628185,7.78768352,-7.96638794,0.18647476,1,0,1,1,1
1005,209166,0.10323613,-0.04584077,-0.05170442,8.07127091,-7.66093660,-0.41279397,1,0,1,1,1
1006,209375,0.09967816,-0.04041162,-0.06028165,8.34311597,-7.34782454,-1.01283084,1,0,1,1,1
1007,209583,0.10064454,-0.02992561,-0.06303763,8.55749859,-6.96499606,-1.61116476,1,0,1,1,1
1008,209791,0.09601030,-0.02612051,-0.07468344,8.74738964,-6.56444663,-2.17954995,1,0,1,1,1
1009,210000,0.09454109,-0.01411161,-0.07625442,8.90300523,-6.12619171,-2.76111154,1,0,1,1,1
1010,210208,0.08598108,-0.01343729,-0.07887388,9.00186577,-5.68171561,-3.29646316,1,0,1,1,1
1011,210416,0.08634815,-0.00961083,-0.07730380,9.07377958,-5.21423926,-3.85648607,1,0,1,1,1
1012,210625,0.08571167,-0.00436834,-0.08657191,9.10289713,-4.70150585,-4.39577890,1,0,1,1,1
1013,210833,0.09047032,-0.00379522,-0.09311850,9.09640329,-4.17008437,-4.91404871,1,0,1,1,1
1014,211041,0.07915037,0.00706611,-0.08653210,9.03864808,-3.64211543,-5.38716961,1,0,1,1,1
1015,211250,0.07591333,0.01378551,-0.09779303,8.96332050,-3.08952076,-5.85215562,1,0,1,1,1
1016,211458,0.07634573,0.02487648,-0.10351398,8.82562685,-2.53767284,-6.28302250,1,0,1,1,1
1017,211666,0.06578851,0.02548510,-0.09191104,8.68642356,-1.95079000,-6.73019127,1,0,1,1,1
1018,211875,0.06099675,0.03752003,-0.10183293,8.48162357,-1.36075566,-7.10553116,1,0,1,1,1
1019,212083,0.05923295,0.04650928,-0.09185102,8.22210755,-0.77246668,-7.44584005,1,0,1,1,1
1020,212291,0.04971972,0.04675367,-0.09687094,7.95878970,-0.17735009,-7.77332374,1,0,1,1,1
1021,212500,0.03987871,0.04803560,-0.09706887,7.66922434,0.41564395,-8.07423138,1,0,1,1,1
1022,212708,0.03240720,0.06728986,-0.09637076,7.32346596,1.01034410,-8.33489984,1,0,1,1,1
1023,212916,0.02799867,0.07961569,-0.09487023,6.95673936,1.61490782,-8.56250044,1,0,1,1,1
1024,213125,0.02745973,0.07076601,-0.10026928,6.56400705,2.18055678,-8.73107243,1,0,1,1,1
1025,213333,0.02880267,0.06420153,-0.09281629,6.10741191,2.73396802,-8.89593946,1,0,1,1,1
1026,213541,0.00519707,0.08435133,-0.09587371,5.67719921,3.30049917,-8.99607488,1,0,1,1,1
1027,213750,0.00615240,0.08889294,-0.09189832,5.19517413,3.87296086,-9.07666648,1,0,1,1,1
1028,213958,0.00572438,0.09327215,-0.08337310,4.71380004,4.38831313,-9.09943526,1,0,1,1,1
1029,214166,-0.00609903,0.08905321,-0.08206108,4.17660534,4.90864083,-9.08924615,1,0,1,1,1
1030,214375,-0.00993040,0.08966886,-0.07376939,3.66205448,5.40250898,-9.05281845,1,0,1,1,1
1031,214583,-0.01925676,0.10493805,-0.07710820,3.09283596,5.86622751,-8.96374974,1,0,1,1,1
1032,214791,-0.02639212,0.09846970,-0.06673643,2.53602476,6.29693856,-8.84785475,1,0,1,1,1
1033,215000,-0.03786669,0.10019462,-0.06302243,1.95110614,6.72190388,-8.67870359,1,0,1,1,1
1034,215208,-0.03597193,0.10018754,-0.06773073,1.37653462,7.12219691,-8.47072145,1,0,1,1,1
1035,215416,-0.04643634,0.09939331,-0.04846650,0.77420711,7.45590581,-8.23832081,1,0,1,1,1
1036,215625,-0.04812004,0.10364044,-0.05744160,0.17505638,7.78421067,-7.95866304,1,0,1,1,1
1037,215833,-0.05735158,0.10515389,-0.04357344,-0.39850413,8.09284092,-7.66341356,1,0,1,1,1
1038,216041,-0.05336730,0.10168946,-0.04156908,-1.00872146,8.34578903,-7.34573368,1,0,1,1,1
1039,216250,-0.05916223,0.09852704,-0.03843926,-1.60093327,8.55693444,-6.95247706,1,0,1,1,1
1040,216458,-0.06520268,0.10048269,-0.03278343,-2.18844496,8.74711474,-6.55393549,1,0,1,1,1
1041,216666,-0.08407545,0.08569678,-0.02721293,-2.75597273,8.88762245,-6.15407321,1,0,1,1,1
1042,216875,-0.07822115,0.09376195,-0.01383788,-3.33254347,9.00828171,-5.68810965,1,0,1,1,1
1043,217083,-0.07483507,0.08720950,-0.00535167,-3.86092044,9.07657116,-5.20237974,1,0,1,1,1
1044,217291,-0.08409836,0.09093587,-0.00303633,-4.38579217,9.10550118,-4.72676132,1,0,1,1,1
1045,217500,-0.08927860,0.08641598,0.00820293,-4.91023240,9.08811097,-4.19096576,1,0,1,1,1
1046,217708,-0.08832429,0.07812585,0.00967397,-5.37922241,9.03726319,-3.62645385,1,0,1,1,1
1047,217916,-0.08965258,0.07828934,0.01327999,-5.86273184,8.95647273,-3.07981403,1,0,1,1,1
1048,218125,-0.09128023,0.07156097,0.02545135,-6.30520899,8.84036708,-2.53169833,1,0,1,1,1
1049,218333,-0.09468351,0.07487053,0.03191370,-6.72719350,8.68803639,-1.93285995,1,0,1,1,1
1050,218541,-0.10514525,0.05565823,0.03923831,-7.09294573,8.47242275,-1.37439832,1,0,1,1,1
1051,218750,-0.10018843,0.05481124,0.04540248,-7.45280443,8.23974791,-0.76220145,1,0,1,1,1
1052,218958,-0.10169941,0.05344686,0.04663291,-7.79525806,7.97544424,-0.18947285,1,0,1,1,1
1053,219166,-0.09665128,0.03805995,0.05778328,-8.08861356,7.65621876,0.41712587,1,0,1,1,1
1054,219375,-0.10198649,0.03991116,0.06220981,-8.33554602,7.31999805,0.99072099,1,0,1,1,1
1055,219583,-0.09108348,0.03087404,0.06283759,-8.55093141,6.97520591,1.60783309,1,0,1,1,1
1056,219791,-0.10878281,0.02706513,0.07490143,-8.74234406,6.54946681,2.18984435,1,0,1,1,1
1057,220000,-0.09359583,0.02327355,0.07293922,-8.86362417,6.12574752,2.75745875,1,0,1,1,1
1058,220208,-0.08911552,0.02162880,0.07594692,-9.01341331,5.70015899,3.32924504,1,0,1,1,1
1059,220416,-0.08260068,0.00380930,0.08813711,-9.04411070,5.20158205,3.87484607,1,0,1,1,1
1060,220625,-0.09740558,0.00518341,0.10217748,-9.09809050,4.69980766,4.39994427,1,0,1,1,1
1061,220833,-0.08744005,-0.00416387,0.08267909,-9.09183987,4.17416624,4.91553426,1,0,1,1,1
1062,221041,-0.08691139,-0.00921766,0.09235332,-9.04584813,3.63965984,5.39627246,1,0,1,1,1
1063,221250,-0.08391588,-0.01893236,0.09950752,-8.96976983,3.10159609,5.87201838,1,0,1,1,1
1064,221458,-0.06916681,-0.01848072,0.09563101,-8.83952431,2.54080378,6.30474952,1,0,1,1,1
1065,221666,-0.06969280,-0.03201827,0.10137584,-8.68500010,1.94933127,6.72371155,1,0,1,1,1
1066,221875,-0.06588418,-0.03433589,0.10172003,-8.48303198,1.36042671,7.09871676,1,0,1,1,1
1067,222083,-0.06472872,-0.04555145,0.10164108,-8.24166568,0.77371173,7.47654920,1,0,1,1,1
1068,222291,-0.05514189,-0.05957541,0.09863041,-7.95795060,0.19491681,7.79797044,1,0,1,1,1
1069,222500,-0.04403419,-0.06279363,0.10263698,-7.67933968,-0.40655675,8.07589193,1,0,1,1,1
1070,222708,-0.03880222,-0.06302275,0.09889047,-7.33448353,-1.00406799,8.32304931,1,0,1,1,1
1071,222916,-0.02962182,-0.06361696,0.09481864,-6.96750346,-1.57669451,8.55911419,1,0,1,1,1
1072,223125,-0.02093827,-0.06839268,0.08961243,-6.58399891,-2.17012245,8.74726484,1,0,1,1,1
1073,223333,-0.02972355,-0.07303210,0.09387310,-6.12592209,-2.74473136,8.89158011,1,0,1,1,1
1074,223541,-0.01380082,-0.08164421,0.09045275,-5.69551550,-3.30390267,8.99916962,1,0,1,1,1
1075,223750,-0.00477351,-0.07750759,0.08562444,-5.19622846,-3.84789657,9.04944738,1,0,1,1,1
1076,223958,-0.00057946,-0.08058446,0.09302966,-4.70447278,-4.37417197,9.12464679,1,0,1,1,1
1077,224166,0.00258762,-0.08912930,0.08636967,-4.19469501,-4.91146728,9.07532260,1,0,1,1,1
1078,224375,-0.00390791,-0.09502792,0.08215515,-3.65130696,-5.39707373,9.05178372,1,0,1,1,1
1079,224583,0.01883544,-0.09684019,0.07751748,-3.09531331,-5.86314426,8.95794676,1,0,1,1,1
1080,224791,0.02114720,-0.10284725,0.07945309,-2.52464276,-6.30602403,8.83922105,1,0,1,1,1
1081,225000,0.03381240,-0.09185248,0.06948852,-1.94219830,-6.72928445,8.67628213,1,0,1,1,1
1082,225208,0.03439431,-0.09999590,0.06924419,-1.34844299,-7.10223481,8.47086279,1,0,1,1,1
1083,225416,0.04210765,-0.10866974,0.05369701,-0.76580654,-7.46128391,8.23677689,1,0,1,1,1
1084,225625,0.04555556,-0.09898864,0.04647693,-0.19534009,-7.78043833,7.95644056,1,0,1,1,1
1085,225833,0.05466445,-0.09742973,0.04876469,0.41793964,-8.08149475,7.67783026,1,0,1,1,1
1086,226041,0.05407862,-0.10813327,0.03677847,1.01227724,-8.33642434,7.33462237,1,0,1,1,1
1087,226250,0.05919549,-0.09317140,0.03384438,1.61292511,-8.56886062,6.95482049,1,0,1,1,1
1088,226458,0.07063041,-0.09847630,0.02655118,2.19397814,-8.75872299,6.54576246,1,0,1,1,1
1089,226666,0.06874084,-0.08701717,0.01981244,2.73467755,-8.87514780,6.11486364,1,0,1,1,1
1090,226875,0.07514703,-0.09570251,0.00796943,3.30890188,-8.98080873,5.66782864,1,0,1,1,1
1091,227083,0.07990795,-0.08691227,0.01666780,3.84551881,-9.03908131,5.21322309,1,0,1,1,1
1092,227291,0.08868465,-0.08736258,0.00641077,4.38226768,-9.09568562,4.70700910,1,0,1,1,1
1093,227500,0.08531872,-0.08317124,-0.01355394,4.89695093,-9.09153333,4.19586152,1,0,1,1,1
1094,227708,0.09198203,-0.07554990,-0.01186384,5.38943237,-9.04234099,3.64410253,1,0,1,1,1
1095,227916,0.10397572,-0.07789754,-0.02022938,5.86456811,-8.97071195,3.09414244,1,0,1,1,1
1096,228125,0.08917469,-0.07246685,-0.01661347,6.29877883,-8.83384051,2.54184568,1,0,1,1,1
1097,228333,0.09559611,-0.07428604,-0.03398557,6.69435964,-8.67252858,1.93636019,1,0,1,1,1
1098,228541,0.10065021,-0.06063989,-0.04900785,7.11511881,-8.48408307,1.37974590,1,0,1,1,1
1099,228750,0.09279103,-0.05359971,-0.04639247,7.46124698,-8.23253134,0.76283525,1,0,1,1,1
1100,228958,0.08473795,-0.05024589,-0.04388676,7.78985997,-7.97093289,0.19347551,1,0,1,1,1
1101,229166,0.09610619,-0.04235360,-0.05701417,8.06837651,-7.66419351,-0.42703981,1,0,1,1,1
1102,229375,0.10160512,-0.04633981,-0.05909708,8.32420916,-7.33229324,-1.02238204,1,0,1,1,1
1103,229583,0.09168113,-0.02987230,-0.06626389,8.55184296,-6.96242246,-1.58446277,1,0,1,1,1
1104,229791,0.09286905,-0.02682752,-0.06640229,8.73419187,-6.56265659,-2.16987789,1,0,1,1,1
1105,230000,0.09544151,-0.02164140,-0.06704623,8.88027477,-6.12988973,-2.74089338,1,0,1,1,1
1106,230208,0.10171952,-0.01904813,-0.08256659,8.99663679,-5.67951074,-3.32652948,1,0,1,1,1
1107,230416,0.09202299,-0.01334785,-0.07772188,9.07160762,-5.19169819,-3.86224401,1,0,1,1,1
1108,230625,0.08554146,-0.00399341,-0.07881222,9.08922399,-4.69716465,-4.38776645,1,0,1,1,1
1109,230833,0.08626503,-0.00300567,-0.08802948,9.09598121,-4.20322608,-4.88998643,1,0,1,1,1
1110,231041,0.08475007,0.01131472,-0.09825008,9.04487008,-3.65738666,-5.39682219,1,0,1,1,1
1111,231250,0.07944401,0.01422468,-0.09132872,8.97658092,-3.09893482,-5.86047463,1,0,1,1,1
1112,231458,0.06760270,0.02748687,-0.09672436,8.85271040,-2.52089912,-6.29534791,1,0,1,1,1
1113,231666,0.06409920,0.04099958,-0.09384657,8.66772866,-1.95358353,-6.73431209,1,0,1,1,1
1114,231875,0.06041117,0.04097425,-0.10183148,8.47828730,-1.35331690,-7.10358417,1,0,1,1,1
1115,232083,0.05681904,0.04056688,-0.10184748,8.24566421,-0.77314346,-7.47551448,1,0,1,1,1
1116,232291,0.04669004,0.04350900,-0.10432942,7.95099620,-0.15688712,-7.78818683,1,0,1,1,1
1117,232500,0.05048273,0.05445417,-0.10358506,7.65372664,0.42546996,-8.07573693,1,0,1,1,1
1118,232708,0.04313897,0.05029962,-0.10058622,7.32868929,1.00557036,-8.32583930,1,0,1,1,1
1119,232916,0.04277029,0.05517454,-0.09649959,6.94598412,1.59694136,-8.54753236,1,0,1,1,1
1120,233125,0.02098786,0.06300595,-0.09154892,6.57832936,2.16260223,-8.75566616,1,0,1,1,1
1121,233333,0.02432632,0.07269022,-0.09012245,6.14562687,2.75739659,-8.90158587,1,0,1,1,1
1122,233541,0.01927223,0.08171204,-0.09254456,5.69066342,3.32148571,-8.99715752,1,0,1,1,1
1123,233750,0.01456230,0.09049207,-0.09365110,5.22521612,3.84544424,-9.07121598,1,0,1,1,1
1124,233958,0.00111638,0.08595204,-0.09808509,4.71094854,4.37513362,-9.09134521,1,0,1,1,1
1125,234166,-0.01156570,0.09393181,-0.08002356,4.18405980,4.91104289,-9.07915637,1,0,1,1,1
1126,234375,-0.01358127,0.09259701,-0.07402084,3.63996549,5.40843913,-9.05553984,1,0,1,1,1
1127,234583,-0.00808801,0.09016076,-0.07534583,3.08439614,5.87746238,-8.94065520,1,0,1,1,1
1128,234791,-0.01996706,0.09493795,-0.07866052,2.52732510,6.28372250,-8.82052704,1,0,1,1,1
1129,235000,-0.03541881,0.10271652,-0.05922654,1.93437198,6.72158413,-8.65264062,1,0,1,1,1
1130,235208,-0.03647767,0.10342111,-0.05610121,1.36413547,7.12825146,-8.48474299,1,0,1,1,1
1131,235416,-0.04626686,0.10735082,-0.04633251,0.78072274,7.46728716,-8.22656102,1,0,1,1,1
1132,235625,-0.05162764,0.09045904,-0.05387933,0.18109124,7.79441209,-7.97710387,1,0,1,1,1
1133,235833,-0.05118138,0.09464805,-0.03895820,-0.41670708,8.07518446,-7.67439293,1,0,1,1,1
1134,236041,-0.06142356,0.09714358,-0.03890558,-1.00348662,8.33689642,-7.32321732,1,0,1,1,1
1135,236250,-0.07088132,0.09267586,-0.03793811,-1.60008079,8.55085833,-6.96612676,1,0,1,1,1
1136,236458,-0.06917412,0.09759426,-0.02465945,-2.18566479,8.75782838,-6.58448220,1,0,1,1,1
1137,236666,-0.06855850,0.09588263,-0.02405844,-2.77346135,8.90128883,-6.13060972,1,0,1,1,1
1138,236875,-0.07221007,0.09575627,-0.02155971,-3.31439133,8.99629829,-5.67022206,1,0,1,1,1
1139,237083,-0.08626252,0.09145862,-0.00732358,-3.86182541,9.06451078,-5.21823064,1,0,1,1,1
1140,237291,-0.09068468,0.09026950,-0.01009593,-4.39697756,9.08728756,-4.69383441,1,0,1,1,1
1141,237500,-0.09332271,0.08627937,0.01020134,-4.90464365,9.08729995,-4.16361194,1,0,1,1,1
1142,237708,-0.09358573,0.07786598,0.01858386,-5.39875881,9.04388098,-3.63646187,1,0,1,1,1
1143,237916,-0.08771025,0.07467581,0.01934460,-5.85399033,8.95146115,-3.09302203,1,0,1,1,1
1144,238125,-0.09744424,0.07716691,0.02654580,-6.31044611,8.83492739,-2.52743838,1,0,1,1,1
1145,238333,-0.09184551,0.06633059,0.02957730,-6.71706779,8.67122718,-1.95258697,1,0,1,1,1
1146,238541,-0.10408128,0.06048271,0.03065728,-7.10872516,8.46867432,-1.36651101,1,0,1,1,1
1147,238750,-0.10246575,0.05495095,0.04472596,-7.45239321,8.27389080,-0.76743684,1,0,1,1,1
1148,238958,-0.09627406,0.05478795,0.04758544,-7.80238521,7.96808566,-0.17364506,1,0,1,1,1
1149,239166,-0.10197399,0.04114362,0.05303731,-8.08275596,7.66489795,0.42842057,1,0,1,1,1
1150,239375,-0.09950748,0.03935949,0.05195826,-8.32940919,7.32204519,0.99576864,1,0,1,1,1
1151,239583,-0.09839025,0.03892005,0.07004402,-8.55912229,6.97694881,1.59433221,1,0,1,1,1
1152,239791,-0.10383884,0.02524024,0.06158996,-8.74633135,6.56247236,2.16010940,1,0,1,1,1
1153,240000,-0.09396948,0.02583861,0.07004563,-8.89401821,6.13138040,2.74295986,1,0,1,1,1
1154,240208,-0.09277640,0.01102730,0.07134725,-8.99501627,5.68074742,3.30671312,1,0,1,1,1
1155,240416,-0.08922870,0.01000131,0.07379066,-9.09436332,5.19272377,3.85889839,1,0,1,1,1
1156,240625,-0.09359242,0.00264520,0.08455332,-9.09869578,4.70398248,4.38051643,1,0,1,1,1
1157,240833,-0.09799793,-0.00570325,0.08462073,-9.07773793,4.19048126,4.90524458,1,0,1,1,1
1158,241041,-0.08007225,-0.02132796,0.09173640,-9.05284888,3.65741160,5.41181522,1,0,1,1,1
1159,241250,-0.07876509,-0.02603598,0.09341289,-8.94949287,3.09280460,5.85760351,1,0,1,1,1
1160,241458,-0.07461338,-0.02075541,0.09847019,-8.85115308,2.53874571,6.31106008,1,0,1,1,1
1161,241666,-0.07289806,-0.03606205,0.09672339,-8.66718154,1.95165908,6.72539904,1,0,1,1,1
1162,241875,-0.06425375,-0.03625608,0.09686214,-8.47978686,1.36233812,7.12206040,1,0,1,1,1
1163,242083,-0.06340006,-0.04284894,0.09796785,-8.24038957,0.77674174,7.46922072,1,0,1,1,1
1164,242291,-0.04857140,-0.04876314,0.09951461,-7.97802562,0.17349234,7.79455907,1,0,1,1,1
1165,242500,-0.04933808,-0.05914058,0.09695544,-7.65929842,-0.42165048,8.08304576,1,0,1,1,1
1166,242708,-0.04550474,-0.05626524,0.10213154,-7.32757918,-1.02196998,8.34031982,1,0,1,1,1
1167,242916,-0.03003456,-0.06934606,0.09688468,-6.96147810,-1.60612034,8.56304812,1,0,1,1,1
1168,243125,-0.02146987,-0.07668387,0.09178471,-6.56006172,-2.16952236,8.74262882,1,0,1,1,1
1169,243333,-0.02611066,-0.07078023,0.07999055,-6.12342674,-2.75606908,8.88749527,1,0,1,1,1
1170,243541,-0.02044679,-0.07553260,0.09912193,-5.69249866,-3.31653738,8.99524030,1,0,1,1,1
1171,243750,0.00039384,-0.08017433,0.08623961,-5.19202484,-3.85048954,9.06108771,1,0,1,1,1
1172,243958,-0.00619706,-0.08307106,0.08894372,-4.69581881,-4.41105340,9.10694188,1,0,1,1,1
1173,244166,0.00310884,-0.08483784,0.07738397,-4.19508716,-4.90093917,9.08461826,1,0,1,1,1
1174,244375,0.00986356,-0.09024511,0.08057563,-3.64013809,-5.41222032,9.05335809,1,0,1,1,1
1175,244583,0.00726072,-0.08630722,0.08017197,-3.10206845,-5.87426605,8.96181297,1,0,1,1,1
1176,244791,0.02012198,-0.08745507,0.08153462,-2.50770355,-6.29872975,8.83333802,1,0,1,1,1
1177,245000,0.03475579,-0.10048847,0.06705119,-1.97259980,-6.72270224,8.67775567,1,0,1,1,1
1178,245208,0.03301522,-0.10666010,0.06040874,-1.36010877,-7.12023332,8.47761392,1,0,1,1,1
1179,245416,0.04233552,-0.10558887,0.05928737,-0.77454589,-7.48063072,8.24355117,1,0,1,1,1
1180,245625,0.04923040,-0.10555629,0.05592481,-0.18818600,-7.79361768,7.97936760,1,0,1,1,1
1181,245833,0.05571134,-0.10131767,0.05172278,0.43379210,-8.07019545,7.67233592,1,0,1,1,1
1182,246041,0.05761125,-0.09718028,0.03498391,1.00940173,-8.33453745,7.32221856,1,0,1,1,1
1183,246250,0.07018070,-0.09913278,0.02667466,1.58825490,-8.55946651,6.95627895,1,0,1,1,1
1184,246458,0.06688501,-0.09292450,0.02546291,2.18418083,-8.72962688,6.57046639,1,0,1,1,1
1185,246666,0.07237087,-0.09074629,0.02352495,2.76864014,-8.87160807,6.13423065,1,0,1,1,1
1186,246875,0.08331877,-0.10135465,0.01343869,3.31602982,-8.98804722,5.66963551,1,0,1,1,1
1187,247083,0.08016891,-0.08572562,0.00495133,3.86725073,-9.06608361,5.21212163,1,0,1,1,1
1188,247291,0.08715712,-0.08845043,-0.00076985,4.39842808,-9.10476920,4.70430049,1,0,1,1,1
1189,247500,0.09037678,-0.08248178,-0.00097360,4.90199366,-9.09256820,4.15681632,1,0,1,1,1
1190,247708,0.08909190,-0.07083904,-0.00864168,5.40885009,-9.05716550,3.64442580,1,0,1,1,1
1191,247916,0.08786791,-0.07712536,-0.01512362,5.86714684,-8.95212784,3.11850911,1,0,1,1,1
1192,248125,0.10181751,-0.07822378,-0.02454569,6.30920676,-8.83383495,2.54553755,1,0,1,1,1
1193,248333,0.09487322,-0.07125639,-0.03444381,6.70766612,-8.66172552,1.95381865,1,0,1,1,1
1194,248541,0.09702921,-0.05767108,-0.03274232,7.11234625,-8.47283710,1.37109259,1,0,1,1,1
1195,248750,0.09562017,-0.05780373,-0.04984581,7.46791873,-8.23163403,0.77418020,1,0,1,1,1
1196,248958,0.09802077,-0.05288035,-0.05408194,7.80806689,-7.98753231,0.16089600,1,0,1,1,1
1197,249166,0.10047181,-0.04860956,-0.06006311,8.08471497,-7.67297003,-0.40804546,1,0,1,1,1
1198,249375,0.10107096,-0.04352427,-0.05785463,8.30984107,-7.30602563,-1.00666265,1,0,1,1,1
1199,249583,0.09644803,-0.03635365,-0.07166507,8.54836562,-6.95988109,-1.59551184,1,0,1,1,1
1200,249791,0.09314056,-0.02446383,-0.07482706,8.75058851,-6.55679031,-2.17980852,1,0,1,1,1
1201,250000,0.11905324,-0.02538917,-0.05818728,8.83660540,-6.08708006,-2.67938900,1,0,1,1,1
1202,250208,0.11422105,-0.01286726,-0.06157565,8.92948781,-5.61907228,-3.23603951,1,0,1,1,1
1203,250416,0.12112968,-0.01008374,-0.06669494,8.96835105,-5.12440987,-3.76544044,1,0,1,1,1
1204,250625,0.11583265,-0.01199413,-0.07174641,8.96148150,-4.60159001,-4.27976921,1,0,1,1,1
1205,250833,0.12980450,-0.00607885,-0.07833342,8.87766383,-4.04758148,-4.75346448,1,0,1,1,1
1206,251041,0.12077290,0.01055602,-0.08168571,8.74878941,-3.49074384,-5.18133939,1,0,1,1,1
1207,251249,0.13257024,0.01104906,-0.10114988,8.56564145,-2.90335384,-5.57581970,1,0,1,1,1
1208,251458,0.13140524,0.02512438,-0.12039238,8.31976171,-2.32774593,-5.91395118,1,0,1,1,1
1209,251666,0.13462608,0.03097986,-0.12500870,8.03718785,-1.74732273,-6.20749886,1,0,1,1,1
1210,251875,0.14007568,0.04950139,-0.15071905,7.70641217,-1.18291780,-6.44585646,1,0,1,1,1
1211,252083,0.14222858,0.06853991,-0.16333100,7.34036216,-0.62070376,-6.63876537,1,0,1,1,1
1212,252291,0.14711281,0.09249848,-0.19111189,6.94083833,-0.08705402,-6.76033831,1,0,1,1,1
1213,252500,0.14337808,0.11233822,-0.20915847,6.49423596,0.43452377,-6.83403174,1,0,1,1,1
1214,252708,0.12943222,0.13254716,-0.22548305,6.04547979,0.92837333,-6.86950726,1,0,1,1,1
1215,252916,0.11899919,0.16948257,-0.23650611,5.55754168,1.36365544,-6.85189155,1,0,1,1,1
1216,253125,0.11186820,0.19382369,-0.26473829,5.05738710,1.77958336,-6.78175133,1,0,1,1,1
1217,253333,0.10531804,0.22463503,-0.28614008,4.55219429,2.13421147,-6.64874176,1,0,1,1,1
1218,253541,0.07785089,0.25128721,-0.29628793,4.06019273,2.49044648,-6.48498818,1,0,1,1,1
1219,253749,0.05928137,0.28468665,-0.32289273,3.57243204,2.77047227,-6.25284547,1,0,1,1,1
1220,253958,0.02773226,0.32511516,-0.33494905,3.06847564,3.03055223,-6.01451593,1,0,1,1,1
1221,254166,0.00705783,0.36535900,-0.33701768,2.57610364,3.18663128,-5.73202884,1,0,1,1,1
1222,254375,-0.02940678,0.39444815,-0.34452167,2.14519367,3.34110795,-5.41405448,1,0,1,1,1
1223,254583,-0.06359003,0.44520413,-0.34896371,1.69579004,3.44685744,-5.06341138,1,0,1,1,1
1224,254791,-0.10144293,0.48060277,-0.35677853,1.30103386,3.49107571,-4.73569508,1,0,1,1,1
1225,255000,-0.15081015,0.51142769,-0.34241080,0.92431948,3.52140561,-4.36479539,1,0,1,1,1
1226,255208,-0.18649082,0.53992721,-0.33986933,0.57669177,3.48605121,-3.99155285,1,0,1,1,1
1227,255416,-0.24200382,0.58498623,-0.31893418,0.28740276,3.37824024,-3.63437620,1,0,1,1,1
1228,255625,-0.27580450,0.60952064,-0.30910495,0.02177963,3.30021319,-3.26179941,1,0,1,1,1
1229,255833,-0.34145635,0.64465316,-0.27797398,-0.21476384,3.15506045,-2.90992382,1,0,1,1,1
1230,256041,-0.40446106,0.67093955,-0.24941988,-0.43773057,2.99905274,-2.53548037,1,0,1,1,1
1231,256249,-0.44780079,0.68808304,-0.22855677,-0.59142388,2.83645483,-2.19354989,1,0,1,1,1
1232,256458,-0.50167163,0.69994268,-0.18275146,-0.71200402,2.65844729,-1.86451217,1,0,1,1,1
1233,256666,-0.55284090,0.71259832,-0.14257988,-0.80560060,2.42816757,-1.59508882,1,0,1,1,1
1234,256875,-0.61262674,0.72186158,-0.10642348,-0.86267794,2.19745870,-1.32889665,1,0,1,1,1
1235,257083,-0.66145340,0.72178017,-0.04889688,-0.85535075,1.98240282,-1.07448103,1,0,1,1,0
1236,257291,-0.71128809,0.71322637,0.00979106,-0.88510078,1.77716358,-0.83551341,1,0,1,1,0
1237,257500,-0.75670782,0.70547711,0.05646701,-0.87022983,1.54373456,-0.66275971,1,0,1,1,0
1238,257708,-0.79594335,0.69665992,0.11117777,-0.82383317,1.33404075,-0.50189489,1,0,1,1,0
1239,257916,-0.85219891,0.67403025,0.18479487,-0.74859174,1.13613486,-0.35704803,1,0,1,1,0
1240,258125,-0.88273986,0.64006150,0.24546480,-0.69922267,0.95819050,-0.24311374,1,0,1,1,0
1241,258333,-0.90583119,0.60725862,0.30443759,-0.63288712,0.79787562,-0.15888888,1,0,1,1,0
1242,258541,-0.94425636,0.57371140,0.36090270,-0.53919158,0.64757934,-0.08279989,1,0,1,1,0
1243,258749,-0.95707215,0.52757986,0.42091769,-0.48166028,0.53056263,-0.03413322,1,0,1,1,0
1244,258958,-0.97819768,0.47704265,0.48654817,-0.39524314,0.40384928,-0.02338678,1,0,1,1,0
1245,259166,-0.99673223,0.42149906,0.54067414,-0.32760279,0.30968559,0.03821377,1,0,1,1,0
1246,259375,-0.97435923,0.38098229,0.59903075,-0.28763745,0.25018603,0.02931544,1,0,1,1,0
1247,259583,-0.97908069,0.30563869,0.65506387,-0.23695892,0.18556389,0.04141326,1,0,1,1,0
1248,259791,-0.97151823,0.26822152,0.69317506,-0.20997728,0.15295157,0.05686734,1,0,1,1,0
1249,260000,-0.95546984,0.19427113,0.74748108,-0.21111042,0.14101087,0.07221600,0,0,0,0,0
1250,260208,-0.92987210,0.12700386,0.78168596,-0.22145961,0.14812091,0.05450946,0,0,0,0,0
1251,260416,-0.90067321,0.06174615,0.82622118,-0.20357660,0.12071983,0.08800343,0,0,0,0,0
1252,260625,-0.87950991,0.00796223,0.86708563,-0.20136919,0.10489212,0.09087524,0,0,0,0,0
1253,260833,-0.85823870,-0.06237654,0.88677676,-0.19689938,0.07512832,0.11376186,0,0,0,0,0
1254,261041,-0.82068542,-0.13230214,0.92235641,-0.20029922,0.06460052,0.09827921,0,0,0,0,0
1255,261249,-0.77096141,-0.18917884,0.93575067,-0.18990381,0.05144350,0.11886232,0,0,0,0,0
1256,261458,-0.72345512,-0.25261356,0.95550531,-0.16140466,0.03832287,0.09934766,0,0,0,0,0
1257,261666,-0.68016312,-0.31872458,0.97350679,-0.19346821,0.01273759,0.12165957,0,0,0,0,0
1258,261875,-0.64344831,-0.37854695,0.97450345,-0.16488043,0.01982801,0.13529294,0,0,0,0,0
1259,262083,-0.58764088,-0.43440104,0.99576781,-0.16284957,-0.00439555,0.11624100,0,0,0,0,0
1260,262291,-0.53637764,-0.48796069,0.99555970,-0.15904831,-0.01619899,0.12568917,0,0,0,0,0
1261,262500,-0.47084722,-0.54816760,0.99349351,-0.15392209,-0.02977277,0.15078949,0,0,0,0,0
1262,262708,-0.42340621,-0.59021756,0.97678234,-0.12956593,-0.05400949,0.12757356,0,0,0,0,0
1263,262916,-0.35894376,-0.64857215,0.96836227,-0.13292617,-0.06837479,0.14572275,0,0,0,0,0
1264,263125,-0.29818308,-0.70248179,0.96159003,-0.11287256,-0.08364547,0.14601477,0,0,0,0,0
1265,263333,-0.23694121,-0.74230653,0.93980854,-0.09673524,-0.10042018,0.15412107,0,0,0,0,0
1266,263541,-0.17396577,-0.78615375,0.91637682,-0.09169498,-0.11969372,0.16111901,0,0,0,0,0
1267,263750,-0.10123841,-0.82067731,0.89297941,-0.08167997,-0.11735822,0.15911625,0,0,0,0,0
1268,263958,-0.04094955,-0.85969310,0.86079980,-0.06616987,-0.13301536,0.14747919,0,0,0,0,0
1269,264166,0.02802473,-0.88304785,0.82295270,-0.05916629,-0.16132546,0.15737572,0,0,0,0,0
1270,264375,0.08475294,-0.91006325,0.78809450,-0.04100934,-0.16925128,0.14876432,0,0,0,0,0
1271,264583,0.15326650,-0.93271264,0.75251440,-0.01230205,-0.18064419,0.13978705,0,0,0,0,0
1272,264791,0.21815702,-0.96012503,0.70480558,-0.02632114,-0.18191660,0.14302514,0,0,0,0,0
1273,265000,0.28709855,-0.98050163,0.66056361,0.00706410,-0.19664685,0.12868502,0,0,0,0,0
1274,265208,0.34610494,-0.98346595,0.60653537,0.01826558,-0.22196135,0.12852019,0,0,0,0,0
1275,265416,0.40604888,-0.98797410,0.55160830,0.03170511,-0.20986432,0.13184609,0,0,0,0,0
1276,265625,0.46045096,-0.98928985,0.50257142,0.05217250,-0.22756901,0.11989255,0,0,0,0,0
1277,265833,0.51594544,-0.99400090,0.44293902,0.05685937,-0.22578966,0.11427948,0,0,0,0,0
1278,266041,0.56785269,-0.99029968,0.39052349,0.08166985,-0.22916214,0.09967221,0,0,0,0,0
1279,266250,0.61327383,-0.97724862,0.31550337,0.08275967,-0.25305043,0.08579513,0,0,0,0,0
1280,266458,0.66752141,-0.95260028,0.25799243,0.08817101,-0.23850587,0.08023400,0,0,0,0,0
1281,266666,0.70861519,-0.95198977,0.18661777,0.13196633,-0.25959794,0.07405147,0,0,0,0,0
1282,266875,0.75476987,-0.91406760,0.12893087,0.11963868,-0.25829105,0.06856787,0,0,0,0,0
1283,267083,0.79168629,-0.88880106,0.05795679,0.14951205,-0.27161174,0.07146989,0,0,0,0,0
1284,267291,0.83838263,-0.86307897,0.00471865,0.15512997,-0.28452865,0.04559182,0,0,0,0,0
1285,267500,0.87072546,-0.82469529,-0.06502005,0.18035718,-0.27575920,0.01729815,0,0,0,0,0
1286,267708,0.88622408,-0.78322576,-0.14119993,0.19206633,-0.25738989,0.02530241,0,0,0,0,0
1287,267916,0.92194154,-0.74287743,-0.20763471,0.18400495,-0.26041857,0.00558659,0,0,0,0,0
1288,268125,0.93707499,-0.69667326,-0.25833958,0.19829897,-0.25063096,0.00754773,0,0,0,0,0
1289,268333,0.95617949,-0.65186901,-0.32692668,0.21461272,-0.23568878,-0.02624215,0,0,0,0,0
1290,268541,0.96189049,-0.60457690,-0.38352614,0.20935289,-0.25060775,-0.02326015,0,0,0,0,0
1291,268750,0.97084862,-0.55072260,-0.45088896,0.23258791,-0.24255754,-0.03793613,0,0,0,0,0
1292,268958,0.97707821,-0.49989067,-0.51600034,0.22837656,-0.23482820,-0.04630556,0,0,0,0,0
1293,269166,0.97929601,-0.43306916,-0.55941660,0.22962528,-0.22191368,-0.06304933,0,0,0,0,0
1294,269375,0.97549260,-0.38207056,-0.61686144,0.24705280,-0.22152286,-0.08990343,0,0,0,0,0
1295,269583,0.95557884,-0.31440443,-0.66964062,0.23208390,-0.21083273,-0.07640898,0,0,0,0,0
1296,269791,0.94501013,-0.25300338,-0.71128518,0.25885992,-0.18790257,-0.10134175,0,0,0,0,0
1297,270000,0.94087507,-0.18320117,-0.75725852,0.25119606,-0.18638611,-0.11347590,0,0,0,0,0
1298,270208,0.90960299,-0.12497982,-0.79701656,0.24356830,-0.17035671,-0.12857435,0,0,0,0,0
1299,270416,0.88557751,-0.07241826,-0.83234642,0.25497335,-0.14805318,-0.14069356,0,0,0,0,0
1300,270625,0.85499224,0.00512970,-0.86951301,0.26203228,-0.13180789,-0.11486136,0,0,0,0,0
1301,270833,0.82412543,0.07457321,-0.91381481,0.24960020,-0.12537506,-0.13620847,0,0,0,0,0
1302,271041,0.79075937,0.13732660,-0.93487270,0.24877202,-0.13153822,-0.13821327,0,0,0,0,0
1303,271250,0.75629612,0.19955521,-0.95779372,0.24328814,-0.08666185,-0.16260288,0,0,0,0,0
1304,271458,0.71601739,0.25564792,-0.97613268,0.24519415,-0.11357704,-0.17875670,0,0,0,0,0
1305,271666,0.66424623,0.33391685,-0.99252604,0.23104452,-0.07435680,-0.17617038,0,0,0,0,0
1306,271875,0.61091088,0.37910677,-1.00369746,0.23143217,-0.06480278,-0.18576460,0,0,0,0,0
1307,272083,0.56327494,0.44313724,-1.01912173,0.20895145,-0.04082223,-0.17643749,0,0,0,0,0
1308,272291,0.50794084,0.50537924,-1.01360554,0.21044514,-0.02298097,-0.19961722,0,0,0,0,0
1309,272500,0.45039289,0.55706844,-1.02129608,0.22334549,-0.01571381,-0.18840712,0,0,0,0,0
1310,272708,0.39911027,0.60556451,-1.01496715,0.21390774,-0.00331484,-0.18795885,0,0,0,0,0
1311,272916,0.33663975,0.66367757,-0.99526634,0.20933393,0.00619533,-0.21399473,0,0,0,0,0
1312,273125,0.27231241,0.70911849,-0.98025585,0.17018842,0.02801914,-0.20883036,0,0,0,0,0
1313,273333,0.20693345,0.75994150,-0.96553330,0.16637235,0.04251755,-0.19591132,0,0,0,0,0
1314,273541,0.15276458,0.79785368,-0.94752816,0.13974674,0.05376856,-0.20847474,0,0,0,0,0
1315,273750,0.09180420,0.84782653,-0.90934488,0.13716551,0.07177329,-0.18706478,0,0,0,0,0
1316,273958,0.02737220,0.86571313,-0.87397653,0.13080848,0.08681328,-0.19770519,0,0,0,0,0
1317,274166,-0.04699152,0.90701363,-0.85305556,0.08169813,0.10288009,-0.20881654,0,0,0,0,0
1318,274375,-0.10702093,0.93083984,-0.81562051,0.10678850,0.10833830,-0.18983767,0,0,0,0,0
1319,274583,-0.17054197,0.96810629,-0.77734743,0.06348833,0.11490857,-0.18869957,0,0,0,0,0
1320,274791,-0.23574122,0.97125070,-0.71940578,0.07350560,0.13307047,-0.18859013,0,0,0,0,0
1321,275000,-0.30939506,0.99497832,-0.67697754,0.05996992,0.14088179,-0.17705936,0,0,0,0,0
1322,275208,-0.35585405,1.00086927,-0.63081642,0.04393692,0.14446024,-0.15930266,0,0,0,0,0
1323,275416,-0.41700542,0.99844613,-0.57246037,0.01181621,0.18582728,-0.16800550,0,0,0,0,0
1324,275625,-0.47238125,1.01848809,-0.51965778,0.00779577,0.16120798,-0.15772497,0,0,0,0,0
1325,275833,-0.53057886,1.01079149,-0.45465396,-0.02520366,0.19186471,-0.16575928,0,0,0,0,0
1326,276041,-0.58482617,1.01476834,-0.40212185,-0.03540063,0.20527709,-0.12315047,0,0,0,0,0
1327,276250,-0.62427804,0.99377866,-0.33606707,-0.05380568,0.19016182,-0.14700822,0,0,0,0,0
1328,276458,-0.68287886,0.98192102,-0.26789243,-0.04952708,0.20807058,-0.10477722,0,0,0,0,0
1329,276666,-0.73474104,0.96774844,-0.20994563,-0.06149777,0.21071292,-0.10668282,0,0,0,0,0
1330,276875,-0.77825678,0.94762033,-0.14148285,-0.09990608,0.20833292,-0.09282743,0,0,0,0,0
1331,277083,-0.81197126,0.91569797,-0.08407164,-0.10389485,0.20836298,-0.08719732,0,0,0,0,0
1332,277291,-0.84855811,0.89400087,-0.01163604,-0.11139166,0.22103078,-0.08099741,0,0,0,0,0
1333,277500,-0.87613373,0.84356287,0.05293577,-0.12088452,0.21645973,-0.05696354,0,0,0,0,0
1334,277708,-0.90012753,0.80516744,0.12347837,-0.14298693,0.24142034,-0.04561549,0,0,0,0,0
1335,277916,-0.92983123,0.76613668,0.19058318,-0.13938091,0.23583831,-0.02843788,0,0,0,0,0
1336,278125,-0.95220701,0.72086109,0.25125748,-0.16114456,0.21836723,-0.01154376,0,0,0,0,0
1337,278333,-0.96366086,0.68697844,0.32282226,-0.16693979,0.22203833,0.00799887,0,0,0,0,0
1338,278541,-0.97283217,0.63087044,0.37636464,-0.19451648,0.24057739,0.00774026,0,0,0,0,0
1339,278750,-0.98037896,0.57300494,0.44453898,-0.20343593,0.22793269,0.02134967,0,0,0,0,0
1340,278958,-0.98363089,0.51243621,0.49740953,-0.20821492,0.20557194,0.04043152,0,0,0,0,0
1341,279166,-0.98346883,0.46139513,0.55546766,-0.21954901,0.20764273,0.04323263,0,0,0,0,0
1342,279375,-0.97259560,0.39813717,0.60829174,-0.22299338,0.22465126,0.07560735,0,0,0,0,0
1343,279583,-0.97242725,0.33459904,0.65754745,-0.23067212,0.19866870,0.08810765,0,0,0,0,0
1344,279791,-0.95331672,0.26851258,0.70805653,-0.23535671,0.18083643,0.09288019,0,0,0,0,0
1345,280000,-0.92674116,0.21032804,0.75973766,-0.22349064,0.17147273,0.09885249,0,0,0,0,0
1346,280208,-0.90405599,0.14350799,0.79508624,-0.23226914,0.16030063,0.11868312,0,0,0,0,0
1347,280416,-0.88992743,0.07951921,0.84014561,-0.23450403,0.13974270,0.15180912,0,0,0,0,0
1348,280625,-0.85968597,0.00652694,0.87076927,-0.25223427,0.15484258,0.15695638,0,0,0,0,0
1349,280833,-0.82004142,-0.04828840,0.90933816,-0.22583451,0.13321581,0.16210981,0,0,0,0,0
1350,281041,-0.78267878,-0.12095001,0.93616123,-0.24315851,0.13395569,0.18050279,0,0,0,0,0
1351,281250,-0.74295989,-0.18637879,0.95305299,-0.23284127,0.12169659,0.16400207,0,0,0,0,0
1352,281458,-0.69450905,-0.25183132,0.98380173,-0.22803561,0.10159709,0.18174239,0,0,0,0,0
1353,281666,-0.64932018,-0.31615828,0.99923860,-0.22087691,0.08411539,0.19775273,0,0,0,0,0
1354,281875,-0.60284706,-0.38102358,1.00845205,-0.24154204,0.07729041,0.19938859,0,0,0,0,0
1355,282083,-0.53974009,-0.43423367,1.02149457,-0.23604530,0.05258560,0.19577935,0,0,0,0,0
1356,282291,-0.49955187,-0.49908778,1.01805214,-0.21389374,0.05765379,0.21394714,0,0,0,0,0
1357,282500,-0.43782817,-0.55792735,1.01694372,-0.21480877,0.04213133,0.23424088,0,0,0,0,0
1358,282708,-0.37534382,-0.60445515,1.02012080,-0.21265660,0.01937220,0.22318574,0,0,0,0,0
1359,282916,-0.31989596,-0.65181735,1.00027798,-0.21398168,0.02532621,0.24367402,0,0,0,0,0
1360,283125,-0.26090382,-0.70703572,0.99174724,-0.21266146,-0.00249966,0.22830052,0,0,0,0,0
1361,283333,-0.19299188,-0.75463491,0.97764777,-0.17991433,-0.02588430,0.23098247,0,0,0,0,0
1362,283541,-0.13880069,-0.79918015,0.94785588,-0.17300051,-0.02641157,0.23654856,0,0,0,0,0
1363,283750,-0.06869443,-0.83662773,0.92848913,-0.15779848,-0.04026968,0.25813039,0,0,0,0,0
1364,283958,-0.00466910,-0.87062905,0.89529135,-0.15352418,-0.06663058,0.23112080,0,0,0,0,0
1365,284166,0.05591742,-0.90295302,0.85776613,-0.13073297,-0.07154119,0.25094670,0,0,0,0,0
1366,284375,0.13055176,-0.93351578,0.82464115,-0.13142945,-0.07565323,0.21649750,0,0,0,0,0
1367,284583,0.18621071,-0.96081011,0.78280952,-0.10475915,-0.10296371,0.24819830,0,0,0,0,0
1368,284791,0.24357429,-0.97459410,0.73817795,-0.09487928,-0.09585097,0.24661035,0,0,0,0,0
1369,285000,0.31630288,-0.98948071,0.69390677,-0.06757172,-0.12193789,0.22697318,0,0,0,0,0
1370,285208,0.36998365,-1.00344510,0.65515715,-0.08835164,-0.12508303,0.21942626,0,0,0,0,0
1371,285416,0.42943718,-1.00797949,0.59120549,-0.04899007,-0.12527268,0.21724482,0,0,0,0,0
1372,285625,0.49221069,-1.01986558,0.53789238,-0.04861684,-0.14124001,0.21550739,0,0,0,0,0
1373,285833,0.54824971,-1.01382602,0.46855036,-0.03088514,-0.15414348,0.17711623,0,0,0,0,0
1374,286041,0.59293827,-1.01124074,0.41599838,-0.00284454,-0.14791074,0.20918469,0,0,0,0,0
1375,286250,0.65212592,-1.01371105,0.34930169,0.01736406,-0.14563351,0.19123526,0,0,0,0,0
1376,286458,0.70086280,-0.98743724,0.29482555,0.03561684,-0.17739896,0.15610397,0,0,0,0,0
1377,286666,0.74487640,-0.97034502,0.22675058,0.02802567,-0.17108920,0.15471571,0,0,0,0,0
1378,286875,0.78338554,-0.94898024,0.16724362,0.04635663,-0.17632441,0.14575697,0,0,0,0,0
1379,287083,0.83074264,-0.92344036,0.09505281,0.06488079,-0.18596738,0.13682871,0,0,0,0,0
1380,287291,0.85371529,-0.90055372,0.02904426,0.08442296,-0.17370757,0.11646747,0,0,0,0,0
1381,287500,0.89097725,-0.86653940,-0.02811652,0.08021775,-0.18192753,0.09569880,0,0,0,0,0
1382,287708,0.91670793,-0.83704459,-0.10158397,0.08888761,-0.16598916,0.11629922,0,0,0,0,0
1383,287916,0.94225923,-0.78541995,-0.16001279,0.11325709,-0.19156191,0.08296669,0,0,0,0,0
1384,288125,0.96688249,-0.73602616,-0.23791837,0.11894121,-0.17378867,0.05817360,0,0,0,0,0
1385,288333,0.97650436,-0.69720160,-0.29433954,0.12979627,-0.18835737,0.06269475,0,0,0,0,0
1386,288541,0.98332399,-0.63810733,-0.36577767,0.15669910,-0.18944188,0.03612447,0,0,0,0,0
1387,288750,0.99162010,-0.58756310,-0.42530081,0.13696519,-0.18195504,0.01873935,0,0,0,0,0
1388,288958,1.00805760,-0.53140016,-0.48238905,0.16547510,-0.17706097,-0.00340857,0,0,0,0,0
1389,289166,0.98888540,-0.46872958,-0.52529057,0.17247380,-0.16939009,-0.01400593,0,0,0,0,0
1390,289375,0.98805384,-0.40559596,-0.58986622,0.17737046,-0.15684766,-0.02930382,0,0,0,0,0
1391,289583,0.97846394,-0.35920580,-0.64582892,0.17103265,-0.15479120,-0.04718711,0,0,0,0,0
1392,289791,0.97294160,-0.29547306,-0.69057449,0.17835242,-0.14201078,-0.06750460,0,0,0,0,0
1393,290000,0.95088915,-0.22508993,-0.73780142,0.17437322,-0.12913172,-0.07889540,0,0,0,0,0
1394,290208,0.91680469,-0.16075515,-0.78044953,0.19901657,-0.13320676,-0.07423346,0,0,0,0,0
1395,290416,0.89930120,-0.10075140,-0.82202512,0.20172562,-0.10726396,-0.11301934,0,0,0,0,0
1396,290625,0.85886644,-0.03200984,-0.85899258,0.19671849,-0.12027451,-0.10296834,0,0,0,0,0
1397,290833,0.83510200,0.03542046,-0.88140190,0.21691482,-0.10676621,-0.13987993,0,0,0,0,0
1398,291041,0.79648060,0.10147250,-0.92012105,0.22291633,-0.09501690,-0.15531521,0,0,0,0,0
1399,291250,0.76572826,0.16763790,-0.94381141,0.20411231,-0.07151632,-0.15102810,0,0,0,0,0
1400,291458,0.70853287,0.23831346,-0.96332912,0.20034617,-0.06976687,-0.19919640,0,0,0,0,0
1401,291666,0.67694614,0.29533892,-0.99325899,0.18855423,-0.08394327,-0.17940165,0,0,0,0,0
1402,291875,0.60539013,0.35584430,-0.99555997,0.20444993,-0.03394594,-0.17798514,0,0,0,0,0
1403,292083,0.55794117,0.41249342,-1.00909937,0.20211716,-0.03077500,-0.20028565,0,0,0,0,0
1404,292291,0.50426673,0.47606468,-1.00110783,0.18784956,-0.02672587,-0.18502799,0,0,0,0,0
1405,292500,0.45058034,0.53630164,-1.00073418,0.18920378,-0.01749407,-0.20235575,0,0,0,0,0
1406,292708,0.39354264,0.59259132,-1.00297904,0.18078373,-0.01561535,-0.21651293,0,0,0,0,0
1407,292916,0.32656072,0.64029288,-0.99688917,0.17501324,0.01125558,-0.23048716,0,0,0,0,0
1408,293125,0.25977786,0.68630517,-0.99117263,0.16538194,0.00343822,-0.22748504,0,0,0,0,0
1409,293333,0.20357809,0.73057491,-0.96441636,0.17014349,0.03167487,-0.24899368,0,0,0,0,0
1410,293541,0.13431390,0.77817704,-0.93776270,0.14236671,0.04409536,-0.23177056,0,0,0,0,0
1411,293750,0.07874213,0.82610861,-0.92003203,0.14800766,0.04777946,-0.23924105,0,0,0,0,0
1412,293958,0.00312727,0.86708167,-0.87900894,0.13799988,0.05800520,-0.25452152,0,0,0,0,0
1413,294166,-0.06407144,0.89612257,-0.86252661,0.12282538,0.06016167,-0.23556675,0,0,0,0,0
1414,294375,-0.11818454,0.91914678,-0.82318833,0.11404166,0.07745186,-0.24064589,0,0,0,0,0
1415,294583,-0.18975198,0.94334644,-0.78441418,0.09964380,0.08992450,-0.23255417,0,0,0,0,0
1416,294791,-0.25464554,0.97192153,-0.73470737,0.08600039,0.08998812,-0.24503161,0,0,0,0,0
1417,295000,-0.32267310,0.98080637,-0.69188675,0.08444959,0.11846519,-0.23092246,0,0,0,0,0
1418,295208,-0.37696257,0.99969741,-0.64480432,0.06288780,0.11782805,-0.21419538,0,0,0,0,0
1419,295416,-0.43654772,1.00304825,-0.58632803,0.06239213,0.11161484,-0.20229798,0,0,0,0,0
1420,295625,-0.50515720,1.00354004,-0.53566605,0.05944114,0.11001170,-0.21777377,0,0,0,0,0
1421,295833,-0.56585838,1.01127541,-0.48031956,0.02731465,0.13674359,-0.20439441,0,0,0,0,0
1422,296041,-0.61094081,1.00276963,-0.41546179,0.01426969,0.14527586,-0.20436062,0,0,0,0,0
1423,296250,-0.65892009,0.98883876,-0.35903723,-0.01454999,0.15293677,-0.19715193,0,0,0,0,0
1424,296458,-0.71603406,0.98877484,-0.29471362,-0.00671722,0.13994939,-0.18518842,0,0,0,0,0
1425,296666,-0.75647607,0.96600543,-0.24022533,-0.03102251,0.14893746,-0.15627730,0,0,0,0,0
1426,296875,-0.79846088,0.95066795,-0.16361714,-0.01755987,0.15619056,-0.17108598,0,0,0,0,0
1427,297083,-0.83921507,0.92398967,-0.10148317,-0.05251676,0.16531944,-0.14947231,0,0,0,0,0
1428,297291,-0.87431427,0.88414938,-0.03775448,-0.05297764,0.16259250,-0.13526923,0,0,0,0,0
1429,297500,-0.90045741,0.85305058,0.02771455,-0.08881059,0.15332559,-0.13024245,0,0,0,0,0
1430,297708,-0.92789675,0.81900161,0.10108734,-0.08165459,0.14836599,-0.11306896,0,0,0,0,0
1431,297916,-0.95523520,0.78285238,0.16534732,-0.09365497,0.15797522,-0.09320210,0,0,0,0,0
1432,298125,-0.97786191,0.73329549,0.22942979,-0.10215907,0.13952001,-0.08229758,0,0,0,0,0
1433,298333,-0.99702879,0.69128835,0.28599577,-0.11020235,0.15659179,-0.07155435,0,0,0,0,0
1434,298541,-1.00466883,0.63178207,0.34380436,-0.12231665,0.14575556,-0.06362131,0,0,0,0,0
1435,298750,-1.01088304,0.59132119,0.40410776,-0.12056182,0.12663120,-0.04153225,0,0,0,0,0
1436,298958,-1.01069705,0.53756603,0.46397806,-0.15821330,0.12421839,-0.03737148,0,0,0,0,0
1437,299166,-1.00703128,0.47560743,0.51757737,-0.14241161,0.13627389,-0.01907667,0,0,0,0,0
1438,299375,-1.00954037,0.42448265,0.57373399,-0.14619085,0.11834595,0.00853623,0,0,0,0,0
1439,299583,-0.99608469,0.35626428,0.63181551,-0.16811412,0.11978364,0.01173564,0,0,0,0,0
1440,299791,-0.98393996,0.30117406,0.66973552,-0.14553715,0.11898845,0.02065458,0,0,0,0,0
1441,300000,-0.96372066,0.22919763,0.72781237,-0.17199157,0.11346244,0.03834166,0,0,0,0,0
1442,300208,-0.94466721,0.16133289,0.76801828,-0.16996577,0.10741358,0.04947300,0,0,0,0,0
1443,300416,-0.91565645,0.09766863,0.81151225,-0.16576710,0.08324906,0.06452923,0,0,0,0,0
1444,300625,-0.88877716,0.03181837,0.83852241,-0.15303670,0.07977644,0.07915123,0,0,0,0,0
1445,300833,-0.85004977,-0.03033078,0.87223903,-0.16300815,0.07017123,0.09655030,0,0,0,0,0
1446,301041,-0.81747063,-0.09321117,0.90921434,-0.15508713,0.07331283,0.09098220,0,0,0,0,0
1447,301250,-0.77346061,-0.15501731,0.92656572,-0.15467614,0.03561045,0.11001736,0,0,0,0,0
1448,301458,-0.73140992,-0.22718905,0.95177493,-0.16105885,0.05094638,0.12913027,0,0,0,0,0
1449,301666,-0.68420418,-0.29117960,0.97085107,-0.16721102,0.02267022,0.14165852,0,0,0,0,0
1450,301875,-0.62146152,-0.34550593,0.98693488,-0.16583553,0.00929987,0.11574760,0,0,0,0,0
1451,302083,-0.58214958,-0.41583059,0.98665267,-0.16443455,-0.00082740,0.16110598,0,0,0,0,0
1452,302291,-0.52119749,-0.47494313,0.99466962,-0.17151379,-0.00605890,0.14381996,0,0,0,0,0
1453,302500,-0.45833257,-0.52343680,0.98469090,-0.16269319,-0.01133033,0.17003210,0,0,0,0,0
1454,302708,-0.41367874,-0.58095043,0.99209526,-0.14003083,-0.03468370,0.18185610,0,0,0,0,0
1455,302916,-0.33901049,-0.61805994,0.97641281,-0.15725792,-0.04777454,0.19401708,0,0,0,0,0
1456,303125,-0.27871632,-0.68092181,0.96106448,-0.14595765,-0.05080407,0.19730989,0,0,0,0,0
1457,303333,-0.21583379,-0.72719634,0.95099273,-0.12636065,-0.06271037,0.19503209,0,0,0,0,0
1458,303541,-0.15693167,-0.76584417,0.93533546,-0.11814149,-0.09326238,0.19215545,0,0,0,0,0
1459,303750,-0.08780444,-0.81142943,0.89152782,-0.11261936,-0.06959086,0.19957469,0,0,0,0,0
1460,303958,-0.02043767,-0.83651551,0.87476770,-0.09247214,-0.09422982,0.19757615,0,0,0,0,0
1461,304166,0.05137089,-0.88111632,0.84078903,-0.10074432,-0.12031604,0.21420478,0,0,0,0,0
1462,304375,0.11897578,-0.90430839,0.80613576,-0.06989269,-0.11892267,0.21874915,0,0,0,0,0
1463,304583,0.17327646,-0.93439535,0.76097995,-0.04489291,-0.11508714,0.18737724,0,0,0,0,0
1464,304791,0.24491710,-0.95405759,0.71751283,-0.05079435,-0.12639236,0.21380346,0,0,0,0,0
1465,305000,0.30521160,-0.96713668,0.67452475,-0.04274741,-0.14154047,0.20051738,0,0,0,0,0
1466,305208,0.37066502,-0.98028412,0.63553682,-0.03305777,-0.12818986,0.22084797,0,0,0,0,0
1467,305416,0.42707075,-0.98573561,0.57168736,-0.01662023,-0.13825614,0.20019441,0,0,0,0,0
1468,305625,0.48366798,-0.99185018,0.52108035,-0.01106176,-0.16118816,0.20098595,0,0,0,0,0
1469,305833,0.53906381,-0.99556868,0.45742359,-0.00415734,-0.16098280,0.18317505,0,0,0,0,0
1470,306041,0.61243459,-0.99382264,0.40867912,0.02009373,-0.16316378,0.20195208,0,0,0,0,0
1471,306250,0.65266400,-0.97645892,0.35199743,0.01643957,-0.17214208,0.17020331,0,0,0,0,0
1472,306458,0.69953115,-0.97157454,0.28495623,0.04254468,-0.16437428,0.16996990,0,0,0,0,0
1473,306666,0.75615519,-0.94556599,0.21561816,0.04830028,-0.20096347,0.16709023,0,0,0,0,0
1474,306875,0.79452118,-0.92363993,0.16296872,0.05507521,-0.19959917,0.15756645,0,0,0,0,0
1475,307083,0.83570663,-0.89814527,0.08833494,0.06518694,-0.18628506,0.14257531,0,0,0,0,0
1476,307291,0.86143686,-0.88395787,0.01813853,0.05498129,-0.17543560,0.13468108,0,0,0,0,0
1477,307500,0.90152802,-0.84410617,-0.04001698,0.08197138,-0.17826729,0.11634742,0,0,0,0,0
1478,307708,0.92950063,-0.80574890,-0.10223768,0.11192340,-0.18351135,0.11161640,0,0,0,0,0
1479,307916,0.94685601,-0.76369093,-0.16367823,0.09238541,-0.17798878,0.08876766,0,0,0,0,0
1480,308125,0.96712810,-0.72286174,-0.22844439,0.11761212,-0.18517868,0.08860781,0,0,0,0,0
1481,308333,0.98454205,-0.67306479,-0.29173719,0.12446227,-0.15690417,0.08414241,0,0,0,0,0
1482,308541,1.00309564,-0.63401871,-0.34518783,0.13999923,-0.16968950,0.07157849,0,0,0,0,0
1483,308750,1.01095092,-0.57101077,-0.40670285,0.13373662,-0.15785269,0.02239239,0,0,0,0,0
1484,308958,1.01390118,-0.52540409,-0.48141972,0.14973003,-0.15685765,0.03677714,0,0,0,0,0
1485,309166,1.02033414,-0.46023881,-0.53180496,0.14534785,-0.13337286,0.02157313,0,0,0,0,0
1486,309375,1.01508525,-0.39803260,-0.58522719,0.15238030,-0.12797363,0.01913333,0,0,0,0,0
1487,309583,1.00592189,-0.34600363,-0.62914691,0.14273206,-0.13990190,0.00449673,0,0,0,0,0
1488,309791,0.97939545,-0.28108629,-0.68466004,0.14701028,-0.13063658,-0.01461466,0,0,0,0,0
1489,310000,0.97095186,-0.21282520,-0.72214533,0.15226152,-0.09171318,-0.03499008,0,0,0,0,0
1490,310208,0.94946358,-0.16594356,-0.77127198,0.16268103,-0.07102039,-0.03265513,0,0,0,0,0
1491,310416,0.92136165,-0.09966693,-0.81221216,0.13496367,-0.08190060,-0.05660077,0,0,0,0,0
1492,310625,0.89254967,-0.02711514,-0.83968982,0.16244944,-0.08131839,-0.07003888,0,0,0,0,0
1493,310833,0.85470733,0.03126988,-0.87116671,0.15160821,-0.05216826,-0.06594944,0,0,0,0,0
1494,311041,0.81767923,0.10247156,-0.89811130,0.17532680,-0.04373509,-0.07572986,0,0,0,0,0
1495,311250,0.78406932,0.16737683,-0.91921181,0.16140636,-0.03219954,-0.08521939,0,0,0,0,0
1496,311458,0.73524736,0.22902927,-0.94526426,0.16498273,-0.00906112,-0.09589480,0,0,0,0,0
1497,311666,0.68955955,0.29370931,-0.95871679,0.14190691,-0.00982772,-0.11871885,0,0,0,0,0
1498,311875,0.64181837,0.34755936,-0.97920266,0.14333205,0.00848255,-0.11236482,0,0,0,0,0
1499,312083,0.59965101,0.41367554,-0.98415919,0.13682508,0.02094887,-0.13572060,0,0,0,0,0
1500,312291,0.53497562,0.46535811,-0.98468697,0.12674055,0.02468422,-0.14266285,0,0,0,0,0
1501,312500,0.47529563,0.52964643,-0.98175491,0.14145020,0.04093749,-0.17183468,0,0,0,0,0
1502,312708,0.40537782,0.58188278,-0.98012506,0.14663428,0.06384658,-0.16182073,0,0,0,0,0
1503,312916,0.35067512,0.62281396,-0.96352806,0.12186712,0.06046498,-0.17137783,0,0,0,0,0
1504,313125,0.28763772,0.68536581,-0.95454874,0.11844602,0.07988707,-0.15770512,0,0,0,0,0
1505,313333,0.22388916,0.72683944,-0.94099756,0.10495697,0.09226835,-0.18335485,0,0,0,0,0
1506,313541,0.15655836,0.76407955,-0.91694190,0.10295037,0.08633112,-0.16487031,0,0,0,0,0
1507,313750,0.08577118,0.80834556,-0.88590832,0.08356143,0.10123001,-0.18642559,0,0,0,0,0
1508,313958,0.03269650,0.83666397,-0.85788297,0.07774693,0.12512316,-0.17183534,0,0,0,0,0
1509,314166,-0.03771852,0.88480156,-0.82804969,0.07047671,0.10865698,-0.19510180,0,0,0,0,0
1510,314375,-0.10313214,0.90452960,-0.78724755,0.04480825,0.14964307,-0.16574819,0,0,0,0,0
1511,314583,-0.17414334,0.93479703,-0.75481051,0.03574719,0.14729728,-0.17871128,0,0,0,0,0
1512,314791,-0.23098286,0.95098732,-0.71299127,0.03640391,0.16620747,-0.14995240,0,0,0,0,0
1513,315000,-0.28488133,0.96212244,-0.66375320,0.02135159,0.17796154,-0.17020961,0,0,0,0,0
1514,315208,-0.35473714,0.97740377,-0.61575492,0.00535937,0.17055660,-0.17535011,0,0,0,0,0
1515,315416,-0.41719300,0.98207691,-0.56120188,0.00608282,0.18488138,-0.18040617,0,0,0,0,0
1516,315625,-0.47511794,0.98863278,-0.50690832,-0.02244113,0.18842226,-0.16575711,0,0,0,0,0
1517,315833,-0.53286579,0.98278790,-0.44703325,-0.03102680,0.18495354,-0.14502187,0,0,0,0,0
1518,316041,-0.58767399,0.97527991,-0.39141702,-0.03746935,0.20325393,-0.15333835,0,0,0,0,0
1519,316250,-0.63570266,0.97342274,-0.32975940,-0.04246896,0.22779374,-0.15677286,0,0,0,0,0
1520,316458,-0.68915891,0.96942675,-0.26575810,-0.06127755,0.22688890,-0.12560883,0,0,0,0,0
1521,316666,-0.73722035,0.93787888,-0.19926934,-0.07167983,0.19383059,-0.14831140,0,0,0,0,0
1522,316875,-0.77936799,0.91347242,-0.14978780,-0.07562160,0.21253079,-0.12729603,0,0,0,0,0
1523,317083,-0.82275896,0.89045378,-0.07825572,-0.09989425,0.21746978,-0.10738291,0,0,0,0,0
1524,317291,-0.85718493,0.85463906,0.00112714,-0.11191144,0.21293750,-0.10419109,0,0,0,0,0
1525,317500,-0.88896382,0.84031781,0.04961029,-0.13392728,0.19343053,-0.09093280,0,0,0,0,0
1526,317708,-0.91499179,0.79000968,0.11834542,-0.13936883,0.20992982,-0.07254255,0,0,0,0,0
1527,317916,-0.94870054,0.74962079,0.18569175,-0.14751788,0.20497137,-0.06671243,0,0,0,0,0
1528,318125,-0.96520787,0.71362645,0.24687318,-0.15147102,0.19947289,-0.05547323,0,0,0,0,0
1529,318333,-0.97722746,0.66031224,0.30351298,-0.15070135,0.20309759,-0.04543887,0,0,0,0,0
1530,318541,-0.98397980,0.61250567,0.36791347,-0.15362880,0.19220338,-0.03507155,0,0,0,0,0
1531,318750,-0.99444903,0.56340962,0.42553622,-0.16629855,0.19301184,-0.01820896,0,0,0,0,0
1532,318958,-1.00619908,0.50176520,0.48894737,-0.16889119,0.17563083,0.00248137,0,0,0,0,0
1533,319166,-1.00618550,0.45807754,0.54639150,-0.16724680,0.16728120,0.00252605,0,0,0,0,0
1534,319375,-1.00110947,0.40731502,0.59352299,-0.18836038,0.14066898,0.01055498,0,0,0,0,0
1535,319583,-0.99071454,0.34087945,0.64969003,-0.18979234,0.13634246,0.02921175,0,0,0,0,0
1536,319791,-0.98280236,0.27034766,0.68835527,-0.17915492,0.12504540,0.03917347,0,0,0,0,0
1537,320000,-0.95887118,0.20756923,0.73341430,-0.18743064,0.13955822,0.06664660,0,0,0,0,0
1538,320208,-0.94314784,0.14505220,0.76972940,-0.19186641,0.12001474,0.04843142,0,0,0,0,0
1539,320416,-0.91948787,0.07973924,0.82216769,-0.19007056,0.10978819,0.07271990,0,0,0,0,0
1540,320625,-0.89258689,0.00660555,0.84824711,-0.19138501,0.09586057,0.07891877,0,0,0,0,0
1541,320833,-0.85166190,-0.05271293,0.88504046,-0.17907444,0.09686410,0.10807478,0,0,0,0,0
1542,321041,-0.80844749,-0.11076127,0.90948814,-0.19074771,0.06858424,0.09220261,0,0,0,0,0
1543,321250,-0.77434088,-0.17860880,0.94095903,-0.18617440,0.04038066,0.10472303,0,0,0,0,0
1544,321458,-0.73539557,-0.23788406,0.95972349,-0.17289950,0.04142658,0.11694277,0,0,0,0,0
1545,321666,-0.67693068,-0.30769194,0.97198900,-0.16930094,0.02781715,0.11720652,0,0,0,0,0
1546,321875,-0.63608891,-0.35944621,0.97948378,-0.14204993,0.01191079,0.12393881,0,0,0,0,0
1547,322083,-0.58963000,-0.42887160,0.98297375,-0.17592826,0.00115035,0.14131528,0,0,0,0,0
1548,322291,-0.53801430,-0.47978373,0.98889876,-0.16038763,-0.01076948,0.14723925,0,0,0,0,0
1549,322500,-0.46774785,-0.53687198,0.99040253,-0.15366911,-0.05246658,0.16169122,0,0,0,0,0
1550,322708,-0.40528398,-0.59676193,0.98318468,-0.13677161,-0.05749976,0.15351782,0,0,0,0,0
1551,322916,-0.35071141,-0.64324940,0.97382963,-0.13077367,-0.07084226,0.17318080,0,0,0,0,0
1552,323125,-0.28887895,-0.67948593,0.96901842,-0.13930876,-0.06779542,0.18065252,0,0,0,0,0
1553,323333,-0.22089162,-0.73828003,0.93810748,-0.11961381,-0.08857757,0.18665469,0,0,0,0,0
1554,323541,-0.17275333,-0.78202464,0.91717070,-0.11028605,-0.09337083,0.16194523,0,0,0,0,0
1555,323750,-0.10034380,-0.81417490,0.89048647,-0.10206998,-0.11667849,0.18929310,0,0,0,0,0
1556,323958,-0.02859405,-0.84725549,0.86687181,-0.06898340,-0.12658753,0.17550828,0,0,0,0,0
1557,324166,0.03457026,-0.89040298,0.83091018,-0.06188231,-0.13193505,0.18992981,0,0,0,0,0
1558,324375,0.10097235,-0.91008260,0.79846027,-0.07185706,-0.14885719,0.16619604,0,0,0,0,0
1559,324583,0.15876488,-0.94226224,0.75078667,-0.03301516,-0.14017980,0.17010744,0,0,0,0,0
1560,324791,0.22623828,-0.95621715,0.70671228,-0.03046544,-0.15371191,0.16633642,0,0,0,0,0
1561,325000,0.28802172,-0.97310104,0.65805062,-0.02325369,-0.16809534,0.14748697,0,0,0,0,0
1562,325208,0.35309129,-0.98048994,0.61226550,-0.00465721,-0.18964999,0.15596565,0,0,0,0,0
1563,325416,0.40519120,-0.99202841,0.56507880,0.00647832,-0.19512123,0.13318070,0,0,0,0,0
1564,325625,0.46709871,-0.99293521,0.48896177,0.01561037,-0.18242893,0.13850845,0,0,0,0,0
1565,325833,0.52499847,-0.98849208,0.43935715,0.02305997,-0.19219287,0.12901288,0,0,0,0,0
1566,326041,0.58115899,-0.99110692,0.39132246,0.04792479,-0.18163939,0.14186029,0,0,0,0,0
1567,326250,0.63142736,-0.97326852,0.32101837,0.05632092,-0.20438931,0.12832869,0,0,0,0,0
1568,326458,0.67720942,-0.95386472,0.26492437,0.07573692,-0.21797566,0.11936233,0,0,0,0,0
1569,326666,0.72654044,-0.93539651,0.20496117,0.06790837,-0.21600436,0.10969549,0,0,0,0,0
1570,326875,0.77329197,-0.91676766,0.14131786,0.09936631,-0.21729642,0.10540632,0,0,0,0,0
1571,327083,0.80769770,-0.89270022,0.06766531,0.09644598,-0.22103858,0.11516254,0,0,0,0,0
1572,327291,0.84448804,-0.86510207,0.00448809,0.12003784,-0.22582907,0.08125789,0,0,0,0,0
1573,327500,0.88077617,-0.82608809,-0.05082145,0.11459371,-0.22251371,0.06145416,0,0,0,0,0
1574,327708,0.90734334,-0.78465556,-0.12054153,0.14993879,-0.20658790,0.06210760,0,0,0,0,0
1575,327916,0.92592798,-0.74977309,-0.19316623,0.14937835,-0.22074696,0.03775295,0,0,0,0,0
1576,328125,0.96207569,-0.70238379,-0.23698777,0.15194938,-0.22110557,0.03860346,0,0,0,0,0
1577,328333,0.97002463,-0.66078250,-0.31010608,0.16153383,-0.22285257,0.03262261,0,0,0,0,0
1578,328541,0.98412610,-0.60885239,-0.37943716,0.18512174,-0.20866384,0.01086192,0,0,0,0,0
1579,328750,0.98971727,-0.55154440,-0.42609278,0.19993857,-0.21918131,-0.02458830,0,0,0,0,0
1580,328958,0.99966895,-0.50142630,-0.49760537,0.18772290,-0.21118992,-0.01042672,0,0,0,0,0
1581,329166,0.99656699,-0.44695296,-0.54589120,0.22269966,-0.20908316,-0.01307089,0,0,0,0,0
1582,329375,0.98242551,-0.39079045,-0.59806885,0.20610878,-0.19609743,-0.05290916,0,0,0,0,0
1583,329583,0.98532843,-0.32822366,-0.64985684,0.19980175,-0.15258071,-0.06124906,0,0,0,0,0
1584,329791,0.96397655,-0.26682681,-0.70879727,0.19942971,-0.15347886,-0.05051909,0,0,0,0,0
1585,330000,0.94679614,-0.20311106,-0.75228858,0.21914023,-0.15494583,-0.08126578,0,0,0,0,0
1586,330208,0.92558855,-0.12805994,-0.78572515,0.22095207,-0.13269890,-0.08101612,0,0,0,0,0
1587,330416,0.89878120,-0.06921732,-0.83499704,0.23107586,-0.14010792,-0.09525856,0,0,0,0,0
1588,330625,0.88044648,-0.01053819,-0.86680540,0.20760629,-0.11944791,-0.10796730,0,0,0,0,0
1589,330833,0.84043684,0.05314593,-0.89218479,0.21134841,-0.08504737,-0.12045325,0,0,0,0,0
1590,331041,0.80377118,0.12514456,-0.92271717,0.21282522,-0.09843332,-0.12932834,0,0,0,0,0
1591,331250,0.75777079,0.18829114,-0.95259407,0.21960921,-0.07043768,-0.14496998,0,0,0,0,0
1592,331458,0.71033619,0.25161664,-0.96907356,0.18760095,-0.08734874,-0.15068891,0,0,0,0,0
1593,331666,0.67228557,0.31814804,-0.98288316,0.19007427,-0.04451906,-0.15613768,0,0,0,0,0
1594,331875,0.62112449,0.37282712,-0.98710396,0.17896058,-0.04799351,-0.16127870,0,0,0,0,0
1595,332083,0.57847044,0.44132561,-0.98776343,0.18415366,-0.02027885,-0.15156885,0,0,0,0,0
1596,332291,0.52521620,0.49274306,-1.01296198,0.17480394,-0.01297669,-0.15877799,0,0,0,0,0
1597,332500,0.45508834,0.54551143,-1.00096420,0.17041301,0.01254269,-0.16853805,0,0,0,0,0
1598,332708,0.40635559,0.59924489,-0.98861067,0.17106484,0.01802760,-0.17506153,0,0,0,0,0
1599,332916,0.34522123,0.65162650,-0.99269742,0.14101490,0.02648216,-0.18318725,0,0,0,0,0
1600,333125,0.28077499,0.70789321,-0.97296134,0.16177780,0.04412357,-0.19358453,0,0,0,0,0
1601,333333,0.21864979,0.73756861,-0.95806871,0.13916054,0.07629341,-0.18376872,0,0,0,0,0
1602,333541,0.14955547,0.78599179,-0.93044016,0.13310494,0.05568614,-0.19953150,0,0,0,0,0
1603,333750,0.09543937,0.82821981,-0.91012410,0.11038021,0.08998767,-0.18113689,0,0,0,0,0
1604,333958,0.01910265,0.86319729,-0.88440511,0.11328970,0.12112372,-0.17928262,0,0,0,0,0
1605,334166,-0.04750442,0.89978507,-0.83706336,0.08494003,0.11663588,-0.18511078,0,0,0,0,0
1606,334375,-0.10524872,0.92643354,-0.79946735,0.08600428,0.14507343,-0.17124295,0,0,0,0,0
1607,334583,-0.17126685,0.94874934,-0.76052663,0.08390685,0.13486801,-0.20883178,0,0,0,0,0
1608,334791,-0.22778050,0.96161029,-0.71400793,0.05598196,0.14238312,-0.17608242,0,0,0,0,0
1609,335000,-0.29459278,0.97577274,-0.66923041,0.02235326,0.14141512,-0.18992066,0,0,0,0,0
1610,335208,-0.36161646,0.98864609,-0.62426875,0.03497618,0.14421371,-0.17256399,0,0,0,0,0
1611,335416,-0.41415427,0.99857534,-0.57006285,-0.00619565,0.16511903,-0.17264553,0,0,0,0,0
1612,335625,-0.46976284,1.00826862,-0.51873233,-0.00086829,0.16591060,-0.15926495,0,0,0,0,0
1613,335833,-0.53029412,1.00513973,-0.45822571,-0.01517822,0.17261756,-0.15124158,0,0,0,0,0
1614,336041,-0.58647668,0.99156210,-0.39801143,-0.05691817,0.18102101,-0.14449209,0,0,0,0,0
1615,336250,-0.62906165,0.97630872,-0.33950003,-0.03585247,0.18781761,-0.13179293,0,0,0,0,0
1616,336458,-0.68498427,0.96928433,-0.27870076,-0.05469247,0.21629684,-0.12190173,0,0,0,0,0
1617,336666,-0.73184017,0.95900678,-0.20600220,-0.06476059,0.19071157,-0.10694774,0,0,0,0,0
1618,336875,-0.77178703,0.93414438,-0.13824197,-0.08320661,0.21973820,-0.10547122,0,0,0,0,0
1619,337083,-0.81253120,0.90680954,-0.08239583,-0.10126260,0.21413110,-0.09085458,0,0,0,0,0
1620,337291,-0.84497472,0.87039567,-0.00819512,-0.10833722,0.18657377,-0.09635794,0,0,0,0,0
1621,337500,-0.88104702,0.84164828,0.05190821,-0.11251194,0.21757337,-0.09433645,0,0,0,0,0
1622,337708,-0.90742965,0.80285834,0.12778454,-0.13552983,0.22256111,-0.05977758,0,0,0,0,0
1623,337916,-0.92712746,0.76146420,0.18606337,-0.13899847,0.21290629,-0.04120181,0,0,0,0,0
1624,338125,-0.94743421,0.71578767,0.25269274,-0.16067410,0.22515058,-0.03904922,0,0,0,0,0
1625,338333,-0.96669246,0.66444371,0.30894230,-0.17525639,0.21234645,-0.02169001,0,0,0,0,0
1626,338541,-0.97615708,0.61553154,0.37650158,-0.16741171,0.21576953,-0.01330475,0,0,0,0,0
1627,338750,-0.97850261,0.56380754,0.44001209,-0.18999944,0.21566325,0.00938654,0,0,0,0,0
1628,338958,-0.98799623,0.51475482,0.49236621,-0.17538006,0.19019959,0.04253128,0,0,0,0,0
1629,339166,-0.98574629,0.45121001,0.55101639,-0.18527982,0.18859771,0.04063170,0,0,0,0,0
1630,339375,-0.98353920,0.39608827,0.60047931,-0.19195450,0.16209790,0.03273878,0,0,0,0,0
1631,339583,-0.97516252,0.32985027,0.65028610,-0.23246000,0.15662080,0.04951289,0,0,0,0,0
1632,339791,-0.95441855,0.26978494,0.70707869,-0.20226029,0.15895319,0.07770749,0,0,0,0,0
1633,340000,-0.93234122,0.21204420,0.75457388,-0.20599005,0.15566818,0.09459094,0,0,0,0,0
1634,340208,-0.91105305,0.13501450,0.79475619,-0.20855200,0.14430315,0.09813114,0,0,0,0,0
1635,340416,-0.89725474,0.07436102,0.83399564,-0.20325250,0.12968666,0.12997569,0,0,0,0,0
1636,340625,-0.86801597,0.01104199,0.88017041,-0.22132873,0.12269057,0.10504787,0,0,0,0,0
1637,340833,-0.82777233,-0.06016902,0.89363206,-0.20786603,0.11144544,0.11809953,0,0,0,0,0
1638,341041,-0.78961332,-0.11945853,0.92735166,-0.20272836,0.09501673,0.14545960,0,0,0,0,0
1639,341250,-0.76480381,-0.18802568,0.94285439,-0.21694252,0.09621101,0.15281662,0,0,0,0,0
1640,341458,-0.71576149,-0.24496881,0.96188587,-0.21893563,0.07569615,0.16060062,0,0,0,0,0
1641,341666,-0.65173170,-0.31717516,0.99353095,-0.22094965,0.06409045,0.17846331,0,0,0,0,0
1642,341875,-0.61671304,-0.38012219,0.99778100,-0.21870566,0.05533452,0.17180379,0,0,0,0,0
1643,342083,-0.56948141,-0.43541133,1.00979537,-0.20201258,0.04059619,0.16899798,0,0,0,0,0
1644,342291,-0.50954583,-0.49460687,1.00197246,-0.18084263,0.02870247,0.18697712,0,0,0,0,0
1645,342500,-0.44316463,-0.55582723,1.01800594,-0.19440362,0.00603086,0.17954833,0,0,0,0,0
1646,342708,-0.39917085,-0.60252356,1.00289896,-0.18784096,0.00479962,0.19719361,0,0,0,0,0
1647,342916,-0.33258902,-0.64943190,0.99319924,-0.19743375,-0.01635825,0.19112222,0,0,0,0,0
1648,343125,-0.27740837,-0.70136890,0.98434656,-0.16462356,-0.03601426,0.20159995,0,0,0,0,0
1649,343333,-0.20341115,-0.74782724,0.96049953,-0.14468183,-0.05261949,0.19584046,0,0,0,0,0
1650,343541,-0.13675462,-0.79187404,0.94117146,-0.14301294,-0.06148586,0.21515741,0,0,0,0,0
1651,343750,-0.06597047,-0.83522719,0.91083524,-0.11927751,-0.08277008,0.21301993,0,0,0,0,0
1652,343958,-0.00940277,-0.87539857,0.88855181,-0.11698378,-0.08088251,0.20357060,0,0,0,0,0
1653,344166,0.05281906,-0.91181194,0.85394568,-0.11479864,-0.08309687,0.21212886,0,0,0,0,0
1654,344375,0.11268363,-0.92824625,0.82046300,-0.10346133,-0.09778484,0.21062833,0,0,0,0,0
1655,344583,0.18784838,-0.95904078,0.77660665,-0.06965610,-0.10637217,0.22859175,0,0,0,0,0
1656,344791,0.23970429,-0.96157736,0.72915100,-0.06187512,-0.12056318,0.20674610,0,0,0,0,0
1657,345000,0.29673258,-0.97583105,0.68289925,-0.06702592,-0.13734425,0.19898409,0,0,0,0,0
1658,345208,0.36452087,-0.99300948,0.63876864,-0.05606717,-0.14925213,0.18379948,0,0,0,0,0
1659,345416,0.43167145,-1.00582377,0.58537193,-0.02937228,-0.14220995,0.18723929,0,0,0,0,0
1660,345625,0.47697215,-1.00978389,0.51863583,-0.00817167,-0.16374361,0.17623159,0,0,0,0,0
1661,345833,0.53899523,-1.01147974,0.46132080,0.01018093,-0.15034049,0.17720712,0,0,0,0,0
1662,346041,0.59927211,-1.01174360,0.41341531,-0.00338874,-0.17266776,0.16607902,0,0,0,0,0
1663,346250,0.64653467,-0.98787581,0.34187909,0.03255489,-0.18261363,0.15557541,0,0,0,0,0
1664,346458,0.69265055,-0.97709291,0.28637824,0.04030962,-0.19842498,0.12656687,0,0,0,0,0
1665,346666,0.73929901,-0.95826701,0.22362837,0.05094622,-0.18733555,0.14545147,0,0,0,0,0
1666,346875,0.78937705,-0.93922740,0.15253209,0.06161676,-0.19090526,0.12561128,0,0,0,0,0
1667,347083,0.81809510,-0.91631218,0.08985813,0.07750657,-0.17897394,0.10761799,0,0,0,0,0
1668,347291,0.86268139,-0.88855379,0.01943042,0.08625191,-0.20848322,0.09711300,0,0,0,0,0
1669,347500,0.88642209,-0.85340778,-0.05341843,0.11615491,-0.21272691,0.10140986,0,0,0,0,0
1670,347708,0.92349917,-0.81436849,-0.10721804,0.11017032,-0.20325164,0.06610002,0,0,0,0,0
1671,347916,0.94224202,-0.76431484,-0.17322621,0.12046418,-0.19931720,0.07245558,0,0,0,0,0
1672,348125,0.96958154,-0.72700746,-0.23511024,0.14291651,-0.18271880,0.06034425,0,0,0,0,0
1673,348333,0.97768138,-0.68850660,-0.29744832,0.14780468,-0.19110458,0.05404316,0,0,0,0,0
1674,348541,0.98884741,-0.62696010,-0.36211369,0.14970658,-0.17982187,-0.00198165,0,0,0,0,0
1675,348750,0.99009566,-0.57794182,-0.42797035,0.17166241,-0.19927017,0.00848565,0,0,0,0,0
1676,348958,0.99326783,-0.51727018,-0.48336405,0.17385096,-0.20078756,-0.02569270,0,0,0,0,0
1677,349166,0.99903567,-0.46770946,-0.53878357,0.17154794,-0.18073429,-0.01193499,0,0,0,0,0
1678,349375,0.98623107,-0.40228982,-0.59605775,0.18617322,-0.16102967,-0.02897298,0,0,0,0,0
1679,349583,0.97584149,-0.34989235,-0.64882932,0.19239611,-0.16581673,-0.03621627,0,0,0,0,0
1680,349791,0.96411964,-0.27836506,-0.69503085,0.20155451,-0.15374977,-0.06147090,0,0,0,0,0
1681,350000,0.95026206,-0.20750787,-0.74052610,0.21318525,-0.14253566,-0.07785415,0,0,0,0,0
1682,350208,0.91884906,-0.14853825,-0.78218463,0.20884297,-0.13476250,-0.08371731,0,0,0,0,0
1683,350416,0.90348283,-0.09050823,-0.82313790,0.19901604,-0.11830903,-0.09139427,0,0,0,0,0
1684,350625,0.87421233,-0.03096261,-0.85833978,0.22371272,-0.09121000,-0.11311661,0,0,0,0,0
1685,350833,0.83301514,0.03528642,-0.89405981,0.20888442,-0.11995260,-0.13159590,0,0,0,0,0
1686,351041,0.79402671,0.09974720,-0.91735471,0.18958895,-0.08901480,-0.14398389,0,0,0,0,0
1687,351250,0.75327608,0.16061313,-0.94765459,0.19548471,-0.08298915,-0.13441343,0,0,0,0,0
1688,351458,0.70838564,0.24377259,-0.96669876,0.20166736,-0.07133260,-0.15433563,0,0,0,0,0
1689,351666,0.67957317,0.30166897,-0.97993851,0.18919173,-0.07004787,-0.17050348,0,0,0,0,0
1690,351875,0.62204716,0.36114399,-0.98462340,0.20040097,-0.05538597,-0.18163347,0,0,0,0,0
1691,352083,0.56202842,0.42296761,-1.00279605,0.18886910,-0.03812459,-0.17058203,0,0,0,0,0
1692,352291,0.51023829,0.47349943,-1.00603504,0.18788979,-0.01177823,-0.18069503,0,0,0,0,0
1693,352500,0.45587116,0.53775486,-1.00502264,0.16678383,-0.00671491,-0.19788454,0,0,0,0,0
1694,352708,0.38992999,0.60565908,-1.00490217,0.17167735,0.01314977,-0.19646357,0,0,0,0,0
1695,352916,0.33320057,0.63936586,-0.98580882,0.16655934,0.02412066,-0.19634228,0,0,0,0,0
1696,353125,0.27225841,0.68962517,-0.97675887,0.16909962,0.02406554,-0.20330035,0,0,0,0,0
1697,353333,0.20358356,0.74156165,-0.96181046,0.15729553,0.02698600,-0.21873551,0,0,0,0,0
1698,353541,0.13174922,0.78353080,-0.94361249,0.14229532,0.03928794,-0.22213918,0,0,0,0,0
1699,353750,0.07463627,0.82443245,-0.91512111,0.14026103,0.05896813,-0.22539058,0,0,0,0,0
1700,353958,0.00747544,0.86301663,-0.88866384,0.14793164,0.08108024,-0.23042421,0,0,0,0,0
1701,354166,-0.04894149,0.89292895,-0.85678231,0.13656348,0.09886908,-0.21524239,0,0,0,0,0
1702,354375,-0.12088623,0.91828581,-0.81326282,0.09375321,0.09206195,-0.23157789,0,0,0,0,0
1703,354583,-0.18598179,0.95826964,-0.77917408,0.08129755,0.11450337,-0.20944347,0,0,0,0,0
1704,354791,-0.25431796,0.96656699,-0.73090642,0.05921019,0.12886410,-0.20736494,0,0,0,0,0
1705,355000,-0.30691920,0.98097197,-0.68711877,0.06234200,0.15054602,-0.20233797,0,0,0,0,0
1706,355208,-0.37572206,0.99721028,-0.63213937,0.06876745,0.12909982,-0.20163381,0,0,0,0,0
1707,355416,-0.43216395,1.00334849,-0.58170908,0.02900207,0.15272507,-0.18971038,0,0,0,0,0
1708,355625,-0.50002179,1.01040100,-0.52621685,0.02104879,0.16672178,-0.18123257,0,0,0,0,0
1709,355833,-0.55777279,1.00936232,-0.47528443,0.01036941,0.15352945,-0.17068216,0,0,0,0,0
1710,356041,-0.60866760,1.00918118,-0.40574402,-0.00961695,0.17105661,-0.18415028,0,0,0,0,0
1711,356250,-0.65710613,0.98826671,-0.35047618,-0.03971248,0.18260748,-0.16996028,0,0,0,0,0
1712,356458,-0.70090846,0.97966467,-0.29176275,-0.00631553,0.17106905,-0.15141389,0,0,0,0,0
1713,356666,-0.74957066,0.96012432,-0.22430298,-0.03280664,0.17488581,-0.13585176,0,0,0,0,0
1714,356875,-0.78436779,0.93510488,-0.15945974,-0.06400479,0.18032023,-0.13723831,0,0,0,0,0
1715,357083,-0.82473455,0.91410526,-0.08838498,-0.07166358,0.19022741,-0.10909482,0,0,0,0,0
1716,357291,-0.85052993,0.88490405,-0.03274485,-0.09100583,0.19316334,-0.10392117,0,0,0,0,0
1717,357500,-0.89731686,0.85589957,0.03999854,-0.08376382,0.18252291,-0.11347639,0,0,0,0,0
1718,357708,-0.92300712,0.81474019,0.10504362,-0.11876712,0.19580245,-0.08405547,0,0,0,0,0
1719,357916,-0.94534375,0.77576677,0.17546531,-0.10899223,0.19643179,-0.07127623,0,0,0,0,0
1720,358125,-0.96966834,0.72866454,0.22441080,-0.12001873,0.16533565,-0.08531662,0,0,0,0,0
1721,358333,-0.98048103,0.68570857,0.29636249,-0.13441554,0.19339877,-0.06109182,0,0,0,0,0
1722,358541,-0.99802464,0.62877869,0.35801445,-0.13296977,0.16392317,-0.05462206,0,0,0,0,0
1723,358750,-0.99605585,0.58221485,0.41619713,-0.16771078,0.16147689,-0.02722296,0,0,0,0,0
1724,358958,-0.99949504,0.51472263,0.47449642,-0.15808743,0.18157819,-0.00611670,0,0,0,0,0
1725,359166,-1.00017056,0.46898871,0.53653108,-0.16768731,0.14819210,-0.00729906,0,0,0,0,0
1726,359375,-0.99658456,0.41789375,0.58515932,-0.14539193,0.13646865,0.02964031,0,0,0,0,0
1727,359583,-0.98288441,0.34308089,0.63571806,-0.18093951,0.14389408,0.04765102,0,0,0,0,0
1728,359791,-0.96652577,0.28700126,0.69184786,-0.19037712,0.13505466,0.03547085,0,0,0,0,0
1729,360000,-0.95418121,0.21839629,0.72860160,-0.17770020,0.13959884,0.05001430,0,0,0,0,0
1730,360208,-0.93518143,0.15972341,0.76420356,-0.19618692,0.12259475,0.07157850,0,0,0,0,0
1731,360416,-0.90482805,0.09320610,0.82004549,-0.20899579,0.09756729,0.07981427,0,0,0,0,0
1732,360625,-0.87859872,0.02309453,0.84143110,-0.19515935,0.08216515,0.07317612,0,0,0,0,0
1733,360833,-0.84934769,-0.03759249,0.88346208,-0.18397103,0.09327627,0.10069464,0,0,0,0,0
1734,361041,-0.80475570,-0.10241732,0.91271928,-0.19162527,0.08797772,0.09388147,0,0,0,0,0
1735,361250,-0.75850654,-0.16643256,0.94610174,-0.17638031,0.07896323,0.14035823,0,0,0,0,0
1736,361458,-0.72602513,-0.22649327,0.95980398,-0.20285164,0.06313601,0.12783500,0,0,0,0,0
1737,361666,-0.67044703,-0.29316242,0.97661060,-0.19475642,0.04096975,0.15410584,0,0,0,0,0
1738,361875,-0.62020665,-0.35452896,0.98420354,-0.17625673,0.02977748,0.15254633,0,0,0,0,0
1739,362083,-0.56625974,-0.40900693,0.98809988,-0.17052490,0.01597688,0.15152312,0,0,0,0,0
1740,362291,-0.51155954,-0.47263505,0.99654783,-0.17543774,-0.00139271,0.17250556,0,0,0,0,0
1741,362500,-0.46402366,-0.52785010,0.98838011,-0.18546897,-0.02342730,0.18132285,0,0,0,0,0
1742,362708,-0.39772893,-0.58146631,0.98798827,-0.16493408,-0.00776696,0.19790085,0,0,0,0,0
1743,362916,-0.34208198,-0.62952972,0.99386233,-0.18095828,-0.02941142,0.19496564,0,0,0,0,0
1744,363125,-0.27582247,-0.68724479,0.97623463,-0.14522415,-0.03737110,0.18985140,0,0,0,0,0
1745,363333,-0.20974768,-0.73648049,0.95456304,-0.13760672,-0.06741826,0.20405348,0,0,0,0,0
1746,363541,-0.15242953,-0.77102384,0.92832397,-0.10989678,-0.06758665,0.19821732,0,0,0,0,0
1747,363750,-0.07939636,-0.81506435,0.90574588,-0.11576929,-0.07389211,0.21809975,0,0,0,0,0
1748,363958,-0.01105823,-0.84545533,0.88301351,-0.10492879,-0.09284353,0.21225625,0,0,0,0,0
1749,364166,0.05261576,-0.88294867,0.84254558,-0.10865523,-0.11020649,0.21448083,0,0,0,0,0
1750,364375,0.12007732,-0.91081175,0.80593801,-0.08512838,-0.09450007,0.19537450,0,0,0,0,0
1751,364583,0.18060588,-0.94000508,0.76869931,-0.07684310,-0.13388745,0.22149213,0,0,0,0,0
1752,364791,0.23729738,-0.95606940,0.72732716,-0.05563304,-0.13088569,0.19648487,0,0,0,0,0
1753,365000,0.31532815,-0.97848011,0.67118548,-0.04753438,-0.11961998,0.20790302,0,0,0,0,0
1754,365208,0.37415279,-0.98069495,0.62165117,-0.03123891,-0.17010685,0.17343936,0,0,0,0,0
1755,365416,0.43559923,-0.99018251,0.56641129,-0.01527426,-0.15681750,0.19309002,0,0,0,0,0
1756,365625,0.48710916,-0.99836595,0.52211053,-0.01167423,-0.16994244,0.17994506,0,0,0,0,0
1757,365833,0.55906531,-1.00272089,0.45923832,0.00344054,-0.16099616,0.17990155,0,0,0,0,0
1758,366041,0.59815758,-0.98854697,0.40640327,0.01427359,-0.16436852,0.18756938,0,0,0,0,0
1759,366250,0.65994405,-0.99430009,0.34929962,0.02709147,-0.15071958,0.15920355,0,0,0,0,0
1760,366458,0.70500388,-0.97730175,0.28069155,0.03072933,-0.18306141,0.16417688,0,0,0,0,0
1761,366666,0.74442644,-0.95394305,0.21085376,0.06060282,-0.18590655,0.16027082,0,0,0,0,0
1762,366875,0.78726505,-0.93659446,0.15578091,0.06595066,-0.18915268,0.12797978,0,0,0,0,0
1763,367083,0.83270575,-0.90560993,0.08841568,0.07860120,-0.18890700,0.11844459,0,0,0,0,0
1764,367291,0.87459441,-0.87621538,0.03072195,0.09720630,-0.17324261,0.12191135,0,0,0,0,0
1765,367500,0.89054324,-0.84591846,-0.03847881,0.08541755,-0.18806658,0.10686244,0,0,0,0,0
1766,367708,0.92884274,-0.81070175,-0.10848911,0.12684417,-0.17801063,0.08884719,0,0,0,0,0
1767,367916,0.95123064,-0.78230785,-0.16205662,0.12513754,-0.18874925,0.08382066,0,0,0,0,0
1768,368125,0.97457978,-0.72166431,-0.23642621,0.14268845,-0.19457320,0.06031126,0,0,0,0,0
1769,368333,0.97833499,-0.67886628,-0.30059729,0.16165726,-0.17617503,0.05851433,0,0,0,0,0
1770,368541,0.99896808,-0.62195374,-0.35579692,0.13590494,-0.18113751,0.03119508,0,0,0,0,0
1771,368750,1.00836410,-0.57003162,-0.41089166,0.15560665,-0.16281339,0.01478663,0,0,0,0,0
1772,368958,1.00996285,-0.51702676,-0.47917853,0.15359552,-0.16016283,0.03063173,0,0,0,0,0
1773,369166,1.00499922,-0.47101146,-0.52805442,0.17784496,-0.15274858,-0.00526584,0,0,0,0,0
1774,369375,1.00751446,-0.40931925,-0.58156699,0.16773932,-0.14691049,0.00912933,0,0,0,0,0
1775,369583,0.99440786,-0.35093933,-0.63609535,0.18136137,-0.14537116,-0.02915534,0,0,0,0,0
1776,369791,0.96923745,-0.28312271,-0.68338107,0.15771531,-0.11559959,-0.02766280,0,0,0,0,0
1777,370000,0.97256284,-0.22486068,-0.72988533,0.16000971,-0.11328244,-0.06141569,0,0,0,0,0
1778,370208,0.93635945,-0.15419445,-0.76861838,0.18259856,-0.11290918,-0.07368965,0,0,0,0,0
1779,370416,0.90610894,-0.09170773,-0.81421500,0.18764994,-0.10204641,-0.07395535,0,0,0,0,0
1780,370625,0.87935021,-0.02489582,-0.84292023,0.18280571,-0.10011790,-0.08586380,0,0,0,0,0
1781,370833,0.84449956,0.03256093,-0.87589729,0.18336370,-0.08074669,-0.07862431,0,0,0,0,0
1782,371041,0.80268220,0.10225775,-0.89471463,0.18130304,-0.06418862,-0.10655052,0,0,0,0,0
1783,371250,0.77675343,0.17291444,-0.92437481,0.17702982,-0.05822467,-0.12535855,0,0,0,0,0
1784,371458,0.72616905,0.23717991,-0.95145179,0.18180956,-0.04610829,-0.13504680,0,0,0,0,0
1785,371666,0.68173918,0.28880875,-0.97235934,0.18087183,-0.03389208,-0.15953851,0,0,0,0,0
1786,371875,0.62744852,0.35832538,-0.97792459,0.18400909,-0.01212347,-0.15376066,0,0,0,0,0
1787,372083,0.57979763,0.41088801,-0.98570668,0.16287866,0.00000658,-0.16297520,0,0,0,0,0
1788,372291,0.51799900,0.47266645,-0.99505149,0.17305420,0.01019432,-0.16675809,0,0,0,0,0
1789,372500,0.46694075,0.52697935,-0.99390978,0.17331833,0.01358317,-0.18807807,0,0,0,0,0
1790,372708,0.40400238,0.58115806,-0.98941387,0.14309420,0.04179606,-0.17744691,0,0,0,0,0
1791,372916,0.34471719,0.63634611,-0.96926036,0.15905794,0.04321143,-0.17867318,0,0,0,0,0
1792,373125,0.28462948,0.67324309,-0.95830924,0.12770304,0.05516153,-0.18434237,0,0,0,0,0
1793,373333,0.21695214,0.72822883,-0.94921303,0.12913657,0.08329303,-0.17822743,0,0,0,0,0
1794,373541,0.15321396,0.77351639,-0.92371717,0.10348169,0.08472072,-0.17802055,0,0,0,0,0
1795,373750,0.09072086,0.80641412,-0.90418485,0.11205691,0.08718181,-0.19946797,0,0,0,0,0
1796,373958,0.02153159,0.84925301,-0.87161783,0.10807759,0.10906026,-0.19563513,0,0,0,0,0
1797,374166,-0.04030227,0.87840182,-0.84052800,0.09480129,0.11538633,-0.18828392,0,0,0,0,0
1798,374375,-0.10169738,0.90366712,-0.80442327,0.05961404,0.10232747,-0.18050451,0,0,0,0,0
1799,374583,-0.17170540,0.93493973,-0.75949776,0.06114910,0.14109390,-0.20812692,0,0,0,0,0
1800,374791,-0.23093045,0.96391425,-0.71867426,0.05634822,0.13466713,-0.19560582,0,0,0,0,0
1801,375000,-0.30293836,0.96324316,-0.67191425,0.04639183,0.14942536,-0.19258499,0,0,0,0,0
1802,375208,-0.37037907,0.97954480,-0.61854243,0.02728807,0.15337891,-0.18394850,0,0,0,0,0
1803,375416,-0.42689332,0.98484208,-0.57088587,-0.00850451,0.16185089,-0.18957191,0,0,0,0,0
1804,375625,-0.47627787,0.99352570,-0.50717671,0.00370525,0.18011340,-0.18120567,0,0,0,0,0
1805,375833,-0.53449247,0.99618724,-0.45744712,-0.01491821,0.17887139,-0.15823362,0,0,0,0,0
1806,376041,-0.58383581,0.98889423,-0.40682555,-0.03149646,0.18446450,-0.14778189,0,0,0,0,0
1807,376250,-0.63319284,0.97647202,-0.34977431,-0.03643365,0.18465246,-0.14683158,0,0,0,0,0
1808,376458,-0.68222497,0.96887960,-0.26645976,-0.05511906,0.17007377,-0.15681655,0,0,0,0,0
1809,376666,-0.73875684,0.94855293,-0.21565115,-0.06637554,0.20920129,-0.13736655,0,0,0,0,0
1810,376875,-0.77984069,0.93127325,-0.15184367,-0.08819501,0.20164019,-0.13306157,0,0,0,0,0
1811,377083,-0.82745375,0.89321810,-0.07675552,-0.08768033,0.22253042,-0.11711960,0,0,0,0,0
1812,377291,-0.85490424,0.87385564,-0.01512924,-0.10241509,0.20260600,-0.10140910,0,0,0,0,0
1813,377500,-0.89199869,0.83366287,0.04060574,-0.11468233,0.19676540,-0.07603893,0,0,0,0,0
1814,377708,-0.92807863,0.80683619,0.11652095,-0.11733842,0.20030130,-0.10332179,0,0,0,0,0
1815,377916,-0.93531790,0.75172514,0.17667098,-0.14018943,0.19070433,-0.08735143,0,0,0,0,0
1816,378125,-0.97221600,0.72683871,0.24178577,-0.14580303,0.21001037,-0.06367883,0,0,0,0,0
1817,378333,-0.99044351,0.67101074,0.30320501,-0.13427958,0.19373891,-0.05461415,0,0,0,0,0
1818,378541,-0.98872393,0.61882952,0.35812084,-0.15216848,0.19440643,-0.04495520,0,0,0,0,0
1819,378750,-1.00318103,0.57469443,0.42720538,-0.15304557,0.18271639,-0.01115055,0,0,0,0,0
1820,378958,-1.00947958,0.51411779,0.47990347,-0.16551022,0.17241317,-0.02556890,0,0,0,0,0
1821,379166,-0.99873060,0.44705345,0.54038247,-0.16761843,0.16208715,0.01161112,0,0,0,0,0
1822,379375,-0.99178369,0.40242175,0.59486189,-0.20276002,0.16462509,0.01555844,0,0,0,0,0
1823,379583,-0.99666192,0.33179087,0.65204764,-0.16101225,0.16144723,0.04277405,0,0,0,0,0
1824,379791,-0.98070039,0.28056732,0.68744436,-0.18034205,0.15538196,0.03462072,0,0,0,0,0
1825,380000,-0.96137774,0.21795437,0.73121012,-0.17935917,0.12794741,0.04585968,0,0,0,0,0
1826,380208,-0.93624003,0.15224330,0.77804673,-0.19440443,0.11010086,0.06499930,0,0,0,0,0
1827,380416,-0.90909113,0.08684366,0.81737850,-0.18747530,0.11720324,0.07198754,0,0,0,0,0
1828,380625,-0.87907057,0.02193760,0.84633417,-0.18214652,0.09880975,0.07777081,0,0,0,0,0
1829,380833,-0.84929229,-0.04223925,0.88447886,-0.20316825,0.06821124,0.10225195,0,0,0,0,0
1830,381041,-0.82028924,-0.10946834,0.91332728,-0.17030686,0.07204453,0.12588017,0,0,0,0,0
1831,381250,-0.77622170,-0.17630249,0.94559362,-0.20118125,0.06376882,0.10143730,0,0,0,0,0
1832,381458,-0.72942633,-0.23839487,0.95907071,-0.19163462,0.04814897,0.12055171,0,0,0,0,0
1833,381666,-0.67726909,-0.29279985,0.96627223,-0.18580818,0.04057709,0.12186852,0,0,0,0,0
1834,381875,-0.63010910,-0.36376281,0.98873802,-0.17169298,0.01236559,0.16064271,0,0,0,0,0
1835,382083,-0.58002835,-0.42781588,0.99067873,-0.16882449,0.01256721,0.14000395,0,0,0,0,0
1836,382291,-0.51920127,-0.47485649,0.98979449,-0.15818472,-0.00489790,0.15697438,0,0,0,0,0
1837,382500,-0.45954038,-0.52032305,0.98982627,-0.17264454,-0.01809256,0.15417814,0,0,0,0,0
1838,382708,-0.40527877,-0.59932480,0.98732502,-0.13885610,-0.03417219,0.16697559,0,0,0,0,0
1839,382916,-0.34875235,-0.63766208,0.98093652,-0.15468507,-0.04596573,0.17019884,0,0,0,0,0
1840,383125,-0.27713599,-0.68181384,0.95882713,-0.14093098,-0.06102916,0.18334102,0,0,0,0,0
1841,383333,-0.22411045,-0.73406471,0.95118823,-0.13730386,-0.08203010,0.17378122,0,0,0,0,0
1842,383541,-0.15385105,-0.77480368,0.92283708,-0.10816829,-0.08397478,0.17471230,0,0,0,0,0
1843,383750,-0.09516205,-0.82169777,0.90067348,-0.10313409,-0.11813781,0.18430492,0,0,0,0,0
1844,383958,-0.02463796,-0.84925739,0.86572841,-0.07799561,-0.10331419,0.17629468,0,0,0,0,0
1845,384166,0.02971379,-0.87804428,0.83794025,-0.09743796,-0.12432187,0.19319220,0,0,0,0,0
1846,384375,0.10134482,-0.90789652,0.79476135,-0.05804177,-0.11901598,0.19791680,0,0,0,0,0
1847,384583,0.16940980,-0.93182913,0.75973379,-0.06284984,-0.14746780,0.19405904,0,0,0,0,0
1848,384791,0.22850668,-0.95498562,0.70934149,-0.03976659,-0.14355706,0.18318811,0,0,0,0,0
1849,385000,0.28876129,-0.96397692,0.67025906,-0.03811139,-0.14609883,0.16904897,0,0,0,0,0
1850,385208,0.35398059,-0.98117195,0.62498717,-0.03289942,-0.17049644,0.16773923,0,0,0,0,0
1851,385416,0.41494372,-0.99405507,0.56675284,-0.01289491,-0.15354090,0.18896071,0,0,0,0,0
1852,385625,0.47989843,-0.98498867,0.50899178,0.00200978,-0.17895125,0.19041860,0,0,0,0,0
1853,385833,0.53069427,-0.99012574,0.45946075,0.03393830,-0.19472760,0.16228341,0,0,0,0,0
1854,386041,0.58948080,-0.98406170,0.39110712,0.02362227,-0.18881818,0.14434299,0,0,0,0,0
1855,386250,0.64600582,-0.98393749,0.33832407,0.04499692,-0.19961475,0.14073673,0,0,0,0,0
1856,386458,0.69378668,-0.96982831,0.27246561,0.06674801,-0.19809848,0.13963001,0,0,0,0,0
1857,386666,0.73793415,-0.95201279,0.21119263,0.05747215,-0.21493599,0.12581835,0,0,0,0,0
1858,386875,0.78159013,-0.92194551,0.15109878,0.07565509,-0.21106178,0.10767359,0,0,0,0,0
1859,387083,0.81200251,-0.90391349,0.07917839,0.08667451,-0.21686172,0.11700442,0,0,0,0,0
1860,387291,0.85360567,-0.86976719,0.01104376,0.10361075,-0.21728988,0.07986059,0,0,0,0,0
1861,387500,0.88068997,-0.82960562,-0.06358726,0.11987857,-0.21198895,0.08768647,0,0,0,0,0
1862,387708,0.90740683,-0.78906768,-0.11641146,0.12155833,-0.20021159,0.08642651,0,0,0,0,0
1863,387916,0.93838721,-0.75797855,-0.18926519,0.13464455,-0.21864332,0.05116732,0,0,0,0,0
1864,388125,0.95734647,-0.71200217,-0.24047849,0.14501072,-0.20741765,0.04140505,0,0,0,0,0
1865,388333,0.96949791,-0.67574561,-0.30407881,0.12473968,-0.20973294,0.04039160,0,0,0,0,0
1866,388541,0.98169308,-0.62525280,-0.36777964,0.16406383,-0.20801432,0.02878740,0,0,0,0,0
1867,388750,1.00176430,-0.56107737,-0.43020349,0.15515454,-0.17341450,0.00424910,0,0,0,0,0
1868,388958,0.99913200,-0.49988383,-0.49901151,0.16478560,-0.20863884,0.01807115,0,0,0,0,0
1869,389166,0.98920909,-0.45507678,-0.54329958,0.19004980,-0.18054556,-0.01126748,0,0,0,0,0
1870,389375,0.99617480,-0.39348491,-0.60256159,0.19171653,-0.17619130,-0.03478771,0,0,0,0,0
1871,389583,0.98111797,-0.33649079,-0.65081351,0.17151016,-0.16330609,-0.03576688,0,0,0,0,0
1872,389791,0.96085098,-0.27743724,-0.69555834,0.17613857,-0.14210123,-0.04324978,0,0,0,0,0
1873,390000,0.94427868,-0.21092637,-0.74553663,0.17753722,-0.13754608,-0.06450979,0,0,0,0,0
1874,390208,0.92923220,-0.14226996,-0.78118007,0.21274615,-0.12301959,-0.07388218,0,0,0,0,0
1875,390416,0.89619382,-0.07007921,-0.82661981,0.20504747,-0.11924526,-0.06506744,0,0,0,0,0
1876,390625,0.87899735,-0.01323837,-0.86020915,0.19250827,-0.11341725,-0.09728737,0,0,0,0,0
1877,390833,0.84337831,0.05428671,-0.88990759,0.19697899,-0.06966620,-0.09804805,0,0,0,0,0
1878,391041,0.81635350,0.10940190,-0.91179294,0.20060266,-0.06727924,-0.10494720,0,0,0,0,0
1879,391250,0.75889426,0.18445665,-0.94306414,0.20151487,-0.06647768,-0.14670839,0,0,0,0,0
1880,391458,0.72787887,0.24792388,-0.95908830,0.19004619,-0.04168429,-0.13301386,0,0,0,0,0
1881,391666,0.68039235,0.30491984,-0.96540172,0.19342565,-0.04692325,-0.13849043,0,0,0,0,0
1882,391875,0.62664823,0.36586828,-0.98670673,0.19399283,-0.02631439,-0.15261691,0,0,0,0,0
1883,392083,0.57646830,0.42682994,-0.99756061,0.16878120,-0.02405378,-0.16677146,0,0,0,0,0
1884,392291,0.51502744,0.47930295,-0.99841628,0.19371673,0.00696703,-0.16549920,0,0,0,0,0
1885,392500,0.46759835,0.54815245,-1.00233772,0.14956295,0.01182005,-0.17986416,0,0,0,0,0
1886,392708,0.39347357,0.59840573,-0.99225007,0.15894518,0.03131666,-0.17317368,0,0,0,0,0
1887,392916,0.35077473,0.65464799,-0.98802517,0.15848598,0.04303808,-0.18920771,0,0,0,0,0
1888,393125,0.27783759,0.69115162,-0.97263135,0.14405698,0.05304877,-0.18412743,0,0,0,0,0
1889,393333,0.21698628,0.73638173,-0.95457267,0.13649376,0.06422714,-0.18647815,0,0,0,0,0
1890,393541,0.15957974,0.78575862,-0.92903248,0.12321216,0.09280157,-0.19098105,0,0,0,0,0
1891,393750,0.09502250,0.81968831,-0.90805887,0.10001258,0.10018674,-0.20212710,0,0,0,0,0
1892,393958,0.03195905,0.86280620,-0.87152606,0.11185689,0.09758620,-0.20086862,0,0,0,0,0
1893,394166,-0.04589403,0.88591424,-0.83984395,0.09173334,0.09505482,-0.19364960,0,0,0,0,0
1894,394375,-0.10707024,0.90989875,-0.79974690,0.07850746,0.12222764,-0.17969953,0,0,0,0,0
1895,394583,-0.17014564,0.94255055,-0.75773367,0.04767062,0.12764629,-0.19506680,0,0,0,0,0
1896,394791,-0.24408954,0.95776815,-0.71756351,0.03494288,0.15649177,-0.19066520,0,0,0,0,0
1897,395000,-0.29221953,0.96962780,-0.66492066,0.03825884,0.14632048,-0.18222768,0,0,0,0,0
1898,395208,-0.35633703,0.99842052,-0.61706998,0.00743975,0.15681934,-0.17199277,0,0,0,0,0
1899,395416,-0.41789618,0.99950406,-0.57524895,0.01006062,0.16171170,-0.17647254,0,0,0,0,0
1900,395625,-0.48497157,0.99682585,-0.51457878,-0.00263518,0.17664117,-0.16631768,0,0,0,0,0
1901,395833,-0.53601300,0.99892882,-0.44567421,-0.02745448,0.18240491,-0.15781197,0,0,0,0,0
1902,396041,-0.58102189,0.99241595,-0.39450312,-0.02654160,0.19055627,-0.14046744,0,0,0,0,0
1903,396250,-0.63570421,0.98231354,-0.31817061,-0.04051436,0.21262406,-0.13663243,0,0,0,0,0
1904,396458,-0.69133839,0.96314634,-0.27354489,-0.06970017,0.19483748,-0.14635146,0,0,0,0,0
1905,396666,-0.73384296,0.95684073,-0.21340242,-0.05172898,0.19515002,-0.11777080,0,0,0,0,0
1906,396875,-0.77628499,0.92439026,-0.14409284,-0.08119060,0.21527956,-0.12624315,0,0,0,0,0
1907,397083,-0.81970820,0.90595567,-0.07479475,-0.08712951,0.20116247,-0.10671704,0,0,0,0,0
1908,397291,-0.84869659,0.87165911,-0.01929097,-0.11000604,0.21007348,-0.08199739,0,0,0,0,0
1909,397500,-0.87528738,0.84276616,0.05088078,-0.11847214,0.20412893,-0.07375984,0,0,0,0,0
1910,397708,-0.91680564,0.80090011,0.11968828,-0.14173026,0.20228663,-0.07051107,0,0,0,0,0
1911,397916,-0.93381233,0.75948306,0.18195551,-0.13081633,0.20861510,-0.05028116,0,0,0,0,0
1912,398125,-0.95465690,0.70869791,0.25055819,-0.12994609,0.21729289,-0.04595839,0,0,0,0,0
1913,398333,-0.98036603,0.66613347,0.29835747,-0.16093940,0.20860842,-0.01800984,0,0,0,0,0
1914,398541,-0.97895633,0.61768324,0.36846600,-0.18090414,0.20823513,-0.02966748,0,0,0,0,0
1915,398750,-0.99706527,0.56523139,0.43501206,-0.18335104,0.19643331,-0.00602698,0,0,0,0,0
1916,398958,-0.99251696,0.51053412,0.48369110,-0.18703477,0.18349246,-0.00376097,0,0,0,0,0
1917,399166,-0.99250474,0.45947551,0.54327349,-0.18702230,0.16242823,0.02744882,0,0,0,0,0
1918,399375,-0.99316075,0.39846286,0.59765213,-0.20356691,0.16203963,0.04681852,0,0,0,0,0
1919,399583,-0.98652758,0.33295190,0.64795636,-0.20201077,0.17919040,0.04165122,0,0,0,0,0
1920,399791,-0.96864781,0.27179477,0.70643818,-0.20408438,0.16381583,0.04388981,0,0,0,0,0
1921,400000,-0.94413258,0.20630920,0.74227705,-0.22301602,0.15672298,0.07554297,0,1,0,0,0
1922,400208,-0.92073431,0.14487748,0.79423612,-0.19322727,0.11860016,0.08230947,0,1,0,0,0
1923,400416,-0.88916260,0.08009395,0.82736531,-0.22571069,0.13000005,0.08013598,0,1,0,0,0
1924,400625,-0.86763525,0.01087574,0.86325544,-0.20081418,0.10327349,0.10693130,0,1,0,0,0
1925,400833,-0.83951779,-0.05328061,0.90069468,-0.22091342,0.08773949,0.11411875,0,1,0,0,0
1926,401041,-0.80665670,-0.12298987,0.92477068,-0.19719113,0.09177835,0.14152915,0,1,0,0,0
1927,401250,-0.77056121,-0.18988697,0.94512840,-0.20448213,0.08173983,0.13470326,0,1,0,0,0
1928,401458,-0.71920025,-0.24651875,0.96250780,-0.20364186,0.06836743,0.15162816,0,1,0,0,0
1929,401666,-0.67752073,-0.30164327,0.96501143,-0.20234385,0.03300034,0.13658331,0,1,0,0,0
1930,401875,-0.61607911,-0.36345028,0.99399178,-0.18503022,0.04753636,0.15770352,0,1,0,0,0
1931,402083,-0.56254901,-0.42602362,0.99282838,-0.19050310,0.02099629,0.16286830,0,1,0,0,0
1932,402291,-0.51337271,-0.49351197,1.00563755,-0.17163252,0.01085666,0.16658020,0,1,0,0,0
1933,402500,-0.45558146,-0.54912051,1.00231582,-0.16709438,0.01450812,0.17866045,0,1,0,0,0
1934,402708,-0.40185105,-0.60049454,0.98655259,-0.16223558,-0.01361009,0.19714035,0,1,0,0,0
1935,402916,-0.33224714,-0.64720898,0.99675833,-0.15816362,-0.04133000,0.19861725,0,1,0,0,0
1936,403125,-0.27508056,-0.69123362,0.97590617,-0.14722288,-0.03156186,0.20060748,0,1,0,0,0
1937,403333,-0.21520447,-0.73622722,0.95994415,-0.14441678,-0.05644626,0.19436712,0,1,0,0,0
1938,403541,-0.14676284,-0.78765343,0.92904012,-0.14495230,-0.07334674,0.21791267,0,1,0,0,0
1939,403750,-0.07423083,-0.81731942,0.91773604,-0.12441635,-0.09101958,0.20062330,0,1,0,0,0
1940,403958,-0.01615334,-0.86047315,0.88109613,-0.11512940,-0.07841016,0.19685086,0,1,0,0,0
1941,404166,0.05164256,-0.88927314,0.84767074,-0.09258219,-0.09843423,0.19807757,0,1,0,0,0
1942,404375,0.11007325,-0.91764509,0.80204093,-0.09213132,-0.11662959,0.20237309,0,1,0,0,0
1943,404583,0.17286839,-0.95650409,0.76806764,-0.06148149,-0.12572557,0.18576408,0,1,0,0,0
1944,404791,0.24186815,-0.96766294,0.71584393,-0.07182200,-0.12638254,0.18539413,0,1,0,0,0
1945,405000,0.30160658,-0.97545550,0.67208108,-0.04086387,-0.14385360,0.18729995,0,1,0,0,0
1946,405208,0.35955675,-0.99877262,0.62628138,-0.02698163,-0.15731912,0.20265325,0,1,0,0,0
1947,405416,0.42172636,-1.00305363,0.57716531,-0.02520673,-0.16327080,0.17395369,0,1,0,0,0
1948,405625,0.47534136,-0.99593984,0.51786122,-0.01310062,-0.14777807,0.18089334,0,1,0,0,0
1949,405833,0.53970364,-1.00220475,0.46201337,0.02117885,-0.18352631,0.16347359,0,1,0,0,0
1950,406041,0.58577649,-0.99049542,0.41253099,0.01309259,-0.17500890,0.15324038,0,1,0,0,0
1951,406250,0.63980388,-0.98555329,0.34105764,0.04576562,-0.17514628,0.15918847,0,1,0,0,0
1952,406458,0.69319726,-0.97287837,0.28288045,0.05125572,-0.19862059,0.17011830,0,1,0,0,0
1953,406666,0.73805622,-0.95310360,0.21400343,0.06406022,-0.21074298,0.10385936,0,1,0,0,0
1954,406875,0.77915035,-0.93619432,0.14122975,0.07877158,-0.19190098,0.12548878,0,1,0,0,0
1955,407083,0.81791479,-0.91224267,0.08047241,0.10186544,-0.20165713,0.12676072,0,1,0,0,0
1956,407291,0.85241009,-0.86815555,0.02295778,0.09887866,-0.19479942,0.11576901,0,1,0,0,0
1957,407500,0.88909740,-0.83417480,-0.04973185,0.10714370,-0.19479268,0.10097732,0,1,0,0,0
1958,407708,0.90597777,-0.80616754,-0.11668804,0.11490906,-0.19363624,0.08551243,0,1,0,0,0
1959,407916,0.93949742,-0.76976337,-0.17236955,0.14402581,-0.20489663,0.06066612,0,1,0,0,0
1960,408125,0.96590374,-0.72357901,-0.24573082,0.14653170,-0.18829750,0.04677580,0,1,0,0,0
1961,408333,0.97549246,-0.67924346,-0.30474847,0.15790636,-0.20002026,0.03740007,0,1,0,0,0
1962,408541,0.99139906,-0.62155440,-0.36345192,0.17065393,-0.17562963,0.02710329,0,1,0,0,0
1963,408750,0.98582308,-0.57374210,-0.42327157,0.17695439,-0.18089343,0.02102855,0,1,0,0,0
1964,408958,0.98994111,-0.52300593,-0.47830000,0.18225791,-0.18756423,0.00555150,0,1,0,0,0
1965,409166,0.99511939,-0.46337166,-0.55026212,0.17329604,-0.17247220,0.00506626,0,1,0,0,0
1966,409375,0.98786141,-0.40028562,-0.59743740,0.19005886,-0.17796628,-0.03903723,0,1,0,0,0
1967,409583,0.98169972,-0.33748193,-0.64529220,0.17768952,-0.16200586,-0.03965326,0,1,0,0,0
1968,409791,0.96884665,-0.27268091,-0.68242938,0.17599733,-0.15101128,-0.05246646,0,1,0,0,0
1969,410000,0.93791004,-0.21706024,-0.74584257,0.20004716,-0.13841332,-0.05332414,0,1,0,0,0
1970,410208,0.92419018,-0.14080754,-0.78081937,0.20432501,-0.11998442,-0.08266601,0,1,0,0,0
1971,410416,0.90844050,-0.07943105,-0.82081719,0.18762381,-0.11477667,-0.08511484,0,1,0,0,0
1972,410625,0.86748628,-0.01872795,-0.86340624,0.20578913,-0.11486864,-0.11162309,0,1,0,0,0
1973,410833,0.84480864,0.05249445,-0.89103070,0.21742633,-0.10026624,-0.11370483,0,1,0,0,0
1974,411041,0.80362174,0.11482113,-0.92487484,0.21569194,-0.08534297,-0.12478474,0,1,0,0,0
1975,411250,0.75789445,0.16997318,-0.94649739,0.19963959,-0.06704581,-0.14455269,0,1,0,0,0
1976,411458,0.71446101,0.23993041,-0.96898416,0.19062034,-0.04466775,-0.14643459,0,1,0,0,0
1977,411666,0.66819654,0.30034748,-0.98401252,0.19771384,-0.04527818,-0.15088912,0,1,0,0,0
1978,411875,0.62108836,0.35951435,-0.98840980,0.19565041,-0.03943527,-0.16580167,0,1,0,0,0
1979,412083,0.56507927,0.41723026,-0.99516612,0.19319625,-0.00437780,-0.16685270,0,1,0,0,0
1980,412291,0.51517360,0.48677469,-1.00559660,0.18092515,-0.02745995,-0.18113042,0,1,0,0,0
1981,412500,0.44519608,0.53400437,-1.00606863,0.18058183,0.00864655,-0.16977321,0,1,0,0,0
1982,412708,0.38737996,0.60061904,-1.00129851,0.16700608,0.01041419,-0.19095119,0,1,0,0,0
1983,412916,0.33953598,0.65114287,-0.99004034,0.16068309,0.02256957,-0.19710118,0,1,0,0,0
1984,413125,0.27009469,0.69236916,-0.97627162,0.14290000,0.04747159,-0.21041183,0,1,0,0,0
1985,413333,0.21458554,0.74109063,-0.96600415,0.14649559,0.04591565,-0.19131836,0,1,0,0,0
1986,413541,0.15392943,0.78812523,-0.93433740,0.13405096,0.07567307,-0.18385432,0,1,0,0,0
1987,413750,0.08262622,0.82441098,-0.91573217,0.11828536,0.08814919,-0.19225055,0,1,0,0,0
1988,413958,0.02006271,0.85827404,-0.88843325,0.11238425,0.08643263,-0.22099598,0,1,0,0,0
1989,414166,-0.06015733,0.88925917,-0.83732451,0.09966114,0.09164052,-0.21472135,0,1,0,0,0
1990,414375,-0.12594950,0.91678763,-0.81034978,0.07602443,0.11828758,-0.19653191,0,1,0,0,0
1991,414583,-0.17971408,0.93755758,-0.78032895,0.07459350,0.12239297,-0.20670382,0,1,0,0,0
1992,414791,-0.25394229,0.95635533,-0.72214331,0.08062011,0.15208619,-0.20865262,0,1,0,0,0
1993,415000,-0.31188262,0.98373140,-0.67625609,0.05510970,0.14965195,-0.19367673,0,1,0,0,0
1994,415208,-0.36467256,0.99312680,-0.63035306,0.04194132,0.13790292,-0.17644774,0,1,0,0,0
1995,415416,-0.43113572,1.00367580,-0.57522477,0.05662840,0.16115686,-0.19242160,0,1,0,0,0
1996,415625,-0.49269430,1.00132549,-0.51624329,-0.00392307,0.17285074,-0.18217843,0,1,0,0,0
1997,415833,-0.53795061,0.99855752,-0.46663156,-0.00066751,0.18300761,-0.18718251,0,1,0,0,0
1998,416041,-0.60498910,0.99667816,-0.40367446,-0.00943483,0.18236857,-0.17129514,0,1,0,0,0
1999,416250,-0.65511750,0.99569034,-0.35135054,-0.03450737,0.20183465,-0.16029516,0,1,0,0,0
2000,416458,-0.69297250,0.97725941,-0.27760632,-0.05803901,0.17266103,-0.14676070,0,1,0,0,0
2001,416666,-0.74246738,0.95160254,-0.22213522,-0.04509730,0.20510360,-0.14363501,0,1,0,0,0
2002,416875,-0.78209448,0.93974291,-0.15657738,-0.07009856,0.18714735,-0.12887057,0,1,0,0,0
2003,417083,-0.83266387,0.90525575,-0.08351447,-0.07893090,0.18326161,-0.12687185,0,1,0,0,0
2004,417291,-0.86363906,0.87901867,-0.02678766,-0.09785712,0.20375256,-0.10570366,0,1,0,0,0
2005,417500,-0.89594219,0.84160513,0.03897319,-0.10801971,0.19435380,-0.09193328,0,1,0,0,0
2006,417708,-0.91281229,0.81345669,0.10763315,-0.10672439,0.20211906,-0.06495090,0,1,0,0,0
2007,417916,-0.94393027,0.76890497,0.17501910,-0.12833648,0.19608479,-0.07591398,0,1,0,0,0
2008,418125,-0.95557184,0.71729158,0.23395288,-0.15083233,0.17226397,-0.04359761,0,1,0,0,0
2009,418333,-0.98485051,0.67150340,0.30027890,-0.13702665,0.16997625,-0.04723259,0,1,0,0,0
2010,418541,-0.99610596,0.62267302,0.35806927,-0.14039511,0.18370385,-0.04142659,0,1,0,0,0
2011,418750,-1.00230422,0.58834638,0.42027945,-0.16617442,0.16463372,-0.01058038,0,1,0,0,0
2012,418958,-0.99717427,0.52003496,0.47836114,-0.17748747,0.18999626,-0.00441356,0,1,0,0,0
2013,419166,-1.00472875,0.46344899,0.53875478,-0.15830216,0.16982553,0.00183098,0,1,0,0,0
2014,419375,-0.99832182,0.41002159,0.59128653,-0.17662735,0.16689704,0.01843840,0,1,0,0,0
2015,419583,-0.98218403,0.34469954,0.64884579,-0.16870458,0.14567255,0.04539986,0,1,0,0,0
2016,419791,-0.96315471,0.28039216,0.69572655,-0.17685897,0.13312091,0.05713358,0,1,0,0,0
2017,420000,-0.95519013,0.21266961,0.74212794,-0.21229635,0.13869216,0.05650998,0,1,0,0,0
2018,420208,-0.92450519,0.15258862,0.78045512,-0.17842825,0.12452553,0.08616257,0,1,0,0,0
2019,420416,-0.90295092,0.08838007,0.80712187,-0.20665213,0.11955596,0.09284886,0,1,0,0,0
2020,420625,-0.88264637,0.02815589,0.86374135,-0.20012653,0.12347177,0.11334703,0,1,0,0,0
2021,420833,-0.84329366,-0.03418765,0.88377708,-0.22308149,0.09181973,0.12247420,0,1,0,0,0
2022,421041,-0.79653957,-0.10550703,0.92250233,-0.20209203,0.08553509,0.13378533,0,1,0,0,0
2023,421250,-0.76080703,-0.17612130,0.94613984,-0.17585435,0.07353027,0.12560016,0,1,0,0,0
2024,421458,-0.72367280,-0.23648631,0.95343438,-0.19635822,0.06251769,0.14572894,0,1,0,0,0
2025,421666,-0.68559415,-0.29548574,0.97416638,-0.19642611,0.03166298,0.16055457,0,1,0,0,0
2026,421875,-0.62578971,-0.36584297,0.99473950,-0.19232994,0.04616793,0.15963792,0,1,0,0,0
2027,422083,-0.56562908,-0.42325332,0.99079326,-0.17542017,0.01235239,0.17035919,0,1,0,0,0
2028,422291,-0.52226503,-0.47911538,0.99780099,-0.18209594,0.00404111,0.17636501,0,1,0,0,0
2029,422500,-0.45832727,-0.53275220,1.00228779,-0.16596172,-0.01561708,0.17610805,0,1,0,0,0
2030,422708,-0.40633199,-0.59391926,0.99818156,-0.16465273,-0.03133856,0.18992114,0,1,0,0,0
2031,422916,-0.33376066,-0.64122150,0.98316662,-0.14977357,-0.03914435,0.19521519,0,1,0,0,0
2032,423125,-0.27214224,-0.68510876,0.97478562,-0.15158715,-0.03498640,0.19957965,0,1,0,0,0
2033,423333,-0.21275040,-0.72787795,0.96059427,-0.14433477,-0.04750640,0.20589174,0,1,0,0,0
2034,423541,-0.15210704,-0.78011974,0.94208821,-0.13083760,-0.07270080,0.21033111,0,1,0,0,0
2035,423750,-0.08161988,-0.82713165,0.91074907,-0.10297554,-0.07060270,0.20080424,0,1,0,0,0
2036,423958,-0.02146998,-0.85686903,0.88407908,-0.11090848,-0.09471220,0.20349258,0,1,0,0,0
2037,424166,0.04571906,-0.88531252,0.85286183,-0.09154001,-0.10306022,0.18446519,0,1,0,0,0
2038,424375,0.12179243,-0.91716393,0.81113011,-0.08747126,-0.12354904,0.20192561,0,1,0,0,0
2039,424583,0.18350720,-0.94858372,0.77963995,-0.07449904,-0.11117184,0.19128703,0,1,0,0,0
2040,424791,0.25208977,-0.95538568,0.72442511,-0.06407941,-0.12759675,0.18704302,0,1,0,0,0
2041,425000,0.31189933,-0.97608412,0.68544424,-0.03402647,-0.14217471,0.17092840,0,1,0,0,0
2042,425208,0.37198138,-0.99335655,0.62812509,-0.04436531,-0.14700071,0.20536799,0,1,0,0,0
2043,425416,0.43154954,-0.99811398,0.57889247,-0.01205543,-0.18933696,0.18620828,0,1,0,0,0
2044,425625,0.48805890,-0.99878868,0.51304924,-0.00829596,-0.16901387,0.18173414,0,1,0,0,0
2045,425833,0.53671689,-0.99906030,0.46881319,-0.01227250,-0.16775840,0.19112999,0,1,0,0,0
2046,426041,0.60431133,-0.99648869,0.41327722,0.01591435,-0.15990501,0.17287755,0,1,0,0,0
2047,426250,0.64907958,-0.99068505,0.34589931,0.03131083,-0.18021983,0.17879112,0,1,0,0,0
2048,426458,0.69764187,-0.97462872,0.28390823,0.04619990,-0.16503799,0.14246573,0,1,0,0,0
2049,426666,0.74873973,-0.95856813,0.23458122,0.05645872,-0.20573986,0.13822537,0,1,0,0,0
2050,426875,0.77558735,-0.93460042,0.15507174,0.05021638,-0.20827555,0.14525849,0,1,0,0,0
2051,427083,0.83118576,-0.90831181,0.09126743,0.06772318,-0.18147134,0.12587789,0,1,0,0,0
2052,427291,0.85891350,-0.87595043,0.02741421,0.09547095,-0.17503778,0.11307931,0,1,0,0,0
2053,427500,0.89277978,-0.83682191,-0.04199652,0.10082949,-0.19304889,0.09666150,0,1,0,0,0
2054,427708,0.92736730,-0.80844668,-0.10766530,0.11541464,-0.20292243,0.07579197,0,1,0,0,0
2055,427916,0.95549079,-0.76797446,-0.17911566,0.11586091,-0.18680132,0.08492498,0,1,0,0,0
2056,428125,0.97198241,-0.73259717,-0.23546139,0.14132791,-0.19153916,0.06107994,0,1,0,0,0
2057,428333,0.97905497,-0.66895576,-0.30485028,0.14313068,-0.18028718,0.06646692,0,1,0,0,0
2058,428541,0.98873119,-0.63475462,-0.35922940,0.12117367,-0.18938928,0.04006913,0,1,0,0,0
2059,428750,0.99911929,-0.57505465,-0.41458788,0.17479162,-0.15550461,0.02749906,0,1,0,0,0
2060,428958,1.00557244,-0.51787782,-0.47498736,0.17226496,-0.14678724,-0.00569661,0,1,0,0,0
2061,429166,1.00320562,-0.46756682,-0.53108825,0.18362155,-0.16743460,-0.00138457,0,1,0,0,0
2062,429375,0.99803190,-0.41288202,-0.58837951,0.17153288,-0.16116458,-0.01032018,0,1,0,0,0
2063,429583,0.98740039,-0.33673016,-0.64422798,0.17840679,-0.16708500,-0.01788941,0,1,0,0,0
2064,429791,0.97378596,-0.28427035,-0.67993941,0.18020526,-0.12544101,-0.03066667,0,1,0,0,0
2065,430000,0.96185221,-0.21602416,-0.73814260,0.19949328,-0.13098713,-0.05341083,0,1,0,0,0
2066,430208,0.94087951,-0.14221214,-0.77514150,0.19149421,-0.12417472,-0.07801034,0,1,0,0,0
2067,430416,0.91326229,-0.08933389,-0.82088047,0.20111894,-0.09525301,-0.08595583,0,1,0,0,0
2068,430625,0.88673783,-0.02560105,-0.84856073,0.19496257,-0.10690688,-0.08744942,0,1,0,0,0
2069,430833,0.84456664,0.03963324,-0.88609856,0.19726077,-0.09068560,-0.11270335,0,1,0,0,0
2070,431041,0.80904012,0.10506856,-0.91235739,0.18820783,-0.08501577,-0.10962772,0,1,0,0,0
2071,431250,0.76702742,0.16736440,-0.94195391,0.20635834,-0.05376492,-0.13430751,0,1,0,0,0
2072,431458,0.72886167,0.23309137,-0.95593041,0.19195078,-0.04915092,-0.12985123,0,1,0,0,0
2073,431666,0.67347127,0.29994949,-0.97123186,0.17099754,-0.04958751,-0.14471914,0,1,0,0,0
2074,431875,0.63403754,0.35961449,-0.98244133,0.18732575,-0.04224910,-0.15392839,0,1,0,0,0
2075,432083,0.57853381,0.42274423,-0.99469743,0.16435302,-0.02823079,-0.16990944,0,1,0,0,0
2076,432291,0.51262329,0.47762299,-0.99603944,0.15748950,0.00481085,-0.15859118,0,1,0,0,0
2077,432500,0.47135609,0.53097267,-0.99988522,0.16807144,0.01091701,-0.17863025,0,1,0,0,0
2078,432708,0.40568276,0.59170100,-0.98929693,0.15959954,0.01965444,-0.18140084,0,1,0,0,0
2079,432916,0.34330003,0.63802659,-0.97955560,0.14078584,0.04087423,-0.18360963,0,1,0,0,0
2080,433125,0.28348436,0.68042924,-0.96975481,0.14878622,0.03554323,-0.20336269,0,1,0,0,0
2081,433333,0.21279713,0.72458634,-0.95464723,0.15230385,0.06915072,-0.19103012,0,1,0,0,0
2082,433541,0.15074657,0.77939945,-0.91755839,0.11370845,0.07227716,-0.18239355,0,1,0,0,0
2083,433750,0.08759283,0.81135844,-0.89672481,0.12321851,0.07641828,-0.20842511,0,1,0,0,0
2084,433958,0.02042768,0.85390266,-0.87853005,0.09980768,0.08921822,-0.18712235,0,1,0,0,0
2085,434166,-0.04989240,0.88496894,-0.84496324,0.09989074,0.12043304,-0.19774959,0,1,0,0,0
2086,434375,-0.10835921,0.91359988,-0.80668094,0.09178845,0.11918562,-0.20811289,0,1,0,0,0
2087,434583,-0.17914914,0.93893948,-0.76404123,0.07585485,0.15067856,-0.18678294,0,1,0,0,0
2088,434791,-0.23857549,0.95250979,-0.71619174,0.04551869,0.12839724,-0.19409565,0,1,0,0,0
2089,435000,-0.30023190,0.97178807,-0.67272682,0.05682976,0.14614883,-0.19116600,0,1,0,0,0
2090,435208,-0.36385171,0.97221863,-0.62279428,0.04901165,0.15430431,-0.18168896,0,1,0,0,0
2091,435416,-0.43261770,0.98639445,-0.57592902,0.00592698,0.15736773,-0.19523503,0,1,0,0,0
2092,435625,-0.47057160,1.00601270,-0.50542873,0.00668733,0.16346755,-0.17695046,0,1,0,0,0
2093,435833,-0.54160601,1.00790597,-0.46007316,-0.00889055,0.16463140,-0.15556420,0,1,0,0,0
2094,436041,-0.59654832,0.99100781,-0.39689017,-0.01245736,0.18484512,-0.16164791,0,1,0,0,0
2095,436250,-0.64118401,0.98079389,-0.33789810,-0.04569832,0.20909037,-0.15943860,0,1,0,0,0
2096,436458,-0.69910309,0.96560926,-0.28076860,-0.04958268,0.18934941,-0.16389261,0,1,0,0,0
2097,436666,-0.73585826,0.94981440,-0.22012946,-0.06047858,0.18632571,-0.15128968,0,1,0,0,0
2098,436875,-0.77952083,0.92606473,-0.15709798,-0.07529947,0.21112663,-0.13881138,0,1,0,0,0
2099,437083,-0.82001378,0.91121014,-0.08469089,-0.07335132,0.19100849,-0.12524738,0,1,0,0,0
2100,437291,-0.85338119,0.86947400,-0.01939723,-0.10253195,0.19013936,-0.09918841,0,1,0,0,0
2101,437500,-0.89012050,0.84717901,0.03928743,-0.09875038,0.21269800,-0.09157512,0,1,0,0,0
2102,437708,-0.92411556,0.80621338,0.10175195,-0.13844483,0.20138842,-0.06962982,0,1,0,0,0
2103,437916,-0.93711878,0.76074426,0.17362183,-0.13201483,0.19438110,-0.06783436,0,1,0,0,0
2104,438125,-0.96680673,0.71479231,0.23146956,-0.13457447,0.19552841,-0.04298993,0,1,0,0,0
2105,438333,-0.97997982,0.67322085,0.29909080,-0.13512484,0.18050464,-0.04757382,0,1,0,0,0
2106,438541,-1.00200051,0.62012964,0.37067375,-0.16276724,0.18039015,-0.02825540,0,1,0,0,0
2107,438750,-1.00261717,0.56956476,0.41865763,-0.16207213,0.18523952,-0.01347002,0,1,0,0,0
2108,438958,-0.99604176,0.51122166,0.48735677,-0.19647598,0.16828120,-0.00764218,0,1,0,0,0
2109,439166,-1.00618452,0.46299903,0.53763993,-0.18570260,0.16604921,0.01925187,0,1,0,0,0
2110,439375,-0.99954908,0.40422031,0.58197957,-0.19196597,0.16016609,0.02981192,0,1,0,0,0
2111,439583,-0.98729808,0.34283876,0.64560114,-0.19918820,0.15516042,0.03692551,0,1,0,0,0
2112,439791,-0.97706927,0.27689728,0.69089861,-0.18624555,0.14863577,0.04472527,0,1,0,0,0
2113,440000,-0.95053719,0.21092592,0.72836619,-0.19049483,0.13761612,0.05834312,0,1,0,0,0
2114,440208,-0.92949174,0.14621844,0.77557229,-0.18598842,0.12072686,0.05653797,0,1,0,0,0
2115,440416,-0.90201281,0.09533602,0.82487485,-0.16914660,0.12026237,0.08742152,0,1,0,0,0
2116,440625,-0.88380543,0.02491449,0.85918326,-0.19693684,0.11061909,0.08502902,0,1,0,0,0
2117,440833,-0.84357123,-0.05251697,0.88526046,-0.20673520,0.10105187,0.11379400,0,1,0,0,0
2118,441041,-0.81203434,-0.10801131,0.91857240,-0.19714075,0.05921396,0.08867549,0,1,0,0,0
2119,441250,-0.76256780,-0.17485319,0.92565439,-0.20355018,0.05942470,0.12172806,0,1,0,0,0
2120,441458,-0.71775575,-0.24123001,0.95593193,-0.19028383,0.02826358,0.13256614,0,1,0,0,0
2121,441666,-0.68183454,-0.29815624,0.96475419,-0.18639774,0.04359881,0.15533670,0,1,0,0,0
2122,441875,-0.63220575,-0.35437599,0.98157674,-0.18972593,0.03625295,0.15879968,0,1,0,0,0
2123,442083,-0.57577994,-0.42618872,0.99481750,-0.17966550,-0.00873328,0.16269355,0,1,0,0,0
2124,442291,-0.52063731,-0.48696490,1.00111276,-0.17196712,0.00479383,0.17012286,0,1,0,0,0
2125,442500,-0.46496323,-0.54239468,0.99500310,-0.17948001,-0.02780316,0.17029633,0,1,0,0,0
2126,442708,-0.40684550,-0.59750449,0.99132575,-0.16816418,-0.02745488,0.19500459,0,1,0,0,0
2127,442916,-0.34077010,-0.64486812,0.97625005,-0.14186806,-0.02751243,0.18655263,0,1,0,0,0
2128,443125,-0.27895769,-0.68489465,0.96530656,-0.14280735,-0.05401827,0.17541700,0,1,0,0,0
2129,443333,-0.21954027,-0.74593847,0.94605312,-0.12395353,-0.07166136,0.18690056,0,1,0,0,0
2130,443541,-0.16077278,-0.77995250,0.93579683,-0.14038746,-0.08176164,0.19376599,0,1,0,0,0
2131,443750,-0.08693508,-0.81344616,0.89340042,-0.08786823,-0.09772786,0.19271001,0,1,0,0,0
2132,443958,-0.02649557,-0.85751001,0.87536101,-0.08556647,-0.08823660,0.18611552,0,1,0,0,0
2133,444166,0.03825205,-0.88972459,0.84044895,-0.08159759,-0.12450204,0.20726314,0,1,0,0,0
2134,444375,0.10154813,-0.92440198,0.79883675,-0.07642921,-0.12738212,0.18923116,0,1,0,0,0
2135,444583,0.17753715,-0.94141891,0.75080368,-0.06095662,-0.15764309,0.19332870,0,1,0,0,0
2136,444791,0.24044906,-0.96025416,0.71754578,-0.05940905,-0.16248065,0.18764452,0,1,0,0,0
2137,445000,0.29487727,-0.98393440,0.66567597,-0.03794052,-0.15879804,0.19544116,0,1,0,0,0
2138,445208,0.36137492,-0.98704000,0.61535971,-0.02491177,-0.14975522,0.16197702,0,1,0,0,0
2139,445416,0.42615897,-0.99057904,0.56231753,-0.02616909,-0.14293139,0.16815559,0,1,0,0,0
2140,445625,0.47829508,-0.98868914,0.51304872,-0.01335879,-0.17044663,0.17381535,0,1,0,0,0
2141,445833,0.53516001,-0.99257629,0.45930591,0.01942146,-0.17817972,0.17146381,0,1,0,0,0
2142,446041,0.59342622,-0.99373338,0.40032444,0.02498507,-0.20228626,0.16979288,0,1,0,0,0
2143,446250,0.64735021,-0.97117852,0.33256717,0.02490448,-0.17838419,0.15079289,0,1,0,0,0
2144,446458,0.68930030,-0.96508909,0.27562078,0.05517460,-0.18658533,0.12594958,0,1,0,0,0
2145,446666,0.73458588,-0.94569369,0.22095637,0.06474048,-0.18591966,0.12241934,0,1,0,0,0
2146,446875,0.77465055,-0.92372066,0.13691880,0.06867394,-0.22737455,0.12492996,0,1,0,0,0
2147,447083,0.81909243,-0.89535346,0.08242917,0.09469269,-0.21133095,0.10940654,0,1,0,0,0
2148,447291,0.84823656,-0.86901626,0.01970992,0.08821734,-0.20336445,0.10557061,0,1,0,0,0
2149,447500,0.88034014,-0.83934224,-0.05570728,0.11582184,-0.20483510,0.09769807,0,1,0,0,0
2150,447708,0.91116091,-0.80194944,-0.11393651,0.11663756,-0.17999367,0.09051684,0,1,0,0,0
2151,447916,0.94421989,-0.75831026,-0.17201246,0.13487680,-0.19673716,0.08880476,0,1,0,0,0
2152,448125,0.96315990,-0.72484677,-0.24680831,0.14987433,-0.20300572,0.05370347,0,1,0,0,0
2153,448333,0.97602151,-0.67054024,-0.30512534,0.13729332,-0.19918919,0.03526500,0,1,0,0,0
2154,448541,0.99565901,-0.61732619,-0.36633267,0.15714783,-0.19530497,0.03492247,0,1,0,0,0
2155,448750,0.99117304,-0.57049189,-0.43081732,0.17098808,-0.18792518,0.01033129,0,1,0,0,0
2156,448958,1.00020466,-0.51366732,-0.48567809,0.17033554,-0.17110326,-0.00195493,0,1,0,0,0
2157,449166,1.01347352,-0.45478192,-0.53937766,0.19069840,-0.16947657,-0.01486379,0,1,0,0,0
2158,449375,0.99608341,-0.39854109,-0.59712353,0.19791688,-0.16000008,-0.01192875,0,1,0,0,0
2159,449583,0.98856510,-0.34696509,-0.64103133,0.18823122,-0.13873078,-0.03158000,0,1,0,0,0
2160,449791,0.97458796,-0.27350911,-0.68939246,0.17071471,-0.14569901,-0.06497780,0,1,0,0,0
