1,0,-0.84397130,-0.05990496,0.88981603,-0.22010025,0.11064218,0.13248730,0,0,0,0,0
2,208,-0.80164981,-0.12308321,0.91497231,-0.21174522,0.08034057,0.14306120,0,0,0,0,0
3,416,-0.75780789,-0.18446226,0.94385312,-0.21144874,0.06724236,0.11935797,0,0,0,0,0
4,625,-0.71642250,-0.24779997,0.95924034,-0.19966702,0.07235745,0.13309458,0,0,0,0,0
5,833,-0.67839957,-0.30649174,0.97576841,-0.18286565,0.03406603,0.17755961,0,0,0,0,0
6,1041,-0.62524323,-0.38700337,0.99197774,-0.19480791,0.03238520,0.13378196,0,0,0,0,0
7,1250,-0.56853573,-0.44721290,0.99208427,-0.18879220,0.01387663,0.14916349,0,0,0,0,0
8,1458,-0.49825052,-0.49598972,0.98074292,-0.18324554,-0.00973815,0.16506322,0,0,0,0,0
9,1666,-0.44799874,-0.55314232,0.99059330,-0.16611250,-0.00994173,0.17945069,0,0,0,0,0
10,1875,-0.38138510,-0.59779884,0.98438553,-0.15652450,-0.01825156,0.18398639,0,0,0,0,0
11,2083,-0.33043410,-0.66433454,0.97664402,-0.12430831,-0.04808730,0.16880164,0,0,0,0,0
12,2291,-0.25058546,-0.71638617,0.97259182,-0.11347541,-0.06215356,0.19308341,0,0,0,0,0
13,2500,-0.19818575,-0.76143265,0.94037794,-0.12121992,-0.06935980,0.19725203,0,0,0,0,0
14,2708,-0.12438021,-0.78863464,0.92028976,-0.10826676,-0.08135897,0.19252639,0,0,0,0,0
15,2916,-0.06121631,-0.82635814,0.89984920,-0.10043327,-0.08130558,0.19820850,0,0,0,0,0
16,3125,-0.00377462,-0.87475407,0.87184078,-0.07434227,-0.11896338,0.20662245,0,0,0,0,0
17,3333,0.05862795,-0.89808908,0.83324998,-0.08141919,-0.12170849,0.20324144,0,0,0,0,0
18,3541,0.12652440,-0.92454515,0.79915975,-0.06906736,-0.12897388,0.19189112,0,0,0,0,0
19,3750,0.18776440,-0.94563315,0.76531413,-0.04818644,-0.13780631,0.19459912,0,0,0,0,0
20,3958,0.26361616,-0.95745317,0.71192584,-0.05388883,-0.15857395,0.19201488,0,0,0,0,0
21,4166,0.31146233,-0.97687117,0.66202372,-0.02581231,-0.17080218,0.17940044,0,0,0,0,0
22,4375,0.37156270,-0.98251500,0.61759117,-0.03392503,-0.15519929,0.16534849,0,0,0,0,0
23,4583,0.43160204,-0.99155519,0.55955725,-0.03190728,-0.17803625,0.16619595,0,0,0,0,0
24,4791,0.48545403,-0.99593690,0.51220865,-0.00793029,-0.17386195,0.16151013,0,0,0,0,0
25,5000,0.55069248,-1.00211356,0.44440421,0.00209964,-0.17665582,0.19280268,0,0,0,0,0
26,5208,0.60113220,-0.98132578,0.38630584,0.00337310,-0.17404073,0.18582253,0,0,0,0,0
27,5416,0.65577170,-0.97294210,0.32810193,0.01058653,-0.16143494,0.16385531,0,0,0,0,0
28,5625,0.69389044,-0.97002149,0.26155815,0.01650683,-0.17325565,0.15863148,0,0,0,0,0
29,5833,0.74364685,-0.94713316,0.20614415,0.04741722,-0.17322827,0.14305969,0,0,0,0,0
30,6041,0.79533882,-0.92179538,0.13167868,0.05070824,-0.20263753,0.13073462,0,0,0,0,0
31,6250,0.81902221,-0.89052511,0.07167919,0.07410381,-0.17743548,0.13679499,0,0,0,0,0
32,6458,0.86124872,-0.85789383,0.00428306,0.08301519,-0.17241660,0.11963253,0,0,0,0,0
33,6666,0.89482069,-0.84195203,-0.06707730,0.11038614,-0.17919284,0.09504931,0,0,0,0,0
34,6875,0.92139451,-0.80216474,-0.13609655,0.12274580,-0.19674048,0.07624260,0,0,0,0,0
35,7083,0.93932611,-0.76207817,-0.19179555,0.13965567,-0.17746056,0.07927484,0,0,0,0,0
36,7291,0.95406277,-0.72115344,-0.25128735,0.14246113,-0.19720857,0.05853990,0,0,0,0,0
37,7500,0.98642643,-0.66960792,-0.33164461,0.15356157,-0.19536387,0.04097851,0,0,0,0,0
38,7708,1.00118811,-0.61150957,-0.37981415,0.17274151,-0.19925381,0.00762482,0,0,0,0,0
39,7916,0.98871623,-0.56307262,-0.43211267,0.16515921,-0.19873462,-0.00020218,0,0,0,0,0
40,8125,0.99415040,-0.50687235,-0.50128555,0.16590396,-0.18324543,-0.00438526,0,0,0,0,0
41,8333,1.00608195,-0.44874532,-0.55433147,0.19955711,-0.16775020,-0.03858771,0,0,0,0,0
42,8541,0.99112659,-0.38775356,-0.61505053,0.19328220,-0.17009356,-0.01712558,0,0,0,0,0
43,8750,0.97891635,-0.33452333,-0.66111369,0.18555347,-0.15263646,-0.04936165,0,0,0,0,0
44,8958,0.96605885,-0.27511007,-0.71030770,0.19973526,-0.14488264,-0.07796622,0,0,0,0,0
45,9166,0.95570005,-0.20817952,-0.75441728,0.21327917,-0.13429077,-0.07145621,0,0,0,0,0
46,9375,0.92262312,-0.14194610,-0.79088121,0.21985818,-0.12880217,-0.07952566,0,0,0,0,0
47,9583,0.90087124,-0.07634203,-0.82937522,0.20777766,-0.12094799,-0.07641774,0,0,0,0,0
48,9791,0.86687236,-0.01437974,-0.87024366,0.21636656,-0.11922368,-0.10286451,0,0,0,0,0
49,10000,0.83684678,0.06536257,-0.89665504,0.22693844,-0.09211208,-0.12311333,0,0,0,0,0
50,10208,0.79818987,0.11869920,-0.92357616,0.20541709,-0.08172512,-0.11841848,0,0,0,0,0
51,10416,0.76410584,0.19248993,-0.94425117,0.21045536,-0.05452549,-0.12090115,0,0,0,0,0
52,10625,0.71419409,0.25568212,-0.96010830,0.19083019,-0.05093752,-0.13904950,0,0,0,0,0
53,10833,0.66910446,0.30941904,-0.97073794,0.19301898,-0.03761682,-0.13146192,0,0,0,0,0
54,11041,0.61349144,0.37163198,-0.97744019,0.19907190,-0.01771123,-0.14024959,0,0,0,0,0
55,11250,0.55793168,0.43346141,-0.98906498,0.18738721,-0.01250818,-0.15779888,0,0,0,0,0
56,11458,0.50651297,0.49005999,-0.99916284,0.16859954,0.01162749,-0.16045678,0,0,0,0,0
57,11666,0.44641518,0.55084729,-1.00044342,0.16029964,0.01870244,-0.17106340,0,0,0,0,0
58,11875,0.38894968,0.60758310,-0.99418145,0.13776394,0.03054696,-0.19190099,0,0,0,0,0
59,12083,0.32447099,0.65796298,-0.98905633,0.15611171,0.06513989,-0.18882420,0,0,0,0,0
60,12291,0.27088001,0.71009355,-0.96650226,0.13981147,0.05951168,-0.18129013,0,0,0,0,0
61,12500,0.19773098,0.75458993,-0.94509795,0.11867867,0.07196757,-0.21105256,0,0,0,0,0
62,12708,0.13845141,0.78393409,-0.93115806,0.10312410,0.08911273,-0.19429357,0,0,0,0,0
63,12916,0.06232909,0.82868978,-0.90109142,0.08727024,0.09034231,-0.19369393,0,0,0,0,0
64,13125,0.00229017,0.87622165,-0.87133280,0.07470323,0.10171584,-0.19183745,0,0,0,0,0
65,13333,-0.07011563,0.89148070,-0.83745599,0.08081259,0.10990514,-0.20914007,0,0,0,0,0
66,13541,-0.13233466,0.92277066,-0.79876197,0.06612745,0.13948749,-0.18469195,0,0,0,0,0
67,13750,-0.19850980,0.95883694,-0.75736291,0.03343682,0.14581643,-0.21518321,0,0,0,0,0
68,13958,-0.25965523,0.97403884,-0.70987538,0.07777388,0.13718126,-0.18920239,0,0,0,0,0
69,14166,-0.32110798,0.97417550,-0.67344940,0.05278015,0.15334335,-0.17852066,0,0,0,0,0
70,14375,-0.38545896,0.99070529,-0.60828956,0.02582749,0.16530690,-0.17925301,0,0,0,0,0
71,14583,-0.43418149,1.00121082,-0.56108714,0.01015411,0.15008786,-0.17491279,0,0,0,0,0
72,14791,-0.50168950,0.99556145,-0.50174630,0.00461275,0.17791162,-0.18387138,0,0,0,0,0
73,15000,-0.55697070,0.98668203,-0.45696227,-0.00168761,0.14987376,-0.16955292,0,0,0,0,0
74,15208,-0.59463889,0.98827464,-0.38085342,-0.00830245,0.18651069,-0.18465931,0,0,0,0,0
75,15416,-0.65141128,0.97349704,-0.33727784,-0.02578606,0.18648293,-0.17864837,0,0,0,0,0
76,15625,-0.70699545,0.95581310,-0.26677449,-0.02171470,0.18099285,-0.16379889,0,0,0,0,0
77,15833,-0.74427369,0.95363476,-0.19201946,-0.04257466,0.19975481,-0.13559718,0,0,0,0,0
78,16041,-0.78702837,0.91932583,-0.13441902,-0.06405026,0.19401507,-0.13378113,0,0,0,0,0
79,16250,-0.82992395,0.89253992,-0.06903047,-0.09378338,0.17701192,-0.11332453,0,0,0,0,0
80,16458,-0.85731544,0.86612342,-0.00094399,-0.09203906,0.18355436,-0.12043284,0,0,0,0,0
81,16666,-0.89592535,0.83696790,0.06520412,-0.11415858,0.17528629,-0.07637684,0,0,0,0,0
82,16875,-0.91152121,0.79461694,0.12821887,-0.12442632,0.19257074,-0.09289757,0,0,0,0,0
83,17083,-0.93889845,0.75399720,0.18714578,-0.10693028,0.19927728,-0.04835006,0,0,0,0,0
84,17291,-0.96682435,0.70609975,0.25393525,-0.14594765,0.19345525,-0.04664430,0,0,0,0,0
85,17500,-0.97475354,0.67166493,0.31230046,-0.14307538,0.17868460,-0.06098866,0,0,0,0,0
86,17708,-0.99329934,0.61447269,0.38020645,-0.15614542,0.19980294,-0.01488176,0,0,0,0,0
87,17916,-0.99798434,0.56617082,0.43758561,-0.16491505,0.18961704,-0.01329132,0,0,0,0,0
88,18125,-1.00372995,0.50498368,0.49974604,-0.17750207,0.19533247,0.01380942,0,0,0,0,0
89,18333,-0.99957144,0.45050190,0.55916047,-0.16269461,0.17742908,0.03235945,0,0,0,0,0
90,18541,-0.99354051,0.38169672,0.60162387,-0.21823744,0.16412250,0.03817895,0,0,0,0,0
91,18750,-0.98586830,0.33004161,0.65150091,-0.18406786,0.16771036,0.04348045,0,0,0,0,0
92,18958,-0.96783041,0.26982495,0.70122198,-0.20091402,0.15591559,0.05606979,0,0,0,0,0
93,19166,-0.95099221,0.19936448,0.75221476,-0.19165474,0.14586693,0.07291567,0,0,0,0,0
94,19375,-0.92220811,0.13213551,0.79093323,-0.21793139,0.13760027,0.09307623,0,0,0,0,0
95,19583,-0.91468789,0.06641966,0.82585253,-0.22105306,0.12114444,0.09512140,0,0,0,0,0
96,19791,-0.87725049,0.00852048,0.86176448,-0.22558737,0.10051962,0.09563175,0,0,0,0,0
97,20000,-0.83673662,-0.05813869,0.88577455,-0.21424354,0.08320663,0.10872998,0,0,0,0,0
98,20208,-0.80307581,-0.12094784,0.91539271,-0.21991260,0.07578020,0.12712969,0,0,0,0,0
99,20416,-0.76081331,-0.18411723,0.95044012,-0.21533234,0.06832102,0.12854756,0,0,0,0,0
100,20625,-0.71891618,-0.24754438,0.96743106,-0.20191331,0.04247983,0.13541954,0,0,0,0,0
101,20833,-0.65940337,-0.31552132,0.97473779,-0.20258262,0.04414860,0.15162257,0,0,0,0,0
102,21041,-0.61453683,-0.37592527,0.99147790,-0.18053144,0.02871947,0.16069073,0,0,0,0,0
103,21250,-0.55212810,-0.44045668,0.98530936,-0.15594265,-0.00272482,0.15650721,0,0,0,0,0
104,21458,-0.50755772,-0.49249899,0.99743410,-0.15462545,0.01764789,0.15213076,0,0,0,0,0
105,21666,-0.44644621,-0.55543915,0.98883123,-0.15977702,-0.01934662,0.16942674,0,0,0,0,0
106,21875,-0.39211583,-0.60406449,0.98460288,-0.14795706,-0.03933206,0.15387059,0,0,0,0,0
107,22083,-0.32432823,-0.65772106,0.97003767,-0.16154367,-0.05240662,0.17001688,0,0,0,0,0
108,22291,-0.26115903,-0.70517899,0.95782408,-0.13502163,-0.07448216,0.17725672,0,0,0,0,0
109,22500,-0.19282833,-0.75450136,0.95588466,-0.11731165,-0.06379642,0.18608244,0,0,0,0,0
110,22708,-0.13426814,-0.79498084,0.92600995,-0.10437599,-0.07851313,0.18960626,0,0,0,0,0
111,22916,-0.07018721,-0.83075629,0.91117659,-0.08910901,-0.09820447,0.19797047,0,0,0,0,0
112,23125,-0.00467452,-0.86657411,0.87192888,-0.09014782,-0.10727476,0.18006269,0,0,0,0,0
113,23333,0.06051717,-0.90017626,0.83926874,-0.06146434,-0.12669709,0.18011871,0,0,0,0,0
114,23541,0.13167704,-0.93114407,0.79045019,-0.07697249,-0.13003169,0.17880763,0,0,0,0,0
115,23750,0.18487696,-0.95705654,0.76358204,-0.05300018,-0.14378860,0.19848028,0,0,0,0,0
116,23958,0.25833051,-0.97847806,0.71907770,-0.02598369,-0.15083300,0.18632023,0,0,0,0,0
117,24166,0.31106682,-0.98377149,0.66545500,-0.03227070,-0.14134528,0.18382309,0,0,0,0,0
118,24375,0.38172423,-0.99360139,0.62184542,-0.03119287,-0.16970932,0.19448492,0,0,0,0,0
119,24583,0.44354396,-1.00479049,0.56634987,-0.03167505,-0.17759829,0.17445580,0,0,0,0,0
120,24791,0.48416673,-1.00060119,0.49939467,-0.00941394,-0.18265368,0.16700824,0,0,0,0,0
121,25000,0.55032466,-0.99451659,0.44830958,0.00812130,-0.16398620,0.17479680,0,0,0,0,0
122,25208,0.60080922,-0.98158990,0.39516514,-0.00625382,-0.18685995,0.17971127,0,0,0,0,0
123,25416,0.65282480,-0.97679123,0.33498903,0.01998553,-0.17336194,0.16986235,0,0,0,0,0
124,25625,0.69226354,-0.96603947,0.26596927,0.03140942,-0.17201147,0.15385700,0,0,0,0,0
125,25833,0.73993358,-0.93863037,0.20169591,0.05182115,-0.17502912,0.13820389,0,0,0,0,0
126,26041,0.79423095,-0.91489809,0.13922899,0.06133596,-0.17593374,0.13286874,0,0,0,0,0
127,26250,0.82624383,-0.89321048,0.07274494,0.08770517,-0.17693036,0.15508260,0,0,0,0,0
128,26458,0.85979590,-0.87532317,-0.00421883,0.11387036,-0.17935281,0.10367676,0,0,0,0,0
129,26666,0.90004529,-0.83025632,-0.06717911,0.08730441,-0.16775865,0.09986708,0,0,0,0,0
130,26875,0.92571318,-0.80022592,-0.12413637,0.12242662,-0.20031436,0.09144241,0,0,0,0,0
131,27083,0.94072442,-0.75769909,-0.18744728,0.12547595,-0.17744622,0.05768443,0,0,0,0,0
132,27291,0.97341349,-0.70954643,-0.25847617,0.15303308,-0.18928792,0.04729622,0,0,0,0,0
133,27500,0.98410862,-0.65937104,-0.31361998,0.14464552,-0.18590397,0.02159538,0,0,0,0,0
134,27708,0.99235896,-0.61985862,-0.37945715,0.15816363,-0.21001792,0.01109222,0,0,0,0,0
135,27916,0.99339912,-0.56042612,-0.44045114,0.17614034,-0.18961334,0.00758401,0,0,0,0,0
136,28125,1.00369326,-0.51567162,-0.49392071,0.15862305,-0.19178428,-0.01671307,0,0,0,0,0
137,28333,0.99750412,-0.44947319,-0.55430381,0.17263571,-0.18727272,-0.01785610,0,0,0,0,0
138,28541,0.99332640,-0.39536268,-0.60669604,0.18961402,-0.18059858,-0.04458505,0,0,0,0,0
139,28750,0.98682114,-0.32264798,-0.64952726,0.18537552,-0.17741316,-0.04823508,0,0,0,0,0
140,28958,0.97249777,-0.27382586,-0.70596755,0.18589861,-0.14799663,-0.05931666,0,0,0,0,0
141,29166,0.95437636,-0.19556923,-0.75119654,0.18870345,-0.12357957,-0.07009824,0,0,0,0,0
142,29375,0.92561769,-0.13815359,-0.79654834,0.21272880,-0.14066638,-0.07852565,0,0,0,0,0
143,29583,0.90962414,-0.07385153,-0.82884181,0.21666677,-0.12637688,-0.08553519,0,0,0,0,0
144,29791,0.86623623,-0.00246296,-0.85716193,0.19916084,-0.10824150,-0.10968568,0,0,0,0,0
145,30000,0.82649015,0.05808181,-0.88951628,0.21473611,-0.09954022,-0.10186540,0,0,0,0,0
146,30208,0.79141819,0.11770520,-0.92364812,0.19855988,-0.08443197,-0.09354551,0,0,0,0,0
147,30416,0.75745688,0.18974747,-0.93907149,0.21757225,-0.07394933,-0.14381809,0,0,0,0,0
148,30625,0.72699845,0.24750876,-0.95946366,0.19527201,-0.05763922,-0.14587608,0,0,0,0,0
149,30833,0.66882858,0.31688389,-0.97861906,0.20409038,-0.06194464,-0.15505869,0,0,0,0,0
150,31041,0.61902501,0.37901504,-0.99488240,0.19196044,-0.03786789,-0.16185399,0,0,0,0,0
151,31250,0.56602392,0.44024263,-0.99445524,0.19055044,-0.01342412,-0.17181643,0,0,0,0,0
152,31458,0.49761195,0.50024968,-0.99609081,0.18079622,0.01785755,-0.15469634,0,0,0,0,0
153,31666,0.44962342,0.55777827,-0.99510621,0.13853597,0.01061739,-0.18877107,0,0,0,0,0
154,31875,0.38711747,0.60602258,-0.98538706,0.14929577,0.04054479,-0.17002364,0,0,0,0,0
155,32083,0.32296730,0.65227402,-0.98218374,0.14559810,0.03466169,-0.17106977,0,0,0,0,0
156,32291,0.26129508,0.71227154,-0.96281118,0.12297804,0.06055278,-0.17810044,0,0,0,0,0
157,32500,0.19628085,0.74453082,-0.94588429,0.13241488,0.07741048,-0.18945787,0,0,0,0,0
158,32708,0.13245638,0.79557843,-0.92938391,0.09498453,0.09623524,-0.19436588,0,0,0,0,0
159,32916,0.05974919,0.84040955,-0.88902130,0.09358402,0.08926991,-0.18862137,0,0,0,0,0
160,33125,0.00219501,0.86881769,-0.86326377,0.08242825,0.12558321,-0.19986491,0,0,0,0,0
161,33333,-0.05808994,0.90260331,-0.84323244,0.05701825,0.11921490,-0.18945114,0,0,0,0,0
162,33541,-0.12943588,0.93375111,-0.79701033,0.07105651,0.13046214,-0.20254072,0,0,0,0,0
163,33750,-0.18687104,0.94569138,-0.76210566,0.07021577,0.13811752,-0.18450500,0,0,0,0,0
164,33958,-0.24864846,0.96530823,-0.71891537,0.04569626,0.15575173,-0.18488306,0,0,0,0,0
165,34166,-0.31529101,0.98375935,-0.66791680,0.03968046,0.15406086,-0.19527601,0,0,0,0,0
166,34375,-0.37431630,0.99590943,-0.62125371,0.01330023,0.15220232,-0.15848153,0,0,0,0,0
167,34583,-0.43612288,0.99323296,-0.56775350,0.01153235,0.16156670,-0.16503792,0,0,0,0,0
168,34791,-0.49021549,0.99812990,-0.50736821,0.02989727,0.18244727,-0.16446687,0,0,0,0,0
169,35000,-0.54737372,1.00384644,-0.45166677,0.01545909,0.16470682,-0.19331311,0,0,0,0,0
170,35208,-0.60799442,0.99173532,-0.38705809,-0.01253478,0.17467593,-0.15200048,0,0,0,0,0
171,35416,-0.65700122,0.97977741,-0.33496998,-0.02195100,0.19426081,-0.16350389,0,0,0,0,0
172,35625,-0.69422820,0.96488552,-0.27139056,-0.02781070,0.16736539,-0.15640711,0,0,0,0,0
173,35833,-0.75161796,0.94375565,-0.20284626,-0.03348257,0.18865469,-0.16907367,0,0,0,0,0
174,36041,-0.78931630,0.91737762,-0.13862657,-0.05359601,0.19054019,-0.14365637,0,0,0,0,0
175,36250,-0.83196747,0.89265173,-0.07385547,-0.08037773,0.18291867,-0.13968101,0,0,0,0,0
176,36458,-0.85082962,0.87134797,-0.01027847,-0.09213022,0.17177816,-0.12600091,0,0,0,0,0
177,36666,-0.88485246,0.83502346,0.06611329,-0.09641178,0.18934149,-0.09161772,0,0,0,0,0
178,36875,-0.91611384,0.79582539,0.12119277,-0.10356326,0.17288875,-0.08633622,0,0,0,0,0
179,37083,-0.94579211,0.75069971,0.18290741,-0.10831003,0.18103193,-0.07895646,0,0,0,0,0
180,37291,-0.96011175,0.71465435,0.25954754,-0.13316744,0.17394189,-0.04313772,0,0,0,0,0
181,37500,-0.97677399,0.66502400,0.31426587,-0.15258112,0.19917662,-0.02080497,0,0,0,0,0
182,37708,-0.99179677,0.61326825,0.36562345,-0.13369743,0.17688925,-0.02869242,0,0,0,0,0
183,37916,-0.99344682,0.56944165,0.43916956,-0.17300962,0.19428967,-0.00088380,0,0,0,0,0
184,38125,-1.00047775,0.50207941,0.50287150,-0.17070332,0.17309134,0.01198346,0,0,0,0,0
185,38333,-0.99364704,0.44376191,0.55692201,-0.15296778,0.17409157,0.01689800,0,0,0,0,0
186,38541,-0.98686310,0.39227806,0.60613876,-0.18658582,0.18088619,0.03669374,0,0,0,0,0
187,38750,-0.98369908,0.33097047,0.65782150,-0.20258131,0.16736243,0.04691570,0,0,0,0,0
188,38958,-0.97115223,0.26172282,0.69865022,-0.21345575,0.13558553,0.04241468,0,0,0,0,0
189,39166,-0.95605907,0.20781668,0.74538618,-0.19812942,0.15146524,0.07716103,0,0,0,0,0
190,39375,-0.92660252,0.14342511,0.78961106,-0.21188118,0.12729263,0.09023551,0,0,0,0,0
191,39583,-0.89944096,0.07670041,0.81683058,-0.21367396,0.12676548,0.09785532,0,0,0,0,0
192,39791,-0.86871357,0.01273980,0.86223853,-0.21699031,0.09503496,0.10177045,0,0,0,0,0
193,40000,-0.84069504,-0.06783507,0.89741307,-0.21136833,0.08418560,0.11080401,0,0,0,0,0
194,40208,-0.80437330,-0.13232804,0.91982256,-0.22271093,0.08589846,0.12341874,0,0,0,0,0
195,40416,-0.76633455,-0.18904904,0.94872037,-0.21507657,0.06069791,0.13826186,0,0,0,0,0
196,40625,-0.71535779,-0.25514387,0.96080076,-0.22241196,0.05326732,0.13495743,0,0,0,0,0
197,40833,-0.66412415,-0.30760953,0.97204286,-0.20849061,0.02902121,0.15588743,0,0,0,0,0
198,41041,-0.62763462,-0.37230420,0.98225182,-0.17424740,0.03006235,0.15272512,0,0,0,0,0
199,41250,-0.56772141,-0.43192879,0.98691462,-0.17583531,-0.00540643,0.16571797,0,0,0,0,0
200,41458,-0.50376730,-0.50426628,0.99515810,-0.14483481,0.00584034,0.15151892,0,0,0,0,0
201,41666,-0.44358776,-0.55120313,0.99143496,-0.16791732,-0.01218295,0.17705462,0,0,0,0,0
202,41875,-0.39114010,-0.60831875,0.99148328,-0.14904093,-0.02716002,0.18434334,0,0,0,0,0
203,42083,-0.32041086,-0.65605766,0.98327571,-0.13760590,-0.03913626,0.17902732,0,0,0,0,0
204,42291,-0.25417187,-0.70384414,0.96212160,-0.14218369,-0.05776425,0.18048956,0,0,0,0,0
205,42500,-0.19228009,-0.75376820,0.95211870,-0.13517943,-0.06902482,0.18960876,0,0,0,0,0
206,42708,-0.13113420,-0.79374470,0.92520225,-0.10927774,-0.08608998,0.20218820,0,0,0,0,0
207,42916,-0.06879234,-0.83512629,0.89959511,-0.09258268,-0.10303886,0.18940125,0,0,0,0,0
208,43125,-0.00841431,-0.86786267,0.87113443,-0.08977080,-0.10069493,0.19088391,0,0,0,0,0
209,43333,0.05878729,-0.89641621,0.84804629,-0.07992040,-0.12801759,0.19567220,0,0,0,0,0
210,43541,0.12552392,-0.92568180,0.79902421,-0.05612838,-0.13281110,0.19067225,0,0,0,0,0
211,43750,0.19589451,-0.94912080,0.75767139,-0.04994313,-0.13489772,0.18222473,0,0,0,0,0
212,43958,0.24779623,-0.96536690,0.71549677,-0.06260816,-0.14233917,0.19578437,0,0,0,0,0
213,44166,0.32233849,-0.98510875,0.66908006,-0.03304317,-0.15865843,0.19229545,0,0,0,0,0
214,44375,0.37651347,-0.98804647,0.62370232,-0.00834452,-0.14444918,0.18686020,0,0,0,0,0
215,44583,0.44192169,-0.99058274,0.56796542,-0.00874772,-0.17975740,0.16349575,0,0,0,0,0
216,44791,0.49423142,-1.00219417,0.50297630,-0.01161234,-0.16310667,0.16908154,0,0,0,0,0
217,45000,0.55055058,-0.99257820,0.45483934,-0.00472701,-0.18124207,0.18769239,0,0,0,0,0
218,45208,0.60129341,-0.98656528,0.39343755,0.01696318,-0.18519115,0.19129902,0,0,0,0,0
219,45416,0.65143412,-0.97736425,0.33036589,0.03748856,-0.16044197,0.15570985,0,0,0,0,0
220,45625,0.70537228,-0.96243206,0.27102036,0.03790524,-0.18545438,0.18148648,0,0,0,0,0
221,45833,0.74350377,-0.94896986,0.18710712,0.04528647,-0.15735140,0.15745820,0,0,0,0,0
222,46041,0.77777481,-0.92375214,0.14776669,0.07411268,-0.17156786,0.14698636,0,0,0,0,0
223,46250,0.82278945,-0.89229599,0.07192089,0.08631654,-0.17973755,0.12151454,0,0,0,0,0
224,46458,0.86574293,-0.87158092,0.01014841,0.09271997,-0.19050981,0.12131867,0,0,0,0,0
225,46666,0.89457992,-0.82614539,-0.05551713,0.09163925,-0.17316879,0.09113461,0,0,0,0,0
226,46875,0.92012558,-0.78623013,-0.12574963,0.11596877,-0.20012190,0.08320851,0,0,0,0,0
227,47083,0.94675507,-0.75418088,-0.19162429,0.12075253,-0.17686010,0.06765182,0,0,0,0,0
228,47291,0.95827464,-0.71194245,-0.25551783,0.13945684,-0.17785444,0.06452546,0,0,0,0,0
229,47500,0.97599996,-0.66346792,-0.30921939,0.15384318,-0.19071731,0.03300252,0,0,0,0,0
230,47708,0.97960882,-0.61159856,-0.38382464,0.15244258,-0.20764668,0.01946019,0,0,0,0,0
231,47916,0.99286436,-0.56358381,-0.44178679,0.15890552,-0.18143942,0.00686627,0,0,0,0,0
232,48125,0.98878215,-0.50794821,-0.48837456,0.17600434,-0.18262688,-0.00630020,0,0,0,0,0
233,48333,1.00666660,-0.44635554,-0.56052447,0.18841215,-0.18324534,-0.02204397,0,0,0,0,0
234,48541,0.99941447,-0.39804745,-0.60805250,0.17602503,-0.18198462,-0.04274148,0,0,0,0,0
235,48750,0.98113782,-0.33807807,-0.66757441,0.19149664,-0.19223672,-0.04659870,0,0,0,0,0
236,48958,0.96937423,-0.27154505,-0.70457842,0.20034455,-0.16298744,-0.06297883,0,0,0,0,0
237,49166,0.95353575,-0.20696901,-0.75636524,0.19491461,-0.13737450,-0.08376371,0,0,0,0,0
238,49375,0.92439109,-0.14211466,-0.78935100,0.19488690,-0.13017181,-0.08220246,0,0,0,0,0
239,49583,0.90112888,-0.08379898,-0.82512906,0.22731333,-0.12730804,-0.10722370,0,0,0,0,0
240,49791,0.87752174,-0.01441815,-0.86195948,0.21693375,-0.10641266,-0.11852376,0,0,0,0,0
241,50000,0.83802362,0.05086483,-0.89077284,0.21884090,-0.08193042,-0.11254631,0,0,0,0,0
242,50208,0.79690598,0.13288916,-0.91250154,0.21060260,-0.08038161,-0.11357546,0,0,0,0,0
243,50416,0.76647808,0.18691421,-0.94684641,0.18987853,-0.05848130,-0.13341091,0,0,0,0,0
244,50625,0.71317182,0.24973290,-0.96581829,0.21255391,-0.05570985,-0.13643423,0,0,0,0,0
245,50833,0.67057030,0.32200966,-0.97941451,0.17985165,-0.05152894,-0.14656757,0,0,0,0,0
246,51041,0.61744685,0.37435669,-0.97838503,0.18278966,-0.02411289,-0.15137338,0,0,0,0,0
247,51250,0.56589609,0.43793995,-0.98960433,0.18566943,0.00805078,-0.15775758,0,0,0,0,0
248,51458,0.50253397,0.49281496,-1.00062893,0.15856395,0.00128193,-0.15630354,0,0,0,0,0
249,51666,0.44205584,0.55238734,-0.98624316,0.16129962,0.02362774,-0.16804206,0,0,0,0,0
250,51875,0.39387214,0.61083962,-0.99050746,0.15338685,0.03345009,-0.16864219,0,0,0,0,0
251,52083,0.32368449,0.65327702,-0.97516542,0.14531047,0.04482133,-0.17806020,0,0,0,0,0
252,52291,0.26794296,0.71220286,-0.95271873,0.13515114,0.05461367,-0.19126588,0,0,0,0,0
253,52500,0.19901732,0.75804323,-0.95299008,0.12497200,0.06544891,-0.19772246,0,0,0,0,0
254,52708,0.13063437,0.78845121,-0.93119700,0.10599104,0.08133608,-0.18187688,0,0,0,0,0
255,52916,0.06944699,0.83465587,-0.89143564,0.08397301,0.11295713,-0.19286150,0,0,0,0,0
256,53125,0.00027425,0.86743766,-0.87113076,0.09313028,0.10475220,-0.18992047,0,0,0,0,0
257,53333,-0.05483359,0.89955670,-0.84562267,0.06150140,0.12478648,-0.19700830,0,0,0,0,0
258,53541,-0.13268600,0.92164587,-0.79947608,0.05931498,0.11908355,-0.19933110,0,0,0,0,0
259,53750,-0.18573788,0.95216998,-0.75464612,0.05150051,0.14155223,-0.18885738,0,0,0,0,0
260,53958,-0.25679624,0.97383138,-0.71556831,0.04435042,0.16512398,-0.18753180,0,0,0,0,0
261,54166,-0.30974724,0.98135908,-0.67128782,0.03358356,0.15666567,-0.18474708,0,0,0,0,0
262,54375,-0.37781166,0.99407240,-0.62021141,0.02874431,0.15545072,-0.17097400,0,0,0,0,0
263,54583,-0.43761117,0.99621235,-0.56381815,0.02062540,0.16105156,-0.19523538,0,0,0,0,0
264,54791,-0.49002466,0.99925142,-0.52140183,-0.00230854,0.17591234,-0.17588046,0,0,0,0,0
265,55000,-0.54793482,0.99220275,-0.45615575,-0.01226283,0.16316160,-0.15460386,0,0,0,0,0
266,55208,-0.60786948,0.98924547,-0.39370304,-0.01756050,0.16162850,-0.17284956,0,0,0,0,0
267,55416,-0.64828067,0.98212496,-0.33171328,-0.03036560,0.18597815,-0.17348804,0,0,0,0,0
268,55625,-0.69525449,0.95874471,-0.26596561,-0.05356737,0.17678993,-0.15016730,0,0,0,0,0
269,55833,-0.74504269,0.94174899,-0.20263565,-0.05091341,0.17625858,-0.15460723,0,0,0,0,0
270,56041,-0.78628863,0.92571094,-0.13611470,-0.07537043,0.18357895,-0.14538691,0,0,0,0,0
271,56250,-0.82631869,0.89248601,-0.06129214,-0.06545732,0.18295328,-0.11830296,0,0,0,0,0
272,56458,-0.85944305,0.86842325,-0.00450776,-0.10150293,0.19329899,-0.12202017,0,0,0,0,0
273,56666,-0.88939190,0.83326930,0.05870193,-0.10013869,0.16620083,-0.09576161,0,0,0,0,0
274,56875,-0.92338892,0.79349744,0.11993849,-0.12007615,0.18186584,-0.08095640,0,0,0,0,0
275,57083,-0.93930005,0.74953257,0.18924064,-0.13958138,0.19761157,-0.07181719,0,0,0,0,0
276,57291,-0.95704730,0.72318336,0.25486746,-0.12200947,0.20524924,-0.06281196,0,0,0,0,0
277,57500,-0.97328484,0.65958183,0.32304271,-0.14814978,0.20182035,-0.03045827,0,0,0,0,0
278,57708,-0.98261083,0.61845073,0.37736814,-0.14676911,0.20699895,-0.00450876,0,0,0,0,0
279,57916,-0.99881081,0.56586193,0.44089411,-0.16931250,0.18163219,-0.01390650,0,0,0,0,0
280,58125,-1.00640753,0.51110156,0.49279993,-0.17456613,0.18833915,0.00610784,0,0,0,0,0
281,58333,-1.00571501,0.45229964,0.54976632,-0.16470807,0.19180945,0.01331015,0,0,0,0,0
282,58541,-1.00136424,0.38944735,0.60489892,-0.19655665,0.16145050,0.05559455,0,0,0,0,0
283,58750,-0.99476111,0.33586995,0.65490110,-0.16935283,0.17038836,0.04332699,0,0,0,0,0
284,58958,-0.96921648,0.26166188,0.70815612,-0.20135406,0.16424552,0.05454765,0,0,0,0,0
285,59166,-0.94318664,0.19865187,0.74709417,-0.19913178,0.14536597,0.07625098,0,0,0,0,0
286,59375,-0.92944584,0.13158968,0.78055746,-0.20102145,0.13189717,0.08237901,0,0,0,0,0
287,59583,-0.91011004,0.06074899,0.81730190,-0.19433637,0.10933062,0.09196784,0,0,0,0,0
288,59791,-0.86927560,0.00561556,0.86201477,-0.20571173,0.11292603,0.09506490,0,0,0,0,0
289,60000,-0.83574907,-0.05871648,0.90244110,-0.20440810,0.09768186,0.12307819,0,0,0,0,0
290,60208,-0.80402503,-0.12197752,0.92852950,-0.22097251,0.07716549,0.10322749,0,0,0,0,0
291,60416,-0.75727813,-0.18758676,0.94654836,-0.20581359,0.06913771,0.15367803,0,0,0,0,0
292,60625,-0.71293816,-0.26247143,0.95906639,-0.19120454,0.05474854,0.16648320,0,0,0,0,0
293,60833,-0.66417795,-0.32122010,0.98119292,-0.19777752,0.04486739,0.15576441,0,0,0,0,0
294,61041,-0.61673271,-0.37097509,0.98875768,-0.21484086,0.03548817,0.15200546,0,0,0,0,0
295,61250,-0.56759850,-0.44151930,0.98742705,-0.17768042,0.00037345,0.14783355,0,0,0,0,0
296,61458,-0.51589163,-0.49466586,0.99815988,-0.16413400,-0.01479083,0.16466386,0,0,0,0,0
297,61666,-0.45468120,-0.54475392,0.98899470,-0.17249568,-0.01746582,0.17536743,0,0,0,0,0
298,61875,-0.38303099,-0.60616545,0.98338328,-0.15452817,-0.04401534,0.17639008,0,0,0,0,0
299,62083,-0.32179905,-0.65677825,0.97424344,-0.12019932,-0.04095155,0.17692833,0,0,0,0,0
300,62291,-0.25939598,-0.70577132,0.96557906,-0.14264273,-0.05369259,0.18270250,0,0,0,0,0
301,62500,-0.19055883,-0.74621726,0.94850270,-0.14054717,-0.08129770,0.18944123,0,0,0,0,0
302,62708,-0.12422596,-0.78841139,0.92861957,-0.10828016,-0.09462811,0.19657212,0,0,0,0,0
303,62916,-0.06751239,-0.82829069,0.90146477,-0.08633087,-0.08100288,0.19193304,0,0,0,0,0
304,63125,0.00317410,-0.87921723,0.87333457,-0.09897867,-0.11170298,0.18093871,0,0,0,0,0
305,63333,0.06060606,-0.90479470,0.84401175,-0.08202828,-0.13815222,0.20488287,0,0,0,0,0
306,63541,0.12146332,-0.92416348,0.80708918,-0.06517183,-0.12430937,0.19799933,0,0,0,0,0
307,63750,0.18856732,-0.94389656,0.76336399,-0.05447820,-0.13974577,0.18530293,0,0,0,0,0
308,63958,0.26097758,-0.96300262,0.71058908,-0.05085806,-0.14289331,0.18156386,0,0,0,0,0
309,64166,0.32223693,-0.97332971,0.67058568,-0.05450395,-0.15371359,0.17287260,0,0,0,0,0
310,64375,0.38042664,-0.99304894,0.62607475,-0.02073672,-0.17989288,0.17563480,0,0,0,0,0
311,64583,0.43078488,-0.99392265,0.56229230,-0.00544583,-0.17470172,0.17015241,0,0,0,0,0
312,64791,0.49602001,-1.00545471,0.50641771,-0.00189553,-0.19527509,0.18074468,0,0,0,0,0
313,65000,0.55434745,-0.99675392,0.45608951,-0.00583543,-0.17643849,0.16468922,0,0,0,0,0
314,65208,0.60269927,-0.99395664,0.39803792,0.01130872,-0.18656766,0.17951407,0,0,0,0,0
315,65416,0.65922138,-0.96972123,0.33364126,0.02875663,-0.17104653,0.17360847,0,0,0,0,0
316,65625,0.70209278,-0.95313188,0.26388536,0.03657565,-0.18279057,0.15873537,0,0,0,0,0
317,65833,0.75071622,-0.93569668,0.20731476,0.05469604,-0.18075519,0.15915712,0,0,0,0,0
318,66041,0.79045351,-0.92601262,0.13313964,0.06805317,-0.17112021,0.13827828,0,0,0,0,0
319,66250,0.82645415,-0.89553356,0.06453174,0.08534534,-0.19504852,0.12590307,0,0,0,0,0
320,66458,0.86635331,-0.86087195,0.01672457,0.08804444,-0.18853892,0.11324778,0,0,0,0,0
321,66666,0.89498135,-0.83503256,-0.05436331,0.11714699,-0.18483911,0.10606113,0,0,0,0,0
322,66875,0.91983845,-0.79757790,-0.12864774,0.11725904,-0.19351095,0.08548986,0,0,0,0,0
323,67083,0.95091780,-0.75199190,-0.19093594,0.11652305,-0.20188112,0.07851480,0,0,0,0,0
324,67291,0.96500478,-0.71491824,-0.25782207,0.11458977,-0.19255060,0.05239553,0,0,0,0,0
325,67500,0.98219831,-0.65943208,-0.32657894,0.15364743,-0.19035124,0.03535663,0,0,0,0,0
326,67708,0.98556609,-0.62047641,-0.37253497,0.13525970,-0.19868704,0.02547938,0,0,0,0,0
327,67916,0.99983289,-0.56485448,-0.44253069,0.15761625,-0.19026300,-0.00020769,0,0,0,0,0
328,68125,0.99747478,-0.50996495,-0.50371312,0.20763859,-0.17464750,-0.02891084,0,0,0,0,0
329,68333,0.99493057,-0.45556713,-0.56206298,0.16746593,-0.17706486,-0.03241682,0,0,0,0,0
330,68541,0.99423579,-0.39241096,-0.60710266,0.19872503,-0.18219968,-0.02266724,0,0,0,0,0
331,68750,0.98717387,-0.33559574,-0.65282291,0.17899485,-0.16011356,-0.04696489,0,0,0,0,0
332,68958,0.96869546,-0.26953812,-0.70318028,0.18233136,-0.16357262,-0.05242335,0,0,0,0,0
333,69166,0.96263794,-0.19734412,-0.75613424,0.20494912,-0.15552438,-0.07090678,0,0,0,0,0
334,69375,0.92092068,-0.13788896,-0.79088134,0.22310856,-0.15727393,-0.09314231,0,0,0,0,0
335,69583,0.89245302,-0.07848798,-0.82984864,0.20429063,-0.12367442,-0.08877430,0,0,0,0,0
336,69791,0.86943970,-0.00945264,-0.86433743,0.20081946,-0.10162165,-0.10720810,0,0,0,0,0
337,70000,0.83606560,0.04717844,-0.89352567,0.21166106,-0.10887161,-0.11577881,0,0,0,0,0
338,70208,0.81184164,0.12895505,-0.91562903,0.21959714,-0.09068979,-0.13232592,0,0,0,0,0
339,70416,0.76471389,0.19557053,-0.94162153,0.21673538,-0.06697581,-0.13683447,0,0,0,0,0
340,70625,0.71230108,0.24796462,-0.96040268,0.21593764,-0.04996086,-0.15329055,0,0,0,0,0
341,70833,0.66787203,0.32432521,-0.97069059,0.19849026,-0.04331681,-0.13314433,0,0,0,0,0
342,71041,0.61276831,0.38042418,-0.98662542,0.18718834,-0.02661580,-0.15647704,0,0,0,0,0
343,71250,0.56396418,0.44103505,-0.99511228,0.18839369,-0.00648788,-0.16060928,0,0,0,0,0
344,71458,0.51642562,0.49021326,-0.99768931,0.17632796,-0.00464088,-0.15992397,0,0,0,0,0
345,71666,0.44569961,0.55923560,-0.99800953,0.17386131,0.00380571,-0.16415596,0,0,0,0,0
346,71875,0.39535995,0.60793471,-0.99048983,0.15325716,0.03655986,-0.18240781,0,0,0,0,0
347,72083,0.32455275,0.65734231,-0.97550731,0.13017825,0.04159261,-0.18714937,0,0,0,0,0
348,72291,0.26552403,0.71076649,-0.96685694,0.13084353,0.04997385,-0.19562293,0,0,0,0,0
349,72500,0.19356445,0.74495823,-0.94939689,0.12265743,0.07261770,-0.17682846,0,0,0,0,0
350,72708,0.13183800,0.78497256,-0.92275385,0.09787712,0.07948329,-0.18359132,0,0,0,0,0
351,72916,0.06508500,0.83382569,-0.90080014,0.10471574,0.09229274,-0.17701389,0,0,0,0,0
352,73125,0.00327546,0.87093060,-0.86260085,0.08733523,0.11560079,-0.19234488,0,0,0,0,0
353,73333,-0.06352471,0.89772824,-0.83265671,0.07945581,0.14383391,-0.19195262,0,0,0,0,0
354,73541,-0.12632662,0.92219360,-0.79453496,0.05661143,0.13327766,-0.19532139,0,0,0,0,0
355,73750,-0.17506543,0.94342087,-0.77121561,0.05242408,0.12432088,-0.20507218,0,0,0,0,0
356,73958,-0.24700925,0.96098318,-0.71091983,0.05441229,0.13050013,-0.19727698,0,0,0,0,0
357,74166,-0.31967271,0.98337221,-0.67401270,0.03413311,0.16557637,-0.18628760,0,0,0,0,0
358,74375,-0.37973478,0.98904883,-0.61891068,0.03718450,0.18244792,-0.18625643,0,0,0,0,0
359,74583,-0.43232935,0.99892658,-0.57402234,0.02436620,0.17132448,-0.17894504,0,0,0,0,0
360,74791,-0.49333467,0.99198635,-0.50586019,0.01904161,0.17319232,-0.18639670,0,0,0,0,0
361,75000,-0.54581441,0.98574385,-0.45243466,-0.00228227,0.17625500,-0.16900261,0,0,0,0,0
362,75208,-0.60355622,0.99278596,-0.38462276,0.00972751,0.18268789,-0.17874895,0,0,0,0,0
363,75416,-0.65337996,0.97074709,-0.34189572,-0.02942599,0.16989010,-0.16847476,0,0,0,0,0
364,75625,-0.70624074,0.95704006,-0.27264595,-0.03850223,0.17504941,-0.14828694,0,0,0,0,0
365,75833,-0.75265778,0.93419299,-0.19304621,-0.05095360,0.16220314,-0.13629787,0,0,0,0,0
366,76041,-0.79793401,0.92469533,-0.13127592,-0.07079762,0.17326964,-0.12649133,0,0,0,0,0
367,76250,-0.81623167,0.89943508,-0.06943872,-0.09213908,0.17741283,-0.12504379,0,0,0,0,0
368,76458,-0.86296423,0.86819607,-0.00644454,-0.10518734,0.17846282,-0.10480850,0,0,0,0,0
369,76666,-0.89134376,0.83894676,0.06732793,-0.11187950,0.17969717,-0.12017498,0,0,0,0,0
370,76875,-0.91624817,0.79977695,0.13043412,-0.10462466,0.18869687,-0.08690763,0,0,0,0,0
371,77083,-0.94711181,0.75263535,0.18864291,-0.13319385,0.20123324,-0.06552235,0,0,0,0,0
372,77291,-0.96443917,0.71249076,0.24844560,-0.12852689,0.20050361,-0.06680187,0,0,0,0,0
373,77500,-0.97895820,0.66305623,0.31295620,-0.13682886,0.17087645,-0.03311155,0,0,0,0,0
374,77708,-0.99096440,0.62037378,0.37915275,-0.16027812,0.20548923,-0.02550348,0,0,0,0,0
375,77916,-0.99593875,0.56216032,0.43810842,-0.16898388,0.19609843,0.00330130,0,0,0,0,0
376,78125,-1.00307183,0.50338949,0.49996160,-0.17002786,0.16781624,0.00712942,0,0,0,0,0
377,78333,-0.99400316,0.45342170,0.55122300,-0.15920889,0.17493647,0.02564753,0,0,0,0,0
378,78541,-0.99395817,0.38705715,0.59857659,-0.17714504,0.17077044,0.03970552,0,0,0,0,0
379,78750,-0.98864966,0.33212003,0.66092855,-0.18079446,0.16016283,0.05416871,0,0,0,0,0
380,78958,-0.96534957,0.26656225,0.69912640,-0.18806462,0.15346124,0.04909973,0,0,0,0,0
381,79166,-0.95090193,0.20882036,0.74990562,-0.19137743,0.16193230,0.07085984,0,0,0,0,0
382,79375,-0.92963307,0.14052880,0.79702093,-0.19639547,0.15179750,0.08557728,0,0,0,0,0
383,79583,-0.90807219,0.06781247,0.83295888,-0.22735040,0.13864529,0.08303169,0,0,0,0,0
384,79791,-0.87018793,0.00615655,0.86917496,-0.21034860,0.11154705,0.11106207,0,0,0,0,0
385,80000,-0.83255538,-0.06397327,0.89409878,-0.21892193,0.11007843,0.11334533,0,0,0,0,0
386,80208,-0.79733993,-0.11909445,0.92462533,-0.19763377,0.07867484,0.13049375,0,0,0,0,0
387,80416,-0.76734873,-0.18858696,0.93452887,-0.20500429,0.07871212,0.11624089,0,0,0,0,0
388,80625,-0.71262719,-0.25449586,0.96657372,-0.20271323,0.02067227,0.12668074,0,0,0,0,0
389,80833,-0.67028600,-0.31641544,0.97221602,-0.19245015,0.02990764,0.14084155,0,0,0,0,0
390,81041,-0.61476734,-0.38136207,0.99695120,-0.19772251,0.02820847,0.14480530,0,0,0,0,0
391,81250,-0.55755530,-0.44649993,0.99433373,-0.19311136,0.00906595,0.15605151,0,0,0,0,0
392,81458,-0.50429729,-0.50132479,1.00797054,-0.14594328,0.00911484,0.16930521,0,0,0,0,0
393,81666,-0.44937705,-0.55517904,0.99071707,-0.17514808,-0.01269446,0.19224313,0,0,0,0,0
394,81875,-0.38842684,-0.60950392,0.99283505,-0.14580816,-0.03961542,0.17247662,0,0,0,0,0
395,82083,-0.32948409,-0.65296884,0.97721799,-0.14242972,-0.04727123,0.18673236,0,0,0,0,0
396,82291,-0.25987289,-0.70093527,0.96517015,-0.12753082,-0.06779691,0.18296710,0,0,0,0,0
397,82500,-0.19043643,-0.75271773,0.93835858,-0.10698220,-0.06473098,0.18670256,0,0,0,0,0
398,82708,-0.13468089,-0.78832010,0.93255094,-0.09972563,-0.09011244,0.19594272,0,0,0,0,0
399,82916,-0.07184741,-0.83051885,0.90260779,-0.09442178,-0.08630598,0.19152570,0,0,0,0,0
400,83125,-0.00797093,-0.87212948,0.87069405,-0.07365584,-0.09361722,0.19700816,0,0,0,0,0
401,83333,0.07137206,-0.89812230,0.84558389,-0.07678897,-0.12582716,0.17527691,0,0,0,0,0
402,83541,0.13084723,-0.93290223,0.80125667,-0.05080627,-0.11660064,0.20205305,0,0,0,0,0
403,83750,0.18636869,-0.94482073,0.76392166,-0.05631653,-0.11685715,0.18654651,0,0,0,0,0
404,83958,0.24707295,-0.96463843,0.72091097,-0.05406922,-0.14289776,0.18968719,0,0,0,0,0
405,84166,0.31537986,-0.97319078,0.67072659,-0.04247860,-0.17586736,0.19051725,0,0,0,0,0
406,84375,0.38412320,-0.99312628,0.61864730,-0.01925199,-0.15085697,0.19805487,0,0,0,0,0
407,84583,0.43889923,-1.00136968,0.55680780,-0.03366684,-0.17054162,0.17019836,0,0,0,0,0
408,84791,0.50120743,-0.99170355,0.50603159,-0.01728286,-0.19407097,0.17069847,0,0,0,0,0
409,85000,0.55077160,-0.99262336,0.45066075,-0.00945978,-0.15730176,0.18600341,0,0,0,0,0
410,85208,0.60024806,-0.98560926,0.39037522,-0.00380833,-0.19242188,0.15446070,0,0,0,0,0
411,85416,0.64854977,-0.97116214,0.32339037,0.00203661,-0.18868333,0.17623349,0,0,0,0,0
412,85625,0.70898744,-0.96965985,0.26501698,0.04460759,-0.17920920,0.15674070,0,0,0,0,0
413,85833,0.74574382,-0.94774209,0.20610248,0.04603271,-0.17079806,0.14348710,0,0,0,0,0
414,86041,0.78021726,-0.92307646,0.12823496,0.06802447,-0.20145063,0.14293834,0,0,0,0,0
415,86250,0.82555024,-0.89504203,0.06260124,0.06757246,-0.16716173,0.14033774,0,0,0,0,0
416,86458,0.86122682,-0.87630935,0.00428631,0.10080193,-0.17987815,0.10743558,0,0,0,0,0
417,86666,0.89783729,-0.83759331,-0.05524375,0.10225469,-0.17160337,0.08795275,0,0,0,0,0
418,86875,0.91784167,-0.79122364,-0.12584810,0.10768688,-0.19214090,0.08428761,0,0,0,0,0
419,87083,0.93879560,-0.75392707,-0.19380426,0.12412644,-0.18313206,0.06148032,0,0,0,0,0
420,87291,0.96406081,-0.72115879,-0.25437080,0.13730324,-0.20434194,0.05834256,0,0,0,0,0
421,87500,0.98006601,-0.67327908,-0.31149387,0.14117999,-0.18284476,0.02639604,0,0,0,0,0
422,87708,0.98162806,-0.60716373,-0.38353493,0.17991898,-0.19883679,-0.00257063,0,0,0,0,0
423,87916,0.99568967,-0.56408095,-0.44910590,0.16063804,-0.18339293,-0.00567333,0,0,0,0,0
424,88125,0.98780455,-0.52090420,-0.49619659,0.15623170,-0.17747896,-0.01170007,0,0,0,0,0
425,88333,1.00744161,-0.45240097,-0.55308994,0.17615928,-0.17892818,-0.03313310,0,0,0,0,0
426,88541,0.99676292,-0.38528503,-0.61417762,0.18000674,-0.17612084,-0.02750329,0,0,0,0,0
427,88750,0.99358911,-0.32726364,-0.65745414,0.18724106,-0.19128400,-0.04874556,0,0,0,0,0
428,88958,0.97093565,-0.27257619,-0.70143676,0.19921166,-0.15187174,-0.03917199,0,0,0,0,0
429,89166,0.95014086,-0.21298173,-0.74743008,0.21276052,-0.15266650,-0.07954520,0,0,0,0,0
430,89375,0.92993498,-0.14398937,-0.78981902,0.20411036,-0.13403921,-0.08819639,0,0,0,0,0
431,89583,0.90080235,-0.08013141,-0.83148740,0.20288889,-0.11568652,-0.09015940,0,0,0,0,0
432,89791,0.87933088,-0.00060284,-0.86068787,0.21638973,-0.10477943,-0.10143220,0,0,0,0,0
433,90000,0.84592682,0.05317262,-0.89856279,0.21173895,-0.08655749,-0.12964722,0,0,0,0,0
434,90208,0.79727057,0.12876780,-0.91453681,0.21243462,-0.07320065,-0.12445445,0,0,0,0,0
435,90416,0.75998282,0.18343344,-0.93866100,0.18762715,-0.07506091,-0.11674569,0,0,0,0,0
436,90625,0.70142422,0.24841110,-0.96454163,0.19359587,-0.05863680,-0.15085544,0,0,0,0,0
437,90833,0.66828011,0.31623417,-0.97791118,0.19650851,-0.02140405,-0.13486375,0,0,0,0,0
438,91041,0.62367488,0.38066096,-0.98255509,0.17494627,-0.00657452,-0.15609316,0,0,0,0,0
439,91250,0.56205084,0.43630326,-0.99359416,0.18232476,0.00105365,-0.17482481,0,0,0,0,0
440,91458,0.50937454,0.49661547,-0.99600547,0.17299023,-0.00077555,-0.16426918,0,0,0,0,0
441,91666,0.44529376,0.55521905,-0.99217022,0.14732583,0.01853282,-0.17703262,0,0,0,0,0
442,91875,0.38281722,0.60912802,-0.98887476,0.16471204,0.04031479,-0.17828945,0,0,0,0,0
443,92083,0.32408479,0.66947657,-0.97361504,0.14028096,0.04891584,-0.17898760,0,0,0,0,0
444,92291,0.25349618,0.71152009,-0.96114554,0.12347441,0.07377357,-0.17442556,0,0,0,0,0
445,92500,0.20415112,0.76125428,-0.94482088,0.12690121,0.06618333,-0.19566173,0,0,0,0,0
446,92708,0.13013058,0.78793242,-0.92758402,0.09973324,0.07783936,-0.18173808,0,0,0,0,0
447,92916,0.06444897,0.83332283,-0.90257618,0.07506573,0.09681554,-0.18199492,0,0,0,0,0
448,93125,0.00788380,0.86613381,-0.86954562,0.07573460,0.12339289,-0.19304885,0,0,0,0,0
449,93333,-0.06876443,0.89310935,-0.83409467,0.06936606,0.12923351,-0.18447820,0,0,0,0,0
450,93541,-0.13112872,0.92617128,-0.80398575,0.04119622,0.12086688,-0.21091524,0,0,0,0,0
451,93750,-0.18859642,0.94447810,-0.75345391,0.07152372,0.13299307,-0.20228683,0,0,0,0,0
452,93958,-0.25883363,0.96949726,-0.72418075,0.05966392,0.14291623,-0.17460723,0,0,0,0,0
453,94166,-0.32259506,0.97414126,-0.66860212,0.04123968,0.15943891,-0.18914546,0,0,0,0,0
454,94375,-0.37298067,0.99845018,-0.62114568,0.03706634,0.15650535,-0.19143318,0,0,0,0,0
455,94583,-0.42830087,0.99823711,-0.56812321,0.02886864,0.17050399,-0.17349885,0,0,0,0,0
456,94791,-0.49034359,0.99688189,-0.50688704,0.02208976,0.17036043,-0.16021703,0,0,0,0,0
457,95000,-0.54858399,1.00232447,-0.45781244,0.00284768,0.19689287,-0.18074593,0,0,0,0,0
458,95208,-0.59986658,0.99073884,-0.39355282,0.00156925,0.19180703,-0.16944713,0,0,0,0,0
459,95416,-0.64577338,0.96765314,-0.32750494,-0.02576499,0.18115037,-0.16434634,0,0,0,0,0
460,95625,-0.70960105,0.96588914,-0.25170318,-0.04015587,0.17025824,-0.16298439,0,0,0,0,0
461,95833,-0.73848036,0.94569416,-0.19840526,-0.04231982,0.18390164,-0.15578807,0,0,0,0,0
462,96041,-0.79347124,0.91694157,-0.14268215,-0.05770590,0.16185237,-0.14483151,0,0,0,0,0
463,96250,-0.83183828,0.90008702,-0.07477599,-0.06717581,0.17317139,-0.11898527,0,0,0,0,0
464,96458,-0.86029027,0.86388754,-0.00703755,-0.09308862,0.17644230,-0.12106732,0,0,0,0,0
465,96666,-0.89066303,0.82659374,0.06955050,-0.11155501,0.17171897,-0.10603691,0,0,0,0,0
466,96875,-0.92151800,0.79771096,0.13020111,-0.10354893,0.18891607,-0.08449267,0,0,0,0,0
467,97083,-0.94015652,0.75679007,0.18581268,-0.12545013,0.19598803,-0.06790902,0,0,0,0,0
468,97291,-0.96269440,0.70491185,0.26209547,-0.12595226,0.19616439,-0.05062080,0,0,0,0,0
469,97500,-0.97714943,0.66935360,0.32613279,-0.15240339,0.19545828,-0.02959881,0,0,0,0,0
470,97708,-0.98175401,0.61486506,0.38634034,-0.16883318,0.19635242,-0.01857090,0,0,0,0,0
471,97916,-0.99660686,0.54977257,0.44033000,-0.16380436,0.19423024,-0.00294490,0,0,0,0,0
472,98125,-0.99633026,0.50964340,0.49311953,-0.17874666,0.17873418,0.01506465,0,0,0,0,0
473,98333,-0.99142802,0.44722038,0.54671669,-0.18026767,0.19018709,0.01053089,0,0,0,0,0
474,98541,-0.99171416,0.39571679,0.60541908,-0.18462887,0.16743629,0.03960404,0,0,0,0,0
475,98750,-0.97756911,0.33368841,0.65668227,-0.18614868,0.15015229,0.06561067,0,0,0,0,0
476,98958,-0.97758860,0.26306085,0.70010639,-0.18985246,0.16641957,0.06424414,0,0,0,0,0
477,99166,-0.94702949,0.19877424,0.74537848,-0.18847695,0.15410491,0.07607748,0,0,0,0,0
478,99375,-0.92813172,0.14171666,0.79760186,-0.20008757,0.13069804,0.06957191,0,0,0,0,0
479,99583,-0.89330664,0.07157239,0.82357036,-0.20873400,0.11874405,0.09176197,0,0,0,0,0
480,99791,-0.87584259,0.00574003,0.86590484,-0.21430331,0.11101664,0.11693032,0,0,0,0,0
481,100000,-0.83687511,-0.05192021,0.88912322,-0.20544383,0.08962712,0.12628172,0,0,0,0,0
482,100208,-0.80417098,-0.12670838,0.92549473,-0.21292323,0.07767055,0.12179983,0,0,0,0,0
483,100416,-0.74527693,-0.18555690,0.92626412,-0.21252911,0.07717907,0.13122886,0,0,0,0,0
484,100625,-0.69630559,-0.24159822,0.93285308,-0.20110997,0.05897417,0.13355496,0,0,0,0,0
485,100833,-0.63315270,-0.29285513,0.92050602,-0.20574738,0.05064492,0.14344952,0,0,0,0,0
486,101041,-0.55597436,-0.33919463,0.89614682,-0.19576629,0.01314911,0.13908308,0,0,0,0,0
487,101250,-0.47960112,-0.38217061,0.86467489,-0.17978964,0.01128675,0.15447490,0,0,0,0,0
488,101458,-0.41519425,-0.39854251,0.81979902,-0.21427924,0.00160176,0.16217571,0,0,0,0,0
489,101666,-0.34501960,-0.42667234,0.76685288,-0.19944722,-0.01768520,0.20877957,0,0,0,0,0
490,101875,-0.27753082,-0.43707377,0.72100122,-0.18503878,-0.04607426,0.23159679,0,0,0,0,0
491,102083,-0.21162529,-0.43817466,0.64422561,-0.18434985,-0.05761673,0.24507272,0,0,0,0,0
492,102291,-0.16097255,-0.43247868,0.58479847,-0.20890386,-0.08439022,0.25611461,0,0,0,0,0
493,102500,-0.10479629,-0.41715244,0.52172536,-0.19218564,-0.11041939,0.30981358,0,0,0,0,0
494,102708,-0.07012712,-0.38594464,0.45445380,-0.21241500,-0.12601669,0.35022566,0,0,0,0,0
495,102916,-0.03247195,-0.36018941,0.39117038,-0.21813132,-0.20224077,0.39328560,0,0,0,0,0
496,103125,-0.00052218,-0.32755485,0.33123761,-0.20949894,-0.23122575,0.43637494,0,0,0,0,0
497,103333,0.01565131,-0.29291741,0.26784188,-0.23149628,-0.28358063,0.50171920,0,0,0,0,0
498,103541,0.03059862,-0.25521408,0.21795875,-0.21688750,-0.34254730,0.54825631,0,0,0,0,0
499,103750,0.04376083,-0.21101138,0.17107155,-0.20094497,-0.41585046,0.59825282,0,0,0,0,0
500,103958,0.05017037,-0.18872178,0.13864910,-0.19196951,-0.49553452,0.65558577,0,0,0,0,0
501,104166,0.05346365,-0.16131876,0.10639200,-0.14819904,-0.58792154,0.73584830,0,0,0,0,0
502,104375,0.05434985,-0.12832579,0.08666367,-0.11256395,-0.64889624,0.77949498,0,0,0,0,0
503,104583,0.04270656,-0.11496349,0.06501736,-0.08157395,-0.74561526,0.81492271,0,0,0,0,0
504,104791,0.05325382,-0.10069600,0.05199050,-0.00353630,-0.83698406,0.84501265,0,0,0,0,0
505,105000,0.05223286,-0.09511614,0.05185564,0.05733846,-0.91220472,0.83910260,0,0,0,0,0
506,105208,0.05586804,-0.10014855,0.02305309,0.12850439,-0.97691121,0.85709713,0,0,0,0,0
507,105416,0.05850173,-0.09190114,0.03675602,0.20704642,-1.05817201,0.86808577,0,0,0,0,0
508,105625,0.06534399,-0.09233526,0.02565235,0.27815573,-1.12589137,0.83150853,0,0,0,0,0
509,105833,0.06923698,-0.09210330,0.01990166,0.38466288,-1.19023690,0.81148955,0,0,0,0,0
510,106041,0.08184068,-0.09043243,0.01328394,0.46109769,-1.26202522,0.78050614,0,0,0,0,0
511,106250,0.08603669,-0.09187321,0.00877667,0.58192506,-1.29959905,0.73816491,0,0,0,0,0
512,106458,0.09928577,-0.07969324,0.00369772,0.65121600,-1.36250336,0.69487060,0,0,0,0,0
513,106666,0.08587068,-0.08532495,-0.00572358,0.78202016,-1.42347666,0.63264204,0,0,0,0,0
514,106875,0.09828398,-0.07861007,-0.01984942,0.88645630,-1.43853666,0.56877398,0,0,0,0,0
515,107083,0.09063845,-0.08747815,-0.02098227,0.99440534,-1.45857081,0.48696479,0,0,0,0,0
516,107291,0.10058782,-0.07238943,-0.02580405,1.09491419,-1.50003449,0.40335758,0,0,0,0,0
517,107500,0.08869443,-0.06467703,-0.02943096,1.18651442,-1.50700182,0.32290717,0,0,0,0,0
518,107708,0.09318745,-0.06195889,-0.03340174,1.28623071,-1.51628899,0.23335501,0,0,0,0,0
519,107916,0.09271093,-0.05655427,-0.03604450,1.37900941,-1.47498804,0.13415086,0,0,0,0,0
520,108125,0.09490475,-0.05995354,-0.04745723,1.45676850,-1.44027740,0.00782857,0,0,0,0,0
521,108333,0.09961601,-0.05126585,-0.05387271,1.53247869,-1.41838266,-0.09977128,0,0,0,0,0
522,108541,0.09443866,-0.03679131,-0.06819370,1.60493848,-1.38754392,-0.20941974,0,0,0,0,0
523,108750,0.10002642,-0.02861424,-0.06305664,1.65786960,-1.32275867,-0.32487965,0,0,0,0,0
524,108958,0.09643709,-0.02413641,-0.06830670,1.72162342,-1.24971570,-0.45501576,0,0,0,0,0
525,109166,0.09290013,-0.01951721,-0.07503725,1.75816090,-1.17367420,-0.56942617,0,0,0,0,0
526,109375,0.09240306,-0.01283482,-0.08248722,1.79749799,-1.10315053,-0.68578315,0,0,0,0,0
527,109583,0.08656715,-0.00649863,-0.07945383,1.81297389,-1.01719615,-0.79204005,0,0,0,0,0
528,109791,0.08914660,0.00638444,-0.08528216,1.83021598,-0.91165316,-0.88628626,0,0,0,0,0
529,110000,0.08417841,-0.00189136,-0.08934460,1.83958351,-0.81356981,-1.00585613,0,0,0,0,0
530,110208,0.07920786,0.01446980,-0.09053787,1.78080828,-0.70069652,-1.09307968,0,0,0,0,0
531,110416,0.07057457,0.01952681,-0.09943302,1.77994373,-0.60387179,-1.18868713,0,0,0,0,0
532,110625,0.06495822,0.02070043,-0.10718134,1.75474327,-0.47507396,-1.26690740,0,0,0,0,0
533,110833,0.05798056,0.03073762,-0.09123591,1.73363273,-0.36832452,-1.35647573,0,0,0,0,0
534,111041,0.05743290,0.03801196,-0.09842708,1.69209076,-0.25059293,-1.43449807,0,0,0,0,0
535,111250,0.05546211,0.03444094,-0.08416773,1.62822246,-0.13811661,-1.51991838,0,0,0,0,0
536,111458,0.05650779,0.05304391,-0.10104601,1.57177595,-0.00675657,-1.56758187,0,0,0,0,0
537,111666,0.03950017,0.04958460,-0.09443901,1.52344391,0.10981137,-1.63163678,0,0,0,0,0
538,111875,0.03634315,0.05595278,-0.09663896,1.44955551,0.21594791,-1.69737406,0,0,0,0,0
539,112083,0.03306887,0.06348539,-0.10986870,1.39545893,0.35696459,-1.72341787,0,0,0,0,0
540,112291,0.03512232,0.06621839,-0.09325179,1.28673136,0.46313245,-1.76392862,0,0,0,0,0
541,112500,0.02320024,0.07663443,-0.10536393,1.18687034,0.57521865,-1.78024972,0,0,0,0,0
542,112708,0.00925487,0.07919361,-0.09538932,1.10437405,0.68838364,-1.80775124,0,0,0,0,0
543,112916,0.00830970,0.08419675,-0.08531340,1.02424834,0.80070799,-1.81360280,0,0,0,0,0
544,113125,-0.00090458,0.08438645,-0.09087607,0.92211264,0.88601012,-1.81598528,0,0,0,0,0
545,113333,-0.01576822,0.09764959,-0.08013034,0.83449024,1.00632585,-1.80133028,0,0,0,0,0
546,113541,-0.01661332,0.10166995,-0.08016810,0.72542297,1.08173891,-1.81138686,0,0,0,0,0
547,113750,-0.01619943,0.09398214,-0.07976726,0.58076019,1.19017502,-1.77944833,0,0,0,0,0
548,113958,-0.02786200,0.09869706,-0.06632699,0.49637948,1.27981490,-1.76352492,0,0,0,0,0
549,114166,-0.03168025,0.09881339,-0.06663562,0.36123234,1.35836824,-1.75344365,0,0,0,0,0
550,114375,-0.04491196,0.10380048,-0.06022615,0.24798566,1.44163948,-1.67581897,0,0,0,0,0
551,114583,-0.04657498,0.10137713,-0.05694025,0.13320805,1.50641244,-1.61956157,0,0,0,0,0
552,114791,-0.04545003,0.10276069,-0.04853950,0.01527182,1.57055420,-1.58613215,0,0,0,0,0
553,115000,-0.05476554,0.11082868,-0.04097558,-0.10888880,1.60882453,-1.52551589,0,0,0,0,0
554,115208,-0.05794540,0.10227091,-0.03334175,-0.23212823,1.68546079,-1.45320886,0,0,0,0,0
555,115416,-0.06526039,0.09911236,-0.03665734,-0.34330240,1.71155549,-1.39535594,0,0,0,0,0
556,115625,-0.07281956,0.09505238,-0.01886354,-0.44768559,1.75129229,-1.30634207,0,0,0,0,0
557,115833,-0.08310989,0.08739822,-0.02197632,-0.57520657,1.78052491,-1.20615792,0,0,0,0,0
558,116041,-0.08554310,0.08919216,-0.02687190,-0.70250037,1.80059206,-1.10546859,0,0,0,0,0
559,116250,-0.08870453,0.08730850,-0.00703307,-0.78791643,1.82280226,-1.03287332,0,0,0,0,0
560,116458,-0.09246063,0.08747086,0.00026359,-0.89625131,1.82250926,-0.93148983,0,0,0,0,0
561,116666,-0.08868164,0.07782466,0.00435393,-0.98534181,1.81972764,-0.80340275,0,0,0,0,0
562,116875,-0.09422914,0.07029496,0.01093609,-1.10310654,1.80863422,-0.71118230,0,0,0,0,0
563,117083,-0.09370829,0.07338628,0.01924574,-1.20783636,1.79572215,-0.59487308,0,0,0,0,0
564,117291,-0.09259328,0.07075679,0.02702612,-1.28159873,1.75723439,-0.47243282,0,0,0,0,0
565,117500,-0.09691315,0.06802679,0.03645582,-1.37559689,1.73443654,-0.34497216,0,0,0,0,0
566,117708,-0.08849161,0.06249911,0.04087023,-1.43614517,1.68988533,-0.23975153,0,0,0,0,0
567,117916,-0.10160546,0.05772629,0.03763409,-1.50187016,1.63108265,-0.14662056,0,0,0,0,0
568,118125,-0.09329794,0.05408426,0.04393895,-1.55747042,1.60314674,-0.01099821,0,0,0,0,0
569,118333,-0.09563161,0.04293206,0.04530557,-1.62368828,1.54143922,0.11241000,0,0,0,0,0
570,118541,-0.10970505,0.04162488,0.05979711,-1.66800969,1.44129496,0.23683989,0,0,0,0,0
571,118750,-0.10123225,0.03179391,0.06347449,-1.71221394,1.37084959,0.34494409,0,0,0,0,0
572,118958,-0.09776134,0.02116861,0.07446587,-1.76677948,1.30535009,0.46233051,0,0,0,0,0
573,119166,-0.09997512,0.02108951,0.07645233,-1.76181638,1.20734908,0.56226186,0,0,0,0,0
574,119375,-0.08734490,0.02517837,0.07932677,-1.80948181,1.12315347,0.69554353,0,0,0,0,0
575,119583,-0.09587766,0.01039005,0.08505482,-1.83634527,1.02992433,0.80041582,0,0,0,0,0
576,119791,-0.09042174,0.00257755,0.08306925,-1.81659964,0.89928594,0.90736385,0,0,0,0,0
577,120000,-0.08727166,-0.01429727,0.08773655,-1.81839473,0.80371687,1.00342899,0,0,0,0,0
578,120208,-0.08109406,-0.01088635,0.08862373,-1.80858128,0.71787297,1.08072480,0,0,0,0,0
579,120416,-0.08037526,-0.02104846,0.09752272,-1.78420115,0.59642154,1.19627158,0,0,0,0,0
580,120625,-0.06452832,-0.02471899,0.09813808,-1.75986001,0.48994885,1.28070358,0,0,0,0,0
581,120833,-0.06825109,-0.03254224,0.09804331,-1.73299681,0.37552506,1.34944471,0,0,0,0,0
582,121041,-0.06775846,-0.03692262,0.08867450,-1.68088140,0.23742142,1.44005812,0,0,0,0,0
583,121250,-0.05258359,-0.04036523,0.09931474,-1.63343559,0.12894655,1.50575400,0,0,0,0,0
584,121458,-0.05518512,-0.04601699,0.09184471,-1.57962542,0.00942255,1.57116982,0,0,0,0,0
585,121666,-0.04410938,-0.05434323,0.08920506,-1.50867781,-0.11493505,1.65100596,0,0,0,0,0
586,121875,-0.03570529,-0.05353925,0.10601036,-1.43941749,-0.22718291,1.66546287,0,0,0,0,0
587,122083,-0.02193532,-0.05899585,0.10346636,-1.38786551,-0.34347342,1.71009991,0,0,0,0,0
588,122291,-0.03534712,-0.07799588,0.09138346,-1.30436332,-0.44491860,1.74753385,0,0,0,0,0
589,122500,-0.02139689,-0.07720509,0.08573475,-1.20488369,-0.58633751,1.77023412,0,0,0,0,0
590,122708,-0.01710015,-0.08630278,0.08985481,-1.11304517,-0.68611805,1.81022566,0,0,0,0,0
591,122916,-0.00482155,-0.08274916,0.08680620,-1.01479220,-0.79625577,1.81356941,0,0,0,0,0
592,123125,0.00286224,-0.07310264,0.08628201,-0.91723581,-0.88719534,1.79755053,0,0,0,0,0
593,123333,0.00751360,-0.09734528,0.07893912,-0.81763310,-0.99869260,1.80519101,0,0,0,0,0
594,123541,0.00670007,-0.08971428,0.07929369,-0.70002329,-1.11174497,1.81327682,0,0,0,0,0
595,123750,0.02161146,-0.09890541,0.07085690,-0.57537920,-1.18835885,1.78483042,0,0,0,0,0
596,123958,0.02448172,-0.09255182,0.07748296,-0.47738439,-1.27099393,1.77517512,0,0,0,0,0
597,124166,0.02478699,-0.09663133,0.06599435,-0.35921816,-1.35496529,1.72681106,0,0,0,0,0
598,124375,0.02803972,-0.09706808,0.07223650,-0.25141744,-1.44514533,1.69237703,0,0,0,0,0
599,124583,0.04410845,-0.10219370,0.06046598,-0.13895890,-1.50581432,1.62791153,0,0,0,0,0
600,124791,0.05577418,-0.09259181,0.05567195,-0.02486948,-1.57798108,1.56362436,0,0,0,0,0
601,125000,0.04862065,-0.09649715,0.03891252,0.10054955,-1.60946369,1.51036772,0,0,0,0,0
602,125208,0.06201353,-0.09811806,0.03675376,0.22801604,-1.67869591,1.45562870,0,0,0,0,0
603,125416,0.06573183,-0.08994027,0.03207860,0.33815800,-1.70838691,1.38372315,0,0,0,0,0
604,125624,0.06528959,-0.10533845,0.02907222,0.46123546,-1.75271149,1.29574427,0,0,0,0,0
605,125833,0.06570428,-0.09496976,0.02142811,0.56676962,-1.77766048,1.21101824,0,0,0,0,0
606,126041,0.08828710,-0.10336791,0.01387681,0.69282842,-1.80747435,1.10614322,0,0,0,0,0
607,126250,0.08483171,-0.08747196,0.00773424,0.79871760,-1.81034858,1.00999175,0,0,0,0,0
608,126458,0.08871330,-0.09359848,-0.00891452,0.89678053,-1.81621441,0.93037428,0,0,0,0,0
609,126666,0.09526166,-0.08417159,-0.00668944,0.99737961,-1.78475215,0.81484491,0,0,0,0,0
610,126874,0.09486634,-0.08461669,-0.01220205,1.10010980,-1.81974166,0.71803844,0,0,0,0,0
611,127083,0.10002417,-0.07525833,-0.02453183,1.19427345,-1.79393129,0.60522126,0,0,0,0,0
612,127291,0.09388636,-0.06763766,-0.01820818,1.27817154,-1.76292850,0.48598208,0,0,0,0,0
613,127500,0.09330567,-0.05841667,-0.03522383,1.35652001,-1.73164823,0.36370325,0,0,0,0,0
614,127708,0.09315276,-0.06446562,-0.03906596,1.44948151,-1.68129520,0.25258066,0,0,0,0,0
615,127916,0.09565017,-0.06094106,-0.04486031,1.49728541,-1.64312998,0.13626284,0,0,0,0,0
616,128124,0.09256641,-0.05290532,-0.04673687,1.55789194,-1.58634398,0.00771966,0,0,0,0,0
617,128333,0.09660762,-0.04295643,-0.06116820,1.64190619,-1.51915522,-0.12133194,0,0,0,0,0
618,128541,0.09627520,-0.03952088,-0.06298023,1.65879033,-1.44917078,-0.23918226,0,0,0,0,0
619,128750,0.09862961,-0.02742810,-0.07231993,1.72543155,-1.38297050,-0.34446616,0,0,0,0,0
620,128958,0.10068806,-0.03000547,-0.07515931,1.76815263,-1.29789518,-0.46154990,0,0,0,0,0
621,129166,0.09175930,-0.03217370,-0.06894719,1.78735132,-1.21815034,-0.56067998,0,0,0,0,0
622,129374,0.09670259,-0.01528866,-0.07647259,1.80864743,-1.10587279,-0.68817893,0,0,0,0,0
623,129583,0.09329043,-0.01280100,-0.09025176,1.82085672,-1.01903174,-0.80309332,0,0,0,0,0
624,129791,0.08496447,-0.00282728,-0.08843435,1.83234402,-0.91674354,-0.91600969,0,0,0,0,0
625,130000,0.07684034,0.00264302,-0.08655167,1.82505086,-0.80315934,-0.99342569,1,0,1,0,0
626,130208,0.08448080,0.01874864,-0.09329632,1.80605501,-0.70297099,-1.08103438,1,0,1,0,0
627,130416,0.08139676,0.01666023,-0.09519698,1.78686312,-0.58648318,-1.19536630,1,0,1,0,0
628,130624,0.06590650,0.02664566,-0.09655826,1.76477758,-0.48787414,-1.27977946,1,0,1,0,0
629,130833,0.06925002,0.03777765,-0.08855631,1.74129318,-0.34984950,-1.36448698,1,0,1,0,0
630,131041,0.05004083,0.03999306,-0.10047467,1.66965631,-0.25157753,-1.45061426,1,0,1,0,0
631,131250,0.04573965,0.04720345,-0.09461531,1.62543158,-0.11906144,-1.51317134,1,0,1,0,0
632,131458,0.04844467,0.05110267,-0.08962914,1.58187938,-0.01903485,-1.57513224,1,0,1,0,0
633,131666,0.04321390,0.06395179,-0.10584612,1.53639346,0.10223435,-1.62420254,1,0,1,0,0
634,131875,0.03551342,0.05714815,-0.09329084,1.45144824,0.23760883,-1.68286681,1,0,1,0,0
635,132083,0.03495148,0.07176043,-0.08487633,1.37510044,0.34798126,-1.74674994,1,0,1,0,0
636,132291,0.02356562,0.06839157,-0.09548048,1.28925755,0.45649957,-1.75751382,1,0,1,0,0
637,132500,0.01480695,0.07067107,-0.09465859,1.19997031,0.57211841,-1.77485416,1,0,1,0,0
638,132708,0.01134743,0.07333169,-0.09864560,1.12073564,0.68127603,-1.80074609,1,0,1,0,0
639,132916,0.00395182,0.08353996,-0.08048488,1.03145616,0.79173739,-1.81889313,1,0,1,0,0
640,133125,0.01383500,0.09390355,-0.08707144,0.94065721,0.89224892,-1.81420660,1,0,1,0,0
641,133333,-0.00588887,0.08881431,-0.09271981,0.80837490,0.99949916,-1.81533586,1,0,1,0,0
642,133541,-0.01548771,0.10521948,-0.08143069,0.70218299,1.11197759,-1.82066355,1,0,1,0,0
643,133750,-0.01822092,0.08734103,-0.07594787,0.59566561,1.21051569,-1.80519209,1,0,1,0,0
644,133958,-0.02073787,0.09749713,-0.07506574,0.47889009,1.26750757,-1.77115343,1,0,1,0,0
645,134166,-0.04367195,0.10853187,-0.06482540,0.36745396,1.36978686,-1.70917925,1,0,1,0,0
646,134375,-0.03175635,0.09262250,-0.06069853,0.22735015,1.44074487,-1.69392099,1,0,1,0,0
647,134583,-0.04873369,0.09839559,-0.06098308,0.13832318,1.51315367,-1.63794634,1,0,1,0,0
648,134791,-0.04972386,0.09375752,-0.05180274,-0.01546846,1.56937858,-1.57047850,1,0,1,0,0
649,135000,-0.05031045,0.09539503,-0.04210092,-0.10394172,1.63089226,-1.50785500,1,0,1,0,0
650,135208,-0.05952818,0.10033078,-0.03725762,-0.21672408,1.69716489,-1.46280418,1,0,1,0,0
651,135416,-0.06375364,0.09687403,-0.03108748,-0.34157668,1.70967284,-1.37489290,1,0,1,0,0
652,135625,-0.06744145,0.08596463,-0.01937496,-0.45486803,1.75484936,-1.28702519,1,0,1,0,0
653,135833,-0.06822981,0.09468881,-0.02566295,-0.59095008,1.78380333,-1.19407282,1,0,1,0,0
654,136041,-0.07342465,0.09036414,-0.00675229,-0.69066186,1.78803800,-1.11429945,1,0,1,0,0
655,136250,-0.08630655,0.08956641,-0.00627795,-0.80346184,1.80654664,-1.01340009,1,0,1,0,0
656,136458,-0.08069089,0.08012243,-0.00766700,-0.87962327,1.82181096,-0.91696645,1,0,1,0,0
657,136666,-0.07982740,0.08240554,0.00669278,-0.98603922,1.82032402,-0.82184057,1,0,1,0,0
658,136875,-0.09380436,0.08193859,0.01411275,-1.10509336,1.81946433,-0.69190458,1,0,1,0,0
659,137083,-0.09096455,0.07763996,0.02202494,-1.19829340,1.79724588,-0.60497669,1,0,1,0,0
660,137291,-0.09716213,0.07275372,0.03625116,-1.27858072,1.76535370,-0.50491589,1,0,1,0,0
661,137500,-0.09361069,0.06492976,0.03823803,-1.35755785,1.71647235,-0.36836693,1,0,1,0,0
662,137708,-0.09365364,0.05961672,0.02729708,-1.42682591,1.69668254,-0.25901829,1,0,1,0,0
663,137916,-0.10029284,0.04928046,0.04161540,-1.51077343,1.64359130,-0.12093744,1,0,1,0,0
664,138125,-0.10120418,0.04690170,0.05435551,-1.58176104,1.58122143,-0.00106986,1,0,1,0,0
665,138333,-0.10188448,0.03910964,0.06645091,-1.62938183,1.51825030,0.10470502,1,0,1,0,0
666,138541,-0.09575636,0.04602421,0.06881251,-1.66680834,1.46269680,0.24782431,1,0,1,0,0
667,138750,-0.09902281,0.03052591,0.06004567,-1.73893946,1.38523791,0.35272951,1,0,1,0,0
668,138958,-0.08555819,0.03180714,0.06637809,-1.75527490,1.28522789,0.45463830,1,0,1,0,0
669,139166,-0.09806421,0.02352143,0.07066644,-1.79486697,1.20256204,0.57364320,1,0,1,0,0
670,139375,-0.09371857,0.01605165,0.07015114,-1.80146375,1.10541392,0.68241815,1,0,1,0,0
671,139583,-0.08487287,0.01013005,0.08933299,-1.81964532,1.03707744,0.78860921,1,0,1,0,0
672,139791,-0.08976939,-0.00507389,0.08723708,-1.81553036,0.92470038,0.89097084,1,0,1,0,0
673,140000,-0.08211967,-0.00673325,0.09105306,-1.80659789,0.83427910,0.98586192,1,0,1,1,0
674,140208,-0.07700997,-0.01151952,0.08625619,-1.79616482,0.69105163,1.09262100,1,0,1,1,0
675,140416,-0.07997209,-0.02111877,0.08989929,-1.78921292,0.59830294,1.18836684,1,0,1,1,0
676,140625,-0.07353701,-0.02423455,0.10051802,-1.75595091,0.46396672,1.29226908,1,0,1,1,0
677,140833,-0.07039083,-0.02743051,0.09115752,-1.72660882,0.35626990,1.35413576,1,0,1,1,0
678,141041,-0.06033146,-0.04247694,0.09971350,-1.69192349,0.24459184,1.42341387,1,0,1,1,0
679,141250,-0.06093543,-0.03818829,0.09946981,-1.64230480,0.11406699,1.51597696,1,0,1,1,0
680,141458,-0.05255588,-0.04733371,0.09564417,-1.57301393,0.02601536,1.56375344,1,0,1,1,0
681,141666,-0.04754585,-0.05360179,0.09788910,-1.52133346,-0.10459521,1.62782592,1,0,1,1,0
682,141875,-0.03226355,-0.05466324,0.09954890,-1.45396470,-0.22975905,1.67309577,1,0,1,1,0
683,142083,-0.02713023,-0.06879932,0.09251539,-1.37612825,-0.34154713,1.73207221,1,0,1,1,0
684,142291,-0.02964677,-0.06519938,0.09888186,-1.29728152,-0.45161134,1.75190505,1,0,1,1,0
685,142500,-0.02468976,-0.07201326,0.10132442,-1.20997240,-0.56664285,1.79144560,1,0,1,1,0
686,142708,-0.00688859,-0.07673415,0.09212912,-1.12235521,-0.67533547,1.79438636,1,0,1,1,0
687,142916,-0.01035276,-0.08816493,0.08965253,-1.02946292,-0.81210840,1.82784672,1,0,1,1,0
688,143125,0.00567985,-0.07983773,0.09434373,-0.91502478,-0.90880247,1.80217438,1,0,1,1,0
689,143333,0.00695126,-0.09115218,0.08436539,-0.79298547,-1.01575916,1.81134093,1,0,1,1,0
690,143541,0.01299064,-0.09464609,0.08170451,-0.73012490,-1.09831510,1.80490629,1,0,1,1,0
691,143750,0.00970938,-0.09721375,0.08098108,-0.60367849,-1.20159961,1.78829111,1,0,1,1,0
692,143958,0.02623299,-0.10379407,0.07786085,-0.48941896,-1.27076604,1.75487497,1,0,1,1,0
693,144166,0.03375344,-0.09826540,0.06510551,-0.37120291,-1.36716468,1.73887664,1,0,1,1,0
694,144375,0.03430137,-0.09863733,0.05993769,-0.24710587,-1.45431072,1.66017716,1,0,1,1,0
695,144583,0.03805112,-0.10498688,0.06255487,-0.11917636,-1.50336057,1.64015660,1,0,1,1,0
696,144791,0.04780852,-0.09755421,0.05646269,-0.02326679,-1.57452900,1.58731570,1,0,1,1,0
697,145000,0.05117214,-0.10407919,0.05053066,0.09650922,-1.63516259,1.53305478,1,0,1,1,0
698,145208,0.06421880,-0.10130572,0.04333563,0.24037874,-1.68453841,1.44293188,1,0,1,1,0
699,145416,0.06158292,-0.09323125,0.03561119,0.34085699,-1.71740428,1.40812593,1,0,1,1,0
700,145625,0.07239225,-0.08862388,0.02731335,0.45336337,-1.74932615,1.28294207,1,0,1,1,0
701,145833,0.07875437,-0.09159531,0.01635596,0.57979527,-1.80050390,1.20772653,1,0,1,1,0
702,146041,0.07821387,-0.08692988,0.01184740,0.70315093,-1.78586511,1.11434800,1,0,1,1,0
703,146250,0.08560334,-0.07980992,-0.00186425,0.80485646,-1.82024437,1.00931824,1,0,1,1,0
704,146458,0.08164637,-0.08375283,0.00027375,0.91246439,-1.81924549,0.91103748,1,0,1,1,0
705,146666,0.08287791,-0.07964544,-0.00252062,1.01108735,-1.79579329,0.80287327,1,0,1,1,0
706,146875,0.09586549,-0.07372531,-0.00842475,1.10256260,-1.81238246,0.71831433,1,0,1,1,0
707,147083,0.09359143,-0.07594378,-0.02144316,1.19479995,-1.78617728,0.59704308,1,0,1,1,0
708,147291,0.08802351,-0.06704638,-0.02792024,1.27601551,-1.75421478,0.47552384,1,0,1,1,0
709,147500,0.09816390,-0.05678968,-0.02546836,1.35790634,-1.72297423,0.34759400,1,0,1,1,0
710,147708,0.10119023,-0.06355782,-0.03352368,1.44679580,-1.70512057,0.24022379,1,0,1,1,0
711,147916,0.10202482,-0.05687701,-0.03816750,1.49384906,-1.64158405,0.12856610,1,0,1,1,0
712,148125,0.09947011,-0.05272420,-0.04034470,1.56953417,-1.57726306,-0.00168250,1,0,1,1,0
713,148333,0.09670184,-0.04626853,-0.06326887,1.62738606,-1.53070004,-0.10264039,1,0,1,1,0
714,148541,0.09411794,-0.03497241,-0.06376166,1.66677046,-1.45161165,-0.21904892,1,0,1,1,0
715,148750,0.09992312,-0.03001370,-0.07838194,1.70377164,-1.34628732,-0.32472405,1,0,1,1,0
716,148958,0.10431827,-0.03170391,-0.06938126,1.75154665,-1.29645774,-0.45616903,1,0,1,1,0
717,149166,0.09752052,-0.02728384,-0.08239287,1.79058575,-1.23394045,-0.56665060,1,0,1,1,0
718,149375,0.09196851,-0.00679465,-0.08021597,1.80410913,-1.11660441,-0.69690529,1,0,1,1,0
719,149583,0.09602207,-0.00183907,-0.08033269,1.80140909,-1.02834421,-0.79729570,1,0,1,1,0
720,149791,0.09363805,0.00763725,-0.09453863,1.81364895,-0.91816691,-0.89350772,1,0,1,1,0
721,150000,0.08499359,0.00617117,-0.08632808,1.80548270,-0.82895288,-1.02874818,1,0,1,1,0
722,150208,0.08387261,0.01510748,-0.10229493,1.81442076,-0.71694480,-1.09619908,1,0,1,1,0
723,150416,0.06927748,0.02921970,-0.08531266,1.77571135,-0.59478664,-1.19571881,1,0,1,1,0
724,150625,0.06754665,0.02588842,-0.09991274,1.75924931,-0.48841427,-1.28567911,1,0,1,1,0
725,150833,0.06773369,0.03465785,-0.09470357,1.72028214,-0.36698169,-1.35528843,1,0,1,1,0
726,151041,0.06347076,0.04582840,-0.10615855,1.69032869,-0.25220318,-1.43187169,1,0,1,1,0
727,151250,0.05681781,0.05058270,-0.09796492,1.63144097,-0.12582658,-1.50128043,1,0,1,1,0
728,151458,0.05469381,0.05054285,-0.09642966,1.58307113,-0.01290613,-1.55454926,1,0,1,1,0
729,151666,0.03972683,0.05020958,-0.09984494,1.54677680,0.10002303,-1.63313233,1,0,1,1,0
730,151875,0.03127383,0.05992370,-0.09702850,1.44110926,0.22474475,-1.67259046,1,0,1,1,0
731,152083,0.03498743,0.06885939,-0.09221022,1.36385035,0.33473232,-1.73646729,1,0,1,1,0
732,152291,0.02880580,0.07384225,-0.09328442,1.30467721,0.46692784,-1.74369339,1,0,1,1,0
733,152500,0.01756288,0.07992884,-0.08725508,1.21005075,0.57332363,-1.77317375,1,0,1,1,0
734,152708,0.00306841,0.07566659,-0.08984807,1.11311821,0.71260221,-1.80692072,1,0,1,1,0
735,152916,-0.00015237,0.08879458,-0.09706559,1.03323012,0.79466671,-1.80753012,1,0,1,1,0
736,153125,-0.00053589,0.09051295,-0.08184285,0.90971678,0.90333659,-1.80561402,1,0,1,1,0
737,153333,-0.00678351,0.09393761,-0.08576916,0.81492327,0.98635755,-1.80958570,1,0,1,1,0
738,153541,-0.01390961,0.09197758,-0.07815063,0.69951246,1.09795774,-1.80882261,1,0,1,1,0
739,153750,-0.01146158,0.08967667,-0.07064791,0.60880935,1.19552795,-1.78665261,1,0,1,1,0
740,153958,-0.02158922,0.09341833,-0.07196545,0.47634026,1.27656863,-1.75339561,1,0,1,1,0
741,154166,-0.02193240,0.10091897,-0.06646149,0.38488234,1.37742932,-1.72871402,1,0,1,1,0
742,154375,-0.03697809,0.09970684,-0.06401942,0.25648059,1.45088272,-1.70426337,1,0,1,1,0
743,154583,-0.04023525,0.09848889,-0.05582469,0.14098134,1.50755941,-1.65595591,1,0,1,1,0
744,154791,-0.04361543,0.10233975,-0.05523352,0.00028990,1.56332669,-1.57493260,1,0,1,1,0
745,155000,-0.06198283,0.10332820,-0.04029487,-0.09449751,1.62663549,-1.53614684,1,0,1,1,0
746,155208,-0.05242067,0.10584384,-0.04115182,-0.22750459,1.66934721,-1.43754985,1,0,1,1,0
747,155416,-0.05881196,0.09443927,-0.03637697,-0.35561272,1.71555596,-1.37440923,1,0,1,1,0
748,155625,-0.07238694,0.10574545,-0.02178529,-0.47147570,1.76292298,-1.30325172,1,0,1,1,0
749,155833,-0.07964083,0.09836343,-0.01375501,-0.59854977,1.77956105,-1.20629580,1,0,1,1,0
750,156041,-0.07055477,0.09063032,-0.00866771,-0.67012513,1.79367129,-1.11841178,1,0,1,1,0
751,156250,-0.07747176,0.08519158,-0.00302080,-0.78797082,1.80641067,-1.03708581,1,0,1,1,0
752,156458,-0.07831454,0.08814376,-0.00586934,-0.90807493,1.82452804,-0.91294933,1,0,1,1,0
753,156666,-0.08812491,0.08678983,0.01833588,-0.99586501,1.82346689,-0.79726878,1,0,1,1,0
754,156875,-0.09523817,0.08228807,0.01892954,-1.08963447,1.80622862,-0.71276178,1,0,1,1,0
755,157083,-0.10326674,0.07939808,0.01776968,-1.18465663,1.78385157,-0.61235671,1,0,1,1,0
756,157291,-0.09380582,0.07474479,0.02871753,-1.27164329,1.75878337,-0.48559683,1,0,1,1,0
757,157500,-0.09423167,0.06476763,0.03941448,-1.34445697,1.73374242,-0.36395421,1,0,1,1,0
758,157708,-0.09779291,0.06473632,0.03977789,-1.43591941,1.69269498,-0.25725470,1,0,1,1,0
759,157916,-0.10654136,0.05656218,0.04171338,-1.49769429,1.64613124,-0.13581899,1,0,1,1,0
760,158125,-0.09981180,0.04901536,0.04964655,-1.56533149,1.57818178,-0.01581870,1,0,1,1,0
761,158333,-0.10173873,0.04098742,0.06443149,-1.63328011,1.54183075,0.11872001,1,0,1,1,0
762,158541,-0.09782092,0.03900300,0.05405896,-1.69009887,1.43875817,0.23347061,1,0,1,1,0
763,158750,-0.09663184,0.02872700,0.06447425,-1.70687139,1.36263866,0.33234447,1,0,1,1,0
764,158958,-0.10449035,0.02365219,0.07522818,-1.77470575,1.29831534,0.45946867,1,0,1,1,0
765,159166,-0.10016901,0.02298586,0.06366444,-1.76563739,1.21269763,0.57850294,1,0,1,1,0
766,159375,-0.09499662,0.01055987,0.08327273,-1.78232734,1.11631338,0.68625778,1,0,1,1,0
767,159583,-0.09180335,0.01238875,0.08436590,-1.81164625,1.01247723,0.77804901,1,0,1,1,0
768,159791,-0.08120785,-0.01112798,0.08426213,-1.84892841,0.91716679,0.87631005,1,0,1,1,0
769,160000,-0.09055762,-0.00936945,0.08574587,-1.80817439,0.81046008,0.99466921,1,0,1,1,0
770,160208,-0.08159000,-0.00596232,0.10060497,-1.79583392,0.70402907,1.11424892,1,0,1,1,0
771,160416,-0.07560318,-0.01375329,0.09742776,-1.79061444,0.57898631,1.19334021,1,0,1,1,0
772,160625,-0.07686080,-0.02566960,0.10027406,-1.78150748,0.46439853,1.28059026,1,0,1,1,0
773,160833,-0.07625969,-0.03270057,0.10261088,-1.72434284,0.36811665,1.35618342,1,0,1,1,0
774,161041,-0.06651584,-0.04160271,0.09498205,-1.66898294,0.23938817,1.41177690,1,0,1,1,0
775,161250,-0.05859868,-0.03970903,0.10628767,-1.63147550,0.14548479,1.49734159,1,0,1,1,0
776,161458,-0.03893058,-0.04491795,0.09514959,-1.57333022,0.00954307,1.56716418,1,0,1,1,0
777,161666,-0.05381662,-0.05125665,0.10655203,-1.52085121,-0.11695092,1.63087629,1,0,1,1,0
778,161875,-0.03603880,-0.06542446,0.09837885,-1.43605722,-0.22348430,1.69440570,1,0,1,1,0
779,162083,-0.03073897,-0.06390444,0.10299967,-1.37667723,-0.36044218,1.72684719,1,0,1,1,0
780,162291,-0.03105671,-0.07773542,0.09270504,-1.29046345,-0.46660069,1.77747617,1,0,1,1,0
781,162500,-0.01706792,-0.06945759,0.09520630,-1.20849788,-0.56035622,1.78483105,1,0,1,1,0
782,162708,-0.01568729,-0.08204929,0.08802097,-1.11075880,-0.68308431,1.79922795,1,0,1,1,0
783,162916,-0.01397523,-0.08189439,0.09216617,-1.02518544,-0.79666527,1.83582560,1,0,1,1,0
784,163125,0.00282880,-0.08651331,0.08442656,-0.92180471,-0.90610145,1.80385212,1,0,1,1,0
785,163333,0.00134166,-0.09395503,0.08494846,-0.82188932,-0.99398776,1.81891705,1,0,1,1,0
786,163541,0.01062558,-0.10086411,0.08400766,-0.70910510,-1.11058067,1.82647687,1,0,1,1,0
787,163750,0.01889647,-0.08511169,0.07058092,-0.58456642,-1.20058640,1.78781310,1,0,1,1,0
788,163958,0.01592482,-0.11674937,0.08001635,-0.47316020,-1.28682040,1.76794134,1,0,1,1,0
789,164166,0.03144517,-0.09931377,0.05916339,-0.38012765,-1.35367635,1.73337494,1,0,1,1,0
790,164375,0.04101333,-0.09785688,0.05487228,-0.26048868,-1.44636512,1.68233835,1,0,1,1,0
791,164583,0.04147845,-0.10852573,0.05565825,-0.13049301,-1.50683365,1.64146225,1,0,1,1,0
792,164791,0.04631478,-0.09626549,0.05466035,-0.01913418,-1.56143942,1.57004070,1,0,1,1,0
793,165000,0.05350968,-0.09575876,0.04842087,0.08863278,-1.64055696,1.51606577,1,0,1,1,0
794,165208,0.07067519,-0.09179922,0.02958253,0.21692925,-1.67224595,1.45762062,1,0,1,1,0
795,165416,0.07076408,-0.09477108,0.02628810,0.34403287,-1.73636427,1.37314256,1,0,1,1,0
796,165625,0.06688552,-0.09686260,0.03086433,0.45534255,-1.76032429,1.30279305,1,0,1,1,0
797,165833,0.06422247,-0.09276106,0.02441488,0.57975189,-1.78129960,1.21372169,1,0,1,1,0
798,166041,0.08247346,-0.09109294,0.01210292,0.69435868,-1.79385328,1.11616707,1,0,1,1,0
799,166250,0.08168628,-0.09424229,0.00917559,0.79859804,-1.80519970,1.00532550,1,0,1,1,0
800,166458,0.08360746,-0.08880698,0.00815468,0.90114202,-1.81436058,0.90049130,1,0,1,1,0
801,166666,0.08535961,-0.07853186,-0.00580299,0.99643130,-1.81004076,0.81958211,1,0,1,1,0
802,166875,0.10113356,-0.07998735,-0.01658037,1.09426531,-1.79173188,0.71154579,1,0,1,1,0
803,167083,0.10029840,-0.08032318,-0.02887962,1.18806128,-1.78945480,0.59736805,1,0,1,1,0
804,167291,0.08432091,-0.07198402,-0.02608580,1.27433046,-1.75592025,0.47381171,1,0,1,1,0
805,167500,0.08920993,-0.07314332,-0.02812668,1.35644164,-1.72781718,0.35937930,1,0,1,1,0
806,167708,0.09417719,-0.05958558,-0.03981791,1.45090319,-1.67739081,0.24552962,1,0,1,1,0
807,167916,0.09945528,-0.04935118,-0.05277094,1.51129183,-1.64219950,0.12381994,1,0,1,1,0
808,168125,0.10225786,-0.04769656,-0.05222665,1.57616936,-1.55896411,0.00746835,1,0,1,1,0
809,168333,0.10112313,-0.03877267,-0.05448266,1.62131897,-1.51109396,-0.11208120,1,0,1,1,0
810,168541,0.10721195,-0.03607804,-0.05717454,1.66524057,-1.46073762,-0.22755896,1,0,1,1,0
811,168750,0.09183622,-0.02617312,-0.06226822,1.72460381,-1.36451705,-0.36330518,1,0,1,1,0
812,168958,0.10318255,-0.02637779,-0.06679329,1.75235172,-1.30077289,-0.45517349,1,0,1,1,0
813,169166,0.08633630,-0.01961505,-0.08373003,1.78790981,-1.21118395,-0.56382652,1,0,1,1,0
814,169375,0.10196344,-0.02000800,-0.08014747,1.80023400,-1.11398108,-0.69120178,1,0,1,1,0
815,169583,0.09624943,0.00018801,-0.08388647,1.81338227,-1.01903564,-0.79070179,1,0,1,1,0
816,169791,0.08488436,-0.00050666,-0.07460826,1.81080845,-0.91710025,-0.89829177,1,0,1,1,0
817,170000,0.08676916,0.01269531,-0.08229062,1.80043533,-0.83000349,-0.99345249,1,0,1,1,0
818,170208,0.07519729,0.01992074,-0.09654656,1.80307997,-0.70928364,-1.11148358,1,0,1,1,0
819,170416,0.07714478,0.02377181,-0.08386935,1.79869487,-0.59374238,-1.21097921,1,0,1,1,0
820,170625,0.06656327,0.02260929,-0.10133016,1.76579138,-0.47247792,-1.29031418,1,0,1,1,0
821,170833,0.06761867,0.03245124,-0.08570930,1.70231823,-0.36890242,-1.34834942,1,0,1,1,0
822,171041,0.07200652,0.04137409,-0.09903359,1.67814073,-0.25288354,-1.43171033,1,0,1,1,0
823,171250,0.05207653,0.04136164,-0.09177203,1.61487644,-0.13627078,-1.51548360,1,0,1,1,0
824,171458,0.05343184,0.04851376,-0.09829854,1.58647586,-0.03421642,-1.57318733,1,0,1,1,0
825,171666,0.03236484,0.06029959,-0.09705759,1.51940660,0.12049484,-1.63909407,1,0,1,1,0
826,171875,0.04684107,0.05465298,-0.10820149,1.44592229,0.21034029,-1.68538306,1,0,1,1,0
827,172083,0.03683171,0.07403511,-0.10380268,1.38149401,0.34327354,-1.72085254,1,0,1,1,0
828,172291,0.02306072,0.07235788,-0.09421544,1.29288060,0.45948486,-1.75975800,1,0,1,1,0
829,172500,0.02058785,0.07631650,-0.09564809,1.20306022,0.55488605,-1.78546479,1,0,1,1,0
830,172708,0.01155781,0.07727307,-0.10045247,1.12657126,0.68608130,-1.79920874,1,0,1,1,0
831,172916,0.00429022,0.08389283,-0.08703032,1.03760551,0.78889281,-1.79534258,1,0,1,1,0
832,173125,0.00224461,0.09449593,-0.08835462,0.92188223,0.91261315,-1.82663105,1,0,1,1,0
833,173333,-0.01226883,0.07936488,-0.08560922,0.81043414,1.00443483,-1.80094960,1,0,1,1,0
834,173541,-0.01126460,0.09116176,-0.08294954,0.72414993,1.10097140,-1.80157079,1,0,1,1,0
835,173750,-0.02057419,0.09449815,-0.07455474,0.61366774,1.19316712,-1.77982472,1,0,1,1,0
836,173958,-0.03132251,0.08897722,-0.07087101,0.48991747,1.26723935,-1.75609719,1,0,1,1,0
837,174166,-0.02875917,0.09554103,-0.07292748,0.37585165,1.35644182,-1.73395795,1,0,1,1,0
838,174375,-0.03957607,0.10075124,-0.06412201,0.23377721,1.43352872,-1.69040555,1,0,1,1,0
839,174583,-0.03693528,0.09862475,-0.06032628,0.12381177,1.50248062,-1.63325644,1,0,1,1,0
840,174791,-0.04686687,0.10343397,-0.04892470,0.00287003,1.55507696,-1.57067502,1,0,1,1,0
841,175000,-0.05714317,0.09702045,-0.04846084,-0.10566765,1.63419261,-1.51441182,1,0,1,1,0
842,175208,-0.05409616,0.10090660,-0.04130130,-0.24135524,1.68707963,-1.44787902,1,0,1,1,0
843,175416,-0.07419769,0.10045429,-0.03281518,-0.34556395,1.71802893,-1.37207951,1,0,1,1,0
844,175625,-0.06213220,0.09857393,-0.03691652,-0.46457442,1.73651311,-1.30849224,1,0,1,1,0
845,175833,-0.06884313,0.10131885,-0.00771514,-0.58635676,1.79329114,-1.20624691,1,0,1,1,0
846,176041,-0.07938008,0.08411272,-0.01961070,-0.69258952,1.79138829,-1.10671756,1,0,1,1,0
847,176250,-0.08362367,0.09109627,-0.00729889,-0.79569496,1.81885184,-1.03000381,1,0,1,1,0
848,176458,-0.09463295,0.08066276,0.00314534,-0.88511174,1.83426675,-0.90796432,1,0,1,1,0
849,176666,-0.08755956,0.08640795,0.00448225,-0.99501207,1.84014535,-0.81101139,1,0,1,1,0
850,176875,-0.09674598,0.07342691,0.02146872,-1.10784837,1.80066629,-0.72621257,1,0,1,1,0
851,177083,-0.09162822,0.08219302,0.01963024,-1.18093845,1.78378008,-0.59605493,1,0,1,1,0
852,177291,-0.10663934,0.06464079,0.03239869,-1.26622121,1.74912501,-0.49224473,1,0,1,1,0
853,177500,-0.09722171,0.06995039,0.03042729,-1.35170963,1.70210643,-0.34900534,1,0,1,1,0
854,177708,-0.09478469,0.06008771,0.03745321,-1.41921558,1.69134489,-0.25688146,1,0,1,1,0
855,177916,-0.09722520,0.06173319,0.04486321,-1.49137933,1.62751632,-0.12152736,1,0,1,1,0
856,178125,-0.09488493,0.04505057,0.04224775,-1.56248520,1.58632903,-0.00007248,1,0,1,1,0
857,178333,-0.10523803,0.04922792,0.05820549,-1.62281764,1.52309086,0.09603881,1,0,1,1,0
858,178541,-0.09303732,0.03797147,0.05158338,-1.67502330,1.44937012,0.21624609,1,0,1,1,0
859,178750,-0.10633990,0.03096181,0.07072917,-1.72604611,1.35945320,0.35045324,1,0,1,1,0
860,178958,-0.09772833,0.02220835,0.07227351,-1.76476166,1.31590328,0.45372492,1,0,1,1,0
861,179166,-0.09489120,0.01836600,0.06984502,-1.77948611,1.19211240,0.57649180,1,0,1,1,0
862,179375,-0.10169634,0.00945123,0.07962903,-1.81779102,1.11390384,0.69352993,1,0,1,1,0
863,179583,-0.08969554,0.00909695,0.07636844,-1.81934907,1.02781827,0.78986205,1,0,1,1,0
864,179791,-0.08454629,-0.00047294,0.08641221,-1.83734026,0.89828681,0.91341844,1,0,1,1,0
865,180000,-0.08440264,-0.01915481,0.08859870,-1.81523672,0.81256775,1.00597409,1,0,1,1,0
866,180208,-0.07504596,-0.01038704,0.09599150,-1.80334231,0.71047370,1.09619325,1,0,1,1,0
867,180416,-0.07842697,-0.01847428,0.09710454,-1.78633177,0.58353934,1.20612561,1,0,1,1,0
868,180625,-0.07757813,-0.01721853,0.08816738,-1.77128269,0.49017722,1.27804574,1,0,1,1,0
869,180833,-0.07367412,-0.02470559,0.10489303,-1.73779063,0.36182361,1.35619433,1,0,1,1,0
870,181041,-0.06378824,-0.02967122,0.09820947,-1.68974800,0.25769691,1.43607718,1,0,1,1,0
871,181250,-0.05352689,-0.04068232,0.10050395,-1.62697965,0.14038479,1.52243076,1,0,1,1,0
872,181458,-0.05603422,-0.04648818,0.10435345,-1.56976112,0.00978014,1.57433117,1,0,1,1,0
873,181666,-0.05489944,-0.06983483,0.09647312,-1.52058535,-0.11137083,1.62778699,1,0,1,1,0
874,181875,-0.03915042,-0.05835887,0.09739401,-1.44783003,-0.23663314,1.68592921,1,0,1,1,0
875,182083,-0.03973032,-0.07157961,0.09542601,-1.37561587,-0.34817410,1.71964504,1,0,1,1,0
876,182291,-0.02487123,-0.07275746,0.09182643,-1.29787894,-0.44664868,1.77102885,1,0,1,1,0
877,182500,-0.02935961,-0.07524850,0.09199230,-1.22318451,-0.57397815,1.77949152,1,0,1,1,0
878,182708,-0.00549109,-0.08185910,0.09223298,-1.10888873,-0.70320854,1.80461595,1,0,1,1,0
879,182916,-0.01539595,-0.08146209,0.09489053,-1.02122035,-0.78765193,1.81385727,1,0,1,1,0
880,183125,0.00323271,-0.09002132,0.09174397,-0.93397582,-0.90461467,1.82650076,1,0,1,1,0
881,183333,0.00215175,-0.09315487,0.07983249,-0.81236616,-0.99932673,1.80138880,1,0,1,1,0
882,183541,0.00610209,-0.08630715,0.07258468,-0.70524064,-1.07778893,1.80225357,1,0,1,1,0
883,183750,0.02343150,-0.09709216,0.06624447,-0.60454400,-1.18493863,1.78860282,1,0,1,1,0
884,183958,0.03138096,-0.09701679,0.06795209,-0.50529035,-1.27867705,1.74393678,1,0,1,1,0
885,184166,0.03127686,-0.09939879,0.07216896,-0.36247447,-1.37992261,1.72835260,1,0,1,1,0
886,184375,0.04054761,-0.10387372,0.05792017,-0.25187820,-1.43631764,1.69600122,1,0,1,1,0
887,184583,0.03885774,-0.10932579,0.05763125,-0.14185735,-1.50307267,1.63875756,1,0,1,1,0
888,184791,0.04139222,-0.09630199,0.05786200,-0.01452143,-1.55430202,1.60079449,1,0,1,1,0
889,185000,0.05299913,-0.09412631,0.04786998,0.11909124,-1.63278013,1.52689669,1,0,1,1,0
890,185208,0.05785486,-0.10215335,0.04053767,0.24278895,-1.66946792,1.43993889,1,0,1,1,0
891,185416,0.07133750,-0.09321931,0.02783790,0.33352233,-1.70741388,1.37368142,1,0,1,1,0
892,185625,0.06997866,-0.09389308,0.02921362,0.47080679,-1.76235996,1.30013450,1,0,1,1,0
893,185833,0.07234046,-0.09824055,0.02037640,0.57438271,-1.79799591,1.20842522,1,0,1,1,0
894,186041,0.07638611,-0.08834371,0.00603627,0.68383717,-1.80319333,1.11615789,1,0,1,1,0
895,186250,0.08931475,-0.09547584,0.00807755,0.80703299,-1.82543269,1.02843648,1,0,1,1,0
896,186458,0.09224792,-0.08747428,-0.00052195,0.89102555,-1.84356511,0.92629032,1,0,1,1,0
897,186666,0.08520258,-0.09063003,-0.01458071,0.99702413,-1.81527439,0.79633287,1,0,1,1,0
898,186875,0.09519859,-0.07945815,-0.01075810,1.09680373,-1.79202518,0.71563307,1,0,1,1,0
899,187083,0.09305908,-0.07583690,-0.02770847,1.19736018,-1.79530676,0.60476355,1,0,1,1,0
900,187291,0.09641619,-0.07082201,-0.02640098,1.27604837,-1.77166611,0.47467800,1,0,1,1,0
901,187500,0.09817382,-0.06870542,-0.03185346,1.36504323,-1.72147227,0.36695537,1,0,1,1,0
902,187708,0.09804870,-0.06194527,-0.03431681,1.42180289,-1.69567260,0.24621088,1,0,1,1,0
903,187916,0.10448187,-0.05636780,-0.04155658,1.50298129,-1.64810122,0.13723408,1,0,1,1,0
904,188125,0.09065503,-0.05055655,-0.05295025,1.54986896,-1.57535738,0.02580197,1,0,1,1,0
905,188333,0.10263079,-0.04559228,-0.05208343,1.62808506,-1.52610233,-0.10176648,1,0,1,1,0
906,188541,0.10320903,-0.04392274,-0.06115760,1.66757723,-1.44247219,-0.21797965,1,0,1,1,0
907,188750,0.09811990,-0.03374529,-0.06275477,1.71901457,-1.36359785,-0.33399810,1,0,1,1,0
908,188958,0.09921253,-0.02606524,-0.06835638,1.75400748,-1.28956944,-0.47540476,1,0,1,1,0
909,189166,0.09369449,-0.02168283,-0.06860212,1.80565447,-1.19860917,-0.58092716,1,0,1,1,0
910,189375,0.09441867,-0.01580131,-0.07936998,1.81883580,-1.11415101,-0.69990295,1,0,1,1,0
911,189583,0.09025276,-0.00330398,-0.09116829,1.82744859,-1.00408137,-0.78713502,1,0,1,1,0
912,189791,0.08596066,0.00612396,-0.08234332,1.80996185,-0.90676013,-0.90546233,1,0,1,1,0
913,190000,0.08448928,0.00380946,-0.08435003,1.82621061,-0.81480139,-1.00594347,1,0,1,1,0
914,190208,0.08597821,0.01755428,-0.08872389,1.79769769,-0.70091162,-1.08896851,1,0,1,1,0
915,190416,0.08295878,0.02027673,-0.10322068,1.77569318,-0.59549926,-1.18205386,1,0,1,1,0
916,190625,0.07265733,0.02778844,-0.09984506,1.78137806,-0.48611016,-1.28029713,1,0,1,1,0
917,190833,0.06499296,0.03124499,-0.10553620,1.74241611,-0.37714707,-1.35795730,1,0,1,1,0
918,191041,0.06222594,0.04604005,-0.09138031,1.69429989,-0.26037093,-1.44409521,1,0,1,1,0
919,191250,0.05486241,0.04441531,-0.09900433,1.62821120,-0.13655974,-1.50143847,1,0,1,1,0
920,191458,0.05001642,0.04852697,-0.09895551,1.58062454,-0.01465594,-1.56543863,1,0,1,1,0
921,191666,0.04446677,0.05307780,-0.09339859,1.52666857,0.10214915,-1.62757523,1,0,1,1,0
922,191875,0.03834724,0.04797761,-0.09198766,1.45698991,0.22758541,-1.67980429,1,0,1,1,0
923,192083,0.03746163,0.06991310,-0.09618972,1.39190530,0.33385850,-1.72157823,1,0,1,1,0
924,192291,0.02734531,0.07250406,-0.10248798,1.31001866,0.48378157,-1.77442726,1,0,1,1,0
925,192500,0.01948636,0.07735944,-0.09612397,1.21125564,0.56588786,-1.80103738,1,0,1,1,0
926,192708,0.00559383,0.08341975,-0.08758417,1.11690132,0.68601657,-1.80278288,1,0,1,1,0
927,192916,0.00492573,0.08273608,-0.09017253,1.03061525,0.79891074,-1.80705057,1,0,1,1,0
928,193125,-0.00129554,0.09052401,-0.08587886,0.92438586,0.89412616,-1.82429588,1,0,1,1,0
929,193333,-0.00908511,0.09216443,-0.08375389,0.82972935,1.01028699,-1.83338231,1,0,1,1,0
930,193541,-0.01592431,0.08999914,-0.07469944,0.70526958,1.09856761,-1.80162378,1,0,1,1,0
931,193750,-0.01596036,0.09768238,-0.07848800,0.59803767,1.17165836,-1.76939290,1,0,1,1,0
932,193958,-0.03383688,0.09381267,-0.06152515,0.48030508,1.27412132,-1.75265645,1,0,1,1,0
933,194166,-0.03837856,0.09424250,-0.07183485,0.36481899,1.36191281,-1.71434410,1,0,1,1,0
934,194375,-0.03917938,0.09941802,-0.06188030,0.23362470,1.43204970,-1.69038869,1,0,1,1,0
935,194583,-0.05358542,0.09330804,-0.05935357,0.14469225,1.50161804,-1.63519816,1,0,1,1,0
936,194791,-0.05595826,0.10005273,-0.05332279,0.00221646,1.57410006,-1.57672395,1,0,1,1,0
937,195000,-0.05410344,0.09533336,-0.05357189,-0.10423195,1.63291413,-1.52213654,1,0,1,1,0
938,195208,-0.05615682,0.09871101,-0.04205717,-0.22036602,1.68213346,-1.45303464,1,0,1,1,0
939,195416,-0.06070518,0.10034746,-0.03035147,-0.33845882,1.70825497,-1.38966530,1,0,1,1,0
940,195625,-0.07312086,0.10151863,-0.03176898,-0.46365126,1.75392384,-1.30052355,1,0,1,1,0
941,195833,-0.07595599,0.09517291,-0.02137254,-0.55731316,1.76287779,-1.21100609,1,0,1,1,0
942,196041,-0.08383937,0.09593968,-0.01246121,-0.70512203,1.80909873,-1.11850400,1,0,1,1,0
943,196250,-0.08063510,0.08360143,-0.01494221,-0.80078882,1.80960824,-1.00843698,1,0,1,1,0
944,196458,-0.07644051,0.08911333,-0.00741080,-0.91107173,1.81209611,-0.93536021,1,0,1,1,0
945,196666,-0.08138234,0.08869470,0.00798283,-1.02496837,1.83084419,-0.81246133,1,0,1,1,0
946,196875,-0.09735615,0.07899183,0.01337884,-1.10677580,1.79050765,-0.71536140,1,0,1,1,0
947,197083,-0.09581968,0.07207816,0.01642554,-1.19745670,1.79298142,-0.60382914,1,0,1,1,0
948,197291,-0.09361068,0.07307644,0.03876600,-1.27115170,1.76874015,-0.50263550,1,0,1,1,0
949,197500,-0.10809532,0.06413126,0.03205956,-1.34282606,1.72993659,-0.36185391,1,0,1,1,0
950,197708,-0.10292413,0.05650164,0.03836569,-1.44928682,1.67479935,-0.23501055,1,0,1,1,0
951,197916,-0.10317693,0.06048433,0.04213175,-1.51089447,1.63730126,-0.13174597,1,0,1,1,0
952,198125,-0.10701369,0.05650991,0.04494849,-1.58922036,1.57682524,-0.00834302,1,0,1,1,0
953,198333,-0.10898974,0.03853759,0.05858657,-1.62170882,1.50691696,0.10769831,1,0,1,1,0
954,198541,-0.09789227,0.03802888,0.06288145,-1.68947099,1.46714959,0.22790313,1,0,1,1,0
955,198750,-0.09797075,0.04544993,0.07640417,-1.71439509,1.37088572,0.34256682,1,0,1,1,0
956,198958,-0.09099138,0.03137692,0.06451636,-1.75287682,1.29890795,0.46337010,1,0,1,1,0
957,199166,-0.09358685,0.01729094,0.08064544,-1.78285921,1.19055219,0.57341829,1,0,1,1,0
958,199375,-0.08174563,0.01948021,0.08119189,-1.79892664,1.13289648,0.68769115,1,0,1,1,0
959,199583,-0.08883708,0.01152836,0.09205015,-1.82677740,1.02585280,0.78985014,1,0,1,1,0
960,199791,-0.08716244,-0.00118592,0.09124785,-1.83624738,0.91802033,0.90175524,1,0,1,1,0
961,200000,-0.08644253,-0.01226615,0.09281082,-1.83037924,0.80639252,1.00330783,1,0,1,1,0
962,200208,-0.08901174,-0.00316761,0.09400322,-1.78413996,0.70525417,1.10061437,1,0,1,1,0
963,200416,-0.07249313,-0.01709846,0.10162332,-1.79001591,0.60260332,1.18245188,1,0,1,1,0
964,200625,-0.07592716,-0.03145634,0.09833669,-1.76463705,0.48828584,1.27604920,1,0,1,1,0
965,200833,-0.07187765,-0.02594390,0.09753214,-1.73072581,0.38332838,1.36925301,1,0,1,1,0
966,201041,-0.06984550,-0.04328417,0.10375262,-1.69054186,0.25115292,1.43367227,1,0,1,1,0
967,201250,-0.05675104,-0.04649767,0.10023089,-1.64810684,0.14432240,1.50494195,1,0,1,1,0
968,201458,-0.05252490,-0.05267205,0.09416498,-1.56936518,0.01575778,1.57230392,1,0,1,1,0
969,201666,-0.03607938,-0.05469843,0.09428730,-1.51728997,-0.11782766,1.62729267,1,0,1,1,0
970,201875,-0.03883757,-0.05326219,0.09356558,-1.47365837,-0.22653841,1.69751812,1,0,1,1,0
971,202083,-0.03803395,-0.06447851,0.09825144,-1.36551225,-0.32925137,1.73071206,1,0,1,1,0
972,202291,-0.02698263,-0.07371120,0.10011503,-1.30290954,-0.46927860,1.74966971,1,0,1,1,0
973,202500,-0.02018565,-0.07498595,0.08700894,-1.19386996,-0.58140842,1.78711952,1,0,1,1,0
974,202708,-0.01142573,-0.08001749,0.09363450,-1.13326558,-0.69269143,1.78999814,1,0,1,1,0
975,202916,-0.00510407,-0.07742182,0.08119033,-1.02908651,-0.79542705,1.82311047,1,0,1,1,0
976,203125,-0.00084218,-0.08344807,0.09696466,-0.93236347,-0.89590042,1.82427971,1,0,1,1,0
977,203333,-0.00198114,-0.08599013,0.09030817,-0.80470383,-1.01077139,1.83124212,1,0,1,1,0
978,203541,0.00476907,-0.09459229,0.07406180,-0.68144516,-1.09073095,1.82473370,1,0,1,1,0
979,203750,0.02141818,-0.09013047,0.08820862,-0.58316971,-1.19440390,1.77866950,1,0,1,1,0
980,203958,0.01982507,-0.09449899,0.07646552,-0.49695928,-1.27998906,1.77166870,1,0,1,1,0
981,204166,0.03054887,-0.09377556,0.06567947,-0.36149469,-1.35422889,1.74061371,1,0,1,1,0
982,204375,0.04013889,-0.08892693,0.05910845,-0.25230428,-1.43690201,1.68735499,1,0,1,1,0
983,204583,0.03871033,-0.10123030,0.05870974,-0.13949200,-1.50678936,1.61601820,1,0,1,1,0
984,204791,0.05588706,-0.08210418,0.05327024,-0.00252894,-1.57269392,1.57852004,1,0,1,1,0
985,205000,0.05235711,-0.10213536,0.04792273,0.11187947,-1.62056389,1.50622662,1,0,1,1,0
986,205208,0.05614362,-0.10102928,0.03362469,0.23708455,-1.67676042,1.44391003,1,0,1,1,0
987,205416,0.06757980,-0.09913153,0.03194956,0.34700223,-1.73216882,1.37379467,1,0,1,1,0
988,205625,0.06354711,-0.08865782,0.02837462,0.45878623,-1.75393429,1.28490043,1,0,1,1,0
989,205833,0.07584496,-0.09153539,0.02588952,0.57180607,-1.78735586,1.20796784,1,0,1,1,0
990,206041,0.07935910,-0.09334280,0.01016567,0.68014869,-1.80097814,1.12573371,1,0,1,1,0
991,206250,0.07969723,-0.09088191,0.01120269,0.79215574,-1.80657673,1.02999582,1,0,1,1,0
992,206458,0.08798646,-0.08799558,0.00343090,0.88978484,-1.82696420,0.92545852,1,0,1,1,0
993,206666,0.08794040,-0.08481566,-0.00796708,1.01011609,-1.80831963,0.83982798,1,0,1,1,0
994,206875,0.08377733,-0.08748874,-0.00730016,1.09449369,-1.80960971,0.68506490,1,0,1,1,0
995,207083,0.09623041,-0.07299029,-0.02464811,1.18935212,-1.80343606,0.58658821,1,0,1,1,0
996,207291,0.10155303,-0.06419591,-0.02643464,1.26568288,-1.76701883,0.48244710,1,0,1,1,0
997,207500,0.09880268,-0.07256780,-0.03175929,1.35802759,-1.72202571,0.35800334,1,0,1,1,0
998,207708,0.09770891,-0.06137794,-0.04719379,1.42291317,-1.70022535,0.24313414,1,0,1,1,0
999,207916,0.11215077,-0.05719268,-0.04289043,1.51361748,-1.65191427,0.14948840,1,0,1,1,0
1000,208125,0.09889414,-0.05472836,-0.04403795,1.58567365,-1.56680055,0.02235741,1,0,1,1,0
1001,208333,0.09618767,-0.04574779,-0.05755001,1.64536128,-1.52965445,-0.10494453,1,0,1,1,0
1002,208541,0.10287380,-0.03366660,-0.05531112,1.69625707,-1.45905986,-0.23806958,1,0,1,1,0
1003,208750,0.10660322,-0.02727221,-0.06231851,1.72112840,-1.37379653,-0.33396500,1,0,1,1,0
1004,208958,0.08993288,-0.03339792,-0.07074283,1.74398612,-1.29255804,-0.45842070,1,0,1,1,0
1005,209166,0.09452256,-0.01895236,-0.07239769,1.78974496,-1.20219926,-0.57366194,1,0,1,1,0
1006,209375,0.08935309,-0.01608165,-0.08126328,1.80685240,-1.13090768,-0.67280437,1,0,1,1,0
1007,209583,0.10173637,-0.01495052,-0.07378112,1.82276754,-1.01806355,-0.79993124,1,0,1,1,0
1008,209791,0.08999263,-0.00421137,-0.09232357,1.80945371,-0.92415576,-0.89622998,1,0,1,1,0
1009,210000,0.08283294,0.00382184,-0.08839585,1.82202071,-0.79455874,-1.00883968,1,0,1,1,0
1010,210208,0.08156278,0.01273989,-0.08913658,1.81261807,-0.71814283,-1.10042704,1,0,1,1,0
1011,210416,0.07260354,0.01980914,-0.09475777,1.79106825,-0.59380045,-1.20427226,1,0,1,1,0
1012,210625,0.07025241,0.02452701,-0.09586691,1.75569806,-0.47713585,-1.27421251,1,0,1,1,0
1013,210833,0.07320625,0.02764538,-0.09884544,1.72074101,-0.37445465,-1.37513643,1,0,1,1,0
1014,211041,0.06950516,0.04055182,-0.10293719,1.68003585,-0.24038588,-1.43385264,1,0,1,1,0
1015,211250,0.06044602,0.04570789,-0.10069531,1.63740943,-0.11854644,-1.49386104,1,0,1,1,0
1016,211458,0.04550866,0.04260622,-0.09436172,1.58735161,-0.01111798,-1.56008626,1,0,1,1,0
1017,211666,0.04442747,0.05447942,-0.11125309,1.52820330,0.11367618,-1.63861447,1,0,1,1,0
1018,211875,0.03961709,0.05491781,-0.10227764,1.44494881,0.22830915,-1.67852122,1,0,1,1,0
1019,212083,0.03454088,0.06116235,-0.09777618,1.38812133,0.34415643,-1.72530849,1,0,1,1,0
1020,212291,0.03014671,0.06165254,-0.10377565,1.28618946,0.47456600,-1.74374140,1,0,1,1,0
1021,212500,0.01615721,0.08209971,-0.09442489,1.21148863,0.57908868,-1.77449646,1,0,1,1,0
1022,212708,0.01299121,0.08582791,-0.09159391,1.11953582,0.69755164,-1.80436553,1,0,1,1,0
1023,212916,0.01365609,0.08467607,-0.09011590,1.00626733,0.79679939,-1.84185068,1,0,1,1,0
1024,213125,0.00163638,0.08803298,-0.08833468,0.93162040,0.90840184,-1.83969350,1,0,1,1,0
1025,213333,-0.00960615,0.08089304,-0.07637456,0.81433057,1.00724851,-1.84067486,1,0,1,1,0
1026,213541,-0.01059041,0.08535958,-0.07708303,0.71510415,1.08047205,-1.81903527,1,0,1,1,0
1027,213750,-0.02425827,0.10039389,-0.07163505,0.59643954,1.18728129,-1.78031346,1,0,1,1,0
1028,213958,-0.02241017,0.09593013,-0.07798171,0.49642735,1.28170236,-1.74684686,1,0,1,1,0
1029,214166,-0.02400071,0.09164726,-0.07423527,0.37133342,1.35595237,-1.73550741,1,0,1,1,0
1030,214375,-0.03888379,0.10179958,-0.06389519,0.25918061,1.42273693,-1.68388802,1,0,1,1,0
1031,214583,-0.03981861,0.09634648,-0.05525657,0.13662190,1.50486548,-1.64884322,1,0,1,1,0
1032,214791,-0.04962349,0.09288579,-0.04658111,0.01215130,1.57932863,-1.58058377,1,0,1,1,0
1033,215000,-0.06894007,0.09679695,-0.05125908,-0.11510602,1.63623278,-1.52249576,1,0,1,1,0
1034,215208,-0.06095340,0.10117968,-0.04002761,-0.23721896,1.67306532,-1.46791669,1,0,1,1,0
1035,215416,-0.06025488,0.10666784,-0.02505346,-0.35328697,1.69738090,-1.36484364,1,0,1,1,0
1036,215625,-0.06826539,0.09857003,-0.02761196,-0.45714726,1.72039529,-1.30219870,1,0,1,1,0
1037,215833,-0.07264541,0.09192462,-0.02584701,-0.55095817,1.77209562,-1.20478699,1,0,1,1,0
1038,216041,-0.07498230,0.08628671,-0.01126925,-0.68220057,1.79814164,-1.11735632,1,0,1,1,0
1039,216250,-0.08376120,0.09506822,-0.01601677,-0.79004806,1.81292843,-1.00956895,1,0,1,1,0
1040,216458,-0.08643762,0.09235269,-0.00751577,-0.90637109,1.81925440,-0.92433128,1,0,1,1,0
1041,216666,-0.09443752,0.08060341,0.00372336,-1.01576397,1.81482595,-0.83851753,1,0,1,1,0
1042,216875,-0.08720237,0.08357835,0.00956596,-1.09674547,1.81318897,-0.70652741,1,0,1,1,0
1043,217083,-0.09957808,0.07482014,0.01848137,-1.19439033,1.77824687,-0.58349352,1,0,1,1,0
1044,217291,-0.09019698,0.06791412,0.03094765,-1.27816088,1.75542342,-0.49763706,1,0,1,1,0
1045,217500,-0.10283355,0.07200384,0.02694666,-1.37412408,1.72805298,-0.36385040,1,0,1,1,0
1046,217708,-0.10140028,0.05479758,0.02865834,-1.43077227,1.68618813,-0.25026155,1,0,1,1,0
1047,217916,-0.09898667,0.05667475,0.04302930,-1.49953064,1.62974182,-0.13299712,1,0,1,1,0
1048,218125,-0.09710811,0.04082302,0.05456845,-1.57042451,1.58884138,-0.01823496,1,0,1,1,0
1049,218333,-0.09308527,0.04692300,0.05557227,-1.63327532,1.52099862,0.12828049,1,0,1,1,0
1050,218541,-0.09623020,0.04551796,0.06041260,-1.65022743,1.45026226,0.24192701,1,0,1,1,0
1051,218750,-0.10195801,0.02774250,0.06457421,-1.70310142,1.37653164,0.34144785,1,0,1,1,0
1052,218958,-0.09377847,0.02338000,0.06938399,-1.77057766,1.30610893,0.43408311,1,0,1,1,0
1053,219166,-0.08833515,0.02432154,0.07881107,-1.77213323,1.21050034,0.59008915,1,0,1,1,0
1054,219375,-0.09347256,0.01873695,0.07576017,-1.78460271,1.12686429,0.69720536,1,0,1,1,0
1055,219583,-0.08845462,0.00599666,0.07531224,-1.82326540,1.02031629,0.81329747,1,0,1,1,0
1056,219791,-0.08250013,-0.00328939,0.08604274,-1.82717922,0.93024410,0.90511668,1,0,1,1,0
1057,220000,-0.07998377,-0.00974397,0.08257081,-1.81711372,0.81075856,1.00889827,1,0,1,1,0
1058,220208,-0.08439103,-0.00680022,0.08949386,-1.79495322,0.70208401,1.10294352,1,0,1,1,0
1059,220416,-0.07774877,-0.01961100,0.08346520,-1.79295271,0.59222808,1.19909663,1,0,1,1,0
1060,220625,-0.07600246,-0.02764339,0.08626246,-1.75229799,0.48688705,1.28908227,1,0,1,1,0
1061,220833,-0.07612323,-0.02598798,0.10426318,-1.71938728,0.35816243,1.36326140,1,0,1,1,0
1062,221041,-0.06255294,-0.04437610,0.10371193,-1.69100033,0.24363862,1.43355669,1,0,1,1,0
1063,221250,-0.06070841,-0.04628652,0.10312379,-1.63987968,0.12199960,1.50869468,1,0,1,1,0
1064,221458,-0.05046107,-0.05133708,0.10449033,-1.57651290,0.01285224,1.57609896,1,0,1,1,0
1065,221666,-0.05070641,-0.05727475,0.09825603,-1.51064510,-0.12057985,1.64424434,1,0,1,1,0
1066,221875,-0.03696386,-0.06482165,0.09277715,-1.44459391,-0.22534307,1.67436482,1,0,1,1,0
1067,222083,-0.02860850,-0.06529647,0.09776633,-1.37418886,-0.32950256,1.71816501,1,0,1,1,0
1068,222291,-0.02246828,-0.07240671,0.10004750,-1.29476523,-0.45400001,1.75716757,1,0,1,1,0
1069,222500,-0.01970020,-0.06570128,0.09593892,-1.19922915,-0.56618787,1.78630130,1,0,1,1,0
1070,222708,-0.01205793,-0.09495702,0.09024085,-1.10517321,-0.69225830,1.80412000,1,0,1,1,0
1071,222916,-0.00744892,-0.09122141,0.09683671,-1.03052818,-0.80012459,1.81399200,1,0,1,1,0
1072,223125,0.00491620,-0.08391200,0.09960311,-0.91326156,-0.91218627,1.81882587,1,0,1,1,0
1073,223333,0.00352433,-0.10151436,0.08416491,-0.82174476,-1.00976832,1.81646107,1,0,1,1,0
1074,223541,0.00856638,-0.09895724,0.07787395,-0.70567187,-1.09215243,1.80916064,1,0,1,1,0
1075,223750,0.01177150,-0.08382737,0.08126014,-0.59551872,-1.18955061,1.78394909,1,0,1,1,0
1076,223958,0.01291166,-0.09894547,0.07095323,-0.48177432,-1.27288305,1.77148307,1,0,1,1,0
1077,224166,0.02974576,-0.10157550,0.06534352,-0.36954308,-1.35154225,1.71086076,1,0,1,1,0
1078,224375,0.04472438,-0.09408657,0.06235636,-0.24873503,-1.43600001,1.69854385,1,0,1,1,0
1079,224583,0.03902513,-0.10742418,0.06111984,-0.12699663,-1.53479921,1.64378972,1,0,1,1,0
1080,224791,0.05012932,-0.09839778,0.05000350,-0.02104906,-1.55757528,1.59029476,1,0,1,1,0
1081,225000,0.06033294,-0.10169828,0.04203373,0.11252177,-1.61748252,1.49813696,1,0,1,1,0
1082,225208,0.05402550,-0.10245482,0.03390385,0.21071324,-1.69465013,1.44795649,1,0,1,1,0
1083,225416,0.07028935,-0.10002421,0.02724253,0.33989533,-1.72896633,1.37242344,1,0,1,1,0
1084,225625,0.06546650,-0.08894192,0.03158899,0.46308617,-1.76490422,1.30791033,1,0,1,1,0
1085,225833,0.07234619,-0.09615621,0.02193427,0.56149289,-1.77758461,1.19822362,1,0,1,1,0
1086,226041,0.07817948,-0.09622627,0.00282417,0.67867959,-1.82928173,1.11378203,1,0,1,1,0
1087,226250,0.08657372,-0.09497984,0.01003750,0.79239333,-1.81873502,1.02375050,1,0,1,1,0
1088,226458,0.08105101,-0.09030155,-0.00145616,0.90518705,-1.81270316,0.92057393,1,0,1,1,0
1089,226666,0.08953319,-0.07549780,-0.00257274,1.00236163,-1.82261498,0.83285379,1,0,1,1,0
1090,226875,0.08927830,-0.06641000,-0.02053154,1.09412266,-1.80809063,0.70636698,1,0,1,1,0
1091,227083,0.10009542,-0.07468934,-0.01599101,1.20250305,-1.79897657,0.60653212,1,0,1,1,0
1092,227291,0.08970205,-0.07323685,-0.01352402,1.30352952,-1.75046184,0.47294087,1,0,1,1,0
1093,227500,0.08870353,-0.06032548,-0.02452901,1.36075635,-1.73848997,0.37469549,1,0,1,1,0
1094,227708,0.10611577,-0.05919305,-0.04157597,1.46184051,-1.68495303,0.22236330,1,0,1,1,0
1095,227916,0.10381553,-0.06267984,-0.04470396,1.51982009,-1.63236225,0.13690905,1,0,1,1,0
1096,228125,0.08839278,-0.04845514,-0.04433537,1.57263530,-1.57713234,0.00816962,1,0,1,1,0
1097,228333,0.10605936,-0.04039935,-0.05227612,1.63110892,-1.51690254,-0.11544655,1,0,1,1,0
1098,228541,0.10144777,-0.04300891,-0.05666643,1.66778511,-1.44886347,-0.23384676,1,0,1,1,0
1099,228750,0.10063968,-0.03150190,-0.07340722,1.71117154,-1.35695744,-0.34144582,1,0,1,1,0
1100,228958,0.09279874,-0.02486257,-0.06745079,1.75497917,-1.30526068,-0.46133557,1,0,1,1,0
1101,229166,0.08903898,-0.02621563,-0.08485740,1.79018319,-1.23177259,-0.57125486,1,0,1,1,0
1102,229375,0.09810284,-0.01347086,-0.08556254,1.79953804,-1.09589379,-0.68067840,1,0,1,1,0
1103,229583,0.09295082,0.00521141,-0.08338413,1.81650127,-1.02384279,-0.80127571,1,0,1,1,0
1104,229791,0.09245079,-0.00308099,-0.08963507,1.82091112,-0.93613824,-0.89453059,1,0,1,1,0
1105,230000,0.08368336,0.00423914,-0.08793562,1.81823768,-0.79415720,-1.00284649,1,0,1,1,0
1106,230208,0.08301286,0.01235260,-0.09474259,1.80496802,-0.71660965,-1.09574152,1,0,1,1,0
1107,230416,0.06840627,0.02188068,-0.09359093,1.78492892,-0.61209616,-1.20833558,1,0,1,1,0
1108,230625,0.07073388,0.02020907,-0.09284481,1.76020857,-0.47989119,-1.26235512,1,0,1,1,0
1109,230833,0.06794937,0.03630468,-0.09037727,1.73874980,-0.37808797,-1.36018659,1,0,1,1,0
1110,231041,0.05363062,0.03800774,-0.09965076,1.68183037,-0.25163442,-1.42319919,1,0,1,1,0
1111,231250,0.06464029,0.05786375,-0.09307850,1.64980132,-0.13366302,-1.51861816,1,0,1,1,0
1112,231458,0.04295402,0.04932214,-0.09280347,1.57397803,-0.02564327,-1.57142971,1,0,1,1,0
1113,231666,0.04912795,0.05804299,-0.10074236,1.52915823,0.12298591,-1.63441733,1,0,1,1,0
1114,231875,0.04233483,0.05444358,-0.10292655,1.44971934,0.23804287,-1.68503487,1,0,1,1,0
1115,232083,0.04647843,0.05633673,-0.10828558,1.36370989,0.34069840,-1.72883772,1,0,1,1,0
1116,232291,0.02681590,0.07613810,-0.09652454,1.30195227,0.45366314,-1.73771557,1,0,1,1,0
1117,232500,0.01812143,0.08078105,-0.09932233,1.18989776,0.56745089,-1.77793862,1,0,1,1,0
1118,232708,0.00956606,0.08377180,-0.08904564,1.09085236,0.68282856,-1.80770712,1,0,1,1,0
1119,232916,0.00391460,0.07897563,-0.09003055,1.01566935,0.79011902,-1.81669585,1,0,1,1,0
1120,233125,-0.00253879,0.08559405,-0.09524646,0.92937504,0.90026434,-1.82165921,1,0,1,1,0
1121,233333,-0.00409338,0.09382677,-0.08425733,0.81303512,0.98425456,-1.81293296,1,0,1,1,0
1122,233541,-0.01194609,0.10065478,-0.08742882,0.69194694,1.09410544,-1.82601967,1,0,1,1,0
1123,233750,-0.01939691,0.09734715,-0.08254814,0.59546621,1.17452012,-1.77940192,1,0,1,1,0
1124,233958,-0.03663806,0.10377546,-0.07382906,0.48243469,1.28273047,-1.76075548,1,0,1,1,0
1125,234166,-0.03278799,0.09859862,-0.06375173,0.34693194,1.35369920,-1.72992494,1,0,1,1,0
1126,234375,-0.04626848,0.09987210,-0.06016648,0.26047732,1.45525172,-1.67665030,1,0,1,1,0
1127,234583,-0.03241901,0.09902568,-0.04967973,0.11909877,1.51238966,-1.62853617,1,0,1,1,0
1128,234791,-0.05281516,0.09605646,-0.05017822,0.00970684,1.56507070,-1.58525083,1,0,1,1,0
1129,235000,-0.04822026,0.10387359,-0.04611420,-0.11342946,1.63443312,-1.52291972,1,0,1,1,0
1130,235208,-0.06278475,0.10160470,-0.03974682,-0.22504087,1.65271978,-1.45249724,1,0,1,1,0
1131,235416,-0.06940924,0.10471882,-0.03451395,-0.35462732,1.71446774,-1.36914560,1,0,1,1,0
1132,235625,-0.06760752,0.09817710,-0.02302045,-0.47383646,1.76278854,-1.29955711,1,0,1,1,0
1133,235833,-0.07016402,0.09861679,-0.02103967,-0.56939983,1.79955844,-1.20706566,1,0,1,1,0
1134,236041,-0.07507623,0.09301161,-0.01612947,-0.70680501,1.79536360,-1.13607016,1,0,1,1,0
1135,236250,-0.07560426,0.09706874,-0.00826541,-0.81050573,1.82214919,-1.02792174,1,0,1,1,0
1136,236458,-0.07960535,0.09544517,0.00298536,-0.90897775,1.80444350,-0.92610039,1,0,1,1,0
1137,236666,-0.08807179,0.08118158,0.00040044,-0.99647766,1.81340221,-0.83512850,1,0,1,1,0
1138,236875,-0.08821364,0.07472329,0.00639673,-1.08067966,1.81820510,-0.72863961,1,0,1,1,0
1139,237083,-0.09062895,0.08121102,0.02211734,-1.20464559,1.77763754,-0.59567834,1,0,1,1,0
1140,237291,-0.09775088,0.07866257,0.02686048,-1.27178728,1.75893262,-0.46680788,1,0,1,1,0
1141,237500,-0.09715120,0.07099627,0.03468611,-1.36680208,1.73326522,-0.36594420,1,0,1,1,0
1142,237708,-0.09963916,0.05954011,0.03185372,-1.44217781,1.68024390,-0.25359081,1,0,1,1,0
1143,237916,-0.10203341,0.05612157,0.04624700,-1.49872722,1.63443679,-0.13927290,1,0,1,1,0
1144,238125,-0.10431106,0.05619764,0.04403313,-1.55746824,1.57430013,-0.02295770,1,0,1,1,0
1145,238333,-0.09286780,0.04168900,0.05776368,-1.63573677,1.51751574,0.11007703,1,0,1,1,0
1146,238541,-0.09298316,0.03916750,0.06002367,-1.68176162,1.47091244,0.20984739,1,0,1,1,0
1147,238750,-0.09975245,0.02902923,0.05606417,-1.72254070,1.37359563,0.35553427,1,0,1,1,0
1148,238958,-0.08184043,0.03834057,0.06129582,-1.77617951,1.28717251,0.45592144,1,0,1,1,0
1149,239166,-0.09125998,0.02723875,0.08091060,-1.77402482,1.19886882,0.59010070,1,0,1,1,0
1150,239375,-0.09020620,0.01103033,0.08048415,-1.80197500,1.13993810,0.67760700,1,0,1,1,0
1151,239583,-0.08803678,0.01273739,0.08569895,-1.81590990,1.03537680,0.80854016,1,0,1,1,0
1152,239791,-0.08842362,0.00181319,0.08812665,-1.81200157,0.92723314,0.89455975,1,0,1,1,0
1153,240000,-0.08753331,-0.00384479,0.09018966,-1.81269212,0.81989825,1.00829936,1,0,1,1,0
1154,240208,-0.08523532,-0.01621972,0.09356896,-1.80915732,0.69627423,1.09867546,1,0,1,1,0
1155,240416,-0.06860048,-0.01977128,0.09866360,-1.78949600,0.59850170,1.18873609,1,0,1,1,0
1156,240625,-0.06698620,-0.02483481,0.09868208,-1.76012407,0.49063268,1.27848826,1,0,1,1,0
1157,240833,-0.06615663,-0.04253555,0.09592372,-1.71588734,0.35684823,1.34587883,1,0,1,1,0
1158,241041,-0.05148743,-0.03302471,0.10072061,-1.69517472,0.24359468,1.44540985,1,0,1,1,0
1159,241250,-0.04664678,-0.03517021,0.10597448,-1.64796057,0.14265493,1.50660661,1,0,1,1,0
1160,241458,-0.04929992,-0.04168771,0.10536610,-1.57614877,0.01791174,1.56440980,1,0,1,1,0
1161,241666,-0.03662299,-0.05629714,0.10227554,-1.50772863,-0.10979561,1.63476195,1,0,1,1,0
1162,241875,-0.03817755,-0.06583579,0.10099041,-1.44533842,-0.23865676,1.68350759,1,0,1,1,0
1163,242083,-0.02721053,-0.06401658,0.09815680,-1.37819260,-0.35233634,1.73010492,1,0,1,1,0
1164,242291,-0.01829056,-0.06696381,0.09571832,-1.31238112,-0.46800827,1.75814241,1,0,1,1,0
1165,242500,-0.02128041,-0.08388260,0.09810325,-1.21810865,-0.56603460,1.78756336,1,0,1,1,0
1166,242708,-0.01266818,-0.08141254,0.09304625,-1.11401649,-0.66970041,1.79028663,1,0,1,1,0
1167,242916,-0.00967026,-0.08572190,0.08370492,-1.00114717,-0.80728022,1.81240281,1,0,1,1,0
1168,243125,0.00046913,-0.08503863,0.08254983,-0.91972170,-0.90207077,1.81752905,1,0,1,1,0
1169,243333,-0.00270723,-0.08403715,0.08102315,-0.81733297,-1.00901353,1.81417113,1,0,1,1,0
1170,243541,0.02203161,-0.08963982,0.08391439,-0.70259046,-1.10548173,1.81611992,1,0,1,1,0
1171,243750,0.01554636,-0.09956318,0.07369182,-0.59964150,-1.19152631,1.77476164,1,0,1,1,0
1172,243958,0.01746401,-0.10265344,0.07345824,-0.45697291,-1.26011167,1.77157489,1,0,1,1,0
1173,244166,0.03297289,-0.10606586,0.07455725,-0.36571778,-1.33407282,1.72724931,1,0,1,1,0
1174,244375,0.03902326,-0.09039911,0.06277814,-0.26337722,-1.42074162,1.69007992,1,0,1,1,0
1175,244583,0.04288892,-0.10635363,0.05141249,-0.13344992,-1.50929166,1.63415195,1,0,1,1,0
1176,244791,0.05171309,-0.09634483,0.04724868,-0.01620947,-1.56676894,1.57109443,1,0,1,1,0
1177,245000,0.05846197,-0.09589192,0.04506712,0.08050429,-1.63774310,1.52716896,1,0,1,1,0
1178,245208,0.06275155,-0.10142032,0.04745842,0.22012632,-1.67851725,1.44804316,1,0,1,1,0
1179,245416,0.06136568,-0.09804283,0.03908645,0.32769795,-1.72056267,1.36658084,1,0,1,1,0
1180,245625,0.06499078,-0.09244104,0.02986955,0.47654284,-1.76642795,1.30449091,1,0,1,1,0
1181,245833,0.07060147,-0.08532871,0.01990266,0.58057995,-1.78355033,1.20550156,1,0,1,1,0
1182,246041,0.07891781,-0.09097961,0.01088464,0.67046486,-1.79496890,1.12498763,1,0,1,1,0
1183,246250,0.07685005,-0.08346198,0.01043661,0.80496939,-1.81568603,1.04241512,1,0,1,1,0
1184,246458,0.08764133,-0.07511731,-0.00064693,0.90417195,-1.83600423,0.92974226,1,0,1,1,0
1185,246666,0.09584774,-0.08601917,-0.00557950,0.99593689,-1.81056567,0.82187018,1,0,1,1,0
1186,246875,0.09462321,-0.07575268,-0.02717857,1.08762713,-1.80181984,0.70855870,1,0,1,1,0
1187,247083,0.09600633,-0.07491444,-0.01576433,1.19948635,-1.77177514,0.60597906,1,0,1,1,0
1188,247291,0.09613751,-0.06762191,-0.02994281,1.28890096,-1.77699158,0.50402168,1,0,1,1,0
1189,247500,0.09916153,-0.06892859,-0.02831785,1.35060675,-1.72529165,0.35996845,1,0,1,1,0
1190,247708,0.10298716,-0.06277073,-0.03436552,1.42452787,-1.67132757,0.24963251,1,0,1,1,0
1191,247916,0.10593074,-0.06257573,-0.04008842,1.50695096,-1.64878054,0.12845678,1,0,1,1,0
1192,248125,0.09071560,-0.05182633,-0.04866843,1.56652763,-1.56331402,0.00697405,1,0,1,1,0
1193,248333,0.09916809,-0.04711180,-0.06226817,1.61647311,-1.51968281,-0.11118448,1,0,1,1,0
1194,248541,0.10304261,-0.03986937,-0.05963523,1.67132844,-1.44956591,-0.24066675,1,0,1,1,0
1195,248750,0.09856862,-0.02898740,-0.06458017,1.73320519,-1.37801516,-0.34278528,1,0,1,1,0
1196,248958,0.09947667,-0.02558446,-0.07436020,1.74496962,-1.30133948,-0.47487375,1,0,1,1,0
1197,249166,0.08738607,-0.02010171,-0.07698058,1.77942699,-1.19084759,-0.59355263,1,0,1,1,0
1198,249375,0.09220056,-0.01717897,-0.08234092,1.80715494,-1.10746977,-0.67503952,1,0,1,1,0
1199,249583,0.09131735,-0.00907376,-0.07682781,1.81820437,-1.00648891,-0.78999331,1,0,1,1,0
1200,249791,0.09014137,-0.01173792,-0.09357596,1.81801724,-0.91693696,-0.88538488,1,0,1,1,0
1201,250000,0.06141302,-0.00635464,-0.07991529,1.95216610,-0.83986099,-1.09530621,1,0,1,1,0
1202,250208,0.05481952,0.00142077,-0.08517722,1.94080800,-0.71721931,-1.19153958,1,0,1,1,0
1203,250416,0.04884891,0.01428655,-0.09322809,1.89924792,-0.59407971,-1.28864875,1,0,1,1,0
1204,250625,0.05239314,0.01715876,-0.10336786,1.88524171,-0.47337757,-1.35848198,1,0,1,1,0
1205,250833,0.05487860,0.03099094,-0.09696256,1.83522382,-0.35411518,-1.41472909,1,0,1,1,0
1206,251041,0.04610952,0.03536143,-0.11722418,1.77490215,-0.21815003,-1.48845930,1,0,1,1,0
1207,251249,0.04923744,0.04463566,-0.13441917,1.70596719,-0.12137322,-1.54103705,1,0,1,1,0
1208,251458,0.05332491,0.05844340,-0.14051764,1.62097220,0.02981407,-1.58161864,1,0,1,1,0
1209,251666,0.04321118,0.06588249,-0.16080024,1.55582850,0.14843898,-1.61367535,1,0,1,1,0
1210,251875,0.04652217,0.08945095,-0.17398348,1.48666627,0.24299523,-1.60335852,1,0,1,1,0
1211,252083,0.04426773,0.10252024,-0.18919653,1.38444604,0.35230328,-1.61391579,1,0,1,1,0
1212,252291,0.02839557,0.12793525,-0.21381515,1.29212833,0.46926493,-1.58733991,1,0,1,1,0
1213,252500,0.02298859,0.15887675,-0.22038497,1.17005289,0.55177641,-1.58701585,1,0,1,1,0
1214,252708,-0.00533384,0.18234911,-0.23925858,1.06757337,0.63743989,-1.56821445,1,0,1,1,0
1215,252916,-0.00713731,0.21009927,-0.24991495,0.94664482,0.73267608,-1.53996355,1,0,1,1,0
1216,253125,-0.01664719,0.24377654,-0.26677008,0.85189289,0.81162198,-1.48881783,1,0,1,1,0
1217,253333,-0.04664386,0.26948161,-0.27236251,0.75300738,0.85326002,-1.43004726,1,0,1,1,0
1218,253541,-0.07294383,0.30160508,-0.29362515,0.64978030,0.91313646,-1.35347507,1,0,1,1,0
1219,253749,-0.10128435,0.34211747,-0.30171742,0.52829836,0.95730410,-1.30267767,1,0,1,1,0
1220,253958,-0.13063180,0.37362301,-0.29199050,0.45044596,0.97242710,-1.24471033,1,0,1,1,0
1221,254166,-0.15702278,0.40334678,-0.30448097,0.35439557,1.00804239,-1.14486186,1,0,1,1,0
1222,254375,-0.18983059,0.44460521,-0.29875603,0.26376284,1.02331675,-1.09775915,1,0,1,1,0
1223,254583,-0.23136863,0.45906737,-0.28817575,0.17371330,1.04524014,-0.98768346,1,0,1,1,0
1224,254791,-0.28105966,0.50462604,-0.28116763,0.11010484,1.02215302,-0.88604032,1,0,1,1,0
1225,255000,-0.32064257,0.52095993,-0.25971494,0.03252717,1.00731564,-0.80165637,1,0,1,1,0
1226,255208,-0.37512293,0.54857811,-0.23794712,-0.03050524,0.98396845,-0.74977349,1,0,1,1,0
1227,255416,-0.41947969,0.57526120,-0.21849562,-0.09907217,0.95460868,-0.65709819,1,0,1,1,0
1228,255625,-0.45949893,0.59278860,-0.17555834,-0.16033428,0.91948108,-0.57162448,1,0,1,1,0
1229,255833,-0.52016027,0.60802029,-0.15420460,-0.18485388,0.90281452,-0.49423056,1,0,1,1,0
1230,256041,-0.56816320,0.61747973,-0.11270708,-0.21014836,0.83191719,-0.41844619,1,0,1,1,0
1231,256249,-0.60671304,0.62523943,-0.06864541,-0.24282120,0.79731676,-0.34098550,1,0,1,1,0
1232,256458,-0.65405099,0.62337889,-0.01172829,-0.28023021,0.75033668,-0.27037865,1,0,1,1,0
1233,256666,-0.69962699,0.61848654,0.02231862,-0.28721646,0.72008988,-0.20419170,1,0,1,1,0
1234,256875,-0.74215086,0.62541915,0.08617452,-0.28989141,0.66863931,-0.14958205,1,0,1,1,0
1235,257083,-0.78982341,0.60248076,0.13366848,-0.30287573,0.62808699,-0.08590035,1,0,1,1,0
1236,257291,-0.82221598,0.58888053,0.19745661,-0.30155319,0.57924757,-0.03826288,1,0,1,1,0
1237,257500,-0.85569052,0.55697239,0.24702540,-0.30485482,0.54363422,-0.00901594,1,0,1,1,0
1238,257708,-0.89318805,0.52955694,0.31007571,-0.29131175,0.50876714,0.03394469,1,0,1,1,0
1239,257916,-0.92098375,0.47678551,0.38398032,-0.27836251,0.46252752,0.07206615,1,0,1,1,0
1240,258125,-0.93148283,0.44634765,0.42922146,-0.27869531,0.42325171,0.11875642,1,0,1,1,0
1241,258333,-0.93617388,0.40056678,0.49749022,-0.28374065,0.39755481,0.14396697,1,0,1,1,0
1242,258541,-0.94205610,0.35987958,0.54787565,-0.26245763,0.37652929,0.14394573,1,0,1,1,0
1243,258749,-0.95809162,0.30128863,0.60663318,-0.25355671,0.32438647,0.17319039,1,0,1,1,0
1244,258958,-0.94613175,0.24370819,0.66774859,-0.26021707,0.30477563,0.16768480,1,0,1,1,0
1245,259166,-0.93825531,0.18924257,0.71392766,-0.25736665,0.27601545,0.18103304,1,0,1,1,0
1246,259375,-0.92382926,0.11816909,0.74747651,-0.26346112,0.25632478,0.20658287,1,0,1,1,0
1247,259583,-0.90140052,0.05773397,0.80383795,-0.24957265,0.25468830,0.22998099,1,0,1,1,0
1248,259791,-0.86423827,-0.00188154,0.84470624,-0.24342035,0.21297084,0.22364876,1,0,1,1,0
1249,260000,-0.83530264,-0.06523727,0.87148449,-0.27085453,0.19453668,0.22974414,0,0,0,0,0
1250,260208,-0.79707003,-0.13540566,0.90428422,-0.27507318,0.21127076,0.24590536,0,0,0,0,0
1251,260416,-0.75959640,-0.19535496,0.92709570,-0.26013382,0.17996898,0.24596166,0,0,0,0,0
1252,260625,-0.71082867,-0.25739901,0.94798317,-0.25897432,0.15756423,0.25937688,0,0,0,0,0
1253,260833,-0.66411612,-0.32737132,0.95662355,-0.23516740,0.13317590,0.28189782,0,0,0,0,0
1254,261041,-0.61698062,-0.37850171,0.95713211,-0.26231200,0.12803993,0.26986876,0,0,0,0,0
1255,261249,-0.55200688,-0.43922891,0.96383753,-0.24285750,0.10233056,0.28916994,0,0,0,0,0
1256,261458,-0.49307506,-0.50581007,0.97557378,-0.24050277,0.06652418,0.28670581,0,0,0,0,0
1257,261666,-0.43599933,-0.55577853,0.97195079,-0.23585702,0.07402295,0.29643353,0,0,0,0,0
1258,261875,-0.37234267,-0.61163237,0.97912095,-0.24140774,0.04041717,0.31188672,0,0,0,0,0
1259,262083,-0.31004621,-0.65850799,0.94942152,-0.21729611,0.02367076,0.29844794,0,0,0,0,0
1260,262291,-0.24983506,-0.71233126,0.94786043,-0.23798853,0.00138121,0.31516424,0,0,0,0,0
1261,262500,-0.17818140,-0.75029531,0.93283901,-0.20626817,-0.01654651,0.29560852,0,0,0,0,0
1262,262708,-0.11251819,-0.79450184,0.91210224,-0.19764820,-0.04562482,0.31340305,0,0,0,0,0
1263,262916,-0.05208861,-0.81888894,0.88453273,-0.19772266,-0.04251008,0.30867864,0,0,0,0,0
1264,263125,0.01752146,-0.85855623,0.86726623,-0.17996286,-0.04469003,0.29230711,0,0,0,0,0
1265,263333,0.08421845,-0.89090317,0.82563276,-0.16988489,-0.06950500,0.30860569,0,0,0,0,0
1266,263541,0.13972027,-0.92480824,0.78728719,-0.18739157,-0.09911990,0.29639070,0,0,0,0,0
1267,263750,0.20591510,-0.93948739,0.74612857,-0.16346219,-0.09858034,0.29491968,0,0,0,0,0
1268,263958,0.26232934,-0.95627554,0.69892672,-0.14630972,-0.13334483,0.28822889,0,0,0,0,0
1269,264166,0.33966632,-0.96654777,0.65808573,-0.15727352,-0.11845780,0.28471334,0,0,0,0,0
1270,264375,0.39850576,-0.98556107,0.61132388,-0.14682132,-0.13489103,0.27239155,0,0,0,0,0
1271,264583,0.46018042,-0.98635990,0.55834566,-0.13386991,-0.15783251,0.26036250,0,0,0,0,0
1272,264791,0.51351854,-0.98967067,0.50359633,-0.13592037,-0.17067039,0.24796038,0,0,0,0,0
1273,265000,0.57401987,-0.97856872,0.43928565,-0.12133354,-0.18014790,0.24581583,0,0,0,0,0
1274,265208,0.61893163,-0.97661055,0.37921986,-0.09290939,-0.18045976,0.24025781,0,0,0,0,0
1275,265416,0.67480542,-0.96558074,0.32786109,-0.08509896,-0.19310213,0.23275615,0,0,0,0,0
1276,265625,0.72500146,-0.95721241,0.26477564,-0.08594180,-0.19837416,0.21987059,0,0,0,0,0
1277,265833,0.76767564,-0.92563241,0.19801540,-0.05101965,-0.18466011,0.19469576,0,0,0,0,0
1278,266041,0.81629201,-0.91485335,0.13084928,-0.04337024,-0.20002471,0.20248442,0,0,0,0,0
1279,266250,0.85270226,-0.88450850,0.06586184,-0.04648725,-0.22283725,0.19041872,0,0,0,0,0
1280,266458,0.88145145,-0.85778272,0.00379204,-0.01137210,-0.21677678,0.17171489,0,0,0,0,0
1281,266666,0.91843593,-0.81489507,-0.04851814,-0.01927460,-0.20798235,0.15678684,0,0,0,0,0
1282,266875,0.93727245,-0.78329527,-0.12792167,0.01418224,-0.23818581,0.14149280,0,0,0,0,0
1283,267083,0.97089317,-0.73934189,-0.18062601,0.00314109,-0.25359519,0.10731767,0,0,0,0,0
1284,267291,0.99218231,-0.69423164,-0.25489630,0.02800093,-0.24121926,0.09696806,0,0,0,0,0
1285,267500,0.99274674,-0.65183047,-0.30548072,0.05156573,-0.24612149,0.05984077,0,0,0,0,0
1286,267708,1.00956790,-0.59803416,-0.37103686,0.03722793,-0.24887160,0.05786360,0,0,0,0,0
1287,267916,1.02086983,-0.52911323,-0.43260230,0.04052726,-0.25494721,0.01705333,0,0,0,0,0
1288,268125,1.02534501,-0.48477880,-0.49240841,0.05728580,-0.26446128,-0.00427694,0,0,0,0,0
1289,268333,1.01818358,-0.43304198,-0.54569628,0.07428408,-0.25357459,-0.02033999,0,0,0,0,0
1290,268541,1.01509042,-0.37666099,-0.59461814,0.09149829,-0.24404531,-0.03501110,0,0,0,0,0
1291,268750,1.00509578,-0.30783318,-0.65071406,0.11209794,-0.24146963,-0.04006323,0,0,0,0,0
1292,268958,0.99532999,-0.23886422,-0.69472073,0.10958221,-0.25140456,-0.07376841,0,0,0,0,0
1293,269166,0.97077051,-0.18188353,-0.73512310,0.13696697,-0.23850913,-0.08965847,0,0,0,0,0
1294,269375,0.94968269,-0.11436974,-0.77971881,0.12954754,-0.22583074,-0.10172049,0,0,0,0,0
1295,269583,0.91989238,-0.06188831,-0.81038471,0.13454502,-0.21937593,-0.11783261,0,0,0,0,0
1296,269791,0.89909858,0.01720443,-0.84744726,0.15055959,-0.20770993,-0.13035959,0,0,0,0,0
1297,270000,0.85174362,0.07272335,-0.88075375,0.15294791,-0.18718971,-0.15810416,0,0,0,0,0
1298,270208,0.81162449,0.14743045,-0.90752565,0.13521262,-0.17828527,-0.15659623,0,0,0,0,0
1299,270416,0.77300832,0.20765667,-0.93090735,0.13539365,-0.17405128,-0.17280902,0,0,0,0,0
1300,270625,0.72698979,0.27973150,-0.93499528,0.16777434,-0.15592617,-0.19261911,0,0,0,0,0
1301,270833,0.67062077,0.32484937,-0.95669834,0.15736743,-0.12918959,-0.20518594,0,0,0,0,0
1302,271041,0.63531717,0.39692942,-0.96695476,0.15947499,-0.13417093,-0.20843833,0,0,0,0,0
1303,271250,0.57436853,0.45861420,-0.97991536,0.14079629,-0.13219319,-0.22079485,0,0,0,0,0
1304,271458,0.51978623,0.50761307,-0.97669176,0.12997142,-0.09544390,-0.23331289,0,0,0,0,0
1305,271666,0.45601330,0.57312011,-0.96746177,0.15211785,-0.08599035,-0.24816501,0,0,0,0,0
1306,271875,0.39614688,0.62797969,-0.96852168,0.13456142,-0.05719446,-0.25567724,0,0,0,0,0
1307,272083,0.33231032,0.67361111,-0.96222112,0.11223120,-0.07483352,-0.24069436,0,0,0,0,0
1308,272291,0.26546361,0.72402062,-0.94247441,0.10968464,-0.05741297,-0.27515165,0,0,0,0,0
1309,272500,0.19656164,0.77757406,-0.92441724,0.09718199,-0.04044197,-0.25031095,0,0,0,0,0
1310,272708,0.13907232,0.81111535,-0.90987571,0.08940726,-0.02232490,-0.28916034,0,0,0,0,0
1311,272916,0.07957289,0.83845183,-0.88998556,0.09707327,-0.02335561,-0.29016402,0,0,0,0,0
1312,273125,0.00609911,0.88571134,-0.84821542,0.09821720,0.01420313,-0.29630972,0,0,0,0,0
1313,273333,-0.06669163,0.92323363,-0.81282572,0.07815027,0.03031025,-0.27923401,0,0,0,0,0
1314,273541,-0.12564453,0.94484820,-0.79119492,0.06781002,0.04974297,-0.28256965,0,0,0,0,0
1315,273750,-0.18933727,0.97030844,-0.73481642,0.08301773,0.04059750,-0.28647924,0,0,0,0,0
1316,273958,-0.25166366,0.98460849,-0.69383497,0.07779502,0.02750655,-0.27773749,0,0,0,0,0
1317,274166,-0.31919923,0.99728989,-0.64652872,0.05914612,0.06425725,-0.29208648,0,0,0,0,0
1318,274375,-0.38305689,1.00389619,-0.60197026,0.07779752,0.07531167,-0.28270800,0,0,0,0,0
1319,274583,-0.43730977,1.01244811,-0.54345643,0.05720216,0.07275522,-0.27076608,0,0,0,0,0
1320,274791,-0.49570873,0.99781764,-0.48851849,0.04148838,0.08482692,-0.27771118,0,0,0,0,0
1321,275000,-0.55374208,1.00628461,-0.42749855,0.03264523,0.05526918,-0.26265857,0,0,0,0,0
1322,275208,-0.60665458,0.99563858,-0.36954367,0.04965995,0.10823415,-0.30112028,0,0,0,0,0
1323,275416,-0.67229855,0.98758024,-0.31063530,0.04567256,0.08541578,-0.28031085,0,0,0,0,0
1324,275625,-0.70470700,0.97123282,-0.24424424,0.01933221,0.10075198,-0.27859143,0,0,0,0,0
1325,275833,-0.75507888,0.95588438,-0.17029556,0.03221792,0.10272220,-0.24577279,0,0,0,0,0
1326,276041,-0.79689428,0.93102725,-0.12690215,-0.01186489,0.09322025,-0.24075068,0,0,0,0,0
1327,276250,-0.83772910,0.89702852,-0.06253121,-0.01917811,0.11502346,-0.23163179,0,0,0,0,0
1328,276458,-0.86942650,0.86388702,0.01101808,-0.01950055,0.10907054,-0.22575251,0,0,0,0,0
1329,276666,-0.89867029,0.83322178,0.07846388,-0.02664416,0.10834834,-0.20473494,0,0,0,0,0
1330,276875,-0.93956589,0.79579367,0.14782975,-0.05650695,0.10982204,-0.18019277,0,0,0,0,0
1331,277083,-0.95949071,0.75757060,0.19877153,-0.05096120,0.12504397,-0.16728774,0,0,0,0,0
1332,277291,-0.97603937,0.70880993,0.26413261,-0.03223459,0.14831151,-0.16415238,0,0,0,0,0
1333,277500,-0.98568540,0.66720486,0.33251215,-0.05867256,0.17020479,-0.12129828,0,0,0,0,0
1334,277708,-0.99983500,0.61760745,0.39842766,-0.06990649,0.15434840,-0.09899820,0,0,0,0,0
1335,277916,-1.00526621,0.55944700,0.45365090,-0.05796213,0.16300864,-0.12226918,0,0,0,0,0
1336,278125,-1.01405504,0.49892543,0.50783972,-0.08130618,0.14428512,-0.08312074,0,0,0,0,0
1337,278333,-1.01484668,0.45401037,0.56393744,-0.07635547,0.15616524,-0.05064764,0,0,0,0,0
1338,278541,-1.00642491,0.39643954,0.62231550,-0.07387725,0.16025549,-0.04499989,0,0,0,0,0
1339,278750,-0.99087045,0.33010845,0.66170999,-0.09519720,0.15650782,-0.04819704,0,0,0,0,0
1340,278958,-0.98390382,0.26713616,0.71007647,-0.07113339,0.13746604,-0.02357755,0,0,0,0,0
1341,279166,-0.96902760,0.19944552,0.74830190,-0.09046694,0.12632641,-0.00620077,0,0,0,0,0
1342,279375,-0.94985311,0.12900560,0.80739878,-0.10076138,0.13598465,0.01709524,0,0,0,0,0
1343,279583,-0.91777223,0.06413061,0.83179679,-0.11323900,0.13091743,0.02782826,0,0,0,0,0
1344,279791,-0.89205120,0.00026430,0.86358055,-0.11556951,0.10473496,0.03439600,0,0,0,0,0
1345,280000,-0.85374037,-0.06964638,0.89430271,-0.12229025,0.11883264,0.05635109,0,0,0,0,0
1346,280208,-0.81492405,-0.13799073,0.92957669,-0.12350113,0.07550967,0.05235113,0,0,0,0,0
1347,280416,-0.77050384,-0.20311301,0.94526643,-0.12775449,0.08403949,0.07545957,0,0,0,0,0
1348,280625,-0.73238786,-0.26602207,0.96291859,-0.10940063,0.06952416,0.08750146,0,0,0,0,0
1349,280833,-0.68862089,-0.33446981,0.97973385,-0.11961711,0.07307763,0.09556870,0,0,0,0,0
1350,281041,-0.63216946,-0.39251860,0.98748900,-0.10906338,0.06419359,0.11649383,0,0,0,0,0
1351,281250,-0.58307450,-0.45777196,0.99629797,-0.07888700,0.06231940,0.11699219,0,0,0,0,0
1352,281458,-0.52110823,-0.51151189,0.98416040,-0.07839179,0.03649859,0.13162558,0,0,0,0,0
1353,281666,-0.47277716,-0.57325880,1.00025057,-0.05412198,0.03034805,0.14821083,0,0,0,0,0
1354,281875,-0.40766737,-0.62363382,0.98478825,-0.05864240,0.02151238,0.15441909,0,0,0,0,0
1355,282083,-0.34172636,-0.66712540,0.97727511,-0.05781388,0.00361854,0.15951867,0,0,0,0,0
1356,282291,-0.27791878,-0.72797781,0.95342090,-0.05035018,-0.02038792,0.17998061,0,0,0,0,0
1357,282500,-0.20996069,-0.77287882,0.94542656,-0.03266421,-0.00734551,0.18099378,0,0,0,0,0
1358,282708,-0.15471734,-0.81147668,0.92084320,-0.01214878,-0.04294117,0.18968848,0,0,0,0,0
1359,282916,-0.08521187,-0.84512635,0.89263794,-0.00968465,-0.03598044,0.20657870,0,0,0,0,0
1360,283125,-0.01689837,-0.89150405,0.86439374,-0.00229521,-0.07498051,0.19383547,0,0,0,0,0
1361,283333,0.05857143,-0.91919814,0.84007973,0.01465516,-0.03992824,0.22604541,0,0,0,0,0
1362,283541,0.10554199,-0.93292144,0.79056857,0.01298683,-0.05114247,0.20978857,0,0,0,0,0
1363,283750,0.17624159,-0.95331839,0.74754951,0.02051679,-0.06258379,0.20067425,0,0,0,0,0
1364,283958,0.24161450,-0.98232783,0.69882125,0.01656551,-0.06337248,0.20871829,0,0,0,0,0
1365,284166,0.30210527,-0.99164970,0.65259614,0.01827485,-0.07468721,0.20529547,0,0,0,0,0
1366,284375,0.36808952,-1.01115920,0.60569526,0.03630058,-0.10128934,0.20536377,0,0,0,0,0
1367,284583,0.41874443,-1.01660775,0.54704528,0.04297661,-0.07591975,0.21098178,0,0,0,0,0
1368,284791,0.48544395,-1.02150786,0.48984255,0.04356331,-0.09130736,0.21337889,0,0,0,0,0
1369,285000,0.54020776,-1.01637789,0.43296159,0.06346134,-0.08661933,0.19679079,0,0,0,0,0
1370,285208,0.58507230,-1.01092236,0.37976550,0.04529258,-0.09727563,0.20898808,0,0,0,0,0
1371,285416,0.64982609,-0.99751439,0.31189667,0.06292186,-0.08542094,0.21287976,0,0,0,0,0
1372,285625,0.68595007,-0.97490660,0.24943901,0.08618629,-0.08188512,0.20470511,0,0,0,0,0
1373,285833,0.73300400,-0.96990223,0.18144390,0.09130925,-0.09316769,0.21074496,0,0,0,0,0
1374,286041,0.78772384,-0.93385232,0.11354722,0.11099648,-0.09217586,0.19235148,0,0,0,0,0
1375,286250,0.81329459,-0.91211124,0.05837203,0.08860129,-0.07904574,0.18870059,0,0,0,0,0
1376,286458,0.85057918,-0.87540056,-0.01381257,0.13045258,-0.08248787,0.18891507,0,0,0,0,0
1377,286666,0.88187097,-0.85228246,-0.07736616,0.11587404,-0.10051906,0.13876042,0,0,0,0,0
1378,286875,0.91259154,-0.81322222,-0.14301176,0.14476281,-0.07374449,0.15477720,0,0,0,0,0
1379,287083,0.93955306,-0.77613442,-0.21339465,0.13662800,-0.10777798,0.13597670,0,0,0,0,0
1380,287291,0.95985115,-0.72532365,-0.26378160,0.12770730,-0.09652801,0.13014958,0,0,0,0,0
1381,287500,0.97034723,-0.68161274,-0.32935683,0.15961430,-0.10600224,0.09611718,0,0,0,0,0
1382,287708,0.98032970,-0.62941670,-0.40241527,0.15176539,-0.09708654,0.09624745,0,0,0,0,0
1383,287916,0.98792204,-0.57695608,-0.47245271,0.16123179,-0.10495138,0.06762153,0,0,0,0,0
1384,288125,0.99197983,-0.51534321,-0.51875945,0.13779003,-0.07731893,0.07300875,0,0,0,0,0
1385,288333,0.99631878,-0.45920388,-0.56633385,0.16042566,-0.09804809,0.06070239,0,0,0,0,0
1386,288541,0.99145126,-0.40093734,-0.62929051,0.16855896,-0.07157778,0.05576931,0,0,0,0,0
1387,288750,0.97649884,-0.34397211,-0.66903380,0.16611467,-0.08431175,0.03762732,0,0,0,0,0
1388,288958,0.96806956,-0.28014328,-0.73567786,0.16557642,-0.06442538,0.03517791,0,0,0,0,0
1389,289166,0.95413617,-0.21540962,-0.78183128,0.15706340,-0.05953631,0.02201282,0,0,0,0,0
1390,289375,0.93489756,-0.14979408,-0.80772645,0.16246797,-0.06617878,0.00273041,0,0,0,0,0
1391,289583,0.90841943,-0.08244797,-0.84964165,0.17152244,-0.04632539,-0.00446694,0,0,0,0,0
1392,289791,0.87848706,-0.02254142,-0.88665664,0.17005250,-0.03206759,-0.01952401,0,0,0,0,0
1393,290000,0.84646091,0.05219369,-0.92628405,0.14952446,-0.02501040,-0.01479598,0,0,0,0,0
1394,290208,0.80927574,0.11315583,-0.94103540,0.17461681,-0.02612929,-0.01498158,0,0,0,0,0
1395,290416,0.76012820,0.18678206,-0.95619820,0.14273120,0.00686914,-0.05795201,0,0,0,0,0
1396,290625,0.71947913,0.24121244,-0.97460282,0.12982945,-0.00241596,-0.06051163,0,0,0,0,0
1397,290833,0.67240824,0.30611828,-0.99715127,0.11846387,0.02262749,-0.05728644,0,0,0,0,0
1398,291041,0.62134878,0.36450901,-0.99435503,0.13675371,0.02509066,-0.07180151,0,0,0,0,0
1399,291250,0.58130473,0.42780653,-0.99552006,0.11049635,0.05510564,-0.08235016,0,0,0,0,0
1400,291458,0.51850627,0.48977789,-1.01251222,0.09718164,0.06336234,-0.09242495,0,0,0,0,0
1401,291666,0.46388015,0.55143906,-0.99616972,0.08707422,0.06247977,-0.10371167,0,0,0,0,0
1402,291875,0.39506059,0.60767138,-1.00125443,0.08178346,0.07236982,-0.09338372,0,0,0,0,0
1403,292083,0.33655190,0.65155568,-0.99167004,0.06558458,0.08819123,-0.10066941,0,0,0,0,0
1404,292291,0.27577316,0.70619756,-0.97770761,0.04976943,0.08846294,-0.09848544,0,0,0,0,0
1405,292500,0.20973621,0.74827353,-0.95640348,0.03348716,0.10828960,-0.11292425,0,0,0,0,0
1406,292708,0.15787850,0.79903462,-0.94032794,0.04382630,0.08326701,-0.10898107,0,0,0,0,0
1407,292916,0.08383930,0.84037329,-0.90692361,0.00883679,0.12273162,-0.11320422,0,0,0,0,0
1408,293125,0.01433665,0.86349216,-0.88682597,0.00003691,0.12252890,-0.11901135,0,0,0,0,0
1409,293333,-0.04513732,0.90139556,-0.84887930,-0.02526394,0.13241547,-0.13622027,0,0,0,0,0
1410,293541,-0.11204911,0.92837680,-0.81206412,-0.04008866,0.13702168,-0.13033065,0,0,0,0,0
1411,293750,-0.16391991,0.95929333,-0.76932820,-0.02578297,0.15303102,-0.11819336,0,0,0,0,0
1412,293958,-0.23943864,0.98175308,-0.72169540,-0.06000811,0.15504997,-0.13782412,0,0,0,0,0
1413,294166,-0.29215661,0.98296124,-0.67443695,-0.04454829,0.16431732,-0.14134450,0,0,0,0,0
1414,294375,-0.36485135,0.99968933,-0.62108016,-0.07351416,0.15969466,-0.12014944,0,0,0,0,0
1415,294583,-0.43036515,1.00994792,-0.56032530,-0.06257987,0.18799700,-0.11679441,0,0,0,0,0
1416,294791,-0.47906509,1.00451854,-0.51937550,-0.07811461,0.15981962,-0.14122012,0,0,0,0,0
1417,295000,-0.53673456,1.00436471,-0.45197915,-0.10788355,0.16408037,-0.13824438,0,0,0,0,0
1418,295208,-0.57768670,1.00436901,-0.38785888,-0.08004627,0.15174353,-0.11153460,0,0,0,0,0
1419,295416,-0.63640314,0.98787804,-0.33115434,-0.11985539,0.15639597,-0.11032871,0,0,0,0,0
1420,295625,-0.67728335,0.97499921,-0.27198054,-0.12913197,0.15183504,-0.10146540,0,0,0,0,0
1421,295833,-0.73441989,0.96198762,-0.19765328,-0.13542526,0.14426809,-0.13562706,0,0,0,0,0
1422,296041,-0.76849461,0.93190023,-0.13834545,-0.15762476,0.15906646,-0.11817449,0,0,0,0,0
1423,296250,-0.80609635,0.91067661,-0.07323493,-0.15812723,0.13985615,-0.09532782,0,0,0,0,0
1424,296458,-0.84771073,0.88171118,0.00483141,-0.17624830,0.14515425,-0.09653722,0,0,0,0,0
1425,296666,-0.87489459,0.85256702,0.05781428,-0.16982877,0.13965915,-0.07822686,0,0,0,0,0
1426,296875,-0.90610259,0.81301879,0.12545928,-0.21317290,0.13837427,-0.06475215,0,0,0,0,0
1427,297083,-0.92864602,0.76736097,0.20110898,-0.20194885,0.11468065,-0.05131890,0,0,0,0,0
1428,297291,-0.95288430,0.73109595,0.25925911,-0.21164564,0.14528921,-0.04711853,0,0,0,0,0
1429,297500,-0.96429087,0.68814172,0.31947560,-0.19841330,0.14563464,-0.03171952,0,0,0,0,0
1430,297708,-0.97516060,0.63880479,0.37750586,-0.22721449,0.12737173,-0.02856840,0,0,0,0,0
1431,297916,-0.98440691,0.57591696,0.44623165,-0.22371529,0.12245711,-0.00877949,0,0,0,0,0
1432,298125,-0.98564230,0.52013779,0.50572306,-0.22417989,0.11508758,0.01328660,0,0,0,0,0
1433,298333,-0.98897700,0.46486655,0.56159067,-0.24330887,0.11609264,0.00584500,0,0,0,0,0
1434,298541,-0.97301337,0.40283326,0.61145283,-0.23966131,0.12692051,0.01914872,0,0,0,0,0
1435,298750,-0.97296964,0.34684994,0.66427242,-0.23517615,0.11244886,0.03800233,0,0,0,0,0
1436,298958,-0.94691898,0.28927061,0.71570034,-0.23583858,0.06482754,0.04310506,0,0,0,0,0
1437,299166,-0.93961552,0.22464828,0.75666154,-0.25640934,0.05390538,0.04697914,0,0,0,0,0
1438,299375,-0.92490144,0.15385767,0.80296617,-0.25625196,0.06073532,0.04747103,0,0,0,0,0
1439,299583,-0.89451456,0.08717645,0.84204582,-0.24858976,0.02990736,0.06538311,0,0,0,0,0
1440,299791,-0.86319150,0.02726358,0.87434365,-0.26345389,0.01419388,0.06422739,0,0,0,0,0
1441,300000,-0.81936150,-0.04204911,0.91415419,-0.24343758,0.02083537,0.07806477,0,0,0,0,0
1442,300208,-0.78983686,-0.10215195,0.92771450,-0.25596516,0.00721908,0.07037145,0,0,0,0,0
1443,300416,-0.75100878,-0.17563323,0.94385678,-0.22601689,-0.03110959,0.06425215,0,0,0,0,0
1444,300625,-0.71197545,-0.24303661,0.97689235,-0.22191294,-0.02203642,0.08450895,0,0,0,0,0
1445,300833,-0.65769561,-0.30239000,0.98741888,-0.21384113,-0.04396144,0.08392791,0,0,0,0,0
1446,301041,-0.60654829,-0.35906409,0.99001594,-0.19600879,-0.05284106,0.11325333,0,0,0,0,0
1447,301250,-0.56066002,-0.42756779,1.00842714,-0.21510373,-0.05857067,0.11257241,0,0,0,0,0
1448,301458,-0.49789565,-0.48137917,1.01394040,-0.18045779,-0.06602193,0.10243545,0,0,0,0,0
1449,301666,-0.43307482,-0.53824872,1.00609633,-0.16520848,-0.08017920,0.09967639,0,0,0,0,0
1450,301875,-0.38400524,-0.59731752,1.00649945,-0.16918172,-0.11520805,0.09548200,0,0,0,0,0
1451,302083,-0.32256401,-0.63592820,0.99402824,-0.13915528,-0.14222817,0.13409675,0,0,0,0,0
1452,302291,-0.25263589,-0.70551413,0.98669312,-0.12604509,-0.14502841,0.12727168,0,0,0,0,0
1453,302500,-0.20265084,-0.73864015,0.96331878,-0.09323063,-0.15247034,0.12556488,0,0,0,0,0
1454,302708,-0.13217554,-0.78733196,0.94267349,-0.10715884,-0.15493111,0.11161984,0,0,0,0,0
1455,302916,-0.06927079,-0.82342537,0.92266194,-0.09578807,-0.16072397,0.12199297,0,0,0,0,0
1456,303125,0.00164416,-0.85782072,0.88177045,-0.07075303,-0.18747497,0.13829209,0,0,0,0,0
1457,303333,0.05353527,-0.89172364,0.84924186,-0.06322688,-0.19287905,0.11567429,0,0,0,0,0
1458,303541,0.11776996,-0.90751336,0.82342972,-0.04914097,-0.20000182,0.12473825,0,0,0,0,0
1459,303750,0.19056058,-0.93414932,0.77411471,-0.02958273,-0.20824337,0.13286195,0,0,0,0,0
1460,303958,0.25831740,-0.96187688,0.73586704,-0.02227388,-0.20040272,0.11118473,0,0,0,0,0
1461,304166,0.31895356,-0.97629230,0.67810938,-0.01417727,-0.22715590,0.10893254,0,0,0,0,0
1462,304375,0.38262942,-0.97966681,0.63655023,0.02200657,-0.19062965,0.11079481,0,0,0,0,0
1463,304583,0.42616093,-0.97813923,0.57583258,0.03802298,-0.23698469,0.08769241,0,0,0,0,0
1464,304791,0.47906156,-0.99969611,0.52729670,0.06323375,-0.24614014,0.09650063,0,0,0,0,0
1465,305000,0.54145250,-0.99245162,0.45447891,0.05087642,-0.22982780,0.08987394,0,0,0,0,0
1466,305208,0.59618400,-0.98520289,0.40687663,0.06843359,-0.24587008,0.11241426,0,0,0,0,0
1467,305416,0.64790729,-0.97211109,0.34265455,0.05953287,-0.23394689,0.10231939,0,0,0,0,0
1468,305625,0.69427920,-0.95850398,0.28114634,0.07735212,-0.24678622,0.10183482,0,0,0,0,0
1469,305833,0.73586771,-0.93706412,0.22071491,0.12269146,-0.22194413,0.09057136,0,0,0,0,0
1470,306041,0.77820709,-0.91874160,0.15656738,0.12668242,-0.22268209,0.06650710,0,0,0,0,0
1471,306250,0.80299950,-0.89208583,0.07715376,0.14702525,-0.21609265,0.05040728,0,0,0,0,0
1472,306458,0.84970113,-0.87227448,0.01758812,0.17451285,-0.21433900,0.04314815,0,0,0,0,0
1473,306666,0.88664370,-0.84790893,-0.04761996,0.16330610,-0.22780915,0.02874083,0,0,0,0,0
1474,306875,0.90008027,-0.80394813,-0.11733774,0.18944321,-0.21836232,0.02210254,0,0,0,0,0
1475,307083,0.93173189,-0.76420929,-0.17529283,0.20277010,-0.19947710,-0.00470676,0,0,0,0,0
1476,307291,0.94477422,-0.71423849,-0.24283419,0.21100474,-0.22345991,-0.02314184,0,0,0,0,0
1477,307500,0.96606107,-0.68163759,-0.30407503,0.20189735,-0.19665166,-0.04048619,0,0,0,0,0
1478,307708,0.97984196,-0.62668749,-0.37770637,0.21524830,-0.20387346,-0.04521482,0,0,0,0,0
1479,307916,0.97532130,-0.56097809,-0.41896320,0.22778204,-0.18226210,-0.04212073,0,0,0,0,0
1480,308125,0.97683550,-0.51348414,-0.48228275,0.23505403,-0.17624357,-0.06482196,0,0,0,0,0
1481,308333,0.98017648,-0.45942786,-0.55462020,0.25537137,-0.19723258,-0.07088485,0,0,0,0,0
1482,308541,0.98055003,-0.41011181,-0.59483902,0.24372373,-0.18979557,-0.08676622,0,0,0,0,0
1483,308750,0.95986538,-0.32763149,-0.65823035,0.25961546,-0.16500532,-0.11089231,0,0,0,0,0
1484,308958,0.95336786,-0.28521063,-0.70521197,0.26889560,-0.15426680,-0.11837868,0,0,0,0,0
1485,309166,0.92965929,-0.22186860,-0.74703084,0.26892851,-0.12696265,-0.11612021,0,0,0,0,0
1486,309375,0.90961603,-0.15598561,-0.78678127,0.29006236,-0.13851929,-0.13782591,0,0,0,0,0
1487,309583,0.88525084,-0.08444777,-0.82480283,0.28433097,-0.11970995,-0.13563215,0,0,0,0,0
1488,309791,0.86207283,-0.02802644,-0.86748267,0.28160501,-0.09164723,-0.12620302,0,0,0,0,0
1489,310000,0.83348577,0.05387949,-0.88844911,0.28806489,-0.05445082,-0.15091243,0,0,0,0,0
1490,310208,0.78981033,0.10797617,-0.91732787,0.29550679,-0.02912339,-0.14545686,0,0,0,0,0
1491,310416,0.74867252,0.17929223,-0.93862716,0.28707029,-0.04073329,-0.15527926,0,0,0,0,0
1492,310625,0.69985187,0.24384831,-0.96509199,0.28578427,-0.03007100,-0.17408437,0,0,0,0,0
1493,310833,0.65407939,0.30467168,-0.97380057,0.27977463,-0.00987416,-0.17621687,0,0,0,0,0
1494,311041,0.60475918,0.36261040,-0.99194830,0.26420017,-0.00300983,-0.18218629,0,0,0,0,0
1495,311250,0.55149879,0.42905109,-0.99831445,0.26651936,0.03960691,-0.17337759,0,0,0,0,0
1496,311458,0.48856151,0.47376587,-1.00349354,0.23318566,0.04180458,-0.19992908,0,0,0,0,0
1497,311666,0.43180741,0.53949276,-0.99689971,0.23477344,0.06103818,-0.17851968,0,0,0,0,0
1498,311875,0.36868580,0.58800265,-0.99606069,0.19700443,0.06814742,-0.18753894,0,0,0,0,0
1499,312083,0.30781951,0.64270930,-0.98240799,0.20957032,0.08323033,-0.19330299,0,0,0,0,0
1500,312291,0.24772920,0.68585116,-0.96358722,0.19957482,0.08380886,-0.18235090,0,0,0,0,0
1501,312500,0.19273178,0.73987198,-0.95364235,0.16145105,0.11172412,-0.19612076,0,0,0,0,0
1502,312708,0.12037318,0.77610543,-0.93041484,0.17795482,0.14874313,-0.19106242,0,0,0,0,0
1503,312916,0.04991132,0.81391348,-0.90825570,0.14573189,0.15740283,-0.17173289,0,0,0,0,0
1504,313125,-0.01273890,0.85104790,-0.88302382,0.13172454,0.19226518,-0.17683808,0,0,0,0,0
1505,313333,-0.07466610,0.88761509,-0.85412849,0.11803635,0.18915709,-0.16996259,0,0,0,0,0
1506,313541,-0.13818714,0.91143206,-0.80787568,0.10569289,0.19939788,-0.19206946,0,0,0,0,0
1507,313750,-0.20468172,0.94011756,-0.77186376,0.09928799,0.19147613,-0.15935829,0,0,0,0,0
1508,313958,-0.26425128,0.95671120,-0.72367304,0.09096916,0.22366553,-0.16374757,0,0,0,0,0
1509,314166,-0.33435717,0.96633230,-0.67841810,0.07930270,0.21404898,-0.15274922,0,0,0,0,0
1510,314375,-0.38694487,0.97914214,-0.62638071,0.05715044,0.23349993,-0.14080928,0,0,0,0,0
1511,314583,-0.43686825,0.98001602,-0.57955317,0.07475869,0.24121522,-0.13085791,0,0,0,0,0
1512,314791,-0.49435543,0.98339027,-0.51907150,0.04020440,0.24596639,-0.14530021,0,0,0,0,0
1513,315000,-0.55888239,0.97292472,-0.46303706,0.02120097,0.26436518,-0.12926337,0,0,0,0,0
1514,315208,-0.60311213,0.96951472,-0.40039635,0.02027363,0.23947957,-0.12499245,0,0,0,0,0
1515,315416,-0.66244660,0.96263006,-0.34089096,0.00728739,0.25945358,-0.14335072,0,0,0,0,0
1516,315625,-0.71263014,0.94710884,-0.27433643,-0.01542076,0.23877468,-0.12412602,0,0,0,0,0
1517,315833,-0.75666934,0.92832796,-0.21483950,-0.03179236,0.23295081,-0.09969659,0,0,0,0,0
1518,316041,-0.79084348,0.90455254,-0.14871194,-0.06799663,0.26559901,-0.09900575,0,0,0,0,0
1519,316250,-0.83529038,0.88620157,-0.08135893,-0.06821965,0.25056556,-0.07377329,0,0,0,0,0
1520,316458,-0.85848421,0.85965154,-0.01907284,-0.09188102,0.25545281,-0.04650141,0,0,0,0,0
1521,316666,-0.89057707,0.82214146,0.05368618,-0.09899857,0.24033161,-0.01776416,0,0,0,0,0
1522,316875,-0.91852187,0.78195693,0.11810915,-0.11234672,0.24870419,-0.01017538,0,0,0,0,0
1523,317083,-0.93699109,0.74949016,0.16509802,-0.13185366,0.24483402,-0.01759299,0,0,0,0,0
1524,317291,-0.96736675,0.70100032,0.23079711,-0.14302576,0.24911915,0.02237101,0,0,0,0,0
1525,317500,-0.97670207,0.65255580,0.30446398,-0.16251787,0.25692176,0.03062985,0,0,0,0,0
1526,317708,-0.98916410,0.61129780,0.36845865,-0.15457664,0.24300669,0.05569195,0,0,0,0,0
1527,317916,-0.99849083,0.55713701,0.42265069,-0.19067286,0.25681522,0.06585414,0,0,0,0,0
1528,318125,-0.98891254,0.50603073,0.48777738,-0.20259267,0.25365036,0.08345589,0,0,0,0,0
1529,318333,-1.00136802,0.43502314,0.53145534,-0.21117045,0.23440976,0.09154748,0,0,0,0,0
1530,318541,-0.98494876,0.37850892,0.58692041,-0.20599782,0.24541114,0.09296009,0,0,0,0,0
1531,318750,-0.97739780,0.31809682,0.64954395,-0.22547910,0.22288727,0.11393805,0,0,0,0,0
1532,318958,-0.96283690,0.26519479,0.69187253,-0.23706659,0.21093612,0.12918605,0,0,0,0,0
1533,319166,-0.93884373,0.19305900,0.73938673,-0.22905656,0.18405825,0.15394018,0,0,0,0,0
1534,319375,-0.91930720,0.12946087,0.78804461,-0.24164570,0.20408727,0.14081314,0,0,0,0,0
1535,319583,-0.89346058,0.06267947,0.81965276,-0.25699837,0.17381199,0.15856868,0,0,0,0,0
1536,319791,-0.86597062,0.00227273,0.85038469,-0.26392248,0.15506811,0.16708930,0,0,0,0,0
1537,320000,-0.82733037,-0.07024969,0.88866739,-0.26117436,0.13140265,0.17486628,0,0,0,0,0
1538,320208,-0.80181244,-0.12102672,0.90556479,-0.26249388,0.10397353,0.19548533,0,0,0,0,0
1539,320416,-0.75212604,-0.18447553,0.93391156,-0.27502481,0.11228821,0.19482208,0,0,0,0,0
1540,320625,-0.71153094,-0.25440562,0.95068583,-0.24808155,0.09039360,0.19592328,0,0,0,0,0
1541,320833,-0.66342741,-0.31296724,0.96164839,-0.23901081,0.07285313,0.20574651,0,0,0,0,0
1542,321041,-0.60798839,-0.37237123,0.97707776,-0.26252563,0.06575439,0.20237191,0,0,0,0,0
1543,321250,-0.55278454,-0.43037815,0.98537401,-0.23612738,0.03693144,0.22480492,0,0,0,0,0
1544,321458,-0.49184461,-0.48827116,0.98742256,-0.23155652,0.01813721,0.23129425,0,0,0,0,0
1545,321666,-0.44436117,-0.55907309,0.99706194,-0.22858216,-0.00269766,0.23753960,0,0,0,0,0
1546,321875,-0.36939150,-0.60806583,0.97376517,-0.17609542,-0.02234337,0.23523895,0,0,0,0,0
1547,322083,-0.30453308,-0.65242179,0.97196874,-0.19677887,-0.00767547,0.22857867,0,0,0,0,0
1548,322291,-0.24632830,-0.69921861,0.95711309,-0.19381443,-0.03467779,0.24845750,0,0,0,0,0
1549,322500,-0.18133760,-0.74342544,0.93806752,-0.19425606,-0.06977998,0.23181239,0,0,0,0,0
1550,322708,-0.11406350,-0.78423617,0.92078020,-0.17946205,-0.08695210,0.25366245,0,0,0,0,0
1551,322916,-0.06232477,-0.82502208,0.89522452,-0.16691212,-0.08174920,0.24498221,0,0,0,0,0
1552,323125,0.00442496,-0.86117445,0.86745727,-0.15150180,-0.09760594,0.23584092,0,0,0,0,0
1553,323333,0.07686930,-0.89236655,0.82921519,-0.12199332,-0.13136284,0.22924461,0,0,0,0,0
1554,323541,0.14655557,-0.91992702,0.80275599,-0.13245268,-0.11167987,0.24840929,0,0,0,0,0
1555,323750,0.20047067,-0.93086785,0.75765253,-0.11852796,-0.13640144,0.23387083,0,0,0,0,0
1556,323958,0.26433459,-0.96025054,0.70639675,-0.10851789,-0.16378879,0.22975508,0,0,0,0,0
1557,324166,0.32236554,-0.97526985,0.65518916,-0.09388546,-0.16349372,0.21274094,0,0,0,0,0
1558,324375,0.38724601,-0.99025038,0.61452392,-0.09009557,-0.17920499,0.22300380,0,0,0,0,0
1559,324583,0.45025471,-0.97476420,0.57400786,-0.07605848,-0.17487915,0.21489145,0,0,0,0,0
1560,324791,0.50402639,-0.99709886,0.50277895,-0.08480457,-0.20152510,0.18759709,0,0,0,0,0
1561,325000,0.55563753,-0.98787558,0.45030989,-0.07983023,-0.19825817,0.18614819,0,0,0,0,0
1562,325208,0.62009265,-0.97597256,0.39494533,-0.04999950,-0.19975378,0.19071465,0,0,0,0,0
1563,325416,0.66638045,-0.96013598,0.32266515,-0.03122715,-0.19827513,0.18936868,0,0,0,0,0
1564,325625,0.71919939,-0.94973239,0.26890796,-0.01282231,-0.21183113,0.18109851,0,0,0,0,0
1565,325833,0.76321597,-0.93149326,0.19695548,-0.00386950,-0.19493974,0.19084106,0,0,0,0,0
1566,326041,0.80186247,-0.90340006,0.14377364,-0.00545400,-0.21193736,0.16599851,0,0,0,0,0
1567,326250,0.83202800,-0.87307399,0.07137616,0.02238438,-0.21956781,0.13786188,0,0,0,0,0
1568,326458,0.87254490,-0.84889155,0.01298361,0.02904869,-0.22373578,0.09651169,0,0,0,0,0
1569,326666,0.90222436,-0.82709374,-0.05863813,0.06018508,-0.21518258,0.10800847,0,0,0,0,0
1570,326875,0.93488905,-0.78370742,-0.11727183,0.06721984,-0.23285627,0.08219976,0,0,0,0,0
1571,327083,0.95764137,-0.73683036,-0.18288386,0.07716096,-0.22291565,0.06815581,0,0,0,0,0
1572,327291,0.97891275,-0.70037888,-0.24929042,0.08296154,-0.22215857,0.03134167,0,0,0,0,0
1573,327500,0.99671372,-0.66198846,-0.31073894,0.10278139,-0.25011926,0.01214630,0,0,0,0,0
1574,327708,0.99531946,-0.59684169,-0.36337158,0.12167235,-0.23709671,0.02553991,0,0,0,0,0
1575,327916,1.00930389,-0.54985372,-0.43897218,0.12404911,-0.23807871,-0.03136052,0,0,0,0,0
1576,328125,1.00735278,-0.49417501,-0.48654786,0.12225607,-0.24528891,-0.02710034,0,0,0,0,0
1577,328333,1.00284361,-0.43620003,-0.54051812,0.13553477,-0.25042643,-0.03449252,0,0,0,0,0
1578,328541,0.99713872,-0.37716365,-0.59542490,0.15571889,-0.21521550,-0.06230348,0,0,0,0,0
1579,328750,0.99905390,-0.32451132,-0.64719888,0.16198734,-0.21217592,-0.08693199,0,0,0,0,0
1580,328958,0.98153932,-0.24660650,-0.68700639,0.16038491,-0.20379448,-0.08603888,0,0,0,0,0
1581,329166,0.96595088,-0.19308426,-0.73941861,0.16720185,-0.20847225,-0.10330121,0,0,0,0,0
1582,329375,0.93507858,-0.13062521,-0.77501948,0.17697905,-0.19338535,-0.09478041,0,0,0,0,0
1583,329583,0.91023390,-0.05839397,-0.80965108,0.18945347,-0.20581072,-0.13721270,0,0,0,0,0
1584,329791,0.87463614,0.00718980,-0.85550034,0.18457733,-0.17081197,-0.13214603,0,0,0,0,0
1585,330000,0.83801054,0.06422754,-0.87962802,0.20160300,-0.15266533,-0.15440735,0,0,0,0,0
1586,330208,0.80858251,0.13400058,-0.90933274,0.18288310,-0.13067567,-0.17540303,0,0,0,0,0
1587,330416,0.77772012,0.20651939,-0.92627718,0.19999710,-0.13903168,-0.18142126,0,0,0,0,0
1588,330625,0.71278482,0.26015456,-0.94270472,0.18799849,-0.11108904,-0.18010333,0,0,0,0,0
1589,330833,0.67295340,0.32122678,-0.96952851,0.18291247,-0.09660402,-0.20599636,0,0,0,0,0
1590,331041,0.61809224,0.38487546,-0.97103887,0.18856345,-0.08082283,-0.21349549,0,0,0,0,0
1591,331250,0.56893312,0.44662547,-0.98133517,0.17297767,-0.07227997,-0.19936764,0,0,0,0,0
1592,331458,0.49303147,0.50414846,-0.98094680,0.16064542,-0.06186256,-0.20704154,0,0,0,0,0
1593,331666,0.43778165,0.55382351,-0.98647280,0.15215130,-0.04578985,-0.21067790,0,0,0,0,0
1594,331875,0.38169277,0.61429983,-0.96740384,0.15363901,-0.01997991,-0.23492296,0,0,0,0,0
1595,332083,0.32421957,0.66372295,-0.96753780,0.15877647,-0.00637697,-0.23674625,0,0,0,0,0
1596,332291,0.25994383,0.71367100,-0.94543166,0.13811311,-0.00896865,-0.24301534,0,0,0,0,0
1597,332500,0.19626643,0.76167374,-0.92393308,0.13573638,0.00663218,-0.27427874,0,0,0,0,0
1598,332708,0.13762924,0.79102589,-0.91593011,0.10775992,0.02637150,-0.24756329,0,0,0,0,0
1599,332916,0.06778399,0.83843048,-0.88251460,0.12571147,0.04960597,-0.26831556,0,0,0,0,0
1600,333125,0.00156668,0.86612530,-0.85068147,0.12593486,0.07024639,-0.25827161,0,0,0,0,0
1601,333333,-0.06303776,0.90216080,-0.84162967,0.08311267,0.07470196,-0.25067269,0,0,0,0,0
1602,333541,-0.14377251,0.91801138,-0.78408798,0.09529131,0.07699238,-0.23061033,0,0,0,0,0
1603,333750,-0.19298176,0.94575000,-0.74820197,0.08784841,0.08831765,-0.24879319,0,0,0,0,0
1604,333958,-0.25256731,0.97113716,-0.70493701,0.09165641,0.12165983,-0.24653615,0,0,0,0,0
1605,334166,-0.32378240,0.98161248,-0.66131783,0.07264679,0.10937966,-0.24191425,0,0,0,0,0
1606,334375,-0.38347944,0.99111035,-0.60361093,0.04399019,0.10748634,-0.24061264,0,0,0,0,0
1607,334583,-0.44499562,1.00637526,-0.55030014,0.06238778,0.14617431,-0.23138760,0,0,0,0,0
1608,334791,-0.50496904,1.00185416,-0.49260429,0.05841954,0.13373682,-0.23803548,0,0,0,0,0
1609,335000,-0.55875467,0.98846028,-0.43978667,0.04364596,0.13386952,-0.21981128,0,0,0,0,0
1610,335208,-0.60841239,0.99434649,-0.38640030,0.03735317,0.14307784,-0.22255914,0,0,0,0,0
1611,335416,-0.65150632,0.98092134,-0.31522054,0.01085362,0.14693110,-0.20839134,0,0,0,0,0
1612,335625,-0.70818800,0.96865036,-0.24843008,0.01731890,0.13953310,-0.21768858,0,0,0,0,0
1613,335833,-0.76357777,0.94286343,-0.19662956,0.00299043,0.16165322,-0.22300052,0,0,0,0,0
1614,336041,-0.78997069,0.91842688,-0.12831940,-0.00670610,0.16755412,-0.19299425,0,0,0,0,0
1615,336250,-0.83297173,0.89331969,-0.06155935,-0.01095298,0.17004730,-0.18617229,0,0,0,0,0
1616,336458,-0.87042350,0.86835837,0.00187013,-0.04351892,0.16391840,-0.17876854,0,0,0,0,0
1617,336666,-0.90019886,0.82784849,0.07308244,-0.04697932,0.16129924,-0.16376660,0,0,0,0,0
1618,336875,-0.92980854,0.79397395,0.13432458,-0.06087083,0.16886932,-0.12757179,0,0,0,0,0
1619,337083,-0.96479457,0.75053928,0.19894745,-0.05917300,0.18290995,-0.12441968,0,0,0,0,0
1620,337291,-0.97263541,0.70236460,0.25101398,-0.09317712,0.18754351,-0.08302554,0,0,0,0,0
1621,337500,-0.98633458,0.65349323,0.32353297,-0.08119339,0.16751104,-0.07156860,0,0,0,0,0
1622,337708,-1.00755972,0.60687174,0.38717073,-0.09737608,0.19517396,-0.06132398,0,0,0,0,0
1623,337916,-1.01318361,0.55975681,0.43731939,-0.12044254,0.18117028,-0.05379706,0,0,0,0,0
1624,338125,-1.01346262,0.50948171,0.50803172,-0.12980082,0.18963097,-0.01992768,0,0,0,0,0
1625,338333,-1.00968939,0.44647917,0.55400348,-0.12513247,0.18948584,0.00326251,0,0,0,0,0
1626,338541,-1.00808026,0.36797118,0.60837942,-0.14508406,0.19520882,0.02130823,0,0,0,0,0
1627,338750,-0.99604242,0.32522278,0.66376669,-0.12250919,0.17448306,0.01514460,0,0,0,0,0
1628,338958,-0.98371304,0.25677318,0.70891233,-0.14653130,0.16174409,0.04802515,0,0,0,0,0
1629,339166,-0.96306770,0.19245968,0.74491423,-0.15671257,0.15753953,0.04848885,0,0,0,0,0
1630,339375,-0.94498619,0.12831582,0.78536684,-0.15605203,0.14455628,0.06682283,0,0,0,0,0
1631,339583,-0.91281045,0.06269682,0.83675062,-0.17303266,0.15469119,0.06648948,0,0,0,0,0
1632,339791,-0.88489018,0.00195151,0.85648490,-0.15786365,0.11791345,0.08828523,0,0,0,0,0
1633,340000,-0.84272920,-0.07230664,0.88987093,-0.16581410,0.10915319,0.11728826,0,0,0,0,0
1634,340208,-0.81640562,-0.12638396,0.90788037,-0.15947711,0.11030372,0.11162846,0,0,0,0,0
1635,340416,-0.76482185,-0.20073615,0.94352429,-0.16695229,0.09897435,0.12880413,0,0,0,0,0
1636,340625,-0.72440114,-0.25462428,0.95756248,-0.14912326,0.07372125,0.14420841,0,0,0,0,0
1637,340833,-0.67091197,-0.32977368,0.96865228,-0.15634255,0.08081961,0.14367728,0,0,0,0,0
1638,341041,-0.62115411,-0.38457398,0.98582800,-0.16848453,0.04117919,0.13906652,0,0,0,0,0
1639,341250,-0.57176346,-0.45435979,0.98688149,-0.13246861,0.05098212,0.14454985,0,0,0,0,0
1640,341458,-0.51956080,-0.51412662,0.98899630,-0.12715066,0.04872453,0.18322645,0,0,0,0,0
1641,341666,-0.45607778,-0.56494779,0.99233576,-0.12296007,0.01570345,0.15888841,0,0,0,0,0
1642,341875,-0.39837527,-0.61321089,0.97605957,-0.12330222,0.01689463,0.19177922,0,0,0,0,0
1643,342083,-0.32846392,-0.66205086,0.96395858,-0.09850056,-0.00168189,0.20131215,0,0,0,0,0
1644,342291,-0.27702588,-0.71770064,0.96304722,-0.07613696,-0.01817343,0.21244861,0,0,0,0,0
1645,342500,-0.20680987,-0.76319037,0.93670308,-0.09635740,-0.02917711,0.20845383,0,0,0,0,0
1646,342708,-0.13974910,-0.80866624,0.91598431,-0.07976556,-0.04321844,0.20062197,0,0,0,0,0
1647,342916,-0.06611499,-0.84547273,0.89396161,-0.06593652,-0.04839951,0.21357354,0,0,0,0,0
1648,343125,-0.01510214,-0.87461493,0.86773106,-0.06562037,-0.07171339,0.20656012,0,0,0,0,0
1649,343333,0.05928828,-0.90378590,0.83206442,-0.07048357,-0.06801840,0.21190745,0,0,0,0,0
1650,343541,0.12150374,-0.93637202,0.79704263,-0.04913256,-0.06623774,0.21964752,0,0,0,0,0
1651,343750,0.18604560,-0.95549588,0.74323736,-0.05662552,-0.08552831,0.20829978,0,0,0,0,0
1652,343958,0.24397404,-0.97469695,0.70439384,-0.02175871,-0.09075483,0.21481081,0,0,0,0,0
1653,344166,0.30938271,-0.98572374,0.65946205,-0.00729724,-0.10600171,0.21014847,0,0,0,0,0
1654,344375,0.37359114,-1.00537494,0.60786518,-0.01971912,-0.11779559,0.20798191,0,0,0,0,0
1655,344583,0.42738033,-1.01173179,0.56112817,-0.01885199,-0.11461634,0.20587208,0,0,0,0,0
1656,344791,0.49375910,-1.01180190,0.49877392,0.00688761,-0.12642697,0.20278005,0,0,0,0,0
1657,345000,0.54742313,-1.00102376,0.43617872,0.00679787,-0.12741742,0.19267082,0,0,0,0,0
1658,345208,0.60093722,-0.99475720,0.38649585,0.02534329,-0.12112582,0.21620768,0,0,0,0,0
1659,345416,0.64603585,-0.99179729,0.32560510,0.04134676,-0.13229568,0.22365855,0,0,0,0,0
1660,345625,0.69342449,-0.96977651,0.25371844,0.05413893,-0.12411579,0.20640714,0,0,0,0,0
1661,345833,0.74410036,-0.96044200,0.18795097,0.04004724,-0.12617429,0.19636343,0,0,0,0,0
1662,346041,0.78716176,-0.93120115,0.12973135,0.08313558,-0.12348982,0.17425035,0,0,0,0,0
1663,346250,0.82300102,-0.90537053,0.06326395,0.07058009,-0.14783325,0.16836403,0,0,0,0,0
1664,346458,0.85708320,-0.88527035,-0.01030383,0.08422988,-0.14392653,0.14025496,0,0,0,0,0
1665,346666,0.88975299,-0.84498691,-0.07273555,0.08870294,-0.14236070,0.14073216,0,0,0,0,0
1666,346875,0.92232147,-0.80712297,-0.13144439,0.08507172,-0.13966412,0.12982866,0,0,0,0,0
1667,347083,0.94463197,-0.76093075,-0.20600443,0.10025453,-0.12827526,0.10324580,0,0,0,0,0
1668,347291,0.95796572,-0.71688073,-0.26819129,0.11534260,-0.13273579,0.09960641,0,0,0,0,0
1669,347500,0.98532923,-0.66198147,-0.33328982,0.13133767,-0.14011401,0.08631751,0,0,0,0,0
1670,347708,0.99918963,-0.62173628,-0.40061193,0.12151942,-0.14618883,0.04831889,0,0,0,0,0
1671,347916,0.99364648,-0.56037878,-0.44787365,0.13454983,-0.14457396,0.04294638,0,0,0,0,0
1672,348125,1.00372339,-0.51599408,-0.51226148,0.15649338,-0.15639824,0.01667885,0,0,0,0,0
1673,348333,1.01049838,-0.45267193,-0.56219377,0.15786308,-0.13056554,0.02907690,0,0,0,0,0
1674,348541,0.98324951,-0.39602608,-0.60929894,0.14897393,-0.13296950,0.02391537,0,0,0,0,0
1675,348750,0.99275324,-0.32089725,-0.66817021,0.14882842,-0.11274194,-0.00049112,0,0,0,0,0
1676,348958,0.97167787,-0.27598139,-0.71439567,0.17663681,-0.13748474,-0.02096755,0,0,0,0,0
1677,349166,0.95492380,-0.19523426,-0.76156945,0.15973290,-0.12332260,-0.02430033,0,0,0,0,0
1678,349375,0.93716037,-0.13425905,-0.79615417,0.16844647,-0.10100266,-0.04817670,0,0,0,0,0
1679,349583,0.91374620,-0.06682965,-0.83724026,0.16305300,-0.06833956,-0.04768383,0,0,0,0,0
1680,349791,0.87146947,0.00143998,-0.87279926,0.17712665,-0.09374174,-0.04586027,0,0,0,0,0
1681,350000,0.84812877,0.06524647,-0.89650202,0.18340194,-0.06095122,-0.06627353,0,0,0,0,0
1682,350208,0.81294742,0.12703966,-0.93520443,0.16416762,-0.05398821,-0.08476607,0,0,0,0,0
1683,350416,0.77835493,0.19215626,-0.94522497,0.17403587,-0.03478001,-0.06762283,0,0,0,0,0
1684,350625,0.71908633,0.25167240,-0.96396864,0.15464944,-0.04001237,-0.08315560,0,0,0,0,0
1685,350833,0.67282913,0.31853475,-0.97806275,0.15788918,-0.04340545,-0.09961078,0,0,0,0,0
1686,351041,0.62331419,0.37742174,-0.98534904,0.15950530,-0.00494976,-0.13202358,0,0,0,0,0
1687,351250,0.57637265,0.43503435,-0.99981814,0.13424102,-0.00015156,-0.11941507,0,0,0,0,0
1688,351458,0.51235160,0.49832439,-1.00776734,0.12894801,0.00203954,-0.12902611,0,0,0,0,0
1689,351666,0.45439942,0.55140012,-0.99633265,0.13042529,0.01953652,-0.12599325,0,0,0,0,0
1690,351875,0.39544987,0.61314255,-0.98721846,0.08821270,0.04041405,-0.13761476,0,0,0,0,0
1691,352083,0.34269410,0.65749652,-0.98533871,0.10551490,0.04201715,-0.14389827,0,0,0,0,0
1692,352291,0.27906919,0.71561769,-0.97116379,0.07918064,0.06394782,-0.14377042,0,0,0,0,0
1693,352500,0.21669169,0.76029294,-0.95527252,0.07810171,0.05975530,-0.16189801,0,0,0,0,0
1694,352708,0.14578328,0.79133364,-0.93065237,0.06278061,0.08317138,-0.17120158,0,0,0,0,0
1695,352916,0.07037130,0.84763714,-0.90699154,0.05980134,0.08839694,-0.14983945,0,0,0,0,0
1696,353125,0.01340892,0.86627204,-0.87329347,0.01776454,0.09076718,-0.17331477,0,0,0,0,0
1697,353333,-0.05019385,0.91186940,-0.84083557,0.01714088,0.12168983,-0.16547549,0,0,0,0,0
1698,353541,-0.11941760,0.92983645,-0.80033853,0.01166167,0.11349904,-0.17778773,0,0,0,0,0
1699,353750,-0.18787647,0.96024896,-0.76366698,-0.00039930,0.11529895,-0.17013769,0,0,0,0,0
1700,353958,-0.24486191,0.97514391,-0.71256418,0.01582380,0.13784667,-0.16620247,0,0,0,0,0
1701,354166,-0.29817664,0.98971323,-0.66492990,-0.00083485,0.14174175,-0.15564001,0,0,0,0,0
1702,354375,-0.36869588,0.99327991,-0.61824193,-0.02491671,0.13065633,-0.15011706,0,0,0,0,0
1703,354583,-0.41938802,1.00318469,-0.56223877,-0.03687996,0.13720608,-0.16593360,0,0,0,0,0
1704,354791,-0.47819226,1.01446623,-0.50350714,-0.03518603,0.16203291,-0.15113000,0,0,0,0,0
1705,355000,-0.54128967,0.99784465,-0.44982322,-0.03814319,0.14642839,-0.17287150,0,0,0,0,0
1706,355208,-0.59679008,1.00734580,-0.38288856,-0.05238503,0.15365083,-0.15973628,0,0,0,0,0
1707,355416,-0.63810630,0.98160939,-0.33274351,-0.06447620,0.16230616,-0.16624791,0,0,0,0,0
1708,355625,-0.68520610,0.97344875,-0.25318387,-0.07771709,0.13782156,-0.15051494,0,0,0,0,0
1709,355833,-0.73106245,0.96169486,-0.19949954,-0.09859654,0.14776933,-0.15000337,0,0,0,0,0
1710,356041,-0.77807863,0.92772251,-0.12731158,-0.10302890,0.13547480,-0.15699308,0,0,0,0,0
1711,356250,-0.81353028,0.90080369,-0.06085660,-0.11542769,0.13189664,-0.11116963,0,0,0,0,0
1712,356458,-0.85283857,0.88170660,-0.00370317,-0.12411088,0.14301993,-0.14094158,0,0,0,0,0
1713,356666,-0.88470484,0.84114842,0.07201126,-0.13038219,0.15621270,-0.10203436,0,0,0,0,0
1714,356875,-0.90948580,0.80727708,0.13486302,-0.13111656,0.14492722,-0.11560806,0,0,0,0,0
1715,357083,-0.93429628,0.77080815,0.19634536,-0.14497673,0.13934908,-0.08530923,0,0,0,0,0
1716,357291,-0.94749168,0.72479074,0.26060380,-0.17681603,0.14454858,-0.05828876,0,0,0,0,0
1717,357500,-0.96688449,0.67047312,0.32688067,-0.15768505,0.15052061,-0.07415407,0,0,0,0,0
1718,357708,-0.98157309,0.62850545,0.38384129,-0.18096198,0.13557645,-0.04864655,0,0,0,0,0
1719,357916,-0.98651366,0.58387925,0.45486430,-0.16977066,0.14621200,-0.01596699,0,0,0,0,0
1720,358125,-0.99722592,0.51344419,0.50121145,-0.18175680,0.14981569,-0.01446719,0,0,0,0,0
1721,358333,-0.98733459,0.45829619,0.56546624,-0.19267646,0.13269104,0.00830287,0,0,0,0,0
1722,358541,-0.98530925,0.39843971,0.61602251,-0.21078595,0.10043720,-0.00382120,0,0,0,0,0
1723,358750,-0.97654392,0.34009372,0.66669439,-0.21308523,0.14298426,0.00852674,0,0,0,0,0
1724,358958,-0.96221892,0.27480565,0.71704744,-0.20522338,0.11594746,0.03421267,0,0,0,0,0
1725,359166,-0.94652506,0.21397699,0.75940288,-0.21141474,0.10347257,0.04453538,0,0,0,0,0
1726,359375,-0.91754536,0.15319614,0.79749669,-0.21949361,0.08563207,0.05494282,0,0,0,0,0
1727,359583,-0.90357516,0.08027661,0.84682753,-0.22454715,0.07982815,0.06990697,0,0,0,0,0
1728,359791,-0.87067289,0.01467340,0.87022811,-0.22431297,0.06211604,0.06343505,0,0,0,0,0
1729,360000,-0.82650095,-0.04965886,0.90260654,-0.21384734,0.05590114,0.07703382,0,0,0,0,0
1730,360208,-0.79842920,-0.11098025,0.93328760,-0.20694407,0.03440589,0.07861164,0,0,0,0,0
1731,360416,-0.76052139,-0.18529122,0.96578716,-0.21501901,0.01775698,0.07980249,0,0,0,0,0
1732,360625,-0.70541091,-0.24137225,0.97924390,-0.20234209,0.00538721,0.08672208,0,0,0,0,0
1733,360833,-0.67074655,-0.30533592,0.97508819,-0.19638470,0.00002430,0.10676525,0,0,0,0,0
1734,361041,-0.61678331,-0.36544020,0.99215321,-0.18976583,-0.01797758,0.11759004,0,0,0,0,0
1735,361250,-0.56705518,-0.43494698,1.00893799,-0.17932448,-0.02825804,0.09678691,0,0,0,0,0
1736,361458,-0.51099992,-0.49446485,1.00198990,-0.16258127,-0.03540445,0.10704927,0,0,0,0,0
1737,361666,-0.43680805,-0.54436361,1.00325873,-0.15834938,-0.05213082,0.13554905,0,0,0,0,0
1738,361875,-0.37990404,-0.60632862,0.99231891,-0.14181622,-0.07534771,0.14178916,0,0,0,0,0
1739,362083,-0.31879832,-0.65086444,0.99258770,-0.10960773,-0.08189395,0.10748663,0,0,0,0,0
1740,362291,-0.26092754,-0.70148413,0.97188167,-0.12304231,-0.09734313,0.13540171,0,0,0,0,0
1741,362500,-0.20348040,-0.74913182,0.95832846,-0.09849691,-0.09267018,0.14251996,0,0,0,0,0
1742,362708,-0.13368310,-0.78058135,0.93802583,-0.07822893,-0.11764069,0.14687640,0,0,0,0,0
1743,362916,-0.06666043,-0.82121018,0.92424830,-0.04741881,-0.11614847,0.13060860,0,0,0,0,0
1744,363125,-0.00949206,-0.86945687,0.87667351,-0.04888592,-0.13827313,0.14578690,0,0,0,0,0
1745,363333,0.06323513,-0.89651530,0.84513276,-0.06649770,-0.15347077,0.14830727,0,0,0,0,0
1746,363541,0.11926844,-0.91469643,0.81451071,-0.04175439,-0.16720121,0.15004372,0,0,0,0,0
1747,363750,0.18679196,-0.94750415,0.76988819,-0.04834039,-0.17720808,0.12843170,0,0,0,0,0
1748,363958,0.24824572,-0.96258902,0.73236603,-0.01622215,-0.17360183,0.14223484,0,0,0,0,0
1749,364166,0.32049753,-0.98275098,0.67546985,-0.00864191,-0.17980712,0.14918675,0,0,0,0,0
1750,364375,0.36646437,-0.98344740,0.61800735,0.00850709,-0.19445014,0.13293290,0,0,0,0,0
1751,364583,0.43271227,-0.99643955,0.56215330,0.02786038,-0.19769529,0.14870198,0,0,0,0,0
1752,364791,0.48521721,-0.99807244,0.51178765,0.03038409,-0.19852234,0.14121495,0,0,0,0,0
1753,365000,0.53140612,-0.98991086,0.45402875,0.04398499,-0.18407253,0.12579411,0,0,0,0,0
1754,365208,0.58367208,-0.98663101,0.38951990,0.04023195,-0.19680572,0.12326441,0,0,0,0,0
1755,365416,0.64231270,-0.97849922,0.33944050,0.06530213,-0.18883385,0.12292762,0,0,0,0,0
1756,365625,0.69025158,-0.97009200,0.27409343,0.07740393,-0.18065043,0.12711198,0,0,0,0,0
1757,365833,0.73850378,-0.94075475,0.20588855,0.09027558,-0.17986730,0.11551547,0,0,0,0,0
1758,366041,0.78085888,-0.92527422,0.14531918,0.10870961,-0.18301115,0.09484890,0,0,0,0,0
1759,366250,0.81344619,-0.89893139,0.07953786,0.11835906,-0.20800853,0.10721892,0,0,0,0,0
1760,366458,0.84569117,-0.87051639,0.01090053,0.12815883,-0.17673604,0.07698410,0,0,0,0,0
1761,366666,0.88323384,-0.84032721,-0.05441901,0.15220514,-0.17780260,0.07922968,0,0,0,0,0
1762,366875,0.90082592,-0.80515698,-0.12531577,0.15747094,-0.19539098,0.05918727,0,0,0,0,0
1763,367083,0.93176480,-0.76664012,-0.18683779,0.16163619,-0.17335692,0.04828231,0,0,0,0,0
1764,367291,0.95297260,-0.72171144,-0.24811064,0.17831740,-0.18562252,0.03300387,0,0,0,0,0
1765,367500,0.95949138,-0.66862037,-0.32565513,0.18858646,-0.19648530,-0.00033048,0,0,0,0,0
1766,367708,0.98496747,-0.62193007,-0.37584596,0.18049126,-0.18408161,0.01641370,0,0,0,0,0
1767,367916,0.99023084,-0.56958752,-0.44222776,0.19670480,-0.18127224,-0.01888075,0,0,0,0,0
1768,368125,0.99495098,-0.51347171,-0.49786665,0.21137624,-0.18043765,-0.02535964,0,0,0,0,0
1769,368333,0.99053467,-0.46290437,-0.56015558,0.21832688,-0.17533361,-0.05038157,0,0,0,0,0
1770,368541,0.98497193,-0.39268056,-0.59599267,0.23051756,-0.18599808,-0.04652817,0,0,0,0,0
1771,368750,0.97423432,-0.33677749,-0.65111473,0.23530035,-0.15067194,-0.08518333,0,0,0,0,0
1772,368958,0.94845521,-0.27646288,-0.70927674,0.24820180,-0.12528417,-0.06486252,0,0,0,0,0
1773,369166,0.93853422,-0.21022798,-0.74157007,0.25406357,-0.11346974,-0.09385694,0,0,0,0,0
1774,369375,0.92420904,-0.15119039,-0.79273184,0.26154367,-0.12242379,-0.10231070,0,0,0,0,0
1775,369583,0.88884281,-0.07342757,-0.83276510,0.23749007,-0.11707168,-0.10627334,0,0,0,0,0
1776,369791,0.85900489,-0.01853734,-0.86918100,0.25091841,-0.09276929,-0.09099265,0,0,0,0,0
1777,370000,0.82493072,0.04634764,-0.88732856,0.24230051,-0.07092675,-0.13707271,0,0,0,0,0
1778,370208,0.78300082,0.11502633,-0.91898034,0.24462918,-0.03643738,-0.13193660,0,0,0,0,0
1779,370416,0.75088440,0.17295149,-0.94762486,0.23837286,-0.03137062,-0.13215333,0,0,0,0,0
1780,370625,0.70324792,0.24143520,-0.97592600,0.22761317,-0.01037816,-0.14291104,0,0,0,0,0
1781,370833,0.65928608,0.30072018,-0.97366732,0.21663688,-0.00324534,-0.14086189,0,0,0,0,0
1782,371041,0.60828174,0.37176414,-0.98722647,0.21820396,-0.00843705,-0.15059748,0,0,0,0,0
1783,371250,0.54738458,0.43237061,-0.99266261,0.21974206,0.04115658,-0.15721770,0,0,0,0,0
1784,371458,0.49820197,0.47997895,-0.98640599,0.20332533,0.04367892,-0.16772841,0,0,0,0,0
1785,371666,0.43263860,0.54613954,-1.00840232,0.17780629,0.05753353,-0.16145870,0,0,0,0,0
1786,371875,0.38354317,0.59611873,-0.99622331,0.17006107,0.07192282,-0.16375453,0,0,0,0,0
1787,372083,0.31932715,0.64892332,-0.97986131,0.17042568,0.07643564,-0.18235857,0,0,0,0,0
1788,372291,0.25852289,0.69243413,-0.97366030,0.15486293,0.07580849,-0.17329616,0,0,0,0,0
1789,372500,0.19304858,0.74674135,-0.94414388,0.14573127,0.09488656,-0.17280015,0,0,0,0,0
1790,372708,0.12564297,0.78725061,-0.93743273,0.13545960,0.10873101,-0.19217798,0,0,0,0,0
1791,372916,0.05987024,0.82585771,-0.90633663,0.11272152,0.12769387,-0.17775011,0,0,0,0,0
1792,373125,-0.00267323,0.86012710,-0.87357688,0.09414876,0.13302495,-0.16193094,0,0,0,0,0
1793,373333,-0.05671360,0.90238543,-0.85282699,0.06700841,0.16215885,-0.16805651,0,0,0,0,0
1794,373541,-0.12790242,0.91561430,-0.81062544,0.07056516,0.15999311,-0.16156608,0,0,0,0,0
1795,373750,-0.19795999,0.94409048,-0.76882552,0.07934887,0.16400229,-0.16466916,0,0,0,0,0
1796,373958,-0.26184725,0.96456310,-0.72546071,0.05567508,0.18005495,-0.15728997,0,0,0,0,0
1797,374166,-0.32176241,0.96802427,-0.67149027,0.05472804,0.18874407,-0.14127420,0,0,0,0,0
1798,374375,-0.37527504,0.97926269,-0.62612801,0.02397989,0.19692874,-0.15775849,0,0,0,0,0
1799,374583,-0.43374801,0.99258123,-0.57380098,0.02166461,0.21537255,-0.13418357,0,0,0,0,0
1800,374791,-0.49515224,0.98483083,-0.52111196,-0.00786052,0.21923557,-0.15437680,0,0,0,0,0
1801,375000,-0.55896357,0.98623409,-0.45920694,-0.00279203,0.22681058,-0.13944014,0,0,0,0,0
1802,375208,-0.60441793,0.97985091,-0.39695447,-0.01338734,0.22321417,-0.16816128,0,0,0,0,0
1803,375416,-0.65117729,0.96906867,-0.33413378,-0.02445749,0.21137027,-0.13625191,0,0,0,0,0
1804,375625,-0.70438703,0.94649774,-0.28143721,-0.04532768,0.20635268,-0.11828919,0,0,0,0,0
1805,375833,-0.73413891,0.93624197,-0.20876574,-0.05870976,0.20677169,-0.11850445,0,0,0,0,0
1806,376041,-0.78184764,0.91977086,-0.14835899,-0.09602174,0.22118441,-0.10052654,0,0,0,0,0
1807,376250,-0.82203290,0.88993807,-0.08570243,-0.09557949,0.21151895,-0.08349802,0,0,0,0,0
1808,376458,-0.86213769,0.86401345,-0.01501773,-0.11786625,0.21686726,-0.08335196,0,0,0,0,0
1809,376666,-0.88180083,0.82948931,0.03386202,-0.10881495,0.20150776,-0.06912153,0,0,0,0,0
1810,376875,-0.92362736,0.79455706,0.11171077,-0.14606039,0.21026411,-0.04475629,0,0,0,0,0
1811,377083,-0.93971999,0.74932939,0.18694260,-0.14243121,0.21081180,-0.03902164,0,0,0,0,0
1812,377291,-0.95132986,0.70614722,0.24481275,-0.16606527,0.23060907,-0.00242484,0,0,0,0,0
1813,377500,-0.97892797,0.65955935,0.32271279,-0.15373669,0.19741764,0.01999332,0,0,0,0,0
1814,377708,-0.99415558,0.60762728,0.37712420,-0.16489631,0.21153999,0.01205604,0,0,0,0,0
1815,377916,-0.98863809,0.56071919,0.43274653,-0.19970373,0.22004817,0.01927550,0,0,0,0,0
1816,378125,-0.99298676,0.50302591,0.48268066,-0.20109826,0.18899752,0.04965153,0,0,0,0,0
1817,378333,-0.99203767,0.44218505,0.53874495,-0.18909223,0.21193808,0.04800634,0,0,0,0,0
1818,378541,-0.99042223,0.38492007,0.60438551,-0.21519673,0.19978887,0.07235096,0,0,0,0,0
1819,378750,-0.97700654,0.33086780,0.64891762,-0.21405650,0.17951098,0.07367725,0,0,0,0,0
1820,378958,-0.95599205,0.26783363,0.68807776,-0.23027915,0.18159152,0.08986889,0,0,0,0,0
1821,379166,-0.94154097,0.20116317,0.73938490,-0.22947783,0.17288832,0.11032548,0,0,0,0,0
1822,379375,-0.91888350,0.13540554,0.78683660,-0.23448637,0.16857510,0.10147245,0,0,0,0,0
1823,379583,-0.89308997,0.07301662,0.82159089,-0.22904911,0.14233927,0.12559318,0,0,0,0,0
1824,379791,-0.86471834,0.01081493,0.84905528,-0.26758325,0.12386546,0.14752233,0,0,0,0,0
1825,380000,-0.82841924,-0.05475551,0.89086626,-0.26689985,0.10704346,0.14530816,0,0,0,0,0
1826,380208,-0.77915706,-0.13133733,0.91395342,-0.25082864,0.07238254,0.17057686,0,0,0,0,0
1827,380416,-0.74949354,-0.18422060,0.94184787,-0.25676133,0.08518157,0.18394749,0,0,0,0,0
1828,380625,-0.71406117,-0.25512935,0.96266120,-0.25413154,0.07550423,0.17316016,0,0,0,0,0
1829,380833,-0.66509517,-0.31386529,0.96700852,-0.24057676,0.05067129,0.16478937,0,0,0,0,0
1830,381041,-0.61456923,-0.37859640,0.98408130,-0.20786651,0.03280297,0.18871078,0,0,0,0,0
1831,381250,-0.54817960,-0.42794383,0.98684292,-0.21019841,0.02239501,0.18035178,0,0,0,0,0
1832,381458,-0.49680364,-0.49494281,0.98892219,-0.21776894,0.00262571,0.18770169,0,0,0,0,0
1833,381666,-0.43898068,-0.55350529,0.98294242,-0.20030187,-0.02440972,0.17995270,0,0,0,0,0
1834,381875,-0.37237045,-0.59926189,0.98229048,-0.18114114,-0.02074056,0.17799422,0,0,0,0,0
1835,382083,-0.32180707,-0.64536074,0.97683907,-0.16676616,-0.03041305,0.20696601,0,0,0,0,0
1836,382291,-0.25481202,-0.70113306,0.96154919,-0.17890085,-0.05388261,0.20617500,0,0,0,0,0
1837,382500,-0.19568756,-0.74345967,0.95056688,-0.17119850,-0.07825328,0.21225033,0,0,0,0,0
1838,382708,-0.11838889,-0.78930005,0.91693639,-0.14518183,-0.08446886,0.22948491,0,0,0,0,0
1839,382916,-0.06078435,-0.82436350,0.90350283,-0.14687762,-0.10358666,0.22539418,0,0,0,0,0
1840,383125,0.00100197,-0.84933635,0.87401534,-0.10798904,-0.11280368,0.21698808,0,0,0,0,0
1841,383333,0.06793562,-0.89072790,0.83386971,-0.10342214,-0.13914768,0.20736118,0,0,0,0,0
1842,383541,0.13433108,-0.91799864,0.80281834,-0.10321305,-0.15147424,0.20456108,0,0,0,0,0
1843,383750,0.19467529,-0.94366220,0.76849610,-0.10797874,-0.16111895,0.18911527,0,0,0,0,0
1844,383958,0.26843053,-0.95740891,0.72350712,-0.06598129,-0.14475626,0.17696722,0,0,0,0,0
1845,384166,0.32500720,-0.97791108,0.67275597,-0.06181806,-0.17018982,0.19527939,0,0,0,0,0
1846,384375,0.37358699,-0.98951281,0.61616063,-0.05358681,-0.20041127,0.16934917,0,0,0,0,0
1847,384583,0.43898485,-0.98654740,0.56199655,-0.06243235,-0.19124696,0.17626576,0,0,0,0,0
1848,384791,0.50540861,-0.98698449,0.51483661,-0.05148566,-0.18229315,0.17861881,0,0,0,0,0
1849,385000,0.55462565,-0.99316607,0.46156622,-0.02349817,-0.19495282,0.16792550,0,0,0,0,0
1850,385208,0.60700611,-0.97819053,0.39756257,-0.02536299,-0.20415355,0.17064891,0,0,0,0,0
1851,385416,0.65939961,-0.97085292,0.33498201,-0.00463310,-0.18965190,0.15835694,0,0,0,0,0
1852,385625,0.71548532,-0.96505773,0.26996505,0.00049893,-0.20426397,0.16659935,0,0,0,0,0
1853,385833,0.74969744,-0.92806146,0.20928225,0.02533048,-0.22027103,0.15294030,0,0,0,0,0
1854,386041,0.78756060,-0.91515282,0.14631809,0.06327905,-0.20065681,0.14326696,0,0,0,0,0
1855,386250,0.83536538,-0.88254477,0.07463797,0.07726348,-0.19291593,0.12796043,0,0,0,0,0
1856,386458,0.86865403,-0.85601625,0.00371665,0.07771306,-0.19879865,0.09642498,0,0,0,0,0
1857,386666,0.90521204,-0.82946254,-0.04850382,0.09729439,-0.21461864,0.10547296,0,0,0,0,0
1858,386875,0.91995554,-0.78370346,-0.11893687,0.08794051,-0.20769732,0.06637796,0,0,0,0,0
1859,387083,0.95060489,-0.75088211,-0.18412223,0.12120087,-0.21996160,0.05230972,0,0,0,0,0
1860,387291,0.96631562,-0.70260111,-0.25189498,0.11843155,-0.22173958,0.04458672,0,0,0,0,0
1861,387500,0.97785867,-0.65639934,-0.30258193,0.12967938,-0.22047676,0.00825223,0,0,0,0,0
1862,387708,0.98042784,-0.60671332,-0.37410109,0.14172148,-0.23239008,-0.00345438,0,0,0,0,0
1863,387916,1.00109327,-0.55194013,-0.44512105,0.16378406,-0.23042396,-0.01551568,0,0,0,0,0
1864,388125,1.01167597,-0.50067933,-0.48319738,0.15451564,-0.21470847,-0.04459038,0,0,0,0,0
1865,388333,1.00364126,-0.44844491,-0.54120257,0.16039622,-0.20513588,-0.03462513,0,0,0,0,0
1866,388541,0.99374395,-0.38401984,-0.59235486,0.18688825,-0.19673938,-0.04401541,0,0,0,0,0
1867,388750,0.98446556,-0.32851516,-0.64864732,0.18994872,-0.19800321,-0.06047770,0,0,0,0,0
1868,388958,0.96875966,-0.26145180,-0.70471819,0.19435542,-0.19697480,-0.06780350,0,0,0,0,0
1869,389166,0.95803632,-0.19232671,-0.73901168,0.19490536,-0.18536808,-0.10651025,0,0,0,0,0
1870,389375,0.93329610,-0.13763591,-0.78240780,0.20086798,-0.16001306,-0.11240886,0,0,0,0,0
1871,389583,0.90367921,-0.06860793,-0.82712539,0.22128504,-0.15476637,-0.12507909,0,0,0,0,0
1872,389791,0.86817078,0.00101967,-0.85348640,0.20872748,-0.14283078,-0.14669354,0,0,0,0,0
1873,390000,0.83582548,0.06169996,-0.88662200,0.21530254,-0.11786564,-0.14429932,0,0,0,0,0
1874,390208,0.80273100,0.12352527,-0.90658762,0.19604551,-0.13147278,-0.15305036,0,0,0,0,0
1875,390416,0.76080955,0.19872258,-0.92503834,0.19451089,-0.09177740,-0.18185757,0,0,0,0,0
1876,390625,0.71576412,0.25310591,-0.95568780,0.21673892,-0.07707409,-0.16699525,0,0,0,0,0
1877,390833,0.66697971,0.31826119,-0.96757911,0.21752450,-0.07490639,-0.18255921,0,0,0,0,0
1878,391041,0.61747660,0.36684261,-0.98793779,0.21176921,-0.05282546,-0.19234371,0,0,0,0,0
1879,391250,0.56194415,0.44091234,-0.97882173,0.21761804,-0.04700044,-0.18267774,0,0,0,0,0
1880,391458,0.50072672,0.50769086,-0.98001062,0.18750601,-0.01453332,-0.20023899,0,0,0,0,0
1881,391666,0.44553570,0.54589461,-0.98608762,0.18688213,-0.01497874,-0.20394843,0,0,0,0,0
1882,391875,0.38204716,0.60790488,-0.97026242,0.16773685,0.00216238,-0.21671515,0,0,0,0,0
1883,392083,0.32131687,0.66410084,-0.96361351,0.16234644,0.03005903,-0.21658257,0,0,0,0,0
1884,392291,0.25543373,0.70232621,-0.96122771,0.13905092,0.04445135,-0.23761081,0,0,0,0,0
1885,392500,0.19446911,0.74244659,-0.93650279,0.13921010,0.05580297,-0.21410713,0,0,0,0,0
1886,392708,0.12169759,0.78536993,-0.91496695,0.11230026,0.05685814,-0.23743371,0,0,0,0,0
1887,392916,0.06105952,0.83432049,-0.90243955,0.11273068,0.07421126,-0.21883739,0,0,0,0,0
1888,393125,-0.00536992,0.86966168,-0.86748230,0.10343482,0.09250560,-0.21042927,0,0,0,0,0
1889,393333,-0.07171686,0.89381960,-0.83337692,0.08957821,0.10364835,-0.24190595,0,0,0,0,0
1890,393541,-0.14005069,0.92593854,-0.79110977,0.08306284,0.10428876,-0.21009566,0,0,0,0,0
1891,393750,-0.19477504,0.95134034,-0.75124425,0.08558997,0.11496408,-0.21666228,0,0,0,0,0
1892,393958,-0.25676162,0.96365847,-0.71377603,0.05239097,0.15758354,-0.21605454,0,0,0,0,0
1893,394166,-0.32000275,0.98329461,-0.65575414,0.07110453,0.13962722,-0.22047478,0,0,0,0,0
1894,394375,-0.38422163,0.98415710,-0.61564736,0.04949887,0.15423215,-0.20337041,0,0,0,0,0
1895,394583,-0.45112340,0.99520606,-0.55514116,0.05066072,0.16420878,-0.21147404,0,0,0,0,0
1896,394791,-0.49738202,1.00576498,-0.51473297,0.03374642,0.16624769,-0.20697051,0,0,0,0,0
1897,395000,-0.55799837,0.98981845,-0.44734191,0.03546704,0.16564705,-0.20194574,0,0,0,0,0
1898,395208,-0.61442270,0.97844592,-0.38846500,0.02518363,0.18505042,-0.19334390,0,0,0,0,0
1899,395416,-0.66253893,0.96863172,-0.32736219,0.01090921,0.17363648,-0.18603193,0,0,0,0,0
1900,395625,-0.70896459,0.96218112,-0.26150575,-0.01463082,0.18934058,-0.18135837,0,0,0,0,0
1901,395833,-0.75030819,0.93195265,-0.19742830,-0.04382522,0.16793079,-0.17512769,0,0,0,0,0
1902,396041,-0.78683532,0.91827475,-0.13495870,-0.02485251,0.19127814,-0.15593572,0,0,0,0,0
1903,396250,-0.82756133,0.89000378,-0.07090869,-0.04141046,0.17225128,-0.15745128,0,0,0,0,0
1904,396458,-0.85755732,0.85960426,-0.00591715,-0.06505832,0.19409711,-0.14022170,0,0,0,0,0
1905,396666,-0.90643198,0.81752814,0.06571746,-0.07815383,0.18873735,-0.10115817,0,0,0,0,0
1906,396875,-0.92659157,0.78959143,0.12119324,-0.07610938,0.17814589,-0.10244955,0,0,0,0,0
1907,397083,-0.95841913,0.74436061,0.18522684,-0.09151825,0.19676068,-0.08585530,0,0,0,0,0
1908,397291,-0.96745480,0.70991271,0.24971059,-0.08618921,0.19907324,-0.05587429,0,0,0,0,0
1909,397500,-0.98797834,0.66580832,0.31447992,-0.10177592,0.20687732,-0.05389326,0,0,0,0,0
1910,397708,-0.99623613,0.61261168,0.37021827,-0.13112963,0.22423084,-0.03807915,0,0,0,0,0
1911,397916,-1.01073367,0.56183032,0.43377285,-0.13446172,0.19875657,-0.01037881,0,0,0,0,0
1912,398125,-1.00167586,0.50741047,0.49511797,-0.14548843,0.19151003,0.01289409,0,0,0,0,0
1913,398333,-1.00716075,0.44891252,0.55255964,-0.15099201,0.20137957,0.02493873,0,0,0,0,0
1914,398541,-0.99959404,0.38397772,0.59399167,-0.18396732,0.19531084,0.03196615,0,0,0,0,0
1915,398750,-0.98641563,0.31834378,0.65916480,-0.16833331,0.18048623,0.05498902,0,0,0,0,0
1916,398958,-0.97042737,0.26371907,0.70990571,-0.17689698,0.16834777,0.06171577,0,0,0,0,0
1917,399166,-0.96895676,0.20095752,0.74896369,-0.17478627,0.17628148,0.07191437,0,0,0,0,0
1918,399375,-0.93600844,0.13976719,0.79322481,-0.18480491,0.14600718,0.08707027,0,0,0,0,0
1919,399583,-0.91167976,0.06219563,0.83596860,-0.19228497,0.13876325,0.07981645,0,0,0,0,0
1920,399791,-0.87894161,0.00372465,0.87020077,-0.18380129,0.12331732,0.11148430,0,0,0,0,0
1921,400000,-0.84792340,-0.06445321,0.89377640,-0.22274684,0.11765732,0.11198026,0,1,0,0,0
1922,400208,-0.80842621,-0.12895011,0.91833124,-0.19767159,0.11481812,0.13749001,0,1,0,0,0
1923,400416,-0.76971747,-0.19932670,0.94046032,-0.19476696,0.08979850,0.13116650,0,1,0,0,0
1924,400625,-0.72221984,-0.26505869,0.96207224,-0.17960075,0.06497403,0.15167668,0,1,0,0,0
1925,400833,-0.68140325,-0.31899377,0.97299462,-0.17894193,0.08594450,0.15471772,0,1,0,0,0
1926,401041,-0.62284396,-0.39045627,0.98339592,-0.16786006,0.05549530,0.17219198,0,1,0,0,0
1927,401250,-0.56638427,-0.44548199,0.98129202,-0.16451559,0.03943835,0.18660308,0,1,0,0,0
1928,401458,-0.51300671,-0.51238241,0.99287608,-0.14852899,0.01874090,0.16915642,0,1,0,0,0
1929,401666,-0.45566296,-0.56630892,0.99668244,-0.12997478,0.01944874,0.17964343,0,1,0,0,0
1930,401875,-0.39584768,-0.61275206,0.98859730,-0.14016060,0.01066318,0.19155088,0,1,0,0,0
1931,402083,-0.32792052,-0.67050434,0.96421867,-0.11436637,-0.02610326,0.20739681,0,1,0,0,0
1932,402291,-0.26812084,-0.70531342,0.95288305,-0.11632325,-0.04716709,0.20045429,0,1,0,0,0
1933,402500,-0.19144444,-0.76346951,0.94395492,-0.10120076,-0.04983246,0.20663025,0,1,0,0,0
1934,402708,-0.14118237,-0.79872848,0.91768599,-0.09781839,-0.05634607,0.19611773,0,1,0,0,0
1935,402916,-0.06458292,-0.84226582,0.90078377,-0.08572758,-0.06210677,0.19903848,0,1,0,0,0
1936,403125,-0.00870224,-0.87310749,0.86644663,-0.07462871,-0.06790815,0.19469850,0,1,0,0,0
1937,403333,0.05595921,-0.89965791,0.82393474,-0.07812267,-0.09486909,0.19884638,0,1,0,0,0
1938,403541,0.13004653,-0.93307601,0.78423517,-0.06014609,-0.11118763,0.21658515,0,1,0,0,0
1939,403750,0.18762425,-0.96098245,0.75181153,-0.06426487,-0.11757599,0.19608094,0,1,0,0,0
1940,403958,0.25015771,-0.97603975,0.70460376,-0.02911688,-0.11647677,0.21735018,0,1,0,0,0
1941,404166,0.30828254,-0.98553407,0.66309263,-0.02216262,-0.12733750,0.22067289,0,1,0,0,0
1942,404375,0.37360716,-0.99296244,0.61214002,-0.04324603,-0.13224276,0.21079893,0,1,0,0,0
1943,404583,0.43227525,-1.00697819,0.55146054,-0.02387143,-0.14036329,0.21895735,0,1,0,0,0
1944,404791,0.49951954,-1.00396957,0.49357799,-0.03433985,-0.14765838,0.21010641,0,1,0,0,0
1945,405000,0.54765835,-0.99413860,0.44828963,-0.01400084,-0.13677526,0.19891907,0,1,0,0,0
1946,405208,0.59878343,-0.99859449,0.38631375,-0.00343050,-0.15805009,0.17807501,0,1,0,0,0
1947,405416,0.65011613,-0.97672219,0.32459052,0.00422080,-0.15581916,0.19497613,0,1,0,0,0
1948,405625,0.69777132,-0.97044950,0.25562425,0.02936110,-0.15121021,0.18962413,0,1,0,0,0
1949,405833,0.74926349,-0.94268371,0.19485131,0.02883978,-0.13769697,0.18231974,0,1,0,0,0
1950,406041,0.78612181,-0.92346935,0.12655072,0.06205989,-0.14840347,0.17507069,0,1,0,0,0
1951,406250,0.81836250,-0.89383034,0.05719958,0.05193053,-0.16549552,0.15025808,0,1,0,0,0
1952,406458,0.86490169,-0.87229471,0.00358055,0.08673006,-0.14807486,0.13207279,0,1,0,0,0
1953,406666,0.89121340,-0.84026259,-0.06713187,0.08692330,-0.15042123,0.12772658,0,1,0,0,0
1954,406875,0.92382341,-0.80347320,-0.12594978,0.10036982,-0.18752010,0.09709943,0,1,0,0,0
1955,407083,0.94764319,-0.75273617,-0.19743952,0.11677759,-0.16932493,0.09003722,0,1,0,0,0
1956,407291,0.96017678,-0.71476173,-0.25470181,0.11473153,-0.18333421,0.06952110,0,1,0,0,0
1957,407500,0.97960878,-0.66841254,-0.31673828,0.12343826,-0.16640758,0.05461124,0,1,0,0,0
1958,407708,0.99841352,-0.62374567,-0.38395515,0.13566781,-0.17991266,0.03334142,0,1,0,0,0
1959,407916,1.00376210,-0.56166270,-0.45274224,0.13525273,-0.17288092,0.04108694,0,1,0,0,0
1960,408125,1.00155042,-0.50971110,-0.49868778,0.14189543,-0.17089683,0.02893110,0,1,0,0,0
1961,408333,0.99427095,-0.45161706,-0.56361298,0.16109376,-0.16082884,-0.01581898,0,1,0,0,0
1962,408541,0.99397969,-0.38701175,-0.61465731,0.18091961,-0.17825608,-0.01657383,0,1,0,0,0
1963,408750,0.98979092,-0.33294658,-0.65910930,0.16240379,-0.15157395,-0.01883823,0,1,0,0,0
1964,408958,0.97896443,-0.25944586,-0.70470784,0.18093955,-0.14005523,-0.02692423,0,1,0,0,0
1965,409166,0.95573721,-0.20068270,-0.74532875,0.18340072,-0.15499582,-0.02973536,0,1,0,0,0
1966,409375,0.92761787,-0.13481059,-0.79954495,0.17818337,-0.13233236,-0.06246761,0,1,0,0,0
1967,409583,0.91851645,-0.07635979,-0.83266023,0.17831974,-0.11907303,-0.05755305,0,1,0,0,0
1968,409791,0.87312024,-0.01026503,-0.86345656,0.17917727,-0.10308860,-0.08499695,0,1,0,0,0
1969,410000,0.84541520,0.06058864,-0.90098096,0.18109952,-0.09671543,-0.07861570,0,1,0,0,0
1970,410208,0.80750296,0.12437260,-0.93334262,0.17663997,-0.07755106,-0.12080420,0,1,0,0,0
1971,410416,0.76148179,0.19554739,-0.95267844,0.18664869,-0.06351253,-0.10576050,0,1,0,0,0
1972,410625,0.71560942,0.25489004,-0.96416341,0.18764438,-0.06018759,-0.10567101,0,1,0,0,0
1973,410833,0.67165577,0.31527187,-0.98568053,0.16678918,-0.04730799,-0.13560858,0,1,0,0,0
1974,411041,0.62466484,0.37832082,-0.98774775,0.16075283,-0.04315341,-0.13712693,0,1,0,0,0
1975,411250,0.57557564,0.44467126,-0.99759551,0.16602765,-0.02179368,-0.13347097,0,1,0,0,0
1976,411458,0.50818314,0.50611049,-1.00049064,0.13565405,-0.00104129,-0.17105817,0,1,0,0,0
1977,411666,0.45531096,0.55576316,-0.99711555,0.14889226,0.01731112,-0.16168273,0,1,0,0,0
1978,411875,0.39081088,0.60539230,-0.98499284,0.12031929,0.02003010,-0.17562715,0,1,0,0,0
1979,412083,0.33684050,0.66821486,-0.98509699,0.10742581,0.03113672,-0.19254206,0,1,0,0,0
1980,412291,0.26805129,0.71383553,-0.97370057,0.08766457,0.05178521,-0.18071826,0,1,0,0,0
1981,412500,0.20740434,0.74879790,-0.94584052,0.10180193,0.07060029,-0.18647162,0,1,0,0,0
1982,412708,0.13782102,0.79076377,-0.93306196,0.08387394,0.08535481,-0.17122391,0,1,0,0,0
1983,412916,0.08034174,0.84557857,-0.89387414,0.06673337,0.10403392,-0.18605687,0,1,0,0,0
1984,413125,0.00262353,0.86996637,-0.87005116,0.06921798,0.08428640,-0.18477416,0,1,0,0,0
1985,413333,-0.05631396,0.91041316,-0.83033236,0.06010318,0.10485776,-0.18704169,0,1,0,0,0
1986,413541,-0.11596500,0.92653015,-0.80563352,0.05792124,0.12314096,-0.16324787,0,1,0,0,0
1987,413750,-0.18690948,0.94851563,-0.76109563,0.02381270,0.11802418,-0.19764416,0,1,0,0,0
1988,413958,-0.24468302,0.97628873,-0.72031561,0.02032688,0.13494765,-0.20138966,0,1,0,0,0
1989,414166,-0.31015275,0.98611916,-0.65735040,0.00739251,0.13936814,-0.18617318,0,1,0,0,0
1990,414375,-0.37022802,0.99339437,-0.62347074,0.00303293,0.13199673,-0.16619027,0,1,0,0,0
1991,414583,-0.43410039,0.99391726,-0.56316045,-0.00342195,0.14402429,-0.18610976,0,1,0,0,0
1992,414791,-0.48114798,1.00184921,-0.49973585,-0.01125041,0.15600061,-0.18386436,0,1,0,0,0
1993,415000,-0.54295680,1.00025979,-0.44701509,-0.01367270,0.16707711,-0.19080339,0,1,0,0,0
1994,415208,-0.59846518,0.99358709,-0.38435238,-0.01478480,0.16185502,-0.15873687,0,1,0,0,0
1995,415416,-0.64636792,0.98085957,-0.32205613,-0.05678232,0.15677741,-0.15804594,0,1,0,0,0
1996,415625,-0.69544129,0.96595830,-0.26534480,-0.05025418,0.14682765,-0.17076859,0,1,0,0,0
1997,415833,-0.73715228,0.95419928,-0.19750774,-0.06087518,0.14284398,-0.14838230,0,1,0,0,0
1998,416041,-0.78629579,0.92396355,-0.11847343,-0.09112399,0.16844246,-0.14951242,0,1,0,0,0
1999,416250,-0.82536064,0.89389536,-0.06813647,-0.09324488,0.13891075,-0.14571170,0,1,0,0,0
2000,416458,-0.86016149,0.86752287,0.00748730,-0.09425637,0.16108480,-0.11756947,0,1,0,0,0
2001,416666,-0.88709726,0.83565388,0.06695971,-0.11889106,0.16988674,-0.10296000,0,1,0,0,0
2002,416875,-0.92467238,0.80892524,0.12454832,-0.12889799,0.14496405,-0.09061843,0,1,0,0,0
2003,417083,-0.94509304,0.76032352,0.19940558,-0.11821240,0.17818268,-0.08185003,0,1,0,0,0
2004,417291,-0.96471495,0.71100065,0.25481782,-0.13631135,0.15117603,-0.06619266,0,1,0,0,0
2005,417500,-0.96565612,0.67202616,0.32616419,-0.15893403,0.16499547,-0.06714838,0,1,0,0,0
2006,417708,-0.98581467,0.62749975,0.38593056,-0.14066817,0.16097294,-0.03499861,0,1,0,0,0
2007,417916,-0.98257093,0.56277687,0.43906190,-0.16363093,0.14641691,-0.01318024,0,1,0,0,0
2008,418125,-0.98865500,0.51746082,0.50616218,-0.17244758,0.15273694,-0.02056396,0,1,0,0,0
2009,418333,-0.98668086,0.45052222,0.55992705,-0.16131339,0.16842354,-0.01252038,0,1,0,0,0
2010,418541,-0.99585649,0.39758142,0.61224368,-0.18157097,0.15732941,0.00604916,0,1,0,0,0
2011,418750,-0.97370774,0.32925898,0.66363527,-0.20169908,0.15466312,0.03348769,0,1,0,0,0
2012,418958,-0.96160770,0.27899589,0.70660154,-0.20048267,0.13289056,0.02540400,0,1,0,0,0
2013,419166,-0.94393279,0.20233951,0.75715162,-0.20600718,0.11852061,0.04135284,0,1,0,0,0
2014,419375,-0.93560739,0.13221724,0.80773313,-0.21369180,0.09431913,0.06349756,0,1,0,0,0
2015,419583,-0.90566225,0.07582800,0.83208124,-0.20581713,0.09244232,0.07183545,0,1,0,0,0
2016,419791,-0.86391265,0.01551866,0.87548412,-0.19908539,0.08675717,0.08229473,0,1,0,0,0
2017,420000,-0.83995667,-0.05447530,0.90565667,-0.22042748,0.06625772,0.08994958,0,1,0,0,0
2018,420208,-0.79968764,-0.12999420,0.92746061,-0.21597968,0.04936354,0.09489895,0,1,0,0,0
2019,420416,-0.76420435,-0.18581036,0.95553926,-0.20985654,0.03662833,0.12245377,0,1,0,0,0
2020,420625,-0.71970199,-0.25501359,0.96828156,-0.20611557,0.04259579,0.12053111,0,1,0,0,0
2021,420833,-0.67247465,-0.31079155,0.97990386,-0.19056884,0.00993064,0.11212936,0,1,0,0,0
2022,421041,-0.62347925,-0.36964269,0.98597428,-0.19106679,-0.00584986,0.12878046,0,1,0,0,0
2023,421250,-0.56539455,-0.43193005,0.99923573,-0.16065195,-0.00871227,0.14188951,0,1,0,0,0
2024,421458,-0.51444088,-0.49440452,1.00109131,-0.16866507,-0.01828114,0.14846976,0,1,0,0,0
2025,421666,-0.44709675,-0.54293425,0.98621518,-0.14878845,-0.02685368,0.16157501,0,1,0,0,0
2026,421875,-0.39357613,-0.61148074,0.98861479,-0.14519113,-0.05634127,0.14208797,0,1,0,0,0
2027,422083,-0.32949703,-0.66118533,0.99623732,-0.10638823,-0.06857323,0.15162956,0,1,0,0,0
2028,422291,-0.27572050,-0.70539993,0.96950192,-0.12202575,-0.05463983,0.17811455,0,1,0,0,0
2029,422500,-0.20444626,-0.74713032,0.94246745,-0.09104500,-0.08664850,0.15070151,0,1,0,0,0
2030,422708,-0.13324084,-0.78737791,0.92875169,-0.08381320,-0.09083719,0.16456251,0,1,0,0,0
2031,422916,-0.07157700,-0.84185717,0.90310717,-0.09389356,-0.11618731,0.16966522,0,1,0,0,0
2032,423125,-0.00787720,-0.86885682,0.87243558,-0.06841013,-0.11822526,0.16508471,0,1,0,0,0
2033,423333,0.05547801,-0.90385622,0.84707865,-0.05014221,-0.12143688,0.18149454,0,1,0,0,0
2034,423541,0.12218720,-0.92662021,0.80286100,-0.03460611,-0.14601837,0.17567717,0,1,0,0,0
2035,423750,0.18348181,-0.95009178,0.76918329,-0.03728450,-0.14595914,0.17205628,0,1,0,0,0
2036,423958,0.25037205,-0.97714643,0.72263495,-0.02322993,-0.15919280,0.14630068,0,1,0,0,0
2037,424166,0.31107668,-0.98387640,0.67709190,-0.02366001,-0.15830458,0.17715775,0,1,0,0,0
2038,424375,0.36912730,-0.99832242,0.61349200,-0.00695257,-0.14790272,0.14607516,0,1,0,0,0
2039,424583,0.43311580,-0.99303649,0.57033135,0.00224584,-0.18733623,0.16424851,0,1,0,0,0
2040,424791,0.48391434,-1.00897912,0.50659077,0.01967534,-0.16427973,0.15061719,0,1,0,0,0
2041,425000,0.53831123,-0.99607780,0.45556450,0.02124667,-0.17501624,0.15261414,0,1,0,0,0
2042,425208,0.59444425,-0.99725682,0.39555969,0.04298528,-0.20195797,0.15659112,0,1,0,0,0
2043,425416,0.65211537,-0.97803612,0.33420378,0.05194733,-0.18172359,0.14175053,0,1,0,0,0
2044,425625,0.68383376,-0.95204543,0.26193840,0.07579506,-0.17656947,0.15337356,0,1,0,0,0
2045,425833,0.74985028,-0.95459115,0.19782753,0.08052520,-0.17533027,0.13784151,0,1,0,0,0
2046,426041,0.78408996,-0.92485293,0.13800426,0.09252101,-0.17277396,0.12676331,0,1,0,0,0
2047,426250,0.81030161,-0.90582513,0.07659364,0.08093213,-0.17832069,0.10535991,0,1,0,0,0
2048,426458,0.85836571,-0.87792493,-0.00888488,0.08989331,-0.16768350,0.10485591,0,1,0,0,0
2049,426666,0.88295628,-0.82878271,-0.06413724,0.12349570,-0.18524854,0.09298871,0,1,0,0,0
2050,426875,0.92173131,-0.80087587,-0.12360331,0.14595721,-0.17808168,0.09040308,0,1,0,0,0
2051,427083,0.94672504,-0.76406925,-0.18559871,0.15455553,-0.17832782,0.05506763,0,1,0,0,0
2052,427291,0.96593469,-0.71600009,-0.25107963,0.17965704,-0.16864181,0.04204451,0,1,0,0,0
2053,427500,0.97848545,-0.67171976,-0.31142036,0.15783184,-0.16910126,0.01068968,0,1,0,0,0
2054,427708,0.97534396,-0.62501714,-0.37243892,0.16631415,-0.17390694,0.00794595,0,1,0,0,0
2055,427916,0.98205211,-0.57340941,-0.43790838,0.17750622,-0.17545928,-0.01165822,0,1,0,0,0
2056,428125,0.99127555,-0.50816146,-0.49664310,0.19005805,-0.19051838,-0.01429024,0,1,0,0,0
2057,428333,0.98616735,-0.45135447,-0.55176572,0.19142684,-0.16464780,-0.01733138,0,1,0,0,0
2058,428541,0.99092905,-0.40069304,-0.60659113,0.19746268,-0.15453386,-0.05495545,0,1,0,0,0
2059,428750,0.97705345,-0.33461692,-0.66170662,0.20328212,-0.16151527,-0.05176558,0,1,0,0,0
2060,428958,0.95575756,-0.27560116,-0.70496477,0.20591508,-0.15273274,-0.06796634,0,1,0,0,0
2061,429166,0.94383058,-0.21956475,-0.75327650,0.21282451,-0.13491410,-0.06658250,0,1,0,0,0
2062,429375,0.92134595,-0.14408081,-0.78994952,0.22609635,-0.13471708,-0.07467481,0,1,0,0,0
2063,429583,0.89661888,-0.07607323,-0.83331599,0.24692205,-0.10681972,-0.09287318,0,1,0,0,0
2064,429791,0.87534389,-0.01804473,-0.87300492,0.23981806,-0.09581182,-0.09232679,0,1,0,0,0
2065,430000,0.84207681,0.06087341,-0.91195534,0.22798569,-0.06627483,-0.08913954,0,1,0,0,0
2066,430208,0.79932038,0.11532348,-0.92323041,0.23361303,-0.05531305,-0.13077110,0,1,0,0,0
2067,430416,0.75614362,0.17740391,-0.94689452,0.24016785,-0.04517255,-0.11551826,0,1,0,0,0
2068,430625,0.70896834,0.24717027,-0.97251356,0.22522037,-0.05806459,-0.13871546,0,1,0,0,0
2069,430833,0.66385397,0.30885011,-0.97999319,0.19000784,-0.02177295,-0.12962204,0,1,0,0,0
2070,431041,0.61307427,0.37186921,-0.98180353,0.20938648,-0.00045092,-0.12784566,0,1,0,0,0
2071,431250,0.56019114,0.43153813,-0.99680245,0.19414174,0.03531457,-0.14417135,0,1,0,0,0
2072,431458,0.50067861,0.48697555,-0.99637937,0.17449067,0.02885157,-0.13480691,0,1,0,0,0
2073,431666,0.43546844,0.54888656,-0.99744870,0.17528517,0.03588594,-0.16837223,0,1,0,0,0
2074,431875,0.38721550,0.59477259,-0.99419100,0.14521588,0.05137075,-0.17147867,0,1,0,0,0
2075,432083,0.31504570,0.64604608,-0.98687078,0.13817881,0.06741461,-0.15436455,0,1,0,0,0
2076,432291,0.26058919,0.69498566,-0.96705815,0.14172885,0.08388680,-0.16887574,0,1,0,0,0
2077,432500,0.20488908,0.75221231,-0.95363397,0.11717235,0.10653594,-0.18109748,0,1,0,0,0
2078,432708,0.11942862,0.78719929,-0.93251025,0.12100563,0.10151452,-0.17775467,0,1,0,0,0
2079,432916,0.05805127,0.82616450,-0.90415959,0.09761038,0.10290764,-0.19290843,0,1,0,0,0
2080,433125,-0.00636715,0.85537499,-0.88452986,0.09347726,0.13021987,-0.17661340,0,1,0,0,0
2081,433333,-0.06789916,0.89758331,-0.83979281,0.06994385,0.14302492,-0.17386504,0,1,0,0,0
2082,433541,-0.12246986,0.92071052,-0.80770036,0.06156098,0.14195106,-0.15498364,0,1,0,0,0
2083,433750,-0.19358242,0.94350138,-0.75979729,0.05325580,0.16019295,-0.17324561,0,1,0,0,0
2084,433958,-0.25117497,0.96034426,-0.72665691,0.04558583,0.16823065,-0.16276396,0,1,0,0,0
2085,434166,-0.31096173,0.97856069,-0.67489622,0.03309552,0.18387357,-0.16412617,0,1,0,0,0
2086,434375,-0.38441191,0.98427118,-0.62548921,0.01259619,0.18264729,-0.16520968,0,1,0,0,0
2087,434583,-0.43523204,0.99501493,-0.56713835,0.01863504,0.19447321,-0.16808805,0,1,0,0,0
2088,434791,-0.49177382,0.99563524,-0.51210755,-0.00148990,0.18609726,-0.16052020,0,1,0,0,0
2089,435000,-0.55068496,0.98756478,-0.46815547,-0.00873632,0.20236684,-0.18021195,0,1,0,0,0
2090,435208,-0.60727623,0.98665247,-0.38387049,0.00410735,0.17952093,-0.15533045,0,1,0,0,0
2091,435416,-0.65296226,0.97760134,-0.33578724,-0.01608965,0.18538886,-0.14290521,0,1,0,0,0
2092,435625,-0.69534850,0.96146190,-0.26890763,-0.05058452,0.16965999,-0.13806009,0,1,0,0,0
2093,435833,-0.74900926,0.93907134,-0.20703470,-0.04759394,0.20673146,-0.13469000,0,1,0,0,0
2094,436041,-0.78332734,0.92221275,-0.14975357,-0.07783935,0.19822108,-0.14632748,0,1,0,0,0
2095,436250,-0.82129985,0.89593844,-0.08358366,-0.10122535,0.18349388,-0.11240690,0,1,0,0,0
2096,436458,-0.85101904,0.86923588,-0.01288946,-0.12701906,0.19763580,-0.09193402,0,1,0,0,0
2097,436666,-0.89190137,0.83719182,0.05619932,-0.12428649,0.20090708,-0.06848136,0,1,0,0,0
2098,436875,-0.91811211,0.79218365,0.12004830,-0.11842672,0.21050466,-0.06441873,0,1,0,0,0
2099,437083,-0.93175239,0.75352750,0.17819889,-0.15448257,0.19413136,-0.03738770,0,1,0,0,0
2100,437291,-0.96555795,0.71125849,0.25075304,-0.14602252,0.20666689,-0.03104755,0,1,0,0,0
2101,437500,-0.97469795,0.67542130,0.29803919,-0.15055621,0.18761384,-0.02157784,0,1,0,0,0
2102,437708,-0.98922981,0.61436397,0.37455528,-0.17712764,0.19471330,0.01083874,0,1,0,0,0
2103,437916,-0.99258257,0.55846573,0.44194859,-0.17530744,0.19965243,-0.00057001,0,1,0,0,0
2104,438125,-0.99101237,0.51580236,0.48626609,-0.18864407,0.18582110,0.04610984,0,1,0,0,0
2105,438333,-0.99903306,0.44979365,0.54460134,-0.20436968,0.17389719,0.04137275,0,1,0,0,0
2106,438541,-0.98347935,0.38896722,0.59917483,-0.19996070,0.18939457,0.07594307,0,1,0,0,0
2107,438750,-0.97745273,0.33553244,0.65795653,-0.20620704,0.17572944,0.05605140,0,1,0,0,0
2108,438958,-0.97719257,0.26486025,0.70257778,-0.23338839,0.15887385,0.07498531,0,1,0,0,0
2109,439166,-0.94486313,0.21013685,0.74592083,-0.23100478,0.13796637,0.08587374,0,1,0,0,0
2110,439375,-0.92096750,0.14900899,0.78963984,-0.22750654,0.12370451,0.09902687,0,1,0,0,0
2111,439583,-0.89749120,0.07469255,0.82983672,-0.22091519,0.13204667,0.11485268,0,1,0,0,0
2112,439791,-0.86230731,0.00838093,0.86090570,-0.23150811,0.12209665,0.11929458,0,1,0,0,0
2113,440000,-0.84009169,-0.05487819,0.88816782,-0.22727724,0.08226391,0.13220664,0,1,0,0,0
2114,440208,-0.79384203,-0.11744732,0.91554809,-0.24426257,0.07973910,0.14562069,0,1,0,0,0
2115,440416,-0.75704128,-0.18065775,0.94596010,-0.21514961,0.06083262,0.13887374,0,1,0,0,0
2116,440625,-0.70413567,-0.25014569,0.96851332,-0.21332736,0.07277974,0.14994344,0,1,0,0,0
2117,440833,-0.66441600,-0.30664322,0.98299574,-0.23361495,0.04087500,0.15896466,0,1,0,0,0
2118,441041,-0.60461337,-0.37590898,0.98521298,-0.20953758,0.00944064,0.16758013,0,1,0,0,0
2119,441250,-0.55509053,-0.42870531,0.99160595,-0.19404736,0.00569176,0.17525667,0,1,0,0,0
2120,441458,-0.50678586,-0.49678020,0.99074834,-0.19748434,-0.01402361,0.18274174,0,1,0,0,0
2121,441666,-0.44670464,-0.54369601,0.99168003,-0.16976920,-0.03009950,0.17811065,0,1,0,0,0
2122,441875,-0.37000775,-0.60446375,0.98804040,-0.15237234,-0.03269938,0.18227272,0,1,0,0,0
2123,442083,-0.31831440,-0.65210262,0.97524634,-0.17143217,-0.04617273,0.19254929,0,1,0,0,0
2124,442291,-0.25581725,-0.69006356,0.96290414,-0.13379286,-0.07400761,0.17865976,0,1,0,0,0
2125,442500,-0.19023460,-0.74765366,0.94374348,-0.13740443,-0.08057596,0.18709122,0,1,0,0,0
2126,442708,-0.12367350,-0.79267233,0.92549944,-0.13230890,-0.08752794,0.19971307,0,1,0,0,0
2127,442916,-0.06229315,-0.82177543,0.90963375,-0.11466145,-0.09645580,0.18109064,0,1,0,0,0
2128,443125,-0.00090448,-0.86209021,0.87677777,-0.12627689,-0.12313081,0.20076063,0,1,0,0,0
2129,443333,0.06000800,-0.89378372,0.85148666,-0.07756330,-0.13936102,0.18631063,0,1,0,0,0
2130,443541,0.13677419,-0.91636814,0.80766955,-0.08295865,-0.15040812,0.17785170,0,1,0,0,0
2131,443750,0.19685861,-0.94998844,0.76129796,-0.06505046,-0.15439077,0.18200621,0,1,0,0,0
2132,443958,0.25352083,-0.95381931,0.71675666,-0.06687218,-0.16744948,0.16251332,0,1,0,0,0
2133,444166,0.31876454,-0.97849696,0.66551573,-0.03611995,-0.16015951,0.18885572,0,1,0,0,0
2134,444375,0.38457957,-0.98296689,0.62760353,-0.05067706,-0.17695754,0.16154844,0,1,0,0,0
2135,444583,0.44199831,-0.98937829,0.56412791,-0.04108788,-0.20339739,0.18752876,0,1,0,0,0
2136,444791,0.49405569,-0.98297815,0.51344661,-0.03264059,-0.21304601,0.17245930,0,1,0,0,0
2137,445000,0.55189569,-0.98801272,0.45366396,0.00350211,-0.20592819,0.16403534,0,1,0,0,0
2138,445208,0.60209744,-0.98753080,0.39240598,-0.00249436,-0.19875816,0.17735578,0,1,0,0,0
2139,445416,0.65675224,-0.96727796,0.32215434,0.01567693,-0.21030725,0.16184461,0,1,0,0,0
2140,445625,0.69721170,-0.94886912,0.26988184,0.03631204,-0.19445190,0.13738578,0,1,0,0,0
2141,445833,0.75083425,-0.93013386,0.20306378,0.06041056,-0.21200334,0.14160693,0,1,0,0,0
2142,446041,0.79152841,-0.91716730,0.13673602,0.06756859,-0.19034795,0.12237911,0,1,0,0,0
2143,446250,0.82741037,-0.88918593,0.07182776,0.06830225,-0.20065519,0.12151195,0,1,0,0,0
2144,446458,0.86342352,-0.85474057,0.00642714,0.09474224,-0.20853014,0.09913939,0,1,0,0,0
2145,446666,0.89452746,-0.82623132,-0.04885676,0.08084329,-0.20300146,0.08556347,0,1,0,0,0
2146,446875,0.92908273,-0.79002714,-0.11791084,0.11429982,-0.19402231,0.07745526,0,1,0,0,0
2147,447083,0.93412844,-0.75688496,-0.19369058,0.12937144,-0.20746918,0.05284110,0,1,0,0,0
2148,447291,0.95552606,-0.70108469,-0.24371366,0.12799233,-0.21971862,0.03766830,0,1,0,0,0
2149,447500,0.97811668,-0.66563201,-0.31299084,0.13502194,-0.21765730,0.01201585,0,1,0,0,0
2150,447708,0.98366956,-0.60963535,-0.37697732,0.17019215,-0.21379872,-0.00593492,0,1,0,0,0
2151,447916,0.99617945,-0.56307979,-0.43110047,0.17132941,-0.20485077,-0.00981978,0,1,0,0,0
2152,448125,1.00491040,-0.51360572,-0.48744183,0.17142045,-0.19307429,-0.04160240,0,1,0,0,0
2153,448333,0.99947623,-0.45078560,-0.55286419,0.16556629,-0.20603009,-0.05196896,0,1,0,0,0
2154,448541,1.00357594,-0.38142673,-0.59583520,0.18258055,-0.19540743,-0.05451791,0,1,0,0,0
2155,448750,0.98550350,-0.32458530,-0.65283861,0.17732420,-0.17947228,-0.08034357,0,1,0,0,0
2156,448958,0.96478915,-0.26768574,-0.69607634,0.21689032,-0.17097121,-0.06867263,0,1,0,0,0
2157,449166,0.94387499,-0.20703766,-0.75133462,0.21642548,-0.16341235,-0.08890138,0,1,0,0,0
2158,449375,0.93011229,-0.13564188,-0.78161721,0.21646821,-0.16210481,-0.10809633,0,1,0,0,0
2159,449583,0.89676363,-0.07485144,-0.83139348,0.21205059,-0.10544584,-0.10233322,0,1,0,0,0
2160,449791,0.87721233,-0.00904446,-0.85248771,0.21759373,-0.11256528,-0.12667936,0,1,0,0,0
