1,0,-0.52275527,-0.47410587,0.98982570,-0.16793166,0.03329837,0.16773967,0,0,0,0,0
2,208,-0.47588726,-0.52780721,0.99986366,-0.19204050,0.00270762,0.16503165,0,0,0,0,0
3,416,-0.41357357,-0.57494083,0.99602058,-0.17825002,-0.00758867,0.17969719,0,0,0,0,0
4,625,-0.35813376,-0.63761643,0.98162376,-0.15260543,-0.02223974,0.17136622,0,0,0,0,0
5,833,-0.28685814,-0.69080084,0.96900418,-0.15368432,-0.03973340,0.17998330,0,0,0,0,0
6,1041,-0.22780398,-0.73799205,0.95491226,-0.13418242,-0.05940648,0.19529890,0,0,0,0,0
7,1250,-0.16639454,-0.77100480,0.93833164,-0.12731530,-0.06364574,0.21638373,0,0,0,0,0
8,1458,-0.09734455,-0.81476449,0.90872285,-0.09699336,-0.07202675,0.20586350,0,0,0,0,0
9,1666,-0.02472278,-0.84690873,0.87689940,-0.08274079,-0.10332406,0.19989705,0,0,0,0,0
10,1875,0.03820139,-0.88105515,0.84022351,-0.08238865,-0.11758254,0.20511517,0,0,0,0,0
11,2083,0.10495320,-0.90823875,0.80626255,-0.06145620,-0.12775418,0.21503357,0,0,0,0,0
12,2291,0.16781468,-0.93338586,0.76886609,-0.05117189,-0.12942667,0.22006473,0,0,0,0,0
13,2500,0.22721035,-0.95941837,0.72788703,-0.04197480,-0.13478450,0.19523057,0,0,0,0,0
14,2708,0.29250946,-0.97063076,0.67337558,-0.01071690,-0.14378259,0.21252403,0,0,0,0,0
15,2916,0.36092481,-0.98862152,0.63087575,-0.02714854,-0.15378885,0.18922136,0,0,0,0,0
16,3125,0.41405285,-0.99257204,0.57274598,-0.00456162,-0.15403403,0.20927616,0,0,0,0,0
17,3333,0.48494724,-1.01129016,0.52236165,-0.00146282,-0.17253879,0.18577886,0,0,0,0,0
18,3541,0.54189947,-0.98897954,0.46319495,0.01741538,-0.18001277,0.18028055,0,0,0,0,0
19,3750,0.59034879,-0.99453395,0.39968267,0.02113776,-0.17386880,0.15392747,0,0,0,0,0
20,3958,0.64581197,-0.98622039,0.34724680,0.02620736,-0.19473592,0.16148094,0,0,0,0,0
21,4166,0.69668311,-0.97156646,0.28199616,0.03676548,-0.19807739,0.13829215,0,0,0,0,0
22,4375,0.73380151,-0.95239170,0.22450411,0.04679393,-0.18372065,0.11712176,0,0,0,0,0
23,4583,0.77479610,-0.92536546,0.15773440,0.04616173,-0.22410428,0.10585552,0,0,0,0,0
24,4791,0.81842382,-0.91195236,0.09461523,0.06781572,-0.21293378,0.09999599,0,0,0,0,0
25,5000,0.85553034,-0.87266254,0.04457546,0.06793834,-0.21399114,0.07391763,0,0,0,0,0
26,5208,0.88187549,-0.84180787,-0.03647483,0.10783729,-0.21095263,0.08149487,0,0,0,0,0
27,5416,0.91185545,-0.81519214,-0.09955533,0.09104845,-0.20296523,0.08229184,0,0,0,0,0
28,5625,0.93764355,-0.77775970,-0.16191804,0.11741407,-0.20118584,0.06023409,0,0,0,0,0
29,5833,0.95125694,-0.73526722,-0.22148257,0.14163061,-0.19862081,0.04783031,0,0,0,0,0
30,6041,0.97046942,-0.69317198,-0.29057731,0.14435939,-0.18538676,0.04705142,0,0,0,0,0
31,6250,0.98341830,-0.63321402,-0.34470324,0.14469706,-0.18368748,0.01508615,0,0,0,0,0
32,6458,1.00329213,-0.58634380,-0.40767112,0.17433243,-0.16737185,0.02055724,0,0,0,0,0
33,6666,0.99531397,-0.52810311,-0.47016038,0.16849401,-0.15932176,-0.00272304,0,0,0,0,0
34,6875,0.98421929,-0.47332209,-0.52662588,0.17792693,-0.15356172,0.00182191,0,0,0,0,0
35,7083,0.99314210,-0.41268815,-0.58614355,0.19458418,-0.14444015,-0.03223498,0,0,0,0,0
36,7291,0.98128523,-0.34785211,-0.63489594,0.19025098,-0.13848540,-0.04022729,0,0,0,0,0
37,7500,0.97372107,-0.28426514,-0.68125248,0.20227440,-0.12959861,-0.04130735,0,0,0,0,0
38,7708,0.95348852,-0.23212863,-0.73569918,0.19425959,-0.12744735,-0.06107250,0,0,0,0,0
39,7916,0.92879469,-0.15703905,-0.77643974,0.21620731,-0.10448246,-0.07599576,0,0,0,0,0
40,8125,0.89783041,-0.09518946,-0.81370282,0.22740650,-0.10907880,-0.08942534,0,0,0,0,0
41,8333,0.87431669,-0.02505110,-0.85768928,0.20017637,-0.09078219,-0.09384816,0,0,0,0,0
42,8541,0.85136623,0.03764978,-0.89182881,0.22980886,-0.08946310,-0.11367736,0,0,0,0,0
43,8750,0.81119937,0.11056424,-0.91755938,0.20297719,-0.08871803,-0.11291159,0,0,0,0,0
44,8958,0.76325044,0.18062220,-0.93857913,0.19740766,-0.07374879,-0.10623671,0,0,0,0,0
45,9166,0.72659065,0.22773711,-0.96003995,0.20224001,-0.05723159,-0.13400968,0,0,0,0,0
46,9375,0.67717930,0.29645728,-0.98217124,0.19243237,-0.05648415,-0.15002477,0,0,0,0,0
47,9583,0.63344135,0.36697160,-1.00121716,0.21090453,-0.02888722,-0.14714457,0,0,0,0,0
48,9791,0.58331000,0.41980674,-0.99363894,0.19136363,-0.02435182,-0.13566622,0,0,0,0,0
49,10000,0.53443023,0.46445465,-0.99452979,0.18179485,-0.01191638,-0.15048120,0,0,0,0,0
50,10208,0.47010545,0.52980873,-0.99793754,0.17655396,-0.01434059,-0.16048973,0,0,0,0,0
51,10416,0.40930482,0.58616864,-0.99565026,0.16225132,0.01540846,-0.16666456,0,0,0,0,0
52,10625,0.36605382,0.63974306,-0.99243001,0.15707399,0.02107856,-0.17009878,0,0,0,0,0
53,10833,0.30315780,0.69279619,-0.98313982,0.15290784,0.01301024,-0.18643967,0,0,0,0,0
54,11041,0.23844917,0.72810747,-0.95029111,0.12011185,0.04909158,-0.20748143,0,0,0,0,0
55,11250,0.15312687,0.78688593,-0.92540560,0.11839539,0.05067252,-0.20614395,0,0,0,0,0
56,11458,0.09443398,0.81382490,-0.90760768,0.10103632,0.07148983,-0.20072490,0,0,0,0,0
57,11666,0.02440473,0.84627053,-0.87438487,0.07110194,0.10804484,-0.21135883,0,0,0,0,0
58,11875,-0.03863553,0.88100264,-0.84541129,0.09411955,0.11052253,-0.20081475,0,0,0,0,0
59,12083,-0.09457919,0.90962484,-0.80090679,0.06092955,0.10837594,-0.20357321,0,0,0,0,0
60,12291,-0.17236238,0.93569845,-0.76585710,0.04280929,0.13165287,-0.22402218,0,0,0,0,0
61,12500,-0.23269594,0.95361473,-0.73057086,0.06242484,0.14452332,-0.21778331,0,0,0,0,0
62,12708,-0.30372416,0.96949759,-0.67967385,0.01946042,0.12690753,-0.20009684,0,0,0,0,0
63,12916,-0.35626233,0.98029308,-0.63303003,0.01602835,0.18433982,-0.19921702,0,0,0,0,0
64,13125,-0.42542163,1.00067870,-0.57749397,0.01511282,0.18378405,-0.19049471,0,0,0,0,0
65,13333,-0.47062489,1.00062053,-0.52862283,0.00565305,0.16239810,-0.17546286,0,0,0,0,0
66,13541,-0.54858214,1.00110068,-0.47064774,0.01016039,0.17673245,-0.20233247,0,0,0,0,0
67,13750,-0.58739826,0.99500581,-0.40093473,-0.01554840,0.19210133,-0.17911809,0,0,0,0,0
68,13958,-0.64289787,0.99131007,-0.35114757,-0.02084256,0.19778147,-0.15111623,0,0,0,0,0
69,14166,-0.68288603,0.96286576,-0.27868786,-0.03759715,0.21162539,-0.14351411,0,0,0,0,0
70,14375,-0.73353913,0.95036335,-0.23122977,-0.04797252,0.23710181,-0.12774146,0,0,0,0,0
71,14583,-0.78301465,0.93346533,-0.15762804,-0.04097573,0.21014638,-0.11678334,0,0,0,0,0
72,14791,-0.80490276,0.90909636,-0.09377588,-0.04055770,0.19601287,-0.09719580,0,0,0,0,0
73,15000,-0.85058091,0.87926691,-0.03155433,-0.08239341,0.22384211,-0.10253999,0,0,0,0,0
74,15208,-0.88039836,0.84762591,0.03260042,-0.09175256,0.21666254,-0.06841828,0,0,0,0,0
75,15416,-0.91151215,0.82123921,0.10979527,-0.11598719,0.19278108,-0.07651956,0,0,0,0,0
76,15625,-0.93111889,0.77780973,0.15562590,-0.12670479,0.17857643,-0.07145081,0,0,0,0,0
77,15833,-0.95718583,0.72754081,0.22338522,-0.12759254,0.20047965,-0.04244729,0,0,0,0,0
78,16041,-0.97890092,0.68752838,0.28840342,-0.15577526,0.19353930,-0.02942952,0,0,0,0,0
79,16250,-0.97619628,0.63326552,0.34097857,-0.15112125,0.18279652,-0.02963918,0,0,0,0,0
80,16458,-0.99288614,0.58489633,0.40702484,-0.16898685,0.18267611,-0.03776517,0,0,0,0,0
81,16666,-0.99831669,0.52388882,0.47065909,-0.17307433,0.17542986,-0.00520970,0,0,0,0,0
82,16875,-0.99604928,0.46578535,0.52769252,-0.17149747,0.15759578,-0.00120753,0,0,0,0,0
83,17083,-1.00188495,0.41285986,0.58557606,-0.19018765,0.15686301,0.01839607,0,0,0,0,0
84,17291,-0.98089752,0.34700994,0.63529683,-0.20350396,0.14885290,0.02969435,0,0,0,0,0
85,17500,-0.97101262,0.28960735,0.69410966,-0.18200090,0.13461404,0.06160847,0,0,0,0,0
86,17708,-0.95662121,0.22571778,0.72452856,-0.20859226,0.11468382,0.07147518,0,0,0,0,0
87,17916,-0.93614994,0.15858433,0.77991805,-0.19678212,0.11029947,0.04711077,0,0,0,0,0
88,18125,-0.91451361,0.09347266,0.81274835,-0.21627901,0.10138705,0.07616141,0,0,0,0,0
89,18333,-0.88175878,0.03514954,0.84950169,-0.19442344,0.08925755,0.08724423,0,0,0,0,0
90,18541,-0.84918367,-0.04274458,0.88530970,-0.20779650,0.08102959,0.10305074,0,0,0,0,0
91,18750,-0.81681687,-0.10252330,0.91836533,-0.19485896,0.05196956,0.11156564,0,0,0,0,0
92,18958,-0.75920448,-0.16959500,0.94477861,-0.22516692,0.09624549,0.12409399,0,0,0,0,0
93,19166,-0.72258784,-0.23761717,0.96385434,-0.20478551,0.06193478,0.14137748,0,0,0,0,0
94,19375,-0.68155856,-0.29428945,0.98689041,-0.18978263,0.04465353,0.13046151,0,0,0,0,0
95,19583,-0.63186700,-0.35883645,0.98349988,-0.19918679,0.02152877,0.14073479,0,0,0,0,0
96,19791,-0.58860042,-0.41791560,0.99233616,-0.18701749,0.02592445,0.14846069,0,0,0,0,0
97,20000,-0.53573806,-0.47701179,0.99585549,-0.18652247,0.01446153,0.15970914,0,0,0,0,0
98,20208,-0.47266697,-0.52709662,1.00069620,-0.17564170,0.01411941,0.16538085,0,0,0,0,0
99,20416,-0.41671066,-0.58557861,0.99437012,-0.17325623,-0.01804483,0.18071606,0,0,0,0,0
100,20625,-0.35703853,-0.64222789,0.98936985,-0.15633682,-0.02195049,0.18851649,0,0,0,0,0
101,20833,-0.28848434,-0.68267356,0.97258000,-0.11985718,-0.03848797,0.19910863,0,0,0,0,0
102,21041,-0.22325801,-0.72812530,0.95295964,-0.13138778,-0.04510024,0.19727887,0,0,0,0,0
103,21250,-0.16361715,-0.76641630,0.93646468,-0.13464605,-0.08435893,0.21088701,0,0,0,0,0
104,21458,-0.09805706,-0.81513308,0.91135569,-0.11781297,-0.08882712,0.18908367,0,0,0,0,0
105,21666,-0.02930445,-0.85626119,0.87709776,-0.09604399,-0.08781348,0.21235561,0,0,0,0,0
106,21875,0.03627537,-0.88291624,0.83804460,-0.07892375,-0.11769435,0.21249829,0,0,0,0,0
107,22083,0.09428858,-0.91786853,0.81116743,-0.06780631,-0.10685243,0.19331600,0,0,0,0,0
108,22291,0.17308906,-0.92456444,0.77380954,-0.04401370,-0.12051894,0.21399002,0,0,0,0,0
109,22500,0.22840112,-0.95495777,0.73027550,-0.03961561,-0.14341128,0.20361245,0,0,0,0,0
110,22708,0.29049631,-0.97080427,0.68370359,-0.01321978,-0.15032196,0.22238211,0,0,0,0,0
111,22916,0.35463331,-0.98711142,0.63626351,-0.03426617,-0.16409978,0.19111453,0,0,0,0,0
112,23125,0.42282763,-0.99240592,0.57923575,-0.01433028,-0.17113918,0.20616353,0,0,0,0,0
113,23333,0.47725068,-0.99757272,0.52468054,0.00519086,-0.17073192,0.18558361,0,0,0,0,0
114,23541,0.53891154,-1.00078767,0.45884210,0.02895686,-0.17705535,0.18109186,0,0,0,0,0
115,23750,0.59111929,-0.99635014,0.40645535,0.02143661,-0.17434915,0.14630651,0,0,0,0,0
116,23958,0.64603565,-0.98552475,0.34413458,0.02455847,-0.20845863,0.16182710,0,0,0,0,0
117,24166,0.69781923,-0.97484989,0.28470640,0.04362153,-0.18834935,0.13688148,0,0,0,0,0
118,24375,0.73621750,-0.95763116,0.21515115,0.04941609,-0.20078728,0.12909864,0,0,0,0,0
119,24583,0.77956582,-0.92724414,0.15914643,0.05452566,-0.20929595,0.12109951,0,0,0,0,0
120,24791,0.81328697,-0.90129567,0.09524744,0.07719620,-0.21360994,0.10478323,0,0,0,0,0
121,25000,0.84943790,-0.89051469,0.02062461,0.08139094,-0.20448713,0.09084420,0,0,0,0,0
122,25208,0.88102987,-0.84214288,-0.03139677,0.11197427,-0.18671516,0.08331304,0,0,0,0,0
123,25416,0.90661857,-0.81373775,-0.09691468,0.09580133,-0.19888985,0.06650921,0,0,0,0,0
124,25625,0.93939344,-0.78293567,-0.16492808,0.11763423,-0.20261787,0.07597138,0,0,0,0,0
125,25833,0.95337099,-0.73059136,-0.23325156,0.12540710,-0.20874755,0.06594497,0,0,0,0,0
126,26041,0.97856781,-0.68652582,-0.29225090,0.16470845,-0.19199999,0.03898547,0,0,0,0,0
127,26250,0.98421641,-0.63289607,-0.35889896,0.14610689,-0.18264623,0.04605921,0,0,0,0,0
128,26458,0.99715280,-0.58950799,-0.40857656,0.13700123,-0.17371303,0.01600151,0,0,0,0,0
129,26666,1.00522430,-0.52493346,-0.47046442,0.15023846,-0.15366821,0.00999573,0,0,0,0,0
130,26875,0.99472851,-0.45693772,-0.52936125,0.17181245,-0.14317904,-0.00931402,0,0,0,0,0
131,27083,1.00168665,-0.41071696,-0.57937660,0.18402441,-0.14268885,-0.00836330,0,0,0,0,0
132,27291,0.98583936,-0.35153228,-0.63538077,0.20017148,-0.14398533,-0.04780574,0,0,0,0,0
133,27500,0.97008066,-0.28699733,-0.68710161,0.19892764,-0.14974420,-0.03119513,0,0,0,0,0
134,27708,0.95245939,-0.22593756,-0.73793383,0.19608293,-0.11858618,-0.08783933,0,0,0,0,0
135,27916,0.93513009,-0.15617320,-0.78706585,0.18031598,-0.10298482,-0.08935945,0,0,0,0,0
136,28125,0.90412690,-0.09905188,-0.81863192,0.20928315,-0.10107788,-0.08099179,0,0,0,0,0
137,28333,0.88094910,-0.02098020,-0.85697499,0.20576515,-0.08777782,-0.10027666,0,0,0,0,0
138,28541,0.83814389,0.03453732,-0.89917196,0.20793292,-0.09304295,-0.09202889,0,0,0,0,0
139,28750,0.81245014,0.10581934,-0.91729379,0.20221467,-0.06766967,-0.12069511,0,0,0,0,0
140,28958,0.77676594,0.16778888,-0.94814010,0.17816849,-0.05267994,-0.11241819,0,0,0,0,0
141,29166,0.72493558,0.22677922,-0.95649467,0.19755408,-0.05413223,-0.14278791,0,0,0,0,0
142,29375,0.68019836,0.29267454,-0.97382983,0.21036035,-0.06350368,-0.14833728,0,0,0,0,0
143,29583,0.64772025,0.36235312,-0.99154563,0.18563103,-0.05020089,-0.15026741,0,0,0,0,0
144,29791,0.58302885,0.41317067,-0.99146841,0.20012418,-0.03182917,-0.16613930,0,0,0,0,0
145,30000,0.52085059,0.47983974,-1.00596287,0.18306537,-0.02134716,-0.17824197,0,0,0,0,0
146,30208,0.47196989,0.52824494,-1.00775526,0.18487992,-0.02857247,-0.17198300,0,0,0,0,0
147,30416,0.40398175,0.58542503,-0.99572365,0.17190545,0.00842658,-0.17884832,0,0,0,0,0
148,30625,0.35371736,0.64156765,-0.98553741,0.13254949,0.03644074,-0.18146822,0,0,0,0,0
149,30833,0.29436516,0.69145780,-0.96484744,0.16724154,0.04494218,-0.18339049,0,0,0,0,0
150,31041,0.22433509,0.73845178,-0.95081095,0.12690616,0.05917593,-0.17614519,0,0,0,0,0
151,31250,0.16258411,0.77343846,-0.93515586,0.12470215,0.07354488,-0.18981356,0,0,0,0,0
152,31458,0.10065172,0.80977192,-0.90384669,0.10104945,0.08152900,-0.20974271,0,0,0,0,0
153,31666,0.03634009,0.84519837,-0.88309700,0.08405126,0.10270147,-0.22369309,0,0,0,0,0
154,31875,-0.03421990,0.87670565,-0.85277390,0.09016847,0.09914320,-0.20722910,0,0,0,0,0
155,32083,-0.10505076,0.90822604,-0.79922038,0.06317054,0.12579983,-0.23024103,0,0,0,0,0
156,32291,-0.15399538,0.94066213,-0.77671825,0.05923567,0.13813956,-0.21126177,0,0,0,0,0
157,32500,-0.23612990,0.95462849,-0.72326931,0.03562709,0.14242235,-0.21383398,0,0,0,0,0
158,32708,-0.29452635,0.96781430,-0.68072689,0.02759490,0.14190267,-0.20535434,0,0,0,0,0
159,32916,-0.36449489,0.97856060,-0.62986586,0.01619260,0.14830567,-0.19638389,0,0,0,0,0
160,33125,-0.41890343,0.98667241,-0.58300676,0.02440011,0.15503354,-0.19415800,0,0,0,0,0
161,33333,-0.47930791,1.00354030,-0.51868063,0.01444005,0.16579094,-0.18098167,0,0,0,0,0
162,33541,-0.53708279,0.99587616,-0.46810165,-0.01408924,0.16475859,-0.19787432,0,0,0,0,0
163,33750,-0.59267018,1.00014749,-0.40048684,-0.01693279,0.17242856,-0.17787794,0,0,0,0,0
164,33958,-0.64174362,0.98256154,-0.34094136,-0.02375948,0.19771550,-0.14976520,0,0,0,0,0
165,34166,-0.68766232,0.96814457,-0.29116601,-0.03702190,0.19921737,-0.13827696,0,0,0,0,0
166,34375,-0.73511473,0.95817151,-0.21839294,-0.05207062,0.19224105,-0.14826440,0,0,0,0,0
167,34583,-0.77319549,0.93252948,-0.15343174,-0.04228498,0.19692346,-0.11804921,0,0,0,0,0
168,34791,-0.81820746,0.90908996,-0.09698386,-0.08827561,0.22258817,-0.12083471,0,0,0,0,0
169,35000,-0.85264169,0.87603222,-0.03220591,-0.06772152,0.19023830,-0.10443840,0,0,0,0,0
170,35208,-0.87722213,0.84209372,0.03242487,-0.09174771,0.20188299,-0.06797297,0,0,0,0,0
171,35416,-0.90731416,0.81146827,0.09789493,-0.10457867,0.19229542,-0.06839049,0,0,0,0,0
172,35625,-0.93307284,0.77017245,0.16394902,-0.11131265,0.19968553,-0.06346332,0,0,0,0,0
173,35833,-0.95588391,0.72966375,0.23141815,-0.12136077,0.19513333,-0.04624970,0,0,0,0,0
174,36041,-0.97137979,0.69127147,0.29252223,-0.15295729,0.19115047,-0.02470647,0,0,0,0,0
175,36250,-0.99392459,0.63678337,0.35506794,-0.16656027,0.19072015,-0.02445205,0,0,0,0,0
176,36458,-0.99845339,0.58501742,0.40074828,-0.16225630,0.18546669,-0.01027935,0,0,0,0,0
177,36666,-0.99760041,0.53437370,0.46446480,-0.16543660,0.17654352,-0.00825746,0,0,0,0,0
178,36875,-1.00654877,0.46878496,0.53743783,-0.18110386,0.16607017,-0.00002822,0,0,0,0,0
179,37083,-1.00161784,0.41678440,0.58572376,-0.17818992,0.13470502,0.02763177,0,0,0,0,0
180,37291,-0.98295400,0.35472799,0.63917199,-0.18425491,0.12917717,0.03288396,0,0,0,0,0
181,37500,-0.96879447,0.28729447,0.68405638,-0.20188431,0.13855831,0.04500656,0,0,0,0,0
182,37708,-0.96150842,0.22337793,0.74475222,-0.19434833,0.12242052,0.05273372,0,0,0,0,0
183,37916,-0.93695599,0.16264741,0.77735265,-0.23310157,0.11390527,0.05730106,0,0,0,0,0
184,38125,-0.90109487,0.08752961,0.82398924,-0.20674901,0.12840240,0.08302866,0,0,0,0,0
185,38333,-0.88526209,0.02174850,0.85274099,-0.20967024,0.09920075,0.10781463,0,0,0,0,0
186,38541,-0.85181398,-0.03780672,0.88438772,-0.21259937,0.09803038,0.10751931,0,0,0,0,0
187,38750,-0.81187905,-0.09893207,0.91840443,-0.21265174,0.07718751,0.11510133,0,0,0,0,0
188,38958,-0.77592778,-0.17824056,0.93914048,-0.18918702,0.06425189,0.11456087,0,0,0,0,0
189,39166,-0.73564333,-0.23678608,0.95832484,-0.22065766,0.08619370,0.11994379,0,0,0,0,0
190,39375,-0.68082737,-0.29035087,0.97806502,-0.20481263,0.05846824,0.13385420,0,0,0,0,0
191,39583,-0.62962304,-0.36783524,0.98790645,-0.20170338,0.05764752,0.14807004,0,0,0,0,0
192,39791,-0.59062120,-0.41183653,0.99860422,-0.18069836,0.03296020,0.15024892,0,0,0,0,0
193,40000,-0.53236457,-0.48055600,0.99796047,-0.18158360,0.01559379,0.14850359,0,0,0,0,0
194,40208,-0.46524496,-0.53564500,1.00279029,-0.18207067,0.00409766,0.17524314,0,0,0,0,0
195,40416,-0.41745125,-0.57801856,0.99025183,-0.18436528,-0.01017696,0.16276547,0,0,0,0,0
196,40625,-0.36204953,-0.63904345,0.98787279,-0.16589697,-0.02863528,0.17767094,0,0,0,0,0
197,40833,-0.29541779,-0.68083148,0.97130114,-0.14478577,-0.02538020,0.18091021,0,0,0,0,0
198,41041,-0.23042546,-0.72180052,0.95305183,-0.12925954,-0.04851798,0.18397707,0,0,0,0,0
199,41250,-0.15786031,-0.77037722,0.92093762,-0.10764098,-0.05721257,0.19949822,0,0,0,0,0
200,41458,-0.09556848,-0.82561250,0.90641144,-0.11539116,-0.10125297,0.21173118,0,0,0,0,0
201,41666,-0.03431464,-0.84048938,0.87861174,-0.10550698,-0.10825778,0.20626530,0,0,0,0,0
202,41875,0.03665405,-0.88271619,0.84783251,-0.08629953,-0.10518049,0.22087753,0,0,0,0,0
203,42083,0.09168424,-0.90821217,0.81086470,-0.04654642,-0.12117331,0.20359538,0,0,0,0,0
204,42291,0.17117124,-0.93213821,0.77039716,-0.06679413,-0.13685297,0.21604983,0,0,0,0,0
205,42500,0.22473935,-0.95518530,0.73078722,-0.04000609,-0.14068478,0.21562814,0,0,0,0,0
206,42708,0.29529649,-0.98137199,0.68620156,-0.01950539,-0.15103332,0.22248235,0,0,0,0,0
207,42916,0.35694473,-0.99227503,0.62696761,-0.01258760,-0.15219982,0.20796825,0,0,0,0,0
208,43125,0.42188609,-0.98714251,0.57456929,-0.00629934,-0.17242565,0.19506983,0,0,0,0,0
209,43333,0.48263076,-0.99581628,0.52273365,-0.00572354,-0.16842766,0.19407895,0,0,0,0,0
210,43541,0.53324909,-1.00130293,0.47039131,0.01509399,-0.18336332,0.17925408,0,0,0,0,0
211,43750,0.58272634,-0.99350010,0.40898498,0.01483020,-0.19310052,0.17412396,0,0,0,0,0
212,43958,0.63287974,-0.98969052,0.34597543,0.02971440,-0.20270018,0.16462143,0,0,0,0,0
213,44166,0.69779555,-0.96889546,0.29879957,0.03050664,-0.19071417,0.13252204,0,0,0,0,0
214,44375,0.72956481,-0.96166598,0.22404598,0.05001194,-0.19513224,0.13156503,0,0,0,0,0
215,44583,0.77735673,-0.92907117,0.16530591,0.06370590,-0.21935053,0.12818246,0,0,0,0,0
216,44791,0.80623939,-0.91041307,0.09309058,0.07943184,-0.21579031,0.11257674,0,0,0,0,0
217,45000,0.85655047,-0.87483260,0.03223307,0.06837480,-0.20671358,0.09441587,0,0,0,0,0
218,45208,0.87768255,-0.84461040,-0.03411270,0.11237510,-0.22631991,0.08612704,0,0,0,0,0
219,45416,0.91023203,-0.81842306,-0.10299488,0.10511363,-0.19555866,0.05757237,0,0,0,0,0
220,45625,0.94153812,-0.77313793,-0.16286699,0.11904190,-0.20433427,0.05653444,0,0,0,0,0
221,45833,0.95745582,-0.73744999,-0.23342007,0.13239557,-0.20540829,0.04923524,0,0,0,0,0
222,46041,0.96591907,-0.67724483,-0.29417798,0.14753131,-0.18744439,0.04098074,0,0,0,0,0
223,46250,0.99060724,-0.63558830,-0.35909422,0.16000982,-0.17650692,0.03609542,0,0,0,0,0
224,46458,0.99547736,-0.58645024,-0.39285033,0.17550262,-0.17760319,0.00771477,0,0,0,0,0
225,46666,0.99210129,-0.53451674,-0.46830160,0.17940677,-0.15945062,0.01085302,0,0,0,0,0
226,46875,1.00129831,-0.46816044,-0.52557492,0.19136211,-0.15533154,-0.00393919,0,0,0,0,0
227,47083,0.99529321,-0.42132936,-0.57813322,0.16983136,-0.13373292,-0.01820627,0,0,0,0,0
228,47291,0.98233384,-0.35130842,-0.63573317,0.18422255,-0.13358361,-0.04023392,0,0,0,0,0
229,47500,0.97691236,-0.28447099,-0.68822571,0.19370903,-0.12382317,-0.06055011,0,0,0,0,0
230,47708,0.95289600,-0.21722532,-0.72377961,0.22294696,-0.13334317,-0.06901530,0,0,0,0,0
231,47916,0.93119818,-0.15656472,-0.77760240,0.19991635,-0.13987597,-0.07546891,0,0,0,0,0
232,48125,0.90590261,-0.09525745,-0.82349919,0.20627733,-0.11713660,-0.08382176,0,0,0,0,0
233,48333,0.87971092,-0.02616045,-0.85618166,0.21116621,-0.10097997,-0.09275158,0,0,0,0,0
234,48541,0.83632868,0.03401447,-0.88940435,0.20352467,-0.08675852,-0.09478011,0,0,0,0,0
235,48750,0.80320891,0.10448863,-0.90785408,0.18662302,-0.07896837,-0.11254669,0,0,0,0,0
236,48958,0.76784374,0.16788922,-0.94789825,0.21075320,-0.05684810,-0.10992459,0,0,0,0,0
237,49166,0.72168493,0.23154635,-0.95790944,0.21289906,-0.07474352,-0.13545703,0,0,0,0,0
238,49375,0.68861482,0.29642912,-0.98270131,0.19416511,-0.04191777,-0.11109681,0,0,0,0,0
239,49583,0.63330198,0.35778600,-0.98454914,0.17843840,-0.04190454,-0.12612843,0,0,0,0,0
240,49791,0.57740212,0.42227623,-0.99811597,0.17810639,-0.02769023,-0.15942456,0,0,0,0,0
241,50000,0.53187727,0.48023805,-0.99707345,0.18572637,-0.01586156,-0.17205952,0,0,0,0,0
242,50208,0.47314200,0.53022442,-1.00388208,0.18029450,-0.01065699,-0.17267626,0,0,0,0,0
243,50416,0.41819783,0.58838791,-0.99655516,0.15202150,-0.00118417,-0.19039775,0,0,0,0,0
244,50625,0.34616568,0.64163888,-0.98835340,0.16722465,0.00871706,-0.18988747,0,0,0,0,0
245,50833,0.29051157,0.68283058,-0.97685459,0.13682113,0.02651902,-0.19198303,0,0,0,0,0
246,51041,0.23191231,0.73219261,-0.95158460,0.14421954,0.05113741,-0.19780528,0,0,0,0,0
247,51250,0.16353310,0.77230905,-0.93221299,0.11800451,0.07935482,-0.18146061,0,0,0,0,0
248,51458,0.10142304,0.81600316,-0.91356285,0.09230934,0.08027632,-0.21199139,0,0,0,0,0
249,51666,0.03409362,0.84772358,-0.88024663,0.10162086,0.07012621,-0.21024113,0,0,0,0,0
250,51875,-0.02829863,0.87756063,-0.84637230,0.07989173,0.10953831,-0.19665265,0,0,0,0,0
251,52083,-0.10482504,0.90444773,-0.81170829,0.05916044,0.10950814,-0.20726442,0,0,0,0,0
252,52291,-0.16133343,0.92845225,-0.76687186,0.06997204,0.13247960,-0.21460177,0,0,0,0,0
253,52500,-0.22687475,0.96962904,-0.72603144,0.04210180,0.13485576,-0.21322342,0,0,0,0,0
254,52708,-0.29904649,0.97271145,-0.67560176,0.02738566,0.13241291,-0.20406312,0,0,0,0,0
255,52916,-0.36247250,0.99065205,-0.62798844,0.02107358,0.15392059,-0.19622050,0,0,0,0,0
256,53125,-0.42141624,0.99598144,-0.57609051,0.02271368,0.15523648,-0.21402185,0,0,0,0,0
257,53333,-0.47681832,0.99044241,-0.51508789,-0.01465084,0.16462893,-0.18883860,0,0,0,0,0
258,53541,-0.53256643,1.00776709,-0.46931981,-0.02991964,0.17789810,-0.16965149,0,0,0,0,0
259,53750,-0.58527342,0.99574986,-0.40634884,-0.01623754,0.18249953,-0.15589681,0,0,0,0,0
260,53958,-0.63957641,0.97883401,-0.34492850,-0.03082364,0.20543938,-0.14813094,0,0,0,0,0
261,54166,-0.68837994,0.97811642,-0.29281717,-0.02702937,0.20010326,-0.14671591,0,0,0,0,0
262,54375,-0.73155788,0.95030070,-0.23543363,-0.05843092,0.19726998,-0.13818548,0,0,0,0,0
263,54583,-0.78192074,0.92761352,-0.16636250,-0.06244973,0.21325703,-0.12013774,0,0,0,0,0
264,54791,-0.80848778,0.90662043,-0.10731940,-0.05013400,0.20365378,-0.09188215,0,0,0,0,0
265,55000,-0.85310561,0.88303543,-0.03518163,-0.06493851,0.21858782,-0.08428079,0,0,0,0,0
266,55208,-0.88173814,0.84829048,0.02030806,-0.08404883,0.20764807,-0.07814058,0,0,0,0,0
267,55416,-0.90856775,0.81527271,0.09615627,-0.09323873,0.20743611,-0.07301322,0,0,0,0,0
268,55625,-0.93372230,0.77779340,0.17502246,-0.13536877,0.20943383,-0.06679737,0,0,0,0,0
269,55833,-0.95747224,0.73395875,0.22917557,-0.13691729,0.20313184,-0.04169284,0,0,0,0,0
270,56041,-0.96899375,0.68576370,0.29070931,-0.15304163,0.18895146,-0.04113388,0,0,0,0,0
271,56250,-0.98865778,0.63764921,0.35657406,-0.15891288,0.18202449,-0.02743345,0,0,0,0,0
272,56458,-0.99448924,0.58276508,0.41394506,-0.16085131,0.17966924,-0.02234172,0,0,0,0,0
273,56666,-0.99122886,0.52356415,0.46700485,-0.16201474,0.17648376,-0.01561827,0,0,0,0,0
274,56875,-1.00320412,0.47053115,0.52486552,-0.17450309,0.16001750,-0.00054300,0,0,0,0,0
275,57083,-0.99697794,0.41091404,0.58369658,-0.18225830,0.13970735,0.02087400,0,0,0,0,0
276,57291,-0.98605491,0.36038234,0.63822946,-0.19250632,0.15605177,0.02083124,0,0,0,0,0
277,57500,-0.97312715,0.29146423,0.67394085,-0.21199349,0.12853829,0.04087734,0,0,0,0,0
278,57708,-0.94906491,0.22856448,0.73546400,-0.17118217,0.10795553,0.05604935,0,0,0,0,0
279,57916,-0.93990397,0.16121840,0.77543322,-0.20444914,0.09731410,0.07146401,0,0,0,0,0
280,58125,-0.90696900,0.08813322,0.81405478,-0.20395911,0.10250746,0.09258724,0,0,0,0,0
281,58333,-0.88082772,0.01767775,0.85028483,-0.20476721,0.09720848,0.09676600,0,0,0,0,0
282,58541,-0.84166256,-0.03753897,0.88406797,-0.20842762,0.07752432,0.10270293,0,0,0,0,0
283,58750,-0.80877451,-0.10993572,0.92476868,-0.19574039,0.07755133,0.09653083,0,0,0,0,0
284,58958,-0.77183016,-0.15769156,0.94287727,-0.22045524,0.05429832,0.11599124,0,0,0,0,0
285,59166,-0.72939282,-0.23177996,0.95797984,-0.20377250,0.06276425,0.13325778,0,0,0,0,0
286,59375,-0.68613712,-0.30236434,0.97670992,-0.18367229,0.04245049,0.14070688,0,0,0,0,0
287,59583,-0.64392262,-0.36286200,0.99589605,-0.20026784,0.03048536,0.15242997,0,0,0,0,0
288,59791,-0.58209177,-0.41194701,1.00049756,-0.17697407,0.02733283,0.16862806,0,0,0,0,0
289,60000,-0.53504025,-0.47302124,0.99798846,-0.18325244,0.02997725,0.16946818,0,0,0,0,0
290,60208,-0.47090005,-0.53902111,0.99104674,-0.17013249,0.00331665,0.15542618,0,0,0,0,0
291,60416,-0.41932647,-0.58820184,0.99452703,-0.17341951,-0.01301834,0.17630764,0,0,0,0,0
292,60625,-0.34877294,-0.63357665,0.98820265,-0.17193824,-0.02452114,0.18100391,0,0,0,0,0
293,60833,-0.28899400,-0.67342139,0.97091329,-0.14938747,-0.02479467,0.18422242,0,0,0,0,0
294,61041,-0.22733398,-0.72985252,0.94715186,-0.13951777,-0.03968259,0.20978454,0,0,0,0,0
295,61250,-0.16162664,-0.77637730,0.93639000,-0.13393651,-0.04934972,0.19380734,0,0,0,0,0
296,61458,-0.10638125,-0.81712242,0.91029352,-0.11852160,-0.06664871,0.19940894,0,0,0,0,0
297,61666,-0.03467941,-0.84422684,0.87946893,-0.08471984,-0.08059274,0.20782886,0,0,0,0,0
298,61875,0.02716003,-0.87977600,0.84170441,-0.07379710,-0.10753194,0.21395444,0,0,0,0,0
299,62083,0.10516205,-0.90428645,0.80728912,-0.05449409,-0.11560652,0.21351566,0,0,0,0,0
300,62291,0.16835505,-0.93161788,0.77146200,-0.05963877,-0.12215375,0.20217467,0,0,0,0,0
301,62500,0.23236313,-0.95609600,0.73089253,-0.04880871,-0.14679721,0.20238705,0,0,0,0,0
302,62708,0.29678123,-0.97183052,0.68436827,-0.04119301,-0.16130941,0.22147604,0,0,0,0,0
303,62916,0.35765438,-0.98823277,0.63701392,-0.00226522,-0.15976060,0.20640917,0,0,0,0,0
304,63125,0.41643028,-0.99483572,0.58374401,-0.00753971,-0.15690948,0.21620575,0,0,0,0,0
305,63333,0.47915610,-0.99998784,0.51368271,-0.00016471,-0.17422918,0.18592900,0,0,0,0,0
306,63541,0.54221262,-0.99756739,0.46904562,0.01528162,-0.17474891,0.17727932,0,0,0,0,0
307,63750,0.59284151,-0.98914926,0.40221262,0.02042167,-0.18021261,0.16241541,0,0,0,0,0
308,63958,0.64286787,-0.98599070,0.34172274,0.02139362,-0.17473135,0.15292757,0,0,0,0,0
309,64166,0.69211160,-0.97284753,0.28257186,0.04434829,-0.20551972,0.13263748,0,0,0,0,0
310,64375,0.73692332,-0.95185558,0.21963337,0.04922715,-0.19812929,0.11649057,0,0,0,0,0
311,64583,0.78432931,-0.93008447,0.16253108,0.05562563,-0.19886847,0.10807306,0,0,0,0,0
312,64791,0.81359787,-0.91614539,0.08837773,0.07419240,-0.21137187,0.10431028,0,0,0,0,0
313,65000,0.85107584,-0.88231747,0.02704862,0.06982562,-0.21569556,0.09529018,0,0,0,0,0
314,65208,0.87802057,-0.84528882,-0.03057314,0.08067644,-0.22077858,0.08279150,0,0,0,0,0
315,65416,0.91121219,-0.81167519,-0.10149058,0.09074814,-0.22045906,0.08107882,0,0,0,0,0
316,65625,0.92865175,-0.78434305,-0.15888591,0.11320968,-0.20775758,0.06312276,0,0,0,0,0
317,65833,0.95579412,-0.72438262,-0.22689803,0.11725821,-0.18304315,0.04168856,0,0,0,0,0
318,66041,0.97159083,-0.67977970,-0.29654744,0.14660460,-0.17242585,0.04847772,0,0,0,0,0
319,66250,0.98220361,-0.62815701,-0.34804243,0.15558250,-0.16995654,0.02247965,0,0,0,0,0
320,66458,1.00030370,-0.57919995,-0.41389829,0.13429390,-0.18596460,0.01483713,0,0,0,0,0
321,66666,1.00450300,-0.52980885,-0.46765120,0.16742171,-0.16951644,0.00820777,0,0,0,0,0
322,66875,1.00286020,-0.48726766,-0.52864081,0.17372211,-0.16585419,0.00063123,0,0,0,0,0
323,67083,0.99991874,-0.42167644,-0.57249408,0.18837054,-0.17107610,-0.01553784,0,0,0,0,0
324,67291,0.98928692,-0.35222850,-0.63655744,0.18598691,-0.13449016,-0.03825194,0,0,0,0,0
325,67500,0.97433968,-0.29426604,-0.67762918,0.20245303,-0.11574283,-0.05594272,0,0,0,0,0
326,67708,0.95040015,-0.21239545,-0.72782281,0.19709631,-0.12482147,-0.05471428,0,0,0,0,0
327,67916,0.93678502,-0.15323465,-0.77531515,0.19575979,-0.11558524,-0.08178660,0,0,0,0,0
328,68125,0.90708545,-0.09624655,-0.81707143,0.19983594,-0.10386294,-0.09713782,0,0,0,0,0
329,68333,0.87724031,-0.03115052,-0.85068226,0.19732863,-0.08559072,-0.10449997,0,0,0,0,0
330,68541,0.84067259,0.04131330,-0.88599264,0.19740725,-0.07856223,-0.08385997,0,0,0,0,0
331,68750,0.81734929,0.10274855,-0.91743758,0.19566106,-0.05637407,-0.09930227,0,0,0,0,0
332,68958,0.77205904,0.17872813,-0.94061047,0.20435903,-0.06824731,-0.12569582,0,0,0,0,0
333,69166,0.73036625,0.23024903,-0.96951711,0.19472903,-0.05718726,-0.12689106,0,0,0,0,0
334,69375,0.68944054,0.29355888,-0.97551207,0.19563155,-0.04687216,-0.13821916,0,0,0,0,0
335,69583,0.63054749,0.35277919,-0.98420322,0.19794970,-0.04814511,-0.12831027,0,0,0,0,0
336,69791,0.58991667,0.41821648,-0.99019596,0.19526631,-0.02836897,-0.15253123,0,0,0,0,0
337,70000,0.52337294,0.48443525,-1.00628585,0.18515416,-0.01593140,-0.13419907,0,0,0,0,0
338,70208,0.47414725,0.52708962,-0.99108988,0.18530508,-0.01142567,-0.18186546,0,0,0,0,0
339,70416,0.41661973,0.58529819,-0.99712046,0.17733559,0.01151097,-0.18139220,0,0,0,0,0
340,70625,0.35475166,0.64969369,-1.00438157,0.16384091,0.00691676,-0.16565422,0,0,0,0,0
341,70833,0.29240676,0.68163585,-0.96994981,0.15422342,0.04783311,-0.19644074,0,0,0,0,0
342,71041,0.23348993,0.72341115,-0.95738597,0.14199065,0.04306621,-0.20568106,0,0,0,0,0
343,71250,0.17069438,0.76941372,-0.92834418,0.12210039,0.06011059,-0.21465242,0,0,0,0,0
344,71458,0.09721102,0.81345367,-0.91077235,0.10806778,0.08313458,-0.21137515,0,0,0,0,0
345,71666,0.03453089,0.85248573,-0.88954772,0.08217757,0.07879281,-0.21641441,0,0,0,0,0
346,71875,-0.04666933,0.87892325,-0.84470771,0.08564773,0.10171204,-0.19730587,0,0,0,0,0
347,72083,-0.10469722,0.90974208,-0.81292939,0.07395064,0.13191715,-0.21067707,0,0,0,0,0
348,72291,-0.17020439,0.93509450,-0.77402652,0.05007661,0.11987610,-0.22173468,0,0,0,0,0
349,72500,-0.23251983,0.94691307,-0.71834286,0.04481896,0.13570453,-0.20728577,0,0,0,0,0
350,72708,-0.29623375,0.98031719,-0.67558411,0.02443193,0.16017462,-0.20621501,0,0,0,0,0
351,72916,-0.36396788,0.98785931,-0.63021669,0.01513408,0.16475006,-0.18745514,0,0,0,0,0
352,73125,-0.42667827,1.00201614,-0.57812130,0.01382401,0.16344487,-0.19342595,0,0,0,0,0
353,73333,-0.47175608,0.99582154,-0.51823556,0.02366395,0.17804160,-0.17922057,0,0,0,0,0
354,73541,-0.54169400,1.00766754,-0.47006861,-0.01327369,0.18939461,-0.15793230,0,0,0,0,0
355,73750,-0.58916997,0.98633977,-0.40891098,-0.00509232,0.20140474,-0.17994834,0,0,0,0,0
356,73958,-0.63967490,0.97684347,-0.34586931,-0.02275390,0.19082767,-0.15169498,0,0,0,0,0
357,74166,-0.68767525,0.97124453,-0.27520396,-0.04068520,0.20453938,-0.12306498,0,0,0,0,0
358,74375,-0.73907399,0.94394465,-0.22581576,-0.03480141,0.19257303,-0.14373368,0,0,0,0,0
359,74583,-0.78355963,0.92371807,-0.16502491,-0.06207912,0.21131918,-0.09298716,0,0,0,0,0
360,74791,-0.81814232,0.91031993,-0.09580682,-0.05893056,0.22144352,-0.10764312,0,0,0,0,0
361,75000,-0.84587067,0.88110211,-0.02779044,-0.07658461,0.21731966,-0.09468369,0,0,0,0,0
362,75208,-0.88132765,0.84875857,0.03928464,-0.07609946,0.20985348,-0.08290593,0,0,0,0,0
363,75416,-0.91753120,0.80371470,0.09610149,-0.09539713,0.21558844,-0.06862713,0,0,0,0,0
364,75625,-0.93276044,0.76641875,0.16736706,-0.12477699,0.19262726,-0.03606705,0,0,0,0,0
365,75833,-0.95746105,0.73063688,0.21805472,-0.13515183,0.17883463,-0.04328704,0,0,0,0,0
366,76041,-0.96816249,0.68005629,0.28355825,-0.14768402,0.21044881,-0.05102438,0,0,0,0,0
367,76250,-0.97729311,0.63776434,0.35247571,-0.16639003,0.18905574,-0.02446007,0,0,0,0,0
368,76458,-0.98793583,0.58190268,0.40886515,-0.16554704,0.16577824,-0.02468319,0,0,0,0,0
369,76666,-1.00329582,0.53598511,0.46114975,-0.16147314,0.18702028,0.00626130,0,0,0,0,0
370,76875,-0.99706367,0.48156929,0.52684400,-0.17315789,0.15361718,0.01889650,0,0,0,0,0
371,77083,-0.99989087,0.41740492,0.58025746,-0.17775745,0.12634059,0.01182930,0,0,0,0,0
372,77291,-0.98967345,0.35168451,0.64070805,-0.20002285,0.13983038,0.04177796,0,0,0,0,0
373,77500,-0.97436656,0.27998594,0.68275610,-0.19489401,0.13889865,0.05283931,0,0,0,0,0
374,77708,-0.94942220,0.21401066,0.73299814,-0.20161565,0.13781364,0.05597879,0,0,0,0,0
375,77916,-0.93735551,0.15864844,0.77998135,-0.21197600,0.11924005,0.07132761,0,0,0,0,0
376,78125,-0.92049932,0.09682283,0.81829171,-0.21924748,0.10697710,0.08925756,0,0,0,0,0
377,78333,-0.87627746,0.02538979,0.84295664,-0.20571500,0.11040931,0.09952425,0,0,0,0,0
378,78541,-0.84608565,-0.04058858,0.88596185,-0.20758985,0.08214578,0.10911972,0,0,0,0,0
379,78750,-0.81262588,-0.10183805,0.91483142,-0.20203658,0.08926511,0.11073863,0,0,0,0,0
380,78958,-0.77396973,-0.17090228,0.94361851,-0.19253888,0.07272732,0.11384266,0,0,0,0,0
381,79166,-0.73630499,-0.22728825,0.95897825,-0.19961122,0.04753996,0.13439646,0,0,0,0,0
382,79375,-0.67905651,-0.30847112,0.97372781,-0.20457362,0.04553799,0.14355558,0,0,0,0,0
383,79583,-0.63175239,-0.35713324,0.98244882,-0.17812043,0.04237146,0.14592461,0,0,0,0,0
384,79791,-0.58165917,-0.41275210,0.99878024,-0.18549821,0.03697264,0.15165200,0,0,0,0,0
385,80000,-0.53159951,-0.47749207,0.99678371,-0.17766021,0.01589297,0.16525878,0,0,0,0,0
386,80208,-0.46813558,-0.53512661,0.99436127,-0.18515134,0.01883095,0.17867421,0,0,0,0,0
387,80416,-0.42151989,-0.59173091,0.99334287,-0.17926645,-0.00862727,0.18132683,0,0,0,0,0
388,80625,-0.35273522,-0.64768199,0.99027133,-0.15712886,-0.03971085,0.17591655,0,0,0,0,0
389,80833,-0.29622455,-0.68078127,0.97994877,-0.14623860,-0.03735523,0.18260104,0,0,0,0,0
390,81041,-0.23276883,-0.72340081,0.94971046,-0.14462228,-0.04319514,0.17902919,0,0,0,0,0
391,81250,-0.15316321,-0.76641848,0.93228172,-0.10927519,-0.05549639,0.18875775,0,0,0,0,0
392,81458,-0.10799030,-0.81598369,0.90409658,-0.10229635,-0.07790499,0.21012401,0,0,0,0,0
393,81666,-0.03134777,-0.84758615,0.88847634,-0.10153426,-0.11989071,0.20398947,0,0,0,0,0
394,81875,0.04030962,-0.88056368,0.84471970,-0.08045517,-0.09374558,0.20434433,0,0,0,0,0
395,82083,0.09769845,-0.90881583,0.81183315,-0.07655045,-0.11152479,0.22184913,0,0,0,0,0
396,82291,0.16989085,-0.93525926,0.77148674,-0.04820856,-0.14789774,0.21072849,0,0,0,0,0
397,82500,0.23389421,-0.94760104,0.73555658,-0.03954334,-0.14269539,0.21375784,0,0,0,0,0
398,82708,0.29485152,-0.97451322,0.67067417,-0.05306035,-0.15695575,0.20806727,0,0,0,0,0
399,82916,0.36059219,-0.98672020,0.63743851,-0.03074507,-0.15594834,0.21522754,0,0,0,0,0
400,83125,0.42430298,-0.99897124,0.56717608,0.00430355,-0.16850694,0.19613567,0,0,0,0,0
401,83333,0.48026555,-0.99004504,0.52806723,0.00287909,-0.16301853,0.18910155,0,0,0,0,0
402,83541,0.53074603,-0.99508864,0.46025011,0.00050439,-0.18818033,0.17017004,0,0,0,0,0
403,83750,0.58833494,-0.99094056,0.41462252,0.00372936,-0.19681544,0.17635664,0,0,0,0,0
404,83958,0.63384494,-0.97593860,0.35001697,0.02308266,-0.21514799,0.15438070,0,0,0,0,0
405,84166,0.68372719,-0.97558823,0.28098157,0.02805191,-0.19978524,0.13797153,0,0,0,0,0
406,84375,0.73363664,-0.95627040,0.22166529,0.04383274,-0.20212913,0.12420782,0,0,0,0,0
407,84583,0.77893632,-0.92890690,0.15546439,0.03839436,-0.20236767,0.12931033,0,0,0,0,0
408,84791,0.81421089,-0.90388941,0.09393515,0.08225619,-0.20226586,0.11911745,0,0,0,0,0
409,85000,0.85668274,-0.88395414,0.03642006,0.08303441,-0.21344379,0.09550553,0,0,0,0,0
410,85208,0.88960747,-0.84991796,-0.04197921,0.09702965,-0.22481798,0.09116139,0,0,0,0,0
411,85416,0.90859295,-0.81917015,-0.09035812,0.10546687,-0.23301449,0.07840536,0,0,0,0,0
412,85625,0.93480219,-0.78148230,-0.16507739,0.12188425,-0.20025399,0.07296842,0,0,0,0,0
413,85833,0.96090871,-0.72284152,-0.22147515,0.13373274,-0.20168546,0.05122582,0,0,0,0,0
414,86041,0.96977702,-0.69591785,-0.28093911,0.12370694,-0.20467835,0.03551034,0,0,0,0,0
415,86250,0.99129154,-0.63934244,-0.35010596,0.14026508,-0.17781851,0.05186325,0,0,0,0,0
416,86458,0.99787145,-0.58901698,-0.41399376,0.16097896,-0.16374000,0.01625028,0,0,0,0,0
417,86666,1.00037551,-0.52138792,-0.46980948,0.16950916,-0.16683208,-0.00706471,0,0,0,0,0
418,86875,1.00303371,-0.47449889,-0.53001580,0.18501342,-0.15461559,-0.01420753,0,0,0,0,0
419,87083,0.99231406,-0.40808570,-0.58201870,0.18369895,-0.16425959,-0.02369764,0,0,0,0,0
420,87291,0.97521668,-0.35962201,-0.63345605,0.19079268,-0.13939675,-0.03138055,0,0,0,0,0
421,87500,0.97367023,-0.28278654,-0.69292048,0.18280788,-0.14048858,-0.05007163,0,0,0,0,0
422,87708,0.94842850,-0.21822438,-0.74047886,0.18973604,-0.12211393,-0.04732824,0,0,0,0,0
423,87916,0.92776960,-0.15918813,-0.77624060,0.19863410,-0.10294335,-0.06624084,0,0,0,0,0
424,88125,0.90355689,-0.09747469,-0.82029938,0.23264229,-0.10482841,-0.08603830,0,0,0,0,0
425,88333,0.87494194,-0.03102757,-0.85997903,0.21695021,-0.07912108,-0.08288411,0,0,0,0,0
426,88541,0.84829359,0.04295798,-0.87862936,0.22469339,-0.08892176,-0.09985645,0,0,0,0,0
427,88750,0.80358344,0.10733719,-0.92360211,0.20482793,-0.10012559,-0.11216350,0,0,0,0,0
428,88958,0.76781490,0.17996084,-0.93964263,0.21509195,-0.06606399,-0.11581216,0,0,0,0,0
429,89166,0.71837788,0.23186822,-0.95988678,0.20724307,-0.07394889,-0.13596440,0,0,0,0,0
430,89375,0.68513840,0.29793941,-0.97408887,0.20081926,-0.04451676,-0.14106497,0,0,0,0,0
431,89583,0.63339450,0.34976333,-0.99064087,0.21478030,-0.04612681,-0.14430890,0,0,0,0,0
432,89791,0.57558345,0.41821640,-1.00541819,0.18796987,-0.02980367,-0.14772483,0,0,0,0,0
433,90000,0.53159360,0.47332535,-0.99337059,0.17807277,-0.02406202,-0.17424746,0,0,0,0,0
434,90208,0.46784401,0.53310825,-1.00261147,0.17952757,0.00337556,-0.17843417,0,0,0,0,0
435,90416,0.41833984,0.59262667,-0.99700793,0.15106182,-0.00216121,-0.18306984,0,0,0,0,0
436,90625,0.36009665,0.62762074,-0.98578859,0.15227607,0.02173932,-0.18494191,0,0,0,0,0
437,90833,0.30235222,0.68204348,-0.96654583,0.14049746,0.03491057,-0.19369514,0,0,0,0,0
438,91041,0.23522346,0.72236594,-0.95388354,0.14038370,0.03777900,-0.18349452,0,0,0,0,0
439,91250,0.16385650,0.77784409,-0.93212939,0.11944670,0.06579343,-0.18812724,0,0,0,0,0
440,91458,0.09783927,0.81905199,-0.90911399,0.11511906,0.08387650,-0.18336190,0,0,0,0,0
441,91666,0.02010050,0.85004688,-0.88543800,0.10967852,0.09535980,-0.20141402,0,0,0,0,0
442,91875,-0.03486963,0.87713493,-0.84821285,0.07780638,0.11820726,-0.21662739,0,0,0,0,0
443,92083,-0.09772431,0.89897371,-0.81007798,0.05657952,0.11356358,-0.21174794,0,0,0,0,0
444,92291,-0.15829046,0.93782907,-0.77009908,0.07756357,0.13819586,-0.20118931,0,0,0,0,0
445,92500,-0.23847650,0.95635943,-0.72634898,0.03545163,0.11826759,-0.19845178,0,0,0,0,0
446,92708,-0.29547861,0.97563306,-0.67626811,0.02070853,0.15006915,-0.20083021,0,0,0,0,0
447,92916,-0.36429881,0.98643179,-0.62957356,0.01427616,0.14974108,-0.20442755,0,0,0,0,0
448,93125,-0.42022376,0.99157438,-0.57379350,0.00171790,0.13878729,-0.18249273,0,0,0,0,0
449,93333,-0.48237814,1.00258359,-0.53181442,-0.00621696,0.16708366,-0.17900424,0,0,0,0,0
450,93541,-0.54040588,0.99190354,-0.47261670,-0.00066918,0.18004950,-0.19280167,0,0,0,0,0
451,93750,-0.59014425,0.98673714,-0.40327862,-0.02960510,0.18712220,-0.17186598,0,0,0,0,0
452,93958,-0.64089393,0.98487383,-0.34983843,-0.02142466,0.17996861,-0.15572103,0,0,0,0,0
453,94166,-0.68992348,0.96004067,-0.28905321,-0.04511983,0.19585416,-0.12886329,0,0,0,0,0
454,94375,-0.73626466,0.95051572,-0.21354293,-0.06608496,0.19732996,-0.13961705,0,0,0,0,0
455,94583,-0.77923655,0.92349384,-0.15714708,-0.05921525,0.18567570,-0.10969995,0,0,0,0,0
456,94791,-0.81872807,0.90368733,-0.09787517,-0.08299568,0.21897602,-0.09782243,0,0,0,0,0
457,95000,-0.85031098,0.88105185,-0.02952663,-0.07480216,0.20859576,-0.10361770,0,0,0,0,0
458,95208,-0.88417433,0.83827638,0.04183962,-0.10908324,0.21927280,-0.07321968,0,0,0,0,0
459,95416,-0.91744986,0.81210822,0.10257521,-0.11210216,0.21113935,-0.07895933,0,0,0,0,0
460,95625,-0.93408178,0.77199945,0.17209525,-0.11270433,0.20657367,-0.06120810,0,0,0,0,0
461,95833,-0.95549763,0.73066609,0.22063985,-0.13178550,0.18639951,-0.05869316,0,0,0,0,0
462,96041,-0.97235087,0.68682191,0.28032524,-0.14335219,0.20689171,-0.02760541,0,0,0,0,0
463,96250,-0.98049789,0.62989756,0.35089409,-0.15599028,0.17399352,-0.01452960,0,0,0,0,0
464,96458,-0.99853994,0.57950029,0.40980172,-0.15581157,0.17023582,-0.00784990,0,0,0,0,0
465,96666,-0.99620074,0.53262564,0.46958878,-0.17071094,0.15924156,0.00668739,0,0,0,0,0
466,96875,-1.00356395,0.48182762,0.52786988,-0.18449730,0.16403466,0.00389526,0,0,0,0,0
467,97083,-0.99522936,0.40734625,0.58277411,-0.17861122,0.15880887,0.02518110,0,0,0,0,0
468,97291,-0.99188058,0.35488799,0.63682791,-0.18409174,0.15866416,0.04169299,0,0,0,0,0
469,97500,-0.97296773,0.28090309,0.68868919,-0.18164355,0.12063435,0.05451042,0,0,0,0,0
470,97708,-0.95458142,0.22661107,0.73284131,-0.19013556,0.11330914,0.04091956,0,0,0,0,0
471,97916,-0.93101100,0.15328155,0.77268314,-0.20657776,0.11226449,0.05729983,0,0,0,0,0
472,98125,-0.90791726,0.08951799,0.81710362,-0.19314207,0.08692925,0.07943719,0,0,0,0,0
473,98333,-0.88359609,0.02903789,0.85612005,-0.19786133,0.08415596,0.10460949,0,0,0,0,0
474,98541,-0.85124176,-0.04363378,0.89191079,-0.20038906,0.09316029,0.10412239,0,0,0,0,0
475,98750,-0.81640957,-0.10055828,0.91908871,-0.20269845,0.06091113,0.10918640,0,0,0,0,0
476,98958,-0.77123091,-0.17806116,0.93683440,-0.17968414,0.06306422,0.12569714,0,0,0,0,0
477,99166,-0.73371003,-0.23333511,0.96659893,-0.18988030,0.04420992,0.11277536,0,0,0,0,0
478,99375,-0.67031454,-0.30011115,0.97332362,-0.20243460,0.05304316,0.13398795,0,0,0,0,0
479,99583,-0.62948019,-0.36514454,0.99007603,-0.19402428,0.02997192,0.14973125,0,0,0,0,0
480,99791,-0.58679366,-0.42113258,1.00503474,-0.17626112,0.04619654,0.15245483,0,0,0,0,0
481,100000,-0.52688619,-0.46928537,1.00280428,-0.18251960,0.00297577,0.16380172,0,0,0,0,0
482,100208,-0.47026179,-0.52881794,0.99206655,-0.17940196,-0.00164731,0.16662955,0,0,0,0,0
483,100416,-0.39924954,-0.58541149,0.98435003,-0.16077734,0.00361587,0.17632236,0,0,0,0,0
484,100625,-0.34834314,-0.63382324,0.95925161,-0.15587273,-0.01443045,0.17349415,0,0,0,0,0
485,100833,-0.27359974,-0.69375683,0.92810390,-0.14807593,-0.04456059,0.19079981,0,0,0,0,0
486,101041,-0.21036252,-0.72200697,0.88707810,-0.14809591,-0.05521697,0.20351632,0,0,0,0,0
487,101250,-0.14318422,-0.77158938,0.83182719,-0.10992973,-0.06327273,0.19845911,0,0,0,0,0
488,101458,-0.08120916,-0.80021549,0.77952854,-0.11358351,-0.08175071,0.22588452,0,0,0,0,0
489,101666,-0.01902466,-0.83497734,0.72324635,-0.11492247,-0.08778233,0.21040386,0,0,0,0,0
490,101875,0.02582516,-0.85774406,0.66349900,-0.07220740,-0.09954036,0.22309040,0,0,0,0,0
491,102083,0.08625007,-0.88502295,0.60283312,-0.08186354,-0.12215411,0.22204732,0,0,0,0,0
492,102291,0.11494023,-0.90592460,0.52622767,-0.06869707,-0.15329191,0.24207262,0,0,0,0,0
493,102500,0.15101379,-0.91453581,0.46628079,-0.04540895,-0.14149004,0.26790843,0,0,0,0,0
494,102708,0.17654713,-0.93256832,0.40986950,-0.04987365,-0.14145079,0.26396971,0,0,0,0,0
495,102916,0.18507205,-0.94408833,0.35397689,-0.02684182,-0.15211632,0.27992891,0,0,0,0,0
496,103125,0.20579981,-0.93215946,0.29834124,-0.02201854,-0.16318580,0.28544667,0,0,0,0,0
497,103333,0.21549091,-0.93931880,0.24790732,0.00751802,-0.16319674,0.29973912,0,0,0,0,0
498,103541,0.20835007,-0.94421389,0.20145355,0.01422029,-0.17174255,0.30656113,0,0,0,0,0
499,103750,0.21724310,-0.92657597,0.15883926,0.05398517,-0.17220799,0.30573695,0,0,0,0,0
500,103958,0.21762858,-0.91382318,0.13198104,0.06047045,-0.16824785,0.29876996,0,0,0,0,0
501,104166,0.21059474,-0.89960610,0.09445391,0.10972552,-0.19160035,0.30554086,0,0,0,0,0
502,104375,0.20992123,-0.88429383,0.07495085,0.12946825,-0.18542211,0.31924603,0,0,0,0,0
503,104583,0.20466103,-0.85545075,0.04861978,0.18515303,-0.17936167,0.29739597,0,0,0,0,0
504,104791,0.20610726,-0.83140139,0.03031964,0.22308145,-0.18060113,0.30460105,0,0,0,0,0
505,105000,0.21104706,-0.80524355,0.01333731,0.26529641,-0.18486875,0.28963974,0,0,0,0,0
506,105208,0.22371371,-0.77959849,-0.01504608,0.32067207,-0.16243403,0.24767433,0,0,0,0,0
507,105416,0.23359951,-0.74379894,-0.02460415,0.37705900,-0.17998790,0.24997008,0,0,0,0,0
508,105625,0.23837320,-0.71244000,-0.04973256,0.44315809,-0.17185259,0.20651584,0,0,0,0,0
509,105833,0.23294634,-0.67033221,-0.06807601,0.49049056,-0.16247520,0.18986075,0,0,0,0,0
510,106041,0.25255155,-0.63828681,-0.08397918,0.51737353,-0.13587884,0.15539513,0,0,0,0,0
511,106250,0.24758648,-0.59199427,-0.10479212,0.59437520,-0.12930846,0.10802494,0,0,0,0,0
512,106458,0.25042805,-0.53298847,-0.13469253,0.65580297,-0.14655398,0.07384920,0,0,0,0,0
513,106666,0.25868254,-0.48649709,-0.13694551,0.71158994,-0.13455788,0.02901507,0,0,0,0,0
514,106875,0.24398941,-0.43222807,-0.14968432,0.77392009,-0.13989233,-0.02398686,0,0,0,0,0
515,107083,0.25186032,-0.37449646,-0.17306775,0.84592786,-0.12957345,-0.10366718,0,0,0,0,0
516,107291,0.24740228,-0.33048530,-0.19237837,0.88703100,-0.11144011,-0.14883086,0,0,0,0,0
517,107500,0.23963661,-0.26188892,-0.20401933,0.93118782,-0.09374607,-0.20420344,0,0,0,0,0
518,107708,0.23734840,-0.19602771,-0.21232630,1.00782120,-0.08189357,-0.27622758,0,0,0,0,0
519,107916,0.23140640,-0.14509934,-0.23869233,1.03915315,-0.08390414,-0.35628966,0,0,0,0,0
520,108125,0.22152854,-0.08574433,-0.25091171,1.07839255,-0.06238879,-0.43323496,0,0,0,0,0
521,108333,0.22399463,-0.02506018,-0.25844678,1.10637965,-0.06315779,-0.49498183,0,0,0,0,0
522,108541,0.20687887,0.03377428,-0.25588018,1.14345911,-0.05578276,-0.58078570,0,0,0,0,0
523,108750,0.20356923,0.08556511,-0.28100941,1.18172204,-0.05618990,-0.64693725,0,0,0,0,0
524,108958,0.20219370,0.15006086,-0.27795861,1.17842738,-0.04808138,-0.72040883,0,0,0,0,0
525,109166,0.17698439,0.21495388,-0.29065530,1.21175525,-0.03694208,-0.78835018,0,0,0,0,0
526,109375,0.16922428,0.26689117,-0.30115581,1.22021421,-0.02613884,-0.86661079,0,0,0,0,0
527,109583,0.15574304,0.32304706,-0.29972633,1.23729275,-0.03080772,-0.93270934,0,0,0,0,0
528,109791,0.14764656,0.38758633,-0.29912767,1.21951593,-0.02451496,-1.01009008,0,0,0,0,0
529,110000,0.13432662,0.44108746,-0.30273410,1.20485127,0.01262958,-1.08356288,0,0,0,0,0
530,110208,0.11960859,0.49406470,-0.30436511,1.17228892,0.00424128,-1.15279658,0,0,0,0,0
531,110416,0.10278719,0.53302234,-0.29719786,1.14676011,0.01668973,-1.20728108,0,0,0,0,0
532,110625,0.08504688,0.57875188,-0.30641041,1.12528588,0.01915687,-1.26323038,0,0,0,0,0
533,110833,0.07744937,0.63279795,-0.29168344,1.06944264,0.04081100,-1.32761773,0,0,0,0,0
534,111041,0.05474356,0.67209719,-0.28992246,1.02562382,0.01767358,-1.35710002,0,0,0,0,0
535,111250,0.04822609,0.71624067,-0.27340910,0.97168770,0.03470481,-1.40936265,0,0,0,0,0
536,111458,0.02216741,0.74586498,-0.27247363,0.89928026,0.03226879,-1.44374047,0,0,0,0,0
537,111666,0.00734865,0.77973153,-0.26146609,0.81208436,0.04785407,-1.47933550,0,0,0,0,0
538,111875,-0.01020156,0.80413847,-0.25590060,0.75282114,0.05156803,-1.47191173,0,0,0,0,0
539,112083,-0.02344127,0.83518481,-0.24545861,0.66000794,0.06446694,-1.49323559,0,0,0,0,0
540,112291,-0.04334329,0.86648500,-0.23774590,0.57455709,0.05855819,-1.49485667,0,0,0,0,0
541,112500,-0.05512074,0.88969082,-0.22231770,0.49505071,0.05485016,-1.50468199,0,0,0,0,0
542,112708,-0.07367961,0.89040546,-0.21306381,0.35999809,0.06632004,-1.46503384,0,0,0,0,0
543,112916,-0.09407359,0.90979028,-0.18923838,0.26907974,0.07606601,-1.46520229,0,0,0,0,0
544,113125,-0.11503770,0.91831465,-0.17353437,0.14659462,0.07470837,-1.42481041,0,0,0,0,0
545,113333,-0.11912426,0.91979556,-0.15758683,0.04832550,0.08541292,-1.41317858,0,0,0,0,0
546,113541,-0.13231367,0.92469785,-0.13302044,-0.04675179,0.06399073,-1.35145458,0,0,0,0,0
547,113750,-0.14107940,0.90680567,-0.12094468,-0.16776888,0.07409236,-1.30850684,0,0,0,0,0
548,113958,-0.16091333,0.90060165,-0.09908068,-0.28273235,0.08355669,-1.25019672,0,0,0,0,0
549,114166,-0.16888022,0.89183206,-0.08106586,-0.38989196,0.06406222,-1.17297070,0,0,0,0,0
550,114375,-0.18318373,0.87673556,-0.07178854,-0.51671208,0.09367765,-1.11540847,0,0,0,0,0
551,114583,-0.20009360,0.86269352,-0.04741900,-0.61912169,0.07056027,-1.00669839,0,0,0,0,0
552,114791,-0.20221668,0.83129626,-0.02253252,-0.72454748,0.07677561,-0.96929977,0,0,0,0,0
553,115000,-0.21659464,0.80982661,-0.01136094,-0.82032882,0.08089210,-0.86455437,0,0,0,0,0
554,115208,-0.23273112,0.77192656,0.01078686,-0.94237603,0.08874158,-0.78321556,0,0,0,0,0
555,115416,-0.23204709,0.75135401,0.02514391,-1.00540023,0.07406098,-0.67644721,0,0,0,0,0
556,115625,-0.23533079,0.70829040,0.04670366,-1.13620291,0.06449929,-0.55913130,0,0,0,0,0
557,115833,-0.23406390,0.67184244,0.06847708,-1.21147787,0.08894047,-0.48272330,0,0,0,0,0
558,116041,-0.23887143,0.62859530,0.08635520,-1.29729412,0.09611120,-0.35739729,0,0,0,0,0
559,116250,-0.25809340,0.58079203,0.09985604,-1.34878448,0.08197528,-0.26450873,0,0,0,0,0
560,116458,-0.24354111,0.54314401,0.12958627,-1.42259415,0.06644422,-0.15172769,0,0,0,0,0
561,116666,-0.25055276,0.48110903,0.13735166,-1.49262527,0.06109195,-0.04818596,0,0,0,0,0
562,116875,-0.26416276,0.43072176,0.15774627,-1.55376210,0.08729408,0.04948091,0,0,0,0,0
563,117083,-0.24996907,0.38265942,0.17580953,-1.58366181,0.07105699,0.16749823,0,0,0,0,0
564,117291,-0.25113632,0.32117488,0.19309960,-1.64885683,0.06756179,0.28614775,0,0,0,0,0
565,117500,-0.24062943,0.25834278,0.20121482,-1.67164888,0.05647796,0.38502575,0,0,0,0,0
566,117708,-0.23806643,0.20469291,0.21125897,-1.70023605,0.04796067,0.48353965,0,0,0,0,0
567,117916,-0.23160593,0.14431881,0.23489792,-1.73082316,0.07776513,0.58601026,0,0,0,0,0
568,118125,-0.22497583,0.09079811,0.24714435,-1.74548997,0.05926297,0.67166159,0,0,0,0,0
569,118333,-0.21679001,0.02132975,0.25005470,-1.74468544,0.05044331,0.77548719,0,0,0,0,0
570,118541,-0.21427326,-0.03260677,0.26849257,-1.74057912,0.04823498,0.88285343,0,0,0,0,0
571,118750,-0.19885520,-0.09671975,0.27760369,-1.72247812,0.03347069,0.96857017,0,0,0,0,0
572,118958,-0.18943528,-0.15446564,0.28810737,-1.72248626,0.01850289,1.03915013,0,0,0,0,0
573,119166,-0.18018705,-0.21959482,0.28673414,-1.68704452,0.01209320,1.12757568,0,0,0,0,0
574,119375,-0.17630256,-0.27555601,0.29776313,-1.66990884,0.02242422,1.19633141,0,0,0,0,0
575,119583,-0.16622495,-0.32726991,0.28796199,-1.64823347,0.00148309,1.25821273,0,0,0,0,0
576,119791,-0.14785303,-0.37860852,0.28868424,-1.58658998,0.00547308,1.32116831,0,0,0,0,0
577,120000,-0.12262042,-0.43916010,0.30404281,-1.53550313,0.00249361,1.38389459,0,0,0,0,0
578,120208,-0.11736203,-0.48785620,0.29788118,-1.47914380,0.00072254,1.44726513,0,0,0,0,0
579,120416,-0.10599873,-0.54016934,0.30393120,-1.42415859,0.00330157,1.47335740,0,0,0,0,0
580,120625,-0.08256703,-0.58607065,0.29543404,-1.32445895,-0.02049458,1.52953374,0,0,0,0,0
581,120833,-0.06889889,-0.62124399,0.29027032,-1.26673047,-0.00718108,1.55420037,0,0,0,0,0
582,121041,-0.05254257,-0.67615774,0.28346585,-1.18614533,-0.02172876,1.59603040,0,0,0,0,0
583,121250,-0.03935381,-0.71477120,0.27505185,-1.10545429,-0.02723563,1.60281643,0,0,0,0,0
584,121458,-0.02553239,-0.74898353,0.26895397,-1.03334687,-0.03427267,1.61745199,0,0,0,0,0
585,121666,-0.00327440,-0.78438942,0.26716712,-0.93061576,-0.04310777,1.63172583,0,0,0,0,0
586,121875,0.00753549,-0.80335340,0.26068247,-0.81418659,-0.04745878,1.62565771,0,0,0,0,0
587,122083,0.02627457,-0.83870377,0.24013437,-0.72243482,-0.03057870,1.63133077,0,0,0,0,0
588,122291,0.04428171,-0.86399002,0.22427007,-0.60751833,-0.05387004,1.61309363,0,0,0,0,0
589,122500,0.05903014,-0.88592264,0.21797203,-0.48990355,-0.04594210,1.57349480,0,0,0,0,0
590,122708,0.06963708,-0.89934706,0.19898576,-0.40109318,-0.06503706,1.53796376,0,0,0,0,0
591,122916,0.08361662,-0.89890541,0.18335276,-0.29116240,-0.06773441,1.53078746,0,0,0,0,0
592,123125,0.11211987,-0.91952144,0.17539490,-0.16465395,-0.07503563,1.47990805,0,0,0,0,0
593,123333,0.12085721,-0.91513510,0.16052882,-0.05239509,-0.06378859,1.42572996,0,0,0,0,0
594,123541,0.13417301,-0.91039313,0.14741866,0.05832228,-0.07992701,1.38632530,0,0,0,0,0
595,123750,0.13855112,-0.91778530,0.12334815,0.18610164,-0.06209296,1.32402277,0,0,0,0,0
596,123958,0.16087803,-0.91333891,0.10562246,0.28899379,-0.08890060,1.27028336,0,0,0,0,0
597,124166,0.17502406,-0.89189199,0.08693993,0.41322721,-0.08606611,1.19459874,0,0,0,0,0
598,124375,0.18480729,-0.87959902,0.06987885,0.51903264,-0.09879893,1.12202041,0,0,0,0,0
599,124583,0.19419684,-0.85450297,0.05455207,0.62359252,-0.07334969,1.01555271,0,0,0,0,0
600,124791,0.19684316,-0.83660654,0.03005935,0.72220932,-0.06936781,0.94015655,0,0,0,0,0
601,125000,0.20825159,-0.81565633,0.00503398,0.82877129,-0.07203726,0.85684193,0,0,0,0,0
602,125208,0.21600908,-0.78227256,-0.00892014,0.93289995,-0.08109843,0.75693510,0,0,0,0,0
603,125416,0.22952345,-0.75261078,-0.03350410,1.01967060,-0.07156365,0.67248478,0,0,0,0,0
604,125624,0.24768983,-0.71854038,-0.05115883,1.12181778,-0.08843187,0.57245777,0,0,0,0,0
605,125833,0.23484264,-0.67514833,-0.05841860,1.20780616,-0.08532870,0.45998209,0,0,0,0,0
606,126041,0.23955528,-0.63591931,-0.09018407,1.26282175,-0.06355458,0.36047791,0,0,0,0,0
607,126250,0.24504727,-0.59301330,-0.09943327,1.37472131,-0.06929649,0.26581987,0,0,0,0,0
608,126458,0.26043201,-0.54215845,-0.12727385,1.41769082,-0.07078541,0.15465405,0,0,0,0,0
609,126666,0.25993273,-0.48384927,-0.14052034,1.48983914,-0.08485780,0.04100889,0,0,0,0,0
610,126874,0.25893434,-0.43658707,-0.16598306,1.53971567,-0.05881026,-0.05209849,0,0,0,0,0
611,127083,0.25350029,-0.38717018,-0.16961766,1.58599969,-0.06956306,-0.15896791,0,0,0,0,0
612,127291,0.23361207,-0.32547864,-0.18226427,1.65094969,-0.07642569,-0.27743063,0,0,0,0,0
613,127500,0.23339490,-0.26045545,-0.20175118,1.68469262,-0.06765064,-0.40188399,0,0,0,0,0
614,127708,0.24092751,-0.21142673,-0.22567308,1.70198034,-0.04272493,-0.49554617,0,0,0,0,0
615,127916,0.23220651,-0.15491308,-0.23327583,1.74752293,-0.06492189,-0.57917407,0,0,0,0,0
616,128124,0.22366506,-0.08574943,-0.23859907,1.74738165,-0.05272605,-0.66782686,0,0,0,0,0
617,128333,0.21852806,-0.02404140,-0.25335340,1.76080152,-0.04333276,-0.78558699,0,0,0,0,0
618,128541,0.20862174,0.03237755,-0.26141654,1.75088220,-0.04529535,-0.86982910,0,0,0,0,0
619,128750,0.19895336,0.09746931,-0.27418346,1.74830785,-0.03806037,-0.95554006,0,0,0,0,0
620,128958,0.19590526,0.15455625,-0.27862221,1.71252283,-0.03227337,-1.04844278,0,0,0,0,0
621,129166,0.18217067,0.20625881,-0.29520233,1.71689366,-0.02168311,-1.11236959,0,0,0,0,0
622,129374,0.16452175,0.27244236,-0.29018183,1.67256849,-0.03335693,-1.18614035,0,0,0,0,0
623,129583,0.15559518,0.34056478,-0.29461429,1.63509623,-0.01007367,-1.27628780,0,0,0,0,0
624,129791,0.14502973,0.38126094,-0.29740040,1.58551628,-0.01234674,-1.33784818,0,0,0,0,0
625,130000,0.13773102,0.42859552,-0.29706966,1.54026175,-0.00348823,-1.40183800,1,0,1,0,0
626,130208,0.11790082,0.48611700,-0.30106680,1.47613084,-0.01174663,-1.43757576,1,0,1,0,0
627,130416,0.10289279,0.53660569,-0.29278858,1.40095379,-0.01185061,-1.49175966,1,0,1,0,0
628,130624,0.09352176,0.59189606,-0.29477345,1.33858827,0.01868234,-1.53419965,1,0,1,0,0
629,130833,0.07709533,0.62661592,-0.30171730,1.27788296,0.02883227,-1.55966462,1,0,1,0,0
630,131041,0.06016725,0.66525338,-0.28360549,1.19451300,0.02404822,-1.58184220,1,0,1,0,0
631,131250,0.03940554,0.71770089,-0.28198603,1.09750757,0.03327958,-1.61483263,1,0,1,0,0
632,131458,0.02670556,0.74485131,-0.26791765,0.99486614,0.01740743,-1.63555041,1,0,1,0,0
633,131666,0.00809260,0.77560030,-0.26418878,0.91485550,0.05522419,-1.63665837,1,0,1,0,0
634,131875,-0.00179979,0.80236522,-0.23907896,0.82819135,0.04831113,-1.63078333,1,0,1,0,0
635,132083,-0.02202885,0.84243345,-0.24389348,0.70949977,0.05472831,-1.61802624,1,0,1,0,0
636,132291,-0.03983945,0.86169829,-0.23008955,0.61230076,0.05416001,-1.61399601,1,0,1,0,0
637,132500,-0.05574871,0.86989471,-0.21732264,0.48478484,0.05652309,-1.58733399,1,0,1,0,0
638,132708,-0.07238942,0.89393799,-0.20497902,0.40121084,0.06060965,-1.57029962,1,0,1,0,0
639,132916,-0.08567086,0.91485629,-0.19068403,0.28029083,0.05456032,-1.52837548,1,0,1,0,0
640,133125,-0.11585643,0.91556560,-0.16970337,0.18524577,0.06657851,-1.48080142,1,0,1,0,0
641,133333,-0.12027000,0.91454079,-0.15465457,0.06776121,0.07735373,-1.43824769,1,0,1,0,0
642,133541,-0.13465745,0.92397263,-0.14367713,-0.06688758,0.06487194,-1.38412787,1,0,1,0,0
643,133750,-0.14444357,0.92143385,-0.12322664,-0.16854167,0.06900255,-1.31218349,1,0,1,0,0
644,133958,-0.15194510,0.90149677,-0.10286412,-0.27802623,0.08255343,-1.25189473,1,0,1,0,0
645,134166,-0.16554642,0.89918522,-0.09033197,-0.39540814,0.08864622,-1.17915030,1,0,1,0,0
646,134375,-0.18180573,0.88369442,-0.06439822,-0.52168646,0.08897757,-1.10112467,1,0,1,0,0
647,134583,-0.19304431,0.85578722,-0.04811244,-0.65199673,0.09559624,-1.04818255,1,0,1,0,0
648,134791,-0.19939207,0.82979623,-0.03905024,-0.69792020,0.06411392,-0.97520061,1,0,1,0,0
649,135000,-0.21659778,0.81030772,-0.02138306,-0.82980381,0.09224038,-0.85366142,1,0,1,0,0
650,135208,-0.22170578,0.78427947,0.00817160,-0.91499033,0.08543160,-0.77945002,1,0,1,0,0
651,135416,-0.23240508,0.74549107,0.02775961,-1.01264685,0.08893294,-0.67188814,1,0,1,0,0
652,135625,-0.23788700,0.71503272,0.04809632,-1.11534493,0.06757026,-0.57756584,1,0,1,0,0
653,135833,-0.23690696,0.66945024,0.08029781,-1.19269954,0.08419567,-0.47985898,1,0,1,0,0
654,136041,-0.23187208,0.63139833,0.08663044,-1.27197978,0.07269484,-0.38513702,1,0,1,0,0
655,136250,-0.24116292,0.57881342,0.10130146,-1.34968099,0.08684164,-0.26512574,1,0,1,0,0
656,136458,-0.25214605,0.53721264,0.11912985,-1.43792494,0.08742399,-0.14870757,1,0,1,0,0
657,136666,-0.24855502,0.48111920,0.14527195,-1.48860541,0.07238722,-0.04683618,1,0,1,0,0
658,136875,-0.25057534,0.43560296,0.15764934,-1.55900117,0.06343374,0.02938235,1,0,1,0,0
659,137083,-0.24558520,0.37720202,0.17471956,-1.59891545,0.07121370,0.15628737,1,0,1,0,0
660,137291,-0.25059633,0.30886498,0.18625180,-1.63457723,0.05920422,0.26000963,1,0,1,0,0
661,137500,-0.23369020,0.25861339,0.20502870,-1.68351618,0.06803724,0.36240327,1,0,1,0,0
662,137708,-0.22541838,0.20288341,0.21453452,-1.70809746,0.05758799,0.47647605,1,0,1,0,0
663,137916,-0.23629480,0.14196037,0.22078777,-1.73091257,0.05986713,0.58765809,1,0,1,0,0
664,138125,-0.23260217,0.08716510,0.24764253,-1.73356932,0.05585283,0.65849343,1,0,1,0,0
665,138333,-0.21520932,0.02281302,0.25597301,-1.76426346,0.03932731,0.77133896,1,0,1,0,0
666,138541,-0.20903885,-0.03560886,0.26759551,-1.75656129,0.05399886,0.87139896,1,0,1,0,0
667,138750,-0.20558075,-0.08755543,0.27095477,-1.74772935,0.03415388,0.96274251,1,0,1,0,0
668,138958,-0.18973179,-0.15581658,0.28204176,-1.74436913,0.03431826,1.02969159,1,0,1,0,0
669,139166,-0.18766905,-0.22766142,0.30251999,-1.70781230,0.02345785,1.09431788,1,0,1,0,0
670,139375,-0.16829693,-0.27139223,0.28192958,-1.68219917,0.01776663,1.19736516,1,0,1,0,0
671,139583,-0.16123978,-0.32513748,0.29326386,-1.65240179,0.01858676,1.24891850,1,0,1,0,0
672,139791,-0.13658104,-0.38238646,0.29756079,-1.57505515,-0.00630621,1.32183011,1,0,1,0,0
673,140000,-0.12662483,-0.44012135,0.30185945,-1.53971617,-0.01418257,1.38551394,1,0,1,1,0
674,140208,-0.12570524,-0.48973797,0.30421812,-1.46366481,0.00249025,1.44653105,1,0,1,1,0
675,140416,-0.10614696,-0.54196672,0.28969213,-1.41230973,-0.00787850,1.47883039,1,0,1,1,0
676,140625,-0.08518077,-0.58825778,0.29229153,-1.35580036,0.01380511,1.52135721,1,0,1,1,0
677,140833,-0.07545401,-0.63634282,0.29083349,-1.27892877,-0.02726667,1.56415573,1,0,1,1,0
678,141041,-0.06566766,-0.68017869,0.28527674,-1.18853399,-0.03910232,1.61160448,1,0,1,1,0
679,141250,-0.04331284,-0.71172523,0.27931822,-1.12040434,-0.02897431,1.61002382,1,0,1,1,0
680,141458,-0.02504797,-0.74987914,0.26746505,-1.00492459,-0.04142523,1.61421701,1,0,1,1,0
681,141666,-0.00350625,-0.78407432,0.27090922,-0.91304936,-0.03343205,1.61604974,1,0,1,1,0
682,141875,0.00613127,-0.81293908,0.25068891,-0.81653889,-0.04792891,1.62591372,1,0,1,1,0
683,142083,0.02276829,-0.83346451,0.24309879,-0.72819784,-0.04785316,1.61968285,1,0,1,1,0
684,142291,0.03907758,-0.86601605,0.22556698,-0.61802540,-0.07140981,1.59134586,1,0,1,1,0
685,142500,0.07009075,-0.87379240,0.21578354,-0.51532394,-0.06133775,1.59461737,1,0,1,1,0
686,142708,0.06913720,-0.89915961,0.20461838,-0.39115379,-0.06412497,1.55231076,1,0,1,1,0
687,142916,0.09381870,-0.90052132,0.19328933,-0.27510274,-0.07030123,1.51517137,1,0,1,1,0
688,143125,0.10116003,-0.91544122,0.17442336,-0.16213568,-0.05978310,1.48033926,1,0,1,1,0
689,143333,0.11935307,-0.91147291,0.15637523,-0.04203787,-0.07630305,1.42815677,1,0,1,1,0
690,143541,0.12891637,-0.91808551,0.13078966,0.04553677,-0.07596775,1.37033536,1,0,1,1,0
691,143750,0.14895234,-0.91413652,0.13225953,0.17919780,-0.07869320,1.30760158,1,0,1,1,0
692,143958,0.17192851,-0.90350621,0.11475445,0.29434370,-0.06920749,1.25964836,1,0,1,1,0
693,144166,0.18230657,-0.89829510,0.08593053,0.41129217,-0.07569334,1.15985275,1,0,1,1,0
694,144375,0.17812612,-0.88074399,0.07347415,0.52709452,-0.06694805,1.11318142,1,0,1,1,0
695,144583,0.18789615,-0.86081814,0.05394775,0.62889814,-0.08161436,1.02331030,1,0,1,1,0
696,144791,0.20776453,-0.83504714,0.02748803,0.74122535,-0.07811071,0.93915729,1,0,1,1,0
697,145000,0.21360938,-0.80068686,0.01187350,0.82939717,-0.10141483,0.87158661,1,0,1,1,0
698,145208,0.22106111,-0.78424028,-0.01355935,0.91889617,-0.09245431,0.77828603,1,0,1,1,0
699,145416,0.22387048,-0.75721699,-0.02263353,1.03667728,-0.08605496,0.66540268,1,0,1,1,0
700,145625,0.23235734,-0.71062800,-0.04927260,1.11777644,-0.10696259,0.56118506,1,0,1,1,0
701,145833,0.23643636,-0.67429144,-0.06445776,1.20613965,-0.08608994,0.48304681,1,0,1,1,0
702,146041,0.24373572,-0.63410058,-0.07904569,1.26659817,-0.06739834,0.35187771,1,0,1,1,0
703,146250,0.24786277,-0.58920083,-0.10392677,1.34318666,-0.06925884,0.26315395,1,0,1,1,0
704,146458,0.24431286,-0.54473265,-0.12780792,1.43925402,-0.05905399,0.16005613,1,0,1,1,0
705,146666,0.24318104,-0.48940524,-0.14128856,1.48349000,-0.07054312,0.07082379,1,0,1,1,0
706,146875,0.25510855,-0.42598672,-0.15590772,1.55585357,-0.08289475,-0.06074101,1,0,1,1,0
707,147083,0.23781635,-0.38066635,-0.17627355,1.57978644,-0.06118564,-0.16442405,1,0,1,1,0
708,147291,0.24565956,-0.31690271,-0.18721433,1.63018876,-0.06097354,-0.27153048,1,0,1,1,0
709,147500,0.25042926,-0.25672889,-0.20697066,1.68097555,-0.08629715,-0.37184430,1,0,1,1,0
710,147708,0.24329847,-0.19938080,-0.22204332,1.69638636,-0.06507633,-0.47111093,1,0,1,1,0
711,147916,0.23392323,-0.15137119,-0.22788455,1.72828883,-0.05353588,-0.57219280,1,0,1,1,0
712,148125,0.22615474,-0.08506483,-0.24996311,1.73976218,-0.04140461,-0.68114195,1,0,1,1,0
713,148333,0.22874544,-0.02147719,-0.24730080,1.75666144,-0.03150186,-0.78480556,1,0,1,1,0
714,148541,0.20942853,0.04057370,-0.26953963,1.74525733,-0.04758730,-0.87383797,1,0,1,1,0
715,148750,0.20264789,0.09871840,-0.26915629,1.73634523,-0.01402250,-0.94546791,1,0,1,1,0
716,148958,0.19459285,0.15180592,-0.28130410,1.74944235,-0.02984954,-1.06080305,1,0,1,1,0
717,149166,0.18590708,0.21921447,-0.29283151,1.70163281,-0.02983535,-1.13941139,1,0,1,1,0
718,149375,0.16574306,0.26689210,-0.29633525,1.68467880,-0.01493947,-1.18068667,1,0,1,1,0
719,149583,0.15560168,0.32709533,-0.29409927,1.65803283,-0.02175506,-1.27078279,1,0,1,1,0
720,149791,0.15590586,0.38553860,-0.30438913,1.59327261,-0.00049861,-1.33137940,1,0,1,1,0
721,150000,0.13253590,0.44651079,-0.30342476,1.52698170,0.00060514,-1.35960391,1,0,1,1,0
722,150208,0.12237107,0.48537856,-0.30196488,1.48299372,0.01823718,-1.43770539,1,0,1,1,0
723,150416,0.09854527,0.53892452,-0.30094035,1.40892306,0.00688730,-1.48524290,1,0,1,1,0
724,150625,0.08498185,0.59197316,-0.29756780,1.34156859,0.00042508,-1.52620950,1,0,1,1,0
725,150833,0.07399131,0.63415732,-0.28920943,1.28700571,0.00355636,-1.57361014,1,0,1,1,0
726,151041,0.05709449,0.67555882,-0.28880483,1.19921126,0.01824995,-1.58126656,1,0,1,1,0
727,151250,0.04831896,0.72431538,-0.29071564,1.11896584,0.03948653,-1.60582278,1,0,1,1,0
728,151458,0.03269541,0.74669279,-0.27132993,1.02090321,0.02495184,-1.61278082,1,0,1,1,0
729,151666,0.01314277,0.78445230,-0.26329876,0.92104666,0.04277297,-1.62196022,1,0,1,1,0
730,151875,-0.01676915,0.81432207,-0.25024305,0.84315829,0.04038482,-1.62643013,1,0,1,1,0
731,152083,-0.02329222,0.84217524,-0.24853847,0.70521382,0.05524133,-1.64032234,1,0,1,1,0
732,152291,-0.04187715,0.86377562,-0.22665460,0.61983785,0.04813186,-1.61324477,1,0,1,1,0
733,152500,-0.06668563,0.88184411,-0.22025088,0.50887385,0.05800957,-1.58585455,1,0,1,1,0
734,152708,-0.07773415,0.89034334,-0.20640884,0.38411069,0.06651151,-1.53178161,1,0,1,1,0
735,152916,-0.10047617,0.90400844,-0.18767341,0.27577964,0.07286963,-1.51998307,1,0,1,1,0
736,153125,-0.10724235,0.91528864,-0.17051586,0.18485671,0.07991279,-1.48552815,1,0,1,1,0
737,153333,-0.11956006,0.91137031,-0.15585336,0.04722579,0.07938275,-1.44294460,1,0,1,1,0
738,153541,-0.13328556,0.92207972,-0.13491493,-0.06162552,0.07638675,-1.35278215,1,0,1,1,0
739,153750,-0.14788538,0.90982124,-0.11821663,-0.15622881,0.05404033,-1.30960853,1,0,1,1,0
740,153958,-0.15977462,0.91160365,-0.10563905,-0.28982639,0.08158646,-1.27153959,1,0,1,1,0
741,154166,-0.18177425,0.89444330,-0.07952523,-0.40359212,0.08417886,-1.18125229,1,0,1,1,0
742,154375,-0.18382754,0.87511875,-0.07484238,-0.51476598,0.08333886,-1.11514628,1,0,1,1,0
743,154583,-0.19948581,0.86700856,-0.04896988,-0.62320474,0.07760540,-1.04074840,1,0,1,1,0
744,154791,-0.20565403,0.83942833,-0.02992975,-0.72909296,0.08405662,-0.93325433,1,0,1,1,0
745,155000,-0.20491471,0.80874472,-0.01212020,-0.82440560,0.09887662,-0.85520073,1,0,1,1,0
746,155208,-0.22407532,0.77914576,0.01282724,-0.91944507,0.08986364,-0.76211175,1,0,1,1,0
747,155416,-0.22368699,0.75809965,0.03303035,-1.03432086,0.08223697,-0.67569839,1,0,1,1,0
748,155625,-0.23931538,0.70971090,0.05496536,-1.11835591,0.07995619,-0.56060692,1,0,1,1,0
749,155833,-0.24267510,0.66619490,0.06676248,-1.18737779,0.07731115,-0.46429156,1,0,1,1,0
750,156041,-0.24591407,0.61918759,0.07934129,-1.29076144,0.07239350,-0.36657560,1,0,1,1,0
751,156250,-0.24494784,0.58694012,0.11174371,-1.35174942,0.07414832,-0.23493169,1,0,1,1,0
752,156458,-0.24741518,0.54194797,0.12879222,-1.43258098,0.07256561,-0.14187198,1,0,1,1,0
753,156666,-0.24928484,0.48348781,0.14704226,-1.48112692,0.08877396,-0.04167589,1,0,1,1,0
754,156875,-0.24746277,0.44021231,0.15644308,-1.53636556,0.06095637,0.07023995,1,0,1,1,0
755,157083,-0.25013455,0.37732950,0.17002072,-1.59443714,0.07947705,0.17575329,1,0,1,1,0
756,157291,-0.24818920,0.31922950,0.19824901,-1.63943881,0.05943576,0.26566430,1,0,1,1,0
757,157500,-0.24191831,0.26457894,0.20113885,-1.66720553,0.06911219,0.37997085,1,0,1,1,0
758,157708,-0.23769853,0.20940983,0.22458394,-1.69302536,0.04237690,0.46534400,1,0,1,1,0
759,157916,-0.22517412,0.14606735,0.23928222,-1.74307375,0.05364413,0.58015700,1,0,1,1,0
760,158125,-0.22126824,0.07951471,0.24457210,-1.75256665,0.03406357,0.67873909,1,0,1,1,0
761,158333,-0.21736620,0.02591202,0.26070059,-1.74130910,0.05916463,0.76544967,1,0,1,1,0
762,158541,-0.20773236,-0.03039956,0.26202981,-1.77303715,0.02963068,0.87112756,1,0,1,1,0
763,158750,-0.19896143,-0.09752496,0.27053211,-1.75290768,0.04570945,0.95693130,1,0,1,1,0
764,158958,-0.18967585,-0.15491551,0.27858439,-1.72453610,0.04181090,1.04328242,1,0,1,1,0
765,159166,-0.18268611,-0.21192291,0.29496266,-1.68810591,0.02481897,1.11978077,1,0,1,1,0
766,159375,-0.17371728,-0.27311948,0.28992100,-1.68119263,0.01068954,1.18993790,1,0,1,1,0
767,159583,-0.16765115,-0.33253795,0.29315478,-1.63080434,0.02502128,1.25534805,1,0,1,1,0
768,159791,-0.15555707,-0.38004442,0.30547976,-1.58321843,-0.01198288,1.32291023,1,0,1,1,0
769,160000,-0.13487977,-0.43169556,0.30454196,-1.54217764,0.00141238,1.38205005,1,0,1,1,0
770,160208,-0.11560268,-0.47969690,0.28894691,-1.47189563,-0.00005558,1.43654050,1,0,1,1,0
771,160416,-0.10502938,-0.54104974,0.30532185,-1.43653471,-0.01873143,1.47678293,1,0,1,1,0
772,160625,-0.09590226,-0.58216623,0.30387487,-1.35098413,0.00465375,1.51772410,1,0,1,1,0
773,160833,-0.06585153,-0.63231269,0.29830632,-1.26456080,-0.02226880,1.54443444,1,0,1,1,0
774,161041,-0.05693819,-0.67257751,0.29012219,-1.18233354,-0.01987277,1.58625335,1,0,1,1,0
775,161250,-0.03861321,-0.71287595,0.27714818,-1.12072573,-0.01739757,1.60730606,1,0,1,1,0
776,161458,-0.02292180,-0.74276053,0.26986830,-1.00654979,-0.04245223,1.61889977,1,0,1,1,0
777,161666,-0.01446749,-0.77862378,0.26555492,-0.91652600,-0.03552653,1.61750684,1,0,1,1,0
778,161875,0.00584741,-0.80456173,0.25797672,-0.81790975,-0.03115344,1.63676566,1,0,1,1,0
779,162083,0.02589481,-0.84817740,0.25205943,-0.71852947,-0.05948658,1.61296440,1,0,1,1,0
780,162291,0.04448881,-0.85663835,0.22422410,-0.60778746,-0.04557724,1.60744721,1,0,1,1,0
781,162500,0.05227807,-0.88638505,0.21968404,-0.51276043,-0.05154181,1.59162336,1,0,1,1,0
782,162708,0.07415380,-0.88879889,0.19710959,-0.40113070,-0.05499214,1.56899741,1,0,1,1,0
783,162916,0.08284820,-0.89521546,0.18649310,-0.27419142,-0.06822045,1.51535347,1,0,1,1,0
784,163125,0.10321487,-0.91899389,0.17839049,-0.17317171,-0.08409486,1.46891784,1,0,1,1,0
785,163333,0.11858909,-0.92000396,0.15858437,-0.04257967,-0.07760262,1.42671327,1,0,1,1,0
786,163541,0.12969594,-0.93134817,0.14756788,0.07152342,-0.08340147,1.38924920,1,0,1,1,0
787,163750,0.14930129,-0.90820564,0.11532908,0.19270353,-0.08500825,1.33376417,1,0,1,1,0
788,163958,0.16710860,-0.91159685,0.10465918,0.27721180,-0.07403335,1.25608108,1,0,1,1,0
789,164166,0.18569429,-0.88827564,0.07947324,0.39306982,-0.07447807,1.19327202,1,0,1,1,0
790,164375,0.19456712,-0.87963811,0.07738866,0.53606138,-0.07820264,1.10778228,1,0,1,1,0
791,164583,0.19591912,-0.86371338,0.04141992,0.63029670,-0.08782085,1.03066752,1,0,1,1,0
792,164791,0.20312699,-0.84369871,0.03322849,0.73304358,-0.07706567,0.94277270,1,0,1,1,0
793,165000,0.20953175,-0.81456367,0.00379302,0.82833653,-0.07573238,0.87291534,1,0,1,1,0
794,165208,0.22434168,-0.78374101,-0.01360169,0.92788796,-0.08718170,0.76997347,1,0,1,1,0
795,165416,0.22956041,-0.76200149,-0.02663236,1.02909011,-0.06679832,0.67206312,1,0,1,1,0
796,165625,0.22802746,-0.71241388,-0.05217106,1.12407142,-0.07154366,0.57114520,1,0,1,1,0
797,165833,0.24450882,-0.67536944,-0.06485716,1.21169403,-0.08300653,0.47407241,1,0,1,1,0
798,166041,0.24133811,-0.63088474,-0.08445333,1.27434799,-0.06897025,0.36302908,1,0,1,1,0
799,166250,0.24031367,-0.58831150,-0.10084969,1.36180673,-0.08133207,0.25784316,1,0,1,1,0
800,166458,0.24203510,-0.53421751,-0.11337614,1.41627590,-0.05596409,0.15726954,1,0,1,1,0
801,166666,0.25032000,-0.50208758,-0.14241316,1.49640987,-0.07863958,0.03772231,1,0,1,1,0
802,166875,0.24738518,-0.43026922,-0.14679163,1.55689295,-0.08883914,-0.05771303,1,0,1,1,0
803,167083,0.24155176,-0.38077725,-0.18283151,1.61298683,-0.05955325,-0.15847713,1,0,1,1,0
804,167291,0.24143288,-0.32594541,-0.20127017,1.64350782,-0.06892400,-0.27067215,1,0,1,1,0
805,167500,0.24413252,-0.26747178,-0.20850148,1.66585928,-0.07108293,-0.36696386,1,0,1,1,0
806,167708,0.23940346,-0.21214441,-0.22143960,1.70158198,-0.04979538,-0.46743042,1,0,1,1,0
807,167916,0.23219736,-0.14795583,-0.23208268,1.72454403,-0.06472629,-0.58276958,1,0,1,1,0
808,168125,0.23377996,-0.08653845,-0.24300022,1.74764920,-0.05368307,-0.66524091,1,0,1,1,0
809,168333,0.21644386,-0.01979779,-0.26305090,1.73810724,-0.04659516,-0.78121313,1,0,1,1,0
810,168541,0.20717772,0.04142233,-0.26129624,1.75625243,-0.02901918,-0.85440576,1,0,1,1,0
811,168750,0.20452245,0.09443534,-0.27438789,1.73800797,-0.03053143,-0.96658035,1,0,1,1,0
812,168958,0.20164910,0.15066701,-0.27027743,1.70942171,-0.03498538,-1.03911190,1,0,1,1,0
813,169166,0.17742837,0.21218701,-0.29247494,1.69504399,-0.01806981,-1.12050690,1,0,1,1,0
814,169375,0.16347627,0.26929512,-0.28942627,1.67829425,-0.02115506,-1.18536305,1,0,1,1,0
815,169583,0.16548974,0.32570816,-0.29163364,1.63897518,0.00177869,-1.26112031,1,0,1,1,0
816,169791,0.15442051,0.38006693,-0.30575740,1.59546278,-0.00986126,-1.32910777,1,0,1,1,0
817,170000,0.13019731,0.43547017,-0.30454545,1.52205527,-0.00477619,-1.39087533,1,0,1,1,0
818,170208,0.12148452,0.48698193,-0.29144079,1.48348139,0.00681451,-1.43746505,1,0,1,1,0
819,170416,0.10193222,0.53281194,-0.30096697,1.40684213,0.02911784,-1.49119070,1,0,1,1,0
820,170625,0.08624932,0.58430497,-0.29693239,1.33711412,0.00246154,-1.53397388,1,0,1,1,0
821,170833,0.07656411,0.63542572,-0.29284865,1.29394642,0.01326462,-1.56706295,1,0,1,1,0
822,171041,0.05737730,0.68223351,-0.27013390,1.20230185,0.01934226,-1.60143129,1,0,1,1,0
823,171250,0.04489596,0.71376573,-0.26953851,1.11947699,0.02939908,-1.61210095,1,0,1,1,0
824,171458,0.02957934,0.74932438,-0.27365980,1.01711768,0.01303339,-1.60976969,1,0,1,1,0
825,171666,0.00849859,0.79095617,-0.26163834,0.92534576,0.03459342,-1.61915658,1,0,1,1,0
826,171875,-0.00920664,0.80844654,-0.24456640,0.81973960,0.03933294,-1.60938744,1,0,1,1,0
827,172083,-0.02290668,0.83578615,-0.25113123,0.71686987,0.03773572,-1.61350995,1,0,1,1,0
828,172291,-0.02759806,0.86164591,-0.23250120,0.60260603,0.05342121,-1.62294991,1,0,1,1,0
829,172500,-0.05467910,0.88333379,-0.21924289,0.49278669,0.05971921,-1.58076134,1,0,1,1,0
830,172708,-0.07171095,0.89542971,-0.19725027,0.38429564,0.05457182,-1.56346931,1,0,1,1,0
831,172916,-0.08763767,0.90701638,-0.19565350,0.28510820,0.05512273,-1.51266643,1,0,1,1,0
832,173125,-0.10228403,0.90454321,-0.18195959,0.16281352,0.07655255,-1.49861241,1,0,1,1,0
833,173333,-0.11706745,0.90705962,-0.15042482,0.05749421,0.05972804,-1.45419999,1,0,1,1,0
834,173541,-0.13330898,0.91821145,-0.14765048,-0.05317670,0.07478654,-1.38758279,1,0,1,1,0
835,173750,-0.15434781,0.91392629,-0.12335643,-0.15482660,0.07890577,-1.31526488,1,0,1,1,0
836,173958,-0.15497599,0.90640928,-0.10347231,-0.29859638,0.08012490,-1.25998172,1,0,1,1,0
837,174166,-0.18098497,0.88505704,-0.09046507,-0.41193707,0.08537297,-1.19097376,1,0,1,1,0
838,174375,-0.17582853,0.88143397,-0.07049664,-0.51642273,0.06863842,-1.11467284,1,0,1,1,0
839,174583,-0.19969305,0.85630198,-0.04815690,-0.61237913,0.07484459,-1.02834868,1,0,1,1,0
840,174791,-0.19875333,0.83680418,-0.02489779,-0.74311680,0.08671086,-0.94636885,1,0,1,1,0
841,175000,-0.21541726,0.81330440,-0.00430927,-0.83133963,0.08448512,-0.86054343,1,0,1,1,0
842,175208,-0.22005367,0.77994882,0.00742830,-0.94672281,0.09778566,-0.78376480,1,0,1,1,0
843,175416,-0.22570469,0.74294976,0.03081818,-1.03700576,0.08778484,-0.66288893,1,0,1,1,0
844,175625,-0.23694007,0.71056560,0.04627163,-1.12568009,0.07254860,-0.56354891,1,0,1,1,0
845,175833,-0.24031561,0.67662432,0.06284063,-1.19379812,0.07853080,-0.47849059,1,0,1,1,0
846,176041,-0.24902231,0.63376735,0.07542288,-1.26018479,0.09728697,-0.36655894,1,0,1,1,0
847,176250,-0.24535016,0.58468153,0.09829041,-1.36548676,0.06198548,-0.27531393,1,0,1,1,0
848,176458,-0.24429586,0.53908496,0.12762661,-1.42835623,0.06496482,-0.15598268,1,0,1,1,0
849,176666,-0.24535607,0.49160251,0.14626001,-1.47176521,0.08413545,-0.06114939,1,0,1,1,0
850,176875,-0.25675234,0.43632969,0.16681546,-1.54162939,0.07065109,0.04883536,1,0,1,1,0
851,177083,-0.24603242,0.37814813,0.17261138,-1.59032819,0.06294153,0.15888833,1,0,1,1,0
852,177291,-0.24300357,0.32476033,0.19541587,-1.63596357,0.07941333,0.27313128,1,0,1,1,0
853,177500,-0.25602028,0.25980154,0.21199742,-1.66632429,0.07907622,0.38048141,1,0,1,1,0
854,177708,-0.22564283,0.20645619,0.21478155,-1.72323323,0.05067022,0.47514540,1,0,1,1,0
855,177916,-0.23359387,0.14484661,0.23113864,-1.71335919,0.03400400,0.57403737,1,0,1,1,0
856,178125,-0.23057761,0.07749023,0.24039274,-1.73558989,0.04101060,0.64979147,1,0,1,1,0
857,178333,-0.21833480,0.01707233,0.25838390,-1.73596185,0.03591367,0.76905543,1,0,1,1,0
858,178541,-0.21307651,-0.03562812,0.27208394,-1.74499850,0.03070587,0.87244702,1,0,1,1,0
859,178750,-0.19994751,-0.09388224,0.28024558,-1.73206957,0.03144681,0.95094292,1,0,1,1,0
860,178958,-0.19164582,-0.14981613,0.28695592,-1.71850825,0.01493228,1.02524791,1,0,1,1,0
861,179166,-0.18576920,-0.21775916,0.28973963,-1.68937022,0.03117743,1.12607500,1,0,1,1,0
862,179375,-0.16632429,-0.27529051,0.29223576,-1.66677349,0.00799149,1.17867409,1,0,1,1,0
863,179583,-0.15581780,-0.33145358,0.28970462,-1.64940821,-0.00203439,1.26437025,1,0,1,1,0
864,179791,-0.13791017,-0.38794636,0.30627796,-1.58898926,0.00779447,1.33822961,1,0,1,1,0
865,180000,-0.12934949,-0.43288009,0.30124148,-1.53371139,0.00128168,1.37745649,1,0,1,1,0
866,180208,-0.10859449,-0.48711718,0.30171565,-1.48737276,0.01325493,1.44730970,1,0,1,1,0
867,180416,-0.11203737,-0.53303004,0.29359798,-1.42697558,-0.00774326,1.46719690,1,0,1,1,0
868,180625,-0.08717965,-0.58200514,0.30544287,-1.35849303,-0.02070204,1.51517429,1,0,1,1,0
869,180833,-0.07804479,-0.62719167,0.28755589,-1.27185323,-0.01931303,1.57005591,1,0,1,1,0
870,181041,-0.05460982,-0.66833033,0.29510556,-1.18400408,-0.02156936,1.57773490,1,0,1,1,0
871,181250,-0.03812920,-0.71393184,0.27635653,-1.11187784,-0.03416729,1.59282695,1,0,1,1,0
872,181458,-0.03084099,-0.74308492,0.27193028,-1.02694287,-0.04167281,1.62073194,1,0,1,1,0
873,181666,-0.01093143,-0.78234775,0.26617378,-0.91661328,-0.03376485,1.63041181,1,0,1,1,0
874,181875,0.01551595,-0.80029196,0.25611968,-0.83180775,-0.06506200,1.61787112,1,0,1,1,0
875,182083,0.02105087,-0.84204829,0.24947317,-0.70676613,-0.04142323,1.63164776,1,0,1,1,0
876,182291,0.03841721,-0.86325981,0.22932756,-0.61005161,-0.06082840,1.59847569,1,0,1,1,0
877,182500,0.06186842,-0.87957316,0.22966505,-0.50452470,-0.06003359,1.60161254,1,0,1,1,0
878,182708,0.07576942,-0.89050417,0.20728450,-0.38632087,-0.05352576,1.57056762,1,0,1,1,0
879,182916,0.08927911,-0.89807428,0.18828446,-0.27931816,-0.05802909,1.54127603,1,0,1,1,0
880,183125,0.10772664,-0.93140625,0.17884704,-0.15958180,-0.07622439,1.48059208,1,0,1,1,0
881,183333,0.12343047,-0.91922315,0.15510794,-0.04921129,-0.07411641,1.39628280,1,0,1,1,0
882,183541,0.14082346,-0.92284191,0.14008585,0.05041861,-0.04966147,1.40312383,1,0,1,1,0
883,183750,0.15484598,-0.90292949,0.12074155,0.18233635,-0.07706254,1.32818408,1,0,1,1,0
884,183958,0.15650521,-0.90863495,0.11031309,0.28680803,-0.06814111,1.26493898,1,0,1,1,0
885,184166,0.17759107,-0.89628410,0.07907742,0.39784996,-0.08113817,1.18827443,1,0,1,1,0
886,184375,0.18896858,-0.87253110,0.06517802,0.50836493,-0.08018545,1.11869054,1,0,1,1,0
887,184583,0.18459485,-0.85504384,0.04815528,0.61447495,-0.09676168,1.03961006,1,0,1,1,0
888,184791,0.19192896,-0.83453426,0.02863595,0.72913558,-0.10385101,0.94123954,1,0,1,1,0
889,185000,0.20574485,-0.80957358,0.00198075,0.83071337,-0.08426169,0.86455138,1,0,1,1,0
890,185208,0.21846451,-0.78378196,-0.01387524,0.92879302,-0.11027836,0.75832905,1,0,1,1,0
891,185416,0.22709655,-0.75090604,-0.02736055,1.01090900,-0.09581982,0.67102782,1,0,1,1,0
892,185625,0.23553031,-0.71782523,-0.05511448,1.09774234,-0.07805692,0.58617324,1,0,1,1,0
893,185833,0.24146759,-0.67031711,-0.06506567,1.19311859,-0.08947020,0.47423054,1,0,1,1,0
894,186041,0.24126113,-0.63545503,-0.08236644,1.28464329,-0.08546534,0.35772600,1,0,1,1,0
895,186250,0.24071438,-0.58730822,-0.11052181,1.35458312,-0.08270765,0.26012632,1,0,1,1,0
896,186458,0.23764359,-0.53243258,-0.12186380,1.41839945,-0.09094653,0.15180464,1,0,1,1,0
897,186666,0.25254183,-0.49399170,-0.14245849,1.47341380,-0.07675551,0.04939880,1,0,1,1,0
898,186875,0.24657712,-0.43824277,-0.15646861,1.55833684,-0.07494145,-0.04182403,1,0,1,1,0
899,187083,0.24863497,-0.38188412,-0.16936489,1.58814930,-0.07661672,-0.17701746,1,0,1,1,0
900,187291,0.24778498,-0.31308868,-0.18865217,1.63617800,-0.07603067,-0.28090508,1,0,1,1,0
901,187500,0.24654222,-0.27569834,-0.20484590,1.67877794,-0.06439218,-0.36917970,1,0,1,1,0
902,187708,0.24634985,-0.20254179,-0.21785696,1.69661038,-0.04910371,-0.48673823,1,0,1,1,0
903,187916,0.22926431,-0.14825446,-0.23951364,1.73503464,-0.04721382,-0.57360200,1,0,1,1,0
904,188125,0.22915709,-0.08044012,-0.24104093,1.74857189,-0.05270927,-0.67487010,1,0,1,1,0
905,188333,0.23041847,-0.01947371,-0.25833506,1.74164750,-0.05900826,-0.78451931,1,0,1,1,0
906,188541,0.20459194,0.03639353,-0.26388726,1.76974614,-0.03921845,-0.84849533,1,0,1,1,0
907,188750,0.20282534,0.09302717,-0.26427053,1.73595314,-0.04160486,-0.94443437,1,0,1,1,0
908,188958,0.19417834,0.15749691,-0.27906846,1.71944320,-0.02947684,-1.04088753,1,0,1,1,0
909,189166,0.17917468,0.21012799,-0.29199553,1.69927050,-0.02391955,-1.12559300,1,0,1,1,0
910,189375,0.16552710,0.27037261,-0.29799261,1.64447600,-0.01430994,-1.18873627,1,0,1,1,0
911,189583,0.15967169,0.32722936,-0.29740037,1.63026550,-0.00465440,-1.27272018,1,0,1,1,0
912,189791,0.15137990,0.38344588,-0.30361464,1.58939767,-0.00496364,-1.33105023,1,0,1,1,0
913,190000,0.13636980,0.44660269,-0.30279086,1.52820994,-0.00880021,-1.37642510,1,0,1,1,0
914,190208,0.11337800,0.49491656,-0.30538052,1.48389969,0.01407994,-1.44527168,1,0,1,1,0
915,190416,0.11073941,0.54682089,-0.29813151,1.41489657,0.00118231,-1.47998183,1,0,1,1,0
916,190625,0.08505747,0.59350558,-0.29028586,1.35528251,0.01935560,-1.50730292,1,0,1,1,0
917,190833,0.06943041,0.62954314,-0.29310786,1.28889222,0.02923041,-1.56661672,1,0,1,1,0
918,191041,0.05553011,0.68336885,-0.29303781,1.19226343,0.01201441,-1.59363600,1,0,1,1,0
919,191250,0.04295080,0.70752335,-0.27887273,1.10305559,0.05140117,-1.63026396,1,0,1,1,0
920,191458,0.02505063,0.74905753,-0.27226995,1.01105424,0.03989146,-1.61504484,1,0,1,1,0
921,191666,0.00921630,0.78779427,-0.26351147,0.91016359,0.04985298,-1.63106954,1,0,1,1,0
922,191875,-0.01317187,0.81359230,-0.25007966,0.81589049,0.05092338,-1.60782277,1,0,1,1,0
923,192083,-0.02630681,0.83719424,-0.24280818,0.72632308,0.03281156,-1.61779316,1,0,1,1,0
924,192291,-0.03457718,0.86412848,-0.22286145,0.61940786,0.06477172,-1.60825571,1,0,1,1,0
925,192500,-0.06147789,0.88109939,-0.22330442,0.50080955,0.04984312,-1.58691234,1,0,1,1,0
926,192708,-0.06882659,0.89180975,-0.20642520,0.39810855,0.06570394,-1.56959627,1,0,1,1,0
927,192916,-0.08932939,0.90519222,-0.18394187,0.28153508,0.06673036,-1.52362100,1,0,1,1,0
928,193125,-0.10172501,0.91383986,-0.16767355,0.16691966,0.05386888,-1.47753230,1,0,1,1,0
929,193333,-0.11691679,0.92058309,-0.15768868,0.06165803,0.07425000,-1.44301959,1,0,1,1,0
930,193541,-0.13079774,0.91046887,-0.14559584,-0.06045613,0.07519649,-1.35765924,1,0,1,1,0
931,193750,-0.15070331,0.90703430,-0.12679870,-0.17971356,0.08958225,-1.33553452,1,0,1,1,0
932,193958,-0.16721018,0.91048192,-0.09740672,-0.27648854,0.06423397,-1.26181502,1,0,1,1,0
933,194166,-0.17327611,0.89177019,-0.08466046,-0.39478827,0.07156547,-1.21236137,1,0,1,1,0
934,194375,-0.18328541,0.87985832,-0.06268134,-0.52371124,0.08508802,-1.12256947,1,0,1,1,0
935,194583,-0.18699893,0.85752201,-0.05800930,-0.62922133,0.08713319,-1.01424952,1,0,1,1,0
936,194791,-0.20350880,0.83604444,-0.03290618,-0.72500351,0.09165035,-0.95115289,1,0,1,1,0
937,195000,-0.21648367,0.81385675,-0.00570010,-0.82404296,0.07707612,-0.86527201,1,0,1,1,0
938,195208,-0.23381875,0.77858015,0.01105094,-0.91826194,0.08799761,-0.76028409,1,0,1,1,0
939,195416,-0.23485025,0.75002935,0.03049496,-1.03412952,0.08835859,-0.66603147,1,0,1,1,0
940,195625,-0.23774995,0.71129947,0.04092089,-1.11854067,0.07877007,-0.56686020,1,0,1,1,0
941,195833,-0.24206791,0.67835850,0.06055792,-1.19647357,0.07942268,-0.47827150,1,0,1,1,0
942,196041,-0.24291768,0.63041126,0.07640598,-1.27226350,0.08414980,-0.35723486,1,0,1,1,0
943,196250,-0.24691579,0.58238991,0.10491543,-1.35069138,0.07148782,-0.27705697,1,0,1,1,0
944,196458,-0.25061980,0.53578836,0.12799886,-1.41785565,0.08310033,-0.16527357,1,0,1,1,0
945,196666,-0.25220424,0.49191363,0.14353251,-1.48378777,0.05954497,-0.05738015,1,0,1,1,0
946,196875,-0.25009995,0.43900139,0.16676433,-1.53735866,0.08310789,0.06561013,1,0,1,1,0
947,197083,-0.24992210,0.37867054,0.16857700,-1.60435003,0.06672328,0.16547286,1,0,1,1,0
948,197291,-0.24384715,0.32514975,0.18683648,-1.63618827,0.06921770,0.27377760,1,0,1,1,0
949,197500,-0.24476295,0.26618690,0.20223208,-1.68287456,0.04203975,0.35195600,1,0,1,1,0
950,197708,-0.23571199,0.20811344,0.22740211,-1.71539748,0.05462125,0.47461093,1,0,1,1,0
951,197916,-0.22510834,0.14819622,0.22931556,-1.71664695,0.06723315,0.57436529,1,0,1,1,0
952,198125,-0.22328672,0.08604419,0.24949026,-1.73574648,0.05390782,0.66463447,1,0,1,1,0
953,198333,-0.22152725,0.02631401,0.26061543,-1.75429690,0.03248565,0.78447781,1,0,1,1,0
954,198541,-0.20779737,-0.03681024,0.26698241,-1.75223736,0.04357987,0.86248920,1,0,1,1,0
955,198750,-0.20758683,-0.09638265,0.27646493,-1.74313717,0.03485881,0.94530363,1,0,1,1,0
956,198958,-0.18069364,-0.16021906,0.29284741,-1.73373893,0.03436577,1.02962636,1,0,1,1,0
957,199166,-0.18758427,-0.21374533,0.29135120,-1.71409774,0.02759485,1.11369752,1,0,1,1,0
958,199375,-0.17875583,-0.27911514,0.29430020,-1.67096570,0.02271594,1.17470598,1,0,1,1,0
959,199583,-0.15990240,-0.33050706,0.30249310,-1.63111360,0.02058207,1.28287181,1,0,1,1,0
960,199791,-0.13961660,-0.38602699,0.29683945,-1.60108739,0.00352830,1.33250610,1,0,1,1,0
961,200000,-0.14230453,-0.43797498,0.30344507,-1.54191056,-0.01146805,1.38443304,1,0,1,1,0
962,200208,-0.12204470,-0.49147895,0.29280851,-1.47914823,0.00177824,1.44132159,1,0,1,1,0
963,200416,-0.10409268,-0.54242348,0.30461488,-1.41279182,0.00104936,1.47454865,1,0,1,1,0
964,200625,-0.08939033,-0.58586189,0.29547719,-1.34966167,-0.04258543,1.51697172,1,0,1,1,0
965,200833,-0.08127942,-0.62813645,0.28000198,-1.27600764,-0.02828587,1.57686738,1,0,1,1,0
966,201041,-0.05685637,-0.67701253,0.29448515,-1.19578551,-0.02841265,1.59558190,1,0,1,1,0
967,201250,-0.04040429,-0.71189294,0.27990334,-1.09340318,-0.03149944,1.61505041,1,0,1,1,0
968,201458,-0.02639023,-0.74258268,0.27445376,-1.01870616,-0.04247228,1.62801418,1,0,1,1,0
969,201666,-0.00568257,-0.77758391,0.26585421,-0.91497052,-0.04250612,1.62686603,1,0,1,1,0
970,201875,0.00703477,-0.81066837,0.24185498,-0.82861344,-0.04648535,1.62210554,1,0,1,1,0
971,202083,0.03033051,-0.83362468,0.23987121,-0.71631597,-0.06076160,1.62824814,1,0,1,1,0
972,202291,0.03780618,-0.85917783,0.22803357,-0.60337322,-0.05623979,1.61077585,1,0,1,1,0
973,202500,0.05787519,-0.88099332,0.21335807,-0.51536029,-0.04468782,1.59007093,1,0,1,1,0
974,202708,0.07196671,-0.88865777,0.20092784,-0.39170224,-0.05472498,1.56382686,1,0,1,1,0
975,202916,0.08826665,-0.90142061,0.19626956,-0.27087919,-0.07715446,1.52767744,1,0,1,1,0
976,203125,0.10347421,-0.91054681,0.16996731,-0.15649178,-0.07246759,1.46944629,1,0,1,1,0
977,203333,0.11950915,-0.91678549,0.16220417,-0.06604948,-0.08354765,1.46295304,1,0,1,1,0
978,203541,0.13322541,-0.91891644,0.14272200,0.07035775,-0.06609634,1.37154261,1,0,1,1,0
979,203750,0.13925059,-0.90367122,0.12775924,0.16795341,-0.08604472,1.30690441,1,0,1,1,0
980,203958,0.16062082,-0.90338469,0.10166103,0.28563680,-0.07909730,1.25794066,1,0,1,1,0
981,204166,0.17814554,-0.88867473,0.08460961,0.39783702,-0.07789654,1.18988452,1,0,1,1,0
982,204375,0.18757542,-0.86962756,0.06171380,0.50745657,-0.05900731,1.10625794,1,0,1,1,0
983,204583,0.19346329,-0.85502053,0.04342050,0.61898870,-0.09075428,1.01767271,1,0,1,1,0
984,204791,0.20052062,-0.83477597,0.02841071,0.71960948,-0.08155229,0.92300975,1,0,1,1,0
985,205000,0.21280779,-0.80660038,0.01238339,0.81678076,-0.08007208,0.85455449,1,0,1,1,0
986,205208,0.22781753,-0.78557174,-0.01709178,0.92984806,-0.08787316,0.75188620,1,0,1,1,0
987,205416,0.23379424,-0.74525498,-0.02638204,1.01378901,-0.07505270,0.67727883,1,0,1,1,0
988,205625,0.23626174,-0.71111010,-0.05391200,1.10801825,-0.08328342,0.56020906,1,0,1,1,0
989,205833,0.23835241,-0.67303643,-0.07592655,1.20543214,-0.07549339,0.46793083,1,0,1,1,0
990,206041,0.24053942,-0.62001668,-0.09196450,1.29772324,-0.08252783,0.37760070,1,0,1,1,0
991,206250,0.23798516,-0.59163022,-0.10271088,1.35889222,-0.07111006,0.25849117,1,0,1,1,0
992,206458,0.24461749,-0.53772897,-0.11881966,1.41983017,-0.08287616,0.13858292,1,0,1,1,0
993,206666,0.24687718,-0.48816099,-0.14541017,1.49551428,-0.06985794,0.04609226,1,0,1,1,0
994,206875,0.24158530,-0.44301276,-0.15305648,1.53347936,-0.08705354,-0.06642247,1,0,1,1,0
995,207083,0.24813655,-0.37618156,-0.17463900,1.59838160,-0.08469472,-0.15685544,1,0,1,1,0
996,207291,0.25047966,-0.32632852,-0.19598728,1.62930373,-0.06838954,-0.27481713,1,0,1,1,0
997,207500,0.24925913,-0.26626867,-0.20569220,1.67769797,-0.06602823,-0.37444155,1,0,1,1,0
998,207708,0.24220233,-0.20010430,-0.21583464,1.69110026,-0.07141892,-0.48807052,1,0,1,1,0
999,207916,0.23811605,-0.14941545,-0.23184672,1.75384953,-0.04636646,-0.56566040,1,0,1,1,0
1000,208125,0.22728015,-0.09012375,-0.25536444,1.75111766,-0.05138918,-0.67734422,1,0,1,1,0
1001,208333,0.21073625,-0.02519282,-0.25807556,1.73676450,-0.04275969,-0.76302610,1,0,1,1,0
1002,208541,0.21055861,0.02932380,-0.26844421,1.75228516,-0.03838616,-0.87555119,1,0,1,1,0
1003,208750,0.19042424,0.09769022,-0.27255919,1.73892261,-0.03319389,-0.94858939,1,0,1,1,0
1004,208958,0.18466140,0.15468659,-0.28295466,1.73335467,-0.03472351,-1.05883327,1,0,1,1,0
1005,209166,0.18212306,0.20851888,-0.28315803,1.70599396,-0.02582117,-1.11757628,1,0,1,1,0
1006,209375,0.16180030,0.26848879,-0.29800784,1.66595472,-0.01528999,-1.19864959,1,0,1,1,0
1007,209583,0.16051999,0.32951006,-0.29907421,1.63625687,0.00494842,-1.24919504,1,0,1,1,0
1008,209791,0.14345839,0.38865906,-0.29619052,1.59557384,-0.01896635,-1.34998645,1,0,1,1,0
1009,210000,0.12348379,0.43376396,-0.30275000,1.54497290,0.01189817,-1.38768672,1,0,1,1,0
1010,210208,0.12714766,0.48999583,-0.29142760,1.49316665,-0.01561367,-1.46081263,1,0,1,1,0
1011,210416,0.10542751,0.53430176,-0.29930344,1.42891304,0.00783913,-1.49489224,1,0,1,1,0
1012,210625,0.09502189,0.58015458,-0.29687127,1.36072477,0.01558972,-1.52270026,1,0,1,1,0
1013,210833,0.06291221,0.63310010,-0.29553339,1.27468791,0.01433109,-1.54785137,1,0,1,1,0
1014,211041,0.05524458,0.68279698,-0.28293393,1.20891305,0.04517189,-1.58471352,1,0,1,1,0
1015,211250,0.03138878,0.71091612,-0.28354948,1.09659651,0.03136372,-1.61022997,1,0,1,1,0
1016,211458,0.01732705,0.74117452,-0.27500481,1.01430007,0.03737042,-1.64248888,1,0,1,1,0
1017,211666,-0.00172210,0.78242240,-0.27156709,0.90427745,0.04761049,-1.62871320,1,0,1,1,0
1018,211875,-0.00305415,0.81439092,-0.25478287,0.82187382,0.04882976,-1.62107746,1,0,1,1,0
1019,212083,-0.02221796,0.83858661,-0.24708830,0.71531195,0.04142548,-1.61100337,1,0,1,1,0
1020,212291,-0.04345821,0.85958878,-0.23470127,0.60978340,0.07001128,-1.61771324,1,0,1,1,0
1021,212500,-0.06085076,0.88084800,-0.21890460,0.49682879,0.07079822,-1.58090143,1,0,1,1,0
1022,212708,-0.07601567,0.88530498,-0.19601047,0.40509005,0.07468977,-1.55248945,1,0,1,1,0
1023,212916,-0.08722637,0.90825611,-0.19018150,0.29506050,0.05546360,-1.52342736,1,0,1,1,0
1024,213125,-0.10339160,0.91612009,-0.18173682,0.16508306,0.06627809,-1.48825243,1,0,1,1,0
1025,213333,-0.11994199,0.91609897,-0.15511482,0.06475044,0.06969510,-1.44431706,1,0,1,1,0
1026,213541,-0.12972461,0.91537362,-0.14356595,-0.07895111,0.07207818,-1.38429995,1,0,1,1,0
1027,213750,-0.14628478,0.91748924,-0.11802910,-0.17089598,0.08010766,-1.32194731,1,0,1,1,0
1028,213958,-0.15266638,0.91112132,-0.09614885,-0.28590168,0.08495962,-1.27983963,1,0,1,1,0
1029,214166,-0.16555063,0.89973926,-0.08862815,-0.39262635,0.09395892,-1.17610898,1,0,1,1,0
1030,214375,-0.17707408,0.87438021,-0.06600940,-0.50530442,0.06155124,-1.10269948,1,0,1,1,0
1031,214583,-0.19775180,0.84655598,-0.05443916,-0.61537246,0.08629779,-1.03882162,1,0,1,1,0
1032,214791,-0.20089154,0.84287779,-0.02721799,-0.73076471,0.07615064,-0.95728784,1,0,1,1,0
1033,215000,-0.20858903,0.80673360,-0.01483666,-0.81275258,0.08351862,-0.85562815,1,0,1,1,0
1034,215208,-0.21529142,0.78498598,0.00467856,-0.91942650,0.07890511,-0.76322871,1,0,1,1,0
1035,215416,-0.22743461,0.75433337,0.03382130,-1.03217398,0.08436504,-0.66458862,1,0,1,1,0
1036,215625,-0.22928937,0.71365810,0.04006238,-1.11011156,0.08007080,-0.56998858,1,0,1,1,0
1037,215833,-0.24205529,0.67343752,0.06830484,-1.19346576,0.08498773,-0.46637131,1,0,1,1,0
1038,216041,-0.24680827,0.63768821,0.09061861,-1.29100235,0.06285182,-0.36917788,1,0,1,1,0
1039,216250,-0.24867217,0.58244502,0.11619865,-1.35982167,0.06615953,-0.26377632,1,0,1,1,0
1040,216458,-0.24358196,0.54269648,0.12742150,-1.43728178,0.07157575,-0.15833655,1,0,1,1,0
1041,216666,-0.25314273,0.48819164,0.11840583,-1.48945139,0.07170155,-0.04760043,1,0,1,1,0
1042,216875,-0.24986687,0.43530597,0.15709468,-1.54274918,0.06659698,0.03622002,1,0,1,1,0
1043,217083,-0.25401813,0.38757368,0.17800924,-1.59778726,0.06930506,0.16117280,1,0,1,1,0
1044,217291,-0.23999708,0.32017830,0.19952597,-1.64961111,0.06167304,0.26491160,1,0,1,1,0
1045,217500,-0.23420527,0.25272491,0.21051378,-1.66813717,0.07275179,0.37197913,1,0,1,1,0
1046,217708,-0.24446825,0.20467321,0.22377798,-1.70262375,0.03241602,0.47899208,1,0,1,1,0
1047,217916,-0.22325464,0.14605110,0.24089620,-1.72986807,0.04427447,0.57352405,1,0,1,1,0
1048,218125,-0.22397290,0.08645904,0.25004786,-1.73525905,0.05085715,0.67189102,1,0,1,1,0
1049,218333,-0.21494496,0.02135264,0.25004637,-1.74895808,0.03820085,0.75605371,1,0,1,1,0
1050,218541,-0.21179051,-0.03461328,0.26738459,-1.72749040,0.06575656,0.87442892,1,0,1,1,0
1051,218750,-0.19537081,-0.09258544,0.27162320,-1.74133140,0.03086780,0.94330881,1,0,1,1,0
1052,218958,-0.18842456,-0.15429816,0.27974406,-1.73698416,0.02355933,1.04063844,1,0,1,1,0
1053,219166,-0.17573974,-0.21266843,0.29121022,-1.70576954,0.02453785,1.10526895,1,0,1,1,0
1054,219375,-0.16417480,-0.27792078,0.28918404,-1.68033601,0.00979715,1.20157049,1,0,1,1,0
1055,219583,-0.15623193,-0.32790644,0.29674429,-1.63147235,0.01205086,1.26326175,1,0,1,1,0
1056,219791,-0.14496066,-0.38599819,0.29417679,-1.58982907,-0.00000752,1.32862260,1,0,1,1,0
1057,220000,-0.12661628,-0.43949003,0.29338624,-1.55500497,-0.00335018,1.40925141,1,0,1,1,0
1058,220208,-0.12041521,-0.49174101,0.30240395,-1.47891470,-0.01426549,1.43562685,1,0,1,1,0
1059,220416,-0.10455731,-0.53896454,0.29772683,-1.39672809,-0.00540089,1.47923691,1,0,1,1,0
1060,220625,-0.09571282,-0.59084967,0.29874993,-1.36461964,-0.00331207,1.53421466,1,0,1,1,0
1061,220833,-0.07665770,-0.63687885,0.29479973,-1.26956233,-0.00368260,1.56944230,1,0,1,1,0
1062,221041,-0.05821242,-0.66817758,0.28758955,-1.18530888,-0.01351286,1.58820508,1,0,1,1,0
1063,221250,-0.04620469,-0.70529903,0.28111620,-1.10010067,-0.01984434,1.61201214,1,0,1,1,0
1064,221458,-0.02504282,-0.74982744,0.26610100,-1.00969756,-0.03960769,1.61346083,1,0,1,1,0
1065,221666,-0.00608662,-0.77489994,0.26427071,-0.92325647,-0.04102252,1.63048442,1,0,1,1,0
1066,221875,0.01092855,-0.80894212,0.25590249,-0.83758150,-0.04548107,1.64159908,1,0,1,1,0
1067,222083,0.02523049,-0.84307420,0.24498257,-0.71717053,-0.05616486,1.62421095,1,0,1,1,0
1068,222291,0.04102308,-0.86004383,0.22926773,-0.61516918,-0.04488914,1.61601958,1,0,1,1,0
1069,222500,0.06459122,-0.86966715,0.22488082,-0.50331266,-0.06259144,1.58872143,1,0,1,1,0
1070,222708,0.08069996,-0.89237450,0.20583846,-0.37276494,-0.06272325,1.55277445,1,0,1,1,0
1071,222916,0.08416616,-0.90827723,0.17619157,-0.27221339,-0.06911035,1.52297233,1,0,1,1,0
1072,223125,0.09303550,-0.90846604,0.17223792,-0.16185965,-0.09069255,1.47260471,1,0,1,1,0
1073,223333,0.11755977,-0.92139344,0.15250681,-0.04627799,-0.07814481,1.43219028,1,0,1,1,0
1074,223541,0.13724201,-0.91808232,0.14262084,0.07010735,-0.08050206,1.37630711,1,0,1,1,0
1075,223750,0.14458162,-0.91012272,0.12148712,0.19554202,-0.09048404,1.31331603,1,0,1,1,0
1076,223958,0.15863065,-0.90665458,0.10050034,0.27575215,-0.08601168,1.25669883,1,0,1,1,0
1077,224166,0.16425822,-0.89609860,0.08879781,0.40456352,-0.07527600,1.17230238,1,0,1,1,0
1078,224375,0.19020754,-0.88199699,0.06566315,0.52331395,-0.08810228,1.11239915,1,0,1,1,0
1079,224583,0.18636920,-0.85524179,0.04788121,0.62556000,-0.08308477,1.03184711,1,0,1,1,0
1080,224791,0.20441186,-0.82809560,0.02697442,0.72527388,-0.09595130,0.94747432,1,0,1,1,0
1081,225000,0.21932534,-0.81192031,0.01281453,0.82551168,-0.06079100,0.85717406,1,0,1,1,0
1082,225208,0.21727193,-0.78787704,-0.01778224,0.93479567,-0.08266220,0.76620124,1,0,1,1,0
1083,225416,0.22423229,-0.75191238,-0.02823888,1.02090081,-0.09116493,0.68472294,1,0,1,1,0
1084,225625,0.23239039,-0.70816412,-0.05125961,1.10486651,-0.08483942,0.56752107,1,0,1,1,0
1085,225833,0.22674076,-0.66762601,-0.06767309,1.20717652,-0.07195679,0.48439008,1,0,1,1,0
1086,226041,0.24403520,-0.62812674,-0.08189464,1.27702660,-0.08396498,0.35773889,1,0,1,1,0
1087,226250,0.25084705,-0.58333324,-0.10394898,1.35836018,-0.08206844,0.26134715,1,0,1,1,0
1088,226458,0.24632405,-0.53441627,-0.12833837,1.43526905,-0.07614294,0.15628903,1,0,1,1,0
1089,226666,0.24786670,-0.48648553,-0.14489254,1.48262823,-0.07629583,0.05148594,1,0,1,1,0
1090,226875,0.25101089,-0.43353867,-0.15907297,1.54808147,-0.06997992,-0.05136200,1,0,1,1,0
1091,227083,0.24065024,-0.37926166,-0.17221978,1.59641938,-0.07436497,-0.15815800,1,0,1,1,0
1092,227291,0.24323096,-0.32872437,-0.18756485,1.64736612,-0.05476850,-0.28306820,1,0,1,1,0
1093,227500,0.23892234,-0.26393316,-0.20238296,1.66923747,-0.06595386,-0.35449117,1,0,1,1,0
1094,227708,0.24139854,-0.20349055,-0.20764572,1.71423938,-0.06275203,-0.46231493,1,0,1,1,0
1095,227916,0.24191517,-0.14529115,-0.24069553,1.72159211,-0.04708643,-0.56951536,1,0,1,1,0
1096,228125,0.23168904,-0.08540780,-0.23800263,1.74425821,-0.04046251,-0.67409812,1,0,1,1,0
1097,228333,0.23006560,-0.02617707,-0.26426398,1.76817278,-0.05050400,-0.76831230,1,0,1,1,0
1098,228541,0.21447198,0.04463119,-0.26348756,1.74279271,-0.02161176,-0.87892258,1,0,1,1,0
1099,228750,0.19585732,0.09606881,-0.28114201,1.74356232,-0.02785841,-0.94464430,1,0,1,1,0
1100,228958,0.18765945,0.16424688,-0.28351427,1.73457250,-0.02404913,-1.05773359,1,0,1,1,0
1101,229166,0.17491905,0.21850941,-0.27706936,1.69884481,-0.04250762,-1.11933290,1,0,1,1,0
1102,229375,0.17662255,0.26905122,-0.30113552,1.66913285,-0.00420385,-1.19916413,1,0,1,1,0
1103,229583,0.14910115,0.33485687,-0.29492004,1.65266229,-0.01929777,-1.26779136,1,0,1,1,0
1104,229791,0.14225261,0.39363784,-0.29770372,1.59586641,-0.00062922,-1.33697049,1,0,1,1,0
1105,230000,0.13631822,0.44035899,-0.29303319,1.53225251,0.00834663,-1.37155439,1,0,1,1,0
1106,230208,0.11459381,0.49361162,-0.29538101,1.47605349,0.02451251,-1.42883291,1,0,1,1,0
1107,230416,0.09822527,0.54438124,-0.30042785,1.41701042,-0.01798944,-1.49614315,1,0,1,1,0
1108,230625,0.08688924,0.59513244,-0.29234254,1.35023186,0.00416149,-1.53155223,1,0,1,1,0
1109,230833,0.07255971,0.62815372,-0.29431104,1.27459162,0.00713170,-1.57558867,1,0,1,1,0
1110,231041,0.06152673,0.67336539,-0.29783514,1.21493089,0.02036434,-1.58903523,1,0,1,1,0
1111,231250,0.04070376,0.70993241,-0.28603506,1.10706360,0.03690276,-1.59500232,1,0,1,1,0
1112,231458,0.02377594,0.75356399,-0.27575578,1.02505152,0.04151138,-1.62868376,1,0,1,1,0
1113,231666,0.00096953,0.78131933,-0.26394495,0.90209933,0.03376623,-1.63368420,1,0,1,1,0
1114,231875,-0.00814099,0.80616863,-0.25873232,0.81942400,0.05097175,-1.62823211,1,0,1,1,0
1115,232083,-0.02876545,0.84701179,-0.24213170,0.72055682,0.06902597,-1.61344239,1,0,1,1,0
1116,232291,-0.04466432,0.85702963,-0.23600696,0.60542285,0.06070009,-1.59816103,1,0,1,1,0
1117,232500,-0.05097736,0.87805543,-0.21416052,0.50996751,0.05457762,-1.56997812,1,0,1,1,0
1118,232708,-0.07379801,0.89456666,-0.19805208,0.38202781,0.05933128,-1.54989092,1,0,1,1,0
1119,232916,-0.09487492,0.90643910,-0.18566825,0.27190547,0.05847758,-1.51762184,1,0,1,1,0
1120,233125,-0.11183472,0.91882470,-0.17514758,0.15975877,0.06692217,-1.46912453,1,0,1,1,0
1121,233333,-0.11117322,0.92086671,-0.14948834,0.04694561,0.06213602,-1.42992565,1,0,1,1,0
1122,233541,-0.13449133,0.91729050,-0.14042821,-0.07101378,0.05083765,-1.39165637,1,0,1,1,0
1123,233750,-0.14766192,0.91305836,-0.12202854,-0.16709828,0.08556042,-1.34085985,1,0,1,1,0
1124,233958,-0.16154302,0.90651662,-0.10772335,-0.30295307,0.07867578,-1.27056131,1,0,1,1,0
1125,234166,-0.17242266,0.89084228,-0.07802233,-0.40217476,0.07970115,-1.19213135,1,0,1,1,0
1126,234375,-0.18389808,0.87151862,-0.06716176,-0.51838773,0.08848679,-1.11857315,1,0,1,1,0
1127,234583,-0.19049667,0.86675077,-0.04306004,-0.62137601,0.09129549,-1.03709119,1,0,1,1,0
1128,234791,-0.20600991,0.82802507,-0.02560301,-0.73072180,0.10078922,-0.93852323,1,0,1,1,0
1129,235000,-0.21353351,0.80430645,-0.00085337,-0.81303529,0.10153042,-0.86305450,1,0,1,1,0
1130,235208,-0.21509547,0.78178004,0.00479735,-0.93315608,0.08688245,-0.76852303,1,0,1,1,0
1131,235416,-0.23265189,0.74277284,0.02562975,-1.02425469,0.07961829,-0.64922002,1,0,1,1,0
1132,235625,-0.23670412,0.70896809,0.05214917,-1.12439514,0.08114817,-0.56354579,1,0,1,1,0
1133,235833,-0.24154072,0.67491437,0.05919758,-1.19103061,0.08584514,-0.45736620,1,0,1,1,0
1134,236041,-0.24630405,0.63500889,0.08469767,-1.26268873,0.07093520,-0.37746312,1,0,1,1,0
1135,236250,-0.24466125,0.58175218,0.09955683,-1.35239538,0.08355241,-0.29056621,1,0,1,1,0
1136,236458,-0.24811155,0.53880060,0.13114303,-1.42453286,0.06383504,-0.15636821,1,0,1,1,0
1137,236666,-0.24497145,0.48906844,0.14078600,-1.48910409,0.06548239,-0.04070573,1,0,1,1,0
1138,236875,-0.25079938,0.43759281,0.16099623,-1.53995867,0.06902596,0.05616783,1,0,1,1,0
1139,237083,-0.24011601,0.38029083,0.16279552,-1.59708555,0.06179083,0.17074166,1,0,1,1,0
1140,237291,-0.24092042,0.32011320,0.18195086,-1.64859870,0.07514204,0.27606990,1,0,1,1,0
1141,237500,-0.25410943,0.26517088,0.20605204,-1.67321397,0.05586225,0.37116833,1,0,1,1,0
1142,237708,-0.23608681,0.20216891,0.22687131,-1.71189808,0.05942937,0.47419830,1,0,1,1,0
1143,237916,-0.23411311,0.13810023,0.24281441,-1.73156769,0.05600512,0.58341897,1,0,1,1,0
1144,238125,-0.22258203,0.08883733,0.23993871,-1.75788898,0.04013130,0.66204720,1,0,1,1,0
1145,238333,-0.22324760,0.01982414,0.26236805,-1.73802173,0.03152870,0.75866078,1,0,1,1,0
1146,238541,-0.20871542,-0.04053157,0.26940419,-1.75118989,0.03625104,0.85606708,1,0,1,1,0
1147,238750,-0.20695081,-0.08488937,0.26698042,-1.74771229,0.03719043,0.93698495,1,0,1,1,0
1148,238958,-0.19671422,-0.15385409,0.28047362,-1.72367308,0.03115295,1.03828316,1,0,1,1,0
1149,239166,-0.18521104,-0.22173154,0.29447510,-1.69239251,0.02564016,1.12565923,1,0,1,1,0
1150,239375,-0.17261912,-0.27905032,0.29392906,-1.66395912,0.02892776,1.18937235,1,0,1,1,0
1151,239583,-0.16160044,-0.32386654,0.29310087,-1.62480687,0.01469063,1.26525430,1,0,1,1,0
1152,239791,-0.14774176,-0.38641202,0.29102215,-1.58799882,0.01167617,1.32121707,1,0,1,1,0
1153,240000,-0.12540891,-0.44806257,0.29837238,-1.54636694,-0.00799408,1.38494620,1,0,1,1,0
1154,240208,-0.11077385,-0.49436067,0.28765709,-1.49555677,0.00684400,1.43483114,1,0,1,1,0
1155,240416,-0.09261455,-0.54691348,0.30918249,-1.42703704,-0.00914238,1.48575255,1,0,1,1,0
1156,240625,-0.09387016,-0.58373169,0.29189407,-1.34174819,-0.00462246,1.52066262,1,0,1,1,0
1157,240833,-0.06942769,-0.64037162,0.29827239,-1.24990599,-0.02360074,1.55833718,1,0,1,1,0
1158,241041,-0.06536088,-0.66765804,0.29264504,-1.20766625,-0.02538799,1.59128811,1,0,1,1,0
1159,241250,-0.03551672,-0.71064616,0.28147720,-1.09721082,-0.05159123,1.60714653,1,0,1,1,0
1160,241458,-0.01744986,-0.74571021,0.27676764,-0.98671506,-0.03286304,1.62701435,1,0,1,1,0
1161,241666,-0.00174861,-0.77672765,0.25272892,-0.93968946,-0.02956457,1.63139802,1,0,1,1,0
1162,241875,0.01267511,-0.80024381,0.25201900,-0.83938635,-0.04702215,1.63479145,1,0,1,1,0
1163,242083,0.01935765,-0.84036903,0.24005877,-0.72495209,-0.02724252,1.61217389,1,0,1,1,0
1164,242291,0.04406665,-0.85475593,0.22912110,-0.60778311,-0.05964414,1.60204113,1,0,1,1,0
1165,242500,0.05512794,-0.88092197,0.22427495,-0.50249363,-0.06766832,1.58951407,1,0,1,1,0
1166,242708,0.07660947,-0.89591501,0.19860259,-0.39460268,-0.05934239,1.57077416,1,0,1,1,0
1167,242916,0.09414974,-0.90900850,0.18572809,-0.27207487,-0.08302214,1.53422346,1,0,1,1,0
1168,243125,0.10517582,-0.91796819,0.16947266,-0.17723261,-0.07555342,1.48030621,1,0,1,1,0
1169,243333,0.12333215,-0.91687219,0.15866801,-0.04124602,-0.06214037,1.42840180,1,0,1,1,0
1170,243541,0.13156232,-0.92581716,0.13579068,0.06801693,-0.06350565,1.37541866,1,0,1,1,0
1171,243750,0.14948993,-0.91435761,0.11381874,0.17846832,-0.08135068,1.32222097,1,0,1,1,0
1172,243958,0.15978433,-0.90204014,0.10695872,0.32121353,-0.07318094,1.26050820,1,0,1,1,0
1173,244166,0.16645781,-0.89416974,0.09431008,0.40403729,-0.08414981,1.20288021,1,0,1,1,0
1174,244375,0.18752529,-0.87692170,0.06988561,0.49884061,-0.09739783,1.11081003,1,0,1,1,0
1175,244583,0.19786701,-0.85828590,0.04995628,0.63251909,-0.08103105,1.02883087,1,0,1,1,0
1176,244791,0.20182767,-0.83804268,0.02555901,0.72744196,-0.10266012,0.94903093,1,0,1,1,0
1177,245000,0.21477542,-0.80850354,0.01405352,0.83037463,-0.07913343,0.88024343,1,0,1,1,0
1178,245208,0.22485405,-0.78054739,-0.01227039,0.92970211,-0.05996191,0.75638463,1,0,1,1,0
1179,245416,0.22348253,-0.75044956,-0.04054181,1.02114718,-0.06769947,0.68029169,1,0,1,1,0
1180,245625,0.23586738,-0.72040486,-0.05211472,1.11819112,-0.09507297,0.56420848,1,0,1,1,0
1181,245833,0.24006675,-0.66899484,-0.05551927,1.18882455,-0.08631917,0.47832001,1,0,1,1,0
1182,246041,0.24442886,-0.63571096,-0.08583434,1.28679014,-0.08512861,0.36560711,1,0,1,1,0
1183,246250,0.25007067,-0.58075080,-0.11227228,1.35327563,-0.07786150,0.25602955,1,0,1,1,0
1184,246458,0.24379896,-0.54467544,-0.12819701,1.43148483,-0.07238299,0.16742364,1,0,1,1,0
1185,246666,0.24881400,-0.49115001,-0.14120904,1.49384814,-0.05379917,0.05012270,1,0,1,1,0
1186,246875,0.24333080,-0.43098412,-0.15023010,1.55102968,-0.06871891,-0.04676714,1,0,1,1,0
1187,247083,0.24779121,-0.37706920,-0.17445315,1.59904605,-0.06728160,-0.16820546,1,0,1,1,0
1188,247291,0.25094790,-0.33006687,-0.19657511,1.64292769,-0.06525912,-0.27675210,1,0,1,1,0
1189,247500,0.24462800,-0.26339446,-0.20869166,1.66247654,-0.06014972,-0.37815275,1,0,1,1,0
1190,247708,0.23525570,-0.20512996,-0.21325571,1.69106674,-0.05832277,-0.48035756,1,0,1,1,0
1191,247916,0.23103135,-0.14058601,-0.23926006,1.73472909,-0.04545034,-0.58089896,1,0,1,1,0
1192,248125,0.22868224,-0.08587097,-0.24495942,1.74796837,-0.04230246,-0.66416348,1,0,1,1,0
1193,248333,0.22120200,-0.01811454,-0.24916002,1.74251735,-0.03720772,-0.79630336,1,0,1,1,0
1194,248541,0.21191672,0.03604635,-0.26091421,1.75666473,-0.03944500,-0.86998036,1,0,1,1,0
1195,248750,0.20411842,0.09645231,-0.27152803,1.76026862,-0.02431881,-0.93671351,1,0,1,1,0
1196,248958,0.18937376,0.15075856,-0.26654501,1.73157375,-0.02813543,-1.04343800,1,0,1,1,0
1197,249166,0.18194376,0.20989597,-0.28840114,1.69681244,-0.02432636,-1.13042205,1,0,1,1,0
1198,249375,0.17021038,0.27366688,-0.29471206,1.68550763,-0.03713607,-1.17537558,1,0,1,1,0
1199,249583,0.15387013,0.33254805,-0.29168372,1.63345449,-0.00071762,-1.25497303,1,0,1,1,0
1200,249791,0.13953482,0.38118120,-0.29890524,1.56913409,-0.00003154,-1.32766572,1,0,1,1,0
1201,250000,0.12897611,0.40794630,-0.32254280,1.60073442,-0.06269911,-1.31705586,1,0,1,1,0
1202,250208,0.10681083,0.46194831,-0.32050490,1.55593066,-0.06459911,-1.36680543,1,0,1,1,0
1203,250416,0.08989941,0.51558961,-0.33671587,1.48898856,-0.05622956,-1.40843885,1,0,1,1,0
1204,250625,0.06166108,0.55351703,-0.33029764,1.40085238,-0.03434409,-1.44807840,1,0,1,1,0
1205,250833,0.05431706,0.59694793,-0.32893088,1.32809727,-0.04118258,-1.48494078,1,0,1,1,0
1206,251041,0.04493441,0.64713822,-0.33530680,1.24385880,-0.02565293,-1.47600248,1,0,1,1,0
1207,251249,0.02535665,0.67744596,-0.33062241,1.14846640,-0.05200314,-1.47350403,1,0,1,1,0
1208,251458,0.01170235,0.73308129,-0.33224873,1.03638715,-0.04797856,-1.47416495,1,0,1,1,0
1209,251666,-0.01784189,0.75956670,-0.32944507,0.94398376,-0.01919144,-1.49141171,1,0,1,1,0
1210,251875,-0.03347798,0.78039221,-0.33069425,0.82449694,-0.02503404,-1.43544847,1,0,1,1,0
1211,252083,-0.05515537,0.82030814,-0.32167934,0.71715170,-0.03057330,-1.38402632,1,0,1,1,0
1212,252291,-0.08664208,0.83585948,-0.31935333,0.63385032,-0.01389615,-1.35804405,1,0,1,1,0
1213,252500,-0.12376133,0.86466178,-0.31729618,0.52041398,-0.02610635,-1.31374683,1,0,1,1,0
1214,252708,-0.14210212,0.87969540,-0.30882810,0.39693006,-0.00689500,-1.25888955,1,0,1,1,0
1215,252916,-0.17282624,0.89616107,-0.30080821,0.31132012,0.00842722,-1.19631590,1,0,1,1,0
1216,253125,-0.19740315,0.90739061,-0.29089718,0.19391734,-0.00160579,-1.11075958,1,0,1,1,0
1217,253333,-0.23488775,0.89732580,-0.27060260,0.10240257,0.04162356,-1.04016045,1,0,1,1,0
1218,253541,-0.27684600,0.91213403,-0.24877946,0.01396259,0.02674438,-0.98190846,1,0,1,1,0
1219,253749,-0.31634628,0.91702261,-0.22659579,-0.05112403,0.03362710,-0.89134262,1,0,1,1,0
1220,253958,-0.35696922,0.90227837,-0.20412011,-0.12254053,0.04105136,-0.80592189,1,0,1,1,0
1221,254166,-0.39668120,0.88731717,-0.17851424,-0.21389296,0.04520760,-0.73467276,1,0,1,1,0
1222,254375,-0.43955616,0.87773413,-0.13475229,-0.26767611,0.06097915,-0.64611499,1,0,1,1,0
1223,254583,-0.47837824,0.86437104,-0.11623033,-0.32520697,0.06752072,-0.56872211,1,0,1,1,0
1224,254791,-0.51358797,0.84271919,-0.06876132,-0.34802974,0.06103373,-0.47990291,1,0,1,1,0
1225,255000,-0.56027849,0.81704301,-0.03451306,-0.38443427,0.08733985,-0.41635289,1,0,1,1,0
1226,255208,-0.59953978,0.79538934,0.00703142,-0.41841872,0.10910431,-0.34838935,1,0,1,1,0
1227,255416,-0.64056873,0.75974886,0.06362456,-0.45260775,0.08024078,-0.26496386,1,0,1,1,0
1228,255625,-0.68708615,0.71733293,0.10276087,-0.47598457,0.06765295,-0.19985269,1,0,1,1,0
1229,255833,-0.72382595,0.68808887,0.15918467,-0.46395094,0.08731005,-0.14321340,1,0,1,1,0
1230,256041,-0.75356623,0.63997685,0.21929633,-0.47306653,0.08809170,-0.07296679,1,0,1,1,0
1231,256249,-0.79047611,0.59923099,0.26931102,-0.47509898,0.10646749,-0.04106005,1,0,1,1,0
1232,256458,-0.82387422,0.55398180,0.32128744,-0.45866877,0.08585586,-0.00504495,1,0,1,1,0
1233,256666,-0.84633537,0.50286438,0.38595391,-0.43995156,0.10221851,0.04452700,1,0,1,1,0
1234,256875,-0.86702214,0.44806960,0.44245104,-0.41969236,0.08846917,0.09786007,1,0,1,1,0
1235,257083,-0.87550527,0.38532175,0.49962405,-0.43384201,0.08908576,0.09204436,1,0,1,1,0
1236,257291,-0.88866168,0.32881867,0.56963786,-0.38206883,0.06844461,0.12926803,1,0,1,1,0
1237,257500,-0.89059002,0.26421094,0.62196523,-0.35590967,0.06103278,0.11892781,1,0,1,1,0
1238,257708,-0.88690262,0.20163540,0.67769483,-0.34123978,0.07024245,0.14508405,1,0,1,1,0
1239,257916,-0.87194338,0.13511341,0.72399899,-0.32918657,0.06730310,0.15120179,1,0,1,1,0
1240,258125,-0.87034785,0.07396841,0.78337797,-0.30029367,0.06309234,0.17133060,1,0,1,1,0
1241,258333,-0.86021103,0.01312166,0.82361581,-0.27672459,0.06470520,0.15856636,1,0,1,1,0
1242,258541,-0.84007902,-0.04828266,0.86409712,-0.24821228,0.05360386,0.16571980,1,0,1,1,0
1243,258749,-0.80638314,-0.11340532,0.89853211,-0.25066342,0.04151776,0.15594332,1,0,1,1,0
1244,258958,-0.76435405,-0.18852352,0.93979927,-0.24433173,0.02183913,0.16319323,1,0,1,1,0
1245,259166,-0.73665968,-0.25199020,0.95667961,-0.20257864,0.02985564,0.17008116,1,0,1,1,0
1246,259375,-0.70044515,-0.30117368,0.98987135,-0.20927163,0.00244847,0.17136201,1,0,1,1,0
1247,259583,-0.64612246,-0.36890831,1.00321725,-0.18291323,0.00895642,0.17663002,1,0,1,1,0
1248,259791,-0.60050178,-0.42758397,1.01157398,-0.18013883,0.00555826,0.17058067,1,0,1,1,0
1249,260000,-0.54759005,-0.47623663,1.02359773,-0.16226585,0.00740201,0.16200777,0,0,0,0,0
1250,260208,-0.48869745,-0.53932286,1.01517065,-0.17027538,-0.00413858,0.15462099,0,0,0,0,0
1251,260416,-0.44017991,-0.59005011,1.01148142,-0.16146023,-0.01873207,0.18957504,0,0,0,0,0
1252,260625,-0.36495878,-0.63960011,1.00232908,-0.16458830,-0.02245881,0.18755695,0,0,0,0,0
1253,260833,-0.30354552,-0.69513338,0.99206948,-0.15848101,-0.02971513,0.17735501,0,0,0,0,0
1254,261041,-0.24074976,-0.73391119,0.97108529,-0.14503090,-0.03577629,0.19884629,0,0,0,0,0
1255,261249,-0.17238113,-0.77262026,0.96007570,-0.12803328,-0.05069518,0.17667794,0,0,0,0,0
1256,261458,-0.10955718,-0.81135555,0.93414730,-0.12375224,-0.07410464,0.18884904,0,0,0,0,0
1257,261666,-0.03882038,-0.84276121,0.91113995,-0.11841576,-0.08882449,0.19383137,0,0,0,0,0
1258,261875,0.03020267,-0.87198798,0.87170370,-0.09502147,-0.09562408,0.18675478,0,0,0,0,0
1259,262083,0.10148481,-0.89700540,0.82848947,-0.07492514,-0.09088435,0.18000259,0,0,0,0,0
1260,262291,0.16012138,-0.92240124,0.79220955,-0.07985165,-0.10740608,0.18339989,0,0,0,0,0
1261,262500,0.23028964,-0.94378830,0.75446107,-0.07261144,-0.11112488,0.17840780,0,0,0,0,0
1262,262708,0.28737358,-0.96884576,0.70812805,-0.06933692,-0.13441543,0.18299863,0,0,0,0,0
1263,262916,0.35590279,-0.97820221,0.65816281,-0.04524020,-0.11958288,0.17570495,0,0,0,0,0
1264,263125,0.42131129,-0.98127573,0.61277571,-0.04247846,-0.11612354,0.14685494,0,0,0,0,0
1265,263333,0.47941845,-0.98912143,0.55208382,-0.04411334,-0.14094893,0.14370422,0,0,0,0,0
1266,263541,0.53722524,-0.98473416,0.49509521,-0.03393260,-0.14127115,0.16642427,0,0,0,0,0
1267,263750,0.58829013,-0.97586428,0.43343455,-0.04815013,-0.14147336,0.11963959,0,0,0,0,0
1268,263958,0.65089113,-0.95939904,0.37766516,-0.04467455,-0.17382348,0.11965943,0,0,0,0,0
1269,264166,0.69742580,-0.95357376,0.30995357,-0.01180549,-0.15891889,0.09342207,0,0,0,0,0
1270,264375,0.74044237,-0.93725240,0.25117034,-0.01829598,-0.15095655,0.10781788,0,0,0,0,0
1271,264583,0.78563308,-0.91066718,0.19591589,0.01132224,-0.16225563,0.07021096,0,0,0,0,0
1272,264791,0.82353857,-0.89222815,0.12104404,0.01196054,-0.15147755,0.04811542,0,0,0,0,0
1273,265000,0.86245133,-0.85100362,0.05738471,0.03062240,-0.16802965,0.05371057,0,0,0,0,0
1274,265208,0.89839095,-0.82206276,-0.02047649,0.04218918,-0.15518079,0.01476037,0,0,0,0,0
1275,265416,0.92845226,-0.78938155,-0.07177453,0.03439299,-0.17466700,0.00955676,0,0,0,0,0
1276,265625,0.94171718,-0.74728334,-0.13558325,0.06307917,-0.15072048,0.00702788,0,0,0,0,0
1277,265833,0.97259993,-0.71452847,-0.19662017,0.06361760,-0.15825941,-0.01058666,0,0,0,0,0
1278,266041,0.98817296,-0.66742491,-0.25600485,0.09161788,-0.13711138,-0.02838349,0,0,0,0,0
1279,266250,1.00694049,-0.61848560,-0.32307239,0.10213160,-0.12676625,-0.03765865,0,0,0,0,0
1280,266458,1.00566391,-0.56422821,-0.39704529,0.10856416,-0.11098132,-0.05057797,0,0,0,0,0
1281,266666,1.01191679,-0.50508518,-0.43295498,0.11091872,-0.09867711,-0.05775342,0,0,0,0,0
1282,266875,1.01747499,-0.44370451,-0.50238989,0.10562860,-0.09224903,-0.08229733,0,0,0,0,0
1283,267083,1.01893101,-0.37704174,-0.55940243,0.11214924,-0.07462914,-0.08472844,0,0,0,0,0
1284,267291,1.00352717,-0.32363915,-0.61537165,0.11574566,-0.07823484,-0.09683484,0,0,0,0,0
1285,267500,0.99966994,-0.26341509,-0.66499619,0.12822829,-0.04869152,-0.11467692,0,0,0,0,0
1286,267708,0.97674697,-0.20483140,-0.71114214,0.13610518,-0.06077168,-0.13496975,0,0,0,0,0
1287,267916,0.94982734,-0.12258448,-0.75423184,0.13557286,-0.04458825,-0.15229214,0,0,0,0,0
1288,268125,0.93628588,-0.06348668,-0.79604601,0.12755096,-0.03822201,-0.14959339,0,0,0,0,0
1289,268333,0.91081272,-0.00627077,-0.83008030,0.14337462,-0.02157015,-0.15858616,0,0,0,0,0
1290,268541,0.86503742,0.06103126,-0.87345074,0.12396358,-0.04262743,-0.15069055,0,0,0,0,0
1291,268750,0.83763493,0.14002593,-0.89933784,0.14813847,-0.01459567,-0.16686880,0,0,0,0,0
1292,268958,0.79811552,0.19367263,-0.92386129,0.13264442,-0.01659744,-0.17505750,0,0,0,0,0
1293,269166,0.75185465,0.26249080,-0.93600274,0.12673012,0.01910562,-0.20734496,0,0,0,0,0
1294,269375,0.70639108,0.33380858,-0.95881990,0.14319598,0.02278970,-0.20128544,0,0,0,0,0
1295,269583,0.66377539,0.38652288,-0.97187352,0.13181538,0.01544298,-0.19527088,0,0,0,0,0
1296,269791,0.60348529,0.45028512,-0.98194805,0.13336767,0.02121916,-0.20812110,0,0,0,0,0
1297,270000,0.55704637,0.50812571,-0.98524167,0.09898551,0.04164771,-0.22684791,0,0,0,0,0
1298,270208,0.49484642,0.56439889,-0.97803315,0.12463957,0.03596822,-0.22538240,0,0,0,0,0
1299,270416,0.43247170,0.61351795,-0.98332736,0.10517923,0.06013251,-0.24501409,0,0,0,0,0
1300,270625,0.38860258,0.67244216,-0.97661797,0.09834214,0.09057225,-0.25996478,0,0,0,0,0
1301,270833,0.32341153,0.71248502,-0.96350421,0.09007800,0.12074184,-0.24968223,0,0,0,0,0
1302,271041,0.25501275,0.75398228,-0.94270060,0.09819281,0.12231128,-0.25691921,0,0,0,0,0
1303,271250,0.18852242,0.79515875,-0.92705999,0.07903147,0.12666229,-0.25172804,0,0,0,0,0
1304,271458,0.12130121,0.83982161,-0.91532737,0.04626850,0.12735968,-0.26102703,0,0,0,0,0
1305,271666,0.05074766,0.86537582,-0.88535853,0.03291339,0.14789380,-0.25099888,0,0,0,0,0
1306,271875,-0.00976787,0.90383451,-0.83789348,0.01412074,0.16141760,-0.25955372,0,0,0,0,0
1307,272083,-0.07457016,0.92816689,-0.81306516,0.03107629,0.16636046,-0.25281918,0,0,0,0,0
1308,272291,-0.13533104,0.94715697,-0.76635946,0.01000534,0.17078185,-0.25617214,0,0,0,0,0
1309,272500,-0.21260348,0.97575301,-0.73261941,-0.00006556,0.18157488,-0.24521260,0,0,0,0,0
1310,272708,-0.27308977,0.99026793,-0.68466222,-0.01095074,0.20592138,-0.25434040,0,0,0,0,0
1311,272916,-0.33200815,1.00451521,-0.63303676,-0.00182854,0.19375850,-0.24251538,0,0,0,0,0
1312,273125,-0.39310370,1.01177436,-0.57987508,-0.01851757,0.20839925,-0.23973327,0,0,0,0,0
1313,273333,-0.45620365,1.01729063,-0.53162736,-0.03346539,0.19702662,-0.23003712,0,0,0,0,0
1314,273541,-0.51641284,1.01994524,-0.47105665,-0.03895014,0.21754405,-0.21721985,0,0,0,0,0
1315,273750,-0.56662148,1.00175473,-0.41482859,-0.04157774,0.22396857,-0.19855073,0,0,0,0,0
1316,273958,-0.61619794,0.99390184,-0.35436319,-0.04691452,0.20942714,-0.18056668,0,0,0,0,0
1317,274166,-0.67172257,0.98650933,-0.30242954,-0.06330844,0.22037093,-0.15544448,0,0,0,0,0
1318,274375,-0.72402227,0.95918571,-0.23221775,-0.06329121,0.22283971,-0.14134378,0,0,0,0,0
1319,274583,-0.75406647,0.94527356,-0.16738418,-0.07999690,0.22986544,-0.12680939,0,0,0,0,0
1320,274791,-0.79576592,0.91726619,-0.09880152,-0.09841730,0.23635128,-0.12803690,0,0,0,0,0
1321,275000,-0.83152058,0.89403558,-0.03668726,-0.08516794,0.21532117,-0.12709943,0,0,0,0,0
1322,275208,-0.85853044,0.84511510,0.02186591,-0.12182127,0.21428658,-0.08291626,0,0,0,0,0
1323,275416,-0.89947272,0.81391906,0.07410238,-0.12232822,0.23172658,-0.08689218,0,0,0,0,0
1324,275625,-0.92770903,0.77915508,0.15208671,-0.12619182,0.21336387,-0.07510221,0,0,0,0,0
1325,275833,-0.93758942,0.74278816,0.20633149,-0.13362963,0.20456027,-0.03249346,0,0,0,0,0
1326,276041,-0.96696924,0.69596901,0.27061611,-0.15613692,0.19549285,-0.04426026,0,0,0,0,0
1327,276250,-0.97790167,0.63644455,0.33263742,-0.14953585,0.18609410,-0.03475377,0,0,0,0,0
1328,276458,-0.99103017,0.58395612,0.38777767,-0.15850106,0.17412991,-0.01568661,0,0,0,0,0
1329,276666,-0.98706156,0.51796710,0.45448915,-0.17077707,0.17304990,0.01333088,0,0,0,0,0
1330,276875,-0.98996879,0.46805739,0.50767361,-0.15597526,0.16071762,0.02342546,0,0,0,0,0
1331,277083,-0.98408209,0.41468096,0.55511269,-0.15940191,0.13685048,0.01889277,0,0,0,0,0
1332,277291,-0.97905996,0.34845878,0.62118424,-0.18127417,0.12228606,0.06616749,0,0,0,0,0
1333,277500,-0.96849644,0.26555514,0.66861092,-0.17543025,0.13521909,0.06148962,0,0,0,0,0
1334,277708,-0.95537756,0.22108931,0.71945274,-0.17929148,0.10330813,0.06780981,0,0,0,0,0
1335,277916,-0.92357415,0.15269669,0.74703227,-0.18027387,0.09344442,0.09035718,0,0,0,0,0
1336,278125,-0.91326393,0.08736103,0.79046118,-0.19066552,0.09427854,0.11277185,0,0,0,0,0
1337,278333,-0.88111321,0.01332648,0.83666314,-0.17154501,0.06249849,0.11738516,0,0,0,0,0
1338,278541,-0.84347935,-0.05101381,0.85859860,-0.16047226,0.07714644,0.12549917,0,0,0,0,0
1339,278750,-0.81152936,-0.10915596,0.90968170,-0.17436997,0.03890397,0.13212249,0,0,0,0,0
1340,278958,-0.76698305,-0.18371327,0.91696528,-0.16118005,0.05866040,0.16529395,0,0,0,0,0
1341,279166,-0.73839645,-0.24809570,0.93734748,-0.16550302,0.02138421,0.16695904,0,0,0,0,0
1342,279375,-0.69092299,-0.29962415,0.95056645,-0.15161691,0.01330082,0.17094158,0,0,0,0,0
1343,279583,-0.64180488,-0.37024052,0.96722586,-0.16452359,-0.01129919,0.18250213,0,0,0,0,0
1344,279791,-0.59013391,-0.42928290,0.97260805,-0.13291150,-0.00522798,0.20418460,0,0,0,0,0
1345,280000,-0.53975190,-0.49760892,0.97674636,-0.14810272,-0.02523586,0.21417651,0,0,0,0,0
1346,280208,-0.48743278,-0.54763818,0.96636617,-0.10887160,-0.02424866,0.20777051,0,0,0,0,0
1347,280416,-0.42590145,-0.59790722,0.96231052,-0.12131055,-0.04013096,0.22300182,0,0,0,0,0
1348,280625,-0.35796160,-0.65528139,0.96741672,-0.07849070,-0.05977199,0.23383144,0,0,0,0,0
1349,280833,-0.30150662,-0.71467560,0.93598307,-0.10243635,-0.08216520,0.24284273,0,0,0,0,0
1350,281041,-0.24002071,-0.74529039,0.93451119,-0.08582323,-0.08953888,0.24216084,0,0,0,0,0
1351,281250,-0.17398850,-0.79481575,0.90527536,-0.06393230,-0.10623010,0.26616851,0,0,0,0,0
1352,281458,-0.12132288,-0.83537733,0.88359489,-0.05346241,-0.11699210,0.25144620,0,0,0,0,0
1353,281666,-0.04798141,-0.87322176,0.85723485,-0.06024527,-0.15057941,0.27092963,0,0,0,0,0
1354,281875,0.01568816,-0.90301179,0.82496599,-0.04570109,-0.16762716,0.27344084,0,0,0,0,0
1355,282083,0.07647654,-0.93370007,0.78309369,-0.03486047,-0.15822495,0.26593929,0,0,0,0,0
1356,282291,0.13817323,-0.97231487,0.74877942,0.00110041,-0.19725843,0.27010238,0,0,0,0,0
1357,282500,0.21691772,-0.97581766,0.70677516,0.01656024,-0.19313461,0.26679094,0,0,0,0,0
1358,282708,0.27543574,-0.99274061,0.66855673,0.02325742,-0.20835629,0.25939357,0,0,0,0,0
1359,282916,0.34005884,-1.00591959,0.61488661,0.06742525,-0.21030427,0.26834935,0,0,0,0,0
1360,283125,0.39967242,-1.01799954,0.55070261,0.06618539,-0.23843938,0.25474287,0,0,0,0,0
1361,283333,0.45739182,-1.02350889,0.51212208,0.06221243,-0.22208483,0.25201495,0,0,0,0,0
1362,283541,0.50873369,-1.01713888,0.43654842,0.07994909,-0.23328205,0.21839664,0,0,0,0,0
1363,283750,0.57027564,-1.01708301,0.38544642,0.08481706,-0.25003097,0.23623949,0,0,0,0,0
1364,283958,0.62077699,-1.00175934,0.32629414,0.09193837,-0.27202610,0.20657475,0,0,0,0,0
1365,284166,0.66093245,-1.00154574,0.26859176,0.09062638,-0.26383053,0.17781253,0,0,0,0,0
1366,284375,0.71144751,-0.97115131,0.21341166,0.09637384,-0.27803670,0.19025069,0,0,0,0,0
1367,284583,0.74771073,-0.96445082,0.15282716,0.12589498,-0.26777288,0.18094069,0,0,0,0,0
1368,284791,0.79490171,-0.93788858,0.07456258,0.13886287,-0.26874105,0.15377181,0,0,0,0,0
1369,285000,0.82825340,-0.90204137,0.01659055,0.14434476,-0.26317666,0.15395161,0,0,0,0,0
1370,285208,0.85647674,-0.87114978,-0.06301638,0.14873255,-0.26134933,0.14735292,0,0,0,0,0
1371,285416,0.88602627,-0.84303936,-0.10442493,0.15753065,-0.27806536,0.13476533,0,0,0,0,0
1372,285625,0.91483406,-0.79547798,-0.17067669,0.20728966,-0.25744181,0.12391037,0,0,0,0,0
1373,285833,0.93564866,-0.75946166,-0.24294977,0.17687249,-0.25055143,0.11419572,0,0,0,0,0
1374,286041,0.95100919,-0.71875918,-0.29591689,0.20234618,-0.23139639,0.07782616,0,0,0,0,0
1375,286250,0.96306286,-0.65248839,-0.35727202,0.20564362,-0.24778689,0.07017143,0,0,0,0,0
1376,286458,0.97185224,-0.60741126,-0.41570688,0.22063792,-0.22308354,0.05939060,0,0,0,0,0
1377,286666,0.97326289,-0.54971343,-0.47758216,0.21102447,-0.21615453,0.03832787,0,0,0,0,0
1378,286875,0.97581586,-0.49513876,-0.54139705,0.22520318,-0.21662140,0.03345555,0,0,0,0,0
1379,287083,0.96741366,-0.43636930,-0.58211564,0.23406946,-0.18658388,0.03458927,0,0,0,0,0
1380,287291,0.95471557,-0.36395891,-0.64105923,0.25256302,-0.19494879,0.01127422,0,0,0,0,0
1381,287500,0.95163595,-0.30589149,-0.69376290,0.21711418,-0.18118665,-0.00154492,0,0,0,0,0
1382,287708,0.92245374,-0.24409234,-0.72970473,0.23493125,-0.17308454,-0.04038341,0,0,0,0,0
1383,287916,0.91396141,-0.17508081,-0.79143488,0.24048355,-0.16184498,-0.02110572,0,0,0,0,0
1384,288125,0.88704911,-0.10054146,-0.81246789,0.24242885,-0.14388565,-0.03700580,0,0,0,0,0
1385,288333,0.85427472,-0.04418447,-0.86009266,0.22281653,-0.13549083,-0.06535565,0,0,0,0,0
1386,288541,0.82767147,0.02031430,-0.89279964,0.25455777,-0.12745960,-0.07254550,0,0,0,0,0
1387,288750,0.78776890,0.08745736,-0.90350500,0.22824024,-0.11591829,-0.08481559,0,0,0,0,0
1388,288958,0.75299246,0.15721421,-0.93493316,0.22872613,-0.11612325,-0.08961508,0,0,0,0,0
1389,289166,0.71853461,0.23368521,-0.96300630,0.22191831,-0.08841035,-0.09221124,0,0,0,0,0
1390,289375,0.66026907,0.28854086,-0.97206753,0.22389046,-0.07793643,-0.10176958,0,0,0,0,0
1391,289583,0.61552195,0.34254060,-0.98483209,0.20402129,-0.06759734,-0.12441783,0,0,0,0,0
1392,289791,0.56202788,0.40524490,-0.98555178,0.21919111,-0.04550687,-0.14294172,0,0,0,0,0
1393,290000,0.50851983,0.46207859,-0.99632850,0.21407113,-0.03112774,-0.14843238,0,0,0,0,0
1394,290208,0.45137179,0.53575975,-1.00106252,0.18036086,-0.02735119,-0.14386208,0,0,0,0,0
1395,290416,0.39210948,0.57614480,-0.98682991,0.16276427,-0.00342136,-0.16133861,0,0,0,0,0
1396,290625,0.34272197,0.62678651,-0.98025601,0.15455205,0.01071295,-0.18654382,0,0,0,0,0
1397,290833,0.27756099,0.68787042,-0.96326263,0.16827130,0.03108353,-0.18080683,0,0,0,0,0
1398,291041,0.21234226,0.72968765,-0.94961754,0.12043540,0.05161844,-0.17445877,0,0,0,0,0
1399,291250,0.14569004,0.76293664,-0.92092000,0.11734121,0.05345551,-0.19728681,0,0,0,0,0
1400,291458,0.09420755,0.80801943,-0.89137853,0.11702436,0.07562709,-0.19137239,0,0,0,0,0
1401,291666,0.01167550,0.84717276,-0.86714616,0.09691076,0.09281513,-0.19711769,0,0,0,0,0
1402,291875,-0.04033698,0.87811940,-0.82761067,0.07287139,0.09086301,-0.20659031,0,0,0,0,0
1403,292083,-0.11467744,0.90848098,-0.79571922,0.04670165,0.10959277,-0.21686834,0,0,0,0,0
1404,292291,-0.18041583,0.93873865,-0.76009535,0.03496056,0.13648342,-0.22838673,0,0,0,0,0
1405,292500,-0.24246312,0.96659378,-0.71239652,0.03980070,0.16005052,-0.22746222,0,0,0,0,0
1406,292708,-0.30758215,0.97092862,-0.65688158,0.03447126,0.15354921,-0.21638793,0,0,0,0,0
1407,292916,-0.36151917,0.99231314,-0.60905578,0.00188018,0.15733414,-0.21355092,0,0,0,0,0
1408,293125,-0.41962543,1.00029035,-0.55563683,0.00001272,0.18624451,-0.20314493,0,0,0,0,0
1409,293333,-0.48890670,1.00362892,-0.50359010,-0.02178155,0.18127879,-0.21107165,0,0,0,0,0
1410,293541,-0.53320632,1.01102134,-0.45133938,-0.02541902,0.20279637,-0.20505737,0,0,0,0,0
1411,293750,-0.58317993,0.99829623,-0.38540730,-0.03779738,0.21044847,-0.18014306,0,0,0,0,0
1412,293958,-0.64612440,0.99922112,-0.32438473,-0.05333410,0.22153072,-0.18465694,0,0,0,0,0
1413,294166,-0.68579834,0.97520850,-0.26679349,-0.07667480,0.22141811,-0.16231166,0,0,0,0,0
1414,294375,-0.72800047,0.96352232,-0.19690143,-0.06706642,0.22615062,-0.16879241,0,0,0,0,0
1415,294583,-0.76392430,0.94647932,-0.13918361,-0.09500239,0.24444152,-0.14487615,0,0,0,0,0
1416,294791,-0.80992335,0.92329265,-0.07252079,-0.10353335,0.25089937,-0.13351002,0,0,0,0,0
1417,295000,-0.84603186,0.89427797,-0.01291789,-0.12857536,0.23393874,-0.13736645,0,0,0,0,0
1418,295208,-0.87884189,0.86492837,0.05410728,-0.12384293,0.25109093,-0.11524709,0,0,0,0,0
1419,295416,-0.89804955,0.83305060,0.13021277,-0.14802941,0.23883370,-0.10628217,0,0,0,0,0
1420,295625,-0.94409773,0.78855673,0.18606177,-0.15290669,0.22981025,-0.07213120,0,0,0,0,0
1421,295833,-0.95049726,0.75474554,0.25448053,-0.17264805,0.22789730,-0.09812514,0,0,0,0,0
1422,296041,-0.96258474,0.69466977,0.31304349,-0.17101461,0.22870591,-0.06474226,0,0,0,0,0
1423,296250,-0.97751859,0.65425554,0.37571184,-0.20270467,0.23880488,-0.07632159,0,0,0,0,0
1424,296458,-0.98344250,0.58950772,0.42587965,-0.21921489,0.21161220,-0.04846995,0,0,0,0,0
1425,296666,-0.98350991,0.55860360,0.48436372,-0.22272468,0.21885419,-0.05319924,0,0,0,0,0
1426,296875,-0.98407146,0.49322981,0.54088901,-0.21922003,0.19150906,-0.02161655,0,0,0,0,0
1427,297083,-0.97447852,0.43797240,0.60439738,-0.22174141,0.22029973,-0.01915731,0,0,0,0,0
1428,297291,-0.96804399,0.37015116,0.65857583,-0.23746395,0.18042873,-0.01689367,0,0,0,0,0
1429,297500,-0.94670546,0.30874809,0.70296318,-0.24802485,0.16713545,-0.00392355,0,0,0,0,0
1430,297708,-0.93860607,0.24079220,0.76524162,-0.24525707,0.16083376,0.01175064,0,0,0,0,0
1431,297916,-0.92498143,0.17934343,0.80140758,-0.25471948,0.16986587,0.04503678,0,0,0,0,0
1432,298125,-0.88633799,0.11016344,0.83461594,-0.24726720,0.13188409,0.02236708,0,0,0,0,0
1433,298333,-0.86126037,0.04942057,0.87602699,-0.25633712,0.13443779,0.04278506,0,0,0,0,0
1434,298541,-0.82876728,-0.01894940,0.90698490,-0.26412956,0.13008116,0.05745910,0,0,0,0,0
1435,298750,-0.78954481,-0.07634416,0.93468099,-0.24636893,0.10805813,0.05976324,0,0,0,0,0
1436,298958,-0.74451045,-0.14982835,0.96038683,-0.26105877,0.11218288,0.06126939,0,0,0,0,0
1437,299166,-0.70611202,-0.21468219,0.98335565,-0.26611911,0.12913255,0.08337456,0,0,0,0,0
1438,299375,-0.66188577,-0.26991295,1.00070151,-0.25428647,0.08989504,0.07829557,0,0,0,0,0
1439,299583,-0.62240405,-0.32635187,1.00129555,-0.21495804,0.08108843,0.07175113,0,0,0,0,0
1440,299791,-0.55964921,-0.38901066,1.01434603,-0.23515115,0.07402082,0.11252760,0,0,0,0,0
1441,300000,-0.50587604,-0.44718636,1.01276552,-0.24947628,0.05356481,0.11478800,0,0,0,0,0
1442,300208,-0.45129467,-0.51279134,1.00703602,-0.22933727,0.04622369,0.12949848,0,0,0,0,0
1443,300416,-0.39179784,-0.56681425,1.00746913,-0.19564689,0.03001063,0.13822992,0,0,0,0,0
1444,300625,-0.32302855,-0.61856796,0.98888872,-0.20847092,0.01725687,0.12220416,0,0,0,0,0
1445,300833,-0.28192684,-0.66585586,0.98994595,-0.19994618,-0.00868786,0.12016669,0,0,0,0,0
1446,301041,-0.21091216,-0.70995484,0.96737425,-0.19393903,0.00069326,0.13825443,0,0,0,0,0
1447,301250,-0.14006858,-0.74770307,0.94884744,-0.15463777,-0.02448629,0.13896369,0,0,0,0,0
1448,301458,-0.06674371,-0.79682491,0.92153121,-0.14934708,-0.05034246,0.15217975,0,0,0,0,0
1449,301666,0.00078920,-0.83185040,0.88458119,-0.14036328,-0.03577968,0.16405410,0,0,0,0,0
1450,301875,0.05312152,-0.86410255,0.85176741,-0.11514047,-0.06759994,0.18538579,0,0,0,0,0
1451,302083,0.12259855,-0.89317139,0.81400886,-0.09583689,-0.09241863,0.16949050,0,0,0,0,0
1452,302291,0.18941913,-0.91931197,0.77025241,-0.08603854,-0.08989096,0.17311154,0,0,0,0,0
1453,302500,0.25973153,-0.94459300,0.73599447,-0.07148381,-0.08132294,0.18127686,0,0,0,0,0
1454,302708,0.31386747,-0.96340492,0.67862786,-0.07142675,-0.10151821,0.17558511,0,0,0,0,0
1455,302916,0.38085617,-0.96616620,0.63308607,-0.04651096,-0.12929863,0.16099224,0,0,0,0,0
1456,303125,0.42648069,-0.97539250,0.57619829,-0.03442362,-0.12796581,0.15371841,0,0,0,0,0
1457,303333,0.49260456,-0.98061553,0.52858448,-0.03012528,-0.12101109,0.16343809,0,0,0,0,0
1458,303541,0.55843171,-0.98451875,0.47427041,-0.02393829,-0.14393341,0.14596380,0,0,0,0,0
1459,303750,0.61019749,-0.97299575,0.41190186,-0.02183871,-0.14951765,0.14631239,0,0,0,0,0
1460,303958,0.65974574,-0.97354969,0.35122539,0.00551537,-0.16465910,0.13281535,0,0,0,0,0
1461,304166,0.71324008,-0.95846449,0.29634291,0.02809076,-0.16350358,0.10812667,0,0,0,0,0
1462,304375,0.75429739,-0.94352307,0.22453748,0.01533944,-0.17623735,0.10040697,0,0,0,0,0
1463,304583,0.79608857,-0.91552712,0.15811050,0.03720728,-0.17556844,0.08841056,0,0,0,0,0
1464,304791,0.83714474,-0.89917346,0.09173221,0.07062704,-0.19683459,0.07757403,0,0,0,0,0
1465,305000,0.87238910,-0.86485074,0.02693533,0.06194155,-0.18057360,0.07397074,0,0,0,0,0
1466,305208,0.90650947,-0.84113390,-0.04242364,0.06832808,-0.18007372,0.05421495,0,0,0,0,0
1467,305416,0.92728874,-0.81481578,-0.09750025,0.08623433,-0.19699287,0.05974011,0,0,0,0,0
1468,305625,0.95351951,-0.76205674,-0.17841510,0.11799597,-0.18991909,0.04212772,0,0,0,0,0
1469,305833,0.96802505,-0.72543436,-0.23013659,0.11421621,-0.18373731,0.01929713,0,0,0,0,0
1470,306041,0.99227219,-0.67530155,-0.30085180,0.12543007,-0.18043310,0.02604832,0,0,0,0,0
1471,306250,0.99955423,-0.62607292,-0.35353464,0.14083530,-0.17615268,0.01778906,0,0,0,0,0
1472,306458,1.00926385,-0.58082336,-0.42247959,0.14058782,-0.18484308,0.00859689,0,0,0,0,0
1473,306666,1.00105566,-0.52828914,-0.48595293,0.16937990,-0.16055745,0.01520040,0,0,0,0,0
1474,306875,1.01254403,-0.47427980,-0.54415444,0.17749852,-0.16140600,-0.00027086,0,0,0,0,0
1475,307083,1.01273605,-0.41537296,-0.59214073,0.20031987,-0.13666011,-0.02146853,0,0,0,0,0
1476,307291,0.99941182,-0.36105366,-0.65467740,0.18094626,-0.16030207,-0.02448823,0,0,0,0,0
1477,307500,0.97367868,-0.29249847,-0.69640580,0.19286005,-0.12826960,-0.04409193,0,0,0,0,0
1478,307708,0.96041286,-0.22353742,-0.74310248,0.20153980,-0.11170468,-0.07211846,0,0,0,0,0
1479,307916,0.92812811,-0.15711511,-0.79781852,0.21605687,-0.11510622,-0.05696920,0,0,0,0,0
1480,308125,0.91060858,-0.09392514,-0.83163941,0.23044668,-0.11492002,-0.07823349,0,0,0,0,0
1481,308333,0.88236564,-0.03020730,-0.87935664,0.23258689,-0.10628123,-0.07528985,0,0,0,0,0
1482,308541,0.85306225,0.03525083,-0.90014604,0.23949948,-0.08743384,-0.09607970,0,0,0,0,0
1483,308750,0.80562242,0.09424544,-0.94286334,0.22301386,-0.10857755,-0.10006893,0,0,0,0,0
1484,308958,0.76613495,0.15740744,-0.95943526,0.21512990,-0.08979698,-0.10348026,0,0,0,0,0
1485,309166,0.72886927,0.22642408,-0.97482594,0.22424645,-0.06721668,-0.09978712,0,0,0,0,0
1486,309375,0.68734392,0.29031985,-0.99384395,0.22398227,-0.06713989,-0.11771347,0,0,0,0,0
1487,309583,0.62621424,0.35220833,-1.00755628,0.21423919,-0.05943816,-0.13561543,0,0,0,0,0
1488,309791,0.58330672,0.40527435,-1.01954008,0.22594670,-0.05412513,-0.13456444,0,0,0,0,0
1489,310000,0.53335552,0.45760799,-1.02365688,0.20314126,-0.03734151,-0.13403132,0,0,0,0,0
1490,310208,0.46482386,0.52952496,-1.02174264,0.19577925,-0.02787116,-0.16288731,0,0,0,0,0
1491,310416,0.41256852,0.57250977,-1.02120034,0.18947406,-0.03311788,-0.16171048,0,0,0,0,0
1492,310625,0.35025524,0.62481117,-1.01202542,0.18709465,0.00689614,-0.15327047,0,0,0,0,0
1493,310833,0.28803361,0.67738426,-0.99377491,0.18315649,0.01247926,-0.15617907,0,0,0,0,0
1494,311041,0.21880204,0.72706373,-0.97997479,0.16181057,0.01906150,-0.16840409,0,0,0,0,0
1495,311250,0.16080450,0.76036195,-0.95329350,0.14659059,0.02198254,-0.16203256,0,0,0,0,0
1496,311458,0.09186102,0.79690078,-0.91762985,0.15448540,0.05846904,-0.17093105,0,0,0,0,0
1497,311666,0.02995979,0.83724567,-0.89853001,0.11996643,0.04585576,-0.17583982,0,0,0,0,0
1498,311875,-0.03738542,0.86029723,-0.87396507,0.11445355,0.07283523,-0.16907813,0,0,0,0,0
1499,312083,-0.11230293,0.89288333,-0.82959841,0.10019178,0.06547912,-0.17281802,0,0,0,0,0
1500,312291,-0.17902501,0.91856399,-0.78843877,0.07691746,0.11113949,-0.17421525,0,0,0,0,0
1501,312500,-0.23871308,0.93231118,-0.75519128,0.07597200,0.09258390,-0.18284451,0,0,0,0,0
1502,312708,-0.31347922,0.95501379,-0.70762475,0.06580737,0.09619927,-0.16253772,0,0,0,0,0
1503,312916,-0.37395333,0.96817851,-0.65745751,0.04922971,0.14467445,-0.15063879,0,0,0,0,0
1504,313125,-0.43521968,0.96946297,-0.59568249,0.04795010,0.12377346,-0.16050242,0,0,0,0,0
1505,313333,-0.48574158,0.97584763,-0.53170586,0.04670284,0.12426373,-0.15216714,0,0,0,0,0
1506,313541,-0.54896155,0.98466850,-0.48766547,0.04495475,0.17050121,-0.14999746,0,0,0,0,0
1507,313750,-0.60451061,0.97839794,-0.43064930,0.03083457,0.13791394,-0.11564732,0,0,0,0,0
1508,313958,-0.65812288,0.96162013,-0.36746120,0.02722602,0.16269574,-0.11130486,0,0,0,0,0
1509,314166,-0.71272294,0.94254356,-0.30285176,0.00495119,0.15060367,-0.08236067,0,0,0,0,0
1510,314375,-0.74812743,0.93093695,-0.24508790,-0.00538081,0.18060061,-0.07513682,0,0,0,0,0
1511,314583,-0.79106594,0.90511471,-0.17863014,-0.02299631,0.18688613,-0.06679765,0,0,0,0,0
1512,314791,-0.83995883,0.89107083,-0.11638381,-0.02011266,0.16648753,-0.05850911,0,0,0,0,0
1513,315000,-0.86711691,0.86401320,-0.04010881,-0.04277053,0.17580255,-0.04326408,0,0,0,0,0
1514,315208,-0.89821395,0.81872816,0.02701292,-0.05875066,0.16579841,-0.02891937,0,0,0,0,0
1515,315416,-0.92867986,0.80109269,0.08680218,-0.06147487,0.16053326,-0.01070749,0,0,0,0,0
1516,315625,-0.94817892,0.74865944,0.15024297,-0.08485390,0.17602336,-0.01638753,0,0,0,0,0
1517,315833,-0.97509348,0.69945297,0.22185573,-0.09276030,0.14357046,-0.01148796,0,0,0,0,0
1518,316041,-0.99951733,0.65824291,0.27308292,-0.10450305,0.16666294,0.00509571,0,0,0,0,0
1519,316250,-1.00620922,0.61955429,0.34575453,-0.09971014,0.14253069,0.00628448,0,0,0,0,0
1520,316458,-1.01204765,0.56024092,0.39651984,-0.11215453,0.13165527,0.02661892,0,0,0,0,0
1521,316666,-1.01644728,0.50064241,0.45567346,-0.12019565,0.13327607,0.03735707,0,0,0,0,0
1522,316875,-1.02355459,0.45208633,0.51066369,-0.14209852,0.11321586,0.04131413,0,0,0,0,0
1523,317083,-1.01427319,0.39674010,0.56942030,-0.14148195,0.10506892,0.05195360,0,0,0,0,0
1524,317291,-1.01703015,0.33339604,0.61920318,-0.14212411,0.09144997,0.07012930,0,0,0,0,0
1525,317500,-0.98604094,0.26425290,0.67272290,-0.15760566,0.10210145,0.08455502,0,0,0,0,0
1526,317708,-0.97469780,0.21018837,0.72308964,-0.15804792,0.08556906,0.09716321,0,0,0,0,0
1527,317916,-0.95776577,0.14101725,0.77600278,-0.16559518,0.06912507,0.10305699,0,0,0,0,0
1528,318125,-0.93790797,0.07563700,0.81336847,-0.16905349,0.06839711,0.11814263,0,0,0,0,0
1529,318333,-0.89139092,0.01342927,0.84742649,-0.15630187,0.05157683,0.13177330,0,0,0,0,0
1530,318541,-0.86821354,-0.06287123,0.88698729,-0.18494691,0.05379026,0.13051710,0,0,0,0,0
1531,318750,-0.83270275,-0.12245245,0.91318588,-0.19006274,0.03973162,0.12474279,0,0,0,0,0
1532,318958,-0.78884190,-0.17989744,0.93218906,-0.18470678,0.04057088,0.12505249,0,0,0,0,0
1533,319166,-0.74884782,-0.24418483,0.96318176,-0.17623649,0.03868868,0.15398400,0,0,0,0,0
1534,319375,-0.70247063,-0.30839270,0.98020735,-0.14787619,0.01439727,0.16340847,0,0,0,0,0
1535,319583,-0.65907225,-0.37377320,0.98383313,-0.16831210,0.01181526,0.18232764,0,0,0,0,0
1536,319791,-0.60025415,-0.43654568,1.00172030,-0.16258690,0.01417195,0.17778061,0,0,0,0,0
1537,320000,-0.54050914,-0.49188159,0.99680363,-0.16898585,-0.00148638,0.18709689,0,0,0,0,0
1538,320208,-0.49190450,-0.55003895,1.00732683,-0.16865797,-0.02614232,0.19086920,0,0,0,0,0
1539,320416,-0.41788139,-0.59638990,0.99284613,-0.14701179,-0.02671863,0.19687547,0,0,0,0,0
1540,320625,-0.36726683,-0.64223361,0.99007517,-0.14042055,-0.03748149,0.20093548,0,0,0,0,0
1541,320833,-0.30663082,-0.69456308,0.97440936,-0.12137786,-0.06178753,0.22571658,0,0,0,0,0
1542,321041,-0.25612942,-0.74028323,0.95510567,-0.11612824,-0.06883339,0.18656979,0,0,0,0,0
1543,321250,-0.18679711,-0.78218345,0.93324196,-0.11829161,-0.08169095,0.22029171,0,0,0,0,0
1544,321458,-0.11859330,-0.82141528,0.91806421,-0.09780782,-0.08817704,0.20906906,0,0,0,0,0
1545,321666,-0.05767393,-0.85196793,0.88968915,-0.07914212,-0.10707240,0.21538313,0,0,0,0,0
1546,321875,0.01927863,-0.88320745,0.85759332,-0.08479423,-0.10219916,0.21347530,0,0,0,0,0
1547,322083,0.08790695,-0.91674236,0.81213194,-0.04429147,-0.13080063,0.21981245,0,0,0,0,0
1548,322291,0.15650308,-0.93397635,0.78094488,-0.05442209,-0.14246783,0.22160125,0,0,0,0,0
1549,322500,0.21412066,-0.95023014,0.73107394,-0.03180443,-0.14460040,0.20875207,0,0,0,0,0
1550,322708,0.28574354,-0.97265150,0.68680215,-0.04188374,-0.15385346,0.21273102,0,0,0,0,0
1551,322916,0.34143621,-0.98408114,0.64282485,-0.01380634,-0.14768703,0.21513236,0,0,0,0,0
1552,323125,0.41669519,-0.99455398,0.58376027,-0.00602701,-0.17476778,0.17655703,0,0,0,0,0
1553,323333,0.47467871,-0.99386594,0.54390724,-0.02417362,-0.14545907,0.18814911,0,0,0,0,0
1554,323541,0.53169190,-0.99191301,0.47717510,-0.01337978,-0.18066849,0.15915541,0,0,0,0,0
1555,323750,0.57632289,-0.99326677,0.42479559,0.00230576,-0.17257619,0.17195220,0,0,0,0,0
1556,323958,0.63707642,-0.97815191,0.36389433,0.01286527,-0.19649111,0.16004317,0,0,0,0,0
1557,324166,0.68199099,-0.97001776,0.30284622,0.00624206,-0.18236174,0.13899058,0,0,0,0,0
1558,324375,0.72691480,-0.94855065,0.23680865,0.03023226,-0.19387623,0.10793462,0,0,0,0,0
1559,324583,0.77517069,-0.92591509,0.17127056,0.05643752,-0.21206103,0.08319100,0,0,0,0,0
1560,324791,0.81167639,-0.89661649,0.11419235,0.04484598,-0.20805456,0.07983955,0,0,0,0,0
1561,325000,0.85266483,-0.86996649,0.05299992,0.05409867,-0.19205924,0.09794632,0,0,0,0,0
1562,325208,0.87729540,-0.83941739,-0.01672647,0.09599765,-0.17928390,0.06842643,0,0,0,0,0
1563,325416,0.91252356,-0.80944782,-0.08090423,0.08402359,-0.19365730,0.05644399,0,0,0,0,0
1564,325625,0.93781710,-0.76629822,-0.14035023,0.10373722,-0.17739568,0.03667400,0,0,0,0,0
1565,325833,0.94975728,-0.71414032,-0.20481851,0.10639560,-0.17130144,0.03640225,0,0,0,0,0
1566,326041,0.96896353,-0.68006995,-0.26951385,0.12097085,-0.15957825,0.02130655,0,0,0,0,0
1567,326250,0.98748623,-0.62649718,-0.33373299,0.13891703,-0.18276549,0.00667166,0,0,0,0,0
1568,326458,0.99511777,-0.57890783,-0.39076853,0.12121248,-0.14696672,-0.02324514,0,0,0,0,0
1569,326666,1.00242944,-0.51981280,-0.44663793,0.12828711,-0.16038184,-0.00665583,0,0,0,0,0
1570,326875,1.00445656,-0.45779584,-0.51105541,0.15403908,-0.14550902,-0.01482035,0,0,0,0,0
1571,327083,0.99935961,-0.38985510,-0.55990223,0.15423846,-0.12796959,-0.03937624,0,0,0,0,0
1572,327291,0.99919584,-0.33934283,-0.60976681,0.14878888,-0.11785801,-0.07861418,0,0,0,0,0
1573,327500,0.97937274,-0.26638362,-0.66275462,0.17096977,-0.10181428,-0.07202939,0,0,0,0,0
1574,327708,0.95976499,-0.20782248,-0.70982633,0.14376893,-0.08167957,-0.09668604,0,0,0,0,0
1575,327916,0.94261540,-0.14166149,-0.75160232,0.16505959,-0.09068709,-0.10993647,0,0,0,0,0
1576,328125,0.92151406,-0.06657311,-0.80001697,0.14848076,-0.08561923,-0.12184096,0,0,0,0,0
1577,328333,0.89437057,-0.01060945,-0.83174997,0.17412799,-0.05513269,-0.11641715,0,0,0,0,0
1578,328541,0.85192219,0.06157028,-0.86047339,0.16635604,-0.04592172,-0.12627763,0,0,0,0,0
1579,328750,0.81050376,0.12402079,-0.89196621,0.17390609,-0.04287522,-0.15018677,0,0,0,0,0
1580,328958,0.78153511,0.18456491,-0.91977668,0.16587785,-0.02404780,-0.14457288,0,0,0,0,0
1581,329166,0.73334236,0.24727528,-0.94795369,0.17454651,-0.02372820,-0.15466814,0,0,0,0,0
1582,329375,0.69034313,0.32052363,-0.95922539,0.14868202,-0.01419264,-0.16520245,0,0,0,0,0
1583,329583,0.64875607,0.37472602,-0.96696391,0.15578801,-0.00805884,-0.18989019,0,0,0,0,0
1584,329791,0.59510905,0.43374514,-0.97777495,0.14142189,0.02187769,-0.17789328,0,0,0,0,0
1585,330000,0.54438848,0.48373381,-0.98150042,0.15177232,0.04348714,-0.17895724,0,0,0,0,0
1586,330208,0.48461560,0.54555663,-0.99789624,0.14338537,0.03762113,-0.20748130,0,0,0,0,0
1587,330416,0.42934460,0.61254790,-0.98689335,0.11190130,0.04552183,-0.21012086,0,0,0,0,0
1588,330625,0.37600541,0.66094348,-0.97506586,0.12517152,0.06665007,-0.22522929,0,0,0,0,0
1589,330833,0.30402841,0.71118686,-0.95550603,0.12392590,0.05684076,-0.22475193,0,0,0,0,0
1590,331041,0.25382304,0.74889221,-0.94029330,0.09552212,0.09521510,-0.23454650,0,0,0,0,0
1591,331250,0.18029487,0.78791389,-0.91469528,0.10294786,0.10759686,-0.22440485,0,0,0,0,0
1592,331458,0.10666116,0.83484566,-0.89858945,0.05859121,0.12881277,-0.22160306,0,0,0,0,0
1593,331666,0.05186399,0.87191489,-0.86461686,0.06224901,0.12741128,-0.24674801,0,0,0,0,0
1594,331875,-0.01385245,0.89903073,-0.83346853,0.05786577,0.13655924,-0.25508706,0,0,0,0,0
1595,332083,-0.08244859,0.92961973,-0.79166261,0.01207971,0.16661954,-0.25266688,0,0,0,0,0
1596,332291,-0.15173681,0.95214377,-0.75555760,0.01134748,0.17609078,-0.23734747,0,0,0,0,0
1597,332500,-0.22211891,0.96797994,-0.71648846,0.00978320,0.18165687,-0.23809262,0,0,0,0,0
1598,332708,-0.27804062,0.97989750,-0.67157756,-0.00015660,0.15595467,-0.24213294,0,0,0,0,0
1599,332916,-0.33238680,0.99979840,-0.62782236,-0.01023214,0.18489845,-0.22898553,0,0,0,0,0
1600,333125,-0.40154201,1.01077732,-0.56795481,-0.03281536,0.20161873,-0.22087031,0,0,0,0,0
1601,333333,-0.46460543,1.01617136,-0.52257970,-0.03961206,0.19354749,-0.22003063,0,0,0,0,0
1602,333541,-0.51576694,1.01434814,-0.46477878,-0.02191470,0.21962128,-0.21692815,0,0,0,0,0
1603,333750,-0.56452304,1.01089901,-0.40284024,-0.03294263,0.23076251,-0.18943121,0,0,0,0,0
1604,333958,-0.61611850,1.00480381,-0.35109130,-0.05355746,0.23172717,-0.19137128,0,0,0,0,0
1605,334166,-0.67448292,0.97551601,-0.28018134,-0.05057333,0.22948396,-0.17819231,0,0,0,0,0
1606,334375,-0.71249873,0.97041393,-0.22413635,-0.09547461,0.21781407,-0.15640547,0,0,0,0,0
1607,334583,-0.75233145,0.94658032,-0.16234043,-0.07820143,0.22165649,-0.12541460,0,0,0,0,0
1608,334791,-0.79337478,0.91855567,-0.09506482,-0.08377208,0.24613022,-0.11387233,0,0,0,0,0
1609,335000,-0.83638656,0.89023542,-0.03064169,-0.09087395,0.24472703,-0.11791313,0,0,0,0,0
1610,335208,-0.86624554,0.86079926,0.02898051,-0.11662454,0.22487399,-0.09721158,0,0,0,0,0
1611,335416,-0.89923474,0.82072759,0.09399764,-0.10582500,0.23640494,-0.09080365,0,0,0,0,0
1612,335625,-0.92367300,0.77805765,0.15570868,-0.14304832,0.22933543,-0.08012869,0,0,0,0,0
1613,335833,-0.93629083,0.74069504,0.22036691,-0.16320678,0.22607199,-0.06560725,0,0,0,0,0
1614,336041,-0.95735616,0.69469745,0.28831747,-0.17189603,0.21398391,-0.04716042,0,0,0,0,0
1615,336250,-0.97171674,0.64554695,0.33585280,-0.17797413,0.20050147,-0.05394909,0,0,0,0,0
1616,336458,-0.98374006,0.60222387,0.40244371,-0.17021159,0.21339991,-0.03090306,0,0,0,0,0
1617,336666,-0.98957771,0.53478664,0.46460967,-0.17703917,0.19958642,-0.01447987,0,0,0,0,0
1618,336875,-0.98445913,0.47727015,0.52717005,-0.18731882,0.17044320,-0.01901101,0,0,0,0,0
1619,337083,-0.98328351,0.41740934,0.56844232,-0.20226953,0.16747274,0.01467803,0,0,0,0,0
1620,337291,-0.96750336,0.35463037,0.62124204,-0.21089669,0.16251766,0.03514420,0,0,0,0,0
1621,337500,-0.95596609,0.30233825,0.66954046,-0.18856560,0.13236199,0.05226027,0,0,0,0,0
1622,337708,-0.94250061,0.22109773,0.72540494,-0.19779184,0.14050712,0.05813113,0,0,0,0,0
1623,337916,-0.91102346,0.16008921,0.77209482,-0.20544234,0.11340720,0.07763341,0,0,0,0,0
1624,338125,-0.88824952,0.08733880,0.80020909,-0.20097827,0.10668933,0.05962599,0,0,0,0,0
1625,338333,-0.87127957,0.02807185,0.83948812,-0.19664283,0.08034816,0.08962819,0,0,0,0,0
1626,338541,-0.83822870,-0.03721716,0.87171071,-0.20424656,0.08854309,0.11332486,0,0,0,0,0
1627,338750,-0.80022235,-0.10228977,0.89759558,-0.19631453,0.08182147,0.10355620,0,0,0,0,0
1628,338958,-0.77053770,-0.17155043,0.92331684,-0.21899306,0.07246278,0.13196082,0,0,0,0,0
1629,339166,-0.71721966,-0.22203572,0.95428877,-0.20004579,0.06476440,0.14042573,0,0,0,0,0
1630,339375,-0.68533665,-0.30570767,0.96410223,-0.19520885,0.04847932,0.16593212,0,0,0,0,0
1631,339583,-0.61492949,-0.36118533,0.98139924,-0.17044122,0.04639065,0.15653476,0,0,0,0,0
1632,339791,-0.56969658,-0.41806328,0.98389636,-0.18677038,0.03708778,0.16134900,0,0,0,0,0
1633,340000,-0.53667367,-0.47555291,0.98431088,-0.16728615,0.01922304,0.18142502,0,0,0,0,0
1634,340208,-0.47386145,-0.53587025,0.99062119,-0.16947109,-0.00704676,0.17578810,0,0,0,0,0
1635,340416,-0.40128512,-0.59033340,0.98172475,-0.16680057,-0.01234632,0.17164128,0,0,0,0,0
1636,340625,-0.34833434,-0.65161046,0.96963198,-0.15805198,-0.04468106,0.18256932,0,0,0,0,0
1637,340833,-0.29790656,-0.69679221,0.96076599,-0.12945164,-0.03838212,0.20502365,0,0,0,0,0
1638,341041,-0.23635891,-0.74161390,0.93644829,-0.11644826,-0.08470896,0.22500576,0,0,0,0,0
1639,341250,-0.16814082,-0.77336134,0.91882582,-0.10464963,-0.08659009,0.21480985,0,0,0,0,0
1640,341458,-0.09752451,-0.81307075,0.88626070,-0.09024484,-0.09805996,0.19778301,0,0,0,0,0
1641,341666,-0.03760866,-0.85593482,0.86697341,-0.07156163,-0.10989242,0.22786444,0,0,0,0,0
1642,341875,0.03366856,-0.88766399,0.81980536,-0.06286501,-0.12241379,0.25122376,0,0,0,0,0
1643,342083,0.10242510,-0.91817123,0.79217114,-0.05293636,-0.12959114,0.24292271,0,0,0,0,0
1644,342291,0.16285656,-0.94282889,0.74305364,-0.02605715,-0.14149053,0.24024546,0,0,0,0,0
1645,342500,0.22646853,-0.96810823,0.70785544,-0.01583628,-0.16960268,0.24864669,0,0,0,0,0
1646,342708,0.28634273,-0.98537981,0.66086486,0.00082463,-0.18183003,0.23963402,0,0,0,0,0
1647,342916,0.35531079,-0.99818345,0.61912020,0.00813619,-0.18130867,0.22295660,0,0,0,0,0
1648,343125,0.41067027,-1.01099750,0.56442803,0.01395542,-0.18415435,0.21589631,0,0,0,0,0
1649,343333,0.46763829,-1.00198573,0.50424420,0.03111444,-0.17759639,0.22294878,0,0,0,0,0
1650,343541,0.52758721,-1.01000288,0.44254773,0.03411506,-0.20976228,0.21025104,0,0,0,0,0
1651,343750,0.58253294,-1.00346692,0.39449723,0.05140365,-0.23352822,0.20189137,0,0,0,0,0
1652,343958,0.64045540,-0.99009576,0.33279292,0.05107222,-0.20922183,0.19107082,0,0,0,0,0
1653,344166,0.66604901,-0.98505534,0.26602746,0.04886032,-0.21695774,0.16882942,0,0,0,0,0
1654,344375,0.72406188,-0.96965457,0.19981893,0.06595742,-0.24135678,0.14465051,0,0,0,0,0
1655,344583,0.76316112,-0.94838794,0.14038709,0.07838033,-0.23301345,0.15069802,0,0,0,0,0
1656,344791,0.79447362,-0.92708946,0.08767020,0.10225558,-0.23812131,0.13878022,0,0,0,0,0
1657,345000,0.83177091,-0.90108905,0.02119492,0.12767758,-0.26321020,0.12447776,0,0,0,0,0
1658,345208,0.87008545,-0.86377222,-0.04942884,0.14204500,-0.24579457,0.10044081,0,0,0,0,0
1659,345416,0.89652531,-0.83694042,-0.10896744,0.16067935,-0.24353668,0.10500337,0,0,0,0,0
1660,345625,0.91721297,-0.79473631,-0.17265410,0.16044679,-0.23544415,0.09679342,0,0,0,0,0
1661,345833,0.94824406,-0.74405416,-0.24606568,0.16809945,-0.25207756,0.07882462,0,0,0,0,0
1662,346041,0.95956934,-0.70296123,-0.30627368,0.16246597,-0.21103735,0.06719600,0,0,0,0,0
1663,346250,0.96944676,-0.64801063,-0.36397173,0.18430957,-0.21347031,0.06707708,0,0,0,0,0
1664,346458,0.98168216,-0.59809906,-0.42532261,0.18930865,-0.19392394,0.05537718,0,0,0,0,0
1665,346666,0.97625843,-0.55237411,-0.47782285,0.20628198,-0.21619441,0.04374017,0,0,0,0,0
1666,346875,0.98128752,-0.48627352,-0.54206906,0.21911833,-0.19650015,0.02136563,0,0,0,0,0
1667,347083,0.99086306,-0.42240357,-0.59499215,0.20628469,-0.17637740,-0.00308743,0,0,0,0,0
1668,347291,0.96499999,-0.37344246,-0.64192888,0.23314086,-0.18721446,-0.00203382,0,0,0,0,0
1669,347500,0.95620868,-0.30741552,-0.68590742,0.23100588,-0.15654848,-0.02546859,0,0,0,0,0
1670,347708,0.93943404,-0.24115862,-0.74536365,0.23444966,-0.14892865,-0.03312760,0,0,0,0,0
1671,347916,0.90907559,-0.17855626,-0.79473178,0.23514509,-0.14232263,-0.04886984,0,0,0,0,0
1672,348125,0.88515065,-0.10343334,-0.82429232,0.23865079,-0.12617920,-0.05911640,0,0,0,0,0
1673,348333,0.86965321,-0.04614642,-0.85693730,0.24954378,-0.11170099,-0.06070268,0,0,0,0,0
1674,348541,0.82364892,0.02542963,-0.89212339,0.23857286,-0.11783760,-0.08138846,0,0,0,0,0
1675,348750,0.78058169,0.09170636,-0.92089227,0.22266333,-0.11073856,-0.07002948,0,0,0,0,0
1676,348958,0.75101345,0.15484230,-0.95171166,0.24988061,-0.08280986,-0.10385086,0,0,0,0,0
1677,349166,0.71093499,0.21311237,-0.96810255,0.22458254,-0.09164618,-0.09688813,0,0,0,0,0
1678,349375,0.66187707,0.28752978,-0.98698825,0.24832789,-0.08078564,-0.11201920,0,0,0,0,0
1679,349583,0.61174855,0.33506839,-0.99408676,0.21548445,-0.05164923,-0.11989499,0,0,0,0,0
1680,349791,0.57041369,0.40366794,-1.00382641,0.19856143,-0.04895667,-0.14965697,0,0,0,0,0
1681,350000,0.51009005,0.45624589,-0.99605448,0.21136697,-0.04862751,-0.13494498,0,0,0,0,0
1682,350208,0.45608923,0.51360732,-1.00705468,0.20669130,-0.03653452,-0.14083178,0,0,0,0,0
1683,350416,0.39274892,0.56989514,-1.00041774,0.18837901,-0.00155380,-0.15257963,0,0,0,0,0
1684,350625,0.33686770,0.62652764,-0.98381176,0.16325130,0.00291407,-0.17275241,0,0,0,0,0
1685,350833,0.27432057,0.67030753,-0.96720713,0.15786605,0.01210610,-0.15162823,0,0,0,0,0
1686,351041,0.21436487,0.71970196,-0.94982035,0.14332282,0.00702169,-0.18618363,0,0,0,0,0
1687,351250,0.14621510,0.76546452,-0.93143095,0.14764401,0.04713098,-0.18528001,0,0,0,0,0
1688,351458,0.08700189,0.81191974,-0.89745135,0.11428776,0.08351953,-0.19742594,0,0,0,0,0
1689,351666,0.01818388,0.83873989,-0.88537150,0.09974091,0.07827484,-0.17715820,0,0,0,0,0
1690,351875,-0.04979574,0.88033706,-0.83534537,0.08999120,0.07831301,-0.20660876,0,0,0,0,0
1691,352083,-0.11637222,0.90136573,-0.80038365,0.08181567,0.09154325,-0.18932270,0,0,0,0,0
1692,352291,-0.18069148,0.92632699,-0.75999312,0.05001074,0.11274610,-0.21959894,0,0,0,0,0
1693,352500,-0.24360009,0.95920312,-0.72434007,0.04882516,0.11402878,-0.20487728,0,0,0,0,0
1694,352708,-0.30881363,0.97285600,-0.67671937,0.03380680,0.13300533,-0.18972096,0,0,0,0,0
1695,352916,-0.37426401,0.97966070,-0.62063716,0.02183812,0.14488622,-0.19572965,0,0,0,0,0
1696,353125,-0.43193350,0.99861915,-0.56590865,0.02159713,0.15437844,-0.17474899,0,0,0,0,0
1697,353333,-0.48649748,0.99717924,-0.50934381,0.00022943,0.15227811,-0.18636865,0,0,0,0,0
1698,353541,-0.54149842,0.99894688,-0.45716996,-0.01086771,0.17206728,-0.17436596,0,0,0,0,0
1699,353750,-0.60150694,0.99698972,-0.39548789,-0.01748825,0.18770535,-0.15801530,0,0,0,0,0
1700,353958,-0.64017308,0.97548314,-0.34287293,-0.03376689,0.18250969,-0.14371592,0,0,0,0,0
1701,354166,-0.69428769,0.97049312,-0.27188167,-0.03797983,0.20079007,-0.14224799,0,0,0,0,0
1702,354375,-0.74293783,0.95493021,-0.21628718,-0.04946517,0.19502630,-0.13208516,0,0,0,0,0
1703,354583,-0.77867791,0.93877501,-0.14978303,-0.06481024,0.19696240,-0.12792110,0,0,0,0,0
1704,354791,-0.81035226,0.91033746,-0.07255709,-0.08787843,0.21461625,-0.10630978,0,0,0,0,0
1705,355000,-0.85442794,0.87446025,-0.01957990,-0.08981840,0.23422239,-0.09891601,0,0,0,0,0
1706,355208,-0.88314083,0.85457869,0.04249351,-0.09969595,0.23697918,-0.08126926,0,0,0,0,0
1707,355416,-0.91488520,0.81579341,0.11997239,-0.11761076,0.20832103,-0.09860848,0,0,0,0,0
1708,355625,-0.92975815,0.78447473,0.17671677,-0.12958545,0.21660635,-0.07937834,0,0,0,0,0
1709,355833,-0.95114585,0.73612653,0.24152578,-0.13762721,0.20199142,-0.05609333,0,0,0,0,0
1710,356041,-0.97799396,0.68394327,0.30561435,-0.15511634,0.20674074,-0.05877048,0,0,0,0,0
1711,356250,-0.97805005,0.62773372,0.35956629,-0.17038939,0.20018937,-0.04721348,0,0,0,0,0
1712,356458,-0.99343714,0.57982037,0.42881559,-0.17544703,0.18442905,-0.02869657,0,0,0,0,0
1713,356666,-0.99823080,0.53767408,0.48339665,-0.17687091,0.16605103,-0.02936337,0,0,0,0,0
1714,356875,-0.99598451,0.47933928,0.54215615,-0.19167354,0.16646371,-0.01122505,0,0,0,0,0
1715,357083,-0.99293204,0.42818370,0.59766916,-0.19635980,0.17027835,0.01432954,0,0,0,0,0
1716,357291,-0.98208072,0.36546882,0.64109807,-0.20322821,0.15039599,0.00626332,0,0,0,0,0
1717,357500,-0.97191910,0.29463027,0.69628377,-0.21226826,0.16408680,0.03062186,0,0,0,0,0
1718,357708,-0.94802468,0.23472730,0.74822250,-0.22601066,0.12441690,0.04967646,0,0,0,0,0
1719,357916,-0.93316596,0.17663170,0.79324593,-0.20450885,0.13055349,0.03603358,0,0,0,0,0
1720,358125,-0.90080509,0.10939642,0.83482723,-0.22831830,0.13344445,0.08146552,0,0,0,0,0
1721,358333,-0.87084723,0.03651052,0.87311373,-0.22402573,0.07977411,0.06864357,0,0,0,0,0
1722,358541,-0.83312689,-0.03112279,0.90664534,-0.23262223,0.11785597,0.07739230,0,0,0,0,0
1723,358750,-0.80108942,-0.09014002,0.92716337,-0.21816084,0.09986265,0.08558800,0,0,0,0,0
1724,358958,-0.76486932,-0.16307690,0.95398060,-0.23575085,0.09214341,0.09555614,0,0,0,0,0
1725,359166,-0.72284249,-0.22063339,0.98172966,-0.24013493,0.08064994,0.10301336,0,0,0,0,0
1726,359375,-0.67065329,-0.28334939,0.99453831,-0.20924912,0.08692831,0.10068469,0,0,0,0,0
1727,359583,-0.62894926,-0.34716334,1.00333716,-0.21150783,0.06286241,0.11672988,0,0,0,0,0
1728,359791,-0.56858795,-0.40034987,1.01455574,-0.21484556,0.07018779,0.13373721,0,0,0,0,0
1729,360000,-0.51920320,-0.45606593,1.00671244,-0.20458056,0.04762321,0.15483902,0,0,0,0,0
1730,360208,-0.47401711,-0.52383864,1.01515123,-0.20375394,0.03762835,0.14779229,0,0,0,0,0
1731,360416,-0.39338016,-0.56773901,1.01349907,-0.20727470,0.03291370,0.15045816,0,0,0,0,0
1732,360625,-0.34055297,-0.62363291,1.00449897,-0.20303294,-0.00020524,0.16434775,0,0,0,0,0
1733,360833,-0.28578437,-0.67291344,0.99141348,-0.19425039,-0.01692322,0.15071506,0,0,0,0,0
1734,361041,-0.21775104,-0.71356063,0.96458968,-0.18496732,-0.02103397,0.17871667,0,0,0,0,0
1735,361250,-0.13608817,-0.75359133,0.94576892,-0.16102083,-0.05548263,0.16347055,0,0,0,0,0
1736,361458,-0.08710793,-0.79868827,0.92933749,-0.15654816,-0.06764980,0.15500599,0,0,0,0,0
1737,361666,-0.01566269,-0.83143863,0.88925995,-0.12836951,-0.05752898,0.16620150,0,0,0,0,0
1738,361875,0.04298067,-0.87531977,0.85126425,-0.10591552,-0.08281117,0.17493745,0,0,0,0,0
1739,362083,0.11869310,-0.89877057,0.82371255,-0.08722664,-0.07660549,0.18222100,0,0,0,0,0
1740,362291,0.17562346,-0.91492468,0.77168490,-0.07492774,-0.09305202,0.16889554,0,0,0,0,0
1741,362500,0.25149340,-0.94892617,0.72637320,-0.07338486,-0.11867586,0.18348372,0,0,0,0,0
1742,362708,0.31094188,-0.95704965,0.68810352,-0.05944684,-0.11900026,0.17227229,0,0,0,0,0
1743,362916,0.37383610,-0.96535106,0.64086702,-0.05049874,-0.13124343,0.16656341,0,0,0,0,0
1744,363125,0.42603726,-0.97607788,0.58699907,-0.02748160,-0.13374570,0.18099714,0,0,0,0,0
1745,363333,0.49616869,-0.98584479,0.53045434,-0.03056111,-0.14148208,0.14336389,0,0,0,0,0
1746,363541,0.54558516,-0.98514682,0.47288465,-0.01834948,-0.13360073,0.14498662,0,0,0,0,0
1747,363750,0.60400359,-0.97887688,0.41458991,0.00296429,-0.16208382,0.12933742,0,0,0,0,0
1748,363958,0.65424940,-0.97676865,0.35445883,0.00741692,-0.16699841,0.13370730,0,0,0,0,0
1749,364166,0.70426373,-0.97350321,0.29064169,0.03329256,-0.14487781,0.11354984,0,0,0,0,0
1750,364375,0.75407549,-0.93822003,0.22722423,0.01422669,-0.15197633,0.08265196,0,0,0,0,0
1751,364583,0.78393550,-0.90885798,0.16361568,0.02284497,-0.16961914,0.08927528,0,0,0,0,0
1752,364791,0.82897747,-0.89345071,0.09154550,0.05518956,-0.17938058,0.06893013,0,0,0,0,0
1753,365000,0.86670607,-0.86570389,0.03619318,0.06184517,-0.19321009,0.06916346,0,0,0,0,0
1754,365208,0.90061639,-0.83910533,-0.03589510,0.08916739,-0.18118737,0.05897057,0,0,0,0,0
1755,365416,0.92096155,-0.79931941,-0.10974962,0.09336722,-0.18282945,0.04121791,0,0,0,0,0
1756,365625,0.95127466,-0.75725692,-0.16027114,0.09168209,-0.17414639,0.03940719,0,0,0,0,0
1757,365833,0.97049532,-0.72274011,-0.22281041,0.10786748,-0.16139445,0.03841380,0,0,0,0,0
1758,366041,0.98412716,-0.66888097,-0.28376118,0.12332367,-0.16899345,0.02172784,0,0,0,0,0
1759,366250,0.99649732,-0.62381027,-0.35610002,0.13118933,-0.15064389,0.02028473,0,0,0,0,0
1760,366458,0.99978787,-0.57443002,-0.43106524,0.14184529,-0.16316014,0.00228028,0,0,0,0,0
1761,366666,1.01599297,-0.52300743,-0.47214093,0.16145178,-0.16125220,-0.02637618,0,0,0,0,0
1762,366875,1.00898973,-0.46120329,-0.53142693,0.16479327,-0.15720271,-0.02013311,0,0,0,0,0
1763,367083,0.99972010,-0.40319861,-0.58409373,0.16580190,-0.12588685,-0.04756017,0,0,0,0,0
1764,367291,0.99873993,-0.34407977,-0.63505142,0.17109751,-0.12557198,-0.04560003,0,0,0,0,0
1765,367500,0.98183227,-0.29161435,-0.68947034,0.18894736,-0.11967647,-0.05984102,0,0,0,0,0
1766,367708,0.96315065,-0.21388575,-0.73583764,0.18434019,-0.11375377,-0.04828002,0,0,0,0,0
1767,367916,0.94130665,-0.14183610,-0.78288364,0.18539155,-0.10999121,-0.09107551,0,0,0,0,0
1768,368125,0.91929690,-0.08507551,-0.82385989,0.19427059,-0.08730685,-0.09234593,0,0,0,0,0
1769,368333,0.88733340,-0.01644666,-0.86211195,0.20150559,-0.09633344,-0.08955056,0,0,0,0,0
1770,368541,0.84604519,0.04699889,-0.88582277,0.20181237,-0.07924417,-0.09595862,0,0,0,0,0
1771,368750,0.80538355,0.10953230,-0.91903137,0.19631029,-0.05930206,-0.12570327,0,0,0,0,0
1772,368958,0.77638711,0.17451890,-0.94864292,0.21767978,-0.05576828,-0.11471542,0,0,0,0,0
1773,369166,0.73009543,0.23847318,-0.97260346,0.20682782,-0.03902679,-0.12922635,0,0,0,0,0
1774,369375,0.68607685,0.30138544,-0.98920906,0.20685081,-0.06337742,-0.14906974,0,0,0,0,0
1775,369583,0.64240693,0.35953809,-0.99114029,0.19828045,-0.03498779,-0.14943411,0,0,0,0,0
1776,369791,0.59069314,0.41404656,-1.00640107,0.18487895,-0.03308687,-0.13450948,0,0,0,0,0
1777,370000,0.53952432,0.47822775,-1.00707228,0.15602475,-0.01575712,-0.15735321,0,0,0,0,0
1778,370208,0.48056448,0.53110498,-1.01315377,0.18690081,-0.00993688,-0.17898788,0,0,0,0,0
1779,370416,0.41784962,0.58650628,-1.00329769,0.17611753,0.00088789,-0.16248262,0,0,0,0,0
1780,370625,0.36284951,0.63445429,-1.00347177,0.15783035,0.02735140,-0.20172117,0,0,0,0,0
1781,370833,0.29012365,0.68300071,-0.98533110,0.15699556,0.01921319,-0.16922156,0,0,0,0,0
1782,371041,0.22876783,0.72503358,-0.97004334,0.14179126,0.02713524,-0.17949786,0,0,0,0,0
1783,371250,0.16500572,0.76214454,-0.95503491,0.13418235,0.06032705,-0.19765292,0,0,0,0,0
1784,371458,0.09176302,0.81131985,-0.92147364,0.13785950,0.07501900,-0.19328579,0,0,0,0,0
1785,371666,0.03444521,0.84006426,-0.89482800,0.09816318,0.08911371,-0.18626265,0,0,0,0,0
1786,371875,-0.03363750,0.86792967,-0.85397741,0.08207786,0.09426904,-0.18505790,0,0,0,0,0
1787,372083,-0.11044344,0.90818131,-0.81600475,0.09805942,0.10213755,-0.19351494,0,0,0,0,0
1788,372291,-0.16170986,0.92547624,-0.77673793,0.06824238,0.12746257,-0.19637752,0,0,0,0,0
1789,372500,-0.22967475,0.95787622,-0.73401204,0.05773117,0.11517776,-0.18641703,0,0,0,0,0
1790,372708,-0.30639879,0.97086545,-0.70235037,0.05988656,0.13662084,-0.17380131,0,0,0,0,0
1791,372916,-0.36291381,0.97992067,-0.64781410,0.04665847,0.15583960,-0.17197520,0,0,0,0,0
1792,373125,-0.42042252,0.98486282,-0.58972200,0.03896504,0.13765948,-0.18770744,0,0,0,0,0
1793,373333,-0.48068862,0.99643851,-0.54251140,0.02700045,0.15209288,-0.16555531,0,0,0,0,0
1794,373541,-0.53868679,0.98718366,-0.48085010,0.02152252,0.15754336,-0.16489695,0,0,0,0,0
1795,373750,-0.59171213,0.99048969,-0.41263719,0.00012191,0.17626587,-0.17377962,0,0,0,0,0
1796,373958,-0.64688055,0.98011352,-0.36568152,-0.00670212,0.19744443,-0.12891989,0,0,0,0,0
1797,374166,-0.69197878,0.97275857,-0.30225021,-0.01369208,0.16671900,-0.12069020,0,0,0,0,0
1798,374375,-0.73770036,0.94937550,-0.23841315,-0.03098495,0.17324991,-0.10930162,0,0,0,0,0
1799,374583,-0.78525860,0.91906248,-0.17921690,-0.03797875,0.18010080,-0.09742169,0,0,0,0,0
1800,374791,-0.81413100,0.89932711,-0.11479100,-0.04807498,0.17665517,-0.06438690,0,0,0,0,0
1801,375000,-0.86824994,0.87539997,-0.04546938,-0.05760539,0.20179588,-0.06604438,0,0,0,0,0
1802,375208,-0.88761115,0.83494075,0.02410621,-0.08805800,0.19300918,-0.05976147,0,0,0,0,0
1803,375416,-0.93511761,0.80556013,0.09176175,-0.08976372,0.17488403,-0.05437371,0,0,0,0,0
1804,375625,-0.94612015,0.76596671,0.15341762,-0.08843733,0.17103639,-0.02612656,0,0,0,0,0
1805,375833,-0.96491347,0.71783977,0.20862779,-0.11258314,0.18219876,-0.02485474,0,0,0,0,0
1806,376041,-0.97813144,0.67358541,0.28029225,-0.12403939,0.17644548,-0.01667739,0,0,0,0,0
1807,376250,-0.99405518,0.62048320,0.33608606,-0.12437987,0.17561462,-0.00377722,0,0,0,0,0
1808,376458,-1.01123522,0.56889569,0.40321969,-0.14351266,0.15024700,0.02642853,0,0,0,0,0
1809,376666,-1.00767436,0.51024923,0.46319930,-0.13941751,0.15464528,0.02524007,0,0,0,0,0
1810,376875,-1.00949166,0.45493518,0.51404012,-0.14639362,0.13293834,0.02266571,0,0,0,0,0
1811,377083,-1.00998645,0.39359090,0.58742736,-0.17614002,0.12064003,0.06114722,0,0,0,0,0
1812,377291,-0.99479127,0.34254205,0.62236003,-0.16030654,0.11814117,0.04973680,0,0,0,0,0
1813,377500,-0.98721826,0.26337198,0.67454480,-0.17571815,0.10763923,0.07519805,0,0,0,0,0
1814,377708,-0.96607169,0.21026657,0.72728841,-0.18773964,0.10050301,0.07481861,0,0,0,0,0
1815,377916,-0.94304443,0.15210424,0.77227922,-0.16060677,0.08646334,0.11209711,0,0,0,0,0
1816,378125,-0.91731560,0.07836183,0.80370627,-0.18262558,0.07984941,0.12229943,0,0,0,0,0
1817,378333,-0.89626662,0.01503354,0.84357267,-0.18123434,0.07544182,0.10275093,0,0,0,0,0
1818,378541,-0.84908456,-0.04467685,0.86759364,-0.17120917,0.03743218,0.11368548,0,0,0,0,0
1819,378750,-0.82324546,-0.11557354,0.90529442,-0.18451127,0.06583535,0.12702218,0,0,0,0,0
1820,378958,-0.77649566,-0.19050525,0.93956252,-0.19953471,0.04320242,0.13243891,0,0,0,0,0
1821,379166,-0.73537729,-0.24291428,0.96145187,-0.18954848,0.02667105,0.12432933,0,0,0,0,0
1822,379375,-0.69094417,-0.30440195,0.97588061,-0.17357719,0.03220075,0.15779210,0,0,0,0,0
1823,379583,-0.64723869,-0.36658956,0.98434489,-0.17687755,0.00241842,0.17367670,0,0,0,0,0
1824,379791,-0.58725982,-0.42414337,0.99055283,-0.17210781,0.00970944,0.17365415,0,0,0,0,0
1825,380000,-0.54087565,-0.48100338,0.99491633,-0.15744455,-0.01066732,0.16560713,0,0,0,0,0
1826,380208,-0.47845312,-0.53744300,0.99921514,-0.16298781,-0.01187573,0.19156105,0,0,0,0,0
1827,380416,-0.42975470,-0.60217533,0.98466652,-0.14843872,-0.04386893,0.19842426,0,0,0,0,0
1828,380625,-0.37232656,-0.65088255,0.97942969,-0.15409754,-0.03559893,0.19846022,0,0,0,0,0
1829,380833,-0.30404981,-0.70137545,0.97796784,-0.11907021,-0.06488884,0.20821591,0,0,0,0,0
1830,381041,-0.24450999,-0.73546194,0.95136655,-0.12791740,-0.08040014,0.22498346,0,0,0,0,0
1831,381250,-0.16965634,-0.77827022,0.93414196,-0.11074987,-0.08000492,0.23182212,0,0,0,0,0
1832,381458,-0.09990221,-0.82027779,0.90756008,-0.12440616,-0.10051302,0.23005964,0,0,0,0,0
1833,381666,-0.04801262,-0.85787662,0.87585768,-0.08128389,-0.11605193,0.20474874,0,0,0,0,0
1834,381875,0.01824078,-0.88577604,0.84624389,-0.06744444,-0.12505174,0.21776204,0,0,0,0,0
1835,382083,0.08822555,-0.91533601,0.81937092,-0.05986640,-0.13185111,0.24008414,0,0,0,0,0
1836,382291,0.15561547,-0.94234488,0.78273697,-0.03505914,-0.13031989,0.21684305,0,0,0,0,0
1837,382500,0.21428169,-0.96573936,0.72889547,-0.02669892,-0.13854602,0.23824069,0,0,0,0,0
1838,382708,0.28763419,-0.97896546,0.69074279,-0.03105812,-0.15912947,0.21332696,0,0,0,0,0
1839,382916,0.33496541,-0.99754414,0.63191636,-0.00544154,-0.15644221,0.20718066,0,0,0,0,0
1840,383125,0.42104506,-1.00612518,0.57494060,-0.00225126,-0.17881683,0.18409117,0,0,0,0,0
1841,383333,0.46278937,-1.00608501,0.53481250,0.00770185,-0.16770391,0.19053621,0,0,0,0,0
1842,383541,0.53424408,-1.00155423,0.47529710,0.01368138,-0.15979928,0.17514192,0,0,0,0,0
1843,383750,0.57412743,-0.99839154,0.41684454,0.02385104,-0.20224377,0.16872131,0,0,0,0,0
1844,383958,0.63832340,-0.98016704,0.36068308,0.02533004,-0.20110946,0.16010440,0,0,0,0,0
1845,384166,0.68587277,-0.97107745,0.29086352,0.03489687,-0.21755982,0.15636668,0,0,0,0,0
1846,384375,0.72810073,-0.95740139,0.23526007,0.05398906,-0.21826758,0.15766468,0,0,0,0,0
1847,384583,0.76632046,-0.93192039,0.16808370,0.03780731,-0.21382625,0.12375931,0,0,0,0,0
1848,384791,0.80073149,-0.90362341,0.10255561,0.07930314,-0.20407785,0.11059431,0,0,0,0,0
1849,385000,0.85167925,-0.87302716,0.04299867,0.05985791,-0.22131281,0.08488946,0,0,0,0,0
1850,385208,0.87333442,-0.84872209,-0.02718040,0.09057540,-0.20931648,0.07357226,0,0,0,0,0
1851,385416,0.90966711,-0.82146316,-0.09108709,0.09404711,-0.22052085,0.06051079,0,0,0,0,0
1852,385625,0.91889658,-0.77642447,-0.15772907,0.13380504,-0.18814148,0.06883460,0,0,0,0,0
1853,385833,0.95555568,-0.73031481,-0.21920448,0.11625676,-0.18411621,0.06392594,0,0,0,0,0
1854,386041,0.96960668,-0.68731608,-0.27697698,0.15131938,-0.19817115,0.02446532,0,0,0,0,0
1855,386250,0.98047802,-0.62605133,-0.33628391,0.15242989,-0.16990887,0.02441233,0,0,0,0,0
1856,386458,0.98959159,-0.58524205,-0.40705081,0.14788568,-0.15856465,0.01016244,0,0,0,0,0
1857,386666,0.98806318,-0.52760991,-0.45787927,0.15909056,-0.17120175,-0.00407135,0,0,0,0,0
1858,386875,0.98863349,-0.47515814,-0.51520102,0.16006606,-0.15133423,-0.01395194,0,0,0,0,0
1859,387083,0.99129640,-0.42115529,-0.57719654,0.17791487,-0.11796170,-0.02183700,0,0,0,0,0
1860,387291,0.97617556,-0.33968443,-0.61393093,0.18759898,-0.14451521,-0.04041979,0,0,0,0,0
1861,387500,0.97271580,-0.29137154,-0.66402928,0.19236932,-0.11627212,-0.06049540,0,0,0,0,0
1862,387708,0.95214386,-0.22184242,-0.71486680,0.19899568,-0.13415590,-0.08931856,0,0,0,0,0
1863,387916,0.93866487,-0.15589042,-0.76550659,0.19178922,-0.09540468,-0.08362130,0,0,0,0,0
1864,388125,0.90745352,-0.08182218,-0.81006246,0.18222181,-0.09092945,-0.09221186,0,0,0,0,0
1865,388333,0.87520841,-0.02002178,-0.83663406,0.18760706,-0.09961366,-0.11926573,0,0,0,0,0
1866,388541,0.85363034,0.05080914,-0.87121097,0.18620205,-0.08131833,-0.11505118,0,0,0,0,0
1867,388750,0.80497616,0.11991036,-0.90775577,0.17841684,-0.04677347,-0.13780763,0,0,0,0,0
1868,388958,0.77374017,0.17863646,-0.93278271,0.20199097,-0.06065230,-0.11600890,0,0,0,0,0
1869,389166,0.72624938,0.24740550,-0.94727236,0.19770676,-0.02929259,-0.14357519,0,0,0,0,0
1870,389375,0.68771180,0.31241250,-0.96695099,0.17913205,-0.03816211,-0.13783451,0,0,0,0,0
1871,389583,0.64796928,0.37559594,-0.97712355,0.18367852,-0.02922546,-0.15364258,0,0,0,0,0
1872,389791,0.59224917,0.42426124,-0.98645711,0.17500455,-0.00269781,-0.16674399,0,0,0,0,0
1873,390000,0.53474213,0.48505502,-0.99246378,0.15961858,-0.00940847,-0.16133459,0,0,0,0,0
1874,390208,0.47865876,0.53441361,-0.98619168,0.15085583,0.02083051,-0.18894587,0,0,0,0,0
1875,390416,0.42651723,0.59431906,-0.98808004,0.14988993,0.02286077,-0.19043521,0,0,0,0,0
1876,390625,0.35667045,0.64826722,-0.96511849,0.13789710,0.05820435,-0.19885848,0,0,0,0,0
1877,390833,0.30160572,0.69008161,-0.96401085,0.12031643,0.04681701,-0.18616566,0,0,0,0,0
1878,391041,0.23496420,0.74983597,-0.93842278,0.11673868,0.07053557,-0.20367856,0,0,0,0,0
1879,391250,0.17869737,0.79026996,-0.90724052,0.09564912,0.08957403,-0.23177618,0,0,0,0,0
1880,391458,0.10426677,0.82718121,-0.89612470,0.09089366,0.09875011,-0.22265317,0,0,0,0,0
1881,391666,0.04385239,0.85466403,-0.86975628,0.05347483,0.09697351,-0.22877783,0,0,0,0,0
1882,391875,-0.02715715,0.89128553,-0.84048810,0.05880926,0.14076692,-0.23571158,0,0,0,0,0
1883,392083,-0.08013113,0.91998717,-0.79514255,0.02144625,0.15522176,-0.23773320,0,0,0,0,0
1884,392291,-0.16035250,0.94543225,-0.75949463,0.04593567,0.15449934,-0.22408041,0,0,0,0,0
1885,392500,-0.22605827,0.97248264,-0.70138224,0.02492603,0.17714706,-0.21722680,0,0,0,0,0
1886,392708,-0.28294725,0.98419847,-0.65924590,0.00053636,0.16655019,-0.24171628,0,0,0,0,0
1887,392916,-0.35277895,0.99400115,-0.62965380,0.00566616,0.17417138,-0.24217019,0,0,0,0,0
1888,393125,-0.41504335,1.00807744,-0.55625283,-0.00629511,0.16699558,-0.22699638,0,0,0,0,0
1889,393333,-0.46475795,1.01113691,-0.52367132,-0.02806160,0.18563054,-0.19846955,0,0,0,0,0
1890,393541,-0.53042375,1.00603034,-0.46495900,-0.04603002,0.19821221,-0.19827907,0,0,0,0,0
1891,393750,-0.57736600,1.01269514,-0.39948798,-0.03322693,0.20881581,-0.19506390,0,0,0,0,0
1892,393958,-0.62222596,0.99583091,-0.33630428,-0.03725374,0.20581567,-0.17491729,0,0,0,0,0
1893,394166,-0.67863149,0.98923041,-0.28128056,-0.05920579,0.21575030,-0.17149480,0,0,0,0,0
1894,394375,-0.72579948,0.95919298,-0.21945032,-0.05776586,0.23169449,-0.13974513,0,0,0,0,0
1895,394583,-0.76536038,0.94776918,-0.15722101,-0.07800624,0.23434254,-0.13616790,0,0,0,0,0
1896,394791,-0.80007476,0.91889258,-0.09392740,-0.08964755,0.23636049,-0.11816309,0,0,0,0,0
1897,395000,-0.83908459,0.88680332,-0.03180500,-0.10280405,0.22817073,-0.11219880,0,0,0,0,0
1898,395208,-0.87582556,0.85806030,0.04051754,-0.11400072,0.21215223,-0.11038571,0,0,0,0,0
1899,395416,-0.90227645,0.82322935,0.09932086,-0.11924392,0.22276459,-0.07741139,0,0,0,0,0
1900,395625,-0.92523398,0.77824704,0.17033837,-0.12422602,0.22925996,-0.09374623,0,0,0,0,0
1901,395833,-0.94347621,0.74450492,0.22700046,-0.14915869,0.19843791,-0.06646833,0,0,0,0,0
1902,396041,-0.95416600,0.69506403,0.28949785,-0.16673906,0.19610131,-0.04740889,0,0,0,0,0
1903,396250,-0.97756771,0.64538275,0.34449283,-0.16150316,0.20523026,-0.02811447,0,0,0,0,0
1904,396458,-0.98180266,0.58876882,0.41933863,-0.17207847,0.21258653,-0.03952915,0,0,0,0,0
1905,396666,-0.98561486,0.53628568,0.45510252,-0.17528157,0.19395535,-0.00292092,0,0,0,0,0
1906,396875,-0.97627703,0.48184608,0.52980543,-0.18061200,0.17013891,-0.02198730,0,0,0,0,0
1907,397083,-0.98954423,0.42792764,0.58365283,-0.20229257,0.16562383,0.01091129,0,0,0,0,0
1908,397291,-0.97378941,0.35707796,0.63383583,-0.19945439,0.15877999,0.01656283,0,0,0,0,0
1909,397500,-0.95984420,0.28623928,0.68644455,-0.20682176,0.14387585,0.03828488,0,0,0,0,0
1910,397708,-0.94103636,0.22894494,0.73001989,-0.19804934,0.12777633,0.05903721,0,0,0,0,0
1911,397916,-0.92996581,0.17096231,0.76804570,-0.23008126,0.12775009,0.05474814,0,0,0,0,0
1912,398125,-0.89690899,0.10152849,0.81732642,-0.19566591,0.09082798,0.08463123,0,0,0,0,0
1913,398333,-0.86446387,0.03014141,0.84907652,-0.23082648,0.11635574,0.08518433,0,0,0,0,0
1914,398541,-0.82769758,-0.04594952,0.88540647,-0.21006405,0.09061167,0.09886792,0,0,0,0,0
1915,398750,-0.79853621,-0.09109707,0.90433973,-0.20224414,0.07475677,0.10104457,0,0,0,0,0
1916,398958,-0.76021032,-0.16136727,0.92904854,-0.20179691,0.08850045,0.11522408,0,0,0,0,0
1917,399166,-0.71307592,-0.23085286,0.94690656,-0.23378818,0.08045694,0.12512850,0,0,0,0,0
1918,399375,-0.67259230,-0.29635498,0.97166116,-0.20366135,0.06018049,0.13587755,0,0,0,0,0
1919,399583,-0.62367592,-0.34709056,0.98440743,-0.19444735,0.04014930,0.13946010,0,0,0,0,0
1920,399791,-0.57124190,-0.41950851,0.99234355,-0.19672265,0.02525183,0.14892853,0,0,0,0,0
1921,400000,-0.52004375,-0.46950516,0.99580367,-0.20034650,0.04147096,0.15583940,0,1,0,0,0
1922,400208,-0.46571941,-0.53216980,1.00032869,-0.15376404,0.00448623,0.16373588,0,1,0,0,0
1923,400416,-0.40619595,-0.58265800,0.99086896,-0.15929115,0.01012279,0.17235881,0,1,0,0,0
1924,400625,-0.34447111,-0.63026416,0.97396076,-0.15400710,-0.01318132,0.16431286,0,1,0,0,0
1925,400833,-0.28893006,-0.67476822,0.96269072,-0.13919523,-0.04075663,0.17478088,0,1,0,0,0
1926,401041,-0.23119466,-0.73334720,0.95450173,-0.13608613,-0.04768679,0.18521565,0,1,0,0,0
1927,401250,-0.16685272,-0.78199223,0.91888332,-0.12713904,-0.07245819,0.20311874,0,1,0,0,0
1928,401458,-0.09955440,-0.81042698,0.89753568,-0.10740089,-0.08148956,0.22229520,0,1,0,0,0
1929,401666,-0.03537027,-0.84948008,0.86931365,-0.09613438,-0.09741389,0.22498271,0,1,0,0,0
1930,401875,0.04174789,-0.87614678,0.84257389,-0.06436997,-0.13375577,0.21892632,0,1,0,0,0
1931,402083,0.10749675,-0.91071353,0.79528324,-0.05719771,-0.13294409,0.20787325,0,1,0,0,0
1932,402291,0.16640122,-0.92926680,0.76031490,-0.03449184,-0.12093180,0.22239936,0,1,0,0,0
1933,402500,0.23546589,-0.96898463,0.72181565,-0.01299158,-0.15445133,0.20883209,0,1,0,0,0
1934,402708,0.29584464,-0.97388110,0.67127857,-0.03437718,-0.16271773,0.22362077,0,1,0,0,0
1935,402916,0.35645160,-0.99208119,0.61778680,-0.00496514,-0.18141610,0.19992038,0,1,0,0,0
1936,403125,0.41754066,-1.00021019,0.57028943,-0.00168107,-0.18581935,0.19528102,0,1,0,0,0
1937,403333,0.47149720,-0.99562151,0.51851697,0.01792529,-0.18530744,0.18534302,0,1,0,0,0
1938,403541,0.53409441,-1.00440608,0.44334989,0.01995550,-0.18410554,0.20052702,0,1,0,0,0
1939,403750,0.59486199,-0.99854980,0.39736692,0.03597084,-0.18758324,0.18289728,0,1,0,0,0
1940,403958,0.64243134,-0.99532932,0.33645324,0.03236098,-0.20961826,0.17996284,0,1,0,0,0
1941,404166,0.68718005,-0.98282212,0.27602773,0.04883505,-0.21034841,0.17742253,0,1,0,0,0
1942,404375,0.73064501,-0.96451079,0.21183425,0.08054511,-0.23017494,0.13970554,0,1,0,0,0
1943,404583,0.77413589,-0.93816247,0.14189253,0.08091302,-0.21041616,0.11813967,0,1,0,0,0
1944,404791,0.81058693,-0.90386568,0.09088655,0.08254697,-0.22642321,0.12650887,0,1,0,0,0
1945,405000,0.83753454,-0.88667394,0.00759653,0.09761322,-0.21066201,0.11805812,0,1,0,0,0
1946,405208,0.87705419,-0.85981692,-0.04099994,0.11374077,-0.23186728,0.09996107,0,1,0,0,0
1947,405416,0.90246152,-0.82650106,-0.10122479,0.12174410,-0.21918112,0.07600133,0,1,0,0,0
1948,405625,0.92862822,-0.78096601,-0.17978968,0.16029946,-0.21895279,0.08235466,0,1,0,0,0
1949,405833,0.94905277,-0.74473797,-0.22839926,0.13764487,-0.21938243,0.06416754,0,1,0,0,0
1950,406041,0.96482619,-0.68933588,-0.29594094,0.16802015,-0.20430523,0.05332501,0,1,0,0,0
1951,406250,0.97212899,-0.64899695,-0.36346000,0.16277622,-0.19266280,0.04594972,0,1,0,0,0
1952,406458,0.99291558,-0.59605202,-0.42105513,0.21478072,-0.19985542,0.03960815,0,1,0,0,0
1953,406666,0.98229038,-0.54310305,-0.48407722,0.17692477,-0.18972944,0.02139152,0,1,0,0,0
1954,406875,0.99321246,-0.48907161,-0.53279464,0.20512104,-0.16866659,0.01907439,0,1,0,0,0
1955,407083,0.98246329,-0.42785773,-0.58810132,0.20450223,-0.17334150,-0.00117431,0,1,0,0,0
1956,407291,0.97048392,-0.36309453,-0.63775206,0.21699426,-0.16241209,-0.00430744,0,1,0,0,0
1957,407500,0.96329386,-0.29872632,-0.68978010,0.20766679,-0.13538530,-0.02854079,0,1,0,0,0
1958,407708,0.94572869,-0.23014482,-0.73978075,0.22976616,-0.14260252,-0.02381093,0,1,0,0,0
1959,407916,0.92435942,-0.16989835,-0.78795635,0.21142049,-0.13296172,-0.05201391,0,1,0,0,0
1960,408125,0.90633796,-0.10429928,-0.83176047,0.23051653,-0.12385302,-0.05824448,0,1,0,0,0
1961,408333,0.87739363,-0.04165831,-0.86624894,0.22075391,-0.13135260,-0.08017834,0,1,0,0,0
1962,408541,0.83502242,0.02852416,-0.89637362,0.23385796,-0.10655849,-0.06779464,0,1,0,0,0
1963,408750,0.79699312,0.09783431,-0.92155927,0.22030780,-0.07871082,-0.07629849,0,1,0,0,0
1964,408958,0.75346648,0.15864875,-0.94987417,0.22660690,-0.10344082,-0.08672529,0,1,0,0,0
1965,409166,0.72157550,0.22540491,-0.95616928,0.22797613,-0.07182691,-0.10384217,0,1,0,0,0
1966,409375,0.66799354,0.28739938,-0.98223030,0.21456832,-0.07811977,-0.13075489,0,1,0,0,0
1967,409583,0.62856779,0.35096079,-0.98580709,0.21745369,-0.06651254,-0.11285035,0,1,0,0,0
1968,409791,0.56268307,0.41142676,-1.00573519,0.19677100,-0.04965764,-0.13835304,0,1,0,0,0
1969,410000,0.51535517,0.45700874,-0.99921833,0.18849463,-0.04421758,-0.13448108,0,1,0,0,0
1970,410208,0.45520215,0.52302515,-1.00110125,0.19313312,-0.03366016,-0.14970463,0,1,0,0,0
1971,410416,0.40467438,0.56728023,-1.00102423,0.18387994,0.00955674,-0.16510254,0,1,0,0,0
1972,410625,0.34436494,0.63109424,-0.98680921,0.16697947,0.00213798,-0.15857012,0,1,0,0,0
1973,410833,0.28022087,0.67713483,-0.97302442,0.17208805,0.02916777,-0.16432375,0,1,0,0,0
1974,411041,0.22024131,0.72640074,-0.96585269,0.15790373,0.02937907,-0.17999294,0,1,0,0,0
1975,411250,0.15211312,0.75508870,-0.93680776,0.14261958,0.05085183,-0.20060373,0,1,0,0,0
1976,411458,0.08351619,0.80035196,-0.91577133,0.11813014,0.05777363,-0.17375893,0,1,0,0,0
1977,411666,0.02035496,0.83285125,-0.87669095,0.09116650,0.07479158,-0.20444568,0,1,0,0,0
1978,411875,-0.05132446,0.87458351,-0.84749664,0.10092407,0.09792268,-0.20905479,0,1,0,0,0
1979,412083,-0.11187414,0.90009124,-0.81366365,0.07022556,0.11554134,-0.20364760,0,1,0,0,0
1980,412291,-0.17037317,0.92418452,-0.76209135,0.07262618,0.11412392,-0.20005993,0,1,0,0,0
1981,412500,-0.24210207,0.94002922,-0.72357330,0.05435435,0.11232598,-0.18567504,0,1,0,0,0
1982,412708,-0.30371147,0.96596572,-0.67935712,0.03188197,0.14396941,-0.19737963,0,1,0,0,0
1983,412916,-0.36636627,0.98077306,-0.62884510,0.01838790,0.14197271,-0.19308769,0,1,0,0,0
1984,413125,-0.43712272,0.98714322,-0.57719362,0.01329682,0.15095730,-0.17805507,0,1,0,0,0
1985,413333,-0.48535845,0.98804696,-0.52637519,0.01001140,0.14820053,-0.18296618,0,1,0,0,0
1986,413541,-0.54331790,0.98757285,-0.46298428,0.00993215,0.16135240,-0.16860071,0,1,0,0,0
1987,413750,-0.60095475,0.98394607,-0.40108148,0.00054605,0.18824130,-0.16118517,0,1,0,0,0
1988,413958,-0.64838471,0.98007557,-0.32999919,-0.00115351,0.19003311,-0.17010620,0,1,0,0,0
1989,414166,-0.70383653,0.96621912,-0.28920167,-0.02635871,0.18095962,-0.12683582,0,1,0,0,0
1990,414375,-0.74533403,0.94646113,-0.21353460,-0.04095653,0.20479901,-0.12155102,0,1,0,0,0
1991,414583,-0.77682310,0.93125327,-0.15795687,-0.06149630,0.19850262,-0.10862971,0,1,0,0,0
1992,414791,-0.82670888,0.91099038,-0.09067401,-0.05622799,0.20214632,-0.09033056,0,1,0,0,0
1993,415000,-0.86660297,0.86913014,-0.02076807,-0.08211742,0.21778044,-0.09790186,0,1,0,0,0
1994,415208,-0.89412317,0.84685578,0.04410322,-0.09636851,0.20118327,-0.08470908,0,1,0,0,0
1995,415416,-0.92111969,0.80866481,0.10780849,-0.11415919,0.19962786,-0.08909401,0,1,0,0,0
1996,415625,-0.94178154,0.76935507,0.17260759,-0.10887420,0.17808665,-0.06724114,0,1,0,0,0
1997,415833,-0.96547006,0.73412365,0.23346358,-0.12485654,0.18373714,-0.04429817,0,1,0,0,0
1998,416041,-0.97552946,0.68335387,0.30289610,-0.15542899,0.18898544,-0.03272949,0,1,0,0,0
1999,416250,-0.98808130,0.63799043,0.36439961,-0.15607965,0.20996886,-0.01895961,0,1,0,0,0
2000,416458,-0.99616030,0.59039708,0.42191172,-0.14438351,0.17517045,-0.01775299,0,1,0,0,0
2001,416666,-1.01240624,0.53179577,0.47259575,-0.16741530,0.17841172,-0.01463862,0,1,0,0,0
2002,416875,-0.99647860,0.46364168,0.53737654,-0.18602671,0.16782142,0.01233565,0,1,0,0,0
2003,417083,-1.00039490,0.41107913,0.59429246,-0.18578433,0.14943309,0.01972670,0,1,0,0,0
2004,417291,-0.99190344,0.35213225,0.63905898,-0.20003060,0.16395364,0.01506479,0,1,0,0,0
2005,417500,-0.97788453,0.29938248,0.68996256,-0.20778771,0.14097836,0.04632590,0,1,0,0,0
2006,417708,-0.96024748,0.22701741,0.74384425,-0.19865991,0.12842909,0.04749693,0,1,0,0,0
2007,417916,-0.93928852,0.16188853,0.78564015,-0.21820969,0.12104042,0.06399399,0,1,0,0,0
2008,418125,-0.90457057,0.09778896,0.82657706,-0.20882076,0.09640105,0.07801197,0,1,0,0,0
2009,418333,-0.87228516,0.03198782,0.86092969,-0.21220056,0.10371145,0.07887914,0,1,0,0,0
2010,418541,-0.85236057,-0.03709413,0.89039285,-0.22209476,0.09240177,0.10212884,0,1,0,0,0
2011,418750,-0.80502644,-0.09394886,0.93084233,-0.22594793,0.09034008,0.08762213,0,1,0,0,0
2012,418958,-0.76356454,-0.16180113,0.95123851,-0.19776166,0.06495980,0.09432821,0,1,0,0,0
2013,419166,-0.73370074,-0.21653394,0.97182975,-0.20563272,0.06804782,0.10707541,0,1,0,0,0
2014,419375,-0.67065012,-0.28485886,0.99022624,-0.21993604,0.04226274,0.12656187,0,1,0,0,0
2015,419583,-0.63182457,-0.35034486,0.99441744,-0.20479197,0.03049446,0.12647371,0,1,0,0,0
2016,419791,-0.56673989,-0.40738865,1.00821848,-0.19252985,0.04451696,0.16139131,0,1,0,0,0
2017,420000,-0.52148527,-0.46365303,1.01050507,-0.19100775,0.02337399,0.15214956,0,1,0,0,0
2018,420208,-0.47175340,-0.52741883,1.01635943,-0.17954443,0.02188272,0.17235293,0,1,0,0,0
2019,420416,-0.41944857,-0.58007057,1.00914243,-0.16921921,0.01595502,0.16964910,0,1,0,0,0
2020,420625,-0.34574081,-0.64139180,0.98599060,-0.15424496,-0.01499722,0.17891832,0,1,0,0,0
2021,420833,-0.29066597,-0.67167805,0.99347736,-0.15014097,-0.03709281,0.15726133,0,1,0,0,0
2022,421041,-0.23081502,-0.72251558,0.96350938,-0.14283666,-0.03598087,0.18670170,0,1,0,0,0
2023,421250,-0.16037882,-0.76932207,0.94708572,-0.14405302,-0.04510232,0.18944090,0,1,0,0,0
2024,421458,-0.08233343,-0.80751476,0.91371291,-0.12246759,-0.07261455,0.18293516,0,1,0,0,0
2025,421666,-0.02367348,-0.84837680,0.88438857,-0.14123061,-0.08146384,0.19654974,0,1,0,0,0
2026,421875,0.03714076,-0.87580934,0.85817413,-0.09443776,-0.09115405,0.18837074,0,1,0,0,0
2027,422083,0.10673995,-0.90345083,0.81811283,-0.06400572,-0.07704795,0.18839172,0,1,0,0,0
2028,422291,0.17628530,-0.91846274,0.78164991,-0.08331937,-0.11739585,0.18639477,0,1,0,0,0
2029,422500,0.23595086,-0.94887252,0.72964731,-0.04429652,-0.11912151,0.19259310,0,1,0,0,0
2030,422708,0.29676322,-0.95907512,0.67719335,-0.04811355,-0.12701440,0.19411373,0,1,0,0,0
2031,422916,0.35622860,-0.97186225,0.64131954,-0.03756689,-0.14068939,0.19172457,0,1,0,0,0
2032,423125,0.42163724,-0.97925925,0.59989031,-0.04429515,-0.14534902,0.17825715,0,1,0,0,0
2033,423333,0.48617080,-0.98885247,0.53134112,-0.01583498,-0.17225432,0.16441691,0,1,0,0,0
2034,423541,0.54635860,-0.98853983,0.47713943,-0.00897221,-0.14983440,0.17198595,0,1,0,0,0
2035,423750,0.59718807,-0.98202429,0.41183673,0.00490287,-0.15390614,0.14961858,0,1,0,0,0
2036,423958,0.65570882,-0.97126546,0.36828408,0.00048017,-0.17905504,0.14529874,0,1,0,0,0
2037,424166,0.69121813,-0.94862541,0.28746375,0.02507206,-0.18552811,0.12638941,0,1,0,0,0
2038,424375,0.74468347,-0.94344129,0.22964837,0.03457397,-0.20252352,0.12051423,0,1,0,0,0
2039,424583,0.78788367,-0.93555749,0.17087667,0.04470310,-0.20189725,0.10474512,0,1,0,0,0
2040,424791,0.83434235,-0.89725156,0.10414915,0.03839802,-0.18596463,0.08926543,0,1,0,0,0
2041,425000,0.85682435,-0.86102101,0.03325155,0.06047789,-0.19855614,0.08386967,0,1,0,0,0
2042,425208,0.89882815,-0.83905545,-0.02357293,0.08155161,-0.18938829,0.06962866,0,1,0,0,0
2043,425416,0.91394662,-0.80601231,-0.09221226,0.08830111,-0.18109945,0.04427684,0,1,0,0,0
2044,425625,0.94855864,-0.76526493,-0.16309409,0.09862767,-0.18588303,0.04510713,0,1,0,0,0
2045,425833,0.96582417,-0.73263110,-0.23891518,0.11131908,-0.19164060,0.04162418,0,1,0,0,0
2046,426041,0.97286334,-0.67825670,-0.29544303,0.12049853,-0.18028083,0.01930579,0,1,0,0,0
2047,426250,1.00216287,-0.62937463,-0.35657319,0.14306939,-0.15656974,0.00475785,0,1,0,0,0
2048,426458,0.99749762,-0.57739132,-0.41411468,0.15597680,-0.16245319,0.01656911,0,1,0,0,0
2049,426666,1.00421495,-0.52400083,-0.46588680,0.15057050,-0.15047346,0.01634583,0,1,0,0,0
2050,426875,1.00695216,-0.45864578,-0.52711122,0.15320350,-0.14794027,-0.02403956,0,1,0,0,0
2051,427083,1.00027245,-0.40078706,-0.58082798,0.17193624,-0.13360694,-0.02207728,0,1,0,0,0
2052,427291,0.99810379,-0.34684635,-0.64059002,0.17688462,-0.13152622,-0.05323307,0,1,0,0,0
2053,427500,0.98435733,-0.27107836,-0.68739049,0.17176659,-0.11863675,-0.06487884,0,1,0,0,0
2054,427708,0.95935449,-0.20346792,-0.73335430,0.18814775,-0.11943573,-0.05980412,0,1,0,0,0
2055,427916,0.93952599,-0.15138841,-0.78095847,0.17474808,-0.10473738,-0.10014018,0,1,0,0,0
2056,428125,0.90995234,-0.08454075,-0.81601257,0.19252903,-0.08752834,-0.09594075,0,1,0,0,0
2057,428333,0.88809922,-0.02428218,-0.85660862,0.17155582,-0.10034665,-0.11832456,0,1,0,0,0
2058,428541,0.85707039,0.04500944,-0.88628333,0.19720212,-0.07538328,-0.11391757,0,1,0,0,0
2059,428750,0.81396202,0.10485779,-0.91927719,0.19903678,-0.07525340,-0.11603210,0,1,0,0,0
2060,428958,0.78372083,0.17703087,-0.94375792,0.19826677,-0.05531602,-0.12270111,0,1,0,0,0
2061,429166,0.73727158,0.22945077,-0.96452389,0.21035029,-0.06224478,-0.14299285,0,1,0,0,0
2062,429375,0.68804060,0.29795654,-0.98319046,0.20353609,-0.03873658,-0.16032246,0,1,0,0,0
2063,429583,0.64615149,0.37324179,-0.98697101,0.19010259,-0.04092522,-0.14606643,0,1,0,0,0
2064,429791,0.58670265,0.43055436,-0.99225647,0.18064499,-0.02664378,-0.16021362,0,1,0,0,0
2065,430000,0.53273007,0.47792890,-1.00733544,0.18746117,-0.00216740,-0.15643960,0,1,0,0,0
2066,430208,0.48911359,0.53183039,-0.99782811,0.16020177,0.00906942,-0.17888006,0,1,0,0,0
2067,430416,0.41382035,0.59163368,-1.00065151,0.16124778,0.01463433,-0.18813379,0,1,0,0,0
2068,430625,0.35926075,0.63947025,-0.99567826,0.15582502,0.02196774,-0.19092961,0,1,0,0,0
2069,430833,0.30058119,0.68387726,-0.98167089,0.14991314,0.04922672,-0.19669647,0,1,0,0,0
2070,431041,0.23179449,0.73210230,-0.96916696,0.13129867,0.04179611,-0.17604747,0,1,0,0,0
2071,431250,0.17033228,0.77713770,-0.94018928,0.11924914,0.06967048,-0.20138450,0,1,0,0,0
2072,431458,0.10112691,0.81602719,-0.91629599,0.11305524,0.08755855,-0.20874461,0,1,0,0,0
2073,431666,0.03765228,0.85151036,-0.88525450,0.07761072,0.09354246,-0.20935125,0,1,0,0,0
2074,431875,-0.03496143,0.88448754,-0.86347936,0.09410306,0.10707823,-0.19579316,0,1,0,0,0
2075,432083,-0.09401044,0.90489798,-0.81727107,0.08191975,0.11230484,-0.21925681,0,1,0,0,0
2076,432291,-0.16577752,0.93485592,-0.77304383,0.05890955,0.12248568,-0.21136624,0,1,0,0,0
2077,432500,-0.23569818,0.94103683,-0.73855146,0.06111175,0.13625352,-0.22078549,0,1,0,0,0
2078,432708,-0.28841449,0.97636435,-0.68816634,0.02004300,0.14271133,-0.20213931,0,1,0,0,0
2079,432916,-0.35973037,0.98956735,-0.64222622,0.03221567,0.14476678,-0.21050453,0,1,0,0,0
2080,433125,-0.42027014,0.98293878,-0.58907503,-0.00829583,0.16149468,-0.18043558,0,1,0,0,0
2081,433333,-0.47263638,0.99288280,-0.52774169,0.00680596,0.15767990,-0.16396602,0,1,0,0,0
2082,433541,-0.53508930,0.98908779,-0.47157954,-0.02389149,0.16552762,-0.17521178,0,1,0,0,0
2083,433750,-0.58744355,0.98876911,-0.42526621,-0.00981594,0.17488491,-0.17616583,0,1,0,0,0
2084,433958,-0.63852084,0.98149103,-0.35698870,-0.02958496,0.18122978,-0.13984644,0,1,0,0,0
2085,434166,-0.68420757,0.96589208,-0.30537807,-0.00880565,0.20453433,-0.14205573,0,1,0,0,0
2086,434375,-0.73800132,0.94969551,-0.23944352,-0.02612828,0.19729037,-0.12160867,0,1,0,0,0
2087,434583,-0.78554272,0.93998038,-0.17335200,-0.02066526,0.21146058,-0.09209536,0,1,0,0,0
2088,434791,-0.81922476,0.90120807,-0.10868533,-0.07210799,0.20688156,-0.09920406,0,1,0,0,0
2089,435000,-0.84481745,0.87889793,-0.04361455,-0.06639174,0.20226099,-0.08444133,0,1,0,0,0
2090,435208,-0.88493850,0.84433294,0.02651789,-0.08325832,0.18267418,-0.06430418,0,1,0,0,0
2091,435416,-0.91155124,0.80690844,0.09499381,-0.08692502,0.19039921,-0.05085223,0,1,0,0,0
2092,435625,-0.94767746,0.76309180,0.15706219,-0.10440395,0.21002214,-0.05534065,0,1,0,0,0
2093,435833,-0.95630143,0.72761911,0.21770307,-0.13923059,0.20284462,-0.03929331,0,1,0,0,0
2094,436041,-0.97931277,0.66943474,0.27700127,-0.13423086,0.18264171,-0.02468173,0,1,0,0,0
2095,436250,-0.99213233,0.61506430,0.33377838,-0.12543883,0.16107418,-0.02971547,0,1,0,0,0
2096,436458,-0.98984703,0.58322414,0.40620211,-0.13546254,0.17385768,-0.01194598,0,1,0,0,0
2097,436666,-1.00070323,0.53429597,0.45689922,-0.16832457,0.16044421,0.00437670,0,1,0,0,0
2098,436875,-1.00609148,0.46574898,0.51898826,-0.16814845,0.15908565,0.03518274,0,1,0,0,0
2099,437083,-0.99629022,0.41075053,0.57141547,-0.17898333,0.14204911,0.02791608,0,1,0,0,0
2100,437291,-0.99074953,0.34058749,0.62276156,-0.17020343,0.13524011,0.05726748,0,1,0,0,0
2101,437500,-0.97216731,0.27555804,0.67704919,-0.19134980,0.13911936,0.06223063,0,1,0,0,0
2102,437708,-0.96261476,0.21895694,0.73073302,-0.18704850,0.11152337,0.08025133,0,1,0,0,0
2103,437916,-0.94274313,0.14727719,0.77352145,-0.18584946,0.09639416,0.07271516,0,1,0,0,0
2104,438125,-0.92151972,0.08171057,0.81859361,-0.17501639,0.10897811,0.10129783,0,1,0,0,0
2105,438333,-0.89128593,0.02055496,0.84428721,-0.20707188,0.08056019,0.09856844,0,1,0,0,0
2106,438541,-0.86091704,-0.05383362,0.88169454,-0.19254530,0.07441823,0.10827135,0,1,0,0,0
2107,438750,-0.81026107,-0.12115447,0.89927979,-0.19091722,0.05515016,0.12857567,0,1,0,0,0
2108,438958,-0.76888590,-0.17941312,0.93625113,-0.19463570,0.06061880,0.13570223,0,1,0,0,0
2109,439166,-0.72342662,-0.23638001,0.95800797,-0.18951422,0.03742844,0.14671250,0,1,0,0,0
2110,439375,-0.67693548,-0.30782254,0.97082257,-0.17316639,0.03669795,0.15740623,0,1,0,0,0
2111,439583,-0.64066905,-0.36569908,0.98386399,-0.18918532,0.02466252,0.15534586,0,1,0,0,0
2112,439791,-0.60102306,-0.42875330,0.98662466,-0.18269067,0.01261406,0.17279567,0,1,0,0,0
2113,440000,-0.53537115,-0.47718696,0.98770995,-0.16413584,0.00614811,0.18728237,0,1,0,0,0
2114,440208,-0.47958923,-0.53957086,0.99248353,-0.16210096,0.00373133,0.19223359,0,1,0,0,0
2115,440416,-0.42594519,-0.59812229,0.98347566,-0.16074909,-0.02085712,0.20698241,0,1,0,0,0
2116,440625,-0.36791884,-0.64405353,0.98780145,-0.12283100,-0.04844143,0.22405674,0,1,0,0,0
2117,440833,-0.30830855,-0.68806894,0.96664446,-0.13757537,-0.06053109,0.21175446,0,1,0,0,0
2118,441041,-0.24561657,-0.72888249,0.94657631,-0.13924860,-0.02915480,0.21441386,0,1,0,0,0
2119,441250,-0.17019533,-0.77368091,0.92872852,-0.11013212,-0.09428990,0.19944114,0,1,0,0,0
2120,441458,-0.10996311,-0.81934634,0.89912138,-0.10458839,-0.10503327,0.21534968,0,1,0,0,0
2121,441666,-0.04448595,-0.86214940,0.87205088,-0.07671428,-0.12020492,0.20167769,0,1,0,0,0
2122,441875,0.02409031,-0.89582417,0.83726757,-0.07186090,-0.11677813,0.20523795,0,1,0,0,0
2123,442083,0.09738151,-0.91453169,0.80910366,-0.05971351,-0.13846634,0.22839729,0,1,0,0,0
2124,442291,0.16487543,-0.94597953,0.76865396,-0.03608112,-0.13512761,0.22374143,0,1,0,0,0
2125,442500,0.22683584,-0.95635667,0.72078680,-0.02867561,-0.15817197,0.21258637,0,1,0,0,0
2126,442708,0.29297945,-0.98484307,0.67244967,-0.00124031,-0.16259139,0.22729575,0,1,0,0,0
2127,442916,0.34997210,-0.99042748,0.63204852,-0.00965269,-0.16052667,0.22276417,0,1,0,0,0
2128,443125,0.41473966,-1.00788850,0.58617337,0.00046457,-0.16403725,0.21201303,0,1,0,0,0
2129,443333,0.46791532,-1.00260073,0.52492319,-0.00172721,-0.16638576,0.19047507,0,1,0,0,0
2130,443541,0.52843951,-0.99349496,0.46490022,0.02907950,-0.18836939,0.18709082,0,1,0,0,0
2131,443750,0.58705875,-0.99506832,0.40358993,0.02308962,-0.20154939,0.17430424,0,1,0,0,0
2132,443958,0.63773426,-0.99109158,0.34464966,0.04413267,-0.22016268,0.17631759,0,1,0,0,0
2133,444166,0.67670736,-0.97604700,0.27853949,0.03380984,-0.20990770,0.14268888,0,1,0,0,0
2134,444375,0.72478056,-0.96838564,0.22153034,0.04598098,-0.22670804,0.13135019,0,1,0,0,0
2135,444583,0.76760781,-0.93762411,0.15961874,0.06093996,-0.20956675,0.11131767,0,1,0,0,0
2136,444791,0.82314602,-0.90440259,0.10652675,0.08118872,-0.20924118,0.12321313,0,1,0,0,0
2137,445000,0.83886344,-0.88164324,0.02934113,0.09069324,-0.21670242,0.10933019,0,1,0,0,0
2138,445208,0.88018446,-0.84997750,-0.03064079,0.09923047,-0.21449761,0.08211472,0,1,0,0,0
2139,445416,0.90171154,-0.81683806,-0.08977354,0.11458232,-0.21924787,0.05878483,0,1,0,0,0
2140,445625,0.92809735,-0.78001508,-0.15649067,0.13114576,-0.20728056,0.07446680,0,1,0,0,0
2141,445833,0.95198534,-0.73203174,-0.22563784,0.12938632,-0.21077075,0.05253062,0,1,0,0,0
2142,446041,0.96284931,-0.67957731,-0.28272649,0.14991316,-0.20654586,0.04909693,0,1,0,0,0
2143,446250,0.97597634,-0.64544635,-0.34123375,0.15891408,-0.19075370,0.02678525,0,1,0,0,0
2144,446458,0.98920095,-0.59306325,-0.40442619,0.16525817,-0.17978163,0.02376937,0,1,0,0,0
2145,446666,0.99975325,-0.53387570,-0.46136208,0.15116964,-0.16889703,-0.02018451,0,1,0,0,0
2146,446875,0.99406005,-0.48248928,-0.52798666,0.16322427,-0.15940957,-0.02189222,0,1,0,0,0
2147,447083,0.99343682,-0.41559659,-0.57854440,0.17798330,-0.14338265,-0.03142497,0,1,0,0,0
2148,447291,0.98227526,-0.35777764,-0.63034878,0.20646125,-0.14854418,-0.03510163,0,1,0,0,0
2149,447500,0.96492946,-0.28077224,-0.67821766,0.17942581,-0.13551853,-0.05779446,0,1,0,0,0
2150,447708,0.94713397,-0.22009779,-0.74386996,0.18520246,-0.12075331,-0.06485626,0,1,0,0,0
2151,447916,0.92248395,-0.16464490,-0.77046742,0.22315499,-0.11760211,-0.07796942,0,1,0,0,0
2152,448125,0.90430047,-0.08619675,-0.81694542,0.20877004,-0.12429130,-0.07897724,0,1,0,0,0
2153,448333,0.86798269,-0.02200758,-0.85042126,0.19730783,-0.07767494,-0.07270309,0,1,0,0,0
2154,448541,0.84177907,0.04778876,-0.88141695,0.20055532,-0.08709320,-0.08510013,0,1,0,0,0
2155,448750,0.81247268,0.10406180,-0.91090886,0.20103834,-0.07040800,-0.11736224,0,1,0,0,0
2156,448958,0.77190433,0.17474676,-0.92418507,0.19032071,-0.08404879,-0.11956068,0,1,0,0,0
2157,449166,0.72794109,0.24587575,-0.95797081,0.18451275,-0.05995744,-0.12507965,0,1,0,0,0
2158,449375,0.68102200,0.30388788,-0.96940003,0.19888233,-0.04829524,-0.13340619,0,1,0,0,0
2159,449583,0.62335204,0.37240617,-0.97362986,0.19730384,-0.03546102,-0.14275818,0,1,0,0,0
2160,449791,0.57670433,0.42291288,-0.99891726,0.19937525,-0.01505171,-0.16744312,0,1,0,0,0
