1,0,-0.64679384,0.97306083,-0.33071612,-0.05846723,0.19712396,-0.16790708,0,0,0,0,0
2,208,-0.69406734,0.96614107,-0.27214626,-0.05383568,0.19471156,-0.13445926,0,0,0,0,0
3,416,-0.74157596,0.93691030,-0.20834441,-0.06936060,0.20363925,-0.13905167,0,0,0,0,0
4,625,-0.79335127,0.92958126,-0.14391202,-0.08191394,0.19990672,-0.13603576,0,0,0,0,0
5,833,-0.82731391,0.90239582,-0.08488560,-0.09705313,0.19439895,-0.13344264,0,0,0,0,0
6,1041,-0.86908133,0.88513556,-0.02510586,-0.10192946,0.19877516,-0.10841736,0,0,0,0,0
7,1250,-0.89784338,0.84201877,0.05880559,-0.11567766,0.18519254,-0.11567877,0,0,0,0,0
8,1458,-0.91653967,0.79305878,0.11907515,-0.11847158,0.18822953,-0.08616536,0,0,0,0,0
9,1666,-0.95291957,0.76091638,0.18051504,-0.11503588,0.17588277,-0.08416610,0,0,0,0,0
10,1875,-0.97063760,0.72205230,0.24999899,-0.14355455,0.17600497,-0.06496658,0,0,0,0,0
11,2083,-0.97462889,0.67151220,0.31811264,-0.13596126,0.16314371,-0.06095716,0,0,0,0,0
12,2291,-0.98869785,0.62009541,0.36356994,-0.13582692,0.17363641,-0.05323177,0,0,0,0,0
13,2500,-1.00266763,0.56824311,0.42750447,-0.14103878,0.18813669,-0.01373261,0,0,0,0,0
14,2708,-1.01184401,0.51839085,0.48730128,-0.15428694,0.17803190,-0.00461589,0,0,0,0,0
15,2916,-0.99451713,0.46108754,0.53097164,-0.14020724,0.15603770,0.02381516,0,0,0,0,0
16,3125,-0.98459851,0.40227453,0.59184131,-0.17554435,0.14336025,0.01870109,0,0,0,0,0
17,3333,-0.98567828,0.34183227,0.64139184,-0.16954185,0.15083159,0.05694501,0,0,0,0,0
18,3541,-0.97013475,0.27426852,0.68202266,-0.19122901,0.13475617,0.02681744,0,0,0,0,0
19,3750,-0.94500653,0.21810070,0.73173219,-0.18564892,0.12686922,0.07210843,0,0,0,0,0
20,3958,-0.92246387,0.15187309,0.76890657,-0.20243777,0.09299721,0.09355674,0,0,0,0,0
21,4166,-0.89870334,0.08959614,0.81578300,-0.20138240,0.09783540,0.09798896,0,0,0,0,0
22,4375,-0.86218346,0.01465555,0.85366638,-0.21169497,0.07876453,0.10969083,0,0,0,0,0
23,4583,-0.83863578,-0.04267460,0.87678212,-0.19318350,0.09651423,0.12852989,0,0,0,0,0
24,4791,-0.80801884,-0.11584727,0.91055094,-0.18924540,0.08417957,0.13125111,0,0,0,0,0
25,5000,-0.76964623,-0.17229948,0.94580896,-0.20094798,0.07736340,0.13186698,0,0,0,0,0
26,5208,-0.72419219,-0.24859055,0.95669206,-0.21177623,0.06812570,0.14059218,0,0,0,0,0
27,5416,-0.67974733,-0.30900592,0.97701942,-0.19415122,0.04333682,0.14796150,0,0,0,0,0
28,5625,-0.61717512,-0.36352170,0.98325141,-0.21437599,0.03020643,0.16288637,0,0,0,0,0
29,5833,-0.56715943,-0.42414102,0.99669463,-0.19183724,0.03232274,0.16155172,0,0,0,0,0
30,6041,-0.51087321,-0.48393410,0.99143727,-0.17862877,0.01137232,0.17337465,0,0,0,0,0
31,6250,-0.46270436,-0.53980901,1.00077201,-0.17690245,0.01583378,0.19645335,0,0,0,0,0
32,6458,-0.40012933,-0.60047428,0.99467545,-0.16113618,-0.01610732,0.18360939,0,0,0,0,0
33,6666,-0.34358990,-0.65509441,0.99162170,-0.16679449,-0.02385867,0.20262041,0,0,0,0,0
34,6875,-0.27555169,-0.69426649,0.97205944,-0.15801604,-0.03466268,0.18871420,0,0,0,0,0
35,7083,-0.20463495,-0.74095242,0.94714711,-0.14010134,-0.03906775,0.18586836,0,0,0,0,0
36,7291,-0.14942901,-0.78314926,0.93246717,-0.13060516,-0.04847237,0.20425969,0,0,0,0,0
37,7500,-0.08509573,-0.82719071,0.91179179,-0.09137426,-0.05881191,0.20120950,0,0,0,0,0
38,7708,-0.01973416,-0.85974827,0.86905905,-0.08819387,-0.08933749,0.18931159,0,0,0,0,0
39,7916,0.05082283,-0.88417232,0.84424405,-0.07017816,-0.11730183,0.19637085,0,0,0,0,0
40,8125,0.11759058,-0.91299108,0.79957724,-0.05454446,-0.12440717,0.18021115,0,0,0,0,0
41,8333,0.17308300,-0.92941258,0.76330272,-0.06232863,-0.13006604,0.20207300,0,0,0,0,0
42,8541,0.24106643,-0.96145696,0.71784445,-0.04054846,-0.15392949,0.18231747,0,0,0,0,0
43,8750,0.30179753,-0.97723817,0.67238110,-0.03664584,-0.15320185,0.18667286,0,0,0,0,0
44,8958,0.35940733,-0.99211761,0.61493324,-0.01925349,-0.14872919,0.17565268,0,0,0,0,0
45,9166,0.42222090,-0.99912987,0.56681400,0.00134710,-0.17659617,0.14888126,0,0,0,0,0
46,9375,0.48402781,-1.00003597,0.51856952,-0.01258343,-0.19075058,0.14954486,0,0,0,0,0
47,9583,0.54206357,-0.99196489,0.46144912,0.02020749,-0.22536761,0.18426607,0,0,0,0,0
48,9791,0.60795050,-0.99317982,0.40074663,0.04410750,-0.20384850,0.12847743,0,0,0,0,0
49,10000,0.64716985,-0.98789696,0.32984952,0.06026375,-0.19541886,0.14933635,0,0,0,0,0
50,10208,0.69753867,-0.96941878,0.28120810,0.05286490,-0.21242416,0.12371922,0,0,0,0,0
51,10416,0.74185765,-0.94965805,0.21036699,0.05857288,-0.21308865,0.13467885,0,0,0,0,0
52,10625,0.78475963,-0.92912215,0.14587330,0.07661242,-0.19427764,0.09704790,0,0,0,0,0
53,10833,0.82494641,-0.89545988,0.06689336,0.08466494,-0.20115001,0.13013837,0,0,0,0,0
54,11041,0.85455171,-0.87896873,0.02164408,0.10339015,-0.21123499,0.12885037,0,0,0,0,0
55,11250,0.88531809,-0.84094235,-0.04952355,0.10618230,-0.19197671,0.11244637,0,0,0,0,0
56,11458,0.92112595,-0.81010548,-0.12151034,0.14097602,-0.18378130,0.10446211,0,0,0,0,0
57,11666,0.93612477,-0.76916949,-0.18581936,0.10238692,-0.18934824,0.07935329,0,0,0,0,0
58,11875,0.96275538,-0.72481403,-0.24531259,0.13874468,-0.17481122,0.06342366,0,0,0,0,0
59,12083,0.97799234,-0.67691074,-0.31130943,0.15073781,-0.19444497,0.05208869,0,0,0,0,0
60,12291,0.98865995,-0.62049983,-0.36897694,0.14860768,-0.16124364,0.04056571,0,0,0,0,0
61,12500,0.99657422,-0.57145272,-0.43329485,0.13922918,-0.16507782,0.04192007,0,0,0,0,0
62,12708,1.00077261,-0.51344530,-0.48610078,0.15687309,-0.16702387,0.01408495,0,0,0,0,0
63,12916,0.99918892,-0.46510023,-0.53848805,0.17077568,-0.16158495,-0.01140099,0,0,0,0,0
64,13125,0.97958493,-0.40364127,-0.58798307,0.17138760,-0.15165037,-0.03357645,0,0,0,0,0
65,13333,0.98861426,-0.33776967,-0.63480923,0.16368158,-0.13218120,-0.01788742,0,0,0,0,0
66,13541,0.96373978,-0.28926222,-0.69778753,0.17863374,-0.12942531,-0.04242799,0,0,0,0,0
67,13750,0.94881778,-0.22032897,-0.73220590,0.19326827,-0.14674918,-0.05794622,0,0,0,0,0
68,13958,0.92852067,-0.15430882,-0.78734575,0.18984789,-0.13214852,-0.08042307,0,0,0,0,0
69,14166,0.90035983,-0.09067664,-0.82413406,0.18945268,-0.11202990,-0.08369173,0,0,0,0,0
70,14375,0.86352623,-0.01785042,-0.85668711,0.19671011,-0.10921312,-0.08936333,0,0,0,0,0
71,14583,0.84298395,0.04801089,-0.89066294,0.21436741,-0.10136928,-0.10442828,0,0,0,0,0
72,14791,0.80014712,0.11417229,-0.91256257,0.20747764,-0.06409493,-0.13606288,0,0,0,0,0
73,15000,0.75983096,0.18948943,-0.93540852,0.21891043,-0.05581548,-0.14307763,0,0,0,0,0
74,15208,0.72407502,0.24824863,-0.95980359,0.20279925,-0.06642008,-0.14628006,0,0,0,0,0
75,15416,0.67437951,0.30683376,-0.98773556,0.21074163,-0.04440806,-0.15990211,0,0,0,0,0
76,15625,0.62418627,0.37480790,-0.98319465,0.18817482,-0.03681749,-0.15698395,0,0,0,0,0
77,15833,0.57862826,0.42415391,-1.00078072,0.18889067,-0.00243072,-0.17345439,0,0,0,0,0
78,16041,0.51899773,0.48662423,-1.00675860,0.18904659,-0.02212878,-0.18536209,0,0,0,0,0
79,16250,0.46100011,0.54486772,-0.99810725,0.18707774,-0.00843969,-0.16470936,0,0,0,0,0
80,16458,0.40045606,0.59170198,-0.99365512,0.18091478,0.00404773,-0.18809953,0,0,0,0,0
81,16666,0.34572782,0.64001061,-0.98401594,0.14927536,0.02305839,-0.18461715,0,0,0,0,0
82,16875,0.28114366,0.69324983,-0.97526133,0.14355984,0.03439453,-0.18508912,0,0,0,0,0
83,17083,0.22048902,0.74018517,-0.95922456,0.12874862,0.04277747,-0.18211145,0,0,0,0,0
84,17291,0.15338200,0.78977237,-0.93461042,0.11853659,0.06888277,-0.20972776,0,0,0,0,0
85,17500,0.08537876,0.82365027,-0.91185141,0.11434613,0.08850374,-0.19594920,0,0,0,0,0
86,17708,0.01897233,0.85960953,-0.87269600,0.10148535,0.09764146,-0.20506603,0,0,0,0,0
87,17916,-0.04612920,0.88991056,-0.84215229,0.07135041,0.11387988,-0.18825232,0,0,0,0,0
88,18125,-0.11175533,0.91854442,-0.81122352,0.06571774,0.10298726,-0.18873921,0,0,0,0,0
89,18333,-0.17778396,0.95244268,-0.76129170,0.05875369,0.11674549,-0.18963157,0,0,0,0,0
90,18541,-0.24816968,0.96704893,-0.72196604,0.03318037,0.14524181,-0.20102277,0,0,0,0,0
91,18750,-0.29310969,0.98209057,-0.67834285,0.03015218,0.15873790,-0.19857447,0,0,0,0,0
92,18958,-0.36462936,0.98951386,-0.62943265,0.03481096,0.17458968,-0.19157243,0,0,0,0,0
93,19166,-0.42392128,0.99321254,-0.58155286,0.02262069,0.17240162,-0.16496035,0,0,0,0,0
94,19375,-0.47984320,1.00208440,-0.51900116,0.00930372,0.19160811,-0.17839512,0,0,0,0,0
95,19583,-0.53305936,0.99833550,-0.45952264,-0.01395648,0.19794143,-0.15400735,0,0,0,0,0
96,19791,-0.59721127,0.97939843,-0.39988155,-0.02844708,0.20777169,-0.13908341,0,0,0,0,0
97,20000,-0.65314900,0.98230710,-0.34122500,-0.04909536,0.18506933,-0.12018077,0,0,0,0,0
98,20208,-0.70865950,0.97642362,-0.27807040,-0.05271730,0.18251881,-0.13307335,0,0,0,0,0
99,20416,-0.74247430,0.95283316,-0.20117017,-0.08249726,0.19337465,-0.15326785,0,0,0,0,0
100,20625,-0.77619596,0.92154620,-0.14601418,-0.08587679,0.21506326,-0.11508998,0,0,0,0,0
101,20833,-0.82903240,0.90164882,-0.08087299,-0.08997529,0.19023855,-0.12428232,0,0,0,0,0
102,21041,-0.85673596,0.86145421,-0.01673814,-0.09570895,0.19149636,-0.11219993,0,0,0,0,0
103,21250,-0.88698751,0.83680944,0.04647833,-0.10471626,0.20776172,-0.09339189,0,0,0,0,0
104,21458,-0.91946382,0.79227603,0.11703952,-0.10366587,0.18881862,-0.08730066,0,0,0,0,0
105,21666,-0.93751833,0.76310795,0.17790751,-0.12456238,0.18346882,-0.07602695,0,0,0,0,0
106,21875,-0.96681849,0.72028462,0.24693602,-0.12924396,0.16609136,-0.07346389,0,0,0,0,0
107,22083,-0.98509778,0.67057999,0.31244395,-0.13565230,0.17469625,-0.05880056,0,0,0,0,0
108,22291,-0.98557568,0.61890648,0.36757391,-0.15463978,0.17846093,-0.05479835,0,0,0,0,0
109,22500,-1.00302023,0.57670532,0.42721868,-0.16287130,0.17994230,-0.02296393,0,0,0,0,0
110,22708,-1.00852638,0.50444712,0.48351579,-0.17388798,0.16866659,-0.00706008,0,0,0,0,0
111,22916,-0.99355965,0.47096731,0.53737127,-0.16104422,0.16275459,0.00956675,0,0,0,0,0
112,23125,-0.99595404,0.39705549,0.59061344,-0.16369963,0.13874913,0.02724004,0,0,0,0,0
113,23333,-0.98367780,0.34871616,0.64306745,-0.18376394,0.14301742,0.03533627,0,0,0,0,0
114,23541,-0.97308672,0.28185303,0.68944081,-0.17826553,0.14294362,0.06219782,0,0,0,0,0
115,23750,-0.94626109,0.21799363,0.74144002,-0.17737899,0.12368445,0.07835491,0,0,0,0,0
116,23958,-0.93579636,0.15196598,0.77706116,-0.19982124,0.12474310,0.08236311,0,0,0,0,0
117,24166,-0.89326175,0.09109698,0.81969749,-0.20138737,0.09596221,0.09383314,0,0,0,0,0
118,24375,-0.87022545,0.01751269,0.85531521,-0.21299091,0.10136909,0.10574820,0,0,0,0,0
119,24583,-0.83134152,-0.05961384,0.89018065,-0.20899664,0.09591842,0.11053947,0,0,0,0,0
120,24791,-0.80734442,-0.10739663,0.91267463,-0.20158992,0.06069548,0.13774729,0,0,0,0,0
121,25000,-0.76064310,-0.17528991,0.94076287,-0.21582764,0.06150386,0.14441915,0,0,0,0,0
122,25208,-0.70737166,-0.22846644,0.95753397,-0.19541206,0.04480479,0.15109500,0,0,0,0,0
123,25416,-0.67113054,-0.30866507,0.97926017,-0.19810139,0.03530314,0.15680300,0,0,0,0,0
124,25625,-0.60923758,-0.37080120,0.97856223,-0.19457925,0.03720916,0.15341088,0,0,0,0,0
125,25833,-0.57372928,-0.42433540,1.00042980,-0.18782640,0.02173128,0.14470301,0,0,0,0,0
126,26041,-0.51763951,-0.48387945,1.00134610,-0.18109884,0.01598369,0.19189249,0,0,0,0,0
127,26250,-0.46201004,-0.54067924,0.99500588,-0.16841673,-0.00500628,0.19620630,0,0,0,0,0
128,26458,-0.39750565,-0.60242183,0.99746685,-0.16796072,-0.02016807,0.18524483,0,0,0,0,0
129,26666,-0.33097484,-0.64914194,0.99535455,-0.15665964,-0.01492222,0.18887149,0,0,0,0,0
130,26875,-0.27504254,-0.70100349,0.97053247,-0.13427521,-0.03768090,0.21439277,0,0,0,0,0
131,27083,-0.21963110,-0.73125992,0.94312779,-0.12359763,-0.05959135,0.20001279,0,0,0,0,0
132,27291,-0.14859464,-0.78867055,0.93298503,-0.12505248,-0.06656068,0.20529616,0,0,0,0,0
133,27500,-0.07080435,-0.82370767,0.90631315,-0.09912881,-0.08799566,0.17690015,0,0,0,0,0
134,27708,-0.02218446,-0.86406727,0.87527937,-0.09346415,-0.08995347,0.21106335,0,0,0,0,0
135,27916,0.04540926,-0.88678507,0.83882757,-0.09589183,-0.10101152,0.19409691,0,0,0,0,0
136,28125,0.10749732,-0.91305726,0.80261260,-0.06264910,-0.10220944,0.20498647,0,0,0,0,0
137,28333,0.17060673,-0.94423969,0.77003537,-0.05904261,-0.13030895,0.17875258,0,0,0,0,0
138,28541,0.24171340,-0.96322663,0.71922131,-0.03305817,-0.13375197,0.19205353,0,0,0,0,0
139,28750,0.30181616,-0.97828721,0.66724731,-0.03519657,-0.14208565,0.17157186,0,0,0,0,0
140,28958,0.36359682,-0.98551009,0.61800899,-0.03042990,-0.15234564,0.17267685,0,0,0,0,0
141,29166,0.42887347,-0.99382865,0.57434211,-0.00366178,-0.18004121,0.17737761,0,0,0,0,0
142,29375,0.48043463,-0.99617628,0.51874122,-0.01684195,-0.18776790,0.15952962,0,0,0,0,0
143,29583,0.53549072,-1.00085589,0.46237227,0.00313326,-0.20830361,0.16005169,0,0,0,0,0
144,29791,0.58974612,-0.98535626,0.40180174,0.04181971,-0.20218115,0.15035983,0,0,0,0,0
145,30000,0.64424852,-0.98017755,0.33030069,0.02003991,-0.21537898,0.12623747,0,0,0,0,0
146,30208,0.69161635,-0.96552401,0.28046217,0.02595719,-0.18351016,0.11696801,0,0,0,0,0
147,30416,0.74704714,-0.96264261,0.20827259,0.07619173,-0.19841284,0.16088041,0,0,0,0,0
148,30625,0.79239440,-0.93526635,0.14467744,0.06304498,-0.18905958,0.10499968,0,0,0,0,0
149,30833,0.82872473,-0.89369534,0.07840553,0.08943176,-0.19962213,0.13001116,0,0,0,0,0
150,31041,0.86081958,-0.86316306,0.01102958,0.10205461,-0.21966886,0.10734776,0,0,0,0,0
151,31250,0.89664063,-0.83641701,-0.04875739,0.10406920,-0.19809735,0.10716883,0,0,0,0,0
152,31458,0.92743685,-0.79539779,-0.11648740,0.10904284,-0.18312395,0.09483311,0,0,0,0,0
153,31666,0.96005247,-0.75291513,-0.18575077,0.12161956,-0.16448596,0.08525610,0,0,0,0,0
154,31875,0.96004001,-0.73359962,-0.24555197,0.10000326,-0.17289381,0.06896912,0,0,0,0,0
155,32083,0.97903053,-0.66566517,-0.30679767,0.14334742,-0.15783249,0.06596098,0,0,0,0,0
156,32291,0.99424105,-0.62110401,-0.36798732,0.14005827,-0.17551490,0.04356082,0,0,0,0,0
157,32500,0.99544634,-0.57212990,-0.42412008,0.16531917,-0.18014083,0.01755595,0,0,0,0,0
158,32708,1.00491069,-0.51994580,-0.47910808,0.13903244,-0.17181901,0.00597463,0,0,0,0,0
159,32916,1.00414517,-0.46398310,-0.54288286,0.15213981,-0.17009803,0.00650446,0,0,0,0,0
160,33125,0.99735704,-0.40641281,-0.59717529,0.16253376,-0.15443045,-0.02207810,0,0,0,0,0
161,33333,0.99023897,-0.34372791,-0.64370261,0.18592903,-0.14013438,-0.05988674,0,0,0,0,0
162,33541,0.97209695,-0.28039324,-0.68414792,0.17842422,-0.15184862,-0.04578682,0,0,0,0,0
163,33750,0.95489485,-0.21737857,-0.73382976,0.19791986,-0.12386451,-0.06467095,0,0,0,0,0
164,33958,0.94084056,-0.15203446,-0.78004875,0.19837873,-0.11986026,-0.08825419,0,0,0,0,0
165,34166,0.90303957,-0.08262047,-0.81537678,0.20892227,-0.10281421,-0.09073556,0,0,0,0,0
166,34375,0.87606310,-0.02458595,-0.84910546,0.21201915,-0.12188053,-0.09343427,0,0,0,0,0
167,34583,0.83716635,0.05698753,-0.89664267,0.21151083,-0.09664540,-0.11011700,0,0,0,0,0
168,34791,0.80418005,0.10981559,-0.91252490,0.19383122,-0.07725086,-0.13011955,0,0,0,0,0
169,35000,0.75692623,0.17767993,-0.93389802,0.20344504,-0.05707085,-0.14048178,0,0,0,0,0
170,35208,0.72356235,0.24275127,-0.94959767,0.20607979,-0.05622633,-0.12387902,0,0,0,0,0
171,35416,0.67520722,0.31552128,-0.97402922,0.19532356,-0.04538312,-0.15690301,0,0,0,0,0
172,35625,0.62800420,0.36725819,-0.99422390,0.19533471,-0.03989680,-0.15943421,0,0,0,0,0
173,35833,0.56555247,0.41885571,-0.99269101,0.18774276,0.00077980,-0.16307980,0,0,0,0,0
174,36041,0.51053048,0.47881806,-1.00525298,0.18499559,-0.03263925,-0.18045731,0,0,0,0,0
175,36250,0.45588311,0.54781370,-1.00655728,0.18025341,-0.00571142,-0.19245987,0,0,0,0,0
176,36458,0.39994729,0.59508315,-1.00106817,0.17829224,0.01645139,-0.17824196,0,0,0,0,0
177,36666,0.34276194,0.64470625,-0.98354125,0.16782176,0.02760147,-0.19411722,0,0,0,0,0
178,36875,0.27837437,0.70351277,-0.96699953,0.14013353,0.04530742,-0.19964506,0,0,0,0,0
179,37083,0.21792799,0.73833211,-0.95091754,0.12142321,0.02981389,-0.20039640,0,0,0,0,0
180,37291,0.14416524,0.78344730,-0.93911934,0.11577043,0.06763129,-0.22057505,0,0,0,0,0
181,37500,0.08185979,0.82296755,-0.90114544,0.09857461,0.08343428,-0.20086153,0,0,0,0,0
182,37708,0.02540245,0.86103106,-0.88428990,0.07872500,0.10041634,-0.18734498,0,0,0,0,0
183,37916,-0.04465435,0.88724019,-0.83991472,0.11340932,0.10931735,-0.20007879,0,0,0,0,0
184,38125,-0.10037896,0.91820740,-0.80214100,0.08753100,0.12063342,-0.20235809,0,0,0,0,0
185,38333,-0.17820960,0.93599998,-0.76618852,0.06089049,0.13366829,-0.18089575,0,0,0,0,0
186,38541,-0.24622124,0.95967276,-0.71835251,0.03876032,0.16793373,-0.20871090,0,0,0,0,0
187,38750,-0.29795197,0.97931504,-0.67912252,0.04178448,0.15545693,-0.18328766,0,0,0,0,0
188,38958,-0.36802314,0.98651281,-0.62304417,0.01949913,0.16693038,-0.17598934,0,0,0,0,0
189,39166,-0.42233658,0.99405348,-0.56308109,0.01298714,0.16540082,-0.17299324,0,0,0,0,0
190,39375,-0.47840404,0.99645616,-0.51157698,0.00855200,0.19518328,-0.15828908,0,0,0,0,0
191,39583,-0.54224615,0.99469038,-0.45622029,-0.03122928,0.20650406,-0.16401545,0,0,0,0,0
192,39791,-0.58700369,0.99636805,-0.39847714,-0.01518273,0.19956712,-0.15616527,0,0,0,0,0
193,40000,-0.64726742,0.98972658,-0.34355412,-0.04008854,0.20207064,-0.14898720,0,0,0,0,0
194,40208,-0.69466796,0.97699146,-0.27794500,-0.04559435,0.20860444,-0.13437145,0,0,0,0,0
195,40416,-0.74887347,0.95052335,-0.21883389,-0.06562173,0.18620346,-0.13872796,0,0,0,0,0
196,40625,-0.78727460,0.92517224,-0.14758192,-0.08909305,0.20916595,-0.11527297,0,0,0,0,0
197,40833,-0.82375369,0.90758756,-0.08019346,-0.10409318,0.18683489,-0.12642000,0,0,0,0,0
198,41041,-0.85563526,0.88559905,-0.01646688,-0.09871022,0.18844702,-0.11144076,0,0,0,0,0
199,41250,-0.90457497,0.84252630,0.05118267,-0.10760747,0.19116406,-0.08888127,0,0,0,0,0
200,41458,-0.91886652,0.79879742,0.11684784,-0.10872488,0.21092748,-0.08393212,0,0,0,0,0
201,41666,-0.94988998,0.75538131,0.18559430,-0.13346668,0.18235555,-0.08603895,0,0,0,0,0
202,41875,-0.96247404,0.71093074,0.24197798,-0.13314864,0.17642439,-0.07579835,0,0,0,0,0
203,42083,-0.99615972,0.66986718,0.30707148,-0.14091337,0.17555842,-0.05319720,0,0,0,0,0
204,42291,-1.00050915,0.62176713,0.36248504,-0.14500455,0.16840257,-0.04998897,0,0,0,0,0
205,42500,-0.99423347,0.58203700,0.43095652,-0.14413521,0.18411359,-0.03915981,0,0,0,0,0
206,42708,-1.00349803,0.51684980,0.48570824,-0.16249716,0.16675026,-0.01312163,0,0,0,0,0
207,42916,-1.00435155,0.46352145,0.54000695,-0.16040203,0.17425353,0.00527733,0,0,0,0,0
208,43125,-0.99158971,0.40952765,0.58951085,-0.16912561,0.17470050,0.04602806,0,0,0,0,0
209,43333,-0.97486955,0.34646276,0.64645458,-0.16627123,0.14734022,0.02255539,0,0,0,0,0
210,43541,-0.96201750,0.27793550,0.68881353,-0.19046896,0.14022557,0.05607903,0,0,0,0,0
211,43750,-0.94637835,0.21881516,0.73474990,-0.18049373,0.12925261,0.07278908,0,0,0,0,0
212,43958,-0.92545046,0.14629994,0.77836194,-0.18351493,0.12249252,0.09409936,0,0,0,0,0
213,44166,-0.89605820,0.09603727,0.81422248,-0.21641958,0.11797190,0.08860572,0,0,0,0,0
214,44375,-0.87174872,0.02039302,0.84726042,-0.19463092,0.09787329,0.09651354,0,0,0,0,0
215,44583,-0.83602026,-0.04277746,0.87999508,-0.20339211,0.07583576,0.13077962,0,0,0,0,0
216,44791,-0.80419287,-0.11467185,0.90712656,-0.19385602,0.07644511,0.11536288,0,0,0,0,0
217,45000,-0.76528127,-0.17814178,0.94042162,-0.23393056,0.04787503,0.14205458,0,0,0,0,0
218,45208,-0.72043996,-0.24416005,0.96603545,-0.18383480,0.04512629,0.14848284,0,0,0,0,0
219,45416,-0.66700444,-0.30128463,0.97729358,-0.19643576,0.04641226,0.16313822,0,0,0,0,0
220,45625,-0.61983833,-0.36437198,0.99194568,-0.19496330,0.03686800,0.16525118,0,0,0,0,0
221,45833,-0.57080798,-0.42430719,0.99746569,-0.18296652,0.02360769,0.16228591,0,0,0,0,0
222,46041,-0.51474307,-0.48550649,1.00231027,-0.19797886,0.00794839,0.16289404,0,0,0,0,0
223,46250,-0.45631592,-0.53719577,0.99620285,-0.17631679,0.00283929,0.17187891,0,0,0,0,0
224,46458,-0.40093137,-0.59720720,0.99316737,-0.16196451,0.00340832,0.18822493,0,0,0,0,0
225,46666,-0.33444124,-0.64747160,0.99120554,-0.15691002,-0.01182231,0.19356154,0,0,0,0,0
226,46875,-0.26847231,-0.69583126,0.96575020,-0.12631926,-0.03675731,0.20347236,0,0,0,0,0
227,47083,-0.20694707,-0.74084569,0.95113626,-0.11694980,-0.04578648,0.20284734,0,0,0,0,0
228,47291,-0.15077705,-0.78081825,0.93680642,-0.14756966,-0.06774061,0.20224594,0,0,0,0,0
229,47500,-0.08745348,-0.82483097,0.91236397,-0.11265967,-0.08472631,0.19475466,0,0,0,0,0
230,47708,-0.02619718,-0.86849415,0.87397221,-0.10657335,-0.09521391,0.19942621,0,0,0,0,0
231,47916,0.05249284,-0.89496475,0.84928193,-0.07932590,-0.11347425,0.20613025,0,0,0,0,0
232,48125,0.11365217,-0.91835772,0.81020035,-0.04829380,-0.12254558,0.19620095,0,0,0,0,0
233,48333,0.17753457,-0.92996338,0.75971956,-0.06763477,-0.13242839,0.18139114,0,0,0,0,0
234,48541,0.24380389,-0.95267555,0.71609070,-0.03723698,-0.15173244,0.19146668,0,0,0,0,0
235,48750,0.29696811,-0.98435375,0.67528388,-0.05619277,-0.16578916,0.20133441,0,0,0,0,0
236,48958,0.36363869,-0.98570879,0.61944847,-0.02208949,-0.15249952,0.18853116,0,0,0,0,0
237,49166,0.42811269,-0.99874611,0.56898421,-0.01492304,-0.18521789,0.17636096,0,0,0,0,0
238,49375,0.48284609,-1.00354267,0.52260040,0.00192055,-0.20956100,0.17471245,0,0,0,0,0
239,49583,0.53397652,-0.99610971,0.45097076,0.01067994,-0.17783425,0.15085000,0,0,0,0,0
240,49791,0.59213136,-0.99335162,0.40199573,0.02864586,-0.19185484,0.12454441,0,0,0,0,0
241,50000,0.64868381,-0.98201178,0.35807158,0.03984193,-0.20762385,0.14879211,0,0,0,0,0
242,50208,0.68877441,-0.96078239,0.27969414,0.06943549,-0.20668296,0.13262080,0,0,0,0,0
243,50416,0.74231297,-0.95635183,0.21506335,0.04984740,-0.21353212,0.14454707,0,0,0,0,0
244,50625,0.77816703,-0.92663491,0.14188585,0.06802571,-0.18900344,0.12931240,0,0,0,0,0
245,50833,0.81902416,-0.89499991,0.08117639,0.09874939,-0.21123162,0.11567512,0,0,0,0,0
246,51041,0.86394291,-0.87608932,0.00713993,0.10943531,-0.19745334,0.12207095,0,0,0,0,0
247,51250,0.89804588,-0.83636350,-0.05050551,0.12363008,-0.19774822,0.10512323,0,0,0,0,0
248,51458,0.92035448,-0.79893012,-0.12040792,0.12015741,-0.17737793,0.09407897,0,0,0,0,0
249,51666,0.94901934,-0.77621093,-0.17710414,0.12867084,-0.18673218,0.08096150,0,0,0,0,0
250,51875,0.95935862,-0.72280715,-0.24766162,0.13296270,-0.18431721,0.08358560,0,0,0,0,0
251,52083,0.98448404,-0.67219563,-0.30475222,0.14364975,-0.17182869,0.06161257,0,0,0,0,0
252,52291,0.99352033,-0.62948311,-0.36804289,0.14961046,-0.20164790,0.03893241,0,0,0,0,0
253,52500,0.99931012,-0.56924101,-0.43423038,0.16326937,-0.17248755,0.03241843,0,0,0,0,0
254,52708,1.00180874,-0.51349653,-0.48621609,0.16442578,-0.16588257,0.02494579,0,0,0,0,0
255,52916,0.99390669,-0.46857991,-0.53986544,0.16458220,-0.16150665,-0.01740057,0,0,0,0,0
256,53125,1.00052452,-0.40402511,-0.58907111,0.16988874,-0.16496336,-0.03290427,0,0,0,0,0
257,53333,0.97829991,-0.34048249,-0.63750497,0.17767004,-0.15779251,-0.04923275,0,0,0,0,0
258,53541,0.97076065,-0.28439593,-0.69303891,0.19018382,-0.13196803,-0.05523343,0,0,0,0,0
259,53750,0.94539052,-0.21928938,-0.73766857,0.18800258,-0.14502430,-0.07131867,0,0,0,0,0
260,53958,0.92849852,-0.15196166,-0.77714070,0.19095128,-0.12101558,-0.07504784,0,0,0,0,0
261,54166,0.90091792,-0.09500776,-0.81687069,0.19042464,-0.11318005,-0.08902038,0,0,0,0,0
262,54375,0.87273931,-0.01559089,-0.85199670,0.20745972,-0.10472086,-0.12773629,0,0,0,0,0
263,54583,0.83975124,0.04824809,-0.87533010,0.20706494,-0.08173075,-0.12030835,0,0,0,0,0
264,54791,0.80008071,0.11545937,-0.91758591,0.20185270,-0.07434519,-0.11848633,0,0,0,0,0
265,55000,0.76018389,0.18181342,-0.93208734,0.22194500,-0.06176704,-0.13531640,0,0,0,0,0
266,55208,0.70968431,0.24553078,-0.96096340,0.21330411,-0.06159321,-0.13807336,0,0,0,0,0
267,55416,0.67246345,0.30234819,-0.97242623,0.20602239,-0.05708401,-0.16305719,0,0,0,0,0
268,55625,0.61455152,0.37257079,-0.99780530,0.21461881,-0.03236670,-0.16059220,0,0,0,0,0
269,55833,0.57402912,0.43340193,-1.00111274,0.19319970,-0.01022747,-0.16156521,0,0,0,0,0
270,56041,0.51155469,0.48251540,-0.99970334,0.16710958,0.00161799,-0.17596911,0,0,0,0,0
271,56250,0.45013568,0.54530035,-0.99561794,0.18119781,0.00790612,-0.19597158,0,0,0,0,0
272,56458,0.40259830,0.58917345,-0.99776154,0.18430676,0.01161753,-0.18881876,0,0,0,0,0
273,56666,0.34429265,0.65759283,-0.98258621,0.14274758,0.03345174,-0.19042668,0,0,0,0,0
274,56875,0.27844430,0.69290745,-0.97939100,0.16651838,0.01592080,-0.20072268,0,0,0,0,0
275,57083,0.21313452,0.74031254,-0.95842496,0.12816485,0.06159972,-0.21817421,0,0,0,0,0
276,57291,0.15565840,0.78613626,-0.92651830,0.13141835,0.07858930,-0.18128857,0,0,0,0,0
277,57500,0.07984484,0.82096625,-0.90963151,0.10722716,0.08341942,-0.20306041,0,0,0,0,0
278,57708,0.01732850,0.85520909,-0.88054932,0.11086741,0.08654017,-0.18308521,0,0,0,0,0
279,57916,-0.04745294,0.88970873,-0.84603457,0.09423954,0.09767925,-0.19421663,0,0,0,0,0
280,58125,-0.11070921,0.91816883,-0.80159650,0.06976194,0.10665988,-0.19047223,0,0,0,0,0
281,58333,-0.17543459,0.93783569,-0.76740044,0.06476302,0.12847146,-0.18590522,0,0,0,0,0
282,58541,-0.24196914,0.96219724,-0.71877645,0.04496733,0.15939419,-0.17865221,0,0,0,0,0
283,58750,-0.29756759,0.97901316,-0.68137415,0.02567069,0.14265836,-0.17909861,0,0,0,0,0
284,58958,-0.37179021,0.98398714,-0.62849180,0.02462855,0.19876147,-0.17083594,0,0,0,0,0
285,59166,-0.42656782,0.98720015,-0.57524757,0.01005351,0.16520065,-0.17579490,0,0,0,0,0
286,59375,-0.48687299,0.99622315,-0.51908242,-0.01097503,0.18579454,-0.15907081,0,0,0,0,0
287,59583,-0.54564149,0.98972799,-0.45994992,-0.01863970,0.19074173,-0.14566556,0,0,0,0,0
288,59791,-0.59636089,0.99304320,-0.40493114,-0.02488088,0.20823612,-0.15455162,0,0,0,0,0
289,60000,-0.65414267,0.97965535,-0.34516864,-0.01943011,0.19195435,-0.13290603,0,0,0,0,0
290,60208,-0.70138845,0.97181130,-0.26935464,-0.05365759,0.21655270,-0.12355367,0,0,0,0,0
291,60416,-0.74671424,0.94448069,-0.21712852,-0.07873122,0.20045088,-0.12840731,0,0,0,0,0
292,60625,-0.78272050,0.92812119,-0.15680681,-0.08424166,0.21485280,-0.13583049,0,0,0,0,0
293,60833,-0.83030276,0.89768110,-0.07918604,-0.09125074,0.19725867,-0.11553041,0,0,0,0,0
294,61041,-0.86207581,0.87434314,-0.01703585,-0.09830393,0.20767102,-0.11682176,0,0,0,0,0
295,61250,-0.89168358,0.83928445,0.04956825,-0.10618386,0.17893448,-0.08988129,0,0,0,0,0
296,61458,-0.92450474,0.80879482,0.11504432,-0.10411393,0.19021724,-0.08340081,0,0,0,0,0
297,61666,-0.94558433,0.75554285,0.18767453,-0.12748240,0.19040548,-0.08766252,0,0,0,0,0
298,61875,-0.95994396,0.71743811,0.24859492,-0.13566320,0.18926318,-0.05955468,0,0,0,0,0
299,62083,-0.98397112,0.66638656,0.30533754,-0.12315415,0.17533414,-0.07803036,0,0,0,0,0
300,62291,-0.99100432,0.62348642,0.36364328,-0.13827474,0.17773654,-0.03864067,0,0,0,0,0
301,62500,-0.99688838,0.56837133,0.43123678,-0.14417070,0.19188981,-0.02640633,0,0,0,0,0
302,62708,-0.98696390,0.51941968,0.48072227,-0.13993263,0.16766936,-0.02423140,0,0,0,0,0
303,62916,-1.01318654,0.46091381,0.52880552,-0.14057146,0.15931960,0.00878809,0,0,0,0,0
304,63125,-0.99856088,0.40843321,0.58706445,-0.17731672,0.15765432,0.00533778,0,0,0,0,0
305,63333,-0.97347195,0.34374584,0.63967710,-0.19123723,0.14658280,0.03300562,0,0,0,0,0
306,63541,-0.97248841,0.27383791,0.68925307,-0.20295608,0.13925395,0.05387735,0,0,0,0,0
307,63750,-0.95263307,0.20601666,0.73332525,-0.20402989,0.15185077,0.06595843,0,0,0,0,0
308,63958,-0.93052203,0.14272459,0.77466012,-0.19711662,0.12661000,0.07701411,0,0,0,0,0
309,64166,-0.90738622,0.08742342,0.81456608,-0.20314826,0.13632057,0.10486631,0,0,0,0,0
310,64375,-0.86051370,0.01643558,0.85232012,-0.20356132,0.08561543,0.10761304,0,0,0,0,0
311,64583,-0.83540099,-0.05014062,0.88641468,-0.21142595,0.07931805,0.11360938,0,0,0,0,0
312,64791,-0.80590423,-0.11271957,0.91141096,-0.20287720,0.06192454,0.11973439,0,0,0,0,0
313,65000,-0.76886965,-0.18496985,0.94211944,-0.20284955,0.05634418,0.12529633,0,0,0,0,0
314,65208,-0.71249689,-0.24389284,0.95362763,-0.21824065,0.04927367,0.13746719,0,0,0,0,0
315,65416,-0.67369771,-0.30029345,0.97656853,-0.18924960,0.04564115,0.15920702,0,0,0,0,0
316,65625,-0.62029812,-0.37444156,0.98912566,-0.20048800,0.03692192,0.16210067,0,0,0,0,0
317,65833,-0.57124110,-0.43145499,1.00207283,-0.19551872,0.01882717,0.15744045,0,0,0,0,0
318,66041,-0.51205786,-0.49664879,1.00004681,-0.19228632,-0.00380520,0.18225292,0,0,0,0,0
319,66250,-0.46076104,-0.54117665,1.00218960,-0.18276861,0.00844883,0.17923648,0,0,0,0,0
320,66458,-0.39555191,-0.60441953,0.99098878,-0.16890004,0.00645987,0.18675788,0,0,0,0,0
321,66666,-0.33601664,-0.65049882,0.98255412,-0.16315169,-0.02119560,0.18054240,0,0,0,0,0
322,66875,-0.28320518,-0.69638067,0.98545253,-0.15510474,-0.03286163,0.18272088,0,0,0,0,0
323,67083,-0.21458043,-0.74271726,0.96199972,-0.12776922,-0.06701509,0.19606870,0,0,0,0,0
324,67291,-0.14925511,-0.77983072,0.93592740,-0.12717486,-0.04888063,0.18519585,0,0,0,0,0
325,67500,-0.07188008,-0.81770064,0.91038751,-0.10751993,-0.06634026,0.22023288,0,0,0,0,0
326,67708,-0.02432059,-0.85784475,0.87796090,-0.09404589,-0.08714958,0.20568923,0,0,0,0,0
327,67916,0.04522562,-0.88282848,0.83733140,-0.08238866,-0.10345910,0.20633867,0,0,0,0,0
328,68125,0.10226392,-0.91989278,0.79918191,-0.06081026,-0.12494384,0.20521448,0,0,0,0,0
329,68333,0.17290101,-0.94031886,0.76905285,-0.07079562,-0.12841587,0.18588713,0,0,0,0,0
330,68541,0.24428458,-0.95803518,0.71973119,-0.06170807,-0.15341897,0.17329543,0,0,0,0,0
331,68750,0.30467346,-0.98049171,0.67586892,-0.04333613,-0.16826464,0.16346109,0,0,0,0,0
332,68958,0.36544242,-0.99168146,0.62471967,-0.02864131,-0.17907912,0.16763425,0,0,0,0,0
333,69166,0.43272212,-0.99934013,0.57607481,-0.01438950,-0.17775832,0.17257568,0,0,0,0,0
334,69375,0.47821539,-1.00045477,0.51971458,0.00032875,-0.18690596,0.16694230,0,0,0,0,0
335,69583,0.53176438,-0.99624740,0.46112902,0.00963308,-0.18657311,0.15606227,0,0,0,0,0
336,69791,0.58211277,-0.99160071,0.39692922,0.03611707,-0.18663606,0.14290294,0,0,0,0,0
337,70000,0.64590229,-0.98356237,0.33417447,0.02731877,-0.19718301,0.15955099,0,0,0,0,0
338,70208,0.69977465,-0.96789549,0.28146313,0.04949550,-0.20358441,0.14250884,0,0,0,0,0
339,70416,0.73347028,-0.94319385,0.21191257,0.06000189,-0.19746061,0.11791458,0,0,0,0,0
340,70625,0.78631092,-0.92897494,0.14183171,0.09420572,-0.20353244,0.13116937,0,0,0,0,0
341,70833,0.82425144,-0.90412218,0.07506324,0.08566864,-0.20702655,0.12991292,0,0,0,0,0
342,71041,0.85716212,-0.87157104,0.01196594,0.12203354,-0.19075378,0.11548135,0,0,0,0,0
343,71250,0.88982848,-0.83844481,-0.04761811,0.11902962,-0.20954249,0.11602590,0,0,0,0,0
344,71458,0.92800932,-0.79574401,-0.12156649,0.11343820,-0.18600860,0.10935243,0,0,0,0,0
345,71666,0.94423201,-0.76025042,-0.18056207,0.11509026,-0.19375273,0.09624124,0,0,0,0,0
346,71875,0.96316855,-0.72341056,-0.25259797,0.13447055,-0.17417842,0.08189929,0,0,0,0,0
347,72083,0.98830440,-0.67301243,-0.30424227,0.14974361,-0.17225800,0.07366779,0,0,0,0,0
348,72291,0.99556193,-0.63149051,-0.36148898,0.12392266,-0.17773434,0.04349139,0,0,0,0,0
349,72500,0.99220486,-0.56970223,-0.42739742,0.14249071,-0.17377015,0.01755762,0,0,0,0,0
350,72708,0.99592711,-0.51148379,-0.48623689,0.14550867,-0.16008004,0.01432091,0,0,0,0,0
351,72916,0.99775898,-0.46564276,-0.54208514,0.16458358,-0.16509254,-0.00062680,0,0,0,0,0
352,73125,0.99299370,-0.40089295,-0.59282180,0.17257411,-0.16478690,-0.01751486,0,0,0,0,0
353,73333,0.97778001,-0.34622347,-0.64134093,0.17688581,-0.14112755,-0.04328152,0,0,0,0,0
354,73541,0.96272522,-0.27688974,-0.69563415,0.19687482,-0.11842476,-0.05137157,0,0,0,0,0
355,73750,0.94910785,-0.22181483,-0.73114911,0.18528655,-0.11890695,-0.08751967,0,0,0,0,0
356,73958,0.93203412,-0.15628292,-0.77830560,0.18686330,-0.12834766,-0.08229022,0,0,0,0,0
357,74166,0.89893186,-0.08376712,-0.81617768,0.21187116,-0.09948051,-0.08875651,0,0,0,0,0
358,74375,0.86982458,-0.02046132,-0.85808751,0.19599670,-0.10315896,-0.09682122,0,0,0,0,0
359,74583,0.83631888,0.05347371,-0.88160339,0.22093339,-0.08816768,-0.11050387,0,0,0,0,0
360,74791,0.80672962,0.11753902,-0.91129862,0.20659528,-0.08419548,-0.13881047,0,0,0,0,0
361,75000,0.76294116,0.17989901,-0.94034047,0.20659556,-0.07278579,-0.14152175,0,0,0,0,0
362,75208,0.72058776,0.23661548,-0.97006356,0.20307562,-0.05849621,-0.14481151,0,0,0,0,0
363,75416,0.67750788,0.31170227,-0.97967563,0.20692031,-0.05798676,-0.16751930,0,0,0,0,0
364,75625,0.62226482,0.37283743,-0.98963627,0.19002320,-0.02840925,-0.17263299,0,0,0,0,0
365,75833,0.57183288,0.43096419,-0.99065351,0.19163448,-0.01582525,-0.17269306,0,0,0,0,0
366,76041,0.50927732,0.48670235,-0.99844191,0.20313290,-0.00721381,-0.18918625,0,0,0,0,0
367,76250,0.46437135,0.54296203,-0.99930218,0.18665029,0.00247464,-0.16741771,0,0,0,0,0
368,76458,0.40088983,0.59966369,-0.99453739,0.17459778,0.01782246,-0.20149484,0,0,0,0,0
369,76666,0.34519767,0.65195232,-0.98723805,0.16642247,0.02920791,-0.20776539,0,0,0,0,0
370,76875,0.27305578,0.69595736,-0.96992037,0.16310831,0.05535291,-0.19572608,0,0,0,0,0
371,77083,0.21486047,0.73586420,-0.94730492,0.13868053,0.05327843,-0.18365739,0,0,0,0,0
372,77291,0.14589628,0.78497440,-0.93293050,0.12907834,0.06561325,-0.20344349,0,0,0,0,0
373,77500,0.07610877,0.82586807,-0.90704799,0.12160058,0.06438528,-0.22234885,0,0,0,0,0
374,77708,0.01845688,0.84903148,-0.87746828,0.09580139,0.09354511,-0.21055990,0,0,0,0,0
375,77916,-0.04562751,0.89224537,-0.84377033,0.06217804,0.10167425,-0.18996958,0,0,0,0,0
376,78125,-0.11252006,0.92581107,-0.81738507,0.05885093,0.10382047,-0.20787681,0,0,0,0,0
377,78333,-0.17134228,0.94208158,-0.76265007,0.05823652,0.13202970,-0.18051711,0,0,0,0,0
378,78541,-0.24150615,0.95383694,-0.73099934,0.04194760,0.15600203,-0.18081547,0,0,0,0,0
379,78750,-0.30611853,0.97528299,-0.67246883,0.03808995,0.17633218,-0.17623354,0,0,0,0,0
380,78958,-0.36258612,0.99326616,-0.62282972,0.03451450,0.15877056,-0.17873539,0,0,0,0,0
381,79166,-0.41952521,0.99361305,-0.56708156,0.00825008,0.19093979,-0.18243135,0,0,0,0,0
382,79375,-0.47904314,0.99732537,-0.51631745,-0.01543769,0.19046620,-0.16162080,0,0,0,0,0
383,79583,-0.54494305,1.00091931,-0.45552049,-0.01548077,0.19104540,-0.15777244,0,0,0,0,0
384,79791,-0.59543061,0.99714992,-0.39708827,-0.02877696,0.20114466,-0.14185918,0,0,0,0,0
385,80000,-0.64481455,0.98261076,-0.34556894,-0.03024253,0.21374922,-0.12937241,0,0,0,0,0
386,80208,-0.69245795,0.96535974,-0.27863803,-0.06409919,0.21865619,-0.15216379,0,0,0,0,0
387,80416,-0.74558217,0.95189041,-0.20554235,-0.06646815,0.21661146,-0.12035716,0,0,0,0,0
388,80625,-0.78239868,0.92468897,-0.14113077,-0.08272825,0.19245766,-0.14195720,0,0,0,0,0
389,80833,-0.81932416,0.91201956,-0.08006367,-0.07507500,0.20775304,-0.12917580,0,0,0,0,0
390,81041,-0.85920847,0.86539066,-0.01565900,-0.09891330,0.19037928,-0.11446055,0,0,0,0,0
391,81250,-0.89418925,0.84491225,0.05532064,-0.12629047,0.19930418,-0.10931335,0,0,0,0,0
392,81458,-0.92088332,0.80845390,0.11804931,-0.11577076,0.18992109,-0.08989399,0,0,0,0,0
393,81666,-0.94798536,0.76372055,0.18063309,-0.09604462,0.18076862,-0.11323262,0,0,0,0,0
394,81875,-0.96226221,0.72112540,0.24163688,-0.13809147,0.18602445,-0.05851297,0,0,0,0,0
395,82083,-0.97688155,0.66441937,0.31127621,-0.14126148,0.17499734,-0.06486745,0,0,0,0,0
396,82291,-0.99124304,0.63066314,0.36711132,-0.14320308,0.18071254,-0.04305969,0,0,0,0,0
397,82500,-0.99740781,0.57069303,0.43528916,-0.15589340,0.17253601,-0.00945944,0,0,0,0,0
398,82708,-1.01041553,0.51631203,0.48180976,-0.15214262,0.19199975,0.00609751,0,0,0,0,0
399,82916,-1.00014143,0.46307451,0.54115637,-0.15952681,0.15964291,0.00303040,0,0,0,0,0
400,83125,-0.98539134,0.40112486,0.59222494,-0.16433133,0.17537023,0.00924412,0,0,0,0,0
401,83333,-0.98400023,0.34657880,0.63902536,-0.17907212,0.14551958,0.03237510,0,0,0,0,0
402,83541,-0.96777971,0.27680147,0.69053676,-0.18619924,0.13613585,0.05976634,0,0,0,0,0
403,83750,-0.94897298,0.21307148,0.73787357,-0.19234419,0.12962982,0.05717063,0,0,0,0,0
404,83958,-0.92753524,0.14806834,0.77907898,-0.20612095,0.12496438,0.07186271,0,0,0,0,0
405,84166,-0.89698847,0.07933771,0.81364257,-0.18458035,0.09122749,0.08122459,0,0,0,0,0
406,84375,-0.86997703,0.02515038,0.85208364,-0.21001751,0.10031231,0.11581421,0,0,0,0,0
407,84583,-0.83912107,-0.04737136,0.89062997,-0.19197601,0.09995122,0.11234514,0,0,0,0,0
408,84791,-0.80721959,-0.11562019,0.90943225,-0.18373415,0.07222295,0.12259137,0,0,0,0,0
409,85000,-0.76320282,-0.17736732,0.93887006,-0.21687955,0.07358834,0.14479124,0,0,0,0,0
410,85208,-0.71467174,-0.23891364,0.95785540,-0.21221054,0.05676182,0.16453633,0,0,0,0,0
411,85416,-0.66430703,-0.29778662,0.96867130,-0.21007760,0.03045528,0.15373582,0,0,0,0,0
412,85625,-0.62743494,-0.37210990,0.99133573,-0.19922883,0.04897311,0.16673357,0,0,0,0,0
413,85833,-0.57880106,-0.42839898,0.99573677,-0.19774703,0.02085765,0.14860787,0,0,0,0,0
414,86041,-0.51605647,-0.49357078,0.99535895,-0.19008562,-0.00045660,0.19103941,0,0,0,0,0
415,86250,-0.45499139,-0.53877159,1.00411515,-0.16373389,-0.01593708,0.18704019,0,0,0,0,0
416,86458,-0.39290790,-0.59623242,0.99519738,-0.17658440,-0.01480413,0.17126721,0,0,0,0,0
417,86666,-0.34049393,-0.63880517,0.98414571,-0.15831748,-0.02077147,0.18461731,0,0,0,0,0
418,86875,-0.27839554,-0.69899720,0.97536903,-0.14912947,-0.05574737,0.18558183,0,0,0,0,0
419,87083,-0.20398080,-0.73602345,0.95826766,-0.11836330,-0.03843347,0.21168203,0,0,0,0,0
420,87291,-0.15615209,-0.77774981,0.93391591,-0.10969671,-0.06471923,0.20123475,0,0,0,0,0
421,87500,-0.08994344,-0.83013125,0.90358103,-0.10832692,-0.06143620,0.19837284,0,0,0,0,0
422,87708,-0.01595993,-0.85467542,0.89179433,-0.09134742,-0.08661239,0.19157883,0,0,0,0,0
423,87916,0.04263772,-0.89405567,0.83832415,-0.07363131,-0.09716727,0.20330058,0,0,0,0,0
424,88125,0.11857857,-0.91140221,0.80658125,-0.07784807,-0.11597028,0.19044650,0,0,0,0,0
425,88333,0.17804133,-0.93877027,0.76856184,-0.06123553,-0.10355918,0.17556659,0,0,0,0,0
426,88541,0.22935655,-0.96169378,0.72596254,-0.05193835,-0.15166405,0.16851482,0,0,0,0,0
427,88750,0.29607478,-0.98357289,0.67066651,-0.05063676,-0.15342363,0.18147835,0,0,0,0,0
428,88958,0.36546372,-0.98834778,0.62468177,-0.02414853,-0.17617507,0.18494392,0,0,0,0,0
429,89166,0.42879593,-0.99295119,0.57882843,-0.01029439,-0.16968481,0.17980441,0,0,0,0,0
430,89375,0.48054084,-1.00197800,0.51803810,-0.00536302,-0.17024071,0.17647481,0,0,0,0,0
431,89583,0.54916792,-0.99973731,0.46430458,0.02055644,-0.18792838,0.15347547,0,0,0,0,0
432,89791,0.59896956,-0.99116621,0.40523068,0.03222659,-0.19706195,0.13591619,0,0,0,0,0
433,90000,0.64372437,-0.97841589,0.33720431,0.02080390,-0.21009041,0.14921871,0,0,0,0,0
434,90208,0.69444301,-0.96412592,0.28472038,0.07587013,-0.20969508,0.12772799,0,0,0,0,0
435,90416,0.74684805,-0.95251812,0.21521221,0.06807003,-0.19823471,0.14354740,0,0,0,0,0
436,90625,0.78333399,-0.92462544,0.15451971,0.08705285,-0.17251423,0.13059465,0,0,0,0,0
437,90833,0.82644819,-0.90516117,0.08029353,0.09315395,-0.19770953,0.11845691,0,0,0,0,0
438,91041,0.85546285,-0.86720092,0.01024558,0.10550058,-0.21587191,0.11929841,0,0,0,0,0
439,91250,0.88921186,-0.84526746,-0.05768411,0.10079898,-0.20612846,0.11489340,0,0,0,0,0
440,91458,0.92310378,-0.80584199,-0.11272792,0.12967215,-0.19079535,0.09757402,0,0,0,0,0
441,91666,0.94866592,-0.76583619,-0.18264677,0.11657608,-0.17411395,0.09353236,0,0,0,0,0
442,91875,0.96910810,-0.71872060,-0.25553364,0.14853698,-0.19151835,0.08011716,0,0,0,0,0
443,92083,0.98324669,-0.68018156,-0.30639628,0.11512586,-0.18013924,0.06947723,0,0,0,0,0
444,92291,0.98022995,-0.61756906,-0.36688753,0.13293085,-0.16708653,0.03787782,0,0,0,0,0
445,92500,1.00290842,-0.56396013,-0.43004958,0.13857208,-0.15877644,0.01780837,0,0,0,0,0
446,92708,0.99432488,-0.51535373,-0.47514263,0.16234712,-0.17589430,0.01860129,0,0,0,0,0
447,92916,0.98736727,-0.45951300,-0.54860931,0.15327401,-0.16444520,0.00689332,0,0,0,0,0
448,93125,0.99508342,-0.40757311,-0.59012678,0.16918850,-0.16086047,-0.02238827,0,0,0,0,0
449,93333,0.97952853,-0.34066453,-0.63813468,0.18551682,-0.13738988,-0.03154921,0,0,0,0,0
450,93541,0.96346084,-0.28237508,-0.68362306,0.16515130,-0.12894068,-0.04928539,0,0,0,0,0
451,93750,0.93800023,-0.22274920,-0.72931333,0.18649236,-0.11555232,-0.07211491,0,0,0,0,0
452,93958,0.93227190,-0.15927859,-0.77363023,0.19819020,-0.13041614,-0.07241294,0,0,0,0,0
453,94166,0.90229037,-0.07592428,-0.82540830,0.19206531,-0.09864225,-0.08797494,0,0,0,0,0
454,94375,0.86925241,-0.02428426,-0.84991331,0.20610357,-0.10460182,-0.10012368,0,0,0,0,0
455,94583,0.83047376,0.05770242,-0.88663655,0.22032806,-0.08565741,-0.10628171,0,0,0,0,0
456,94791,0.79589743,0.12591695,-0.91511406,0.21620695,-0.07474451,-0.12095762,0,0,0,0,0
457,95000,0.76012818,0.16895397,-0.93124822,0.21161606,-0.06631628,-0.15027940,0,0,0,0,0
458,95208,0.71212060,0.23496422,-0.96208498,0.20404046,-0.05607115,-0.12615531,0,0,0,0,0
459,95416,0.68018146,0.30564114,-0.97169549,0.21887588,-0.05647834,-0.16501616,0,0,0,0,0
460,95625,0.62299180,0.36980316,-0.98008735,0.19474626,-0.04752110,-0.15900329,0,0,0,0,0
461,95833,0.57847939,0.43202877,-0.99368979,0.18188881,-0.02990064,-0.18046966,0,0,0,0,0
462,96041,0.50978615,0.48257980,-1.00016414,0.17947321,-0.00788755,-0.16603759,0,0,0,0,0
463,96250,0.46158353,0.54650919,-1.00081972,0.18296822,-0.00556552,-0.17610828,0,0,0,0,0
464,96458,0.39987292,0.59751714,-0.99702829,0.17398165,0.01003901,-0.19122107,0,0,0,0,0
465,96666,0.34032108,0.65235459,-0.98437327,0.14647607,0.02989110,-0.19699574,0,0,0,0,0
466,96875,0.27656597,0.69796570,-0.96334739,0.14241490,0.04091722,-0.20372699,0,0,0,0,0
467,97083,0.20457534,0.74006118,-0.95632740,0.14466186,0.06001129,-0.18641968,0,0,0,0,0
468,97291,0.15319349,0.78994788,-0.92683006,0.14179291,0.06461470,-0.19051847,0,0,0,0,0
469,97500,0.08671263,0.81564817,-0.90575049,0.09587365,0.06265583,-0.19867178,0,0,0,0,0
470,97708,0.01658441,0.85796547,-0.87634105,0.10632791,0.08653602,-0.19404120,0,0,0,0,0
471,97916,-0.03902215,0.88274806,-0.84729870,0.07745444,0.10619923,-0.19382086,0,0,0,0,0
472,98125,-0.11171385,0.91547625,-0.80537026,0.07288483,0.10986516,-0.17687583,0,0,0,0,0
473,98333,-0.17610448,0.93719036,-0.75657212,0.07353000,0.13362483,-0.19260909,0,0,0,0,0
474,98541,-0.23364281,0.95193161,-0.71384040,0.05263563,0.13879107,-0.18714830,0,0,0,0,0
475,98750,-0.30347222,0.98410663,-0.68009958,0.04109546,0.14789630,-0.17926694,0,0,0,0,0
476,98958,-0.35438281,0.98115880,-0.62861988,0.01460438,0.16967869,-0.16724515,0,0,0,0,0
477,99166,-0.42308628,0.99665821,-0.58145894,0.02900978,0.17651528,-0.16498720,0,0,0,0,0
478,99375,-0.49484674,0.98989872,-0.51986074,-0.00312455,0.18997627,-0.16469325,0,0,0,0,0
479,99583,-0.53563152,0.99416004,-0.46066023,-0.00687323,0.18619735,-0.16471977,0,0,0,0,0
480,99791,-0.60325929,0.98813215,-0.40636551,-0.05470727,0.21090157,-0.14068158,0,0,0,0,0
481,100000,-0.64720517,0.97660010,-0.33539465,-0.04483124,0.22621400,-0.14348248,0,0,0,0,0
482,100208,-0.69882749,0.97286879,-0.27647502,-0.06669759,0.20409400,-0.12521169,0,0,0,0,0
483,100416,-0.73463427,0.94172965,-0.21726814,-0.07314643,0.19338361,-0.14295904,0,0,0,0,0
484,100625,-0.76424816,0.92438399,-0.14023240,-0.08770556,0.18005100,-0.12699807,0,0,0,0,0
485,100833,-0.78214489,0.89950599,-0.07932592,-0.09468660,0.17616248,-0.13037400,0,0,0,0,0
486,101041,-0.78502170,0.86256799,-0.00712219,-0.11293018,0.19686481,-0.12032221,0,0,0,0,0
487,101250,-0.79004293,0.82954727,0.05248083,-0.12029339,0.19562781,-0.11518587,0,0,0,0,0
488,101458,-0.77487442,0.78907815,0.11930604,-0.10724486,0.20746805,-0.09425094,0,0,0,0,0
489,101666,-0.75250851,0.74998671,0.17678337,-0.13724725,0.20811049,-0.07472529,0,0,0,0,0
490,101875,-0.73679801,0.70269553,0.23959323,-0.14052465,0.19740075,-0.06933349,0,0,0,0,0
491,102083,-0.69291954,0.65915777,0.30020288,-0.15716418,0.21929992,-0.05861843,0,0,0,0,0
492,102291,-0.65108736,0.60093380,0.36113411,-0.17808025,0.20687972,-0.04355482,0,0,0,0,0
493,102500,-0.59614697,0.55253252,0.40320819,-0.19781259,0.23419936,-0.04406649,0,0,0,0,0
494,102708,-0.55093303,0.49938848,0.46841700,-0.21086750,0.21355830,-0.00296333,0,0,0,0,0
495,102916,-0.49638793,0.43296280,0.51551510,-0.25133827,0.20358501,0.00956896,0,0,0,0,0
496,103125,-0.44226401,0.39018013,0.56288094,-0.27291717,0.24798159,0.01021269,0,0,0,0,0
497,103333,-0.39335050,0.32029418,0.59815004,-0.31003996,0.21330611,0.02916587,0,0,0,0,0
498,103541,-0.34749572,0.26365521,0.64450944,-0.35526113,0.24056423,0.05851412,0,0,0,0,0
499,103750,-0.30351027,0.20404031,0.68857866,-0.38918520,0.26227551,0.08114773,0,0,0,0,0
500,103958,-0.26144489,0.14369216,0.71844085,-0.41667973,0.24344907,0.07402270,0,0,0,0,0
501,104166,-0.23526947,0.07376207,0.75965762,-0.45361952,0.23403296,0.09017956,0,0,0,0,0
502,104375,-0.20158306,0.02508472,0.78798256,-0.49649840,0.24464329,0.08511871,0,0,0,0,0
503,104583,-0.17500457,-0.04858703,0.82137051,-0.53107098,0.20832145,0.10024077,0,0,0,0,0
504,104791,-0.16825740,-0.10180888,0.84190256,-0.57361116,0.20020805,0.12364316,0,0,0,0,0
505,105000,-0.16549527,-0.16427952,0.85901665,-0.58392719,0.18948567,0.10862723,0,0,0,0,0
506,105208,-0.14089514,-0.22127466,0.87816841,-0.60800261,0.13923955,0.11045934,0,0,0,0,0
507,105416,-0.13410866,-0.28390717,0.89727663,-0.64024582,0.12083993,0.13421987,0,0,0,0,0
508,105625,-0.12716303,-0.33337177,0.90917915,-0.63581421,0.09926108,0.13253263,0,0,0,0,0
509,105833,-0.11445238,-0.39154396,0.92223632,-0.65710933,0.05156520,0.13109309,0,0,0,0,0
510,106041,-0.10768149,-0.45076138,0.92025867,-0.64550115,0.01391263,0.13106560,0,0,0,0,0
511,106250,-0.09806502,-0.49939537,0.92626315,-0.65318466,-0.02849748,0.14243809,0,0,0,0,0
512,106458,-0.06955788,-0.55398304,0.92401143,-0.66614491,-0.08554749,0.14641405,0,0,0,0,0
513,106666,-0.06894854,-0.59081048,0.91074901,-0.63443993,-0.11856150,0.16422813,0,0,0,0,0
514,106875,-0.05797739,-0.64158804,0.89215426,-0.63175012,-0.19765581,0.11966821,0,0,0,0,0
515,107083,-0.04309191,-0.68111911,0.88813619,-0.61337222,-0.23697678,0.15872426,0,0,0,0,0
516,107291,-0.02393128,-0.71871452,0.86088827,-0.57749850,-0.30969291,0.12675036,0,0,0,0,0
517,107500,-0.02241151,-0.75885514,0.83359003,-0.55686548,-0.35291194,0.14887231,0,0,0,0,0
518,107708,-0.00229927,-0.78954337,0.79856288,-0.50846328,-0.41711472,0.13700016,0,0,0,0,0
519,107916,0.00500556,-0.80785702,0.77461836,-0.49375421,-0.48419699,0.15597912,0,0,0,0,0
520,108125,0.01674536,-0.84244289,0.74356631,-0.43879468,-0.56083345,0.14798433,0,0,0,0,0
521,108333,0.03909874,-0.87246048,0.70515634,-0.36399116,-0.61556396,0.13845196,0,0,0,0,0
522,108541,0.04788179,-0.88359398,0.66634924,-0.31953742,-0.69298718,0.11713354,0,0,0,0,0
523,108750,0.06111405,-0.89345587,0.61592905,-0.25087061,-0.72905608,0.11556647,0,0,0,0,0
524,108958,0.07626610,-0.90785079,0.57962494,-0.18018600,-0.82405844,0.10902410,0,0,0,0,0
525,109166,0.08658088,-0.91490601,0.52482602,-0.08980981,-0.88722116,0.10304869,0,0,0,0,0
526,109375,0.09449069,-0.91962864,0.47201450,-0.03937973,-0.95306484,0.08514708,0,0,0,0,0
527,109583,0.10430124,-0.91315549,0.41948899,0.06699447,-1.01103605,0.08384616,0,0,0,0,0
528,109791,0.11424056,-0.90889392,0.35885579,0.14374484,-1.07944109,0.07643107,0,0,0,0,0
529,110000,0.12351201,-0.91118068,0.31858599,0.25875867,-1.11104770,0.06847131,0,0,0,0,0
530,110208,0.13358144,-0.88828802,0.25513029,0.34475787,-1.17566647,0.08388066,0,0,0,0,0
531,110416,0.16193408,-0.88258306,0.19194642,0.43203026,-1.20262919,0.08328346,0,0,0,0,0
532,110625,0.16017824,-0.85539087,0.13193775,0.52723474,-1.23089466,0.08561802,0,0,0,0,0
533,110833,0.15838929,-0.83250538,0.08123514,0.63611738,-1.27738389,0.06829712,0,0,0,0,0
534,111041,0.16698618,-0.81008814,0.00537635,0.70780791,-1.30391640,0.02722230,0,0,0,0,0
535,111250,0.18329380,-0.77125896,-0.04591578,0.83589556,-1.32016802,0.05998144,0,0,0,0,0
536,111458,0.17726857,-0.72408476,-0.10387441,0.91376968,-1.33023693,0.05188350,0,0,0,0,0
537,111666,0.19178800,-0.70017240,-0.16403745,1.00593183,-1.32690443,0.02405232,0,0,0,0,0
538,111875,0.19014138,-0.67023250,-0.23310712,1.09538342,-1.35092501,0.02472847,0,0,0,0,0
539,112083,0.19459109,-0.61517436,-0.27605048,1.18772445,-1.32142923,0.02177959,0,0,0,0,0
540,112291,0.20464021,-0.56645670,-0.33199018,1.25850907,-1.28789325,0.00094188,0,0,0,0,0
541,112500,0.19668999,-0.52899518,-0.40036955,1.35148078,-1.26958919,0.00328779,0,0,0,0,0
542,112708,0.20363955,-0.46935364,-0.43907389,1.43146575,-1.24536766,0.00056651,0,0,0,0,0
543,112916,0.19240008,-0.42696052,-0.49344880,1.47774174,-1.21833216,0.00711506,0,0,0,0,0
544,113125,0.18951297,-0.37134953,-0.55076577,1.56408229,-1.16573762,-0.01341221,0,0,0,0,0
545,113333,0.19292558,-0.31077837,-0.58993490,1.61163197,-1.12121195,-0.01133205,0,0,0,0,0
546,113541,0.18737861,-0.25341930,-0.63962019,1.63501347,-1.07515987,-0.00594082,0,0,0,0,0
547,113750,0.19493481,-0.19011635,-0.67971050,1.69227917,-0.99065246,-0.02685978,0,0,0,0,0
548,113958,0.17825194,-0.14649962,-0.71755897,1.70376895,-0.93762371,-0.03445844,0,0,0,0,0
549,114166,0.18505542,-0.08145424,-0.76171662,1.74088939,-0.86780299,-0.03795730,0,0,0,0,0
550,114375,0.17039064,-0.01952958,-0.78818781,1.74637307,-0.76850383,-0.04666986,0,0,0,0,0
551,114583,0.17341815,0.05070448,-0.81272967,1.75366313,-0.69435908,-0.06070172,0,0,0,0,0
552,114791,0.16285294,0.11332444,-0.84306526,1.73831952,-0.59707740,-0.03766642,0,0,0,0,0
553,115000,0.16058808,0.15997693,-0.86096758,1.72143498,-0.52337592,-0.03692525,0,0,0,0,0
554,115208,0.15237768,0.22782703,-0.89280531,1.70402592,-0.39758001,-0.05371077,0,0,0,0,0
555,115416,0.12754000,0.28101071,-0.90287158,1.66079731,-0.32401185,-0.06490021,0,0,0,0,0
556,115625,0.12566327,0.34511955,-0.90842075,1.61595831,-0.21374966,-0.05845484,0,0,0,0,0
557,115833,0.11414832,0.39664284,-0.91674433,1.58564123,-0.12682084,-0.06102780,0,0,0,0,0
558,116041,0.09614937,0.44151991,-0.92065716,1.53514037,-0.03185055,-0.05775804,0,0,0,0,0
559,116250,0.09282035,0.49284150,-0.91901222,1.45613047,0.06833352,-0.07135384,0,0,0,0,0
560,116458,0.07795672,0.54432472,-0.91223629,1.41412854,0.17147401,-0.09308054,0,0,0,0,0
561,116666,0.06451830,0.59703532,-0.90787400,1.34479426,0.27328617,-0.08257728,0,0,0,0,0
562,116875,0.05083767,0.63745735,-0.90085052,1.25440832,0.37000471,-0.07633458,0,0,0,0,0
563,117083,0.04828410,0.68356410,-0.87456544,1.18400974,0.46515687,-0.08602670,0,0,0,0,0
564,117291,0.02857545,0.71592498,-0.85394157,1.09605640,0.57673166,-0.05385240,0,0,0,0,0
565,117500,0.01837352,0.75580529,-0.83323583,0.99433329,0.64419066,-0.07838387,0,0,0,0,0
566,117708,-0.00058844,0.78843010,-0.80741165,0.91101641,0.73419911,-0.08729016,0,0,0,0,0
567,117916,-0.01817671,0.81106696,-0.77216423,0.82564817,0.81130334,-0.09320855,0,0,0,0,0
568,118125,-0.02025322,0.85077282,-0.73641226,0.68600828,0.91218249,-0.06533437,0,0,0,0,0
569,118333,-0.04069169,0.86493505,-0.71295968,0.59365583,0.96995869,-0.09395687,0,0,0,0,0
570,118541,-0.04470212,0.88388387,-0.66672578,0.47072004,1.02812234,-0.08010591,0,0,0,0,0
571,118750,-0.06688370,0.90134309,-0.61782094,0.38215708,1.11114623,-0.08878181,0,0,0,0,0
572,118958,-0.07412793,0.90794494,-0.58313200,0.25759199,1.18311870,-0.09320657,0,0,0,0,0
573,119166,-0.07433001,0.91400294,-0.51612157,0.13334194,1.23935071,-0.08271696,0,0,0,0,0
574,119375,-0.10378061,0.92042886,-0.46859115,0.02625536,1.28651411,-0.08205020,0,0,0,0,0
575,119583,-0.10166339,0.91106122,-0.42790045,-0.09209339,1.33285810,-0.06949765,0,0,0,0,0
576,119791,-0.11880686,0.91527193,-0.36367899,-0.19320388,1.36945543,-0.05781906,0,0,0,0,0
577,120000,-0.13040362,0.90236786,-0.31856172,-0.33124673,1.42965762,-0.05745197,0,0,0,0,0
578,120208,-0.14104677,0.88988695,-0.25458788,-0.41834522,1.45791030,-0.04314615,0,0,0,0,0
579,120416,-0.13568184,0.87575211,-0.19306433,-0.54552197,1.48514519,-0.06033274,0,0,0,0,0
580,120625,-0.14664452,0.84330647,-0.13192793,-0.62451916,1.50440094,-0.03893118,0,0,0,0,0
581,120833,-0.16998666,0.83496491,-0.07739342,-0.76335832,1.52265008,-0.05593597,0,0,0,0,0
582,121041,-0.17302381,0.80434809,-0.01619679,-0.83934916,1.52179262,-0.05125621,0,0,0,0,0
583,121250,-0.18130244,0.77037569,0.05200987,-0.93861635,1.51163430,-0.03561286,0,0,0,0,0
584,121458,-0.17606893,0.74784422,0.11748141,-1.05021954,1.52074521,-0.04974747,0,0,0,0,0
585,121666,-0.20324598,0.70374536,0.16817289,-1.14416404,1.47254770,-0.02812479,0,0,0,0,0
586,121875,-0.19587410,0.66886065,0.23292462,-1.20064213,1.48471100,-0.02150686,0,0,0,0,0
587,122083,-0.19575620,0.61858611,0.28025772,-1.28869262,1.46952669,-0.01948470,0,0,0,0,0
588,122291,-0.19714262,0.57393878,0.33495069,-1.37419799,1.40105369,0.00062680,0,0,0,0,0
589,122500,-0.18596946,0.52348089,0.39481693,-1.42810589,1.35550133,-0.00007785,0,0,0,0,0
590,122708,-0.20535078,0.47802531,0.43971876,-1.49012176,1.32545417,0.00715905,0,0,0,0,0
591,122916,-0.19272838,0.42449388,0.49085541,-1.57019962,1.26893908,-0.00548824,0,0,0,0,0
592,123125,-0.19507772,0.36951893,0.54996601,-1.59143486,1.21424287,0.01252443,0,0,0,0,0
593,123333,-0.19639283,0.32547464,0.58321926,-1.62665666,1.14502144,0.00494856,0,0,0,0,0
594,123541,-0.19327837,0.25724195,0.63629415,-1.68045615,1.09810134,0.01916146,0,0,0,0,0
595,123750,-0.18756909,0.19506483,0.68147899,-1.71137226,1.04455503,0.02730693,0,0,0,0,0
596,123958,-0.17407446,0.14305035,0.71689224,-1.72815926,0.94068498,0.03234113,0,0,0,0,0
597,124166,-0.18011385,0.08245709,0.75531505,-1.75707189,0.86169051,0.01953578,0,0,0,0,0
598,124375,-0.17365033,0.02011931,0.78533281,-1.74163683,0.76818945,0.04576136,0,0,0,0,0
599,124583,-0.16832430,-0.04344292,0.81716395,-1.74253626,0.68876105,0.05005088,0,0,0,0,0
600,124791,-0.15738032,-0.11036266,0.85169065,-1.73197806,0.60388649,0.03795304,0,0,0,0,0
601,125000,-0.15510373,-0.16633057,0.85446639,-1.70570398,0.51026805,0.06388001,0,0,0,0,0
602,125208,-0.14610678,-0.22544380,0.87425574,-1.68893100,0.42600920,0.06159144,0,0,0,0,0
603,125416,-0.13078694,-0.28401426,0.89528372,-1.66348187,0.33474000,0.04696083,0,0,0,0,0
604,125624,-0.12715722,-0.34016045,0.90852747,-1.62546472,0.21901193,0.05249533,0,0,0,0,0
605,125833,-0.10196378,-0.39874821,0.91965525,-1.58500492,0.12473251,0.08167353,0,0,0,0,0
606,126041,-0.10292891,-0.44526068,0.90888817,-1.53203303,0.03835589,0.06640874,0,0,0,0,0
607,126250,-0.09280355,-0.49413000,0.92055488,-1.45837931,-0.06867575,0.08862007,0,0,0,0,0
608,126458,-0.08705481,-0.55075530,0.91944355,-1.40916784,-0.17015446,0.07554943,0,0,0,0,0
609,126666,-0.06509197,-0.60038521,0.89792931,-1.32905573,-0.27742513,0.07040841,0,0,0,0,0
610,126874,-0.05681278,-0.63943033,0.89205561,-1.25861436,-0.36394833,0.08032737,0,0,0,0,0
611,127083,-0.04682452,-0.68166230,0.87711493,-1.17842176,-0.45182774,0.09057441,0,0,0,0,0
612,127291,-0.03338447,-0.71657965,0.85048654,-1.11284110,-0.56150414,0.08168747,0,0,0,0,0
613,127500,-0.01253412,-0.75631412,0.83884755,-0.99673139,-0.64667835,0.08999901,0,0,0,0,0
614,127708,-0.01290437,-0.78754828,0.79477582,-0.90013637,-0.72502917,0.08477961,0,0,0,0,0
615,127916,0.01530963,-0.81308968,0.78057309,-0.81288672,-0.81755334,0.08822688,0,0,0,0,0
616,128124,0.02215757,-0.83636944,0.72916901,-0.70797780,-0.89649185,0.06856950,0,0,0,0,0
617,128333,0.04040415,-0.85911813,0.70143719,-0.58846527,-0.98954822,0.06411812,0,0,0,0,0
618,128541,0.04425240,-0.88540114,0.66149321,-0.47713491,-1.05040762,0.08715023,0,0,0,0,0
619,128750,0.06330981,-0.88436300,0.62054998,-0.36080637,-1.11199772,0.09945801,0,0,0,0,0
620,128958,0.07437415,-0.91769816,0.56897206,-0.27212166,-1.17350298,0.07038633,0,0,0,0,0
621,129166,0.07882479,-0.91329711,0.52952492,-0.15593637,-1.24625855,0.07350193,0,0,0,0,0
622,129374,0.10882553,-0.92108040,0.46915229,-0.02375199,-1.29433838,0.10002874,0,0,0,0,0
623,129583,0.09927657,-0.92203283,0.41885619,0.08386079,-1.36087474,0.06612235,0,0,0,0,0
624,129791,0.12465524,-0.90742558,0.37007174,0.19568398,-1.38935060,0.06797061,0,0,0,0,0
625,130000,0.12850151,-0.89928776,0.30869721,0.30531947,-1.41994774,0.06713567,1,0,1,0,0
626,130208,0.14199282,-0.89682285,0.25217419,0.41085035,-1.46150510,0.07831986,1,0,1,0,0
627,130416,0.14483393,-0.86602147,0.19513914,0.54245491,-1.48057819,0.05662509,1,0,1,0,0
628,130624,0.16006541,-0.85407668,0.12961383,0.65735239,-1.50232780,0.05481665,1,0,1,0,0
629,130833,0.15766913,-0.82780709,0.07392033,0.74648252,-1.49304896,0.05266625,1,0,1,0,0
630,131041,0.16454339,-0.79982165,0.00798331,0.85419876,-1.50733248,0.04496507,1,0,1,0,0
631,131250,0.18106150,-0.77373047,-0.05496867,0.96719687,-1.50113407,0.04080529,1,0,1,0,0
632,131458,0.17945102,-0.73789418,-0.10620735,1.03519317,-1.48882753,0.02978664,1,0,1,0,0
633,131666,0.18801750,-0.69428527,-0.17595445,1.13259706,-1.47785781,0.03529507,1,0,1,0,0
634,131875,0.18315852,-0.66551727,-0.21968238,1.21023457,-1.45936789,0.00805673,1,0,1,0,0
635,132083,0.18898392,-0.62567064,-0.28359242,1.30291874,-1.43859315,0.01155970,1,0,1,0,0
636,132291,0.19318820,-0.57327357,-0.33273841,1.37232086,-1.41445401,0.00400422,1,0,1,0,0
637,132500,0.20476888,-0.53029087,-0.37845318,1.42312547,-1.36825336,0.00959137,1,0,1,0,0
638,132708,0.20003799,-0.48562855,-0.44947583,1.50577649,-1.31829266,-0.01085215,1,0,1,0,0
639,132916,0.19480341,-0.43081089,-0.51043160,1.54296018,-1.24885493,0.00326833,1,0,1,0,0
640,133125,0.19286526,-0.37910031,-0.53946584,1.59682589,-1.21895793,-0.00708405,1,0,1,0,0
641,133333,0.19978806,-0.31002567,-0.59881629,1.64219441,-1.15514584,-0.00794845,1,0,1,0,0
642,133541,0.19680996,-0.26165323,-0.63467728,1.69177008,-1.07261155,-0.02986309,1,0,1,0,0
643,133750,0.18295423,-0.20179891,-0.67673757,1.70702081,-1.00738208,-0.03175671,1,0,1,0,0
644,133958,0.20001411,-0.12639603,-0.71526245,1.71155857,-0.95340338,-0.03215643,1,0,1,0,0
645,134166,0.17051828,-0.08088781,-0.75233432,1.76261357,-0.86173428,-0.03862255,1,0,1,0,0
646,134375,0.17176319,-0.02258532,-0.78387876,1.75363313,-0.78496957,-0.03191559,1,0,1,0,0
647,134583,0.16918660,0.04323007,-0.82141570,1.75265177,-0.68721244,-0.04268345,1,0,1,0,0
648,134791,0.17057913,0.10704370,-0.83607794,1.74712100,-0.62064976,-0.05623069,1,0,1,0,0
649,135000,0.15503134,0.16500160,-0.86955327,1.71015034,-0.50574439,-0.04250373,1,0,1,0,0
650,135208,0.14396821,0.22281673,-0.88892969,1.70884680,-0.43188201,-0.06851529,1,0,1,0,0
651,135416,0.12567306,0.29470114,-0.90500776,1.67501202,-0.31037586,-0.07594654,1,0,1,0,0
652,135625,0.12010967,0.34190518,-0.90575631,1.62863112,-0.22904782,-0.06471940,1,0,1,0,0
653,135833,0.10989157,0.39920252,-0.92088934,1.57559689,-0.12737288,-0.06262660,1,0,1,0,0
654,136041,0.10562646,0.43656641,-0.91380193,1.53081121,-0.01716930,-0.06440902,1,0,1,0,0
655,136250,0.08307129,0.50530717,-0.92175989,1.47411964,0.07086553,-0.06108568,1,0,1,0,0
656,136458,0.07979203,0.54435266,-0.92249369,1.39624862,0.15065272,-0.06990896,1,0,1,0,0
657,136666,0.06547070,0.59795081,-0.90140534,1.32178312,0.25636283,-0.10768040,1,0,1,0,0
658,136875,0.05903554,0.64076049,-0.89202741,1.27174310,0.34808649,-0.07896948,1,0,1,0,0
659,137083,0.04522081,0.68130054,-0.88028464,1.15846031,0.45841627,-0.06728791,1,0,1,0,0
660,137291,0.02829285,0.72540439,-0.85034579,1.07808716,0.55701825,-0.07623342,1,0,1,0,0
661,137500,0.01719476,0.75208877,-0.83786024,0.99089829,0.64261361,-0.08235060,1,0,1,0,0
662,137708,0.00618322,0.78728845,-0.79880639,0.88591087,0.72349151,-0.07582493,1,0,1,0,0
663,137916,-0.00598221,0.81640218,-0.76983660,0.80029639,0.83691446,-0.07977844,1,0,1,0,0
664,138125,-0.02084101,0.84224341,-0.73659531,0.69582654,0.90167627,-0.09607321,1,0,1,0,0
665,138333,-0.03591902,0.85702943,-0.71276450,0.57237882,0.97573654,-0.07864151,1,0,1,0,0
666,138541,-0.05405331,0.88799463,-0.65632298,0.48453137,1.07475864,-0.07135559,1,0,1,0,0
667,138750,-0.06406924,0.90351273,-0.62267935,0.36189869,1.12724083,-0.08455538,1,0,1,0,0
668,138958,-0.06450277,0.89833379,-0.57140463,0.26424692,1.16958682,-0.06976430,1,0,1,0,0
669,139166,-0.08362708,0.91095490,-0.52717413,0.15535668,1.25379450,-0.06435831,1,0,1,0,0
670,139375,-0.09253057,0.92148077,-0.47534805,0.04035583,1.28554008,-0.05628636,1,0,1,0,0
671,139583,-0.10366982,0.91948595,-0.43034216,-0.08943404,1.33818168,-0.04835486,1,0,1,0,0
672,139791,-0.11265017,0.90968619,-0.36510346,-0.20986289,1.39297138,-0.06716633,1,0,1,0,0
673,140000,-0.13117903,0.90059582,-0.30059001,-0.32225609,1.41857518,-0.06970193,1,0,1,1,0
674,140208,-0.13826897,0.89075955,-0.26017451,-0.43765684,1.48364427,-0.05966497,1,0,1,1,0
675,140416,-0.13585063,0.87464955,-0.19543095,-0.53680438,1.48938570,-0.04907315,1,0,1,1,0
676,140625,-0.16451428,0.85793217,-0.13834095,-0.63942140,1.49593893,-0.05877796,1,0,1,1,0
677,140833,-0.15800385,0.83329915,-0.06949223,-0.72349912,1.50320587,-0.04414981,1,0,1,1,0
678,141041,-0.16781455,0.80455075,-0.01989068,-0.82344801,1.52291722,-0.06549458,1,0,1,1,0
679,141250,-0.17831317,0.76288137,0.04355844,-0.93337609,1.50122700,-0.04528134,1,0,1,1,0
680,141458,-0.18729205,0.74468231,0.11071530,-1.06432145,1.50486746,-0.03778901,1,0,1,1,0
681,141666,-0.18828447,0.71299346,0.15989363,-1.12552006,1.48402072,-0.03312593,1,0,1,1,0
682,141875,-0.19548657,0.66892613,0.23312954,-1.20200782,1.47797439,-0.00362104,1,0,1,1,0
683,142083,-0.19324701,0.62134410,0.28773413,-1.28485347,1.44089168,-0.01133132,1,0,1,1,0
684,142291,-0.20487317,0.57652408,0.33351235,-1.37289284,1.41378124,0.00358127,1,0,1,1,0
685,142500,-0.20397119,0.52766380,0.40404909,-1.42340894,1.36685803,-0.01136151,1,0,1,1,0
686,142708,-0.20490187,0.47179451,0.43982532,-1.49529314,1.31695596,-0.00562855,1,0,1,1,0
687,142916,-0.20227418,0.42704202,0.49437807,-1.57468659,1.26301761,0.01643456,1,0,1,1,0
688,143125,-0.19397340,0.36887077,0.53918134,-1.61292845,1.21952098,0.02232432,1,0,1,1,0
689,143333,-0.20390834,0.32270011,0.58645967,-1.63177625,1.15702316,0.00068382,1,0,1,1,0
690,143541,-0.18880171,0.26190267,0.63437782,-1.67901398,1.08894735,0.00213037,1,0,1,1,0
691,143750,-0.18473876,0.19871225,0.67754402,-1.69517812,1.01714921,0.02186959,1,0,1,1,0
692,143958,-0.19077748,0.13741232,0.70783671,-1.73632792,0.95037461,0.01920067,1,0,1,1,0
693,144166,-0.18817258,0.08176686,0.75389811,-1.75877202,0.85652806,0.02404073,1,0,1,1,0
694,144375,-0.16783728,0.01883250,0.78075228,-1.73995120,0.77755667,0.04187828,1,0,1,1,0
695,144583,-0.16801132,-0.04152675,0.81362297,-1.74540258,0.68016129,0.03290221,1,0,1,1,0
696,144791,-0.15921436,-0.10631621,0.84562587,-1.74204651,0.62230892,0.03465708,1,0,1,1,0
697,145000,-0.14876079,-0.16578199,0.86472833,-1.73749151,0.52616297,0.07162013,1,0,1,1,0
698,145208,-0.15163200,-0.22504786,0.88321833,-1.68901291,0.39934602,0.06438505,1,0,1,1,0
699,145416,-0.13884703,-0.28478646,0.90034826,-1.66179942,0.33460756,0.05979553,1,0,1,1,0
700,145625,-0.12790499,-0.35535397,0.90448212,-1.63395799,0.22603102,0.06618717,1,0,1,1,0
701,145833,-0.11577567,-0.39176706,0.92621964,-1.58916744,0.12510763,0.06190507,1,0,1,1,0
702,146041,-0.10927741,-0.45069062,0.92494165,-1.52933094,0.03231500,0.07774787,1,0,1,1,0
703,146250,-0.09642694,-0.49982000,0.92519248,-1.46412101,-0.07334993,0.07429531,1,0,1,1,0
704,146458,-0.07546517,-0.54182899,0.92480508,-1.40014770,-0.15709097,0.06854672,1,0,1,1,0
705,146666,-0.06645921,-0.59228784,0.91000489,-1.33764694,-0.27676297,0.08874514,1,0,1,1,0
706,146875,-0.05460448,-0.63850515,0.89050152,-1.26588276,-0.34664930,0.10220263,1,0,1,1,0
707,147083,-0.04403638,-0.68333642,0.88513458,-1.17336997,-0.46634846,0.06771021,1,0,1,1,0
708,147291,-0.02668109,-0.71791730,0.86318723,-1.10144328,-0.56301452,0.09150374,1,0,1,1,0
709,147500,-0.01670446,-0.76230083,0.83843221,-1.00567130,-0.63376724,0.07665811,1,0,1,1,0
710,147708,-0.00254503,-0.78971092,0.80140067,-0.91523383,-0.73265134,0.07064493,1,0,1,1,0
711,147916,0.01021371,-0.81465560,0.78196379,-0.80922291,-0.80882382,0.10063239,1,0,1,1,0
712,148125,0.01806212,-0.83623798,0.74564258,-0.69591617,-0.90612628,0.09026350,1,0,1,1,0
713,148333,0.03545829,-0.86752205,0.70206130,-0.61253749,-0.97105331,0.09668344,1,0,1,1,0
714,148541,0.04571058,-0.88156617,0.65887399,-0.47745207,-1.05585260,0.09166460,1,0,1,1,0
715,148750,0.06000549,-0.89538368,0.62160480,-0.37418254,-1.11975865,0.08186514,1,0,1,1,0
716,148958,0.08007284,-0.90369150,0.57369322,-0.24813038,-1.18319302,0.08289743,1,0,1,1,0
717,149166,0.08206594,-0.90530706,0.53657327,-0.14476708,-1.24633704,0.07900579,1,0,1,1,0
718,149375,0.09898764,-0.91316796,0.47885337,-0.02681727,-1.30278366,0.06728148,1,0,1,1,0
719,149583,0.10413345,-0.91418295,0.42474629,0.08785795,-1.33732901,0.06594830,1,0,1,1,0
720,149791,0.11886969,-0.91924248,0.36121991,0.18282190,-1.39497785,0.05401629,1,0,1,1,0
721,150000,0.13087224,-0.89958128,0.30884807,0.30296822,-1.42789416,0.06532475,1,0,1,1,0
722,150208,0.12988398,-0.89394651,0.25539612,0.41332464,-1.43962303,0.04977090,1,0,1,1,0
723,150416,0.15255945,-0.87211742,0.19673534,0.52672131,-1.48409615,0.05080347,1,0,1,1,0
724,150625,0.16375433,-0.85025972,0.14059055,0.65509569,-1.49831539,0.06283248,1,0,1,1,0
725,150833,0.17205437,-0.82618493,0.07678306,0.75347939,-1.49903126,0.04713365,1,0,1,1,0
726,151041,0.17219915,-0.79505692,0.01827560,0.85724635,-1.50401984,0.05381935,1,0,1,1,0
727,151250,0.17851512,-0.77714629,-0.05554745,0.95986724,-1.51235275,0.03570487,1,0,1,1,0
728,151458,0.18266901,-0.73219951,-0.11271985,1.03653597,-1.49203011,0.01806032,1,0,1,1,0
729,151666,0.19185669,-0.69907121,-0.16457612,1.13192699,-1.47747463,0.03652703,1,0,1,1,0
730,151875,0.19547445,-0.65754845,-0.21731953,1.22317874,-1.47307929,0.03517986,1,0,1,1,0
731,152083,0.19319744,-0.62208818,-0.28826977,1.28900175,-1.43301913,0.02356602,1,0,1,1,0
732,152291,0.19236394,-0.57722368,-0.33753495,1.37608240,-1.38668213,0.00114594,1,0,1,1,0
733,152500,0.20301975,-0.52926878,-0.38964792,1.42809039,-1.38369297,0.02003973,1,0,1,1,0
734,152708,0.20506933,-0.47923992,-0.44560193,1.51425636,-1.33955992,0.00892328,1,0,1,1,0
735,152916,0.19457601,-0.41909326,-0.49789937,1.55155919,-1.28001685,0.00264727,1,0,1,1,0
736,153125,0.19444571,-0.37466197,-0.54571686,1.60189552,-1.22953358,-0.02157554,1,0,1,1,0
737,153333,0.19908055,-0.31343896,-0.58283820,1.65801836,-1.16224740,-0.01503434,1,0,1,1,0
738,153541,0.19540411,-0.25786962,-0.64140896,1.66686974,-1.06653323,-0.01621906,1,0,1,1,0
739,153750,0.18501099,-0.19633390,-0.67871000,1.71879661,-1.03134294,-0.02194126,1,0,1,1,0
740,153958,0.18787149,-0.13741962,-0.71794620,1.71876329,-0.94294708,-0.02152465,1,0,1,1,0
741,154166,0.17861815,-0.07495706,-0.75275375,1.75567737,-0.86657291,-0.04544143,1,0,1,1,0
742,154375,0.17575356,-0.01800523,-0.78552106,1.76200184,-0.78845728,-0.03949946,1,0,1,1,0
743,154583,0.16624467,0.04728930,-0.81210339,1.75229942,-0.69434632,-0.03948394,1,0,1,1,0
744,154791,0.16066848,0.11308467,-0.85014466,1.73082723,-0.59987883,-0.02849970,1,0,1,1,0
745,155000,0.15226577,0.17304335,-0.87102780,1.72359205,-0.50969082,-0.05228128,1,0,1,1,0
746,155208,0.13634861,0.21951732,-0.87877840,1.68479336,-0.42665825,-0.05640515,1,0,1,1,0
747,155416,0.13055865,0.28130937,-0.89776128,1.66830539,-0.31776309,-0.05108082,1,0,1,1,0
748,155625,0.12204608,0.35102049,-0.90685581,1.63531768,-0.22181737,-0.06483167,1,0,1,1,0
749,155833,0.12032030,0.39062111,-0.91065385,1.59538403,-0.13123608,-0.07710700,1,0,1,1,0
750,156041,0.10139322,0.44373508,-0.92138484,1.53379373,-0.02685790,-0.06891683,1,0,1,1,0
751,156250,0.09208191,0.49534753,-0.91632295,1.46542966,0.07279296,-0.07856651,1,0,1,1,0
752,156458,0.08851830,0.55752963,-0.91062352,1.40019547,0.17363507,-0.06185624,1,0,1,1,0
753,156666,0.07478077,0.59462695,-0.91331379,1.31327006,0.25433182,-0.07058061,1,0,1,1,0
754,156875,0.05342133,0.63866627,-0.89210137,1.26629277,0.37168219,-0.07061073,1,0,1,1,0
755,157083,0.04854856,0.68846786,-0.88039597,1.18057908,0.47477609,-0.08295713,1,0,1,1,0
756,157291,0.02564459,0.72139339,-0.85645263,1.10153579,0.56182331,-0.07318990,1,0,1,1,0
757,157500,0.01948233,0.75988099,-0.83031880,0.98202235,0.65620072,-0.05926876,1,0,1,1,0
758,157708,-0.00599251,0.78862756,-0.80598982,0.91501956,0.72794259,-0.06737789,1,0,1,1,0
759,157916,-0.00199253,0.81261447,-0.77506896,0.80090630,0.83799640,-0.10800053,1,0,1,1,0
760,158125,-0.03029865,0.84449042,-0.74741827,0.69730646,0.89437872,-0.07407830,1,0,1,1,0
761,158333,-0.03082223,0.86338313,-0.70403625,0.58325636,0.98221264,-0.08366442,1,0,1,1,0
762,158541,-0.05688581,0.86979047,-0.67132565,0.46503503,1.06476384,-0.09299634,1,0,1,1,0
763,158750,-0.05750764,0.88974188,-0.62477987,0.35879650,1.11196517,-0.07614142,1,0,1,1,0
764,158958,-0.06897244,0.90970625,-0.56917141,0.26556020,1.18240084,-0.07275392,1,0,1,1,0
765,159166,-0.07074888,0.91903714,-0.52619603,0.16644745,1.22593534,-0.07205890,1,0,1,1,0
766,159375,-0.09045533,0.91590236,-0.48488650,0.02001232,1.30316105,-0.07326358,1,0,1,1,0
767,159583,-0.10738376,0.91685366,-0.42408117,-0.07623120,1.34099263,-0.06268883,1,0,1,1,0
768,159791,-0.11945482,0.91791204,-0.37674893,-0.21899992,1.39433497,-0.06093035,1,0,1,1,0
769,160000,-0.12591259,0.89649896,-0.30823401,-0.30823900,1.40565063,-0.07090888,1,0,1,1,0
770,160208,-0.12934165,0.89493709,-0.25723107,-0.42113698,1.46469651,-0.06577151,1,0,1,1,0
771,160416,-0.14541479,0.86798105,-0.18792293,-0.54192207,1.49126555,-0.06629972,1,0,1,1,0
772,160625,-0.15639626,0.85700241,-0.13449780,-0.65705271,1.50664856,-0.05428856,1,0,1,1,0
773,160833,-0.15815300,0.82626982,-0.08464961,-0.76857782,1.49844580,-0.04844130,1,0,1,1,0
774,161041,-0.17121051,0.80173118,-0.00875927,-0.84941441,1.52519143,-0.05177421,1,0,1,1,0
775,161250,-0.18191826,0.76998844,0.04460405,-0.94351373,1.51832141,-0.03408282,1,0,1,1,0
776,161458,-0.18378480,0.74381855,0.10921017,-1.03617795,1.50092562,-0.00855082,1,0,1,1,0
777,161666,-0.18278723,0.70210554,0.16318008,-1.12562977,1.49597346,-0.02187106,1,0,1,1,0
778,161875,-0.18633333,0.65449422,0.22335619,-1.22363975,1.49383245,-0.02290288,1,0,1,1,0
779,162083,-0.19555756,0.61948554,0.28932720,-1.28507545,1.42511060,-0.01790340,1,0,1,1,0
780,162291,-0.19526208,0.57348208,0.33796124,-1.36397240,1.40802522,-0.01937483,1,0,1,1,0
781,162500,-0.19666617,0.52562151,0.38865724,-1.43606659,1.37796237,-0.01628031,1,0,1,1,0
782,162708,-0.19831806,0.48268446,0.43863073,-1.50926588,1.32668806,0.00873910,1,0,1,1,0
783,162916,-0.20276962,0.43181434,0.50358647,-1.55141516,1.27320678,-0.00637023,1,0,1,1,0
784,163125,-0.20034286,0.37936562,0.54327096,-1.61341141,1.20919306,0.00739959,1,0,1,1,0
785,163333,-0.19483246,0.31171613,0.58899492,-1.64878438,1.14024038,0.01257763,1,0,1,1,0
786,163541,-0.18332674,0.26180691,0.63105214,-1.68348100,1.07397261,0.02958314,1,0,1,1,0
787,163750,-0.19377695,0.19268533,0.67358175,-1.70139292,1.01072650,0.03170585,1,0,1,1,0
788,163958,-0.18654923,0.13463837,0.70431455,-1.73092753,0.93661933,0.01551662,1,0,1,1,0
789,164166,-0.17201781,0.08038753,0.75161633,-1.72565379,0.85376666,0.04503120,1,0,1,1,0
790,164375,-0.17995832,0.02059051,0.78550475,-1.74453817,0.79072491,0.04203231,1,0,1,1,0
791,164583,-0.16764855,-0.04910778,0.81449971,-1.75742171,0.67523249,0.05397517,1,0,1,1,0
792,164791,-0.16300509,-0.10419219,0.84771842,-1.72910875,0.61170542,0.06059564,1,0,1,1,0
793,165000,-0.15358492,-0.16286334,0.85915087,-1.72712369,0.49740973,0.04496583,1,0,1,1,0
794,165208,-0.15312414,-0.22013953,0.88734242,-1.68723858,0.41708156,0.05005754,1,0,1,1,0
795,165416,-0.13341615,-0.28813578,0.91011436,-1.66974888,0.31485155,0.07116495,1,0,1,1,0
796,165625,-0.12992812,-0.34137846,0.90479669,-1.62745189,0.23590801,0.05038951,1,0,1,1,0
797,165833,-0.11375815,-0.40366546,0.91713314,-1.57720590,0.12756373,0.08218331,1,0,1,1,0
798,166041,-0.10332867,-0.44584054,0.92027969,-1.55497786,0.02794565,0.06916042,1,0,1,1,0
799,166250,-0.08817437,-0.50166208,0.90563467,-1.47216991,-0.09403795,0.09478334,1,0,1,1,0
800,166458,-0.08074752,-0.55200739,0.92493280,-1.42163526,-0.16144338,0.08303228,1,0,1,1,0
801,166666,-0.05911983,-0.59872147,0.90648566,-1.31285981,-0.28480852,0.07025748,1,0,1,1,0
802,166875,-0.05253725,-0.64555062,0.89358589,-1.26892342,-0.36936841,0.07821185,1,0,1,1,0
803,167083,-0.03840982,-0.67929812,0.87716320,-1.17374904,-0.46400738,0.09332982,1,0,1,1,0
804,167291,-0.02839819,-0.72914789,0.86422519,-1.07435064,-0.57797083,0.09797140,1,0,1,1,0
805,167500,-0.01598161,-0.75182932,0.83605932,-0.98213640,-0.65364943,0.07100002,1,0,1,1,0
806,167708,-0.00645838,-0.78851486,0.81235230,-0.89363580,-0.72038460,0.07485420,1,0,1,1,0
807,167916,0.01868431,-0.81935040,0.78418283,-0.79555306,-0.82251809,0.08204425,1,0,1,1,0
808,168125,0.01855743,-0.84951491,0.74234452,-0.69612632,-0.87682968,0.10368850,1,0,1,1,0
809,168333,0.02675333,-0.87110539,0.70151757,-0.59377487,-0.98362259,0.10503840,1,0,1,1,0
810,168541,0.05322912,-0.87821692,0.67082999,-0.48542745,-1.05903246,0.06999002,1,0,1,1,0
811,168750,0.06224089,-0.89916977,0.61528003,-0.35894115,-1.13523365,0.08734507,1,0,1,1,0
812,168958,0.06768260,-0.90851293,0.58131920,-0.25513362,-1.17397564,0.08340333,1,0,1,1,0
813,169166,0.07919279,-0.91872222,0.52096556,-0.13321266,-1.22422021,0.07188237,1,0,1,1,0
814,169375,0.10331580,-0.92202256,0.47503430,-0.02906616,-1.29830973,0.09471741,1,0,1,1,0
815,169583,0.11625958,-0.92128703,0.42451345,0.07033781,-1.33247422,0.06954181,1,0,1,1,0
816,169791,0.12396030,-0.91243167,0.37331195,0.20091354,-1.37575153,0.09188444,1,0,1,1,0
817,170000,0.13390465,-0.90382240,0.31685487,0.31609191,-1.43700682,0.07427114,1,0,1,1,0
818,170208,0.13510802,-0.88615352,0.25887856,0.42869944,-1.45904050,0.04029943,1,0,1,1,0
819,170416,0.15024027,-0.86493804,0.19215914,0.54678160,-1.48167939,0.04588150,1,0,1,1,0
820,170625,0.15547201,-0.86065898,0.14166809,0.65256662,-1.50487400,0.06637810,1,0,1,1,0
821,170833,0.16522847,-0.83474133,0.06830403,0.75513975,-1.48809671,0.04853253,1,0,1,1,0
822,171041,0.17806824,-0.79660574,0.01936105,0.85633628,-1.50057576,0.04021069,1,0,1,1,0
823,171250,0.18048690,-0.76367675,-0.04605688,0.93775337,-1.52629551,0.04214454,1,0,1,1,0
824,171458,0.18942982,-0.73570170,-0.11071325,1.03739052,-1.50245104,0.03322861,1,0,1,1,0
825,171666,0.18858720,-0.70492424,-0.15612097,1.12277366,-1.47968671,0.01662762,1,0,1,1,0
826,171875,0.19373184,-0.66543227,-0.21994232,1.21360383,-1.48149606,0.03824909,1,0,1,1,0
827,172083,0.20051018,-0.61203151,-0.27895889,1.28927852,-1.43922242,0.01163156,1,0,1,1,0
828,172291,0.19717214,-0.58146691,-0.33592716,1.37258331,-1.41012711,0.02436375,1,0,1,1,0
829,172500,0.20482771,-0.52579181,-0.39213956,1.41784469,-1.34800787,0.00011628,1,0,1,1,0
830,172708,0.20121945,-0.47702266,-0.45250852,1.48856573,-1.33064905,-0.00508253,1,0,1,1,0
831,172916,0.19317148,-0.42529924,-0.49783998,1.55911443,-1.25737972,-0.00201447,1,0,1,1,0
832,173125,0.20341574,-0.36836501,-0.54765826,1.61188787,-1.24034628,0.00246947,1,0,1,1,0
833,173333,0.19597518,-0.31286826,-0.58556406,1.63666473,-1.14221379,-0.03435555,1,0,1,1,0
834,173541,0.19871919,-0.25913698,-0.63608093,1.69738240,-1.08086584,-0.01234563,1,0,1,1,0
835,173750,0.19013582,-0.19534872,-0.68289940,1.72357537,-1.01806072,-0.01607255,1,0,1,1,0
836,173958,0.18579610,-0.13864879,-0.72334007,1.72923932,-0.94588962,-0.03586586,1,0,1,1,0
837,174166,0.18518626,-0.07684724,-0.75238814,1.73579266,-0.85904235,-0.04172265,1,0,1,1,0
838,174375,0.17371799,-0.01845387,-0.78210480,1.75673926,-0.79105734,-0.05731690,1,0,1,1,0
839,174583,0.17132562,0.04534677,-0.80704356,1.73500503,-0.68993374,-0.03046419,1,0,1,1,0
840,174791,0.15635545,0.10880425,-0.83624090,1.74067370,-0.59002895,-0.04811238,1,0,1,1,0
841,175000,0.15490447,0.16211281,-0.86188050,1.72337084,-0.50406994,-0.05621230,1,0,1,1,0
842,175208,0.14880289,0.22258446,-0.88002900,1.69920270,-0.42212824,-0.03627866,1,0,1,1,0
843,175416,0.13249828,0.27463565,-0.90091263,1.66264382,-0.32785619,-0.06064709,1,0,1,1,0
844,175625,0.11734600,0.33212178,-0.91177367,1.61937775,-0.24465636,-0.08002174,1,0,1,1,0
845,175833,0.11202451,0.37930484,-0.91231785,1.58613172,-0.11379264,-0.04115353,1,0,1,1,0
846,176041,0.10041510,0.40629477,-0.91870736,1.53302101,-0.04687365,-0.07182551,1,0,1,1,0
847,176250,0.09921514,0.44458526,-0.91945683,1.46419940,0.08294761,-0.09522874,1,0,1,1,0
848,176458,0.08558200,0.45572968,-0.90971270,1.40157925,0.20728338,-0.06925018,1,0,1,1,0
849,176666,0.06293835,0.47470231,-0.90814191,1.32934422,0.31284673,-0.07274530,1,0,1,1,0
850,176875,0.05590936,0.47125129,-0.90159403,1.25979153,0.47516919,-0.05689547,1,0,1,1,0
851,177083,0.04051900,0.46678165,-0.87683413,1.18315060,0.60834674,-0.08654724,1,0,1,1,0
852,177291,0.02353814,0.45999460,-0.85999851,1.09813558,0.74118066,-0.11181420,1,0,1,1,0
853,177500,0.01326022,0.43880487,-0.83478285,0.99089675,0.91791898,-0.08709613,1,0,1,1,0
854,177708,0.00284452,0.41506112,-0.80114966,0.87923613,1.09414689,-0.08045154,1,0,1,1,0
855,177916,-0.00667247,0.38213198,-0.77893815,0.80705697,1.25473786,-0.07756494,1,0,1,1,0
856,178125,-0.02472673,0.36839254,-0.74031925,0.69727647,1.43672488,-0.08173633,1,0,1,1,0
857,178333,-0.03298682,0.31358216,-0.71168034,0.58549644,1.59375083,-0.06832269,1,0,1,1,0
858,178541,-0.05276868,0.29546169,-0.66827958,0.46976046,1.76959329,-0.08208046,1,0,1,1,0
859,178750,-0.06532702,0.24757443,-0.63055124,0.36829650,1.93376869,-0.08918178,1,0,1,1,0
860,178958,-0.07364075,0.22634586,-0.58257301,0.23613400,2.07764503,-0.09418927,1,0,1,1,0
861,179166,-0.08699057,0.19989141,-0.52998435,0.14350016,2.23535507,-0.07311390,1,0,1,1,0
862,179375,-0.10714056,0.19053246,-0.47871858,0.02197941,2.35401757,-0.04698868,1,0,1,1,0
863,179583,-0.09964163,0.16153369,-0.42579852,-0.10201071,2.49798028,-0.07249083,1,0,1,1,0
864,179791,-0.11632298,0.15957677,-0.36254810,-0.19833598,2.56689909,-0.07906881,1,0,1,1,0
865,180000,-0.12637968,0.15246367,-0.31156023,-0.30934315,2.64683326,-0.06375030,1,0,1,1,1
866,180208,-0.14391060,0.14234494,-0.25470536,-0.42458973,2.68056530,-0.05967649,1,0,1,1,1
867,180416,-0.14313205,0.14330522,-0.19766577,-0.53518926,2.75481392,-0.05083807,1,0,1,1,1
868,180625,-0.16459655,0.14257261,-0.13993632,-0.63187727,2.76759044,-0.04862533,1,0,1,1,1
869,180833,-0.17267453,0.13335273,-0.07097068,-0.76673709,2.81301791,-0.02927380,1,0,1,1,1
870,181041,-0.16896737,0.12533218,-0.01593864,-0.85477876,2.82357667,-0.03877193,1,0,1,1,1
871,181250,-0.18059316,0.13579738,0.05234941,-0.93792906,2.78864586,-0.05176356,1,0,1,1,1
872,181458,-0.18870003,0.12039318,0.10873579,-1.01701715,2.79015806,-0.03293743,1,0,1,1,1
873,181666,-0.18563788,0.10942678,0.16786828,-1.12088127,2.75726160,-0.01933353,1,0,1,1,1
874,181875,-0.19858335,0.10392428,0.22803504,-1.23483338,2.71815698,-0.02442284,1,0,1,1,1
875,182083,-0.19669237,0.10688968,0.28494016,-1.29861693,2.66901068,-0.01265383,1,0,1,1,1
876,182291,-0.20160554,0.09179522,0.33549284,-1.36949296,2.63018390,0.00275191,1,0,1,1,1
877,182500,-0.19900110,0.08719346,0.39754207,-1.44214159,2.53698959,0.00888613,1,0,1,1,1
878,182708,-0.19329028,0.07810666,0.44585023,-1.50256706,2.45006630,-0.00946019,1,0,1,1,1
879,182916,-0.20878825,0.07075055,0.50360231,-1.55649558,2.36535140,0.01243513,1,0,1,1,1
880,183125,-0.20469279,0.06088645,0.54658932,-1.59196261,2.23878041,0.00024933,1,0,1,1,1
881,183333,-0.19469188,0.05430953,0.59768950,-1.64327857,2.15091836,-0.00167485,1,0,1,1,1
882,183541,-0.20014581,0.04218164,0.63181906,-1.66951310,2.01492546,0.02487341,1,0,1,1,1
883,183750,-0.18572666,0.03915873,0.68171318,-1.71021680,1.89290257,0.03146501,1,0,1,1,0
884,183958,-0.18151115,0.02768356,0.70873563,-1.71594266,1.74272016,0.02887577,1,0,1,1,0
885,184166,-0.17432400,0.02536570,0.75667258,-1.72862391,1.58735868,0.03414486,1,0,1,1,0
886,184375,-0.17303192,0.00538571,0.78855959,-1.74028577,1.45077975,0.04706418,1,0,1,1,0
887,184583,-0.17257299,-0.00071954,0.81168801,-1.75883055,1.27679354,0.04135391,1,0,1,1,0
888,184791,-0.16030404,-0.01777366,0.85707632,-1.73974295,1.12246312,0.04707300,1,0,1,1,0
889,185000,-0.14617881,-0.02047633,0.86536918,-1.72756377,0.93752525,0.06251094,1,0,1,1,0
890,185208,-0.15080706,-0.03360719,0.87930906,-1.69215161,0.77943293,0.06244247,1,0,1,1,0
891,185416,-0.14701982,-0.04341956,0.89063660,-1.64518334,0.59258263,0.06682830,1,0,1,1,0
892,185625,-0.12379367,-0.05079865,0.91186974,-1.61745870,0.39469287,0.06659977,1,0,1,1,0
893,185833,-0.10737753,-0.07245256,0.91636069,-1.58385884,0.23160291,0.07731080,1,0,1,1,0
894,186041,-0.10296725,-0.07866132,0.92042841,-1.52994657,0.02813385,0.07422333,1,0,1,1,0
895,186250,-0.08888037,-0.08449798,0.91276495,-1.47455656,-0.12888148,0.07731972,1,0,1,1,0
896,186458,-0.08201666,-0.09406679,0.92290259,-1.40672041,-0.30378596,0.07952523,1,0,1,1,0
897,186666,-0.06729229,-0.10800813,0.90837398,-1.32582092,-0.49303992,0.07724358,1,0,1,1,0
898,186875,-0.05341270,-0.11265574,0.89604572,-1.26156988,-0.66837813,0.07696542,1,0,1,1,0
899,187083,-0.04650277,-0.11362611,0.88183051,-1.17849580,-0.86637233,0.08016261,1,0,1,1,0
900,187291,-0.02722253,-0.12153925,0.86289809,-1.07428843,-1.02590737,0.08332675,1,0,1,1,0
901,187500,-0.01084216,-0.12881740,0.83149403,-0.99353334,-1.18467725,0.08898817,1,0,1,1,0
902,187708,0.00200778,-0.13360303,0.79944630,-0.91606692,-1.37261903,0.08547713,1,0,1,1,0
903,187916,0.01426773,-0.12979069,0.77466212,-0.80586384,-1.52477542,0.10362421,1,0,1,1,0
904,188125,0.02149543,-0.13395082,0.74092507,-0.70272442,-1.66749492,0.08318079,1,0,1,1,0
905,188333,0.03478691,-0.14784942,0.70170192,-0.60563739,-1.80115861,0.08100080,1,0,1,1,0
906,188541,0.04497702,-0.14233539,0.67246629,-0.48328691,-1.93162353,0.07781579,1,0,1,1,0
907,188750,0.06468614,-0.15072696,0.61475890,-0.38130586,-2.06925540,0.09216340,1,0,1,1,0
908,188958,0.07733714,-0.16259671,0.57780351,-0.24420901,-2.19690968,0.09002183,1,0,1,1,0
909,189166,0.08141931,-0.15667737,0.52579023,-0.13879811,-2.28485032,0.08051687,1,0,1,1,0
910,189375,0.09233454,-0.14964382,0.46963320,-0.02048257,-2.38826421,0.05949262,1,0,1,1,0
911,189583,0.09995155,-0.15339146,0.41408956,0.08841405,-2.48521963,0.08219969,1,0,1,1,0
912,189791,0.12103855,-0.14935485,0.36896514,0.18669443,-2.56872096,0.06380081,1,0,1,1,0
913,190000,0.13163781,-0.14767194,0.31409871,0.30620180,-2.63006442,0.05620020,1,0,1,1,1
914,190208,0.13406630,-0.14488648,0.25327416,0.42526563,-2.69795521,0.05814782,1,0,1,1,1
915,190416,0.15429711,-0.14533825,0.18556609,0.52629189,-2.74487828,0.05526001,1,0,1,1,1
916,190625,0.14454373,-0.13336557,0.13639378,0.64119357,-2.77930669,0.03798213,1,0,1,1,1
917,190833,0.16459278,-0.13392279,0.07716898,0.72631092,-2.80355093,0.04454524,1,0,1,1,1
918,191041,0.17857128,-0.12693885,0.00918985,0.84683112,-2.77726962,0.04134688,1,0,1,1,1
919,191250,0.16840329,-0.12468046,-0.04976851,0.94299955,-2.75820851,0.03650025,1,0,1,1,1
920,191458,0.17856525,-0.11695050,-0.11247749,1.04969821,-2.78298806,0.05975014,1,0,1,1,1
921,191666,0.18880098,-0.10793028,-0.16319216,1.12337290,-2.75457009,0.02148358,1,0,1,1,1
922,191875,0.18797440,-0.10951738,-0.22410642,1.21622107,-2.70225805,0.03918484,1,0,1,1,1
923,192083,0.18946535,-0.09871742,-0.28397670,1.29256260,-2.64707402,0.02643464,1,0,1,1,1
924,192291,0.19284419,-0.09049309,-0.33811105,1.37998907,-2.59349462,0.00391497,1,0,1,1,1
925,192500,0.20679703,-0.08404161,-0.39930790,1.42129330,-2.52733864,0.02324524,1,0,1,1,1
926,192708,0.19993574,-0.07266655,-0.44026238,1.48246684,-2.43648090,0.00228734,1,0,1,1,1
927,192916,0.19639609,-0.07578242,-0.49483651,1.56018616,-2.34092019,0.01422544,1,0,1,1,1
928,193125,0.20442809,-0.05863551,-0.54933673,1.59767244,-2.24838166,-0.01488724,1,0,1,1,1
929,193333,0.20059972,-0.05754898,-0.58579729,1.65022011,-2.15568794,-0.02286311,1,0,1,1,1
930,193541,0.19812919,-0.05173661,-0.63136575,1.66887204,-2.00662922,-0.01867273,1,0,1,1,1
931,193750,0.18786470,-0.03029880,-0.67039112,1.68317262,-1.88214060,-0.02512922,1,0,1,1,0
932,193958,0.18018170,-0.02465762,-0.71642966,1.73518415,-1.74284024,-0.01766771,1,0,1,1,0
933,194166,0.18417044,-0.01001431,-0.74137434,1.73710917,-1.58498576,-0.03081381,1,0,1,1,0
934,194375,0.17998663,0.00838755,-0.78602515,1.75282882,-1.44323709,-0.03094727,1,0,1,1,0
935,194583,0.16037051,0.01903625,-0.80938377,1.75679746,-1.28441942,-0.04375140,1,0,1,1,0
936,194791,0.16373498,0.01210373,-0.85444702,1.75175343,-1.09459311,-0.06011299,1,0,1,1,0
937,195000,0.15888126,0.03025606,-0.85973188,1.72119207,-0.93862632,-0.05778094,1,0,1,1,0
938,195208,0.13483744,0.03325667,-0.87790155,1.70301418,-0.77328820,-0.05399759,1,0,1,1,0
939,195416,0.13543099,0.04845094,-0.89031061,1.67169907,-0.58786342,-0.05140545,1,0,1,1,0
940,195625,0.11961542,0.05620506,-0.91014550,1.62513733,-0.41501823,-0.06708886,1,0,1,1,0
941,195833,0.11431338,0.06122781,-0.91764235,1.58383431,-0.23422682,-0.07571974,1,0,1,1,0
942,196041,0.10566038,0.07183585,-0.93078771,1.54236900,-0.06249866,-0.08798294,1,0,1,1,0
943,196250,0.09189449,0.07696327,-0.91871633,1.47902038,0.16373549,-0.06919825,1,0,1,1,0
944,196458,0.07711785,0.09460769,-0.92179836,1.39548457,0.32809104,-0.06816730,1,0,1,1,0
945,196666,0.06690481,0.10020487,-0.90616362,1.33585835,0.52154300,-0.08331266,1,0,1,1,0
946,196875,0.06044797,0.10359284,-0.89439680,1.24857709,0.68069793,-0.07278982,1,0,1,1,0
947,197083,0.03378961,0.11562062,-0.87633260,1.18216293,0.84780126,-0.06471186,1,0,1,1,0
948,197291,0.03041317,0.12008184,-0.86488324,1.08572576,1.03013317,-0.08189779,1,0,1,1,0
949,197500,0.02111065,0.12251287,-0.83640576,1.00896851,1.20508434,-0.07915901,1,0,1,1,0
950,197708,0.00387516,0.12170045,-0.81178727,0.89792958,1.35207751,-0.07904631,1,0,1,1,0
951,197916,-0.01906443,0.13196029,-0.77652739,0.81592610,1.51676617,-0.08977196,1,0,1,1,0
952,198125,-0.02184720,0.14247190,-0.74588567,0.70788476,1.66052621,-0.09248698,1,0,1,1,0
953,198333,-0.03965444,0.13967543,-0.70519944,0.60462889,1.80140090,-0.08306862,1,0,1,1,0
954,198541,-0.05335300,0.14248703,-0.67016041,0.46656175,1.95834834,-0.08631985,1,0,1,1,0
955,198750,-0.05470712,0.15469772,-0.61974337,0.34911743,2.07630340,-0.06619960,1,0,1,1,0
956,198958,-0.07236497,0.14623176,-0.58494716,0.25100489,2.19137677,-0.08307399,1,0,1,1,0
957,199166,-0.08840376,0.15251119,-0.52349262,0.15644372,2.28101577,-0.06533132,1,0,1,1,0
958,199375,-0.09633786,0.14712078,-0.47942914,0.03024738,2.39965916,-0.08556615,1,0,1,1,0
959,199583,-0.10759499,0.14685344,-0.42855546,-0.07776948,2.49163398,-0.04607312,1,0,1,1,0
960,199791,-0.11679984,0.13974075,-0.36796168,-0.19548337,2.57312476,-0.07951279,1,0,1,1,0
961,200000,-0.13405191,0.15213048,-0.30854888,-0.29819291,2.62988677,-0.06632711,1,0,1,1,1
962,200208,-0.13904035,0.15148461,-0.24812370,-0.42701494,2.67191909,-0.06797206,1,0,1,1,1
963,200416,-0.15207910,0.14414388,-0.20544630,-0.55856903,2.73609874,-0.05358506,1,0,1,1,1
964,200625,-0.15248528,0.13696977,-0.13283649,-0.62863344,2.79217741,-0.05829573,1,0,1,1,1
965,200833,-0.16226388,0.13126378,-0.07489607,-0.73817702,2.80744124,-0.04299662,1,0,1,1,1
966,201041,-0.17566315,0.12718354,-0.02090685,-0.86588441,2.80106560,-0.06304147,1,0,1,1,1
967,201250,-0.17133603,0.12794129,0.04228774,-0.94550045,2.79208669,-0.01934245,1,0,1,1,1
968,201458,-0.18337002,0.11953457,0.10016365,-1.04630904,2.77923434,-0.02744418,1,0,1,1,1
969,201666,-0.19206042,0.11752106,0.17421775,-1.13689292,2.76598079,-0.01533352,1,0,1,1,1
970,201875,-0.19621560,0.11000590,0.22152933,-1.22854954,2.71993660,-0.00672765,1,0,1,1,1
971,202083,-0.19569795,0.09390246,0.28443581,-1.30657927,2.66535411,-0.02307685,1,0,1,1,1
972,202291,-0.20063516,0.09961057,0.33275541,-1.36445604,2.60143343,-0.00982304,1,0,1,1,1
973,202500,-0.19769644,0.08400919,0.39378387,-1.45264088,2.52309823,-0.01811889,1,0,1,1,1
974,202708,-0.19548829,0.07975198,0.44582947,-1.49511571,2.43883721,-0.00848514,1,0,1,1,1
975,202916,-0.20562457,0.06546165,0.48433520,-1.54708654,2.35789096,0.01140466,1,0,1,1,1
976,203125,-0.19900584,0.06554125,0.54416527,-1.59264159,2.25923301,0.01323202,1,0,1,1,1
977,203333,-0.19458379,0.05635304,0.59057392,-1.65212052,2.12477193,0.01124007,1,0,1,1,1
978,203541,-0.18720621,0.04266444,0.63809814,-1.68983932,2.01841232,0.02063709,1,0,1,1,1
979,203750,-0.18462096,0.02752340,0.67531557,-1.71493045,1.88233979,0.03023382,1,0,1,1,0
980,203958,-0.17833993,0.02854215,0.70449400,-1.73390682,1.75410291,0.03313511,1,0,1,1,0
981,204166,-0.18305674,0.00912818,0.73807320,-1.72626185,1.60300302,0.03794762,1,0,1,1,0
982,204375,-0.17594243,0.00342121,0.78763574,-1.75544370,1.45219906,0.04723118,1,0,1,1,0
983,204583,-0.17966362,0.00094713,0.81302758,-1.72864628,1.27934448,0.03682351,1,0,1,1,0
984,204791,-0.15395520,-0.01773886,0.84018053,-1.73639660,1.11870427,0.04914098,1,0,1,1,0
985,205000,-0.15113772,-0.02812228,0.86462441,-1.72069647,0.93924688,0.05049501,1,0,1,1,0
986,205208,-0.13973938,-0.02847505,0.87665944,-1.69171083,0.79627581,0.06622297,1,0,1,1,0
987,205416,-0.13780434,-0.04558476,0.90427736,-1.66366976,0.58622576,0.06463520,1,0,1,1,0
988,205625,-0.13307973,-0.05202658,0.90916489,-1.61354211,0.40897365,0.06421102,1,0,1,1,0
989,205833,-0.10298136,-0.06677426,0.92455688,-1.59011670,0.23501808,0.06461169,1,0,1,1,0
990,206041,-0.09740101,-0.07459456,0.92081579,-1.52791636,0.06925633,0.05948061,1,0,1,1,0
991,206250,-0.08974965,-0.07342390,0.92129791,-1.47105278,-0.12746989,0.07022421,1,0,1,1,0
992,206458,-0.08476219,-0.08948598,0.91620800,-1.40110855,-0.30963675,0.06755650,1,0,1,1,0
993,206666,-0.06712807,-0.09932646,0.91254084,-1.32426830,-0.49892724,0.08510891,1,0,1,1,0
994,206875,-0.05683097,-0.10861539,0.89522455,-1.26047261,-0.67126450,0.07836056,1,0,1,1,0
995,207083,-0.04041886,-0.11106889,0.88422222,-1.18778199,-0.85292516,0.07945200,1,0,1,1,0
996,207291,-0.03545340,-0.12659560,0.86339197,-1.09293075,-1.00976986,0.08953240,1,0,1,1,0
997,207500,-0.02129521,-0.11943708,0.83652997,-0.99130723,-1.21658856,0.09153612,1,0,1,1,0
998,207708,-0.00785181,-0.14032556,0.80821958,-0.91875973,-1.36243534,0.10354250,1,0,1,1,0
999,207916,0.00900018,-0.13552337,0.77604112,-0.80409822,-1.49911634,0.08351700,1,0,1,1,0
1000,208125,0.02309247,-0.13016121,0.74343267,-0.69898038,-1.67151421,0.08098478,1,0,1,1,0
1001,208333,0.03293390,-0.14125178,0.70585603,-0.59256258,-1.79347466,0.08494488,1,0,1,1,0
1002,208541,0.04271701,-0.14761533,0.66945226,-0.46835714,-1.94577983,0.08647520,1,0,1,1,0
1003,208750,0.06352263,-0.13761275,0.61497890,-0.37752756,-2.08570842,0.06339037,1,0,1,1,0
1004,208958,0.07061537,-0.14176375,0.57466849,-0.25190207,-2.19257377,0.08580882,1,0,1,1,0
1005,209166,0.08041103,-0.15003866,0.52172904,-0.16347337,-2.29413790,0.08290895,1,0,1,1,0
1006,209375,0.09588911,-0.14508127,0.47513693,-0.03917257,-2.40203825,0.06758739,1,0,1,1,0
1007,209583,0.10010301,-0.14436220,0.41786930,0.07763629,-2.46790466,0.07288989,1,0,1,1,0
1008,209791,0.12224373,-0.14837879,0.37036512,0.20890136,-2.56378560,0.06480629,1,0,1,1,0
1009,210000,0.13498933,-0.14514022,0.30913013,0.30754686,-2.63770190,0.05312821,1,0,1,1,1
1010,210208,0.13449555,-0.15620846,0.25366329,0.41406838,-2.68537505,0.04898505,1,0,1,1,1
1011,210416,0.14948796,-0.13950014,0.19992520,0.52024265,-2.73196023,0.06441549,1,0,1,1,1
1012,210625,0.15085405,-0.14609921,0.12565521,0.64247326,-2.77054280,0.05157020,1,0,1,1,1
1013,210833,0.16097437,-0.13373152,0.07284132,0.73997457,-2.78624438,0.04132441,1,0,1,1,1
1014,211041,0.18219717,-0.13534737,0.01381019,0.84440109,-2.77974001,0.03726367,1,0,1,1,1
1015,211250,0.17825315,-0.12713840,-0.04591710,0.94134596,-2.79921046,0.03961656,1,0,1,1,1
1016,211458,0.19226059,-0.12465304,-0.10557404,1.04998856,-2.77888952,0.04587051,1,0,1,1,1
1017,211666,0.18541029,-0.11303336,-0.17886823,1.13948573,-2.75662260,0.01404922,1,0,1,1,1
1018,211875,0.18718595,-0.11053999,-0.22758364,1.21382553,-2.72128110,0.01338022,1,0,1,1,1
1019,212083,0.19414982,-0.09804755,-0.28832905,1.29545961,-2.67734958,0.03254794,1,0,1,1,1
1020,212291,0.19339134,-0.08584050,-0.33672762,1.37881177,-2.60772294,0.01086617,1,0,1,1,1
1021,212500,0.19332893,-0.08161582,-0.39644964,1.41709467,-2.53724136,0.01245805,1,0,1,1,1
1022,212708,0.19240672,-0.07868240,-0.44785722,1.49813332,-2.45009317,0.01785299,1,0,1,1,1
1023,212916,0.19945878,-0.06470814,-0.50386789,1.56402646,-2.35351110,-0.00420758,1,0,1,1,1
1024,213125,0.19348657,-0.06396952,-0.54533186,1.60721521,-2.25160288,-0.01788392,1,0,1,1,1
1025,213333,0.19142351,-0.05604847,-0.58578183,1.61685840,-2.13684894,0.00305226,1,0,1,1,1
1026,213541,0.18823832,-0.04566677,-0.63665754,1.69206968,-2.02668306,-0.02435519,1,0,1,1,1
1027,213750,0.19496970,-0.02726627,-0.67808185,1.69919895,-1.88609489,-0.01634262,1,0,1,1,0
1028,213958,0.17849265,-0.03136744,-0.71311814,1.72519673,-1.76888466,-0.04180466,1,0,1,1,0
1029,214166,0.17871059,-0.01416511,-0.75698461,1.75317398,-1.59563306,-0.02902187,1,0,1,1,0
1030,214375,0.16924147,-0.00621535,-0.77326299,1.75424426,-1.43591077,-0.04341836,1,0,1,1,0
1031,214583,0.16599362,0.00859044,-0.80978303,1.73571558,-1.30311751,-0.05774612,1,0,1,1,0
1032,214791,0.15687581,0.01657823,-0.83969169,1.75647157,-1.11996221,-0.03186012,1,0,1,1,0
1033,215000,0.13567712,0.03034759,-0.86141731,1.73065517,-0.95010324,-0.04742273,1,0,1,1,0
1034,215208,0.14173186,0.03933265,-0.88398954,1.70522711,-0.75255423,-0.06888236,1,0,1,1,0
1035,215416,0.14143112,0.05251104,-0.89683555,1.67119902,-0.59784544,-0.04948062,1,0,1,1,0
1036,215625,0.12715624,0.06004191,-0.90449969,1.63264354,-0.41491315,-0.04683221,1,0,1,1,0
1037,215833,0.12139079,0.05911605,-0.92482034,1.56561978,-0.22047836,-0.05832806,1,0,1,1,0
1038,216041,0.10156354,0.07171939,-0.91529674,1.52824090,-0.06061431,-0.05505561,1,0,1,1,0
1039,216250,0.09632937,0.08414691,-0.91644567,1.48872762,0.14010248,-0.07378668,1,0,1,1,0
1040,216458,0.07598807,0.08161873,-0.92374381,1.39942160,0.33167720,-0.07604458,1,0,1,1,0
1041,216666,0.06453219,0.09137583,-0.89811485,1.32910177,0.48405135,-0.06354927,1,0,1,1,0
1042,216875,0.04836884,0.09513444,-0.89208141,1.25714184,0.68026005,-0.08923195,1,0,1,1,0
1043,217083,0.03808316,0.10833152,-0.88288226,1.16700432,0.84485694,-0.09031276,1,0,1,1,0
1044,217291,0.02812668,0.12989049,-0.86708468,1.09461046,1.02577312,-0.07683970,1,0,1,1,0
1045,217500,0.01139546,0.12002111,-0.83177643,1.00526991,1.18649119,-0.06602915,1,0,1,1,0
1046,217708,0.00237535,0.12012772,-0.80554517,0.89743675,1.35615429,-0.10435142,1,0,1,1,0
1047,217916,-0.00965152,0.13301897,-0.77303584,0.80185004,1.50432875,-0.09073283,1,0,1,1,0
1048,218125,-0.02486560,0.13604674,-0.74607801,0.69183898,1.65578952,-0.08223090,1,0,1,1,0
1049,218333,-0.04650764,0.13776985,-0.70349211,0.60024324,1.81898320,-0.07975971,1,0,1,1,0
1050,218541,-0.04132634,0.12882971,-0.67305861,0.48169944,1.93734043,-0.07188948,1,0,1,1,0
1051,218750,-0.06237682,0.15530530,-0.61650748,0.37960815,2.07915762,-0.06682225,1,0,1,1,0
1052,218958,-0.06944468,0.14646222,-0.56642837,0.27200544,2.18076553,-0.07948944,1,0,1,1,0
1053,219166,-0.08297489,0.14853450,-0.52268270,0.15172455,2.28683217,-0.05903924,1,0,1,1,0
1054,219375,-0.09396300,0.15456151,-0.48486427,0.02734794,2.40696538,-0.06768600,1,0,1,1,0
1055,219583,-0.10515415,0.15566371,-0.41963035,-0.10156271,2.47586669,-0.06917186,1,0,1,1,0
1056,219791,-0.11471069,0.14768284,-0.36146850,-0.19306911,2.54438154,-0.07816319,1,0,1,1,0
1057,220000,-0.12965119,0.14575745,-0.30492198,-0.31115814,2.64102696,-0.06695784,1,0,1,1,1
1058,220208,-0.13643696,0.13678312,-0.24572374,-0.41966755,2.71189522,-0.06376474,1,0,1,1,1
1059,220416,-0.15421811,0.13558856,-0.19496239,-0.51395244,2.76245392,-0.06164944,1,0,1,1,1
1060,220625,-0.15600551,0.13972141,-0.14081827,-0.64231655,2.77279851,-0.04817957,1,0,1,1,1
1061,220833,-0.15379025,0.12689455,-0.06521851,-0.77057018,2.79083267,-0.04998466,1,0,1,1,1
1062,221041,-0.17330907,0.12892000,-0.01035080,-0.84805736,2.79608738,-0.03969807,1,0,1,1,1
1063,221250,-0.19010119,0.13072413,0.04852135,-0.96012677,2.80643213,-0.03926459,1,0,1,1,1
1064,221458,-0.18627439,0.12272649,0.10882991,-1.03958280,2.79615011,-0.02647262,1,0,1,1,1
1065,221666,-0.19715306,0.11945912,0.16775658,-1.13249784,2.74562458,-0.02413773,1,0,1,1,1
1066,221875,-0.19708419,0.10739646,0.23294119,-1.20272759,2.72116562,-0.00593431,1,0,1,1,1
1067,222083,-0.19618470,0.10620265,0.27406775,-1.29907249,2.65949788,-0.00325092,1,0,1,1,1
1068,222291,-0.19660049,0.08878616,0.34144177,-1.37203330,2.59392843,-0.00767348,1,0,1,1,1
1069,222500,-0.19942029,0.08899657,0.39227945,-1.42194327,2.51971349,-0.01483816,1,0,1,1,1
1070,222708,-0.18668534,0.07371528,0.44624867,-1.49553459,2.44022432,0.00733367,1,0,1,1,1
1071,222916,-0.19701189,0.06773303,0.49538162,-1.55234202,2.34230659,0.00293609,1,0,1,1,1
1072,223125,-0.20133162,0.06511444,0.53502696,-1.58601604,2.27556940,0.00828521,1,0,1,1,1
1073,223333,-0.19900830,0.04856944,0.58686002,-1.67527442,2.12104566,0.01723672,1,0,1,1,1
1074,223541,-0.19299301,0.03771323,0.64406068,-1.68032917,1.99665264,0.02943529,1,0,1,1,1
1075,223750,-0.18736728,0.03179463,0.67268465,-1.71669531,1.88764190,0.00264121,1,0,1,1,0
1076,223958,-0.19396161,0.02967873,0.72158302,-1.73277736,1.74858790,0.03806897,1,0,1,1,0
1077,224166,-0.18191351,0.01426478,0.75410311,-1.74253766,1.59759931,0.02249874,1,0,1,1,0
1078,224375,-0.17427624,-0.00203391,0.78064452,-1.75971799,1.44110375,0.05387256,1,0,1,1,0
1079,224583,-0.16959921,-0.01419038,0.80730205,-1.73684232,1.29071982,0.04966896,1,0,1,1,0
1080,224791,-0.15691516,-0.01625109,0.84269634,-1.73423185,1.12464293,0.05229075,1,0,1,1,0
1081,225000,-0.15419554,-0.02809234,0.86829186,-1.72995203,0.93799668,0.04802555,1,0,1,1,0
1082,225208,-0.13472287,-0.03410766,0.87475683,-1.71834407,0.76545477,0.06507357,1,0,1,1,0
1083,225416,-0.12588704,-0.04305915,0.89607372,-1.67774878,0.57126440,0.05420470,1,0,1,1,0
1084,225625,-0.12831919,-0.05605678,0.90870571,-1.62045051,0.41768018,0.06908180,1,0,1,1,0
1085,225833,-0.11252469,-0.06328688,0.92322723,-1.58856339,0.21906279,0.06730508,1,0,1,1,0
1086,226041,-0.09571788,-0.07670238,0.92239812,-1.52729669,0.04886043,0.07342869,1,0,1,1,0
1087,226250,-0.08582148,-0.09349833,0.92207587,-1.47501872,-0.11817088,0.07560059,1,0,1,1,0
1088,226458,-0.08592170,-0.08519989,0.92020209,-1.39781383,-0.32093754,0.08191459,1,0,1,1,0
1089,226666,-0.07194953,-0.09763241,0.90736274,-1.33541823,-0.50250578,0.07579240,1,0,1,1,0
1090,226875,-0.04945865,-0.10267236,0.90042499,-1.24113990,-0.67967858,0.07775608,1,0,1,1,0
1091,227083,-0.04218542,-0.11009105,0.87717599,-1.17328156,-0.86162855,0.06672836,1,0,1,1,0
1092,227291,-0.02498906,-0.11361840,0.85396153,-1.08132152,-1.02191610,0.10007398,1,0,1,1,0
1093,227500,-0.01712567,-0.12746603,0.82930496,-1.00715534,-1.18946570,0.09077119,1,0,1,1,0
1094,227708,-0.00052776,-0.13303311,0.80486612,-0.89205480,-1.35557148,0.09182935,1,0,1,1,0
1095,227916,0.00792172,-0.14118297,0.77847699,-0.81404711,-1.50795165,0.08617871,1,0,1,1,0
1096,228125,0.02373369,-0.14128901,0.73686812,-0.68987609,-1.64937317,0.08881437,1,0,1,1,0
1097,228333,0.03481032,-0.13340688,0.70431524,-0.59207477,-1.82953153,0.07796793,1,0,1,1,0
1098,228541,0.05615943,-0.13750113,0.65937616,-0.48166747,-1.93384434,0.09635071,1,0,1,1,0
1099,228750,0.05960964,-0.14812626,0.62251339,-0.38197414,-2.08653597,0.07426059,1,0,1,1,0
1100,228958,0.06821612,-0.14759786,0.57520291,-0.25503978,-2.19838020,0.08178420,1,0,1,1,0
1101,229166,0.07634853,-0.15301804,0.53226933,-0.16574049,-2.30152358,0.07380291,1,0,1,1,0
1102,229375,0.09845928,-0.15289774,0.48170094,-0.02678134,-2.39931927,0.09451256,1,0,1,1,0
1103,229583,0.10149392,-0.14808448,0.42307773,0.06842483,-2.49457885,0.07674264,1,0,1,1,0
1104,229791,0.12283868,-0.13522263,0.36563432,0.20148403,-2.57486889,0.05129498,1,0,1,1,0
1105,230000,0.13195332,-0.15068579,0.31049698,0.31615133,-2.65219775,0.08339193,1,0,1,1,1
1106,230208,0.13553828,-0.14768586,0.25310865,0.42794639,-2.67257711,0.05481157,1,0,1,1,1
1107,230416,0.14076584,-0.14197297,0.19503684,0.53287865,-2.74837093,0.06852113,1,0,1,1,1
1108,230625,0.16602945,-0.13219150,0.13794528,0.64584863,-2.76835557,0.07412250,1,0,1,1,1
1109,230833,0.16649901,-0.13264784,0.07881465,0.74558329,-2.78705101,0.03517863,1,0,1,1,1
1110,231041,0.17047235,-0.13172138,0.00612244,0.85107422,-2.80310018,0.05420207,1,0,1,1,1
1111,231250,0.16957685,-0.12307581,-0.04608446,0.94268531,-2.80060898,0.05869890,1,0,1,1,1
1112,231458,0.18564933,-0.12491049,-0.10069179,1.04265255,-2.78066272,0.03591601,1,0,1,1,1
1113,231666,0.18618168,-0.10823059,-0.16203597,1.12058103,-2.73573422,0.03442172,1,0,1,1,1
1114,231875,0.19015035,-0.10875584,-0.22403605,1.22028335,-2.72016591,0.03193627,1,0,1,1,1
1115,232083,0.19247570,-0.09458596,-0.28065869,1.27937862,-2.64931838,0.02055144,1,0,1,1,1
1116,232291,0.19199418,-0.09900757,-0.34133861,1.37676629,-2.60338491,-0.00671303,1,0,1,1,1
1117,232500,0.19593936,-0.08938400,-0.39290848,1.45042016,-2.53098319,-0.00510105,1,0,1,1,1
1118,232708,0.18652914,-0.07584287,-0.43921937,1.49890413,-2.43976549,0.00967677,1,0,1,1,1
1119,232916,0.20697500,-0.06173267,-0.49264562,1.55994790,-2.36877266,-0.00166542,1,0,1,1,1
1120,233125,0.20300936,-0.05550409,-0.54866598,1.60828463,-2.26436020,-0.01342127,1,0,1,1,1
1121,233333,0.19954774,-0.05676815,-0.58007544,1.64371655,-2.12972754,-0.02320416,1,0,1,1,1
1122,233541,0.19773862,-0.04019439,-0.63954971,1.69157837,-2.02975196,-0.00280618,1,0,1,1,1
1123,233750,0.18774571,-0.01623436,-0.67817304,1.70881968,-1.87764577,-0.01979658,1,0,1,1,0
1124,233958,0.17571454,-0.01840695,-0.71867437,1.72340148,-1.75340649,-0.01600198,1,0,1,1,0
1125,234166,0.18404663,-0.01021931,-0.75315389,1.73778085,-1.61080047,-0.05283986,1,0,1,1,0
1126,234375,0.16693744,-0.00414298,-0.78860727,1.75142135,-1.44755223,-0.04543474,1,0,1,1,0
1127,234583,0.17250110,-0.00042906,-0.81747510,1.77154512,-1.29043025,-0.05254247,1,0,1,1,0
1128,234791,0.16051306,0.01573984,-0.84243582,1.75699907,-1.11514811,-0.05148043,1,0,1,1,0
1129,235000,0.14709600,0.03442856,-0.85120775,1.71890528,-0.95803616,-0.05931642,1,0,1,1,0
1130,235208,0.14898099,0.04178896,-0.88302324,1.69943183,-0.76600495,-0.06069279,1,0,1,1,0
1131,235416,0.14130158,0.04061674,-0.90025153,1.65632839,-0.57523822,-0.06541171,1,0,1,1,0
1132,235625,0.12662162,0.04774891,-0.91626103,1.62498210,-0.39245914,-0.06121494,1,0,1,1,0
1133,235833,0.12654807,0.06060814,-0.91811383,1.58375914,-0.23015601,-0.07667612,1,0,1,1,0
1134,236041,0.10065993,0.07672123,-0.92758145,1.53887667,-0.03607568,-0.07220025,1,0,1,1,0
1135,236250,0.09955454,0.08146717,-0.91703311,1.47966712,0.14814921,-0.07662505,1,0,1,1,0
1136,236458,0.08436535,0.08683213,-0.91597411,1.40175366,0.31897051,-0.09208218,1,0,1,1,0
1137,236666,0.07186764,0.09241090,-0.90138026,1.33379820,0.49845319,-0.08196906,1,0,1,1,0
1138,236875,0.05526633,0.09537032,-0.90055250,1.25581392,0.66545467,-0.07721536,1,0,1,1,0
1139,237083,0.03476914,0.11094594,-0.88287150,1.19823124,0.84889692,-0.07569884,1,0,1,1,0
1140,237291,0.02949805,0.11474965,-0.85864158,1.09327114,1.01583432,-0.07927143,1,0,1,1,0
1141,237500,0.01715834,0.12509306,-0.82496668,0.98729494,1.19618138,-0.07417359,1,0,1,1,0
1142,237708,0.01121855,0.12948034,-0.80823332,0.90179545,1.34033863,-0.07896036,1,0,1,1,0
1143,237916,-0.00987850,0.12925673,-0.77544554,0.82485617,1.50366968,-0.06897365,1,0,1,1,0
1144,238125,-0.02416252,0.13696549,-0.73895279,0.69654281,1.65457463,-0.09067177,1,0,1,1,0
1145,238333,-0.03850830,0.13181883,-0.70000511,0.58778291,1.81104667,-0.10204997,1,0,1,1,0
1146,238541,-0.05157990,0.15102987,-0.66780594,0.49627480,1.94563408,-0.06977589,1,0,1,1,0
1147,238750,-0.05888840,0.14202012,-0.61906633,0.38063148,2.06820231,-0.08146852,1,0,1,1,0
1148,238958,-0.07486119,0.14399890,-0.57577963,0.24279368,2.20258896,-0.05573803,1,0,1,1,0
1149,239166,-0.08335058,0.15220269,-0.51874886,0.12438561,2.28438092,-0.07288019,1,0,1,1,0
1150,239375,-0.10238171,0.14810545,-0.48451116,0.03815705,2.39912981,-0.06209300,1,0,1,1,0
1151,239583,-0.10883621,0.15390166,-0.42784581,-0.08089351,2.47650381,-0.06993102,1,0,1,1,0
1152,239791,-0.11959441,0.14965338,-0.37635758,-0.19745139,2.55855066,-0.07516330,1,0,1,1,0
1153,240000,-0.13414934,0.14490379,-0.31609179,-0.30853863,2.63516830,-0.08496376,1,0,1,1,1
1154,240208,-0.13643899,0.14244392,-0.25347209,-0.40720086,2.69968088,-0.05655927,1,0,1,1,1
1155,240416,-0.14658446,0.14545679,-0.19228966,-0.53219759,2.74231870,-0.05839576,1,0,1,1,1
1156,240625,-0.15018585,0.13865733,-0.14086227,-0.64556288,2.75687042,-0.03206363,1,0,1,1,1
1157,240833,-0.17505950,0.13189595,-0.07323296,-0.75040393,2.79117967,-0.06728643,1,0,1,1,1
1158,241041,-0.17282983,0.12878128,-0.01509779,-0.85454058,2.77567849,-0.04599234,1,0,1,1,1
1159,241250,-0.18251767,0.12372504,0.03971604,-0.95293384,2.81004411,-0.03349096,1,0,1,1,1
1160,241458,-0.17582898,0.11601265,0.10962896,-1.03904965,2.78482671,-0.03381237,1,0,1,1,1
1161,241666,-0.19286592,0.11937561,0.16153912,-1.12577494,2.75902831,-0.03502111,1,0,1,1,1
1162,241875,-0.19761529,0.09768659,0.22668899,-1.22283358,2.69959696,-0.01893373,1,0,1,1,1
1163,242083,-0.19948295,0.10598530,0.28418619,-1.30194256,2.65714850,-0.02643917,1,0,1,1,1
1164,242291,-0.19810379,0.09358053,0.33907812,-1.35877160,2.59911735,-0.02328111,1,0,1,1,1
1165,242500,-0.19524073,0.08182202,0.39451754,-1.43154540,2.51716276,-0.00932200,1,0,1,1,1
1166,242708,-0.19662233,0.08107741,0.45077765,-1.49497045,2.44995319,0.01762373,1,0,1,1,1
1167,242916,-0.20566335,0.07609547,0.49493464,-1.55452412,2.36029617,0.01523308,1,0,1,1,1
1168,243125,-0.19585819,0.06253468,0.54622277,-1.59556913,2.25737529,-0.01369270,1,0,1,1,1
1169,243333,-0.19563808,0.05472258,0.59209210,-1.64432985,2.14186531,0.02556937,1,0,1,1,1
1170,243541,-0.19892124,0.05856603,0.64048593,-1.68046378,2.02193752,0.03661577,1,0,1,1,1
1171,243750,-0.18717239,0.03161267,0.67424883,-1.70742447,1.90524948,0.03242616,1,0,1,1,0
1172,243958,-0.18542176,0.01682995,0.72195707,-1.72646760,1.74366976,0.02731875,1,0,1,1,0
1173,244166,-0.18675725,0.01683745,0.75391082,-1.73367907,1.57789130,0.02275720,1,0,1,1,0
1174,244375,-0.16868814,0.00011010,0.78504042,-1.74790053,1.45036813,0.04133449,1,0,1,1,0
1175,244583,-0.16942956,-0.00933004,0.81200120,-1.75270048,1.28236900,0.03054865,1,0,1,1,0
1176,244791,-0.15715187,-0.02050689,0.84094885,-1.74198623,1.12018741,0.05082708,1,0,1,1,0
1177,245000,-0.15927917,-0.02969240,0.85978192,-1.72109977,0.93314229,0.05493350,1,0,1,1,0
1178,245208,-0.13625677,-0.03421846,0.86917328,-1.69972948,0.77948975,0.06105925,1,0,1,1,0
1179,245416,-0.13508089,-0.04135942,0.89761298,-1.65649374,0.61187913,0.07983785,1,0,1,1,0
1180,245625,-0.12429159,-0.05597630,0.91284576,-1.63517646,0.40201355,0.07200747,1,0,1,1,0
1181,245833,-0.11666600,-0.06661395,0.91589525,-1.58091295,0.24752183,0.06515998,1,0,1,1,0
1182,246041,-0.10184879,-0.07270529,0.92150103,-1.53383368,0.04677900,0.06990736,1,0,1,1,0
1183,246250,-0.09642398,-0.07836827,0.92128073,-1.46167128,-0.13011233,0.07989589,1,0,1,1,0
1184,246458,-0.07984619,-0.09053166,0.92442781,-1.40663754,-0.31771953,0.07924616,1,0,1,1,0
1185,246666,-0.07249578,-0.08916440,0.91049437,-1.35110296,-0.50258644,0.08333727,1,0,1,1,0
1186,246875,-0.05200565,-0.10197163,0.89886842,-1.27512533,-0.68941559,0.07947300,1,0,1,1,0
1187,247083,-0.03937727,-0.10808743,0.88217851,-1.17483046,-0.85640706,0.08134049,1,0,1,1,0
1188,247291,-0.02730043,-0.11864079,0.85320674,-1.09028634,-1.01833967,0.09025582,1,0,1,1,0
1189,247500,-0.02078917,-0.12279225,0.82759379,-1.00652063,-1.19678548,0.10093832,1,0,1,1,0
1190,247708,-0.00481960,-0.12465860,0.79701783,-0.91127682,-1.34520493,0.09052173,1,0,1,1,0
1191,247916,0.00743634,-0.13831739,0.77648799,-0.80987097,-1.50222421,0.09387305,1,0,1,1,0
1192,248125,0.03075882,-0.13031583,0.74107972,-0.69849059,-1.66670044,0.08801465,1,0,1,1,0
1193,248333,0.03943545,-0.14631040,0.70248642,-0.60437730,-1.82825758,0.08588457,1,0,1,1,0
1194,248541,0.04352539,-0.14515013,0.66437682,-0.47069905,-1.94085908,0.08734002,1,0,1,1,0
1195,248750,0.05932439,-0.14971954,0.61703805,-0.36484692,-2.08178537,0.08207837,1,0,1,1,0
1196,248958,0.07231319,-0.14792019,0.57393501,-0.24178080,-2.19303513,0.07004524,1,0,1,1,0
1197,249166,0.08170680,-0.16381374,0.52435000,-0.15540203,-2.29537223,0.08987290,1,0,1,1,0
1198,249375,0.09740735,-0.14403464,0.47744080,-0.02200985,-2.39155110,0.07318745,1,0,1,1,0
1199,249583,0.10805764,-0.15854926,0.41816739,0.08594939,-2.46115000,0.06260303,1,0,1,1,0
1200,249791,0.12003045,-0.14651067,0.36844377,0.19480796,-2.54781699,0.07499480,1,0,1,1,0
1201,250000,0.12099329,-0.19402694,0.31901128,0.26492581,-2.54453475,0.20919725,1,0,1,1,0
1202,250208,0.12412600,-0.18379846,0.25353570,0.39183434,-2.61975301,0.19180864,1,0,1,1,1
1203,250416,0.13938855,-0.18979129,0.19972687,0.49536232,-2.65114554,0.17464874,1,0,1,1,1
1204,250625,0.15231015,-0.19521290,0.14244885,0.58926160,-2.66927232,0.18419793,1,0,1,1,1
1205,250833,0.16156902,-0.18818382,0.07872489,0.73355850,-2.67671124,0.17848735,1,0,1,1,1
1206,251041,0.19242613,-0.19329948,0.01495462,0.81564344,-2.68994328,0.18481830,1,0,1,1,1
1207,251249,0.19531377,-0.20800173,-0.04036608,0.88686122,-2.66277657,0.16337098,1,0,1,1,1
1208,251458,0.21706191,-0.20766007,-0.09685167,0.97484869,-2.60473647,0.16881230,1,0,1,1,1
1209,251666,0.24080120,-0.19415362,-0.15665870,1.04486566,-2.56236751,0.16625482,1,0,1,1,1
1210,251875,0.26350708,-0.21371492,-0.21414841,1.11373050,-2.49907687,0.16682289,1,0,1,1,1
1211,252083,0.27588904,-0.20158271,-0.27438328,1.17173514,-2.43392867,0.14991192,1,0,1,1,1
1212,252291,0.30274557,-0.20782592,-0.32184173,1.23199319,-2.34073682,0.15215481,1,0,1,1,1
1213,252500,0.31537800,-0.20238014,-0.37925340,1.24108722,-2.23986040,0.14206898,1,0,1,1,0
1214,252708,0.33970662,-0.19660107,-0.42604554,1.28307008,-2.11736628,0.13899628,1,0,1,1,0
1215,252916,0.36250345,-0.19171418,-0.48619993,1.32240198,-1.99221706,0.11565833,1,0,1,1,0
1216,253125,0.37340282,-0.17711398,-0.52832247,1.30474868,-1.85676852,0.13874787,1,0,1,1,0
1217,253333,0.40373454,-0.16009829,-0.57745023,1.31752437,-1.71437224,0.10216848,1,0,1,1,0
1218,253541,0.43056159,-0.15008326,-0.62201954,1.28660015,-1.56189938,0.09482766,1,0,1,1,0
1219,253749,0.44195453,-0.12700785,-0.66752958,1.28550054,-1.42256130,0.09174642,1,0,1,1,0
1220,253958,0.45136620,-0.11846581,-0.70937812,1.25701361,-1.24784662,0.08378024,1,0,1,1,0
1221,254166,0.46296710,-0.09174710,-0.74337852,1.21631441,-1.08877492,0.07928416,1,0,1,1,0
1222,254375,0.47502983,-0.05774051,-0.78795800,1.18240682,-0.92642347,0.06844173,1,0,1,1,0
1223,254583,0.48431421,-0.02081175,-0.81430373,1.13847143,-0.80468802,0.03543107,1,0,1,1,0
1224,254791,0.47928132,0.01890527,-0.84301737,1.09602738,-0.61678794,0.02913028,1,0,1,1,0
1225,255000,0.47479188,0.05094222,-0.85906523,1.03795705,-0.50079025,0.00620615,1,0,1,1,0
1226,255208,0.47506061,0.08942280,-0.88247025,0.97644475,-0.36394427,0.01780583,1,0,1,1,0
1227,255416,0.46037852,0.13406083,-0.90292831,0.87992395,-0.21804367,-0.01006322,1,0,1,1,0
1228,255625,0.45258556,0.19610825,-0.91891785,0.85673599,-0.11211308,-0.00549411,1,0,1,1,0
1229,255833,0.42982380,0.24645601,-0.92524548,0.78346888,0.02758660,-0.01918670,1,0,1,1,0
1230,256041,0.39803034,0.29001395,-0.92053181,0.73712348,0.11144702,-0.03188639,1,0,1,1,0
1231,256249,0.37706304,0.34387487,-0.93382337,0.65484404,0.18809588,-0.03600217,1,0,1,1,0
1232,256458,0.34717631,0.39996373,-0.92899138,0.59790486,0.25379662,-0.05029802,1,0,1,1,0
1233,256666,0.30362134,0.46176145,-0.92406837,0.55101659,0.30459000,-0.05951990,1,0,1,1,0
1234,256875,0.26559162,0.51807665,-0.92217206,0.48273820,0.35131447,-0.08680294,1,0,1,1,0
1235,257083,0.21513044,0.57334620,-0.89699135,0.41259684,0.39652544,-0.08245785,1,0,1,1,0
1236,257291,0.17067313,0.63425480,-0.87632737,0.38767298,0.42934417,-0.08416128,1,0,1,1,0
1237,257500,0.11483098,0.68482352,-0.85097982,0.34542367,0.42607914,-0.10204675,1,0,1,1,0
1238,257708,0.06068878,0.72069668,-0.82682423,0.30613551,0.43847513,-0.09149741,1,0,1,1,0
1239,257916,-0.00487756,0.77757472,-0.78086561,0.26754492,0.43804470,-0.09076905,1,0,1,1,0
1240,258125,-0.05885096,0.81570722,-0.75672247,0.23582474,0.43419326,-0.09526258,1,0,1,1,0
1241,258333,-0.11433726,0.85057222,-0.71637493,0.19717792,0.40325044,-0.11613169,1,0,1,1,0
1242,258541,-0.18622702,0.88752200,-0.66913384,0.16549560,0.39706034,-0.12257095,1,0,1,1,0
1243,258749,-0.25133869,0.91508986,-0.62243844,0.17415203,0.39618036,-0.10217614,1,0,1,1,0
1244,258958,-0.31758303,0.94007923,-0.57860530,0.16424721,0.36199117,-0.10557779,1,0,1,1,0
1245,259166,-0.37923783,0.95710257,-0.52768342,0.13290567,0.34283630,-0.09835717,1,0,1,1,0
1246,259375,-0.43467498,0.97094036,-0.47598078,0.10046500,0.32321840,-0.11779152,1,0,1,1,0
1247,259583,-0.49414519,0.97497887,-0.41024328,0.11282139,0.33472101,-0.10336071,1,0,1,1,0
1248,259791,-0.54400373,0.96719366,-0.35883915,0.09922104,0.31968765,-0.11738072,1,0,1,1,0
1249,260000,-0.59903764,0.95710945,-0.29124494,0.08548628,0.31436409,-0.09007441,0,0,0,0,0
1250,260208,-0.64489023,0.94911736,-0.23158003,0.07667869,0.30581828,-0.09902128,0,0,0,0,0
1251,260416,-0.69210976,0.93120398,-0.15570337,0.06294096,0.28661775,-0.10111049,0,0,0,0,0
1252,260625,-0.74143532,0.90388508,-0.09915802,0.04904862,0.28327271,-0.10180218,0,0,0,0,0
1253,260833,-0.76897876,0.88624584,-0.03208713,0.02983705,0.29920244,-0.10002029,0,0,0,0,0
1254,261041,-0.81169257,0.85891746,0.03972000,0.02161670,0.27584069,-0.09948221,0,0,0,0,0
1255,261249,-0.85076295,0.83390616,0.09053043,-0.00303961,0.28223833,-0.09972769,0,0,0,0,0
1256,261458,-0.88061524,0.79406579,0.15758392,0.01132793,0.28423837,-0.09011843,0,0,0,0,0
1257,261666,-0.90080161,0.76432146,0.22748344,-0.01374279,0.26711062,-0.06747904,0,0,0,0,0
1258,261875,-0.92144713,0.72356989,0.28923873,-0.00636844,0.24981380,-0.06015224,0,0,0,0,0
1259,262083,-0.93639823,0.66653566,0.35108528,-0.01851583,0.26172615,-0.05610322,0,0,0,0,0
1260,262291,-0.94693660,0.62259998,0.39922636,-0.01638913,0.25071942,-0.05527118,0,0,0,0,0
1261,262500,-0.95107050,0.58058045,0.46363424,-0.03636351,0.25062993,-0.02680512,0,0,0,0,0
1262,262708,-0.95553949,0.51972729,0.53294728,-0.05642553,0.22828832,-0.02930910,0,0,0,0,0
1263,262916,-0.96112255,0.47237987,0.57084762,-0.04525714,0.20846918,-0.01394032,0,0,0,0,0
1264,263125,-0.94519221,0.40833168,0.62762545,-0.06041614,0.21496846,-0.00157542,0,0,0,0,0
1265,263333,-0.93821255,0.34998930,0.67485472,-0.04920506,0.20048449,0.01882656,0,0,0,0,0
1266,263541,-0.92772581,0.28479396,0.71977088,-0.05539436,0.17833251,0.02085709,0,0,0,0,0
1267,263750,-0.89742153,0.23053721,0.76077633,-0.08282149,0.16907392,0.03598697,0,0,0,0,0
1268,263958,-0.88724156,0.16247212,0.81233640,-0.05452253,0.15840408,0.03643716,0,0,0,0,0
1269,264166,-0.85948286,0.09003712,0.84480388,-0.08360832,0.14873851,0.05534505,0,0,0,0,0
1270,264375,-0.83405384,0.03062493,0.87601448,-0.09353231,0.12906063,0.05215376,0,0,0,0,0
1271,264583,-0.79492173,-0.03475068,0.90892770,-0.10843061,0.11012446,0.07752759,0,0,0,0,0
1272,264791,-0.76118498,-0.10222697,0.94019714,-0.07721711,0.09030570,0.09421105,0,0,0,0,0
1273,265000,-0.72412035,-0.15486877,0.97092175,-0.10923367,0.07584274,0.08485375,0,0,0,0,0
1274,265208,-0.68479272,-0.23655521,0.98466684,-0.11139186,0.07620857,0.08312242,0,0,0,0,0
1275,265416,-0.64339212,-0.28856581,0.99021503,-0.09971057,0.04918405,0.08568847,0,0,0,0,0
1276,265625,-0.58385382,-0.33974267,1.00982733,-0.09661947,0.05610403,0.08201787,0,0,0,0,0
1277,265833,-0.51997599,-0.40869317,1.01773689,-0.08416542,0.02557371,0.09150972,0,0,0,0,0
1278,266041,-0.48105422,-0.46728083,1.02872610,-0.08836714,0.02136030,0.10226618,0,0,0,0,0
1279,266250,-0.41542400,-0.51524367,1.02331648,-0.09341954,-0.00786516,0.10582206,0,0,0,0,0
1280,266458,-0.36893719,-0.57869555,1.00810975,-0.08245949,-0.01921680,0.11985219,0,0,0,0,0
1281,266666,-0.30167002,-0.60664453,0.99501419,-0.07667691,-0.03942624,0.10799173,0,0,0,0,0
1282,266875,-0.24829843,-0.66983405,0.98487738,-0.05616031,-0.05824886,0.11708210,0,0,0,0,0
1283,267083,-0.19078867,-0.70227554,0.96562445,-0.04550618,-0.08521326,0.09759262,0,0,0,0,0
1284,267291,-0.12107916,-0.76360494,0.95393587,-0.06589631,-0.10179941,0.10401169,0,0,0,0,0
1285,267500,-0.06271047,-0.79721873,0.92598837,-0.02856475,-0.11271821,0.10648795,0,0,0,0,0
1286,267708,0.00255079,-0.83111789,0.87895565,-0.02869641,-0.11863891,0.09882030,0,0,0,0,0
1287,267916,0.06072211,-0.85580743,0.85075534,-0.01815447,-0.12323859,0.08361581,0,0,0,0,0
1288,268125,0.13138220,-0.88826512,0.81150680,-0.01590983,-0.13851662,0.09663569,0,0,0,0,0
1289,268333,0.19355677,-0.90842695,0.77325270,-0.02481141,-0.16979936,0.07021264,0,0,0,0,0
1290,268541,0.25582724,-0.92993051,0.72002786,-0.01402554,-0.19890638,0.07871412,0,0,0,0,0
1291,268750,0.31565625,-0.93381432,0.67371655,0.00048507,-0.20831125,0.06207170,0,0,0,0,0
1292,268958,0.37497139,-0.94651984,0.63225365,0.02683825,-0.21392125,0.07142801,0,0,0,0,0
1293,269166,0.42991899,-0.94822417,0.56881963,0.00958591,-0.23000197,0.06783695,0,0,0,0,0
1294,269375,0.49436416,-0.97140892,0.51092547,0.03221706,-0.24463221,0.05952225,0,0,0,0,0
1295,269583,0.55034471,-0.95547196,0.46085935,0.05331156,-0.25016777,0.03439276,0,0,0,0,0
1296,269791,0.61127241,-0.95191958,0.38952019,0.05870262,-0.25315726,0.04188476,0,0,0,0,0
1297,270000,0.64987991,-0.94876615,0.32951162,0.05356053,-0.26117037,0.03483163,0,0,0,0,0
1298,270208,0.69699751,-0.92249537,0.26559633,0.06538377,-0.28354994,0.01410097,0,0,0,0,0
1299,270416,0.74068543,-0.90127854,0.20312873,0.08399075,-0.28345280,0.02680478,0,0,0,0,0
1300,270625,0.78853485,-0.88687726,0.12196213,0.08678518,-0.27297609,0.01514004,0,0,0,0,0
1301,270833,0.83485936,-0.85981537,0.06001288,0.11330656,-0.28091761,0.01073127,0,0,0,0,0
1302,271041,0.86028822,-0.83170099,0.00128743,0.08920940,-0.28922154,-0.00263090,0,0,0,0,0
1303,271250,0.89326984,-0.79174747,-0.07367287,0.09469024,-0.27233743,-0.02004567,0,0,0,0,0
1304,271458,0.92311672,-0.76085380,-0.13851240,0.11685754,-0.28344989,-0.02296363,0,0,0,0,0
1305,271666,0.94199089,-0.72189593,-0.19273875,0.11632991,-0.28050896,-0.02736943,0,0,0,0,0
1306,271875,0.96091530,-0.67498671,-0.26915896,0.10307859,-0.28323183,-0.04427414,0,0,0,0,0
1307,272083,0.96821486,-0.63080821,-0.32821105,0.11424520,-0.27623985,-0.05721898,0,0,0,0,0
1308,272291,0.97906211,-0.58181576,-0.39671179,0.09677307,-0.27309174,-0.06811144,0,0,0,0,0
1309,272500,0.98751978,-0.52709290,-0.45262764,0.12426639,-0.23352108,-0.07700472,0,0,0,0,0
1310,272708,0.98602289,-0.46821693,-0.50963311,0.12190508,-0.26385894,-0.09779606,0,0,0,0,0
1311,272916,0.98201653,-0.41708414,-0.56050601,0.12871027,-0.28138589,-0.12735811,0,0,0,0,0
1312,273125,0.97165829,-0.36626730,-0.62595259,0.12566094,-0.26154199,-0.13291467,0,0,0,0,0
1313,273333,0.96408722,-0.30432204,-0.67978164,0.15334128,-0.25942778,-0.13985520,0,0,0,0,0
1314,273541,0.95479730,-0.22811651,-0.71307528,0.13745960,-0.25458389,-0.16589749,0,0,0,0,0
1315,273750,0.93233644,-0.17761724,-0.76827998,0.13534299,-0.24177567,-0.17888632,0,0,0,0,0
1316,273958,0.89794557,-0.11676077,-0.80246287,0.15483899,-0.21958946,-0.18424879,0,0,0,0,0
1317,274166,0.88564856,-0.05255808,-0.85372736,0.14924818,-0.22784302,-0.18702014,0,0,0,0,0
1318,274375,0.84830589,0.01098647,-0.89129797,0.15365099,-0.21911493,-0.19796865,0,0,0,0,0
1319,274583,0.81379249,0.07706947,-0.92375854,0.16386871,-0.19713593,-0.21900141,0,0,0,0,0
1320,274791,0.78469539,0.16237208,-0.95048727,0.14439901,-0.18848505,-0.20925381,0,0,0,0,0
1321,275000,0.73482688,0.22065030,-0.96907285,0.12869827,-0.16040673,-0.19732053,0,0,0,0,0
1322,275208,0.69490739,0.28182658,-0.99645819,0.12712220,-0.16853309,-0.25939706,0,0,0,0,0
1323,275416,0.64146354,0.33662322,-1.01656897,0.13594784,-0.16445378,-0.23712918,0,0,0,0,0
1324,275625,0.59016891,0.40228762,-1.02803423,0.12074508,-0.14400865,-0.24266696,0,0,0,0,0
1325,275833,0.54216308,0.46850129,-1.03893762,0.12811419,-0.12381647,-0.24473180,0,0,0,0,0
1326,276041,0.48529474,0.51858317,-1.03555682,0.11496728,-0.11069594,-0.23791062,0,0,0,0,0
1327,276250,0.43110251,0.58802215,-1.03730344,0.11181893,-0.09018381,-0.25827231,0,0,0,0,0
1328,276458,0.36100949,0.63056174,-1.04250405,0.09590842,-0.09254753,-0.27424653,0,0,0,0,0
1329,276666,0.30029608,0.68160370,-1.01463001,0.07818469,-0.08094364,-0.26579681,0,0,0,0,0
1330,276875,0.24008620,0.72541197,-1.00862469,0.06290660,-0.06589297,-0.24602761,0,0,0,0,0
1331,277083,0.17704728,0.77210390,-1.00555812,0.03886659,-0.07263047,-0.27095988,0,0,0,0,0
1332,277291,0.11030405,0.81062420,-0.97232170,0.02526176,-0.05622196,-0.25942858,0,0,0,0,0
1333,277500,0.05012043,0.84926770,-0.95346185,-0.00136107,-0.03304767,-0.26853310,0,0,0,0,0
1334,277708,-0.02635271,0.88298492,-0.93113550,0.01279245,-0.00910284,-0.26023288,0,0,0,0,0
1335,277916,-0.09023977,0.91215262,-0.88431874,-0.03792564,0.01858829,-0.24244440,0,0,0,0,0
1336,278125,-0.14806579,0.94653580,-0.84617997,-0.02274852,0.01647098,-0.25903675,0,0,0,0,0
1337,278333,-0.21731650,0.96839757,-0.81327253,-0.04976041,0.03268309,-0.25285943,0,0,0,0,0
1338,278541,-0.28736688,0.98373283,-0.75808877,-0.07550728,0.05359852,-0.25991025,0,0,0,0,0
1339,278750,-0.34604124,0.99577615,-0.71154919,-0.05073380,0.07619664,-0.22776182,0,0,0,0,0
1340,278958,-0.40379674,1.00827032,-0.66829592,-0.07724596,0.09227562,-0.20069128,0,0,0,0,0
1341,279166,-0.46626328,1.01173704,-0.61212756,-0.08240754,0.08894281,-0.21356191,0,0,0,0,0
1342,279375,-0.51961247,1.01371464,-0.56272142,-0.08990062,0.10113716,-0.18455110,0,0,0,0,0
1343,279583,-0.58024872,1.00936444,-0.49579889,-0.13279213,0.11822699,-0.17707463,0,0,0,0,0
1344,279791,-0.62676284,1.00286091,-0.44174531,-0.13665135,0.12619561,-0.18419199,0,0,0,0,0
1345,280000,-0.68820875,0.98953347,-0.37536507,-0.16762476,0.11900530,-0.15578697,0,0,0,0,0
1346,280208,-0.73742019,0.97122144,-0.30684583,-0.17115624,0.14859524,-0.14462483,0,0,0,0,0
1347,280416,-0.77981815,0.95609821,-0.26001193,-0.16172811,0.11909846,-0.12817112,0,0,0,0,0
1348,280625,-0.82670007,0.92959314,-0.19172339,-0.18732827,0.13479622,-0.13039337,0,0,0,0,0
1349,280833,-0.86425436,0.90850221,-0.12020859,-0.20376738,0.13549743,-0.11708078,0,0,0,0,0
1350,281041,-0.90638971,0.87913629,-0.04598645,-0.20400541,0.12859121,-0.10448131,0,0,0,0,0
1351,281250,-0.93023413,0.84881008,0.02040029,-0.23264927,0.12874799,-0.10640208,0,0,0,0,0
1352,281458,-0.95741927,0.81287801,0.07577923,-0.22247128,0.12621996,-0.08030225,0,0,0,0,0
1353,281666,-0.97724345,0.76372862,0.14712783,-0.22081401,0.12580722,-0.08716085,0,0,0,0,0
1354,281875,-1.00487164,0.72597604,0.21725605,-0.21534623,0.11832297,-0.04672721,0,0,0,0,0
1355,282083,-1.02345441,0.67009595,0.26825796,-0.23810049,0.13514173,-0.04632580,0,0,0,0,0
1356,282291,-1.03022973,0.62140181,0.34413211,-0.25342616,0.12591565,-0.00711441,0,0,0,0,0
1357,282500,-1.03290614,0.56749431,0.40285447,-0.23901029,0.12711106,0.00278489,0,0,0,0,0
1358,282708,-1.03629407,0.51308004,0.45089069,-0.25519213,0.12708490,0.02969582,0,0,0,0,0
1359,282916,-1.03752957,0.44252625,0.50933255,-0.25061351,0.11678816,0.02331138,0,0,0,0,0
1360,283125,-1.03042637,0.40098548,0.56444704,-0.26681702,0.11675464,0.07431709,0,0,0,0,0
1361,283333,-1.01494091,0.32861863,0.62672039,-0.26869881,0.11777594,0.07103888,0,0,0,0,0
1362,283541,-0.99942952,0.26621270,0.65264254,-0.27673634,0.12047743,0.08008087,0,0,0,0,0
1363,283750,-0.97872723,0.20705731,0.71645257,-0.29096180,0.10092517,0.11383344,0,0,0,0,0
1364,283958,-0.96950028,0.14115094,0.76140046,-0.28595731,0.12396596,0.13470644,0,0,0,0,0
1365,284166,-0.93481964,0.05910772,0.79098470,-0.29869468,0.09170256,0.13458782,0,0,0,0,0
1366,284375,-0.89756098,-0.00073372,0.82725539,-0.29145011,0.09227547,0.16413864,0,0,0,0,0
1367,284583,-0.86993866,-0.07825369,0.86758161,-0.28961957,0.09542393,0.18538230,0,0,0,0,0
1368,284791,-0.82804686,-0.13305503,0.89952039,-0.28890969,0.07302829,0.18424356,0,0,0,0,0
1369,285000,-0.79133287,-0.19594724,0.91558835,-0.28616150,0.06476554,0.17078041,0,0,0,0,0
1370,285208,-0.75524297,-0.27292794,0.94519665,-0.27865903,0.05277483,0.21607746,0,0,0,0,0
1371,285416,-0.70594485,-0.32376885,0.95244646,-0.27117076,0.05436489,0.21833395,0,0,0,0,0
1372,285625,-0.65171161,-0.39663590,0.96729956,-0.26733155,0.05918546,0.21263164,0,0,0,0,0
1373,285833,-0.60178252,-0.44956965,0.98530929,-0.26362020,0.02829836,0.23161412,0,0,0,0,0
1374,286041,-0.53601078,-0.51906005,0.99388448,-0.23397063,0.02003941,0.25361899,0,0,0,0,0
1375,286250,-0.48073599,-0.57403940,0.98309007,-0.23981160,0.00863792,0.25563090,0,0,0,0,0
1376,286458,-0.42106459,-0.62586049,0.98076006,-0.22598579,0.00024173,0.23392219,0,0,0,0,0
1377,286666,-0.36262504,-0.68193985,0.97618585,-0.20941996,0.01181616,0.27541829,0,0,0,0,0
1378,286875,-0.28780879,-0.72572373,0.96842316,-0.21013575,-0.01066262,0.26513047,0,0,0,0,0
1379,287083,-0.23522098,-0.77861734,0.94485192,-0.18314781,-0.02102173,0.26300443,0,0,0,0,0
1380,287291,-0.17378391,-0.82211654,0.93278384,-0.17361948,-0.03096969,0.29135076,0,0,0,0,0
1381,287500,-0.10624880,-0.85348646,0.90579303,-0.14743393,-0.03115701,0.28603349,0,0,0,0,0
1382,287708,-0.03211795,-0.88891459,0.87317031,-0.12491545,-0.04803893,0.28263265,0,0,0,0,0
1383,287916,0.02664138,-0.92498466,0.84077328,-0.12358896,-0.06235739,0.29112050,0,0,0,0,0
1384,288125,0.10063885,-0.94203315,0.80544267,-0.10019791,-0.06481212,0.28260153,0,0,0,0,0
1385,288333,0.16629255,-0.97615588,0.76635148,-0.09734460,-0.08021261,0.28442363,0,0,0,0,0
1386,288541,0.23467604,-0.99922024,0.72629138,-0.08594757,-0.07384568,0.28313651,0,0,0,0,0
1387,288750,0.29764467,-1.01532375,0.67320481,-0.05074319,-0.10311353,0.26182562,0,0,0,0,0
1388,288958,0.36337464,-1.02826422,0.62731697,-0.04075915,-0.10168718,0.23987216,0,0,0,0,0
1389,289166,0.42009632,-1.02510371,0.58142615,-0.02736934,-0.11145706,0.25943903,0,0,0,0,0
1390,289375,0.47587498,-1.03141886,0.52251582,-0.00730538,-0.11446210,0.25477157,0,0,0,0,0
1391,289583,0.54978234,-1.02869785,0.46440598,0.00765571,-0.14660690,0.24786585,0,0,0,0,0
1392,289791,0.58580238,-1.02510283,0.41149994,0.01842402,-0.14255805,0.24842009,0,0,0,0,0
1393,290000,0.64970163,-1.02393395,0.35061323,0.02490166,-0.14781789,0.23493012,0,0,0,0,0
1394,290208,0.70115595,-1.00215469,0.28887260,0.06143964,-0.12962260,0.22305346,0,0,0,0,0
1395,290416,0.72998459,-0.98348906,0.22305390,0.07665698,-0.12873069,0.22063282,0,0,0,0,0
1396,290625,0.78936686,-0.96418740,0.16327381,0.09451731,-0.11350471,0.21636504,0,0,0,0,0
1397,290833,0.82003717,-0.93240105,0.10124031,0.10253008,-0.12238471,0.21169377,0,0,0,0,0
1398,291041,0.86309413,-0.90950796,0.03134626,0.11910121,-0.13961466,0.21659545,0,0,0,0,0
1399,291250,0.90113653,-0.86918128,-0.02643309,0.13502019,-0.13113464,0.20617587,0,0,0,0,0
1400,291458,0.92521266,-0.84190613,-0.09648994,0.12923798,-0.11435468,0.18239833,0,0,0,0,0
1401,291666,0.95363664,-0.80474908,-0.15729326,0.15634034,-0.09312627,0.19098455,0,0,0,0,0
1402,291875,0.97865420,-0.76364671,-0.22334971,0.14283591,-0.09224973,0.16047366,0,0,0,0,0
1403,292083,0.99140939,-0.71072545,-0.28533034,0.16690549,-0.11073190,0.14541221,0,0,0,0,0
1404,292291,1.00813190,-0.66544476,-0.34652914,0.15810249,-0.08698473,0.13723817,0,0,0,0,0
1405,292500,1.01883842,-0.61633365,-0.40156784,0.19173767,-0.08327902,0.11917910,0,0,0,0,0
1406,292708,1.01873800,-0.54537292,-0.46264270,0.19488473,-0.07868325,0.11304419,0,0,0,0,0
1407,292916,1.01563081,-0.49990215,-0.51322781,0.19533218,-0.05179480,0.08164656,0,0,0,0,0
1408,293125,1.01622988,-0.43678235,-0.56333978,0.20911773,-0.05755837,0.05908985,0,0,0,0,0
1409,293333,1.00044330,-0.38477667,-0.60872818,0.22065957,-0.05810997,0.04581737,0,0,0,0,0
1410,293541,0.98520492,-0.31911415,-0.65787214,0.22951788,-0.04953308,0.02660931,0,0,0,0,0
1411,293750,0.97204760,-0.25419279,-0.70124452,0.22352720,-0.03548722,0.01949754,0,0,0,0,0
1412,293958,0.93935689,-0.18578745,-0.74321193,0.25378151,-0.01404828,-0.01589333,0,0,0,0,0
1413,294166,0.93014731,-0.12145972,-0.77969342,0.24557245,-0.00598671,0.01540926,0,0,0,0,0
1414,294375,0.89044245,-0.05495966,-0.82109306,0.27199345,-0.00249720,-0.02044208,0,0,0,0,0
1415,294583,0.85921794,0.01918938,-0.85698453,0.26597322,-0.00068371,-0.04826930,0,0,0,0,0
1416,294791,0.82829802,0.08402502,-0.87903653,0.26233033,0.00138201,-0.06531534,0,0,0,0,0
1417,295000,0.79754602,0.14991707,-0.90364417,0.25333840,0.03918925,-0.05058280,0,0,0,0,0
1418,295208,0.74534586,0.21525454,-0.91429251,0.26565056,0.04210623,-0.07920730,0,0,0,0,0
1419,295416,0.69726797,0.27492167,-0.94294074,0.27422005,0.03797918,-0.09378328,0,0,0,0,0
1420,295625,0.65108698,0.32989640,-0.95477358,0.27003331,0.05703911,-0.11337905,0,0,0,0,0
1421,295833,0.59267145,0.40417776,-0.95721410,0.26439304,0.08751492,-0.11018635,0,0,0,0,0
1422,296041,0.54646619,0.45350565,-0.97112793,0.25965334,0.06613008,-0.09514983,0,0,0,0,0
1423,296250,0.48851139,0.51161212,-0.96209640,0.26259194,0.09845218,-0.11541044,0,0,0,0,0
1424,296458,0.42365611,0.56430229,-0.96329889,0.25212877,0.09692605,-0.14601733,0,0,0,0,0
1425,296666,0.36904433,0.61253294,-0.95390295,0.24732436,0.11114720,-0.12824440,0,0,0,0,0
1426,296875,0.30462184,0.67220596,-0.93757702,0.24764741,0.12967573,-0.13997874,0,0,0,0,0
1427,297083,0.24902344,0.71376877,-0.92345842,0.20199439,0.13789283,-0.14239129,0,0,0,0,0
1428,297291,0.17767034,0.75764871,-0.89998575,0.18963971,0.13562603,-0.16654073,0,0,0,0,0
1429,297500,0.11571178,0.80170884,-0.86299185,0.18550932,0.14372209,-0.16346354,0,0,0,0,0
1430,297708,0.05463899,0.84211837,-0.84360431,0.18959701,0.17350555,-0.15343524,0,0,0,0,0
1431,297916,0.00217881,0.86639495,-0.80492986,0.15707184,0.17939050,-0.16029609,0,0,0,0,0
1432,298125,-0.07256293,0.90435475,-0.77188232,0.16118245,0.18366343,-0.17969630,0,0,0,0,0
1433,298333,-0.14168321,0.92532852,-0.72648908,0.15278344,0.20031149,-0.16066934,0,0,0,0,0
1434,298541,-0.19860578,0.94369070,-0.68920152,0.12990665,0.20266028,-0.17134919,0,0,0,0,0
1435,298750,-0.27445837,0.97327102,-0.63225074,0.11562505,0.24699975,-0.17696525,0,0,0,0,0
1436,298958,-0.32823668,0.97876159,-0.59385142,0.09234630,0.23282032,-0.17438015,0,0,0,0,0
1437,299166,-0.40076158,0.98436604,-0.53805692,0.11066590,0.23504103,-0.14655095,0,0,0,0,0
1438,299375,-0.44337633,0.98328495,-0.48032243,0.09310618,0.25994093,-0.15051920,0,0,0,0,0
1439,299583,-0.50871607,0.99084938,-0.42848305,0.08970546,0.24697796,-0.14371993,0,0,0,0,0
1440,299791,-0.56581263,0.99043507,-0.36093075,0.08832965,0.26039318,-0.14986426,0,0,0,0,0
1441,300000,-0.61232838,0.97222944,-0.30698425,0.02383533,0.26485566,-0.16274506,0,0,0,0,0
1442,300208,-0.65655686,0.96680538,-0.24126282,0.04658590,0.24903316,-0.15562077,0,0,0,0,0
1443,300416,-0.69991955,0.94721506,-0.17107276,0.01351412,0.26526881,-0.13628057,0,0,0,0,0
1444,300625,-0.75073378,0.92387391,-0.12044716,0.00967883,0.24716541,-0.14244628,0,0,0,0,0
1445,300833,-0.78376131,0.90487740,-0.04778277,-0.00158353,0.23018210,-0.12699578,0,0,0,0,0
1446,301041,-0.82509086,0.86773589,0.01197341,-0.01956550,0.24034036,-0.12389443,0,0,0,0,0
1447,301250,-0.86037713,0.84802393,0.08344476,-0.02877294,0.21304000,-0.09850833,0,0,0,0,0
1448,301458,-0.88678958,0.80037304,0.14529614,-0.02216496,0.21731214,-0.11937932,0,0,0,0,0
1449,301666,-0.91048535,0.77208771,0.20782517,-0.01134380,0.20933523,-0.11294946,0,0,0,0,0
1450,301875,-0.92931185,0.72756060,0.27615527,-0.06030450,0.22073815,-0.08887671,0,0,0,0,0
1451,302083,-0.94925084,0.69133531,0.33080885,-0.05699962,0.21223716,-0.08226764,0,0,0,0,0
1452,302291,-0.96630464,0.63239164,0.39403932,-0.06263706,0.20516694,-0.08545725,0,0,0,0,0
1453,302500,-0.96872652,0.58857159,0.45450581,-0.07497118,0.20456847,-0.06770379,0,0,0,0,0
1454,302708,-0.95525411,0.52239716,0.50659941,-0.08532167,0.18342777,-0.05373133,0,0,0,0,0
1455,302916,-0.96524499,0.47193648,0.56797656,-0.08299976,0.17551279,-0.03749757,0,0,0,0,0
1456,303125,-0.96128331,0.41911837,0.61001807,-0.08570536,0.17374143,-0.03446589,0,0,0,0,0
1457,303333,-0.94655484,0.36163273,0.66459644,-0.11534680,0.15608486,-0.01605966,0,0,0,0,0
1458,303541,-0.94249793,0.29813846,0.70724775,-0.11911764,0.14141929,0.00251447,0,0,0,0,0
1459,303750,-0.92445211,0.24022522,0.75523192,-0.12428553,0.14152623,0.01196359,0,0,0,0,0
1460,303958,-0.90378461,0.16857537,0.78892305,-0.13759278,0.11565789,0.04573854,0,0,0,0,0
1461,304166,-0.86630413,0.10259752,0.83856558,-0.14350953,0.10055976,0.03465651,0,0,0,0,0
1462,304375,-0.84885556,0.04540210,0.86503145,-0.15100531,0.10047858,0.06899866,0,0,0,0,0
1463,304583,-0.81919014,-0.03401871,0.90232424,-0.15370020,0.08364145,0.06429674,0,0,0,0,0
1464,304791,-0.77457725,-0.09550574,0.92133734,-0.14653832,0.06895775,0.07094389,0,0,0,0,0
1465,305000,-0.74924112,-0.15677604,0.95123183,-0.16004780,0.06703041,0.06184785,0,0,0,0,0
1466,305208,-0.69650559,-0.21591870,0.97161866,-0.16720530,0.03539619,0.09163219,0,0,0,0,0
1467,305416,-0.65431550,-0.28105459,0.99018528,-0.14385969,0.03708319,0.10578884,0,0,0,0,0
1468,305625,-0.60209863,-0.35272926,0.99641633,-0.14924535,0.00451053,0.09311697,0,0,0,0,0
1469,305833,-0.54447171,-0.40135520,1.00224043,-0.13992842,-0.00004323,0.10663956,0,0,0,0,0
1470,306041,-0.49855402,-0.45747366,1.00413842,-0.15691973,-0.02214624,0.09957157,0,0,0,0,0
1471,306250,-0.44200759,-0.50996686,1.00607513,-0.14406204,-0.02134340,0.11849424,0,0,0,0,0
1472,306458,-0.39043289,-0.56486666,0.99821383,-0.14289562,-0.04302579,0.11742002,0,0,0,0,0
1473,306666,-0.33038688,-0.61617814,0.98475165,-0.14153169,-0.03662346,0.11935052,0,0,0,0,0
1474,306875,-0.25532254,-0.67731527,0.97481605,-0.11663231,-0.06843248,0.14297669,0,0,0,0,0
1475,307083,-0.21163985,-0.71157196,0.96143141,-0.11203155,-0.08980192,0.08911388,0,0,0,0,0
1476,307291,-0.14358505,-0.76285059,0.93171738,-0.09114568,-0.11070678,0.12233219,0,0,0,0,0
1477,307500,-0.06552850,-0.79216837,0.89847970,-0.08153363,-0.12789517,0.12534248,0,0,0,0,0
1478,307708,-0.02254214,-0.83082573,0.87425398,-0.08408068,-0.15507782,0.14689627,0,0,0,0,0
1479,307916,0.04570791,-0.86055209,0.84191014,-0.05664423,-0.16058883,0.11047508,0,0,0,0,0
1480,308125,0.11365806,-0.88325511,0.80546570,-0.05589867,-0.16386834,0.12311676,0,0,0,0,0
1481,308333,0.17385945,-0.90965812,0.76082058,-0.04544172,-0.18799168,0.09289203,0,0,0,0,0
1482,308541,0.24492567,-0.93193161,0.72169591,-0.03461485,-0.20204218,0.09842583,0,0,0,0,0
1483,308750,0.29778133,-0.95529888,0.66263700,-0.02075452,-0.21657167,0.10768328,0,0,0,0,0
1484,308958,0.36374103,-0.94753810,0.61236624,-0.02388956,-0.19814936,0.08899236,0,0,0,0,0
1485,309166,0.41452044,-0.95826045,0.55860475,0.00714308,-0.23310836,0.10588087,0,0,0,0,0
1486,309375,0.48303136,-0.96055777,0.49986432,0.00141543,-0.24964218,0.07890156,0,0,0,0,0
1487,309583,0.53870731,-0.97391992,0.44919961,0.01098133,-0.25138048,0.07318210,0,0,0,0,0
1488,309791,0.58367852,-0.96161971,0.38454960,0.03028448,-0.26059584,0.06234936,0,0,0,0,0
1489,310000,0.64410274,-0.94727893,0.32679898,0.03643590,-0.26793242,0.04788464,0,0,0,0,0
1490,310208,0.68985292,-0.93359262,0.26249259,0.03340139,-0.27544292,0.07395179,0,0,0,0,0
1491,310416,0.72923680,-0.91513340,0.19418248,0.03942440,-0.27283110,0.07007986,0,0,0,0,0
1492,310625,0.77399604,-0.89631400,0.12785483,0.05623558,-0.28552691,0.04892988,0,0,0,0,0
1493,310833,0.80977615,-0.86117733,0.05561442,0.09152611,-0.27823607,0.03927161,0,0,0,0,0
1494,311041,0.84775077,-0.83520399,-0.00566931,0.06386898,-0.27362390,0.04269746,0,0,0,0,0
1495,311250,0.88929791,-0.79633909,-0.06728589,0.08222604,-0.25193724,0.03182563,0,0,0,0,0
1496,311458,0.90908654,-0.76671659,-0.14767661,0.10316542,-0.26384434,0.00959436,0,0,0,0,0
1497,311666,0.93523855,-0.72451995,-0.20557163,0.07665728,-0.25240464,0.00754654,0,0,0,0,0
1498,311875,0.94627078,-0.69459496,-0.26428828,0.08255183,-0.26900231,0.01412761,0,0,0,0,0
1499,312083,0.96861936,-0.63484611,-0.33424447,0.10115251,-0.25322569,-0.00418586,0,0,0,0,0
1500,312291,0.98104341,-0.60041889,-0.39125456,0.11274655,-0.24250497,-0.00965210,0,0,0,0,0
1501,312500,0.97486210,-0.54112268,-0.44978913,0.10601053,-0.24413219,-0.05075249,0,0,0,0,0
1502,312708,0.98787354,-0.49180781,-0.50261217,0.10885200,-0.25325673,-0.06921185,0,0,0,0,0
1503,312916,0.98274981,-0.42748048,-0.57385491,0.12007941,-0.25269279,-0.08007518,0,0,0,0,0
1504,313125,0.97257614,-0.37691259,-0.62797127,0.11901080,-0.23893872,-0.09093927,0,0,0,0,0
1505,313333,0.95457444,-0.31074850,-0.66832233,0.12958721,-0.24779741,-0.10423996,0,0,0,0,0
1506,313541,0.95053508,-0.25987141,-0.72418432,0.13049785,-0.22853426,-0.11258246,0,0,0,0,0
1507,313750,0.93398745,-0.18463487,-0.76199201,0.13014652,-0.20697380,-0.12199043,0,0,0,0,0
1508,313958,0.90804757,-0.12067013,-0.80383546,0.14401849,-0.20534819,-0.13506261,0,0,0,0,0
1509,314166,0.87480403,-0.05831599,-0.84137979,0.13846695,-0.19312860,-0.13436125,0,0,0,0,0
1510,314375,0.84551197,0.01687361,-0.88889071,0.13281737,-0.17496092,-0.15352013,0,0,0,0,0
1511,314583,0.81517802,0.08134336,-0.91456692,0.15734483,-0.15352485,-0.17836679,0,0,0,0,0
1512,314791,0.76522083,0.14410931,-0.94269812,0.15473632,-0.15296391,-0.16752340,0,0,0,0,0
1513,315000,0.73335418,0.20371573,-0.96588148,0.15699759,-0.13396262,-0.19211108,0,0,0,0,0
1514,315208,0.68661594,0.26117860,-0.98987062,0.15014995,-0.13536071,-0.19359178,0,0,0,0,0
1515,315416,0.64923300,0.33101375,-1.01768137,0.14680019,-0.11209949,-0.20354617,0,0,0,0,0
1516,315625,0.59045542,0.39229570,-1.02064945,0.14565317,-0.11098280,-0.20126574,0,0,0,0,0
1517,315833,0.54713224,0.44952833,-1.02968644,0.12601782,-0.08807767,-0.18296335,0,0,0,0,0
1518,316041,0.47654029,0.50297610,-1.03928659,0.10265520,-0.08888024,-0.21074896,0,0,0,0,0
1519,316250,0.43284885,0.56136770,-1.03983744,0.10857248,-0.05920833,-0.20627144,0,0,0,0,0
1520,316458,0.36331549,0.61718590,-1.02184534,0.10244666,-0.05278785,-0.22882945,0,0,0,0,0
1521,316666,0.31802172,0.66112164,-1.01938750,0.08988555,-0.04798997,-0.20432480,0,0,0,0,0
1522,316875,0.24273877,0.71923761,-1.01144664,0.07334531,-0.02825064,-0.21384648,0,0,0,0,0
1523,317083,0.17282999,0.75314914,-0.99176278,0.07180471,-0.00901677,-0.20980140,0,0,0,0,0
1524,317291,0.11590118,0.80504011,-0.96344545,0.05300871,-0.00080622,-0.21400371,0,0,0,0,0
1525,317500,0.05121941,0.83544671,-0.93809813,0.01279290,0.03069931,-0.22608344,0,0,0,0,0
1526,317708,-0.01540721,0.86362971,-0.90189763,0.04335461,0.03467166,-0.22753535,0,0,0,0,0
1527,317916,-0.08654849,0.90714507,-0.87669789,0.01237640,0.03720322,-0.19100806,0,0,0,0,0
1528,318125,-0.14215242,0.92926570,-0.84948244,-0.00340097,0.08098268,-0.19594124,0,0,0,0,0
1529,318333,-0.21139901,0.95027922,-0.79431877,0.00293205,0.07604767,-0.19777326,0,0,0,0,0
1530,318541,-0.26530487,0.96343397,-0.74721315,-0.02721821,0.09387669,-0.18054820,0,0,0,0,0
1531,318750,-0.32946274,0.98656184,-0.70522289,-0.03740341,0.10451742,-0.19054335,0,0,0,0,0
1532,318958,-0.39260524,0.99623994,-0.65229185,-0.05820461,0.09958991,-0.18421655,0,0,0,0,0
1533,319166,-0.45549004,1.00418243,-0.60501880,-0.05679316,0.12272385,-0.17058206,0,0,0,0,0
1534,319375,-0.51788544,1.00214467,-0.55133268,-0.06571429,0.14360544,-0.17233968,0,0,0,0,0
1535,319583,-0.57052119,0.99989650,-0.49487193,-0.07779632,0.16754967,-0.14741117,0,0,0,0,0
1536,319791,-0.61673925,0.98657862,-0.42582675,-0.12609609,0.16465719,-0.14093169,0,0,0,0,0
1537,320000,-0.67603967,0.97424008,-0.36817614,-0.12423394,0.16840455,-0.13636185,0,0,0,0,0
1538,320208,-0.72651879,0.96332276,-0.30392262,-0.12554507,0.16379790,-0.13394391,0,0,0,0,0
1539,320416,-0.76822393,0.94150648,-0.24049594,-0.13819936,0.17256495,-0.11370098,0,0,0,0,0
1540,320625,-0.81906967,0.92660330,-0.16607002,-0.16285831,0.18937653,-0.10839076,0,0,0,0,0
1541,320833,-0.85643913,0.90558006,-0.10429864,-0.14397284,0.17259959,-0.10146285,0,0,0,0,0
1542,321041,-0.88709229,0.87324440,-0.03942071,-0.17859343,0.16600709,-0.08755805,0,0,0,0,0
1543,321250,-0.92332182,0.83007504,0.02325579,-0.16670671,0.17188052,-0.07943623,0,0,0,0,0
1544,321458,-0.95246417,0.78861783,0.09115816,-0.17464709,0.16020527,-0.06213118,0,0,0,0,0
1545,321666,-0.97036783,0.75542245,0.16800061,-0.18424842,0.17083439,-0.05898160,0,0,0,0,0
1546,321875,-0.99041995,0.70968199,0.22001739,-0.19566214,0.18267049,-0.03204332,0,0,0,0,0
1547,322083,-1.00444927,0.65537733,0.28750847,-0.19079720,0.16198777,-0.01494469,0,0,0,0,0
1548,322291,-1.02107570,0.60153614,0.35408211,-0.21599314,0.17187344,-0.01054303,0,0,0,0,0
1549,322500,-1.02438747,0.55828300,0.40830147,-0.19817183,0.16111741,0.03360473,0,0,0,0,0
1550,322708,-1.02533277,0.51132593,0.45736752,-0.21115453,0.16027470,0.03654236,0,0,0,0,0
1551,322916,-1.01711858,0.44695602,0.51791209,-0.24050276,0.16336926,0.04123828,0,0,0,0,0
1552,323125,-1.01690293,0.38404638,0.57126619,-0.23830077,0.16888227,0.05346525,0,0,0,0,0
1553,323333,-0.99679496,0.32087094,0.62601381,-0.23157857,0.13494771,0.09535768,0,0,0,0,0
1554,323541,-0.98253199,0.25777165,0.67707123,-0.24056077,0.13609389,0.10737548,0,0,0,0,0
1555,323750,-0.97314478,0.19615603,0.73327601,-0.23125254,0.14411510,0.11923617,0,0,0,0,0
1556,323958,-0.94778413,0.13305906,0.75693968,-0.23319175,0.12748980,0.13098873,0,0,0,0,0
1557,324166,-0.91992986,0.06855614,0.81387085,-0.23201739,0.12778012,0.15938753,0,0,0,0,0
1558,324375,-0.88912099,0.00030023,0.84136387,-0.24287788,0.11628941,0.13946622,0,0,0,0,0
1559,324583,-0.85340686,-0.07037280,0.86906049,-0.24988512,0.09275780,0.17146543,0,0,0,0,0
1560,324791,-0.81925917,-0.14258369,0.90512653,-0.25377858,0.09822201,0.17172841,0,0,0,0,0
1561,325000,-0.77470676,-0.20108857,0.93068292,-0.24331124,0.08461188,0.19611828,0,0,0,0,0
1562,325208,-0.72539137,-0.27095012,0.96011118,-0.21722590,0.07592793,0.20741320,0,0,0,0,0
1563,325416,-0.68472417,-0.33407740,0.96621684,-0.23183440,0.08534366,0.20979822,0,0,0,0,0
1564,325625,-0.63105831,-0.39098020,0.98405478,-0.23539146,0.06463775,0.22887580,0,0,0,0,0
1565,325833,-0.57820501,-0.45542709,0.99617634,-0.22163877,0.06977690,0.26714170,0,0,0,0,0
1566,326041,-0.52370184,-0.51187315,1.00461149,-0.22044183,0.03230383,0.24574249,0,0,0,0,0
1567,326250,-0.47064300,-0.57091210,1.00361387,-0.21365094,0.03311476,0.25034365,0,0,0,0,0
1568,326458,-0.40909963,-0.61681781,1.00585858,-0.18262599,0.03225040,0.25477118,0,0,0,0,0
1569,326666,-0.34739764,-0.67370252,0.98791206,-0.18755982,0.01506323,0.25998094,0,0,0,0,0
1570,326875,-0.28315632,-0.72057214,0.97175651,-0.17448614,0.01860871,0.25355143,0,0,0,0,0
1571,327083,-0.21925815,-0.78288573,0.96421315,-0.15255771,-0.00672559,0.26049113,0,0,0,0,0
1572,327291,-0.14774469,-0.80668482,0.93380677,-0.10775406,-0.00828360,0.26419364,0,0,0,0,0
1573,327500,-0.09131119,-0.85032557,0.90893699,-0.12008713,-0.03968472,0.28393952,0,0,0,0,0
1574,327708,-0.02350734,-0.88249586,0.88695136,-0.09912476,-0.03586181,0.27773016,0,0,0,0,0
1575,327916,0.04261598,-0.92454383,0.84092052,-0.09251102,-0.05886105,0.26213033,0,0,0,0,0
1576,328125,0.11434527,-0.94700843,0.82074920,-0.09106844,-0.08452587,0.27510371,0,0,0,0,0
1577,328333,0.16118024,-0.97533421,0.78092083,-0.04906994,-0.08246073,0.24521723,0,0,0,0,0
1578,328541,0.24813559,-0.99263866,0.73214225,-0.03353106,-0.10220452,0.25527049,0,0,0,0,0
1579,328750,0.30922283,-1.00095722,0.69716917,-0.03067225,-0.11488665,0.25773382,0,0,0,0,0
1580,328958,0.36950245,-1.01793056,0.64004614,0.00299451,-0.11423371,0.27366231,0,0,0,0,0
1581,329166,0.42394794,-1.02576260,0.59517952,-0.02323646,-0.11337188,0.23388946,0,0,0,0,0
1582,329375,0.48605711,-1.03536263,0.53523863,0.01074326,-0.12346573,0.24844660,0,0,0,0,0
1583,329583,0.54668367,-1.02259908,0.47550016,0.02124621,-0.14834766,0.22149781,0,0,0,0,0
1584,329791,0.59943436,-1.02399340,0.42406602,0.05297545,-0.14322549,0.20890168,0,0,0,0,0
1585,330000,0.65701374,-1.01154859,0.35859772,0.05478511,-0.14024201,0.19430139,0,0,0,0,0
1586,330208,0.70033906,-0.99389220,0.28494896,0.06720284,-0.14843562,0.20874038,0,0,0,0,0
1587,330416,0.75502838,-0.97970893,0.23469096,0.09925147,-0.16024967,0.21835499,0,0,0,0,0
1588,330625,0.80410456,-0.94957432,0.16693128,0.09303105,-0.12525996,0.18496780,0,0,0,0,0
1589,330833,0.83647269,-0.93389489,0.10478661,0.12890226,-0.13894052,0.19065863,0,0,0,0,0
1590,331041,0.87704117,-0.89264199,0.03750684,0.11387930,-0.14411286,0.17332008,0,0,0,0,0
1591,331250,0.90743491,-0.87380343,-0.02602645,0.12607895,-0.13199846,0.15916891,0,0,0,0,0
1592,331458,0.93720238,-0.82317946,-0.09227735,0.14326912,-0.10112103,0.16791270,0,0,0,0,0
1593,331666,0.96967615,-0.79092767,-0.15573766,0.14914752,-0.13330795,0.15924975,0,0,0,0,0
1594,331875,0.97470611,-0.75041117,-0.21878178,0.16006982,-0.12932262,0.12367512,0,0,0,0,0
1595,332083,1.00472508,-0.68736031,-0.28206405,0.17030708,-0.10799955,0.12303617,0,0,0,0,0
1596,332291,1.00482413,-0.64654912,-0.34313599,0.20209872,-0.10798772,0.09888433,0,0,0,0,0
1597,332500,1.02900832,-0.59308233,-0.40980470,0.18815686,-0.09985443,0.07960522,0,0,0,0,0
1598,332708,1.01466960,-0.54739295,-0.45232104,0.20814270,-0.09914193,0.06512303,0,0,0,0,0
1599,332916,1.01915073,-0.48711872,-0.50810277,0.22279380,-0.11151016,0.04663806,0,0,0,0,0
1600,333125,1.02051529,-0.42290787,-0.56623274,0.21941623,-0.08115706,0.02729715,0,0,0,0,0
1601,333333,1.00754693,-0.37353363,-0.61839670,0.23407316,-0.07228709,0.01615451,0,0,0,0,0
1602,333541,0.98973197,-0.30679523,-0.66554273,0.23969988,-0.07686947,-0.01162128,0,0,0,0,0
1603,333750,0.97705295,-0.24136213,-0.70369510,0.24029194,-0.07391193,-0.02076079,0,0,0,0,0
1604,333958,0.94699308,-0.16747157,-0.75383863,0.24146173,-0.05305241,-0.03918060,0,0,0,0,0
1605,334166,0.92396279,-0.09792061,-0.78250380,0.25128508,-0.04178943,-0.07065461,0,0,0,0,0
1606,334375,0.89493831,-0.03704583,-0.82838329,0.25610411,-0.03015352,-0.06894505,0,0,0,0,0
1607,334583,0.86669743,0.02707002,-0.85708819,0.26042772,-0.04290056,-0.08227893,0,0,0,0,0
1608,334791,0.84103902,0.09265990,-0.88269492,0.25908210,-0.01667196,-0.08253128,0,0,0,0,0
1609,335000,0.79319460,0.16325617,-0.91237974,0.26813363,-0.00965307,-0.10728256,0,0,0,0,0
1610,335208,0.75194900,0.22690833,-0.93070142,0.27559804,0.00332157,-0.10822547,0,0,0,0,0
1611,335416,0.69536660,0.27799956,-0.96091669,0.26279868,-0.01189876,-0.13213849,0,0,0,0,0
1612,335625,0.65435243,0.35646005,-0.96175314,0.26127083,0.02375905,-0.14424834,0,0,0,0,0
1613,335833,0.58444521,0.41767766,-0.96203682,0.25678790,0.04310330,-0.14975073,0,0,0,0,0
1614,336041,0.53743293,0.47161202,-0.97348480,0.24332749,0.05245419,-0.15968135,0,0,0,0,0
1615,336250,0.48947341,0.53767561,-0.96422247,0.24403322,0.05334029,-0.16501117,0,0,0,0,0
1616,336458,0.42653092,0.58542718,-0.96079865,0.21789197,0.07267901,-0.17139558,0,0,0,0,0
1617,336666,0.36296890,0.64768569,-0.95896434,0.22363207,0.08428384,-0.17702711,0,0,0,0,0
1618,336875,0.30466338,0.68555833,-0.93614700,0.20000795,0.09488146,-0.17687117,0,0,0,0,0
1619,337083,0.24606760,0.73403511,-0.92677927,0.20587046,0.11986153,-0.19078454,0,0,0,0,0
1620,337291,0.17295762,0.77475195,-0.90650389,0.18961035,0.10929509,-0.19514806,0,0,0,0,0
1621,337500,0.12174546,0.82218072,-0.88244904,0.16807300,0.11506377,-0.16099364,0,0,0,0,0
1622,337708,0.04268771,0.85790882,-0.85114653,0.15758566,0.12864236,-0.19716584,0,0,0,0,0
1623,337916,-0.02265432,0.88439451,-0.81268374,0.13807079,0.14453870,-0.20576714,0,0,0,0,0
1624,338125,-0.08810089,0.91650097,-0.77364517,0.12295650,0.14501533,-0.18175525,0,0,0,0,0
1625,338333,-0.14347199,0.94903698,-0.74006118,0.12824200,0.17392473,-0.19470235,0,0,0,0,0
1626,338541,-0.21493645,0.95854242,-0.70199136,0.12017444,0.18144682,-0.18641150,0,0,0,0,0
1627,338750,-0.28500928,0.97823534,-0.65076104,0.11126412,0.18779597,-0.19100205,0,0,0,0,0
1628,338958,-0.33423825,0.98616824,-0.59832189,0.08448116,0.21119598,-0.18912522,0,0,0,0,0
1629,339166,-0.39799402,0.99857337,-0.54298729,0.09236062,0.19897242,-0.16008490,0,0,0,0,0
1630,339375,-0.45233978,1.00482702,-0.50049577,0.05515524,0.22009079,-0.17432084,0,0,0,0,0
1631,339583,-0.50830932,1.00405381,-0.44115603,0.05030341,0.22386327,-0.17248681,0,0,0,0,0
1632,339791,-0.56932938,1.00053468,-0.38300510,0.01965437,0.23476651,-0.15458322,0,0,0,0,0
1633,340000,-0.61809847,0.98324321,-0.32307073,0.02514296,0.20647017,-0.16596225,0,0,0,0,0
1634,340208,-0.66782749,0.97072978,-0.25810400,-0.00364943,0.24662156,-0.15071015,0,0,0,0,0
1635,340416,-0.72578718,0.95755573,-0.19600631,-0.01089442,0.21746993,-0.15362535,0,0,0,0,0
1636,340625,-0.76028206,0.93051972,-0.12012115,-0.04059726,0.23249923,-0.15694443,0,0,0,0,0
1637,340833,-0.80056260,0.91492247,-0.05880842,-0.02654648,0.20804438,-0.13774191,0,0,0,0,0
1638,341041,-0.83959146,0.88488830,0.00570476,-0.06240094,0.22086523,-0.12242798,0,0,0,0,0
1639,341250,-0.85907194,0.85838944,0.07294747,-0.04807442,0.19808399,-0.13493536,0,0,0,0,0
1640,341458,-0.90198992,0.81624467,0.13248392,-0.05639582,0.21535159,-0.14006209,0,0,0,0,0
1641,341666,-0.92531249,0.77631263,0.19811568,-0.07826741,0.17351852,-0.10859854,0,0,0,0,0
1642,341875,-0.94320721,0.72880567,0.26287987,-0.08275629,0.19324653,-0.11474178,0,0,0,0,0
1643,342083,-0.96553750,0.69505155,0.32113758,-0.09872547,0.18317632,-0.09063032,0,0,0,0,0
1644,342291,-0.96957267,0.64703221,0.37637894,-0.09938264,0.17327553,-0.08534954,0,0,0,0,0
1645,342500,-0.97396303,0.59607480,0.44412367,-0.11275362,0.17198759,-0.07024523,0,0,0,0,0
1646,342708,-0.98115310,0.53500379,0.49760737,-0.10773917,0.16495988,-0.03367126,0,0,0,0,0
1647,342916,-0.98143977,0.48054069,0.54389151,-0.12706925,0.15167922,-0.02811940,0,0,0,0,0
1648,343125,-0.97851459,0.42243994,0.60300266,-0.12951084,0.15652581,-0.02486124,0,0,0,0,0
1649,343333,-0.96259151,0.37058368,0.65421263,-0.14667633,0.15142107,-0.00864143,0,0,0,0,0
1650,343541,-0.94731169,0.29821689,0.69768578,-0.15287088,0.12538308,-0.00224513,0,0,0,0,0
1651,343750,-0.93699146,0.23367854,0.74604994,-0.15197670,0.11378124,0.02571293,0,0,0,0,0
1652,343958,-0.91722618,0.16688104,0.77043352,-0.15563652,0.09070946,0.02895021,0,0,0,0,0
1653,344166,-0.88584789,0.09582631,0.81662148,-0.17488217,0.07793812,0.03174514,0,0,0,0,0
1654,344375,-0.86114364,0.02949030,0.84813111,-0.19325495,0.08625793,0.04509150,0,0,0,0,0
1655,344583,-0.82257442,-0.02467040,0.88433763,-0.18104901,0.07134566,0.07478230,0,0,0,0,0
1656,344791,-0.78980223,-0.09356480,0.92132397,-0.17058348,0.04892075,0.08611248,0,0,0,0,0
1657,345000,-0.75349563,-0.16264813,0.94149004,-0.17901668,0.02426021,0.09318501,0,0,0,0,0
1658,345208,-0.70659973,-0.22057699,0.95623274,-0.17730556,0.01433047,0.08945158,0,0,0,0,0
1659,345416,-0.66192408,-0.28806657,0.97480802,-0.19714252,0.02587453,0.09139349,0,0,0,0,0
1660,345625,-0.61687456,-0.34203162,0.99441170,-0.19419403,0.00427590,0.10960431,0,0,0,0,0
1661,345833,-0.55671622,-0.41019092,0.99962427,-0.16756172,-0.01818896,0.11967890,0,0,0,0,0
1662,346041,-0.51294047,-0.46615625,0.99276000,-0.17423338,-0.03495278,0.09849932,0,0,0,0,0
1663,346250,-0.45159902,-0.51953545,0.99899043,-0.17932184,-0.04532415,0.12804007,0,0,0,0,0
1664,346458,-0.39480517,-0.57153786,0.98546643,-0.15440219,-0.06929677,0.12360077,0,0,0,0,0
1665,346666,-0.33548043,-0.62876114,0.98176467,-0.15907901,-0.07224503,0.13524819,0,0,0,0,0
1666,346875,-0.27692289,-0.66848013,0.96936582,-0.11877074,-0.09974874,0.12508697,0,0,0,0,0
1667,347083,-0.20380755,-0.71390518,0.93829362,-0.14712564,-0.09673905,0.15163158,0,0,0,0,0
1668,347291,-0.14526278,-0.75342828,0.92113821,-0.12469906,-0.09772068,0.14542818,0,0,0,0,0
1669,347500,-0.08181385,-0.79317903,0.90025431,-0.09479512,-0.13274568,0.12888919,0,0,0,0,0
1670,347708,-0.02234872,-0.83218451,0.87125390,-0.08941523,-0.14683590,0.16032049,0,0,0,0,0
1671,347916,0.04034686,-0.86444116,0.83049059,-0.08671152,-0.17646587,0.12708925,0,0,0,0,0
1672,348125,0.10725216,-0.89275402,0.78981385,-0.07627010,-0.16454608,0.14362470,0,0,0,0,0
1673,348333,0.16959523,-0.91582288,0.75279490,-0.06065000,-0.17701888,0.13140375,0,0,0,0,0
1674,348541,0.23381979,-0.93182421,0.70854650,-0.06721219,-0.20616933,0.12937688,0,0,0,0,0
1675,348750,0.30039971,-0.94916415,0.66834360,-0.06533103,-0.21233825,0.12729662,0,0,0,0,0
1676,348958,0.35611004,-0.96026879,0.60818436,-0.03794907,-0.22907317,0.12272691,0,0,0,0,0
1677,349166,0.41209734,-0.97213998,0.56376348,-0.03189249,-0.23096816,0.12222760,0,0,0,0,0
1678,349375,0.47713925,-0.96757884,0.49590897,-0.00361705,-0.25269173,0.09918764,0,0,0,0,0
1679,349583,0.53444281,-0.96778464,0.43732871,-0.02663899,-0.24244798,0.11194736,0,0,0,0,0
1680,349791,0.57099950,-0.96597970,0.38470882,0.00883673,-0.25350902,0.10283528,0,0,0,0,0
1681,350000,0.62704610,-0.95118306,0.32156575,0.00943701,-0.24736935,0.08630639,0,0,0,0,0
1682,350208,0.68862753,-0.94211387,0.26480663,0.02127068,-0.24620810,0.08615227,0,0,0,0,0
1683,350416,0.72970790,-0.91474367,0.18486211,0.06449255,-0.26232198,0.06389481,0,0,0,0,0
1684,350625,0.76896589,-0.90292671,0.12483416,0.06594334,-0.26380930,0.05264280,0,0,0,0,0
1685,350833,0.80740252,-0.88248918,0.05703977,0.06913903,-0.25847334,0.06882532,0,0,0,0,0
1686,351041,0.84448262,-0.84228288,-0.00123787,0.07358520,-0.26744085,0.07900311,0,0,0,0,0
1687,351250,0.87902416,-0.81754815,-0.07433757,0.07283696,-0.24730731,0.05865593,0,0,0,0,0
1688,351458,0.90407561,-0.77531992,-0.13852852,0.07743138,-0.24909532,0.05008865,0,0,0,0,0
1689,351666,0.92738010,-0.73047570,-0.20888564,0.07781396,-0.24013319,0.05325480,0,0,0,0,0
1690,351875,0.95660447,-0.69861386,-0.27838890,0.09716638,-0.24055719,0.03460599,0,0,0,0,0
1691,352083,0.96855881,-0.65001482,-0.33101347,0.10778835,-0.24931565,0.03383436,0,0,0,0,0
1692,352291,0.96685340,-0.59532431,-0.39659794,0.09964322,-0.24805546,0.00791132,0,0,0,0,0
1693,352500,0.97313788,-0.54787171,-0.45403595,0.10340750,-0.22125234,-0.00414323,0,0,0,0,0
1694,352708,0.99559235,-0.49889693,-0.50893626,0.09893253,-0.23568817,-0.02652862,0,0,0,0,0
1695,352916,0.97393766,-0.44543944,-0.55941747,0.11163077,-0.22864723,-0.04099401,0,0,0,0,0
1696,353125,0.96264711,-0.38752492,-0.61634308,0.14248168,-0.20484950,-0.04951572,0,0,0,0,0
1697,353333,0.96363669,-0.33366178,-0.66648841,0.10981081,-0.21057399,-0.07915105,0,0,0,0,0
1698,353541,0.94733966,-0.26639680,-0.71179580,0.12707120,-0.19275469,-0.07760509,0,0,0,0,0
1699,353750,0.92418371,-0.19535322,-0.76701715,0.15557224,-0.19198195,-0.10158642,0,0,0,0,0
1700,353958,0.90989822,-0.13674745,-0.79734865,0.15360430,-0.18007294,-0.09648141,0,0,0,0,0
1701,354166,0.87832378,-0.07230075,-0.85436511,0.15351929,-0.16636557,-0.13197829,0,0,0,0,0
1702,354375,0.84612815,-0.00988371,-0.87670970,0.15936351,-0.15020986,-0.12072406,0,0,0,0,0
1703,354583,0.80743722,0.06309335,-0.91441176,0.14771694,-0.12915550,-0.14404812,0,0,0,0,0
1704,354791,0.77563947,0.12678451,-0.93508460,0.15731265,-0.14488164,-0.15875025,0,0,0,0,0
1705,355000,0.73476077,0.19017325,-0.96263540,0.15446972,-0.10897927,-0.15523322,0,0,0,0,0
1706,355208,0.68805121,0.25562917,-0.98898581,0.14136592,-0.10115031,-0.14855972,0,0,0,0,0
1707,355416,0.64882631,0.32264426,-0.99879454,0.16561583,-0.09440281,-0.16023634,0,0,0,0,0
1708,355625,0.60101477,0.37539977,-1.00962102,0.16307024,-0.09472681,-0.19883867,0,0,0,0,0
1709,355833,0.54696942,0.43840929,-1.02718001,0.13157162,-0.08103547,-0.17540041,0,0,0,0,0
1710,356041,0.49266575,0.48350195,-1.02373907,0.14225992,-0.06453466,-0.18542737,0,0,0,0,0
1711,356250,0.42458299,0.54219079,-1.01799298,0.12977625,-0.04267269,-0.17471674,0,0,0,0,0
1712,356458,0.37418118,0.60834159,-1.02306473,0.12071929,-0.00908025,-0.20744221,0,0,0,0,0
1713,356666,0.31680168,0.65238283,-1.01291964,0.10402524,-0.00830872,-0.19297806,0,0,0,0,0
1714,356875,0.25465880,0.71280699,-0.99586780,0.08824808,-0.00967938,-0.19067450,0,0,0,0,0
1715,357083,0.18371901,0.73719751,-0.97325864,0.08920510,0.02084201,-0.19314240,0,0,0,0,0
1716,357291,0.12706871,0.79957670,-0.95069311,0.07874612,0.04332628,-0.20389978,0,0,0,0,0
1717,357500,0.04887320,0.81978549,-0.93283635,0.06354035,0.05783711,-0.19648961,0,0,0,0,0
1718,357708,0.00406501,0.86579892,-0.89677818,0.04884547,0.04702458,-0.20434470,0,0,0,0,0
1719,357916,-0.07443608,0.88888178,-0.85897983,0.04803577,0.07653620,-0.18730202,0,0,0,0,0
1720,358125,-0.12979489,0.92021548,-0.82517868,0.01362177,0.09601285,-0.18582004,0,0,0,0,0
1721,358333,-0.19959006,0.94816393,-0.79097158,0.01028172,0.10756976,-0.19369921,0,0,0,0,0
1722,358541,-0.25914903,0.95783121,-0.74607244,-0.00828511,0.11898955,-0.16905770,0,0,0,0,0
1723,358750,-0.32723182,0.97509238,-0.70204359,-0.00089537,0.12116042,-0.16834325,0,0,0,0,0
1724,358958,-0.38375354,0.97871393,-0.64184962,-0.02020379,0.15725727,-0.14999389,0,0,0,0,0
1725,359166,-0.44953705,0.99499986,-0.58956924,-0.03292981,0.16569778,-0.15383373,0,0,0,0,0
1726,359375,-0.50646035,0.98933181,-0.54072434,-0.04025456,0.17014516,-0.12983745,0,0,0,0,0
1727,359583,-0.56521189,0.98830733,-0.48644076,-0.03930542,0.17055454,-0.14679332,0,0,0,0,0
1728,359791,-0.62020165,0.98299707,-0.41283565,-0.05740430,0.18318318,-0.12966904,0,0,0,0,0
1729,360000,-0.65640444,0.97606639,-0.35072125,-0.09621123,0.18850627,-0.11763010,0,0,0,0,0
1730,360208,-0.71437199,0.95605454,-0.29450029,-0.07860260,0.17925845,-0.10885363,0,0,0,0,0
1731,360416,-0.75398515,0.93757351,-0.22050555,-0.09927945,0.19661306,-0.10172329,0,0,0,0,0
1732,360625,-0.81132254,0.92221348,-0.16266361,-0.11336237,0.20483973,-0.10388229,0,0,0,0,0
1733,360833,-0.83954058,0.89474829,-0.08955702,-0.12666534,0.21232394,-0.08126853,0,0,0,0,0
1734,361041,-0.87588380,0.85101721,-0.02874176,-0.12805842,0.20589626,-0.08418821,0,0,0,0,0
1735,361250,-0.91675872,0.82322453,0.03684517,-0.13864419,0.19798050,-0.08164114,0,0,0,0,0
1736,361458,-0.94130843,0.79132971,0.11043807,-0.15942656,0.18696653,-0.05631685,0,0,0,0,0
1737,361666,-0.95634581,0.75248114,0.17580203,-0.15603133,0.20435960,-0.04517974,0,0,0,0,0
1738,361875,-0.98330313,0.70853421,0.23259012,-0.16995323,0.18781720,-0.05997513,0,0,0,0,0
1739,362083,-0.99783595,0.66020646,0.30628178,-0.16020784,0.18840121,-0.01828127,0,0,0,0,0
1740,362291,-1.01137986,0.61773141,0.35601295,-0.15913776,0.17948822,-0.00544684,0,0,0,0,0
1741,362500,-1.01589976,0.55904272,0.42372951,-0.17968024,0.19225248,0.00817822,0,0,0,0,0
1742,362708,-1.02096728,0.50758615,0.48111986,-0.20052036,0.17007344,0.03715280,0,0,0,0,0
1743,362916,-1.01809344,0.43815207,0.53211704,-0.20704000,0.17456333,0.04268205,0,0,0,0,0
1744,363125,-1.00087908,0.38366322,0.57546818,-0.21432439,0.16439902,0.07208943,0,0,0,0,0
1745,363333,-0.99058146,0.32502038,0.63530352,-0.20027936,0.17622860,0.07414685,0,0,0,0,0
1746,363541,-0.98418352,0.26054760,0.68101451,-0.21440958,0.15803720,0.09801203,0,0,0,0,0
1747,363750,-0.95764219,0.19858942,0.74096531,-0.21064094,0.15166197,0.11029499,0,0,0,0,0
1748,363958,-0.94048407,0.13362243,0.76899642,-0.21537554,0.13004789,0.14032520,0,0,0,0,0
1749,364166,-0.91134061,0.05862789,0.81483351,-0.21875285,0.12671514,0.13364754,0,0,0,0,0
1750,364375,-0.88065873,0.00358437,0.85387721,-0.22209055,0.11024470,0.16118751,0,0,0,0,0
1751,364583,-0.83676366,-0.06945835,0.88487551,-0.21564053,0.11701622,0.15817118,0,0,0,0,0
1752,364791,-0.81011477,-0.12624217,0.91296214,-0.21728223,0.09210130,0.15939243,0,0,0,0,0
1753,365000,-0.76809126,-0.19273127,0.94351102,-0.22698941,0.09726442,0.17905484,0,0,0,0,0
1754,365208,-0.72055477,-0.26665049,0.96052698,-0.22190626,0.08645665,0.18987524,0,0,0,0,0
1755,365416,-0.67862388,-0.32683091,0.98402633,-0.20765416,0.05122657,0.19919639,0,0,0,0,0
1756,365625,-0.62492709,-0.39355824,0.99132968,-0.18387232,0.05370869,0.21230721,0,0,0,0,0
1757,365833,-0.57010703,-0.44883074,1.00594009,-0.19844610,0.04531557,0.23222327,0,0,0,0,0
1758,366041,-0.52173269,-0.50374561,1.01584064,-0.19157855,0.04915813,0.22867492,0,0,0,0,0
1759,366250,-0.46294078,-0.55545166,1.00849025,-0.17701758,0.04256477,0.24056640,0,0,0,0,0
1760,366458,-0.40144200,-0.62116486,0.99513306,-0.16229529,0.02995116,0.25247588,0,0,0,0,0
1761,366666,-0.33852579,-0.68305452,0.98954477,-0.15935201,0.01256028,0.23710372,0,0,0,0,0
1762,366875,-0.27687530,-0.72090396,0.98166876,-0.11406183,-0.00866059,0.24087089,0,0,0,0,0
1763,367083,-0.20364287,-0.76682553,0.96455981,-0.10617977,-0.00739259,0.24469773,0,0,0,0,0
1764,367291,-0.15192130,-0.80455107,0.94418225,-0.10779009,-0.03179322,0.22038905,0,0,0,0,0
1765,367500,-0.08103472,-0.84710209,0.91692271,-0.10860973,-0.03600191,0.24538725,0,0,0,0,0
1766,367708,-0.01829739,-0.87883018,0.89055005,-0.10698626,-0.04990373,0.22981058,0,0,0,0,0
1767,367916,0.05084529,-0.91369424,0.85733666,-0.08185461,-0.06087908,0.23028815,0,0,0,0,0
1768,368125,0.11482707,-0.93751332,0.82424486,-0.05930912,-0.05668713,0.25062736,0,0,0,0,0
1769,368333,0.17735148,-0.96272386,0.78894589,-0.03857163,-0.09307004,0.23585688,0,0,0,0,0
1770,368541,0.25084196,-0.98331028,0.75001716,-0.04208590,-0.10312499,0.21953861,0,0,0,0,0
1771,368750,0.30741694,-1.00190147,0.69793399,-0.02073321,-0.10248026,0.24138452,0,0,0,0,0
1772,368958,0.38080873,-1.01364104,0.63798674,-0.00285487,-0.12027235,0.21157831,0,0,0,0,0
1773,369166,0.43376346,-1.01810383,0.58949565,0.00321591,-0.13648049,0.22464562,0,0,0,0,0
1774,369375,0.49022722,-1.01286332,0.53231074,0.02115988,-0.14354842,0.20334263,0,0,0,0,0
1775,369583,0.56036172,-1.02177907,0.48363377,0.03649805,-0.16671956,0.19483610,0,0,0,0,0
1776,369791,0.60107091,-1.01930472,0.41731088,0.04249451,-0.14984625,0.20699218,0,0,0,0,0
1777,370000,0.67222541,-1.00191823,0.36163641,0.07031142,-0.15366932,0.17512981,0,0,0,0,0
1778,370208,0.70682552,-0.98262466,0.29437415,0.08091430,-0.14347631,0.16876385,0,0,0,0,0
1779,370416,0.76098322,-0.97279046,0.24024569,0.09409390,-0.17592995,0.16899322,0,0,0,0,0
1780,370625,0.80178199,-0.94323993,0.17223059,0.10486975,-0.16295794,0.16825564,0,0,0,0,0
1781,370833,0.84741781,-0.91919722,0.09551399,0.11728187,-0.15633807,0.16961007,0,0,0,0,0
1782,371041,0.88248299,-0.90026149,0.04401219,0.11847358,-0.15742382,0.15210851,0,0,0,0,0
1783,371250,0.91309255,-0.84892197,-0.02355227,0.13983483,-0.15245439,0.14458012,0,0,0,0,0
1784,371458,0.94387375,-0.81561271,-0.09942185,0.14857098,-0.15871698,0.13134523,0,0,0,0,0
1785,371666,0.96244894,-0.77530863,-0.16730517,0.16506415,-0.13499446,0.13006517,0,0,0,0,0
1786,371875,0.99187975,-0.73598400,-0.22423611,0.16309347,-0.13444781,0.10251599,0,0,0,0,0
1787,372083,0.99607384,-0.68430313,-0.27782124,0.16541877,-0.14009065,0.08475765,0,0,0,0,0
1788,372291,1.00986111,-0.65417292,-0.34399777,0.18812629,-0.14458711,0.06267904,0,0,0,0,0
1789,372500,1.01297795,-0.58465350,-0.39881407,0.18257132,-0.11833800,0.04970972,0,0,0,0,0
1790,372708,1.01909584,-0.53594955,-0.45961641,0.18941469,-0.12476993,0.02714659,0,0,0,0,0
1791,372916,1.01911955,-0.47209058,-0.52072934,0.21083777,-0.11753346,0.01786568,0,0,0,0,0
1792,373125,1.01873906,-0.42598642,-0.56872976,0.19783338,-0.12258900,-0.00484516,0,0,0,0,0
1793,373333,0.99615084,-0.35150501,-0.61760546,0.22045256,-0.12215361,-0.00701878,0,0,0,0,0
1794,373541,0.98937522,-0.29665952,-0.66425077,0.22988249,-0.09674503,-0.02776480,0,0,0,0,0
1795,373750,0.97397821,-0.22188948,-0.72002074,0.22932198,-0.07707495,-0.03994812,0,0,0,0,0
1796,373958,0.94363655,-0.16971825,-0.75162863,0.23553240,-0.07851199,-0.06251575,0,0,0,0,0
1797,374166,0.91850899,-0.09369277,-0.79856073,0.23123039,-0.07371936,-0.08641352,0,0,0,0,0
1798,374375,0.89727710,-0.02693114,-0.83298953,0.23862872,-0.04990372,-0.08624956,0,0,0,0,0
1799,374583,0.86529807,0.03397787,-0.86195513,0.24735691,-0.05008837,-0.10160890,0,0,0,0,0
1800,374791,0.82196937,0.09794852,-0.88511067,0.24679800,-0.05490960,-0.11576647,0,0,0,0,0
1801,375000,0.78171731,0.17304385,-0.92048336,0.25361080,-0.01931385,-0.13481779,0,0,0,0,0
1802,375208,0.74959065,0.24012086,-0.93181443,0.26314587,-0.02852034,-0.13865720,0,0,0,0,0
1803,375416,0.68875792,0.29608517,-0.95884734,0.24551413,-0.01245820,-0.14803105,0,0,0,0,0
1804,375625,0.63842277,0.37134165,-0.96063504,0.25276759,0.01021613,-0.16156506,0,0,0,0,0
1805,375833,0.59914135,0.42306012,-0.97448529,0.23040926,0.01137033,-0.15349282,0,0,0,0,0
1806,376041,0.54603232,0.48006123,-0.98664202,0.23219164,0.01129451,-0.19190995,0,0,0,0,0
1807,376250,0.48813056,0.54990396,-0.97758878,0.21857471,0.02173734,-0.18894729,0,0,0,0,0
1808,376458,0.43110142,0.59573078,-0.97358771,0.20299553,0.04030107,-0.17286644,0,0,0,0,0
1809,376666,0.35330715,0.64046981,-0.97732184,0.21731527,0.05916376,-0.19883861,0,0,0,0,0
1810,376875,0.29883830,0.68755524,-0.94996498,0.19574116,0.05023334,-0.20860433,0,0,0,0,0
1811,377083,0.24239166,0.74186036,-0.92719116,0.17848065,0.07598461,-0.19680022,0,0,0,0,0
1812,377291,0.16862237,0.78466996,-0.91941206,0.16534377,0.08656646,-0.19620969,0,0,0,0,0
1813,377500,0.10197691,0.82245154,-0.89393904,0.16446394,0.11456912,-0.20399262,0,0,0,0,0
1814,377708,0.03834823,0.85046863,-0.86033103,0.13752065,0.08948550,-0.18575380,0,0,0,0,0
1815,377916,-0.02764216,0.88598539,-0.82192658,0.15512261,0.13130241,-0.22922190,0,0,0,0,0
1816,378125,-0.09189327,0.92219990,-0.79533098,0.09981074,0.13139700,-0.21513852,0,0,0,0,0
1817,378333,-0.15113648,0.93996878,-0.75410987,0.08719703,0.13736336,-0.20014219,0,0,0,0,0
1818,378541,-0.21264656,0.95145835,-0.69992525,0.08530038,0.16154991,-0.20211325,0,0,0,0,0
1819,378750,-0.28064836,0.98939160,-0.65958229,0.08441860,0.15318232,-0.20131215,0,0,0,0,0
1820,378958,-0.34272430,0.99967578,-0.60827738,0.06110332,0.17914412,-0.19656390,0,0,0,0,0
1821,379166,-0.40875743,0.99546445,-0.55814734,0.04838008,0.19446541,-0.20407815,0,0,0,0,0
1822,379375,-0.47413182,1.01006682,-0.50467943,0.04269072,0.18938936,-0.20075337,0,0,0,0,0
1823,379583,-0.51853742,1.00491560,-0.44264003,0.01476081,0.20461622,-0.16925175,0,0,0,0,0
1824,379791,-0.56601052,0.99988366,-0.38365141,0.00996027,0.19153268,-0.16737427,0,0,0,0,0
1825,380000,-0.62502526,0.99622255,-0.32382035,0.00476704,0.20145378,-0.17149744,0,0,0,0,0
1826,380208,-0.67347686,0.98408909,-0.27241296,-0.01537232,0.21136749,-0.13622242,0,0,0,0,0
1827,380416,-0.72333090,0.97072693,-0.20456684,-0.04855257,0.21225332,-0.16262027,0,0,0,0,0
1828,380625,-0.77566863,0.92812379,-0.13696615,-0.05260510,0.20847719,-0.14383422,0,0,0,0,0
1829,380833,-0.81278469,0.90670093,-0.07946608,-0.05171662,0.19860245,-0.15135923,0,0,0,0,0
1830,381041,-0.84891360,0.88935356,-0.01291789,-0.09073480,0.19541338,-0.13566359,0,0,0,0,0
1831,381250,-0.88035520,0.85369688,0.05472403,-0.07613841,0.17359050,-0.13600080,0,0,0,0,0
1832,381458,-0.90558637,0.81879317,0.12353849,-0.08574130,0.18262077,-0.12948821,0,0,0,0,0
1833,381666,-0.94371624,0.77723429,0.18805137,-0.10456791,0.17951940,-0.10310707,0,0,0,0,0
1834,381875,-0.96012985,0.73178193,0.24836156,-0.11268008,0.16122924,-0.09524571,0,0,0,0,0
1835,382083,-0.96486078,0.68018197,0.31564342,-0.12275779,0.16138235,-0.11201859,0,0,0,0,0
1836,382291,-0.97905976,0.63854045,0.37067377,-0.12881408,0.15170158,-0.07862581,0,0,0,0,0
1837,382500,-0.99827745,0.59110370,0.42554454,-0.13623119,0.17799301,-0.07451925,0,0,0,0,0
1838,382708,-0.98412692,0.54391170,0.48670057,-0.13763692,0.15441547,-0.04247042,0,0,0,0,0
1839,382916,-0.98644761,0.48889331,0.54362106,-0.14228973,0.14272335,-0.02541442,0,0,0,0,0
1840,383125,-0.97468712,0.42386530,0.59622999,-0.15344522,0.14331441,-0.01849660,0,0,0,0,0
1841,383333,-0.98016687,0.36096184,0.63791147,-0.16992241,0.12550025,0.00017173,0,0,0,0,0
1842,383541,-0.95760934,0.29122750,0.69019533,-0.16860458,0.13149556,0.01411431,0,0,0,0,0
1843,383750,-0.94745000,0.24375674,0.73035965,-0.17397677,0.10985873,0.01006174,0,0,0,0,0
1844,383958,-0.92244382,0.16486966,0.77646825,-0.18099709,0.09406218,0.04171226,0,0,0,0,0
1845,384166,-0.89127832,0.09332944,0.81372332,-0.20108408,0.08736089,0.04818761,0,0,0,0,0
1846,384375,-0.87398378,0.03899046,0.84239540,-0.19954686,0.07737871,0.07133714,0,0,0,0,0
1847,384583,-0.83828195,-0.02051268,0.88032716,-0.19395424,0.06619892,0.09024394,0,0,0,0,0
1848,384791,-0.79215916,-0.09094398,0.91254013,-0.19519774,0.03523546,0.09756398,0,0,0,0,0
1849,385000,-0.76407385,-0.16004368,0.93435369,-0.20724941,0.04166444,0.09411212,0,0,0,0,0
1850,385208,-0.71637218,-0.21413451,0.95505223,-0.20124573,0.02369138,0.10112425,0,0,0,0,0
1851,385416,-0.67452324,-0.29053255,0.96688647,-0.19750314,0.01206881,0.10598703,0,0,0,0,0
1852,385625,-0.61778339,-0.34850253,0.98345173,-0.19508408,0.02257884,0.12512930,0,0,0,0,0
1853,385833,-0.56901250,-0.40620313,0.97850687,-0.21447260,0.00215244,0.11950699,0,0,0,0,0
1854,386041,-0.51553748,-0.46349721,1.00855464,-0.19953966,-0.01923017,0.13692702,0,0,0,0,0
1855,386250,-0.46342663,-0.51394412,0.99121689,-0.17573069,-0.02256575,0.13792110,0,0,0,0,0
1856,386458,-0.40555630,-0.58217975,0.98433353,-0.17004778,-0.02656479,0.12897374,0,0,0,0,0
1857,386666,-0.34131715,-0.63034921,0.97952298,-0.17744815,-0.06628183,0.14777443,0,0,0,0,0
1858,386875,-0.28067774,-0.67178104,0.96556053,-0.15186707,-0.07159053,0.15492795,0,0,0,0,0
1859,387083,-0.21135967,-0.72215234,0.94420006,-0.13634878,-0.06962697,0.17442212,0,0,0,0,0
1860,387291,-0.16050658,-0.76161987,0.93056878,-0.14241469,-0.10333866,0.14825465,0,0,0,0,0
1861,387500,-0.09478321,-0.79612547,0.89539578,-0.12656511,-0.11381024,0.15694650,0,0,0,0,0
1862,387708,-0.03183089,-0.84016224,0.86392299,-0.10950406,-0.12350850,0.16817388,0,0,0,0,0
1863,387916,0.04086206,-0.87553391,0.82651515,-0.09587417,-0.13044343,0.14788686,0,0,0,0,0
1864,388125,0.09485805,-0.89444035,0.79513787,-0.08847703,-0.14376547,0.17064868,0,0,0,0,0
1865,388333,0.17092428,-0.92377938,0.74617620,-0.06840008,-0.14594215,0.16742714,0,0,0,0,0
1866,388541,0.23081882,-0.93763819,0.70912187,-0.05657046,-0.18401778,0.15802566,0,0,0,0,0
1867,388750,0.28999271,-0.95683816,0.65508509,-0.06294800,-0.20568356,0.14309801,0,0,0,0,0
1868,388958,0.35085260,-0.96443413,0.61568569,-0.04187377,-0.19843095,0.14498367,0,0,0,0,0
1869,389166,0.41199389,-0.97826852,0.55285184,-0.01950411,-0.22968732,0.13599723,0,0,0,0,0
1870,389375,0.47541881,-0.98027623,0.50265841,-0.03532532,-0.22217496,0.12098036,0,0,0,0,0
1871,389583,0.53874167,-0.98572644,0.45277967,0.00117847,-0.24152838,0.10793745,0,0,0,0,0
1872,389791,0.58347960,-0.97307835,0.38082096,0.00883592,-0.24192986,0.11518252,0,0,0,0,0
1873,390000,0.62832999,-0.96110901,0.31723533,0.00566369,-0.25502772,0.10717617,0,0,0,0,0
1874,390208,0.68225054,-0.95287336,0.25310985,0.04705570,-0.25380118,0.12276295,0,0,0,0,0
1875,390416,0.73120548,-0.93480534,0.18991055,0.03885634,-0.24411960,0.09548823,0,0,0,0,0
1876,390625,0.76842735,-0.91322184,0.12505947,0.05509982,-0.24017741,0.10946564,0,0,0,0,0
1877,390833,0.80451072,-0.88584105,0.06104486,0.06272021,-0.25585772,0.10203517,0,0,0,0,0
1878,391041,0.84077008,-0.85446063,-0.01405910,0.07393395,-0.23001858,0.07985266,0,0,0,0,0
1879,391250,0.87618125,-0.81461367,-0.07246300,0.08161895,-0.24286487,0.07925486,0,0,0,0,0
1880,391458,0.90638049,-0.78720096,-0.13691501,0.09014551,-0.21725093,0.07092828,0,0,0,0,0
1881,391666,0.92995644,-0.75502762,-0.20393018,0.09877110,-0.23358116,0.05988028,0,0,0,0,0
1882,391875,0.94722878,-0.71555707,-0.28662048,0.09797016,-0.21714776,0.05364697,0,0,0,0,0
1883,392083,0.96465123,-0.67568299,-0.33969199,0.10349982,-0.20661026,0.03682740,0,0,0,0,0
1884,392291,0.97292020,-0.61389005,-0.38063158,0.10833319,-0.22709252,0.01057546,0,0,0,0,0
1885,392500,0.98933042,-0.55890720,-0.45592303,0.10577260,-0.20034753,-0.00102001,0,0,0,0,0
1886,392708,0.98192796,-0.51168706,-0.50336052,0.11608359,-0.20578235,0.00231309,0,0,0,0,0
1887,392916,0.98180110,-0.45541069,-0.55881664,0.12495086,-0.20133236,-0.03586857,0,0,0,0,0
1888,393125,0.96364756,-0.40507316,-0.62146463,0.14180721,-0.19809382,-0.01967030,0,0,0,0,0
1889,393333,0.95677392,-0.33568791,-0.66636611,0.13837373,-0.17247148,-0.05887780,0,0,0,0,0
1890,393541,0.93870455,-0.26331492,-0.71423761,0.15069613,-0.16625672,-0.05803069,0,0,0,0,0
1891,393750,0.92776564,-0.20697744,-0.75006396,0.14354972,-0.16427439,-0.07551196,0,0,0,0,0
1892,393958,0.90540293,-0.14883453,-0.80283807,0.17288266,-0.14177321,-0.06639371,0,0,0,0,0
1893,394166,0.88232461,-0.08457641,-0.83546495,0.17035421,-0.12083085,-0.10165005,0,0,0,0,0
1894,394375,0.84252343,-0.01047961,-0.87162720,0.15680592,-0.12316854,-0.12398937,0,0,0,0,0
1895,394583,0.81444882,0.05841641,-0.89768433,0.15002257,-0.12081319,-0.12843646,0,0,0,0,0
1896,394791,0.77612837,0.11990566,-0.93554440,0.17384220,-0.10434648,-0.13177468,0,0,0,0,0
1897,395000,0.73494268,0.18740415,-0.96070337,0.16153738,-0.09810032,-0.14750890,0,0,0,0,0
1898,395208,0.70247095,0.25344564,-0.98161922,0.14984961,-0.09334765,-0.15630624,0,0,0,0,0
1899,395416,0.66128815,0.30950694,-0.98216487,0.16370352,-0.07029230,-0.16263187,0,0,0,0,0
1900,395625,0.61165923,0.36983458,-1.00179350,0.16088569,-0.04708102,-0.15218871,0,0,0,0,0
1901,395833,0.55735123,0.42789823,-1.01143846,0.14540633,-0.03094030,-0.18635844,0,0,0,0,0
1902,396041,0.49896830,0.48696261,-1.01099050,0.16160532,-0.03160626,-0.16322426,0,0,0,0,0
1903,396250,0.44830356,0.55800265,-1.00919652,0.15326999,-0.02669943,-0.17571432,0,0,0,0,0
1904,396458,0.38144740,0.59998264,-1.01774661,0.13099967,-0.01342158,-0.17578573,0,0,0,0,0
1905,396666,0.32214874,0.64440178,-1.00787526,0.12459382,-0.00471192,-0.17856051,0,0,0,0,0
1906,396875,0.25880481,0.68827142,-0.98850524,0.11426433,0.03526873,-0.18806922,0,0,0,0,0
1907,397083,0.20196679,0.73701561,-0.97549931,0.10026056,0.04724909,-0.18753173,0,0,0,0,0
1908,397291,0.12345350,0.78456898,-0.94838193,0.08244591,0.05675869,-0.19955396,0,0,0,0,0
1909,397500,0.07568787,0.82532287,-0.91746766,0.05960760,0.07865882,-0.19464331,0,0,0,0,0
1910,397708,-0.00480707,0.85584079,-0.87572164,0.05971740,0.06777559,-0.18570196,0,0,0,0,0
1911,397916,-0.05565332,0.88871889,-0.85431407,0.03942261,0.10899787,-0.16429881,0,0,0,0,0
1912,398125,-0.12083571,0.91680037,-0.82747457,0.03328680,0.10242666,-0.19887524,0,0,0,0,0
1913,398333,-0.19327616,0.93067804,-0.77498727,0.01407059,0.13637785,-0.16930741,0,0,0,0,0
1914,398541,-0.25700742,0.95470747,-0.72775052,0.01639542,0.14098790,-0.17396943,0,0,0,0,0
1915,398750,-0.32218275,0.96071987,-0.68922918,0.00067285,0.15972284,-0.14516098,0,0,0,0,0
1916,398958,-0.37589731,0.96957257,-0.63434549,0.00990619,0.16552904,-0.14232197,0,0,0,0,0
1917,399166,-0.43528262,0.98757927,-0.58873262,-0.02290028,0.17892738,-0.15340205,0,0,0,0,0
1918,399375,-0.50051802,0.98404471,-0.52699856,-0.01775842,0.19064390,-0.13297500,0,0,0,0,0
1919,399583,-0.54906197,0.98213693,-0.46973466,-0.03889826,0.20389823,-0.13491397,0,0,0,0,0
1920,399791,-0.60590312,0.97848460,-0.41233222,-0.03677116,0.18824014,-0.10907826,0,0,0,0,0
1921,400000,-0.66021926,0.96869891,-0.34589545,-0.05779056,0.20279169,-0.11098669,0,1,0,0,0
1922,400208,-0.71404367,0.94987780,-0.29114347,-0.08101854,0.20685666,-0.11277988,0,1,0,0,0
1923,400416,-0.75661833,0.93718218,-0.20881299,-0.08898684,0.22273988,-0.10317788,0,1,0,0,0
1924,400625,-0.79854209,0.91517751,-0.14924472,-0.10573604,0.20367652,-0.10633843,0,1,0,0,0
1925,400833,-0.83524791,0.88266841,-0.08966831,-0.10229430,0.19668902,-0.10160050,0,1,0,0,0
1926,401041,-0.87110107,0.85946609,-0.01937123,-0.11659416,0.20476771,-0.08176717,0,1,0,0,0
1927,401250,-0.89837365,0.82668340,0.04336522,-0.12500015,0.18606584,-0.08150699,0,1,0,0,0
1928,401458,-0.92966526,0.78275314,0.11470995,-0.13684382,0.20142938,-0.08434191,0,1,0,0,0
1929,401666,-0.94703898,0.74308687,0.17838678,-0.14237019,0.19253488,-0.05071380,0,1,0,0,0
1930,401875,-0.97160043,0.70256687,0.24402133,-0.14114274,0.19443081,-0.03099210,0,1,0,0,0
1931,402083,-0.97673408,0.65623565,0.31171472,-0.13841412,0.19601403,-0.03217677,0,1,0,0,0
1932,402291,-0.98894120,0.60295151,0.37074132,-0.17081155,0.18513831,-0.02452117,0,1,0,0,0
1933,402500,-1.00576638,0.56256409,0.42425668,-0.16307625,0.18809357,-0.00248172,0,1,0,0,0
1934,402708,-0.99125371,0.50445385,0.48026250,-0.16544869,0.18831811,0.02911034,0,1,0,0,0
1935,402916,-0.99891502,0.45231254,0.54038770,-0.17817990,0.18254105,0.03858756,0,1,0,0,0
1936,403125,-0.99719100,0.38872157,0.59068322,-0.18680359,0.18186407,0.05902709,0,1,0,0,0
1937,403333,-0.96735581,0.32373125,0.64757300,-0.16241340,0.18049467,0.07639700,0,1,0,0,0
1938,403541,-0.97365605,0.27734805,0.69239427,-0.19476338,0.16501187,0.10374695,0,1,0,0,0
1939,403750,-0.95282203,0.19603411,0.74249200,-0.22278826,0.14421762,0.09526731,0,1,0,0,0
1940,403958,-0.92770909,0.13951476,0.79605985,-0.17155818,0.16115258,0.11962417,0,1,0,0,0
1941,404166,-0.89298503,0.06173916,0.82101136,-0.20487675,0.14811790,0.14463942,0,1,0,0,0
1942,404375,-0.87363987,0.00421528,0.86322846,-0.21264822,0.12162920,0.14237991,0,1,0,0,0
1943,404583,-0.83724332,-0.06154409,0.90113930,-0.20514031,0.11646639,0.14810553,0,1,0,0,0
1944,404791,-0.79521726,-0.14219432,0.91332127,-0.19451675,0.09696092,0.15118785,0,1,0,0,0
1945,405000,-0.76947088,-0.19833404,0.93800933,-0.18202626,0.11195372,0.16247793,0,1,0,0,0
1946,405208,-0.71456688,-0.26901919,0.95819649,-0.18853283,0.08668936,0.19029104,0,1,0,0,0
1947,405416,-0.67380743,-0.31522048,0.98476531,-0.18815104,0.07926392,0.18416693,0,1,0,0,0
1948,405625,-0.61832908,-0.39940096,1.00765387,-0.19611880,0.06616790,0.19242457,0,1,0,0,0
1949,405833,-0.56865102,-0.44548489,1.01042245,-0.17326874,0.06175458,0.20298392,0,1,0,0,0
1950,406041,-0.50641627,-0.50388808,1.01378264,-0.17067581,0.05703619,0.21096764,0,1,0,0,0
1951,406250,-0.44480330,-0.55118459,1.02006770,-0.16719945,0.02760490,0.21556922,0,1,0,0,0
1952,406458,-0.38434143,-0.61299856,0.99208611,-0.14216029,0.02898055,0.20614638,0,1,0,0,0
1953,406666,-0.32677105,-0.66209024,0.99682922,-0.14686661,-0.00756369,0.21576908,0,1,0,0,0
1954,406875,-0.26203283,-0.71498105,0.98035626,-0.11778072,-0.00604278,0.21203117,0,1,0,0,0
1955,407083,-0.21206234,-0.75633245,0.96853510,-0.10462397,-0.01085606,0.21550421,0,1,0,0,0
1956,407291,-0.13948997,-0.80670848,0.95009382,-0.09650894,-0.02968157,0.23514032,0,1,0,0,0
1957,407500,-0.08093667,-0.84466610,0.92197457,-0.11032928,-0.06119784,0.23311886,0,1,0,0,0
1958,407708,-0.01091662,-0.87416323,0.89371488,-0.06857758,-0.05030091,0.21592992,0,1,0,0,0
1959,407916,0.05234667,-0.91642991,0.86155880,-0.04676351,-0.07599620,0.23514175,0,1,0,0,0
1960,408125,0.12216887,-0.92935853,0.82299683,-0.05995114,-0.07115999,0.21439366,0,1,0,0,0
1961,408333,0.18260986,-0.95303090,0.78667489,-0.01294084,-0.09178128,0.22540466,0,1,0,0,0
1962,408541,0.25584706,-0.98486528,0.73708156,-0.04456914,-0.10614901,0.20009395,0,1,0,0,0
1963,408750,0.31939985,-0.98998586,0.69642145,-0.01212167,-0.11583640,0.19931925,0,1,0,0,0
1964,408958,0.37236438,-1.00711239,0.64319995,0.00230090,-0.12882659,0.18578372,0,1,0,0,0
1965,409166,0.43978390,-1.01176760,0.58065095,0.01178734,-0.15019690,0.20102081,0,1,0,0,0
1966,409375,0.49730281,-1.01443748,0.53371918,0.02910792,-0.16086859,0.19030541,0,1,0,0,0
1967,409583,0.55452328,-1.00787916,0.47160784,0.03502516,-0.15704774,0.17226650,0,1,0,0,0
1968,409791,0.61282411,-1.00089372,0.41715126,0.04874648,-0.15557019,0.17421952,0,1,0,0,0
1969,410000,0.66419111,-0.99024693,0.35592391,0.06602230,-0.16494716,0.16496245,0,1,0,0,0
1970,410208,0.71708112,-0.98188068,0.27958654,0.06086639,-0.17292319,0.16236933,0,1,0,0,0
1971,410416,0.75350513,-0.96312264,0.22313328,0.08768609,-0.16749777,0.14455218,0,1,0,0,0
1972,410625,0.79812172,-0.93737324,0.16591679,0.10604040,-0.17999121,0.15671750,0,1,0,0,0
1973,410833,0.84465793,-0.91176600,0.09217631,0.12310718,-0.14989200,0.13252185,0,1,0,0,0
1974,411041,0.87934760,-0.88637488,0.03184949,0.15105199,-0.17693689,0.13747706,0,1,0,0,0
1975,411250,0.90705781,-0.85554217,-0.04147353,0.13763935,-0.16493642,0.12761256,0,1,0,0,0
1976,411458,0.93621692,-0.81363029,-0.10893552,0.13105037,-0.14525755,0.09761895,0,1,0,0,0
1977,411666,0.96312368,-0.76374369,-0.16586630,0.14384189,-0.15825915,0.10440933,0,1,0,0,0
1978,411875,0.97973740,-0.72848462,-0.22234880,0.15513225,-0.15599220,0.09410567,0,1,0,0,0
1979,412083,0.99857439,-0.68759003,-0.28604497,0.18312820,-0.15265963,0.06753377,0,1,0,0,0
1980,412291,1.00112506,-0.63413313,-0.35131378,0.17427934,-0.14632763,0.06683858,0,1,0,0,0
1981,412500,1.02195090,-0.58021245,-0.41158158,0.18294292,-0.14417345,0.02931118,0,1,0,0,0
1982,412708,1.01935696,-0.52606769,-0.46073234,0.18026887,-0.15089341,0.02989488,0,1,0,0,0
1983,412916,1.01871946,-0.47594388,-0.51445493,0.19104943,-0.14601349,-0.00168844,0,1,0,0,0
1984,413125,1.00409219,-0.40792243,-0.56986868,0.20378651,-0.12596986,-0.03340123,0,1,0,0,0
1985,413333,0.99023726,-0.35068746,-0.63205035,0.20927976,-0.11741223,-0.03149907,0,1,0,0,0
1986,413541,0.98484603,-0.29357282,-0.66507972,0.20734954,-0.09484407,-0.03757807,0,1,0,0,0
1987,413750,0.95959787,-0.22105162,-0.71200519,0.22157687,-0.08775706,-0.07112141,0,1,0,0,0
1988,413958,0.94487164,-0.15075472,-0.76275713,0.23092282,-0.09751003,-0.06480134,0,1,0,0,0
1989,414166,0.91471464,-0.08544066,-0.80455222,0.23433564,-0.08215793,-0.09868045,0,1,0,0,0
1990,414375,0.89462551,-0.01604862,-0.84354864,0.23686319,-0.08007043,-0.09838232,0,1,0,0,0
1991,414583,0.85928320,0.04537678,-0.86099571,0.25038085,-0.06752104,-0.12346500,0,1,0,0,0
1992,414791,0.80859218,0.11226957,-0.90503447,0.23943101,-0.06518602,-0.13463720,0,1,0,0,0
1993,415000,0.78806461,0.18059167,-0.92018211,0.24274508,-0.04406391,-0.13555447,0,1,0,0,0
1994,415208,0.73665182,0.23530035,-0.94384241,0.24561797,-0.04309230,-0.15041794,0,1,0,0,0
1995,415416,0.68957448,0.30568146,-0.96448541,0.23731882,-0.01692677,-0.16406313,0,1,0,0,0
1996,415625,0.63242643,0.36930776,-0.98419690,0.22691653,-0.03385627,-0.17119094,0,1,0,0,0
1997,415833,0.59109817,0.43008346,-0.98804013,0.22626512,-0.00852953,-0.17547816,0,1,0,0,0
1998,416041,0.52869212,0.48494525,-0.99019816,0.20944019,-0.00485681,-0.19155599,0,1,0,0,0
1999,416250,0.47447886,0.54168148,-0.98469361,0.22039635,0.00774727,-0.19729796,0,1,0,0,0
2000,416458,0.40737673,0.59871321,-0.98831594,0.18159688,0.04043302,-0.18946398,0,1,0,0,0
2001,416666,0.36650155,0.64263953,-0.97139277,0.19766624,0.03919264,-0.20417177,0,1,0,0,0
2002,416875,0.28834539,0.69799694,-0.95693510,0.16148565,0.04733632,-0.21413095,0,1,0,0,0
2003,417083,0.22699510,0.75146191,-0.93917889,0.17233347,0.06018846,-0.20007687,0,1,0,0,0
2004,417291,0.16654063,0.78863620,-0.93314004,0.14376774,0.06585133,-0.20358193,0,1,0,0,0
2005,417500,0.09422794,0.83365053,-0.88487257,0.12341442,0.08229328,-0.20773871,0,1,0,0,0
2006,417708,0.02683424,0.86669477,-0.86799668,0.12271222,0.08729752,-0.19829087,0,1,0,0,0
2007,417916,-0.03351394,0.89788991,-0.83113598,0.10720300,0.08834717,-0.20723830,0,1,0,0,0
2008,418125,-0.10272137,0.91914497,-0.79797176,0.09287341,0.09255916,-0.21641125,0,1,0,0,0
2009,418333,-0.15743828,0.94504787,-0.75550817,0.07005155,0.11644483,-0.20488085,0,1,0,0,0
2010,418541,-0.23032928,0.97383802,-0.72231671,0.06636682,0.15565332,-0.21822567,0,1,0,0,0
2011,418750,-0.28288042,0.97561865,-0.67236532,0.04419472,0.17263117,-0.20809966,0,1,0,0,0
2012,418958,-0.35508779,0.99588710,-0.62059624,0.04749228,0.15485297,-0.18919312,0,1,0,0,0
2013,419166,-0.40552732,1.00318560,-0.56724915,0.04200768,0.16390400,-0.18156234,0,1,0,0,0
2014,419375,-0.47047441,1.01288184,-0.51422939,0.03509997,0.18847569,-0.18581489,0,1,0,0,0
2015,419583,-0.53002140,1.01413475,-0.45852299,0.01795397,0.18709508,-0.16802447,0,1,0,0,0
2016,419791,-0.58186859,1.01344825,-0.39856693,-0.00912164,0.18526417,-0.16406652,0,1,0,0,0
2017,420000,-0.63608114,0.99389869,-0.33413621,-0.01943190,0.20503730,-0.14819946,0,1,0,0,0
2018,420208,-0.68577050,0.98390930,-0.27247755,-0.01289244,0.19559713,-0.15346112,0,1,0,0,0
2019,420416,-0.73800411,0.96382436,-0.20707242,-0.05248145,0.20692696,-0.15514938,0,1,0,0,0
2020,420625,-0.77318755,0.94363442,-0.14654239,-0.08181579,0.19412343,-0.13532962,0,1,0,0,0
2021,420833,-0.81672059,0.92188618,-0.07850923,-0.07252385,0.18304680,-0.14334745,0,1,0,0,0
2022,421041,-0.85704069,0.88617748,-0.00910495,-0.08578125,0.18826455,-0.12606910,0,1,0,0,0
2023,421250,-0.89180225,0.85794785,0.04826457,-0.10720662,0.18644983,-0.12024826,0,1,0,0,0
2024,421458,-0.92140736,0.81945549,0.11666593,-0.11131567,0.17326443,-0.13427323,0,1,0,0,0
2025,421666,-0.94087892,0.77292353,0.17924149,-0.12008545,0.16718558,-0.11755596,0,1,0,0,0
2026,421875,-0.96096990,0.73050655,0.24564961,-0.10501312,0.16370296,-0.08858928,0,1,0,0,0
2027,422083,-0.97487669,0.68799717,0.29560814,-0.12959037,0.15949409,-0.09823855,0,1,0,0,0
2028,422291,-0.99677186,0.63967387,0.36440902,-0.13468042,0.17542161,-0.06363865,0,1,0,0,0
2029,422500,-0.99127473,0.58958696,0.42085641,-0.14316639,0.16030738,-0.06588365,0,1,0,0,0
2030,422708,-0.99225073,0.53045751,0.47786498,-0.16080287,0.14721027,-0.04260321,0,1,0,0,0
2031,422916,-0.98676052,0.48306570,0.54953023,-0.16995226,0.14545554,-0.01164195,0,1,0,0,0
2032,423125,-0.99390756,0.42557930,0.58923838,-0.16476741,0.14924773,-0.00669368,0,1,0,0,0
2033,423333,-0.97752820,0.36889591,0.64449663,-0.18172164,0.13443313,0.00784529,0,1,0,0,0
2034,423541,-0.97422262,0.29865707,0.67809164,-0.20010205,0.10335911,0.00747071,0,1,0,0,0
2035,423750,-0.94000906,0.23353618,0.72311614,-0.18893084,0.10360374,0.02443977,0,1,0,0,0
2036,423958,-0.92805178,0.16846364,0.76788584,-0.19364087,0.09392255,0.06622129,0,1,0,0,0
2037,424166,-0.90202165,0.10046222,0.81239447,-0.20207617,0.08917530,0.03966733,0,1,0,0,0
2038,424375,-0.87322719,0.03347875,0.85441241,-0.21743927,0.06677183,0.07288105,0,1,0,0,0
2039,424583,-0.84498685,-0.03057577,0.87453857,-0.20303426,0.06970100,0.09022735,0,1,0,0,0
2040,424791,-0.81172938,-0.09145977,0.90426446,-0.21529065,0.07145689,0.10393168,0,1,0,0,0
2041,425000,-0.77167000,-0.16025011,0.92400425,-0.21211732,0.06116075,0.11242254,0,1,0,0,0
2042,425208,-0.73399464,-0.22615416,0.94249367,-0.22831569,0.02678006,0.12306285,0,1,0,0,0
2043,425416,-0.67505257,-0.28695562,0.96942131,-0.20970195,0.02854796,0.11987948,0,1,0,0,0
2044,425625,-0.62918599,-0.35253841,0.97389207,-0.19300504,0.01012972,0.13025947,0,1,0,0,0
2045,425833,-0.57465452,-0.41450436,0.98752390,-0.20542571,-0.00969423,0.11803706,0,1,0,0,0
2046,426041,-0.51540390,-0.46821733,0.99438746,-0.19729960,-0.01005567,0.15276718,0,1,0,0,0
2047,426250,-0.46924611,-0.53022902,0.98653432,-0.18415934,-0.03156518,0.16572809,0,1,0,0,0
2048,426458,-0.41423929,-0.57704302,0.98391943,-0.19180206,-0.01113310,0.15576973,0,1,0,0,0
2049,426666,-0.33839327,-0.64221955,0.97480310,-0.16477351,-0.05012219,0.15833380,0,1,0,0,0
2050,426875,-0.28737893,-0.67359987,0.96027596,-0.17804696,-0.05847906,0.16302827,0,1,0,0,0
2051,427083,-0.23221822,-0.72898227,0.94861332,-0.15196879,-0.07899623,0.17625334,0,1,0,0,0
2052,427291,-0.16238292,-0.76845710,0.92223377,-0.13344509,-0.09174368,0.15735246,0,1,0,0,0
2053,427500,-0.10237722,-0.81396769,0.89421926,-0.11040729,-0.10785755,0.18109270,0,1,0,0,0
2054,427708,-0.02613076,-0.83698385,0.85850218,-0.10791986,-0.11280831,0.16382725,0,1,0,0,0
2055,427916,0.04120792,-0.87971415,0.82341328,-0.11368328,-0.15083602,0.17071535,0,1,0,0,0
2056,428125,0.09790446,-0.90675867,0.78566364,-0.08912760,-0.12351634,0.16310675,0,1,0,0,0
2057,428333,0.16478930,-0.92599606,0.74560912,-0.08316742,-0.17447350,0.16345614,0,1,0,0,0
2058,428541,0.21845993,-0.95482962,0.71237355,-0.06428366,-0.16291540,0.17502071,0,1,0,0,0
2059,428750,0.29019198,-0.96290723,0.65911255,-0.05416469,-0.16086656,0.15086641,0,1,0,0,0
2060,428958,0.33968194,-0.97709359,0.60409549,-0.05414361,-0.20840562,0.16932034,0,1,0,0,0
2061,429166,0.40405680,-0.98634708,0.55427933,-0.03437655,-0.20156301,0.16601833,0,1,0,0,0
2062,429375,0.47152674,-0.98074791,0.50597448,-0.02217789,-0.19924027,0.14957855,0,1,0,0,0
2063,429583,0.52880650,-0.98257801,0.44853440,-0.00161571,-0.22712023,0.12418605,0,1,0,0,0
2064,429791,0.58366885,-0.97906372,0.38478302,0.01913407,-0.22504828,0.13149164,0,1,0,0,0
2065,430000,0.64029663,-0.97752544,0.32308864,0.00624478,-0.23994949,0.12864793,0,1,0,0,0
2066,430208,0.67956058,-0.95915451,0.25751254,0.02187263,-0.22748488,0.11819584,0,1,0,0,0
2067,430416,0.72031447,-0.94545267,0.18577551,0.04442736,-0.25278114,0.12136923,0,1,0,0,0
2068,430625,0.76321565,-0.91472076,0.13059912,0.04502556,-0.23107360,0.11424819,0,1,0,0,0
2069,430833,0.81334071,-0.89272387,0.06193026,0.06465099,-0.22707158,0.10484260,0,1,0,0,0
2070,431041,0.84290542,-0.86394659,0.00153158,0.08328207,-0.21701213,0.11800823,0,1,0,0,0
2071,431250,0.87818876,-0.83021239,-0.07474768,0.08724392,-0.22148521,0.07560232,0,1,0,0,0
2072,431458,0.91004283,-0.79777186,-0.13825428,0.09997901,-0.19671771,0.08835621,0,1,0,0,0
2073,431666,0.93901156,-0.74957615,-0.19730759,0.07811018,-0.19881339,0.08544180,0,1,0,0,0
2074,431875,0.95353677,-0.71949265,-0.25754440,0.11361079,-0.21340802,0.09115437,0,1,0,0,0
2075,432083,0.96054877,-0.66735286,-0.32163534,0.09339086,-0.20469623,0.04412056,0,1,0,0,0
2076,432291,0.96957043,-0.62356269,-0.37854366,0.10730896,-0.18578051,0.03143164,0,1,0,0,0
2077,432500,0.98494311,-0.57845220,-0.44313352,0.11165633,-0.18090886,0.02909230,0,1,0,0,0
2078,432708,0.98785174,-0.51647513,-0.50122369,0.13533576,-0.19349736,0.00875739,0,1,0,0,0
2079,432916,0.97578869,-0.45515622,-0.54906387,0.13035098,-0.18370818,-0.01480884,0,1,0,0,0
2080,433125,0.97087674,-0.40204148,-0.59937151,0.13579912,-0.16751592,-0.02496222,0,1,0,0,0
2081,433333,0.96730350,-0.34134456,-0.65437041,0.13980710,-0.15830001,-0.04133612,0,1,0,0,0
2082,433541,0.95378028,-0.27730603,-0.70291885,0.15444440,-0.15309742,-0.04747697,0,1,0,0,0
2083,433750,0.93027960,-0.20757625,-0.75128400,0.17325390,-0.14288885,-0.08410196,0,1,0,0,0
2084,433958,0.90420185,-0.15086692,-0.79567381,0.18233786,-0.15169454,-0.08997233,0,1,0,0,0
2085,434166,0.88623367,-0.08216813,-0.83163137,0.16131435,-0.11414287,-0.09559830,0,1,0,0,0
2086,434375,0.85885979,-0.01606300,-0.88086101,0.16333344,-0.10999150,-0.10836223,0,1,0,0,0
2087,434583,0.81594817,0.04742938,-0.90939365,0.17506741,-0.09835134,-0.12382750,0,1,0,0,0
2088,434791,0.78686247,0.10542576,-0.92083584,0.19790510,-0.07670443,-0.12532105,0,1,0,0,0
2089,435000,0.75232972,0.18107691,-0.95024418,0.19642213,-0.06818377,-0.12582730,0,1,0,0,0
2090,435208,0.71482473,0.23861770,-0.97233876,0.18800542,-0.05362262,-0.13693857,0,1,0,0,0
2091,435416,0.65690924,0.31060746,-0.97891884,0.18898859,-0.05433112,-0.13941539,0,1,0,0,0
2092,435625,0.60881068,0.36984902,-0.99706645,0.17642465,-0.03404575,-0.13845856,0,1,0,0,0
2093,435833,0.55733949,0.42224221,-1.01084834,0.16973057,-0.03969746,-0.16240712,0,1,0,0,0
2094,436041,0.49695785,0.47732284,-1.01350381,0.17975572,-0.03995049,-0.17938414,0,1,0,0,0
2095,436250,0.44678428,0.54073379,-1.01226891,0.17157638,-0.00260557,-0.16429415,0,1,0,0,0
2096,436458,0.38391985,0.59818917,-1.00875781,0.13934095,0.01707137,-0.18371738,0,1,0,0,0
2097,436666,0.32690743,0.64475077,-0.99211558,0.13963275,0.00925141,-0.19364307,0,1,0,0,0
2098,436875,0.26813356,0.68860675,-0.98075588,0.13218192,0.01691123,-0.18392855,0,1,0,0,0
2099,437083,0.20263164,0.72858162,-0.96556270,0.11193057,0.04823173,-0.17363335,0,1,0,0,0
2100,437291,0.13544933,0.76913174,-0.94615607,0.09027802,0.06343990,-0.18499626,0,1,0,0,0
2101,437500,0.06263155,0.81112698,-0.90474208,0.08123841,0.07582992,-0.19887527,0,1,0,0,0
2102,437708,0.01134086,0.85730736,-0.89383520,0.06538332,0.09235407,-0.16067319,0,1,0,0,0
2103,437916,-0.05781862,0.87995124,-0.85539058,0.06927424,0.12221569,-0.17869557,0,1,0,0,0
2104,438125,-0.12239574,0.90967981,-0.81401688,0.05327373,0.10555433,-0.16755039,0,1,0,0,0
2105,438333,-0.18815886,0.95017849,-0.77495118,0.05240151,0.14902933,-0.16743642,0,1,0,0,0
2106,438541,-0.25027199,0.95392910,-0.73461683,0.02848658,0.14978825,-0.16582352,0,1,0,0,0
2107,438750,-0.31054090,0.96240262,-0.67887901,0.00601257,0.15959946,-0.16601560,0,1,0,0,0
2108,438958,-0.37122436,0.97781669,-0.62566480,0.01210684,0.17171120,-0.16301061,0,1,0,0,0
2109,439166,-0.42809136,0.98717728,-0.57643148,-0.02207189,0.18577791,-0.14434065,0,1,0,0,0
2110,439375,-0.48565486,0.98668226,-0.51943520,-0.00883864,0.19235779,-0.12244998,0,1,0,0,0
2111,439583,-0.54609456,0.98573090,-0.45560832,-0.02737223,0.18628761,-0.12866168,0,1,0,0,0
2112,439791,-0.60060303,0.98586255,-0.40201143,-0.01647343,0.20994209,-0.12945366,0,1,0,0,0
2113,440000,-0.65147327,0.97069422,-0.34924623,-0.06001621,0.20468237,-0.11530045,0,1,0,0,0
2114,440208,-0.70061051,0.94364747,-0.27118584,-0.05893861,0.22415369,-0.11321572,0,1,0,0,0
2115,440416,-0.73788311,0.93047851,-0.20792744,-0.09318829,0.20544938,-0.08976390,0,1,0,0,0
2116,440625,-0.79543907,0.91471858,-0.15974331,-0.08632136,0.20769036,-0.10715084,0,1,0,0,0
2117,440833,-0.82652755,0.88815753,-0.07819306,-0.10415349,0.22176040,-0.09612468,0,1,0,0,0
2118,441041,-0.86993400,0.85722372,-0.00822560,-0.10587941,0.21078559,-0.09704039,0,1,0,0,0
2119,441250,-0.89206243,0.82405876,0.05494641,-0.12112608,0.21304918,-0.08508116,0,1,0,0,0
2120,441458,-0.92215882,0.79492109,0.11620443,-0.12341881,0.19892099,-0.06659660,0,1,0,0,0
2121,441666,-0.94125311,0.74478228,0.19478925,-0.14504669,0.20896154,-0.07060672,0,1,0,0,0
2122,441875,-0.96223544,0.70934652,0.24999929,-0.12696507,0.21695491,-0.04684333,0,1,0,0,0
2123,442083,-0.97638660,0.65592179,0.30909011,-0.14367296,0.21263143,-0.03151106,0,1,0,0,0
2124,442291,-0.99999168,0.61314415,0.38033019,-0.12918796,0.20897867,-0.02327310,0,1,0,0,0
2125,442500,-0.99826860,0.55616827,0.42222428,-0.14903694,0.17648255,-0.01435370,0,1,0,0,0
2126,442708,-1.00267878,0.51892978,0.48014900,-0.13624564,0.18264286,0.00033707,0,1,0,0,0
2127,442916,-0.99393937,0.44714347,0.54242078,-0.16185532,0.16670505,0.05518521,0,1,0,0,0
2128,443125,-0.99294948,0.38995212,0.60702781,-0.16609677,0.19761185,0.05795638,0,1,0,0,0
2129,443333,-0.96806155,0.32399972,0.64154657,-0.17415144,0.17938138,0.06048666,0,1,0,0,0
2130,443541,-0.95724307,0.26474545,0.69960406,-0.17312751,0.16095535,0.08014158,0,1,0,0,0
2131,443750,-0.94256523,0.20047744,0.74705042,-0.18238321,0.15341279,0.08999012,0,1,0,0,0
2132,443958,-0.91291716,0.14215201,0.78978316,-0.18974352,0.13554576,0.09190386,0,1,0,0,0
2133,444166,-0.89894823,0.05601194,0.84080220,-0.21110706,0.13241812,0.11474717,0,1,0,0,0
2134,444375,-0.87115844,-0.00114688,0.86200881,-0.18954243,0.11816452,0.13084441,0,1,0,0,0
2135,444583,-0.83048414,-0.07066536,0.89979498,-0.19896667,0.11639304,0.15185635,0,1,0,0,0
2136,444791,-0.79535133,-0.12131705,0.92556750,-0.20828352,0.10584967,0.15747699,0,1,0,0,0
2137,445000,-0.76176425,-0.19091970,0.94844703,-0.18248122,0.09479372,0.15121539,0,1,0,0,0
2138,445208,-0.70861125,-0.25621321,0.96624545,-0.20978173,0.06785161,0.15403845,0,1,0,0,0
2139,445416,-0.66628742,-0.32429916,0.98604941,-0.18549640,0.06085399,0.17265731,0,1,0,0,0
2140,445625,-0.61751988,-0.38823458,1.01004627,-0.17923727,0.06970278,0.18515943,0,1,0,0,0
2141,445833,-0.56333455,-0.44263040,1.01307999,-0.18520442,0.04501587,0.20696650,0,1,0,0,0
2142,446041,-0.50762192,-0.49816992,1.00510734,-0.16687875,0.02934353,0.21307898,0,1,0,0,0
2143,446250,-0.46358769,-0.55425078,1.01538501,-0.17354256,0.01887394,0.22346067,0,1,0,0,0
2144,446458,-0.39519328,-0.60741537,1.01671149,-0.15874946,0.02108013,0.19287944,0,1,0,0,0
2145,446666,-0.32994012,-0.65530253,1.00244638,-0.14122239,0.00574758,0.21844623,0,1,0,0,0
2146,446875,-0.26361838,-0.70545594,0.98937664,-0.12142132,-0.02714953,0.20861919,0,1,0,0,0
2147,447083,-0.20236472,-0.74803548,0.97245831,-0.11980949,-0.02189227,0.19970108,0,1,0,0,0
2148,447291,-0.13780124,-0.80208474,0.94671815,-0.09590525,-0.03213640,0.20354244,0,1,0,0,0
2149,447500,-0.07629451,-0.83050284,0.92915310,-0.09022312,-0.06656964,0.22211708,0,1,0,0,0
2150,447708,-0.01246525,-0.87657203,0.89221976,-0.08562757,-0.08156370,0.21622648,0,1,0,0,0
2151,447916,0.05163731,-0.89873197,0.86082624,-0.08809155,-0.08777061,0.22142165,0,1,0,0,0
2152,448125,0.11668484,-0.92996338,0.82183908,-0.06806686,-0.08938631,0.20568891,0,1,0,0,0
2153,448333,0.18850372,-0.95011778,0.76855869,-0.07236077,-0.10111293,0.19470406,0,1,0,0,0
2154,448541,0.24310482,-0.96941639,0.73942157,-0.02249741,-0.12094037,0.19292391,0,1,0,0,0
2155,448750,0.30678968,-0.98491893,0.69335306,-0.01459546,-0.13380262,0.19941973,0,1,0,0,0
2156,448958,0.38229354,-1.00033425,0.64087876,-0.02037558,-0.14888685,0.19164748,0,1,0,0,0
2157,449166,0.44781350,-1.00635530,0.58328670,-0.01097290,-0.15873154,0.19049151,0,1,0,0,0
2158,449375,0.49242389,-1.00640936,0.52108632,0.01910357,-0.17838067,0.17723933,0,1,0,0,0
2159,449583,0.56073960,-1.00521398,0.47668037,0.04146937,-0.17123198,0.16953335,0,1,0,0,0
2160,449791,0.60794422,-0.99737800,0.41506258,0.04057759,-0.18536072,0.15314798,0,1,0,0,0
