1,0,0.87025769,-0.02468387,-0.85822212,0.18843251,-0.10985283,-0.08848742,0,0,0,0,0
2,208,0.84459447,0.04762227,-0.89724543,0.19240811,-0.08060017,-0.09243623,0,0,0,0,0
3,416,0.81147049,0.10418071,-0.91618588,0.18401517,-0.09193842,-0.10845236,0,0,0,0,0
4,625,0.77117635,0.17835053,-0.93056601,0.18691178,-0.05312205,-0.13857204,0,0,0,0,0
5,833,0.72502162,0.24517910,-0.97118080,0.17220073,-0.02011599,-0.12272156,0,0,0,0,0
6,1041,0.67765907,0.31608089,-0.98217811,0.18132240,-0.05278788,-0.13696787,0,0,0,0,0
7,1250,0.62386838,0.36619369,-0.98462411,0.18584085,-0.01981750,-0.15456996,0,0,0,0,0
8,1458,0.57992269,0.42896384,-0.99219705,0.17926405,-0.00235374,-0.15429313,0,0,0,0,0
9,1666,0.52381501,0.48326349,-1.00073691,0.15677761,-0.00420773,-0.17124189,0,0,0,0,0
10,1875,0.46622085,0.53872575,-0.98403858,0.17958019,0.01607324,-0.17768825,0,0,0,0,0
11,2083,0.40603317,0.59459054,-0.99483442,0.13467806,0.03234224,-0.17365831,0,0,0,0,0
12,2291,0.35624318,0.64512024,-0.97966327,0.15365898,0.06418255,-0.17387952,0,0,0,0,0
13,2500,0.28222597,0.69295477,-0.97251572,0.15734287,0.05948683,-0.18223732,0,0,0,0,0
14,2708,0.22409754,0.73710294,-0.94446056,0.16685219,0.06934027,-0.21380947,0,0,0,0,0
15,2916,0.15321619,0.77778845,-0.93173538,0.11148314,0.09101038,-0.20422539,0,0,0,0,0
16,3125,0.08998795,0.81287177,-0.90486234,0.13337195,0.08992035,-0.19324220,0,0,0,0,0
17,3333,0.02638794,0.85484420,-0.87971382,0.11512864,0.09035670,-0.19330523,0,0,0,0,0
18,3541,-0.04589336,0.88723312,-0.84829107,0.09292706,0.11804407,-0.18976453,0,0,0,0,0
19,3750,-0.11558089,0.91079261,-0.80354803,0.07111078,0.11684438,-0.19679035,0,0,0,0,0
20,3958,-0.17665809,0.93998417,-0.76062010,0.06780059,0.12886126,-0.20763083,0,0,0,0,0
21,4166,-0.24539399,0.95940016,-0.73015846,0.06219369,0.14303947,-0.20560245,0,0,0,0,0
22,4375,-0.31382023,0.98097554,-0.67273809,0.03425286,0.13504389,-0.20753870,0,0,0,0,0
23,4583,-0.36966093,0.98814220,-0.61741476,0.01960845,0.16498026,-0.19264585,0,0,0,0,0
24,4791,-0.42824760,0.99461972,-0.57170858,0.01483581,0.17347896,-0.18762908,0,0,0,0,0
25,5000,-0.48717287,0.99368101,-0.51496614,-0.00962647,0.17609912,-0.17829496,0,0,0,0,0
26,5208,-0.53350061,0.99503275,-0.45612272,-0.02956526,0.16239384,-0.17866552,0,0,0,0,0
27,5416,-0.58441408,1.00039398,-0.39542674,-0.03375012,0.17033033,-0.17152304,0,0,0,0,0
28,5625,-0.64591469,0.98566735,-0.34228055,-0.03301931,0.17382438,-0.14402031,0,0,0,0,0
29,5833,-0.69672389,0.97586463,-0.27765294,-0.05391560,0.19084000,-0.16280635,0,0,0,0,0
30,6041,-0.73281085,0.95612331,-0.20898594,-0.08470635,0.18447922,-0.14029147,0,0,0,0,0
31,6250,-0.77931091,0.93349525,-0.14775911,-0.09015482,0.19999071,-0.13509456,0,0,0,0,0
32,6458,-0.81981409,0.90352752,-0.08137756,-0.09823644,0.18500029,-0.11187937,0,0,0,0,0
33,6666,-0.84910161,0.88272509,-0.02306731,-0.11335286,0.20189905,-0.09462500,0,0,0,0,0
34,6875,-0.88992475,0.85054289,0.03587675,-0.11380681,0.20213501,-0.08842981,0,0,0,0,0
35,7083,-0.92191318,0.81302648,0.11028906,-0.11489275,0.22693933,-0.07004224,0,0,0,0,0
36,7291,-0.92439137,0.76762686,0.17314796,-0.11521607,0.20329527,-0.04695697,0,0,0,0,0
37,7500,-0.97016450,0.72136630,0.24277106,-0.15524117,0.20440586,-0.07408951,0,0,0,0,0
38,7708,-0.97004102,0.67850893,0.30150975,-0.13604518,0.21873429,-0.01409327,0,0,0,0,0
39,7916,-0.98515141,0.62636856,0.36423793,-0.14603671,0.19274993,-0.01552662,0,0,0,0,0
40,8125,-0.99325430,0.57161655,0.43248950,-0.14216173,0.19592113,-0.00353912,0,0,0,0,0
41,8333,-0.99862202,0.51240390,0.48694724,-0.14659116,0.18308950,0.01016722,0,0,0,0,0
42,8541,-0.99206953,0.46355111,0.52777466,-0.17071636,0.18024113,0.02881343,0,0,0,0,0
43,8750,-0.99716893,0.40943907,0.59751650,-0.18705290,0.17211859,0.03964993,0,0,0,0,0
44,8958,-0.98115604,0.34312269,0.65502039,-0.16086918,0.15790142,0.04491343,0,0,0,0,0
45,9166,-0.96896395,0.27627038,0.68865176,-0.17881172,0.14965992,0.04900781,0,0,0,0,0
46,9375,-0.94911916,0.21665399,0.73387988,-0.20354813,0.16203656,0.07476062,0,0,0,0,0
47,9583,-0.93145673,0.15509460,0.77650211,-0.19567700,0.14091446,0.08005963,0,0,0,0,0
48,9791,-0.90989015,0.08202964,0.81572642,-0.19961212,0.12169251,0.07133081,0,0,0,0,0
49,10000,-0.87974966,0.02027206,0.86194865,-0.19945023,0.11732599,0.10343837,0,0,0,0,0
50,10208,-0.84389305,-0.04066535,0.89295567,-0.18790905,0.09434221,0.09974820,0,0,0,0,0
51,10416,-0.79986437,-0.11769447,0.91694741,-0.19952224,0.09247967,0.10760341,0,0,0,0,0
52,10625,-0.76011710,-0.17312276,0.94206598,-0.18853234,0.08211007,0.11923818,0,0,0,0,0
53,10833,-0.72471357,-0.24383920,0.96737278,-0.19477116,0.04029071,0.11485519,0,0,0,0,0
54,11041,-0.67841809,-0.29637741,0.97364559,-0.20601066,0.03159960,0.13502296,0,0,0,0,0
55,11250,-0.63640572,-0.36453717,0.98658141,-0.17740842,0.01919727,0.16009002,0,0,0,0,0
56,11458,-0.57187103,-0.42451721,0.99332800,-0.18297175,0.03039737,0.16075021,0,0,0,0,0
57,11666,-0.52481875,-0.48667101,0.99658018,-0.16201162,-0.01757408,0.17797043,0,0,0,0,0
58,11875,-0.46033385,-0.54091559,1.00493565,-0.17673656,-0.00577136,0.18841522,0,0,0,0,0
59,12083,-0.39365169,-0.58582054,0.99142265,-0.16089162,-0.01771028,0.17126221,0,0,0,0,0
60,12291,-0.34591080,-0.64259953,0.97792468,-0.15600187,-0.04956180,0.17916869,0,0,0,0,0
61,12500,-0.27766166,-0.69092582,0.96709180,-0.14227343,-0.05998759,0.18503905,0,0,0,0,0
62,12708,-0.22030497,-0.73301141,0.95620466,-0.14314896,-0.06806363,0.18986638,0,0,0,0,0
63,12916,-0.15750030,-0.78640121,0.92160969,-0.13215975,-0.06834027,0.21166095,0,0,0,0,0
64,13125,-0.08020653,-0.81201343,0.90760755,-0.14201964,-0.07093474,0.18792535,0,0,0,0,0
65,13333,-0.02395870,-0.84832415,0.87006955,-0.11482322,-0.10240294,0.19585325,0,0,0,0,0
66,13541,0.04113475,-0.89210754,0.83602492,-0.10405791,-0.11825314,0.21557045,0,0,0,0,0
67,13750,0.10445206,-0.91531920,0.79828471,-0.10831909,-0.11939035,0.19256848,0,0,0,0,0
68,13958,0.17395363,-0.93289006,0.76278718,-0.07591837,-0.12191772,0.20433649,0,0,0,0,0
69,14166,0.24576550,-0.95706647,0.72088046,-0.06633985,-0.13153136,0.21471248,0,0,0,0,0
70,14375,0.30055494,-0.97753405,0.67357287,-0.05179501,-0.13181194,0.20242166,0,0,0,0,0
71,14583,0.37574574,-0.99314499,0.62589729,-0.03072881,-0.15847714,0.19253763,0,0,0,0,0
72,14791,0.42264559,-0.99279421,0.57233265,-0.01799849,-0.16318222,0.19477899,0,0,0,0,0
73,15000,0.48355882,-1.00029153,0.52042576,-0.00361188,-0.19311702,0.18037955,0,0,0,0,0
74,15208,0.53459612,-0.99556983,0.46120092,0.02929139,-0.15713923,0.17355537,0,0,0,0,0
75,15416,0.60465377,-1.00034128,0.41046700,0.01771899,-0.18451132,0.14620301,0,0,0,0,0
76,15625,0.64859561,-0.97244767,0.34787174,0.06667537,-0.17341198,0.17178111,0,0,0,0,0
77,15833,0.69004159,-0.96671333,0.27542192,0.04303231,-0.18325150,0.14279905,0,0,0,0,0
78,16041,0.74051773,-0.95200436,0.21838777,0.06404458,-0.18556261,0.14224134,0,0,0,0,0
79,16250,0.78244444,-0.93264717,0.15532907,0.07972449,-0.19615580,0.12291139,0,0,0,0,0
80,16458,0.81799209,-0.90785791,0.09466624,0.09488920,-0.18488311,0.10790072,0,0,0,0,0
81,16666,0.84809834,-0.87804222,0.01596319,0.10021554,-0.17193720,0.10645986,0,0,0,0,0
82,16875,0.88809990,-0.84665724,-0.04302349,0.11367466,-0.18680416,0.09446167,0,0,0,0,0
83,17083,0.91004014,-0.79961129,-0.10463654,0.11069314,-0.20682965,0.05097946,0,0,0,0,0
84,17291,0.93366536,-0.76589722,-0.16866687,0.13910233,-0.18748898,0.05596966,0,0,0,0,0
85,17500,0.96938532,-0.71889921,-0.23192600,0.12971920,-0.20840079,0.05086898,0,0,0,0,0
86,17708,0.96636906,-0.68124862,-0.29598480,0.14384504,-0.19572283,0.04526153,0,0,0,0,0
87,17916,0.99229036,-0.62676586,-0.36022261,0.13848351,-0.19577190,0.02503154,0,0,0,0,0
88,18125,0.98571013,-0.56942285,-0.42153468,0.16840811,-0.20657672,-0.00972521,0,0,0,0,0
89,18333,1.00085874,-0.52043214,-0.48531058,0.15735749,-0.18831986,0.00600944,0,0,0,0,0
90,18541,0.99972991,-0.46101700,-0.53413851,0.15180991,-0.16953525,-0.02027218,0,0,0,0,0
91,18750,0.98610956,-0.39693020,-0.59392314,0.16881705,-0.17241375,-0.00154705,0,0,0,0,0
92,18958,0.98179245,-0.34501720,-0.65198900,0.18100379,-0.15876781,-0.03239871,0,0,0,0,0
93,19166,0.97021682,-0.28408098,-0.69001187,0.18423492,-0.15873683,-0.04800303,0,0,0,0,0
94,19375,0.95453009,-0.21264752,-0.74633179,0.20700208,-0.16051871,-0.05564346,0,0,0,0,0
95,19583,0.94020311,-0.15507005,-0.78976940,0.20528607,-0.13933683,-0.09262266,0,0,0,0,0
96,19791,0.89889863,-0.08841691,-0.82192850,0.19968565,-0.11958683,-0.08954620,0,0,0,0,0
97,20000,0.87381741,-0.02714406,-0.86426750,0.18828738,-0.13296677,-0.08166544,0,0,0,0,0
98,20208,0.85041532,0.04942991,-0.88923564,0.19298562,-0.09847345,-0.10478511,0,0,0,0,0
99,20416,0.81036058,0.11377500,-0.91425950,0.19786631,-0.08677994,-0.11823550,0,0,0,0,0
100,20625,0.76795623,0.17566461,-0.95061883,0.19573786,-0.06697101,-0.11786468,0,0,0,0,0
101,20833,0.72323787,0.24260625,-0.97132706,0.19479140,-0.05230349,-0.13416508,0,0,0,0,0
102,21041,0.66542292,0.30918960,-0.98038430,0.19531587,-0.03408584,-0.14928225,0,0,0,0,0
103,21250,0.62509344,0.35671805,-0.99048542,0.17638773,-0.01313535,-0.15077394,0,0,0,0,0
104,21458,0.56653286,0.43001066,-1.00022409,0.17008380,-0.01016293,-0.15595495,0,0,0,0,0
105,21666,0.51891015,0.48157233,-0.99979581,0.16840259,0.01255126,-0.17941147,0,0,0,0,0
106,21875,0.46562652,0.54044382,-0.99452407,0.16273390,0.01500188,-0.17229741,0,0,0,0,0
107,22083,0.40449586,0.58789028,-0.99628502,0.16373323,0.04835698,-0.18498341,0,0,0,0,0
108,22291,0.34802643,0.64310656,-0.98510218,0.16552153,0.01923638,-0.19484817,0,0,0,0,0
109,22500,0.28499396,0.69943254,-0.96324142,0.14786183,0.05735315,-0.19842386,0,0,0,0,0
110,22708,0.21731794,0.73806457,-0.95500086,0.13323306,0.05913461,-0.21250441,0,0,0,0,0
111,22916,0.16091839,0.77971636,-0.93278841,0.12826149,0.09504972,-0.18287954,0,0,0,0,0
112,23125,0.09084315,0.81035369,-0.90104171,0.12190311,0.08246061,-0.19759029,0,0,0,0,0
113,23333,0.02372773,0.85489098,-0.87834479,0.10680478,0.09615153,-0.19506649,0,0,0,0,0
114,23541,-0.04176443,0.88384944,-0.84386456,0.10549462,0.10714813,-0.20520368,0,0,0,0,0
115,23750,-0.10712319,0.91439500,-0.80500046,0.08443448,0.09420076,-0.22026655,0,0,0,0,0
116,23958,-0.17318872,0.93503101,-0.75899996,0.07540790,0.14385971,-0.21255044,0,0,0,0,0
117,24166,-0.24170947,0.95148234,-0.71691260,0.05017369,0.12526723,-0.19812092,0,0,0,0,0
118,24375,-0.30552661,0.97329778,-0.66691581,0.03716483,0.15586345,-0.17860008,0,0,0,0,0
119,24583,-0.36402779,0.99172465,-0.62418973,0.01950560,0.15308814,-0.19767875,0,0,0,0,0
120,24791,-0.42733338,0.98689308,-0.56970752,-0.01247589,0.16331891,-0.19037014,0,0,0,0,0
121,25000,-0.48865458,0.99924190,-0.51497097,-0.02706680,0.16893994,-0.18366609,0,0,0,0,0
122,25208,-0.54309511,0.99296200,-0.46377782,-0.01647981,0.16185825,-0.17813359,0,0,0,0,0
123,25416,-0.59079024,0.97808503,-0.40614585,-0.01748411,0.17526484,-0.16884027,0,0,0,0,0
124,25625,-0.64569549,0.97896429,-0.34311115,-0.05500177,0.19408274,-0.16407926,0,0,0,0,0
125,25833,-0.69942034,0.97390386,-0.27382609,-0.03328054,0.17390431,-0.14995091,0,0,0,0,0
126,26041,-0.73423006,0.95667502,-0.21097673,-0.06691990,0.18587971,-0.14242713,0,0,0,0,0
127,26250,-0.77406354,0.92942545,-0.15600123,-0.07173133,0.18986278,-0.12932160,0,0,0,0,0
128,26458,-0.82198500,0.90233119,-0.08356167,-0.09066976,0.19802970,-0.10466562,0,0,0,0,0
129,26666,-0.85348079,0.87337591,-0.01298874,-0.09349126,0.18444321,-0.09517229,0,0,0,0,0
130,26875,-0.88708191,0.84015668,0.03708742,-0.11597585,0.17837902,-0.07816293,0,0,0,0,0
131,27083,-0.91447063,0.80943140,0.11755862,-0.12932989,0.18959131,-0.08453829,0,0,0,0,0
132,27291,-0.93112781,0.76406584,0.17697305,-0.12346448,0.19423967,-0.03932661,0,0,0,0,0
133,27500,-0.96278954,0.72090660,0.23724807,-0.14359670,0.16759194,-0.05689352,0,0,0,0,0
134,27708,-0.97483440,0.67073140,0.29525333,-0.15110869,0.18284753,-0.03246564,0,0,0,0,0
135,27916,-0.98743264,0.62355275,0.35892303,-0.14538744,0.18466400,-0.00843762,0,0,0,0,0
136,28125,-0.98911563,0.57811068,0.42553626,-0.15746130,0.19105660,-0.01952830,0,0,0,0,0
137,28333,-0.99328495,0.52721978,0.48085214,-0.17464215,0.17912076,0.00570602,0,0,0,0,0
138,28541,-0.99024123,0.46166315,0.53798977,-0.17702743,0.16899101,0.01207925,0,0,0,0,0
139,28750,-0.98920153,0.41038570,0.59494470,-0.17839797,0.18264806,0.03031016,0,0,0,0,0
140,28958,-0.99224652,0.34734860,0.64407994,-0.19483959,0.16523193,0.04004722,0,0,0,0,0
141,29166,-0.97347053,0.28384994,0.69640151,-0.20125195,0.13578247,0.05381518,0,0,0,0,0
142,29375,-0.95400367,0.21754753,0.73700188,-0.19244801,0.14397808,0.06478503,0,0,0,0,0
143,29583,-0.92661799,0.14875716,0.78912465,-0.18277390,0.12992941,0.05049447,0,0,0,0,0
144,29791,-0.91302976,0.07808174,0.81632158,-0.19774939,0.13386396,0.05685101,0,0,0,0,0
145,30000,-0.87676432,0.02012073,0.85947037,-0.19716963,0.10445148,0.07882104,0,0,0,0,0
146,30208,-0.83906127,-0.04044078,0.88872971,-0.21164499,0.09863146,0.10061427,0,0,0,0,0
147,30416,-0.80560356,-0.11888577,0.92403119,-0.19476387,0.09286765,0.11176075,0,0,0,0,0
148,30625,-0.76523090,-0.17364308,0.94600269,-0.18850106,0.07091222,0.10986300,0,0,0,0,0
149,30833,-0.72517116,-0.23722504,0.95988850,-0.20657589,0.07161312,0.14186127,0,0,0,0,0
150,31041,-0.67493830,-0.31368876,0.98104016,-0.18181503,0.02933071,0.15406136,0,0,0,0,0
151,31250,-0.62712437,-0.37150896,0.99296907,-0.19874034,0.00309530,0.13781232,0,0,0,0,0
152,31458,-0.56501303,-0.43208445,0.99349015,-0.19428241,0.00173488,0.17122568,0,0,0,0,0
153,31666,-0.52158518,-0.48680829,1.00197829,-0.18380044,0.00059145,0.17178676,0,0,0,0,0
154,31875,-0.46349842,-0.53887274,0.99189839,-0.18358138,-0.01016229,0.17929925,0,0,0,0,0
155,32083,-0.40468650,-0.58876727,0.98571769,-0.17712885,-0.03002195,0.17252492,0,0,0,0,0
156,32291,-0.35034797,-0.64071267,0.97903365,-0.16204151,-0.05540237,0.18344487,0,0,0,0,0
157,32500,-0.28767851,-0.68962509,0.96723117,-0.13688688,-0.03526888,0.18565842,0,0,0,0,0
158,32708,-0.21341327,-0.74277145,0.95412049,-0.11931127,-0.07084535,0.19633405,0,0,0,0,0
159,32916,-0.15014765,-0.78400228,0.93369783,-0.13661046,-0.07375740,0.18704755,0,0,0,0,0
160,33125,-0.08395560,-0.81953260,0.89794611,-0.11255262,-0.07441804,0.20708361,0,0,0,0,0
161,33333,-0.02229859,-0.85517820,0.86953733,-0.11420517,-0.09410368,0.18336978,0,0,0,0,0
162,33541,0.04406192,-0.88551577,0.83163697,-0.09860298,-0.09899531,0.20074114,0,0,0,0,0
163,33750,0.12610618,-0.91557700,0.80025161,-0.07997675,-0.11648420,0.20066812,0,0,0,0,0
164,33958,0.17250092,-0.94348676,0.76941787,-0.05094146,-0.12153214,0.20271100,0,0,0,0,0
165,34166,0.24712920,-0.96166528,0.72607858,-0.05928348,-0.15735913,0.19982739,0,0,0,0,0
166,34375,0.30512224,-0.96956489,0.67494429,-0.03924101,-0.15354902,0.19021839,0,0,0,0,0
167,34583,0.37566539,-0.98447057,0.62301744,-0.02139204,-0.15120214,0.21856961,0,0,0,0,0
168,34791,0.42927757,-0.98858139,0.57125837,-0.03590078,-0.15470575,0.18736562,0,0,0,0,0
169,35000,0.48972229,-1.00298414,0.52348507,-0.00130870,-0.18790136,0.19484493,0,0,0,0,0
170,35208,0.53670620,-1.00241999,0.46033728,0.01677414,-0.16561039,0.18337320,0,0,0,0,0
171,35416,0.60293203,-0.99228371,0.40715662,0.03051913,-0.18012626,0.17293120,0,0,0,0,0
172,35625,0.63593184,-0.98752047,0.32835404,0.04945070,-0.20004554,0.17022308,0,0,0,0,0
173,35833,0.69247584,-0.97385973,0.27558642,0.06621914,-0.17977040,0.15382448,0,0,0,0,0
174,36041,0.73754541,-0.94941711,0.21370840,0.07735613,-0.19984337,0.13834824,0,0,0,0,0
175,36250,0.78101947,-0.92776198,0.15522505,0.07120856,-0.16774874,0.14265468,0,0,0,0,0
176,36458,0.81700997,-0.91520272,0.09849108,0.08816241,-0.18214160,0.09536435,0,0,0,0,0
177,36666,0.85115478,-0.87022949,0.01961362,0.09647479,-0.18557062,0.08420800,0,0,0,0,0
178,36875,0.89009657,-0.84059558,-0.03499623,0.12133791,-0.19416255,0.09955823,0,0,0,0,0
179,37083,0.91930668,-0.80988031,-0.09789908,0.10545263,-0.20783535,0.07251593,0,0,0,0,0
180,37291,0.92327771,-0.76731008,-0.17160089,0.12869045,-0.18590289,0.06909994,0,0,0,0,0
181,37500,0.96250531,-0.72177466,-0.24187238,0.14033666,-0.21172011,0.03838494,0,0,0,0,0
182,37708,0.97744505,-0.67477944,-0.31208662,0.14451885,-0.19611856,0.00358785,0,0,0,0,0
183,37916,0.99578251,-0.62672976,-0.36335870,0.13733887,-0.19285389,0.00720323,0,0,0,0,0
184,38125,1.00010566,-0.57523491,-0.42670876,0.16197228,-0.18276832,0.00350775,0,0,0,0,0
185,38333,0.99917226,-0.51661615,-0.47991027,0.15885072,-0.18598945,-0.00030584,0,0,0,0,0
186,38541,1.00134343,-0.46373775,-0.54699511,0.17502998,-0.17766823,-0.01597846,0,0,0,0,0
187,38750,0.99240116,-0.40817445,-0.58528060,0.16826960,-0.15291758,-0.03919713,0,0,0,0,0
188,38958,0.98428277,-0.33811977,-0.65109214,0.14539135,-0.15942566,-0.03659649,0,0,0,0,0
189,39166,0.96951930,-0.28653563,-0.70674954,0.18636421,-0.16042242,-0.05857263,0,0,0,0,0
190,39375,0.95814570,-0.21176658,-0.74751896,0.18639565,-0.13672053,-0.07043176,0,0,0,0,0
191,39583,0.93297976,-0.15825458,-0.78207808,0.20925056,-0.13784140,-0.06921471,0,0,0,0,0
192,39791,0.90122707,-0.09191948,-0.83077401,0.19706406,-0.10670776,-0.06323886,0,0,0,0,0
193,40000,0.87265533,-0.01805337,-0.85126487,0.20249795,-0.10967923,-0.07083112,0,0,0,0,0
194,40208,0.84160792,0.04860142,-0.89105300,0.18129644,-0.09872926,-0.09561659,0,0,0,0,0
195,40416,0.80665488,0.11208957,-0.91763113,0.20989133,-0.07307301,-0.09308503,0,0,0,0,0
196,40625,0.76953089,0.17981433,-0.94242868,0.21664896,-0.05334127,-0.11858382,0,0,0,0,0
197,40833,0.72352411,0.24503852,-0.96689472,0.18036411,-0.04939155,-0.13939804,0,0,0,0,0
198,41041,0.67269392,0.29635173,-0.97034852,0.19633595,-0.02831573,-0.15161670,0,0,0,0,0
199,41250,0.62175242,0.37214276,-0.98945816,0.18309886,-0.02019974,-0.16094228,0,0,0,0,0
200,41458,0.57609484,0.43999792,-1.00468963,0.16494253,0.00552567,-0.15190285,0,0,0,0,0
201,41666,0.51890036,0.49068624,-1.00212922,0.18818978,0.02724337,-0.17774837,0,0,0,0,0
202,41875,0.46431761,0.53539351,-0.99891933,0.15879943,0.02516912,-0.17834499,0,0,0,0,0
203,42083,0.40202835,0.59445843,-0.99376901,0.15982319,0.05646189,-0.18124911,0,0,0,0,0
204,42291,0.34175535,0.64619005,-0.99110154,0.15575630,0.02644546,-0.19354059,0,0,0,0,0
205,42500,0.28726647,0.69062543,-0.97302744,0.15832179,0.03943428,-0.17343072,0,0,0,0,0
206,42708,0.21602757,0.74768397,-0.94618563,0.12709429,0.05263580,-0.19053750,0,0,0,0,0
207,42916,0.15062713,0.78330341,-0.92799974,0.13139486,0.07570355,-0.18582496,0,0,0,0,0
208,43125,0.09434893,0.82253940,-0.89617824,0.12738790,0.08848762,-0.19817262,0,0,0,0,0
209,43333,0.02671351,0.85591049,-0.87752470,0.12662909,0.07852340,-0.20838558,0,0,0,0,0
210,43541,-0.04325249,0.88201482,-0.84156102,0.10626593,0.11713112,-0.19389855,0,0,0,0,0
211,43750,-0.11074759,0.91790564,-0.80003795,0.08426977,0.11104084,-0.20343169,0,0,0,0,0
212,43958,-0.17548315,0.93617580,-0.76974868,0.07640549,0.13578097,-0.20702600,0,0,0,0,0
213,44166,-0.24251335,0.95516715,-0.72729939,0.06156297,0.14034981,-0.19277962,0,0,0,0,0
214,44375,-0.29813395,0.97696283,-0.67871346,0.03892723,0.16006186,-0.21222154,0,0,0,0,0
215,44583,-0.36984566,0.97630324,-0.62012750,0.02693318,0.16534458,-0.19417980,0,0,0,0,0
216,44791,-0.42713976,0.98749176,-0.56397045,0.02743396,0.17067796,-0.20453520,0,0,0,0,0
217,45000,-0.47848776,0.99816626,-0.52136486,-0.00096204,0.17335197,-0.18323609,0,0,0,0,0
218,45208,-0.54011710,1.00064202,-0.46585558,-0.02801519,0.18146781,-0.17951697,0,0,0,0,0
219,45416,-0.61013915,0.98701673,-0.40531929,-0.02025272,0.17798816,-0.17451916,0,0,0,0,0
220,45625,-0.64565905,0.98911809,-0.32968757,-0.04237427,0.16864484,-0.16913390,0,0,0,0,0
221,45833,-0.69036614,0.97280623,-0.27511739,-0.06500905,0.20148531,-0.15014010,0,0,0,0,0
222,46041,-0.73801863,0.95639376,-0.21838650,-0.07211219,0.18879428,-0.14117535,0,0,0,0,0
223,46250,-0.78767708,0.93212354,-0.15654926,-0.07576779,0.18627074,-0.12226751,0,0,0,0,0
224,46458,-0.81786948,0.90281243,-0.08318215,-0.08709277,0.19581054,-0.10353538,0,0,0,0,0
225,46666,-0.85818736,0.87386961,-0.02300831,-0.10209629,0.18909374,-0.10239282,0,0,0,0,0
226,46875,-0.88729273,0.84136949,0.04747617,-0.10778060,0.19394066,-0.08272683,0,0,0,0,0
227,47083,-0.91752249,0.80760349,0.10901776,-0.09742540,0.19631770,-0.08176101,0,0,0,0,0
228,47291,-0.94292873,0.77056720,0.17816952,-0.10801568,0.19456559,-0.05639406,0,0,0,0,0
229,47500,-0.95222158,0.72201437,0.23199429,-0.16512358,0.18180160,-0.04520343,0,0,0,0,0
230,47708,-0.97534274,0.67511738,0.29359573,-0.15076463,0.19471434,-0.03577636,0,0,0,0,0
231,47916,-0.98525998,0.63018737,0.35680731,-0.14349554,0.17407158,-0.01965870,0,0,0,0,0
232,48125,-0.99452541,0.57291735,0.42757164,-0.15279644,0.19606319,-0.00160253,0,0,0,0,0
233,48333,-0.99891983,0.52279846,0.49761091,-0.15136118,0.17452475,-0.00102181,0,0,0,0,0
234,48541,-0.99791815,0.46408694,0.53739183,-0.17193506,0.15550489,0.00416008,0,0,0,0,0
235,48750,-1.00129190,0.41025762,0.58670472,-0.17732340,0.17226634,0.01340591,0,0,0,0,0
236,48958,-0.98378254,0.34276934,0.64984405,-0.19072601,0.17653245,0.03218383,0,0,0,0,0
237,49166,-0.96621742,0.28294752,0.70063082,-0.17950975,0.17370917,0.05840639,0,0,0,0,0
238,49375,-0.95002923,0.22020489,0.73417253,-0.18947111,0.13497148,0.05516819,0,0,0,0,0
239,49583,-0.92754616,0.14510650,0.79012199,-0.17771220,0.13324765,0.05723528,0,0,0,0,0
240,49791,-0.90116501,0.09110088,0.82851958,-0.20315945,0.12368207,0.07495164,0,0,0,0,0
241,50000,-0.87447171,0.02452886,0.85423888,-0.17945339,0.09601419,0.08361064,0,0,0,0,0
242,50208,-0.84319106,-0.05586057,0.89574872,-0.18336406,0.08454845,0.10088194,0,0,0,0,0
243,50416,-0.80469856,-0.11310408,0.91697873,-0.19897519,0.08362671,0.09579093,0,0,0,0,0
244,50625,-0.77475824,-0.18666514,0.94009701,-0.20218241,0.08062891,0.12800977,0,0,0,0,0
245,50833,-0.72222800,-0.23830832,0.95238024,-0.18943207,0.03617875,0.11825853,0,0,0,0,0
246,51041,-0.67883699,-0.31411447,0.97830212,-0.19895065,0.04703151,0.12775317,0,0,0,0,0
247,51250,-0.62188908,-0.36756157,0.98776364,-0.18034368,0.00701970,0.14622598,0,0,0,0,0
248,51458,-0.57895950,-0.41685636,0.99822069,-0.17850898,0.01477250,0.14238464,0,0,0,0,0
249,51666,-0.52957528,-0.48937070,1.00572492,-0.18544484,-0.00100216,0.18831712,0,0,0,0,0
250,51875,-0.46145757,-0.54335098,0.99356874,-0.17377036,-0.02069771,0.16417163,0,0,0,0,0
251,52083,-0.40929140,-0.59364419,0.99311519,-0.16190097,-0.03397011,0.17540429,0,0,0,0,0
252,52291,-0.34847089,-0.64562416,0.98045509,-0.16184621,-0.03596297,0.18132756,0,0,0,0,0
253,52500,-0.27266191,-0.69789588,0.97299412,-0.14090625,-0.04784850,0.19320022,0,0,0,0,0
254,52708,-0.21447569,-0.74089720,0.94726249,-0.15758942,-0.05352826,0.19969247,0,0,0,0,0
255,52916,-0.15523164,-0.78379628,0.92720497,-0.13518363,-0.06965030,0.20712283,0,0,0,0,0
256,53125,-0.08612128,-0.81874698,0.91016690,-0.12667396,-0.07096579,0.20746826,0,0,0,0,0
257,53333,-0.01707730,-0.85014426,0.87319830,-0.11644508,-0.09748537,0.20379625,0,0,0,0,0
258,53541,0.04636607,-0.89025176,0.83680159,-0.09838966,-0.09015512,0.19631832,0,0,0,0,0
259,53750,0.11105933,-0.91137387,0.80574560,-0.08496626,-0.11822035,0.20713282,0,0,0,0,0
260,53958,0.17780753,-0.93966963,0.76799245,-0.06281454,-0.12665496,0.20812263,0,0,0,0,0
261,54166,0.24481471,-0.96353885,0.72192129,-0.04793534,-0.15012829,0.19154574,0,0,0,0,0
262,54375,0.29701155,-0.97161503,0.67855400,-0.03124579,-0.15034198,0.19265781,0,0,0,0,0
263,54583,0.36539217,-0.98596311,0.62746406,-0.02714148,-0.13529356,0.19519431,0,0,0,0,0
264,54791,0.42817130,-0.99094599,0.56853861,-0.01613703,-0.16711522,0.20348500,0,0,0,0,0
265,55000,0.48392141,-0.99520669,0.52400062,-0.00969262,-0.17151334,0.17920015,0,0,0,0,0
266,55208,0.54617150,-0.99344562,0.45805892,0.01343245,-0.17198485,0.19257333,0,0,0,0,0
267,55416,0.59539992,-0.98825334,0.40989507,0.03086997,-0.19007535,0.16509003,0,0,0,0,0
268,55625,0.63691310,-0.98462720,0.34028591,0.03876994,-0.17553389,0.17117044,0,0,0,0,0
269,55833,0.69074907,-0.97363362,0.27945925,0.07144010,-0.17490908,0.16029698,0,0,0,0,0
270,56041,0.74208710,-0.95109333,0.22240396,0.07312169,-0.19982286,0.14861850,0,0,0,0,0
271,56250,0.78219259,-0.92103996,0.16290217,0.08825356,-0.19395903,0.12644569,0,0,0,0,0
272,56458,0.81932137,-0.91080234,0.09038768,0.10467078,-0.19485082,0.13525294,0,0,0,0,0
273,56666,0.85649000,-0.87489368,0.01828169,0.09743422,-0.19766287,0.09312690,0,0,0,0,0
274,56875,0.88283288,-0.84374151,-0.04129013,0.09002337,-0.18559484,0.09383081,0,0,0,0,0
275,57083,0.91665767,-0.80034080,-0.11025550,0.10619235,-0.17630459,0.09047240,0,0,0,0,0
276,57291,0.94904276,-0.76883680,-0.17801441,0.13246454,-0.19014548,0.03327834,0,0,0,0,0
277,57500,0.95696962,-0.71628748,-0.24452107,0.13477288,-0.18549191,0.06127478,0,0,0,0,0
278,57708,0.98353006,-0.67628888,-0.30127091,0.15181561,-0.19456174,0.02339882,0,0,0,0,0
279,57916,0.98809423,-0.62823681,-0.36850002,0.15210208,-0.21003350,0.03084498,0,0,0,0,0
280,58125,1.00721046,-0.57923156,-0.43050495,0.15793726,-0.19260646,0.00936691,0,0,0,0,0
281,58333,1.00314093,-0.51574427,-0.48065815,0.15633900,-0.18419671,0.01955335,0,0,0,0,0
282,58541,0.98790188,-0.46518905,-0.53592097,0.17179683,-0.18911529,-0.01288289,0,0,0,0,0
283,58750,0.99576364,-0.40978648,-0.59615402,0.16737264,-0.16096682,-0.01415471,0,0,0,0,0
284,58958,0.97950233,-0.34407944,-0.64213288,0.18577187,-0.17717727,-0.02276587,0,0,0,0,0
285,59166,0.97982266,-0.28123233,-0.69175280,0.18762412,-0.15315323,-0.04515446,0,0,0,0,0
286,59375,0.95403585,-0.21804362,-0.73217584,0.18654154,-0.14216779,-0.05307331,0,0,0,0,0
287,59583,0.92803240,-0.15025870,-0.77841004,0.19061546,-0.13157095,-0.06093350,0,0,0,0,0
288,59791,0.90047251,-0.08830790,-0.82439334,0.18717995,-0.12118020,-0.06940888,0,0,0,0,0
289,60000,0.87045240,-0.01747791,-0.85921865,0.19708229,-0.10931539,-0.10185919,0,0,0,0,0
290,60208,0.83792034,0.04212706,-0.89527728,0.19305772,-0.08996252,-0.10863261,0,0,0,0,0
291,60416,0.80051164,0.11766362,-0.92055621,0.19080970,-0.07014018,-0.12252900,0,0,0,0,0
292,60625,0.77539405,0.18695815,-0.94070758,0.20462586,-0.05831816,-0.12135941,0,0,0,0,0
293,60833,0.72678181,0.23972162,-0.96053069,0.18672194,-0.03248756,-0.13592644,0,0,0,0,0
294,61041,0.68248620,0.30524131,-0.98044828,0.18777901,-0.04599672,-0.15524611,0,0,0,0,0
295,61250,0.63123498,0.36799413,-0.98689016,0.19404385,-0.02329690,-0.15179095,0,0,0,0,0
296,61458,0.57686114,0.42450819,-0.99623022,0.17234302,-0.00566080,-0.16216039,0,0,0,0,0
297,61666,0.52501990,0.48253904,-0.98785019,0.16440279,-0.00399824,-0.16146976,0,0,0,0,0
298,61875,0.47048321,0.54074436,-1.00218209,0.16431216,0.00506780,-0.18740752,0,0,0,0,0
299,62083,0.40780944,0.59421958,-0.99442621,0.16635823,0.01110309,-0.17641271,0,0,0,0,0
300,62291,0.35439431,0.64687878,-0.97578662,0.15571342,0.03928690,-0.17268913,0,0,0,0,0
301,62500,0.28189453,0.69701436,-0.96209701,0.14816931,0.04803190,-0.19642782,0,0,0,0,0
302,62708,0.22646429,0.73438806,-0.94909391,0.13086264,0.07414960,-0.20281631,0,0,0,0,0
303,62916,0.15698269,0.77790843,-0.93145452,0.13916542,0.06525146,-0.18899591,0,0,0,0,0
304,63125,0.09202504,0.82088819,-0.90639499,0.10904556,0.08426111,-0.20005504,0,0,0,0,0
305,63333,0.00910140,0.85862582,-0.87869547,0.09916373,0.09561083,-0.20069809,0,0,0,0,0
306,63541,-0.04525994,0.88521555,-0.84692377,0.09680195,0.10354856,-0.20358616,0,0,0,0,0
307,63750,-0.10731015,0.91638881,-0.80191945,0.10572026,0.11959382,-0.19560805,0,0,0,0,0
308,63958,-0.17312138,0.93217217,-0.76071741,0.05971619,0.12747763,-0.20249193,0,0,0,0,0
309,64166,-0.23499128,0.95418608,-0.72122108,0.06727596,0.12697355,-0.21186884,0,0,0,0,0
310,64375,-0.31154083,0.97126896,-0.67134699,0.02975848,0.14587005,-0.20251970,0,0,0,0,0
311,64583,-0.37467050,0.98567672,-0.62171224,0.01781819,0.14869970,-0.19121921,0,0,0,0,0
312,64791,-0.42858534,0.99353094,-0.57758272,0.02120013,0.17203532,-0.20046578,0,0,0,0,0
313,65000,-0.48155968,1.00278479,-0.52291287,0.00641950,0.16101823,-0.19010503,0,0,0,0,0
314,65208,-0.54717135,0.99524140,-0.45542699,0.00434421,0.17662836,-0.18484286,0,0,0,0,0
315,65416,-0.60641809,0.99493338,-0.40066398,-0.02357377,0.17405949,-0.17244748,0,0,0,0,0
316,65625,-0.64018982,0.97192068,-0.34340046,-0.03595731,0.16161165,-0.17414342,0,0,0,0,0
317,65833,-0.69514189,0.96952309,-0.27892020,-0.04202731,0.17654623,-0.14911270,0,0,0,0,0
318,66041,-0.73947206,0.95482852,-0.21809897,-0.07875856,0.19018834,-0.12405175,0,0,0,0,0
319,66250,-0.77565814,0.92972930,-0.15282230,-0.08323812,0.19420027,-0.11883204,0,0,0,0,0
320,66458,-0.81791795,0.90035571,-0.07937643,-0.09404902,0.19018469,-0.11643133,0,0,0,0,0
321,66666,-0.85857157,0.87080231,-0.02420466,-0.11017254,0.19755378,-0.09291317,0,0,0,0,0
322,66875,-0.88252631,0.84192000,0.03865836,-0.11255404,0.18302488,-0.08575443,0,0,0,0,0
323,67083,-0.90807234,0.80114581,0.11205668,-0.12141725,0.20201711,-0.07251113,0,0,0,0,0
324,67291,-0.94107890,0.77071633,0.17155492,-0.12958027,0.20230784,-0.09030123,0,0,0,0,0
325,67500,-0.95711938,0.71612094,0.23770115,-0.15156386,0.20286279,-0.04430539,0,0,0,0,0
326,67708,-0.97035519,0.67386014,0.29966977,-0.15343310,0.19812017,-0.02969497,0,0,0,0,0
327,67916,-0.98903656,0.63184211,0.36090915,-0.13769148,0.18895870,-0.02152190,0,0,0,0,0
328,68125,-1.00705449,0.56754139,0.42310837,-0.16574964,0.17124267,-0.01096696,0,0,0,0,0
329,68333,-0.99688900,0.51546853,0.48555119,-0.15641099,0.18610524,0.02310415,0,0,0,0,0
330,68541,-0.99806246,0.45752101,0.53916452,-0.17388516,0.17586629,0.02046139,0,0,0,0,0
331,68750,-0.99988376,0.39734898,0.59222250,-0.18887779,0.15777622,0.01602072,0,0,0,0,0
332,68958,-0.98720801,0.35188297,0.64548916,-0.18669494,0.16418220,0.03902478,0,0,0,0,0
333,69166,-0.97322507,0.27456747,0.68908430,-0.18712661,0.16127414,0.05625589,0,0,0,0,0
334,69375,-0.95872986,0.21139899,0.73915795,-0.17622628,0.14008506,0.05271664,0,0,0,0,0
335,69583,-0.93343879,0.14642604,0.78023061,-0.17003963,0.13316458,0.10541092,0,0,0,0,0
336,69791,-0.89613480,0.08653697,0.82339560,-0.18684375,0.12538909,0.09141291,0,0,0,0,0
337,70000,-0.87164777,0.01663255,0.85412232,-0.17430989,0.12013687,0.09368428,0,0,0,0,0
338,70208,-0.83378371,-0.03903538,0.88359827,-0.20276559,0.08901541,0.09461685,0,0,0,0,0
339,70416,-0.80121244,-0.10975015,0.92021204,-0.20325724,0.09212036,0.10726437,0,0,0,0,0
340,70625,-0.76541345,-0.18669997,0.94561017,-0.19532446,0.07443651,0.12864819,0,0,0,0,0
341,70833,-0.72137546,-0.23805066,0.96082006,-0.19808621,0.04209862,0.13948159,0,0,0,0,0
342,71041,-0.67427362,-0.30582512,0.97403762,-0.18906504,0.03503860,0.14900472,0,0,0,0,0
343,71250,-0.61921016,-0.36612134,0.99048391,-0.19413866,0.01909957,0.15564498,0,0,0,0,0
344,71458,-0.57454751,-0.42566251,0.99768983,-0.17840540,0.00078862,0.17376328,0,0,0,0,0
345,71666,-0.52089052,-0.49080259,0.99461013,-0.19983002,0.01263864,0.17145997,0,0,0,0,0
346,71875,-0.46464059,-0.53596708,0.98735894,-0.16951770,-0.02024654,0.17287850,0,0,0,0,0
347,72083,-0.40313646,-0.60200173,0.99813936,-0.17138599,-0.02983620,0.19849557,0,0,0,0,0
348,72291,-0.34030256,-0.64837419,0.98279184,-0.17782738,-0.02573682,0.19034622,0,0,0,0,0
349,72500,-0.27268156,-0.68478849,0.96669701,-0.14756700,-0.06158415,0.20820809,0,0,0,0,0
350,72708,-0.22264908,-0.73904655,0.94578777,-0.13496745,-0.07741738,0.17383237,0,0,0,0,0
351,72916,-0.15213972,-0.77698001,0.93274550,-0.13729367,-0.06074976,0.18605280,0,0,0,0,0
352,73125,-0.08658046,-0.81587680,0.90669782,-0.12485382,-0.09192854,0.17418796,0,0,0,0,0
353,73333,-0.02289361,-0.85409523,0.88330724,-0.11100547,-0.11250821,0.20333467,0,0,0,0,0
354,73541,0.04534242,-0.88229462,0.83407247,-0.09357103,-0.12217321,0.20630825,0,0,0,0,0
355,73750,0.11162510,-0.91927644,0.80606811,-0.07280828,-0.12365668,0.21523323,0,0,0,0,0
356,73958,0.17582087,-0.93937943,0.77295592,-0.08197766,-0.13197747,0.19990493,0,0,0,0,0
357,74166,0.24713526,-0.96024268,0.72414925,-0.04293811,-0.14160587,0.19482431,0,0,0,0,0
358,74375,0.30300451,-0.98497012,0.67723494,-0.05984960,-0.17334540,0.19763667,0,0,0,0,0
359,74583,0.36892562,-0.99088737,0.61405749,-0.01821260,-0.16197088,0.19287686,0,0,0,0,0
360,74791,0.42512207,-0.99787057,0.57255657,-0.01616757,-0.17025597,0.17455468,0,0,0,0,0
361,75000,0.48824878,-0.99859212,0.51300339,0.00970279,-0.16983310,0.18530652,0,0,0,0,0
362,75208,0.53938893,-0.98939116,0.46676420,0.01838104,-0.18660610,0.15544715,0,0,0,0,0
363,75416,0.59838449,-0.99693894,0.40373997,0.03328198,-0.18754397,0.16691310,0,0,0,0,0
364,75625,0.64809664,-0.97969893,0.34264273,0.04483433,-0.16694219,0.17166189,0,0,0,0,0
365,75833,0.68198850,-0.96742162,0.28218660,0.06029936,-0.18206466,0.13969737,0,0,0,0,0
366,76041,0.72878606,-0.95726750,0.21910917,0.06117662,-0.18637458,0.13587605,0,0,0,0,0
367,76250,0.77411629,-0.93388658,0.16125771,0.07019388,-0.18886011,0.13179289,0,0,0,0,0
368,76458,0.81618158,-0.90409953,0.09099563,0.10154775,-0.18493457,0.11261058,0,0,0,0,0
369,76666,0.84919298,-0.87264823,0.02094199,0.09670379,-0.18580290,0.10850801,0,0,0,0,0
370,76875,0.89262000,-0.84665958,-0.05050730,0.10775928,-0.19413831,0.07792722,0,0,0,0,0
371,77083,0.90650668,-0.80474663,-0.10780268,0.11069284,-0.20010400,0.07834862,0,0,0,0,0
372,77291,0.94134100,-0.76233080,-0.17642988,0.09363991,-0.19929066,0.04384629,0,0,0,0,0
373,77500,0.95378008,-0.71923383,-0.23496268,0.13274964,-0.21362148,0.04609631,0,0,0,0,0
374,77708,0.96760332,-0.67067228,-0.30917839,0.14813459,-0.19628786,0.03118117,0,0,0,0,0
375,77916,0.98739478,-0.62791459,-0.36347016,0.16242348,-0.17749365,0.01905026,0,0,0,0,0
376,78125,0.99266775,-0.57302668,-0.42530416,0.16151354,-0.18039619,-0.00210882,0,0,0,0,0
377,78333,0.99549023,-0.52517069,-0.47024105,0.16697203,-0.18049234,-0.01057925,0,0,0,0,0
378,78541,0.99280107,-0.46350763,-0.53580813,0.15848104,-0.17978423,-0.00750884,0,0,0,0,0
379,78750,0.99244612,-0.40420199,-0.60312393,0.18466450,-0.17428468,-0.01891282,0,0,0,0,0
380,78958,0.97950146,-0.34474695,-0.64747066,0.19171441,-0.15202359,-0.03458090,0,0,0,0,0
381,79166,0.97303193,-0.28602331,-0.69348939,0.18452291,-0.16036864,-0.04854299,0,0,0,0,0
382,79375,0.95877348,-0.20849646,-0.74067739,0.20545027,-0.15959365,-0.04591656,0,0,0,0,0
383,79583,0.93702488,-0.15577395,-0.78808538,0.17958719,-0.13348127,-0.06810681,0,0,0,0,0
384,79791,0.90539833,-0.09090582,-0.82471315,0.18891858,-0.13196809,-0.06693532,0,0,0,0,0
385,80000,0.87680538,-0.02572843,-0.85012690,0.19745740,-0.11733038,-0.09961237,0,0,0,0,0
386,80208,0.83401996,0.04372208,-0.88793895,0.18918412,-0.08389698,-0.08197529,0,0,0,0,0
387,80416,0.79921408,0.10521261,-0.92228619,0.20415466,-0.08017872,-0.09832353,0,0,0,0,0
388,80625,0.76867849,0.17578730,-0.93913494,0.20327476,-0.07167879,-0.10929617,0,0,0,0,0
389,80833,0.72759612,0.24440095,-0.96779358,0.21324524,-0.05564640,-0.13141583,0,0,0,0,0
390,81041,0.67605676,0.30219101,-0.97961536,0.18675844,-0.04247152,-0.14144742,0,0,0,0,0
391,81250,0.62702993,0.37247606,-0.98182989,0.17635877,-0.01921546,-0.15595505,0,0,0,0,0
392,81458,0.57958935,0.42303940,-0.99506564,0.19732172,-0.00535243,-0.16160758,0,0,0,0,0
393,81666,0.52059803,0.49218221,-0.99899270,0.17907080,-0.01301388,-0.16028078,0,0,0,0,0
394,81875,0.46235392,0.53675577,-0.99904543,0.17320366,0.02817118,-0.18916799,0,0,0,0,0
395,82083,0.41151038,0.59336388,-0.99016639,0.16242829,0.02539483,-0.17570432,0,0,0,0,0
396,82291,0.34963751,0.64630659,-0.99032021,0.15419018,0.03414003,-0.18490431,0,0,0,0,0
397,82500,0.28445344,0.68868372,-0.96477325,0.14864351,0.07477416,-0.20510756,0,0,0,0,0
398,82708,0.20901863,0.73835908,-0.96178484,0.14801639,0.07135644,-0.18867853,0,0,0,0,0
399,82916,0.15806296,0.77856847,-0.92622613,0.13556177,0.06832973,-0.17828453,0,0,0,0,0
400,83125,0.08843091,0.81567225,-0.90805351,0.13161576,0.08232759,-0.20926274,0,0,0,0,0
401,83333,0.01469039,0.85167255,-0.87311032,0.11863299,0.09790475,-0.20190123,0,0,0,0,0
402,83541,-0.04280378,0.88402651,-0.83872776,0.08605831,0.10982450,-0.19043171,0,0,0,0,0
403,83750,-0.10136879,0.91203642,-0.79930406,0.09795764,0.13249434,-0.21287182,0,0,0,0,0
404,83958,-0.17405092,0.93383836,-0.77324590,0.07175625,0.12302701,-0.20950909,0,0,0,0,0
405,84166,-0.23289977,0.95627959,-0.71608943,0.06356125,0.13345326,-0.19690399,0,0,0,0,0
406,84375,-0.29863672,0.98409722,-0.68089293,0.03290535,0.14238946,-0.20225478,0,0,0,0,0
407,84583,-0.36343943,0.98072645,-0.62814837,-0.00706143,0.16915538,-0.19428311,0,0,0,0,0
408,84791,-0.42352059,0.99649307,-0.56683794,0.00297408,0.16472529,-0.18147761,0,0,0,0,0
409,85000,-0.48827810,1.00453155,-0.51590913,-0.00341150,0.15378605,-0.18193090,0,0,0,0,0
410,85208,-0.53990547,0.99788358,-0.46983122,-0.03300001,0.18473707,-0.15896829,0,0,0,0,0
411,85416,-0.58726309,0.98711339,-0.39923781,-0.04708995,0.19558047,-0.16021106,0,0,0,0,0
412,85625,-0.65253377,0.98097006,-0.33822275,-0.04608943,0.17946592,-0.16463852,0,0,0,0,0
413,85833,-0.68805115,0.96805579,-0.28039506,-0.05315952,0.18108853,-0.15436357,0,0,0,0,0
414,86041,-0.73865121,0.94860321,-0.21711002,-0.08457084,0.19252549,-0.14278035,0,0,0,0,0
415,86250,-0.78015411,0.92764308,-0.14657819,-0.08655335,0.19511869,-0.11144861,0,0,0,0,0
416,86458,-0.81858320,0.91047489,-0.08603729,-0.09126833,0.18362907,-0.11466315,0,0,0,0,0
417,86666,-0.85967659,0.87514988,-0.02902833,-0.12508419,0.18817220,-0.09496445,0,0,0,0,0
418,86875,-0.89355678,0.84803835,0.04834460,-0.11247633,0.18621377,-0.07994063,0,0,0,0,0
419,87083,-0.91369885,0.81575231,0.10587609,-0.10585479,0.18875843,-0.06963909,0,0,0,0,0
420,87291,-0.93438481,0.75743650,0.17443695,-0.09934390,0.19777852,-0.06023714,0,0,0,0,0
421,87500,-0.95617863,0.71779355,0.23418305,-0.13442748,0.21315880,-0.05307595,0,0,0,0,0
422,87708,-0.97798744,0.66290752,0.29659148,-0.15603314,0.18044377,-0.03086096,0,0,0,0,0
423,87916,-0.98762013,0.62534339,0.36007573,-0.14125485,0.18839420,-0.03541575,0,0,0,0,0
424,88125,-0.98964078,0.57242197,0.41057915,-0.15660629,0.18847860,-0.02344779,0,0,0,0,0
425,88333,-0.99696357,0.52321992,0.48017746,-0.14950268,0.18535301,0.00839801,0,0,0,0,0
426,88541,-0.99981268,0.46581814,0.54377605,-0.16998307,0.16263775,0.02453792,0,0,0,0,0
427,88750,-0.99679806,0.39496794,0.59448365,-0.16738662,0.18187653,0.03889288,0,0,0,0,0
428,88958,-0.98069619,0.33639260,0.64519214,-0.19139513,0.16123130,0.02055811,0,0,0,0,0
429,89166,-0.97365540,0.28592436,0.69552451,-0.16742030,0.15876202,0.04541581,0,0,0,0,0
430,89375,-0.95772908,0.22313387,0.74713447,-0.19603933,0.16175899,0.06901644,0,0,0,0,0
431,89583,-0.93134292,0.14800282,0.78979887,-0.20316557,0.11676844,0.05658509,0,0,0,0,0
432,89791,-0.90301365,0.09852275,0.82330953,-0.19654341,0.13203888,0.08093657,0,0,0,0,0
433,90000,-0.88317909,0.01903011,0.86275124,-0.19522178,0.11311231,0.09786324,0,0,0,0,0
434,90208,-0.84387847,-0.04151960,0.89234771,-0.18907552,0.09360880,0.09308260,0,0,0,0,0
435,90416,-0.81323478,-0.10926445,0.92269611,-0.20130730,0.09511236,0.09628493,0,0,0,0,0
436,90625,-0.76468335,-0.17527015,0.94549886,-0.20090477,0.07455440,0.11715168,0,0,0,0,0
437,90833,-0.73178513,-0.23917758,0.96539828,-0.18166056,0.04633694,0.14973635,0,0,0,0,0
438,91041,-0.67533917,-0.30475914,0.97695038,-0.18825048,0.02987515,0.14799306,0,0,0,0,0
439,91250,-0.62750408,-0.35770228,0.98206951,-0.18454233,0.02338473,0.14050420,0,0,0,0,0
440,91458,-0.57474902,-0.42459228,1.00067898,-0.19229457,0.00017992,0.16538131,0,0,0,0,0
441,91666,-0.51497091,-0.48882808,0.99618657,-0.19239090,0.01324056,0.16037327,0,0,0,0,0
442,91875,-0.44982235,-0.54377082,0.99889448,-0.15515719,-0.00405868,0.17401029,0,0,0,0,0
443,92083,-0.40033716,-0.58439013,0.98665568,-0.16398985,-0.03494594,0.17762136,0,0,0,0,0
444,92291,-0.34322643,-0.64507689,0.98195892,-0.15645746,-0.03332810,0.18073052,0,0,0,0,0
445,92500,-0.27327518,-0.69259609,0.97222526,-0.15224916,-0.04531259,0.20516617,0,0,0,0,0
446,92708,-0.21802862,-0.74107793,0.95380049,-0.13384614,-0.06610269,0.18620244,0,0,0,0,0
447,92916,-0.15120329,-0.77790430,0.92872810,-0.12871723,-0.06526914,0.19737326,0,0,0,0,0
448,93125,-0.08602945,-0.82478546,0.90749708,-0.13437472,-0.10183518,0.18789170,0,0,0,0,0
449,93333,-0.02299365,-0.84727084,0.87179283,-0.12375684,-0.09156616,0.18839834,0,0,0,0,0
450,93541,0.04208315,-0.88059295,0.84416008,-0.10354658,-0.09149976,0.18088698,0,0,0,0,0
451,93750,0.10329345,-0.91415231,0.81169673,-0.09697678,-0.13326144,0.20670455,0,0,0,0,0
452,93958,0.17182524,-0.93992468,0.76448135,-0.06425188,-0.11828345,0.19721721,0,0,0,0,0
453,94166,0.23420500,-0.95961029,0.71969946,-0.04614311,-0.13883286,0.20064965,0,0,0,0,0
454,94375,0.30193821,-0.97832181,0.67138657,-0.03924533,-0.14544224,0.20915074,0,0,0,0,0
455,94583,0.36470546,-0.99357257,0.62297386,-0.02221266,-0.14518888,0.19837377,0,0,0,0,0
456,94791,0.42800899,-1.00170072,0.57202281,-0.00949532,-0.15412563,0.19233160,0,0,0,0,0
457,95000,0.48358107,-1.00094631,0.52122189,0.00462777,-0.15072800,0.18336889,0,0,0,0,0
458,95208,0.53742944,-0.98926578,0.46993909,0.02354465,-0.17143969,0.18228767,0,0,0,0,0
459,95416,0.59460730,-0.99375704,0.39238361,0.04718615,-0.19128877,0.18280681,0,0,0,0,0
460,95625,0.64381772,-0.98687260,0.34330821,0.03561858,-0.19040913,0.16810937,0,0,0,0,0
461,95833,0.68176813,-0.96904195,0.28248362,0.06253217,-0.17953535,0.15203724,0,0,0,0,0
462,96041,0.73944443,-0.94770921,0.21744801,0.06967031,-0.18627342,0.13668999,0,0,0,0,0
463,96250,0.77851681,-0.93189387,0.14775137,0.08275339,-0.18599187,0.11629591,0,0,0,0,0
464,96458,0.82010451,-0.90796172,0.09217657,0.08819880,-0.17312025,0.11151958,0,0,0,0,0
465,96666,0.85482331,-0.86954383,0.01958362,0.09935201,-0.20245299,0.10182981,0,0,0,0,0
466,96875,0.89132333,-0.84363543,-0.04064415,0.10300086,-0.19336835,0.09307687,0,0,0,0,0
467,97083,0.91540970,-0.80179246,-0.11335945,0.12425545,-0.19071220,0.07370876,0,0,0,0,0
468,97291,0.93907480,-0.76168384,-0.17094910,0.11698416,-0.19181650,0.03915009,0,0,0,0,0
469,97500,0.95678272,-0.71396466,-0.24344204,0.14000467,-0.19026346,0.04448262,0,0,0,0,0
470,97708,0.97153726,-0.68052942,-0.30840241,0.14270068,-0.20312185,0.03064804,0,0,0,0,0
471,97916,0.97854820,-0.62784512,-0.35684406,0.15834271,-0.20266906,0.03291331,0,0,0,0,0
472,98125,0.99193902,-0.57346385,-0.42459907,0.15427262,-0.19543240,0.02432223,0,0,0,0,0
473,98333,0.99844526,-0.51531511,-0.48146684,0.14882883,-0.19388946,-0.00184539,0,0,0,0,0
474,98541,0.99972036,-0.45954000,-0.53437184,0.17630331,-0.19627956,-0.02168656,0,0,0,0,0
475,98750,0.98746111,-0.41646732,-0.59595497,0.16214883,-0.17869990,-0.03244038,0,0,0,0,0
476,98958,0.98301568,-0.34512664,-0.64266609,0.17879443,-0.18041607,-0.04203196,0,0,0,0,0
477,99166,0.97134253,-0.27903269,-0.69830553,0.19345687,-0.15235545,-0.05898834,0,0,0,0,0
478,99375,0.95549837,-0.22132827,-0.73958454,0.21329360,-0.13708460,-0.05041549,0,0,0,0,0
479,99583,0.93608855,-0.15946407,-0.79021199,0.19481157,-0.13073357,-0.04811182,0,0,0,0,0
480,99791,0.90855704,-0.07527164,-0.81763578,0.19448081,-0.12410023,-0.06921366,0,0,0,0,0
481,100000,0.87757510,-0.02286586,-0.86590683,0.19829818,-0.10856417,-0.09002367,0,0,0,0,0
482,100208,0.83672960,0.04667215,-0.88887607,0.17271233,-0.09890164,-0.09900008,0,0,0,0,0
483,100416,0.80151822,0.10767588,-0.90600571,0.19561163,-0.07283226,-0.13013127,0,0,0,0,0
484,100625,0.73877885,0.16757407,-0.91168140,0.20418186,-0.05591046,-0.12617536,0,0,0,0,0
485,100833,0.68023406,0.21724406,-0.90285860,0.18191060,-0.06232080,-0.13516231,0,0,0,0,0
486,101041,0.62144943,0.28045082,-0.88859411,0.21697494,-0.04349926,-0.15679865,0,0,0,0,0
487,101250,0.54104843,0.32075655,-0.85935378,0.20910697,-0.02325102,-0.18447217,0,0,0,0,0
488,101458,0.47590606,0.34977317,-0.82011401,0.21711328,-0.02184024,-0.20336376,0,0,0,0,0
489,101666,0.40435417,0.38007039,-0.75871244,0.26294068,-0.00032191,-0.23876139,0,0,0,0,0
490,101875,0.33276556,0.38897005,-0.71764749,0.27113810,0.02293581,-0.28503347,0,0,0,0,0
491,102083,0.26660075,0.39227932,-0.66057124,0.31723561,0.02123560,-0.34737809,0,0,0,0,0
492,102291,0.21002409,0.38951480,-0.59693990,0.34153842,0.07538478,-0.42945120,0,0,0,0,0
493,102500,0.16219244,0.39058160,-0.52752280,0.38504576,0.13565245,-0.50880908,0,0,0,0,0
494,102708,0.10004727,0.36824778,-0.46796340,0.44926448,0.19069375,-0.60256155,0,0,0,0,0
495,102916,0.06963794,0.33597878,-0.41581613,0.46388619,0.26190525,-0.71095992,0,0,0,0,0
496,103125,0.03491786,0.30170693,-0.34317228,0.46894554,0.36164883,-0.83974899,0,0,0,0,0
497,103333,-0.00104419,0.27459513,-0.28991492,0.49238817,0.44684042,-0.94434434,0,0,0,0,0
498,103541,-0.00269712,0.24521543,-0.23059926,0.49049515,0.57106343,-1.06055270,0,0,0,0,0
499,103750,-0.01963848,0.20930198,-0.18877066,0.47132642,0.66498176,-1.15443962,0,0,0,0,0
500,103958,-0.03089939,0.18532997,-0.14858240,0.42684550,0.81839307,-1.23575611,0,0,0,0,0
501,104166,-0.03788079,0.14699874,-0.11568409,0.34957469,0.93157213,-1.30329563,0,0,0,0,0
502,104375,-0.03978662,0.12928522,-0.09176437,0.31438979,1.04286342,-1.35425411,0,0,0,0,0
503,104583,-0.04646922,0.11247446,-0.06775412,0.23828629,1.14376081,-1.38085161,0,0,0,0,0
504,104791,-0.03584325,0.10073513,-0.05451367,0.14455005,1.24413433,-1.36034003,0,0,0,0,0
505,105000,-0.05106139,0.09747838,-0.05505704,0.03351263,1.31862502,-1.33960805,0,0,0,0,0
506,105208,-0.05803270,0.10147412,-0.04755375,-0.06984168,1.34472931,-1.27761405,0,0,0,0,0
507,105416,-0.05084043,0.09699028,-0.04405771,-0.16063316,1.39887965,-1.23177197,0,0,0,0,0
508,105625,-0.06835767,0.08643523,-0.04221952,-0.26733065,1.42791397,-1.16728939,0,0,0,0,0
509,105833,-0.05754962,0.09382861,-0.02604853,-0.38530323,1.46954171,-1.09557802,0,0,0,0,0
510,106041,-0.07344435,0.09431415,-0.02306178,-0.46753551,1.47015367,-1.03532540,0,0,0,0,0
511,106250,-0.06999027,0.09016115,-0.01552641,-0.55855241,1.49601943,-0.96555013,0,0,0,0,0
512,106458,-0.07643934,0.08968258,-0.00533846,-0.64943881,1.51914883,-0.87180015,0,0,0,0,0
513,106666,-0.08672728,0.08465418,-0.00366798,-0.75140796,1.51417577,-0.77927197,0,0,0,0,0
514,106875,-0.08643030,0.08510527,0.00545806,-0.79518379,1.50901579,-0.69676534,0,0,0,0,0
515,107083,-0.09907099,0.08750168,0.01371409,-0.90463947,1.53049421,-0.60374573,0,0,0,0,0
516,107291,-0.09440905,0.07567411,0.01864010,-0.97261375,1.49288692,-0.51754123,0,0,0,0,0
517,107500,-0.09719278,0.07760013,0.01804230,-1.06477414,1.48349373,-0.42700809,0,0,0,0,0
518,107708,-0.09255157,0.07151653,0.03888179,-1.11949442,1.44901337,-0.33086091,0,0,0,0,0
519,107916,-0.09828363,0.06996909,0.03366080,-1.17447160,1.41000717,-0.22018174,0,0,0,0,0
520,108125,-0.10087188,0.05697951,0.04023043,-1.24776762,1.37721424,-0.13792469,0,0,0,0,0
521,108333,-0.10358696,0.05368155,0.04889551,-1.29693566,1.33074173,-0.01668990,0,0,0,0,0
522,108541,-0.10274959,0.04174943,0.05361762,-1.35596783,1.28556049,0.07367802,0,0,0,0,0
523,108750,-0.09935508,0.04451484,0.05331824,-1.40495721,1.22521294,0.16104341,0,0,0,0,0
524,108958,-0.09669681,0.03090998,0.06298223,-1.42868707,1.16999570,0.27264374,0,0,0,0,0
525,109166,-0.09330236,0.02725873,0.06555999,-1.46172050,1.08141971,0.36326256,0,0,0,0,0
526,109375,-0.08442600,0.01915423,0.07883122,-1.47600014,1.02137094,0.46385777,0,0,0,0,0
527,109583,-0.09171521,0.00694239,0.08062418,-1.50008539,0.96106232,0.56375315,0,0,0,0,0
528,109791,-0.08885086,0.01413176,0.08495865,-1.51044203,0.88363665,0.64089797,0,0,0,0,0
529,110000,-0.08322298,0.00029266,0.08439534,-1.53316365,0.78886504,0.72426017,0,0,0,0,0
530,110208,-0.08718587,-0.00804121,0.08613366,-1.52102965,0.70081675,0.83414926,0,0,0,0,0
531,110416,-0.07318302,-0.01634084,0.08988641,-1.49867551,0.62182888,0.89826985,0,0,0,0,0
532,110625,-0.08043200,-0.01971620,0.09513502,-1.48598918,0.50407016,0.97524793,0,0,0,0,0
533,110833,-0.07597893,-0.01956200,0.09437425,-1.46445437,0.42293494,1.05938083,0,0,0,0,0
534,111041,-0.06298127,-0.03548818,0.09684639,-1.43901335,0.32445714,1.11362687,0,0,0,0,0
535,111250,-0.06647207,-0.03485444,0.09748598,-1.40881269,0.23844067,1.18313045,0,0,0,0,0
536,111458,-0.05499572,-0.04073585,0.09730406,-1.37446407,0.13925216,1.25028217,0,0,0,0,0
537,111666,-0.05532306,-0.05597407,0.11149983,-1.31510710,0.02530266,1.31975574,0,0,0,0,0
538,111875,-0.04864323,-0.06266999,0.10185193,-1.28231638,-0.05140882,1.33589795,0,0,0,0,0
539,112083,-0.04556128,-0.05669140,0.09860606,-1.24005828,-0.18844171,1.38929043,0,0,0,0,0
540,112291,-0.03339023,-0.05329986,0.11133772,-1.16855069,-0.25108712,1.43108172,0,0,0,0,0
541,112500,-0.03207703,-0.07406203,0.08686876,-1.10509680,-0.36681882,1.44905811,0,0,0,0,0
542,112708,-0.01484683,-0.07347692,0.08626539,-1.03475563,-0.44867528,1.46977585,0,0,0,0,0
543,112916,-0.00810779,-0.07715356,0.09359822,-0.96108076,-0.55087652,1.52096341,0,0,0,0,0
544,113125,-0.00927705,-0.07037427,0.09171524,-0.85919734,-0.65894628,1.51824615,0,0,0,0,0
545,113333,-0.00658329,-0.08331724,0.09538457,-0.79380284,-0.72282946,1.51632454,0,0,0,0,0
546,113541,-0.00520416,-0.09421963,0.09199812,-0.69070457,-0.82245294,1.49818815,0,0,0,0,0
547,113750,0.01620053,-0.09483945,0.08043459,-0.60208877,-0.89917813,1.49998237,0,0,0,0,0
548,113958,0.01775224,-0.09363166,0.07227511,-0.51614933,-0.97236179,1.48431598,0,0,0,0,0
549,114166,0.01039503,-0.09561844,0.07322601,-0.43956445,-1.04248611,1.47024769,0,0,0,0,0
550,114375,0.03406235,-0.08945127,0.06863053,-0.34467876,-1.12130611,1.45690224,0,0,0,0,0
551,114583,0.02857430,-0.10120172,0.06609189,-0.24422041,-1.19945821,1.42014725,0,0,0,0,0
552,114791,0.04127963,-0.09926270,0.06287211,-0.12504531,-1.24761322,1.38001993,0,0,0,0,0
553,115000,0.04348875,-0.10251862,0.04893607,-0.03412702,-1.30078745,1.32555752,0,0,0,0,0
554,115208,0.05657379,-0.10289730,0.04926330,0.06734696,-1.33991922,1.27913611,0,0,0,0,0
555,115416,0.05976703,-0.10633538,0.03387127,0.17348484,-1.39085263,1.23127541,0,0,0,0,0
556,115625,0.06432421,-0.09556218,0.03544150,0.26391376,-1.41745481,1.17069609,0,0,0,0,0
557,115833,0.06812358,-0.09415772,0.02547794,0.36280595,-1.45762147,1.10050125,0,0,0,0,0
558,116041,0.07467596,-0.08687791,0.02251867,0.46027888,-1.48804019,1.01832029,0,0,0,0,0
559,116250,0.07698683,-0.09543826,0.01537212,0.56664600,-1.48747956,0.94805141,0,0,0,0,0
560,116458,0.08243489,-0.09157839,0.00007941,0.64830221,-1.51151945,0.85250330,0,0,0,0,0
561,116666,0.08800936,-0.08484082,0.00161645,0.72134525,-1.52012057,0.78065139,0,0,0,0,0
562,116875,0.08999961,-0.09037222,0.00201099,0.82531867,-1.51886275,0.70738966,0,0,0,0,0
563,117083,0.09129770,-0.08477642,-0.01098232,0.90711336,-1.53240320,0.61022076,0,0,0,0,0
564,117291,0.09615452,-0.06696314,-0.01778251,0.97468233,-1.50274511,0.52773903,0,0,0,0,0
565,117500,0.10316733,-0.06206089,-0.03242732,1.05337716,-1.47080171,0.42440828,0,0,0,0,0
566,117708,0.09541972,-0.07092243,-0.02193921,1.11646677,-1.42829033,0.31499325,0,0,0,0,0
567,117916,0.09190397,-0.07242953,-0.04382986,1.17652080,-1.42072197,0.23770173,0,0,0,0,0
568,118125,0.10504543,-0.05314648,-0.05152414,1.23302508,-1.36062965,0.10848074,0,0,0,0,0
569,118333,0.09197392,-0.05355342,-0.05583639,1.28645691,-1.34206534,0.03465756,0,0,0,0,0
570,118541,0.10944501,-0.04107988,-0.05765870,1.34051293,-1.27982413,-0.08202841,0,0,0,0,0
571,118750,0.09217337,-0.04176445,-0.05320142,1.39927477,-1.21363426,-0.16708032,0,0,0,0,0
572,118958,0.09094357,-0.03511298,-0.06978611,1.41086713,-1.15000115,-0.27920255,0,0,0,0,0
573,119166,0.10202501,-0.02622876,-0.06885876,1.48581692,-1.10748804,-0.34723409,0,0,0,0,0
574,119375,0.09363788,-0.01776780,-0.07026412,1.50260835,-1.03433325,-0.45579031,0,0,0,0,0
575,119583,0.09943119,-0.01422865,-0.07326127,1.50213121,-0.93491808,-0.55438345,0,0,0,0,0
576,119791,0.08932622,-0.00154875,-0.08359663,1.53757963,-0.87024819,-0.64236373,0,0,0,0,0
577,120000,0.08806377,0.00008211,-0.08582949,1.52555594,-0.78414326,-0.71611744,0,0,0,0,0
578,120208,0.08005613,0.01054140,-0.08560244,1.51044305,-0.70394457,-0.81172977,0,0,0,0,0
579,120416,0.07625266,0.01176996,-0.09543449,1.52280762,-0.60413451,-0.90874081,0,0,0,0,0
580,120625,0.06985827,0.01146121,-0.09144655,1.49796690,-0.51602075,-0.97393344,0,0,0,0,0
581,120833,0.07344245,0.01729569,-0.09784730,1.48047029,-0.41571038,-1.04743383,0,0,0,0,0
582,121041,0.06524797,0.03105853,-0.09283068,1.45964561,-0.33812072,-1.12868905,0,0,0,0,0
583,121250,0.06549127,0.03592246,-0.10320185,1.41294706,-0.20771337,-1.18729732,0,0,0,0,0
584,121458,0.05604070,0.04935388,-0.10419918,1.40353175,-0.12981222,-1.24548105,0,0,0,0,0
585,121666,0.05022117,0.04600177,-0.10171365,1.33179677,-0.04972022,-1.30357901,0,0,0,0,0
586,121875,0.03756870,0.05033185,-0.09790127,1.26740969,0.06920336,-1.33299982,0,0,0,0,0
587,122083,0.04092662,0.06739523,-0.10020226,1.23594511,0.17407847,-1.39667763,0,0,0,0,0
588,122291,0.03770136,0.06352631,-0.10448103,1.15543049,0.25653018,-1.42938507,0,0,0,0,0
589,122500,0.02827781,0.07144821,-0.08535710,1.09214415,0.35437378,-1.44488890,0,0,0,0,0
590,122708,0.02490097,0.07357719,-0.09327684,1.02189014,0.44673296,-1.49959811,0,0,0,0,0
591,122916,0.01255304,0.07493074,-0.10374726,0.96387325,0.55956772,-1.49549463,0,0,0,0,0
592,123125,0.01485597,0.07822022,-0.08518420,0.84776829,0.64035928,-1.52984613,0,0,0,0,0
593,123333,0.00594746,0.09183772,-0.09096974,0.79295808,0.73437338,-1.52070195,0,0,0,0,0
594,123541,-0.00031498,0.09141772,-0.07818393,0.69926487,0.84149660,-1.52420174,0,0,0,0,0
595,123750,-0.00317538,0.09360482,-0.08572873,0.59280476,0.89123263,-1.49671525,0,0,0,0,0
596,123958,-0.01209817,0.09081764,-0.07605829,0.52662517,0.95690882,-1.50303898,0,0,0,0,0
597,124166,-0.01498527,0.10362535,-0.07276642,0.41923226,1.05881233,-1.47698326,0,0,0,0,0
598,124375,-0.03101228,0.09787406,-0.06701629,0.35386804,1.11540001,-1.45354106,0,0,0,0,0
599,124583,-0.04524931,0.09705008,-0.06726403,0.21772327,1.16979030,-1.40997461,0,0,0,0,0
600,124791,-0.04137076,0.10265355,-0.05838539,0.13249273,1.25389827,-1.38230354,0,0,0,0,0
601,125000,-0.05192997,0.10497716,-0.05358477,0.04446396,1.33053594,-1.32849894,0,0,0,0,0
602,125208,-0.05084228,0.10110423,-0.04446336,-0.08010652,1.34981838,-1.28319142,0,0,0,0,0
603,125416,-0.05820024,0.09617133,-0.04747336,-0.18045385,1.40487395,-1.21329699,0,0,0,0,0
604,125624,-0.05918296,0.10723225,-0.04046527,-0.26541350,1.42517346,-1.18051752,0,0,0,0,0
605,125833,-0.06590448,0.09545733,-0.01787829,-0.35508029,1.47021158,-1.10296460,0,0,0,0,0
606,126041,-0.07142165,0.09555904,-0.01407655,-0.43506042,1.49374423,-1.03414252,0,0,0,0,0
607,126250,-0.08061494,0.08551801,-0.00963231,-0.55940999,1.49736891,-0.95340576,0,0,0,0,0
608,126458,-0.08448575,0.09237357,-0.00797007,-0.63787450,1.50180042,-0.86855919,0,0,0,0,0
609,126666,-0.09009616,0.09670074,-0.00436141,-0.72494496,1.51776496,-0.78878121,0,0,0,0,0
610,126874,-0.09322381,0.08543537,0.00036935,-0.82203744,1.51100485,-0.66320248,0,0,0,0,0
611,127083,-0.09932667,0.08011331,0.01427886,-0.88774799,1.51626937,-0.60999816,0,0,0,0,0
612,127291,-0.09531809,0.06589957,0.01588433,-0.97703591,1.49792478,-0.53648277,0,0,0,0,0
613,127500,-0.10539228,0.07498350,0.02391427,-1.05165431,1.49047954,-0.43497200,0,0,0,0,0
614,127708,-0.08774885,0.06782005,0.02859794,-1.12940164,1.46049522,-0.33388402,0,0,0,0,0
615,127916,-0.10556507,0.06363482,0.03077824,-1.17119742,1.41756115,-0.22867145,0,0,0,0,0
616,128124,-0.10254268,0.05638795,0.04776450,-1.25216572,1.37230988,-0.12426545,0,0,0,0,0
617,128333,-0.09496853,0.05214680,0.04271926,-1.31075707,1.32317440,-0.02576260,0,0,0,0,0
618,128541,-0.09582681,0.05621968,0.04830457,-1.34163322,1.28284983,0.06907074,0,0,0,0,0
619,128750,-0.09767927,0.04275902,0.06451752,-1.38725188,1.22202087,0.16298406,0,0,0,0,0
620,128958,-0.09393105,0.03612420,0.06172441,-1.42560699,1.15277984,0.26954360,0,0,0,0,0
621,129166,-0.08822671,0.03197741,0.07017879,-1.45824533,1.08914496,0.37209877,0,0,0,0,0
622,129374,-0.09825799,0.02921838,0.07105387,-1.49213259,1.02712201,0.46077521,0,0,0,0,0
623,129583,-0.09770393,0.01981894,0.07328231,-1.51215838,0.94533929,0.54134611,0,0,0,0,0
624,129791,-0.08572623,-0.00323633,0.08558490,-1.51140216,0.85946297,0.65255341,0,0,0,0,0
625,130000,-0.09039885,0.00387567,0.08769845,-1.51790774,0.80085251,0.73157843,1,0,1,0,0
626,130208,-0.08146111,-0.00913195,0.09149779,-1.48999832,0.69849821,0.81338112,1,0,1,0,0
627,130416,-0.08459033,-0.02021292,0.08559571,-1.50711795,0.59860470,0.89819635,1,0,1,0,0
628,130624,-0.06889965,-0.01932291,0.08823666,-1.48892625,0.52221983,0.98578485,1,0,1,0,0
629,130833,-0.07346761,-0.01956337,0.09617004,-1.47070035,0.42908551,1.04746601,1,0,1,0,0
630,131041,-0.07037099,-0.03204537,0.09918212,-1.45164147,0.32961536,1.12408301,1,0,1,0,0
631,131250,-0.05720551,-0.04458589,0.10021052,-1.41200126,0.21790510,1.17449047,1,0,1,0,0
632,131458,-0.05461980,-0.03710892,0.10215979,-1.39234544,0.11219150,1.25507791,1,0,1,0,0
633,131666,-0.05560119,-0.04483511,0.09909247,-1.34099480,0.03148550,1.29209959,1,0,1,0,0
634,131875,-0.04605835,-0.05132632,0.10471001,-1.28631845,-0.08340276,1.33515953,1,0,1,0,0
635,132083,-0.04273794,-0.05807431,0.10168969,-1.22449762,-0.16403647,1.39250265,1,0,1,0,0
636,132291,-0.03527523,-0.06321425,0.10392792,-1.16033115,-0.27315335,1.41881284,1,0,1,0,0
637,132500,-0.02256159,-0.06098644,0.09797186,-1.09520847,-0.37349827,1.45841376,1,0,1,0,0
638,132708,-0.01974821,-0.06300409,0.08733339,-1.03575776,-0.45085525,1.46816745,1,0,1,0,0
639,132916,-0.01063182,-0.06985174,0.09977924,-0.95563835,-0.55204385,1.51764070,1,0,1,0,0
640,133125,-0.00756734,-0.08597186,0.09463680,-0.85882895,-0.65399102,1.50735732,1,0,1,0,0
641,133333,0.00989769,-0.08180884,0.08465305,-0.78740995,-0.73021148,1.51505423,1,0,1,0,0
642,133541,0.00248432,-0.08471896,0.08780008,-0.68510751,-0.82116032,1.52147672,1,0,1,0,0
643,133750,0.00731695,-0.09160497,0.08555243,-0.62207370,-0.89505990,1.51204488,1,0,1,0,0
644,133958,0.01628815,-0.09699378,0.07153456,-0.51241175,-0.98159511,1.48190801,1,0,1,0,0
645,134166,0.02211303,-0.08904295,0.06812806,-0.41736603,-1.05707729,1.47676312,1,0,1,0,0
646,134375,0.01944975,-0.09906078,0.06334126,-0.31818739,-1.12735263,1.43954579,1,0,1,0,0
647,134583,0.03809999,-0.09689012,0.07010995,-0.22468562,-1.19565948,1.41276100,1,0,1,0,0
648,134791,0.04010904,-0.09169953,0.06243235,-0.12349692,-1.23335549,1.36514068,1,0,1,0,0
649,135000,0.05163445,-0.10154016,0.04933413,-0.02880130,-1.30473225,1.32328129,1,0,1,0,0
650,135208,0.05786069,-0.09995520,0.03989674,0.05430549,-1.36290076,1.28733214,1,0,1,0,0
651,135416,0.05860464,-0.10253920,0.03522456,0.17040328,-1.38004074,1.22800583,1,0,1,0,0
652,135625,0.05891845,-0.09515879,0.04312611,0.27210028,-1.43454691,1.15839281,1,0,1,0,0
653,135833,0.06569495,-0.09463276,0.02421230,0.38036226,-1.45767126,1.10074191,1,0,1,0,0
654,136041,0.07673453,-0.10336892,0.02166950,0.45127103,-1.47141903,1.03744926,1,0,1,0,0
655,136250,0.07436189,-0.08844943,0.01401842,0.55862883,-1.50398061,0.95776008,1,0,1,0,0
656,136458,0.08259074,-0.09250935,-0.00015863,0.64406105,-1.51280414,0.86398659,1,0,1,0,0
657,136666,0.08528780,-0.08571268,-0.00213088,0.74427146,-1.51664702,0.79278591,1,0,1,0,0
658,136875,0.09238720,-0.09234055,-0.00777184,0.81024293,-1.50787711,0.69275617,1,0,1,0,0
659,137083,0.09049517,-0.08126196,-0.01333645,0.89673293,-1.51352087,0.61180671,1,0,1,0,0
660,137291,0.09046650,-0.07318184,-0.01788124,0.98677829,-1.49507199,0.51525763,1,0,1,0,0
661,137500,0.09350689,-0.07097241,-0.02937687,1.04705961,-1.46613814,0.42228923,1,0,1,0,0
662,137708,0.09238408,-0.06384790,-0.03386123,1.12975057,-1.44913911,0.32481161,1,0,1,0,0
663,137916,0.10250623,-0.06334936,-0.03550397,1.17065584,-1.40584161,0.23246590,1,0,1,0,0
664,138125,0.09664623,-0.05662837,-0.04002006,1.24886477,-1.34995425,0.13359088,1,0,1,0,0
665,138333,0.09832203,-0.05728820,-0.04883639,1.29762740,-1.33492585,0.03349576,1,0,1,0,0
666,138541,0.09491377,-0.04512121,-0.05939326,1.33378447,-1.28919145,-0.06938794,1,0,1,0,0
667,138750,0.09669083,-0.04459366,-0.06177978,1.40831498,-1.23189269,-0.16301239,1,0,1,0,0
668,138958,0.09709171,-0.03272370,-0.07129525,1.42784381,-1.18270051,-0.26131963,1,0,1,0,0
669,139166,0.10032476,-0.02750572,-0.06906548,1.45382259,-1.10140332,-0.38195957,1,0,1,0,0
670,139375,0.09184255,-0.01928022,-0.07419525,1.48956684,-1.01122343,-0.46265897,1,0,1,0,0
671,139583,0.09302740,-0.01749212,-0.08473630,1.51114064,-0.95849013,-0.56733629,1,0,1,0,0
672,139791,0.09142318,-0.00369144,-0.06409244,1.50196503,-0.86781148,-0.65094717,1,0,1,0,0
673,140000,0.08976565,0.00085906,-0.08600548,1.52258015,-0.77634798,-0.73049274,1,0,1,1,0
674,140208,0.08787504,0.00333621,-0.09641321,1.50882682,-0.70392540,-0.80787896,1,0,1,1,0
675,140416,0.07190441,0.01137233,-0.08426416,1.51335578,-0.60143415,-0.90903808,1,0,1,1,0
676,140625,0.08747062,0.01065773,-0.10108381,1.48127133,-0.52086460,-0.97389902,1,0,1,1,0
677,140833,0.07129301,0.02900319,-0.09154771,1.47705215,-0.43840493,-1.05161332,1,0,1,1,0
678,141041,0.06891910,0.02877328,-0.10052516,1.46117427,-0.32351790,-1.13704152,1,0,1,1,0
679,141250,0.06489355,0.03481417,-0.10391023,1.41489543,-0.23052129,-1.19528940,1,0,1,1,0
680,141458,0.05972285,0.03964317,-0.10567147,1.39795418,-0.12792485,-1.24825468,1,0,1,1,0
681,141666,0.04563086,0.04702597,-0.10569395,1.32872613,-0.03577198,-1.29770981,1,0,1,1,0
682,141875,0.03504085,0.05244943,-0.09791756,1.28768791,0.07204178,-1.35519439,1,0,1,1,0
683,142083,0.03932465,0.05687042,-0.09204819,1.23961279,0.18400445,-1.39290960,1,0,1,1,0
684,142291,0.02773944,0.05924346,-0.09621886,1.17426508,0.28284063,-1.42669834,1,0,1,1,0
685,142500,0.03493889,0.06740317,-0.09378096,1.08541852,0.36140635,-1.45840945,1,0,1,1,0
686,142708,0.01703267,0.07622497,-0.09272247,1.02565636,0.44735307,-1.48351424,1,0,1,1,0
687,142916,0.02235791,0.08474557,-0.09397368,0.95344313,0.56189264,-1.51345790,1,0,1,1,0
688,143125,0.00183736,0.08508570,-0.09582708,0.87702593,0.65046669,-1.50684343,1,0,1,1,0
689,143333,0.00084644,0.08732453,-0.08976686,0.78781195,0.73723868,-1.52598673,1,0,1,1,0
690,143541,-0.00086397,0.08664400,-0.07829737,0.70896008,0.83034272,-1.51571470,1,0,1,1,0
691,143750,-0.01329691,0.09610017,-0.07402500,0.62071377,0.90412540,-1.50671715,1,0,1,1,0
692,143958,-0.02257339,0.09686725,-0.07021447,0.52109884,0.99096758,-1.49071772,1,0,1,1,0
693,144166,-0.02400057,0.09475641,-0.06470067,0.42179134,1.04623790,-1.49047518,1,0,1,1,0
694,144375,-0.03280117,0.09698629,-0.06108842,0.32753045,1.12937041,-1.45382352,1,0,1,1,0
695,144583,-0.02713960,0.10340552,-0.06081599,0.22224149,1.18598413,-1.42825425,1,0,1,1,0
696,144791,-0.03810312,0.09388069,-0.05687247,0.11974046,1.24049178,-1.38766846,1,0,1,1,0
697,145000,-0.04004484,0.09660830,-0.06502711,0.02078382,1.29467509,-1.33678046,1,0,1,1,0
698,145208,-0.05506233,0.10407393,-0.04220724,-0.07259854,1.35916364,-1.30579693,1,0,1,1,0
699,145416,-0.06670105,0.09633292,-0.04304944,-0.18199291,1.38582376,-1.21738486,1,0,1,1,0
700,145625,-0.06881810,0.09323827,-0.03936864,-0.26167306,1.42202248,-1.15015147,1,0,1,1,0
701,145833,-0.07458058,0.09578164,-0.02847527,-0.36609835,1.45469922,-1.09026061,1,0,1,1,0
702,146041,-0.06981590,0.09540061,-0.02047030,-0.45282512,1.48435178,-1.01969408,1,0,1,1,0
703,146250,-0.06938942,0.09132306,-0.01331831,-0.53173982,1.50541472,-0.96155685,1,0,1,1,0
704,146458,-0.08221174,0.09244488,-0.01221033,-0.65648276,1.51028273,-0.88229875,1,0,1,1,0
705,146666,-0.09236183,0.08292265,-0.00116004,-0.72491958,1.51189229,-0.79083294,1,0,1,1,0
706,146875,-0.07714703,0.08605882,0.00399437,-0.83654403,1.52222062,-0.68138006,1,0,1,1,0
707,147083,-0.09283979,0.08188357,0.01395074,-0.89361936,1.50368169,-0.63004230,1,0,1,1,0
708,147291,-0.09432577,0.07854985,0.01839919,-0.96179159,1.50160065,-0.52200691,1,0,1,1,0
709,147500,-0.09738347,0.07493168,0.01999302,-1.04156959,1.47556025,-0.42240822,1,0,1,1,0
710,147708,-0.08511071,0.06679317,0.03860059,-1.12756464,1.44564158,-0.30888124,1,0,1,1,0
711,147916,-0.09540354,0.05502986,0.03252428,-1.17301489,1.43389287,-0.22185176,1,0,1,1,0
712,148125,-0.11613770,0.05723884,0.04792914,-1.24595055,1.37043504,-0.12486452,1,0,1,1,0
713,148333,-0.10966200,0.05054668,0.04651308,-1.28725850,1.32163324,-0.02608102,1,0,1,1,0
714,148541,-0.10204453,0.06007213,0.05515872,-1.33633086,1.28206014,0.07132594,1,0,1,1,0
715,148750,-0.08804334,0.03745079,0.05472332,-1.39142983,1.22161393,0.15496262,1,0,1,1,0
716,148958,-0.09458493,0.02578090,0.06543245,-1.43817842,1.16645440,0.25773472,1,0,1,1,0
717,149166,-0.09689941,0.02493862,0.07296540,-1.46276908,1.09611165,0.36055842,1,0,1,1,0
718,149375,-0.09790693,0.00964704,0.07899876,-1.50702198,1.02293448,0.45096776,1,0,1,1,0
719,149583,-0.09194816,0.01331709,0.07723266,-1.51401982,0.93989834,0.54932526,1,0,1,1,0
720,149791,-0.09312175,0.01143307,0.07942137,-1.51771079,0.87298308,0.63266733,1,0,1,1,0
721,150000,-0.08143258,0.00622714,0.09253968,-1.50978457,0.78570088,0.74033461,1,0,1,1,0
722,150208,-0.08717231,-0.00299288,0.09569666,-1.52427662,0.71450146,0.83216021,1,0,1,1,0
723,150416,-0.08178793,-0.00596413,0.09466648,-1.49699735,0.59133974,0.89545609,1,0,1,1,0
724,150625,-0.06927394,-0.01742702,0.09863925,-1.49214288,0.52219831,0.98130513,1,0,1,1,0
725,150833,-0.07603289,-0.02849504,0.08818895,-1.47055154,0.44346221,1.06433048,1,0,1,1,0
726,151041,-0.06775946,-0.03086886,0.09697967,-1.44182484,0.33572111,1.09950445,1,0,1,1,0
727,151250,-0.05573741,-0.03013009,0.09687397,-1.42068155,0.22158645,1.18749951,1,0,1,1,0
728,151458,-0.05279400,-0.04616981,0.10471167,-1.36501571,0.12307286,1.24588596,1,0,1,1,0
729,151666,-0.05708131,-0.05560898,0.10638783,-1.31808078,0.02570552,1.29927557,1,0,1,1,0
730,151875,-0.05028573,-0.05890077,0.10412539,-1.27943415,-0.07451961,1.34974497,1,0,1,1,0
731,152083,-0.03671051,-0.05219619,0.10059744,-1.23564711,-0.15491419,1.39108084,1,0,1,1,0
732,152291,-0.03832585,-0.06462388,0.10100743,-1.14903213,-0.26138879,1.42703382,1,0,1,1,0
733,152500,-0.02202897,-0.06323279,0.09572528,-1.10511265,-0.35928625,1.46885775,1,0,1,1,0
734,152708,-0.02978324,-0.07765053,0.09824246,-1.02158016,-0.45531771,1.49610661,1,0,1,1,0
735,152916,-0.02132887,-0.08670941,0.08203217,-0.95371596,-0.54153653,1.48554368,1,0,1,1,0
736,153125,-0.00745765,-0.07519635,0.09527067,-0.88227987,-0.63491833,1.50696059,1,0,1,1,0
737,153333,-0.00028396,-0.08474900,0.08258802,-0.79821156,-0.73000027,1.52009394,1,0,1,1,0
738,153541,0.01081017,-0.08665016,0.08328066,-0.69850512,-0.80339823,1.50122488,1,0,1,1,0
739,153750,0.01329869,-0.08757225,0.08064494,-0.60263101,-0.93001805,1.51998935,1,0,1,1,0
740,153958,0.01915824,-0.10071840,0.08145004,-0.50557808,-0.99903690,1.51105144,1,0,1,1,0
741,154166,0.01765352,-0.09724522,0.06389265,-0.43275022,-1.05763241,1.47529517,1,0,1,1,0
742,154375,0.03657765,-0.09908912,0.06477673,-0.34806292,-1.13406766,1.43705825,1,0,1,1,0
743,154583,0.03826820,-0.10030421,0.06180424,-0.23852876,-1.18429133,1.40906737,1,0,1,1,0
744,154791,0.05137657,-0.09953739,0.05279054,-0.12782772,-1.24295782,1.36739653,1,0,1,1,0
745,155000,0.04747811,-0.09806598,0.05255413,-0.04119228,-1.30096859,1.34452922,1,0,1,1,0
746,155208,0.05083700,-0.09916602,0.04030406,0.07843566,-1.33823795,1.26026790,1,0,1,1,0
747,155416,0.05828759,-0.10329839,0.04032001,0.16240446,-1.39512857,1.22223094,1,0,1,1,0
748,155625,0.06438159,-0.09610846,0.03679710,0.25159945,-1.42889855,1.16509033,1,0,1,1,0
749,155833,0.06666886,-0.10091282,0.02238404,0.35618706,-1.45173607,1.11058286,1,0,1,1,0
750,156041,0.07205409,-0.09488144,0.01772639,0.43841450,-1.48164080,1.03443555,1,0,1,1,0
751,156250,0.07850633,-0.09570567,0.01580906,0.56756211,-1.50365335,0.96015821,1,0,1,1,0
752,156458,0.08901827,-0.08730661,0.01627764,0.66151182,-1.50798020,0.86700863,1,0,1,1,0
753,156666,0.08578577,-0.08860492,0.00049736,0.73509976,-1.51455339,0.79333972,1,0,1,1,0
754,156875,0.09201411,-0.08935421,-0.01482132,0.82134069,-1.50954152,0.68731707,1,0,1,1,0
755,157083,0.09543448,-0.08434655,-0.00843128,0.88497699,-1.51238985,0.62929756,1,0,1,1,0
756,157291,0.09701535,-0.08099355,-0.01525870,0.98522591,-1.49401804,0.52549403,1,0,1,1,0
757,157500,0.09110191,-0.07470789,-0.01733716,1.05572153,-1.48829477,0.41482892,1,0,1,1,0
758,157708,0.09593056,-0.06336907,-0.02094062,1.12040650,-1.45499925,0.33094010,1,0,1,1,0
759,157916,0.09899892,-0.06645653,-0.03137528,1.17185097,-1.41998914,0.23258524,1,0,1,1,0
760,158125,0.09980704,-0.05387532,-0.04122646,1.24210331,-1.40312697,0.13859227,1,0,1,1,0
761,158333,0.10778811,-0.05379873,-0.05179299,1.30468737,-1.31536522,0.05353181,1,0,1,1,0
762,158541,0.09892561,-0.04687519,-0.05128224,1.35756271,-1.29054515,-0.06567003,1,0,1,1,0
763,158750,0.09551766,-0.04606012,-0.05733801,1.39959507,-1.24061526,-0.16385343,1,0,1,1,0
764,158958,0.09781673,-0.03604306,-0.06677242,1.43128298,-1.15449387,-0.27233622,1,0,1,1,0
765,159166,0.10015089,-0.04063798,-0.07397404,1.44576483,-1.10329572,-0.37290340,1,0,1,1,0
766,159375,0.09436999,-0.02339330,-0.07721788,1.48370296,-1.01859365,-0.46765576,1,0,1,1,0
767,159583,0.10021453,-0.01784935,-0.07126892,1.50556842,-0.96366973,-0.56454015,1,0,1,1,0
768,159791,0.09264377,0.00082134,-0.07989522,1.50943417,-0.86407304,-0.63866340,1,0,1,1,0
769,160000,0.08470820,0.00143921,-0.09262166,1.51289788,-0.78071179,-0.72671088,1,0,1,1,0
770,160208,0.08740858,0.00387623,-0.09268047,1.53935528,-0.69844339,-0.82220160,1,0,1,1,0
771,160416,0.08074545,0.00599515,-0.09304859,1.51094065,-0.61196962,-0.90838126,1,0,1,1,0
772,160625,0.07414900,0.01486565,-0.09577104,1.50749059,-0.50900688,-1.00015192,1,0,1,1,0
773,160833,0.06617170,0.01875091,-0.09395342,1.45021020,-0.41980465,-1.04355925,1,0,1,1,0
774,161041,0.07123773,0.02201581,-0.10009701,1.45876764,-0.31580866,-1.10958632,1,0,1,1,0
775,161250,0.06593026,0.03732461,-0.10361746,1.42082062,-0.22297510,-1.20175731,1,0,1,1,0
776,161458,0.05893321,0.03244181,-0.09690746,1.37775415,-0.12291731,-1.24029615,1,0,1,1,0
777,161666,0.05308468,0.04560023,-0.09237252,1.31373645,-0.03177660,-1.31224706,1,0,1,1,0
778,161875,0.04225678,0.05666805,-0.09477407,1.27727474,0.08075395,-1.36617799,1,0,1,1,0
779,162083,0.04244580,0.05886484,-0.09891402,1.21133758,0.19398156,-1.38056041,1,0,1,1,0
780,162291,0.04006687,0.05856195,-0.10567702,1.15121961,0.26237704,-1.43864435,1,0,1,1,0
781,162500,0.02779599,0.06452483,-0.10157117,1.11512659,0.37784616,-1.46857960,1,0,1,1,0
782,162708,0.03028051,0.07353995,-0.09979004,1.02581387,0.44430240,-1.48321023,1,0,1,1,0
783,162916,0.01589708,0.07288946,-0.08902462,0.96153806,0.55138598,-1.52872954,1,0,1,1,0
784,163125,0.01078766,0.07547637,-0.08555172,0.86663110,0.63846951,-1.53026359,1,0,1,1,0
785,163333,0.00303932,0.07917579,-0.08030308,0.77973659,0.73840176,-1.52817098,1,0,1,1,0
786,163541,-0.00423344,0.08341215,-0.08457416,0.70169178,0.82217091,-1.51095635,1,0,1,1,0
787,163750,-0.00657505,0.08512873,-0.08206442,0.61790656,0.90423327,-1.52743243,1,0,1,1,0
788,163958,-0.02357055,0.10087841,-0.07528401,0.52441887,0.98470531,-1.49311606,1,0,1,1,0
789,164166,-0.02401936,0.09624368,-0.07500210,0.42395119,1.05568954,-1.46929484,1,0,1,1,0
790,164375,-0.03291698,0.09836474,-0.07019856,0.31875530,1.11701252,-1.45634990,1,0,1,1,0
791,164583,-0.03271539,0.09357061,-0.06596230,0.23712820,1.18311699,-1.40672923,1,0,1,1,0
792,164791,-0.04492998,0.09352337,-0.05547396,0.10927572,1.26152977,-1.39437610,1,0,1,1,0
793,165000,-0.04740625,0.09654153,-0.04899260,0.04270785,1.30125505,-1.32164973,1,0,1,1,0
794,165208,-0.05389078,0.10037648,-0.04391494,-0.06229895,1.35047540,-1.27659256,1,0,1,1,0
795,165416,-0.05526904,0.09462723,-0.04055283,-0.17228951,1.37518341,-1.21997147,1,0,1,1,0
796,165625,-0.06261574,0.09719689,-0.02873880,-0.26139525,1.41618947,-1.17690365,1,0,1,1,0
797,165833,-0.06994195,0.09498616,-0.01869687,-0.37051952,1.46586900,-1.10010785,1,0,1,1,0
798,166041,-0.07911579,0.09457971,-0.02487902,-0.45769769,1.48436689,-1.01125900,1,0,1,1,0
799,166250,-0.07623395,0.09885194,-0.02070503,-0.55299402,1.50308132,-0.95204207,1,0,1,1,0
800,166458,-0.08321637,0.08127330,-0.01364435,-0.64195668,1.51781398,-0.87144913,1,0,1,1,0
801,166666,-0.08348760,0.08365331,-0.00898084,-0.74437880,1.53499174,-0.81197025,1,0,1,1,0
802,166875,-0.09126972,0.08714481,0.00416422,-0.80710862,1.53019438,-0.70073785,1,0,1,1,0
803,167083,-0.08683520,0.07435452,0.01522241,-0.90452195,1.50777835,-0.60623123,1,0,1,1,0
804,167291,-0.09579390,0.07769672,0.01820660,-0.95773877,1.49414094,-0.50786750,1,0,1,1,0
805,167500,-0.09521074,0.06821169,0.02316000,-1.05218719,1.48162133,-0.42380537,1,0,1,1,0
806,167708,-0.09482195,0.06349500,0.03828305,-1.13967045,1.45846052,-0.33556088,1,0,1,1,0
807,167916,-0.09876506,0.06596372,0.03140306,-1.18322279,1.41713834,-0.24457528,1,0,1,1,0
808,168125,-0.09933460,0.05472394,0.04898987,-1.23214887,1.38623786,-0.12982448,1,0,1,1,0
809,168333,-0.09674621,0.06043879,0.04544691,-1.31469416,1.30702317,-0.03929025,1,0,1,1,0
810,168541,-0.10207257,0.05247776,0.05350574,-1.34223047,1.27616924,0.04715531,1,0,1,1,0
811,168750,-0.10278442,0.03859350,0.05983476,-1.38562018,1.24471662,0.16158037,1,0,1,1,0
812,168958,-0.10547434,0.03502784,0.06894577,-1.43470365,1.18191307,0.24985200,1,0,1,1,0
813,169166,-0.09824455,0.03042948,0.06809392,-1.45392846,1.08550436,0.36392742,1,0,1,1,0
814,169375,-0.10149733,0.02679365,0.07158734,-1.47775064,1.02457433,0.46235264,1,0,1,1,0
815,169583,-0.10057516,0.01456279,0.07707428,-1.49595600,0.93260268,0.54102065,1,0,1,1,0
816,169791,-0.08545603,0.01050274,0.07800579,-1.52457331,0.84860146,0.63554815,1,0,1,1,0
817,170000,-0.08559311,-0.00852803,0.08923755,-1.53819238,0.78017933,0.73090409,1,0,1,1,0
818,170208,-0.08019812,0.00407775,0.08922514,-1.53028703,0.69696413,0.82667975,1,0,1,1,0
819,170416,-0.07883975,-0.01062208,0.09115968,-1.50182273,0.58792104,0.89251549,1,0,1,1,0
820,170625,-0.07758947,-0.01340058,0.09247608,-1.49846780,0.51718493,0.97347323,1,0,1,1,0
821,170833,-0.07297880,-0.01636532,0.10141210,-1.47249899,0.42888625,1.04429115,1,0,1,1,0
822,171041,-0.07002279,-0.04073459,0.09539108,-1.44643115,0.32891105,1.11847523,1,0,1,1,0
823,171250,-0.06434933,-0.03487097,0.10476126,-1.41977401,0.21394407,1.17962418,1,0,1,1,0
824,171458,-0.04478704,-0.04698028,0.09852581,-1.37570707,0.13031029,1.23968710,1,0,1,1,0
825,171666,-0.04978614,-0.05026260,0.10282529,-1.33311277,0.02457592,1.30552710,1,0,1,1,0
826,171875,-0.03819978,-0.06087699,0.10132680,-1.27426958,-0.05325853,1.34052146,1,0,1,1,0
827,172083,-0.03260893,-0.06393152,0.09795180,-1.22785679,-0.16793551,1.42090009,1,0,1,1,0
828,172291,-0.02806478,-0.06452268,0.09700826,-1.19394875,-0.27232068,1.42881675,1,0,1,1,0
829,172500,-0.02337792,-0.06847926,0.10020917,-1.10250783,-0.35668811,1.45091505,1,0,1,1,0
830,172708,-0.02499292,-0.07351316,0.09639465,-1.01169361,-0.46342660,1.46827899,1,0,1,1,0
831,172916,-0.00959022,-0.08439271,0.08714048,-0.95049742,-0.55269784,1.49823957,1,0,1,1,0
832,173125,-0.01288051,-0.08920496,0.09682523,-0.88401858,-0.66094413,1.53541634,1,0,1,1,0
833,173333,-0.00011308,-0.08458078,0.08886640,-0.80291395,-0.71950646,1.52714500,1,0,1,1,0
834,173541,0.00491318,-0.08183394,0.08497621,-0.69757079,-0.81123316,1.52312691,1,0,1,1,0
835,173750,0.00955157,-0.09106321,0.07648599,-0.61671365,-0.90710775,1.50473271,1,0,1,1,0
836,173958,0.02175375,-0.08841633,0.07572159,-0.50352791,-0.97500425,1.49629506,1,0,1,1,0
837,174166,0.03053949,-0.09428790,0.06948809,-0.43020570,-1.04470229,1.49640427,1,0,1,1,0
838,174375,0.02876928,-0.10050716,0.06640099,-0.32718115,-1.11665092,1.43279180,1,0,1,1,0
839,174583,0.03334619,-0.09543515,0.06461833,-0.22994210,-1.17184317,1.41613703,1,0,1,1,0
840,174791,0.03728657,-0.09214114,0.05975411,-0.12890679,-1.25848495,1.37372010,1,0,1,1,0
841,175000,0.05516459,-0.09936922,0.04930539,-0.02896510,-1.29334410,1.32928123,1,0,1,1,0
842,175208,0.05297136,-0.09890542,0.04462284,0.06481320,-1.35534622,1.27059660,1,0,1,1,0
843,175416,0.05691148,-0.10335511,0.04043942,0.14049312,-1.40416083,1.23184750,1,0,1,1,0
844,175625,0.06383716,-0.09718908,0.03215443,0.26779543,-1.43119480,1.18087190,1,0,1,1,0
845,175833,0.07326468,-0.09699987,0.02716091,0.36904933,-1.46474421,1.08707735,1,0,1,1,0
846,176041,0.07490966,-0.09654148,0.03013481,0.45748482,-1.48798789,1.01132878,1,0,1,1,0
847,176250,0.07347896,-0.09190129,0.00595405,0.55227311,-1.50434609,0.95634131,1,0,1,1,0
848,176458,0.07673612,-0.09231832,0.01328881,0.65338598,-1.51578683,0.87634289,1,0,1,1,0
849,176666,0.09064052,-0.08941027,0.00648369,0.74377646,-1.53534608,0.78376927,1,0,1,1,0
850,176875,0.08881866,-0.08822545,-0.00168347,0.81510421,-1.52415615,0.68656993,1,0,1,1,0
851,177083,0.09117455,-0.08649821,-0.01055609,0.88757532,-1.50743548,0.59555917,1,0,1,1,0
852,177291,0.11049938,-0.08275362,-0.01009117,0.98801102,-1.49455082,0.50702390,1,0,1,1,0
853,177500,0.09940995,-0.06988699,-0.02573443,1.05288015,-1.47741053,0.42584156,1,0,1,1,0
854,177708,0.10272122,-0.06268982,-0.02857825,1.11440776,-1.44090475,0.31039064,1,0,1,1,0
855,177916,0.10121936,-0.05932100,-0.04189178,1.17840304,-1.41967161,0.21196208,1,0,1,1,0
856,178125,0.09942698,-0.05725146,-0.05180614,1.25094662,-1.36872949,0.08919689,1,0,1,1,0
857,178333,0.09711518,-0.05049465,-0.03595419,1.30241078,-1.32402256,0.05253664,1,0,1,1,0
858,178541,0.09958356,-0.04711880,-0.05010342,1.33196613,-1.28563611,-0.07099444,1,0,1,1,0
859,178750,0.09656923,-0.03827482,-0.06641211,1.40123740,-1.23273877,-0.16081029,1,0,1,1,0
860,178958,0.10427258,-0.02734152,-0.07362225,1.43227470,-1.15432134,-0.26188410,1,0,1,1,0
861,179166,0.09977213,-0.02925020,-0.06810750,1.45673116,-1.10314983,-0.34419041,1,0,1,1,0
862,179375,0.09332332,-0.01941952,-0.06738363,1.47897726,-1.02403665,-0.45077223,1,0,1,1,0
863,179583,0.10035856,-0.02241236,-0.07293184,1.50907327,-0.93502175,-0.53907253,1,0,1,1,0
864,179791,0.08768021,-0.00342506,-0.07937048,1.51625568,-0.88309555,-0.66066034,1,0,1,1,0
865,180000,0.08781318,-0.00895916,-0.07555653,1.53041759,-0.77496401,-0.73601413,1,0,1,1,0
866,180208,0.07890079,-0.00564405,-0.07638712,1.52896642,-0.69395474,-0.82492296,1,0,1,1,0
867,180416,0.08635759,0.00829935,-0.09563589,1.51080739,-0.59698896,-0.88911137,1,0,1,1,0
868,180625,0.07043565,0.01619011,-0.09377285,1.50377732,-0.51585038,-0.98422317,1,0,1,1,0
869,180833,0.07222248,0.02475603,-0.09408423,1.46404942,-0.41459400,-1.06792685,1,0,1,1,0
870,181041,0.06559519,0.03030528,-0.09859728,1.45168111,-0.33932163,-1.11258114,1,0,1,1,0
871,181250,0.06696931,0.03209636,-0.09755623,1.44543852,-0.23037361,-1.18810829,1,0,1,1,0
872,181458,0.05886903,0.04463235,-0.11075287,1.39593673,-0.13081027,-1.24570880,1,0,1,1,0
873,181666,0.04586443,0.04886333,-0.09154845,1.32696525,-0.01019356,-1.30724779,1,0,1,1,0
874,181875,0.04798746,0.05605829,-0.08899969,1.26887060,0.05928571,-1.35268939,1,0,1,1,0
875,182083,0.03825539,0.05194953,-0.10204637,1.22817869,0.17485478,-1.38847703,1,0,1,1,0
876,182291,0.02650524,0.06268112,-0.09685230,1.16520561,0.25548752,-1.44367587,1,0,1,1,0
877,182500,0.02148475,0.06896905,-0.10215318,1.08966500,0.34550026,-1.47539234,1,0,1,1,0
878,182708,0.01595369,0.07522472,-0.09148423,1.02256615,0.46158892,-1.47135598,1,0,1,1,0
879,182916,0.01642172,0.07269056,-0.10065343,0.94014735,0.54628790,-1.51461722,1,0,1,1,0
880,183125,0.01561256,0.08139039,-0.08786606,0.86637826,0.63983292,-1.51876786,1,0,1,1,0
881,183333,0.00051594,0.08436745,-0.07199242,0.78692744,0.73655300,-1.54010142,1,0,1,1,0
882,183541,-0.00830470,0.09850309,-0.09221385,0.68313707,0.80851975,-1.51904931,1,0,1,1,0
883,183750,-0.01590931,0.08142714,-0.07687979,0.60667590,0.91300271,-1.52874551,1,0,1,1,0
884,183958,-0.00436487,0.08681012,-0.08414094,0.51220597,0.97295090,-1.50271552,1,0,1,1,0
885,184166,-0.02073013,0.09916318,-0.08390448,0.43066514,1.06295730,-1.46557450,1,0,1,1,0
886,184375,-0.01811115,0.09882624,-0.06689529,0.32277593,1.12579713,-1.44917955,1,0,1,1,0
887,184583,-0.03527847,0.09394514,-0.06893500,0.22318592,1.17091890,-1.42156458,1,0,1,1,0
888,184791,-0.04078934,0.11000899,-0.05399606,0.12224563,1.23118488,-1.37235123,1,0,1,1,0
889,185000,-0.06032669,0.09687098,-0.06106793,0.02764090,1.30769698,-1.32784074,1,0,1,1,0
890,185208,-0.06336715,0.09711016,-0.04595686,-0.08392458,1.34498627,-1.29694948,1,0,1,1,0
891,185416,-0.05669077,0.09613622,-0.04116807,-0.15424492,1.38193197,-1.22304355,1,0,1,1,0
892,185625,-0.06834673,0.10327447,-0.04156873,-0.26454603,1.43104111,-1.14954474,1,0,1,1,0
893,185833,-0.07035734,0.09944995,-0.02417659,-0.37265984,1.44460412,-1.10485347,1,0,1,1,0
894,186041,-0.07059714,0.09277022,-0.02051306,-0.47079484,1.47681402,-1.01940190,1,0,1,1,0
895,186250,-0.07931944,0.09644239,-0.01040366,-0.55026531,1.50295570,-0.94664889,1,0,1,1,0
896,186458,-0.07680919,0.09116702,-0.00920603,-0.65476109,1.50660455,-0.87822454,1,0,1,1,0
897,186666,-0.08904929,0.08073272,0.00050419,-0.71496528,1.51814671,-0.79017812,1,0,1,1,0
898,186875,-0.10061647,0.08834165,-0.00266826,-0.81546351,1.51512103,-0.69331594,1,0,1,1,0
899,187083,-0.08480387,0.09683073,0.00378490,-0.88603121,1.52033079,-0.60631112,1,0,1,1,0
900,187291,-0.09267265,0.07894364,0.02179033,-0.97043507,1.50209424,-0.51221306,1,0,1,1,0
901,187500,-0.08664749,0.07645925,0.02739524,-1.06797630,1.46447022,-0.43355806,1,0,1,1,0
902,187708,-0.09686183,0.06636866,0.03223004,-1.13717800,1.46470544,-0.31444365,1,0,1,1,0
903,187916,-0.09962982,0.06578405,0.04055011,-1.20146546,1.41052020,-0.22267374,1,0,1,1,0
904,188125,-0.10315736,0.06121372,0.04091322,-1.25110587,1.37859427,-0.12924374,1,0,1,1,0
905,188333,-0.09432069,0.05288956,0.04562965,-1.29882840,1.33735819,-0.02484070,1,0,1,1,0
906,188541,-0.09466648,0.04111402,0.05409182,-1.33834472,1.26635125,0.03359431,1,0,1,1,0
907,188750,-0.10108819,0.04458808,0.05758951,-1.38544976,1.23728173,0.15723178,1,0,1,1,0
908,188958,-0.09907160,0.03378263,0.06021693,-1.41230943,1.16258164,0.24619887,1,0,1,1,0
909,189166,-0.08956986,0.03210787,0.06812964,-1.46744861,1.08873412,0.35797523,1,0,1,1,0
910,189375,-0.10001833,0.03401100,0.07994678,-1.48187061,1.02507061,0.46051093,1,0,1,1,0
911,189583,-0.09223449,0.01269643,0.07518539,-1.51808340,0.93807923,0.55962661,1,0,1,1,0
912,189791,-0.08741458,0.00921539,0.08450011,-1.49310160,0.86524726,0.63996974,1,0,1,1,0
913,190000,-0.08137748,0.00249552,0.09038654,-1.52848192,0.76571084,0.73469840,1,0,1,1,0
914,190208,-0.07887926,0.00317689,0.09124448,-1.52973650,0.70325488,0.80119617,1,0,1,1,0
915,190416,-0.07989602,-0.01250791,0.09025401,-1.51710978,0.59288122,0.90069656,1,0,1,1,0
916,190625,-0.08172262,-0.01704328,0.08753415,-1.48835026,0.51158781,0.99164425,1,0,1,1,0
917,190833,-0.07718427,-0.01868310,0.09371701,-1.47605941,0.42365495,1.03264446,1,0,1,1,0
918,191041,-0.05551836,-0.03434470,0.10374794,-1.43171913,0.32578929,1.11615541,1,0,1,1,0
919,191250,-0.06627202,-0.03580925,0.10303142,-1.39988391,0.22489806,1.18573894,1,0,1,1,0
920,191458,-0.06596420,-0.04539993,0.10623648,-1.37604497,0.14881948,1.24694328,1,0,1,1,0
921,191666,-0.05239903,-0.04613288,0.09451684,-1.31967004,0.04621777,1.31438801,1,0,1,1,0
922,191875,-0.05613586,-0.05887039,0.10255393,-1.28050899,-0.07033748,1.35615381,1,0,1,1,0
923,192083,-0.04070989,-0.06348051,0.10517057,-1.22621138,-0.17284624,1.39292258,1,0,1,1,0
924,192291,-0.02859220,-0.06259901,0.09936430,-1.17693047,-0.28349187,1.42715811,1,0,1,1,0
925,192500,-0.02694046,-0.06821256,0.10464306,-1.10664370,-0.34931704,1.46693084,1,0,1,1,0
926,192708,-0.02364372,-0.07405924,0.08855236,-1.02385297,-0.45818822,1.48438026,1,0,1,1,0
927,192916,-0.01174897,-0.07612048,0.10404435,-0.95297406,-0.56069005,1.48578582,1,0,1,1,0
928,193125,0.00232329,-0.08068625,0.08959580,-0.88596795,-0.64198915,1.52419902,1,0,1,1,0
929,193333,-0.00497136,-0.08990352,0.08501910,-0.77357771,-0.74555617,1.50855739,1,0,1,1,0
930,193541,0.01250290,-0.09080148,0.08195690,-0.71392036,-0.79887446,1.51881138,1,0,1,1,0
931,193750,0.01874535,-0.09186564,0.08489718,-0.59954463,-0.89433693,1.49560181,1,0,1,1,0
932,193958,0.01353111,-0.08384565,0.06947882,-0.52240435,-0.98740762,1.49872454,1,0,1,1,0
933,194166,0.03045737,-0.09525912,0.07201543,-0.42054332,-1.05254546,1.47356541,1,0,1,1,0
934,194375,0.02746413,-0.09271517,0.07239187,-0.34048040,-1.13757873,1.44225046,1,0,1,1,0
935,194583,0.04152163,-0.10252054,0.06334242,-0.23840914,-1.17438896,1.41521155,1,0,1,1,0
936,194791,0.04290927,-0.09968710,0.05730276,-0.11672405,-1.25496499,1.39508731,1,0,1,1,0
937,195000,0.05056766,-0.10088746,0.04250126,-0.03985932,-1.29404152,1.32224566,1,0,1,1,0
938,195208,0.05044425,-0.10415674,0.03876051,0.04636146,-1.36042025,1.28835914,1,0,1,1,0
939,195416,0.05603668,-0.09136901,0.04227119,0.16571464,-1.42033409,1.22805062,1,0,1,1,0
940,195625,0.06363777,-0.09871474,0.03093714,0.26681041,-1.43800745,1.15790884,1,0,1,1,0
941,195833,0.07550296,-0.09512952,0.03236366,0.36371385,-1.45412518,1.09820428,1,0,1,1,0
942,196041,0.07875558,-0.10172027,0.02489435,0.46040570,-1.44934463,1.01593451,1,0,1,1,0
943,196250,0.07777549,-0.09600113,0.02197048,0.54453754,-1.53065420,0.94255286,1,0,1,1,0
944,196458,0.09193129,-0.09219023,0.00373158,0.65201186,-1.50808768,0.86346816,1,0,1,1,0
945,196666,0.08156688,-0.08448053,0.01303725,0.74979839,-1.52510524,0.79049553,1,0,1,1,0
946,196875,0.08642975,-0.08099069,-0.00387568,0.81516366,-1.51365518,0.69637344,1,0,1,1,0
947,197083,0.08675189,-0.07476442,-0.01189537,0.89005980,-1.49769113,0.60766660,1,0,1,1,0
948,197291,0.09177709,-0.07490751,-0.01486666,0.98140277,-1.49890208,0.52901084,1,0,1,1,0
949,197500,0.10474535,-0.07358310,-0.02704333,1.05550873,-1.46917766,0.43383579,1,0,1,1,0
950,197708,0.08711765,-0.07150166,-0.02880084,1.12769490,-1.43903619,0.34918553,1,0,1,1,0
951,197916,0.09377211,-0.06301926,-0.03848763,1.19213580,-1.42025980,0.22849643,1,0,1,1,0
952,198125,0.09448441,-0.04964004,-0.04431049,1.26225205,-1.35973149,0.13350152,1,0,1,1,0
953,198333,0.09985102,-0.05575371,-0.04379763,1.29548192,-1.33259460,0.03551540,1,0,1,1,0
954,198541,0.09858339,-0.04969172,-0.05132319,1.35001049,-1.27067459,-0.08220883,1,0,1,1,0
955,198750,0.09304550,-0.04082869,-0.05991619,1.37852944,-1.23275992,-0.15410501,1,0,1,1,0
956,198958,0.10491654,-0.03269426,-0.06070296,1.44076635,-1.16679241,-0.28192602,1,0,1,1,0
957,199166,0.09936356,-0.02457505,-0.07746539,1.45273804,-1.10020959,-0.35585927,1,0,1,1,0
958,199375,0.09756609,-0.01858862,-0.07363274,1.49495586,-1.04307052,-0.44538871,1,0,1,1,0
959,199583,0.08837438,-0.00819277,-0.08333545,1.50856550,-0.95106024,-0.53872953,1,0,1,1,0
960,199791,0.08651149,-0.01214297,-0.07870009,1.50847301,-0.87071818,-0.64347601,1,0,1,1,0
961,200000,0.09285019,-0.00789530,-0.09256919,1.51032197,-0.78175763,-0.73485381,1,0,1,1,0
962,200208,0.08667455,0.00552529,-0.09215858,1.50487831,-0.70148761,-0.82505196,1,0,1,1,0
963,200416,0.09020029,0.01258598,-0.09649948,1.49415958,-0.61624641,-0.88498636,1,0,1,1,0
964,200625,0.08228346,0.01421076,-0.09944506,1.47954372,-0.52963629,-0.97010922,1,0,1,1,0
965,200833,0.07420015,0.02504647,-0.09353546,1.47576538,-0.41842089,-1.05139472,1,0,1,1,0
966,201041,0.06743364,0.02359202,-0.10212995,1.42552803,-0.32099337,-1.10986207,1,0,1,1,0
967,201250,0.05706407,0.04774934,-0.09643490,1.43528553,-0.23267328,-1.18939898,1,0,1,1,0
968,201458,0.05556858,0.03943354,-0.10275081,1.38029122,-0.12437754,-1.24587166,1,0,1,1,0
969,201666,0.04684994,0.05162778,-0.09588440,1.32380809,-0.05626110,-1.31737313,1,0,1,1,0
970,201875,0.05381438,0.05482693,-0.10082364,1.28864145,0.05226366,-1.37022013,1,0,1,1,0
971,202083,0.04440120,0.05652869,-0.10130722,1.24789526,0.17598007,-1.39681341,1,0,1,1,0
972,202291,0.04133086,0.06527710,-0.10116879,1.17428360,0.26416889,-1.42522759,1,0,1,1,0
973,202500,0.02159663,0.06698988,-0.10036151,1.08399842,0.37773691,-1.45168916,1,0,1,1,0
974,202708,0.01841226,0.06710654,-0.09150194,1.01730576,0.46670783,-1.47837600,1,0,1,1,0
975,202916,0.01491789,0.07830377,-0.08792264,0.96834175,0.55405739,-1.49320673,1,0,1,1,0
976,203125,0.00704449,0.08875667,-0.09386457,0.87412484,0.62327721,-1.52275927,1,0,1,1,0
977,203333,0.00571861,0.09455138,-0.08681330,0.78370748,0.75409846,-1.52023475,1,0,1,1,0
978,203541,-0.00579919,0.08288172,-0.08839879,0.69792487,0.81596344,-1.50077111,1,0,1,1,0
979,203750,-0.00289101,0.09441097,-0.08664280,0.62348696,0.90551839,-1.50332122,1,0,1,1,0
980,203958,-0.00719888,0.09795319,-0.07535392,0.53218051,0.97858769,-1.48611915,1,0,1,1,0
981,204166,-0.02293252,0.10268432,-0.07028069,0.42309239,1.06215024,-1.49653825,1,0,1,1,0
982,204375,-0.02955683,0.10066404,-0.06189327,0.33089129,1.13523791,-1.43772087,1,0,1,1,0
983,204583,-0.03179208,0.10045849,-0.06219297,0.22470061,1.18524111,-1.42921478,1,0,1,1,0
984,204791,-0.04683130,0.09823716,-0.05175054,0.13980060,1.24303625,-1.38241867,1,0,1,1,0
985,205000,-0.05201535,0.10308196,-0.04086405,0.03040535,1.30346684,-1.32781663,1,0,1,1,0
986,205208,-0.05696130,0.10633752,-0.04844493,-0.05891113,1.33177024,-1.27639731,1,0,1,1,0
987,205416,-0.05597038,0.10210570,-0.03655850,-0.16056192,1.40395118,-1.23056749,1,0,1,1,0
988,205625,-0.06196511,0.09724701,-0.04025009,-0.27939974,1.42877174,-1.16524465,1,0,1,1,0
989,205833,-0.07247759,0.09571413,-0.03217026,-0.35896467,1.46199444,-1.09904112,1,0,1,1,0
990,206041,-0.07182762,0.09503358,-0.01860525,-0.44916640,1.49724054,-1.03391469,1,0,1,1,0
991,206250,-0.07603561,0.09831795,-0.01505147,-0.55200019,1.50758819,-0.95497202,1,0,1,1,0
992,206458,-0.07548704,0.09740738,-0.01893893,-0.64164208,1.50679538,-0.85889859,1,0,1,1,0
993,206666,-0.08392173,0.08757456,-0.00314369,-0.73745223,1.51904673,-0.78340465,1,0,1,1,0
994,206875,-0.09073091,0.08288947,0.00214341,-0.81366238,1.51189575,-0.70292512,1,0,1,1,0
995,207083,-0.09335432,0.07268125,0.00569762,-0.89393841,1.50902962,-0.59995277,1,0,1,1,0
996,207291,-0.09825585,0.07358830,0.02142298,-0.98085787,1.48462449,-0.51490950,1,0,1,1,0
997,207500,-0.09924171,0.07286733,0.02525806,-1.04407948,1.47836762,-0.42726926,1,0,1,1,0
998,207708,-0.09848068,0.07299346,0.03683719,-1.13345509,1.42308019,-0.32792039,1,0,1,1,0
999,207916,-0.08884456,0.06088856,0.03545994,-1.17342988,1.41542866,-0.22535458,1,0,1,1,0
1000,208125,-0.09511992,0.05916359,0.04115637,-1.25337546,1.36341766,-0.13634084,1,0,1,1,0
1001,208333,-0.09517142,0.05315281,0.04824367,-1.29154703,1.31388459,-0.02340732,1,0,1,1,0
1002,208541,-0.10215852,0.05096025,0.05851697,-1.33835462,1.27652630,0.06415297,1,0,1,1,0
1003,208750,-0.09601901,0.04941609,0.06372935,-1.38929275,1.22356918,0.16890664,1,0,1,1,0
1004,208958,-0.10068335,0.03356660,0.06465679,-1.43312974,1.15772620,0.25624621,1,0,1,1,0
1005,209166,-0.09366297,0.02656308,0.07837203,-1.44888075,1.09338686,0.37115512,1,0,1,1,0
1006,209375,-0.08991972,0.02263225,0.08622097,-1.49074250,1.01635619,0.44859911,1,0,1,1,0
1007,209583,-0.08612764,0.01435271,0.08466224,-1.51911970,0.94693796,0.56017134,1,0,1,1,0
1008,209791,-0.09646274,0.01004538,0.08497802,-1.50644021,0.84754699,0.64046092,1,0,1,1,0
1009,210000,-0.08510124,0.00416215,0.08261181,-1.50753946,0.78114616,0.73644319,1,0,1,1,0
1010,210208,-0.07734941,-0.00312954,0.09102231,-1.50724977,0.71342657,0.83284596,1,0,1,1,0
1011,210416,-0.06609273,-0.00925984,0.09459298,-1.50267848,0.61066418,0.88296142,1,0,1,1,0
1012,210625,-0.07718738,-0.01362409,0.09538624,-1.49959282,0.51657213,0.99280110,1,0,1,1,0
1013,210833,-0.06096020,-0.02537851,0.09459012,-1.46571913,0.40751457,1.06303044,1,0,1,1,0
1014,211041,-0.06558304,-0.04361654,0.10455785,-1.42993134,0.33516569,1.11575400,1,0,1,1,0
1015,211250,-0.05793806,-0.03924980,0.10227019,-1.42009598,0.21814746,1.17389278,1,0,1,1,0
1016,211458,-0.05559438,-0.04454400,0.08891793,-1.37952674,0.12746375,1.25640119,1,0,1,1,0
1017,211666,-0.05253476,-0.04939245,0.10181702,-1.33636838,0.03604123,1.31756860,1,0,1,1,0
1018,211875,-0.04466547,-0.05224960,0.10039138,-1.27048821,-0.05294133,1.35775509,1,0,1,1,0
1019,212083,-0.05072295,-0.05695851,0.09584251,-1.21407538,-0.16752340,1.39370988,1,0,1,1,0
1020,212291,-0.03377927,-0.06362970,0.09294292,-1.16339229,-0.26693435,1.42653570,1,0,1,1,0
1021,212500,-0.02753913,-0.07107936,0.10027825,-1.10622109,-0.35648182,1.46172404,1,0,1,1,0
1022,212708,-0.02240781,-0.07194980,0.09057691,-1.03929531,-0.46018761,1.49410731,1,0,1,1,0
1023,212916,-0.01555228,-0.08172799,0.10078473,-0.95623975,-0.55000487,1.50731680,1,0,1,1,0
1024,213125,-0.01693126,-0.08274576,0.07934540,-0.87308783,-0.63107913,1.51575865,1,0,1,1,0
1025,213333,0.00187750,-0.08790369,0.08493471,-0.78927299,-0.73175134,1.52373481,1,0,1,1,0
1026,213541,0.00695777,-0.08472915,0.08818121,-0.71280787,-0.82168536,1.51205877,1,0,1,1,0
1027,213750,0.01458585,-0.09044364,0.08031731,-0.61538431,-0.90152182,1.52612778,1,0,1,1,0
1028,213958,0.01476657,-0.10257826,0.07628466,-0.51673778,-0.98225584,1.50611924,1,0,1,1,0
1029,214166,0.03008650,-0.09621612,0.07956640,-0.41738708,-1.05240397,1.46463690,1,0,1,1,0
1030,214375,0.03534692,-0.10478415,0.05513611,-0.33583922,-1.12160561,1.42908016,1,0,1,1,0
1031,214583,0.02714198,-0.09351860,0.06853977,-0.22893191,-1.18194546,1.40708391,1,0,1,1,0
1032,214791,0.04097983,-0.09751104,0.05217237,-0.12051160,-1.23844303,1.37821618,1,0,1,1,0
1033,215000,0.05201135,-0.09338818,0.05014843,-0.04959168,-1.29780094,1.31893808,1,0,1,1,0
1034,215208,0.05813364,-0.09814331,0.04474000,0.06854969,-1.34826380,1.29277121,1,0,1,1,0
1035,215416,0.06481108,-0.08666758,0.04104223,0.15942516,-1.39942254,1.22490302,1,0,1,1,0
1036,215625,0.07422197,-0.09967117,0.03470160,0.27694455,-1.43529930,1.17895970,1,0,1,1,0
1037,215833,0.07087176,-0.08688990,0.02058881,0.36170417,-1.46612251,1.10062919,1,0,1,1,0
1038,216041,0.07458976,-0.09744996,0.02644039,0.45517714,-1.46609139,1.02933725,1,0,1,1,0
1039,216250,0.08253467,-0.08687449,0.01104810,0.55103077,-1.48203364,0.96012645,1,0,1,1,0
1040,216458,0.08382065,-0.09094051,0.01247383,0.62403034,-1.51818950,0.87942950,1,0,1,1,0
1041,216666,0.08436691,-0.08329830,0.00142841,0.74206373,-1.52375155,0.78495221,1,0,1,1,0
1042,216875,0.08359513,-0.08730678,-0.01097660,0.82523979,-1.50659028,0.69449472,1,0,1,1,0
1043,217083,0.08968257,-0.07290233,-0.01106559,0.89631817,-1.49597001,0.60498294,1,0,1,1,0
1044,217291,0.10256698,-0.08010938,-0.02278904,0.97840421,-1.49829176,0.53221740,1,0,1,1,0
1045,217500,0.09461194,-0.06897283,-0.03215949,1.04665677,-1.47732515,0.42063659,1,0,1,1,0
1046,217708,0.10181785,-0.07129440,-0.03732283,1.12305237,-1.42958976,0.35227018,1,0,1,1,0
1047,217916,0.09045188,-0.06133536,-0.03822987,1.17533149,-1.43242224,0.23486229,1,0,1,1,0
1048,218125,0.09361139,-0.05379377,-0.04332653,1.24481854,-1.37367124,0.12392535,1,0,1,1,0
1049,218333,0.10529718,-0.05370233,-0.05352726,1.30250613,-1.34595748,0.02319652,1,0,1,1,0
1050,218541,0.09792498,-0.04391443,-0.06148534,1.33639771,-1.26214056,-0.07185209,1,0,1,1,0
1051,218750,0.09792491,-0.03610802,-0.05418197,1.38951097,-1.22753204,-0.17900098,1,0,1,1,0
1052,218958,0.10029379,-0.03478295,-0.05995001,1.41060474,-1.15072374,-0.26019402,1,0,1,1,0
1053,219166,0.09466091,-0.03314028,-0.07540562,1.46080123,-1.08557657,-0.34827310,1,0,1,1,0
1054,219375,0.10068112,-0.01402389,-0.08043687,1.48138351,-1.01704723,-0.46982521,1,0,1,1,0
1055,219583,0.09545372,-0.01315930,-0.07001541,1.51711261,-0.94302539,-0.53890784,1,0,1,1,0
1056,219791,0.09170007,-0.00950146,-0.08000647,1.51844068,-0.85926191,-0.64066141,1,0,1,1,0
1057,220000,0.08657495,0.00027601,-0.08422551,1.51665917,-0.78383401,-0.73007655,1,0,1,1,0
1058,220208,0.08645209,0.01284009,-0.08872680,1.51862419,-0.70009973,-0.83031064,1,0,1,1,0
1059,220416,0.07923221,0.00543413,-0.08853581,1.48639456,-0.61711025,-0.88411918,1,0,1,1,0
1060,220625,0.07602304,0.01478704,-0.09627860,1.50496434,-0.52959191,-0.99587368,1,0,1,1,0
1061,220833,0.07691981,0.02187831,-0.09030591,1.47349517,-0.41645646,-1.05099624,1,0,1,1,0
1062,221041,0.05984939,0.03058957,-0.09882259,1.46075527,-0.31163511,-1.10583029,1,0,1,1,0
1063,221250,0.06863922,0.03819640,-0.10094844,1.41826459,-0.24943350,-1.18275437,1,0,1,1,0
1064,221458,0.05776888,0.03542212,-0.10281306,1.38783474,-0.13357467,-1.24234693,1,0,1,1,0
1065,221666,0.06013429,0.05008031,-0.10029751,1.33966407,-0.04655295,-1.31004130,1,0,1,1,0
1066,221875,0.05520774,0.05695833,-0.09265787,1.27860130,0.06884294,-1.35044591,1,0,1,1,0
1067,222083,0.03382451,0.06030417,-0.10497438,1.21424640,0.15113309,-1.38514493,1,0,1,1,0
1068,222291,0.03822371,0.05255575,-0.10539950,1.16960247,0.25073442,-1.43623592,1,0,1,1,0
1069,222500,0.03964917,0.07176809,-0.09934470,1.08864420,0.34138533,-1.47104250,1,0,1,1,0
1070,222708,0.01762368,0.06719768,-0.10283655,1.02745244,0.45092731,-1.48458024,1,0,1,1,0
1071,222916,0.02825665,0.07285787,-0.08451198,0.95438548,0.56235907,-1.51650991,1,0,1,1,0
1072,223125,0.00872636,0.08094006,-0.09009455,0.88725704,0.64425181,-1.50912012,1,0,1,1,0
1073,223333,-0.00365356,0.08924140,-0.08467076,0.77056838,0.73864549,-1.51946827,1,0,1,1,0
1074,223541,-0.00686979,0.09371215,-0.08378908,0.71310661,0.82257144,-1.51707453,1,0,1,1,0
1075,223750,-0.00855086,0.08608234,-0.07668053,0.61895322,0.90412338,-1.51262235,1,0,1,1,0
1076,223958,-0.02063604,0.08491187,-0.07516417,0.51464928,0.97573482,-1.49962701,1,0,1,1,0
1077,224166,-0.02302130,0.09622145,-0.07292835,0.44707012,1.04957650,-1.47347961,1,0,1,1,0
1078,224375,-0.03390172,0.09721825,-0.06812295,0.32208122,1.10925698,-1.44830203,1,0,1,1,0
1079,224583,-0.03547341,0.10616026,-0.07103413,0.22719332,1.17858051,-1.41851571,1,0,1,1,0
1080,224791,-0.04218935,0.09683051,-0.05521486,0.11705820,1.24183482,-1.37920979,1,0,1,1,0
1081,225000,-0.04651975,0.09620534,-0.05012153,0.02827787,1.27264846,-1.33275102,1,0,1,1,0
1082,225208,-0.04828984,0.10461438,-0.04430646,-0.08042710,1.33445656,-1.25780333,1,0,1,1,0
1083,225416,-0.06263495,0.09117664,-0.03789295,-0.17001272,1.39311390,-1.20590110,1,0,1,1,0
1084,225625,-0.05818274,0.09622994,-0.01971986,-0.27096603,1.41491756,-1.15518578,1,0,1,1,0
1085,225833,-0.07605594,0.09836316,-0.03321448,-0.35430414,1.45421268,-1.11033438,1,0,1,1,0
1086,226041,-0.07817831,0.09281167,-0.01761034,-0.46577913,1.48876715,-1.02502576,1,0,1,1,0
1087,226250,-0.07627604,0.08368067,-0.01312184,-0.54381382,1.49655487,-0.94496816,1,0,1,1,0
1088,226458,-0.08564276,0.09416007,-0.01035960,-0.66508357,1.52841251,-0.90063292,1,0,1,1,0
1089,226666,-0.08096957,0.08491025,-0.00985961,-0.72853175,1.50255689,-0.77892038,1,0,1,1,0
1090,226875,-0.08834002,0.08456753,0.00867944,-0.81586835,1.50248533,-0.69188893,1,0,1,1,0
1091,227083,-0.08251744,0.07754233,0.01229485,-0.87185230,1.51308351,-0.61141236,1,0,1,1,0
1092,227291,-0.10974200,0.08303732,0.02458296,-0.97365330,1.48674717,-0.51810921,1,0,1,1,0
1093,227500,-0.08649298,0.07621029,0.01910063,-1.04989821,1.46795066,-0.42163609,1,0,1,1,0
1094,227708,-0.09357466,0.07088392,0.01724207,-1.12673304,1.44192747,-0.33167070,1,0,1,1,0
1095,227916,-0.10462204,0.05829981,0.04136744,-1.20415947,1.41958829,-0.23002984,1,0,1,1,0
1096,228125,-0.10689018,0.05815230,0.03808556,-1.26494509,1.36427005,-0.12713178,1,0,1,1,0
1097,228333,-0.09658926,0.05519991,0.04453911,-1.28893493,1.34257105,-0.03366068,1,0,1,1,0
1098,228541,-0.09298822,0.05051045,0.05059907,-1.35560015,1.28389429,0.06818854,1,0,1,1,0
1099,228750,-0.09336243,0.04629878,0.05886005,-1.40112824,1.21869718,0.16651369,1,0,1,1,0
1100,228958,-0.09002140,0.04104953,0.06256024,-1.42559621,1.13949886,0.26330457,1,0,1,1,0
1101,229166,-0.10320738,0.03453844,0.06844660,-1.46114298,1.08582489,0.36040104,1,0,1,1,0
1102,229375,-0.09713811,0.02215938,0.07284249,-1.48316084,1.03939457,0.45964117,1,0,1,1,0
1103,229583,-0.08765811,0.01174133,0.08509637,-1.48929726,0.95774599,0.55254003,1,0,1,1,0
1104,229791,-0.09039440,0.00166372,0.08644656,-1.51456331,0.87198552,0.63276536,1,0,1,1,0
1105,230000,-0.08933385,0.00660190,0.08979732,-1.51638788,0.78698590,0.72335844,1,0,1,1,0
1106,230208,-0.08920644,-0.00378475,0.09134452,-1.51948130,0.69465001,0.81000907,1,0,1,1,0
1107,230416,-0.07489457,-0.01888583,0.09299706,-1.50616281,0.59702538,0.90067194,1,0,1,1,0
1108,230625,-0.07585375,-0.01379437,0.10168171,-1.49679874,0.52871071,0.99688144,1,0,1,1,0
1109,230833,-0.07137921,-0.01140083,0.09465490,-1.46870799,0.41394683,1.04834011,1,0,1,1,0
1110,231041,-0.07208523,-0.02188961,0.10055723,-1.45794286,0.31156328,1.11413617,1,0,1,1,0
1111,231250,-0.06610745,-0.03095273,0.10240654,-1.41547656,0.22145529,1.19490011,1,0,1,1,0
1112,231458,-0.06045717,-0.04100808,0.10315754,-1.38453350,0.13891602,1.24529961,1,0,1,1,0
1113,231666,-0.04488872,-0.05654558,0.09587594,-1.33084168,0.04684486,1.29970743,1,0,1,1,0
1114,231875,-0.04955780,-0.06838347,0.09790503,-1.27367672,-0.05879781,1.35052130,1,0,1,1,0
1115,232083,-0.04470705,-0.05960497,0.10314824,-1.21945548,-0.16978992,1.40161260,1,0,1,1,0
1116,232291,-0.03489231,-0.06659643,0.09027532,-1.16414379,-0.25371224,1.41840465,1,0,1,1,0
1117,232500,-0.02840377,-0.06098364,0.09904727,-1.09577977,-0.35274862,1.47977291,1,0,1,1,0
1118,232708,-0.01316871,-0.07321291,0.09962728,-1.02540869,-0.45518055,1.46362178,1,0,1,1,0
1119,232916,-0.01762271,-0.08211723,0.09610051,-0.94007470,-0.54757546,1.50978060,1,0,1,1,0
1120,233125,-0.01417338,-0.07635793,0.08366445,-0.86961121,-0.64943966,1.51251771,1,0,1,1,0
1121,233333,-0.00325083,-0.08435345,0.08414369,-0.79349692,-0.72427498,1.53115783,1,0,1,1,0
1122,233541,0.00852712,-0.08840654,0.08861921,-0.70640145,-0.81204221,1.53018261,1,0,1,1,0
1123,233750,0.01286154,-0.08443503,0.07386392,-0.60629640,-0.89029299,1.50967576,1,0,1,1,0
1124,233958,0.00866496,-0.09239365,0.07175616,-0.51318357,-0.98491186,1.48517361,1,0,1,1,0
1125,234166,0.01468816,-0.09167172,0.07369777,-0.42685287,-1.07817967,1.49131673,1,0,1,1,0
1126,234375,0.03148958,-0.10313147,0.05613888,-0.31246789,-1.11888167,1.46242722,1,0,1,1,0
1127,234583,0.04728893,-0.10005016,0.06366217,-0.22655935,-1.18037011,1.43293781,1,0,1,1,0
1128,234791,0.03558172,-0.10628329,0.05968010,-0.13699697,-1.26462279,1.37000373,1,0,1,1,0
1129,235000,0.05621565,-0.10554601,0.04600437,-0.02772277,-1.29024501,1.33538524,1,0,1,1,0
1130,235208,0.05155017,-0.09865546,0.04081020,0.05711458,-1.35027164,1.29004850,1,0,1,1,0
1131,235416,0.05951286,-0.09065476,0.03693456,0.17306040,-1.39098841,1.23155665,1,0,1,1,0
1132,235625,0.06261974,-0.09194215,0.03468780,0.24871237,-1.44460590,1.16254230,1,0,1,1,0
1133,235833,0.06703229,-0.10145112,0.02841646,0.37744327,-1.47813968,1.10528684,1,0,1,1,0
1134,236041,0.07085541,-0.09357772,0.01786978,0.45184605,-1.49221795,1.00449721,1,0,1,1,0
1135,236250,0.07030111,-0.08630398,0.01842543,0.54627398,-1.51258860,0.94075662,1,0,1,1,0
1136,236458,0.08111959,-0.09061050,0.00711477,0.63415797,-1.50826203,0.86751569,1,0,1,1,0
1137,236666,0.07902951,-0.07481171,0.00029430,0.72399273,-1.51538512,0.80607730,1,0,1,1,0
1138,236875,0.09451771,-0.08399747,-0.00533547,0.81854259,-1.52589693,0.69194186,1,0,1,1,0
1139,237083,0.07721328,-0.07710382,-0.01129579,0.90600766,-1.50886843,0.60219932,1,0,1,1,0
1140,237291,0.09596701,-0.07702784,-0.01234729,0.96803389,-1.48800983,0.52493947,1,0,1,1,0
1141,237500,0.09891198,-0.07073720,-0.02587775,1.05208295,-1.47884362,0.42917621,1,0,1,1,0
1142,237708,0.09740332,-0.07073336,-0.02597966,1.10773233,-1.48331519,0.32638588,1,0,1,1,0
1143,237916,0.10004069,-0.06224552,-0.04458368,1.17578494,-1.42010826,0.24265217,1,0,1,1,0
1144,238125,0.10172573,-0.06217648,-0.05073384,1.25019379,-1.37628386,0.13069471,1,0,1,1,0
1145,238333,0.10223274,-0.04854239,-0.03973005,1.29187074,-1.33115313,0.03804802,1,0,1,1,0
1146,238541,0.09591352,-0.05316904,-0.05695829,1.34831690,-1.29023684,-0.06939965,1,0,1,1,0
1147,238750,0.09632317,-0.04291836,-0.05698070,1.40940029,-1.23038678,-0.16754935,1,0,1,1,0
1148,238958,0.09110110,-0.02991976,-0.05905845,1.44187677,-1.14754854,-0.27672531,1,0,1,1,0
1149,239166,0.09773894,-0.02408099,-0.06603718,1.46256748,-1.10291709,-0.35188218,1,0,1,1,0
1150,239375,0.08785721,-0.02176250,-0.07209944,1.48790296,-1.04286749,-0.47362379,1,0,1,1,0
1151,239583,0.08863355,-0.01027942,-0.07219983,1.51233211,-0.93528743,-0.55548719,1,0,1,1,0
1152,239791,0.08676123,-0.01416393,-0.08670138,1.49437472,-0.87795627,-0.64801370,1,0,1,1,0
1153,240000,0.08514773,-0.00139818,-0.08139705,1.52646332,-0.79453615,-0.72468186,1,0,1,1,0
1154,240208,0.09509429,0.00337445,-0.09644371,1.53910004,-0.68847875,-0.83069060,1,0,1,1,0
1155,240416,0.08323869,0.01943705,-0.08787600,1.51252917,-0.60545425,-0.90750359,1,0,1,1,0
1156,240625,0.06621518,0.01988203,-0.09389086,1.49351824,-0.53127066,-0.98481305,1,0,1,1,0
1157,240833,0.07851265,0.02675941,-0.09450277,1.49926275,-0.40946768,-1.04843251,1,0,1,1,0
1158,241041,0.07101711,0.03488239,-0.09970386,1.44839680,-0.33589495,-1.12130013,1,0,1,1,0
1159,241250,0.06116246,0.04037418,-0.09611275,1.41701844,-0.23420302,-1.18130847,1,0,1,1,0
1160,241458,0.05650610,0.04592234,-0.10361797,1.37546232,-0.14002365,-1.23338330,1,0,1,1,0
1161,241666,0.04913075,0.04977898,-0.10929620,1.32452420,-0.05012673,-1.31523231,1,0,1,1,0
1162,241875,0.04390075,0.06059719,-0.10078212,1.30589313,0.06797905,-1.35000230,1,0,1,1,0
1163,242083,0.03783343,0.05686898,-0.09739288,1.23754974,0.16576577,-1.38966760,1,0,1,1,0
1164,242291,0.03165268,0.06345997,-0.10221617,1.18506952,0.24587523,-1.42127998,1,0,1,1,0
1165,242500,0.03928802,0.07458388,-0.09661567,1.08364558,0.34475761,-1.45633855,1,0,1,1,0
1166,242708,0.02885959,0.06486260,-0.09510554,1.03742044,0.44918454,-1.48122844,1,0,1,1,0
1167,242916,0.00536618,0.08380426,-0.09376001,0.93045000,0.55605990,-1.49169106,1,0,1,1,0
1168,243125,0.00717239,0.08515473,-0.09154279,0.88642722,0.63228483,-1.50833168,1,0,1,1,0
1169,243333,0.00090429,0.07904625,-0.08365996,0.77772707,0.71644326,-1.52787135,1,0,1,1,0
1170,243541,0.00135929,0.08881523,-0.09055123,0.69366462,0.84461965,-1.51260062,1,0,1,1,0
1171,243750,-0.01693148,0.09162155,-0.08454392,0.61496016,0.90548468,-1.52868139,1,0,1,1,0
1172,243958,-0.01352050,0.08855312,-0.07637295,0.52318597,0.96499980,-1.49948137,1,0,1,1,0
1173,244166,-0.02515969,0.10287658,-0.06780144,0.42442719,1.05972202,-1.47705998,1,0,1,1,0
1174,244375,-0.02512395,0.09896156,-0.06653323,0.31599397,1.10960445,-1.44558519,1,0,1,1,0
1175,244583,-0.03074447,0.10063144,-0.05963741,0.25018984,1.18454850,-1.42206564,1,0,1,1,0
1176,244791,-0.05422514,0.09519859,-0.06291890,0.11935579,1.24996337,-1.39449476,1,0,1,1,0
1177,245000,-0.04767152,0.09827429,-0.04437012,0.03548604,1.28057183,-1.34091791,1,0,1,1,0
1178,245208,-0.05413460,0.09656144,-0.04067080,-0.08760782,1.35400548,-1.29171874,1,0,1,1,0
1179,245416,-0.05956848,0.10157182,-0.03606691,-0.17928974,1.39158730,-1.21563669,1,0,1,1,0
1180,245625,-0.05806694,0.10335263,-0.03198106,-0.25559440,1.44004059,-1.16183174,1,0,1,1,0
1181,245833,-0.06939340,0.09134322,-0.02758239,-0.35354641,1.46262161,-1.09170981,1,0,1,1,0
1182,246041,-0.07492711,0.10184051,-0.02246344,-0.45677512,1.48609473,-1.03827733,1,0,1,1,0
1183,246250,-0.08064327,0.09616276,-0.01014444,-0.55949964,1.49829616,-0.95281410,1,0,1,1,0
1184,246458,-0.08872076,0.08831265,-0.00764387,-0.64039814,1.52836962,-0.85820649,1,0,1,1,0
1185,246666,-0.09368262,0.09244501,-0.00429891,-0.73466002,1.52099391,-0.77127348,1,0,1,1,0
1186,246875,-0.09817264,0.08975907,0.01340335,-0.82555508,1.53094563,-0.68713330,1,0,1,1,0
1187,247083,-0.10283914,0.07525162,0.00417445,-0.89036209,1.53016145,-0.60956354,1,0,1,1,0
1188,247291,-0.09180201,0.08510244,0.01337988,-0.98200414,1.49370060,-0.53424632,1,0,1,1,0
1189,247500,-0.09402336,0.07876798,0.02492505,-1.05541414,1.47824718,-0.43455226,1,0,1,1,0
1190,247708,-0.08947097,0.06703407,0.02902327,-1.11218495,1.47548358,-0.31463565,1,0,1,1,0
1191,247916,-0.09652943,0.05086283,0.04411110,-1.17610252,1.42485959,-0.24341158,1,0,1,1,0
1192,248125,-0.10500009,0.06291847,0.04336989,-1.24895341,1.38600725,-0.13614710,1,0,1,1,0
1193,248333,-0.09916003,0.04568058,0.04505124,-1.29667928,1.33068768,-0.03657869,1,0,1,1,0
1194,248541,-0.11066703,0.04018288,0.05377241,-1.36194143,1.28464407,0.05529345,1,0,1,1,0
1195,248750,-0.09427069,0.04425778,0.05270532,-1.38623178,1.21855031,0.14493876,1,0,1,1,0
1196,248958,-0.09808105,0.04041493,0.06393716,-1.43688431,1.15991195,0.27959177,1,0,1,1,0
1197,249166,-0.09525118,0.02297645,0.07086910,-1.49607796,1.08206798,0.36504238,1,0,1,1,0
1198,249375,-0.09947147,0.01249194,0.07246282,-1.46521961,1.03111958,0.44423427,1,0,1,1,0
1199,249583,-0.09661142,0.00504629,0.08503426,-1.49287895,0.95932844,0.55940390,1,0,1,1,0
1200,249791,-0.08725177,0.00889416,0.08828021,-1.50322068,0.86286147,0.64576801,1,0,1,1,0
1201,250000,-0.05481414,-0.01312088,0.11269678,-1.45237891,0.75111172,0.70219061,1,0,1,1,0
1202,250208,-0.05222435,-0.01280811,0.11692467,-1.45938257,0.63438303,0.78514180,1,0,1,1,0
1203,250416,-0.05536618,-0.02524020,0.12166152,-1.44055878,0.56349228,0.87284424,1,0,1,1,0
1204,250625,-0.05470538,-0.03149376,0.12469767,-1.42031513,0.47118670,0.95680808,1,0,1,1,0
1205,250833,-0.05602190,-0.04744229,0.13796675,-1.40640922,0.37451698,1.00498496,1,0,1,1,0
1206,251041,-0.05440414,-0.04839962,0.14464119,-1.34756514,0.26939404,1.05711665,1,0,1,1,0
1207,251249,-0.05748435,-0.06503800,0.16629167,-1.31296661,0.17955713,1.09560053,1,0,1,1,0
1208,251458,-0.06011530,-0.07452693,0.16875840,-1.25938647,0.08314058,1.15725703,1,0,1,1,0
1209,251666,-0.06009686,-0.09847642,0.18350688,-1.19601226,-0.01885667,1.19493386,1,0,1,1,0
1210,251875,-0.04964126,-0.10671326,0.19577575,-1.13870506,-0.08004020,1.21031404,1,0,1,1,0
1211,252083,-0.04386459,-0.13234148,0.20982731,-1.05908218,-0.19772530,1.24658731,1,0,1,1,0
1212,252291,-0.03336953,-0.15799786,0.22518979,-0.98923954,-0.27109433,1.26511569,1,0,1,1,0
1213,252500,-0.04874524,-0.18221145,0.23611412,-0.90573229,-0.35395480,1.25243582,1,0,1,1,0
1214,252708,-0.03358113,-0.21411417,0.26243602,-0.83575536,-0.43474439,1.25430859,1,0,1,1,0
1215,252916,-0.02762683,-0.23477831,0.28449683,-0.73249914,-0.49196850,1.22040338,1,0,1,1,0
1216,253125,-0.00823857,-0.26453053,0.29069785,-0.65801549,-0.55126317,1.21823301,1,0,1,1,0
1217,253333,0.00904342,-0.30432448,0.30181190,-0.57866804,-0.59997108,1.16539853,1,0,1,1,0
1218,253541,0.03581369,-0.33128220,0.31345087,-0.46411733,-0.65056394,1.15203498,1,0,1,1,0
1219,253749,0.07243650,-0.36817016,0.31534297,-0.39812529,-0.68584154,1.09665112,1,0,1,1,0
1220,253958,0.09334286,-0.40250816,0.32747122,-0.33045390,-0.72073372,1.06455768,1,0,1,1,0
1221,254166,0.12088614,-0.44225921,0.31956448,-0.25423754,-0.73445732,0.98992110,1,0,1,1,0
1222,254375,0.15727785,-0.47562758,0.32771221,-0.17497312,-0.74795585,0.93455097,1,0,1,1,0
1223,254583,0.19245672,-0.51122703,0.32484854,-0.10505754,-0.78199018,0.88225344,1,0,1,1,0
1224,254791,0.23343308,-0.54226169,0.31808667,-0.04688673,-0.77328571,0.83053998,1,0,1,1,0
1225,255000,0.28137657,-0.57613735,0.29531275,0.02349906,-0.76721595,0.75618411,1,0,1,1,0
1226,255208,0.32356756,-0.60257589,0.27131353,0.09849455,-0.72965144,0.69771379,1,0,1,1,0
1227,255416,0.37390798,-0.61944406,0.25477699,0.12635401,-0.73094935,0.63308235,1,0,1,1,0
1228,255625,0.42572406,-0.64755190,0.21693929,0.16538883,-0.70361813,0.56994126,1,0,1,1,0
1229,255833,0.47321546,-0.67844659,0.19281734,0.20781258,-0.66648027,0.51527394,1,0,1,1,0
1230,256041,0.53130188,-0.69231937,0.16928115,0.22350985,-0.66393867,0.44946300,1,0,1,1,0
1231,256249,0.57234782,-0.70015571,0.11957207,0.25498777,-0.60217611,0.39654397,1,0,1,1,0
1232,256458,0.63251775,-0.70898862,0.07984274,0.28276392,-0.59593667,0.34730436,1,0,1,1,0
1233,256666,0.66791382,-0.70933485,0.02265493,0.27429537,-0.52481603,0.28803897,1,0,1,1,0
1234,256875,0.71674602,-0.69965416,-0.03199670,0.29973036,-0.49533525,0.23848332,1,0,1,1,0
1235,257083,0.76958083,-0.69499848,-0.08019058,0.29736983,-0.45656504,0.18650855,1,0,1,1,0
1236,257291,0.79630930,-0.66915737,-0.14370919,0.29535679,-0.41072514,0.14173015,1,0,1,1,0
1237,257500,0.84222720,-0.65036622,-0.20729560,0.30750022,-0.36546077,0.12148422,1,0,1,1,0
1238,257708,0.87352626,-0.63809810,-0.26292025,0.29314698,-0.36466493,0.07841614,1,0,1,1,0
1239,257916,0.89473552,-0.59658910,-0.32664333,0.29191682,-0.31781083,0.05025253,1,0,1,1,0
1240,258125,0.92428463,-0.56248720,-0.39504792,0.28295847,-0.29492731,0.04344298,1,0,1,1,0
1241,258333,0.93021009,-0.51488623,-0.45271375,0.24776954,-0.27049160,0.01302248,1,0,1,1,0
1242,258541,0.95699413,-0.47097399,-0.51649332,0.24586028,-0.21901857,0.00037705,1,0,1,1,0
1243,258749,0.96081158,-0.41780730,-0.57496721,0.25452885,-0.21127045,-0.02015570,1,0,1,1,0
1244,258958,0.95633632,-0.35739235,-0.63309594,0.23960238,-0.20432179,-0.01884891,1,0,1,1,0
1245,259166,0.95678087,-0.30373181,-0.69011471,0.23286660,-0.18212705,-0.01941760,1,0,1,1,0
1246,259375,0.94349857,-0.24101998,-0.73436769,0.21836144,-0.15038540,-0.02495999,1,0,1,1,0
1247,259583,0.92715302,-0.18505086,-0.78531355,0.23103751,-0.12440347,-0.03486519,1,0,1,1,0
1248,259791,0.90710750,-0.11502652,-0.82760986,0.22173651,-0.12348302,-0.07202385,1,0,1,1,0
1249,260000,0.86723800,-0.04630336,-0.86256220,0.19199108,-0.08387821,-0.05921663,0,0,0,0,0
1250,260208,0.84471010,0.02334284,-0.89853557,0.19955491,-0.07205644,-0.07469566,0,0,0,0,0
1251,260416,0.80635203,0.08857809,-0.93071123,0.21632296,-0.06724617,-0.10554811,0,0,0,0,0
1252,260625,0.75561501,0.14696466,-0.94882134,0.20199112,-0.05059659,-0.09641274,0,0,0,0,0
1253,260833,0.72307850,0.22266955,-0.97311107,0.19899064,-0.02431393,-0.10395793,0,0,0,0,0
1254,261041,0.66321602,0.27951476,-0.98221478,0.20027487,-0.01432058,-0.11601676,0,0,0,0,0
1255,261249,0.61764002,0.35755451,-1.00467736,0.17043230,-0.00729802,-0.11889203,0,0,0,0,0
1256,261458,0.56342299,0.40093284,-1.01624639,0.19666945,0.01220661,-0.12731009,0,0,0,0,0
1257,261666,0.49956731,0.46302809,-1.02325641,0.16290130,0.03017505,-0.12747255,0,0,0,0,0
1258,261875,0.45429725,0.51086803,-1.00950938,0.16779659,0.05914941,-0.12160286,0,0,0,0,0
1259,262083,0.39845725,0.55599677,-1.00818738,0.15760005,0.04394126,-0.13273980,0,0,0,0,0
1260,262291,0.33399222,0.61789735,-0.99612743,0.15743761,0.07158953,-0.14190928,0,0,0,0,0
1261,262500,0.26849394,0.66321889,-0.99195087,0.13461560,0.05942266,-0.14472252,0,0,0,0,0
1262,262708,0.20412892,0.71049087,-0.96807668,0.13574365,0.08636831,-0.15173567,0,0,0,0,0
1263,262916,0.13100869,0.75489417,-0.93970793,0.11971290,0.09315206,-0.15640658,0,0,0,0,0
1264,263125,0.06455664,0.80281495,-0.92814851,0.10445164,0.11048519,-0.13219524,0,0,0,0,0
1265,263333,0.00931298,0.83210341,-0.89139060,0.12000912,0.12339286,-0.16105166,0,0,0,0,0
1266,263541,-0.06575101,0.86470544,-0.85695191,0.07864760,0.14424203,-0.16164292,0,0,0,0,0
1267,263750,-0.12377451,0.88907808,-0.83176234,0.09215232,0.14924911,-0.15585717,0,0,0,0,0
1268,263958,-0.19850297,0.91535411,-0.78921067,0.06082730,0.17668874,-0.15956878,0,0,0,0,0
1269,264166,-0.25461846,0.93172622,-0.74798022,0.02594488,0.15988655,-0.17768318,0,0,0,0,0
1270,264375,-0.32264719,0.96031075,-0.69064892,0.03639104,0.19495579,-0.15905446,0,0,0,0,0
1271,264583,-0.37521856,0.96905215,-0.64377790,0.01893813,0.19938405,-0.16204558,0,0,0,0,0
1272,264791,-0.44001760,0.98300047,-0.59616298,-0.00770874,0.21580200,-0.14989738,0,0,0,0,0
1273,265000,-0.50453835,0.97477396,-0.55085504,-0.01342000,0.20102498,-0.13168278,0,0,0,0,0
1274,265208,-0.56022040,0.98577611,-0.49448348,-0.03202834,0.22319241,-0.12573559,0,0,0,0,0
1275,265416,-0.61745586,0.96997445,-0.42074125,-0.04625103,0.22615152,-0.12254073,0,0,0,0,0
1276,265625,-0.66618242,0.97069633,-0.37140472,-0.06857832,0.21718821,-0.11833041,0,0,0,0,0
1277,265833,-0.71311470,0.95373013,-0.30012848,-0.08864786,0.22911934,-0.10929314,0,0,0,0,0
1278,266041,-0.76018390,0.94342829,-0.23532943,-0.09762481,0.22654900,-0.09921296,0,0,0,0,0
1279,266250,-0.81230274,0.91149140,-0.18883679,-0.10513598,0.23797995,-0.07052221,0,0,0,0,0
1280,266458,-0.83545282,0.90017907,-0.11284889,-0.12248048,0.22550649,-0.08243807,0,0,0,0,0
1281,266666,-0.87704727,0.86029095,-0.04675487,-0.14092059,0.25139082,-0.05799152,0,0,0,0,0
1282,266875,-0.90759741,0.83407585,0.01922114,-0.13987513,0.24857011,-0.02758129,0,0,0,0,0
1283,267083,-0.93661838,0.79149498,0.08747288,-0.15070662,0.23352110,-0.02411356,0,0,0,0,0
1284,267291,-0.95881481,0.75511634,0.14974519,-0.15671296,0.24341526,-0.00454364,0,0,0,0,0
1285,267500,-0.98629322,0.71318833,0.21458908,-0.18050634,0.23723261,-0.02606368,0,0,0,0,0
1286,267708,-1.00107450,0.67007552,0.27411670,-0.16660593,0.23585154,0.03957140,0,0,0,0,0
1287,267916,-1.00717420,0.61955715,0.33972534,-0.17945963,0.22490419,0.01514904,0,0,0,0,0
1288,268125,-1.01453536,0.57312022,0.40053678,-0.20578989,0.22701862,0.03914411,0,0,0,0,0
1289,268333,-1.01684184,0.52177125,0.44971594,-0.19673837,0.23409682,0.05533210,0,0,0,0,0
1290,268541,-1.02256211,0.45200876,0.50741144,-0.19823129,0.22371455,0.05689719,0,0,0,0,0
1291,268750,-1.01838425,0.40036598,0.56688571,-0.21989288,0.19877636,0.05876878,0,0,0,0,0
1292,268958,-1.00649922,0.34230059,0.61606365,-0.20902290,0.18959545,0.05453067,0,0,0,0,0
1293,269166,-1.00398495,0.29016601,0.66380704,-0.22506102,0.19226428,0.11267794,0,0,0,0,0
1294,269375,-0.97834878,0.22253554,0.71304771,-0.24146624,0.18965698,0.09610207,0,0,0,0,0
1295,269583,-0.96140498,0.15272759,0.75629677,-0.22749186,0.17991431,0.09508975,0,0,0,0,0
1296,269791,-0.93909199,0.08032239,0.79967667,-0.22750623,0.14946548,0.12605380,0,0,0,0,0
1297,270000,-0.89629060,0.01259349,0.83756566,-0.23840523,0.12870170,0.12372900,0,0,0,0,0
1298,270208,-0.86239459,-0.05065732,0.86816985,-0.24969117,0.15772305,0.14188378,0,0,0,0,0
1299,270416,-0.83503100,-0.10600561,0.89715814,-0.23488287,0.12233013,0.12999456,0,0,0,0,0
1300,270625,-0.79061803,-0.17603813,0.92561438,-0.23961252,0.11755465,0.14055029,0,0,0,0,0
1301,270833,-0.73774553,-0.23665461,0.94470407,-0.21774231,0.08476321,0.17964031,0,0,0,0,0
1302,271041,-0.70306228,-0.29973092,0.95194542,-0.23397998,0.07851315,0.18058384,0,0,0,0,0
1303,271250,-0.65136905,-0.35797343,0.95726014,-0.21302192,0.05262333,0.16852315,0,0,0,0,0
1304,271458,-0.59932926,-0.42925640,0.97074825,-0.21686994,0.03974261,0.18461859,0,0,0,0,0
1305,271666,-0.54083096,-0.47814190,0.96787726,-0.22377046,0.03582720,0.20129835,0,0,0,0,0
1306,271875,-0.48493288,-0.53113912,0.96960743,-0.21311125,0.01717592,0.20710388,0,0,0,0,0
1307,272083,-0.43419557,-0.58863336,0.97111699,-0.20575972,0.01098500,0.22050007,0,0,0,0,0
1308,272291,-0.37404045,-0.63129446,0.96602573,-0.20062994,-0.00397775,0.21368893,0,0,0,0,0
1309,272500,-0.31144351,-0.67553920,0.95162868,-0.18814858,-0.00974598,0.20701468,0,0,0,0,0
1310,272708,-0.24832631,-0.71969482,0.92270337,-0.18324207,-0.02828887,0.22007545,0,0,0,0,0
1311,272916,-0.16578820,-0.77120528,0.90098664,-0.16240723,-0.04082204,0.22541092,0,0,0,0,0
1312,273125,-0.10727915,-0.82193852,0.87981092,-0.15344699,-0.06293711,0.21088710,0,0,0,0,0
1313,273333,-0.04097923,-0.83765655,0.84845534,-0.15013074,-0.06301604,0.22204790,0,0,0,0,0
1314,273541,0.01630401,-0.87380471,0.81445118,-0.14224288,-0.07056716,0.21814700,0,0,0,0,0
1315,273750,0.09117824,-0.90091286,0.77381083,-0.12111533,-0.07691012,0.21940791,0,0,0,0,0
1316,273958,0.15314130,-0.93054452,0.74654218,-0.10072238,-0.10152952,0.22508048,0,0,0,0,0
1317,274166,0.22049515,-0.94744863,0.71004968,-0.08227459,-0.09333091,0.22514571,0,0,0,0,0
1318,274375,0.28413127,-0.96067728,0.66057905,-0.07747148,-0.09133006,0.21623839,0,0,0,0,0
1319,274583,0.34622646,-0.97176119,0.60870050,-0.06650879,-0.11290443,0.20436275,0,0,0,0,0
1320,274791,0.40950363,-0.98581265,0.54923426,-0.04008655,-0.13463988,0.23658572,0,0,0,0,0
1321,275000,0.46528917,-0.98924624,0.50582719,-0.04076187,-0.15368768,0.19721967,0,0,0,0,0
1322,275208,0.52209566,-0.97511715,0.44333875,-0.00838216,-0.15393306,0.19478647,0,0,0,0,0
1323,275416,0.57245614,-0.98455807,0.37918925,-0.01390668,-0.17148996,0.19554432,0,0,0,0,0
1324,275625,0.62669127,-0.96390884,0.33406942,0.01501673,-0.13708742,0.16549774,0,0,0,0,0
1325,275833,0.68160996,-0.95536950,0.26545046,0.01764173,-0.17805633,0.14086334,0,0,0,0,0
1326,276041,0.72345973,-0.93499163,0.20854526,0.03235343,-0.15811495,0.13998259,0,0,0,0,0
1327,276250,0.76853818,-0.90803437,0.13379963,0.03458724,-0.16125483,0.15440961,0,0,0,0,0
1328,276458,0.80697414,-0.88280518,0.08328887,0.05345838,-0.16219880,0.11025563,0,0,0,0,0
1329,276666,0.83792683,-0.85751747,0.00891634,0.07836294,-0.14067173,0.10837685,0,0,0,0,0
1330,276875,0.87376807,-0.81812725,-0.05012496,0.07134893,-0.16704932,0.09371813,0,0,0,0,0
1331,277083,0.90051674,-0.78322681,-0.11321214,0.09607410,-0.16403516,0.08540456,0,0,0,0,0
1332,277291,0.92237489,-0.74468185,-0.17415297,0.10829792,-0.16431172,0.05108538,0,0,0,0,0
1333,277500,0.94745855,-0.70241501,-0.24949404,0.11093459,-0.17189472,0.03374661,0,0,0,0,0
1334,277708,0.96571706,-0.64849028,-0.31071973,0.11726691,-0.17460760,0.02350352,0,0,0,0,0
1335,277916,0.98251325,-0.60623831,-0.37091024,0.13158639,-0.17437359,0.02148127,0,0,0,0,0
1336,278125,0.98272065,-0.55941720,-0.43243080,0.12240488,-0.16764693,0.00573948,0,0,0,0,0
1337,278333,0.98360528,-0.50339802,-0.48846608,0.13064377,-0.17544952,-0.00923579,0,0,0,0,0
1338,278541,0.98889449,-0.44151666,-0.54400637,0.13654799,-0.16323034,-0.03513422,0,0,0,0,0
1339,278750,0.97281223,-0.39240013,-0.59717767,0.15493359,-0.14970247,-0.01697471,0,0,0,0,0
1340,278958,0.97660921,-0.31999411,-0.64960374,0.14254936,-0.14738363,-0.03786893,0,0,0,0,0
1341,279166,0.96062980,-0.26695029,-0.69690330,0.16384755,-0.14740850,-0.04082118,0,0,0,0,0
1342,279375,0.95399532,-0.20100697,-0.73667177,0.13827647,-0.15477874,-0.06287579,0,0,0,0,0
1343,279583,0.92976708,-0.12565467,-0.78934732,0.17435137,-0.13843177,-0.07194088,0,0,0,0,0
1344,279791,0.90024813,-0.05981924,-0.83710656,0.19274594,-0.10699650,-0.09559675,0,0,0,0,0
1345,280000,0.86598654,-0.00352504,-0.86000293,0.19221566,-0.12799082,-0.09677399,0,0,0,0,0
1346,280208,0.84313969,0.07364973,-0.89926826,0.18881726,-0.09729316,-0.11840543,0,0,0,0,0
1347,280416,0.79884738,0.13436004,-0.92227208,0.17933563,-0.07880962,-0.12960218,0,0,0,0,0
1348,280625,0.76826630,0.19676358,-0.94217773,0.17953021,-0.05376859,-0.12726329,0,0,0,0,0
1349,280833,0.71693344,0.26382842,-0.95797428,0.17308534,-0.04906128,-0.12592192,0,0,0,0,0
1350,281041,0.68547038,0.32498603,-0.97603932,0.16903284,-0.03947475,-0.16547623,0,0,0,0,0
1351,281250,0.61946430,0.38829372,-0.98761325,0.16952112,-0.02036424,-0.16810355,0,0,0,0,0
1352,281458,0.57764179,0.45239027,-0.98928794,0.17104631,-0.01390137,-0.18149640,0,0,0,0,0
1353,281666,0.52667303,0.50665365,-0.99652588,0.14296250,-0.00812319,-0.18544186,0,0,0,0,0
1354,281875,0.45934229,0.56497608,-0.99694849,0.14978537,0.01700364,-0.19701603,0,0,0,0,0
1355,282083,0.40750319,0.61770583,-0.98452669,0.14810477,0.04739910,-0.19424950,0,0,0,0,0
1356,282291,0.33969079,0.67030639,-0.96607084,0.15261181,0.01579973,-0.19898328,0,0,0,0,0
1357,282500,0.28732816,0.71117608,-0.96306362,0.14202576,0.05946444,-0.21511501,0,0,0,0,0
1358,282708,0.22229690,0.75103375,-0.94861513,0.13844241,0.08288845,-0.20936273,0,0,0,0,0
1359,282916,0.15130628,0.79262226,-0.91871750,0.11610354,0.06863418,-0.23219663,0,0,0,0,0
1360,283125,0.08975186,0.84319217,-0.90041376,0.11153905,0.06868422,-0.21682554,0,0,0,0,0
1361,283333,0.01827256,0.87194169,-0.87006573,0.09876624,0.08881243,-0.21531239,0,0,0,0,0
1362,283541,-0.03468883,0.90354825,-0.83483777,0.10984060,0.08226333,-0.21711960,0,0,0,0,0
1363,283750,-0.10658423,0.93046904,-0.79481794,0.09946615,0.10999237,-0.23533683,0,0,0,0,0
1364,283958,-0.17208507,0.96177060,-0.75432786,0.05167400,0.08988378,-0.23498525,0,0,0,0,0
1365,284166,-0.23822274,0.97453726,-0.71513020,0.04347619,0.12815799,-0.23773637,0,0,0,0,0
1366,284375,-0.29694993,0.99158049,-0.66523699,0.04561926,0.15299820,-0.21897662,0,0,0,0,0
1367,284583,-0.35372940,1.00454136,-0.60675938,0.01072959,0.13634451,-0.22952364,0,0,0,0,0
1368,284791,-0.41526121,1.02000955,-0.56157961,0.00883742,0.15510901,-0.22656169,0,0,0,0,0
1369,285000,-0.47356590,1.02313520,-0.50614523,0.00567482,0.13707629,-0.22281872,0,0,0,0,0
1370,285208,-0.54017057,1.02260661,-0.44681915,-0.01847982,0.15589427,-0.20737746,0,0,0,0,0
1371,285416,-0.58038844,1.01759876,-0.39643554,-0.02952661,0.17283930,-0.18196122,0,0,0,0,0
1372,285625,-0.63894310,1.01455007,-0.32603488,-0.03339742,0.14871624,-0.18936257,0,0,0,0,0
1373,285833,-0.68475850,0.98625523,-0.26013524,-0.05970909,0.15186232,-0.19114719,0,0,0,0,0
1374,286041,-0.72621875,0.97189174,-0.19849213,-0.05156717,0.17582187,-0.15750467,0,0,0,0,0
1375,286250,-0.76411380,0.94620102,-0.14446411,-0.07423898,0.18973979,-0.13889498,0,0,0,0,0
1376,286458,-0.81127438,0.91706163,-0.06734295,-0.08516005,0.15885477,-0.15227395,0,0,0,0,0
1377,286666,-0.83982057,0.87904772,-0.00253473,-0.08328688,0.17176492,-0.12258768,0,0,0,0,0
1378,286875,-0.87027736,0.85589765,0.05520057,-0.10135665,0.16558103,-0.10829001,0,0,0,0,0
1379,287083,-0.89819219,0.82551512,0.12514008,-0.11907175,0.16832748,-0.10333074,0,0,0,0,0
1380,287291,-0.93212270,0.77293601,0.19467736,-0.12614016,0.16137095,-0.08725401,0,0,0,0,0
1381,287500,-0.94303475,0.73677112,0.25705022,-0.11048489,0.16368188,-0.08476120,0,0,0,0,0
1382,287708,-0.96294069,0.68697683,0.31329775,-0.12232807,0.15660974,-0.06106538,0,0,0,0,0
1383,287916,-0.97166658,0.64774607,0.37679405,-0.13655631,0.16716985,-0.05830848,0,0,0,0,0
1384,288125,-0.98333393,0.59345341,0.43867009,-0.15618755,0.16430635,-0.04291089,0,0,0,0,0
1385,288333,-0.98565940,0.53549740,0.49841728,-0.15876392,0.14413103,-0.03983298,0,0,0,0,0
1386,288541,-0.98283462,0.47337797,0.55282938,-0.14601929,0.14460863,-0.01367773,0,0,0,0,0
1387,288750,-0.96954017,0.42182867,0.61299993,-0.16925313,0.13592873,-0.00648730,0,0,0,0,0
1388,288958,-0.96850375,0.35040031,0.66750204,-0.15867560,0.13215671,0.00061033,0,0,0,0,0
1389,289166,-0.95625542,0.28990434,0.72051425,-0.16835071,0.10886139,0.00971618,0,0,0,0,0
1390,289375,-0.93740867,0.22221069,0.76392364,-0.17636179,0.10523724,0.01893448,0,0,0,0,0
1391,289583,-0.91371888,0.15626912,0.80980815,-0.16886425,0.08581737,0.04782417,0,0,0,0,0
1392,289791,-0.88463978,0.10294741,0.84593977,-0.19189152,0.11369393,0.05651235,0,0,0,0,0
1393,290000,-0.86582049,0.02736360,0.88596748,-0.18354750,0.09238263,0.06245403,0,0,0,0,0
1394,290208,-0.82559594,-0.04067149,0.90936177,-0.17008348,0.03953643,0.06240925,0,0,0,0,0
1395,290416,-0.78614878,-0.11874162,0.94800446,-0.17542591,0.05611587,0.06759865,0,0,0,0,0
1396,290625,-0.73928037,-0.17223292,0.96874116,-0.17074104,0.03222840,0.08441789,0,0,0,0,0
1397,290833,-0.70406300,-0.23157666,0.98184095,-0.18463998,0.01279082,0.11098923,0,0,0,0,0
1398,291041,-0.66125045,-0.29685213,0.99687212,-0.16189070,0.01329897,0.13390682,0,0,0,0,0
1399,291250,-0.60705623,-0.35896288,1.01312951,-0.17866652,-0.02318041,0.11929165,0,0,0,0,0
1400,291458,-0.55594983,-0.41791708,1.01041622,-0.15135056,-0.01989518,0.12590554,0,0,0,0,0
1401,291666,-0.49833817,-0.48183408,1.02549164,-0.14310587,-0.03589974,0.12871303,0,0,0,0,0
1402,291875,-0.43825319,-0.53912142,1.02154761,-0.15989447,-0.05997113,0.13470115,0,0,0,0,0
1403,292083,-0.38338195,-0.58804839,1.01044290,-0.12143504,-0.06016043,0.15298491,0,0,0,0,0
1404,292291,-0.33105980,-0.64510917,1.00624683,-0.11761404,-0.07088465,0.16883141,0,0,0,0,0
1405,292500,-0.26394578,-0.68807773,0.98635937,-0.12317208,-0.09172084,0.14879030,0,0,0,0,0
1406,292708,-0.20184979,-0.73693942,0.96685238,-0.11473474,-0.10579739,0.18628571,0,0,0,0,0
1407,292916,-0.13287950,-0.77992452,0.94251700,-0.10327561,-0.11543074,0.16558278,0,0,0,0,0
1408,293125,-0.07210337,-0.82240028,0.93387097,-0.09932809,-0.11726896,0.16805813,0,0,0,0,0
1409,293333,-0.00343036,-0.85028457,0.89698708,-0.09658320,-0.13566053,0.16221958,0,0,0,0,0
1410,293541,0.06352873,-0.88929512,0.86458225,-0.08183177,-0.13205406,0.19359134,0,0,0,0,0
1411,293750,0.13169436,-0.91163304,0.82326007,-0.06845378,-0.13163742,0.16752919,0,0,0,0,0
1412,293958,0.20430610,-0.93593215,0.77768271,-0.04558845,-0.16249116,0.16871997,0,0,0,0,0
1413,294166,0.26670433,-0.95946650,0.73667365,-0.03414597,-0.17445199,0.18366596,0,0,0,0,0
1414,294375,0.32422115,-0.98369192,0.68510780,-0.00052628,-0.15397593,0.18302171,0,0,0,0,0
1415,294583,0.39321922,-0.98485106,0.64438940,0.00367184,-0.19669762,0.19092066,0,0,0,0,0
1416,294791,0.44090597,-0.99626752,0.59393520,0.01208311,-0.18497252,0.16220779,0,0,0,0,0
1417,295000,0.50830142,-1.00638038,0.53216537,0.03648556,-0.19607099,0.16112597,0,0,0,0,0
1418,295208,0.56334898,-1.00281130,0.48279284,0.04498494,-0.22163828,0.16494704,0,0,0,0,0
1419,295416,0.60514212,-1.01061043,0.42446038,0.05543446,-0.20790665,0.14419105,0,0,0,0,0
1420,295625,0.66128404,-0.98719007,0.36344376,0.06729778,-0.23340375,0.13354836,0,0,0,0,0
1421,295833,0.71226041,-0.98373703,0.30403181,0.07616488,-0.21024456,0.14388576,0,0,0,0,0
1422,296041,0.75324231,-0.95205218,0.23757456,0.09553044,-0.21637443,0.11128717,0,0,0,0,0
1423,296250,0.79822852,-0.93135349,0.18227739,0.11541566,-0.23205736,0.12167051,0,0,0,0,0
1424,296458,0.83668288,-0.91308918,0.09904494,0.09984609,-0.21341553,0.09351309,0,0,0,0,0
1425,296666,0.87039694,-0.89090910,0.03801052,0.12647516,-0.22893949,0.09177752,0,0,0,0,0
1426,296875,0.90110445,-0.85620832,-0.02772078,0.14825948,-0.23557634,0.07671152,0,0,0,0,0
1427,297083,0.93440588,-0.82835066,-0.09114375,0.16289845,-0.22077006,0.06049862,0,0,0,0,0
1428,297291,0.95589040,-0.77348558,-0.16613681,0.17377595,-0.22289352,0.05430300,0,0,0,0,0
1429,297500,0.97142931,-0.74361092,-0.22082322,0.16930098,-0.22261912,0.01923778,0,0,0,0,0
1430,297708,0.99471289,-0.68455502,-0.28576727,0.16995811,-0.21302865,0.01708911,0,0,0,0,0
1431,297916,1.00927647,-0.62986944,-0.34812920,0.18072135,-0.19992118,0.01534407,0,0,0,0,0
1432,298125,1.00806913,-0.57571688,-0.40718932,0.18814424,-0.20584313,0.00634225,0,0,0,0,0
1433,298333,1.01384269,-0.52465276,-0.47094574,0.18667933,-0.21780866,-0.00921195,0,0,0,0,0
1434,298541,1.01640681,-0.47782379,-0.52738306,0.18787199,-0.21097057,-0.01403056,0,0,0,0,0
1435,298750,1.00475179,-0.41801338,-0.58151016,0.18483187,-0.17913820,-0.03510971,0,0,0,0,0
1436,298958,0.99724720,-0.36541148,-0.64118522,0.20355421,-0.18960041,-0.05932382,0,0,0,0,0
1437,299166,0.98947813,-0.29148497,-0.68487315,0.21741127,-0.16673880,-0.05091746,0,0,0,0,0
1438,299375,0.97128463,-0.23015101,-0.73494688,0.19787909,-0.15867947,-0.04898104,0,0,0,0,0
1439,299583,0.95211017,-0.16612370,-0.76572488,0.23126631,-0.14188051,-0.06117368,0,0,0,0,0
1440,299791,0.91572003,-0.09974139,-0.80470805,0.22538200,-0.15018031,-0.08556906,0,0,0,0,0
1441,300000,0.88813492,-0.04299900,-0.85565503,0.20389839,-0.12563722,-0.09403134,0,0,0,0,0
1442,300208,0.86024262,0.02232677,-0.88388704,0.23739576,-0.10743525,-0.10027117,0,0,0,0,0
1443,300416,0.81217385,0.09450588,-0.91479867,0.22942545,-0.08312680,-0.09635594,0,0,0,0,0
1444,300625,0.77689194,0.16653881,-0.93874214,0.22211649,-0.08058659,-0.12761101,0,0,0,0,0
1445,300833,0.73256025,0.21563730,-0.96561348,0.20590797,-0.05484449,-0.13460260,0,0,0,0,0
1446,301041,0.68564287,0.29389653,-0.96730388,0.22238660,-0.04416255,-0.14978806,0,0,0,0,0
1447,301250,0.63717830,0.34644682,-0.97938114,0.21511544,-0.04552933,-0.14425471,0,0,0,0,0
1448,301458,0.58679389,0.40711401,-0.97845160,0.18985527,-0.02257443,-0.16002091,0,0,0,0,0
1449,301666,0.53042909,0.46633037,-1.00414232,0.17868702,0.00687932,-0.17312964,0,0,0,0,0
1450,301875,0.47088080,0.53071231,-0.99290842,0.18660875,0.00281388,-0.19138239,0,0,0,0,0
1451,302083,0.41762080,0.56931869,-0.99154559,0.19289455,0.03501253,-0.19162113,0,0,0,0,0
1452,302291,0.35092053,0.62635149,-0.97483334,0.16915810,0.01507536,-0.17524635,0,0,0,0,0
1453,302500,0.28495437,0.67888713,-0.96486996,0.16811727,0.03389288,-0.18229819,0,0,0,0,0
1454,302708,0.22793285,0.71715642,-0.95238957,0.16420675,0.06137013,-0.17984792,0,0,0,0,0
1455,302916,0.16218779,0.75960247,-0.92522197,0.16004537,0.07938461,-0.18371617,0,0,0,0,0
1456,303125,0.08748161,0.79648645,-0.90201460,0.12725023,0.07031390,-0.16930101,0,0,0,0,0
1457,303333,0.02219265,0.82952491,-0.87531660,0.11248436,0.09443108,-0.19125658,0,0,0,0,0
1458,303541,-0.05622921,0.86763931,-0.84050224,0.10676907,0.08830518,-0.19999187,0,0,0,0,0
1459,303750,-0.11047657,0.89663997,-0.80652890,0.08786343,0.11242467,-0.19976503,0,0,0,0,0
1460,303958,-0.17106524,0.92184987,-0.76513275,0.07555906,0.12154902,-0.19989491,0,0,0,0,0
1461,304166,-0.24302198,0.94299273,-0.72166597,0.08184449,0.13957826,-0.18640557,0,0,0,0,0
1462,304375,-0.31107554,0.96253637,-0.67743965,0.04611927,0.16472408,-0.17682939,0,0,0,0,0
1463,304583,-0.36302032,0.97283015,-0.63051082,0.03334325,0.16211533,-0.18939453,0,0,0,0,0
1464,304791,-0.43391467,0.98395871,-0.57009730,0.01514165,0.16676119,-0.18751689,0,0,0,0,0
1465,305000,-0.49120820,0.98192230,-0.52163362,0.00113411,0.15732960,-0.17570840,0,0,0,0,0
1466,305208,-0.54451761,0.98382580,-0.46360273,-0.00513051,0.16149919,-0.17110059,0,0,0,0,0
1467,305416,-0.60046406,0.97654904,-0.40673448,-0.01879530,0.18234511,-0.16153359,0,0,0,0,0
1468,305625,-0.65143709,0.95948605,-0.34408523,-0.04262870,0.17426970,-0.13507173,0,0,0,0,0
1469,305833,-0.69480520,0.95307145,-0.28011320,-0.04819908,0.18199113,-0.12754096,0,0,0,0,0
1470,306041,-0.74484570,0.94240473,-0.22767657,-0.07101868,0.20208416,-0.12766534,0,0,0,0,0
1471,306250,-0.79323335,0.91189541,-0.15176244,-0.08317341,0.19435805,-0.10001319,0,0,0,0,0
1472,306458,-0.82577690,0.87975125,-0.09514266,-0.08804136,0.20539249,-0.09614102,0,0,0,0,0
1473,306666,-0.85955346,0.85547649,-0.03279675,-0.10964688,0.18651368,-0.07241894,0,0,0,0,0
1474,306875,-0.89924099,0.82825754,0.03760958,-0.08829848,0.19920587,-0.06069030,0,0,0,0,0
1475,307083,-0.91868369,0.78837929,0.10242756,-0.11772178,0.18901971,-0.03366321,0,0,0,0,0
1476,307291,-0.94794432,0.75786190,0.16981506,-0.12766789,0.19464529,-0.04528720,0,0,0,0,0
1477,307500,-0.96852737,0.70795744,0.23135030,-0.14558124,0.19106247,-0.02497157,0,0,0,0,0
1478,307708,-0.97223780,0.66302899,0.28703121,-0.14135301,0.19596931,-0.00138143,0,0,0,0,0
1479,307916,-0.99977248,0.60416506,0.35391849,-0.16105785,0.21437322,-0.00524375,0,0,0,0,0
1480,308125,-1.00581015,0.55467725,0.40881256,-0.17931876,0.18714395,-0.00366689,0,0,0,0,0
1481,308333,-1.00491692,0.50477939,0.47944357,-0.17656098,0.19913187,0.00736470,0,0,0,0,0
1482,308541,-1.01862709,0.44345477,0.52828577,-0.17115978,0.19698811,0.03216838,0,0,0,0,0
1483,308750,-0.99152834,0.39107157,0.57340368,-0.17175915,0.18695526,0.03121523,0,0,0,0,0
1484,308958,-0.98866283,0.32879804,0.63087610,-0.19234102,0.17748146,0.08181102,0,0,0,0,0
1485,309166,-0.98169404,0.27670739,0.67193637,-0.19144113,0.15956157,0.07155136,0,0,0,0,0
1486,309375,-0.96722510,0.20368826,0.72925890,-0.19058090,0.15011892,0.07959279,0,0,0,0,0
1487,309583,-0.94060248,0.14346838,0.77013903,-0.18771671,0.13260396,0.11170721,0,0,0,0,0
1488,309791,-0.91083114,0.07570542,0.81165537,-0.23516544,0.12558602,0.09100160,0,0,0,0,0
1489,310000,-0.88675171,0.00670288,0.85370631,-0.19096970,0.11972061,0.11290074,0,0,0,0,0
1490,310208,-0.86183397,-0.04935971,0.87770776,-0.20284574,0.12154588,0.13053189,0,0,0,0,0
1491,310416,-0.81681814,-0.12466626,0.90221579,-0.20839700,0.11341308,0.12902079,0,0,0,0,0
1492,310625,-0.76947672,-0.18948108,0.92259940,-0.21071998,0.08392551,0.13077773,0,0,0,0,0
1493,310833,-0.73747822,-0.25785848,0.94468779,-0.19553589,0.07385730,0.14739741,0,0,0,0,0
1494,311041,-0.69496284,-0.31903054,0.97040163,-0.20696548,0.06335851,0.16607226,0,0,0,0,0
1495,311250,-0.64391331,-0.37286657,0.97297200,-0.16829209,0.03560830,0.15852555,0,0,0,0,0
1496,311458,-0.59164203,-0.43467867,0.98305763,-0.18863245,0.03190471,0.18829545,0,0,0,0,0
1497,311666,-0.52617059,-0.49335123,0.97925757,-0.18977602,0.01073480,0.18247727,0,0,0,0,0
1498,311875,-0.47710618,-0.54477873,0.98856606,-0.17237786,-0.00301529,0.19625900,0,0,0,0,0
1499,312083,-0.42533414,-0.60118668,0.98697588,-0.16355491,-0.02591255,0.21676769,0,0,0,0,0
1500,312291,-0.35282607,-0.64202627,0.97080725,-0.17604046,-0.01784265,0.21266856,0,0,0,0,0
1501,312500,-0.29210315,-0.70443041,0.94723311,-0.16177114,-0.02821432,0.21656862,0,0,0,0,0
1502,312708,-0.23201301,-0.75482643,0.92064935,-0.15000719,-0.04022137,0.20052428,0,0,0,0,0
1503,312916,-0.15937366,-0.78834349,0.90997555,-0.14582592,-0.07149481,0.22443719,0,0,0,0,0
1504,313125,-0.10134913,-0.81398318,0.89941702,-0.14392209,-0.06694073,0.21800484,0,0,0,0,0
1505,313333,-0.02891323,-0.86095547,0.85640995,-0.13250370,-0.06762081,0.24369293,0,0,0,0,0
1506,313541,0.02561682,-0.88077207,0.81980510,-0.11745831,-0.07357325,0.22950346,0,0,0,0,0
1507,313750,0.10493140,-0.92108080,0.78967729,-0.09344943,-0.10226695,0.21323196,0,0,0,0,0
1508,313958,0.15956058,-0.93690075,0.74235693,-0.09529623,-0.09618688,0.23593135,0,0,0,0,0
1509,314166,0.22162003,-0.95993747,0.71687874,-0.07100838,-0.12789813,0.20997620,0,0,0,0,0
1510,314375,0.29946396,-0.98267681,0.65723222,-0.06363199,-0.11886313,0.23871613,0,0,0,0,0
1511,314583,0.35578924,-0.98801309,0.61318219,-0.04863104,-0.12720899,0.23722047,0,0,0,0,0
1512,314791,0.41269257,-0.98879038,0.55658783,-0.02429861,-0.13764683,0.21680991,0,0,0,0,0
1513,315000,0.46544146,-1.00138040,0.49878784,-0.02092153,-0.14969944,0.21194521,0,0,0,0,0
1514,315208,0.52892808,-0.99287507,0.43827089,-0.00089920,-0.15817135,0.20829185,0,0,0,0,0
1515,315416,0.57561640,-0.99162876,0.37788348,0.01248414,-0.15241071,0.16408171,0,0,0,0,0
1516,315625,0.62953776,-0.98516917,0.32946936,0.00844440,-0.17205220,0.19121115,0,0,0,0,0
1517,315833,0.67350163,-0.97716928,0.25847977,0.02952345,-0.15611394,0.17237713,0,0,0,0,0
1518,316041,0.71945391,-0.95478765,0.19468123,0.05151675,-0.16203270,0.16317268,0,0,0,0,0
1519,316250,0.76573489,-0.92944341,0.14129963,0.05521162,-0.17819042,0.14935823,0,0,0,0,0
1520,316458,0.80694864,-0.89706020,0.06418620,0.07094200,-0.16931185,0.12643207,0,0,0,0,0
1521,316666,0.83567361,-0.87540202,0.00768162,0.08553235,-0.17337038,0.10581589,0,0,0,0,0
1522,316875,0.86727899,-0.83467590,-0.05602111,0.07955314,-0.17032908,0.11013831,0,0,0,0,0
1523,317083,0.89931566,-0.80761334,-0.11705421,0.10669120,-0.16789003,0.10083449,0,0,0,0,0
1524,317291,0.92438993,-0.76115277,-0.18382189,0.10430354,-0.16442395,0.09012385,0,0,0,0,0
1525,317500,0.93983735,-0.72471952,-0.24578892,0.12188198,-0.17232381,0.06290756,0,0,0,0,0
1526,317708,0.95435661,-0.66815440,-0.32089637,0.10367625,-0.19202458,0.03672154,0,0,0,0,0
1527,317916,0.97539037,-0.62380833,-0.37678500,0.11310197,-0.17773477,0.01131749,0,0,0,0,0
1528,318125,0.98410540,-0.56217139,-0.44864513,0.12380451,-0.16976968,0.03196624,0,0,0,0,0
1529,318333,0.97886022,-0.51898284,-0.49388889,0.13115764,-0.16017195,0.00023230,0,0,0,0,0
1530,318541,0.97975751,-0.46543965,-0.54763953,0.16615670,-0.16349373,0.00415621,0,0,0,0,0
1531,318750,0.97812895,-0.40065838,-0.61075724,0.17316177,-0.16078164,0.00776669,0,0,0,0,0
1532,318958,0.97050305,-0.33480152,-0.65894935,0.15058215,-0.15190576,-0.03109687,0,0,0,0,0
1533,319166,0.94980876,-0.27532659,-0.71158514,0.16624369,-0.12932051,-0.02548606,0,0,0,0,0
1534,319375,0.94052727,-0.21330879,-0.75431413,0.18468711,-0.12138577,-0.04310493,0,0,0,0,0
1535,319583,0.91798596,-0.14481102,-0.79590858,0.17427156,-0.11492759,-0.04482940,0,0,0,0,0
1536,319791,0.89499614,-0.07838440,-0.83402090,0.18852636,-0.09167364,-0.05475319,0,0,0,0,0
1537,320000,0.85638905,-0.01602026,-0.87286518,0.18996353,-0.09074655,-0.08530481,0,0,0,0,0
1538,320208,0.82937589,0.06513953,-0.90567345,0.17518544,-0.09895980,-0.08307589,0,0,0,0,0
1539,320416,0.79050826,0.11287497,-0.92105306,0.17081790,-0.08795640,-0.10441895,0,0,0,0,0
1540,320625,0.74580850,0.19197744,-0.95833031,0.16712404,-0.05711441,-0.12624995,0,0,0,0,0
1541,320833,0.71217442,0.24937291,-0.96857030,0.15829331,-0.04330483,-0.13239351,0,0,0,0,0
1542,321041,0.66601765,0.32250421,-0.99529588,0.17366023,-0.02253698,-0.11601719,0,0,0,0,0
1543,321250,0.60793504,0.38181815,-1.00183536,0.17234247,-0.00109988,-0.15012668,0,0,0,0,0
1544,321458,0.56573420,0.43053989,-0.98800232,0.17020577,0.00798358,-0.15898997,0,0,0,0,0
1545,321666,0.50557555,0.48671725,-1.00170560,0.15452393,0.00996526,-0.15224190,0,0,0,0,0
1546,321875,0.44865772,0.54621542,-0.99650269,0.14729808,0.03597930,-0.16529179,0,0,0,0,0
1547,322083,0.39809118,0.60259113,-1.00352500,0.14085866,0.05390444,-0.16762217,0,0,0,0,0
1548,322291,0.32848064,0.65248375,-0.98707256,0.14369173,0.04884342,-0.17787571,0,0,0,0,0
1549,322500,0.27146751,0.70923359,-0.97392973,0.13726484,0.07060091,-0.19391662,0,0,0,0,0
1550,322708,0.21058893,0.75596064,-0.94440913,0.11815631,0.08015733,-0.20212536,0,0,0,0,0
1551,322916,0.14638750,0.79721842,-0.93813736,0.11761377,0.08662544,-0.19596372,0,0,0,0,0
1552,323125,0.07198552,0.83487393,-0.91823091,0.11416793,0.10840189,-0.18865087,0,0,0,0,0
1553,323333,0.00785046,0.86920657,-0.87550853,0.08699922,0.11566186,-0.19402347,0,0,0,0,0
1554,323541,-0.05130376,0.90441978,-0.84883361,0.07144280,0.10680546,-0.20526357,0,0,0,0,0
1555,323750,-0.11922980,0.93205931,-0.80108253,0.08481849,0.11761023,-0.20867156,0,0,0,0,0
1556,323958,-0.18631639,0.94334661,-0.77443867,0.06423013,0.12560331,-0.21390520,0,0,0,0,0
1557,324166,-0.25941774,0.97180368,-0.71452259,0.04015192,0.13921643,-0.20649090,0,0,0,0,0
1558,324375,-0.30885303,0.97722911,-0.68167653,0.04032430,0.15490494,-0.18233976,0,0,0,0,0
1559,324583,-0.36898400,1.00467347,-0.63200725,0.04112503,0.16771642,-0.19901460,0,0,0,0,0
1560,324791,-0.42829764,1.01237522,-0.57273766,0.00145489,0.17176321,-0.20040931,0,0,0,0,0
1561,325000,-0.48984009,1.00916087,-0.52540869,-0.01128526,0.20351318,-0.19651047,0,0,0,0,0
1562,325208,-0.54234753,1.01256331,-0.46756693,-0.02690020,0.18461738,-0.18914560,0,0,0,0,0
1563,325416,-0.59460153,1.00521070,-0.39972815,-0.04205679,0.17759199,-0.18035228,0,0,0,0,0
1564,325625,-0.65182919,0.99979776,-0.34617257,-0.04318488,0.18404332,-0.15690056,0,0,0,0,0
1565,325833,-0.69233682,0.97882124,-0.28125772,-0.07167902,0.16133931,-0.15371791,0,0,0,0,0
1566,326041,-0.73879748,0.96892143,-0.21749983,-0.07653646,0.18707739,-0.12080576,0,0,0,0,0
1567,326250,-0.78195587,0.94034339,-0.15371523,-0.09051839,0.19299571,-0.13446466,0,0,0,0,0
1568,326458,-0.82417762,0.92131359,-0.08683522,-0.09631020,0.20394552,-0.11993136,0,0,0,0,0
1569,326666,-0.86021846,0.88408037,-0.02415980,-0.11529557,0.19869468,-0.10820533,0,0,0,0,0
1570,326875,-0.88694567,0.85637147,0.03934428,-0.09806019,0.19219025,-0.10003425,0,0,0,0,0
1571,327083,-0.91624568,0.81472066,0.10392797,-0.13376459,0.18622397,-0.07863526,0,0,0,0,0
1572,327291,-0.94045654,0.77744307,0.19489814,-0.13173183,0.18196299,-0.05836974,0,0,0,0,0
1573,327500,-0.95645278,0.73488683,0.24443468,-0.13486556,0.18138693,-0.04846220,0,0,0,0,0
1574,327708,-0.97943388,0.68616700,0.30238762,-0.15305015,0.19457259,-0.03461325,0,0,0,0,0
1575,327916,-0.98997449,0.64282323,0.36614558,-0.17237056,0.18637426,-0.03399479,0,0,0,0,0
1576,328125,-1.00188147,0.58283828,0.42142173,-0.16448687,0.21509015,-0.02205119,0,0,0,0,0
1577,328333,-0.99350396,0.52977570,0.48444471,-0.17277478,0.18143316,-0.00548403,0,0,0,0,0
1578,328541,-0.99962843,0.47965323,0.54259161,-0.15907886,0.17922819,0.00734093,0,0,0,0,0
1579,328750,-0.98930822,0.41713037,0.60745868,-0.18421063,0.15920010,-0.00217966,0,0,0,0,0
1580,328958,-0.98973768,0.36161251,0.65107532,-0.17643268,0.14766090,0.01103791,0,0,0,0,0
1581,329166,-0.96413334,0.29639184,0.70613600,-0.17475280,0.15331093,0.03184464,0,0,0,0,0
1582,329375,-0.95548862,0.24594061,0.74086010,-0.19362214,0.15481120,0.04160945,0,0,0,0,0
1583,329583,-0.92292028,0.16729659,0.79336915,-0.17911552,0.12128557,0.05788294,0,0,0,0,0
1584,329791,-0.88894798,0.09286586,0.82458244,-0.18608327,0.11830019,0.04971544,0,0,0,0,0
1585,330000,-0.87277661,0.03322244,0.87043564,-0.19089717,0.08841058,0.07502656,0,0,0,0,0
1586,330208,-0.83140294,-0.03350584,0.89493495,-0.19745384,0.08501836,0.06723981,0,0,0,0,0
1587,330416,-0.80558194,-0.09822532,0.93085933,-0.19182117,0.09844153,0.09562964,0,0,0,0,0
1588,330625,-0.76725414,-0.16532122,0.94500768,-0.20848738,0.05988055,0.08294137,0,0,0,0,0
1589,330833,-0.72150382,-0.23160773,0.96387508,-0.20794027,0.05047220,0.10746922,0,0,0,0,0
1590,331041,-0.66870220,-0.29623235,0.98630254,-0.18268737,0.02425411,0.12009391,0,0,0,0,0
1591,331250,-0.62370898,-0.35474815,0.99505908,-0.18446818,0.01683598,0.13562037,0,0,0,0,0
1592,331458,-0.56892440,-0.42494560,1.00232120,-0.18846758,0.00025630,0.14114083,0,0,0,0,0
1593,331666,-0.52343954,-0.47882913,1.00563970,-0.17351141,-0.00783160,0.14968441,0,0,0,0,0
1594,331875,-0.45543057,-0.52762201,1.00275879,-0.16777599,-0.02750046,0.16337953,0,0,0,0,0
1595,332083,-0.39012565,-0.58004981,1.00353036,-0.15765160,-0.03567729,0.17318708,0,0,0,0,0
1596,332291,-0.33003487,-0.63132074,0.98909935,-0.15404202,-0.04611842,0.17018391,0,0,0,0,0
1597,332500,-0.27698520,-0.68446073,0.98877236,-0.15456990,-0.06467278,0.16363441,0,0,0,0,0
1598,332708,-0.20776158,-0.73414468,0.95905530,-0.15507459,-0.08683327,0.16317362,0,0,0,0,0
1599,332916,-0.15118197,-0.76574053,0.93690350,-0.13196364,-0.09065025,0.18507434,0,0,0,0,0
1600,333125,-0.08446547,-0.81133297,0.91353774,-0.09616751,-0.11129870,0.20854204,0,0,0,0,0
1601,333333,-0.00632167,-0.84636552,0.88412529,-0.09901895,-0.11731329,0.17926607,0,0,0,0,0
1602,333541,0.06155073,-0.87600472,0.85379649,-0.09952558,-0.12544223,0.18223845,0,0,0,0,0
1603,333750,0.12628165,-0.90086956,0.82159458,-0.05793808,-0.13542542,0.19542062,0,0,0,0,0
1604,333958,0.18078444,-0.93177708,0.78090751,-0.06362618,-0.13562125,0.18509367,0,0,0,0,0
1605,334166,0.25019839,-0.94631244,0.72891156,-0.05548108,-0.14811457,0.19283180,0,0,0,0,0
1606,334375,0.32472709,-0.96105123,0.68399537,-0.03145164,-0.17169659,0.19038553,0,0,0,0,0
1607,334583,0.37771955,-0.98334520,0.63560187,-0.02043062,-0.16075605,0.17005123,0,0,0,0,0
1608,334791,0.43593506,-0.98695866,0.58765573,0.00339403,-0.17051256,0.16538082,0,0,0,0,0
1609,335000,0.50394621,-0.98740466,0.52545690,0.02105834,-0.17471075,0.16199224,0,0,0,0,0
1610,335208,0.56392946,-0.98868822,0.46551896,0.02170668,-0.17377652,0.16795589,0,0,0,0,0
1611,335416,0.61816640,-0.97801629,0.41024307,0.04784035,-0.20037053,0.13096200,0,0,0,0,0
1612,335625,0.66359638,-0.98408452,0.34848659,0.05121564,-0.19170340,0.14175118,0,0,0,0,0
1613,335833,0.69796679,-0.96643085,0.29057945,0.07717823,-0.18704657,0.13991390,0,0,0,0,0
1614,336041,0.75589529,-0.95074249,0.23261359,0.08438877,-0.20724861,0.11768644,0,0,0,0,0
1615,336250,0.79352994,-0.92261665,0.16527633,0.07324652,-0.19498127,0.12721389,0,0,0,0,0
1616,336458,0.83473343,-0.91011756,0.09763766,0.09876124,-0.19299847,0.11190991,0,0,0,0,0
1617,336666,0.86990561,-0.87731547,0.03591832,0.11511610,-0.21527745,0.06820529,0,0,0,0,0
1618,336875,0.89453092,-0.83975145,-0.02138401,0.12888077,-0.20490541,0.06000418,0,0,0,0,0
1619,337083,0.92100181,-0.80650745,-0.08371636,0.12613941,-0.20971537,0.04283139,0,0,0,0,0
1620,337291,0.95217624,-0.76660885,-0.16603038,0.14997497,-0.19858665,0.03699848,0,0,0,0,0
1621,337500,0.97695679,-0.72563380,-0.23279272,0.14366859,-0.19520602,0.04500803,0,0,0,0,0
1622,337708,0.98118462,-0.67585679,-0.29006036,0.14662833,-0.20883721,0.01944547,0,0,0,0,0
1623,337916,1.00023571,-0.62886492,-0.34496697,0.17796891,-0.20054828,0.01486427,0,0,0,0,0
1624,338125,1.01326751,-0.57864930,-0.40669317,0.15454725,-0.20362478,0.00633638,0,0,0,0,0
1625,338333,1.02216844,-0.51448071,-0.46976265,0.18565721,-0.21523647,-0.01605315,0,0,0,0,0
1626,338541,1.00920893,-0.46305960,-0.52494213,0.18072072,-0.19540627,-0.03730736,0,0,0,0,0
1627,338750,0.99386654,-0.41212157,-0.57753669,0.19148518,-0.18944358,-0.05007919,0,0,0,0,0
1628,338958,0.99846907,-0.34514620,-0.63286759,0.18899829,-0.17149383,-0.06274909,0,0,0,0,0
1629,339166,0.98301762,-0.27872298,-0.68152504,0.19512343,-0.15742722,-0.05665296,0,0,0,0,0
1630,339375,0.96959635,-0.21854807,-0.72893747,0.21912743,-0.16421457,-0.05856522,0,0,0,0,0
1631,339583,0.94303479,-0.15850017,-0.76528072,0.22284986,-0.14606966,-0.08244215,0,0,0,0,0
1632,339791,0.92091907,-0.09225570,-0.80873961,0.21520130,-0.13364574,-0.09092946,0,0,0,0,0
1633,340000,0.89224142,-0.02874300,-0.84749020,0.19723986,-0.09157309,-0.09487339,0,0,0,0,0
1634,340208,0.85781595,0.03760101,-0.87715382,0.20922696,-0.11273249,-0.11455081,0,0,0,0,0
1635,340416,0.82354272,0.10625066,-0.89941435,0.20741959,-0.10120005,-0.14083655,0,0,0,0,0
1636,340625,0.77964861,0.17788885,-0.93215420,0.19675108,-0.09103278,-0.14754297,0,0,0,0,0
1637,340833,0.73634222,0.24418062,-0.95462475,0.19284049,-0.08324025,-0.14065140,0,0,0,0,0
1638,341041,0.68718354,0.30339948,-0.97837876,0.20979101,-0.06134863,-0.16246191,0,0,0,0,0
1639,341250,0.62962537,0.36161428,-0.97306592,0.19334860,-0.04260438,-0.16406386,0,0,0,0,0
1640,341458,0.58015487,0.41702081,-0.98788466,0.20489156,-0.02895079,-0.18177886,0,0,0,0,0
1641,341666,0.53217223,0.47644853,-0.97892581,0.20292508,-0.00050322,-0.16560045,0,0,0,0,0
1642,341875,0.47360476,0.52862017,-0.98497880,0.19351942,-0.00430934,-0.18112306,0,0,0,0,0
1643,342083,0.41680895,0.58284553,-0.98172111,0.17123962,0.01665152,-0.19063105,0,0,0,0,0
1644,342291,0.35038107,0.63552934,-0.97057689,0.17878228,0.03186649,-0.19965069,0,0,0,0,0
1645,342500,0.29098222,0.69709334,-0.96203027,0.16681743,0.04498299,-0.17828071,0,0,0,0,0
1646,342708,0.22848996,0.73047696,-0.93698398,0.15422163,0.04419242,-0.20311103,0,0,0,0,0
1647,342916,0.16973449,0.76888209,-0.92334272,0.14799257,0.05568918,-0.19689020,0,0,0,0,0
1648,343125,0.09201044,0.80729645,-0.89320711,0.13822645,0.07734313,-0.21120359,0,0,0,0,0
1649,343333,0.03193196,0.84569160,-0.85928121,0.12621878,0.10229586,-0.21052939,0,0,0,0,0
1650,343541,-0.03309976,0.87754454,-0.83300953,0.12201556,0.11631419,-0.19751682,0,0,0,0,0
1651,343750,-0.09132036,0.90276315,-0.79040190,0.10519583,0.10430731,-0.21280738,0,0,0,0,0
1652,343958,-0.17521504,0.93106060,-0.76155201,0.09028009,0.09580851,-0.21038674,0,0,0,0,0
1653,344166,-0.23176461,0.94541616,-0.70467541,0.05689717,0.11859166,-0.21557995,0,0,0,0,0
1654,344375,-0.29306890,0.96198598,-0.66387846,0.04676364,0.15766897,-0.20276446,0,0,0,0,0
1655,344583,-0.35847032,0.98282386,-0.62129191,0.04412340,0.16208376,-0.19811927,0,0,0,0,0
1656,344791,-0.41990518,0.98575110,-0.56829873,0.01788143,0.14681885,-0.19664570,0,0,0,0,0
1657,345000,-0.47243543,0.98865551,-0.50863943,-0.00588318,0.13748547,-0.18316677,0,0,0,0,0
1658,345208,-0.52893235,0.98435412,-0.44780481,-0.00722172,0.16188752,-0.17219341,0,0,0,0,0
1659,345416,-0.58962610,0.97816250,-0.38926949,-0.01695131,0.16815749,-0.16929893,0,0,0,0,0
1660,345625,-0.63090420,0.97450126,-0.33960504,-0.03548557,0.17637553,-0.13695153,0,0,0,0,0
1661,345833,-0.68966224,0.94527600,-0.27941873,-0.05081157,0.19693348,-0.15997418,0,0,0,0,0
1662,346041,-0.72924896,0.93868066,-0.21560312,-0.06778994,0.18511776,-0.14393565,0,0,0,0,0
1663,346250,-0.77943219,0.91659782,-0.14949325,-0.07850242,0.17547870,-0.11463169,0,0,0,0,0
1664,346458,-0.81315056,0.90212104,-0.08022183,-0.07577291,0.19982502,-0.12663042,0,0,0,0,0
1665,346666,-0.85055203,0.86204497,-0.00977795,-0.08957753,0.18606102,-0.09646117,0,0,0,0,0
1666,346875,-0.88057228,0.82697705,0.04799946,-0.10211802,0.17939484,-0.08895353,0,0,0,0,0
1667,347083,-0.90723223,0.80360200,0.11361399,-0.12375513,0.17583832,-0.06384034,0,0,0,0,0
1668,347291,-0.93340123,0.75434923,0.18001171,-0.11303391,0.19282832,-0.05664764,0,0,0,0,0
1669,347500,-0.95218534,0.70769924,0.24088000,-0.13836733,0.19655883,-0.03425569,0,0,0,0,0
1670,347708,-0.96422242,0.66790795,0.29742730,-0.14936718,0.18296384,-0.01707898,0,0,0,0,0
1671,347916,-0.98153658,0.62177080,0.36328924,-0.13721044,0.16983450,-0.02507729,0,0,0,0,0
1672,348125,-0.99120997,0.56668192,0.42311800,-0.13512583,0.18732070,-0.03266147,0,0,0,0,0
1673,348333,-0.99033534,0.51185518,0.49355810,-0.15102673,0.18998432,-0.00310735,0,0,0,0,0
1674,348541,-0.98280106,0.45235263,0.53655047,-0.15341385,0.19569013,0.01395392,0,0,0,0,0
1675,348750,-0.99052521,0.39192963,0.59774268,-0.18338148,0.17698522,0.02811880,0,0,0,0,0
1676,348958,-0.98218225,0.32643642,0.63787996,-0.17130441,0.16648586,0.04332444,0,0,0,0,0
1677,349166,-0.97389419,0.27375914,0.68608824,-0.18046068,0.14990131,0.06598372,0,0,0,0,0
1678,349375,-0.94589667,0.20343020,0.74127100,-0.17581636,0.15280315,0.07961267,0,0,0,0,0
1679,349583,-0.92540505,0.13903266,0.78022901,-0.20497133,0.14507406,0.08788937,0,0,0,0,0
1680,349791,-0.90035184,0.07945437,0.81703698,-0.19351866,0.09933197,0.08958710,0,0,0,0,0
1681,350000,-0.87798908,0.00987257,0.86325845,-0.19108008,0.11022582,0.09748876,0,0,0,0,0
1682,350208,-0.84009873,-0.05961165,0.88914517,-0.18326136,0.09362368,0.11293329,0,0,0,0,0
1683,350416,-0.81322066,-0.12440079,0.91029428,-0.17563142,0.07221879,0.12735971,0,0,0,0,0
1684,350625,-0.76758050,-0.18612941,0.93961185,-0.19636966,0.06104451,0.14612553,0,0,0,0,0
1685,350833,-0.72499576,-0.26326366,0.95925815,-0.18655454,0.05078255,0.14224522,0,0,0,0,0
1686,351041,-0.67591817,-0.31690019,0.97472310,-0.19901875,0.05503625,0.16269866,0,0,0,0,0
1687,351250,-0.63281246,-0.38486632,0.98624913,-0.18519181,0.03270005,0.14743395,0,0,0,0,0
1688,351458,-0.57883986,-0.43648482,0.99952972,-0.19387051,0.03025619,0.15827608,0,0,0,0,0
1689,351666,-0.52282210,-0.49852847,1.00088612,-0.16408841,0.01212004,0.15894739,0,0,0,0,0
1690,351875,-0.46590139,-0.55528193,0.99212162,-0.14304100,-0.01551586,0.17724393,0,0,0,0,0
1691,352083,-0.41194129,-0.60245176,0.98320046,-0.16373909,-0.02458495,0.18243321,0,0,0,0,0
1692,352291,-0.34128797,-0.66231419,0.98186538,-0.16790652,-0.05192032,0.20391282,0,0,0,0,0
1693,352500,-0.28440398,-0.70461720,0.95953654,-0.16919712,-0.04774828,0.19423597,0,0,0,0,0
1694,352708,-0.21856115,-0.74285151,0.95343660,-0.13258135,-0.06839853,0.19492171,0,0,0,0,0
1695,352916,-0.15975207,-0.78814472,0.92386569,-0.12826005,-0.07451305,0.21794807,0,0,0,0,0
1696,353125,-0.08771713,-0.83532479,0.89925759,-0.10207747,-0.08465695,0.20192232,0,0,0,0,0
1697,353333,-0.02733008,-0.86954786,0.87104577,-0.11894599,-0.09471962,0.21821839,0,0,0,0,0
1698,353541,0.04034662,-0.89796466,0.83121143,-0.09332069,-0.08709389,0.22281060,0,0,0,0,0
1699,353750,0.10672024,-0.92133018,0.79902686,-0.09270782,-0.11984677,0.22327462,0,0,0,0,0
1700,353958,0.17379026,-0.95277678,0.76001629,-0.07514514,-0.10395805,0.20555878,0,0,0,0,0
1701,354166,0.23362870,-0.95847556,0.71682755,-0.06186660,-0.12700285,0.20998789,0,0,0,0,0
1702,354375,0.30670315,-0.98607755,0.67047927,-0.03003834,-0.13609447,0.19493291,0,0,0,0,0
1703,354583,0.35877023,-0.99695165,0.61558378,-0.03484058,-0.14620773,0.20380037,0,0,0,0,0
1704,354791,0.42213303,-1.00650193,0.56733823,-0.00744628,-0.14163998,0.20726113,0,0,0,0,0
1705,355000,0.48360967,-1.01337888,0.51387224,0.00949513,-0.15221382,0.18509174,0,0,0,0,0
1706,355208,0.52615781,-0.99278610,0.45811809,0.01801655,-0.17111076,0.18531212,0,0,0,0,0
1707,355416,0.57690233,-0.99660739,0.38459464,0.03906226,-0.17902431,0.18550250,0,0,0,0,0
1708,355625,0.64270646,-0.98715185,0.33443290,0.02615507,-0.15446342,0.16955011,0,0,0,0,0
1709,355833,0.68572259,-0.97930564,0.27571980,0.03978307,-0.17633654,0.16465325,0,0,0,0,0
1710,356041,0.73872542,-0.95422565,0.20798409,0.05639536,-0.16632338,0.14679106,0,0,0,0,0
1711,356250,0.76997514,-0.93882832,0.14619288,0.07841685,-0.17784435,0.13165669,0,0,0,0,0
1712,356458,0.81713650,-0.91743132,0.07781446,0.09220177,-0.18022748,0.11000849,0,0,0,0,0
1713,356666,0.84546772,-0.87234075,0.00653560,0.07818691,-0.17559827,0.11187024,0,0,0,0,0
1714,356875,0.87680919,-0.84455107,-0.06428238,0.10686245,-0.19034964,0.10016698,0,0,0,0,0
1715,357083,0.90245543,-0.81151186,-0.11666437,0.10170893,-0.16657451,0.07521512,0,0,0,0,0
1716,357291,0.93436865,-0.77107675,-0.18491035,0.11249794,-0.17916090,0.08471811,0,0,0,0,0
1717,357500,0.94764932,-0.72449519,-0.24113909,0.13395737,-0.19659565,0.04836526,0,0,0,0,0
1718,357708,0.96994008,-0.68543371,-0.30328824,0.12036769,-0.16817945,0.05411922,0,0,0,0,0
1719,357916,0.97870819,-0.63560373,-0.36330762,0.14037584,-0.19004624,0.02826981,0,0,0,0,0
1720,358125,0.99213472,-0.58115052,-0.43109457,0.13828233,-0.20296459,-0.00336666,0,0,0,0,0
1721,358333,0.98389591,-0.52377189,-0.48769418,0.15516621,-0.14561585,0.00765709,0,0,0,0,0
1722,358541,0.98747668,-0.46979070,-0.55194029,0.18116640,-0.17544767,-0.00131202,0,0,0,0,0
1723,358750,0.98267603,-0.41246626,-0.60921640,0.16925227,-0.13454426,-0.01198420,0,0,0,0,0
1724,358958,0.97549023,-0.35162949,-0.64897303,0.17125721,-0.16067183,-0.02676116,0,0,0,0,0
1725,359166,0.96612191,-0.28226817,-0.71042869,0.18464686,-0.13369756,-0.04347297,0,0,0,0,0
1726,359375,0.95314420,-0.22056891,-0.75439897,0.19297686,-0.13211022,-0.03952868,0,0,0,0,0
1727,359583,0.92553181,-0.15161990,-0.79146035,0.19082573,-0.14483316,-0.07236586,0,0,0,0,0
1728,359791,0.89702245,-0.08214924,-0.83984221,0.17038314,-0.10325492,-0.05776078,0,0,0,0,0
1729,360000,0.86421276,-0.01029957,-0.87784620,0.19800272,-0.10228039,-0.07921512,0,0,0,0,0
1730,360208,0.82526502,0.04777975,-0.90251332,0.18232939,-0.08658457,-0.08410014,0,0,0,0,0
1731,360416,0.79606240,0.11341089,-0.92938417,0.18219451,-0.06944330,-0.10952114,0,0,0,0,0
1732,360625,0.75456381,0.18487738,-0.95341857,0.17575721,-0.06728939,-0.11961779,0,0,0,0,0
1733,360833,0.70978184,0.24349980,-0.97304016,0.17516035,-0.06446817,-0.11876943,0,0,0,0,0
1734,361041,0.66638647,0.30709035,-0.99295072,0.18087113,-0.01498678,-0.13283485,0,0,0,0,0
1735,361250,0.61742506,0.36382128,-0.98757854,0.17353491,-0.02363512,-0.13771772,0,0,0,0,0
1736,361458,0.55818566,0.42289221,-1.00483388,0.16293019,0.02114162,-0.15364389,0,0,0,0,0
1737,361666,0.50798083,0.49042475,-1.01516382,0.14803104,0.00914165,-0.14349815,0,0,0,0,0
1738,361875,0.45747371,0.53167135,-1.00741323,0.16941785,0.03165259,-0.16554286,0,0,0,0,0
1739,362083,0.38511664,0.59563859,-1.01016000,0.15357576,0.03963942,-0.14766028,0,0,0,0,0
1740,362291,0.34139414,0.64880728,-0.99267097,0.14544758,0.03853500,-0.19340090,0,0,0,0,0
1741,362500,0.27054170,0.69843027,-0.97950742,0.13826268,0.06671807,-0.19444454,0,0,0,0,0
1742,362708,0.20789195,0.73971317,-0.96379085,0.12808207,0.07861395,-0.17781082,0,0,0,0,0
1743,362916,0.14177069,0.78859754,-0.93513036,0.11835561,0.07692870,-0.18176477,0,0,0,0,0
1744,363125,0.08637693,0.81994821,-0.91651994,0.10241048,0.10863401,-0.18050627,0,0,0,0,0
1745,363333,0.01434378,0.86152029,-0.88410471,0.10552485,0.11842709,-0.18419839,0,0,0,0,0
1746,363541,-0.05592800,0.88697982,-0.85033708,0.08514746,0.11388218,-0.21014800,0,0,0,0,0
1747,363750,-0.12106364,0.91865475,-0.82202524,0.08040797,0.13945198,-0.20172495,0,0,0,0,0
1748,363958,-0.18923897,0.94381775,-0.76902543,0.05965576,0.13434784,-0.19354847,0,0,0,0,0
1749,364166,-0.24505106,0.96965172,-0.72287252,0.03935405,0.15577967,-0.18985824,0,0,0,0,0
1750,364375,-0.31830558,0.99383018,-0.68455060,0.03175272,0.16895020,-0.19882204,0,0,0,0,0
1751,364583,-0.37038559,0.99631064,-0.64206829,0.01377494,0.17479867,-0.18379837,0,0,0,0,0
1752,364791,-0.43449256,1.01089978,-0.57464661,-0.00184217,0.19034558,-0.19179262,0,0,0,0,0
1753,365000,-0.49979843,1.01036323,-0.52936241,-0.02134968,0.18809714,-0.17946900,0,0,0,0,0
1754,365208,-0.55084958,1.00966391,-0.46365083,-0.03114341,0.18014793,-0.16610981,0,0,0,0,0
1755,365416,-0.60668934,0.99837260,-0.41290447,-0.05059891,0.18374665,-0.17283649,0,0,0,0,0
1756,365625,-0.64980705,0.98191554,-0.34409584,-0.06043538,0.19699744,-0.14705174,0,0,0,0,0
1757,365833,-0.70923875,0.97224800,-0.28698786,-0.06723014,0.20721874,-0.14205333,0,0,0,0,0
1758,366041,-0.74780866,0.96068830,-0.21796208,-0.08588230,0.21406387,-0.12655976,0,0,0,0,0
1759,366250,-0.79320353,0.93551795,-0.16703582,-0.08536668,0.19812271,-0.12203130,0,0,0,0,0
1760,366458,-0.82332164,0.90202840,-0.09916983,-0.09586276,0.18828345,-0.11562292,0,0,0,0,0
1761,366666,-0.86454739,0.88173591,-0.02694217,-0.11295083,0.19757166,-0.09432977,0,0,0,0,0
1762,366875,-0.89507616,0.86002078,0.03824850,-0.13745290,0.20142174,-0.08215210,0,0,0,0,0
1763,367083,-0.91743714,0.80628828,0.10215998,-0.13190680,0.19092108,-0.07472226,0,0,0,0,0
1764,367291,-0.94925691,0.77252586,0.16337844,-0.14557898,0.19872580,-0.04552069,0,0,0,0,0
1765,367500,-0.96401570,0.72630972,0.23300629,-0.15055303,0.22064428,-0.07733093,0,0,0,0,0
1766,367708,-0.98473984,0.68799312,0.29928791,-0.14804847,0.19400835,-0.02232043,0,0,0,0,0
1767,367916,-0.98861691,0.63435385,0.35590310,-0.15848655,0.20336622,-0.00676596,0,0,0,0,0
1768,368125,-1.00502621,0.58347143,0.41786492,-0.17352951,0.16664997,-0.00235910,0,0,0,0,0
1769,368333,-1.00467298,0.52815421,0.47895281,-0.17083763,0.18816316,0.02843823,0,0,0,0,0
1770,368541,-1.00003254,0.47565685,0.54002937,-0.17346170,0.19450636,0.02687386,0,0,0,0,0
1771,368750,-1.00084120,0.41606874,0.59122470,-0.16584151,0.17197935,0.02649507,0,0,0,0,0
1772,368958,-0.98414576,0.34780894,0.64690357,-0.19744551,0.19753794,0.03687312,0,0,0,0,0
1773,369166,-0.97921652,0.29050161,0.69622679,-0.19315243,0.15359705,0.04547119,0,0,0,0,0
1774,369375,-0.97160408,0.22430205,0.73722566,-0.21370414,0.16019100,0.05072101,0,0,0,0,0
1775,369583,-0.93998695,0.15817718,0.77187185,-0.21177777,0.12834712,0.07549058,0,0,0,0,0
1776,369791,-0.90222844,0.09196290,0.82744282,-0.21385175,0.11896680,0.07642172,0,0,0,0,0
1777,370000,-0.88456388,0.02752916,0.85707834,-0.19469112,0.10656927,0.09414581,0,0,0,0,0
1778,370208,-0.84418317,-0.03450046,0.88433561,-0.20752409,0.08996807,0.09874123,0,0,0,0,0
1779,370416,-0.79734055,-0.09893981,0.92110679,-0.19802640,0.10120701,0.13204438,0,0,0,0,0
1780,370625,-0.77197884,-0.16646459,0.93625375,-0.19531531,0.08894768,0.09569331,0,0,0,0,0
1781,370833,-0.73131347,-0.22514298,0.96499750,-0.20105820,0.03847571,0.13865518,0,0,0,0,0
1782,371041,-0.67736867,-0.29262292,0.97603501,-0.20429002,0.04141783,0.14439191,0,0,0,0,0
1783,371250,-0.62448992,-0.35706306,0.98682764,-0.19480019,0.01364685,0.14256849,0,0,0,0,0
1784,371458,-0.58122092,-0.41748238,0.99583880,-0.16853265,0.01801752,0.16004771,0,0,0,0,0
1785,371666,-0.52045173,-0.47015160,1.00039461,-0.17699293,0.00677531,0.16836661,0,0,0,0,0
1786,371875,-0.46389471,-0.53414115,0.99575492,-0.18211091,-0.03472711,0.16198075,0,0,0,0,0
1787,372083,-0.41274844,-0.59357190,0.98798341,-0.16912418,-0.03382414,0.17411086,0,0,0,0,0
1788,372291,-0.34367963,-0.62691550,0.98088899,-0.16639522,-0.04822749,0.19791055,0,0,0,0,0
1789,372500,-0.27856164,-0.68173754,0.96614194,-0.16289176,-0.07078079,0.17545462,0,0,0,0,0
1790,372708,-0.20923141,-0.73162869,0.95142451,-0.13076170,-0.07364678,0.18926642,0,0,0,0,0
1791,372916,-0.15483553,-0.77280984,0.93170608,-0.14622688,-0.09371404,0.19349707,0,0,0,0,0
1792,373125,-0.08352511,-0.80908446,0.90053328,-0.12638683,-0.08309010,0.18417999,0,0,0,0,0
1793,373333,-0.02400795,-0.84362556,0.87554304,-0.10461690,-0.08571408,0.17490766,0,0,0,0,0
1794,373541,0.04795560,-0.89814912,0.84064072,-0.11981822,-0.09812991,0.19029723,0,0,0,0,0
1795,373750,0.10993515,-0.90110982,0.80628629,-0.07021099,-0.10512110,0.20266947,0,0,0,0,0
1796,373958,0.17333492,-0.93243797,0.77057162,-0.05707918,-0.14064958,0.20331481,0,0,0,0,0
1797,374166,0.23990128,-0.95282516,0.72597354,-0.06627005,-0.15674401,0.18695559,0,0,0,0,0
1798,374375,0.29713574,-0.97724275,0.67686759,-0.02261278,-0.15825659,0.20955680,0,0,0,0,0
1799,374583,0.37008231,-0.99328274,0.63392164,-0.02568961,-0.13677049,0.20050112,0,0,0,0,0
1800,374791,0.42963461,-0.99029080,0.57629773,-0.00715290,-0.17153494,0.18045433,0,0,0,0,0
1801,375000,0.48667477,-0.98903601,0.53021312,-0.00941234,-0.17130228,0.15867067,0,0,0,0,0
1802,375208,0.54811394,-0.98364813,0.46997582,0.02161333,-0.15840601,0.18224246,0,0,0,0,0
1803,375416,0.58862646,-0.98596323,0.40688493,0.02435723,-0.18553768,0.15836903,0,0,0,0,0
1804,375625,0.64930217,-0.96620151,0.33778176,0.03961036,-0.19138624,0.14961951,0,0,0,0,0
1805,375833,0.70440498,-0.96607360,0.27852547,0.05255433,-0.19463802,0.12511251,0,0,0,0,0
1806,376041,0.73999035,-0.93477698,0.21763056,0.06947161,-0.20077884,0.13869399,0,0,0,0,0
1807,376250,0.79072288,-0.92246832,0.15852188,0.07026656,-0.18441188,0.11387340,0,0,0,0,0
1808,376458,0.82358986,-0.88911457,0.09377605,0.10340130,-0.18790162,0.09781176,0,0,0,0,0
1809,376666,0.86727721,-0.87145666,0.02554890,0.11423001,-0.19575735,0.08054826,0,0,0,0,0
1810,376875,0.89203032,-0.83137680,-0.04098227,0.11891308,-0.20161333,0.09075272,0,0,0,0,0
1811,377083,0.91956336,-0.79936881,-0.09996267,0.11995888,-0.20719972,0.04332577,0,0,0,0,0
1812,377291,0.94323572,-0.76176020,-0.16753688,0.12711608,-0.19534074,0.04981268,0,0,0,0,0
1813,377500,0.96639894,-0.71544857,-0.23662087,0.15611414,-0.17390805,0.04546041,0,0,0,0,0
1814,377708,0.97922944,-0.66979245,-0.29052978,0.14264672,-0.18883317,0.02866609,0,0,0,0,0
1815,377916,0.99684342,-0.60862831,-0.36835113,0.13902527,-0.19538840,0.00421248,0,0,0,0,0
1816,378125,0.99170090,-0.56704838,-0.40787697,0.16179729,-0.18511610,-0.00094908,0,0,0,0,0
1817,378333,0.99958684,-0.50470984,-0.47868362,0.15986527,-0.19053570,-0.00010770,0,0,0,0,0
1818,378541,1.00805147,-0.45095628,-0.52784727,0.17466591,-0.18014382,-0.04022093,0,0,0,0,0
1819,378750,0.99381232,-0.38520863,-0.58586290,0.18219454,-0.18285668,-0.04510213,0,0,0,0,0
1820,378958,0.99198502,-0.33908431,-0.63783042,0.18118826,-0.17435631,-0.04543431,0,0,0,0,0
1821,379166,0.99013231,-0.28171296,-0.68663249,0.18971221,-0.16731472,-0.06394185,0,0,0,0,0
1822,379375,0.96554087,-0.21193242,-0.72793315,0.19570274,-0.15153608,-0.07209589,0,0,0,0,0
1823,379583,0.93641889,-0.15246572,-0.76844654,0.19227924,-0.15243905,-0.07152180,0,0,0,0,0
1824,379791,0.90791972,-0.07594310,-0.81150836,0.19051455,-0.12592355,-0.07783879,0,0,0,0,0
1825,380000,0.88445404,-0.01152715,-0.84584275,0.22625672,-0.13382321,-0.08067219,0,0,0,0,0
1826,380208,0.85525421,0.05857841,-0.88510403,0.21121021,-0.08926196,-0.08719631,0,0,0,0,0
1827,380416,0.81595755,0.11187076,-0.91601446,0.19688045,-0.10173182,-0.11239901,0,0,0,0,0
1828,380625,0.76163046,0.18619966,-0.93298742,0.21239447,-0.08145783,-0.15310310,0,0,0,0,0
1829,380833,0.72476859,0.24444965,-0.95174872,0.20821447,-0.04793534,-0.14835003,0,0,0,0,0
1830,381041,0.67851886,0.31348973,-0.96761499,0.20281762,-0.05797214,-0.15289183,0,0,0,0,0
1831,381250,0.62912794,0.36930016,-0.97110143,0.20139865,-0.02424219,-0.15236243,0,0,0,0,0
1832,381458,0.57896908,0.43764011,-0.98323041,0.18183754,-0.01319682,-0.17205726,0,0,0,0,0
1833,381666,0.53140058,0.48838106,-0.99818217,0.17851404,-0.01071742,-0.18471497,0,0,0,0,0
1834,381875,0.46531186,0.54726773,-0.99579512,0.18236348,0.01540092,-0.19571844,0,0,0,0,0
1835,382083,0.40678860,0.59154294,-0.97716096,0.16717010,0.02395969,-0.18561047,0,0,0,0,0
1836,382291,0.35531440,0.64704828,-0.97869729,0.18100119,0.04287535,-0.19890466,0,0,0,0,0
1837,382500,0.28876865,0.68941429,-0.97047693,0.16416658,0.05027318,-0.19225501,0,0,0,0,0
1838,382708,0.22300941,0.72722996,-0.93040716,0.13708334,0.04596744,-0.20903552,0,0,0,0,0
1839,382916,0.15330767,0.77801151,-0.92401553,0.14728072,0.07419754,-0.20562297,0,0,0,0,0
1840,383125,0.09100072,0.82227887,-0.90689558,0.14303399,0.06691792,-0.21563086,0,0,0,0,0
1841,383333,0.02866767,0.84949940,-0.86910817,0.12669082,0.09406432,-0.21483548,0,0,0,0,0
1842,383541,-0.03189190,0.88227880,-0.83633774,0.10923931,0.09098350,-0.21645487,0,0,0,0,0
1843,383750,-0.09955267,0.91062357,-0.80174743,0.09919404,0.11298055,-0.21210554,0,0,0,0,0
1844,383958,-0.17235268,0.94347345,-0.76358148,0.09103712,0.12601140,-0.19110827,0,0,0,0,0
1845,384166,-0.23953623,0.95955135,-0.71700952,0.07562526,0.13101607,-0.21556117,0,0,0,0,0
1846,384375,-0.29588714,0.97884079,-0.66180591,0.04604978,0.14884058,-0.19543649,0,0,0,0,0
1847,384583,-0.36183438,0.98400073,-0.62636044,0.03422712,0.14312150,-0.21920195,0,0,0,0,0
1848,384791,-0.41996846,0.99867730,-0.56432616,0.02151312,0.16562048,-0.20844540,0,0,0,0,0
1849,385000,-0.46931191,0.99626413,-0.51235123,0.00819431,0.16706053,-0.17640718,0,0,0,0,0
1850,385208,-0.53306218,0.99407427,-0.45350256,-0.01021009,0.15036135,-0.20016647,0,0,0,0,0
1851,385416,-0.58429959,0.99292036,-0.39137822,-0.02957439,0.15376663,-0.16430954,0,0,0,0,0
1852,385625,-0.62869633,0.98575206,-0.32818651,-0.04277374,0.16904718,-0.17786059,0,0,0,0,0
1853,385833,-0.68422451,0.96219506,-0.26450025,-0.03693445,0.17579647,-0.15522058,0,0,0,0,0
1854,386041,-0.73022757,0.95546859,-0.21089184,-0.06823355,0.18724394,-0.14989442,0,0,0,0,0
1855,386250,-0.77723881,0.92541870,-0.13960483,-0.06327200,0.20190981,-0.11245929,0,0,0,0,0
1856,386458,-0.81880615,0.90115169,-0.08865902,-0.07408103,0.19403563,-0.12051473,0,0,0,0,0
1857,386666,-0.84580237,0.87366733,-0.00778443,-0.08154098,0.19598134,-0.11113133,0,0,0,0,0
1858,386875,-0.87919631,0.84483543,0.05257473,-0.10351461,0.18757621,-0.09311149,0,0,0,0,0
1859,387083,-0.89996759,0.80430360,0.11704679,-0.12343233,0.18603355,-0.06771878,0,0,0,0,0
1860,387291,-0.91625036,0.76209186,0.18676156,-0.11844469,0.21589619,-0.07334633,0,0,0,0,0
1861,387500,-0.95165963,0.72131476,0.23529678,-0.12295851,0.18087604,-0.04956101,0,0,0,0,0
1862,387708,-0.96279359,0.66622176,0.31109379,-0.13390889,0.18501228,-0.04460452,0,0,0,0,0
1863,387916,-0.97050827,0.62624431,0.36478239,-0.14335746,0.17638557,-0.01426099,0,0,0,0,0
1864,388125,-0.98372061,0.57277554,0.42969712,-0.16012546,0.19887117,-0.00518325,0,0,0,0,0
1865,388333,-0.99453766,0.51593175,0.48326625,-0.15466491,0.18121515,-0.02299263,0,0,0,0,0
1866,388541,-0.99296518,0.45218806,0.53434542,-0.14782268,0.15018693,0.00884126,0,0,0,0,0
1867,388750,-0.98947742,0.40840181,0.60601110,-0.16086431,0.15457553,0.02350340,0,0,0,0,0
1868,388958,-0.97036976,0.32928343,0.65672859,-0.17559426,0.15481674,0.04047544,0,0,0,0,0
1869,389166,-0.95772205,0.27561606,0.69824031,-0.17623402,0.13287474,0.04153576,0,0,0,0,0
1870,389375,-0.94973519,0.21764427,0.74831547,-0.17563296,0.12016117,0.05092980,0,0,0,0,0
1871,389583,-0.91730626,0.14363220,0.78488873,-0.19637324,0.13411090,0.07551158,0,0,0,0,0
1872,389791,-0.89911451,0.08593493,0.83253716,-0.18399485,0.11030912,0.08644196,0,0,0,0,0
1873,390000,-0.87328903,0.00895420,0.85825768,-0.19543097,0.09706483,0.09097415,0,0,0,0,0
1874,390208,-0.83704738,-0.05260023,0.89992656,-0.20087852,0.08316836,0.09157389,0,0,0,0,0
1875,390416,-0.80453834,-0.11551045,0.91292814,-0.19091662,0.08972334,0.12051340,0,0,0,0,0
1876,390625,-0.75744524,-0.17288823,0.95345337,-0.18787651,0.05625556,0.11865121,0,0,0,0,0
1877,390833,-0.72078707,-0.24856750,0.95940042,-0.18192140,0.05524563,0.14527677,0,0,0,0,0
1878,391041,-0.67695147,-0.31898771,0.97725062,-0.17449291,0.01947371,0.15330749,0,0,0,0,0
1879,391250,-0.62326126,-0.38015599,0.98264807,-0.18243137,0.01624999,0.18304588,0,0,0,0,0
1880,391458,-0.57110684,-0.43454302,0.99134381,-0.17106290,0.01392218,0.13910595,0,0,0,0,0
1881,391666,-0.51329652,-0.49658567,1.00749344,-0.18706202,-0.00279367,0.16706964,0,0,0,0,0
1882,391875,-0.45552765,-0.54968719,0.99423922,-0.16675850,-0.04080770,0.16684171,0,0,0,0,0
1883,392083,-0.39342487,-0.59759156,1.00148459,-0.16232445,-0.04980046,0.17622675,0,0,0,0,0
1884,392291,-0.33539841,-0.65024584,0.98375309,-0.14013230,-0.03347447,0.19222173,0,0,0,0,0
1885,392500,-0.27905172,-0.69852597,0.96861055,-0.15971144,-0.06199397,0.18613252,0,0,0,0,0
1886,392708,-0.21893056,-0.74578502,0.95353804,-0.14809152,-0.06632847,0.18109216,0,0,0,0,0
1887,392916,-0.15253784,-0.79586537,0.93172626,-0.13890176,-0.06888389,0.17953999,0,0,0,0,0
1888,393125,-0.07729110,-0.83468605,0.90533088,-0.11601982,-0.06685053,0.20748530,0,0,0,0,0
1889,393333,-0.02567777,-0.85621052,0.87694031,-0.12145068,-0.09047942,0.21482712,0,0,0,0,0
1890,393541,0.05203580,-0.88355416,0.84421870,-0.10076454,-0.09534989,0.20560651,0,0,0,0,0
1891,393750,0.11473564,-0.92318965,0.81401512,-0.07721005,-0.09586193,0.18707159,0,0,0,0,0
1892,393958,0.18038680,-0.95304950,0.76147323,-0.09212828,-0.12170154,0.21730359,0,0,0,0,0
1893,394166,0.25598696,-0.96982190,0.72607834,-0.04793983,-0.15554621,0.20053592,0,0,0,0,0
1894,394375,0.30650285,-0.98407389,0.67081829,-0.03034754,-0.17270122,0.20640993,0,0,0,0,0
1895,394583,0.37408017,-1.00140169,0.61983111,-0.03852844,-0.15330032,0.18002146,0,0,0,0,0
1896,394791,0.42902637,-1.00129530,0.56557372,-0.01618149,-0.17278377,0.21069506,0,0,0,0,0
1897,395000,0.48137781,-1.00548215,0.52328610,0.00937151,-0.17046898,0.17848642,0,0,0,0,0
1898,395208,0.54284078,-1.00099523,0.45934494,0.01098833,-0.19389589,0.19113153,0,0,0,0,0
1899,395416,0.59699548,-1.00100368,0.40803000,0.04091169,-0.18550687,0.16314109,0,0,0,0,0
1900,395625,0.65094832,-0.98089116,0.34743514,0.04735126,-0.16316170,0.17025914,0,0,0,0,0
1901,395833,0.70270766,-0.98523263,0.27614371,0.04924547,-0.15867274,0.14055784,0,0,0,0,0
1902,396041,0.74607026,-0.95434118,0.20916782,0.04304607,-0.18678786,0.13425978,0,0,0,0,0
1903,396250,0.77596691,-0.93260140,0.14378982,0.08426673,-0.20001395,0.14298584,0,0,0,0,0
1904,396458,0.81064375,-0.92078384,0.07820516,0.10671199,-0.19260308,0.10599886,0,0,0,0,0
1905,396666,0.84904750,-0.87706970,0.02072584,0.11352059,-0.19021191,0.10063685,0,0,0,0,0
1906,396875,0.87864606,-0.85972140,-0.03686015,0.10010779,-0.18316068,0.07591266,0,0,0,0,0
1907,397083,0.90203984,-0.81103325,-0.10417901,0.12282443,-0.19800921,0.08426812,0,0,0,0,0
1908,397291,0.93609195,-0.77198590,-0.17350718,0.14073887,-0.16205502,0.06713228,0,0,0,0,0
1909,397500,0.94734531,-0.73388779,-0.23526975,0.16095949,-0.18981121,0.05356554,0,0,0,0,0
1910,397708,0.96499879,-0.68511067,-0.30382703,0.13863056,-0.18256080,0.03291741,0,0,0,0,0
1911,397916,0.98643582,-0.62658369,-0.37254044,0.13783409,-0.19570223,0.02000087,0,0,0,0,0
1912,398125,0.99500106,-0.58417044,-0.42274946,0.16580848,-0.19223333,0.02964739,0,0,0,0,0
1913,398333,0.99897822,-0.52011571,-0.48683402,0.16577527,-0.19768671,0.00494142,0,0,0,0,0
1914,398541,0.99038775,-0.46961452,-0.54209586,0.16768321,-0.18109730,-0.01588471,0,0,0,0,0
1915,398750,0.99090526,-0.40933161,-0.59186651,0.17233029,-0.14560112,-0.00932566,0,0,0,0,0
1916,398958,0.98328165,-0.34281213,-0.66300581,0.18266572,-0.14671355,-0.03300868,0,0,0,0,0
1917,399166,0.97110016,-0.28987420,-0.70482827,0.19071570,-0.13918902,-0.03205535,0,0,0,0,0
1918,399375,0.93899084,-0.22864962,-0.74292865,0.18831518,-0.13440999,-0.05714833,0,0,0,0,0
1919,399583,0.92579747,-0.16365155,-0.79324451,0.18403102,-0.12232850,-0.05433629,0,0,0,0,0
1920,399791,0.90796458,-0.09322023,-0.83533785,0.21892285,-0.13638576,-0.06574602,0,0,0,0,0
1921,400000,0.87054460,-0.03180403,-0.87004407,0.19550335,-0.09229542,-0.06988218,0,1,0,0,0
1922,400208,0.84247684,0.03694937,-0.89736134,0.20282642,-0.09704450,-0.10319266,0,1,0,0,0
1923,400416,0.80103508,0.09613435,-0.93596217,0.20801383,-0.07467455,-0.10691649,0,1,0,0,0
1924,400625,0.76099472,0.17319119,-0.95075418,0.17880709,-0.06876726,-0.11519032,0,1,0,0,0
1925,400833,0.72246369,0.23938995,-0.96418337,0.19669334,-0.04160211,-0.12407221,0,1,0,0,0
1926,401041,0.68219873,0.30246934,-0.98119279,0.18294809,-0.04657856,-0.14591544,0,1,0,0,0
1927,401250,0.62874572,0.36196585,-0.99996922,0.18492359,-0.02590165,-0.13752731,0,1,0,0,0
1928,401458,0.57002156,0.42606946,-0.99894005,0.16884044,0.00580950,-0.14281329,0,1,0,0,0
1929,401666,0.51334315,0.48067064,-1.00937023,0.15461129,0.02935208,-0.15638897,0,1,0,0,0
1930,401875,0.45298334,0.53427208,-1.00139587,0.16212284,0.02277876,-0.15921644,0,1,0,0,0
1931,402083,0.40576403,0.59730144,-0.99775140,0.14394406,0.02615563,-0.16304395,0,1,0,0,0
1932,402291,0.33251518,0.62965125,-0.98988544,0.15287305,0.06122874,-0.17454428,0,1,0,0,0
1933,402500,0.27416079,0.68669129,-0.97706560,0.15493725,0.04185914,-0.19117044,0,1,0,0,0
1934,402708,0.20916443,0.74079021,-0.95876065,0.14465364,0.06024997,-0.20074043,0,1,0,0,0
1935,402916,0.15105907,0.77557933,-0.93872744,0.12223223,0.07054475,-0.17531432,0,1,0,0,0
1936,403125,0.08102356,0.83117088,-0.92060462,0.10766225,0.09738404,-0.19126707,0,1,0,0,0
1937,403333,0.02656446,0.85374439,-0.87340259,0.10450934,0.09212826,-0.18822676,0,1,0,0,0
1938,403541,-0.05574604,0.88350515,-0.84526894,0.10471342,0.12798080,-0.18094022,0,1,0,0,0
1939,403750,-0.11664665,0.90938146,-0.80643531,0.08446485,0.14409063,-0.17296381,0,1,0,0,0
1940,403958,-0.18359372,0.94071571,-0.76700662,0.07068108,0.13075959,-0.18289972,0,1,0,0,0
1941,404166,-0.25287297,0.95208299,-0.72367309,0.06012159,0.13431323,-0.19956097,0,1,0,0,0
1942,404375,-0.31740264,0.97749015,-0.68213873,0.04021107,0.15001533,-0.19317524,0,1,0,0,0
1943,404583,-0.37303128,0.98627726,-0.63346661,0.01104098,0.16115653,-0.20120017,0,1,0,0,0
1944,404791,-0.42674402,0.98365450,-0.58359887,0.02646807,0.17493631,-0.18515618,0,1,0,0,0
1945,405000,-0.48725597,0.99724796,-0.52800250,-0.00190118,0.17572757,-0.18185192,0,1,0,0,0
1946,405208,-0.54902239,0.99445116,-0.47761950,-0.00805848,0.17592100,-0.17101576,0,1,0,0,0
1947,405416,-0.60944356,0.99215908,-0.40652105,-0.02382538,0.19097820,-0.16457543,0,1,0,0,0
1948,405625,-0.66425041,0.98121727,-0.34827995,-0.06145053,0.19508816,-0.15443024,0,1,0,0,0
1949,405833,-0.69402906,0.96638709,-0.28561840,-0.06973815,0.19803202,-0.13421840,0,1,0,0,0
1950,406041,-0.74759440,0.95933184,-0.23027046,-0.08304877,0.20640818,-0.12673789,0,1,0,0,0
1951,406250,-0.78494293,0.93073069,-0.15644739,-0.06715034,0.20003894,-0.11105536,0,1,0,0,0
1952,406458,-0.82595450,0.90356641,-0.10323272,-0.09440048,0.20051941,-0.10507027,0,1,0,0,0
1953,406666,-0.86150536,0.87532718,-0.03175245,-0.11164981,0.21778944,-0.09302175,0,1,0,0,0
1954,406875,-0.88450879,0.83968725,0.03952897,-0.12836186,0.20410653,-0.08094759,0,1,0,0,0
1955,407083,-0.91291916,0.80406780,0.10140271,-0.13205343,0.18690888,-0.06715263,0,1,0,0,0
1956,407291,-0.94670497,0.76210509,0.16337529,-0.11768980,0.18885196,-0.04977758,0,1,0,0,0
1957,407500,-0.96131227,0.72847723,0.23002644,-0.15887363,0.20425637,-0.02267658,0,1,0,0,0
1958,407708,-0.98127798,0.67852696,0.28589155,-0.14919674,0.20157974,-0.02022292,0,1,0,0,0
1959,407916,-0.98959093,0.62870877,0.35517571,-0.14990096,0.21211487,-0.00952860,0,1,0,0,0
1960,408125,-0.99583538,0.57307349,0.41192620,-0.15115127,0.19003405,-0.00441397,0,1,0,0,0
1961,408333,-1.00419226,0.51760573,0.47355627,-0.18420343,0.18912066,-0.00473587,0,1,0,0,0
1962,408541,-1.00438922,0.46158234,0.53549381,-0.16727751,0.18666023,0.01600223,0,1,0,0,0
1963,408750,-1.00136461,0.40501601,0.58816695,-0.18708259,0.17117213,0.02683887,0,1,0,0,0
1964,408958,-1.00136645,0.34726583,0.63764305,-0.18038482,0.16249624,0.04116657,0,1,0,0,0
1965,409166,-0.96925488,0.27965911,0.68534105,-0.17708144,0.15599224,0.05040887,0,1,0,0,0
1966,409375,-0.96600511,0.22201832,0.73404660,-0.19083034,0.15576872,0.03413191,0,1,0,0,0
1967,409583,-0.94127166,0.15528003,0.78377656,-0.20457396,0.13799501,0.06628183,0,1,0,0,0
1968,409791,-0.90281643,0.08279258,0.82121052,-0.20512787,0.12452463,0.07048141,0,1,0,0,0
1969,410000,-0.89339035,0.02732697,0.84901117,-0.20210768,0.10594854,0.08531852,0,1,0,0,0
1970,410208,-0.84579709,-0.04094013,0.88024298,-0.21102421,0.10194577,0.10043510,0,1,0,0,0
1971,410416,-0.80820514,-0.10322493,0.91609411,-0.22095880,0.07694658,0.13096950,0,1,0,0,0
1972,410625,-0.77162097,-0.17573056,0.93336819,-0.20083102,0.06613237,0.13576929,0,1,0,0,0
1973,410833,-0.73116300,-0.23771684,0.96434322,-0.18669016,0.05912259,0.12972216,0,1,0,0,0
1974,411041,-0.67663626,-0.29060339,0.96990976,-0.19071430,0.06103093,0.15776060,0,1,0,0,0
1975,411250,-0.63217333,-0.36853249,0.98282383,-0.17060624,0.03208783,0.14960772,0,1,0,0,0
1976,411458,-0.57502893,-0.41991975,0.99476453,-0.19047638,0.02503884,0.15213924,0,1,0,0,0
1977,411666,-0.52786613,-0.47888425,0.99263918,-0.18671932,0.02293369,0.17153660,0,1,0,0,0
1978,411875,-0.46402383,-0.53332168,0.99857042,-0.18392411,-0.00361634,0.17778647,0,1,0,0,0
1979,412083,-0.40691709,-0.58834436,0.98550695,-0.14477376,-0.03072128,0.18801481,0,1,0,0,0
1980,412291,-0.35412247,-0.64124108,0.97972579,-0.18237254,-0.04224321,0.19222515,0,1,0,0,0
1981,412500,-0.28647179,-0.69231659,0.95734026,-0.14550686,-0.04674509,0.17293922,0,1,0,0,0
1982,412708,-0.21566592,-0.72774354,0.94144743,-0.15299515,-0.05758847,0.19231772,0,1,0,0,0
1983,412916,-0.15744752,-0.77354449,0.92011515,-0.13028708,-0.08102700,0.19347309,0,1,0,0,0
1984,413125,-0.08304753,-0.81630691,0.90032397,-0.13575570,-0.08986403,0.20846981,0,1,0,0,0
1985,413333,-0.02240216,-0.85899117,0.87770493,-0.10342331,-0.07071756,0.21597402,0,1,0,0,0
1986,413541,0.03197942,-0.88034351,0.83981414,-0.09922334,-0.09850289,0.19158352,0,1,0,0,0
1987,413750,0.11382832,-0.90888398,0.80560653,-0.08319230,-0.11603011,0.19542256,0,1,0,0,0
1988,413958,0.16517104,-0.94183391,0.76087974,-0.08846931,-0.12461195,0.20351374,0,1,0,0,0
1989,414166,0.23592631,-0.96603345,0.72724515,-0.07182515,-0.13707207,0.18705498,0,1,0,0,0
1990,414375,0.30165460,-0.96743909,0.67297962,-0.05645619,-0.12978496,0.20906643,0,1,0,0,0
1991,414583,0.35628082,-0.98472429,0.62440582,-0.02802174,-0.13613254,0.19030435,0,1,0,0,0
1992,414791,0.41726160,-0.99093314,0.57248426,-0.01944426,-0.16375032,0.19196320,0,1,0,0,0
1993,415000,0.47715111,-0.99564857,0.51729538,0.01769180,-0.16497714,0.17485009,0,1,0,0,0
1994,415208,0.53125534,-0.99447872,0.46613029,0.01570428,-0.17742610,0.16735481,0,1,0,0,0
1995,415416,0.59129653,-0.98341028,0.37908951,0.04389381,-0.17534304,0.17343038,0,1,0,0,0
1996,415625,0.64501938,-0.97666672,0.34960997,0.03957257,-0.18008715,0.15730738,0,1,0,0,0
1997,415833,0.68540121,-0.96576894,0.26984879,0.05976607,-0.19288894,0.14978175,0,1,0,0,0
1998,416041,0.72602812,-0.95045531,0.21851353,0.05914125,-0.21005300,0.14580358,0,1,0,0,0
1999,416250,0.77843378,-0.92131746,0.15099843,0.07845341,-0.18662115,0.13796471,0,1,0,0,0
2000,416458,0.81108972,-0.89596250,0.08018558,0.08170825,-0.18851526,0.11033954,0,1,0,0,0
2001,416666,0.85722378,-0.87079311,0.02722533,0.08895819,-0.18833608,0.08562324,0,1,0,0,0
2002,416875,0.88747461,-0.83515453,-0.04732020,0.10280224,-0.18306820,0.08377236,0,1,0,0,0
2003,417083,0.90904569,-0.80936253,-0.10665361,0.11507461,-0.19742656,0.07539350,0,1,0,0,0
2004,417291,0.94551066,-0.76530967,-0.17578427,0.11139195,-0.20545055,0.05734095,0,1,0,0,0
2005,417500,0.95387199,-0.71748260,-0.23653748,0.13434491,-0.19573512,0.05270240,0,1,0,0,0
2006,417708,0.96976181,-0.67364261,-0.29239080,0.14182028,-0.18856359,0.01963580,0,1,0,0,0
2007,417916,0.98584911,-0.62304893,-0.35446311,0.15218460,-0.19062014,0.02262288,0,1,0,0,0
2008,418125,1.00006747,-0.56509904,-0.42425474,0.15431035,-0.17927307,0.02023000,0,1,0,0,0
2009,418333,1.00212819,-0.52083866,-0.47369581,0.14957730,-0.18744407,-0.01883965,0,1,0,0,0
2010,418541,0.99196680,-0.45503999,-0.53268013,0.15982003,-0.18604576,-0.02188615,0,1,0,0,0
2011,418750,0.99758646,-0.39558367,-0.58751125,0.16432278,-0.16581134,-0.02863186,0,1,0,0,0
2012,418958,0.98573119,-0.33964278,-0.63475651,0.18539132,-0.16669650,-0.05123448,0,1,0,0,0
2013,419166,0.96798910,-0.27415207,-0.69222071,0.18768847,-0.15071129,-0.03938630,0,1,0,0,0
2014,419375,0.95999258,-0.21121267,-0.74867925,0.18817211,-0.15161000,-0.06682429,0,1,0,0,0
2015,419583,0.93420527,-0.14871064,-0.78776599,0.19347848,-0.14068240,-0.06046920,0,1,0,0,0
2016,419791,0.90633276,-0.07776327,-0.81444526,0.21029309,-0.14643221,-0.09389352,0,1,0,0,0
2017,420000,0.88427827,-0.01599217,-0.86316352,0.19271033,-0.12286176,-0.07725704,0,1,0,0,0
2018,420208,0.84263295,0.05404791,-0.87736239,0.20073177,-0.09912000,-0.09794449,0,1,0,0,0
2019,420416,0.80071346,0.12380365,-0.92212243,0.19859431,-0.07746260,-0.11434391,0,1,0,0,0
2020,420625,0.76620462,0.18493384,-0.94624578,0.19494171,-0.07180558,-0.12871424,0,1,0,0,0
2021,420833,0.71780601,0.24246806,-0.96001750,0.20500690,-0.06291511,-0.13877431,0,1,0,0,0
2022,421041,0.66833970,0.30342362,-0.97247249,0.18446466,-0.02375962,-0.14662102,0,1,0,0,0
2023,421250,0.63227131,0.37361931,-0.98665218,0.17395990,-0.02116469,-0.14241009,0,1,0,0,0
2024,421458,0.57175633,0.42673696,-0.97937835,0.19700832,-0.01057875,-0.16394861,0,1,0,0,0
2025,421666,0.51603249,0.48198513,-0.99472427,0.18376048,-0.00241024,-0.18474771,0,1,0,0,0
2026,421875,0.46708254,0.55581824,-0.99121334,0.16854360,0.01034518,-0.17903249,0,1,0,0,0
2027,422083,0.40892885,0.59427438,-0.98407197,0.17428466,0.03920930,-0.18483357,0,1,0,0,0
2028,422291,0.34590428,0.63538449,-0.98299304,0.15921487,0.04767057,-0.18747484,0,1,0,0,0
2029,422500,0.29185333,0.69277543,-0.95553648,0.17817388,0.04497776,-0.21628157,0,1,0,0,0
2030,422708,0.22398831,0.73737257,-0.94718841,0.13382477,0.06397843,-0.20527096,0,1,0,0,0
2031,422916,0.15496990,0.78658812,-0.92297394,0.16157709,0.07762381,-0.18099693,0,1,0,0,0
2032,423125,0.08832486,0.82355914,-0.89170152,0.13044966,0.07417903,-0.19502664,0,1,0,0,0
2033,423333,0.03222617,0.85934613,-0.86526870,0.12141261,0.09880380,-0.21534418,0,1,0,0,0
2034,423541,-0.04217190,0.89331635,-0.83962763,0.10122975,0.12268642,-0.20441231,0,1,0,0,0
2035,423750,-0.10122156,0.90981499,-0.80749898,0.08433615,0.11866787,-0.19657931,0,1,0,0,0
2036,423958,-0.17366822,0.94566395,-0.76252808,0.07917088,0.13468070,-0.19955900,0,1,0,0,0
2037,424166,-0.23074144,0.96433087,-0.71397950,0.06233367,0.11789875,-0.19808484,0,1,0,0,0
2038,424375,-0.30097090,0.98381416,-0.67829441,0.04058279,0.14361613,-0.20965004,0,1,0,0,0
2039,424583,-0.35783409,0.99043455,-0.63263777,0.02433293,0.16127972,-0.19181122,0,1,0,0,0
2040,424791,-0.42731611,0.99617830,-0.55325999,-0.00184513,0.15504211,-0.17788100,0,1,0,0,0
2041,425000,-0.48209949,0.99694833,-0.51845905,-0.00390389,0.17962957,-0.18217879,0,1,0,0,0
2042,425208,-0.53961161,0.99621690,-0.45963787,-0.01715490,0.17826523,-0.17020948,0,1,0,0,0
2043,425416,-0.59172888,0.99019907,-0.39985034,-0.05606917,0.16547836,-0.17475640,0,1,0,0,0
2044,425625,-0.64601624,0.98191769,-0.34604220,-0.04042099,0.18808954,-0.15406897,0,1,0,0,0
2045,425833,-0.68551167,0.96923294,-0.26871271,-0.07229216,0.18095473,-0.14785490,0,1,0,0,0
2046,426041,-0.73745743,0.95129203,-0.20276780,-0.06056991,0.17360958,-0.14119516,0,1,0,0,0
2047,426250,-0.77750552,0.93720691,-0.14742398,-0.08016215,0.21201129,-0.14594154,0,1,0,0,0
2048,426458,-0.81328119,0.91138361,-0.09186836,-0.07920127,0.18720044,-0.09907840,0,1,0,0,0
2049,426666,-0.84614652,0.87416301,-0.01737451,-0.09295715,0.19433739,-0.09515599,0,1,0,0,0
2050,426875,-0.88497824,0.84330604,0.03796893,-0.11844635,0.18559728,-0.09607266,0,1,0,0,0
2051,427083,-0.91477868,0.81016665,0.11450250,-0.13390446,0.19326543,-0.09656103,0,1,0,0,0
2052,427291,-0.93471640,0.76412149,0.17992188,-0.11363030,0.18535522,-0.05908066,0,1,0,0,0
2053,427500,-0.95245207,0.72513211,0.24231598,-0.13237738,0.18268019,-0.06044535,0,1,0,0,0
2054,427708,-0.97000983,0.66520661,0.30564928,-0.15079644,0.20355878,-0.03309347,0,1,0,0,0
2055,427916,-0.98590941,0.62760256,0.36186534,-0.13834656,0.19955842,-0.02938796,0,1,0,0,0
2056,428125,-0.98933151,0.56950202,0.43177712,-0.17056131,0.16370676,0.00030508,0,1,0,0,0
2057,428333,-0.98842413,0.52692466,0.49871988,-0.16838182,0.17683231,0.00888528,0,1,0,0,0
2058,428541,-0.99094455,0.46379194,0.54238554,-0.17246359,0.17331325,-0.01901843,0,1,0,0,0
2059,428750,-0.99003811,0.40823354,0.60072655,-0.17111215,0.17795210,0.03059449,0,1,0,0,0
2060,428958,-0.97950002,0.34291869,0.65124719,-0.17311939,0.16367191,0.03445062,0,1,0,0,0
2061,429166,-0.96479813,0.27987666,0.69660064,-0.16257799,0.16717289,0.05399813,0,1,0,0,0
2062,429375,-0.95639310,0.21979473,0.75334261,-0.18085783,0.14752696,0.07153523,0,1,0,0,0
2063,429583,-0.92579592,0.15806458,0.78964589,-0.19463985,0.11592706,0.04935787,0,1,0,0,0
2064,429791,-0.90395810,0.08083867,0.82570693,-0.20698688,0.13732550,0.08202539,0,1,0,0,0
2065,430000,-0.86870547,0.02117807,0.85930961,-0.18061183,0.10245011,0.07768120,0,1,0,0,0
2066,430208,-0.83702734,-0.04093868,0.89550433,-0.20690604,0.08610106,0.10378068,0,1,0,0,0
2067,430416,-0.79990131,-0.10972591,0.92693436,-0.19448670,0.06425098,0.11984802,0,1,0,0,0
2068,430625,-0.76073412,-0.18885916,0.95385758,-0.20290483,0.06284099,0.13107551,0,1,0,0,0
2069,430833,-0.71401949,-0.24426570,0.95867767,-0.17805444,0.05608618,0.13519413,0,1,0,0,0
2070,431041,-0.68190856,-0.31135269,0.98585676,-0.17973938,0.02498277,0.14580673,0,1,0,0,0
2071,431250,-0.62028260,-0.36952569,0.99728512,-0.18580784,0.01970216,0.15628060,0,1,0,0,0
2072,431458,-0.56351574,-0.43227810,0.99653124,-0.16316287,-0.00068007,0.17454848,0,1,0,0,0
2073,431666,-0.51922905,-0.48329596,1.00544285,-0.17656862,-0.00677750,0.15945364,0,1,0,0,0
2074,431875,-0.46485753,-0.54327821,1.00090026,-0.17626407,-0.02230358,0.17326658,0,1,0,0,0
2075,432083,-0.40229738,-0.59749533,0.99499397,-0.16190268,-0.02849834,0.20086255,0,1,0,0,0
2076,432291,-0.33121271,-0.64848797,0.98595586,-0.14842505,-0.03183416,0.17759113,0,1,0,0,0
2077,432500,-0.28617597,-0.69922093,0.97272328,-0.14603226,-0.06080244,0.18806217,0,1,0,0,0
2078,432708,-0.21739222,-0.73936713,0.95405232,-0.13505795,-0.07274851,0.19234268,0,1,0,0,0
2079,432916,-0.14474568,-0.78497525,0.92983758,-0.13515122,-0.08424366,0.20192959,0,1,0,0,0
2080,433125,-0.08773552,-0.82322754,0.92348056,-0.10305640,-0.08760894,0.19417006,0,1,0,0,0
2081,433333,-0.01391719,-0.86867857,0.88425017,-0.10992535,-0.09982792,0.18067764,0,1,0,0,0
2082,433541,0.05077156,-0.88881422,0.84003453,-0.09229133,-0.10570562,0.20395886,0,1,0,0,0
2083,433750,0.11736433,-0.92644775,0.80301943,-0.08265884,-0.12053965,0.20935576,0,1,0,0,0
2084,433958,0.17270301,-0.93949124,0.77047209,-0.07387965,-0.12815499,0.22061398,0,1,0,0,0
2085,434166,0.24681393,-0.96767269,0.73129861,-0.06262878,-0.14484462,0.18682847,0,1,0,0,0
2086,434375,0.31265752,-0.97052513,0.67811396,-0.03681331,-0.14387233,0.20210647,0,1,0,0,0
2087,434583,0.36833022,-0.98433331,0.61890102,-0.05885041,-0.16016559,0.18408422,0,1,0,0,0
2088,434791,0.43123217,-0.99937598,0.57375864,-0.00831540,-0.15617099,0.18663279,0,1,0,0,0
2089,435000,0.49591227,-1.01451877,0.53089706,0.00777985,-0.20626116,0.18016146,0,1,0,0,0
2090,435208,0.55098187,-1.00536428,0.46280342,0.01694235,-0.19624234,0.16757137,0,1,0,0,0
2091,435416,0.60043749,-0.99997562,0.40837339,0.03143217,-0.18354223,0.16784443,0,1,0,0,0
2092,435625,0.63964629,-0.99122401,0.34968183,0.04493834,-0.17276379,0.15829815,0,1,0,0,0
2093,435833,0.70155227,-0.97310340,0.28058266,0.06479676,-0.17645414,0.15325269,0,1,0,0,0
2094,436041,0.73785879,-0.96219989,0.22526620,0.05445348,-0.18229987,0.16147559,0,1,0,0,0
2095,436250,0.78711331,-0.93190759,0.15081273,0.08926837,-0.21644343,0.10820094,0,1,0,0,0
2096,436458,0.82089733,-0.90867368,0.08833013,0.09791416,-0.18286732,0.10838708,0,1,0,0,0
2097,436666,0.84892911,-0.87587879,0.02233177,0.10845220,-0.19443523,0.09503674,0,1,0,0,0
2098,436875,0.90283485,-0.84970714,-0.04408023,0.11660944,-0.18564001,0.09671144,0,1,0,0,0
2099,437083,0.91712455,-0.80537209,-0.10271908,0.12151013,-0.19186169,0.05795227,0,1,0,0,0
2100,437291,0.94198183,-0.76833677,-0.17668336,0.12940403,-0.20785119,0.06514340,0,1,0,0,0
2101,437500,0.96540066,-0.72378133,-0.22851131,0.14677380,-0.18610245,0.03758748,0,1,0,0,0
2102,437708,0.97716600,-0.67917041,-0.29530322,0.14487907,-0.19479373,0.04111833,0,1,0,0,0
2103,437916,0.99309563,-0.63689925,-0.36909696,0.13712361,-0.18455531,0.02421624,0,1,0,0,0
2104,438125,0.99549375,-0.58576018,-0.42289729,0.16378798,-0.20575455,0.01077428,0,1,0,0,0
2105,438333,1.00885517,-0.52199561,-0.47832297,0.18315221,-0.18570918,-0.01198178,0,1,0,0,0
2106,438541,0.99284334,-0.46432276,-0.54312223,0.17980164,-0.18640634,-0.00289660,0,1,0,0,0
2107,438750,0.98981980,-0.40540446,-0.59282415,0.17736094,-0.17588443,-0.03036088,0,1,0,0,0
2108,438958,0.97934040,-0.35611091,-0.64379619,0.18646376,-0.18311578,-0.04019997,0,1,0,0,0
2109,439166,0.96967433,-0.28723360,-0.69487702,0.18724852,-0.16919078,-0.04059015,0,1,0,0,0
2110,439375,0.95337715,-0.22681125,-0.72957297,0.19568187,-0.14294749,-0.03724327,0,1,0,0,0
2111,439583,0.93755535,-0.16063498,-0.78543837,0.20111716,-0.13135243,-0.07557082,0,1,0,0,0
2112,439791,0.90557358,-0.09828113,-0.81590265,0.19496080,-0.12465911,-0.08094054,0,1,0,0,0
2113,440000,0.87621922,-0.01698358,-0.86073489,0.19029672,-0.11440785,-0.08341454,0,1,0,0,0
2114,440208,0.84573183,0.04361754,-0.89873111,0.19622035,-0.09757699,-0.09396351,0,1,0,0,0
2115,440416,0.80540590,0.11673315,-0.91545117,0.19240848,-0.07415276,-0.10782665,0,1,0,0,0
2116,440625,0.76867999,0.17097096,-0.93125938,0.19193388,-0.06687752,-0.12696921,0,1,0,0,0
2117,440833,0.72448562,0.24040847,-0.96201125,0.19417403,-0.04273313,-0.14957744,0,1,0,0,0
2118,441041,0.67870088,0.30282512,-0.98716976,0.18604433,-0.05420190,-0.13776885,0,1,0,0,0
2119,441250,0.62035875,0.35599665,-0.98913478,0.20172205,-0.02275443,-0.15404460,0,1,0,0,0
2120,441458,0.57206439,0.41786634,-0.99867474,0.18383711,-0.00072734,-0.14538485,0,1,0,0,0
2121,441666,0.51296831,0.47837499,-0.99208746,0.16909785,0.01579766,-0.17259230,0,1,0,0,0
2122,441875,0.46016354,0.54262355,-1.00279744,0.16742474,0.01349654,-0.16417151,0,1,0,0,0
2123,442083,0.41130467,0.58037679,-0.98459948,0.17127607,0.03470298,-0.17741225,0,1,0,0,0
2124,442291,0.34062508,0.64530502,-0.97529015,0.17798031,0.03674003,-0.17507513,0,1,0,0,0
2125,442500,0.27678106,0.69146217,-0.97484011,0.14852875,0.05616350,-0.16876948,0,1,0,0,0
2126,442708,0.22290379,0.73783995,-0.95790560,0.13951044,0.08085967,-0.18529533,0,1,0,0,0
2127,442916,0.14575156,0.77388970,-0.92209595,0.12728903,0.05261153,-0.19985881,0,1,0,0,0
2128,443125,0.07931966,0.80974623,-0.90732930,0.14057325,0.08390735,-0.20342896,0,1,0,0,0
2129,443333,0.02453579,0.84867914,-0.88199795,0.11164156,0.08929927,-0.19098294,0,1,0,0,0
2130,443541,-0.04460850,0.87083365,-0.83532257,0.10918801,0.10589138,-0.19728405,0,1,0,0,0
2131,443750,-0.10425873,0.90914541,-0.80933346,0.07899697,0.11666885,-0.19528755,0,1,0,0,0
2132,443958,-0.17710966,0.93897394,-0.77143504,0.07883083,0.12092501,-0.18923713,0,1,0,0,0
2133,444166,-0.24370674,0.95324553,-0.72263389,0.06907014,0.14022450,-0.19794586,0,1,0,0,0
2134,444375,-0.31147400,0.97849145,-0.66864274,0.03709307,0.14753887,-0.19072609,0,1,0,0,0
2135,444583,-0.37051696,0.98501289,-0.64334767,0.04308380,0.17580557,-0.20751792,0,1,0,0,0
2136,444791,-0.42784183,0.98749463,-0.57129315,0.00091384,0.14836519,-0.20229508,0,1,0,0,0
2137,445000,-0.48388800,0.99583263,-0.51543009,-0.00288777,0.17244930,-0.16124123,0,1,0,0,0
2138,445208,-0.54644794,0.99796525,-0.45738730,0.00221813,0.18331035,-0.18229891,0,1,0,0,0
2139,445416,-0.59102476,0.98864711,-0.40826817,-0.02610424,0.18264865,-0.17109836,0,1,0,0,0
2140,445625,-0.64656575,0.98022641,-0.34446815,-0.05728202,0.18090433,-0.14518138,0,1,0,0,0
2141,445833,-0.69092339,0.96873962,-0.28431463,-0.05112642,0.17910411,-0.14505445,0,1,0,0,0
2142,446041,-0.74000087,0.93537792,-0.21979845,-0.06850387,0.19168046,-0.13418556,0,1,0,0,0
2143,446250,-0.77822914,0.92828906,-0.15641981,-0.08579186,0.18315487,-0.11589133,0,1,0,0,0
2144,446458,-0.81925314,0.89566659,-0.09349103,-0.08877027,0.21746449,-0.10966093,0,1,0,0,0
2145,446666,-0.85001527,0.87332133,-0.01974654,-0.09606682,0.20198487,-0.10078376,0,1,0,0,0
2146,446875,-0.88360047,0.83932699,0.03560658,-0.10437497,0.19487884,-0.09730860,0,1,0,0,0
2147,447083,-0.91620948,0.80144984,0.10683818,-0.10642721,0.19176388,-0.07501047,0,1,0,0,0
2148,447291,-0.94410793,0.75884204,0.17426152,-0.13285159,0.19096876,-0.05920359,0,1,0,0,0
2149,447500,-0.97218884,0.72192947,0.22221229,-0.13619271,0.19978165,-0.05157715,0,1,0,0,0
2150,447708,-0.98071401,0.67292033,0.29056841,-0.14673854,0.19191184,-0.02335363,0,1,0,0,0
2151,447916,-0.98736853,0.62410348,0.35769383,-0.15155221,0.19945685,-0.02390961,0,1,0,0,0
2152,448125,-0.99973123,0.57337092,0.43015971,-0.16796138,0.17976412,-0.00427326,0,1,0,0,0
2153,448333,-1.00389905,0.51449137,0.48141677,-0.16212565,0.17998591,-0.00344964,0,1,0,0,0
2154,448541,-0.99926766,0.45705301,0.53574753,-0.18825553,0.19352040,0.00111888,0,1,0,0,0
2155,448750,-0.98472885,0.40194069,0.58554996,-0.18711182,0.16084940,0.02927585,0,1,0,0,0
2156,448958,-0.98040566,0.34439875,0.64190497,-0.19168535,0.17386667,0.04934872,0,1,0,0,0
2157,449166,-0.97620638,0.28207886,0.68354885,-0.20169784,0.16958366,0.03853448,0,1,0,0,0
2158,449375,-0.95890027,0.21529453,0.73831774,-0.17584521,0.14029926,0.04847992,0,1,0,0,0
2159,449583,-0.93445708,0.14896745,0.78483766,-0.19627026,0.11440443,0.08625279,0,1,0,0,0
2160,449791,-0.90775132,0.09524427,0.81116267,-0.20382064,0.12781241,0.07652852,0,1,0,0,0
