1,0,-0.58350592,-0.41381818,1.00200495,-0.15977643,0.00336671,0.19687955,0,0,0,0,0
2,208,-0.52930027,-0.46818280,1.00254974,-0.17324278,-0.01343249,0.19613673,0,0,0,0,0
3,416,-0.47416867,-0.52624802,1.00653778,-0.15028391,-0.01428918,0.19566646,0,0,0,0,0
4,625,-0.41207592,-0.58279616,1.00484588,-0.15336941,-0.02704437,0.19220319,0,0,0,0,0
5,833,-0.35250040,-0.63590517,0.98870261,-0.14008382,-0.04144765,0.19003384,0,0,0,0,0
6,1041,-0.28026676,-0.68808726,0.98217006,-0.13826497,-0.07312043,0.17951532,0,0,0,0,0
7,1250,-0.22073477,-0.71919849,0.96643001,-0.12415467,-0.08809848,0.20790070,0,0,0,0,0
8,1458,-0.15898263,-0.78070302,0.93336792,-0.11756297,-0.05473780,0.19135170,0,0,0,0,0
9,1666,-0.09592928,-0.81438281,0.91527510,-0.13317248,-0.06754920,0.19524365,0,0,0,0,0
10,1875,-0.04814141,-0.85114975,0.89621943,-0.10866878,-0.08750768,0.20645000,0,0,0,0,0
11,2083,0.03402551,-0.88624003,0.84105193,-0.08400154,-0.09317359,0.19444561,0,0,0,0,0
12,2291,0.09326652,-0.90433163,0.81361785,-0.08661715,-0.08776804,0.18404761,0,0,0,0,0
13,2500,0.15894123,-0.92104050,0.76691959,-0.05834844,-0.12752035,0.21001051,0,0,0,0,0
14,2708,0.21583617,-0.94526626,0.72670440,-0.05231056,-0.14829066,0.19915420,0,0,0,0,0
15,2916,0.27981385,-0.96629962,0.68280188,-0.04421260,-0.12259174,0.18306262,0,0,0,0,0
16,3125,0.34548571,-0.98900477,0.63946846,-0.01466256,-0.15341450,0.19421357,0,0,0,0,0
17,3333,0.40582074,-0.98628026,0.58227274,-0.01892012,-0.15562510,0.17638142,0,0,0,0,0
18,3541,0.45848132,-0.98751763,0.53157579,-0.00049464,-0.16788728,0.16624820,0,0,0,0,0
19,3750,0.52516621,-1.00247967,0.47627894,0.01146875,-0.15178360,0.15527793,0,0,0,0,0
20,3958,0.57192506,-0.98350304,0.41029592,0.00248013,-0.17661233,0.14303819,0,0,0,0,0
21,4166,0.62735392,-0.98490193,0.36301711,0.04283521,-0.17753175,0.13183953,0,0,0,0,0
22,4375,0.67369060,-0.96851619,0.28997285,0.03651511,-0.19994684,0.14044489,0,0,0,0,0
23,4583,0.72213619,-0.95992299,0.22000533,0.04622777,-0.17404133,0.10690327,0,0,0,0,0
24,4791,0.77315572,-0.93633486,0.16363907,0.05081085,-0.17042843,0.11422279,0,0,0,0,0
25,5000,0.81146284,-0.91315478,0.10070330,0.06590498,-0.19293786,0.09477069,0,0,0,0,0
26,5208,0.83764390,-0.88489496,0.03560736,0.07849597,-0.18471784,0.09629975,0,0,0,0,0
27,5416,0.87550661,-0.85430156,-0.03253185,0.09074876,-0.19831121,0.09246870,0,0,0,0,0
28,5625,0.89735104,-0.81996192,-0.09527627,0.10052428,-0.19843749,0.08960073,0,0,0,0,0
29,5833,0.93317209,-0.77138308,-0.16898000,0.11997819,-0.17241391,0.08491528,0,0,0,0,0
30,6041,0.94903601,-0.72745893,-0.22648002,0.14382813,-0.20890186,0.06887647,0,0,0,0,0
31,6250,0.96912691,-0.69562394,-0.29260457,0.13437639,-0.19498314,0.05640961,0,0,0,0,0
32,6458,0.98325364,-0.64147473,-0.33762076,0.14298575,-0.19432089,0.04066833,0,0,0,0,0
33,6666,1.00088114,-0.58011499,-0.40688208,0.17145061,-0.19640578,0.03883109,0,0,0,0,0
34,6875,0.99877439,-0.51883544,-0.46317266,0.19407098,-0.19417219,0.01934800,0,0,0,0,0
35,7083,0.99823592,-0.47142222,-0.51969134,0.18495498,-0.18520803,0.00780392,0,0,0,0,0
36,7291,0.99102565,-0.41879951,-0.56777030,0.20631013,-0.18230344,-0.00132241,0,0,0,0,0
37,7500,0.99706597,-0.35959078,-0.62662235,0.19761296,-0.17096686,-0.01336482,0,0,0,0,0
38,7708,0.97537286,-0.29200959,-0.67788733,0.22526213,-0.16172081,-0.05338551,0,0,0,0,0
39,7916,0.95403379,-0.23548547,-0.71651358,0.20671154,-0.15271056,-0.03076488,0,0,0,0,0
40,8125,0.94134795,-0.17265487,-0.76263360,0.22801173,-0.15185575,-0.06148741,0,0,0,0,0
41,8333,0.92215571,-0.10474497,-0.80635481,0.20318588,-0.14056073,-0.05930202,0,0,0,0,0
42,8541,0.87895474,-0.03915883,-0.84162862,0.20120077,-0.10674645,-0.10601621,0,0,0,0,0
43,8750,0.85025561,0.02751053,-0.88405461,0.21075501,-0.08614810,-0.10282765,0,0,0,0,0
44,8958,0.81195485,0.09270869,-0.91109349,0.20201757,-0.09158007,-0.12083046,0,0,0,0,0
45,9166,0.78607766,0.15630702,-0.93821603,0.19967275,-0.08037510,-0.13104883,0,0,0,0,0
46,9375,0.74236592,0.22530597,-0.95536592,0.20166046,-0.02888684,-0.16913447,0,0,0,0,0
47,9583,0.68214243,0.29090403,-0.97499441,0.18810502,-0.02384447,-0.16426588,0,0,0,0,0
48,9791,0.63013548,0.33870925,-0.99338794,0.18655624,-0.01589256,-0.17617647,0,0,0,0,0
49,10000,0.58517675,0.41240152,-0.99134551,0.17807967,0.00751733,-0.19484846,0,0,0,0,0
50,10208,0.52446978,0.46502907,-1.00230630,0.16403293,0.01703935,-0.17622275,0,0,0,0,0
51,10416,0.46652960,0.52725057,-1.00338674,0.14706909,0.02495569,-0.18759750,0,0,0,0,0
52,10625,0.41042781,0.58916722,-0.99754042,0.12342898,0.00923421,-0.19466305,0,0,0,0,0
53,10833,0.35089151,0.63983766,-0.99591349,0.13762551,0.03949896,-0.18397921,0,0,0,0,0
54,11041,0.28213736,0.68441020,-0.97764124,0.13419082,0.04707974,-0.20850587,0,0,0,0,0
55,11250,0.23112121,0.73056777,-0.96315537,0.12220253,0.05127152,-0.18482976,0,0,0,0,0
56,11458,0.16124538,0.78557672,-0.94036445,0.11354507,0.05399547,-0.19168090,0,0,0,0,0
57,11666,0.09423852,0.80998911,-0.91154525,0.10638302,0.07869421,-0.19314771,0,0,0,0,0
58,11875,0.02883601,0.84621292,-0.88279261,0.10284415,0.10264605,-0.17085212,0,0,0,0,0
59,12083,-0.02694503,0.87997688,-0.86051798,0.07873978,0.11194546,-0.19708249,0,0,0,0,0
60,12291,-0.09562849,0.90575916,-0.81824728,0.07504631,0.13324228,-0.18605256,0,0,0,0,0
61,12500,-0.15250679,0.92708022,-0.77873191,0.06144213,0.10158020,-0.20937259,0,0,0,0,0
62,12708,-0.21228736,0.95012656,-0.73090652,0.04711332,0.13053513,-0.18982998,0,0,0,0,0
63,12916,-0.28335260,0.96510899,-0.68883381,0.02624428,0.14127814,-0.18137396,0,0,0,0,0
64,13125,-0.34998011,0.97500360,-0.62989000,0.00839704,0.14592485,-0.18135575,0,0,0,0,0
65,13333,-0.41022064,0.99940145,-0.57587628,0.01312993,0.15083452,-0.16424086,0,0,0,0,0
66,13541,-0.46429364,0.99769118,-0.53849678,-0.01411148,0.16452958,-0.15849911,0,0,0,0,0
67,13750,-0.52536113,0.98590730,-0.47808919,0.00050856,0.14490666,-0.16781494,0,0,0,0,0
68,13958,-0.56659960,0.99105764,-0.40373800,-0.02734564,0.16659654,-0.17126622,0,0,0,0,0
69,14166,-0.63091018,0.98357715,-0.34588650,-0.01994882,0.19002014,-0.12239081,0,0,0,0,0
70,14375,-0.67681850,0.97748442,-0.29505305,-0.02519698,0.18255351,-0.12611831,0,0,0,0,0
71,14583,-0.72355839,0.94299840,-0.22929215,-0.04600401,0.19764780,-0.10380692,0,0,0,0,0
72,14791,-0.77053908,0.93633841,-0.16086876,-0.04000679,0.19163962,-0.10799205,0,0,0,0,0
73,15000,-0.80723898,0.90570588,-0.10582833,-0.05569461,0.20727743,-0.09950564,0,0,0,0,0
74,15208,-0.84087024,0.89028155,-0.04215494,-0.06559763,0.19424307,-0.09222173,0,0,0,0,0
75,15416,-0.87967436,0.85164021,0.03802974,-0.07596091,0.19072521,-0.07955976,0,0,0,0,0
76,15625,-0.91440430,0.81481112,0.09809355,-0.09865828,0.21111569,-0.09436227,0,0,0,0,0
77,15833,-0.92528528,0.78173716,0.15415583,-0.10565033,0.19652327,-0.09098665,0,0,0,0,0
78,16041,-0.95318119,0.73341663,0.21986047,-0.13393939,0.20470476,-0.06082962,0,0,0,0,0
79,16250,-0.96613092,0.68534912,0.29177942,-0.13639796,0.19522148,-0.08193832,0,0,0,0,0
80,16458,-0.97945662,0.63693967,0.34891625,-0.15503002,0.20033692,-0.06642773,0,0,0,0,0
81,16666,-1.00535272,0.59096126,0.41452773,-0.17284205,0.20483642,-0.04288977,0,0,0,0,0
82,16875,-0.99579677,0.53673911,0.46046326,-0.18401423,0.17621186,-0.01133871,0,0,0,0,0
83,17083,-0.99688619,0.48176433,0.52364973,-0.18445273,0.18317293,-0.02245191,0,0,0,0,0
84,17291,-1.00456874,0.42173923,0.57885084,-0.20608879,0.18089503,-0.00045391,0,0,0,0,0
85,17500,-0.98950658,0.35914176,0.62451408,-0.22376956,0.17570149,0.01595434,0,0,0,0,0
86,17708,-0.98449012,0.29995003,0.66880021,-0.20269680,0.18043196,0.03472682,0,0,0,0,0
87,17916,-0.96481796,0.23864433,0.71092725,-0.20554305,0.15265755,0.05206453,0,0,0,0,0
88,18125,-0.94395043,0.16658892,0.76037493,-0.22318472,0.13570881,0.05561325,0,0,0,0,0
89,18333,-0.91787894,0.09325357,0.81026997,-0.20319780,0.11246662,0.08323661,0,0,0,0,0
90,18541,-0.89337859,0.03738208,0.83955168,-0.21010232,0.11189977,0.09144094,0,0,0,0,0
91,18750,-0.86184888,-0.01815937,0.87722838,-0.21816951,0.08766078,0.10176290,0,0,0,0,0
92,18958,-0.81840623,-0.08672366,0.90853074,-0.20203721,0.08144656,0.11268413,0,0,0,0,0
93,19166,-0.78106598,-0.15332196,0.94544274,-0.21855641,0.06894846,0.12910245,0,0,0,0,0
94,19375,-0.73963444,-0.22102104,0.95893874,-0.19971867,0.04411335,0.15044358,0,0,0,0,0
95,19583,-0.68234517,-0.28359300,0.97959209,-0.19216152,0.01688088,0.16194129,0,0,0,0,0
96,19791,-0.62232660,-0.35115410,0.99214694,-0.17479027,0.00402758,0.17180119,0,0,0,0,0
97,20000,-0.59131341,-0.41320987,0.99636311,-0.16907532,0.00961909,0.18614589,0,0,0,0,0
98,20208,-0.52145492,-0.46329139,1.00383465,-0.15757146,-0.02551870,0.18852692,0,0,0,0,0
99,20416,-0.47650157,-0.53012086,1.00355617,-0.15646027,-0.02935462,0.18984438,0,0,0,0,0
100,20625,-0.40960773,-0.58145729,1.00090793,-0.14327987,-0.03288664,0.18177487,0,0,0,0,0
101,20833,-0.35244187,-0.63411083,1.00031099,-0.15475795,-0.04963677,0.17259400,0,0,0,0,0
102,21041,-0.29406722,-0.69320944,0.97390137,-0.14208968,-0.07161644,0.21673352,0,0,0,0,0
103,21250,-0.22435583,-0.73196323,0.96500739,-0.13343159,-0.06990015,0.18532452,0,0,0,0,0
104,21458,-0.16518414,-0.77814496,0.93143256,-0.11994344,-0.05489981,0.17509478,0,0,0,0,0
105,21666,-0.09941389,-0.80924186,0.91539773,-0.11266825,-0.08001085,0.21160047,0,0,0,0,0
106,21875,-0.03985594,-0.85791743,0.88033667,-0.12430474,-0.07902204,0.20856455,0,0,0,0,0
107,22083,0.02462039,-0.88964153,0.85348333,-0.09052959,-0.07881818,0.19087897,0,0,0,0,0
108,22291,0.09185364,-0.90307188,0.81084642,-0.10039713,-0.10153711,0.18313674,0,0,0,0,0
109,22500,0.15847652,-0.92931390,0.76911401,-0.06228041,-0.10804241,0.19385728,0,0,0,0,0
110,22708,0.20791186,-0.94949813,0.74124774,-0.05373238,-0.12705445,0.20207699,0,0,0,0,0
111,22916,0.28866027,-0.96243496,0.67914432,-0.03034718,-0.13168923,0.16794894,0,0,0,0,0
112,23125,0.34525959,-0.98161786,0.63218225,-0.02907288,-0.14506245,0.17626808,0,0,0,0,0
113,23333,0.40331447,-0.97989794,0.58228288,0.01305902,-0.14584109,0.17354142,0,0,0,0,0
114,23541,0.46167521,-1.00010876,0.52616924,-0.02404425,-0.16965936,0.16682161,0,0,0,0,0
115,23750,0.52394545,-0.99632029,0.46559317,-0.01068338,-0.15499000,0.16178354,0,0,0,0,0
116,23958,0.57735555,-0.98898032,0.41543598,0.01895832,-0.18269391,0.15235247,0,0,0,0,0
117,24166,0.62828008,-0.98941345,0.35376626,0.03468466,-0.18185276,0.14816112,0,0,0,0,0
118,24375,0.67293006,-0.97059989,0.29533410,0.03726493,-0.17362558,0.15100086,0,0,0,0,0
119,24583,0.73153996,-0.95024905,0.22952349,0.05955660,-0.18300679,0.11518485,0,0,0,0,0
120,24791,0.76525069,-0.93336944,0.16778948,0.03612410,-0.19750194,0.11108951,0,0,0,0,0
121,25000,0.81362497,-0.90951421,0.09903585,0.05832394,-0.18316574,0.11054206,0,0,0,0,0
122,25208,0.84805731,-0.89258203,0.04249783,0.06853134,-0.19589414,0.07939158,0,0,0,0,0
123,25416,0.87126489,-0.85471310,-0.03157458,0.09046241,-0.20543099,0.09072346,0,0,0,0,0
124,25625,0.91056737,-0.81800986,-0.09010646,0.09791248,-0.18594409,0.05753252,0,0,0,0,0
125,25833,0.93045346,-0.77703542,-0.16447193,0.12135501,-0.20138965,0.07388726,0,0,0,0,0
126,26041,0.96366087,-0.73661595,-0.22730222,0.12351795,-0.20427566,0.04510040,0,0,0,0,0
127,26250,0.97655908,-0.69156263,-0.28762637,0.13052267,-0.18990947,0.06450093,0,0,0,0,0
128,26458,0.98742659,-0.64318436,-0.35085732,0.14096043,-0.19740881,0.04183937,0,0,0,0,0
129,26666,0.99897125,-0.58661593,-0.40681559,0.16740700,-0.18755021,0.03659802,0,0,0,0,0
130,26875,0.99696316,-0.53048851,-0.46696509,0.18766315,-0.20023558,0.02856739,0,0,0,0,0
131,27083,1.00464439,-0.47392976,-0.51820235,0.19364585,-0.18272752,0.02939336,0,0,0,0,0
132,27291,1.01036998,-0.41269266,-0.57064907,0.19906192,-0.17777978,0.00333682,0,0,0,0,0
133,27500,1.00198202,-0.35756392,-0.62680235,0.20154719,-0.19246551,-0.00763520,0,0,0,0,0
134,27708,0.97467590,-0.30317115,-0.68313923,0.20440481,-0.16124761,-0.03352354,0,0,0,0,0
135,27916,0.96695144,-0.23204957,-0.71433310,0.21129779,-0.16074260,-0.05774759,0,0,0,0,0
136,28125,0.94072866,-0.16722049,-0.77223057,0.22952211,-0.13693098,-0.07157901,0,0,0,0,0
137,28333,0.92362654,-0.10544518,-0.80249967,0.20330032,-0.11157580,-0.07878463,0,0,0,0,0
138,28541,0.88651279,-0.03674312,-0.84378984,0.18285375,-0.10939062,-0.08832441,0,0,0,0,0
139,28750,0.85967245,0.02440740,-0.87116662,0.21572599,-0.09997748,-0.10794090,0,0,0,0,0
140,28958,0.82082427,0.09432545,-0.91068970,0.20658158,-0.08503858,-0.12412711,0,0,0,0,0
141,29166,0.77466014,0.15504537,-0.92866412,0.20552972,-0.04308721,-0.13234514,0,0,0,0,0
142,29375,0.72827690,0.21449466,-0.96026035,0.19651483,-0.05408516,-0.15753644,0,0,0,0,0
143,29583,0.68272341,0.29779723,-0.97576278,0.19040720,-0.03696159,-0.15584915,0,0,0,0,0
144,29791,0.63479971,0.34816298,-0.99327310,0.17910595,-0.00450587,-0.15137907,0,0,0,0,0
145,30000,0.58075654,0.41426852,-0.99748318,0.17687453,0.00178965,-0.17819486,0,0,0,0,0
146,30208,0.52271494,0.47872463,-1.00647617,0.17241449,0.01532708,-0.20059129,0,0,0,0,0
147,30416,0.46466050,0.52284721,-1.00630885,0.15680340,0.02115093,-0.21324191,0,0,0,0,0
148,30625,0.40683941,0.57594468,-0.99633817,0.15310110,0.03916903,-0.19453359,0,0,0,0,0
149,30833,0.34761605,0.62989156,-0.99261609,0.14631670,0.04259918,-0.18289154,0,0,0,0,0
150,31041,0.28368859,0.68504613,-0.96890685,0.13305541,0.05149407,-0.19367523,0,0,0,0,0
151,31250,0.22907966,0.73891087,-0.96203292,0.14137585,0.07703134,-0.20306860,0,0,0,0,0
152,31458,0.15680322,0.77698542,-0.93618851,0.12177170,0.06935892,-0.19813741,0,0,0,0,0
153,31666,0.10494340,0.80641368,-0.91868698,0.12028052,0.07268171,-0.19708458,0,0,0,0,0
154,31875,0.03432190,0.85432732,-0.88914129,0.09871855,0.07326393,-0.20044243,0,0,0,0,0
155,32083,-0.03054076,0.87575288,-0.86128082,0.07469318,0.08989271,-0.20506391,0,0,0,0,0
156,32291,-0.09289233,0.90029424,-0.81943770,0.08097538,0.08518238,-0.20127572,0,0,0,0,0
157,32500,-0.15907025,0.94006829,-0.77534780,0.07132151,0.11437784,-0.19406568,0,0,0,0,0
158,32708,-0.21871283,0.95579444,-0.73070897,0.05853332,0.12158768,-0.20221603,0,0,0,0,0
159,32916,-0.28075448,0.97486950,-0.67843081,0.02961181,0.15131653,-0.20728087,0,0,0,0,0
160,33125,-0.34174923,0.97833122,-0.64048439,0.00995822,0.14796070,-0.17095942,0,0,0,0,0
161,33333,-0.41034872,0.98218923,-0.58416849,0.00536405,0.14100205,-0.19026332,0,0,0,0,0
162,33541,-0.45965712,0.98461329,-0.52878386,0.01943509,0.15991715,-0.15365583,0,0,0,0,0
163,33750,-0.52199464,0.99974843,-0.47522795,-0.00848558,0.18478661,-0.15764799,0,0,0,0,0
164,33958,-0.56919235,0.99556691,-0.41150462,-0.00326689,0.18124143,-0.15381341,0,0,0,0,0
165,34166,-0.62706039,0.98271617,-0.35532446,-0.02192705,0.18791598,-0.14423105,0,0,0,0,0
166,34375,-0.66934783,0.97265051,-0.28048937,-0.02692114,0.18936527,-0.13657290,0,0,0,0,0
167,34583,-0.72883840,0.95891971,-0.22829490,-0.03928179,0.18803228,-0.12039932,0,0,0,0,0
168,34791,-0.76797712,0.93282588,-0.16711371,-0.05054898,0.17019241,-0.12016266,0,0,0,0,0
169,35000,-0.80709170,0.90376135,-0.09586197,-0.06346264,0.18308655,-0.11698497,0,0,0,0,0
170,35208,-0.83667209,0.88523936,-0.04230010,-0.08304871,0.20311284,-0.09215850,0,0,0,0,0
171,35416,-0.87600226,0.84960828,0.03715996,-0.09465340,0.18037398,-0.07301382,0,0,0,0,0
172,35625,-0.91069779,0.81589880,0.10027644,-0.06958786,0.19696865,-0.10430028,0,0,0,0,0
173,35833,-0.93774274,0.77933653,0.16381160,-0.14252506,0.20022336,-0.06361249,0,0,0,0,0
174,36041,-0.95160122,0.73359380,0.23141557,-0.13148654,0.20324403,-0.06838063,0,0,0,0,0
175,36250,-0.97058166,0.68949864,0.27694802,-0.14364515,0.20450772,-0.05177726,0,0,0,0,0
176,36458,-0.98593860,0.64731045,0.35130694,-0.14597319,0.18755832,-0.04478969,0,0,0,0,0
177,36666,-1.00088829,0.59051645,0.40409041,-0.16794389,0.19575817,-0.05423466,0,0,0,0,0
178,36875,-1.00201800,0.53162274,0.46668555,-0.18214258,0.17476496,-0.04117390,0,0,0,0,0
179,37083,-0.98891772,0.47200370,0.51318608,-0.17564679,0.17983058,-0.00420766,0,0,0,0,0
180,37291,-0.99362490,0.42434448,0.57463338,-0.18482357,0.17653013,0.00508256,0,0,0,0,0
181,37500,-0.98524860,0.36227385,0.61885009,-0.20746737,0.16217077,0.01045701,0,0,0,0,0
182,37708,-0.97787586,0.29584955,0.68412358,-0.21060241,0.15835579,0.02648668,0,0,0,0,0
183,37916,-0.96648824,0.22817580,0.72046054,-0.20807520,0.15407788,0.05547951,0,0,0,0,0
184,38125,-0.94609197,0.16572926,0.75703309,-0.20739083,0.13315289,0.06678557,0,0,0,0,0
185,38333,-0.91720917,0.09423166,0.80795013,-0.21357438,0.11654428,0.07486296,0,0,0,0,0
186,38541,-0.89464308,0.03585120,0.84457168,-0.21846469,0.11938036,0.09995378,0,0,0,0,0
187,38750,-0.85166194,-0.01945669,0.87456814,-0.21150015,0.09631675,0.10488657,0,0,0,0,0
188,38958,-0.80950296,-0.09063005,0.89839889,-0.19950467,0.08485694,0.12336657,0,0,0,0,0
189,39166,-0.76878441,-0.15891788,0.92312584,-0.20795639,0.05992757,0.13487585,0,0,0,0,0
190,39375,-0.73587134,-0.22199873,0.96609515,-0.18262169,0.04530232,0.15477514,0,0,0,0,0
191,39583,-0.68253143,-0.28421235,0.98565925,-0.17523166,0.02146061,0.17621711,0,0,0,0,0
192,39791,-0.63627101,-0.34865523,0.99559666,-0.18197737,0.00959403,0.17672218,0,0,0,0,0
193,40000,-0.57709025,-0.41841636,0.99807280,-0.17723957,0.00801812,0.19133730,0,0,0,0,0
194,40208,-0.53544198,-0.46513344,1.00988560,-0.16704158,-0.01885967,0.18249885,0,0,0,0,0
195,40416,-0.47116069,-0.52530145,1.00045379,-0.15844148,-0.02229812,0.19862389,0,0,0,0,0
196,40625,-0.41450975,-0.57693923,1.00406527,-0.14562195,-0.04632807,0.19480250,0,0,0,0,0
197,40833,-0.35073129,-0.64185585,0.98997935,-0.14601292,-0.05763761,0.19307815,0,0,0,0,0
198,41041,-0.28644019,-0.69994676,0.97466188,-0.14763082,-0.04465278,0.20315099,0,0,0,0,0
199,41250,-0.22610491,-0.72853188,0.96248147,-0.14862051,-0.06200413,0.18833980,0,0,0,0,0
200,41458,-0.16243882,-0.77493305,0.94597964,-0.12537852,-0.07190602,0.19442490,0,0,0,0,0
201,41666,-0.09492736,-0.82018018,0.91905147,-0.10731454,-0.07975118,0.18845291,0,0,0,0,0
202,41875,-0.04117074,-0.85009595,0.88637382,-0.10540673,-0.08402365,0.19148925,0,0,0,0,0
203,42083,0.02627124,-0.88778836,0.84831578,-0.09134858,-0.09748741,0.20196940,0,0,0,0,0
204,42291,0.08770619,-0.90484215,0.81847063,-0.06298739,-0.10918520,0.19761611,0,0,0,0,0
205,42500,0.16266586,-0.93450582,0.76930669,-0.06079178,-0.09027178,0.19468806,0,0,0,0,0
206,42708,0.21861999,-0.94811987,0.73024266,-0.06033972,-0.12689729,0.20855693,0,0,0,0,0
207,42916,0.28455873,-0.97473692,0.68204702,-0.04345660,-0.14724615,0.21020866,0,0,0,0,0
208,43125,0.34109828,-0.97202038,0.63456822,-0.04217686,-0.13975051,0.17668578,0,0,0,0,0
209,43333,0.40844733,-0.99366192,0.58530993,-0.00928858,-0.16835008,0.19516672,0,0,0,0,0
210,43541,0.46091509,-0.99745611,0.52810491,0.00942031,-0.14623515,0.17614464,0,0,0,0,0
211,43750,0.52425088,-0.99668990,0.46953517,0.01291402,-0.16635092,0.16502273,0,0,0,0,0
212,43958,0.58655228,-0.98724867,0.41481248,0.01311966,-0.17368535,0.15455310,0,0,0,0,0
213,44166,0.62981600,-0.97893585,0.35287184,0.02511395,-0.16655812,0.14246039,0,0,0,0,0
214,44375,0.67924070,-0.97126530,0.30013884,0.03834657,-0.17784238,0.11601978,0,0,0,0,0
215,44583,0.72196565,-0.95022232,0.22830388,0.04005107,-0.18349601,0.11697439,0,0,0,0,0
216,44791,0.77111739,-0.93331255,0.16264726,0.05051321,-0.19544188,0.11007254,0,0,0,0,0
217,45000,0.80811444,-0.91919596,0.09767551,0.05788934,-0.18872965,0.11115067,0,0,0,0,0
218,45208,0.84580630,-0.88750271,0.03814728,0.06912626,-0.19500968,0.09915466,0,0,0,0,0
219,45416,0.87215093,-0.85665133,-0.02803641,0.08367159,-0.19509747,0.10514679,0,0,0,0,0
220,45625,0.91318766,-0.81999667,-0.09827443,0.11308278,-0.20415740,0.07916984,0,0,0,0,0
221,45833,0.92926739,-0.77708628,-0.15185284,0.11129649,-0.20978743,0.07210230,0,0,0,0,0
222,46041,0.95676491,-0.73494936,-0.21261466,0.13723717,-0.19269613,0.06099412,0,0,0,0,0
223,46250,0.97412809,-0.68983343,-0.28486217,0.14185364,-0.20744368,0.07013600,0,0,0,0,0
224,46458,0.98626231,-0.64284946,-0.33901846,0.14174088,-0.19044955,0.04263498,0,0,0,0,0
225,46666,0.99557938,-0.58471391,-0.40148864,0.16205492,-0.19104217,0.05070435,0,0,0,0,0
226,46875,0.99899333,-0.54081675,-0.46183653,0.17872340,-0.21602281,0.02654824,0,0,0,0,0
227,47083,1.00584651,-0.47186344,-0.52579982,0.19627735,-0.18488283,0.02790471,0,0,0,0,0
228,47291,1.00539655,-0.42243198,-0.56359705,0.21090020,-0.18700572,-0.00472347,0,0,0,0,0
229,47500,0.99404371,-0.35965353,-0.62825773,0.21522523,-0.17360429,-0.02138330,0,0,0,0,0
230,47708,0.97850965,-0.29528961,-0.66207469,0.21849813,-0.17416042,-0.03569112,0,0,0,0,0
231,47916,0.96353601,-0.23401866,-0.71811404,0.21848032,-0.14829079,-0.05045175,0,0,0,0,0
232,48125,0.94397425,-0.16636437,-0.75849801,0.20582252,-0.15076013,-0.05685840,0,0,0,0,0
233,48333,0.92206688,-0.10909466,-0.80255303,0.21897878,-0.13829977,-0.09197734,0,0,0,0,0
234,48541,0.89426520,-0.03848634,-0.84393711,0.22298097,-0.11498983,-0.09233158,0,0,0,0,0
235,48750,0.86343907,0.02883361,-0.87581197,0.21981186,-0.08561085,-0.11001855,0,0,0,0,0
236,48958,0.81845601,0.09155548,-0.91249487,0.18764388,-0.07133232,-0.11694544,0,0,0,0,0
237,49166,0.77668762,0.15579976,-0.93870363,0.19364236,-0.05623564,-0.15061085,0,0,0,0,0
238,49375,0.73525069,0.22602468,-0.95798349,0.17204706,-0.03962169,-0.16172661,0,0,0,0,0
239,49583,0.68322389,0.28352201,-0.97154864,0.19651049,-0.03661728,-0.15155316,0,0,0,0,0
240,49791,0.62597062,0.34611551,-0.99007108,0.19024563,-0.01514522,-0.16913608,0,0,0,0,0
241,50000,0.58688064,0.40324036,-0.99862253,0.16907635,-0.00369295,-0.15426684,0,0,0,0,0
242,50208,0.53477685,0.47885867,-1.00536319,0.16802407,0.02050518,-0.20215627,0,0,0,0,0
243,50416,0.46437895,0.53215166,-1.00985777,0.16049463,0.02066862,-0.18895124,0,0,0,0,0
244,50625,0.41614486,0.58072887,-1.00530440,0.14676993,0.03286750,-0.18939619,0,0,0,0,0
245,50833,0.35051316,0.63491278,-0.99731154,0.14526837,0.03242975,-0.18843493,0,0,0,0,0
246,51041,0.29095648,0.68671203,-0.97222009,0.13994574,0.05397119,-0.20343337,0,0,0,0,0
247,51250,0.22175428,0.73332423,-0.95974116,0.11956403,0.06678074,-0.20007835,0,0,0,0,0
248,51458,0.16864960,0.77726291,-0.93518830,0.12000679,0.07806478,-0.19429146,0,0,0,0,0
249,51666,0.10029748,0.82209386,-0.91464592,0.10824482,0.08841312,-0.20936111,0,0,0,0,0
250,51875,0.03861576,0.85141522,-0.89223197,0.10286805,0.08397193,-0.18574944,0,0,0,0,0
251,52083,-0.02843703,0.88262260,-0.84919009,0.09432584,0.09104033,-0.19636037,0,0,0,0,0
252,52291,-0.08709089,0.90259912,-0.82188115,0.08995078,0.11210643,-0.20019088,0,0,0,0,0
253,52500,-0.15123315,0.92750360,-0.77428739,0.04815370,0.12939249,-0.18432658,0,0,0,0,0
254,52708,-0.21646822,0.95060466,-0.73768208,0.05115589,0.11512023,-0.17714765,0,0,0,0,0
255,52916,-0.28932885,0.96741389,-0.67728838,0.04701824,0.13319863,-0.19299705,0,0,0,0,0
256,53125,-0.33919923,0.98682935,-0.63155327,0.03326413,0.14929055,-0.18358770,0,0,0,0,0
257,53333,-0.40122350,0.98470964,-0.58837764,0.00999425,0.16837832,-0.19327788,0,0,0,0,0
258,53541,-0.45349367,0.99771332,-0.53171732,0.00935698,0.16660675,-0.18255710,0,0,0,0,0
259,53750,-0.52718680,0.99084002,-0.47730097,-0.00446876,0.16721440,-0.15271523,0,0,0,0,0
260,53958,-0.56679924,0.99233750,-0.41339093,-0.00219841,0.17141376,-0.14961020,0,0,0,0,0
261,54166,-0.63396465,0.98350737,-0.35456072,-0.02071415,0.17060110,-0.16209610,0,0,0,0,0
262,54375,-0.67387804,0.97520716,-0.29233451,-0.02587142,0.17540103,-0.13519978,0,0,0,0,0
263,54583,-0.73071916,0.96822097,-0.22555551,-0.03938949,0.20231279,-0.12190309,0,0,0,0,0
264,54791,-0.76501876,0.92811332,-0.16982746,-0.06090221,0.19729285,-0.11128364,0,0,0,0,0
265,55000,-0.81295847,0.90593650,-0.10026006,-0.05511305,0.18250476,-0.09341836,0,0,0,0,0
266,55208,-0.84558229,0.89953846,-0.02574341,-0.07894533,0.19752487,-0.09156650,0,0,0,0,0
267,55416,-0.88436860,0.85043679,0.02611228,-0.08997077,0.19286603,-0.07578216,0,0,0,0,0
268,55625,-0.91717108,0.80811630,0.10225336,-0.09816731,0.19177325,-0.08162192,0,0,0,0,0
269,55833,-0.93188660,0.78179153,0.15312426,-0.10506383,0.20544852,-0.08165476,0,0,0,0,0
270,56041,-0.95655993,0.73651654,0.22006453,-0.14132393,0.20514304,-0.07037544,0,0,0,0,0
271,56250,-0.96697486,0.68183555,0.27960468,-0.13435904,0.21988726,-0.06619270,0,0,0,0,0
272,56458,-0.98494302,0.63272124,0.34865429,-0.16347156,0.19760593,-0.03580167,0,0,0,0,0
273,56666,-1.00873758,0.57798554,0.40887727,-0.16400014,0.19793610,-0.03594810,0,0,0,0,0
274,56875,-1.00808638,0.53508050,0.46116826,-0.16319744,0.19821390,-0.01616234,0,0,0,0,0
275,57083,-0.99758116,0.47986232,0.52268958,-0.18280951,0.19662834,-0.00951018,0,0,0,0,0
276,57291,-0.99334089,0.41317609,0.57812955,-0.20438202,0.16444954,0.00832630,0,0,0,0,0
277,57500,-0.98813076,0.35849888,0.61146469,-0.20350780,0.17126627,0.00871869,0,0,0,0,0
278,57708,-0.97011625,0.30062405,0.67551597,-0.21551561,0.16491804,0.03728362,0,0,0,0,0
279,57916,-0.96125440,0.23852973,0.71507104,-0.21860124,0.15816479,0.05679644,0,0,0,0,0
280,58125,-0.94614089,0.17154388,0.76583457,-0.21583459,0.12689334,0.03990593,0,0,0,0,0
281,58333,-0.91900131,0.10497091,0.80672072,-0.20867594,0.10901710,0.08292852,0,0,0,0,0
282,58541,-0.89040015,0.04446346,0.84237937,-0.21855341,0.12722808,0.11256904,0,0,0,0,0
283,58750,-0.85538009,-0.02490171,0.88797979,-0.20928461,0.10717901,0.11891457,0,0,0,0,0
284,58958,-0.82006336,-0.08450925,0.90820169,-0.20819429,0.08401622,0.12347045,0,0,0,0,0
285,59166,-0.77531139,-0.15943292,0.93249162,-0.20456269,0.06737936,0.13879128,0,0,0,0,0
286,59375,-0.72696309,-0.21725597,0.96180368,-0.20099010,0.04595140,0.14444083,0,0,0,0,0
287,59583,-0.68369327,-0.29392915,0.97205563,-0.19512413,0.03327527,0.16264600,0,0,0,0,0
288,59791,-0.63544111,-0.34229668,0.98702375,-0.18108295,0.00703908,0.18260142,0,0,0,0,0
289,60000,-0.58661426,-0.41173518,0.99532170,-0.16934726,-0.00779138,0.17677077,0,0,0,0,0
290,60208,-0.52560586,-0.46548917,1.00622233,-0.15307864,-0.03695352,0.17709478,0,0,0,0,0
291,60416,-0.46338099,-0.52526944,1.00456085,-0.15205779,-0.01436000,0.20208046,0,0,0,0,0
292,60625,-0.40375680,-0.59034828,0.99942889,-0.15179151,-0.03730135,0.18712489,0,0,0,0,0
293,60833,-0.35027963,-0.62956543,0.99087465,-0.13304488,-0.04225530,0.17627726,0,0,0,0,0
294,61041,-0.28844009,-0.68854055,0.98106562,-0.12596269,-0.06356045,0.17447338,0,0,0,0,0
295,61250,-0.23085507,-0.73175753,0.96500454,-0.13415133,-0.04762962,0.20568914,0,0,0,0,0
296,61458,-0.16818408,-0.77923219,0.94940684,-0.15523469,-0.07748203,0.19757561,0,0,0,0,0
297,61666,-0.09748142,-0.81764201,0.91943339,-0.10521831,-0.06532908,0.19015733,0,0,0,0,0
298,61875,-0.03175891,-0.84760244,0.88299119,-0.11056635,-0.08454605,0.19414226,0,0,0,0,0
299,62083,0.02333033,-0.86950176,0.85267894,-0.09079276,-0.09281553,0.19762201,0,0,0,0,0
300,62291,0.09217700,-0.90624731,0.81150486,-0.09711673,-0.11342053,0.19013130,0,0,0,0,0
301,62500,0.14262718,-0.93436111,0.77890169,-0.05303870,-0.10354695,0.20554681,0,0,0,0,0
302,62708,0.21953278,-0.95212869,0.73514178,-0.05591828,-0.12082839,0.20061895,0,0,0,0,0
303,62916,0.28194414,-0.96827139,0.67184383,-0.03485616,-0.12446472,0.18944316,0,0,0,0,0
304,63125,0.34425889,-0.96995742,0.63714695,-0.03897491,-0.16150202,0.18945266,0,0,0,0,0
305,63333,0.41450068,-0.98930703,0.58373086,-0.03312958,-0.16815397,0.17130566,0,0,0,0,0
306,63541,0.46030114,-0.98805104,0.52661097,-0.01530100,-0.17703173,0.17877114,0,0,0,0,0
307,63750,0.51391044,-0.99130378,0.47553885,0.00774703,-0.17902678,0.16822508,0,0,0,0,0
308,63958,0.57900895,-0.99365875,0.41312149,0.01860044,-0.16688361,0.15161119,0,0,0,0,0
309,64166,0.63199616,-0.99226287,0.35248025,0.01795721,-0.19094105,0.15144015,0,0,0,0,0
310,64375,0.67164432,-0.97372877,0.29034138,0.03197641,-0.19146366,0.13204438,0,0,0,0,0
311,64583,0.72308840,-0.95413451,0.22021636,0.03758384,-0.18978332,0.12966859,0,0,0,0,0
312,64791,0.76643565,-0.93810018,0.16175081,0.05436300,-0.19170114,0.11678792,0,0,0,0,0
313,65000,0.81082320,-0.90842943,0.10867223,0.05724224,-0.19353650,0.09667721,0,0,0,0,0
314,65208,0.84935664,-0.88159830,0.03864132,0.07106054,-0.19560978,0.09065967,0,0,0,0,0
315,65416,0.88991495,-0.85760695,-0.03354424,0.08746462,-0.18270131,0.08103635,0,0,0,0,0
316,65625,0.90622347,-0.81655818,-0.10247852,0.08632958,-0.19352275,0.08444515,0,0,0,0,0
317,65833,0.92910956,-0.78503143,-0.16433795,0.12820082,-0.18516887,0.06539229,0,0,0,0,0
318,66041,0.95228380,-0.72992329,-0.22479877,0.12253048,-0.18610979,0.07894409,0,0,0,0,0
319,66250,0.96937782,-0.68685635,-0.28484607,0.13161455,-0.19337859,0.05660870,0,0,0,0,0
320,66458,0.98688181,-0.64859194,-0.34142988,0.16171402,-0.19229336,0.05091073,0,0,0,0,0
321,66666,1.00021800,-0.58235994,-0.40085461,0.16250892,-0.17095648,0.03679172,0,0,0,0,0
322,66875,1.00080796,-0.53237651,-0.46730088,0.19076215,-0.19459463,0.01067310,0,0,0,0,0
323,67083,1.00167071,-0.48832128,-0.52587185,0.17552793,-0.18186074,0.01341128,0,0,0,0,0
324,67291,1.00276914,-0.40999720,-0.57556243,0.19425041,-0.17511945,-0.00553316,0,0,0,0,0
325,67500,0.99249906,-0.36228534,-0.61711568,0.21063431,-0.17204651,-0.00327145,0,0,0,0,0
326,67708,0.97988372,-0.29260373,-0.67540243,0.19504227,-0.17317137,-0.03993820,0,0,0,0,0
327,67916,0.96639886,-0.22860155,-0.72620792,0.22894779,-0.15300235,-0.03901664,0,0,0,0,0
328,68125,0.93606549,-0.16712718,-0.76186847,0.21602562,-0.13822611,-0.06042474,0,0,0,0,0
329,68333,0.91242859,-0.10086874,-0.80505431,0.20665228,-0.13411838,-0.07336124,0,0,0,0,0
330,68541,0.88205945,-0.04636079,-0.84870452,0.20933335,-0.10291696,-0.08645399,0,0,0,0,0
331,68750,0.85869892,0.02421955,-0.88473544,0.20233850,-0.07699929,-0.14034271,0,0,0,0,0
332,68958,0.81665052,0.09150797,-0.91700900,0.20015296,-0.09756471,-0.11325297,0,0,0,0,0
333,69166,0.77779386,0.14291734,-0.93368582,0.20179671,-0.04761894,-0.13107927,0,0,0,0,0
334,69375,0.73484876,0.22304420,-0.95439627,0.18188397,-0.04404825,-0.13717757,0,0,0,0,0
335,69583,0.68102206,0.29442594,-0.97698523,0.17354820,-0.01759775,-0.15963854,0,0,0,0,0
336,69791,0.63952784,0.36364214,-0.99244824,0.19155802,-0.00890587,-0.17497610,0,0,0,0,0
337,70000,0.58306627,0.40916915,-1.00293281,0.16624928,-0.00876119,-0.17623826,0,0,0,0,0
338,70208,0.52743238,0.47364133,-1.00680320,0.16362226,0.01678799,-0.16657508,0,0,0,0,0
339,70416,0.47344146,0.52823820,-0.99986765,0.16740750,0.03928909,-0.17488917,0,0,0,0,0
340,70625,0.40759941,0.58638450,-1.00444090,0.14534678,0.03088387,-0.19267263,0,0,0,0,0
341,70833,0.35194954,0.63756848,-1.00229689,0.15806584,0.03996203,-0.18719328,0,0,0,0,0
342,71041,0.28500731,0.68749688,-0.97351247,0.15775248,0.04513462,-0.20600009,0,0,0,0,0
343,71250,0.22434533,0.73300674,-0.95557297,0.13815651,0.05776360,-0.18790016,0,0,0,0,0
344,71458,0.16338864,0.77193394,-0.94023010,0.11889611,0.07197197,-0.19873144,0,0,0,0,0
345,71666,0.10523869,0.81147750,-0.90910003,0.09752247,0.08366262,-0.19851894,0,0,0,0,0
346,71875,0.03428774,0.84235367,-0.89258894,0.10135702,0.09453587,-0.19614529,0,0,0,0,0
347,72083,-0.01930580,0.87461804,-0.85082759,0.08027318,0.09844894,-0.19764612,0,0,0,0,0
348,72291,-0.08685779,0.91337518,-0.81370914,0.08700712,0.10287840,-0.20606887,0,0,0,0,0
349,72500,-0.15339533,0.93532213,-0.77184674,0.07250351,0.11568724,-0.18450272,0,0,0,0,0
350,72708,-0.22001670,0.94710236,-0.72555024,0.05477014,0.12645480,-0.18243722,0,0,0,0,0
351,72916,-0.28438132,0.96992904,-0.67730999,0.03733196,0.12665207,-0.19400067,0,0,0,0,0
352,73125,-0.33543444,0.97575549,-0.63947286,0.03456715,0.15026982,-0.17689882,0,0,0,0,0
353,73333,-0.40734982,0.99725786,-0.58482489,-0.00327433,0.16278848,-0.17690456,0,0,0,0,0
354,73541,-0.46933338,0.98913439,-0.53569238,-0.01185798,0.15552612,-0.18321758,0,0,0,0,0
355,73750,-0.52556899,0.98882973,-0.48322701,0.00246374,0.16248076,-0.15516295,0,0,0,0,0
356,73958,-0.58306234,0.99134195,-0.41330278,-0.00919439,0.18646034,-0.14306528,0,0,0,0,0
357,74166,-0.63462893,0.98144955,-0.36078717,-0.00956698,0.15701633,-0.13672992,0,0,0,0,0
358,74375,-0.68574597,0.96452531,-0.29038705,-0.03399474,0.19372667,-0.14105842,0,0,0,0,0
359,74583,-0.71985302,0.95796440,-0.22927941,-0.04465171,0.20698799,-0.11948101,0,0,0,0,0
360,74791,-0.77185328,0.92707467,-0.16319307,-0.05473302,0.17985103,-0.11431543,0,0,0,0,0
361,75000,-0.80744421,0.90893427,-0.09889465,-0.04924592,0.18918246,-0.09652395,0,0,0,0,0
362,75208,-0.84612979,0.88089960,-0.03821691,-0.08440781,0.18642729,-0.11346708,0,0,0,0,0
363,75416,-0.88043552,0.84878611,0.02716649,-0.09425394,0.21232620,-0.09894674,0,0,0,0,0
364,75625,-0.90168861,0.82344646,0.09112555,-0.09161677,0.20207761,-0.07845316,0,0,0,0,0
365,75833,-0.93046103,0.77840662,0.15933522,-0.10753991,0.19372378,-0.08683145,0,0,0,0,0
366,76041,-0.94918867,0.72765175,0.22055933,-0.12430194,0.19480128,-0.07618279,0,0,0,0,0
367,76250,-0.96684299,0.68485977,0.28809215,-0.12746815,0.19737153,-0.05077897,0,0,0,0,0
368,76458,-0.98210868,0.63678298,0.34845047,-0.14910481,0.20000525,-0.06905885,0,0,0,0,0
369,76666,-0.99638266,0.58212747,0.39895995,-0.16101413,0.20906441,-0.04785337,0,0,0,0,0
370,76875,-1.00235394,0.52318002,0.46517235,-0.18572411,0.19613521,-0.01737944,0,0,0,0,0
371,77083,-0.99949198,0.48337151,0.51864354,-0.18702126,0.20013137,-0.02855344,0,0,0,0,0
372,77291,-0.99671922,0.41417051,0.56818407,-0.19287101,0.17698548,0.00157368,0,0,0,0,0
373,77500,-0.98926395,0.36100435,0.62436206,-0.20597001,0.16902053,0.02867673,0,0,0,0,0
374,77708,-0.98431032,0.29153455,0.67453347,-0.20358537,0.14146224,0.02284865,0,0,0,0,0
375,77916,-0.95971636,0.23613982,0.72454546,-0.21047009,0.14295946,0.05699651,0,0,0,0,0
376,78125,-0.93622348,0.16076068,0.76731009,-0.20325133,0.14799960,0.06625348,0,0,0,0,0
377,78333,-0.92199185,0.10881192,0.80618913,-0.20946890,0.13696445,0.08185524,0,0,0,0,0
378,78541,-0.88834226,0.04579282,0.84759090,-0.21375267,0.11501996,0.10205530,0,0,0,0,0
379,78750,-0.85710736,-0.02300417,0.87117169,-0.21331828,0.09022464,0.10116295,0,0,0,0,0
380,78958,-0.81992130,-0.10042785,0.91117436,-0.20786083,0.08112751,0.13682872,0,0,0,0,0
381,79166,-0.77055588,-0.15345106,0.94294738,-0.19426749,0.07356200,0.14387960,0,0,0,0,0
382,79375,-0.72749479,-0.21514481,0.95516346,-0.19386359,0.03984239,0.16854909,0,0,0,0,0
383,79583,-0.68813940,-0.28399556,0.97001831,-0.18520502,0.02381884,0.17190830,0,0,0,0,0
384,79791,-0.63231553,-0.35065700,0.98150371,-0.17505189,0.00767822,0.18557441,0,0,0,0,0
385,80000,-0.57900362,-0.41405587,0.99817889,-0.19013370,0.01052897,0.19633879,0,0,0,0,0
386,80208,-0.53151771,-0.46814394,1.00045807,-0.15638211,-0.01206806,0.17607209,0,0,0,0,0
387,80416,-0.46340036,-0.53662042,1.00501633,-0.15638431,-0.02878042,0.20327795,0,0,0,0,0
388,80625,-0.40435086,-0.57497067,1.00449032,-0.15177697,-0.02574799,0.17783432,0,0,0,0,0
389,80833,-0.36157030,-0.63838588,0.98793792,-0.17039950,-0.03648426,0.17804867,0,0,0,0,0
390,81041,-0.28913632,-0.68188360,0.97584742,-0.13961357,-0.03797065,0.19761497,0,0,0,0,0
391,81250,-0.23106578,-0.73164382,0.96357063,-0.14365180,-0.04217032,0.19592318,0,0,0,0,0
392,81458,-0.17250968,-0.77522633,0.93703241,-0.13267266,-0.06705819,0.20414424,0,0,0,0,0
393,81666,-0.09856883,-0.81952683,0.91630013,-0.11627710,-0.07424994,0.20285372,0,0,0,0,0
394,81875,-0.03971222,-0.85302248,0.88655889,-0.10189452,-0.07405723,0.20659516,0,0,0,0,0
395,82083,0.01785966,-0.87502178,0.85506553,-0.07253820,-0.10688883,0.19962042,0,0,0,0,0
396,82291,0.09270174,-0.90817369,0.81152412,-0.06947120,-0.10060665,0.19693685,0,0,0,0,0
397,82500,0.16239251,-0.93611369,0.77178484,-0.07638781,-0.12219477,0.19869031,0,0,0,0,0
398,82708,0.21886962,-0.95859577,0.72369480,-0.05918106,-0.12980906,0.19184010,0,0,0,0,0
399,82916,0.28159289,-0.96614961,0.68140218,-0.03954349,-0.11761602,0.19108276,0,0,0,0,0
400,83125,0.35235141,-0.98056209,0.63049708,-0.02582997,-0.15415041,0.17300843,0,0,0,0,0
401,83333,0.40674710,-0.99957547,0.58383009,-0.03100044,-0.15001562,0.19313897,0,0,0,0,0
402,83541,0.46533067,-0.99428068,0.53214643,-0.02013300,-0.17949973,0.16080084,0,0,0,0,0
403,83750,0.51691470,-0.99644355,0.48162481,0.01742426,-0.18596700,0.16909979,0,0,0,0,0
404,83958,0.56971394,-0.98609555,0.41416923,0.02463291,-0.18110526,0.14485264,0,0,0,0,0
405,84166,0.63604698,-0.98207231,0.35257036,0.03226375,-0.18341444,0.13178963,0,0,0,0,0
406,84375,0.67790513,-0.97285880,0.28248912,0.03608017,-0.18421459,0.12039535,0,0,0,0,0
407,84583,0.72727992,-0.94583588,0.23190048,0.05326844,-0.18147192,0.11513724,0,0,0,0,0
408,84791,0.77479431,-0.94157475,0.16440541,0.05255060,-0.19613732,0.12359242,0,0,0,0,0
409,85000,0.80299829,-0.91288405,0.10176837,0.06157116,-0.19384736,0.11734403,0,0,0,0,0
410,85208,0.83508215,-0.88924962,0.04749167,0.04781685,-0.16828666,0.09611658,0,0,0,0,0
411,85416,0.88286494,-0.84762808,-0.03847843,0.08682211,-0.19555657,0.07632669,0,0,0,0,0
412,85625,0.90140095,-0.81496160,-0.09769995,0.09574101,-0.20074597,0.06992699,0,0,0,0,0
413,85833,0.93356687,-0.78093276,-0.15170085,0.12459973,-0.19835411,0.08797012,0,0,0,0,0
414,86041,0.94469020,-0.74549908,-0.21818604,0.12457595,-0.21265913,0.07595377,0,0,0,0,0
415,86250,0.96494236,-0.68672643,-0.29389333,0.14929377,-0.20941547,0.05977112,0,0,0,0,0
416,86458,0.97881517,-0.63282888,-0.35197540,0.15749113,-0.18785072,0.05455204,0,0,0,0,0
417,86666,0.99277092,-0.59368915,-0.41014526,0.16401225,-0.18732280,0.02531075,0,0,0,0,0
418,86875,1.00459808,-0.53709463,-0.46759799,0.18538158,-0.19104881,0.02085152,0,0,0,0,0
419,87083,1.00978172,-0.47624107,-0.52936035,0.19330167,-0.17426170,-0.00472952,0,0,0,0,0
420,87291,1.00146007,-0.41244921,-0.56999987,0.18170048,-0.16835010,0.00481694,0,0,0,0,0
421,87500,0.99425771,-0.36256857,-0.62674722,0.22185064,-0.16932492,-0.02987541,0,0,0,0,0
422,87708,0.97766071,-0.30121479,-0.67914985,0.19144572,-0.16671695,-0.03636255,0,0,0,0,0
423,87916,0.95699617,-0.23200930,-0.71777946,0.20762503,-0.15932208,-0.03164654,0,0,0,0,0
424,88125,0.94416414,-0.17427531,-0.76531020,0.22557671,-0.15071360,-0.07187009,0,0,0,0,0
425,88333,0.91508014,-0.11611466,-0.80844519,0.22162022,-0.12045670,-0.06668707,0,0,0,0,0
426,88541,0.89632288,-0.04329009,-0.84603568,0.20650672,-0.11935682,-0.09643503,0,0,0,0,0
427,88750,0.85452318,0.03386183,-0.87979617,0.20753751,-0.10512757,-0.10566887,0,0,0,0,0
428,88958,0.81289519,0.09027689,-0.90803379,0.20151055,-0.08767328,-0.12488458,0,0,0,0,0
429,89166,0.78059708,0.15400373,-0.93759502,0.17262980,-0.05224833,-0.12605536,0,0,0,0,0
430,89375,0.72064907,0.22999994,-0.95484931,0.21564228,-0.05028539,-0.15774353,0,0,0,0,0
431,89583,0.68919688,0.27701291,-0.98641677,0.20441055,-0.03643643,-0.16956575,0,0,0,0,0
432,89791,0.63906808,0.35713137,-0.99119554,0.16887886,0.01337833,-0.17707347,0,0,0,0,0
433,90000,0.58825353,0.40974564,-1.00868425,0.15967792,-0.00371674,-0.17178997,0,0,0,0,0
434,90208,0.52516872,0.46977460,-1.00739112,0.15128412,-0.00328330,-0.17758919,0,0,0,0,0
435,90416,0.47499323,0.53165874,-1.00704844,0.15269323,0.03473470,-0.17993070,0,0,0,0,0
436,90625,0.40165060,0.58669467,-1.00799910,0.16106353,0.04390909,-0.16131474,0,0,0,0,0
437,90833,0.34293228,0.62810881,-0.99243921,0.14471209,0.05249369,-0.21350820,0,0,0,0,0
438,91041,0.29763480,0.69286194,-0.97998539,0.13895718,0.05627624,-0.19582216,0,0,0,0,0
439,91250,0.22514369,0.73808319,-0.95846706,0.12357852,0.07602836,-0.19354736,0,0,0,0,0
440,91458,0.17011647,0.78906568,-0.93417157,0.13268017,0.07654015,-0.20348774,0,0,0,0,0
441,91666,0.09699347,0.82028552,-0.92561404,0.11245097,0.07802466,-0.21847576,0,0,0,0,0
442,91875,0.03361277,0.84485775,-0.88952747,0.10049619,0.08836302,-0.19613453,0,0,0,0,0
443,92083,-0.03326457,0.87705923,-0.85000305,0.08017313,0.09171571,-0.17842412,0,0,0,0,0
444,92291,-0.09480352,0.91080484,-0.82592005,0.08387321,0.09621766,-0.19329825,0,0,0,0,0
445,92500,-0.15779605,0.93311552,-0.77434470,0.04189012,0.09712748,-0.18885661,0,0,0,0,0
446,92708,-0.22101513,0.95364226,-0.73216330,0.04992668,0.13755445,-0.18646464,0,0,0,0,0
447,92916,-0.27919630,0.96901417,-0.69373772,0.04211285,0.12369524,-0.19045091,0,0,0,0,0
448,93125,-0.33685801,0.97837293,-0.63234203,0.02613044,0.15942656,-0.18298315,0,0,0,0,0
449,93333,-0.40776713,0.98847672,-0.58250977,0.00608588,0.16091834,-0.16643768,0,0,0,0,0
450,93541,-0.46022097,0.99922607,-0.51818135,-0.00626612,0.17404535,-0.16193946,0,0,0,0,0
451,93750,-0.52281296,1.00053189,-0.47718053,0.00397819,0.15658213,-0.16668445,0,0,0,0,0
452,93958,-0.57805521,0.99068250,-0.41719977,-0.02259046,0.18960699,-0.16214531,0,0,0,0,0
453,94166,-0.63096159,0.98195747,-0.34747744,-0.03502057,0.17880987,-0.14723895,0,0,0,0,0
454,94375,-0.67444211,0.97476322,-0.29793197,-0.03464613,0.16399922,-0.13538143,0,0,0,0,0
455,94583,-0.73157748,0.96164101,-0.23708718,-0.03726738,0.18019742,-0.12719311,0,0,0,0,0
456,94791,-0.77354061,0.93050663,-0.16926716,-0.05315237,0.21583392,-0.10400404,0,0,0,0,0
457,95000,-0.80745338,0.92172886,-0.09871489,-0.05375097,0.19771181,-0.10052603,0,0,0,0,0
458,95208,-0.84544452,0.88732526,-0.03649512,-0.06852783,0.18183624,-0.08686030,0,0,0,0,0
459,95416,-0.87039007,0.84501667,0.03634628,-0.08423733,0.19332796,-0.08307909,0,0,0,0,0
460,95625,-0.90452816,0.81076902,0.10029340,-0.09643088,0.19914157,-0.07545020,0,0,0,0,0
461,95833,-0.92822948,0.77659047,0.15833799,-0.11641752,0.19549151,-0.08092294,0,0,0,0,0
462,96041,-0.95927246,0.73430096,0.22293090,-0.12130738,0.19754388,-0.07493584,0,0,0,0,0
463,96250,-0.96705124,0.68358470,0.28081409,-0.13341739,0.21959157,-0.04817024,0,0,0,0,0
464,96458,-0.97969352,0.63592588,0.33981502,-0.16110136,0.20710101,-0.04421984,0,0,0,0,0
465,96666,-1.00210378,0.58497639,0.40465623,-0.16680788,0.19837368,-0.03104478,0,0,0,0,0
466,96875,-1.00144881,0.53087289,0.46270839,-0.16605475,0.19390789,-0.02735851,0,0,0,0,0
467,97083,-1.00711742,0.48793881,0.52040744,-0.21094845,0.20032486,-0.00339907,0,0,0,0,0
468,97291,-1.00275209,0.42005339,0.57072414,-0.20011523,0.17717587,0.00135489,0,0,0,0,0
469,97500,-0.99665926,0.36232624,0.62004470,-0.21308037,0.17022380,0.02937764,0,0,0,0,0
470,97708,-0.97492184,0.30005402,0.66869858,-0.19718118,0.15023086,0.01494102,0,0,0,0,0
471,97916,-0.96803821,0.23810510,0.72003262,-0.19605507,0.14453289,0.04308599,0,0,0,0,0
472,98125,-0.93503608,0.16961333,0.76830623,-0.19792264,0.13999661,0.06073221,0,0,0,0,0
473,98333,-0.91920180,0.10128505,0.80205781,-0.23213652,0.12250545,0.06666013,0,0,0,0,0
474,98541,-0.88639015,0.04019755,0.84011416,-0.22063175,0.10783188,0.07727322,0,0,0,0,0
475,98750,-0.84651019,-0.02839962,0.87652271,-0.21377420,0.08964205,0.11347923,0,0,0,0,0
476,98958,-0.81872887,-0.08494106,0.90721511,-0.19766958,0.08210154,0.14410192,0,0,0,0,0
477,99166,-0.77155784,-0.15507985,0.94004670,-0.19733774,0.04572380,0.14397046,0,0,0,0,0
478,99375,-0.73448356,-0.22469545,0.95379264,-0.17017966,0.06001217,0.16014966,0,0,0,0,0
479,99583,-0.68841309,-0.28552472,0.97977181,-0.18871135,0.01771973,0.17672126,0,0,0,0,0
480,99791,-0.63968483,-0.34704817,0.99179713,-0.18044555,0.01205121,0.17880370,0,0,0,0,0
481,100000,-0.57483607,-0.40757154,1.00025644,-0.17555137,0.00026998,0.18495828,0,0,0,0,0
482,100208,-0.52738759,-0.46247603,0.99936034,-0.16453149,-0.00499920,0.17539118,0,0,0,0,0
483,100416,-0.46406939,-0.52379782,1.00761537,-0.17419250,-0.02550082,0.17642245,0,0,0,0,0
484,100625,-0.39862089,-0.56287289,1.00275570,-0.13457773,-0.04991053,0.19784740,0,0,0,0,0
485,100833,-0.32743152,-0.60586063,0.98497478,-0.14355872,-0.04586630,0.18975430,0,0,0,0,0
486,101041,-0.25888850,-0.62358182,0.96600768,-0.14958169,-0.03286402,0.19680614,0,0,0,0,0
487,101250,-0.19740585,-0.64280643,0.94165843,-0.12765160,-0.08433192,0.19677634,0,0,0,0,0
488,101458,-0.13233040,-0.65496290,0.93122445,-0.12852037,-0.07799011,0.19107596,0,0,0,0,0
489,101666,-0.08278548,-0.62975377,0.88645390,-0.12434806,-0.06143909,0.20007943,0,0,0,0,0
490,101875,-0.02951380,-0.63016570,0.86460803,-0.11394812,-0.08615960,0.20539248,0,0,0,0,0
491,102083,0.02624146,-0.60552605,0.83016062,-0.11282590,-0.11311698,0.19448956,0,0,0,0,0
492,102291,0.05647764,-0.57859430,0.78857402,-0.10991612,-0.10922214,0.19469259,0,0,0,0,0
493,102500,0.08989690,-0.53511065,0.73803694,-0.07392764,-0.12655010,0.20290219,0,0,0,0,0
494,102708,0.10709262,-0.49827456,0.69804069,-0.07957079,-0.15752709,0.17647567,0,0,0,0,0
495,102916,0.13188160,-0.44750657,0.65825053,-0.05388865,-0.18236755,0.17464506,0,0,0,0,0
496,103125,0.14332196,-0.41206603,0.59999909,-0.06040189,-0.23346627,0.16038406,0,0,0,0,0
497,103333,0.15285060,-0.35659621,0.53806497,-0.02230539,-0.23636877,0.16045701,0,0,0,0,0
498,103541,0.15348422,-0.31603601,0.49067116,-0.00775765,-0.27167703,0.16123105,0,0,0,0,0
499,103750,0.13915537,-0.26397514,0.44832986,0.01321404,-0.30772484,0.16371094,0,0,0,0,0
500,103958,0.13685973,-0.23364634,0.38607416,0.03585910,-0.35142960,0.14924048,0,0,0,0,0
501,104166,0.12799330,-0.19705846,0.32612896,0.04902959,-0.38189747,0.13202096,0,0,0,0,0
502,104375,0.12037871,-0.17036974,0.26918633,0.09847230,-0.40765827,0.11568614,0,0,0,0,0
503,104583,0.12059820,-0.15349126,0.21620952,0.12019755,-0.45156564,0.11771219,0,0,0,0,0
504,104791,0.12488450,-0.14840024,0.15002598,0.14416043,-0.48344165,0.11456497,0,0,0,0,0
505,105000,0.12085027,-0.13559344,0.08530917,0.20385332,-0.51976186,0.09270248,0,0,0,0,0
506,105208,0.12742877,-0.12965346,0.02326244,0.24413665,-0.55406152,0.07675935,0,0,0,0,0
507,105416,0.12969884,-0.13364288,-0.03777680,0.28674017,-0.56853626,0.09669784,0,0,0,0,0
508,105625,0.13347999,-0.11725526,-0.08746401,0.34170659,-0.60503433,0.07090144,0,0,0,0,0
509,105833,0.13158077,-0.11972103,-0.14196858,0.40938967,-0.60803701,0.06270852,0,0,0,0,0
510,106041,0.14639364,-0.11107506,-0.20484909,0.42773825,-0.62852299,0.05861234,0,0,0,0,0
511,106250,0.14800104,-0.10550228,-0.25762072,0.48526919,-0.65472392,0.04478604,0,0,0,0,0
512,106458,0.14083947,-0.09894672,-0.31742475,0.55753444,-0.66390892,0.04201554,0,0,0,0,0
513,106666,0.14945994,-0.08836081,-0.37968754,0.59335863,-0.66489850,0.00813138,0,0,0,0,0
514,106875,0.13898353,-0.08513227,-0.42094268,0.64829340,-0.67872710,0.03164791,0,0,0,0,0
515,107083,0.15167100,-0.07180154,-0.46568592,0.70279887,-0.66027215,-0.00054996,0,0,0,0,0
516,107291,0.14872150,-0.06576701,-0.52926215,0.74742194,-0.65964630,-0.00924489,0,0,0,0,0
517,107500,0.14867123,-0.05576735,-0.57178595,0.80588693,-0.66712598,-0.01734190,0,0,0,0,0
518,107708,0.13433898,-0.05254386,-0.61149258,0.85580676,-0.65579045,-0.01900130,0,0,0,0,0
519,107916,0.13981211,-0.03303505,-0.66319372,0.89020613,-0.61329556,-0.03521942,0,0,0,0,0
520,108125,0.13960035,-0.02725639,-0.71086731,0.93192502,-0.59118029,-0.04307268,0,0,0,0,0
521,108333,0.13884598,-0.01641302,-0.74140485,0.96342231,-0.56547847,-0.04576692,0,0,0,0,0
522,108541,0.13394657,-0.00515382,-0.77847969,0.96701070,-0.51470229,-0.08497507,0,0,0,0,0
523,108750,0.12456190,0.00010368,-0.80629251,1.00410150,-0.48990650,-0.07766179,0,0,0,0,0
524,108958,0.12606575,-0.00018505,-0.84077560,1.02251771,-0.43739660,-0.06844890,0,0,0,0,0
525,109166,0.11962046,0.02364500,-0.86688922,1.03870265,-0.37901397,-0.08594440,0,0,0,0,0
526,109375,0.11540316,0.03348584,-0.88360403,1.07031515,-0.32588682,-0.09810010,0,0,0,0,0
527,109583,0.10194898,0.04778690,-0.89666200,1.07279690,-0.27442459,-0.08292146,0,0,0,0,0
528,109791,0.09819201,0.06290785,-0.90192301,1.08486690,-0.18733023,-0.09126740,0,0,0,0,0
529,110000,0.08469233,0.06298836,-0.92037611,1.06724106,-0.11830718,-0.10386231,0,0,0,0,0
530,110208,0.07657596,0.06718646,-0.91545287,1.04222967,-0.05205047,-0.10460627,0,0,0,0,0
531,110416,0.06990236,0.07893921,-0.92033449,1.05299648,0.04472063,-0.12631244,0,0,0,0,0
532,110625,0.05718808,0.09396368,-0.93441020,1.01291867,0.12669494,-0.10033257,0,0,0,0,0
533,110833,0.05051681,0.09835734,-0.91341590,0.96890712,0.18580218,-0.09860995,0,0,0,0,0
534,111041,0.04133740,0.09527186,-0.90183610,0.92736971,0.28279377,-0.10320314,0,0,0,0,0
535,111250,0.02975929,0.11028315,-0.89009611,0.89632758,0.35766627,-0.10934915,0,0,0,0,0
536,111458,0.02278953,0.12358174,-0.87052534,0.85561300,0.45406873,-0.11428151,0,0,0,0,0
537,111666,0.00999119,0.12302331,-0.84479552,0.78686528,0.54226932,-0.09995715,0,0,0,0,0
538,111875,0.00582755,0.13031756,-0.80860829,0.73283491,0.62808643,-0.10054766,0,0,0,0,0
539,112083,0.00166129,0.13568183,-0.78294379,0.65965465,0.70996891,-0.10640122,0,0,0,0,0
540,112291,-0.01164242,0.14733079,-0.73743805,0.56597976,0.80846666,-0.10395133,0,0,0,0,0
541,112500,-0.01854171,0.13697191,-0.70647014,0.49915635,0.87087646,-0.09597962,0,0,0,0,0
542,112708,-0.02916370,0.14087075,-0.67362705,0.40643488,0.96953242,-0.08372938,0,0,0,0,0
543,112916,-0.04772814,0.14065602,-0.63362134,0.33787633,1.03792384,-0.07831531,0,0,0,0,0
544,113125,-0.05272590,0.14848492,-0.58065547,0.22171151,1.10348005,-0.09381563,0,0,0,0,0
545,113333,-0.06313970,0.15737318,-0.54642475,0.14333225,1.18001535,-0.11295625,0,0,0,0,0
546,113541,-0.07418944,0.14393668,-0.48624624,0.05306504,1.22864626,-0.08842286,0,0,0,0,0
547,113750,-0.08325493,0.14866051,-0.42796931,-0.03675312,1.27142768,-0.07564932,0,0,0,0,0
548,113958,-0.09162418,0.14668124,-0.38146615,-0.12455649,1.32358787,-0.07178894,0,0,0,0,0
549,114166,-0.10094660,0.15125753,-0.32744494,-0.22853274,1.36031915,-0.08861797,0,0,0,0,0
550,114375,-0.10058412,0.14645430,-0.27549614,-0.31535917,1.42536152,-0.05788769,0,0,0,0,0
551,114583,-0.10836576,0.14529395,-0.21199952,-0.43831005,1.43633885,-0.05871210,0,0,0,0,0
552,114791,-0.11086462,0.14441767,-0.14646920,-0.52563226,1.45299887,-0.05345302,0,0,0,0,0
553,115000,-0.12095391,0.13954714,-0.08708530,-0.60769825,1.47373355,-0.05843137,0,0,0,0,0
554,115208,-0.12061880,0.12405465,-0.01768124,-0.68605998,1.49220863,-0.06739586,0,0,0,0,0
555,115416,-0.12503333,0.13235378,0.02450985,-0.78481159,1.50812521,-0.04511656,0,0,0,0,0
556,115625,-0.13665586,0.12116540,0.08908122,-0.87305875,1.48457223,-0.04275602,0,0,0,0,0
557,115833,-0.15003101,0.11178565,0.14835478,-0.92234905,1.45602226,-0.02972971,0,0,0,0,0
558,116041,-0.14427444,0.10757413,0.20779080,-1.00297952,1.43996137,-0.02352559,0,0,0,0,0
559,116250,-0.15129976,0.09729133,0.26302532,-1.09175553,1.41389447,-0.02754789,0,0,0,0,0
560,116458,-0.14310207,0.08939935,0.31440129,-1.13978691,1.39381294,-0.00458503,0,0,0,0,0
561,116666,-0.15522721,0.08852308,0.37238972,-1.19595467,1.36235863,-0.00593371,0,0,0,0,0
562,116875,-0.14800678,0.08515661,0.42511805,-1.26899214,1.30523388,-0.01348899,0,0,0,0,0
563,117083,-0.15267643,0.07216136,0.47322326,-1.31188708,1.27545054,0.00343922,0,0,0,0,0
564,117291,-0.16104496,0.06633639,0.51948621,-1.33380628,1.21656364,0.00956503,0,0,0,0,0
565,117500,-0.15489213,0.04484747,0.57876480,-1.38373008,1.16135728,0.01412251,0,0,0,0,0
566,117708,-0.13901019,0.04143073,0.61393042,-1.40708948,1.10039747,0.04490729,0,0,0,0,0
567,117916,-0.14112006,0.04145930,0.65472986,-1.46194762,1.01792453,0.02826109,0,0,0,0,0
568,118125,-0.15354271,0.02265551,0.70498703,-1.47377883,0.95520617,0.02493894,0,0,0,0,0
569,118333,-0.13657294,0.01989837,0.73552692,-1.49150541,0.87490840,0.04098227,0,0,0,0,0
570,118541,-0.13352757,0.00049012,0.77753881,-1.48136822,0.79766661,0.05445425,0,0,0,0,0
571,118750,-0.13472364,-0.00647957,0.80818100,-1.48726157,0.69831700,0.05073843,0,0,0,0,0
572,118958,-0.12044495,-0.02192451,0.84343419,-1.46071563,0.62772281,0.04899571,0,0,0,0,0
573,119166,-0.12215236,-0.01673170,0.86033768,-1.45940932,0.52990550,0.06211825,0,0,0,0,0
574,119375,-0.10849650,-0.03208673,0.89292661,-1.44989510,0.42579874,0.06220964,0,0,0,0,0
575,119583,-0.10399879,-0.04655617,0.89862700,-1.41903522,0.34872565,0.06695779,0,0,0,0,0
576,119791,-0.08238919,-0.04340972,0.90939535,-1.38780643,0.23796076,0.08227478,0,0,0,0,0
577,120000,-0.08899876,-0.06211287,0.91782184,-1.35926039,0.15085281,0.08552154,0,0,0,0,0
578,120208,-0.07075188,-0.06950967,0.92139575,-1.30802406,0.03825377,0.07719626,0,0,0,0,0
579,120416,-0.07313931,-0.08272053,0.92902957,-1.27646096,-0.05516839,0.08053584,0,0,0,0,0
580,120625,-0.06130060,-0.07642971,0.91588098,-1.20896087,-0.15796463,0.09754139,0,0,0,0,0
581,120833,-0.04554919,-0.09196205,0.91095501,-1.16054322,-0.22014737,0.08008720,0,0,0,0,0
582,121041,-0.05382954,-0.10070290,0.90369045,-1.09300714,-0.31827975,0.08074872,0,0,0,0,0
583,121250,-0.03331114,-0.11341909,0.88117867,-1.01382793,-0.42027123,0.08890677,0,0,0,0,0
584,121458,-0.02109112,-0.11732739,0.87227617,-0.93770619,-0.51911427,0.08005036,0,0,0,0,0
585,121666,-0.01250621,-0.12686951,0.83789420,-0.87723851,-0.60684639,0.09095071,0,0,0,0,0
586,121875,-0.00759367,-0.13020923,0.80896139,-0.76933036,-0.68044145,0.08264923,0,0,0,0,0
587,122083,-0.00192730,-0.12843538,0.78034738,-0.70114029,-0.76685328,0.09335143,0,0,0,0,0
588,122291,0.01335664,-0.13583911,0.76224799,-0.61292742,-0.84511304,0.09052139,0,0,0,0,0
589,122500,0.02046184,-0.14102306,0.71357483,-0.54069325,-0.93999429,0.09603005,0,0,0,0,0
590,122708,0.03379083,-0.14977889,0.68518098,-0.42963839,-1.00198155,0.08017083,0,0,0,0,0
591,122916,0.03860738,-0.13407818,0.62193715,-0.34453969,-1.07004439,0.09835083,0,0,0,0,0
592,123125,0.04797278,-0.13531991,0.58629260,-0.25000356,-1.17278648,0.08848613,0,0,0,0,0
593,123333,0.05594707,-0.15510446,0.54009567,-0.14387071,-1.19802407,0.08483481,0,0,0,0,0
594,123541,0.07445516,-0.14255819,0.48808858,-0.02947147,-1.24357937,0.07968892,0,0,0,0,0
595,123750,0.07653326,-0.15591848,0.43212489,0.04227622,-1.32137369,0.10541530,0,0,0,0,0
596,123958,0.09407402,-0.14986039,0.38557267,0.12689595,-1.35813492,0.07493761,0,0,0,0,0
597,124166,0.09233344,-0.15167657,0.32693777,0.23351553,-1.39725174,0.07586012,0,0,0,0,0
598,124375,0.10207955,-0.15495945,0.26044910,0.31596782,-1.40721294,0.07923216,0,0,0,0,0
599,124583,0.11239702,-0.14076444,0.20555170,0.42922560,-1.43340813,0.06617194,0,0,0,0,0
600,124791,0.12029470,-0.14384102,0.15838514,0.53324466,-1.45877360,0.05667916,0,0,0,0,0
601,125000,0.12620335,-0.13223306,0.09297902,0.61193190,-1.47837771,0.03573985,0,0,0,0,0
602,125208,0.12837947,-0.13139134,0.02961816,0.68821768,-1.49350499,0.04756927,0,0,0,0,0
603,125416,0.12728497,-0.13545054,-0.02602222,0.76990173,-1.48424580,0.04892264,0,0,0,0,0
604,125624,0.12673724,-0.12507272,-0.08672128,0.86993172,-1.47131320,0.04816048,0,0,0,0,0
605,125833,0.14596563,-0.11556584,-0.14510925,0.94906510,-1.47286603,0.03055494,0,0,0,0,0
606,126041,0.13755095,-0.11251091,-0.19831994,1.00781179,-1.42559039,0.03785006,0,0,0,0,0
607,126250,0.14081527,-0.11073821,-0.26799908,1.10099488,-1.42933744,0.01908518,0,0,0,0,0
608,126458,0.14707317,-0.09404678,-0.31350093,1.12354724,-1.39569586,0.04499384,0,0,0,0,0
609,126666,0.15050803,-0.08933992,-0.37197518,1.21555361,-1.35762878,-0.00953861,0,0,0,0,0
610,126874,0.14821233,-0.09793464,-0.42541469,1.26242055,-1.30241337,0.01260290,0,0,0,0,0
611,127083,0.15616778,-0.07020474,-0.47290133,1.30921004,-1.26852706,-0.00011248,0,0,0,0,0
612,127291,0.14986392,-0.05699794,-0.51759834,1.34859495,-1.22782985,-0.00679920,0,0,0,0,0
613,127500,0.15240432,-0.04576158,-0.56883771,1.39183510,-1.13697785,-0.00302057,0,0,0,0,0
614,127708,0.15513744,-0.04876057,-0.62751776,1.42356120,-1.08149709,-0.02228501,0,0,0,0,0
615,127916,0.13672209,-0.03717195,-0.66980868,1.43548081,-1.01395024,-0.02048001,0,0,0,0,0
616,128124,0.14035296,-0.02174989,-0.69982843,1.46373628,-0.93881013,-0.04259354,0,0,0,0,0
617,128333,0.13504353,-0.01174681,-0.73548732,1.48844889,-0.86662371,-0.03946720,0,0,0,0,0
618,128541,0.13627764,-0.00964146,-0.77747890,1.48915232,-0.79687828,-0.04703802,0,0,0,0,0
619,128750,0.13142993,-0.00114506,-0.80938589,1.50229531,-0.70310858,-0.03567271,0,0,0,0,0
620,128958,0.12525368,0.01543587,-0.83601649,1.46641803,-0.61013614,-0.04292156,0,0,0,0,0
621,129166,0.11225794,0.03175558,-0.86116423,1.46887580,-0.53073468,-0.05163264,0,0,0,0,0
622,129374,0.11036350,0.03837773,-0.87906374,1.44544554,-0.43897291,-0.06556605,0,0,0,0,0
623,129583,0.09383920,0.04290083,-0.90157011,1.43016635,-0.33666467,-0.07144939,0,0,0,0,0
624,129791,0.10176580,0.04981229,-0.90936383,1.38490408,-0.25799881,-0.08012761,0,0,0,0,0
625,130000,0.08923384,0.05609133,-0.91832955,1.36760308,-0.15897402,-0.07927990,1,0,1,0,0
626,130208,0.07914453,0.07884965,-0.92915351,1.30054812,-0.05794748,-0.07266877,1,0,1,0,0
627,130416,0.07609414,0.08296247,-0.92347987,1.26165503,0.07123461,-0.06396288,1,0,1,0,0
628,130624,0.05371710,0.09043120,-0.92354243,1.20885011,0.13312177,-0.07629048,1,0,1,0,0
629,130833,0.04984000,0.10302577,-0.90436619,1.15328399,0.23436221,-0.08290226,1,0,1,0,0
630,131041,0.04080401,0.09976976,-0.89799952,1.11225916,0.34261984,-0.11145963,1,0,1,0,0
631,131250,0.03712038,0.10610564,-0.88611410,1.03970731,0.41511325,-0.08082525,1,0,1,0,0
632,131458,0.01925931,0.10987055,-0.86584807,0.95118978,0.50923671,-0.08614639,1,0,1,0,0
633,131666,0.01672187,0.12842824,-0.83989220,0.86004423,0.61637671,-0.08575279,1,0,1,0,0
634,131875,0.01053004,0.12325213,-0.80694599,0.78583180,0.68746260,-0.09224786,1,0,1,0,0
635,132083,-0.00606942,0.13579938,-0.78054850,0.71112746,0.76459568,-0.09493682,1,0,1,0,0
636,132291,-0.01166667,0.13038983,-0.75096885,0.62085291,0.86649183,-0.10289784,1,0,1,0,0
637,132500,-0.02254564,0.14064544,-0.71503430,0.53035170,0.94305214,-0.10069062,1,0,1,0,0
638,132708,-0.03197119,0.13991072,-0.67744915,0.42810538,1.01869660,-0.09437000,1,0,1,0,0
639,132916,-0.04146024,0.14439973,-0.63136208,0.34538640,1.06752911,-0.08529519,1,0,1,0,0
640,133125,-0.04976776,0.14565125,-0.58226006,0.25891305,1.13356193,-0.09297194,1,0,1,0,0
641,133333,-0.06035488,0.14294144,-0.53419347,0.14226304,1.18681503,-0.09554183,1,0,1,0,0
642,133541,-0.07059533,0.15295065,-0.48796192,0.06870166,1.25515854,-0.08236208,1,0,1,0,0
643,133750,-0.08208502,0.14535498,-0.43724085,-0.05191561,1.32480730,-0.07462808,1,0,1,0,0
644,133958,-0.08904356,0.14708579,-0.38839243,-0.14434451,1.33259322,-0.06651588,1,0,1,0,0
645,134166,-0.09660869,0.14615741,-0.32017690,-0.23602906,1.37874181,-0.07160936,1,0,1,0,0
646,134375,-0.10429845,0.15388198,-0.27411429,-0.32181374,1.42533056,-0.06647141,1,0,1,0,0
647,134583,-0.11821303,0.13760330,-0.21481182,-0.41488121,1.47904796,-0.07884036,1,0,1,0,0
648,134791,-0.10759013,0.13400666,-0.15433223,-0.52759945,1.46088635,-0.05731885,1,0,1,0,0
649,135000,-0.11943584,0.13751820,-0.09028417,-0.60231947,1.48014449,-0.05152587,1,0,1,0,0
650,135208,-0.12901457,0.12787419,-0.03052505,-0.69390347,1.48591845,-0.04917487,1,0,1,0,0
651,135416,-0.14016425,0.12685766,0.02885842,-0.77696507,1.49342907,-0.05484720,1,0,1,0,0
652,135625,-0.13208670,0.12592683,0.09548666,-0.86924937,1.44599921,-0.04587353,1,0,1,0,0
653,135833,-0.14061077,0.12255900,0.14536595,-0.93353386,1.45779310,-0.03609194,1,0,1,0,0
654,136041,-0.14279353,0.11107140,0.21748136,-1.00649599,1.45458619,-0.02894092,1,0,1,0,0
655,136250,-0.14088022,0.09836944,0.27127432,-1.09521026,1.40948661,-0.01293448,1,0,1,0,0
656,136458,-0.14345461,0.09291272,0.31861503,-1.12438356,1.39210041,-0.03009523,1,0,1,0,0
657,136666,-0.15235837,0.09222087,0.36535247,-1.20611039,1.34754695,0.01006198,1,0,1,0,0
658,136875,-0.15726354,0.08942965,0.43298148,-1.26038585,1.31072154,-0.01590982,1,0,1,0,0
659,137083,-0.15075033,0.07173742,0.46754039,-1.31388574,1.27372884,0.00676172,1,0,1,0,0
660,137291,-0.15050653,0.06362104,0.52927799,-1.34339400,1.21080480,0.01555167,1,0,1,0,0
661,137500,-0.15117566,0.04802134,0.57528226,-1.38148097,1.15612757,0.01820483,1,0,1,0,0
662,137708,-0.14676900,0.04352871,0.61653259,-1.40968736,1.09201013,0.01387256,1,0,1,0,0
663,137916,-0.14543751,0.02981137,0.66019780,-1.44087434,1.02156398,0.04213381,1,0,1,0,0
664,138125,-0.13348535,0.03109061,0.70193378,-1.47287337,0.96177073,0.03254922,1,0,1,0,0
665,138333,-0.13437683,0.01899072,0.74289501,-1.46347158,0.88409342,0.01885686,1,0,1,0,0
666,138541,-0.12982607,0.00659406,0.78137035,-1.50199056,0.78881495,0.03408460,1,0,1,0,0
667,138750,-0.12650862,-0.00631633,0.80766803,-1.48161571,0.70544714,0.04360969,1,0,1,0,0
668,138958,-0.12651615,-0.01673471,0.83640951,-1.48099400,0.60615799,0.07712603,1,0,1,0,0
669,139166,-0.11395617,-0.02297941,0.86878851,-1.48564180,0.52533468,0.05939839,1,0,1,0,0
670,139375,-0.10020372,-0.03246522,0.87707384,-1.44798199,0.44067538,0.07833468,1,0,1,0,0
671,139583,-0.10250762,-0.03907137,0.89630458,-1.42881869,0.34520181,0.05450312,1,0,1,0,0
672,139791,-0.10194479,-0.04778289,0.91355129,-1.37343065,0.25910646,0.07325092,1,0,1,0,0
673,140000,-0.08700237,-0.06574646,0.92208810,-1.36781564,0.15414769,0.08420082,1,0,1,1,0
674,140208,-0.08528813,-0.06907997,0.92608698,-1.31093770,0.05872934,0.06792707,1,0,1,1,0
675,140416,-0.07597025,-0.07991550,0.92101122,-1.25896290,-0.05252712,0.09400951,1,0,1,1,0
676,140625,-0.05942382,-0.09204244,0.91791295,-1.21580123,-0.13912318,0.06713094,1,0,1,1,0
677,140833,-0.04054804,-0.10069999,0.91579672,-1.14907974,-0.22838361,0.08377422,1,0,1,1,0
678,141041,-0.04215370,-0.10733560,0.89592113,-1.11086242,-0.35452770,0.10216194,1,0,1,1,0
679,141250,-0.03682781,-0.11500631,0.88935089,-1.02144009,-0.41873317,0.09681153,1,0,1,1,0
680,141458,-0.02632043,-0.11477094,0.86323410,-0.93229977,-0.50067183,0.06797336,1,0,1,1,0
681,141666,-0.01405062,-0.12866692,0.83802577,-0.86671928,-0.60097950,0.08478677,1,0,1,1,0
682,141875,0.00379300,-0.13067169,0.81285017,-0.81280509,-0.68705819,0.09596269,1,0,1,1,0
683,142083,0.01040469,-0.13479967,0.78365306,-0.71791365,-0.77351312,0.08429392,1,0,1,1,0
684,142291,0.00986836,-0.12701670,0.75044696,-0.63906241,-0.86112516,0.08095969,1,0,1,1,0
685,142500,0.02016373,-0.14001348,0.71250115,-0.55175285,-0.95008696,0.08898755,1,0,1,1,0
686,142708,0.01922896,-0.14202888,0.66262218,-0.43966728,-1.02707692,0.09361204,1,0,1,1,0
687,142916,0.03645953,-0.14893684,0.63594899,-0.32616470,-1.07356090,0.07147126,1,0,1,1,0
688,143125,0.05854572,-0.15198048,0.58012065,-0.24216285,-1.14304755,0.07382518,1,0,1,1,0
689,143333,0.06395008,-0.15169270,0.54218191,-0.15322248,-1.21524112,0.07902649,1,0,1,1,0
690,143541,0.07435700,-0.13641589,0.48795166,-0.06377543,-1.25435796,0.07202623,1,0,1,1,0
691,143750,0.07494588,-0.15351498,0.43415218,0.04920103,-1.31344855,0.08803545,1,0,1,1,0
692,143958,0.08055880,-0.15253303,0.37479092,0.13226972,-1.32966013,0.06861926,1,0,1,1,0
693,144166,0.08370292,-0.14921506,0.32449848,0.24115072,-1.40385364,0.07850127,1,0,1,1,0
694,144375,0.09935395,-0.14904620,0.25989629,0.34186847,-1.40742489,0.05680514,1,0,1,1,0
695,144583,0.11368093,-0.14300839,0.21828682,0.41448515,-1.44443226,0.07552605,1,0,1,1,0
696,144791,0.11638293,-0.13584756,0.15231862,0.51908136,-1.46428281,0.05473500,1,0,1,1,0
697,145000,0.12052037,-0.14273204,0.08802182,0.58894128,-1.47125342,0.05729040,1,0,1,1,0
698,145208,0.12556623,-0.12674040,0.03955884,0.70358851,-1.47487628,0.04212872,1,0,1,1,0
699,145416,0.13217082,-0.12888503,-0.02868560,0.79893968,-1.48975702,0.04459855,1,0,1,1,0
700,145625,0.14051096,-0.13246829,-0.08420566,0.86667677,-1.48198615,0.03878328,1,0,1,1,0
701,145833,0.14298070,-0.11857531,-0.13715950,0.93203689,-1.45536863,0.03518955,1,0,1,1,0
702,146041,0.13832209,-0.10798889,-0.21131954,1.00880748,-1.43379007,0.02274887,1,0,1,1,0
703,146250,0.14859547,-0.10998736,-0.25798896,1.08566851,-1.42705247,0.00276894,1,0,1,1,0
704,146458,0.15084528,-0.10146210,-0.31500294,1.14258410,-1.37723090,0.01245213,1,0,1,1,0
705,146666,0.15352301,-0.08469061,-0.36485721,1.20216839,-1.36215257,0.01260145,1,0,1,1,0
706,146875,0.14655539,-0.07490677,-0.43398913,1.25590863,-1.31343202,0.01829227,1,0,1,1,0
707,147083,0.14851799,-0.06784886,-0.47495057,1.31739047,-1.27822008,0.00901589,1,0,1,1,0
708,147291,0.14792259,-0.06336330,-0.52462592,1.34765553,-1.20279727,-0.03073641,1,0,1,1,0
709,147500,0.15155494,-0.05112955,-0.57461714,1.38510217,-1.16307147,-0.01615102,1,0,1,1,0
710,147708,0.14351720,-0.04746505,-0.62435785,1.43511068,-1.10938360,-0.02513995,1,0,1,1,0
711,147916,0.14743209,-0.03498847,-0.66898743,1.45573374,-1.01448077,-0.04031363,1,0,1,1,0
712,148125,0.14355216,-0.02426833,-0.69922593,1.46357556,-0.95609079,-0.03231557,1,0,1,1,0
713,148333,0.13816225,-0.00892411,-0.73665695,1.47297991,-0.86788828,-0.04546321,1,0,1,1,0
714,148541,0.13431121,-0.00298207,-0.78107800,1.48551452,-0.78772287,-0.03607147,1,0,1,1,0
715,148750,0.13238972,0.00555882,-0.80723233,1.49504870,-0.70133936,-0.05414498,1,0,1,1,0
716,148958,0.12027865,0.01763495,-0.83456138,1.48600590,-0.60569727,-0.06672149,1,0,1,1,0
717,149166,0.11240574,0.02326605,-0.85840550,1.46167461,-0.52596813,-0.05928701,1,0,1,1,0
718,149375,0.10874593,0.03393051,-0.88562270,1.43248861,-0.44320568,-0.06691553,1,0,1,1,0
719,149583,0.10902108,0.03535955,-0.89689986,1.43034018,-0.33097702,-0.07652999,1,0,1,1,0
720,149791,0.09884344,0.05263610,-0.91823736,1.40875900,-0.24737772,-0.07910743,1,0,1,1,0
721,150000,0.09263736,0.05796668,-0.92940809,1.36037059,-0.13926341,-0.11003932,1,0,1,1,0
722,150208,0.08838276,0.06606452,-0.92636310,1.31323695,-0.06898109,-0.07663887,1,0,1,1,0
723,150416,0.07542634,0.08227397,-0.92112708,1.25823482,0.02264342,-0.08241530,1,0,1,1,0
724,150625,0.05487069,0.08270814,-0.92938524,1.21916329,0.15968797,-0.07863559,1,0,1,1,0
725,150833,0.05266488,0.08367804,-0.91508368,1.15182158,0.23491848,-0.08998062,1,0,1,1,0
726,151041,0.04042639,0.11542982,-0.90219918,1.08260089,0.32548966,-0.09090506,1,0,1,1,0
727,151250,0.03887700,0.10138796,-0.88511386,1.02399015,0.41740198,-0.07578638,1,0,1,1,0
728,151458,0.02072034,0.11381402,-0.86656204,0.96302760,0.51380421,-0.08086275,1,0,1,1,0
729,151666,0.01920771,0.12048465,-0.83624161,0.88214595,0.59541310,-0.09201727,1,0,1,1,0
730,151875,0.00814520,0.12020287,-0.81204241,0.80077593,0.69175096,-0.09686459,1,0,1,1,0
731,152083,-0.00485058,0.13454150,-0.78401048,0.70802359,0.76966112,-0.10214999,1,0,1,1,0
732,152291,-0.01602618,0.14083057,-0.75427499,0.61924185,0.86791197,-0.08853377,1,0,1,1,0
733,152500,-0.02102991,0.13442999,-0.71742014,0.52191577,0.94898880,-0.09742054,1,0,1,1,0
734,152708,-0.03445075,0.14582872,-0.67013723,0.43848471,1.01246008,-0.08926900,1,0,1,1,0
735,152916,-0.04638239,0.14396226,-0.62281629,0.34284758,1.08580022,-0.07754179,1,0,1,1,0
736,153125,-0.05163428,0.15088573,-0.58021222,0.25129409,1.11658070,-0.07871282,1,0,1,1,0
737,153333,-0.05324834,0.15525676,-0.53453765,0.16094681,1.20905734,-0.08573508,1,0,1,1,0
738,153541,-0.06506144,0.15135181,-0.47904863,0.06515418,1.24754629,-0.08806418,1,0,1,1,0
739,153750,-0.07837178,0.14692020,-0.43778400,-0.04673877,1.31143014,-0.06532935,1,0,1,1,0
740,153958,-0.08611276,0.14275287,-0.37732019,-0.14157421,1.35804695,-0.08921913,1,0,1,1,0
741,154166,-0.09698371,0.14886564,-0.31932401,-0.21305340,1.38030518,-0.07130749,1,0,1,1,0
742,154375,-0.10074595,0.13913660,-0.26769080,-0.35503726,1.39588955,-0.05634608,1,0,1,1,0
743,154583,-0.10955001,0.13395244,-0.22025743,-0.42143567,1.44856228,-0.07186248,1,0,1,1,0
744,154791,-0.11967373,0.13612064,-0.15798225,-0.52278796,1.44392838,-0.04150338,1,0,1,1,0
745,155000,-0.12292633,0.13058602,-0.09233633,-0.59804624,1.48589604,-0.05005079,1,0,1,1,0
746,155208,-0.13561666,0.13534431,-0.02393591,-0.69434665,1.47943273,-0.04199923,1,0,1,1,0
747,155416,-0.12971396,0.12608751,0.02925830,-0.77701712,1.47761015,-0.03851263,1,0,1,1,0
748,155625,-0.13830133,0.13147950,0.08408963,-0.84527146,1.49812585,-0.03309380,1,0,1,1,0
749,155833,-0.14881947,0.11945078,0.15001433,-0.91802614,1.47058954,-0.04950285,1,0,1,1,0
750,156041,-0.15372499,0.10897562,0.21241411,-1.01047386,1.44356983,-0.01822967,1,0,1,1,0
751,156250,-0.13779034,0.11155777,0.26044797,-1.06843698,1.40167887,-0.00968431,1,0,1,1,0
752,156458,-0.14793819,0.09215041,0.31690385,-1.14638247,1.39763777,-0.02171371,1,0,1,1,0
753,156666,-0.15550127,0.09222276,0.37385904,-1.20599725,1.35527430,-0.00842984,1,0,1,1,0
754,156875,-0.14530983,0.08218247,0.42002638,-1.25112033,1.31833897,0.00580419,1,0,1,1,0
755,157083,-0.14675121,0.07170439,0.48075987,-1.31887210,1.26855996,-0.01215533,1,0,1,1,0
756,157291,-0.14885123,0.05950279,0.52074007,-1.34228972,1.21108593,0.01304108,1,0,1,1,0
757,157500,-0.15128528,0.05377997,0.57358753,-1.37674770,1.14695410,0.01822965,1,0,1,1,0
758,157708,-0.14575286,0.03875506,0.61983187,-1.42275297,1.09276439,0.03378398,1,0,1,1,0
759,157916,-0.14577344,0.03399305,0.66439384,-1.44184342,1.01901310,0.02409871,1,0,1,1,0
760,158125,-0.13229652,0.02015377,0.69629809,-1.46591072,0.94398434,0.03345750,1,0,1,1,0
761,158333,-0.14445434,0.01385667,0.74171926,-1.48172002,0.87799848,0.05003956,1,0,1,1,0
762,158541,-0.14219426,0.00624154,0.77906678,-1.48674607,0.79249231,0.02235526,1,0,1,1,0
763,158750,-0.12683204,-0.00516608,0.81062162,-1.48754432,0.70933165,0.04612714,1,0,1,1,0
764,158958,-0.12521872,-0.01431576,0.83871958,-1.48659623,0.60238838,0.05752085,1,0,1,1,0
765,159166,-0.11477094,-0.02819753,0.86577957,-1.45471672,0.52675392,0.04269164,1,0,1,1,0
766,159375,-0.10991639,-0.03277223,0.87265297,-1.46319604,0.43588666,0.07024693,1,0,1,1,0
767,159583,-0.10002360,-0.04607312,0.89807354,-1.43276589,0.35417132,0.11032327,1,0,1,1,0
768,159791,-0.10181473,-0.05146313,0.91451757,-1.39396418,0.23696342,0.06045615,1,0,1,1,0
769,160000,-0.08515934,-0.05792545,0.91793456,-1.33972135,0.15739359,0.06955375,1,0,1,1,0
770,160208,-0.07180749,-0.06179214,0.90889855,-1.30814103,0.06384265,0.06925890,1,0,1,1,0
771,160416,-0.06722617,-0.08136229,0.92754146,-1.27686662,-0.05330703,0.08161526,1,0,1,1,0
772,160625,-0.05874189,-0.08705745,0.91979027,-1.21743908,-0.13925007,0.07523704,1,0,1,1,0
773,160833,-0.04802683,-0.10118529,0.91800174,-1.13770976,-0.24066891,0.08060799,1,0,1,1,0
774,161041,-0.04046253,-0.09538226,0.90171109,-1.11181071,-0.32401691,0.09589984,1,0,1,1,0
775,161250,-0.03402126,-0.11097864,0.87410485,-1.01922596,-0.42623431,0.07099303,1,0,1,1,0
776,161458,-0.02227417,-0.12146270,0.86622255,-0.94880312,-0.50802759,0.09944311,1,0,1,1,0
777,161666,-0.01791655,-0.12370698,0.84678601,-0.88113756,-0.62113878,0.08691461,1,0,1,1,0
778,161875,-0.01295513,-0.12737485,0.81538886,-0.77446868,-0.69726478,0.09263645,1,0,1,1,0
779,162083,-0.00234890,-0.13171359,0.78760637,-0.69889518,-0.79077467,0.09447762,1,0,1,1,0
780,162291,0.01590272,-0.14653476,0.74772082,-0.60870225,-0.85352212,0.09646540,1,0,1,1,0
781,162500,0.03040303,-0.13923133,0.71286179,-0.51860813,-0.92346336,0.09467959,1,0,1,1,0
782,162708,0.02599724,-0.12978229,0.67216877,-0.42603346,-1.00880761,0.10821122,1,0,1,1,0
783,162916,0.04093609,-0.13947708,0.62263343,-0.33862144,-1.08185799,0.08373155,1,0,1,1,0
784,163125,0.04904416,-0.14074719,0.57378204,-0.24134395,-1.16855639,0.09422044,1,0,1,1,0
785,163333,0.06023289,-0.15249831,0.53663718,-0.15253296,-1.21718120,0.09154334,1,0,1,1,0
786,163541,0.07414878,-0.14193425,0.48312060,-0.04722391,-1.25247543,0.08295072,1,0,1,1,0
787,163750,0.08623656,-0.14408046,0.43633014,0.06030673,-1.30184766,0.06833010,1,0,1,1,0
788,163958,0.08859132,-0.14505032,0.37921440,0.14522403,-1.33459989,0.06597920,1,0,1,1,0
789,164166,0.09847784,-0.15091224,0.32820671,0.24182571,-1.39416670,0.05772198,1,0,1,1,0
790,164375,0.09394296,-0.14007324,0.26520895,0.32571080,-1.42341572,0.07279159,1,0,1,1,0
791,164583,0.10434594,-0.13857015,0.21674989,0.40935919,-1.44577295,0.06748477,1,0,1,1,0
792,164791,0.11994141,-0.13589220,0.14512714,0.52527991,-1.46977331,0.05518641,1,0,1,1,0
793,165000,0.12424341,-0.14041732,0.08706788,0.60716378,-1.48272586,0.05365222,1,0,1,1,0
794,165208,0.12772970,-0.13276605,0.03197604,0.67567858,-1.49062219,0.02640224,1,0,1,1,0
795,165416,0.12178283,-0.12953129,-0.03272871,0.77958484,-1.48867252,0.02752145,1,0,1,1,0
796,165625,0.13898916,-0.12070140,-0.09483849,0.85491512,-1.48574004,0.02394469,1,0,1,1,0
797,165833,0.14229973,-0.11696647,-0.15111183,0.92822488,-1.46038046,0.04181413,1,0,1,1,0
798,166041,0.14928782,-0.10506281,-0.20312030,1.01479230,-1.45483078,0.02553610,1,0,1,1,0
799,166250,0.14311935,-0.10052903,-0.26839274,1.09366394,-1.41490727,0.01717830,1,0,1,1,0
800,166458,0.14711449,-0.10050293,-0.32171101,1.14592230,-1.38982327,0.00876189,1,0,1,1,0
801,166666,0.14486672,-0.07780235,-0.37334334,1.19846837,-1.35236463,0.01164267,1,0,1,1,0
802,166875,0.14972617,-0.07806652,-0.42173083,1.24768755,-1.32285311,0.00076805,1,0,1,1,0
803,167083,0.15371291,-0.06917265,-0.48041497,1.30402896,-1.26800939,0.00279731,1,0,1,1,0
804,167291,0.15134998,-0.05970448,-0.51503004,1.35248511,-1.21692402,-0.00621994,1,0,1,1,0
805,167500,0.14512210,-0.05999457,-0.57401049,1.38460452,-1.15638157,-0.01970559,1,0,1,1,0
806,167708,0.14400081,-0.04630996,-0.61061220,1.41932469,-1.09701662,-0.02620418,1,0,1,1,0
807,167916,0.13878917,-0.02353569,-0.66447993,1.46154853,-1.02851929,-0.02750366,1,0,1,1,0
808,168125,0.14471967,-0.02726843,-0.69971693,1.45693173,-0.94808449,-0.01541019,1,0,1,1,0
809,168333,0.13432280,-0.01520352,-0.75049790,1.47771641,-0.85730051,-0.05291098,1,0,1,1,0
810,168541,0.13533998,-0.00604771,-0.78189579,1.49590708,-0.80617103,-0.03697263,1,0,1,1,0
811,168750,0.13012389,0.00855944,-0.80345434,1.47044731,-0.70958670,-0.04381585,1,0,1,1,0
812,168958,0.12863683,0.00467531,-0.84285003,1.45063877,-0.60689740,-0.04844903,1,0,1,1,0
813,169166,0.11101289,0.02410537,-0.86335685,1.47333742,-0.53302628,-0.05286328,1,0,1,1,0
814,169375,0.11891956,0.03255408,-0.87762261,1.46100728,-0.43350301,-0.08081037,1,0,1,1,0
815,169583,0.10808979,0.04386458,-0.89425065,1.44433259,-0.35492389,-0.06529790,1,0,1,1,0
816,169791,0.08648541,0.05116323,-0.91544713,1.39658219,-0.23333131,-0.07575411,1,0,1,1,0
817,170000,0.08771496,0.05401679,-0.92252318,1.36361379,-0.16450979,-0.07296951,1,0,1,1,0
818,170208,0.07364504,0.07513029,-0.91674567,1.30279700,-0.06916585,-0.07272933,1,0,1,1,0
819,170416,0.07132842,0.08011787,-0.92587438,1.26604831,0.04013153,-0.05802593,1,0,1,1,0
820,170625,0.06182722,0.08358978,-0.92791435,1.22851755,0.13876294,-0.08254661,1,0,1,1,0
821,170833,0.04791862,0.09634235,-0.90612469,1.15213592,0.23913613,-0.07270268,1,0,1,1,0
822,171041,0.04605446,0.09769831,-0.90178754,1.08832370,0.34053124,-0.09983293,1,0,1,1,0
823,171250,0.02203938,0.11538579,-0.88944367,1.00839619,0.41434789,-0.07548451,1,0,1,1,0
824,171458,0.01410428,0.12369283,-0.87239530,0.93168336,0.52386894,-0.08490529,1,0,1,1,0
825,171666,0.01172320,0.12018528,-0.82903819,0.87656267,0.60153343,-0.07830784,1,0,1,1,0
826,171875,0.00830759,0.12222201,-0.82440416,0.78697298,0.68982054,-0.10279699,1,0,1,1,0
827,172083,-0.00968366,0.13910852,-0.78293450,0.69427952,0.77460237,-0.08285023,1,0,1,1,0
828,172291,-0.00535672,0.13409728,-0.75109274,0.61899511,0.85864437,-0.10373983,1,0,1,1,0
829,172500,-0.02604844,0.13515709,-0.70647645,0.52913097,0.94512086,-0.09342599,1,0,1,1,0
830,172708,-0.03217048,0.13961141,-0.66548233,0.43420762,1.01544453,-0.07974950,1,0,1,1,0
831,172916,-0.05140783,0.14684499,-0.63023090,0.34710435,1.07494683,-0.09560502,1,0,1,1,0
832,173125,-0.05239303,0.15095763,-0.59476598,0.25296187,1.13752911,-0.09638204,1,0,1,1,0
833,173333,-0.05884470,0.14751994,-0.53934848,0.15158061,1.19799931,-0.10390053,1,0,1,1,0
834,173541,-0.06885000,0.15385579,-0.48774150,0.06570176,1.28069613,-0.08217307,1,0,1,1,0
835,173750,-0.07926626,0.14843267,-0.42661568,-0.05722345,1.29802194,-0.07683142,1,0,1,1,0
836,173958,-0.08767758,0.15163521,-0.38972015,-0.14846318,1.33504640,-0.07769946,1,0,1,1,0
837,174166,-0.09086003,0.15418272,-0.32272605,-0.22176983,1.38274759,-0.07265738,1,0,1,1,0
838,174375,-0.10271262,0.14033833,-0.28004525,-0.31841447,1.43552086,-0.06343973,1,0,1,1,0
839,174583,-0.11727757,0.14659861,-0.20633313,-0.41344186,1.45803109,-0.07141667,1,0,1,1,0
840,174791,-0.10897090,0.14230362,-0.15106587,-0.52108443,1.46058164,-0.05355954,1,0,1,1,0
841,175000,-0.11577811,0.14124820,-0.10086509,-0.59807104,1.48152676,-0.05021666,1,0,1,1,0
842,175208,-0.12032024,0.13019228,-0.02728528,-0.70118962,1.49251468,-0.05320973,1,0,1,1,0
843,175416,-0.12868266,0.13661686,0.02023408,-0.76946133,1.49789951,-0.05199876,1,0,1,1,0
844,175625,-0.13463128,0.12560221,0.08695277,-0.84140250,1.46677530,-0.02808900,1,0,1,1,0
845,175833,-0.14429044,0.11267669,0.15192610,-0.94850990,1.48500318,-0.03212903,1,0,1,1,0
846,176041,-0.14449064,0.10499259,0.20132032,-1.00713098,1.46641929,-0.02583209,1,0,1,1,0
847,176250,-0.14693187,0.09992026,0.26290667,-1.06834882,1.42071612,-0.02013904,1,0,1,1,0
848,176458,-0.14511159,0.09741847,0.30981411,-1.13679209,1.38337123,-0.01218256,1,0,1,1,0
849,176666,-0.14768115,0.08974841,0.38130373,-1.19439391,1.35348511,-0.01305086,1,0,1,1,0
850,176875,-0.15070594,0.07424635,0.42795561,-1.25308505,1.30930328,0.00837400,1,0,1,1,0
851,177083,-0.15276577,0.06488172,0.47829502,-1.29412814,1.26969538,0.00879406,1,0,1,1,0
852,177291,-0.14243537,0.06045491,0.52204219,-1.33721598,1.17732737,0.01036752,1,0,1,1,0
853,177500,-0.14734878,0.05893900,0.58022710,-1.39484748,1.13633114,-0.00326197,1,0,1,1,0
854,177708,-0.14777626,0.03778146,0.61862493,-1.40808609,1.09469562,0.01391829,1,0,1,1,0
855,177916,-0.15307853,0.04441606,0.66390723,-1.42848706,1.02174910,0.02237393,1,0,1,1,0
856,178125,-0.13593921,0.02222089,0.70312071,-1.45440982,0.96160054,0.03518180,1,0,1,1,0
857,178333,-0.13921149,0.01157243,0.74261428,-1.46705678,0.86158660,0.03339220,1,0,1,1,0
858,178541,-0.13825201,0.00487742,0.77053657,-1.48300904,0.77174198,0.04390699,1,0,1,1,0
859,178750,-0.13183547,0.00025210,0.81513236,-1.47859286,0.70463382,0.04411116,1,0,1,1,0
860,178958,-0.11804961,-0.02221574,0.83887810,-1.46316933,0.61307023,0.05622443,1,0,1,1,0
861,179166,-0.11540854,-0.01675728,0.85663269,-1.46047094,0.52284616,0.06678389,1,0,1,1,0
862,179375,-0.11308649,-0.02859271,0.88428627,-1.45401432,0.45033152,0.04756699,1,0,1,1,0
863,179583,-0.09761017,-0.04270931,0.90193752,-1.42988546,0.34077332,0.05614449,1,0,1,1,0
864,179791,-0.09518798,-0.05742661,0.89975727,-1.39851251,0.24960302,0.06162567,1,0,1,1,0
865,180000,-0.09151337,-0.06055172,0.92419924,-1.36258320,0.15214044,0.06347567,1,0,1,1,0
866,180208,-0.07520185,-0.07173858,0.92323406,-1.32575706,0.04994208,0.07856485,1,0,1,1,0
867,180416,-0.07315121,-0.07673079,0.92257278,-1.27440445,-0.05648491,0.09589380,1,0,1,1,0
868,180625,-0.05806012,-0.08423296,0.92036713,-1.22005370,-0.13211745,0.09627451,1,0,1,1,0
869,180833,-0.04911935,-0.09193177,0.91857835,-1.16514108,-0.23426443,0.07509505,1,0,1,1,0
870,181041,-0.03739870,-0.10847560,0.90112864,-1.08169225,-0.30240860,0.08372902,1,0,1,1,0
871,181250,-0.03329778,-0.11038948,0.89442784,-1.02986645,-0.42758708,0.07587660,1,0,1,1,0
872,181458,-0.02008735,-0.11772572,0.86214494,-0.95353367,-0.50552781,0.09916567,1,0,1,1,0
873,181666,-0.01423011,-0.12537305,0.83709882,-0.86454169,-0.63419753,0.09155638,1,0,1,1,0
874,181875,-0.00499211,-0.12529099,0.82014902,-0.79030381,-0.69801371,0.09325946,1,0,1,1,0
875,182083,0.00308523,-0.13448967,0.78076629,-0.70420153,-0.76787238,0.10277227,1,0,1,1,0
876,182291,0.00796065,-0.13612702,0.75400403,-0.60217787,-0.87113451,0.10717696,1,0,1,1,0
877,182500,0.02583756,-0.14365017,0.71083065,-0.53715647,-0.92273723,0.08609756,1,0,1,1,0
878,182708,0.03334143,-0.13844543,0.68239273,-0.44422561,-1.02099202,0.07406056,1,0,1,1,0
879,182916,0.04604014,-0.15468191,0.62568314,-0.33502442,-1.06893356,0.08513706,1,0,1,1,0
880,183125,0.06664342,-0.15302026,0.58200050,-0.24932463,-1.15080441,0.08252352,1,0,1,1,0
881,183333,0.06523397,-0.14224172,0.52873125,-0.15181769,-1.20679481,0.08989077,1,0,1,1,0
882,183541,0.06440035,-0.14059878,0.49852569,-0.03047996,-1.25736198,0.08969837,1,0,1,1,0
883,183750,0.08320291,-0.14867103,0.44054111,0.04576893,-1.31210530,0.07754101,1,0,1,1,0
884,183958,0.08346859,-0.14872733,0.38925560,0.12682584,-1.34186211,0.08128936,1,0,1,1,0
885,184166,0.09432258,-0.14048328,0.32995846,0.23482951,-1.37994242,0.07675408,1,0,1,1,0
886,184375,0.09857721,-0.14795584,0.27378168,0.32816441,-1.41389970,0.06496905,1,0,1,1,0
887,184583,0.10999041,-0.12788548,0.21928180,0.41970353,-1.44320259,0.05855306,1,0,1,1,0
888,184791,0.12145715,-0.13388896,0.15427981,0.53088559,-1.46920672,0.06798416,1,0,1,1,0
889,185000,0.12098585,-0.13411759,0.09794101,0.60997919,-1.49064635,0.04827786,1,0,1,1,0
890,185208,0.11702803,-0.13339999,0.03020308,0.68428952,-1.48234843,0.06599757,1,0,1,1,0
891,185416,0.13534283,-0.12552280,-0.03324165,0.77603356,-1.47329702,0.04771077,1,0,1,1,0
892,185625,0.13550069,-0.12802296,-0.08974074,0.87831942,-1.48380136,0.03481529,1,0,1,1,0
893,185833,0.12514615,-0.12242468,-0.14247770,0.93504457,-1.46506511,0.04886986,1,0,1,1,0
894,186041,0.14510889,-0.11178911,-0.20582004,1.02507530,-1.45589792,0.00609574,1,0,1,1,0
895,186250,0.14013043,-0.10123054,-0.27388856,1.06742852,-1.41876312,0.01235087,1,0,1,1,0
896,186458,0.14572252,-0.09726161,-0.31811709,1.15055171,-1.39262676,0.03092310,1,0,1,1,0
897,186666,0.14358395,-0.08686222,-0.36767995,1.19066304,-1.36871028,0.02111531,1,0,1,1,0
898,186875,0.15110138,-0.08184811,-0.43821906,1.26065057,-1.31320092,0.00867461,1,0,1,1,0
899,187083,0.16062585,-0.07617417,-0.47843584,1.31281755,-1.26032153,-0.01792459,1,0,1,1,0
900,187291,0.15187479,-0.05512533,-0.52754116,1.33861194,-1.21075092,-0.01020291,1,0,1,1,0
901,187500,0.15216310,-0.04507685,-0.57804842,1.39239282,-1.14801105,-0.00128886,1,0,1,1,0
902,187708,0.14788684,-0.04749380,-0.61727210,1.40399774,-1.08812145,-0.02284308,1,0,1,1,0
903,187916,0.13926899,-0.03170732,-0.66250444,1.44431115,-1.01832945,-0.02452676,1,0,1,1,0
904,188125,0.14403136,-0.02497878,-0.70297184,1.45840620,-0.94651724,-0.02894242,1,0,1,1,0
905,188333,0.13838189,-0.01896055,-0.74322478,1.48212900,-0.86778552,-0.04721933,1,0,1,1,0
906,188541,0.12538095,-0.01234000,-0.76920389,1.48616948,-0.79025906,-0.04624419,1,0,1,1,0
907,188750,0.12689313,0.00486731,-0.79885734,1.47277124,-0.69835117,-0.03468047,1,0,1,1,0
908,188958,0.12733708,0.01059233,-0.83859827,1.46408300,-0.63745630,-0.06809640,1,0,1,1,0
909,189166,0.12374429,0.02851653,-0.86571156,1.46306636,-0.51800870,-0.06347391,1,0,1,1,0
910,189375,0.11276140,0.03964016,-0.87779876,1.44782700,-0.42757285,-0.06215111,1,0,1,1,0
911,189583,0.09757950,0.04232479,-0.88685983,1.44157364,-0.35596861,-0.07387193,1,0,1,1,0
912,189791,0.09476137,0.05390396,-0.91109476,1.39683472,-0.23995262,-0.07769842,1,0,1,1,0
913,190000,0.08258393,0.06298022,-0.91970239,1.36047286,-0.14127395,-0.06361893,1,0,1,1,0
914,190208,0.07601883,0.07707343,-0.93422964,1.30764758,-0.05706412,-0.07519460,1,0,1,1,0
915,190416,0.07707570,0.08323512,-0.91726073,1.25553328,0.04521335,-0.06347508,1,0,1,1,0
916,190625,0.05992908,0.09738469,-0.92165016,1.21975166,0.13665959,-0.06308998,1,0,1,1,0
917,190833,0.05390328,0.09459332,-0.90259541,1.14605497,0.22836400,-0.09349698,1,0,1,1,0
918,191041,0.04135030,0.09663433,-0.89476895,1.09030440,0.34201661,-0.08374810,1,0,1,1,0
919,191250,0.02969253,0.10284554,-0.88674646,1.01797740,0.41757319,-0.08708185,1,0,1,1,0
920,191458,0.02429040,0.11925914,-0.86191236,0.95704425,0.50542882,-0.09578392,1,0,1,1,0
921,191666,0.01121749,0.11462998,-0.83710285,0.86193346,0.59369250,-0.09578603,1,0,1,1,0
922,191875,0.00965109,0.13507917,-0.82528251,0.78597904,0.69020891,-0.10320083,1,0,1,1,0
923,192083,0.00324987,0.12010531,-0.78430739,0.69434872,0.78427897,-0.08455992,1,0,1,1,0
924,192291,-0.00875740,0.13403184,-0.74965643,0.62584372,0.86903999,-0.10724789,1,0,1,1,0
925,192500,-0.02410972,0.13766818,-0.71938320,0.51664279,0.95373744,-0.09599457,1,0,1,1,0
926,192708,-0.03128908,0.13530712,-0.67895999,0.45070060,1.00887996,-0.09944062,1,0,1,1,0
927,192916,-0.03985696,0.14350281,-0.63147050,0.35420283,1.08927985,-0.07764460,1,0,1,1,0
928,193125,-0.05269719,0.14662470,-0.58519348,0.26391703,1.12992321,-0.09235071,1,0,1,1,0
929,193333,-0.06204444,0.14421068,-0.53615982,0.14305492,1.20295831,-0.08227248,1,0,1,1,0
930,193541,-0.06620503,0.15501391,-0.49179282,0.04303002,1.25958271,-0.09185390,1,0,1,1,0
931,193750,-0.07742764,0.15383197,-0.43967530,-0.04246621,1.29759933,-0.07771169,1,0,1,1,0
932,193958,-0.07545796,0.14442969,-0.37023114,-0.12915975,1.35548945,-0.05758662,1,0,1,1,0
933,194166,-0.09576707,0.15081773,-0.32842950,-0.24164803,1.38679399,-0.04243940,1,0,1,1,0
934,194375,-0.10658940,0.14670839,-0.26689596,-0.32065868,1.42228441,-0.07606975,1,0,1,1,0
935,194583,-0.10966523,0.13996263,-0.21284576,-0.41037975,1.43265427,-0.07111305,1,0,1,1,0
936,194791,-0.11923003,0.14753126,-0.15500296,-0.50845475,1.45944868,-0.06865754,1,0,1,1,0
937,195000,-0.12130592,0.13897294,-0.09451811,-0.61670538,1.48017103,-0.02826683,1,0,1,1,0
938,195208,-0.12624017,0.12169056,-0.03919398,-0.70440908,1.49529670,-0.05705961,1,0,1,1,0
939,195416,-0.13178739,0.11141950,0.02387201,-0.78613569,1.47747898,-0.05873298,1,0,1,1,0
940,195625,-0.13411119,0.12928045,0.08196929,-0.86141628,1.47279465,-0.05244819,1,0,1,1,0
941,195833,-0.14695628,0.10967852,0.15068511,-0.95782316,1.48758115,-0.01955611,1,0,1,1,0
942,196041,-0.13321433,0.11001793,0.21209932,-1.02461428,1.45538280,-0.00532505,1,0,1,1,0
943,196250,-0.14429396,0.10297260,0.26417166,-1.06917290,1.42425211,-0.01960810,1,0,1,1,0
944,196458,-0.14717450,0.10401383,0.31676245,-1.11645093,1.39332843,-0.02930541,1,0,1,1,0
945,196666,-0.14563271,0.09556745,0.38071348,-1.20636695,1.35274981,-0.00859547,1,0,1,1,0
946,196875,-0.15872458,0.07808064,0.43109957,-1.25157614,1.32260231,-0.01068512,1,0,1,1,0
947,197083,-0.15296248,0.07305943,0.47708193,-1.31355218,1.27162518,0.00084588,1,0,1,1,0
948,197291,-0.15119947,0.06392698,0.52887321,-1.34411584,1.21293671,-0.00678712,1,0,1,1,0
949,197500,-0.15156484,0.05132203,0.57735907,-1.39493199,1.14540501,0.01879126,1,0,1,1,0
950,197708,-0.14510692,0.04460726,0.61872121,-1.42101244,1.09101691,0.01970165,1,0,1,1,0
951,197916,-0.14802890,0.03211846,0.65950754,-1.44562220,1.03535469,0.02422179,1,0,1,1,0
952,198125,-0.13738658,0.02388244,0.69905417,-1.45738661,0.94982510,0.03802803,1,0,1,1,0
953,198333,-0.13228998,0.02165873,0.73453656,-1.47437994,0.85572665,0.03073418,1,0,1,1,0
954,198541,-0.13373908,0.00564240,0.78251228,-1.49074948,0.79517268,0.06258872,1,0,1,1,0
955,198750,-0.12640173,-0.00334116,0.80496358,-1.48334850,0.69538871,0.06298295,1,0,1,1,0
956,198958,-0.12885107,-0.01233809,0.83622004,-1.47474334,0.60674320,0.06143811,1,0,1,1,0
957,199166,-0.11970664,-0.02051722,0.86653483,-1.48017240,0.54340992,0.04880132,1,0,1,1,0
958,199375,-0.11784005,-0.03927276,0.88172183,-1.43724013,0.42286022,0.06370154,1,0,1,1,0
959,199583,-0.10449425,-0.03955122,0.91306090,-1.43876153,0.34616632,0.06574546,1,0,1,1,0
960,199791,-0.10401804,-0.05574592,0.91057031,-1.38662895,0.25335305,0.07823582,1,0,1,1,0
961,200000,-0.08618137,-0.06587142,0.92117716,-1.35020507,0.15557527,0.06593691,1,0,1,1,0
962,200208,-0.07574763,-0.06979731,0.92874935,-1.31108704,0.05942297,0.08168292,1,0,1,1,0
963,200416,-0.07231840,-0.07947470,0.92893888,-1.28330657,-0.04428786,0.08702707,1,0,1,1,0
964,200625,-0.05835276,-0.08869813,0.92520033,-1.22317782,-0.13892249,0.08206739,1,0,1,1,0
965,200833,-0.04782637,-0.09294473,0.91137990,-1.15398208,-0.23867870,0.06700677,1,0,1,1,0
966,201041,-0.03898370,-0.10269775,0.90331224,-1.07384603,-0.32030752,0.07405106,1,0,1,1,0
967,201250,-0.04344005,-0.11308921,0.88570232,-1.02408080,-0.42215818,0.09744668,1,0,1,1,0
968,201458,-0.02918221,-0.10924449,0.86509776,-0.93530856,-0.50570274,0.08968058,1,0,1,1,0
969,201666,-0.01745286,-0.12312085,0.84301381,-0.88367259,-0.59868918,0.12504815,1,0,1,1,0
970,201875,-0.00836634,-0.12851281,0.81275109,-0.79316647,-0.70762703,0.07366574,1,0,1,1,0
971,202083,0.01652885,-0.12815162,0.77548620,-0.71570907,-0.77071602,0.07643923,1,0,1,1,0
972,202291,0.00708205,-0.14921541,0.74691498,-0.61096772,-0.86631707,0.10695064,1,0,1,1,0
973,202500,0.02262709,-0.13815745,0.71289343,-0.51539491,-0.93448692,0.08495967,1,0,1,1,0
974,202708,0.02512123,-0.14559569,0.67400290,-0.44982510,-0.99371340,0.08822011,1,0,1,1,0
975,202916,0.04374313,-0.14023650,0.62705329,-0.34239777,-1.09885977,0.10430092,1,0,1,1,0
976,203125,0.05766611,-0.14267710,0.58151891,-0.22779738,-1.14357684,0.08952536,1,0,1,1,0
977,203333,0.05392155,-0.14617448,0.53414449,-0.16090750,-1.21269756,0.06873010,1,0,1,1,0
978,203541,0.07605950,-0.14490733,0.48813013,-0.05983635,-1.25878183,0.08577634,1,0,1,1,0
979,203750,0.07863059,-0.15468305,0.42909567,0.03626216,-1.30130471,0.08393179,1,0,1,1,0
980,203958,0.08432580,-0.15348047,0.38589424,0.12610963,-1.34789748,0.07777912,1,0,1,1,0
981,204166,0.08695988,-0.13306546,0.32635156,0.23207517,-1.38358137,0.07954486,1,0,1,1,0
982,204375,0.09873137,-0.14261073,0.26997081,0.31974968,-1.42986936,0.07453041,1,0,1,1,0
983,204583,0.11063521,-0.14261020,0.20943432,0.43429909,-1.42868024,0.05795500,1,0,1,1,0
984,204791,0.11581835,-0.13122572,0.15661320,0.52760262,-1.47343530,0.04803047,1,0,1,1,0
985,205000,0.12115227,-0.13200749,0.09342263,0.61129364,-1.48738098,0.05399516,1,0,1,1,0
986,205208,0.12713091,-0.13271447,0.02910736,0.69304071,-1.48501806,0.04507820,1,0,1,1,0
987,205416,0.13381008,-0.12790424,-0.02787964,0.78354926,-1.48153015,0.03515714,1,0,1,1,0
988,205625,0.13984497,-0.11477320,-0.08812836,0.85318322,-1.48377275,0.01969020,1,0,1,1,0
989,205833,0.13245317,-0.11291202,-0.15144810,0.94746422,-1.46708126,0.05092473,1,0,1,1,0
990,206041,0.14390671,-0.10687149,-0.20407188,1.00913483,-1.45629643,0.02668898,1,0,1,1,0
991,206250,0.14993267,-0.09848274,-0.26624349,1.09370286,-1.41332540,0.03606222,1,0,1,1,0
992,206458,0.15705072,-0.09809132,-0.31397695,1.14141729,-1.37430709,0.00890755,1,0,1,1,0
993,206666,0.15179459,-0.09454324,-0.36414772,1.20308125,-1.35137585,-0.00211805,1,0,1,1,0
994,206875,0.15290618,-0.08789369,-0.42967665,1.27263273,-1.31994674,0.00118467,1,0,1,1,0
995,207083,0.15136098,-0.06830047,-0.47324544,1.28600339,-1.26776933,-0.01473723,1,0,1,1,0
996,207291,0.14600949,-0.05902011,-0.52027285,1.35339505,-1.20766593,-0.00248312,1,0,1,1,0
997,207500,0.14583037,-0.05310179,-0.57920064,1.39545149,-1.19186938,-0.00494839,1,0,1,1,0
998,207708,0.14243537,-0.04931624,-0.61338366,1.40825814,-1.10294092,-0.00331904,1,0,1,1,0
999,207916,0.14592214,-0.04322766,-0.66133347,1.46988259,-1.04286293,-0.04289707,1,0,1,1,0
1000,208125,0.13939275,-0.02542384,-0.70214107,1.48712539,-0.94094814,-0.03163306,1,0,1,1,0
1001,208333,0.13696235,-0.00580863,-0.75339436,1.47993428,-0.85895897,-0.04242377,1,0,1,1,0
1002,208541,0.13702750,-0.01261029,-0.76597054,1.46708298,-0.77519646,-0.05613151,1,0,1,1,0
1003,208750,0.12146319,0.00163912,-0.80534022,1.48432316,-0.69655853,-0.05183637,1,0,1,1,0
1004,208958,0.12307672,0.00940858,-0.84536717,1.45916561,-0.61105612,-0.03800957,1,0,1,1,0
1005,209166,0.12605246,0.02433770,-0.86523751,1.47582026,-0.53796549,-0.05431259,1,0,1,1,0
1006,209375,0.09864076,0.03239998,-0.89332344,1.45891190,-0.44197390,-0.06177606,1,0,1,1,0
1007,209583,0.10143988,0.04140639,-0.89164398,1.44472339,-0.35328893,-0.07458204,1,0,1,1,0
1008,209791,0.09263590,0.05615027,-0.91648505,1.40436649,-0.24271395,-0.06503287,1,0,1,1,0
1009,210000,0.09448155,0.05937923,-0.91195347,1.37222116,-0.13459192,-0.07542941,1,0,1,1,0
1010,210208,0.08654981,0.06960345,-0.92333858,1.31024391,-0.04346305,-0.07778225,1,0,1,1,0
1011,210416,0.06798999,0.08371679,-0.93123916,1.28031385,0.04376136,-0.06779323,1,0,1,1,0
1012,210625,0.06627941,0.08986292,-0.91996794,1.20795610,0.14763688,-0.07883093,1,0,1,1,0
1013,210833,0.05247556,0.09743737,-0.91348229,1.16550111,0.25237989,-0.10303660,1,0,1,1,0
1014,211041,0.03998042,0.10044547,-0.89747697,1.09649687,0.33777404,-0.08713630,1,0,1,1,0
1015,211250,0.03523775,0.10407126,-0.87705531,1.03259357,0.41601501,-0.11140058,1,0,1,1,0
1016,211458,0.02366373,0.11665097,-0.86755632,0.94865070,0.50776813,-0.07370580,1,0,1,1,0
1017,211666,0.01293259,0.12289612,-0.84376895,0.85669443,0.60953415,-0.08905764,1,0,1,1,0
1018,211875,-0.00028587,0.12424445,-0.81054917,0.79145538,0.68336118,-0.08950731,1,0,1,1,0
1019,212083,-0.01009065,0.12884533,-0.79552094,0.71594861,0.77904701,-0.07999504,1,0,1,1,0
1020,212291,-0.01829067,0.13402381,-0.74757981,0.62746123,0.84998788,-0.08916122,1,0,1,1,0
1021,212500,-0.02709111,0.13981738,-0.71241613,0.51924905,0.93667720,-0.07672060,1,0,1,1,0
1022,212708,-0.03550678,0.15218257,-0.67671801,0.41880818,1.00608612,-0.08424607,1,0,1,1,0
1023,212916,-0.04446736,0.14677676,-0.62480857,0.34203210,1.08296879,-0.09481068,1,0,1,1,0
1024,213125,-0.05095505,0.14224399,-0.58415515,0.25110498,1.14860166,-0.08527036,1,0,1,1,0
1025,213333,-0.06017267,0.14504343,-0.54473651,0.15795266,1.19873463,-0.08006536,1,0,1,1,0
1026,213541,-0.06861611,0.15401471,-0.48743516,0.04691039,1.24090100,-0.07699618,1,0,1,1,0
1027,213750,-0.08073481,0.15196138,-0.44016341,-0.04367852,1.31931457,-0.07835844,1,0,1,1,0
1028,213958,-0.08723985,0.15184830,-0.38221187,-0.13881650,1.36867491,-0.08350940,1,0,1,1,0
1029,214166,-0.08987795,0.14871124,-0.32448020,-0.24497484,1.39228168,-0.05915425,1,0,1,1,0
1030,214375,-0.11385692,0.14848165,-0.27098293,-0.33457854,1.41796185,-0.08747683,1,0,1,1,0
1031,214583,-0.10599719,0.13644247,-0.21222797,-0.41279544,1.44706279,-0.06288718,1,0,1,1,0
1032,214791,-0.11384451,0.13483718,-0.15240224,-0.51516967,1.45997463,-0.04228528,1,0,1,1,0
1033,215000,-0.11870502,0.14146269,-0.08257101,-0.61649317,1.48596391,-0.04031644,1,0,1,1,0
1034,215208,-0.12426962,0.12504064,-0.03702230,-0.69492018,1.47944767,-0.04635556,1,0,1,1,0
1035,215416,-0.12692379,0.12604345,0.02653042,-0.78417408,1.47671777,-0.03843333,1,0,1,1,0
1036,215625,-0.13467349,0.11953581,0.08399225,-0.86354327,1.47720199,-0.03678249,1,0,1,1,0
1037,215833,-0.14692972,0.12331463,0.15508032,-0.93712121,1.45301618,-0.01563090,1,0,1,1,0
1038,216041,-0.14154868,0.10448507,0.19299946,-1.00750069,1.45344019,-0.01845596,1,0,1,1,0
1039,216250,-0.15135174,0.10948405,0.26872269,-1.07891956,1.44258758,-0.03067927,1,0,1,1,0
1040,216458,-0.14790438,0.09429811,0.32235535,-1.12878305,1.40160405,-0.01152254,1,0,1,1,0
1041,216666,-0.14671232,0.08566835,0.37368277,-1.20348163,1.35144699,-0.01427302,1,0,1,1,0
1042,216875,-0.15630879,0.08077524,0.42682439,-1.25602659,1.30852126,-0.00316390,1,0,1,1,0
1043,217083,-0.15809962,0.07493011,0.46804626,-1.31130721,1.28180280,0.00955661,1,0,1,1,0
1044,217291,-0.15668196,0.05442322,0.52471527,-1.34577613,1.21005932,0.00948094,1,0,1,1,0
1045,217500,-0.15321235,0.05170811,0.56710184,-1.37233442,1.15619910,0.02771855,1,0,1,1,0
1046,217708,-0.14481254,0.04297751,0.62875464,-1.42990471,1.08303692,0.01175442,1,0,1,1,0
1047,217916,-0.13940732,0.03396259,0.66041044,-1.43507959,1.01687336,0.02054266,1,0,1,1,0
1048,218125,-0.14494335,0.02130290,0.70503716,-1.46105225,0.93663335,0.04632943,1,0,1,1,0
1049,218333,-0.13858041,0.01349411,0.74354279,-1.48915879,0.87274058,0.01937303,1,0,1,1,0
1050,218541,-0.13295490,0.00732060,0.76662626,-1.49419195,0.80374499,0.04879335,1,0,1,1,0
1051,218750,-0.12544343,0.00042257,0.81058550,-1.49037890,0.70704396,0.06543232,1,0,1,1,0
1052,218958,-0.13544602,-0.02114987,0.83173856,-1.47528692,0.60642874,0.04288018,1,0,1,1,0
1053,219166,-0.11482437,-0.02019814,0.86669572,-1.46927864,0.53710286,0.04448955,1,0,1,1,0
1054,219375,-0.11356717,-0.03752166,0.87921818,-1.47042850,0.44402348,0.06399060,1,0,1,1,0
1055,219583,-0.10761241,-0.03385425,0.90481631,-1.41229893,0.33530152,0.06743118,1,0,1,1,0
1056,219791,-0.09703961,-0.05866563,0.89710933,-1.37322801,0.25487579,0.06354644,1,0,1,1,0
1057,220000,-0.09172704,-0.05995935,0.91632666,-1.36682997,0.17381894,0.07084235,1,0,1,1,0
1058,220208,-0.08294182,-0.06778802,0.92572430,-1.30910553,0.07524184,0.06903196,1,0,1,1,0
1059,220416,-0.07529628,-0.08252608,0.91741984,-1.27815981,-0.06207934,0.09606015,1,0,1,1,0
1060,220625,-0.05744334,-0.09832915,0.92228988,-1.20372200,-0.14862995,0.08340774,1,0,1,1,0
1061,220833,-0.05006582,-0.09410159,0.89951253,-1.15469687,-0.23387213,0.10466759,1,0,1,1,0
1062,221041,-0.04034584,-0.09781287,0.90161361,-1.07669750,-0.31276363,0.08005777,1,0,1,1,0
1063,221250,-0.03516864,-0.11718467,0.88262735,-1.00176141,-0.42532410,0.09713487,1,0,1,1,0
1064,221458,-0.02013066,-0.11270372,0.86665582,-0.96578228,-0.53423431,0.09672697,1,0,1,1,0
1065,221666,-0.02442446,-0.11563032,0.83899819,-0.87135029,-0.61269941,0.09379166,1,0,1,1,0
1066,221875,-0.00379491,-0.11896566,0.81484775,-0.78634566,-0.69446480,0.09309921,1,0,1,1,0
1067,222083,0.01273755,-0.13003792,0.78822310,-0.70322945,-0.78916245,0.09971465,1,0,1,1,0
1068,222291,0.01346311,-0.13701209,0.75211142,-0.61520946,-0.87167537,0.07851271,1,0,1,1,0
1069,222500,0.01911408,-0.14657743,0.71152726,-0.51947025,-0.93120619,0.10289781,1,0,1,1,0
1070,222708,0.02956769,-0.14170727,0.67552086,-0.43815776,-0.99926183,0.08020751,1,0,1,1,0
1071,222916,0.03673920,-0.14015399,0.64098481,-0.34934352,-1.08499364,0.09466206,1,0,1,1,0
1072,223125,0.06131145,-0.14317557,0.57878294,-0.25689057,-1.14921315,0.09692979,1,0,1,1,0
1073,223333,0.05779713,-0.14744675,0.53714550,-0.16931504,-1.20360325,0.08270227,1,0,1,1,0
1074,223541,0.06436056,-0.14719726,0.48265011,-0.05578397,-1.25542667,0.06913140,1,0,1,1,0
1075,223750,0.07981671,-0.14463107,0.43367402,0.04378965,-1.29614350,0.06768618,1,0,1,1,0
1076,223958,0.09370108,-0.14329688,0.38950985,0.14518847,-1.34241424,0.08962348,1,0,1,1,0
1077,224166,0.09970878,-0.14368883,0.33330361,0.25081500,-1.39818271,0.07973894,1,0,1,1,0
1078,224375,0.10220321,-0.14297705,0.27229298,0.32148728,-1.42081341,0.06963647,1,0,1,1,0
1079,224583,0.10829704,-0.13899557,0.20757721,0.43337943,-1.45074555,0.05924172,1,0,1,1,0
1080,224791,0.11309133,-0.14169497,0.14693356,0.51590795,-1.45744063,0.05645703,1,0,1,1,0
1081,225000,0.11887560,-0.13317964,0.09332200,0.61280910,-1.48221502,0.04363209,1,0,1,1,0
1082,225208,0.11937451,-0.13144004,0.02302968,0.68228350,-1.48019758,0.05368382,1,0,1,1,0
1083,225416,0.13823353,-0.12669021,-0.03248039,0.77846026,-1.47067873,0.03312903,1,0,1,1,0
1084,225625,0.13493927,-0.11868416,-0.08528035,0.86040499,-1.47795477,0.03550916,1,0,1,1,0
1085,225833,0.14453093,-0.12391088,-0.14494840,0.94941985,-1.45703940,0.03527281,1,0,1,1,0
1086,226041,0.14451532,-0.10179545,-0.19899656,1.00622498,-1.44918643,0.04427313,1,0,1,1,0
1087,226250,0.14674151,-0.10239567,-0.25687315,1.08940033,-1.42478685,0.00667107,1,0,1,1,0
1088,226458,0.15101659,-0.09137486,-0.31133078,1.14995516,-1.38239927,0.01846786,1,0,1,1,0
1089,226666,0.15545184,-0.08688665,-0.37831051,1.17613375,-1.35623484,0.00781128,1,0,1,1,0
1090,226875,0.14742197,-0.08493648,-0.42645423,1.25080337,-1.30690184,0.01205933,1,0,1,1,0
1091,227083,0.15194156,-0.08022984,-0.47287151,1.28816290,-1.26892631,-0.01106554,1,0,1,1,0
1092,227291,0.15327760,-0.05771774,-0.53028632,1.34996640,-1.21502902,0.01513375,1,0,1,1,0
1093,227500,0.15463869,-0.05575974,-0.57538551,1.37977551,-1.13781662,-0.01501029,1,0,1,1,0
1094,227708,0.15026777,-0.04278107,-0.61870335,1.42351834,-1.10019942,-0.01014760,1,0,1,1,0
1095,227916,0.14186912,-0.04619494,-0.66988479,1.44304697,-1.02268183,-0.03737824,1,0,1,1,0
1096,228125,0.14119679,-0.03278731,-0.69640488,1.47538978,-0.96355602,-0.02926542,1,0,1,1,0
1097,228333,0.14106912,-0.01283193,-0.74477230,1.46983847,-0.86752797,-0.02297021,1,0,1,1,0
1098,228541,0.13109582,-0.00571893,-0.77229396,1.48614543,-0.79490971,-0.04987210,1,0,1,1,0
1099,228750,0.13058705,-0.00165447,-0.80106508,1.48617078,-0.69806614,-0.06621545,1,0,1,1,0
1100,228958,0.12993580,0.01403905,-0.84508832,1.46741440,-0.60335072,-0.06820545,1,0,1,1,0
1101,229166,0.12253153,0.02320137,-0.86020257,1.47680148,-0.52377088,-0.06280828,1,0,1,1,0
1102,229375,0.11262219,0.03523883,-0.89304007,1.44018569,-0.43502215,-0.06471197,1,0,1,1,0
1103,229583,0.10911433,0.04155009,-0.90626261,1.43566461,-0.32840068,-0.06204587,1,0,1,1,0
1104,229791,0.10275321,0.04468033,-0.91705961,1.38492863,-0.23489927,-0.07006498,1,0,1,1,0
1105,230000,0.08344442,0.05906236,-0.92221126,1.35616053,-0.15828001,-0.05472190,1,0,1,1,0
1106,230208,0.07961855,0.05612866,-0.91323376,1.33143760,-0.05300243,-0.08064308,1,0,1,1,0
1107,230416,0.07170318,0.08086972,-0.93050405,1.26945635,0.05449024,-0.08947166,1,0,1,1,0
1108,230625,0.05729448,0.08775859,-0.91581175,1.20765823,0.13560313,-0.08044947,1,0,1,1,0
1109,230833,0.05655211,0.09398311,-0.92033227,1.15923328,0.23630627,-0.09812239,1,0,1,1,0
1110,231041,0.04455349,0.10553085,-0.90246489,1.09601574,0.32738235,-0.08694886,1,0,1,1,0
1111,231250,0.03648615,0.10982821,-0.88944070,1.00886418,0.42599775,-0.10307451,1,0,1,1,0
1112,231458,0.02944295,0.10929338,-0.86698998,0.93589311,0.50531569,-0.08758260,1,0,1,1,0
1113,231666,0.01870891,0.12702604,-0.84136080,0.88564299,0.60527725,-0.09943783,1,0,1,1,0
1114,231875,-0.00155782,0.12777377,-0.82836792,0.77329432,0.68997037,-0.09138454,1,0,1,1,0
1115,232083,-0.00771395,0.12963492,-0.78775573,0.71963475,0.77320353,-0.09314802,1,0,1,1,0
1116,232291,-0.02138945,0.13380343,-0.74120623,0.63245609,0.85683803,-0.08064992,1,0,1,1,0
1117,232500,-0.02042017,0.13354768,-0.71584173,0.53667763,0.94852753,-0.07939070,1,0,1,1,0
1118,232708,-0.04270575,0.14325990,-0.68056521,0.44185221,1.00042676,-0.10122529,1,0,1,1,0
1119,232916,-0.04728221,0.14136551,-0.63376662,0.34086907,1.08445029,-0.08368842,1,0,1,1,0
1120,233125,-0.04942226,0.14422440,-0.57738608,0.24742078,1.15481209,-0.09229125,1,0,1,1,0
1121,233333,-0.06142437,0.14423985,-0.53046674,0.17966092,1.20898416,-0.10068503,1,0,1,1,0
1122,233541,-0.06377711,0.14438035,-0.49000959,0.05552577,1.25426579,-0.07351387,1,0,1,1,0
1123,233750,-0.08576488,0.14771931,-0.43831203,-0.04038693,1.28614684,-0.06607880,1,0,1,1,0
1124,233958,-0.08825405,0.15415058,-0.37646371,-0.13532789,1.35193264,-0.06981147,1,0,1,1,0
1125,234166,-0.09218210,0.15169402,-0.32754286,-0.22974222,1.38681917,-0.06026763,1,0,1,1,0
1126,234375,-0.09924983,0.14490686,-0.26266914,-0.32085791,1.40631691,-0.08046534,1,0,1,1,0
1127,234583,-0.11360855,0.14344244,-0.21253567,-0.43030519,1.44385198,-0.04839330,1,0,1,1,0
1128,234791,-0.10718464,0.13710191,-0.14414200,-0.52295244,1.46451657,-0.07055405,1,0,1,1,0
1129,235000,-0.11582162,0.13623383,-0.09775580,-0.61697424,1.46977470,-0.03792196,1,0,1,1,0
1130,235208,-0.12926076,0.13205196,-0.02722319,-0.69868024,1.48466021,-0.05181232,1,0,1,1,0
1131,235416,-0.12856857,0.12351079,0.03877284,-0.77683399,1.47755283,-0.05605423,1,0,1,1,0
1132,235625,-0.14086332,0.12410393,0.08246114,-0.85003165,1.46896725,-0.03764455,1,0,1,1,0
1133,235833,-0.14253328,0.11520045,0.14866074,-0.93777843,1.46009506,-0.04600363,1,0,1,1,0
1134,236041,-0.14472724,0.10315793,0.20520656,-1.00155367,1.45825163,-0.02251232,1,0,1,1,0
1135,236250,-0.14938436,0.09916792,0.25227163,-1.09518614,1.41548251,-0.01938716,1,0,1,1,0
1136,236458,-0.14613274,0.09107433,0.32186282,-1.14167101,1.38609709,-0.02229189,1,0,1,1,0
1137,236666,-0.15793906,0.08427875,0.37962255,-1.20080463,1.35486280,-0.01691504,1,0,1,1,0
1138,236875,-0.14635038,0.07770286,0.42725394,-1.26683327,1.31258285,-0.00446528,1,0,1,1,0
1139,237083,-0.14237434,0.07339622,0.48695956,-1.30264292,1.27407163,0.00412296,1,0,1,1,0
1140,237291,-0.15014140,0.06736432,0.53277568,-1.36353099,1.21985291,-0.01103009,1,0,1,1,0
1141,237500,-0.15306356,0.05981313,0.57447902,-1.39002865,1.15736230,0.01070719,1,0,1,1,0
1142,237708,-0.14675099,0.04602812,0.62038101,-1.42563369,1.08755954,0.01103758,1,0,1,1,0
1143,237916,-0.13519242,0.03605880,0.66931893,-1.45239914,1.01296630,0.01536185,1,0,1,1,0
1144,238125,-0.14069378,0.03119871,0.71771610,-1.48278110,0.95908118,0.01818668,1,0,1,1,0
1145,238333,-0.13378182,0.02246573,0.74071610,-1.47263662,0.86409501,0.03286795,1,0,1,1,0
1146,238541,-0.12657030,0.00069709,0.77438359,-1.46998582,0.78800023,0.02393453,1,0,1,1,0
1147,238750,-0.12399834,-0.01092731,0.80759452,-1.48518705,0.71713345,0.05114334,1,0,1,1,0
1148,238958,-0.12266020,-0.02157556,0.82831863,-1.45393963,0.62659992,0.06258696,1,0,1,1,0
1149,239166,-0.11412118,-0.01971101,0.86192230,-1.47312175,0.53710059,0.04990003,1,0,1,1,0
1150,239375,-0.10731117,-0.03888820,0.88480345,-1.44047123,0.44137558,0.06520347,1,0,1,1,0
1151,239583,-0.10730010,-0.04330920,0.90543413,-1.43141769,0.34438340,0.08080798,1,0,1,1,0
1152,239791,-0.09639443,-0.05020646,0.91400260,-1.40595125,0.23863315,0.05856823,1,0,1,1,0
1153,240000,-0.09250823,-0.06871429,0.91732893,-1.35232946,0.15500898,0.06780678,1,0,1,1,0
1154,240208,-0.06680061,-0.06534456,0.92467833,-1.31067183,0.06060149,0.07120069,1,0,1,1,0
1155,240416,-0.07113048,-0.08005550,0.92194057,-1.25940050,-0.03784366,0.09237483,1,0,1,1,0
1156,240625,-0.05777148,-0.08139621,0.91673646,-1.20798391,-0.12162280,0.08332065,1,0,1,1,0
1157,240833,-0.05995754,-0.09234716,0.91173912,-1.15303183,-0.23696031,0.09551082,1,0,1,1,0
1158,241041,-0.04286425,-0.10032258,0.89990484,-1.08395907,-0.32089904,0.08155398,1,0,1,1,0
1159,241250,-0.03237657,-0.11080486,0.88034871,-1.01045478,-0.41019910,0.10157386,1,0,1,1,0
1160,241458,-0.01822108,-0.11487387,0.85811713,-0.94253676,-0.52624153,0.09681900,1,0,1,1,0
1161,241666,-0.01181626,-0.13104845,0.83819667,-0.89206206,-0.59281339,0.09307783,1,0,1,1,0
1162,241875,-0.00130394,-0.12565045,0.82075500,-0.79036638,-0.68160557,0.09542510,1,0,1,1,0
1163,242083,0.00396076,-0.13367152,0.78117461,-0.71360464,-0.78477585,0.10277290,1,0,1,1,0
1164,242291,0.00723724,-0.13425653,0.74891358,-0.60909279,-0.85970024,0.09583097,1,0,1,1,0
1165,242500,0.02333592,-0.13689915,0.71149777,-0.54050949,-0.93863395,0.10157332,1,0,1,1,0
1166,242708,0.04005890,-0.14457889,0.68071756,-0.44836511,-1.01267585,0.08818890,1,0,1,1,0
1167,242916,0.04308019,-0.14647680,0.63432468,-0.34380183,-1.05807914,0.07772001,1,0,1,1,0
1168,243125,0.05957257,-0.14490091,0.59305138,-0.26535881,-1.13800799,0.08553897,1,0,1,1,0
1169,243333,0.05627673,-0.14610105,0.53535586,-0.16037160,-1.20511071,0.08870304,1,0,1,1,0
1170,243541,0.07325026,-0.14652529,0.48705277,-0.06452762,-1.27014289,0.08046703,1,0,1,1,0
1171,243750,0.08083688,-0.15283038,0.43053158,0.03118495,-1.31621072,0.08586051,1,0,1,1,0
1172,243958,0.09294747,-0.14581647,0.37588868,0.13655004,-1.34037935,0.07108763,1,0,1,1,0
1173,244166,0.09919380,-0.14741131,0.32992653,0.23413884,-1.36903442,0.07637485,1,0,1,1,0
1174,244375,0.10073058,-0.13945968,0.26475698,0.33812288,-1.41168762,0.06280598,1,0,1,1,0
1175,244583,0.10501288,-0.13790474,0.21890680,0.42422194,-1.43912179,0.06166769,1,0,1,1,0
1176,244791,0.11631037,-0.14094780,0.14236670,0.52273343,-1.46082152,0.04580321,1,0,1,1,0
1177,245000,0.10993512,-0.13386237,0.08634952,0.60496583,-1.47950239,0.07396781,1,0,1,1,0
1178,245208,0.13368953,-0.13149626,0.03573233,0.69066128,-1.49558188,0.06691336,1,0,1,1,0
1179,245416,0.12772665,-0.12862294,-0.03977860,0.76557573,-1.48165025,0.03462067,1,0,1,1,0
1180,245625,0.13478956,-0.11746255,-0.08485352,0.85963780,-1.48731911,0.02548862,1,0,1,1,0
1181,245833,0.13067515,-0.11898607,-0.15043257,0.92333335,-1.46296446,0.05171831,1,0,1,1,0
1182,246041,0.14468392,-0.11384461,-0.20913826,1.01907395,-1.45961539,0.01465387,1,0,1,1,0
1183,246250,0.14360966,-0.10069005,-0.26256833,1.08410702,-1.40579004,0.02704230,1,0,1,1,0
1184,246458,0.14225287,-0.09617330,-0.31979953,1.14521427,-1.39035872,0.02001856,1,0,1,1,0
1185,246666,0.15437250,-0.08854821,-0.38293895,1.20490315,-1.37356733,0.01402301,1,0,1,1,0
1186,246875,0.14197175,-0.08555481,-0.42635872,1.25876100,-1.32934778,0.00346866,1,0,1,1,0
1187,247083,0.15328863,-0.07156155,-0.47933450,1.30146626,-1.26651485,-0.01267746,1,0,1,1,0
1188,247291,0.14588817,-0.06032485,-0.52316292,1.35374807,-1.18494839,0.00973592,1,0,1,1,0
1189,247500,0.14478760,-0.05076221,-0.57624165,1.37559095,-1.15081710,-0.01901441,1,0,1,1,0
1190,247708,0.14493859,-0.03932343,-0.61874610,1.42439666,-1.09768199,-0.03404041,1,0,1,1,0
1191,247916,0.15525919,-0.04086453,-0.66679565,1.43547350,-1.01037016,-0.01679385,1,0,1,1,0
1192,248125,0.15208341,-0.02195411,-0.70840665,1.47016374,-0.96737005,-0.01962324,1,0,1,1,0
1193,248333,0.13283421,-0.01916551,-0.74134675,1.48274151,-0.86547002,-0.04399311,1,0,1,1,0
1194,248541,0.13852258,-0.00714107,-0.76292892,1.49676305,-0.79998635,-0.04274550,1,0,1,1,0
1195,248750,0.12609276,0.00399241,-0.80626431,1.47927128,-0.71150729,-0.05934396,1,0,1,1,0
1196,248958,0.12234917,0.01388478,-0.83756103,1.48516093,-0.61892165,-0.06609139,1,0,1,1,0
1197,249166,0.10846591,0.02141802,-0.86409334,1.47437026,-0.53350241,-0.05131698,1,0,1,1,0
1198,249375,0.11050150,0.02682505,-0.88248853,1.44373362,-0.44094961,-0.08567862,1,0,1,1,0
1199,249583,0.09649800,0.04322518,-0.89830120,1.41818914,-0.33676939,-0.08296006,1,0,1,1,0
1200,249791,0.09497377,0.04874204,-0.91490246,1.39972403,-0.26102215,-0.06448469,1,0,1,1,0
1201,250000,0.06712380,0.04036628,-0.93586666,1.32080425,-0.20002589,0.01060409,1,0,1,1,0
1202,250208,0.05447740,0.04176860,-0.93259675,1.29121035,-0.09923182,0.00152881,1,0,1,1,0
1203,250416,0.04534065,0.05872734,-0.94551417,1.25551819,0.01010543,-0.00441073,1,0,1,1,0
1204,250625,0.05398517,0.07243391,-0.93519818,1.21351451,0.11254063,-0.00620130,1,0,1,1,0
1205,250833,0.04616258,0.08953634,-0.92824693,1.12767596,0.19087431,-0.01307618,1,0,1,1,0
1206,251041,0.03543516,0.09755681,-0.91421011,1.05512247,0.30079012,-0.00934951,1,0,1,1,0
1207,251249,0.01635335,0.11202677,-0.89281729,0.97659070,0.38327419,-0.03690949,1,0,1,1,0
1208,251458,0.01994544,0.13102028,-0.87525937,0.91943538,0.46530789,-0.01535849,1,0,1,1,0
1209,251666,0.00434668,0.14515951,-0.84725056,0.83457570,0.56056686,-0.02042680,1,0,1,1,0
1210,251875,-0.00594469,0.17298606,-0.82769290,0.72606911,0.60972410,-0.01937150,1,0,1,1,0
1211,252083,-0.01962555,0.18787237,-0.79388675,0.64593390,0.69466714,-0.02749816,1,0,1,1,0
1212,252291,-0.03257321,0.21203288,-0.75625139,0.55292934,0.75513239,-0.02631139,1,0,1,1,0
1213,252500,-0.05294699,0.22685358,-0.72606692,0.45913409,0.79942296,-0.03892937,1,0,1,1,0
1214,252708,-0.08036156,0.25012669,-0.68059063,0.37980375,0.85746389,-0.02982627,1,0,1,1,0
1215,252916,-0.08857861,0.27566952,-0.64941688,0.29218498,0.89550031,-0.04863880,1,0,1,1,0
1216,253125,-0.12956810,0.30780524,-0.59939794,0.22019869,0.90507132,-0.03590892,1,0,1,1,0
1217,253333,-0.14447112,0.33386862,-0.55408607,0.13283345,0.93006316,-0.05126056,1,0,1,1,0
1218,253541,-0.18724927,0.35778545,-0.48963659,0.05761859,0.95193554,-0.02344723,1,0,1,1,0
1219,253749,-0.22150435,0.38096860,-0.44691550,-0.02330931,0.94487393,-0.03914233,1,0,1,1,0
1220,253958,-0.25325129,0.41162506,-0.39516980,-0.07145771,0.93987843,-0.03190904,1,0,1,1,0
1221,254166,-0.29202011,0.43335171,-0.33658921,-0.11756852,0.93432180,-0.04567944,1,0,1,1,0
1222,254375,-0.33635102,0.44228125,-0.27416482,-0.16624810,0.91547005,-0.03227764,1,0,1,1,0
1223,254583,-0.38731535,0.46610560,-0.21312653,-0.24265083,0.89913988,-0.02806192,1,0,1,1,0
1224,254791,-0.41492802,0.47889419,-0.14903204,-0.28155943,0.88860763,-0.02218105,1,0,1,1,0
1225,255000,-0.47446097,0.49160056,-0.09057902,-0.30461189,0.85360593,-0.02202427,1,0,1,1,0
1226,255208,-0.50617947,0.50196973,-0.02885942,-0.32394787,0.81686298,-0.02594219,1,0,1,1,0
1227,255416,-0.54566132,0.51066340,0.05003962,-0.35536763,0.78746272,-0.03267266,1,0,1,1,0
1228,255625,-0.59238005,0.50352247,0.10387857,-0.38664606,0.73462188,-0.04642334,1,0,1,1,0
1229,255833,-0.64028920,0.50427067,0.17547211,-0.37663683,0.66798249,0.00303400,1,0,1,1,0
1230,256041,-0.67598343,0.49263623,0.22456173,-0.37475519,0.62926691,-0.00130676,1,0,1,1,0
1231,256249,-0.71633647,0.47559103,0.29434268,-0.38512202,0.61496010,0.00328965,1,0,1,1,0
1232,256458,-0.74486355,0.45251329,0.34667600,-0.37255503,0.57935687,0.01918506,1,0,1,1,0
1233,256666,-0.77812774,0.42143625,0.41708775,-0.37879331,0.48873394,0.01927047,1,0,1,1,0
1234,256875,-0.79278016,0.39713778,0.47344092,-0.38998281,0.48121769,0.02399013,1,0,1,1,0
1235,257083,-0.82155904,0.36673717,0.52834566,-0.36912830,0.43089654,0.04097548,1,0,1,1,0
1236,257291,-0.84877974,0.32344347,0.58268260,-0.34490643,0.38232021,0.04318086,1,0,1,1,0
1237,257500,-0.85696761,0.28212749,0.62999733,-0.32276629,0.35300984,0.05107316,1,0,1,1,0
1238,257708,-0.87041711,0.23110650,0.68407684,-0.30189617,0.30241164,0.05500885,1,0,1,1,0
1239,257916,-0.86378142,0.17703070,0.73293905,-0.29795943,0.27589839,0.08074971,1,0,1,1,0
1240,258125,-0.85725463,0.12581936,0.77803246,-0.26662164,0.26842572,0.08939138,1,0,1,1,0
1241,258333,-0.85128127,0.06152054,0.82180918,-0.25767063,0.22351709,0.11095048,1,0,1,1,0
1242,258541,-0.83469781,0.00509115,0.86189362,-0.22758111,0.18666609,0.11847318,1,0,1,1,0
1243,258749,-0.81195583,-0.06110023,0.90339708,-0.19968342,0.17295902,0.11918627,1,0,1,1,0
1244,258958,-0.77394033,-0.12077033,0.93589005,-0.17946901,0.14654905,0.14855437,1,0,1,1,0
1245,259166,-0.75248287,-0.19197345,0.96204042,-0.17766859,0.10206055,0.14633383,1,0,1,1,0
1246,259375,-0.70376800,-0.25415001,0.98452830,-0.13414366,0.10636819,0.18130391,1,0,1,1,0
1247,259583,-0.67626500,-0.31386281,1.00472141,-0.11588571,0.08102406,0.17841435,1,0,1,1,0
1248,259791,-0.61441954,-0.37337935,1.01795381,-0.10272425,0.09722552,0.18377851,1,0,1,1,0
1249,260000,-0.56820872,-0.43848090,1.02812268,-0.11566450,0.04702150,0.20106929,0,0,0,0,0
1250,260208,-0.50167607,-0.49785797,1.02486114,-0.12147552,0.03826448,0.21846405,0,0,0,0,0
1251,260416,-0.44880386,-0.56477514,1.02763807,-0.09934506,0.01783227,0.19238348,0,0,0,0,0
1252,260625,-0.38695819,-0.62513615,1.03209682,-0.08047806,0.02152311,0.19462766,0,0,0,0,0
1253,260833,-0.32863544,-0.66154082,1.01924802,-0.07835235,0.01383974,0.21241785,0,0,0,0,0
1254,261041,-0.26130907,-0.71424515,0.99807301,-0.07178119,-0.01328271,0.19674757,0,0,0,0,0
1255,261249,-0.20532613,-0.76710858,0.98896361,-0.03950653,-0.00211932,0.20121218,0,0,0,0,0
1256,261458,-0.13924437,-0.81969067,0.97318094,-0.05150958,-0.00635111,0.20134376,0,0,0,0,0
1257,261666,-0.07696405,-0.84622735,0.93911444,-0.05089720,-0.01768406,0.18265564,0,0,0,0,0
1258,261875,-0.00497449,-0.87650966,0.91053039,-0.03536032,-0.03655512,0.19110825,0,0,0,0,0
1259,262083,0.05069391,-0.91354812,0.87906479,-0.03217455,-0.04468379,0.19192662,0,0,0,0,0
1260,262291,0.11139101,-0.94010549,0.85816420,0.00297026,-0.02556436,0.17782392,0,0,0,0,0
1261,262500,0.18636442,-0.95093241,0.81167398,-0.01301266,-0.03771966,0.18052581,0,0,0,0,0
1262,262708,0.23882723,-0.98352017,0.76048904,-0.00683916,-0.05980852,0.16898700,0,0,0,0,0
1263,262916,0.30549999,-0.99718131,0.71098269,0.04372346,-0.06635682,0.18117027,0,0,0,0,0
1264,263125,0.36577172,-1.00556880,0.66230358,0.03037306,-0.07672174,0.17369794,0,0,0,0,0
1265,263333,0.42384665,-1.01042478,0.61247812,0.05973227,-0.09292458,0.18089308,0,0,0,0,0
1266,263541,0.48324862,-1.02470544,0.56112474,0.04568158,-0.09218504,0.15258400,0,0,0,0,0
1267,263750,0.56100906,-1.02202028,0.50687963,0.10128756,-0.09694848,0.13893871,0,0,0,0,0
1268,263958,0.60036919,-1.00498116,0.44798250,0.08527648,-0.11848887,0.12633486,0,0,0,0,0
1269,264166,0.65450249,-1.00631867,0.38179386,0.06649446,-0.11195149,0.10784045,0,0,0,0,0
1270,264375,0.69924994,-0.98871532,0.32710038,0.10668703,-0.10768403,0.12471161,0,0,0,0,0
1271,264583,0.75369987,-0.97750608,0.25745679,0.11496724,-0.12453892,0.09598603,0,0,0,0,0
1272,264791,0.80180339,-0.95773296,0.20706259,0.10984817,-0.12208379,0.07785173,0,0,0,0,0
1273,265000,0.83729876,-0.93536163,0.13007213,0.12023074,-0.13124103,0.09088679,0,0,0,0,0
1274,265208,0.87554529,-0.90239844,0.06323865,0.13217121,-0.10528914,0.07007862,0,0,0,0,0
1275,265416,0.90769967,-0.86840367,-0.00226460,0.16533414,-0.13633824,0.07187290,0,0,0,0,0
1276,265625,0.93454121,-0.83727382,-0.06696259,0.14955598,-0.12414588,0.03835758,0,0,0,0,0
1277,265833,0.96143620,-0.79243238,-0.13049164,0.20260145,-0.14069773,0.03876878,0,0,0,0,0
1278,266041,0.98694863,-0.74772124,-0.18940765,0.20366080,-0.10779652,0.03244002,0,0,0,0,0
1279,266250,1.00002044,-0.70503471,-0.25995043,0.19729425,-0.13631867,0.02400225,0,0,0,0,0
1280,266458,1.01037016,-0.64818364,-0.31488180,0.21294092,-0.15272025,0.02036918,0,0,0,0,0
1281,266666,1.03015267,-0.60631175,-0.37650284,0.22982333,-0.14010815,0.01695625,0,0,0,0,0
1282,266875,1.04183425,-0.53705278,-0.43649303,0.23354395,-0.12871816,-0.00654536,0,0,0,0,0
1283,267083,1.03641120,-0.48033745,-0.48296330,0.26035119,-0.10746485,-0.02341275,0,0,0,0,0
1284,267291,1.02824097,-0.42928891,-0.54869443,0.25635306,-0.11979424,-0.05007549,0,0,0,0,0
1285,267500,1.01526918,-0.37200931,-0.59593006,0.25738859,-0.11444813,-0.04866314,0,0,0,0,0
1286,267708,1.00606474,-0.30646759,-0.64025386,0.27403807,-0.07600051,-0.07562759,0,0,0,0,0
1287,267916,0.99649719,-0.24099607,-0.68681751,0.26727073,-0.09463416,-0.09708080,0,0,0,0,0
1288,268125,0.97192509,-0.17441175,-0.74082158,0.28169597,-0.06874249,-0.12012011,0,0,0,0,0
1289,268333,0.94480727,-0.11323365,-0.78632785,0.26188422,-0.04847306,-0.11998727,0,0,0,0,0
1290,268541,0.92534753,-0.04950078,-0.82225967,0.26971521,-0.04989053,-0.15547489,0,0,0,0,0
1291,268750,0.88724531,0.02950234,-0.84454523,0.26552338,-0.03380874,-0.16615945,0,0,0,0,0
1292,268958,0.84187835,0.08564024,-0.88188346,0.24893231,-0.02964104,-0.18851886,0,0,0,0,0
1293,269166,0.80869306,0.16133104,-0.91518121,0.24845448,-0.00615470,-0.17056095,0,0,0,0,0
1294,269375,0.76583160,0.21420171,-0.93172663,0.23916223,0.01625827,-0.18712458,0,0,0,0,0
1295,269583,0.70973657,0.28430993,-0.95177045,0.23176121,0.03854892,-0.21786085,0,0,0,0,0
1296,269791,0.66486533,0.34596733,-0.97155035,0.21580267,0.04356395,-0.24000624,0,0,0,0,0
1297,270000,0.60998279,0.40217346,-0.97770301,0.21796299,0.05271970,-0.24413722,0,0,0,0,0
1298,270208,0.55626278,0.46968173,-0.99359170,0.18589086,0.06555231,-0.24886251,0,0,0,0,0
1299,270416,0.49825223,0.52567798,-0.98062937,0.21268069,0.09226820,-0.26037781,0,0,0,0,0
1300,270625,0.42915022,0.58450634,-0.98305214,0.19936834,0.07367625,-0.23594553,0,0,0,0,0
1301,270833,0.36543556,0.64155377,-0.97446196,0.18123617,0.09978332,-0.24668466,0,0,0,0,0
1302,271041,0.31461176,0.68855912,-0.95824564,0.15258205,0.11342762,-0.25385119,0,0,0,0,0
1303,271250,0.24527907,0.73384128,-0.93635874,0.17390829,0.10260137,-0.27470159,0,0,0,0,0
1304,271458,0.19359760,0.78570632,-0.92018683,0.16765597,0.11094321,-0.24546057,0,0,0,0,0
1305,271666,0.12649343,0.82251176,-0.89065112,0.13461764,0.11959174,-0.28263530,0,0,0,0,0
1306,271875,0.06683735,0.85315576,-0.86468423,0.13228903,0.12845718,-0.24913249,0,0,0,0,0
1307,272083,-0.01150882,0.89731690,-0.83100828,0.12327230,0.14498398,-0.27276974,0,0,0,0,0
1308,272291,-0.07048738,0.92415610,-0.80675900,0.10191681,0.14572005,-0.26476451,0,0,0,0,0
1309,272500,-0.13722232,0.94233699,-0.76096601,0.10123976,0.15232117,-0.25456877,0,0,0,0,0
1310,272708,-0.19251432,0.96593866,-0.72130321,0.05515238,0.15543164,-0.25937081,0,0,0,0,0
1311,272916,-0.26128411,0.98078908,-0.66813758,0.06211016,0.15673269,-0.26808014,0,0,0,0,0
1312,273125,-0.33132004,0.99248225,-0.62805194,0.06263894,0.18435891,-0.23290241,0,0,0,0,0
1313,273333,-0.38003181,1.00025102,-0.57379062,0.01819574,0.19585327,-0.22874155,0,0,0,0,0
1314,273541,-0.44665443,1.00790951,-0.52387391,0.01504614,0.18677279,-0.23264821,0,0,0,0,0
1315,273750,-0.51375700,1.00804967,-0.46680147,0.00277024,0.19552438,-0.22709378,0,0,0,0,0
1316,273958,-0.56093532,1.00635337,-0.40421441,-0.00352812,0.20212749,-0.21944083,0,0,0,0,0
1317,274166,-0.61001265,0.99767672,-0.34935879,-0.00813628,0.19336053,-0.20805439,0,0,0,0,0
1318,274375,-0.67249126,0.99301327,-0.28952149,-0.01766026,0.20694359,-0.19988317,0,0,0,0,0
1319,274583,-0.71242822,0.97225877,-0.21352606,-0.02195092,0.24257010,-0.19362975,0,0,0,0,0
1320,274791,-0.75374172,0.96390909,-0.15746193,-0.03619182,0.20628119,-0.19267626,0,0,0,0,0
1321,275000,-0.78982623,0.93417220,-0.08800040,-0.06715318,0.20101751,-0.15199144,0,0,0,0,0
1322,275208,-0.83129370,0.89100535,-0.03736841,-0.08589842,0.21741476,-0.16078825,0,0,0,0,0
1323,275416,-0.87422634,0.86973892,0.03170454,-0.08878377,0.20977583,-0.16082224,0,0,0,0,0
1324,275625,-0.89240297,0.82344300,0.09258438,-0.10447057,0.18243544,-0.13594908,0,0,0,0,0
1325,275833,-0.92249992,0.80290511,0.15986909,-0.10776527,0.20596190,-0.14439792,0,0,0,0,0
1326,276041,-0.94628436,0.75301447,0.22685815,-0.12267807,0.19925551,-0.14343543,0,0,0,0,0
1327,276250,-0.96913079,0.71077765,0.28190527,-0.14559455,0.20977983,-0.12240891,0,0,0,0,0
1328,276458,-0.97447941,0.65850160,0.35143762,-0.17942721,0.21084660,-0.10017153,0,0,0,0,0
1329,276666,-0.98941265,0.61563719,0.40731388,-0.18933644,0.20290518,-0.08933907,0,0,0,0,0
1330,276875,-0.99782196,0.55404400,0.45972054,-0.18688942,0.20575057,-0.06692851,0,0,0,0,0
1331,277083,-1.00333881,0.50996843,0.51240292,-0.20880885,0.17652133,-0.07652614,0,0,0,0,0
1332,277291,-0.99795291,0.43873112,0.56962411,-0.19740119,0.17164794,-0.06865577,0,0,0,0,0
1333,277500,-0.99067466,0.38127610,0.61375612,-0.22210024,0.16924008,-0.05932468,0,0,0,0,0
1334,277708,-0.97086686,0.32493518,0.67416065,-0.23709638,0.15466695,-0.03657871,0,0,0,0,0
1335,277916,-0.95666275,0.26051355,0.70747855,-0.23532831,0.12716299,-0.00684089,0,0,0,0,0
1336,278125,-0.95122576,0.18646931,0.75449137,-0.23103737,0.14198032,0.02132125,0,0,0,0,0
1337,278333,-0.91777622,0.12410285,0.79698429,-0.24496839,0.10765278,0.02048974,0,0,0,0,0
1338,278541,-0.89679805,0.05857492,0.83092640,-0.24239129,0.09283529,0.04298221,0,0,0,0,0
1339,278750,-0.85428025,-0.00149521,0.87285750,-0.24303310,0.10301241,0.06651577,0,0,0,0,0
1340,278958,-0.82376039,-0.06254000,0.90465353,-0.22382013,0.06390678,0.06218976,0,0,0,0,0
1341,279166,-0.78022329,-0.12974198,0.92395506,-0.24336437,0.06061000,0.09426739,0,0,0,0,0
1342,279375,-0.73593618,-0.19524620,0.94617266,-0.21524937,0.04052638,0.10514734,0,0,0,0,0
1343,279583,-0.69171573,-0.25763873,0.96605880,-0.21680891,0.01522793,0.11680068,0,0,0,0,0
1344,279791,-0.64180977,-0.31795569,0.96776087,-0.20862357,-0.01224110,0.12282476,0,0,0,0,0
1345,280000,-0.58268279,-0.38160197,0.98847759,-0.19015861,-0.02132402,0.15067692,0,0,0,0,0
1346,280208,-0.53682811,-0.43590737,0.98440708,-0.18488466,-0.04073672,0.13942849,0,0,0,0,0
1347,280416,-0.48512010,-0.49236800,0.99530748,-0.21015675,-0.05261491,0.14184853,0,0,0,0,0
1348,280625,-0.42318809,-0.55538853,0.98024433,-0.19362056,-0.06201475,0.15924110,0,0,0,0,0
1349,280833,-0.36287963,-0.60292123,0.97450135,-0.18968146,-0.07988447,0.15861382,0,0,0,0,0
1350,281041,-0.29899227,-0.66082952,0.96510688,-0.17382949,-0.07970660,0.18437147,0,0,0,0,0
1351,281250,-0.23824087,-0.71449014,0.94497486,-0.17172382,-0.08822923,0.16913437,0,0,0,0,0
1352,281458,-0.17791283,-0.74533973,0.92188275,-0.17757291,-0.09840283,0.15787028,0,0,0,0,0
1353,281666,-0.11111556,-0.78833894,0.88570015,-0.14740675,-0.10990712,0.17147772,0,0,0,0,0
1354,281875,-0.03781009,-0.82775241,0.86453340,-0.16396500,-0.12159624,0.18832060,0,0,0,0,0
1355,282083,0.02041708,-0.85650740,0.82693667,-0.13295462,-0.13418720,0.16659974,0,0,0,0,0
1356,282291,0.07558421,-0.86669015,0.78824650,-0.11801985,-0.15763152,0.15645531,0,0,0,0,0
1357,282500,0.14706959,-0.90445095,0.75715993,-0.11419589,-0.15980059,0.18046605,0,0,0,0,0
1358,282708,0.20189842,-0.92274108,0.70855350,-0.10244388,-0.15153404,0.17336909,0,0,0,0,0
1359,282916,0.25573896,-0.93108769,0.67104237,-0.10744549,-0.18533942,0.18019467,0,0,0,0,0
1360,283125,0.32820822,-0.94819534,0.61019189,-0.07289109,-0.17910815,0.17947986,0,0,0,0,0
1361,283333,0.38443730,-0.96759318,0.56743369,-0.06679944,-0.19052045,0.15161050,0,0,0,0,0
1362,283541,0.43901558,-0.96622585,0.50789659,-0.06847834,-0.19800771,0.15055690,0,0,0,0,0
1363,283750,0.50538308,-0.96917731,0.44607916,-0.04245362,-0.21204483,0.15222281,0,0,0,0,0
1364,283958,0.55551206,-0.95922721,0.39538892,-0.03911840,-0.22355319,0.14136750,0,0,0,0,0
1365,284166,0.60980228,-0.96366388,0.32471800,-0.02716200,-0.23708730,0.12494082,0,0,0,0,0
1366,284375,0.64798240,-0.94864437,0.27194002,-0.01083166,-0.20935398,0.13467278,0,0,0,0,0
1367,284583,0.70554010,-0.93022151,0.20558214,-0.02372562,-0.23381827,0.11813984,0,0,0,0,0
1368,284791,0.74269457,-0.90587911,0.13762447,-0.00529290,-0.24056721,0.11141013,0,0,0,0,0
1369,285000,0.78938205,-0.89259558,0.07479614,0.01703035,-0.25683536,0.11398337,0,0,0,0,0
1370,285208,0.82582839,-0.86114514,0.01005547,0.00951125,-0.25367873,0.09888148,0,0,0,0,0
1371,285416,0.86015696,-0.83243636,-0.05542566,0.03070795,-0.25464906,0.09349811,0,0,0,0,0
1372,285625,0.88042476,-0.79601635,-0.12712149,0.04514107,-0.23727222,0.06705313,0,0,0,0,0
1373,285833,0.90838516,-0.76375428,-0.18140083,0.07022978,-0.24195304,0.08420001,0,0,0,0,0
1374,286041,0.92921910,-0.71389409,-0.25024371,0.05724620,-0.25739538,0.07634265,0,0,0,0,0
1375,286250,0.94813866,-0.66700237,-0.31545032,0.11194727,-0.24611702,0.06589950,0,0,0,0,0
1376,286458,0.95957178,-0.61801295,-0.37895799,0.11712506,-0.23786649,0.05796147,0,0,0,0,0
1377,286666,0.97001883,-0.57837872,-0.43454592,0.11847065,-0.25393932,0.03292518,0,0,0,0,0
1378,286875,0.97613406,-0.51189324,-0.48461756,0.12501505,-0.25806475,0.03373835,0,0,0,0,0
1379,287083,0.98314148,-0.45434918,-0.55285640,0.12935224,-0.24413048,0.03478988,0,0,0,0,0
1380,287291,0.98569703,-0.39698425,-0.59372982,0.12913083,-0.23776237,0.01745546,0,0,0,0,0
1381,287500,0.96874298,-0.33792316,-0.65386042,0.13837499,-0.24682659,0.01903089,0,0,0,0,0
1382,287708,0.96014116,-0.27798265,-0.69738876,0.14585536,-0.23114186,-0.01861873,0,0,0,0,0
1383,287916,0.93266670,-0.21198496,-0.75451528,0.15301142,-0.20930428,-0.01755514,0,0,0,0,0
1384,288125,0.92176053,-0.14915841,-0.78579259,0.15493934,-0.20204711,-0.04737661,0,0,0,0,0
1385,288333,0.89526085,-0.08781277,-0.82389305,0.15771291,-0.19365746,-0.05281168,0,0,0,0,0
1386,288541,0.86052051,-0.02620112,-0.86286979,0.16265817,-0.16589757,-0.06490886,0,0,0,0,0
1387,288750,0.83119089,0.04512100,-0.90107932,0.16810519,-0.17415363,-0.08256733,0,0,0,0,0
1388,288958,0.79020868,0.10127963,-0.93676729,0.17055537,-0.14251882,-0.09703282,0,0,0,0,0
1389,289166,0.75043134,0.17359325,-0.95779544,0.15198879,-0.13009823,-0.11890964,0,0,0,0,0
1390,289375,0.70221757,0.23832144,-0.98821472,0.14638118,-0.08093962,-0.11715767,0,0,0,0,0
1391,289583,0.65722472,0.29914942,-1.00653486,0.13132760,-0.07326203,-0.13948305,0,0,0,0,0
1392,289791,0.60090136,0.35765169,-1.01313722,0.12720461,-0.05654195,-0.13172853,0,0,0,0,0
1393,290000,0.55337620,0.41813521,-1.02105525,0.11242954,-0.06478202,-0.14220905,0,0,0,0,0
1394,290208,0.49937052,0.47309045,-1.03062037,0.10050619,-0.02748030,-0.16169030,0,0,0,0,0
1395,290416,0.44295314,0.53909916,-1.03025032,0.10589133,-0.01787465,-0.15818950,0,0,0,0,0
1396,290625,0.37906248,0.59223810,-1.02603263,0.10649056,-0.02766062,-0.15702978,0,0,0,0,0
1397,290833,0.32090925,0.64176435,-1.01470277,0.09179389,-0.02146330,-0.12737932,0,0,0,0,0
1398,291041,0.26082610,0.69372653,-1.00277407,0.07135997,0.00597654,-0.16594366,0,0,0,0,0
1399,291250,0.20624485,0.74446738,-0.98705819,0.09281996,0.03517165,-0.14640416,0,0,0,0,0
1400,291458,0.13905142,0.78947757,-0.97111601,0.07682243,0.01890368,-0.17068919,0,0,0,0,0
1401,291666,0.07311201,0.81814247,-0.92675295,0.06794190,0.02804851,-0.15894053,0,0,0,0,0
1402,291875,0.01053567,0.85574273,-0.90953477,0.05384845,0.04934623,-0.14282094,0,0,0,0,0
1403,292083,-0.05625995,0.88829274,-0.87498897,0.04364589,0.06328322,-0.15460324,0,0,0,0,0
1404,292291,-0.11026128,0.91148455,-0.84851202,0.03526700,0.05741031,-0.15174424,0,0,0,0,0
1405,292500,-0.18593296,0.93689642,-0.79453914,0.00838977,0.05995086,-0.15099128,0,0,0,0,0
1406,292708,-0.25146157,0.95588683,-0.75528439,0.01467077,0.09045121,-0.15056095,0,0,0,0,0
1407,292916,-0.30346084,0.98148774,-0.69919584,0.00046720,0.08155107,-0.11686205,0,0,0,0,0
1408,293125,-0.37638107,0.98358610,-0.66390040,-0.01286898,0.10912315,-0.13803756,0,0,0,0,0
1409,293333,-0.43239099,0.98647644,-0.61410410,-0.02552870,0.12437528,-0.11548782,0,0,0,0,0
1410,293541,-0.49803499,0.99443868,-0.55085588,-0.03357715,0.11222869,-0.10864417,0,0,0,0,0
1411,293750,-0.54798817,0.99059459,-0.49226357,-0.02559937,0.11707135,-0.12596860,0,0,0,0,0
1412,293958,-0.59377831,0.98818256,-0.43032625,-0.05413020,0.14114152,-0.11112698,0,0,0,0,0
1413,294166,-0.65316785,0.98552614,-0.37616290,-0.06425239,0.13158564,-0.09240449,0,0,0,0,0
1414,294375,-0.70084261,0.97189098,-0.30744929,-0.07597286,0.13621063,-0.06617550,0,0,0,0,0
1415,294583,-0.74603726,0.95440153,-0.24988921,-0.07360174,0.15592233,-0.06514449,0,0,0,0,0
1416,294791,-0.78573585,0.93739827,-0.16720110,-0.08453776,0.14184817,-0.05073421,0,0,0,0,0
1417,295000,-0.82760803,0.90066889,-0.11896225,-0.10970157,0.15197873,-0.06476010,0,0,0,0,0
1418,295208,-0.87651177,0.87543848,-0.05292358,-0.07292873,0.15277389,-0.04647428,0,0,0,0,0
1419,295416,-0.89702272,0.85097155,0.00816049,-0.11599628,0.16260067,-0.02614884,0,0,0,0,0
1420,295625,-0.92566254,0.80620435,0.08917569,-0.11383827,0.16083660,-0.03611188,0,0,0,0,0
1421,295833,-0.95868902,0.76457887,0.15360928,-0.11507043,0.15856813,-0.01972166,0,0,0,0,0
1422,296041,-0.97587435,0.72336837,0.21149296,-0.14189574,0.15958817,-0.02075077,0,0,0,0,0
1423,296250,-0.98518439,0.67150370,0.27858599,-0.17825207,0.16356304,-0.01231826,0,0,0,0,0
1424,296458,-0.99977798,0.62418563,0.33482304,-0.18625693,0.17200042,-0.00898947,0,0,0,0,0
1425,296666,-1.01220061,0.57760063,0.39084787,-0.17922643,0.17755152,0.02057571,0,0,0,0,0
1426,296875,-1.02483109,0.52401443,0.44843748,-0.18256828,0.17067889,0.03532213,0,0,0,0,0
1427,297083,-1.02772708,0.47320560,0.51132077,-0.21047425,0.15122496,0.03757630,0,0,0,0,0
1428,297291,-1.02046759,0.40489356,0.55964564,-0.21982015,0.13821744,0.06446563,0,0,0,0,0
1429,297500,-1.01142256,0.34999418,0.61936366,-0.20924606,0.15675025,0.07257824,0,0,0,0,0
1430,297708,-1.00508522,0.27196443,0.66441350,-0.21234996,0.14415910,0.07826892,0,0,0,0,0
1431,297916,-0.98428111,0.22037331,0.71900276,-0.22648632,0.13032390,0.09506383,0,0,0,0,0
1432,298125,-0.94927117,0.15652420,0.75544744,-0.21766905,0.13482471,0.11972931,0,0,0,0,0
1433,298333,-0.93289292,0.09121512,0.79697927,-0.23806235,0.12767343,0.11926755,0,0,0,0,0
1434,298541,-0.89760937,0.02075592,0.84310072,-0.20263857,0.09734764,0.14904559,0,0,0,0,0
1435,298750,-0.86043472,-0.03616165,0.87604374,-0.20504815,0.07826698,0.14169180,0,0,0,0,0
1436,298958,-0.82504095,-0.10691269,0.91129250,-0.20792584,0.05847811,0.17822032,0,0,0,0,0
1437,299166,-0.79373786,-0.18152143,0.93384860,-0.19780899,0.05826258,0.17695794,0,0,0,0,0
1438,299375,-0.74174980,-0.24391493,0.97043823,-0.19013529,0.03208804,0.20478290,0,0,0,0,0
1439,299583,-0.69135543,-0.30650417,0.98117583,-0.16666918,0.02220925,0.22036933,0,0,0,0,0
1440,299791,-0.64432613,-0.36836175,0.99097737,-0.16710767,0.00197262,0.20183472,0,0,0,0,0
1441,300000,-0.58273531,-0.43181603,0.99955234,-0.16596151,-0.02166032,0.21436507,0,0,0,0,0
1442,300208,-0.51915942,-0.48826419,0.99886717,-0.13612717,-0.01921113,0.23811900,0,0,0,0,0
1443,300416,-0.46634730,-0.55216333,1.01268729,-0.13544176,-0.02933647,0.22426609,0,0,0,0,0
1444,300625,-0.42022980,-0.60429712,1.00486397,-0.14695737,-0.04834758,0.24117162,0,0,0,0,0
1445,300833,-0.34836121,-0.66636889,1.00241902,-0.13341559,-0.03742392,0.22855556,0,0,0,0,0
1446,301041,-0.29362347,-0.70430310,0.98258278,-0.11982712,-0.05765574,0.23155031,0,0,0,0,0
1447,301250,-0.23960994,-0.74731804,0.95861423,-0.10931061,-0.06444693,0.24133144,0,0,0,0,0
1448,301458,-0.16332550,-0.79550671,0.94760054,-0.09579983,-0.05646205,0.21090716,0,0,0,0,0
1449,301666,-0.09614904,-0.82727088,0.92326610,-0.08282290,-0.06786622,0.24446195,0,0,0,0,0
1450,301875,-0.02791488,-0.87620413,0.89134814,-0.07947695,-0.07731424,0.23030223,0,0,0,0,0
1451,302083,0.03989429,-0.90268490,0.85780019,-0.07592092,-0.09395348,0.23233334,0,0,0,0,0
1452,302291,0.09740070,-0.93788591,0.81976368,-0.04293705,-0.09626528,0.23157183,0,0,0,0,0
1453,302500,0.15958125,-0.95269480,0.78847630,-0.03919149,-0.09555027,0.23811336,0,0,0,0,0
1454,302708,0.22994863,-0.97144992,0.74778082,-0.02289373,-0.11402424,0.21064984,0,0,0,0,0
1455,302916,0.28856407,-0.98881467,0.69624729,-0.01260203,-0.13220855,0.23095062,0,0,0,0,0
1456,303125,0.34849570,-1.00198015,0.64754843,-0.00994572,-0.12944460,0.21751304,0,0,0,0,0
1457,303333,0.40501618,-1.00767942,0.60168352,0.02637039,-0.13073396,0.21932077,0,0,0,0,0
1458,303541,0.47077524,-1.01947893,0.54965054,0.01869040,-0.13981978,0.19096253,0,0,0,0,0
1459,303750,0.53414282,-1.02242635,0.48364506,0.03484230,-0.14120073,0.17174645,0,0,0,0,0
1460,303958,0.58300304,-1.01310121,0.42818466,0.04544842,-0.14991529,0.17805422,0,0,0,0,0
1461,304166,0.62059938,-1.00983279,0.37376906,0.06299671,-0.16101925,0.17288358,0,0,0,0,0
1462,304375,0.68518060,-0.99438646,0.30795882,0.07338398,-0.15925012,0.15141432,0,0,0,0,0
1463,304583,0.73501071,-0.97819049,0.23927853,0.07828595,-0.17170543,0.14887244,0,0,0,0,0
1464,304791,0.78301489,-0.96421073,0.18915905,0.07726737,-0.16850726,0.13021712,0,0,0,0,0
1465,305000,0.82450747,-0.93909512,0.11233816,0.11409023,-0.15300387,0.14144734,0,0,0,0,0
1466,305208,0.84748332,-0.92068992,0.04369374,0.11338100,-0.15763116,0.11329007,0,0,0,0,0
1467,305416,0.89440370,-0.87618239,-0.02197338,0.10542338,-0.15841504,0.09560904,0,0,0,0,0
1468,305625,0.91611841,-0.84342492,-0.07656233,0.13428135,-0.17226617,0.11005485,0,0,0,0,0
1469,305833,0.93928768,-0.79852348,-0.14259534,0.15900872,-0.16979804,0.07425115,0,0,0,0,0
1470,306041,0.96741199,-0.75893970,-0.19790821,0.16999821,-0.17588674,0.08517733,0,0,0,0,0
1471,306250,0.98626607,-0.70190041,-0.26787940,0.19508926,-0.16483624,0.07383009,0,0,0,0,0
1472,306458,0.99594575,-0.66131127,-0.32318347,0.21389316,-0.14877483,0.05408743,0,0,0,0,0
1473,306666,1.00789747,-0.61030909,-0.39169777,0.20075029,-0.15560237,0.04999024,0,0,0,0,0
1474,306875,1.00990864,-0.54933727,-0.44688698,0.21741425,-0.15828373,0.04534524,0,0,0,0,0
1475,307083,1.01437748,-0.50067957,-0.49360885,0.23782485,-0.13737425,0.03876257,0,0,0,0,0
1476,307291,1.00723596,-0.43574321,-0.55577133,0.23289076,-0.16541789,0.00730702,0,0,0,0,0
1477,307500,1.01833750,-0.38518392,-0.60475333,0.23788370,-0.13450093,-0.01672683,0,0,0,0,0
1478,307708,1.00283128,-0.32485530,-0.65717193,0.25627884,-0.12133307,-0.03209489,0,0,0,0,0
1479,307916,0.98869865,-0.25326961,-0.69698968,0.26715672,-0.11171948,-0.04101968,0,0,0,0,0
1480,308125,0.96742342,-0.18973906,-0.73882635,0.27435127,-0.09928843,-0.05223835,0,0,0,0,0
1481,308333,0.94246048,-0.12976334,-0.78401158,0.25471686,-0.08273758,-0.08015792,0,0,0,0,0
1482,308541,0.90457134,-0.05062921,-0.82086590,0.26947430,-0.05578814,-0.10053058,0,0,0,0,0
1483,308750,0.88174729,0.01143912,-0.85197767,0.26717203,-0.04842812,-0.10816687,0,0,0,0,0
1484,308958,0.83578962,0.07075735,-0.88730320,0.23364599,-0.05114341,-0.14705856,0,0,0,0,0
1485,309166,0.79237392,0.13849855,-0.90803392,0.26291915,-0.00962710,-0.14167837,0,0,0,0,0
1486,309375,0.75246749,0.19921239,-0.93567477,0.24735307,0.00630367,-0.14428403,0,0,0,0,0
1487,309583,0.71192978,0.26879463,-0.94829349,0.24810070,0.01842972,-0.17974249,0,0,0,0,0
1488,309791,0.65341064,0.32833478,-0.96942610,0.22341758,0.01823064,-0.18580212,0,0,0,0,0
1489,310000,0.60004163,0.39182268,-0.98024269,0.21609611,0.04574205,-0.18772491,0,0,0,0,0
1490,310208,0.54891440,0.45157679,-0.97494117,0.21122440,0.06387065,-0.19773380,0,0,0,0,0
1491,310416,0.49969930,0.50748676,-0.98897162,0.20143598,0.05781698,-0.20605153,0,0,0,0,0
1492,310625,0.42892391,0.56331889,-0.98093160,0.19865665,0.07575253,-0.20162952,0,0,0,0,0
1493,310833,0.37763522,0.62355625,-0.97277257,0.18505330,0.08331544,-0.21032211,0,0,0,0,0
1494,311041,0.31167513,0.67328424,-0.95517204,0.19760981,0.09264385,-0.22053661,0,0,0,0,0
1495,311250,0.24298396,0.71820202,-0.94393915,0.17802494,0.10402513,-0.21992182,0,0,0,0,0
1496,311458,0.19103908,0.76506499,-0.91258351,0.16161176,0.11720764,-0.19797203,0,0,0,0,0
1497,311666,0.11785594,0.79499783,-0.88939462,0.16378112,0.11391719,-0.21853131,0,0,0,0,0
1498,311875,0.06317633,0.84244336,-0.85355911,0.15349508,0.10111468,-0.21318469,0,0,0,0,0
1499,312083,-0.00407027,0.87063390,-0.82898688,0.14250418,0.14341327,-0.22636094,0,0,0,0,0
1500,312291,-0.05441073,0.89834312,-0.78254036,0.13929189,0.16711817,-0.20472260,0,0,0,0,0
1501,312500,-0.13250854,0.91595895,-0.75497421,0.12448118,0.14776068,-0.21378011,0,0,0,0,0
1502,312708,-0.20611855,0.93719106,-0.71859365,0.09731193,0.18183927,-0.21532640,0,0,0,0,0
1503,312916,-0.25078616,0.96381628,-0.65814928,0.08939547,0.17577688,-0.20379193,0,0,0,0,0
1504,313125,-0.31884627,0.97194743,-0.61280448,0.05811469,0.20181578,-0.22412996,0,0,0,0,0
1505,313333,-0.37026198,0.98673826,-0.55894260,0.05750771,0.20714636,-0.21070301,0,0,0,0,0
1506,313541,-0.43904264,0.99027805,-0.51341206,0.05339069,0.21793469,-0.20946601,0,0,0,0,0
1507,313750,-0.49189843,0.98669992,-0.44857556,0.02807107,0.22636749,-0.18865324,0,0,0,0,0
1508,313958,-0.54770503,0.98377547,-0.38167528,0.02462808,0.22772201,-0.18597889,0,0,0,0,0
1509,314166,-0.61111323,0.98276342,-0.33250321,0.01493019,0.21747498,-0.19629056,0,0,0,0,0
1510,314375,-0.65779464,0.96935160,-0.27294385,0.01863345,0.22547954,-0.14915977,0,0,0,0,0
1511,314583,-0.70772910,0.95565286,-0.21072280,-0.00270314,0.22637950,-0.14420393,0,0,0,0,0
1512,314791,-0.74358045,0.93315434,-0.14488998,-0.01204639,0.23212830,-0.15694517,0,0,0,0,0
1513,315000,-0.78435486,0.91254033,-0.06736205,-0.02151766,0.22040754,-0.15964099,0,0,0,0,0
1514,315208,-0.82387451,0.87739772,-0.01745507,-0.04282362,0.22778965,-0.12776659,0,0,0,0,0
1515,315416,-0.85760645,0.84648764,0.04668361,-0.04282880,0.24853958,-0.12548559,0,0,0,0,0
1516,315625,-0.88428639,0.81218693,0.11346931,-0.07420307,0.22873127,-0.11099271,0,0,0,0,0
1517,315833,-0.90990436,0.77558076,0.17518775,-0.07652563,0.24372531,-0.11344640,0,0,0,0,0
1518,316041,-0.93548647,0.73608686,0.24334894,-0.08554317,0.24420832,-0.11513021,0,0,0,0,0
1519,316250,-0.95582688,0.69470438,0.30790577,-0.13929726,0.22328976,-0.09272953,0,0,0,0,0
1520,316458,-0.95701274,0.64495493,0.36313130,-0.10279879,0.23471271,-0.09883270,0,0,0,0,0
1521,316666,-0.97403489,0.58391262,0.41848926,-0.13287970,0.22528757,-0.07428953,0,0,0,0,0
1522,316875,-0.98140452,0.53751721,0.47567505,-0.14705797,0.23341073,-0.06317548,0,0,0,0,0
1523,317083,-0.98804487,0.47701961,0.52128243,-0.16568053,0.23867679,-0.03564191,0,0,0,0,0
1524,317291,-0.98252557,0.42053818,0.58024090,-0.16983517,0.20254197,-0.03759356,0,0,0,0,0
1525,317500,-0.96899487,0.35924425,0.64600918,-0.18783348,0.19488885,-0.03993592,0,0,0,0,0
1526,317708,-0.95684454,0.29270771,0.69160991,-0.19152389,0.19514137,0.00307579,0,0,0,0,0
1527,317916,-0.94346170,0.24162726,0.73438302,-0.18770490,0.17459163,0.00296047,0,0,0,0,0
1528,318125,-0.93047134,0.17646719,0.77799989,-0.18398313,0.18808632,0.03247686,0,0,0,0,0
1529,318333,-0.89066606,0.11327007,0.81930079,-0.20536052,0.13929887,0.03523673,0,0,0,0,0
1530,318541,-0.88310269,0.05201615,0.85644888,-0.20268454,0.12763020,0.04879122,0,0,0,0,0
1531,318750,-0.84141796,-0.01558561,0.89673643,-0.19765411,0.13204270,0.05265409,0,0,0,0,0
1532,318958,-0.80454693,-0.08005937,0.92128730,-0.22247621,0.11680964,0.07947443,0,0,0,0,0
1533,319166,-0.76362780,-0.15722760,0.92902630,-0.20293280,0.08167281,0.10629222,0,0,0,0,0
1534,319375,-0.72378928,-0.21101711,0.96775601,-0.19083883,0.08115035,0.11028664,0,0,0,0,0
1535,319583,-0.67144901,-0.27545138,0.99022385,-0.17236231,0.04822480,0.10794178,0,0,0,0,0
1536,319791,-0.61833792,-0.33623938,1.00065525,-0.14578346,0.03289016,0.13590448,0,0,0,0,0
1537,320000,-0.57097782,-0.39898130,1.00267487,-0.15807373,0.02714855,0.14197631,0,0,0,0,0
1538,320208,-0.52590591,-0.45885174,1.01515442,-0.14499238,-0.00102119,0.15077615,0,0,0,0,0
1539,320416,-0.46626401,-0.51616312,1.00867692,-0.15164330,-0.00772161,0.15505625,0,0,0,0,0
1540,320625,-0.40194616,-0.56242383,1.00336285,-0.14048457,0.00160475,0.15991798,0,0,0,0,0
1541,320833,-0.35012884,-0.61927385,1.00166156,-0.14120653,-0.01322994,0.14572707,0,0,0,0,0
1542,321041,-0.27759746,-0.67118852,0.98023633,-0.12955281,-0.02954433,0.14252974,0,0,0,0,0
1543,321250,-0.20904735,-0.71482411,0.96173151,-0.12445701,-0.03535540,0.13564283,0,0,0,0,0
1544,321458,-0.15630704,-0.76085963,0.94356014,-0.13208880,-0.04128510,0.14346399,0,0,0,0,0
1545,321666,-0.09834651,-0.79838862,0.91625140,-0.10218739,-0.06824858,0.15888619,0,0,0,0,0
1546,321875,-0.03480055,-0.82545005,0.88550629,-0.11562633,-0.07756656,0.14618001,0,0,0,0,0
1547,322083,0.03349401,-0.86062298,0.86293334,-0.06233290,-0.07767052,0.14927692,0,0,0,0,0
1548,322291,0.09621104,-0.88937993,0.81682849,-0.08414546,-0.08430456,0.17162444,0,0,0,0,0
1549,322500,0.16442984,-0.91714636,0.77851810,-0.06610955,-0.10492002,0.13878727,0,0,0,0,0
1550,322708,0.21823574,-0.93658111,0.73759869,-0.06752329,-0.12937884,0.16590731,0,0,0,0,0
1551,322916,0.28179308,-0.95491769,0.68085432,-0.04730171,-0.12402334,0.16299317,0,0,0,0,0
1552,323125,0.34957306,-0.97446653,0.63388042,-0.04158423,-0.14897755,0.13967032,0,0,0,0,0
1553,323333,0.41338673,-0.97433364,0.58329625,-0.01341635,-0.13409730,0.13790923,0,0,0,0,0
1554,323541,0.47036858,-0.97325017,0.52931302,-0.00960275,-0.16736113,0.13816622,0,0,0,0,0
1555,323750,0.52344381,-0.96788416,0.47245754,-0.01968791,-0.17061633,0.12258825,0,0,0,0,0
1556,323958,0.57670384,-0.97519979,0.41088496,0.00871410,-0.17523806,0.11482398,0,0,0,0,0
1557,324166,0.63275014,-0.96672455,0.35594979,-0.00415740,-0.18243277,0.11070890,0,0,0,0,0
1558,324375,0.67587503,-0.94058581,0.29220145,0.02756755,-0.19268643,0.11802919,0,0,0,0,0
1559,324583,0.72585304,-0.94890026,0.22512469,0.02403651,-0.19707820,0.08261113,0,0,0,0,0
1560,324791,0.75496447,-0.92066170,0.15786207,0.03952781,-0.20459037,0.09171931,0,0,0,0,0
1561,325000,0.80972327,-0.88931772,0.08706201,0.04145851,-0.19440085,0.05328702,0,0,0,0,0
1562,325208,0.84489490,-0.85624015,0.03831100,0.05174902,-0.22008384,0.07873609,0,0,0,0,0
1563,325416,0.88493179,-0.82807243,-0.04288722,0.04900404,-0.21574653,0.04104710,0,0,0,0,0
1564,325625,0.91135957,-0.79480071,-0.10035876,0.09625036,-0.18935281,0.05000132,0,0,0,0,0
1565,325833,0.93371962,-0.75489136,-0.16754123,0.08643981,-0.21731503,0.04718213,0,0,0,0,0
1566,326041,0.95016075,-0.70740440,-0.22620989,0.11768020,-0.19729635,0.05107051,0,0,0,0,0
1567,326250,0.96061384,-0.67057212,-0.28950684,0.11149105,-0.23260383,0.03367114,0,0,0,0,0
1568,326458,0.98431432,-0.61631080,-0.34269978,0.13355422,-0.19509897,0.01390223,0,0,0,0,0
1569,326666,0.99099268,-0.56001213,-0.41635844,0.14137710,-0.20570349,0.00663942,0,0,0,0,0
1570,326875,0.98904409,-0.51734991,-0.47336426,0.16745021,-0.20424139,-0.00820733,0,0,0,0,0
1571,327083,0.99566201,-0.45763047,-0.52497580,0.14991821,-0.22322223,-0.01840548,0,0,0,0,0
1572,327291,0.99520660,-0.40069972,-0.58168441,0.18768496,-0.20419352,-0.01081741,0,0,0,0,0
1573,327500,0.99365404,-0.34526311,-0.63929991,0.17319479,-0.20177167,-0.03637370,0,0,0,0,0
1574,327708,0.97490714,-0.27944583,-0.68253848,0.18866894,-0.17315859,-0.05497569,0,0,0,0,0
1575,327916,0.94909700,-0.21123620,-0.73244002,0.17999869,-0.16343341,-0.05277653,0,0,0,0,0
1576,328125,0.94358423,-0.14257443,-0.78089453,0.20129063,-0.18002472,-0.07133216,0,0,0,0,0
1577,328333,0.90190424,-0.08791167,-0.82227508,0.19002558,-0.14103624,-0.08384161,0,0,0,0,0
1578,328541,0.88048853,-0.02603408,-0.86628775,0.17351064,-0.13180356,-0.10913133,0,0,0,0,0
1579,328750,0.83596769,0.04291777,-0.89320718,0.16755029,-0.11661208,-0.11715425,0,0,0,0,0
1580,328958,0.80483311,0.10977138,-0.92936627,0.15965602,-0.10064555,-0.14848412,0,0,0,0,0
1581,329166,0.76550466,0.18291973,-0.95580379,0.17069943,-0.09544989,-0.12451640,0,0,0,0,0
1582,329375,0.71239439,0.23894309,-0.97919909,0.15893846,-0.07373983,-0.14937966,0,0,0,0,0
1583,329583,0.66632902,0.31469877,-0.98986513,0.14545782,-0.06214259,-0.17546838,0,0,0,0,0
1584,329791,0.62329409,0.37574352,-1.01447857,0.14138439,-0.02994285,-0.17609864,0,0,0,0,0
1585,330000,0.57360969,0.42358781,-1.02373003,0.12893570,-0.02438388,-0.18192779,0,0,0,0,0
1586,330208,0.50856517,0.49170505,-1.02509933,0.12403785,-0.03164829,-0.20817461,0,0,0,0,0
1587,330416,0.45409704,0.54350534,-1.02281922,0.13949784,0.00753864,-0.21522236,0,0,0,0,0
1588,330625,0.40301794,0.60415754,-1.02000608,0.12763783,0.01025614,-0.19865903,0,0,0,0,0
1589,330833,0.34304894,0.65366782,-1.01418038,0.08719339,0.02798326,-0.19650044,0,0,0,0,0
1590,331041,0.27952797,0.70525120,-1.00073510,0.10321161,0.03894378,-0.20186487,0,0,0,0,0
1591,331250,0.20782389,0.75192551,-0.97863507,0.09770082,0.04372960,-0.19657841,0,0,0,0,0
1592,331458,0.14314302,0.79496599,-0.95649571,0.07269299,0.03936150,-0.20266732,0,0,0,0,0
1593,331666,0.08532392,0.83384686,-0.92622800,0.06610430,0.06024177,-0.20483395,0,0,0,0,0
1594,331875,0.01973195,0.86980265,-0.89664392,0.06341087,0.05808179,-0.20064294,0,0,0,0,0
1595,332083,-0.04369530,0.89227300,-0.87045889,0.06374179,0.07177097,-0.18591898,0,0,0,0,0
1596,332291,-0.11006313,0.92374775,-0.83414776,0.03178892,0.08257540,-0.17823842,0,0,0,0,0
1597,332500,-0.16775553,0.95394139,-0.79345528,0.04661008,0.10404302,-0.19749964,0,0,0,0,0
1598,332708,-0.23778528,0.97551356,-0.74809993,0.00438903,0.07667658,-0.17699026,0,0,0,0,0
1599,332916,-0.29927132,0.98601324,-0.70329155,-0.00490066,0.09249553,-0.17863011,0,0,0,0,0
1600,333125,-0.35751634,0.99335515,-0.65655334,-0.00969213,0.12393858,-0.17628281,0,0,0,0,0
1601,333333,-0.42390612,1.00639637,-0.60428292,-0.03470256,0.11414642,-0.18495934,0,0,0,0,0
1602,333541,-0.48905345,1.00024280,-0.54842794,-0.03107151,0.12980475,-0.15823794,0,0,0,0,0
1603,333750,-0.53862389,1.00434690,-0.49601414,-0.04496177,0.12349803,-0.15745694,0,0,0,0,0
1604,333958,-0.59424640,0.99732332,-0.43919507,-0.04285520,0.12674993,-0.13416797,0,0,0,0,0
1605,334166,-0.64401420,0.99209528,-0.37701903,-0.06010624,0.13874183,-0.11328450,0,0,0,0,0
1606,334375,-0.68989934,0.98156618,-0.30753901,-0.06828405,0.12988281,-0.12771573,0,0,0,0,0
1607,334583,-0.73980411,0.97099832,-0.24818674,-0.08080817,0.13411899,-0.09787060,0,0,0,0,0
1608,334791,-0.78332977,0.94907329,-0.18754904,-0.07361978,0.14763529,-0.09657498,0,0,0,0,0
1609,335000,-0.82805264,0.92630897,-0.12286126,-0.09458986,0.14427737,-0.08963567,0,0,0,0,0
1610,335208,-0.86526856,0.89724872,-0.05220606,-0.11176767,0.14973327,-0.07148413,0,0,0,0,0
1611,335416,-0.88689311,0.86586133,0.02004536,-0.11777714,0.15476346,-0.06686390,0,0,0,0,0
1612,335625,-0.92863280,0.82760649,0.08257242,-0.15226533,0.17071563,-0.07826745,0,0,0,0,0
1613,335833,-0.95614473,0.78982875,0.13721292,-0.14615618,0.17811442,-0.02432910,0,0,0,0,0
1614,336041,-0.97890280,0.73757867,0.21202485,-0.16869100,0.15327304,-0.05136471,0,0,0,0,0
1615,336250,-0.98688980,0.70323223,0.26185699,-0.17840474,0.17400702,-0.03587063,0,0,0,0,0
1616,336458,-1.00928853,0.64647736,0.32056666,-0.20104337,0.14129685,-0.02923529,0,0,0,0,0
1617,336666,-1.02515266,0.60088187,0.38756529,-0.19590880,0.14727993,0.00821541,0,0,0,0,0
1618,336875,-1.01917682,0.54123376,0.44975908,-0.21477279,0.16026836,-0.00156755,0,0,0,0,0
1619,337083,-1.02267476,0.49034443,0.50275139,-0.20521096,0.15262487,0.00884907,0,0,0,0,0
1620,337291,-1.01886709,0.42329475,0.55221964,-0.24524644,0.13735814,0.01754524,0,0,0,0,0
1621,337500,-1.01231929,0.36631686,0.60089284,-0.23002425,0.13709811,0.03769740,0,0,0,0,0
1622,337708,-1.01504056,0.30457163,0.65361842,-0.23609285,0.13896113,0.05285343,0,0,0,0,0
1623,337916,-0.99685825,0.22671057,0.69467815,-0.25436372,0.12172117,0.03962908,0,0,0,0,0
1624,338125,-0.96011492,0.17273591,0.75197657,-0.23808622,0.09479996,0.08360514,0,0,0,0,0
1625,338333,-0.93915366,0.11104867,0.78696897,-0.23541007,0.10074986,0.10577959,0,0,0,0,0
1626,338541,-0.91739537,0.04443217,0.83070135,-0.26298171,0.07747795,0.12626197,0,0,0,0,0
1627,338750,-0.88234709,-0.01997321,0.85786930,-0.22664428,0.07237293,0.13926890,0,0,0,0,0
1628,338958,-0.83247926,-0.08820692,0.89879436,-0.23109537,0.03996697,0.15050494,0,0,0,0,0
1629,339166,-0.79517997,-0.15480296,0.91882716,-0.23181735,0.02778762,0.16001425,0,0,0,0,0
1630,339375,-0.75370686,-0.21574146,0.94077633,-0.22745529,0.01622911,0.17683593,0,0,0,0,0
1631,339583,-0.70679469,-0.28712604,0.96569570,-0.20327303,-0.00395595,0.20490924,0,0,0,0,0
1632,339791,-0.66106069,-0.34635646,0.97896704,-0.20327334,-0.01709375,0.18638703,0,0,0,0,0
1633,340000,-0.60157765,-0.41353284,0.98193486,-0.19228100,-0.02609029,0.21079351,0,0,0,0,0
1634,340208,-0.54402925,-0.47945225,0.98707900,-0.17058223,-0.04357620,0.20247364,0,0,0,0,0
1635,340416,-0.47963899,-0.54093461,0.98561812,-0.18047360,-0.06795052,0.21944122,0,0,0,0,0
1636,340625,-0.42735836,-0.58669080,0.99210665,-0.16181743,-0.05883531,0.24259205,0,0,0,0,0
1637,340833,-0.36827057,-0.64726841,0.98324440,-0.14474801,-0.07848978,0.23812003,0,0,0,0,0
1638,341041,-0.30499253,-0.69264731,0.96471638,-0.15929082,-0.06807521,0.20256409,0,0,0,0,0
1639,341250,-0.23832831,-0.74268123,0.94884233,-0.15049043,-0.09961335,0.21874034,0,0,0,0,0
1640,341458,-0.17244313,-0.79115035,0.92805794,-0.14358217,-0.09486681,0.22407738,0,0,0,0,0
1641,341666,-0.11150867,-0.81983286,0.91254072,-0.13453298,-0.11926487,0.21627052,0,0,0,0,0
1642,341875,-0.04112899,-0.86648109,0.88256232,-0.12026799,-0.10410599,0.22999995,0,0,0,0,0
1643,342083,0.01411198,-0.88734942,0.84079132,-0.12198656,-0.10185744,0.23301871,0,0,0,0,0
1644,342291,0.07379181,-0.90790592,0.80175295,-0.10421532,-0.12362004,0.22591609,0,0,0,0,0
1645,342500,0.14076079,-0.93708453,0.76744252,-0.06310529,-0.12879873,0.21369570,0,0,0,0,0
1646,342708,0.20228708,-0.95551943,0.72270641,-0.07316062,-0.13119179,0.20981938,0,0,0,0,0
1647,342916,0.27432000,-0.96325154,0.67694207,-0.04365890,-0.13901893,0.22549772,0,0,0,0,0
1648,343125,0.33876484,-0.98680158,0.63203968,-0.04505873,-0.15859073,0.21864741,0,0,0,0,0
1649,343333,0.39158466,-1.00203817,0.58058710,-0.03402506,-0.16828023,0.21857651,0,0,0,0,0
1650,343541,0.45589390,-1.01046313,0.52560213,-0.00944634,-0.19662954,0.20602126,0,0,0,0,0
1651,343750,0.51638286,-0.99987327,0.46290083,-0.00680948,-0.19068023,0.19160093,0,0,0,0,0
1652,343958,0.56200659,-1.00790739,0.40666161,0.01193082,-0.16528938,0.18024533,0,0,0,0,0
1653,344166,0.62043830,-0.99512451,0.35554499,0.00373513,-0.19453435,0.16600179,0,0,0,0,0
1654,344375,0.66903752,-0.98281231,0.28788867,0.02021642,-0.20273564,0.17303114,0,0,0,0,0
1655,344583,0.72257769,-0.96240066,0.22369006,0.04644018,-0.20263430,0.15540362,0,0,0,0,0
1656,344791,0.76791879,-0.96143367,0.16088339,0.04002312,-0.18951918,0.12909104,0,0,0,0,0
1657,345000,0.79985241,-0.92450208,0.10592916,0.04411631,-0.20029343,0.15947189,0,0,0,0,0
1658,345208,0.83611921,-0.90935279,0.03101487,0.07206360,-0.21835943,0.14056639,0,0,0,0,0
1659,345416,0.87225090,-0.86030580,-0.03320166,0.07703450,-0.19797152,0.10669588,0,0,0,0,0
1660,345625,0.90221850,-0.84337485,-0.09852037,0.11215499,-0.19294293,0.12669210,0,0,0,0,0
1661,345833,0.92994241,-0.79637989,-0.16713791,0.13463398,-0.21179303,0.10930239,0,0,0,0,0
1662,346041,0.94674919,-0.74574443,-0.22528355,0.13758526,-0.20649619,0.09382531,0,0,0,0,0
1663,346250,0.96690060,-0.69944909,-0.27679775,0.13780889,-0.21225788,0.08488433,0,0,0,0,0
1664,346458,0.97388753,-0.65003907,-0.35051015,0.16905502,-0.19104201,0.07681541,0,0,0,0,0
1665,346666,0.99214745,-0.59132236,-0.41378055,0.17463561,-0.19474462,0.06717100,0,0,0,0,0
1666,346875,0.98960514,-0.54554280,-0.46050317,0.19481548,-0.19226786,0.05332852,0,0,0,0,0
1667,347083,0.99463148,-0.49384679,-0.52467321,0.19419939,-0.19320105,0.05375904,0,0,0,0,0
1668,347291,0.99867424,-0.43318210,-0.56534304,0.20803043,-0.20243541,0.04642776,0,0,0,0,0
1669,347500,0.98931222,-0.37223094,-0.61458149,0.20850006,-0.15476592,-0.00053339,0,0,0,0,0
1670,347708,0.96864031,-0.31493732,-0.67222140,0.22839378,-0.15214309,0.00257846,0,0,0,0,0
1671,347916,0.95494572,-0.25591187,-0.71669268,0.22404488,-0.15221004,-0.02089070,0,0,0,0,0
1672,348125,0.94796813,-0.17785151,-0.75779275,0.21348581,-0.14175974,-0.03120733,0,0,0,0,0
1673,348333,0.91583307,-0.11661683,-0.79511326,0.22399677,-0.12018306,-0.06221226,0,0,0,0,0
1674,348541,0.89130966,-0.06331914,-0.83881887,0.22578472,-0.10024743,-0.07606696,0,0,0,0,0
1675,348750,0.85208485,0.00399884,-0.86785759,0.23805510,-0.08712737,-0.08033068,0,0,0,0,0
1676,348958,0.82312415,0.06964755,-0.90683039,0.22838133,-0.05771653,-0.08327517,0,0,0,0,0
1677,349166,0.77787702,0.14967452,-0.92681651,0.21334199,-0.05981789,-0.12098818,0,0,0,0,0
1678,349375,0.74015994,0.20779346,-0.95396478,0.21229829,-0.03808781,-0.12713444,0,0,0,0,0
1679,349583,0.68497855,0.26303115,-0.97685924,0.20841140,-0.01533380,-0.13548341,0,0,0,0,0
1680,349791,0.64418282,0.33859440,-0.98258068,0.20184050,-0.00269649,-0.15103505,0,0,0,0,0
1681,350000,0.58184241,0.39047306,-0.98931928,0.19960285,0.01892569,-0.16899167,0,0,0,0,0
1682,350208,0.53537145,0.45715600,-0.99920804,0.19378216,0.03330979,-0.17461491,0,0,0,0,0
1683,350416,0.47947112,0.50520469,-0.99099288,0.17250240,0.02458964,-0.16738491,0,0,0,0,0
1684,350625,0.42038549,0.56431114,-0.98788358,0.18943368,0.06004534,-0.18345993,0,0,0,0,0
1685,350833,0.35350371,0.61530724,-0.98621418,0.15510522,0.06406692,-0.16676043,0,0,0,0,0
1686,351041,0.28859312,0.65854331,-0.97237978,0.15962886,0.06017136,-0.17695022,0,0,0,0,0
1687,351250,0.23498417,0.71882683,-0.95156280,0.14770458,0.08582682,-0.18340345,0,0,0,0,0
1688,351458,0.15994548,0.75692662,-0.92692954,0.16068722,0.08569692,-0.19075091,0,0,0,0,0
1689,351666,0.09870553,0.79852850,-0.90699468,0.14422837,0.11170644,-0.18008412,0,0,0,0,0
1690,351875,0.04812708,0.83100996,-0.86279082,0.12827430,0.11070282,-0.17612106,0,0,0,0,0
1691,352083,-0.01761212,0.86200894,-0.83619393,0.10766810,0.12925175,-0.18900553,0,0,0,0,0
1692,352291,-0.08173502,0.88961287,-0.80901484,0.09659613,0.12992603,-0.16935975,0,0,0,0,0
1693,352500,-0.15313415,0.90893877,-0.75316920,0.11229973,0.14446418,-0.17993408,0,0,0,0,0
1694,352708,-0.21006678,0.93300670,-0.71770189,0.07795031,0.13695851,-0.17807773,0,0,0,0,0
1695,352916,-0.27089415,0.94753415,-0.66969736,0.08921605,0.16732049,-0.18989892,0,0,0,0,0
1696,353125,-0.32912818,0.95294705,-0.62123455,0.06863422,0.17013175,-0.18287413,0,0,0,0,0
1697,353333,-0.39478723,0.97364255,-0.57603994,0.03675665,0.17480719,-0.15967597,0,0,0,0,0
1698,353541,-0.44836261,0.97418678,-0.52081427,0.04919622,0.18791206,-0.15416134,0,0,0,0,0
1699,353750,-0.51208111,0.97359206,-0.46167894,0.02174673,0.18749538,-0.15404401,0,0,0,0,0
1700,353958,-0.56491802,0.97115253,-0.39771720,0.01089171,0.19386609,-0.15628520,0,0,0,0,0
1701,354166,-0.61518258,0.96241454,-0.34406933,-0.01116550,0.19235917,-0.13346737,0,0,0,0,0
1702,354375,-0.66729697,0.95356133,-0.27666433,-0.00358657,0.20376946,-0.12832049,0,0,0,0,0
1703,354583,-0.71680542,0.94533435,-0.21469025,-0.01260590,0.21215685,-0.12666430,0,0,0,0,0
1704,354791,-0.75444898,0.92297984,-0.14467967,-0.02937674,0.20850583,-0.09852911,0,0,0,0,0
1705,355000,-0.79642446,0.89247145,-0.07902729,-0.03910186,0.25027564,-0.12268603,0,0,0,0,0
1706,355208,-0.82984178,0.86539591,-0.01666214,-0.04643318,0.22792087,-0.11015260,0,0,0,0,0
1707,355416,-0.86214397,0.83506391,0.05043515,-0.07179728,0.21874850,-0.08885183,0,0,0,0,0
1708,355625,-0.89459972,0.80752874,0.11948769,-0.07254269,0.21630776,-0.10291654,0,0,0,0,0
1709,355833,-0.91652513,0.76267871,0.17861212,-0.08571096,0.22245220,-0.10001075,0,0,0,0,0
1710,356041,-0.93909890,0.71297608,0.24180190,-0.07539358,0.22371098,-0.08569318,0,0,0,0,0
1711,356250,-0.95763294,0.67974454,0.30266266,-0.10097945,0.23411964,-0.07868505,0,0,0,0,0
1712,356458,-0.96477865,0.62688210,0.36847339,-0.12183589,0.21989384,-0.06650525,0,0,0,0,0
1713,356666,-0.98421321,0.57858908,0.42356710,-0.14619615,0.23601108,-0.05197108,0,0,0,0,0
1714,356875,-0.98932746,0.51727916,0.47838626,-0.16609476,0.22050030,-0.03641478,0,0,0,0,0
1715,357083,-0.98166622,0.47076412,0.53627770,-0.17959903,0.21878971,-0.02723722,0,0,0,0,0
1716,357291,-0.97911337,0.40490348,0.58976556,-0.16506925,0.20373972,-0.00634769,0,0,0,0,0
1717,357500,-0.97485418,0.34638044,0.63881084,-0.17419352,0.19226636,0.00909990,0,0,0,0,0
1718,357708,-0.96519503,0.28686515,0.68801309,-0.18684201,0.20650302,0.03540852,0,0,0,0,0
1719,357916,-0.95393502,0.21944405,0.73484774,-0.16925520,0.19360537,0.05132175,0,0,0,0,0
1720,358125,-0.92429140,0.16060847,0.78043598,-0.17915452,0.17675408,0.02607962,0,0,0,0,0
1721,358333,-0.89327441,0.09582526,0.82628530,-0.17228914,0.14097569,0.08011198,0,0,0,0,0
1722,358541,-0.87429692,0.03262277,0.86787383,-0.18870859,0.14504276,0.05624428,0,0,0,0,0
1723,358750,-0.83788088,-0.02794039,0.89161324,-0.19668817,0.12197272,0.09958377,0,0,0,0,0
1724,358958,-0.79828725,-0.09325556,0.92194664,-0.16361052,0.11572094,0.09161428,0,0,0,0,0
1725,359166,-0.76406015,-0.16489728,0.94990308,-0.17897976,0.10045924,0.11770515,0,0,0,0,0
1726,359375,-0.71611888,-0.23681924,0.97737334,-0.17399446,0.06610149,0.12064110,0,0,0,0,0
1727,359583,-0.67259642,-0.28817450,1.00152584,-0.15572058,0.06536940,0.13960326,0,0,0,0,0
1728,359791,-0.61738767,-0.35915014,1.01102966,-0.15071996,0.05292509,0.15656908,0,0,0,0,0
1729,360000,-0.55979953,-0.41518573,1.02305767,-0.16381871,0.03129782,0.13910382,0,0,0,0,0
1730,360208,-0.50941123,-0.48528793,1.01940752,-0.14334680,0.01438938,0.17488050,0,0,0,0,0
1731,360416,-0.45454202,-0.53711255,1.01543404,-0.11612471,0.00477661,0.17309286,0,0,0,0,0
1732,360625,-0.39303647,-0.59341844,1.01367559,-0.11251837,-0.01993482,0.18228454,0,0,0,0,0
1733,360833,-0.34040796,-0.64264205,1.01357565,-0.09944948,-0.02990186,0.17792270,0,0,0,0,0
1734,361041,-0.26637617,-0.68659708,0.99440713,-0.11933790,-0.03861729,0.18003885,0,0,0,0,0
1735,361250,-0.20518960,-0.73755615,0.97452769,-0.10490653,-0.06251108,0.16240251,0,0,0,0,0
1736,361458,-0.14691856,-0.78382903,0.94536635,-0.09579695,-0.03704289,0.18701973,0,0,0,0,0
1737,361666,-0.08144854,-0.82221787,0.92857745,-0.09069288,-0.05322404,0.17797186,0,0,0,0,0
1738,361875,-0.01767609,-0.85101859,0.89348721,-0.08009715,-0.05934875,0.17745710,0,0,0,0,0
1739,362083,0.04399774,-0.89136301,0.87140575,-0.06185141,-0.05709700,0.19295827,0,0,0,0,0
1740,362291,0.10937022,-0.90658834,0.83111408,-0.04345006,-0.07018764,0.17682175,0,0,0,0,0
1741,362500,0.16621130,-0.93081560,0.78860254,-0.05159967,-0.10056757,0.18232131,0,0,0,0,0
1742,362708,0.23348255,-0.95097085,0.75152748,-0.03547488,-0.11563193,0.15159653,0,0,0,0,0
1743,362916,0.29620382,-0.96911711,0.69661995,-0.03299377,-0.10579030,0.18989625,0,0,0,0,0
1744,363125,0.35948881,-0.98246934,0.64123713,0.00200415,-0.14685929,0.15516577,0,0,0,0,0
1745,363333,0.41696723,-0.99083697,0.59374593,-0.01091000,-0.12139357,0.16910580,0,0,0,0,0
1746,363541,0.47579033,-0.98772056,0.53634412,0.00039404,-0.13892044,0.14490280,0,0,0,0,0
1747,363750,0.52919433,-0.99173360,0.48950573,0.00347371,-0.13481544,0.14226985,0,0,0,0,0
1748,363958,0.59491821,-1.00097814,0.41982514,0.02458215,-0.14124699,0.12524564,0,0,0,0,0
1749,364166,0.64624262,-0.98510163,0.35729131,0.01947121,-0.14710499,0.12204410,0,0,0,0,0
1750,364375,0.69122803,-0.98476196,0.30874630,0.04873969,-0.16064022,0.11162202,0,0,0,0,0
1751,364583,0.74189608,-0.95054682,0.24074964,0.04918156,-0.15266400,0.09229801,0,0,0,0,0
1752,364791,0.78355552,-0.93327170,0.18249737,0.06299495,-0.18278505,0.07614886,0,0,0,0,0
1753,365000,0.82309183,-0.91357247,0.11248842,0.05921450,-0.16886569,0.08313370,0,0,0,0,0
1754,365208,0.86591983,-0.87769001,0.04703737,0.09754783,-0.16463383,0.05886125,0,0,0,0,0
1755,365416,0.87834806,-0.84501490,-0.02573835,0.11990053,-0.18357676,0.06891216,0,0,0,0,0
1756,365625,0.92143987,-0.81350833,-0.08219855,0.10638355,-0.17579525,0.02918842,0,0,0,0,0
1757,365833,0.93845704,-0.77376369,-0.14659639,0.12182370,-0.18490215,0.03457794,0,0,0,0,0
1758,366041,0.96138894,-0.72493542,-0.21929934,0.14644941,-0.17794905,0.04115410,0,0,0,0,0
1759,366250,0.98213535,-0.67907743,-0.28551467,0.16453620,-0.17853888,0.04886789,0,0,0,0,0
1760,366458,0.99056422,-0.63365561,-0.34080097,0.16409147,-0.16585412,0.01490992,0,0,0,0,0
1761,366666,1.00233669,-0.58276116,-0.39595469,0.15834633,-0.19041705,0.01236551,0,0,0,0,0
1762,366875,0.99616168,-0.52951777,-0.46544652,0.18758655,-0.17367933,0.00876762,0,0,0,0,0
1763,367083,1.01509082,-0.46426632,-0.51292194,0.19882452,-0.16186987,-0.01946417,0,0,0,0,0
1764,367291,1.01162069,-0.41304380,-0.56930785,0.20735939,-0.16569089,-0.02966433,0,0,0,0,0
1765,367500,0.99533643,-0.34748480,-0.62118670,0.20358521,-0.16103015,-0.03340944,0,0,0,0,0
1766,367708,0.98655035,-0.28316882,-0.67468767,0.19761021,-0.16521873,-0.06667713,0,0,0,0,0
1767,367916,0.97614018,-0.23074017,-0.71771844,0.20861735,-0.15574647,-0.08922397,0,0,0,0,0
1768,368125,0.95070979,-0.16320677,-0.75546846,0.22873920,-0.14752668,-0.07801880,0,0,0,0,0
1769,368333,0.93185157,-0.10069805,-0.80793927,0.23373956,-0.12840954,-0.11081929,0,0,0,0,0
1770,368541,0.90065053,-0.02961551,-0.84848426,0.22524186,-0.09175774,-0.10009595,0,0,0,0,0
1771,368750,0.85053704,0.03469726,-0.86504421,0.20377673,-0.09596612,-0.14045348,0,0,0,0,0
1772,368958,0.82279721,0.10140709,-0.90591298,0.20216379,-0.07340332,-0.13873836,0,0,0,0,0
1773,369166,0.77604567,0.16446756,-0.92932713,0.20038813,-0.05968809,-0.18076505,0,0,0,0,0
1774,369375,0.73992769,0.22741094,-0.95711369,0.18360151,-0.03432345,-0.16967341,0,0,0,0,0
1775,369583,0.68888283,0.30292026,-0.98071589,0.18579282,-0.00808087,-0.18382841,0,0,0,0,0
1776,369791,0.63158838,0.36609373,-0.98659450,0.17628622,-0.01977195,-0.18691268,0,0,0,0,0
1777,370000,0.58450731,0.42878101,-0.99944771,0.16793081,0.00310789,-0.19966401,0,0,0,0,0
1778,370208,0.51840052,0.48287131,-1.01133286,0.14923491,0.01704571,-0.21643803,0,0,0,0,0
1779,370416,0.46983021,0.54142630,-1.01434186,0.14751842,0.03649913,-0.21802616,0,0,0,0,0
1780,370625,0.40825075,0.59175090,-1.00150229,0.13381466,0.04819363,-0.21573901,0,0,0,0,0
1781,370833,0.35008111,0.64600460,-0.99174011,0.14104678,0.04573988,-0.21775032,0,0,0,0,0
1782,371041,0.28987272,0.69710128,-0.99191930,0.12840225,0.02963193,-0.21832907,0,0,0,0,0
1783,371250,0.22431035,0.74668570,-0.97009393,0.13470947,0.05718436,-0.21390581,0,0,0,0,0
1784,371458,0.15726382,0.78584918,-0.93898619,0.10859575,0.06462435,-0.22609187,0,0,0,0,0
1785,371666,0.09118574,0.82701198,-0.92026788,0.11586196,0.07532747,-0.20284053,0,0,0,0,0
1786,371875,0.03276689,0.86198785,-0.89400493,0.08802399,0.07741589,-0.22301497,0,0,0,0,0
1787,372083,-0.02623842,0.89880988,-0.86051752,0.08487044,0.08170256,-0.21900376,0,0,0,0,0
1788,372291,-0.09892218,0.92365208,-0.82668870,0.06613656,0.10941397,-0.21311707,0,0,0,0,0
1789,372500,-0.16464000,0.95113056,-0.77336509,0.06233614,0.10644930,-0.21589266,0,0,0,0,0
1790,372708,-0.21621216,0.96559566,-0.72798539,0.04461183,0.12832490,-0.22102240,0,0,0,0,0
1791,372916,-0.29122838,0.98888022,-0.69367558,0.02346051,0.13439483,-0.19773126,0,0,0,0,0
1792,373125,-0.34997309,0.99321133,-0.64389547,0.03365283,0.15082084,-0.19439954,0,0,0,0,0
1793,373333,-0.40390415,0.99877623,-0.58280913,0.00696019,0.12533862,-0.18880259,0,0,0,0,0
1794,373541,-0.46610006,1.00074862,-0.53446131,-0.00771240,0.14541799,-0.19785905,0,0,0,0,0
1795,373750,-0.53558519,1.00193204,-0.47762122,-0.03685427,0.16949818,-0.18267817,0,0,0,0,0
1796,373958,-0.57574748,1.00864243,-0.41555100,-0.03079272,0.17987231,-0.16664119,0,0,0,0,0
1797,374166,-0.63208882,1.00424952,-0.36882464,-0.06221661,0.16359588,-0.14469779,0,0,0,0,0
1798,374375,-0.67927745,0.98465363,-0.29512192,-0.04758320,0.16265475,-0.14734689,0,0,0,0,0
1799,374583,-0.72938628,0.96962609,-0.24299852,-0.05460508,0.17503041,-0.12698227,0,0,0,0,0
1800,374791,-0.76743640,0.95272401,-0.18049875,-0.06961969,0.16802915,-0.11537751,0,0,0,0,0
1801,375000,-0.81926474,0.92481199,-0.09650258,-0.07403629,0.17619134,-0.11688477,0,0,0,0,0
1802,375208,-0.85727944,0.89627345,-0.04403631,-0.09763879,0.17181427,-0.11878962,0,0,0,0,0
1803,375416,-0.88698046,0.86338676,0.01614164,-0.10793157,0.18207441,-0.10734239,0,0,0,0,0
1804,375625,-0.92581075,0.83665974,0.08093432,-0.11145450,0.19641937,-0.09041383,0,0,0,0,0
1805,375833,-0.94494363,0.79378961,0.14586352,-0.12869944,0.18615457,-0.08236233,0,0,0,0,0
1806,376041,-0.95767709,0.75477603,0.21557422,-0.16230212,0.18484966,-0.06930150,0,0,0,0,0
1807,376250,-0.98467525,0.70665474,0.27687698,-0.15940851,0.16051813,-0.07941324,0,0,0,0,0
1808,376458,-0.99950449,0.66425329,0.33143463,-0.18181213,0.17524814,-0.05501709,0,0,0,0,0
1809,376666,-1.00226985,0.60425878,0.38123935,-0.20681365,0.17588443,-0.06047189,0,0,0,0,0
1810,376875,-1.01283104,0.54293574,0.44850795,-0.20395087,0.16870395,-0.02543880,0,0,0,0,0
1811,377083,-1.01775547,0.48498641,0.50652101,-0.21382240,0.18292464,-0.01087005,0,0,0,0,0
1812,377291,-1.01334237,0.44678647,0.55864333,-0.22882538,0.15830151,-0.00348190,0,0,0,0,0
1813,377500,-0.99803067,0.37131379,0.60513228,-0.23201993,0.13724786,0.00549677,0,0,0,0,0
1814,377708,-0.98770817,0.31397061,0.65584928,-0.24422617,0.15854346,0.01138864,0,0,0,0,0
1815,377916,-0.97757402,0.24313958,0.69806450,-0.23635220,0.11849148,0.04295119,0,0,0,0,0
1816,378125,-0.96095602,0.17488257,0.74771277,-0.25499095,0.11936846,0.05477047,0,0,0,0,0
1817,378333,-0.93259360,0.12679251,0.78809578,-0.25132441,0.10297162,0.07380519,0,0,0,0,0
1818,378541,-0.90357128,0.06016736,0.82784821,-0.22934927,0.09946091,0.08132027,0,0,0,0,0
1819,378750,-0.86575645,-0.01739064,0.86440156,-0.22596932,0.06888904,0.10856984,0,0,0,0,0
1820,378958,-0.83186880,-0.07888701,0.88788091,-0.22435012,0.03231168,0.12977557,0,0,0,0,0
1821,379166,-0.79387087,-0.14964033,0.92059081,-0.22751610,0.05936399,0.13386664,0,0,0,0,0
1822,379375,-0.74334291,-0.22156628,0.94197186,-0.22550184,0.02075795,0.16333294,0,0,0,0,0
1823,379583,-0.69524065,-0.26540489,0.95343625,-0.20462119,0.01414661,0.16548987,0,0,0,0,0
1824,379791,-0.64489477,-0.32709757,0.97031343,-0.21633468,-0.00221836,0.18595177,0,0,0,0,0
1825,380000,-0.60211272,-0.40200680,0.98422276,-0.18957562,-0.01936424,0.19175585,0,0,0,0,0
1826,380208,-0.54965481,-0.46463868,0.99769605,-0.18271430,-0.02710732,0.19811239,0,0,0,0,0
1827,380416,-0.48449297,-0.52508308,0.99082708,-0.18291860,-0.05837214,0.21749241,0,0,0,0,0
1828,380625,-0.42886438,-0.57399990,0.98403162,-0.16708425,-0.04232300,0.20008157,0,0,0,0,0
1829,380833,-0.36573783,-0.62691104,0.97777687,-0.15762948,-0.07831516,0.20772801,0,0,0,0,0
1830,381041,-0.30917730,-0.68034430,0.96029273,-0.14503018,-0.06759059,0.19664927,0,0,0,0,0
1831,381250,-0.23863171,-0.72341382,0.94622834,-0.15880162,-0.08956890,0.20363203,0,0,0,0,0
1832,381458,-0.17007958,-0.76736797,0.93397744,-0.14545566,-0.10146767,0.21645502,0,0,0,0,0
1833,381666,-0.11702612,-0.80975847,0.90038742,-0.11652753,-0.09717843,0.20484004,0,0,0,0,0
1834,381875,-0.05281658,-0.85113208,0.87022582,-0.13425115,-0.10270753,0.20467035,0,0,0,0,0
1835,382083,0.01715943,-0.86986374,0.83759515,-0.10968457,-0.11784715,0.21284615,0,0,0,0,0
1836,382291,0.06796444,-0.89824778,0.80671379,-0.11934590,-0.12445221,0.21803569,0,0,0,0,0
1837,382500,0.13345531,-0.92840859,0.76452172,-0.09018202,-0.13033157,0.20738004,0,0,0,0,0
1838,382708,0.20053392,-0.93581544,0.71534740,-0.07213122,-0.15723172,0.21958171,0,0,0,0,0
1839,382916,0.26218667,-0.96962759,0.66791742,-0.07362502,-0.15811240,0.21163596,0,0,0,0,0
1840,383125,0.33466174,-0.97252749,0.62680199,-0.05326615,-0.17106721,0.19277837,0,0,0,0,0
1841,383333,0.38844349,-0.98442514,0.56660825,-0.05088674,-0.15625880,0.19800504,0,0,0,0,0
1842,383541,0.43898311,-0.99311487,0.52007657,-0.02722213,-0.18196569,0.17564742,0,0,0,0,0
1843,383750,0.51148802,-0.98623348,0.45662775,-0.02175389,-0.21031195,0.18994615,0,0,0,0,0
1844,383958,0.56956385,-0.98997551,0.40578759,-0.01075315,-0.18611484,0.15168240,0,0,0,0,0
1845,384166,0.61381549,-0.98733647,0.33016499,-0.00793399,-0.20196118,0.15624651,0,0,0,0,0
1846,384375,0.65982545,-0.96482252,0.28140706,0.00329424,-0.20248279,0.14411964,0,0,0,0,0
1847,384583,0.70375948,-0.94751435,0.21299712,0.00847613,-0.20542250,0.13759447,0,0,0,0,0
1848,384791,0.74823438,-0.93071644,0.15185132,0.03382084,-0.22460823,0.13684405,0,0,0,0,0
1849,385000,0.80184854,-0.91326019,0.08703225,0.05971405,-0.20339696,0.13381968,0,0,0,0,0
1850,385208,0.82441721,-0.87586249,0.02963382,0.05621372,-0.20141072,0.12169265,0,0,0,0,0
1851,385416,0.86154144,-0.85647920,-0.04409578,0.08385525,-0.20814488,0.10593394,0,0,0,0,0
1852,385625,0.88685536,-0.82203729,-0.11325261,0.08191243,-0.22696086,0.11251172,0,0,0,0,0
1853,385833,0.91301606,-0.78209822,-0.17413106,0.08089395,-0.23858054,0.10984585,0,0,0,0,0
1854,386041,0.93809994,-0.73598669,-0.23361123,0.11058372,-0.19543604,0.09415490,0,0,0,0,0
1855,386250,0.95063108,-0.68131301,-0.30250420,0.13541131,-0.21861745,0.09004412,0,0,0,0,0
1856,386458,0.97712328,-0.64470597,-0.35698803,0.14643794,-0.21248796,0.07334120,0,0,0,0,0
1857,386666,0.98239625,-0.58475181,-0.41940441,0.13653840,-0.23005512,0.06052880,0,0,0,0,0
1858,386875,0.98949777,-0.53714434,-0.47255044,0.17046989,-0.21841594,0.04367009,0,0,0,0,0
1859,387083,0.99261545,-0.48337218,-0.53503130,0.16501480,-0.20074327,0.03959356,0,0,0,0,0
1860,387291,0.98140579,-0.41465570,-0.58063389,0.17711386,-0.19526557,0.02667293,0,0,0,0,0
1861,387500,0.98353819,-0.36531324,-0.62792323,0.19138902,-0.19826952,0.01766543,0,0,0,0,0
1862,387708,0.96408923,-0.29582158,-0.68075651,0.20471964,-0.16231401,-0.00673237,0,0,0,0,0
1863,387916,0.94470472,-0.23931442,-0.73691847,0.21976878,-0.16242843,-0.03271617,0,0,0,0,0
1864,388125,0.93070635,-0.17350609,-0.77626580,0.20501329,-0.17193615,-0.04549188,0,0,0,0,0
1865,388333,0.91208708,-0.10988415,-0.81257889,0.19525700,-0.12420164,-0.05528008,0,0,0,0,0
1866,388541,0.87155820,-0.04141792,-0.85773637,0.20371529,-0.12907884,-0.07027710,0,0,0,0,0
1867,388750,0.83752410,0.02565008,-0.88923239,0.19336050,-0.10519047,-0.07928446,0,0,0,0,0
1868,388958,0.81493563,0.08739291,-0.91092590,0.19074527,-0.08753116,-0.09511921,0,0,0,0,0
1869,389166,0.76197440,0.15332535,-0.94483692,0.21251343,-0.08343807,-0.12072679,0,0,0,0,0
1870,389375,0.72611688,0.21970960,-0.96617981,0.19467556,-0.04940767,-0.13491117,0,0,0,0,0
1871,389583,0.68330589,0.28236984,-0.98528455,0.16897836,-0.04123123,-0.13686371,0,0,0,0,0
1872,389791,0.62015219,0.33769229,-1.00340654,0.16938886,-0.02475897,-0.15182324,0,0,0,0,0
1873,390000,0.57767737,0.40035505,-1.00108363,0.17644115,-0.01249234,-0.16335068,0,0,0,0,0
1874,390208,0.53155018,0.46346747,-1.01386258,0.13176867,-0.00451994,-0.16099723,0,0,0,0,0
1875,390416,0.46149285,0.52947148,-1.00697113,0.15320741,0.00094961,-0.17748337,0,0,0,0,0
1876,390625,0.41265476,0.57119335,-1.00866013,0.15928600,0.04068380,-0.16141740,0,0,0,0,0
1877,390833,0.34535167,0.62881165,-0.99708981,0.14097427,0.03124173,-0.16251423,0,0,0,0,0
1878,391041,0.28382547,0.67674315,-0.97725976,0.12660637,0.03290667,-0.16965408,0,0,0,0,0
1879,391250,0.22873931,0.72520615,-0.96666051,0.11509079,0.04699139,-0.16129780,0,0,0,0,0
1880,391458,0.15211152,0.76677887,-0.93957545,0.13150963,0.06821314,-0.16198687,0,0,0,0,0
1881,391666,0.09766505,0.80592816,-0.92221000,0.12134584,0.06421873,-0.16321116,0,0,0,0,0
1882,391875,0.03462293,0.83091900,-0.88538815,0.09545712,0.07604387,-0.15558506,0,0,0,0,0
1883,392083,-0.03709119,0.86904964,-0.85006573,0.07755630,0.09919975,-0.16319381,0,0,0,0,0
1884,392291,-0.09135403,0.89954008,-0.82236965,0.07716389,0.11901589,-0.16907608,0,0,0,0,0
1885,392500,-0.16791325,0.92866029,-0.77291870,0.05647125,0.10819033,-0.17362945,0,0,0,0,0
1886,392708,-0.23227329,0.94350967,-0.72773191,0.05401589,0.12818502,-0.18307399,0,0,0,0,0
1887,392916,-0.28547208,0.95299990,-0.67312917,0.04679687,0.13026162,-0.16411762,0,0,0,0,0
1888,393125,-0.35564816,0.96619203,-0.63879451,0.04536366,0.14163181,-0.17672095,0,0,0,0,0
1889,393333,-0.40359553,0.98134123,-0.59182940,0.03397178,0.16772820,-0.16780877,0,0,0,0,0
1890,393541,-0.47100094,0.98084670,-0.52460801,0.00952290,0.17801421,-0.15192317,0,0,0,0,0
1891,393750,-0.51693960,0.99106449,-0.47063042,0.01380143,0.17318002,-0.14497475,0,0,0,0,0
1892,393958,-0.58894878,0.97152178,-0.41821299,-0.00878610,0.17535347,-0.13483326,0,0,0,0,0
1893,394166,-0.62856159,0.97455309,-0.34952286,-0.00453909,0.16610906,-0.11789520,0,0,0,0,0
1894,394375,-0.68098937,0.96430750,-0.27967558,-0.03344763,0.17697330,-0.11216605,0,0,0,0,0
1895,394583,-0.72650858,0.94325028,-0.21800061,-0.02552607,0.19735581,-0.11404999,0,0,0,0,0
1896,394791,-0.76689824,0.92012901,-0.16959183,-0.03043579,0.19945413,-0.09320067,0,0,0,0,0
1897,395000,-0.80483477,0.90533731,-0.09076517,-0.04160012,0.21216193,-0.08936905,0,0,0,0,0
1898,395208,-0.84576931,0.86159797,-0.03591205,-0.06035530,0.20818745,-0.07515275,0,0,0,0,0
1899,395416,-0.87685221,0.83764868,0.03475421,-0.05949344,0.20748724,-0.06058837,0,0,0,0,0
1900,395625,-0.90887564,0.80704074,0.10080857,-0.09441812,0.21873568,-0.06974895,0,0,0,0,0
1901,395833,-0.93372891,0.75810735,0.16218617,-0.09611754,0.20984068,-0.06151933,0,0,0,0,0
1902,396041,-0.94801265,0.72235060,0.22373130,-0.13370594,0.20158118,-0.05507817,0,0,0,0,0
1903,396250,-0.97537124,0.66358130,0.29453695,-0.11955658,0.19446265,-0.04758027,0,0,0,0,0
1904,396458,-0.98256916,0.62378187,0.35829362,-0.14595265,0.19398722,-0.01756703,0,0,0,0,0
1905,396666,-0.98691860,0.56922670,0.40760803,-0.15010956,0.19718385,-0.01246817,0,0,0,0,0
1906,396875,-1.00024680,0.51723006,0.47428406,-0.17007437,0.20939622,-0.00418762,0,0,0,0,0
1907,397083,-0.99088330,0.46296929,0.52885767,-0.17752744,0.19988013,-0.01389448,0,0,0,0,0
1908,397291,-0.99748249,0.40873543,0.58102943,-0.17395130,0.18949904,0.00104782,0,0,0,0,0
1909,397500,-0.98606585,0.33664412,0.63431351,-0.19645005,0.19516105,0.01560653,0,0,0,0,0
1910,397708,-0.97968915,0.28038017,0.68649414,-0.18537967,0.15939329,0.04330999,0,0,0,0,0
1911,397916,-0.96199198,0.22367982,0.73015018,-0.20009222,0.15382879,0.05877434,0,0,0,0,0
1912,398125,-0.94328797,0.15372361,0.77248244,-0.20740266,0.15468490,0.05605854,0,0,0,0,0
1913,398333,-0.91890776,0.09026927,0.81051072,-0.19530632,0.13093211,0.09830690,0,0,0,0,0
1914,398541,-0.88069397,0.02803040,0.84330186,-0.20788480,0.11501214,0.09595425,0,0,0,0,0
1915,398750,-0.84327728,-0.04377663,0.88882671,-0.18250227,0.11396051,0.13739524,0,0,0,0,0
1916,398958,-0.80323011,-0.10493093,0.91291520,-0.18111774,0.08018670,0.13046575,0,0,0,0,0
1917,399166,-0.77281531,-0.16877364,0.94076818,-0.20445278,0.06668797,0.13643398,0,0,0,0,0
1918,399375,-0.71942715,-0.23011665,0.97256747,-0.16834721,0.07480085,0.15097871,0,0,0,0,0
1919,399583,-0.68407311,-0.29470044,0.98636248,-0.15109953,0.03500384,0.17846709,0,0,0,0,0
1920,399791,-0.61803175,-0.36310127,1.00211599,-0.16631272,0.01210306,0.15639559,0,0,0,0,0
1921,400000,-0.57800353,-0.41572609,1.00911651,-0.16906005,0.02079039,0.16813526,0,1,0,0,0
1922,400208,-0.51707454,-0.47728856,1.01281763,-0.14400104,0.00248024,0.20424588,0,1,0,0,0
1923,400416,-0.46327337,-0.54848166,1.01614822,-0.16265283,-0.02157967,0.20633543,0,1,0,0,0
1924,400625,-0.40017074,-0.59762696,1.01143733,-0.12837446,-0.02101546,0.20314953,0,1,0,0,0
1925,400833,-0.34087314,-0.65218121,1.00095056,-0.12022021,-0.02957506,0.19922219,0,1,0,0,0
1926,401041,-0.28323472,-0.70838405,0.98809668,-0.13484191,-0.02999844,0.20658868,0,1,0,0,0
1927,401250,-0.21047813,-0.73884766,0.97201686,-0.10765118,-0.03404044,0.17852290,0,1,0,0,0
1928,401458,-0.15617049,-0.78525249,0.95173682,-0.11251954,-0.04526613,0.18418546,0,1,0,0,0
1929,401666,-0.07936756,-0.82300583,0.93069664,-0.10448319,-0.03709623,0.20234681,0,1,0,0,0
1930,401875,-0.02204119,-0.85435152,0.89693021,-0.09324293,-0.08106439,0.21547159,0,1,0,0,0
1931,402083,0.03430832,-0.88900140,0.86041301,-0.08169663,-0.07181954,0.19146553,0,1,0,0,0
1932,402291,0.10355300,-0.92243934,0.83731278,-0.05268330,-0.09541499,0.19368145,0,1,0,0,0
1933,402500,0.16554158,-0.93076420,0.78223555,-0.03695657,-0.09715376,0.21177658,0,1,0,0,0
1934,402708,0.22767086,-0.96359634,0.73851792,-0.03464402,-0.11095370,0.19238832,0,1,0,0,0
1935,402916,0.28451453,-0.98808981,0.70123170,-0.01367461,-0.09761596,0.19377084,0,1,0,0,0
1936,403125,0.36057626,-0.99180660,0.64439459,0.00309911,-0.11641881,0.17538365,0,1,0,0,0
1937,403333,0.41146632,-0.99195856,0.59596447,0.01068294,-0.12875450,0.16368086,0,1,0,0,0
1938,403541,0.47774508,-1.00195661,0.54547319,0.00242097,-0.14991040,0.17906125,0,1,0,0,0
1939,403750,0.53210532,-0.99950571,0.48290031,0.02244607,-0.14887259,0.14206028,0,1,0,0,0
1940,403958,0.58664973,-1.00625431,0.42937272,0.03359050,-0.15055158,0.12677778,0,1,0,0,0
1941,404166,0.62547286,-0.98860934,0.36739250,0.04240537,-0.14606280,0.13894191,0,1,0,0,0
1942,404375,0.69683046,-0.98397292,0.31337777,0.04867060,-0.16597227,0.09887926,0,1,0,0,0
1943,404583,0.74145176,-0.96544550,0.24813864,0.06040328,-0.14748504,0.12010527,0,1,0,0,0
1944,404791,0.78791539,-0.93864197,0.17554054,0.06178669,-0.17291146,0.09603475,0,1,0,0,0
1945,405000,0.82638358,-0.91346579,0.10904612,0.05501650,-0.15735615,0.07387340,0,1,0,0,0
1946,405208,0.85969798,-0.89619920,0.04569738,0.10308530,-0.17425590,0.11526008,0,1,0,0,0
1947,405416,0.88711592,-0.86524783,-0.01259134,0.09869282,-0.16831566,0.07643488,0,1,0,0,0
1948,405625,0.92380296,-0.82259955,-0.07480942,0.12087742,-0.19742705,0.07688512,0,1,0,0,0
1949,405833,0.93862608,-0.78858724,-0.15017266,0.15581619,-0.17529685,0.04489160,0,1,0,0,0
1950,406041,0.97029683,-0.73963198,-0.21648464,0.15844393,-0.16515896,0.06545759,0,1,0,0,0
1951,406250,0.98596087,-0.69342662,-0.26979346,0.16631976,-0.19240600,0.05007992,0,1,0,0,0
1952,406458,0.99433610,-0.65482866,-0.32781403,0.18106418,-0.19508817,0.02529845,0,1,0,0,0
1953,406666,1.01251695,-0.57837511,-0.39292879,0.18066430,-0.16731483,0.01424779,0,1,0,0,0
1954,406875,1.00569427,-0.53572385,-0.45408212,0.20560971,-0.17834978,0.01305688,0,1,0,0,0
1955,407083,1.02042303,-0.48335035,-0.51146160,0.20694217,-0.16080858,0.00981798,0,1,0,0,0
1956,407291,1.00671951,-0.42367392,-0.55905199,0.21324245,-0.16070963,-0.01613610,0,1,0,0,0
1957,407500,1.00625640,-0.35292528,-0.61494762,0.22476980,-0.14278497,-0.01542645,0,1,0,0,0
1958,407708,0.99428006,-0.30141948,-0.65746903,0.20686551,-0.13938999,-0.04564674,0,1,0,0,0
1959,407916,0.97973045,-0.24645139,-0.70174566,0.22313390,-0.13184481,-0.06726566,0,1,0,0,0
1960,408125,0.96775034,-0.16481117,-0.76051588,0.23528598,-0.11296247,-0.09524524,0,1,0,0,0
1961,408333,0.93002380,-0.10651408,-0.78669536,0.22115390,-0.11755855,-0.08060367,0,1,0,0,0
1962,408541,0.89971010,-0.03778395,-0.82945684,0.23349736,-0.09127803,-0.11511283,0,1,0,0,0
1963,408750,0.86121221,0.01710350,-0.86365989,0.22659130,-0.08421363,-0.11615788,0,1,0,0,0
1964,408958,0.82163493,0.08769321,-0.89342718,0.22439335,-0.08302804,-0.13004660,0,1,0,0,0
1965,409166,0.78782118,0.15416425,-0.92096221,0.23014852,-0.05508613,-0.16188025,0,1,0,0,0
1966,409375,0.74491822,0.21601934,-0.95155443,0.20257289,-0.02359494,-0.18612516,0,1,0,0,0
1967,409583,0.69592491,0.27866182,-0.97448385,0.19710860,-0.00059790,-0.17678006,0,1,0,0,0
1968,409791,0.64921855,0.34832725,-0.97586628,0.18773335,0.02539997,-0.19619731,0,1,0,0,0
1969,410000,0.59504159,0.40949635,-0.98838496,0.19659221,0.02242957,-0.20899001,0,1,0,0,0
1970,410208,0.54512342,0.45818854,-0.99383859,0.18167686,0.03534086,-0.18460435,0,1,0,0,0
1971,410416,0.47523222,0.53205645,-0.99346898,0.16175417,0.02215256,-0.21421685,0,1,0,0,0
1972,410625,0.42896248,0.58766370,-0.99162654,0.15295521,0.04867948,-0.21807784,0,1,0,0,0
1973,410833,0.35940948,0.63823786,-0.98108531,0.15792441,0.06488542,-0.21376470,0,1,0,0,0
1974,411041,0.29944850,0.68293153,-0.96756049,0.14296596,0.07594961,-0.21283578,0,1,0,0,0
1975,411250,0.24048643,0.73257345,-0.94981982,0.13964768,0.07638844,-0.21025008,0,1,0,0,0
1976,411458,0.17245242,0.78576625,-0.93863999,0.12292896,0.08483985,-0.22118487,0,1,0,0,0
1977,411666,0.11235404,0.81814244,-0.91062540,0.10830352,0.09710125,-0.19516399,0,1,0,0,0
1978,411875,0.04637063,0.86068705,-0.87605032,0.11323102,0.10297993,-0.23246893,0,1,0,0,0
1979,412083,-0.01834066,0.88138480,-0.83529036,0.10413232,0.10188684,-0.23452485,0,1,0,0,0
1980,412291,-0.08874939,0.91463191,-0.81954832,0.08925192,0.12413220,-0.22826120,0,1,0,0,0
1981,412500,-0.14997276,0.94086225,-0.76510429,0.08063692,0.11724890,-0.21192710,0,1,0,0,0
1982,412708,-0.21209583,0.95957254,-0.73354205,0.06692756,0.13111157,-0.21042953,0,1,0,0,0
1983,412916,-0.27264370,0.97340454,-0.68130734,0.03685811,0.14730860,-0.19696006,0,1,0,0,0
1984,413125,-0.33052164,0.99071712,-0.63197964,0.03441342,0.13851289,-0.21210090,0,1,0,0,0
1985,413333,-0.39549747,0.99676859,-0.57515992,0.02163074,0.18639891,-0.19932794,0,1,0,0,0
1986,413541,-0.45707374,0.99852696,-0.53049421,0.02106680,0.17005512,-0.18303958,0,1,0,0,0
1987,413750,-0.51539954,1.00473457,-0.47502812,-0.01097419,0.16544617,-0.18734527,0,1,0,0,0
1988,413958,-0.56586842,0.99005979,-0.41215578,-0.00219683,0.17619179,-0.17107368,0,1,0,0,0
1989,414166,-0.62604123,0.98911374,-0.34896735,-0.01595812,0.19888013,-0.16218988,0,1,0,0,0
1990,414375,-0.67256113,0.98647590,-0.29080402,-0.01732118,0.21301065,-0.15699258,0,1,0,0,0
1991,414583,-0.71874411,0.96311106,-0.22169942,-0.05017377,0.18749059,-0.14839043,0,1,0,0,0
1992,414791,-0.76390642,0.95005151,-0.16800958,-0.03846986,0.19197202,-0.13145137,0,1,0,0,0
1993,415000,-0.80006444,0.92079297,-0.10050013,-0.06057243,0.19583142,-0.12970267,0,1,0,0,0
1994,415208,-0.84527063,0.87805381,-0.03083333,-0.06885032,0.19303137,-0.10554942,0,1,0,0,0
1995,415416,-0.88377687,0.85184349,0.02966720,-0.09193471,0.19440894,-0.10039886,0,1,0,0,0
1996,415625,-0.90759030,0.82767827,0.09093621,-0.10946365,0.20915921,-0.09000856,0,1,0,0,0
1997,415833,-0.92820543,0.78151107,0.15135194,-0.10448774,0.20201163,-0.08316129,0,1,0,0,0
1998,416041,-0.94936031,0.73595349,0.22762563,-0.12471367,0.20586470,-0.09839406,0,1,0,0,0
1999,416250,-0.96481545,0.69762708,0.28510288,-0.14239685,0.19114177,-0.07995927,0,1,0,0,0
2000,416458,-0.98831602,0.64835916,0.34458411,-0.17339280,0.19750277,-0.07094814,0,1,0,0,0
2001,416666,-0.98899442,0.59320357,0.40131469,-0.17136068,0.21465481,-0.03227413,0,1,0,0,0
2002,416875,-0.99865594,0.53297002,0.46150597,-0.18276929,0.18331016,-0.04695115,0,1,0,0,0
2003,417083,-1.00759902,0.48358082,0.51528182,-0.18278138,0.19041155,-0.03383144,0,1,0,0,0
2004,417291,-1.00287313,0.42810580,0.57502253,-0.20234631,0.16459901,0.00685438,0,1,0,0,0
2005,417500,-0.98263312,0.36834817,0.62558680,-0.20039524,0.16990452,-0.00809800,0,1,0,0,0
2006,417708,-0.97268984,0.31985624,0.66931516,-0.21542291,0.17498090,0.04156295,0,1,0,0,0
2007,417916,-0.97375534,0.23647697,0.71517788,-0.22035021,0.13185609,0.02626055,0,1,0,0,0
2008,418125,-0.93874940,0.18801108,0.75894475,-0.20516526,0.13861045,0.05996795,0,1,0,0,0
2009,418333,-0.91601532,0.12268866,0.80982910,-0.23272015,0.13200915,0.06087855,0,1,0,0,0
2010,418541,-0.88207747,0.04732405,0.84184817,-0.21999870,0.11449752,0.07722368,0,1,0,0,0
2011,418750,-0.85990738,-0.02019978,0.87755981,-0.22515794,0.09175334,0.09560057,0,1,0,0,0
2012,418958,-0.82367810,-0.08457899,0.90157606,-0.21042754,0.07398805,0.11117288,0,1,0,0,0
2013,419166,-0.78157339,-0.13304025,0.92742586,-0.20133068,0.06544469,0.10750680,0,1,0,0,0
2014,419375,-0.73808894,-0.21088472,0.95375424,-0.20833817,0.04852485,0.14416154,0,1,0,0,0
2015,419583,-0.69064537,-0.27343101,0.97261338,-0.20358287,0.02299093,0.16281733,0,1,0,0,0
2016,419791,-0.62957210,-0.33570135,0.98899895,-0.18478691,-0.00220394,0.15531816,0,1,0,0,0
2017,420000,-0.58853502,-0.38637395,1.00114501,-0.16595028,-0.00882365,0.17803673,0,1,0,0,0
2018,420208,-0.52819616,-0.45580282,1.00663502,-0.17234767,-0.02062220,0.17326735,0,1,0,0,0
2019,420416,-0.47934039,-0.51140722,0.99418474,-0.16240195,-0.05671943,0.19073672,0,1,0,0,0
2020,420625,-0.41213516,-0.57330364,0.99296034,-0.16336352,-0.03772359,0.18964466,0,1,0,0,0
2021,420833,-0.36547957,-0.62950962,0.98237304,-0.15308007,-0.04667072,0.17575796,0,1,0,0,0
2022,421041,-0.29395503,-0.67862736,0.97233630,-0.13628680,-0.05840371,0.17834763,0,1,0,0,0
2023,421250,-0.23453736,-0.71545003,0.94593437,-0.15276238,-0.06404388,0.19170584,0,1,0,0,0
2024,421458,-0.16720003,-0.76879776,0.92095408,-0.14450863,-0.06780199,0.20177168,0,1,0,0,0
2025,421666,-0.10912541,-0.79630058,0.89635234,-0.12372216,-0.08800549,0.18977328,0,1,0,0,0
2026,421875,-0.03920530,-0.83976466,0.87773274,-0.11509642,-0.09616561,0.18573013,0,1,0,0,0
2027,422083,0.01893100,-0.87219498,0.84846342,-0.08769659,-0.10904549,0.20879492,0,1,0,0,0
2028,422291,0.08146257,-0.89775746,0.80344245,-0.07727484,-0.11006955,0.17911677,0,1,0,0,0
2029,422500,0.15569212,-0.92628517,0.76645044,-0.08045767,-0.15086068,0.18758620,0,1,0,0,0
2030,422708,0.21360367,-0.93578408,0.72745035,-0.06499264,-0.12543454,0.19709102,0,1,0,0,0
2031,422916,0.26911232,-0.95532980,0.68447421,-0.03905946,-0.14935522,0.18777512,0,1,0,0,0
2032,423125,0.33894809,-0.97145556,0.62872194,-0.04068469,-0.13541628,0.18983932,0,1,0,0,0
2033,423333,0.39497389,-0.97856744,0.57550437,-0.03533505,-0.18039628,0.19063181,0,1,0,0,0
2034,423541,0.45161910,-0.97521645,0.52735983,-0.02710204,-0.18697670,0.15782308,0,1,0,0,0
2035,423750,0.50676005,-0.97944110,0.46467181,-0.01352910,-0.16293115,0.15651280,0,1,0,0,0
2036,423958,0.56332142,-0.97986201,0.39800833,-0.01193203,-0.18199982,0.15499951,0,1,0,0,0
2037,424166,0.61878111,-0.96850167,0.34330574,0.02186773,-0.20011902,0.14880391,0,1,0,0,0
2038,424375,0.66754159,-0.96135245,0.28075376,0.01279550,-0.19814556,0.13290085,0,1,0,0,0
2039,424583,0.71013501,-0.94862020,0.20992844,0.03401333,-0.17628149,0.13435812,0,1,0,0,0
2040,424791,0.75683125,-0.92372238,0.14697985,0.02949334,-0.20721146,0.11997701,0,1,0,0,0
2041,425000,0.80348569,-0.90409337,0.08361928,0.05622108,-0.20194334,0.10428615,0,1,0,0,0
2042,425208,0.83800984,-0.87177174,0.03013663,0.05533875,-0.21256011,0.08194530,0,1,0,0,0
2043,425416,0.87168690,-0.84607726,-0.04458240,0.08784931,-0.21870660,0.08009207,0,1,0,0,0
2044,425625,0.88866788,-0.80691012,-0.11428151,0.08011345,-0.19850708,0.06780301,0,1,0,0,0
2045,425833,0.92241461,-0.76939275,-0.16950185,0.10162674,-0.20915301,0.07599779,0,1,0,0,0
2046,426041,0.94302739,-0.72246680,-0.24358767,0.11543178,-0.20577078,0.07464876,0,1,0,0,0
2047,426250,0.97426826,-0.67960196,-0.30389640,0.12250769,-0.21944344,0.06701791,0,1,0,0,0
2048,426458,0.97563849,-0.63056136,-0.35489880,0.14391228,-0.20081538,0.04379825,0,1,0,0,0
2049,426666,0.98133961,-0.58001185,-0.42351887,0.13965405,-0.21176925,0.04966501,0,1,0,0,0
2050,426875,0.99420270,-0.51582428,-0.48535614,0.15509304,-0.22161247,0.04286586,0,1,0,0,0
2051,427083,1.00169518,-0.47646807,-0.53497087,0.17043166,-0.19971753,0.03914535,0,1,0,0,0
2052,427291,0.99405166,-0.41116128,-0.57974737,0.18209417,-0.21653991,0.02367229,0,1,0,0,0
2053,427500,0.98159039,-0.34777013,-0.63761223,0.18796678,-0.17099364,0.00645931,0,1,0,0,0
2054,427708,0.97138467,-0.30274476,-0.68724360,0.19310511,-0.18666262,-0.03427443,0,1,0,0,0
2055,427916,0.94724551,-0.23057839,-0.72274984,0.19735750,-0.17766072,-0.04543307,0,1,0,0,0
2056,428125,0.93205459,-0.16753931,-0.77499595,0.20602753,-0.16523705,-0.05459737,0,1,0,0,0
2057,428333,0.90058562,-0.09824743,-0.81359805,0.18595717,-0.15416525,-0.06245639,0,1,0,0,0
2058,428541,0.87479226,-0.02915609,-0.86205288,0.20674655,-0.15487254,-0.07510166,0,1,0,0,0
2059,428750,0.83977209,0.03032568,-0.88987127,0.20274270,-0.10320197,-0.10696229,0,1,0,0,0
2060,428958,0.80515176,0.10375180,-0.92192157,0.20010517,-0.08642797,-0.12040348,0,1,0,0,0
2061,429166,0.76507893,0.16518925,-0.94484018,0.18336284,-0.09530542,-0.14183941,0,1,0,0,0
2062,429375,0.71713331,0.23588872,-0.96399521,0.18392963,-0.06572647,-0.13458112,0,1,0,0,0
2063,429583,0.67597339,0.29421772,-0.99164374,0.18070879,-0.04600821,-0.16665842,0,1,0,0,0
2064,429791,0.62580156,0.36032848,-1.00279861,0.16575200,-0.02034720,-0.15499122,0,1,0,0,0
2065,430000,0.57589112,0.41606341,-1.01260129,0.15970031,-0.00788815,-0.19059859,0,1,0,0,0
2066,430208,0.51653952,0.47928538,-1.00828877,0.14540126,-0.00612943,-0.18002620,0,1,0,0,0
2067,430416,0.46232936,0.52472662,-1.01931304,0.14571834,0.01281972,-0.18335991,0,1,0,0,0
2068,430625,0.40965467,0.58442836,-1.01360818,0.13920894,0.01655772,-0.19273800,0,1,0,0,0
2069,430833,0.34127200,0.63561100,-1.00689536,0.13762016,0.03597549,-0.17985546,0,1,0,0,0
2070,431041,0.29185388,0.68993717,-0.98257412,0.09775404,0.06343383,-0.18111549,0,1,0,0,0
2071,431250,0.21254789,0.74110185,-0.96807312,0.13003622,0.02739215,-0.19923444,0,1,0,0,0
2072,431458,0.15254336,0.77449312,-0.94642333,0.11014485,0.05345372,-0.18756542,0,1,0,0,0
2073,431666,0.10105674,0.81479222,-0.92013780,0.09364424,0.05639692,-0.18321770,0,1,0,0,0
2074,431875,0.02392070,0.85037947,-0.89193041,0.07529752,0.08615317,-0.18781011,0,1,0,0,0
2075,432083,-0.04921074,0.87861248,-0.86003415,0.07918381,0.08427624,-0.17731714,0,1,0,0,0
2076,432291,-0.10584563,0.90840160,-0.82705938,0.08556349,0.09554902,-0.18502486,0,1,0,0,0
2077,432500,-0.16580701,0.92966556,-0.78965955,0.04887343,0.10642754,-0.17496900,0,1,0,0,0
2078,432708,-0.22474159,0.95702622,-0.74353487,0.03868635,0.12288465,-0.19159307,0,1,0,0,0
2079,432916,-0.29515140,0.97341087,-0.69523953,0.02818141,0.12875796,-0.17125175,0,1,0,0,0
2080,433125,-0.35256867,0.98349463,-0.64912726,0.01216919,0.12108934,-0.15720882,0,1,0,0,0
2081,433333,-0.41770327,0.98651392,-0.59167241,0.02847178,0.12843107,-0.17175487,0,1,0,0,0
2082,433541,-0.47070362,0.98612582,-0.54401121,-0.01497894,0.15304452,-0.15741752,0,1,0,0,0
2083,433750,-0.53030828,0.99437225,-0.48511162,0.00085086,0.15107831,-0.14007509,0,1,0,0,0
2084,433958,-0.58204829,0.98842213,-0.41889077,-0.02299243,0.17360342,-0.13971455,0,1,0,0,0
2085,434166,-0.63875902,0.97880244,-0.36044376,-0.00920835,0.15488257,-0.13507285,0,1,0,0,0
2086,434375,-0.68538366,0.96852860,-0.29329130,-0.04861358,0.17657361,-0.12203985,0,1,0,0,0
2087,434583,-0.73772214,0.94546334,-0.23708656,-0.04212195,0.17041950,-0.11264915,0,1,0,0,0
2088,434791,-0.76664940,0.93481673,-0.16299516,-0.06713007,0.17595659,-0.08170025,0,1,0,0,0
2089,435000,-0.81911203,0.91137554,-0.10656705,-0.05984876,0.18911202,-0.08820717,0,1,0,0,0
2090,435208,-0.85588101,0.88565488,-0.04364446,-0.09306103,0.17402811,-0.08884402,0,1,0,0,0
2091,435416,-0.89281101,0.84806435,0.02422855,-0.08121455,0.18777606,-0.07195061,0,1,0,0,0
2092,435625,-0.91240517,0.81206592,0.08905000,-0.09880646,0.19998987,-0.05129543,0,1,0,0,0
2093,435833,-0.93958407,0.77058087,0.15312034,-0.11045802,0.18679998,-0.06526254,0,1,0,0,0
2094,436041,-0.96069079,0.73077913,0.21903809,-0.11586947,0.20833057,-0.03253611,0,1,0,0,0
2095,436250,-0.98440779,0.68612932,0.26911634,-0.15251715,0.19227529,-0.05097750,0,1,0,0,0
2096,436458,-0.99144060,0.64626047,0.33328440,-0.15522886,0.18557450,-0.01036148,0,1,0,0,0
2097,436666,-1.00000354,0.58504897,0.41169470,-0.15869251,0.18434867,-0.01441321,0,1,0,0,0
2098,436875,-1.00710832,0.52799084,0.46140320,-0.18328378,0.18897140,-0.00951461,0,1,0,0,0
2099,437083,-1.00649507,0.47176974,0.52010711,-0.18968384,0.17468023,0.00214091,0,1,0,0,0
2100,437291,-1.00807254,0.42026664,0.56743617,-0.19836656,0.17459813,0.02161420,0,1,0,0,0
2101,437500,-0.99760684,0.35723214,0.61102761,-0.19602643,0.17043587,0.01700064,0,1,0,0,0
2102,437708,-0.97833038,0.28660595,0.66952929,-0.21040784,0.15484525,0.05581992,0,1,0,0,0
2103,437916,-0.97378965,0.23286538,0.71296216,-0.22427344,0.16098042,0.04906029,0,1,0,0,0
2104,438125,-0.94142391,0.16718485,0.75873648,-0.21347037,0.14033284,0.07577877,0,1,0,0,0
2105,438333,-0.92879218,0.09866473,0.80022816,-0.21287203,0.14195106,0.08789814,0,1,0,0,0
2106,438541,-0.89486364,0.02908144,0.83537734,-0.20257209,0.12190985,0.12118955,0,1,0,0,0
2107,438750,-0.85380840,-0.02745670,0.87536296,-0.20476189,0.08713408,0.14278069,0,1,0,0,0
2108,438958,-0.81653059,-0.09963169,0.90986831,-0.22298467,0.08102806,0.13284062,0,1,0,0,0
2109,439166,-0.78735262,-0.16901985,0.93456972,-0.21917418,0.06478838,0.13940827,0,1,0,0,0
2110,439375,-0.73599593,-0.23672594,0.96349536,-0.18374860,0.05600680,0.15138675,0,1,0,0,0
2111,439583,-0.68734993,-0.30247090,0.97648369,-0.19953979,0.02563872,0.16598134,0,1,0,0,0
2112,439791,-0.63398357,-0.35893993,0.99446644,-0.18040087,0.02585450,0.18897852,0,1,0,0,0
2113,440000,-0.58225108,-0.41100470,0.99883170,-0.15723596,-0.01110790,0.19253259,0,1,0,0,0
2114,440208,-0.52276023,-0.47947520,1.01073290,-0.17750479,-0.01919157,0.20334083,0,1,0,0,0
2115,440416,-0.46562530,-0.53364082,1.00941032,-0.12284295,-0.01148840,0.21491091,0,1,0,0,0
2116,440625,-0.40948886,-0.59450445,1.00060461,-0.11724406,-0.03831825,0.22351616,0,1,0,0,0
2117,440833,-0.34661337,-0.65378501,0.99137266,-0.13669575,-0.04988880,0.20687037,0,1,0,0,0
2118,441041,-0.29065707,-0.70504166,0.96836095,-0.14340258,-0.04130480,0.22829975,0,1,0,0,0
2119,441250,-0.22368647,-0.74807143,0.96055023,-0.13332526,-0.05616971,0.18986063,0,1,0,0,0
2120,441458,-0.15948943,-0.79183678,0.93532184,-0.12700946,-0.05756224,0.18974767,0,1,0,0,0
2121,441666,-0.10888343,-0.83427356,0.92071536,-0.10178538,-0.06171723,0.19500327,0,1,0,0,0
2122,441875,-0.02989917,-0.86268193,0.89343857,-0.09535236,-0.08878276,0.19125593,0,1,0,0,0
2123,442083,0.02941559,-0.89623655,0.85886725,-0.07968947,-0.08401799,0.21150076,0,1,0,0,0
2124,442291,0.09398323,-0.92075659,0.81409882,-0.07920428,-0.10554019,0.19994270,0,1,0,0,0
2125,442500,0.16289030,-0.94560561,0.78056343,-0.04975490,-0.11333429,0.21493356,0,1,0,0,0
2126,442708,0.21472335,-0.96003532,0.73308182,-0.05489661,-0.11762506,0.19423542,0,1,0,0,0
2127,442916,0.28486176,-0.97114028,0.69656011,-0.03164201,-0.12202994,0.19298855,0,1,0,0,0
2128,443125,0.34398333,-0.98155405,0.63847838,-0.02448154,-0.13850218,0.18791796,0,1,0,0,0
2129,443333,0.41328510,-0.99547589,0.58559797,-0.00792742,-0.14192211,0.20338339,0,1,0,0,0
2130,443541,0.46772037,-1.00414173,0.53756645,-0.00093545,-0.15949380,0.18185398,0,1,0,0,0
2131,443750,0.51999516,-1.00537077,0.47987712,0.03508555,-0.17582604,0.15706404,0,1,0,0,0
2132,443958,0.58676327,-1.00758966,0.40817275,0.02102883,-0.15957969,0.15167232,0,1,0,0,0
2133,444166,0.62761203,-0.99738310,0.36054385,0.03162274,-0.16548587,0.16168459,0,1,0,0,0
2134,444375,0.69017131,-0.98090427,0.29256057,0.04966559,-0.16517173,0.14176244,0,1,0,0,0
2135,444583,0.73203689,-0.96111109,0.23374557,0.05377584,-0.19489985,0.13853977,0,1,0,0,0
2136,444791,0.76730163,-0.94944238,0.17113910,0.07475489,-0.16325562,0.13728736,0,1,0,0,0
2137,445000,0.80965558,-0.91261053,0.10650435,0.06936219,-0.17962860,0.11642426,0,1,0,0,0
2138,445208,0.85578018,-0.89754249,0.04868994,0.07793968,-0.19144322,0.10434733,0,1,0,0,0
2139,445416,0.89299898,-0.86925208,-0.01390113,0.09385926,-0.19015525,0.08570825,0,1,0,0,0
2140,445625,0.91929981,-0.82723558,-0.09187391,0.10550384,-0.17119434,0.08551775,0,1,0,0,0
2141,445833,0.94167169,-0.79487373,-0.14652612,0.12209700,-0.19124941,0.06567789,0,1,0,0,0
2142,446041,0.95520287,-0.74255800,-0.20260641,0.14486502,-0.20243499,0.06231627,0,1,0,0,0
2143,446250,0.98340314,-0.68971460,-0.27414706,0.17488803,-0.18278152,0.05274950,0,1,0,0,0
2144,446458,0.99218853,-0.65038721,-0.33581317,0.15637162,-0.19001780,0.05107334,0,1,0,0,0
2145,446666,1.01030089,-0.59620677,-0.39283132,0.16895730,-0.19670956,0.04264604,0,1,0,0,0
2146,446875,1.01207012,-0.54345811,-0.45888045,0.19457052,-0.17725625,0.04850902,0,1,0,0,0
2147,447083,1.00468854,-0.48587766,-0.51473166,0.21019811,-0.18658191,0.00898166,0,1,0,0,0
2148,447291,1.00080951,-0.42946670,-0.57277074,0.19706009,-0.17606514,0.01192185,0,1,0,0,0
2149,447500,0.99651254,-0.35499655,-0.61378556,0.23147288,-0.17152800,-0.02278682,0,1,0,0,0
2150,447708,0.98648464,-0.28957604,-0.66345065,0.22326250,-0.15942614,-0.01250997,0,1,0,0,0
2151,447916,0.97439844,-0.23828126,-0.70284256,0.22885891,-0.12600702,-0.04428082,0,1,0,0,0
2152,448125,0.94946266,-0.17193075,-0.75385579,0.23014883,-0.12014687,-0.06883908,0,1,0,0,0
2153,448333,0.92122266,-0.11093179,-0.79072314,0.24467592,-0.11636676,-0.07334393,0,1,0,0,0
2154,448541,0.89516559,-0.05142612,-0.83877552,0.22067488,-0.09182645,-0.09139247,0,1,0,0,0
2155,448750,0.86443718,0.02882241,-0.86981009,0.21484003,-0.08273228,-0.11390585,0,1,0,0,0
2156,448958,0.82274296,0.08562093,-0.90349533,0.22800487,-0.05220038,-0.13350712,0,1,0,0,0
2157,449166,0.78985528,0.16218051,-0.92537211,0.21571443,-0.04010874,-0.11880943,0,1,0,0,0
2158,449375,0.75139982,0.21465878,-0.94856811,0.20498952,-0.04683822,-0.15329457,0,1,0,0,0
2159,449583,0.69472182,0.27401116,-0.95828226,0.20723312,-0.01124398,-0.16502783,0,1,0,0,0
2160,449791,0.64395663,0.34246973,-0.98150731,0.19222310,0.00301708,-0.17929018,0,1,0,0,0
