trip,trip_time_ms,k_ibr,kappa_n,model,ddr
False,,0.3870909204802175,,none,0.0025831049490956624
False,,0.7464403213008554,,none,0.0041138259597983074
False,,1.0415105841526149,,none,0.029462511047128114
False,,1.10562085973606,,none,0.016475819805336963
False,,0.2250534670652457,,none,0.07109893934327709
False,,1.1687936111756398,,none,0.16698977749315078
False,,0.6932578257679528,,none,0.02590123193921104
False,,0.7999799893139214,,none,0.003268115892940431
False,,1.128987318689096,,none,0.09065186024125359
False,,0.7795666896601623,,none,0.0046569890368721905
False,,1.3989880480590098,,none,0.0653017172644738
False,,0.30799210179011427,,none,0.11019402640336988
False,,0.05569738706859757,,none,0.06059728333159601
False,,0.7308588546322063,,none,0.07229088824413664
False,,0.9561794175827226,,none,0.06565456930666129
False,,1.2029585465213175,,none,0.057265267738000884
False,,0.350922259025425,,none,0.052348717310055824
False,,1.0553675116857717,,none,0.0714335502803013
False,,0.3581252800993502,,none,0.0822785943305811
False,,0.31863086874806706,,none,0.030301496530693247
False,,1.4641511991830418,,none,0.032313804711525645
False,,1.119239952501999,,none,0.01615542406918261
False,,0.1004874436589047,,none,0.03635588465204991
False,,1.2236772561526779,,none,0.005548101550628319
False,,0.6268320732675784,,none,0.09052635147760663
False,,0.7253894773869034,,none,0.09879822555894138
False,,0.8724278618220234,,none,0.01792141139899545
False,,0.2747117827697612,,none,0.07992365352671515
False,,1.4228725995618445,,none,0.13376621655275586
False,,0.05679496916973196,,none,0.04828690996557517
False,,0.897850075577115,,none,0.009298150111713092
False,,1.4487977267590844,,none,0.09549903643466749
False,,0.6145025345462309,,none,0.07003575819847682
False,,0.9332245132665863,,none,0.06575329813071273
False,,0.6610052356281457,,none,0.0023561220689825553
False,,0.5612492242185914,,none,0.0055043866649562186
False,,0.5865876531291314,,none,0.009284375400474566
False,,0.8367347906829917,,none,0.21907203685961976
False,,1.2306697179011552,,none,0.020308000865116648
False,,0.06066161776200327,,none,0.012585350031026349
False,,1.3979382985843152,,none,0.1480050119642251
False,,0.1472474030050681,,none,0.03078766743096785
False,,0.6416422046137845,,none,0.06873700907741277
False,,0.6041095938488314,,none,0.06292401813988795
False,,0.1027784518264575,,none,0.07754566521655137
False,,1.3742135389337635,,none,0.17528171230102754
False,,0.7893942183920408,,none,0.04558267212410125
False,,1.4924511484262526,,none,0.04437316893806769
False,,1.2991294566086589,,none,0.07875633302504803
False,,0.264427198317434,,none,0.1847616042395572
False,,0.48170448553328965,,none,0.04560426228132244
False,,0.9559064132145741,,none,0.07109639824990394
False,,0.7222624999367601,,none,0.11795822091031215
False,,1.0170944111407416,,none,0.06425576001929381
False,,0.3973294499352748,,none,0.013207444939099202
False,,0.1977846912225466,,none,0.08270095188114819
False,,0.16040044812654197,,none,0.0812878677759704
False,,0.1384186691559943,,none,0.09302369120439467
False,,0.43072132461955265,,none,0.06514179434638638
False,,0.8905487796071411,,none,0.04568260188806639
False,,1.190949261706386,,none,0.08849549470976313
False,,0.424232248449483,,none,0.08372399006109997
False,,0.3011963538885772,,none,0.066002455071443
False,,0.06380083037756719,,none,0.01520727667308681
False,,0.6591209867434643,,none,0.0035025324632513366
False,,1.3109646314712475,,none,0.08209429218474822
False,,1.3980792147757437,,none,0.009129393923528293
False,,0.8939297226659275,,none,0.07898972838679941
False,,0.9466584757377252,,none,0.054076095858983056
False,,0.98164964961439,,none,0.027171462775789256
False,,0.971537816765628,,none,0.04533496062814296
False,,0.3282486644383246,,none,0.04799595755994364
False,,0.5577086402618131,,none,0.007927428160978155
False,,0.053886195949548195,,none,0.06170387665148075
False,,0.5924400502572937,,none,0.03598198609221835
False,,0.9135097403865223,,none,0.043317158781801764
False,,0.42291609991735796,,none,0.06283686856991448
False,,0.5120086941877716,,none,0.05978839256366482
False,,0.581246708243242,,none,0.04626710439486044
False,,0.4240843696608422,,none,0.038071429825232345
False,,0.06968822362469157,,none,0.058862416857990346
False,,1.2792455116399097,,none,0.007958741415612855
False,,1.1678630749499646,,none,0.0847010381461647
False,,1.2026377950452525,,none,0.030974018112067937
False,,0.16673596105335886,,none,0.07970532884848544
False,,0.902883779686411,,none,0.03717645622043186
False,,1.3777218353692355,,none,0.16048252078108866
False,,0.7307333288155812,,none,0.004002508495433125
False,,0.0885416547820658,,none,0.03290534474941836
False,,0.9205280560383842,,none,0.030861114488499923
False,,0.8417859024195117,,none,0.13384091761337993
False,,0.9997406632384268,,none,0.021115357674774096
False,,0.9978785294174908,,none,0.16632906758607188
False,,1.0672651669618578,,none,0.10377073094078636
False,,1.086011867469502,,none,0.027403814537441094
False,,0.8832976805595901,,none,0.032121526595688045
False,,1.2779018596041558,,none,0.029246580866089587
False,,0.5035358407944107,,none,0.031129533362469545
False,,0.14840889127326412,,none,0.08068677839057427
False,,0.14079861625313528,,none,0.028971856029513722
False,,0.8421203684842238,,none,0.11530518613545987
False,,0.8533865448257699,,none,0.01274647830834958
False,,0.31520887898053124,,none,0.1687105325326475
False,,0.3828429080558647,,none,0.01994716580306553
False,,0.5342481319685827,,none,0.011063609367139918
False,,0.23311032550825828,,none,0.06023065067223263
False,,0.41011214734043006,,none,0.007170624627436565
False,,0.9567278816262798,,none,0.24488195229234125
False,,0.2072927104699548,,none,0.06874533633842532
False,,0.4471459507067163,,none,0.005623868900303505
False,,0.11556879796760479,,none,0.02095574850775253
False,,0.1369570075062771,,none,0.04024740477001508
False,,0.6453919302246546,,none,0.0993584396191719
False,,0.1345309570382362,,none,0.023454130627294432
False,,0.10613055002410976,,none,0.1296886062903062
False,,0.9509903620020213,,none,0.16574804347810937
False,,1.0913328160408486,,none,0.019727927046981755
False,,0.6223153154116413,,none,0.04898052805964344
False,,0.3610988055814012,,none,0.10896124095829202
False,,0.7509619047259228,,none,0.03696657676351887
False,,0.33213344248350374,,none,0.1422203952265739
False,,1.3996351954220998,,none,0.07788664839587633
False,,1.167311553941197,,none,0.1523075286566229
False,,0.8161277430703392,,none,0.03608150854311664
False,,1.2133962471219797,,none,0.009831700045419278
False,,0.31380492757689393,,none,0.07403268188504072
False,,0.4477441061497361,,none,0.05440915512975805
False,,0.9400009334475841,,none,0.09568741388288451
False,,0.11115910198367339,,none,0.11666106572940053
False,,0.42859937406058674,,none,0.00587592360588492
False,,0.9617669168899395,,none,0.004953224412636463
False,,0.5527361152739191,,none,0.11474487732670591
False,,0.37914930386378914,,none,0.10472981896625244
False,,0.11827131630980532,,none,0.025862033908439424
False,,0.2585401361279206,,none,0.014666651045375349
False,,1.2960236771986702,,none,0.011357887210152911
False,,0.4047619383012513,,none,0.030394860947282287
False,,1.1611260319689423,,none,0.026354703397583563
False,,0.14876015554553382,,none,0.004331152529056681
False,,1.214387685404698,,none,0.034939783444310785
False,,1.133427915757942,,none,0.042886036940714085
False,,1.453024014611826,,none,0.05287245321515664
False,,0.8257026978313339,,none,0.11245190250857606
False,,1.012949150748373,,none,0.013934963482845454
False,,0.07713030508235491,,none,0.011417177977396031
False,,0.9185642875498844,,none,0.10438997534555645
False,,0.7481314323824585,,none,0.07812748767545312
False,,0.44651958869637753,,none,0.11906080271619213
False,,1.3259549665866488,,none,0.07596765584695447
False,,0.3391211425080463,,none,0.0388861358438447
False,,1.3221769384289621,,none,0.013897689934231948
False,,1.1069478951725449,,none,0.06660161253201886
False,,0.505405794478147,,none,0.07882291319009507
False,,0.6874106307667978,,none,0.09758675049612296
False,,1.364008824967847,,none,0.12593346492412302
False,,1.1754342761752488,,none,0.033864601069718815
False,,0.2273631833754176,,none,0.007548689336748002
False,,1.264523071866272,,none,0.039462575767842935
False,,0.13495678181208995,,none,0.04204998100460194
False,,0.7134902894932768,,none,0.18356488503597534
False,,0.36131381719538563,,none,0.06820540431388651
False,,0.4523652860280946,,none,0.03257024754016262
False,,0.4764463457079979,,none,0.0910913879290796
False,,0.7361040445166877,,none,0.07374890610768589
False,,1.358281361465288,,none,0.0003403614785185455
False,,0.5096454325171766,,none,0.05830980176405934
False,,1.4477005482621166,,none,0.02990269674079618
False,,1.0309070627654355,,none,0.047645962180757215
False,,0.9969165427258047,,none,0.08608282726357866
False,,0.1379736597425125,,none,0.04211444934743067
False,,0.7767432884559485,,none,0.18780953715596735
False,,0.3751700731532955,,none,0.06026348998130235
False,,1.266180446199145,,none,0.0448757304460161
False,,0.17235539161534696,,none,0.09829991126039467
False,,0.300054918105587,,none,0.03014245708874462
False,,1.0789388179235218,,none,0.02219190379210397
False,,0.21186974010044152,,none,0.03458450711702487
False,,0.35820759270135627,,none,0.024224038051744643
False,,0.5718943291785203,,none,0.025629789978918543
False,,0.6465496394641075,,none,0.15947055284387124
False,,0.8533226236552299,,none,0.029145156942481914
False,,0.45128992359441933,,none,0.09192153741031699
False,,1.4234113107815818,,none,0.04293882955226121
False,,1.0576349817531283,,none,0.044322870929503266
False,,1.3106998893985775,,none,0.0639887706884755
False,,1.4912865079842164,,none,0.06616299970894719
False,,1.1314373225116652,,none,0.025114739801016178
False,,1.2932474776717358,,none,0.019724677817941447
False,,0.5114761649302911,,none,0.02782724522159949
False,,0.5390993501824498,,none,0.02586127581733057
False,,0.3783580650583309,,none,0.08621555061915318
False,,1.1013513215744974,,none,0.05767898196147288
False,,1.1642687735255264,,none,0.003436366614474253
False,,0.9376593754072106,,none,0.02430543302046829
False,,0.8521599382734965,,none,0.022372509294742354
False,,1.2770413494889281,,none,0.08645295844295929
False,,0.5427875941732471,,none,0.010474476397712233
False,,0.549470489754414,,none,0.06124377461207047
False,,0.11773753971469972,,none,0.05935557712670582
False,,0.26490219502513707,,none,0.01601086354456429
False,,1.4704849165187142,,none,0.004352009509637822
False,,0.38502735093192947,,none,0.0828116443382529
False,,0.611650543016867,,none,0.039059327373384294
False,,0.1302005654622435,,none,0.003352546280980031
False,,0.7263730917696426,,none,0.06656316779442643
False,,0.060589729905200986,,none,0.07051688977469261
False,,0.08273394486345026,,none,0.10514443118909429
False,,0.22137456618388102,,none,0.020975082390394962
False,,0.7193417361711871,,none,0.1654931645724699
False,,0.29403084310419086,,none,0.06587354892893565
False,,0.8187751561783527,,none,0.002946980936994852
False,,0.5738341412329163,,none,0.02462594810239977
False,,0.2514184711520132,,none,0.07221140406245452
False,,0.8799113409287362,,none,0.012235533203948476
False,,1.3997028463753396,,none,0.03427484798344117
False,,0.13637778728325242,,none,0.03017614704440076
False,,0.721329700986187,,none,0.04855332577649634
False,,0.8021463531626287,,none,0.04127160356090123
False,,0.27880339278574706,,none,0.12136615060299878
False,,0.9468101389219932,,none,0.00126617134298609
False,,1.140824930687441,,none,0.0004405702772862891
False,,1.413737056241873,,none,0.008010128494478755
False,,0.5098114792534039,,none,0.057356178904304486
False,,0.4218034819301522,,none,0.006119571700388212
False,,0.1712578150783902,,none,0.0838339884105314
False,,1.2528025247853423,,none,0.042204578275148
False,,0.25895909769920766,,none,0.021351674303804156
False,,0.6840587144703698,,none,0.009641030055623742
False,,0.06944138316580831,,none,0.09497626842067061
False,,1.3554646099988987,,none,0.03059157857294309
False,,0.7158828529575803,,none,0.0422210977211202
False,,0.31667633469765244,,none,0.04968112823204119
False,,0.8152232040556339,,none,0.030225334732248532
False,,0.16847480039930013,,none,0.0401117920980018
False,,1.2655716287629757,,none,0.10394472682228416
False,,0.6297941567980129,,none,0.013445126601069236
False,,0.5379958532734737,,none,0.03163826445505542
False,,1.449150243288354,,none,0.01822999760750431
False,,0.21535411527263137,,none,0.14766195565636064
False,,0.33595864141741766,,none,0.038847577149404476
False,,1.1698580826951073,,none,0.08250993125957387
False,,0.627811876389229,,none,0.05757952799832975
False,,0.9067834871982688,,none,0.040958286418744896
False,,1.4560573804774917,,none,0.06398330498112928
False,,1.4482542049336373,,none,0.019606920700716634
False,,0.06980619573214265,,none,0.058397278019265565
False,,0.5149574564545688,,none,0.026561311343677913
False,,1.3549630041659098,,none,0.03331522109785351
False,,1.2525111468982915,,none,0.038667611838931526
False,,1.478677481231984,,none,0.05002284587918419
False,,1.044082275127675,,none,0.02781515829498046
False,,0.1516753879510651,,none,0.043050369250503324
False,,1.006353195873734,,none,0.03127503768971345
False,,0.14734231598951575,,none,0.08128318640747177
False,,0.40053463449899496,,none,0.1560830717074895
False,,1.0169638913063297,,none,0.041576365506063195
False,,0.5408120495154441,,none,0.09246140681008791
False,,1.3411771571122766,,none,0.033383657210385054
False,,0.6922074495408396,,none,0.10719666909559998
False,,1.0595910688825732,,none,0.012659081730523172
False,,0.7648420319054062,,none,0.04032296627847825
False,,1.1514523691822842,,none,0.1318940692569423
False,,0.582307052740065,,none,0.11901472250482138
False,,1.2017466732470876,,none,0.024232788694340573
False,,1.2802039158849123,,none,0.007300410944153181
False,,0.7918344550765183,,none,0.15963099340427103
False,,0.9713298867942773,,none,0.028154477078843332
False,,0.7405048566847722,,none,0.09049493461295148
False,,0.19552739781649736,,none,0.005751924445776109
False,,0.994726543311314,,none,0.027426029609152292
False,,1.49734866130407,,none,0.1014131822558144
False,,0.9059987717781476,,none,0.02073625846166356
False,,0.6053598457946628,,none,0.23621128089943708
False,,0.12252494745514166,,none,0.017485817323628163
False,,0.5002184477626612,,none,0.08408184856870164
False,,0.06257654373371545,,none,0.015430184063431785
False,,0.7530694405981972,,none,0.005513351381813537
False,,0.883382111952711,,none,0.033976315511245726
False,,0.5873421025069778,,none,0.13158583453655218
False,,0.6235195749996952,,none,0.10437312882277207
False,,0.7738677145185883,,none,0.03441729470293104
False,,0.9151119783438139,,none,0.05618859179779516
False,,1.17037971800319,,none,0.07397674381590344
False,,0.7618006075397284,,none,0.0627992541020559
False,,0.3663430020122108,,none,0.09240992332766361
False,,0.38692347712992775,,none,0.07356730324918342
False,,1.3867231619223972,,none,0.06250976614494011
False,,1.119691133113593,,none,0.03369375056653908
False,,1.3227136378968063,,none,0.12036249497927203
False,,0.8552382608596364,,none,0.1494401315058626
False,,0.5374871128663775,,none,0.050361845148362824
False,,1.191274751201756,,none,0.014288891653065518
False,,1.3881465332760032,,none,0.023910295456252798
False,,0.5738328500237907,,none,0.022794312477274484
False,,1.3291012435688325,,none,0.028251382088331237
False,,0.2798688746861085,,none,0.0847305445846969
False,,0.7266742451505622,,none,0.07828244443896781
False,,0.9366220602166871,,none,0.05035464485085263
False,,0.7450197397572842,,none,0.13822325735595412
False,,0.31209492588457954,,none,0.05351385147176376
False,,0.17309418390231376,,none,0.07139542138803176
False,,0.45647842307571923,,none,0.009099511964550604
False,,0.10641474731943015,,none,0.03620724068511544
False,,0.6959270565914693,,none,0.0673556192804814
False,,0.33111092264109726,,none,0.0478695708635388
False,,0.8251683842599208,,none,0.07482672122936986
False,,0.06781753957672913,,none,0.12021551873064243
False,,0.7910229353029034,,none,0.140107487693063
False,,0.32692977579544646,,none,0.011693845612067558
False,,0.7314692655721681,,none,0.07140544883991526
False,,0.3720041250400076,,none,0.015381972623416769
False,,1.2882500096018055,,none,0.13252274080560955
False,,0.42190444810629013,,none,0.14653311208022474
False,,1.426402530315572,,none,0.06520548668940619
False,,0.5576288366794063,,none,0.04911449617368559
False,,0.13860274196121414,,none,0.004220146662918941
False,,0.113039907794657,,none,0.09715568534693965
False,,1.1876052726439081,,none,0.13024536714122223
False,,1.4213440137234785,,none,0.035993110311496934
False,,1.3841409623769314,,none,0.10724313346092472
False,,1.4764524909936423,,none,0.004752463342530241
False,,1.4598268419447782,,none,0.0012300958134479323
False,,0.6449070781028825,,none,0.0377097328062019
False,,1.3905179865452986,,none,0.03414133808589306
False,,0.8481514321641044,,none,0.01765685895530546
False,,0.7886557486094825,,none,0.12101022686930754
False,,1.3949776311888094,,none,0.014894722574431507
False,,1.1709303289634165,,none,0.02107961303377518
False,,0.348887977093356,,none,0.04943624924683409
False,,0.5039084299122017,,none,0.18650530743041838
False,,0.37837493106169634,,none,0.015854711704841474
False,,0.520257453951648,,none,0.1899801837565098
False,,0.5109104483465295,,none,0.06955136363512147
False,,0.7571774755298966,,none,0.021770804797317148
False,,1.3347306813449533,,none,0.1118305443782575
False,,0.13791339729462437,,none,0.005413861834017203
False,,1.4612201930957782,,none,0.14317712983193567
False,,1.0443796168789652,,none,0.07456816880308186
False,,0.9279636851119739,,none,0.04387009100331398
False,,0.4135537883553405,,none,0.15421911196869392
False,,0.2977196451740385,,none,0.024897813413321757
False,,0.5681929142832933,,none,0.060193901672509535
False,,0.7784511388461792,,none,0.019039640368686214
False,,1.236333984182892,,none,0.0326400327467351
False,,0.4897285410710493,,none,0.05213257587397071
False,,0.9377023019546183,,none,0.004871910701043474
False,,0.18824543690760437,,none,0.055330229214645636
False,,0.06855697591146367,,none,0.04729440451045761
False,,0.4015424989755484,,none,0.03681184483913453
False,,0.6250958449257902,,none,0.018874015814058766
False,,0.07292476514617177,,none,0.025141672642050417
False,,1.3258468268917865,,none,0.2143582936185073
False,,0.7093134068565411,,none,0.01673551879855669
False,,1.1782763897284183,,none,0.020588834422249118
False,,0.12483729705788814,,none,0.05864009804712628
False,,1.0317280276414165,,none,0.04612870795527232
False,,0.6421657773138653,,none,0.05141069927887975
False,,0.36914672453073344,,none,0.07139016488924632
False,,0.5529187411451313,,none,0.02083549871383606
False,,0.13273068717813463,,none,0.007781920810211481
False,,1.3379916017863722,,none,0.100739582866487
False,,0.7802603681312676,,none,0.030587069022959563
False,,0.215551168944141,,none,0.04649070337172202
False,,0.5846120961116766,,none,0.10512044667723992
False,,0.3110127945177121,,none,0.08994358196345596
False,,0.17566843149273548,,none,0.04274111559907178
False,,1.2676074635703596,,none,0.0802818330391577
False,,0.9117986317417799,,none,0.05779903315199464
False,,1.3938490118621647,,none,0.07632671440682062
False,,1.2456391115469434,,none,0.08263033687630338
False,,0.8451909550533432,,none,0.10189369989728289
False,,0.6953408828914963,,none,0.01281105173027676
False,,0.8570131984839773,,none,0.059032327774674605
False,,1.1967410082103143,,none,0.0021669637027645593
False,,0.44401049004988163,,none,0.010440203916174621
False,,0.37848481140840873,,none,0.11412061460698868
False,,0.7257387970098432,,none,0.004831170629425621
False,,0.14481256055677727,,none,0.09857495044982433
False,,1.2348690340599104,,none,0.10318414862485874
False,,1.0822810215570042,,none,0.07324594845380232
False,,1.3225225141757289,,none,0.042827300071465686
False,,1.1639314276212076,,none,0.05307453980126342
False,,0.7472575825081127,,none,4.041026764013261e-05
False,,1.2261471268444388,,none,0.04085285145631543
False,,0.11064605902506833,,none,0.09439207256787968
False,,1.4938843724711148,,none,0.11048958230476488
False,,0.22748716018615095,,none,0.07195087362564245
False,,0.676046586347519,,none,0.02926936601521697
False,,0.6481375319451996,,none,0.06154193939796136
False,,0.84238325957145,,none,0.014521316868186909
False,,1.1935842536060353,,none,0.07678796479864379
False,,0.062442684625391064,,none,0.08648007528048547
False,,0.2597650339569527,,none,0.026999460243990542
False,,1.3883002846834063,,none,0.03147881742048682
False,,0.9090629197067777,,none,0.06681636245404504
False,,1.2679616232154731,,none,0.04162613281741583
False,,0.9189487521226365,,none,0.00015531769440481257
False,,0.35040995361859384,,none,0.01820180876603279
False,,0.06292560992435259,,none,0.013028624447802907
False,,0.8787175767231497,,none,0.05305235427644687
False,,0.9269059545013264,,none,0.010798727590074247
False,,0.8394973440672483,,none,0.009123812176967618
False,,0.9278157855643246,,none,0.10412417362639219
False,,1.3380240635188387,,none,0.0064937313364626095
False,,0.3007288246033573,,none,0.03258471749303928
False,,0.7912271428985208,,none,0.11103175798728968
False,,0.5207668853309807,,none,0.05799748012595977
False,,1.2396310616234054,,none,0.020728944265440148
False,,1.1967556828960437,,none,0.0308026790017185
False,,0.6980026693212821,,none,0.08430362786430147
False,,1.3389799161654812,,none,0.10013770014547309
False,,0.2654131644206535,,none,0.030020789072035828
False,,1.4858467041980272,,none,0.032208140770223645
False,,0.4063943295403384,,none,0.07553906719593424
False,,1.2973447979569666,,none,0.03444185696897918
False,,0.9186961150492479,,none,0.043389785892127976
False,,1.2129998548284062,,none,0.1543903750372084
False,,0.6931141091823029,,none,0.05002597270438403
False,,0.957936418675556,,none,0.03647319536216257
False,,1.4441512447995484,,none,0.0887854196629381
False,,0.9335689916885468,,none,0.00997012462861408
False,,0.4802735775346416,,none,0.04566557739600717
False,,1.3391771400934933,,none,0.06053996911491426
False,,0.8194376375669569,,none,0.09443464305869992
False,,0.5997746477538674,,none,0.16330840740036917
False,,1.2460635455795608,,none,0.07734185970469187
False,,1.3417660034889465,,none,0.07491300718412702
False,,0.23451194097120365,,none,0.02083394499304709
False,,0.057470640852092275,,none,0.03181669453321598
False,,0.90567311133884,,none,0.009942875533858258
False,,1.1827788404155644,,none,0.1532234276674301
False,,1.0491161839253977,,none,0.013589694098110353
False,,0.20339673045642837,,none,0.005833557540379391
False,,0.7360828227157673,,none,0.035104514638060164
False,,0.7063414559517927,,none,0.05928061114351352
False,,0.8756278368141797,,none,0.06011206871312012
False,,0.5898421691484395,,none,0.02788923810769236
False,,0.866092155421729,,none,0.15592366414474113
False,,1.4989607061096035,,none,0.07968252681095976
False,,0.35399477463370793,,none,0.04882229084680915
False,,1.4440788594137144,,none,0.03098144951918153
False,,0.05640132339206452,,none,0.0074438998140282904
False,,0.20586659958893566,,none,0.07599218093279855
False,,1.1925488819830807,,none,0.01438162392216382
False,,0.8567349814912644,,none,0.00574885282693109
False,,0.7661517368198901,,none,0.006674021293652319
False,,0.7019890380084579,,none,0.0443640350327282
False,,1.0967658993295997,,none,0.04628264578722346
False,,0.6324544426432023,,none,0.00785079723505866
False,,0.8953590556170351,,none,0.05724723341195151
False,,0.9732167537163253,,none,0.00721516588766638
False,,0.3830743607467218,,none,0.11239930163128489
False,,1.4279046166294351,,none,0.0026237472042020486
False,,0.723281636559161,,none,0.053288631758721255
False,,1.4024144866834385,,none,0.01590752836253661
False,,0.840216194347711,,none,0.0017954877975358333
False,,0.7672012753192805,,none,0.14670745318454503
False,,0.6313680462631468,,none,0.010867150133073405
False,,1.435727206761642,,none,0.062247260053977564
False,,0.6839167987424466,,none,0.009996369612890396
False,,1.4551702453050512,,none,0.02677214998357074
False,,0.40030844232937307,,none,0.004639486196423249
False,,0.11926274960173694,,none,0.07916213061073128
False,,1.0195727621597905,,none,0.11640562104933697
False,,1.0701049392475792,,none,0.07386967177134636
False,,0.7215538686085667,,none,0.009978599843505994
False,,0.5922453681906321,,none,0.07138526255753266
False,,0.38928879569975167,,none,0.05331719601288298
False,,0.950068045390531,,none,0.031101124281627184
False,,0.7861631529201557,,none,0.05175657505028609
False,,1.4819498643885312,,none,0.022142950145401352
False,,0.9576371103728862,,none,0.06343168618433784
False,,0.7753045860077556,,none,0.11148829967058102
False,,1.129569592419176,,none,0.0020782697114110123
False,,0.770920833489029,,none,0.031965626263358964
False,,0.7713141977447402,,none,0.11020477436372947
False,,1.0222056550938978,,none,0.025443136159800192
False,,0.9265378484212248,,none,0.007096685950274827
False,,0.6955874335865992,,none,0.0030165726178069947
False,,0.8341997832291782,,none,0.04255542681841401
False,,1.1619641610029237,,none,0.041392104513576604
False,,0.4929782172627403,,none,0.02944320508690039
False,,1.2307977220946358,,none,0.0017563409304190362
False,,0.8669182623121491,,none,0.07878186456064368
False,,1.352154322981053,,none,0.10846978137017911
False,,1.083071228154073,,none,0.10234355462609725
False,,0.2926978958197594,,none,0.09383156896938913
False,,1.0855236149785792,,none,0.05139575954608005
False,,0.8562476389277557,,none,0.07680337555837179
False,,0.2752431845131127,,none,0.05074551987926751
False,,1.0388016377574885,,none,0.02962755300004353
False,,1.0896326124973212,,none,0.0043619087815066964
False,,1.1064990954354712,,none,0.12182681407861627
False,,0.5932461266002034,,none,0.015583643142712137
False,,0.7794967844160109,,none,0.07108294003948606
False,,0.413015187627307,,none,0.025692443078365827
False,,0.3532981509960743,,none,0.02014547444828348
False,,0.17078650535806048,,none,0.13507377432046702
False,,0.8625024211851257,,none,0.1386554546677682
False,,0.6516118362419389,,none,0.09384771375454555
False,,1.4387822577689429,,none,0.06836441236288134
False,,0.2604152611475676,,none,0.005469808284308897
False,,1.473186003368775,,none,0.13901362357182995
False,,0.6125785756100977,,none,0.0541486830612821
False,,1.2426196649227559,,none,0.11188302962777871
False,,0.059916086099325604,,none,0.02542942833973066
False,,0.9141925212111479,,none,0.05877263203112858
False,,1.4217885600348226,,none,0.017979959341110584
False,,1.0852105862708883,,none,0.09399658905157232
False,,0.77359176022948,,none,0.02121019502084468
False,,1.4703438322616138,,none,0.06961284548853573
False,,0.3055009116361955,,none,0.031939915536265795
False,,0.05961979758613145,,none,0.1580855440300504
False,,1.4696370286771476,,none,0.05122904922252988
False,,0.343432308134257,,none,0.0582673968774153
False,,0.9525347272053607,,none,0.0238920764367386
False,,1.2855472904974412,,none,0.02687057275661242
False,,0.30990814813725825,,none,0.040576295170699425
False,,0.20289176006587234,,none,0.10641795244406695
False,,0.24709063459722236,,none,0.060638104349648274
False,,0.8175296103841834,,none,0.025555533843942078
False,,0.31620076806340247,,none,0.1006520670798808
False,,1.1807570918967218,,none,0.12347780086121796
False,,0.6540620496455422,,none,0.027427326434200438
False,,0.28923998091673203,,none,0.03785017819042997
False,,0.860722805570696,,none,0.1678180062599906
False,,0.07413598559361259,,none,0.055695881130168524
False,,0.9174563804098664,,none,0.008133560260508202
False,,0.38114921139609365,,none,0.12995674580835612
False,,0.9440872567457894,,none,0.1133459766494596
False,,1.4669728623474494,,none,0.09273354451716963
False,,1.099614806015918,,none,0.055504819246663485
False,,0.9399864291023886,,none,0.05899521245905671
False,,1.168969820485166,,none,0.11778394706358668
False,,0.7093933953308561,,none,0.12795540331403654
False,,0.4733278691941863,,none,0.03011357532756028
False,,1.4886326017176734,,none,0.14730446610954376
False,,0.4807620416556854,,none,0.0014697556762553977
False,,0.38990070274282757,,none,0.04208163877429882
False,,0.1554551627848968,,none,0.04352483270719289
False,,0.4318068666392654,,none,0.09843566659615989
False,,0.9191181160198224,,none,0.03186694897234512
False,,0.9952208163925986,,none,0.010175574501811703
False,,1.035069748304964,,none,0.06160125761311035
False,,0.19404629166899645,,none,0.030994046846675685
False,,0.31480806454667243,,none,0.019942883001372258
False,,0.9363726657255322,,none,0.10920721670288587
False,,0.7587318495724432,,none,0.02123457610016162
False,,0.43955828300804445,,none,0.05495813240478785
False,,1.4173608656631858,,none,0.05509477009111766
False,,0.10619039540602787,,none,0.02858726670062363
False,,0.9884278916205794,,none,0.035116529165942933
False,,1.0280608486551135,,none,0.0023696141164026483
False,,1.0862298176396659,,none,0.07812678343493501
False,,0.6717998985985292,,none,0.19459022352014652
False,,0.895315852722953,,none,0.06302573329426342
False,,1.3057751850424997,,none,0.042755868326480505
False,,1.0777923233761577,,none,0.024759860087952872
False,,1.4417707622746834,,none,0.019801894718870006
False,,0.2578595141463165,,none,0.008252369589661605
False,,1.4495716468289372,,none,0.06350144216039202
False,,0.31698243988347075,,none,0.03651307152440634
False,,0.8044796203346252,,none,0.04576717157374839
False,,0.6250188341768448,,none,0.027379245745361647
False,,0.9982623267750035,,none,0.12159986854988888
False,,1.0441544377797842,,none,0.12160427121033647
False,,0.6000960291085697,,none,0.07456546266880895
False,,1.1446807703072492,,none,0.0030025435716830324
False,,0.6676462530362902,,none,0.0459233847431352
False,,0.7375456687213874,,none,0.03497441955254755
False,,0.7568057348216131,,none,0.08270609370801918
False,,0.15859458515529706,,none,0.010228036578993367
False,,0.4817213054995938,,none,0.07456936374714801
False,,0.9657832993518026,,none,0.009782635688799297
False,,1.291770606473087,,none,0.1724925221299142
False,,1.1768820267150542,,none,0.04546285813911923
False,,1.3495292612363328,,none,0.019018937557696465
False,,0.7600010751533747,,none,0.06254544712562389
False,,0.7559531767547077,,none,0.057348504340836354
False,,0.47332768046277357,,none,0.056552472611011435
False,,0.8622174132275056,,none,0.0750367758190203
False,,0.1249180041265761,,none,0.08229274244138493
False,,1.2468251901057317,,none,0.0924994418300445
False,,0.800895236578859,,none,0.07103391897327048
False,,0.6766974067718846,,none,0.04053094995786059
False,,0.11595379395850294,,none,0.02627027354466428
False,,0.14323050113123878,,none,0.06779270044687308
False,,0.9564815547411866,,none,0.15734458915802382
False,,0.69221533759568,,none,0.0975731563754661
False,,1.1938474767415677,,none,0.12668854334999352
False,,0.7775264750268909,,none,0.04894884263659999
False,,0.7498288880464352,,none,0.015133028309237281
False,,0.9177700800931086,,none,0.07781330212008317
False,,1.2073558934065254,,none,0.06404938040482197
False,,0.16256715752639295,,none,0.03767457444541574
False,,1.0707781560390408,,none,0.05843978189623032
False,,0.5916670259547214,,none,0.0834618731377441
False,,0.9376276691766238,,none,0.031925593397710166
False,,1.0194762084491011,,none,0.022453746625558192
False,,0.5022980356507581,,none,0.046366163812710894
False,,0.22119503477399532,,none,0.110444305864602
False,,0.8834053123550872,,none,0.013093282425415196
False,,0.3125672259822866,,none,0.020699014767326728
False,,0.786593972737489,,none,0.0491321448136015
False,,0.5048164593915394,,none,0.05363892815495625
False,,1.206337129617778,,none,0.029283966427551884
False,,0.3680020885838595,,none,0.08535273888389362
False,,1.099019145323201,,none,0.07685118951768177
False,,1.0092429568152061,,none,0.07934000900505404
False,,0.07723541458931873,,none,0.03850622033324067
False,,0.32080220451463365,,none,0.0034943591630487675
False,,0.232149481349179,,none,0.019489859646217366
False,,1.2878596722177946,,none,0.0557586965992835
False,,1.4561016837208036,,none,0.0983542687109442
False,,0.641598264628335,,none,0.013630474009700636
False,,0.14035340011440667,,none,0.06644146352193352
False,,1.2719520855608641,,none,0.0381809015938574
False,,0.6970979030652268,,none,0.02024503513339191
False,,0.35196332283970594,,none,0.09576974497754034
False,,1.3006125500006784,,none,0.0641557056975573
False,,0.07821286840212721,,none,0.014180724576103145
False,,0.14257545242754516,,none,0.023170176984222073
False,,0.6763148321925856,,none,0.0015834426940200318
False,,1.191064725440067,,none,0.054499539216717
False,,0.2570938821171143,,none,0.036037393091423404
False,,1.149257103936859,,none,0.0023833411919399745
False,,0.984157360386979,,none,0.09681593348777327
False,,0.8003293087759388,,none,0.05166265680325022
False,,0.3682985766766593,,none,0.010126550981834645
False,,0.4745256101004268,,none,0.06537620750621934
False,,0.68453038819731,,none,0.02213281954854953
False,,1.1702810177199472,,none,0.028881080041770296
False,,1.4236063323805634,,none,0.039909780235415845
False,,1.4813109166522849,,none,0.08730736863073295
False,,0.5879002260667961,,none,0.010115470905939457
False,,0.48565691253940707,,none,0.015194607104509017
False,,0.3367450528093666,,none,0.11177644100084581
False,,0.778040322784038,,none,0.03247795934339542
False,,0.23028582166147826,,none,0.0565200673253305
False,,1.182030946194887,,none,0.0076196844521771966
False,,0.732071132032367,,none,0.12976915775439996
False,,0.772713809363191,,none,0.122628321378646
False,,0.7204226235862072,,none,0.07681095880825646
False,,0.7806143805159785,,none,0.12921494749224885
False,,0.16741834903482253,,none,0.014059940715621402
False,,0.15436222105392194,,none,0.06222006032980293
False,,0.3618533733795985,,none,0.001071463063213221
False,,0.5421643559724084,,none,0.044520113528224464
False,,0.2623647571025506,,none,0.014190522105368092
False,,1.0114497399047577,,none,0.038815469779443085
False,,1.3820081718061665,,none,0.024118678622301028
False,,1.1479776615392583,,none,0.014331429713241304
False,,1.1310929147788835,,none,0.032442482276959034
False,,1.0950830454455744,,none,0.043877801108137805
False,,0.6613715300726665,,none,0.020747871035139837
False,,1.010924153029463,,none,0.1378634362495973
False,,0.8386475029893462,,none,0.11305956426710058
False,,0.9961731476674867,,none,0.030632674947031296
False,,1.430147422808675,,none,0.04782863134627446
False,,0.8897978030334966,,none,0.14661117453724634
False,,0.3290822119952293,,none,0.014080787421965543
False,,0.4673550536876496,,none,0.024727758315547896
False,,0.39273534211924077,,none,0.007729429040816354
False,,0.29352713872030023,,none,0.13854640111333533
False,,0.42259770121323714,,none,0.02905727625072319
False,,0.7296934531125507,,none,0.013871082059934588
False,,0.6032191593080366,,none,0.02488182637411456
False,,0.48585524703585453,,none,0.026805203815350252
False,,0.1306473957695316,,none,0.0609762904476307
False,,0.9289574422546796,,none,0.005164527497819941
False,,1.0133567485847066,,none,0.02191286252979167
False,,0.38131393144504055,,none,0.07420714546353882
False,,0.23352475525135802,,none,0.07001899398612281
False,,1.0972238074534513,,none,0.03169666074183618
False,,0.5870628958233809,,none,0.015990974096283396
False,,0.9288748441292065,,none,0.11117434345089511
False,,1.3412834508640699,,none,0.01884866599813195
False,,0.5246234641751742,,none,0.09340381291603633
False,,1.4669256016402714,,none,0.07077384809724402
False,,0.3197055802737655,,none,0.024037303061638034
False,,1.0717030432090824,,none,0.031123792236754644
False,,1.3476198604505054,,none,0.017631682140406574
False,,0.8629069434984741,,none,0.004896673476269869
False,,0.741414130523717,,none,0.05209816001093951
False,,1.0868088903485624,,none,0.11361263890648472
False,,0.8796669994642978,,none,0.09534304517139
False,,0.2523038515877242,,none,0.06052374774568304
False,,0.2046199406201321,,none,0.0889378028982359
False,,1.3614865259188385,,none,0.0049397440591558905
False,,0.7722768377245561,,none,0.0718531363689849
False,,0.8829958389482025,,none,0.010084372144207031
False,,0.7246083917934472,,none,0.006131281181787419
False,,1.247058902866091,,none,0.012069136381324294
False,,0.7090232252548568,,none,0.03036444722675995
False,,0.4064087351901395,,none,0.06307385579012303
False,,0.8763558337739117,,none,0.04743592538472781
False,,1.3568415085539556,,none,0.09937013455990683
False,,0.8000086212791292,,none,0.02126431861203583
False,,1.0368355693465596,,none,0.014948019601281292
False,,0.3452128653791172,,none,0.0035211354303550054
False,,0.8306660397072835,,none,0.08943252722510718
False,,0.8117128776192762,,none,0.03337302923258794
False,,0.4655762050754574,,none,0.024323457193442758
False,,0.9522939610359626,,none,0.03546409243835339
False,,0.18337939761113053,,none,0.056371083579654764
False,,0.12147845776976159,,none,0.005173392879621764
False,,0.05221742820701512,,none,0.07728863568058664
False,,1.2377317406412365,,none,0.03077482496490269
False,,0.4345555775477169,,none,0.010616542968928451
False,,0.2606545878024839,,none,0.08206954558745723
False,,0.8996798109350006,,none,0.05708733249508138
False,,0.703763649030599,,none,0.07784356373802709
False,,1.0410150029689067,,none,0.015566110120695115
False,,1.3361458604978254,,none,0.04072393427445206
False,,0.5294090166539981,,none,0.0006248709619893723
False,,0.064418748996327,,none,0.07524381910903818
False,,0.5054232363617128,,none,0.016718032660614262
False,,1.033932161126277,,none,0.03217793011109806
False,,1.4297953014943285,,none,0.09105677390627674
False,,1.1745917539348172,,none,0.036895742044662595
False,,0.4817383676936855,,none,0.052978294077166636
False,,1.1711149559127194,,none,0.04509592054153488
False,,1.1573514780670233,,none,0.044730272234769664
False,,0.17663577537663117,,none,0.010552060787085885
False,,0.6527515483092876,,none,0.02071984683993067
False,,0.4183334398857798,,none,0.10982147769482495
False,,1.4600815976126278,,none,0.08327654843633674
False,,0.8258656574944702,,none,0.007507650555747461
False,,1.2120632956752095,,none,0.03060535689898418
False,,1.0673925456920201,,none,0.058016202964356015
False,,0.8510387135181725,,none,0.02966777839106549
False,,0.6400336188145482,,none,0.019565598033699085
False,,0.05558467865885667,,none,0.09107711573199127
False,,0.3409520354935582,,none,0.07156461694028969
False,,0.713794915343838,,none,0.08127942337221263
False,,0.3178021848714707,,none,0.18733948080280538
False,,1.3196019228745945,,none,0.16377210039646004
False,,0.6948396091125061,,none,0.07865652325225167
False,,1.2814355217801399,,none,0.13758370045948823
False,,1.281103373096308,,none,0.023813213170807323
False,,0.9531101055158485,,none,0.030802430701129976
False,,1.4663690356990846,,none,0.04292632801284633
False,,0.7281272099096885,,none,0.11651901483238389
False,,0.43817863675975266,,none,0.023181796323344613
False,,0.5924028679482728,,none,0.10215056652249214
False,,0.8399150609112933,,none,0.07477772849244452
False,,1.1226685470488047,,none,0.1270950428601542
False,,1.3675015886843664,,none,0.042427234673002266
False,,1.0688414182140062,,none,0.07799543033335722
False,,1.1324932107189718,,none,0.05265465536507166
False,,1.2370612845897586,,none,0.09550320492469931
False,,1.169306421103936,,none,0.043115811576713424
False,,0.6672459444348282,,none,0.06427131220447921
False,,1.4489993147135465,,none,0.05445059477133875
False,,0.16200342649265995,,none,0.05528313085920609
False,,0.6913526643080742,,none,0.0597777287700472
False,,0.3109807688795784,,none,0.1461177681384766
False,,0.48113578965818615,,none,0.08226783847905116
False,,0.6198333380034453,,none,0.14257351692440837
False,,1.204680016395644,,none,0.004708878899949165
False,,1.0323264651603234,,none,0.11596998882854061
False,,0.8118472897374724,,none,0.11297168001919851
False,,0.9311532798183293,,none,0.059809064890376594
False,,0.201605803115549,,none,0.0748173811431277
False,,0.48205115845789065,,none,0.03594538364349049
False,,0.3415670515411228,,none,0.07423696488403247
False,,0.3853492059424152,,none,0.13442385347992844
False,,1.2513224611662224,,none,0.08861556126829837
False,,1.164273481488646,,none,0.09567114490490317
False,,0.9835801065022316,,none,0.09323472633485078
False,,1.299623631782852,,none,0.10778460450145047
False,,0.37488426991524126,,none,0.07658609005390586
False,,0.9718918820197926,,none,0.09985697788445444
False,,0.3650026412629262,,none,0.046944418143185306
False,,0.5766683331078726,,none,0.08749996059760817
False,,1.3796649334361184,,none,0.01848948260679698
False,,0.7804824966902948,,none,0.10718648407163883
False,,0.852744327166111,,none,0.10456221208611846
False,,0.6192727792322926,,none,0.011684583287351703
False,,0.9250722035368273,,none,0.04524858527431149
False,,0.6700609555743451,,none,0.024877326826190375
False,,1.37950307788665,,none,0.021239795866767875
False,,0.8394953309062585,,none,0.16073547727869342
False,,1.3171155093148708,,none,0.06528288874808076
False,,0.8135073968854654,,none,0.0010952056326763453
False,,0.8775611774293711,,none,0.06028332257669891
False,,1.185279516807647,,none,0.04903523001431487
False,,0.18818777817923288,,none,0.09220587845485867
False,,0.47790361167712136,,none,0.08150467577506747
False,,1.3516808515576526,,none,0.10283718280514942
False,,0.6994476059624266,,none,0.014710238590242246
False,,1.075305696591971,,none,0.07569970284608583
False,,0.4880855140136745,,none,0.13463248156277874
False,,1.045903682874702,,none,0.08253168259020736
False,,1.2553635140765302,,none,0.0789506850731664
False,,0.42379040249900307,,none,0.0803849632540161
False,,0.6743607602891883,,none,0.04480380633568945
False,,1.1485066974129496,,none,0.0319173914785338
False,,0.8466755793463038,,none,0.07462179620874664
False,,0.2457668718179966,,none,0.019205616401502573
False,,0.062476715188919646,,none,0.032987510200614564
False,,0.9290519633667895,,none,0.021944300224300238
False,,0.8550995922588817,,none,0.002996367294871142
False,,0.27812780110021257,,none,0.024310293457275332
False,,1.3268146277556558,,none,0.04619237186952826
False,,0.7328258427545172,,none,0.03800197743441842
False,,1.3689593299319394,,none,0.014785024403284792
False,,0.3236367869569303,,none,0.07481908937525017
False,,0.6637276909160524,,none,0.10906585333688382
False,,0.292257595175487,,none,0.04846486574719698
False,,0.09661671422621967,,none,0.13178347702852214
False,,0.8267206334950336,,none,0.0083127703654151
False,,0.9681931507456406,,none,0.08612451612162363
False,,0.8782987307636649,,none,0.047426932565323245
False,,0.7057942631082119,,none,0.11759313714878687
False,,1.1550388035199481,,none,0.07061855011448545
False,,1.313355791539897,,none,0.01915093583023508
False,,0.5160572450024526,,none,0.07589458258081774
False,,1.2232874986788096,,none,0.01849529754781028
False,,0.15220676018134777,,none,0.10656777639935362
False,,0.6762756089643449,,none,0.0032600986111204966
False,,0.2864409175839895,,none,0.00580233560404942
False,,1.2939587989204706,,none,0.10887064307705636
False,,0.7481764933460746,,none,0.033212735138430136
False,,1.1694020643785257,,none,0.007906433671871436
False,,1.1180368637124005,,none,0.014123315044032775
False,,1.1367363611336618,,none,0.08552112533746696
False,,1.3310580729311126,,none,0.001332904947937015
False,,0.5242934784828912,,none,0.00839031799997844
False,,0.147182888072882,,none,0.05326933512699989
False,,0.16784860722665385,,none,0.019511100145752303
False,,1.4101735552826442,,none,0.04326232750667454
False,,0.6515786221581209,,none,0.0687874030141733
False,,1.327437784439283,,none,0.14373969419818966
False,,0.39314076285449273,,none,0.10240316939885272
False,,1.0456584391053814,,none,0.06935465665091681
False,,0.8250812682802334,,none,0.1430561564054938
False,,1.0049015959595708,,none,4.47466422937634e-05
False,,0.7211174809323426,,none,0.05115347686931356
False,,0.4852618552763573,,none,0.1163489018553034
False,,0.9886065077410013,,none,0.005016599868860886
False,,0.7987952229182648,,none,4.4652862927291735e-06
False,,1.270204374904964,,none,0.048963831469876345
False,,0.761404668608359,,none,0.08438087447077937
False,,1.0517428411058658,,none,0.05908404436597189
False,,0.5163381614779129,,none,0.06160749690536912
False,,0.8539510003942771,,none,0.05172798615216274
False,,0.8854196283202397,,none,0.03497213330020355
False,,0.8434773171125377,,none,0.014336928277598589
False,,0.9597978083882932,,none,0.009773469281221917
False,,0.684019440070885,,none,0.016394846796200433
False,,0.40165956024526317,,none,0.14089639207080554
False,,0.6019909900116778,,none,0.05122796673661309
False,,1.3762028754275715,,none,0.024422441808749973
False,,1.4831983711736323,,none,0.07557624846749363
False,,1.0812928741509933,,none,0.06180389082565166
False,,0.1011164653649422,,none,0.05342865162831312
False,,0.4891246992380782,,none,0.026047001051583318
False,,0.1595058914352484,,none,0.01585023876661311
False,,0.8237534924476286,,none,0.006910762402536443
False,,0.3274129178941874,,none,0.027443672539904915
False,,0.08088652638694326,,none,0.0057114432133371085
False,,0.32717083598620766,,none,0.09614784698311728
False,,0.9397194435831222,,none,0.02302718890017458
False,,0.6894294187501971,,none,0.0015267940812927199
False,,0.2696681760678325,,none,0.18391433397113358
False,,0.20512815261183243,,none,0.06777635582037567
False,,1.1967776433742534,,none,0.07596719986569934
False,,1.4184115672875994,,none,0.033699872552661304
False,,0.5223525888539088,,none,0.16538483612839805
False,,0.5876075187230787,,none,0.05432841627219976
False,,1.2601459667864898,,none,0.004041411366078561
False,,1.1977279492633992,,none,0.1422607671677836
False,,0.08395567490948097,,none,0.07317291677946662
False,,0.7154367449222511,,none,0.03065094347020854
False,,0.6662489774680993,,none,0.0999769109212837
False,,1.302778405939898,,none,0.08576074745017116
False,,1.4206429794452429,,none,0.008358197413529351
False,,0.2798780623864873,,none,0.001811963899610878
False,,1.3783852572794437,,none,0.024922139557229963
False,,0.7656878607812494,,none,0.16998151037823564
False,,0.4547780064159275,,none,0.00011499224186858064
False,,0.6344267418524832,,none,0.019060661944565915
False,,1.3373991161965406,,none,0.06659992989547432
False,,0.3587673372699207,,none,0.0560193836855889
False,,0.675025993909688,,none,0.06066432195319639
False,,0.3719505353139051,,none,0.05759424143163456
False,,0.601724693696755,,none,0.025161603575778378
False,,0.7574255037544072,,none,0.11260730884232505
False,,0.6026156086009523,,none,0.044117053938388016
False,,0.6286113166312669,,none,0.049795602315218505
False,,0.5456236834662074,,none,0.02010363101956999
False,,1.258263693356144,,none,0.027335272988375698
False,,0.9878100033502365,,none,0.07423145381543478
False,,0.0777018678590811,,none,0.024754412231059113
False,,0.8887171576126595,,none,0.016601920628524072
False,,0.22349128969855636,,none,0.017018851891069737
False,,0.9943798167985272,,none,0.00910949012423785
False,,0.6515900032197608,,none,0.09715098868143447
False,,0.3506010114257294,,none,0.027086823084479152
False,,0.5492729057947937,,none,0.0814781371463719
False,,0.27446839395161643,,none,0.16022324171872457
False,,0.6236883604134696,,none,0.046784229232365734
False,,1.4107047938881168,,none,0.11920850539767132
False,,1.4306638378496825,,none,0.00882771395592665
False,,1.1648339316172764,,none,0.05647027769048887
False,,0.1772647054543402,,none,0.02268683514596066
False,,0.2727619549463832,,none,0.03942479623531512
False,,0.48864245892776786,,none,0.06651790429603371
False,,1.0879493173403287,,none,0.018427427868425054
False,,0.8926170986799621,,none,0.0057684848660362045
False,,1.0806838333057676,,none,0.0807916307937927
False,,0.6263780237819317,,none,0.05698609039381098
False,,0.09858169819844412,,none,0.06723931054829944
False,,0.1888520508453015,,none,0.06475760676958739
False,,1.4317758801705214,,none,0.05931643777652022
False,,0.6642872919750618,,none,0.004508685127963886
False,,0.5618515011539407,,none,0.07395713696501768
False,,0.6699229197452308,,none,0.04553358835045402
False,,1.1531345722695976,,none,0.09219551464831514
False,,1.2637479317697693,,none,0.020212212670336814
False,,0.7664465872602244,,none,0.01157502371049206
False,,0.8014982617658338,,none,0.09062166004587986
False,,1.3736276770182658,,none,0.058432164642648984
False,,1.4389248077472645,,none,0.014108754915524458
False,,0.29570897767198573,,none,0.09909250061848475
False,,0.917636237460951,,none,0.06811367888279055
False,,0.36241289368779334,,none,0.13796146113283672
False,,0.15000904848989738,,none,0.08287117950492753
False,,0.8284982483911107,,none,0.07949724330950186
False,,0.7815170929889408,,none,0.17246619096565327
False,,0.050712996903038425,,none,0.02048065863629987
False,,0.5808379729667477,,none,0.06317593295440681
False,,1.1621957121441935,,none,0.1462819514032311
False,,0.7419450553325617,,none,0.09034232274364104
False,,0.061512986737751685,,none,0.016095194933490677
False,,0.4647421405497498,,none,0.028350164675285002
False,,1.4083825163302144,,none,0.07222756281750603
False,,0.9294194962558533,,none,0.046407424912561966
False,,0.41516042623247895,,none,0.020075085421309334
False,,0.514299900193537,,none,0.10422971612467304
False,,1.2295296506444553,,none,0.034818733247469404
False,,0.7371417115577318,,none,0.14272650196648187
False,,0.45698530884747485,,none,0.03519850832451284
False,,0.38509955591032446,,none,0.09469751835573667
False,,0.45602510865654095,,none,0.08251599026428158
False,,1.0636295884198226,,none,0.01339167251321173
False,,0.5793541716601771,,none,0.07898767627116304
False,,1.063838707919951,,none,0.15957535631630965
False,,0.38478005952821476,,none,0.04973704746305207
False,,0.5804474131364621,,none,0.054460716022964706
False,,0.3821786959383681,,none,0.05947001264921665
False,,0.3044890183017609,,none,0.024110776241264877
False,,1.1482832796254137,,none,0.003107852145893318
False,,1.1676488562173912,,none,0.0500456976055426
False,,0.5498267610958337,,none,0.004742731321788565
False,,1.0120964158897974,,none,0.08619123958686499
False,,0.4736941308899717,,none,0.10505647542590839
False,,0.6303359116949762,,none,0.012126462374283964
False,,0.289620305204951,,none,0.01750977742051052
False,,1.1165424148728889,,none,0.10243659353648425
False,,1.4603502897171423,,none,0.05788430282845439
False,,0.8000465795797583,,none,0.13299294031260275
False,,0.41218228522806394,,none,0.008127591580124853
False,,0.12470930785083428,,none,0.02256159068078307
False,,0.5998850975211804,,none,0.019971209651580085
False,,1.1713620909967548,,none,0.03353941181063944
False,,0.293167978669531,,none,0.07256490897983207
False,,1.203238184220771,,none,0.052695183952287145
False,,0.5271732813433779,,none,0.025855225445891805
False,,0.7501531722149092,,none,0.03248048820442485
False,,0.4050003017384193,,none,0.031949307455195086
False,,0.7407000581227503,,none,0.059357139102280645
False,,1.3303332827399912,,none,0.11807579992559591
False,,0.6221596254513216,,none,0.02620695453338967
False,,0.8995570071091005,,none,0.04896618453672496
False,,1.237042982370652,,none,0.09968050724484469
False,,1.1865834015822934,,none,0.06705981618800257
False,,0.416648946988488,,none,0.049756377605061464
False,,0.6853725924244239,,none,0.021108484363273564
False,,0.1970228638436351,,none,0.051278494531364065
False,,0.09179685064560968,,none,0.10721477755291632
False,,0.6518700294314248,,none,0.06269418605402534
False,,0.6667129700734529,,none,0.008808466430648379
False,,0.552075827277989,,none,0.019499384781347006
False,,1.4532887492911877,,none,0.05356677309293953
False,,1.3254248273895293,,none,0.011627255786851151
False,,0.21876814392042054,,none,0.005496748418714391
False,,1.1609661913415543,,none,0.02836841831580076
False,,0.11126150941829732,,none,0.1033336638458511
False,,1.285675217609589,,none,0.004000197973802291
False,,1.3763485719524935,,none,0.04828304536970112
False,,1.481445316450162,,none,0.02275954537317618
False,,0.45309827771768474,,none,0.03160053244601067
False,,1.0184732137363333,,none,0.017936454192510366
False,,1.3908552900186184,,none,0.06391706186898263
False,,0.7325167305141913,,none,0.050821635660217586
False,,1.0771989770594095,,none,0.03994917504736249
False,,1.4377711647408558,,none,0.059914078273166
False,,0.9979071967057683,,none,0.10245862071588796
False,,0.16824568113859914,,none,0.08648981915498907
False,,0.5063696930561391,,none,0.007006662039991435
False,,1.0855904252652482,,none,0.03844467958854503
False,,0.784801031759347,,none,0.05823238368743355
False,,0.5931279609180818,,none,0.13414574015063827
False,,0.6259418148599168,,none,0.08239589732023246
False,,0.13679964453790283,,none,0.02609735393755564
False,,1.1877743158495042,,none,0.09268695775922417
False,,1.355888047143167,,none,0.11462951059989247
False,,0.14291166918794526,,none,0.07571217340132731
False,,1.4336122546271857,,none,0.035347549458407776
False,,0.9062786921967183,,none,0.030589203662769467
False,,0.42523014435571654,,none,0.057862497343651585
False,,0.6007712763219802,,none,0.0677462485325013
False,,1.2595956932485177,,none,0.0558344845306027
False,,1.4210635095205075,,none,0.019784256727402198
False,,0.4745366404072295,,none,0.09119124982072217
False,,0.26808481113524135,,none,0.03292522824991165
False,,0.650019399419299,,none,0.03304037152234688
False,,0.0742689419841141,,none,0.049307559024906675
False,,1.1769203456825514,,none,0.10769716882547299
False,,0.34760940288461417,,none,0.12798528920609695
False,,0.6418947483564656,,none,0.09224719945226287
False,,1.0981556212820693,,none,0.05048692385591467
False,,0.292991417087421,,none,0.03486784190657445
False,,0.5504568946873307,,none,0.04052144254331493
False,,1.4787222032410798,,none,0.015005198625990559
False,,0.6257996740042553,,none,0.03623675264157096
False,,0.059721178243312995,,none,0.03328676128069121
False,,0.12027715042099929,,none,0.09889169479140596
False,,1.437716683166417,,none,0.03681643304002544
False,,0.3113661423302232,,none,0.0065327018472851
False,,0.0836854619747486,,none,0.08807917990569779
False,,0.6290402103038593,,none,0.09258756316294837
False,,1.008001539909622,,none,0.060250105978272156
False,,0.7515416470425662,,none,0.009590735693786262
False,,0.6475264932834618,,none,0.0687819492455084
False,,0.4722568505664267,,none,0.002566134403465422
False,,0.9438309925209419,,none,0.06504913600165128
False,,1.05757688520442,,none,0.05050639161772569
False,,0.4763759514740983,,none,0.04443327844088523
False,,0.6140809500387403,,none,0.036984382033512245
False,,0.6095480750372809,,none,0.1087499008512507
False,,0.36173311465391317,,none,0.060887215519156844
False,,0.7242597506124191,,none,0.017422028788191084
False,,1.2500651252316013,,none,0.07592253011482593
False,,0.9504599100168964,,none,0.07183522290637506
False,,0.44456199441301086,,none,0.04309372633875755
False,,0.2746719555198673,,none,0.01683572162342928
False,,1.4783741696208115,,none,0.07763220946362771
False,,0.3483433687424694,,none,0.14850065507711466
False,,0.6795012239169086,,none,0.1118610963659406
False,,0.6622741354357116,,none,0.06111441966399394
False,,0.37103966383789605,,none,0.03481201326006783
False,,0.588261710882184,,none,0.04635960302995806
False,,1.3227508338269276,,none,0.02156405752873751
False,,0.9652646756900761,,none,0.0870878190497464
False,,0.27243031482802255,,none,0.01265187175778328
False,,0.5580886824761486,,none,0.0839720442308962
False,,0.2246964354610977,,none,0.05780133460336449
False,,1.1180971732805483,,none,0.10065258102908951
False,,0.08377118734388742,,none,0.05840970390785359
False,,0.13860860792272994,,none,0.050073026830655516
False,,0.29968048466847763,,none,0.08709141326628057
False,,0.7724312582335761,,none,0.06435526853328792
False,,0.7035048522289599,,none,0.06171459716248076
False,,0.35562892381007427,,none,0.00021003333415101929
False,,0.48840046363979167,,none,0.04690255265999191
False,,0.5311300692587321,,none,0.13858882448378682
False,,0.30156950284188627,,none,0.13631231753998507
False,,0.6426575241971578,,none,0.1068933155689555
False,,1.3365362236639733,,none,0.08589057460999922
False,,1.1377848682545415,,none,0.01017628152655211
False,,1.0650613950360048,,none,0.06991210699153032
False,,0.905339912541921,,none,0.023715491623120807
False,,0.28187631403812613,,none,0.007557052211639185
False,,0.9321040413678084,,none,0.006636600154276087
False,,0.951439263419746,,none,0.053452909123411184
False,,0.7631790101290215,,none,0.0601861109613991
False,,0.9765854790166372,,none,0.03220821677759662
False,,0.940060168811924,,none,0.05410906140238122
False,,0.19991284518590136,,none,0.14950184688567056
False,,0.1760049124929739,,none,0.04632250340678632
False,,0.8798644344045244,,none,0.11836541876529312
False,,0.4331325509598369,,none,0.1468306541873378
False,,0.1100421634982525,,none,0.03273921061357634
False,,1.2497931478756914,,none,0.045197102201873264
False,,1.3267628131848739,,none,0.010999493820414308
False,,0.8363828006136762,,none,0.010028417472809874
False,,1.4745724325404896,,none,0.038893177838541015
False,,1.4186133817847841,,none,0.11362112907854015
False,,1.4886712544752756,,none,0.09601346347404066
False,,0.2552086830316467,,none,0.031982186065931444
False,,0.20933475707467597,,none,0.01671312618798167
False,,0.14523381347292594,,none,0.024896029628956456
False,,1.098242493855898,,none,0.01562902178918233
False,,0.29069330833341783,,none,0.06514607349888113
False,,0.2865231691860445,,none,0.07173797580766629
False,,0.2938070005762285,,none,0.03667339868659853
False,,0.7537540518628558,,none,0.028789822509367884
False,,1.0299640656260869,,none,0.019229688926605783
False,,1.056535682151613,,none,0.04654426356106105
False,,0.8411234718107929,,none,0.08501690410646197
False,,1.189796807241957,,none,0.06836581285244393
False,,0.8250021608872458,,none,0.04706562287320343
False,,0.08892157722860258,,none,0.053070009995434826
False,,1.21103348192764,,none,0.07473346249352425
False,,0.1438040565424729,,none,0.12543621526079152
False,,0.7372806040679357,,none,0.061928494069247074
False,,1.040916452070235,,none,0.007851853644163168
False,,0.24751062827001769,,none,0.1180215827451979
False,,0.3183027596280485,,none,0.03542694575482595
False,,0.8100918807938934,,none,0.07993025920310079
False,,0.8128201562819772,,none,0.013606026932728601
False,,0.7510370049536943,,none,0.045209597230018515
False,,0.07892887856719526,,none,0.02900149894935585
False,,1.3220402551230883,,none,0.0180781167673949
False,,0.45235942954981045,,none,0.006151008188786834
False,,0.6483718296313026,,none,0.010650267394645044
False,,0.29848051462914593,,none,0.15665692184929064
False,,0.5442790849078681,,none,0.020061099156840626
False,,1.0317693420807268,,none,0.04357753210107815
False,,0.9284986239450382,,none,0.06794706850573067
False,,0.5551643036323634,,none,0.0947043214231911
False,,0.19760657705542073,,none,0.05029277333141353
False,,0.9338388175967579,,none,0.012185395304057631
False,,0.6799833139836963,,none,0.04809996037174185
False,,0.19099640722519817,,none,0.017664675071970334
False,,0.8682754661167668,,none,0.039011013060485315
False,,1.2456975767668272,,none,0.008006841474313423
False,,0.6380854578249517,,none,0.07239076068799691
False,,0.7829221047969356,,none,0.061351764454617784
False,,1.2031443851669625,,none,0.08911692092629682
False,,0.7479453069547903,,none,0.13679129212698635
False,,0.30759258974542314,,none,0.06528403443919735
False,,0.6112510440889866,,none,0.006277519489828893
False,,0.692806553062171,,none,0.13068676578484
False,,0.8532805022484964,,none,0.013612905757973415
False,,1.2628498201220073,,none,0.04375525748101464
False,,1.2746865097573814,,none,0.048203649000624044
False,,0.10667566739811446,,none,0.057923726597596294
False,,0.605473896623654,,none,0.04568327263666954
False,,0.6066805036055041,,none,0.04094559298776773
False,,0.21184082489541323,,none,0.08780422630947797
False,,1.4954324509266566,,none,0.08242277051509106
False,,0.23607226757783112,,none,0.00277194126045642
False,,0.5337298834457798,,none,0.09670578134120372
False,,0.13787047028430127,,none,0.12480168396624781
False,,0.9381754590057682,,none,0.08693218015776863
False,,0.7170634479160998,,none,0.10123694716162836
False,,1.3532483092522674,,none,0.09308358914133852
False,,0.09483231800520955,,none,0.007431699896178014
False,,0.4861676730588511,,none,0.08104070253001591
False,,0.49055718428795037,,none,0.07089030761366047
False,,0.3797579115669165,,none,0.16550285990526384
False,,0.47192191961214275,,none,0.09184225871918145
False,,0.7347781410771053,,none,0.0172604518919656
False,,0.8951976579710078,,none,0.013778536726126875
False,,0.737540693076362,,none,0.08030094986407794
False,,1.2546355982645665,,none,0.03993832662472564
False,,0.09118351380751222,,none,0.012337334265140856
False,,1.0070736426153877,,none,0.0034368493091378616
False,,1.2191494044112108,,none,0.09657795066177541
False,,1.1544865264482447,,none,0.015319913091938139
False,,1.1180859559892125,,none,0.007368981147847613
False,,0.4548052479666889,,none,0.17328304670346126
False,,1.4806433633116491,,none,0.04803133706005471
False,,0.5047240396635905,,none,0.10882424640197577
False,,0.114287804829028,,none,0.12403344534985494
False,,0.37870332608354856,,none,0.07252143578035329
False,,0.860136075604494,,none,0.10062610503825782
False,,1.3447232673079386,,none,0.1123687728913838
False,,0.5559080807180508,,none,0.052788377714494225
False,,1.3390392163629508,,none,0.09802487278155167
False,,0.6451532761176217,,none,0.05310382804589002
False,,1.3481664244230185,,none,0.04943888390542101
False,,0.8479846541432414,,none,0.09174036028078662
False,,1.1305665460070151,,none,0.033836114379523184
False,,1.075824541317514,,none,0.05251159954011618
False,,1.3235386255167838,,none,0.04508713293118518
False,,1.0428810121555563,,none,0.076146122868388
False,,0.5419707188109312,,none,0.11344360735285011
False,,1.1814371042561405,,none,0.07476582384709544
False,,0.8333208572912014,,none,0.04620935431680027
False,,0.7802513870883709,,none,0.07142027850662622
False,,0.27929643783547387,,none,0.13292824270448977
False,,1.294491941616402,,none,0.09267544163005728
False,,1.3042197565678275,,none,0.05199861101016101
False,,0.45593180801998423,,none,0.07308244758199803
False,,1.4890000725429255,,none,0.061831963614306054
False,,0.32458838592819456,,none,0.002270149495708367
False,,1.1286172093184301,,none,0.07741678626805318
False,,0.4848990422907601,,none,0.006463143699651758
False,,1.0419379081862405,,none,0.015924886195114753
False,,1.2984673218949931,,none,0.10803870494719511
False,,1.2724505329652875,,none,0.1051648808438402
False,,0.7426843000472619,,none,0.17145990226027039
False,,0.17766477892960947,,none,0.09325317960874996
False,,0.6517670574222494,,none,0.019190698307153718
False,,0.8227072530357801,,none,0.1232229019693054
False,,0.2959061438281695,,none,0.04112477563086585
False,,1.1906781047411368,,none,0.07896675357580636
False,,0.9841093927195476,,none,0.1506841879768387
False,,0.7998662812197969,,none,0.01825053059344022
False,,0.07616345766726212,,none,0.04229836354548771
False,,1.4371401122652223,,none,0.06703821402683237
False,,0.11419819798963868,,none,0.09412343321434591
False,,0.11938877086111187,,none,0.05361576579304719
False,,0.4205834653374658,,none,0.11911063060875696
False,,1.3380610017969494,,none,0.06265782094811545
False,,1.0883829821685396,,none,0.016793012056864207
False,,0.6256089551920713,,none,0.05914807879167514
False,,0.6916714959272002,,none,0.07064978787057315
False,,1.1886202986420573,,none,0.07127626101937688
False,,1.198274677435517,,none,0.08163162895215054
False,,0.11665086641375608,,none,0.05194778779238435
False,,0.870570650062782,,none,0.06936491694764038
False,,0.9299638002925825,,none,0.06656510826523261
False,,0.6615295784742291,,none,0.06808381512908886
False,,1.1066280035827605,,none,0.01958123212183364
False,,1.3157218702938296,,none,0.008821667268039289
False,,0.5347259352845425,,none,0.18866879473479423
False,,0.4962897494077804,,none,0.02668860428350005
False,,0.8784377476827658,,none,0.11563157575310865
False,,0.7107015907467583,,none,0.026120314844505183
False,,0.7578078191948541,,none,0.0023706408749240063
False,,0.0782805568391818,,none,0.011526725386727076
False,,0.42284929441769137,,none,0.053165002125718806
False,,0.23634592851190717,,none,0.038851012487096215
False,,1.282742135253313,,none,0.10671846551295311
False,,0.7967712056366906,,none,0.0283826572977259
False,,1.014517191321852,,none,0.04267780577706868
False,,0.785543567636783,,none,0.12464648437091098
False,,1.1808618473645662,,none,0.02925367946608366
False,,0.8286700077447057,,none,0.04467658328782832
False,,1.3972861290537735,,none,0.06843384819318894
False,,0.6880666057390986,,none,0.059467128652181
False,,0.634968097458747,,none,0.08162186071015691
False,,0.9478210407492289,,none,0.10303884889658298
False,,0.3779363197374031,,none,0.04625490270739994
False,,1.4840682650933963,,none,0.0674091641707837
False,,1.3196662911811932,,none,0.021327442499910563
False,,1.4270647697153076,,none,0.13138483884587873
False,,0.4191012785672603,,none,0.03201013339243562
False,,0.6738869347183397,,none,0.008919039378102483
False,,1.0219824143537133,,none,0.08749919998713532
False,,0.7149524317827668,,none,0.010729290020575427
False,,0.4624502906135773,,none,0.006962549612307396
False,,1.0205894872436756,,none,0.070306148502081
False,,1.3632191492926173,,none,0.0678795073534603
False,,1.078822929190785,,none,0.05919181058835782
False,,0.613964065056883,,none,0.0480472246894035
False,,0.3706017018101838,,none,0.03876830295573759
False,,1.1132386977290099,,none,0.014671713804171331
False,,1.3176591705833844,,none,0.00692674644678628
False,,1.3677945679435792,,none,0.00762555227375663
False,,0.5007796989514413,,none,0.020968447898533683
False,,0.7452275966824051,,none,0.011727973756158621
False,,0.09888842669111027,,none,0.04203873585603072
False,,0.7672146413725454,,none,0.030365114590082957
False,,1.4774845422471483,,none,0.11949014421751947
False,,1.4968772329565165,,none,0.0034708157737796497
False,,0.9963010047481808,,none,0.031787156353238435
False,,0.3900291577944054,,none,0.14436772047466526
False,,0.16093995329907512,,none,0.000538187634554925
False,,0.20546442412703492,,none,0.0922363644931467
False,,1.1555924031043308,,none,0.00013346599965240904
False,,0.4183307340715917,,none,0.06116614477101996
False,,0.9785511765984538,,none,0.08577891290510423
False,,0.5892569862321206,,none,0.010182590737092025
False,,0.4675288801856296,,none,0.0462118220454668
False,,1.197179970373079,,none,0.02369931865745738
False,,0.46962254130282943,,none,0.04484060024366972
False,,0.707240019872993,,none,0.046992733866915284
False,,1.1002141228404327,,none,0.09965149854704733
False,,0.5153792947365169,,none,0.03414708414549649
False,,0.2364883003876735,,none,0.03169664513940082
False,,1.461197102010045,,none,0.0010175484661812159
False,,0.5798752869562849,,none,0.05464594214262293
False,,1.2897425399720703,,none,0.033985465037567636
False,,0.2792366530291574,,none,0.06736608221449132
False,,0.755874614002431,,none,0.09335609643789694
False,,0.972313234633438,,none,0.053869874378056744
False,,0.23976155233129787,,none,0.01723158052574473
False,,1.0085621523812844,,none,0.10671302520874584
False,,1.1768017776311064,,none,0.02573664382338366
False,,0.6581417709756119,,none,0.025174470214013766
False,,0.15356184639395273,,none,0.014284485499067905
False,,0.6859539448709115,,none,0.13367027197075274
False,,0.93529475615709,,none,0.14152726509044677
False,,0.2773488852466823,,none,0.015693925325493737
False,,0.7698125145308171,,none,0.02714247207791186
False,,1.0538281074203604,,none,0.09397343523048864
False,,0.7911862938889037,,none,0.07436064267381988
False,,1.219533143319109,,none,0.06497020337874694
False,,0.10620415137778585,,none,0.08868434292379831
False,,0.05240755709051841,,none,0.08884376961186091
False,,0.9147427148906462,,none,0.018903084707402557
False,,0.2962549440524002,,none,0.013175617502053427
False,,1.0465243778865212,,none,0.029782448715886343
False,,0.08866379282547038,,none,0.018272100215822158
False,,1.3669975891432307,,none,0.08891579350731724
False,,0.8080176472140486,,none,0.07625304452103326
False,,1.4815728922490567,,none,0.049154932318301536
False,,1.0096558404871105,,none,0.009952954733973871
False,,0.14849327482814575,,none,0.06270170699337271
False,,0.6661340319943889,,none,0.04384944473822723
False,,1.137685099688029,,none,0.08148565771484831
False,,0.8165916321050634,,none,0.026466144058699154
False,,0.1075054156236871,,none,0.06485544396919903
False,,1.0818685440174207,,none,0.034104844113704846
False,,0.12343644762939476,,none,0.05013865454736754
False,,0.8958057416810296,,none,0.06560455026082679
False,,0.9971634702087357,,none,0.030564823069953628
False,,1.4538791297431453,,none,0.0999067299657957
False,,0.34370498678168326,,none,0.07443329716265124
False,,0.8081972552763904,,none,0.030490014946338646
False,,1.3608390625348685,,none,0.07668257463724888
False,,1.2416690869077072,,none,0.02325027998541683
False,,0.2431680332824232,,none,0.035723043992085854
False,,0.07021846800191776,,none,0.05258760874577037
False,,0.08717092309089525,,none,0.03237871026061783
False,,0.1238635239507877,,none,0.06052864030061619
False,,0.06685387801103734,,none,0.03883511803754498
False,,0.9361262419597142,,none,0.0949905887351458
False,,0.35999311638853476,,none,0.0522387651205562
False,,1.3184968835869348,,none,0.0034633053717440855
False,,0.7354388285171707,,none,0.038685188319610084
False,,0.9909375381578353,,none,0.019326447266436574
False,,0.6152338573172454,,none,0.005877138834414898
False,,0.802210810318781,,none,0.08316136606012577
False,,0.8691465091926514,,none,0.10507993320336374
False,,0.5228743729683561,,none,0.0933121222857689
False,,0.21325701344501635,,none,0.03244527004158498
False,,0.30939970748271167,,none,0.027227920092175797
False,,0.9183097137730064,,none,0.01881169448122991
False,,0.5333157101221117,,none,0.029440448525244918
False,,1.1073225019809791,,none,0.0029828750468707936
False,,0.7811711355204486,,none,0.06834438733292554
False,,0.9561163379399595,,none,0.029324762077459838
False,,1.267136200427223,,none,0.09867880220311838
False,,0.8316499242161599,,none,0.01012036696130533
False,,0.1939812449092213,,none,0.015605521634101433
False,,1.467647806534581,,none,0.013927341620632973
False,,1.3868377084360264,,none,0.1020027219914687
False,,1.141740709608549,,none,0.022267312548225494
False,,1.491867529659564,,none,0.1092694920216107
False,,1.1787382856176751,,none,0.1546207316546002
False,,0.9370512839590432,,none,0.0593944767699823
False,,0.27294718377612215,,none,0.0473696395032243
False,,0.9535515773514044,,none,0.07248043061302147
False,,0.17177792870158268,,none,0.14531987287626938
False,,1.2340553039765678,,none,0.025780231730292234
False,,0.37535953487088963,,none,0.06137048234281926
False,,0.9207463812105685,,none,0.12679115122845117
False,,0.8235279825273003,,none,0.07620346246612798
False,,0.8200195769458526,,none,0.008312168055455819
False,,1.4560226652127046,,none,0.05558676933295418
False,,0.1639986737962162,,none,0.09577158413502748
False,,0.9961357947836665,,none,0.02536222381476911
False,,0.2626372653127988,,none,0.07283762025124184
False,,1.4741059367074105,,none,0.008629882112474984
False,,1.1848507223120854,,none,0.1322351246461545
False,,1.231836633903131,,none,0.12619781290171225
False,,1.4381681950496532,,none,0.13621544877470812
False,,1.284138829593811,,none,0.06255418033037467
False,,0.3692720410017561,,none,0.08383740889430977
False,,0.713524625526,,none,0.0035561006891759906
False,,1.148372217807255,,none,0.009634679559184742
False,,0.31656909813948597,,none,0.0597113821036977
False,,0.29551548932031635,,none,0.07168601572420631
False,,0.204941469396897,,none,0.03871607990658235
False,,0.9428787783275094,,none,0.0246002695101911
False,,0.834204662914091,,none,0.10055041979083539
False,,1.3275859672831958,,none,0.023075216232886688
False,,1.4173129743996253,,none,0.04496236542183032
False,,0.15276860388198032,,none,0.07098263475625802
False,,0.30619467577826376,,none,0.04836661497461843
False,,1.2531867358394535,,none,0.038319768978471086
False,,1.1408592448220753,,none,0.06704780770226383
False,,0.5790957674567855,,none,0.02014409132281414
False,,0.06883726065448621,,none,0.030025879927340546
False,,1.3169322299029,,none,0.026710188921289676
False,,0.6843216055962336,,none,0.14401240540200097
False,,0.786551175917484,,none,0.03106860026553695
False,,0.9970280710854015,,none,0.04882224585440142
False,,1.0311490164980073,,none,0.04677585080042316
False,,0.8092632207570668,,none,0.02218869908354484
False,,0.8969143361556106,,none,0.0799375018674236
False,,1.1742744118880581,,none,0.04299165633110126
False,,0.6428411989344599,,none,0.011739681097121634
False,,0.47302803032104085,,none,0.045602155357724716
False,,0.8553919440662758,,none,0.0078115553793857125
False,,0.2563287942271899,,none,0.011559030411671554
False,,0.5581728414392758,,none,0.09996651503802191
False,,1.1772768635645061,,none,0.0870501131336372
False,,0.274130432615108,,none,0.07920214623956219
False,,1.3483844462685315,,none,0.0752900847401152
False,,0.2891957146314617,,none,0.031078247272856633
False,,0.661662898009664,,none,0.08987590827079188
False,,1.2319155953660095,,none,0.06011698840935147
False,,1.4169090993396216,,none,0.047616977053790456
False,,0.6302219543425891,,none,0.044543230403094415
False,,1.424585428248836,,none,0.029569159616194073
False,,0.40793121029171,,none,0.015289909145330193
False,,0.5195371153605163,,none,0.003939188644743266
False,,0.958622334710594,,none,0.009671867142891748
False,,0.9747974847568726,,none,0.08933477158662817
False,,0.41299723629607293,,none,0.026371852124289354
False,,0.08868105707574875,,none,0.08788602330871408
False,,0.8972096490144253,,none,0.026175000971602358
False,,0.3349758290685273,,none,0.01729124929096819
False,,0.290077631650686,,none,0.08862451567502491
False,,1.3055047450488553,,none,0.021964111421334247
False,,1.2168470930995217,,none,0.05193286432557826
False,,0.7734203195023229,,none,0.010615347834131827
False,,1.4672890788037611,,none,0.030256522990576358
False,,1.2613682399200896,,none,0.04458400856057898
False,,0.5125754444227004,,none,0.08585536954555459
False,,0.18551690028279855,,none,0.02844324280567439
False,,0.277430215715795,,none,0.08329082885888674
False,,1.185852954186,,none,0.06457305857244398
False,,1.3153058777933297,,none,0.034201150680658425
False,,0.7890550306098759,,none,0.024980741030084918
False,,0.5455999725084438,,none,0.08885405454051873
False,,0.8785214863031876,,none,0.15349021021045267
False,,1.0003162292337318,,none,0.09507029222379507
False,,1.1424400799279804,,none,0.030142046291629282
False,,0.7590701104614287,,none,0.05570232685511224
False,,1.1240765486347688,,none,0.017896007138849715
False,,1.0576845042995635,,none,0.050982468332714616
False,,0.6603756855652853,,none,0.027240100951733837
False,,0.46359329149340617,,none,0.08910876697822072
False,,1.076042330996,,none,0.11995848870647063
False,,0.21855831418857502,,none,0.03280697953289248
False,,1.0776652614938704,,none,0.0520986107895399
False,,1.2991326955029587,,none,0.08729537821724302
False,,0.8011727986330455,,none,0.07638191766854363
False,,1.2272460381221346,,none,0.051871718274464004
False,,0.4630303535943418,,none,0.052554836058702536
False,,1.0829839743680703,,none,0.0005020688049502039
False,,1.3614018103111711,,none,0.02857138125194828
False,,0.41300345736874733,,none,0.06323937943628423
False,,0.8732756875463492,,none,0.0694245306284998
False,,1.1488328587700423,,none,0.07326288581218404
False,,0.6155489224414387,,none,0.006764358742218703
False,,0.48774840342522785,,none,0.07863555109980352
False,,1.3901752253863453,,none,0.02267767975807885
False,,0.990452361491781,,none,0.001715040501613334
False,,1.2582609781200922,,none,0.012359711792020623
False,,0.6671370337809314,,none,0.032731742149199876
False,,0.239769181311838,,none,0.038904948633146454
False,,1.0610767148903193,,none,0.01017698325932168
False,,0.8905045004202584,,none,0.06461718964745213
False,,1.1664529995329689,,none,0.0745265581140735
False,,0.8466497523601166,,none,0.10167537040896674
False,,0.8484151133927303,,none,0.02959886240424297
False,,1.3049041349314636,,none,0.02343775215566669
False,,0.642777058556131,,none,0.030967553176963817
False,,0.820810949973742,,none,0.0976944826362103
False,,1.2118284940591102,,none,0.10872225723342241
False,,1.24801876715046,,none,0.0813681356624987
False,,0.05732979895537185,,none,0.0728843772183833
False,,0.44163571482295294,,none,0.04960701032923934
False,,1.4905684819542748,,none,0.11055592310228013
False,,0.15708123778292435,,none,0.04625286942904506
False,,0.6760933088820659,,none,0.09026994636566814
False,,1.0656263883632657,,none,0.04421706376355137
False,,0.49488826366441624,,none,0.01967754641257878
False,,0.6601083465308245,,none,0.08501528347122031
False,,1.444061540472931,,none,0.008684164007045669
False,,0.08791314558757815,,none,0.07795246747891782
False,,0.32973838059375743,,none,0.011163037561591295
False,,0.2016815333921505,,none,0.16456172125255522
False,,0.24442690659947247,,none,0.04047116017350675
False,,1.3916537207854793,,none,0.12402277567304527
False,,0.3683491645261443,,none,0.021493387539028942
False,,1.0493036589440339,,none,0.0993454682350015
False,,0.41700846817366727,,none,0.06192802697089727
False,,0.9605482775749555,,none,0.015332300330519695
False,,0.34743327977966126,,none,0.008880298577625803
False,,0.47582440638057494,,none,0.10149277119314794
False,,0.7484071105788651,,none,0.00223269183490066
False,,1.3752371269949537,,none,0.006009811550936766
False,,0.8428085809496566,,none,0.11008164934783138
False,,0.9939221728815966,,none,0.04501523560034933
False,,0.4495141646996241,,none,0.08366173467952245
False,,0.33584986802912653,,none,0.004929576110309673
False,,0.15868288102223171,,none,0.014339129638474248
False,,0.741539289167279,,none,0.08791037040113657
False,,0.6164451634827539,,none,0.0016757583991580248
False,,0.7759290886055453,,none,0.033744909469298034
False,,0.3983263420649042,,none,0.13253733136527995
False,,0.8448994087153647,,none,0.12394779623877177
False,,0.633500290247958,,none,0.03103416163728916
False,,0.7756949775705615,,none,0.027518558139675263
False,,1.4604741767463008,,none,0.13707778221041583
False,,0.983901108257595,,none,0.03546704311670831
False,,0.10999244155447435,,none,0.038470163349921545
False,,0.3732853003816791,,none,0.14319840432880118
False,,1.2330906452434174,,none,0.052691341183600304
False,,0.28562406743906926,,none,0.06028406538005841
False,,0.05840171581994042,,none,0.04079345672684665
False,,0.5578874564313502,,none,0.12445307605889688
False,,0.613989128821121,,none,0.010249480298606083
False,,0.229970076560299,,none,0.1080557714150022
False,,0.5469687514978412,,none,0.104093268462519
False,,0.08658894548221854,,none,0.07517093917779255
False,,1.1986788311332655,,none,0.03508998301715343
False,,0.49705539449881947,,none,0.019520728659973455
False,,1.0316075680885957,,none,0.12480486419484862
False,,0.8880048429386616,,none,0.010581558044412182
False,,0.6528940877284712,,none,0.035831636233451716
False,,1.0414590543975155,,none,0.012596729958418892
False,,1.0373758193162663,,none,0.04654551453247897
False,,0.8128308506220382,,none,0.11412306102913318
False,,0.4849979696279357,,none,0.09012028566067687
False,,0.4249242511915023,,none,0.02783860735486984
False,,0.49069143786102193,,none,0.023434433471736228
False,,0.5901043887263283,,none,0.1524122410643296
False,,1.0466325464148756,,none,0.13991388739728056
False,,0.5828931876125544,,none,0.08621097383067067
False,,1.3932685562075682,,none,0.0038462755597016797
False,,0.4953267138403382,,none,0.038832081140729946
False,,1.1165440767684858,,none,0.05031778873361342
False,,1.302300039126226,,none,0.044011656098366346
False,,1.142571129154385,,none,0.02025682640890226
False,,0.26886419210135126,,none,0.01630146711849832
False,,0.1573395306516296,,none,0.0588004397629091
False,,0.9933630626876915,,none,0.021023446541637025
False,,0.22315057865657206,,none,0.005759824485048399
False,,0.4215926438768132,,none,0.14354787404428043
False,,1.3131660553331965,,none,0.0971500139993276
False,,1.0305941500051914,,none,0.0541982132859153
False,,0.2799639702095855,,none,0.04656696600649055
False,,1.4506608506679133,,none,0.02891660161365166
False,,0.07607758325160194,,none,0.04681704760341799
False,,0.9178007589680489,,none,0.0414405708518526
False,,0.6359854689966489,,none,0.07625534260367015
False,,0.8959401807163972,,none,0.05360849461713807
False,,0.6214452197888689,,none,0.08901458440892877
False,,0.4858935581856104,,none,0.03694762396943642
False,,0.35508872285501336,,none,0.03647428490135601
False,,1.1846154594100293,,none,0.12923847961721757
False,,0.9003884658110686,,none,0.2049765259507315
False,,0.7754026261609347,,none,0.05337127665144592
False,,1.1421761975991613,,none,0.039231239789547415
False,,0.6233637759931503,,none,0.07464955271411118
False,,1.2595422367240519,,none,0.0364505798332472
False,,1.2447097957719937,,none,0.022755165978260283
False,,0.7850790734918873,,none,0.1489409641955193
False,,0.6657947962465077,,none,0.050945161006007815
False,,0.3184120229480337,,none,0.06267685579663942
False,,0.1433571835065297,,none,0.012429169825899082
False,,1.4173133389639472,,none,0.013520264671866717
False,,1.0498863125234068,,none,0.0138470385843643
False,,0.2559056317438912,,none,0.010708673820637775
False,,0.07796263314482815,,none,0.11778316523959835
False,,0.7448791263310403,,none,0.08756031724231812
False,,0.34253692386922735,,none,0.08652701173139504
False,,1.4737002847487533,,none,0.04668837362779279
False,,1.429472658300624,,none,0.0414681309052849
False,,0.10540647248150853,,none,0.12762781833515688
False,,0.9115300179113828,,none,0.1040826544883123
False,,0.33541361409163634,,none,0.08537330317569516
False,,0.26136889524268736,,none,0.034216019246535896
False,,0.16750727579662358,,none,0.054261906175016916
False,,0.5002003954827473,,none,0.14442162138112574
False,,0.5126841702449908,,none,0.022455509595399558
False,,0.9422527429876604,,none,0.085012829772627
False,,0.5296218930375425,,none,0.0019211974354734216
False,,1.4057833380201852,,none,0.03302927546726853
False,,0.6050970885257794,,none,0.07228097397708629
False,,0.6280323143880503,,none,0.02013748754522472
False,,0.9352910104341658,,none,0.08678106030297172
False,,0.9193768957028174,,none,0.017429248053334914
False,,1.1206447825997032,,none,0.12126426740771074
False,,1.4362116087020151,,none,0.05973738033606658
False,,1.2944245593246329,,none,0.06654464073718341
False,,0.6602848258840096,,none,0.0058852757411928655
False,,0.18520756967198182,,none,0.021910669315171674
False,,0.8763872851327342,,none,0.01675912744107857
False,,1.020244345678381,,none,0.038676221514709716
False,,0.28698382520924604,,none,0.09110842080954819
False,,1.0799177904296282,,none,0.08881068463623525
False,,1.3846845585560024,,none,0.01242702225333921
False,,1.4130765771767366,,none,0.019314977191319804
False,,0.7488381355721064,,none,0.1247927129632257
False,,0.6569724280013681,,none,0.09006044698744356
False,,1.095881898240293,,none,0.021955682671582485
False,,0.2872798546151486,,none,0.009998003196219305
False,,0.15908613222993034,,none,0.13398037486437644
False,,0.11029006295293788,,none,0.10762868215946998
False,,1.0781627014301132,,none,0.04515845961242694
False,,1.1178545734137633,,none,0.052346826341213744
False,,0.6304410304830877,,none,0.019566555949065756
False,,1.2239433645522755,,none,0.04467285151255848
False,,1.3802313424915866,,none,0.05615717597553401
False,,1.0958396558138899,,none,0.11116662268411492
False,,0.5309180935461635,,none,0.022558359805170868
False,,1.0361243198886199,,none,0.1416887098398591
False,,0.20761947008402382,,none,0.03326421331628474
False,,0.13882944653623497,,none,0.05102218024662404
False,,0.8904295225267671,,none,0.042286168019038506
False,,0.6075016055512895,,none,0.020160481392960807
False,,1.131146058139023,,none,0.05819088272086711
False,,1.4313880666204712,,none,0.010533415454539636
False,,0.6655767464432452,,none,0.10817132474451051
False,,1.2356111342990272,,none,0.08622907347509405
False,,1.0582403458063625,,none,0.005163499448294551
False,,0.857463926696433,,none,0.04178413537389477
False,,0.09977945440710459,,none,0.13177546014111355
False,,1.2376854333981484,,none,0.010372594367857627
False,,1.3960809546030744,,none,0.00029994784975344025
False,,0.11205893474964601,,none,0.08006281136444757
False,,0.9559354483428183,,none,0.09982160080877911
False,,0.09091133665226207,,none,0.0401254393843095
False,,0.18639114902368187,,none,0.0008156793448562998
False,,1.3604389578453049,,none,0.0831769233152386
False,,0.4539932781585358,,none,0.09391435848904676
False,,1.4574639774917204,,none,0.042014701462009856
False,,0.9509520171098427,,none,0.14231518164953297
False,,0.36945455483908085,,none,0.006353027860868945
False,,0.688657595631813,,none,0.1426560765694307
False,,1.0141271696955152,,none,0.05546040395221078
False,,0.18597880560872138,,none,0.03929027271011278
False,,0.10616624947237832,,none,0.03289413029409566
False,,0.14601248100204714,,none,0.013324594926533123
False,,0.4006139247502286,,none,0.1203607672822397
False,,1.25933012946546,,none,0.11846678254449665
False,,0.5493655607405216,,none,0.0039476238151161
False,,0.7081426884065666,,none,0.07805124338374352
False,,0.39026178851562277,,none,0.00897695703505582
False,,1.197508713473456,,none,0.03379978158527978
False,,0.6796241122189814,,none,0.029631587532813728
False,,1.0468242415414337,,none,0.019492993984471713
False,,1.0776758299538332,,none,0.12833589153512373
False,,0.8410028925671992,,none,0.030690686981403537
False,,0.7302613658317155,,none,0.033428430700699244
False,,0.8824896221934921,,none,0.14930429383425722
False,,1.2887418306816694,,none,0.006271918187568751
False,,0.9772756232909835,,none,0.016520393244068076
False,,0.3028051958981554,,none,0.1169760460725244
False,,1.2865976583062244,,none,0.018440361799559046
False,,0.3221330333131276,,none,0.04122231855002369
False,,0.34956916805654403,,none,0.07602103328541385
False,,0.23788026231026027,,none,0.030515881042173232
False,,1.379728029477156,,none,0.033488035686872204
False,,0.07478578049714486,,none,0.043165918443456
False,,0.5371913550647889,,none,0.11583205193135847
False,,1.3477601346957317,,none,0.04169959882741902
False,,0.9910374334614515,,none,0.09036047818215905
False,,0.6817698575822696,,none,0.04607689971244695
False,,1.469964699431304,,none,0.05217647563005653
False,,0.7820184642214254,,none,0.10082956028023235
False,,0.3859899601743386,,none,0.10191811929202908
False,,1.4733466756228641,,none,0.04890501707110669
False,,0.7464399101663743,,none,0.044355729407017284
False,,0.4585124184402865,,none,0.19510356628167466
False,,1.3391220298961584,,none,0.09328579391779107
False,,0.5520801115144586,,none,0.12180164055130295
False,,1.3211989146575471,,none,0.0011451692280842751
False,,0.1710855636441893,,none,0.13970511053062798
False,,0.9817402167564052,,none,0.09626132136299208
False,,1.1246997818691324,,none,0.027585280578324187
False,,0.34947130272550986,,none,0.04128127891668311
False,,1.2575211464624798,,none,0.012684081739257681
False,,1.2091123228614566,,none,0.043066724472178394
False,,1.2913402724876513,,none,0.08489640665975962
False,,0.9638420510505351,,none,0.11866154117172668
False,,0.8059957195434475,,none,0.09640953434208707
False,,1.2997693210067247,,none,0.074848467357128
False,,0.20027988812600245,,none,0.11986543737545312
False,,0.8925543440394982,,none,0.050124246635698935
False,,1.2233773931254215,,none,0.1638669468406123
False,,0.3634393171913982,,none,0.08846602753234065
False,,0.8606357372428457,,none,0.007919120403532827
False,,0.4859271352876463,,none,0.002380046708911763
False,,0.29591506016764707,,none,0.051061707028241386
False,,0.7978567040771116,,none,0.05535415312228289
False,,1.2432890263747518,,none,0.05776062173744215
False,,0.6229833017074115,,none,0.04047674011097491
False,,1.0926645005491522,,none,0.019309872644981907
False,,1.2254666916111125,,none,0.05903035580008481
False,,1.469602081958454,,none,0.06875538265940849
False,,1.2365831100628866,,none,0.006427579976194717
False,,0.36309727071542036,,none,0.00945485410737404
False,,0.19795626879239814,,none,0.03235266896840335
False,,1.0982917989676153,,none,0.09326059577553249
False,,0.8640515815217736,,none,0.037257172626594504
False,,1.2093420614036434,,none,0.04215471547944671
False,,0.480885487716602,,none,0.05536281259218769
False,,0.1219803215567513,,none,0.11554349230008978
False,,0.559410279995315,,none,0.09694542095597498
False,,0.48737165473497646,,none,0.00031772845070893586
False,,0.1098060800361565,,none,0.16294986454933272
False,,1.1630664720269142,,none,0.08713464738113838
False,,1.1705179875473721,,none,0.011632765642341832
False,,0.737978558525066,,none,0.007488474101148669
False,,0.6147520460152811,,none,0.013710213364532445
False,,0.31890375455128045,,none,0.05258649312105577
False,,0.18506885367288373,,none,0.03960906986138829
False,,0.5566468681085389,,none,0.06719985415752242
False,,1.1520834454554825,,none,0.05381123965922042
False,,1.2266333237261837,,none,0.0036737502540637964
False,,1.1235174283316782,,none,0.004772237759244198
False,,1.428777107565823,,none,0.013167287379175852
False,,0.24645248935158526,,none,0.05031107596744131
False,,1.095867432799321,,none,0.004623638284718986
False,,0.9206651137438562,,none,0.05280156441469046
False,,0.9716442786983799,,none,0.0102264133813061
False,,0.2659214850625784,,none,0.019368817657038313
False,,1.3588444759093417,,none,0.1435773738818177
False,,1.119106585649744,,none,0.03453288555315185
False,,0.19511877524469112,,none,0.08005760202862464
False,,1.4580360846495957,,none,0.043554163327481014
False,,0.9853885551312346,,none,0.0746933575634884
False,,0.5876086320780546,,none,0.046466799889220194
False,,0.08795812518192991,,none,0.02971673095125988
False,,1.064795287547088,,none,0.02690229396552072
False,,0.2632178555884961,,none,0.03636226168544865
False,,1.2910773578072918,,none,0.11691504235178055
False,,1.0715312165922302,,none,0.024815529932081835
False,,0.4579420245311348,,none,0.0008265185701132325
False,,1.0720213341457103,,none,0.12964111877540466
False,,0.9005268346910634,,none,0.05007060174430729
False,,0.6949759243118001,,none,0.05651910390121316
False,,0.9767523483474793,,none,0.011052292849796997
False,,0.13793986225889515,,none,0.004772587678473238
False,,1.0686078597855269,,none,0.0639693057482063
False,,0.2654285253506134,,none,0.09396743098588331
False,,1.1982581579268152,,none,0.09244116683044155
False,,0.9992553016716823,,none,0.11450673285387004
False,,0.31635256421199454,,none,0.03315743855640175
False,,1.0975247821928575,,none,0.044133140748230444
False,,0.2712949662145696,,none,0.10919469750604296
False,,0.8430050738721825,,none,0.02933805100693297
False,,0.3071299275188459,,none,0.10455823739330791
False,,0.18225292317832614,,none,0.013297617337427887
False,,0.1161548204660577,,none,0.012756833374083216
False,,1.4754766058194497,,none,0.09873812484159242
False,,0.7564921586023954,,none,0.033635542630787885
False,,0.21897080363861549,,none,0.057312890237900205
False,,1.214647819255303,,none,0.06544858873619641
False,,1.1799909409638258,,none,0.03284633607666995
False,,0.49689495811915857,,none,0.009231762725612568
False,,0.5894475915360757,,none,0.04576486352176945
False,,1.3364736907568466,,none,0.05485361838294992
False,,1.2143805775186107,,none,0.027755719596914214
False,,0.3312041477578584,,none,0.01962776612018757
False,,0.10621267203963308,,none,0.03860253230091521
False,,0.5067793122348864,,none,0.054487563507473434
False,,0.4428091054850874,,none,0.023091009291398113
False,,1.317402402485121,,none,0.04302841665741862
False,,0.10832881671545308,,none,0.0014872738708078424
False,,1.2725259049253308,,none,0.04669002894169636
False,,0.4681970432688067,,none,0.04767421077962027
False,,0.7825223777893324,,none,0.10204819324468377
False,,0.5216912228385772,,none,0.14244473828641618
False,,0.48695825979916907,,none,0.006964134778520342
False,,0.6106946175329823,,none,0.16108845300441146
False,,0.26677200592388856,,none,0.01969740143991267
False,,0.829489748670445,,none,0.07243775633718692
False,,0.9465067506528736,,none,0.010035650691129888
False,,0.6895663919945755,,none,0.06901273659032706
False,,1.0984880644372845,,none,0.07925746080768772
False,,0.31034825950151723,,none,0.003717500409252518
False,,0.7839518702580973,,none,0.09448619744774577
False,,0.48859205728534827,,none,0.1400461690385802
False,,0.9094938823922433,,none,0.08853374846823389
False,,1.055350197783104,,none,0.11801288194530159
False,,1.4862995704016537,,none,0.05944371252234683
False,,0.6339255707509099,,none,0.01204804550840909
False,,0.8928255439299391,,none,0.0335596626656364
False,,0.2955498522316965,,none,0.16321468535546102
False,,1.2316292537226832,,none,0.003829543088889547
False,,0.2569193269368146,,none,0.08279253529858019
False,,0.2526187732514951,,none,0.03847981520024676
False,,1.2454933470576777,,none,0.06640842679313912
False,,1.4533259195538044,,none,0.002423398725347054
False,,0.9970062088484722,,none,0.05957935855416691
False,,1.3027395391583636,,none,5.096602902721279e-05
False,,0.479270612967391,,none,0.02904400195707887
False,,1.1667256289370638,,none,0.07511761223182056
False,,0.5754591405883789,,none,0.05411301935568138
False,,0.7153927680369397,,none,0.018325191313397028
False,,0.07015828002816721,,none,0.12755389722211993
False,,0.6604162425292593,,none,0.19046314988542917
False,,1.4253840644859592,,none,0.052101550551227414
False,,0.9552840044990201,,none,0.11930629384251172
False,,0.18250844138537503,,none,0.05389649298452422
False,,0.45898720408168764,,none,0.04690245311715344
False,,0.18852840087081219,,none,0.09033595943406976
False,,1.0765084761189267,,none,0.05296752705847716
False,,0.7447493601522466,,none,0.040707728430731525
False,,1.008305178369697,,none,0.11040472660922583
False,,0.7736882388497947,,none,0.02861563770223785
False,,0.2762531726820075,,none,0.03847861921290489
False,,0.07517273432803806,,none,0.08918619957882136
False,,1.1131047333585555,,none,0.047928425546892056
False,,0.9601118708322178,,none,0.032736808007658574
False,,0.11536941865741149,,none,0.08543761588479776
False,,0.25613287122441486,,none,0.024739618828862973
False,,0.07172589771101892,,none,0.019484751550756935
False,,1.356523651128433,,none,0.09071360129509061
False,,0.3409015997606721,,none,0.05206532923887187
False,,0.8112868123286926,,none,0.11032073446454216
False,,1.2743895394591078,,none,0.022064852925566897
False,,0.10083605999468814,,none,0.01109718129011128
False,,0.8278511504290302,,none,0.027180424476831534
False,,0.869332235257365,,none,0.006139636454061684
False,,0.7652096376966276,,none,0.04045361717522735
False,,1.1450702917319142,,none,0.01623057572765233
False,,1.1207059612003303,,none,0.013165861622791078
False,,0.10422583333947932,,none,0.010522349694912208
False,,1.214826436850421,,none,0.059579277628702756
False,,0.27013447311061467,,none,0.14682227095338446
False,,1.4941887116427703,,none,0.0931390507420372
False,,1.2092128728810225,,none,0.11189599575274267
False,,0.6448926377590628,,none,0.0017521937383403712
False,,1.1330597867997543,,none,0.061914014428422884
False,,1.4207520879415199,,none,0.04496098721189391
False,,0.9483736213619283,,none,0.0190252002834534
False,,1.3448474341494312,,none,0.036177003422485934
False,,1.4125986119285179,,none,0.003730425602870172
False,,0.5518113565503927,,none,0.011502725608197935
False,,0.5810079757099744,,none,0.05383795342954005
False,,0.279224040558897,,none,0.19191794870747214
False,,0.5078561287990663,,none,0.08724238622032418
False,,0.7771258933561476,,none,0.06173286531107333
False,,0.4354879454285445,,none,0.016188491126108838
False,,0.5255040555716243,,none,0.053505083027127025
False,,0.48861527725352094,,none,0.1438185526552839
False,,1.093350351961742,,none,0.05686322820906716
False,,0.9269620167964755,,none,0.09380206891905674
False,,0.9264454890655465,,none,0.04302267680213309
False,,1.141220305512474,,none,0.012975297276919942
False,,0.6333558639151327,,none,0.06200482882956547
False,,0.8738328427991002,,none,0.022948055930686027
False,,0.3204632324566055,,none,0.121991411682868
False,,0.30598943775082127,,none,0.026593078194875663
False,,1.174109865675589,,none,0.09433245074850938
False,,0.21649542479999467,,none,0.017072594606735523
False,,0.5322634788734808,,none,0.07516119423499813
False,,0.13003028365619818,,none,0.06967860276684061
False,,0.06303678869510204,,none,0.057671009507517045
False,,0.3963183920531668,,none,0.04353208346492974
False,,1.4987538721931435,,none,0.04686328134451624
False,,1.1116470050520693,,none,0.050205278107497975
False,,0.5053316676518934,,none,0.03276308174571457
False,,0.07969771930229222,,none,0.01344476476403791
False,,1.0155526182528298,,none,0.014911657171512977
False,,0.7800230040043964,,none,0.0317995197760781
False,,1.4662910504649924,,none,0.10984356431498098
False,,0.5584815325974201,,none,0.03421400576914326
False,,1.2281557062845392,,none,0.04564008137785615
False,,0.36852108115521975,,none,0.08373155469734263
False,,0.7356798594989823,,none,0.020236105396210312
False,,1.4254296778509323,,none,0.06412589226771172
False,,0.06380320722504235,,none,0.08597002921297685
False,,0.2876952639965349,,none,0.04831967046456479
False,,0.25439286560807856,,none,0.0369922122379506
False,,0.823628222159761,,none,0.08477088612223144
False,,0.3502644273160491,,none,0.06069362807251693
False,,1.0472413712251487,,none,0.054954271028370555
False,,0.8484831749372521,,none,0.05372996359253285
False,,0.42322256196928565,,none,0.08613711144305651
False,,0.6084226598497624,,none,0.12290978783950347
False,,1.0222774866433555,,none,0.015144273831454776
False,,0.5264766399161602,,none,0.15050817859690283
False,,1.1692844942072094,,none,0.015902226441400387
False,,1.122870253821661,,none,0.10562849678527872
False,,0.4792463112532268,,none,0.011096790286070054
False,,0.3911219682480182,,none,0.11860746220468198
False,,1.281560036577891,,none,0.03353991461852543
False,,1.0744171603547032,,none,0.015945660514224653
False,,0.7467587135743398,,none,0.0702668078878285
False,,0.20883953809295125,,none,0.00426723828380911
False,,0.7276900470021662,,none,0.04303002400158887
False,,1.131191060482086,,none,0.018212095751298413
False,,1.3181032334947997,,none,0.04429614345683644
False,,1.0791960070413438,,none,0.07137979133075849
False,,1.4897147870839744,,none,0.018843580490007655
False,,0.6618561435834475,,none,0.0316395054284675
False,,0.7518368019428853,,none,0.10097291399284988
False,,0.610084853087252,,none,0.013016916386224693
False,,0.6382686448887761,,none,0.08108974940024408
False,,0.1458540779052545,,none,0.1050378343319167
False,,0.4050074522830811,,none,0.0582715464532874
False,,0.13897646842680716,,none,0.14693208770740632
False,,0.18270249314510656,,none,0.06596812390856867
False,,1.3232099910931312,,none,0.0043602398537616145
False,,0.5206644001473568,,none,0.05627757362982017
False,,1.1441856192798974,,none,0.030205327070153703
False,,0.8168219661918459,,none,0.0495575777758411
False,,0.28963723195088253,,none,0.04491032345929871
False,,0.21375486201256289,,none,0.12768950786916225
False,,1.4497060326135778,,none,0.012376400321487986
False,,0.13706066906253417,,none,0.01828985888757051
False,,0.6079248268352192,,none,0.0050871708845704605
False,,0.48500587951150664,,none,0.0034313350041922947
False,,0.3412195129733494,,none,0.020678411068512394
False,,0.12265916437003584,,none,0.06136026421106421
False,,0.14248933603529024,,none,0.02294579120515
False,,0.2234135985273959,,none,0.09162876664611565
False,,0.17653456268625178,,none,0.012199776491803406
False,,0.6431305055670057,,none,0.021315678031644837
False,,0.6278645758378651,,none,0.07347738894554312
False,,0.4005118791208107,,none,0.057445466802973175
False,,0.9222487103183079,,none,0.07133411575110203
False,,0.42340574223861105,,none,0.014538373196299638
False,,0.8137581466913547,,none,0.05334529389601753
False,,0.8572364607346681,,none,0.02351992943968266
False,,0.6408790636193082,,none,0.06568928091566897
False,,1.081067778561621,,none,0.09487103852342157
False,,1.3779293900650982,,none,0.1431323477726258
False,,1.2219695969809217,,none,0.030847307321838574
False,,0.29224292180492584,,none,0.0006240993198224678
False,,0.46938113497740314,,none,0.08574926966129634
False,,1.4139241647562697,,none,0.025215205171997306
False,,0.19706973569023606,,none,0.0580875944713469
False,,0.5892297373548898,,none,0.0024644280954543673
False,,0.7216773511544746,,none,0.06454808214376177
False,,1.2222310562530554,,none,0.04963445427012347
False,,0.7376389962438801,,none,0.04105747594258899
False,,0.9033602181824301,,none,0.0779313079444333
False,,0.41172277953995196,,none,0.020067596350589155
False,,0.6525598391963318,,none,0.12730843197407896
False,,1.0384381250981476,,none,0.0067050748954069
False,,0.1015927427046158,,none,0.05589833602751729
False,,1.0212867402084913,,none,0.06237343771843804
False,,0.6706089639476978,,none,0.05154573716113673
False,,1.4059640364022832,,none,0.04083123935922135
False,,0.30870746227906204,,none,0.027103238814508098
False,,0.18166586693186998,,none,0.022583373283014924
False,,1.1541704202406335,,none,0.056088850046079615
False,,0.4313698041692278,,none,0.006409780499715685
False,,0.6920946807540812,,none,0.017644911399226394
False,,0.5834485509398789,,none,0.07472590343046925
False,,1.3310642429294528,,none,0.0059272163800638935
False,,1.3061594419193665,,none,0.16631165747461804
False,,0.9802015114727104,,none,0.012035201450888634
False,,0.42010269850955767,,none,0.02769630029176444
False,,0.42541413000623307,,none,0.05586938208450856
False,,1.058247284139324,,none,0.06054139214753808
False,,0.8000854639567895,,none,0.09069499119323937
False,,1.4210936409095782,,none,0.014332027233358347
False,,0.20841759233422663,,none,0.043064053623819175
False,,0.9959304648306608,,none,0.10779489360010906
False,,0.4277219236882037,,none,0.03583897180438495
False,,0.6916732576703123,,none,0.03945444193082847
False,,0.21839339304409033,,none,0.040577049609177115
False,,0.55450255049267,,none,0.028644365371561682
False,,1.4597270336253172,,none,0.12137516813564775
False,,1.3042551224196666,,none,0.03178785766844335
False,,1.0145465048158364,,none,0.1583850188237323
False,,1.178491433025412,,none,0.06835465707090876
False,,1.0705981101915276,,none,0.1108186051245723
False,,0.38589194891411266,,none,0.03505573342492188
False,,0.15596080276601984,,none,0.011150569653219934
False,,0.9947447875760319,,none,0.10514590886920912
False,,1.3238396218081883,,none,0.1014120375115273
False,,0.898161614866847,,none,0.06889452006206574
False,,0.379203165087389,,none,0.138709784045117
False,,0.5864370163469527,,none,0.03009171920410134
False,,0.9517186048348706,,none,0.04171079625456467
False,,0.23696159425164837,,none,0.10092964242586383
False,,0.16437186780379098,,none,0.08792892436157101
False,,1.4243373741657561,,none,0.10866302026220864
False,,0.5445222718716993,,none,0.03757008008118979
False,,1.20435912585051,,none,0.006137312181755797
False,,0.5160464131041168,,none,0.04985314256484592
False,,0.12920588299612884,,none,0.046583870105214
False,,0.8186548353604571,,none,0.06024514953712834
False,,1.3482171473587865,,none,0.019435317846399184
False,,0.6219008253138828,,none,0.04134320747354469
False,,0.6084187978023515,,none,0.05036197176679631
False,,0.8081009000708572,,none,0.05812979124725994
False,,0.46634867602484187,,none,0.004609186697644695
False,,1.019542826324734,,none,0.0002827802255818248
False,,0.45008692591347654,,none,0.002932465453890779
False,,0.38295796097255363,,none,0.06859799305532513
False,,1.0864274204525088,,none,0.06882024640555535
False,,0.36132992377160683,,none,0.16025441091073275
False,,0.8918577401043656,,none,0.05527875006194333
False,,0.9026028493174092,,none,0.016956692139843188
False,,0.28518398813327916,,none,0.0571985074809281
False,,0.9936209342419128,,none,0.030594831602004702
False,,0.35708444464984,,none,0.019716422433653895
False,,1.07681893884328,,none,0.028079549782378803
False,,1.1069549505021032,,none,0.011992753548644161
False,,0.26209188238260916,,none,0.01549292900571799
False,,0.504671669678536,,none,0.003538433116599552
False,,0.2909108102059653,,none,0.01895626445992458
False,,0.22487756349875887,,none,0.02546977244804605
False,,0.07725425894632938,,none,0.027167040073562826
False,,0.788460575957917,,none,0.04511311635221807
False,,0.8828161724873086,,none,0.05779936096723299
False,,0.15074604806345204,,none,0.02109402222740799
False,,1.1423657745817681,,none,0.029092309061405117
False,,0.7143517824788598,,none,0.0802730729250732
False,,0.12633398529722145,,none,0.02224754645062032
False,,0.7533329774695658,,none,0.09200995307181553
False,,0.9040051441327126,,none,0.0006687367360276872
False,,1.0107404493639907,,none,0.09087922856226252
False,,1.1368876646148993,,none,0.06444783389957383
False,,1.445124953011962,,none,0.010498167154972527
False,,1.2666871358702865,,none,0.04189401319763945
False,,0.21977715218453442,,none,0.0720807934932588
False,,0.30769612689823733,,none,0.020536121918478003
False,,1.48915613422574,,none,0.07296634211747663
False,,0.41412502654266203,,none,0.0663454656095854
False,,1.2109462248862983,,none,0.014530714977297408
False,,1.0877793063262764,,none,0.009003259512702488
False,,0.40097446561836086,,none,0.05815277158817967
False,,1.0567247690857149,,none,0.0034508274975073015
False,,0.5918230052510398,,none,0.046222778334207626
False,,0.763305323398499,,none,0.05214262206841942
False,,0.13013146587952068,,none,0.023707051461582467
False,,0.5877559418671577,,none,0.009558357547051014
False,,1.278878726078613,,none,0.14167813393262266
False,,1.2464257648554795,,none,0.10856190082129173
False,,0.39333428439191187,,none,0.0517965771853429
False,,1.4756952660782632,,none,0.010775602709787117
False,,1.3079245332632798,,none,0.04171157874339034
False,,0.6418425610742546,,none,0.027812021015294546
False,,0.4830000915661786,,none,0.09062363805563635
False,,0.22533681429364472,,none,0.035711676917330175
False,,1.2084810447538348,,none,0.05827889398431405
False,,1.0443516787959197,,none,0.01672905896638707
False,,0.8449258949672771,,none,0.05837695037500704
False,,1.3126501041903849,,none,0.02584492433252812
False,,0.4387368607400272,,none,0.09454610127400638
False,,1.3007302243889685,,none,0.081369720579104
False,,1.3702834379145223,,none,0.0963945831123056
False,,0.3043807876770221,,none,0.09363424802879913
False,,0.7547965761901311,,none,0.0007668279823286602
False,,0.16826862525591618,,none,0.026108736979770883
False,,1.125666449028226,,none,0.02704378669751359
False,,0.357735676892301,,none,0.027323721607342123
False,,1.3231350956080044,,none,0.060519027523227346
False,,0.17590358368685327,,none,0.01579442966267855
False,,0.6448396735530576,,none,0.03140019436895592
False,,0.6174995862813186,,none,0.016084396648935146
False,,0.6315239664379857,,none,0.08278359075000812
False,,0.3848242526893093,,none,0.09411544654358113
False,,0.8819022963079429,,none,0.03311641549448485
False,,1.2372827070650643,,none,0.0474404417880102
False,,0.4945754665939225,,none,0.0457093571936533
False,,1.275449028680026,,none,0.05051159414760033
False,,1.0083916923968232,,none,0.08146875540475969
False,,0.8567415110334514,,none,0.05196258203593035
False,,1.3929614358411981,,none,0.009397266205344524
False,,1.4689910480333714,,none,0.009647235674984263
False,,0.22134435177374578,,none,0.06639770956787111
False,,0.050108407214772624,,none,0.02496877424670184
False,,1.4839055820572777,,none,0.12749113352527236
False,,0.15414654712180156,,none,0.05895778769695534
False,,1.0470677190604925,,none,0.07061115033999674
False,,1.4015999972283348,,none,0.04307569123846862
False,,0.9684571604513155,,none,0.06474307516725022
False,,0.9142945837403696,,none,0.01773957782964173
False,,1.3442481553493566,,none,0.09975838491084045
False,,1.3804365422438307,,none,0.024700224184802534
False,,1.1478929163649545,,none,0.10264942469586326
False,,0.9665036100245846,,none,0.08244480956907961
False,,1.0475624501368348,,none,0.06045305735202212
False,,1.322052422411931,,none,0.011013898466965797
False,,0.48859160089912573,,none,0.01076354591388848
False,,0.8642618851905098,,none,0.06620068607759556
False,,0.7344547279407674,,none,0.005199401879436642
False,,0.36977820077667434,,none,0.002113646984367465
False,,0.5570294208730547,,none,0.13192757199554875
False,,0.6258351746160083,,none,0.03611056539484528
False,,1.0069593535850718,,none,0.009685144588101966
False,,0.9672683862116688,,none,0.0856413660174081
False,,1.1717712914712268,,none,0.0860250185211614
False,,1.229561249103227,,none,0.029920617184658473
False,,0.8578193984845736,,none,0.11304038320282006
False,,0.7582692167519343,,none,0.08118112291085906
False,,1.4451323566024163,,none,0.015617768029770463
False,,1.3345246667223094,,none,0.008792550574618734
False,,0.5479938290310244,,none,0.08372353639655912
False,,0.09380568926685073,,none,0.017008193930522553
False,,0.9508770149992274,,none,0.04295245555765803
False,,0.6791407748490665,,none,0.043969483271289266
False,,1.0802795508744703,,none,0.03156850241426822
False,,0.07405790414855704,,none,0.06408582821040014
False,,0.34745516620711403,,none,0.1746532223045477
False,,0.18695657405499821,,none,0.008232746099902126
False,,1.4057703516954951,,none,0.008074291178604493
False,,1.1123199187820778,,none,0.02567835103968721
False,,1.1965580170280814,,none,0.04660886310908581
False,,0.8307972377101727,,none,0.14058787470308587
False,,1.4459852535617954,,none,0.10241050698909293
False,,0.6110261713860241,,none,0.08351216917739913
False,,1.1012675871262405,,none,0.02707556484244024
False,,0.6042532645010815,,none,0.07616030217048615
False,,1.2021220556860162,,none,0.016836794273865793
False,,0.5301739816309011,,none,0.02780978503818227
False,,0.5727975703300068,,none,0.10407119821307242
False,,0.5947677462624326,,none,0.06831877170492004
False,,1.354128797506875,,none,0.10944120939379236
False,,1.3517220025388443,,none,0.11261135082244982
False,,0.1998364569920813,,none,0.012887710525163942
False,,0.36911007788170924,,none,0.035413553650132934
False,,0.8590879859342191,,none,0.08128177896094702
False,,0.8476520009642217,,none,0.08996582856784459
False,,0.950865615721515,,none,0.11398174470838976
False,,1.1331668435882722,,none,0.10194564935618441
False,,0.4548321592114612,,none,0.0509174873223726
False,,0.9367651901898792,,none,0.2577857835538478
False,,0.910783065318114,,none,0.1611257582782671
False,,0.5361856372304792,,none,0.0937946408795626
False,,0.4864217026791722,,none,0.0891367345019963
False,,1.2428956770346669,,none,0.06520406732311831
False,,0.6039980214186063,,none,0.1813837189845744
False,,1.0475499994556707,,none,0.0549185789884854
False,,0.31634510373904307,,none,0.019784784764148088
False,,1.4649824606675348,,none,0.041613498207447835
False,,1.1573661283416197,,none,0.04270958927559809
False,,0.4767503043092307,,none,0.03081592979591324
False,,0.7374686265341556,,none,0.020565683392756735
False,,1.3040569701715041,,none,0.1970415516883383
False,,1.4897660652220415,,none,0.043532053829420915
False,,0.5246016999534635,,none,0.029439632193430203
False,,1.0304594662275448,,none,0.15582757956943324
False,,1.1542299365420823,,none,0.004159252430662144
False,,0.5217450278325844,,none,0.0065834123927291655
False,,0.4694446192132222,,none,0.03790976207688927
False,,0.1952001836572657,,none,0.002381335544716049
False,,0.7003343431725019,,none,0.05566091114114178
False,,1.2379690098292493,,none,0.015570588999592865
False,,1.1906848544951778,,none,0.0217675332014464
False,,0.9604017398167288,,none,0.13933390052006359
False,,0.07720335471456076,,none,0.13984032739168456
False,,0.4643056978885074,,none,0.08413070766837699
False,,1.3400127424520316,,none,0.12944789489691336
False,,1.4697493502430319,,none,0.1328320545476097
False,,0.8274755252474596,,none,0.030564120025727254
False,,1.4014812819841795,,none,0.06820526968599402
False,,0.1896887332011381,,none,0.04082065520743213
False,,0.30037443206854075,,none,0.03972072819905725
False,,1.281082073764293,,none,0.01451302695966519
False,,0.4531644867283583,,none,0.014544820815937495
False,,1.3002965799629953,,none,0.10891790200217916
False,,0.3580205614430347,,none,0.06504040651163184
False,,0.5095100146099599,,none,0.05635428803532955
False,,1.461385826376339,,none,0.012142263290087758
False,,0.3219251047043229,,none,0.002213064633223523
False,,0.052252001802109545,,none,0.022774723966155336
False,,0.44421902837450455,,none,0.041258252445758405
False,,0.09647041443392723,,none,0.01589080421946172
False,,0.48373612689633316,,none,0.11189379398066968
False,,1.4388319661143745,,none,0.015032546363850478
False,,1.1706304232702807,,none,0.046900102341602815
False,,1.338622778636961,,none,0.09120882861791245
False,,0.10021725273362841,,none,0.09850905919981895
False,,1.1965956851726334,,none,0.09649586895804932
False,,0.5045438497597758,,none,0.08658333896986076
False,,0.7118143470062656,,none,0.018653589686869174
False,,0.3138427628031308,,none,0.010341726728848416
False,,0.7653392359141451,,none,0.02162052335739723
False,,1.0671357071328103,,none,0.04203012492452481
False,,1.1563518822879346,,none,0.12037573617585479
False,,0.09338722148064366,,none,0.05938533639167203
False,,1.3003748817959575,,none,0.06713187122663483
False,,0.7823940597722842,,none,0.016039667165781445
False,,0.5743698991602254,,none,0.010644987532498665
False,,1.0803640237857082,,none,0.009144991167309331
False,,1.3892186541681708,,none,0.0032652810620978075
False,,1.4232104027274186,,none,0.09697936707061877
False,,0.6202621957485966,,none,0.034326133662963124
False,,1.1695400459470522,,none,0.05152425482958298
False,,0.3314015190707202,,none,0.04716236984344062
False,,0.509395796878611,,none,0.01975992837121107
False,,0.5976448919813081,,none,0.06116720031990044
False,,0.7232154972617199,,none,0.05039663621598779
False,,1.3375759620945067,,none,0.016132414357653883
False,,1.146424640768358,,none,0.03916586517003081
False,,0.7947996471858817,,none,0.04885370913617475
False,,0.2373808464279208,,none,0.005210363914321517
False,,0.7540382120018866,,none,0.10159713137402311
False,,0.09100381856634951,,none,0.04881758028078431
False,,0.6973418265955875,,none,0.038432407442502994
False,,0.7967071311711212,,none,0.046255904561621784
False,,0.9588699118953594,,none,0.02413108915136362
False,,0.6852675115899567,,none,0.055350266485445256
False,,1.1555382401629821,,none,0.09165187687237729
False,,1.356647364253715,,none,0.0007829632045374674
False,,0.5938841752747304,,none,0.008410832938995255
False,,1.393700682164305,,none,0.024614892388016726
False,,1.3547617953232667,,none,0.20937176350388684
False,,0.15286020774299985,,none,0.08475971203999791
False,,0.6989588670344375,,none,0.005565302006290579
False,,1.4928033591804568,,none,0.01543007037048457
False,,1.4161801239640412,,none,0.1193981488142917
False,,0.35816075515715534,,none,0.11957235484144106
False,,0.6677804153881564,,none,0.06663993514482586
False,,0.3064347887531135,,none,0.045255915875138296
False,,1.1686523569142921,,none,0.037653181960408025
False,,0.6473444900036547,,none,0.09934046906775228
False,,0.6887121440788709,,none,0.033640527188017834
False,,0.746430767850295,,none,0.10713879733410704
False,,1.4096635421880606,,none,0.011696101263133874
False,,1.4573269247929501,,none,0.062471539492133375
False,,1.0383088570059102,,none,0.0007655313755663886
False,,0.7710406126507502,,none,0.0488693540606871
False,,0.06663021001507934,,none,0.012431365179763345
False,,1.472697328276976,,none,0.05983310157258642
False,,1.323961440401455,,none,0.04161324039692227
False,,1.1153901710667071,,none,0.05404271210223747
False,,1.3195856528307648,,none,0.009768638201505362
False,,1.1337603450083207,,none,0.07590633217294164
False,,0.732676255919322,,none,0.17159998989706665
False,,1.1387270609410407,,none,0.013326733160387681
False,,0.24249621154230133,,none,0.13181215697165202
False,,0.7344243433134944,,none,0.035933189203079814
False,,1.1341503863666442,,none,0.003684335645823385
False,,1.2963080348211578,,none,0.07119098193043666
False,,1.3983764296220036,,none,0.00022001102293091676
False,,1.3897202667005133,,none,0.0015291251743267628
False,,1.4610264914049744,,none,0.03125422216992452
False,,0.8759903120470705,,none,0.03804058646637822
False,,1.0164699721343453,,none,0.055870222496961656
False,,0.6210106492851184,,none,0.040696857335449504
False,,0.7830171347059397,,none,0.0668206472218253
False,,0.18831852895365553,,none,0.09869084820641257
False,,1.3763432732381191,,none,0.10133992415398216
False,,0.955165604708404,,none,0.0192752772740759
False,,0.11094801041896347,,none,0.021622858158648832
False,,0.12270358382939776,,none,0.006971264047637678
False,,1.46100704266068,,none,0.0067550423358252905
False,,0.9395999239587101,,none,0.13049638483566275
False,,0.6701877389121665,,none,0.029935599168476316
False,,1.126373530324127,,none,0.001494558135666623
False,,1.4807619518232642,,none,0.08413861390795614
False,,0.2742974597655853,,none,0.043175782836241024
False,,1.003471575338692,,none,0.03388132498859336
False,,0.7952696832953567,,none,0.04056491970327435
False,,0.27349266408556966,,none,0.05139432542448473
False,,1.2806216693295205,,none,0.05846706471176134
False,,1.4021826911645856,,none,0.04834206078856684
False,,0.6740575867021916,,none,0.0587107731526833
False,,0.09455526232894107,,none,0.07690531662458036
False,,0.05635357095796213,,none,0.0693579953762546
False,,1.0304024284883595,,none,0.005837200766572099
False,,1.1861679316394913,,none,0.09662873689109756
False,,0.6359371561618851,,none,0.13119502444306153
False,,1.179928860220695,,none,0.04769830157311948
False,,1.0387703430024446,,none,0.10242974749105131
False,,0.16674449072809355,,none,0.07437012549056414
False,,0.08258732852099462,,none,0.15350391646020026
False,,0.19262653742395408,,none,0.03623799621457781
False,,0.17837782026067606,,none,0.12706876082672774
False,,0.8411440399451394,,none,0.010371901800643395
False,,0.41286278758591183,,none,0.17089425999151905
False,,0.590170626293573,,none,0.007372062330036493
False,,0.631879346769509,,none,0.08683169643458528
False,,1.3302957066688765,,none,0.023373745313868155
False,,1.3091037107002437,,none,0.15208703297110235
False,,0.7383304716576453,,none,0.030355301299376605
False,,0.9869924142986113,,none,0.08488266510571077
False,,0.8848388009107254,,none,0.014829114437420089
False,,0.5364179425160838,,none,0.04483464624541488
False,,0.5253309869704058,,none,0.051354932390391315
False,,1.4531192748770534,,none,0.03769440694867521
False,,0.648278582202603,,none,0.0029319624830889002
False,,1.3202468458610643,,none,0.03077315745038529
False,,0.1253582697726941,,none,0.07930635775018274
False,,1.0216497448652042,,none,0.03403387088327842
False,,0.3527737739932726,,none,0.07853377774347488
False,,0.19998198346833934,,none,0.08871141619377329
False,,0.4372999204640812,,none,0.005157552250830449
False,,0.7686235769776958,,none,0.13287450612065202
False,,0.3443618664264158,,none,0.024190327895167684
False,,0.7117530049326941,,none,0.011137618814900808
False,,1.3595695774375867,,none,0.04224809643899545
False,,0.21073846139138713,,none,0.024594210065315952
False,,0.6098322580582939,,none,0.048149825418555794
False,,0.05295917785727686,,none,0.05050559316937483
False,,0.9228832372876166,,none,0.05534056285225299
False,,1.4256720013626871,,none,0.03937963510535632
False,,1.2603370375476073,,none,0.00022400743003249266
False,,0.8672995875902149,,none,0.03723164239800559
False,,0.7889273837849813,,none,0.059728748324854496
False,,0.8101016348533481,,none,0.10022424954781761
False,,0.8452278560605535,,none,0.018988166156537683
False,,1.1431613860096275,,none,0.060262405305726054
False,,0.4443884694660895,,none,0.06766520285974097
False,,1.1047732885457637,,none,0.07194591472432461
False,,0.777446365757027,,none,0.036060513830451675
False,,0.3914323267314651,,none,0.14956196211683542
False,,0.3822676688543462,,none,0.022346562796391835
False,,0.79229809285229,,none,0.10661454448954147
False,,0.8691256144602709,,none,0.09371460885028073
False,,0.5339872009558226,,none,0.12218743597908543
False,,0.7580177620321609,,none,0.028132303852710424
False,,0.6384224108908211,,none,0.0372009655650503
False,,0.4556965151739389,,none,0.004551743532192527
False,,1.3856550164122519,,none,0.008211840605570592
False,,0.16652694567351348,,none,0.11728404331239796
False,,1.2793323402943675,,none,0.03023535474054644
False,,0.2112505875383201,,none,0.0791947582866667
False,,0.4373526095106024,,none,0.008063151395017554
False,,0.07648682233521487,,none,0.11398076348077664
False,,0.4614172182172889,,none,0.122280556950048
False,,1.2715585753478764,,none,0.07054560334362829
False,,1.2346904468190314,,none,0.05816061729851972
False,,0.30067451731713896,,none,0.09151527540653531
False,,0.710450150879777,,none,0.015066597650645124
False,,0.4729179951014269,,none,0.1492851425030903
False,,0.5492804495209732,,none,0.09081209999606997
False,,0.28173841155581125,,none,0.012532067330468246
False,,1.416161396321792,,none,0.019773561429409888
False,,1.4441404005996312,,none,0.002640171712863961
False,,0.3045861436548504,,none,0.06811185232805686
False,,0.913754279732815,,none,0.1282892786023193
False,,1.1621374305543792,,none,0.1183951379087153
False,,0.6683068039523544,,none,0.04557608108846766
False,,1.1978079535974635,,none,0.17196890316261526
False,,0.8615500333077493,,none,0.006054052861470519
False,,1.1634590150443187,,none,0.0590740395477156
False,,0.5565373350458552,,none,0.03209657424569482
False,,0.07058675321588649,,none,0.025861625839974874
False,,0.873378216231003,,none,0.031085877348114882
False,,0.15311012105814834,,none,0.02680519639790969
False,,0.3906567004931054,,none,0.021720432476639018
False,,1.3890753377113174,,none,0.15571112182537347
False,,1.3600253517817065,,none,0.037331784615015864
False,,0.9145055041721407,,none,0.043821366806188485
False,,1.1297230250434143,,none,0.020562654425606054
False,,1.2534133283017528,,none,0.010480254398576055
False,,0.658075299414062,,none,0.02865003034892723
False,,1.0151714713619766,,none,0.04016004072529625
False,,0.5629527274538125,,none,0.07158053551399023
False,,1.1115102255651874,,none,0.02257460984019586
False,,1.4788666555729413,,none,0.10066709387687559
False,,0.9706839211794969,,none,0.016293024111717673
False,,1.4051831494534925,,none,0.05163612298128051
False,,1.3433769498154378,,none,0.028434653372475704
False,,1.226277238950489,,none,0.010521625307308121
False,,0.9898406082980175,,none,0.034758090177895364
False,,1.147209059601516,,none,0.021044876144158817
False,,1.1111974159382174,,none,0.09226038968341851
False,,0.8666220318599704,,none,0.03784870528728562
False,,0.791957520828232,,none,0.018295407577583103
False,,1.4520880958766238,,none,0.02546907978909831
False,,0.8791707990826594,,none,0.025617680003075124
False,,0.34799500307629444,,none,0.03345351597433422
False,,1.0989758189937175,,none,0.05514206912850521
False,,0.38090290018415573,,none,0.1372471274508932
False,,0.9614022038318066,,none,0.05703856714658392
False,,0.20083703018694837,,none,0.09333695245442838
False,,0.7090273023905574,,none,0.020414518120380132
False,,0.7055271728823775,,none,0.031098425201054113
False,,1.170227200246372,,none,0.0670694438253609
False,,1.159986003493865,,none,0.011265107625192623
False,,0.3548925902317044,,none,0.09913703011054101
False,,0.07651613875681518,,none,0.02754358514919458
False,,1.1425789490415827,,none,0.07637673762767946
False,,0.10046706958869088,,none,0.01038225914085579
False,,1.108014409981998,,none,0.0008794136408706026
False,,0.3272410009313001,,none,0.07201550879471873
False,,0.40194674307960365,,none,0.056056632087075765
False,,0.8128053605983616,,none,0.015123498369896344
False,,1.210427147720431,,none,0.08812304404469964
False,,1.1323104593181739,,none,0.027327192364113302
False,,0.06758502918586734,,none,0.004514481864133408
False,,1.4402717895939015,,none,0.021115540714500034
False,,0.2562815051531414,,none,0.020887621828951895
False,,0.6825373332365378,,none,0.0625151212398813
False,,1.0843171198991366,,none,0.13332429418751737
False,,0.9913080022902212,,none,0.07948486456824137
False,,1.0535897976113535,,none,0.09210291062925655
False,,0.8014419500447036,,none,0.003067308255809346
False,,1.248762125650847,,none,0.1210916777519002
False,,0.37447424603630236,,none,0.003927939448142806
False,,0.1734466300421589,,none,0.06114994718674575
False,,1.2061049068008638,,none,0.01059110897845031
False,,0.7080379797650274,,none,0.08317597552758435
False,,1.3605442686593858,,none,0.12150102292688167
False,,0.7376860802690534,,none,0.00656424837893527
False,,0.3764129448235441,,none,0.09545646871589665
False,,0.7493385856282728,,none,0.015079479568382872
False,,0.6884955530167904,,none,0.048873793502895495
False,,0.641959938002935,,none,0.1011781348682965
False,,0.9029109039276668,,none,0.027806430194934936
False,,0.23353455726226935,,none,0.041146037329426705
False,,0.5057051679310166,,none,0.0027726805254750333
False,,1.3686087499012485,,none,0.0379735872277483
False,,0.623461754225064,,none,0.056534958532624115
False,,0.07747938398143561,,none,0.0743322216323483
False,,1.2856479830361778,,none,0.032333271506600175
False,,1.2456295126061199,,none,0.011235949302263452
False,,0.08277725489178286,,none,0.005284993067078603
False,,0.933004779828033,,none,0.05189476087989329
False,,1.1653528981535877,,none,0.005695852573468409
False,,1.111459857284435,,none,0.05864961359878688
False,,0.463200912808639,,none,0.01787810298243087
False,,0.45694166756611204,,none,0.02742090716706408
False,,1.4037125197662825,,none,0.04017746949851162
False,,0.19657681736236948,,none,0.06269394608904573
False,,0.6907445036955492,,none,0.010595828224295958
False,,0.19226512256839567,,none,0.04764828365345385
False,,0.3836863699114532,,none,0.004947071228793604
False,,0.4773973477039142,,none,0.05062176390649055
False,,0.29702454242123555,,none,0.11145851591030158
False,,1.0561797120888137,,none,0.00509723063973234
False,,1.215461772175153,,none,0.06150711868670079
False,,0.4639211357131821,,none,0.0608057482516084
False,,0.15772278127327954,,none,0.13458738439860518
False,,0.891850360983389,,none,0.010722975316322414
False,,0.4902900666140078,,none,0.017381884832347348
False,,0.7721144883534184,,none,0.03780629372382768
False,,0.1403390648505244,,none,0.034741678462890654
False,,0.3917122512674429,,none,0.17348770473385844
False,,0.1055120527321464,,none,0.08207323927546434
False,,0.9653395149006595,,none,0.17260492579559225
False,,0.18460430540300976,,none,0.043181873412637795
False,,1.1891261328358071,,none,0.08615444519017519
False,,1.3031929195255008,,none,0.1055783024844552
False,,0.6105548545260141,,none,0.06567611695956047
False,,0.3833042579954575,,none,0.13253780805977877
False,,1.3990325276086637,,none,0.030158602624609294
False,,0.0973954619182762,,none,0.010036380707313627
False,,0.899643248377843,,none,0.10398054696160325
False,,0.5164607634560611,,none,0.08887512478546991
False,,0.2763517556041405,,none,0.13639166698805225
False,,0.7878966213583214,,none,0.04952931873823122
False,,1.1338996327455952,,none,0.08120842391403103
False,,0.4538412371360204,,none,0.014910487948179944
False,,0.7272153067426295,,none,0.11541351127487827
False,,0.6807955602280142,,none,0.060818284775534706
False,,0.06466874775637335,,none,0.002937602430908013
False,,0.2240188054817291,,none,0.005950831682358675
False,,0.656172428580516,,none,0.0218834552842354
False,,1.1017259613834125,,none,0.10599547056635102
False,,0.8874608660199,,none,0.04090301544875288
False,,0.26154116404626504,,none,0.013598526246782577
False,,1.1090746298770595,,none,0.048952971621501584
False,,1.410842521256426,,none,0.005273369642440554
False,,1.391798731714792,,none,0.18722588480855132
False,,1.1012465944306724,,none,0.0013626034740045704
False,,0.6693189724515983,,none,0.009090228585869374
False,,0.9201740376896331,,none,0.03216509792872563
False,,0.08019774971478588,,none,0.05806785537236858
False,,1.0830295548154611,,none,0.06138744675110756
False,,1.0482993341359415,,none,0.07487089911907145
False,,0.5184493645146114,,none,0.042469607391696626
False,,1.1320973468364703,,none,0.1447103814693045
False,,0.18061146142490958,,none,0.04423849521118507
False,,0.5516006448934422,,none,0.035980873446159564
False,,0.056852781067396885,,none,0.08194661468195397
False,,0.24583923061366336,,none,0.07310945652746619
False,,0.994164295787079,,none,0.0329091697735284
False,,0.6050768862973002,,none,0.08507927984884907
False,,0.4751002052184168,,none,0.02266614648136637
False,,0.8182256785126298,,none,0.004443645181455482
False,,0.4856922554570728,,none,0.01422101814932514
False,,1.4229789162851225,,none,0.013217312080025608
False,,0.14561114904404981,,none,0.06409132091280433
False,,1.325681254632079,,none,0.009015431478206777
False,,0.45959721297578443,,none,0.03077238840725344
False,,1.2725508990641317,,none,0.07859772311376867
False,,0.6191455950180405,,none,0.0007684783160305621
False,,0.18611833235720343,,none,0.071833215151139
False,,1.0854086824562068,,none,0.04778346332281641
False,,0.6593202385115052,,none,0.0008738398367509897
False,,1.4025367942956604,,none,0.04359442394615153
False,,1.4844559313938541,,none,0.00482879715609652
False,,0.7007570381088906,,none,0.010508281034984397
False,,1.2208310865446779,,none,0.16534164090952352
False,,0.5661153187018974,,none,0.09694850097300844
False,,1.4919072927654529,,none,0.0982307869666337
False,,0.5015921399586903,,none,0.06257659843840074
False,,1.3294071613921883,,none,0.028239261050042524
False,,0.593722933796546,,none,0.05156345476379874
False,,1.0891799404803766,,none,0.027111347081678908
False,,1.3616765325708098,,none,0.05809999380013713
False,,0.9153993452779698,,none,0.024209499696920198
False,,1.405335510539314,,none,0.012533177227765474
False,,0.47133265169762584,,none,0.054298142952311265
False,,1.413641138644042,,none,0.031408164641539484
False,,0.4077430738475528,,none,0.05563945033089768
False,,0.29650470332714046,,none,0.05474150074576622
False,,0.7192556735956865,,none,0.07220148088902968
False,,0.6104946851531942,,none,0.09380057393571907
False,,0.9535467486591297,,none,0.0186442835214114
False,,1.2956143395277646,,none,0.09512283213598081
False,,1.115952533301171,,none,0.14215468262305042
False,,1.306537844572799,,none,0.017731639600677068
False,,0.8330669944631562,,none,0.07591245801392275
False,,0.4717875650347557,,none,0.09446282425212633
False,,1.0382615173543046,,none,0.06067570349259362
False,,1.1716360571349516,,none,0.03894118401777948
False,,0.7733288797210676,,none,0.050805966406502125
False,,0.9887789452528456,,none,0.05112967023705207
False,,0.821052651768675,,none,0.07888051868828588
False,,1.2981369942871703,,none,0.0674013185663805
False,,0.22908944008978427,,none,0.017287118741553968
False,,0.7869434451930869,,none,0.01864397796408305
False,,0.3846276956619121,,none,0.08197376834442906
False,,0.7012362077957239,,none,0.046561821000062675
False,,1.2140315348912116,,none,0.005778715688418193
False,,0.4767249402572717,,none,0.1269160486027043
False,,0.6930711038716862,,none,0.04036065176114632
False,,1.239910338860577,,none,0.014478398380098477
False,,0.7415769447675646,,none,0.054307705080209594
False,,1.399365861066025,,none,0.07083699747038748
False,,0.627016044077502,,none,0.052885057952056794
False,,1.4724848731545348,,none,0.08687985555609083
False,,1.206253252731667,,none,0.03566419728129095
False,,0.10858406947520371,,none,0.03457211952071533
False,,0.24040523226902083,,none,0.016579787022423995
False,,0.858458073767886,,none,0.0075122429435726685
False,,0.8452502986574166,,none,0.14711416630529597
False,,1.4218883754418306,,none,0.08018372417512858
False,,1.3580274844011868,,none,0.029208557552059103
False,,0.8645473951609282,,none,0.03913881440848809
False,,0.13501264884293032,,none,0.007111674449755099
False,,1.465459298144333,,none,0.0014080947632732126
False,,0.5182806325643949,,none,0.020410941991446593
False,,0.536637557220274,,none,0.05356586688224933
False,,0.3070429339999031,,none,0.03714504481503155
False,,1.0380746992383934,,none,0.07234170651626833
False,,0.7998124094476818,,none,0.04061368227767377
False,,0.5137348371828071,,none,0.15213427956228784
False,,0.6788146469119719,,none,0.10334036579735875
False,,1.4830308330332327,,none,0.07539080091153291
False,,1.1775919595684121,,none,0.03820525972720672
False,,0.08970031131133953,,none,0.02363398475339191
False,,0.6683167549104357,,none,0.09167305231202501
False,,1.2423535226853561,,none,0.08137601029914303
False,,0.30107068372744694,,none,0.10006015139108036
False,,0.999488346027512,,none,0.014435234252691626
False,,0.5601203737590887,,none,0.04152269995263553
False,,0.14145232608590005,,none,0.07134568058517078
False,,0.5176354477894157,,none,0.09391106646387114
False,,1.4016621881683788,,none,0.011768052423166616
False,,1.2235889689118367,,none,0.01165502468945281
False,,1.033811890729584,,none,0.09489684629563495
False,,0.6470753943851797,,none,0.021868246574343483
False,,0.0659872615353676,,none,0.07689860206151856
False,,0.9940572940270671,,none,0.04339448319033202
False,,0.8343821471880227,,none,0.073955151718288
False,,0.8149495716138556,,none,0.05380088447830526
False,,0.3660054083186609,,none,0.045554915257783754
False,,0.07545659906479872,,none,0.08987340755341097
False,,0.33229989585846453,,none,0.014274910133783849
False,,0.0693001530129264,,none,0.04908316085050277
False,,0.8634205047269461,,none,0.06829054639470841
False,,1.1504237357624336,,none,0.11364774719107447
False,,1.2457079843412655,,none,0.016604596397470205
False,,0.1386617575578118,,none,0.016386859568843982
False,,0.0888920345599907,,none,0.09181542714439915
False,,0.15756631134835172,,none,0.05386037248418835
False,,0.3194456327631526,,none,0.06343594558229501
False,,0.38367224667274263,,none,0.1517238965853209
False,,0.3118188948068112,,none,0.055472091149794615
False,,0.29288658241310994,,none,0.050042588983396676
False,,0.4923157256159875,,none,0.1045560129260819
False,,1.2422108302327826,,none,0.18671378768000077
False,,1.427125889629987,,none,0.1247092206703741
False,,0.5834014711132843,,none,0.03403497801912707
False,,0.7359343460377772,,none,0.005638705510041732
False,,1.1437492379451633,,none,0.014021168674363104
False,,0.8836731887451029,,none,0.025227272166857165
False,,1.1786064994453005,,none,0.1125380603351537
False,,0.8775528127729701,,none,0.018586537484280522
False,,0.19064508082708304,,none,0.013998826760408298
False,,0.6434636307444142,,none,0.03025478685852085
False,,0.3411779253669076,,none,0.0009291304338671739
False,,0.5578582831388238,,none,0.13268190258498935
False,,0.6484213492921969,,none,0.0016297610738363847
False,,1.00855051674311,,none,0.026219886286682415
False,,0.8352313840246837,,none,0.07607038198646203
False,,0.4479943130045651,,none,0.07836301702679509
False,,0.2249989715300877,,none,0.01472827092430745
False,,0.2785606739764935,,none,0.03957383442964638
False,,0.31217604653367564,,none,0.04499675908802985
False,,0.47201773101885874,,none,0.05999465874776212
False,,0.07198754394603449,,none,0.032588699773736636
False,,0.5594304673877851,,none,0.05858763053133458
False,,0.4493211217105835,,none,0.06965909947259015
False,,0.7420407298713898,,none,0.06578713400808921
False,,1.3880246153282558,,none,0.1718485046742298
False,,0.5396751043921784,,none,0.04349111342249787
False,,0.4456214413053986,,none,0.19261935996978707
False,,0.8648727677127606,,none,0.032622429530948106
False,,0.08611875390052706,,none,0.03416206829584598
False,,1.2550688165048343,,none,0.086125335359214
False,,0.5509508213142769,,none,0.20258830377504253
False,,0.4260772464569718,,none,0.05752591381386604
False,,0.9490014716225345,,none,0.046146549330194145
False,,0.5963138495770469,,none,0.014664756741665752
False,,0.6934192522030415,,none,0.13931394075078798
False,,1.3049719494312542,,none,0.020173267991166293
False,,0.4305934867360736,,none,0.04522925420003652
False,,1.0234402983601196,,none,0.022013904679966143
False,,0.918916564947923,,none,0.028129875305660672
False,,0.48500414859339636,,none,0.07401406098887915
False,,0.38657568202079895,,none,0.16629480161601162
False,,0.6399302243333226,,none,0.03434955046507884
False,,1.1904679920643149,,none,0.0008216626514331606
False,,0.33547108703650164,,none,0.06533094556744938
False,,1.469372406865997,,none,0.05814429991612482
False,,1.4140254302008721,,none,0.057279600585031974
False,,0.40930369124417665,,none,0.02946119845412032
False,,0.7859969461397326,,none,0.0792037588199623
False,,0.12733151414454189,,none,0.01830011017754895
False,,1.4536409739454939,,none,0.04529502107067113
False,,0.11976645291834412,,none,0.06836505404571269
False,,1.143334813856161,,none,0.05558531974285003
False,,1.49613530666069,,none,0.02925566980980264
False,,1.4036578589450297,,none,0.011396773923899319
False,,1.155767519989412,,none,0.04432747553939413
False,,0.08124638563017444,,none,0.10974135176303958
False,,0.49019302887698074,,none,0.06420360297017633
False,,1.1426602045857503,,none,0.04781676175178715
False,,0.30937388866758964,,none,0.016792141144727178
False,,0.23267343025071668,,none,0.014229810424743763
False,,0.6693048405218066,,none,0.04598171549930589
False,,1.2528645071675923,,none,0.025046466016495735
False,,0.5978947506626358,,none,0.01974142827267188
False,,0.3954779312130961,,none,0.01610544416051144
False,,1.231007245918404,,none,0.04175535078256729
False,,0.8194044992038076,,none,0.0534277111987543
False,,0.8015538014816688,,none,0.07365917551373619
False,,0.21977543984720094,,none,0.05095093475215408
False,,1.4755960870029354,,none,0.0015907158882605464
False,,1.3305324877184552,,none,0.0010425240713209845
False,,0.29762805638973394,,none,0.03298956645068602
False,,0.5787238786611568,,none,0.005481634789411261
False,,0.4498775418961104,,none,0.0508758863728576
False,,1.3606755540594924,,none,0.15733794708384072
False,,0.3012986982821553,,none,0.03337754852976573
False,,1.128859731113082,,none,0.020573326096918136
False,,1.4934673326578516,,none,0.0021569551261802137
False,,0.6225336349532719,,none,0.12160527569738505
False,,0.37685361643396725,,none,0.051438184355459306
False,,1.044184319706326,,none,0.0747026974914685
False,,0.4422654737044304,,none,0.014744656821904548
False,,0.6251654660379915,,none,0.02058576263466774
False,,0.6956290765875838,,none,0.036672243015833224
False,,0.5871250708122939,,none,0.13791731580375194
False,,0.31006800148784425,,none,0.11678210713121051
False,,0.5675952961016639,,none,0.08793736171068929
False,,0.8978392776816873,,none,0.0940297560631068
False,,1.3781420694434796,,none,0.007087175686859885
False,,0.5411591755002929,,none,0.03796333886041744
False,,0.37004739190580255,,none,0.0007363752672431456
False,,0.519204105851058,,none,0.0055877197970837355
False,,1.260201830750472,,none,0.058242058252499826
False,,0.8017711963446078,,none,0.07080744570570849
False,,0.9981984774789957,,none,0.17537151209046864
False,,0.6346674678660876,,none,0.02496082796019408
False,,0.9741849869065194,,none,0.06323167408850253
False,,0.894488482161493,,none,0.08273508396371072
False,,0.900680125683956,,none,0.1127662146497954
False,,1.1389728706790265,,none,0.07350194088593841
False,,0.9476702402191242,,none,0.006235641390299633
False,,1.0889657047270216,,none,0.06078966598598555
False,,0.22940113640056659,,none,0.045507442503907855
False,,0.6401526272796547,,none,0.06618988833483568
False,,1.4684164185247999,,none,0.01700377343883357
False,,0.5127347894823752,,none,0.043376005130874716
False,,1.1651415105596004,,none,0.004095823374338452
False,,1.3322979943300632,,none,0.0318646924647761
False,,0.3111322132491667,,none,0.1430910354509534
False,,0.06477968843426933,,none,0.015283704183629671
False,,1.0812115380555016,,none,0.008797605846933327
False,,1.2151823233715213,,none,0.007615334036955207
False,,0.13698598295570374,,none,0.034065468885015236
False,,1.090920305472045,,none,0.009391683894677774
False,,0.3358225736800304,,none,0.0887272192867532
False,,0.8072320165564355,,none,0.01907392066098655
False,,0.9348568425754388,,none,0.08881121538664431
False,,0.06946122680662559,,none,0.05672466149555103
False,,1.2894694295130886,,none,0.06710656889177607
False,,1.2153401917460094,,none,0.0164225411563315
False,,0.7498886892381614,,none,0.04937515972873954
False,,0.4247570199438854,,none,0.047644657657905994
False,,0.5862014816649018,,none,0.07245915020600892
False,,1.4217081280377417,,none,0.0007403635613415553
False,,0.8399608148940172,,none,0.05853723362488655
False,,1.258461970038689,,none,0.0026728536629033045
False,,0.778970600975631,,none,0.014315904162356497
False,,1.0479146842453901,,none,0.028819085205668577
False,,0.489773936256264,,none,0.15985884380054222
False,,0.6322381099159051,,none,0.023900831204759623
False,,0.4420949607789787,,none,0.10103652556247873
False,,0.3643817217327494,,none,0.003622616862349711
False,,1.3875972220114894,,none,0.12209027897263011
False,,1.4920833876430808,,none,0.03523655384518801
False,,1.1449682079216519,,none,0.08394415338634247
False,,0.22698642804711083,,none,0.039627323300232595
False,,0.21998035163336188,,none,0.004954576643258788
False,,0.6603574420142704,,none,0.08039213205467578
False,,1.4179106827158954,,none,0.012613376825208807
False,,0.9392334631948625,,none,0.024848072308456745
False,,0.6929871298782431,,none,0.037469057614090855
False,,0.1781922488503721,,none,0.04078920008562495
False,,1.4165603280775587,,none,0.08260665582743555
False,,1.470589772468546,,none,0.0068241107074196285
False,,0.4322691723672228,,none,0.10903806729618733
False,,0.6185290260599511,,none,0.03426947230984643
False,,0.8642511054171396,,none,0.027452310577324782
False,,0.19639093199294644,,none,0.06505011341727508
False,,0.919892712267851,,none,0.0007906158405446519
False,,0.1549761200535164,,none,0.0013899626676681265
False,,1.111748720489589,,none,0.01796075575164796
False,,0.2531171994253703,,none,0.0626272224143626
False,,0.9294071458752646,,none,0.014725220377107929
False,,1.0248460611104129,,none,0.014647869808344616
False,,0.3642984364126588,,none,0.10821191052778781
False,,1.1929469689245937,,none,0.10398518138216484
False,,0.533950607761846,,none,0.06548070666248972
False,,0.9731202953941219,,none,0.05025409544583532
False,,1.011026456136923,,none,0.024784120350943767
False,,1.3869608461823577,,none,0.11744720658908386
False,,0.09006798449330267,,none,0.0013075520342766564
False,,1.4289274667335383,,none,0.05424715595728152
False,,0.675909486815406,,none,0.05978490153539405
False,,0.49024489976556307,,none,0.12898772870771857
False,,0.1877751831591234,,none,0.036230988569717085
False,,1.2926908969908784,,none,0.01691139260911419
False,,0.2570330884521001,,none,0.05962261010316586
False,,1.2441895798021676,,none,0.0025855918846093584
False,,0.7628430794594945,,none,0.006428427933048897
False,,0.809717091828209,,none,0.035504125544825293
False,,0.4357904727065474,,none,0.04126727453950036
False,,0.19003238431377034,,none,0.06280076024782485
False,,1.0374994779037834,,none,0.006998905629729379
False,,0.08629783115348769,,none,0.06234680212262218
False,,0.5874264728709027,,none,0.10066689850330178
False,,1.3033103707070477,,none,0.10298439077511384
False,,0.19488346869770218,,none,0.159084649136677
False,,0.9550228919532217,,none,0.020796824463077474
False,,0.6231454037105015,,none,0.07993713654324722
False,,0.355436641361098,,none,0.12199118032653218
False,,1.032768465628189,,none,0.07790216034200682
False,,0.6141167015622986,,none,0.06780663835540053
False,,0.43069377844819223,,none,0.010412173688542184
False,,0.1494050373716614,,none,0.03939701140014407
False,,1.0632873899805724,,none,0.09771142691200803
False,,0.7242920445453417,,none,0.08891966910337488
False,,1.1954702809583833,,none,0.06273359159436931
False,,0.6316810225953882,,none,0.0033906385103753406
False,,0.09567425618610535,,none,0.060208718990370606
False,,1.4416632720767086,,none,0.05952123270438258
False,,0.5560026518562814,,none,0.03487670297693241
False,,1.3781626791941755,,none,0.028081443677003614
False,,0.9775369696250042,,none,0.04795382239006462
False,,1.3375743279092396,,none,0.027985799779058323
False,,0.9511899587913557,,none,0.03345294595878436
False,,0.4668544790964863,,none,0.03634711038592782
False,,0.4958588905671536,,none,0.07986632022212181
False,,1.260857814270643,,none,0.12088636491384376
False,,0.2034612631489311,,none,0.1435921926170591
False,,0.6441613291376785,,none,0.03355801362799905
False,,1.099671614350531,,none,0.08859082655743039
False,,1.1935499401633283,,none,0.037420308661114406
False,,1.4908464999158757,,none,0.05447410405124427
False,,1.0346683588061871,,none,0.06811473632926228
False,,0.8801514215703019,,none,0.10261128044460219
False,,0.8296597678046237,,none,0.05964436313684108
False,,0.26669637611469643,,none,0.09088532971452004
False,,0.163298954901751,,none,0.01035453772537066
False,,1.425483325778607,,none,0.04173220494794634
False,,0.9767071295783746,,none,0.011951808324964503
False,,0.3121209453488555,,none,0.06759210087379704
False,,0.29289913774343657,,none,0.010517275461284862
False,,1.0370847550545823,,none,0.008849908780053152
False,,0.20257808866559435,,none,0.060071842701510704
False,,1.307375113847679,,none,0.11876476703762401
False,,0.9071850722532414,,none,0.021117011218180173
False,,1.0603164234958535,,none,0.028063702673033385
False,,0.47722328354549876,,none,0.014799627554496446
False,,1.260764687989942,,none,0.0655191086117038
False,,0.598619942826012,,none,0.0809792726640635
False,,0.9917143717945276,,none,0.0836770953482996
False,,0.9405293564083571,,none,0.019239077485722022
False,,0.3753913382863845,,none,0.014233401709800468
False,,0.6863065344173406,,none,0.07553072054480804
False,,0.3510371205370148,,none,0.04671422413618763
False,,0.6836463173244067,,none,0.09128828076081368
False,,0.6622495724887906,,none,0.006908721065237406
False,,0.6415481299153595,,none,0.054286850677035856
False,,1.3024850796223852,,none,0.0432318992971884
False,,1.2363209168410048,,none,0.08066770173712036
False,,1.0632152559642882,,none,0.0822200594421843
False,,0.13847356047813747,,none,0.006920941081366107
False,,1.1248711385408643,,none,0.05923777746236636
False,,1.2073856224894397,,none,0.025417003415933524
False,,0.47343204402170735,,none,0.0012416455094446752
False,,0.7453035908464445,,none,0.13135847829920325
False,,0.7973779966483273,,none,0.034516923080246516
False,,0.822199693148144,,none,0.06453828299820945
False,,0.43893441811815925,,none,0.017327658479040785
False,,1.3307103633312494,,none,0.11821653712117156
False,,0.22833868100056648,,none,0.08379414856257121
False,,0.7137198203650283,,none,0.11617958570607592
False,,1.044236397676772,,none,0.06350360742660006
False,,0.6384331883837517,,none,0.0977465032159613
False,,0.6547361016068612,,none,0.002860472156981695
False,,0.3705293577977206,,none,0.004205789012390887
False,,0.8921517146935577,,none,0.0017203516663901754
False,,1.4729050795670622,,none,0.06790142975702415
False,,1.4644377524837509,,none,0.09997403759672506
False,,0.3247531828971508,,none,0.11619946510686487
False,,1.336385613966083,,none,0.06337333276137674
False,,1.0424079475523564,,none,0.09188151006246917
False,,1.1359511336961057,,none,0.04560160298727042
False,,1.292374598418023,,none,0.06275246457657452
False,,0.40144375285159073,,none,0.08504107273000482
False,,1.492261731381839,,none,0.11546171676467801
False,,1.411507084517735,,none,0.0859683126983446
False,,0.8727028873060708,,none,0.08635526169811229
False,,0.2289669332632161,,none,0.032386103888271144
False,,0.5694119716381173,,none,0.031430231446831186
False,,1.2571105802748395,,none,0.049573072142674625
False,,0.2198148776861087,,none,0.01956575277669064
False,,1.136697125676263,,none,0.0030113891106134413
False,,1.4914001889886865,,none,0.025874371335448034
False,,1.3528570234923254,,none,0.09022620563238831
False,,0.41013339383845754,,none,0.009104852602795442
False,,0.5493457426992566,,none,0.05149740125037904
False,,0.1242572679365568,,none,0.04706417253997104
False,,1.0332502636502834,,none,0.07232945781466849
False,,0.21403142147601711,,none,0.22640289113159762
False,,0.6618321518163548,,none,0.0228844249482245
False,,1.0433594247834808,,none,0.0573798476682056
False,,0.6275878643179079,,none,0.054324664509085144
False,,0.368957159194156,,none,0.013915513990538779
False,,0.6650153112813587,,none,0.04660901133962117
False,,1.3619090162259,,none,0.002005922770284975
False,,0.5790674400083134,,none,0.161335344952716
False,,1.0524494550462022,,none,0.007333301301646333
False,,0.8064038435067452,,none,0.004177747837997434
False,,1.4628078453811306,,none,0.03455134590847958
False,,0.1353639654565586,,none,0.0010249072405758516
False,,0.8865231555688402,,none,0.0778963288960691
False,,0.42797731495830466,,none,0.026051708756557712
False,,0.7283634130639106,,none,0.05735323080977759
False,,1.3863810236925056,,none,0.05275301932853985
False,,0.057257880459572495,,none,0.11710340224548912
False,,0.5589406523078403,,none,0.09377905521584746
False,,0.3304750503118475,,none,0.01659031086229901
False,,0.53207799769032,,none,0.1392730293420039
False,,0.6232125581469133,,none,0.04943566345836229
False,,1.3734105277266129,,none,0.06516013654004234
False,,0.44971334866026663,,none,0.06755001595094659
False,,0.8531886903972756,,none,0.03302239966664262
False,,0.4287342239811869,,none,0.07406613998696406
False,,0.8077908281487595,,none,0.047474461256350686
False,,0.1899793268823261,,none,0.11502723330190814
False,,0.30208913335089466,,none,0.03691478781661415
False,,0.08036842131886866,,none,0.07039350225678678
False,,1.0445883257947086,,none,0.09548343832201833
False,,0.4137444359612571,,none,0.06178667701937994
False,,1.2644445326941214,,none,0.050087155983044925
False,,0.9436644070667531,,none,0.008782990020265178
False,,0.16166640061965543,,none,0.1127025083212206
False,,0.11442346042038493,,none,0.03714165059395124
False,,0.6175765497437293,,none,0.0641227064964509
False,,0.735494497674451,,none,0.010418144389141532
False,,0.2591751721526476,,none,0.03351545790731403
False,,0.22456909376290496,,none,0.18326545651625656
False,,1.3382137799629075,,none,0.02555480188950897
False,,1.475348024558986,,none,0.10335903238769444
False,,0.1164509860732308,,none,0.031844188078384676
False,,1.3734741394302052,,none,0.13318251994927643
False,,0.38228444732025924,,none,0.0026671157548372295
False,,0.8578138883322856,,none,0.12334825134039336
False,,1.1135374197736436,,none,0.01111277440342105
False,,1.2422897692786723,,none,0.038915377866547474
False,,0.4094678880410996,,none,0.009351520386789661
False,,1.253869352529476,,none,0.014588229502948443
False,,0.33407867244245043,,none,0.010140733134300108
False,,0.5811549341097506,,none,0.08995042460945178
False,,1.139076145172179,,none,0.019607780821202646
False,,0.466357967862175,,none,0.039717977760274074
False,,0.2749375930480752,,none,0.08319656829627162
False,,0.26271369350860097,,none,0.1617356249936185
False,,0.6574109709702145,,none,0.060255224662155944
False,,0.5815605772606449,,none,0.0028742626064660877
False,,1.47009087944086,,none,0.038306551789042166
False,,0.745277876046938,,none,0.05689984451300934
False,,0.18739262661865175,,none,0.027359930865259938
False,,0.25167024683841926,,none,0.09865294559198028
False,,0.2516047932732347,,none,0.0854417400302002
False,,0.359131131408562,,none,0.030949959033035556
False,,1.2935852971140673,,none,0.012843368628132741
False,,1.0206977390652114,,none,0.08288642346206743
False,,1.226866992660362,,none,0.06944986969345443
False,,0.31563029212218574,,none,0.0032484989808850566
False,,0.5876539641252225,,none,0.12064924674432836
False,,1.1210334461099805,,none,0.17026822811789422
False,,1.1402600726507794,,none,0.03466334759029266
False,,0.5335244712246925,,none,0.08272799847442745
False,,0.7264828028057407,,none,0.016733258125498432
False,,1.440070107049723,,none,0.06906349307924883
False,,0.6388143698648353,,none,0.008488169839907375
False,,0.6356799670193615,,none,0.14251364470364108
False,,0.7305032687002757,,none,0.007042257702653792
False,,1.4534121381444967,,none,0.09451556502638739
False,,0.8951082424481204,,none,0.0011540325313287051
False,,1.4476326522058702,,none,0.013769270167671882
False,,1.160502142646774,,none,0.029936103245164464
False,,0.8037523392041922,,none,0.10494410279465827
False,,0.3241407500049152,,none,0.06153111577175548
False,,1.0003840037735348,,none,0.043567985859959225
False,,0.4615431058829563,,none,0.07361368461284246
False,,1.096721528115639,,none,0.09722527453939833
False,,1.3340129531327871,,none,0.0448661787974127
False,,0.6823866556532399,,none,0.007851407247538172
False,,1.0742499978719622,,none,0.11561899863869522
False,,0.9797893626055407,,none,0.12652207181913416
False,,1.0080425370388604,,none,0.1414361470906262
False,,0.4336292544719561,,none,0.09613473082506353
False,,0.5962070914625421,,none,0.0746696407142304
False,,0.4463185022328666,,none,0.012257443441799796
False,,1.2323387954103717,,none,0.03388344166387449
False,,0.8312683905225138,,none,0.08099807388376186
False,,0.7438958925895471,,none,0.016235019303789944
False,,0.6776582918420178,,none,0.010879350657056705
False,,0.4688515717554642,,none,0.13317181126171876
False,,0.35316517044062506,,none,0.11852078011890745
False,,0.5545787836869126,,none,0.09021428837777874
False,,0.5290249387790175,,none,0.10498172844093281
False,,1.0550569112520694,,none,0.01160823153062793
False,,1.288341413547245,,none,0.07145321919639487
False,,0.31338552170417056,,none,0.048692689334909584
False,,0.24116067428253085,,none,0.06144804617132538
False,,0.8521723175540851,,none,0.032622499575883944
False,,1.3422391169510415,,none,0.06258726291265419
False,,0.09745541376673772,,none,0.1457180619515157
False,,1.0310147922889952,,none,0.03714250245270029
False,,1.4434925018793996,,none,0.0981693578498664
False,,0.7233469083402214,,none,0.08636591585482958
False,,0.5822546271948792,,none,0.07842929650694916
False,,0.2537851685116115,,none,0.10997017512625645
False,,1.482283855552731,,none,0.013679571888037914
False,,0.3303328940790237,,none,0.04472560735923717
False,,0.09827788548926553,,none,0.00817170771753581
False,,0.4882840730417648,,none,0.05265941259879403
False,,1.283150533273525,,none,0.009670702729938098
False,,0.6929597714508161,,none,0.06290216716705892
False,,1.361234554075113,,none,0.018963382760165133
False,,1.1228488683366928,,none,0.01616282992095559
False,,0.36326882970331636,,none,0.10916487485069507
False,,0.17568134423870008,,none,0.046910513595885626
False,,1.1787033122901651,,none,0.06477694390701441
False,,1.4235492324995354,,none,0.12384032704112496
False,,0.5179486427387716,,none,0.19148309182379813
False,,1.0978884729451641,,none,0.08434081637948061
False,,0.8898463744194559,,none,0.09818892792549282
False,,1.1214933508898954,,none,0.029810862053315974
False,,0.27740535688573853,,none,0.06424609809869261
False,,1.2996953378100338,,none,0.04204288130505019
False,,0.4757567464261423,,none,0.04256521932811785
False,,0.2575125353774571,,none,0.009015229900619969
False,,0.8360539942338417,,none,0.2107893709433123
False,,0.05681044433378543,,none,0.0016978165969187319
False,,0.5397045171933669,,none,0.037029233295718
False,,0.9825577462795368,,none,0.14108346666239197
False,,0.8351680382105704,,none,0.09143068602724982
False,,1.1321525866626412,,none,0.06637782121633212
False,,1.218624505894339,,none,0.06421290367217143
False,,0.2346653292077272,,none,0.034085721310900985
False,,0.5994769787992944,,none,0.051219282719231714
False,,0.13296797951465572,,none,0.06331621808542899
False,,0.2736547572964685,,none,0.0921064791112662
False,,0.14989090409014122,,none,0.09317043919497624
False,,0.8904218789579016,,none,0.0448207071204116
False,,0.2464195845413743,,none,0.09217299720926937
False,,0.622406517008901,,none,0.07418499036391486
False,,0.5277953496190645,,none,0.04884872314796559
False,,0.626700867050534,,none,0.02634494751547861
False,,0.8732100800468265,,none,0.07496925178626293
False,,0.7619453966990077,,none,0.04833877044231925
False,,0.5430391042697722,,none,0.031312175259593296
False,,0.3151695793583153,,none,0.052328439685907294
False,,1.4058632797910484,,none,0.06358543415531441
False,,1.2174825885080376,,none,0.06389752051115115
False,,0.21566354227196283,,none,0.04962523964327574
False,,0.8286516411382642,,none,0.04203546982556906
False,,0.34205924075891614,,none,0.01886520185286606
False,,0.7089085042025689,,none,0.11589505915728018
False,,0.3754048407015667,,none,0.03222236934810286
False,,0.6179679828085266,,none,0.08638636397295009
False,,0.8971732684287693,,none,0.08288645604256219
False,,1.442357050887782,,none,0.14453625985227883
False,,0.22085653648912923,,none,0.14910935082753787
False,,0.5092865378468229,,none,0.1373959853296518
False,,1.382531083941571,,none,0.06857312322451171
False,,0.6112281161585054,,none,0.03813782427423948
False,,0.7659927225858778,,none,0.0869170756508924
False,,1.399196579963943,,none,0.02030283559966328
False,,0.22741359264976668,,none,0.07768088091985113
False,,0.3844747389628166,,none,0.07284622616269511
False,,1.4017120174786357,,none,0.010055210437595111
False,,1.3918706173338369,,none,0.01632089615600165
False,,0.11775296901669646,,none,0.011048335438578529
False,,0.8040119902854902,,none,0.06412858506050047
False,,1.2149870060880064,,none,0.15931992083511512
False,,0.32043977528145023,,none,0.003977263816536724
False,,0.9699563957731137,,none,0.11411526603192723
False,,1.0826384517186634,,none,0.12864073139740625
False,,1.4148822974770823,,none,0.12056784446294055
False,,0.828501595173005,,none,0.004916276402073294
False,,0.8163276630092653,,none,0.02675641710975587
False,,0.18537483830791912,,none,0.02238741229926357
False,,0.42837207229629515,,none,0.01902247800130136
False,,1.2842654564362606,,none,0.022210916007010147
False,,0.32568044206754954,,none,0.07253919912178186
False,,0.36968822567256004,,none,0.058158605312989886
False,,0.7286354361391539,,none,0.10552617102269808
False,,1.209287132465667,,none,0.043919710351103765
False,,0.20212211710707578,,none,0.04333344618609814
False,,0.9798457695117703,,none,0.09047744007302018
False,,1.2667812909963232,,none,0.1500894524062471
False,,1.3439868604148637,,none,0.033935377434563437
False,,0.6643455966446072,,none,0.04207519126709791
False,,0.5961885463362864,,none,0.09302855949312527
False,,0.05079218670974323,,none,0.09884977459567192
False,,1.0284994218292656,,none,0.07921564709724206
False,,1.4737528571847964,,none,0.09807003716556599
False,,0.42360627374698934,,none,0.035599674166960464
False,,0.4721136772580805,,none,0.0814595542698071
False,,1.4134073545800272,,none,0.04951845531749719
False,,0.25399454812025996,,none,0.016194281338296333
False,,1.489016937179151,,none,0.0264567088485902
False,,1.2201959351708465,,none,0.12702797677308647
False,,0.566675690785536,,none,0.06439765880637544
False,,1.3628282377357523,,none,0.05606856483627457
False,,0.8635950124306915,,none,0.052373052346506216
False,,0.2531652792765014,,none,0.11143393803453167
False,,1.2625192190661714,,none,0.13611452996577958
False,,1.2392999728462544,,none,0.018361410128054863
False,,1.419729408469536,,none,0.030430933118456
False,,1.0473160733536522,,none,0.05858645688312476
False,,1.1917477647055936,,none,0.029923122744757318
False,,0.9944731653072711,,none,0.03587206764048658
False,,0.12682915389328783,,none,0.038225693518260544
False,,1.0228594700958402,,none,0.039426091658475625
False,,0.7826369294629645,,none,0.07899561240851846
False,,0.16396935703676224,,none,0.027479167029735723
False,,0.762707564058356,,none,0.14998445531884716
False,,0.7259962424049108,,none,0.05312360526144178
False,,0.6799429017160693,,none,0.024177832327727196
False,,0.2408451298507603,,none,0.0062923114436218685
False,,0.42217526480459433,,none,0.030913511063941874
False,,0.4197307281347547,,none,0.07224751189307246
False,,0.3827672810625056,,none,0.04016434362075815
False,,0.7838924400624866,,none,0.11754708576040221
False,,0.9170503693597735,,none,0.05972680691826105
False,,0.13168278479576168,,none,0.009355464314576813
False,,1.2868427459634266,,none,0.0007774404249108757
False,,0.512773974310336,,none,0.037342368978712875
False,,0.059658701727127755,,none,0.006350742670763486
False,,0.8257947791301355,,none,0.003032418173081732
False,,0.8097893495418234,,none,0.11601169170701253
False,,0.7940962983523399,,none,0.07692687230431874
False,,1.2311701993414792,,none,0.01943661014522343
False,,0.9828834979643524,,none,0.04018938052940492
False,,0.183503399008571,,none,0.019830738351752985
False,,0.1953947370964571,,none,0.011580136037158788
False,,1.064573638727189,,none,0.0052966857521710336
False,,1.1701841129969812,,none,0.06542008093235345
False,,1.0801914542207898,,none,0.1192421419891275
False,,1.421778735402416,,none,0.03524391216610812
False,,0.48991143077228705,,none,0.039626009744137464
False,,1.1635767577825642,,none,0.002691032333916741
False,,0.5014311505132232,,none,0.16864713325227934
False,,0.5776300310089048,,none,0.019257694664517145
False,,1.037789979580898,,none,0.1418487433517678
False,,1.1452642578522314,,none,0.14885269347469024
False,,0.1546515724976923,,none,0.05213611797010076
False,,0.12171529777699473,,none,0.01121448243343163
False,,0.3037139402782033,,none,0.15293642382974076
False,,1.183920359661635,,none,0.0013714198373590038
False,,0.7397007043362596,,none,0.034353517286456046
False,,1.1936838909493994,,none,0.0014631892418201157
False,,0.26053719873360087,,none,0.0773571419782059
False,,0.8328721938522232,,none,0.09410314366626217
False,,1.0670394751796677,,none,0.05939649835535488
False,,0.7553355567419966,,none,0.011222631794763462
False,,0.29446700434658457,,none,0.11412224545053484
False,,1.2304287266486371,,none,0.06085721851107199
False,,0.8444226561597332,,none,0.0768737510548585
False,,0.778564272479778,,none,0.09020491518177345
False,,1.302860591495324,,none,0.06517107052301656
False,,1.0464342995697675,,none,0.11631829336478637
False,,0.32753586266658935,,none,0.054489857499923536
False,,0.7678811341432261,,none,0.036019182685878684
False,,0.8411131995783917,,none,0.043073033662468195
False,,0.6096897993805801,,none,0.024573528198591706
False,,0.3193147514035217,,none,0.0010384451103311323
False,,0.8787307652070592,,none,0.03828238207552209
False,,1.0666628637965023,,none,0.04042100865089286
False,,0.5722451709356854,,none,0.11562046435851815
False,,0.14420203861467906,,none,0.0031312270098984283
False,,0.35290841520360566,,none,0.08705276070144263
False,,1.1789179414075939,,none,0.0021766049880936923
False,,0.8351000448707975,,none,0.15235226007174976
False,,1.1835058186445828,,none,0.02206084067427213
False,,1.2881245970591233,,none,0.010000161865001503
False,,1.3835547280861136,,none,0.054279655068749336
False,,1.0498880745341457,,none,0.11555360203246912
False,,1.4115277097529417,,none,0.04885374204133337
False,,1.3930356328003737,,none,0.026514212762243677
False,,1.301065056020006,,none,0.09804631292454626
False,,1.2848973558109273,,none,0.04076633105695652
False,,0.190883728829,,none,0.03519900580398491
False,,0.461267423844689,,none,0.029412702236068296
False,,1.1633805297225446,,none,0.11401420331208627
False,,0.21432700192208498,,none,0.06473786657279851
False,,0.4275952582631896,,none,0.07911054258446361
False,,1.4586242245923515,,none,0.016530022963984703
False,,0.3408558494146547,,none,0.039271755314191165
False,,0.4783752547118997,,none,0.038095881755978375
False,,0.4743773641950435,,none,0.08702997695779877
False,,0.5111132598062347,,none,0.0013950369181856374
False,,1.1336169570546986,,none,0.1021225748236636
False,,0.25803375527154604,,none,0.08506775068652783
False,,1.0320922986316108,,none,0.04407748298153734
False,,0.16705926939795768,,none,0.06816702789772378
False,,0.9073480627717084,,none,0.036023331097449325
False,,0.8366280154788033,,none,0.004414653546815604
False,,0.17277450866978872,,none,0.033517636396533365
False,,1.0405766109230967,,none,0.18025296059044854
False,,1.229419655663233,,none,0.011115329236896896
False,,0.3252880674059089,,none,0.06703401525693907
False,,0.8768861924075461,,none,0.03987027245925007
False,,0.4910360771738701,,none,0.004050666240501172
False,,1.0448814369879098,,none,0.08573101968508305
False,,0.7821760417934213,,none,0.0021845004348195326
False,,0.5138785605152382,,none,0.1248992958634092
False,,0.44820752406394265,,none,0.10717845799940791
False,,1.4616529633592827,,none,0.14619630953876614
False,,1.0196225731756392,,none,0.021199290027169058
False,,0.4998967930342497,,none,0.00926347747489118
False,,1.406835715862722,,none,0.11417847637905308
False,,1.0488891433932994,,none,0.00037935540667831093
False,,0.37766635116552294,,none,0.12885227990950893
False,,1.1891497231334551,,none,0.023119916355542457
False,,1.1893915110087308,,none,0.07894019149341164
False,,1.2032940276736261,,none,0.0909067028946363
False,,0.06871461597900604,,none,0.020352343952613927
False,,0.8409572382761668,,none,0.09834482849552847
False,,1.3933303876676553,,none,0.11807698903766445
False,,0.6523652786881852,,none,0.026817021556044075
False,,0.0987796764785929,,none,0.03596670194545562
False,,1.3970185671504993,,none,0.09099746112760637
False,,0.649165170001342,,none,0.154297589843247
False,,0.4490521835828682,,none,0.050206607660115754
False,,0.38238007413979574,,none,0.047874381794869844
False,,0.5064903127021958,,none,0.08452730245083526
False,,0.5158552121169677,,none,0.0995519595846659
False,,0.6343559850767233,,none,0.013144514630732398
False,,0.3082779317844215,,none,0.03218806079800092
False,,0.8106026147384597,,none,0.0756254545653298
False,,0.3531940909773583,,none,0.05779700616235924
False,,0.6970924189591258,,none,0.1174040252873416
False,,0.4820325834627895,,none,0.07936216571963568
False,,0.6791964784952181,,none,0.08744507757820565
False,,0.33430000377374575,,none,0.001700845262496284
False,,0.8757669860041387,,none,0.0069553416943771585
False,,1.4817320474944575,,none,0.08386346439590095
False,,0.43727993725676745,,none,0.07232321135860921
False,,0.2786790439034824,,none,0.019929158406705016
False,,0.5943964786235681,,none,0.06398166589284017
False,,0.5952428663678306,,none,0.10919134173775691
False,,0.7060024658415058,,none,0.03362616575250113
False,,0.0947021098449123,,none,0.15436091296800247
False,,1.1176903698412222,,none,0.034561633928032263
False,,1.4291468116952621,,none,0.017478002462834107
False,,0.06958159393209072,,none,0.02401508120502395
False,,0.5211574916991553,,none,0.06798760922108125
False,,1.1856354467096306,,none,0.0058176556461428655
False,,1.1552513365901667,,none,0.17281894680738047
False,,1.2033707245588607,,none,0.00705402295576604
False,,1.3224223344158463,,none,0.06538431953293507
False,,0.3088218257395566,,none,0.08233523457939262
False,,0.22586929778631626,,none,0.09830843932825883
False,,0.2845340786596766,,none,0.00335053352800238
False,,0.5320918888276992,,none,0.07878310700150595
False,,1.1643711790151452,,none,0.07359641251400265
False,,1.3774431890680996,,none,0.1124478652909888
False,,1.3127832682855263,,none,0.03740147783902539
False,,0.5117800598528354,,none,0.10083835234862472
False,,0.7594787589842763,,none,0.14973609591273027
False,,0.9698811401577885,,none,0.06719679321824958
False,,0.11056291621088926,,none,0.026695061818281376
False,,0.2152577377656965,,none,0.07164576743321521
False,,0.12619252568884937,,none,0.0701241712232812
False,,0.43206364287477145,,none,0.13763426479858282
False,,1.4195812592923895,,none,0.05916228017130767
False,,0.49213319190408783,,none,0.03548497075254413
False,,1.0418864013943767,,none,0.003779373430914366
False,,0.545657026358781,,none,0.03787582452803743
False,,0.765915760994943,,none,0.10468302343237283
False,,0.3104288280743594,,none,0.16618469068644084
False,,1.3296015878180216,,none,0.05413498208278738
False,,1.3413598094089378,,none,0.06779708990865976
False,,0.45068571091052945,,none,0.08709099613535805
False,,0.05730516210563846,,none,0.011299137844019539
False,,1.4426366669373598,,none,0.06279895393012133
False,,0.4762178130318591,,none,0.02342906108072608
False,,1.4236787487532907,,none,0.04867982680359521
False,,0.22978371022099525,,none,0.07176644455590452
False,,0.3749835287801484,,none,0.0060257245469616345
False,,1.4279600260964231,,none,0.03479408952564829
False,,0.27408153623532006,,none,0.0808590841590362
False,,0.20895842727690372,,none,0.023841360417929166
False,,0.8140804698988628,,none,0.11245557671839121
False,,0.25813539395358,,none,0.0840876034387993
False,,0.5667443786120812,,none,0.03050659659094831
False,,0.7350091967165018,,none,0.13431017487085004
False,,0.6460919061760557,,none,0.0012948588266481116
False,,1.1245434098222127,,none,0.12728231923611727
False,,0.4115551515871752,,none,0.0729361211212877
False,,0.3685871135019143,,none,0.005118454271665694
False,,0.19753096772309353,,none,0.11135214968001124
False,,0.36952433893887965,,none,0.002259577221220778
False,,1.118165567958256,,none,0.015534996066349829
False,,0.12995705533840857,,none,0.05203090580249966
False,,1.3823711097476106,,none,0.01195044611055143
False,,1.4546803111257671,,none,0.03333758452404713
False,,0.9812629564755392,,none,0.04448901758026191
False,,0.6747730144792083,,none,0.01123278050913857
False,,0.5381121588965097,,none,0.11360686836854325
False,,0.8810339461849847,,none,0.10012813636853418
False,,0.7729566422498686,,none,0.03750786539607363
False,,0.14932532696466638,,none,0.02436041082169325
False,,0.6597934237844487,,none,0.022130565484518076
False,,0.17538224129307434,,none,0.05827108847706396
False,,0.16849520842406912,,none,0.01038968251600001
False,,0.24820882837107955,,none,0.04917615318375247
False,,1.3966475804285465,,none,0.13209865278012223
False,,1.295975984374114,,none,0.019598812292680186
False,,1.1651171498651274,,none,0.10834128656424084
False,,1.047664339590225,,none,0.08128339991056528
False,,0.9007796668233576,,none,0.05466155198266712
False,,1.110657940942617,,none,0.08486126012217192
False,,1.2256488412146902,,none,0.056516981497118444
False,,0.5569447314372826,,none,0.006675839761726163
False,,0.4129626803630495,,none,0.02079261642003588
False,,0.1619727065757678,,none,0.04884836892803504
False,,1.4851132064861845,,none,0.1419820986974113
False,,1.4404010255927866,,none,0.0013431182181955692
False,,1.2739291371891228,,none,0.023040912505929663
False,,1.332251355542549,,none,0.12506899775704222
False,,0.9921501064138784,,none,0.05418543694878925
False,,0.7016073059569033,,none,0.049649198550776215
False,,0.20790063718098156,,none,0.03698527969548214
False,,1.0692509282640654,,none,0.06491041286910768
False,,0.4007442724304178,,none,0.017232432152429387
False,,0.6862040024413598,,none,0.10704111224698117
False,,0.44634426616247924,,none,0.06392681842356979
False,,1.3134342116307942,,none,0.08492411078330649
False,,0.7732571682751015,,none,0.017836025282521633
False,,0.7694398316421409,,none,0.10782643000468976
False,,1.0651032300940657,,none,0.14970203243169974
False,,0.9831502271843573,,none,0.014819847294813272
False,,0.9077709205501554,,none,0.040033291885505834
False,,0.16494853222735018,,none,0.004985768944517968
False,,1.3701653255582287,,none,0.04530331648920195
False,,0.47404913644623337,,none,0.03964885122762961
False,,0.25369284296773004,,none,0.15259641256265258
False,,0.6800859349167909,,none,0.06904860443611728
False,,0.6538488771065512,,none,0.03168731312552191
False,,0.3452382698333162,,none,0.015542950267754697
False,,1.2362503544225414,,none,0.09012066481457624
False,,0.7424588874491812,,none,0.16777682615462738
False,,0.9612909787961871,,none,0.08079545875404588
False,,1.2702907353913657,,none,0.06933129188723244
False,,1.2504512114805901,,none,0.030065536362601016
False,,0.08453035174298448,,none,0.022379039043908193
False,,0.40600727577085344,,none,0.04546290745679895
False,,0.3133056343493487,,none,0.18666204182728902
False,,0.1320932239483536,,none,0.03407147724796883
False,,1.1729352748543138,,none,0.03203720323184709
False,,1.4696428695965966,,none,0.12979994627985783
False,,0.9351534312549047,,none,0.0805427454240366
False,,0.14184753843530878,,none,0.045502342649824244
False,,0.4983709745560206,,none,0.032082332909256786
False,,1.4247117260247433,,none,0.014599752403955809
False,,0.8627389501772494,,none,0.03966677214473977
False,,0.07041249379616668,,none,0.001170649654812842
False,,1.1884090056944785,,none,0.07505853339100325
False,,0.47682074394529456,,none,0.048378843650202515
False,,1.288638795575622,,none,0.027781228667258417
False,,0.696077516394104,,none,0.12312300172102242
False,,0.3497904758655052,,none,0.07165963008351327
False,,0.30032853009840077,,none,0.20658305383331801
False,,0.22077891838669605,,none,0.03806589486924481
False,,0.5720525349907866,,none,0.08835737484685711
False,,1.0795388241199642,,none,0.1188986170139034
False,,1.45801841785727,,none,0.025075076694532135
False,,1.4473074522845073,,none,0.12302292298596985
False,,0.16969076871034444,,none,0.12602688938533177
False,,0.4755194498163315,,none,0.062170308475116925
False,,0.5176713525234635,,none,0.07298169673182642
False,,1.3689542121330713,,none,0.03408477195632811
False,,0.6735687774508851,,none,0.03817685022207621
False,,0.08851909326378787,,none,0.051648645226036814
False,,1.3550155715756296,,none,0.039564865885375264
False,,0.3638600315535243,,none,0.002356205894004346
False,,1.082489486250353,,none,0.023075932974140023
False,,0.9220828850912776,,none,0.03518246008423261
False,,1.0172819463211535,,none,0.01444165520411463
False,,1.4754939060453864,,none,0.0744075689778075
False,,0.8429084198296234,,none,0.04403190251017153
False,,0.4839925353439259,,none,0.037975590675272904
False,,0.1373702144625668,,none,0.06985519651382123
False,,0.5785496657251914,,none,0.0031484292984231502
False,,0.0577252185668581,,none,0.01989642777747866
False,,1.072318390746624,,none,0.005989178702135961
False,,0.9030543038252408,,none,0.019233351977704004
False,,1.275774346169677,,none,0.031003087665477155
False,,0.43932416110214845,,none,0.05778550627135191
False,,0.18011735844648302,,none,0.03879960579675893
False,,1.107836742367481,,none,0.040107274840872544
False,,0.8794114407523563,,none,0.01841403407017271
False,,1.364536736834068,,none,0.040718561663949465
False,,0.5971225628498614,,none,0.06080418250693348
False,,1.0573622681879558,,none,0.1233904103240809
False,,0.35463813268285826,,none,0.04403493941023545
False,,1.075639173929691,,none,0.11361196474802306
False,,0.6812726905588024,,none,0.036337706205769885
False,,0.5629370179146812,,none,0.08882858972563863
False,,1.1498385045103658,,none,0.051813570910154025
False,,1.1646615349007656,,none,0.001233907602739482
False,,0.36315367378341906,,none,0.2458433753520436
False,,1.4321448675339856,,none,0.021028555586452117
False,,0.5980907252795776,,none,0.0575589796014978
False,,1.4118998805542136,,none,0.1698637068309951
False,,0.6562886258295149,,none,0.08238135336746828
False,,0.9795464543476814,,none,0.012991028149276218
False,,0.6371206526799873,,none,0.047428003163525766
False,,1.0744606443352842,,none,0.039949022384869734
False,,0.3869813801492193,,none,0.12871977004267937
False,,0.35808131989492076,,none,0.026191688868112926
False,,1.1541332923970717,,none,0.08025550492376547
False,,0.8838856034863884,,none,0.025990523871812627
False,,1.0513206615378883,,none,0.011016461381553861
False,,1.184400640857969,,none,0.01439808191550452
False,,0.8447433905514171,,none,0.14955085057830125
False,,1.3956066587864233,,none,0.03451369269696526
False,,0.577331213288993,,none,0.07315335499373748
False,,0.39876221433196585,,none,0.017073761233368893
False,,0.6589662319663823,,none,0.031025938507098977
False,,1.2460866576258014,,none,0.11185539574841043
False,,1.2751596646201997,,none,0.13102988977265786
False,,0.6261531249548776,,none,0.07028453726779965
False,,0.27452498710860673,,none,0.046423547099520186
False,,0.30545624190120024,,none,0.09274181332570916
False,,0.6235318945770787,,none,0.1229643909714481
False,,0.5118668637746947,,none,0.059676006155772246
False,,1.2370299302594683,,none,0.02462830470154544
False,,0.18145115993819821,,none,0.08394586206655436
False,,0.06849467364899826,,none,0.09625693527180643
False,,0.15966474924796603,,none,0.07460843317475079
False,,0.5750694133866671,,none,0.021321908160085026
False,,1.0630684965314827,,none,0.033093805567377794
False,,0.6369597969828305,,none,0.06302445438254106
False,,0.4160348846874242,,none,0.16619688294981222
False,,1.413433206889854,,none,0.06045081157055993
False,,0.8690684228157682,,none,0.06119623573531074
False,,0.8528369587020145,,none,0.044992747388255996
False,,1.2137677135218394,,none,0.01805176543231862
False,,0.44015996828873943,,none,0.05361059632150774
False,,1.136511472847889,,none,0.06514741051982427
False,,0.4710580097546005,,none,0.005065031142155573
False,,0.219095258535714,,none,0.05593769431725672
False,,0.06276151636364878,,none,0.06741912336751373
False,,0.8131116225283609,,none,0.019126815713114285
False,,0.8893097704926196,,none,0.06986628328864582
False,,0.470212527003271,,none,0.004643670843795598
False,,0.7771435610377193,,none,0.13252699619509534
False,,1.3149837145277963,,none,0.08269432359830228
False,,0.4727810421986358,,none,0.025793555871518544
False,,0.6234501797336627,,none,0.019986440650693556
False,,1.3708824149695367,,none,0.018548262640433962
False,,0.7422571688417094,,none,0.07244663967783996
False,,0.49703373008498786,,none,0.045445358634596575
False,,0.5641186462266573,,none,0.05998027458430542
False,,0.8256882959357925,,none,0.08610050276430957
False,,0.15551024511587308,,none,0.021758451448025917
False,,1.2628564954135175,,none,0.0544699949398318
False,,0.3874578811180125,,none,0.11753762596472801
False,,1.40195017757416,,none,0.0742459932729002
False,,0.23283600516646347,,none,0.07948765393439876
False,,1.3989182604221906,,none,0.03640660662621548
False,,0.7574435108780935,,none,0.019989837198688763
False,,1.2657812530156074,,none,0.02737091224795668
False,,0.1841834593167102,,none,0.07738376547004142
False,,0.7965440600385746,,none,0.07269265940308835
False,,0.7886135248246315,,none,0.03417836121314721
False,,0.3185107105236973,,none,0.0555614076496683
False,,0.3290730406448335,,none,0.020906348534441954
False,,1.2343436306202327,,none,0.013743080298931067
False,,1.4741496050639546,,none,0.0953333268601062
False,,0.6794472416321813,,none,0.14901899283758127
False,,0.28968384485422277,,none,0.11924515357815628
False,,1.49394616878826,,none,0.04535365241743142
False,,1.19943295352553,,none,0.038507284196792356
False,,0.6039218466819058,,none,0.11703990515633038
False,,0.06886180030918947,,none,0.17441765968921374
False,,0.48744093136619226,,none,0.10460469755082
False,,0.747870284252528,,none,0.1498277190844067
False,,0.6011285566000512,,none,0.11397751858306085
False,,0.7942704671458262,,none,0.021012189840835666
False,,1.214928330501682,,none,0.029107695081042988
False,,0.5349619913574645,,none,0.019750393921280893
False,,1.1621512382498578,,none,0.058660350787463296
False,,0.6652062621379699,,none,0.12757810913012546
False,,0.26139172013600537,,none,0.02452439661229028
False,,0.6789004452787649,,none,0.010955504309693264
False,,0.7631822404370339,,none,0.07210767379414827
False,,1.0664487038006527,,none,0.14698279835468372
False,,0.13375066742275235,,none,0.09969872307437713
False,,0.7347119665081118,,none,0.10509745472764799
False,,0.14903059594596216,,none,0.10465564429844644
False,,1.0208901730908102,,none,0.1195349648913121
False,,0.9426966169173159,,none,0.016409110549279328
False,,0.4668371810920246,,none,0.0003331670021060062
False,,0.6599704394392296,,none,0.005737934534385356
False,,0.07914640047687686,,none,0.012581486516686318
False,,1.474853651379531,,none,0.0723679821906656
False,,1.3895919608661391,,none,0.03406739085280974
False,,1.2454409045471093,,none,0.048236750592320646
False,,0.7886644896683419,,none,0.0031546003863539246
False,,0.25497317679099907,,none,0.04047749063285658
False,,1.3105073824717564,,none,0.1426855706860953
False,,0.838238210068267,,none,0.019296271817535078
False,,0.18887552051808576,,none,0.11064737778699678
False,,0.30287100381333143,,none,0.005248744189774186
False,,0.3409377431674941,,none,0.034943334559847605
False,,0.531253795819464,,none,0.10603266695018929
False,,0.8201929104675452,,none,0.057156661240095594
False,,1.112014872585372,,none,0.07612546931162027
False,,1.1142399565561167,,none,0.010981900046295762
False,,1.242265983510758,,none,0.0990472445197176
False,,1.1733602593816506,,none,0.0302006389309419
False,,0.5230381649554892,,none,0.12271175638562129
False,,1.1895863485338907,,none,0.02302206080925704
False,,1.240108841310847,,none,0.054659503168390876
False,,0.19495572396417332,,none,0.08599287615720451
False,,0.3122725904695357,,none,0.12916345136490182
False,,1.1273727326578151,,none,0.08479402525467229
False,,0.17741874378510508,,none,0.039177646450894874
False,,1.1035269673689385,,none,0.035224017866263946
False,,0.44709248472634044,,none,0.030539445577939653
False,,0.37469958074454124,,none,0.011186002673470844
False,,1.1885917339728216,,none,0.03466001292784618
False,,1.4820980929391756,,none,0.06566519112261085
False,,0.10612448151442481,,none,0.038788056759846444
False,,0.18962821700045251,,none,0.012720646093199745
False,,0.842024662506732,,none,0.1317135172216947
False,,0.22640243029033602,,none,0.08686671291927237
False,,0.1109015013704362,,none,0.02910225984964584
False,,0.47896635201202836,,none,0.07410056038376768
False,,1.053511177596603,,none,0.02539140291284878
False,,0.2828548329097667,,none,0.05174674434240545
False,,1.4390571141223403,,none,0.09082324414628139
False,,0.6649195670483881,,none,0.018006667088464386
False,,1.4652931162055174,,none,0.027591940909592272
False,,0.7696691231071894,,none,0.05092850125935544
False,,0.30067168427962254,,none,0.01646403051555517
False,,0.42163794862043713,,none,0.04436151944544441
False,,1.2518396584848273,,none,0.011089390489411982
False,,1.303535459429029,,none,0.10733000295960876
False,,0.36957935104885803,,none,0.06312906517503324
False,,0.1535560135598309,,none,0.07799669121716452
False,,0.9717291615642799,,none,0.11531514209107435
False,,1.2277138117106465,,none,0.03960520090903182
False,,1.1252403314897195,,none,0.06667798406156993
False,,0.42381168832788596,,none,0.06209695015731249
False,,1.315762416205708,,none,0.02853857259271712
False,,1.4067689036928432,,none,0.15335545893658928
False,,0.5735481317090969,,none,0.06289030932992683
False,,0.6698573434324785,,none,0.0185550971834401
False,,0.21759224907253555,,none,0.024974853533571893
False,,0.9788654752313638,,none,0.14906612535619118
False,,0.6303280455541739,,none,0.08238483522663138
False,,0.565577683196587,,none,0.02543666300218945
False,,1.3708513919091798,,none,0.029511135264276216
False,,0.8712261757595388,,none,0.023445312807417823
False,,0.6401403859000036,,none,0.11694159770440767
False,,1.3271804458563592,,none,0.11945030297400831
False,,0.6084699685970647,,none,0.034005521494435434
False,,0.07828521249002059,,none,0.059987300618195495
False,,0.19034882981602236,,none,0.08121026529893549
False,,0.7128236949369459,,none,0.04546801368390698
False,,0.5698303755276235,,none,0.03679290767770637
False,,0.6997896645476359,,none,0.057735916274430844
False,,0.5064939088015505,,none,0.017499030024633898
False,,0.8375410666436895,,none,0.05454964120563796
False,,0.2435593184685919,,none,0.09743737260242884
False,,1.0310852169631235,,none,0.10370987534342882
False,,0.5139510510898307,,none,0.015518498939990029
False,,0.3831358315916481,,none,0.045190280086170743
False,,0.7203841707010338,,none,0.008240178796488706
False,,0.4873557810859202,,none,0.13219014346084496
False,,0.796127120749461,,none,0.022354564987859194
False,,0.14959454752559237,,none,0.05381767171750206
False,,0.9163518447718236,,none,0.02902563151722547
False,,0.216048984370796,,none,0.15546536919623302
False,,1.0339698221567835,,none,0.00043151279115519447
False,,0.7061373747130967,,none,0.02996793857788221
False,,0.10048142183698822,,none,0.089483947747293
False,,1.3914524469565561,,none,0.09808021373879622
False,,0.13913321160331843,,none,0.0856300303371494
False,,0.7957953685454215,,none,0.185959359341217
False,,1.1778458494071973,,none,0.051416575711212636
False,,0.21920739014019514,,none,0.08059403839360159
False,,0.09585185898897755,,none,0.01931241797317239
False,,0.23761470682357178,,none,0.06841998304566727
False,,0.47517335185633497,,none,0.03983187710323365
False,,1.4704874492207782,,none,0.11167186058947697
False,,0.8871981500519129,,none,0.058923062761420286
False,,0.8799187386338292,,none,0.0955531944915067
False,,0.26529821278888605,,none,0.03421620827546498
False,,1.4279609689222081,,none,0.025400069411286634
False,,1.119979154961597,,none,0.06058452403558213
False,,1.2766939715377075,,none,0.022480473148238766
False,,0.6496280603630146,,none,0.11258610054291229
False,,0.3710917580125346,,none,0.12362296720173804
False,,0.8095585835230028,,none,0.03853366596687468
False,,0.6919704894370743,,none,0.17001911382702006
False,,0.12014263592990954,,none,0.11153562560513519
False,,0.20148124991165117,,none,0.030142445830300364
False,,1.314923260761433,,none,0.052890176132683334
False,,0.12607001911730123,,none,0.03327654480452814
False,,0.8953774236026137,,none,0.06183682851006969
False,,0.2788141055185039,,none,0.03499685363358628
False,,1.3622530291037314,,none,0.03420936879381136
False,,1.3427367386751472,,none,0.06992277288770925
False,,0.16400601299973536,,none,0.05449419697089826
False,,0.8801245513570848,,none,0.06633680473000325
False,,1.4281384714712202,,none,0.055185321715468444
False,,0.6060166581605502,,none,0.198665167352353
False,,0.1931193334615393,,none,0.0319853680625917
False,,0.7917985812721768,,none,0.07505044606256843
False,,0.6264365009478973,,none,0.10031182722655871
False,,0.15905275798038426,,none,0.07363986136273994
False,,1.1950073300690562,,none,0.0766145776450577
False,,1.388917343447673,,none,0.044605273577349835
False,,1.2253174337337231,,none,0.014777791322144442
False,,0.4988206356363757,,none,0.008688567003621282
False,,0.2660216460021566,,none,0.045211919368309934
False,,0.2990734674988561,,none,0.11264790106499406
False,,1.407812992590814,,none,0.011990463681631898
False,,0.053032938189157997,,none,0.028986422311892066
False,,0.22828175715445215,,none,0.13834414871609368
False,,0.6954691669238043,,none,0.14835508200734834
False,,0.4548223863762517,,none,0.06294740235940097
False,,1.3755562747912855,,none,0.03646735172856011
False,,0.295592091653441,,none,0.11716992224547668
False,,0.640137439987586,,none,0.10742318132212922
False,,0.24601639110318546,,none,0.057252782676107616
False,,0.11629858641418335,,none,0.055823115475748926
False,,0.8622487678120139,,none,0.0030689121762163623
False,,0.5194229897928573,,none,0.18928027512071094
False,,0.7816653125025753,,none,0.10749406414047345
False,,1.031156531252195,,none,0.012801147505207416
False,,0.9122946068414688,,none,0.04585139994915024
False,,0.2828109064429275,,none,0.011377730867157758
False,,1.263897577547433,,none,0.06863762933308519
False,,0.36300010515057984,,none,0.08968786240116676
False,,0.47315351834632924,,none,0.07721152373925608
False,,0.6340447498131271,,none,0.05251938416509074
False,,0.8460352310331387,,none,0.03720057139678748
False,,0.4914089719775719,,none,0.1243585636779392
False,,0.6338976089295819,,none,0.046294830145134885
False,,1.3043744708294773,,none,0.039021798036165234
False,,0.2208838732545335,,none,0.004477636499057313
False,,1.2232570589963399,,none,0.040696461881067576
False,,0.08613072637657496,,none,0.09576412993731903
False,,1.3736997501822255,,none,0.06401341379027052
False,,0.3616848931143602,,none,0.043588039021282686
False,,1.0508018834307837,,none,0.005902961529400893
False,,0.9790010376023934,,none,0.006721786036607671
False,,1.0029857064769863,,none,0.011080650820253635
False,,0.6350733621579985,,none,0.1513113056624606
False,,1.395138077609582,,none,0.1471163106400659
False,,1.0598517653404531,,none,0.06136883962571664
False,,0.8018320104511685,,none,0.04576063576956754
False,,0.47356989916385256,,none,0.07058710274899953
False,,0.9184354792108306,,none,0.07489870302633862
False,,1.3317882530539262,,none,0.008238568900217333
False,,0.2935619510362336,,none,0.0033020808974925805
False,,1.0700969014586816,,none,0.027921099886063935
False,,0.8121267805131954,,none,0.13852887969672212
False,,1.2536579901773566,,none,0.0052289194948676185
False,,0.7854311679839345,,none,0.04080837417576951
False,,1.4278673497284047,,none,0.00605952692673246
False,,0.5465139936706469,,none,0.12317609647274665
False,,1.1884572806623406,,none,0.07097472011859622
False,,0.44747734447805576,,none,0.0938134561287067
False,,0.8971332178595788,,none,0.011801673661891608
False,,0.865922277367875,,none,0.0930727238750592
False,,0.7559755887827284,,none,0.0013247421716192976
False,,1.3190750239241016,,none,0.05182028676806114
False,,0.6964516502516203,,none,0.007429248010150979
False,,0.32285042250666013,,none,0.014637812873346704
False,,1.0325086741058542,,none,0.002229202759286107
False,,0.8998230054286853,,none,0.004008355760653331
False,,0.2388060359099986,,none,0.10093542315624059
False,,1.00681418359449,,none,0.044852855163637746
False,,1.4244430242999893,,none,0.07472460727017283
False,,0.5941653874721636,,none,0.08191493828582341
False,,1.0343708607014246,,none,0.02950045403179782
False,,1.189003222058108,,none,0.01350740780212657
False,,1.041538221132945,,none,0.11401460904669845
False,,0.054555237295817405,,none,0.020621642519750953
False,,1.0174616339480465,,none,0.04402916473461942
False,,0.6124732092100964,,none,0.021488072926051777
False,,0.6133444947222124,,none,0.09992160830280358
False,,0.504892269022624,,none,0.01927600553142755
False,,0.1983486892330672,,none,0.06723021034848738
False,,0.6243318525319287,,none,0.10243263577064293
False,,0.22787987112259506,,none,0.0802563990910754
False,,1.089652781346867,,none,0.07189935950465377
False,,1.0824950319130866,,none,0.03162512042822355
False,,0.06736145723893291,,none,0.07790381723071682
False,,1.4801158385700672,,none,0.14317539016808903
False,,0.8760272993398048,,none,0.07430359849329256
False,,0.606579075118514,,none,0.19082644058673093
False,,1.227024417687958,,none,0.16440140093413852
False,,0.8229928980672848,,none,0.02295386784564041
False,,1.2140243750051356,,none,0.03535042186690913
False,,1.0248574912668191,,none,0.028966726270085303
False,,0.05444966339594776,,none,0.05979494974205407
False,,0.7766747734266347,,none,0.0329017705204103
False,,0.8857599442080353,,none,0.041468382223226685
False,,0.6600265063819264,,none,0.04205095398655913
False,,0.8441477582561,,none,0.1361386821144911
False,,0.35767001901931444,,none,0.0237332785315908
False,,0.3872597409920824,,none,0.02519119073366931
False,,0.769337481476363,,none,0.09668316084072154
False,,1.0318296497409878,,none,0.047245995027367926
False,,1.183402847647143,,none,0.02801902528187155
False,,0.5268931333733795,,none,0.032033191183327155
False,,0.8394145259234925,,none,0.0321203543487282
False,,0.7480990303806656,,none,0.010331270164673693
False,,0.8285203147921765,,none,0.028010098806256097
False,,0.8298339676689284,,none,0.008345941334431532
False,,0.23997916832321275,,none,0.0020011165436819357
False,,0.40137742597229514,,none,0.018262281689456303
False,,0.47205007111920394,,none,0.07121975091157164
False,,1.2536766112486453,,none,0.04000354636510576
False,,1.2217170749324486,,none,0.013309661751201336
False,,0.6006693980391551,,none,0.033326070242726546
False,,0.35274573797170866,,none,0.08014719846015367
False,,1.0240186788820098,,none,0.11232208787754094
False,,0.7676692802407756,,none,0.07650113856201446
False,,0.30151295528484073,,none,0.02924983786487205
False,,0.7871229935998955,,none,0.11575096980980333
False,,1.4512847243329414,,none,0.046171832978387645
False,,0.764601389444492,,none,0.03751170338446068
False,,0.8618612094486711,,none,0.037296226503629376
False,,0.6384898102648106,,none,0.022891901568687527
False,,0.3253619430477752,,none,0.07549888075764512
False,,0.6645278095403636,,none,0.03540904563391987
False,,0.31471494064062017,,none,0.1289932903074073
False,,0.2948070782273802,,none,0.005919571194794108
False,,1.1008525690284634,,none,0.09118356456382565
False,,0.5495587379259906,,none,0.15757914541899473
False,,0.8215318450771418,,none,0.1615966580852201
False,,0.48941167356882564,,none,0.02085292509216225
False,,1.4183189830671405,,none,0.028884148663460955
False,,0.9407561045654125,,none,0.02297799620460758
False,,0.3233360747523252,,none,0.030754557029310205
False,,1.437000793960899,,none,0.03732375635539101
False,,1.0207346837726685,,none,0.009508523568758732
False,,0.41279843882156847,,none,0.052731117330107546
False,,1.0914539324425108,,none,0.034627182892343955
False,,1.0519068175677455,,none,0.024347325303817537
False,,0.14046383683451746,,none,0.08366139065888765
False,,0.889612350449386,,none,0.016246080438033668
False,,1.48101299635122,,none,0.08821647573560303
False,,0.2375922542614075,,none,0.10766564321982863
False,,0.058686509542763624,,none,0.09927544223839826
False,,0.7709233639276337,,none,0.10458066577057903
False,,0.27186671641203236,,none,0.009262724801609688
False,,1.150736291586833,,none,0.00699410544826877
False,,1.2360216206059842,,none,0.0679901436276418
False,,1.3327016130791565,,none,0.038080739251343025
False,,0.5664845276162862,,none,0.11844118720896751
False,,0.11847443019231316,,none,0.03585223894441476
False,,1.2117104406699009,,none,0.0898433409833213
False,,0.8103283197983527,,none,0.10594144125549203
False,,1.092943243861564,,none,0.06489262307780895
False,,0.4931042172468803,,none,0.031730855540867124
False,,0.4779511564746487,,none,0.1155555927313704
False,,0.06363968099075347,,none,0.08706830300141258
False,,0.2553401167817021,,none,0.020900012805294573
False,,0.8400486104183034,,none,0.02197294561378386
False,,0.11969283758746213,,none,0.1142882877025335
False,,0.5625269752281159,,none,0.01459346847885802
False,,0.7138262078243274,,none,0.04425047001957992
False,,0.5541228793941724,,none,0.020530474918297136
False,,1.295139310402741,,none,0.06127773088264512
False,,0.5189868186600689,,none,0.04006214603575352
False,,1.3044808141229765,,none,0.025309201069552624
False,,1.0511841110370304,,none,0.13162071432644284
False,,0.34686104255151967,,none,0.016529392583433354
False,,1.176346032016839,,none,0.04066984289490382
False,,1.1481386165167955,,none,0.026897737390649205
False,,0.5797892586931005,,none,0.1273263274408583
False,,1.0827379562089987,,none,0.1073258083336747
False,,1.104838198702074,,none,0.010147205511510111
False,,0.3726422066383357,,none,0.014618194942936204
False,,0.22943155500022838,,none,0.04907946003865355
False,,0.21668208267860706,,none,0.10587071283610885
False,,1.2524020125817108,,none,0.057795748289068874
False,,0.5549343305360749,,none,0.01891768049929628
False,,0.3447787988129085,,none,0.07822962680743926
False,,0.9012853942610264,,none,0.04436742562610492
False,,1.3562969108480434,,none,0.016144957198771806
False,,0.38360758775087933,,none,0.028495820317500357
False,,1.2956916362087938,,none,0.056072641245060964
False,,0.5706109106581911,,none,0.06641998649445993
False,,0.7191955472763212,,none,0.0787716125187369
False,,1.065641695322726,,none,0.06868184582353766
False,,0.4007476484359383,,none,0.0826795739428005
False,,0.7605287867650924,,none,0.21036684346309528
False,,0.8678506529960793,,none,0.006698585220095799
False,,0.7533723576922636,,none,0.07634071753472506
False,,0.1735710962354306,,none,0.0720544091905092
False,,0.27018034399576807,,none,0.0044764450763815624
False,,1.2108991775962485,,none,0.04191976601264292
False,,1.104321034822367,,none,0.036118377305028294
False,,0.060624328907733845,,none,0.05446562096326825
False,,0.411221361403587,,none,0.027379638331145754
False,,0.3793790556604042,,none,0.012884475541659514
False,,0.0898827193006414,,none,0.116449960439513
False,,1.3089247166388438,,none,0.039729353508381623
False,,0.6685975754236251,,none,0.06954003890473605
False,,0.5644649509872116,,none,0.05735169406802107
False,,0.2297893093768964,,none,0.036240425591367094
False,,0.5894794392725349,,none,0.056604503709089156
False,,0.708626828430072,,none,0.0039034090649031697
False,,0.8768805597961208,,none,0.04215789416032503
False,,0.05332536541934645,,none,0.049952333264629445
False,,1.2595500637421193,,none,0.03097380110641359
False,,1.1890339722078793,,none,0.15505289742783585
False,,0.6946752507436623,,none,0.04334322894719936
False,,0.9526397616045431,,none,0.05012893814736361
False,,1.207735947858916,,none,0.028152910919806595
False,,0.9406739688088129,,none,0.12308836957792994
False,,0.5381516586169106,,none,0.01669299089191485
False,,0.4603546157085993,,none,0.06631383580312354
False,,1.2729036127151956,,none,0.05743270602098542
False,,0.2938322805828809,,none,0.031512207022926154
False,,0.9298238145215147,,none,0.0487053383925174
False,,0.6509268788856369,,none,0.07701231073893292
False,,1.1914009405270523,,none,0.012949448044257555
False,,0.4481789196635651,,none,0.0733867718034035
False,,0.22698432569812294,,none,0.09584987832503475
False,,0.8335537618303043,,none,0.0927990150815374
False,,1.330871642664183,,none,0.028140499322320954
False,,0.5774447993015864,,none,0.03086417081564114
False,,0.6614918206637694,,none,0.09796732346525563
False,,1.3270770067910165,,none,0.06883389507110359
False,,0.40825570196369476,,none,0.035840160717446244
False,,1.1640473768710202,,none,0.06745663774033024
False,,1.1261705784941622,,none,0.1044489100381549
False,,1.471233586877971,,none,0.17764034235491158
False,,0.36192195998374155,,none,0.09556713039660822
False,,1.0382021725541892,,none,0.005822759561037702
False,,0.18565069749211266,,none,0.059545646755119495
False,,0.6867671666710959,,none,0.16502552638524345
False,,0.38649538145253276,,none,0.13109337786492073
False,,1.4360216679820872,,none,0.005917964912534249
False,,0.6543562650039588,,none,0.07186620273684975
False,,0.7588331756871635,,none,0.11943920223344255
False,,0.7386294883580269,,none,0.13425014935151577
False,,0.1691188363184094,,none,0.061913206678796726
False,,0.4875032435039312,,none,0.05924063802126516
False,,0.5680773449532175,,none,0.039007844295471224
False,,0.25766264861628085,,none,0.0042415467482534285
False,,0.2774556752401009,,none,0.07198857928278536
False,,0.5461126743730306,,none,0.09126469279176246
False,,1.1609111350872083,,none,0.057097965362045214
False,,0.16049066737298934,,none,0.06600471897598818
False,,0.3324585191500178,,none,0.07294646049734307
False,,1.0825211523573508,,none,0.009484940016952055
False,,0.5550629781608203,,none,0.08900759870243763
False,,0.5532454099624203,,none,0.1155942074216645
False,,1.0715715211012835,,none,0.0649593205356014
False,,1.2163648326016172,,none,0.1215844754191221
False,,0.4894864205614657,,none,0.11489742956392844
False,,0.9460453021001443,,none,0.11649126603814015
False,,0.2947404822145901,,none,0.0010139417496018673
False,,0.29933770047418934,,none,0.05159010211321941
False,,1.1490804253637528,,none,0.00037018117323746417
False,,0.3423605854436788,,none,0.12021754096299223
False,,0.8859857363989898,,none,0.07101934273750188
False,,0.08817006628819582,,none,0.03995705012000755
False,,1.0205135968650207,,none,0.06798545355896055
False,,1.1158083563432248,,none,0.0289803802679228
False,,0.5777697843081836,,none,0.05430916590326744
False,,0.863789127910624,,none,0.056584523942196464
False,,1.2804968065839615,,none,0.025439662937584477
False,,0.10799581017571717,,none,0.09870877648218766
False,,1.396298694401743,,none,0.05529585066219797
False,,0.9096223214761908,,none,0.004549573097885952
False,,1.4854069489425108,,none,0.09927878494642241
False,,0.08390111751067295,,none,0.060697860086385655
False,,0.28043787010480753,,none,0.1457576893123555
False,,0.7103558107395,,none,0.07968437319667986
False,,1.0669253382305783,,none,0.013188819904148372
False,,1.492058350523257,,none,0.06504077091950762
False,,0.9407505425403769,,none,0.06286126976151822
False,,0.5744126197770013,,none,0.037587971851873125
False,,1.1107526062249535,,none,0.005792874608535409
False,,0.3244653275489286,,none,0.07214361956049001
False,,0.5869446392831282,,none,0.00691781225145746
False,,0.7840453944266922,,none,0.029118417535499482
False,,0.3598890749198534,,none,0.048445583954747844
False,,0.7104671840407973,,none,0.0648342598746036
False,,1.1222283815253482,,none,0.09851057757271214
False,,0.5524564521232833,,none,0.1092011585371137
False,,1.2502758972786276,,none,0.011927637610608253
False,,1.1681629098972108,,none,0.02167817543887827
False,,0.7819799690639698,,none,0.0021067436158769717
False,,0.344881332721384,,none,0.10141073203082378
False,,0.6665431474045503,,none,0.08175870310670998
False,,0.48264644440825044,,none,0.044148859792495866
False,,0.2399986828704727,,none,0.03807098879323321
False,,1.1885862116200012,,none,0.14998586924367635
False,,0.21529464895846218,,none,0.10302827432699335
False,,1.4078798269386332,,none,0.009900330312059086
False,,1.0989031521899306,,none,0.16538016338900327
False,,0.8976922104927102,,none,0.0733308818659651
False,,1.2030018864630587,,none,0.07245145379372625
False,,0.8700772079699276,,none,0.03941570019932789
False,,0.3239654246624421,,none,0.0034232185169963195
False,,1.4806935133923957,,none,0.14658454973473356
False,,0.3004770954100652,,none,0.02122514011991058
False,,0.2850975189527009,,none,0.2189896933208533
False,,0.3302742369771173,,none,0.030750126528160185
False,,0.4141081930491099,,none,0.03575459587173337
False,,0.31912761412027246,,none,0.03798256777819872
False,,0.5229547558290629,,none,0.023269390198155007
False,,1.00890544322328,,none,0.14902945437936965
False,,0.09575410062314875,,none,0.11858982329540352
False,,0.8665807073061854,,none,0.0109548695680313
False,,1.1028771818403174,,none,0.0037551900685983725
False,,0.2211465744579723,,none,0.007456791697159972
False,,0.5893447096118503,,none,0.0465159151420463
False,,0.981558094272674,,none,0.11392210843212822
False,,1.2383296090503348,,none,0.03630120508941287
False,,0.8420659575614646,,none,0.1087517222055237
False,,1.3752785078187673,,none,0.05936155216700515
False,,0.8028990950052688,,none,0.046256160679462775
False,,1.1038771595937815,,none,0.0024256755630062735
False,,0.5683129245917047,,none,0.04837345844894869
False,,1.231421428809605,,none,0.004772752622944852
False,,0.42058758512994066,,none,0.053926526062742654
False,,0.15767585774443793,,none,0.13102452493794228
False,,0.2602998586561602,,none,0.1390618240118515
False,,0.2564375590589189,,none,0.1989247626493296
False,,0.7418486772085818,,none,0.05768058250740451
False,,0.9854818741794085,,none,0.09301229973022215
False,,0.37001822970006387,,none,0.1759732555990051
False,,0.8563961926771304,,none,0.0742107126031655
False,,1.4534347267878593,,none,0.03101532172905977
False,,0.4212086830532574,,none,0.043597023381651986
False,,0.4644791432786346,,none,0.04439904615309673
False,,1.3048110311363081,,none,0.11770079490470306
False,,0.3886587763516798,,none,0.0524051449154989
False,,0.3440782082093576,,none,0.029551190064756813
False,,1.454613269973801,,none,0.21466407054644107
False,,1.1113219221757233,,none,0.013375001094038825
False,,1.2443946246555089,,none,0.052717708299588495
False,,1.2189814520554887,,none,0.011505897246674838
False,,1.2426469722414184,,none,0.042809940174962854
False,,0.39745350531252616,,none,0.009977438120914586
False,,0.4969151956493395,,none,0.0199354446914065
False,,1.052424751753466,,none,0.007183977137530396
False,,0.5048739263282755,,none,0.11136762865385019
False,,1.1280004616502781,,none,0.1267522935398274
False,,0.43135552904370084,,none,0.03207908283033967
False,,0.8505995560235844,,none,0.03418674606256374
False,,0.8231536027658837,,none,0.053209927150713106
False,,0.4609970483065203,,none,0.014453386840014388
False,,0.7847599680630374,,none,0.09985475160008096
False,,1.215125836186993,,none,0.057062485461939316
False,,0.4771804766923925,,none,0.11821828537951999
False,,0.30647406832282714,,none,0.05524847403260276
False,,1.478311307497239,,none,0.10126714568789658
False,,1.0605436282518812,,none,0.08988097674334054
False,,0.26484747380939283,,none,0.002402341625077921
False,,0.9709062726758811,,none,0.00468483605183325
False,,1.4919741065492826,,none,0.12598467620146922
False,,0.49244883578854187,,none,0.002513709731478808
False,,0.46797373404686887,,none,0.16003236554334196
False,,0.14488889070829902,,none,0.20438706873904808
False,,0.06692740151251651,,none,0.11206125303249465
False,,0.30603187008307003,,none,0.1516466762714247
False,,0.5667980984285829,,none,0.08669686036197025
False,,1.396899298364308,,none,0.011088068441280914
False,,0.698981797274158,,none,0.021579752741290547
False,,0.6945076122415245,,none,0.062301397215429107
False,,1.124500271826733,,none,0.003701232029485164
False,,0.784696302992506,,none,0.061904617513797534
False,,0.6598673449706681,,none,0.0340516905743044
False,,1.4175571713681996,,none,0.0009388315273220367
False,,0.35889675089072876,,none,0.03775905587800786
False,,0.0758226371385747,,none,0.013113363471999463
False,,1.196487775398596,,none,0.02255594083910894
False,,0.6723256768159345,,none,0.024737261794803175
False,,1.1312138598506265,,none,0.01896848440217617
False,,0.479608047379454,,none,0.03083464138821512
False,,1.4429349504908018,,none,0.0003032930568959284
False,,1.3108012533564155,,none,0.06118874948049742
False,,0.09639955351222204,,none,0.025247896453862464
False,,0.8723043980099664,,none,0.036615596949103955
False,,0.069842546549473,,none,0.10188803395696147
False,,0.3898091185515286,,none,0.05254450169671723
False,,0.22342275616197366,,none,0.08996772943525728
False,,0.6128069013180795,,none,0.04222151511900367
False,,0.861582200448418,,none,0.053847157633746506
False,,0.9155576310462361,,none,0.05451290408011252
False,,0.22983493119644505,,none,0.021254021227430864
False,,0.5174295926538595,,none,0.010104545607634286
False,,0.2592846986833716,,none,0.08263688573985836
False,,0.8085962161109762,,none,0.022395502022941608
False,,0.5817496930839238,,none,0.09511264560202806
False,,1.4020832695087326,,none,0.01563452372990574
False,,0.830009974333503,,none,0.13702568897613907
False,,1.1077456528968908,,none,0.13292383673318242
False,,0.9871473411730718,,none,0.007884973556354872
False,,1.2888416374968303,,none,0.005619166402426642
False,,0.07704381589962706,,none,0.025391614936333417
False,,0.7958477773539756,,none,0.047342235336511315
False,,1.1186830521542686,,none,0.02196457471203757
False,,0.9155015975359991,,none,0.05672464157075131
False,,0.4447413807940327,,none,0.08501417397854641
False,,0.747605448999059,,none,0.01755671478226666
False,,0.9993581539216971,,none,0.0747401004336329
False,,0.2536029302625517,,none,0.0007254776269020925
False,,0.08221849321899194,,none,0.06916915324558133
False,,0.5849877292257764,,none,0.0010927210725823406
False,,1.323993484902797,,none,0.029962989311887102
False,,0.19268123474995852,,none,0.11006420786731604
False,,0.15978457916768174,,none,0.10222420306318372
False,,0.792693620346736,,none,0.02016188504973841
False,,1.442906416750447,,none,0.07344805102193575
False,,0.4322465425213171,,none,0.05812242944419019
False,,1.0528700936966238,,none,0.014044626664534267
False,,1.2167299366262532,,none,0.04606164025100595
False,,1.0291486292126852,,none,0.08711420649975035
False,,0.7879248380467968,,none,0.07074697480881394
False,,0.18329071522886559,,none,0.01838947098133362
False,,0.1364949606580574,,none,0.1474950738433894
False,,1.351251844274213,,none,0.10119220606583372
False,,0.9056578784366364,,none,0.15348001159074193
False,,1.0399716974131124,,none,0.1531016174336795
False,,0.6629297021253122,,none,0.08541227951455285
False,,1.132253533157724,,none,0.0185315183189275
False,,0.18166220860114207,,none,0.07589889483020827
False,,0.5303687610054193,,none,0.013256594711894552
False,,0.977786014335049,,none,0.1063326037607417
False,,1.006847534690196,,none,0.06811098301727483
False,,1.0162195760899544,,none,0.013447818455138757
False,,1.115790934442753,,none,0.011488465552992747
False,,0.9485593847455087,,none,0.06957669092320055
False,,0.39043679419376853,,none,0.02583654830816066
False,,1.264191988365514,,none,0.15328263518263363
False,,1.0598720710039928,,none,0.02531694634541248
False,,0.546816294671841,,none,0.12530112526717993
False,,0.35597475706571535,,none,0.05820881656601622
False,,0.07842493146663482,,none,0.048584805837668034
False,,0.37113530911548237,,none,0.07037257596713112
False,,0.7246926551365258,,none,0.021047241150251805
False,,0.471490765621064,,none,0.03460344612123882
False,,0.11362944765195597,,none,0.0880092925958206
False,,0.2115626960905198,,none,0.12026593342941665
False,,0.6706473347347472,,none,0.14053774122925833
False,,1.210140794970232,,none,0.09103394323005115
False,,0.7161164278379664,,none,0.005619967667875591
False,,1.1882356416457749,,none,0.0165820746474188
False,,0.8604219876460898,,none,0.09690369048183628
False,,0.18560042172365226,,none,0.0886061463411368
False,,1.284510421511151,,none,0.13521646749385482
False,,1.0743737443160941,,none,0.09254883851083208
False,,1.4138542676083976,,none,0.04020319895544336
False,,0.8854030920723406,,none,0.03058171109019273
False,,0.15996238187794998,,none,0.14518815937300517
False,,1.4559252218863485,,none,0.011397841739359246
False,,1.0366382554123525,,none,0.037401312357518285
False,,0.4324328599816809,,none,0.0041230557243234186
False,,1.4593910243175394,,none,0.023726979741945684
False,,0.09445133963647974,,none,0.06452508886185515
False,,0.8459309915766138,,none,0.02662987402509476
False,,0.18479790982918542,,none,0.0400174151091301
False,,1.0903242385539977,,none,0.04174329150416623
False,,1.1473409790552371,,none,0.1443135614147549
False,,0.5312266848667394,,none,0.02615625644617431
False,,0.055862618933919306,,none,0.0920528013635447
False,,0.8589656256594583,,none,0.02819813352000714
False,,0.48887648795718197,,none,0.018806631136360545
False,,0.8546142100940259,,none,0.08433737426316812
False,,0.4681189140724628,,none,0.1766412985197296
False,,1.2464711574835643,,none,0.11125698856578996
False,,1.021402956970486,,none,0.04742110395867674
False,,0.7086557787352582,,none,0.0948679236477052
False,,1.4319111412953687,,none,0.00042461399717476963
False,,1.090133308750487,,none,0.0346372697712787
False,,0.26662748772832134,,none,0.021102024226008598
False,,0.6181047312917461,,none,0.02306141683366435
False,,0.9902178978928797,,none,0.11465766578600846
False,,1.1655749547041003,,none,0.018238725242241873
False,,0.6860868362351427,,none,0.014573014109275632
False,,0.5561151953348227,,none,0.13789126226604742
False,,1.2788840234262142,,none,0.13952048321267935
False,,1.1823492912939415,,none,0.009611539010906115
False,,0.4038978012821563,,none,0.0036921646324034265
False,,0.24150642335407163,,none,0.01926415113758769
False,,0.295854125306459,,none,0.19523629376983165
False,,1.050401268909946,,none,0.010332952613892976
False,,1.3368900816583627,,none,0.0686206630054266
False,,1.462218508000487,,none,0.16155781019237636
False,,0.06946090545063377,,none,0.052131171555886
False,,0.6142928949731786,,none,0.005319366324213685
False,,1.2448425713672884,,none,0.04740592255962904
False,,1.1450985848536699,,none,0.1326294855399367
False,,1.4323785830731064,,none,0.057819221129251315
False,,0.678832930919343,,none,0.020278693978928314
False,,0.7213420915606148,,none,0.036148428653873334
False,,0.9587715176751266,,none,0.021073390263577286
False,,1.1814706324031727,,none,0.013439450660270583
False,,1.1602192188949119,,none,0.15434668928081124
False,,0.6029324040473306,,none,0.026039580214867467
False,,1.2224259722864452,,none,0.16470093541768294
False,,0.8997454112221734,,none,0.08755961684501555
False,,0.6215028125867214,,none,0.06944628869967874
False,,0.8885029632670196,,none,0.13733531640681393
False,,0.7016138689525624,,none,0.03295328795788443
False,,0.1007222248227197,,none,0.0150270346798099
False,,0.3706517515880838,,none,0.01761558542991645
False,,1.1989311106308254,,none,0.023536525127162002
False,,0.9774032921139757,,none,0.09477110799019428
False,,0.9365248860061717,,none,0.041212456655853234
False,,1.1281459115560615,,none,0.02265769601261452
False,,0.5162480445368589,,none,0.02235342546356261
False,,0.6284925867119978,,none,0.10713242986175592
False,,1.0778630851122863,,none,0.005964356101748162
False,,1.3718839915418766,,none,0.06651948784438202
False,,0.624369892373248,,none,0.07054326277422103
False,,0.27015237498333244,,none,0.01728396493008255
False,,0.28802447337392595,,none,0.03501338551642092
False,,0.6437995422026213,,none,0.04429393478895854
False,,0.38855209461335266,,none,0.03984889884115042
False,,1.0307935880859749,,none,0.004955639903575157
False,,0.637435464048007,,none,0.04424569842492884
False,,0.12810546671729425,,none,0.0336279165988538
False,,1.4907973797866547,,none,0.03195923579523214
False,,0.8932514568830756,,none,0.0159746338014101
False,,0.9969548997431493,,none,0.051476633545600475
False,,0.9316706520375624,,none,0.018856767475379697
False,,0.7926226196980779,,none,0.042995137077046996
False,,1.021937124942337,,none,0.09433525971103333
False,,0.5646834338769813,,none,0.08465184875819176
False,,1.2484181363907905,,none,0.01699736574781473
False,,0.49499968534309186,,none,0.0799612926910632
False,,0.06100558920612589,,none,0.10222958126484515
False,,0.2448288635259236,,none,0.0997734652704364
False,,1.273054617705983,,none,0.015079298737566516
False,,1.4052762616532297,,none,0.08466319580427996
False,,1.1595434297785028,,none,0.11770751479064702
False,,1.3093749068688758,,none,0.06285459824618266
False,,0.3106286093666067,,none,0.029273768306367038
False,,1.146574778350125,,none,0.07730198411863222
False,,0.12211767930455479,,none,0.019114012935193377
False,,1.3211307172698998,,none,0.09614255186344177
False,,0.14518423133877753,,none,0.04256758076053295
False,,0.9743869199854901,,none,0.08425085950035857
False,,0.7311299612978137,,none,0.035323088687273706
False,,0.9514634887677897,,none,0.08783694809954559
False,,0.685408265873566,,none,0.06667419598749419
False,,1.10280538331419,,none,0.09337864874890418
False,,0.6672420930863922,,none,0.0787931913606532
False,,0.8004206370578083,,none,0.025261952683789165
False,,0.3633372832076694,,none,0.04325504556705953
False,,1.10377171135369,,none,0.021465849577073707
False,,0.41764624926777827,,none,0.024621053845358634
False,,0.9271410133576911,,none,0.10886949000565849
False,,0.6259125722815825,,none,0.005374200662392206
False,,0.10904779401121519,,none,0.01816351967331719
False,,1.0701268940981794,,none,0.08828658276488993
False,,1.0575326628637258,,none,0.009218434651350619
False,,0.5603279582074513,,none,0.0232894549547235
False,,0.21492717264415862,,none,0.05688274012768661
False,,1.4595938833229767,,none,0.17867333998067217
False,,1.0523698388695584,,none,0.1165225827671722
False,,1.1310833726008611,,none,0.004147933170731572
False,,1.195096410137379,,none,0.1415220600018062
False,,0.6820701458705932,,none,0.13316435641571203
False,,0.505907283156573,,none,0.18739510050683636
False,,1.33543017463645,,none,0.019564688102486242
False,,1.444633052868422,,none,0.06181602405387011
False,,0.47245879115752415,,none,0.034149466371238106
False,,0.13979653075761375,,none,0.03873326749075621
False,,0.5243077086190003,,none,0.07854053146824636
False,,1.0806260868251625,,none,0.09314629920294958
False,,1.3476550393019342,,none,0.026927417217741445
False,,1.0758326654270254,,none,0.11596573962786595
False,,0.5502450038219333,,none,0.0126556389471623
False,,1.2941342201888149,,none,0.017300714185834537
False,,0.5138195640852391,,none,0.006268921753656889
False,,1.4418533854509472,,none,0.03603302309986964
False,,0.38991651131823646,,none,0.04995428469863571
False,,0.8795264234440712,,none,0.01242544659364724
False,,0.605442275750143,,none,0.11512478308913705
False,,0.3771732318617507,,none,0.12558734620486023
False,,1.3638793542063865,,none,0.067608503115176
False,,1.242990529564912,,none,0.07452003556354732
False,,0.2434892477460464,,none,0.13777772904510704
False,,0.5005817585856354,,none,0.1493202360552648
False,,0.6934346355155993,,none,0.1312295130016039
False,,1.4734793947788805,,none,0.023104325555955853
False,,0.8819847026342579,,none,0.0952387892694608
False,,1.3193558552958538,,none,0.0003107379336291787
False,,0.4940313925484082,,none,0.019104110599701785
False,,0.5326530321021073,,none,0.12463880643275772
False,,0.6584570175550907,,none,0.012795270621370128
False,,1.2074782123929317,,none,0.12604520223692267
False,,0.7304039829335189,,none,0.0264146274616507
False,,0.689474536695347,,none,0.07715083084568562
False,,0.17195141818927268,,none,0.06191766472591907
False,,0.28956848826906384,,none,0.08277744077198944
False,,0.42061906987819425,,none,0.011130462702156837
False,,1.2908392169851086,,none,0.06574469664807876
False,,0.32720571178978214,,none,0.03569866898376347
False,,0.08369066249595775,,none,0.05370418208375709
False,,0.9928267305450589,,none,0.06268555056374023
False,,0.7315114725312821,,none,0.10135209866416964
False,,0.84592931228061,,none,0.13555219513362596
False,,1.1364194024849232,,none,0.07066292596156298
False,,0.5673463310423938,,none,0.04060306557154265
False,,1.0995253252378279,,none,0.04870307309214541
False,,1.0388923032777322,,none,0.027544908359788692
False,,0.7390853425886303,,none,0.043372507394570894
False,,0.1690390284955648,,none,0.048641201726964636
False,,0.2717020351485492,,none,0.0647136189793899
False,,0.935693515087745,,none,0.005383516107458961
False,,0.7350543578261782,,none,0.11884830159762821
False,,1.2876577157525584,,none,0.02322054823584216
False,,0.6990895236416194,,none,0.007198306627794517
False,,0.14655895631031782,,none,0.06509017809986122
False,,0.4628288515804848,,none,0.07111004323998793
False,,0.05512873989690887,,none,0.11902149757095366
False,,1.269303710155498,,none,0.09468706324722773
False,,0.41965219705592266,,none,0.03195243782726631
False,,0.6145340107449063,,none,0.05612521690476989
False,,1.4533828567794684,,none,0.004599458677635691
False,,0.4283507587243115,,none,0.04900494151324282
False,,0.06226091155651008,,none,0.04019065690323426
False,,1.386043603847765,,none,0.09511426230828461
False,,0.5090874620004533,,none,0.15099717362196402
False,,0.2125717662043255,,none,0.050089291140429974
False,,0.39655652383292916,,none,0.0028290712855713225
False,,0.911969761393489,,none,0.00953626892255613
False,,0.4047100943193251,,none,0.04485913565889848
False,,1.1380338760021864,,none,0.04207491582768805
False,,1.0625173537642543,,none,0.005598043389164854
False,,1.2041568353761642,,none,0.08480306648533235
False,,0.9623098564200526,,none,0.0008923072737665156
False,,0.6289964823197011,,none,0.0050497020251440315
False,,1.155507468088312,,none,0.06175733876292744
False,,0.5884053041588738,,none,0.13086878905310367
False,,0.6138195816685217,,none,0.00842712904203547
False,,0.49823609114295636,,none,0.06363535354610302
False,,1.3132557041041797,,none,0.08161448680093526
False,,0.8450131244707922,,none,0.05973991703220073
False,,1.370953420302389,,none,0.03386920464781405
False,,1.205256098386393,,none,0.06512326509554557
False,,0.9917893364726986,,none,0.0625957520675589
False,,1.3654566962928154,,none,0.12310814745636055
False,,1.331220603143452,,none,0.0013255925358704535
False,,0.970838460860397,,none,0.016204443531114412
False,,0.4338268701324594,,none,0.07891705651476895
False,,0.4752449970438912,,none,0.029975516410325767
False,,0.7169931220327168,,none,0.00015822204214135686
False,,0.4417629082679011,,none,0.000432323067897938
False,,0.17790013829352297,,none,0.0989238016754548
False,,0.2801368209885044,,none,0.092687461604656
False,,1.2112152582595845,,none,0.16140109977330502
False,,0.4790846960685737,,none,0.09529128858601607
False,,0.45037860431073246,,none,0.09975337053742174
False,,1.4566850988712496,,none,0.02610216279258591
False,,1.4620258697010646,,none,0.02786497032237463
False,,0.45594589804550156,,none,0.11288152477927414
False,,1.0067767719340346,,none,0.05494900970810555
False,,0.4087313730461505,,none,0.06205243289709806
False,,0.3935094324756772,,none,0.13595762230142763
False,,0.7099511791360338,,none,0.023750775704280074
False,,0.3892574855442834,,none,0.0153387084986747
False,,0.7509623262541006,,none,0.057461038120876363
False,,1.459920272405646,,none,0.015416084266341388
False,,0.4873748527322459,,none,0.04338613447633698
False,,1.396405700344761,,none,0.01112362527709779
False,,0.22621987135559346,,none,0.0765123013589789
False,,1.4498705237663267,,none,0.02851793838242525
False,,0.8434221991792749,,none,0.03051676013150575
False,,1.451942214812867,,none,0.09006502115913156
False,,1.1293276580408322,,none,0.001938479840543255
False,,1.0820861155961465,,none,0.030873493900573926
False,,1.2463556098356117,,none,0.04353753700530411
False,,0.8775979807026928,,none,0.06977028072221654
False,,0.32956118430050196,,none,0.04083672876162882
False,,0.2814829082451671,,none,0.023464578984686336
False,,0.9005972599340787,,none,0.029873765173949244
False,,0.7776202571084884,,none,0.029577052049705302
False,,1.0995212487118522,,none,0.05079213389207169
False,,0.30807763888874695,,none,0.1008030162841237
False,,1.1403021013598058,,none,0.0002645094383619978
False,,0.9891871389109991,,none,0.12486418402061056
False,,1.1415975011570385,,none,0.05028305758889809
False,,1.285105790438748,,none,0.00809670817684463
False,,0.9071940518501658,,none,0.07574824598469598
False,,1.011758931658681,,none,0.02335180662175845
False,,0.69262739049635,,none,0.10048417498136564
False,,1.2452385894461053,,none,0.06620462061307102
False,,0.7060833353326222,,none,0.0287197428477538
False,,1.49942896310564,,none,0.0066470787806544585
False,,0.24907410750758346,,none,0.032224948503217124
False,,0.6235526933559629,,none,0.10880020412072257
False,,0.6780903998515756,,none,0.04112057960633726
False,,0.3947462505286275,,none,0.05849338868615975
False,,1.2919818306140691,,none,0.017486518272841558
False,,1.1056399850131213,,none,0.09279010579856328
False,,1.2127029513364798,,none,0.047270195998989406
False,,1.4998114373612805,,none,0.01643251370910269
False,,0.8180468090304864,,none,0.05304858684395799
False,,0.9038295179452445,,none,0.04426479739978106
False,,1.0788997909743285,,none,0.012974229803201547
False,,1.0828260970158474,,none,0.08594512185577519
False,,0.37418728808654267,,none,0.02126166472248956
False,,0.1561318172000582,,none,0.02050114217758886
False,,1.2881129089488779,,none,0.03855325423002825
False,,0.42901999412181885,,none,0.08179134993982781
False,,1.4035217064061005,,none,0.039127721834087296
False,,0.5393578516811912,,none,0.08449174177551409
False,,0.555027127728765,,none,0.11991322638953521
False,,1.320788302395464,,none,0.11217872192274649
False,,0.7064575633638701,,none,0.06282989879234209
False,,1.4868591937252622,,none,0.01465062887257527
False,,1.0328775545470446,,none,0.04415474746108864
False,,0.4272978706676765,,none,0.03331334825416644
False,,1.2267293728250985,,none,0.05844407566725529
False,,0.2812817267524939,,none,0.001389491113260924
False,,0.1529180745987312,,none,0.061695813291379756
False,,1.1849260657140313,,none,0.05198844521206254
False,,0.788966025069857,,none,0.07005600305347964
False,,0.18970327899241451,,none,0.04559838647275201
False,,0.14925924409619085,,none,0.08279628361698405
False,,1.2363608874183125,,none,0.01103658530632181
False,,1.10173914975396,,none,0.09582732765383929
False,,0.34100169157636107,,none,0.10821508598291495
False,,0.5179602004979,,none,0.03751632558248685
False,,0.8321966187028691,,none,0.0683461253580174
False,,0.14544728342170046,,none,0.008995106213649129
False,,0.11519122208424186,,none,0.06904156934930065
False,,1.2791523173318777,,none,0.037083929640433624
False,,1.1526002304171594,,none,0.005592448056320875
False,,0.06222549945833958,,none,0.04633245189844959
False,,0.9778310578758237,,none,0.1743919315560157
False,,1.352748280633655,,none,0.14694709224811983
False,,1.2360298422992664,,none,0.07379621612483872
False,,1.2581814547833325,,none,0.047204956583179324
False,,1.0948092936873524,,none,0.032017450780022175
False,,0.7097173600482933,,none,0.12021068164069662
False,,1.1013641026462402,,none,0.004674864293504783
False,,0.401068363504028,,none,0.050508822088551765
False,,0.8882069741900929,,none,0.023847347795778413
False,,1.3778150064318742,,none,0.16970371841786486
False,,0.5154425707660678,,none,0.05101404759394522
False,,0.42735396639234,,none,0.012565505798228026
False,,0.1612755460011274,,none,0.1272495750330804
False,,0.3473964238819961,,none,0.057262170701499505
False,,0.27281310789439306,,none,0.09299901967031904
False,,0.21325652537690198,,none,0.07235391342672844
False,,1.488950350731281,,none,0.10452345939309855
False,,0.46279901387663336,,none,0.14123559937216593
False,,1.4492471489732237,,none,0.08494760332122868
False,,0.8852160810710815,,none,0.04460662560334937
False,,1.0910616326950213,,none,0.074834854290304
False,,1.1861768216609343,,none,0.11976716018613166
False,,0.6325233345157477,,none,0.019426333454347293
False,,0.46572682118911335,,none,0.06045175512049695
False,,1.1555377377543854,,none,0.008883117641562278
False,,1.342752028769486,,none,0.06104239053396308
False,,0.9839772997968909,,none,0.017147844255817973
False,,0.6644863695290879,,none,0.04965064774935118
False,,0.6656612284003054,,none,0.13558572235905314
False,,0.08871347238965188,,none,0.05558652029790983
False,,1.1615874232211827,,none,0.08107646431349015
False,,0.7782310586043301,,none,0.09111138759746651
False,,1.3330589615715005,,none,0.034424731337371776
False,,0.8993718423112113,,none,0.11771027918091619
False,,1.4346103292217993,,none,0.04480712812033328
False,,1.389870969043413,,none,0.04366776433234563
False,,0.9131698006302006,,none,0.016640880002069605
False,,1.2359737832930726,,none,0.08471598407986866
False,,0.39822233842537164,,none,0.0454008977994369
False,,0.44141442545675413,,none,0.12361894320459241
False,,0.9820376452404617,,none,0.03685099994958746
False,,0.7873462654595061,,none,0.009279677083214553
False,,0.5847997171333263,,none,0.008189615584786765
False,,0.6230444390014721,,none,0.006509490757719842
False,,0.610717779777014,,none,0.015707532673156322
False,,1.4977171447225992,,none,0.05017831688808384
False,,0.31129461584030366,,none,0.032977727075843476
False,,0.5259401102413883,,none,0.08445681090596568
False,,0.37257588685844156,,none,0.018775535903750945
False,,0.08681294468505354,,none,0.05495097448226607
False,,0.07190898603656792,,none,0.09122223986585624
False,,0.7321709243288025,,none,0.02763444185762229
False,,1.1526190348985295,,none,0.00925740501542228
False,,0.4977153409317475,,none,0.08881492805936832
False,,0.5061272663234933,,none,0.014516465026157329
False,,0.5722002911501018,,none,0.05423173285673875
False,,0.4175273963312906,,none,0.07582628214946481
False,,0.7366976699837274,,none,0.0639816079498985
False,,1.4879154343467023,,none,0.05525550310884242
False,,1.4075634855403116,,none,0.09123830819273841
False,,1.1285963884126635,,none,0.14114190119920741
False,,1.0399052937718505,,none,0.14265934698651278
False,,1.2192420893732663,,none,0.10251657831510481
False,,1.2035805859410367,,none,0.16884130141297396
False,,0.8526930889046742,,none,0.05670872527221578
False,,0.1714974804931257,,none,0.07178278328680149
False,,0.08688052104232902,,none,0.06054432031662213
False,,1.062692497790039,,none,0.010779063053701176
False,,0.8256753084827367,,none,0.12362246419663746
False,,1.008729394266485,,none,0.11271752773663422
False,,0.7775313325689218,,none,0.08238114412616933
False,,1.0502766149514215,,none,0.03616356730313722
False,,0.1827199683337129,,none,0.013987445609579286
False,,0.2217302741928006,,none,0.06928987061834795
False,,1.0586402551587444,,none,0.01880643514423878
False,,1.008565636040089,,none,0.0036463187817377582
False,,1.1136990487870397,,none,0.13634977211301175
False,,1.2766164420802457,,none,0.015570481449302847
False,,1.2190705288763408,,none,0.03916660248583514
False,,1.204273964535172,,none,0.024214405049262547
False,,1.1001857637364185,,none,0.05704184870249578
False,,0.4971925534034544,,none,0.09616256313049473
False,,1.1018117846666056,,none,0.05287699182161348
False,,1.002566411706244,,none,0.06683461961736918
False,,0.8790778055184407,,none,0.002736782719204179
False,,0.4627063733273505,,none,0.007662269418338638
False,,0.3371508718969893,,none,0.08478945924109826
False,,0.10358093464234908,,none,0.024194018705068415
False,,0.10327533648329096,,none,0.0660310229445519
False,,0.5276716622072176,,none,0.19737338770255802
False,,0.818710716394423,,none,0.00471451966195602
False,,1.313920138311345,,none,0.01701145603417255
False,,0.4923723451778173,,none,0.17497371146322438
False,,1.12759227434789,,none,0.021650485059404742
False,,1.306251305548503,,none,0.06385813233673997
False,,1.0997547758523099,,none,0.1199876348190941
False,,0.7849468202412254,,none,0.09931426218629569
False,,0.5090043910366425,,none,0.010057528273529839
False,,0.5249090392260409,,none,0.09595526624543285
False,,1.2800405088994473,,none,0.028039881146668652
False,,0.5130821662861434,,none,0.053814008921627035
False,,0.4532722881855953,,none,0.005437763005306277
False,,0.2930849282860252,,none,0.07331524588872344
False,,0.8523503999046096,,none,0.004563902794502651
False,,1.2724152795236834,,none,0.09096208096632284
False,,0.5091099864760843,,none,0.006470718524659092
False,,1.2563591291630163,,none,0.002670892196345184
False,,1.460175833640409,,none,0.020666914245954186
False,,1.2797756501028053,,none,0.04968285471012219
False,,1.3908226293890242,,none,0.06473888287538887
False,,0.17132748125069774,,none,0.05325717193794058
False,,0.24016694381034132,,none,0.013724318109281724
False,,0.8438458211056624,,none,0.13540638470831456
False,,0.8341512221054406,,none,0.07976049086332218
False,,0.5047890901833185,,none,0.03213596955297439
False,,0.302128655780693,,none,0.06022118157208389
False,,0.9026530673625592,,none,0.025770702050991922
False,,1.1546625750772948,,none,0.013916307656884666
False,,0.19833134154960114,,none,0.05728174826183625
False,,1.1418554376087906,,none,0.08882508744053534
False,,0.4296345600371728,,none,0.09062847674716848
False,,0.6770605119931171,,none,0.0287920750199057
False,,1.4313196628127047,,none,0.1186398683268318
False,,0.8183441688775944,,none,0.08526060083679728
False,,1.2911379679171713,,none,0.04193686624020326
False,,1.3572617417182842,,none,0.008609688127029991
False,,1.379892294544604,,none,0.007642229803041832
False,,1.1179879515775406,,none,0.003497708443733409
False,,0.08869944345963171,,none,0.07299371944831727
False,,0.7196545107094413,,none,0.06740413794256787
False,,0.2862717176680205,,none,0.009694712513337589
False,,0.6449921334319351,,none,0.14798532262609349
False,,1.0516674932327497,,none,0.04096642126585414
False,,1.1743758159066038,,none,0.04214251373904059
False,,1.0781667803017085,,none,0.037070904991203954
False,,1.2606661088945015,,none,0.1087597837997279
False,,0.5028847718728308,,none,0.0613157094577823
False,,0.2356870771671259,,none,0.026856263533453807
False,,1.1617656560334184,,none,0.0640190200813401
False,,0.9662567235338059,,none,0.0374395522905682
False,,1.2558207351679924,,none,0.024419949873164423
False,,0.8274697056101599,,none,0.05079016024368609
False,,0.25007460265848436,,none,0.01830674770616617
False,,0.30506483655976674,,none,0.0755225552774781
False,,1.3101514650053057,,none,0.07490049064374757
False,,0.6577869593059266,,none,0.012360982044602573
False,,1.4313727281975201,,none,0.016824532329041242
False,,0.9252269733757934,,none,0.13221011478007763
False,,1.2305597028402129,,none,0.019727495558247966
False,,0.9641716636468077,,none,0.03345449371317078
False,,1.0856150763926486,,none,0.0581487833763609
False,,1.4860073001249898,,none,0.03706045713319128
False,,0.26184305140162334,,none,0.0826867175126092
False,,0.1871355126526565,,none,0.042337754026750975
False,,1.4825145192128286,,none,0.07329190496240492
False,,0.6856874017027972,,none,0.06112185108435059
False,,0.533704465156688,,none,0.05913269255360387
False,,0.15159705740124502,,none,0.04188746967196906
False,,0.37869273156843464,,none,0.051755705502702636
False,,0.15124651943934495,,none,0.003269181730609687
False,,1.2366965311124762,,none,0.005769067182716446
False,,0.44489669014110284,,none,0.03357763265196586
False,,0.9874610088553573,,none,0.007080906436081167
False,,0.08953469649419056,,none,0.11929057775132008
False,,1.4334988225031133,,none,0.05733814374644462
False,,0.5831870034799704,,none,0.03245154414094632
False,,0.14938909924676957,,none,0.06987785578365352
False,,1.14452262123674,,none,0.18415587736729877
False,,0.32621007042962225,,none,0.08314113325226273
False,,0.9109296036713033,,none,0.09079960932039692
False,,1.3395515681823909,,none,0.09558554330798721
False,,0.8813885457687051,,none,0.08985291170451914
False,,0.9879150328452404,,none,0.027352240652068587
False,,1.2257176531145693,,none,0.0762199449663132
False,,0.387756481291319,,none,0.02450996392030094
False,,1.0192904842906052,,none,0.04727006363089711
False,,0.2813411990434377,,none,0.07402004207455694
False,,0.6883300046233182,,none,0.05403357469212831
False,,0.3521769346177954,,none,0.017483715235975403
False,,0.42590747824653075,,none,0.053022157489858786
False,,0.8805553933497011,,none,0.002803745904362221
False,,1.0313822380864524,,none,0.03596273789173855
False,,0.204944605289977,,none,0.07531559754182734
False,,1.3097356585098752,,none,0.06664798150238226
False,,0.9892614686867244,,none,0.011602437154181872
False,,0.4180829159957573,,none,0.03807670359624185
False,,0.4222556122540409,,none,0.11462967978162483
False,,1.0863413675184332,,none,0.08774538504173054
False,,0.7728475507130493,,none,0.08060402819078136
False,,1.3794206331152725,,none,0.12288128162751215
False,,0.6618673269235255,,none,0.00022756596718067736
False,,1.3673547213871768,,none,0.09966014220019923
False,,1.2833186852509662,,none,0.035339590357651746
False,,0.3802066010653995,,none,0.03597274383378386
False,,1.373641370686019,,none,0.1124664980408247
False,,0.4411810646789135,,none,0.0786131571040736
False,,0.0841938225298251,,none,0.0703125452961212
False,,0.9024696595843901,,none,0.08724141011377982
False,,0.1525910386899995,,none,0.0001763320411751957
False,,0.7410995123449676,,none,0.019166991779826878
False,,0.30126831006500254,,none,0.020004288672492536
False,,0.5352862714111595,,none,0.01394097282195113
False,,0.5263006904085497,,none,0.0443568418875333
False,,0.9888812350888816,,none,0.13380296777252088
False,,0.3064372271559621,,none,0.07332061037837802
False,,0.6862187501708253,,none,0.043286869637775
False,,1.1436459024502839,,none,0.004200408771682718
False,,0.8455023271353517,,none,0.07157380231649049
False,,0.5456018525233882,,none,0.0900411706395475
False,,0.9448008497668944,,none,0.11589434863793423
False,,1.3012742923393779,,none,0.02648563965381736
False,,1.1475187659622448,,none,0.10793916050796448
False,,0.2821675486097501,,none,0.015484155136777346
False,,1.3916725410198736,,none,0.0715870211603277
False,,1.3519752597490202,,none,0.08403388841945408
False,,1.0946447211439077,,none,0.004930511979431018
False,,1.0260872517304724,,none,0.1045719802772002
False,,1.0139603357109974,,none,0.013963536701621315
False,,1.2850630082101615,,none,0.07585530244367893
False,,0.19119343256044963,,none,0.11089897644777194
False,,0.6681310476428352,,none,0.09937946405458903
False,,0.05151629275853113,,none,0.08434349515132666
False,,0.16081953901005291,,none,3.520441872022663e-05
False,,1.4290762118785227,,none,0.12300972905908863
False,,0.34245170468986436,,none,0.0920456757792895
False,,0.33383588393868496,,none,0.09437483147707396
False,,0.15743281934139072,,none,0.03592139107263137
False,,0.4460559416751623,,none,0.015362684427945165
False,,0.664992413984968,,none,0.073411028107178
False,,0.8023772605835138,,none,0.0013101088208335623
False,,0.8765963528988052,,none,0.01889454213657823
False,,0.8106206821677255,,none,0.09894507598705135
False,,1.2106533646137787,,none,0.08294916034607235
False,,0.42081810985588725,,none,0.012150722444497622
False,,0.9583006929145276,,none,0.014640761112840479
False,,0.516611357294051,,none,0.10580077607746217
False,,0.7529527511191377,,none,0.057636790785682526
False,,0.21526517380967913,,none,0.099844174422458
False,,0.7956266271069143,,none,0.0010969117472583677
False,,0.8517582218963605,,none,0.12984895930227067
False,,0.37371504693659563,,none,0.02240397931853004
False,,1.3482084817807032,,none,0.04744132019370289
False,,0.7160427445517792,,none,0.117358870077592
False,,0.11615850108336502,,none,0.005664807445395497
False,,0.8526062991381838,,none,0.026607690020773747
False,,0.7693527208397244,,none,0.16895463070278494
False,,1.423887795286905,,none,0.03263322351469984
False,,0.4111753600853224,,none,0.18072826297973618
False,,0.6581587528373487,,none,0.08059444563987163
False,,1.2115640564839452,,none,0.01724635145036978
False,,1.0324382907156788,,none,0.05526681826424251
False,,0.648400839995869,,none,0.09825944633323527
False,,0.5287712418467185,,none,0.0722552840910067
False,,1.0940836757114372,,none,0.09502058175224276
False,,0.3694522314703632,,none,0.05165933284073023
False,,0.06930860409838673,,none,0.008712554778859858
False,,0.6119952087694557,,none,0.09686291138625541
False,,0.8147129356140969,,none,0.0938770882246664
False,,0.7634233482308369,,none,0.013504520539513282
False,,0.8024952347191381,,none,0.009160555367886384
False,,1.1202269755340963,,none,0.0014655833643657929
False,,0.23797463759085735,,none,0.015991613681601576
False,,0.6205989424399656,,none,0.03126654819876594
False,,1.0758094517150567,,none,0.07865765587323505
False,,1.1477771391164324,,none,0.024289541520189795
False,,1.0181608098759356,,none,0.12559709123429727
False,,0.4678498361249567,,none,0.11664008737625411
False,,0.3937373260559865,,none,0.023369042605108314
False,,0.7714699724649965,,none,0.04844214758574303
False,,0.8600717627681117,,none,0.10730335942633858
False,,1.3588105233855525,,none,0.07239652200251537
False,,0.41029213645628715,,none,0.08180748335863033
False,,0.28140166183501275,,none,0.14740671844410505
False,,1.4377280887026491,,none,0.016829792583241004
False,,1.189793021380716,,none,0.1435539390211863
False,,0.17246115127738898,,none,0.06243264071960176
False,,0.2744108494150546,,none,0.039456714138216435
False,,0.4604027892550922,,none,0.007739060818176574
False,,1.029365018438661,,none,0.05621444390298797
False,,1.0753722324929509,,none,0.008383082018077475
False,,0.5182418144823746,,none,0.05904971245021886
False,,0.7354792243507128,,none,0.07325206340210492
False,,0.6164273085227792,,none,0.007320501380391072
False,,0.8820460835370713,,none,0.01432061766935957
False,,0.25062656872375083,,none,0.0544306677451869
False,,1.0148373150129788,,none,0.1513109892931261
False,,1.3592501347427077,,none,0.05956073459973718
False,,0.30716524427111697,,none,0.11521107492645728
False,,0.6811616894349519,,none,0.08315570193688596
False,,1.046511518296921,,none,0.05883205764286485
False,,0.1503094247191683,,none,0.02497635028796664
False,,1.1553997806959246,,none,0.013430342057256456
False,,1.3121422721643818,,none,0.003832419063583447
False,,0.7912472449920607,,none,0.021496250683665574
False,,0.4708373302350471,,none,0.019395249177108
False,,1.3482060879712836,,none,0.06399700553850995
False,,0.8449657047414727,,none,0.04623968816479558
False,,1.4433099159790606,,none,0.011118668166294367
False,,0.33184188940754084,,none,0.052189271292340016
False,,1.4062026710149538,,none,0.026462577170485252
False,,1.4289359089017788,,none,0.055664054269600825
False,,1.2670582336142069,,none,0.08810812254145313
False,,0.9440024314014255,,none,0.01637018608600185
False,,0.9046109376224855,,none,0.03248753019611421
False,,0.3885219144686743,,none,0.018547238802495446
False,,0.3332010705375182,,none,0.08689666762207127
False,,0.2515715642465987,,none,0.02063189463505112
False,,0.3037327480897668,,none,0.08559926463054031
False,,1.1551825495098726,,none,0.14843911361990222
False,,0.6109508381496243,,none,0.019794498418957748
False,,0.06070007614830728,,none,0.1621168448437583
False,,1.1986853296427937,,none,0.010403569626833111
False,,1.0899862228583432,,none,0.011199237390612383
False,,0.8694639243931651,,none,0.10163479625377282
False,,1.4877471669298343,,none,0.0006557649455849774
False,,0.5705009896853361,,none,0.09210285400792753
False,,1.1692044462192925,,none,0.015315744043855065
False,,1.4327119877207293,,none,0.03992943038840604
False,,0.37295695856485767,,none,0.06922472322472958
False,,0.24432586329523986,,none,0.0998202135452133
False,,1.027639189249194,,none,0.04682785853653283
False,,0.6220578252876932,,none,0.11632251242127532
False,,0.2391161193106685,,none,0.004455274536272979
False,,0.5491078233181481,,none,0.05230762770398699
False,,0.876782576230645,,none,0.018562746306973344
False,,1.3475419295485085,,none,0.03350215480486567
False,,0.9194396861399035,,none,0.02520400644205239
False,,0.9881283234046434,,none,0.12352725330704982
False,,1.4847705366193185,,none,0.015893709457897986
False,,1.3826567831059924,,none,0.1775837292095464
False,,0.19708909082398324,,none,0.017816939152673586
False,,0.46959233398673733,,none,0.01190701857454759
False,,1.3812199051627816,,none,0.04711884352615442
False,,0.8043273473878053,,none,0.04104207850182784
False,,1.3968698528587324,,none,0.07351476192090588
False,,1.433200614231277,,none,0.034927258279928326
False,,0.2399327342530051,,none,0.07495501656808144
False,,1.4997973043408963,,none,0.06584641678627043
False,,1.054244774213295,,none,0.040529778604986355
False,,1.4669099406453863,,none,0.020601208976957934
False,,0.3957766155491563,,none,0.11748340224764335
False,,0.6358541863409153,,none,0.026104054009510377
False,,0.21721035293264757,,none,0.05667818514717294
False,,0.4552652665225013,,none,0.1417161776969469
False,,0.46476576488781607,,none,0.05403438413831878
False,,0.4280166305273565,,none,0.07039191960975129
False,,0.21560854455674822,,none,0.03232770870367692
False,,0.16041569143772103,,none,0.019400571027827267
False,,1.496948813056596,,none,0.08957515540954492
False,,0.8000771050557375,,none,0.03622838343032214
False,,0.5240950621345266,,none,0.07741174098937126
False,,0.21217938240244866,,none,0.1091642511048937
False,,1.3298456162697947,,none,0.12865584585950854
False,,0.21766362668544142,,none,0.13153665746020457
False,,0.5475541030376021,,none,0.05834184905240248
False,,0.25442983264975244,,none,0.03790472216131281
False,,0.5727895948822745,,none,0.008233341366995984
False,,0.5636707462667898,,none,0.006829216801072593
False,,0.1801282110904074,,none,0.08946458163908345
False,,0.7419161017124741,,none,0.007832195548827756
False,,0.7650218193750218,,none,0.06158875649026336
False,,0.4365320632333132,,none,0.06500162603523484
False,,1.034682060022902,,none,0.08117398894086765
False,,1.4926036948860306,,none,0.07753880339909594
False,,0.7265671945976336,,none,0.11506751883238776
False,,0.8397027772333221,,none,0.029319004752751714
False,,1.3750890979594217,,none,0.09542404874933869
False,,0.7314689179537284,,none,0.03654409949816011
False,,0.12011731819996568,,none,0.08658736010383448
False,,0.6117619560878996,,none,0.05873540628505267
False,,1.3236318771792281,,none,0.02857085816629806
False,,0.22173590257038028,,none,0.03792673640356544
False,,0.44125724355214424,,none,0.03082275072712876
False,,1.3262917577080877,,none,0.029682721521018234
False,,0.41241089622663285,,none,0.013551902484606023
False,,1.3373998875439752,,none,0.02020283585805507
False,,0.28222742098979886,,none,0.032543365125375576
False,,1.122015142490686,,none,0.09234538415833282
False,,0.7619999091072773,,none,0.00040055424181073383
False,,0.13036062172445056,,none,0.05479914793963576
False,,0.6106083887970943,,none,0.0978193532974479
False,,0.740569979896718,,none,0.12590451283789766
False,,1.2035055045853222,,none,0.05881480300358649
False,,0.13872712522842875,,none,0.004540198151325139
False,,0.48151365922584594,,none,0.0038824993395007194
False,,1.443877412302924,,none,0.008855353147330144
False,,0.5686229799067877,,none,0.040443053399896865
False,,1.3514820310409024,,none,0.20026677226956308
False,,1.049652078978179,,none,0.003061919170303988
False,,0.15381067617062916,,none,0.022237520877370305
False,,0.4654287962131512,,none,0.018844120303205963
False,,1.325968868853206,,none,0.12615856246757845
False,,0.20761253315890876,,none,0.1322402464792271
False,,0.1901590954807696,,none,0.056046475183972475
False,,0.3300293392095181,,none,0.00126328157828823
False,,1.2243237695295628,,none,0.013258885369968164
False,,0.8010928310139022,,none,0.08075285878705062
False,,1.2591957400191562,,none,0.0005785416034426282
False,,0.8259600278726111,,none,0.029840566962877884
False,,1.1972180605190152,,none,0.0158044954738286
False,,0.9422361519785158,,none,0.04978550252706521
False,,0.325704031577898,,none,0.06715177399663602
False,,0.47892114421687826,,none,0.03484098927077084
False,,1.018669201942238,,none,0.07268519193841641
False,,1.2099249398251282,,none,0.06462593946137196
False,,0.1425322266787158,,none,0.07302501581102315
False,,0.367828357092623,,none,0.01793120257166707
False,,0.9686755793310505,,none,0.09080568039126177
False,,1.0600345346257973,,none,0.12701487346060067
False,,1.017298664213231,,none,0.0468865797309985
False,,1.2859245759658366,,none,0.05150034873010221
False,,0.6764831750104673,,none,0.009376767290355274
False,,1.1938046912146825,,none,0.00933600929430798
False,,1.4736575584959979,,none,0.01163934929599529
False,,1.199928549327014,,none,0.022585730699094794
False,,1.1761384611975931,,none,0.061898364234330996
False,,0.17024041258085235,,none,0.06327982431023697
False,,0.48792861361614737,,none,0.05327925343027976
False,,0.6656911590061927,,none,0.13470511742771138
False,,0.7812104610762607,,none,0.06101650772709922
False,,1.3139354678019568,,none,0.04869085337970423
False,,1.3390463660274692,,none,0.04993696581936541
False,,0.20992766784477612,,none,0.006235502804198831
False,,0.9215876262853052,,none,0.01141162031808254
False,,1.3225992552194097,,none,0.08520895169349905
False,,1.1297474354050385,,none,0.044815130703663435
False,,0.7438659909076273,,none,0.06619856794227019
False,,1.1834520261891028,,none,0.14383409784533288
False,,0.6173346101064061,,none,0.02891898976086172
False,,0.5375879394622329,,none,0.019001969596813512
False,,0.4324938347845481,,none,0.004148816312891616
False,,0.8136747660316955,,none,0.035902354826796226
False,,0.3414829992758977,,none,0.1204449100081766
False,,1.332727114357898,,none,0.18919354680512007
False,,0.2130052535895275,,none,0.007680819405880299
False,,0.08202512932169043,,none,0.03957380736290431
False,,0.8413950918876117,,none,0.02622012735966084
False,,1.0460916923503731,,none,0.1553485185683228
False,,0.8274468121139404,,none,0.04094295336106488
False,,0.07333768614302175,,none,0.07565208312058029
False,,0.7249265792668056,,none,0.08435253996407407
False,,1.137427967168904,,none,0.010306813783045755
False,,0.14019315487861983,,none,0.12183547021511316
False,,0.42096497044072845,,none,0.03704373437842262
False,,0.2981945817009096,,none,0.14558306132031776
False,,0.09958410965709104,,none,0.043750590809149524
False,,1.0453731180744017,,none,0.08787380690056794
False,,1.2692523405682243,,none,0.08815141476298977
False,,1.21909555768636,,none,0.10894376675480925
False,,0.7430754602793515,,none,0.043594447550612106
False,,0.234189878635362,,none,0.03859470737675969
False,,1.313328451939981,,none,0.026489334462750987
False,,1.2878237651349724,,none,0.06720622169033615
False,,0.692275031762041,,none,0.01784973240968468
False,,1.3798748820357523,,none,0.014594168637762734
False,,1.1456785540668946,,none,0.024362896727125494
False,,1.36819285374615,,none,0.015605467542100855
False,,0.7593114621064193,,none,0.043747569632520016
False,,0.3065772851790661,,none,0.09950486476958012
False,,1.2266961551678728,,none,0.0210597859240117
False,,1.1186315257521573,,none,0.07856392699396408
False,,0.4006187738375272,,none,0.0006430660483504514
False,,0.08368695259708332,,none,0.04591952418563947
False,,1.2624905321521098,,none,0.10093501366006362
False,,0.6287955603621375,,none,0.019754858240670584
False,,0.08319165400625259,,none,0.04884017910406943
False,,0.47159815790625603,,none,0.06694802939123169
False,,0.32851940011226893,,none,0.04464101698915273
False,,0.5645188078077926,,none,0.1335709019378181
False,,1.3681766033353822,,none,0.0011628302245553558
False,,0.36859416390084393,,none,0.09063780134555643
False,,1.435918066524538,,none,0.00837553958949422
False,,0.6529124709034926,,none,0.015366342341831605
False,,0.3186486111686708,,none,0.038391763006595345
False,,0.896783466987962,,none,0.025721844187544744
False,,0.4093918983678529,,none,0.20354904433472806
False,,0.2406925577539356,,none,0.08766298620221019
False,,1.3931773086177688,,none,0.1262061030250058
False,,0.15261834863009716,,none,0.05791241411612161
False,,1.4372334976594268,,none,0.06549478585123865
False,,1.05430184106053,,none,0.01461958178256666
False,,0.6157339377864095,,none,0.07753469005373506
False,,0.25369664712814777,,none,0.03974100945425304
False,,0.7344586072437903,,none,0.09875377784303088
False,,0.3751075513486713,,none,0.014382947349067612
False,,1.4581169113341002,,none,0.14163136178394167
False,,0.1484884155709814,,none,0.028879882138100367
False,,0.3460614686916771,,none,0.17955999986717716
False,,0.5586490739414922,,none,0.05653005693347111
False,,1.044622184998446,,none,0.047970970080253465
False,,0.4250343598325526,,none,0.08181639909677867
False,,1.3829103153964857,,none,0.028530183407067297
False,,1.4375122425544966,,none,0.08381194999110439
False,,0.6203915910675242,,none,0.07381608273546178
False,,1.3011369942341027,,none,0.14981722416403428
False,,0.6046542010260715,,none,0.017007721802802946
False,,0.6327482329210923,,none,0.15499756164034664
False,,1.2124658173382736,,none,0.04095360539601135
False,,0.061193656557655296,,none,0.1102095202031949
False,,1.114263386446553,,none,0.025262615982096188
False,,0.6458101314852371,,none,0.06624239808386483
False,,1.0040701389699696,,none,0.03828755774675931
False,,1.0820701142974707,,none,0.034499704884477456
False,,0.6271103472321863,,none,0.05882381817672067
False,,1.0160336799350205,,none,0.14344428112683397
False,,0.6908321129898669,,none,0.0065490230525658754
False,,1.0150575661456331,,none,0.08860766966510535
False,,0.3919353557331957,,none,0.017974873172448474
False,,1.4942024989890268,,none,0.06667356635915996
False,,0.8931039696020947,,none,0.04568025125738469
False,,0.7916577826415707,,none,0.13042727213481004
False,,0.08797496601186275,,none,0.0488619874646192
False,,0.3315257369024054,,none,0.03680660706774717
False,,1.4518382014054712,,none,0.17716330321700957
False,,1.1225625852469678,,none,0.003646652742755913
False,,0.8893885132599761,,none,0.06745917226654723
False,,1.161529093708381,,none,0.03635935675182172
False,,0.9858057597687835,,none,0.06322331192079804
False,,1.183515263782668,,none,0.021385071960450613
False,,0.5954268400037218,,none,0.05041143266593594
False,,1.0692822349151543,,none,0.03266779529473339
False,,0.8478604282429744,,none,0.05355706029425224
False,,0.4483307304625567,,none,0.03537763123479181
False,,0.19203673148477668,,none,0.04976408974396254
False,,0.7419755620395063,,none,0.08150506720658367
False,,0.3361348782360658,,none,0.12067211483239708
False,,0.29492789574319633,,none,0.0036892655243472234
False,,0.23219692979826606,,none,0.02087408467650186
False,,0.1687490875895615,,none,0.04406997942438229
False,,0.5209867374221966,,none,0.007537820029553991
False,,0.10901236347538812,,none,0.015897481576144262
False,,1.1468857015852782,,none,0.031757079559795114
False,,0.5182631007233419,,none,0.020448823889336963
False,,0.6530893548859514,,none,0.0630803955897766
False,,0.2561326096265252,,none,0.05345800053023532
False,,0.30675962061409096,,none,0.06109062353747549
False,,0.5393294462419607,,none,0.007419951567708047
False,,1.253730634890096,,none,0.042956083240336514
False,,1.3051983359329848,,none,0.04125398690343775
False,,0.0935337703719267,,none,0.14722207088635106
False,,0.2860691271181783,,none,0.0012277563621374593
False,,1.4666818522472715,,none,0.09457210586301232
False,,0.143551577726706,,none,0.04549714516071429
False,,0.5101263644639351,,none,0.16914795231055035
False,,0.9815287939552847,,none,0.0029460689087454036
False,,0.07505683646586819,,none,0.05212505501548291
False,,0.3895462221648477,,none,0.08524243860153587
False,,0.792805191238953,,none,0.08493991503946018
False,,0.7025241857873309,,none,0.021387043319520665
False,,0.1860668939041737,,none,0.08842751317293422
False,,0.804375024522827,,none,0.08214925054637583
False,,0.9341372567523171,,none,0.03674250010894447
False,,1.016218624030779,,none,0.04872658536009398
False,,0.4118624959756707,,none,0.1027673285513254
False,,0.12446623508498598,,none,0.07373459648896649
False,,1.2241224411976561,,none,0.07983706034821553
False,,1.2410988988953644,,none,0.07306073228375706
False,,1.295865489987295,,none,0.04188242578092599
False,,0.49839219488454867,,none,0.012933197910626157
False,,0.7513781817002152,,none,0.0411817013657959
False,,0.42207649342475734,,none,0.08786992165821514
False,,1.4469024840188909,,none,0.005299816151256441
False,,1.0802564441045355,,none,0.0371889098760867
False,,0.8915497071001397,,none,0.09490205507765292
False,,0.1309461207653611,,none,0.012951326614076518
False,,0.2981723758527073,,none,0.03572713789506986
False,,0.05504812003856682,,none,0.01568286934743825
False,,0.2874007657793978,,none,0.025408690985726273
False,,0.2858397985236266,,none,0.01841216704398998
False,,1.4161510391136458,,none,0.019494401224735315
False,,0.6231496782206254,,none,0.06151310206008356
False,,0.9826337501390633,,none,0.027354414497443726
False,,0.7655927039207553,,none,0.0965154189314189
False,,0.47784075333424597,,none,0.01288250777724467
False,,0.5996510513636505,,none,0.02515335647036477
False,,1.4663596988286556,,none,0.026343651650054038
False,,0.8226894259045942,,none,0.02358729744088471
False,,1.1110041490587705,,none,0.008421656200485343
False,,0.3758330216915989,,none,0.04069690271010885
False,,0.4400849657846821,,none,0.14500610515124931
False,,0.8112183705797624,,none,0.012585398004422082
False,,0.6307426932613331,,none,0.03234907361660385
False,,0.965111326249711,,none,0.1104118362223399
False,,0.9236364179285955,,none,0.10022862172534383
False,,1.0675743492576126,,none,0.04330638768243116
False,,1.2488037478861322,,none,0.011812941642038664
False,,0.7804185382702451,,none,0.15868624658939218
False,,0.24268388957969284,,none,0.08711828916341906
False,,0.23834668188834918,,none,0.0003104820385889692
False,,0.44673189828463644,,none,0.1007598430705262
False,,1.4733334618631508,,none,0.005023636129235303
False,,1.2637731049975172,,none,0.07211991677452564
False,,0.552155839171425,,none,0.0541042697970311
False,,0.8084432381143987,,none,0.019453973479688757
False,,0.2458166473924827,,none,0.05180432389322856
False,,0.7540812935607927,,none,0.06761657328511432
False,,0.3501390783855463,,none,0.04921373247219616
False,,0.8550191390718257,,none,0.01060938475636434
False,,1.2464808158893066,,none,0.07198849124846791
False,,0.3029075132919842,,none,0.06598525939681475
False,,0.6237813386987253,,none,0.004020942281024695
False,,0.25192407840395287,,none,0.06479113755649558
False,,0.6327325109992242,,none,0.01783973825512157
False,,0.9882944265583697,,none,0.08815347234523348
False,,1.3282275103553791,,none,0.03917545647666701
False,,0.49087233007010805,,none,0.055208897901536234
False,,0.7907496061013269,,none,0.04249122179206064
False,,0.924845160010634,,none,0.06438613731351736
False,,0.44968806896702107,,none,0.024018020267369725
False,,0.48496734151350224,,none,0.04436534794320004
False,,0.6777972410710422,,none,0.04975945048340976
False,,1.4477646670104194,,none,0.16604387538219056
False,,0.23308009314267714,,none,0.07372446638629174
False,,0.735563184921592,,none,0.010125436129045418
False,,1.4788058047121135,,none,0.01724895439672025
False,,0.551230378848101,,none,0.12669467139374113
False,,0.7146706372234314,,none,0.08722299218291991
False,,1.3176136250412351,,none,0.007833599871952042
False,,0.9147848163024228,,none,0.08643762728697141
False,,0.8195882516568069,,none,0.050700011656507483
False,,1.1650620544216992,,none,0.0900859068581159
False,,0.9025184864355016,,none,0.03694396016785915
False,,1.0219190867171786,,none,0.06206757092409833
False,,1.4357532499986634,,none,0.033930489748293526
False,,0.33604095268457396,,none,0.006279154455241765
False,,0.8931012232829327,,none,0.13993168232843878
False,,0.9940835928345778,,none,0.05297432014183889
False,,1.3463702296074385,,none,0.031296634101214985
False,,0.7500610975824319,,none,0.07583964506477091
False,,0.8691776302902253,,none,0.0976946502289424
False,,0.977181442292269,,none,0.09947442271401183
False,,1.1640424743797688,,none,0.07844549879990959
False,,1.2903785364757827,,none,0.05620221654453205
False,,1.2396239210808309,,none,0.10687376381725362
False,,0.31724627706949193,,none,0.14627288235960267
False,,1.3640386408579281,,none,0.07014069338442648
False,,1.4540857384373662,,none,0.009501091918119054
False,,0.2858342549449932,,none,0.14046946561981058
False,,1.471755091302669,,none,0.008138782895566962
False,,0.2226772738036527,,none,0.03987166638104427
False,,1.4342413490118862,,none,0.08641877138470094
False,,1.431156309248934,,none,0.04994367089242226
False,,1.3125539423484447,,none,0.03636167135105288
False,,0.09614365527188085,,none,0.10190150899355052
False,,1.180832102350371,,none,0.0971618144936811
False,,0.0845816918430298,,none,0.0020249152107395495
False,,0.8574819651466168,,none,0.1862948107612921
False,,0.826625116938813,,none,0.14391424916491286
False,,0.11262937119177313,,none,0.06630885522446908
False,,0.8400124616780653,,none,0.0816806405822022
False,,0.5940776728704806,,none,0.010566472195779518
False,,1.1716872790027097,,none,0.06335689731447401
False,,0.2768647345691341,,none,0.040866887333383964
False,,1.3997724842418253,,none,0.06720410125561363
False,,0.6069665092001159,,none,0.1413870989137188
False,,1.263542466092819,,none,0.013240812130392767
False,,1.004535268298343,,none,0.059944673595752375
False,,0.22066528649861067,,none,0.08998368551752353
False,,0.45643640749991793,,none,0.01204932478972225
False,,0.40230272722014415,,none,0.07275133848171124
False,,0.050509802824865786,,none,0.1006767717292516
False,,0.9268651964309039,,none,0.07382922499484779
False,,1.2160678132296316,,none,0.13922326876988536
False,,0.16698104558588037,,none,0.028324070391841805
False,,1.231192650610206,,none,0.14272697345752075
False,,0.6274476954522782,,none,0.07561674497126739
False,,1.0966035353672348,,none,0.02707629203930547
False,,0.5832325733542107,,none,0.036257226835377056
False,,0.5528596168261644,,none,0.04102498400098762
False,,0.06419861491771772,,none,0.038370567123526614
False,,0.19102178032155648,,none,0.00458980601053577
False,,1.0480220305357717,,none,0.05679320629122039
False,,0.9567293733809814,,none,0.06180289276049289
False,,0.20477860708588208,,none,0.05955280796719691
False,,0.08154342368192412,,none,0.08573783640377082
False,,1.3959465686522343,,none,0.04619674325403995
False,,0.0752120495961539,,none,0.07928615599339017
False,,0.8315504859275588,,none,0.09487647417570154
False,,1.1636504271728239,,none,0.007852236936365907
False,,1.4208266883138552,,none,0.14211493027164124
False,,0.17989933437254013,,none,0.010554290779424342
False,,1.1306715169951613,,none,0.0802176274665121
False,,0.20857791203025483,,none,0.037487826728408086
False,,0.5861710402744283,,none,0.022435420724144527
False,,0.8267426771915487,,none,0.08271088508560993
False,,0.1364485675421055,,none,0.01723625907121877
False,,0.792396077200887,,none,0.12358233803532168
False,,1.1280849080173385,,none,0.018572581011444614
False,,1.2836710941960094,,none,0.0821145294044478
False,,0.2832897140879004,,none,0.009445173462026923
False,,0.2879043008641225,,none,0.024741421069919133
False,,1.2878778243547353,,none,0.04130845341445435
False,,0.0675097498349412,,none,0.07088586892832115
False,,1.1926332267523378,,none,0.0944688211231059
False,,0.8136568931197322,,none,0.0031556034849203702
False,,0.8782969681918535,,none,0.09238882681159594
False,,0.9721739074287772,,none,0.027578335811905823
False,,0.3341749074154891,,none,0.003836096388383375
False,,0.5615022826377782,,none,0.03258774288609851
False,,0.2603094541455774,,none,0.040237408791121254
False,,0.4276647130029377,,none,0.08780208772405146
False,,0.6582334436094828,,none,0.0627388383362816
False,,0.36949713192844585,,none,0.03907077461674573
False,,0.20071137539199185,,none,0.0011345820553878842
False,,1.4190124637508763,,none,0.12270667240181292
False,,0.9033268015504913,,none,0.02654750826132479
False,,0.9096125492212552,,none,0.04091291014687225
False,,0.6685209413551743,,none,0.01686933126560592
False,,0.4940869877093706,,none,0.027353886155991516
False,,1.05827800941202,,none,0.04051987553238058
False,,0.14832278821532263,,none,0.017098273761331103
False,,0.6130223220735973,,none,0.05230322936371587
False,,0.7169163203428793,,none,0.07756115183218086
False,,0.7014597112626607,,none,0.051476246958973806
False,,0.7247943780060951,,none,0.0681885188719505
False,,0.8786283142940179,,none,0.017121595952805907
False,,1.05539880699722,,none,0.04807288759810491
False,,0.06803286938394429,,none,0.0230677304403984
False,,1.2768185523109716,,none,0.060728739187320094
False,,0.13553229659095958,,none,0.012323381128097763
False,,0.5301312424147124,,none,0.014420665159731894
False,,1.190011753619988,,none,0.00328217506056872
False,,1.1295885799748588,,none,0.0020551259800718224
False,,0.4879098527403609,,none,0.05182567001272264
