trip,trip_time_ms,k_ibr,Rf,kappa_n,model,ddr
True,20.0,0.9592312912533572,0.08160741192570514,1.000000000000003,pv_2param,5.93929931351021e-17
True,20.0,0.3703356454061306,0.14082987513218095,1.000000000000005,pv_2param,5.930432477419667e-17
True,20.0,0.7037181735132367,0.08620309218702107,1.1012010700117267,pv_2param,5.716137889147128e-17
True,20.0,0.7316744645706992,0.0056026134059363525,1.0000000000000093,pv_2param,8.151429232879807e-17
True,20.0,1.3392064107764416,0.12870576622714952,1.0000000000000056,pv_2param,8.428750609191217e-17
True,20.0,0.9413962234103692,0.1234207936079574,1.0507121257213892,pv_2param,8.547448533900245e-17
True,20.0,0.8044159152893628,0.019145227618181184,1.0000000000000013,pv_2param,9.03492710971552e-17
True,20.0,0.6893063206382333,0.16851775895559895,1.000000000000002,pv_2param,0.0
True,20.0,1.1815499534377198,0.15925279961035374,1.135169050360308,pv_2param,9.379388233591159e-17
True,20.0,0.7895346328675279,0.1205819774049747,1.0000000000000087,pv_2param,6.574334458482565e-18
True,20.0,0.8622998336701029,0.024006432709724093,1.000000000000001,pv_2param,0.0
True,20.0,1.2714610778566562,0.011481619295788082,1.000000000000001,pv_2param,4.642388241404077e-17
True,20.0,0.9093307782520215,0.016632718072745512,1.0000000000000058,pv_2param,3.347602934587575e-17
True,20.0,0.9980805413714813,0.02738783635485975,1.0000000000000067,pv_2param,7.525040270317802e-17
True,20.0,1.2250794106150367,0.17383192083917165,1.0600655623690765,pv_2param,2.5864225754730404e-17
True,20.0,1.22311917003128,0.00872626722770018,1.002223105563765,pv_2param,7.016582172048815e-17
True,20.0,1.0742518239386234,0.1593884313334178,1.0000000000000104,pv_2param,5.5873837009308e-17
True,20.0,0.9112074487853055,0.03216255135607662,1.0000000000000029,pv_2param,0.0
True,20.0,1.4165609598489555,0.12971655325246842,1.0000000000000033,pv_2param,1.0362691591557982e-16
True,20.0,1.4741957317898178,0.13109738151943062,1.0000000000000067,pv_2param,8.393580149481631e-17
True,20.0,0.4967207892636851,0.033412964255060816,1.017302347824966,pv_2param,6.175241849163275e-17
True,20.0,1.3342920003700989,0.015910866424463266,1.0000000000000042,pv_2param,4.674168310067647e-17
True,20.0,0.729003216685193,0.042576825558922,1.0000000000000058,pv_2param,1.3448956802176677e-17
True,20.0,1.0530961761074225,0.020693277395804358,1.0000000000000175,pv_2param,5.453308374960481e-17
True,20.0,0.7643122100854889,0.01170446427668681,1.002751946045575,pv_2param,1.4133505808321093e-16
True,20.0,0.6927053041216229,0.14737438290078442,1.008570411346101,pv_2param,0.0
True,20.0,1.0374595166224778,0.0785377328521305,1.0000000000000036,pv_2param,9.65681020324331e-17
True,20.0,1.1226579557629688,0.19871855252253234,1.0000000000000049,pv_2param,6.912169000029325e-17
True,20.0,1.389233250059076,0.18166129617640375,1.0015889417497839,pv_2param,6.124258939893691e-17
True,20.0,0.9766616000310904,0.015245949093242107,1.0000000000000009,pv_2param,0.0
True,20.0,0.9159078699970606,0.02719515121021403,1.0000000000000062,pv_2param,5.51155496932846e-17
True,20.0,1.0029974426049018,0.151179180367739,1.0000000000000064,pv_2param,0.0
True,20.0,0.3488727132369774,0.02746057321857376,1.008753802855648,pv_2param,1.0994923163559461e-16
True,20.0,1.2124788687905819,0.19219525972721857,1.000000000000012,pv_2param,0.0
True,20.0,0.667014522989579,0.08995668595644074,1.0000000000000122,pv_2param,7.429811795800578e-17
True,20.0,0.47856416827463244,0.11259574075033635,1.0606619724983366,pv_2param,0.0
True,20.0,1.1919483759367608,0.0341248749956071,1.0000000000000018,pv_2param,5.518331126272592e-17
True,20.0,1.380581228311321,0.06381822337131596,1.0000000000000075,pv_2param,0.0
True,20.0,1.0597986961162524,0.02567802206100074,1.0000000000000058,pv_2param,5.956247500294299e-17
True,20.0,0.43057020706090465,0.0428552132406302,1.0211250472543938,pv_2param,1.125619697787454e-16
True,20.0,0.4633870004202147,0.11065076276285796,1.0000000000000018,pv_2param,0.0
True,20.0,1.2010187507986323,0.16109167257751367,1.0000000000000089,pv_2param,5.730205117806874e-17
True,20.0,0.9751075477824243,0.0357920608286999,1.000000000000001,pv_2param,6.405370701874039e-17
True,20.0,1.3969892857172612,0.1284836102726393,1.0000000000000056,pv_2param,5.124762117091079e-17
True,20.0,1.4190542316766528,0.1201236826229004,1.0000000000000064,pv_2param,1.6153604466444197e-16
True,20.0,0.9038943061208333,0.0969709861637894,1.0000000000000027,pv_2param,1.0807469555078528e-16
True,20.0,0.615851994159361,0.12174086537176208,1.0000000000000018,pv_2param,5.2069935239181296e-17
True,20.0,0.4458470439565292,0.07475408060473335,1.0000000000000024,pv_2param,6.863273649237265e-17
True,20.0,1.0681648429542527,0.10937295044304612,1.0064655033928243,pv_2param,3.791950853508873e-17
True,20.0,1.1586453728403687,0.14534368489405167,1.0000000000000013,pv_2param,0.0
True,20.0,0.9463827523697137,0.04631701371781183,1.0000000000000056,pv_2param,0.0
True,20.0,0.6885148829800931,0.1524184625122228,1.0000000000000022,pv_2param,1.0093345211782139e-16
True,20.0,1.2869150719682227,0.023054183287787078,1.0000000000000082,pv_2param,1.557866045072735e-16
True,20.0,1.1143307132046618,0.07447419690819539,1.0000000000000033,pv_2param,1.4776037160910017e-16
True,20.0,0.4615328249885223,0.01908631353358812,1.0000000000000109,pv_2param,5.861445318248188e-17
True,20.0,1.2667463084976274,0.1294360376930056,1.0000000000000018,pv_2param,0.0
True,20.0,0.3342477918999976,0.17545249481752906,1.0000000000000009,pv_2param,0.0
True,20.0,0.6780014594554509,0.007597321299829507,1.0000000000000024,pv_2param,7.83578718475054e-17
True,20.0,0.6676003225095296,0.19826743404518082,1.0576094830714415,pv_2param,0.0
True,20.0,1.2363328920636218,0.1723276703885349,1.0000000000000029,pv_2param,3.720373025849233e-17
True,20.0,1.2349015921406459,0.17001034567481077,1.0376742936341805,pv_2param,1.2324647076307593e-16
True,20.0,0.4556283146869069,0.06454879749693246,1.000000000000002,pv_2param,2.590114816646321e-17
True,20.0,0.606167223106889,0.0639690600173911,1.0018026730460527,pv_2param,1.2679824729508439e-16
True,20.0,0.3956038039309653,0.010358495416484282,1.0821065394123779,pv_2param,1.281036268271909e-16
True,20.0,0.9826232083935038,0.0020332559492629576,1.0000000000000002,pv_2param,9.116687598020463e-17
True,20.0,1.2045023734003708,0.08035878374545402,1.0000000000000093,pv_2param,8.369608333158529e-17
True,20.0,0.4822183823090678,0.10442447396952384,1.0465833365456352,pv_2param,0.0
True,20.0,1.1358684148647813,0.06897204411002726,1.0000000000000315,pv_2param,6.534845503210367e-17
True,20.0,0.9236793593262518,0.14633571144285654,1.0000000000000053,pv_2param,7.05203310754461e-17
True,20.0,0.8154049106379269,0.008030706132907395,1.000000000000008,pv_2param,0.0
True,20.0,0.599076010416575,0.18688296784164393,1.0000000000000022,pv_2param,9.224698069371008e-17
True,20.0,1.4265564306287861,0.12818975730082244,1.000000000000015,pv_2param,7.451200916446855e-17
True,20.0,1.2995534336185042,0.07204142466881173,1.0056211061817186,pv_2param,9.900756161213798e-17
True,20.0,1.3740196498842379,0.17284568100406503,1.0000000000000004,pv_2param,4.649416339234838e-17
True,20.0,0.9150562862162062,0.18444738725244322,1.0000000000000016,pv_2param,6.931536362219197e-17
True,20.0,0.4389062063018826,0.13473317395850906,1.06826553294595,pv_2param,0.0
True,20.0,1.44403933728088,0.16056707873715476,1.0000000000000142,pv_2param,7.125118545761837e-17
True,20.0,0.38706480020671985,0.16422187863937612,1.0000000000000013,pv_2param,6.02563626365038e-18
True,20.0,0.6712169335592297,0.05935820982350964,1.0000000000000266,pv_2param,0.0
True,20.0,1.3652551065179621,0.04562669011814329,1.0000000000000047,pv_2param,6.204273921236635e-17
True,20.0,0.6394822357248966,0.19128743658302583,1.0000000000000004,pv_2param,5.766519431141563e-17
True,20.0,1.4368398300623524,0.09365574395301575,1.0000000000000027,pv_2param,0.0
True,20.0,1.3818626871336486,0.02747308900377854,1.0000000000000175,pv_2param,4.527316363855049e-17
True,20.0,1.2264366712658945,0.01022244402800967,1.0000000000000209,pv_2param,1.658128170853901e-16
True,20.0,1.4336364995389768,0.17885728469679324,1.0000000000000047,pv_2param,0.0
True,20.0,0.392214269565195,0.12430053231772176,1.0000000000000018,pv_2param,0.0
True,20.0,0.7321897313157631,0.17727442369855267,1.0000000000000013,pv_2param,4.389094070940794e-17
True,20.0,0.5795559216238504,0.004959167569421808,1.0000000000000018,pv_2param,8.992471394509904e-17
True,20.0,1.4364789959538098,0.1670077279921404,1.001176168290374,pv_2param,4.5951223606952414e-17
True,20.0,1.2865851665999988,0.12343548864206487,1.0000000000000029,pv_2param,4.7714620124146205e-17
True,20.0,1.4981727436692749,0.03929171928465663,1.0000000000000187,pv_2param,5.4350885919937065e-17
True,20.0,1.2209752093394768,0.13977620214615186,1.011722289394797,pv_2param,1.0075818449612137e-16
True,20.0,1.4959415142136039,0.11426612843433437,1.0000000000000067,pv_2param,1.9798193610461338e-17
True,20.0,1.0430298721219082,0.07064567254734337,1.0000000000000193,pv_2param,8.271647702184337e-17
True,20.0,1.26715141677414,0.11924721175315321,1.000000000000008,pv_2param,5.529824963463911e-17
True,20.0,1.0713709102617304,0.1945151401976695,1.0000000000000033,pv_2param,6.232116494285653e-17
True,20.0,0.3135982855383169,0.13059468289104734,1.000000000000001,pv_2param,7.283529148286333e-17
True,20.0,0.716852278115244,0.13628396220683808,1.0000000000000115,pv_2param,0.0
True,20.0,0.9030377303816026,0.11371271961310668,1.000000000000008,pv_2param,0.0
True,20.0,0.6592439300233974,0.17753751301015908,1.0103395094022025,pv_2param,2.1415572097649822e-17
True,20.0,1.0572888102293991,0.1557060942671894,1.0000000000000033,pv_2param,1.107391036099582e-16
True,20.0,1.4834417797066524,0.10138341731689822,1.0000000000000056,pv_2param,0.0
True,20.0,0.5845408257039825,0.1578408926868884,1.0000000000000007,pv_2param,0.0
True,20.0,0.4774262601870731,0.14720322225717491,1.000000000000002,pv_2param,5.881795423516423e-17
True,20.0,1.2239850992371921,0.07480391250246834,1.0000000000000067,pv_2param,6.907535560132901e-17
True,20.0,1.46433109997616,0.03889049465084818,1.0000000000000162,pv_2param,4.5658515054093796e-17
True,20.0,0.46167947030729833,0.11403311021872889,1.000000000000001,pv_2param,5.555492085487002e-17
True,20.0,0.3414177126331467,0.05638534426523403,1.000000000000002,pv_2param,3.102854986470205e-17
True,20.0,0.9757146227997116,0.0465610360040776,1.0000000000000067,pv_2param,0.0
True,20.0,0.4459383230435856,0.19005187940604362,1.0000000000000007,pv_2param,0.0
True,20.0,1.2471453206415564,0.10031846500335494,1.0000000000000173,pv_2param,0.0
True,20.0,0.9746121891221626,0.031125086655733727,1.0000000000000102,pv_2param,0.0
True,20.0,0.8264210104316494,0.02285357935067798,1.0000000000000158,pv_2param,0.0
True,20.0,0.8613072193328448,0.027109417754922704,1.0000000000000007,pv_2param,0.0
True,20.0,0.9485443832604386,0.03765957700435832,1.000000000000012,pv_2param,0.0
True,20.0,0.6389656002038171,0.15359186962384724,1.0000000000000129,pv_2param,0.0
True,20.0,1.1629543287239466,0.16520893519574498,1.0000000000000009,pv_2param,1.2110312586122062e-16
True,20.0,1.4758093964992265,0.19556088678369665,1.0000000000000018,pv_2param,8.996653663428223e-17
True,20.0,1.4442437264374972,0.020255972153747994,1.000000000000016,pv_2param,0.0
True,20.0,0.9504344850676052,0.13787409750089435,1.0000000000000062,pv_2param,0.0
True,20.0,1.0256591557408758,0.1917090676414498,1.0774611371023814,pv_2param,8.11727725224465e-17
True,20.0,1.0364561179386307,0.09091696643520164,1.000000000000008,pv_2param,7.478667477788513e-17
True,20.0,0.8042209428368994,0.14710069529031367,1.0097411834664338,pv_2param,1.1051702880998622e-16
True,20.0,0.9198718046695333,0.09819196802604493,1.0000000000000042,pv_2param,0.0
True,20.0,1.0000090214888153,0.15330511593405816,1.0000000000000042,pv_2param,6.202223351806815e-17
True,20.0,0.666571410126326,0.04740902851602924,1.0568206454620264,pv_2param,1.266282505213644e-16
True,20.0,0.5406050136683058,0.16886339779175752,1.0774840012902838,pv_2param,7.132121107945999e-17
True,20.0,1.2459988368224388,0.10901912708823956,1.0000000000000018,pv_2param,8.738359715085934e-17
True,20.0,0.3122216634914058,0.09555181514972262,1.0332445833056723,pv_2param,1.7268435982074916e-16
True,20.0,1.0667613185665328,0.11799576573654402,1.000000000000002,pv_2param,0.0
True,20.0,0.9435281155178172,0.19426523356590683,1.03649606267578,pv_2param,4.391542534698498e-17
True,20.0,0.9157176497727852,0.01053420268251888,1.0000000000000386,pv_2param,2.798008862547612e-17
True,20.0,1.1883343516334257,0.15398189244967053,1.042830687313529,pv_2param,1.7046847074575887e-16
True,20.0,1.114820134665889,0.05360514211621277,1.0000000000000115,pv_2param,1.4340412640796313e-16
True,20.0,1.215284010981462,0.05014751054680673,1.0000000000000138,pv_2param,7.016248880439674e-17
True,20.0,0.7852171084135207,0.17482596050651336,1.0352304246646014,pv_2param,0.0
True,20.0,0.9972163941200987,0.06886670676081884,1.000000000000017,pv_2param,0.0
True,20.0,0.7789300637878225,0.13036481553852544,1.000000000000008,pv_2param,0.0
True,20.0,1.4072269352673963,0.014630048076601045,1.000000000000002,pv_2param,1.269614053576711e-16
True,20.0,1.1139848373007624,0.13382739255695755,1.0000000000000122,pv_2param,0.0
True,20.0,0.7865687122543644,0.0760971877063027,1.0000000000000027,pv_2param,1.0558208896826225e-16
True,20.0,0.9129792305538822,0.057617157021859634,1.0000000000000235,pv_2param,0.0
True,20.0,0.9067358949866036,0.07611101641921887,1.0000000000000064,pv_2param,7.362208100546649e-17
True,20.0,0.4536170958707605,0.11057533217629399,1.0209930337489863,pv_2param,9.869860152169325e-17
True,20.0,0.5299733738192809,0.1799452571371218,1.0000000000000016,pv_2param,0.0
True,20.0,0.6146593087723542,0.04559279751694563,1.000000000000007,pv_2param,7.061758124240234e-17
True,20.0,0.7185129967785676,0.05470391069976566,1.00000000000001,pv_2param,0.0
True,20.0,0.36535972169926445,0.07070850932450859,1.0357957152991673,pv_2param,1.2910209824302768e-16
True,20.0,1.0582319488369138,0.125190900313348,1.0162332352400163,pv_2param,1.115710630499049e-16
True,20.0,0.5589085309441142,0.03036910815704055,1.000000000000004,pv_2param,8.679021518491994e-17
True,20.0,0.3810559441758453,0.05299301143835116,1.0000000000000009,pv_2param,1.1357825994780544e-16
True,20.0,0.41032895963202864,0.07484254489758595,1.008904033811588,pv_2param,0.0
True,20.0,1.067347427774076,0.03719008909349608,1.0044036489193353,pv_2param,1.3248267348723026e-16
True,20.0,1.1626534150928474,0.03178241985777868,1.0000000000000364,pv_2param,0.0
True,20.0,1.1724624284768819,0.09682696658254797,1.0000000000000084,pv_2param,1.0003568074935846e-16
True,20.0,0.43964402864106655,0.17972306757768472,1.0000000000000022,pv_2param,6.59936478071251e-17
True,20.0,0.8258391254286817,0.08537994957316085,1.0000000000000089,pv_2param,5.969355761842775e-17
True,20.0,1.0573042056949353,0.09969546640066324,1.0000000000000027,pv_2param,9.517812879961032e-17
True,20.0,1.3939910415730437,0.10908224479207101,1.0000000000000082,pv_2param,7.782148000370745e-17
True,20.0,1.3962618323106712,0.0772860466608587,1.0000000000000022,pv_2param,1.4839458910261256e-16
True,20.0,0.3564507076990685,0.16200790944387006,1.0000000000000013,pv_2param,0.0
True,20.0,0.33810689385012666,0.19364504885651532,1.0000000000000007,pv_2param,1.0627567822381841e-16
True,20.0,1.402377888709322,0.1350950151222405,1.000000000000008,pv_2param,6.076161487630077e-17
True,20.0,0.607960989652947,0.0931041698151927,1.0211740879039077,pv_2param,0.0
True,20.0,0.9394670644705174,0.08221832195842729,1.000000000000005,pv_2param,5.484487618550398e-17
True,20.0,0.5637565141621634,0.054567012791069194,1.0000000000000038,pv_2param,0.0
True,20.0,0.5244565420317822,0.14397251942068298,1.0000000000000029,pv_2param,4.908766767196928e-17
True,20.0,1.036145169109175,0.15095414830471657,1.0180485664703853,pv_2param,6.597976472208018e-17
True,20.0,0.45563548509303164,0.009257529038532475,1.0000000000000009,pv_2param,0.0
True,20.0,0.4981904795329033,0.11180518732863665,1.051215466318613,pv_2param,4.324923218987319e-17
True,20.0,0.57425831369633,0.012731386806004186,1.0725350846676367,pv_2param,4.440711858404958e-17
True,20.0,0.953312355810618,0.034218783923588236,1.0000000000000002,pv_2param,0.0
True,20.0,1.0584660435059685,0.15781176072540218,1.121035642332399,pv_2param,3.076356855657202e-17
True,20.0,1.2557395103898565,0.08782236764882348,1.0000000000000127,pv_2param,4.968052079735252e-17
True,20.0,0.7416609860563247,0.04978176250974212,1.0125017549218642,pv_2param,4.7415050652769617e-17
True,20.0,1.0483544033117518,0.12189773793732486,1.0008488585787725,pv_2param,9.991915332126293e-17
True,20.0,1.4978474167124536,0.18783572876648288,1.0000000000000175,pv_2param,5.085987133319777e-17
True,20.0,1.12128799848003,0.026488589915951623,1.0000000000000147,pv_2param,0.0
True,20.0,1.4526039661669012,0.12137765953092589,1.000000000000002,pv_2param,8.495743302998342e-17
True,20.0,0.8900133668198251,0.038816434831626806,1.0000000000000053,pv_2param,4.3226085386307396e-17
True,20.0,0.7587746657801109,0.04549553244066851,1.1037451190121843,pv_2param,1.8278887433183705e-16
True,20.0,0.8767126726405776,0.08019917896480938,1.0000000000000093,pv_2param,1.0918062305642461e-16
True,20.0,1.4764628122683914,0.15458877068489785,1.0000000000000087,pv_2param,0.0
True,20.0,0.39681805432719575,0.01619557592566876,1.0000000000000013,pv_2param,3.8453376846159865e-17
True,20.0,1.069075820324556,0.026921901229814152,1.000000000000018,pv_2param,0.0
True,20.0,0.6999157822174658,0.042000147763159884,1.0000000000000016,pv_2param,5.892019907723207e-17
True,20.0,0.35651793557375033,0.02022355100966009,1.0000000000000007,pv_2param,5.064283093410235e-17
True,20.0,0.4935679931725171,0.1663210155951134,1.0511225179286146,pv_2param,0.0
True,20.0,1.167486498678523,0.04364798122456255,1.0000000000000024,pv_2param,0.0
True,20.0,0.9324891716668617,0.19316775193970867,1.0303638067798817,pv_2param,1.6740103742811264e-16
True,20.0,1.0881665178646984,0.18733166079783237,1.0000000000000122,pv_2param,5.876817828843391e-17
True,20.0,0.5957478728379801,0.09602599192092971,1.0218267600314546,pv_2param,1.104617232529091e-16
True,20.0,0.4868689600042883,0.04870581808640591,1.003087233797447,pv_2param,7.816231785851189e-17
True,20.0,0.6623865077931159,0.1619730345871351,1.0000000000000047,pv_2param,1.1375628391694124e-17
True,20.0,0.978053309952605,0.17675134386692617,1.0452469422643138,pv_2param,0.0
True,20.0,1.2676119754992168,0.06675211935165566,1.0000000000000182,pv_2param,0.0
True,20.0,0.5834479401642916,0.13162806451740872,1.0231584438450736,pv_2param,0.0
True,20.0,1.2909626566828458,0.024691721539323797,1.0000000000000087,pv_2param,5.992504015901156e-17
True,20.0,1.1153587222458947,0.10754960255275409,1.0000000000000062,pv_2param,4.855672561024562e-17
True,20.0,0.45554554460202223,0.1391216012401907,1.0000000000000027,pv_2param,0.0
True,20.0,0.4512421646821018,0.14909108942226176,1.0000000000000013,pv_2param,4.956697519389737e-17
True,20.0,0.5927173670765963,0.03732366161113689,1.0107343121498054,pv_2param,6.00962993283871e-17
True,20.0,1.0476400765624923,0.17304453901107414,1.0000000000000102,pv_2param,9.339658414123401e-17
True,20.0,1.2411341216561667,0.1377874793647739,1.0262636265370753,pv_2param,7.412180727344816e-17
True,20.0,0.5242762266455294,0.10638429867090096,1.0000000000000093,pv_2param,4.9464170131103396e-17
True,20.0,1.3987583550247515,0.08267866197597576,1.0000000000000078,pv_2param,6.002947960670126e-17
True,20.0,0.8247286119477795,0.1706474385048693,1.0000000000000047,pv_2param,3.594198641359373e-17
True,20.0,1.068144726518262,0.10961146484944673,1.0000000000000009,pv_2param,1.7498937937051596e-16
True,20.0,0.3140349816995936,0.19777867884131375,1.0000000000000016,pv_2param,5.989136219643879e-17
True,20.0,0.5617621093405583,0.06913489671866542,1.000000000000004,pv_2param,7.127639216758691e-17
True,20.0,1.3866749053131142,0.0902546294674693,1.000000000000011,pv_2param,0.0
True,20.0,0.31183435674148047,0.04472525471291782,1.0000000000000018,pv_2param,5.484253744086331e-17
True,20.0,1.0519085961768515,0.04660419977677628,1.0000000000000044,pv_2param,9.124549860219047e-17
True,20.0,1.3477574813198956,0.03216329379841931,1.0000000000000067,pv_2param,0.0
True,20.0,1.3998817458677564,0.1731451763112748,1.000000000000005,pv_2param,9.284618495514174e-17
True,20.0,0.6927060019442577,0.05949516112508049,1.035221259911696,pv_2param,1.2556919331234762e-16
True,20.0,0.7761489161468982,0.05815635904060071,1.0000000000000069,pv_2param,5.683118275778514e-17
True,20.0,0.7885482516111637,0.15246329797261887,1.0000000000000064,pv_2param,0.0
True,20.0,0.8351415100937971,0.09766606484479873,1.0000000000000049,pv_2param,3.068035427934144e-17
True,20.0,0.7245530572034256,0.09202197600517417,1.0000000000000118,pv_2param,1.0792984284745236e-16
True,20.0,1.1167133647751326,0.17833658693905258,1.0000000000000013,pv_2param,1.1185812040471027e-16
True,20.0,1.071868645404766,0.09584795196088956,1.0000000000000113,pv_2param,4.07695721017897e-17
True,20.0,1.135669942070542,0.06556328708744329,1.0000000000000009,pv_2param,3.9070558703788304e-17
True,20.0,0.4526453736783564,0.16523026388866469,1.000000000000003,pv_2param,6.514105680646491e-17
True,20.0,0.9353757850282316,0.13420057798707183,1.0445367966880612,pv_2param,2.7299485930576462e-17
True,20.0,1.2554304473468416,0.17758515034728342,1.000000000000009,pv_2param,0.0
True,20.0,0.7936651161673911,0.1568117041621383,1.0000000000000009,pv_2param,0.0
True,20.0,1.3303966533990446,0.06458176261071998,1.0000000000000209,pv_2param,0.0
True,20.0,1.1294647827817685,0.1175944180807017,1.0000000000000024,pv_2param,8.813282522097327e-17
True,20.0,1.2831605761586578,0.04077999201883323,1.000000000000004,pv_2param,1.3440235311730986e-16
True,20.0,0.821890579875157,0.11012890884364407,1.000000000000001,pv_2param,7.127063134292942e-17
True,20.0,1.136068276570088,0.19195440319739077,1.0000000000000053,pv_2param,6.949348263285831e-17
True,20.0,0.8650178787287177,0.08947409504735991,1.0000000000000029,pv_2param,0.0
True,20.0,0.8221493435566749,0.1648625094509298,1.0000000000000082,pv_2param,6.810251377557512e-17
True,20.0,1.4306838744122343,0.13674915938559704,1.0000000000000024,pv_2param,4.555886383598564e-17
True,20.0,1.1399777743375197,0.13701847098873804,1.0000000000000013,pv_2param,0.0
True,20.0,0.5329607132859446,0.016255969960312977,1.0662045543977472,pv_2param,0.0
True,20.0,0.9457150781218371,0.09779962346564733,1.054315972196339,pv_2param,5.759308840962634e-17
True,20.0,0.624216094797932,0.08007245667587284,1.0126012240006539,pv_2param,0.0
True,20.0,0.8066130080932652,0.1912139260679416,1.0000000000000078,pv_2param,2.4688309170503698e-17
True,20.0,0.5550935269518451,0.13252075847759312,1.0000000000000009,pv_2param,1.1541182324569109e-16
True,20.0,1.255200244868501,0.017706988650310642,1.000000000000003,pv_2param,8.958375387618389e-17
True,20.0,0.6207825048724417,0.1330701507110304,1.015250443467919,pv_2param,1.1246590536939743e-16
True,20.0,1.4503271627882086,0.17320249778498956,1.0000000000000095,pv_2param,4.829837261941677e-17
True,20.0,0.4080130265201817,0.19102603479901023,1.043659868662337,pv_2param,7.484404531371017e-17
True,20.0,1.0365012047624464,0.10956686715761395,1.0000000000000082,pv_2param,4.50426118403518e-17
True,20.0,0.6179879310458443,0.08194432663047979,1.000000000000003,pv_2param,7.102356883248843e-17
True,20.0,0.5198054453135748,0.187287923340287,1.0000000000000007,pv_2param,0.0
True,20.0,0.5499503470114014,0.19984254609896746,1.015870037948174,pv_2param,1.644402941703382e-16
True,20.0,1.15032675487771,0.048905566303284555,1.0000000000000204,pv_2param,1.3608419584337306e-16
True,20.0,0.5482039510623384,0.07938994753465414,1.0000000000000036,pv_2param,0.0
True,20.0,1.3440290308599765,0.14149988273544142,1.0000000000000082,pv_2param,0.0
True,20.0,1.2815598886490454,0.06382987015700047,1.0000000000000024,pv_2param,5.134621122410095e-17
True,20.0,1.322492979991822,0.09233173115180311,1.0000000000000029,pv_2param,4.0889199432842196e-17
True,20.0,0.8648203424728855,0.11041248778143918,1.0000000000000067,pv_2param,0.0
True,20.0,0.3216069210474746,0.10131683178270615,1.0000000000000007,pv_2param,0.0
True,20.0,0.8739146347340194,0.016377870460439103,1.0000000000000229,pv_2param,0.0
True,20.0,1.0213170193333378,0.12918976661609136,1.000000000000008,pv_2param,0.0
True,20.0,0.44892693900507663,0.07163751832351906,1.037874082361931,pv_2param,4.629469245349189e-17
True,20.0,0.6527517276487169,0.10679622232750077,1.000048754049884,pv_2param,0.0
True,20.0,0.38219091484089773,0.058127150984572974,1.0000000000000036,pv_2param,1.392998819713377e-16
True,20.0,1.4230447409203157,0.188449635044904,1.000000000000003,pv_2param,9.082722161162403e-17
True,20.0,1.3017172512679696,0.16224539293269488,1.0000000000000075,pv_2param,0.0
True,20.0,1.160090093878146,0.02471683145275019,1.0000000000000047,pv_2param,6.048471849079733e-17
True,20.0,0.7792891226463232,0.14151326402051362,1.0000000000000016,pv_2param,8.118552885512928e-17
True,20.0,0.705332284033427,0.13289454726991753,1.0000000000000038,pv_2param,1.5308868709060747e-16
True,20.0,0.9171787224195886,0.16167531653566206,1.177953007494185,pv_2param,7.946262352825517e-17
True,20.0,1.4817675286619816,0.17504069490272947,1.0000000000000073,pv_2param,0.0
True,20.0,0.32942358707413916,0.05989574978570733,1.0000000000000013,pv_2param,0.0
True,20.0,0.7366840173924167,0.10079415757638632,1.0000000000000013,pv_2param,1.2836626813544014e-16
True,20.0,0.4396781482266434,0.10398450724339235,1.0089446764092511,pv_2param,3.7264936754657555e-17
True,20.0,0.3418136341714811,0.14399588535202965,1.0000000000000016,pv_2param,6.077473983241892e-17
True,20.0,0.7709558294757768,0.10929969009537695,1.0305311016652277,pv_2param,0.0
True,20.0,1.4925501313515386,0.08514172314037537,1.0033448341538391,pv_2param,1.6615858214059256e-16
True,20.0,1.119700349960937,0.18851982563381134,1.0000000000000202,pv_2param,0.0
True,20.0,0.40540559452548497,0.07904564476206394,1.038345123776474,pv_2param,0.0
True,20.0,0.7769111170980586,0.13310925140053104,1.0140861679650033,pv_2param,5.163808768386095e-17
True,20.0,0.3146120130823526,0.0028601259294308346,1.0000000000000078,pv_2param,7.386235580177603e-17
True,20.0,1.3148148479394792,0.1841266261664948,1.0831974787991017,pv_2param,1.2729908024811506e-16
True,20.0,0.8003397128317509,0.026781128979473847,1.0000000000000033,pv_2param,1.4274017869118992e-16
True,20.0,0.7268089143996624,0.16286459144775706,1.0022032748237375,pv_2param,5.3502399044052734e-17
True,20.0,0.6238717331273436,0.0919133274258358,1.0000000000000022,pv_2param,0.0
True,20.0,0.5319930994712172,0.12715607436228102,1.0529816277276964,pv_2param,8.303073106809852e-17
True,20.0,0.48662565053308726,0.03773023957643145,1.0000000000000129,pv_2param,6.054037345275226e-17
True,20.0,1.1470628907354923,0.09368982246284029,1.0000000000000135,pv_2param,1.3280159445670574e-16
True,20.0,0.8149264432907539,0.10472243004956205,1.000000000000009,pv_2param,5.754286140254689e-17
True,20.0,0.8209568620592897,0.18449278546942746,1.0000000000000044,pv_2param,8.924591160900873e-17
True,20.0,1.4113278098864128,0.06966056139167486,1.0000000000000007,pv_2param,0.0
True,20.0,0.5462423778731865,0.008806007613618804,1.0000000000000058,pv_2param,0.0
True,20.0,0.6334928701746547,0.06441411463065749,1.0000000000000127,pv_2param,0.0
True,20.0,1.3216876200866696,0.07492008670435482,1.000000000000015,pv_2param,6.507354064403826e-17
True,20.0,1.2530762057579692,0.10277802833086357,1.0000000000000042,pv_2param,8.689869823420239e-17
True,20.0,0.5001226032295079,0.06398808987062217,1.0138691833185218,pv_2param,0.0
True,20.0,0.54807448173202,0.151766841860411,1.034993144397542,pv_2param,3.372192096248871e-17
True,20.0,0.9701438074926876,0.15372872777672653,1.0053555726949537,pv_2param,9.324584421787043e-17
True,20.0,0.6716985239654896,0.1281538290614469,1.000000000000004,pv_2param,4.2350300957546486e-17
True,20.0,1.001266537831668,0.19985775534456057,1.0000000000000038,pv_2param,0.0
True,20.0,0.6208234432389411,0.04407512296728358,1.0000000000000056,pv_2param,5.344112838397082e-17
True,20.0,0.47690268657808355,0.16065698369389114,1.000000000000002,pv_2param,0.0
True,20.0,0.42823877083441064,0.06745349333980147,1.0000000000000018,pv_2param,8.969049454664046e-17
True,20.0,0.39929144910489156,0.13144968335180168,1.0062652732959676,pv_2param,1.1255494569745465e-16
True,20.0,1.411406780353656,0.0237083183361813,1.0000000000000195,pv_2param,4.385947370911074e-17
True,20.0,1.0835022065182383,0.09023775394293398,1.0000000000000007,pv_2param,8.084158624965773e-17
True,20.0,0.9087326254758348,0.125181951465695,1.0000000000000064,pv_2param,0.0
True,20.0,1.2963160151303716,0.0783781358275188,1.0000000000000184,pv_2param,1.4820757416350636e-16
True,20.0,0.46414802634206953,0.17600301523481526,1.000000000000001,pv_2param,9.7840117697317e-17
True,20.0,0.5864579476852902,0.09692091960061949,1.0483671352265744,pv_2param,0.0
True,20.0,1.216811981206885,0.07762013937762535,1.000000000000011,pv_2param,7.070510326729413e-17
True,20.0,0.3672869250242659,0.18021137425493797,1.000000000000001,pv_2param,7.07235356948921e-17
True,20.0,1.31328278075619,0.08606453347968189,1.0000000000000058,pv_2param,1.5448438929881127e-16
True,20.0,0.8088531684677307,0.18976727347321123,1.0000000000000007,pv_2param,0.0
True,20.0,0.45606452429868555,0.014989850655621972,1.0000000000000022,pv_2param,1.8308454957748928e-16
True,20.0,0.3218756905629337,0.0665229442010845,1.0013995024034512,pv_2param,1.6947418001797815e-16
True,20.0,1.3218790478806892,0.0808712219489451,1.067057436567867,pv_2param,1.9043204417008371e-16
True,20.0,1.2369680747767184,0.004217500469025803,1.000000000000003,pv_2param,4.202801858509791e-17
True,20.0,0.8250370248892469,0.009985039590126822,1.0000000000000087,pv_2param,0.0
True,20.0,1.0019924439671881,0.1325015518342275,1.0000000000000073,pv_2param,5.037803778336517e-17
True,20.0,0.4413482228966531,0.0795151243883367,1.0655241815283043,pv_2param,0.0
True,20.0,1.216213617018773,0.0026633401866007047,1.0000000000000093,pv_2param,2.5248443056653375e-17
True,20.0,1.352780557905125,0.18693579991719064,1.0000000000000073,pv_2param,9.571287476237454e-17
True,20.0,0.37372737073302004,0.13803928109647737,1.0000000000000022,pv_2param,7.091507277861044e-17
True,20.0,0.34199931739795525,0.04649197159944712,1.0000000000000029,pv_2param,5.898146379620972e-17
True,20.0,1.2425555042110903,0.1398314058381441,1.0000000000000087,pv_2param,3.9892942637358236e-17
True,20.0,1.483477843957396,0.09387203996539138,1.0000000000000073,pv_2param,1.3968005428161676e-16
True,20.0,0.7884497553087136,0.12743079962725612,1.000000000000002,pv_2param,8.297492933510639e-17
True,20.0,1.1803121111363042,0.026199769429765676,1.000000000000001,pv_2param,7.486396686142198e-17
True,20.0,0.31484616956754574,0.013287860691582765,1.000000000000007,pv_2param,5.1308134086601234e-17
True,20.0,1.0066858804150178,0.030714590992195603,1.000000000000003,pv_2param,0.0
True,20.0,0.3177553871957825,0.09883786546279988,1.0000000000000009,pv_2param,0.0
True,20.0,1.168539689479113,0.14637766603805843,1.0000000000000036,pv_2param,1.1399678881981946e-16
True,20.0,0.761833019027048,0.16638533016923246,1.003951600159999,pv_2param,6.671066229758451e-17
True,20.0,1.1879664164602066,0.05041645587254047,1.0000000000000013,pv_2param,5.93201743301829e-17
True,20.0,1.313492996832128,0.10927860347824431,1.0000000000000073,pv_2param,7.529176780917188e-17
True,20.0,0.9715037055124971,0.18131399918099417,1.0000000000000044,pv_2param,3.826017893788247e-17
True,20.0,1.1585079296343581,0.06016933781139795,1.000000000000005,pv_2param,7.493724350645434e-17
True,20.0,1.2963214381224117,0.10419823932695985,1.00000000000001,pv_2param,0.0
True,20.0,0.6131466884527961,0.056829308053546204,1.0000000000000084,pv_2param,7.962471033455504e-17
True,20.0,0.5227271310215509,0.006691430897509254,1.0252683753334133,pv_2param,9.418343051601682e-17
True,20.0,1.4480106250316944,0.06980273056269584,1.0000000000000047,pv_2param,5.2156454575866016e-17
True,20.0,0.9482787115239857,0.19791684426258355,1.0000000000000082,pv_2param,4.7090154200235e-17
True,20.0,1.3203739960677785,0.12080538252248665,1.0000000000000069,pv_2param,7.278365059100303e-17
True,20.0,0.8568249921955495,0.1622686457197676,1.058095607516368,pv_2param,6.426590598371711e-17
True,20.0,0.5922840400026581,0.0016921833148513254,1.0000000000000102,pv_2param,0.0
True,20.0,0.9952516640597704,0.07362542261962857,1.0000000000000175,pv_2param,0.0
True,20.0,1.210171822166718,0.13785693480125086,1.0318636074255711,pv_2param,6.029761502129705e-17
True,20.0,1.293307824757182,0.033828515757189016,1.0000000000000027,pv_2param,0.0
True,20.0,0.6206314140348537,0.14928662777946822,1.051943058314889,pv_2param,8.940661966846109e-17
True,20.0,0.6516411091112095,0.04440749051452904,1.0000000000000029,pv_2param,0.0
True,20.0,1.2578737266563584,0.05724514180196749,1.000000000000006,pv_2param,6.428535428956528e-17
True,20.0,1.4577660476852374,0.01007815200750626,1.0000000000000013,pv_2param,4.194835716843053e-17
True,20.0,0.8248198886822313,0.14144510879243316,1.0000000000000009,pv_2param,8.055657646423553e-17
True,20.0,0.7506178559705499,0.03274609285218686,1.0000000000000016,pv_2param,8.425618818300448e-17
True,20.0,0.3122514702163126,0.12132000802545898,1.0127671957451163,pv_2param,1.6048198961185273e-16
True,20.0,0.9396052744580352,0.003770319849236681,1.000000000000011,pv_2param,1.135050763814307e-16
True,20.0,0.6738017043045412,0.008468348080411926,1.0000000000000089,pv_2param,0.0
True,20.0,1.3460624098026444,0.11860122299716858,1.0000000000000133,pv_2param,6.385985134727456e-17
True,20.0,0.47577256142861124,0.013870411622388801,1.0000000000000069,pv_2param,0.0
True,20.0,0.4842178819874345,0.04391196197145213,1.0000000000000073,pv_2param,5.902495499378278e-17
True,20.0,0.4833005851718324,0.018305731440129792,1.0000000000000098,pv_2param,0.0
True,20.0,0.8110798636823746,0.06090350872192159,1.0000000000000087,pv_2param,1.047028722956344e-16
True,20.0,0.6438542378657233,0.13770277338429754,1.0000000000000027,pv_2param,4.3338411461174356e-17
True,20.0,1.003079703990989,0.12303022278802395,1.0000000000000024,pv_2param,9.961557781816015e-17
True,20.0,1.2254143858683915,0.033459656313992746,1.0000000000000044,pv_2param,0.0
True,20.0,0.9859748651140579,0.018477467822725524,1.0000000000000016,pv_2param,1.3521943529388523e-16
True,20.0,0.4882467722964846,0.004258540172344705,1.0000000000000013,pv_2param,0.0
False,,0.3022881416723968,0.1609898704870502,,none,0.0
True,20.0,0.7698853239431245,0.09747783046213084,1.0000000000000058,pv_2param,6.518074437022137e-17
True,20.0,0.471592435979421,0.14710660137192783,1.000000000000002,pv_2param,7.191827360410938e-17
True,20.0,0.9602573129096967,0.1669775017691838,1.0000000000000007,pv_2param,7.359378028997792e-17
True,20.0,0.6789592582975659,0.02310706276717811,1.0000000000000029,pv_2param,0.0
True,20.0,0.37193758563518986,0.1495644117170436,1.0097679144594403,pv_2param,6.139908076134041e-17
True,20.0,0.8841496398887472,0.10999808542495125,1.000000000000004,pv_2param,7.763819650321876e-17
True,20.0,1.0993490097867975,0.16342870873893256,1.0000000000000002,pv_2param,9.919111919035378e-17
True,20.0,1.19304436343595,0.023640568704265275,1.0000000000000069,pv_2param,6.136466301405758e-17
True,20.0,1.1427008962217213,0.035750322157354276,1.0000000000000009,pv_2param,1.2261089961846636e-16
True,20.0,0.6218773283765189,0.08204213050729184,1.010301828802987,pv_2param,4.211746694286591e-17
True,20.0,0.5893866664691549,0.06859403848226207,1.0000000000000042,pv_2param,0.0
True,20.0,1.4966723590766597,0.1554612454229195,1.0000000000000189,pv_2param,0.0
True,20.0,1.4379894264251343,0.0106907982775609,1.0000000000000384,pv_2param,6.747124182279508e-17
True,20.0,0.3554692122449342,0.0246426080426184,1.0079802402329185,pv_2param,0.0
True,20.0,1.2902742512039558,0.13232799143027837,1.0000000000000029,pv_2param,4.850957448353043e-17
True,20.0,1.4137429151521808,0.08004937416314001,1.0000000000000098,pv_2param,1.4412539603093542e-17
True,20.0,1.0965959545577626,0.10936894399848703,1.000000000000001,pv_2param,0.0
True,20.0,1.3662396302058053,0.1816720237464008,1.0000000000000042,pv_2param,0.0
True,20.0,0.7067771225186046,0.08432816783486514,1.0000000000000044,pv_2param,0.0
True,20.0,1.3151628063754683,0.12572940411389202,1.035095369847619,pv_2param,9.10443900117988e-17
True,20.0,0.8930978563735541,0.008132402091139346,1.0126584584535578,pv_2param,5.648528450780942e-17
True,20.0,0.9189546452766022,0.00407346418924055,1.0000000000000069,pv_2param,6.109764023629449e-17
True,20.0,0.9118249060802264,0.14486185821371722,1.081556377628157,pv_2param,6.821939441644027e-17
True,20.0,0.81339728811924,0.16166550079307987,1.0000000000000104,pv_2param,6.303858271994517e-17
True,20.0,0.8967106323025993,0.08676359352649965,1.0777770484505302,pv_2param,9.620888606529504e-17
True,20.0,1.2972899055275005,0.17553298906892212,1.0000000000000047,pv_2param,1.0737208017017247e-16
True,20.0,0.8494100982585255,0.17459197611953664,1.000000000000004,pv_2param,9.083400031282149e-17
True,20.0,1.4954802304142236,0.017257599241640144,1.0000000000000275,pv_2param,0.0
True,20.0,1.1138478690543716,0.0219552759780528,1.0000000000000155,pv_2param,2.5586166465787443e-17
True,20.0,0.7380175731382588,0.17593369464588612,1.0000000000000038,pv_2param,3.567209036014256e-17
True,20.0,1.1866305588779114,0.02454783641331444,1.0000000000000193,pv_2param,5.0121171858196073e-17
True,20.0,0.5522205081091088,0.07436606664315773,1.0000000000000124,pv_2param,6.523294498884923e-17
True,20.0,0.9050111999012798,0.18892441975101223,1.0000000000000036,pv_2param,8.701722165248198e-17
True,20.0,1.1448087490039258,0.052623167954414955,1.0000000000000109,pv_2param,6.449458202576426e-17
True,20.0,1.293169942290806,0.08498150574156736,1.0547595934441687,pv_2param,0.0
True,20.0,0.828612938738635,0.013608503223623392,1.0236709868981828,pv_2param,1.112864681234284e-16
True,20.0,1.0740668091032954,0.015532084628243426,1.0000000000000047,pv_2param,5.872424833559147e-17
True,20.0,0.5620156583920433,0.19616128551391976,1.0000000000000069,pv_2param,9.782585756068975e-17
True,20.0,1.074171467279521,0.14320209051951485,1.1760156127756916,pv_2param,1.4637481765382427e-16
True,20.0,1.1453790752335749,0.05335172275964444,1.0000000000000069,pv_2param,1.3188545434570608e-16
True,20.0,1.313496672378551,0.07565199540614953,1.0000000000000069,pv_2param,5.705032838032805e-17
True,20.0,0.7164167189434019,0.19708212977824388,1.05949599795786,pv_2param,9.781936159511356e-17
True,20.0,1.1363894482420014,0.1600511544815237,1.0243221316478788,pv_2param,0.0
True,20.0,1.4598550742957743,0.10693921118498972,1.00000000000001,pv_2param,7.883117553426581e-17
True,20.0,1.2963641273252065,0.07666429570368226,1.0386084809568465,pv_2param,4.2466099644273334e-17
True,20.0,1.1266935855869855,0.04336727879978533,1.0000000000000069,pv_2param,4.9805403760741035e-17
True,20.0,1.0486242796218135,0.037658136043155516,1.0000000000000047,pv_2param,1.3230240864462387e-16
True,20.0,0.8933973656315575,0.14566746367048253,1.0648515193066914,pv_2param,6.999013472476244e-17
True,20.0,0.6572508429699315,0.1294823564298981,1.0000000000000042,pv_2param,0.0
True,20.0,0.44582408255843387,0.05777072208666707,1.0147386609604092,pv_2param,8.876887807828081e-17
True,20.0,0.6187469984881235,0.12324311744367798,1.0000000000000027,pv_2param,0.0
True,20.0,0.4055702639649271,0.14212264609764874,1.0493020832408326,pv_2param,7.628487058744058e-17
True,20.0,1.2295792447675071,0.1995945709244938,1.0000000000000018,pv_2param,0.0
True,20.0,0.649636678335036,0.0841069252513083,1.0000000000000064,pv_2param,1.5236954463290698e-17
True,20.0,1.391412458131637,0.039373741356307224,1.0000000000000084,pv_2param,1.0840014088644742e-16
True,20.0,0.7947313350180296,0.0071762674839639835,1.0128858009741177,pv_2param,1.869797680144562e-16
True,20.0,0.4639407606999512,0.04485891451714297,1.1281241250405991,pv_2param,3.574833716555607e-17
True,20.0,0.7284632205288855,0.14968463018334505,1.0000000000000075,pv_2param,4.9056647481727703e-17
True,20.0,1.114418708508277,0.08681987563357488,1.0151029998149603,pv_2param,7.463509479876899e-17
True,20.0,0.47128087148521763,0.01758459721989434,1.0090176887341826,pv_2param,9.462482934135925e-17
True,20.0,0.43575770549776227,0.09382309347672967,1.0399142228188798,pv_2param,5.849880218675776e-17
True,20.0,0.8441125068350026,0.048866230219226474,1.0000000000000049,pv_2param,6.505699282104656e-17
True,20.0,0.7568081532512194,0.016975580769418075,1.0000000000000175,pv_2param,0.0
True,20.0,0.5126002860065377,0.062383621196072325,1.1055973856774852,pv_2param,7.725754513721001e-17
True,20.0,0.8422075610813071,0.10605823827964872,1.000000000000004,pv_2param,1.838156613651543e-16
True,20.0,0.5747483424629636,0.14400597968777615,1.0000000000000009,pv_2param,1.014692325620016e-16
True,20.0,0.9200803787742051,0.05790181840797688,1.0000000000000162,pv_2param,0.0
True,20.0,1.2693840201875892,0.1074699159683439,1.0000000000000007,pv_2param,0.0
True,20.0,1.0125598905607316,0.1630007895075098,1.0110558943614727,pv_2param,1.5988795798627479e-16
True,20.0,1.2483389151520623,0.10664402943953198,1.038408787730791,pv_2param,4.388386015365189e-17
True,20.0,0.49228739962414103,0.0708005671006422,1.0554305488991993,pv_2param,8.336512492317846e-17
True,20.0,1.0249325874017945,0.1763614042598963,1.1075385121721357,pv_2param,7.757010832174048e-17
True,20.0,0.6806717131584492,0.0035992387423087416,1.0000000000000147,pv_2param,1.0982925396684352e-16
True,20.0,0.3817089579278338,0.11535655530395533,1.000000000000001,pv_2param,9.351177612799948e-17
True,20.0,1.1400991033703325,0.17709935022155956,1.0000000000000009,pv_2param,6.905144115004069e-17
True,20.0,1.2298642843363385,0.1197460832343787,1.0000000000000062,pv_2param,8.446784377856416e-17
True,20.0,0.6735698763684672,0.1603194649587168,1.0000000000000004,pv_2param,0.0
True,20.0,0.8919797366787166,0.17743963882091293,1.1643698084776433,pv_2param,6.89231267657745e-17
True,20.0,0.7849591019959341,0.060564793550820006,1.0000000000000009,pv_2param,0.0
True,20.0,0.7803490187292937,0.16846855411771364,1.0000000000000013,pv_2param,5.058712728534245e-17
True,20.0,0.8236369979625187,0.015964130020443192,1.0000000000000036,pv_2param,1.3354930403955253e-16
True,20.0,1.0996362435368772,0.0912614797117215,1.000000000000002,pv_2param,2.0212939577644725e-16
True,20.0,1.4966392003103959,0.12906480668011677,1.0000000000000067,pv_2param,7.108906367793988e-17
True,20.0,0.8517392561350539,0.12531724705908834,1.0000000000000093,pv_2param,1.26708926032333e-16
True,20.0,0.3056268502777499,0.04052840571590817,1.0000000000000007,pv_2param,1.7284547803443434e-16
True,20.0,0.5503400303766955,0.17455744038230733,1.0233534619845004,pv_2param,7.474706330949778e-17
True,20.0,0.5343054419325048,0.19495961899278885,1.0780436651945962,pv_2param,1.4690924814834734e-16
True,20.0,0.5166337691363623,0.11291282147288043,1.000000000000001,pv_2param,4.992923084566548e-17
True,20.0,0.5978321422972699,0.10140435414650512,1.0285962956773091,pv_2param,0.0
True,20.0,1.2936077374414654,0.03358628726872566,1.0000000000000122,pv_2param,0.0
True,20.0,0.9214905328648229,0.029558828062968168,1.0000000000000016,pv_2param,1.5473407826483428e-16
True,20.0,0.4744683652797831,0.10442750657217353,1.0731162843031568,pv_2param,9.841760010653483e-17
True,20.0,1.4938793063617346,0.044328913333216736,1.0000000000000062,pv_2param,7.531991100124254e-17
True,20.0,0.6993298336057396,0.0761713409070092,1.000000000000002,pv_2param,1.4589031649801627e-16
True,20.0,0.8548271883394947,0.036552133535081535,1.000000000000014,pv_2param,2.4671153280570995e-17
True,20.0,0.5655236666935648,0.023965829838388488,1.0799428256712555,pv_2param,1.6919726991780027e-16
True,20.0,0.8600423505744388,0.15512970213313537,1.000000000000006,pv_2param,0.0
True,20.0,1.0228517560156833,0.16662041553966145,1.0000000000000002,pv_2param,0.0
True,20.0,0.5574001625766114,0.10710816300436402,1.055619459278983,pv_2param,4.117757494549966e-17
True,20.0,0.9778159643009001,0.04124854717585389,1.000000000000001,pv_2param,0.0
True,20.0,0.3767464706643844,0.16587968686544222,1.065070343094726,pv_2param,6.935736669079342e-17
True,20.0,1.1587622032978655,0.10734906107914532,1.0000000000000056,pv_2param,0.0
True,20.0,1.168171493983587,0.07155931048767115,1.0000000000000002,pv_2param,0.0
True,20.0,0.5444133049109539,0.1913121226630492,1.0000000000000016,pv_2param,2.552260750915335e-17
True,20.0,1.2719770154530892,0.038620655702377715,1.000000000000015,pv_2param,5.630877490675828e-17
True,20.0,0.9067964913403617,0.015221483837717953,1.000000000000005,pv_2param,5.699812299491891e-17
True,20.0,1.1035127095019568,0.14609349638625158,1.000000000000003,pv_2param,1.0768195220334648e-16
True,20.0,1.3038254252991688,0.009390852495013636,1.0000000000000009,pv_2param,8.613688017664631e-17
True,20.0,0.5995839156244546,0.005326082041479108,1.0000000000000142,pv_2param,4.5922930417443015e-17
True,20.0,0.45711978961874755,0.05340106767997963,1.000000000000001,pv_2param,9.595819553984628e-17
True,20.0,1.0882768752892162,0.008611535592882302,1.0000000000000029,pv_2param,6.256084146520778e-17
True,20.0,0.5814470858436585,0.07491371990285016,1.0004651080613398,pv_2param,5.152851053807288e-17
True,20.0,1.1762893520916287,0.002551093806449245,1.0000000000000244,pv_2param,8.514170447485126e-17
True,20.0,1.2342724221929158,0.03720692141398483,1.000000000000039,pv_2param,8.222289460054929e-17
True,20.0,0.9446995352774623,0.03780833953615233,1.0000000000000073,pv_2param,0.0
True,20.0,1.3033441325472537,0.07359576255698726,1.000000000000003,pv_2param,1.1695602867016248e-16
True,20.0,1.3186513360941257,0.002976713751678184,1.000000000000021,pv_2param,8.90232880603402e-17
True,20.0,1.1241485849675033,0.09573639648797533,1.000000000000002,pv_2param,8.112432906729055e-17
True,20.0,0.3499300983857846,0.07675641985289357,1.0000000000000004,pv_2param,7.598932959585826e-17
True,20.0,1.4198249798730367,0.005076467537610707,1.0000000000000127,pv_2param,8.293716771933438e-17
True,20.0,0.8118014790572521,0.08446447376210893,1.0752371375636958,pv_2param,1.1432752665397836e-16
True,20.0,0.4452450590650503,0.1414421844556458,1.0479793707851166,pv_2param,0.0
True,20.0,0.8122501206685107,0.11688319865554037,1.0000000000000027,pv_2param,6.967876557696312e-17
True,20.0,0.6279306909724007,0.1349954021128228,1.0000000000000007,pv_2param,0.0
True,20.0,1.0017484361008595,0.07776549545911174,1.0000000000000087,pv_2param,1.0378173982611725e-16
True,20.0,0.8698888456500942,0.16748335350455532,1.0010093543313505,pv_2param,7.365063096285426e-17
True,20.0,0.970676596537829,0.00824951490287147,1.0000000000000069,pv_2param,1.1858561223859264e-16
True,20.0,1.018607261641198,0.1207676849690139,1.0000000000000016,pv_2param,1.499840993264898e-16
True,20.0,0.6272265684309017,0.024992787391972127,1.0000000000000022,pv_2param,4.6852953377261507e-17
True,20.0,1.3306236693942157,0.1768965175548718,1.0028471718044452,pv_2param,7.061967210790263e-17
True,20.0,0.6190248533259805,0.1844805780885311,1.0000000000000013,pv_2param,5.992429779714196e-17
True,20.0,1.2981191469492126,0.13285893233527407,1.0016161533579482,pv_2param,1.6217104767000126e-16
True,20.0,1.1782764889280841,0.19028041339113955,1.0356404385214737,pv_2param,6.241061318269873e-17
True,20.0,0.43062294835600573,0.1352560707750937,1.0695663952963281,pv_2param,6.404150819533395e-17
True,20.0,0.6515663385462995,0.1985844361666359,1.0286105093394657,pv_2param,1.6412314426110946e-16
True,20.0,0.7851970757388747,0.0635908338700207,1.012735557926745,pv_2param,1.506901415002206e-16
True,20.0,0.5519398105102084,0.10966308082827927,1.0000000000000022,pv_2param,1.0854219657183347e-16
True,20.0,1.361606770014191,0.10761340411109165,1.0000000000000036,pv_2param,2.5933645353630255e-17
True,20.0,0.4715001351698344,0.07446960811895582,1.0000000000000033,pv_2param,0.0
True,20.0,1.0572322997706372,0.10358778008513439,1.000000000000002,pv_2param,0.0
True,20.0,1.4631716256651475,0.1328703379255268,1.0000000000000118,pv_2param,1.4542785919294907e-16
True,20.0,0.9479394127407015,0.08675339987509899,1.000000000000004,pv_2param,9.624192579164377e-17
True,20.0,0.848595211408532,0.15395553070331588,1.0059223232399885,pv_2param,0.0
True,20.0,1.376766226785098,0.09230324335508938,1.0000000000000118,pv_2param,7.001720151759789e-17
True,20.0,0.9759102135202771,0.056475592071534124,1.0000000000000315,pv_2param,0.0
True,20.0,1.2648775376363675,0.13453790170398763,1.0435925796809729,pv_2param,5.320388202615144e-17
True,20.0,1.281097335710478,0.1982980079464091,1.0000000000000078,pv_2param,6.479164468767378e-17
True,20.0,1.2320914911058378,0.02233981931512983,1.0000000000000013,pv_2param,1.0875539602186541e-16
True,20.0,0.3120541302737957,0.08153422355090417,1.0618808631035672,pv_2param,0.0
True,20.0,0.9093560862310344,0.009513204453279656,1.0000000000000124,pv_2param,6.657403107669642e-17
True,20.0,1.2892024445942536,0.05601447189928935,1.0000000000000109,pv_2param,6.054481434143099e-17
True,20.0,0.7898061216941157,0.10238709056729248,1.0000000000000038,pv_2param,0.0
True,20.0,0.6046113788022153,0.16159765717748037,1.0366687347081092,pv_2param,5.240383516290671e-17
True,20.0,1.1118071881272356,0.11793416895066969,1.0000000000000009,pv_2param,9.737526556925681e-17
True,20.0,0.7819706335198043,0.08679731535112015,1.0049329880562075,pv_2param,5.650854268104709e-17
True,20.0,0.36253733524131443,0.11317047263380259,1.0000000000000022,pv_2param,0.0
True,20.0,0.8812614330896076,0.16363841073161897,1.000000000000001,pv_2param,1.822188184636108e-17
True,20.0,0.6055661187915189,0.08518675546269494,1.009954609527415,pv_2param,1.1806318125570804e-17
True,20.0,0.38392872355884855,0.060203560957365544,1.0000000000000016,pv_2param,6.276531084858056e-17
True,20.0,1.1008442745206943,0.07169360173651262,1.0000000000000138,pv_2param,7.006788950458106e-17
True,20.0,0.395067228376536,0.07711927263621382,1.0589375334242066,pv_2param,7.117064747661593e-17
True,20.0,1.273020970891576,0.05534001458130855,1.0000000000000049,pv_2param,1.2702965709349643e-16
True,20.0,0.9348857613657298,0.027843356829809054,1.0000000000000047,pv_2param,0.0
True,20.0,1.208513653292627,0.1596799276639278,1.0000000000000053,pv_2param,0.0
True,20.0,0.3936920539793759,0.010305200448789398,1.0000000000000042,pv_2param,6.27021133777453e-17
True,20.0,0.9279143868138522,0.19421025236239384,1.0000000000000075,pv_2param,4.135955374441105e-17
True,20.0,0.9679392201030041,0.191564653188732,1.000000000000005,pv_2param,0.0
True,20.0,0.7218691498818421,0.015388278026769587,1.0300685441753212,pv_2param,4.4280487062038656e-17
True,20.0,1.3326614217538912,0.17828349345859187,1.0000000000000078,pv_2param,9.241184932498261e-17
True,20.0,0.9230614374962871,0.08438960311415596,1.0000000000000064,pv_2param,5.902780508480929e-17
True,20.0,0.5676612696832068,0.10667627567604938,1.0000000000000053,pv_2param,5.432743643245256e-17
True,20.0,0.5563800354298157,0.1676727281567386,1.0534104676075544,pv_2param,5.919977704124175e-17
True,20.0,0.47316464870233105,0.07016663033345127,1.027627749823541,pv_2param,2.0535092655969137e-17
True,20.0,0.7088821829970573,0.01971840703482324,1.0000000000000075,pv_2param,0.0
True,20.0,0.32366847839790885,0.07549056402896025,1.0826075417828427,pv_2param,9.200698668171917e-17
True,20.0,0.5074903208152961,0.1375919575240496,1.000000000000001,pv_2param,9.492926283472039e-17
True,20.0,0.9625694979098067,0.09497255971010343,1.0000000000000047,pv_2param,1.542087062864626e-16
True,20.0,1.0724901680628895,0.11363707052952202,1.0000000000000129,pv_2param,8.734454196733728e-17
True,20.0,0.426966221512719,0.08000666613562527,1.0000000000000033,pv_2param,1.0203626399767427e-16
True,20.0,0.8527530268438732,0.117797385704213,1.0000000000000018,pv_2param,0.0
True,20.0,1.042020647329642,0.12973011280882044,1.000000000000009,pv_2param,1.7534187057009044e-16
True,20.0,0.679607307030753,0.09899175671720634,1.000000000000003,pv_2param,0.0
True,20.0,1.2579983569975284,0.09994241054591389,1.0000000000000007,pv_2param,4.62709221185698e-17
True,20.0,0.5344118695581173,0.19698700396914137,1.0252430229076326,pv_2param,3.694966553910474e-17
True,20.0,0.4583837592450876,0.03095764862928776,1.0309204440670006,pv_2param,0.0
True,20.0,1.3967200410815226,0.16288981629322344,1.000000000000022,pv_2param,1.549243681820755e-16
True,20.0,0.7463293275466347,0.15512271473293104,1.000000000000012,pv_2param,0.0
True,20.0,0.6941497718266527,0.17368056582297708,1.0183673105387427,pv_2param,8.119111265837548e-17
True,20.0,0.6815395357739376,0.11898593128506492,1.000000000000008,pv_2param,7.691962355350793e-17
True,20.0,1.0313808995055307,0.14300005419489498,1.0000000000000104,pv_2param,1.1402234310053057e-16
True,20.0,0.8361462983342349,0.13004482459011885,1.0000000000000027,pv_2param,6.937731535158465e-17
True,20.0,0.46636592474566396,0.12756774943643412,1.0485738512347387,pv_2param,5.5267613674005073e-17
True,20.0,0.3586094914849218,0.16034643265104653,1.0000000000000016,pv_2param,1.0828754143560672e-16
True,20.0,1.017887630578197,0.05796963662989692,1.0000000000000082,pv_2param,4.1103028029634496e-17
True,20.0,1.0890106534753328,0.10264202462301596,1.0000000000000022,pv_2param,0.0
True,20.0,0.3551230532429884,0.03172644312048867,1.023348966916128,pv_2param,0.0
True,20.0,0.7768002626520043,0.17438232289502195,1.0478971713668357,pv_2param,5.0149394079108416e-17
True,20.0,1.3073306041288426,0.13910318738442567,1.000000000000023,pv_2param,1.2874427084372423e-16
True,20.0,0.3001906690406958,0.14813817578656735,1.046924114953775,pv_2param,6.107119003757268e-17
True,20.0,0.4780952914721314,0.0022817362937838093,1.0000000000000027,pv_2param,1.2043462673031011e-16
True,20.0,0.8435863609423007,0.1079400409080257,1.0000000000000064,pv_2param,6.416307681634971e-17
True,20.0,0.7919839405695364,0.06108047178687224,1.0000000000000053,pv_2param,1.0725471500153976e-16
True,20.0,0.9720621270224725,0.1985776293202289,1.0000000000000098,pv_2param,0.0
True,20.0,1.1597111212891036,0.09967290490039847,1.0000000000000049,pv_2param,8.063974728086697e-17
True,20.0,1.4729608905329028,0.13376807410643254,1.0000000000000149,pv_2param,7.59003999024357e-17
True,20.0,0.5526163276990479,0.1592794720686773,1.0000000000000007,pv_2param,0.0
True,20.0,1.3344707496922312,0.19731802349659416,1.000000000000023,pv_2param,8.620495926112749e-17
True,20.0,0.5407200579118533,0.1576868693314064,1.0562781240506023,pv_2param,9.801117150710463e-17
True,20.0,1.2917137556348224,0.16535064508423256,1.000000000000002,pv_2param,0.0
True,20.0,1.0043477551728743,0.13557535266868556,1.015427073450561,pv_2param,8.737481477843191e-17
True,20.0,1.4210022032923244,0.04474398029441873,1.0000000000000169,pv_2param,9.949305899542848e-17
True,20.0,1.0562944082597459,0.07256382206120353,1.0000000000000093,pv_2param,0.0
True,20.0,0.8523574452899054,0.02576373902518783,1.0000000000000127,pv_2param,0.0
True,20.0,1.2455638162215819,0.12171906294562554,1.0742759903876822,pv_2param,5.1393597003253747e-17
True,20.0,1.458878852242302,0.10598195146676624,1.0427144481195485,pv_2param,6.570156016298463e-17
True,20.0,0.382291312731203,0.167892979640486,1.000000000000002,pv_2param,1.8633701748591054e-17
True,20.0,1.0472214290687203,0.003122756797316262,1.0000000000000064,pv_2param,4.963594132083639e-17
True,20.0,1.2262052597502702,0.1273479208063538,1.0569994019247797,pv_2param,5.290136644763234e-17
True,20.0,0.5441945194360744,0.11267491088908757,1.0313893759831054,pv_2param,5.514029557904354e-17
True,20.0,1.1913568130562442,0.18735675193530602,1.0087546596390833,pv_2param,6.196541829230816e-17
True,20.0,0.35028229122670695,0.05176823177269588,1.000000000000001,pv_2param,1.807506004402495e-16
True,20.0,1.0217695178410995,0.03201374694050194,1.0000000000000127,pv_2param,6.500222010473566e-17
True,20.0,1.1411806997903808,0.06427294094324572,1.0000000000000044,pv_2param,6.369210067601712e-17
True,20.0,1.0743995590056397,0.08977893104171937,1.0000000000000158,pv_2param,7.76851369911843e-17
True,20.0,1.0967559410188927,0.13293262468302536,1.0000000000000024,pv_2param,8.820094604813171e-17
True,20.0,0.6407300032114187,0.04103992354155091,1.000630411155498,pv_2param,6.885277982942872e-17
True,20.0,0.47836222637745596,0.18948974916899108,1.0119545984985912,pv_2param,1.611426915078244e-17
True,20.0,0.5526356071024081,0.03869896956199286,1.0000000000000004,pv_2param,0.0
True,20.0,1.2236740065157232,0.03536241103832443,1.0000000000000056,pv_2param,0.0
True,20.0,0.5221514410458088,0.19282093815609072,1.0648098269452066,pv_2param,1.1131521629529432e-16
True,20.0,0.7304126242066453,0.05226840934734078,1.0000000000000064,pv_2param,1.7207633457716343e-16
True,20.0,1.2356224178334263,0.07191009020450086,1.000000000000017,pv_2param,7.777680486862662e-17
True,20.0,0.4909073355991207,0.14757908671061568,1.0355052301498215,pv_2param,2.287598783981306e-16
True,20.0,0.3748236790844387,0.12715665224856362,1.0175035252385232,pv_2param,9.355570663005739e-17
True,20.0,0.6132873678080233,0.04790329072450057,1.0000000000000056,pv_2param,6.129305590641996e-17
True,20.0,0.8192802593693569,0.0689448532384158,1.0000000000000129,pv_2param,2.6787388014239774e-17
True,20.0,1.2862191753542374,0.18206678268091134,1.000000000000002,pv_2param,8.226734020462543e-17
True,20.0,0.8011259078778847,0.18221271108730133,1.0572935218222195,pv_2param,4.894635374681553e-17
True,20.0,1.4641334902914829,0.17500455530522138,1.0000000000000044,pv_2param,0.0
True,20.0,1.0153461682191958,0.08660418219782602,1.000000000000009,pv_2param,4.283591841697481e-17
True,20.0,0.5886623291591504,0.18241667363271816,1.0712588690938352,pv_2param,1.2461849333063066e-16
True,20.0,0.4490689660022431,0.11926765124026657,1.0000000000000016,pv_2param,8.541381197601532e-17
True,20.0,0.9083680126383857,0.1226702967189432,1.0000000000000029,pv_2param,2.4056538951167328e-17
True,20.0,0.6793313882064365,0.13430569669388004,1.0004935578136227,pv_2param,7.509657755768408e-17
True,20.0,1.3476615539686778,0.0766760523830741,1.0000000000000175,pv_2param,1.2439109018934238e-16
True,20.0,1.4044702844542616,0.04285043324695357,1.0000000000000122,pv_2param,5.419420283762137e-17
True,20.0,1.301660825924522,0.11945152046411445,1.0000000000000016,pv_2param,4.091644012668341e-17
True,20.0,1.0626815884047576,0.12679394963472132,1.0288834339387514,pv_2param,0.0
True,20.0,1.3499972528138149,0.1639935136713738,1.000000000000005,pv_2param,0.0
True,20.0,0.9377436833430952,0.0979398956005879,1.0000000000000095,pv_2param,0.0
True,20.0,0.3508198772719567,0.09819119877978498,1.0333328904610597,pv_2param,3.173832829647318e-17
True,20.0,1.0358503467121976,0.1518076959422784,1.00000000000001,pv_2param,0.0
True,20.0,1.3425398298341398,0.12903697067634198,1.0409340939224416,pv_2param,7.21383765659859e-17
True,20.0,0.3941944792896042,0.0013862132983683884,1.0000000000000075,pv_2param,0.0
True,20.0,0.5878365267288082,0.08055518055953313,1.0000000000000022,pv_2param,1.975962644208147e-17
True,20.0,1.025848381946472,0.0375283494399064,1.000000000000011,pv_2param,0.0
True,20.0,1.3500790947965218,0.055903556808585525,1.000000000000001,pv_2param,5.571360189960732e-17
True,20.0,1.2834967831339792,0.04795045740558013,1.0000000000000042,pv_2param,0.0
True,20.0,0.9023339823371501,0.18723674223362946,1.0000000000000036,pv_2param,6.486660457155684e-17
True,20.0,1.0183460416728203,0.17012713147430003,1.0006840113194717,pv_2param,3.63742105562699e-17
True,20.0,0.46572137177118517,0.14036894851908288,1.0777817915819554,pv_2param,7.763989384304121e-17
True,20.0,0.4149849824468023,0.10220848835571417,1.0000000000000009,pv_2param,0.0
True,20.0,0.3514942292337637,0.12446011295058829,1.0138808666338177,pv_2param,4.5129520471976206e-17
True,20.0,1.1056021369325872,0.043643595930154634,1.0000000000000107,pv_2param,0.0
True,20.0,0.48247209738313324,0.12304735948170352,1.0437382240636466,pv_2param,5.1919796269470364e-17
True,20.0,1.2996486274726506,0.0897761441921629,1.0000000000000002,pv_2param,8.980985894208388e-17
True,20.0,0.7182239170421034,0.15581029176856434,1.000000000000005,pv_2param,0.0
True,20.0,0.6091296943560816,0.02601601010179835,1.0320001354471962,pv_2param,0.0
True,20.0,1.085180489880464,0.008901433675462212,1.0000000000000167,pv_2param,8.828099347730224e-17
True,20.0,1.0905817230040467,0.1458345728935871,1.0000000000000049,pv_2param,5.77617351895543e-17
True,20.0,0.6681602611830207,0.08961220574821023,1.000000000000012,pv_2param,5.397103150377509e-17
True,20.0,1.1126426431153893,0.10205986025392418,1.0000000000000095,pv_2param,5.003679591712944e-17
True,20.0,1.2237484182680578,0.06335575213632676,1.0000000000000016,pv_2param,0.0
True,20.0,0.6285058347510666,0.15967772213915957,1.0447364765217915,pv_2param,2.909542733701962e-16
True,20.0,1.2556630409869856,0.05151193572225868,1.000000000000008,pv_2param,0.0
True,20.0,1.3110707317196033,0.02149902235959622,1.0000000000000326,pv_2param,8.879194101496668e-17
True,20.0,1.3230881575767208,0.07508220113079352,1.0000000000000058,pv_2param,0.0
True,20.0,1.1675312470875845,0.1264895288972376,1.0000000000000024,pv_2param,9.468759690556717e-17
True,20.0,0.6328592248525897,0.011576896495951505,1.0000000000000095,pv_2param,0.0
True,20.0,0.4207374724656872,0.0033347395731602838,1.0000000000000084,pv_2param,5.666001906688025e-17
True,20.0,0.5930458498054937,0.15204848721427347,1.0000000000000009,pv_2param,1.0024165766184396e-16
True,20.0,0.4376133965518091,0.12480509084870116,1.0789105279061453,pv_2param,7.767215421399276e-17
True,20.0,0.5101548510412709,0.08184161288946108,1.032512602454658,pv_2param,7.98435290068825e-17
True,20.0,1.1474981454467224,0.016623761427122075,1.0000000000000207,pv_2param,0.0
True,20.0,0.6458643219528373,0.19785259821722134,1.0000000000000009,pv_2param,0.0
True,20.0,0.8936113508013095,0.13116268455818259,1.0000000000000018,pv_2param,0.0
True,20.0,1.161445021602807,0.15191104602310498,1.0000000000000022,pv_2param,0.0
True,20.0,1.0323813285434147,0.1150949685259568,1.0000000000000029,pv_2param,0.0
True,20.0,1.1835802729448506,0.10478900996061134,1.0000000000000056,pv_2param,9.633280109420868e-17
True,20.0,1.3658451244100442,0.07331262251551843,1.000000000000008,pv_2param,6.831482097058307e-17
True,20.0,1.2421096635382085,0.18099002606239725,1.0000000000000044,pv_2param,5.4823710431640005e-17
True,20.0,1.220978015163135,0.08172421989019418,1.0000000000000104,pv_2param,0.0
True,20.0,1.1759821353442765,0.06346595297227985,1.0000000000000009,pv_2param,0.0
True,20.0,0.3196817454768213,0.07705540888571974,1.0002321300572845,pv_2param,0.0
True,20.0,0.6552415729895089,0.11096021307471748,1.1530850742631935,pv_2param,7.250136268415014e-17
True,20.0,1.0177192622035125,0.16479845208549138,1.0614878815430702,pv_2param,3.1155413476147193e-16
True,20.0,0.835461782405384,0.022080010560212294,1.0000000000000073,pv_2param,6.294377304706104e-17
True,20.0,0.9766951974222837,0.022799178192805015,1.0000000000000153,pv_2param,9.209406030956527e-17
True,20.0,0.7129005241167827,0.01763763837382686,1.0000000000000002,pv_2param,1.5106134783529955e-16
True,20.0,1.1834501187549116,0.15965666665355527,1.0000000000000073,pv_2param,0.0
True,20.0,0.3533380232024748,0.011394603135002691,1.0000000000000016,pv_2param,8.727399433817026e-17
True,20.0,0.33822596983861936,0.052395433674315386,1.0021887866279788,pv_2param,0.0
True,20.0,0.7488050556852427,0.0587917193374484,1.000000000000014,pv_2param,9.036466933095396e-17
True,20.0,0.8083112051500203,0.008115692416752696,1.0000000000000187,pv_2param,1.2738485000729667e-16
True,20.0,1.001417130947568,0.07626323049319161,1.000000000000003,pv_2param,8.781064770752879e-17
True,20.0,0.8739480770326093,0.02463697634563469,1.0000000000000193,pv_2param,8.253036296090922e-17
True,20.0,1.1974934907732422,0.16228208952159287,1.0589381755801952,pv_2param,2.9448546090232e-17
True,20.0,0.41100395292270664,0.06035971796146933,1.034684211485658,pv_2param,1.745109503240271e-16
True,20.0,0.49909937129788184,0.0549959591189455,1.0000000000000069,pv_2param,1.5404159381285214e-16
True,20.0,1.2439274373013454,0.03130313658983948,1.0615457340100878,pv_2param,7.162556174559946e-17
True,20.0,0.3957535974608035,0.015295289408130942,1.000000000000004,pv_2param,8.17631483544109e-17
True,20.0,1.3156390147999486,0.03196150302509806,1.000000000000005,pv_2param,8.072086627522467e-17
True,20.0,0.8016459872011992,0.03162460581300299,1.0000000000000022,pv_2param,7.745493348352449e-17
True,20.0,0.6170280406346826,0.01231976560382251,1.0000000000000049,pv_2param,8.335317845577936e-17
True,20.0,1.3435426710068283,0.017252602848080747,1.0000000000000182,pv_2param,0.0
True,20.0,0.45278032611248564,0.036374351066619307,1.0453934172158763,pv_2param,1.3583796425817924e-16
True,20.0,0.6207492848409987,0.17359616335508013,1.0000000000000022,pv_2param,8.985231494872504e-17
True,20.0,1.3516084192564881,0.17715606592466304,1.0000000000000016,pv_2param,9.068043688890744e-17
True,20.0,0.3846852441753659,0.08857216168430765,1.0055096859456238,pv_2param,7.698364390025631e-17
True,20.0,1.4488793997729823,0.07148129963963146,1.0000000000000178,pv_2param,0.0
True,20.0,1.444428452598884,0.16283206374324938,1.0000000000000033,pv_2param,8.055897185964105e-17
True,20.0,0.45369394747195535,0.18774553844735606,1.0000000000000022,pv_2param,7.404408491779496e-17
True,20.0,0.7814070120546596,0.19563917839877992,1.0000000000000013,pv_2param,8.577041996818965e-17
True,20.0,1.357290890686377,0.14153980751346537,1.0000000000000095,pv_2param,0.0
True,20.0,0.7206138439832643,0.04260021319550931,1.0000000000000082,pv_2param,0.0
True,20.0,0.5512213035130333,0.062299734262813704,1.0750672381723534,pv_2param,7.028988213087251e-17
True,20.0,1.4506116764878594,0.1169453462074312,1.0000000000000007,pv_2param,8.518202438356401e-17
True,20.0,0.31436677453259,0.05238031290052972,1.0006737229061307,pv_2param,4.674111909579835e-17
True,20.0,0.4156508487395726,0.00681384425556586,1.0000000000000036,pv_2param,0.0
True,20.0,1.3054868801099309,0.02052983341034751,1.0000000000000184,pv_2param,0.0
True,20.0,0.7248104048211755,0.007523600936415598,1.0000000000000058,pv_2param,4.0665569237089734e-17
True,20.0,1.0807399271509825,0.17990844897982095,1.0086849730927063,pv_2param,0.0
True,20.0,0.7782996383752658,0.05786262242929259,1.0000000000000124,pv_2param,0.0
True,20.0,0.674460003262622,0.16390597983152033,1.0076902110708945,pv_2param,1.009101059237954e-16
True,20.0,0.9379823390875244,0.17734255737497107,1.000000000000005,pv_2param,2.0483882708337277e-17
True,20.0,1.0772557426862266,0.01848974537901482,1.0000000000000109,pv_2param,6.621855872122134e-17
True,20.0,1.4654353676271097,0.013370102482270685,1.0000000000000113,pv_2param,7.041890656035708e-17
True,20.0,1.2937762624389872,0.17739512764192028,1.0000000000000007,pv_2param,0.0
True,20.0,0.5074703083328271,0.16412270943173343,1.000000000000002,pv_2param,0.0
True,20.0,0.44608587767983554,0.12501215434172,1.000000000000007,pv_2param,0.0
True,20.0,1.3677115162833673,0.0356697323052241,1.0000000000000036,pv_2param,0.0
True,20.0,0.721116562546384,0.09791839119030202,1.0000000000000038,pv_2param,7.108515840974587e-17
True,20.0,0.34364038784549195,0.15418201820069474,1.0567133522219168,pv_2param,6.070111899790569e-17
True,20.0,1.494140152572312,0.09620165050947814,1.000000000000004,pv_2param,6.477374420624811e-17
True,20.0,1.340072749043997,0.1700708593788905,1.0000000000000075,pv_2param,0.0
True,20.0,0.696002280696506,0.12050380750121648,1.0000000000000027,pv_2param,0.0
True,20.0,0.9665460172655176,0.08371729971289604,1.0000000000000056,pv_2param,4.9516934962203275e-17
True,20.0,0.9146671625684191,0.09865378572290454,1.0000000000000018,pv_2param,0.0
True,20.0,1.1560925410902807,0.015162979835235424,1.0000000000000062,pv_2param,2.6468652889224394e-17
True,20.0,0.8258108964034345,0.15801313619962715,1.000000000000001,pv_2param,3.773927524585756e-17
True,20.0,0.9495478412923322,0.11669195424330514,1.0000000000000069,pv_2param,0.0
True,20.0,0.7515368506746191,0.07799256908737986,1.0000000000000064,pv_2param,2.7021615583116356e-17
True,20.0,1.465991675714177,0.18131971390151524,1.000000000000001,pv_2param,9.10987243617857e-17
True,20.0,1.3161438239062413,0.19888086276955985,1.0160458270315447,pv_2param,1.856747102746442e-16
True,20.0,1.0344266310071333,0.15502653843534075,1.0000000000000027,pv_2param,1.2983211740713647e-16
True,20.0,1.448071125380307,0.018240433772678744,1.0000000000000044,pv_2param,9.156489544661097e-17
True,20.0,0.6483589288152178,0.16026835221186642,1.045990270688026,pv_2param,8.030041703777725e-17
True,20.0,1.1561981448218648,0.1797604932554372,1.0057879490932868,pv_2param,0.0
True,20.0,0.7002587821744259,0.10543093251111801,1.0241173156612755,pv_2param,7.568493458781444e-17
True,20.0,1.1166673654540906,0.1847825063654915,1.0000000000000036,pv_2param,0.0
True,20.0,0.7793701759069112,0.02799510366250868,1.0000000000000007,pv_2param,0.0
True,20.0,0.9604415838560438,0.0806033066407528,1.0000000000000142,pv_2param,5.694849472007004e-17
True,20.0,1.0903757836883063,0.002961192118957956,1.000000000000015,pv_2param,5.3118299494944555e-17
True,20.0,0.7181992324209083,0.14773672130620177,1.045995459983166,pv_2param,7.78081721722004e-17
True,20.0,1.1540355599622882,0.11020756097132262,1.000000000000001,pv_2param,0.0
True,20.0,0.6042249390509306,0.0405324775114055,1.0000000000000187,pv_2param,6.056054591524768e-17
True,20.0,1.2442870305137417,0.13824071510613703,1.0000000000000107,pv_2param,5.2702965630812137e-17
True,20.0,1.3089001009880141,0.0942849207387432,1.000000000000018,pv_2param,8.612251351250625e-17
True,20.0,1.3454251777966888,0.1800698135035254,1.0110552446626848,pv_2param,6.455466870693971e-17
True,20.0,1.4338243734348572,0.18955033338639865,1.000000000000008,pv_2param,4.8488992706043846e-17
True,20.0,0.9591502538185421,0.0540099932716595,1.000000000000011,pv_2param,7.129734536635113e-17
True,20.0,1.1104421546072911,0.012505172708227597,1.0000000000000069,pv_2param,5.751056422773387e-17
True,20.0,0.6852428083240222,0.010148129449028633,1.0000000000000064,pv_2param,6.874360863970343e-17
True,20.0,0.32909879510654966,0.002170509063207904,1.0125921191848495,pv_2param,3.4993949784890845e-17
True,20.0,0.933615207554874,0.08352946633511688,1.0000000000000018,pv_2param,8.813704087524102e-17
True,20.0,1.3277916163186814,0.13927840423876042,1.0123539719295138,pv_2param,8.733337089644853e-17
True,20.0,0.6528507662623872,0.1901717016368911,1.0000000000000058,pv_2param,4.889282959477371e-17
True,20.0,1.4128550037742926,0.14533225780460995,1.0000000000000042,pv_2param,0.0
True,20.0,0.9201597684688871,0.12853188353777525,1.0272047374973423,pv_2param,8.14310452573356e-18
True,20.0,1.3572527878306646,0.1810074266623296,1.00000000000001,pv_2param,5.901991535137843e-17
True,20.0,1.0990354199309766,0.036173042607659855,1.046098083397416,pv_2param,0.0
True,20.0,0.9353197558737887,0.1006298049167334,1.0000000000000018,pv_2param,0.0
True,20.0,1.3923511915683722,0.1810616677638592,1.0000000000000013,pv_2param,9.786487572151443e-17
True,20.0,0.7902875347141225,0.0988540415463602,1.0000000000000047,pv_2param,7.200678235988966e-17
True,20.0,1.3744804266552704,0.026367630445506808,1.0000000000000255,pv_2param,4.6939440799666975e-17
True,20.0,1.0291761111606776,0.10849134009831801,1.00000000000001,pv_2param,9.406470821806692e-17
True,20.0,0.6939183781682372,0.11134272558602708,1.0000000000000016,pv_2param,0.0
True,20.0,1.3392147142874682,0.07924915634343821,1.0000000000000053,pv_2param,9.162268040363865e-17
True,20.0,1.2252037844305728,0.04089857098747871,1.000000000000005,pv_2param,5.036471963424494e-17
True,20.0,1.4437764675806941,0.0015450285463472603,1.0000000000000169,pv_2param,3.463579101529023e-17
True,20.0,0.789831260222642,0.03630343836956729,1.0000000000000027,pv_2param,7.15053573008742e-17
True,20.0,0.6435418444098424,0.006083610039390619,1.000000000000005,pv_2param,8.350668416703284e-17
True,20.0,1.1145335943726455,0.1822340101661083,1.0349074694172125,pv_2param,9.5364966337852e-17
True,20.0,1.0941298031682067,0.13761856676546722,1.1698680425414059,pv_2param,1.878002080620158e-16
True,20.0,1.4036792630254187,0.18795516280707075,1.0000000000000062,pv_2param,5.351684140991632e-17
True,20.0,0.5779500015892834,0.08222488810227083,1.0000000000000022,pv_2param,0.0
True,20.0,0.9314790477259083,0.013450376421524758,1.0000000000000047,pv_2param,1.3708274468780822e-16
True,20.0,0.5295597958176621,0.1296499370578533,1.0000000000000036,pv_2param,0.0
True,20.0,1.314994139341287,0.18727969323734794,1.0101061963342135,pv_2param,4.0718067839017413e-17
True,20.0,0.8030506909107071,0.08049695454701417,1.0000000000000138,pv_2param,0.0
True,20.0,0.5575608661312834,0.17798811494123024,1.0156364207383382,pv_2param,4.5740807681626455e-17
True,20.0,0.8013765823314796,0.0037385306775248543,1.0000000000000018,pv_2param,1.4619493876985249e-16
True,20.0,1.022321227286831,0.10202525287016771,1.000000000000021,pv_2param,0.0
True,20.0,0.8760006320517555,0.06936123216502743,1.0000000000000009,pv_2param,0.0
True,20.0,0.6042077515544162,0.18173857999108883,1.0322123894268957,pv_2param,2.81794938442221e-17
True,20.0,0.9883746010767285,0.1874535539717711,1.0000000000000018,pv_2param,0.0
True,20.0,0.8630922720759284,0.1258699305196971,1.0000000000000022,pv_2param,0.0
True,20.0,1.0703587319708954,0.0978934461289117,1.0461306019976213,pv_2param,6.006956702286733e-17
True,20.0,0.9644429441788887,0.05877170143510842,1.0000000000000109,pv_2param,0.0
True,20.0,1.206520171751151,0.18398777694186527,1.047169339287332,pv_2param,1.520808731677887e-16
True,20.0,1.1976092803800449,0.05703112610789627,1.000000000000001,pv_2param,7.630989073869221e-17
True,20.0,0.7531059316133333,0.11751970750565835,1.0000000000000013,pv_2param,6.763423477839754e-17
True,20.0,1.0511665462476911,0.12097409911378604,1.0000000000000042,pv_2param,1.0268388487489158e-16
True,20.0,1.1418684616479842,0.08690572072191519,1.0000000000000138,pv_2param,8.364277127856116e-17
True,20.0,0.6988691570779131,0.06336077554750195,1.0097435237463124,pv_2param,0.0
True,20.0,1.292415483414688,0.06271422430312457,1.0000000000000013,pv_2param,5.892705369563712e-17
True,20.0,1.2659407848225326,0.08763054883723241,1.0029061865769677,pv_2param,8.769791444662859e-17
True,20.0,1.4528152159474037,0.005304881500530123,1.0000000000000158,pv_2param,1.0667779043757209e-16
True,20.0,1.155721100001691,0.1395982619034794,1.0000000000000027,pv_2param,1.267425109595206e-16
True,20.0,1.4807149965915438,0.04162090028091865,1.0000000000000204,pv_2param,4.1297539857951314e-17
True,20.0,0.729621571058845,0.17813399705395022,1.0754471574484556,pv_2param,0.0
True,20.0,0.5100978002269119,0.10271147740987506,1.000000000000001,pv_2param,0.0
True,20.0,0.7677486777655476,0.05990696851375579,1.0000000000000002,pv_2param,5.46788024937726e-17
True,20.0,1.2355046968855792,0.004497277520074072,1.0000000000000084,pv_2param,2.3499594631016224e-17
True,20.0,1.2986216935915527,0.023022750757035772,1.000000000000045,pv_2param,0.0
True,20.0,1.4667351739142993,0.06456599546863764,1.0073908692849562,pv_2param,7.10379614842147e-17
True,20.0,1.4662699222664266,0.12632102135118065,1.0000000000000009,pv_2param,0.0
True,20.0,0.6104752853545607,0.04841034184885458,1.0000000000000087,pv_2param,0.0
True,20.0,0.8720852112248254,0.028383427697083376,1.0000000000000102,pv_2param,4.05853214035959e-17
True,20.0,0.9893294959275531,0.04891837569637414,1.0000000000000149,pv_2param,6.977891753653081e-17
True,20.0,0.8732757900265384,0.06629335666732626,1.0000000000000078,pv_2param,9.515339440191465e-17
True,20.0,1.110472126863531,0.19112646356900906,1.0000000000000042,pv_2param,5.5229772076537535e-17
True,20.0,0.6098846668055694,0.06820157102172474,1.0000000000000029,pv_2param,4.833782572923693e-17
True,20.0,1.0068981199593556,0.11928299094356679,1.0077107329348602,pv_2param,7.88116117374197e-17
True,20.0,0.7697139066277459,0.19086669724770663,1.0000000000000142,pv_2param,0.0
True,20.0,0.505399389238703,0.0233809341557514,1.0476506757750756,pv_2param,5.84473741784228e-17
True,20.0,1.4567851249729005,0.05247010783919222,1.0000000000000413,pv_2param,1.037192130104351e-16
True,20.0,0.5312338282378635,0.10348142126482174,1.0000000000000022,pv_2param,8.022804700991163e-17
True,20.0,0.6461420940623983,0.19590780032509725,1.0008757845573863,pv_2param,5.942704556174842e-18
True,20.0,0.9074264137526871,0.04484376820760416,1.0000000000000142,pv_2param,1.3362429209430775e-16
True,20.0,1.30426350581852,0.17636708708098095,1.000000000000007,pv_2param,0.0
True,20.0,1.2810592990528267,0.028974870716215673,1.0000000000000067,pv_2param,4.979295671126978e-17
True,20.0,1.1854322289422048,0.02608273436257809,1.000000000000001,pv_2param,6.180603658786061e-17
True,20.0,0.4437289889866373,0.19759654973104285,1.0000000000000018,pv_2param,5.069752201441859e-17
True,20.0,1.249549637689494,0.19103694702724364,1.013397095447939,pv_2param,1.5686662174981358e-16
True,20.0,0.46955312698186746,0.002038358154169462,1.0000000000000033,pv_2param,7.846358014146398e-18
True,20.0,0.5577601143398885,0.16570850547505486,1.0000000000000022,pv_2param,0.0
True,20.0,1.1440222173539316,0.11643125788342548,1.0000000000000002,pv_2param,8.962102312577439e-17
True,20.0,0.5894747913367928,0.09306812647361379,1.0047308177636758,pv_2param,4.678180003963441e-17
True,20.0,1.3334398122778905,0.04413640697840418,1.0000000000000022,pv_2param,4.954334883338699e-17
True,20.0,1.3091776404655988,0.07683229695346201,1.0000000000000175,pv_2param,6.901254984244081e-17
True,20.0,0.9131995322987627,0.1746789786598323,1.1730489693964576,pv_2param,9.875164327857616e-17
True,20.0,1.0151594189379949,0.1189903889320235,1.0000000000000024,pv_2param,1.9349718731996242e-16
True,20.0,0.9351702075916002,0.11921797362274561,1.0050998099091197,pv_2param,6.457820484954086e-17
True,20.0,1.0073548910026306,0.1325871707632438,1.0000000000000036,pv_2param,1.0560761953241356e-16
True,20.0,1.2682120566378983,0.18534427412485185,1.0174472815692164,pv_2param,5.710139363809802e-17
True,20.0,0.47237719478010876,0.01223692525056257,1.0000000000000058,pv_2param,0.0
True,20.0,1.1923554001174461,0.04072019252970571,1.0000000000000169,pv_2param,0.0
True,20.0,0.7186535355079217,0.08520465323980918,1.0000000000000027,pv_2param,6.129466599361721e-17
True,20.0,0.3299010889890524,0.11418653481525615,1.0664610339577858,pv_2param,6.731907653750256e-17
True,20.0,0.3138821092749616,0.04351279726422457,1.0000000000000033,pv_2param,0.0
True,20.0,0.56388826536201,0.11477626973593624,1.0558798147807975,pv_2param,7.512666350675794e-17
True,20.0,0.64055404064681,0.057198140914894086,1.1051727862240255,pv_2param,5.3583454172531984e-17
True,20.0,0.3680383449461015,0.14031397637731444,1.0105937527608988,pv_2param,2.0601944917435076e-16
True,20.0,0.7781268327375293,0.12031472847017549,1.000000000000004,pv_2param,2.811419529808696e-17
True,20.0,1.1209942011025793,0.028955882730233553,1.0211446757751648,pv_2param,1.0749000163054279e-16
True,20.0,1.3780685631348095,0.0880521478586563,1.000000000000024,pv_2param,1.1842341400197012e-16
True,20.0,0.6067607835676707,0.06830630558616195,1.0000000000000129,pv_2param,6.261142192043099e-17
True,20.0,0.5048630355607637,0.19241068401202666,1.0737014593457919,pv_2param,1.5055232645017624e-16
True,20.0,0.8885980440030463,0.09070905636503307,1.0000000000000036,pv_2param,0.0
True,20.0,1.067372882318335,0.19574978587947198,1.0023499239713474,pv_2param,0.0
True,20.0,0.9923300928731005,0.11466824827554985,1.0461116974102336,pv_2param,4.732852656055866e-17
True,20.0,0.4730544061795716,0.017031521218566083,1.0006198693387875,pv_2param,0.0
True,20.0,1.0214979900627867,0.03812110294221321,1.0000000000000078,pv_2param,3.3453157927622914e-17
True,20.0,1.0713290694364848,0.11751275231369314,1.0042513222225877,pv_2param,9.042943420847236e-17
True,20.0,0.6810351358527058,0.10979009633898609,1.0000000000000024,pv_2param,3.439446160503141e-17
True,20.0,1.0477734000319654,0.06541726570806372,1.003977030740363,pv_2param,1.4980065363221488e-16
True,20.0,0.934571186695278,0.11897527487511639,1.0571844871085652,pv_2param,0.0
True,20.0,0.8129294639393265,0.1309049996511432,1.0000000000000018,pv_2param,7.28659738200627e-17
True,20.0,1.027972510251168,0.05630324485384639,1.0000000000000053,pv_2param,0.0
True,20.0,0.3768062463703425,0.11755391393335457,1.0000000000000007,pv_2param,8.567462922542042e-17
True,20.0,0.7857499135123782,0.18912995921583226,1.000000000000001,pv_2param,0.0
True,20.0,0.3006326612917391,0.04274862102553459,1.0000000000000022,pv_2param,8.146294709699264e-17
True,20.0,1.3577209275869635,0.15367136373740248,1.000000000000002,pv_2param,4.9357190228871287e-17
True,20.0,1.119410559350737,0.006839372884402062,1.0000000000000013,pv_2param,1.1321059038802661e-16
True,20.0,1.099525422908762,0.05867489454176618,1.0000000000000127,pv_2param,3.99629466529553e-17
True,20.0,0.7715924601834003,0.1024158581993603,1.0661782717150827,pv_2param,1.761978803348724e-16
True,20.0,0.7290637576242932,0.04642670293833362,1.0000000000000049,pv_2param,7.286512939962648e-17
True,20.0,0.7287018203504678,0.031750656355268594,1.0000000000000036,pv_2param,0.0
True,20.0,0.9746764764575977,0.05352748515721242,1.0000000000000064,pv_2param,9.391938454943714e-17
True,20.0,0.49646986488470035,0.1093571348539913,1.019462297855147,pv_2param,0.0
True,20.0,0.7524117503590163,0.12614284040819548,1.0394812033023462,pv_2param,3.986551156083245e-17
True,20.0,1.3617988532537209,0.04679446826931553,1.0000000000000073,pv_2param,1.5121181783782765e-16
True,20.0,0.6883036940546108,0.041439134387674194,1.0000000000000062,pv_2param,0.0
True,20.0,1.3789378966472694,0.07212716377943469,1.0000000000000082,pv_2param,0.0
True,20.0,1.3033570905554746,0.19567763132496185,1.016187468817134,pv_2param,5.872558704264654e-17
True,20.0,1.0261544894022139,0.12271280002321437,1.0000000000000022,pv_2param,5.420675648815884e-17
True,20.0,0.6712015380518532,0.10448990021278307,1.0464458975215931,pv_2param,7.541463928537543e-17
True,20.0,0.6724399960704348,0.09751935472061496,1.000000000000008,pv_2param,8.608604171281907e-17
True,20.0,0.5597769885983725,0.05497425118314073,1.0180825297622331,pv_2param,0.0
True,20.0,0.42773292487919945,0.1707786552731186,1.0022675090548745,pv_2param,1.5336845659985944e-16
True,20.0,0.6777167983200971,0.19410018834206863,1.0000000000000016,pv_2param,0.0
True,20.0,1.4230695201671266,0.17909359128741176,1.0000000000000089,pv_2param,0.0
True,20.0,0.8697505801635197,0.16888154984781334,1.000000000000001,pv_2param,8.722723256751839e-17
True,20.0,1.2744615500992034,0.0065801522845052585,1.0000000000000024,pv_2param,0.0
True,20.0,0.6034353583498202,0.14476184101728432,1.019427050207612,pv_2param,1.5199624389449495e-16
True,20.0,0.7550453217178069,0.15295246561877704,1.003015477382098,pv_2param,0.0
True,20.0,0.6690078562462642,0.07553794227308593,1.0000000000000049,pv_2param,0.0
True,20.0,0.7495899709689495,0.031528874468645475,1.0000000000000016,pv_2param,1.7125222701120481e-16
True,20.0,1.2153967046508214,0.053274057755474585,1.0000000000000073,pv_2param,7.158710111714247e-17
True,20.0,1.3954617885826255,0.053997645927383965,1.0000000000000013,pv_2param,5.4346655023823355e-17
True,20.0,1.375083228378577,0.0443877751731572,1.0000000000000073,pv_2param,1.1400655673519024e-16
True,20.0,1.3689303673152438,0.06662622731766872,1.0000000000000298,pv_2param,3.39234728836714e-17
True,20.0,0.45958558827499585,0.028868515911574046,1.0000000000000022,pv_2param,6.93932497786057e-17
True,20.0,1.4643744155118315,0.1632697867777821,1.000000000000015,pv_2param,7.999769179941204e-17
True,20.0,1.337357019418601,0.014703139623318484,1.0000000000000127,pv_2param,4.3245407615450516e-17
True,20.0,0.42262125874856,0.05350142461360723,1.0000000000000004,pv_2param,0.0
True,20.0,1.1513298278027595,0.12497054628371052,1.0167049935457608,pv_2param,1.0314231835383467e-16
True,20.0,0.9468711306771032,0.04656544750213809,1.0000000000000115,pv_2param,3.289913556670051e-17
True,20.0,1.3158419106336308,0.14011774834382412,1.0000000000000009,pv_2param,9.9886137338261e-17
True,20.0,0.9550995117701226,0.06597508695861587,1.0110216559415326,pv_2param,8.258422831847889e-17
True,20.0,0.7534162920916891,0.016596935435795945,1.0000000000000107,pv_2param,8.464707801655519e-17
True,20.0,1.253344967971682,0.14155185494330333,1.0000000000000082,pv_2param,5.073520823526345e-17
True,20.0,0.6317895040817427,0.053421680056649094,1.0024091596300495,pv_2param,0.0
True,20.0,0.7480501512410924,0.1295530160291638,1.0000000000000036,pv_2param,8.357890107997356e-17
True,20.0,0.9912166800669591,0.17941063492066664,1.0360958879229,pv_2param,0.0
True,20.0,1.2693353992470187,0.12886024734936563,1.000000000000006,pv_2param,9.940607294002363e-17
True,20.0,0.7851008767018794,0.0057766126676283,1.0000000000000162,pv_2param,0.0
True,20.0,0.748403666284454,0.06375014897837161,1.0000000000000009,pv_2param,0.0
True,20.0,1.3993968349006936,0.05610322097172933,1.0000000000000018,pv_2param,1.0360021847319267e-16
True,20.0,0.9730664233811703,0.04760289432668359,1.0000000000000069,pv_2param,1.084347144533217e-16
True,20.0,1.0736826479376926,0.07619366651235703,1.0000000000000027,pv_2param,7.887677326315009e-17
True,20.0,0.6383220457127956,0.11219308481652986,1.0225630141754722,pv_2param,1.0725472778919599e-16
True,20.0,1.0315616967496348,0.09331002215788353,1.0000000000000098,pv_2param,0.0
True,20.0,1.158817479829158,0.01123937254682883,1.0000000000000038,pv_2param,5.663746432971156e-17
True,20.0,0.8680984165179899,0.18942588394728846,1.0033811552154341,pv_2param,4.951978989877362e-17
True,20.0,1.220440971552593,0.07189496593071028,1.0000000000000313,pv_2param,3.229019871544149e-17
True,20.0,0.41330237886341653,0.07614808095156385,1.008250338180115,pv_2param,2.1825515797579278e-17
True,20.0,1.0965353704261984,0.09170643716818126,1.0000000000000022,pv_2param,8.846419878344676e-17
True,20.0,0.4968662089587288,0.09161287350100117,1.0000000000000018,pv_2param,0.0
True,20.0,0.8315596395783957,0.05090992609589162,1.0000000000000255,pv_2param,1.7447323456574434e-16
True,20.0,0.8701214715075138,0.13707094621231428,1.0100796212207888,pv_2param,6.036670303482972e-17
True,20.0,0.9879450336121351,0.07663290718042522,1.0000000000000033,pv_2param,4.508847489858228e-17
True,20.0,1.023036983627125,0.09779899751559616,1.0000000000000089,pv_2param,0.0
True,20.0,0.6668673223999441,0.019217202851143502,1.000000000000003,pv_2param,1.0037758972184877e-16
True,20.0,0.3400831378531068,0.19612993036827925,1.0510410553894587,pv_2param,2.847010110549997e-17
True,20.0,0.5315938088983874,0.11804245626962347,1.0213975571674938,pv_2param,0.0
True,20.0,1.3996991436453363,0.1692061183434072,1.0033836523528492,pv_2param,0.0
True,20.0,0.941078205314789,0.045375547631837404,1.0000000000000207,pv_2param,0.0
True,20.0,0.3916008044617704,0.19525631927316767,1.0015195431649715,pv_2param,2.1148867863869543e-16
True,20.0,0.34356475049545965,0.14424364213875046,1.001655339534858,pv_2param,1.916402862286527e-17
True,20.0,1.343807652324248,0.10941762098456348,1.000000000000023,pv_2param,8.606675988866745e-17
True,20.0,0.8921484955750265,0.1991650642502853,1.0000000000000029,pv_2param,0.0
True,20.0,1.133294869667608,0.19295412785902852,1.0000000000000087,pv_2param,0.0
True,20.0,1.411562585293996,0.0025954083797409934,1.0000000000000142,pv_2param,3.895932223570931e-17
True,20.0,1.0417706139164065,0.06306130650095919,1.031235661539012,pv_2param,8.731811259180826e-17
True,20.0,1.3969952642516654,0.12531619106979427,1.080523024558136,pv_2param,4.088640535257336e-17
True,20.0,1.4648546964483653,0.15619193710034435,1.0000000000000087,pv_2param,0.0
True,20.0,0.8422136719136768,0.013596888717921375,1.000000000000004,pv_2param,1.40737307196194e-16
True,20.0,1.3794213780577893,0.10934244581128186,1.0000000000000115,pv_2param,0.0
True,20.0,0.47425790492401515,0.04271743045538339,1.0000000000000009,pv_2param,0.0
True,20.0,0.4989457400576205,0.01614841548657513,1.0000000000000029,pv_2param,0.0
True,20.0,1.2814538536139535,0.03295524755060055,1.0000000000000129,pv_2param,9.578384963742457e-17
True,20.0,1.4235229816967596,0.005818468846835523,1.0000000000000362,pv_2param,7.279609055373048e-17
True,20.0,1.4365522883148447,0.0077897409135283535,1.0000000000000067,pv_2param,7.192675189039451e-17
True,20.0,1.3687757549098405,0.12113207427182707,1.0155702692841633,pv_2param,4.4752222672954746e-17
True,20.0,0.4824803169249424,0.17898281507606434,1.0000000000000018,pv_2param,9.002509136921635e-17
True,20.0,1.4819178963677109,0.10214617824229161,1.000000000000013,pv_2param,7.359802510108284e-17
True,20.0,0.9901464552972559,0.009645433982564611,1.0000000000000258,pv_2param,4.863264741213326e-17
True,20.0,0.8943042050674703,0.12364694115895772,1.0000000000000033,pv_2param,0.0
True,20.0,0.3869348925179282,0.1817043580870403,1.0000000000000009,pv_2param,4.639966431932849e-17
True,20.0,1.443676111902834,0.09427411538914128,1.000000000000007,pv_2param,0.0
True,20.0,0.3039301840334295,0.10072576596064615,1.0000000000000004,pv_2param,1.5417266564459177e-16
True,20.0,0.8206977294805637,0.14812379913797846,1.0000000000000104,pv_2param,3.656255150322115e-17
True,20.0,1.2637162195835248,0.012696088029821806,1.0000000000000164,pv_2param,0.0
True,20.0,0.3449579938128581,0.13282745525158143,1.0000000000000056,pv_2param,0.0
True,20.0,0.8585554930346555,0.19281477104580455,1.0695432857359317,pv_2param,7.781410310607766e-17
True,20.0,0.9582524712384111,0.03773636995380365,1.000000000000003,pv_2param,4.0974612169821065e-17
True,20.0,1.41891335687605,0.18021960021222613,1.0000000000000009,pv_2param,9.429845964717832e-17
True,20.0,1.4021304559303094,0.09543066188678223,1.0048408751534996,pv_2param,1.633103532424148e-17
True,20.0,0.32403687498912964,0.07664803405623444,1.0000000000000009,pv_2param,9.500830200494819e-17
True,20.0,0.5115859410609239,0.1874980263666678,1.0000000000000013,pv_2param,5.546210950813245e-17
True,20.0,1.2682024806997547,0.09995886578539624,1.0001231116170461,pv_2param,5.3940483803690705e-17
True,20.0,0.46670509671642835,0.15560651503568612,1.034336492052332,pv_2param,1.1351487889638702e-16
True,20.0,0.4919992092419281,0.19099004262940278,1.0015009371909311,pv_2param,1.3378926128617675e-16
True,20.0,0.7706296226888004,0.15533735712552146,1.0000000000000064,pv_2param,9.715113783444435e-17
True,20.0,1.0522831663884056,0.00410223897919999,1.0000000000000013,pv_2param,5.444602396524722e-17
True,20.0,0.9483485840757251,0.055954087173393965,1.000000000000005,pv_2param,4.363909040838819e-17
True,20.0,1.3007256355938601,0.025938319821031786,1.0000000000000313,pv_2param,0.0
True,20.0,0.8374723624686082,0.06954186876525636,1.000000000000005,pv_2param,0.0
True,20.0,0.7567505002413546,0.15350627485654783,1.0000000000000036,pv_2param,3.654130833399765e-17
True,20.0,0.7675965147579462,0.11108036411880301,1.0000000000000022,pv_2param,1.4478329009737172e-16
True,20.0,1.0056401397759838,0.031068822993008352,1.0000000000000107,pv_2param,1.7809420326464357e-16
True,20.0,0.829987040039373,0.09241511107195675,1.0000000000000033,pv_2param,0.0
True,20.0,0.41120571472986533,0.04137772713427399,1.0538545349973618,pv_2param,8.308572488224116e-17
True,20.0,1.3602323737447168,0.09604521447823232,1.0000000000000062,pv_2param,3.999737731618473e-17
True,20.0,0.9445824353577876,0.0036417701217112963,1.00000000000001,pv_2param,0.0
True,20.0,1.1763620861802158,0.0795655512428086,1.0000000000000062,pv_2param,7.627124438701215e-17
True,20.0,0.7887835134625376,0.15082610543514877,1.0000000000000013,pv_2param,8.07258857535391e-17
True,20.0,0.5578881929930881,0.06177480911640796,1.0000000000000127,pv_2param,7.452022168740036e-17
True,20.0,0.9271595403847588,0.0038590655307208844,1.000000000000007,pv_2param,9.512197735299314e-17
True,20.0,1.3524426273859635,0.1066284885384094,1.000000000000011,pv_2param,8.456186587821308e-17
True,20.0,0.4682199109830294,0.10366216380140317,1.0000000000000042,pv_2param,0.0
True,20.0,1.0262835754712445,0.1564206602923301,1.0000000000000087,pv_2param,0.0
True,20.0,0.7030054977524872,0.051701913211053864,1.000000000000001,pv_2param,0.0
True,20.0,1.0104663065740247,0.06330265204184637,1.0147551181121408,pv_2param,8.63945360939815e-17
True,20.0,0.6681856433177003,0.16305073223422573,1.0428867396077586,pv_2param,1.550239733764368e-16
True,20.0,0.46119257560589955,0.10853501394061599,1.0317374623730138,pv_2param,5.633556597078123e-17
True,20.0,0.32979152630327774,0.08914053539806926,1.0318009383230997,pv_2param,9.677373979650018e-17
True,20.0,0.7314254817563288,0.021578351994871972,1.000000000000015,pv_2param,4.440413610764515e-17
True,20.0,0.7110059818464166,0.10943456071899818,1.0000000000000082,pv_2param,7.359934591987692e-17
True,20.0,0.48585734856063584,0.026477028463904408,1.0076265071877177,pv_2param,0.0
True,20.0,0.987733914569896,0.08315880135958219,1.000000000000004,pv_2param,6.21032057133587e-17
True,20.0,1.0293528434096537,0.1308855071277109,1.0000000000000104,pv_2param,6.388336273218848e-17
True,20.0,0.3010613656537906,0.12894233743381953,1.0000000000000029,pv_2param,0.0
True,20.0,0.9181471085154171,0.09547072593242814,1.0000000000000056,pv_2param,0.0
True,20.0,1.0633940373894857,0.025733736350855786,1.0000000000000044,pv_2param,7.376309005749637e-17
True,20.0,1.1249162663866201,0.06961831473888924,1.0000000000000178,pv_2param,6.601938844552737e-17
True,20.0,1.0503893755455405,0.09741224933626161,1.1477760584510879,pv_2param,5.0092237593475e-17
True,20.0,1.0249119810648237,0.15624657956183638,1.0592214341658275,pv_2param,6.7022366456141e-17
True,20.0,0.5783604892194547,0.17249545836883162,1.0000000000000013,pv_2param,0.0
True,20.0,1.1110000526477197,0.1835276045313726,1.0000000000000029,pv_2param,0.0
True,20.0,1.3711287739675626,0.19566540612658084,1.0000000000000069,pv_2param,0.0
True,20.0,1.0346308653034186,0.01778616547304366,1.0000000000000162,pv_2param,5.131111959123881e-17
True,20.0,0.7442404597642485,0.189645248079829,1.0000000000000007,pv_2param,9.039805495872531e-17
True,20.0,0.67875449477796,0.04471794094297006,1.0060166984207102,pv_2param,6.100243678555864e-17
True,20.0,0.5043440887674278,0.12979472675544332,1.0339705708536315,pv_2param,1.653446852342282e-16
True,20.0,0.6479799974210037,0.04107265336010746,1.0177825529891236,pv_2param,5.3348732906598953e-17
True,20.0,1.3378381151491616,0.04877315533682585,1.0000000000000155,pv_2param,0.0
True,20.0,0.5736456422022133,0.054710026530352666,1.0488953062667141,pv_2param,4.1041148206719137e-17
True,20.0,0.8244531240612618,0.0015666293387972098,1.0000000000000158,pv_2param,0.0
True,20.0,1.3308388394380435,0.12823457337765917,1.0000000000000033,pv_2param,0.0
True,20.0,0.927135670480081,0.021544878034145246,1.0000000000000082,pv_2param,1.5216706149516809e-16
True,20.0,0.8728030245621206,0.13737230564987604,1.0000000000000007,pv_2param,5.890013420464178e-17
True,20.0,1.1394601547958814,0.12934493350253112,1.0000000000000049,pv_2param,4.5352562937587345e-17
True,20.0,0.41408642990878947,0.031489790113065234,1.1184427966292898,pv_2param,5.96768322266064e-17
True,20.0,0.7373283099660086,0.1570074664626391,1.0000000000000033,pv_2param,2.233232294980864e-16
True,20.0,1.3787765801563543,0.06413127737521092,1.0000000000000149,pv_2param,0.0
True,20.0,0.42401973521291003,0.02569007442973259,1.0000000000000078,pv_2param,0.0
True,20.0,1.02526637295536,0.01996491545929904,1.0000000000000027,pv_2param,5.858154828112813e-17
True,20.0,1.496672461172224,0.07365244834670785,1.0953534940037053,pv_2param,5.095268099372749e-17
True,20.0,0.7929841573155654,0.05511135191249546,1.0000000000000062,pv_2param,5.0240972452544274e-17
True,20.0,0.44105556927702394,0.012346109229985025,1.040885995699268,pv_2param,6.161649316448074e-17
True,20.0,0.3302528102703104,0.1358253576922952,1.0000000000000004,pv_2param,9.051374314138785e-17
True,20.0,0.7054169535689457,0.1726931494313103,1.025546009777149,pv_2param,4.9278393053126066e-17
True,20.0,0.4173970947305058,0.13306174074967236,1.0000000000000022,pv_2param,0.0
True,20.0,1.19170533001514,0.00756855459254906,1.0000000000000109,pv_2param,6.839969886377061e-17
True,20.0,0.37791006626775087,0.1733571457538802,1.070256467753965,pv_2param,7.156429819465478e-17
True,20.0,0.7480743457859951,0.1647425200806284,1.000964799488503,pv_2param,0.0
True,20.0,0.49462887235503095,0.013241593344524172,1.0000000000000053,pv_2param,5.933737518138674e-17
True,20.0,1.392699607774238,0.16194918988953386,1.0000000000000049,pv_2param,9.238014556434338e-17
True,20.0,0.6134770147464452,0.023085358885088583,1.000000000000011,pv_2param,4.517584314393872e-17
True,20.0,0.5477914417629197,0.13219288703978616,1.0103297413804402,pv_2param,4.355429231022976e-17
True,20.0,0.766101051415534,0.09558401567762248,1.0009106277330664,pv_2param,6.852926946868591e-17
True,20.0,1.2330337300423728,0.09842117999664635,1.0022912028031885,pv_2param,7.221935630215821e-17
True,20.0,0.735507179116493,0.06635295961458217,1.0000000000000064,pv_2param,5.582273550339756e-17
True,20.0,1.14936608931551,0.17828344645508154,1.000000000000008,pv_2param,7.415857354746476e-17
True,20.0,0.7109432348986329,0.01565229381711415,1.0000000000000027,pv_2param,0.0
True,20.0,0.8407481032043393,0.10991333775758237,1.000000000000004,pv_2param,5.840180681571851e-17
True,20.0,0.5204755103536477,0.11322933466636716,1.0146656596741392,pv_2param,1.379278874660976e-16
True,20.0,0.4706061743373957,0.05291159917323318,1.002944078649737,pv_2param,1.281456624100424e-16
True,20.0,0.5765825499874646,0.12304137176144066,1.0526431910656167,pv_2param,9.071238154370848e-17
True,20.0,0.6629796410758573,0.05035214282962211,1.0934449060725402,pv_2param,5.348371195608811e-17
True,20.0,0.5078760555466497,0.13466244178280096,1.0000000000000004,pv_2param,5.93046160814293e-17
True,20.0,1.4329274141618176,0.17886122158630996,1.0102574560772455,pv_2param,2.219289220949858e-17
True,20.0,0.9517048279622404,0.04752017332733745,1.000000000000002,pv_2param,6.338490681983622e-17
True,20.0,0.42323764904866906,0.017668599620348346,1.0000000000000107,pv_2param,0.0
True,20.0,1.272676803556954,0.1984289937663029,1.0000000000000056,pv_2param,6.734110230016486e-17
True,20.0,0.36674893699547106,0.0882757228553375,1.0636252128685815,pv_2param,6.966944456361333e-17
True,20.0,0.3832088464353864,0.1309888219802788,1.0000000000000002,pv_2param,2.089127327466231e-17
True,20.0,0.9978185155054844,0.10316431396367537,1.0189204338727436,pv_2param,5.277318287123431e-17
True,20.0,0.6088979117113836,0.0733261765432442,1.0000000000000004,pv_2param,7.42627291738748e-17
True,20.0,1.2712338158140402,0.044678754983333874,1.0000000000000073,pv_2param,1.2008552912076446e-16
True,20.0,0.7707290693776385,0.1691649048246039,1.000000000000001,pv_2param,6.824942523542078e-17
True,20.0,0.5187756315478989,0.12541941547521798,1.04568381657355,pv_2param,9.845185024813413e-17
True,20.0,0.8805778513584592,0.0886512483123501,1.0000000000000029,pv_2param,7.470198013068699e-17
True,20.0,1.1557124477529406,0.1824299682223655,1.0092625350751656,pv_2param,0.0
True,20.0,1.4535899693411627,0.08428075992590056,1.0000000000000113,pv_2param,5.79614672207922e-17
True,20.0,0.9014911303627273,0.177093038183883,1.0000000000000058,pv_2param,0.0
True,20.0,0.7550852949878364,0.18032253119785835,1.0331681455314512,pv_2param,9.594125469247609e-17
True,20.0,1.4624657810326096,0.060011173239706686,1.0000000000000309,pv_2param,4.839045819683867e-17
True,20.0,0.9159260269185707,0.1608341845558801,1.0000000000000027,pv_2param,2.1104960198467642e-17
True,20.0,0.3544722537435057,0.10122219141335863,1.061405990615625,pv_2param,5.53965233014695e-17
True,20.0,1.371799750300488,0.02599930731047493,1.000000000000009,pv_2param,8.867257842146349e-17
True,20.0,0.8557146729772875,0.12831661561036373,1.0000000000000095,pv_2param,5.2578396394300577e-17
True,20.0,1.3639833669261505,0.10111083080036505,1.0000000000000053,pv_2param,1.7242972383884418e-16
True,20.0,1.2873326725154066,0.10119131381842801,1.000000000000002,pv_2param,0.0
True,20.0,1.0936650764125413,0.059157881531075554,1.0000000000000038,pv_2param,7.377193606897688e-17
True,20.0,1.3850128876816694,0.12131086341265561,1.047057534381736,pv_2param,3.585281679949313e-17
True,20.0,1.1341973565783332,0.026842704353626592,1.000000000000014,pv_2param,1.0110060250064205e-16
True,20.0,1.3061878197387855,0.13882574314957433,1.0254328023092905,pv_2param,1.5528283237074496e-16
True,20.0,0.3578587536701134,0.018804824056332527,1.0531834846577326,pv_2param,9.250629432545163e-17
True,20.0,0.31642074654971114,0.12377967682484697,1.0196028183319215,pv_2param,5.676491549416954e-17
True,20.0,0.6190269684536063,0.11934116724183282,1.0000000000000004,pv_2param,5.0400837669668506e-17
True,20.0,1.057526798558924,0.025009189546514234,1.0447983451615688,pv_2param,5.768674081815273e-17
True,20.0,1.0232618460543532,0.15688486390499942,1.0076706863730351,pv_2param,8.024751563335756e-17
True,20.0,0.7999636445286191,0.015684819824202202,1.0000000000000169,pv_2param,0.0
True,20.0,1.0098683959496821,0.16814288191973206,1.0903190905740885,pv_2param,3.578279204453992e-17
True,20.0,0.7907550474632427,0.16811667632551064,1.0000000000000027,pv_2param,7.512125204015203e-17
True,20.0,1.0592079096688318,0.09589907548941251,1.0472206418138272,pv_2param,6.343161198193632e-17
True,20.0,1.221569507930225,0.15698258460442463,1.0000000000000093,pv_2param,1.3748874987112004e-16
True,20.0,0.966238730326086,0.04793569289813853,1.0000000000000098,pv_2param,6.953452319361774e-17
True,20.0,0.46191796572203125,0.19638858981376484,1.054293973670392,pv_2param,1.1108412496350147e-16
True,20.0,1.368758606200027,0.16293946173719784,1.000000000000005,pv_2param,0.0
True,20.0,0.861777821878269,0.07211674229107849,1.0000000000000049,pv_2param,5.663293647206568e-17
True,20.0,0.40620669551060384,0.009348235922024028,1.0000000000000009,pv_2param,8.182032280034741e-17
True,20.0,1.3915312304131733,0.011423305986036381,1.0000000000000204,pv_2param,1.2837465494226515e-16
True,20.0,1.1646701104691517,0.03431903290743112,1.018981221568416,pv_2param,5.551669577273006e-17
True,20.0,1.467326629860498,0.04573272544245604,1.0000000000000087,pv_2param,0.0
True,20.0,1.3386801247361633,0.051388768392878675,1.0000000000000049,pv_2param,5.1228326279214485e-17
True,20.0,1.3489947965284945,0.0679636893089115,1.000000000000002,pv_2param,0.0
True,20.0,0.7780145337223217,0.1571588152737491,1.0009944373812463,pv_2param,0.0
True,20.0,0.657385432572064,0.025602072491160668,1.0000000000000013,pv_2param,0.0
True,20.0,1.277927250288824,0.14083392658978786,1.0000000000000104,pv_2param,5.4812756335815544e-17
True,20.0,0.47708173841703483,0.18671551713017664,1.0000000000000016,pv_2param,6.59816967389169e-17
True,20.0,0.6664935358850377,0.017146172516460424,1.0000000000000036,pv_2param,9.128791325051277e-17
True,20.0,1.3993152228249357,0.06451222028411092,1.0000000000000027,pv_2param,0.0
True,20.0,1.121061564163389,0.07979766044651085,1.000000000000009,pv_2param,0.0
True,20.0,0.8421414457913843,0.11105012409309101,1.0000000000000004,pv_2param,7.297892809449119e-17
True,20.0,0.9400286048871491,0.0850812039084789,1.0000000000000075,pv_2param,9.587623975465582e-17
True,20.0,1.2162300834630018,0.05445790285012624,1.034874772175466,pv_2param,0.0
True,20.0,1.3911169888377237,0.09906641630315889,1.0000000000000089,pv_2param,0.0
True,20.0,1.194946875062822,0.04159416516677481,1.0000000000000129,pv_2param,1.1541648304630533e-16
True,20.0,1.2980108545186915,0.06322701806489842,1.0000000000000078,pv_2param,7.613208367638008e-17
True,20.0,0.5570030839063269,0.044482339473767965,1.0000000000000022,pv_2param,3.6127565200316006e-17
True,20.0,0.8758127286899073,0.18448752945815103,1.0000000000000115,pv_2param,6.080912238217132e-17
True,20.0,0.8289766057236836,0.1240521189497474,1.000000000000005,pv_2param,1.4133244320101e-16
True,20.0,0.7013459519986893,0.046956377826324495,1.0757922515308065,pv_2param,6.67368249398434e-17
True,20.0,1.245670522864218,0.04332600049442568,1.0000000000000007,pv_2param,1.0895835892008362e-16
True,20.0,1.3696146948120407,0.0480346535720396,1.0000000000000144,pv_2param,0.0
True,20.0,1.2967876043987685,0.010404401759187266,1.000000000000055,pv_2param,0.0
True,20.0,0.5113622440376742,0.019712921819640794,1.1047263935543186,pv_2param,5.140957322288139e-17
True,20.0,1.1483044651760983,0.11396087314454545,1.0000000000000033,pv_2param,9.143993142985656e-17
True,20.0,1.0791520147279936,0.0952694503402316,1.0000000000000002,pv_2param,0.0
True,20.0,1.0334901592847991,0.14315075089009674,1.0000000000000009,pv_2param,0.0
True,20.0,1.4179623000656079,2.7075238665097424e-05,1.0000000000000022,pv_2param,9.573018853762944e-17
True,20.0,0.681606749323965,0.16091439315429146,1.0214976880188753,pv_2param,4.266138728898961e-17
True,20.0,0.6652455617426868,0.1810091344989915,1.000000000000001,pv_2param,5.074511874868787e-17
True,20.0,0.686642280035168,0.10483514209594058,1.0000000000000016,pv_2param,7.087741616151224e-17
True,20.0,0.8996426561913213,0.047309370642537686,1.0000000000000069,pv_2param,4.984549915685563e-17
True,20.0,1.444877161247815,0.06505830020742046,1.0000000000000147,pv_2param,5.1649623209620874e-17
True,20.0,0.5500816466687131,0.16807066236644064,1.0000000000000013,pv_2param,8.149584584543656e-17
True,20.0,0.876355973008867,0.1801835384759097,1.061294079839882,pv_2param,1.1793127070390662e-16
True,20.0,1.0783733040712775,0.1935592934783629,1.0000000000000038,pv_2param,1.123093320721983e-16
True,20.0,1.2284215968312393,0.09866088132162852,1.000000000000003,pv_2param,8.58306542603246e-17
True,20.0,0.9127017138905182,0.11846134710181665,1.0000000000000007,pv_2param,6.302570551142509e-17
True,20.0,1.39323057667998,0.1110521069613044,1.0000000000000084,pv_2param,0.0
True,20.0,0.8607615472069565,0.010816677161781542,1.0000000000000122,pv_2param,0.0
True,20.0,1.2412663215434012,0.03830973167297065,1.0429257525459035,pv_2param,6.811333410537735e-17
True,20.0,0.7420847613510126,0.026355387404468168,1.0000000000000056,pv_2param,0.0
True,20.0,1.311152847781965,0.07367859138016675,1.000000000000007,pv_2param,0.0
True,20.0,0.874158390727908,0.0838166185104527,1.000000000000006,pv_2param,5.127133816509112e-17
True,20.0,0.6753226379630372,0.1949699422517183,1.000000000000003,pv_2param,0.0
True,20.0,0.7263218325114456,0.1991780503410231,1.0221032864006487,pv_2param,6.339604929872219e-17
True,20.0,1.222804169272271,0.12059914381496434,1.0000000000000042,pv_2param,1.195265573330721e-16
True,20.0,1.00595071348912,0.07164129189110306,1.0332721472463258,pv_2param,8.671854547119946e-17
True,20.0,0.48634394769816647,0.1476516090036893,1.0000000000000007,pv_2param,5.081895201039024e-17
True,20.0,0.9203967891070874,0.05922242947515073,1.000000000000001,pv_2param,4.37271888846729e-17
True,20.0,1.0471128641676157,0.06190897575665591,1.000000000000018,pv_2param,0.0
True,20.0,0.4335911019940144,0.19553329509088588,1.0057129602348729,pv_2param,0.0
True,20.0,1.3366729953385483,0.0637934614658656,1.0000000000000144,pv_2param,1.3444200266559283e-17
True,20.0,0.7740358305230863,0.05832757290016304,1.0000000000000304,pv_2param,0.0
True,20.0,0.5740061166332947,0.006356500268397736,1.0000000000000044,pv_2param,1.0490317647378972e-16
True,20.0,1.179200484988809,0.014927770320525524,1.0000000000000062,pv_2param,6.444629169712852e-17
True,20.0,0.8805214619529298,0.1935746131631253,1.0340058483447843,pv_2param,5.348644331016602e-17
True,20.0,1.1300011680152797,0.09701439302261142,1.000000000000007,pv_2param,8.641114630304196e-17
True,20.0,1.4683977480994843,0.1609929848333626,1.0000000000000018,pv_2param,4.942277671926341e-17
True,20.0,0.5369470662457292,0.021073026368719907,1.0000000000000047,pv_2param,5.313412552380452e-17
True,20.0,0.9111232756359904,0.16709125381251613,1.0000000000000007,pv_2param,7.497739552235743e-17
True,20.0,0.33067723344970174,0.01028797939020456,1.0000000000000047,pv_2param,0.0
True,20.0,1.2193664480359279,0.19937643974514416,1.0000000000000087,pv_2param,5.210430231032081e-17
True,20.0,0.7730113988143055,0.04161659449937536,1.0000000000000122,pv_2param,4.905900628196018e-17
True,20.0,1.1917078186263284,0.024237303013566726,1.0000000000000089,pv_2param,1.0716942876601256e-16
True,20.0,1.3122496731847992,0.19011188705492,1.0592144264631533,pv_2param,2.7311745152666945e-17
True,20.0,1.198633377713068,0.009120397193946505,1.0000000000000075,pv_2param,5.11380050729339e-17
True,20.0,0.5474471953984084,0.052781090064528184,1.0000000000000033,pv_2param,6.622356018343476e-17
True,20.0,1.4433747492268543,0.020726657230538528,1.060702037637908,pv_2param,9.284066500302772e-17
True,20.0,0.8439092745003631,0.09197121138173964,1.0000000000000018,pv_2param,0.0
True,20.0,0.35960481657887783,0.18713846333241968,1.063145337624272,pv_2param,8.863221952448287e-17
True,20.0,1.3987891608913259,0.008633001486020775,1.0000000000000404,pv_2param,4.4585836948928197e-17
True,20.0,1.142009921836004,0.08067138073286316,1.0000000000000027,pv_2param,0.0
True,20.0,0.4853053842944588,0.19724068475659853,1.000000000000003,pv_2param,3.4822960409958774e-17
True,20.0,1.4127147863204923,0.12289150532717659,1.000000000000001,pv_2param,7.943546357470701e-17
True,20.0,1.163171579139677,0.013763089042328326,1.000000000000015,pv_2param,0.0
True,20.0,1.1654109115974791,0.12351418214546628,1.0000000000000002,pv_2param,5.289883284584058e-17
True,20.0,1.1873760323141898,0.06532071985885222,1.0000000000000215,pv_2param,6.68877500936443e-17
True,20.0,0.7043353681450821,0.1946708246024385,1.0408870586547878,pv_2param,1.290325980014949e-16
True,20.0,0.540424866637463,0.012953137083440215,1.000000000000008,pv_2param,1.0380500837076371e-16
True,20.0,1.1075649558132818,0.18782999229392502,1.0011567563459391,pv_2param,3.36803934797226e-17
True,20.0,0.8665840646111385,0.053580450460215735,1.0000000000000084,pv_2param,0.0
True,20.0,0.9745919294082455,0.17191321707908203,1.0000000000000016,pv_2param,7.679855260737461e-17
True,20.0,0.8525934537825284,0.051462775146015896,1.0000000000000009,pv_2param,8.881942658268457e-17
True,20.0,1.246428046603002,0.18715411761110334,1.0901376473785278,pv_2param,9.182080210456344e-17
True,20.0,0.5134780849018215,0.13290801203043592,1.0000000000000016,pv_2param,7.050344014702599e-17
True,20.0,1.3564808990615076,0.14211175480976812,1.0000000000000087,pv_2param,5.2036715479781225e-17
True,20.0,1.4171221284384705,0.1083127021942084,1.0000000000000062,pv_2param,6.962896694562239e-17
True,20.0,1.4777143029176503,0.005074434523195004,1.0000000000000053,pv_2param,0.0
True,20.0,1.0788689190022427,0.183764471293598,1.000000000000006,pv_2param,1.2709618376288457e-16
True,20.0,0.7692953791330053,0.02661909203266828,1.0669074945564236,pv_2param,5.610157408015232e-17
True,20.0,0.927985811838087,0.12622055100691026,1.0000000000000095,pv_2param,5.4833359250924543e-17
True,20.0,1.4362776130076773,0.04579739833155743,1.000000000000004,pv_2param,5.561534498838347e-17
True,20.0,0.6643398068318944,0.05186170872370813,1.0404374966659555,pv_2param,6.178942277982276e-17
True,20.0,1.4012604286129495,0.03597322617790757,1.0032522246490585,pv_2param,8.585130663604633e-17
True,20.0,1.0289178190769506,0.19979319662827624,1.0032385266664179,pv_2param,0.0
True,20.0,1.0386196089454716,0.11704456099366317,1.0000000000000124,pv_2param,5.4385070132867763e-17
True,20.0,1.2591511754222742,0.09144024380497151,1.000000000000016,pv_2param,7.999404955848864e-17
True,20.0,1.220427341340571,0.08077797432457379,1.0000000000000118,pv_2param,6.459463472180021e-17
True,20.0,0.7793073886874741,0.19336030985246988,1.0000000000000047,pv_2param,5.316205629120982e-17
True,20.0,0.811908499649266,0.18866812948554595,1.0000000000000009,pv_2param,2.5204411729592686e-17
True,20.0,1.2837415724098717,0.15783518919512574,1.0000000000000129,pv_2param,4.7758755344759783e-17
True,20.0,0.9409485167288247,0.04283084120493839,1.0000000000000056,pv_2param,7.413127583177456e-17
True,20.0,1.3292702424868357,0.14305043248818566,1.0000000000000027,pv_2param,5.25639044738244e-17
True,20.0,1.0157595010672942,0.07880668792010231,1.0377550374198643,pv_2param,9.855731470188489e-17
True,20.0,0.35140520868585773,0.03273654172232123,1.0000000000000027,pv_2param,0.0
True,20.0,0.4363463679861829,0.01460912113076367,1.0000000000000118,pv_2param,3.2593208621559207e-17
True,20.0,1.0020747520613635,0.033610981670562624,1.0000000000000024,pv_2param,0.0
True,20.0,0.5125238306493369,0.16569057168435164,1.000000000000004,pv_2param,0.0
True,20.0,0.7735526618011007,0.07202157624252473,1.0000000000000024,pv_2param,6.681609455437664e-17
True,20.0,1.1739637049616607,0.030957142569444863,1.065027794093637,pv_2param,4.948916203463491e-17
True,20.0,0.4947552822586512,0.087049744122295,1.0138002479297017,pv_2param,1.8295853751231674e-16
True,20.0,1.078343070785005,0.1637101969860132,1.0402979739979867,pv_2param,6.661050986828854e-17
True,20.0,1.1392084230511714,0.028859251059103187,1.0000000000000353,pv_2param,1.0481008711800189e-16
True,20.0,0.9160485774188956,0.025965284969662085,1.0000000000000164,pv_2param,1.4569290502685174e-16
True,20.0,1.3998972054346308,0.11203163616628307,1.0000000000000036,pv_2param,1.7109531498422743e-16
True,20.0,1.4968841668222073,0.13467924303972797,1.0111230523703867,pv_2param,1.8702030992845172e-16
True,20.0,0.8860967518187481,0.17298682972163945,1.0000000000000118,pv_2param,7.440596181538942e-17
True,20.0,0.8072616086120374,0.04961555621344136,1.0000000000000264,pv_2param,5.569438230277071e-17
True,20.0,0.42786642205784875,0.14126499856609903,1.0389356465603092,pv_2param,1.170059316822043e-16
True,20.0,0.8667475587977949,0.1515128923577742,1.0000000000000029,pv_2param,2.2713441656979692e-17
True,20.0,1.4775843783401306,0.04364687645122281,1.000000000000007,pv_2param,4.903949435753897e-17
True,20.0,0.3833937914910195,0.19458704986235045,1.000000000000001,pv_2param,9.07697361342786e-17
True,20.0,1.4029615015737467,0.12828121265036593,1.000000000000002,pv_2param,1.2119312159893323e-16
True,20.0,0.7937182126546782,0.0058762560696631995,1.0000000000000078,pv_2param,4.157915218546388e-17
True,20.0,0.49881292096391106,0.06116676222489797,1.1352837265475189,pv_2param,5.891351159779612e-17
True,20.0,0.8105070662673073,0.06046158279263447,1.0000000000000118,pv_2param,8.721084599942467e-17
True,20.0,1.4475945325374262,0.15639680601692096,1.0918399418312414,pv_2param,4.868166423499986e-17
True,20.0,1.0681807632093725,0.020965266043407163,1.0000000000000073,pv_2param,8.606171682517524e-17
True,20.0,1.4000993391947447,0.09065114492399982,1.0000000000000047,pv_2param,7.911233930305118e-17
True,20.0,0.8267746845044708,0.10880729918988606,1.0000000000000047,pv_2param,7.048227085379001e-17
True,20.0,0.8012257715679938,0.05829473128924439,1.0000000000000007,pv_2param,1.0512690805399751e-16
True,20.0,0.6718758714598595,0.05318947994137058,1.0000000000000064,pv_2param,3.00474866037007e-17
True,20.0,1.0991723963407725,0.1890785161956684,1.0000000000000042,pv_2param,0.0
True,20.0,1.1098840967689108,0.046800582013276686,1.000000000000035,pv_2param,0.0
True,20.0,1.3743688643589613,0.06890920413256714,1.0000000000000038,pv_2param,7.747773976616023e-17
True,20.0,0.41306313171232645,0.11703455117623891,1.0188539869647981,pv_2param,7.370518089736616e-17
True,20.0,1.411565745630243,0.0009930149624793661,1.0000000000000182,pv_2param,0.0
True,20.0,0.4491038504196898,0.08246973344452609,1.0554817764123068,pv_2param,0.0
True,20.0,0.6659110883107363,0.015850764758740477,1.000000000000009,pv_2param,5.127511949008578e-17
True,20.0,0.581514232342025,0.17316150610936606,1.023837321960395,pv_2param,9.887719466644089e-17
True,20.0,0.8242065520312951,0.02678698184616242,1.0000000000000075,pv_2param,8.094506636211258e-17
True,20.0,0.6244517537492404,0.1471809007788086,1.0000000000000044,pv_2param,5.320474282845145e-17
True,20.0,0.6951080151185847,0.08641239938777874,1.000000000000005,pv_2param,4.242657241952526e-17
True,20.0,0.7593976683075545,0.1464527758901849,1.000000000000001,pv_2param,3.515152477149292e-17
True,20.0,1.3559963369056125,0.13646391784880824,1.0254766588868867,pv_2param,1.64188139492423e-16
True,20.0,0.5138537438414528,0.1026495730308471,1.0000000000000049,pv_2param,4.8160628786354926e-17
True,20.0,0.8632054132217009,0.039052010972002664,1.000000000000001,pv_2param,7.761960032629543e-17
True,20.0,0.3479368832233225,0.047879111608314685,1.0000000000000024,pv_2param,1.4633928480822464e-16
True,20.0,1.0130089359820533,0.05546344583793586,1.0000000000000007,pv_2param,8.198219631243382e-17
True,20.0,1.331528998973337,0.10924623037793744,1.0188390161598726,pv_2param,7.868482076326805e-17
True,20.0,0.3605786245389609,0.12117242972019415,1.008281526340865,pv_2param,1.0553373199735858e-16
True,20.0,0.9031007614129358,0.18024077336341482,1.0000000000000016,pv_2param,3.95019165822487e-17
True,20.0,0.9749322584013911,0.18921545016855523,1.000000000000006,pv_2param,7.990384679680845e-17
True,20.0,1.1739060768725817,0.09628785882153562,1.0000000000000053,pv_2param,0.0
True,20.0,0.6515824308003,0.025355603299967135,1.0121084184209441,pv_2param,8.364403469906627e-17
True,20.0,0.7162582501214851,0.06519635393696786,1.000000000000006,pv_2param,5.397979166716579e-17
True,20.0,0.5340313190071277,0.15415758901744336,1.0016890652381911,pv_2param,1.4039579460340355e-16
True,20.0,0.3599315255656575,0.17829900939935994,1.0000000000000004,pv_2param,0.0
True,20.0,0.706788370212252,0.08292082420232874,1.069040797547545,pv_2param,3.766557859807349e-17
True,20.0,0.4129572966031686,0.08758873238560368,1.0000000000000047,pv_2param,0.0
True,20.0,0.7199430335291416,0.0967712212423298,1.0000000000000073,pv_2param,3.280361651186303e-17
True,20.0,1.4196226286264086,0.11724466281318065,1.0000000000000075,pv_2param,0.0
True,20.0,0.44449071921230787,0.03028114560316593,1.0000000000000018,pv_2param,0.0
True,20.0,0.38013152465250427,0.027456830681906453,1.0591129816264255,pv_2param,1.6947755684521586e-16
True,20.0,0.9343698283468258,0.15250913832303917,1.000000000000011,pv_2param,6.375438680537288e-17
True,20.0,0.8337223204559074,0.025449979218938282,1.000000000000001,pv_2param,0.0
True,20.0,0.5240647590078883,0.1708065654670893,1.0701807120546554,pv_2param,0.0
True,20.0,0.5859481174077836,0.08991478392775365,1.0000000000000107,pv_2param,0.0
True,20.0,0.848516362914699,0.1536229467125162,1.0000000000000033,pv_2param,0.0
True,20.0,0.3383812645061633,0.07455881441626966,1.0000000000000002,pv_2param,2.0729966777717934e-16
True,20.0,1.0809705324293473,0.007837187686637371,1.0000000000000029,pv_2param,0.0
True,20.0,1.319679767646968,0.02823008000017331,1.0000000000000102,pv_2param,6.78753585197882e-17
True,20.0,1.4633363057434496,0.17992622701881367,1.000000000000001,pv_2param,0.0
True,20.0,1.3280196810544447,0.08203999359651984,1.0000000000000033,pv_2param,0.0
True,20.0,1.4125610785585838,0.12271633552743176,1.0000000000000062,pv_2param,6.611784752333923e-17
True,20.0,0.3916544303836375,0.16732682542010036,1.0000000000000044,pv_2param,1.348456250346717e-16
True,20.0,0.6839001654954351,0.012455773001864867,1.0000000000000082,pv_2param,8.133441409439736e-17
True,20.0,0.5889299120745077,0.017460144933368737,1.0000000000000002,pv_2param,0.0
True,20.0,0.9335975360538358,0.08167821555910691,1.0000000000000013,pv_2param,9.931976488163326e-17
True,20.0,0.37231122561546587,0.031104613587653197,1.0433268890252436,pv_2param,4.377239260021554e-17
True,20.0,1.2245612530874757,0.0023111529724751945,1.000000000000034,pv_2param,0.0
True,20.0,0.8473689639438735,0.1579239661175279,1.0000000000000047,pv_2param,0.0
True,20.0,1.0829113369558119,0.16404575453070386,1.0000000000000089,pv_2param,6.115615893237989e-17
True,20.0,0.6968654028692174,0.0884922302531036,1.0000000000000022,pv_2param,6.391590214760782e-17
True,20.0,0.688262666461403,0.10043166622107241,1.0000000000000016,pv_2param,0.0
True,20.0,0.6836797102616463,0.09213957429490481,1.0000000000000036,pv_2param,8.127120837308854e-17
True,20.0,1.0739904533596034,0.12773456724727378,1.0,pv_2param,0.0
True,20.0,0.8077231322178671,0.07967636551749402,1.0000000000000013,pv_2param,7.184738813102993e-17
True,20.0,1.2375486298287215,0.17590651630913173,1.0000000000000024,pv_2param,5.0580355036622256e-17
True,20.0,0.9895312652786796,0.17631122786995398,1.0000000000000024,pv_2param,4.3624331302783685e-17
True,20.0,1.1242289739373479,0.18323493410510278,1.000000000000007,pv_2param,6.356725886407442e-17
True,20.0,0.60942828441671,0.07930742052106309,1.0879099440875915,pv_2param,5.3248675586403465e-17
True,20.0,0.9954474001153542,0.09109623518558439,1.0000000000000013,pv_2param,7.732569798916885e-17
True,20.0,0.5820128595284138,0.19887495387559864,1.0000000000000018,pv_2param,3.0523593602297975e-17
True,20.0,1.496106316321808,0.09988694349904753,1.000000000000017,pv_2param,7.713802076978031e-17
True,20.0,1.4399073867781316,0.05611844095054504,1.0000000000000007,pv_2param,6.470676044768395e-17
True,20.0,0.8742992151703128,0.126124217954061,1.0000000000000044,pv_2param,6.333730748030738e-17
True,20.0,0.33524819305373116,0.1527714540848131,1.000000000000001,pv_2param,1.2369708036145489e-16
True,20.0,0.32153643673782245,0.17379546339387086,1.0162538773538743,pv_2param,6.62226560832544e-17
True,20.0,0.49789547177483495,0.019494654171661407,1.0111612384400497,pv_2param,1.4120530363614848e-16
True,20.0,1.3043436274738713,0.020477584980391497,1.000000000000023,pv_2param,8.191295278790997e-17
True,20.0,0.6672843943096506,0.0909236329957329,1.0061431407531736,pv_2param,6.38445250109634e-17
True,20.0,0.38150717047862437,0.05526839007856437,1.0000000000000038,pv_2param,5.351729414847274e-17
True,20.0,0.8106956670627712,0.1600105467888135,1.0000000000000062,pv_2param,4.236844454876419e-17
True,20.0,1.4122661427286778,0.07649553788581223,1.0000000000000049,pv_2param,3.2399971728922163e-17
True,20.0,0.5535703483490124,0.018720929517766383,1.0000000000000022,pv_2param,1.399970966684421e-16
True,20.0,1.156020854026486,0.05203313841497062,1.0000000000000053,pv_2param,1.0857344870024314e-16
True,20.0,0.5484820149439811,0.16123685908649077,1.022808342277388,pv_2param,0.0
True,20.0,0.4526815943873285,0.18818631008710793,1.0000000000000004,pv_2param,7.232716014713293e-17
True,20.0,1.0303237551666904,0.014636869284674048,1.0000000000000038,pv_2param,0.0
True,20.0,1.379323659756936,0.10250025011235522,1.0000000000000067,pv_2param,9.894947326009659e-17
True,20.0,0.5069609297802902,0.1703579980718095,1.0232657232044569,pv_2param,7.46913474365164e-17
True,20.0,0.7645357023773041,0.10167147000996556,1.0000000000000087,pv_2param,1.2845007807064042e-16
True,20.0,0.7961430693783789,0.011163788531393527,1.0000000000000195,pv_2param,0.0
True,20.0,0.5011728454331079,0.10302702971888256,1.0000000000000013,pv_2param,5.2971504265193947e-17
True,20.0,0.7105566920240525,0.19431452221880374,1.0000000000000004,pv_2param,9.42984553937413e-17
True,20.0,1.1798286734024734,0.08767416571849174,1.000000000000014,pv_2param,7.391690278103423e-17
True,20.0,1.1573608628366832,0.04613683390235526,1.0000000000000322,pv_2param,7.170142646525145e-17
True,20.0,1.4767538818282981,0.013587400181653409,1.0000000000000195,pv_2param,7.402982913251944e-17
True,20.0,1.4521918397157392,0.19036993487474407,1.0000000000000073,pv_2param,0.0
True,20.0,0.9114101636365171,0.1398368378758374,1.00000000000001,pv_2param,0.0
True,20.0,0.9349619506628959,0.024763402584384364,1.0000000000000162,pv_2param,6.514652240033759e-17
True,20.0,0.9202453336636252,0.06798126925391981,1.0000000000000044,pv_2param,7.963737044091395e-17
True,20.0,0.9858844369377564,0.16075207585807139,1.000000000000016,pv_2param,5.697467055771185e-17
True,20.0,1.3568018091028073,0.0790046387211373,1.000000000000006,pv_2param,7.772324364679265e-17
True,20.0,1.0932535298941426,0.08165580773210873,1.0000000000000218,pv_2param,0.0
True,20.0,1.3381440629886179,0.07977575503451838,1.0000000000000009,pv_2param,0.0
True,20.0,0.514977860934784,0.133683407440799,1.0564095074201316,pv_2param,1.569902288425167e-16
True,20.0,0.35582028488796746,0.07805786108347874,1.0567150459670753,pv_2param,0.0
True,20.0,0.784403343917949,0.001761171870004863,1.000993423830672,pv_2param,7.85591146040953e-17
True,20.0,0.3781218439812492,0.056381259180537935,1.0587742441197132,pv_2param,9.638909152477841e-17
True,20.0,0.47249792929814366,0.1004060962295622,1.000000000000005,pv_2param,5.040880206570061e-17
True,20.0,1.2040436619254815,0.16290635668718262,1.0000000000000047,pv_2param,1.0939391491506973e-16
True,20.0,0.4116923799929903,0.018244572502185696,1.0000000000000007,pv_2param,7.52950315202429e-17
True,20.0,1.1851513060596888,0.15299959580736344,1.0000000000000064,pv_2param,1.5281030002338236e-16
True,20.0,1.256777059217502,0.17416620239758407,1.000000000000007,pv_2param,0.0
True,20.0,1.2716291266521231,0.14759618440016004,1.0000000000000102,pv_2param,5.708830563024112e-17
True,20.0,0.5260354529709816,0.11401708184571635,1.0000000000000082,pv_2param,1.3848612152638123e-16
True,20.0,0.761608677841781,0.08951076282314785,1.0000000000000033,pv_2param,7.014808163145707e-17
True,20.0,1.3283481604044216,0.04298024694031857,1.0000000000000147,pv_2param,5.1217579120233594e-17
True,20.0,0.3225879059083684,0.04831676883219989,1.0000000000000018,pv_2param,6.161815823981328e-17
True,20.0,1.166868733149863,0.03662496257394208,1.0000000000000016,pv_2param,6.084678717197197e-17
True,20.0,1.1829836703657555,0.1584646616384297,1.0042308281815684,pv_2param,7.403359361755306e-17
True,20.0,1.145030627979514,0.0962149333320897,1.00000000000001,pv_2param,8.549204048918897e-17
True,20.0,1.4340663140713383,0.14159652800565944,1.0000000000000067,pv_2param,7.247810477617819e-17
True,20.0,1.0174307981332094,0.010315531151862834,1.0000000000000124,pv_2param,9.316289461216538e-17
True,20.0,0.6483751445687894,0.17819448993230455,1.061754329419925,pv_2param,4.144771721450391e-17
True,20.0,0.381663423135295,0.1223080121573152,1.000000000000002,pv_2param,1.2679480721987572e-16
True,20.0,1.4956367840507367,0.06625878612175143,1.0000000000000036,pv_2param,1.1445229424305054e-16
True,20.0,1.0024687340790444,0.19279789177994378,1.0000000000000013,pv_2param,1.5907706173003005e-16
True,20.0,0.9337836623390197,0.16853610302955324,1.0286280942637325,pv_2param,6.479196604156043e-17
True,20.0,0.39924890320955836,0.017175145038280215,1.0163939992891873,pv_2param,3.2262300870791375e-17
True,20.0,0.9951279129005357,0.18741120253560076,1.0000000000000093,pv_2param,1.2917171508079417e-16
True,20.0,0.7064206255951775,0.1748794098606439,1.0000000000000024,pv_2param,6.437450335320705e-17
True,20.0,0.6846910875203377,0.0411212284063786,1.0000000000000064,pv_2param,7.274405047566625e-17
True,20.0,1.1328224640544942,0.1738373633673388,1.0000000000000036,pv_2param,6.655058229236172e-17
True,20.0,0.7942798151760163,0.013203977567275583,1.000000000000012,pv_2param,7.7034665458441e-17
True,20.0,1.168283930271997,0.005882041927141546,1.0000000000000107,pv_2param,4.2594389542813176e-17
True,20.0,0.7390971041490564,0.03786045182671205,1.0000000000000004,pv_2param,8.120770247568791e-17
True,20.0,1.4658668541827122,0.00858542113199301,1.0000000000000164,pv_2param,0.0
True,20.0,0.9205973527256892,0.03919417731841273,1.0000000000000149,pv_2param,7.996361388905684e-17
True,20.0,1.1743264846547445,0.06346587808655871,1.0441359106573005,pv_2param,8.644056848449362e-17
True,20.0,1.0491060251104736,0.06183957611657376,1.0000000000000073,pv_2param,0.0
True,20.0,1.0952330957067258,0.09285172915906631,1.0000000000000058,pv_2param,8.278639431528255e-17
True,20.0,1.0174002106205149,0.03264389833906891,1.0313917203827687,pv_2param,9.456846322181004e-17
True,20.0,0.5993142774505742,0.11941939263822113,1.0000000000000016,pv_2param,6.027682129714157e-17
True,20.0,0.9996775965630231,0.03864565373439477,1.0000000000000053,pv_2param,3.964720590653382e-17
True,20.0,0.6873675358872013,0.10120715512602166,1.0030107061587072,pv_2param,4.4036656773869635e-17
True,20.0,1.1774101620693063,0.1876937897542282,1.0647747323262853,pv_2param,5.723861077603448e-17
True,20.0,1.182691666806294,0.15817185864253738,1.0000000000000044,pv_2param,1.6072341899403886e-16
True,20.0,0.8074247131907921,0.03128774687553373,1.0000000000000135,pv_2param,0.0
True,20.0,1.2425934745609823,0.10818180840935135,1.000000000000006,pv_2param,9.106245351813627e-17
True,20.0,1.020968806595741,0.04075268667191639,1.0000000000000053,pv_2param,0.0
True,20.0,0.6991206703820021,0.0700691263594657,1.0507510976390584,pv_2param,0.0
True,20.0,1.1551599343368897,0.06642363313139342,1.000000000000007,pv_2param,1.29186709531144e-16
True,20.0,0.6122707401524954,0.08500965683094037,1.0000000000000044,pv_2param,0.0
True,20.0,0.763789696638741,0.0022696924947938958,1.0000000000000067,pv_2param,6.322666213213608e-17
True,20.0,0.7060745083105895,0.08335164216051019,1.0393349208389653,pv_2param,1.0911513969548924e-16
True,20.0,1.2130809390907116,0.026174779465635803,1.0000000000000033,pv_2param,0.0
True,20.0,0.862461360363497,0.022265889443317845,1.0000000000000229,pv_2param,9.35149136411632e-17
True,20.0,0.3126837753963917,0.08759582291042806,1.0745048486969313,pv_2param,1.389417369577157e-16
True,20.0,1.4505936814400082,0.0036984974327855195,1.0000000000000167,pv_2param,6.367329237161012e-17
True,20.0,1.2645804282244815,0.06309137446031055,1.0000000000000056,pv_2param,0.0
True,20.0,0.8804701986633721,0.1452240971462913,1.000000000000005,pv_2param,0.0
True,20.0,0.6827765038476226,0.11130738743499571,1.0000000000000044,pv_2param,1.186122484714133e-16
True,20.0,1.165920867617784,0.06872477496338268,1.000000000000003,pv_2param,0.0
True,20.0,0.46575006711081124,0.1727184036666428,1.002099709165228,pv_2param,3.2195433727716566e-17
True,20.0,0.7321988852992949,0.06904116824138698,1.0395813132065397,pv_2param,0.0
True,20.0,0.9999008485865726,0.11536133776239899,1.000000000000001,pv_2param,2.5658537977320467e-17
True,20.0,1.2378490698070892,0.1856929232150546,1.0000000000000082,pv_2param,6.087555595682158e-17
True,20.0,0.8155619412848525,0.07027262620300452,1.000000000000012,pv_2param,5.920744233851233e-17
True,20.0,0.7306852549363289,0.10012293487380108,1.0242180167919699,pv_2param,6.527491759142915e-17
True,20.0,0.5883619945400022,0.09422030883611864,1.0000000000000002,pv_2param,6.910971948216129e-17
True,20.0,0.6578783193607678,0.08073052720376453,1.0000000000000056,pv_2param,7.860871554496575e-17
True,20.0,0.41119826360256667,0.03815405744002871,1.0559003117035053,pv_2param,8.93984319366421e-17
True,20.0,1.3709436212227664,0.13933699865377294,1.000000000000002,pv_2param,1.1955038136664136e-16
True,20.0,0.3621002557337265,0.0927860483546744,1.0381883724584133,pv_2param,6.961259680088718e-17
True,20.0,1.2713482977920474,0.05284117680612219,1.0000000000000009,pv_2param,1.1004350845852833e-16
True,20.0,0.3223336730379262,0.13683009272748722,1.0371781268035607,pv_2param,0.0
True,20.0,0.5822037827537534,0.09592745470764114,1.0000000000000067,pv_2param,4.7968553489132704e-17
True,20.0,0.5245576521934343,0.038463704844566675,1.000000000000005,pv_2param,0.0
True,20.0,0.6802461692257309,0.13565542467111188,1.000000000000005,pv_2param,8.560264440181345e-17
True,20.0,0.6724923494962658,0.09647112750417737,1.0000000000000102,pv_2param,6.270518384901273e-17
True,20.0,0.5831458349465224,0.00042822169249725486,1.0000000000000102,pv_2param,5.0956893065854634e-17
True,20.0,1.4655568206953653,0.03654150220830057,1.0000000000000098,pv_2param,5.417313751932492e-17
True,20.0,1.477286927007895,0.0640537953819713,1.000000000000002,pv_2param,5.578264725613957e-17
True,20.0,1.3591476845800219,0.0833996239447926,1.000000000000018,pv_2param,1.142117455773591e-16
True,20.0,0.7218371696578432,0.01035248572610954,1.0000000000000149,pv_2param,6.770400959744495e-17
True,20.0,0.9233261684497647,0.01297658605038059,1.0000000000000004,pv_2param,0.0
True,20.0,0.30521930071406705,0.06545675372066839,1.000000000000001,pv_2param,5.189024416449248e-17
True,20.0,0.8252059828219809,0.03697678096403539,1.0004330050632861,pv_2param,0.0
True,20.0,1.155484139893977,0.07118083742103602,1.0000000000000304,pv_2param,1.414214184579132e-16
True,20.0,1.4174819146716386,0.020752407535063733,1.1452614724786143,pv_2param,1.6080067185270671e-16
True,20.0,1.2964330963852868,0.08319192664551112,1.0000000000000078,pv_2param,0.0
True,20.0,1.0831469950741837,0.18002179992984377,1.0403487813549699,pv_2param,2.894296652319067e-17
True,20.0,1.0209648061909373,0.14675048245104863,1.0000000000000087,pv_2param,0.0
True,20.0,1.1580004227652936,0.053836131475782305,1.000000000000003,pv_2param,7.944915344446227e-17
True,20.0,0.42512569349977636,0.17993814449334658,1.070844821462601,pv_2param,6.081275119078511e-17
True,20.0,1.4410244784222135,0.06444209962261176,1.0000000000000018,pv_2param,0.0
True,20.0,1.0125506723740385,0.07979760009618285,1.0000000000000033,pv_2param,5.349737265445253e-17
True,20.0,1.0236546709794343,0.009049240148298754,1.000000000000014,pv_2param,0.0
True,20.0,1.2077947830705642,0.14364969189251067,1.0000000000000013,pv_2param,0.0
True,20.0,1.4998521978373722,0.12718847352345306,1.000000000000022,pv_2param,1.3941011952550077e-16
True,20.0,1.0483930713198788,0.025374387615056417,1.000000000000001,pv_2param,5.697241827320017e-17
True,20.0,1.2290542832430509,0.014239488127292123,1.0000000000000198,pv_2param,0.0
True,20.0,1.4839371760936158,0.07300565541725315,1.0000000000000002,pv_2param,5.825583746667044e-17
True,20.0,1.4715133993250302,0.1798078303737837,1.0000000000000098,pv_2param,0.0
True,20.0,0.4757338637392167,0.03291927885553723,1.2066069427126047,pv_2param,2.340075809163834e-16
True,20.0,0.3413903727481051,0.0942486698449529,1.0325255382260714,pv_2param,1.756545055193497e-16
True,20.0,0.8308316521004815,0.028065365731314754,1.0000000000000018,pv_2param,0.0
True,20.0,0.9977763171657401,0.13813256841973115,1.000000000000016,pv_2param,5.1508305331897937e-17
True,20.0,0.43110851180035675,0.0826949976921678,1.0651605277269718,pv_2param,5.6621933791688e-17
True,20.0,1.2358852277942125,0.015908207739683846,1.0000000000000115,pv_2param,0.0
True,20.0,0.6421290254434577,0.06036813937588135,1.0000000000000089,pv_2param,5.153389944010763e-17
True,20.0,0.5176114552980183,0.06358787559240771,1.0008291501744209,pv_2param,8.165888421033324e-17
True,20.0,1.1771374535952053,0.045147121910645585,1.000000000000003,pv_2param,7.341014024274514e-17
True,20.0,0.6202342915531769,0.004762245765957296,1.1892164190923478,pv_2param,9.761620093450476e-17
True,20.0,1.0224668889722857,0.06432213212066167,1.0000000000000033,pv_2param,5.027348203734851e-17
True,20.0,0.6196710571550492,0.017553173393797496,1.0000000000000189,pv_2param,8.819172268632253e-17
True,20.0,1.2251114361584559,0.16286699474338073,1.0000000000000024,pv_2param,9.104258771337838e-17
True,20.0,0.7132523826984842,0.18915175787763402,1.0516867358787925,pv_2param,8.952415437292034e-17
True,20.0,0.5400889019024776,0.05321257689889985,1.0670194120896186,pv_2param,7.80834889454248e-17
True,20.0,0.733370456411456,0.1040295524407706,1.0000000000000033,pv_2param,7.339345584068012e-17
True,20.0,1.4148369008873953,0.0709008793064808,1.0000000000000004,pv_2param,7.16179399910566e-17
True,20.0,1.1337667884608984,0.17083902313309401,1.0102862767747023,pv_2param,5.2578324781851045e-17
True,20.0,0.8404367478359536,0.11476193866645992,1.2029364603587602,pv_2param,7.294084063719075e-17
True,20.0,0.40212040850922637,0.0002619708194983028,1.0000000000000069,pv_2param,5.820275161747965e-17
True,20.0,0.9987177623821244,0.10630701040328068,1.000000000000005,pv_2param,0.0
True,20.0,1.2956257262687907,0.18989291295767552,1.0000000000000058,pv_2param,0.0
True,20.0,0.7240015733859009,0.03269329589244261,1.0000000000000056,pv_2param,1.898308237482054e-16
True,20.0,0.7812642370467568,0.044326530389047464,1.0000000000000024,pv_2param,7.546126006911715e-17
True,20.0,1.161996746743501,0.1114687835408504,1.0000000000000073,pv_2param,5.383638159985636e-17
True,20.0,0.7768452457428856,0.1123153653954661,1.0000000000000042,pv_2param,1.4388121704167096e-16
True,20.0,1.4880458494597544,0.03510597906995618,1.0130740038507648,pv_2param,2.7585454577605486e-17
True,20.0,0.9672295407294698,0.12831597207055154,1.000000000000008,pv_2param,2.7382208349741012e-17
True,20.0,1.25128900281263,0.01941866481677166,1.0000000000000115,pv_2param,4.880611650305373e-17
True,20.0,0.46198078596633785,0.13302948571560352,1.0000000000000016,pv_2param,0.0
True,20.0,0.510963614062369,0.09035841954682777,1.0040001312182503,pv_2param,6.498298260582282e-17
True,20.0,1.0139433671170457,0.11314083459815823,1.0000000000000016,pv_2param,8.534233870194804e-17
True,20.0,0.3340927672984422,0.15928453840815127,1.0000000000000009,pv_2param,4.5145623591066643e-17
True,20.0,0.3015013554472107,0.12087811843446941,1.000155226589971,pv_2param,7.633062398943562e-17
True,20.0,0.79096989869467,0.12985657964830194,1.0000000000000004,pv_2param,0.0
True,20.0,0.9250348035056717,0.08704137108654485,1.0000000000000049,pv_2param,0.0
True,20.0,1.0486553859792085,0.19667329871954722,1.1972990203929244,pv_2param,7.056940382782548e-17
True,20.0,0.5203803601121771,0.021719808535162245,1.015896122078713,pv_2param,5.373019720150535e-17
True,20.0,1.1043156584784535,0.14644883342716772,1.0000000000000109,pv_2param,5.544123439193745e-17
True,20.0,0.6844371151392926,0.04547819234988244,1.0397113248049816,pv_2param,4.768163235494228e-17
True,20.0,0.537025477629677,0.12126916097490321,1.0294922505350632,pv_2param,4.4138018643862525e-17
True,20.0,0.37672088718634406,0.13383685970377676,1.000000000000001,pv_2param,0.0
True,20.0,0.6414914710407362,0.10008872265927549,1.0015922135800088,pv_2param,7.936873518916374e-17
True,20.0,0.39859805268712245,0.05913224685128596,1.0000000000000058,pv_2param,4.292040239038632e-17
True,20.0,0.30527395229230186,0.01748959239755543,1.0000000000000013,pv_2param,4.724196503762232e-17
True,20.0,0.9843105975497959,0.008418371125274238,1.0000000000000024,pv_2param,2.9629822860422124e-17
True,20.0,1.0499872267830048,0.12257601262331602,1.000000000000002,pv_2param,3.232996166674311e-17
True,20.0,1.0091136126390956,0.10197975282430818,1.0000000000000067,pv_2param,0.0
True,20.0,0.8138883980972558,0.1555779265013472,1.005146061478892,pv_2param,9.75985000221745e-17
True,20.0,0.8691493665134338,0.12431818798519711,1.0222384183300932,pv_2param,5.752215790492989e-17
True,20.0,0.3066690898115261,0.1883113973770482,1.0185140762880136,pv_2param,7.286003607808825e-17
True,20.0,0.6111962221979792,0.10143789806330131,1.047874544996051,pv_2param,4.6411437322767026e-17
True,20.0,0.8634420312140028,0.007905370661448896,1.0000000000000158,pv_2param,0.0
True,20.0,1.2641727615324712,0.11344844799820913,1.000000000000004,pv_2param,0.0
True,20.0,1.137053688011025,0.15003390842644201,1.0,pv_2param,0.0
True,20.0,1.1326880906593655,0.14790193450100964,1.000000000000002,pv_2param,9.653604534623191e-17
True,20.0,0.4954545823831845,0.049553103791472375,1.0462871736947508,pv_2param,2.205519151683536e-16
True,20.0,0.33519280204874774,0.059216227770759015,1.0000000000000013,pv_2param,1.1546337153558714e-16
True,20.0,1.1034319283699796,0.05421337889456046,1.0000000000000158,pv_2param,6.726064177117018e-17
True,20.0,0.37214060394483883,0.18089638859411675,1.0313920712441238,pv_2param,3.994336674276521e-17
True,20.0,0.55027879157112,0.10619732896783352,1.2929415136543565,pv_2param,7.695952851249556e-17
True,20.0,1.0549655253821526,0.1506260398611163,1.0000000000000058,pv_2param,0.0
True,20.0,1.1571007772189437,0.1585037399982871,1.0000000000000102,pv_2param,5.305215514207302e-17
True,20.0,0.6120605777776396,0.18626404439771954,1.000000000000004,pv_2param,5.759019409241584e-17
True,20.0,0.3784534356360241,0.06159429966038759,1.013535216084579,pv_2param,2.863050007458114e-17
True,20.0,1.0144910668369393,0.14293661996978876,1.000000000000006,pv_2param,0.0
True,20.0,1.3592698636874636,0.0814392859746278,1.0000000000000029,pv_2param,0.0
True,20.0,0.7962020724283173,0.13121228294194937,1.0000000000000038,pv_2param,4.223716671986732e-17
True,20.0,0.6173612642615403,0.17229645052989373,1.0007877825735492,pv_2param,1.4942870166197902e-16
True,20.0,1.121830795399311,0.08089921622932117,1.0000000000000013,pv_2param,1.7229317613678286e-16
True,20.0,1.4938748219100368,0.09702009768078851,1.037237777101858,pv_2param,6.494506415106696e-17
True,20.0,1.3600545727307598,0.023227930892215577,1.0029456589160475,pv_2param,5.498954156818188e-17
True,20.0,0.5169475037418247,0.1868219686237235,1.0531904040893083,pv_2param,0.0
True,20.0,1.1241981200620137,0.00790761702236964,1.0000000000000167,pv_2param,4.654597563257956e-17
True,20.0,0.7308417636254634,0.03194613864525373,1.0000000000000084,pv_2param,4.3480280585828013e-17
True,20.0,0.4557614302602015,0.18693808777715729,1.0163097136159374,pv_2param,7.43620919135231e-17
True,20.0,1.05952165497122,0.06845350794741929,1.000000000000004,pv_2param,8.158544723384409e-17
True,20.0,0.38634506280867875,0.17839794075660165,1.0429069430932412,pv_2param,1.0909405362713605e-16
True,20.0,0.3630176796110796,0.10826357537236773,1.0000000000000007,pv_2param,0.0
True,20.0,1.0328677361504819,0.06868143365983395,1.0000000000000138,pv_2param,0.0
True,20.0,0.8340089652383349,0.11315259370587526,1.000000000000002,pv_2param,1.4292445583317181e-16
True,20.0,0.8811168337313771,0.10932138237148255,1.0000000000000016,pv_2param,5.747628114419463e-17
True,20.0,0.8659223523564454,0.12038865298646313,1.0000000000000078,pv_2param,7.260854475604108e-17
True,20.0,0.3321492701960022,0.15119926618037888,1.0000000000000024,pv_2param,0.0
True,20.0,0.6497884364738236,0.004360583619327296,1.0000000000000167,pv_2param,1.7261567906891918e-16
True,20.0,0.7015089055088518,0.15613943465575064,1.0000000000000024,pv_2param,7.387295217810529e-17
True,20.0,1.1220584574755172,0.07376181298629014,1.0000000000000073,pv_2param,6.858679118054792e-17
True,20.0,1.3477247285748675,0.12334311976139206,1.023463707940676,pv_2param,6.567421283727638e-17
True,20.0,0.6807540737523765,0.06307684534259786,1.0061807563612037,pv_2param,0.0
True,20.0,0.41917732851544925,0.18966175378171374,1.0000000000000016,pv_2param,0.0
True,20.0,1.4257641511980554,0.10827305061210504,1.027289525613537,pv_2param,0.0
True,20.0,1.2272017121430217,0.10507163595140301,1.0310952677953453,pv_2param,7.894187218096762e-17
True,20.0,1.1789074991868247,0.12754930207059242,1.0000000000000042,pv_2param,6.240513091530616e-17
True,20.0,1.045767935402121,0.06840762917947445,1.0000000000000038,pv_2param,0.0
True,20.0,0.9004797647142098,0.16753266293597774,1.0000000000000204,pv_2param,7.593721908311436e-17
True,20.0,1.0748185097571423,0.1815781302525128,1.0000000000000004,pv_2param,0.0
True,20.0,0.34313833339948924,0.05571863399667463,1.0000000000000033,pv_2param,7.767078264758255e-17
True,20.0,1.0336976531125461,0.17464603751465227,1.000000000000009,pv_2param,0.0
True,20.0,0.6376329383590134,0.16763738184034999,1.0084777348079075,pv_2param,1.7136662202440402e-16
True,20.0,0.7633382258929147,0.16731665288572756,1.017607047545524,pv_2param,7.775245960183087e-17
True,20.0,1.1729499971505362,0.06334832430584388,1.000000000000002,pv_2param,0.0
True,20.0,0.7739614290549794,0.157084389921039,1.000000000000002,pv_2param,0.0
True,20.0,0.7212307300795684,0.013652307680019172,1.0000000000000018,pv_2param,0.0
True,20.0,1.236034408335645,0.13355210568828899,1.000000000000006,pv_2param,8.91759439504132e-17
True,20.0,1.1426344499181929,0.05033872690489674,1.0000000000000013,pv_2param,9.887291476999698e-17
True,20.0,0.3381814726850734,0.012413685550273246,1.0000000000000049,pv_2param,0.0
True,20.0,1.4181439100087143,0.09435829361181299,1.0000000000000204,pv_2param,1.160453130313789e-16
True,20.0,1.3855906705612726,0.07903523694393133,1.0000000000000022,pv_2param,1.2193737963217834e-16
True,20.0,0.3171455056289206,0.13893533542924927,1.0000000000000033,pv_2param,0.0
True,20.0,0.3850664603261573,0.0141509520646816,1.000000000000006,pv_2param,1.4096084109103176e-16
True,20.0,1.2682406578014354,0.1885330355998271,1.0000000000000082,pv_2param,5.724674326250303e-17
True,20.0,0.8430672446198613,0.09025653456638949,1.0000000000000024,pv_2param,0.0
True,20.0,1.441271444582855,0.08222854777903668,1.000000000000017,pv_2param,0.0
True,20.0,0.7059346305685492,0.16005414914088123,1.052997816313812,pv_2param,4.230674454795336e-17
True,20.0,1.231718132687266,0.029420342782274456,1.0000000000000064,pv_2param,5.022832253202008e-17
True,20.0,1.0104456055245328,0.09948762471641222,1.0000000000000033,pv_2param,5.368535563828698e-17
True,20.0,0.762991917447573,0.03886543852225213,1.0000000000000169,pv_2param,8.538357465114412e-17
True,20.0,0.7789449090713665,0.19343178160748895,1.0000000000000053,pv_2param,0.0
True,20.0,1.4674204172232175,0.047558458598754585,1.000000000000016,pv_2param,0.0
True,20.0,0.9556956898094866,0.13099688914506263,1.0143513571581284,pv_2param,1.659192275348318e-16
True,20.0,0.8361078333254406,0.15558723348979417,1.1223526359462368,pv_2param,5.763178600429295e-17
True,20.0,1.4091409550791816,0.015269555521864642,1.000000000000016,pv_2param,8.466432875741473e-17
True,20.0,1.090253239075949,0.11472700636250775,1.000000000000005,pv_2param,1.554795952872068e-16
True,20.0,0.9715284253863508,0.06351338000170535,1.0000000000000013,pv_2param,4.737934616810391e-17
True,20.0,0.944860456991413,0.17042970621731954,1.0000000000000007,pv_2param,1.2115164375388847e-16
True,20.0,0.5433394113996667,0.17613475957586056,1.0000000000000038,pv_2param,0.0
True,20.0,0.3673892960326574,0.19973267994240465,1.0487015645227145,pv_2param,1.095101849742716e-16
True,20.0,0.4169765020724264,0.19366363273621476,1.0834545229680057,pv_2param,0.0
True,20.0,0.5711111858011235,0.17039235319055723,1.000000000000002,pv_2param,3.20959109676052e-17
True,20.0,0.7125715635933614,0.1066096182896156,1.0000000000000013,pv_2param,7.0882448741067e-17
True,20.0,0.6007709982811787,0.048766417444052856,1.0000000000000069,pv_2param,0.0
True,20.0,0.9527381359307017,0.029778353283756043,1.000000000000023,pv_2param,0.0
True,20.0,0.3900567780953844,0.14327427551786767,1.0000000000000027,pv_2param,0.0
True,20.0,0.39076066582043023,0.06754818871597452,1.0000000000000013,pv_2param,1.8952518723476384e-16
True,20.0,1.1886544569942163,0.123350347566844,1.0000000000000098,pv_2param,5.0872601275080164e-17
True,20.0,0.7381967809299272,0.11794234608279675,1.0000000000000087,pv_2param,0.0
True,20.0,0.3435397579885007,0.10328930916829111,1.000000000000001,pv_2param,8.55882013018867e-17
True,20.0,0.9647906812476017,0.02211743299832827,1.0000000000000033,pv_2param,0.0
True,20.0,1.1844391290851963,0.07856865384683503,1.0577811973088116,pv_2param,1.133841967193194e-16
True,20.0,0.4178245938767922,0.061414228427323074,1.0148611566692964,pv_2param,1.0499190137014405e-16
True,20.0,0.6349305481857701,0.1788930138688895,1.0000000000000016,pv_2param,0.0
True,20.0,1.4186985288444371,0.09723258953319057,1.0000000000000047,pv_2param,8.193773128157181e-17
True,20.0,0.523770215468961,0.10396448394329026,1.021355527119432,pv_2param,4.376269658463475e-17
True,20.0,1.4701846377556735,0.01942490590779491,1.0000000000000013,pv_2param,1.4456285125870297e-16
True,20.0,0.5817599516277334,0.09802659890161153,1.0158303747897757,pv_2param,8.654855172522114e-17
True,20.0,1.1157815209198017,0.19683670168490808,1.0096319081111487,pv_2param,2.0203035269896195e-16
True,20.0,0.7618372484548541,0.09593355723889528,1.0032324887361934,pv_2param,4.562048187869151e-17
True,20.0,0.8159501696413514,0.12280318041292776,1.0272723526682077,pv_2param,0.0
True,20.0,1.0426118247682958,0.1071052408927407,1.0000000000000027,pv_2param,5.776018425498374e-17
True,20.0,0.6695813379464458,0.12715051008253536,1.0000000000000027,pv_2param,5.4571906455888296e-17
True,20.0,0.9383474589916041,0.10466333830458541,1.0000000000000062,pv_2param,0.0
True,20.0,0.7634559620542193,0.05967188363093532,1.0433000600111826,pv_2param,1.3135180434637544e-16
True,20.0,0.39740550830711835,0.011245897775242986,1.0792565410502775,pv_2param,6.29065697821325e-17
True,20.0,1.2358776463602303,0.07867989688334448,1.0000000000000069,pv_2param,0.0
True,20.0,0.6010507790248222,0.05920772600377325,1.0000000000000033,pv_2param,3.297148786333255e-17
True,20.0,1.0521067456206485,0.10316677105907533,1.000000000000003,pv_2param,1.545304925499255e-16
True,20.0,0.5073156644203548,0.09941812404012676,1.0180407619856502,pv_2param,0.0
True,20.0,0.7098983466922542,0.12100342614457621,1.049999715812638,pv_2param,2.251294092345176e-16
True,20.0,1.45088558386686,0.024748685167561436,1.0000000000000118,pv_2param,1.269034920118509e-16
True,20.0,0.358607098522814,0.17877278771399463,1.050661272570238,pv_2param,5.001432462950679e-17
True,20.0,0.7325550589920722,0.086963569112113,1.000000000000001,pv_2param,1.3089272746532108e-16
True,20.0,1.399174800351805,0.12041465720101925,1.0106624227891077,pv_2param,1.3605304907414584e-16
True,20.0,0.5314487746126577,0.18314536369015466,1.0629531271072232,pv_2param,6.371708609380212e-17
True,20.0,0.9911684937458256,0.06001668540078358,1.006768739021113,pv_2param,2.1720570509774407e-16
True,20.0,0.7505580917219182,0.046571609998378866,1.0000000000000038,pv_2param,9.193938610954535e-17
True,20.0,1.2863437925466177,0.1007993789624344,1.000157163403146,pv_2param,1.1859669739140146e-16
True,20.0,0.5043571181989046,0.031093346221982367,1.0189321046691102,pv_2param,5.703150836660529e-17
True,20.0,0.9668162944398293,0.025679138423092177,1.0000000000000058,pv_2param,0.0
True,20.0,1.0673215010073618,0.17600818191392092,1.0092622201987729,pv_2param,4.2455903741519266e-17
True,20.0,1.114303275936571,0.02820628252688171,1.024934152565502,pv_2param,1.267462955886805e-17
True,20.0,1.2016963008136217,0.17081719893134567,1.0000000000000138,pv_2param,8.000082533729343e-17
True,20.0,1.4262229094251861,0.08578038209952837,1.00000000000002,pv_2param,6.691111491448586e-17
True,20.0,0.7826024331523849,0.12396131849304214,1.000000000000001,pv_2param,3.596459050624812e-17
True,20.0,1.4082483915487098,0.1569392778847323,1.0000000000000107,pv_2param,4.9955196918739605e-17
True,20.0,0.4493550351985922,0.1077340538048776,1.0140585087182146,pv_2param,9.033003152210471e-17
True,20.0,0.4812426391092024,0.07794801515105439,1.0000000000000058,pv_2param,3.62237707267739e-17
True,20.0,0.7962287814983662,0.1950637693919785,1.000000000000001,pv_2param,0.0
True,20.0,1.1283650710367072,0.03534112124193738,1.0000000000000095,pv_2param,5.840821123056843e-17
True,20.0,0.49242549572594563,0.1620733788939679,1.0000000000000078,pv_2param,7.375266349882785e-17
True,20.0,0.31266361523624175,0.15266739754049669,1.0000000000000004,pv_2param,0.0
True,20.0,1.0303414325183438,0.15077280546128657,1.0167956238652582,pv_2param,9.727085788764267e-17
True,20.0,0.6389002230820826,0.003972589342962585,1.000000000000011,pv_2param,7.811870286958052e-17
True,20.0,1.0371572196225816,0.040701269670129596,1.0000000000000047,pv_2param,1.5897320407635258e-16
True,20.0,0.38065338140565036,0.15597744424643456,1.0000000000000022,pv_2param,3.285097219831172e-17
True,20.0,0.8509778667707599,0.028863705124930018,1.0000000000000164,pv_2param,3.542105165693183e-17
True,20.0,0.45815086174954633,0.12885491900369944,1.004328099424733,pv_2param,5.76178520952503e-17
True,20.0,1.2800145872879176,0.14891791380485805,1.000000000000001,pv_2param,4.4929375100233535e-17
True,20.0,0.9938810068583395,0.1795838665784828,1.0069587858410771,pv_2param,6.80819374359721e-17
True,20.0,0.43278148420981055,0.16530812484708693,1.0000000000000013,pv_2param,1.3693900539108205e-16
True,20.0,0.47877366884474093,0.07055936718715017,1.0000000000000007,pv_2param,4.5289853852368033e-17
True,20.0,0.7071823581298647,0.18832593518735005,1.0000000000000049,pv_2param,8.825147779576889e-17
True,20.0,1.0408918415093797,0.1926464805477281,1.000000000000001,pv_2param,0.0
True,20.0,0.48416264687736843,0.16033093353474392,1.0000000000000047,pv_2param,1.0367143011855573e-16
True,20.0,1.3208765766587742,0.07601162771536529,1.00000000000001,pv_2param,1.286564166375929e-16
True,20.0,1.4281533966896296,0.05847493302649638,1.000000000000005,pv_2param,1.1459346935713461e-16
True,20.0,0.3205072527305824,0.1757518255576574,1.0,pv_2param,9.326162327211971e-17
True,20.0,0.7537716012394375,0.1318574861496619,1.0000000000000113,pv_2param,0.0
True,20.0,0.5212127070070196,0.17133550064829572,1.0068903604107313,pv_2param,2.522866606031393e-16
True,20.0,0.7718020012410161,0.038844529260321475,1.0000000000000049,pv_2param,3.654981611358531e-17
True,20.0,1.3190063576814361,0.10433430917498945,1.0000000000000004,pv_2param,7.941687456392425e-17
True,20.0,0.5934501856034253,0.11839152587102163,1.000000000000001,pv_2param,8.080255846729958e-17
True,20.0,0.46240929366125905,0.16627671191940352,1.0000000000000007,pv_2param,9.273632831274804e-17
True,20.0,0.580938342580438,0.01968356763088135,1.0150804276910048,pv_2param,2.703148256663084e-17
True,20.0,0.8643388619197043,0.028074463868629884,1.0000000000000098,pv_2param,8.710682333764837e-17
True,20.0,0.6926462144937969,0.17905235639473868,1.0041135918366986,pv_2param,1.682687625293336e-16
True,20.0,1.2445800042337194,0.10790877797693321,1.0000000000000069,pv_2param,0.0
True,20.0,0.3460685832083206,0.1873560987360182,1.0000000000000013,pv_2param,6.633261893691119e-17
True,20.0,0.5505217020041022,0.0029762515810280114,1.0000000000000018,pv_2param,1.5709381350431391e-16
True,20.0,0.9874350929314553,0.0012155952878796228,1.0000000000000309,pv_2param,5.081649802971327e-17
True,20.0,0.7590788119336047,0.1447998893718632,1.000000000000009,pv_2param,0.0
True,20.0,1.432574739795294,0.02389210463330034,1.000000000000022,pv_2param,0.0
True,20.0,0.9009833571076951,0.16893459060857163,1.000000000000004,pv_2param,6.771437247513828e-17
True,20.0,0.8335582022174988,0.006798054584545122,1.0000000000000113,pv_2param,0.0
True,20.0,1.4499178516782527,0.05795738388559575,1.0000000000000087,pv_2param,5.867784568575651e-17
True,20.0,0.7342898972495133,0.19673691001408433,1.0602720353572626,pv_2param,0.0
True,20.0,1.0584898027309761,0.1937921876546237,1.0000000000000007,pv_2param,0.0
True,20.0,1.3495369233058143,0.19720927635152463,1.0821594853389032,pv_2param,1.4489852949509928e-16
True,20.0,0.3752092490221726,0.04156648792985023,1.0000000000000067,pv_2param,4.7826744768622776e-17
True,20.0,0.6664281915927133,0.14494291273204313,1.0000000000000102,pv_2param,0.0
True,20.0,1.0064113280824978,0.10358441475221558,1.0000000000000022,pv_2param,5.270061525496826e-17
True,20.0,0.33500491663414195,0.03503368029597864,1.0222051437135944,pv_2param,1.1032164116573092e-16
True,20.0,0.41455043640067757,0.012486611185609143,1.0000000000000062,pv_2param,6.963207199878657e-17
True,20.0,0.4364094133854526,0.0012818718754101788,1.0000000000000033,pv_2param,9.378304061582721e-17
True,20.0,1.2257138090738111,0.1253367907508455,1.0000000000000042,pv_2param,9.631707800061551e-17
True,20.0,0.8913593070428549,0.058551824296172186,1.0000000000000109,pv_2param,8.685255814644642e-17
True,20.0,1.4370920447481939,0.025796987865790478,1.000000000000011,pv_2param,4.384474145631056e-17
True,20.0,0.31732397884757324,0.06554660500425735,1.004295991410314,pv_2param,3.960622283178216e-17
True,20.0,0.5060352204177925,0.15610043018210337,1.0000000000000042,pv_2param,0.0
True,20.0,1.3530611129635544,0.05495412345612554,1.0000000000000082,pv_2param,1.1781735555323317e-16
True,20.0,0.735459374371656,0.0002900400409952875,1.0000000000000004,pv_2param,0.0
True,20.0,1.3417121791021027,0.08909229796526728,1.0000000000000109,pv_2param,9.662253599464766e-17
True,20.0,1.3049237592558984,0.05748991109485105,1.0000000000000235,pv_2param,7.95664509366147e-17
True,20.0,0.7162580888764487,0.0426629564410769,1.03132538974668,pv_2param,7.062149688039103e-17
True,20.0,0.6331484779830281,0.12104282290303131,1.0000000000000004,pv_2param,0.0
True,20.0,1.1101803627712985,0.041216313516361326,1.0000000000000036,pv_2param,1.52541138923231e-16
True,20.0,0.4296990468783656,0.048813003754639595,1.000000000000002,pv_2param,4.736584534970083e-17
True,20.0,0.9812853049777119,0.08094066473168378,1.0000000000000109,pv_2param,5.212483824537189e-17
True,20.0,1.4450593261557556,0.17316422172168086,1.00000000000001,pv_2param,4.7675783497718887e-17
True,20.0,0.5770730358312237,0.06768440082383867,1.0511241725875937,pv_2param,7.622077856065703e-17
True,20.0,0.7898412850200212,0.013184325276405163,1.000000000000007,pv_2param,0.0
True,20.0,1.265815876279344,0.0967861653996526,1.0000000000000089,pv_2param,7.760776138897639e-17
True,20.0,1.196950780017783,0.1541397331906878,1.0000000000000038,pv_2param,6.055903166452227e-17
True,20.0,0.874209941566658,0.15334035657567957,1.0000000000000022,pv_2param,7.649382951694163e-17
True,20.0,1.451290398263849,0.18165099365803083,1.000000000000009,pv_2param,5.1000221623422926e-17
True,20.0,0.5452019759235249,0.11012528759081897,1.0000000000000049,pv_2param,4.455762279059474e-17
True,20.0,1.4863279816725348,0.0280147571676439,1.000000000000013,pv_2param,8.039268416396094e-17
True,20.0,1.0868998381327108,0.15768100312873828,1.000000000000007,pv_2param,6.37107350247249e-17
True,20.0,0.9411255848094273,0.07708117815889937,1.000000000000008,pv_2param,1.1030607579049725e-16
True,20.0,0.7522560773744458,0.15751104376277517,1.0000000000000069,pv_2param,7.727996364241287e-17
True,20.0,0.554162665480604,0.029497828229943002,1.0000000000000173,pv_2param,2.069913039817209e-16
True,20.0,1.0470333042793856,0.0878563579590995,1.0347025467314825,pv_2param,9.037316291588775e-17
True,20.0,0.8119510250899284,0.14207620067270021,1.0000000000000102,pv_2param,1.0731623427581954e-16
True,20.0,0.9566363226398049,0.06202074857232991,1.008029968894009,pv_2param,7.930809334845991e-17
True,20.0,1.3200683179173505,0.0945355452943077,1.0000000000000104,pv_2param,4.543233355731474e-17
True,20.0,1.369232062611054,0.025284743368579422,1.0000000000000262,pv_2param,2.50278751721529e-17
True,20.0,1.3097203127105141,0.06642846992997407,1.0000000000000153,pv_2param,6.538221250328571e-17
True,20.0,1.4589499049574102,0.12229324971590683,1.0000000000000029,pv_2param,7.051469790032196e-17
True,20.0,0.7921663789763222,0.04527502389035146,1.0000000000000027,pv_2param,0.0
True,20.0,0.9353763182093981,0.08471633132607535,1.0000000000000042,pv_2param,5.100478741426005e-17
True,20.0,0.46927566219914735,0.17281949589038043,1.0545936511013132,pv_2param,8.357171228121114e-17
True,20.0,1.132238784395359,0.11853045722489326,1.0855600604790425,pv_2param,2.0167981524046683e-16
True,20.0,1.2396369588834333,0.047209569302873816,1.0000000000000149,pv_2param,9.104174009962477e-17
True,20.0,0.9502049449149272,0.0030474910027458836,1.0573114121554836,pv_2param,0.0
True,20.0,0.8321899757333049,0.12006555543360958,1.000000000000008,pv_2param,0.0
True,20.0,1.144869735667874,0.04392828498716803,1.0000000000000102,pv_2param,1.3482276700625044e-16
True,20.0,0.7845139127012597,0.02953260825125599,1.0133854792411547,pv_2param,5.684679285019116e-17
True,20.0,0.6897590507052803,0.05655834719530364,1.0000000000000113,pv_2param,0.0
True,20.0,0.983576318081288,0.13018175960652323,1.0000000000000018,pv_2param,0.0
True,20.0,0.7904266443724873,0.039040354332122655,1.0000000000000064,pv_2param,8.121074396191362e-17
True,20.0,0.9931914323242566,0.16452168080300233,1.0000000000000073,pv_2param,0.0
True,20.0,0.45112616253949667,0.1793648185680091,1.0000000000000009,pv_2param,1.8536998682769965e-16
True,20.0,0.7175619328063705,0.04496500404551234,1.0000000000000009,pv_2param,0.0
True,20.0,0.9244770767928294,0.17684064677861644,1.0000000000000013,pv_2param,3.7791935192081224e-17
True,20.0,0.4416047097385767,0.005747629289351842,1.0000000000000002,pv_2param,0.0
True,20.0,0.5067984754790669,0.001432973117628511,1.062833100357344,pv_2param,8.541829264358069e-17
True,20.0,1.0422027548955901,0.02085946809373034,1.0000000000000093,pv_2param,5.2453396568073406e-17
True,20.0,0.8987821070033786,0.1557173911344249,1.0343249008520774,pv_2param,3.9819552411024434e-17
True,20.0,1.2683515464151154,0.1077260029345571,1.000000000000004,pv_2param,0.0
True,20.0,0.8871657009332097,0.061110082459084336,1.055401600234731,pv_2param,1.299383058268829e-16
True,20.0,0.549350206154139,0.19123505406816466,1.0308663466886032,pv_2param,8.343679445835461e-17
True,20.0,1.2299959714035729,0.11811399833687196,1.0000000000000087,pv_2param,7.785751986565735e-17
True,20.0,1.1449257916172821,0.11604695549899763,1.0000000000000033,pv_2param,4.9551205208575345e-17
True,20.0,1.3300076198145225,0.10867790884769557,1.0000000000000042,pv_2param,9.210425320530427e-17
True,20.0,1.3186555548960495,0.1013127561371112,1.0000000000000069,pv_2param,3.9841289249001577e-17
True,20.0,0.7054875672398853,0.19462072710528025,1.0640803739278726,pv_2param,5.950331418553268e-17
True,20.0,0.9150112917195696,0.1372770802990277,1.0108715658250704,pv_2param,7.987297146486144e-17
True,20.0,0.541233081146973,0.1401430601352728,1.0197103507021352,pv_2param,5.362427959768421e-17
True,20.0,0.6746694068855374,0.13985543458161373,1.0448710443367455,pv_2param,4.400268438153961e-17
True,20.0,1.0314859965302439,0.014305296116816059,1.0000000000000122,pv_2param,0.0
True,20.0,0.5411987541112906,0.04743333735817206,1.0068193881935736,pv_2param,7.503206357544527e-17
True,20.0,1.4422076829464463,0.13325872420053617,1.0000000000000062,pv_2param,3.9445762758609766e-17
True,20.0,0.46108598881873486,0.04880861624666162,1.0000000000000133,pv_2param,7.372758070397772e-17
True,20.0,0.7673611884971463,0.021419076305908048,1.000000000000006,pv_2param,3.798758017789241e-17
True,20.0,0.748792727611165,0.060619547263534204,1.0000000000000082,pv_2param,5.030222625831044e-17
True,20.0,1.266923591031387,0.1729446495064018,1.000000000000006,pv_2param,1.7799504842411797e-16
True,20.0,0.37283412071819266,0.03471115522347106,1.0557554384516306,pv_2param,9.817748118628615e-17
True,20.0,0.9305818971089386,0.09044955692035637,1.0000000000000093,pv_2param,1.0600719107855816e-16
True,20.0,1.1511874284457293,0.06525503857519498,1.0000000000000226,pv_2param,0.0
True,20.0,0.8809974851831048,0.0032439397567704423,1.0000000000000329,pv_2param,5.507618488737816e-17
True,20.0,0.4104565129532366,0.1682410541035736,1.0000000000000022,pv_2param,5.706149815540648e-17
True,20.0,0.9110113671350419,0.015000967739202254,1.0000000000000446,pv_2param,7.096032106036689e-17
True,20.0,0.6971206006437881,0.18225056568338152,1.0195687020214355,pv_2param,0.0
True,20.0,1.2843532137686753,0.12231811230915285,1.0000000000000049,pv_2param,4.8456230254103496e-17
True,20.0,0.3165770546947662,0.1290319346652863,1.0665961803369808,pv_2param,5.794171888917068e-17
True,20.0,0.6197162559312596,0.09045585032144865,1.0101665275660667,pv_2param,1.6912917608140218e-16
True,20.0,0.5607133019457465,0.14311656123862623,1.051477652043847,pv_2param,9.827225267507535e-17
True,20.0,1.4232808994976367,0.19066215702382694,1.0000000000000135,pv_2param,7.241511628789854e-18
True,20.0,1.050495848216365,0.19921122265300284,1.000000000000002,pv_2param,6.914180669555442e-17
True,20.0,1.068967229919069,0.19672768052056552,1.0057623520464032,pv_2param,1.8328367704240175e-16
True,20.0,0.9647127943184348,0.08369205694609133,1.0000000000000013,pv_2param,4.877679913611222e-17
True,20.0,0.7290222852562345,0.08474738570338208,1.000000000000003,pv_2param,4.919701364520297e-17
True,20.0,1.1560501826253022,0.1823277743053395,1.0000000000000033,pv_2param,0.0
True,20.0,0.4769633860609547,0.08216305504601076,1.0000000000000029,pv_2param,8.865984427212078e-17
True,20.0,0.442507631627131,0.1938561188972483,1.0755826745444095,pv_2param,1.4286645243990153e-16
True,20.0,0.462578484316169,0.03925436662030211,1.0223052544799927,pv_2param,3.731473289534032e-17
True,20.0,1.2931544566983828,0.12564473911736837,1.0,pv_2param,1.6339150282046972e-16
True,20.0,0.3197429643763321,0.043272210373878454,1.0160263540899572,pv_2param,1.482560834937366e-16
True,20.0,0.9196165059915264,0.18972759484499013,1.117059928479361,pv_2param,7.265978217139333e-17
True,20.0,0.43651040812978115,0.1589148127084693,1.000000000000004,pv_2param,7.770513967359304e-17
True,20.0,0.8922840857256713,0.0896707163841019,1.0000000000000044,pv_2param,0.0
True,20.0,1.3468822835076155,0.06427201957618345,1.000000000000008,pv_2param,6.826459669954938e-17
True,20.0,1.2566434747957067,0.0605697581211355,1.0000000000000133,pv_2param,6.786376785853935e-17
True,20.0,0.6714868822591891,0.16793634765280496,1.0344345860638833,pv_2param,5.282643733513716e-17
True,20.0,1.332477079487435,0.06079032981374832,1.0000000000000158,pv_2param,1.2719984954628863e-16
True,20.0,0.7839501831226978,0.18318995185567438,1.0082043194087886,pv_2param,1.4252144587328895e-16
True,20.0,1.270834411472244,0.19600235323209086,1.0010453910040864,pv_2param,9.108882347128365e-17
True,20.0,1.4554704064880828,0.02026629967690632,1.000000000000048,pv_2param,8.250677206571982e-17
True,20.0,0.5178097894645798,0.14484966434536892,1.0354579154503445,pv_2param,5.4679345770045675e-17
True,20.0,1.3603544520780488,0.04380813824513896,1.0000000000000253,pv_2param,0.0
True,20.0,0.39474829561504804,0.15896619057379374,1.0000000000000033,pv_2param,1.122023541048396e-16
True,20.0,0.5905513034253214,0.13065942328670455,1.0432760517543884,pv_2param,5.1113035017265856e-17
True,20.0,0.894045513518662,0.1814876728834214,1.0027851724895653,pv_2param,4.5048485107175605e-17
True,20.0,0.5652333486955922,0.0021454375972840057,1.0000000000000073,pv_2param,2.0836911954088483e-16
True,20.0,0.7678732168507427,0.04536250146458501,1.000000000000007,pv_2param,5.4400479103766454e-17
True,20.0,0.5334276183308229,0.07949954835546642,1.0453763460355474,pv_2param,1.3216232316486596e-16
True,20.0,0.9530234891600824,0.07822167067519709,1.0000000000000095,pv_2param,5.950730132680888e-17
True,20.0,0.43594416916184797,0.15334252189635844,1.0000000000000013,pv_2param,1.2640500868681358e-16
True,20.0,1.0583485859846944,0.1145762073958542,1.0722899139488957,pv_2param,9.435328237435079e-17
True,20.0,0.3505115484425583,0.03411489868498801,1.0462244194724488,pv_2param,0.0
True,20.0,0.9083069726394208,0.11572178057500476,1.0000000000000078,pv_2param,6.451049611851149e-17
True,20.0,1.3371266680884533,0.0465864622863672,1.000000000000005,pv_2param,4.703388571931459e-17
True,20.0,1.0109306800685633,0.10686883063851278,1.0000000000000064,pv_2param,0.0
True,20.0,1.3055565890519918,0.044066159487176675,1.0000000000000204,pv_2param,0.0
True,20.0,0.3469758948302335,0.15389007469490967,1.0000000000000007,pv_2param,4.838069404370301e-17
True,20.0,1.3555881827615948,0.08511194293725954,1.0000000000000087,pv_2param,7.293463786041128e-17
True,20.0,1.3323561195565765,0.14206325746493997,1.0456973478286884,pv_2param,1.3811066724701097e-16
True,20.0,0.5291586143291402,0.19652078587493438,1.0175870570861227,pv_2param,6.306452761912906e-17
True,20.0,1.1154345525698492,0.1380219680451885,1.017550585678211,pv_2param,0.0
True,20.0,0.5428803651692043,0.02500240166973682,1.0000000000000093,pv_2param,1.2838493984200972e-16
True,20.0,0.702708698313623,0.07607195387896025,1.0000000000000016,pv_2param,3.4784441654931525e-17
True,20.0,0.834958839471764,0.11366866761545125,1.0000000000000016,pv_2param,5.765384875607883e-17
True,20.0,1.1006811622069084,0.09222494506171863,1.0000000000000064,pv_2param,1.3527327989986271e-16
True,20.0,1.238780070577012,0.1201550041131132,1.0000000000000042,pv_2param,4.617331169525053e-17
True,20.0,0.36290981074601397,0.17392059557093723,1.0000000000000004,pv_2param,0.0
True,20.0,1.3765470033620941,0.10023874299600875,1.000000000000004,pv_2param,0.0
True,20.0,0.9732239382893495,0.11944741978065053,1.0000000000000007,pv_2param,6.022967805863766e-17
True,20.0,1.2292672411458316,0.03196476878438448,1.0000000000000082,pv_2param,1.0018772896839085e-16
True,20.0,1.2839761891069033,0.0815425318245443,1.000000000000006,pv_2param,0.0
True,20.0,1.1861868655444638,0.14837802613204332,1.000000000000004,pv_2param,8.334189478999799e-17
True,20.0,0.5460999301163191,0.11692409657805619,1.0000000000000002,pv_2param,5.3774853403366215e-17
True,20.0,0.5928301167462235,0.1649005373229398,1.0000000000000024,pv_2param,8.564902747243955e-18
True,20.0,1.2218684143720755,0.12866169925151846,1.00000000000001,pv_2param,6.469212024943356e-17
True,20.0,1.0880092166764896,0.17905803538087814,1.000000000000004,pv_2param,1.087707053525177e-16
True,20.0,1.0010462664494892,0.1848819383153262,1.000000000000007,pv_2param,6.834141149478895e-17
True,20.0,1.1679873449550657,0.04584466575760271,1.000000000000002,pv_2param,1.1144222200816e-16
True,20.0,0.7967030665577004,0.08878290565548977,1.000000000000006,pv_2param,0.0
True,20.0,0.7316478340859296,0.055087750545485675,1.0000000000000135,pv_2param,0.0
True,20.0,0.37647097572621385,0.10486587888162052,1.000000000000001,pv_2param,7.036759645780531e-17
True,20.0,0.3953271564015944,0.17767434727804016,1.0841678097658196,pv_2param,0.0
True,20.0,0.34633118644405436,0.14012026583511183,1.0000000000000018,pv_2param,1.1096802890262855e-16
True,20.0,1.1109111190823073,0.05024151478147498,1.0000000000000133,pv_2param,0.0
True,20.0,1.066820965054197,0.015608332188187246,1.0864033541648925,pv_2param,7.171694021129745e-17
True,20.0,1.47019988734921,0.17976562553645256,1.0000000000000149,pv_2param,9.861833952353791e-17
True,20.0,0.5930095444014296,0.19948649472835844,1.0661730787231252,pv_2param,0.0
True,20.0,1.4487529594200166,0.04245232970950157,1.0000000000000144,pv_2param,9.269292137959306e-17
True,20.0,1.4321111684584455,0.09005499178789034,1.000000000000018,pv_2param,0.0
True,20.0,1.1865746913704462,0.050943988112239325,1.0000000000000107,pv_2param,1.2086411663340085e-16
True,20.0,0.4919454107952419,0.08432469271189214,1.057677151522911,pv_2param,1.0019201627460303e-16
True,20.0,0.815166812657671,0.025707524044042775,1.0000000000000018,pv_2param,1.6864902288098542e-16
True,20.0,1.0233111815795375,0.0173546316668312,1.0000000000000144,pv_2param,1.0468746393614681e-16
True,20.0,0.45996048843424714,0.09733399589977687,1.0134023780773418,pv_2param,7.087169510192465e-17
True,20.0,1.0272745793246942,0.08206876870692364,1.0000000000000038,pv_2param,8.364451908335192e-17
True,20.0,0.847590693149989,0.1655303425750656,1.0000000000000002,pv_2param,4.6363826974594655e-17
True,20.0,0.8183294724839976,0.009108829382702011,1.0000000000000022,pv_2param,0.0
True,20.0,0.36477136551076283,0.08944931385928981,1.000000000000002,pv_2param,1.1884026808926095e-16
True,20.0,1.0878923139652026,0.12709952455301685,1.020775260025447,pv_2param,8.018010237035909e-17
True,20.0,1.3521067564787217,0.0773688196200077,1.000000000000012,pv_2param,1.034353271775912e-16
True,20.0,1.4187196538268627,0.16400796539713863,1.1114194555012216,pv_2param,7.090031687926199e-17
True,20.0,1.304883419276403,0.16200854289655214,1.0551777069158248,pv_2param,7.369472239857039e-17
True,20.0,1.2530084714883087,0.015099624439912375,1.0000000000000029,pv_2param,8.555543655189899e-17
True,20.0,1.4396052978189873,0.10923670328537748,1.0000000000000056,pv_2param,0.0
True,20.0,1.3938941444186788,0.03018489139257896,1.000000000000003,pv_2param,0.0
True,20.0,0.32658917031670653,0.112402977006492,1.0000000000000022,pv_2param,3.800624134692238e-17
True,20.0,1.0904767375180469,0.1593363569012285,1.0000000000000109,pv_2param,0.0
True,20.0,1.1062058316587347,0.13508802656755325,1.0000000000000102,pv_2param,5.67475387131618e-18
True,20.0,0.9567861944824441,0.17435474006707508,1.0000000000000007,pv_2param,1.2660079706562151e-16
True,20.0,1.202153355542842,0.009566365619751905,1.0000000000000515,pv_2param,6.985605822529929e-17
True,20.0,0.8221337715523425,0.17632886664727718,1.0227130847070556,pv_2param,1.0123948890522929e-16
True,20.0,0.818704992605179,0.0628166127236549,1.007176976111851,pv_2param,6.817692422073302e-17
True,20.0,0.48868442913467325,0.07356287948882397,1.0000000000000047,pv_2param,5.1621563906659064e-17
True,20.0,1.4441153141404293,0.11404981796725305,1.0000000000000007,pv_2param,2.7434222411795306e-16
True,20.0,0.5221844295220142,0.19805272903293691,1.0703665770278608,pv_2param,7.154866167506326e-17
True,20.0,0.9893118745924443,0.033345211463875944,1.000000000000001,pv_2param,2.010743809804342e-17
False,,0.33158688319012464,0.16169919766454405,,none,2.5020896695986805e-17
True,20.0,0.33500437905242225,0.16372089541836007,1.0000000000000024,pv_2param,0.0
True,20.0,1.123329260752156,0.09579808870860121,1.0269327532762174,pv_2param,5.798348336108759e-17
True,20.0,1.0725806072035016,0.09697182392322273,1.000000000000001,pv_2param,6.244672264627566e-17
True,20.0,0.48609142247166987,0.13231969475297928,1.0528226765228745,pv_2param,1.0813036773728e-16
True,20.0,1.4132864832012801,0.1436430014811096,1.0000000000000069,pv_2param,0.0
True,20.0,1.3460269674583862,0.05602750931219616,1.0000000000000164,pv_2param,6.270909304549418e-17
True,20.0,0.8331266391489436,0.009168925551428253,1.000000000000012,pv_2param,1.168197545746142e-16
True,20.0,0.36531862324920517,0.1305691258981797,1.0000000000000029,pv_2param,4.709497863233663e-17
True,20.0,1.3936994369170599,0.04289139704320824,1.0000000000000093,pv_2param,9.857460809031106e-17
True,20.0,1.144363552119448,0.11467154759298553,1.000000000000002,pv_2param,8.25703710281217e-17
True,20.0,0.4390238500154551,0.17707841931618054,1.0000000000000004,pv_2param,0.0
True,20.0,0.6949346375900418,0.16867462733845712,1.0112910574034077,pv_2param,9.200359500989951e-17
True,20.0,1.0037494741626953,0.11604017221055565,1.0000000000000013,pv_2param,8.985081211501847e-17
True,20.0,0.9184565310983335,0.18448052034411225,1.0235694107770035,pv_2param,1.791307096222016e-16
True,20.0,0.5667957587058006,0.10096384192521704,1.0000000000000064,pv_2param,0.0
True,20.0,1.2959789887539162,0.08128454618665532,1.1824347668268629,pv_2param,9.697523483596418e-17
True,20.0,1.2276166413857221,0.18166384730884172,1.0000000000000084,pv_2param,6.765707637061723e-17
True,20.0,0.7634388618316826,0.18015973090815035,1.0000000000000004,pv_2param,9.612524505270131e-17
True,20.0,0.8204136839250911,0.1905104580327349,1.010487422996963,pv_2param,4.5118518632995216e-17
True,20.0,0.4995430979663701,0.16877311724813532,1.0167715285556882,pv_2param,4.7722854099330245e-17
True,20.0,0.7209482992930134,0.014548901360784195,1.0000000000000087,pv_2param,0.0
True,20.0,0.9386194322907604,0.07239758040784301,1.0000000000000098,pv_2param,4.832071756072732e-17
True,20.0,0.3294445620496953,0.16936425866298738,1.0000000000000024,pv_2param,7.406183781893321e-17
True,20.0,1.3120716496385578,0.10704354735938813,1.0000000000000107,pv_2param,7.502415629026814e-17
True,20.0,1.0195512765144774,0.1426405453421793,1.0000000000000047,pv_2param,5.5146727244409366e-17
True,20.0,0.6450154623012544,0.1562033693315563,1.000000000000004,pv_2param,4.6733719558724274e-17
True,20.0,1.0863111472395528,0.06932071793192958,1.0000000000000016,pv_2param,8.252227744641637e-17
True,20.0,1.3289432019932772,0.04812150563718603,1.0000000000000266,pv_2param,6.027249235984917e-17
True,20.0,0.8489968904027758,0.07851363127804585,1.0000000000000244,pv_2param,0.0
True,20.0,1.4596823318221739,0.15549461975171672,1.0766397809314299,pv_2param,6.917580682111211e-17
True,20.0,1.1322423334494143,0.13187434690160676,1.0318298193127535,pv_2param,5.475085997412528e-17
True,20.0,1.065530684837389,0.04846130930701527,1.0000000000000093,pv_2param,2.0732000802958482e-17
True,20.0,1.2674300326216839,0.18609702740688963,1.0000000000000162,pv_2param,5.075587446924891e-17
True,20.0,1.287407850561537,0.09663058501195164,1.000000000000002,pv_2param,3.802858425403641e-17
True,20.0,0.8873764151918155,0.1973059780891933,1.0000000000000004,pv_2param,8.02452093266938e-17
True,20.0,0.7482260380712774,0.025562290148213054,1.0002263186053075,pv_2param,3.599264780393936e-17
True,20.0,1.2462674654056447,0.042748527789697205,1.0000000000000075,pv_2param,1.023451630477808e-16
True,20.0,1.0484891249903796,0.15216557090210872,1.0000000000000053,pv_2param,1.6107241899939244e-16
True,20.0,0.43917911577881863,0.07626798134859358,1.0150583930156163,pv_2param,1.1246205099445564e-16
True,20.0,1.213020570481112,0.07804862668139456,1.000000000000008,pv_2param,8.70054093681801e-17
True,20.0,1.021674405970671,0.0635865327310278,1.0425446788896806,pv_2param,2.0161611865557166e-17
True,20.0,0.4773956549315454,0.0748808138825671,1.036079369264524,pv_2param,6.041660095850476e-17
True,20.0,0.6058195362333524,0.14843826530738422,1.0248479579274186,pv_2param,0.0
True,20.0,1.4800753169703802,0.09752912280077833,1.000000000000011,pv_2param,1.4389274961994627e-16
True,20.0,0.9990001614116102,0.10958546602279279,1.0000000000000033,pv_2param,0.0
True,20.0,0.5188180194403114,0.1686668891077162,1.0299506137036416,pv_2param,1.2134512078448293e-16
True,20.0,1.0437285931215232,0.13057592421632924,1.0555058042150183,pv_2param,0.0
True,20.0,1.1902934349161367,0.19603119741097075,1.0000000000000056,pv_2param,0.0
True,20.0,1.4724992003384278,0.056418078193061154,1.000000000000005,pv_2param,1.1228860618525163e-16
True,20.0,1.319763818428236,0.06642120216303342,1.0134508685904957,pv_2param,4.4579661402391306e-17
True,20.0,0.8344657739205759,0.1775681040225225,1.0000000000000058,pv_2param,9.110684529236103e-17
True,20.0,1.3877147162809786,0.12262308635097857,1.0000000000000056,pv_2param,8.89542648990666e-17
True,20.0,0.5312347201285903,0.16266706936456396,1.000262362236444,pv_2param,4.7976576635251587e-17
True,20.0,1.039610347393347,0.1438007751347372,1.0000000000000022,pv_2param,0.0
True,20.0,1.4678865685408815,0.04923785583353457,1.0000000000000084,pv_2param,1.1059677984759642e-16
True,20.0,1.2452546105074838,0.1489432370665082,1.0000000000000062,pv_2param,1.0201678793303378e-16
True,20.0,0.3904120509005313,0.13370452085261317,1.0093950175803088,pv_2param,5.3866974205754537e-17
True,20.0,1.2876911430867444,0.09052331060280572,1.0000000000000078,pv_2param,0.0
True,20.0,1.2523925177777255,0.178314224222082,1.0000000000000016,pv_2param,0.0
True,20.0,0.9108923825100885,0.1518501716097265,1.044226223019548,pv_2param,6.542934787867893e-17
True,20.0,1.2713579375253772,0.18137686676377296,1.0000000000000007,pv_2param,0.0
True,20.0,1.390854417757885,0.19239200608196816,1.00000000000001,pv_2param,5.111574506716546e-17
True,20.0,0.35847077782530096,0.11115697318505882,1.0000000000000002,pv_2param,4.6721171795869236e-17
True,20.0,1.3041749406901735,0.19652381408756267,1.0000000000000009,pv_2param,4.998162383701688e-17
True,20.0,1.0573209128510084,0.011114899796221002,1.0547467831842605,pv_2param,1.0115808378494321e-16
True,20.0,1.0889759675478816,0.14990291560056745,1.0000000000000018,pv_2param,0.0
False,,0.33580931884601367,0.14773286257522883,,none,0.0
True,20.0,1.1169700876872342,0.04928989244611384,1.000000000000016,pv_2param,0.0
True,20.0,1.348028087736589,0.0865171170201366,1.0653536785670434,pv_2param,0.0
True,20.0,1.344391795837808,0.1323101796433941,1.0000000000000135,pv_2param,1.5759407317106042e-16
True,20.0,0.37528503228427895,0.0387789480652567,1.000000000000003,pv_2param,0.0
True,20.0,1.400864799795867,0.1820509545089853,1.0000000000000082,pv_2param,9.62526891937822e-18
True,20.0,0.8312418903390246,0.10719460641632983,1.0904279619712125,pv_2param,2.820735620119535e-17
True,20.0,1.0096451882461763,0.15439448864355143,1.0021498393386319,pv_2param,1.0163090850061683e-16
True,20.0,1.3656549041100696,0.08631944038991884,1.0000000000000142,pv_2param,0.0
True,20.0,0.5297611629224108,0.13120643512728064,1.0000000000000024,pv_2param,7.403142608761256e-17
True,20.0,0.491652710524735,0.06352268081389072,1.0237607316537358,pv_2param,7.888229697949433e-17
True,20.0,1.3279964491588747,0.1870569558391663,1.0005572589442726,pv_2param,2.1362544719319698e-17
True,20.0,0.9715678810224058,0.1486021534966616,1.000000000000003,pv_2param,8.524607559419733e-17
True,20.0,0.4161420138788928,0.1946325035735853,1.0420645623182154,pv_2param,0.0
True,20.0,0.6299040505148459,0.18207102676030365,1.000000000000004,pv_2param,0.0
True,20.0,0.8869143427592936,0.12482380146884196,1.000000000000005,pv_2param,0.0
True,20.0,1.0678348907326094,0.09117335623854479,1.0000000000000013,pv_2param,1.2408820866564766e-16
True,20.0,1.4066909153199858,0.13885209771680504,1.012715296858577,pv_2param,4.730500750227929e-17
True,20.0,0.9072203638961307,0.07944204734715105,1.0000000000000024,pv_2param,7.80365634269874e-17
True,20.0,1.2383228839753038,0.1646002930425386,1.0000000000000009,pv_2param,1.3960617893934398e-16
True,20.0,1.123922630805668,0.0034012406849242894,1.0000000000000062,pv_2param,8.655966596872625e-17
True,20.0,0.32253863899290675,0.1211245435066643,1.044098025815944,pv_2param,6.795795711095223e-17
True,20.0,0.3054375326440597,0.027185841351691466,1.0000000000000022,pv_2param,0.0
True,20.0,0.8661608585859684,0.11045041639953351,1.0000000000000209,pv_2param,3.811288225396949e-17
True,20.0,0.3123535495015704,0.19542097123389057,1.0000000000000018,pv_2param,4.4221483198361246e-17
True,20.0,0.3927575976293151,0.02692348425498077,1.0000000000000018,pv_2param,0.0
True,20.0,0.8773418325826552,0.04634681051913878,1.000000000000001,pv_2param,4.9465231464967655e-17
True,20.0,0.35973101285777687,0.12950651372653288,1.0000000000000016,pv_2param,0.0
True,20.0,0.3840432067293289,0.1312504046961727,1.0000000000000029,pv_2param,3.244420020531227e-17
True,20.0,0.558099176442235,0.09439592445670833,1.0000000000000029,pv_2param,8.559199544163932e-17
True,20.0,0.9585714175849698,0.0846518293095227,1.0000000000000169,pv_2param,1.1491377576952436e-16
True,20.0,1.4090509178409905,0.1555053598696977,1.0000000000000149,pv_2param,4.3128550404868925e-17
True,20.0,0.9119383321836183,0.10733086819501068,1.0000000000000067,pv_2param,0.0
True,20.0,1.1756286773345617,0.043906981823713,1.000000000000011,pv_2param,3.07317402379916e-17
True,20.0,0.3132485223067772,0.18397484455474664,1.056765244040252,pv_2param,5.888513806607984e-17
True,20.0,1.2323907234386557,0.06815588021377834,1.0000000000000038,pv_2param,3.609025191805065e-17
True,20.0,0.37438019909227527,0.1797858849465084,1.0379561516456828,pv_2param,4.916563987233176e-17
True,20.0,1.114815473082526,0.09826852563017781,1.017208886647126,pv_2param,6.599177091814482e-17
True,20.0,0.924924182779451,0.03947831262174515,1.0000000000000036,pv_2param,0.0
True,20.0,0.583415774427944,0.11344110534678718,1.0000000000000053,pv_2param,9.628311806301591e-17
True,20.0,1.1479373795648127,0.09674858208175843,1.0000000000000049,pv_2param,7.797304084772287e-17
True,20.0,0.40792117934404026,0.16390732851233428,1.0009838315353459,pv_2param,0.0
True,20.0,1.453503182215953,0.05315521930233829,1.000000000000006,pv_2param,1.7755386905753613e-16
True,20.0,1.3971372569786447,0.1535804185168017,1.0000000000000038,pv_2param,0.0
True,20.0,1.1576748875379126,0.020031777810249632,1.0000000000000047,pv_2param,7.924827444917888e-17
True,20.0,0.6287333103517038,0.10107309352925953,1.0000000000000047,pv_2param,7.673900101872877e-17
True,20.0,1.4954383451766688,0.1969334000461346,1.0000000000000027,pv_2param,0.0
True,20.0,0.5599315988682159,0.08867430992198011,1.0365678997890109,pv_2param,9.045155290217394e-17
True,20.0,0.8742529099737153,0.1376642531416702,1.0000000000000022,pv_2param,7.227455182651278e-17
True,20.0,1.4155038628138656,0.03252863309151588,1.0000000000000255,pv_2param,5.419744256441871e-17
True,20.0,1.217703381126953,0.04328096516232005,1.0000000000000056,pv_2param,0.0
True,20.0,0.3302783812032596,0.030171815746258823,1.0000000000000018,pv_2param,5.742129996598526e-17
True,20.0,0.5612358300542168,0.05260568493459053,1.0000000000000036,pv_2param,0.0
True,20.0,1.2756374963100967,0.07985767370523884,1.0000000000000073,pv_2param,1.3159374955583512e-16
True,20.0,0.5881672364532429,0.11110211705193135,1.0114193510490257,pv_2param,1.1456167672960897e-16
True,20.0,0.9936244268342989,0.10620923927570353,1.0000000000000078,pv_2param,5.057309962284919e-17
True,20.0,0.7749331119485011,0.0759246687672615,1.0381657220094218,pv_2param,6.19421432012256e-17
True,20.0,0.8032285587501222,0.13130423955388992,1.000000000000001,pv_2param,8.082170850399007e-17
True,20.0,0.9654844810859156,0.06183352414579327,1.0000000000000164,pv_2param,1.0469936106966901e-16
True,20.0,0.9430750559493373,0.14545795188883226,1.0000000000000022,pv_2param,1.762424927918643e-16
True,20.0,0.34416646980804094,0.11459404999096352,1.0531772281466592,pv_2param,1.3763909657955524e-16
True,20.0,1.3968032105188524,0.12144074060219252,1.0000000000000013,pv_2param,0.0
True,20.0,1.3000821907527265,0.1856621176398032,1.0000000000000018,pv_2param,5.94950757074132e-17
True,20.0,1.3277104357263374,0.14114226803473304,1.0000000000000204,pv_2param,0.0
True,20.0,1.031525459784988,0.09520294055447785,1.0000000000000016,pv_2param,1.1734955928567317e-16
True,20.0,1.0152073762477567,0.011524011963943304,1.000000000000009,pv_2param,0.0
True,20.0,1.285997126594398,0.0444370558678207,1.0000000000000049,pv_2param,7.1998775418975e-17
True,20.0,1.3031587526608404,0.09059851081660396,1.0000000000000353,pv_2param,1.1397190507545219e-16
True,20.0,1.2632863506194996,0.16850991698278558,1.0055462267892141,pv_2param,3.1259542432563305e-17
True,20.0,0.7251505409872934,0.05884442604964049,1.0000000000000038,pv_2param,2.808226501986571e-17
True,20.0,0.502985505300168,0.12921717841010014,1.0000000000000013,pv_2param,6.931127820095368e-17
True,20.0,0.42174804256119025,0.18285586808434026,1.0000244910944611,pv_2param,9.520789854409347e-17
True,20.0,1.2006451511854128,0.07905540944946228,1.0000000000000098,pv_2param,6.601151962930392e-17
True,20.0,0.6341123081522853,0.06763656492223953,1.036091875998579,pv_2param,2.920246185377895e-17
True,20.0,0.5768833472464516,0.1593210716535208,1.0334700616671801,pv_2param,7.085082834230424e-17
True,20.0,0.34418440470875195,0.14684902029636768,1.0000000000000013,pv_2param,1.3659439512686389e-16
True,20.0,1.2837538480882078,0.13380015469182835,1.0000000000000029,pv_2param,0.0
True,20.0,0.5586062098108844,0.11222205305480792,1.004850619531627,pv_2param,4.7115054309426256e-17
True,20.0,0.47706048998264416,0.19374790072650494,1.0000000000000007,pv_2param,1.3766562366822606e-17
True,20.0,1.184034806519845,0.09685722828426416,1.0000000000000016,pv_2param,7.510058389312958e-17
True,20.0,1.4360099418328014,0.02729068890185662,1.0000000000000193,pv_2param,6.033415545277424e-17
True,20.0,0.8292926689901892,0.049272914855759825,1.0052592131734344,pv_2param,2.071957360444506e-16
True,20.0,1.4300151232245042,0.05130338726312203,1.0166617629834884,pv_2param,9.525332266776365e-17
True,20.0,0.6732838607563107,0.044604150158353284,1.1030503096425324,pv_2param,6.871552779096489e-17
True,20.0,0.5038922299855686,0.013846384007600722,1.0152181791492718,pv_2param,5.595692225618123e-17
True,20.0,0.41926711188571625,0.021591593131812293,1.1309796265821093,pv_2param,6.571128416679797e-17
True,20.0,1.3466501611993549,0.17485445728245785,1.0000000000000022,pv_2param,8.33385638081129e-17
True,20.0,0.8996907206680393,0.06509790544755521,1.000028695914195,pv_2param,3.91846078695354e-17
True,20.0,0.8160173407528173,0.012644336022623427,1.000000000000011,pv_2param,7.83621522127968e-17
True,20.0,0.48067843970800517,0.15278298734962054,1.0000000000000067,pv_2param,7.574696087414307e-17
True,20.0,0.5873049689319774,0.1234507264713797,1.0413704388199456,pv_2param,1.0042292809528494e-16
True,20.0,1.3218801965985327,0.03236572447170612,1.0000000000000078,pv_2param,4.783513800258563e-17
True,20.0,1.323240102199533,0.16303784276711697,1.0000000000000058,pv_2param,8.337874595004019e-17
True,20.0,1.231408000504498,0.007631890449337431,1.000000000000004,pv_2param,8.44741489648697e-17
True,20.0,0.5151036469675884,0.05236703037398063,1.0199610404827968,pv_2param,0.0
True,20.0,0.9586173177623181,0.06834749198509116,1.0335731994295982,pv_2param,5.946085900733433e-17
True,20.0,0.6114313424367134,0.17759988902573753,1.001962183757026,pv_2param,0.0
True,20.0,1.189211068025256,0.06675714668448433,1.0000000000000053,pv_2param,8.924693628154965e-17
True,20.0,0.4285517919876484,0.12728433573699088,1.011623909414045,pv_2param,6.173060809241188e-17
True,20.0,0.8678221517174347,0.0772869049985798,1.0000000000000024,pv_2param,0.0
True,20.0,0.8549157320293579,0.024712752928175232,1.0000000000000022,pv_2param,6.793508398356988e-17
True,20.0,0.9450478751278608,0.1325846504799656,1.0000000000000064,pv_2param,6.057566019021881e-17
True,20.0,0.6782073562360995,0.05276858366047417,1.000000000000011,pv_2param,1.0682093352150179e-16
True,20.0,0.7955259920688831,0.07092674712362357,1.0000000000000009,pv_2param,0.0
True,20.0,1.3435515735633952,0.08687236331286163,1.0000000000000193,pv_2param,1.278761060683957e-16
True,20.0,1.1926447847633124,0.19823197495410885,1.0235247609934404,pv_2param,7.400498333479404e-17
True,20.0,0.33506414908051674,0.05659980147540886,1.0276512124184458,pv_2param,1.0274786683631315e-16
True,20.0,0.37065958156104645,0.18866794999689993,1.0698862470481203,pv_2param,4.983207228921431e-17
True,20.0,1.35732288968764,0.10185915012298193,1.0000000000000144,pv_2param,1.5629945617547162e-16
True,20.0,1.4184929916884896,0.17841830862099953,1.0000000000000124,pv_2param,5.078482742306504e-17
True,20.0,0.9692819689234797,0.0018168850860567076,1.0000000000000087,pv_2param,0.0
True,20.0,1.2117698565252712,0.12050011490208595,1.0000000000000036,pv_2param,0.0
True,20.0,0.8993867113772516,0.035497004584608076,1.0000000000000073,pv_2param,8.227255869071972e-17
True,20.0,0.6154618717733544,0.16401960245911346,1.0004279901240454,pv_2param,8.017444929745029e-17
True,20.0,1.4756224400804914,0.15098193469283477,1.012791432763142,pv_2param,8.598283575699777e-17
True,20.0,0.568023779728231,0.11630233417641796,1.0383584040341642,pv_2param,8.756047166305917e-17
True,20.0,0.8122284456354449,0.15045290776668419,1.000597795817407,pv_2param,7.871928292293373e-17
True,20.0,1.101760449519971,0.1854695562121753,1.0000000000000044,pv_2param,1.83756974137511e-16
True,20.0,1.4748339721155554,0.10349586953676396,1.0000000000000133,pv_2param,1.318137503656064e-16
True,20.0,1.389195524654428,0.059983059237065865,1.0000000000000149,pv_2param,0.0
True,20.0,0.9246624973536695,0.18618134220829072,1.0205306831155618,pv_2param,8.958956046014821e-17
True,20.0,0.6432307443884306,0.12600681421079685,1.0000000000000095,pv_2param,1.52168175341543e-16
True,20.0,0.7519626174877192,0.08372437185540493,1.023502937247631,pv_2param,3.460017476750553e-17
True,20.0,0.3781706855562885,0.09967158995846624,1.0000000000000013,pv_2param,5.184696131710477e-17
True,20.0,0.5370608027013906,0.15755951983823066,1.0000000000000024,pv_2param,6.287641583917504e-17
True,20.0,0.3557257447369742,0.020628381758704652,1.0086453255056385,pv_2param,6.896599548699938e-17
True,20.0,0.9884869756876384,0.19458064990232296,1.0000000000000075,pv_2param,7.227745679479655e-17
True,20.0,1.197798762592086,0.008755750773000105,1.0000000000000258,pv_2param,9.134301216010845e-17
True,20.0,0.9614220363314752,0.19904811033455908,1.003524867233832,pv_2param,5.200694177814708e-17
True,20.0,1.4739156977039194,0.1798306454062437,1.000000000000008,pv_2param,4.9390754673781203e-17
True,20.0,1.2252458543202909,0.10982819259096058,1.0039263631321194,pv_2param,3.8525957484445267e-17
True,20.0,0.7496011422305038,0.18480055507467463,1.0339906910199788,pv_2param,9.616673892772149e-17
True,20.0,1.4536220505166562,0.02960095377966121,1.0000000000000215,pv_2param,1.2693308808681924e-16
True,20.0,0.7611169652040621,0.011004719003998398,1.0000000000000238,pv_2param,8.50178362906255e-18
True,20.0,1.0497133729465153,0.06424442288963395,1.0113775754730627,pv_2param,9.475292370286799e-17
True,20.0,1.1023680146907833,0.1877042726065373,1.0002381125232689,pv_2param,6.515053560267788e-17
True,20.0,0.5524987424311445,0.12817645185973892,1.0000000000000009,pv_2param,1.4274828395885176e-17
True,20.0,1.1795316518711403,0.06538030756569149,1.0000000000000018,pv_2param,0.0
True,20.0,0.9363577958185811,0.13025614957212792,1.0000000000000089,pv_2param,6.146410145490962e-17
True,20.0,1.367327898598401,0.07545136133121524,1.0000000000000082,pv_2param,7.50043395678141e-17
True,20.0,0.7653040710573988,0.08920129436363584,1.0000000000000075,pv_2param,0.0
True,20.0,1.0991288468879425,0.1353552298195455,1.0000000000000067,pv_2param,1.2515338546996362e-16
True,20.0,0.4784640162436369,0.12390568189799933,1.0000000000000033,pv_2param,8.815032336548059e-17
True,20.0,1.3077304884110206,0.11694681245793113,1.0000000000000102,pv_2param,1.1111434107559523e-16
True,20.0,0.6218389204588448,0.1955368080054197,1.0403167559458468,pv_2param,0.0
True,20.0,0.3422389162871354,0.00795851107653527,1.0578818912771597,pv_2param,1.5194450910983494e-16
True,20.0,1.4712009099906915,0.01319475387283815,1.000000000000006,pv_2param,4.476757761985386e-17
True,20.0,0.6357318724284069,0.07265837809227656,1.04440708431169,pv_2param,8.900590434979804e-17
True,20.0,1.3555826867241136,0.007352775205751661,1.0000000000000182,pv_2param,0.0
True,20.0,1.3704907312640031,0.09623711580314992,1.0007091353196593,pv_2param,6.742551658186132e-17
True,20.0,0.8849056643173185,0.1530463926581008,1.0000000000000029,pv_2param,3.3200884137822864e-17
True,20.0,0.651167371494389,0.05676974319796651,1.0215418524564255,pv_2param,1.429466887057502e-16
True,20.0,0.6735388877378148,0.19913499764708495,1.000000000000002,pv_2param,6.819682562711734e-17
True,20.0,0.4801292586278262,0.14031385097012536,1.0000000000000027,pv_2param,1.4013781932795847e-16
True,20.0,0.657841330799509,0.06870799192654657,1.0000000000000036,pv_2param,6.606778512365123e-17
True,20.0,1.1283774479291815,0.12703850942362716,1.0000000000000029,pv_2param,0.0
True,20.0,1.2263308094598402,0.02809524147388458,1.0000000000000064,pv_2param,5.711749714758604e-17
True,20.0,0.6824978964929616,0.1298939371592729,1.000000000000001,pv_2param,3.7950183351810265e-17
True,20.0,0.960470020359772,0.07059077973493391,1.0678564844324727,pv_2param,1.234838097197816e-16
True,20.0,1.1451055855386985,0.027806556907519365,1.000000000000001,pv_2param,6.03041956867117e-17
True,20.0,0.5097345750719512,0.15073456950909858,1.0733701001275344,pv_2param,1.3821810036386276e-16
True,20.0,0.738332784717717,0.02315534202899157,1.0,pv_2param,5.3946557595887224e-17
True,20.0,1.4014689387590809,0.1805841723540575,1.000000000000005,pv_2param,9.316902631638003e-17
True,20.0,0.30348747219569994,0.09916290934761372,1.0713889256184188,pv_2param,6.235564419170133e-17
True,20.0,1.078206564609401,0.13934679929418808,1.0255559377028993,pv_2param,5.784331464849503e-17
True,20.0,0.8954048678900357,0.1363429784944287,1.000000000000008,pv_2param,0.0
True,20.0,0.8038157744293022,0.048069735921414614,1.0000000000000349,pv_2param,4.315460388412538e-17
True,20.0,0.6011930126140976,0.07283649762200228,1.0000000000000002,pv_2param,4.9630806750820993e-17
True,20.0,1.1241059005305623,0.1959088077049671,1.0000000000000095,pv_2param,0.0
True,20.0,0.5884784495821327,0.05875107127531692,1.0000000000000038,pv_2param,1.2330859158777516e-16
True,20.0,1.0247164766564858,0.11079439222780281,1.0000000000000047,pv_2param,0.0
True,20.0,0.36848662862579923,0.1575098505762916,1.0096075287908315,pv_2param,3.945361097149258e-17
True,20.0,1.1252905606109807,0.07413704382923758,1.0000000000000147,pv_2param,7.718393631204281e-17
True,20.0,1.4994621928314944,0.1886624762106741,1.0000000000000033,pv_2param,2.960355269258431e-17
True,20.0,0.5743303109645892,0.12836322122552454,1.0103752087086997,pv_2param,0.0
True,20.0,0.5838195441334397,0.033605390708288274,1.000000000000001,pv_2param,5.4983764723680053e-17
True,20.0,1.3449303148510319,0.19296362050525395,1.0000000000000073,pv_2param,1.0743994372749133e-16
True,20.0,0.5946740896186924,0.036390672423446624,1.0000000000000062,pv_2param,1.7789315935251403e-17
True,20.0,0.8588273716410806,0.1635017793638759,1.0000000000000024,pv_2param,7.808559514330364e-17
True,20.0,1.1273146559886758,0.06430210344632019,1.0000000000000036,pv_2param,7.087273010240245e-17
True,20.0,0.8055113439987356,0.022774697967522607,1.0000000000000127,pv_2param,3.345346502779907e-17
True,20.0,0.4525257845114425,0.16030116407400025,1.0000000000000009,pv_2param,5.85566015508475e-17
True,20.0,1.0991380888726237,0.03787551574558559,1.0000000000000027,pv_2param,0.0
True,20.0,0.8837975164594718,0.05040027039394475,1.0000000000000036,pv_2param,8.168094626766693e-17
True,20.0,1.2282015832771513,0.023737604938475456,1.0000000000000098,pv_2param,1.7492785055791754e-16
True,20.0,1.4781001266279803,0.18613509362749134,1.0000000000000053,pv_2param,1.0013734114965352e-16
True,20.0,0.8560134711023026,0.04940333065562699,1.0000000000000182,pv_2param,4.334015055827645e-17
True,20.0,0.4974827349941848,0.08471309604904415,1.0000000000000027,pv_2param,0.0
True,20.0,1.1342406338535038,0.04391184038776563,1.0134110270543104,pv_2param,0.0
True,20.0,0.5926460250786392,0.17506110638483324,1.0000000000000013,pv_2param,5.82239290450009e-17
True,20.0,0.9571916381713419,0.19861763684020228,1.0000000000000089,pv_2param,0.0
True,20.0,1.1016038876387535,0.1223385568403857,1.0000000000000093,pv_2param,8.61354716055425e-17
True,20.0,0.7628498588197965,0.1086826197635835,1.0000000000000107,pv_2param,0.0
True,20.0,1.322169726269608,0.05423097630963725,1.0000000000000124,pv_2param,6.209366687341782e-17
True,20.0,0.9957054890460233,0.17833222293190987,1.0000000000000073,pv_2param,5.5324359531922623e-17
True,20.0,0.7969739864005718,0.10100470692984471,1.0000000000000024,pv_2param,6.749515833362351e-17
True,20.0,0.38809845341413984,0.07031010342355452,1.0547867374072937,pv_2param,1.8174315316009218e-16
True,20.0,0.3962639861441252,0.08493868029294308,1.000000000000004,pv_2param,8.748642084740815e-17
True,20.0,0.8174851425560397,0.07589048920984201,1.0000000000000098,pv_2param,4.875180222312911e-17
True,20.0,0.6206792756713058,0.009497795958034594,1.000000000000004,pv_2param,4.727825809092058e-17
True,20.0,1.0481082221018576,0.12095893471865587,1.0212479271700194,pv_2param,2.133077125784079e-16
True,20.0,0.749590215433956,0.08963940376274387,1.0000000000000024,pv_2param,0.0
True,20.0,1.0784594797548357,0.02128095081568493,1.0000000000000109,pv_2param,0.0
True,20.0,1.3327869068355243,0.12733539106036748,1.000000000000003,pv_2param,7.646865897789662e-17
True,20.0,0.3217086868138444,0.09250083287730047,1.0127579520475165,pv_2param,6.153220229637336e-17
True,20.0,1.2086984699673693,0.044056654928901456,1.0000000000000107,pv_2param,7.751990959384709e-17
True,20.0,1.1046476603738264,0.03967687978397199,1.0000000000000013,pv_2param,1.4050060272253478e-16
True,20.0,1.4788746059393878,0.199587072760441,1.0000000000000095,pv_2param,1.7197319237108475e-16
True,20.0,1.4495937289491725,0.02732073688463188,1.0000000000000107,pv_2param,1.1556938167567618e-16
True,20.0,0.3841256234490342,0.15092299527036335,1.0000000000000027,pv_2param,0.0
True,20.0,1.214649180770517,0.035482231904376695,1.0000000000000024,pv_2param,5.928717638611468e-17
True,20.0,0.6920891579237576,0.0375966583652378,1.000000000000006,pv_2param,0.0
True,20.0,1.4700019058507312,0.1653505767614514,1.0000000000000042,pv_2param,7.511799083049285e-17
True,20.0,1.471755025192124,0.11174903157340109,1.0000000000000082,pv_2param,4.439690498375393e-17
True,20.0,1.027496466895385,0.0813572725207411,1.0000000000000013,pv_2param,4.353696897450882e-17
True,20.0,0.4968702414083639,0.029814355819468143,1.0000000000000129,pv_2param,6.408575547580382e-17
True,20.0,1.028570598091279,0.0932919805443952,1.0000000000000029,pv_2param,1.4055894142233214e-16
True,20.0,1.4295800796692644,0.0902307171468372,1.0178194882850558,pv_2param,6.566492372651884e-17
True,20.0,0.6306269221034042,0.12319030124972735,1.0054109120923,pv_2param,0.0
True,20.0,1.4319122933577142,0.18960510549425824,1.0000000000000016,pv_2param,1.419718488963573e-17
True,20.0,1.4697186706954954,0.11415332827663423,1.0000000000000022,pv_2param,0.0
True,20.0,1.1498874948163547,0.1141065020343489,1.0000000000000013,pv_2param,0.0
True,20.0,1.2892049900820166,0.02189426617792565,1.0000000000000102,pv_2param,1.3684776320527392e-16
True,20.0,0.3647501288387145,0.1025571945777064,1.0000000000000018,pv_2param,0.0
True,20.0,1.0040507354807584,0.0539425770823248,1.0000000000000016,pv_2param,6.799944345844987e-17
True,20.0,1.2360967678704478,0.17363233582350857,1.0000000000000115,pv_2param,1.0680682490649609e-16
True,20.0,0.8104293267449194,0.1324188894784436,1.000000000000001,pv_2param,0.0
True,20.0,1.3081287719795676,0.14187507552611064,1.000000000000008,pv_2param,8.282827704382915e-17
True,20.0,0.6291236043162189,0.13388706652588675,1.0000000000000027,pv_2param,0.0
True,20.0,1.1837328477006535,0.18952540408295965,1.000000000000003,pv_2param,1.3808364016265183e-16
True,20.0,1.3994250007309028,0.09041763702794665,1.0000000000000226,pv_2param,6.969876081724805e-17
True,20.0,1.391326820087751,0.011673245791556465,1.0000000000000038,pv_2param,8.597737987565231e-17
True,20.0,0.8754546804070242,0.025905623993214923,1.0000000000000004,pv_2param,5.994688812338338e-17
True,20.0,0.45432186452196766,0.18099844194900117,1.0000000000000009,pv_2param,1.221363107752336e-16
True,20.0,1.0084117855861632,0.023663634347819665,1.013682678292533,pv_2param,6.626857939069e-17
True,20.0,1.3887209233261364,0.1418625345555935,1.0000000000000033,pv_2param,1.0835113240858e-16
True,20.0,0.8042904674162514,0.08560326426192677,1.0226117234720258,pv_2param,0.0
True,20.0,1.109715357628066,0.12416483765943226,1.0221027345185008,pv_2param,1.8814946865218983e-16
True,20.0,1.0747919428585944,0.021212371122910502,1.0000000000000047,pv_2param,6.105767723804324e-17
True,20.0,0.6681162488994068,0.1634613010857963,1.0000000000000018,pv_2param,2.957624348693124e-17
True,20.0,0.3866166428464133,0.09872129194658189,1.000000000000001,pv_2param,0.0
True,20.0,0.6250158322433669,0.14657699531420595,1.0000000000000018,pv_2param,2.809799089050274e-17
True,20.0,0.4342439035058937,0.023500945314275646,1.0000000000000007,pv_2param,6.434527545302145e-17
True,20.0,0.5924889955697814,0.012240903013751048,1.0000000000000027,pv_2param,0.0
True,20.0,0.6395226149205792,0.08400614394394444,1.1005495777239647,pv_2param,7.619158749216969e-17
True,20.0,0.5076692156748698,0.18726215083693798,1.0044832094627338,pv_2param,8.864531030571274e-17
True,20.0,0.9313027536196841,0.05308583103355995,1.0000000000000056,pv_2param,9.39280635854628e-17
True,20.0,0.46674483908122655,0.053515447388119045,1.0844301820191016,pv_2param,1.3459148581717353e-16
True,20.0,0.9187364225615433,0.013298431221984975,1.0997000653477182,pv_2param,1.5770881474876086e-16
True,20.0,0.5232173979113086,0.18655290317044607,1.02732653469319,pv_2param,5.352061379967893e-17
True,20.0,0.6201313344395555,0.17045112412948382,1.0000000000000107,pv_2param,0.0
True,20.0,0.7085602319538324,0.18344127019962508,1.018770773744983,pv_2param,1.861667073654923e-16
True,20.0,1.197515180465873,0.16892803267201575,1.0189194092728244,pv_2param,5.967861081365501e-17
True,20.0,1.4788692480876868,0.18024242269362878,1.000000000000001,pv_2param,4.666279726187067e-17
True,20.0,0.9105969782640595,0.1546427423559746,1.0415381174962604,pv_2param,8.137425841070665e-17
True,20.0,0.3686819637561649,0.15827180252380582,1.054678484709268,pv_2param,8.230540690739032e-17
True,20.0,1.182873372409294,0.07808025195140507,1.0000000000000369,pv_2param,8.701513191988049e-17
True,20.0,1.4218162873903946,0.06721285007318996,1.0000000000000093,pv_2param,5.901221014055138e-17
True,20.0,0.9516660983663283,0.19197170092405993,1.0000000000000016,pv_2param,7.922931866175335e-17
True,20.0,1.4369730687553095,0.012148719920318674,1.0112889459964918,pv_2param,9.431300367042783e-17
True,20.0,0.9380093799673312,0.09454132399289135,1.0000000000000013,pv_2param,0.0
True,20.0,1.2349560914329325,0.17099075881138887,1.000000000000004,pv_2param,5.199032428098051e-17
True,20.0,1.4459496616540717,0.06880916985829409,1.0000000000000067,pv_2param,8.316884383087693e-17
True,20.0,1.1485095513573649,0.11081833922508172,1.0000000000000022,pv_2param,5.4493122251599926e-17
True,20.0,1.0367801684878106,0.004739420626668745,1.000000000000004,pv_2param,9.026039162250235e-17
True,20.0,0.692959854489416,0.07782340075110004,1.0005414687105618,pv_2param,8.005326417552116e-17
True,20.0,1.1580943055363944,0.03566488444560117,1.0000000000000089,pv_2param,6.007634701796911e-17
True,20.0,1.146707745494568,0.188355249229044,1.000000000000003,pv_2param,8.967849625103154e-17
True,20.0,0.749371518120661,0.06524004457140013,1.0000000000000067,pv_2param,6.315785571424579e-17
True,20.0,1.4695018072759,0.13231426025608894,1.0000000000000029,pv_2param,7.063189678306492e-17
True,20.0,1.3521656758475644,0.023117347716644244,1.000000000000023,pv_2param,1.0872517155670689e-16
True,20.0,1.2161501698862631,0.13768754754896634,1.000000000000007,pv_2param,0.0
True,20.0,0.5156191472025745,0.0003670845952551627,1.0000000000000118,pv_2param,0.0
True,20.0,0.44129707655919803,0.03920926243314631,1.0833353643022394,pv_2param,1.580804445963702e-16
True,20.0,0.30261366040369847,0.03196503452922335,1.059235255019497,pv_2param,4.240493633898227e-17
True,20.0,0.8073358667301829,0.0038824764308654116,1.0000000000000118,pv_2param,0.0
True,20.0,1.0855407653508142,0.13430027373748668,1.0000000000000142,pv_2param,1.0466924819526663e-16
True,20.0,0.5994690443332724,0.15776926088517623,1.000000000000001,pv_2param,5.0986933488010907e-17
True,20.0,0.37332068414772224,0.14068538331137298,1.0000000000000022,pv_2param,7.239544543848196e-17
True,20.0,0.3246447474594648,0.14087596425556914,1.0458640683611544,pv_2param,5.728248284828422e-17
True,20.0,0.5701130954967426,0.04482653852817409,1.000000000000006,pv_2param,0.0
True,20.0,1.2351577490165517,0.1139446167210463,1.0000000000000147,pv_2param,0.0
True,20.0,1.1455132203539833,0.13499397798259005,1.0000000000000022,pv_2param,5.2975428298809727e-17
True,20.0,1.416940429785569,0.05311221412750549,1.000000000000012,pv_2param,1.03316919351507e-16
True,20.0,1.2588559027072,0.08176801340889978,1.1057093790387775,pv_2param,1.1369421479184097e-16
True,20.0,1.4973652734601988,0.006348924073899309,1.0000000000000309,pv_2param,1.5245768720182965e-16
True,20.0,0.3005691342998314,0.04433256393317258,1.0000000000000009,pv_2param,7.317631683318842e-17
True,20.0,0.6859032474495508,0.1614897763295846,1.0000000000000042,pv_2param,4.6372065494362194e-17
True,20.0,0.9558518139748973,0.12994256778140828,1.0000000000000004,pv_2param,1.679268312971384e-16
True,20.0,0.6278631190422694,0.10973921306270827,1.0029808028243472,pv_2param,7.48649384858708e-17
True,20.0,0.3988083257776271,0.05897255785727169,1.0000000000000004,pv_2param,5.5004216623049566e-17
True,20.0,0.6525781085100495,0.13626144586966796,1.0000000000000042,pv_2param,1.0019990084940503e-16
True,20.0,1.288466346891005,0.04888428487109593,1.0000000000000109,pv_2param,5.202131625544547e-17
True,20.0,1.2853784124635657,0.10650720992393588,1.0460112875291436,pv_2param,8.727917846225954e-18
True,20.0,0.9866427262089361,0.15686012635805938,1.011077111720325,pv_2param,6.831778374280299e-17
True,20.0,0.5330990480868361,0.007622596162044238,1.0295157658045466,pv_2param,4.7461698779126804e-17
True,20.0,0.7518144734310817,0.1794475271343625,1.000000000000008,pv_2param,8.674490346723263e-17
True,20.0,1.0599290846025162,0.0008295278247750338,1.0000000000000009,pv_2param,0.0
True,20.0,1.2367351893332375,0.018930783060942626,1.0000000000000102,pv_2param,5.00158924319444e-17
True,20.0,1.1239662442545986,0.19912713214982278,1.097582967609826,pv_2param,1.028970368837932e-16
True,20.0,0.9335061252132224,0.18973552294173143,1.0148311485080828,pv_2param,9.904138116322752e-17
True,20.0,0.36859664634018285,0.16867845763730827,1.0000000000000018,pv_2param,2.5995863860680577e-17
True,20.0,1.0329855578034293,0.023971379880374056,1.0002146418698399,pv_2param,0.0
True,20.0,0.4323539339690512,0.16451484454269297,1.0000000000000018,pv_2param,7.043959696943308e-17
True,20.0,0.7578197496832757,0.07138954623001273,1.000000000000006,pv_2param,1.4094131167974915e-16
True,20.0,1.415351625234451,0.10307645854704045,1.000000000000017,pv_2param,7.858782734647652e-17
True,20.0,1.382326937524689,0.03576956045182089,1.0000000000000022,pv_2param,4.6638341365014917e-17
True,20.0,1.2935514374515449,0.18661629634317448,1.0508292296364958,pv_2param,0.0
True,20.0,1.3851524438399299,0.1934256779118889,1.0000000000000018,pv_2param,0.0
True,20.0,0.7236240636872472,0.08926755452767109,1.0232014990183154,pv_2param,3.231603219404287e-17
True,20.0,0.4796743535434439,0.007711097029896141,1.0000000000000033,pv_2param,5.2796892564351447e-17
True,20.0,1.2474887966941353,0.12061354470223032,1.0000000000000016,pv_2param,7.802095454314508e-17
True,20.0,0.8542383119306884,0.1329064208415308,1.0000000000000078,pv_2param,1.1276029187922108e-16
True,20.0,0.5531789018535359,0.03861200037878496,1.0000000000000087,pv_2param,1.229861152487638e-16
True,20.0,1.3133635172399698,0.07656511816747835,1.0000000000000062,pv_2param,1.1968086138613308e-16
True,20.0,0.7775117745485076,0.14187767478223265,1.0038120478555717,pv_2param,7.120466671263132e-17
True,20.0,1.0987414119031997,0.1545822784627602,1.000000000000008,pv_2param,0.0
True,20.0,0.6210700043091826,0.13129589617373172,1.0251016651371088,pv_2param,3.713447871944777e-17
True,20.0,0.39004806868457226,0.07804542490905042,1.0099862374811026,pv_2param,1.447568376087567e-16
True,20.0,0.5704807059585602,0.041073356660428356,1.0000000000000016,pv_2param,1.2688757973781192e-16
True,20.0,0.44460939845905256,0.1857505498769335,1.0000000000000016,pv_2param,3.555435583772238e-17
True,20.0,0.6213395043409378,0.027850397829558938,1.0000000000000009,pv_2param,9.097972500632293e-17
True,20.0,1.3645056973855796,0.1664563257860686,1.000000000000016,pv_2param,5.822340915997301e-17
True,20.0,1.485524938775246,0.061294422971515196,1.0000000000000098,pv_2param,1.3008071767707502e-16
True,20.0,1.3087375357187538,0.10094603534754452,1.0362617121268638,pv_2param,1.342999119724957e-16
True,20.0,0.5225049169798426,0.1521015595428925,1.0403393977447253,pv_2param,1.7721781228814622e-16
True,20.0,1.4403586777931485,0.10122468949077218,1.0284497983330807,pv_2param,8.113736687495766e-17
True,20.0,0.8349991159642784,0.02368864419326824,1.000000000000002,pv_2param,7.522002229017385e-17
True,20.0,0.6939885688669054,0.08264839908562727,1.0241728064929894,pv_2param,1.098193828577051e-16
True,20.0,1.0431412927043426,0.12608775207107698,1.0000000000000095,pv_2param,9.544439961377519e-17
True,20.0,0.669980104517589,0.10934202031685665,1.0000000000000069,pv_2param,7.487894639538731e-17
True,20.0,1.442713955339832,0.0554154030467485,1.0000000000000016,pv_2param,0.0
True,20.0,0.9209981502484221,0.026592798627245576,1.0051086587157467,pv_2param,1.9288494797949575e-17
True,20.0,0.5830891220337417,0.008720912714356778,1.0000000000000078,pv_2param,0.0
True,20.0,0.6556745423704236,0.13429440382544072,1.0000000000000056,pv_2param,0.0
True,20.0,0.4990561618185555,0.16522224360323778,1.000000000000001,pv_2param,6.18470511220186e-17
True,20.0,0.9657244544532577,0.12368992006723274,1.0765364607225745,pv_2param,0.0
True,20.0,0.515328065565438,0.17227449243498238,1.070218143984442,pv_2param,1.420747583560978e-16
True,20.0,1.1369521137250007,0.13341944407202896,1.000000000000004,pv_2param,4.754979743777238e-17
True,20.0,0.42891573800174226,0.16663009191228956,1.0515437759957027,pv_2param,1.4251927948551877e-16
True,20.0,0.9801967503056714,0.18533343492913273,1.097609120184477,pv_2param,3.2608483948329224e-17
True,20.0,0.9252713408003477,0.1411497718654013,1.0000000000000024,pv_2param,0.0
True,20.0,1.311685853290138,0.0239170392492192,1.0000000000000147,pv_2param,8.668550576128835e-17
True,20.0,0.8926570338307716,0.05431186010446392,1.00000000000001,pv_2param,4.5906684110974685e-17
True,20.0,1.2726718047664243,0.13468783307701696,1.0000000000000024,pv_2param,0.0
True,20.0,1.3441630679250032,0.1704943090337792,1.0745918975139628,pv_2param,1.3342681650188692e-16
True,20.0,1.0214497594321303,0.00220255825106086,1.0000000000000153,pv_2param,4.409479551314058e-17
True,20.0,0.6223518021792447,0.11048505983363505,1.037184395758255,pv_2param,9.056231999812581e-17
True,20.0,1.4837398665182906,0.11425481852688626,1.0000000000000062,pv_2param,7.776990862372899e-17
True,20.0,1.0220823322685046,0.062197565067206084,1.0000000000000162,pv_2param,0.0
True,20.0,0.6533117960181509,0.1401316345198553,1.0000000000000022,pv_2param,0.0
True,20.0,0.5841552551831704,0.04013377153096734,1.0010848285737368,pv_2param,5.684717270037143e-17
True,20.0,0.5064178309707329,0.19531851965274843,1.000000000000001,pv_2param,7.782229979144946e-17
True,20.0,0.5237186592936609,0.09153977027431646,1.0000000000000007,pv_2param,0.0
True,20.0,0.7032094528738889,0.0232002289862018,1.0000000000000027,pv_2param,0.0
True,20.0,1.455538416339599,0.17755311551976238,1.0000000000000016,pv_2param,5.295933929399353e-17
True,20.0,0.9562253490061938,0.17477379799843817,1.0000000000000013,pv_2param,6.889420785935737e-17
True,20.0,0.7063891210931775,0.016372083059056377,1.000000000000004,pv_2param,7.716496840873892e-17
True,20.0,0.6394561368020817,0.16631111316913705,1.0000000000000029,pv_2param,4.5690687260112633e-17
True,20.0,0.7227632184853232,0.10114093272607441,1.0138053833415424,pv_2param,9.500025377508292e-17
True,20.0,1.1831272294953585,0.08072353257015208,1.0000000000000113,pv_2param,0.0
True,20.0,1.0271900500673212,0.12636554080441106,1.0000000000000022,pv_2param,6.289415763425682e-17
True,20.0,0.35391762450281294,0.04404033028325465,1.0000000000000022,pv_2param,5.1886014430158566e-17
True,20.0,0.4674314259795378,0.0762332072009357,1.0065828109673352,pv_2param,3.958794130995967e-17
True,20.0,0.7639299731718308,0.08667143386639327,1.053311851123151,pv_2param,9.725150555056398e-17
True,20.0,0.9935371732111271,0.0803837602469521,1.0000000000000044,pv_2param,5.112576563097285e-17
True,20.0,1.1322015391752631,0.10998246053704813,1.0000000000000133,pv_2param,5.117243984992562e-17
True,20.0,1.4295055227190434,0.00015398043186964916,1.0000000000000147,pv_2param,6.75401843675801e-17
True,20.0,1.4869449586657568,0.15030168984768955,1.0000000000000182,pv_2param,0.0
True,20.0,1.4478937520843291,0.19494231844545992,1.0051450575823555,pv_2param,6.354998782936409e-17
True,20.0,1.207586140957588,0.12139906650224673,1.000000000000013,pv_2param,7.978601917958287e-17
True,20.0,0.8724717508745956,0.08551459123009963,1.000000000000003,pv_2param,1.5090678157307215e-16
True,20.0,1.1429483424356157,0.024156164948574532,1.0000000000000375,pv_2param,1.1209695495102628e-16
True,20.0,1.296387399935513,0.17645752516968105,1.0000000000000082,pv_2param,1.0378505586938297e-16
True,20.0,0.5137851380341927,0.12594856695189882,1.083509623546264,pv_2param,1.011145989919399e-16
True,20.0,1.0907732406097272,0.18033782211889704,1.0000000000000053,pv_2param,0.0
True,20.0,0.4611289089064726,0.19992607368153884,1.0020886057113056,pv_2param,8.564246448102317e-17
True,20.0,0.513507435206583,0.1586804550688804,1.0404316050843452,pv_2param,5.580439686758859e-17
True,20.0,1.2531059221174126,0.14138809402643057,1.0000000000000073,pv_2param,2.6524798359341988e-17
True,20.0,0.3045095503146569,0.11804929301588103,1.000201585436975,pv_2param,9.05228790184406e-17
True,20.0,0.5906981734178978,0.057342556397902866,1.0000000000000075,pv_2param,4.765380254312828e-18
True,20.0,0.965207458607471,0.13214464649600463,1.0000000000000004,pv_2param,5.0014744802585075e-17
True,20.0,0.3347533463971788,0.06472379749897121,1.000000000000004,pv_2param,8.222103719706645e-17
True,20.0,0.5721716154075136,0.1313995879307057,1.0000000000000004,pv_2param,0.0
True,20.0,1.42887045377967,0.09058405488594146,1.0000000000000036,pv_2param,0.0
True,20.0,0.6791053430137327,0.08156674682130437,1.0000000000000049,pv_2param,0.0
True,20.0,1.495508038052529,0.16724758729014957,1.0000000000000018,pv_2param,8.38188881698779e-17
True,20.0,0.9426891207012926,0.11867214869552399,1.0007302963886653,pv_2param,5.676590056986071e-17
True,20.0,0.943626658194535,0.014610654606926943,1.0000000000000016,pv_2param,6.125275721032535e-17
True,20.0,0.45568433376808126,0.1890091142758158,1.0000000000000016,pv_2param,0.0
True,20.0,0.8664257985342032,0.18669643537552996,1.0000000000000018,pv_2param,0.0
True,20.0,1.4792957470584165,0.18393061889326962,1.0000000000000073,pv_2param,0.0
True,20.0,0.3318953876489121,0.16241756690080403,1.0277283629010445,pv_2param,4.0183832326194875e-17
True,20.0,0.8166759680466813,0.11951674974783451,1.001004753846367,pv_2param,7.058113177489535e-17
True,20.0,0.34868942791798935,0.0235222022531993,1.0000000000000016,pv_2param,0.0
True,20.0,1.150724040752789,0.13926775588839643,1.0000000000000073,pv_2param,0.0
True,20.0,0.6968789155003499,0.18544964566311906,1.000000000000002,pv_2param,0.0
True,20.0,0.9609296788793666,0.02443514805667009,1.0000000000000182,pv_2param,9.060567283605537e-17
True,20.0,0.4251209134128615,0.0013993402305926717,1.0312669735300215,pv_2param,1.175324851154644e-16
True,20.0,0.30328477259150044,0.18395131056486655,1.000000000000001,pv_2param,5.3506985424349056e-17
True,20.0,0.5792843764225719,0.10603306944917688,1.0043446106349239,pv_2param,2.808382840820646e-17
True,20.0,0.41004483078727566,0.05135789884969835,1.0000000000000075,pv_2param,9.907255894072923e-17
True,20.0,1.0396612154196985,0.007790284256979297,1.000000000000007,pv_2param,5.932173097825152e-17
True,20.0,1.1431555424763409,0.13586040220919876,1.0000000000000004,pv_2param,0.0
True,20.0,0.5664045402667506,0.011271237541929713,1.0962195361487823,pv_2param,9.256576519240594e-17
True,20.0,0.8535180621694329,0.09131638298059111,1.0000000000000109,pv_2param,1.0381904211924903e-16
True,20.0,1.175841249599036,0.13222060944729622,1.0000000000000024,pv_2param,4.90852038859865e-17
True,20.0,0.8241344813604252,0.03232125837370219,1.0000000000000004,pv_2param,0.0
True,20.0,0.8910977021627193,0.11110346384594527,1.0000000000000013,pv_2param,7.089628241411413e-17
True,20.0,1.259544589000475,0.04878367253095102,1.0000000000000213,pv_2param,0.0
True,20.0,0.5008959113489193,0.062297475077680645,1.0450491048872292,pv_2param,1.0977376425928111e-16
True,20.0,0.7618207652744247,0.027346141480793864,1.0000000000000022,pv_2param,4.5796127806089606e-17
True,20.0,0.915008047726235,0.07558153078595897,1.000000000000015,pv_2param,0.0
True,20.0,1.173230203009556,0.0637199463659397,1.000000000000015,pv_2param,6.527278979229656e-17
True,20.0,0.4998610427798499,0.1484159509003885,1.0000000000000018,pv_2param,0.0
True,20.0,1.370929459474331,0.014551395183730921,1.0049609318271369,pv_2param,5.329662878389959e-17
True,20.0,0.988687730725001,0.0033420396343252,1.0000000000000049,pv_2param,5.3461439230970315e-17
True,20.0,0.33790932736268203,0.0472362284513594,1.0000000000000084,pv_2param,0.0
True,20.0,0.4255508220270998,0.14187085945162634,1.0000000000000033,pv_2param,0.0
True,20.0,1.0820897858254719,0.028255142729007754,1.0000000000000118,pv_2param,1.0001699690692441e-16
True,20.0,0.43854159640179324,0.1437817787745942,1.0000000000000033,pv_2param,5.0032174962482403e-17
True,20.0,0.9428858400024176,0.13459425292444635,1.0000000000000093,pv_2param,5.4121154374966585e-17
True,20.0,1.414313717922012,0.04472789123662888,1.0290307298721835,pv_2param,5.13161207067524e-17
True,20.0,0.9952011960317706,0.04950291712869366,1.0000000000000082,pv_2param,0.0
True,20.0,1.18798961489546,0.1349709477651763,1.0000000000000135,pv_2param,5.950275737150527e-17
True,20.0,1.3211246150903815,0.12696975958407206,1.0000000000000284,pv_2param,0.0
True,20.0,1.1700937988195903,0.06276905861958595,1.0000000000000049,pv_2param,6.941310781729488e-17
True,20.0,1.3265338405237754,0.1962588968678949,1.0394500810379481,pv_2param,2.885197222127979e-17
True,20.0,0.6532191549667252,0.16151602834483075,1.01103969995962,pv_2param,0.0
True,20.0,0.5892678207256793,0.19952838088624986,1.0086569378199146,pv_2param,1.4849846165160512e-17
True,20.0,1.1440008858416078,0.0606416538175181,1.0000000000000024,pv_2param,7.049937715056174e-17
True,20.0,0.982325808093782,0.1580030190400416,1.0000000000000029,pv_2param,0.0
True,20.0,1.236343691600823,0.17497967242429127,1.002575667544463,pv_2param,0.0
True,20.0,1.2349990886753381,0.009180153393580226,1.0000000000000155,pv_2param,4.1452939715312926e-17
True,20.0,1.3164670189256713,0.13895265949796143,1.0000000000000042,pv_2param,6.143670371504593e-17
True,20.0,0.6423271795551702,0.10298548787692202,1.011394141543705,pv_2param,1.6884126625712715e-16
True,20.0,0.7542813792540599,0.05368918818934734,1.0000000000000016,pv_2param,0.0
True,20.0,1.000363510419623,0.10886355415028347,1.0000000000000073,pv_2param,5.874280106330748e-17
True,20.0,1.1632100064291646,0.006737253322510895,1.0000000000000202,pv_2param,0.0
True,20.0,0.6282854863781118,0.17847905421179788,1.0264827039598052,pv_2param,7.944690298376532e-17
True,20.0,0.9540984084781323,0.11196768644488397,1.0184561664603942,pv_2param,5.837984238653752e-17
True,20.0,0.30800090598292806,0.008516676414447422,1.0000000000000033,pv_2param,0.0
True,20.0,1.3921225623719378,0.13362560462696776,1.0000000000000138,pv_2param,9.510147347522041e-17
True,20.0,1.4942299452189687,0.01340520653446442,1.000000000000005,pv_2param,0.0
True,20.0,0.7943956910418006,0.16165218241175133,1.0983816272641922,pv_2param,1.1479140164441133e-16
True,20.0,0.7896926900070649,0.16617035057140983,1.0000000000000053,pv_2param,9.382408316377304e-17
True,20.0,1.0816887352105646,0.12351785197947372,1.0030633233232886,pv_2param,8.732397361828976e-17
True,20.0,1.2775433009932764,0.15760984951498838,1.0015890578695592,pv_2param,1.3904482548555118e-17
True,20.0,0.9717584727232154,0.030369468903715682,1.000000000000027,pv_2param,6.975472526598779e-17
True,20.0,0.42962213633003055,0.13773122916745426,1.0000000000000024,pv_2param,0.0
True,20.0,0.9830869153272663,0.01987281290469787,1.000000000000013,pv_2param,1.2768074065073193e-16
True,20.0,1.0984667328049695,0.04589309837301288,1.0000000000000102,pv_2param,6.362206987739457e-17
True,20.0,1.178465485688047,0.18348955872817804,1.0003435542075587,pv_2param,9.440893974010472e-17
True,20.0,0.8301143385926786,0.12324742453264066,1.0496179151408063,pv_2param,1.3179682731095424e-16
True,20.0,0.481216102241738,0.11604338667331977,1.000000000000002,pv_2param,0.0
True,20.0,0.8588836622076801,0.014147485770827629,1.0000000000000124,pv_2param,1.1650419268497186e-16
True,20.0,1.43581599470948,0.10389038514303837,1.0000000000000042,pv_2param,9.575260296646178e-17
True,20.0,1.2070738994601633,0.00607151802439172,1.0000000000000098,pv_2param,0.0
True,20.0,0.8043913824541944,0.1305974083740163,1.0000000000000049,pv_2param,0.0
True,20.0,1.4357991699553498,0.16645122764719283,1.0000000000000004,pv_2param,9.013515592030283e-17
True,20.0,0.9356837229504629,0.1853382685225505,1.0436351986003114,pv_2param,9.812573438633762e-17
True,20.0,1.2124780889115245,0.07837085798773956,1.0000000000000324,pv_2param,3.576251542708052e-17
True,20.0,1.0140500167013713,0.1155311405185705,1.0000000000000033,pv_2param,5.928999626572466e-17
True,20.0,1.350319127622416,0.16816912719746174,1.0350509071198442,pv_2param,1.1727683674463123e-16
True,20.0,0.5089626204370071,0.14588935279904558,1.0000000000000009,pv_2param,3.882616896830466e-17
True,20.0,1.21953987474979,0.1971121244152256,1.0000000000000027,pv_2param,0.0
True,20.0,0.745296551775111,0.045177012057076006,1.0000000000000067,pv_2param,0.0
True,20.0,1.2984101026869714,0.09474783534308229,1.0000000000000144,pv_2param,6.333805929215276e-17
True,20.0,0.7797906764008931,0.14697023314037239,1.0000000000000004,pv_2param,9.454650777130128e-18
True,20.0,1.3193365998027262,0.021962203093561606,1.0000000000000064,pv_2param,0.0
True,20.0,1.0078657356949416,0.1767601463783031,1.0000000000000027,pv_2param,6.087132685130651e-17
True,20.0,0.6064830764985824,0.06963582538431574,1.0000000000000102,pv_2param,6.530582283787865e-17
True,20.0,1.4379593279490628,0.17480806281161504,1.0000000000000002,pv_2param,0.0
True,20.0,0.5658646800857354,0.13672809884168793,1.0300095595656986,pv_2param,5.130574629889718e-17
True,20.0,0.8350072357889848,0.1926970953985186,1.0000000000000018,pv_2param,1.427475545326475e-16
True,20.0,0.43226819170627884,0.1424803175834919,1.0412861492098233,pv_2param,0.0
True,20.0,0.9924616020175789,0.06821481571531728,1.0000000000000073,pv_2param,0.0
True,20.0,0.6633407915365404,0.040956237921860456,1.0000000000000113,pv_2param,1.8973238968286196e-16
True,20.0,0.4071783285641374,0.026545011751583192,1.000195563934009,pv_2param,5.1458426118280975e-17
True,20.0,0.983000093042129,0.15468138694573544,1.0000000000000024,pv_2param,0.0
True,20.0,1.1356186782830113,0.0660297346367356,1.0000000000000104,pv_2param,1.5627222607131193e-16
True,20.0,1.1241960101867363,0.0023658416390774707,1.0589716412208867,pv_2param,1.7916321778398716e-16
True,20.0,1.310298902415619,0.120432114380508,1.0000000000000009,pv_2param,8.876841425864155e-17
True,20.0,0.7528656898527202,0.19337898507454704,1.0000000000000018,pv_2param,5.4394466189125667e-17
True,20.0,0.8260873874840686,0.10403970579268192,1.0000000000000098,pv_2param,1.0492517762939375e-16
True,20.0,1.2064472798692372,0.05622843529108086,1.0000000000000169,pv_2param,9.223393271069707e-17
True,20.0,0.9515915984423187,0.06816738423878839,1.0000000000000153,pv_2param,1.6497232497640711e-16
True,20.0,0.884282179726418,0.17189636471437086,1.0000000000000049,pv_2param,0.0
True,20.0,0.4733848972589005,0.025296769500362304,1.0000000000000044,pv_2param,6.590393347665129e-17
True,20.0,1.471124518397907,0.1518741157389745,1.0000000000000204,pv_2param,8.047895216425159e-17
True,20.0,1.0285585558940462,0.09453778780064925,1.00463637336498,pv_2param,4.330941103782243e-17
True,20.0,0.45918489917624394,0.12375147991414054,1.0000000000000009,pv_2param,8.409850931478851e-17
True,20.0,1.2065139519580872,0.043794741404723614,1.000000000000023,pv_2param,7.120994734703297e-17
True,20.0,1.2118579270944991,0.03662119697069608,1.0000000000000107,pv_2param,1.0207354429581646e-16
True,20.0,0.3901548227653708,0.07130220702627861,1.044403930791519,pv_2param,4.246631686761542e-17
True,20.0,1.358733216069517,0.026322038815508677,1.0000000000000042,pv_2param,4.7140510900727083e-17
True,20.0,0.738900379115794,0.14021903036194872,1.0493564684573262,pv_2param,4.4619921520904055e-17
True,20.0,1.0290233104971478,0.07035999244040954,1.0000000000000033,pv_2param,0.0
True,20.0,0.8106211106962029,0.07691029005700432,1.0000000000000056,pv_2param,8.727050641976452e-17
True,20.0,0.545618608866594,0.0661418794441438,1.044249488902564,pv_2param,6.999691363725621e-17
True,20.0,0.4815902640918739,0.18369235683093266,1.0208677929146908,pv_2param,5.908070028517778e-17
True,20.0,0.47434753619157916,0.10981943264303057,1.0696417309320179,pv_2param,9.35556811724634e-17
True,20.0,0.4286957331783085,0.13640930394385828,1.0000000000000004,pv_2param,7.140617096611625e-17
True,20.0,0.7823862952937074,0.09429108813815741,1.000000000000004,pv_2param,1.0771744565211062e-16
True,20.0,1.3588379129162282,0.00923413514700846,1.0000000000000104,pv_2param,8.811602732536686e-17
True,20.0,0.6663274641661221,0.17155275521750446,1.0191567908340984,pv_2param,4.753170273142872e-17
True,20.0,0.9951384547074436,0.195485157230913,1.0737926789646806,pv_2param,7.393443104332016e-17
True,20.0,0.8357839595111316,0.13384512138226426,1.0000000000000029,pv_2param,0.0
True,20.0,1.1405278774037166,0.052995159255981375,1.0000000000000058,pv_2param,1.381117303519691e-16
True,20.0,0.9012269292858339,0.09922110904077984,1.000000000000002,pv_2param,5.567376066359474e-17
True,20.0,0.6930661767209099,0.042419893994164265,1.0000000000000044,pv_2param,0.0
True,20.0,1.385583388441768,0.0659090590769655,1.0000000000000029,pv_2param,6.797607968417422e-17
True,20.0,0.5260018609538681,0.04574684481075617,1.0453912555852367,pv_2param,0.0
True,20.0,1.1943921824656447,0.026823447768059384,1.0109647588257282,pv_2param,7.226774216947327e-17
True,20.0,0.9269110706472641,0.06736039569497665,1.0000000000000002,pv_2param,0.0
True,20.0,0.8019986749062833,0.13206514442968847,1.1459313659264643,pv_2param,3.941941239778025e-17
True,20.0,0.4009577120572003,0.12383950521612974,1.0550850919369736,pv_2param,1.0958331724652157e-16
True,20.0,1.494770954495366,0.1361253948259301,1.0000000000000078,pv_2param,9.425418310132943e-17
True,20.0,0.6210670996486394,0.1318089527918129,1.0000000000000033,pv_2param,8.566479720095095e-17
True,20.0,1.0079160308455717,0.14769001009302105,1.0019546287251835,pv_2param,7.896302137847655e-17
True,20.0,0.5756782556101416,0.010061545031755981,1.0338426440812578,pv_2param,1.1079111626726696e-16
True,20.0,0.6005824485172617,0.016984131930376244,1.157424769057429,pv_2param,9.354530877138723e-17
True,20.0,0.42172662051796733,0.12124388545654108,1.0008974636576358,pv_2param,5.702328349931809e-17
True,20.0,0.894145141608802,0.13720685507876965,1.0000000000000018,pv_2param,0.0
True,20.0,0.7642763418636191,0.10590429509655766,1.000000000000007,pv_2param,1.0860461722845254e-16
True,20.0,0.3217600248928314,0.1732868275398127,1.0000000000000029,pv_2param,0.0
True,20.0,0.654570542757553,0.0032033402544048963,1.0074991956334358,pv_2param,1.034964225525912e-16
True,20.0,0.6132077932016404,0.0071340791793330196,1.0820252132093102,pv_2param,1.2105872215142277e-16
True,20.0,0.9563305745760107,0.09580703519453203,1.0000000000000075,pv_2param,1.1465729436614456e-16
True,20.0,1.3441488040159233,0.022481002119363214,1.016918069087678,pv_2param,8.887509290247785e-17
True,20.0,0.41148439553141625,0.011179097813354978,1.0000000000000064,pv_2param,1.2448643898385873e-16
True,20.0,0.9195585687040249,0.006236087571974003,1.0000000000000144,pv_2param,0.0
True,20.0,0.4640167402863422,0.15772180472821995,1.0747233983925597,pv_2param,0.0
True,20.0,1.0421854124017884,0.1056142201309429,1.0000000000000009,pv_2param,0.0
True,20.0,0.892004136777816,0.10441334175509472,1.0000000000000018,pv_2param,0.0
True,20.0,1.0287724772453897,0.08187697711782399,1.000000000000002,pv_2param,4.184952574333029e-17
True,20.0,0.3797022181956874,0.06919461540019138,1.0000000000000007,pv_2param,1.127771546344997e-16
True,20.0,0.6544301116611391,0.1843507494135065,1.0278130680680038,pv_2param,1.199622533541475e-16
True,20.0,0.9857643922815469,0.15831305462260373,1.0000000000000162,pv_2param,0.0
True,20.0,0.8069967594617857,0.19242574078856786,1.0481262281618935,pv_2param,0.0
True,20.0,1.3490988622418778,0.1875825595711027,1.0000000000000133,pv_2param,8.663253082490778e-17
True,20.0,0.9212249707847362,0.13469170286565504,1.0013048616131917,pv_2param,0.0
True,20.0,0.6851744566773962,0.06347923267890794,1.000000000000006,pv_2param,9.762802406639817e-17
True,20.0,0.9118962211568868,0.1421165645149617,1.0983569531310895,pv_2param,1.7692327649345135e-17
True,20.0,1.1186224455212401,0.17396270044237136,1.008612373569172,pv_2param,6.451115302439595e-17
True,20.0,0.9076795502899226,0.012931589306747227,1.0000000000000169,pv_2param,5.947736676885462e-17
True,20.0,0.999891343915555,0.13550311351424058,1.0000000000000075,pv_2param,7.668651544509164e-17
True,20.0,0.938463904316311,0.1693696133596317,1.0000000000000082,pv_2param,0.0
True,20.0,0.5992173951372235,0.14594441764233956,1.0584036998978068,pv_2param,5.4132330228472296e-17
True,20.0,0.8989504836518725,0.17758334582005458,1.0872201610633327,pv_2param,7.351764209750802e-17
True,20.0,1.285328438112652,0.173402841817831,1.0133397374455875,pv_2param,5.337433196368515e-17
True,20.0,1.0945400677751802,0.06480047018919695,1.0000000000000142,pv_2param,6.60884890229349e-17
True,20.0,1.0313130964806194,0.11998694539431483,1.0000000000000098,pv_2param,5.038116173838033e-17
True,20.0,0.4125932758818694,0.00814923911547547,1.000000000000003,pv_2param,6.952183084731541e-17
True,20.0,1.076058151443318,0.13984304044061144,1.0000000000000082,pv_2param,5.5340635668529215e-17
True,20.0,1.1175682515850456,0.08583039970555975,1.0009547120313034,pv_2param,6.084265908798009e-17
True,20.0,0.351913003056154,0.1783865671162374,1.0000000000000024,pv_2param,6.50978423091337e-17
True,20.0,1.2516465941575377,0.12526999888834953,1.0000000000000147,pv_2param,0.0
True,20.0,1.299470355639063,0.17218211622311622,1.0000000000000024,pv_2param,2.9861403856996575e-17
True,20.0,1.269908986980335,0.002431709168222174,1.0000000000000089,pv_2param,0.0
True,20.0,0.8632393467878348,0.12165113762457379,1.000000000000005,pv_2param,4.99225691960323e-17
True,20.0,0.3581084707626605,0.09883210136604409,1.065937702660734,pv_2param,5.424414279020976e-17
True,20.0,0.9222185016972733,0.14230435055925414,1.000000000000006,pv_2param,0.0
True,20.0,1.0269469039375259,0.09351353825457885,1.0000000000000009,pv_2param,9.868072717130942e-17
True,20.0,1.3750604427541375,0.019748474719691614,1.0000000000000295,pv_2param,0.0
True,20.0,0.5624849088063947,0.09835749120480082,1.0081660167636097,pv_2param,8.844145242067138e-17
True,20.0,0.6258279543426033,0.01408223442214589,1.0000000000000033,pv_2param,0.0
True,20.0,0.9464959397745725,0.14129978610649982,1.0165155419433558,pv_2param,8.497091844073206e-17
True,20.0,0.9486792562153374,0.18841734801113685,1.068829804515799,pv_2param,7.164613717421622e-17
True,20.0,0.3975058819274442,0.12400114487945708,1.000000000000002,pv_2param,1.232659614377147e-16
True,20.0,1.1392333594167174,0.10959485299034395,1.0000000000000153,pv_2param,8.009708998473568e-17
True,20.0,0.9677141615602467,0.19358041220190028,1.010658235200484,pv_2param,1.639704497313043e-16
True,20.0,1.4326639227213744,0.19643244733663567,1.000000000000003,pv_2param,5.715264208843585e-17
True,20.0,1.139364914165055,0.1983225307723026,1.0000000000000042,pv_2param,1.3612393477509185e-16
True,20.0,1.2750596281736182,0.1976675490637262,1.0000000000000038,pv_2param,1.2730069240295716e-16
True,20.0,0.6608672878761186,0.11292450942254993,1.0034491196245654,pv_2param,0.0
True,20.0,0.7550627666386471,0.19043661979227855,1.0000000000000009,pv_2param,4.4990720781494157e-17
True,20.0,0.5675111127357259,0.012400192088203777,1.0112054395602743,pv_2param,1.0213249274511306e-16
True,20.0,1.1143078567959375,0.06593765567404634,1.0000000000000222,pv_2param,0.0
True,20.0,1.4542769023814455,0.15875256600740364,1.0000000000000013,pv_2param,7.946625968789577e-17
True,20.0,1.1226531005600553,0.18490017576209464,1.0000000000000033,pv_2param,5.040961818156602e-17
True,20.0,0.9827364652653983,0.015695807808963846,1.0000000000000038,pv_2param,5.625673836495662e-17
True,20.0,0.7403683761296591,0.07740664011915727,1.0000000000000047,pv_2param,6.479533743445474e-17
True,20.0,0.8329822937093814,0.02243150952507178,1.000000000000005,pv_2param,4.540962730392812e-18
True,20.0,0.9774389086288324,0.046337053951725715,1.033003930830578,pv_2param,9.22191715352456e-17
True,20.0,0.9816289000944383,0.16340304143050993,1.003053008327936,pv_2param,0.0
True,20.0,0.6242228340346404,0.05655757447929917,1.0000000000000018,pv_2param,5.00136435501429e-17
True,20.0,0.9231034511200431,0.08911604193556162,1.0180493102265955,pv_2param,1.6419395835810925e-16
True,20.0,0.592725703199432,0.11096111393716479,1.058992173450373,pv_2param,2.598272680456074e-16
True,20.0,0.48252683916848316,0.16645445676470585,1.0000000000000016,pv_2param,0.0
True,20.0,0.8244996931273623,0.06847197810486201,1.0000000000000073,pv_2param,9.58037149774268e-17
True,20.0,0.7478553661479743,0.10878060080070612,1.000000000000013,pv_2param,3.553549267755507e-17
True,20.0,0.7195768431020952,0.0728210776052131,1.0000000000000042,pv_2param,0.0
True,20.0,0.3722237659012628,0.11534578725236591,1.0009696147613338,pv_2param,3.741647565225027e-17
True,20.0,1.1694541149681221,0.16458406307738516,1.0000000000000029,pv_2param,0.0
True,20.0,0.684425625761558,0.11936370893656814,1.0000000000000002,pv_2param,0.0
True,20.0,0.4939763215408829,0.18825976176583478,1.0307611561121521,pv_2param,0.0
True,20.0,0.37911849907192396,0.010782146690824668,1.0000000000000024,pv_2param,0.0
True,20.0,0.3267713592652216,0.008601817581628679,1.0030824607783697,pv_2param,9.718744420704602e-17
True,20.0,1.2891183204174144,0.13143246843536754,1.0000000000000027,pv_2param,0.0
True,20.0,0.42941070650328217,0.12271568402875702,1.0000000000000009,pv_2param,6.202727653321333e-17
True,20.0,1.246158412142799,0.12644344317423148,1.0000000000000069,pv_2param,4.1583392449833e-17
True,20.0,1.0522784643080862,0.1844352852746398,1.0007429842337023,pv_2param,5.98518769651708e-17
True,20.0,0.7238756244209867,0.1761145726263736,1.0621198157920446,pv_2param,0.0
True,20.0,0.7926710127502794,0.0721387896310071,1.1513977311218868,pv_2param,3.265575222693601e-17
True,20.0,0.6557435809280945,0.11045387674488856,1.0000000000000016,pv_2param,0.0
True,20.0,0.4225104379133052,0.10312313317515681,1.0000000000000069,pv_2param,7.644912361638995e-17
True,20.0,0.6001871305237472,0.02941328328448041,1.016229599964272,pv_2param,1.5239831617807004e-16
True,20.0,1.1077929997466607,0.0389469626016044,1.000000000000003,pv_2param,3.382947961189742e-17
True,20.0,0.9107098262282314,0.18996941121746747,1.0000000000000022,pv_2param,8.088480880798037e-17
True,20.0,0.6537384375618671,0.10545908956910038,1.000000000000002,pv_2param,0.0
True,20.0,0.560468771423426,0.11539039230308148,1.0207097876462454,pv_2param,1.0068202537425995e-16
True,20.0,0.3983057104132734,0.09027764138498931,1.0000000000000007,pv_2param,1.2463530927375988e-16
True,20.0,0.49321606388160644,0.04611199659094809,1.000000000000001,pv_2param,0.0
True,20.0,0.5331807425035049,0.16685865748249823,1.0000000000000018,pv_2param,7.181838532850936e-17
True,20.0,0.6525328577300054,0.10566773536457137,1.000000000000004,pv_2param,6.82340233502762e-17
True,20.0,0.5187670978781007,0.19926423326434228,1.0529247499483583,pv_2param,9.304994588725867e-17
True,20.0,1.409541473629564,0.10341554414014878,1.0000000000000129,pv_2param,0.0
True,20.0,1.3506475938798774,0.18267761586323095,1.0000000000000018,pv_2param,1.0714082494860077e-16
True,20.0,0.8700564414366103,0.18409171140352418,1.0067775071264404,pv_2param,8.306333811664784e-17
True,20.0,1.2200170061468145,0.1186604751757172,1.02675398996313,pv_2param,8.995720212439643e-17
True,20.0,0.9136859372658981,0.11346976170732628,1.0000000000000087,pv_2param,0.0
True,20.0,0.6810372482016608,0.19859735232583528,1.0000000000000004,pv_2param,1.69550449274528e-16
True,20.0,0.5027161328687374,0.13952541256037332,1.006332290782961,pv_2param,6.304019630487784e-17
True,20.0,0.3961022238593451,0.03282539299828873,1.0000000000000056,pv_2param,4.2634727104616253e-17
True,20.0,1.3788441099334963,0.19218674974427852,1.0217724224045899,pv_2param,9.918496704514398e-17
True,20.0,1.0271068659641645,0.15563196750329028,1.000000000000001,pv_2param,0.0
True,20.0,0.6240890578281917,0.16437789605815095,1.0428519581331999,pv_2param,6.056862769082785e-17
True,20.0,0.4440896763996046,0.01639756880898633,1.0201625441648854,pv_2param,0.0
True,20.0,0.39649520055950194,0.05395639109263957,1.0213959395809435,pv_2param,6.1811910369631e-17
True,20.0,0.9855425028685474,0.1979613090707243,1.0000000000000018,pv_2param,0.0
True,20.0,1.243670088864401,0.011972019037061288,1.0568518457684457,pv_2param,3.1070282595081846e-17
True,20.0,0.5860631545502479,0.03807918281071468,1.0933672871763722,pv_2param,1.2445745289748243e-16
True,20.0,0.6747091778224397,0.06747665203356586,1.0000000000000013,pv_2param,5.817688569463586e-17
True,20.0,0.4455744139555488,0.1987925058347794,1.0332043581992436,pv_2param,0.0
True,20.0,1.01431732858598,0.13117067306538643,1.000000000000001,pv_2param,5.095570384509338e-17
True,20.0,1.0565761139177152,0.17069584344147795,1.0000000000000067,pv_2param,0.0
True,20.0,1.0584165776628638,0.16648931690758323,1.0000000000000029,pv_2param,0.0
True,20.0,0.8015275102846551,0.12502644765673354,1.109121659489437,pv_2param,7.962541169851244e-17
True,20.0,1.2401934096285867,0.12403424145798976,1.0013101163263065,pv_2param,1.0583421438162093e-17
True,20.0,1.473862807818737,0.12318492285571801,1.0000000000000226,pv_2param,6.768102409984485e-17
True,20.0,0.771334533991938,0.02650497847910447,1.0118005897397349,pv_2param,4.216826060122205e-17
True,20.0,1.418010326316202,0.05631658832890432,1.006066914011044,pv_2param,4.000156864653652e-17
True,20.0,0.6642019998855727,0.056571663742887274,1.053011841361845,pv_2param,1.7627800813378046e-16
True,20.0,1.3301317503281835,0.09239359308773294,1.0000000000000075,pv_2param,7.914982506745693e-17
True,20.0,1.3332807072155135,0.03427464072461717,1.0000000000000009,pv_2param,5.891878945527033e-17
True,20.0,1.4859746913023344,0.12507909628834293,1.0000000000000127,pv_2param,0.0
True,20.0,0.596378821381109,0.0973858661455896,1.0000000000000033,pv_2param,9.048913709397019e-17
True,20.0,1.1532908285681323,0.1273210271952012,1.0000000000000053,pv_2param,1.951187740195528e-16
True,20.0,0.8040808795235852,0.15066774366344726,1.0845304705932344,pv_2param,5.980204522137608e-17
True,20.0,1.273281545419026,0.02208677663415706,1.0000000000000189,pv_2param,0.0
True,20.0,1.2901709548994582,0.15886621560240355,1.0088295293249991,pv_2param,5.5372174052152373e-17
True,20.0,1.4323148770824516,0.08049922337341549,1.000000000000018,pv_2param,9.21935808550071e-17
True,20.0,0.8003891355605122,0.08836461145579694,1.042432646829381,pv_2param,6.288129068568396e-17
True,20.0,1.3482250638456623,0.17914406935513943,1.0000000000000053,pv_2param,8.995695410952435e-17
True,20.0,0.9534400640769454,0.015345737784686776,1.0678817859074419,pv_2param,2.0227454320416071e-16
True,20.0,0.30352218201237546,0.006462952983038273,1.0000000000000016,pv_2param,8.474506135174258e-17
True,20.0,1.412651689002309,0.1726856640072036,1.000000000000006,pv_2param,1.0025507303551736e-16
True,20.0,1.111892362042557,0.15965058421735018,1.0000000000000084,pv_2param,1.1809173848337445e-16
True,20.0,0.8416640982640546,0.0758317180220055,1.00000000000001,pv_2param,1.0428888897844174e-16
True,20.0,0.592630708016425,0.16459379113708927,1.0147269885742265,pv_2param,0.0
True,20.0,1.4301345031511432,0.17053344336746507,1.0000000000000084,pv_2param,1.277742016800729e-16
True,20.0,0.6007481423057477,0.15536868990993313,1.0000000000000082,pv_2param,1.2261401279085085e-16
True,20.0,0.33425177204550954,0.10904977681476946,1.0352241507809907,pv_2param,0.0
True,20.0,0.8467659686111286,0.18535987337742485,1.000000000000004,pv_2param,0.0
True,20.0,1.4547295259750264,0.07192243197301143,1.0000000000000102,pv_2param,5.705242434626986e-17
True,20.0,0.6214751584929088,0.023180844852080187,1.0000000000000007,pv_2param,6.061730825229601e-17
True,20.0,0.7199580273924349,0.03929489297018179,1.0000000000000069,pv_2param,1.085987464583461e-16
True,20.0,1.4707896281780914,0.035141995362175285,1.0000000000000118,pv_2param,2.722130236423138e-17
True,20.0,0.733998490691631,0.09048014341079053,1.0000000000000018,pv_2param,6.697866357569316e-17
True,20.0,1.0977586950842113,0.1313709924839885,1.000000000000007,pv_2param,5.660399649585914e-17
True,20.0,0.9775874202362467,0.08905320816323224,1.0262457562309502,pv_2param,7.186370599206408e-17
True,20.0,0.7871630666424914,0.19003844448781426,1.0214153041371812,pv_2param,7.450855606660241e-17
True,20.0,1.3463152978758222,0.194413563112238,1.045820702308795,pv_2param,0.0
True,20.0,0.9415433183464794,0.014048561120101511,1.0000000000000013,pv_2param,0.0
True,20.0,0.8888932976325468,0.05348858339874836,1.0000000000000107,pv_2param,7.00019742292679e-17
True,20.0,0.4981653374448798,0.15055491143533425,1.0000000000000027,pv_2param,6.711488698321793e-17
True,20.0,0.3289627505766776,0.07168680730173052,1.0000000000000004,pv_2param,5.567973456304091e-17
True,20.0,1.463789465560399,0.11961303315095738,1.00000000000002,pv_2param,8.862073004709462e-17
True,20.0,0.9705035119315715,0.15185810289312648,1.0000000000000193,pv_2param,0.0
True,20.0,1.3860499967834463,0.11811913737731822,1.0000000000000142,pv_2param,8.159242995792382e-17
True,20.0,0.330177334835533,0.15301397372444792,1.0000000000000038,pv_2param,0.0
True,20.0,0.9365121496656668,0.052149336065717034,1.0000000000000149,pv_2param,0.0
True,20.0,1.4881356061518534,0.03188225002020153,1.0000000000000047,pv_2param,7.591830483969849e-17
True,20.0,1.2227633336018782,0.09503543770030548,1.0000000000000058,pv_2param,8.764203267776202e-17
True,20.0,1.1030325229057598,0.16845032662034842,1.0000000000000062,pv_2param,0.0
True,20.0,0.3423431778885427,0.09332212227259423,1.0472855760437845,pv_2param,8.3901949735363e-17
True,20.0,0.4809170250504933,0.19956046183775172,1.0049235143633757,pv_2param,6.187169344677363e-17
True,20.0,0.4350362711409825,0.19946015259312344,1.014460611306914,pv_2param,1.3331469872133978e-16
True,20.0,1.1605720921080507,0.09906821930632644,1.0534804638258188,pv_2param,2.4489508252812585e-17
True,20.0,0.3339673824537206,0.10358197136378425,1.0000000000000013,pv_2param,0.0
True,20.0,0.625704692967261,0.10465887253227664,1.0000000000000064,pv_2param,0.0
True,20.0,1.0975863428066517,0.13779646156061182,1.0000000000000153,pv_2param,5.5356518343376654e-17
True,20.0,0.9627491139495319,0.03865992351399883,1.0000000000000053,pv_2param,3.5521106726638313e-17
True,20.0,0.6869690835426172,0.0005579341168362228,1.0000000000000089,pv_2param,1.1926364585446117e-16
True,20.0,0.8234126169176137,0.11370953107255928,1.000000000000002,pv_2param,7.348218911764736e-17
True,20.0,1.2605143652264716,0.09692141773138724,1.1020745663586293,pv_2param,6.085270641818337e-17
True,20.0,0.9778398587951656,0.03084042447120641,1.0000000000000107,pv_2param,6.901967442355469e-17
True,20.0,0.6319126114869639,0.16624148711104147,1.056161569493765,pv_2param,4.891520785811351e-17
True,20.0,1.407024452237518,0.10842267606654683,1.1033335526733083,pv_2param,6.202306267870712e-17
True,20.0,0.9393034963668672,0.16695031678019648,1.0000000000000109,pv_2param,0.0
True,20.0,0.8258298328127125,0.18721483320981905,1.0291021018694289,pv_2param,1.0059805249495595e-16
True,20.0,0.811023435276951,0.1257907305227132,1.0000000000000029,pv_2param,7.694242888209211e-17
True,20.0,0.8258308683942002,0.04752073833500721,1.0000000000000036,pv_2param,1.5620640010000063e-16
True,20.0,1.0128702359000163,0.12454146856447762,1.06109323799478,pv_2param,5.213374862670774e-17
True,20.0,1.1517843293812349,0.19406633819550623,1.0000000000000016,pv_2param,1.1137394853578472e-16
True,20.0,1.3170489197792066,0.18210161382723264,1.0257403450445621,pv_2param,1.047497498071727e-16
True,20.0,1.4950052738892738,0.18843335390904162,1.000000000000005,pv_2param,9.707343114770009e-17
True,20.0,0.5402808408374891,0.16424572714836838,1.0000000000000009,pv_2param,0.0
True,20.0,0.4125928866980818,0.06302843845528587,1.0419570674049603,pv_2param,8.516554484880284e-17
True,20.0,1.2632823543145089,0.14465601038686257,1.0000000000000018,pv_2param,8.935503429180072e-17
True,20.0,1.326898272493199,0.10332774232129445,1.0000000000000049,pv_2param,0.0
True,20.0,0.8549797576092237,0.022977850321719243,1.0000000000000095,pv_2param,0.0
True,20.0,0.57746175005901,0.15249940040413967,1.056991198470762,pv_2param,5.559771581499112e-17
True,20.0,1.218552719668683,0.1410474181741373,1.000000000000002,pv_2param,0.0
True,20.0,1.3780751981652741,0.18374773215280676,1.000000000000008,pv_2param,5.034124112564293e-17
True,20.0,0.693759756239052,0.14097481716606558,1.0000000000000022,pv_2param,1.2137726051041055e-16
True,20.0,1.433634452014536,0.028199015883322853,1.0000000000000147,pv_2param,6.038557964960853e-17
True,20.0,0.6212324294754666,0.09007841531921644,1.000000000000002,pv_2param,0.0
True,20.0,0.44707424643259314,0.1029342032585293,1.0,pv_2param,1.7604613838384264e-16
True,20.0,0.38402013265797225,0.157158646554465,1.0411054346361375,pv_2param,1.6251304803358773e-16
True,20.0,1.0199064517840661,0.014149238851236402,1.0000000000000013,pv_2param,2.2107646242824645e-16
True,20.0,0.3975197321173537,0.1080245812221571,1.0000000000000007,pv_2param,0.0
True,20.0,0.4082104937691738,0.1240114445933993,1.020183344582759,pv_2param,6.358561133564955e-17
True,20.0,1.2800138089481747,0.1445681651327983,1.0000000000000029,pv_2param,7.698886385702253e-17
True,20.0,0.8020717534744304,0.025359794528083082,1.0000000000000095,pv_2param,7.799619468930318e-17
True,20.0,0.65260280335543,0.0037178457253252972,1.050335791802059,pv_2param,6.629284818213549e-17
True,20.0,1.200093133882645,0.1198264226726426,1.0000000000000024,pv_2param,0.0
True,20.0,0.5028455983978442,0.08065564284603242,1.0136425146498032,pv_2param,7.064910687424098e-17
True,20.0,0.9603757765277492,0.18833237095606947,1.000000000000001,pv_2param,2.2281266369887042e-17
True,20.0,1.1017604715315226,0.0690335525091915,1.0000000000000044,pv_2param,7.574018541419007e-17
True,20.0,1.426007121975913,0.17471672960892534,1.0000000000000102,pv_2param,0.0
True,20.0,0.3650965750351672,0.10957677087923375,1.0138449827868252,pv_2param,0.0
True,20.0,0.9494013106944847,0.06042187651516431,1.000000000000003,pv_2param,8.109018811409761e-17
True,20.0,0.885466588026139,0.03854404757592496,1.000000000000002,pv_2param,9.706745530106172e-17
True,20.0,0.6834459126369046,0.07310493280336108,1.0000000000000029,pv_2param,0.0
True,20.0,1.0171155504799694,0.13933264513591267,1.0000000000000122,pv_2param,6.59753184249326e-17
True,20.0,1.4524211859674405,0.07204243057933042,1.0000000000000164,pv_2param,3.734586114456978e-17
True,20.0,1.0332098444528717,0.12836664365345563,1.0000000000000053,pv_2param,5.726742628279655e-17
True,20.0,0.6428963590193936,0.01449618442344447,1.000000000000019,pv_2param,1.75199587352583e-16
True,20.0,0.41123383073052977,0.12367660065054097,1.0322959834954555,pv_2param,1.1989702719165973e-17
True,20.0,1.2783002418360565,0.04973118693224992,1.0000000000000073,pv_2param,5.987605262825681e-17
True,20.0,0.3740843833459422,0.11003730115114684,1.0031356507742861,pv_2param,1.496170863735805e-17
True,20.0,1.138615467777898,0.05031681064091875,1.0000000000000115,pv_2param,1.0025374300760703e-16
True,20.0,1.2566797823289402,0.08403216155927469,1.0000000000000044,pv_2param,1.5962308141409217e-16
True,20.0,0.7060490827727526,0.1826597342458113,1.0000000000000002,pv_2param,5.662272739552082e-17
True,20.0,1.108423908537459,0.19994631275636374,1.0000000000000018,pv_2param,6.937884083426689e-17
True,20.0,1.222049716561287,0.16983919943308656,1.0000000000000102,pv_2param,1.2541712724899324e-16
True,20.0,1.4196620091420638,0.15884427984995317,1.0000000000000009,pv_2param,1.7910145673530368e-16
True,20.0,0.561334640886864,0.1889467848757075,1.0416915748117996,pv_2param,0.0
True,20.0,0.4180836641805121,0.15239731719760072,1.000000000000001,pv_2param,5.819269922394398e-17
True,20.0,0.7839149146334876,0.006135098906258074,1.0553736896357309,pv_2param,1.0558243923193766e-16
True,20.0,1.36629444758336,0.07465288374534998,1.0000000000000127,pv_2param,3.065357311097631e-17
True,20.0,0.9114282057400858,0.08414982584268915,1.000000000000009,pv_2param,0.0
True,20.0,1.4480075263129133,0.1101369669534118,1.0000000000000069,pv_2param,1.4276993475210126e-16
True,20.0,1.1730499847765956,0.17198341540750928,1.0000000000000024,pv_2param,1.8837147924707323e-16
True,20.0,0.7145801957317015,0.05219253176910646,1.006575543991685,pv_2param,1.130474175318894e-16
True,20.0,1.1671927217170115,0.1743373169559727,1.000000000000002,pv_2param,0.0
True,20.0,1.424059156193062,0.13892632661109205,1.0000000000000047,pv_2param,9.060183122990669e-17
True,20.0,0.48844061740416955,0.17723844531804767,1.0000000000000027,pv_2param,3.102192850091641e-17
True,20.0,0.33148362101647094,0.17822920008088963,1.000000000000003,pv_2param,5.414728701329312e-17
True,20.0,1.3806610349773631,0.14813845240505163,1.0000000000000226,pv_2param,0.0
True,20.0,0.3723415917410699,0.07444105382136755,1.0000000000000047,pv_2param,0.0
True,20.0,0.9441625576161758,0.1831573321588199,1.0000000000000024,pv_2param,0.0
True,20.0,0.37731721066076335,0.15539269405396525,1.0353684517105903,pv_2param,6.040223384139077e-17
True,20.0,1.2484406226299773,0.1061410874277822,1.0000000000000047,pv_2param,7.648660454160058e-17
True,20.0,1.428101679201285,0.16845229003984286,1.0000000000000036,pv_2param,1.7604059695457318e-16
True,20.0,0.5612644286290855,0.13748021796234525,1.000000000000004,pv_2param,0.0
True,20.0,0.8996552557403068,0.07079732459054437,1.0000000000000073,pv_2param,1.782391589721348e-16
True,20.0,1.0156425403801204,0.05235513382479924,1.0000000000000044,pv_2param,7.649542485394114e-17
True,20.0,0.33808941792274894,0.03466153020477893,1.0596882034759296,pv_2param,4.548780420927598e-17
True,20.0,1.1089764186477942,0.01172118153620292,1.000000000000001,pv_2param,0.0
True,20.0,1.3126176963813327,0.019737487812747846,1.0000000000000018,pv_2param,5.013389841012392e-17
True,20.0,1.0691244529794368,0.09690446705501737,1.0000000000000218,pv_2param,0.0
True,20.0,0.49146068748018673,0.05834896636711524,1.0025972666767051,pv_2param,8.60045055289154e-17
True,20.0,1.048734260489392,0.08579895162641007,1.0171261081845198,pv_2param,9.061617062798327e-17
True,20.0,0.4052443516608903,0.06932038921058206,1.000000000000007,pv_2param,0.0
True,20.0,1.4445062239607351,0.012127334088667974,1.0000000000000109,pv_2param,3.8219593101703065e-17
True,20.0,1.347797915511328,0.07079197947388916,1.0208393468126546,pv_2param,6.746278673299765e-17
True,20.0,1.2460543008767555,0.11568059899525429,1.0000000000000002,pv_2param,5.002033876624989e-17
True,20.0,0.35932125913242907,0.1593168386254269,1.0000000000000004,pv_2param,0.0
True,20.0,1.4028657607637514,0.17632714674736757,1.0000000000000004,pv_2param,5.4308819422811644e-17
True,20.0,0.5127376705437006,0.020317337467575716,1.0000000000000073,pv_2param,6.777861647485222e-17
True,20.0,0.8045016112647134,0.14787875757012173,1.000000000000005,pv_2param,1.1854044151546547e-16
True,20.0,0.7798308033731269,0.03460079759789756,1.0545420982164404,pv_2param,0.0
True,20.0,0.6010334670026609,0.01606435323578186,1.010245140933424,pv_2param,0.0
True,20.0,1.4379724766804647,0.025108206282404313,1.0000000000000175,pv_2param,0.0
True,20.0,0.5215049163877549,0.05489395474981436,1.0102161450026874,pv_2param,9.003271548887385e-17
True,20.0,1.4115452322977136,0.048989189326351906,1.0000000000000144,pv_2param,0.0
True,20.0,0.6187577914155222,0.15104131404790358,1.0616103105707444,pv_2param,0.0
True,20.0,0.775521001983827,0.12060910444491409,1.0000000000000018,pv_2param,5.714561078667414e-17
True,20.0,0.9657014182356072,0.1842510480388995,1.152958991984103,pv_2param,5.901085356642353e-17
True,20.0,1.3617094034888533,0.02819284033375731,1.000000000000023,pv_2param,1.630144522337499e-16
True,20.0,1.340916619227564,0.06875027227196187,1.000000000000016,pv_2param,1.0997758695531769e-16
True,20.0,1.1792854874079544,0.07365116900248743,1.000000000000006,pv_2param,1.1962865396797287e-16
True,20.0,0.8909025292151735,0.1390030566019007,1.0000000000000115,pv_2param,1.2952526598670749e-16
True,20.0,1.4343123028453266,0.11654083835985225,1.0000000000000144,pv_2param,7.059669592680308e-17
True,20.0,1.4268623571435586,0.1965124245853741,1.0049228442727423,pv_2param,0.0
True,20.0,0.625596662020907,0.08217287930593963,1.0052755148518517,pv_2param,1.0869580576794616e-16
True,20.0,0.7569302778769087,0.06454096080661942,1.0000000000000056,pv_2param,0.0
True,20.0,0.43894943437401923,0.13916262305205712,1.0000000000000007,pv_2param,0.0
True,20.0,0.4060644519344929,0.015506500860102768,1.0000000000000024,pv_2param,7.360382316924121e-17
True,20.0,1.0899508711193826,0.016079927805241968,1.000000000000005,pv_2param,1.0938192716774919e-16
True,20.0,0.9748916219698649,0.12361270120051296,1.0000000000000104,pv_2param,6.605402235262992e-17
True,20.0,0.3529886485139839,0.09007144082862409,1.0000000000000009,pv_2param,6.068482345094515e-17
True,20.0,0.6637271381445329,0.04806305811929015,1.0028801689938542,pv_2param,0.0
True,20.0,0.5763789851614138,0.09561558564078287,1.000000000000003,pv_2param,6.936059349592807e-17
True,20.0,0.5521784570289672,0.03370140028022137,1.0000000000000002,pv_2param,0.0
True,20.0,1.1951011542345422,0.16035708846517038,1.0000000000000042,pv_2param,1.0404721246647082e-16
True,20.0,0.366764648105787,0.036569735977642084,1.0309486958379321,pv_2param,0.0
True,20.0,0.6587405727609017,0.02836769860008961,1.0000000000000029,pv_2param,9.239365696359696e-17
True,20.0,0.9740095472988439,0.16992282982358892,1.000000000000015,pv_2param,1.279414796414913e-16
True,20.0,0.5176306432154589,0.16285488421673214,1.0000000000000024,pv_2param,0.0
True,20.0,0.5160515052678474,0.036409026027290195,1.0249865439719943,pv_2param,0.0
True,20.0,1.1229673070951678,0.07235200087080906,1.0000000000000004,pv_2param,8.01091335357569e-17
True,20.0,1.0772394770553106,0.13704250750333596,1.0000000000000013,pv_2param,5.3270885279885706e-17
True,20.0,0.7107117982040615,0.13873242183785814,1.2007985207863552,pv_2param,3.817720588155381e-17
True,20.0,0.7403044026015712,0.015244163938546952,1.0000000000000182,pv_2param,0.0
True,20.0,0.9116670169316723,0.17981069956960052,1.0000000000000027,pv_2param,5.523954166034271e-17
True,20.0,1.1570237155803424,0.0024472765490602512,1.0000000000000029,pv_2param,4.9095772746933514e-17
True,20.0,1.0363078664158745,0.12202763508113364,1.0058110449177426,pv_2param,0.0
True,20.0,1.3432021913814862,0.03510372866315819,1.0000000000000249,pv_2param,0.0
True,20.0,0.7274101699477564,0.06627863433105052,1.000000000000008,pv_2param,1.1242617247008527e-16
True,20.0,1.2720493081092021,0.08481985777913148,1.0000000000000013,pv_2param,6.115881762976276e-17
True,20.0,1.2225046801867845,0.07803651555326169,1.0000000000000018,pv_2param,8.870306360437776e-17
True,20.0,1.2251579082128705,0.1631216715948186,1.000000000000003,pv_2param,1.0187248300932623e-16
True,20.0,1.066341151964637,0.1962939086162265,1.0000000000000047,pv_2param,6.936312028400117e-18
True,20.0,0.7190809473724051,0.16359612617443853,1.0379936752222707,pv_2param,4.697115991110799e-17
True,20.0,1.1610351974219395,0.057978554029551765,1.00000000000001,pv_2param,3.8124988454957953e-17
True,20.0,0.48177634566749883,0.05233388055022945,1.0277161201042648,pv_2param,1.1016397810215423e-16
True,20.0,1.4062321317590436,0.05413568862240457,1.0000000000000122,pv_2param,6.156479466349649e-17
True,20.0,1.4131849106514605,0.013386584214778497,1.0212583817989316,pv_2param,1.0044501430176835e-16
True,20.0,0.9629053634863858,0.048883484762386686,1.075223686099954,pv_2param,8.567224350639662e-17
True,20.0,1.0580740529559232,0.1672963898589103,1.0000000000000084,pv_2param,0.0
True,20.0,1.0283696228988075,0.15979456768251427,1.0000000000000047,pv_2param,0.0
True,20.0,0.30165319568463894,0.16732894018926076,1.0821337286493198,pv_2param,0.0
True,20.0,1.3691273948988192,0.17326568641765405,1.0000000000000087,pv_2param,0.0
True,20.0,1.3538371297810847,0.08439152857407506,1.0000000000000098,pv_2param,8.59841643094072e-17
True,20.0,0.5709279964511336,0.19845098025601937,1.0302026367665624,pv_2param,8.119975687033482e-17
True,20.0,1.2831651113693656,0.11542962713187462,1.0000000000000044,pv_2param,2.1093880815680132e-17
True,20.0,1.1302399758040802,0.07256396984860276,1.0000000000000036,pv_2param,0.0
True,20.0,0.9453442586985106,0.14817552315451477,1.0678753125079965,pv_2param,8.159517386951291e-17
True,20.0,0.9139171344004986,0.12740024673288075,1.0000000000000022,pv_2param,1.3844828774346846e-16
True,20.0,0.6858347746137092,0.0168654648997987,1.000000000000006,pv_2param,5.666361131603888e-17
True,20.0,0.7343578363273612,0.14171401405833062,1.0233965460438896,pv_2param,8.125858187381537e-17
True,20.0,1.069000114597397,0.0021466530164917508,1.0000000000000022,pv_2param,1.0531976884295503e-16
True,20.0,0.4075695855355628,0.1550866283273816,1.005943741987341,pv_2param,3.7204174165612e-17
True,20.0,0.38047274894539673,0.12604441306638864,1.0000000000000016,pv_2param,1.0765246261118027e-16
True,20.0,0.8576378393156023,0.1608563652940823,1.001929786641808,pv_2param,8.698834378509746e-18
True,20.0,1.1049891949032835,0.19267488827625753,1.030695230921669,pv_2param,6.95939482077605e-17
True,20.0,1.0770806253511278,0.1965052805204588,1.0000000000000024,pv_2param,1.5544213560558604e-16
True,20.0,0.46307282344982725,0.15512440840390246,1.0332943529144056,pv_2param,0.0
True,20.0,1.2725061187706561,0.10187344588610155,1.000000000000002,pv_2param,0.0
True,20.0,0.9146721270444376,0.10806682867980089,1.0016191058989845,pv_2param,1.302048755884528e-16
True,20.0,0.551205724581687,0.04322065600539807,1.0000000000000064,pv_2param,0.0
True,20.0,0.5536591196682986,0.02469661781552899,1.0000000000000016,pv_2param,1.1243961527616759e-16
True,20.0,1.2603688536467912,0.19817970423625264,1.0000000000000107,pv_2param,0.0
True,20.0,0.5747185228446114,0.14602446388672605,1.0000000000000053,pv_2param,3.0012348158783205e-17
True,20.0,1.328526521662663,0.11029846416179863,1.0000000000000118,pv_2param,8.627120155042016e-17
True,20.0,1.1551657883415034,0.11624513193472902,1.0000000000000062,pv_2param,8.475699697714628e-17
True,20.0,0.49463166669179914,0.020390914478082833,1.0000000000000053,pv_2param,1.1572934058905627e-16
True,20.0,0.7593079785578895,0.10687778684149676,1.0000000000000042,pv_2param,3.4749705849034033e-17
True,20.0,1.273050143972856,0.11951669057727315,1.0000000000000056,pv_2param,3.7558212007717603e-17
True,20.0,0.7180130795926116,0.16774009798277514,1.004027096056472,pv_2param,8.066408591176064e-17
True,20.0,0.4664776997717127,0.06776746824062384,1.0000000000000013,pv_2param,1.7756338044835933e-16
True,20.0,1.001128140410566,0.10092897630078397,1.000000000000017,pv_2param,4.344337362985697e-17
True,20.0,1.4793757668461456,0.032405972784674275,1.000000000000021,pv_2param,1.4389213619960038e-16
True,20.0,1.270292166528535,0.18745234145198375,1.0000000000000049,pv_2param,5.384699674126205e-17
True,20.0,0.4819191473853312,0.08554145040313584,1.0000000000000007,pv_2param,5.63281861929357e-17
True,20.0,1.3152873701048209,0.09433878693563447,1.0000000000000058,pv_2param,7.91196947915145e-17
True,20.0,1.2111060440295605,0.11308233966048618,1.0369004753666844,pv_2param,1.0028934132274544e-16
True,20.0,0.9169348426599087,0.18582014638546457,1.0867367465232964,pv_2param,0.0
True,20.0,0.4981837817466044,0.047017386684284124,1.0048179573101428,pv_2param,0.0
True,20.0,1.2695573425221185,0.13863879701561274,1.0000000000000007,pv_2param,5.359768613297724e-17
True,20.0,0.6786812368433409,0.0949905208126759,1.0000000000000007,pv_2param,0.0
True,20.0,0.5123156077338937,0.14665179788796434,1.0515446204093988,pv_2param,5.541197662060723e-17
True,20.0,0.5568462721338006,0.1341262512996775,1.0137832204440589,pv_2param,7.178963183587549e-17
True,20.0,1.2383534581271423,0.08294102321483383,1.0000000000000198,pv_2param,8.864584899984496e-17
True,20.0,0.9618285419544803,0.18166525658801416,1.012321415813327,pv_2param,1.6387330997891612e-16
True,20.0,0.5569713440548762,0.05612077636385582,1.0000000000000013,pv_2param,1.1102819135233043e-16
True,20.0,1.4628036287244677,0.1316911037983546,1.0124247589382835,pv_2param,6.663481331450783e-17
True,20.0,1.1557507675938719,0.07367317315690702,1.000000000000022,pv_2param,0.0
True,20.0,0.9329565937633182,0.1078573021368958,1.0000000000000016,pv_2param,1.0182353984290234e-16
True,20.0,0.6060238679594221,0.19927101723291318,1.0789706247183264,pv_2param,8.066820611549117e-17
True,20.0,0.9863975197403458,0.044162287513920775,1.000000000000015,pv_2param,9.490297394951886e-18
True,20.0,1.0298796333965037,0.015994427661143364,1.000000000000029,pv_2param,1.0327557040703987e-16
True,20.0,0.8918779883184984,0.03239749986410547,1.0183596347652442,pv_2param,6.360036566409727e-17
True,20.0,0.8001651483336338,0.12500176128212864,1.0000000000000022,pv_2param,1.9684432053456437e-16
True,20.0,0.5997465066293572,0.06457300806426536,1.0000000000000027,pv_2param,7.729054757579042e-17
True,20.0,1.1209303793347207,0.17231735417403385,1.0000000000000038,pv_2param,6.181128944290673e-17
True,20.0,0.5966131919658211,0.1329271174211319,1.000000000000005,pv_2param,0.0
True,20.0,0.6730159051340516,0.061714112168228245,1.0375906862088218,pv_2param,1.0579819599318688e-16
True,20.0,0.35758793045055975,0.1094693366930743,1.000000000000004,pv_2param,6.850146449473496e-17
True,20.0,0.3030628196512713,0.16184519869122493,1.006965569876973,pv_2param,0.0
True,20.0,0.6798822495114225,0.1967787872825503,1.0000000000000038,pv_2param,8.609096777819719e-17
True,20.0,0.6176234221967634,0.09239180582127855,1.1607198287169354,pv_2param,3.699083374413604e-17
True,20.0,1.0988527623775612,0.16381355626578764,1.0000000000000024,pv_2param,3.078730626828702e-17
True,20.0,0.9007565080565916,0.013029511948011408,1.0331658887778656,pv_2param,8.592422866964767e-17
True,20.0,0.6286082779815065,0.029168030224324727,1.0082911970345005,pv_2param,7.781649249199219e-17
True,20.0,0.3074444109669954,0.1405417722024438,1.0000000000000033,pv_2param,1.0957745388087407e-16
True,20.0,1.4202950779217414,0.07313310673711364,1.0000000000000056,pv_2param,5.5214421598224515e-17
True,20.0,0.3340905286858214,0.1281524930242999,1.000000000000001,pv_2param,1.6578396587332594e-17
True,20.0,0.7199359401563974,0.07629921735365036,1.0000000000000129,pv_2param,5.146422051419989e-17
True,20.0,1.2576525769809583,0.002413822436431379,1.0000000000000149,pv_2param,9.112344699328573e-17
True,20.0,1.2509878601079623,0.040600294483909255,1.0000000000000024,pv_2param,1.0989648832731607e-16
True,20.0,1.0048585264541714,0.1448970104425292,1.000000000000008,pv_2param,5.516674309081467e-17
True,20.0,1.3283469714231924,0.1780695412979395,1.005859042626396,pv_2param,8.807500154112298e-17
True,20.0,1.396254083262873,0.04443536593029747,1.0000000000000318,pv_2param,9.018104422113143e-17
True,20.0,1.1058175203427094,0.16442794601211466,1.0000000000000024,pv_2param,0.0
True,20.0,0.7660851849625914,0.11409411449195839,1.0455439562882902,pv_2param,0.0
True,20.0,1.2026134596774924,0.03167408523724915,1.0000000000000087,pv_2param,9.210031790723824e-17
True,20.0,0.9164656837266656,0.01639481547929129,1.0000000000000056,pv_2param,1.8923577492519995e-16
True,20.0,0.9141563044718113,0.19414799998026636,1.000000000000001,pv_2param,9.866754809975074e-17
True,20.0,1.4942877704288615,0.05127268959985381,1.0000000000000209,pv_2param,8.705601085556673e-17
True,20.0,1.3533519271725025,0.062286686411485825,1.0000000000000118,pv_2param,5.671039616414343e-17
True,20.0,0.6061206732406361,0.07826906670313852,1.0000000000000036,pv_2param,0.0
True,20.0,1.176907112069088,0.0726124218859328,1.000000000000001,pv_2param,6.64651257301662e-17
True,20.0,0.6991582748565321,0.15115982006169584,1.0121353902787025,pv_2param,4.7521962485018186e-17
True,20.0,1.2852320863753313,0.13825703062509453,1.000000000000003,pv_2param,2.359242679179417e-16
True,20.0,1.1774371081467194,0.17273254179361874,1.0000000000000087,pv_2param,5.400570270961638e-17
True,20.0,1.138743093006888,0.12535751116072827,1.0000000000000016,pv_2param,4.964965845879111e-17
True,20.0,1.296720017819373,0.06312760610577757,1.000000000000007,pv_2param,0.0
True,20.0,1.2593347712332603,0.16875930109292633,1.0000000000000042,pv_2param,4.50283778173061e-17
True,20.0,0.7654270000241421,0.08298337504757124,1.0000000000000027,pv_2param,6.8060691076786e-17
True,20.0,1.0113029125143789,0.08100522060665843,1.000000000000026,pv_2param,4.3630506282261947e-17
True,20.0,1.0521635074004145,0.15292361189357617,1.0000000000000047,pv_2param,3.4650394416745523e-17
True,20.0,0.5727109407898401,0.05829308124095156,1.000000000000004,pv_2param,3.8715973855741573e-17
True,20.0,0.7916358316829242,0.18375490150867113,1.0005213075786181,pv_2param,0.0
True,20.0,1.2818220523909207,0.13701609960004651,1.0000000000000022,pv_2param,8.249085586012615e-17
True,20.0,0.33735890230491716,0.15024445478362672,1.0243463053562538,pv_2param,0.0
True,20.0,1.2526267814744427,0.13546788254408929,1.000000000000003,pv_2param,8.92701809824634e-17
True,20.0,0.37913344824965767,0.12413446812606535,1.0000000000000038,pv_2param,6.445456745039573e-17
True,20.0,0.4914116617452253,0.06297554043824075,1.0965926443895464,pv_2param,1.5446384563291291e-16
True,20.0,0.6942929097343526,0.07890810414087657,1.000000000000003,pv_2param,7.421889502388394e-17
True,20.0,0.40429276552569154,0.08769350967213817,1.0000000000000009,pv_2param,8.802067895142788e-17
True,20.0,0.5999437418770391,0.06404749708121642,1.051609276830028,pv_2param,6.324180827404901e-17
True,20.0,1.0263735997146464,0.1012761569711655,1.0000000000000158,pv_2param,0.0
True,20.0,1.2426078803650225,0.06427204205814777,1.0000000000000024,pv_2param,6.705799805293143e-17
True,20.0,0.9180502374102979,0.11834223824161193,1.0000000000000098,pv_2param,7.265780797566797e-17
True,20.0,0.8613353345019508,0.005174265659774258,1.0000000000000022,pv_2param,0.0
True,20.0,0.7262865254089643,0.06500770585697406,1.000000000000004,pv_2param,4.848034562709661e-17
True,20.0,0.3894661066400251,0.12168771874565765,1.0000000000000036,pv_2param,6.867352120028484e-17
True,20.0,1.4976168535478953,0.10226918628643358,1.0000000000000084,pv_2param,0.0
True,20.0,0.9565819555645074,0.10226815773876217,1.0000000000000018,pv_2param,5.2832941784434307e-17
True,20.0,1.3013121460742305,0.10255923501885932,1.0000000000000053,pv_2param,8.227496554457528e-17
True,20.0,0.36518983466643173,0.149777198800088,1.0000000000000013,pv_2param,6.84544164755682e-17
True,20.0,0.6866866170838279,0.11452913524086593,1.0000000000000004,pv_2param,4.22322408614732e-17
True,20.0,1.166312603671565,0.13608165776186532,1.0000000000000004,pv_2param,1.087234055230799e-16
True,20.0,1.0670823130321627,0.013994375424155226,1.000000000000001,pv_2param,0.0
True,20.0,1.4638333079523644,0.12211275035014918,1.000000000000009,pv_2param,3.8976887027695165e-17
True,20.0,1.071500792923775,0.15234929998029972,1.0000000000000018,pv_2param,3.9207811898310396e-17
True,20.0,0.8170750473399238,0.04179647102576858,1.013670992380662,pv_2param,2.5079415422356347e-17
True,20.0,0.5121877788834162,0.15813534947809627,1.0000000000000009,pv_2param,5.4671011279635895e-17
True,20.0,0.3798292617018638,0.10227891122589197,1.0000000000000004,pv_2param,1.3108927324710937e-16
True,20.0,1.2041471485700126,0.07147770808836472,1.0000000000000062,pv_2param,7.02893312509243e-17
True,20.0,0.8551324559146074,0.15301606352808328,1.0041454436513995,pv_2param,8.784938752997207e-17
True,20.0,0.9970336077320929,0.052239722037949604,1.0363817155922908,pv_2param,7.977264987903001e-17
True,20.0,0.5728527762499032,0.11083571799497338,1.0403019726851208,pv_2param,1.665552288840948e-16
True,20.0,1.1452165358595674,0.1742471865604182,1.0000000000000049,pv_2param,6.282798728037693e-17
True,20.0,0.7072292842634846,0.10918115194397149,1.0000000000000084,pv_2param,0.0
True,20.0,1.1967829825458376,0.022465479315499207,1.0000000000000204,pv_2param,5.5151130677526155e-17
True,20.0,0.9097567052676419,0.03948242775138482,1.0000000000000002,pv_2param,7.436949594888541e-17
True,20.0,0.8572444679225042,0.07105992825318196,1.0000000000000009,pv_2param,5.945158654868833e-17
True,20.0,0.7198810988094488,0.01860371499552147,1.0000000000000062,pv_2param,0.0
True,20.0,1.2858117471116204,0.009943055375398635,1.0000000000000013,pv_2param,9.608900814221246e-17
True,20.0,1.414264971267767,0.19521784731212954,1.0496938711573691,pv_2param,2.7745402041641393e-17
True,20.0,0.5785179331511265,0.10756569673841271,1.0000000000000044,pv_2param,0.0
True,20.0,0.9179441179641692,0.01286799891950956,1.000000000000014,pv_2param,1.1018383838956463e-16
True,20.0,0.3066597577157976,0.0209849103339228,1.0424597982970674,pv_2param,6.111919653127281e-17
True,20.0,1.2120182451929602,0.09624010877054981,1.000000000000003,pv_2param,7.143747211115411e-17
True,20.0,0.6465335976097766,0.025625003650020475,1.0000000000000053,pv_2param,4.358394393999473e-17
True,20.0,0.5164438114703868,0.13391687623375223,1.000000000000003,pv_2param,1.0767034233712134e-16
True,20.0,0.8374482792963924,0.07369452699658932,1.0392090401789003,pv_2param,1.5328835655896334e-16
True,20.0,0.7987756900182131,0.11901971560670116,1.0000000000000004,pv_2param,0.0
True,20.0,0.39723422141030557,0.046409036197717614,1.0009401588880582,pv_2param,1.0292606848944959e-16
True,20.0,1.2206913785714204,0.08527572321829054,1.0000000000000144,pv_2param,7.524069148303372e-17
True,20.0,0.9224664822507358,0.010674467861116832,1.0000000000000202,pv_2param,5.165083477200679e-17
True,20.0,1.173982301841774,0.11906142371619997,1.0000000000000056,pv_2param,5.464061528385711e-17
True,20.0,0.4441020207743398,0.1729809755322517,1.000000000000001,pv_2param,1.5286869664780618e-16
True,20.0,1.2425517011790976,0.07040036421122331,1.0000000000000113,pv_2param,3.4130464809952945e-17
False,,0.3234046169197775,0.16621939160813634,,none,8.482847127578469e-17
True,20.0,0.9900859123614802,0.08632235006254017,1.0000000000000047,pv_2param,8.231944150048556e-17
True,20.0,0.44957598845245506,0.020169774571741274,1.0000000000000044,pv_2param,0.0
True,20.0,0.5649313350406644,0.16876162047442067,1.043366849517497,pv_2param,0.0
True,20.0,0.8212343831226168,0.1562138831342558,1.000000000000006,pv_2param,1.5193493261659242e-16
True,20.0,1.3523790764038133,0.04438259928211841,1.000000000000011,pv_2param,4.924688595105688e-17
True,20.0,1.412661479263405,0.1117631627089612,1.0000000000000047,pv_2param,0.0
True,20.0,1.13669106196825,0.18566581107749694,1.000000000000007,pv_2param,5.486021161908386e-17
True,20.0,0.7444153390829844,0.16400973896144494,1.0000000000000058,pv_2param,9.340433829365589e-17
True,20.0,0.9889379810639884,0.0921102919027417,1.0000000000000033,pv_2param,0.0
True,20.0,0.5991015017362116,0.12097101694882989,1.000000000000004,pv_2param,5.3610974702089675e-17
True,20.0,1.2394460429238998,0.07126220226202266,1.000000000000009,pv_2param,0.0
True,20.0,1.260454891636106,0.1279271814886777,1.0000000000000078,pv_2param,4.5334152813555643e-17
True,20.0,1.0431762506157212,0.15643999323422297,1.0000000000000022,pv_2param,7.126981051244856e-17
True,20.0,1.4796073823553595,0.1555055670340142,1.0845718361397991,pv_2param,1.8500052525031831e-16
True,20.0,0.6598091260686738,0.1554246117440322,1.016318680128657,pv_2param,4.2121056111740234e-17
True,20.0,1.3880456235400145,0.057413053470639276,1.0000000000000058,pv_2param,0.0
True,20.0,1.0065892523562754,0.19116643681483417,1.0000000000000009,pv_2param,0.0
True,20.0,0.49440531429960255,0.1439652578091404,1.014544945520774,pv_2param,1.0998971334235057e-16
True,20.0,1.005357661397674,0.0030238108376720255,1.00000000000002,pv_2param,8.630870796645475e-17
True,20.0,1.4205364292499285,0.027411749055922655,1.000000000000015,pv_2param,9.999271574066042e-17
True,20.0,0.45192164878259333,0.04634579147612952,1.0268473381497907,pv_2param,0.0
True,20.0,0.9083705272984615,0.15728675162384714,1.1524682591287638,pv_2param,1.1042353731902183e-16
True,20.0,1.2119537970479877,0.18719381986060565,1.0405679798991339,pv_2param,1.1296383809256836e-16
True,20.0,0.8931538816615208,0.0356248790366245,1.0000000000000069,pv_2param,1.7262060295752483e-16
True,20.0,1.4439681777899154,0.07304057363884855,1.0000000000000038,pv_2param,5.413847536607678e-17
True,20.0,1.2224143042636166,0.1017694871998762,1.000000000000002,pv_2param,1.2199796434928116e-17
True,20.0,0.4916564738791979,0.009224692000490609,1.1206133567440737,pv_2param,5.224994297656074e-17
True,20.0,0.7876317300262394,0.08510478808654609,1.0000000000000107,pv_2param,8.917120852315404e-17
True,20.0,0.34400363681864377,0.14504308930691143,1.0770928105978794,pv_2param,8.026105794498238e-17
True,20.0,1.3319774627321717,0.06068218464325062,1.0000000000000155,pv_2param,1.317137245996064e-16
True,20.0,0.5236731335814009,0.09224059360308837,1.0346656553572147,pv_2param,9.263035193990958e-17
True,20.0,0.3852225812242662,0.07857579584592976,1.0753681814290943,pv_2param,1.3880652166997137e-16
True,20.0,1.2022122753468076,0.01126137432662746,1.0000000000000078,pv_2param,1.720602859782782e-16
True,20.0,0.46469551787558194,0.1345880571005674,1.009317379597197,pv_2param,9.764448619718257e-17
True,20.0,1.0863212153956494,0.09606171180673069,1.0597365135595287,pv_2param,4.123183663877438e-17
True,20.0,1.1652332686930513,0.1758670145796173,1.0002431522521698,pv_2param,2.920111095793736e-17
True,20.0,1.1299589629678388,0.0307676358782222,1.0000000000000007,pv_2param,0.0
True,20.0,1.0254530613012043,0.14810862533945862,1.0000000000000169,pv_2param,5.964569468717473e-17
True,20.0,0.3539279809992487,0.08573008278466071,1.0311397875735588,pv_2param,0.0
True,20.0,0.7099498720617995,0.18505320387893986,1.068289560838104,pv_2param,0.0
True,20.0,0.6470583410832369,0.07435059462060936,1.000730943619209,pv_2param,9.510589310265428e-18
True,20.0,0.7218854896421378,0.12693909433474254,1.023912644984666,pv_2param,0.0
True,20.0,1.2616809445110808,0.18057930865260516,1.000000000000003,pv_2param,1.4784510067970804e-16
True,20.0,0.6681819388698922,0.12993738321584994,1.0000000000000024,pv_2param,9.525254500651471e-17
True,20.0,1.0638698011630796,0.037308138254155666,1.000000000000001,pv_2param,1.1320482955572822e-16
True,20.0,1.2847971900273971,0.1862595646936534,1.000000000000014,pv_2param,8.142983816697053e-17
True,20.0,0.7880045684102177,0.16045329208261774,1.000000000000004,pv_2param,0.0
True,20.0,1.3962038893287494,0.015519376348014991,1.0000000000000493,pv_2param,8.077601760382978e-17
True,20.0,0.6224960990254748,0.1456072130432697,1.000000000000002,pv_2param,5.626637145444775e-17
True,20.0,0.8247427224954891,0.007898129601637183,1.0000000000000067,pv_2param,6.94466273779465e-17
True,20.0,0.6451932256591382,0.10253471307329765,1.0007004460600448,pv_2param,2.0617743897110107e-16
True,20.0,1.018517193793621,0.012863568157163364,1.000000000000005,pv_2param,7.326539649041955e-18
True,20.0,1.1143599494254723,0.012178159790599042,1.0000000000000073,pv_2param,5.130284571561067e-17
True,20.0,1.1064622112175329,0.02740545581451015,1.0000000000000198,pv_2param,0.0
True,20.0,1.0844501291367568,0.11553336420561505,1.0612679110540795,pv_2param,9.115493760819851e-17
True,20.0,0.7406823415988035,0.02021037803415453,1.1069495672385516,pv_2param,6.283277040543935e-17
True,20.0,0.4401933461049726,0.03106916670008868,1.0000000000000073,pv_2param,1.612290630085116e-16
True,20.0,1.1847492194228832,0.02932010539769743,1.102912535872569,pv_2param,0.0
True,20.0,1.1098614254439119,0.17137710102976964,1.0938907883338063,pv_2param,5.837113652380427e-17
True,20.0,0.720961089919836,0.18079257165515827,1.063146633794981,pv_2param,4.8952735115728927e-17
True,20.0,1.4893573991556075,0.07457992491957642,1.0000000000000215,pv_2param,6.131234329509977e-17
True,20.0,0.9657315480218212,0.03329837080909801,1.0000000000000029,pv_2param,7.426699185879257e-17
True,20.0,0.5311396255806509,0.0002677301968268653,1.0212955686917955,pv_2param,6.973503184923136e-17
True,20.0,1.0694495068918728,0.002680675403375621,1.0000000000000049,pv_2param,0.0
True,20.0,1.1016573067544992,0.03203015340860489,1.0000000000000007,pv_2param,1.2180274381877879e-16
True,20.0,0.8869544457337213,0.16416898670331012,1.0000000000000013,pv_2param,6.998057217301258e-17
True,20.0,0.8659108607553547,0.036396561001966865,1.1609005869438487,pv_2param,0.0
True,20.0,0.4627274760233812,0.08054636448455517,1.0101767405294388,pv_2param,0.0
True,20.0,0.9634589926557589,0.1597253503329832,1.0000000000000033,pv_2param,2.4963413700754413e-17
True,20.0,0.4027241125315775,0.16502841162439413,1.0699378861225004,pv_2param,0.0
True,20.0,1.0443316751712761,0.07523912390243537,1.0000000000000018,pv_2param,4.6645345845107585e-17
True,20.0,1.136557745785858,0.18490844353790292,1.0110147591888807,pv_2param,6.987860337781803e-17
True,20.0,0.7261497625370037,0.1587152865849235,1.0000000000000082,pv_2param,1.5487222732964513e-16
True,20.0,1.184326614392736,0.010206070644578104,1.0000000000000029,pv_2param,1.6087035631963147e-16
True,20.0,1.1985549476352795,0.15774651783206184,1.0000000000000095,pv_2param,0.0
True,20.0,0.9179243752418409,0.0125446406956103,1.0000000000000155,pv_2param,9.335061509635013e-17
True,20.0,1.4299765524031864,0.05240100512363393,1.0000000000000047,pv_2param,6.555038288157872e-17
True,20.0,0.7709013384919854,0.11854769268428765,1.08508006486445,pv_2param,0.0
True,20.0,1.0784105748005772,0.11538023290512825,1.00000000000001,pv_2param,1.0634993177088174e-16
True,20.0,0.9087917224202526,0.103672135904683,1.0000000000000022,pv_2param,4.786456598087171e-17
True,20.0,0.974641428260234,0.11572673593214144,1.0000000000000069,pv_2param,0.0
True,20.0,1.4478055225616595,0.04308726612897858,1.0000000000000089,pv_2param,4.296818320293151e-17
True,20.0,1.0284061850221011,0.050723326477324915,1.0000000000000053,pv_2param,3.634525808087101e-17
True,20.0,0.6463626697269897,0.13383742319418157,1.0569705366188529,pv_2param,0.0
True,20.0,0.845973543410719,0.05381557196242251,1.0000000000000189,pv_2param,8.235619754711276e-17
True,20.0,1.497263428308872,0.09872273086495889,1.0000000000000078,pv_2param,1.2876785358307507e-16
True,20.0,0.6814231465585747,0.07925647341840264,1.0000000000000062,pv_2param,7.459129705759716e-17
True,20.0,1.3783402930028168,0.054005577018152034,1.0000000000000033,pv_2param,0.0
True,20.0,1.3038710544667802,0.03078737705159771,1.0000000000000018,pv_2param,5.430586635841478e-17
True,20.0,1.2998281385502366,0.08384122064522495,1.0000000000000058,pv_2param,0.0
True,20.0,0.8425216204505581,0.18272888273469404,1.0389289859169304,pv_2param,1.1313019611053372e-16
True,20.0,0.9257656970990633,0.17404764084322039,1.0000000000000013,pv_2param,0.0
True,20.0,0.9925882085138933,0.15116918550784172,1.0000000000000053,pv_2param,6.447240617108064e-17
True,20.0,1.4139807157492057,0.16090853117853615,1.0000000000000078,pv_2param,4.9687195483855613e-17
True,20.0,1.4659256986779228,0.16251636961927363,1.0000000000000109,pv_2param,0.0
True,20.0,1.0641251188482392,0.17557673929343814,1.0126990681416363,pv_2param,1.0459680329245732e-16
True,20.0,1.1216781989333175,0.06659534343907818,1.0000000000000058,pv_2param,6.260556106870338e-17
True,20.0,1.3221152282227027,0.049686457861520886,1.0007622725958956,pv_2param,7.72444475707303e-17
True,20.0,0.9669745408910029,0.12189341152240661,1.0000000000000078,pv_2param,8.351234069989181e-17
True,20.0,1.1169258662902686,0.04989353501983771,1.0000000000000158,pv_2param,0.0
True,20.0,1.3192448324701123,0.1681588845373739,1.0000000000000024,pv_2param,5.66957181826356e-17
True,20.0,0.6065153182309999,0.0976321264668907,1.038129164952362,pv_2param,2.028687916882091e-16
True,20.0,1.412971138658058,0.1135857030910129,1.0000000000000044,pv_2param,0.0
True,20.0,0.6831849699432346,0.15965744126338294,1.0000000000000038,pv_2param,9.05732263605848e-17
True,20.0,1.1899767252289968,0.18105783013286222,1.0000000000000084,pv_2param,5.346859500682113e-17
True,20.0,1.0891211544480761,0.013684409003294108,1.0000000000000273,pv_2param,4.899854892349947e-17
True,20.0,0.806756401820498,0.06836768771842372,1.1383489509903557,pv_2param,1.7682325376307548e-16
True,20.0,0.46042981911814274,0.07767940892684644,1.037705645745402,pv_2param,1.7437782050807855e-16
True,20.0,1.1438153800514317,0.062407304208653105,1.000000000000005,pv_2param,6.615767177698197e-17
True,20.0,0.3134194808625916,0.1987251594353271,1.0004290764884798,pv_2param,1.007640167931759e-16
True,20.0,0.9386747414603425,0.17363099149685016,1.026697573126314,pv_2param,1.1799478649109662e-16
True,20.0,1.1714721257848162,0.024002888270876155,1.0000000000000089,pv_2param,0.0
True,20.0,0.7804255604086134,0.030336272283512412,1.0000000000000089,pv_2param,0.0
True,20.0,1.0874494886238104,0.02564527669510417,1.0000000000000007,pv_2param,0.0
True,20.0,0.663280381606776,0.030870625406243815,1.016821950545523,pv_2param,1.8906292199104349e-16
True,20.0,0.5162946397369428,0.09605358930286592,1.0139956999102875,pv_2param,8.87783331957809e-17
True,20.0,0.5499281860197416,0.0952060657927357,1.0000000000000056,pv_2param,0.0
True,20.0,1.0434308214428647,0.1029608025343002,1.0195026170301063,pv_2param,6.860529269248645e-17
True,20.0,1.0823023064918345,0.1582302688156749,1.0000000000000042,pv_2param,0.0
True,20.0,0.9763668450654059,0.048042999087953356,1.0000000000000024,pv_2param,7.263041292751568e-17
True,20.0,1.2057209299031904,0.1211597568071971,1.0415669303747273,pv_2param,2.189383292056429e-17
True,20.0,0.7413083420328236,0.15419014403285833,1.0000000000000002,pv_2param,8.857219531180458e-17
True,20.0,1.14237325970542,0.056820121186664775,1.0000000000000078,pv_2param,1.4981626140136216e-16
True,20.0,1.2987392624848393,0.14002392013422246,1.0000000000000027,pv_2param,8.745840834582053e-17
True,20.0,0.47870929583393673,0.13320352503456875,1.0605512289225119,pv_2param,2.5707771056285733e-16
True,20.0,0.7465454612588946,0.18484696482733579,1.0049374425861421,pv_2param,1.1318038980743075e-16
True,20.0,0.5016530597896495,0.16570766601381315,1.0000000000000044,pv_2param,4.579890361896744e-17
True,20.0,1.1694014701400561,0.1028986819827274,1.000000000000013,pv_2param,2.286696990872512e-17
True,20.0,0.6828790331226205,0.009652496415251477,1.0000000000000135,pv_2param,0.0
True,20.0,0.7462884890891752,0.007736481944653173,1.0000000000000036,pv_2param,7.457324701766079e-17
True,20.0,0.9864183953726988,0.17354430732511394,1.0000000000000007,pv_2param,0.0
True,20.0,0.9151001893369617,0.04176791742539925,1.0224898414666415,pv_2param,5.300646955286277e-17
True,20.0,0.9658057265930433,0.14447921513271225,1.0000000000000133,pv_2param,1.220406693979402e-16
True,20.0,0.5613257106015161,0.10028122351252984,1.000000000000005,pv_2param,0.0
True,20.0,0.4862452194321717,0.09527511211469829,1.000000000000008,pv_2param,4.455233934460002e-17
True,20.0,1.4310667179544194,0.12201072376812616,1.0000000000000127,pv_2param,9.168421562284784e-17
True,20.0,0.763144713940395,0.0028818631715164414,1.0000000000000082,pv_2param,1.0297143086681725e-16
True,20.0,1.4121680685045135,0.03949237514946718,1.000000000000007,pv_2param,0.0
True,20.0,0.9014636488493954,0.17558981963221293,1.000000000000002,pv_2param,6.158868403570932e-17
True,20.0,1.4521682939065768,0.03843984387055921,1.0000000000000249,pv_2param,1.0282356521711274e-16
True,20.0,0.6343426767128432,0.11962748725789228,1.0400470103779722,pv_2param,5.905612357086104e-17
True,20.0,1.3245398041042074,0.09164262673442834,1.000000000000013,pv_2param,0.0
True,20.0,1.0286414551941152,0.163956394367903,1.0000000000000184,pv_2param,0.0
True,20.0,0.6708637841135004,0.06713682097600522,1.0000000000000115,pv_2param,3.7786249926320167e-17
True,20.0,0.7749055814220869,0.04690469179740238,1.0000000000000022,pv_2param,6.912425037142865e-17
True,20.0,1.0591997679246643,0.16564781224470718,1.000000000000002,pv_2param,5.505873774930818e-17
True,20.0,1.1091037008983042,0.05177931231754658,1.0000000000000122,pv_2param,7.220249547651831e-17
True,20.0,1.1915832311981294,0.17017999585143237,1.0143441311000327,pv_2param,1.764929433869031e-16
True,20.0,1.191597495193397,0.05907856212431009,1.0000000000000024,pv_2param,6.305012807874276e-17
True,20.0,1.1429595974681226,0.1937745981269392,1.0000000000000027,pv_2param,1.5140588277062692e-16
True,20.0,0.37911250745182495,0.04853945626710541,1.0452548063807123,pv_2param,8.592928905250543e-17
True,20.0,1.0553386651812686,0.13916006397043923,1.0270913597654374,pv_2param,6.604183214817135e-17
True,20.0,0.8098386051996469,0.12096361243359453,1.0000000000000067,pv_2param,5.380977288987303e-17
True,20.0,0.7814735082571922,0.1956540307650927,1.0000000000000016,pv_2param,0.0
True,20.0,0.6948401088384255,0.0726425119587714,1.0000000000000144,pv_2param,6.321007063311607e-17
True,20.0,1.464816309904131,0.17839767567321665,1.000000000000003,pv_2param,0.0
True,20.0,0.48972119239615,0.07475986763399141,1.0000000000000124,pv_2param,0.0
True,20.0,1.0462565996466429,0.1082956995396348,1.0000000000000033,pv_2param,9.329993742069338e-17
True,20.0,0.5764864867500292,0.026439012251768104,1.0001381306316401,pv_2param,9.742696049223236e-17
True,20.0,1.0295857560203812,0.08710102101415962,1.000000000000007,pv_2param,4.793267761715642e-17
True,20.0,0.6156163254532263,0.004960705092525598,1.018472268057279,pv_2param,1.1722604483943349e-17
True,20.0,1.0304810138825315,0.01887082308026713,1.0000000000000018,pv_2param,1.1874252117883624e-16
True,20.0,1.1849562820386264,0.09196537019074223,1.0000000000000082,pv_2param,1.7437629371508924e-16
True,20.0,0.30661272761525354,0.0425237569389573,1.0000000000000027,pv_2param,0.0
True,20.0,0.873794765740427,0.009036102936107659,1.000000000000019,pv_2param,1.2397927762801766e-16
True,20.0,0.4686581308577936,0.14014276204178264,1.020641841236134,pv_2param,4.3831660713862375e-17
True,20.0,1.0827157065563495,0.16234521791492135,1.0085599007767823,pv_2param,1.2639766634661704e-16
True,20.0,1.4504066353106313,0.13704105467655858,1.0000000000000044,pv_2param,8.872148934542439e-17
True,20.0,0.9752878930136761,0.05240263586583574,1.0000000000000004,pv_2param,0.0
True,20.0,1.4723993395899715,0.1314214120289991,1.0000000000000029,pv_2param,4.258851985818374e-17
True,20.0,0.6106257943650522,0.11556770710201719,1.04180322872784,pv_2param,6.002374797273789e-17
True,20.0,0.7042711372386589,0.09802751667761656,1.0689245703707515,pv_2param,7.04184082947424e-17
True,20.0,1.2371989485789692,0.058969785400532174,1.0000000000000009,pv_2param,1.4614709824764048e-16
True,20.0,0.694515411006303,0.08308208505018387,1.0000000000000007,pv_2param,5.167078081982209e-17
True,20.0,0.6868167639840466,0.17426308079386815,1.0000000000000053,pv_2param,6.171711196895353e-17
True,20.0,1.2388897776731025,0.01880430007871281,1.0023458161155736,pv_2param,9.241554569643327e-17
True,20.0,1.4324709048260977,0.032148199646802246,1.0000000000000007,pv_2param,9.579798195255346e-17
True,20.0,0.7616416834802603,0.0861014288119129,1.1086681827964484,pv_2param,0.0
True,20.0,0.4716626728800337,0.11421159027586592,1.033852718562625,pv_2param,4.0174418918983535e-17
True,20.0,1.167069666249631,0.13158600005450966,1.0000000000000018,pv_2param,1.459714197943363e-16
True,20.0,0.8791369626337355,0.04674600121019608,1.0000000000000089,pv_2param,7.802484711601869e-17
True,20.0,0.4513949192503167,0.13214588099579028,1.0083220503909935,pv_2param,6.171148228879313e-17
True,20.0,1.1117710982556301,0.09941659671741226,1.0000000000000062,pv_2param,5.4982996897397054e-17
True,20.0,0.5207890767879552,0.03961940277897391,1.0000000000000002,pv_2param,0.0
True,20.0,0.9846029379097545,0.11511253122673715,1.0000000000000004,pv_2param,1.0618560025917455e-16
True,20.0,1.3663585696011054,0.057218788003329385,1.0000000000000042,pv_2param,0.0
True,20.0,1.394298999234421,0.06340563616525632,1.0000000000000078,pv_2param,0.0
True,20.0,0.34009781464376226,0.01789021556004764,1.0000000000000082,pv_2param,0.0
True,20.0,0.8679557110012692,0.0924113716657977,1.0000000000000053,pv_2param,1.1170891244009836e-16
True,20.0,0.5337511966196063,0.027486237191077345,1.0000000000000033,pv_2param,0.0
True,20.0,1.12967711555315,0.16840500219231855,1.0000000000000038,pv_2param,7.283281033455646e-17
True,20.0,1.3665076757545254,0.11801738463800078,1.0000000000000084,pv_2param,4.4214008396081617e-17
True,20.0,1.013119963725673,0.06528014977574606,1.0000000000000082,pv_2param,0.0
True,20.0,1.4161743888806413,0.13069404111273444,1.0000000000000027,pv_2param,4.598013030189519e-17
True,20.0,1.11073172061745,0.10503928090854227,1.0252493762666792,pv_2param,7.486586235979328e-17
True,20.0,1.4496994070827005,0.17788594398035149,1.0000000000000027,pv_2param,5.195999311373345e-17
True,20.0,1.3435363848099013,0.053443989767048034,1.0043647586722164,pv_2param,7.782443562180679e-17
True,20.0,1.0715977905521463,0.0626709376975421,1.0000000000000153,pv_2param,8.10269331890216e-17
True,20.0,0.7415463827548093,0.02016287355004518,1.0000000000000036,pv_2param,0.0
True,20.0,0.3705325317778598,0.13226461304712353,1.000000000000001,pv_2param,7.904931317762908e-17
True,20.0,0.328622954449652,0.18647458782027704,1.0040328722345555,pv_2param,6.364871247165838e-17
True,20.0,1.2511730803640149,0.18542278153506497,1.0000000000000175,pv_2param,5.3391415236917007e-17
True,20.0,0.5245423445600887,0.15556973443867522,1.0000000000000022,pv_2param,5.30684447654164e-17
True,20.0,0.4684534468641288,0.09290436954630928,1.0000000000000018,pv_2param,1.0359813795567509e-16
True,20.0,1.2808577876655816,0.0574005714046768,1.000000000000002,pv_2param,6.096498150497426e-17
True,20.0,1.1775695860337079,0.1634967953509447,1.000000000000002,pv_2param,0.0
True,20.0,1.0301876929327995,0.19495370310597157,1.015710939173123,pv_2param,7.311073821507925e-17
True,20.0,0.8619131361295911,0.1433650482590868,1.0411630854221254,pv_2param,7.012470035601497e-17
True,20.0,1.254787232655588,0.18879077595512253,1.0000000000000029,pv_2param,4.7394349416500133e-17
True,20.0,0.5838950898239813,0.13622304312142922,1.0317271334399667,pv_2param,1.6093911644503763e-17
True,20.0,1.2442588707777926,0.15128703202867166,1.0000000000000013,pv_2param,5.747668818260519e-17
True,20.0,0.7981355417485003,0.07589510482351897,1.0000000000000042,pv_2param,0.0
True,20.0,1.0987994639769922,0.051015741701143785,1.0000000000000118,pv_2param,6.848237980165882e-17
True,20.0,0.5495117494686861,0.17456360295063142,1.000000000000003,pv_2param,7.484509634318079e-17
True,20.0,0.7369071530755757,0.16165607077536795,1.0300105544564857,pv_2param,5.846263139995114e-17
True,20.0,0.8277791147569109,0.0500602276551883,1.0019408645450225,pv_2param,7.788994871133641e-17
True,20.0,0.7852246351286336,0.1694582224505892,1.000099897657337,pv_2param,7.670825463921179e-17
True,20.0,0.3266697063947353,0.08400803699931954,1.0000000000000009,pv_2param,1.5590521585910945e-17
True,20.0,0.8143109581352492,0.09939872772704357,1.0000000000000069,pv_2param,4.590653614386692e-17
True,20.0,0.386113173626607,0.19421146848033705,1.0000000000000013,pv_2param,8.910696191783121e-17
True,20.0,0.9769689483882518,0.0015338341133007028,1.0748812976181457,pv_2param,5.480371941201852e-17
True,20.0,0.8182279745437266,0.06535470446599907,1.0000000000000027,pv_2param,6.154714504032044e-17
True,20.0,1.3938241017882813,0.16388503020956346,1.000000000000006,pv_2param,0.0
True,20.0,1.1160913474944973,0.1803687707292729,1.0000000000000004,pv_2param,0.0
True,20.0,1.1669317188457353,0.05676842491753762,1.0000000000000027,pv_2param,0.0
True,20.0,0.6797819218009955,0.06734013875146715,1.0000000000000013,pv_2param,1.5964098327199497e-16
True,20.0,1.1371289560910307,0.0067249659207008206,1.0000000000000067,pv_2param,4.404828182624587e-17
True,20.0,0.5286344390326476,0.1936831042199375,1.0000000000000016,pv_2param,9.768976144591353e-18
True,20.0,0.37350185426822363,0.05736947123960785,1.0000000000000104,pv_2param,0.0
True,20.0,1.4109102673508043,0.1935685157566961,1.0000000000000073,pv_2param,8.996139294146478e-17
True,20.0,1.413847803353952,0.07999689469458626,1.0000000000000135,pv_2param,6.686218516691294e-17
True,20.0,1.036748561067887,0.08841284480581667,1.008764632722864,pv_2param,8.227517864345775e-17
True,20.0,1.3622421641898783,0.006626061245120641,1.0000000000000135,pv_2param,1.2996005210988145e-16
True,20.0,0.8584591912008812,0.12675283788190153,1.0000000000000042,pv_2param,3.7056406574566976e-17
True,20.0,0.7353198771222356,0.1905391300367706,1.0052327832548256,pv_2param,9.766353563743143e-17
True,20.0,0.46944988235612517,0.19071584390987636,1.0000000000000002,pv_2param,0.0
True,20.0,0.6972832099755226,0.06178708849121553,1.0000000000000127,pv_2param,5.267206307611645e-17
True,20.0,1.1977580882503716,0.0433198457915118,1.0000000000000133,pv_2param,5.729529211856946e-17
True,20.0,0.32489921892146595,0.1584697594042767,1.000552714322981,pv_2param,1.2205867616536853e-16
True,20.0,0.9096125138018685,0.11962407016912924,1.0000000000000064,pv_2param,6.127791830425185e-17
True,20.0,1.0951888512615515,0.04569660822421917,1.000000000000001,pv_2param,5.801516469879858e-17
True,20.0,0.9156079792158704,0.1917414825417557,1.0000000000000107,pv_2param,1.4895547380895627e-16
True,20.0,0.41879973655590047,0.18109370038964154,1.0136014597821301,pv_2param,7.966105594583307e-17
True,20.0,1.0508311133852548,0.07027363169057672,1.1115611462135728,pv_2param,4.8756095998672986e-17
True,20.0,0.979756457517674,0.11399844569152438,1.0020711051977922,pv_2param,1.4816373208624595e-16
True,20.0,0.4561220929041613,0.1834467833289778,1.0729097927307152,pv_2param,1.2818269044282638e-16
True,20.0,0.4980759510092345,0.08305963145708516,1.0664054803057674,pv_2param,1.1357317268365435e-16
True,20.0,1.344509372745874,0.06076494663363028,1.0000000000000056,pv_2param,6.963249932005278e-17
True,20.0,0.9624050108721862,0.18883269949656778,1.0550546106842484,pv_2param,1.7276267330779232e-16
True,20.0,1.486549447432501,0.02617032882994961,1.0071099554310963,pv_2param,9.559350554834259e-17
True,20.0,0.8287139985378462,0.15319180038173963,1.000000000000004,pv_2param,8.537822895216559e-17
True,20.0,0.36756244126764737,0.05232898486695075,1.037434558672683,pv_2param,3.452563574347617e-17
True,20.0,0.6436913147768006,0.11707046565594614,1.000000000000001,pv_2param,8.237168521472672e-17
True,20.0,0.48475390813978825,0.09110426428378766,1.0000000000000024,pv_2param,9.129846225484956e-17
True,20.0,1.0662220314281825,0.02465228641737116,1.0000000000000062,pv_2param,5.856933504339832e-17
True,20.0,0.7507728423501319,0.07546430137271432,1.0000000000000078,pv_2param,6.46464001041991e-17
True,20.0,0.4376423817339983,0.0676542064395177,1.0444008677637853,pv_2param,1.0219955032866191e-16
True,20.0,0.45605375109115054,0.10930713304995086,1.0163240441545087,pv_2param,0.0
True,20.0,1.4653940883310392,0.11374825022378728,1.0000000000000029,pv_2param,7.649358151381838e-17
True,20.0,1.151503862140633,0.14810528285671568,1.0000000000000027,pv_2param,4.638952356306361e-17
True,20.0,1.0882078541651432,0.17010924210231407,1.0000000000000022,pv_2param,0.0
True,20.0,1.2194051411330233,0.1629213893824772,1.0000000000000104,pv_2param,5.3899953183430564e-17
True,20.0,1.1764353569586374,0.08347235025236924,1.0000000000000069,pv_2param,0.0
True,20.0,1.2769993793544765,0.008152963597641815,1.0000000000000018,pv_2param,4.893009208751216e-17
True,20.0,0.9916432201801879,0.16847998542577206,1.000000000000003,pv_2param,5.096975193517179e-17
True,20.0,1.1287875775503506,0.11294636767096762,1.0000000000000027,pv_2param,0.0
True,20.0,0.8885791831151124,0.09555711773527287,1.0229674576949475,pv_2param,9.719609031966925e-17
True,20.0,1.307740343637948,0.09511268593422546,1.0000000000000238,pv_2param,0.0
True,20.0,1.0985688102226487,0.08608042274826969,1.0782604479688649,pv_2param,5.869808029196465e-17
True,20.0,1.2792606024139608,0.05004812001479451,1.0000000000000278,pv_2param,5.540184552028634e-17
True,20.0,1.4380343918032357,0.1984090241725489,1.0000000000000053,pv_2param,0.0
True,20.0,0.4041022352134869,0.015358372541393207,1.0000000000000027,pv_2param,7.844428039204956e-17
True,20.0,0.6612079867704099,0.0036835567471400934,1.0000000000000215,pv_2param,0.0
True,20.0,0.864297341073345,0.04941989724232936,1.0000000000000142,pv_2param,0.0
True,20.0,0.890424726458982,0.09625803238428594,1.0000000000000073,pv_2param,0.0
True,20.0,1.0495186437203423,0.10376565274963537,1.0000000000000016,pv_2param,1.2209291135127947e-17
True,20.0,0.5277202225941675,0.015793778491036338,1.0000000000000038,pv_2param,6.764038615181199e-17
True,20.0,1.3936782165477002,0.005988583304285178,1.0000000000000084,pv_2param,0.0
True,20.0,0.987422715135631,0.11834003401111418,1.000000000000012,pv_2param,1.1596724586156742e-16
True,20.0,1.4765421859207142,0.12244039819998653,1.0000000000000036,pv_2param,0.0
True,20.0,1.045840193685426,0.09232759393473909,1.0000000000000013,pv_2param,0.0
True,20.0,1.4857119065259774,0.0906121048702051,1.000000000000008,pv_2param,0.0
True,20.0,0.7093304024211522,0.0192255150987932,1.1054419769802064,pv_2param,7.589546605837564e-17
True,20.0,0.6011957838986233,0.11310926998721144,1.0000000000000029,pv_2param,3.7790470168133624e-17
True,20.0,0.5901666818714936,0.04963574490999703,1.0150611172923534,pv_2param,4.4415814604946844e-17
True,20.0,1.0592446103238777,0.1941991899381991,1.0000000000000022,pv_2param,0.0
True,20.0,0.3578152378343711,0.047325507395989445,1.0000000000000016,pv_2param,0.0
True,20.0,1.164467832097125,0.1642495286602477,1.0000000000000075,pv_2param,0.0
True,20.0,0.6581661854411485,0.15694798964712747,1.000000000000004,pv_2param,1.0871599957377956e-16
True,20.0,0.9995465472295062,0.009226352289352535,1.0000000000000042,pv_2param,1.1683828955897952e-16
True,20.0,0.8346343951524169,0.0007871183388383108,1.0176693764186582,pv_2param,3.324583449266925e-17
True,20.0,0.6628744343341741,0.16267692868143652,1.0000000000000016,pv_2param,0.0
True,20.0,0.8478369181192256,0.07283053905068144,1.0580263777136165,pv_2param,8.539943618952218e-17
True,20.0,0.8955604253959988,0.03982400667557789,1.000000000000009,pv_2param,9.048212222836385e-17
True,20.0,0.9018462694626281,0.1631158507940943,1.0000000000000073,pv_2param,7.527033690398538e-17
True,20.0,0.8838390017188522,0.1503135197170175,1.05721796167697,pv_2param,7.913805515204818e-17
True,20.0,0.44384182925578775,0.09406982040098764,1.000000000000002,pv_2param,9.661013119449149e-17
True,20.0,1.2521803286944702,0.06915676256705164,1.0000000000000115,pv_2param,7.027953979207042e-17
True,20.0,0.8985006128842954,0.031935114802926566,1.000000000000015,pv_2param,6.580022674992742e-17
True,20.0,0.9117882664337589,0.03788943435191681,1.0000000000000038,pv_2param,0.0
True,20.0,1.0020639753313896,0.014944321201293898,1.0000000000000049,pv_2param,8.785417671337718e-17
True,20.0,1.0949167544622362,0.09851318968888534,1.0000000000000007,pv_2param,1.077036010840238e-16
True,20.0,1.138273883420698,0.02437859194494212,1.00000000000002,pv_2param,4.772964768739936e-17
False,,0.310203427022731,0.13915011534248065,,none,2.8142231541046427e-16
True,20.0,1.2669317832227074,0.011124321661082194,1.0000000000000064,pv_2param,9.233911227731517e-17
True,20.0,1.0983785428963107,0.033510378802709,1.0000000000000007,pv_2param,0.0
True,20.0,1.00522531072673,0.013065575685330533,1.0000000000000024,pv_2param,5.574911270021693e-17
True,20.0,0.857040648864777,0.0042422564708030075,1.0000000000000013,pv_2param,5.303214064120946e-17
True,20.0,0.8550790408744862,0.09989602226588108,1.0000000000000013,pv_2param,4.98230505045395e-17
True,20.0,0.5755569313459978,0.10857039264595186,1.000000000000002,pv_2param,1.93175640260425e-16
True,20.0,0.914369192417839,0.08386693871801605,1.0000485718322583,pv_2param,9.40878587400053e-17
True,20.0,1.220323310870215,0.04711344443690249,1.0000000000000167,pv_2param,5.588607892672983e-17
True,20.0,1.3537812095608164,0.0794026502812464,1.0000000000000036,pv_2param,6.856413131952414e-17
True,20.0,0.8472000047690305,0.038265167553059046,1.000000000000003,pv_2param,0.0
True,20.0,1.083032218465171,0.0018337751606533504,1.0000000000000075,pv_2param,1.769546346314517e-16
True,20.0,0.9797752042961156,0.015020888293213842,1.0000000000000093,pv_2param,1.4621953538657598e-16
True,20.0,1.3943659069900582,0.1043835499168489,1.0000000000000078,pv_2param,7.45091837609719e-17
True,20.0,0.991937862447192,0.00967977575927117,1.0000000000000042,pv_2param,1.020992165444687e-16
True,20.0,0.3373940051028502,0.1449871776728282,1.0000000000000022,pv_2param,3.667546037643247e-17
True,20.0,0.6830610098570082,0.050849426867911766,1.0000000000000135,pv_2param,1.2425269890806885e-16
True,20.0,1.2000221204316526,0.01619012462288947,1.0000000000000038,pv_2param,4.272395633070476e-17
True,20.0,1.1180755134349558,0.154508881664465,1.0001781809394952,pv_2param,2.389159206554715e-16
True,20.0,1.1145818011385247,0.11367591370410042,1.000000000000001,pv_2param,0.0
True,20.0,1.258069139114708,0.03203955302271675,1.0000000000000027,pv_2param,0.0
True,20.0,0.9831008774792185,0.1638977096821492,1.000000000000001,pv_2param,1.2226586780697087e-16
True,20.0,0.8891062142852044,0.04103783603601006,1.0000000000000064,pv_2param,3.896341796129918e-17
True,20.0,0.4016512003414761,0.029292340519884164,1.0000000000000033,pv_2param,9.899353968755364e-17
True,20.0,0.8963517955834106,0.11722345383539363,1.000000000000004,pv_2param,1.1810521812629818e-16
True,20.0,1.3790875193407368,0.09006302210779063,1.0000000000000262,pv_2param,7.154794138975169e-17
True,20.0,1.03695748337617,0.0786810021188247,1.000000000000005,pv_2param,4.2670869636398215e-17
True,20.0,0.30323623833414404,0.13067046649071754,1.0413115606217618,pv_2param,0.0
True,20.0,0.4696099234751364,0.15676329852153614,1.0000000000000016,pv_2param,0.0
True,20.0,0.9812111057594726,0.09730385275679143,1.0000000000000016,pv_2param,0.0
True,20.0,0.5590135520222026,0.1215104829704829,1.0000000000000062,pv_2param,9.021833035004853e-17
True,20.0,0.8275275890906644,0.02882007520295935,1.0000000000000009,pv_2param,4.8668630027941587e-17
True,20.0,1.0516446403877542,0.023522894640516934,1.0000000000000187,pv_2param,6.076112349244474e-17
True,20.0,0.43513444972141235,0.04878246765476291,1.000000000000001,pv_2param,1.4072053845071712e-16
True,20.0,1.386727432390009,0.07299005070433033,1.0000000000000062,pv_2param,0.0
True,20.0,1.0979901908383187,0.09780096660076527,1.0000000000000107,pv_2param,0.0
True,20.0,1.360409666961529,0.102753849784726,1.0000000000000193,pv_2param,7.773504001886879e-17
True,20.0,1.1029697872887627,0.06613853072565803,1.0000000000000115,pv_2param,7.912468234037185e-17
True,20.0,0.9026979102637187,0.05371737812234274,1.0577858435736458,pv_2param,1.182023181718653e-16
True,20.0,1.2473589469516249,0.1722739708715486,1.0000000000000024,pv_2param,0.0
True,20.0,0.7327400101022437,0.1596616305436237,1.065950285367833,pv_2param,0.0
True,20.0,1.2714919016036317,0.04037756881283616,1.0000000000000089,pv_2param,0.0
True,20.0,0.8377028216736189,0.17685605688164335,1.0000000000000047,pv_2param,0.0
True,20.0,1.3552791910680477,0.10506091097393273,1.000000000000002,pv_2param,1.0952155685991818e-16
True,20.0,0.6064385583443627,0.18441014289223248,1.0467661246639988,pv_2param,4.644907708735291e-17
True,20.0,0.30486009128114394,0.1810177289016527,1.0000000000000018,pv_2param,0.0
True,20.0,0.7155976853772681,0.07300093190784222,1.0006197531175838,pv_2param,4.248114210741997e-17
True,20.0,1.076546429423926,0.08886626878910837,1.0000000000000064,pv_2param,2.5708885828715804e-17
True,20.0,0.6612537310367977,0.07121447247292559,1.0000000000000075,pv_2param,9.917528459048752e-17
True,20.0,0.5825729504274879,0.009675626395689552,1.0000000000000158,pv_2param,0.0
True,20.0,1.0422966405917107,0.13323046518595483,1.000000000000001,pv_2param,0.0
True,20.0,1.0092820105895914,0.09380396866662791,1.0000000000000004,pv_2param,9.568775086038239e-17
True,20.0,1.0405757950851546,0.017342366407294207,1.0000000000000089,pv_2param,2.6359686659762127e-17
True,20.0,0.6301721226857869,0.043158791275599344,1.0000000000000062,pv_2param,1.410762042546314e-16
True,20.0,0.4837991099967457,0.1465213150409956,1.000000000000004,pv_2param,0.0
True,20.0,0.4085582834424546,0.19158073563389305,1.0000000000000002,pv_2param,8.264002296051139e-17
True,20.0,0.6824560826796702,0.11867252988540378,1.0000000000000016,pv_2param,0.0
True,20.0,0.9044600334271249,0.10690985366511051,1.0000000000000064,pv_2param,5.811182022282932e-17
True,20.0,0.3379524007175983,0.1421848312776168,1.0783670327920447,pv_2param,0.0
True,20.0,1.1772690243900992,0.06829034074535188,1.0000000000000082,pv_2param,1.0505999238043133e-16
True,20.0,0.33505794498230307,0.1667345738975669,1.000000000000003,pv_2param,1.0906876147733347e-16
True,20.0,0.7055760120397169,0.18539815492908096,1.0000000000000064,pv_2param,0.0
True,20.0,0.41573237722201906,0.1953360883422712,1.0072605770324734,pv_2param,2.1433242493078404e-17
True,20.0,1.169830945129775,0.02036876401079195,1.0000000000000038,pv_2param,0.0
True,20.0,0.6975695928040664,0.1519116808040744,1.000000000000001,pv_2param,1.3766421896915735e-16
True,20.0,0.560436720620823,0.12099205927836665,1.000000000000002,pv_2param,0.0
True,20.0,1.2084850402798224,0.16651923537694946,1.0000000000000067,pv_2param,1.4384584303329962e-16
True,20.0,1.4678166418402443,0.08108636605631946,1.0000000000000009,pv_2param,0.0
True,20.0,0.6580129120675138,0.18966307924580098,1.0446212483232766,pv_2param,5.575920413396735e-17
True,20.0,1.4636362752240801,0.05852763893328357,1.0000000000000009,pv_2param,6.487039452468421e-17
True,20.0,1.105703403845083,0.18420540633056845,1.0219397291136239,pv_2param,1.0528741361362571e-16
True,20.0,0.7397206872546889,0.043514573624085374,1.0000000000000038,pv_2param,7.467278959507811e-17
True,20.0,0.583119296723813,0.07857823561483322,1.0000000000000007,pv_2param,4.853563767607088e-17
True,20.0,0.7000795556506778,0.08553042875034277,1.000000000000006,pv_2param,0.0
True,20.0,1.1259104698218407,0.005504934422504171,1.0000000000000004,pv_2param,0.0
True,20.0,0.7344291909777312,0.04416190655234367,1.0075521000473353,pv_2param,8.578015656071815e-17
True,20.0,1.4890871261224257,0.041314213981746555,1.0000000000000098,pv_2param,0.0
True,20.0,1.348702372349124,0.09407882377270643,1.0000000000000033,pv_2param,7.783613077083431e-18
True,20.0,0.7064700818973809,0.11453162440135899,1.0883771258723134,pv_2param,3.4202680732392816e-17
True,20.0,0.4292692499777869,0.1779580447321476,1.0000000000000007,pv_2param,9.660839278450154e-17
True,20.0,1.0429000498224303,0.1780750839980508,1.000000000000003,pv_2param,6.766550352704308e-17
True,20.0,1.3140990930138554,0.17440891481796233,1.0000000000000024,pv_2param,0.0
True,20.0,1.2195521407108103,0.03721042880006218,1.0000000000000013,pv_2param,6.315351085402906e-17
True,20.0,0.6892154133913314,0.19680536262149495,1.0387841913188576,pv_2param,0.0
True,20.0,0.3441406438095028,0.0017191528262262556,1.027868136304966,pv_2param,7.60402632350156e-17
True,20.0,0.4053859884439067,0.0854763746440702,1.0000000000000022,pv_2param,0.0
True,20.0,1.1350788315369091,0.1239973181232682,1.0143586263599473,pv_2param,6.94569992987751e-17
True,20.0,0.7615295411141574,0.006017639759322857,1.0000000000000109,pv_2param,7.626703957248044e-17
True,20.0,1.1707181820502228,0.047660242890831664,1.0000000000000016,pv_2param,5.216804670203116e-17
True,20.0,0.4435147126500908,0.052204014036717906,1.0484013378772292,pv_2param,0.0
True,20.0,0.7132715315323395,0.1289374483257694,1.0639130467025126,pv_2param,7.412259346862781e-17
True,20.0,1.2239430292914397,0.07669432624609174,1.0665356421042502,pv_2param,6.883795045021768e-17
True,20.0,0.6728121924804206,0.15225427397662197,1.0000000000000029,pv_2param,4.2102078059042715e-17
True,20.0,1.3201024008856437,0.013117878870135026,1.000000000000012,pv_2param,0.0
True,20.0,1.0348472915193931,0.04142706531748717,1.1359179120132035,pv_2param,0.0
True,20.0,1.0083703671488053,0.10513628414410066,1.0000000000000135,pv_2param,8.88202488141692e-17
True,20.0,0.857516432300057,0.038364506178340176,1.0180141145402848,pv_2param,5.3359288907668814e-17
True,20.0,1.2635649227447274,0.012529795029111024,1.0000000000000102,pv_2param,0.0
True,20.0,1.4112801837307924,0.16373091897115857,1.0000000000000067,pv_2param,8.541558766885842e-17
True,20.0,1.1255524805728974,0.11521514272260636,1.000000000000012,pv_2param,4.540832546490142e-17
True,20.0,0.5853828376591841,0.05312980042075286,1.000000000000001,pv_2param,6.365768012242478e-17
True,20.0,0.8617750242286424,0.19859214767405953,1.0022621551840052,pv_2param,7.39217608458905e-17
True,20.0,0.5320594970189747,0.03865645202943411,1.0000000000000069,pv_2param,6.758414430455462e-17
True,20.0,0.4375283620270233,0.038440319521371884,1.000000000000001,pv_2param,5.797221953017389e-17
False,,0.44558729994727964,0.1963017103147426,,none,6.700132837753962e-17
True,20.0,0.8984621965062691,0.12444046592135156,1.0323945392205196,pv_2param,0.0
True,20.0,0.5136010419920436,0.15072488538581966,1.0000000000000038,pv_2param,5.20092865494733e-17
True,20.0,1.1507871702062937,0.09374800091667977,1.0000000000000075,pv_2param,7.881786085093866e-17
True,20.0,0.5321640717231577,0.06373877334442764,1.0306812988140364,pv_2param,1.0472085712433556e-16
True,20.0,1.2755898623062765,0.08502499329848859,1.0000000000000129,pv_2param,1.1645961346566006e-16
True,20.0,0.5334961763618633,0.029589373455879444,1.0013761774447028,pv_2param,4.6493088177106867e-17
True,20.0,0.96546940060635,0.07686354127102538,1.0000000000000027,pv_2param,9.307285412608721e-17
True,20.0,0.7171240587298667,0.026044859036355273,1.0000000000000064,pv_2param,0.0
True,20.0,1.0234227386483736,0.13774080204178688,1.000000000000007,pv_2param,0.0
True,20.0,0.5215866855021118,0.07082243034008935,1.0000000000000009,pv_2param,4.4899932369266414e-17
True,20.0,0.45020794993846897,0.0956138659276395,1.0281779630499805,pv_2param,5.351309181483472e-17
True,20.0,1.2453252307104072,0.10671956049329179,1.0000000000000175,pv_2param,0.0
True,20.0,0.3371262227458179,0.055567764315546914,1.0607676545470754,pv_2param,6.395332627331835e-17
True,20.0,0.4015765719207478,0.1203572421215867,1.000000000000001,pv_2param,9.398658315369517e-17
True,20.0,1.2123509100724612,0.18177633129530396,1.0000000000000042,pv_2param,5.398296514387565e-17
True,20.0,1.3317653266073501,0.0333804314241321,1.000000000000024,pv_2param,0.0
True,20.0,0.6352551785152694,0.1930393004152053,1.000871512921562,pv_2param,1.4347363984042254e-16
True,20.0,0.7528882233890104,0.03183968089685492,1.0000000000000064,pv_2param,0.0
True,20.0,0.6454899934994148,0.10380368897135595,1.0000000000000042,pv_2param,7.898778327599653e-17
True,20.0,0.42443693210751915,0.19769837441731866,1.0000000000000007,pv_2param,4.811656749178098e-17
True,20.0,0.8153183337646184,0.03438841063253822,1.0000000000000089,pv_2param,1.1185183415375723e-16
True,20.0,1.0061592544323288,0.051818941733023795,1.0000000000000062,pv_2param,7.584549475879005e-17
True,20.0,0.6388551957031527,0.1005047720951156,1.0000000000000047,pv_2param,1.0947125855220589e-16
True,20.0,0.6457589405132556,0.1315398820339427,1.0000000000000024,pv_2param,3.687567806178445e-17
True,20.0,0.3357093514388994,0.11235374496275252,1.0000000000000013,pv_2param,7.001828796776685e-17
True,20.0,1.1115242150079592,0.11998457491504902,1.000000000000007,pv_2param,4.987821892752388e-17
True,20.0,1.4322810014657055,0.06060064018830789,1.00000000000001,pv_2param,1.9908498225188797e-17
True,20.0,0.6443354246662022,0.12172578422789333,1.0198831896853928,pv_2param,1.1769910622011042e-17
True,20.0,1.1746720945389595,0.1692511446838896,1.000000000000005,pv_2param,6.561032033167143e-17
True,20.0,0.8242338062528234,0.11536439473167565,1.0708035379743714,pv_2param,0.0
True,20.0,1.163172222590089,0.14150569268855825,1.0000000000000024,pv_2param,4.372444942408501e-17
True,20.0,0.5019253296953707,0.023037190676157372,1.0000000000000024,pv_2param,9.909217133454522e-17
True,20.0,0.9106843710350006,0.0049397567586048075,1.000000000000009,pv_2param,5.774091412389906e-17
True,20.0,1.349759813519934,0.051686513217250686,1.0000000000000016,pv_2param,6.045352684403261e-17
True,20.0,0.4772692355831353,0.061403618611060584,1.0482934850102923,pv_2param,0.0
True,20.0,0.5456143925431749,0.13486096272208292,1.0000000000000038,pv_2param,5.405002467933322e-17
True,20.0,1.4250025623578175,0.06802513501581589,1.00000000000001,pv_2param,0.0
True,20.0,0.9099230690615334,0.02056453667399112,1.000000000000008,pv_2param,6.466594430899677e-17
True,20.0,0.8162777212445553,0.006156768884148178,1.000000000000008,pv_2param,0.0
True,20.0,1.1923783319999475,0.14266479555628236,1.0000000000000004,pv_2param,4.9498158549294085e-17
True,20.0,0.9448575262506773,0.08433618699988879,1.002327131957774,pv_2param,9.493200315000997e-17
True,20.0,0.9074654255613617,0.13237711014403367,1.0000000000000022,pv_2param,0.0
True,20.0,1.0528361610192523,0.12957502933493784,1.0000000000000058,pv_2param,1.018948713290341e-16
True,20.0,0.8510419126076714,0.020967115953293394,1.0000000000000018,pv_2param,3.9560582436098663e-17
True,20.0,0.8839541543679446,0.1632663383537058,1.000000000000004,pv_2param,0.0
True,20.0,0.9949046596310107,0.02770017577338442,1.000000000000003,pv_2param,2.5207548991918576e-16
True,20.0,1.3014774573450452,0.0803046574556826,1.0669106582668593,pv_2param,9.735464599585985e-17
True,20.0,1.350905797717972,0.1319937780275168,1.0000000000000053,pv_2param,0.0
True,20.0,1.4122338624668211,0.017891245502978628,1.0000000000000158,pv_2param,1.1150316510893455e-16
True,20.0,0.7508170872755918,0.06136483365591714,1.000000000000012,pv_2param,5.792942863732282e-17
True,20.0,1.1634152022083628,0.05637125135876986,1.0000000000000036,pv_2param,6.747843705808329e-17
True,20.0,0.6319051156422799,0.0359423290100497,1.0000000000000038,pv_2param,8.046338933095725e-17
True,20.0,1.1535274299339742,0.09930278733751235,1.0000000000000056,pv_2param,0.0
True,20.0,1.2245938227289428,0.1932336209510257,1.0000000000000104,pv_2param,7.837165665339969e-17
True,20.0,0.9815766019420358,0.13291057540437468,1.0000000000000053,pv_2param,0.0
True,20.0,1.063183799344081,0.09424158223839724,1.000000000000003,pv_2param,4.9703202805398435e-17
True,20.0,1.2409279665030457,0.06553641160264223,1.0000000000000075,pv_2param,6.558660855791237e-17
True,20.0,1.3225464573175603,0.027120086176425452,1.000000000000003,pv_2param,0.0
True,20.0,0.6981739798826491,0.012303186078327722,1.0000000000000029,pv_2param,0.0
True,20.0,0.5222766087492878,0.1000789145231946,1.064787953126186,pv_2param,0.0
True,20.0,0.3352773737422446,0.0707740193944463,1.0433317393852326,pv_2param,5.464652693782842e-17
True,20.0,0.3608213727348464,0.12982189017969803,1.002721794116071,pv_2param,1.2614783772900226e-16
True,20.0,0.8842707871346496,0.14601828027222863,1.000000000000001,pv_2param,5.702181424725264e-17
True,20.0,1.3943075080192135,0.05747008782552561,1.005883882607197,pv_2param,0.0
True,20.0,0.651309419753132,0.05865798476986553,1.0076158286719925,pv_2param,4.3240143748065066e-17
True,20.0,1.0803366692404082,0.169654130855284,1.000000000000007,pv_2param,1.4030696478248483e-16
True,20.0,0.5594411020327195,0.12439409309113317,1.0000000000000036,pv_2param,0.0
True,20.0,1.2951134526137926,0.08976458097429799,1.0070695890108627,pv_2param,3.554175951476826e-17
True,20.0,1.040111144072571,0.08867265989754003,1.0011647208814893,pv_2param,6.345777086905061e-17
True,20.0,0.3628079918101335,0.10069959997076137,1.000000000000004,pv_2param,0.0
True,20.0,1.0263340100149345,0.034946353406833074,1.0000000000000135,pv_2param,0.0
True,20.0,0.6849918815543565,0.04503596067995106,1.0000000000000058,pv_2param,8.239243875006768e-17
True,20.0,0.7545386596692372,0.12253553086566511,1.0000000000000027,pv_2param,7.08832333577164e-17
True,20.0,1.2015543670038633,0.13118261112827131,1.0000000000000022,pv_2param,0.0
True,20.0,0.535076187271539,0.10149296405783909,1.0,pv_2param,5.890087910927561e-17
True,20.0,0.7480989424887565,0.12833120036395845,1.0000000000000022,pv_2param,1.5107632183640698e-16
True,20.0,1.3649175486859462,0.04132522240140442,1.0000000000000169,pv_2param,1.0361717602020181e-16
True,20.0,0.8720229122653569,0.1509234843150169,1.0000000000000009,pv_2param,1.1824684394439453e-16
True,20.0,0.5515831986103032,0.14360920992251983,1.0000000000000027,pv_2param,0.0
True,20.0,1.2780132755430007,0.04792605938007806,1.0000000000000044,pv_2param,1.2550600868210927e-16
True,20.0,0.7229885362481103,0.002133704970919226,1.0000000000000027,pv_2param,5.690794890543285e-17
True,20.0,0.3573880437899563,0.0059656261563162845,1.0000000000000029,pv_2param,4.3783099596790995e-17
True,20.0,0.8003971373164356,0.1385255952138169,1.0037680590271476,pv_2param,4.515353804822508e-17
True,20.0,0.6788801378795789,0.11359873990014709,1.0153292787366148,pv_2param,1.5853351284569018e-16
True,20.0,0.7167304319988483,0.17731752760499941,1.0000000000000009,pv_2param,4.451009469534625e-17
True,20.0,0.5892694116134256,0.10016335016789313,1.0376888216758422,pv_2param,7.4276373744846e-17
True,20.0,1.2353742847845675,0.13428324830622104,1.000000000000001,pv_2param,0.0
True,20.0,0.9082184543943783,0.015578440674967343,1.0000000000000058,pv_2param,1.1852321225302642e-16
True,20.0,1.16187229460082,0.056443942347405976,1.0000000000000127,pv_2param,1.223415343723319e-16
True,20.0,0.9853200257695041,0.1820441173739893,1.0489562044969907,pv_2param,1.3447634614828596e-16
True,20.0,0.8096313930757089,0.10003899982814396,1.1019268261039126,pv_2param,6.882632961269269e-17
True,20.0,1.4225283035792218,0.06762445812406692,1.0000000000000069,pv_2param,4.963842477960582e-17
True,20.0,0.6927085577765022,0.018952777853239525,1.0000000000000162,pv_2param,0.0
True,20.0,0.5523137066923414,0.1523070280958095,1.0000000000000029,pv_2param,0.0
True,20.0,0.9521501817482196,0.07230915350533429,1.000000000000021,pv_2param,8.423788195182127e-17
True,20.0,1.2622152971784688,0.15144619425335681,1.0174833427453416,pv_2param,7.912945302856509e-17
True,20.0,0.452718223405582,0.18271511634081697,1.000000000000003,pv_2param,0.0
True,20.0,1.0295416123549679,0.06566462775387741,1.0000000000000024,pv_2param,0.0
True,20.0,1.3172087465891966,0.03891723915038119,1.0000000000000098,pv_2param,0.0
True,20.0,0.5748173824939038,0.0678941509272117,1.0000000000000044,pv_2param,3.9858726898867477e-17
True,20.0,0.5305933433860486,0.02070666439722604,1.0000000000000007,pv_2param,0.0
True,20.0,0.7767257622799945,0.15969909540168215,1.022368378084655,pv_2param,6.378499336966099e-17
True,20.0,1.1786346874559657,0.15264977089700804,1.0000000000000049,pv_2param,0.0
True,20.0,0.4222438305831898,0.12872115706544662,1.0608253535495131,pv_2param,2.6655636380503757e-17
True,20.0,1.277312657626905,0.17195004310336628,1.0000000000000042,pv_2param,5.276304320264403e-17
True,20.0,0.3468895262488985,0.06564765486870743,1.0000000000000009,pv_2param,0.0
True,20.0,0.6826939960082571,0.1018598400565613,1.1165617746390888,pv_2param,3.819291889726779e-17
True,20.0,0.5205595395099515,0.16991299839128973,1.0502639345660243,pv_2param,9.77516151981481e-17
True,20.0,0.36348802192666724,0.1791271053053103,1.0000000000000024,pv_2param,0.0
True,20.0,1.2612098456540437,0.18995942035534866,1.0000000000000024,pv_2param,4.9934217464710514e-17
True,20.0,0.9978835681145508,0.1680764756349531,1.0000000000000067,pv_2param,0.0
True,20.0,0.8434098722464414,0.03093726598810427,1.0412995886041456,pv_2param,6.70073462371324e-17
True,20.0,0.9342297114559046,0.10556136414854143,1.0000000000000064,pv_2param,5.29765739124153e-17
True,20.0,0.9428507603380196,0.1316993014257487,1.0259207888906612,pv_2param,1.4647193216463136e-16
True,20.0,0.8195780527783645,0.12606727908884266,1.00000000000001,pv_2param,6.72408051287378e-17
True,20.0,0.953005284202519,0.19114823035257877,1.0165321630732653,pv_2param,7.801702419980704e-17
True,20.0,0.9087653805440539,0.07493607023224995,1.000000000000022,pv_2param,8.65781106604951e-17
True,20.0,1.0053769983145224,0.07067251575163924,1.0000000000000069,pv_2param,0.0
True,20.0,0.3083659720956868,0.02668495322675786,1.0338092570320527,pv_2param,1.026287588312109e-16
True,20.0,1.0405064729426043,0.005329240366441512,1.000000000000017,pv_2param,1.5628766229932194e-16
True,20.0,1.0253987277028127,0.16826291373259714,1.000000000000003,pv_2param,1.4885177459385686e-16
True,20.0,0.5727178086889415,0.10714770489194658,1.00925893548904,pv_2param,8.676713179319672e-17
True,20.0,1.2407622088244334,0.1490441171910046,1.0140447206698888,pv_2param,2.1182923318179335e-16
True,20.0,0.7808738303232896,0.0912289577302432,1.0000000000000013,pv_2param,1.702477865419674e-16
True,20.0,1.2810219814474582,0.10764781814051766,1.0000000000000053,pv_2param,0.0
True,20.0,1.4461695922300377,0.16647110279208446,1.0000000000000007,pv_2param,1.266411010521049e-16
True,20.0,0.9647567084246218,0.12128242608720421,1.0000000000000027,pv_2param,5.885168093119315e-17
True,20.0,0.5881038962985294,0.1067714381173704,1.0203464395009758,pv_2param,4.939352471726824e-17
True,20.0,0.7962439093504986,0.04360670056438112,1.004639121760296,pv_2param,1.0392032580786884e-16
True,20.0,0.6123750260874994,0.16964956769553174,1.0672412860974418,pv_2param,1.1604119026968863e-16
True,20.0,0.34958975112674967,0.006128147846912646,1.0000000000000033,pv_2param,5.892373954007048e-17
True,20.0,0.9996768585991223,0.13028388838365934,1.0000000000000022,pv_2param,4.8321242364025556e-17
True,20.0,0.6752300090221706,0.12626238547770974,1.0000000000000013,pv_2param,0.0
True,20.0,0.710290075237803,0.13010683111115018,1.0605429307547671,pv_2param,0.0
True,20.0,0.3863036073399559,0.08992048048674206,1.0185799250855458,pv_2param,1.2610928924184037e-16
True,20.0,0.36513033990926774,0.06020025543378256,1.0665548166157333,pv_2param,5.202717614989564e-17
True,20.0,1.4606529111262891,0.0766570842745942,1.0000000000000182,pv_2param,9.254689824849091e-17
True,20.0,0.6913660673784423,0.027079883623761014,1.0000000000000082,pv_2param,0.0
True,20.0,0.6206082899821053,0.017792403337626283,1.0000000000000047,pv_2param,4.552214976689316e-17
True,20.0,1.3168905913436284,0.04409513751802172,1.0000000000000215,pv_2param,1.1206940533703937e-16
True,20.0,1.082770807792418,0.11128853658306702,1.0084069588432507,pv_2param,2.988203803778995e-17
True,20.0,1.3610084845043555,0.0637835068324024,1.0000000000000193,pv_2param,1.4408227997174493e-17
True,20.0,1.2510206090551423,0.09997026505114726,1.0000000000000016,pv_2param,0.0
True,20.0,0.8718382563640932,0.09259822105214453,1.0000000000000069,pv_2param,1.0528951918026285e-16
True,20.0,0.634530686939637,0.10208390692207779,1.0000000000000135,pv_2param,1.487051693046383e-16
True,20.0,0.9324909453885437,0.0029649968934877926,1.0000000000000127,pv_2param,0.0
True,20.0,0.8729712877887503,0.19648170687003694,1.0223307311449954,pv_2param,1.6971907804987948e-16
True,20.0,0.5624092069250168,0.11211996378839856,1.0000000000000064,pv_2param,0.0
True,20.0,0.7054950349751055,0.03899410857562818,1.000000000000002,pv_2param,3.860250183758053e-17
True,20.0,1.0723580196361189,0.02778217451940801,1.0000000000000207,pv_2param,0.0
True,20.0,0.5643392221531485,0.1722518199672529,1.0000000000000018,pv_2param,8.142250167428151e-17
True,20.0,0.8609759685653635,0.06836210698628897,1.0000000000000013,pv_2param,1.1430142647091068e-16
True,20.0,1.3627292811637637,0.016574328261882255,1.0000000000000175,pv_2param,6.186499555186362e-17
True,20.0,0.31935320379518706,0.09131999379006378,1.0377541870856901,pv_2param,0.0
True,20.0,0.9830132667462399,0.10700667510824279,1.04248422775123,pv_2param,6.4716547347874e-17
True,20.0,0.5962278789431472,0.14051616290064678,1.03611271401015,pv_2param,9.953791185925638e-17
True,20.0,0.6414793681578688,0.023317970340820504,1.0000000000000064,pv_2param,0.0
True,20.0,0.407647115099697,0.01389528728315419,1.1360103188478403,pv_2param,3.967723857205439e-17
True,20.0,0.9470458548158627,0.004636098736635885,1.0000000000000278,pv_2param,9.141142594550978e-17
True,20.0,0.7625269564337456,0.1822577295108183,1.0019696414492314,pv_2param,5.615075376852983e-17
True,20.0,0.31876272796497146,0.12150065996275079,1.0000000000000009,pv_2param,0.0
True,20.0,0.8892077829247993,0.11083004450962397,1.0000000000000056,pv_2param,0.0
True,20.0,0.5738991570189174,0.17638959972453644,1.0174816427491853,pv_2param,1.5295476513621494e-16
True,20.0,1.0958169654546226,0.12309635278300274,1.0000000000000038,pv_2param,0.0
True,20.0,1.147944871250995,0.012964798750631857,1.0000000000000226,pv_2param,1.0087268245741369e-16
True,20.0,1.1885016053628106,0.014403392292490436,1.0000000000000038,pv_2param,0.0
True,20.0,0.5955623502000382,0.13091765497188498,1.0562097810543596,pv_2param,5.439102736259584e-17
True,20.0,0.31219078940160067,0.19485060627508222,1.0000000000000022,pv_2param,6.395718584777459e-17
True,20.0,0.30128020853274756,0.16649182856097067,1.0107938677045831,pv_2param,1.4499176068828873e-16
True,20.0,1.1567505313665964,0.05138393493218656,1.0000000000000087,pv_2param,5.97795498748543e-17
True,20.0,1.173056435804237,0.19938534277569864,1.0099313338812987,pv_2param,1.0504430266518104e-16
True,20.0,0.5656352132047615,0.0390136982360076,1.000000000000001,pv_2param,5.995330231743639e-17
True,20.0,1.3315538942196428,0.1558133282777999,1.000000000000012,pv_2param,1.2949748242521443e-16
True,20.0,1.4114913055004725,0.11756328471102857,1.0000000000000224,pv_2param,7.047344805636719e-17
True,20.0,0.6190986810374934,0.16161368762886952,1.0000000000000004,pv_2param,0.0
True,20.0,0.37560594873795333,0.10699817819489382,1.0046420466982202,pv_2param,7.9075778503936e-17
True,20.0,0.7675968714141558,0.03609581774625375,1.0000000000000004,pv_2param,9.382711595812481e-17
True,20.0,1.3306958972468823,0.040328507755760495,1.0000000000000127,pv_2param,1.0208547258652231e-16
True,20.0,1.0159271165449715,0.17843687982402273,1.0000000000000095,pv_2param,0.0
True,20.0,0.9544849638122084,0.03218794103741112,1.0000000000000075,pv_2param,0.0
True,20.0,0.8614358069628252,0.10996196370390413,1.0000000000000018,pv_2param,5.576979853522599e-17
True,20.0,0.9780257398590533,0.1526108766966102,1.0000000000000158,pv_2param,0.0
True,20.0,0.755578062096826,0.19582786132218982,1.042935190240683,pv_2param,6.353569054284894e-17
True,20.0,1.0505329091050177,0.19050195049389845,1.0475734781358572,pv_2param,8.229803858415288e-17
True,20.0,0.3269067701466074,0.04704319866200901,1.0000000000000024,pv_2param,9.529937417785369e-17
True,20.0,1.1143048766973032,0.07862974647202799,1.000000000000013,pv_2param,7.221084219612701e-17
True,20.0,0.7911138697895371,0.03713877889298618,1.0000000000000064,pv_2param,4.377594880629433e-17
True,20.0,0.323779356339835,0.042413024970200386,1.0000000000000087,pv_2param,9.992539816215907e-17
True,20.0,0.5333945076983999,0.03984739087780336,1.007199249142062,pv_2param,1.3245195566873455e-16
True,20.0,0.32529846249415817,0.18408614653541802,1.0000000000000007,pv_2param,7.670120550478133e-17
True,20.0,1.3849308165108833,0.006881595020434195,1.0000000000000095,pv_2param,1.447190572455334e-16
True,20.0,0.8304004660755777,0.09757696793386153,1.0000000000000033,pv_2param,1.2269161579810138e-16
True,20.0,1.1061743168236493,0.08561187776902653,1.000000000000003,pv_2param,1.8508022613613562e-17
True,20.0,0.5631531580580528,0.1640813352226534,1.0000000000000022,pv_2param,6.350421495974198e-17
True,20.0,0.3423352519177273,0.14724908249270197,1.0355082718182569,pv_2param,1.0284759475640524e-16
True,20.0,1.3205869666940537,0.18302947614778914,1.0686635666644402,pv_2param,8.876015885500288e-17
True,20.0,1.237528539370934,0.11651301656701694,1.0000000000000016,pv_2param,1.5130485322937387e-16
True,20.0,0.5650131911697294,0.0314218834168698,1.0000000000000082,pv_2param,0.0
True,20.0,0.8173142059402927,0.16827046476049645,1.000000000000004,pv_2param,0.0
True,20.0,0.3962326457287065,0.1030172835812451,1.0000000000000047,pv_2param,9.521267652520164e-17
True,20.0,0.7270966532134533,0.018849821488011488,1.0000000000000069,pv_2param,0.0
True,20.0,1.1416096011502923,0.18690854024913367,1.0632555864869788,pv_2param,6.347698074729416e-17
True,20.0,0.45639979384922214,0.13190600398841842,1.0533817755883,pv_2param,2.1246044188592656e-16
True,20.0,1.3430031313419974,0.0025126838718572356,1.0000000000000429,pv_2param,7.529787240287393e-17
True,20.0,0.8491798867788334,0.06720526554920701,1.0000000000000095,pv_2param,4.0890566634879504e-17
True,20.0,0.5488975578098655,0.01380078326466505,1.0000000000000067,pv_2param,1.0274205624293228e-16
True,20.0,0.5168328726407758,0.18215113154992438,1.0401947109501575,pv_2param,5.844596101841463e-17
True,20.0,0.9157012089898395,0.005785926120999929,1.0000000000000053,pv_2param,3.500436688689578e-17
True,20.0,0.9859078271750208,0.19217777555822807,1.0000000000000109,pv_2param,6.354058089522054e-17
True,20.0,0.48671196435523145,0.07672894513513409,1.0000000000000038,pv_2param,8.601049419242608e-17
True,20.0,0.4537032892938059,0.010230091384356422,1.0000000000000022,pv_2param,0.0
True,20.0,1.2785866824131231,0.10052923415597254,1.000000000000003,pv_2param,4.041426405694703e-17
True,20.0,1.4792294608513117,0.15985314722912594,1.0000000000000044,pv_2param,8.210352696336518e-17
True,20.0,1.1757482614413621,0.08369293435456826,1.0000000000000167,pv_2param,4.093535173761949e-17
True,20.0,0.9902092366074136,0.14517650909455032,1.00000000000001,pv_2param,3.025478180223172e-17
True,20.0,1.2070885208625541,0.18582521820003384,1.0222811034676869,pv_2param,1.2155847073055048e-16
True,20.0,0.7033283675729061,0.09194165814368149,1.0209607848732578,pv_2param,8.762838590741413e-17
True,20.0,1.010441429395791,0.13466253442196238,1.0000000000000009,pv_2param,6.941864818227667e-17
True,20.0,0.752820838785436,0.038709242453137074,1.000000000000001,pv_2param,5.78528173976668e-17
True,20.0,1.181169478201599,0.032953482970796436,1.000000000000013,pv_2param,5.1425403201440936e-17
True,20.0,0.618307702361748,0.06912183339135931,1.0000000000000049,pv_2param,3.1661633664714776e-17
True,20.0,0.30444166116720023,0.09812689912570137,1.0000000000000038,pv_2param,1.651194117115685e-16
True,20.0,1.257121809350876,0.06874284543915492,1.0160353658518042,pv_2param,1.0386229005309213e-16
True,20.0,0.7641087564629323,0.191358650216258,1.0056165711632477,pv_2param,4.273293087619622e-17
True,20.0,1.0374826802861659,0.012521670460271684,1.0000000000000127,pv_2param,6.15225196192774e-17
True,20.0,1.348010498367037,0.18426419881508885,1.0000000000000173,pv_2param,7.591006017542734e-17
True,20.0,1.4299872190185043,0.12694641869343323,1.0099240346291107,pv_2param,6.425291835401086e-17
True,20.0,0.9489483724588883,0.15887161200138833,1.004697808831866,pv_2param,0.0
True,20.0,0.5378660150285625,0.07668063515016176,1.1291805642623691,pv_2param,2.498217809440076e-16
True,20.0,1.423158909867184,0.05637638806190051,1.0000000000000036,pv_2param,1.22850205609491e-16
True,20.0,0.6125149882546284,0.16189228709249295,1.0000000000000013,pv_2param,5.926141447956031e-17
True,20.0,0.41818162183027835,0.004708630491182975,1.1033014149955165,pv_2param,1.1783777675720775e-16
True,20.0,0.40762227939690615,0.18108682595269615,1.0000000000000016,pv_2param,1.5606010591945702e-16
True,20.0,0.8592494704896321,0.1439035314679024,1.0000000000000107,pv_2param,6.57817595076485e-17
True,20.0,1.0303431984628675,0.08909117948637052,1.0012842315676684,pv_2param,4.532623678331247e-17
True,20.0,1.1221198750964414,0.047340072770414854,1.07890829210143,pv_2param,6.706617611040561e-17
True,20.0,1.109365055926155,0.07295314222094999,1.000000000000019,pv_2param,0.0
True,20.0,1.3563463772848448,0.13751149518876646,1.0077969364705015,pv_2param,1.6144214002318435e-16
True,20.0,0.7884526785166976,0.0931787859136054,1.000000000000006,pv_2param,1.6240286893856044e-17
True,20.0,0.4213456900714345,0.01526851751814855,1.0000000000000004,pv_2param,8.34681527206104e-17
True,20.0,1.0142378151739049,0.06438648535419567,1.0000000000000038,pv_2param,1.5978214992513253e-16
True,20.0,0.6400285463924595,0.1317924984304165,1.0000000000000027,pv_2param,5.00220846748123e-17
True,20.0,0.7836759047313764,0.0413759247627604,1.0452051242122518,pv_2param,0.0
True,20.0,0.48361550066661774,0.1745474010415274,1.0000000000000018,pv_2param,2.8956757873475285e-17
True,20.0,0.7358511089521338,0.09402812502992718,1.0324766021227332,pv_2param,1.0272268279632589e-16
True,20.0,1.2678526807713202,0.049855784742766286,1.0000000000000169,pv_2param,5.0778108969079694e-17
True,20.0,1.1711304179754913,0.15267576570521857,1.0000000000000118,pv_2param,6.932098794389657e-17
True,20.0,0.9986393683909964,0.06541358387625287,1.0000000000000124,pv_2param,0.0
True,20.0,0.792982217550618,0.012192006203968875,1.0000000000000142,pv_2param,0.0
True,20.0,1.2874057619475057,0.07675289890561672,1.000000000000003,pv_2param,6.964830460067101e-17
True,20.0,0.5120746441099585,0.17360579892832076,1.0000000000000018,pv_2param,0.0
True,20.0,0.9152552479332496,0.11621717029125732,1.0000000000000104,pv_2param,6.020006249495409e-17
True,20.0,0.6608077540365853,0.143686742105572,1.010254545539954,pv_2param,8.988028872992913e-17
True,20.0,1.0441316791660686,0.011113295524741185,1.0000000000000129,pv_2param,5.4399721946807686e-17
True,20.0,1.474821417277812,0.003371054840943577,1.000000000000048,pv_2param,8.927208725758634e-17
True,20.0,1.0209032945053298,0.10631591852116257,1.0000000000000007,pv_2param,4.792089438918131e-17
True,20.0,0.9434196511435113,0.14383556314938917,1.0000000000000038,pv_2param,8.227060639488397e-17
True,20.0,1.4932181312803519,0.19060458785293471,1.0065891845458586,pv_2param,3.044383288702129e-17
True,20.0,0.5071151301799969,0.12824865541753264,1.0000000000000009,pv_2param,8.463064485104031e-17
True,20.0,1.011960930369228,0.18035822808368887,1.0413489112610859,pv_2param,1.9319095115621629e-16
True,20.0,0.8660955186932235,0.019257943772067555,1.0000000000000024,pv_2param,0.0
True,20.0,0.39767348470306074,0.1315438897372692,1.0000000000000007,pv_2param,5.0073086209692134e-17
True,20.0,1.0456800077930493,0.1533531356950725,1.0123956053484278,pv_2param,6.510044437402299e-17
True,20.0,1.023604972373069,0.0498127962049697,1.0000000000000087,pv_2param,0.0
True,20.0,0.9001859167099315,0.02034269872185799,1.000000000000018,pv_2param,0.0
True,20.0,0.4644548526442428,0.1823457491413719,1.0000000000000024,pv_2param,0.0
True,20.0,0.9683497546779849,0.10170095806353799,1.0000000000000007,pv_2param,9.525939054651793e-17
True,20.0,0.46925771118643067,0.09703406604835695,1.0120232059204557,pv_2param,1.498624677743773e-17
True,20.0,1.1677733913965322,0.13508620095108712,1.0000000000000042,pv_2param,0.0
True,20.0,0.3614894341927397,0.1016741277211851,1.000156453969824,pv_2param,9.940781623316907e-17
True,20.0,0.6821112989262366,0.16723499629793082,1.054271396898979,pv_2param,5.081157424403669e-17
True,20.0,1.163122593974734,0.06387631494476467,1.0000000000000275,pv_2param,6.298320455556658e-17
True,20.0,0.959243288956461,0.14290071432525328,1.0000000000000102,pv_2param,0.0
True,20.0,1.2913677016043617,0.03866236991142882,1.0000000000000047,pv_2param,1.186042262382984e-16
True,20.0,1.0827644361594366,0.08443266846337905,1.0219728771455687,pv_2param,0.0
True,20.0,0.7032613864008441,0.11847544192644968,1.0098107211078677,pv_2param,8.106563814810697e-17
True,20.0,1.3474628465650877,0.049802439854716954,1.0000000000000022,pv_2param,9.926574030447832e-17
True,20.0,0.8744689519647362,0.08844728338642716,1.000000000000004,pv_2param,4.9439677124165154e-17
True,20.0,0.789873784876222,0.10442694625564249,1.00535970541034,pv_2param,0.0
True,20.0,0.6220586412257975,0.05916027127635975,1.0000000000000027,pv_2param,0.0
True,20.0,0.569539172306599,0.14130962583320844,1.0397591265877395,pv_2param,1.0146801671613838e-16
True,20.0,0.5519240360766663,0.002739877955276704,1.000000000000006,pv_2param,7.470334093578028e-17
True,20.0,1.2651866666009843,0.06426927006755159,1.0000000000000009,pv_2param,7.670315555541409e-17
True,20.0,0.8896822349778801,0.1681971871286232,1.0052271090238754,pv_2param,0.0
True,20.0,0.42634033685822564,0.036090890672929234,1.000000000000008,pv_2param,1.5298638582027594e-16
True,20.0,1.0029403890233244,0.048589648920727306,1.000000000000016,pv_2param,6.666789794686953e-17
True,20.0,0.5825902126709686,0.10339471232128401,1.0544471844188974,pv_2param,5.1161896447308774e-17
True,20.0,1.1280682239159183,0.09846562670742275,1.0000000000000024,pv_2param,0.0
True,20.0,0.9605765427723238,0.06333123815558543,1.0000000000000036,pv_2param,4.538075515390455e-17
True,20.0,1.3010491579309005,0.1272278360756631,1.0000000000000033,pv_2param,9.619393506948644e-17
True,20.0,1.4124592294273897,0.0908740928566878,1.00000000000001,pv_2param,0.0
True,20.0,0.4497650621007158,0.01393375380398354,1.0003394265869152,pv_2param,9.112747759726699e-17
True,20.0,0.8267351272953403,0.07567250859010653,1.0420096425190126,pv_2param,4.4119189222397915e-17
True,20.0,1.051633351300679,0.14082331899976575,1.0000000000000073,pv_2param,6.54071295796429e-17
True,20.0,0.8013060232499518,0.17769325491003,1.0016457279492428,pv_2param,9.526818697335192e-17
True,20.0,0.6759431097473282,0.012239916593777145,1.0000000000000044,pv_2param,0.0
True,20.0,0.7338755931551828,0.01266116734877696,1.0000000000000013,pv_2param,1.5082014864071064e-16
True,20.0,0.6015483014578236,0.01668418724560856,1.0000000000000036,pv_2param,7.96243459170398e-17
True,20.0,1.3339530275685731,0.05129583693398374,1.000000000000009,pv_2param,6.667518426821082e-17
True,20.0,1.2108291433086928,0.055723829468868405,1.0000000000000036,pv_2param,0.0
True,20.0,0.3783267764822106,0.1345627152149839,1.0045944299292233,pv_2param,5.1159300193836355e-17
True,20.0,0.8729618047466143,0.07060278588707335,1.0678183273184425,pv_2param,8.292187898209621e-17
True,20.0,0.9689256362726117,0.1660995278104932,1.1093693026610614,pv_2param,0.0
True,20.0,0.40508852008291185,0.19667895338430108,1.0270791002106985,pv_2param,5.2156843326544884e-17
True,20.0,0.5775795340535137,0.15003255913844013,1.0239204245994558,pv_2param,0.0
True,20.0,0.39554388233848536,0.09556292332330357,1.0000000000000004,pv_2param,8.405877816843444e-17
True,20.0,1.3931324773722304,0.12566055918968308,1.000000000000004,pv_2param,1.4535456963539135e-16
True,20.0,1.2786406109288049,0.09226985834178124,1.0000000000000115,pv_2param,4.8766596875242215e-17
True,20.0,0.8672055806672934,0.12434374268965237,1.000000000000003,pv_2param,0.0
True,20.0,1.3552608151819066,0.004818330108759362,1.0000000000000007,pv_2param,4.220883422536587e-17
True,20.0,1.2764033747056935,0.12833884254456498,1.0000000000000022,pv_2param,0.0
True,20.0,0.8994285783423925,0.14681805082383484,1.0000000000000255,pv_2param,1.244115661805166e-16
True,20.0,0.4144554652660979,0.06798023269542126,1.0278726542376204,pv_2param,4.975334799835761e-17
True,20.0,0.4623533033751521,0.11388685890850916,1.0132362137802071,pv_2param,7.65679149547671e-17
True,20.0,0.7888963975655278,0.13189535139284922,1.0000000000000087,pv_2param,0.0
True,20.0,0.7475211754850102,0.07757846542937868,1.000000000000001,pv_2param,0.0
True,20.0,0.8638481983447139,0.05178269171966204,1.0000000000000027,pv_2param,4.5941137184408336e-17
True,20.0,1.0142682627969213,0.0016558293943323534,1.0000000000000018,pv_2param,5.099239588806223e-17
True,20.0,0.6009072008710155,0.04682646091582912,1.0213820315879574,pv_2param,8.623177865050972e-17
True,20.0,1.495780333804695,0.06505624420948102,1.00000000000003,pv_2param,0.0
True,20.0,0.9520626151657339,0.19450841091200044,1.000000000000002,pv_2param,5.663345836444222e-17
True,20.0,1.3508497790442602,0.18330931145153098,1.0000000000000118,pv_2param,5.26456564768286e-17
True,20.0,1.1384871884091758,0.08001853866328149,1.0000000000000162,pv_2param,7.245708475011119e-17
True,20.0,0.8319047938814574,0.10468883050919241,1.0000000000000007,pv_2param,1.2618562748925957e-16
True,20.0,0.45524481203605344,0.1077710783771882,1.0000000000000009,pv_2param,5.72642670606824e-17
True,20.0,1.219049249699185,0.17649376790718996,1.0000000000000004,pv_2param,5.288821558959615e-17
True,20.0,0.801238993431576,0.02642034739431869,1.0000000000000062,pv_2param,1.68867837445884e-16
True,20.0,0.3810416645182087,0.04181867472535905,1.0570325553388007,pv_2param,0.0
True,20.0,0.8808357397316731,0.08135424136795325,1.0000000000000009,pv_2param,1.008530352689549e-16
True,20.0,0.999622624711376,0.01372685447474491,1.0000000000000149,pv_2param,0.0
True,20.0,0.8190352289146163,0.041872266745659074,1.000000000000004,pv_2param,0.0
True,20.0,0.7270757355408404,0.03530688619056088,1.0000000000000087,pv_2param,1.0388038850279189e-16
True,20.0,0.5161616902025088,0.03804816055203704,1.0017045403155596,pv_2param,0.0
True,20.0,0.3627508366107662,0.08606518540643662,1.0000000000000004,pv_2param,1.4224306410582985e-16
True,20.0,0.5552098960059836,0.1695074341073475,1.0343700332785224,pv_2param,5.397709009771836e-17
True,20.0,1.2834477856866497,0.09235049806509299,1.0000000000000087,pv_2param,0.0
True,20.0,0.841537244188761,0.12818484100988173,1.0018072037161958,pv_2param,9.154076008193021e-17
True,20.0,1.1051934937102375,0.1769740567454585,1.0000000000000075,pv_2param,0.0
True,20.0,1.2784036398979954,0.015558408030147297,1.0000000000000113,pv_2param,9.206413580295595e-17
True,20.0,1.3539504499287065,0.12363545055341163,1.0000000000000004,pv_2param,7.206216804861596e-17
True,20.0,0.6987898228727469,0.05110464692794514,1.0161087828174065,pv_2param,1.1977125314314476e-16
True,20.0,1.4866175980145253,0.15871824830759906,1.0000000000000049,pv_2param,0.0
True,20.0,0.8612381479209068,0.01615168065989019,1.000000000000007,pv_2param,7.364090155256299e-17
True,20.0,0.883208565650291,0.11116360885926485,1.0338511934628007,pv_2param,3.2349643827263984e-17
True,20.0,1.1359025918951082,0.01958396883612681,1.0000000000000062,pv_2param,0.0
True,20.0,0.36286251302364997,0.17675395435744654,1.0000000000000024,pv_2param,2.469859044171172e-17
True,20.0,0.8119710816725743,0.1592256015406263,1.000000000000004,pv_2param,0.0
True,20.0,0.6115207008234168,0.19215562855776136,1.0000000000000033,pv_2param,0.0
True,20.0,0.6564208804419935,0.1924188457624253,1.0000000000000033,pv_2param,1.0176506205862229e-16
True,20.0,0.3785284254686582,0.09539219220861413,1.0612314197619883,pv_2param,1.2213617351065464e-16
True,20.0,0.9662488090401153,0.0808502108009927,1.004034268548147,pv_2param,5.182866364779204e-17
True,20.0,0.42805044973446005,0.15214187251443567,1.0356992106546437,pv_2param,0.0
True,20.0,1.400247858981331,0.03406208478688451,1.0000000000000167,pv_2param,0.0
True,20.0,1.1789588236428261,0.054134372309511285,1.0000000000000095,pv_2param,5.999512763763253e-17
True,20.0,1.482528911102042,0.01538199852796207,1.0000000000000053,pv_2param,6.836666473834857e-17
True,20.0,1.0484648323235963,0.039491399673592414,1.0000000000000087,pv_2param,4.002985615267322e-17
True,20.0,0.3212842096236501,0.19371771449238873,1.0063193931423566,pv_2param,6.615385612991896e-17
True,20.0,0.5017637124696349,0.02698325333849574,1.0000000000000016,pv_2param,7.031263304825389e-17
True,20.0,0.4969679978801771,0.07330720421846702,1.0133762416734229,pv_2param,9.288140516001553e-17
True,20.0,1.065131265821733,0.041895533964514065,1.0000000000000064,pv_2param,1.1461308194253859e-16
True,20.0,0.5564193467859035,0.17821578176031305,1.0560272047447665,pv_2param,0.0
True,20.0,1.2796197903076507,0.14964509025207867,1.0000000000000007,pv_2param,0.0
True,20.0,0.73216805257037,0.04861995036878167,1.0000000000000069,pv_2param,1.5568742257175498e-16
True,20.0,0.30399624439872636,0.090360989774693,1.0137113271734368,pv_2param,7.689542371566325e-17
True,20.0,0.8846955656564328,0.1959777523375052,1.0555869027006608,pv_2param,7.91005407219267e-17
True,20.0,0.8747851287403199,0.13312693488683391,1.0000000000000007,pv_2param,6.955191940298539e-17
True,20.0,0.4698342636998588,0.12816212132324467,1.0622388887488226,pv_2param,1.19049234006851e-16
True,20.0,0.39899139528117855,0.11038881491560999,1.0000000000000018,pv_2param,0.0
True,20.0,1.4292601063409198,0.03379111780963302,1.0000000000000009,pv_2param,8.500425848978005e-17
True,20.0,0.4561495210251929,0.07751349505810551,1.0000000000000056,pv_2param,0.0
True,20.0,0.48922738300778157,0.01333922005467967,1.000000000000002,pv_2param,0.0
True,20.0,1.2028458323087423,0.19938789543251823,1.0329132143143251,pv_2param,0.0
True,20.0,1.4771115390934595,0.08109622202933178,1.0000000000000069,pv_2param,0.0
True,20.0,1.0536095131332728,0.1503647858883177,1.0000000000000047,pv_2param,1.076198257878781e-16
True,20.0,1.1206618847735446,0.1942812227474508,1.0346230899380422,pv_2param,5.504349223587436e-17
True,20.0,0.48115687729235024,0.17379028944088043,1.0000000000000027,pv_2param,8.586661017872139e-17
True,20.0,1.3446819379777868,0.07273985562457533,1.000000000000005,pv_2param,7.523898804945723e-17
True,20.0,1.486939830005144,0.11964379511113764,1.0000000000000044,pv_2param,7.411878944114273e-17
True,20.0,1.1001191016578404,0.19387493145189982,1.0000000000000069,pv_2param,0.0
True,20.0,1.1978178763015508,0.12021713420876304,1.0000000000000142,pv_2param,8.153079979826822e-17
True,20.0,0.870694290704878,0.045884611069013516,1.008694421548988,pv_2param,4.7241238173000414e-17
True,20.0,0.41694226532109924,0.17605098878793035,1.0000000000000016,pv_2param,8.066524173431549e-17
True,20.0,0.3065599544881142,0.18597881809166927,1.0000000000000004,pv_2param,2.834522815586525e-17
True,20.0,0.37344599557529506,0.19605001195766875,1.0203169094702271,pv_2param,0.0
True,20.0,1.2441995761631013,0.07948435695987846,1.0000000000000187,pv_2param,0.0
True,20.0,0.9971476451921821,0.16226260122926284,1.0567450125395965,pv_2param,0.0
True,20.0,0.5573508771671882,0.14617094802327657,1.0000000000000047,pv_2param,0.0
True,20.0,0.45947879858397733,0.0466644861819888,1.0000000000000022,pv_2param,7.326768728729118e-17
True,20.0,1.272884773809247,0.17830770779155858,1.0752001385496743,pv_2param,1.020042767592125e-16
True,20.0,0.8089479449838346,0.17324957453878376,1.0000000000000082,pv_2param,0.0
True,20.0,1.439371819266294,0.0912234199500325,1.000000000000008,pv_2param,1.301902439495584e-16
True,20.0,0.3186089735774107,0.08972978543504036,1.0126816428650742,pv_2param,7.013843034339394e-17
True,20.0,0.4183455765196449,0.11102289290357042,1.0252197543476653,pv_2param,7.70469039163509e-17
True,20.0,1.302300137582489,0.1607617354780938,1.0000000000000024,pv_2param,0.0
True,20.0,0.4413075958879574,0.14675926449942697,1.0820112934655053,pv_2param,0.0
True,20.0,0.48597464841420235,0.06351786821957058,1.0063813354194109,pv_2param,7.791896626123414e-17
True,20.0,0.32687146031312314,0.13004446182802307,1.0603148182248145,pv_2param,3.4725323352744147e-17
True,20.0,1.4929494553622893,0.09265286432476572,1.0000000000000118,pv_2param,5.736499318330486e-17
True,20.0,1.0189079946765223,0.015478553466970846,1.0000000000000007,pv_2param,6.113982330240994e-17
True,20.0,0.9389099546496473,0.19132437131643676,1.0774544607689904,pv_2param,1.055019429376553e-16
True,20.0,0.3454276399227357,0.12910223793294368,1.0000000000000038,pv_2param,0.0
True,20.0,0.5767140771288731,0.10842302266850211,1.0000000000000024,pv_2param,0.0
True,20.0,1.09974293848792,0.02652539204154294,1.000000000000011,pv_2param,0.0
True,20.0,0.7347483217533697,0.08525071552925284,1.0000000000000022,pv_2param,6.289643689390453e-17
True,20.0,1.366586544623259,0.19968568158159938,1.0000000000000049,pv_2param,5.600039596960983e-17
True,20.0,1.3534691688300653,0.15633052811662707,1.0000000000000153,pv_2param,8.770087324420209e-17
True,20.0,0.9592010421058994,0.04250185736492445,1.000000000000009,pv_2param,0.0
True,20.0,0.7694290262255241,0.14540896403036888,1.053379965956658,pv_2param,1.0154750521779842e-16
True,20.0,0.4087688467155685,0.034054670916869936,1.005393873520017,pv_2param,4.0302438491955267e-17
True,20.0,1.1100213997467219,0.10011826533558235,1.0000000000000078,pv_2param,4.6854459962880425e-17
True,20.0,1.481911966215722,0.023919688508648364,1.0000000000000022,pv_2param,1.0471285865449685e-16
True,20.0,1.3109503089953567,0.1173242102919117,1.0000000000000338,pv_2param,6.994413393145399e-17
True,20.0,1.16261034215595,0.14129272201642087,1.0000000000000038,pv_2param,1.9218190282992125e-16
True,20.0,0.5406142524513577,0.13626441727229585,1.0148843764031754,pv_2param,6.308187844572483e-17
True,20.0,1.1510974291866254,0.05230088013966179,1.0000000000000073,pv_2param,1.1888101257050248e-16
True,20.0,1.4627292354659212,0.11440967115051799,1.0000000000000053,pv_2param,0.0
True,20.0,0.6657413909494619,0.16526577815230264,1.048306068001762,pv_2param,5.3212419982755816e-17
True,20.0,0.985336955072116,0.12566171663061898,1.2145392188180517,pv_2param,0.0
True,20.0,0.5579920197109276,0.04274212058069815,1.0058365370306284,pv_2param,3.388567885957483e-17
True,20.0,1.1173594298756866,0.08900026253510858,1.0728015328736036,pv_2param,9.178503488872931e-17
True,20.0,1.1637504771037874,0.11689422108809265,1.0000000000000093,pv_2param,1.411580319188577e-16
True,20.0,0.7602935755178091,0.07578505133455721,1.000000000000003,pv_2param,0.0
True,20.0,0.9020954645629906,0.028629855377527425,1.0000000000000084,pv_2param,0.0
True,20.0,0.6133905724862303,0.038179115215898785,1.0095004408015797,pv_2param,0.0
True,20.0,0.9587310176402333,0.03459634009920796,1.00000000000002,pv_2param,6.393227952587769e-17
True,20.0,0.761020914113361,0.04771379798003126,1.0000000000000033,pv_2param,1.4951759203853698e-16
True,20.0,1.1956409474122591,0.09117315388167946,1.0000000000000022,pv_2param,0.0
True,20.0,0.7842497744655126,0.041570932680654815,1.0000000000000029,pv_2param,8.272875091874243e-17
True,20.0,1.2574312317261958,0.10012290505215807,1.000000000000009,pv_2param,8.141889020983644e-17
True,20.0,0.5474924351539792,0.0077773053963016816,1.0000000000000016,pv_2param,0.0
True,20.0,0.5518926596297546,0.015194806263548322,1.000000000000005,pv_2param,0.0
True,20.0,0.5247670548872678,0.1414705840089524,1.0057425056258489,pv_2param,1.5836902981977984e-16
True,20.0,1.2217230850570686,0.05969015929496662,1.0000000000000093,pv_2param,0.0
True,20.0,0.5056288341165025,0.14295314925943106,1.000000000000004,pv_2param,9.02557255196823e-17
True,20.0,0.7465726801805035,0.05686445969886836,1.0000000000000016,pv_2param,5.015857571569847e-17
True,20.0,1.1528060506377342,0.08534778095739684,1.0000000000000102,pv_2param,7.228306413625029e-17
True,20.0,0.39980775292451004,0.1604206146981992,1.0000000000000027,pv_2param,3.885725643114357e-17
True,20.0,0.9971421469716095,0.01502974956363381,1.0000000000000044,pv_2param,5.765504240184611e-17
True,20.0,0.8540346492709812,0.040195580851931895,1.0000000000000053,pv_2param,8.535386930680454e-17
True,20.0,0.6157149252749954,0.08189237711620292,1.0000000000000118,pv_2param,7.587990739962565e-17
True,20.0,1.1889237617638353,0.06893576845789554,1.0000000000000024,pv_2param,1.2496187136469438e-16
True,20.0,0.5271912498466395,0.032846418375290766,1.0834543542493782,pv_2param,3.398395927304238e-17
True,20.0,1.4649932769231155,0.1498810989091083,1.0000000000000069,pv_2param,9.472783675632365e-17
True,20.0,0.9111483323133354,0.1578854062699859,1.000000000000008,pv_2param,0.0
True,20.0,0.44914828431463927,0.0863339634146329,1.0386464673500093,pv_2param,3.6627480468919704e-17
True,20.0,0.4174612261746409,0.12071361420633864,1.0000000000000016,pv_2param,1.6063755964061875e-17
True,20.0,0.6075956224147845,0.04293459192123597,1.000000000000008,pv_2param,6.488700894260721e-17
True,20.0,0.3187550949461087,0.015655549656145264,1.0000000000000009,pv_2param,7.296086049257259e-17
True,20.0,0.9068718957076314,0.06582554589615155,1.0002447517672863,pv_2param,9.805220179669242e-17
True,20.0,0.3831908582811667,0.0005070939614594039,1.0000000000000007,pv_2param,0.0
True,20.0,0.8604828321515443,0.008274732502018224,1.0000000000000102,pv_2param,1.1099215976747001e-16
True,20.0,1.2671014903488733,0.015310909398944661,1.000000000000031,pv_2param,0.0
True,20.0,1.2220163514511018,0.18641659266712346,1.0248747283472102,pv_2param,1.0885727561106668e-16
True,20.0,1.359327200433082,0.13019227194330182,1.0002507228202078,pv_2param,1.9860366335704072e-16
True,20.0,0.3255241429414825,0.12707306003241362,1.0000000000000024,pv_2param,6.146860726285004e-17
True,20.0,0.9588753404156056,0.012196633426286142,1.070892698642309,pv_2param,7.81405221805395e-17
True,20.0,1.3363436115408136,0.01209555866251324,1.0000000000000195,pv_2param,8.462151726469452e-17
True,20.0,0.8108466961617158,0.10267170965275066,1.0002578287851716,pv_2param,5.659266465505029e-17
True,20.0,1.122740524359204,0.022511521318453066,1.0045431307108892,pv_2param,4.3090128725227065e-17
True,20.0,1.4787665907697438,0.17245915356893393,1.0496566017173445,pv_2param,1.020927261488564e-16
True,20.0,0.5861672827828139,0.17197993116716617,1.0000000000000007,pv_2param,2.897368327594411e-17
True,20.0,0.9253065427683904,0.15751925141303114,1.0000000000000102,pv_2param,0.0
True,20.0,1.155191856921866,0.1486053373847885,1.000000000000004,pv_2param,6.633317352102733e-17
True,20.0,1.1091375439056248,0.11407789428503903,1.0253034047885623,pv_2param,5.179911387643819e-17
True,20.0,0.7400700240328284,0.15658710632173836,1.0543185526450942,pv_2param,3.486126382962087e-17
True,20.0,0.9300136990648353,0.16144434603292493,1.0092097619839548,pv_2param,1.545322001723668e-17
True,20.0,1.2040161348648526,0.07348531231562237,1.0500972925009897,pv_2param,3.235338059605606e-17
True,20.0,1.0353756140111476,0.13033939172981165,1.0000000000000038,pv_2param,0.0
True,20.0,1.006975729785207,0.18638785125550578,1.0751901356270492,pv_2param,1.0426396433835362e-16
True,20.0,1.4080731966929405,0.16188369346687909,1.0000000000000029,pv_2param,0.0
True,20.0,0.5671574842383598,0.04338234480716703,1.000000000000002,pv_2param,1.331245527601314e-16
True,20.0,0.9578470818282889,0.19472928571166923,1.000000000000003,pv_2param,7.280677192663798e-17
True,20.0,0.7523126980728927,0.1808725640302414,1.0646891334826807,pv_2param,7.65400669345644e-17
True,20.0,0.47320655680752666,0.08157714494275728,1.0000000000000056,pv_2param,8.078106378965934e-17
True,20.0,1.4862090814777749,0.19878154263269085,1.0000000000000062,pv_2param,9.16222335608998e-17
True,20.0,0.7538518520211726,0.13622341783249542,1.00000000000001,pv_2param,7.505205793348018e-17
True,20.0,1.2173742421910128,0.1623408151743598,1.0227230682005914,pv_2param,5.639145832744785e-17
True,20.0,1.0018686125833955,0.0926466438617188,1.0510615663994471,pv_2param,6.624057517372334e-17
True,20.0,0.9029938419736412,0.15351074434604867,1.0067113959863052,pv_2param,1.623170170265697e-16
True,20.0,0.8340963740543703,0.16339583344154904,1.0375693810323792,pv_2param,0.0
True,20.0,1.41711963006234,0.17713825543120273,1.000000000000011,pv_2param,5.766700890007565e-17
True,20.0,1.2153597851901332,0.1408133295362096,1.0084762196558756,pv_2param,8.325233301405339e-17
True,20.0,1.2814637068470782,0.19423027583333644,1.0000000000000158,pv_2param,5.073189424667309e-17
True,20.0,0.8351518120361732,0.09119986420703344,1.0720911500411314,pv_2param,5.684826579347352e-17
True,20.0,1.2158634520357579,0.1218719188692383,1.0000000000000073,pv_2param,2.649507619264201e-16
True,20.0,0.5363078625660712,0.15339974346603275,1.0000000000000009,pv_2param,4.9230942464324324e-17
True,20.0,1.4662891689647597,0.1250090583479595,1.00000000000001,pv_2param,0.0
True,20.0,0.6956192276718458,0.05556523516484482,1.0000000000000013,pv_2param,5.358718996427234e-17
True,20.0,0.48606612372380686,0.02599800198136686,1.0000000000000018,pv_2param,1.8637812561307947e-16
True,20.0,1.4241142393923027,0.033270797848224336,1.0000000000000109,pv_2param,7.523194015313735e-17
True,20.0,1.1948696408669408,0.17470390881086734,1.000000000000005,pv_2param,4.847205472541206e-17
True,20.0,1.441965573040333,0.09990505894739372,1.0000000000000038,pv_2param,9.813146388989478e-17
True,20.0,0.8042791440267103,0.12552982923650105,1.0155515243461546,pv_2param,1.767919797478734e-16
True,20.0,1.0883912304476988,0.10013834603878634,1.0000000000000073,pv_2param,1.805228677568188e-16
True,20.0,1.4560445776744941,0.009381420408757935,1.0000000000000122,pv_2param,3.424879705029999e-17
True,20.0,0.35636826266724553,0.06591863780170382,1.0000000000000018,pv_2param,0.0
True,20.0,1.2787567245120766,0.020037430805591283,1.0000000000000078,pv_2param,8.534543678695261e-17
True,20.0,0.7796124838451357,0.03000519291790198,1.0348687316490595,pv_2param,1.5876606275318501e-16
True,20.0,1.0497309286136551,0.1755027761735798,1.0000000000000036,pv_2param,1.502485042539343e-16
True,20.0,0.5514382668249367,0.1108758217914096,1.0000000000000018,pv_2param,0.0
True,20.0,1.4884714209471719,0.059791788890225496,1.0000000000000142,pv_2param,5.79488430794181e-17
True,20.0,0.8364763036158303,0.03634003527943402,1.0000000000000007,pv_2param,6.191311524203802e-17
True,20.0,0.68447479700122,0.18641981170367897,1.0593800129632556,pv_2param,5.962888409050619e-17
True,20.0,1.477956763923353,0.16691422023277058,1.0000000000000144,pv_2param,4.959887896844134e-17
True,20.0,0.3527273136392564,0.05466634776658977,1.0079714719496002,pv_2param,5.870890412618167e-17
True,20.0,1.3240092127695122,0.1745186390122293,1.000000000000002,pv_2param,5.714784105256277e-17
True,20.0,0.3179865040420339,0.0013849913650554103,1.0072038017675038,pv_2param,0.0
True,20.0,0.8947685119302367,0.17528654355895895,1.022204529367128,pv_2param,0.0
True,20.0,0.4036788300274766,0.017141015738504708,1.0649336943009236,pv_2param,0.0
True,20.0,0.716556216327336,0.17914322873121336,1.0000000000000027,pv_2param,0.0
True,20.0,1.400986364974547,0.09021632249524716,1.0000000000000082,pv_2param,5.968001546860662e-17
True,20.0,1.1623778258290045,0.05006780365493362,1.000000000000014,pv_2param,1.168279774630259e-16
True,20.0,0.8627714071298613,0.030446442389015862,1.0026813590281527,pv_2param,1.0314009068121814e-16
True,20.0,0.5338143920469252,0.17482637748945107,1.0590017855063802,pv_2param,7.171761892522588e-17
True,20.0,1.003056425991016,0.014636424668055592,1.0000000000000124,pv_2param,0.0
True,20.0,1.4309414226458734,0.04563068393416632,1.0000000000000118,pv_2param,9.048602156902263e-17
True,20.0,0.9513025357543137,0.013109372839731948,1.013484728832055,pv_2param,2.6966972176669945e-17
True,20.0,1.3705316228368545,0.08806044698673693,1.0000000000000118,pv_2param,3.272360718191017e-17
True,20.0,0.8812194113310063,0.19538722165312275,1.0321563128484545,pv_2param,1.1346750788916878e-16
True,20.0,0.506981189508858,0.10502365386612658,1.0000000000000042,pv_2param,8.768853612248956e-17
True,20.0,0.6867055198389456,0.15832336590516413,1.042235949374376,pv_2param,1.646789548488275e-16
True,20.0,0.7459381302944479,0.07798104371383761,1.0000000000000098,pv_2param,0.0
True,20.0,0.7567947835164734,0.11272699025250268,1.0000000000000016,pv_2param,7.979251878175648e-17
True,20.0,1.2518799988337537,0.08646891833742694,1.0000000000000069,pv_2param,0.0
True,20.0,1.1543928153095466,0.174058180743269,1.0000000000000042,pv_2param,0.0
True,20.0,1.286856170795595,0.1612731882943856,1.0000000000000042,pv_2param,4.046907767324723e-17
True,20.0,0.6564450115224725,0.1635126511728177,1.0000000000000007,pv_2param,1.104279830513234e-16
True,20.0,0.9768004496747422,0.09913019057699504,1.000000000000003,pv_2param,1.1767364632088086e-16
True,20.0,1.0086041154683427,0.1726417508462671,1.0142016737485615,pv_2param,1.9260323789064076e-16
True,20.0,0.9227434162267767,0.1981068620636067,1.0000000000000016,pv_2param,9.08615028720767e-17
True,20.0,1.4687272254406019,0.10927960592032204,1.000000000000004,pv_2param,0.0
True,20.0,1.135125375303633,0.13260083176343238,1.029024278450028,pv_2param,5.209229536195893e-17
True,20.0,0.9551443134232083,0.0067855873416287965,1.0000000000000042,pv_2param,6.280775921051264e-17
True,20.0,1.2869511758317023,0.048752088302243604,1.0000000000000089,pv_2param,9.476470678780968e-17
True,20.0,1.1983874263884031,0.18203744443872985,1.0000000000000016,pv_2param,5.210792193086561e-17
True,20.0,1.3199582843650364,0.1241878322766416,1.0000000000000038,pv_2param,4.7094811512011344e-17
True,20.0,0.6980031119874095,0.12104550966106908,1.0000000000000022,pv_2param,9.378403522732046e-17
True,20.0,0.7067983155359199,0.16019484170283027,1.006687366483708,pv_2param,3.5545477679800185e-17
True,20.0,1.386194329204076,0.14682193509836244,1.0000000000000042,pv_2param,8.554278449924812e-17
True,20.0,0.8123758742595075,0.10312459319933875,1.0000000000000018,pv_2param,6.857025761815087e-17
True,20.0,1.3488198616326648,0.02450782013287167,1.000000000000003,pv_2param,1.0038010558582482e-16
True,20.0,0.8857735321965425,0.11790046841811962,1.0000000000000016,pv_2param,6.032451416177448e-17
True,20.0,0.9251713088788249,0.15023447178126836,1.0000000000000044,pv_2param,7.285078266509509e-17
True,20.0,0.8754872536379201,0.1931981727678546,1.0565559200921524,pv_2param,4.38493279786398e-17
True,20.0,0.6068451287448823,0.19144418841967029,1.0000000000000027,pv_2param,0.0
True,20.0,1.1184823666730899,0.02360121863882958,1.0000000000000027,pv_2param,9.957704689230947e-17
True,20.0,0.660085795161437,0.022367327959132145,1.0000000000000029,pv_2param,4.5780001050142e-17
True,20.0,0.998905476570086,0.14132879840254128,1.0000000000000047,pv_2param,1.037186092885543e-16
True,20.0,1.1996500252472575,0.024148758662097536,1.0000000000000113,pv_2param,0.0
True,20.0,1.002712688102796,0.03995344688829745,1.000000000000005,pv_2param,2.4699746867751146e-16
True,20.0,1.029512476691573,0.11132773456221064,1.0000000000000027,pv_2param,1.0128597624167818e-16
True,20.0,1.4177838415746824,0.011624274692811111,1.0000000000000173,pv_2param,1.0983907330517059e-16
True,20.0,0.5072985213545672,0.07169423073310018,1.0044268844821624,pv_2param,0.0
True,20.0,1.0613730449043126,0.1640740822758854,1.0000000000000115,pv_2param,1.6003858742113165e-16
True,20.0,0.7947216493681306,0.19582252366774044,1.0000000000000062,pv_2param,0.0
True,20.0,1.4962717101321579,0.15807937570431377,1.0305383033462205,pv_2param,1.2150916557673296e-16
True,20.0,1.0441855574936176,0.1388714543045053,1.0002689238961942,pv_2param,3.598028198123467e-17
True,20.0,1.2400428958386958,0.08408418476291352,1.000000000000013,pv_2param,1.4908286146727216e-16
True,20.0,0.5340188032763626,0.042757686879753634,1.000000000000014,pv_2param,6.218825310706888e-17
True,20.0,0.3758986235717396,0.1287948533574347,1.0000000000000007,pv_2param,0.0
True,20.0,0.5652109305524737,0.19153396885797336,1.0000000000000013,pv_2param,1.1467976878064292e-16
True,20.0,0.41436621702625864,0.17135661414006065,1.0000000000000018,pv_2param,7.322384857013578e-17
True,20.0,1.1396221612088095,0.15306530333278687,1.0000000000000133,pv_2param,1.3550254445548308e-16
True,20.0,1.4255374196547823,0.0951164749729317,1.0000000000000087,pv_2param,0.0
True,20.0,1.166374342833927,0.12714465193688115,1.0000000000000044,pv_2param,1.1065879298081617e-16
True,20.0,1.2483848687265255,0.17719103660310673,1.0000000000000029,pv_2param,0.0
True,20.0,0.669375198750735,0.002567505105294288,1.0000000000000075,pv_2param,4.129733394272611e-17
True,20.0,0.5468824726646742,0.18534783533488391,1.000000000000001,pv_2param,0.0
True,20.0,0.38444663702169585,0.07774445134746506,1.045800778046901,pv_2param,7.638236476140341e-17
True,20.0,1.0229541778676678,0.13997835564457758,1.0230553852279265,pv_2param,1.3700436706125742e-16
True,20.0,0.6420366068403549,0.11622384701174145,1.000000000000001,pv_2param,0.0
True,20.0,1.2098334177006467,0.140120314454228,1.0000000000000069,pv_2param,5.2559217120050054e-17
True,20.0,0.47527758607957565,0.1240248639396419,1.0000000000000022,pv_2param,1.3974590417133125e-16
True,20.0,0.566671062195939,0.022578007446470316,1.0000000000000067,pv_2param,5.21072582288196e-17
True,20.0,1.4440308855494526,0.18363699248517792,1.0495324356295386,pv_2param,8.2349439583355e-17
True,20.0,0.3729139252304495,0.002335050458616572,1.0101659040647504,pv_2param,1.2610411414902408e-16
True,20.0,1.498802436062169,0.10806018112004592,1.0000000000000118,pv_2param,0.0
True,20.0,1.035861884322108,0.04658103984563451,1.0000000000000102,pv_2param,0.0
True,20.0,1.110252389158937,0.0750752004872387,1.0000000000000133,pv_2param,4.048259224680227e-17
True,20.0,0.8336382391060428,0.1970191862272325,1.0385833848215889,pv_2param,5.3409427833458364e-17
True,20.0,1.491106296212627,0.05916043715533797,1.0000000000000149,pv_2param,5.901808248537448e-17
True,20.0,0.5534528910537797,0.09868966394781375,1.000000000000007,pv_2param,4.9641608421565766e-17
True,20.0,0.9686395164446628,0.119686997686068,1.061458294388569,pv_2param,7.450075001110434e-17
True,20.0,0.9122806805661552,0.0302408810090425,1.0000000000000142,pv_2param,1.5509823906746037e-16
True,20.0,0.47927106917188556,0.10471444783294265,1.0000000000000069,pv_2param,5.040158373029175e-17
True,20.0,0.9273891780190595,0.09176150168100008,1.0723894926215336,pv_2param,9.853455328869002e-17
True,20.0,0.6716591929584386,0.12465397588894495,1.0000000000000007,pv_2param,2.0813023643765655e-17
True,20.0,0.7084575536016411,0.0041967344189516535,1.00000000000002,pv_2param,0.0
True,20.0,0.8144103463102894,0.16560206162547186,1.000000000000001,pv_2param,7.435011845652076e-17
True,20.0,0.6442709031628104,0.03905518262398107,1.0000000000000129,pv_2param,9.578193527717938e-17
True,20.0,0.3437516697608836,0.1649710838715287,1.0000000000000022,pv_2param,8.622188090444794e-17
True,20.0,1.0474478123123085,0.1493238107973077,1.0064055335783695,pv_2param,5.321500923007203e-17
True,20.0,0.5530126224917702,0.09119059308825675,1.0194704852622103,pv_2param,0.0
True,20.0,0.33114447216124443,0.12084453705482104,1.0762191073175351,pv_2param,1.7594060382856164e-16
True,20.0,1.4219911374008984,0.09139916338137549,1.187906438853612,pv_2param,6.827843560993832e-17
True,20.0,0.8917142696957403,0.14740388394451523,1.0494735332850675,pv_2param,5.2617818453664016e-17
True,20.0,0.7653372030080923,0.05343231743801587,1.000000000000006,pv_2param,1.5801512504383532e-16
True,20.0,1.1218843782015866,0.1985399199362535,1.0000000000000036,pv_2param,7.405498164931391e-17
True,20.0,0.3780678297438597,0.011217230372837707,1.000000000000004,pv_2param,8.729831674225012e-17
True,20.0,1.4906713257452662,0.016885184748511927,1.0000000000000393,pv_2param,9.261182147732345e-17
True,20.0,0.42654498379285655,0.02676042304432833,1.0000000000000056,pv_2param,7.220694341204985e-17
True,20.0,0.34616795674719764,0.1587630429794159,1.0577558877317803,pv_2param,0.0
True,20.0,0.3897906619679783,0.00748521163402276,1.0189554362498587,pv_2param,4.127973000714464e-17
True,20.0,1.2669233214044842,0.128738049911592,1.0000000000000098,pv_2param,1.6641324827214249e-16
True,20.0,1.2523122160672495,0.14201914531220744,1.033588619678534,pv_2param,1.0595153811889092e-16
True,20.0,0.8418046724691348,0.0058764674641691664,1.000000000000003,pv_2param,6.158166624318831e-17
True,20.0,0.4448931848540183,0.06839979107964292,1.0000000000000029,pv_2param,5.759200777166937e-17
True,20.0,1.179739152664856,0.05748120516852089,1.00000000000001,pv_2param,6.786114331892066e-17
True,20.0,1.0170587848274524,0.05133132236277345,1.0000000000000053,pv_2param,0.0
True,20.0,1.3846812226739464,0.17863600557484166,1.0000000000000029,pv_2param,0.0
True,20.0,0.6980496886765482,0.16465661622465688,1.0000000000000078,pv_2param,3.283720226919265e-17
True,20.0,0.4922212933758263,0.1391495044857609,1.0602257912599877,pv_2param,1.2797719137305241e-16
True,20.0,1.2544881699416817,0.1515841146234191,1.0000000000000118,pv_2param,5.762724447685824e-17
True,20.0,0.4198295406755882,0.15826487697234815,1.0160845836926538,pv_2param,7.427949281559549e-17
True,20.0,1.24566225927369,0.1485803854309955,1.000000000000008,pv_2param,0.0
True,20.0,0.44232356390471606,0.1576679124797565,1.0000000000000036,pv_2param,1.9277025892952213e-17
True,20.0,0.5420321652913243,0.07464321793706485,1.0172947336991258,pv_2param,3.739879121388284e-17
True,20.0,1.0270892096893696,0.13152972780833347,1.0678801406820357,pv_2param,6.518201110861273e-17
True,20.0,0.3682790677882773,0.18765891351560804,1.0288769880467166,pv_2param,6.100865185508709e-17
True,20.0,1.3689650031175247,0.10477822727669575,1.0000000000000069,pv_2param,9.974030087696342e-17
True,20.0,1.2225461444178454,0.1896044767354249,1.0000000000000038,pv_2param,0.0
True,20.0,1.1337856033949607,0.05151481264373579,1.0000000000000198,pv_2param,0.0
True,20.0,0.8755455020219636,0.10261033393582242,1.0000000000000135,pv_2param,0.0
True,20.0,0.9733495072287703,0.015910118246924964,1.0000000000000062,pv_2param,5.669182727565748e-17
True,20.0,0.5318023631235278,0.12214731198938261,1.000000000000005,pv_2param,2.86973040789956e-17
True,20.0,0.899044024901533,0.09685051985653188,1.0000000000000042,pv_2param,0.0
True,20.0,1.3732597405341926,0.016300683992479217,1.000000000000003,pv_2param,0.0
True,20.0,0.32963981427729805,0.027347393874853788,1.0277064911731546,pv_2param,0.0
True,20.0,1.0753840035822149,0.03546930473398326,1.0000000000000102,pv_2param,0.0
True,20.0,1.3873993866425638,0.10018073420833973,1.0947854646733008,pv_2param,3.6158418952554816e-17
True,20.0,1.449407212962558,0.17867209931669695,1.001810706430978,pv_2param,6.822259286113884e-17
True,20.0,0.6194593982888001,0.15633721644442175,1.0000000000000022,pv_2param,1.5890638556489147e-16
True,20.0,1.080881459705988,0.10855907819996176,1.000000000000007,pv_2param,1.0150735639434464e-16
True,20.0,0.9666354699762305,0.061674820092035315,1.0000000000000282,pv_2param,8.474194945295778e-17
True,20.0,1.1827108326660742,0.19706200389085796,1.0000000000000038,pv_2param,6.887764160096549e-17
True,20.0,0.3383954300517192,0.12210700760761116,1.0000000000000002,pv_2param,0.0
True,20.0,0.6041924981560938,0.06669424454549411,1.000000000000002,pv_2param,0.0
True,20.0,1.0287146292839353,0.11901431394760592,1.0109860225424654,pv_2param,5.094838997554122e-17
True,20.0,0.9183916844445159,0.04070144015634101,1.0000000000000004,pv_2param,4.5146820074360134e-17
True,20.0,0.6968577740407548,0.10997438557443745,1.0000000000000029,pv_2param,0.0
True,20.0,0.7698655817435904,0.19271992885937325,1.013829613977063,pv_2param,0.0
True,20.0,0.31205530159705275,0.046228324145779334,1.0365342061672376,pv_2param,5.2857287690561134e-17
True,20.0,0.8279920395037579,0.08702893579918763,1.0347712528732442,pv_2param,5.026068961762773e-17
True,20.0,1.387985466741085,0.10770389819433356,1.0000000000000016,pv_2param,7.511260774369269e-17
True,20.0,1.4061178440724362,0.10995930385761546,1.0143852587061006,pv_2param,1.2611771144557758e-16
True,20.0,0.7545976709778264,0.020833076127188144,1.0000000000000224,pv_2param,1.141643933224007e-16
True,20.0,0.6531235706252191,0.08265010447164955,1.026664517116794,pv_2param,7.447292960589723e-17
True,20.0,0.9980141707063521,0.17930089922711168,1.0000000000000107,pv_2param,0.0
True,20.0,1.159926854781617,0.046095610222176724,1.0000000000000098,pv_2param,6.435023252394292e-17
True,20.0,0.9295792272972141,0.05695034821090579,1.0000000000000016,pv_2param,9.655149852201891e-17
True,20.0,0.5531049611392911,0.047870301058288295,1.0000000000000042,pv_2param,0.0
True,20.0,0.5172772480895481,0.006797157237472451,1.0000000000000024,pv_2param,5.488520975482765e-17
True,20.0,0.9412594039438895,0.17135964089865685,1.0000000000000018,pv_2param,0.0
True,20.0,1.4853357524587514,0.1364429578553967,1.0113378087365923,pv_2param,7.685784081122505e-17
True,20.0,0.49504699654446055,0.13129743314314596,1.0000000000000009,pv_2param,1.114779849775447e-16
True,20.0,0.30197532928414594,0.028519515029398868,1.0434615881061031,pv_2param,9.854042080601855e-17
True,20.0,0.8844702454281839,0.14871222308990578,1.000000000000001,pv_2param,5.986790142165567e-17
True,20.0,1.1211966813902714,0.17345843380842543,1.0552127738678392,pv_2param,1.8039382010134093e-16
True,20.0,1.1954241460929385,0.15282840156373767,1.0000000000000058,pv_2param,1.0932344293372459e-16
True,20.0,0.8615966129800177,0.07907348203183447,1.0000000000000129,pv_2param,0.0
True,20.0,0.6566798035651003,0.03553491178635988,1.0000000000000053,pv_2param,8.83064242549974e-17
True,20.0,0.38818237429881064,0.0019183136866872898,1.0959456724915426,pv_2param,1.3390896305024999e-16
True,20.0,1.2513815650041733,0.13993040419233793,1.0000000000000049,pv_2param,4.6315871383304505e-17
True,20.0,0.7014880358886505,0.1582212544563021,1.0000000000000024,pv_2param,0.0
True,20.0,1.1139431234277621,0.1720773595999897,1.0000000000000073,pv_2param,0.0
True,20.0,0.9947370475259818,0.12199984418366124,1.020910210077639,pv_2param,8.594639788388378e-17
True,20.0,0.6429528272663758,0.05941123897823029,1.0000000000000009,pv_2param,7.27556782822512e-17
True,20.0,0.49607932621034234,0.19066743564363586,1.0000000000000004,pv_2param,7.362885442271394e-17
True,20.0,0.9037817140130957,0.12101684252808104,1.0000000000000004,pv_2param,0.0
True,20.0,0.5366428911238807,0.040138537704533885,1.000000000000001,pv_2param,1.3465003119030406e-16
True,20.0,0.7282072489505942,0.1785656210219807,1.0000000000000024,pv_2param,7.716376534275525e-17
True,20.0,1.0978521602008426,0.13808129826566665,1.000000000000004,pv_2param,4.7999912782035265e-17
True,20.0,1.0682640675087072,0.14773972609975772,1.0000000000000133,pv_2param,0.0
True,20.0,1.0918383377241807,0.16725700220380757,1.0000000000000016,pv_2param,6.439775121363713e-17
True,20.0,0.6973683534129387,0.0948504388064213,1.0793832487401762,pv_2param,9.983313803712393e-17
True,20.0,1.3680344222328837,0.12409119382650324,1.0000000000000158,pv_2param,0.0
True,20.0,1.01000291038031,0.1855385972265863,1.022473269123248,pv_2param,6.352204977662019e-17
True,20.0,1.0961538753453388,0.031082707439630465,1.0000000000000049,pv_2param,0.0
True,20.0,0.7922082128147607,0.10534984572350446,1.0000000000000009,pv_2param,1.0622638823185772e-16
True,20.0,1.1184039969340163,0.045638759783305116,1.0092221944837108,pv_2param,5.767329800922509e-17
True,20.0,0.9227963368351391,0.07787763664792927,1.0000000000000047,pv_2param,1.030967387645032e-16
True,20.0,0.8796058804224098,0.13063370735585048,1.0000000000000024,pv_2param,5.92702313230409e-17
True,20.0,0.6175416658521984,0.04475848983316329,1.0306320487151086,pv_2param,3.158844624631323e-17
True,20.0,0.7719551782256956,0.1470147335991621,1.0000000000000067,pv_2param,9.702597203963363e-17
True,20.0,1.0783340870693874,0.06086708875014915,1.0000000000000095,pv_2param,5.586235678317359e-17
True,20.0,0.4784249148119968,0.18737088704592075,1.0676027355319706,pv_2param,1.246277957942173e-16
True,20.0,1.3843150620150455,0.17466633305581944,1.0000000000000167,pv_2param,0.0
True,20.0,1.4265448484128154,0.10235990809064435,1.0000000000000013,pv_2param,3.2629298937639604e-17
True,20.0,0.6709429979872428,0.005759779877800808,1.0000000000000135,pv_2param,0.0
True,20.0,1.1944081379193974,0.17263223430295938,1.000000000000002,pv_2param,0.0
True,20.0,1.3259080049376126,0.01459148325234041,1.0000000000000406,pv_2param,3.958048700573037e-17
True,20.0,0.6515619854988635,0.14198036849018683,1.0000000000000089,pv_2param,8.772579618959802e-17
True,20.0,1.3995404523400277,0.14613296529549424,1.0000000000000018,pv_2param,1.6008569399821394e-16
True,20.0,1.2506528853962908,0.13141795133699755,1.0000000000000029,pv_2param,1.5664141868175723e-16
True,20.0,0.5158790339329817,0.1128468802137898,1.052090589958486,pv_2param,1.0451956951896888e-16
True,20.0,0.7930184535083076,0.05585942673444817,1.0000000000000036,pv_2param,4.9844119588676594e-17
True,20.0,1.0779621385587035,0.13155630979596364,1.000000000000001,pv_2param,4.700070834891182e-17
True,20.0,0.7644836819601171,0.06227198407317811,1.014282828467295,pv_2param,2.292067052040172e-16
True,20.0,0.7142016390894762,0.1709824302028893,1.0350742540362527,pv_2param,8.762468800788206e-17
True,20.0,1.0753256207617916,0.1465338069148607,1.0431220383658,pv_2param,6.486832908962901e-17
True,20.0,0.41628418575879605,0.16254005710906916,1.0372412127500024,pv_2param,1.1886432383923036e-16
True,20.0,1.282453715529921,0.13493717357966695,1.000000000000009,pv_2param,1.1328133752878257e-16
True,20.0,0.8800385881531232,0.17356945019780914,1.000000000000001,pv_2param,8.651240723722056e-17
True,20.0,0.9235302553935616,0.11240088945802953,1.000000000000006,pv_2param,6.574588021456684e-17
True,20.0,0.3663024279188757,0.0005369128205171992,1.0821486185579603,pv_2param,3.070610301839306e-17
True,20.0,1.3950698686075733,0.0786799296878697,1.0000000000000204,pv_2param,0.0
True,20.0,1.34300933488658,0.18746565867462206,1.0000000000000133,pv_2param,7.627865591135966e-17
True,20.0,0.31252629943772087,0.11429265152665627,1.000000000000001,pv_2param,1.0539085042155396e-16
True,20.0,0.8376506596688544,0.003176811592531137,1.0000000000000069,pv_2param,6.822011109828217e-17
True,20.0,1.0340246813937575,0.04975932916466228,1.0000000000000249,pv_2param,0.0
True,20.0,0.3986221926388345,0.11669338149999516,1.0648420168204933,pv_2param,0.0
True,20.0,0.5363640722944698,0.10920701825907253,1.0000000000000033,pv_2param,8.251299600561866e-17
True,20.0,1.1776505262512809,0.021362815070122543,1.0000000000000202,pv_2param,1.0820408552528433e-16
True,20.0,1.489077779092021,0.14821899832158045,1.0000000000000089,pv_2param,9.326020794654414e-17
True,20.0,0.37781619854383686,0.020242678303919372,1.030877465090411,pv_2param,4.153308457135031e-17
True,20.0,0.6362411035276179,0.15986631295350864,1.0000000000000013,pv_2param,1.1860871008596615e-16
True,20.0,1.096733500729672,0.1982125528324433,1.0000000000000013,pv_2param,0.0
True,20.0,0.7266341974420376,0.11062123559654774,1.0619782836835372,pv_2param,7.52016906842378e-17
True,20.0,0.3155422991921043,0.136706774428929,1.0367016374067026,pv_2param,6.86600146151697e-17
True,20.0,0.7522489378143158,0.003520613263896211,1.0000000000000266,pv_2param,0.0
True,20.0,1.4831549965419992,0.08582062265686129,1.0319478187782123,pv_2param,1.5099734794577837e-16
True,20.0,1.4094591048134921,0.09400563872285253,1.0000000000000058,pv_2param,6.626496255866916e-17
True,20.0,1.2723902336414838,0.06770208752744698,1.0000000000000222,pv_2param,6.789721036582632e-17
True,20.0,0.6585792022608596,0.17397464863412512,1.000000000000003,pv_2param,0.0
True,20.0,0.924705006248695,0.047703350730355726,1.0000000000000047,pv_2param,8.761673455566903e-17
True,20.0,1.0668759983764282,0.18175741669562342,1.00000000000001,pv_2param,1.1358142699944318e-16
True,20.0,0.7641624942584321,0.04447219851351079,1.000000000000001,pv_2param,0.0
True,20.0,1.2579658951940045,0.14869364304236654,1.0000000000000189,pv_2param,5.231403869984518e-17
True,20.0,0.6467484417406897,0.013756527862583657,1.0000000000000002,pv_2param,5.497547490636552e-17
True,20.0,0.930075989455019,0.192924122551395,1.0437854276741438,pv_2param,0.0
True,20.0,0.42934985246183255,0.060950612888051973,1.0098771839623093,pv_2param,3.9724189957431185e-17
True,20.0,1.0408935705548268,0.1639520026330047,1.000000000000002,pv_2param,5.961859623446384e-17
True,20.0,0.4323831850700263,0.12362370908054994,1.0000000000000013,pv_2param,8.053583209252923e-17
True,20.0,0.7856240535262009,0.1585814931547096,1.0552033966592171,pv_2param,7.543875203430954e-17
True,20.0,0.30997225635820097,0.1794796442315829,1.0000000000000027,pv_2param,6.724583074458539e-17
True,20.0,1.0020872293061525,0.054865871248520805,1.000000000000006,pv_2param,8.044958609943112e-17
True,20.0,1.163551528153077,0.07384137776740761,1.0416193569948442,pv_2param,8.874950106240866e-17
True,20.0,0.6170911563752896,0.0330465704648117,1.000000000000002,pv_2param,9.495941328151482e-17
True,20.0,0.7638691831154509,0.19560310380267504,1.000000000000002,pv_2param,7.133112731073407e-17
True,20.0,1.0764107995970498,0.13110778442394228,1.000000000000001,pv_2param,1.3724902471540737e-16
True,20.0,1.3215520452529372,0.1396775348538348,1.017325953158481,pv_2param,5.956573746961645e-17
True,20.0,1.0347746446109405,0.1587265721100763,1.0000000000000013,pv_2param,1.5462363558560322e-16
True,20.0,0.8202214413573476,0.12635196715165645,1.0087387485197512,pv_2param,1.0128663057262908e-16
True,20.0,0.8292761492556031,0.19006615332714616,1.0065876239102252,pv_2param,8.541459854923298e-17
True,20.0,0.3566996156424847,0.062345766252264005,1.0000000000000007,pv_2param,5.2723295101666965e-17
True,20.0,0.3570602154563285,0.19656445283798157,1.0000000000000016,pv_2param,6.887344381067486e-17
True,20.0,0.8768584834255084,0.01620996211337893,1.0000000000000138,pv_2param,7.891825223053245e-17
True,20.0,0.43076982219115467,0.18603311757523275,1.0044598247813799,pv_2param,4.0812562003584215e-17
True,20.0,1.0721943327258916,0.07499574473003338,1.0000000000000044,pv_2param,0.0
True,20.0,1.0402455019212833,0.013221441437844228,1.0000000000000069,pv_2param,5.310227116267902e-17
True,20.0,0.7563036313717386,0.1735545847511599,1.0121383341229204,pv_2param,8.541647856515664e-17
True,20.0,0.3696220698000675,0.17555046395730195,1.0038340029241777,pv_2param,8.448346280186211e-17
True,20.0,1.1025857157021157,0.04267698560801723,1.000000000000004,pv_2param,5.884250366510464e-17
True,20.0,1.3752863209304589,0.18171250668481645,1.0000000000000038,pv_2param,7.277466798013058e-17
True,20.0,0.9667522374322439,0.08553468752446985,1.0000000000000009,pv_2param,0.0
True,20.0,1.0111418992119077,0.137048755757191,1.003499836279287,pv_2param,4.001613542331835e-17
True,20.0,1.2186091426539416,0.06883933918756428,1.0000000000000162,pv_2param,0.0
True,20.0,0.7573850430478843,0.028919842195484782,1.0000000000000149,pv_2param,0.0
True,20.0,1.4093570124448795,0.07458415314764406,1.0000000000000053,pv_2param,5.911764000971016e-17
True,20.0,0.9498263330499137,0.04590075163454524,1.00000000000001,pv_2param,0.0
True,20.0,0.8433845543687974,0.1086961303877859,1.0000000000000004,pv_2param,5.530414199467715e-17
True,20.0,1.0292562688553608,0.0888279763836477,1.0000000000000002,pv_2param,7.867671935484552e-17
True,20.0,0.5733772272640967,0.18040418859505447,1.0117534114003697,pv_2param,9.524205729715537e-17
True,20.0,1.3771858114973827,0.10123198244092535,1.0000000000000044,pv_2param,1.5299545957933497e-16
True,20.0,0.47701264821940015,0.11513134680572557,1.0000000000000062,pv_2param,0.0
True,20.0,0.9933312818462166,0.05877181005834116,1.000000000000006,pv_2param,9.336371585084783e-17
True,20.0,1.198505879678778,0.006119043517151779,1.000000000000005,pv_2param,0.0
True,20.0,0.3843481504037506,0.13307779321096455,1.0000000000000009,pv_2param,7.018215256464325e-17
True,20.0,0.6129160830111677,0.09559427675503473,1.000000000000004,pv_2param,0.0
True,20.0,1.0311229663214683,0.02270042531793779,1.0000000000000018,pv_2param,3.409046457175651e-17
True,20.0,0.6097540903332219,0.15811689700053386,1.090212604143832,pv_2param,0.0
True,20.0,1.2027474375307237,0.1981280260357269,1.0000000000000027,pv_2param,1.0644490392118442e-16
True,20.0,1.0750061632451555,0.132776560273629,1.0000000000000104,pv_2param,5.856624260874782e-17
True,20.0,0.7218660998076161,0.10640863560436105,1.0178833393859206,pv_2param,1.288033821803876e-16
True,20.0,0.5024508236533152,0.05356082042964168,1.1861427693546223,pv_2param,7.318157952938815e-17
True,20.0,1.299459833587432,0.020070179740349994,1.0000000000000155,pv_2param,0.0
True,20.0,0.6489849158776777,0.1521563969112504,1.0190245669979794,pv_2param,5.790488565720208e-17
True,20.0,1.0190641811414403,0.13036065632116467,1.0000000000000029,pv_2param,1.699558021330831e-16
True,20.0,1.1084662435606194,0.05446260113878163,1.021991678737915,pv_2param,1.9505759171886002e-16
True,20.0,0.9314396681519783,0.09765282643857875,1.0000000000000007,pv_2param,0.0
True,20.0,0.5591169346757725,0.07187796069845949,1.0000000000000013,pv_2param,3.3440566087357975e-17
True,20.0,0.7095562534861352,0.06335462989994115,1.0869294328565284,pv_2param,0.0
True,20.0,0.4135567760597552,0.09316722308509551,1.0000000000000029,pv_2param,2.2281918169338577e-16
True,20.0,1.097515764982258,0.06740732571408917,1.000000000000018,pv_2param,7.065096262069338e-17
True,20.0,0.8123522433900665,0.13405225077581784,1.0000000000000013,pv_2param,0.0
True,20.0,0.5117986490029552,0.13084225738146693,1.000000000000003,pv_2param,0.0
True,20.0,0.44498549024664746,0.10150691064014955,1.0044112104034122,pv_2param,1.9528951451465338e-16
True,20.0,1.2824888825549838,0.08293943784199885,1.000000000000014,pv_2param,1.5436360152435482e-17
True,20.0,0.8320996445637829,0.16815417481423534,1.000000000000003,pv_2param,0.0
True,20.0,0.9395430795960391,0.14506376378651772,1.0000000000000029,pv_2param,0.0
True,20.0,1.2195521463373433,0.09071659583811897,1.0168508054860264,pv_2param,2.079341951276228e-17
True,20.0,0.3351378183344499,0.002741197725832612,1.0000000000000084,pv_2param,0.0
True,20.0,0.8148524543604401,0.1959866546153808,1.0200843359264204,pv_2param,0.0
True,20.0,0.5000416029059636,0.18920085629035388,1.0000000000000047,pv_2param,0.0
True,20.0,1.040738830996171,0.05058256865496367,1.0000000000000016,pv_2param,7.183265885288454e-17
True,20.0,0.6247908144950439,0.14068041296386366,1.0000000000000075,pv_2param,7.792610224977807e-17
True,20.0,1.4291802886896583,0.08806412027524882,1.0000000000000009,pv_2param,0.0
True,20.0,0.7863178316869491,0.13636563568075485,1.033120810037564,pv_2param,0.0
True,20.0,0.33269258844220234,0.15189689632996056,1.016351292830299,pv_2param,6.403836499723286e-17
True,20.0,0.46535865213203775,0.11976746340743559,1.0000000000000027,pv_2param,0.0
True,20.0,1.4039512893291086,0.1756147153300638,1.0000000000000075,pv_2param,1.7527219539295275e-16
True,20.0,0.8865218228197567,0.14328068749507775,1.000000000000004,pv_2param,1.0749439095126623e-16
True,20.0,0.9400503647026395,0.09618651614282735,1.000000000000001,pv_2param,8.317000179833829e-17
True,20.0,1.4992848729501065,0.05526694676975572,1.000000000000002,pv_2param,1.0193663917311193e-16
True,20.0,0.7434975034681774,0.126298354734892,1.0000000000000113,pv_2param,6.411403938380711e-17
True,20.0,1.4131192938495174,0.09060822566571061,1.0000000000000109,pv_2param,9.475460924609288e-17
True,20.0,1.14782995194068,0.03224792494932427,1.0000000000000007,pv_2param,0.0
True,20.0,0.9718124512728572,0.13987079268047412,1.0000000000000029,pv_2param,1.6697241097869795e-17
True,20.0,1.3836631783883604,0.08173509095763339,1.0000000000000215,pv_2param,1.0679299542711466e-16
True,20.0,1.4860356350878823,0.19427223167696006,1.0,pv_2param,8.999726599189972e-17
True,20.0,1.2075763522385983,0.09185883649438296,1.0000000000000082,pv_2param,1.0053265562323489e-16
True,20.0,0.8562899671745343,0.12588647089903418,1.0000000000000095,pv_2param,6.489617948839368e-17
True,20.0,1.2853686937952338,0.09389456949535387,1.0000000000000078,pv_2param,6.07448761150476e-17
True,20.0,0.5470376016510734,0.16199832514544527,1.0000000000000024,pv_2param,0.0
True,20.0,0.7444904085677537,0.13735922816428967,1.0393333059815957,pv_2param,1.618681495698486e-16
True,20.0,1.4281173380710106,0.19009463104096505,1.0326034214903703,pv_2param,9.66070022381129e-17
True,20.0,1.0230153395663195,0.12334839786813162,1.0001861396806344,pv_2param,7.310727319145906e-17
True,20.0,0.4265264397983061,0.006087460785726151,1.0000000000000073,pv_2param,0.0
True,20.0,0.3346172379280854,0.05823990857623247,1.0000000000000033,pv_2param,1.210466708969316e-16
True,20.0,1.3389326836206223,0.16597945123539917,1.0281794879134047,pv_2param,4.819420228195919e-17
True,20.0,0.5171435050200126,0.07337406605517958,1.043130782171506,pv_2param,8.511460806355771e-17
True,20.0,0.44769309157607784,0.08448757812897295,1.0012793137163296,pv_2param,1.1750502975768943e-16
True,20.0,0.9259411208549881,0.04939077805709407,1.0000000000000013,pv_2param,0.0
True,20.0,0.4883678128672468,0.15270449298119307,1.050568325885851,pv_2param,8.874011226423057e-17
True,20.0,1.1335764168443647,0.16357663576293274,1.0000000000000022,pv_2param,0.0
True,20.0,1.134710295244204,0.19030903243357278,1.0000000000000009,pv_2param,0.0
True,20.0,0.36973524780264494,0.09081961815751985,1.0000000000000016,pv_2param,9.902219659481832e-17
True,20.0,0.804154227727482,0.051890809781671,1.0000000000000016,pv_2param,9.197579009828102e-17
True,20.0,0.616109400304383,0.12776132559394238,1.0000000000000073,pv_2param,4.629360914761846e-17
True,20.0,1.306368758156819,0.1372096387604236,1.0000000000000069,pv_2param,1.3052515379547826e-16
True,20.0,1.4826032746107367,0.16807857973442197,1.0000000000000004,pv_2param,1.5587206436334266e-16
True,20.0,0.8769525903659752,0.13477718226001598,1.0000000000000013,pv_2param,6.793050995145475e-17
True,20.0,1.2469424516867436,0.18776511756333558,1.060120999084589,pv_2param,5.956313718756214e-17
True,20.0,0.5398925436472637,0.06288594631346237,1.0583363645265575,pv_2param,1.7877107070297067e-16
True,20.0,0.8362494109427787,0.14210184469781154,1.0000000000000036,pv_2param,0.0
True,20.0,0.919103305091439,0.024431799364514985,1.000000000000008,pv_2param,0.0
True,20.0,1.1609145792426485,0.1168185990607179,1.0000000000000062,pv_2param,4.742822796477556e-17
True,20.0,0.5301791056325238,0.04996888034425689,1.0000000000000018,pv_2param,7.512970492247493e-17
True,20.0,0.8717319884751966,0.13141604864624268,1.0000000000000013,pv_2param,0.0
True,20.0,0.9897684099484094,0.19988408888675757,1.0000000000000047,pv_2param,7.37858239979494e-17
True,20.0,0.5542837850790238,0.01273408120380899,1.0000000000000067,pv_2param,1.2397669075324465e-16
True,20.0,0.6184833058842418,0.043156930131274085,1.0000000000000024,pv_2param,6.947769784647608e-17
True,20.0,0.43618871401376513,0.03148968836600441,1.2445919234823444,pv_2param,7.71706425851794e-17
True,20.0,0.8582513220878101,0.16951406539951205,1.0802237377661787,pv_2param,7.424275756437557e-17
True,20.0,0.8949630630752481,0.09514483495966992,1.0000000000000029,pv_2param,0.0
True,20.0,0.5238416788189042,0.151313691369589,1.0515737122951436,pv_2param,9.40339862541185e-17
True,20.0,1.279655862396416,0.10510537505374502,1.0000000000000056,pv_2param,8.92283001078671e-17
True,20.0,0.7961308409553882,0.028758669772160617,1.000000000000005,pv_2param,0.0
True,20.0,1.1335847803845769,0.09858271974193014,1.000000000000001,pv_2param,5.83567020896584e-17
True,20.0,1.2965280788347722,0.10111943013902243,1.0000000000000075,pv_2param,0.0
True,20.0,0.9040544270159836,0.12124353442516432,1.0266323901119074,pv_2param,9.223262018149373e-17
True,20.0,0.7924839530478249,0.06655569536328487,1.0240157967261811,pv_2param,5.4897598015793175e-17
True,20.0,1.2792961405915495,0.11111569757497815,1.0000000000000007,pv_2param,5.448734837334204e-17
True,20.0,0.9079684157003551,0.17380376179336898,1.0000000000000033,pv_2param,1.3647590946773893e-17
True,20.0,0.6124717649771609,0.12397356484576108,1.0502946789298564,pv_2param,3.990998529988398e-17
True,20.0,0.7214829300942438,0.039855530453235644,1.000000000000028,pv_2param,1.6897126910504907e-16
True,20.0,1.105725548254482,0.1623765135957871,1.1171205363147776,pv_2param,8.993888436620078e-17
True,20.0,0.7758146237797658,0.00705826249053867,1.104321585312382,pv_2param,5.2775034083928813e-17
True,20.0,0.9697344949229756,0.16763108205349328,1.0716432231305013,pv_2param,1.1049458014882523e-16
True,20.0,1.2402102026049666,0.1944544074576974,1.173671236427219,pv_2param,7.059250363379515e-17
True,20.0,1.2115922958811491,0.08069784816811261,1.0000000000000098,pv_2param,5.236586437491866e-17
True,20.0,0.5421152647863586,0.1380906401695551,1.0000000000000013,pv_2param,9.087514760745556e-17
True,20.0,0.9977592490162008,0.0577422952519173,1.0000000000000069,pv_2param,0.0
True,20.0,1.2805240404793996,0.18873976221751088,1.0000000000000069,pv_2param,5.892962368883278e-17
True,20.0,1.467897277562118,0.1800014853435199,1.0000000000000107,pv_2param,1.0621792567488148e-16
True,20.0,0.38484779311897266,0.17953613448606198,1.0647532267914404,pv_2param,7.601958641726474e-17
True,20.0,0.35199779080001664,0.09798528371971527,1.0264316727306468,pv_2param,1.010372053899344e-16
True,20.0,0.3255103070527062,0.0579351137128928,1.0430090217027579,pv_2param,5.3443398286398406e-17
True,20.0,0.31378017738086994,0.1526418346822558,1.0328404956508097,pv_2param,7.06415559192557e-17
True,20.0,1.1931762289425847,0.11612987502578445,1.0280092709488817,pv_2param,1.1614338631789842e-16
True,20.0,0.40983635131399265,0.12183359559044615,1.033453468141035,pv_2param,0.0
True,20.0,1.4946171442843406,0.056785152392347896,1.0000000000000153,pv_2param,0.0
True,20.0,0.9759172820030177,0.05965479455825982,1.0000000000000075,pv_2param,0.0
True,20.0,1.1131707884115725,0.15925356247778688,1.0322389930109315,pv_2param,1.1566521633043846e-16
True,20.0,1.2699441953877457,0.1971108233737692,1.000000000000004,pv_2param,1.0041273461465809e-16
True,20.0,1.040334621477029,0.12033862610616518,1.000000000000016,pv_2param,0.0
True,20.0,0.9440670170068326,0.12632169669972979,1.000000000000005,pv_2param,8.167577087726993e-17
True,20.0,1.3996945147308693,0.1566658615650836,1.005649073000567,pv_2param,7.066758560890231e-17
True,20.0,1.412163035898403,0.14474947871194924,1.0000000000000016,pv_2param,8.572347543303385e-17
True,20.0,0.40119226703613264,0.020662660368411603,1.0014552039894349,pv_2param,6.765666614694692e-17
True,20.0,0.8481099750236714,0.08852055758134081,1.0000000000000013,pv_2param,5.20416143269121e-17
True,20.0,0.5843159525905899,0.04009088580912015,1.0000000000000029,pv_2param,6.102025170473803e-17
True,20.0,1.4600077940529879,0.07945074787509865,1.0000000000000122,pv_2param,5.838729253708484e-17
True,20.0,0.8739744063416777,0.1296308561688684,1.047042952940922,pv_2param,7.495351730908735e-17
True,20.0,1.0340810218405772,0.11073516736937182,1.0859767285419808,pv_2param,7.328928744444511e-17
True,20.0,1.4741282188735072,0.04057474691044534,1.0000000000000087,pv_2param,5.4004153762749354e-17
True,20.0,1.4796464131095783,0.19694323653225446,1.0000000000000053,pv_2param,7.049014453294142e-17
True,20.0,1.428854126057938,0.0966591237963225,1.0000000000000038,pv_2param,6.539869912493828e-17
True,20.0,0.45837742994833,0.10779264251872055,1.0000000000000009,pv_2param,1.0229114229308972e-16
True,20.0,0.33030934633472947,0.10125015258982027,1.0000000000000007,pv_2param,5.576525113571374e-17
True,20.0,1.0571938934403107,0.13321632948036563,1.000000000000012,pv_2param,9.52321342148798e-17
True,20.0,1.030589290615489,0.024023502084409332,1.0168423014347328,pv_2param,1.4732964889428264e-16
True,20.0,0.478940707083862,0.1899910660253921,1.0000000000000007,pv_2param,8.49612074621126e-17
True,20.0,0.37707424935362677,0.1735057900431188,1.0000000000000009,pv_2param,0.0
True,20.0,0.48364101150533445,0.1651386078766972,1.000000000000003,pv_2param,8.622426749929069e-17
True,20.0,1.30820025097623,0.10349453435345363,1.0000000000000142,pv_2param,0.0
True,20.0,0.8103023472385753,0.04718162602591547,1.004031729515392,pv_2param,5.2571699228284104e-17
True,20.0,0.4216150127107286,0.11147690380335003,1.0007910943144422,pv_2param,0.0
True,20.0,0.7786276522422316,0.09995931952649809,1.0000000000000027,pv_2param,8.45248861363192e-17
True,20.0,0.6108155878590367,0.08497078400526148,1.0250463046671736,pv_2param,8.610114890446862e-17
True,20.0,0.962247490359905,0.09105875259444228,1.0000000000000064,pv_2param,5.0929186735203624e-17
True,20.0,0.6765490291586909,0.16864399857025603,1.0388859686692469,pv_2param,1.0701328681988845e-16
True,20.0,0.4959417323980855,0.09141088999304997,1.0000000000000064,pv_2param,5.46081395053636e-17
True,20.0,1.3507087810526306,0.04098242662621037,1.0083088254148742,pv_2param,8.974527376564957e-17
True,20.0,1.1894641620923587,0.05050126455335997,1.0000000000000224,pv_2param,6.284485417805182e-17
True,20.0,0.5293166699188052,0.18155005775103847,1.0334841692723324,pv_2param,6.271329314116264e-17
True,20.0,0.8553472404209836,0.05735703509240502,1.0230986243081308,pv_2param,1.2924336680913582e-17
True,20.0,0.43466369550246997,0.19327203870756726,1.0511590891287312,pv_2param,1.2024981818542166e-16
True,20.0,0.4127900959673296,0.05761606171902148,1.0117023016865132,pv_2param,8.826436174291773e-17
True,20.0,0.49815717226154743,0.06241202051309174,1.1171539082733024,pv_2param,3.9529465629311195e-17
True,20.0,0.5733114557338808,0.014813204815340542,1.000000000000002,pv_2param,0.0
True,20.0,1.0908670693045925,0.05529496466903301,1.0000000000000093,pv_2param,0.0
True,20.0,1.3877689199868413,0.005730850425500278,1.0000000000000084,pv_2param,7.822027118898217e-17
True,20.0,1.1592840364433437,0.011796723080353356,1.0000000000000036,pv_2param,0.0
True,20.0,0.42901552325989345,0.17993448425191785,1.0502014214019086,pv_2param,0.0
True,20.0,1.2692938453088578,0.18211206491391554,1.0000000000000036,pv_2param,0.0
True,20.0,1.034020303874511,0.016901658610920144,1.0000000000000044,pv_2param,5.448138046002477e-17
True,20.0,1.4305505276159105,0.106189698835034,1.0000000000000009,pv_2param,1.881161641834469e-16
True,20.0,1.018104135739855,0.16624951341329752,1.0000000000000018,pv_2param,5.60489524430496e-17
True,20.0,1.0040944576950468,0.04661715267863851,1.0000000000000235,pv_2param,6.7179338791614e-17
True,20.0,1.1195109168765072,0.028653263528170325,1.0000000000000038,pv_2param,5.718636178937226e-17
True,20.0,1.0146211235350338,0.1840066467043697,1.0030285053970407,pv_2param,1.019605719335954e-16
True,20.0,0.6761029985392315,0.0641058356153903,1.000000000000003,pv_2param,1.087882873685429e-16
True,20.0,0.8604257251757228,0.0857339426763934,1.000000000000007,pv_2param,1.1837574143442477e-16
True,20.0,0.72284085741344,0.1113554807603404,1.1188538074531276,pv_2param,3.644672398685671e-17
True,20.0,1.010120758660309,0.1821651306552988,1.0000000000000013,pv_2param,4.4401842014970745e-17
True,20.0,0.7691230448772874,0.008495622101220146,1.0000000000000127,pv_2param,7.995648689290762e-17
True,20.0,0.678035100894961,0.1231747283872222,1.0013106672355723,pv_2param,1.4325935880381587e-16
True,20.0,1.1295266577117435,0.1436657354495748,1.0000000000000084,pv_2param,3.617837135923401e-17
True,20.0,1.2323696895808034,0.1047318380274823,1.0000000000000269,pv_2param,3.9160511328931473e-17
True,20.0,0.5508945291116351,0.14622202453649033,1.0000000000000007,pv_2param,6.330643149447173e-17
True,20.0,0.8662805938847391,0.05608271461911501,1.000000000000007,pv_2param,8.318139205293072e-17
True,20.0,1.3008830180938842,0.14191796388143033,1.017949894654499,pv_2param,8.191596667232154e-17
True,20.0,0.753509029371608,0.004652577730941454,1.000000000000005,pv_2param,3.195458503392637e-17
True,20.0,1.251278076544884,0.010319790347221858,1.0000000000000204,pv_2param,0.0
True,20.0,0.7670218595998621,0.0879545464098261,1.004786597668548,pv_2param,6.949334596399043e-17
True,20.0,1.006116597817489,0.16014632948638097,1.0000000000000024,pv_2param,1.2127991584544867e-16
True,20.0,0.9342336924744541,0.14057255385280173,1.0000000000000029,pv_2param,1.1716370032961009e-16
True,20.0,0.41597991243073507,0.0786288041108161,1.0000000000000016,pv_2param,1.4043919357868105e-16
True,20.0,1.370372855262874,0.10715593682559443,1.0000000000000042,pv_2param,8.058800317558513e-17
True,20.0,1.3690349357006268,0.04140882457545454,1.0000000000000149,pv_2param,5.472529400511432e-17
True,20.0,0.45354575540691455,0.16640820377040044,1.0000000000000024,pv_2param,8.892381500736682e-17
True,20.0,0.37300872480750413,0.08252952444213164,1.0000000000000004,pv_2param,0.0
True,20.0,0.6438993911004587,0.1511801752563957,1.0617516003364589,pv_2param,2.7118798610952155e-17
True,20.0,0.4097750168096391,0.1488277916017486,1.000000000000001,pv_2param,2.6217190293035505e-17
True,20.0,1.1660319400825248,0.0934923735892443,1.0000000000000018,pv_2param,8.200432869268708e-17
True,20.0,1.439667160754813,0.1983778850579171,1.0000000000000018,pv_2param,0.0
True,20.0,1.1813950221198777,0.13128392016359922,1.0000000000000009,pv_2param,4.318414570992378e-17
True,20.0,0.8548644532274219,0.008290494090602651,1.000000000000013,pv_2param,0.0
True,20.0,0.3014220517522118,0.14804043362278071,1.0000000000000007,pv_2param,1.0037793206929423e-16
True,20.0,0.7622038530843223,0.05338940360840867,1.0000000000000036,pv_2param,2.28141090736157e-16
True,20.0,1.1202323352504122,0.14350992258726766,1.0000000000000095,pv_2param,0.0
True,20.0,1.4874860892013768,0.09350592996286236,1.0000000000000093,pv_2param,0.0
True,20.0,0.41625564498004036,0.18733127574947195,1.0772230868230424,pv_2param,7.805771379595796e-17
True,20.0,0.5119314779381097,0.19682304557328625,1.0000000000000022,pv_2param,0.0
True,20.0,1.2245057133954704,0.06124672933343467,1.0644470724309356,pv_2param,8.166577003000292e-17
True,20.0,1.2230875521196913,0.12767822036929447,1.048261609538869,pv_2param,8.90706135375449e-17
True,20.0,1.3599654586903005,0.07596769386499236,1.000000000000002,pv_2param,6.457910855010932e-17
True,20.0,1.0440304818042434,0.07004261184439176,1.0000000000000013,pv_2param,1.5053140619232638e-16
True,20.0,0.4964598303196375,0.07008703638402425,1.043971806701335,pv_2param,0.0
True,20.0,1.1275832366566032,0.12239624937586605,1.0000000000000098,pv_2param,1.275570597747953e-16
True,20.0,1.008068145820665,0.09516135705087957,1.0000000000000047,pv_2param,4.816992024196208e-17
True,20.0,1.0722858131259456,0.13413480599381988,1.002424812919719,pv_2param,1.591833883010273e-16
True,20.0,1.1342305988957506,0.0316589510404889,1.000000000000012,pv_2param,5.932780034176632e-17
True,20.0,1.4452907974324316,0.05295142952522916,1.0000000000000082,pv_2param,5.022833622123945e-17
True,20.0,0.8388409051957597,0.058368712692091054,1.000000000000001,pv_2param,9.655302198454811e-17
True,20.0,1.3767778518826606,0.057601944690533126,1.0000000000000007,pv_2param,1.4633930205600855e-16
True,20.0,1.2630116876769064,0.18621592368737455,1.000000000000004,pv_2param,5.1205393125037294e-17
True,20.0,0.8816038469969398,0.1822767203882985,1.000000000000004,pv_2param,6.139966028430447e-17
True,20.0,0.3782823907860593,0.07521332261160851,1.000000000000001,pv_2param,7.695279121760067e-17
True,20.0,0.7612588982453103,0.15121183820941878,1.000000000000003,pv_2param,7.994137756226921e-17
True,20.0,1.2601884796354839,0.1366139959977252,1.0000000000000084,pv_2param,9.532778552658311e-17
True,20.0,0.9607791182566321,0.13756444474629065,1.0000000000000073,pv_2param,0.0
True,20.0,0.7864722363404415,0.04903481828827543,1.040467929222475,pv_2param,1.1154508004528365e-16
True,20.0,1.4844172551462127,0.08207407223692503,1.0000000000000298,pv_2param,0.0
True,20.0,1.0441394128347736,0.08364731037112726,1.0000000000000064,pv_2param,9.16451833227378e-17
True,20.0,1.2806866382643847,0.18913269885111322,1.0000000000000053,pv_2param,5.690896597575116e-17
True,20.0,0.3064265936201607,0.08029461595081387,1.000387499768309,pv_2param,9.223812238399794e-17
True,20.0,0.5153971409340573,0.02308817965566179,1.0000000000000056,pv_2param,1.5741119550989362e-16
True,20.0,1.3459535300622205,0.10732737739497274,1.0000000000000162,pv_2param,1.541336003515791e-16
True,20.0,0.45644001220613695,0.06808505584445812,1.0000000000000102,pv_2param,0.0
True,20.0,0.5808575248754442,0.15214610866882738,1.0000000000000009,pv_2param,5.4408779950747966e-17
True,20.0,0.7661372178712492,0.047940708414478644,1.0000000000000042,pv_2param,0.0
True,20.0,1.0409613085920348,0.060918176816539084,1.0000000000000258,pv_2param,1.4684473755706336e-16
True,20.0,1.2300747896914561,0.03302936307659878,1.0000000000000098,pv_2param,9.87463409410897e-17
True,20.0,0.9704080579784109,0.17799637190572426,1.0164224449877752,pv_2param,0.0
True,20.0,0.43147542520786397,0.07291846507662769,1.0000000000000007,pv_2param,8.810541273550592e-17
True,20.0,1.1078775698208978,0.1360096230546408,1.0000000000000049,pv_2param,5.71341100737422e-17
True,20.0,0.8633967809147771,0.13968798130996493,1.0559947096074875,pv_2param,4.319817241581321e-17
True,20.0,1.14033911727063,0.1457527191796781,1.0131378617616804,pv_2param,3.306790293275171e-17
True,20.0,0.981365443681308,0.08551730228917408,1.0000000000000169,pv_2param,0.0
True,20.0,0.3758689241600231,0.12786284117433794,1.0365775256870855,pv_2param,1.1696067167133833e-16
True,20.0,1.1658500561655818,0.034705158689885905,1.0000000000000233,pv_2param,6.587582377158944e-17
True,20.0,1.4100234603859405,0.12608090421196874,1.0000000000000042,pv_2param,8.158296221818012e-17
True,20.0,0.41588992427662597,0.03972608200921499,1.0118034815497705,pv_2param,6.564461789389786e-17
True,20.0,1.4077499124487158,0.13678321890005837,1.000000000000001,pv_2param,1.6221096254557094e-17
True,20.0,0.9953989342647782,0.09784063964498738,1.0583500756837083,pv_2param,8.736348254099163e-17
True,20.0,1.083543967704469,0.13408164170990752,1.0000000000000009,pv_2param,0.0
True,20.0,0.8663068327861332,0.1590246931473732,1.0143291878472644,pv_2param,6.993258882591323e-17
True,20.0,1.2917090481795175,0.15116150505820924,1.0000000000000087,pv_2param,4.458047775991411e-17
True,20.0,1.4725639552585048,0.03520667375987834,1.0000000000000302,pv_2param,8.81222772628813e-17
True,20.0,1.261590117816455,0.18307565384600163,1.0000000000000058,pv_2param,6.274961661409667e-17
True,20.0,0.9614852641781553,0.02129847080845855,1.0000000000000029,pv_2param,0.0
True,20.0,0.4839168150740113,0.15471408947829646,1.0000000000000002,pv_2param,8.693848812415248e-17
True,20.0,0.9884861257720663,0.03698713522596238,1.1078900828488532,pv_2param,9.487741502848197e-17
True,20.0,0.5815510416537422,0.10034411485580944,1.000000000000001,pv_2param,8.095371531428798e-17
True,20.0,0.6394546306689143,0.19812969236654185,1.0000000000000029,pv_2param,6.140364890612893e-17
True,20.0,1.1803232606412821,0.07314864802038994,1.000000000000004,pv_2param,5.859898878185973e-17
True,20.0,0.390776179844831,0.035089685202871146,1.0000000000000029,pv_2param,8.581733390813074e-17
True,20.0,0.5435354235865396,0.17709728656649262,1.009348731521851,pv_2param,6.545871367834231e-17
True,20.0,0.4095219682218414,0.02965834274097401,1.0000000000000027,pv_2param,0.0
True,20.0,1.2219533278561168,0.051767425688844675,1.0000000000000053,pv_2param,9.678932652692597e-17
True,20.0,1.0519481498612708,0.1338435242624283,1.0000000000000022,pv_2param,8.80488823563171e-17
True,20.0,0.9831900716967239,0.0769196621447662,1.0000000000000056,pv_2param,0.0
True,20.0,0.8205386979558924,0.019581114363725186,1.028256397505303,pv_2param,1.2052042147303413e-16
True,20.0,0.7444426768503504,0.16131595691910602,1.0246634976874682,pv_2param,8.224335874516245e-17
True,20.0,1.1779281211043924,0.023154168769634966,1.0000000000000209,pv_2param,0.0
True,20.0,1.2544653038698041,0.18338976098080922,1.0000000000000013,pv_2param,0.0
True,20.0,0.45655397648866713,0.17655466838610553,1.0000000000000007,pv_2param,6.767754161710115e-17
True,20.0,1.2689376750121346,0.17334959314259046,1.0000000000000102,pv_2param,1.0520512503613688e-16
True,20.0,0.5147043771758198,0.13789572061093275,1.0124061413933714,pv_2param,3.725353379269281e-17
True,20.0,1.3631653091047686,0.12867281813757167,1.0000000000000038,pv_2param,7.312347767113194e-17
True,20.0,1.2865362791306776,0.12070281048842796,1.0000000000000042,pv_2param,0.0
True,20.0,1.2131602746420522,0.03644577719750726,1.0468655581661506,pv_2param,5.759284364491201e-17
True,20.0,0.8487500146204774,0.12595491765875436,1.0677169642018607,pv_2param,5.973490693672504e-17
True,20.0,1.287147683096597,0.1563397325033187,1.0000000000000007,pv_2param,4.805457326234482e-17
True,20.0,0.695372956709094,0.11818584058720848,1.000000000000005,pv_2param,4.3505297330290516e-17
True,20.0,1.0012032607781005,0.029036481069144873,1.1485813400076843,pv_2param,3.850168566832259e-17
True,20.0,0.6405822028944943,0.13869074140672227,1.021854072114546,pv_2param,0.0
True,20.0,1.4479490134068762,0.0692813777682815,1.0000000000000153,pv_2param,0.0
True,20.0,0.6572546874886273,0.035986477073206506,1.138656002892894,pv_2param,7.524883003967147e-17
True,20.0,0.6403538733717858,0.05274227774638929,1.0000000000000073,pv_2param,6.138764135630602e-17
True,20.0,0.6228324381086433,0.0033061827301547053,1.0000000000000042,pv_2param,4.687541338656949e-17
True,20.0,1.0632913368605628,0.17215073745999,1.0000000000000082,pv_2param,0.0
True,20.0,0.9394170061005562,0.015094746087635126,1.0000000000000002,pv_2param,6.50865651653018e-17
True,20.0,0.6620906750176359,0.0795162388969296,1.000000000000006,pv_2param,8.691084724702966e-17
True,20.0,0.6077428079909044,0.00473538564101177,1.0000000000000098,pv_2param,0.0
True,20.0,0.588691965243184,0.10189916454423771,1.0000000000000036,pv_2param,5.017077131856497e-17
True,20.0,0.581733380818555,0.07048397677471177,1.0179759023779518,pv_2param,6.716633109357865e-17
True,20.0,0.32112185737054877,0.02124840584601342,1.0063597770892876,pv_2param,1.7827567595535165e-16
True,20.0,1.0318628545444888,0.03977997011810517,1.0000000000000053,pv_2param,6.691232910692948e-17
True,20.0,1.2083227806754113,0.11372198774248694,1.0000000000000207,pv_2param,3.880942726622692e-17
True,20.0,0.9280215419086706,0.04205152129276562,1.0000000000000073,pv_2param,0.0
True,20.0,0.6042446643052937,0.12287741064646784,1.0000000000000024,pv_2param,0.0
True,20.0,0.6140100579881334,0.02941433284844306,1.0000000000000067,pv_2param,7.154784117121076e-17
True,20.0,0.40020684638751014,0.013889266496406295,1.0000000000000062,pv_2param,7.561938739688495e-17
True,20.0,0.8686033875409289,0.11929251440898184,1.0000000000000002,pv_2param,0.0
True,20.0,0.7866975500362758,0.11410039779399994,1.0000000000000009,pv_2param,0.0
True,20.0,1.31470329663704,0.10135571392409326,1.0000000000000016,pv_2param,9.81077920082459e-17
True,20.0,0.4262512016506719,0.19067069299205197,1.0529737866109505,pv_2param,9.655835650511551e-17
True,20.0,1.492350052981898,0.1433539773485397,1.0371259290495916,pv_2param,9.585911562278013e-17
True,20.0,0.9775450809363713,0.18508021175299005,1.000000000000002,pv_2param,8.106952888524251e-17
True,20.0,0.979659243249706,0.01334640503838065,1.0000000000000098,pv_2param,1.2357003952385682e-16
True,20.0,0.7410533157264667,0.14723727596369807,1.0000000000000029,pv_2param,1.5091156134567765e-16
True,20.0,1.3018452058936099,0.11647869832846132,1.025751803994105,pv_2param,6.029463629077158e-17
True,20.0,1.3669017151236362,0.19152536803487247,1.0000000000000058,pv_2param,5.4907655870037156e-17
True,20.0,1.0288745294477522,0.09367071400791781,1.0000000000000024,pv_2param,5.0157629153021074e-17
True,20.0,1.494671481056866,0.013116341689559309,1.000000000000022,pv_2param,1.3477984408295232e-16
True,20.0,0.6278562720295496,0.040097848897388634,1.0568941696357048,pv_2param,5.809919930956544e-17
True,20.0,0.7138567753204459,0.09046050963767407,1.0000000000000038,pv_2param,6.670623627045121e-17
True,20.0,1.2502568839075376,0.11363449700165794,1.0000000000000013,pv_2param,8.118911453711197e-17
True,20.0,0.8714381414968526,0.14086614686116802,1.039008256491651,pv_2param,5.949167220913753e-17
True,20.0,0.8969175889822159,0.15593526374899136,1.0000000000000009,pv_2param,1.1564337014691186e-16
True,20.0,1.0916641351578935,0.12004474209798713,1.0000000000000049,pv_2param,5.2124416393292704e-17
True,20.0,0.8360364152965412,0.1411145779235867,1.07963651513505,pv_2param,3.6518986791852936e-17
True,20.0,0.657192943181675,0.1364354250140423,1.000000000000002,pv_2param,7.752202572771235e-17
True,20.0,1.11155626909796,0.04700215953370364,1.000000000000003,pv_2param,1.0660692282968144e-16
True,20.0,0.4356102482259028,0.03753110353406422,1.0000000000000049,pv_2param,9.438689961732633e-17
True,20.0,1.0755050434915465,0.19078822054783895,1.0063775704478166,pv_2param,7.128892728280609e-17
True,20.0,1.1236360503779885,0.030119479828124664,1.0000000000000104,pv_2param,0.0
True,20.0,0.39152037257657907,0.19054180790486255,1.0333620460316244,pv_2param,0.0
True,20.0,1.422370390228923,0.07034422129312293,1.0000000000000102,pv_2param,6.430769484167638e-17
True,20.0,0.37118662292836757,0.11033305650125314,1.061881146575762,pv_2param,7.35367220452637e-17
True,20.0,0.5347065933785435,0.09165383015565337,1.0000000000000007,pv_2param,7.908004123878865e-17
True,20.0,1.2878688208648266,0.07476098496669115,1.000000000000023,pv_2param,6.701314338249605e-17
True,20.0,0.387741284539978,0.0323736508622394,1.0000000000000004,pv_2param,0.0
True,20.0,0.7958431332572853,0.024728309167810703,1.0000000000000004,pv_2param,7.977114145351267e-17
True,20.0,0.8079038175012299,0.07313772201830641,1.0000000000000016,pv_2param,1.2352626978682793e-16
True,20.0,0.9307052508594047,0.1065735970571597,1.0000000000000016,pv_2param,5.603711132906852e-17
True,20.0,1.376669105334488,0.03193079687084284,1.0232508087377246,pv_2param,8.793297517926531e-17
True,20.0,0.8566662518993522,0.07482499669108698,1.0000000000000082,pv_2param,1.9108942615453631e-16
True,20.0,1.489174431524929,0.06456203646097317,1.0000000000000087,pv_2param,1.3667940201564038e-16
True,20.0,0.620453829249469,0.05321626220228655,1.0000000000000056,pv_2param,0.0
True,20.0,1.4796925905934841,0.02101667122601001,1.0000000000000417,pv_2param,7.036099690777233e-17
True,20.0,0.5888679086444846,0.09035885865004566,1.0100334495446155,pv_2param,8.989714645756424e-17
True,20.0,0.6668467160122233,0.05005914433722983,1.0000000000000127,pv_2param,0.0
True,20.0,1.2742469783179615,0.08632310877905332,1.055717238859877,pv_2param,9.826315837159562e-17
True,20.0,0.6202574319333478,0.12599834442641614,1.0000000000000013,pv_2param,4.5566334760770536e-17
True,20.0,0.6025913959044596,0.10937138720185353,1.0000000000000007,pv_2param,6.55721570246336e-17
True,20.0,1.3546650496585755,0.1254158749391891,1.0000000000000013,pv_2param,8.44800277972372e-17
True,20.0,1.4459875941532099,0.03574336182362372,1.000000000000007,pv_2param,0.0
True,20.0,0.44678050780114176,0.038831980609619836,1.00000000000001,pv_2param,0.0
True,20.0,0.3279671465007598,0.10426066960721923,1.000000000000003,pv_2param,2.832593745674717e-17
True,20.0,0.5685888069822884,6.599906871453954e-05,1.0125375122695561,pv_2param,1.0120526221629477e-16
True,20.0,0.7493403927268865,0.08715784976300237,1.0293493884525395,pv_2param,8.96981981663658e-17
True,20.0,0.8625617694840217,0.158496958730718,1.0000000000000038,pv_2param,1.4270466099341003e-16
True,20.0,0.44619012414013015,0.06751054213267153,1.083896333459747,pv_2param,0.0
True,20.0,0.3438469862021854,0.055864197979376744,1.0356033748173163,pv_2param,4.5220825582268074e-17
True,20.0,0.6823916298737291,0.05684821313887056,1.0000000000000082,pv_2param,5.0206630271909344e-17
True,20.0,0.7535321352371351,0.1609241078481052,1.0000000000000027,pv_2param,3.868998464197516e-17
True,20.0,0.8864583032441495,0.02688580186976204,1.000000000000005,pv_2param,8.324059092294923e-17
True,20.0,0.5664170992613915,0.007584867824980291,1.0567661584541677,pv_2param,0.0
True,20.0,1.302893505805882,0.04890912565718644,1.0000000000000138,pv_2param,0.0
True,20.0,0.8987196575516947,0.01887370603443943,1.0000000000000029,pv_2param,3.7364222701072364e-17
True,20.0,0.9843726787311657,0.11223774635211653,1.0000000000000078,pv_2param,6.731529622096341e-17
True,20.0,0.658223847371443,0.168948786091291,1.0000000000000004,pv_2param,0.0
True,20.0,1.3697295552227207,0.1495051372082851,1.000000000000011,pv_2param,0.0
True,20.0,1.0541062022917604,0.19212060418776108,1.0000000000000027,pv_2param,7.649562207675773e-17
True,20.0,1.0446199351962848,0.17986951052682135,1.0162895557301324,pv_2param,9.026180737431563e-17
True,20.0,0.5203492454720283,0.019606886449050554,1.000000000000009,pv_2param,6.269528574528243e-17
True,20.0,1.2893037849599713,0.19397851258733437,1.0000000000000022,pv_2param,0.0
True,20.0,0.8318477562387039,0.08034758542851637,1.000000000000004,pv_2param,0.0
True,20.0,0.6328295566735543,0.04000758510928364,1.0000000000000124,pv_2param,9.32666760584843e-17
True,20.0,0.6448776315151147,0.14319548443601807,1.0465568468237898,pv_2param,8.746776426776362e-17
True,20.0,1.3647419562036154,0.10545483873937256,1.0000000000000056,pv_2param,0.0
True,20.0,0.4818556515905569,0.038226542912344355,1.0000000000000016,pv_2param,8.66780181234367e-17
True,20.0,1.4319768539056692,0.10142558498824633,1.0000000000000224,pv_2param,1.0045566088832946e-16
True,20.0,0.8512967378083023,0.14113114429519666,1.000017083044987,pv_2param,2.2134780923883596e-17
True,20.0,0.7787625780677052,0.09359140489202396,1.0000000000000127,pv_2param,1.152141606578342e-16
True,20.0,0.8482449122373437,0.009720040392742102,1.0000000000000047,pv_2param,8.829587255787725e-17
True,20.0,0.5403324770243421,0.11335181262460231,1.0000000000000018,pv_2param,5.460140175008511e-17
True,20.0,0.8404271965488528,0.1675217417820154,1.0157141965542478,pv_2param,0.0
True,20.0,0.8343707233503432,0.030396711708725578,1.000000000000002,pv_2param,0.0
True,20.0,0.379302719025032,0.17299700765928339,1.0247072390426,pv_2param,5.999137315456857e-17
True,20.0,0.37193046709876154,0.0485001756167158,1.0001073003034437,pv_2param,7.670736745869112e-17
True,20.0,1.4751111654029934,0.09953212778513161,1.0000000000000084,pv_2param,7.510163766845018e-17
True,20.0,0.8616242034178303,0.09728024069988912,1.0000000000000062,pv_2param,1.1117773860160407e-16
True,20.0,1.415969265115244,0.08463494590547267,1.0067039184889606,pv_2param,6.628838634722387e-17
True,20.0,1.0632733967058519,0.06631591498525942,1.0000000000000118,pv_2param,1.6177150928581063e-16
True,20.0,0.6998993509596325,0.09167284361011879,1.0000000000000029,pv_2param,0.0
True,20.0,1.307967858162716,0.1085983397935829,1.000000000000022,pv_2param,7.867549930420099e-17
True,20.0,1.2888025429684047,0.11878340444933043,1.0569853289117719,pv_2param,5.90063371259871e-17
True,20.0,1.4103958250656226,0.13004126242737193,1.0000000000000149,pv_2param,0.0
True,20.0,0.7640226786444506,0.06776640488484356,1.0000000000000044,pv_2param,4.617483597009205e-17
True,20.0,0.8261887743032819,0.012226483479775174,1.0000000000000067,pv_2param,1.2932026665033032e-16
True,20.0,0.5763923530266368,0.0979955138698583,1.0000000000000098,pv_2param,0.0
True,20.0,1.1990954073538158,0.026480643156634676,1.0000000000000162,pv_2param,0.0
True,20.0,0.7382516822720874,0.09045001376074802,1.0000000000000078,pv_2param,7.202528392975306e-17
True,20.0,1.2749044380352452,0.10154529402144111,1.0000000000000144,pv_2param,4.163952997141294e-17
True,20.0,0.5653700033579583,0.14619528146278174,1.036028684504231,pv_2param,4.316981846223506e-17
True,20.0,0.5012813917324417,0.03803072423568663,1.0000000000000255,pv_2param,6.324681405199809e-17
True,20.0,0.43430933700114527,0.11097699045880637,1.0291206957155818,pv_2param,1.4004722245402562e-16
True,20.0,0.7818739377294076,0.08033084345791833,1.000000000000007,pv_2param,0.0
True,20.0,0.6490298516522599,0.05564169933953916,1.0000000000000098,pv_2param,0.0
True,20.0,1.4075318139960917,0.011784814815954881,1.000000000000029,pv_2param,0.0
True,20.0,0.9550489257122621,0.07753517844471491,1.0000000000000169,pv_2param,1.0333976585523115e-16
True,20.0,0.7217911178888237,0.10489205665675704,1.0000000000000042,pv_2param,7.104861510720023e-17
True,20.0,0.7121646925797991,0.08383552187114268,1.1262184294455972,pv_2param,6.233103785857037e-17
True,20.0,1.4167629141599678,0.03654648054674952,1.0000000000000284,pv_2param,4.8496375476154007e-17
True,20.0,0.7221034812965172,0.1591381896005898,1.0000000000000073,pv_2param,4.525684872929023e-17
True,20.0,0.5923067504524638,0.10489894161953175,1.000000000000003,pv_2param,0.0
True,20.0,0.6279012167939765,0.11058040928506269,1.000000000000001,pv_2param,0.0
True,20.0,1.3346403964963787,0.020532756245135488,1.000000000000009,pv_2param,1.7870934435837142e-16
True,20.0,1.059743834019602,0.05260139257791463,1.0000000000000073,pv_2param,7.562823161753877e-17
True,20.0,0.7523820399915158,0.18777580808249303,1.0176886088292791,pv_2param,0.0
True,20.0,0.5585698374020172,0.11881303383099831,1.000000000000001,pv_2param,0.0
True,20.0,0.740538463709729,0.03591372433224318,1.0000000000000047,pv_2param,9.181318667477491e-17
True,20.0,1.0529109516778468,0.14788381675252224,1.060016019969371,pv_2param,5.4968130171456866e-17
True,20.0,1.331132888427763,0.09672252900062815,1.0000000000000073,pv_2param,8.184012575105469e-17
True,20.0,0.44903595700562504,0.18011687775043347,1.0000000000000042,pv_2param,0.0
True,20.0,0.7250264540465162,0.1814064974959894,1.0076822301523654,pv_2param,1.0737494678899433e-16
True,20.0,1.4907163324559158,0.010139676588535852,1.000000000000017,pv_2param,3.951702890874829e-17
True,20.0,1.0234421801432285,0.1553076831621062,1.0000000000000053,pv_2param,6.329894991155757e-17
True,20.0,1.337214534637705,0.10369925586508565,1.0000000000000138,pv_2param,7.78158082407389e-17
True,20.0,1.2965620795888022,0.03265908386006362,1.0000000000000078,pv_2param,0.0
True,20.0,0.4940280090551441,0.054242208378058314,1.0214450096794827,pv_2param,9.570551941378246e-17
True,20.0,0.707237936850925,0.18851242946752342,1.0390879777773394,pv_2param,9.385836266158229e-17
True,20.0,0.6466320490439315,0.05408730967198486,1.0000000000000089,pv_2param,6.847944071407898e-17
True,20.0,1.0829373483591427,0.048359661716570385,1.0000000000000104,pv_2param,0.0
True,20.0,0.4149675418178414,0.18830639059197518,1.0608193230794372,pv_2param,0.0
True,20.0,0.3403789652142018,0.08119259247993277,1.0725956598017812,pv_2param,3.569818496901904e-17
True,20.0,1.271612893070723,0.19395803205245396,1.0000000000000018,pv_2param,7.439056568599536e-17
True,20.0,1.179349831285916,0.1380987725246791,1.0000000000000095,pv_2param,6.638323479631776e-17
True,20.0,1.4167575183799788,0.05088255572806697,1.0000000000000089,pv_2param,1.0491016205932239e-16
True,20.0,1.0020768402886686,0.09335137295177016,1.0000000000000062,pv_2param,6.920233704517686e-17
True,20.0,0.7054699861482344,0.1954079365270947,1.0699031166165378,pv_2param,1.8743553517211043e-16
True,20.0,1.1182910387050842,0.17918997539262738,1.000000000000008,pv_2param,6.522461145070163e-17
True,20.0,1.0872547184698906,0.08041457696944465,1.0000000000000104,pv_2param,7.911763043218441e-17
True,20.0,0.4754509572673854,0.07430457272843098,1.000000000000001,pv_2param,0.0
True,20.0,0.9805917996738964,0.19672000838585463,1.001285272942151,pv_2param,0.0
True,20.0,1.1846774899820234,0.1709355811492411,1.0000000000000009,pv_2param,6.224100639198513e-17
True,20.0,0.8388060183236765,0.15242102572328942,1.0307546691202139,pv_2param,0.0
True,20.0,0.5510513893074578,0.03353279524067112,1.0000000000000018,pv_2param,5.3028068954741297e-17
True,20.0,1.23775083202745,0.08560514340702613,1.0000000000000182,pv_2param,7.07672262136983e-17
True,20.0,1.4577331282626766,0.08276653954424228,1.000000000000009,pv_2param,6.506776011423709e-17
True,20.0,0.7409909133282128,0.016300182908696236,1.0344299994477368,pv_2param,6.73760527406954e-17
True,20.0,1.2324487215341207,0.010813085037600279,1.0000000000000158,pv_2param,1.3761783126776458e-16
True,20.0,0.4966485600195371,0.14710439494777067,1.0000000000000004,pv_2param,5.556215113203743e-17
True,20.0,0.8021577137921863,0.10344290131347163,1.0000000000000042,pv_2param,7.115527576700418e-17
True,20.0,0.5836992937901786,0.08288624791316597,1.0000000000000087,pv_2param,9.042420967326706e-17
True,20.0,1.2835462163302294,0.12363084513667076,1.0149419054567677,pv_2param,8.570278124398369e-17
True,20.0,0.8215618095385451,0.043348750637719216,1.0000000000000049,pv_2param,5.202118949094443e-17
True,20.0,0.6468688334217865,0.0070907908009891114,1.000000000000012,pv_2param,9.792931651698244e-17
True,20.0,1.2101630702577069,0.19639492100731112,1.0000000000000038,pv_2param,6.10137840517389e-17
True,20.0,1.3244692738703905,0.10957452881966363,1.0000000000000144,pv_2param,0.0
True,20.0,0.7728315433735637,0.11705835300506132,1.0000000000000018,pv_2param,3.190745139663415e-17
True,20.0,1.2172571491196142,0.16723000617701236,1.0000000000000018,pv_2param,4.729836265896804e-17
True,20.0,0.3391978389521902,0.11457771906064647,1.0000000000000013,pv_2param,7.732100448588736e-17
True,20.0,0.7046597615304688,0.1664896347034619,1.037500994020287,pv_2param,4.3665638900795186e-17
True,20.0,1.198021639722097,0.08655931507721593,1.0000000000000149,pv_2param,0.0
True,20.0,0.6777284927812445,0.036303994836997,1.000000000000005,pv_2param,5.97033974811387e-17
True,20.0,0.31481270025325153,0.040023688977439714,1.068468885139178,pv_2param,2.2677257241518785e-16
True,20.0,1.2365090299560424,0.010445385015439991,1.0000000000000138,pv_2param,1.4820100059770811e-16
True,20.0,0.48536936185395974,0.13583086012965429,1.0091812805612677,pv_2param,6.596118962480412e-17
True,20.0,0.32971678714735386,0.04848743549294279,1.018281920656366,pv_2param,0.0
True,20.0,1.0395040305419343,0.17385442951219438,1.0116224611736035,pv_2param,8.001004916374597e-17
True,20.0,0.7324507448283444,0.09516060050783562,1.0000000000000013,pv_2param,0.0
True,20.0,1.4408754707188425,0.05431592832417145,1.0000000000000022,pv_2param,6.146431245717591e-17
True,20.0,1.1837244471694137,0.023376636367022433,1.0000000000000058,pv_2param,9.156740964009543e-17
True,20.0,0.7763147731525042,0.06197705778566807,1.1244834855824732,pv_2param,7.096920273268056e-17
True,20.0,0.6234454379494078,0.02555393559222634,1.0000000000000073,pv_2param,5.679507622054746e-17
True,20.0,1.105243730259264,0.08381112564776064,1.0000000000000138,pv_2param,0.0
True,20.0,1.3919293408494875,0.0005825423976299371,1.0000000000000309,pv_2param,0.0
True,20.0,0.753699946460275,0.03517369574527023,1.0074659844505855,pv_2param,8.693306982978164e-17
True,20.0,1.0891913301152747,0.06800638482843609,1.0000000000000138,pv_2param,3.808037058272901e-17
True,20.0,0.755748264334493,0.150158061350502,1.0368894483665017,pv_2param,1.4136441874431698e-16
True,20.0,0.3919674073270156,0.13903620417058263,1.0000000000000002,pv_2param,7.055333403623955e-17
True,20.0,0.7230525342190643,0.11977823652046625,1.0000000000000007,pv_2param,8.514898714027257e-17
True,20.0,1.1915921822210642,0.06404848307299792,1.0000000000000053,pv_2param,0.0
True,20.0,0.6941320175516783,0.05343249069893013,1.0000000000000044,pv_2param,6.036574461801979e-17
True,20.0,0.7916186394058993,0.17636760906034465,1.0513019374810015,pv_2param,4.3744991023996994e-17
True,20.0,1.24912804057008,0.0009524100105755551,1.000000000000022,pv_2param,0.0
True,20.0,0.6419373931851889,0.05350724658831694,1.0000000000000024,pv_2param,1.0684919672902564e-16
True,20.0,1.1623796561098403,0.06284376819854938,1.0000000000000075,pv_2param,6.131143142184094e-17
True,20.0,0.8060826464676478,0.19543700323833954,1.0000000000000029,pv_2param,2.270369603440056e-17
True,20.0,1.4833173114533007,0.01490469461007815,1.0000000000000198,pv_2param,6.412314749362877e-17
True,20.0,0.8484692800336231,0.03140067354807892,1.0000000000000058,pv_2param,0.0
True,20.0,0.8830255576202968,0.02385355641626663,1.000000000000007,pv_2param,5.773064581082146e-17
True,20.0,1.2960440355575353,0.10507720354377426,1.000000000000001,pv_2param,6.781683994280719e-17
True,20.0,1.1822246663427607,0.057207320459863965,1.0000000000000153,pv_2param,0.0
True,20.0,0.44602403448088634,0.11235620777997057,1.0000000000000047,pv_2param,4.381931773697766e-17
True,20.0,1.3780849186457085,0.051088930265257806,1.000000000000006,pv_2param,5.397643155994632e-17
True,20.0,0.875864622550794,0.021359860541417232,1.000000000000009,pv_2param,6.54305781224811e-17
True,20.0,1.497464694574947,0.012437491411353842,1.0000000000000364,pv_2param,6.793392381096403e-17
True,20.0,1.3966259730194255,0.12366271970689942,1.0000000000000053,pv_2param,7.487126789079389e-17
True,20.0,0.3395000767036063,0.14640335342943098,1.020875293151858,pv_2param,9.264081527289205e-17
True,20.0,0.4818907941754939,0.17196500831939862,1.0000000000000024,pv_2param,9.418306989038881e-17
True,20.0,1.2055813775623176,0.18023303732922913,1.0352713618716878,pv_2param,6.01763730282859e-17
True,20.0,0.46480856238303336,0.11088050181501707,1.0000000000000013,pv_2param,2.8340854470609315e-17
True,20.0,1.088892829185023,0.09782295413574163,1.0073875008766084,pv_2param,6.083728105830977e-17
True,20.0,1.311472210492129,0.020940302332954498,1.0000000000000122,pv_2param,0.0
True,20.0,0.8601993790857465,0.07606174253543624,1.014025884834775,pv_2param,6.57998415903746e-17
True,20.0,0.4400438229103142,0.08044745978636228,1.0000000000000113,pv_2param,4.805981673075548e-17
True,20.0,0.3202654867616088,0.07635791939378667,1.0000000000000022,pv_2param,0.0
True,20.0,1.065301406735348,0.17481141682889034,1.0000000000000102,pv_2param,0.0
True,20.0,0.5918262321498006,0.032781535374947435,1.0000000000000033,pv_2param,8.55498225332243e-17
True,20.0,1.0897080276454192,0.19070063411836205,1.0646190051223012,pv_2param,8.753640467901822e-17
True,20.0,0.6422694021716456,0.1809160536093925,1.0040770560228844,pv_2param,4.7540490802645395e-17
True,20.0,0.6248154142241922,0.01856332930382043,1.0000000000000127,pv_2param,0.0
True,20.0,0.52600217072272,0.10371404394586362,1.0568266982896533,pv_2param,0.0
True,20.0,1.1276093965055187,0.10205943864802627,1.00000000000001,pv_2param,1.8326383352035272e-16
True,20.0,1.484629214723184,0.18513256185535187,1.0550059225429955,pv_2param,6.073079261215445e-17
True,20.0,1.1035940928399721,0.12595161761559648,1.0000000000000169,pv_2param,8.530689578337552e-17
True,20.0,1.4527554098728535,0.038437167211837035,1.0000000000000202,pv_2param,4.42107519633405e-17
True,20.0,0.7732321347031139,0.14057458521829325,1.000000000000004,pv_2param,4.6214228355462385e-17
True,20.0,1.2061412819519746,0.0737036592541667,1.000000000000003,pv_2param,1.555806414117632e-16
True,20.0,0.9495758902117546,0.17785418704797376,1.1179084358992202,pv_2param,1.8862479695658697e-16
True,20.0,0.5964990453636618,0.11970061237768348,1.0545684485584226,pv_2param,9.620370343413536e-17
True,20.0,1.1287467268184885,0.11967252519935129,1.0000000000000018,pv_2param,0.0
True,20.0,0.7727707269317963,0.1382030460383877,1.0000000000000018,pv_2param,7.412769698915894e-17
True,20.0,0.3711562904181225,0.08462207944905403,1.0392126066119527,pv_2param,5.964182404288582e-17
True,20.0,1.0181003840193317,0.10067830063599009,1.0461764823090396,pv_2param,1.9105881628150982e-16
True,20.0,1.3982376188541938,0.009136908809830957,1.0000000000000195,pv_2param,1.0043128135278489e-16
True,20.0,1.0103087445542065,0.1496590865510283,1.1170516761896179,pv_2param,6.283331874245098e-17
True,20.0,0.5034787329981707,0.1187338141264597,1.03050517220441,pv_2param,7.370319028571561e-17
True,20.0,0.5352197603061302,0.022977006798953006,1.0000000000000033,pv_2param,0.0
True,20.0,0.5471826361627901,0.10954099003629172,1.0413351390004528,pv_2param,6.806592504665508e-17
True,20.0,1.411393653072593,0.1896760578233429,1.0287441067923944,pv_2param,4.790562511742758e-17
True,20.0,1.2808639184121187,0.05734724736893344,1.0000000000000009,pv_2param,6.37377141719341e-17
True,20.0,0.6195109272445636,0.02007962055160182,1.0000000000000073,pv_2param,1.6422949211182603e-16
True,20.0,0.9032537513776766,0.12044540097391075,1.0000000000000095,pv_2param,5.537458774306459e-17
True,20.0,1.1571865771433623,0.17278950490117434,1.0000000000000042,pv_2param,0.0
True,20.0,0.8384482875020829,0.024351683903148503,1.0000000000000024,pv_2param,6.634138779246556e-17
True,20.0,0.9551138823283558,0.03542693183180692,1.0000000000000007,pv_2param,0.0
True,20.0,1.3341232895835353,0.040148857585459656,1.000000000000004,pv_2param,0.0
True,20.0,1.4962409505579353,0.05365429935152477,1.0000000000000406,pv_2param,4.941242805249304e-17
True,20.0,1.128301265118952,0.06933693693463971,1.0000000000000093,pv_2param,1.4006526957413533e-16
True,20.0,0.8134794568466033,0.1246063049364848,1.0000000000000073,pv_2param,0.0
True,20.0,1.0433818362144855,0.1933368030866119,1.090286764351667,pv_2param,1.089273411443104e-16
True,20.0,1.3379948403043183,0.15644153931976926,1.000000000000003,pv_2param,9.76851236751718e-17
True,20.0,0.36333359057557524,0.19020057796655354,1.0856082786010053,pv_2param,9.589659577456543e-17
True,20.0,0.9782729545592677,0.18144442625660073,1.0030079600757207,pv_2param,1.7074861783244765e-16
True,20.0,0.8557670222022902,0.05047912322703277,1.0000000000000162,pv_2param,6.500773058760063e-17
True,20.0,0.9872708612480796,0.0036137558568983155,1.0036936251525985,pv_2param,1.0155804870808635e-16
True,20.0,0.8907898005141122,0.17687268996631192,1.0000000000000036,pv_2param,8.4392424368104e-17
True,20.0,0.349533510712695,0.12667467013556252,1.0108439023285867,pv_2param,0.0
True,20.0,1.2718295571404394,0.009265392918557524,1.0000000000000095,pv_2param,8.747316713115225e-17
True,20.0,1.1428310468040008,0.1025922664218474,1.0000000000000089,pv_2param,4.435933910132313e-17
True,20.0,1.4173413542477775,0.06608288516547312,1.0000000000000002,pv_2param,5.536595283317989e-17
True,20.0,0.5468820973744142,0.1725547941433903,1.05601682975542,pv_2param,1.495785876110631e-16
True,20.0,0.6523210532575132,0.09146512834616108,1.000275820001842,pv_2param,6.202725297383313e-17
True,20.0,1.2085066306485308,0.18130038451329739,1.0000000000000089,pv_2param,6.42412085864571e-17
True,20.0,0.5642796653524611,0.12040390216817123,1.0000000000000067,pv_2param,0.0
True,20.0,0.6673365116462477,0.1772691902210092,1.0000000000000009,pv_2param,5.1742704364748614e-17
True,20.0,0.6126681988796852,0.1646790221369016,1.0000000000000024,pv_2param,0.0
True,20.0,0.914688027050472,0.06402552950924999,1.000000000000002,pv_2param,0.0
False,,0.32047748486660216,0.18319275820029435,,none,0.0
True,20.0,1.102113218616384,0.12151926823765086,1.0000000000000044,pv_2param,2.4957116805403962e-17
True,20.0,1.1657519801024812,0.03678255382046998,1.0000000000000069,pv_2param,1.2381253986250124e-16
True,20.0,0.9347194668133381,0.06590494582339874,1.0000000000000087,pv_2param,0.0
True,20.0,0.9483732390901356,0.18290653313089686,1.0000000000000016,pv_2param,9.89158897904077e-17
True,20.0,1.4289297044306133,0.026849046893702114,1.000000000000006,pv_2param,8.386755081350717e-17
True,20.0,0.8696452988590169,0.10062632690898375,1.0043450097733535,pv_2param,4.8767643185803285e-17
True,20.0,0.4273628675590351,0.00022756240532628702,1.0000000000000089,pv_2param,5.062371048191757e-17
True,20.0,0.4293014359349432,0.13042544984108453,1.000000000000004,pv_2param,0.0
True,20.0,0.6659725377229877,0.14917067460078196,1.020874058729619,pv_2param,9.505048752695728e-17
True,20.0,1.0544272453100243,0.07287735619967305,1.060288382835667,pv_2param,5.464975216392405e-17
True,20.0,1.1129599655427764,0.011289035918045975,1.000000000000018,pv_2param,9.438745983701878e-17
True,20.0,0.9982615743128791,0.17160825051757342,1.0000000000000067,pv_2param,6.147047867680245e-17
True,20.0,0.49386508522905553,0.0880466663253392,1.0395340802180981,pv_2param,3.90622543942624e-17
True,20.0,1.3661093562159337,0.08729944831102794,1.0000000000000049,pv_2param,1.181696553361878e-16
True,20.0,0.37117266042482316,0.03725504683829348,1.0000000000000007,pv_2param,4.426677705344872e-17
True,20.0,1.3657717199807944,0.00688886298210607,1.0000000000000109,pv_2param,7.442961197233803e-17
True,20.0,0.5020235336743845,0.08611550856204296,1.0073512671221705,pv_2param,1.0738812128928482e-16
True,20.0,1.152095283205482,0.06816903752636914,1.0000000000000044,pv_2param,4.5351281557871035e-17
True,20.0,0.8091923550355185,0.16961317745269178,1.0115124392503105,pv_2param,0.0
True,20.0,1.1327228001393361,0.03891720537907724,1.0000000000000158,pv_2param,0.0
True,20.0,1.1772739829324432,0.178605162489328,1.0248575083194273,pv_2param,2.868800418214337e-17
True,20.0,0.4230013941520001,0.10337227944074423,1.0000000000000044,pv_2param,0.0
True,20.0,1.3357774439857668,0.0702941717971021,1.0000000000000175,pv_2param,6.907488038302159e-17
True,20.0,1.1246257617090245,0.16265593575096568,1.0098818549885213,pv_2param,0.0
True,20.0,0.41466462064794773,0.09153414036706219,1.0000000000000013,pv_2param,1.0102909585537274e-16
True,20.0,0.8084692553582238,0.07925650728394568,1.0000000000000036,pv_2param,1.7437638149469757e-16
True,20.0,0.666547777971058,0.0013822304614699021,1.0000000000000115,pv_2param,0.0
True,20.0,1.1707604184502889,0.0817114766614101,1.0205824102488725,pv_2param,0.0
True,20.0,0.6333975343555783,0.05941094211617457,1.0000000000000056,pv_2param,6.954726845546235e-17
True,20.0,1.263720837266677,0.16111976214372814,1.0000000000000007,pv_2param,6.117660514259315e-17
True,20.0,1.0349428294751448,0.09485512458651733,1.0000000000000062,pv_2param,0.0
True,20.0,0.7345795346387012,0.07977209170406872,1.0233203935711244,pv_2param,1.4356710184934409e-16
True,20.0,0.3983349170737759,0.05478543882185192,1.0525929804045369,pv_2param,5.5347749613969616e-17
True,20.0,0.9368999943411751,0.07661990220133247,1.0000000000000167,pv_2param,4.5786581490112786e-17
True,20.0,0.9937357748730304,0.014624669775755295,1.0000000000000218,pv_2param,6.872561502444098e-17
True,20.0,0.684624444657676,0.09372975627013334,1.0000000000000016,pv_2param,5.865152116825144e-17
True,20.0,1.134731671643189,0.10288552498742361,1.0000000000000075,pv_2param,5.1350909254700544e-17
True,20.0,0.9506059079986642,0.10447912853558086,1.0000000000000042,pv_2param,0.0
True,20.0,0.4906470826195911,0.07034836143155508,1.2151654941006735,pv_2param,3.8210666699111215e-17
True,20.0,0.6203708169090193,0.15668049132587158,1.0529381101716169,pv_2param,1.090776064225936e-16
True,20.0,1.1849180883595383,0.16255621743448573,1.0000000000000073,pv_2param,7.011458895614722e-17
True,20.0,0.4799177921990589,0.09586471235700832,1.0281123974387656,pv_2param,4.3999351285811314e-17
True,20.0,0.8229197275844209,0.07103691016567248,1.0000000000000113,pv_2param,1.586649027031405e-16
True,20.0,0.3957934439694294,0.07936778770795679,1.0341622594413589,pv_2param,8.106101034454152e-17
True,20.0,0.3941027012925816,0.08094198235206942,1.000663244805323,pv_2param,5.98947230887037e-17
True,20.0,0.6617345984742844,0.021197257068128496,1.0000000000000033,pv_2param,0.0
True,20.0,0.6048864156119453,0.16029781179277258,1.0000000000000033,pv_2param,0.0
True,20.0,0.9198251845802619,0.1791972083574075,1.0000000000000004,pv_2param,8.025029483212513e-17
True,20.0,0.7003736580281366,0.1145624711921806,1.000000000000008,pv_2param,0.0
True,20.0,0.9654594540638703,0.11589205587744858,1.0000000000000064,pv_2param,5.940008353059579e-17
True,20.0,0.4325647855817264,0.08367376300985657,1.0074734967424233,pv_2param,0.0
True,20.0,0.7654060720083746,0.0887517442885117,1.1007760440099377,pv_2param,5.991981175432952e-17
True,20.0,1.3074638375491836,0.18673276342190112,1.0730492167690435,pv_2param,5.050969679212032e-17
True,20.0,1.1157714788965933,0.016812227005220715,1.0000000000000042,pv_2param,8.092844759874379e-17
True,20.0,1.4037238342652023,0.19370159417862656,1.000000000000001,pv_2param,9.406969520072521e-17
True,20.0,1.1079586394170196,0.036547989008353834,1.0000000000000027,pv_2param,1.1294388390812617e-16
True,20.0,0.6981786789578567,0.09015447556379448,1.0079916112337912,pv_2param,8.084427735829322e-17
True,20.0,0.560074924426265,0.03131157254226282,1.0000000000000047,pv_2param,6.25229163914075e-17
True,20.0,0.36390830925433165,0.11201014845034024,1.046095462728753,pv_2param,6.360556440513219e-17
True,20.0,0.868218632214004,0.032562600056306824,1.0000000000000069,pv_2param,7.356297771775583e-17
True,20.0,0.44845317587944244,0.029528351068403458,1.2785951865838114,pv_2param,0.0
True,20.0,1.2714202874342717,0.02232626569154459,1.000000000000006,pv_2param,4.5961833572268e-17
True,20.0,0.5367106869008986,0.16825195695848555,1.0507886434191749,pv_2param,8.672638374192187e-17
True,20.0,1.1117976449517804,0.09894214069416221,1.0467663516602075,pv_2param,9.014827707816786e-17
True,20.0,0.37543914388183586,0.09639523882241413,1.0000000000000007,pv_2param,6.86574924335856e-17
True,20.0,1.461903178922045,0.09681512358978031,1.0230823131068827,pv_2param,1.0841688355595863e-16
True,20.0,0.6295597182745448,0.17698224970008297,1.0453559540467763,pv_2param,1.08019552256085e-16
True,20.0,0.394741376685962,0.04813330233706901,1.0082350740747554,pv_2param,0.0
True,20.0,0.3682040689744878,0.06826413737388713,1.0000000000000038,pv_2param,0.0
True,20.0,1.4181343309802728,0.18148510105951463,1.0000000000000036,pv_2param,6.655547778029932e-17
True,20.0,0.6719361723957424,0.18688710118783833,1.0224124014386358,pv_2param,5.861949004860331e-17
True,20.0,1.1541448554633251,0.12660777459327108,1.0000000000000038,pv_2param,0.0
True,20.0,1.1129227377546849,0.1168775744415487,1.0000000000000007,pv_2param,1.7986866849312171e-16
True,20.0,0.8244540583627133,0.023598118362264754,1.000000000000011,pv_2param,9.569435464261102e-17
True,20.0,1.482531721283683,0.05778763985336142,1.0000000000000067,pv_2param,1.0059145312619077e-16
True,20.0,1.276998665120014,0.07048339347671122,1.0010648386191094,pv_2param,8.798402351607642e-17
True,20.0,0.8806704778719086,0.13968967376288752,1.0000000000000107,pv_2param,6.599804592820926e-17
True,20.0,1.3744309045260592,0.022820645398967443,1.0000000000000033,pv_2param,4.996761539788416e-17
True,20.0,1.0914540577187524,0.0957732237536235,1.0000000000000153,pv_2param,8.090770456829298e-17
True,20.0,1.204857282230676,0.01483580879787072,1.00000000000003,pv_2param,8.251998534143102e-17
True,20.0,0.9289391003151652,0.0831855316194657,1.0000000000000024,pv_2param,7.515680360994237e-17
True,20.0,0.9988166854249394,0.04312280195612968,1.000000000000014,pv_2param,6.594859317465237e-17
True,20.0,1.0561261948883327,0.1945255667049159,1.0000000000000024,pv_2param,6.813049285791514e-17
True,20.0,1.3442689457288255,0.1336370716337449,1.000000000000004,pv_2param,0.0
True,20.0,1.4284878035111934,0.049415652342564155,1.000000000000001,pv_2param,1.0568909157470185e-16
True,20.0,0.6738112868035682,0.11214582474569719,1.0000000000000069,pv_2param,8.256587886599533e-17
True,20.0,0.4613859152757095,0.090428143535772,1.0000000000000002,pv_2param,4.570000272022813e-17
True,20.0,0.3912010282471585,0.11894343011414477,1.0703248871266837,pv_2param,0.0
True,20.0,1.037157059188124,0.009144218550312866,1.0249066870749985,pv_2param,5.5180041412299327e-17
True,20.0,0.8308024918787908,0.06953456398291102,1.0436594267791628,pv_2param,2.996797123125519e-17
True,20.0,0.36035080087859256,0.022792330123825533,1.0404024636704683,pv_2param,1.2761524535002151e-16
True,20.0,1.012879599687447,0.03090543879063592,1.0000000000000133,pv_2param,6.204926828112022e-17
True,20.0,0.6250274163192934,0.04137222830151517,1.0000000000000073,pv_2param,1.1540069300894203e-16
True,20.0,1.489120152833446,0.04700730926333063,1.0000000000000149,pv_2param,1.4185641096933008e-16
True,20.0,1.3317566792127196,0.009988156664653358,1.0000000000000135,pv_2param,4.360498667625182e-17
True,20.0,1.1008507806460532,0.09668107312396997,1.0000000000000029,pv_2param,2.1417412389424383e-17
True,20.0,0.9685992174118208,0.1600032096497244,1.0000000000000084,pv_2param,1.4558484627273093e-16
True,20.0,0.6043605418218418,0.16681108099019626,1.050548847804764,pv_2param,0.0
True,20.0,0.7421950150786853,0.0193355150575643,1.0000000000000118,pv_2param,7.158008757963556e-17
True,20.0,0.696462303735591,0.014105881386457231,1.000000000000004,pv_2param,5.188989827710611e-17
True,20.0,0.6084034767242186,0.08551923026022118,1.0105471455067148,pv_2param,4.356610462489314e-17
True,20.0,0.7651224012810836,0.09525066999827143,1.0000000000000024,pv_2param,1.1502719732541732e-16
True,20.0,1.379066212146941,0.10974624124778541,1.0000000000000107,pv_2param,1.3985252658082446e-16
True,20.0,1.1734300294477278,0.004278210762913725,1.0000000000000222,pv_2param,4.5533900881183526e-17
True,20.0,0.6895256869367075,0.1629118590242219,1.0000000000000095,pv_2param,0.0
True,20.0,1.023497806130656,0.08784540646317077,1.000000000000006,pv_2param,0.0
True,20.0,0.6343179727649368,0.09618973596384708,1.000000000000006,pv_2param,0.0
True,20.0,1.2466024572687868,0.1457441348974054,1.000000000000012,pv_2param,5.076328411110139e-17
True,20.0,0.9026181122739696,0.06349460966061185,1.000000000000002,pv_2param,0.0
True,20.0,0.789152764401043,0.17854534163494049,1.0000000000000029,pv_2param,0.0
True,20.0,0.717471592192906,0.07771260740345716,1.0000000000000024,pv_2param,0.0
True,20.0,0.9672696635910922,0.10520908839799954,1.0000000000000027,pv_2param,1.7546497243830066e-16
True,20.0,0.6444697909355439,0.013454124681456703,1.0000000000000138,pv_2param,8.641004785052695e-17
True,20.0,1.0348934475820102,0.13806251991313415,1.0000000000000038,pv_2param,1.0815825708726888e-16
True,20.0,0.42824048368647183,0.10999446882302631,1.0435867314892482,pv_2param,5.4037513605315813e-17
True,20.0,1.2478731976062032,0.012290640860362535,1.0000000000000324,pv_2param,1.5557955322735486e-16
True,20.0,1.023223755206327,0.01519213680562681,1.0000000000000202,pv_2param,5.123071188604157e-17
True,20.0,0.6090727125943487,0.16052222462479737,1.0568510644844884,pv_2param,8.93722368477146e-17
True,20.0,0.9516698271791111,0.10090406530326912,1.0000000000000089,pv_2param,8.291780179465634e-17
True,20.0,0.812288931018313,0.08731858061903322,1.034686377080729,pv_2param,8.022566197257889e-17
True,20.0,1.4151104417965161,0.09292733269532394,1.0000000000000038,pv_2param,3.678637765823491e-17
True,20.0,0.8831748101430761,0.020954052142879178,1.0000000000000013,pv_2param,0.0
True,20.0,1.4276907400666576,0.03710214493839783,1.0000000000000169,pv_2param,5.674118722689194e-17
True,20.0,0.7336511983983522,0.1292575402327999,1.0000000000000067,pv_2param,1.4860507987602532e-16
True,20.0,1.2468512231232425,0.06426101185699132,1.0000000000000067,pv_2param,0.0
True,20.0,1.4034821864192681,0.0012781558933618433,1.0000000000000102,pv_2param,0.0
True,20.0,0.7683990813835246,0.06674017545679904,1.0000000000000058,pv_2param,0.0
True,20.0,0.9373184225318534,0.06802655547337476,1.000000000000008,pv_2param,7.849539028785666e-17
True,20.0,1.0807709512659405,0.18772934221856685,1.0000000000000047,pv_2param,0.0
True,20.0,1.3868217455400051,0.08983854178031446,1.0000000000000049,pv_2param,2.0720026538631112e-16
True,20.0,0.5348888469207078,0.11806364504523588,1.0000000000000033,pv_2param,5.974979670136085e-17
True,20.0,0.7015416274262075,0.16230724444497674,1.011683909367502,pv_2param,0.0
True,20.0,1.098953123343984,0.03725344717484156,1.000000000000011,pv_2param,9.76135041878063e-17
True,20.0,0.8308644992753365,0.1545029460838421,1.0000000000000007,pv_2param,4.384609523219857e-17
True,20.0,1.399215718349239,0.15401269997913936,1.0000000000000029,pv_2param,3.923353147993157e-17
True,20.0,0.45574215145315755,0.14560727183287916,1.011215402018913,pv_2param,5.606883165573475e-17
True,20.0,0.3818045637152388,0.15198383079647548,1.0668363376211336,pv_2param,1.2166223365950632e-16
True,20.0,0.6855429812030831,0.1440462790895317,1.0000000000000009,pv_2param,6.663767220981458e-17
True,20.0,0.9843713561653558,0.1608645660838611,1.000000000000004,pv_2param,1.8587322560411873e-17
True,20.0,1.0239794646144398,0.0698564156577421,1.0000000000000138,pv_2param,8.076738839523666e-17
True,20.0,1.244298270930523,0.13054725938491366,1.0000000000000067,pv_2param,8.177549323616329e-17
True,20.0,1.1786980631354984,0.045773425799165324,1.0000000000000129,pv_2param,1.6678439006573905e-17
True,20.0,0.5185049602866048,0.02691770230947639,1.0624874815187375,pv_2param,1.953650066667783e-16
True,20.0,0.4884213149535743,0.01397414022538348,1.000000000000008,pv_2param,0.0
True,20.0,1.487270291110979,0.05160544988574767,1.000000000000024,pv_2param,2.5089344217157853e-17
True,20.0,0.8561119935357919,0.17946052131919102,1.0087117190683499,pv_2param,7.435961086280746e-17
True,20.0,0.6142852739897784,0.13976717057282526,1.011135862504473,pv_2param,1.150024294333737e-16
True,20.0,0.669319916722551,0.08997297619225209,1.0353078472646955,pv_2param,8.732063304365132e-17
True,20.0,1.0879854242702829,0.11436807802706364,1.0000000000000033,pv_2param,1.6885992309248491e-16
True,20.0,0.9101651711480505,0.17437893637017376,1.02198921914704,pv_2param,9.730256085755811e-17
True,20.0,0.37001905580726785,0.12390841857594537,1.0481921482142202,pv_2param,8.990506513006732e-17
True,20.0,1.0120451298526438,0.07196698206910472,1.0060340233061937,pv_2param,1.119838167716135e-16
True,20.0,0.39497328646283614,0.16108452201389223,1.0277042425440956,pv_2param,6.854689549261906e-17
True,20.0,0.8664691644853302,0.12978161781043693,1.024568924927807,pv_2param,9.996667247294897e-17
True,20.0,0.6454464669198734,0.197441696498408,1.0000000000000038,pv_2param,0.0
True,20.0,1.238165512311164,0.18518298755976023,1.0315272418439732,pv_2param,8.115640586339002e-17
True,20.0,0.9715269984923327,0.0008385542898880161,1.0000000000000038,pv_2param,0.0
True,20.0,0.9392300307613966,0.06969988214793517,1.0000000000000013,pv_2param,0.0
True,20.0,1.2519430700791756,0.024004438695158337,1.0000000000000022,pv_2param,2.782564561481156e-17
True,20.0,1.1770179133844068,0.011129989167815758,1.001919157660325,pv_2param,9.591401021324939e-17
True,20.0,1.4982659096931172,0.16735055947078561,1.000000000000007,pv_2param,0.0
True,20.0,1.1617782625327244,0.0019764199262384484,1.00000000000001,pv_2param,1.175551316226517e-16
True,20.0,0.9059845174159054,0.04047852137432162,1.0000000000000036,pv_2param,7.728563964432192e-17
True,20.0,0.5973303267549988,0.0631206407763397,1.0000000000000004,pv_2param,5.895333670383978e-17
True,20.0,1.4344585972429171,0.08539167351977679,1.0000000000000009,pv_2param,6.590697430516411e-17
True,20.0,0.8518923116699002,0.0938586716923488,1.000000000000001,pv_2param,6.029299463239368e-17
True,20.0,1.262661881536373,0.0858257733815528,1.1096857241048903,pv_2param,6.564026935959073e-17
True,20.0,1.4621235367126126,0.11471321263134636,1.0000000000000129,pv_2param,0.0
True,20.0,0.8917562792921454,0.030785364330719413,1.0000000000000147,pv_2param,1.6007559451452167e-16
True,20.0,0.6538743224945864,0.08083596234342119,1.0286047612399392,pv_2param,5.300238281821464e-17
True,20.0,1.2315481982331862,0.0030328001063619995,1.0000000000000204,pv_2param,8.403445973397672e-17
True,20.0,0.49741823291857384,0.02415833231018909,1.0024969967521289,pv_2param,1.466761960730905e-16
True,20.0,1.3181915896901906,0.149343914817902,1.011281506504074,pv_2param,6.828833541834223e-17
True,20.0,0.7481177024904798,0.004466701503371362,1.0000000000000175,pv_2param,0.0
True,20.0,0.7998590225934694,0.14188950459355357,1.0000000000000144,pv_2param,7.036823467735926e-17
True,20.0,1.0765451846902334,0.04412437341212423,1.0000000000000089,pv_2param,6.839002078921421e-17
True,20.0,0.4155763793700683,0.09717670476228442,1.0000000000000022,pv_2param,1.4107292604978383e-16
True,20.0,0.36470931674180435,0.14124519216816428,1.080428974094627,pv_2param,0.0
True,20.0,0.8880452304080262,0.16389427475380286,1.000000000000008,pv_2param,4.044565458782213e-17
True,20.0,1.0298144655959698,0.02920637924141265,1.0000000000000009,pv_2param,6.365738066406501e-17
True,20.0,0.4932006283205243,0.002821501586323794,1.0000000000000053,pv_2param,4.791772473582655e-17
True,20.0,0.7633150996378217,0.0033227874775660915,1.0000000000000044,pv_2param,5.809646325032281e-17
True,20.0,1.4250533458607815,0.19657677901501194,1.0000000000000033,pv_2param,5.308696541404391e-17
True,20.0,0.7610621885310418,0.13190018567783002,1.000000000000005,pv_2param,0.0
True,20.0,1.2330348333551902,0.09012140836279543,1.000000000000008,pv_2param,0.0
False,,0.3128394472921426,0.1903199197817829,,none,0.0
True,20.0,0.6470594509299917,0.09040905582190412,1.0000000000000027,pv_2param,1.7364360913816812e-16
True,20.0,1.3244808419076612,0.18057182504962124,1.0000000000000104,pv_2param,6.26967713117344e-17
True,20.0,1.254951317638074,0.0013099176840273286,1.0000000000000233,pv_2param,0.0
True,20.0,0.36030130527384047,0.1080862335853638,1.0560894085824548,pv_2param,1.0283073345032641e-16
True,20.0,0.6499103701625162,0.16056840266319772,1.0291924107326162,pv_2param,2.0410696712072017e-16
True,20.0,0.7355228375911549,0.015273148373579848,1.0000000000000082,pv_2param,7.70692692798534e-17
True,20.0,0.9644384612017096,0.023462131854654025,1.1219960813371013,pv_2param,4.539150416885994e-17
True,20.0,0.558649490375383,0.050019766381351576,1.000000000000017,pv_2param,0.0
True,20.0,0.8115792125770347,0.07156341408736447,1.0466870122237673,pv_2param,1.4992611793443372e-16
True,20.0,0.44596269352843965,0.060877975130692846,1.0013594191204251,pv_2param,0.0
True,20.0,0.9657624484995431,0.04385635466597315,1.0000000000000033,pv_2param,8.391743051770274e-17
True,20.0,1.4180095225261042,0.06487953021577007,1.0000000000000073,pv_2param,1.30236771071672e-16
True,20.0,0.4883683309425586,0.1265234817774484,1.0462573392841965,pv_2param,9.833692422553161e-17
True,20.0,0.6272434223001958,0.11459125828821566,1.0540360349001643,pv_2param,4.791616917491948e-17
True,20.0,1.4762610041979847,0.07774167888917541,1.000000000000011,pv_2param,6.536229360894656e-17
True,20.0,1.483262536473927,0.18081676142894643,1.0000000000000027,pv_2param,0.0
True,20.0,0.86688198151907,0.14553329504554144,1.0849650424988997,pv_2param,1.0757295800724092e-16
True,20.0,0.585763387302167,0.13737728600491841,1.0158445641708702,pv_2param,2.238050179184228e-16
True,20.0,1.2822932100705877,0.0566997128049469,1.0000000000000013,pv_2param,1.2436466162793388e-16
True,20.0,0.768731420984854,0.0624247756690082,1.0177648069325456,pv_2param,5.2085640501439535e-17
True,20.0,1.3409086506108066,0.12968940605952203,1.0000000000000167,pv_2param,9.881775759240429e-17
True,20.0,0.31613608661938347,0.06066202986708849,1.037715764459027,pv_2param,5.988734472122608e-17
True,20.0,0.8908884495615352,0.16916469766156267,1.028950122175605,pv_2param,1.9991809638155524e-17
True,20.0,1.366992685914715,0.18003912380609693,1.000000000000006,pv_2param,1.0325345606846767e-16
True,20.0,0.6429917560835324,0.07749969382889488,1.0080191330254902,pv_2param,8.716207705004365e-17
True,20.0,1.4487520958626783,0.08941265789906293,1.0000000000000218,pv_2param,6.788840502207274e-17
True,20.0,0.4908324143938496,0.007936964518784118,1.0000000000000113,pv_2param,5.097607437257382e-17
True,20.0,1.3313123815682084,0.05777144895618711,1.0058011708935408,pv_2param,9.200048562070011e-17
True,20.0,1.1256736031935468,0.13488953846186766,1.000000000000002,pv_2param,2.0110604244721234e-16
True,20.0,1.2698123165683004,0.0023663003348540546,1.0000000000000033,pv_2param,1.1530821998226164e-16
True,20.0,0.4139552282856949,0.0804065660506448,1.054566476006177,pv_2param,1.1392486089412584e-16
True,20.0,0.8140848054349852,0.006929950431580201,1.047736694171946,pv_2param,4.890724798333033e-17
True,20.0,1.2325750817967052,0.15044338505749943,1.0000000000000024,pv_2param,7.808104374104982e-17
True,20.0,1.0919310987797284,0.15408474662143554,1.0000000000000075,pv_2param,0.0
True,20.0,0.7991857753864087,0.1716050097971096,1.0547491545646581,pv_2param,1.5031929359803085e-16
True,20.0,1.1014965265689312,0.1589307434938062,1.0000000000000033,pv_2param,1.0866664720907791e-16
True,20.0,0.5729563687833588,0.0066395571851223245,1.0000000000000115,pv_2param,0.0
True,20.0,0.4054187671850802,0.026918858185608754,1.0000000000000038,pv_2param,1.3162480905300187e-16
True,20.0,0.7819042104377536,0.07265689515144391,1.0131735363510308,pv_2param,3.229170841139841e-17
True,20.0,0.8842807957139185,0.05859278950369384,1.0000000000000024,pv_2param,8.357011910475938e-17
True,20.0,1.036463882031859,0.08714350321319551,1.0000000000000018,pv_2param,9.417791565447484e-17
True,20.0,0.74392583273747,0.09367286076165704,1.070314582946807,pv_2param,1.5879021901981584e-16
True,20.0,0.8597030827465213,0.10844594814930614,1.0000000000000058,pv_2param,6.221247856569916e-17
True,20.0,0.9737225078885277,0.1824493868628489,1.0000000000000058,pv_2param,0.0
True,20.0,0.8452962030665159,0.04364861406744552,1.0000000000000107,pv_2param,4.452243868501243e-17
True,20.0,1.246332747717369,0.13469667115044803,1.0000000000000042,pv_2param,0.0
True,20.0,0.5357668221780971,0.0526805670355949,1.0000000000000049,pv_2param,0.0
True,20.0,0.40841816088545,0.18219129207060686,1.0000000000000009,pv_2param,1.1428515371301733e-16
True,20.0,0.9781155365975553,0.10671997217818543,1.0000000000000093,pv_2param,0.0
True,20.0,0.6835684786879035,0.011041775542533473,1.000000000000006,pv_2param,0.0
True,20.0,1.1787721475634876,0.17693667376666986,1.000000000000002,pv_2param,9.898342679274139e-17
True,20.0,1.1051289566454001,0.052521394753943886,1.0000000000000024,pv_2param,0.0
True,20.0,1.2456562519711931,0.14810340299168193,1.0000000000000109,pv_2param,8.065037284513367e-17
True,20.0,1.265161204678811,0.11628711152293021,1.000000000000001,pv_2param,5.0671029491796335e-17
True,20.0,1.1150330714851027,0.028549902876374534,1.0000000000000133,pv_2param,1.3626893998916464e-16
True,20.0,1.143029684259584,0.1558572505381367,1.024765800294675,pv_2param,8.123393247930983e-17
True,20.0,0.36116121212212393,0.03984737235233471,1.023784526200253,pv_2param,0.0
True,20.0,0.8207176558079767,0.1187258759370298,1.024900225555931,pv_2param,6.980163447036524e-17
True,20.0,1.2313349836756733,0.07459374085781245,1.0000000000000067,pv_2param,5.297156367394304e-17
True,20.0,1.164551027001413,0.07050117111019523,1.000000000000024,pv_2param,1.2932916468758162e-16
True,20.0,0.6011869062763651,0.15078410895962846,1.0499612430142289,pv_2param,2.5984411221758274e-17
True,20.0,0.6676921407436232,0.14726309847817864,1.0651553348000766,pv_2param,5.545824728405605e-17
True,20.0,0.31183569359253527,0.11834493599401262,1.0000000000000022,pv_2param,9.810975917352096e-17
True,20.0,1.2493721218371612,0.13376758201464597,1.0000000000000084,pv_2param,7.587248814440718e-17
True,20.0,0.8345181994828517,0.0009869332563304134,1.0000000000000162,pv_2param,7.077051199060741e-17
True,20.0,0.534168331927751,0.029171360340130372,1.014266066396398,pv_2param,4.992438267144854e-17
True,20.0,1.1974542980644198,0.09484210327980445,1.0000000000000102,pv_2param,8.084298643293738e-17
True,20.0,0.4169066630234566,0.129448166348195,1.0000000000000007,pv_2param,2.973781625551214e-17
True,20.0,0.35165966163399043,0.18142648631371022,1.0641785817984557,pv_2param,5.2075315906106694e-17
True,20.0,0.34333733241658665,0.0677224211505614,1.0000000000000022,pv_2param,7.645216308397558e-17
True,20.0,0.6880902372982872,0.18680628680721884,1.0000000000000004,pv_2param,4.8928388882052026e-17
True,20.0,1.181943336343651,0.0470259579280697,1.0065212833128452,pv_2param,8.071686234151159e-17
True,20.0,1.0294095567060975,0.1991378537165543,1.0000000000000024,pv_2param,0.0
True,20.0,0.9671658672395027,0.06993425293609656,1.12514343795223,pv_2param,1.306821042881998e-16
True,20.0,1.0405141977537622,0.051341431997236314,1.0000000000000207,pv_2param,7.657865166737874e-17
True,20.0,1.330065747625292,0.17332411662327696,1.000000000000012,pv_2param,0.0
True,20.0,1.4237114225715781,0.10176119386942405,1.0000000000000149,pv_2param,6.090542342225824e-17
True,20.0,0.48909928272960407,0.0033407675100173063,1.0000000000000016,pv_2param,9.599963721584434e-17
True,20.0,1.3382864786339264,0.1955078023355875,1.0000000000000118,pv_2param,0.0
True,20.0,1.0022549211195084,0.1704148781363628,1.0000000000000084,pv_2param,0.0
True,20.0,0.9495821149026342,0.022781931104475198,1.0000000000000113,pv_2param,1.4034602148348254e-16
True,20.0,1.0624379157435149,0.0018867933792350079,1.000000000000018,pv_2param,8.868643085641474e-17
True,20.0,1.2637613565937609,0.008509041448929921,1.0000000000000422,pv_2param,0.0
True,20.0,0.5776942978444064,0.014310112825025945,1.0000000000000036,pv_2param,1.436365174023399e-16
True,20.0,0.4947457669445089,0.0859877254252494,1.0000000000000027,pv_2param,0.0
True,20.0,0.8790769819136386,0.05293365217417263,1.0000000000000038,pv_2param,8.094540274108286e-17
True,20.0,0.7016358277860104,0.176554218456333,1.000000000000003,pv_2param,8.202044992968453e-17
True,20.0,0.44219828622596324,0.13197962129997837,1.0613674988189983,pv_2param,1.1846290152028298e-16
True,20.0,0.5827931001779729,0.12267204802394666,1.0000000000000009,pv_2param,8.518825651010825e-17
True,20.0,1.313330362169862,0.040240560902878954,1.0000000000000033,pv_2param,1.7504488494465918e-16
True,20.0,0.4529529237545766,0.10973922117759288,1.0000000000000009,pv_2param,0.0
True,20.0,0.4475097341582287,0.059434307953568216,1.000000000000003,pv_2param,0.0
True,20.0,0.37361731221431144,0.1677127172398579,1.000000000000001,pv_2param,3.7145109041829813e-17
True,20.0,0.8784127635050378,0.08842621541384887,1.00000000000001,pv_2param,0.0
True,20.0,1.1994263621451464,0.10650621255404442,1.0000000000000144,pv_2param,7.728460538482992e-17
True,20.0,1.2804289445349382,0.040353556609875565,1.0714544897760572,pv_2param,7.260669348411898e-17
True,20.0,0.6655080356230436,0.05671389126437176,1.0000000000000062,pv_2param,5.247512742983156e-17
True,20.0,1.223030568699484,0.18333113982240853,1.0000000000000089,pv_2param,0.0
True,20.0,1.2839856876357552,0.07220359480667653,1.0000000000000062,pv_2param,1.0392419268683892e-16
True,20.0,0.6866047739985357,0.1830489862344739,1.0000000000000009,pv_2param,5.5440430131628163e-17
True,20.0,0.3988843909913984,0.08287133970449206,1.0000000000000027,pv_2param,6.118035278419207e-17
True,20.0,0.7453883659682397,0.03934150757108217,1.0000000000000122,pv_2param,5.974457024137021e-17
True,20.0,1.1142055594215403,0.11512286022858023,1.0000000000000042,pv_2param,5.603442797714175e-17
True,20.0,0.8928381822186204,0.048442818377379605,1.0000000000000067,pv_2param,0.0
True,20.0,1.3806338630707125,0.13211932029689602,1.0000000000000004,pv_2param,1.6624687175836747e-16
True,20.0,1.3545293012043411,0.10801651937628648,1.0013156797525262,pv_2param,8.930912626530886e-17
True,20.0,0.40310230081112625,0.00023294691951105675,1.0000000000000033,pv_2param,6.685344634681241e-17
True,20.0,0.7838615127530233,0.015078545181172354,1.0000000000000056,pv_2param,8.820516071123048e-17
True,20.0,1.1579739396083508,0.07342939361027648,1.0000000000000184,pv_2param,2.9386687725951383e-17
True,20.0,0.7196328265810532,0.030556879837198504,1.0000000000000047,pv_2param,4.333644121814186e-17
True,20.0,0.4861035026245314,0.08432654869105544,1.000000000000001,pv_2param,0.0
True,20.0,0.9538978426351978,0.006203532140977153,1.0000000000000113,pv_2param,5.1455199110989995e-17
True,20.0,0.9844178125030145,0.10041888914534768,1.0000000000000093,pv_2param,0.0
True,20.0,0.9452469445261391,0.04052597878225353,1.1091169498654223,pv_2param,5.3665678519421554e-17
True,20.0,1.2822923526300747,0.1253597024359666,1.0162648679942576,pv_2param,1.8620170890919498e-16
True,20.0,1.4159568011223438,0.1979038470855655,1.0000000000000084,pv_2param,3.448262388615619e-17
True,20.0,1.153596176727482,0.1656645071860623,1.0000000000000038,pv_2param,1.0519378452321612e-16
True,20.0,0.5458601888335286,0.09017903829828622,1.004294862926693,pv_2param,8.137051234654732e-17
True,20.0,1.1311658537680758,0.10699228746854123,1.000000000000005,pv_2param,2.401587646110774e-17
True,20.0,0.9467613472160596,0.02416889798364559,1.0000000000000124,pv_2param,0.0
True,20.0,1.3350720611871156,0.002423687873057157,1.0000000000000198,pv_2param,8.011262264130237e-17
True,20.0,0.41811094748091326,0.09795728283553562,1.0680692349495156,pv_2param,0.0
True,20.0,0.3521257408321867,0.007796529538921071,1.0000000000000036,pv_2param,0.0
True,20.0,0.8449064913924831,0.09828098475841236,1.0001566556578876,pv_2param,1.8223848046313332e-16
True,20.0,0.4978274861187134,0.18084248253352353,1.037992978671987,pv_2param,1.227591804711935e-16
True,20.0,0.7059724036453262,0.03346132939644393,1.0000000000000049,pv_2param,9.308153749480833e-17
True,20.0,0.8661533235866754,0.17658426906901079,1.0174832637128144,pv_2param,8.682919431685753e-17
True,20.0,0.49137232471112335,0.15100722877695213,1.0380728403834265,pv_2param,5.120877847228244e-17
True,20.0,0.7089833225966133,0.0808609509631607,1.0000000000000038,pv_2param,5.928394259041578e-17
True,20.0,0.5747636778105862,0.04736868097857199,1.0510725252369442,pv_2param,6.760950864775081e-17
True,20.0,0.8536114266517307,0.17581155495713696,1.0000000000000038,pv_2param,8.096361248214253e-17
True,20.0,0.6302757072696576,0.05601531360555689,1.000000000000001,pv_2param,6.05803445869591e-17
True,20.0,1.0427296636723762,0.1384277704690435,1.0000000000000024,pv_2param,0.0
True,20.0,1.3882992135237273,0.14687146628743786,1.0000000000000044,pv_2param,0.0
True,20.0,1.1687362577669087,0.18472816922343904,1.2073719552322304,pv_2param,0.0
True,20.0,0.7070950521718511,0.03059842736562748,1.0000000000000067,pv_2param,6.582057024325317e-17
True,20.0,0.984441370991171,0.14151750541747377,1.0000000000000084,pv_2param,0.0
True,20.0,0.5652392061001219,0.13557129146213615,1.000000000000001,pv_2param,0.0
True,20.0,0.47070551824694074,0.0021273329486150238,1.0000000000000036,pv_2param,8.896117086948325e-17
True,20.0,1.4280476628014318,0.02795616851710179,1.0000000000000095,pv_2param,0.0
True,20.0,0.7929061848765893,0.05451053034260592,1.0000000000000013,pv_2param,9.27557913007675e-17
True,20.0,1.4464016662646433,0.029139809372180015,1.0000000000000275,pv_2param,4.7060026085774754e-17
True,20.0,1.057296749528535,0.14849048151436375,1.0170666745506118,pv_2param,3.2368719569782927e-17
True,20.0,0.8686540651266423,0.054156635217199316,1.0000000000000018,pv_2param,9.675114424485815e-17
True,20.0,0.5711855681989749,0.07214076606299782,1.0000000000000167,pv_2param,6.418909437627872e-17
True,20.0,0.7714533609663733,0.16248461052865648,1.031067157382411,pv_2param,8.931556232057848e-17
True,20.0,0.9123781608820387,0.12251864550780892,1.0000000000000016,pv_2param,5.645732893326576e-17
True,20.0,0.8304103527746931,0.004286942836549091,1.0000000000000102,pv_2param,5.936217783682514e-17
True,20.0,0.9358526714231086,0.036380774466390764,1.0879466196227214,pv_2param,5.603325820176247e-17
True,20.0,1.142218062799824,0.0783561760551052,1.000000000000005,pv_2param,1.124795466359477e-16
True,20.0,0.7114956789355618,0.045141645175514805,1.0000000000000036,pv_2param,0.0
True,20.0,1.2257821722182918,0.11923063560661498,1.0000000000000155,pv_2param,8.121590733913168e-17
True,20.0,0.7295782879327051,0.11059164160611563,1.1986252695043789,pv_2param,1.1395340502731558e-16
True,20.0,1.0340213313279738,0.08690416953779952,1.0304442385258639,pv_2param,8.415161381365607e-17
True,20.0,0.9544131514032743,0.008272616604817507,1.000000000000012,pv_2param,3.106358256954184e-17
True,20.0,1.0824145776261536,0.06965062805918383,1.0000000000000142,pv_2param,4.0095050280426806e-17
True,20.0,0.7242291370184697,0.14478232936698993,1.0000000000000058,pv_2param,5.271713569731485e-18
True,20.0,1.2240556772798468,0.025557755292163,1.0000000000000244,pv_2param,0.0
True,20.0,0.9479031070177883,0.08450695972095479,1.0000000000000016,pv_2param,4.557608890200868e-17
True,20.0,0.6000341724540219,0.1461142698451856,1.0565253777926673,pv_2param,0.0
True,20.0,0.6411373259898238,0.19283703409795325,1.060343823659846,pv_2param,1.0636095400395218e-16
True,20.0,0.7787872690949689,0.0979402343836541,1.0308753732529337,pv_2param,0.0
True,20.0,1.4217586571993825,0.19213677890418077,1.0252824401205476,pv_2param,0.0
True,20.0,0.915205098767794,0.06142208327871264,1.0747633897856463,pv_2param,1.2209472034776624e-16
True,20.0,0.9338242551631653,0.07018649394342623,1.0000000000000142,pv_2param,7.469010084110639e-17
True,20.0,0.4601709512574323,0.05114384502947758,1.0000000000000018,pv_2param,8.404254711803313e-17
True,20.0,0.6840477396779618,0.04392801355582254,1.0000000000000078,pv_2param,4.8139643954316115e-17
True,20.0,0.33621594931319027,0.08650006191533884,1.0000000000000027,pv_2param,3.4816716138394773e-17
True,20.0,1.3203812835474111,0.16050079315330495,1.0000000000000007,pv_2param,8.514773320751768e-17
True,20.0,0.7493554544646491,0.10531457579456494,1.0137708953419304,pv_2param,7.131023240284986e-17
True,20.0,0.7510803730317852,0.12031095264456289,1.0101141769726012,pv_2param,6.613812051230416e-17
True,20.0,0.3478496466419689,0.16319857341495503,1.079713147829591,pv_2param,6.21187117385639e-17
True,20.0,1.298042493985956,0.17627887834251826,1.0000000000000053,pv_2param,4.301931889674113e-17
True,20.0,1.1915246759801426,0.13154387983167423,1.019241656756974,pv_2param,1.188872747474031e-16
True,20.0,0.3126737785704766,0.009585774857198692,1.0000000000000056,pv_2param,1.5750909354638944e-16
True,20.0,1.28776551293022,0.09371612945550285,1.0000000000000107,pv_2param,6.715327744963826e-17
True,20.0,0.9347956260905648,0.13664242916720531,1.1344652004515197,pv_2param,3.0707882173770785e-17
True,20.0,0.6604455853700038,0.0467801692635073,1.0000000000000016,pv_2param,6.538791041208461e-17
True,20.0,0.832138477381011,0.19496044027659487,1.0000000000000102,pv_2param,7.572606468705739e-17
True,20.0,0.4372110496355245,0.10494713694328679,1.0468276801008636,pv_2param,5.653281468518531e-17
True,20.0,1.2372843437036027,0.19684726127316732,1.0000000000000018,pv_2param,0.0
True,20.0,0.9495224911982745,0.03173550547034172,1.000169206418892,pv_2param,4.112649347084958e-17
True,20.0,1.3975580097617102,0.1445769078878719,1.008840001376548,pv_2param,2.1760586193638088e-16
True,20.0,1.0669971026131586,0.1168234770939962,1.000000000000001,pv_2param,1.0138149673388323e-16
True,20.0,1.3268603189978387,0.14307918658170743,1.0000000000000033,pv_2param,1.259976596454019e-16
True,20.0,0.6302602363363352,0.1268821584921786,1.0000000000000016,pv_2param,5.306766636753143e-17
True,20.0,0.3694098919917281,0.10762380295152318,1.0078671056741557,pv_2param,7.683913082115339e-17
True,20.0,0.4599121791386811,0.17174990136575224,1.0000000000000029,pv_2param,0.0
True,20.0,1.3041950878953503,0.09469098615808394,1.000000000000014,pv_2param,6.839119397663253e-17
True,20.0,1.2890094720428924,0.14266183634243734,1.0000000000000147,pv_2param,4.9364241058466276e-17
True,20.0,1.079327893249545,0.07639721639678423,1.000000000000023,pv_2param,7.12721770902193e-17
True,20.0,1.41946316539444,0.09204155594395294,1.0000000000000067,pv_2param,7.089747478596309e-17
True,20.0,1.047152395475428,0.0904305185336414,1.0000000000000062,pv_2param,0.0
True,20.0,0.605880143277284,0.15257681887015273,1.0000000000000044,pv_2param,7.942078344333651e-17
True,20.0,0.4024775583097259,0.16041288584344243,1.0275536133651797,pv_2param,0.0
True,20.0,1.443220589768897,0.004157124066629381,1.0000000000000169,pv_2param,6.699204894055951e-17
True,20.0,1.1967342639591625,0.12094924088659581,1.000000000000007,pv_2param,0.0
True,20.0,1.223033176285578,0.13461475404330708,1.000000000000004,pv_2param,8.082139192321424e-17
True,20.0,1.0174814608072456,0.13388845460535276,1.0000000000000027,pv_2param,7.039120573532073e-17
True,20.0,0.5624969636015977,0.14199341533495854,1.0144704723086961,pv_2param,2.6488318293388598e-17
True,20.0,1.2320872040498254,0.037529463788546935,1.0000000000000169,pv_2param,5.615769041223431e-17
True,20.0,1.4073783191300384,0.02331685869792779,1.0199666283432296,pv_2param,7.794701751132387e-17
True,20.0,1.3621836870764585,0.09896348863365836,1.0195834019562635,pv_2param,6.296529026838128e-17
True,20.0,1.0157305125232476,0.05883976401152729,1.0333349869978758,pv_2param,4.430645405896078e-17
True,20.0,0.5132240229364001,0.025033803255504795,1.0000000000000036,pv_2param,0.0
True,20.0,1.0653210248043068,0.07230134371127382,1.0000000000000062,pv_2param,0.0
True,20.0,1.1167227779831643,0.04162709376986538,1.0000000000000164,pv_2param,6.07782454932821e-17
True,20.0,1.3263236248122083,0.17947179447395623,1.000000000000003,pv_2param,0.0
True,20.0,0.417080180831376,0.09184037138679435,1.0802809749676725,pv_2param,0.0
True,20.0,0.552080831114042,0.008728015237543163,1.000000000000009,pv_2param,5.558518601242982e-17
True,20.0,0.9557585874717487,0.1942355619963687,1.0241438022915768,pv_2param,1.7089518822631556e-17
True,20.0,0.5658748220596286,0.08801803144345513,1.0000000000000038,pv_2param,1.071994779442588e-16
True,20.0,0.8338921357359836,0.16679117338485935,1.0000000000000018,pv_2param,0.0
True,20.0,1.2689691547723316,0.024079341824809333,1.0000000000000349,pv_2param,0.0
True,20.0,1.2471120577321242,0.07074249042154811,1.0000000000000075,pv_2param,0.0
True,20.0,0.3977904865420932,0.11194792062162257,1.000000000000002,pv_2param,0.0
True,20.0,0.8653325016273568,0.04896985033086501,1.0000000000000022,pv_2param,9.443975727006039e-17
True,20.0,0.923329221860758,0.17605685251557862,1.0562792031435386,pv_2param,6.844849109430943e-17
True,20.0,1.3317758178493915,0.037976155363927955,1.0000000000000044,pv_2param,4.719463447688476e-17
True,20.0,0.3210033709777963,0.06812906341233178,1.0000000000000024,pv_2param,1.26736363424278e-16
True,20.0,0.9380429893526476,0.14037666736730556,1.0,pv_2param,7.32305363899968e-17
True,20.0,0.42163613967129016,0.13014447178320493,1.0463592523951868,pv_2param,1.2558306286732736e-16
True,20.0,1.1423663012098642,0.19070929945794118,1.0891833008971965,pv_2param,8.054027064800037e-17
True,20.0,0.6646754465191556,0.14377390850991784,1.0000000000000009,pv_2param,5.3196469621626597e-17
True,20.0,1.3720861312300174,0.04097142082525525,1.0000000000000098,pv_2param,4.927554127545749e-17
True,20.0,0.7119447260610584,0.09359224759400397,1.0000000000000124,pv_2param,6.179840021104797e-17
True,20.0,0.7953827898160251,0.033464838959800396,1.0000000000000073,pv_2param,0.0
True,20.0,1.109193916571346,0.09407593551295862,1.0000000000000127,pv_2param,0.0
True,20.0,0.7147697913088187,0.009082524624304011,1.0000000000000193,pv_2param,1.4697083898364595e-16
True,20.0,1.072810804955209,0.042390663846087945,1.0000000000000056,pv_2param,7.335048876358021e-17
True,20.0,1.4091186458385856,0.013403704096638203,1.0000000000000377,pv_2param,6.908582581415482e-17
True,20.0,1.1224940663846086,0.16591587772279245,1.000000000000014,pv_2param,1.2875944572176601e-16
True,20.0,1.3739165051033835,0.04573754591076336,1.000000000000006,pv_2param,1.4916329021151108e-16
True,20.0,1.4991381301201185,0.0943014954519911,1.0000000000000047,pv_2param,1.368867756821275e-16
True,20.0,1.3741516353489627,0.16542445843470002,1.0000000000000013,pv_2param,8.275523148232889e-17
True,20.0,0.6928573307722885,0.10218668952905392,1.0000000000000049,pv_2param,8.278363632670389e-17
True,20.0,0.6012004035437559,0.039694688758268454,1.0000000000000049,pv_2param,5.83838021441514e-17
True,20.0,0.33940328069337034,0.19014612636350664,1.0421951353535288,pv_2param,8.117847264072337e-17
True,20.0,1.248826051839909,0.04274738446613873,1.0000000000000242,pv_2param,4.9861995363717506e-17
True,20.0,1.0392631389639224,0.09186230487826624,1.0000000000000056,pv_2param,7.553076029970955e-17
True,20.0,0.8999281194830298,0.05097130898565581,1.0000000000000056,pv_2param,0.0
True,20.0,1.0635494160706747,0.08656091364784135,1.000000000000005,pv_2param,0.0
True,20.0,0.3362039467306439,0.06148705128864462,1.0000000000000047,pv_2param,4.1578507030725457e-17
True,20.0,0.8440984542387684,0.07306762129194187,1.0000000000000058,pv_2param,4.706196523585427e-17
True,20.0,0.6553322396769274,0.1758234152016101,1.0000000000000036,pv_2param,1.212552992957076e-16
True,20.0,0.3894352520097146,0.14228812862195123,1.0000000000000016,pv_2param,4.035019941258385e-17
True,20.0,0.9205089477067112,0.014582747899755867,1.000000000000017,pv_2param,0.0
True,20.0,1.2370523720638706,0.14825894645301002,1.0149481444224877,pv_2param,4.6897305272710337e-17
True,20.0,1.4832831373922801,0.17230891357031317,1.0000000000000064,pv_2param,1.929158842673278e-16
True,20.0,1.1234890504780124,0.05760938748495575,1.0000000000000062,pv_2param,8.322587859849977e-17
True,20.0,1.3587170098619679,0.017239702135409863,1.0000000000000042,pv_2param,1.7727480217182244e-16
True,20.0,1.1049644486189671,0.16302201047946174,1.0495699912812335,pv_2param,5.3547839667821757e-17
True,20.0,0.32616433713575776,0.010763670111910395,1.046640975262073,pv_2param,9.385480325413236e-17
True,20.0,0.9059095677462952,0.00426577280817626,1.0000000000000047,pv_2param,0.0
True,20.0,0.8484480315986822,0.11984609245479479,1.066837734615951,pv_2param,1.0644957843536031e-16
True,20.0,1.4605892559129534,0.010158538665323125,1.0000000000000115,pv_2param,0.0
